#K-Path          Energy     s    py    pz    px    dxy    dyz    dz2    dxz    dx2-y2    tot
# NKPTS & NBANDS:  80  24
# Band-Index:    1
   0.00000    -18.959046  0.786  0.000  0.000  0.000  0.002  0.051  0.004  0.001  0.013  0.860
   0.03737    -18.959772  0.786  0.000  0.000  0.000  0.002  0.051  0.004  0.001  0.013  0.859
   0.07473    -18.961957  0.786  0.000  0.000  0.000  0.002  0.050  0.004  0.001  0.013  0.858
   0.11210    -18.965640  0.786  0.001  0.000  0.000  0.002  0.049  0.004  0.001  0.012  0.858
   0.14947    -18.970875  0.786  0.001  0.001  0.000  0.002  0.048  0.004  0.001  0.012  0.857
   0.18683    -18.977843  0.786  0.002  0.001  0.000  0.002  0.047  0.004  0.001  0.013  0.857
   0.22420    -18.986761  0.786  0.003  0.001  0.000  0.002  0.045  0.004  0.001  0.013  0.856
   0.26157    -18.997778  0.785  0.004  0.002  0.000  0.002  0.043  0.004  0.001  0.013  0.854
   0.29893    -19.011274  0.786  0.005  0.002  0.000  0.002  0.040  0.004  0.001  0.013  0.853
   0.33630    -19.027422  0.785  0.006  0.002  0.000  0.002  0.037  0.004  0.001  0.013  0.851
   0.37366    -19.046592  0.784  0.008  0.002  0.000  0.002  0.034  0.004  0.001  0.012  0.850
   0.41103    -19.068883  0.785  0.010  0.004  0.000  0.001  0.031  0.003  0.001  0.012  0.848
   0.44840    -19.094554  0.785  0.011  0.004  0.000  0.001  0.027  0.003  0.001  0.013  0.846
   0.48576    -19.123528  0.785  0.012  0.004  0.000  0.001  0.024  0.003  0.001  0.012  0.844
   0.52313    -19.155717  0.784  0.013  0.004  0.000  0.001  0.021  0.003  0.001  0.012  0.841
   0.56050    -19.190799  0.784  0.014  0.005  0.000  0.001  0.018  0.002  0.001  0.012  0.839
   0.59786    -19.228510  0.783  0.014  0.005  0.000  0.001  0.016  0.002  0.001  0.013  0.838
   0.63523    -19.268454  0.784  0.014  0.005  0.000  0.001  0.014  0.002  0.001  0.012  0.834
   0.67260    -19.310302  0.785  0.014  0.004  0.000  0.001  0.012  0.002  0.001  0.012  0.832
   0.70996    -19.353531  0.784  0.014  0.004  0.000  0.001  0.010  0.002  0.001  0.013  0.830
   0.74733    -19.397791  0.785  0.013  0.004  0.000  0.001  0.009  0.002  0.001  0.012  0.828
   0.78470    -19.442577  0.784  0.013  0.004  0.000  0.001  0.008  0.002  0.001  0.012  0.825
   0.82206    -19.487519  0.785  0.012  0.004  0.000  0.001  0.007  0.002  0.001  0.013  0.825
   0.85943    -19.532243  0.785  0.011  0.004  0.000  0.001  0.006  0.002  0.001  0.013  0.822
   0.89679    -19.576305  0.786  0.010  0.004  0.000  0.001  0.005  0.002  0.001  0.012  0.820
   0.93416    -19.619493  0.785  0.009  0.003  0.000  0.001  0.004  0.002  0.001  0.012  0.818
   0.97153    -19.661202  0.786  0.008  0.002  0.000  0.000  0.004  0.002  0.001  0.013  0.817
   1.00889    -19.701178  0.786  0.007  0.002  0.000  0.000  0.003  0.002  0.001  0.013  0.816
   1.04626    -19.739204  0.786  0.006  0.002  0.000  0.000  0.002  0.002  0.001  0.013  0.814
   1.08363    -19.774917  0.787  0.005  0.002  0.000  0.001  0.002  0.002  0.000  0.012  0.812
   1.12099    -19.808066  0.788  0.004  0.002  0.000  0.001  0.002  0.002  0.000  0.012  0.811
   1.15836    -19.838367  0.787  0.003  0.002  0.000  0.001  0.001  0.002  0.000  0.013  0.810
   1.19573    -19.865582  0.788  0.002  0.001  0.000  0.001  0.001  0.002  0.000  0.013  0.808
   1.23309    -19.889642  0.787  0.002  0.000  0.000  0.001  0.001  0.002  0.000  0.013  0.809
   1.27046    -19.910281  0.789  0.001  0.000  0.000  0.001  0.001  0.002  0.001  0.013  0.808
   1.30783    -19.927372  0.788  0.001  0.000  0.000  0.001  0.001  0.002  0.001  0.013  0.807
   1.34519    -19.940795  0.789  0.000  0.000  0.000  0.001  0.001  0.002  0.001  0.013  0.807
   1.38256    -19.950433  0.789  0.000  0.000  0.000  0.001  0.001  0.002  0.001  0.013  0.806
   1.41993    -19.956247  0.788  0.000  0.000  0.000  0.001  0.001  0.002  0.001  0.013  0.805
   1.45729    -19.958213  0.788  0.000  0.000  0.000  0.001  0.001  0.002  0.001  0.013  0.805
   1.45729    -19.958213  0.788  0.000  0.000  0.000  0.001  0.001  0.002  0.001  0.013  0.805
   1.49469    -19.956347  0.788  0.000  0.000  0.000  0.001  0.001  0.002  0.001  0.013  0.805
   1.53208    -19.950703  0.789  0.000  0.000  0.000  0.001  0.001  0.002  0.001  0.013  0.806
   1.56948    -19.941376  0.789  0.000  0.000  0.000  0.001  0.001  0.002  0.001  0.013  0.807
   1.60688    -19.928397  0.789  0.000  0.000  0.001  0.001  0.001  0.002  0.001  0.013  0.807
   1.64427    -19.911874  0.789  0.000  0.000  0.001  0.001  0.001  0.002  0.002  0.013  0.808
   1.68167    -19.891936  0.788  0.000  0.000  0.002  0.001  0.001  0.002  0.002  0.013  0.809
   1.71906    -19.868634  0.787  0.000  0.001  0.002  0.001  0.001  0.002  0.002  0.013  0.809
   1.75646    -19.842299  0.787  0.000  0.002  0.003  0.001  0.001  0.002  0.002  0.013  0.811
   1.79386    -19.812916  0.788  0.000  0.002  0.004  0.001  0.001  0.002  0.002  0.013  0.811
   1.83125    -19.780814  0.787  0.000  0.002  0.005  0.001  0.001  0.002  0.002  0.013  0.812
   1.86865    -19.746164  0.786  0.000  0.002  0.005  0.001  0.001  0.002  0.002  0.014  0.814
   1.90604    -19.709242  0.785  0.000  0.002  0.006  0.001  0.001  0.002  0.003  0.013  0.815
   1.94344    -19.670292  0.784  0.000  0.002  0.007  0.001  0.001  0.002  0.003  0.013  0.818
   1.98084    -19.629653  0.785  0.000  0.003  0.008  0.001  0.001  0.002  0.003  0.013  0.818
   2.01823    -19.587482  0.784  0.000  0.004  0.009  0.002  0.001  0.002  0.004  0.014  0.821
   2.05563    -19.544227  0.785  0.000  0.004  0.010  0.002  0.001  0.002  0.004  0.014  0.822
   2.09302    -19.500229  0.784  0.000  0.004  0.011  0.002  0.001  0.002  0.005  0.013  0.825
   2.13042    -19.455763  0.784  0.000  0.004  0.012  0.002  0.001  0.002  0.005  0.014  0.826
   2.16782    -19.411166  0.784  0.000  0.004  0.013  0.002  0.001  0.002  0.007  0.014  0.829
   2.20521    -19.366725  0.784  0.000  0.004  0.013  0.002  0.001  0.002  0.008  0.014  0.830
   2.24261    -19.322889  0.783  0.000  0.005  0.014  0.002  0.001  0.002  0.009  0.015  0.832
   2.28000    -19.279931  0.784  0.000  0.005  0.014  0.002  0.001  0.002  0.010  0.014  0.834
   2.31740    -19.238263  0.784  0.000  0.005  0.014  0.002  0.001  0.002  0.011  0.015  0.835
   2.35480    -19.198150  0.783  0.000  0.004  0.014  0.003  0.001  0.002  0.012  0.015  0.838
   2.39219    -19.159886  0.785  0.000  0.004  0.014  0.003  0.001  0.002  0.014  0.015  0.839
   2.42959    -19.123790  0.784  0.000  0.004  0.013  0.003  0.001  0.003  0.016  0.015  0.842
   2.46698    -19.090120  0.786  0.000  0.004  0.013  0.003  0.002  0.003  0.017  0.015  0.843
   2.50438    -19.059142  0.786  0.000  0.004  0.012  0.003  0.002  0.003  0.019  0.016  0.846
   2.54178    -19.031001  0.787  0.000  0.003  0.010  0.003  0.002  0.003  0.021  0.016  0.847
   2.57917    -19.005709  0.788  0.000  0.003  0.009  0.003  0.002  0.003  0.023  0.017  0.850
   2.61657    -18.983449  0.788  0.000  0.002  0.007  0.004  0.002  0.003  0.025  0.017  0.850
   2.65396    -18.964105  0.789  0.000  0.002  0.006  0.005  0.002  0.003  0.027  0.017  0.853
   2.69136    -18.947774  0.789  0.000  0.002  0.005  0.005  0.002  0.003  0.029  0.018  0.853
   2.72876    -18.934186  0.790  0.000  0.001  0.003  0.005  0.002  0.003  0.031  0.017  0.854
   2.76615    -18.923339  0.790  0.000  0.000  0.002  0.005  0.002  0.003  0.032  0.017  0.856
   2.80355    -18.915014  0.792  0.000  0.000  0.001  0.005  0.002  0.003  0.033  0.017  0.856
   2.84094    -18.909206  0.792  0.000  0.000  0.001  0.005  0.002  0.003  0.034  0.017  0.856
   2.87834    -18.905744  0.792  0.000  0.000  0.000  0.005  0.002  0.003  0.035  0.017  0.856
   2.91574    -18.904561  0.792  0.000  0.000  0.000  0.005  0.002  0.003  0.035  0.017  0.856
 
# Band-Index:    2
   2.91574    -18.647031  0.768  0.000  0.025  0.044  0.000  0.000  0.000  0.000  0.000  0.837
   2.87834    -18.647678  0.768  0.000  0.025  0.044  0.000  0.000  0.000  0.000  0.000  0.837
   2.84094    -18.649515  0.768  0.000  0.025  0.043  0.000  0.000  0.000  0.000  0.000  0.837
   2.80355    -18.652500  0.769  0.000  0.025  0.042  0.000  0.000  0.000  0.001  0.000  0.838
   2.76615    -18.656441  0.769  0.000  0.025  0.041  0.000  0.000  0.000  0.002  0.000  0.839
   2.72876    -18.661139  0.770  0.000  0.026  0.039  0.000  0.000  0.000  0.002  0.000  0.837
   2.69136    -18.666327  0.771  0.000  0.026  0.037  0.000  0.000  0.000  0.003  0.000  0.838
   2.65396    -18.671687  0.770  0.000  0.026  0.035  0.000  0.000  0.000  0.005  0.000  0.838
   2.61657    -18.676975  0.771  0.000  0.027  0.032  0.000  0.000  0.000  0.006  0.000  0.838
   2.57917    -18.681886  0.771  0.000  0.027  0.029  0.000  0.000  0.000  0.007  0.000  0.837
   2.54178    -18.686181  0.772  0.000  0.028  0.026  0.001  0.000  0.000  0.008  0.000  0.838
   2.50438    -18.689670  0.774  0.000  0.029  0.023  0.001  0.000  0.000  0.009  0.001  0.837
   2.46698    -18.692205  0.773  0.000  0.030  0.021  0.001  0.000  0.000  0.010  0.001  0.837
   2.42959    -18.693698  0.774  0.000  0.031  0.019  0.001  0.000  0.000  0.010  0.001  0.837
   2.39219    -18.694063  0.774  0.000  0.032  0.016  0.001  0.000  0.000  0.011  0.001  0.837
   2.35480    -18.693231  0.774  0.000  0.033  0.015  0.001  0.000  0.000  0.011  0.001  0.838
   2.31740    -18.691191  0.774  0.000  0.034  0.013  0.001  0.000  0.000  0.011  0.001  0.837
   2.28000    -18.687861  0.775  0.000  0.036  0.010  0.001  0.000  0.000  0.011  0.001  0.837
   2.24261    -18.683398  0.775  0.000  0.037  0.009  0.001  0.000  0.000  0.011  0.001  0.837
   2.20521    -18.677793  0.775  0.000  0.039  0.008  0.001  0.000  0.000  0.011  0.001  0.837
   2.16782    -18.671096  0.775  0.000  0.041  0.007  0.001  0.000  0.000  0.010  0.000  0.836
   2.13042    -18.663349  0.774  0.000  0.042  0.006  0.001  0.000  0.000  0.010  0.000  0.837
   2.09302    -18.654653  0.775  0.000  0.045  0.005  0.001  0.000  0.000  0.009  0.000  0.836
   2.05563    -18.645165  0.775  0.000  0.046  0.005  0.001  0.000  0.000  0.008  0.000  0.837
   2.01823    -18.635063  0.774  0.000  0.048  0.003  0.001  0.000  0.000  0.008  0.000  0.837
   1.98084    -18.624372  0.775  0.000  0.049  0.003  0.000  0.000  0.000  0.007  0.000  0.836
   1.94344    -18.613258  0.774  0.000  0.052  0.002  0.000  0.000  0.000  0.006  0.000  0.837
   1.90604    -18.602034  0.775  0.000  0.053  0.002  0.000  0.000  0.000  0.006  0.000  0.836
   1.86865    -18.590714  0.774  0.000  0.055  0.002  0.000  0.000  0.000  0.005  0.000  0.838
   1.83125    -18.579527  0.774  0.000  0.056  0.001  0.000  0.000  0.000  0.004  0.000  0.837
   1.79386    -18.568722  0.775  0.000  0.058  0.001  0.000  0.000  0.000  0.003  0.000  0.838
   1.75646    -18.558396  0.774  0.000  0.059  0.001  0.000  0.000  0.000  0.003  0.000  0.837
   1.71906    -18.548714  0.775  0.000  0.060  0.001  0.000  0.000  0.000  0.002  0.000  0.839
   1.68167    -18.540017  0.774  0.000  0.062  0.000  0.000  0.000  0.000  0.002  0.000  0.838
   1.64427    -18.532288  0.774  0.000  0.062  0.000  0.000  0.000  0.000  0.001  0.000  0.840
   1.60688    -18.525753  0.775  0.000  0.063  0.000  0.000  0.000  0.000  0.001  0.000  0.838
   1.56948    -18.520545  0.773  0.000  0.063  0.000  0.000  0.000  0.000  0.000  0.000  0.838
   1.53208    -18.516651  0.774  0.000  0.064  0.000  0.000  0.000  0.000  0.000  0.000  0.839
   1.49469    -18.514377  0.774  0.000  0.065  0.000  0.000  0.000  0.000  0.000  0.000  0.839
   1.45729    -18.513590  0.774  0.000  0.065  0.000  0.000  0.000  0.000  0.000  0.000  0.840
   1.45729    -18.513590  0.774  0.000  0.065  0.000  0.000  0.000  0.000  0.000  0.000  0.840
   1.41993    -18.514599  0.774  0.000  0.065  0.000  0.000  0.000  0.000  0.000  0.000  0.839
   1.38256    -18.517543  0.774  0.000  0.064  0.000  0.000  0.000  0.000  0.000  0.000  0.839
   1.34519    -18.522411  0.773  0.000  0.063  0.000  0.000  0.001  0.000  0.000  0.000  0.839
   1.30783    -18.529048  0.775  0.000  0.063  0.000  0.000  0.001  0.000  0.000  0.000  0.839
   1.27046    -18.537387  0.773  0.000  0.062  0.000  0.000  0.002  0.000  0.000  0.000  0.838
   1.23309    -18.547205  0.774  0.000  0.062  0.000  0.000  0.002  0.000  0.000  0.000  0.838
   1.19573    -18.558380  0.773  0.000  0.060  0.000  0.000  0.003  0.000  0.000  0.000  0.838
   1.15836    -18.570807  0.774  0.000  0.059  0.000  0.000  0.004  0.000  0.000  0.000  0.839
   1.12099    -18.584082  0.773  0.001  0.058  0.000  0.000  0.005  0.000  0.000  0.000  0.838
   1.08363    -18.598004  0.772  0.001  0.056  0.000  0.001  0.006  0.000  0.000  0.000  0.839
   1.04626    -18.612468  0.773  0.002  0.055  0.000  0.001  0.007  0.000  0.000  0.000  0.838
   1.00889    -18.627138  0.772  0.002  0.053  0.000  0.001  0.009  0.000  0.000  0.000  0.838
   0.97153    -18.641844  0.772  0.002  0.051  0.000  0.001  0.010  0.000  0.000  0.000  0.839
   0.93416    -18.656341  0.771  0.002  0.049  0.000  0.001  0.011  0.000  0.000  0.000  0.838
   0.89679    -18.670324  0.772  0.003  0.048  0.000  0.001  0.012  0.000  0.000  0.000  0.838
   0.85943    -18.683687  0.772  0.003  0.045  0.000  0.001  0.013  0.000  0.000  0.000  0.838
   0.82206    -18.696157  0.771  0.004  0.044  0.000  0.001  0.014  0.001  0.000  0.001  0.838
   0.78470    -18.707642  0.772  0.006  0.042  0.000  0.001  0.015  0.001  0.000  0.001  0.838
   0.74733    -18.717838  0.772  0.007  0.040  0.000  0.001  0.015  0.001  0.000  0.001  0.838
   0.70996    -18.726574  0.771  0.008  0.039  0.000  0.001  0.016  0.001  0.000  0.001  0.839
   0.67260    -18.733796  0.770  0.009  0.037  0.000  0.001  0.016  0.001  0.000  0.001  0.837
   0.63523    -18.739224  0.771  0.011  0.035  0.000  0.001  0.016  0.001  0.000  0.001  0.838
   0.59786    -18.742914  0.772  0.013  0.034  0.000  0.001  0.016  0.000  0.000  0.001  0.837
   0.56050    -18.744606  0.770  0.015  0.033  0.000  0.001  0.015  0.000  0.000  0.001  0.838
   0.52313    -18.744253  0.770  0.017  0.031  0.000  0.001  0.014  0.000  0.000  0.001  0.838
   0.48576    -18.741955  0.771  0.021  0.030  0.000  0.001  0.013  0.000  0.000  0.001  0.838
   0.44840    -18.737682  0.769  0.024  0.029  0.000  0.001  0.012  0.000  0.000  0.001  0.837
   0.41103    -18.731606  0.768  0.027  0.028  0.000  0.001  0.010  0.000  0.000  0.001  0.838
   0.37366    -18.724061  0.770  0.030  0.028  0.000  0.001  0.008  0.000  0.000  0.001  0.837
   0.33630    -18.715335  0.769  0.032  0.027  0.000  0.001  0.007  0.000  0.000  0.001  0.837
   0.29893    -18.705928  0.768  0.035  0.026  0.000  0.001  0.005  0.000  0.000  0.000  0.837
   0.26157    -18.696263  0.768  0.037  0.026  0.000  0.000  0.004  0.000  0.000  0.000  0.838
   0.22420    -18.686857  0.768  0.039  0.026  0.000  0.000  0.003  0.000  0.000  0.000  0.836
   0.18683    -18.678204  0.767  0.041  0.025  0.000  0.000  0.002  0.000  0.000  0.000  0.838
   0.14947    -18.670618  0.768  0.042  0.025  0.000  0.000  0.001  0.000  0.000  0.000  0.837
   0.11210    -18.664440  0.767  0.043  0.024  0.000  0.000  0.001  0.000  0.000  0.000  0.838
   0.07473    -18.659861  0.766  0.044  0.024  0.000  0.000  0.000  0.000  0.000  0.000  0.838
   0.03737    -18.657074  0.768  0.045  0.024  0.000  0.000  0.000  0.000  0.000  0.000  0.838
   0.00000    -18.656117  0.768  0.045  0.024  0.000  0.000  0.000  0.000  0.000  0.000  0.838
 
# Band-Index:    3
   0.00000     -7.673554  0.157  0.267  0.094  0.001  0.001  0.094  0.122  0.006  0.026  0.767
   0.03737     -7.670663  0.156  0.266  0.094  0.001  0.001  0.093  0.122  0.006  0.026  0.768
   0.07473     -7.662045  0.156  0.266  0.096  0.001  0.001  0.095  0.121  0.006  0.026  0.769
   0.11210     -7.647881  0.156  0.264  0.098  0.001  0.001  0.096  0.120  0.006  0.027  0.769
   0.14947     -7.628501  0.154  0.261  0.104  0.002  0.002  0.100  0.118  0.006  0.028  0.773
   0.18683     -7.604443  0.152  0.257  0.110  0.002  0.001  0.105  0.116  0.005  0.030  0.775
   0.22420     -7.576550  0.149  0.249  0.119  0.002  0.001  0.112  0.112  0.005  0.032  0.779
   0.26157     -7.546128  0.144  0.239  0.131  0.002  0.001  0.124  0.107  0.003  0.035  0.785
   0.29893     -7.515182  0.138  0.225  0.147  0.002  0.001  0.141  0.101  0.002  0.038  0.794
   0.33630     -7.486598  0.130  0.205  0.168  0.002  0.002  0.165  0.091  0.001  0.042  0.805
   0.37366     -7.463954  0.119  0.183  0.191  0.002  0.003  0.194  0.079  0.000  0.045  0.815
   0.41103     -7.450324  0.107  0.161  0.213  0.001  0.004  0.226  0.064  0.000  0.048  0.825
   0.44840     -7.446542  0.097  0.146  0.228  0.000  0.006  0.254  0.050  0.000  0.050  0.832
   0.48576     -7.450859  0.089  0.134  0.237  0.000  0.008  0.274  0.038  0.002  0.052  0.836
   0.52313     -7.460515  0.084  0.129  0.243  0.000  0.009  0.287  0.029  0.002  0.053  0.836
   0.56050     -7.473249  0.081  0.123  0.247  0.000  0.010  0.295  0.022  0.003  0.055  0.836
   0.59786     -7.487763  0.081  0.119  0.250  0.000  0.009  0.298  0.016  0.003  0.058  0.836
   0.63523     -7.503595  0.081  0.115  0.256  0.000  0.008  0.298  0.013  0.004  0.061  0.836
   0.67260     -7.520845  0.081  0.110  0.261  0.000  0.007  0.294  0.009  0.004  0.066  0.835
   0.70996     -7.539971  0.084  0.104  0.268  0.000  0.006  0.288  0.008  0.005  0.071  0.833
   0.74733     -7.561621  0.088  0.097  0.277  0.000  0.004  0.278  0.007  0.004  0.077  0.832
   0.78470     -7.586504  0.092  0.088  0.288  0.000  0.003  0.263  0.008  0.004  0.083  0.829
   0.82206     -7.615278  0.096  0.079  0.298  0.000  0.002  0.246  0.011  0.004  0.089  0.825
   0.85943     -7.648444  0.102  0.070  0.309  0.000  0.001  0.226  0.013  0.005  0.094  0.821
   0.89679     -7.686249  0.107  0.060  0.320  0.000  0.001  0.204  0.018  0.005  0.100  0.817
   0.93416     -7.728621  0.112  0.050  0.332  0.000  0.001  0.181  0.025  0.005  0.105  0.810
   0.97153     -7.775126  0.118  0.042  0.341  0.000  0.001  0.158  0.031  0.005  0.108  0.805
   1.00889     -7.824997  0.124  0.033  0.348  0.000  0.002  0.136  0.039  0.005  0.112  0.799
   1.04626     -7.877185  0.129  0.027  0.355  0.000  0.003  0.115  0.046  0.006  0.113  0.794
   1.08363     -7.930449  0.134  0.020  0.359  0.000  0.004  0.098  0.053  0.005  0.114  0.787
   1.12099     -7.983458  0.138  0.014  0.361  0.000  0.005  0.083  0.059  0.006  0.114  0.782
   1.15836     -8.034870  0.143  0.011  0.363  0.000  0.006  0.070  0.065  0.006  0.113  0.778
   1.19573     -8.083407  0.144  0.008  0.363  0.000  0.007  0.059  0.070  0.006  0.113  0.773
   1.23309     -8.127903  0.148  0.005  0.364  0.000  0.008  0.050  0.074  0.006  0.112  0.769
   1.27046     -8.167321  0.151  0.004  0.363  0.000  0.009  0.044  0.078  0.007  0.112  0.768
   1.30783     -8.200778  0.154  0.001  0.363  0.000  0.010  0.039  0.080  0.007  0.110  0.765
   1.34519     -8.227550  0.153  0.001  0.362  0.000  0.011  0.035  0.083  0.007  0.109  0.763
   1.38256     -8.247074  0.155  0.000  0.362  0.000  0.011  0.033  0.084  0.007  0.109  0.763
   1.41993     -8.258948  0.155  0.000  0.362  0.000  0.011  0.031  0.084  0.007  0.109  0.761
   1.45729     -8.262931  0.155  0.000  0.362  0.000  0.011  0.032  0.085  0.007  0.109  0.760
   1.45729     -8.262931  0.155  0.000  0.362  0.000  0.011  0.032  0.085  0.007  0.109  0.760
   1.49469     -8.259667  0.155  0.000  0.362  0.000  0.011  0.032  0.085  0.007  0.109  0.761
   1.53208     -8.249931  0.154  0.000  0.362  0.001  0.012  0.031  0.084  0.007  0.110  0.762
   1.56948     -8.233901  0.153  0.000  0.362  0.003  0.012  0.031  0.083  0.008  0.111  0.764
   1.60688     -8.211857  0.152  0.000  0.361  0.003  0.013  0.031  0.083  0.008  0.113  0.765
   1.64427     -8.184194  0.150  0.000  0.361  0.004  0.013  0.032  0.081  0.009  0.116  0.767
   1.68167     -8.151407  0.147  0.000  0.360  0.005  0.014  0.032  0.080  0.010  0.120  0.771
   1.71906     -8.114074  0.147  0.000  0.360  0.007  0.016  0.032  0.078  0.011  0.124  0.773
   1.75646     -8.072861  0.142  0.000  0.359  0.008  0.017  0.032  0.076  0.012  0.129  0.776
   1.79386     -8.028486  0.138  0.000  0.357  0.011  0.018  0.033  0.073  0.013  0.134  0.780
   1.83125     -7.981724  0.136  0.000  0.355  0.013  0.020  0.033  0.072  0.015  0.140  0.784
   1.86865     -7.933379  0.131  0.000  0.353  0.016  0.022  0.033  0.069  0.018  0.146  0.788
   1.90604     -7.884268  0.127  0.000  0.349  0.018  0.025  0.033  0.066  0.020  0.152  0.793
   1.94344     -7.835207  0.124  0.000  0.345  0.022  0.027  0.032  0.063  0.022  0.159  0.797
   1.98084     -7.787002  0.120  0.000  0.341  0.026  0.030  0.032  0.060  0.025  0.166  0.801
   2.01823     -7.740417  0.117  0.000  0.335  0.030  0.032  0.030  0.058  0.028  0.173  0.805
   2.05563     -7.696188  0.114  0.000  0.327  0.036  0.035  0.028  0.056  0.031  0.180  0.808
   2.09302     -7.655019  0.111  0.000  0.319  0.041  0.038  0.026  0.053  0.035  0.187  0.811
   2.13042     -7.617564  0.108  0.000  0.311  0.047  0.041  0.024  0.051  0.039  0.192  0.814
   2.16782     -7.584444  0.106  0.000  0.299  0.055  0.043  0.021  0.049  0.043  0.197  0.816
   2.20521     -7.556237  0.104  0.000  0.288  0.064  0.045  0.018  0.048  0.049  0.200  0.818
   2.24261     -7.533489  0.105  0.000  0.275  0.074  0.047  0.015  0.046  0.053  0.202  0.817
   2.28000     -7.516688  0.104  0.000  0.260  0.085  0.048  0.011  0.045  0.060  0.202  0.817
   2.31740     -7.506250  0.105  0.000  0.244  0.097  0.049  0.008  0.045  0.065  0.200  0.816
   2.35480     -7.502456  0.107  0.000  0.227  0.112  0.048  0.005  0.045  0.072  0.196  0.812
   2.39219     -7.505416  0.107  0.000  0.209  0.127  0.047  0.003  0.046  0.080  0.189  0.809
   2.42959     -7.514978  0.109  0.000  0.191  0.144  0.044  0.001  0.046  0.087  0.181  0.804
   2.46698     -7.530685  0.113  0.000  0.173  0.161  0.041  0.000  0.047  0.094  0.169  0.799
   2.50438     -7.551757  0.117  0.000  0.155  0.177  0.037  0.000  0.049  0.103  0.157  0.794
   2.54178     -7.577115  0.120  0.000  0.139  0.190  0.033  0.000  0.049  0.110  0.144  0.789
   2.57917     -7.605462  0.122  0.000  0.123  0.204  0.029  0.001  0.051  0.119  0.132  0.784
   2.61657     -7.635387  0.125  0.000  0.111  0.216  0.026  0.002  0.052  0.126  0.120  0.779
   2.65396     -7.665473  0.129  0.000  0.100  0.224  0.023  0.003  0.053  0.132  0.109  0.775
   2.69136     -7.694380  0.130  0.000  0.091  0.232  0.020  0.004  0.054  0.139  0.100  0.771
   2.72876     -7.720902  0.132  0.000  0.083  0.237  0.017  0.005  0.055  0.144  0.092  0.768
   2.76615     -7.744006  0.135  0.000  0.078  0.242  0.015  0.006  0.055  0.148  0.086  0.765
   2.80355     -7.762845  0.137  0.000  0.073  0.245  0.014  0.007  0.056  0.151  0.081  0.764
   2.84094     -7.776764  0.138  0.000  0.071  0.246  0.013  0.007  0.056  0.154  0.078  0.762
   2.87834     -7.785300  0.137  0.000  0.069  0.248  0.012  0.008  0.057  0.154  0.076  0.762
   2.91574     -7.788175  0.136  0.000  0.068  0.248  0.012  0.008  0.057  0.155  0.075  0.762
 
# Band-Index:    4
   2.91574     -6.926900  0.001  0.255  0.002  0.002  0.053  0.492  0.023  0.053  0.022  0.901
   2.87834     -6.926052  0.001  0.254  0.002  0.002  0.052  0.493  0.023  0.052  0.022  0.901
   2.84094     -6.923531  0.001  0.254  0.002  0.002  0.052  0.494  0.023  0.052  0.020  0.902
   2.80355     -6.919409  0.001  0.253  0.003  0.002  0.051  0.497  0.023  0.051  0.020  0.902
   2.76615     -6.913805  0.001  0.253  0.004  0.002  0.051  0.501  0.023  0.050  0.019  0.903
   2.72876     -6.906883  0.001  0.253  0.004  0.002  0.050  0.506  0.023  0.048  0.018  0.904
   2.69136     -6.898846  0.001  0.251  0.005  0.003  0.048  0.512  0.023  0.045  0.015  0.905
   2.65396     -6.889926  0.001  0.250  0.007  0.005  0.047  0.519  0.023  0.042  0.014  0.906
   2.61657     -6.880374  0.000  0.249  0.007  0.006  0.046  0.525  0.023  0.039  0.012  0.907
   2.57917     -6.870440  0.000  0.247  0.009  0.008  0.044  0.531  0.023  0.035  0.011  0.909
   2.54178     -6.860361  0.000  0.246  0.009  0.009  0.044  0.538  0.024  0.030  0.009  0.910
   2.50438     -6.850342  0.000  0.244  0.010  0.010  0.044  0.544  0.025  0.026  0.008  0.911
   2.46698     -6.840562  0.000  0.242  0.010  0.013  0.044  0.548  0.026  0.022  0.006  0.912
   2.42959     -6.831179  0.000  0.241  0.010  0.014  0.045  0.551  0.028  0.018  0.005  0.912
   2.39219     -6.822334  0.000  0.240  0.010  0.016  0.046  0.553  0.030  0.014  0.004  0.913
   2.35480     -6.814165  0.000  0.239  0.009  0.017  0.048  0.553  0.032  0.012  0.003  0.913
   2.31740     -6.806808  0.000  0.238  0.009  0.019  0.050  0.553  0.034  0.010  0.002  0.915
   2.28000     -6.800391  0.000  0.238  0.007  0.020  0.052  0.552  0.036  0.008  0.001  0.914
   2.24261     -6.795037  0.000  0.236  0.007  0.021  0.054  0.550  0.039  0.007  0.001  0.914
   2.20521     -6.790849  0.000  0.236  0.007  0.021  0.055  0.547  0.040  0.007  0.000  0.914
   2.16782     -6.787912  0.000  0.236  0.005  0.021  0.057  0.545  0.042  0.007  0.000  0.915
   2.13042     -6.786277  0.001  0.236  0.005  0.022  0.058  0.542  0.044  0.007  0.001  0.915
   2.09302     -6.785961  0.001  0.236  0.005  0.021  0.059  0.539  0.045  0.008  0.001  0.915
   2.05563     -6.786940  0.001  0.236  0.004  0.019  0.060  0.537  0.047  0.009  0.001  0.915
   2.01823     -6.789149  0.001  0.237  0.002  0.019  0.060  0.534  0.048  0.009  0.002  0.915
   1.98084     -6.792484  0.001  0.238  0.002  0.019  0.061  0.531  0.050  0.010  0.002  0.914
   1.94344     -6.796802  0.001  0.238  0.002  0.018  0.061  0.529  0.051  0.011  0.002  0.915
   1.90604     -6.801939  0.001  0.239  0.002  0.017  0.061  0.527  0.052  0.012  0.002  0.914
   1.86865     -6.807705  0.001  0.240  0.001  0.017  0.059  0.526  0.053  0.013  0.003  0.914
   1.83125     -6.813895  0.001  0.241  0.001  0.015  0.059  0.524  0.054  0.013  0.004  0.914
   1.79386     -6.820299  0.001  0.241  0.001  0.014  0.058  0.523  0.055  0.013  0.005  0.913
   1.75646     -6.826704  0.002  0.242  0.001  0.014  0.058  0.521  0.056  0.014  0.005  0.913
   1.71906     -6.832904  0.002  0.243  0.001  0.013  0.057  0.520  0.057  0.014  0.006  0.912
   1.68167     -6.838712  0.002  0.243  0.000  0.012  0.056  0.519  0.057  0.014  0.007  0.912
   1.64427     -6.843945  0.002  0.244  0.000  0.012  0.056  0.518  0.057  0.015  0.007  0.912
   1.60688     -6.848450  0.002  0.244  0.000  0.012  0.055  0.517  0.057  0.015  0.008  0.911
   1.56948     -6.852095  0.002  0.245  0.000  0.011  0.055  0.517  0.058  0.015  0.008  0.911
   1.53208     -6.854775  0.002  0.245  0.000  0.010  0.055  0.516  0.058  0.015  0.009  0.912
   1.49469     -6.856415  0.002  0.245  0.000  0.010  0.054  0.516  0.058  0.015  0.009  0.911
   1.45729     -6.856966  0.002  0.245  0.000  0.010  0.054  0.516  0.058  0.015  0.009  0.911
   1.45729     -6.856966  0.002  0.245  0.000  0.010  0.054  0.516  0.058  0.015  0.009  0.911
   1.41993     -6.855796  0.002  0.245  0.000  0.010  0.055  0.515  0.059  0.015  0.009  0.911
   1.38256     -6.852270  0.002  0.245  0.000  0.010  0.054  0.512  0.060  0.015  0.008  0.911
   1.34519     -6.846335  0.002  0.244  0.003  0.011  0.055  0.509  0.062  0.016  0.008  0.910
   1.30783     -6.837904  0.002  0.243  0.003  0.012  0.057  0.502  0.065  0.016  0.007  0.908
   1.27046     -6.826849  0.003  0.242  0.005  0.012  0.058  0.493  0.069  0.016  0.007  0.907
   1.23309     -6.812990  0.003  0.240  0.009  0.012  0.061  0.482  0.075  0.016  0.007  0.905
   1.19573     -6.796089  0.006  0.238  0.012  0.012  0.063  0.468  0.081  0.017  0.006  0.902
   1.15836     -6.775855  0.007  0.234  0.019  0.012  0.066  0.451  0.088  0.016  0.007  0.899
   1.12099     -6.751930  0.008  0.230  0.023  0.014  0.069  0.430  0.097  0.016  0.007  0.896
   1.08363     -6.723913  0.009  0.225  0.033  0.014  0.073  0.407  0.105  0.017  0.009  0.892
   1.04626     -6.691385  0.012  0.218  0.044  0.014  0.077  0.379  0.116  0.016  0.012  0.888
   1.00889     -6.653948  0.014  0.209  0.058  0.016  0.080  0.347  0.126  0.017  0.016  0.883
   0.97153     -6.611301  0.016  0.200  0.072  0.016  0.084  0.313  0.137  0.018  0.021  0.878
   0.93416     -6.563315  0.021  0.188  0.091  0.017  0.088  0.278  0.145  0.017  0.028  0.874
   0.89679     -6.510138  0.024  0.177  0.110  0.018  0.091  0.242  0.153  0.018  0.036  0.867
   0.85943     -6.452356  0.029  0.164  0.132  0.019  0.096  0.205  0.156  0.018  0.044  0.862
   0.82206     -6.391415  0.037  0.152  0.155  0.019  0.101  0.172  0.150  0.018  0.051  0.856
   0.78470     -6.332108  0.053  0.150  0.179  0.018  0.110  0.138  0.119  0.019  0.055  0.841
   0.74733     -6.306576  0.111  0.233  0.155  0.012  0.104  0.080  0.015  0.025  0.039  0.777
   0.70996     -6.382340  0.130  0.343  0.066  0.006  0.058  0.029  0.021  0.034  0.033  0.724
   0.67260     -6.487207  0.127  0.367  0.042  0.006  0.043  0.022  0.044  0.034  0.032  0.715
   0.63523     -6.590482  0.124  0.372  0.032  0.006  0.038  0.022  0.055  0.033  0.029  0.713
   0.59786     -6.687447  0.122  0.375  0.027  0.006  0.034  0.024  0.061  0.033  0.026  0.710
   0.56050     -6.776112  0.121  0.376  0.023  0.006  0.033  0.029  0.064  0.032  0.024  0.707
   0.52313     -6.854645  0.117  0.375  0.021  0.005  0.034  0.037  0.064  0.032  0.020  0.706
   0.48576     -6.920663  0.111  0.372  0.022  0.004  0.034  0.050  0.060  0.033  0.017  0.706
   0.44840     -6.971011  0.103  0.362  0.029  0.004  0.036  0.069  0.054  0.034  0.015  0.708
   0.41103     -7.002193  0.093  0.345  0.044  0.005  0.038  0.095  0.044  0.034  0.014  0.712
   0.37366     -7.011874  0.081  0.325  0.065  0.004  0.040  0.126  0.035  0.034  0.014  0.723
   0.33630     -7.000457  0.070  0.299  0.088  0.004  0.042  0.154  0.026  0.034  0.016  0.733
   0.29893     -6.970767  0.061  0.278  0.110  0.004  0.043  0.176  0.020  0.033  0.019  0.743
   0.26157     -6.926327  0.056  0.258  0.129  0.004  0.043  0.193  0.016  0.033  0.021  0.754
   0.22420     -6.870234  0.052  0.240  0.146  0.004  0.044  0.206  0.014  0.033  0.024  0.765
   0.18683     -6.805060  0.048  0.224  0.160  0.003  0.044  0.217  0.013  0.035  0.027  0.774
   0.14947     -6.733298  0.049  0.204  0.173  0.004  0.045  0.230  0.012  0.037  0.030  0.785
   0.11210     -6.658154  0.048  0.179  0.187  0.004  0.047  0.245  0.013  0.040  0.034  0.799
   0.07473     -6.585158  0.049  0.145  0.204  0.003  0.051  0.266  0.014  0.046  0.040  0.818
   0.03737     -6.525789  0.051  0.101  0.222  0.003  0.055  0.295  0.016  0.053  0.047  0.842
   0.00000     -6.501092  0.054  0.076  0.232  0.002  0.057  0.310  0.017  0.056  0.051  0.856
 
# Band-Index:    5
   0.00000     -6.085274  0.000  0.520  0.106  0.010  0.000  0.000  0.000  0.000  0.000  0.638
   0.03737     -6.056658  0.001  0.494  0.117  0.011  0.002  0.017  0.002  0.005  0.003  0.652
   0.07473     -5.986002  0.006  0.449  0.133  0.012  0.003  0.046  0.006  0.017  0.009  0.679
   0.11210     -5.896539  0.005  0.400  0.143  0.022  0.002  0.069  0.013  0.040  0.011  0.707
   0.14947     -5.809665  0.003  0.292  0.117  0.086  0.002  0.087  0.038  0.115  0.021  0.763
   0.18683     -5.759977  0.004  0.093  0.039  0.216  0.027  0.074  0.075  0.214  0.092  0.834
   0.22420     -5.734029  0.003  0.039  0.017  0.248  0.041  0.061  0.086  0.229  0.122  0.847
   0.26157     -5.710783  0.003  0.026  0.015  0.253  0.047  0.056  0.092  0.231  0.125  0.851
   0.29893     -5.687033  0.004  0.025  0.017  0.251  0.052  0.052  0.102  0.231  0.116  0.851
   0.33630     -5.663351  0.005  0.027  0.027  0.241  0.058  0.047  0.118  0.230  0.094  0.850
   0.37366     -5.643274  0.007  0.039  0.051  0.216  0.069  0.038  0.148  0.221  0.057  0.849
   0.41103     -5.637761  0.008  0.068  0.117  0.153  0.085  0.022  0.194  0.182  0.012  0.844
   0.44840     -5.664036  0.011  0.095  0.200  0.076  0.092  0.008  0.222  0.111  0.023  0.842
   0.48576     -5.717877  0.014  0.103  0.237  0.041  0.091  0.005  0.225  0.067  0.062  0.843
   0.52313     -5.784455  0.014  0.105  0.242  0.029  0.088  0.010  0.225  0.047  0.087  0.845
   0.56050     -5.856568  0.014  0.106  0.235  0.025  0.086  0.017  0.226  0.037  0.100  0.849
   0.59786     -5.931088  0.014  0.110  0.225  0.024  0.085  0.027  0.231  0.032  0.104  0.850
   0.63523     -6.006108  0.013  0.116  0.209  0.022  0.082  0.040  0.237  0.028  0.104  0.852
   0.67260     -6.079614  0.011  0.129  0.189  0.022  0.076  0.054  0.246  0.026  0.101  0.853
   0.70996     -6.146737  0.005  0.156  0.149  0.021  0.062  0.066  0.266  0.028  0.097  0.850
   0.74733     -6.176553  0.022  0.275  0.045  0.015  0.014  0.039  0.268  0.040  0.089  0.805
   0.78470     -6.096615  0.078  0.365  0.004  0.009  0.008  0.007  0.156  0.049  0.069  0.747
   0.82206     -5.974315  0.091  0.368  0.011  0.008  0.015  0.005  0.117  0.056  0.068  0.741
   0.85943     -5.842037  0.094  0.360  0.016  0.008  0.018  0.004  0.101  0.065  0.075  0.745
   0.89679     -5.705778  0.094  0.346  0.021  0.009  0.017  0.004  0.087  0.080  0.089  0.750
   0.93416     -5.572475  0.094  0.304  0.026  0.021  0.010  0.004  0.058  0.113  0.130  0.761
   0.97153     -5.486077  0.063  0.100  0.023  0.128  0.024  0.007  0.010  0.162  0.282  0.800
   1.00889     -5.499289  0.031  0.016  0.013  0.197  0.070  0.009  0.051  0.134  0.311  0.830
   1.04626     -5.532127  0.022  0.010  0.009  0.210  0.084  0.009  0.066  0.121  0.305  0.835
   1.08363     -5.565688  0.019  0.008  0.007  0.214  0.091  0.009  0.071  0.117  0.301  0.837
   1.12099     -5.597359  0.019  0.008  0.006  0.217  0.095  0.008  0.073  0.114  0.299  0.838
   1.15836     -5.626372  0.018  0.006  0.005  0.218  0.099  0.008  0.072  0.113  0.298  0.839
   1.19573     -5.652375  0.017  0.006  0.004  0.220  0.101  0.008  0.073  0.112  0.297  0.838
   1.23309     -5.675171  0.017  0.006  0.004  0.221  0.103  0.008  0.072  0.111  0.297  0.840
   1.27046     -5.694626  0.017  0.006  0.004  0.222  0.105  0.007  0.071  0.110  0.296  0.839
   1.30783     -5.710647  0.017  0.006  0.004  0.223  0.106  0.007  0.071  0.110  0.296  0.840
   1.34519     -5.723170  0.017  0.006  0.003  0.224  0.107  0.007  0.070  0.110  0.296  0.840
   1.38256     -5.732144  0.017  0.006  0.003  0.224  0.107  0.007  0.070  0.111  0.296  0.839
   1.41993     -5.737542  0.016  0.004  0.003  0.224  0.108  0.007  0.070  0.110  0.296  0.840
   1.45729     -5.739343  0.016  0.004  0.003  0.224  0.108  0.007  0.070  0.110  0.296  0.840
   1.45729     -5.739343  0.016  0.004  0.003  0.224  0.108  0.007  0.070  0.110  0.296  0.840
   1.49469     -5.738277  0.016  0.005  0.003  0.224  0.107  0.007  0.070  0.111  0.296  0.840
   1.53208     -5.735115  0.017  0.006  0.003  0.224  0.107  0.007  0.071  0.111  0.294  0.839
   1.56948     -5.729967  0.017  0.006  0.004  0.226  0.106  0.007  0.073  0.110  0.290  0.836
   1.60688     -5.723033  0.017  0.006  0.005  0.226  0.103  0.007  0.075  0.110  0.285  0.835
   1.64427     -5.714619  0.016  0.006  0.007  0.228  0.101  0.007  0.077  0.110  0.280  0.832
   1.68167     -5.705176  0.017  0.006  0.009  0.228  0.098  0.007  0.080  0.109  0.273  0.828
   1.71906     -5.695340  0.017  0.008  0.011  0.231  0.094  0.006  0.084  0.108  0.264  0.825
   1.75646     -5.686018  0.017  0.008  0.013  0.235  0.091  0.006  0.087  0.106  0.254  0.819
   1.79386     -5.678486  0.018  0.008  0.017  0.238  0.087  0.006  0.092  0.101  0.244  0.812
   1.83125     -5.674575  0.021  0.010  0.019  0.243  0.084  0.005  0.097  0.092  0.231  0.802
   1.86865     -5.676921  0.024  0.010  0.022  0.250  0.081  0.005  0.102  0.077  0.219  0.791
   1.90604     -5.689219  0.031  0.013  0.025  0.260  0.080  0.004  0.106  0.056  0.204  0.777
   1.94344     -5.715888  0.041  0.013  0.027  0.274  0.079  0.004  0.106  0.032  0.185  0.759
   1.98084     -5.759940  0.052  0.015  0.029  0.289  0.079  0.002  0.100  0.013  0.161  0.741
   2.01823     -5.819900  0.062  0.016  0.030  0.306  0.075  0.002  0.092  0.008  0.135  0.726
   2.05563     -5.890333  0.069  0.015  0.035  0.321  0.070  0.002  0.083  0.010  0.110  0.714
   2.09302     -5.965454  0.076  0.014  0.038  0.332  0.064  0.003  0.076  0.014  0.090  0.706
   2.13042     -6.041084  0.080  0.015  0.043  0.342  0.056  0.004  0.071  0.018  0.071  0.697
   2.16782     -6.114576  0.081  0.013  0.046  0.350  0.050  0.005  0.067  0.021  0.057  0.693
   2.20521     -6.184302  0.084  0.013  0.053  0.356  0.044  0.006  0.066  0.024  0.044  0.687
   2.24261     -6.249237  0.083  0.011  0.058  0.360  0.036  0.007  0.065  0.028  0.033  0.684
   2.28000     -6.308710  0.083  0.011  0.065  0.360  0.031  0.009  0.065  0.033  0.024  0.684
   2.31740     -6.362289  0.082  0.011  0.073  0.357  0.027  0.010  0.066  0.037  0.018  0.683
   2.35480     -6.409686  0.081  0.011  0.082  0.351  0.024  0.012  0.068  0.043  0.013  0.686
   2.39219     -6.450748  0.078  0.010  0.093  0.339  0.022  0.014  0.070  0.049  0.014  0.691
   2.42959     -6.485447  0.075  0.010  0.105  0.321  0.023  0.017  0.073  0.056  0.018  0.699
   2.46698     -6.513914  0.072  0.010  0.117  0.301  0.025  0.020  0.075  0.063  0.026  0.710
   2.50438     -6.536449  0.069  0.009  0.131  0.275  0.031  0.024  0.077  0.070  0.038  0.723
   2.54178     -6.553529  0.063  0.009  0.145  0.249  0.038  0.028  0.078  0.077  0.052  0.737
   2.57917     -6.565786  0.059  0.007  0.156  0.219  0.045  0.034  0.079  0.082  0.071  0.753
   2.61657     -6.573965  0.056  0.006  0.169  0.189  0.053  0.040  0.079  0.086  0.089  0.769
   2.65396     -6.578875  0.052  0.006  0.178  0.162  0.062  0.046  0.079  0.090  0.109  0.786
   2.69136     -6.581325  0.049  0.006  0.188  0.135  0.070  0.053  0.080  0.094  0.128  0.801
   2.72876     -6.582068  0.047  0.003  0.195  0.112  0.078  0.059  0.079  0.097  0.145  0.814
   2.76615     -6.581768  0.045  0.003  0.201  0.091  0.086  0.064  0.080  0.098  0.161  0.826
   2.80355     -6.580974  0.043  0.002  0.205  0.075  0.091  0.068  0.079  0.099  0.173  0.836
   2.84094     -6.580109  0.042  0.002  0.208  0.062  0.095  0.072  0.079  0.100  0.182  0.843
   2.87834     -6.579472  0.041  0.002  0.210  0.055  0.098  0.074  0.079  0.100  0.188  0.847
   2.91574     -6.579240  0.041  0.002  0.210  0.053  0.099  0.074  0.079  0.101  0.190  0.848
 
# Band-Index:    6
   2.91574     -6.050659  0.000  0.012  0.104  0.519  0.000  0.000  0.000  0.000  0.000  0.637
   2.87834     -6.051580  0.000  0.012  0.103  0.517  0.001  0.000  0.000  0.002  0.001  0.638
   2.84094     -6.054189  0.001  0.012  0.103  0.507  0.005  0.002  0.000  0.008  0.006  0.643
   2.80355     -6.058036  0.001  0.011  0.102  0.490  0.012  0.004  0.001  0.017  0.013  0.651
   2.76615     -6.062412  0.002  0.011  0.103  0.467  0.020  0.007  0.001  0.030  0.021  0.663
   2.72876     -6.066417  0.003  0.011  0.102  0.440  0.030  0.010  0.003  0.047  0.031  0.677
   2.69136     -6.069019  0.004  0.011  0.101  0.411  0.040  0.013  0.004  0.067  0.041  0.691
   2.65396     -6.069136  0.005  0.010  0.101  0.379  0.050  0.016  0.006  0.090  0.051  0.708
   2.61657     -6.065700  0.006  0.009  0.101  0.346  0.059  0.018  0.008  0.117  0.059  0.726
   2.57917     -6.057726  0.006  0.011  0.100  0.316  0.066  0.021  0.011  0.145  0.065  0.742
   2.54178     -6.044383  0.007  0.010  0.100  0.288  0.072  0.022  0.014  0.177  0.067  0.758
   2.50438     -6.025045  0.007  0.011  0.098  0.265  0.074  0.023  0.017  0.210  0.068  0.771
   2.46698     -5.999383  0.007  0.011  0.097  0.243  0.074  0.023  0.021  0.244  0.064  0.785
   2.42959     -5.967411  0.007  0.012  0.094  0.228  0.071  0.023  0.025  0.278  0.057  0.795
   2.39219     -5.929545  0.006  0.013  0.092  0.217  0.066  0.022  0.029  0.311  0.048  0.804
   2.35480     -5.886607  0.006  0.014  0.090  0.210  0.058  0.020  0.033  0.342  0.038  0.812
   2.31740     -5.839813  0.005  0.014  0.086  0.208  0.050  0.019  0.036  0.371  0.027  0.817
   2.28000     -5.790670  0.004  0.015  0.082  0.208  0.040  0.017  0.039  0.397  0.017  0.821
   2.24261     -5.740864  0.003  0.015  0.078  0.210  0.031  0.015  0.041  0.420  0.010  0.824
   2.20521     -5.692063  0.002  0.015  0.075  0.213  0.023  0.014  0.043  0.438  0.004  0.828
   2.16782     -5.645698  0.003  0.015  0.072  0.215  0.016  0.012  0.042  0.453  0.000  0.830
   2.13042     -5.602665  0.003  0.015  0.068  0.218  0.012  0.011  0.041  0.464  0.000  0.832
   2.09302     -5.562957  0.005  0.015  0.063  0.219  0.009  0.009  0.038  0.474  0.001  0.835
   2.05563     -5.525189  0.012  0.015  0.057  0.221  0.009  0.008  0.033  0.480  0.004  0.837
   2.01823     -5.486054  0.016  0.015  0.051  0.221  0.011  0.006  0.027  0.484  0.004  0.838
   1.98084     -5.440337  0.026  0.015  0.043  0.221  0.018  0.005  0.021  0.481  0.005  0.837
   1.94344     -5.383005  0.035  0.016  0.036  0.218  0.027  0.004  0.019  0.470  0.009  0.835
   1.90604     -5.313036  0.042  0.016  0.030  0.210  0.037  0.003  0.025  0.457  0.016  0.835
   1.86865     -5.234112  0.045  0.016  0.023  0.195  0.046  0.002  0.033  0.455  0.026  0.840
   1.83125     -5.151703  0.042  0.016  0.017  0.173  0.053  0.001  0.046  0.468  0.035  0.850
   1.79386     -5.070967  0.039  0.014  0.014  0.147  0.056  0.001  0.062  0.495  0.039  0.865
   1.75646     -4.996240  0.035  0.012  0.011  0.116  0.057  0.000  0.081  0.532  0.040  0.883
   1.71906     -4.930833  0.028  0.009  0.008  0.085  0.055  0.000  0.103  0.573  0.037  0.901
   1.68167     -4.876717  0.024  0.006  0.007  0.059  0.051  0.000  0.127  0.611  0.033  0.919
   1.64427     -4.834301  0.018  0.004  0.007  0.037  0.046  0.001  0.150  0.642  0.027  0.933
   1.60688     -4.802692  0.015  0.003  0.008  0.021  0.040  0.001  0.171  0.664  0.022  0.944
   1.56948     -4.780327  0.013  0.002  0.008  0.010  0.035  0.001  0.188  0.676  0.018  0.951
   1.53208     -4.765608  0.010  0.001  0.008  0.004  0.032  0.001  0.200  0.682  0.015  0.956
   1.49469     -4.757287  0.009  0.000  0.009  0.001  0.031  0.001  0.207  0.685  0.014  0.959
   1.45729     -4.754595  0.009  0.000  0.010  0.000  0.029  0.001  0.209  0.686  0.014  0.960
   1.45729     -4.754595  0.009  0.000  0.010  0.000  0.029  0.001  0.209  0.686  0.014  0.960
   1.41993     -4.755696  0.009  0.001  0.010  0.001  0.029  0.001  0.211  0.684  0.014  0.960
   1.38256     -4.759095  0.009  0.002  0.010  0.002  0.028  0.001  0.216  0.678  0.013  0.959
   1.34519     -4.765088  0.009  0.004  0.010  0.003  0.027  0.001  0.224  0.668  0.013  0.959
   1.30783     -4.774195  0.007  0.009  0.011  0.007  0.024  0.001  0.233  0.653  0.013  0.959
   1.27046     -4.787228  0.007  0.014  0.012  0.009  0.022  0.002  0.246  0.633  0.012  0.957
   1.23309     -4.805462  0.006  0.024  0.014  0.011  0.021  0.004  0.258  0.605  0.011  0.955
   1.19573     -4.831122  0.006  0.043  0.015  0.013  0.021  0.006  0.272  0.565  0.010  0.951
   1.15836     -4.868532  0.007  0.077  0.017  0.012  0.024  0.008  0.282  0.502  0.010  0.941
   1.12099     -4.925818  0.015  0.141  0.019  0.008  0.031  0.010  0.277  0.401  0.015  0.918
   1.08363     -5.012339  0.031  0.221  0.020  0.007  0.041  0.010  0.248  0.270  0.028  0.877
   1.04626     -5.126594  0.046  0.285  0.020  0.011  0.051  0.009  0.212  0.162  0.038  0.836
   1.00889     -5.254817  0.053  0.317  0.017  0.024  0.064  0.008  0.201  0.091  0.039  0.812
   0.97153     -5.368560  0.027  0.255  0.007  0.092  0.105  0.011  0.228  0.029  0.069  0.821
   0.93416     -5.382513  0.003  0.066  0.003  0.197  0.114  0.012  0.174  0.056  0.220  0.848
   0.89679     -5.346504  0.006  0.034  0.008  0.204  0.099  0.012  0.148  0.073  0.261  0.848
   0.85943     -5.302769  0.008  0.027  0.010  0.202  0.089  0.012  0.143  0.075  0.280  0.847
   0.82206     -5.256898  0.008  0.023  0.012  0.196  0.078  0.013  0.147  0.065  0.303  0.846
   0.78470     -5.212806  0.010  0.020  0.011  0.183  0.058  0.014  0.162  0.032  0.357  0.847
   0.74733     -5.194014  0.011  0.009  0.001  0.182  0.006  0.029  0.159  0.056  0.402  0.857
   0.70996     -5.227338  0.009  0.004  0.002  0.216  0.010  0.042  0.109  0.176  0.293  0.862
   0.67260     -5.271166  0.006  0.005  0.003  0.232  0.015  0.047  0.088  0.203  0.263  0.862
   0.63523     -5.315817  0.005  0.005  0.003  0.241  0.017  0.049  0.075  0.208  0.256  0.860
   0.59786     -5.359568  0.005  0.005  0.006  0.246  0.019  0.051  0.064  0.206  0.258  0.860
   0.56050     -5.401442  0.004  0.004  0.010  0.248  0.019  0.053  0.053  0.201  0.267  0.859
   0.52313     -5.440274  0.002  0.006  0.016  0.246  0.017  0.054  0.042  0.190  0.282  0.857
   0.48576     -5.473810  0.003  0.009  0.031  0.237  0.013  0.054  0.028  0.169  0.310  0.855
   0.44840     -5.496241  0.003  0.024  0.072  0.204  0.006  0.050  0.016  0.125  0.350  0.850
   0.41103     -5.495286  0.002  0.064  0.160  0.127  0.007  0.037  0.028  0.054  0.359  0.839
   0.37366     -5.471629  0.003  0.118  0.225  0.062  0.012  0.026  0.056  0.015  0.304  0.822
   0.33630     -5.451569  0.003  0.171  0.241  0.034  0.010  0.029  0.062  0.006  0.244  0.798
   0.29893     -5.458765  0.004  0.229  0.229  0.023  0.003  0.042  0.049  0.006  0.191  0.772
   0.26157     -5.503413  0.005  0.279  0.205  0.020  0.004  0.053  0.032  0.006  0.147  0.749
   0.22420     -5.577944  0.007  0.304  0.180  0.025  0.013  0.056  0.019  0.005  0.126  0.734
   0.18683     -5.665119  0.010  0.275  0.142  0.058  0.030  0.046  0.018  0.017  0.140  0.735
   0.14947     -5.732907  0.008  0.100  0.049  0.189  0.058  0.028  0.047  0.113  0.201  0.794
   0.11210     -5.759835  0.006  0.016  0.010  0.255  0.060  0.035  0.067  0.183  0.203  0.833
   0.07473     -5.772340  0.005  0.004  0.003  0.265  0.058  0.039  0.070  0.199  0.197  0.841
   0.03737     -5.778915  0.005  0.001  0.002  0.268  0.056  0.041  0.071  0.204  0.195  0.844
   0.00000     -5.781018  0.005  0.000  0.002  0.268  0.056  0.042  0.071  0.206  0.194  0.844
 
# Band-Index:    7
   0.00000     -4.630505  0.007  0.008  0.008  0.000  0.017  0.057  0.043  0.587  0.215  0.946
   0.03737     -4.643903  0.008  0.048  0.220  0.017  0.015  0.022  0.019  0.299  0.246  0.894
   0.07473     -4.695478  0.008  0.070  0.349  0.027  0.098  0.003  0.028  0.067  0.213  0.862
   0.11210     -4.756934  0.009  0.069  0.343  0.029  0.128  0.001  0.043  0.034  0.207  0.864
   0.14947     -4.818966  0.010  0.070  0.328  0.033  0.140  0.003  0.053  0.024  0.205  0.866
   0.18683     -4.877495  0.011  0.073  0.314  0.036  0.146  0.006  0.061  0.019  0.202  0.868
   0.22420     -4.927250  0.012  0.082  0.294  0.039  0.150  0.013  0.063  0.017  0.193  0.866
   0.26157     -4.959694  0.015  0.104  0.268  0.044  0.151  0.026  0.058  0.019  0.177  0.860
   0.29893     -4.963769  0.014  0.140  0.232  0.048  0.144  0.044  0.045  0.026  0.154  0.848
   0.33630     -4.935924  0.013  0.172  0.192  0.055  0.128  0.065  0.033  0.043  0.137  0.835
   0.37366     -4.890869  0.009  0.174  0.149  0.067  0.107  0.077  0.029  0.076  0.142  0.831
   0.41103     -4.853466  0.005  0.140  0.104  0.090  0.086  0.078  0.040  0.129  0.169  0.840
   0.44840     -4.840811  0.002  0.093  0.068  0.117  0.071  0.066  0.061  0.177  0.197  0.852
   0.48576     -4.852074  0.000  0.063  0.049  0.138  0.064  0.053  0.081  0.199  0.210  0.858
   0.52313     -4.878962  0.001  0.046  0.040  0.156  0.063  0.041  0.095  0.200  0.214  0.856
   0.56050     -4.915220  0.002  0.037  0.036  0.170  0.067  0.032  0.105  0.194  0.213  0.856
   0.59786     -4.957177  0.003  0.032  0.032  0.182  0.071  0.027  0.111  0.188  0.208  0.854
   0.63523     -5.002560  0.004  0.028  0.029  0.193  0.077  0.024  0.113  0.186  0.199  0.853
   0.67260     -5.049662  0.004  0.026  0.027  0.203  0.084  0.021  0.110  0.192  0.183  0.851
   0.70996     -5.096282  0.004  0.027  0.024  0.215  0.093  0.022  0.098  0.222  0.146  0.851
   0.74733     -5.132426  0.003  0.022  0.021  0.245  0.099  0.030  0.056  0.347  0.030  0.858
   0.78470     -5.116231  0.007  0.010  0.009  0.239  0.052  0.042  0.063  0.377  0.068  0.868
   0.82206     -5.074248  0.010  0.010  0.007  0.218  0.035  0.039  0.086  0.352  0.115  0.870
   0.85943     -5.029538  0.012  0.008  0.007  0.201  0.029  0.035  0.100  0.350  0.128  0.870
   0.89679     -4.984807  0.014  0.010  0.007  0.187  0.024  0.031  0.110  0.356  0.133  0.872
   0.93416     -4.940504  0.017  0.010  0.008  0.173  0.022  0.026  0.116  0.364  0.134  0.872
   0.97153     -4.896225  0.022  0.014  0.008  0.159  0.021  0.021  0.116  0.370  0.137  0.869
   1.00889     -4.850434  0.028  0.025  0.008  0.147  0.021  0.016  0.105  0.365  0.144  0.860
   1.04626     -4.799349  0.038  0.049  0.008  0.138  0.024  0.010  0.081  0.336  0.160  0.844
   1.08363     -4.735281  0.053  0.091  0.009  0.130  0.029  0.005  0.043  0.267  0.189  0.817
   1.12099     -4.649526  0.066  0.149  0.009  0.122  0.035  0.001  0.013  0.176  0.223  0.792
   1.15836     -4.545353  0.070  0.179  0.013  0.112  0.027  0.001  0.014  0.124  0.250  0.792
   1.19573     -4.446223  0.068  0.142  0.025  0.093  0.006  0.018  0.105  0.150  0.223  0.831
   1.23309     -4.406528  0.037  0.038  0.039  0.042  0.139  0.069  0.307  0.166  0.072  0.911
   1.27046     -4.401024  0.026  0.012  0.036  0.030  0.205  0.080  0.362  0.142  0.032  0.927
   1.30783     -4.399960  0.022  0.006  0.033  0.026  0.227  0.082  0.388  0.125  0.022  0.933
   1.34519     -4.399533  0.021  0.004  0.030  0.026  0.236  0.082  0.406  0.114  0.017  0.936
   1.38256     -4.399198  0.020  0.002  0.027  0.024  0.241  0.082  0.419  0.107  0.015  0.937
   1.41993     -4.398947  0.019  0.000  0.027  0.024  0.243  0.082  0.426  0.104  0.014  0.937
   1.45729     -4.398851  0.019  0.000  0.026  0.024  0.243  0.081  0.429  0.102  0.014  0.938
   1.45729     -4.398851  0.019  0.000  0.026  0.024  0.243  0.081  0.429  0.102  0.014  0.938
   1.49469     -4.399980  0.019  0.000  0.027  0.026  0.241  0.080  0.430  0.100  0.014  0.938
   1.53208     -4.403420  0.020  0.000  0.028  0.031  0.233  0.079  0.434  0.096  0.016  0.936
   1.56948     -4.409309  0.021  0.000  0.030  0.041  0.220  0.075  0.439  0.089  0.018  0.934
   1.60688     -4.417738  0.021  0.000  0.034  0.052  0.202  0.072  0.448  0.081  0.022  0.931
   1.64427     -4.428560  0.022  0.000  0.038  0.066  0.177  0.066  0.457  0.076  0.025  0.928
   1.68167     -4.441188  0.022  0.000  0.041  0.079  0.150  0.059  0.467  0.077  0.029  0.926
   1.71906     -4.454551  0.022  0.000  0.044  0.090  0.122  0.052  0.475  0.085  0.030  0.924
   1.75646     -4.467401  0.021  0.000  0.046  0.098  0.097  0.046  0.484  0.101  0.030  0.925
   1.79386     -4.478705  0.019  0.003  0.047  0.100  0.076  0.041  0.491  0.120  0.029  0.926
   1.83125     -4.487918  0.018  0.003  0.048  0.100  0.059  0.036  0.498  0.137  0.028  0.928
   1.86865     -4.494956  0.016  0.003  0.050  0.098  0.048  0.033  0.504  0.151  0.027  0.930
   1.90604     -4.500073  0.016  0.002  0.051  0.096  0.040  0.032  0.512  0.158  0.025  0.932
   1.94344     -4.503758  0.016  0.002  0.052  0.093  0.035  0.030  0.519  0.161  0.025  0.933
   1.98084     -4.506682  0.016  0.003  0.055  0.090  0.032  0.030  0.525  0.157  0.026  0.933
   2.01823     -4.509683  0.017  0.003  0.058  0.086  0.030  0.030  0.530  0.151  0.027  0.933
   2.05563     -4.513679  0.018  0.005  0.065  0.083  0.030  0.031  0.530  0.142  0.029  0.931
   2.09302     -4.519541  0.020  0.008  0.073  0.079  0.032  0.032  0.525  0.131  0.031  0.928
   2.13042     -4.527865  0.023  0.010  0.083  0.074  0.034  0.032  0.515  0.122  0.035  0.926
   2.16782     -4.538794  0.026  0.012  0.095  0.070  0.036  0.031  0.499  0.113  0.040  0.922
   2.20521     -4.551960  0.029  0.017  0.110  0.065  0.038  0.030  0.478  0.107  0.045  0.919
   2.24261     -4.566623  0.032  0.019  0.123  0.062  0.040  0.028  0.456  0.104  0.049  0.914
   2.28000     -4.581892  0.035  0.021  0.139  0.058  0.041  0.025  0.434  0.104  0.052  0.909
   2.31740     -4.596922  0.036  0.024  0.155  0.056  0.042  0.022  0.413  0.105  0.052  0.905
   2.35480     -4.611012  0.037  0.025  0.170  0.055  0.041  0.019  0.393  0.106  0.052  0.900
   2.39219     -4.623649  0.037  0.026  0.186  0.056  0.039  0.016  0.376  0.109  0.051  0.896
   2.42959     -4.634460  0.038  0.024  0.202  0.057  0.037  0.014  0.360  0.113  0.048  0.892
   2.46698     -4.643189  0.038  0.024  0.217  0.059  0.035  0.011  0.345  0.116  0.044  0.888
   2.50438     -4.649653  0.038  0.024  0.233  0.060  0.032  0.009  0.332  0.120  0.040  0.884
   2.54178     -4.653725  0.036  0.021  0.246  0.061  0.030  0.007  0.320  0.124  0.036  0.882
   2.57917     -4.655313  0.035  0.019  0.260  0.064  0.027  0.006  0.309  0.127  0.032  0.879
   2.61657     -4.654366  0.034  0.019  0.273  0.065  0.025  0.005  0.299  0.130  0.028  0.876
   2.65396     -4.650866  0.033  0.017  0.283  0.066  0.023  0.004  0.290  0.133  0.025  0.874
   2.69136     -4.644857  0.031  0.017  0.293  0.067  0.021  0.003  0.282  0.136  0.022  0.873
   2.72876     -4.636435  0.031  0.015  0.301  0.067  0.020  0.002  0.276  0.139  0.020  0.872
   2.76615     -4.625782  0.029  0.015  0.307  0.067  0.020  0.003  0.272  0.141  0.018  0.871
   2.80355     -4.613154  0.029  0.014  0.310  0.067  0.020  0.002  0.270  0.145  0.016  0.873
   2.84094     -4.598903  0.028  0.013  0.306  0.066  0.021  0.003  0.274  0.151  0.015  0.875
   2.87834     -4.583610  0.029  0.010  0.282  0.061  0.024  0.004  0.294  0.165  0.016  0.883
   2.91574     -4.571857  0.033  0.005  0.169  0.043  0.034  0.006  0.389  0.222  0.020  0.920
 
# Band-Index:    8
   2.91574     -4.559410  0.015  0.019  0.524  0.098  0.009  0.001  0.091  0.046  0.005  0.809
   2.87834     -4.546859  0.020  0.013  0.410  0.079  0.019  0.003  0.188  0.104  0.010  0.847
   2.84094     -4.529091  0.021  0.011  0.385  0.074  0.022  0.005  0.209  0.117  0.011  0.856
   2.80355     -4.510476  0.022  0.009  0.378  0.072  0.025  0.005  0.215  0.121  0.012  0.858
   2.76615     -4.491299  0.021  0.007  0.376  0.071  0.027  0.006  0.216  0.123  0.012  0.859
   2.72876     -4.471590  0.020  0.006  0.376  0.070  0.027  0.007  0.216  0.124  0.013  0.860
   2.69136     -4.451314  0.020  0.004  0.378  0.071  0.028  0.008  0.214  0.124  0.013  0.860
   2.65396     -4.430436  0.019  0.003  0.381  0.069  0.028  0.008  0.211  0.125  0.014  0.860
   2.61657     -4.408944  0.019  0.003  0.384  0.069  0.026  0.009  0.208  0.125  0.015  0.859
   2.57917     -4.386857  0.018  0.002  0.389  0.070  0.024  0.011  0.205  0.126  0.016  0.858
   2.54178     -4.364257  0.018  0.001  0.391  0.068  0.022  0.011  0.202  0.126  0.018  0.857
   2.50438     -4.341288  0.018  0.001  0.394  0.068  0.019  0.013  0.199  0.126  0.020  0.855
   2.46698     -4.318177  0.019  0.001  0.395  0.066  0.016  0.014  0.195  0.124  0.023  0.853
   2.42959     -4.295259  0.018  0.002  0.395  0.064  0.013  0.016  0.193  0.123  0.026  0.850
   2.39219     -4.273007  0.018  0.005  0.391  0.063  0.012  0.019  0.191  0.121  0.031  0.849
   2.35480     -4.252098  0.017  0.012  0.381  0.059  0.014  0.022  0.190  0.115  0.036  0.845
   2.31740     -4.233493  0.018  0.026  0.359  0.055  0.020  0.026  0.188  0.106  0.043  0.841
   2.28000     -4.218378  0.018  0.054  0.319  0.049  0.034  0.031  0.186  0.092  0.053  0.836
   2.24261     -4.207565  0.017  0.096  0.263  0.043  0.056  0.034  0.181  0.079  0.064  0.833
   2.20521     -4.200469  0.015  0.137  0.208  0.037  0.082  0.035  0.174  0.070  0.075  0.831
   2.16782     -4.195387  0.014  0.163  0.166  0.031  0.108  0.037  0.167  0.068  0.081  0.833
   2.13042     -4.190826  0.014  0.172  0.137  0.025  0.135  0.038  0.161  0.071  0.084  0.838
   2.09302     -4.186037  0.014  0.170  0.118  0.020  0.162  0.039  0.157  0.079  0.083  0.844
   2.05563     -4.180736  0.014  0.163  0.105  0.016  0.187  0.040  0.154  0.088  0.082  0.849
   2.01823     -4.174823  0.015  0.152  0.091  0.013  0.211  0.042  0.151  0.100  0.082  0.856
   1.98084     -4.168209  0.015  0.142  0.078  0.012  0.232  0.044  0.147  0.110  0.082  0.862
   1.94344     -4.160736  0.014  0.132  0.067  0.014  0.248  0.046  0.143  0.118  0.086  0.868
   1.90604     -4.152109  0.013  0.121  0.056  0.017  0.261  0.046  0.138  0.124  0.094  0.871
   1.86865     -4.141822  0.013  0.111  0.046  0.024  0.270  0.045  0.130  0.125  0.107  0.874
   1.83125     -4.129136  0.014  0.103  0.037  0.034  0.275  0.044  0.120  0.122  0.127  0.876
   1.79386     -4.113113  0.014  0.095  0.029  0.046  0.275  0.041  0.106  0.114  0.155  0.876
   1.75646     -4.092818  0.017  0.086  0.022  0.061  0.273  0.036  0.090  0.099  0.192  0.876
   1.71906     -4.067732  0.018  0.077  0.017  0.075  0.269  0.031  0.072  0.078  0.239  0.876
   1.68167     -4.038373  0.021  0.067  0.013  0.085  0.264  0.025  0.055  0.057  0.293  0.879
   1.64427     -4.006771  0.023  0.054  0.010  0.086  0.263  0.020  0.040  0.039  0.349  0.884
   1.60688     -3.976202  0.025  0.039  0.009  0.081  0.265  0.016  0.030  0.028  0.401  0.893
   1.56948     -3.950052  0.026  0.023  0.009  0.071  0.269  0.015  0.026  0.025  0.440  0.902
   1.53208     -3.930629  0.025  0.013  0.009  0.058  0.273  0.013  0.025  0.026  0.466  0.910
   1.49469     -3.918895  0.026  0.006  0.010  0.050  0.277  0.013  0.026  0.028  0.480  0.916
   1.45729     -3.914995  0.026  0.003  0.010  0.048  0.278  0.013  0.027  0.030  0.484  0.918
   1.45729     -3.914995  0.026  0.003  0.010  0.048  0.278  0.013  0.027  0.030  0.484  0.918
   1.41993     -3.927209  0.026  0.008  0.010  0.053  0.272  0.013  0.025  0.029  0.476  0.914
   1.38256     -3.963058  0.029  0.026  0.008  0.065  0.259  0.012  0.024  0.027  0.453  0.901
   1.34519     -4.020434  0.030  0.051  0.008  0.078  0.242  0.010  0.021  0.024  0.418  0.886
   1.30783     -4.096437  0.032  0.080  0.008  0.090  0.229  0.010  0.020  0.020  0.376  0.866
   1.27046     -4.187365  0.035  0.110  0.007  0.094  0.229  0.011  0.023  0.014  0.325  0.849
   1.23309     -4.285853  0.029  0.118  0.009  0.084  0.274  0.024  0.053  0.005  0.247  0.844
   1.19573     -4.357521  0.005  0.039  0.028  0.035  0.389  0.077  0.226  0.044  0.062  0.904
   1.15836     -4.370197  0.005  0.005  0.044  0.019  0.350  0.096  0.291  0.115  0.005  0.931
   1.12099     -4.367365  0.008  0.004  0.052  0.018  0.325  0.099  0.280  0.146  0.002  0.935
   1.08363     -4.360338  0.010  0.007  0.059  0.018  0.312  0.100  0.260  0.165  0.004  0.933
   1.04626     -4.350949  0.010  0.009  0.065  0.018  0.306  0.103  0.239  0.178  0.004  0.933
   1.00889     -4.339838  0.011  0.012  0.071  0.018  0.303  0.105  0.218  0.188  0.006  0.933
   0.97153     -4.327438  0.013  0.016  0.074  0.017  0.303  0.108  0.196  0.198  0.007  0.931
   0.93416     -4.314202  0.013  0.021  0.079  0.016  0.307  0.111  0.175  0.205  0.007  0.932
   0.89679     -4.300734  0.014  0.024  0.080  0.015  0.316  0.113  0.150  0.213  0.008  0.931
   0.85943     -4.287943  0.014  0.029  0.078  0.012  0.330  0.114  0.122  0.225  0.008  0.931
   0.82206     -4.277141  0.014  0.033  0.071  0.011  0.350  0.113  0.091  0.242  0.008  0.933
   0.78470     -4.269950  0.014  0.035  0.059  0.009  0.373  0.109  0.059  0.268  0.010  0.934
   0.74733     -4.267679  0.015  0.034  0.043  0.009  0.393  0.101  0.031  0.297  0.011  0.936
   0.70996     -4.270447  0.015  0.032  0.034  0.012  0.405  0.091  0.014  0.322  0.012  0.937
   0.67260     -4.277292  0.015  0.032  0.028  0.013  0.413  0.082  0.006  0.336  0.012  0.937
   0.63523     -4.287461  0.014  0.038  0.032  0.012  0.416  0.073  0.004  0.335  0.012  0.934
   0.59786     -4.302560  0.009  0.062  0.056  0.007  0.401  0.060  0.009  0.307  0.013  0.924
   0.56050     -4.331820  0.002  0.137  0.134  0.003  0.298  0.037  0.032  0.227  0.018  0.892
   0.52313     -4.385105  0.003  0.198  0.203  0.008  0.173  0.023  0.058  0.169  0.024  0.857
   0.48576     -4.451978  0.007  0.208  0.216  0.012  0.117  0.016  0.069  0.170  0.034  0.845
   0.44840     -4.517978  0.008  0.184  0.201  0.018  0.088  0.008  0.078  0.213  0.052  0.849
   0.41103     -4.568893  0.008  0.134  0.164  0.026  0.067  0.003  0.088  0.294  0.081  0.866
   0.37366     -4.596701  0.005  0.082  0.118  0.033  0.054  0.007  0.092  0.383  0.113  0.886
   0.33630     -4.607272  0.005  0.049  0.084  0.031  0.050  0.018  0.088  0.452  0.129  0.903
   0.29893     -4.610429  0.002  0.031  0.061  0.025  0.054  0.030  0.082  0.497  0.131  0.915
   0.26157     -4.611663  0.003  0.022  0.047  0.019  0.060  0.041  0.076  0.527  0.127  0.922
   0.22420     -4.612947  0.003  0.017  0.038  0.011  0.069  0.049  0.072  0.547  0.120  0.928
   0.18683     -4.614662  0.006  0.013  0.034  0.007  0.077  0.055  0.069  0.559  0.112  0.932
   0.14947     -4.616592  0.007  0.012  0.032  0.002  0.086  0.059  0.067  0.564  0.104  0.932
   0.11210     -4.618300  0.007  0.011  0.036  0.000  0.094  0.063  0.066  0.560  0.094  0.932
   0.07473     -4.618974  0.007  0.015  0.061  0.000  0.107  0.063  0.065  0.532  0.077  0.927
   0.03737     -4.613691  0.009  0.050  0.263  0.010  0.129  0.042  0.052  0.300  0.020  0.874
   0.00000     -4.594314  0.010  0.112  0.610  0.029  0.003  0.000  0.000  0.006  0.009  0.781
 
# Band-Index:    9
   0.00000     -4.517449  0.001  0.007  0.005  0.001  0.577  0.025  0.071  0.010  0.274  0.973
   0.03737     -4.487965  0.004  0.032  0.138  0.005  0.454  0.019  0.043  0.003  0.232  0.931
   0.07473     -4.441022  0.006  0.043  0.206  0.005  0.400  0.018  0.023  0.001  0.207  0.909
   0.11210     -4.396796  0.008  0.047  0.227  0.003  0.391  0.020  0.012  0.002  0.192  0.901
   0.14947     -4.359327  0.010  0.045  0.228  0.005  0.397  0.023  0.007  0.003  0.177  0.895
   0.18683     -4.330411  0.014  0.043  0.220  0.007  0.409  0.026  0.007  0.006  0.161  0.893
   0.22420     -4.310797  0.017  0.038  0.205  0.013  0.420  0.031  0.013  0.013  0.141  0.891
   0.26157     -4.300057  0.021  0.034  0.183  0.023  0.427  0.035  0.022  0.027  0.118  0.891
   0.29893     -4.296484  0.024  0.029  0.158  0.033  0.429  0.042  0.033  0.050  0.093  0.890
   0.33630     -4.297415  0.026  0.025  0.134  0.043  0.424  0.047  0.042  0.083  0.067  0.892
   0.37366     -4.299938  0.028  0.022  0.111  0.049  0.415  0.053  0.049  0.124  0.045  0.896
   0.41103     -4.301607  0.030  0.020  0.094  0.052  0.398  0.059  0.051  0.167  0.027  0.899
   0.44840     -4.300808  0.030  0.023  0.082  0.053  0.375  0.064  0.053  0.208  0.014  0.902
   0.48576     -4.296549  0.029  0.028  0.081  0.053  0.339  0.067  0.058  0.240  0.006  0.903
   0.52313     -4.287489  0.029  0.048  0.097  0.058  0.275  0.067  0.069  0.249  0.002  0.897
   0.56050     -4.269240  0.026  0.104  0.164  0.064  0.141  0.058  0.102  0.208  0.001  0.870
   0.59786     -4.237894  0.017  0.165  0.237  0.066  0.032  0.041  0.138  0.147  0.006  0.849
   0.63523     -4.206554  0.012  0.170  0.249  0.069  0.013  0.033  0.157  0.135  0.011  0.851
   0.67260     -4.184453  0.010  0.153  0.237  0.077  0.014  0.031  0.171  0.145  0.019  0.858
   0.70996     -4.170637  0.010  0.131  0.218  0.088  0.017  0.027  0.180  0.164  0.031  0.865
   0.74733     -4.160591  0.011  0.111  0.191  0.100  0.024  0.022  0.177  0.188  0.046  0.873
   0.78470     -4.149523  0.014  0.096  0.163  0.110  0.040  0.018  0.165  0.212  0.063  0.878
   0.82206     -4.134238  0.015  0.087  0.137  0.116  0.059  0.015  0.146  0.227  0.078  0.883
   0.85943     -4.113367  0.015  0.084  0.119  0.123  0.076  0.015  0.128  0.228  0.094  0.885
   0.89679     -4.086452  0.015  0.086  0.106  0.129  0.089  0.016  0.113  0.220  0.108  0.885
   0.93416     -4.053211  0.016  0.093  0.095  0.135  0.096  0.019  0.100  0.205  0.122  0.884
   0.97153     -4.013331  0.017  0.104  0.089  0.141  0.100  0.021  0.090  0.185  0.135  0.883
   1.00889     -3.966500  0.018  0.119  0.082  0.145  0.100  0.023  0.082  0.164  0.146  0.880
   1.04626     -3.912460  0.018  0.140  0.078  0.143  0.100  0.027  0.075  0.140  0.154  0.874
   1.08363     -3.851030  0.018  0.165  0.073  0.139  0.098  0.030  0.070  0.117  0.159  0.870
   1.12099     -3.782226  0.019  0.199  0.068  0.129  0.096  0.032  0.067  0.093  0.159  0.865
   1.15836     -3.706423  0.021  0.240  0.064  0.110  0.095  0.036  0.067  0.069  0.155  0.858
   1.19573     -3.624928  0.021  0.283  0.058  0.083  0.100  0.040  0.074  0.045  0.146  0.850
   1.23309     -3.541684  0.022  0.314  0.051  0.043  0.123  0.045  0.099  0.021  0.129  0.848
   1.27046     -3.469385  0.019  0.251  0.040  0.009  0.203  0.054  0.167  0.022  0.100  0.864
   1.30783     -3.428939  0.014  0.102  0.020  0.049  0.285  0.055  0.228  0.080  0.067  0.901
   1.34519     -3.409468  0.010  0.042  0.008  0.094  0.293  0.052  0.240  0.116  0.059  0.915
   1.38256     -3.395956  0.009  0.020  0.004  0.116  0.283  0.050  0.244  0.133  0.065  0.921
   1.41993     -3.386182  0.009  0.007  0.001  0.122  0.274  0.049  0.247  0.141  0.076  0.925
   1.45729     -3.382380  0.010  0.003  0.000  0.123  0.270  0.049  0.248  0.144  0.081  0.928
   1.45729     -3.382380  0.010  0.003  0.000  0.123  0.270  0.049  0.248  0.144  0.081  0.928
   1.49469     -3.401235  0.009  0.019  0.002  0.133  0.258  0.048  0.237  0.140  0.071  0.918
   1.53208     -3.445156  0.009  0.039  0.008  0.143  0.244  0.046  0.222  0.138  0.056  0.903
   1.56948     -3.496373  0.008  0.044  0.016  0.137  0.240  0.045  0.212  0.143  0.052  0.898
   1.60688     -3.545124  0.009  0.034  0.026  0.120  0.245  0.046  0.206  0.153  0.060  0.898
   1.64427     -3.587389  0.010  0.024  0.038  0.100  0.254  0.043  0.197  0.161  0.079  0.905
   1.68167     -3.622687  0.010  0.011  0.050  0.079  0.261  0.041  0.188  0.166  0.103  0.911
   1.71906     -3.652601  0.011  0.003  0.066  0.064  0.263  0.038  0.175  0.169  0.127  0.915
   1.75646     -3.679646  0.012  0.002  0.083  0.053  0.256  0.033  0.159  0.171  0.145  0.917
   1.79386     -3.706655  0.015  0.013  0.103  0.049  0.235  0.028  0.141  0.174  0.156  0.915
   1.83125     -3.736502  0.016  0.040  0.125  0.049  0.198  0.024  0.118  0.177  0.160  0.907
   1.86865     -3.771452  0.018  0.083  0.146  0.051  0.146  0.021  0.092  0.180  0.159  0.896
   1.90604     -3.812051  0.020  0.133  0.162  0.054  0.095  0.019  0.067  0.182  0.154  0.886
   1.94344     -3.856724  0.021  0.175  0.174  0.055  0.055  0.018  0.045  0.182  0.151  0.877
   1.98084     -3.902782  0.024  0.204  0.183  0.053  0.029  0.017  0.028  0.182  0.149  0.870
   2.01823     -3.947587  0.024  0.224  0.191  0.051  0.015  0.016  0.017  0.181  0.147  0.867
   2.05563     -3.989031  0.025  0.234  0.198  0.048  0.008  0.014  0.012  0.181  0.145  0.864
   2.09302     -4.025673  0.024  0.244  0.202  0.045  0.005  0.011  0.011  0.181  0.143  0.863
   2.13042     -4.056695  0.019  0.252  0.201  0.043  0.005  0.008  0.016  0.180  0.139  0.862
   2.16782     -4.081786  0.016  0.267  0.190  0.043  0.007  0.006  0.022  0.177  0.135  0.862
   2.20521     -4.100695  0.011  0.298  0.162  0.043  0.011  0.003  0.028  0.168  0.134  0.859
   2.24261     -4.112673  0.006  0.342  0.120  0.044  0.018  0.002  0.034  0.153  0.134  0.855
   2.28000     -4.116665  0.003  0.386  0.074  0.045  0.026  0.004  0.038  0.135  0.136  0.848
   2.31740     -4.112523  0.002  0.417  0.041  0.046  0.030  0.007  0.043  0.118  0.137  0.840
   2.35480     -4.101241  0.000  0.436  0.021  0.047  0.029  0.010  0.047  0.105  0.137  0.834
   2.39219     -4.084055  0.000  0.445  0.014  0.047  0.027  0.013  0.049  0.097  0.136  0.827
   2.42959     -4.061940  0.001  0.451  0.010  0.049  0.025  0.014  0.051  0.091  0.134  0.824
   2.46698     -4.035636  0.001  0.455  0.008  0.051  0.023  0.014  0.050  0.087  0.132  0.821
   2.50438     -4.005793  0.002  0.455  0.007  0.052  0.024  0.015  0.051  0.084  0.130  0.820
   2.54178     -3.973076  0.003  0.454  0.008  0.052  0.030  0.014  0.051  0.082  0.128  0.820
   2.57917     -3.938309  0.004  0.446  0.008  0.052  0.043  0.012  0.052  0.078  0.126  0.820
   2.61657     -3.902614  0.004  0.430  0.009  0.051  0.069  0.010  0.054  0.074  0.121  0.824
   2.65396     -3.867701  0.006  0.396  0.010  0.050  0.120  0.008  0.060  0.067  0.116  0.833
   2.69136     -3.836156  0.008  0.338  0.012  0.045  0.211  0.005  0.069  0.057  0.107  0.850
   2.72876     -3.811187  0.011  0.250  0.013  0.037  0.344  0.004  0.081  0.042  0.095  0.875
   2.76615     -3.794818  0.012  0.156  0.014  0.027  0.486  0.003  0.094  0.029  0.082  0.903
   2.80355     -3.786088  0.012  0.082  0.014  0.019  0.600  0.003  0.104  0.019  0.071  0.927
   2.84094     -3.782265  0.014  0.038  0.015  0.012  0.672  0.004  0.109  0.014  0.064  0.940
   2.87834     -3.780923  0.014  0.013  0.014  0.008  0.710  0.005  0.112  0.012  0.060  0.948
   2.91574     -3.780627  0.014  0.006  0.014  0.006  0.722  0.005  0.112  0.011  0.059  0.949
 
# Band-Index:   10
   2.91574     -3.480025  0.000  0.706  0.016  0.031  0.004  0.001  0.003  0.007  0.004  0.772
   2.87834     -3.501531  0.003  0.596  0.014  0.029  0.049  0.005  0.026  0.050  0.025  0.798
   2.84094     -3.541554  0.004  0.491  0.012  0.025  0.113  0.010  0.047  0.079  0.041  0.823
   2.80355     -3.582346  0.003  0.411  0.011  0.021  0.195  0.014  0.061  0.084  0.047  0.844
   2.76615     -3.618074  0.002  0.321  0.010  0.015  0.308  0.016  0.076  0.077  0.044  0.870
   2.72876     -3.645271  0.003  0.221  0.011  0.009  0.448  0.017  0.093  0.063  0.037  0.900
   2.69136     -3.662864  0.004  0.129  0.011  0.004  0.575  0.017  0.108  0.047  0.030  0.927
   2.65396     -3.672870  0.005  0.067  0.013  0.004  0.659  0.016  0.120  0.036  0.026  0.945
   2.61657     -3.678457  0.005  0.034  0.013  0.005  0.704  0.015  0.128  0.028  0.024  0.955
   2.57917     -3.682081  0.005  0.016  0.014  0.009  0.725  0.014  0.132  0.024  0.022  0.960
   2.54178     -3.685210  0.005  0.006  0.014  0.013  0.735  0.014  0.134  0.021  0.021  0.962
   2.50438     -3.688626  0.006  0.004  0.012  0.016  0.738  0.014  0.133  0.020  0.020  0.963
   2.46698     -3.692679  0.007  0.002  0.013  0.018  0.739  0.013  0.132  0.019  0.020  0.962
   2.42959     -3.697421  0.007  0.003  0.012  0.023  0.738  0.014  0.128  0.018  0.018  0.962
   2.39219     -3.702662  0.008  0.005  0.011  0.027  0.736  0.015  0.123  0.018  0.017  0.961
   2.35480     -3.707992  0.010  0.006  0.012  0.031  0.733  0.016  0.117  0.018  0.016  0.961
   2.31740     -3.712799  0.011  0.008  0.012  0.037  0.729  0.017  0.108  0.018  0.017  0.957
   2.28000     -3.716304  0.012  0.011  0.013  0.041  0.723  0.019  0.098  0.018  0.017  0.956
   2.24261     -3.717687  0.012  0.015  0.016  0.048  0.714  0.021  0.090  0.018  0.020  0.953
   2.20521     -3.716232  0.012  0.020  0.018  0.054  0.700  0.023  0.082  0.018  0.025  0.951
   2.16782     -3.711534  0.010  0.026  0.020  0.059  0.681  0.026  0.075  0.018  0.034  0.948
   2.13042     -3.703612  0.009  0.035  0.022  0.062  0.655  0.029  0.070  0.019  0.046  0.945
   2.09302     -3.692850  0.007  0.048  0.022  0.064  0.622  0.032  0.067  0.019  0.062  0.942
   2.05563     -3.679756  0.004  0.066  0.021  0.065  0.582  0.035  0.064  0.020  0.081  0.938
   2.01823     -3.664595  0.002  0.092  0.015  0.064  0.534  0.039  0.061  0.021  0.100  0.933
   1.98084     -3.647067  0.002  0.127  0.011  0.066  0.477  0.042  0.059  0.023  0.118  0.926
   1.94344     -3.626101  0.001  0.177  0.004  0.068  0.410  0.046  0.053  0.026  0.130  0.915
   1.90604     -3.599851  0.001  0.239  0.001  0.074  0.331  0.048  0.043  0.031  0.133  0.901
   1.86865     -3.566172  0.002  0.307  0.002  0.085  0.244  0.049  0.032  0.036  0.128  0.887
   1.83125     -3.523854  0.004  0.371  0.006  0.098  0.162  0.047  0.021  0.043  0.117  0.871
   1.79386     -3.473671  0.004  0.422  0.011  0.110  0.099  0.045  0.013  0.049  0.104  0.857
   1.75646     -3.417964  0.004  0.459  0.016  0.121  0.056  0.041  0.009  0.053  0.090  0.849
   1.71906     -3.359540  0.001  0.490  0.017  0.130  0.028  0.036  0.008  0.054  0.077  0.843
   1.68167     -3.301161  0.001  0.520  0.015  0.134  0.013  0.031  0.007  0.051  0.063  0.837
   1.64427     -3.245592  0.001  0.552  0.012  0.130  0.004  0.025  0.008  0.047  0.050  0.832
   1.60688     -3.196073  0.000  0.596  0.010  0.112  0.001  0.018  0.009  0.041  0.038  0.827
   1.56948     -3.157423  0.000  0.655  0.008  0.069  0.003  0.012  0.012  0.035  0.027  0.820
   1.53208     -3.138958  0.001  0.692  0.008  0.028  0.011  0.005  0.016  0.025  0.022  0.808
   1.49469     -3.146745  0.000  0.628  0.008  0.107  0.009  0.001  0.010  0.010  0.010  0.786
   1.45729     -3.156074  0.000  0.598  0.007  0.165  0.000  0.000  0.000  0.000  0.001  0.773
   1.45729     -3.156074  0.000  0.598  0.007  0.165  0.000  0.000  0.000  0.000  0.001  0.773
   1.41993     -3.159503  0.000  0.652  0.005  0.096  0.003  0.001  0.000  0.007  0.013  0.782
   1.38256     -3.184519  0.003  0.685  0.003  0.033  0.009  0.006  0.000  0.026  0.036  0.801
   1.34519     -3.240800  0.004  0.595  0.005  0.074  0.019  0.012  0.001  0.056  0.053  0.821
   1.30783     -3.312060  0.004  0.442  0.006  0.151  0.050  0.014  0.010  0.108  0.059  0.846
   1.27046     -3.370674  0.000  0.207  0.001  0.215  0.153  0.019  0.068  0.183  0.041  0.891
   1.23309     -3.397906  0.001  0.068  0.004  0.202  0.254  0.029  0.131  0.204  0.027  0.919
   1.19573     -3.409992  0.001  0.032  0.012  0.178  0.293  0.034  0.151  0.201  0.022  0.924
   1.15836     -3.417127  0.002  0.021  0.020  0.163  0.310  0.036  0.155  0.200  0.020  0.926
   1.12099     -3.422157  0.002  0.019  0.027  0.152  0.319  0.037  0.152  0.199  0.018  0.926
   1.08363     -3.426143  0.002  0.019  0.035  0.147  0.322  0.039  0.147  0.201  0.015  0.925
   1.04626     -3.429675  0.002  0.019  0.045  0.142  0.322  0.039  0.141  0.202  0.013  0.925
   1.00889     -3.433222  0.001  0.021  0.053  0.139  0.320  0.041  0.133  0.204  0.010  0.923
   0.97153     -3.437270  0.001  0.024  0.063  0.138  0.314  0.042  0.125  0.205  0.008  0.921
   0.93416     -3.442401  0.002  0.028  0.074  0.138  0.304  0.044  0.117  0.206  0.006  0.918
   0.89679     -3.449353  0.002  0.033  0.086  0.140  0.293  0.047  0.107  0.205  0.005  0.915
   0.85943     -3.459077  0.001  0.040  0.098  0.141  0.277  0.050  0.096  0.202  0.005  0.911
   0.82206     -3.472693  0.003  0.046  0.109  0.146  0.257  0.054  0.085  0.199  0.007  0.907
   0.78470     -3.491318  0.004  0.054  0.119  0.151  0.234  0.060  0.072  0.193  0.014  0.901
   0.74733     -3.515561  0.004  0.063  0.125  0.160  0.210  0.067  0.058  0.186  0.023  0.896
   0.70996     -3.544882  0.007  0.066  0.125  0.170  0.189  0.074  0.046  0.182  0.036  0.894
   0.67260     -3.577098  0.008  0.067  0.117  0.183  0.172  0.081  0.038  0.179  0.048  0.892
   0.63523     -3.608730  0.011  0.063  0.106  0.196  0.161  0.085  0.035  0.180  0.058  0.894
   0.59786     -3.636335  0.011  0.055  0.094  0.213  0.155  0.086  0.037  0.184  0.064  0.898
   0.56050     -3.657960  0.010  0.048  0.083  0.229  0.151  0.081  0.044  0.189  0.064  0.901
   0.52313     -3.673683  0.008  0.043  0.075  0.246  0.147  0.074  0.053  0.194  0.060  0.903
   0.48576     -3.684867  0.007  0.042  0.069  0.265  0.139  0.065  0.064  0.196  0.055  0.904
   0.44840     -3.693025  0.005  0.041  0.064  0.284  0.128  0.055  0.079  0.196  0.048  0.902
   0.41103     -3.699097  0.004  0.040  0.060  0.306  0.112  0.045  0.096  0.194  0.041  0.897
   0.37366     -3.703162  0.005  0.040  0.054  0.331  0.092  0.036  0.115  0.187  0.034  0.892
   0.33630     -3.704449  0.004  0.040  0.046  0.356  0.071  0.027  0.139  0.178  0.025  0.888
   0.29893     -3.701512  0.005  0.038  0.037  0.380  0.049  0.021  0.166  0.164  0.017  0.879
   0.26157     -3.692586  0.007  0.036  0.026  0.404  0.031  0.015  0.194  0.149  0.011  0.873
   0.22420     -3.676131  0.009  0.034  0.017  0.422  0.018  0.011  0.221  0.130  0.006  0.867
   0.18683     -3.651343  0.012  0.032  0.009  0.432  0.010  0.008  0.245  0.109  0.004  0.860
   0.14947     -3.618379  0.014  0.030  0.005  0.438  0.008  0.005  0.264  0.089  0.003  0.856
   0.11210     -3.578162  0.016  0.028  0.003  0.437  0.009  0.004  0.279  0.072  0.005  0.853
   0.07473     -3.532017  0.017  0.028  0.005  0.431  0.012  0.003  0.290  0.057  0.007  0.851
   0.03737     -3.481351  0.020  0.029  0.007  0.425  0.016  0.002  0.298  0.044  0.009  0.850
   0.00000     -3.431161  0.016  0.028  0.015  0.463  0.016  0.001  0.257  0.030  0.010  0.836
 
# Band-Index:   11
   0.00000     -3.423127  0.023  0.030  0.012  0.358  0.023  0.002  0.366  0.037  0.012  0.864
   0.03737     -3.370668  0.022  0.031  0.020  0.394  0.023  0.001  0.323  0.026  0.013  0.852
   0.07473     -3.313003  0.022  0.033  0.028  0.383  0.025  0.001  0.328  0.020  0.015  0.852
   0.11210     -3.254552  0.022  0.035  0.036  0.371  0.026  0.001  0.334  0.014  0.015  0.855
   0.14947     -3.195880  0.022  0.038  0.046  0.357  0.027  0.001  0.339  0.011  0.016  0.855
   0.18683     -3.137409  0.022  0.041  0.055  0.346  0.026  0.002  0.341  0.009  0.016  0.856
   0.22420     -3.079494  0.022  0.044  0.066  0.335  0.024  0.002  0.341  0.007  0.017  0.857
   0.26157     -3.022500  0.022  0.046  0.076  0.327  0.021  0.001  0.336  0.006  0.020  0.857
   0.29893     -2.967046  0.021  0.047  0.086  0.331  0.016  0.001  0.319  0.006  0.029  0.856
   0.33630     -2.916099  0.023  0.037  0.085  0.362  0.009  0.003  0.237  0.016  0.077  0.849
   0.37366     -2.903529  0.019  0.011  0.042  0.207  0.101  0.069  0.109  0.115  0.226  0.901
   0.41103     -2.922674  0.021  0.016  0.039  0.142  0.124  0.094  0.139  0.120  0.219  0.915
   0.44840     -2.946886  0.023  0.017  0.038  0.119  0.131  0.108  0.151  0.116  0.211  0.916
   0.48576     -2.972457  0.026  0.019  0.036  0.110  0.137  0.115  0.156  0.112  0.204  0.914
   0.52313     -2.996879  0.027  0.022  0.032  0.104  0.143  0.117  0.158  0.110  0.199  0.913
   0.56050     -3.017831  0.031  0.026  0.027  0.102  0.148  0.117  0.157  0.108  0.197  0.911
   0.59786     -3.033194  0.031  0.032  0.024  0.102  0.151  0.113  0.152  0.103  0.199  0.909
   0.63523     -3.041098  0.033  0.041  0.024  0.107  0.151  0.106  0.145  0.098  0.204  0.907
   0.67260     -3.040056  0.033  0.053  0.027  0.112  0.145  0.099  0.134  0.090  0.211  0.903
   0.70996     -3.029177  0.032  0.068  0.037  0.120  0.133  0.091  0.120  0.078  0.220  0.898
   0.74733     -3.008588  0.032  0.082  0.054  0.130  0.115  0.082  0.105  0.066  0.227  0.894
   0.78470     -2.979696  0.030  0.096  0.075  0.142  0.097  0.073  0.089  0.054  0.232  0.889
   0.82206     -2.945080  0.028  0.107  0.101  0.157  0.078  0.063  0.076  0.042  0.232  0.884
   0.85943     -2.907917  0.024  0.115  0.125  0.173  0.063  0.054  0.062  0.033  0.230  0.880
   0.89679     -2.871342  0.021  0.119  0.148  0.194  0.049  0.044  0.051  0.026  0.225  0.877
   0.93416     -2.838119  0.020  0.119  0.166  0.217  0.037  0.036  0.041  0.020  0.219  0.874
   0.97153     -2.810549  0.016  0.114  0.177  0.246  0.029  0.028  0.031  0.015  0.212  0.871
   1.00889     -2.790587  0.015  0.108  0.178  0.284  0.022  0.021  0.022  0.012  0.205  0.866
   1.04626     -2.779962  0.013  0.097  0.169  0.332  0.016  0.017  0.014  0.009  0.198  0.862
   1.08363     -2.780147  0.011  0.083  0.147  0.387  0.011  0.012  0.008  0.006  0.191  0.857
   1.12099     -2.791993  0.009  0.069  0.117  0.447  0.008  0.009  0.006  0.005  0.182  0.851
   1.15836     -2.815191  0.007  0.054  0.087  0.502  0.007  0.008  0.006  0.004  0.170  0.843
   1.19573     -2.848064  0.006  0.043  0.062  0.548  0.007  0.006  0.007  0.003  0.153  0.838
   1.23309     -2.888064  0.005  0.035  0.044  0.586  0.007  0.006  0.009  0.002  0.133  0.831
   1.27046     -2.932206  0.004  0.029  0.032  0.622  0.007  0.005  0.011  0.002  0.110  0.823
   1.30783     -2.977027  0.003  0.020  0.025  0.662  0.006  0.004  0.012  0.002  0.083  0.814
   1.34519     -3.017789  0.003  0.008  0.018  0.708  0.003  0.003  0.010  0.001  0.052  0.807
   1.38256     -3.046499  0.002  0.014  0.014  0.745  0.001  0.003  0.007  0.000  0.022  0.805
   1.41993     -3.054131  0.001  0.111  0.006  0.684  0.001  0.001  0.002  0.000  0.004  0.810
   1.45729     -3.051875  0.000  0.188  0.003  0.622  0.001  0.000  0.000  0.000  0.000  0.812
   1.45729     -3.051875  0.000  0.188  0.003  0.622  0.001  0.000  0.000  0.000  0.000  0.812
   1.49469     -3.053620  0.000  0.130  0.004  0.663  0.006  0.001  0.003  0.000  0.006  0.813
   1.53208     -3.050295  0.002  0.018  0.012  0.711  0.026  0.003  0.014  0.002  0.027  0.817
   1.56948     -3.032334  0.003  0.008  0.025  0.641  0.048  0.003  0.029  0.010  0.058  0.827
   1.60688     -3.012064  0.007  0.024  0.040  0.567  0.060  0.003  0.034  0.019  0.085  0.840
   1.64427     -2.999507  0.012  0.029  0.059  0.515  0.066  0.002  0.035  0.025  0.111  0.850
   1.68167     -2.997450  0.017  0.027  0.071  0.475  0.068  0.002  0.034  0.028  0.137  0.858
   1.71906     -3.005820  0.021  0.024  0.082  0.438  0.069  0.001  0.033  0.031  0.164  0.864
   1.75646     -3.023531  0.029  0.022  0.086  0.404  0.069  0.001  0.032  0.032  0.195  0.869
   1.79386     -3.049120  0.035  0.020  0.085  0.371  0.068  0.001  0.032  0.032  0.228  0.874
   1.83125     -3.080936  0.041  0.020  0.083  0.338  0.066  0.001  0.032  0.032  0.264  0.877
   1.86865     -3.117086  0.049  0.020  0.076  0.304  0.063  0.001  0.033  0.031  0.303  0.879
   1.90604     -3.155444  0.055  0.020  0.072  0.270  0.056  0.001  0.034  0.030  0.345  0.885
   1.94344     -3.193667  0.060  0.021  0.064  0.237  0.047  0.002  0.035  0.031  0.389  0.886
   1.98084     -3.229423  0.066  0.022  0.058  0.207  0.038  0.002  0.037  0.032  0.432  0.890
   2.01823     -3.260582  0.068  0.022  0.051  0.176  0.027  0.003  0.038  0.033  0.473  0.895
   2.05563     -3.285505  0.070  0.021  0.045  0.150  0.020  0.004  0.041  0.037  0.511  0.898
   2.09302     -3.303216  0.069  0.020  0.039  0.127  0.015  0.005  0.045  0.041  0.543  0.903
   2.13042     -3.313460  0.068  0.017  0.034  0.108  0.012  0.005  0.050  0.046  0.566  0.908
   2.16782     -3.316598  0.065  0.014  0.030  0.091  0.013  0.006  0.057  0.053  0.580  0.913
   2.20521     -3.313416  0.063  0.010  0.026  0.079  0.016  0.008  0.065  0.060  0.587  0.917
   2.24261     -3.304931  0.060  0.008  0.023  0.071  0.020  0.009  0.075  0.070  0.586  0.922
   2.28000     -3.292247  0.058  0.004  0.021  0.064  0.024  0.010  0.087  0.080  0.579  0.926
   2.31740     -3.276486  0.055  0.002  0.018  0.059  0.027  0.011  0.098  0.092  0.567  0.931
   2.35480     -3.258740  0.051  0.002  0.018  0.057  0.030  0.012  0.111  0.105  0.550  0.933
   2.39219     -3.240054  0.047  0.002  0.016  0.053  0.033  0.013  0.123  0.121  0.529  0.935
   2.42959     -3.221419  0.045  0.003  0.013  0.052  0.036  0.013  0.134  0.136  0.505  0.938
   2.46698     -3.203787  0.042  0.007  0.013  0.053  0.039  0.015  0.144  0.152  0.478  0.939
   2.50438     -3.188108  0.038  0.011  0.011  0.053  0.042  0.015  0.152  0.170  0.447  0.940
   2.54178     -3.175372  0.035  0.020  0.009  0.053  0.046  0.015  0.159  0.189  0.412  0.938
   2.57917     -3.166708  0.033  0.033  0.008  0.054  0.050  0.016  0.162  0.207  0.372  0.936
   2.61657     -3.163467  0.031  0.052  0.007  0.054  0.055  0.015  0.163  0.227  0.325  0.930
   2.65396     -3.167236  0.027  0.079  0.006  0.055  0.060  0.015  0.161  0.246  0.273  0.921
   2.69136     -3.179686  0.024  0.113  0.005  0.054  0.066  0.013  0.155  0.261  0.218  0.910
   2.72876     -3.201978  0.023  0.149  0.004  0.051  0.072  0.012  0.146  0.272  0.168  0.898
   2.76615     -3.233963  0.021  0.181  0.005  0.048  0.077  0.012  0.136  0.276  0.130  0.887
   2.80355     -3.273722  0.020  0.199  0.005  0.044  0.086  0.012  0.129  0.279  0.109  0.881
   2.84094     -3.317748  0.019  0.187  0.005  0.039  0.101  0.013  0.127  0.286  0.103  0.881
   2.87834     -3.359975  0.020  0.121  0.003  0.036  0.131  0.017  0.140  0.314  0.115  0.896
   2.91574     -3.382269  0.022  0.022  0.000  0.033  0.165  0.021  0.161  0.358  0.135  0.917
 
# Band-Index:   12
   2.91574     -2.859178  0.020  0.004  0.025  0.019  0.058  0.057  0.129  0.018  0.645  0.974
   2.87834     -2.856870  0.020  0.008  0.025  0.018  0.059  0.057  0.127  0.016  0.644  0.972
   2.84094     -2.849535  0.020  0.021  0.026  0.016  0.061  0.056  0.119  0.011  0.637  0.968
   2.80355     -2.835990  0.020  0.044  0.027  0.014  0.066  0.053  0.107  0.006  0.624  0.961
   2.76615     -2.814512  0.018  0.076  0.030  0.011  0.073  0.049  0.091  0.002  0.600  0.949
   2.72876     -2.783489  0.016  0.113  0.031  0.009  0.083  0.045  0.073  0.002  0.562  0.936
   2.69136     -2.742399  0.015  0.153  0.032  0.008  0.097  0.039  0.055  0.009  0.516  0.925
   2.65396     -2.692372  0.013  0.186  0.032  0.009  0.113  0.034  0.039  0.019  0.467  0.913
   2.61657     -2.635853  0.011  0.209  0.033  0.010  0.131  0.030  0.027  0.032  0.422  0.905
   2.57917     -2.575779  0.010  0.223  0.034  0.014  0.148  0.025  0.016  0.046  0.384  0.900
   2.54178     -2.515046  0.009  0.231  0.033  0.018  0.166  0.020  0.009  0.058  0.352  0.898
   2.50438     -2.456378  0.008  0.230  0.035  0.024  0.182  0.017  0.004  0.071  0.324  0.897
   2.46698     -2.402587  0.008  0.223  0.039  0.033  0.196  0.014  0.003  0.085  0.296  0.898
   2.42959     -2.357037  0.006  0.205  0.050  0.046  0.202  0.013  0.011  0.103  0.265  0.901
   2.39219     -2.324321  0.007  0.173  0.071  0.065  0.192  0.014  0.032  0.125  0.223  0.904
   2.35480     -2.309797  0.010  0.130  0.104  0.092  0.160  0.021  0.073  0.149  0.169  0.906
   2.31740     -2.315684  0.011  0.086  0.142  0.119  0.114  0.030  0.122  0.165  0.114  0.905
   2.28000     -2.337491  0.012  0.057  0.178  0.137  0.075  0.039  0.162  0.169  0.072  0.902
   2.24261     -2.367903  0.013  0.041  0.207  0.149  0.049  0.044  0.186  0.166  0.045  0.897
   2.20521     -2.401249  0.013  0.031  0.231  0.154  0.032  0.046  0.201  0.159  0.027  0.894
   2.16782     -2.434033  0.012  0.026  0.254  0.156  0.021  0.047  0.207  0.151  0.015  0.891
   2.13042     -2.464150  0.013  0.024  0.278  0.157  0.014  0.047  0.209  0.141  0.008  0.887
   2.09302     -2.490337  0.013  0.022  0.301  0.154  0.011  0.046  0.208  0.129  0.003  0.885
   2.05563     -2.511806  0.012  0.020  0.327  0.151  0.009  0.044  0.203  0.116  0.000  0.882
   2.01823     -2.528161  0.013  0.019  0.355  0.145  0.008  0.041  0.195  0.103  0.000  0.879
   1.98084     -2.539229  0.013  0.017  0.383  0.137  0.009  0.039  0.185  0.089  0.003  0.876
   1.94344     -2.545098  0.012  0.017  0.410  0.130  0.010  0.036  0.173  0.076  0.007  0.872
   1.90604     -2.546116  0.014  0.016  0.440  0.121  0.013  0.033  0.160  0.063  0.012  0.870
   1.86865     -2.542895  0.014  0.015  0.469  0.111  0.016  0.030  0.145  0.051  0.018  0.867
   1.83125     -2.536347  0.013  0.014  0.499  0.100  0.018  0.025  0.128  0.040  0.023  0.862
   1.79386     -2.527657  0.014  0.013  0.531  0.088  0.020  0.022  0.112  0.031  0.027  0.859
   1.75646     -2.518161  0.012  0.013  0.566  0.076  0.021  0.018  0.095  0.023  0.030  0.855
   1.71906     -2.509124  0.011  0.013  0.603  0.062  0.021  0.015  0.077  0.016  0.032  0.850
   1.68167     -2.501499  0.008  0.013  0.644  0.047  0.019  0.012  0.060  0.011  0.030  0.844
   1.64427     -2.495571  0.006  0.012  0.685  0.032  0.016  0.010  0.043  0.006  0.029  0.840
   1.60688     -2.490964  0.004  0.010  0.723  0.020  0.012  0.008  0.028  0.003  0.026  0.836
   1.56948     -2.486798  0.002  0.009  0.755  0.011  0.008  0.007  0.015  0.002  0.023  0.833
   1.53208     -2.482350  0.000  0.005  0.783  0.006  0.005  0.005  0.007  0.003  0.017  0.831
   1.49469     -2.478077  0.000  0.004  0.807  0.005  0.001  0.002  0.002  0.001  0.007  0.829
   1.45729     -2.476122  0.000  0.004  0.820  0.004  0.000  0.000  0.000  0.000  0.000  0.829
   1.45729     -2.476122  0.000  0.004  0.820  0.004  0.000  0.000  0.000  0.000  0.000  0.829
   1.41993     -2.491049  0.001  0.011  0.750  0.014  0.001  0.014  0.006  0.012  0.026  0.836
   1.38256     -2.516676  0.005  0.027  0.690  0.024  0.002  0.023  0.014  0.021  0.036  0.843
   1.34519     -2.537506  0.005  0.052  0.661  0.029  0.003  0.025  0.022  0.021  0.029  0.845
   1.30783     -2.550899  0.004  0.075  0.636  0.035  0.004  0.023  0.032  0.018  0.019  0.846
   1.27046     -2.557882  0.004  0.094  0.608  0.042  0.005  0.021  0.045  0.015  0.011  0.848
   1.23309     -2.559910  0.004  0.106  0.574  0.056  0.007  0.021  0.062  0.014  0.006  0.849
   1.19573     -2.557939  0.003  0.112  0.532  0.076  0.008  0.021  0.081  0.012  0.005  0.851
   1.15836     -2.552403  0.003  0.113  0.482  0.107  0.008  0.022  0.100  0.012  0.006  0.853
   1.12099     -2.543440  0.001  0.108  0.424  0.148  0.008  0.024  0.120  0.011  0.011  0.855
   1.08363     -2.531579  0.001  0.101  0.364  0.194  0.007  0.025  0.137  0.010  0.018  0.857
   1.04626     -2.518180  0.001  0.093  0.310  0.235  0.004  0.028  0.151  0.010  0.028  0.858
   1.00889     -2.505136  0.003  0.086  0.265  0.266  0.003  0.029  0.161  0.009  0.036  0.861
   0.97153     -2.494237  0.004  0.082  0.230  0.286  0.004  0.032  0.171  0.009  0.044  0.862
   0.93416     -2.486691  0.004  0.080  0.206  0.298  0.006  0.033  0.179  0.008  0.051  0.864
   0.89679     -2.483133  0.006  0.077  0.186  0.305  0.008  0.034  0.187  0.008  0.055  0.866
   0.85943     -2.483799  0.007  0.077  0.170  0.307  0.012  0.035  0.195  0.007  0.059  0.866
   0.82206     -2.488649  0.008  0.075  0.158  0.309  0.015  0.035  0.201  0.006  0.062  0.868
   0.78470     -2.497596  0.008  0.073  0.148  0.308  0.018  0.036  0.210  0.005  0.062  0.868
   0.74733     -2.510540  0.009  0.072  0.140  0.309  0.021  0.035  0.218  0.004  0.061  0.870
   0.70996     -2.527414  0.009  0.071  0.134  0.308  0.022  0.034  0.228  0.004  0.059  0.869
   0.67260     -2.548223  0.010  0.070  0.129  0.305  0.023  0.033  0.239  0.003  0.055  0.869
   0.63523     -2.573000  0.011  0.068  0.127  0.303  0.024  0.030  0.252  0.003  0.050  0.869
   0.59786     -2.601815  0.011  0.069  0.125  0.297  0.024  0.028  0.268  0.004  0.044  0.868
   0.56050     -2.634695  0.012  0.068  0.123  0.291  0.024  0.025  0.284  0.004  0.037  0.868
   0.52313     -2.671632  0.013  0.068  0.121  0.283  0.024  0.022  0.302  0.005  0.030  0.869
   0.48576     -2.712471  0.013  0.067  0.119  0.274  0.025  0.020  0.321  0.006  0.023  0.870
   0.44840     -2.756873  0.014  0.067  0.117  0.261  0.028  0.017  0.341  0.008  0.016  0.871
   0.41103     -2.804199  0.015  0.067  0.112  0.245  0.034  0.018  0.364  0.011  0.009  0.875
   0.37366     -2.852318  0.014  0.068  0.101  0.188  0.058  0.027  0.400  0.026  0.007  0.891
   0.33630     -2.875655  0.009  0.041  0.048  0.046  0.155  0.076  0.276  0.137  0.160  0.944
   0.29893     -2.867930  0.008  0.026  0.033  0.092  0.155  0.061  0.193  0.162  0.209  0.941
   0.26157     -2.862500  0.006  0.022  0.027  0.112  0.158  0.047  0.172  0.177  0.217  0.940
   0.22420     -2.861135  0.005  0.021  0.021  0.122  0.162  0.037  0.161  0.192  0.219  0.941
   0.18683     -2.862821  0.003  0.019  0.016  0.126  0.168  0.031  0.155  0.207  0.217  0.943
   0.14947     -2.866213  0.003  0.017  0.012  0.127  0.174  0.027  0.150  0.220  0.213  0.945
   0.11210     -2.870086  0.003  0.015  0.009  0.126  0.179  0.025  0.148  0.230  0.210  0.947
   0.07473     -2.873490  0.003  0.014  0.007  0.124  0.183  0.024  0.146  0.237  0.207  0.948
   0.03737     -2.875778  0.003  0.014  0.005  0.123  0.186  0.024  0.146  0.242  0.206  0.950
   0.00000     -2.876581  0.003  0.014  0.005  0.123  0.187  0.024  0.145  0.244  0.204  0.949
 
# Band-Index:   13
   0.00000     -2.322232  0.044  0.000  0.093  0.020  0.081  0.427  0.086  0.040  0.161  0.955
   0.03737     -2.323475  0.044  0.000  0.093  0.021  0.081  0.427  0.086  0.040  0.160  0.954
   0.07473     -2.327061  0.044  0.002  0.093  0.022  0.081  0.427  0.085  0.040  0.158  0.953
   0.11210     -2.332543  0.044  0.002  0.092  0.026  0.081  0.428  0.085  0.042  0.154  0.951
   0.14947     -2.339141  0.044  0.002  0.091  0.030  0.080  0.426  0.084  0.043  0.148  0.948
   0.18683     -2.345739  0.044  0.003  0.090  0.037  0.079  0.423  0.083  0.044  0.143  0.946
   0.22420     -2.350837  0.044  0.006  0.088  0.046  0.079  0.417  0.080  0.045  0.137  0.943
   0.26157     -2.352679  0.043  0.008  0.087  0.059  0.080  0.408  0.078  0.046  0.133  0.938
   0.29893     -2.349506  0.041  0.011  0.087  0.070  0.080  0.394  0.076  0.047  0.129  0.934
   0.33630     -2.339838  0.040  0.016  0.086  0.082  0.080  0.377  0.076  0.046  0.128  0.930
   0.37366     -2.322844  0.037  0.021  0.088  0.091  0.080  0.358  0.076  0.044  0.128  0.926
   0.41103     -2.298459  0.035  0.028  0.092  0.098  0.081  0.339  0.077  0.042  0.131  0.922
   0.44840     -2.267342  0.034  0.034  0.098  0.097  0.083  0.321  0.079  0.036  0.133  0.918
   0.48576     -2.230679  0.034  0.041  0.106  0.092  0.086  0.305  0.082  0.031  0.137  0.915
   0.52313     -2.190178  0.031  0.048  0.114  0.083  0.091  0.291  0.083  0.027  0.143  0.912
   0.56050     -2.148081  0.031  0.053  0.122  0.070  0.100  0.279  0.083  0.023  0.152  0.912
   0.59786     -2.107253  0.031  0.055  0.127  0.053  0.114  0.265  0.081  0.020  0.167  0.913
   0.63523     -2.071163  0.031  0.052  0.128  0.036  0.135  0.246  0.077  0.020  0.194  0.917
   0.67260     -2.043399  0.029  0.046  0.123  0.020  0.162  0.220  0.071  0.022  0.231  0.923
   0.70996     -2.026518  0.024  0.039  0.110  0.009  0.191  0.188  0.065  0.026  0.275  0.929
   0.74733     -2.020922  0.021  0.031  0.096  0.003  0.220  0.153  0.059  0.032  0.319  0.935
   0.78470     -2.024894  0.019  0.026  0.080  0.002  0.244  0.122  0.051  0.037  0.357  0.938
   0.82206     -2.035808  0.014  0.021  0.066  0.005  0.263  0.097  0.043  0.043  0.387  0.942
   0.85943     -2.051191  0.013  0.020  0.053  0.008  0.278  0.078  0.036  0.046  0.410  0.942
   0.89679     -2.069053  0.011  0.019  0.043  0.011  0.289  0.063  0.028  0.048  0.427  0.942
   0.93416     -2.087891  0.011  0.020  0.036  0.014  0.296  0.052  0.022  0.051  0.439  0.942
   0.97153     -2.106528  0.010  0.021  0.030  0.016  0.299  0.045  0.016  0.054  0.447  0.940
   1.00889     -2.124136  0.011  0.024  0.026  0.018  0.299  0.041  0.013  0.057  0.451  0.940
   1.04626     -2.140243  0.010  0.026  0.024  0.020  0.294  0.039  0.011  0.061  0.453  0.940
   1.08363     -2.154774  0.010  0.028  0.024  0.024  0.284  0.038  0.010  0.065  0.453  0.938
   1.12099     -2.168068  0.011  0.030  0.027  0.028  0.271  0.039  0.010  0.069  0.451  0.936
   1.15836     -2.180850  0.011  0.033  0.032  0.034  0.254  0.041  0.010  0.074  0.447  0.934
   1.19573     -2.194153  0.009  0.034  0.040  0.038  0.234  0.045  0.011  0.079  0.441  0.932
   1.23309     -2.209305  0.008  0.035  0.053  0.044  0.209  0.050  0.013  0.085  0.434  0.930
   1.27046     -2.227832  0.007  0.035  0.068  0.050  0.180  0.056  0.014  0.090  0.424  0.927
   1.30783     -2.251328  0.007  0.035  0.085  0.055  0.148  0.065  0.016  0.096  0.413  0.921
   1.34519     -2.280947  0.006  0.032  0.102  0.062  0.116  0.077  0.020  0.102  0.400  0.919
   1.38256     -2.316198  0.006  0.026  0.104  0.070  0.087  0.091  0.025  0.111  0.393  0.916
   1.41993     -2.351998  0.010  0.020  0.066  0.082  0.067  0.112  0.032  0.126  0.405  0.918
   1.45729     -2.370607  0.011  0.018  0.003  0.093  0.061  0.130  0.039  0.141  0.432  0.925
   1.45729     -2.370607  0.011  0.018  0.003  0.093  0.061  0.130  0.039  0.141  0.432  0.925
   1.49469     -2.362383  0.011  0.025  0.010  0.091  0.061  0.126  0.038  0.138  0.423  0.923
   1.53208     -2.339725  0.012  0.044  0.017  0.089  0.064  0.118  0.037  0.129  0.411  0.920
   1.56948     -2.306029  0.012  0.071  0.017  0.084  0.069  0.108  0.034  0.119  0.403  0.918
   1.60688     -2.263818  0.012  0.099  0.012  0.076  0.080  0.097  0.031  0.107  0.398  0.913
   1.64427     -2.215240  0.011  0.129  0.008  0.068  0.094  0.084  0.028  0.095  0.395  0.911
   1.68167     -2.162772  0.009  0.151  0.006  0.059  0.115  0.068  0.023  0.083  0.393  0.909
   1.71906     -2.109432  0.008  0.169  0.005  0.051  0.145  0.051  0.019  0.071  0.391  0.909
   1.75646     -2.058679  0.007  0.179  0.004  0.044  0.183  0.032  0.013  0.059  0.388  0.911
   1.79386     -2.013993  0.007  0.182  0.002  0.037  0.233  0.016  0.009  0.047  0.380  0.912
   1.83125     -1.978208  0.007  0.178  0.003  0.031  0.286  0.005  0.004  0.035  0.366  0.915
   1.86865     -1.952517  0.007  0.172  0.004  0.026  0.335  0.002  0.001  0.025  0.346  0.918
   1.90604     -1.936227  0.009  0.165  0.005  0.022  0.369  0.008  0.000  0.019  0.324  0.920
   1.94344     -1.927597  0.009  0.163  0.005  0.019  0.390  0.014  0.000  0.014  0.304  0.920
   1.98084     -1.924919  0.008  0.162  0.006  0.018  0.398  0.022  0.001  0.011  0.289  0.919
   2.01823     -1.926976  0.010  0.165  0.008  0.018  0.398  0.030  0.002  0.010  0.278  0.918
   2.05563     -1.933059  0.011  0.170  0.010  0.016  0.392  0.035  0.003  0.009  0.272  0.917
   2.09302     -1.942785  0.011  0.177  0.012  0.016  0.380  0.039  0.004  0.008  0.268  0.914
   2.13042     -1.955912  0.010  0.184  0.014  0.017  0.363  0.042  0.009  0.008  0.265  0.913
   2.16782     -1.972176  0.010  0.190  0.018  0.016  0.342  0.045  0.015  0.009  0.263  0.909
   2.20521     -1.991050  0.011  0.196  0.026  0.017  0.316  0.048  0.025  0.009  0.260  0.906
   2.24261     -2.011404  0.011  0.197  0.035  0.020  0.280  0.053  0.041  0.010  0.254  0.902
   2.28000     -2.030863  0.012  0.191  0.050  0.028  0.235  0.061  0.070  0.013  0.240  0.898
   2.31740     -2.044983  0.012  0.169  0.076  0.042  0.177  0.072  0.111  0.023  0.214  0.897
   2.35480     -2.047680  0.015  0.133  0.107  0.063  0.111  0.084  0.163  0.044  0.176  0.897
   2.39219     -2.035663  0.017  0.093  0.134  0.083  0.059  0.095  0.206  0.072  0.141  0.900
   2.42959     -2.012220  0.017  0.063  0.150  0.097  0.030  0.100  0.228  0.097  0.121  0.906
   2.46698     -1.983579  0.018  0.043  0.159  0.102  0.019  0.104  0.231  0.117  0.115  0.910
   2.50438     -1.955022  0.020  0.031  0.164  0.105  0.013  0.109  0.220  0.134  0.118  0.916
   2.54178     -1.930526  0.020  0.022  0.168  0.108  0.012  0.116  0.196  0.148  0.129  0.920
   2.57917     -1.913417  0.021  0.016  0.172  0.112  0.011  0.131  0.156  0.158  0.143  0.922
   2.61657     -1.906457  0.023  0.013  0.174  0.116  0.013  0.156  0.108  0.162  0.160  0.925
   2.65396     -1.910442  0.026  0.014  0.170  0.118  0.015  0.190  0.063  0.158  0.172  0.926
   2.69136     -1.923067  0.029  0.016  0.162  0.115  0.019  0.222  0.035  0.150  0.179  0.927
   2.72876     -1.940252  0.030  0.019  0.153  0.111  0.023  0.247  0.020  0.142  0.183  0.929
   2.76615     -1.958287  0.032  0.021  0.146  0.105  0.024  0.264  0.014  0.138  0.186  0.930
   2.80355     -1.974524  0.033  0.022  0.140  0.101  0.026  0.275  0.011  0.135  0.189  0.932
   2.84094     -1.987210  0.032  0.023  0.136  0.096  0.027  0.283  0.010  0.134  0.191  0.933
   2.87834     -1.995233  0.033  0.024  0.133  0.094  0.026  0.287  0.009  0.133  0.193  0.933
   2.91574     -1.997971  0.033  0.024  0.133  0.093  0.027  0.288  0.009  0.133  0.193  0.934
 
# Band-Index:   14
   2.91574     -1.686609  0.012  0.021  0.025  0.004  0.108  0.218  0.479  0.076  0.024  0.967
   2.87834     -1.687562  0.012  0.023  0.025  0.004  0.107  0.219  0.479  0.075  0.024  0.967
   2.84094     -1.690353  0.011  0.023  0.024  0.005  0.107  0.222  0.478  0.072  0.022  0.967
   2.80355     -1.694803  0.011  0.025  0.024  0.007  0.105  0.228  0.475  0.067  0.020  0.964
   2.76615     -1.700490  0.012  0.029  0.022  0.011  0.104  0.237  0.472  0.059  0.016  0.962
   2.72876     -1.706551  0.012  0.032  0.020  0.016  0.103  0.253  0.465  0.048  0.011  0.960
   2.69136     -1.711396  0.013  0.038  0.018  0.023  0.102  0.274  0.449  0.035  0.007  0.956
   2.65396     -1.712439  0.014  0.043  0.017  0.033  0.100  0.302  0.420  0.020  0.003  0.953
   2.61657     -1.706707  0.015  0.047  0.020  0.049  0.098  0.330  0.374  0.007  0.005  0.948
   2.57917     -1.692807  0.016  0.050  0.029  0.068  0.093  0.350  0.324  0.003  0.010  0.942
   2.54178     -1.672147  0.016  0.050  0.039  0.084  0.087  0.358  0.282  0.005  0.015  0.936
   2.50438     -1.647524  0.016  0.050  0.048  0.096  0.082  0.359  0.254  0.008  0.017  0.933
   2.46698     -1.621458  0.015  0.052  0.055  0.107  0.076  0.356  0.238  0.013  0.017  0.929
   2.42959     -1.595751  0.014  0.056  0.059  0.114  0.071  0.350  0.229  0.018  0.015  0.928
   2.39219     -1.571600  0.012  0.060  0.061  0.118  0.065  0.344  0.225  0.024  0.014  0.926
   2.35480     -1.549806  0.011  0.066  0.064  0.119  0.059  0.337  0.224  0.030  0.013  0.925
   2.31740     -1.530960  0.011  0.075  0.063  0.120  0.053  0.329  0.223  0.037  0.014  0.925
   2.28000     -1.515528  0.010  0.085  0.061  0.118  0.047  0.322  0.222  0.043  0.016  0.924
   2.24261     -1.503990  0.010  0.095  0.059  0.115  0.041  0.315  0.221  0.049  0.019  0.923
   2.20521     -1.496831  0.008  0.106  0.057  0.112  0.037  0.307  0.218  0.055  0.023  0.922
   2.16782     -1.494561  0.008  0.118  0.055  0.107  0.034  0.301  0.213  0.060  0.029  0.922
   2.13042     -1.497675  0.008  0.128  0.051  0.100  0.032  0.295  0.207  0.063  0.035  0.922
   2.09302     -1.506584  0.008  0.139  0.048  0.094  0.032  0.292  0.200  0.067  0.042  0.921
   2.05563     -1.521483  0.007  0.149  0.046  0.089  0.035  0.290  0.192  0.068  0.046  0.920
   2.01823     -1.542231  0.007  0.155  0.044  0.082  0.040  0.292  0.184  0.069  0.048  0.920
   1.98084     -1.568186  0.008  0.160  0.040  0.075  0.050  0.295  0.177  0.068  0.047  0.919
   1.94344     -1.598032  0.010  0.158  0.039  0.068  0.067  0.301  0.170  0.065  0.042  0.919
   1.90604     -1.629676  0.011  0.151  0.037  0.061  0.095  0.307  0.164  0.061  0.032  0.919
   1.86865     -1.660193  0.013  0.140  0.036  0.053  0.136  0.311  0.159  0.054  0.020  0.920
   1.83125     -1.686427  0.014  0.126  0.033  0.044  0.190  0.309  0.152  0.046  0.009  0.923
   1.79386     -1.706080  0.015  0.111  0.032  0.035  0.247  0.299  0.146  0.037  0.004  0.926
   1.75646     -1.718597  0.016  0.098  0.031  0.026  0.300  0.285  0.140  0.029  0.005  0.929
   1.71906     -1.724936  0.017  0.087  0.029  0.018  0.342  0.268  0.135  0.024  0.012  0.932
   1.68167     -1.726700  0.017  0.080  0.029  0.012  0.373  0.253  0.131  0.019  0.021  0.935
   1.64427     -1.725455  0.018  0.074  0.029  0.008  0.395  0.241  0.129  0.016  0.028  0.936
   1.60688     -1.722574  0.018  0.071  0.029  0.005  0.410  0.231  0.127  0.015  0.035  0.939
   1.56948     -1.719180  0.018  0.067  0.027  0.002  0.421  0.223  0.126  0.015  0.040  0.942
   1.53208     -1.716139  0.018  0.066  0.027  0.001  0.428  0.218  0.126  0.014  0.044  0.942
   1.49469     -1.714068  0.019  0.065  0.027  0.000  0.431  0.215  0.125  0.014  0.045  0.942
   1.45729     -1.713338  0.019  0.064  0.027  0.000  0.433  0.214  0.125  0.014  0.046  0.941
   1.45729     -1.713338  0.019  0.064  0.027  0.000  0.433  0.214  0.125  0.014  0.046  0.941
   1.41993     -1.707998  0.016  0.066  0.031  0.000  0.424  0.217  0.127  0.014  0.043  0.942
   1.38256     -1.693027  0.015  0.070  0.042  0.002  0.401  0.228  0.130  0.015  0.037  0.940
   1.34519     -1.671332  0.013  0.076  0.056  0.002  0.367  0.242  0.134  0.016  0.031  0.939
   1.30783     -1.646883  0.012  0.080  0.069  0.005  0.327  0.259  0.140  0.018  0.024  0.938
   1.27046     -1.623631  0.014  0.082  0.082  0.008  0.290  0.278  0.144  0.020  0.020  0.936
   1.23309     -1.604519  0.017  0.081  0.093  0.011  0.254  0.294  0.146  0.021  0.017  0.935
   1.19573     -1.591133  0.019  0.079  0.100  0.014  0.225  0.310  0.147  0.023  0.014  0.933
   1.15836     -1.583781  0.024  0.075  0.107  0.020  0.202  0.324  0.144  0.023  0.012  0.930
   1.12099     -1.581836  0.028  0.069  0.111  0.026  0.183  0.335  0.140  0.022  0.011  0.927
   1.08363     -1.584126  0.033  0.064  0.116  0.033  0.169  0.345  0.132  0.020  0.010  0.924
   1.04626     -1.589297  0.039  0.058  0.120  0.042  0.159  0.353  0.122  0.018  0.009  0.920
   1.00889     -1.596017  0.043  0.054  0.125  0.051  0.153  0.357  0.109  0.014  0.009  0.916
   0.97153     -1.603240  0.047  0.050  0.127  0.063  0.150  0.359  0.094  0.011  0.011  0.911
   0.93416     -1.610321  0.049  0.047  0.129  0.077  0.151  0.357  0.076  0.007  0.016  0.908
   0.89679     -1.617113  0.050  0.046  0.128  0.089  0.154  0.350  0.057  0.003  0.024  0.903
   0.85943     -1.623976  0.050  0.047  0.124  0.102  0.160  0.337  0.038  0.002  0.039  0.899
   0.82206     -1.631547  0.049  0.050  0.115  0.115  0.167  0.316  0.022  0.003  0.061  0.898
   0.78470     -1.640236  0.045  0.052  0.101  0.127  0.176  0.283  0.013  0.007  0.093  0.897
   0.74733     -1.649309  0.038  0.053  0.081  0.131  0.189  0.239  0.016  0.015  0.135  0.899
   0.70996     -1.656428  0.031  0.050  0.059  0.131  0.205  0.187  0.032  0.027  0.185  0.906
   0.67260     -1.658442  0.024  0.044  0.039  0.121  0.224  0.138  0.052  0.038  0.236  0.916
   0.63523     -1.653236  0.019  0.036  0.023  0.106  0.242  0.099  0.075  0.047  0.279  0.926
   0.59786     -1.640685  0.014  0.030  0.015  0.090  0.258  0.071  0.095  0.053  0.308  0.935
   0.56050     -1.621997  0.012  0.023  0.008  0.076  0.269  0.054  0.111  0.058  0.328  0.942
   0.52313     -1.598711  0.011  0.020  0.006  0.063  0.279  0.045  0.126  0.061  0.338  0.947
   0.48576     -1.572216  0.008  0.016  0.005  0.051  0.286  0.038  0.139  0.064  0.341  0.952
   0.44840     -1.543642  0.008  0.013  0.003  0.043  0.293  0.036  0.149  0.066  0.341  0.956
   0.41103     -1.513916  0.008  0.012  0.005  0.035  0.298  0.036  0.160  0.068  0.338  0.960
   0.37366     -1.483837  0.007  0.011  0.005  0.029  0.305  0.035  0.168  0.069  0.333  0.962
   0.33630     -1.454115  0.007  0.009  0.005  0.023  0.309  0.036  0.176  0.071  0.327  0.965
   0.29893     -1.425427  0.006  0.009  0.007  0.019  0.314  0.039  0.183  0.072  0.320  0.967
   0.26157     -1.398399  0.007  0.009  0.007  0.014  0.319  0.040  0.189  0.073  0.312  0.969
   0.22420     -1.373630  0.005  0.007  0.008  0.011  0.323  0.042  0.193  0.074  0.305  0.971
   0.18683     -1.351669  0.005  0.006  0.008  0.009  0.328  0.044  0.196  0.075  0.299  0.972
   0.14947     -1.333000  0.005  0.006  0.010  0.007  0.332  0.045  0.199  0.076  0.293  0.974
   0.11210     -1.318039  0.004  0.006  0.010  0.005  0.335  0.047  0.200  0.076  0.288  0.975
   0.07473     -1.307113  0.004  0.006  0.012  0.004  0.338  0.049  0.201  0.077  0.284  0.975
   0.03737     -1.300463  0.004  0.006  0.012  0.003  0.339  0.050  0.202  0.077  0.282  0.975
   0.00000     -1.298229  0.004  0.006  0.012  0.003  0.340  0.050  0.202  0.077  0.281  0.976
 
# Band-Index:   15
   0.00000     -1.101113  0.022  0.038  0.102  0.002  0.259  0.142  0.360  0.020  0.010  0.956
   0.03737     -1.102127  0.022  0.038  0.102  0.003  0.259  0.142  0.360  0.020  0.010  0.956
   0.07473     -1.105151  0.022  0.038  0.102  0.004  0.258  0.143  0.359  0.020  0.010  0.956
   0.11210     -1.110184  0.022  0.038  0.103  0.004  0.258  0.143  0.358  0.019  0.009  0.956
   0.14947     -1.117193  0.022  0.038  0.104  0.004  0.257  0.143  0.357  0.019  0.009  0.954
   0.18683     -1.126145  0.023  0.038  0.105  0.005  0.256  0.144  0.356  0.018  0.007  0.954
   0.22420     -1.136987  0.023  0.040  0.105  0.008  0.253  0.144  0.356  0.017  0.007  0.954
   0.26157     -1.149621  0.024  0.041  0.106  0.009  0.250  0.144  0.357  0.017  0.007  0.952
   0.29893     -1.163911  0.025  0.041  0.107  0.010  0.245  0.143  0.359  0.015  0.007  0.951
   0.33630     -1.179670  0.026  0.041  0.107  0.013  0.238  0.143  0.362  0.015  0.007  0.950
   0.37366     -1.196644  0.025  0.042  0.107  0.016  0.231  0.142  0.367  0.014  0.007  0.948
   0.41103     -1.214475  0.025  0.043  0.106  0.017  0.222  0.140  0.374  0.014  0.007  0.947
   0.44840     -1.232737  0.025  0.045  0.105  0.019  0.211  0.138  0.383  0.013  0.006  0.946
   0.48576     -1.250849  0.025  0.047  0.103  0.021  0.198  0.134  0.396  0.013  0.007  0.945
   0.52313     -1.268070  0.025  0.050  0.101  0.022  0.185  0.129  0.410  0.014  0.007  0.944
   0.56050     -1.283438  0.023  0.055  0.098  0.024  0.169  0.123  0.428  0.015  0.007  0.943
   0.59786     -1.295722  0.022  0.061  0.094  0.024  0.153  0.113  0.450  0.017  0.007  0.941
   0.63523     -1.303287  0.019  0.069  0.089  0.024  0.133  0.101  0.474  0.020  0.008  0.940
   0.67260     -1.304089  0.016  0.081  0.083  0.022  0.113  0.086  0.500  0.025  0.010  0.939
   0.70996     -1.295738  0.012  0.098  0.074  0.022  0.091  0.071  0.525  0.030  0.013  0.936
   0.74733     -1.276041  0.008  0.118  0.066  0.021  0.070  0.057  0.541  0.034  0.014  0.931
   0.78470     -1.243866  0.006  0.142  0.059  0.021  0.051  0.049  0.546  0.038  0.016  0.927
   0.82206     -1.199848  0.004  0.166  0.054  0.022  0.036  0.046  0.539  0.040  0.015  0.921
   0.85943     -1.146186  0.003  0.186  0.050  0.022  0.026  0.050  0.525  0.041  0.013  0.917
   0.89679     -1.085764  0.002  0.206  0.046  0.022  0.019  0.056  0.507  0.041  0.011  0.912
   0.93416     -1.021431  0.002  0.221  0.044  0.021  0.015  0.065  0.490  0.040  0.008  0.907
   0.97153     -0.955664  0.004  0.236  0.042  0.020  0.011  0.073  0.475  0.040  0.005  0.906
   1.00889     -0.890579  0.004  0.248  0.040  0.019  0.010  0.079  0.461  0.040  0.003  0.904
   1.04626     -0.827879  0.004  0.259  0.036  0.018  0.010  0.083  0.451  0.040  0.002  0.904
   1.08363     -0.768968  0.004  0.266  0.033  0.016  0.011  0.087  0.442  0.041  0.001  0.905
   1.12099     -0.714972  0.004  0.273  0.032  0.015  0.011  0.089  0.437  0.042  0.002  0.906
   1.15836     -0.666742  0.004  0.277  0.030  0.015  0.014  0.089  0.433  0.044  0.002  0.908
   1.19573     -0.624846  0.006  0.279  0.028  0.013  0.016  0.088  0.432  0.046  0.002  0.910
   1.23309     -0.589646  0.004  0.279  0.027  0.013  0.018  0.085  0.432  0.048  0.003  0.911
   1.27046     -0.561099  0.003  0.278  0.025  0.012  0.021  0.082  0.435  0.051  0.004  0.912
   1.30783     -0.538941  0.004  0.275  0.025  0.012  0.023  0.079  0.438  0.054  0.004  0.914
   1.34519     -0.522679  0.005  0.272  0.025  0.012  0.025  0.077  0.441  0.055  0.005  0.916
   1.38256     -0.511682  0.006  0.268  0.025  0.011  0.026  0.074  0.443  0.058  0.005  0.916
   1.41993     -0.505370  0.006  0.266  0.025  0.011  0.027  0.073  0.446  0.059  0.005  0.917
   1.45729     -0.503334  0.005  0.266  0.025  0.011  0.027  0.072  0.446  0.060  0.005  0.918
   1.45729     -0.503334  0.005  0.266  0.025  0.011  0.027  0.072  0.446  0.060  0.005  0.918
   1.49469     -0.503467  0.005  0.266  0.025  0.011  0.027  0.073  0.445  0.060  0.005  0.917
   1.53208     -0.503889  0.005  0.266  0.025  0.012  0.027  0.074  0.442  0.060  0.006  0.917
   1.56948     -0.504591  0.005  0.268  0.025  0.012  0.026  0.076  0.438  0.059  0.006  0.916
   1.60688     -0.505494  0.005  0.268  0.026  0.014  0.025  0.078  0.432  0.058  0.007  0.915
   1.64427     -0.506503  0.005  0.272  0.026  0.016  0.024  0.082  0.424  0.057  0.008  0.915
   1.68167     -0.507505  0.005  0.274  0.027  0.017  0.022  0.087  0.415  0.056  0.010  0.914
   1.71906     -0.508319  0.004  0.278  0.028  0.019  0.021  0.091  0.405  0.054  0.012  0.913
   1.75646     -0.508787  0.004  0.282  0.029  0.021  0.019  0.098  0.393  0.052  0.014  0.912
   1.79386     -0.508612  0.004  0.286  0.029  0.022  0.017  0.105  0.378  0.050  0.018  0.910
   1.83125     -0.507477  0.003  0.291  0.029  0.023  0.015  0.113  0.364  0.047  0.022  0.909
   1.86865     -0.505054  0.003  0.297  0.029  0.023  0.014  0.121  0.347  0.045  0.026  0.909
   1.90604     -0.500995  0.003  0.305  0.029  0.023  0.013  0.130  0.330  0.042  0.032  0.908
   1.94344     -0.494955  0.003  0.311  0.029  0.023  0.013  0.139  0.312  0.038  0.039  0.907
   1.98084     -0.486720  0.002  0.318  0.029  0.022  0.014  0.148  0.294  0.035  0.046  0.908
   2.01823     -0.476142  0.002  0.326  0.028  0.021  0.016  0.158  0.274  0.032  0.053  0.908
   2.05563     -0.463295  0.001  0.333  0.026  0.019  0.018  0.166  0.256  0.029  0.061  0.908
   2.09302     -0.448408  0.001  0.339  0.024  0.017  0.022  0.173  0.238  0.027  0.068  0.909
   2.13042     -0.431810  0.000  0.345  0.023  0.016  0.027  0.180  0.220  0.024  0.074  0.911
   2.16782     -0.413969  0.000  0.349  0.021  0.014  0.034  0.185  0.205  0.022  0.080  0.911
   2.20521     -0.395369  0.000  0.353  0.020  0.012  0.041  0.190  0.191  0.021  0.085  0.912
   2.24261     -0.376456  0.000  0.355  0.018  0.010  0.048  0.192  0.179  0.021  0.089  0.915
   2.28000     -0.357555  0.000  0.356  0.016  0.010  0.057  0.194  0.169  0.020  0.092  0.916
   2.31740     -0.338916  0.000  0.357  0.014  0.008  0.067  0.196  0.158  0.020  0.095  0.916
   2.35480     -0.320588  0.000  0.357  0.012  0.009  0.077  0.194  0.150  0.020  0.097  0.918
   2.39219     -0.302604  0.000  0.356  0.011  0.007  0.087  0.193  0.142  0.021  0.100  0.918
   2.42959     -0.284864  0.000  0.356  0.010  0.007  0.097  0.191  0.135  0.021  0.102  0.920
   2.46698     -0.267302  0.000  0.355  0.010  0.005  0.106  0.187  0.129  0.021  0.104  0.920
   2.50438     -0.249889  0.000  0.354  0.010  0.005  0.114  0.184  0.123  0.022  0.108  0.920
   2.54178     -0.232656  0.000  0.353  0.009  0.005  0.122  0.180  0.117  0.022  0.110  0.921
   2.57917     -0.215773  0.000  0.353  0.010  0.005  0.128  0.176  0.113  0.022  0.113  0.921
   2.61657     -0.199461  0.000  0.352  0.011  0.005  0.134  0.172  0.109  0.022  0.116  0.922
   2.65396     -0.184030  0.000  0.351  0.010  0.005  0.138  0.169  0.105  0.022  0.119  0.922
   2.69136     -0.169813  0.000  0.351  0.011  0.004  0.142  0.166  0.101  0.022  0.122  0.923
   2.72876     -0.157147  0.000  0.350  0.012  0.004  0.144  0.163  0.099  0.023  0.125  0.923
   2.76615     -0.146333  0.000  0.350  0.012  0.004  0.147  0.161  0.097  0.023  0.127  0.923
   2.80355     -0.137645  0.000  0.349  0.013  0.004  0.148  0.160  0.095  0.023  0.129  0.923
   2.84094     -0.131289  0.000  0.349  0.013  0.004  0.148  0.160  0.094  0.024  0.130  0.923
   2.87834     -0.127427  0.000  0.349  0.014  0.004  0.149  0.159  0.094  0.024  0.131  0.923
   2.91574     -0.126124  0.000  0.349  0.014  0.004  0.149  0.158  0.094  0.024  0.131  0.923
 
# Band-Index:   16
   2.91574      1.534266  0.023  0.002  0.000  0.008  0.439  0.017  0.022  0.078  0.365  0.954
   2.87834      1.532611  0.024  0.002  0.000  0.008  0.438  0.017  0.021  0.079  0.365  0.953
   2.84094      1.527632  0.025  0.002  0.000  0.008  0.436  0.020  0.020  0.081  0.362  0.953
   2.80355      1.519271  0.026  0.002  0.000  0.008  0.431  0.023  0.017  0.083  0.358  0.950
   2.76615      1.507464  0.028  0.002  0.001  0.008  0.425  0.029  0.015  0.087  0.351  0.948
   2.72876      1.492204  0.030  0.005  0.001  0.008  0.417  0.037  0.011  0.092  0.343  0.944
   2.69136      1.473611  0.034  0.005  0.002  0.008  0.407  0.046  0.009  0.097  0.332  0.939
   2.65396      1.451957  0.036  0.005  0.003  0.008  0.396  0.057  0.006  0.102  0.320  0.935
   2.61657      1.427699  0.041  0.007  0.004  0.009  0.385  0.066  0.004  0.107  0.308  0.931
   2.57917      1.401455  0.043  0.007  0.005  0.009  0.375  0.077  0.004  0.109  0.296  0.925
   2.54178      1.373913  0.046  0.008  0.006  0.009  0.367  0.086  0.004  0.110  0.284  0.920
   2.50438      1.345745  0.047  0.010  0.007  0.009  0.361  0.095  0.003  0.109  0.275  0.917
   2.46698      1.317499  0.048  0.010  0.008  0.009  0.357  0.103  0.003  0.106  0.267  0.912
   2.42959      1.289571  0.048  0.012  0.009  0.009  0.355  0.112  0.004  0.100  0.259  0.908
   2.39219      1.262192  0.047  0.014  0.010  0.011  0.354  0.121  0.005  0.091  0.252  0.905
   2.35480      1.235462  0.047  0.016  0.013  0.011  0.353  0.132  0.005  0.082  0.245  0.901
   2.31740      1.209395  0.047  0.018  0.013  0.011  0.351  0.144  0.006  0.071  0.236  0.899
   2.28000      1.183980  0.047  0.020  0.014  0.013  0.348  0.158  0.008  0.062  0.227  0.895
   2.24261      1.159179  0.047  0.023  0.015  0.013  0.344  0.172  0.010  0.053  0.216  0.893
   2.20521      1.134949  0.048  0.025  0.015  0.014  0.337  0.189  0.012  0.045  0.204  0.889
   2.16782      1.111220  0.050  0.027  0.017  0.015  0.328  0.206  0.015  0.038  0.191  0.886
   2.13042      1.087875  0.053  0.029  0.018  0.015  0.317  0.223  0.017  0.033  0.177  0.883
   2.09302      1.064728  0.057  0.029  0.019  0.018  0.306  0.240  0.019  0.028  0.162  0.879
   2.05563      1.041539  0.061  0.030  0.020  0.018  0.293  0.257  0.022  0.025  0.148  0.875
   2.01823      1.018001  0.067  0.030  0.022  0.021  0.279  0.273  0.024  0.023  0.134  0.871
   1.98084      0.993763  0.075  0.030  0.023  0.021  0.265  0.287  0.025  0.021  0.121  0.867
   1.94344      0.968465  0.083  0.029  0.024  0.021  0.250  0.299  0.027  0.020  0.108  0.862
   1.90604      0.941731  0.093  0.029  0.025  0.023  0.235  0.307  0.028  0.020  0.096  0.856
   1.86865      0.913254  0.105  0.029  0.025  0.023  0.221  0.313  0.027  0.020  0.087  0.849
   1.83125      0.882852  0.118  0.028  0.025  0.024  0.206  0.315  0.026  0.021  0.078  0.842
   1.79386      0.850516  0.133  0.026  0.025  0.023  0.193  0.316  0.026  0.023  0.072  0.836
   1.75646      0.816509  0.151  0.025  0.023  0.021  0.181  0.313  0.024  0.024  0.067  0.830
   1.71906      0.781440  0.168  0.024  0.021  0.020  0.169  0.307  0.022  0.026  0.063  0.822
   1.68167      0.746257  0.186  0.024  0.020  0.017  0.158  0.300  0.020  0.027  0.062  0.815
   1.64427      0.712344  0.204  0.022  0.016  0.014  0.149  0.293  0.017  0.029  0.062  0.808
   1.60688      0.681281  0.220  0.021  0.013  0.012  0.141  0.286  0.016  0.031  0.063  0.803
   1.56948      0.654774  0.234  0.021  0.010  0.007  0.134  0.280  0.015  0.032  0.064  0.799
   1.53208      0.634468  0.246  0.021  0.007  0.004  0.129  0.275  0.013  0.033  0.065  0.795
   1.49469      0.621678  0.252  0.021  0.004  0.003  0.126  0.273  0.012  0.034  0.067  0.794
   1.45729      0.617324  0.255  0.021  0.004  0.002  0.125  0.271  0.012  0.034  0.066  0.793
   1.45729      0.617324  0.255  0.021  0.004  0.002  0.125  0.271  0.012  0.034  0.066  0.793
   1.41993      0.624822  0.253  0.021  0.004  0.002  0.128  0.269  0.012  0.034  0.067  0.793
   1.38256      0.647140  0.247  0.026  0.007  0.002  0.136  0.265  0.013  0.034  0.067  0.794
   1.34519      0.683603  0.235  0.031  0.010  0.004  0.148  0.255  0.012  0.035  0.068  0.797
   1.30783      0.732846  0.221  0.038  0.012  0.004  0.165  0.244  0.012  0.036  0.070  0.801
   1.27046      0.792560  0.202  0.045  0.016  0.004  0.187  0.228  0.012  0.037  0.075  0.806
   1.23309      0.859343  0.181  0.054  0.019  0.006  0.213  0.209  0.011  0.038  0.084  0.814
   1.19573      0.928851  0.158  0.061  0.021  0.006  0.244  0.184  0.011  0.039  0.098  0.822
   1.15836      0.996092  0.136  0.066  0.022  0.006  0.279  0.153  0.009  0.040  0.119  0.832
   1.12099      1.055986  0.118  0.069  0.023  0.009  0.317  0.112  0.008  0.041  0.147  0.843
   1.08363      1.103907  0.103  0.067  0.021  0.009  0.354  0.069  0.008  0.043  0.182  0.853
   1.04626      1.136595  0.090  0.062  0.018  0.009  0.382  0.029  0.010  0.043  0.217  0.862
   1.00889      1.153335  0.083  0.056  0.016  0.011  0.393  0.008  0.016  0.042  0.247  0.872
   0.97153      1.156431  0.079  0.049  0.013  0.010  0.389  0.008  0.026  0.040  0.266  0.880
   0.93416      1.149942  0.076  0.041  0.011  0.009  0.373  0.025  0.037  0.038  0.275  0.886
   0.89679      1.137824  0.073  0.035  0.010  0.009  0.352  0.050  0.049  0.034  0.277  0.891
   0.85943      1.123028  0.072  0.030  0.011  0.009  0.330  0.077  0.059  0.030  0.275  0.893
   0.82206      1.107538  0.072  0.027  0.010  0.009  0.308  0.105  0.068  0.027  0.271  0.896
   0.78470      1.092594  0.070  0.023  0.011  0.007  0.286  0.132  0.077  0.024  0.265  0.897
   0.74733      1.079007  0.070  0.020  0.012  0.007  0.264  0.160  0.084  0.022  0.258  0.898
   0.70996      1.067226  0.070  0.018  0.013  0.007  0.243  0.187  0.092  0.019  0.250  0.899
   0.67260      1.057489  0.070  0.017  0.015  0.007  0.221  0.215  0.099  0.016  0.242  0.900
   0.63523      1.049893  0.067  0.015  0.017  0.005  0.200  0.242  0.105  0.014  0.233  0.901
   0.59786      1.044399  0.066  0.013  0.020  0.004  0.180  0.270  0.111  0.013  0.223  0.901
   0.56050      1.040897  0.065  0.013  0.023  0.004  0.161  0.298  0.116  0.010  0.213  0.903
   0.52313      1.039188  0.064  0.013  0.025  0.004  0.142  0.325  0.121  0.009  0.203  0.905
   0.48576      1.039025  0.063  0.013  0.027  0.002  0.124  0.352  0.125  0.007  0.193  0.907
   0.44840      1.040137  0.061  0.013  0.029  0.002  0.108  0.379  0.129  0.005  0.183  0.909
   0.41103      1.042242  0.059  0.011  0.032  0.002  0.094  0.403  0.132  0.004  0.173  0.911
   0.37366      1.045056  0.057  0.011  0.035  0.002  0.081  0.428  0.134  0.003  0.163  0.913
   0.33630      1.048325  0.055  0.011  0.037  0.002  0.069  0.449  0.135  0.002  0.155  0.915
   0.29893      1.051806  0.053  0.010  0.039  0.001  0.061  0.470  0.136  0.002  0.147  0.917
   0.26157      1.055304  0.051  0.010  0.040  0.000  0.052  0.488  0.137  0.001  0.139  0.920
   0.22420      1.058643  0.048  0.010  0.042  0.000  0.045  0.503  0.137  0.001  0.133  0.922
   0.18683      1.061689  0.047  0.009  0.043  0.000  0.040  0.517  0.137  0.001  0.127  0.923
   0.14947      1.064319  0.047  0.011  0.044  0.000  0.036  0.528  0.136  0.001  0.123  0.925
   0.11210      1.066457  0.046  0.010  0.045  0.000  0.033  0.536  0.136  0.001  0.119  0.926
   0.07473      1.068034  0.046  0.010  0.045  0.000  0.030  0.542  0.136  0.001  0.118  0.927
   0.03737      1.068998  0.044  0.010  0.045  0.000  0.029  0.546  0.135  0.001  0.116  0.928
   0.00000      1.069324  0.044  0.010  0.045  0.000  0.029  0.547  0.135  0.001  0.116  0.928
 
# Band-Index:   17
   0.00000      2.339284  0.031  0.028  0.058  0.020  0.275  0.192  0.011  0.011  0.334  0.961
   0.03737      2.335397  0.031  0.029  0.058  0.020  0.275  0.193  0.011  0.011  0.333  0.961
   0.07473      2.323846  0.031  0.031  0.056  0.020  0.275  0.196  0.011  0.012  0.328  0.960
   0.11210      2.304888  0.030  0.035  0.053  0.020  0.272  0.199  0.011  0.013  0.322  0.958
   0.14947      2.279007  0.032  0.039  0.048  0.018  0.271  0.206  0.011  0.015  0.314  0.956
   0.18683      2.246875  0.032  0.045  0.044  0.018  0.268  0.215  0.011  0.015  0.303  0.952
   0.22420      2.209387  0.032  0.052  0.038  0.016  0.264  0.226  0.011  0.017  0.291  0.949
   0.26157      2.167577  0.033  0.059  0.032  0.017  0.260  0.239  0.012  0.019  0.276  0.946
   0.29893      2.122616  0.033  0.064  0.026  0.017  0.255  0.254  0.014  0.020  0.260  0.943
   0.33630      2.075705  0.031  0.069  0.020  0.016  0.249  0.272  0.016  0.022  0.244  0.941
   0.37366      2.027995  0.031  0.074  0.015  0.015  0.244  0.292  0.019  0.022  0.226  0.939
   0.41103      1.980555  0.031  0.078  0.010  0.015  0.236  0.314  0.022  0.023  0.208  0.937
   0.44840      1.934243  0.029  0.081  0.008  0.014  0.228  0.337  0.026  0.022  0.190  0.935
   0.48576      1.889765  0.027  0.083  0.004  0.013  0.219  0.362  0.031  0.022  0.172  0.935
   0.52313      1.847597  0.026  0.084  0.002  0.013  0.209  0.387  0.036  0.021  0.155  0.934
   0.56050      1.808006  0.024  0.086  0.002  0.011  0.198  0.414  0.041  0.020  0.138  0.935
   0.59786      1.771095  0.022  0.085  0.002  0.011  0.186  0.442  0.047  0.019  0.121  0.936
   0.63523      1.736814  0.020  0.085  0.002  0.011  0.174  0.469  0.053  0.017  0.106  0.935
   0.67260      1.704956  0.018  0.085  0.002  0.009  0.160  0.496  0.059  0.015  0.091  0.937
   0.70996      1.675307  0.014  0.085  0.004  0.009  0.146  0.524  0.066  0.014  0.076  0.938
   0.74733      1.647527  0.012  0.083  0.004  0.007  0.131  0.551  0.073  0.012  0.062  0.938
   0.78470      1.621281  0.009  0.082  0.006  0.006  0.114  0.579  0.081  0.011  0.049  0.940
   0.82206      1.596263  0.009  0.081  0.008  0.006  0.096  0.608  0.088  0.009  0.035  0.940
   0.85943      1.572246  0.006  0.081  0.009  0.004  0.077  0.636  0.097  0.007  0.024  0.942
   0.89679      1.549276  0.005  0.079  0.010  0.004  0.056  0.665  0.105  0.006  0.012  0.944
   0.93416      1.527817  0.003  0.078  0.012  0.004  0.034  0.691  0.115  0.004  0.004  0.946
   0.97153      1.509193  0.003  0.076  0.012  0.004  0.014  0.709  0.124  0.003  0.000  0.948
   1.00889      1.495535  0.004  0.075  0.012  0.002  0.002  0.712  0.133  0.003  0.006  0.950
   1.04626      1.489168  0.007  0.074  0.011  0.003  0.002  0.692  0.138  0.005  0.021  0.953
   1.08363      1.491141  0.008  0.075  0.010  0.004  0.014  0.655  0.137  0.008  0.041  0.954
   1.12099      1.500308  0.011  0.077  0.009  0.004  0.030  0.614  0.135  0.012  0.061  0.953
   1.15836      1.514178  0.014  0.081  0.008  0.004  0.045  0.579  0.131  0.015  0.074  0.952
   1.19573      1.530160  0.016  0.086  0.008  0.005  0.055  0.553  0.128  0.019  0.082  0.953
   1.23309      1.546174  0.020  0.089  0.008  0.006  0.061  0.537  0.125  0.021  0.085  0.952
   1.27046      1.560846  0.021  0.092  0.008  0.006  0.064  0.527  0.123  0.023  0.086  0.951
   1.30783      1.573347  0.022  0.094  0.008  0.006  0.064  0.522  0.122  0.025  0.086  0.950
   1.34519      1.583232  0.024  0.096  0.007  0.006  0.063  0.521  0.121  0.026  0.084  0.950
   1.38256      1.590326  0.025  0.098  0.007  0.006  0.062  0.520  0.122  0.026  0.083  0.949
   1.41993      1.594585  0.025  0.098  0.007  0.006  0.062  0.520  0.122  0.026  0.082  0.949
   1.45729      1.595996  0.025  0.098  0.007  0.006  0.061  0.520  0.122  0.026  0.082  0.950
   1.45729      1.595996  0.025  0.098  0.007  0.006  0.061  0.520  0.122  0.026  0.082  0.950
   1.49469      1.596298  0.025  0.098  0.007  0.007  0.062  0.519  0.122  0.027  0.082  0.950
   1.53208      1.597158  0.025  0.098  0.007  0.007  0.064  0.514  0.121  0.028  0.084  0.950
   1.56948      1.598470  0.024  0.098  0.007  0.008  0.068  0.505  0.120  0.030  0.087  0.949
   1.60688      1.600079  0.021  0.099  0.007  0.009  0.073  0.496  0.120  0.032  0.090  0.949
   1.64427      1.601801  0.021  0.098  0.007  0.011  0.079  0.484  0.118  0.035  0.095  0.949
   1.68167      1.603476  0.020  0.098  0.007  0.011  0.085  0.472  0.118  0.038  0.101  0.950
   1.71906      1.605018  0.018  0.097  0.006  0.013  0.091  0.459  0.117  0.041  0.105  0.950
   1.75646      1.606427  0.017  0.095  0.007  0.013  0.096  0.448  0.117  0.047  0.109  0.950
   1.79386      1.607840  0.016  0.093  0.006  0.013  0.101  0.439  0.116  0.051  0.113  0.949
   1.83125      1.609484  0.015  0.089  0.006  0.013  0.103  0.432  0.116  0.056  0.116  0.950
   1.86865      1.611663  0.015  0.085  0.006  0.014  0.104  0.428  0.117  0.063  0.116  0.951
   1.90604      1.614720  0.015  0.082  0.005  0.013  0.104  0.427  0.119  0.069  0.115  0.951
   1.94344      1.619019  0.016  0.079  0.005  0.013  0.101  0.428  0.121  0.075  0.113  0.952
   1.98084      1.624839  0.016  0.075  0.005  0.013  0.096  0.431  0.124  0.082  0.109  0.951
   2.01823      1.632466  0.017  0.072  0.005  0.013  0.090  0.437  0.127  0.087  0.104  0.953
   2.05563      1.642081  0.018  0.069  0.006  0.012  0.084  0.444  0.131  0.093  0.098  0.953
   2.09302      1.653817  0.018  0.067  0.006  0.011  0.076  0.453  0.135  0.097  0.091  0.955
   2.13042      1.667730  0.017  0.066  0.006  0.011  0.069  0.463  0.140  0.099  0.084  0.955
   2.16782      1.683771  0.016  0.065  0.007  0.011  0.063  0.474  0.146  0.098  0.076  0.956
   2.20521      1.701725  0.015  0.065  0.006  0.012  0.057  0.487  0.154  0.092  0.070  0.958
   2.24261      1.721047  0.012  0.066  0.009  0.012  0.054  0.500  0.165  0.078  0.066  0.960
   2.28000      1.740468  0.008  0.065  0.009  0.014  0.055  0.511  0.182  0.053  0.064  0.964
   2.31740      1.757361  0.003  0.063  0.011  0.016  0.062  0.512  0.207  0.021  0.068  0.966
   2.35480      1.767715  0.003  0.057  0.014  0.019  0.076  0.487  0.234  0.000  0.074  0.967
   2.39219      1.769362  0.008  0.049  0.016  0.020  0.091  0.437  0.250  0.012  0.080  0.964
   2.42959      1.765320  0.014  0.043  0.016  0.019  0.100  0.394  0.255  0.037  0.083  0.962
   2.46698      1.760131  0.019  0.039  0.014  0.017  0.103  0.372  0.258  0.055  0.082  0.961
   2.50438      1.756472  0.022  0.037  0.014  0.015  0.100  0.366  0.261  0.064  0.078  0.959
   2.54178      1.755367  0.025  0.036  0.012  0.014  0.094  0.373  0.265  0.066  0.072  0.958
   2.57917      1.756967  0.026  0.036  0.012  0.012  0.085  0.388  0.270  0.066  0.064  0.958
   2.61657      1.761021  0.028  0.037  0.010  0.009  0.074  0.407  0.273  0.064  0.055  0.958
   2.65396      1.767047  0.030  0.039  0.009  0.009  0.062  0.428  0.276  0.062  0.044  0.959
   2.69136      1.774441  0.032  0.042  0.007  0.005  0.051  0.449  0.278  0.059  0.035  0.959
   2.72876      1.782521  0.033  0.044  0.007  0.005  0.040  0.467  0.279  0.058  0.026  0.960
   2.76615      1.790529  0.035  0.046  0.005  0.005  0.031  0.483  0.279  0.056  0.019  0.961
   2.80355      1.797716  0.036  0.048  0.004  0.002  0.025  0.496  0.278  0.055  0.014  0.960
   2.84094      1.803399  0.036  0.050  0.004  0.002  0.020  0.505  0.277  0.055  0.011  0.961
   2.87834      1.807041  0.037  0.051  0.004  0.002  0.018  0.510  0.276  0.054  0.009  0.961
   2.91574      1.808296  0.037  0.051  0.004  0.002  0.017  0.511  0.275  0.054  0.008  0.961
 
# Band-Index:   18
   2.91574      2.544711  0.053  0.033  0.088  0.010  0.044  0.123  0.006  0.602  0.012  0.971
   2.87834      2.538165  0.053  0.033  0.086  0.010  0.044  0.124  0.006  0.601  0.011  0.971
   2.84094      2.518893  0.053  0.034  0.084  0.011  0.044  0.126  0.005  0.598  0.012  0.969
   2.80355      2.487924  0.055  0.035  0.080  0.013  0.043  0.131  0.004  0.592  0.011  0.966
   2.76615      2.446877  0.055  0.038  0.074  0.014  0.043  0.138  0.003  0.585  0.010  0.961
   2.72876      2.397732  0.055  0.042  0.067  0.016  0.041  0.146  0.002  0.577  0.009  0.956
   2.69136      2.342741  0.057  0.045  0.060  0.018  0.041  0.156  0.001  0.568  0.009  0.952
   2.65396      2.284194  0.058  0.047  0.052  0.017  0.039  0.166  0.001  0.559  0.008  0.947
   2.61657      2.224271  0.058  0.051  0.044  0.017  0.037  0.177  0.001  0.551  0.007  0.944
   2.57917      2.164978  0.061  0.053  0.038  0.017  0.034  0.186  0.002  0.546  0.006  0.941
   2.54178      2.108049  0.061  0.054  0.031  0.016  0.032  0.191  0.003  0.544  0.005  0.937
   2.50438      2.055104  0.065  0.055  0.026  0.014  0.031  0.190  0.003  0.547  0.004  0.934
   2.46698      2.007747  0.068  0.053  0.021  0.013  0.030  0.178  0.002  0.559  0.004  0.930
   2.42959      1.968091  0.074  0.049  0.017  0.013  0.032  0.149  0.001  0.583  0.005  0.925
   2.39219      1.939536  0.082  0.042  0.016  0.015  0.040  0.100  0.004  0.614  0.008  0.921
   2.35480      1.926932  0.087  0.033  0.017  0.020  0.052  0.043  0.016  0.633  0.015  0.916
   2.31740      1.933229  0.087  0.027  0.020  0.027  0.064  0.010  0.039  0.620  0.022  0.915
   2.28000      1.955796  0.084  0.022  0.023  0.034  0.069  0.003  0.059  0.593  0.027  0.916
   2.24261      1.989890  0.081  0.022  0.024  0.041  0.070  0.007  0.072  0.574  0.027  0.918
   2.20521      2.031972  0.078  0.021  0.026  0.048  0.067  0.011  0.078  0.563  0.025  0.918
   2.16782      2.079759  0.075  0.021  0.027  0.055  0.063  0.013  0.081  0.558  0.022  0.918
   2.13042      2.131682  0.074  0.020  0.029  0.063  0.059  0.016  0.081  0.558  0.018  0.918
   2.09302      2.186575  0.072  0.020  0.028  0.071  0.054  0.017  0.080  0.559  0.015  0.918
   2.05563      2.243446  0.072  0.020  0.029  0.079  0.049  0.017  0.078  0.563  0.012  0.917
   2.01823      2.301552  0.069  0.019  0.028  0.087  0.045  0.017  0.075  0.566  0.009  0.917
   1.98084      2.360346  0.067  0.019  0.028  0.095  0.041  0.017  0.072  0.570  0.006  0.917
   1.94344      2.419334  0.064  0.019  0.027  0.105  0.038  0.016  0.069  0.574  0.004  0.918
   1.90604      2.478080  0.061  0.017  0.026  0.113  0.035  0.016  0.066  0.579  0.003  0.918
   1.86865      2.536225  0.057  0.016  0.025  0.124  0.032  0.015  0.062  0.585  0.001  0.918
   1.83125      2.593277  0.052  0.016  0.024  0.134  0.032  0.014  0.059  0.591  0.001  0.921
   1.79386      2.648469  0.043  0.016  0.021  0.147  0.033  0.012  0.055  0.596  0.001  0.925
   1.75646      2.700429  0.032  0.016  0.020  0.160  0.038  0.011  0.051  0.601  0.001  0.931
   1.71906      2.746229  0.018  0.017  0.017  0.176  0.049  0.010  0.045  0.599  0.006  0.936
   1.68167      2.779395  0.007  0.020  0.014  0.187  0.077  0.015  0.037  0.563  0.020  0.944
   1.64427      2.789037  0.024  0.027  0.012  0.178  0.128  0.029  0.025  0.447  0.065  0.934
   1.60688      2.774036  0.066  0.031  0.009  0.145  0.174  0.048  0.017  0.305  0.120  0.915
   1.56948      2.750379  0.096  0.035  0.004  0.117  0.199  0.060  0.015  0.221  0.156  0.903
   1.53208      2.729905  0.111  0.037  0.002  0.103  0.212  0.066  0.014  0.179  0.175  0.897
   1.49469      2.716785  0.116  0.038  0.000  0.095  0.219  0.069  0.013  0.159  0.184  0.894
   1.45729      2.712326  0.118  0.039  0.000  0.092  0.221  0.070  0.014  0.154  0.187  0.895
   1.45729      2.712326  0.118  0.039  0.000  0.092  0.221  0.070  0.014  0.154  0.187  0.895
   1.41993      2.711174  0.120  0.037  0.000  0.092  0.220  0.069  0.014  0.154  0.186  0.894
   1.38256      2.708114  0.124  0.036  0.000  0.093  0.216  0.068  0.013  0.154  0.185  0.890
   1.34519      2.704440  0.129  0.033  0.004  0.093  0.208  0.065  0.012  0.158  0.181  0.885
   1.30783      2.702037  0.134  0.032  0.004  0.097  0.198  0.062  0.013  0.166  0.174  0.880
   1.27046      2.703101  0.137  0.030  0.007  0.102  0.185  0.057  0.013  0.182  0.163  0.875
   1.23309      2.709451  0.135  0.028  0.009  0.113  0.167  0.050  0.013  0.210  0.148  0.873
   1.19573      2.721663  0.125  0.028  0.011  0.127  0.149  0.042  0.015  0.253  0.126  0.876
   1.15836      2.738367  0.104  0.028  0.011  0.147  0.128  0.033  0.017  0.313  0.101  0.884
   1.12099      2.756285  0.079  0.026  0.010  0.167  0.108  0.026  0.021  0.385  0.076  0.897
   1.08363      2.771830  0.054  0.023  0.007  0.187  0.091  0.020  0.024  0.453  0.052  0.913
   1.04626      2.783013  0.035  0.020  0.005  0.200  0.076  0.015  0.028  0.509  0.036  0.923
   1.00889      2.789892  0.023  0.018  0.004  0.207  0.066  0.012  0.031  0.547  0.024  0.932
   0.97153      2.793446  0.015  0.016  0.002  0.211  0.058  0.011  0.032  0.574  0.017  0.936
   0.93416      2.794846  0.010  0.014  0.002  0.213  0.053  0.010  0.033  0.592  0.011  0.940
   0.89679      2.795078  0.009  0.014  0.002  0.214  0.050  0.009  0.034  0.605  0.008  0.943
   0.85943      2.794808  0.007  0.013  0.000  0.214  0.047  0.009  0.034  0.614  0.006  0.944
   0.82206      2.794619  0.005  0.013  0.000  0.214  0.044  0.008  0.034  0.620  0.004  0.944
   0.78470      2.794814  0.005  0.011  0.000  0.215  0.043  0.008  0.034  0.626  0.003  0.945
   0.74733      2.795692  0.005  0.011  0.000  0.215  0.041  0.008  0.033  0.629  0.002  0.945
   0.70996      2.797417  0.005  0.011  0.000  0.215  0.040  0.008  0.033  0.633  0.002  0.946
   0.67260      2.800046  0.005  0.010  0.000  0.215  0.039  0.008  0.032  0.634  0.002  0.947
   0.63523      2.803672  0.005  0.009  0.000  0.215  0.039  0.009  0.032  0.635  0.002  0.947
   0.59786      2.808247  0.005  0.009  0.000  0.216  0.037  0.009  0.031  0.637  0.002  0.947
   0.56050      2.813787  0.005  0.009  0.000  0.217  0.037  0.009  0.031  0.638  0.002  0.947
   0.52313      2.820166  0.005  0.009  0.000  0.217  0.035  0.009  0.030  0.639  0.002  0.948
   0.48576      2.827286  0.005  0.009  0.000  0.217  0.035  0.009  0.030  0.640  0.003  0.949
   0.44840      2.835054  0.005  0.009  0.000  0.219  0.034  0.009  0.029  0.640  0.004  0.949
   0.41103      2.843328  0.005  0.009  0.000  0.219  0.032  0.010  0.029  0.642  0.003  0.949
   0.37366      2.851931  0.005  0.009  0.000  0.219  0.031  0.010  0.028  0.642  0.004  0.951
   0.33630      2.860731  0.006  0.009  0.001  0.219  0.028  0.010  0.028  0.644  0.004  0.950
   0.29893      2.869532  0.006  0.010  0.002  0.219  0.027  0.010  0.028  0.645  0.005  0.950
   0.26157      2.878166  0.006  0.010  0.002  0.219  0.024  0.010  0.027  0.648  0.005  0.952
   0.22420      2.886414  0.008  0.010  0.002  0.218  0.023  0.009  0.027  0.649  0.006  0.953
   0.18683      2.894032  0.008  0.010  0.002  0.216  0.021  0.010  0.027  0.651  0.007  0.954
   0.14947      2.900768  0.008  0.010  0.004  0.216  0.020  0.009  0.027  0.653  0.007  0.954
   0.11210      2.906366  0.009  0.010  0.004  0.215  0.017  0.009  0.027  0.655  0.007  0.955
   0.07473      2.910579  0.009  0.010  0.004  0.214  0.017  0.009  0.027  0.655  0.009  0.954
   0.03737      2.913195  0.009  0.010  0.005  0.214  0.016  0.009  0.027  0.656  0.009  0.955
   0.00000      2.914088  0.009  0.010  0.006  0.214  0.016  0.009  0.027  0.656  0.009  0.955
 
# Band-Index:   19
   0.00000      5.706304  0.054  0.400  0.029  0.019  0.000  0.000  0.000  0.000  0.000  0.503
   0.03737      5.703120  0.057  0.396  0.030  0.019  0.000  0.000  0.001  0.000  0.002  0.505
   0.07473      5.694404  0.064  0.385  0.032  0.019  0.001  0.001  0.003  0.000  0.008  0.511
   0.11210      5.682234  0.075  0.367  0.037  0.017  0.001  0.002  0.005  0.000  0.015  0.521
   0.14947      5.669478  0.087  0.346  0.042  0.015  0.002  0.004  0.009  0.001  0.026  0.532
   0.18683      5.659009  0.102  0.321  0.049  0.014  0.003  0.005  0.012  0.001  0.037  0.546
   0.22420      5.653364  0.117  0.296  0.056  0.012  0.005  0.007  0.015  0.001  0.049  0.561
   0.26157      5.654428  0.131  0.271  0.066  0.010  0.006  0.009  0.018  0.002  0.062  0.574
   0.29893      5.663326  0.144  0.245  0.074  0.008  0.008  0.011  0.022  0.002  0.074  0.589
   0.33630      5.680379  0.158  0.221  0.083  0.008  0.009  0.012  0.024  0.002  0.084  0.603
   0.37366      5.704871  0.173  0.197  0.092  0.007  0.011  0.013  0.025  0.002  0.094  0.616
   0.41103      5.734532  0.190  0.174  0.103  0.007  0.012  0.014  0.027  0.003  0.101  0.630
   0.44840      5.763311  0.213  0.150  0.111  0.009  0.012  0.013  0.028  0.002  0.104  0.644
   0.48576      5.774260  0.251  0.136  0.115  0.016  0.011  0.009  0.027  0.002  0.096  0.663
   0.52313      5.728279  0.288  0.155  0.111  0.027  0.007  0.003  0.021  0.004  0.070  0.687
   0.56050      5.608884  0.299  0.188  0.106  0.032  0.005  0.001  0.014  0.007  0.051  0.700
   0.59786      5.449553  0.300  0.203  0.103  0.032  0.005  0.000  0.010  0.010  0.046  0.706
   0.63523      5.272823  0.304  0.208  0.101  0.029  0.004  0.000  0.009  0.012  0.044  0.709
   0.67260      5.086975  0.308  0.207  0.098  0.025  0.005  0.001  0.007  0.014  0.047  0.710
   0.70996      4.895833  0.315  0.204  0.096  0.022  0.005  0.001  0.006  0.016  0.049  0.712
   0.74733      4.701660  0.321  0.196  0.092  0.018  0.005  0.000  0.006  0.018  0.053  0.711
   0.78470      4.506584  0.329  0.189  0.089  0.016  0.006  0.000  0.004  0.022  0.057  0.712
   0.82206      4.312516  0.337  0.178  0.084  0.013  0.006  0.001  0.004  0.026  0.062  0.712
   0.85943      4.121823  0.344  0.166  0.079  0.011  0.007  0.001  0.004  0.031  0.069  0.712
   0.89679      3.937110  0.349  0.153  0.075  0.010  0.009  0.002  0.005  0.039  0.075  0.715
   0.93416      3.761365  0.353  0.137  0.068  0.009  0.009  0.004  0.006  0.049  0.083  0.718
   0.97153      3.598371  0.354  0.119  0.062  0.010  0.012  0.006  0.006  0.065  0.090  0.725
   1.00889      3.451952  0.348  0.102  0.053  0.014  0.013  0.009  0.009  0.089  0.097  0.735
   1.04626      3.326266  0.335  0.081  0.045  0.021  0.014  0.013  0.013  0.125  0.102  0.749
   1.08363      3.224894  0.312  0.063  0.036  0.033  0.014  0.016  0.017  0.177  0.101  0.771
   1.12099      3.149542  0.279  0.044  0.027  0.051  0.013  0.019  0.023  0.243  0.097  0.797
   1.15836      3.098720  0.241  0.031  0.020  0.073  0.011  0.020  0.027  0.312  0.087  0.823
   1.19573      3.067791  0.207  0.020  0.014  0.092  0.009  0.021  0.032  0.371  0.079  0.847
   1.23309      3.050993  0.181  0.012  0.009  0.107  0.009  0.022  0.034  0.414  0.074  0.863
   1.27046      3.043439  0.163  0.008  0.006  0.118  0.009  0.023  0.036  0.440  0.071  0.875
   1.30783      3.041573  0.153  0.006  0.004  0.124  0.010  0.024  0.037  0.456  0.071  0.885
   1.34519      3.042806  0.148  0.002  0.003  0.127  0.011  0.025  0.038  0.465  0.073  0.891
   1.38256      3.045237  0.145  0.000  0.000  0.128  0.012  0.026  0.038  0.467  0.076  0.895
   1.41993      3.047349  0.141  0.000  0.000  0.128  0.013  0.027  0.038  0.468  0.078  0.897
   1.45729      3.048155  0.141  0.000  0.000  0.128  0.014  0.028  0.038  0.468  0.079  0.897
   1.45729      3.048155  0.141  0.000  0.000  0.128  0.014  0.028  0.038  0.468  0.079  0.897
   1.49469      3.043047  0.145  0.000  0.000  0.125  0.014  0.028  0.038  0.462  0.080  0.895
   1.53208      3.028602  0.157  0.000  0.002  0.116  0.016  0.031  0.038  0.441  0.085  0.887
   1.56948      3.007866  0.179  0.000  0.005  0.099  0.021  0.036  0.038  0.397  0.096  0.872
   1.60688      2.987693  0.220  0.002  0.009  0.071  0.036  0.046  0.035  0.309  0.122  0.848
   1.64427      2.982696  0.274  0.005  0.014  0.036  0.070  0.063  0.027  0.164  0.165  0.816
   1.68167      3.011403  0.304  0.008  0.019  0.026  0.106  0.075  0.018  0.044  0.195  0.795
   1.71906      3.074747  0.303  0.010  0.026  0.039  0.119  0.076  0.011  0.007  0.195  0.788
   1.75646      3.162980  0.300  0.009  0.034  0.057  0.118  0.073  0.007  0.001  0.185  0.784
   1.79386      3.270069  0.298  0.008  0.042  0.074  0.108  0.068  0.005  0.005  0.169  0.780
   1.83125      3.392734  0.298  0.007  0.050  0.089  0.097  0.062  0.003  0.010  0.155  0.773
   1.86865      3.528648  0.299  0.008  0.058  0.104  0.085  0.056  0.002  0.014  0.141  0.768
   1.90604      3.675732  0.296  0.006  0.066  0.120  0.075  0.051  0.002  0.018  0.127  0.763
   1.94344      3.831992  0.295  0.007  0.075  0.133  0.064  0.046  0.001  0.021  0.116  0.757
   1.98084      3.995428  0.292  0.007  0.081  0.145  0.056  0.040  0.001  0.024  0.104  0.753
   2.01823      4.164401  0.288  0.009  0.088  0.158  0.048  0.036  0.001  0.026  0.094  0.749
   2.05563      4.336848  0.284  0.011  0.095  0.168  0.042  0.032  0.001  0.029  0.084  0.744
   2.09302      4.511270  0.278  0.012  0.102  0.178  0.036  0.028  0.001  0.031  0.077  0.743
   2.13042      4.686197  0.273  0.015  0.108  0.187  0.030  0.024  0.000  0.033  0.069  0.739
   2.16782      4.860116  0.264  0.017  0.114  0.195  0.026  0.020  0.001  0.036  0.063  0.736
   2.20521      5.031673  0.256  0.019  0.120  0.204  0.021  0.018  0.001  0.038  0.057  0.734
   2.24261      5.199095  0.245  0.022  0.126  0.212  0.017  0.015  0.001  0.042  0.052  0.731
   2.28000      5.360272  0.231  0.025  0.132  0.222  0.014  0.012  0.001  0.046  0.047  0.728
   2.31740      5.511569  0.211  0.027  0.138  0.233  0.010  0.009  0.001  0.052  0.043  0.726
   2.35480      5.646412  0.186  0.028  0.143  0.248  0.007  0.006  0.003  0.061  0.041  0.721
   2.39219      5.752700  0.150  0.025  0.143  0.267  0.005  0.005  0.005  0.072  0.042  0.712
   2.42959      5.814966  0.115  0.019  0.136  0.282  0.003  0.003  0.012  0.080  0.046  0.697
   2.46698      5.830444  0.097  0.014  0.119  0.290  0.002  0.003  0.020  0.080  0.051  0.676
   2.50438      5.814453  0.089  0.011  0.103  0.297  0.002  0.002  0.024  0.074  0.052  0.656
   2.54178      5.783086  0.086  0.011  0.090  0.306  0.001  0.002  0.026  0.067  0.049  0.638
   2.57917      5.745849  0.082  0.012  0.076  0.318  0.001  0.003  0.025  0.059  0.044  0.620
   2.61657      5.707377  0.079  0.012  0.068  0.332  0.001  0.001  0.023  0.050  0.038  0.604
   2.65396      5.670235  0.074  0.013  0.058  0.347  0.001  0.001  0.021  0.042  0.032  0.588
   2.69136      5.635879  0.069  0.016  0.049  0.363  0.000  0.001  0.017  0.033  0.025  0.573
   2.72876      5.605306  0.065  0.016  0.043  0.379  0.000  0.001  0.013  0.025  0.018  0.560
   2.76615      5.579245  0.060  0.019  0.037  0.394  0.000  0.000  0.009  0.017  0.013  0.548
   2.80355      5.558330  0.056  0.019  0.031  0.406  0.000  0.000  0.005  0.010  0.007  0.537
   2.84094      5.542971  0.053  0.020  0.028  0.416  0.000  0.000  0.003  0.005  0.004  0.529
   2.87834      5.533595  0.051  0.021  0.027  0.422  0.000  0.000  0.001  0.001  0.000  0.524
   2.91574      5.530474  0.050  0.022  0.026  0.425  0.000  0.000  0.000  0.000  0.000  0.523
 
# Band-Index:   20
   2.91574      7.893892  0.037  0.160  0.207  0.161  0.000  0.000  0.000  0.000  0.000  0.566
   2.87834      7.833780  0.114  0.113  0.148  0.196  0.001  0.001  0.011  0.000  0.035  0.620
   2.84094      7.738896  0.129  0.107  0.146  0.194  0.001  0.000  0.011  0.001  0.036  0.625
   2.80355      7.625907  0.147  0.103  0.148  0.186  0.001  0.001  0.010  0.002  0.034  0.629
   2.76615      7.500442  0.165  0.097  0.149  0.178  0.001  0.001  0.010  0.003  0.033  0.636
   2.72876      7.367173  0.184  0.090  0.146  0.171  0.002  0.002  0.010  0.005  0.034  0.643
   2.69136      7.229204  0.202  0.084  0.144  0.164  0.002  0.003  0.011  0.006  0.034  0.650
   2.65396      7.088795  0.219  0.078  0.141  0.160  0.002  0.004  0.012  0.006  0.036  0.656
   2.61657      6.947423  0.235  0.072  0.136  0.155  0.003  0.004  0.013  0.006  0.039  0.661
   2.57917      6.806890  0.250  0.067  0.132  0.149  0.003  0.005  0.014  0.005  0.042  0.666
   2.54178      6.669514  0.264  0.060  0.126  0.143  0.004  0.006  0.017  0.003  0.047  0.668
   2.50438      6.539759  0.276  0.052  0.118  0.134  0.006  0.007  0.020  0.001  0.054  0.668
   2.46698      6.426299  0.283  0.043  0.108  0.123  0.008  0.008  0.026  0.000  0.065  0.667
   2.42959      6.344623  0.279  0.031  0.101  0.116  0.009  0.010  0.033  0.003  0.080  0.663
   2.39219      6.309240  0.258  0.021  0.101  0.116  0.011  0.010  0.038  0.014  0.095  0.662
   2.35480      6.316455  0.235  0.012  0.110  0.118  0.012  0.011  0.040  0.026  0.105  0.669
   2.31740      6.349628  0.219  0.006  0.125  0.117  0.012  0.011  0.038  0.036  0.112  0.680
   2.28000      6.395335  0.212  0.003  0.140  0.114  0.013  0.011  0.035  0.043  0.118  0.689
   2.24261      6.445412  0.208  0.002  0.156  0.107  0.015  0.012  0.032  0.047  0.122  0.699
   2.20521      6.494527  0.204  0.001  0.169  0.100  0.016  0.013  0.027  0.050  0.125  0.706
   2.16782      6.538472  0.201  0.000  0.186  0.092  0.016  0.013  0.023  0.052  0.126  0.712
   2.13042      6.573466  0.200  0.000  0.198  0.085  0.017  0.014  0.018  0.054  0.125  0.713
   2.09302      6.595725  0.195  0.001  0.212  0.080  0.018  0.014  0.014  0.055  0.123  0.711
   2.05563      6.601850  0.188  0.002  0.223  0.074  0.018  0.014  0.011  0.056  0.117  0.705
   2.01823      6.588990  0.179  0.005  0.232  0.071  0.019  0.015  0.008  0.056  0.110  0.694
   1.98084      6.555429  0.168  0.008  0.239  0.068  0.019  0.014  0.005  0.057  0.101  0.679
   1.94344      6.500946  0.158  0.011  0.243  0.066  0.017  0.014  0.004  0.055  0.090  0.660
   1.90604      6.426727  0.144  0.014  0.246  0.065  0.017  0.013  0.003  0.054  0.080  0.638
   1.86865      6.335623  0.133  0.018  0.249  0.065  0.016  0.012  0.002  0.052  0.069  0.615
   1.83125      6.231379  0.125  0.023  0.252  0.063  0.013  0.011  0.003  0.048  0.058  0.591
   1.79386      6.118163  0.116  0.025  0.253  0.062  0.012  0.010  0.002  0.044  0.048  0.569
   1.75646      6.000452  0.110  0.026  0.255  0.059  0.011  0.008  0.002  0.039  0.039  0.548
   1.71906      5.882600  0.106  0.029  0.256  0.056  0.008  0.007  0.002  0.034  0.031  0.528
   1.68167      5.768715  0.104  0.030  0.259  0.052  0.007  0.006  0.002  0.028  0.024  0.508
   1.64427      5.662935  0.103  0.031  0.262  0.048  0.005  0.004  0.001  0.021  0.017  0.492
   1.60688      5.569177  0.101  0.033  0.265  0.044  0.003  0.003  0.001  0.016  0.012  0.477
   1.56948      5.491242  0.102  0.033  0.268  0.041  0.002  0.001  0.001  0.009  0.007  0.464
   1.53208      5.432591  0.102  0.034  0.271  0.038  0.001  0.000  0.000  0.004  0.003  0.453
   1.49469      5.396107  0.102  0.034  0.273  0.035  0.000  0.000  0.000  0.001  0.001  0.447
   1.45729      5.383697  0.103  0.034  0.274  0.035  0.000  0.000  0.000  0.000  0.000  0.444
   1.45729      5.383697  0.103  0.034  0.274  0.035  0.000  0.000  0.000  0.000  0.000  0.444
   1.41993      5.395570  0.102  0.034  0.272  0.035  0.000  0.000  0.000  0.000  0.001  0.446
   1.38256      5.430496  0.103  0.035  0.271  0.035  0.001  0.003  0.000  0.001  0.003  0.452
   1.34519      5.486717  0.103  0.038  0.270  0.034  0.002  0.006  0.000  0.002  0.007  0.461
   1.30783      5.561498  0.104  0.040  0.267  0.033  0.004  0.010  0.001  0.002  0.013  0.474
   1.27046      5.651506  0.106  0.042  0.264  0.032  0.005  0.015  0.001  0.005  0.019  0.487
   1.23309      5.752999  0.108  0.046  0.262  0.032  0.008  0.019  0.001  0.006  0.025  0.503
   1.19573      5.861984  0.111  0.048  0.260  0.031  0.009  0.024  0.001  0.007  0.033  0.521
   1.15836      5.974236  0.115  0.050  0.258  0.029  0.011  0.028  0.001  0.008  0.041  0.541
   1.12099      6.085443  0.122  0.051  0.257  0.027  0.013  0.032  0.001  0.009  0.050  0.560
   1.08363      6.191169  0.131  0.053  0.256  0.023  0.015  0.035  0.000  0.010  0.061  0.584
   1.04626      6.286631  0.139  0.053  0.257  0.020  0.016  0.037  0.000  0.011  0.072  0.606
   1.00889      6.367575  0.150  0.054  0.254  0.017  0.018  0.039  0.000  0.011  0.083  0.628
   0.97153      6.430220  0.159  0.055  0.253  0.014  0.019  0.040  0.000  0.013  0.095  0.652
   0.93416      6.471997  0.170  0.057  0.250  0.011  0.020  0.040  0.000  0.013  0.107  0.670
   0.89679      6.491876  0.178  0.060  0.246  0.008  0.022  0.040  0.001  0.012  0.117  0.686
   0.85943      6.490449  0.183  0.066  0.240  0.005  0.023  0.038  0.003  0.012  0.127  0.698
   0.82206      6.469786  0.187  0.072  0.232  0.003  0.024  0.037  0.005  0.012  0.134  0.705
   0.78470      6.432921  0.186  0.082  0.222  0.002  0.023  0.035  0.007  0.012  0.139  0.708
   0.74733      6.383355  0.185  0.091  0.211  0.001  0.024  0.034  0.009  0.011  0.141  0.708
   0.70996      6.324900  0.180  0.103  0.200  0.001  0.024  0.032  0.011  0.010  0.142  0.704
   0.67260      6.261271  0.174  0.118  0.189  0.000  0.022  0.031  0.013  0.010  0.142  0.699
   0.63523      6.196693  0.165  0.136  0.177  0.002  0.022  0.029  0.014  0.010  0.138  0.693
   0.59786      6.136480  0.155  0.158  0.164  0.002  0.020  0.029  0.013  0.010  0.133  0.686
   0.56050      6.090446  0.141  0.194  0.152  0.008  0.018  0.027  0.011  0.011  0.121  0.682
   0.52313      6.082475  0.135  0.246  0.136  0.017  0.014  0.023  0.005  0.012  0.094  0.684
   0.48576      6.147203  0.157  0.286  0.122  0.032  0.008  0.016  0.001  0.012  0.061  0.694
   0.44840      6.268934  0.178  0.295  0.116  0.042  0.004  0.010  0.000  0.010  0.043  0.699
   0.41103      6.409185  0.185  0.296  0.112  0.049  0.003  0.007  0.001  0.008  0.037  0.700
   0.37366      6.551015  0.185  0.300  0.110  0.055  0.002  0.006  0.002  0.006  0.035  0.698
   0.33630      6.688027  0.181  0.305  0.105  0.057  0.002  0.005  0.003  0.005  0.034  0.697
   0.29893      6.816223  0.177  0.313  0.100  0.059  0.000  0.004  0.005  0.004  0.035  0.696
   0.26157      6.932266  0.175  0.321  0.091  0.060  0.000  0.002  0.006  0.003  0.038  0.696
   0.22420      7.031614  0.179  0.330  0.078  0.057  0.000  0.001  0.009  0.002  0.043  0.699
   0.18683      7.109143  0.194  0.336  0.061  0.047  0.000  0.001  0.013  0.001  0.053  0.707
   0.14947      7.160092  0.218  0.336  0.041  0.037  0.000  0.001  0.019  0.001  0.065  0.718
   0.11210      7.184119  0.251  0.326  0.022  0.025  0.001  0.001  0.026  0.001  0.078  0.731
   0.07473      7.188643  0.280  0.309  0.009  0.016  0.002  0.001  0.032  0.002  0.089  0.741
   0.03737      7.185076  0.301  0.296  0.003  0.011  0.003  0.002  0.035  0.002  0.095  0.748
   0.00000      7.182782  0.307  0.291  0.002  0.008  0.003  0.002  0.037  0.003  0.097  0.751
 
# Band-Index:   21
   0.00000      7.845223  0.031  0.183  0.191  0.171  0.000  0.000  0.000  0.000  0.000  0.577
   0.03737      7.842274  0.040  0.180  0.187  0.169  0.000  0.000  0.001  0.000  0.002  0.580
   0.07473      7.837184  0.066  0.169  0.179  0.159  0.001  0.001  0.004  0.002  0.006  0.585
   0.11210      7.839808  0.104  0.156  0.163  0.145  0.002  0.002  0.008  0.005  0.014  0.599
   0.14947      7.862174  0.145  0.152  0.139  0.126  0.003  0.004  0.012  0.006  0.023  0.613
   0.18683      7.911705  0.179  0.158  0.114  0.108  0.005  0.005  0.017  0.008  0.031  0.624
   0.22420      7.987788  0.198  0.173  0.092  0.093  0.006  0.005  0.019  0.010  0.037  0.634
   0.26157      8.084992  0.209  0.190  0.075  0.085  0.007  0.005  0.020  0.010  0.039  0.637
   0.29893      8.197265  0.211  0.206  0.061  0.077  0.007  0.005  0.021  0.011  0.039  0.639
   0.33630      8.319883  0.208  0.224  0.050  0.074  0.007  0.006  0.022  0.012  0.039  0.640
   0.37366      8.449033  0.202  0.237  0.043  0.073  0.007  0.005  0.022  0.012  0.037  0.638
   0.41103      8.581944  0.196  0.250  0.036  0.072  0.007  0.006  0.024  0.014  0.034  0.636
   0.44840      8.716229  0.187  0.262  0.031  0.072  0.007  0.006  0.026  0.014  0.031  0.635
   0.48576      8.849594  0.177  0.272  0.026  0.073  0.006  0.007  0.029  0.014  0.029  0.632
   0.52313      8.979397  0.166  0.281  0.023  0.075  0.005  0.008  0.034  0.015  0.025  0.631
   0.56050      9.102004  0.149  0.289  0.022  0.077  0.004  0.009  0.040  0.016  0.020  0.628
   0.59786      9.211968  0.131  0.293  0.024  0.080  0.003  0.012  0.047  0.016  0.016  0.624
   0.63523      9.301170  0.108  0.294  0.032  0.082  0.002  0.014  0.056  0.016  0.011  0.618
   0.67260      9.359406  0.082  0.286  0.047  0.081  0.001  0.018  0.066  0.017  0.007  0.606
   0.70996      9.378621  0.056  0.270  0.068  0.078  0.001  0.022  0.072  0.015  0.004  0.588
   0.74733      9.358727  0.038  0.248  0.091  0.072  0.002  0.024  0.076  0.013  0.006  0.569
   0.78470      9.309101  0.029  0.224  0.112  0.066  0.002  0.023  0.077  0.011  0.010  0.553
   0.82206      9.242995  0.028  0.201  0.131  0.059  0.002  0.023  0.076  0.009  0.016  0.544
   0.85943      9.172838  0.036  0.179  0.149  0.053  0.003  0.020  0.074  0.007  0.024  0.544
   0.89679      9.108273  0.048  0.160  0.165  0.047  0.003  0.017  0.072  0.006  0.033  0.549
   0.93416      9.055964  0.065  0.141  0.183  0.041  0.003  0.013  0.068  0.004  0.044  0.562
   0.97153      9.019814  0.084  0.125  0.199  0.035  0.004  0.011  0.065  0.003  0.056  0.581
   1.00889      9.000916  0.105  0.108  0.217  0.030  0.003  0.008  0.062  0.002  0.067  0.602
   1.04626      8.998386  0.127  0.092  0.236  0.025  0.003  0.006  0.059  0.001  0.077  0.626
   1.08363      9.009976  0.146  0.078  0.253  0.021  0.004  0.004  0.056  0.001  0.086  0.649
   1.12099      9.032511  0.164  0.064  0.269  0.018  0.004  0.003  0.053  0.001  0.094  0.670
   1.15836      9.062572  0.180  0.051  0.285  0.014  0.004  0.002  0.050  0.001  0.100  0.690
   1.19573      9.097048  0.194  0.041  0.300  0.012  0.004  0.002  0.048  0.001  0.106  0.709
   1.23309      9.132769  0.206  0.032  0.313  0.010  0.004  0.001  0.047  0.001  0.110  0.725
   1.27046      9.167258  0.217  0.023  0.323  0.009  0.005  0.001  0.045  0.000  0.113  0.737
   1.30783      9.198440  0.225  0.017  0.332  0.008  0.004  0.001  0.044  0.000  0.116  0.748
   1.34519      9.224488  0.231  0.012  0.340  0.007  0.004  0.001  0.043  0.000  0.118  0.757
   1.38256      9.244209  0.236  0.009  0.345  0.006  0.004  0.001  0.042  0.000  0.118  0.763
   1.41993      9.256328  0.238  0.007  0.348  0.006  0.004  0.001  0.042  0.000  0.119  0.768
   1.45729      9.260708  0.240  0.006  0.349  0.006  0.004  0.001  0.042  0.000  0.119  0.768
   1.45729      9.260708  0.240  0.006  0.349  0.006  0.004  0.001  0.042  0.000  0.119  0.768
   1.49469      9.256648  0.239  0.006  0.348  0.007  0.004  0.001  0.042  0.000  0.119  0.767
   1.53208      9.245310  0.236  0.006  0.346  0.008  0.004  0.001  0.042  0.001  0.119  0.763
   1.56948      9.226610  0.232  0.007  0.338  0.011  0.004  0.001  0.044  0.001  0.117  0.758
   1.60688      9.202001  0.227  0.008  0.332  0.016  0.004  0.001  0.044  0.001  0.115  0.748
   1.64427      9.172367  0.220  0.009  0.322  0.023  0.003  0.001  0.046  0.001  0.113  0.737
   1.68167      9.139285  0.210  0.011  0.310  0.031  0.004  0.001  0.048  0.001  0.110  0.725
   1.71906      9.104722  0.198  0.013  0.297  0.040  0.004  0.001  0.050  0.002  0.105  0.709
   1.75646      9.070737  0.185  0.016  0.282  0.052  0.003  0.001  0.053  0.002  0.100  0.691
   1.79386      9.040117  0.168  0.019  0.266  0.064  0.003  0.001  0.055  0.003  0.093  0.671
   1.83125      9.015670  0.150  0.022  0.246  0.079  0.003  0.001  0.059  0.004  0.085  0.650
   1.86865      9.000307  0.130  0.027  0.229  0.095  0.002  0.001  0.063  0.005  0.075  0.627
   1.90604      8.996825  0.108  0.031  0.210  0.114  0.002  0.003  0.066  0.008  0.064  0.605
   1.94344      9.007173  0.088  0.037  0.188  0.134  0.002  0.003  0.070  0.010  0.052  0.584
   1.98084      9.031831  0.068  0.043  0.169  0.155  0.002  0.005  0.073  0.013  0.041  0.567
   2.01823      9.069400  0.052  0.049  0.149  0.178  0.002  0.006  0.075  0.014  0.029  0.555
   2.05563      9.115770  0.039  0.054  0.131  0.203  0.002  0.008  0.076  0.017  0.020  0.551
   2.09302      9.164179  0.035  0.058  0.113  0.229  0.002  0.011  0.077  0.019  0.012  0.556
   2.13042      9.205904  0.038  0.062  0.094  0.254  0.002  0.014  0.076  0.020  0.007  0.568
   2.16782      9.231716  0.051  0.065  0.075  0.278  0.002  0.016  0.073  0.019  0.005  0.585
   2.20521      9.234355  0.071  0.066  0.059  0.298  0.003  0.018  0.067  0.018  0.006  0.605
   2.24261      9.210907  0.096  0.064  0.045  0.311  0.003  0.020  0.059  0.016  0.011  0.625
   2.28000      9.163709  0.121  0.061  0.035  0.318  0.004  0.020  0.050  0.014  0.016  0.641
   2.31740      9.098068  0.145  0.057  0.030  0.319  0.005  0.020  0.043  0.012  0.023  0.654
   2.35480      9.019983  0.167  0.053  0.025  0.318  0.006  0.020  0.035  0.011  0.030  0.664
   2.39219      8.934131  0.184  0.049  0.024  0.313  0.006  0.020  0.030  0.010  0.037  0.673
   2.42959      8.844246  0.198  0.046  0.023  0.308  0.007  0.020  0.026  0.009  0.042  0.682
   2.46698      8.752662  0.213  0.045  0.023  0.303  0.007  0.019  0.022  0.009  0.048  0.689
   2.50438      8.661204  0.225  0.042  0.024  0.297  0.007  0.019  0.020  0.009  0.054  0.695
   2.54178      8.571208  0.234  0.040  0.025  0.290  0.007  0.018  0.019  0.009  0.059  0.702
   2.57917      8.483886  0.244  0.039  0.027  0.282  0.007  0.018  0.019  0.009  0.064  0.707
   2.61657      8.400251  0.251  0.037  0.028  0.273  0.007  0.017  0.019  0.010  0.069  0.712
   2.65396      8.321394  0.257  0.037  0.029  0.265  0.007  0.017  0.021  0.009  0.074  0.717
   2.69136      8.248171  0.264  0.036  0.032  0.258  0.006  0.016  0.022  0.010  0.079  0.720
   2.72876      8.181539  0.266  0.037  0.034  0.251  0.006  0.014  0.024  0.010  0.081  0.722
   2.76615      8.122005  0.262  0.039  0.039  0.244  0.005  0.014  0.025  0.010  0.083  0.720
   2.80355      8.069102  0.255  0.043  0.044  0.240  0.005  0.012  0.025  0.009  0.084  0.716
   2.84094      8.020829  0.239  0.049  0.053  0.238  0.004  0.009  0.025  0.008  0.083  0.709
   2.87834      7.972634  0.227  0.051  0.058  0.241  0.003  0.007  0.025  0.006  0.085  0.704
   2.91574      7.929921  0.294  0.009  0.001  0.278  0.003  0.007  0.036  0.005  0.120  0.754
 
# Band-Index:   22
   2.91574      8.964911  0.456  0.000  0.103  0.012  0.030  0.049  0.023  0.043  0.016  0.731
   2.87834      8.991912  0.443  0.003  0.105  0.016  0.029  0.049  0.022  0.041  0.015  0.726
   2.84094      9.067272  0.411  0.012  0.111  0.025  0.030  0.047  0.022  0.038  0.015  0.712
   2.80355      9.178693  0.374  0.024  0.118  0.036  0.030  0.043  0.022  0.035  0.014  0.695
   2.76615      9.314279  0.339  0.033  0.123  0.045  0.030  0.042  0.022  0.031  0.014  0.678
   2.72876      9.465251  0.304  0.040  0.127  0.052  0.031  0.040  0.022  0.028  0.014  0.661
   2.69136      9.625235  0.276  0.045  0.132  0.057  0.032  0.039  0.024  0.026  0.014  0.643
   2.65396      9.789311  0.249  0.047  0.134  0.062  0.034  0.038  0.025  0.024  0.014  0.628
   2.61657      9.952973  0.222  0.050  0.136  0.064  0.036  0.036  0.025  0.023  0.015  0.608
   2.57917     10.111576  0.197  0.050  0.137  0.067  0.038  0.035  0.027  0.022  0.015  0.590
   2.54178     10.259862  0.175  0.049  0.138  0.068  0.039  0.033  0.028  0.022  0.017  0.569
   2.50438     10.391949  0.152  0.046  0.137  0.070  0.041  0.031  0.028  0.022  0.018  0.546
   2.46698     10.501865  0.131  0.042  0.137  0.072  0.042  0.028  0.027  0.023  0.020  0.521
   2.42959     10.584662  0.112  0.037  0.134  0.072  0.043  0.023  0.026  0.023  0.022  0.495
   2.39219     10.638274  0.099  0.030  0.131  0.072  0.043  0.019  0.024  0.025  0.025  0.472
   2.35480     10.664955  0.090  0.025  0.127  0.072  0.043  0.016  0.021  0.026  0.029  0.450
   2.31740     10.671868  0.090  0.021  0.122  0.071  0.043  0.012  0.017  0.026  0.033  0.434
   2.28000     10.670313  0.097  0.018  0.116  0.071  0.041  0.009  0.012  0.025  0.038  0.425
   2.24261     10.674050  0.110  0.015  0.106  0.073  0.040  0.006  0.008  0.023  0.042  0.422
   2.20521     10.696714  0.124  0.013  0.094  0.082  0.038  0.005  0.004  0.020  0.046  0.428
   2.16782     10.748537  0.141  0.015  0.081  0.095  0.036  0.004  0.002  0.016  0.049  0.438
   2.13042     10.834110  0.150  0.019  0.065  0.112  0.034  0.004  0.003  0.013  0.049  0.452
   2.09302     10.952676  0.155  0.024  0.051  0.129  0.032  0.004  0.006  0.010  0.049  0.463
   2.05563     11.100595  0.155  0.029  0.041  0.145  0.032  0.005  0.009  0.009  0.048  0.472
   2.01823     11.273387  0.149  0.035  0.034  0.158  0.030  0.005  0.014  0.007  0.046  0.478
   1.98084     11.466979  0.144  0.040  0.026  0.171  0.030  0.005  0.018  0.006  0.044  0.483
   1.94344     11.677786  0.137  0.042  0.023  0.181  0.031  0.005  0.021  0.005  0.042  0.486
   1.90604     11.902153  0.127  0.044  0.020  0.190  0.030  0.005  0.024  0.005  0.040  0.486
   1.86865     12.136276  0.118  0.045  0.017  0.202  0.031  0.006  0.025  0.004  0.039  0.486
   1.83125     12.374834  0.106  0.044  0.018  0.214  0.032  0.006  0.026  0.003  0.037  0.485
   1.79386     12.609286  0.094  0.041  0.021  0.227  0.030  0.007  0.024  0.002  0.035  0.482
   1.75646     12.824374  0.079  0.038  0.029  0.242  0.028  0.006  0.019  0.001  0.032  0.476
   1.71906     12.996339  0.058  0.040  0.045  0.255  0.023  0.007  0.011  0.001  0.027  0.466
   1.68167     13.106876  0.039  0.057  0.059  0.252  0.016  0.005  0.006  0.000  0.019  0.452
   1.64427     13.164540  0.023  0.078  0.068  0.240  0.010  0.003  0.002  0.001  0.012  0.441
   1.60688     13.191084  0.013  0.097  0.074  0.230  0.006  0.003  0.001  0.001  0.008  0.432
   1.56948     13.202196  0.006  0.110  0.077  0.222  0.003  0.001  0.001  0.000  0.004  0.426
   1.53208     13.206187  0.002  0.119  0.079  0.218  0.001  0.000  0.000  0.000  0.001  0.422
   1.49469     13.207282  0.001  0.124  0.080  0.214  0.000  0.000  0.000  0.000  0.000  0.419
   1.45729     13.207439  0.000  0.126  0.080  0.212  0.000  0.000  0.000  0.000  0.000  0.418
   1.45729     13.207439  0.000  0.126  0.080  0.212  0.000  0.000  0.000  0.000  0.000  0.418
   1.41993     13.210752  0.000  0.126  0.080  0.212  0.000  0.000  0.000  0.000  0.000  0.418
   1.38256     13.220559  0.001  0.125  0.079  0.211  0.000  0.000  0.001  0.000  0.000  0.421
   1.34519     13.236586  0.002  0.126  0.079  0.209  0.001  0.001  0.002  0.001  0.001  0.423
   1.30783     13.258329  0.004  0.123  0.079  0.209  0.001  0.002  0.003  0.001  0.003  0.427
   1.27046     13.285017  0.006  0.122  0.080  0.207  0.003  0.003  0.005  0.002  0.003  0.431
   1.23309     13.315029  0.009  0.118  0.079  0.210  0.004  0.004  0.008  0.003  0.004  0.439
   1.19573     13.331602  0.018  0.093  0.058  0.248  0.006  0.008  0.026  0.001  0.001  0.458
   1.15836     13.103263  0.068  0.160  0.004  0.122  0.029  0.006  0.048  0.003  0.030  0.471
   1.12099     12.819065  0.080  0.169  0.005  0.102  0.029  0.005  0.045  0.004  0.034  0.471
   1.08363     12.541061  0.087  0.172  0.007  0.094  0.028  0.004  0.042  0.004  0.037  0.471
   1.04626     12.272132  0.097  0.172  0.008  0.085  0.028  0.004  0.038  0.003  0.038  0.473
   1.00889     12.013801  0.103  0.172  0.011  0.079  0.027  0.004  0.033  0.004  0.040  0.473
   0.97153     11.767360  0.111  0.171  0.013  0.073  0.026  0.004  0.029  0.004  0.042  0.474
   0.93416     11.534200  0.119  0.168  0.017  0.067  0.026  0.004  0.024  0.004  0.043  0.473
   0.89679     11.316058  0.124  0.163  0.022  0.061  0.026  0.005  0.019  0.004  0.044  0.470
   0.85943     11.115139  0.129  0.155  0.031  0.055  0.027  0.006  0.014  0.004  0.045  0.466
   0.82206     10.934789  0.132  0.146  0.040  0.048  0.027  0.007  0.008  0.004  0.046  0.459
   0.78470     10.779966  0.132  0.131  0.055  0.040  0.030  0.009  0.005  0.003  0.047  0.449
   0.74733     10.657524  0.126  0.114  0.072  0.031  0.031  0.012  0.002  0.004  0.046  0.438
   0.70996     10.574561  0.111  0.097  0.091  0.023  0.034  0.016  0.002  0.005  0.045  0.425
   0.67260     10.533602  0.094  0.084  0.110  0.018  0.036  0.021  0.006  0.006  0.041  0.418
   0.63523     10.527728  0.080  0.080  0.124  0.016  0.038  0.025  0.013  0.009  0.036  0.422
   0.59786     10.541667  0.075  0.080  0.131  0.018  0.038  0.028  0.019  0.012  0.031  0.433
   0.56050     10.558482  0.078  0.083  0.135  0.020  0.040  0.029  0.024  0.016  0.025  0.451
   0.52313     10.564292  0.091  0.086  0.134  0.023  0.040  0.029  0.028  0.021  0.022  0.474
   0.48576     10.549812  0.110  0.086  0.134  0.026  0.040  0.028  0.031  0.025  0.020  0.500
   0.44840     10.510623  0.135  0.085  0.130  0.029  0.040  0.028  0.032  0.028  0.018  0.528
   0.41103     10.446739  0.164  0.082  0.128  0.032  0.039  0.028  0.033  0.032  0.016  0.554
   0.37366     10.361423  0.194  0.079  0.126  0.034  0.038  0.027  0.032  0.035  0.015  0.578
   0.33630     10.259896  0.224  0.074  0.123  0.034  0.036  0.027  0.032  0.036  0.015  0.602
   0.29893     10.147932  0.255  0.068  0.121  0.032  0.034  0.028  0.030  0.038  0.015  0.622
   0.26157     10.031184  0.286  0.063  0.119  0.030  0.033  0.028  0.029  0.039  0.014  0.641
   0.22420      9.914760  0.317  0.055  0.115  0.026  0.031  0.029  0.029  0.040  0.014  0.657
   0.18683      9.803532  0.348  0.047  0.114  0.021  0.030  0.031  0.028  0.040  0.015  0.674
   0.14947      9.702203  0.378  0.037  0.111  0.016  0.030  0.032  0.027  0.042  0.016  0.689
   0.11210      9.615679  0.405  0.028  0.108  0.010  0.029  0.034  0.026  0.043  0.017  0.700
   0.07473      9.548896  0.430  0.021  0.106  0.005  0.028  0.035  0.026  0.043  0.017  0.709
   0.03737      9.506471  0.446  0.014  0.104  0.002  0.028  0.035  0.027  0.043  0.018  0.717
   0.00000      9.491900  0.451  0.012  0.104  0.000  0.028  0.035  0.026  0.044  0.018  0.720
 
# Band-Index:   23
   0.00000     12.647432  0.000  0.121  0.376  0.012  0.000  0.000  0.000  0.000  0.000  0.509
   0.03737     12.647956  0.000  0.121  0.376  0.012  0.000  0.000  0.000  0.000  0.000  0.508
   0.07473     12.649567  0.000  0.120  0.374  0.012  0.000  0.001  0.000  0.000  0.000  0.510
   0.11210     12.652245  0.000  0.120  0.371  0.013  0.000  0.003  0.002  0.001  0.000  0.511
   0.14947     12.656064  0.001  0.120  0.367  0.014  0.000  0.006  0.002  0.001  0.000  0.512
   0.18683     12.661137  0.003  0.120  0.360  0.016  0.000  0.010  0.004  0.002  0.000  0.513
   0.22420     12.667924  0.005  0.119  0.352  0.017  0.000  0.014  0.004  0.003  0.000  0.517
   0.26157     12.677355  0.007  0.117  0.346  0.021  0.000  0.018  0.006  0.005  0.000  0.520
   0.29893     12.691022  0.009  0.115  0.337  0.024  0.000  0.024  0.008  0.006  0.001  0.523
   0.33630     12.711506  0.012  0.111  0.328  0.030  0.000  0.028  0.010  0.008  0.001  0.530
   0.37366     12.742265  0.017  0.107  0.319  0.035  0.001  0.034  0.013  0.011  0.001  0.536
   0.41103     12.787940  0.022  0.100  0.310  0.041  0.002  0.040  0.016  0.014  0.002  0.545
   0.44840     12.852894  0.026  0.094  0.300  0.047  0.004  0.044  0.020  0.018  0.002  0.555
   0.48576     12.941310  0.029  0.087  0.293  0.053  0.006  0.048  0.024  0.023  0.003  0.565
   0.52313     13.054397  0.030  0.079  0.287  0.057  0.010  0.051  0.029  0.028  0.005  0.573
   0.56050     13.190278  0.027  0.071  0.282  0.057  0.014  0.055  0.033  0.033  0.006  0.579
   0.59786     13.342628  0.021  0.066  0.278  0.054  0.018  0.057  0.036  0.038  0.009  0.581
   0.63523     13.498984  0.013  0.064  0.271  0.046  0.025  0.061  0.036  0.043  0.013  0.572
   0.67260     13.636351  0.011  0.068  0.248  0.034  0.031  0.063  0.030  0.045  0.021  0.552
   0.70996     13.724878  0.026  0.074  0.204  0.033  0.033  0.058  0.027  0.041  0.031  0.526
   0.74733     13.758138  0.045  0.081  0.161  0.049  0.029  0.048  0.029  0.033  0.037  0.510
   0.78470     13.757095  0.056  0.087  0.135  0.066  0.026  0.039  0.032  0.028  0.039  0.503
   0.82206     13.738896  0.060  0.093  0.117  0.082  0.022  0.032  0.032  0.024  0.037  0.499
   0.85943     13.711543  0.060  0.098  0.108  0.096  0.019  0.027  0.030  0.020  0.035  0.496
   0.89679     13.678797  0.057  0.104  0.102  0.107  0.018  0.024  0.027  0.018  0.033  0.492
   0.93416     13.642315  0.053  0.110  0.097  0.119  0.016  0.020  0.025  0.016  0.030  0.486
   0.97153     13.603290  0.049  0.116  0.093  0.128  0.014  0.017  0.022  0.014  0.027  0.478
   1.00889     13.562548  0.043  0.120  0.090  0.137  0.013  0.014  0.019  0.012  0.024  0.473
   1.04626     13.520758  0.038  0.123  0.088  0.145  0.012  0.012  0.016  0.011  0.022  0.466
   1.08363     13.478766  0.033  0.127  0.086  0.153  0.011  0.009  0.013  0.010  0.019  0.458
   1.12099     13.437563  0.028  0.132  0.084  0.155  0.009  0.007  0.010  0.008  0.016  0.452
   1.15836     13.399775  0.026  0.142  0.082  0.148  0.009  0.005  0.007  0.008  0.017  0.443
   1.19573     13.426666  0.067  0.209  0.026  0.033  0.031  0.001  0.029  0.009  0.041  0.446
   1.23309     13.706193  0.062  0.187  0.003  0.085  0.033  0.004  0.045  0.005  0.034  0.457
   1.27046     14.005105  0.053  0.183  0.004  0.100  0.031  0.003  0.046  0.005  0.028  0.454
   1.30783     14.303341  0.045  0.185  0.004  0.110  0.029  0.004  0.044  0.004  0.024  0.448
   1.34519     14.592915  0.033  0.190  0.004  0.123  0.026  0.003  0.039  0.004  0.018  0.441
   1.38256     14.859236  0.022  0.202  0.003  0.139  0.018  0.002  0.028  0.003  0.011  0.430
   1.41993     15.069295  0.010  0.220  0.004  0.157  0.007  0.001  0.011  0.001  0.004  0.417
   1.45729     15.156111  0.002  0.233  0.004  0.170  0.000  0.000  0.000  0.000  0.000  0.409
   1.45729     15.156111  0.002  0.233  0.004  0.170  0.000  0.000  0.000  0.000  0.000  0.409
   1.49469     15.074440  0.010  0.220  0.004  0.159  0.007  0.000  0.012  0.003  0.002  0.416
   1.53208     14.877251  0.021  0.201  0.006  0.142  0.017  0.001  0.030  0.007  0.005  0.430
   1.56948     14.630324  0.032  0.189  0.007  0.127  0.023  0.001  0.043  0.010  0.008  0.441
   1.60688     14.369694  0.039  0.185  0.010  0.115  0.025  0.001  0.051  0.012  0.009  0.448
   1.64427     14.117358  0.041  0.187  0.017  0.101  0.024  0.000  0.055  0.014  0.009  0.449
   1.68167     13.895385  0.040  0.194  0.026  0.087  0.019  0.000  0.056  0.017  0.007  0.449
   1.71906     13.728975  0.033  0.196  0.043  0.083  0.013  0.000  0.053  0.019  0.004  0.444
   1.75646     13.628656  0.026  0.185  0.059  0.092  0.008  0.001  0.047  0.021  0.004  0.443
   1.79386     13.577796  0.026  0.167  0.069  0.105  0.006  0.003  0.043  0.023  0.006  0.448
   1.83125     13.553791  0.029  0.150  0.076  0.114  0.006  0.004  0.041  0.025  0.009  0.455
   1.86865     13.542619  0.033  0.133  0.080  0.118  0.007  0.007  0.042  0.028  0.013  0.460
   1.90604     13.537196  0.039  0.118  0.085  0.119  0.007  0.008  0.043  0.031  0.017  0.468
   1.94344     13.533885  0.044  0.105  0.086  0.117  0.009  0.010  0.046  0.034  0.021  0.475
   1.98084     13.530722  0.052  0.096  0.089  0.112  0.010  0.011  0.050  0.037  0.025  0.480
   2.01823     13.526487  0.056  0.085  0.092  0.106  0.012  0.012  0.053  0.042  0.029  0.486
   2.05563     13.520243  0.059  0.077  0.095  0.099  0.013  0.014  0.057  0.046  0.031  0.489
   2.09302     13.510787  0.060  0.067  0.096  0.090  0.015  0.016  0.061  0.051  0.035  0.491
   2.13042     13.496526  0.059  0.059  0.099  0.081  0.019  0.018  0.062  0.057  0.037  0.491
   2.16782     13.474721  0.055  0.051  0.103  0.073  0.022  0.020  0.063  0.064  0.040  0.491
   2.20521     13.440917  0.049  0.044  0.110  0.068  0.026  0.023  0.059  0.073  0.040  0.490
   2.24261     13.388600  0.039  0.040  0.123  0.064  0.028  0.027  0.052  0.083  0.039  0.493
   2.28000     13.311703  0.029  0.041  0.141  0.067  0.028  0.030  0.040  0.091  0.033  0.502
   2.31740     13.211921  0.026  0.045  0.162  0.072  0.025  0.031  0.030  0.096  0.027  0.514
   2.35480     13.102667  0.027  0.049  0.178  0.079  0.020  0.029  0.021  0.097  0.021  0.523
   2.39219     13.000283  0.028  0.049  0.190  0.087  0.017  0.026  0.015  0.096  0.017  0.526
   2.42959     12.915712  0.028  0.044  0.199  0.096  0.013  0.022  0.012  0.094  0.013  0.523
   2.46698     12.853449  0.027  0.039  0.207  0.104  0.010  0.018  0.008  0.091  0.012  0.518
   2.50438     12.812388  0.025  0.033  0.216  0.111  0.008  0.015  0.008  0.087  0.011  0.514
   2.54178     12.788779  0.023  0.028  0.224  0.117  0.007  0.012  0.006  0.083  0.010  0.511
   2.57917     12.778305  0.022  0.025  0.236  0.119  0.006  0.010  0.006  0.077  0.010  0.508
   2.61657     12.776688  0.021  0.022  0.247  0.122  0.005  0.008  0.006  0.070  0.009  0.509
   2.65396     12.780888  0.020  0.019  0.260  0.122  0.005  0.005  0.006  0.062  0.009  0.509
   2.69136     12.788592  0.019  0.017  0.274  0.123  0.004  0.004  0.006  0.054  0.008  0.509
   2.72876     12.798259  0.016  0.016  0.291  0.122  0.004  0.003  0.006  0.043  0.007  0.510
   2.76615     12.808666  0.013  0.014  0.309  0.123  0.003  0.002  0.006  0.033  0.005  0.510
   2.80355     12.818812  0.009  0.013  0.329  0.122  0.002  0.001  0.004  0.022  0.004  0.510
   2.84094     12.827531  0.005  0.013  0.349  0.123  0.002  0.001  0.003  0.011  0.002  0.510
   2.87834     12.833618  0.001  0.013  0.365  0.124  0.000  0.000  0.001  0.003  0.000  0.510
   2.91574     12.835841  0.000  0.013  0.370  0.125  0.000  0.000  0.000  0.000  0.000  0.510
 
# Band-Index:   24
   2.91574     13.027712  0.100  0.004  0.052  0.033  0.033  0.003  0.120  0.119  0.051  0.515
   2.87834     13.032274  0.099  0.004  0.057  0.032  0.033  0.003  0.120  0.116  0.050  0.516
   2.84094     13.045447  0.095  0.005  0.071  0.033  0.031  0.003  0.120  0.108  0.049  0.515
   2.80355     13.066102  0.090  0.006  0.089  0.033  0.031  0.003  0.119  0.098  0.047  0.514
   2.76615     13.092966  0.084  0.007  0.104  0.033  0.031  0.002  0.119  0.088  0.045  0.514
   2.72876     13.125180  0.079  0.006  0.117  0.031  0.029  0.002  0.122  0.078  0.045  0.512
   2.69136     13.162040  0.077  0.007  0.127  0.030  0.029  0.002  0.125  0.069  0.044  0.512
   2.65396     13.203073  0.073  0.009  0.135  0.028  0.029  0.003  0.130  0.061  0.044  0.511
   2.61657     13.247793  0.071  0.011  0.139  0.025  0.028  0.002  0.134  0.054  0.044  0.512
   2.57917     13.295861  0.070  0.015  0.142  0.023  0.028  0.002  0.140  0.048  0.044  0.511
   2.54178     13.346699  0.069  0.019  0.143  0.019  0.027  0.002  0.146  0.042  0.045  0.513
   2.50438     13.399885  0.070  0.023  0.142  0.017  0.026  0.002  0.153  0.036  0.045  0.515
   2.46698     13.455005  0.073  0.029  0.142  0.014  0.024  0.002  0.159  0.030  0.044  0.520
   2.42959     13.512192  0.076  0.038  0.144  0.012  0.021  0.001  0.165  0.024  0.045  0.528
   2.39219     13.572429  0.079  0.049  0.147  0.012  0.018  0.002  0.170  0.018  0.043  0.537
   2.35480     13.639148  0.083  0.064  0.156  0.011  0.013  0.002  0.173  0.012  0.039  0.553
   2.31740     13.719459  0.083  0.082  0.172  0.012  0.009  0.005  0.174  0.007  0.033  0.576
   2.28000     13.823501  0.076  0.095  0.196  0.015  0.005  0.008  0.171  0.005  0.026  0.598
   2.24261     13.957164  0.061  0.102  0.219  0.018  0.005  0.013  0.167  0.009  0.020  0.616
   2.20521     14.114486  0.043  0.096  0.237  0.020  0.006  0.019  0.168  0.014  0.016  0.620
   2.16782     14.282121  0.027  0.083  0.249  0.022  0.008  0.023  0.174  0.016  0.017  0.618
   2.13042     14.448667  0.016  0.066  0.250  0.029  0.008  0.025  0.182  0.017  0.018  0.611
   2.09302     14.608527  0.008  0.050  0.243  0.035  0.007  0.027  0.189  0.018  0.022  0.599
   2.05563     14.761692  0.005  0.039  0.229  0.044  0.006  0.027  0.195  0.017  0.025  0.588
   2.01823     14.910774  0.005  0.032  0.213  0.050  0.005  0.027  0.198  0.016  0.029  0.577
   1.98084     15.058689  0.004  0.028  0.195  0.057  0.003  0.027  0.203  0.017  0.034  0.569
   1.94344     15.207987  0.007  0.026  0.178  0.062  0.003  0.027  0.206  0.016  0.040  0.563
   1.90604     15.360064  0.006  0.026  0.159  0.066  0.002  0.028  0.209  0.017  0.045  0.558
   1.86865     15.515698  0.007  0.026  0.143  0.070  0.001  0.029  0.213  0.017  0.051  0.555
   1.83125     15.674993  0.007  0.026  0.126  0.074  0.001  0.029  0.215  0.018  0.058  0.554
   1.79386     15.837447  0.007  0.026  0.111  0.078  0.001  0.031  0.218  0.018  0.065  0.553
   1.75646     16.001775  0.009  0.025  0.094  0.081  0.002  0.032  0.220  0.019  0.071  0.552
   1.71906     16.165809  0.009  0.028  0.080  0.087  0.003  0.032  0.220  0.020  0.077  0.554
   1.68167     16.329084  0.010  0.047  0.063  0.105  0.003  0.032  0.209  0.022  0.068  0.561
   1.64427     16.474712  0.010  0.042  0.051  0.104  0.006  0.033  0.205  0.020  0.084  0.554
   1.60688     16.600246  0.012  0.104  0.039  0.139  0.004  0.028  0.157  0.019  0.054  0.556
   1.56948     16.664972  0.032  0.157  0.022  0.118  0.038  0.014  0.091  0.018  0.038  0.527
   1.53208     16.510717  0.068  0.056  0.007  0.041  0.100  0.017  0.144  0.029  0.039  0.500
   1.49469     16.332493  0.086  0.012  0.006  0.010  0.124  0.019  0.176  0.037  0.031  0.500
   1.45729     16.259090  0.094  0.000  0.006  0.000  0.132  0.019  0.188  0.040  0.029  0.508
   1.45729     16.259090  0.094  0.000  0.006  0.000  0.132  0.019  0.188  0.040  0.029  0.508
   1.41993     16.335666  0.087  0.013  0.007  0.010  0.125  0.018  0.176  0.039  0.027  0.501
   1.38256     16.511737  0.075  0.033  0.006  0.024  0.115  0.016  0.159  0.038  0.022  0.491
   1.34519     16.627313  0.013  0.221  0.032  0.150  0.002  0.023  0.098  0.007  0.020  0.565
   1.30783     16.536007  0.013  0.199  0.039  0.121  0.002  0.027  0.129  0.016  0.031  0.577
   1.27046     16.418793  0.012  0.174  0.050  0.100  0.003  0.030  0.155  0.021  0.037  0.583
   1.23309     16.287705  0.013  0.154  0.062  0.085  0.004  0.032  0.173  0.025  0.040  0.586
   1.19573     16.148903  0.012  0.137  0.075  0.075  0.004  0.032  0.183  0.026  0.040  0.587
   1.15836     16.006369  0.012  0.123  0.091  0.072  0.004  0.033  0.191  0.028  0.038  0.588
   1.12099     15.862820  0.012  0.110  0.105  0.069  0.003  0.032  0.195  0.028  0.035  0.587
   1.08363     15.719815  0.010  0.096  0.123  0.067  0.002  0.032  0.197  0.027  0.032  0.589
   1.04626     15.577822  0.010  0.085  0.139  0.068  0.002  0.030  0.199  0.028  0.029  0.590
   1.00889     15.436630  0.008  0.074  0.155  0.070  0.002  0.030  0.199  0.027  0.026  0.591
   0.97153     15.295196  0.007  0.062  0.173  0.072  0.003  0.030  0.199  0.027  0.023  0.594
   0.93416     15.151741  0.004  0.051  0.188  0.078  0.003  0.030  0.197  0.026  0.021  0.599
   0.89679     15.003901  0.005  0.040  0.201  0.086  0.004  0.029  0.195  0.026  0.018  0.605
   0.85943     14.848989  0.008  0.031  0.210  0.098  0.005  0.028  0.191  0.025  0.016  0.612
   0.82206     14.685830  0.016  0.023  0.212  0.113  0.005  0.026  0.185  0.023  0.015  0.617
   0.78470     14.516648  0.029  0.018  0.203  0.130  0.005  0.022  0.177  0.020  0.015  0.620
   0.74733     14.350894  0.053  0.017  0.179  0.146  0.003  0.017  0.171  0.014  0.017  0.617
   0.70996     14.209822  0.084  0.019  0.135  0.158  0.001  0.009  0.164  0.006  0.025  0.600
   0.67260     14.119974  0.112  0.022  0.088  0.151  0.003  0.006  0.153  0.001  0.036  0.571
   0.63523     14.081096  0.119  0.024  0.065  0.128  0.009  0.011  0.142  0.001  0.047  0.542
   0.59786     14.068726  0.116  0.023  0.055  0.103  0.014  0.017  0.136  0.003  0.052  0.521
   0.56050     14.064879  0.112  0.020  0.052  0.083  0.020  0.024  0.134  0.005  0.056  0.507
   0.52313     14.061251  0.108  0.017  0.050  0.067  0.023  0.031  0.133  0.006  0.058  0.495
   0.48576     14.054463  0.104  0.017  0.050  0.052  0.026  0.037  0.133  0.007  0.060  0.487
   0.44840     14.043869  0.102  0.017  0.049  0.041  0.028  0.044  0.132  0.007  0.060  0.480
   0.41103     14.030300  0.100  0.017  0.049  0.031  0.031  0.050  0.129  0.007  0.061  0.477
   0.37366     14.014896  0.100  0.018  0.050  0.024  0.032  0.056  0.127  0.007  0.061  0.476
   0.33630     13.999049  0.101  0.019  0.048  0.019  0.032  0.063  0.124  0.007  0.061  0.475
   0.29893     13.983786  0.103  0.021  0.047  0.014  0.033  0.068  0.122  0.007  0.061  0.476
   0.26157     13.969948  0.104  0.023  0.047  0.010  0.034  0.073  0.119  0.007  0.061  0.479
   0.22420     13.957881  0.106  0.024  0.046  0.008  0.033  0.077  0.117  0.007  0.060  0.480
   0.18683     13.947822  0.108  0.025  0.046  0.007  0.034  0.080  0.114  0.007  0.060  0.483
   0.14947     13.939784  0.110  0.026  0.045  0.006  0.034  0.083  0.113  0.006  0.060  0.484
   0.11210     13.933702  0.111  0.027  0.043  0.005  0.034  0.085  0.112  0.006  0.059  0.487
   0.07473     13.929492  0.113  0.027  0.043  0.004  0.034  0.087  0.111  0.006  0.059  0.488
   0.03737     13.927027  0.113  0.027  0.043  0.004  0.034  0.088  0.111  0.006  0.059  0.488
   0.00000     13.926213  0.114  0.028  0.043  0.004  0.034  0.088  0.110  0.006  0.059  0.488
