#K-Path          Energy     s    py    pz    px    dxy    dyz    dz2    dxz    dx2-y2    tot
# NKPTS & NBANDS:  80  24
# Band-Index:    1
   0.00000    -18.906064  0.792  0.000  0.000  0.000  0.004  0.034  0.003  0.002  0.018  0.856
   0.03737    -18.907221  0.792  0.000  0.000  0.000  0.004  0.034  0.003  0.002  0.018  0.856
   0.07473    -18.910707  0.792  0.001  0.000  0.000  0.004  0.034  0.003  0.002  0.018  0.855
   0.11210    -18.916561  0.792  0.001  0.000  0.000  0.004  0.033  0.003  0.002  0.018  0.855
   0.14947    -18.924841  0.791  0.002  0.000  0.000  0.004  0.032  0.003  0.002  0.018  0.855
   0.18683    -18.935695  0.790  0.003  0.001  0.000  0.004  0.030  0.003  0.002  0.018  0.853
   0.22420    -18.949291  0.789  0.005  0.002  0.000  0.004  0.029  0.003  0.002  0.017  0.853
   0.26157    -18.965667  0.789  0.006  0.002  0.000  0.004  0.027  0.003  0.002  0.018  0.853
   0.29893    -18.985040  0.788  0.008  0.002  0.000  0.004  0.025  0.003  0.002  0.018  0.850
   0.33630    -19.007330  0.788  0.009  0.003  0.000  0.003  0.023  0.003  0.002  0.017  0.848
   0.37366    -19.032647  0.787  0.011  0.004  0.000  0.003  0.021  0.003  0.002  0.017  0.847
   0.41103    -19.060814  0.785  0.012  0.004  0.000  0.003  0.019  0.003  0.001  0.016  0.846
   0.44840    -19.091849  0.785  0.013  0.004  0.000  0.003  0.017  0.003  0.001  0.016  0.843
   0.48576    -19.125519  0.784  0.014  0.004  0.000  0.002  0.015  0.003  0.001  0.015  0.842
   0.52313    -19.161642  0.784  0.014  0.004  0.000  0.002  0.014  0.003  0.001  0.016  0.840
   0.56050    -19.199865  0.784  0.014  0.004  0.000  0.002  0.012  0.002  0.001  0.016  0.837
   0.59786    -19.239971  0.783  0.014  0.005  0.000  0.002  0.011  0.002  0.001  0.015  0.836
   0.63523    -19.281613  0.784  0.014  0.005  0.000  0.002  0.010  0.002  0.001  0.015  0.834
   0.67260    -19.324537  0.783  0.014  0.005  0.000  0.002  0.009  0.002  0.001  0.015  0.832
   0.70996    -19.368317  0.784  0.013  0.005  0.000  0.002  0.008  0.002  0.001  0.015  0.829
   0.74733    -19.412686  0.783  0.013  0.004  0.000  0.002  0.007  0.002  0.001  0.014  0.829
   0.78470    -19.457212  0.785  0.012  0.004  0.000  0.002  0.005  0.002  0.001  0.014  0.826
   0.82206    -19.501594  0.784  0.011  0.004  0.000  0.001  0.005  0.002  0.001  0.014  0.824
   0.85943    -19.545542  0.784  0.010  0.004  0.000  0.001  0.004  0.002  0.001  0.014  0.822
   0.89679    -19.588652  0.785  0.009  0.003  0.000  0.001  0.004  0.002  0.001  0.014  0.820
   0.93416    -19.630764  0.784  0.008  0.003  0.000  0.001  0.003  0.002  0.001  0.014  0.818
   0.97153    -19.671337  0.785  0.007  0.003  0.000  0.001  0.003  0.002  0.001  0.013  0.817
   1.00889    -19.710147  0.785  0.006  0.002  0.000  0.001  0.003  0.002  0.001  0.013  0.816
   1.04626    -19.746998  0.786  0.006  0.002  0.000  0.001  0.002  0.002  0.001  0.014  0.814
   1.08363    -19.781562  0.787  0.005  0.002  0.000  0.001  0.002  0.002  0.001  0.014  0.812
   1.12099    -19.813605  0.787  0.004  0.002  0.000  0.001  0.002  0.002  0.001  0.013  0.811
   1.15836    -19.842873  0.787  0.003  0.002  0.000  0.001  0.002  0.002  0.001  0.013  0.811
   1.19573    -19.869143  0.787  0.002  0.001  0.000  0.001  0.002  0.002  0.001  0.013  0.810
   1.23309    -19.892361  0.789  0.002  0.000  0.000  0.001  0.002  0.002  0.001  0.013  0.809
   1.27046    -19.912273  0.788  0.001  0.000  0.000  0.001  0.002  0.002  0.001  0.013  0.807
   1.30783    -19.928758  0.789  0.001  0.000  0.000  0.001  0.001  0.002  0.001  0.013  0.808
   1.34519    -19.941702  0.788  0.000  0.000  0.000  0.001  0.001  0.002  0.001  0.013  0.806
   1.38256    -19.950988  0.789  0.000  0.000  0.000  0.001  0.001  0.002  0.001  0.013  0.806
   1.41993    -19.956596  0.789  0.000  0.000  0.000  0.001  0.001  0.002  0.001  0.013  0.806
   1.45729    -19.958492  0.789  0.000  0.000  0.000  0.001  0.001  0.002  0.001  0.013  0.806
   1.45729    -19.958492  0.789  0.000  0.000  0.000  0.001  0.001  0.002  0.001  0.013  0.806
   1.49469    -19.956553  0.789  0.000  0.000  0.000  0.001  0.001  0.002  0.001  0.013  0.806
   1.53208    -19.950698  0.789  0.000  0.000  0.000  0.001  0.001  0.002  0.001  0.013  0.806
   1.56948    -19.941027  0.788  0.000  0.000  0.000  0.001  0.001  0.002  0.001  0.013  0.807
   1.60688    -19.927570  0.789  0.000  0.000  0.001  0.001  0.000  0.002  0.001  0.013  0.808
   1.64427    -19.910441  0.788  0.000  0.000  0.001  0.001  0.000  0.002  0.001  0.013  0.808
   1.68167    -19.889774  0.788  0.000  0.000  0.002  0.001  0.000  0.002  0.001  0.013  0.809
   1.71906    -19.865637  0.789  0.000  0.001  0.002  0.001  0.000  0.002  0.001  0.013  0.809
   1.75646    -19.838355  0.787  0.000  0.002  0.003  0.001  0.000  0.002  0.001  0.013  0.811
   1.79386    -19.807943  0.788  0.000  0.002  0.004  0.000  0.000  0.002  0.002  0.013  0.812
   1.83125    -19.774740  0.787  0.000  0.002  0.005  0.000  0.000  0.002  0.002  0.012  0.813
   1.86865    -19.738945  0.787  0.000  0.002  0.006  0.001  0.001  0.002  0.003  0.012  0.814
   1.90604    -19.700858  0.786  0.000  0.002  0.007  0.001  0.001  0.002  0.003  0.013  0.815
   1.94344    -19.660743  0.785  0.000  0.002  0.008  0.001  0.001  0.002  0.004  0.013  0.817
   1.98084    -19.618973  0.786  0.000  0.003  0.009  0.001  0.001  0.002  0.004  0.013  0.818
   2.01823    -19.575736  0.785  0.000  0.004  0.010  0.001  0.001  0.002  0.005  0.012  0.820
   2.05563    -19.531545  0.785  0.000  0.004  0.011  0.001  0.001  0.002  0.006  0.012  0.822
   2.09302    -19.486788  0.785  0.000  0.004  0.012  0.001  0.001  0.002  0.007  0.013  0.824
   2.13042    -19.441784  0.784  0.000  0.004  0.012  0.001  0.001  0.002  0.008  0.012  0.826
   2.16782    -19.396951  0.784  0.000  0.004  0.013  0.001  0.001  0.002  0.009  0.012  0.828
   2.20521    -19.352649  0.784  0.000  0.004  0.014  0.001  0.001  0.002  0.010  0.012  0.830
   2.24261    -19.309396  0.785  0.000  0.005  0.014  0.001  0.001  0.002  0.012  0.012  0.832
   2.28000    -19.267560  0.784  0.000  0.005  0.014  0.001  0.001  0.002  0.014  0.012  0.834
   2.31740    -19.227635  0.784  0.000  0.005  0.014  0.001  0.001  0.002  0.016  0.012  0.837
   2.35480    -19.189965  0.784  0.000  0.005  0.014  0.001  0.001  0.002  0.019  0.012  0.839
   2.39219    -19.154890  0.785  0.000  0.004  0.013  0.001  0.001  0.002  0.022  0.012  0.841
   2.42959    -19.122776  0.785  0.000  0.004  0.012  0.001  0.001  0.002  0.025  0.012  0.844
   2.46698    -19.093833  0.785  0.000  0.004  0.011  0.001  0.001  0.003  0.028  0.013  0.847
   2.50438    -19.068237  0.784  0.000  0.004  0.009  0.001  0.001  0.003  0.031  0.012  0.848
   2.54178    -19.045976  0.785  0.000  0.003  0.008  0.002  0.001  0.003  0.035  0.012  0.850
   2.57917    -19.026808  0.785  0.000  0.002  0.006  0.003  0.001  0.004  0.038  0.012  0.852
   2.61657    -19.010651  0.786  0.000  0.002  0.005  0.003  0.001  0.004  0.041  0.013  0.853
   2.65396    -18.997130  0.785  0.000  0.002  0.004  0.003  0.001  0.004  0.043  0.013  0.855
   2.69136    -18.986091  0.786  0.000  0.001  0.003  0.003  0.001  0.004  0.046  0.013  0.856
   2.72876    -18.977122  0.786  0.000  0.001  0.002  0.003  0.001  0.004  0.048  0.013  0.857
   2.76615    -18.970105  0.786  0.000  0.001  0.001  0.003  0.001  0.004  0.049  0.012  0.857
   2.80355    -18.964778  0.786  0.000  0.000  0.001  0.003  0.001  0.004  0.050  0.012  0.858
   2.84094    -18.961107  0.786  0.000  0.000  0.000  0.003  0.001  0.004  0.051  0.012  0.859
   2.87834    -18.958926  0.786  0.000  0.000  0.000  0.003  0.001  0.004  0.051  0.012  0.860
   2.91574    -18.958166  0.786  0.000  0.000  0.000  0.003  0.001  0.004  0.052  0.012  0.860
 
# Band-Index:    2
   2.91574    -18.652020  0.768  0.000  0.024  0.046  0.000  0.000  0.000  0.000  0.000  0.838
   2.87834    -18.652979  0.768  0.000  0.024  0.046  0.000  0.000  0.000  0.000  0.000  0.838
   2.84094    -18.655771  0.768  0.000  0.024  0.045  0.000  0.000  0.000  0.000  0.000  0.838
   2.80355    -18.660356  0.767  0.000  0.024  0.045  0.000  0.000  0.000  0.001  0.000  0.839
   2.76615    -18.666562  0.768  0.000  0.024  0.043  0.000  0.000  0.000  0.001  0.000  0.837
   2.72876    -18.674184  0.767  0.000  0.024  0.041  0.000  0.000  0.000  0.002  0.000  0.838
   2.69136    -18.682912  0.768  0.000  0.025  0.040  0.000  0.000  0.000  0.003  0.000  0.837
   2.65396    -18.692364  0.767  0.000  0.026  0.038  0.000  0.000  0.000  0.004  0.000  0.838
   2.61657    -18.702143  0.769  0.000  0.026  0.035  0.001  0.000  0.000  0.005  0.000  0.837
   2.57917    -18.711717  0.769  0.000  0.027  0.033  0.001  0.000  0.000  0.007  0.001  0.837
   2.54178    -18.720610  0.769  0.000  0.027  0.030  0.001  0.000  0.000  0.008  0.001  0.838
   2.50438    -18.728383  0.769  0.000  0.028  0.027  0.001  0.000  0.000  0.010  0.001  0.837
   2.46698    -18.734660  0.769  0.000  0.029  0.024  0.001  0.000  0.000  0.012  0.001  0.838
   2.42959    -18.739185  0.771  0.000  0.030  0.021  0.001  0.000  0.000  0.013  0.001  0.838
   2.39219    -18.741790  0.770  0.000  0.031  0.019  0.001  0.000  0.000  0.015  0.001  0.838
   2.35480    -18.742363  0.770  0.000  0.033  0.015  0.001  0.000  0.000  0.015  0.001  0.839
   2.31740    -18.740942  0.770  0.000  0.034  0.013  0.001  0.000  0.000  0.016  0.001  0.838
   2.28000    -18.737496  0.771  0.000  0.035  0.011  0.001  0.000  0.000  0.016  0.001  0.838
   2.24261    -18.732251  0.770  0.000  0.036  0.010  0.001  0.000  0.000  0.016  0.001  0.839
   2.20521    -18.725286  0.771  0.000  0.039  0.008  0.001  0.000  0.000  0.016  0.001  0.838
   2.16782    -18.716733  0.770  0.000  0.040  0.007  0.001  0.000  0.000  0.016  0.001  0.838
   2.13042    -18.706713  0.771  0.000  0.042  0.006  0.001  0.000  0.000  0.015  0.001  0.838
   2.09302    -18.695406  0.771  0.000  0.044  0.005  0.001  0.000  0.000  0.014  0.001  0.838
   2.05563    -18.683034  0.772  0.000  0.045  0.004  0.001  0.000  0.000  0.013  0.001  0.838
   2.01823    -18.669845  0.772  0.000  0.048  0.003  0.001  0.000  0.000  0.012  0.000  0.838
   1.98084    -18.655925  0.771  0.000  0.049  0.003  0.001  0.000  0.000  0.011  0.000  0.838
   1.94344    -18.641507  0.773  0.000  0.050  0.002  0.001  0.000  0.000  0.010  0.000  0.838
   1.90604    -18.626951  0.772  0.000  0.053  0.002  0.001  0.000  0.000  0.009  0.000  0.838
   1.86865    -18.612327  0.772  0.000  0.054  0.002  0.001  0.000  0.000  0.008  0.000  0.838
   1.83125    -18.597924  0.773  0.000  0.056  0.001  0.000  0.000  0.000  0.006  0.000  0.838
   1.79386    -18.584031  0.773  0.000  0.057  0.001  0.000  0.000  0.000  0.005  0.000  0.839
   1.75646    -18.570801  0.773  0.000  0.059  0.001  0.000  0.000  0.000  0.004  0.000  0.838
   1.71906    -18.558445  0.774  0.000  0.060  0.000  0.000  0.000  0.000  0.003  0.000  0.838
   1.68167    -18.547328  0.773  0.000  0.061  0.000  0.000  0.000  0.000  0.003  0.000  0.838
   1.64427    -18.537483  0.774  0.000  0.062  0.000  0.000  0.000  0.000  0.002  0.000  0.839
   1.60688    -18.529173  0.774  0.000  0.063  0.000  0.000  0.000  0.000  0.001  0.000  0.838
   1.56948    -18.522548  0.773  0.000  0.063  0.000  0.000  0.000  0.000  0.001  0.000  0.840
   1.53208    -18.517634  0.774  0.000  0.064  0.000  0.000  0.000  0.000  0.000  0.000  0.839
   1.49469    -18.514737  0.774  0.000  0.064  0.000  0.000  0.000  0.000  0.000  0.000  0.839
   1.45729    -18.513741  0.774  0.000  0.064  0.000  0.000  0.000  0.000  0.000  0.000  0.839
   1.45729    -18.513741  0.774  0.000  0.064  0.000  0.000  0.000  0.000  0.000  0.000  0.839
   1.41993    -18.514541  0.774  0.000  0.064  0.000  0.000  0.000  0.000  0.000  0.000  0.839
   1.38256    -18.516869  0.774  0.000  0.064  0.000  0.000  0.000  0.000  0.000  0.000  0.839
   1.34519    -18.520710  0.774  0.000  0.064  0.000  0.000  0.000  0.000  0.000  0.000  0.839
   1.30783    -18.525932  0.775  0.000  0.063  0.000  0.000  0.001  0.000  0.000  0.000  0.839
   1.27046    -18.532494  0.774  0.000  0.062  0.000  0.000  0.001  0.000  0.000  0.000  0.839
   1.23309    -18.540200  0.773  0.000  0.061  0.000  0.000  0.002  0.000  0.000  0.000  0.839
   1.19573    -18.548952  0.774  0.000  0.061  0.000  0.000  0.002  0.000  0.000  0.000  0.837
   1.15836    -18.558704  0.774  0.001  0.059  0.000  0.000  0.003  0.000  0.000  0.000  0.838
   1.12099    -18.569071  0.774  0.001  0.058  0.000  0.000  0.003  0.000  0.000  0.000  0.837
   1.08363    -18.579907  0.774  0.001  0.056  0.000  0.000  0.004  0.000  0.000  0.000  0.838
   1.04626    -18.591152  0.774  0.002  0.055  0.000  0.000  0.005  0.000  0.000  0.000  0.837
   1.00889    -18.602514  0.775  0.002  0.053  0.000  0.000  0.005  0.000  0.000  0.000  0.837
   0.97153    -18.613886  0.775  0.002  0.052  0.000  0.000  0.006  0.000  0.000  0.000  0.837
   0.93416    -18.625068  0.775  0.002  0.049  0.000  0.001  0.007  0.000  0.000  0.000  0.837
   0.89679    -18.635813  0.775  0.003  0.048  0.000  0.001  0.008  0.000  0.000  0.000  0.837
   0.85943    -18.646072  0.775  0.003  0.046  0.000  0.001  0.008  0.000  0.000  0.000  0.837
   0.82206    -18.655641  0.775  0.005  0.045  0.000  0.001  0.009  0.000  0.000  0.000  0.836
   0.78470    -18.664494  0.774  0.006  0.043  0.000  0.001  0.010  0.000  0.000  0.000  0.837
   0.74733    -18.672391  0.776  0.007  0.041  0.000  0.001  0.010  0.000  0.000  0.000  0.836
   0.70996    -18.679239  0.776  0.008  0.040  0.000  0.001  0.011  0.000  0.000  0.001  0.836
   0.67260    -18.685064  0.775  0.009  0.038  0.000  0.001  0.011  0.000  0.000  0.001  0.836
   0.63523    -18.689668  0.775  0.010  0.036  0.000  0.001  0.011  0.000  0.000  0.001  0.837
   0.59786    -18.693197  0.774  0.012  0.035  0.000  0.001  0.011  0.000  0.000  0.001  0.836
   0.56050    -18.695458  0.775  0.014  0.033  0.000  0.001  0.011  0.000  0.000  0.001  0.836
   0.52313    -18.696460  0.775  0.016  0.032  0.000  0.001  0.011  0.000  0.000  0.001  0.837
   0.48576    -18.696357  0.774  0.018  0.031  0.000  0.001  0.010  0.000  0.000  0.001  0.837
   0.44840    -18.695084  0.773  0.020  0.030  0.000  0.001  0.010  0.000  0.000  0.001  0.838
   0.41103    -18.692730  0.773  0.023  0.029  0.000  0.001  0.009  0.000  0.000  0.001  0.837
   0.37366    -18.689472  0.772  0.025  0.028  0.000  0.001  0.008  0.000  0.000  0.000  0.837
   0.33630    -18.685369  0.772  0.028  0.027  0.000  0.001  0.007  0.000  0.000  0.000  0.837
   0.29893    -18.680667  0.770  0.031  0.027  0.000  0.000  0.006  0.000  0.000  0.000  0.838
   0.26157    -18.675548  0.771  0.033  0.026  0.000  0.000  0.005  0.000  0.000  0.000  0.837
   0.22420    -18.670306  0.770  0.036  0.026  0.000  0.000  0.003  0.000  0.000  0.000  0.838
   0.18683    -18.665256  0.770  0.039  0.026  0.000  0.000  0.002  0.000  0.000  0.000  0.837
   0.14947    -18.660652  0.769  0.041  0.025  0.000  0.000  0.002  0.000  0.000  0.000  0.838
   0.11210    -18.656786  0.768  0.042  0.025  0.000  0.000  0.001  0.000  0.000  0.000  0.839
   0.07473    -18.653845  0.767  0.043  0.025  0.000  0.000  0.000  0.000  0.000  0.000  0.837
   0.03737    -18.652036  0.768  0.044  0.025  0.000  0.000  0.000  0.000  0.000  0.000  0.837
   0.00000    -18.651399  0.768  0.044  0.025  0.000  0.000  0.000  0.000  0.000  0.000  0.838
 
# Band-Index:    3
   0.00000     -7.783149  0.137  0.246  0.069  0.000  0.011  0.157  0.058  0.008  0.074  0.761
   0.03737     -7.780279  0.137  0.246  0.070  0.000  0.011  0.156  0.058  0.007  0.075  0.761
   0.07473     -7.771756  0.138  0.244  0.072  0.000  0.012  0.155  0.058  0.007  0.077  0.762
   0.11210     -7.757860  0.137  0.243  0.075  0.000  0.013  0.152  0.058  0.007  0.080  0.763
   0.14947     -7.739054  0.134  0.240  0.079  0.000  0.014  0.149  0.057  0.006  0.085  0.766
   0.18683     -7.715996  0.133  0.235  0.085  0.000  0.016  0.145  0.056  0.005  0.091  0.767
   0.22420     -7.689538  0.130  0.230  0.093  0.000  0.018  0.139  0.055  0.004  0.099  0.770
   0.26157     -7.660718  0.129  0.222  0.101  0.000  0.021  0.134  0.054  0.003  0.109  0.774
   0.29893     -7.630751  0.126  0.213  0.113  0.000  0.024  0.126  0.054  0.002  0.120  0.778
   0.33630     -7.600987  0.122  0.202  0.125  0.000  0.026  0.118  0.052  0.001  0.133  0.783
   0.37366     -7.572855  0.120  0.188  0.141  0.000  0.030  0.111  0.052  0.000  0.146  0.788
   0.41103     -7.547776  0.117  0.173  0.157  0.000  0.034  0.102  0.050  0.000  0.159  0.793
   0.44840     -7.527058  0.113  0.157  0.175  0.000  0.037  0.094  0.049  0.000  0.173  0.799
   0.48576     -7.511769  0.109  0.141  0.193  0.000  0.040  0.086  0.049  0.001  0.183  0.805
   0.52313     -7.502683  0.107  0.124  0.212  0.000  0.042  0.078  0.047  0.003  0.193  0.809
   0.56050     -7.500243  0.106  0.109  0.230  0.000  0.044  0.071  0.047  0.005  0.201  0.812
   0.59786     -7.504575  0.105  0.095  0.247  0.000  0.044  0.065  0.047  0.007  0.205  0.816
   0.63523     -7.515554  0.104  0.082  0.262  0.000  0.044  0.058  0.048  0.010  0.208  0.817
   0.67260     -7.532879  0.104  0.071  0.277  0.000  0.043  0.053  0.048  0.013  0.207  0.818
   0.70996     -7.556120  0.106  0.061  0.290  0.000  0.041  0.048  0.049  0.017  0.205  0.818
   0.74733     -7.584781  0.106  0.053  0.302  0.000  0.039  0.044  0.051  0.019  0.202  0.816
   0.78470     -7.618308  0.108  0.045  0.312  0.000  0.037  0.039  0.053  0.022  0.198  0.813
   0.82206     -7.656120  0.111  0.039  0.321  0.000  0.034  0.035  0.054  0.024  0.192  0.811
   0.85943     -7.697598  0.115  0.034  0.329  0.000  0.031  0.031  0.057  0.026  0.185  0.808
   0.89679     -7.742081  0.117  0.029  0.335  0.000  0.029  0.028  0.059  0.027  0.178  0.804
   0.93416     -7.788875  0.120  0.024  0.341  0.000  0.026  0.025  0.061  0.028  0.171  0.801
   0.97153     -7.837242  0.124  0.021  0.347  0.000  0.024  0.022  0.064  0.030  0.164  0.796
   1.00889     -7.886419  0.129  0.017  0.351  0.000  0.022  0.020  0.067  0.030  0.157  0.792
   1.04626     -7.935612  0.132  0.015  0.353  0.000  0.020  0.018  0.070  0.031  0.150  0.789
   1.08363     -7.984005  0.136  0.012  0.355  0.000  0.018  0.015  0.072  0.031  0.143  0.784
   1.12099     -8.030789  0.138  0.009  0.357  0.000  0.016  0.014  0.074  0.030  0.137  0.780
   1.15836     -8.075164  0.142  0.008  0.359  0.000  0.015  0.012  0.077  0.030  0.132  0.777
   1.19573     -8.116362  0.146  0.005  0.360  0.000  0.014  0.011  0.079  0.030  0.127  0.773
   1.23309     -8.153668  0.147  0.005  0.361  0.000  0.013  0.010  0.080  0.030  0.123  0.769
   1.27046     -8.186426  0.151  0.004  0.361  0.000  0.012  0.009  0.082  0.029  0.120  0.768
   1.30783     -8.214058  0.153  0.003  0.361  0.000  0.011  0.009  0.083  0.029  0.117  0.765
   1.34519     -8.236074  0.153  0.001  0.361  0.000  0.011  0.008  0.084  0.029  0.114  0.763
   1.38256     -8.252084  0.154  0.000  0.361  0.000  0.010  0.008  0.085  0.029  0.112  0.762
   1.41993     -8.261804  0.155  0.000  0.361  0.000  0.010  0.008  0.085  0.029  0.111  0.762
   1.45729     -8.265063  0.156  0.000  0.361  0.000  0.010  0.007  0.085  0.028  0.111  0.762
   1.45729     -8.265063  0.156  0.000  0.361  0.000  0.010  0.007  0.085  0.028  0.111  0.762
   1.49469     -8.261073  0.155  0.000  0.361  0.000  0.010  0.007  0.085  0.029  0.111  0.762
   1.53208     -8.249182  0.154  0.000  0.362  0.000  0.010  0.007  0.084  0.030  0.111  0.762
   1.56948     -8.229635  0.153  0.000  0.362  0.001  0.009  0.007  0.083  0.033  0.112  0.763
   1.60688     -8.202830  0.153  0.000  0.363  0.003  0.009  0.007  0.081  0.036  0.113  0.765
   1.64427     -8.169335  0.151  0.000  0.363  0.004  0.008  0.007  0.078  0.041  0.114  0.768
   1.68167     -8.129878  0.148  0.000  0.363  0.005  0.007  0.007  0.075  0.048  0.115  0.771
   1.71906     -8.085345  0.145  0.000  0.363  0.008  0.006  0.007  0.071  0.056  0.116  0.774
   1.75646     -8.036779  0.143  0.000  0.363  0.011  0.005  0.006  0.066  0.067  0.116  0.778
   1.79386     -7.985353  0.139  0.000  0.361  0.016  0.004  0.006  0.060  0.080  0.116  0.782
   1.83125     -7.932349  0.134  0.000  0.358  0.022  0.003  0.006  0.054  0.095  0.116  0.788
   1.86865     -7.879119  0.128  0.000  0.353  0.027  0.003  0.005  0.047  0.112  0.115  0.792
   1.90604     -7.826999  0.123  0.000  0.347  0.035  0.002  0.006  0.040  0.133  0.113  0.799
   1.94344     -7.777234  0.118  0.000  0.339  0.043  0.001  0.005  0.033  0.155  0.110  0.805
   1.98084     -7.730880  0.112  0.000  0.330  0.052  0.001  0.005  0.026  0.179  0.106  0.812
   2.01823     -7.688701  0.106  0.000  0.319  0.062  0.001  0.004  0.019  0.202  0.102  0.816
   2.05563     -7.651128  0.101  0.000  0.308  0.072  0.001  0.004  0.014  0.225  0.096  0.822
   2.09302     -7.618233  0.096  0.000  0.297  0.081  0.002  0.005  0.011  0.245  0.090  0.827
   2.13042     -7.589762  0.092  0.000  0.285  0.090  0.003  0.004  0.008  0.263  0.084  0.828
   2.16782     -7.565208  0.086  0.000  0.275  0.098  0.004  0.004  0.007  0.278  0.077  0.831
   2.20521     -7.543906  0.084  0.000  0.266  0.107  0.006  0.004  0.008  0.289  0.071  0.833
   2.24261     -7.525149  0.082  0.000  0.259  0.112  0.007  0.004  0.009  0.296  0.066  0.836
   2.28000     -7.508285  0.081  0.000  0.253  0.117  0.008  0.003  0.012  0.300  0.062  0.836
   2.31740     -7.492866  0.080  0.000  0.248  0.122  0.009  0.003  0.015  0.300  0.058  0.837
   2.35480     -7.478794  0.081  0.000  0.245  0.126  0.009  0.003  0.019  0.297  0.055  0.837
   2.39219     -7.466538  0.084  0.000  0.241  0.132  0.009  0.002  0.027  0.289  0.054  0.837
   2.42959     -7.457383  0.089  0.000  0.235  0.138  0.008  0.002  0.035  0.277  0.052  0.836
   2.46698     -7.453544  0.097  0.000  0.226  0.149  0.006  0.000  0.047  0.256  0.050  0.833
   2.50438     -7.457690  0.107  0.001  0.211  0.164  0.004  0.000  0.061  0.229  0.048  0.825
   2.54178     -7.471487  0.119  0.002  0.189  0.185  0.002  0.000  0.076  0.197  0.045  0.816
   2.57917     -7.494118  0.129  0.002  0.165  0.207  0.001  0.001  0.088  0.167  0.042  0.806
   2.61657     -7.522601  0.137  0.002  0.146  0.226  0.001  0.002  0.098  0.144  0.039  0.795
   2.65396     -7.553445  0.143  0.002  0.129  0.240  0.001  0.003  0.105  0.126  0.035  0.787
   2.69136     -7.583795  0.148  0.002  0.117  0.251  0.001  0.005  0.110  0.114  0.033  0.781
   2.72876     -7.611650  0.151  0.002  0.109  0.257  0.001  0.005  0.114  0.107  0.030  0.777
   2.76615     -7.635695  0.154  0.002  0.102  0.263  0.002  0.005  0.117  0.101  0.029  0.773
   2.80355     -7.655075  0.155  0.002  0.098  0.264  0.002  0.006  0.118  0.098  0.028  0.771
   2.84094     -7.669246  0.155  0.002  0.094  0.267  0.002  0.006  0.120  0.096  0.027  0.770
   2.87834     -7.677871  0.156  0.002  0.093  0.268  0.002  0.006  0.120  0.095  0.027  0.768
   2.91574     -7.680765  0.156  0.002  0.092  0.268  0.002  0.007  0.121  0.095  0.027  0.768
 
# Band-Index:    4
   2.91574     -6.500960  0.054  0.002  0.234  0.074  0.055  0.057  0.019  0.314  0.048  0.857
   2.87834     -6.525791  0.052  0.003  0.223  0.100  0.053  0.052  0.019  0.297  0.044  0.841
   2.84094     -6.585369  0.048  0.004  0.205  0.144  0.049  0.046  0.016  0.268  0.038  0.819
   2.80355     -6.658488  0.048  0.003  0.188  0.178  0.047  0.040  0.015  0.246  0.032  0.799
   2.76615     -6.733665  0.048  0.004  0.175  0.204  0.044  0.036  0.015  0.231  0.028  0.785
   2.72876     -6.805373  0.049  0.004  0.161  0.223  0.043  0.034  0.014  0.219  0.025  0.773
   2.69136     -6.870411  0.051  0.004  0.146  0.240  0.043  0.033  0.016  0.207  0.022  0.764
   2.65396     -6.926282  0.055  0.004  0.130  0.257  0.042  0.032  0.018  0.195  0.019  0.754
   2.61657     -6.970421  0.061  0.005  0.111  0.276  0.042  0.032  0.022  0.177  0.016  0.743
   2.57917     -6.999766  0.070  0.005  0.089  0.298  0.041  0.032  0.029  0.155  0.015  0.733
   2.54178     -7.010876  0.079  0.005  0.066  0.321  0.039  0.033  0.038  0.126  0.013  0.723
   2.50438     -7.001022  0.092  0.005  0.045  0.344  0.038  0.033  0.047  0.096  0.012  0.713
   2.46698     -6.969818  0.102  0.006  0.031  0.359  0.036  0.032  0.057  0.070  0.014  0.708
   2.42959     -6.919517  0.111  0.007  0.024  0.370  0.034  0.032  0.063  0.050  0.016  0.707
   2.39219     -6.853528  0.117  0.007  0.022  0.373  0.033  0.031  0.067  0.037  0.019  0.706
   2.35480     -6.774952  0.121  0.006  0.024  0.375  0.033  0.031  0.066  0.029  0.023  0.708
   2.31740     -6.686165  0.122  0.006  0.027  0.374  0.035  0.032  0.064  0.025  0.025  0.710
   2.28000     -6.588996  0.124  0.006  0.033  0.370  0.037  0.032  0.058  0.022  0.029  0.713
   2.24261     -6.485413  0.126  0.006  0.043  0.364  0.042  0.033  0.047  0.022  0.031  0.717
   2.20521     -6.380049  0.130  0.008  0.066  0.343  0.056  0.033  0.023  0.030  0.033  0.724
   2.16782     -6.303797  0.111  0.012  0.159  0.229  0.101  0.025  0.013  0.085  0.040  0.777
   2.13042     -6.330265  0.052  0.016  0.181  0.147  0.104  0.020  0.117  0.145  0.058  0.842
   2.09302     -6.389914  0.036  0.017  0.158  0.151  0.095  0.019  0.146  0.178  0.055  0.856
   2.05563     -6.450948  0.029  0.017  0.134  0.163  0.089  0.019  0.151  0.213  0.048  0.863
   2.01823     -6.508735  0.024  0.016  0.112  0.175  0.085  0.018  0.148  0.249  0.039  0.868
   1.98084     -6.561864  0.021  0.015  0.093  0.188  0.082  0.018  0.140  0.286  0.030  0.873
   1.94344     -6.609770  0.016  0.014  0.074  0.199  0.078  0.018  0.131  0.323  0.023  0.879
   1.90604     -6.652311  0.014  0.014  0.060  0.209  0.074  0.018  0.121  0.357  0.017  0.883
   1.86865     -6.689621  0.012  0.013  0.046  0.218  0.072  0.017  0.110  0.387  0.013  0.889
   1.83125     -6.722011  0.009  0.012  0.035  0.225  0.068  0.016  0.100  0.415  0.010  0.892
   1.79386     -6.749884  0.008  0.012  0.025  0.230  0.065  0.017  0.091  0.440  0.008  0.896
   1.75646     -6.773669  0.007  0.012  0.019  0.236  0.062  0.016  0.083  0.460  0.007  0.899
   1.71906     -6.793769  0.006  0.011  0.014  0.240  0.060  0.016  0.076  0.477  0.007  0.902
   1.68167     -6.810547  0.003  0.010  0.009  0.241  0.057  0.015  0.070  0.491  0.007  0.906
   1.64427     -6.824297  0.003  0.010  0.005  0.243  0.055  0.015  0.065  0.501  0.007  0.907
   1.60688     -6.835262  0.002  0.010  0.003  0.245  0.054  0.016  0.061  0.510  0.007  0.908
   1.56948     -6.843620  0.002  0.010  0.003  0.245  0.053  0.016  0.058  0.517  0.008  0.910
   1.53208     -6.849500  0.002  0.010  0.000  0.246  0.052  0.016  0.055  0.521  0.008  0.911
   1.49469     -6.852997  0.002  0.010  0.000  0.247  0.051  0.016  0.054  0.524  0.009  0.911
   1.45729     -6.854156  0.002  0.010  0.000  0.247  0.051  0.016  0.054  0.525  0.009  0.911
   1.45729     -6.854156  0.002  0.010  0.000  0.247  0.051  0.016  0.054  0.525  0.009  0.911
   1.41993     -6.853606  0.002  0.010  0.000  0.247  0.051  0.015  0.054  0.525  0.009  0.911
   1.38256     -6.851972  0.002  0.010  0.000  0.247  0.051  0.015  0.054  0.525  0.009  0.912
   1.34519     -6.849300  0.002  0.010  0.000  0.246  0.052  0.015  0.053  0.525  0.008  0.912
   1.30783     -6.845665  0.002  0.010  0.000  0.245  0.052  0.015  0.053  0.526  0.008  0.912
   1.27046     -6.841171  0.002  0.010  0.000  0.245  0.052  0.015  0.053  0.527  0.007  0.912
   1.23309     -6.835950  0.002  0.011  0.000  0.245  0.053  0.015  0.052  0.528  0.007  0.912
   1.19573     -6.830156  0.002  0.012  0.001  0.245  0.054  0.014  0.051  0.529  0.006  0.912
   1.15836     -6.823967  0.002  0.012  0.001  0.243  0.054  0.014  0.051  0.529  0.005  0.913
   1.12099     -6.817572  0.001  0.012  0.001  0.243  0.055  0.013  0.050  0.531  0.005  0.913
   1.08363     -6.811175  0.001  0.014  0.001  0.242  0.056  0.013  0.049  0.532  0.004  0.914
   1.04626     -6.804988  0.001  0.015  0.001  0.241  0.057  0.012  0.049  0.534  0.003  0.914
   1.00889     -6.799219  0.001  0.016  0.002  0.241  0.057  0.011  0.048  0.536  0.002  0.914
   0.97153     -6.794075  0.001  0.017  0.002  0.239  0.057  0.010  0.046  0.538  0.003  0.914
   0.93416     -6.789742  0.001  0.017  0.002  0.239  0.057  0.009  0.046  0.541  0.002  0.915
   0.89679     -6.786387  0.001  0.017  0.002  0.239  0.056  0.008  0.044  0.543  0.002  0.916
   0.85943     -6.784156  0.001  0.018  0.002  0.238  0.056  0.008  0.043  0.546  0.001  0.916
   0.82206     -6.783147  0.001  0.020  0.005  0.238  0.055  0.007  0.041  0.548  0.001  0.916
   0.78470     -6.783429  0.001  0.020  0.005  0.237  0.055  0.007  0.040  0.551  0.001  0.916
   0.74733     -6.785026  0.000  0.020  0.005  0.237  0.053  0.006  0.038  0.553  0.001  0.914
   0.70996     -6.787922  0.000  0.020  0.005  0.238  0.052  0.006  0.036  0.556  0.000  0.915
   0.67260     -6.792066  0.000  0.020  0.007  0.239  0.050  0.006  0.035  0.558  0.001  0.913
   0.63523     -6.797375  0.000  0.019  0.007  0.239  0.048  0.007  0.033  0.560  0.001  0.915
   0.59786     -6.803746  0.000  0.018  0.008  0.240  0.046  0.008  0.030  0.561  0.002  0.915
   0.56050     -6.811056  0.000  0.016  0.009  0.241  0.045  0.011  0.029  0.562  0.003  0.914
   0.52313     -6.819178  0.000  0.015  0.008  0.242  0.043  0.013  0.026  0.561  0.004  0.913
   0.48576     -6.827974  0.000  0.013  0.010  0.243  0.042  0.016  0.024  0.560  0.005  0.913
   0.44840     -6.837308  0.000  0.012  0.010  0.244  0.041  0.020  0.023  0.557  0.007  0.913
   0.41103     -6.847036  0.000  0.009  0.010  0.245  0.040  0.024  0.021  0.553  0.008  0.911
   0.37366     -6.857003  0.000  0.008  0.009  0.247  0.040  0.028  0.021  0.548  0.010  0.910
   0.33630     -6.867031  0.000  0.007  0.007  0.249  0.041  0.032  0.020  0.542  0.011  0.909
   0.29893     -6.876916  0.000  0.006  0.007  0.250  0.042  0.036  0.020  0.535  0.013  0.908
   0.26157     -6.886422  0.001  0.003  0.006  0.251  0.042  0.039  0.020  0.528  0.015  0.907
   0.22420     -6.895300  0.001  0.003  0.004  0.253  0.043  0.042  0.020  0.522  0.017  0.905
   0.18683     -6.903300  0.001  0.002  0.004  0.253  0.045  0.045  0.020  0.516  0.018  0.904
   0.14947     -6.910191  0.001  0.002  0.003  0.254  0.046  0.047  0.020  0.511  0.020  0.903
   0.11210     -6.915769  0.001  0.002  0.002  0.255  0.047  0.048  0.020  0.507  0.020  0.903
   0.07473     -6.919872  0.001  0.002  0.002  0.255  0.047  0.049  0.020  0.504  0.022  0.903
   0.03737     -6.922382  0.001  0.002  0.002  0.255  0.048  0.049  0.020  0.503  0.022  0.902
   0.00000     -6.923226  0.001  0.002  0.002  0.255  0.048  0.050  0.020  0.502  0.023  0.903
 
# Band-Index:    5
   0.00000     -6.585231  0.041  0.054  0.210  0.001  0.091  0.103  0.078  0.068  0.202  0.849
   0.03737     -6.585482  0.041  0.056  0.209  0.001  0.090  0.103  0.078  0.067  0.200  0.847
   0.07473     -6.586170  0.042  0.063  0.206  0.002  0.088  0.102  0.079  0.065  0.193  0.844
   0.11210     -6.587114  0.044  0.076  0.203  0.002  0.084  0.102  0.079  0.062  0.185  0.837
   0.14947     -6.588001  0.045  0.093  0.201  0.003  0.079  0.100  0.079  0.058  0.171  0.827
   0.18683     -6.588393  0.047  0.113  0.193  0.003  0.073  0.099  0.079  0.054  0.155  0.816
   0.22420     -6.587724  0.050  0.136  0.187  0.003  0.066  0.096  0.079  0.048  0.136  0.802
   0.26157     -6.585309  0.052  0.163  0.178  0.004  0.058  0.093  0.079  0.042  0.117  0.786
   0.29893     -6.580373  0.056  0.191  0.168  0.006  0.051  0.089  0.079  0.036  0.097  0.771
   0.33630     -6.572089  0.059  0.220  0.156  0.006  0.042  0.085  0.077  0.031  0.077  0.755
   0.37366     -6.559635  0.063  0.249  0.142  0.007  0.035  0.079  0.077  0.026  0.057  0.739
   0.41103     -6.542258  0.069  0.276  0.130  0.007  0.030  0.073  0.075  0.022  0.042  0.723
   0.44840     -6.519330  0.073  0.302  0.116  0.007  0.025  0.066  0.074  0.018  0.028  0.711
   0.48576     -6.490389  0.075  0.325  0.103  0.008  0.023  0.059  0.071  0.016  0.019  0.699
   0.52313     -6.455161  0.078  0.341  0.091  0.008  0.022  0.052  0.070  0.014  0.015  0.692
   0.56050     -6.413545  0.081  0.354  0.081  0.009  0.023  0.045  0.068  0.012  0.014  0.685
   0.59786     -6.365600  0.083  0.362  0.071  0.009  0.026  0.039  0.066  0.010  0.018  0.683
   0.63523     -6.311503  0.083  0.364  0.063  0.009  0.030  0.033  0.065  0.009  0.025  0.682
   0.67260     -6.251555  0.084  0.364  0.056  0.010  0.035  0.029  0.064  0.007  0.034  0.684
   0.70996     -6.186192  0.084  0.361  0.050  0.011  0.041  0.025  0.064  0.006  0.045  0.687
   0.74733     -6.116068  0.082  0.355  0.046  0.011  0.047  0.021  0.067  0.005  0.059  0.691
   0.78470     -6.042193  0.080  0.347  0.041  0.012  0.053  0.018  0.070  0.004  0.075  0.698
   0.82206     -5.966156  0.076  0.336  0.036  0.012  0.059  0.014  0.075  0.003  0.093  0.704
   0.85943     -5.890561  0.070  0.325  0.033  0.014  0.064  0.010  0.082  0.002  0.115  0.714
   0.89679     -5.819559  0.063  0.310  0.030  0.014  0.069  0.009  0.091  0.002  0.140  0.725
   0.93416     -5.758988  0.052  0.293  0.028  0.014  0.072  0.016  0.099  0.002  0.166  0.741
   0.97153     -5.714432  0.040  0.277  0.026  0.012  0.073  0.035  0.105  0.003  0.189  0.759
   1.00889     -5.687465  0.031  0.262  0.024  0.011  0.073  0.061  0.103  0.004  0.207  0.777
   1.04626     -5.675027  0.024  0.252  0.022  0.010  0.074  0.083  0.100  0.005  0.222  0.792
   1.08363     -5.672613  0.021  0.245  0.019  0.008  0.076  0.097  0.095  0.005  0.235  0.803
   1.12099     -5.676485  0.018  0.241  0.016  0.008  0.079  0.106  0.091  0.006  0.247  0.811
   1.15836     -5.683993  0.017  0.237  0.012  0.006  0.083  0.111  0.087  0.006  0.258  0.819
   1.19573     -5.693303  0.017  0.233  0.011  0.006  0.086  0.113  0.083  0.006  0.268  0.824
   1.23309     -5.703135  0.017  0.231  0.008  0.006  0.090  0.114  0.080  0.006  0.277  0.828
   1.27046     -5.712582  0.016  0.229  0.007  0.006  0.092  0.113  0.076  0.007  0.284  0.832
   1.30783     -5.721003  0.017  0.227  0.005  0.004  0.095  0.114  0.074  0.007  0.290  0.835
   1.34519     -5.727946  0.017  0.228  0.004  0.004  0.096  0.113  0.072  0.007  0.295  0.836
   1.38256     -5.733103  0.017  0.226  0.003  0.004  0.098  0.113  0.072  0.007  0.299  0.839
   1.41993     -5.736271  0.017  0.226  0.002  0.004  0.098  0.113  0.070  0.007  0.301  0.839
   1.45729     -5.737339  0.016  0.226  0.002  0.004  0.098  0.113  0.070  0.007  0.302  0.840
   1.45729     -5.737339  0.016  0.226  0.002  0.004  0.098  0.113  0.070  0.007  0.302  0.840
   1.49469     -5.735536  0.016  0.226  0.002  0.004  0.098  0.113  0.070  0.007  0.302  0.840
   1.53208     -5.730133  0.017  0.226  0.002  0.004  0.098  0.113  0.070  0.007  0.302  0.840
   1.56948     -5.721150  0.017  0.225  0.003  0.004  0.097  0.113  0.071  0.007  0.302  0.840
   1.60688     -5.708616  0.017  0.224  0.003  0.004  0.097  0.113  0.071  0.007  0.301  0.840
   1.64427     -5.692582  0.017  0.223  0.003  0.004  0.096  0.114  0.072  0.007  0.301  0.839
   1.68167     -5.673112  0.017  0.223  0.004  0.006  0.094  0.114  0.072  0.007  0.301  0.839
   1.71906     -5.650302  0.018  0.222  0.004  0.006  0.092  0.115  0.072  0.008  0.302  0.839
   1.75646     -5.624286  0.018  0.220  0.005  0.006  0.090  0.116  0.072  0.008  0.302  0.839
   1.79386     -5.595265  0.019  0.219  0.006  0.006  0.087  0.118  0.072  0.008  0.303  0.838
   1.83125     -5.563595  0.019  0.216  0.007  0.007  0.083  0.121  0.070  0.009  0.304  0.838
   1.86865     -5.530055  0.022  0.211  0.009  0.008  0.077  0.127  0.066  0.009  0.307  0.836
   1.90604     -5.497281  0.031  0.200  0.012  0.015  0.063  0.138  0.050  0.009  0.312  0.829
   1.94344     -5.484107  0.063  0.131  0.022  0.098  0.022  0.166  0.010  0.007  0.279  0.801
   1.98084     -5.569976  0.093  0.022  0.026  0.301  0.012  0.113  0.061  0.005  0.126  0.761
   2.01823     -5.703323  0.094  0.011  0.022  0.344  0.019  0.079  0.090  0.005  0.087  0.750
   2.05563     -5.839833  0.094  0.010  0.017  0.358  0.020  0.064  0.104  0.004  0.072  0.745
   2.09302     -5.972486  0.091  0.009  0.013  0.367  0.017  0.055  0.119  0.005  0.066  0.741
   2.13042     -6.095413  0.079  0.010  0.006  0.365  0.009  0.048  0.158  0.006  0.066  0.747
   2.16782     -6.176570  0.022  0.014  0.045  0.276  0.013  0.039  0.268  0.039  0.089  0.804
   2.20521     -6.146540  0.005  0.018  0.152  0.155  0.056  0.028  0.264  0.069  0.101  0.850
   2.24261     -6.079196  0.011  0.019  0.191  0.128  0.071  0.027  0.244  0.057  0.105  0.853
   2.28000     -6.005650  0.013  0.020  0.213  0.116  0.076  0.028  0.235  0.043  0.108  0.852
   2.31740     -5.930690  0.014  0.021  0.227  0.109  0.080  0.032  0.230  0.029  0.108  0.849
   2.35480     -5.856324  0.014  0.023  0.238  0.106  0.082  0.037  0.226  0.018  0.103  0.848
   2.39219     -5.784492  0.014  0.028  0.244  0.103  0.085  0.047  0.225  0.010  0.090  0.846
   2.42959     -5.718400  0.014  0.040  0.237  0.102  0.088  0.066  0.226  0.005  0.065  0.842
   2.46698     -5.665387  0.011  0.076  0.201  0.095  0.093  0.109  0.225  0.006  0.023  0.841
   2.50438     -5.640074  0.008  0.154  0.118  0.068  0.090  0.175  0.199  0.021  0.011  0.843
   2.54178     -5.645944  0.007  0.216  0.052  0.040  0.077  0.211  0.153  0.038  0.053  0.848
   2.57917     -5.666041  0.005  0.240  0.027  0.028  0.067  0.219  0.124  0.047  0.090  0.849
   2.61657     -5.689698  0.004  0.250  0.019  0.025  0.061  0.220  0.108  0.052  0.111  0.849
   2.65396     -5.713442  0.003  0.253  0.015  0.027  0.056  0.220  0.098  0.056  0.120  0.849
   2.69136     -5.736724  0.003  0.247  0.020  0.040  0.049  0.217  0.091  0.063  0.117  0.848
   2.72876     -5.762815  0.004  0.214  0.042  0.094  0.034  0.204  0.081  0.075  0.088  0.832
   2.76615     -5.812662  0.003  0.084  0.122  0.289  0.003  0.111  0.041  0.087  0.020  0.762
   2.80355     -5.899335  0.005  0.023  0.145  0.397  0.001  0.040  0.015  0.070  0.010  0.708
   2.84094     -5.988746  0.006  0.013  0.136  0.444  0.003  0.018  0.007  0.046  0.009  0.680
   2.87834     -6.059517  0.001  0.010  0.119  0.490  0.002  0.005  0.002  0.017  0.003  0.654
   2.91574     -6.088238  0.000  0.011  0.111  0.517  0.000  0.000  0.000  0.000  0.000  0.639
 
# Band-Index:    6
   2.91574     -5.783350  0.005  0.269  0.002  0.001  0.066  0.195  0.075  0.042  0.189  0.844
   2.87834     -5.781241  0.005  0.269  0.002  0.001  0.066  0.194  0.075  0.043  0.189  0.844
   2.84094     -5.774644  0.005  0.265  0.003  0.004  0.068  0.189  0.074  0.041  0.191  0.840
   2.80355     -5.762085  0.006  0.255  0.009  0.016  0.070  0.173  0.070  0.035  0.198  0.832
   2.76615     -5.735106  0.008  0.192  0.049  0.098  0.067  0.107  0.050  0.028  0.196  0.793
   2.72876     -5.667764  0.009  0.061  0.142  0.269  0.034  0.017  0.019  0.046  0.138  0.736
   2.69136     -5.581106  0.007  0.027  0.182  0.297  0.015  0.007  0.021  0.055  0.124  0.735
   2.65396     -5.506872  0.004  0.020  0.207  0.273  0.006  0.007  0.033  0.052  0.147  0.750
   2.61657     -5.461961  0.003  0.023  0.231  0.225  0.003  0.007  0.050  0.040  0.191  0.773
   2.57917     -5.453830  0.002  0.034  0.243  0.167  0.007  0.008  0.062  0.029  0.246  0.798
   2.54178     -5.472842  0.002  0.061  0.227  0.115  0.010  0.015  0.056  0.027  0.306  0.821
   2.50438     -5.496012  0.002  0.124  0.164  0.064  0.006  0.050  0.029  0.038  0.360  0.838
   2.46698     -5.497344  0.003  0.203  0.075  0.024  0.009  0.117  0.017  0.053  0.350  0.849
   2.42959     -5.475346  0.004  0.237  0.032  0.009  0.017  0.160  0.029  0.056  0.309  0.854
   2.39219     -5.442028  0.002  0.248  0.016  0.007  0.022  0.180  0.044  0.056  0.280  0.857
   2.35480     -5.403286  0.004  0.248  0.010  0.005  0.025  0.190  0.056  0.055  0.263  0.857
   2.31740     -5.361416  0.005  0.247  0.006  0.005  0.025  0.197  0.067  0.053  0.254  0.858
   2.28000     -5.317584  0.005  0.241  0.004  0.005  0.024  0.199  0.078  0.051  0.250  0.860
   2.24261     -5.272705  0.006  0.233  0.003  0.005  0.022  0.196  0.090  0.048  0.256  0.862
   2.20521     -5.228224  0.008  0.219  0.002  0.005  0.015  0.175  0.109  0.044  0.282  0.861
   2.16782     -5.192223  0.011  0.185  0.001  0.008  0.004  0.066  0.158  0.032  0.390  0.857
   2.13042     -5.209703  0.010  0.186  0.011  0.019  0.052  0.040  0.160  0.014  0.354  0.845
   2.09302     -5.254276  0.008  0.200  0.012  0.022  0.072  0.073  0.145  0.013  0.301  0.847
   2.05563     -5.300280  0.008  0.205  0.010  0.025  0.082  0.082  0.142  0.012  0.280  0.846
   2.01823     -5.344000  0.006  0.207  0.008  0.033  0.091  0.078  0.147  0.012  0.263  0.847
   1.98084     -5.379797  0.003  0.200  0.003  0.066  0.106  0.059  0.174  0.012  0.224  0.847
   1.94344     -5.365098  0.027  0.093  0.007  0.255  0.100  0.026  0.231  0.010  0.072  0.821
   1.90604     -5.251261  0.052  0.025  0.017  0.314  0.063  0.086  0.207  0.008  0.039  0.813
   1.86865     -5.123143  0.046  0.012  0.020  0.282  0.051  0.157  0.222  0.010  0.038  0.838
   1.83125     -5.009351  0.030  0.008  0.020  0.219  0.040  0.264  0.260  0.010  0.027  0.878
   1.79386     -4.923798  0.014  0.009  0.019  0.138  0.029  0.393  0.291  0.011  0.015  0.919
   1.75646     -4.867552  0.006  0.012  0.016  0.076  0.022  0.491  0.295  0.009  0.012  0.941
   1.71906     -4.830906  0.006  0.013  0.014  0.042  0.019  0.553  0.284  0.007  0.013  0.951
   1.68167     -4.805773  0.006  0.011  0.013  0.024  0.019  0.592  0.270  0.004  0.015  0.956
   1.64427     -4.787925  0.007  0.009  0.012  0.013  0.021  0.620  0.255  0.003  0.016  0.956
   1.60688     -4.775188  0.007  0.007  0.010  0.008  0.023  0.641  0.242  0.002  0.017  0.958
   1.56948     -4.766307  0.009  0.004  0.010  0.004  0.025  0.656  0.232  0.002  0.017  0.959
   1.53208     -4.760476  0.009  0.002  0.010  0.002  0.026  0.666  0.224  0.002  0.018  0.959
   1.49469     -4.757178  0.009  0.001  0.009  0.001  0.027  0.672  0.219  0.002  0.018  0.959
   1.45729     -4.756109  0.009  0.001  0.009  0.000  0.028  0.674  0.218  0.002  0.018  0.959
   1.45729     -4.756109  0.009  0.001  0.009  0.000  0.028  0.674  0.218  0.002  0.018  0.959
   1.41993     -4.758861  0.009  0.002  0.009  0.000  0.029  0.674  0.215  0.002  0.019  0.958
   1.38256     -4.767365  0.011  0.005  0.008  0.001  0.031  0.670  0.208  0.001  0.020  0.956
   1.34519     -4.782393  0.013  0.011  0.008  0.002  0.034  0.663  0.195  0.001  0.024  0.951
   1.30783     -4.805193  0.016  0.022  0.006  0.002  0.038  0.651  0.178  0.001  0.028  0.943
   1.27046     -4.837341  0.019  0.039  0.007  0.004  0.043  0.630  0.156  0.001  0.034  0.932
   1.23309     -4.880344  0.025  0.061  0.007  0.006  0.048  0.599  0.132  0.000  0.041  0.917
   1.19573     -4.935018  0.029  0.088  0.008  0.008  0.052  0.561  0.107  0.000  0.045  0.900
   1.15836     -5.000882  0.036  0.120  0.010  0.011  0.054  0.520  0.085  0.000  0.048  0.882
   1.12099     -5.075940  0.039  0.150  0.013  0.013  0.052  0.484  0.065  0.000  0.046  0.864
   1.08363     -5.156891  0.044  0.177  0.018  0.014  0.049  0.459  0.049  0.000  0.040  0.849
   1.04626     -5.239432  0.045  0.199  0.021  0.014  0.043  0.447  0.037  0.001  0.031  0.839
   1.00889     -5.318404  0.042  0.214  0.028  0.014  0.035  0.452  0.027  0.002  0.020  0.835
   0.97153     -5.388284  0.036  0.221  0.034  0.013  0.026  0.467  0.022  0.003  0.010  0.835
   0.93416     -5.445352  0.026  0.224  0.044  0.013  0.018  0.480  0.023  0.004  0.005  0.837
   0.89679     -5.490733  0.016  0.225  0.049  0.013  0.012  0.485  0.028  0.006  0.003  0.838
   0.85943     -5.529600  0.012  0.223  0.055  0.013  0.008  0.482  0.035  0.007  0.003  0.837
   0.82206     -5.567196  0.005  0.223  0.062  0.013  0.009  0.476  0.039  0.008  0.001  0.834
   0.78470     -5.606783  0.003  0.221  0.066  0.013  0.011  0.467  0.042  0.009  0.000  0.832
   0.74733     -5.649685  0.003  0.218  0.070  0.013  0.015  0.456  0.042  0.010  0.001  0.830
   0.70996     -5.695860  0.002  0.217  0.073  0.013  0.021  0.441  0.042  0.012  0.005  0.826
   0.67260     -5.744382  0.003  0.214  0.076  0.013  0.029  0.422  0.041  0.013  0.012  0.824
   0.63523     -5.793810  0.004  0.213  0.080  0.013  0.037  0.400  0.038  0.014  0.021  0.821
   0.59786     -5.842475  0.005  0.213  0.084  0.012  0.046  0.374  0.035  0.016  0.032  0.816
   0.56050     -5.888709  0.006  0.215  0.087  0.012  0.054  0.345  0.032  0.017  0.043  0.812
   0.52313     -5.931024  0.006  0.221  0.089  0.011  0.060  0.313  0.028  0.018  0.054  0.804
   0.48576     -5.968238  0.007  0.232  0.092  0.010  0.065  0.280  0.024  0.018  0.063  0.795
   0.44840     -5.999558  0.007  0.247  0.094  0.011  0.068  0.246  0.020  0.019  0.070  0.784
   0.41103     -6.024602  0.007  0.269  0.096  0.009  0.068  0.211  0.017  0.020  0.074  0.771
   0.37366     -6.043378  0.007  0.293  0.096  0.010  0.066  0.179  0.013  0.018  0.074  0.756
   0.33630     -6.056239  0.006  0.322  0.097  0.008  0.061  0.146  0.011  0.018  0.070  0.741
   0.29893     -6.063818  0.006  0.351  0.099  0.009  0.054  0.117  0.008  0.016  0.064  0.725
   0.26157     -6.066952  0.005  0.383  0.098  0.008  0.046  0.091  0.006  0.014  0.055  0.708
   0.22420     -6.066620  0.004  0.415  0.099  0.009  0.037  0.068  0.004  0.011  0.045  0.691
   0.18683     -6.063877  0.003  0.443  0.100  0.009  0.027  0.048  0.003  0.009  0.034  0.677
   0.14947     -6.059791  0.002  0.470  0.100  0.010  0.019  0.030  0.001  0.006  0.023  0.662
   0.11210     -6.055376  0.001  0.493  0.101  0.009  0.011  0.017  0.001  0.004  0.014  0.652
   0.07473     -6.051517  0.001  0.510  0.101  0.009  0.005  0.008  0.000  0.001  0.006  0.644
   0.03737     -6.048906  0.000  0.521  0.102  0.010  0.001  0.002  0.000  0.000  0.002  0.638
   0.00000     -6.047985  0.000  0.523  0.101  0.010  0.000  0.000  0.000  0.000  0.000  0.636
 
# Band-Index:    7
   0.00000     -4.574419  0.021  0.078  0.410  0.014  0.016  0.103  0.190  0.002  0.009  0.845
   0.03737     -4.585723  0.024  0.073  0.367  0.014  0.018  0.118  0.228  0.002  0.012  0.857
   0.07473     -4.601041  0.026  0.071  0.351  0.015  0.018  0.123  0.242  0.002  0.014  0.861
   0.11210     -4.615412  0.026  0.069  0.341  0.015  0.018  0.124  0.251  0.002  0.015  0.863
   0.14947     -4.628170  0.028  0.070  0.331  0.016  0.018  0.124  0.259  0.002  0.018  0.864
   0.18683     -4.638938  0.030  0.067  0.321  0.017  0.018  0.124  0.267  0.002  0.019  0.866
   0.22420     -4.647444  0.032  0.066  0.311  0.017  0.019  0.123  0.276  0.003  0.022  0.869
   0.26157     -4.653500  0.032  0.065  0.299  0.019  0.021  0.121  0.285  0.003  0.025  0.871
   0.29893     -4.657006  0.033  0.064  0.285  0.019  0.023  0.118  0.296  0.005  0.029  0.873
   0.33630     -4.657919  0.035  0.063  0.271  0.021  0.025  0.115  0.307  0.005  0.033  0.875
   0.37366     -4.656260  0.036  0.061  0.257  0.021  0.028  0.112  0.320  0.006  0.037  0.879
   0.41103     -4.652085  0.037  0.058  0.241  0.024  0.031  0.109  0.333  0.008  0.041  0.883
   0.44840     -4.645491  0.038  0.057  0.225  0.024  0.033  0.105  0.347  0.010  0.045  0.885
   0.48576     -4.636612  0.038  0.056  0.209  0.025  0.036  0.102  0.362  0.013  0.050  0.889
   0.52313     -4.625635  0.037  0.055  0.194  0.026  0.038  0.098  0.379  0.015  0.052  0.894
   0.56050     -4.612825  0.037  0.055  0.178  0.025  0.040  0.096  0.397  0.018  0.054  0.899
   0.59786     -4.598553  0.037  0.055  0.162  0.024  0.040  0.094  0.417  0.021  0.054  0.902
   0.63523     -4.583337  0.035  0.057  0.145  0.021  0.041  0.092  0.439  0.023  0.053  0.907
   0.67260     -4.567882  0.033  0.060  0.130  0.019  0.039  0.093  0.463  0.026  0.051  0.911
   0.70996     -4.553024  0.030  0.064  0.114  0.016  0.038  0.097  0.486  0.028  0.046  0.917
   0.74733     -4.539663  0.026  0.068  0.100  0.012  0.036  0.102  0.507  0.029  0.041  0.922
   0.78470     -4.528553  0.024  0.073  0.087  0.009  0.034  0.109  0.524  0.030  0.036  0.925
   0.82206     -4.520080  0.020  0.077  0.077  0.007  0.032  0.119  0.536  0.030  0.032  0.928
   0.85943     -4.514130  0.018  0.082  0.067  0.004  0.030  0.130  0.542  0.029  0.028  0.930
   0.89679     -4.510126  0.017  0.084  0.061  0.002  0.030  0.139  0.542  0.029  0.026  0.932
   0.93416     -4.507218  0.016  0.088  0.057  0.002  0.031  0.146  0.538  0.028  0.026  0.933
   0.97153     -4.504490  0.015  0.091  0.054  0.002  0.034  0.150  0.532  0.028  0.025  0.933
   1.00889     -4.501112  0.016  0.093  0.053  0.002  0.040  0.149  0.525  0.030  0.026  0.931
   1.04626     -4.496422  0.017  0.096  0.051  0.001  0.048  0.143  0.517  0.031  0.026  0.930
   1.08363     -4.489944  0.018  0.097  0.050  0.000  0.059  0.131  0.510  0.033  0.028  0.928
   1.12099     -4.481431  0.019  0.097  0.049  0.000  0.075  0.115  0.503  0.037  0.030  0.926
   1.15836     -4.470944  0.020  0.093  0.048  0.000  0.094  0.099  0.495  0.041  0.031  0.926
   1.19573     -4.458971  0.021  0.087  0.046  0.000  0.118  0.086  0.486  0.046  0.032  0.925
   1.23309     -4.446441  0.022  0.077  0.043  0.000  0.144  0.079  0.476  0.052  0.031  0.925
   1.27046     -4.434506  0.022  0.065  0.040  0.000  0.170  0.080  0.465  0.058  0.029  0.928
   1.30783     -4.424176  0.021  0.051  0.035  0.000  0.193  0.087  0.455  0.063  0.026  0.930
   1.34519     -4.416056  0.021  0.041  0.032  0.000  0.211  0.094  0.446  0.066  0.022  0.932
   1.38256     -4.410339  0.020  0.032  0.029  0.000  0.224  0.102  0.439  0.069  0.020  0.935
   1.41993     -4.406980  0.020  0.026  0.028  0.000  0.232  0.107  0.436  0.070  0.018  0.936
   1.45729     -4.405875  0.020  0.024  0.027  0.000  0.234  0.109  0.435  0.072  0.018  0.937
   1.45729     -4.405875  0.020  0.024  0.027  0.000  0.234  0.109  0.435  0.072  0.018  0.937
   1.49469     -4.406004  0.020  0.024  0.027  0.000  0.233  0.111  0.431  0.072  0.018  0.937
   1.53208     -4.406362  0.020  0.026  0.029  0.002  0.231  0.115  0.424  0.071  0.019  0.937
   1.56948     -4.406885  0.021  0.026  0.031  0.004  0.226  0.121  0.411  0.072  0.022  0.934
   1.60688     -4.407610  0.023  0.027  0.034  0.006  0.216  0.133  0.391  0.073  0.028  0.932
   1.64427     -4.409171  0.026  0.031  0.037  0.015  0.193  0.149  0.364  0.070  0.040  0.928
   1.68167     -4.415484  0.038  0.044  0.040  0.038  0.129  0.172  0.306  0.061  0.081  0.910
   1.71906     -4.452924  0.067  0.091  0.028  0.132  0.007  0.157  0.120  0.019  0.217  0.837
   1.75646     -4.548141  0.071  0.116  0.014  0.173  0.026  0.125  0.017  0.001  0.250  0.793
   1.79386     -4.651726  0.067  0.126  0.009  0.146  0.037  0.171  0.012  0.001  0.225  0.792
   1.83125     -4.737758  0.054  0.134  0.008  0.089  0.032  0.257  0.043  0.005  0.194  0.815
   1.86865     -4.801990  0.038  0.141  0.007  0.046  0.026  0.323  0.084  0.010  0.165  0.843
   1.90604     -4.853088  0.028  0.150  0.008  0.023  0.024  0.350  0.111  0.017  0.149  0.859
   1.94344     -4.898878  0.022  0.161  0.007  0.014  0.023  0.353  0.121  0.022  0.142  0.867
   1.98084     -4.943201  0.017  0.175  0.007  0.010  0.026  0.347  0.123  0.027  0.140  0.870
   2.01823     -4.987603  0.014  0.189  0.006  0.008  0.028  0.338  0.118  0.031  0.138  0.872
   2.05563     -5.032502  0.013  0.202  0.006  0.008  0.033  0.331  0.107  0.036  0.135  0.871
   2.09302     -5.077520  0.010  0.219  0.006  0.008  0.039  0.332  0.094  0.040  0.122  0.870
   2.13042     -5.120164  0.007  0.240  0.010  0.011  0.056  0.358  0.070  0.043  0.075  0.868
   2.16782     -5.135239  0.003  0.248  0.021  0.020  0.100  0.327  0.062  0.029  0.045  0.857
   2.20521     -5.096624  0.004  0.217  0.024  0.025  0.086  0.213  0.102  0.021  0.160  0.851
   2.24261     -5.049571  0.004  0.204  0.027  0.024  0.077  0.191  0.111  0.021  0.193  0.851
   2.28000     -5.002476  0.004  0.195  0.028  0.026  0.069  0.187  0.113  0.023  0.206  0.852
   2.31740     -4.957261  0.003  0.185  0.031  0.030  0.064  0.192  0.110  0.027  0.212  0.854
   2.35480     -4.915558  0.002  0.173  0.034  0.034  0.060  0.199  0.105  0.032  0.216  0.857
   2.39219     -4.879598  0.001  0.160  0.040  0.043  0.057  0.205  0.095  0.040  0.216  0.856
   2.42959     -4.852963  0.000  0.143  0.049  0.060  0.057  0.205  0.081  0.052  0.212  0.857
   2.46698     -4.841664  0.002  0.121  0.067  0.089  0.063  0.184  0.062  0.065  0.199  0.853
   2.50438     -4.853519  0.005  0.095  0.102  0.133  0.079  0.136  0.041  0.078  0.173  0.842
   2.54178     -4.889236  0.009  0.071  0.147  0.168  0.099  0.081  0.030  0.078  0.149  0.834
   2.57917     -4.932343  0.013  0.057  0.190  0.169  0.120  0.045  0.032  0.066  0.145  0.837
   2.61657     -4.958664  0.014  0.050  0.229  0.139  0.134  0.028  0.045  0.047  0.163  0.849
   2.65396     -4.953950  0.014  0.044  0.264  0.106  0.141  0.020  0.057  0.028  0.188  0.861
   2.69136     -4.921545  0.012  0.039  0.290  0.084  0.140  0.018  0.062  0.015  0.205  0.866
   2.72876     -4.872049  0.011  0.035  0.311  0.075  0.137  0.019  0.060  0.008  0.213  0.869
   2.76615     -4.813775  0.010  0.032  0.325  0.071  0.132  0.024  0.053  0.004  0.217  0.868
   2.80355     -4.751937  0.009  0.029  0.339  0.070  0.120  0.035  0.043  0.002  0.219  0.866
   2.84094     -4.690698  0.008  0.025  0.340  0.070  0.090  0.074  0.029  0.004  0.226  0.865
   2.87834     -4.641656  0.007  0.012  0.166  0.038  0.007  0.378  0.024  0.028  0.245  0.907
   2.91574     -4.631890  0.007  0.000  0.008  0.008  0.026  0.607  0.044  0.054  0.188  0.943
 
# Band-Index:    8
   2.91574     -4.587969  0.010  0.029  0.607  0.114  0.004  0.006  0.000  0.000  0.011  0.782
   2.87834     -4.612491  0.008  0.011  0.305  0.059  0.150  0.239  0.049  0.030  0.011  0.864
   2.84094     -4.620882  0.007  0.000  0.062  0.014  0.121  0.542  0.064  0.056  0.059  0.926
   2.80355     -4.620415  0.007  0.000  0.034  0.011  0.105  0.576  0.065  0.057  0.078  0.934
   2.76615     -4.618629  0.007  0.002  0.030  0.012  0.095  0.581  0.065  0.053  0.088  0.933
   2.72876     -4.616504  0.007  0.007  0.032  0.013  0.086  0.577  0.066  0.049  0.097  0.931
   2.69136     -4.614482  0.003  0.011  0.037  0.017  0.077  0.565  0.069  0.044  0.104  0.928
   2.65396     -4.612746  0.003  0.019  0.046  0.022  0.068  0.545  0.073  0.036  0.111  0.922
   2.61657     -4.610866  0.002  0.025  0.059  0.033  0.062  0.513  0.078  0.026  0.116  0.915
   2.57917     -4.606800  0.005  0.030  0.082  0.051  0.058  0.466  0.084  0.015  0.113  0.904
   2.54178     -4.595049  0.005  0.031  0.117  0.086  0.062  0.396  0.086  0.005  0.099  0.886
   2.50438     -4.566120  0.008  0.025  0.162  0.138  0.075  0.305  0.082  0.002  0.070  0.865
   2.46698     -4.514785  0.008  0.017  0.199  0.187  0.094  0.223  0.072  0.007  0.044  0.850
   2.42959     -4.449097  0.007  0.010  0.213  0.207  0.123  0.180  0.064  0.015  0.028  0.848
   2.39219     -4.383116  0.003  0.006  0.196  0.196  0.184  0.183  0.053  0.021  0.020  0.860
   2.35480     -4.331797  0.003  0.003  0.123  0.128  0.315  0.249  0.026  0.034  0.015  0.895
   2.31740     -4.304568  0.009  0.009  0.049  0.057  0.406  0.324  0.006  0.054  0.010  0.926
   2.28000     -4.290226  0.015  0.013  0.030  0.034  0.416  0.348  0.004  0.065  0.008  0.934
   2.24261     -4.280373  0.016  0.014  0.028  0.031  0.412  0.350  0.006  0.074  0.009  0.935
   2.20521     -4.273726  0.015  0.013  0.032  0.031  0.407  0.337  0.013  0.083  0.009  0.938
   2.16782     -4.271111  0.015  0.010  0.042  0.033  0.394  0.312  0.029  0.092  0.008  0.937
   2.13042     -4.273530  0.014  0.010  0.057  0.035  0.375  0.283  0.056  0.099  0.008  0.935
   2.09302     -4.280918  0.014  0.011  0.070  0.033  0.351  0.256  0.088  0.103  0.008  0.933
   2.05563     -4.291981  0.014  0.013  0.077  0.030  0.331  0.237  0.119  0.103  0.008  0.931
   2.01823     -4.305083  0.013  0.014  0.079  0.025  0.316  0.224  0.147  0.103  0.008  0.931
   1.98084     -4.318865  0.013  0.015  0.078  0.020  0.307  0.215  0.173  0.100  0.009  0.931
   1.94344     -4.332382  0.012  0.017  0.074  0.016  0.303  0.208  0.196  0.098  0.008  0.931
   1.90604     -4.344998  0.010  0.017  0.070  0.012  0.303  0.199  0.218  0.095  0.007  0.932
   1.86865     -4.356214  0.010  0.018  0.064  0.009  0.306  0.187  0.239  0.093  0.006  0.934
   1.83125     -4.365546  0.009  0.018  0.058  0.006  0.314  0.173  0.260  0.091  0.004  0.933
   1.79386     -4.372212  0.008  0.018  0.052  0.005  0.327  0.153  0.279  0.089  0.002  0.933
   1.75646     -4.373869  0.005  0.020  0.044  0.005  0.358  0.120  0.288  0.085  0.004  0.930
   1.71906     -4.357105  0.006  0.041  0.026  0.045  0.395  0.045  0.213  0.065  0.064  0.898
   1.68167     -4.283345  0.029  0.086  0.009  0.113  0.293  0.005  0.055  0.022  0.232  0.846
   1.64427     -4.186026  0.034  0.096  0.007  0.105  0.250  0.012  0.025  0.012  0.309  0.850
   1.60688     -4.096009  0.031  0.092  0.007  0.076  0.251  0.018  0.020  0.010  0.359  0.868
   1.56948     -4.020667  0.029  0.080  0.008  0.047  0.265  0.023  0.021  0.011  0.401  0.886
   1.53208     -3.963732  0.026  0.066  0.008  0.024  0.282  0.025  0.022  0.013  0.434  0.903
   1.49469     -3.928126  0.026  0.052  0.009  0.008  0.297  0.027  0.024  0.014  0.457  0.914
   1.45729     -3.915988  0.025  0.048  0.010  0.003  0.302  0.027  0.024  0.014  0.464  0.918
   1.45729     -3.915988  0.025  0.048  0.010  0.003  0.302  0.027  0.024  0.014  0.464  0.918
   1.41993     -3.919797  0.025  0.050  0.010  0.005  0.302  0.026  0.024  0.014  0.460  0.917
   1.38256     -3.931269  0.025  0.058  0.009  0.012  0.297  0.024  0.024  0.014  0.447  0.911
   1.34519     -3.950272  0.025  0.071  0.009  0.022  0.290  0.025  0.025  0.014  0.421  0.903
   1.30783     -3.975916  0.024  0.082  0.009  0.037  0.284  0.030  0.030  0.016  0.382  0.894
   1.27046     -4.006005  0.022  0.088  0.010  0.050  0.279  0.042  0.041  0.019  0.333  0.884
   1.23309     -4.037272  0.020  0.087  0.013  0.062  0.277  0.062  0.056  0.023  0.277  0.879
   1.19573     -4.066517  0.018  0.078  0.017  0.073  0.277  0.085  0.073  0.028  0.225  0.878
   1.15836     -4.091694  0.016  0.064  0.022  0.082  0.279  0.107  0.092  0.033  0.181  0.877
   1.12099     -4.112213  0.014  0.049  0.031  0.091  0.279  0.123  0.108  0.037  0.146  0.877
   1.08363     -4.128513  0.014  0.037  0.039  0.098  0.277  0.133  0.120  0.039  0.119  0.876
   1.04626     -4.141466  0.014  0.026  0.048  0.106  0.271  0.136  0.131  0.040  0.101  0.875
   1.00889     -4.151967  0.014  0.019  0.058  0.115  0.261  0.135  0.138  0.041  0.089  0.872
   0.97153     -4.160741  0.015  0.014  0.071  0.125  0.247  0.129  0.144  0.040  0.083  0.868
   0.93416     -4.168282  0.016  0.013  0.083  0.133  0.230  0.120  0.148  0.039  0.081  0.862
   0.89679     -4.174896  0.015  0.013  0.097  0.143  0.208  0.110  0.152  0.038  0.082  0.856
   0.85943     -4.180763  0.014  0.015  0.111  0.152  0.185  0.098  0.155  0.036  0.083  0.851
   0.82206     -4.186014  0.014  0.018  0.127  0.157  0.159  0.089  0.160  0.035  0.085  0.845
   0.78470     -4.190827  0.015  0.022  0.149  0.157  0.132  0.080  0.165  0.033  0.086  0.839
   0.74733     -4.195570  0.015  0.028  0.178  0.147  0.104  0.075  0.171  0.032  0.083  0.835
   0.70996     -4.201040  0.016  0.033  0.220  0.121  0.077  0.076  0.179  0.031  0.078  0.833
   0.67260     -4.208634  0.017  0.040  0.271  0.086  0.051  0.084  0.186  0.030  0.068  0.835
   0.63523     -4.219802  0.018  0.047  0.321  0.049  0.031  0.095  0.193  0.027  0.057  0.838
   0.59786     -4.234995  0.018  0.053  0.357  0.024  0.018  0.106  0.197  0.023  0.047  0.843
   0.56050     -4.253505  0.018  0.057  0.377  0.011  0.013  0.113  0.200  0.020  0.039  0.847
   0.52313     -4.274272  0.018  0.059  0.387  0.005  0.012  0.118  0.202  0.017  0.033  0.851
   0.48576     -4.296401  0.018  0.061  0.391  0.002  0.014  0.120  0.205  0.015  0.028  0.853
   0.44840     -4.319227  0.018  0.063  0.390  0.001  0.016  0.121  0.209  0.013  0.025  0.856
   0.41103     -4.342272  0.018  0.064  0.386  0.000  0.020  0.122  0.212  0.011  0.022  0.858
   0.37366     -4.365203  0.019  0.066  0.384  0.000  0.023  0.122  0.216  0.011  0.020  0.858
   0.33630     -4.387784  0.019  0.066  0.378  0.002  0.026  0.122  0.221  0.010  0.018  0.861
   0.29893     -4.409867  0.019  0.066  0.374  0.003  0.028  0.122  0.225  0.009  0.017  0.862
   0.26157     -4.431369  0.021  0.066  0.369  0.003  0.029  0.122  0.229  0.008  0.015  0.864
   0.22420     -4.452268  0.021  0.066  0.365  0.004  0.030  0.124  0.234  0.007  0.014  0.864
   0.18683     -4.472578  0.022  0.066  0.360  0.006  0.030  0.124  0.238  0.007  0.015  0.866
   0.14947     -4.492334  0.021  0.066  0.353  0.007  0.030  0.126  0.243  0.006  0.014  0.867
   0.11210     -4.511568  0.022  0.065  0.348  0.008  0.028  0.127  0.247  0.005  0.014  0.867
   0.07473     -4.530235  0.023  0.066  0.340  0.009  0.027  0.129  0.254  0.005  0.014  0.868
   0.03737     -4.547980  0.024  0.065  0.327  0.010  0.025  0.135  0.266  0.004  0.015  0.872
   0.00000     -4.560067  0.027  0.059  0.284  0.009  0.027  0.151  0.305  0.004  0.018  0.884
 
# Band-Index:    9
   0.00000     -3.781024  0.014  0.007  0.014  0.005  0.719  0.015  0.109  0.005  0.059  0.949
   0.03737     -3.781281  0.014  0.008  0.014  0.014  0.708  0.015  0.109  0.004  0.060  0.947
   0.07473     -3.782496  0.014  0.012  0.015  0.037  0.669  0.017  0.107  0.004  0.065  0.939
   0.11210     -3.786052  0.013  0.019  0.014  0.081  0.598  0.023  0.102  0.003  0.073  0.926
   0.14947     -3.794283  0.013  0.027  0.014  0.154  0.487  0.032  0.094  0.002  0.085  0.905
   0.18683     -3.809849  0.011  0.036  0.013  0.245  0.344  0.045  0.082  0.003  0.100  0.877
   0.22420     -3.833845  0.008  0.042  0.012  0.333  0.211  0.059  0.070  0.005  0.112  0.851
   0.26157     -3.864501  0.006  0.046  0.010  0.395  0.119  0.069  0.061  0.007  0.121  0.835
   0.29893     -3.898726  0.004  0.047  0.008  0.430  0.066  0.075  0.056  0.010  0.128  0.826
   0.33630     -3.933913  0.004  0.047  0.008  0.447  0.039  0.079  0.052  0.011  0.131  0.821
   0.37366     -3.968302  0.003  0.047  0.008  0.456  0.026  0.082  0.052  0.013  0.133  0.820
   0.41103     -4.000726  0.002  0.047  0.007  0.460  0.020  0.084  0.051  0.014  0.135  0.821
   0.44840     -4.030338  0.001  0.047  0.007  0.457  0.020  0.087  0.051  0.014  0.137  0.823
   0.48576     -4.056450  0.001  0.046  0.009  0.455  0.023  0.091  0.050  0.013  0.138  0.824
   0.52313     -4.078406  0.000  0.044  0.012  0.449  0.025  0.095  0.049  0.012  0.139  0.829
   0.56050     -4.095482  0.000  0.044  0.020  0.441  0.029  0.103  0.048  0.010  0.140  0.834
   0.59786     -4.106771  0.002  0.044  0.036  0.424  0.030  0.114  0.044  0.007  0.140  0.840
   0.63523     -4.111167  0.003  0.043  0.066  0.397  0.028  0.129  0.040  0.005  0.138  0.847
   0.67260     -4.107783  0.006  0.042  0.105  0.357  0.021  0.145  0.035  0.003  0.137  0.855
   0.70996     -4.096637  0.011  0.043  0.144  0.317  0.014  0.158  0.030  0.003  0.137  0.859
   0.74733     -4.078517  0.016  0.042  0.171  0.287  0.010  0.167  0.023  0.005  0.141  0.862
   0.78470     -4.054052  0.018  0.043  0.182  0.271  0.007  0.171  0.016  0.008  0.145  0.864
   0.82206     -4.023505  0.022  0.044  0.185  0.260  0.008  0.172  0.011  0.010  0.149  0.864
   0.85943     -3.987236  0.023  0.047  0.184  0.249  0.012  0.173  0.010  0.012  0.151  0.864
   0.89679     -3.946104  0.024  0.051  0.179  0.237  0.020  0.174  0.015  0.014  0.153  0.867
   0.93416     -3.901625  0.023  0.053  0.173  0.215  0.037  0.174  0.026  0.016  0.154  0.871
   0.97153     -3.855943  0.021  0.055  0.165  0.184  0.066  0.175  0.041  0.016  0.155  0.877
   1.00889     -3.811737  0.021  0.054  0.155  0.139  0.109  0.174  0.062  0.018  0.157  0.886
   1.04626     -3.771682  0.018  0.051  0.140  0.087  0.163  0.173  0.086  0.020  0.158  0.897
   1.08363     -3.737249  0.016  0.049  0.121  0.042  0.215  0.170  0.111  0.023  0.158  0.907
   1.12099     -3.707790  0.015  0.051  0.100  0.015  0.254  0.168  0.134  0.027  0.153  0.915
   1.15836     -3.681009  0.012  0.055  0.081  0.003  0.273  0.166  0.152  0.032  0.141  0.917
   1.19573     -3.654056  0.011  0.067  0.064  0.002  0.279  0.164  0.168  0.037  0.123  0.916
   1.23309     -3.624130  0.011  0.083  0.048  0.009  0.274  0.163  0.182  0.040  0.100  0.911
   1.27046     -3.588752  0.010  0.104  0.037  0.019  0.265  0.158  0.192  0.042  0.077  0.905
   1.30783     -3.546394  0.009  0.125  0.025  0.031  0.254  0.150  0.201  0.043  0.059  0.899
   1.34519     -3.497608  0.008  0.142  0.016  0.038  0.246  0.143  0.209  0.044  0.053  0.897
   1.38256     -3.446477  0.009  0.146  0.008  0.034  0.247  0.138  0.219  0.044  0.059  0.903
   1.41993     -3.402764  0.009  0.133  0.003  0.017  0.260  0.140  0.235  0.045  0.076  0.918
   1.45729     -3.384063  0.010  0.123  0.001  0.003  0.270  0.144  0.247  0.047  0.087  0.928
   1.45729     -3.384063  0.010  0.123  0.001  0.003  0.270  0.144  0.247  0.047  0.087  0.928
   1.49469     -3.387730  0.009  0.122  0.001  0.006  0.274  0.140  0.246  0.047  0.082  0.926
   1.53208     -3.397121  0.009  0.116  0.004  0.017  0.286  0.132  0.242  0.047  0.069  0.922
   1.56948     -3.410008  0.010  0.096  0.008  0.036  0.298  0.117  0.238  0.049  0.062  0.916
   1.60688     -3.428379  0.014  0.055  0.020  0.091  0.295  0.082  0.227  0.053  0.066  0.901
   1.64427     -3.467147  0.019  0.008  0.042  0.241  0.217  0.023  0.169  0.053  0.094  0.866
   1.68167     -3.539516  0.022  0.039  0.055  0.315  0.132  0.022  0.098  0.045  0.121  0.848
   1.71906     -3.623787  0.021  0.078  0.062  0.286  0.107  0.046  0.073  0.039  0.136  0.849
   1.75646     -3.706237  0.021  0.105  0.067  0.242  0.102  0.071  0.066  0.036  0.145  0.856
   1.79386     -3.782755  0.020  0.123  0.073  0.201  0.103  0.096  0.066  0.033  0.149  0.863
   1.83125     -3.852039  0.018  0.133  0.077  0.168  0.105  0.120  0.069  0.030  0.148  0.869
   1.86865     -3.913746  0.018  0.139  0.080  0.141  0.107  0.143  0.076  0.026  0.143  0.875
   1.90604     -3.967901  0.018  0.138  0.086  0.121  0.107  0.167  0.083  0.023  0.135  0.877
   1.94344     -4.014711  0.017  0.136  0.092  0.105  0.106  0.189  0.092  0.020  0.125  0.881
   1.98084     -4.054476  0.016  0.131  0.099  0.095  0.101  0.209  0.103  0.017  0.112  0.884
   2.01823     -4.087515  0.016  0.124  0.110  0.088  0.093  0.223  0.116  0.015  0.099  0.885
   2.05563     -4.114131  0.015  0.117  0.124  0.086  0.080  0.231  0.131  0.014  0.086  0.884
   2.09302     -4.134612  0.014  0.110  0.142  0.089  0.061  0.228  0.150  0.014  0.072  0.882
   2.13042     -4.149415  0.014  0.103  0.168  0.098  0.041  0.212  0.169  0.016  0.058  0.878
   2.16782     -4.159958  0.011  0.094  0.195  0.114  0.024  0.188  0.181  0.021  0.043  0.873
   2.20521     -4.169511  0.010  0.083  0.221  0.134  0.016  0.164  0.182  0.025  0.029  0.866
   2.24261     -4.182925  0.010  0.072  0.241  0.156  0.015  0.144  0.173  0.029  0.018  0.858
   2.28000     -4.204791  0.012  0.063  0.252  0.174  0.014  0.134  0.158  0.031  0.010  0.850
   2.31740     -4.236366  0.017  0.060  0.243  0.172  0.028  0.142  0.140  0.038  0.005  0.847
   2.35480     -4.269212  0.026  0.062  0.177  0.116  0.123  0.197  0.109  0.053  0.002  0.865
   2.39219     -4.288846  0.030  0.057  0.106  0.053  0.261  0.247  0.074  0.062  0.005  0.893
   2.42959     -4.298188  0.030  0.053  0.084  0.032  0.330  0.240  0.061  0.061  0.011  0.901
   2.46698     -4.302301  0.030  0.053  0.085  0.025  0.364  0.208  0.057  0.057  0.022  0.901
   2.50438     -4.302769  0.030  0.053  0.097  0.023  0.386  0.167  0.054  0.053  0.037  0.898
   2.54178     -4.300663  0.029  0.050  0.113  0.024  0.400  0.122  0.050  0.048  0.057  0.895
   2.57917     -4.297637  0.027  0.044  0.136  0.026  0.408  0.082  0.044  0.042  0.082  0.891
   2.61657     -4.296177  0.024  0.034  0.160  0.031  0.411  0.049  0.034  0.036  0.109  0.889
   2.65396     -4.299230  0.021  0.023  0.184  0.035  0.408  0.026  0.023  0.031  0.136  0.888
   2.69136     -4.309495  0.017  0.013  0.207  0.041  0.399  0.012  0.013  0.026  0.160  0.890
   2.72876     -4.328711  0.014  0.007  0.223  0.045  0.388  0.005  0.007  0.021  0.180  0.890
   2.76615     -4.357336  0.010  0.005  0.232  0.047  0.375  0.003  0.007  0.018  0.197  0.894
   2.80355     -4.394654  0.008  0.003  0.233  0.049  0.367  0.002  0.011  0.015  0.212  0.899
   2.84094     -4.438953  0.006  0.005  0.214  0.045  0.373  0.001  0.021  0.013  0.228  0.906
   2.87834     -4.486522  0.004  0.005  0.151  0.034  0.421  0.002  0.040  0.014  0.257  0.927
   2.91574     -4.517532  0.001  0.001  0.007  0.008  0.546  0.008  0.067  0.019  0.315  0.973
 
# Band-Index:   10
   2.91574     -3.435945  0.002  0.676  0.020  0.030  0.003  0.005  0.040  0.000  0.002  0.777
   2.87834     -3.482914  0.016  0.453  0.009  0.031  0.014  0.039  0.268  0.002  0.008  0.841
   2.84094     -3.533202  0.016  0.444  0.005  0.030  0.011  0.052  0.277  0.002  0.007  0.846
   2.80355     -3.579028  0.015  0.444  0.003  0.030  0.009  0.068  0.272  0.003  0.004  0.850
   2.76615     -3.618887  0.014  0.442  0.006  0.032  0.008  0.085  0.260  0.005  0.003  0.853
   2.72876     -3.651436  0.012  0.434  0.010  0.034  0.011  0.105  0.243  0.007  0.004  0.858
   2.69136     -3.675758  0.009  0.422  0.018  0.036  0.019  0.124  0.221  0.010  0.006  0.865
   2.65396     -3.691727  0.007  0.402  0.028  0.037  0.033  0.143  0.196  0.013  0.012  0.873
   2.61657     -3.700186  0.005  0.379  0.038  0.040  0.051  0.160  0.168  0.019  0.019  0.879
   2.57917     -3.702716  0.003  0.353  0.048  0.042  0.071  0.173  0.142  0.025  0.028  0.886
   2.54178     -3.701107  0.005  0.327  0.056  0.041  0.093  0.182  0.118  0.033  0.037  0.892
   2.50438     -3.696820  0.004  0.303  0.063  0.041  0.111  0.188  0.098  0.043  0.044  0.897
   2.46698     -3.690628  0.005  0.282  0.068  0.042  0.127  0.192  0.081  0.052  0.053  0.900
   2.42959     -3.682455  0.007  0.262  0.072  0.042  0.138  0.191  0.068  0.062  0.060  0.902
   2.39219     -3.671354  0.008  0.244  0.077  0.044  0.145  0.189  0.057  0.072  0.066  0.903
   2.35480     -3.655786  0.010  0.229  0.084  0.049  0.149  0.184  0.048  0.080  0.069  0.901
   2.31740     -3.634347  0.011  0.212  0.094  0.055  0.153  0.179  0.041  0.083  0.070  0.897
   2.28000     -3.606903  0.011  0.196  0.106  0.063  0.158  0.175  0.038  0.083  0.064  0.893
   2.24261     -3.575356  0.008  0.183  0.118  0.067  0.169  0.174  0.041  0.080  0.054  0.893
   2.20521     -3.543137  0.007  0.170  0.124  0.068  0.186  0.177  0.049  0.073  0.040  0.894
   2.16782     -3.513750  0.004  0.161  0.124  0.063  0.209  0.181  0.060  0.066  0.027  0.897
   2.13042     -3.489433  0.004  0.152  0.118  0.056  0.233  0.188  0.073  0.060  0.017  0.901
   2.09302     -3.470775  0.003  0.146  0.109  0.046  0.258  0.193  0.087  0.054  0.011  0.906
   2.05563     -3.457185  0.001  0.142  0.096  0.040  0.279  0.198  0.098  0.050  0.007  0.911
   2.01823     -3.447556  0.002  0.140  0.084  0.033  0.295  0.200  0.109  0.046  0.006  0.914
   1.98084     -3.440754  0.002  0.138  0.073  0.028  0.308  0.200  0.118  0.043  0.006  0.918
   1.94344     -3.435816  0.001  0.139  0.062  0.025  0.318  0.200  0.126  0.042  0.009  0.921
   1.90604     -3.431996  0.001  0.139  0.052  0.021  0.324  0.200  0.134  0.040  0.011  0.922
   1.86865     -3.428700  0.002  0.143  0.043  0.020  0.327  0.198  0.140  0.039  0.014  0.924
   1.83125     -3.425438  0.002  0.146  0.034  0.020  0.327  0.197  0.146  0.037  0.017  0.926
   1.79386     -3.421736  0.002  0.152  0.026  0.020  0.323  0.196  0.151  0.037  0.019  0.927
   1.75646     -3.416999  0.002  0.161  0.019  0.023  0.314  0.196  0.154  0.035  0.022  0.927
   1.71906     -3.410138  0.001  0.176  0.012  0.033  0.296  0.199  0.151  0.032  0.025  0.925
   1.68167     -3.398146  0.001  0.200  0.003  0.071  0.254  0.203  0.130  0.027  0.029  0.918
   1.64427     -3.369822  0.001  0.211  0.001  0.221  0.147  0.181  0.063  0.018  0.043  0.889
   1.60688     -3.308196  0.004  0.141  0.008  0.456  0.046  0.105  0.009  0.014  0.059  0.843
   1.56948     -3.234399  0.004  0.069  0.007  0.601  0.020  0.054  0.001  0.012  0.052  0.820
   1.53208     -3.176549  0.003  0.033  0.004  0.683  0.009  0.026  0.000  0.006  0.036  0.800
   1.49469     -3.152911  0.000  0.139  0.005  0.609  0.003  0.006  0.000  0.001  0.013  0.778
   1.45729     -3.151034  0.000  0.228  0.007  0.533  0.000  0.000  0.000  0.000  0.001  0.770
   1.45729     -3.151034  0.000  0.228  0.007  0.533  0.000  0.000  0.000  0.000  0.001  0.770
   1.41993     -3.140657  0.000  0.157  0.009  0.576  0.009  0.009  0.010  0.001  0.011  0.785
   1.38256     -3.130874  0.001  0.031  0.008  0.689  0.010  0.026  0.015  0.005  0.023  0.808
   1.34519     -3.150310  0.000  0.066  0.007  0.661  0.002  0.033  0.011  0.012  0.028  0.820
   1.30783     -3.190276  0.000  0.112  0.008  0.601  0.001  0.039  0.008  0.018  0.038  0.826
   1.27046     -3.240588  0.001  0.129  0.010  0.558  0.005  0.046  0.008  0.025  0.051  0.831
   1.23309     -3.296669  0.001  0.130  0.013  0.526  0.015  0.050  0.007  0.031  0.063  0.837
   1.19573     -3.355436  0.001  0.126  0.014  0.497  0.031  0.052  0.008  0.036  0.076  0.842
   1.15836     -3.414210  0.004  0.117  0.014  0.466  0.058  0.053  0.009  0.040  0.088  0.849
   1.12099     -3.470309  0.004  0.107  0.009  0.429  0.101  0.050  0.013  0.044  0.101  0.858
   1.08363     -3.520967  0.004  0.095  0.005  0.378  0.167  0.044  0.020  0.046  0.113  0.871
   1.04626     -3.563834  0.002  0.082  0.001  0.314  0.250  0.037  0.030  0.048  0.121  0.886
   1.00889     -3.598038  0.001  0.073  0.001  0.244  0.339  0.031  0.042  0.046  0.124  0.902
   0.97153     -3.624688  0.001  0.066  0.005  0.181  0.420  0.026  0.050  0.044  0.121  0.915
   0.93416     -3.645895  0.002  0.062  0.012  0.130  0.490  0.023  0.056  0.041  0.108  0.925
   0.89679     -3.663529  0.002  0.063  0.016  0.094  0.548  0.020  0.059  0.038  0.091  0.933
   0.85943     -3.678713  0.004  0.063  0.022  0.068  0.595  0.018  0.061  0.035  0.071  0.936
   0.82206     -3.691777  0.007  0.062  0.024  0.049  0.635  0.017  0.064  0.031  0.054  0.942
   0.78470     -3.702485  0.009  0.060  0.024  0.036  0.667  0.017  0.067  0.028  0.038  0.944
   0.74733     -3.710349  0.010  0.057  0.022  0.026  0.692  0.017  0.072  0.026  0.027  0.948
   0.70996     -3.714993  0.012  0.053  0.020  0.019  0.711  0.017  0.078  0.023  0.020  0.950
   0.67260     -3.716401  0.012  0.047  0.016  0.015  0.724  0.016  0.086  0.021  0.016  0.953
   0.63523     -3.714974  0.011  0.041  0.015  0.012  0.734  0.017  0.094  0.019  0.013  0.956
   0.59786     -3.711422  0.011  0.035  0.013  0.009  0.740  0.016  0.103  0.017  0.012  0.957
   0.56050     -3.706561  0.010  0.031  0.012  0.007  0.745  0.016  0.111  0.016  0.012  0.961
   0.52313     -3.701164  0.008  0.027  0.011  0.005  0.748  0.017  0.118  0.015  0.012  0.961
   0.48576     -3.695842  0.007  0.023  0.012  0.002  0.750  0.017  0.122  0.014  0.013  0.962
   0.44840     -3.690995  0.006  0.019  0.013  0.002  0.751  0.018  0.126  0.014  0.015  0.963
   0.41103     -3.686808  0.006  0.016  0.012  0.004  0.751  0.018  0.127  0.014  0.016  0.963
   0.37366     -3.683218  0.005  0.013  0.012  0.007  0.748  0.019  0.127  0.014  0.016  0.962
   0.33630     -3.679856  0.005  0.009  0.014  0.016  0.738  0.022  0.125  0.014  0.018  0.960
   0.29893     -3.675907  0.005  0.006  0.013  0.035  0.715  0.027  0.121  0.015  0.019  0.955
   0.26157     -3.669855  0.005  0.004  0.013  0.069  0.668  0.034  0.115  0.016  0.022  0.944
   0.22420     -3.659228  0.004  0.004  0.012  0.132  0.582  0.047  0.103  0.017  0.027  0.927
   0.18683     -3.640960  0.003  0.007  0.011  0.222  0.454  0.062  0.088  0.017  0.035  0.900
   0.14947     -3.613260  0.002  0.012  0.011  0.321  0.315  0.077  0.073  0.016  0.044  0.872
   0.11210     -3.577261  0.003  0.018  0.011  0.406  0.201  0.085  0.060  0.013  0.048  0.847
   0.07473     -3.536201  0.004  0.023  0.012  0.482  0.119  0.083  0.047  0.010  0.044  0.824
   0.03737     -3.495390  0.003  0.026  0.015  0.585  0.053  0.057  0.028  0.006  0.028  0.800
   0.00000     -3.472634  0.001  0.027  0.018  0.707  0.004  0.008  0.003  0.001  0.005  0.773
 
# Band-Index:   11
   0.00000     -3.384721  0.022  0.033  0.000  0.023  0.163  0.361  0.154  0.020  0.140  0.916
   0.03737     -3.361174  0.019  0.035  0.003  0.133  0.125  0.313  0.132  0.015  0.117  0.893
   0.07473     -3.318185  0.018  0.039  0.005  0.198  0.094  0.288  0.121  0.012  0.104  0.879
   0.11210     -3.273977  0.020  0.042  0.006  0.206  0.079  0.284  0.122  0.010  0.108  0.879
   0.14947     -3.234209  0.020  0.048  0.006  0.187  0.071  0.285  0.129  0.010  0.128  0.886
   0.18683     -3.202244  0.023  0.051  0.005  0.153  0.066  0.283  0.141  0.010  0.164  0.898
   0.22420     -3.179954  0.024  0.055  0.006  0.115  0.061  0.273  0.151  0.012  0.212  0.910
   0.26157     -3.167484  0.027  0.055  0.006  0.080  0.057  0.259  0.157  0.013  0.265  0.921
   0.29893     -3.163677  0.031  0.054  0.007  0.053  0.054  0.241  0.160  0.014  0.315  0.929
   0.33630     -3.166866  0.033  0.054  0.009  0.035  0.049  0.221  0.160  0.014  0.361  0.935
   0.37366     -3.175475  0.036  0.053  0.010  0.020  0.047  0.202  0.156  0.014  0.400  0.939
   0.41103     -3.188158  0.038  0.053  0.011  0.011  0.043  0.183  0.150  0.014  0.435  0.939
   0.44840     -3.203795  0.043  0.053  0.013  0.007  0.040  0.165  0.143  0.013  0.466  0.939
   0.48576     -3.221398  0.045  0.052  0.015  0.003  0.037  0.147  0.133  0.012  0.494  0.939
   0.52313     -3.240024  0.048  0.054  0.016  0.002  0.034  0.131  0.122  0.012  0.517  0.935
   0.56050     -3.258728  0.051  0.057  0.018  0.002  0.032  0.115  0.110  0.011  0.539  0.934
   0.59786     -3.276524  0.055  0.059  0.020  0.002  0.028  0.101  0.098  0.010  0.555  0.930
   0.63523     -3.292368  0.058  0.064  0.023  0.004  0.025  0.089  0.086  0.009  0.568  0.925
   0.67260     -3.305176  0.061  0.071  0.025  0.008  0.021  0.077  0.076  0.009  0.576  0.921
   0.70996     -3.313831  0.063  0.080  0.028  0.010  0.016  0.066  0.066  0.008  0.578  0.917
   0.74733     -3.317237  0.066  0.092  0.032  0.014  0.013  0.057  0.057  0.007  0.574  0.912
   0.78470     -3.314390  0.067  0.108  0.037  0.016  0.011  0.050  0.051  0.006  0.561  0.907
   0.82206     -3.304510  0.068  0.127  0.042  0.018  0.011  0.045  0.046  0.005  0.539  0.902
   0.85943     -3.287245  0.069  0.150  0.048  0.020  0.015  0.039  0.043  0.004  0.510  0.897
   0.89679     -3.262838  0.067  0.176  0.054  0.021  0.022  0.036  0.040  0.003  0.475  0.894
   0.93416     -3.232253  0.064  0.206  0.061  0.021  0.031  0.033  0.038  0.002  0.434  0.890
   0.97153     -3.197095  0.059  0.236  0.067  0.020  0.039  0.031  0.037  0.002  0.392  0.886
   1.00889     -3.159452  0.054  0.268  0.075  0.020  0.048  0.030  0.036  0.002  0.350  0.884
   1.04626     -3.121633  0.049  0.301  0.081  0.019  0.054  0.030  0.035  0.001  0.309  0.879
   1.08363     -3.085942  0.041  0.334  0.087  0.020  0.059  0.031  0.034  0.001  0.270  0.877
   1.12099     -3.054498  0.035  0.367  0.090  0.020  0.061  0.031  0.034  0.001  0.234  0.873
   1.15836     -3.029198  0.028  0.401  0.090  0.022  0.063  0.031  0.034  0.001  0.201  0.870
   1.19573     -3.011723  0.022  0.434  0.084  0.024  0.063  0.030  0.035  0.002  0.170  0.864
   1.23309     -3.003571  0.017  0.469  0.075  0.027  0.063  0.028  0.036  0.002  0.142  0.859
   1.27046     -3.005892  0.012  0.508  0.061  0.029  0.061  0.025  0.037  0.002  0.116  0.851
   1.30783     -3.018880  0.007  0.558  0.043  0.025  0.057  0.020  0.036  0.003  0.090  0.841
   1.34519     -3.039989  0.003  0.635  0.027  0.009  0.047  0.012  0.031  0.003  0.062  0.828
   1.38256     -3.058359  0.002  0.703  0.012  0.028  0.024  0.002  0.015  0.003  0.029  0.817
   1.41993     -3.059137  0.000  0.609  0.005  0.186  0.004  0.000  0.002  0.001  0.006  0.814
   1.45729     -3.056082  0.000  0.556  0.003  0.253  0.001  0.000  0.000  0.000  0.000  0.814
   1.45729     -3.056082  0.000  0.556  0.003  0.253  0.001  0.000  0.000  0.000  0.000  0.814
   1.49469     -3.060232  0.001  0.641  0.006  0.154  0.001  0.001  0.002  0.001  0.004  0.813
   1.53208     -3.054917  0.002  0.739  0.014  0.019  0.002  0.000  0.007  0.002  0.022  0.805
   1.56948     -3.026125  0.003  0.707  0.020  0.007  0.004  0.001  0.011  0.003  0.053  0.807
   1.60688     -2.984969  0.003  0.661  0.025  0.018  0.006  0.002  0.012  0.004  0.084  0.813
   1.64427     -2.939882  0.004  0.624  0.032  0.025  0.008  0.002  0.012  0.004  0.111  0.823
   1.68167     -2.895535  0.005  0.587  0.044  0.033  0.008  0.002  0.011  0.005  0.135  0.830
   1.71906     -2.855296  0.006  0.551  0.060  0.039  0.008  0.003  0.009  0.006  0.153  0.838
   1.75646     -2.822101  0.007  0.507  0.084  0.050  0.009  0.004  0.006  0.008  0.170  0.844
   1.79386     -2.798477  0.009  0.455  0.113  0.063  0.011  0.004  0.005  0.009  0.182  0.850
   1.83125     -2.786131  0.012  0.397  0.142  0.078  0.013  0.005  0.007  0.012  0.192  0.856
   1.86865     -2.785444  0.013  0.340  0.163  0.093  0.019  0.008  0.012  0.015  0.199  0.861
   1.90604     -2.795612  0.015  0.291  0.175  0.104  0.026  0.011  0.020  0.020  0.206  0.865
   1.94344     -2.815156  0.016  0.254  0.174  0.110  0.033  0.014  0.028  0.026  0.213  0.869
   1.98084     -2.842322  0.020  0.223  0.163  0.116  0.043  0.019  0.039  0.033  0.219  0.873
   2.01823     -2.875105  0.022  0.200  0.145  0.116  0.056  0.025  0.048  0.040  0.225  0.876
   2.05563     -2.911166  0.024  0.180  0.123  0.112  0.070  0.032  0.060  0.050  0.229  0.880
   2.09302     -2.947727  0.028  0.162  0.099  0.104  0.087  0.041  0.073  0.058  0.230  0.884
   2.13042     -2.981645  0.030  0.148  0.074  0.094  0.107  0.052  0.088  0.068  0.229  0.889
   2.16782     -3.009767  0.032  0.135  0.052  0.080  0.126  0.065  0.103  0.076  0.224  0.893
   2.20521     -3.029566  0.032  0.124  0.037  0.066  0.144  0.078  0.119  0.084  0.215  0.898
   2.24261     -3.039694  0.033  0.117  0.027  0.052  0.156  0.088  0.133  0.092  0.207  0.902
   2.28000     -3.040072  0.033  0.112  0.024  0.039  0.162  0.096  0.144  0.099  0.199  0.906
   2.31740     -3.031611  0.031  0.107  0.023  0.032  0.162  0.102  0.152  0.105  0.195  0.908
   2.35480     -3.015811  0.029  0.107  0.026  0.026  0.158  0.105  0.157  0.109  0.193  0.911
   2.39219     -2.994550  0.027  0.110  0.030  0.021  0.153  0.108  0.158  0.110  0.195  0.913
   2.42959     -2.969985  0.026  0.117  0.035  0.018  0.146  0.110  0.155  0.107  0.200  0.913
   2.46698     -2.944502  0.023  0.131  0.037  0.016  0.139  0.113  0.148  0.099  0.207  0.914
   2.50438     -2.920833  0.021  0.157  0.040  0.014  0.130  0.115  0.133  0.085  0.216  0.911
   2.54178     -2.903866  0.020  0.242  0.044  0.011  0.098  0.101  0.105  0.055  0.217  0.892
   2.57917     -2.920134  0.023  0.365  0.079  0.037  0.012  0.018  0.229  0.003  0.084  0.850
   2.61657     -2.969686  0.021  0.337  0.079  0.049  0.013  0.007  0.310  0.001  0.035  0.855
   2.65396     -3.024584  0.022  0.330  0.072  0.048  0.018  0.007  0.333  0.001  0.025  0.857
   2.69136     -3.081318  0.022  0.335  0.062  0.047  0.022  0.008  0.341  0.001  0.021  0.858
   2.72876     -3.139089  0.023  0.342  0.052  0.044  0.024  0.010  0.343  0.001  0.019  0.858
   2.76615     -3.197465  0.022  0.351  0.043  0.041  0.025  0.012  0.344  0.001  0.018  0.856
   2.80355     -3.256049  0.023  0.361  0.033  0.039  0.025  0.016  0.343  0.001  0.017  0.856
   2.84094     -3.314378  0.023  0.367  0.026  0.036  0.024  0.021  0.344  0.001  0.017  0.857
   2.87834     -3.371792  0.024  0.361  0.018  0.035  0.023  0.028  0.356  0.001  0.015  0.861
   2.91574     -3.421065  0.038  0.141  0.004  0.035  0.035  0.059  0.586  0.003  0.022  0.922
 
# Band-Index:   12
   2.91574     -2.874792  0.003  0.123  0.005  0.012  0.203  0.237  0.147  0.024  0.195  0.949
   2.87834     -2.873983  0.003  0.123  0.005  0.012  0.202  0.235  0.147  0.024  0.195  0.950
   2.84094     -2.871671  0.003  0.125  0.006  0.013  0.200  0.231  0.148  0.024  0.197  0.948
   2.80355     -2.868210  0.003  0.126  0.009  0.015  0.196  0.223  0.151  0.024  0.200  0.948
   2.76615     -2.864225  0.003  0.126  0.012  0.015  0.190  0.214  0.154  0.026  0.203  0.946
   2.72876     -2.860631  0.003  0.125  0.016  0.019  0.184  0.202  0.159  0.029  0.206  0.944
   2.69136     -2.858616  0.006  0.119  0.021  0.020  0.177  0.188  0.167  0.034  0.208  0.942
   2.65396     -2.859475  0.005  0.108  0.027  0.023  0.172  0.174  0.180  0.044  0.207  0.941
   2.61657     -2.864095  0.006  0.088  0.035  0.027  0.168  0.159  0.205  0.056  0.197  0.942
   2.57917     -2.870239  0.008  0.045  0.049  0.041  0.163  0.134  0.288  0.069  0.147  0.944
   2.54178     -2.850558  0.013  0.157  0.095  0.070  0.071  0.039  0.408  0.034  0.013  0.900
   2.50438     -2.804779  0.014  0.231  0.106  0.071  0.037  0.016  0.372  0.021  0.009  0.880
   2.46698     -2.758365  0.014  0.256  0.112  0.071  0.028  0.011  0.346  0.019  0.016  0.874
   2.42959     -2.714620  0.013  0.270  0.114  0.071  0.025  0.008  0.325  0.021  0.023  0.871
   2.39219     -2.674352  0.012  0.280  0.115  0.073  0.022  0.007  0.305  0.023  0.030  0.870
   2.35480     -2.637924  0.012  0.289  0.117  0.073  0.023  0.006  0.287  0.026  0.038  0.870
   2.31740     -2.605485  0.012  0.296  0.118  0.074  0.022  0.005  0.270  0.029  0.044  0.869
   2.28000     -2.577035  0.011  0.301  0.121  0.073  0.022  0.005  0.255  0.032  0.051  0.870
   2.24261     -2.552542  0.010  0.304  0.123  0.075  0.021  0.005  0.242  0.033  0.055  0.869
   2.20521     -2.531936  0.009  0.305  0.128  0.076  0.021  0.005  0.231  0.034  0.059  0.870
   2.16782     -2.515189  0.009  0.306  0.134  0.078  0.018  0.005  0.221  0.036  0.060  0.870
   2.13042     -2.502308  0.008  0.306  0.142  0.081  0.016  0.006  0.212  0.036  0.061  0.870
   2.09302     -2.493369  0.008  0.305  0.152  0.082  0.013  0.007  0.205  0.036  0.060  0.870
   2.05563     -2.488473  0.007  0.303  0.165  0.084  0.010  0.008  0.198  0.035  0.058  0.868
   2.01823     -2.487735  0.006  0.300  0.182  0.087  0.007  0.008  0.191  0.034  0.053  0.866
   1.98084     -2.491159  0.004  0.293  0.201  0.088  0.004  0.009  0.183  0.032  0.047  0.865
   1.94344     -2.498502  0.004  0.280  0.228  0.091  0.002  0.009  0.175  0.030  0.041  0.862
   1.90604     -2.509108  0.003  0.258  0.262  0.097  0.003  0.010  0.165  0.029  0.033  0.862
   1.86865     -2.521738  0.001  0.228  0.307  0.103  0.004  0.011  0.153  0.026  0.024  0.861
   1.83125     -2.534622  0.001  0.187  0.362  0.110  0.006  0.012  0.138  0.025  0.016  0.857
   1.79386     -2.545928  0.001  0.142  0.422  0.119  0.008  0.012  0.121  0.022  0.009  0.856
   1.75646     -2.554405  0.003  0.103  0.479  0.123  0.009  0.012  0.101  0.021  0.005  0.853
   1.71906     -2.559569  0.003  0.074  0.528  0.123  0.008  0.013  0.081  0.020  0.004  0.852
   1.68167     -2.561294  0.004  0.054  0.569  0.116  0.007  0.014  0.062  0.020  0.005  0.850
   1.64427     -2.559118  0.004  0.041  0.603  0.102  0.006  0.015  0.046  0.021  0.011  0.848
   1.60688     -2.552049  0.004  0.033  0.631  0.082  0.005  0.018  0.033  0.022  0.019  0.846
   1.56948     -2.538576  0.005  0.029  0.657  0.057  0.003  0.020  0.023  0.024  0.029  0.845
   1.53208     -2.517594  0.005  0.025  0.689  0.031  0.002  0.020  0.014  0.023  0.037  0.843
   1.49469     -2.491676  0.001  0.015  0.748  0.011  0.001  0.013  0.006  0.014  0.026  0.838
   1.45729     -2.476505  0.000  0.005  0.819  0.004  0.000  0.000  0.000  0.000  0.000  0.829
   1.45729     -2.476505  0.000  0.005  0.819  0.004  0.000  0.000  0.000  0.000  0.000  0.829
   1.41993     -2.478447  0.000  0.005  0.807  0.004  0.001  0.001  0.002  0.001  0.007  0.830
   1.38256     -2.482696  0.000  0.006  0.784  0.005  0.004  0.003  0.006  0.004  0.017  0.831
   1.34519     -2.487149  0.002  0.011  0.758  0.007  0.007  0.003  0.015  0.006  0.024  0.832
   1.30783     -2.491353  0.004  0.020  0.726  0.010  0.011  0.004  0.026  0.007  0.027  0.835
   1.27046     -2.495996  0.007  0.033  0.687  0.010  0.015  0.007  0.042  0.009  0.029  0.839
   1.23309     -2.501908  0.008  0.047  0.644  0.013  0.018  0.012  0.059  0.011  0.031  0.844
   1.19573     -2.509439  0.012  0.061  0.605  0.013  0.020  0.017  0.077  0.014  0.032  0.850
   1.15836     -2.518315  0.012  0.075  0.568  0.013  0.020  0.024  0.094  0.018  0.032  0.854
   1.12099     -2.527606  0.014  0.086  0.534  0.013  0.019  0.032  0.111  0.021  0.029  0.859
   1.08363     -2.536091  0.013  0.099  0.500  0.014  0.018  0.042  0.128  0.024  0.024  0.863
   1.04626     -2.542472  0.014  0.110  0.470  0.014  0.015  0.054  0.144  0.028  0.018  0.867
   1.00889     -2.545573  0.014  0.120  0.442  0.015  0.013  0.066  0.158  0.032  0.012  0.870
   0.97153     -2.544495  0.013  0.129  0.413  0.015  0.011  0.079  0.172  0.034  0.007  0.873
   0.93416     -2.538600  0.013  0.137  0.384  0.016  0.009  0.093  0.183  0.037  0.003  0.876
   0.89679     -2.527538  0.013  0.144  0.357  0.017  0.008  0.107  0.193  0.040  0.000  0.878
   0.85943     -2.511215  0.012  0.149  0.329  0.019  0.008  0.121  0.200  0.041  0.000  0.881
   0.82206     -2.489780  0.013  0.153  0.303  0.020  0.010  0.133  0.205  0.044  0.003  0.885
   0.78470     -2.463637  0.013  0.156  0.279  0.022  0.013  0.145  0.207  0.044  0.008  0.888
   0.74733     -2.433569  0.012  0.157  0.256  0.025  0.019  0.155  0.205  0.045  0.016  0.891
   0.70996     -2.400849  0.013  0.155  0.233  0.029  0.029  0.165  0.198  0.044  0.029  0.895
   0.67260     -2.367604  0.013  0.150  0.207  0.040  0.045  0.171  0.184  0.041  0.048  0.898
   0.63523     -2.337363  0.012  0.140  0.179  0.055  0.070  0.173  0.159  0.037  0.076  0.901
   0.59786     -2.315827  0.011  0.121  0.143  0.084  0.108  0.168  0.120  0.030  0.119  0.905
   0.56050     -2.310293  0.010  0.096  0.104  0.126  0.151  0.151  0.071  0.021  0.176  0.906
   0.52313     -2.325151  0.008  0.069  0.071  0.171  0.181  0.125  0.031  0.016  0.232  0.905
   0.48576     -2.358146  0.006  0.049  0.051  0.201  0.189  0.102  0.010  0.015  0.275  0.900
   0.44840     -2.403939  0.008  0.036  0.041  0.220  0.184  0.084  0.003  0.016  0.307  0.898
   0.41103     -2.457962  0.008  0.027  0.037  0.229  0.171  0.069  0.004  0.018  0.333  0.896
   0.37366     -2.516841  0.009  0.020  0.034  0.231  0.156  0.056  0.009  0.022  0.360  0.897
   0.33630     -2.577759  0.010  0.015  0.034  0.224  0.139  0.043  0.017  0.025  0.391  0.899
   0.29893     -2.637973  0.012  0.012  0.035  0.209  0.123  0.030  0.028  0.030  0.427  0.903
   0.26157     -2.694582  0.013  0.009  0.033  0.186  0.108  0.017  0.041  0.034  0.470  0.912
   0.22420     -2.744650  0.015  0.008  0.033  0.154  0.094  0.006  0.057  0.040  0.516  0.923
   0.18683     -2.785744  0.017  0.009  0.033  0.115  0.083  0.002  0.075  0.044  0.560  0.937
   0.14947     -2.816745  0.018  0.010  0.030  0.077  0.075  0.002  0.095  0.048  0.594  0.950
   0.11210     -2.838195  0.020  0.013  0.028  0.045  0.069  0.008  0.110  0.052  0.616  0.960
   0.07473     -2.851719  0.020  0.016  0.027  0.021  0.066  0.015  0.122  0.053  0.627  0.967
   0.03737     -2.859041  0.020  0.018  0.025  0.008  0.064  0.020  0.129  0.055  0.632  0.972
   0.00000     -2.861346  0.020  0.018  0.025  0.004  0.064  0.023  0.132  0.055  0.634  0.973
 
# Band-Index:   13
   0.00000     -1.995757  0.034  0.094  0.129  0.026  0.024  0.128  0.010  0.287  0.201  0.934
   0.03737     -1.993002  0.034  0.095  0.129  0.026  0.024  0.129  0.010  0.286  0.201  0.934
   0.07473     -1.984928  0.034  0.097  0.131  0.026  0.023  0.129  0.011  0.283  0.199  0.934
   0.11210     -1.972148  0.033  0.101  0.135  0.024  0.023  0.132  0.011  0.275  0.197  0.933
   0.14947     -1.955746  0.032  0.107  0.142  0.025  0.022  0.134  0.013  0.263  0.195  0.929
   0.18683     -1.937459  0.031  0.112  0.149  0.022  0.020  0.140  0.018  0.245  0.191  0.928
   0.22420     -1.919916  0.029  0.117  0.158  0.019  0.017  0.148  0.031  0.219  0.188  0.926
   0.26157     -1.906901  0.027  0.120  0.166  0.016  0.013  0.159  0.058  0.185  0.181  0.926
   0.29893     -1.902641  0.023  0.118  0.171  0.016  0.011  0.165  0.102  0.150  0.169  0.924
   0.33630     -1.909602  0.021  0.112  0.171  0.018  0.010  0.162  0.153  0.123  0.151  0.923
   0.37366     -1.926921  0.020  0.108  0.168  0.024  0.009  0.153  0.194  0.108  0.136  0.920
   0.41103     -1.951692  0.019  0.104  0.163  0.032  0.011  0.140  0.220  0.099  0.125  0.915
   0.44840     -1.980516  0.019  0.101  0.159  0.046  0.016  0.124  0.231  0.095  0.122  0.911
   0.48576     -2.009395  0.017  0.095  0.151  0.064  0.028  0.103  0.227  0.091  0.128  0.906
   0.52313     -2.033080  0.018  0.081  0.135  0.095  0.054  0.076  0.206  0.087  0.149  0.900
   0.56050     -2.045370  0.016  0.061  0.109  0.134  0.103  0.047  0.163  0.079  0.186  0.896
   0.59786     -2.042964  0.012  0.040  0.076  0.171  0.164  0.026  0.112  0.067  0.227  0.896
   0.63523     -2.029052  0.012  0.026  0.051  0.191  0.221  0.014  0.069  0.058  0.255  0.899
   0.67260     -2.009702  0.012  0.020  0.035  0.198  0.264  0.010  0.042  0.052  0.270  0.901
   0.70996     -1.989382  0.011  0.017  0.027  0.196  0.298  0.009  0.024  0.048  0.277  0.905
   0.74733     -1.970512  0.010  0.016  0.018  0.191  0.324  0.008  0.014  0.046  0.281  0.909
   0.78470     -1.954237  0.010  0.016  0.014  0.183  0.344  0.008  0.008  0.043  0.283  0.912
   0.82206     -1.941091  0.011  0.016  0.012  0.177  0.360  0.008  0.005  0.040  0.286  0.914
   0.85943     -1.931349  0.011  0.017  0.010  0.170  0.371  0.008  0.003  0.036  0.290  0.916
   0.89679     -1.925242  0.010  0.019  0.008  0.165  0.376  0.010  0.002  0.031  0.297  0.918
   0.93416     -1.923170  0.008  0.019  0.006  0.162  0.376  0.011  0.001  0.024  0.309  0.918
   0.97153     -1.925828  0.009  0.021  0.005  0.162  0.367  0.014  0.000  0.016  0.324  0.919
   1.00889     -1.934428  0.009  0.024  0.005  0.164  0.347  0.019  0.000  0.009  0.344  0.920
   1.04626     -1.950684  0.007  0.028  0.004  0.171  0.313  0.026  0.001  0.004  0.365  0.917
   1.08363     -1.976328  0.007  0.033  0.003  0.177  0.266  0.037  0.004  0.006  0.385  0.916
   1.12099     -2.012069  0.007  0.038  0.002  0.182  0.215  0.048  0.007  0.015  0.398  0.913
   1.15836     -2.056760  0.007  0.045  0.003  0.180  0.167  0.059  0.013  0.031  0.403  0.910
   1.19573     -2.107615  0.008  0.052  0.005  0.171  0.130  0.072  0.018  0.049  0.405  0.910
   1.23309     -2.161180  0.009  0.060  0.005  0.153  0.102  0.083  0.023  0.066  0.406  0.909
   1.27046     -2.214012  0.011  0.068  0.008  0.131  0.083  0.096  0.027  0.082  0.407  0.910
   1.30783     -2.263055  0.012  0.076  0.011  0.103  0.069  0.108  0.031  0.095  0.409  0.913
   1.34519     -2.305763  0.012  0.083  0.015  0.073  0.059  0.120  0.033  0.107  0.413  0.916
   1.38256     -2.339896  0.012  0.088  0.016  0.047  0.053  0.130  0.036  0.117  0.422  0.921
   1.41993     -2.362843  0.011  0.091  0.010  0.027  0.050  0.138  0.037  0.126  0.434  0.924
   1.45729     -2.371170  0.011  0.092  0.003  0.019  0.050  0.142  0.038  0.129  0.442  0.925
   1.45729     -2.371170  0.011  0.092  0.003  0.019  0.050  0.142  0.038  0.129  0.442  0.925
   1.49469     -2.352324  0.010  0.080  0.067  0.022  0.056  0.126  0.031  0.111  0.416  0.919
   1.53208     -2.316244  0.006  0.070  0.105  0.026  0.075  0.112  0.025  0.090  0.404  0.915
   1.56948     -2.280882  0.006  0.061  0.102  0.033  0.102  0.103  0.020  0.076  0.414  0.918
   1.60688     -2.251277  0.007  0.055  0.087  0.035  0.133  0.097  0.016  0.065  0.428  0.922
   1.64427     -2.227870  0.007  0.050  0.068  0.035  0.163  0.090  0.013  0.056  0.441  0.927
   1.68167     -2.209465  0.008  0.044  0.053  0.035  0.190  0.085  0.011  0.050  0.453  0.930
   1.71906     -2.194445  0.009  0.039  0.041  0.033  0.213  0.080  0.010  0.045  0.461  0.932
   1.75646     -2.181274  0.011  0.034  0.032  0.032  0.233  0.074  0.009  0.042  0.467  0.934
   1.79386     -2.168619  0.011  0.028  0.027  0.030  0.249  0.070  0.009  0.039  0.472  0.937
   1.83125     -2.155445  0.010  0.024  0.025  0.028  0.262  0.065  0.009  0.038  0.475  0.938
   1.86865     -2.141026  0.010  0.021  0.025  0.026  0.271  0.062  0.010  0.038  0.476  0.939
   1.90604     -2.125018  0.011  0.018  0.026  0.023  0.276  0.058  0.012  0.041  0.474  0.940
   1.94344     -2.107486  0.010  0.017  0.030  0.021  0.277  0.055  0.015  0.045  0.470  0.940
   1.98084     -2.088902  0.011  0.015  0.036  0.019  0.274  0.053  0.020  0.051  0.461  0.941
   2.01823     -2.070096  0.011  0.013  0.044  0.018  0.268  0.050  0.026  0.062  0.449  0.942
   2.05563     -2.052225  0.013  0.010  0.054  0.019  0.259  0.047  0.033  0.076  0.432  0.941
   2.09302     -2.036828  0.014  0.005  0.067  0.021  0.245  0.043  0.041  0.095  0.408  0.941
   2.13042     -2.025893  0.019  0.002  0.081  0.025  0.228  0.039  0.049  0.120  0.376  0.938
   2.16782     -2.021908  0.021  0.003  0.098  0.031  0.205  0.033  0.056  0.152  0.336  0.935
   2.20521     -2.027513  0.024  0.007  0.112  0.039  0.178  0.027  0.062  0.188  0.290  0.929
   2.24261     -2.044442  0.028  0.018  0.125  0.046  0.151  0.021  0.068  0.222  0.242  0.922
   2.28000     -2.072301  0.031  0.033  0.132  0.053  0.126  0.019  0.074  0.249  0.203  0.917
   2.31740     -2.108528  0.031  0.049  0.130  0.055  0.108  0.019  0.078  0.270  0.175  0.914
   2.35480     -2.149501  0.031  0.064  0.125  0.053  0.094  0.021  0.080  0.285  0.157  0.912
   2.39219     -2.191697  0.033  0.078  0.117  0.049  0.087  0.025  0.081  0.300  0.147  0.913
   2.42959     -2.232203  0.034  0.087  0.109  0.042  0.082  0.029  0.079  0.314  0.140  0.914
   2.46698     -2.268710  0.034  0.092  0.101  0.034  0.079  0.034  0.076  0.329  0.136  0.918
   2.50438     -2.299484  0.036  0.092  0.094  0.027  0.078  0.039  0.074  0.347  0.133  0.921
   2.54178     -2.323303  0.037  0.087  0.090  0.021  0.077  0.043  0.072  0.366  0.132  0.926
   2.57917     -2.339546  0.040  0.078  0.088  0.016  0.077  0.045  0.073  0.385  0.131  0.930
   2.61657     -2.348348  0.041  0.066  0.088  0.011  0.076  0.046  0.074  0.401  0.133  0.935
   2.65396     -2.350626  0.043  0.055  0.088  0.008  0.075  0.045  0.076  0.414  0.136  0.939
   2.69136     -2.347950  0.043  0.044  0.090  0.006  0.074  0.044  0.078  0.422  0.141  0.942
   2.72876     -2.342135  0.044  0.035  0.091  0.003  0.075  0.044  0.081  0.426  0.148  0.946
   2.76615     -2.334961  0.044  0.028  0.091  0.002  0.075  0.043  0.083  0.428  0.154  0.949
   2.80355     -2.327929  0.044  0.024  0.092  0.002  0.075  0.042  0.083  0.429  0.159  0.951
   2.84094     -2.322151  0.044  0.021  0.093  0.002  0.076  0.041  0.085  0.429  0.164  0.952
   2.87834     -2.318391  0.044  0.019  0.093  0.000  0.076  0.041  0.085  0.429  0.166  0.953
   2.91574     -2.317090  0.044  0.019  0.093  0.000  0.076  0.041  0.085  0.429  0.167  0.953
 
# Band-Index:   14
   2.91574     -1.294527  0.004  0.003  0.012  0.006  0.319  0.082  0.200  0.048  0.301  0.976
   2.87834     -1.296775  0.004  0.003  0.012  0.006  0.318  0.082  0.200  0.048  0.302  0.976
   2.84094     -1.303469  0.004  0.004  0.012  0.006  0.316  0.082  0.200  0.047  0.304  0.975
   2.80355     -1.314464  0.005  0.005  0.010  0.006  0.315  0.082  0.198  0.046  0.307  0.974
   2.76615     -1.329519  0.005  0.007  0.010  0.006  0.312  0.080  0.198  0.044  0.313  0.974
   2.72876     -1.348298  0.005  0.009  0.008  0.006  0.308  0.080  0.195  0.042  0.318  0.972
   2.69136     -1.370383  0.005  0.011  0.008  0.007  0.304  0.079  0.191  0.040  0.325  0.970
   2.65396     -1.395279  0.006  0.014  0.007  0.009  0.300  0.077  0.186  0.038  0.333  0.969
   2.61657     -1.422437  0.006  0.019  0.007  0.009  0.295  0.076  0.181  0.036  0.340  0.967
   2.57917     -1.451250  0.007  0.023  0.005  0.009  0.290  0.074  0.173  0.035  0.348  0.966
   2.54178     -1.481088  0.007  0.029  0.005  0.011  0.285  0.073  0.165  0.033  0.353  0.961
   2.50438     -1.511271  0.008  0.035  0.005  0.012  0.280  0.071  0.156  0.034  0.358  0.959
   2.46698     -1.541074  0.008  0.042  0.004  0.013  0.275  0.069  0.147  0.035  0.361  0.955
   2.42959     -1.569702  0.008  0.051  0.006  0.016  0.268  0.067  0.135  0.038  0.361  0.952
   2.39219     -1.596215  0.011  0.063  0.006  0.020  0.260  0.064  0.123  0.044  0.356  0.948
   2.35480     -1.619471  0.012  0.076  0.009  0.024  0.252  0.060  0.108  0.056  0.345  0.940
   2.31740     -1.638071  0.016  0.088  0.015  0.030  0.241  0.055  0.092  0.075  0.325  0.935
   2.28000     -1.650459  0.019  0.104  0.025  0.036  0.226  0.047  0.071  0.104  0.293  0.926
   2.24261     -1.655432  0.024  0.118  0.041  0.045  0.209  0.037  0.049  0.145  0.247  0.916
   2.20521     -1.653135  0.031  0.125  0.062  0.050  0.192  0.025  0.029  0.196  0.194  0.906
   2.16782     -1.645738  0.038  0.126  0.083  0.054  0.178  0.015  0.015  0.248  0.141  0.899
   2.13042     -1.636414  0.045  0.121  0.105  0.052  0.167  0.006  0.013  0.292  0.097  0.897
   2.09302     -1.627519  0.049  0.111  0.119  0.050  0.159  0.002  0.023  0.322  0.064  0.897
   2.05563     -1.619772  0.050  0.098  0.127  0.048  0.152  0.002  0.040  0.342  0.042  0.900
   2.01823     -1.612769  0.051  0.086  0.130  0.048  0.147  0.004  0.059  0.353  0.026  0.902
   1.98084     -1.605834  0.049  0.072  0.131  0.047  0.145  0.008  0.080  0.357  0.017  0.906
   1.94344     -1.598625  0.047  0.059  0.130  0.050  0.145  0.012  0.097  0.357  0.013  0.911
   1.90604     -1.591277  0.043  0.049  0.127  0.054  0.148  0.017  0.113  0.355  0.011  0.914
   1.86865     -1.584430  0.039  0.038  0.121  0.058  0.154  0.020  0.126  0.350  0.011  0.920
   1.83125     -1.579131  0.033  0.031  0.118  0.064  0.164  0.023  0.137  0.342  0.012  0.923
   1.79386     -1.576710  0.028  0.024  0.113  0.070  0.178  0.025  0.144  0.332  0.013  0.928
   1.75646     -1.578542  0.024  0.018  0.108  0.075  0.197  0.026  0.149  0.319  0.014  0.931
   1.71906     -1.585804  0.020  0.013  0.100  0.079  0.220  0.025  0.151  0.306  0.016  0.933
   1.68167     -1.599150  0.017  0.010  0.094  0.083  0.248  0.024  0.151  0.291  0.018  0.934
   1.64427     -1.618291  0.014  0.008  0.083  0.083  0.283  0.022  0.148  0.274  0.023  0.936
   1.60688     -1.641665  0.013  0.005  0.070  0.081  0.319  0.020  0.144  0.257  0.027  0.937
   1.56948     -1.666308  0.013  0.002  0.055  0.077  0.357  0.017  0.140  0.241  0.035  0.939
   1.53208     -1.688223  0.015  0.001  0.042  0.072  0.390  0.016  0.134  0.227  0.043  0.941
   1.49469     -1.703375  0.018  0.000  0.031  0.068  0.412  0.015  0.131  0.216  0.050  0.942
   1.45729     -1.708783  0.019  0.000  0.027  0.066  0.421  0.015  0.130  0.213  0.052  0.943
   1.45729     -1.708783  0.019  0.000  0.027  0.066  0.421  0.015  0.130  0.213  0.052  0.943
   1.41993     -1.709514  0.019  0.000  0.027  0.066  0.419  0.015  0.130  0.215  0.052  0.941
   1.38256     -1.711587  0.018  0.001  0.027  0.067  0.417  0.015  0.130  0.217  0.049  0.941
   1.34519     -1.714636  0.018  0.002  0.027  0.069  0.410  0.016  0.130  0.222  0.046  0.941
   1.30783     -1.718045  0.018  0.004  0.027  0.072  0.399  0.016  0.132  0.229  0.040  0.939
   1.27046     -1.720950  0.018  0.007  0.028  0.076  0.385  0.018  0.133  0.239  0.033  0.937
   1.23309     -1.722228  0.017  0.011  0.028  0.082  0.365  0.021  0.135  0.252  0.024  0.936
   1.19573     -1.720516  0.017  0.018  0.028  0.090  0.335  0.026  0.139  0.266  0.015  0.932
   1.15836     -1.714242  0.016  0.024  0.030  0.100  0.295  0.032  0.144  0.281  0.007  0.930
   1.12099     -1.701830  0.015  0.034  0.030  0.114  0.245  0.040  0.149  0.296  0.003  0.926
   1.08363     -1.682337  0.014  0.042  0.032  0.130  0.189  0.049  0.156  0.304  0.007  0.923
   1.04626     -1.656360  0.013  0.052  0.034  0.143  0.137  0.058  0.161  0.304  0.018  0.921
   1.00889     -1.626199  0.012  0.059  0.036  0.154  0.096  0.065  0.167  0.300  0.030  0.919
   0.97153     -1.595015  0.011  0.068  0.036  0.161  0.069  0.070  0.173  0.293  0.040  0.919
   0.93416     -1.565703  0.008  0.074  0.038  0.161  0.051  0.073  0.180  0.287  0.046  0.919
   0.89679     -1.540348  0.007  0.081  0.041  0.157  0.041  0.074  0.188  0.282  0.048  0.921
   0.85943     -1.520259  0.007  0.088  0.045  0.150  0.036  0.074  0.196  0.281  0.045  0.920
   0.82206     -1.506045  0.008  0.094  0.047  0.141  0.033  0.072  0.204  0.282  0.040  0.921
   0.78470     -1.497828  0.008  0.100  0.050  0.129  0.033  0.069  0.212  0.285  0.034  0.923
   0.74733     -1.495384  0.008  0.106  0.054  0.119  0.035  0.065  0.218  0.291  0.028  0.922
   0.70996     -1.498278  0.009  0.112  0.056  0.106  0.038  0.060  0.223  0.297  0.022  0.923
   0.67260     -1.505996  0.009  0.114  0.058  0.095  0.043  0.054  0.227  0.306  0.018  0.923
   0.63523     -1.518004  0.010  0.118  0.060  0.086  0.048  0.047  0.229  0.314  0.015  0.923
   0.59786     -1.533821  0.011  0.120  0.061  0.075  0.053  0.040  0.230  0.322  0.014  0.924
   0.56050     -1.552963  0.011  0.120  0.061  0.067  0.059  0.033  0.230  0.330  0.014  0.925
   0.52313     -1.574969  0.013  0.117  0.060  0.062  0.065  0.027  0.232  0.337  0.015  0.927
   0.48576     -1.599268  0.013  0.113  0.058  0.057  0.070  0.020  0.236  0.344  0.017  0.928
   0.44840     -1.625069  0.015  0.106  0.054  0.054  0.074  0.015  0.245  0.349  0.018  0.931
   0.41103     -1.651199  0.015  0.095  0.047  0.052  0.080  0.010  0.262  0.353  0.018  0.935
   0.37366     -1.675866  0.016  0.083  0.038  0.051  0.084  0.006  0.291  0.352  0.016  0.938
   0.33630     -1.696482  0.016  0.066  0.028  0.051  0.090  0.005  0.333  0.343  0.011  0.942
   0.29893     -1.710134  0.015  0.048  0.020  0.048  0.093  0.011  0.386  0.322  0.005  0.948
   0.26157     -1.715367  0.014  0.031  0.017  0.043  0.096  0.025  0.431  0.292  0.004  0.954
   0.22420     -1.713723  0.012  0.021  0.019  0.038  0.098  0.041  0.459  0.262  0.008  0.957
   0.18683     -1.708359  0.012  0.014  0.023  0.032  0.099  0.057  0.473  0.240  0.013  0.960
   0.14947     -1.701917  0.011  0.011  0.024  0.027  0.099  0.068  0.478  0.225  0.018  0.963
   0.11210     -1.695974  0.011  0.006  0.026  0.025  0.101  0.076  0.482  0.215  0.022  0.965
   0.07473     -1.691364  0.011  0.004  0.027  0.023  0.102  0.082  0.483  0.209  0.025  0.966
   0.03737     -1.688485  0.011  0.003  0.027  0.021  0.103  0.085  0.483  0.206  0.027  0.967
   0.00000     -1.687505  0.011  0.003  0.027  0.021  0.103  0.085  0.483  0.205  0.027  0.968
 
# Band-Index:   15
   0.00000     -0.128745  0.000  0.006  0.014  0.347  0.140  0.023  0.089  0.164  0.139  0.924
   0.03737     -0.130034  0.000  0.006  0.014  0.347  0.140  0.023  0.089  0.164  0.139  0.924
   0.07473     -0.133866  0.000  0.006  0.014  0.347  0.140  0.023  0.090  0.165  0.138  0.924
   0.11210     -0.140167  0.000  0.006  0.014  0.347  0.139  0.022  0.092  0.166  0.136  0.924
   0.14947     -0.148771  0.000  0.006  0.013  0.348  0.138  0.023  0.093  0.167  0.135  0.922
   0.18683     -0.159477  0.000  0.006  0.013  0.348  0.136  0.022  0.095  0.169  0.132  0.922
   0.22420     -0.172003  0.000  0.006  0.012  0.349  0.134  0.022  0.098  0.171  0.129  0.922
   0.26157     -0.186060  0.000  0.007  0.011  0.349  0.131  0.022  0.100  0.174  0.126  0.921
   0.29893     -0.201301  0.000  0.007  0.011  0.350  0.126  0.022  0.104  0.178  0.123  0.921
   0.33630     -0.217394  0.000  0.007  0.011  0.351  0.121  0.022  0.109  0.181  0.119  0.922
   0.37366     -0.234049  0.000  0.007  0.010  0.352  0.114  0.022  0.114  0.185  0.116  0.921
   0.41103     -0.251032  0.000  0.007  0.010  0.353  0.107  0.021  0.119  0.189  0.113  0.920
   0.44840     -0.268225  0.000  0.007  0.010  0.355  0.099  0.021  0.124  0.193  0.110  0.920
   0.48576     -0.285572  0.000  0.007  0.010  0.355  0.090  0.021  0.131  0.196  0.107  0.919
   0.52313     -0.303122  0.000  0.007  0.011  0.356  0.080  0.021  0.138  0.199  0.105  0.918
   0.56050     -0.320985  0.000  0.009  0.012  0.357  0.071  0.020  0.145  0.200  0.102  0.916
   0.59786     -0.339249  0.000  0.008  0.015  0.357  0.061  0.020  0.154  0.201  0.099  0.916
   0.63523     -0.357884  0.000  0.010  0.016  0.356  0.052  0.020  0.164  0.200  0.096  0.915
   0.67260     -0.376848  0.000  0.012  0.018  0.355  0.043  0.021  0.174  0.198  0.092  0.915
   0.70996     -0.395881  0.000  0.012  0.019  0.352  0.035  0.022  0.186  0.195  0.088  0.912
   0.74733     -0.414662  0.000  0.014  0.021  0.348  0.029  0.023  0.201  0.191  0.082  0.911
   0.78470     -0.432713  0.000  0.016  0.023  0.344  0.024  0.024  0.216  0.185  0.076  0.910
   0.82206     -0.449520  0.001  0.019  0.025  0.338  0.019  0.027  0.233  0.177  0.069  0.909
   0.85943     -0.464636  0.001  0.021  0.027  0.332  0.015  0.030  0.251  0.170  0.061  0.909
   0.89679     -0.477638  0.001  0.023  0.028  0.324  0.013  0.033  0.269  0.162  0.053  0.908
   0.93416     -0.488330  0.002  0.023  0.030  0.317  0.013  0.037  0.289  0.152  0.046  0.907
   0.97153     -0.496619  0.003  0.025  0.030  0.309  0.012  0.040  0.307  0.143  0.038  0.907
   1.00889     -0.502607  0.003  0.025  0.030  0.301  0.012  0.044  0.325  0.134  0.031  0.907
   1.04626     -0.506569  0.003  0.025  0.031  0.295  0.013  0.047  0.343  0.124  0.026  0.907
   1.08363     -0.508817  0.004  0.025  0.031  0.288  0.015  0.051  0.359  0.116  0.021  0.909
   1.12099     -0.509721  0.004  0.024  0.031  0.283  0.016  0.054  0.374  0.108  0.017  0.911
   1.15836     -0.509642  0.004  0.023  0.030  0.278  0.019  0.056  0.388  0.101  0.014  0.912
   1.19573     -0.508893  0.005  0.021  0.029  0.274  0.020  0.058  0.399  0.094  0.012  0.912
   1.23309     -0.507790  0.005  0.018  0.028  0.270  0.022  0.060  0.410  0.089  0.010  0.914
   1.27046     -0.506535  0.005  0.018  0.028  0.268  0.023  0.061  0.419  0.085  0.008  0.915
   1.30783     -0.505286  0.005  0.016  0.027  0.264  0.025  0.062  0.427  0.080  0.007  0.915
   1.34519     -0.504184  0.005  0.014  0.027  0.263  0.025  0.063  0.433  0.078  0.007  0.917
   1.38256     -0.503333  0.005  0.014  0.026  0.262  0.027  0.064  0.437  0.076  0.006  0.917
   1.41993     -0.502815  0.006  0.013  0.026  0.262  0.027  0.064  0.440  0.075  0.006  0.918
   1.45729     -0.502653  0.006  0.012  0.026  0.260  0.027  0.064  0.441  0.074  0.006  0.918
   1.45729     -0.502653  0.006  0.012  0.026  0.260  0.027  0.064  0.441  0.074  0.006  0.918
   1.49469     -0.504610  0.005  0.013  0.026  0.262  0.027  0.063  0.440  0.075  0.006  0.917
   1.53208     -0.510669  0.006  0.013  0.026  0.264  0.026  0.062  0.438  0.076  0.006  0.917
   1.56948     -0.521338  0.005  0.013  0.026  0.268  0.024  0.060  0.435  0.079  0.005  0.915
   1.60688     -0.537160  0.004  0.014  0.026  0.272  0.022  0.057  0.432  0.082  0.004  0.914
   1.64427     -0.558832  0.004  0.014  0.027  0.274  0.020  0.055  0.428  0.085  0.003  0.912
   1.68167     -0.586904  0.003  0.014  0.029  0.276  0.018  0.052  0.427  0.089  0.003  0.911
   1.71906     -0.621666  0.005  0.015  0.029  0.277  0.015  0.049  0.426  0.092  0.002  0.909
   1.75646     -0.663179  0.004  0.016  0.032  0.275  0.012  0.047  0.427  0.094  0.001  0.908
   1.79386     -0.711128  0.004  0.017  0.033  0.269  0.010  0.045  0.430  0.094  0.002  0.906
   1.83125     -0.764937  0.004  0.018  0.035  0.264  0.009  0.043  0.436  0.092  0.001  0.904
   1.86865     -0.823751  0.004  0.019  0.039  0.257  0.008  0.043  0.445  0.088  0.002  0.904
   1.90604     -0.886449  0.004  0.021  0.041  0.246  0.009  0.042  0.455  0.083  0.003  0.905
   1.94344     -0.951608  0.004  0.021  0.043  0.234  0.011  0.042  0.469  0.076  0.006  0.906
   1.98084     -1.017519  0.002  0.023  0.045  0.220  0.013  0.043  0.485  0.067  0.008  0.907
   2.01823     -1.082065  0.002  0.023  0.048  0.204  0.018  0.044  0.503  0.057  0.011  0.910
   2.05563     -1.142725  0.003  0.024  0.051  0.184  0.025  0.044  0.521  0.050  0.013  0.916
   2.09302     -1.196630  0.004  0.023  0.054  0.163  0.036  0.043  0.537  0.045  0.015  0.920
   2.13042     -1.240852  0.006  0.023  0.060  0.140  0.050  0.042  0.545  0.045  0.015  0.926
   2.16782     -1.273169  0.008  0.022  0.067  0.117  0.068  0.038  0.543  0.053  0.014  0.932
   2.20521     -1.292932  0.012  0.024  0.075  0.097  0.089  0.033  0.527  0.066  0.012  0.935
   2.24261     -1.301283  0.017  0.023  0.083  0.081  0.111  0.028  0.504  0.082  0.010  0.939
   2.28000     -1.300436  0.019  0.025  0.091  0.069  0.130  0.023  0.478  0.097  0.008  0.940
   2.31740     -1.292793  0.022  0.025  0.097  0.060  0.149  0.020  0.453  0.110  0.007  0.942
   2.35480     -1.280406  0.023  0.024  0.100  0.054  0.165  0.017  0.431  0.119  0.007  0.942
   2.39219     -1.264920  0.025  0.024  0.103  0.049  0.180  0.015  0.414  0.126  0.006  0.944
   2.42959     -1.247571  0.025  0.021  0.105  0.046  0.194  0.015  0.399  0.132  0.006  0.945
   2.46698     -1.229336  0.025  0.019  0.107  0.044  0.206  0.015  0.387  0.136  0.006  0.947
   2.50438     -1.210946  0.025  0.018  0.107  0.043  0.216  0.014  0.378  0.139  0.006  0.948
   2.54178     -1.192988  0.025  0.016  0.108  0.041  0.227  0.015  0.371  0.140  0.006  0.949
   2.57917     -1.175900  0.026  0.013  0.108  0.041  0.234  0.016  0.365  0.142  0.006  0.950
   2.61657     -1.160031  0.025  0.011  0.108  0.039  0.241  0.016  0.361  0.143  0.006  0.951
   2.65396     -1.145645  0.024  0.010  0.108  0.039  0.246  0.017  0.359  0.143  0.006  0.952
   2.69136     -1.132941  0.023  0.008  0.107  0.039  0.250  0.018  0.358  0.144  0.006  0.953
   2.72876     -1.122034  0.023  0.007  0.106  0.038  0.253  0.019  0.358  0.143  0.007  0.954
   2.76615     -1.113033  0.022  0.004  0.106  0.038  0.255  0.019  0.359  0.144  0.007  0.954
   2.80355     -1.105990  0.022  0.004  0.105  0.038  0.256  0.019  0.360  0.144  0.008  0.955
   2.84094     -1.100934  0.022  0.004  0.104  0.038  0.257  0.020  0.360  0.143  0.008  0.955
   2.87834     -1.097898  0.022  0.004  0.104  0.038  0.257  0.020  0.361  0.143  0.008  0.956
   2.91574     -1.096879  0.022  0.004  0.104  0.038  0.256  0.020  0.361  0.143  0.008  0.956
 
# Band-Index:   16
   2.91574      1.068061  0.044  0.000  0.045  0.010  0.030  0.001  0.128  0.552  0.115  0.929
   2.87834      1.067742  0.044  0.000  0.045  0.010  0.030  0.001  0.128  0.551  0.115  0.929
   2.84094      1.066799  0.046  0.000  0.044  0.010  0.031  0.001  0.129  0.548  0.117  0.928
   2.80355      1.065260  0.046  0.000  0.044  0.010  0.034  0.001  0.129  0.542  0.119  0.926
   2.76615      1.063173  0.047  0.000  0.043  0.011  0.037  0.001  0.129  0.534  0.122  0.925
   2.72876      1.060614  0.047  0.000  0.042  0.011  0.041  0.001  0.130  0.523  0.127  0.923
   2.69136      1.057661  0.048  0.000  0.041  0.009  0.047  0.001  0.130  0.509  0.132  0.922
   2.65396      1.054443  0.050  0.000  0.040  0.010  0.054  0.001  0.130  0.494  0.138  0.920
   2.61657      1.051091  0.053  0.001  0.038  0.010  0.062  0.002  0.129  0.477  0.145  0.917
   2.57917      1.047789  0.055  0.002  0.036  0.011  0.072  0.002  0.128  0.457  0.152  0.915
   2.54178      1.044740  0.057  0.002  0.034  0.011  0.084  0.003  0.127  0.435  0.159  0.912
   2.50438      1.042186  0.059  0.002  0.032  0.011  0.097  0.004  0.125  0.412  0.168  0.911
   2.46698      1.040382  0.060  0.002  0.029  0.012  0.112  0.005  0.123  0.387  0.177  0.908
   2.42959      1.039617  0.063  0.002  0.026  0.013  0.128  0.007  0.119  0.362  0.186  0.907
   2.39219      1.040168  0.064  0.004  0.025  0.013  0.146  0.009  0.115  0.335  0.195  0.904
   2.35480      1.042313  0.065  0.004  0.022  0.013  0.166  0.011  0.111  0.308  0.204  0.904
   2.31740      1.046293  0.066  0.005  0.020  0.014  0.185  0.013  0.106  0.281  0.213  0.902
   2.28000      1.052306  0.067  0.005  0.017  0.015  0.206  0.015  0.100  0.252  0.221  0.902
   2.24261      1.060467  0.069  0.007  0.015  0.017  0.228  0.017  0.094  0.225  0.229  0.900
   2.20521      1.070806  0.070  0.007  0.013  0.018  0.250  0.020  0.088  0.197  0.237  0.899
   2.16782      1.083240  0.070  0.007  0.012  0.020  0.272  0.023  0.080  0.170  0.243  0.898
   2.13042      1.097534  0.070  0.007  0.011  0.023  0.295  0.026  0.074  0.142  0.249  0.898
   2.09302      1.113245  0.072  0.009  0.010  0.027  0.318  0.030  0.065  0.114  0.254  0.897
   2.05563      1.129589  0.072  0.009  0.011  0.030  0.341  0.033  0.056  0.085  0.258  0.893
   2.01823      1.145323  0.073  0.009  0.010  0.035  0.364  0.036  0.047  0.056  0.259  0.892
   1.98084      1.158475  0.075  0.010  0.011  0.041  0.386  0.041  0.036  0.029  0.256  0.887
   1.94344      1.166014  0.079  0.011  0.013  0.048  0.405  0.044  0.025  0.010  0.248  0.881
   1.90604      1.163821  0.083  0.011  0.016  0.055  0.411  0.047  0.015  0.007  0.229  0.873
   1.86865      1.147636  0.090  0.011  0.018  0.062  0.399  0.048  0.008  0.027  0.199  0.863
   1.83125      1.115045  0.101  0.011  0.022  0.067  0.369  0.047  0.006  0.067  0.164  0.853
   1.79386      1.066888  0.117  0.009  0.023  0.067  0.330  0.045  0.008  0.113  0.132  0.844
   1.75646      1.006605  0.135  0.008  0.023  0.065  0.289  0.044  0.009  0.153  0.107  0.833
   1.71906      0.938952  0.158  0.006  0.022  0.061  0.252  0.043  0.010  0.185  0.088  0.825
   1.68167      0.869055  0.180  0.006  0.019  0.054  0.219  0.041  0.011  0.209  0.076  0.815
   1.64427      0.801975  0.201  0.004  0.016  0.045  0.192  0.040  0.012  0.228  0.069  0.808
   1.60688      0.742046  0.220  0.004  0.012  0.038  0.169  0.039  0.012  0.243  0.065  0.801
   1.56948      0.692658  0.235  0.004  0.009  0.031  0.151  0.037  0.013  0.254  0.064  0.796
   1.53208      0.656115  0.246  0.003  0.007  0.026  0.138  0.037  0.012  0.262  0.064  0.795
   1.49469      0.633756  0.252  0.002  0.004  0.023  0.130  0.036  0.013  0.268  0.063  0.793
   1.45729      0.626250  0.255  0.002  0.004  0.021  0.128  0.036  0.013  0.270  0.064  0.793
   1.45729      0.626250  0.255  0.002  0.004  0.021  0.128  0.036  0.013  0.270  0.064  0.793
   1.41993      0.630611  0.251  0.003  0.004  0.021  0.129  0.036  0.013  0.271  0.063  0.793
   1.38256      0.643406  0.245  0.004  0.007  0.021  0.132  0.036  0.013  0.274  0.062  0.796
   1.34519      0.663731  0.234  0.007  0.010  0.023  0.137  0.035  0.014  0.279  0.060  0.799
   1.30783      0.690258  0.219  0.012  0.013  0.023  0.144  0.033  0.016  0.285  0.058  0.804
   1.27046      0.721354  0.204  0.014  0.016  0.023  0.153  0.032  0.018  0.292  0.057  0.810
   1.23309      0.755299  0.185  0.019  0.018  0.023  0.163  0.030  0.020  0.300  0.056  0.816
   1.19573      0.790492  0.168  0.021  0.021  0.026  0.174  0.028  0.022  0.307  0.057  0.823
   1.15836      0.825584  0.150  0.021  0.022  0.026  0.187  0.027  0.024  0.312  0.059  0.830
   1.12099      0.859606  0.133  0.024  0.024  0.026  0.200  0.025  0.025  0.316  0.063  0.838
   1.08363      0.891955  0.118  0.024  0.025  0.028  0.215  0.024  0.027  0.316  0.068  0.844
   1.04626      0.922352  0.105  0.024  0.025  0.029  0.230  0.023  0.027  0.314  0.075  0.850
   1.00889      0.950800  0.093  0.024  0.025  0.029  0.245  0.023  0.027  0.308  0.085  0.857
   0.97153      0.977473  0.082  0.021  0.023  0.029  0.261  0.023  0.027  0.299  0.095  0.863
   0.93416      1.002671  0.075  0.021  0.023  0.031  0.277  0.024  0.025  0.287  0.106  0.867
   0.89679      1.026763  0.066  0.020  0.022  0.030  0.293  0.026  0.024  0.273  0.118  0.872
   0.85943      1.050101  0.061  0.018  0.020  0.030  0.308  0.029  0.021  0.256  0.131  0.875
   0.82206      1.073042  0.057  0.018  0.019  0.030  0.322  0.032  0.019  0.238  0.145  0.879
   0.78470      1.095890  0.053  0.016  0.018  0.029  0.334  0.037  0.017  0.221  0.159  0.884
   0.74733      1.118892  0.050  0.015  0.018  0.027  0.346  0.043  0.014  0.203  0.172  0.887
   0.70996      1.142239  0.048  0.015  0.015  0.025  0.355  0.051  0.011  0.185  0.184  0.891
   0.67260      1.166050  0.047  0.013  0.015  0.023  0.362  0.059  0.009  0.168  0.196  0.894
   0.63523      1.190416  0.047  0.013  0.014  0.020  0.368  0.069  0.008  0.153  0.206  0.896
   0.59786      1.215375  0.047  0.011  0.013  0.018  0.371  0.078  0.006  0.139  0.215  0.899
   0.56050      1.240970  0.046  0.011  0.013  0.016  0.373  0.089  0.005  0.126  0.224  0.903
   0.52313      1.267230  0.047  0.011  0.010  0.014  0.374  0.099  0.004  0.115  0.231  0.905
   0.48576      1.294137  0.048  0.009  0.009  0.012  0.375  0.108  0.004  0.106  0.238  0.909
   0.44840      1.321598  0.048  0.009  0.008  0.010  0.377  0.115  0.003  0.097  0.245  0.912
   0.41103      1.349385  0.047  0.009  0.007  0.010  0.381  0.118  0.003  0.089  0.253  0.917
   0.37366      1.377094  0.045  0.009  0.006  0.008  0.388  0.119  0.004  0.079  0.263  0.921
   0.33630      1.404184  0.042  0.009  0.005  0.007  0.396  0.119  0.003  0.070  0.273  0.925
   0.29893      1.429975  0.040  0.009  0.004  0.007  0.407  0.115  0.004  0.060  0.285  0.931
   0.26157      1.453787  0.036  0.008  0.003  0.005  0.418  0.111  0.006  0.049  0.297  0.936
   0.22420      1.475011  0.034  0.008  0.002  0.005  0.430  0.105  0.009  0.039  0.308  0.940
   0.18683      1.493202  0.029  0.008  0.001  0.005  0.440  0.100  0.011  0.031  0.318  0.944
   0.14947      1.508106  0.028  0.008  0.001  0.002  0.448  0.095  0.015  0.024  0.326  0.949
   0.11210      1.519617  0.026  0.008  0.000  0.002  0.455  0.091  0.018  0.018  0.332  0.951
   0.07473      1.527766  0.025  0.008  0.000  0.002  0.459  0.088  0.020  0.015  0.336  0.954
   0.03737      1.532613  0.023  0.008  0.000  0.002  0.462  0.086  0.022  0.013  0.338  0.954
   0.00000      1.534222  0.022  0.008  0.000  0.002  0.463  0.085  0.022  0.012  0.339  0.954
 
# Band-Index:   17
   0.00000      1.808387  0.038  0.002  0.004  0.051  0.015  0.057  0.268  0.519  0.008  0.960
   0.03737      1.807095  0.038  0.002  0.004  0.051  0.016  0.057  0.268  0.517  0.009  0.961
   0.07473      1.803345  0.038  0.002  0.004  0.050  0.018  0.057  0.268  0.513  0.010  0.961
   0.11210      1.797485  0.036  0.002  0.004  0.048  0.023  0.058  0.270  0.503  0.013  0.959
   0.14947      1.790068  0.035  0.003  0.005  0.046  0.029  0.059  0.271  0.491  0.018  0.960
   0.18683      1.781788  0.034  0.005  0.007  0.044  0.038  0.060  0.272  0.475  0.025  0.959
   0.22420      1.773414  0.032  0.006  0.007  0.041  0.049  0.062  0.271  0.455  0.033  0.959
   0.26157      1.765732  0.031  0.007  0.010  0.039  0.062  0.063  0.270  0.435  0.042  0.958
   0.29893      1.759443  0.029  0.009  0.010  0.037  0.074  0.065  0.267  0.413  0.052  0.958
   0.33630      1.755185  0.028  0.011  0.012  0.036  0.086  0.067  0.263  0.394  0.061  0.957
   0.37366      1.753437  0.027  0.013  0.012  0.036  0.096  0.068  0.259  0.379  0.069  0.958
   0.41103      1.754479  0.023  0.015  0.014  0.037  0.102  0.065  0.255  0.371  0.075  0.958
   0.44840      1.758169  0.020  0.018  0.015  0.039  0.104  0.056  0.252  0.376  0.079  0.960
   0.48576      1.763522  0.016  0.019  0.016  0.043  0.103  0.038  0.249  0.399  0.080  0.962
   0.52313      1.767867  0.008  0.020  0.016  0.049  0.094  0.013  0.242  0.444  0.078  0.964
   0.56050      1.766583  0.003  0.018  0.014  0.057  0.077  0.000  0.225  0.497  0.072  0.966
   0.59786      1.756508  0.003  0.014  0.011  0.064  0.062  0.020  0.197  0.526  0.066  0.965
   0.63523      1.739771  0.008  0.012  0.009  0.066  0.054  0.052  0.172  0.526  0.063  0.962
   0.67260      1.720451  0.012  0.012  0.008  0.066  0.053  0.077  0.154  0.514  0.064  0.959
   0.70996      1.701243  0.015  0.011  0.006  0.065  0.056  0.092  0.143  0.501  0.068  0.957
   0.74733      1.683405  0.016  0.010  0.007  0.065  0.062  0.097  0.135  0.488  0.074  0.956
   0.78470      1.667506  0.017  0.011  0.006  0.066  0.069  0.098  0.130  0.475  0.081  0.956
   0.82206      1.653762  0.018  0.011  0.005  0.067  0.077  0.097  0.125  0.465  0.089  0.953
   0.85943      1.642202  0.017  0.011  0.005  0.069  0.085  0.093  0.121  0.455  0.095  0.952
   0.89679      1.632794  0.017  0.012  0.005  0.072  0.093  0.087  0.118  0.446  0.102  0.953
   0.93416      1.625372  0.016  0.013  0.005  0.075  0.099  0.081  0.115  0.440  0.107  0.952
   0.97153      1.619751  0.016  0.013  0.005  0.079  0.104  0.075  0.112  0.436  0.110  0.951
   1.00889      1.615653  0.016  0.013  0.005  0.083  0.107  0.069  0.110  0.434  0.112  0.951
   1.04626      1.612754  0.015  0.014  0.005  0.086  0.108  0.063  0.109  0.435  0.113  0.951
   1.08363      1.610699  0.015  0.015  0.006  0.089  0.107  0.057  0.108  0.439  0.112  0.950
   1.12099      1.609124  0.015  0.013  0.006  0.093  0.104  0.052  0.108  0.446  0.110  0.950
   1.15836      1.607725  0.016  0.013  0.006  0.095  0.100  0.046  0.108  0.455  0.107  0.950
   1.19573      1.606278  0.019  0.013  0.006  0.097  0.094  0.042  0.109  0.467  0.103  0.949
   1.23309      1.604641  0.021  0.012  0.006  0.098  0.087  0.038  0.110  0.478  0.098  0.949
   1.27046      1.602830  0.022  0.011  0.006  0.098  0.081  0.035  0.110  0.491  0.093  0.948
   1.30783      1.600962  0.024  0.009  0.007  0.098  0.075  0.032  0.111  0.503  0.089  0.948
   1.34519      1.599210  0.025  0.008  0.007  0.098  0.069  0.029  0.112  0.514  0.086  0.948
   1.38256      1.597777  0.026  0.008  0.007  0.098  0.066  0.027  0.113  0.521  0.083  0.949
   1.41993      1.596842  0.026  0.007  0.007  0.098  0.063  0.027  0.113  0.526  0.081  0.949
   1.45729      1.596514  0.026  0.007  0.007  0.098  0.062  0.026  0.113  0.528  0.081  0.950
   1.45729      1.596514  0.026  0.007  0.007  0.098  0.062  0.026  0.113  0.528  0.081  0.950
   1.49469      1.595101  0.026  0.007  0.007  0.098  0.063  0.026  0.113  0.528  0.080  0.949
   1.53208      1.590840  0.026  0.007  0.007  0.096  0.064  0.026  0.113  0.527  0.082  0.949
   1.56948      1.583717  0.025  0.007  0.007  0.096  0.065  0.025  0.113  0.528  0.083  0.949
   1.60688      1.573776  0.024  0.007  0.007  0.094  0.066  0.024  0.114  0.529  0.085  0.949
   1.64427      1.561165  0.021  0.006  0.007  0.091  0.066  0.023  0.115  0.533  0.086  0.950
   1.68167      1.546291  0.020  0.006  0.007  0.088  0.063  0.021  0.117  0.543  0.085  0.951
   1.71906      1.529965  0.017  0.006  0.007  0.085  0.058  0.019  0.119  0.558  0.082  0.951
   1.75646      1.513553  0.015  0.005  0.008  0.080  0.047  0.015  0.123  0.584  0.075  0.953
   1.79386      1.499154  0.013  0.004  0.009  0.077  0.031  0.012  0.126  0.620  0.062  0.953
   1.83125      1.489477  0.009  0.004  0.009  0.074  0.014  0.008  0.129  0.663  0.043  0.953
   1.86865      1.487220  0.007  0.004  0.011  0.073  0.002  0.005  0.129  0.701  0.022  0.953
   1.90604      1.493676  0.004  0.004  0.012  0.074  0.003  0.003  0.124  0.719  0.007  0.950
   1.94344      1.507752  0.003  0.004  0.012  0.075  0.017  0.003  0.116  0.715  0.001  0.948
   1.98084      1.526916  0.003  0.004  0.012  0.077  0.040  0.005  0.107  0.694  0.003  0.946
   2.01823      1.548895  0.005  0.004  0.010  0.077  0.063  0.007  0.098  0.666  0.010  0.943
   2.05563      1.572349  0.006  0.006  0.008  0.079  0.086  0.008  0.089  0.636  0.021  0.941
   2.09302      1.596782  0.009  0.006  0.008  0.080  0.107  0.011  0.082  0.606  0.031  0.940
   2.13042      1.622183  0.011  0.006  0.006  0.081  0.126  0.013  0.074  0.576  0.044  0.939
   2.16782      1.648784  0.013  0.009  0.004  0.082  0.143  0.015  0.068  0.548  0.056  0.938
   2.20521      1.676899  0.015  0.009  0.004  0.083  0.159  0.017  0.062  0.520  0.068  0.937
   2.24261      1.706884  0.018  0.011  0.002  0.083  0.174  0.018  0.055  0.492  0.082  0.938
   2.28000      1.739025  0.021  0.011  0.002  0.084  0.188  0.021  0.049  0.465  0.096  0.936
   2.31740      1.773583  0.022  0.012  0.002  0.083  0.201  0.023  0.043  0.437  0.110  0.935
   2.35480      1.810756  0.024  0.013  0.002  0.084  0.214  0.024  0.038  0.410  0.125  0.935
   2.39219      1.850571  0.026  0.013  0.002  0.082  0.225  0.025  0.033  0.383  0.142  0.934
   2.42959      1.892941  0.027  0.015  0.004  0.082  0.235  0.026  0.028  0.358  0.157  0.935
   2.46698      1.937590  0.029  0.015  0.008  0.080  0.245  0.027  0.024  0.333  0.175  0.936
   2.50438      1.984031  0.031  0.015  0.011  0.077  0.253  0.027  0.020  0.310  0.191  0.937
   2.54178      2.031577  0.033  0.017  0.016  0.073  0.261  0.027  0.017  0.289  0.209  0.939
   2.57917      2.079361  0.031  0.017  0.020  0.067  0.268  0.026  0.014  0.269  0.226  0.941
   2.61657      2.126330  0.032  0.017  0.026  0.063  0.274  0.025  0.013  0.252  0.241  0.943
   2.65396      2.171328  0.033  0.018  0.032  0.056  0.278  0.024  0.011  0.237  0.256  0.946
   2.69136      2.213154  0.032  0.018  0.038  0.050  0.283  0.022  0.010  0.224  0.270  0.949
   2.72876      2.250658  0.032  0.018  0.044  0.043  0.287  0.020  0.010  0.213  0.283  0.953
   2.76615      2.282797  0.032  0.020  0.049  0.038  0.291  0.018  0.010  0.205  0.293  0.956
   2.80355      2.308683  0.030  0.020  0.054  0.034  0.292  0.017  0.010  0.199  0.301  0.958
   2.84094      2.327642  0.031  0.020  0.056  0.029  0.295  0.015  0.010  0.194  0.307  0.960
   2.87834      2.339194  0.031  0.021  0.058  0.027  0.296  0.015  0.010  0.191  0.310  0.961
   2.91574      2.343082  0.031  0.022  0.059  0.027  0.296  0.015  0.010  0.190  0.311  0.961
 
# Band-Index:   18
   2.91574      2.913735  0.009  0.212  0.006  0.012  0.018  0.650  0.030  0.010  0.008  0.955
   2.87834      2.912864  0.009  0.212  0.006  0.012  0.019  0.650  0.030  0.010  0.008  0.955
   2.84094      2.910315  0.009  0.212  0.006  0.012  0.020  0.648  0.030  0.011  0.008  0.954
   2.80355      2.906204  0.008  0.214  0.004  0.011  0.021  0.647  0.031  0.011  0.007  0.955
   2.76615      2.900740  0.008  0.214  0.004  0.011  0.022  0.646  0.031  0.011  0.007  0.954
   2.72876      2.894160  0.008  0.214  0.004  0.010  0.024  0.643  0.031  0.011  0.006  0.954
   2.69136      2.886702  0.007  0.216  0.002  0.010  0.026  0.642  0.031  0.011  0.005  0.953
   2.65396      2.878642  0.006  0.216  0.002  0.010  0.028  0.639  0.031  0.011  0.005  0.951
   2.61657      2.870187  0.006  0.217  0.002  0.011  0.030  0.638  0.032  0.012  0.005  0.951
   2.57917      2.861557  0.006  0.217  0.002  0.011  0.032  0.635  0.032  0.011  0.004  0.951
   2.54178      2.852933  0.005  0.217  0.002  0.011  0.034  0.634  0.032  0.012  0.004  0.951
   2.50438      2.844472  0.005  0.217  0.000  0.011  0.036  0.633  0.033  0.012  0.003  0.950
   2.46698      2.836378  0.005  0.217  0.000  0.011  0.037  0.632  0.033  0.011  0.003  0.950
   2.42959      2.828756  0.005  0.217  0.000  0.011  0.038  0.631  0.034  0.011  0.003  0.947
   2.39219      2.821755  0.005  0.215  0.000  0.011  0.039  0.630  0.034  0.011  0.002  0.948
   2.35480      2.815510  0.005  0.215  0.000  0.011  0.040  0.630  0.035  0.011  0.002  0.948
   2.31740      2.810108  0.004  0.215  0.000  0.011  0.041  0.629  0.036  0.010  0.001  0.948
   2.28000      2.805647  0.004  0.215  0.000  0.011  0.042  0.627  0.036  0.010  0.001  0.948
   2.24261      2.802131  0.004  0.213  0.000  0.011  0.042  0.626  0.037  0.009  0.002  0.947
   2.20521      2.799583  0.004  0.213  0.000  0.011  0.044  0.624  0.037  0.009  0.002  0.947
   2.16782      2.797959  0.004  0.213  0.000  0.011  0.044  0.621  0.038  0.010  0.002  0.945
   2.13042      2.797170  0.005  0.213  0.000  0.013  0.046  0.618  0.038  0.009  0.004  0.944
   2.09302      2.797051  0.005  0.213  0.000  0.013  0.047  0.612  0.038  0.009  0.004  0.945
   2.05563      2.797359  0.007  0.213  0.000  0.015  0.050  0.606  0.038  0.010  0.006  0.944
   2.01823      2.797699  0.008  0.213  0.002  0.015  0.052  0.598  0.038  0.010  0.008  0.941
   1.98084      2.797598  0.009  0.212  0.002  0.016  0.057  0.585  0.038  0.011  0.011  0.940
   1.94344      2.796367  0.015  0.210  0.002  0.017  0.061  0.567  0.037  0.012  0.016  0.937
   1.90604      2.792922  0.022  0.206  0.004  0.019  0.069  0.540  0.035  0.013  0.023  0.933
   1.86865      2.786174  0.035  0.198  0.005  0.022  0.081  0.501  0.032  0.017  0.034  0.924
   1.83125      2.774975  0.053  0.186  0.007  0.024  0.096  0.444  0.029  0.021  0.051  0.913
   1.79386      2.759208  0.079  0.166  0.010  0.027  0.115  0.374  0.024  0.027  0.074  0.896
   1.75646      2.740866  0.108  0.145  0.011  0.029  0.137  0.301  0.020  0.035  0.099  0.883
   1.71906      2.723720  0.128  0.124  0.011  0.029  0.158  0.239  0.017  0.043  0.124  0.874
   1.68167      2.711150  0.137  0.109  0.009  0.030  0.179  0.196  0.015  0.052  0.143  0.870
   1.64427      2.704672  0.139  0.099  0.007  0.032  0.197  0.168  0.015  0.058  0.158  0.873
   1.60688      2.703603  0.137  0.093  0.007  0.033  0.212  0.152  0.014  0.063  0.168  0.878
   1.56948      2.706083  0.131  0.090  0.004  0.035  0.224  0.144  0.015  0.067  0.175  0.884
   1.53208      2.709870  0.125  0.089  0.001  0.039  0.232  0.141  0.015  0.069  0.178  0.889
   1.49469      2.712988  0.120  0.089  0.000  0.039  0.235  0.141  0.015  0.071  0.179  0.892
   1.45729      2.714180  0.120  0.089  0.000  0.041  0.237  0.141  0.015  0.071  0.180  0.893
   1.45729      2.714180  0.120  0.089  0.000  0.041  0.237  0.141  0.015  0.071  0.180  0.893
   1.41993      2.718657  0.118  0.091  0.000  0.041  0.234  0.147  0.015  0.071  0.177  0.894
   1.38256      2.731783  0.111  0.099  0.002  0.039  0.227  0.165  0.015  0.068  0.168  0.896
   1.34519      2.752434  0.098  0.115  0.004  0.037  0.213  0.206  0.017  0.062  0.150  0.902
   1.30783      2.776281  0.068  0.141  0.009  0.034  0.187  0.292  0.020  0.050  0.116  0.914
   1.27046      2.791073  0.023  0.176  0.011  0.029  0.136  0.439  0.029  0.031  0.061  0.935
   1.23309      2.780323  0.007  0.185  0.014  0.022  0.080  0.557  0.041  0.015  0.018  0.943
   1.19573      2.746069  0.019  0.174  0.015  0.018  0.051  0.593  0.050  0.012  0.004  0.937
   1.15836      2.699618  0.033  0.159  0.019  0.017  0.039  0.595  0.056  0.011  0.001  0.930
   1.12099      2.647327  0.045  0.146  0.021  0.016  0.035  0.590  0.060  0.012  0.000  0.923
   1.08363      2.591953  0.052  0.134  0.021  0.017  0.034  0.584  0.063  0.013  0.001  0.920
   1.04626      2.534772  0.058  0.123  0.024  0.018  0.035  0.578  0.067  0.014  0.001  0.919
   1.00889      2.476525  0.061  0.114  0.026  0.018  0.037  0.573  0.071  0.015  0.003  0.917
   0.97153      2.417667  0.065  0.105  0.026  0.019  0.041  0.568  0.074  0.016  0.004  0.917
   0.93416      2.358572  0.067  0.096  0.027  0.021  0.044  0.563  0.077  0.016  0.006  0.917
   0.89679      2.299680  0.069  0.087  0.028  0.021  0.048  0.558  0.080  0.017  0.009  0.916
   0.85943      2.241426  0.072  0.078  0.027  0.022  0.053  0.555  0.083  0.016  0.011  0.917
   0.82206      2.184423  0.072  0.071  0.028  0.022  0.058  0.552  0.085  0.016  0.014  0.918
   0.78470      2.129366  0.074  0.062  0.028  0.022  0.063  0.550  0.086  0.014  0.018  0.918
   0.74733      2.077267  0.075  0.055  0.026  0.023  0.068  0.549  0.086  0.012  0.022  0.916
   0.70996      2.029293  0.078  0.048  0.025  0.022  0.073  0.554  0.083  0.009  0.025  0.917
   0.67260      1.987019  0.081  0.042  0.024  0.023  0.075  0.564  0.077  0.006  0.026  0.917
   0.63523      1.952750  0.085  0.034  0.022  0.024  0.075  0.583  0.064  0.004  0.026  0.916
   0.59786      1.930066  0.087  0.027  0.020  0.026  0.070  0.609  0.043  0.012  0.022  0.914
   0.56050      1.923790  0.087  0.019  0.016  0.034  0.057  0.621  0.019  0.048  0.014  0.915
   0.52313      1.936501  0.082  0.015  0.015  0.043  0.043  0.600  0.005  0.109  0.007  0.919
   0.48576      1.965112  0.074  0.013  0.016  0.049  0.036  0.568  0.002  0.161  0.005  0.924
   0.44840      2.004699  0.068  0.013  0.020  0.055  0.034  0.545  0.002  0.190  0.004  0.930
   0.41103      2.051886  0.064  0.014  0.024  0.057  0.035  0.532  0.002  0.202  0.004  0.934
   0.37366      2.104569  0.061  0.016  0.030  0.056  0.036  0.529  0.002  0.203  0.005  0.938
   0.33630      2.161191  0.058  0.017  0.036  0.055  0.039  0.532  0.001  0.196  0.005  0.942
   0.29893      2.220151  0.058  0.016  0.043  0.054  0.041  0.537  0.001  0.187  0.006  0.944
   0.26157      2.279732  0.058  0.017  0.050  0.049  0.044  0.545  0.001  0.175  0.008  0.947
   0.22420      2.337965  0.056  0.018  0.058  0.047  0.046  0.554  0.002  0.165  0.008  0.952
   0.18683      2.392653  0.055  0.016  0.064  0.044  0.048  0.563  0.003  0.155  0.009  0.956
   0.14947      2.441544  0.055  0.014  0.072  0.042  0.048  0.571  0.004  0.146  0.010  0.961
   0.11210      2.482386  0.054  0.013  0.077  0.037  0.049  0.578  0.006  0.139  0.011  0.966
   0.07473      2.513207  0.053  0.011  0.082  0.037  0.049  0.583  0.007  0.134  0.011  0.969
   0.03737      2.532388  0.053  0.010  0.084  0.035  0.049  0.587  0.008  0.131  0.011  0.972
   0.00000      2.538903  0.053  0.010  0.086  0.035  0.050  0.588  0.008  0.130  0.012  0.972
 
# Band-Index:   19
   0.00000      5.520551  0.050  0.430  0.025  0.018  0.000  0.000  0.000  0.000  0.000  0.523
   0.03737      5.523673  0.051  0.428  0.027  0.018  0.000  0.001  0.001  0.000  0.000  0.525
   0.07473      5.533012  0.051  0.421  0.028  0.018  0.000  0.005  0.003  0.000  0.003  0.530
   0.11210      5.548273  0.055  0.411  0.033  0.017  0.000  0.010  0.006  0.000  0.007  0.538
   0.14947      5.569125  0.060  0.399  0.037  0.015  0.000  0.017  0.009  0.000  0.012  0.549
   0.18683      5.595013  0.063  0.383  0.043  0.015  0.000  0.025  0.013  0.001  0.018  0.561
   0.22420      5.625315  0.068  0.368  0.051  0.013  0.000  0.033  0.017  0.001  0.024  0.576
   0.26157      5.659263  0.073  0.351  0.058  0.013  0.000  0.042  0.021  0.001  0.031  0.590
   0.29893      5.695825  0.077  0.336  0.067  0.012  0.001  0.050  0.024  0.001  0.038  0.606
   0.33630      5.733480  0.082  0.322  0.078  0.010  0.001  0.059  0.026  0.002  0.044  0.622
   0.37366      5.769616  0.083  0.309  0.089  0.009  0.001  0.067  0.026  0.002  0.049  0.639
   0.41103      5.799580  0.089  0.300  0.105  0.011  0.001  0.074  0.025  0.002  0.051  0.657
   0.44840      5.814203  0.096  0.293  0.120  0.012  0.001  0.079  0.020  0.003  0.051  0.676
   0.48576      5.798686  0.114  0.285  0.136  0.017  0.003  0.079  0.013  0.003  0.047  0.697
   0.52313      5.738687  0.146  0.271  0.143  0.022  0.004  0.072  0.007  0.005  0.043  0.713
   0.56050      5.635763  0.180  0.253  0.142  0.024  0.008  0.061  0.003  0.007  0.041  0.721
   0.59786      5.503617  0.209  0.239  0.137  0.023  0.011  0.052  0.002  0.009  0.043  0.725
   0.63523      5.354108  0.227  0.226  0.132  0.023  0.015  0.046  0.001  0.012  0.046  0.729
   0.67260      5.194046  0.241  0.217  0.126  0.020  0.018  0.041  0.001  0.015  0.051  0.731
   0.70996      5.027340  0.254  0.207  0.119  0.017  0.022  0.038  0.001  0.018  0.056  0.734
   0.74733      4.856248  0.264  0.199  0.113  0.015  0.027  0.035  0.001  0.021  0.061  0.736
   0.78470      4.682578  0.271  0.191  0.108  0.012  0.032  0.032  0.000  0.025  0.067  0.738
   0.82206      4.507791  0.277  0.181  0.102  0.011  0.038  0.030  0.000  0.029  0.074  0.743
   0.85943      4.333435  0.283  0.171  0.095  0.008  0.046  0.027  0.000  0.032  0.082  0.746
   0.89679      4.161015  0.287  0.160  0.088  0.008  0.053  0.025  0.000  0.037  0.091  0.750
   0.93416      3.992041  0.291  0.147  0.081  0.007  0.061  0.022  0.001  0.041  0.101  0.753
   0.97153      3.828594  0.294  0.134  0.075  0.006  0.070  0.020  0.001  0.047  0.111  0.757
   1.00889      3.672339  0.296  0.122  0.065  0.006  0.081  0.017  0.002  0.052  0.123  0.762
   1.04626      3.525228  0.298  0.108  0.057  0.006  0.093  0.013  0.002  0.057  0.135  0.767
   1.08363      3.389275  0.297  0.090  0.050  0.007  0.105  0.009  0.003  0.063  0.149  0.774
   1.12099      3.266511  0.297  0.075  0.042  0.008  0.117  0.004  0.004  0.068  0.162  0.779
   1.15836      3.159213  0.299  0.057  0.034  0.009  0.127  0.001  0.007  0.073  0.175  0.783
   1.19573      3.070488  0.302  0.039  0.026  0.010  0.131  0.006  0.010  0.076  0.187  0.788
   1.23309      3.006217  0.302  0.026  0.020  0.009  0.116  0.044  0.017  0.075  0.187  0.795
   1.27046      2.976529  0.274  0.036  0.014  0.005  0.075  0.167  0.028  0.061  0.157  0.816
   1.30783      2.981458  0.217  0.071  0.009  0.001  0.038  0.316  0.037  0.044  0.115  0.849
   1.34519      3.001936  0.177  0.100  0.004  0.000  0.022  0.406  0.040  0.033  0.089  0.874
   1.38256      3.022877  0.153  0.118  0.002  0.000  0.017  0.450  0.041  0.028  0.078  0.888
   1.41993      3.037443  0.142  0.127  0.000  0.000  0.014  0.471  0.040  0.026  0.074  0.895
   1.45729      3.042579  0.140  0.130  0.000  0.000  0.014  0.477  0.040  0.025  0.073  0.898
   1.45729      3.042579  0.140  0.130  0.000  0.000  0.014  0.477  0.040  0.025  0.073  0.898
   1.49469      3.041771  0.140  0.130  0.000  0.000  0.013  0.477  0.040  0.025  0.072  0.897
   1.53208      3.039650  0.140  0.130  0.000  0.001  0.012  0.476  0.040  0.024  0.070  0.895
   1.56948      3.037172  0.144  0.129  0.003  0.002  0.011  0.473  0.040  0.022  0.067  0.892
   1.60688      3.035841  0.150  0.125  0.004  0.006  0.010  0.465  0.039  0.022  0.065  0.886
   1.64427      3.037516  0.162  0.119  0.006  0.009  0.009  0.449  0.038  0.021  0.065  0.879
   1.68167      3.044756  0.179  0.109  0.009  0.013  0.009  0.422  0.036  0.020  0.068  0.865
   1.71906      3.061157  0.204  0.093  0.014  0.020  0.009  0.378  0.033  0.019  0.074  0.848
   1.75646      3.091675  0.239  0.073  0.020  0.031  0.011  0.319  0.029  0.018  0.084  0.824
   1.79386      3.142256  0.278  0.052  0.028  0.044  0.013  0.247  0.023  0.018  0.092  0.797
   1.83125      3.217659  0.312  0.033  0.037  0.063  0.015  0.179  0.018  0.015  0.099  0.770
   1.86865      3.319394  0.337  0.021  0.045  0.081  0.014  0.125  0.013  0.012  0.100  0.749
   1.90604      3.445611  0.349  0.014  0.054  0.101  0.013  0.088  0.009  0.008  0.096  0.733
   1.94344      3.592616  0.355  0.011  0.062  0.118  0.011  0.064  0.007  0.006  0.090  0.724
   1.98084      3.756125  0.353  0.011  0.069  0.135  0.009  0.048  0.005  0.004  0.082  0.716
   2.01823      3.932319  0.349  0.012  0.076  0.150  0.008  0.037  0.005  0.002  0.075  0.714
   2.05563      4.117328  0.344  0.013  0.081  0.163  0.006  0.030  0.005  0.001  0.068  0.712
   2.09302      4.308204  0.336  0.016  0.086  0.175  0.006  0.025  0.005  0.001  0.063  0.711
   2.13042      4.502312  0.328  0.018  0.090  0.184  0.005  0.021  0.005  0.000  0.057  0.711
   2.16782      4.697263  0.321  0.022  0.094  0.192  0.004  0.018  0.006  0.001  0.053  0.709
   2.20521      4.891148  0.315  0.026  0.097  0.198  0.004  0.016  0.006  0.001  0.049  0.709
   2.24261      5.081706  0.308  0.028  0.099  0.201  0.004  0.013  0.007  0.001  0.047  0.709
   2.28000      5.266579  0.302  0.032  0.102  0.202  0.003  0.011  0.009  0.000  0.046  0.709
   2.31740      5.441756  0.299  0.034  0.104  0.197  0.004  0.009  0.011  0.000  0.046  0.705
   2.35480      5.598680  0.298  0.035  0.106  0.181  0.004  0.007  0.015  0.001  0.053  0.699
   2.39219      5.715847  0.286  0.028  0.111  0.152  0.008  0.003  0.022  0.004  0.070  0.685
   2.42959      5.763966  0.251  0.018  0.113  0.136  0.012  0.002  0.027  0.009  0.093  0.662
   2.46698      5.757241  0.218  0.012  0.109  0.149  0.013  0.002  0.028  0.013  0.102  0.644
   2.50438      5.731409  0.193  0.008  0.101  0.171  0.013  0.002  0.027  0.014  0.099  0.629
   2.54178      5.703751  0.175  0.008  0.093  0.194  0.012  0.002  0.025  0.013  0.092  0.616
   2.57917      5.680753  0.161  0.009  0.082  0.218  0.010  0.002  0.024  0.012  0.082  0.601
   2.61657      5.664940  0.147  0.009  0.073  0.242  0.009  0.002  0.022  0.011  0.072  0.588
   2.65396      5.657158  0.132  0.011  0.064  0.267  0.007  0.002  0.018  0.009  0.060  0.574
   2.69136      5.657153  0.118  0.014  0.056  0.292  0.005  0.001  0.015  0.007  0.049  0.559
   2.72876      5.663823  0.104  0.016  0.049  0.317  0.004  0.001  0.012  0.006  0.037  0.545
   2.76615      5.675270  0.090  0.017  0.042  0.340  0.003  0.001  0.009  0.004  0.026  0.531
   2.80355      5.688946  0.076  0.018  0.037  0.362  0.001  0.000  0.005  0.002  0.016  0.520
   2.84094      5.701823  0.065  0.020  0.032  0.380  0.001  0.000  0.003  0.001  0.008  0.510
   2.87834      5.711022  0.058  0.020  0.031  0.390  0.000  0.000  0.001  0.000  0.002  0.503
   2.91574      5.714385  0.055  0.022  0.029  0.395  0.000  0.000  0.000  0.000  0.000  0.501
 
# Band-Index:   20
   2.91574      7.179919  0.307  0.010  0.002  0.289  0.003  0.003  0.037  0.002  0.098  0.749
   2.87834      7.182638  0.301  0.011  0.003  0.293  0.003  0.003  0.035  0.002  0.095  0.746
   2.84094      7.187399  0.279  0.018  0.009  0.307  0.003  0.002  0.032  0.001  0.089  0.741
   2.80355      7.184546  0.250  0.028  0.022  0.322  0.002  0.001  0.026  0.001  0.078  0.729
   2.76615      7.161950  0.217  0.040  0.041  0.332  0.000  0.001  0.019  0.001  0.064  0.717
   2.72876      7.111910  0.192  0.052  0.063  0.333  0.000  0.001  0.013  0.001  0.052  0.706
   2.69136      7.034762  0.177  0.060  0.080  0.326  0.000  0.002  0.009  0.002  0.043  0.698
   2.65396      6.935637  0.174  0.064  0.094  0.316  0.000  0.003  0.006  0.003  0.037  0.696
   2.61657      6.819833  0.174  0.065  0.102  0.308  0.001  0.004  0.005  0.004  0.034  0.695
   2.57917      6.691999  0.179  0.062  0.108  0.301  0.001  0.005  0.003  0.005  0.033  0.697
   2.54178      6.555767  0.182  0.058  0.111  0.295  0.002  0.007  0.002  0.006  0.034  0.698
   2.50438      6.415367  0.182  0.054  0.115  0.292  0.003  0.008  0.001  0.008  0.037  0.699
   2.46698      6.277580  0.175  0.046  0.117  0.290  0.005  0.010  0.000  0.011  0.043  0.699
   2.42959      6.159592  0.156  0.034  0.125  0.281  0.009  0.012  0.001  0.017  0.060  0.694
   2.39219      6.096613  0.138  0.017  0.136  0.244  0.015  0.012  0.005  0.024  0.092  0.684
   2.35480      6.101916  0.142  0.008  0.151  0.196  0.020  0.012  0.011  0.028  0.116  0.682
   2.31740      6.145111  0.155  0.002  0.163  0.161  0.023  0.011  0.012  0.029  0.128  0.686
   2.28000      6.203312  0.164  0.002  0.175  0.137  0.024  0.010  0.012  0.031  0.134  0.693
   2.24261      6.266398  0.173  0.000  0.186  0.120  0.025  0.011  0.012  0.032  0.138  0.700
   2.20521      6.328780  0.180  0.001  0.198  0.105  0.026  0.011  0.010  0.032  0.139  0.705
   2.16782      6.386183  0.185  0.001  0.210  0.094  0.026  0.011  0.008  0.034  0.138  0.707
   2.13042      6.434792  0.186  0.002  0.219  0.084  0.026  0.013  0.006  0.036  0.135  0.707
   2.09302      6.470778  0.187  0.004  0.229  0.075  0.025  0.013  0.005  0.037  0.130  0.704
   2.05563      6.490664  0.182  0.005  0.237  0.068  0.025  0.013  0.003  0.038  0.123  0.697
   2.01823      6.491389  0.177  0.009  0.244  0.063  0.024  0.014  0.001  0.040  0.115  0.685
   1.98084      6.471001  0.171  0.012  0.248  0.059  0.023  0.014  0.000  0.040  0.105  0.670
   1.94344      6.428922  0.160  0.015  0.251  0.056  0.021  0.014  0.000  0.040  0.093  0.650
   1.90604      6.366041  0.150  0.019  0.254  0.055  0.019  0.013  0.000  0.038  0.081  0.629
   1.86865      6.285032  0.139  0.021  0.254  0.053  0.018  0.012  0.000  0.037  0.070  0.606
   1.83125      6.189606  0.131  0.024  0.256  0.052  0.016  0.011  0.000  0.034  0.059  0.583
   1.79386      6.084021  0.122  0.029  0.255  0.051  0.013  0.010  0.001  0.031  0.049  0.562
   1.75646      5.972913  0.115  0.031  0.257  0.048  0.012  0.009  0.001  0.027  0.040  0.541
   1.71906      5.860815  0.110  0.032  0.259  0.047  0.010  0.007  0.001  0.023  0.032  0.521
   1.68167      5.751969  0.108  0.033  0.262  0.044  0.008  0.006  0.001  0.018  0.024  0.503
   1.64427      5.650633  0.106  0.035  0.264  0.041  0.006  0.005  0.001  0.013  0.018  0.487
   1.60688      5.560754  0.104  0.036  0.267  0.039  0.004  0.003  0.001  0.010  0.012  0.474
   1.56948      5.486079  0.103  0.036  0.269  0.036  0.002  0.002  0.000  0.006  0.007  0.460
   1.53208      5.429944  0.103  0.037  0.271  0.033  0.001  0.001  0.000  0.003  0.003  0.453
   1.49469      5.395061  0.102  0.037  0.273  0.031  0.000  0.000  0.000  0.000  0.001  0.446
   1.45729      5.383206  0.102  0.037  0.273  0.032  0.000  0.000  0.000  0.000  0.000  0.446
   1.45729      5.383206  0.102  0.037  0.273  0.032  0.000  0.000  0.000  0.000  0.000  0.446
   1.41993      5.395592  0.102  0.037  0.273  0.032  0.000  0.001  0.000  0.000  0.001  0.446
   1.38256      5.432010  0.102  0.040  0.271  0.031  0.001  0.004  0.000  0.000  0.003  0.453
   1.34519      5.490567  0.102  0.043  0.268  0.031  0.002  0.010  0.001  0.001  0.007  0.463
   1.30783      5.568384  0.101  0.047  0.265  0.030  0.003  0.016  0.001  0.003  0.011  0.477
   1.27046      5.662018  0.103  0.051  0.262  0.030  0.005  0.022  0.001  0.003  0.017  0.492
   1.23309      5.767688  0.103  0.054  0.260  0.029  0.007  0.028  0.001  0.004  0.024  0.509
   1.19573      5.881461  0.106  0.058  0.257  0.027  0.009  0.034  0.002  0.006  0.030  0.528
   1.15836      5.999234  0.110  0.059  0.255  0.025  0.010  0.040  0.002  0.007  0.038  0.548
   1.12099      6.116852  0.116  0.062  0.253  0.024  0.013  0.045  0.002  0.008  0.046  0.570
   1.08363      6.230107  0.125  0.063  0.252  0.021  0.014  0.049  0.003  0.010  0.057  0.591
   1.04626      6.334380  0.133  0.065  0.251  0.018  0.016  0.053  0.002  0.011  0.066  0.615
   1.00889      6.425547  0.145  0.066  0.249  0.014  0.017  0.056  0.003  0.012  0.077  0.638
   0.97153      6.499816  0.157  0.066  0.246  0.010  0.019  0.056  0.003  0.013  0.088  0.659
   0.93416      6.554452  0.168  0.066  0.241  0.007  0.019  0.058  0.005  0.014  0.099  0.678
   0.89679      6.588138  0.180  0.069  0.233  0.005  0.019  0.058  0.008  0.014  0.107  0.694
   0.85943      6.601117  0.189  0.072  0.226  0.002  0.020  0.057  0.011  0.014  0.115  0.705
   0.82206      6.595183  0.196  0.077  0.214  0.001  0.019  0.056  0.014  0.014  0.120  0.712
   0.78470      6.573195  0.200  0.083  0.200  0.000  0.019  0.054  0.019  0.013  0.123  0.712
   0.74733      6.538618  0.204  0.090  0.186  0.000  0.018  0.053  0.023  0.013  0.124  0.712
   0.70996      6.495316  0.205  0.098  0.172  0.001  0.016  0.050  0.027  0.013  0.122  0.706
   0.67260      6.447131  0.210  0.104  0.156  0.002  0.015  0.047  0.032  0.012  0.120  0.699
   0.63523      6.398521  0.214  0.111  0.141  0.003  0.015  0.043  0.035  0.012  0.116  0.689
   0.59786      6.354939  0.224  0.116  0.125  0.006  0.014  0.035  0.038  0.012  0.110  0.680
   0.56050      6.324787  0.238  0.116  0.111  0.012  0.013  0.026  0.040  0.012  0.103  0.670
   0.52313      6.321283  0.261  0.115  0.102  0.019  0.013  0.013  0.038  0.011  0.092  0.664
   0.48576      6.359254  0.279  0.118  0.100  0.030  0.011  0.004  0.033  0.010  0.078  0.663
   0.44840      6.441144  0.283  0.127  0.107  0.041  0.009  0.000  0.025  0.009  0.064  0.666
   0.41103      6.553488  0.276  0.137  0.116  0.049  0.007  0.001  0.020  0.008  0.053  0.669
   0.37366      6.682030  0.264  0.146  0.123  0.056  0.005  0.003  0.017  0.006  0.047  0.668
   0.33630      6.818365  0.250  0.153  0.131  0.061  0.004  0.004  0.014  0.005  0.042  0.666
   0.29893      6.958033  0.235  0.158  0.135  0.067  0.003  0.005  0.013  0.004  0.039  0.662
   0.26157      7.098686  0.219  0.164  0.139  0.072  0.003  0.006  0.012  0.004  0.037  0.655
   0.22420      7.238503  0.203  0.169  0.143  0.079  0.002  0.005  0.011  0.002  0.035  0.649
   0.18683      7.375822  0.185  0.175  0.145  0.086  0.002  0.004  0.010  0.002  0.034  0.643
   0.14947      7.508441  0.166  0.181  0.147  0.092  0.001  0.003  0.010  0.001  0.034  0.636
   0.11210      7.633167  0.147  0.190  0.147  0.098  0.001  0.002  0.010  0.001  0.035  0.630
   0.07473      7.745447  0.132  0.199  0.146  0.101  0.001  0.000  0.011  0.001  0.037  0.627
   0.03737      7.839679  0.119  0.201  0.145  0.106  0.001  0.000  0.011  0.001  0.038  0.622
   0.00000      7.900910  0.037  0.165  0.208  0.153  0.000  0.000  0.000  0.000  0.000  0.564
 
# Band-Index:   21
   0.00000      7.931314  0.294  0.282  0.001  0.007  0.003  0.005  0.035  0.008  0.120  0.756
   0.03737      7.975212  0.225  0.241  0.062  0.051  0.003  0.006  0.024  0.008  0.081  0.701
   0.07473      8.022901  0.239  0.238  0.056  0.047  0.004  0.008  0.025  0.010  0.082  0.709
   0.11210      8.070570  0.255  0.240  0.047  0.041  0.004  0.010  0.025  0.012  0.083  0.717
   0.14947      8.122917  0.263  0.245  0.041  0.037  0.005  0.011  0.025  0.014  0.082  0.721
   0.18683      8.181879  0.266  0.252  0.038  0.035  0.006  0.011  0.023  0.015  0.080  0.724
   0.22420      8.247931  0.265  0.259  0.033  0.033  0.006  0.010  0.022  0.016  0.076  0.722
   0.26157      8.320558  0.260  0.266  0.030  0.034  0.006  0.011  0.020  0.017  0.072  0.718
   0.29893      8.398738  0.254  0.274  0.028  0.034  0.007  0.010  0.019  0.018  0.068  0.715
   0.33630      8.481815  0.244  0.282  0.027  0.036  0.007  0.010  0.018  0.018  0.063  0.708
   0.37366      8.568506  0.236  0.291  0.026  0.037  0.008  0.010  0.019  0.019  0.058  0.703
   0.41103      8.657841  0.225  0.298  0.026  0.039  0.008  0.010  0.020  0.019  0.052  0.696
   0.44840      8.748608  0.214  0.304  0.024  0.041  0.007  0.010  0.023  0.020  0.047  0.689
   0.48576      8.839446  0.199  0.309  0.024  0.044  0.007  0.010  0.025  0.020  0.041  0.683
   0.52313      8.928498  0.184  0.315  0.025  0.047  0.006  0.011  0.029  0.019  0.035  0.675
   0.56050      9.013317  0.168  0.320  0.026  0.051  0.006  0.012  0.036  0.020  0.028  0.665
   0.59786      9.090404  0.147  0.321  0.030  0.055  0.005  0.014  0.042  0.020  0.022  0.655
   0.63523      9.154828  0.121  0.320  0.035  0.059  0.004  0.016  0.051  0.019  0.015  0.640
   0.67260      9.200762  0.096  0.313  0.046  0.062  0.004  0.018  0.059  0.018  0.010  0.624
   0.70996      9.223115  0.071  0.300  0.060  0.063  0.003  0.020  0.066  0.016  0.006  0.605
   0.74733      9.219758  0.051  0.279  0.075  0.062  0.002  0.021  0.072  0.014  0.005  0.584
   0.78470      9.193723  0.040  0.256  0.095  0.059  0.002  0.021  0.076  0.012  0.006  0.567
   0.82206      9.152259  0.036  0.231  0.112  0.056  0.002  0.021  0.077  0.010  0.011  0.556
   0.85943      9.104486  0.040  0.206  0.129  0.052  0.002  0.019  0.076  0.007  0.019  0.552
   0.89679      9.059035  0.053  0.182  0.150  0.046  0.002  0.016  0.074  0.005  0.030  0.555
   0.93416      9.022517  0.068  0.159  0.168  0.041  0.002  0.014  0.073  0.003  0.041  0.568
   0.97153      8.999038  0.089  0.137  0.188  0.034  0.001  0.011  0.070  0.003  0.053  0.584
   1.00889      8.989961  0.109  0.116  0.207  0.029  0.001  0.009  0.066  0.001  0.065  0.605
   1.04626      8.994657  0.130  0.098  0.227  0.023  0.002  0.006  0.062  0.001  0.075  0.627
   1.08363      9.011197  0.151  0.082  0.246  0.020  0.002  0.005  0.059  0.001  0.085  0.650
   1.12099      9.036763  0.168  0.067  0.264  0.016  0.002  0.004  0.055  0.001  0.093  0.671
   1.15836      9.068382  0.185  0.053  0.282  0.013  0.003  0.003  0.052  0.001  0.100  0.691
   1.19573      9.103285  0.198  0.043  0.296  0.010  0.003  0.002  0.050  0.001  0.105  0.710
   1.23309      9.138683  0.210  0.032  0.310  0.009  0.004  0.002  0.048  0.001  0.109  0.724
   1.27046      9.172426  0.220  0.024  0.321  0.007  0.004  0.001  0.046  0.001  0.112  0.738
   1.30783      9.202628  0.227  0.018  0.331  0.006  0.004  0.001  0.044  0.001  0.115  0.748
   1.34519      9.227682  0.233  0.014  0.339  0.005  0.005  0.001  0.043  0.001  0.117  0.757
   1.38256      9.246561  0.237  0.010  0.346  0.004  0.005  0.001  0.042  0.001  0.119  0.763
   1.41993      9.258166  0.240  0.009  0.348  0.004  0.005  0.002  0.042  0.001  0.119  0.767
   1.45729      9.262357  0.241  0.008  0.349  0.004  0.005  0.002  0.042  0.001  0.119  0.768
   1.45729      9.262357  0.241  0.008  0.349  0.004  0.005  0.002  0.042  0.001  0.119  0.768
   1.49469      9.258117  0.240  0.008  0.348  0.005  0.005  0.002  0.042  0.001  0.119  0.767
   1.53208      9.246262  0.238  0.008  0.345  0.007  0.005  0.001  0.043  0.001  0.118  0.763
   1.56948      9.226811  0.233  0.008  0.340  0.012  0.005  0.001  0.043  0.001  0.117  0.757
   1.60688      9.201273  0.225  0.008  0.333  0.017  0.004  0.001  0.043  0.001  0.116  0.748
   1.64427      9.170729  0.217  0.009  0.323  0.022  0.004  0.001  0.045  0.001  0.113  0.737
   1.68167      9.136956  0.206  0.010  0.312  0.029  0.004  0.001  0.046  0.001  0.109  0.725
   1.71906      9.102131  0.194  0.012  0.299  0.039  0.005  0.001  0.048  0.001  0.105  0.708
   1.75646      9.068587  0.180  0.016  0.286  0.050  0.005  0.001  0.051  0.002  0.100  0.689
   1.79386      9.039467  0.164  0.018  0.270  0.063  0.005  0.001  0.053  0.003  0.094  0.670
   1.83125      9.017958  0.145  0.022  0.253  0.074  0.004  0.001  0.056  0.004  0.086  0.649
   1.86865      9.007325  0.127  0.027  0.236  0.090  0.004  0.002  0.060  0.005  0.077  0.625
   1.90604      9.010714  0.106  0.031  0.219  0.105  0.004  0.002  0.063  0.007  0.067  0.602
   1.94344      9.030382  0.084  0.037  0.202  0.122  0.004  0.004  0.065  0.010  0.056  0.581
   1.98084      9.067053  0.065  0.042  0.183  0.138  0.003  0.004  0.069  0.012  0.045  0.564
   2.01823      9.119618  0.047  0.049  0.166  0.158  0.004  0.006  0.072  0.016  0.034  0.550
   2.05563      9.184197  0.035  0.055  0.148  0.177  0.003  0.008  0.075  0.019  0.025  0.544
   2.09302      9.254018  0.027  0.061  0.130  0.198  0.003  0.011  0.076  0.020  0.016  0.545
   2.13042      9.319361  0.028  0.069  0.111  0.221  0.002  0.013  0.077  0.022  0.010  0.553
   2.16782      9.367672  0.037  0.076  0.091  0.247  0.002  0.014  0.077  0.021  0.006  0.570
   2.20521      9.385682  0.055  0.082  0.067  0.270  0.001  0.016  0.073  0.019  0.006  0.588
   2.24261      9.364240  0.081  0.085  0.046  0.286  0.001  0.017  0.066  0.015  0.008  0.606
   2.28000      9.303821  0.108  0.085  0.031  0.292  0.002  0.017  0.057  0.013  0.012  0.618
   2.31740      9.212778  0.131  0.083  0.024  0.293  0.003  0.017  0.048  0.010  0.016  0.625
   2.35480      9.101380  0.148  0.080  0.021  0.287  0.004  0.017  0.039  0.008  0.021  0.628
   2.39219      8.977405  0.163  0.078  0.022  0.278  0.006  0.016  0.034  0.007  0.025  0.630
   2.42959      8.846496  0.175  0.076  0.024  0.270  0.007  0.015  0.030  0.006  0.028  0.632
   2.46698      8.712060  0.186  0.074  0.027  0.261  0.007  0.015  0.026  0.006  0.032  0.635
   2.50438      8.576713  0.195  0.075  0.033  0.250  0.007  0.013  0.024  0.005  0.034  0.636
   2.54178      8.442743  0.202  0.076  0.040  0.236  0.007  0.013  0.022  0.005  0.037  0.638
   2.57917      8.312513  0.207  0.078  0.049  0.221  0.007  0.013  0.022  0.004  0.038  0.639
   2.61657      8.188838  0.209  0.081  0.059  0.207  0.007  0.011  0.021  0.005  0.040  0.639
   2.65396      8.075474  0.207  0.087  0.072  0.189  0.007  0.011  0.021  0.005  0.040  0.638
   2.69136      7.977359  0.199  0.097  0.089  0.171  0.006  0.010  0.019  0.004  0.037  0.634
   2.72876      7.900738  0.180  0.112  0.112  0.157  0.006  0.008  0.017  0.005  0.032  0.626
   2.76615      7.851329  0.145  0.131  0.138  0.150  0.005  0.007  0.012  0.004  0.023  0.614
   2.80355      7.829829  0.104  0.150  0.161  0.154  0.002  0.005  0.008  0.002  0.014  0.600
   2.84094      7.828335  0.064  0.166  0.177  0.165  0.001  0.002  0.004  0.001  0.006  0.587
   2.87834      7.834321  0.038  0.176  0.186  0.177  0.000  0.000  0.001  0.000  0.002  0.581
   2.91574      7.837608  0.030  0.178  0.189  0.180  0.000  0.000  0.000  0.000  0.000  0.578
 
# Band-Index:   22
   2.91574      9.484456  0.450  0.000  0.102  0.014  0.030  0.047  0.026  0.033  0.017  0.719
   2.87834      9.499164  0.446  0.002  0.102  0.015  0.030  0.047  0.026  0.033  0.016  0.717
   2.84094      9.541998  0.430  0.005  0.104  0.021  0.030  0.046  0.027  0.032  0.016  0.710
   2.80355      9.609396  0.405  0.011  0.106  0.028  0.030  0.045  0.027  0.031  0.014  0.701
   2.76615      9.696663  0.378  0.017  0.109  0.038  0.031  0.045  0.027  0.029  0.013  0.688
   2.72876      9.798848  0.347  0.023  0.112  0.047  0.032  0.044  0.027  0.029  0.013  0.673
   2.69136      9.911014  0.316  0.027  0.114  0.055  0.033  0.044  0.028  0.027  0.012  0.659
   2.65396     10.028476  0.285  0.031  0.118  0.062  0.035  0.042  0.029  0.026  0.012  0.641
   2.61657     10.146376  0.255  0.034  0.120  0.069  0.036  0.041  0.030  0.026  0.012  0.622
   2.57917     10.259591  0.225  0.036  0.123  0.074  0.038  0.040  0.031  0.025  0.013  0.603
   2.54178     10.362529  0.193  0.035  0.125  0.078  0.039  0.038  0.033  0.025  0.013  0.579
   2.50438     10.449364  0.163  0.034  0.129  0.082  0.040  0.035  0.033  0.025  0.014  0.555
   2.46698     10.514829  0.135  0.031  0.131  0.083  0.042  0.032  0.032  0.025  0.015  0.528
   2.42959     10.555444  0.111  0.028  0.132  0.086  0.042  0.027  0.031  0.027  0.017  0.501
   2.39219     10.571098  0.091  0.024  0.135  0.084  0.042  0.023  0.029  0.027  0.020  0.476
   2.35480     10.566022  0.079  0.021  0.135  0.082  0.042  0.018  0.025  0.027  0.023  0.453
   2.31740     10.549335  0.075  0.018  0.132  0.079  0.041  0.014  0.019  0.026  0.028  0.432
   2.28000     10.534858  0.080  0.017  0.124  0.077  0.040  0.011  0.013  0.024  0.033  0.422
   2.24261     10.539559  0.094  0.019  0.111  0.083  0.039  0.007  0.006  0.020  0.038  0.419
   2.20521     10.578997  0.111  0.023  0.092  0.095  0.036  0.005  0.002  0.016  0.043  0.424
   2.16782     10.660627  0.123  0.031  0.072  0.112  0.034  0.005  0.001  0.012  0.044  0.436
   2.13042     10.782163  0.131  0.041  0.054  0.129  0.032  0.004  0.004  0.009  0.045  0.449
   2.09302     10.936493  0.133  0.049  0.040  0.144  0.030  0.004  0.008  0.007  0.044  0.458
   2.05563     11.116701  0.130  0.057  0.031  0.153  0.029  0.004  0.014  0.006  0.043  0.466
   2.01823     11.317622  0.124  0.063  0.022  0.160  0.028  0.004  0.019  0.006  0.042  0.469
   1.98084     11.535901  0.119  0.070  0.017  0.166  0.028  0.004  0.024  0.004  0.040  0.472
   1.94344     11.769298  0.111  0.076  0.013  0.169  0.028  0.004  0.028  0.004  0.040  0.473
   1.90604     12.015966  0.103  0.081  0.011  0.170  0.029  0.004  0.033  0.004  0.038  0.473
   1.86865     12.274585  0.096  0.087  0.006  0.170  0.030  0.003  0.037  0.005  0.036  0.473
   1.83125     12.543808  0.087  0.094  0.004  0.169  0.030  0.004  0.041  0.005  0.035  0.472
   1.79386     12.822147  0.080  0.105  0.005  0.166  0.031  0.004  0.044  0.005  0.032  0.470
   1.75646     13.106792  0.070  0.124  0.004  0.158  0.030  0.003  0.048  0.006  0.028  0.469
   1.71906     13.336634  0.018  0.252  0.058  0.090  0.006  0.001  0.025  0.008  0.001  0.457
   1.68167     13.318042  0.009  0.213  0.079  0.114  0.004  0.003  0.007  0.004  0.004  0.438
   1.64427     13.287397  0.006  0.211  0.080  0.118  0.003  0.002  0.005  0.003  0.003  0.431
   1.60688     13.260257  0.004  0.211  0.079  0.119  0.002  0.001  0.003  0.002  0.003  0.427
   1.56948     13.238165  0.002  0.213  0.079  0.121  0.001  0.001  0.002  0.001  0.002  0.423
   1.53208     13.221886  0.001  0.215  0.080  0.120  0.000  0.000  0.001  0.000  0.000  0.421
   1.49469     13.211925  0.000  0.216  0.080  0.121  0.000  0.000  0.000  0.000  0.000  0.418
   1.45729     13.208561  0.000  0.216  0.080  0.121  0.000  0.000  0.000  0.000  0.000  0.418
   1.45729     13.208561  0.000  0.216  0.080  0.121  0.000  0.000  0.000  0.000  0.000  0.418
   1.41993     13.208350  0.001  0.217  0.080  0.120  0.000  0.000  0.000  0.000  0.000  0.418
   1.38256     13.207103  0.002  0.222  0.079  0.115  0.001  0.000  0.000  0.000  0.001  0.422
   1.34519     13.202888  0.006  0.226  0.078  0.106  0.003  0.000  0.000  0.001  0.004  0.426
   1.30783     13.191530  0.014  0.234  0.074  0.093  0.005  0.001  0.001  0.002  0.008  0.431
   1.27046     13.164780  0.023  0.243  0.069  0.074  0.009  0.001  0.002  0.003  0.013  0.441
   1.23309     13.106994  0.039  0.255  0.059  0.053  0.015  0.000  0.005  0.005  0.021  0.453
   1.19573     12.996329  0.060  0.257  0.045  0.036  0.022  0.001  0.011  0.006  0.029  0.466
   1.15836     12.824176  0.079  0.245  0.030  0.035  0.027  0.001  0.019  0.006  0.034  0.477
   1.12099     12.608923  0.095  0.229  0.021  0.038  0.029  0.002  0.024  0.007  0.038  0.482
   1.08363     12.374503  0.106  0.214  0.018  0.042  0.030  0.003  0.027  0.006  0.039  0.485
   1.04626     12.136097  0.118  0.202  0.017  0.043  0.029  0.003  0.026  0.006  0.041  0.486
   1.00889     11.902227  0.126  0.192  0.020  0.042  0.028  0.005  0.024  0.005  0.043  0.486
   0.97153     11.678099  0.137  0.183  0.023  0.041  0.028  0.005  0.021  0.005  0.044  0.485
   0.93416     11.467594  0.144  0.171  0.026  0.038  0.028  0.006  0.018  0.005  0.046  0.483
   0.89679     11.274238  0.152  0.160  0.034  0.034  0.028  0.006  0.014  0.005  0.048  0.479
   0.85943     11.101557  0.154  0.147  0.042  0.028  0.029  0.008  0.010  0.005  0.050  0.472
   0.82206     10.953605  0.155  0.131  0.051  0.023  0.030  0.010  0.006  0.004  0.051  0.463
   0.78470     10.834678  0.150  0.114  0.065  0.019  0.032  0.012  0.003  0.003  0.052  0.451
   0.74733     10.748372  0.140  0.097  0.080  0.015  0.033  0.015  0.002  0.004  0.052  0.439
   0.70996     10.695454  0.125  0.084  0.094  0.012  0.035  0.020  0.003  0.004  0.049  0.428
   0.67260     10.671483  0.110  0.076  0.105  0.014  0.037  0.023  0.007  0.005  0.045  0.423
   0.63523     10.666589  0.097  0.072  0.115  0.017  0.039  0.026  0.012  0.007  0.040  0.424
   0.59786     10.667364  0.090  0.072  0.122  0.020  0.040  0.027  0.016  0.010  0.036  0.434
   0.56050     10.660187  0.091  0.074  0.127  0.024  0.041  0.027  0.021  0.014  0.032  0.449
   0.52313     10.633786  0.098  0.074  0.131  0.029  0.041  0.026  0.024  0.017  0.028  0.470
   0.48576     10.580922  0.113  0.074  0.134  0.035  0.041  0.025  0.026  0.021  0.025  0.495
   0.44840     10.499164  0.131  0.074  0.136  0.041  0.040  0.024  0.028  0.024  0.023  0.520
   0.41103     10.390460  0.153  0.072  0.138  0.045  0.039  0.023  0.028  0.028  0.021  0.546
   0.37366     10.259552  0.175  0.070  0.138  0.048  0.037  0.024  0.027  0.030  0.019  0.568
   0.33630     10.112377  0.197  0.068  0.139  0.048  0.036  0.024  0.027  0.031  0.018  0.589
   0.29893      9.954767  0.222  0.065  0.137  0.047  0.034  0.024  0.026  0.033  0.017  0.607
   0.26157      9.792013  0.249  0.061  0.135  0.046  0.032  0.026  0.025  0.035  0.017  0.627
   0.22420      9.628758  0.276  0.057  0.132  0.042  0.031  0.028  0.023  0.036  0.016  0.642
   0.18683      9.469514  0.305  0.052  0.129  0.039  0.030  0.030  0.023  0.037  0.016  0.660
   0.14947      9.319225  0.338  0.045  0.124  0.031  0.029  0.033  0.022  0.039  0.016  0.677
   0.11210      9.184236  0.374  0.034  0.119  0.022  0.028  0.036  0.023  0.040  0.016  0.695
   0.07473      9.073357  0.412  0.024  0.113  0.012  0.028  0.040  0.023  0.042  0.017  0.711
   0.03737      8.998376  0.443  0.014  0.107  0.003  0.028  0.043  0.023  0.044  0.018  0.726
   0.00000      8.971507  0.455  0.011  0.105  0.000  0.028  0.045  0.023  0.046  0.018  0.731
 
# Band-Index:   23
   0.00000     12.832940  0.000  0.121  0.374  0.013  0.000  0.000  0.000  0.000  0.000  0.510
   0.03737     12.830582  0.001  0.120  0.369  0.013  0.000  0.003  0.001  0.000  0.000  0.511
   0.07473     12.824133  0.006  0.119  0.354  0.013  0.002  0.011  0.003  0.001  0.002  0.510
   0.11210     12.814887  0.009  0.119  0.333  0.013  0.002  0.022  0.005  0.001  0.004  0.511
   0.14947     12.804234  0.013  0.119  0.312  0.013  0.003  0.033  0.006  0.002  0.005  0.511
   0.18683     12.793281  0.016  0.120  0.294  0.016  0.004  0.044  0.007  0.003  0.007  0.510
   0.22420     12.783108  0.019  0.119  0.277  0.017  0.004  0.053  0.007  0.004  0.008  0.510
   0.26157     12.774969  0.020  0.119  0.264  0.018  0.005  0.062  0.007  0.005  0.008  0.508
   0.29893     12.770448  0.021  0.119  0.251  0.021  0.005  0.069  0.007  0.006  0.010  0.509
   0.33630     12.771886  0.021  0.117  0.240  0.024  0.006  0.077  0.006  0.009  0.010  0.510
   0.37366     12.782414  0.022  0.114  0.229  0.028  0.007  0.082  0.006  0.011  0.011  0.512
   0.41103     12.806289  0.025  0.108  0.221  0.033  0.008  0.087  0.008  0.014  0.011  0.516
   0.44840     12.847690  0.026  0.102  0.213  0.039  0.009  0.091  0.010  0.017  0.013  0.520
   0.48576     12.910693  0.027  0.095  0.204  0.043  0.012  0.094  0.012  0.021  0.014  0.524
   0.52313     12.995829  0.027  0.086  0.195  0.048  0.015  0.096  0.017  0.024  0.017  0.527
   0.56050     13.098754  0.026  0.078  0.183  0.049  0.020  0.096  0.023  0.028  0.021  0.524
   0.59786     13.208207  0.026  0.071  0.166  0.044  0.024  0.096  0.030  0.029  0.028  0.515
   0.63523     13.307796  0.029  0.065  0.144  0.040  0.027  0.091  0.042  0.028  0.035  0.502
   0.67260     13.384258  0.038  0.063  0.126  0.040  0.026  0.082  0.054  0.025  0.040  0.493
   0.70996     13.436125  0.048  0.066  0.114  0.044  0.025  0.071  0.062  0.022  0.042  0.490
   0.74733     13.469492  0.054  0.072  0.106  0.051  0.021  0.063  0.065  0.019  0.040  0.492
   0.78470     13.490925  0.058  0.081  0.101  0.058  0.018  0.056  0.064  0.017  0.038  0.491
   0.82206     13.504889  0.059  0.090  0.100  0.066  0.016  0.049  0.062  0.015  0.035  0.490
   0.85943     13.514044  0.058  0.097  0.096  0.076  0.013  0.045  0.059  0.013  0.031  0.490
   0.89679     13.520167  0.055  0.106  0.093  0.084  0.011  0.041  0.055  0.012  0.029  0.486
   0.93416     13.524232  0.052  0.113  0.091  0.094  0.010  0.037  0.051  0.010  0.025  0.480
   0.97153     13.527320  0.044  0.117  0.089  0.104  0.009  0.033  0.047  0.009  0.021  0.475
   1.00889     13.530675  0.038  0.120  0.085  0.116  0.008  0.030  0.045  0.008  0.016  0.468
   1.04626     13.536192  0.033  0.120  0.082  0.131  0.007  0.027  0.043  0.006  0.013  0.461
   1.08363     13.547510  0.029  0.116  0.077  0.146  0.006  0.024  0.043  0.004  0.009  0.455
   1.12099     13.571620  0.025  0.108  0.072  0.164  0.006  0.022  0.044  0.003  0.005  0.448
   1.15836     13.622679  0.026  0.096  0.060  0.182  0.008  0.021  0.047  0.001  0.003  0.444
   1.19573     13.723182  0.033  0.087  0.044  0.193  0.012  0.019  0.053  0.000  0.005  0.444
   1.23309     13.889993  0.039  0.092  0.027  0.190  0.019  0.016  0.056  0.000  0.008  0.449
   1.27046     14.112438  0.042  0.105  0.017  0.182  0.023  0.014  0.055  0.000  0.010  0.450
   1.30783     14.365237  0.038  0.119  0.010  0.180  0.024  0.012  0.051  0.001  0.010  0.447
   1.34519     14.626367  0.032  0.133  0.007  0.184  0.022  0.009  0.043  0.001  0.009  0.441
   1.38256     14.873846  0.022  0.147  0.006  0.195  0.017  0.006  0.030  0.001  0.006  0.430
   1.41993     15.071594  0.010  0.166  0.004  0.215  0.007  0.003  0.012  0.000  0.002  0.417
   1.45729     15.153531  0.002  0.176  0.003  0.227  0.000  0.000  0.000  0.000  0.000  0.409
   1.45729     15.153531  0.002  0.176  0.003  0.227  0.000  0.000  0.000  0.000  0.000  0.409
   1.49469     15.067695  0.009  0.164  0.003  0.215  0.007  0.001  0.011  0.001  0.004  0.417
   1.53208     14.859281  0.022  0.144  0.003  0.197  0.018  0.003  0.028  0.003  0.010  0.429
   1.56948     14.594197  0.034  0.129  0.004  0.186  0.027  0.004  0.038  0.003  0.016  0.440
   1.60688     14.305388  0.044  0.115  0.004  0.182  0.030  0.004  0.044  0.004  0.022  0.448
   1.64427     14.007525  0.052  0.104  0.004  0.180  0.033  0.005  0.046  0.004  0.026  0.454
   1.68167     13.708610  0.062  0.090  0.003  0.184  0.034  0.005  0.046  0.004  0.030  0.457
   1.71906     13.427583  0.067  0.037  0.025  0.208  0.033  0.009  0.029  0.001  0.038  0.446
   1.75646     13.402555  0.026  0.153  0.081  0.139  0.009  0.008  0.007  0.005  0.016  0.443
   1.79386     13.441162  0.028  0.158  0.082  0.129  0.010  0.009  0.010  0.007  0.017  0.452
   1.83125     13.482844  0.033  0.156  0.084  0.125  0.010  0.010  0.013  0.009  0.019  0.458
   1.86865     13.525248  0.038  0.148  0.085  0.120  0.012  0.011  0.016  0.012  0.021  0.466
   1.90604     13.567360  0.044  0.140  0.089  0.118  0.013  0.013  0.019  0.015  0.024  0.474
   1.94344     13.608381  0.049  0.130  0.092  0.114  0.015  0.015  0.022  0.017  0.027  0.479
   1.98084     13.647553  0.053  0.121  0.095  0.110  0.016  0.016  0.024  0.020  0.029  0.486
   2.01823     13.684108  0.058  0.109  0.101  0.105  0.018  0.019  0.027  0.024  0.032  0.492
   2.05563     13.716978  0.061  0.097  0.107  0.100  0.020  0.021  0.029  0.028  0.034  0.495
   2.09302     13.744300  0.061  0.083  0.117  0.094  0.023  0.025  0.031  0.033  0.036  0.500
   2.13042     13.762475  0.056  0.066  0.131  0.088  0.026  0.029  0.029  0.039  0.036  0.503
   2.16782     13.763390  0.045  0.048  0.158  0.083  0.030  0.035  0.028  0.047  0.035  0.510
   2.20521     13.729708  0.027  0.032  0.201  0.076  0.033  0.044  0.026  0.058  0.028  0.527
   2.24261     13.640462  0.011  0.034  0.247  0.069  0.031  0.048  0.030  0.061  0.019  0.551
   2.28000     13.502495  0.013  0.047  0.267  0.067  0.025  0.045  0.035  0.060  0.012  0.572
   2.31740     13.346038  0.021  0.056  0.275  0.070  0.018  0.041  0.036  0.056  0.007  0.579
   2.35480     13.193979  0.027  0.059  0.278  0.074  0.014  0.035  0.033  0.052  0.005  0.579
   2.39219     13.058678  0.029  0.058  0.283  0.080  0.010  0.030  0.029  0.050  0.004  0.573
   2.42959     12.946199  0.028  0.053  0.289  0.089  0.006  0.025  0.025  0.046  0.003  0.565
   2.46698     12.858537  0.025  0.048  0.296  0.097  0.004  0.019  0.021  0.042  0.002  0.553
   2.50438     12.793977  0.022  0.042  0.306  0.104  0.002  0.015  0.017  0.038  0.001  0.543
   2.54178     12.748607  0.017  0.036  0.315  0.109  0.001  0.012  0.013  0.033  0.001  0.535
   2.57917     12.717924  0.012  0.030  0.324  0.115  0.000  0.009  0.011  0.028  0.001  0.529
   2.61657     12.697300  0.009  0.026  0.333  0.118  0.000  0.007  0.008  0.023  0.001  0.522
   2.65396     12.683344  0.007  0.022  0.342  0.121  0.000  0.005  0.006  0.018  0.000  0.519
   2.69136     12.673544  0.005  0.019  0.349  0.122  0.000  0.003  0.004  0.014  0.000  0.516
   2.72876     12.666373  0.003  0.016  0.356  0.122  0.000  0.002  0.004  0.010  0.000  0.512
   2.76615     12.660936  0.001  0.014  0.360  0.124  0.000  0.001  0.002  0.006  0.000  0.511
   2.80355     12.656859  0.000  0.013  0.365  0.123  0.000  0.001  0.002  0.003  0.000  0.510
   2.84094     12.653900  0.000  0.013  0.369  0.123  0.000  0.000  0.000  0.001  0.000  0.510
   2.87834     12.652145  0.000  0.012  0.371  0.124  0.000  0.000  0.000  0.000  0.000  0.508
   2.91574     12.651572  0.000  0.012  0.372  0.124  0.000  0.000  0.000  0.000  0.000  0.507
 
# Band-Index:   24
   2.91574     13.929774  0.114  0.004  0.043  0.029  0.036  0.006  0.107  0.091  0.057  0.489
   2.87834     13.930545  0.114  0.004  0.043  0.029  0.036  0.006  0.107  0.091  0.057  0.489
   2.84094     13.932893  0.114  0.005  0.043  0.028  0.036  0.007  0.107  0.090  0.057  0.488
   2.80355     13.936932  0.113  0.005  0.043  0.027  0.035  0.007  0.108  0.088  0.057  0.486
   2.76615     13.942736  0.111  0.006  0.044  0.027  0.036  0.007  0.109  0.086  0.057  0.484
   2.72876     13.950471  0.110  0.007  0.046  0.025  0.036  0.007  0.111  0.083  0.057  0.483
   2.69136     13.960187  0.108  0.008  0.046  0.025  0.036  0.007  0.113  0.080  0.058  0.481
   2.65396     13.971934  0.106  0.011  0.047  0.023  0.035  0.007  0.115  0.076  0.058  0.478
   2.61657     13.985470  0.103  0.014  0.047  0.021  0.035  0.007  0.118  0.071  0.058  0.477
   2.57917     14.000475  0.102  0.019  0.048  0.021  0.034  0.008  0.120  0.066  0.059  0.476
   2.54178     14.016165  0.101  0.024  0.049  0.019  0.034  0.008  0.123  0.059  0.059  0.477
   2.50438     14.031519  0.101  0.031  0.049  0.017  0.032  0.008  0.126  0.053  0.059  0.477
   2.46698     14.045215  0.103  0.041  0.049  0.017  0.031  0.008  0.128  0.046  0.059  0.480
   2.42959     14.055966  0.105  0.052  0.049  0.018  0.028  0.007  0.130  0.039  0.058  0.486
   2.39219     14.062944  0.108  0.067  0.050  0.018  0.025  0.006  0.131  0.033  0.057  0.494
   2.35480     14.066713  0.112  0.084  0.051  0.021  0.021  0.005  0.132  0.026  0.055  0.506
   2.31740     14.070444  0.116  0.105  0.055  0.022  0.016  0.003  0.133  0.018  0.052  0.520
   2.28000     14.082311  0.119  0.129  0.062  0.023  0.009  0.002  0.140  0.012  0.046  0.541
   2.24261     14.120072  0.111  0.153  0.085  0.022  0.004  0.001  0.151  0.006  0.036  0.569
   2.20521     14.208337  0.084  0.161  0.132  0.018  0.001  0.007  0.163  0.008  0.025  0.600
   2.16782     14.347823  0.052  0.148  0.176  0.018  0.003  0.016  0.170  0.015  0.018  0.617
   2.13042     14.511926  0.029  0.131  0.199  0.021  0.005  0.022  0.178  0.021  0.015  0.619
   2.09302     14.679300  0.015  0.113  0.208  0.026  0.005  0.026  0.185  0.023  0.015  0.616
   2.05563     14.840721  0.008  0.097  0.207  0.035  0.005  0.028  0.190  0.025  0.016  0.609
   2.01823     14.994142  0.005  0.085  0.198  0.045  0.005  0.029  0.195  0.026  0.018  0.604
   1.98084     15.140950  0.005  0.076  0.185  0.056  0.003  0.029  0.197  0.027  0.021  0.598
   1.94344     15.283879  0.007  0.070  0.170  0.067  0.003  0.030  0.198  0.027  0.024  0.594
   1.90604     15.425222  0.009  0.067  0.153  0.079  0.001  0.030  0.198  0.027  0.027  0.592
   1.86865     15.566724  0.010  0.065  0.136  0.090  0.002  0.031  0.198  0.027  0.029  0.589
   1.83125     15.709360  0.010  0.065  0.120  0.103  0.002  0.031  0.197  0.029  0.034  0.588
   1.79386     15.853340  0.012  0.066  0.104  0.114  0.003  0.031  0.195  0.029  0.037  0.587
   1.75646     15.998034  0.012  0.068  0.089  0.127  0.003  0.031  0.191  0.030  0.040  0.588
   1.71906     16.142026  0.012  0.071  0.073  0.140  0.003  0.029  0.185  0.030  0.042  0.588
   1.68167     16.282550  0.013  0.079  0.061  0.158  0.003  0.028  0.174  0.029  0.042  0.587
   1.64427     16.415696  0.012  0.093  0.047  0.179  0.003  0.024  0.157  0.028  0.040  0.583
   1.60688     16.535431  0.013  0.114  0.038  0.204  0.002  0.018  0.131  0.025  0.032  0.578
   1.56948     16.628813  0.015  0.144  0.030  0.222  0.004  0.006  0.106  0.024  0.016  0.567
   1.53208     16.514012  0.071  0.037  0.007  0.050  0.106  0.033  0.159  0.019  0.022  0.503
   1.49469     16.338204  0.087  0.010  0.007  0.013  0.126  0.039  0.177  0.017  0.025  0.501
   1.45729     16.263164  0.095  0.000  0.006  0.000  0.133  0.040  0.188  0.019  0.028  0.507
   1.45729     16.263163  0.095  0.000  0.006  0.000  0.133  0.040  0.188  0.019  0.028  0.507
   1.41993     16.337823  0.087  0.010  0.006  0.011  0.125  0.037  0.177  0.019  0.028  0.500
   1.38256     16.507209  0.073  0.025  0.005  0.024  0.113  0.028  0.163  0.022  0.036  0.489
   1.34519     16.668195  0.044  0.048  0.018  0.012  0.070  0.006  0.177  0.035  0.090  0.501
   1.30783     16.608307  0.013  0.155  0.039  0.170  0.001  0.024  0.120  0.018  0.025  0.562
   1.27046     16.474119  0.011  0.106  0.053  0.053  0.006  0.023  0.202  0.031  0.076  0.557
   1.23309     16.325747  0.009  0.091  0.066  0.034  0.004  0.023  0.217  0.031  0.080  0.556
   1.19573     16.166746  0.009  0.083  0.081  0.030  0.003  0.023  0.221  0.030  0.076  0.556
   1.15836     16.003583  0.009  0.078  0.096  0.026  0.002  0.021  0.221  0.029  0.070  0.554
   1.12099     15.840051  0.007  0.074  0.112  0.027  0.001  0.021  0.220  0.028  0.064  0.555
   1.08363     15.678382  0.007  0.071  0.127  0.027  0.001  0.020  0.217  0.027  0.058  0.554
   1.04626     15.519692  0.007  0.066  0.145  0.027  0.001  0.019  0.215  0.027  0.051  0.557
   1.00889     15.364466  0.007  0.062  0.163  0.027  0.002  0.019  0.211  0.026  0.045  0.560
   0.97153     15.212517  0.007  0.058  0.181  0.027  0.002  0.019  0.208  0.025  0.040  0.565
   0.93416     15.063036  0.004  0.053  0.198  0.029  0.003  0.019  0.205  0.024  0.035  0.570
   0.89679     14.914487  0.005  0.045  0.217  0.033  0.004  0.019  0.200  0.025  0.030  0.580
   0.85943     14.764266  0.006  0.038  0.233  0.039  0.006  0.020  0.196  0.025  0.026  0.590
   0.82206     14.609545  0.010  0.031  0.246  0.051  0.008  0.021  0.190  0.023  0.022  0.602
   0.78470     14.447853  0.016  0.024  0.253  0.066  0.008  0.020  0.183  0.023  0.019  0.612
   0.74733     14.279592  0.028  0.021  0.251  0.083  0.007  0.019  0.175  0.020  0.017  0.621
   0.70996     14.110650  0.044  0.019  0.240  0.095  0.006  0.015  0.169  0.016  0.017  0.623
   0.67260     13.952511  0.062  0.017  0.221  0.101  0.004  0.010  0.168  0.012  0.020  0.617
   0.63523     13.818527  0.077  0.015  0.197  0.094  0.005  0.006  0.173  0.007  0.027  0.599
   0.59786     13.714608  0.083  0.012  0.173  0.080  0.008  0.007  0.176  0.003  0.034  0.576
   0.56050     13.634783  0.083  0.011  0.155  0.063  0.012  0.011  0.176  0.001  0.041  0.554
   0.52313     13.568751  0.080  0.010  0.146  0.049  0.017  0.016  0.173  0.001  0.044  0.538
   0.48576     13.509213  0.077  0.011  0.143  0.038  0.020  0.023  0.169  0.001  0.046  0.527
   0.44840     13.452654  0.074  0.012  0.142  0.029  0.023  0.028  0.163  0.002  0.047  0.520
   0.41103     13.398039  0.070  0.016  0.143  0.023  0.025  0.034  0.157  0.002  0.047  0.515
   0.37366     13.345204  0.070  0.018  0.142  0.019  0.026  0.039  0.150  0.002  0.046  0.512
   0.33630     13.294577  0.070  0.021  0.142  0.014  0.027  0.045  0.144  0.002  0.046  0.511
   0.29893     13.246568  0.071  0.024  0.140  0.011  0.028  0.052  0.138  0.001  0.046  0.511
   0.26157     13.201811  0.073  0.026  0.134  0.009  0.028  0.059  0.133  0.002  0.045  0.510
   0.22420     13.160653  0.076  0.029  0.127  0.007  0.027  0.066  0.129  0.002  0.046  0.512
   0.18683     13.123543  0.079  0.031  0.118  0.006  0.028  0.075  0.126  0.002  0.046  0.512
   0.14947     13.091016  0.084  0.032  0.106  0.006  0.029  0.084  0.123  0.002  0.048  0.512
   0.11210     13.063759  0.088  0.032  0.089  0.005  0.030  0.094  0.123  0.003  0.049  0.514
   0.07473     13.042786  0.093  0.032  0.071  0.005  0.030  0.104  0.124  0.003  0.051  0.515
   0.03737     13.029341  0.098  0.031  0.058  0.004  0.030  0.112  0.124  0.003  0.052  0.514
   0.00000     13.024666  0.100  0.032  0.052  0.004  0.032  0.116  0.125  0.003  0.053  0.515
