filename,structure,parent,is_parent,strain,verdict,ops,n_ops,nsym,spacegroup,parent_verdict,verdict_same_as_parent,msg_type,bns,uni,sse_eV,gamma_avg_meV,m1_muB,m2_muB,m1_abs_muB,m_asymmetry_muB,antiparallel,m_total_abs_muB
POSCAR_Ag2F6_3,Ag2F6_3,Ag2F6_3,True,none,compensated_FiM_candidate,,0,2,P-1,compensated_FiM_candidate,True,1,2.4,4,0.042023,0.744,0.102,-0.102,0.102,0.0,True,0.0
POSCAR_Ag2F6_3_st950,Ag2F6_3_st950,Ag2F6_3,False,st950,compensated_FiM_candidate,,0,2,P-1,compensated_FiM_candidate,True,1,2.4,4,0.036292,0.529,0.078,-0.078,0.078,0.0,True,0.0
POSCAR_Ag2F6_3_st975,Ag2F6_3_st975,Ag2F6_3,False,st975,compensated_FiM_candidate,,0,2,P-1,compensated_FiM_candidate,True,1,2.4,4,0.03876,0.579,0.088,-0.088,0.088,0.0,True,0.0
POSCAR_Ag2F6_3_x950,Ag2F6_3_x950,Ag2F6_3,False,x950,compensated_FiM_candidate,,0,2,P-1,compensated_FiM_candidate,True,1,2.4,4,0.003334,0.115,-0.004,0.004,0.004,0.0,True,0.001
POSCAR_Ag2F6_3_y950,Ag2F6_3_y950,Ag2F6_3,False,y950,compensated_FiM_candidate,,0,2,P-1,compensated_FiM_candidate,True,1,2.4,4,0.005466,0.179,0.006,-0.006,0.006,0.0,True,0.001
POSCAR_Ag2F6_3_y975,Ag2F6_3_y975,Ag2F6_3,False,y975,compensated_FiM_candidate,,0,2,P-1,compensated_FiM_candidate,True,1,2.4,4,0.00841,0.347,0.008,-0.007,0.008,0.001,True,0.003
POSCAR_Ag2F6_3_z025,Ag2F6_3_z025,Ag2F6_3,False,z025,compensated_FiM_candidate,,0,2,P-1,compensated_FiM_candidate,True,1,2.4,4,0.077982,2.191,0.109,-0.108,0.109,0.0010000000000000009,True,0.002
POSCAR_Ag2F6_3_z950,Ag2F6_3_z950,Ag2F6_3,False,z950,compensated_FiM_candidate,,0,2,P-1,compensated_FiM_candidate,True,1,2.4,4,0.015396,0.156,0.015,-0.015,0.015,0.0,True,0.0
POSCAR_Ag2F6_3_z975,Ag2F6_3_z975,Ag2F6_3,False,z975,compensated_FiM_candidate,,0,2,P-1,compensated_FiM_candidate,True,1,2.4,4,0.064037,1.319,0.096,-0.096,0.096,0.0,True,0.001
POSCAR_Al10Fe2_1,Al10Fe2_1,Al10Fe2_1,True,none,conventional_AFM_inversion,inversion|mirror/rotoinv|rotation,8,16,I4_1/amd,conventional_AFM_inversion,True,3,141.558,1218,0.042896,3.525,3.038,-3.04,3.038,0.002000000000000224,True,0.002
POSCAR_Al10Fe2_1_st950,Al10Fe2_1_st950,Al10Fe2_1,False,st950,conventional_AFM_inversion,inversion|mirror/rotoinv|rotation,8,16,I4_1/amd,conventional_AFM_inversion,True,3,141.558,1218,0.019014,4.105,2.798,-2.802,2.798,0.0040000000000000036,True,0.002
POSCAR_Al10Fe2_1_st975,Al10Fe2_1_st975,Al10Fe2_1,False,st975,conventional_AFM_inversion,inversion|mirror/rotoinv|rotation,8,16,I4_1/amd,conventional_AFM_inversion,True,3,141.558,1218,0.042746,4.551,2.935,-2.938,2.935,0.0030000000000001137,True,0.003
POSCAR_Al10Fe2_1_x025,Al10Fe2_1_x025,Al10Fe2_1,False,x025,conventional_AFM_inversion,inversion|rotation,2,4,C2/m,conventional_AFM_inversion,True,3,141.558,1218,0.021152,3.728,3.065,-3.068,3.065,0.0030000000000001137,True,0.003
POSCAR_Al10Fe2_1_x975,Al10Fe2_1_x975,Al10Fe2_1,False,x975,conventional_AFM_inversion,inversion|rotation,2,4,C2/m,conventional_AFM_inversion,True,3,141.558,1218,0.047069,3.407,3.004,-3.007,3.004,0.0030000000000001137,True,0.003
POSCAR_Al10Fe2_1_y975,Al10Fe2_1_y975,Al10Fe2_1,False,y975,conventional_AFM_inversion,inversion|rotation,2,4,C2/m,conventional_AFM_inversion,True,3,141.558,1218,0.033551,3.122,3.007,-3.011,3.007,0.0040000000000000036,True,0.003
POSCAR_Al10Fe2_1_z050,Al10Fe2_1_z050,Al10Fe2_1,False,z050,conventional_AFM_inversion,inversion|mirror/rotoinv,2,4,C2/c,conventional_AFM_inversion,True,3,141.558,1218,0.021833,6.381,3.26,-3.264,3.26,0.0040000000000000036,True,0.004
POSCAR_Al2Fe2_2,Al2Fe2_2,Al2Fe2_2,True,none,conventional_AFM_inversion,inversion|rotation,2,4,C2/m,conventional_AFM_inversion,True,3,12.60,67,0.082671,3.702,3.074,-3.077,3.074,0.0030000000000001137,True,0.004
POSCAR_Al2Fe2_2_st025,Al2Fe2_2_st025,Al2Fe2_2,False,st025,conventional_AFM_inversion,inversion|rotation,2,4,C2/m,conventional_AFM_inversion,True,3,12.60,67,0.013031,2.619,3.225,-3.226,3.225,0.0009999999999998899,True,0.002
POSCAR_Al2Fe2_2_st950,Al2Fe2_2_st950,Al2Fe2_2,False,st950,conventional_AFM_inversion,inversion|rotation,2,4,C2/m,conventional_AFM_inversion,True,3,12.60,67,0.013366,1.246,2.67,-2.67,2.67,0.0,True,0.0
POSCAR_Al2Fe2_2_x025,Al2Fe2_2_x025,Al2Fe2_2,False,x025,conventional_AFM_inversion,inversion,1,2,P-1,conventional_AFM_inversion,True,3,12.60,67,0.027716,3.166,3.16,-3.16,3.16,0.0,True,0.0
POSCAR_Al2Fe2_2_x050,Al2Fe2_2_x050,Al2Fe2_2,False,x050,conventional_AFM_inversion,inversion,1,2,P-1,conventional_AFM_inversion,True,3,12.60,67,0.007001,1.63,3.175,-3.175,3.175,0.0,True,0.0
POSCAR_Al2Fe2_2_x950,Al2Fe2_2_x950,Al2Fe2_2,False,x950,conventional_AFM_inversion,inversion,1,2,P-1,conventional_AFM_inversion,True,3,12.60,67,0.010943,1.769,2.784,-2.785,2.784,0.001000000000000334,True,0.001
POSCAR_Al2Fe2_2_x975,Al2Fe2_2_x975,Al2Fe2_2,False,x975,conventional_AFM_inversion,inversion,1,2,P-1,conventional_AFM_inversion,True,3,12.60,67,0.031944,3.587,2.824,-2.826,2.824,0.002000000000000224,True,0.001
POSCAR_Al2Fe2_2_y025,Al2Fe2_2_y025,Al2Fe2_2,False,y025,conventional_AFM_inversion,inversion|rotation,2,4,C2/m,conventional_AFM_inversion,True,3,12.60,67,0.014834,2.961,3.138,-3.14,3.138,0.002000000000000224,True,0.002
POSCAR_Al2Fe2_2_y950,Al2Fe2_2_y950,Al2Fe2_2,False,y950,conventional_AFM_inversion,inversion|rotation,2,4,C2/m,conventional_AFM_inversion,True,3,12.60,67,0.005462,1.022,2.804,-2.805,2.804,0.001000000000000334,True,0.001
POSCAR_Al2Fe2_2_z050,Al2Fe2_2_z050,Al2Fe2_2,False,z050,conventional_AFM_inversion,inversion,1,2,P-1,conventional_AFM_inversion,True,3,12.60,67,0.017962,2.822,2.914,-2.913,2.914,0.001000000000000334,True,0.0
POSCAR_Al2Fe2_2_z950,Al2Fe2_2_z950,Al2Fe2_2,False,z950,conventional_AFM_inversion,inversion,1,2,P-1,conventional_AFM_inversion,True,3,12.60,67,0.00829,1.616,2.938,-2.938,2.938,0.0,True,0.0
POSCAR_Al2Fe2_2_z975,Al2Fe2_2_z975,Al2Fe2_2,False,z975,conventional_AFM_inversion,inversion,1,2,P-1,conventional_AFM_inversion,True,3,12.60,67,0.006618,1.228,3.055,-3.055,3.055,0.0,True,0.0
POSCAR_Al2Mn2_2,Al2Mn2_2,Al2Mn2_2,True,none,conventional_AFM_translation,inversion|mirror/rotoinv|rotation|translation,16,32,P4/mmm,conventional_AFM_translation,True,4,123.348,1008,0.011028,2.083,4.106,-4.103,4.106,0.0030000000000001137,True,0.003
POSCAR_Al2Mn2_2_st950,Al2Mn2_2_st950,Al2Mn2_2,False,st950,conventional_AFM_translation,inversion|mirror/rotoinv|rotation|translation,16,32,P4/mmm,conventional_AFM_translation,True,4,123.348,1008,0.011499,2.432,3.786,-3.784,3.786,0.002000000000000224,True,0.002
POSCAR_Al2Mn2_2_st975,Al2Mn2_2_st975,Al2Mn2_2,False,st975,conventional_AFM_translation,inversion|mirror/rotoinv|rotation|translation,16,32,P4/mmm,conventional_AFM_translation,True,4,123.348,1008,0.011657,2.327,3.947,-3.943,3.947,0.0040000000000000036,True,0.004
POSCAR_Al2Mn2_2_x025,Al2Mn2_2_x025,Al2Mn2_2,False,x025,conventional_AFM_translation,inversion|mirror/rotoinv|rotation|translation,8,16,Pmmm,conventional_AFM_translation,True,4,123.348,1008,0.00999,2.01,4.154,-4.153,4.154,0.001000000000000334,True,0.001
POSCAR_Al2Mn2_2_x050,Al2Mn2_2_x050,Al2Mn2_2,False,x050,conventional_AFM_translation,inversion|mirror/rotoinv|rotation|translation,8,16,Pmmm,conventional_AFM_translation,True,4,123.348,1008,0.010084,1.957,4.201,-4.2,4.201,0.0009999999999994458,True,0.001
POSCAR_Al2Mn2_2_y025,Al2Mn2_2_y025,Al2Mn2_2,False,y025,conventional_AFM_translation,inversion|mirror/rotoinv|rotation|translation,8,16,Pmmm,conventional_AFM_translation,True,4,123.348,1008,0.009996,2.01,4.154,-4.153,4.154,0.001000000000000334,True,0.001
POSCAR_Al2Mn2_2_y050,Al2Mn2_2_y050,Al2Mn2_2,False,y050,conventional_AFM_translation,inversion|mirror/rotoinv|rotation|translation,8,16,Pmmm,conventional_AFM_translation,True,4,123.348,1008,0.01009,1.958,4.201,-4.2,4.201,0.0009999999999994458,True,0.001
POSCAR_Al2Mn2_2_z025,Al2Mn2_2_z025,Al2Mn2_2,False,z025,conventional_AFM_translation,inversion|mirror/rotoinv|rotation|translation,16,32,Pm-3m,conventional_AFM_translation,True,4,123.348,1008,0.010663,2.201,4.136,-4.133,4.136,0.0030000000000001137,True,0.003
POSCAR_Al2Mn2_2_z050,Al2Mn2_2_z050,Al2Mn2_2,False,z050,conventional_AFM_translation,inversion|mirror/rotoinv|rotation|translation,16,32,Pm-3m,conventional_AFM_translation,True,4,123.348,1008,0.009765,2.11,4.176,-4.174,4.176,0.0019999999999997797,True,0.001
POSCAR_Al2Mn2_2_z950,Al2Mn2_2_z950,Al2Mn2_2,False,z950,conventional_AFM_translation,inversion|mirror/rotoinv|rotation|translation,16,32,P4/mmm,conventional_AFM_translation,True,4,123.348,1008,0.010735,2.614,4.007,-4.005,4.007,0.0019999999999997797,True,0.002
POSCAR_Al2Mn2_2_z975,Al2Mn2_2_z975,Al2Mn2_2,False,z975,conventional_AFM_translation,inversion|mirror/rotoinv|rotation|translation,16,32,P4/mmm,conventional_AFM_translation,True,4,123.348,1008,0.010537,2.233,4.041,-4.04,4.041,0.001000000000000334,True,0.001
POSCAR_Al3Fe2_2,Al3Fe2_2,Al3Fe2_2,True,none,conventional_AFM_inversion,inversion|mirror/rotoinv|rotation,4,8,Immm,conventional_AFM_inversion,True,3,71.535,633,0.013452,2.111,2.842,-2.842,2.842,0.0,True,0.001
POSCAR_Al3Fe2_2_st975,Al3Fe2_2_st975,Al3Fe2_2,False,st975,conventional_AFM_inversion,inversion|mirror/rotoinv|rotation,4,8,Immm,conventional_AFM_inversion,True,3,71.535,633,0.01104,2.393,2.627,-2.628,2.627,0.001000000000000334,True,0.0
POSCAR_Al3Fe2_2_x025,Al3Fe2_2_x025,Al3Fe2_2,False,x025,conventional_AFM_inversion,inversion|mirror/rotoinv,2,4,C2/m,conventional_AFM_inversion,True,3,71.535,633,0.008255,1.356,2.859,-2.861,2.859,0.002000000000000224,True,0.001
POSCAR_Al3Fe2_2_x050,Al3Fe2_2_x050,Al3Fe2_2,False,x050,conventional_AFM_inversion,inversion|mirror/rotoinv,2,4,C2/m,conventional_AFM_inversion,True,3,71.535,633,0.007952,1.385,2.935,-2.936,2.935,0.0009999999999998899,True,0.002
POSCAR_Al3Fe2_2_x950,Al3Fe2_2_x950,Al3Fe2_2,False,x950,conventional_AFM_inversion,inversion|mirror/rotoinv,2,4,C2/m,conventional_AFM_inversion,True,3,71.535,633,0.009013,1.012,2.717,-2.717,2.717,0.0,True,0.0
POSCAR_Al3Fe2_2_x975,Al3Fe2_2_x975,Al3Fe2_2,False,x975,conventional_AFM_inversion,inversion|mirror/rotoinv,2,4,C2/m,conventional_AFM_inversion,True,3,71.535,633,0.008457,1.182,2.801,-2.801,2.801,0.0,True,0.0
POSCAR_Al3Fe2_2_y025,Al3Fe2_2_y025,Al3Fe2_2,False,y025,conventional_AFM_inversion,inversion|rotation,2,4,C2/m,conventional_AFM_inversion,True,3,71.535,633,0.011615,1.063,2.88,-2.882,2.88,0.002000000000000224,True,0.001
POSCAR_Al3Fe2_2_y050,Al3Fe2_2_y050,Al3Fe2_2,False,y050,conventional_AFM_inversion,inversion|rotation,2,4,C2/m,conventional_AFM_inversion,True,3,71.535,633,0.010364,1.67,2.917,-2.917,2.917,0.0,True,0.001
POSCAR_Al3Fe2_2_y975,Al3Fe2_2_y975,Al3Fe2_2,False,y975,conventional_AFM_inversion,inversion|rotation,2,4,C2/m,conventional_AFM_inversion,True,3,71.535,633,0.010483,2.031,2.694,-2.693,2.694,0.0009999999999998899,True,0.002
POSCAR_Al3Fe2_2_z025,Al3Fe2_2_z025,Al3Fe2_2,False,z025,conventional_AFM_inversion,inversion,1,2,P-1,conventional_AFM_inversion,True,3,71.535,633,0.007795,1.295,2.869,-2.869,2.869,0.0,True,0.0
POSCAR_Al3Fe2_2_z050,Al3Fe2_2_z050,Al3Fe2_2,False,z050,conventional_AFM_inversion,inversion,1,2,P-1,conventional_AFM_inversion,True,3,71.535,633,0.013742,1.616,2.892,-2.892,2.892,0.0,True,0.0
POSCAR_Al3Fe2_2_z950,Al3Fe2_2_z950,Al3Fe2_2,False,z950,conventional_AFM_inversion,inversion,1,2,P-1,conventional_AFM_inversion,True,3,71.535,633,0.00858,1.901,2.731,-2.731,2.731,0.0,True,0.0
POSCAR_Al3Fe2_2_z975,Al3Fe2_2_z975,Al3Fe2_2,False,z975,conventional_AFM_inversion,inversion,1,2,P-1,conventional_AFM_inversion,True,3,71.535,633,0.008667,1.184,2.807,-2.807,2.807,0.0,True,0.0
POSCAR_Al5Mn2_1,Al5Mn2_1,Al5Mn2_1,True,none,conventional_AFM_inversion,inversion|mirror/rotoinv|rotation,6,12,R-3m,conventional_AFM_inversion,True,3,166.99,1329,0.015454,3.305,4.217,-4.216,4.217,0.0009999999999994458,True,0.001
POSCAR_Al5Mn2_1_st025,Al5Mn2_1_st025,Al5Mn2_1,False,st025,conventional_AFM_inversion,inversion|mirror/rotoinv|rotation,6,12,R-3m,conventional_AFM_inversion,True,3,166.99,1329,0.013926,3.247,4.311,-4.312,4.311,0.001000000000000334,True,0.001
POSCAR_Al5Mn2_1_st050,Al5Mn2_1_st050,Al5Mn2_1,False,st050,conventional_AFM_inversion,inversion|mirror/rotoinv|rotation,6,12,R-3m,conventional_AFM_inversion,True,3,166.99,1329,0.015113,3.766,4.388,-4.388,4.388,0.0,True,0.001
POSCAR_Al5Mn2_1_st975,Al5Mn2_1_st975,Al5Mn2_1,False,st975,conventional_AFM_inversion,inversion|mirror/rotoinv|rotation,6,12,R-3m,conventional_AFM_inversion,True,3,166.99,1329,0.015802,4.124,4.1,-4.098,4.1,0.0019999999999997797,True,0.003
POSCAR_Al5Mn2_1_x025,Al5Mn2_1_x025,Al5Mn2_1,False,x025,conventional_AFM_inversion,inversion,1,2,P-1,conventional_AFM_inversion,True,3,166.99,1329,0.015286,3.898,4.251,-4.25,4.251,0.001000000000000334,True,0.002
POSCAR_Al5Mn2_1_x050,Al5Mn2_1_x050,Al5Mn2_1,False,x050,conventional_AFM_inversion,inversion,1,2,P-1,conventional_AFM_inversion,True,3,166.99,1329,0.015588,3.857,4.283,-4.281,4.283,0.002000000000000668,True,0.003
POSCAR_Al5Mn2_1_x950,Al5Mn2_1_x950,Al5Mn2_1,False,x950,conventional_AFM_inversion,inversion,1,2,P-1,conventional_AFM_inversion,True,3,166.99,1329,0.014834,4.508,4.14,-4.14,4.14,0.0,True,0.001
POSCAR_Al5Mn2_1_x975,Al5Mn2_1_x975,Al5Mn2_1,False,x975,conventional_AFM_inversion,inversion,1,2,P-1,conventional_AFM_inversion,True,3,166.99,1329,0.014906,3.873,4.18,-4.181,4.18,0.001000000000000334,True,0.0
POSCAR_Al5Mn2_1_y025,Al5Mn2_1_y025,Al5Mn2_1,False,y025,conventional_AFM_inversion,inversion,1,2,P-1,conventional_AFM_inversion,True,3,166.99,1329,0.015101,3.946,4.251,-4.251,4.251,0.0,True,0.001
POSCAR_Al5Mn2_1_y050,Al5Mn2_1_y050,Al5Mn2_1,False,y050,conventional_AFM_inversion,inversion,1,2,P-1,conventional_AFM_inversion,True,3,166.99,1329,0.015316,4.542,4.283,-4.282,4.283,0.001000000000000334,True,0.003
POSCAR_Al5Mn2_1_y950,Al5Mn2_1_y950,Al5Mn2_1,False,y950,conventional_AFM_inversion,inversion,1,2,P-1,conventional_AFM_inversion,True,3,166.99,1329,0.014216,3.848,4.141,-4.141,4.141,0.0,True,0.001
POSCAR_Al5Mn2_1_y975,Al5Mn2_1_y975,Al5Mn2_1,False,y975,conventional_AFM_inversion,inversion,1,2,P-1,conventional_AFM_inversion,True,3,166.99,1329,0.01486,5.05,4.181,-4.179,4.181,0.0019999999999997797,True,0.003
POSCAR_Al5Mn2_1_z025,Al5Mn2_1_z025,Al5Mn2_1,False,z025,conventional_AFM_inversion,inversion|rotation,2,4,C2/m,conventional_AFM_inversion,True,3,166.99,1329,0.01486,4.49,4.254,-4.254,4.254,0.0,True,0.0
POSCAR_Al5Mn2_1_z050,Al5Mn2_1_z050,Al5Mn2_1,False,z050,conventional_AFM_inversion,inversion|rotation,2,4,C2/m,conventional_AFM_inversion,True,3,166.99,1329,0.014306,4.448,4.28,-4.281,4.28,0.0009999999999994458,True,0.001
POSCAR_Al5Mn2_1_z975,Al5Mn2_1_z975,Al5Mn2_1,False,z975,conventional_AFM_inversion,inversion|rotation,2,4,C2/m,conventional_AFM_inversion,True,3,166.99,1329,0.015625,4.882,4.18,-4.179,4.18,0.0009999999999994458,True,0.002
POSCAR_As1V2_1,As1V2_1,As1V2_1,True,none,conventional_AFM_inversion,inversion|rotation,2,4,C2/m,conventional_AFM_inversion,True,3,12.60,67,0.010596,2.626,2.554,-2.551,2.554,0.0029999999999996696,True,0.003
POSCAR_As1V2_1_st050,As1V2_1_st050,As1V2_1,False,st050,conventional_AFM_inversion,inversion|rotation,2,4,C2/m,conventional_AFM_inversion,True,3,12.60,67,0.011958,2.973,2.682,-2.68,2.682,0.0019999999999997797,True,0.002
POSCAR_As1V2_1_x025,As1V2_1_x025,As1V2_1,False,x025,conventional_AFM_inversion,inversion,1,2,P-1,conventional_AFM_inversion,True,3,12.60,67,0.006343,0.84,2.581,-2.581,2.581,0.0,True,0.0
POSCAR_As1V2_1_x050,As1V2_1_x050,As1V2_1,False,x050,conventional_AFM_inversion,inversion,1,2,P-1,conventional_AFM_inversion,True,3,12.60,67,0.005809,0.775,2.606,-2.606,2.606,0.0,True,0.0
POSCAR_As1V2_1_x950,As1V2_1_x950,As1V2_1,False,x950,conventional_AFM_inversion,inversion,1,2,P-1,conventional_AFM_inversion,True,3,12.60,67,0.005735,1.255,2.495,-2.495,2.495,0.0,True,0.0
POSCAR_As1V2_1_x975,As1V2_1_x975,As1V2_1,False,x975,conventional_AFM_inversion,inversion,1,2,P-1,conventional_AFM_inversion,True,3,12.60,67,0.006191,1.025,2.525,-2.524,2.525,0.0009999999999998899,True,0.0
POSCAR_As1V2_1_y025,As1V2_1_y025,As1V2_1,False,y025,conventional_AFM_inversion,inversion,1,2,P-1,conventional_AFM_inversion,True,3,12.60,67,0.006241,1.036,2.582,-2.582,2.582,0.0,True,0.0
POSCAR_As1V2_1_y050,As1V2_1_y050,As1V2_1,False,y050,conventional_AFM_inversion,inversion,1,2,P-1,conventional_AFM_inversion,True,3,12.60,67,0.005902,1.158,2.609,-2.609,2.609,0.0,True,0.0
POSCAR_As1V2_1_y950,As1V2_1_y950,As1V2_1,False,y950,conventional_AFM_inversion,inversion,1,2,P-1,conventional_AFM_inversion,True,3,12.60,67,0.006592,0.987,2.492,-2.492,2.492,0.0,True,0.001
POSCAR_As1V2_1_y975,As1V2_1_y975,As1V2_1,False,y975,conventional_AFM_inversion,inversion,1,2,P-1,conventional_AFM_inversion,True,3,12.60,67,0.005919,0.901,2.523,-2.523,2.523,0.0,True,0.0
POSCAR_As1V2_1_z025,As1V2_1_z025,As1V2_1,False,z025,conventional_AFM_inversion,inversion|rotation,2,4,C2/m,conventional_AFM_inversion,True,3,12.60,67,0.005736,0.912,2.581,-2.582,2.581,0.0009999999999998899,True,0.0
POSCAR_As1V2_1_z050,As1V2_1_z050,As1V2_1,False,z050,conventional_AFM_inversion,inversion|rotation,2,4,C2/m,conventional_AFM_inversion,True,3,12.60,67,0.006135,1.196,2.607,-2.607,2.607,0.0,True,0.0
POSCAR_As1V2_1_z950,As1V2_1_z950,As1V2_1,False,z950,conventional_AFM_inversion,inversion|rotation,2,4,C2/m,conventional_AFM_inversion,True,3,12.60,67,0.006102,1.029,2.48,-2.48,2.48,0.0,True,0.0
POSCAR_As1V2_1_z975,As1V2_1_z975,As1V2_1,False,z975,conventional_AFM_inversion,inversion|rotation,2,4,C2/m,conventional_AFM_inversion,True,3,12.60,67,0.006598,1.07,2.519,-2.518,2.519,0.001000000000000334,True,0.0
POSCAR_As2Cr2_1,As2Cr2_1,As2Cr2_1,True,none,compensated_FiM_candidate,,0,2,Cm,compensated_FiM_candidate,True,1,8.32,39,0.740445,3.907,3.992,-3.994,3.992,0.002000000000000224,True,0.004
POSCAR_As2Cr2_1_st025,As2Cr2_1_st025,As2Cr2_1,False,st025,compensated_FiM_candidate,,0,2,Cm,compensated_FiM_candidate,True,1,8.32,39,0.748907,4.272,4.034,-4.036,4.034,0.0019999999999997797,True,0.003
POSCAR_As2Cr2_1_st950,As2Cr2_1_st950,As2Cr2_1,False,st950,compensated_FiM_candidate,,0,2,Cm,compensated_FiM_candidate,True,1,8.32,39,0.779899,3.281,3.874,-3.872,3.874,0.002000000000000224,True,0.001
POSCAR_As2Cr2_1_st975,As2Cr2_1_st975,As2Cr2_1,False,st975,compensated_FiM_candidate,,0,2,Cm,compensated_FiM_candidate,True,1,8.32,39,0.709517,3.831,3.942,-3.94,3.942,0.002000000000000224,True,0.001
POSCAR_As2Cr2_1_z025,As2Cr2_1_z025,As2Cr2_1,False,z025,compensated_FiM_candidate,,0,2,Cm,compensated_FiM_candidate,True,1,8.32,39,0.688894,3.628,4.022,-4.02,4.022,0.002000000000000668,True,0.001
POSCAR_As2Cr2_1_z050,As2Cr2_1_z050,As2Cr2_1,False,z050,ALTERMAGNET,mirror/rotoinv,1,2,Cc,compensated_FiM_candidate,False,1,8.32,39,0.670694,2.739,4.049,-4.049,4.049,0.0,True,0.001
POSCAR_As2Cr2_1_z950,As2Cr2_1_z950,As2Cr2_1,False,z950,ALTERMAGNET,mirror/rotoinv,1,2,Cc,compensated_FiM_candidate,False,1,8.32,39,0.868294,3.609,3.928,-3.93,3.928,0.002000000000000224,True,0.002
POSCAR_As2Cr2_1_z975,As2Cr2_1_z975,As2Cr2_1,False,z975,ALTERMAGNET,mirror/rotoinv,1,2,Cc,compensated_FiM_candidate,False,1,8.32,39,0.805968,4.593,3.963,-3.965,3.963,0.0019999999999997797,True,0.004
POSCAR_As2Cr2_4,As2Cr2_4,As2Cr2_4,True,none,conventional_AFM_inversion,inversion|mirror/rotoinv|rotation,4,8,Cmcm,conventional_AFM_inversion,True,3,63.460,558,0.014335,1.385,4.085,-4.085,4.085,0.0,True,0.001
POSCAR_As2Cr2_4_st025,As2Cr2_4_st025,As2Cr2_4,False,st025,conventional_AFM_inversion,inversion|mirror/rotoinv|rotation,4,8,Cmcm,conventional_AFM_inversion,True,3,63.460,558,0.013762,1.741,4.129,-4.128,4.129,0.0009999999999994458,True,0.002
POSCAR_As2Cr2_4_st050,As2Cr2_4_st050,As2Cr2_4,False,st050,conventional_AFM_inversion,inversion|mirror/rotoinv|rotation,4,8,Cmcm,conventional_AFM_inversion,True,3,63.460,558,0.012103,1.556,4.159,-4.159,4.159,0.0,True,0.0
POSCAR_As2Cr2_4_st950,As2Cr2_4_st950,As2Cr2_4,False,st950,conventional_AFM_inversion,inversion|mirror/rotoinv|rotation,4,8,Cmcm,conventional_AFM_inversion,True,3,63.460,558,0.018884,2.256,3.959,-3.958,3.959,0.0009999999999998899,True,0.003
POSCAR_As2Cr2_4_st975,As2Cr2_4_st975,As2Cr2_4,False,st975,conventional_AFM_inversion,inversion|mirror/rotoinv|rotation,4,8,Cmcm,conventional_AFM_inversion,True,3,63.460,558,0.015725,1.62,4.033,-4.033,4.033,0.0,True,0.0
POSCAR_As2Cr2_4_x025,As2Cr2_4_x025,As2Cr2_4,False,x025,conventional_AFM_inversion,inversion|rotation,2,4,P2_1/m,conventional_AFM_inversion,True,3,63.460,558,0.016136,1.773,4.098,-4.097,4.098,0.0009999999999994458,True,0.001
POSCAR_As2Cr2_4_x050,As2Cr2_4_x050,As2Cr2_4,False,x050,conventional_AFM_inversion,inversion|rotation,2,4,P2_1/m,conventional_AFM_inversion,True,3,63.460,558,0.013975,2.335,4.107,-4.107,4.107,0.0,True,0.001
POSCAR_As2Cr2_4_x950,As2Cr2_4_x950,As2Cr2_4,False,x950,conventional_AFM_inversion,inversion|rotation,2,4,P2_1/m,conventional_AFM_inversion,True,3,63.460,558,0.017682,2.741,4.065,-4.064,4.065,0.001000000000000334,True,0.002
POSCAR_As2Cr2_4_x975,As2Cr2_4_x975,As2Cr2_4,False,x975,conventional_AFM_inversion,inversion|mirror/rotoinv|rotation,4,8,Cmcm,conventional_AFM_inversion,True,3,63.460,558,0.017416,2.152,4.076,-4.075,4.076,0.0009999999999994458,True,0.001
POSCAR_As2Cr2_4_y025,As2Cr2_4_y025,As2Cr2_4,False,y025,conventional_AFM_inversion,inversion|mirror/rotoinv|rotation,4,8,Cmcm,conventional_AFM_inversion,True,3,63.460,558,0.014218,1.603,4.098,-4.097,4.098,0.0009999999999994458,True,0.001
POSCAR_As2Cr2_4_y050,As2Cr2_4_y050,As2Cr2_4,False,y050,conventional_AFM_inversion,inversion|rotation,2,4,P2_1/m,conventional_AFM_inversion,True,3,63.460,558,0.014009,1.879,4.107,-4.106,4.107,0.001000000000000334,True,0.001
POSCAR_As2Cr2_4_y950,As2Cr2_4_y950,As2Cr2_4,False,y950,conventional_AFM_inversion,inversion|rotation,2,4,P2_1/m,conventional_AFM_inversion,True,3,63.460,558,0.017292,2.824,4.066,-4.064,4.066,0.0019999999999997797,True,0.003
POSCAR_As2Cr2_4_y975,As2Cr2_4_y975,As2Cr2_4,False,y975,conventional_AFM_inversion,inversion|rotation,2,4,P2_1/m,conventional_AFM_inversion,True,3,63.460,558,0.01333,3.974,4.076,-4.078,4.076,0.002000000000000668,True,0.004
POSCAR_As2Cr2_4_z025,As2Cr2_4_z025,As2Cr2_4,False,z025,conventional_AFM_inversion,inversion|mirror/rotoinv|rotation,4,8,Cmcm,conventional_AFM_inversion,True,3,63.460,558,0.01425,1.357,4.109,-4.109,4.109,0.0,True,0.001
POSCAR_As2Cr2_4_z050,As2Cr2_4_z050,As2Cr2_4,False,z050,conventional_AFM_inversion,inversion|mirror/rotoinv|rotation,4,8,Cmcm,conventional_AFM_inversion,True,3,63.460,558,0.015783,1.94,4.135,-4.133,4.135,0.0019999999999997797,True,0.002
POSCAR_As2Cr2_4_z975,As2Cr2_4_z975,As2Cr2_4,False,z975,conventional_AFM_inversion,inversion|mirror/rotoinv|rotation,4,8,Cmcm,conventional_AFM_inversion,True,3,63.460,558,0.01708,2.562,4.057,-4.056,4.057,0.001000000000000334,True,0.002
POSCAR_As2Mo2_1,As2Mo2_1,As2Mo2_1,True,none,ALTERMAGNET,mirror/rotoinv|rotation,4,8,I4_1md,ALTERMAGNET,True,3,109.242,902,0.787982,0.545,2.34,-2.34,2.34,0.0,True,0.0
POSCAR_As2Mo2_1_st025,As2Mo2_1_st025,As2Mo2_1,False,st025,ALTERMAGNET,mirror/rotoinv|rotation,4,8,I4_1md,ALTERMAGNET,True,3,109.242,902,0.793091,0.536,2.586,-2.586,2.586,0.0,True,0.0
POSCAR_As2Mo2_1_st050,As2Mo2_1_st050,As2Mo2_1,False,st050,ALTERMAGNET,mirror/rotoinv|rotation,4,8,I4_1md,ALTERMAGNET,True,3,109.242,902,1.034625,0.505,2.799,-2.799,2.799,0.0,True,0.0
POSCAR_As2Mo2_1_st950,As2Mo2_1_st950,As2Mo2_1,False,st950,ALTERMAGNET,mirror/rotoinv|rotation,4,8,I4_1md,ALTERMAGNET,True,3,109.242,902,0.91958,0.445,1.341,-1.341,1.341,0.0,True,0.0
POSCAR_As2Mo2_1_st975,As2Mo2_1_st975,As2Mo2_1,False,st975,ALTERMAGNET,mirror/rotoinv|rotation,4,8,I4_1md,ALTERMAGNET,True,3,109.242,902,0.851399,0.524,2.032,-2.032,2.032,0.0,True,0.0
POSCAR_As2Mo2_1_z025,As2Mo2_1_z025,As2Mo2_1,False,z025,ALTERMAGNET,mirror/rotoinv,1,2,Cc,ALTERMAGNET,True,3,109.242,902,0.825663,0.599,2.42,-2.42,2.42,0.0,True,0.0
POSCAR_As2Mo2_1_z050,As2Mo2_1_z050,As2Mo2_1,False,z050,ALTERMAGNET,mirror/rotoinv,1,2,Cc,ALTERMAGNET,True,3,109.242,902,0.85641,0.463,2.493,-2.493,2.493,0.0,True,0.0
POSCAR_As2Mo2_1_z950,As2Mo2_1_z950,As2Mo2_1,False,z950,ALTERMAGNET,mirror/rotoinv,1,2,Cc,ALTERMAGNET,True,3,109.242,902,0.765184,0.535,2.138,-2.138,2.138,0.0,True,0.0
POSCAR_As2Mo2_1_z975,As2Mo2_1_z975,As2Mo2_1,False,z975,ALTERMAGNET,mirror/rotoinv,1,2,Cc,ALTERMAGNET,True,3,109.242,902,0.865291,0.535,2.245,-2.245,2.245,0.0,True,0.0
POSCAR_As2Mo2_3,As2Mo2_3,As2Mo2_3,True,none,ALTERMAGNET,mirror/rotoinv|rotation,12,24,P6_3/mmc,ALTERMAGNET,True,3,194.269,1499,0.669785,1.089,1.29,-1.294,1.29,0.0040000000000000036,True,0.004
POSCAR_As2Mo2_3_st975,As2Mo2_3_st975,As2Mo2_3,False,st975,ALTERMAGNET,mirror/rotoinv|rotation,12,24,P6_3/mmc,ALTERMAGNET,True,3,194.269,1499,0.083541,0.477,0.055,-0.056,0.055,0.0010000000000000009,True,0.001
POSCAR_As2Mo2_3_x950,As2Mo2_3_x950,As2Mo2_3,False,x950,ALTERMAGNET,mirror/rotoinv|rotation,2,4,P2_1/m,ALTERMAGNET,True,3,194.269,1499,0.750309,0.202,0.894,-0.894,0.894,0.0,True,0.0
POSCAR_As2Mo2_3_x975,As2Mo2_3_x975,As2Mo2_3,False,x975,ALTERMAGNET,mirror/rotoinv|rotation,4,8,Cmcm,ALTERMAGNET,True,3,194.269,1499,0.77387,0.053,1.193,-1.193,1.193,0.0,True,0.0
POSCAR_As2Mo2_3_y975,As2Mo2_3_y975,As2Mo2_3,False,y975,ALTERMAGNET,mirror/rotoinv|rotation,4,8,Cmcm,ALTERMAGNET,True,3,194.269,1499,0.7735,0.04,1.193,-1.193,1.193,0.0,True,0.0
POSCAR_As2Mo2_4,As2Mo2_4,As2Mo2_4,True,none,conventional_AFM_inversion,inversion|mirror/rotoinv|rotation,8,16,P4/nmm,conventional_AFM_inversion,True,3,129.413,1073,0.013832,3.536,1.662,-1.664,1.662,0.0020000000000000018,True,0.003
POSCAR_As2Mo2_4_st025,As2Mo2_4_st025,As2Mo2_4,False,st025,conventional_AFM_inversion,inversion|mirror/rotoinv|rotation,8,16,P4/nmm,conventional_AFM_inversion,True,3,129.413,1073,0.012847,3.772,2.103,-2.103,2.103,0.0,True,0.002
POSCAR_As2Mo2_4_st050,As2Mo2_4_st050,As2Mo2_4,False,st050,conventional_AFM_inversion,inversion|mirror/rotoinv|rotation,8,16,P4/nmm,conventional_AFM_inversion,True,3,129.413,1073,0.015537,5.338,2.589,-2.584,2.589,0.004999999999999893,True,0.004
POSCAR_As2Mo2_4_st975,As2Mo2_4_st975,As2Mo2_4,False,st975,conventional_AFM_inversion,inversion|mirror/rotoinv|rotation,8,16,P4/nmm,conventional_AFM_inversion,True,3,129.413,1073,0.014885,3.186,1.04,-1.038,1.04,0.0020000000000000018,True,0.001
POSCAR_As2Mo2_4_x025,As2Mo2_4_x025,As2Mo2_4,False,x025,conventional_AFM_inversion,inversion|mirror/rotoinv|rotation,8,16,P4/nmm,conventional_AFM_inversion,True,3,129.413,1073,0.014758,3.789,1.812,-1.814,1.812,0.0020000000000000018,True,0.003
POSCAR_As2Mo2_4_y025,As2Mo2_4_y025,As2Mo2_4,False,y025,conventional_AFM_inversion,inversion|mirror/rotoinv|rotation,4,8,Pmmn,conventional_AFM_inversion,True,3,129.413,1073,0.013445,3.816,1.862,-1.86,1.862,0.0020000000000000018,True,0.001
POSCAR_As2Mo2_4_z050,As2Mo2_4_z050,As2Mo2_4,False,z050,conventional_AFM_inversion,inversion|mirror/rotoinv|rotation,8,16,P4/nmm,conventional_AFM_inversion,True,3,129.413,1073,0.013309,4.161,1.902,-1.901,1.902,0.0009999999999998899,True,0.0
POSCAR_As2Mo2_4_z950,As2Mo2_4_z950,As2Mo2_4,False,z950,conventional_AFM_inversion,inversion|mirror/rotoinv|rotation,8,16,P4/nmm,conventional_AFM_inversion,True,3,129.413,1073,0.013513,2.99,1.157,-1.154,1.157,0.0030000000000001137,True,0.002
POSCAR_As2Mo2_4_z975,As2Mo2_4_z975,As2Mo2_4,False,z975,conventional_AFM_inversion,inversion|mirror/rotoinv|rotation,8,16,P4/nmm,conventional_AFM_inversion,True,3,129.413,1073,0.013802,3.623,1.398,-1.393,1.398,0.004999999999999893,True,0.004
POSCAR_As2Nb2_2,As2Nb2_2,As2Nb2_2,True,none,ALTERMAGNET,mirror/rotoinv|rotation,12,24,P6_3/mmc,ALTERMAGNET,True,3,194.269,1499,0.014892,0.471,0.006,-0.004,0.006,0.002,True,0.002
POSCAR_As2Nb2_2_y025,As2Nb2_2_y025,As2Nb2_2,False,y025,ALTERMAGNET,mirror/rotoinv|rotation,2,4,P2_1/m,ALTERMAGNET,True,3,194.269,1499,0.005726,0.097,0.002,-0.002,0.002,0.0,True,0.0
POSCAR_As2Ni2_1,As2Ni2_1,As2Ni2_1,True,none,ALTERMAGNET,mirror/rotoinv|rotation,12,24,P6_3/mmc,ALTERMAGNET,True,3,194.269,1499,0.039255,0.48,0.019,-0.02,0.019,0.0010000000000000009,True,0.001
POSCAR_As2Ni2_1_x025,As2Ni2_1_x025,As2Ni2_1,False,x025,ALTERMAGNET,mirror/rotoinv|rotation,4,8,Cmcm,ALTERMAGNET,True,3,194.269,1499,0.006353,0.184,0.002,-0.003,0.002,0.001,True,0.0
POSCAR_As2Ni2_1_x050,As2Ni2_1_x050,As2Ni2_1,False,x050,ALTERMAGNET,mirror/rotoinv|rotation,2,4,P2_1/m,ALTERMAGNET,True,3,194.269,1499,0.006627,0.133,0.003,-0.003,0.003,0.0,True,0.0
POSCAR_As2Ni2_1_y025,As2Ni2_1_y025,As2Ni2_1,False,y025,ALTERMAGNET,mirror/rotoinv|rotation,4,8,Cmcm,ALTERMAGNET,True,3,194.269,1499,0.00749,0.504,0.002,-0.003,0.002,0.001,True,0.001
POSCAR_As2Ni2_1_y050,As2Ni2_1_y050,As2Ni2_1,False,y050,ALTERMAGNET,mirror/rotoinv|rotation,2,4,P2_1/m,ALTERMAGNET,True,3,194.269,1499,0.007334,0.461,0.002,-0.004,0.002,0.002,True,0.001
POSCAR_As2Ni2_1_z050,As2Ni2_1_z050,As2Ni2_1,False,z050,ALTERMAGNET,mirror/rotoinv|rotation,12,24,P6_3/mmc,ALTERMAGNET,True,3,194.269,1499,0.015835,0.27,0.006,-0.007,0.006,0.001,True,0.001
POSCAR_As2Ru2_2,As2Ru2_2,As2Ru2_2,True,none,ALTERMAGNET,mirror/rotoinv|rotation,12,24,P6_3/mmc,ALTERMAGNET,True,3,194.269,1499,0.418411,1.204,1.052,-1.05,1.052,0.0020000000000000018,True,0.002
POSCAR_As2Ru2_2_st025,As2Ru2_2_st025,As2Ru2_2,False,st025,ALTERMAGNET,mirror/rotoinv|rotation,12,24,P6_3/mmc,ALTERMAGNET,True,3,194.269,1499,0.466105,1.475,1.184,-1.183,1.184,0.0009999999999998899,True,0.001
POSCAR_As2Ru2_2_st050,As2Ru2_2_st050,As2Ru2_2,False,st050,ALTERMAGNET,mirror/rotoinv|rotation,12,24,P6_3/mmc,ALTERMAGNET,True,3,194.269,1499,0.453433,2.3,1.471,-1.475,1.471,0.0040000000000000036,True,0.004
POSCAR_As2Ru2_2_st950,As2Ru2_2_st950,As2Ru2_2,False,st950,ALTERMAGNET,mirror/rotoinv|rotation,12,24,P6_3/mmc,ALTERMAGNET,True,3,194.269,1499,0.498606,0.56,0.824,-0.825,0.824,0.0010000000000000009,True,0.0
POSCAR_As2Ru2_2_st975,As2Ru2_2_st975,As2Ru2_2,False,st975,ALTERMAGNET,mirror/rotoinv|rotation,12,24,P6_3/mmc,ALTERMAGNET,True,3,194.269,1499,0.454282,0.517,0.923,-0.922,0.923,0.0010000000000000009,True,0.001
POSCAR_As2Ru2_2_x950,As2Ru2_2_x950,As2Ru2_2,False,x950,ALTERMAGNET,mirror/rotoinv|rotation,2,4,P2_1/m,ALTERMAGNET,True,3,194.269,1499,0.512908,1.756,1.095,-1.091,1.095,0.0040000000000000036,True,0.004
POSCAR_As2Ru2_2_x975,As2Ru2_2_x975,As2Ru2_2,False,x975,ALTERMAGNET,mirror/rotoinv|rotation,4,8,Cmcm,ALTERMAGNET,True,3,194.269,1499,0.448862,0.915,1.04,-1.038,1.04,0.0020000000000000018,True,0.002
POSCAR_As2Ru2_2_y950,As2Ru2_2_y950,As2Ru2_2,False,y950,ALTERMAGNET,mirror/rotoinv|rotation,2,4,P2_1/m,ALTERMAGNET,True,3,194.269,1499,0.531928,1.341,1.121,-1.122,1.121,0.001000000000000112,True,0.0
POSCAR_As2Ru2_2_y975,As2Ru2_2_y975,As2Ru2_2,False,y975,ALTERMAGNET,mirror/rotoinv|rotation,4,8,Cmcm,ALTERMAGNET,True,3,194.269,1499,0.472193,1.118,1.044,-1.044,1.044,0.0,True,0.0
POSCAR_As2Ru2_2_z025,As2Ru2_2_z025,As2Ru2_2,False,z025,ALTERMAGNET,mirror/rotoinv|rotation,12,24,P6_3/mmc,ALTERMAGNET,True,3,194.269,1499,0.414503,1.292,1.138,-1.138,1.138,0.0,True,0.0
POSCAR_As2Ru2_2_z950,As2Ru2_2_z950,As2Ru2_2,False,z950,ALTERMAGNET,mirror/rotoinv|rotation,12,24,P6_3/mmc,ALTERMAGNET,True,3,194.269,1499,0.412548,0.743,0.865,-0.865,0.865,0.0,True,0.001
POSCAR_As2Ru2_2_z975,As2Ru2_2_z975,As2Ru2_2,False,z975,ALTERMAGNET,mirror/rotoinv|rotation,12,24,P6_3/mmc,ALTERMAGNET,True,3,194.269,1499,0.418625,0.878,0.952,-0.952,0.952,0.0,True,0.0
POSCAR_As2V2_1,As2V2_1,As2V2_1,True,none,ALTERMAGNET,mirror/rotoinv|rotation,4,8,Cmcm,ALTERMAGNET,True,3,63.463,561,0.656042,0.123,2.19,-2.19,2.19,0.0,True,0.0
POSCAR_As2V2_1_st025,As2V2_1_st025,As2V2_1,False,st025,ALTERMAGNET,mirror/rotoinv|rotation,4,8,Cmcm,ALTERMAGNET,True,3,63.463,561,0.663176,0.112,2.264,-2.264,2.264,0.0,True,0.0
POSCAR_As2V2_1_st050,As2V2_1_st050,As2V2_1,False,st050,ALTERMAGNET,mirror/rotoinv|rotation,4,8,Cmcm,ALTERMAGNET,True,3,63.463,561,0.646659,0.104,2.336,-2.336,2.336,0.0,True,0.0
POSCAR_As2V2_1_st950,As2V2_1_st950,As2V2_1,False,st950,ALTERMAGNET,mirror/rotoinv|rotation,4,8,Cmcm,ALTERMAGNET,True,3,63.463,561,0.603654,0.113,2.027,-2.027,2.027,0.0,True,0.0
POSCAR_As2V2_1_st975,As2V2_1_st975,As2V2_1,False,st975,ALTERMAGNET,mirror/rotoinv|rotation,4,8,Cmcm,ALTERMAGNET,True,3,63.463,561,0.692128,0.111,2.116,-2.116,2.116,0.0,True,0.0
POSCAR_As2V2_1_x025,As2V2_1_x025,As2V2_1,False,x025,ALTERMAGNET,mirror/rotoinv|rotation,2,4,P2_1/m,ALTERMAGNET,True,3,63.463,561,0.671571,0.158,2.211,-2.211,2.211,0.0,True,0.0
POSCAR_As2V2_1_x050,As2V2_1_x050,As2V2_1,False,x050,ALTERMAGNET,mirror/rotoinv|rotation,2,4,P2_1/m,ALTERMAGNET,True,3,63.463,561,0.641712,0.206,2.231,-2.231,2.231,0.0,True,0.0
POSCAR_As2V2_1_x950,As2V2_1_x950,As2V2_1,False,x950,ALTERMAGNET,mirror/rotoinv|rotation,2,4,P2_1/m,ALTERMAGNET,True,3,63.463,561,0.664676,0.121,2.154,-2.154,2.154,0.0,True,0.0
POSCAR_As2V2_1_x975,As2V2_1_x975,As2V2_1,False,x975,ALTERMAGNET,mirror/rotoinv|rotation,2,4,P2_1/m,ALTERMAGNET,True,3,63.463,561,0.658972,0.132,2.171,-2.171,2.171,0.0,True,0.0
POSCAR_As2V2_1_y025,As2V2_1_y025,As2V2_1,False,y025,ALTERMAGNET,mirror/rotoinv|rotation,2,4,P2_1/m,ALTERMAGNET,True,3,63.463,561,0.62144,2.08,2.22,-2.217,2.22,0.0030000000000001137,True,0.003
POSCAR_As2V2_1_y050,As2V2_1_y050,As2V2_1,False,y050,ALTERMAGNET,mirror/rotoinv|rotation,2,4,P2_1/m,ALTERMAGNET,True,3,63.463,561,0.566872,0.186,2.24,-2.24,2.24,0.0,True,0.0
POSCAR_As2V2_1_y950,As2V2_1_y950,As2V2_1,False,y950,ALTERMAGNET,mirror/rotoinv|rotation,2,4,P2_1/m,ALTERMAGNET,True,3,63.463,561,0.569024,6.844,2.087,-2.083,2.087,0.0040000000000000036,True,0.004
POSCAR_As2V2_1_y975,As2V2_1_y975,As2V2_1,False,y975,ALTERMAGNET,mirror/rotoinv|rotation,2,4,P2_1/m,ALTERMAGNET,True,3,63.463,561,0.672284,0.159,2.151,-2.151,2.151,0.0,True,0.0
POSCAR_As2V2_1_z025,As2V2_1_z025,As2V2_1,False,z025,ALTERMAGNET,mirror/rotoinv|rotation,4,8,Cmcm,ALTERMAGNET,True,3,63.463,561,0.642444,0.124,2.217,-2.217,2.217,0.0,True,0.0
POSCAR_As2V2_1_z050,As2V2_1_z050,As2V2_1,False,z050,ALTERMAGNET,mirror/rotoinv|rotation,4,8,Cmcm,ALTERMAGNET,True,3,63.463,561,0.68471,0.121,2.243,-2.243,2.243,0.0,True,0.0
POSCAR_As2V2_1_z950,As2V2_1_z950,As2V2_1,False,z950,ALTERMAGNET,mirror/rotoinv|rotation,4,8,Cmcm,ALTERMAGNET,True,3,63.463,561,0.602593,0.288,2.144,-2.143,2.144,0.001000000000000334,True,0.0
POSCAR_As2V2_1_z975,As2V2_1_z975,As2V2_1,False,z975,ALTERMAGNET,mirror/rotoinv|rotation,4,8,Cmcm,ALTERMAGNET,True,3,63.463,561,0.661991,0.191,2.167,-2.166,2.167,0.0009999999999998899,True,0.0
POSCAR_As2V2_2,As2V2_2,As2V2_2,True,none,ALTERMAGNET,mirror/rotoinv|rotation,4,8,I4_1md,ALTERMAGNET,True,3,109.242,902,0.82987,1.121,2.237,-2.238,2.237,0.0009999999999998899,True,0.001
POSCAR_As2V2_2_st025,As2V2_2_st025,As2V2_2,False,st025,ALTERMAGNET,mirror/rotoinv|rotation,4,8,I4_1md,ALTERMAGNET,True,3,109.242,902,0.811532,0.862,2.339,-2.339,2.339,0.0,True,0.001
POSCAR_As2V2_2_st050,As2V2_2_st050,As2V2_2,False,st050,ALTERMAGNET,mirror/rotoinv|rotation,4,8,I4_1md,ALTERMAGNET,True,3,109.242,902,0.828835,1.002,2.426,-2.427,2.426,0.0009999999999998899,True,0.001
POSCAR_As2V2_2_st950,As2V2_2_st950,As2V2_2,False,st950,ALTERMAGNET,mirror/rotoinv|rotation,4,8,I4_1md,ALTERMAGNET,True,3,109.242,902,1.141372,1.033,1.892,-1.893,1.892,0.001000000000000112,True,0.0
POSCAR_As2V2_2_st975,As2V2_2_st975,As2V2_2,False,st975,ALTERMAGNET,mirror/rotoinv|rotation,4,8,I4_1md,ALTERMAGNET,True,3,109.242,902,0.899129,1.13,2.103,-2.104,2.103,0.0009999999999998899,True,0.001
POSCAR_As2V2_2_z025,As2V2_2_z025,As2V2_2,False,z025,ALTERMAGNET,mirror/rotoinv,1,2,Cc,ALTERMAGNET,True,3,109.242,902,0.73057,1.33,2.256,-2.258,2.256,0.002000000000000224,True,0.002
POSCAR_As2V2_2_z050,As2V2_2_z050,As2V2_2,False,z050,ALTERMAGNET,mirror/rotoinv,1,2,Cc,ALTERMAGNET,True,3,109.242,902,0.765801,0.988,2.276,-2.277,2.276,0.001000000000000334,True,0.0
POSCAR_As2V2_2_z950,As2V2_2_z950,As2V2_2,False,z950,ALTERMAGNET,mirror/rotoinv,1,2,Cc,ALTERMAGNET,True,3,109.242,902,1.054532,1.245,2.194,-2.195,2.194,0.0009999999999998899,True,0.001
POSCAR_As2V2_2_z975,As2V2_2_z975,As2V2_2,False,z975,ALTERMAGNET,mirror/rotoinv,1,2,Cc,ALTERMAGNET,True,3,109.242,902,0.95361,1.236,2.215,-2.216,2.215,0.001000000000000334,True,0.0
POSCAR_As4Cr2_1,As4Cr2_1,As4Cr2_1,True,none,ALTERMAGNET,mirror/rotoinv|rotation,4,8,Pnnm,ALTERMAGNET,True,3,58.397,495,0.333181,0.724,3.659,-3.659,3.659,0.0,True,0.001
POSCAR_As4Cr2_1_st025,As4Cr2_1_st025,As4Cr2_1,False,st025,ALTERMAGNET,mirror/rotoinv|rotation,4,8,Pnnm,ALTERMAGNET,True,3,58.397,495,0.334313,0.346,3.752,-3.752,3.752,0.0,True,0.0
POSCAR_As4Cr2_1_st050,As4Cr2_1_st050,As4Cr2_1,False,st050,ALTERMAGNET,mirror/rotoinv|rotation,4,8,Pnnm,ALTERMAGNET,True,3,58.397,495,0.392161,0.77,3.838,-3.838,3.838,0.0,True,0.0
POSCAR_As4Cr2_1_st950,As4Cr2_1_st950,As4Cr2_1,False,st950,ALTERMAGNET,mirror/rotoinv|rotation,4,8,Pnnm,ALTERMAGNET,True,3,58.397,495,0.453544,0.388,3.429,-3.429,3.429,0.0,True,0.0
POSCAR_As4Cr2_1_st975,As4Cr2_1_st975,As4Cr2_1,False,st975,ALTERMAGNET,mirror/rotoinv|rotation,4,8,Pnnm,ALTERMAGNET,True,3,58.397,495,0.353122,0.541,3.549,-3.55,3.549,0.0009999999999998899,True,0.001
POSCAR_As4Cr2_1_x025,As4Cr2_1_x025,As4Cr2_1,False,x025,ALTERMAGNET,mirror/rotoinv|rotation,4,8,Pnnm,ALTERMAGNET,True,3,58.397,495,0.328265,0.334,3.666,-3.666,3.666,0.0,True,0.0
POSCAR_As4Cr2_1_x050,As4Cr2_1_x050,As4Cr2_1,False,x050,ALTERMAGNET,mirror/rotoinv|rotation,4,8,Pnnm,ALTERMAGNET,True,3,58.397,495,0.339924,0.329,3.676,-3.677,3.676,0.0009999999999998899,True,0.0
POSCAR_As4Cr2_1_x950,As4Cr2_1_x950,As4Cr2_1,False,x950,ALTERMAGNET,mirror/rotoinv|rotation,4,8,Pnnm,ALTERMAGNET,True,3,58.397,495,0.366618,0.504,3.67,-3.67,3.67,0.0,True,0.0
POSCAR_As4Cr2_1_x975,As4Cr2_1_x975,As4Cr2_1,False,x975,ALTERMAGNET,mirror/rotoinv|rotation,4,8,Pnnm,ALTERMAGNET,True,3,58.397,495,0.351546,0.531,3.666,-3.667,3.666,0.0009999999999998899,True,0.0
POSCAR_As4Cr2_1_y025,As4Cr2_1_y025,As4Cr2_1,False,y025,ALTERMAGNET,mirror/rotoinv|rotation,4,8,Pnnm,ALTERMAGNET,True,3,58.397,495,0.328938,0.514,3.717,-3.718,3.717,0.0009999999999998899,True,0.0
POSCAR_As4Cr2_1_y050,As4Cr2_1_y050,As4Cr2_1,False,y050,ALTERMAGNET,mirror/rotoinv|rotation,4,8,Pnnm,ALTERMAGNET,True,3,58.397,495,0.329224,0.389,3.767,-3.767,3.767,0.0,True,0.0
POSCAR_As4Cr2_1_y950,As4Cr2_1_y950,As4Cr2_1,False,y950,ALTERMAGNET,mirror/rotoinv|rotation,4,8,Pnnm,ALTERMAGNET,True,3,58.397,495,0.350698,0.418,3.559,-3.56,3.559,0.0009999999999998899,True,0.001
POSCAR_As4Cr2_1_y975,As4Cr2_1_y975,As4Cr2_1,False,y975,ALTERMAGNET,mirror/rotoinv|rotation,4,8,Pnnm,ALTERMAGNET,True,3,58.397,495,0.339696,0.474,3.604,-3.605,3.604,0.0009999999999998899,True,0.0
POSCAR_As4Cr2_1_z025,As4Cr2_1_z025,As4Cr2_1,False,z025,ALTERMAGNET,mirror/rotoinv|rotation,4,8,Pnnm,ALTERMAGNET,True,3,58.397,495,0.321711,0.535,3.704,-3.704,3.704,0.0,True,0.0
POSCAR_As4Cr2_1_z050,As4Cr2_1_z050,As4Cr2_1,False,z050,ALTERMAGNET,mirror/rotoinv|rotation,4,8,Pnnm,ALTERMAGNET,True,3,58.397,495,0.32385,0.313,3.758,-3.758,3.758,0.0,True,0.0
POSCAR_As4Cr2_1_z950,As4Cr2_1_z950,As4Cr2_1,False,z950,ALTERMAGNET,mirror/rotoinv|rotation,4,8,Pnnm,ALTERMAGNET,True,3,58.397,495,0.405449,0.344,3.564,-3.565,3.564,0.0009999999999998899,True,0.0
POSCAR_As4Cr2_1_z975,As4Cr2_1_z975,As4Cr2_1,False,z975,ALTERMAGNET,mirror/rotoinv|rotation,4,8,Pnnm,ALTERMAGNET,True,3,58.397,495,0.337858,0.45,3.616,-3.616,3.616,0.0,True,0.0
POSCAR_As4Fe2_1,As4Fe2_1,As4Fe2_1,True,none,ALTERMAGNET,mirror/rotoinv|rotation,4,8,Pnnm,ALTERMAGNET,True,3,58.397,495,0.90515,0.066,3.229,-3.229,3.229,0.0,True,0.0
POSCAR_As4Fe2_1_st050,As4Fe2_1_st050,As4Fe2_1,False,st050,ALTERMAGNET,mirror/rotoinv|rotation,4,8,Pnnm,ALTERMAGNET,True,3,58.397,495,0.728886,0.295,3.415,-3.415,3.415,0.0,True,0.0
POSCAR_As4Fe2_1_st950,As4Fe2_1_st950,As4Fe2_1,False,st950,ALTERMAGNET,mirror/rotoinv|rotation,4,8,Pnnm,ALTERMAGNET,True,3,58.397,495,0.572258,0.11,2.32,-2.32,2.32,0.0,True,0.0
POSCAR_As4Fe2_1_st975,As4Fe2_1_st975,As4Fe2_1,False,st975,ALTERMAGNET,mirror/rotoinv|rotation,4,8,Pnnm,ALTERMAGNET,True,3,58.397,495,0.679322,0.084,2.708,-2.708,2.708,0.0,True,0.0
POSCAR_As4Fe2_1_x025,As4Fe2_1_x025,As4Fe2_1,False,x025,ALTERMAGNET,mirror/rotoinv|rotation,4,8,Pnnm,ALTERMAGNET,True,3,58.397,495,0.812578,0.075,3.292,-3.292,3.292,0.0,True,0.0
POSCAR_As4Fe2_1_x050,As4Fe2_1_x050,As4Fe2_1,False,x050,ALTERMAGNET,mirror/rotoinv|rotation,4,8,Pnnm,ALTERMAGNET,True,3,58.397,495,0.867575,0.079,3.357,-3.357,3.357,0.0,True,0.0
POSCAR_As4Fe2_1_x950,As4Fe2_1_x950,As4Fe2_1,False,x950,ALTERMAGNET,mirror/rotoinv|rotation,4,8,Pnnm,ALTERMAGNET,True,3,58.397,495,0.814144,0.088,3.102,-3.102,3.102,0.0,True,0.0
POSCAR_As4Fe2_1_x975,As4Fe2_1_x975,As4Fe2_1,False,x975,ALTERMAGNET,mirror/rotoinv|rotation,4,8,Pnnm,ALTERMAGNET,True,3,58.397,495,0.928886,0.059,3.178,-3.178,3.178,0.0,True,0.0
POSCAR_As4Fe2_1_y025,As4Fe2_1_y025,As4Fe2_1,False,y025,ALTERMAGNET,mirror/rotoinv|rotation,4,8,Pnnm,ALTERMAGNET,True,3,58.397,495,0.805026,0.098,3.28,-3.28,3.28,0.0,True,0.0
POSCAR_As4Fe2_1_y050,As4Fe2_1_y050,As4Fe2_1,False,y050,ALTERMAGNET,mirror/rotoinv|rotation,4,8,Pnnm,ALTERMAGNET,True,3,58.397,495,0.785912,0.158,3.324,-3.324,3.324,0.0,True,0.0
POSCAR_As4Fe2_1_y975,As4Fe2_1_y975,As4Fe2_1,False,y975,ALTERMAGNET,mirror/rotoinv|rotation,4,8,Pnnm,ALTERMAGNET,True,3,58.397,495,0.936586,0.073,3.177,-3.177,3.177,0.0,True,0.0
POSCAR_As4Fe2_1_z025,As4Fe2_1_z025,As4Fe2_1,False,z025,ALTERMAGNET,mirror/rotoinv|rotation,4,8,Pnnm,ALTERMAGNET,True,3,58.397,495,0.901474,0.179,3.265,-3.265,3.265,0.0,True,0.0
POSCAR_As4Fe2_1_z050,As4Fe2_1_z050,As4Fe2_1,False,z050,ALTERMAGNET,mirror/rotoinv|rotation,4,8,Pnnm,ALTERMAGNET,True,3,58.397,495,0.857287,0.07,3.294,-3.294,3.294,0.0,True,0.0
POSCAR_As4Fe2_1_z950,As4Fe2_1_z950,As4Fe2_1,False,z950,ALTERMAGNET,mirror/rotoinv|rotation,4,8,Pnnm,ALTERMAGNET,True,3,58.397,495,0.659143,0.122,2.778,-2.778,2.778,0.0,True,0.0
POSCAR_As4Fe2_1_z975,As4Fe2_1_z975,As4Fe2_1,False,z975,ALTERMAGNET,mirror/rotoinv|rotation,4,8,Pnnm,ALTERMAGNET,True,3,58.397,495,0.85141,0.074,3.189,-3.189,3.189,0.0,True,0.0
POSCAR_As8Co2_1,As8Co2_1,As8Co2_1,True,none,ALTERMAGNET,mirror/rotoinv|rotation,2,4,P2_1/c,ALTERMAGNET,True,3,14.79,86,0.288694,0.655,0.192,-0.196,0.192,0.0040000000000000036,True,0.003
POSCAR_As8Co2_1_st050,As8Co2_1_st050,As8Co2_1,False,st050,ALTERMAGNET,mirror/rotoinv|rotation,2,4,P2_1/c,ALTERMAGNET,True,3,14.79,86,0.043281,3.509,0.006,0.008,0.006,0.002,False,0.002
POSCAR_As8Co2_1_st975,As8Co2_1_st975,As8Co2_1,False,st975,ALTERMAGNET,mirror/rotoinv|rotation,2,4,P2_1/c,ALTERMAGNET,True,3,14.79,86,0.112228,0.061,0.066,-0.065,0.066,0.0010000000000000009,True,0.0
POSCAR_As8Co2_1_x025,As8Co2_1_x025,As8Co2_1,False,x025,ALTERMAGNET,mirror/rotoinv|rotation,2,4,P2_1/c,ALTERMAGNET,True,3,14.79,86,0.457247,0.173,0.338,-0.337,0.338,0.0010000000000000009,True,0.001
POSCAR_As8Co2_1_x975,As8Co2_1_x975,As8Co2_1,False,x975,ALTERMAGNET,mirror/rotoinv|rotation,2,4,P2_1/c,ALTERMAGNET,True,3,14.79,86,0.084025,0.565,0.052,-0.056,0.052,0.0040000000000000036,True,0.003
POSCAR_As8Co2_1_y950,As8Co2_1_y950,As8Co2_1,False,y950,ALTERMAGNET,mirror/rotoinv|rotation,2,4,P2_1/c,ALTERMAGNET,True,3,14.79,86,0.019287,0.022,0.01,-0.011,0.01,0.0009999999999999992,True,0.0
POSCAR_As8Co2_1_y975,As8Co2_1_y975,As8Co2_1,False,y975,ALTERMAGNET,mirror/rotoinv|rotation,2,4,P2_1/c,ALTERMAGNET,True,3,14.79,86,0.203653,0.906,0.124,-0.129,0.124,0.0050000000000000044,True,0.004
POSCAR_As8Co2_1_z950,As8Co2_1_z950,As8Co2_1,False,z950,ALTERMAGNET,mirror/rotoinv|rotation,2,4,P2_1/c,ALTERMAGNET,True,3,14.79,86,0.048214,0.063,0.034,-0.034,0.034,0.0,True,0.0
POSCAR_As8Cr2_1,As8Cr2_1,As8Cr2_1,True,none,ALTERMAGNET,rotation,1,2,P2_1,ALTERMAGNET,True,3,4.9,16,0.404529,2.629,3.817,-3.815,3.817,0.002000000000000224,True,0.004
POSCAR_As8Cr2_1_st025,As8Cr2_1_st025,As8Cr2_1,False,st025,ALTERMAGNET,rotation,1,2,P2_1,ALTERMAGNET,True,3,4.9,16,0.411602,2.579,3.889,-3.887,3.889,0.0019999999999997797,True,0.004
POSCAR_As8Cr2_1_st050,As8Cr2_1_st050,As8Cr2_1,False,st050,ALTERMAGNET,rotation,1,2,P2_1,ALTERMAGNET,True,3,4.9,16,0.383978,2.609,3.948,-3.947,3.948,0.0009999999999998899,True,0.003
POSCAR_As8Cr2_1_st950,As8Cr2_1_st950,As8Cr2_1,False,st950,ALTERMAGNET,rotation,1,2,P2_1,ALTERMAGNET,True,3,4.9,16,0.49955,2.415,3.599,-3.599,3.599,0.0,True,0.001
POSCAR_As8Cr2_1_st975,As8Cr2_1_st975,As8Cr2_1,False,st975,ALTERMAGNET,rotation,1,2,P2_1,ALTERMAGNET,True,3,4.9,16,0.447361,2.232,3.726,-3.725,3.726,0.0009999999999998899,True,0.001
POSCAR_As8Cr2_1_x050,As8Cr2_1_x050,As8Cr2_1,False,x050,ALTERMAGNET,rotation,1,2,P2_1,ALTERMAGNET,True,3,4.9,16,0.387395,2.408,3.873,-3.872,3.873,0.001000000000000334,True,0.001
POSCAR_As8Cr2_1_x950,As8Cr2_1_x950,As8Cr2_1,False,x950,ALTERMAGNET,rotation,1,2,P2_1,ALTERMAGNET,True,3,4.9,16,0.464979,2.59,3.717,-3.716,3.717,0.0009999999999998899,True,0.004
POSCAR_As8Cr2_1_x975,As8Cr2_1_x975,As8Cr2_1,False,x975,ALTERMAGNET,rotation,2,4,C222_1,ALTERMAGNET,True,3,4.9,16,0.433928,2.325,3.774,-3.774,3.774,0.0,True,0.001
POSCAR_As8Cr2_1_y050,As8Cr2_1_y050,As8Cr2_1,False,y050,ALTERMAGNET,rotation,1,2,P2_1,ALTERMAGNET,True,3,4.9,16,0.4057,2.57,3.859,-3.859,3.859,0.0,True,0.001
POSCAR_As8Cr2_1_y950,As8Cr2_1_y950,As8Cr2_1,False,y950,ALTERMAGNET,rotation,1,2,P2_1,ALTERMAGNET,True,3,4.9,16,0.415237,2.474,3.757,-3.756,3.757,0.001000000000000334,True,0.003
POSCAR_As8Cr2_1_z025,As8Cr2_1_z025,As8Cr2_1,False,z025,ALTERMAGNET,rotation,1,2,P2_1,ALTERMAGNET,True,3,4.9,16,0.422807,2.281,3.823,-3.822,3.823,0.0009999999999998899,True,0.001
POSCAR_As8Cr2_1_z050,As8Cr2_1_z050,As8Cr2_1,False,z050,ALTERMAGNET,rotation,1,2,P2_1,ALTERMAGNET,True,3,4.9,16,0.416637,2.567,3.833,-3.833,3.833,0.0,True,0.0
POSCAR_As8Cr2_1_z950,As8Cr2_1_z950,As8Cr2_1,False,z950,ALTERMAGNET,rotation,1,2,P2_1,ALTERMAGNET,True,3,4.9,16,0.461758,2.966,3.764,-3.761,3.764,0.0029999999999996696,True,0.004
POSCAR_As8Cr2_1_z975,As8Cr2_1_z975,As8Cr2_1,False,z975,ALTERMAGNET,rotation,1,2,P2_1,ALTERMAGNET,True,3,4.9,16,0.415697,2.646,3.793,-3.791,3.793,0.002000000000000224,True,0.004
POSCAR_As8Cr2_3,As8Cr2_3,As8Cr2_3,True,none,ALTERMAGNET,mirror/rotoinv|rotation,2,4,P2_1/c,ALTERMAGNET,True,3,14.79,86,0.961962,0.445,3.844,-3.844,3.844,0.0,True,0.0
POSCAR_As8Cr2_3_st025,As8Cr2_3_st025,As8Cr2_3,False,st025,ALTERMAGNET,mirror/rotoinv|rotation,2,4,P2_1/c,ALTERMAGNET,True,3,14.79,86,0.91593,0.523,3.897,-3.897,3.897,0.0,True,0.0
POSCAR_As8Cr2_3_st050,As8Cr2_3_st050,As8Cr2_3,False,st050,ALTERMAGNET,mirror/rotoinv|rotation,2,4,P2_1/c,ALTERMAGNET,True,3,14.79,86,0.862373,0.393,3.943,-3.943,3.943,0.0,True,0.0
POSCAR_As8Cr2_3_st950,As8Cr2_3_st950,As8Cr2_3,False,st950,ALTERMAGNET,mirror/rotoinv|rotation,2,4,P2_1/c,ALTERMAGNET,True,3,14.79,86,1.164542,0.486,3.696,-3.696,3.696,0.0,True,0.001
POSCAR_As8Cr2_3_st975,As8Cr2_3_st975,As8Cr2_3,False,st975,ALTERMAGNET,mirror/rotoinv|rotation,2,4,P2_1/c,ALTERMAGNET,True,3,14.79,86,1.113944,0.448,3.78,-3.779,3.78,0.0009999999999998899,True,0.001
POSCAR_As8Cr2_3_x025,As8Cr2_3_x025,As8Cr2_3,False,x025,ALTERMAGNET,mirror/rotoinv|rotation,2,4,P2_1/c,ALTERMAGNET,True,3,14.79,86,0.965734,0.509,3.858,-3.858,3.858,0.0,True,0.0
POSCAR_As8Cr2_3_x050,As8Cr2_3_x050,As8Cr2_3,False,x050,ALTERMAGNET,mirror/rotoinv|rotation,2,4,P2_1/c,ALTERMAGNET,True,3,14.79,86,0.938739,0.425,3.873,-3.873,3.873,0.0,True,0.0
POSCAR_As8Cr2_3_x950,As8Cr2_3_x950,As8Cr2_3,False,x950,ALTERMAGNET,mirror/rotoinv|rotation,2,4,P2_1/c,ALTERMAGNET,True,3,14.79,86,1.02621,0.533,3.815,-3.815,3.815,0.0,True,0.0
POSCAR_As8Cr2_3_x975,As8Cr2_3_x975,As8Cr2_3,False,x975,ALTERMAGNET,mirror/rotoinv|rotation,2,4,P2_1/c,ALTERMAGNET,True,3,14.79,86,0.999812,0.466,3.83,-3.829,3.83,0.0009999999999998899,True,0.0
POSCAR_As8Cr2_3_y025,As8Cr2_3_y025,As8Cr2_3,False,y025,ALTERMAGNET,mirror/rotoinv|rotation,2,4,P2_1/c,ALTERMAGNET,True,3,14.79,86,0.924351,0.463,3.865,-3.864,3.865,0.001000000000000334,True,0.0
POSCAR_As8Cr2_3_y050,As8Cr2_3_y050,As8Cr2_3,False,y050,ALTERMAGNET,mirror/rotoinv|rotation,2,4,P2_1/c,ALTERMAGNET,True,3,14.79,86,0.879228,0.481,3.884,-3.884,3.884,0.0,True,0.0
POSCAR_As8Cr2_3_y950,As8Cr2_3_y950,As8Cr2_3,False,y950,ALTERMAGNET,mirror/rotoinv|rotation,2,4,P2_1/c,ALTERMAGNET,True,3,14.79,86,1.126958,0.458,3.799,-3.799,3.799,0.0,True,0.0
POSCAR_As8Cr2_3_y975,As8Cr2_3_y975,As8Cr2_3,False,y975,ALTERMAGNET,mirror/rotoinv|rotation,2,4,P2_1/c,ALTERMAGNET,True,3,14.79,86,1.048945,0.461,3.823,-3.823,3.823,0.0,True,0.0
POSCAR_As8Cr2_3_z025,As8Cr2_3_z025,As8Cr2_3,False,z025,ALTERMAGNET,mirror/rotoinv|rotation,2,4,P2_1/c,ALTERMAGNET,True,3,14.79,86,0.937085,0.495,3.866,-3.866,3.866,0.0,True,0.0
POSCAR_As8Cr2_3_z050,As8Cr2_3_z050,As8Cr2_3,False,z050,ALTERMAGNET,mirror/rotoinv|rotation,2,4,P2_1/c,ALTERMAGNET,True,3,14.79,86,0.916316,0.581,3.888,-3.888,3.888,0.0,True,0.0
POSCAR_As8Cr2_3_z950,As8Cr2_3_z950,As8Cr2_3,False,z950,ALTERMAGNET,mirror/rotoinv|rotation,2,4,P2_1/c,ALTERMAGNET,True,3,14.79,86,1.006129,0.459,3.799,-3.799,3.799,0.0,True,0.0
POSCAR_As8Cr2_3_z975,As8Cr2_3_z975,As8Cr2_3,False,z975,ALTERMAGNET,mirror/rotoinv|rotation,2,4,P2_1/c,ALTERMAGNET,True,3,14.79,86,0.983862,0.44,3.822,-3.822,3.822,0.0,True,0.0
POSCAR_B2Co2_5,B2Co2_5,B2Co2_5,True,none,ALTERMAGNET,mirror/rotoinv|rotation,2,4,Imm2,ALTERMAGNET,True,3,44.231,329,0.376727,1.537,0.465,-0.468,0.465,0.0030000000000000027,True,0.003
POSCAR_B2Co2_5_st950,B2Co2_5_st950,B2Co2_5,False,st950,ALTERMAGNET,mirror/rotoinv|rotation,2,4,Imm2,ALTERMAGNET,True,3,44.231,329,0.313234,0.431,0.247,-0.247,0.247,0.0,True,0.0
POSCAR_B2Co2_5_st975,B2Co2_5_st975,B2Co2_5,False,st975,ALTERMAGNET,mirror/rotoinv|rotation,2,4,Imm2,ALTERMAGNET,True,3,44.231,329,0.355488,0.729,0.343,-0.343,0.343,0.0,True,0.001
POSCAR_B2Co2_5_x025,B2Co2_5_x025,B2Co2_5,False,x025,ALTERMAGNET,rotation,1,2,C2,ALTERMAGNET,True,3,44.231,329,0.32845,0.961,0.542,-0.543,0.542,0.0010000000000000009,True,0.001
POSCAR_B2Co2_5_x950,B2Co2_5_x950,B2Co2_5,False,x950,ALTERMAGNET,rotation,1,2,C2,ALTERMAGNET,True,3,44.231,329,0.333602,0.591,0.315,-0.315,0.315,0.0,True,0.0
POSCAR_B2Co2_5_x975,B2Co2_5_x975,B2Co2_5,False,x975,ALTERMAGNET,mirror/rotoinv|rotation,2,4,Imm2,ALTERMAGNET,True,3,44.231,329,0.374887,1.321,0.391,-0.393,0.391,0.0020000000000000018,True,0.002
POSCAR_B2Fe2_3,B2Fe2_3,B2Fe2_3,True,none,ALTERMAGNET,mirror/rotoinv|rotation,4,8,Cmcm,ALTERMAGNET,True,3,63.463,561,0.563726,1.889,2.429,-2.428,2.429,0.0009999999999998899,True,0.001
POSCAR_B2Fe2_3_st025,B2Fe2_3_st025,B2Fe2_3,False,st025,ALTERMAGNET,mirror/rotoinv|rotation,4,8,Cmcm,ALTERMAGNET,True,3,63.463,561,0.610973,1.775,2.631,-2.63,2.631,0.0009999999999998899,True,0.001
POSCAR_B2Fe2_3_st950,B2Fe2_3_st950,B2Fe2_3,False,st950,ALTERMAGNET,mirror/rotoinv|rotation,12,24,P6_3/mmc,ALTERMAGNET,True,3,63.463,561,0.362709,5.576,1.755,-1.755,1.755,0.0,True,0.0
POSCAR_B2Fe2_3_st975,B2Fe2_3_st975,B2Fe2_3,False,st975,ALTERMAGNET,mirror/rotoinv|rotation,4,8,Cmcm,ALTERMAGNET,True,3,63.463,561,0.482411,2.051,2.155,-2.154,2.155,0.0009999999999998899,True,0.001
POSCAR_B2Fe2_3_x025,B2Fe2_3_x025,B2Fe2_3,False,x025,ALTERMAGNET,mirror/rotoinv|rotation,4,8,Cmcm,ALTERMAGNET,True,3,63.463,561,0.616364,1.212,2.502,-2.502,2.502,0.0,True,0.0
POSCAR_B2Fe2_3_x050,B2Fe2_3_x050,B2Fe2_3,False,x050,ALTERMAGNET,mirror/rotoinv|rotation,4,8,Cmcm,ALTERMAGNET,True,3,63.463,561,0.702007,2.563,2.572,-2.57,2.572,0.002000000000000224,True,0.003
POSCAR_B2Fe2_3_x950,B2Fe2_3_x950,B2Fe2_3,False,x950,ALTERMAGNET,mirror/rotoinv|rotation,4,8,Cmcm,ALTERMAGNET,True,3,63.463,561,0.554147,1.227,2.232,-2.232,2.232,0.0,True,0.0
POSCAR_B2Fe2_3_x975,B2Fe2_3_x975,B2Fe2_3,False,x975,ALTERMAGNET,mirror/rotoinv|rotation,4,8,Cmcm,ALTERMAGNET,True,3,63.463,561,0.555054,1.447,2.338,-2.338,2.338,0.0,True,0.0
POSCAR_B2Fe2_3_y025,B2Fe2_3_y025,B2Fe2_3,False,y025,ALTERMAGNET,mirror/rotoinv|rotation,4,8,Cmcm,ALTERMAGNET,True,3,63.463,561,0.61682,1.224,2.502,-2.502,2.502,0.0,True,0.0
POSCAR_B2Fe2_3_y050,B2Fe2_3_y050,B2Fe2_3,False,y050,ALTERMAGNET,mirror/rotoinv|rotation,4,8,Cmcm,ALTERMAGNET,True,3,63.463,561,0.702066,2.566,2.572,-2.57,2.572,0.002000000000000224,True,0.003
POSCAR_B2Fe2_3_y950,B2Fe2_3_y950,B2Fe2_3,False,y950,ALTERMAGNET,mirror/rotoinv|rotation,4,8,Cmcm,ALTERMAGNET,True,3,63.463,561,0.553765,1.227,2.232,-2.232,2.232,0.0,True,0.0
POSCAR_B2Fe2_3_y975,B2Fe2_3_y975,B2Fe2_3,False,y975,ALTERMAGNET,mirror/rotoinv|rotation,4,8,Cmcm,ALTERMAGNET,True,3,63.463,561,0.554783,1.43,2.338,-2.338,2.338,0.0,True,0.0
POSCAR_B2Fe2_3_z025,B2Fe2_3_z025,B2Fe2_3,False,z025,ALTERMAGNET,mirror/rotoinv|rotation,4,8,Cmcm,ALTERMAGNET,True,3,63.463,561,0.588646,1.746,2.491,-2.49,2.491,0.0009999999999998899,True,0.0
POSCAR_B2Fe2_3_z050,B2Fe2_3_z050,B2Fe2_3,False,z050,ALTERMAGNET,mirror/rotoinv|rotation,4,8,Cmcm,ALTERMAGNET,True,3,63.463,561,0.604649,2.352,2.551,-2.55,2.551,0.001000000000000334,True,0.001
POSCAR_B2Fe2_3_z975,B2Fe2_3_z975,B2Fe2_3,False,z975,ALTERMAGNET,mirror/rotoinv|rotation,4,8,Cmcm,ALTERMAGNET,True,3,63.463,561,0.533515,2.855,2.353,-2.356,2.353,0.0029999999999996696,True,0.003
POSCAR_B2Fe2_4,B2Fe2_4,B2Fe2_4,True,none,conventional_AFM_inversion,inversion|mirror/rotoinv|rotation,12,24,P6_3/mmc,conventional_AFM_inversion,True,3,194.267,1497,0.095358,5.266,2.762,-2.758,2.762,0.0040000000000000036,True,0.004
POSCAR_B2Fe2_4_st025,B2Fe2_4_st025,B2Fe2_4,False,st025,conventional_AFM_inversion,inversion|mirror/rotoinv|rotation,12,24,P6_3/mmc,conventional_AFM_inversion,True,3,194.267,1497,0.075673,4.008,2.889,-2.887,2.889,0.0019999999999997797,True,0.003
POSCAR_B2Fe2_4_st050,B2Fe2_4_st050,B2Fe2_4,False,st050,conventional_AFM_inversion,inversion|mirror/rotoinv|rotation,12,24,P6_3/mmc,conventional_AFM_inversion,True,3,194.267,1497,0.070493,4.165,2.993,-2.992,2.993,0.0009999999999998899,True,0.001
POSCAR_B2Fe2_4_st950,B2Fe2_4_st950,B2Fe2_4,False,st950,conventional_AFM_inversion,inversion|mirror/rotoinv|rotation,12,24,P6_3/mmc,conventional_AFM_inversion,True,3,194.267,1497,0.104923,5.98,2.336,-2.336,2.336,0.0,True,0.0
POSCAR_B2Fe2_4_st975,B2Fe2_4_st975,B2Fe2_4,False,st975,conventional_AFM_inversion,inversion|mirror/rotoinv|rotation,12,24,P6_3/mmc,conventional_AFM_inversion,True,3,194.267,1497,0.092619,4.965,2.602,-2.599,2.602,0.0029999999999996696,True,0.003
POSCAR_B2Fe2_4_x025,B2Fe2_4_x025,B2Fe2_4,False,x025,conventional_AFM_inversion,inversion|mirror/rotoinv|rotation,12,24,P6_3/mmc,conventional_AFM_inversion,True,3,194.267,1497,0.081666,5.789,2.794,-2.792,2.794,0.002000000000000224,True,0.003
POSCAR_B2Fe2_4_x050,B2Fe2_4_x050,B2Fe2_4,False,x050,conventional_AFM_inversion,inversion|mirror/rotoinv|rotation,12,24,P6_3/mmc,conventional_AFM_inversion,True,3,194.267,1497,0.061493,4.242,2.83,-2.827,2.83,0.0030000000000001137,True,0.004
POSCAR_B2Fe2_4_x950,B2Fe2_4_x950,B2Fe2_4,False,x950,conventional_AFM_inversion,inversion|mirror/rotoinv|rotation,12,24,P6_3/mmc,conventional_AFM_inversion,True,3,194.267,1497,0.128782,4.337,2.687,-2.686,2.687,0.0009999999999998899,True,0.001
POSCAR_B2Fe2_4_y025,B2Fe2_4_y025,B2Fe2_4,False,y025,conventional_AFM_inversion,inversion|mirror/rotoinv|rotation,4,8,Cmcm,conventional_AFM_inversion,True,3,194.267,1497,0.103526,4.672,2.81,-2.807,2.81,0.0030000000000001137,True,0.003
POSCAR_B2Fe2_4_y950,B2Fe2_4_y950,B2Fe2_4,False,y950,conventional_AFM_inversion,inversion|rotation,2,4,P2_1/m,conventional_AFM_inversion,True,3,194.267,1497,0.108194,5.367,2.628,-2.628,2.628,0.0,True,0.0
POSCAR_B2Fe2_4_y975,B2Fe2_4_y975,B2Fe2_4,False,y975,conventional_AFM_inversion,inversion|mirror/rotoinv|rotation,4,8,Cmcm,conventional_AFM_inversion,True,3,194.267,1497,0.113119,4.918,2.703,-2.7,2.703,0.0029999999999996696,True,0.003
POSCAR_B2Fe2_4_z025,B2Fe2_4_z025,B2Fe2_4,False,z025,conventional_AFM_inversion,inversion|mirror/rotoinv|rotation,4,8,Cmcm,conventional_AFM_inversion,True,3,194.267,1497,0.112678,5.209,2.81,-2.807,2.81,0.0030000000000001137,True,0.004
POSCAR_B2Fe2_4_z050,B2Fe2_4_z050,B2Fe2_4,False,z050,conventional_AFM_inversion,inversion|rotation,2,4,P2_1/m,conventional_AFM_inversion,True,3,194.267,1497,0.155382,5.687,2.849,-2.847,2.849,0.002000000000000224,True,0.002
POSCAR_B2Fe2_4_z950,B2Fe2_4_z950,B2Fe2_4,False,z950,conventional_AFM_inversion,inversion|rotation,2,4,P2_1/m,conventional_AFM_inversion,True,3,194.267,1497,0.124122,5.466,2.63,-2.629,2.63,0.0009999999999998899,True,0.001
POSCAR_B2Fe2_5,B2Fe2_5,B2Fe2_5,True,none,conventional_AFM_inversion,inversion|rotation,2,4,C2/m,conventional_AFM_inversion,True,3,12.60,67,0.028123,1.951,3.163,-3.161,3.163,0.0019999999999997797,True,0.002
POSCAR_B2Fe2_5_st975,B2Fe2_5_st975,B2Fe2_5,False,st975,conventional_AFM_inversion,inversion|rotation,2,4,C2/m,conventional_AFM_inversion,True,3,12.60,67,0.022168,1.27,3.05,-3.049,3.05,0.0009999999999998899,True,0.001
POSCAR_B2Fe2_5_x025,B2Fe2_5_x025,B2Fe2_5,False,x025,conventional_AFM_inversion,inversion,1,2,P-1,conventional_AFM_inversion,True,3,12.60,67,0.00625,1.241,3.197,-3.197,3.197,0.0,True,0.0
POSCAR_B2Fe2_5_x050,B2Fe2_5_x050,B2Fe2_5,False,x050,conventional_AFM_inversion,inversion,1,2,P-1,conventional_AFM_inversion,True,3,12.60,67,0.003004,0.796,3.23,-3.23,3.23,0.0,True,0.0
POSCAR_B2Fe2_5_y025,B2Fe2_5_y025,B2Fe2_5,False,y025,conventional_AFM_inversion,inversion|rotation,2,4,C2/m,conventional_AFM_inversion,True,3,12.60,67,0.015866,2.614,3.193,-3.191,3.193,0.002000000000000224,True,0.002
POSCAR_B2Fe2_5_y975,B2Fe2_5_y975,B2Fe2_5,False,y975,conventional_AFM_inversion,inversion,1,2,P-1,conventional_AFM_inversion,True,3,12.60,67,0.003889,1.114,3.131,-3.131,3.131,0.0,True,0.0
POSCAR_B2Fe2_5_z050,B2Fe2_5_z050,B2Fe2_5,False,z050,conventional_AFM_inversion,inversion,1,2,P-1,conventional_AFM_inversion,True,3,12.60,67,0.02131,2.309,3.236,-3.236,3.236,0.0,True,0.0
POSCAR_B2Fe2_5_z950,B2Fe2_5_z950,B2Fe2_5,False,z950,conventional_AFM_inversion,inversion,1,2,P-1,conventional_AFM_inversion,True,3,12.60,67,0.011978,2.238,3.066,-3.067,3.066,0.001000000000000334,True,0.001
POSCAR_B2Fe2_5_z975,B2Fe2_5_z975,B2Fe2_5,False,z975,conventional_AFM_inversion,inversion|rotation,2,4,C2/m,conventional_AFM_inversion,True,3,12.60,67,0.003187,0.828,3.121,-3.121,3.121,0.0,True,0.0
POSCAR_B2Mo2_4,B2Mo2_4,B2Mo2_4,True,none,ALTERMAGNET,mirror/rotoinv|rotation,4,8,Imma,ALTERMAGNET,True,3,74.559,657,1.006065,0.125,1.226,-1.226,1.226,0.0,True,0.0
POSCAR_B2Mo2_4_st025,B2Mo2_4_st025,B2Mo2_4,False,st025,ALTERMAGNET,mirror/rotoinv|rotation,4,8,Imma,ALTERMAGNET,True,3,74.559,657,1.109726,0.169,1.534,-1.535,1.534,0.0009999999999998899,True,0.0
POSCAR_B2Mo2_4_st050,B2Mo2_4_st050,B2Mo2_4,False,st050,ALTERMAGNET,mirror/rotoinv|rotation,4,8,Imma,ALTERMAGNET,True,3,74.559,657,1.229069,0.127,1.796,-1.795,1.796,0.001000000000000112,True,0.0
POSCAR_B2Mo2_4_st950,B2Mo2_4_st950,B2Mo2_4,False,st950,ALTERMAGNET,mirror/rotoinv|rotation,4,8,Imma,ALTERMAGNET,True,3,74.559,657,0.63117,0.292,0.505,-0.506,0.505,0.0010000000000000009,True,0.001
POSCAR_B2Mo2_4_st975,B2Mo2_4_st975,B2Mo2_4,False,st975,ALTERMAGNET,mirror/rotoinv|rotation,4,8,Imma,ALTERMAGNET,True,3,74.559,657,0.723919,0.091,0.753,-0.753,0.753,0.0,True,0.0
POSCAR_B2Mo2_4_x025,B2Mo2_4_x025,B2Mo2_4,False,x025,ALTERMAGNET,mirror/rotoinv|rotation,2,4,C2/c,ALTERMAGNET,True,3,74.559,657,1.118716,0.112,1.364,-1.364,1.364,0.0,True,0.0
POSCAR_B2Mo2_4_x050,B2Mo2_4_x050,B2Mo2_4,False,x050,ALTERMAGNET,mirror/rotoinv|rotation,2,4,C2/c,ALTERMAGNET,True,3,74.559,657,1.141652,0.241,1.482,-1.481,1.482,0.0009999999999998899,True,0.001
POSCAR_B2Mo2_4_x950,B2Mo2_4_x950,B2Mo2_4,False,x950,ALTERMAGNET,mirror/rotoinv|rotation,2,4,C2/c,ALTERMAGNET,True,3,74.559,657,0.769616,0.16,0.709,-0.709,0.709,0.0,True,0.0
POSCAR_B2Mo2_4_x975,B2Mo2_4_x975,B2Mo2_4,False,x975,ALTERMAGNET,mirror/rotoinv|rotation,2,4,C2/c,ALTERMAGNET,True,3,74.559,657,0.97157,0.245,0.867,-0.866,0.867,0.0010000000000000009,True,0.001
POSCAR_B2Rh2_3,B2Rh2_3,B2Rh2_3,True,none,ALTERMAGNET,mirror/rotoinv|rotation,12,24,P6_3/mmc,ALTERMAGNET,True,3,194.269,1499,0.080466,0.067,0.127,-0.127,0.127,0.0,True,0.0
POSCAR_B2Rh2_3_x025,B2Rh2_3_x025,B2Rh2_3,False,x025,ALTERMAGNET,mirror/rotoinv|rotation,4,8,Cmcm,ALTERMAGNET,True,3,194.269,1499,0.064898,0.004,0.039,-0.039,0.039,0.0,True,0.0
POSCAR_B2Rh2_3_x975,B2Rh2_3_x975,B2Rh2_3,False,x975,ALTERMAGNET,mirror/rotoinv|rotation,4,8,Cmcm,ALTERMAGNET,True,3,194.269,1499,0.047741,0.01,0.041,-0.041,0.041,0.0,True,0.0
POSCAR_B2Rh2_3_y025,B2Rh2_3_y025,B2Rh2_3,False,y025,ALTERMAGNET,mirror/rotoinv|rotation,4,8,Cmcm,ALTERMAGNET,True,3,194.269,1499,0.064933,0.004,0.039,-0.039,0.039,0.0,True,0.0
POSCAR_B2Rh2_3_y975,B2Rh2_3_y975,B2Rh2_3,False,y975,ALTERMAGNET,mirror/rotoinv|rotation,4,8,Cmcm,ALTERMAGNET,True,3,194.269,1499,0.047903,0.01,0.041,-0.041,0.041,0.0,True,0.0
POSCAR_B2Rh2_3_z025,B2Rh2_3_z025,B2Rh2_3,False,z025,ALTERMAGNET,mirror/rotoinv|rotation,12,24,P6_3/mmc,ALTERMAGNET,True,3,194.269,1499,0.076491,0.017,0.187,-0.187,0.187,0.0,True,0.0
POSCAR_B2Rh2_3_z050,B2Rh2_3_z050,B2Rh2_3,False,z050,ALTERMAGNET,mirror/rotoinv|rotation,12,24,P6_3/mmc,ALTERMAGNET,True,3,194.269,1499,0.054821,0.081,0.138,-0.139,0.138,0.0010000000000000009,True,0.0
POSCAR_B2Rh2_3_z975,B2Rh2_3_z975,B2Rh2_3,False,z975,ALTERMAGNET,mirror/rotoinv|rotation,12,24,P6_3/mmc,ALTERMAGNET,True,3,194.269,1499,0.033449,0.036,0.046,-0.046,0.046,0.0,True,0.0
POSCAR_B8Co2_1,B8Co2_1,B8Co2_1,True,none,ALTERMAGNET,mirror/rotoinv|rotation,4,8,Pnnm,ALTERMAGNET,True,3,58.397,495,0.856716,0.028,1.006,-1.006,1.006,0.0,True,0.0
POSCAR_B8Co2_1_st025,B8Co2_1_st025,B8Co2_1,False,st025,ALTERMAGNET,mirror/rotoinv|rotation,4,8,Pnnm,ALTERMAGNET,True,3,58.397,495,0.886153,0.026,1.201,-1.201,1.201,0.0,True,0.0
POSCAR_B8Co2_1_st050,B8Co2_1_st050,B8Co2_1,False,st050,ALTERMAGNET,mirror/rotoinv|rotation,4,8,Pnnm,ALTERMAGNET,True,3,58.397,495,0.910258,0.025,1.379,-1.379,1.379,0.0,True,0.0
POSCAR_B8Co2_1_st950,B8Co2_1_st950,B8Co2_1,False,st950,ALTERMAGNET,mirror/rotoinv|rotation,4,8,Pnnm,ALTERMAGNET,True,3,58.397,495,0.5734,0.033,0.431,-0.431,0.431,0.0,True,0.0
POSCAR_B8Co2_1_st975,B8Co2_1_st975,B8Co2_1,False,st975,ALTERMAGNET,mirror/rotoinv|rotation,4,8,Pnnm,ALTERMAGNET,True,3,58.397,495,0.758484,0.019,0.741,-0.741,0.741,0.0,True,0.0
POSCAR_B8Co2_1_x025,B8Co2_1_x025,B8Co2_1,False,x025,ALTERMAGNET,mirror/rotoinv|rotation,4,8,Pnnm,ALTERMAGNET,True,3,58.397,495,0.881704,0.017,1.058,-1.058,1.058,0.0,True,0.0
POSCAR_B8Co2_1_x050,B8Co2_1_x050,B8Co2_1,False,x050,ALTERMAGNET,mirror/rotoinv|rotation,4,8,Pnnm,ALTERMAGNET,True,3,58.397,495,0.962534,0.028,1.108,-1.108,1.108,0.0,True,0.0
POSCAR_B8Co2_1_x950,B8Co2_1_x950,B8Co2_1,False,x950,ALTERMAGNET,mirror/rotoinv|rotation,4,8,Pnnm,ALTERMAGNET,True,3,58.397,495,1.012796,0.025,0.874,-0.874,0.874,0.0,True,0.0
POSCAR_B8Co2_1_x975,B8Co2_1_x975,B8Co2_1,False,x975,ALTERMAGNET,mirror/rotoinv|rotation,4,8,Pnnm,ALTERMAGNET,True,3,58.397,495,1.004073,0.03,0.944,-0.944,0.944,0.0,True,0.0
POSCAR_B8Co2_1_y025,B8Co2_1_y025,B8Co2_1,False,y025,ALTERMAGNET,mirror/rotoinv|rotation,4,8,Pnnm,ALTERMAGNET,True,3,58.397,495,0.923562,0.019,1.094,-1.094,1.094,0.0,True,0.0
POSCAR_B8Co2_1_y050,B8Co2_1_y050,B8Co2_1,False,y050,ALTERMAGNET,mirror/rotoinv|rotation,4,8,Pnnm,ALTERMAGNET,True,3,58.397,495,0.915562,0.033,1.173,-1.173,1.173,0.0,True,0.0
POSCAR_B8Co2_1_y950,B8Co2_1_y950,B8Co2_1,False,y950,ALTERMAGNET,mirror/rotoinv|rotation,4,8,Pnnm,ALTERMAGNET,True,3,58.397,495,0.894807,0.021,0.751,-0.751,0.751,0.0,True,0.0
POSCAR_B8Co2_1_y975,B8Co2_1_y975,B8Co2_1,False,y975,ALTERMAGNET,mirror/rotoinv|rotation,4,8,Pnnm,ALTERMAGNET,True,3,58.397,495,0.860125,0.032,0.897,-0.897,0.897,0.0,True,0.0
POSCAR_B8Co2_1_z025,B8Co2_1_z025,B8Co2_1,False,z025,ALTERMAGNET,mirror/rotoinv|rotation,4,8,Pnnm,ALTERMAGNET,True,3,58.397,495,0.971693,0.026,1.053,-1.053,1.053,0.0,True,0.0
POSCAR_B8Co2_1_z050,B8Co2_1_z050,B8Co2_1,False,z050,ALTERMAGNET,mirror/rotoinv|rotation,4,8,Pnnm,ALTERMAGNET,True,3,58.397,495,1.091584,0.03,1.083,-1.083,1.083,0.0,True,0.0
POSCAR_B8Co2_1_z950,B8Co2_1_z950,B8Co2_1,False,z950,ALTERMAGNET,mirror/rotoinv|rotation,4,8,Pnnm,ALTERMAGNET,True,3,58.397,495,0.935362,0.024,0.82,-0.82,0.82,0.0,True,0.0
POSCAR_B8Co2_1_z975,B8Co2_1_z975,B8Co2_1,False,z975,ALTERMAGNET,mirror/rotoinv|rotation,4,8,Pnnm,ALTERMAGNET,True,3,58.397,495,0.863281,0.016,0.921,-0.921,0.921,0.0,True,0.0
POSCAR_B8Fe2_1,B8Fe2_1,B8Fe2_1,True,none,ALTERMAGNET,mirror/rotoinv|rotation,4,8,Pnnm,ALTERMAGNET,True,3,58.397,495,1.110495,1.436,2.257,-2.255,2.257,0.002000000000000224,True,0.002
POSCAR_B8Fe2_1_st025,B8Fe2_1_st025,B8Fe2_1,False,st025,ALTERMAGNET,mirror/rotoinv|rotation,4,8,Pnnm,ALTERMAGNET,True,3,58.397,495,1.16602,1.169,2.558,-2.559,2.558,0.001000000000000334,True,0.001
POSCAR_B8Fe2_1_x025,B8Fe2_1_x025,B8Fe2_1,False,x025,ALTERMAGNET,mirror/rotoinv|rotation,4,8,Pnnm,ALTERMAGNET,True,3,58.397,495,1.106394,1.232,2.368,-2.367,2.368,0.0009999999999998899,True,0.002
POSCAR_B8Fe2_1_x050,B8Fe2_1_x050,B8Fe2_1,False,x050,ALTERMAGNET,mirror/rotoinv|rotation,4,8,Pnnm,ALTERMAGNET,True,3,58.397,495,1.110746,1.471,2.482,-2.481,2.482,0.001000000000000334,True,0.002
POSCAR_B8Fe2_1_x950,B8Fe2_1_x950,B8Fe2_1,False,x950,ALTERMAGNET,mirror/rotoinv|rotation,4,8,Pnnm,ALTERMAGNET,True,3,58.397,495,1.21222,1.838,2.014,-2.011,2.014,0.0029999999999996696,True,0.004
POSCAR_B8Fe2_1_y025,B8Fe2_1_y025,B8Fe2_1,False,y025,ALTERMAGNET,mirror/rotoinv|rotation,4,8,Pnnm,ALTERMAGNET,True,3,58.397,495,1.190714,1.355,2.363,-2.362,2.363,0.0009999999999998899,True,0.001
POSCAR_B8Fe2_1_y050,B8Fe2_1_y050,B8Fe2_1,False,y050,ALTERMAGNET,mirror/rotoinv|rotation,4,8,Pnnm,ALTERMAGNET,True,3,58.397,495,1.279622,1.78,2.487,-2.486,2.487,0.0009999999999998899,True,0.002
POSCAR_B8Fe2_1_y950,B8Fe2_1_y950,B8Fe2_1,False,y950,ALTERMAGNET,mirror/rotoinv|rotation,4,8,Pnnm,ALTERMAGNET,True,3,58.397,495,0.968312,1.483,2.018,-2.016,2.018,0.0019999999999997797,True,0.003
POSCAR_B8Fe2_1_y975,B8Fe2_1_y975,B8Fe2_1,False,y975,ALTERMAGNET,mirror/rotoinv|rotation,4,8,Pnnm,ALTERMAGNET,True,3,58.397,495,1.049527,1.568,2.135,-2.132,2.135,0.0029999999999996696,True,0.004
POSCAR_B8Fe2_1_z050,B8Fe2_1_z050,B8Fe2_1,False,z050,ALTERMAGNET,mirror/rotoinv|rotation,4,8,Pnnm,ALTERMAGNET,True,3,58.397,495,1.141833,1.553,2.332,-2.331,2.332,0.0009999999999998899,True,0.002
POSCAR_B8Fe2_1_z950,B8Fe2_1_z950,B8Fe2_1,False,z950,ALTERMAGNET,mirror/rotoinv|rotation,4,8,Pnnm,ALTERMAGNET,True,3,58.397,495,1.07354,1.574,2.117,-2.116,2.117,0.0009999999999998899,True,0.002
POSCAR_B8Fe2_1_z975,B8Fe2_1_z975,B8Fe2_1,False,z975,ALTERMAGNET,mirror/rotoinv|rotation,4,8,Pnnm,ALTERMAGNET,True,3,58.397,495,1.043657,1.125,2.197,-2.196,2.197,0.0009999999999998899,True,0.0
POSCAR_Bi2Co2_1,Bi2Co2_1,Bi2Co2_1,True,none,ALTERMAGNET,mirror/rotoinv|rotation,12,24,P6_3/mmc,ALTERMAGNET,True,3,194.269,1499,0.592936,1.651,1.7,-1.699,1.7,0.0009999999999998899,True,0.001
POSCAR_Bi2Co2_1_st025,Bi2Co2_1_st025,Bi2Co2_1,False,st025,ALTERMAGNET,mirror/rotoinv|rotation,12,24,P6_3/mmc,ALTERMAGNET,True,3,194.269,1499,0.648426,0.547,1.881,-1.882,1.881,0.0009999999999998899,True,0.0
POSCAR_Bi2Co2_1_st050,Bi2Co2_1_st050,Bi2Co2_1,False,st050,ALTERMAGNET,mirror/rotoinv|rotation,12,24,P6_3/mmc,ALTERMAGNET,True,3,194.269,1499,0.67118,0.182,2.011,-2.011,2.011,0.0,True,0.0
POSCAR_Bi2Co2_1_st950,Bi2Co2_1_st950,Bi2Co2_1,False,st950,ALTERMAGNET,mirror/rotoinv|rotation,12,24,P6_3/mmc,ALTERMAGNET,True,3,194.269,1499,0.409696,0.565,0.84,-0.842,0.84,0.0020000000000000018,True,0.001
POSCAR_Bi2Co2_1_x025,Bi2Co2_1_x025,Bi2Co2_1,False,x025,ALTERMAGNET,mirror/rotoinv|rotation,4,8,Cmcm,ALTERMAGNET,True,3,194.269,1499,0.776941,0.351,1.818,-1.818,1.818,0.0,True,0.0
POSCAR_Bi2Co2_1_x050,Bi2Co2_1_x050,Bi2Co2_1,False,x050,ALTERMAGNET,mirror/rotoinv|rotation,2,4,P2_1/m,ALTERMAGNET,True,3,194.269,1499,0.714455,0.583,1.856,-1.856,1.856,0.0,True,0.001
POSCAR_Bi2Co2_1_y025,Bi2Co2_1_y025,Bi2Co2_1,False,y025,ALTERMAGNET,mirror/rotoinv|rotation,4,8,Cmcm,ALTERMAGNET,True,3,194.269,1499,0.776398,0.457,1.819,-1.819,1.819,0.0,True,0.0
POSCAR_Bi2Co2_1_y050,Bi2Co2_1_y050,Bi2Co2_1,False,y050,ALTERMAGNET,mirror/rotoinv|rotation,2,4,P2_1/m,ALTERMAGNET,True,3,194.269,1499,0.713639,0.639,1.856,-1.857,1.856,0.0009999999999998899,True,0.001
POSCAR_Bi2Co2_1_y975,Bi2Co2_1_y975,Bi2Co2_1,False,y975,ALTERMAGNET,mirror/rotoinv|rotation,4,8,Cmcm,ALTERMAGNET,True,3,194.269,1499,0.792416,1.191,1.538,-1.54,1.538,0.0020000000000000018,True,0.002
POSCAR_Bi2Co2_1_z025,Bi2Co2_1_z025,Bi2Co2_1,False,z025,ALTERMAGNET,mirror/rotoinv|rotation,12,24,P6_3/mmc,ALTERMAGNET,True,3,194.269,1499,0.577585,0.456,1.75,-1.75,1.75,0.0,True,0.0
POSCAR_Bi2Co2_1_z050,Bi2Co2_1_z050,Bi2Co2_1,False,z050,ALTERMAGNET,mirror/rotoinv|rotation,12,24,P6_3/mmc,ALTERMAGNET,True,3,194.269,1499,0.554729,0.178,1.804,-1.805,1.804,0.0009999999999998899,True,0.001
POSCAR_Bi2Co2_1_z975,Bi2Co2_1_z975,Bi2Co2_1,False,z975,ALTERMAGNET,mirror/rotoinv|rotation,12,24,P6_3/mmc,ALTERMAGNET,True,3,194.269,1499,0.533839,1.817,1.596,-1.597,1.596,0.0009999999999998899,True,0.001
POSCAR_Bi2Mn2_1,Bi2Mn2_1,Bi2Mn2_1,True,none,ALTERMAGNET,mirror/rotoinv|rotation,12,24,P6_3/mmc,ALTERMAGNET,True,3,194.269,1499,0.538673,0.758,4.436,-4.436,4.436,0.0,True,0.001
POSCAR_Bi2Mn2_1_st025,Bi2Mn2_1_st025,Bi2Mn2_1,False,st025,ALTERMAGNET,mirror/rotoinv|rotation,12,24,P6_3/mmc,ALTERMAGNET,True,3,194.269,1499,0.47111,1.621,4.494,-4.496,4.494,0.002000000000000668,True,0.004
POSCAR_Bi2Mn2_1_st050,Bi2Mn2_1_st050,Bi2Mn2_1,False,st050,ALTERMAGNET,mirror/rotoinv|rotation,12,24,P6_3/mmc,ALTERMAGNET,True,3,194.269,1499,0.412405,1.027,4.541,-4.542,4.541,0.0009999999999994458,True,0.001
POSCAR_Bi2Mn2_1_st950,Bi2Mn2_1_st950,Bi2Mn2_1,False,st950,ALTERMAGNET,mirror/rotoinv|rotation,12,24,P6_3/mmc,ALTERMAGNET,True,3,194.269,1499,0.713318,0.928,4.283,-4.284,4.283,0.0009999999999994458,True,0.002
POSCAR_Bi2Mn2_1_st975,Bi2Mn2_1_st975,Bi2Mn2_1,False,st975,ALTERMAGNET,mirror/rotoinv|rotation,12,24,P6_3/mmc,ALTERMAGNET,True,3,194.269,1499,0.619668,0.682,4.368,-4.368,4.368,0.0,True,0.001
POSCAR_Bi2Mn2_1_x025,Bi2Mn2_1_x025,Bi2Mn2_1,False,x025,ALTERMAGNET,mirror/rotoinv|rotation,2,4,P2_1/m,ALTERMAGNET,True,3,194.269,1499,0.534081,0.785,4.458,-4.459,4.458,0.0009999999999994458,True,0.001
POSCAR_Bi2Mn2_1_x050,Bi2Mn2_1_x050,Bi2Mn2_1,False,x050,ALTERMAGNET,mirror/rotoinv|rotation,2,4,P2_1/m,ALTERMAGNET,True,3,194.269,1499,0.530032,0.64,4.476,-4.476,4.476,0.0,True,0.001
POSCAR_Bi2Mn2_1_x950,Bi2Mn2_1_x950,Bi2Mn2_1,False,x950,ALTERMAGNET,mirror/rotoinv|rotation,2,4,P2_1/m,ALTERMAGNET,True,3,194.269,1499,0.658287,0.91,4.389,-4.39,4.389,0.0009999999999994458,True,0.002
POSCAR_Bi2Mn2_1_x975,Bi2Mn2_1_x975,Bi2Mn2_1,False,x975,ALTERMAGNET,mirror/rotoinv|rotation,2,4,P2_1/m,ALTERMAGNET,True,3,194.269,1499,0.589468,0.818,4.415,-4.416,4.415,0.001000000000000334,True,0.001
POSCAR_Bi2Mn2_1_y025,Bi2Mn2_1_y025,Bi2Mn2_1,False,y025,ALTERMAGNET,mirror/rotoinv|rotation,2,4,P2_1/m,ALTERMAGNET,True,3,194.269,1499,0.533855,0.91,4.458,-4.459,4.458,0.0009999999999994458,True,0.002
POSCAR_Bi2Mn2_1_y050,Bi2Mn2_1_y050,Bi2Mn2_1,False,y050,ALTERMAGNET,mirror/rotoinv|rotation,2,4,P2_1/m,ALTERMAGNET,True,3,194.269,1499,0.529687,0.672,4.476,-4.476,4.476,0.0,True,0.001
POSCAR_Bi2Mn2_1_y950,Bi2Mn2_1_y950,Bi2Mn2_1,False,y950,ALTERMAGNET,mirror/rotoinv|rotation,2,4,P2_1/m,ALTERMAGNET,True,3,194.269,1499,0.658924,0.936,4.389,-4.39,4.389,0.0009999999999994458,True,0.002
POSCAR_Bi2Mn2_1_y975,Bi2Mn2_1_y975,Bi2Mn2_1,False,y975,ALTERMAGNET,mirror/rotoinv|rotation,2,4,P2_1/m,ALTERMAGNET,True,3,194.269,1499,0.590021,0.882,4.415,-4.416,4.415,0.001000000000000334,True,0.001
POSCAR_Bi2Mn2_1_z025,Bi2Mn2_1_z025,Bi2Mn2_1,False,z025,ALTERMAGNET,mirror/rotoinv|rotation,12,24,P6_3/mmc,ALTERMAGNET,True,3,194.269,1499,0.515439,0.779,4.456,-4.456,4.456,0.0,True,0.001
POSCAR_Bi2Mn2_1_z050,Bi2Mn2_1_z050,Bi2Mn2_1,False,z050,ALTERMAGNET,mirror/rotoinv|rotation,12,24,P6_3/mmc,ALTERMAGNET,True,3,194.269,1499,0.493586,1.291,4.474,-4.475,4.474,0.0009999999999994458,True,0.002
POSCAR_Bi2Mn2_1_z950,Bi2Mn2_1_z950,Bi2Mn2_1,False,z950,ALTERMAGNET,mirror/rotoinv|rotation,12,24,P6_3/mmc,ALTERMAGNET,True,3,194.269,1499,0.596335,0.846,4.393,-4.394,4.393,0.001000000000000334,True,0.002
POSCAR_Bi2Mn2_1_z975,Bi2Mn2_1_z975,Bi2Mn2_1,False,z975,ALTERMAGNET,mirror/rotoinv|rotation,12,24,P6_3/mmc,ALTERMAGNET,True,3,194.269,1499,0.56597,0.892,4.416,-4.417,4.416,0.0009999999999994458,True,0.002
POSCAR_Bi2Nb2_2,Bi2Nb2_2,Bi2Nb2_2,True,none,ALTERMAGNET,mirror/rotoinv|rotation,4,8,Cmcm,ALTERMAGNET,True,3,63.463,561,0.287973,0.516,0.494,-0.493,0.494,0.0010000000000000009,True,0.001
POSCAR_Bi2Nb2_2_st950,Bi2Nb2_2_st950,Bi2Nb2_2,False,st950,ALTERMAGNET,mirror/rotoinv|rotation,4,8,Cmcm,ALTERMAGNET,True,3,63.463,561,0.040135,0.148,0.02,-0.02,0.02,0.0,True,0.0
POSCAR_Bi2Nb2_2_st975,Bi2Nb2_2_st975,Bi2Nb2_2,False,st975,ALTERMAGNET,mirror/rotoinv|rotation,4,8,Cmcm,ALTERMAGNET,True,3,63.463,561,0.060698,0.207,0.035,-0.034,0.035,0.0010000000000000009,True,0.001
POSCAR_Bi2Nb2_2_x025,Bi2Nb2_2_x025,Bi2Nb2_2,False,x025,ALTERMAGNET,mirror/rotoinv|rotation,2,4,P2_1/m,ALTERMAGNET,True,3,63.463,561,0.358313,0.507,0.59,-0.59,0.59,0.0,True,0.001
POSCAR_Bi2Nb2_2_x050,Bi2Nb2_2_x050,Bi2Nb2_2,False,x050,ALTERMAGNET,mirror/rotoinv|rotation,2,4,P2_1/m,ALTERMAGNET,True,3,63.463,561,0.424535,0.609,0.737,-0.736,0.737,0.0010000000000000009,True,0.001
POSCAR_Bi2Nb2_2_x950,Bi2Nb2_2_x950,Bi2Nb2_2,False,x950,ALTERMAGNET,mirror/rotoinv|rotation,2,4,P2_1/m,ALTERMAGNET,True,3,63.463,561,0.098641,0.241,0.077,-0.077,0.077,0.0,True,0.001
POSCAR_Bi2Nb2_2_x975,Bi2Nb2_2_x975,Bi2Nb2_2,False,x975,ALTERMAGNET,mirror/rotoinv|rotation,4,8,Cmcm,ALTERMAGNET,True,3,63.463,561,0.182908,0.295,0.147,-0.149,0.147,0.0020000000000000018,True,0.001
POSCAR_Bi2Nb2_2_y950,Bi2Nb2_2_y950,Bi2Nb2_2,False,y950,ALTERMAGNET,mirror/rotoinv|rotation,2,4,P2_1/m,ALTERMAGNET,True,3,63.463,561,0.095601,0.286,0.063,-0.063,0.063,0.0,True,0.001
POSCAR_Bi2Nb2_2_y975,Bi2Nb2_2_y975,Bi2Nb2_2,False,y975,ALTERMAGNET,mirror/rotoinv|rotation,2,4,P2_1/m,ALTERMAGNET,True,3,63.463,561,0.217696,1.669,0.171,-0.175,0.171,0.003999999999999976,True,0.004
POSCAR_Bi2Nb2_2_z950,Bi2Nb2_2_z950,Bi2Nb2_2,False,z950,ALTERMAGNET,mirror/rotoinv|rotation,4,8,Cmcm,ALTERMAGNET,True,3,63.463,561,0.189276,1.401,0.205,-0.208,0.205,0.0030000000000000027,True,0.002
POSCAR_Bi2Ru2_1,Bi2Ru2_1,Bi2Ru2_1,True,none,ALTERMAGNET,mirror/rotoinv|rotation,4,8,Cmcm,ALTERMAGNET,True,3,63.463,561,0.674668,0.305,1.384,-1.384,1.384,0.0,True,0.0
POSCAR_Bi2Ru2_1_st025,Bi2Ru2_1_st025,Bi2Ru2_1,False,st025,ALTERMAGNET,mirror/rotoinv|rotation,4,8,Cmcm,ALTERMAGNET,True,3,63.463,561,0.575423,0.553,1.619,-1.617,1.619,0.0020000000000000018,True,0.002
POSCAR_Bi2Ru2_1_st050,Bi2Ru2_1_st050,Bi2Ru2_1,False,st050,ALTERMAGNET,mirror/rotoinv|rotation,4,8,Cmcm,ALTERMAGNET,True,3,63.463,561,0.498457,1.309,1.873,-1.871,1.873,0.0020000000000000018,True,0.003
POSCAR_Bi2Ru2_1_st950,Bi2Ru2_1_st950,Bi2Ru2_1,False,st950,ALTERMAGNET,mirror/rotoinv|rotation,4,8,Cmcm,ALTERMAGNET,True,3,63.463,561,0.583889,0.261,0.888,-0.888,0.888,0.0,True,0.0
POSCAR_Bi2Ru2_1_x025,Bi2Ru2_1_x025,Bi2Ru2_1,False,x025,ALTERMAGNET,mirror/rotoinv|rotation,2,4,P2_1/m,ALTERMAGNET,True,3,63.463,561,0.619216,0.64,1.47,-1.472,1.47,0.0020000000000000018,True,0.001
POSCAR_Bi2Ru2_1_x975,Bi2Ru2_1_x975,Bi2Ru2_1,False,x975,ALTERMAGNET,mirror/rotoinv|rotation,2,4,P2_1/m,ALTERMAGNET,True,3,63.463,561,0.579746,0.523,1.142,-1.143,1.142,0.001000000000000112,True,0.001
POSCAR_Bi2Ru2_1_y025,Bi2Ru2_1_y025,Bi2Ru2_1,False,y025,ALTERMAGNET,mirror/rotoinv|rotation,2,4,P2_1/m,ALTERMAGNET,True,3,63.463,561,0.612411,1.627,1.315,-1.312,1.315,0.0029999999999998916,True,0.002
POSCAR_Bi2Ru2_1_y050,Bi2Ru2_1_y050,Bi2Ru2_1,False,y050,ALTERMAGNET,mirror/rotoinv|rotation,4,8,Cmcm,ALTERMAGNET,True,3,63.463,561,0.559903,1.435,1.515,-1.511,1.515,0.0040000000000000036,True,0.004
POSCAR_Bi2Ru2_1_y950,Bi2Ru2_1_y950,Bi2Ru2_1,False,y950,ALTERMAGNET,mirror/rotoinv|rotation,2,4,P2_1/m,ALTERMAGNET,True,3,63.463,561,0.587023,0.964,1.319,-1.322,1.319,0.0030000000000001137,True,0.002
POSCAR_Bi2Ru2_1_y975,Bi2Ru2_1_y975,Bi2Ru2_1,False,y975,ALTERMAGNET,mirror/rotoinv|rotation,2,4,P2_1/m,ALTERMAGNET,True,3,63.463,561,0.583827,0.524,1.35,-1.35,1.35,0.0,True,0.0
POSCAR_Bi2Ru2_1_z050,Bi2Ru2_1_z050,Bi2Ru2_1,False,z050,ALTERMAGNET,mirror/rotoinv|rotation,4,8,Cmcm,ALTERMAGNET,True,3,63.463,561,0.595172,1.097,1.565,-1.565,1.565,0.0,True,0.0
POSCAR_Bi2Ru2_1_z975,Bi2Ru2_1_z975,Bi2Ru2_1,False,z975,ALTERMAGNET,mirror/rotoinv|rotation,4,8,Cmcm,ALTERMAGNET,True,3,63.463,561,0.597237,0.339,1.14,-1.139,1.14,0.0009999999999998899,True,0.001
POSCAR_Bi2Ti2_1,Bi2Ti2_1,Bi2Ti2_1,True,none,ALTERMAGNET,mirror/rotoinv|rotation,12,24,P6_3/mmc,ALTERMAGNET,True,3,194.269,1499,0.451557,0.718,0.914,-0.914,0.914,0.0,True,0.001
POSCAR_Bi2Ti2_1_st025,Bi2Ti2_1_st025,Bi2Ti2_1,False,st025,ALTERMAGNET,mirror/rotoinv|rotation,12,24,P6_3/mmc,ALTERMAGNET,True,3,194.269,1499,0.501986,1.098,1.015,-1.015,1.015,0.0,True,0.0
POSCAR_Bi2Ti2_1_st050,Bi2Ti2_1_st050,Bi2Ti2_1,False,st050,ALTERMAGNET,mirror/rotoinv|rotation,12,24,P6_3/mmc,ALTERMAGNET,True,3,194.269,1499,0.496415,0.74,1.112,-1.111,1.112,0.001000000000000112,True,0.001
POSCAR_Bi2Ti2_1_st975,Bi2Ti2_1_st975,Bi2Ti2_1,False,st975,ALTERMAGNET,mirror/rotoinv|rotation,12,24,P6_3/mmc,ALTERMAGNET,True,3,194.269,1499,0.339911,0.69,0.8,-0.8,0.8,0.0,True,0.0
POSCAR_Bi2Ti2_1_x050,Bi2Ti2_1_x050,Bi2Ti2_1,False,x050,ALTERMAGNET,mirror/rotoinv|rotation,2,4,P2_1/m,ALTERMAGNET,True,3,194.269,1499,0.492975,0.832,1.007,-1.008,1.007,0.001000000000000112,True,0.001
POSCAR_Bi2Ti2_1_x975,Bi2Ti2_1_x975,Bi2Ti2_1,False,x975,ALTERMAGNET,mirror/rotoinv|rotation,2,4,P2_1/m,ALTERMAGNET,True,3,194.269,1499,0.483644,2.725,0.925,-0.925,0.925,0.0,True,0.0
POSCAR_Bi2Ti2_1_y050,Bi2Ti2_1_y050,Bi2Ti2_1,False,y050,ALTERMAGNET,mirror/rotoinv|rotation,2,4,P2_1/m,ALTERMAGNET,True,3,194.269,1499,0.523568,4.028,1.024,-1.021,1.024,0.0030000000000001137,True,0.003
POSCAR_Bi2Ti2_1_y950,Bi2Ti2_1_y950,Bi2Ti2_1,False,y950,ALTERMAGNET,mirror/rotoinv|rotation,2,4,P2_1/m,ALTERMAGNET,True,3,194.269,1499,0.481416,0.316,0.911,-0.91,0.911,0.0010000000000000009,True,0.001
POSCAR_Bi2Ti2_1_z025,Bi2Ti2_1_z025,Bi2Ti2_1,False,z025,ALTERMAGNET,mirror/rotoinv|rotation,12,24,P6_3/mmc,ALTERMAGNET,True,3,194.269,1499,0.483184,3.639,0.961,-0.961,0.961,0.0,True,0.0
POSCAR_Bi2Ti2_1_z050,Bi2Ti2_1_z050,Bi2Ti2_1,False,z050,ALTERMAGNET,mirror/rotoinv|rotation,12,24,P6_3/mmc,ALTERMAGNET,True,3,194.269,1499,0.423308,0.559,1.003,-1.003,1.003,0.0,True,0.0
POSCAR_Bi2Ti2_1_z950,Bi2Ti2_1_z950,Bi2Ti2_1,False,z950,ALTERMAGNET,mirror/rotoinv|rotation,12,24,P6_3/mmc,ALTERMAGNET,True,3,194.269,1499,0.516323,0.722,0.801,-0.802,0.801,0.0010000000000000009,True,0.001
POSCAR_Bi2Ti2_1_z975,Bi2Ti2_1_z975,Bi2Ti2_1,False,z975,ALTERMAGNET,mirror/rotoinv|rotation,12,24,P6_3/mmc,ALTERMAGNET,True,3,194.269,1499,0.474665,0.693,0.859,-0.86,0.859,0.0010000000000000009,True,0.001
POSCAR_Bi2V2_1,Bi2V2_1,Bi2V2_1,True,none,ALTERMAGNET,mirror/rotoinv|rotation,12,24,P6_3/mmc,ALTERMAGNET,True,3,194.269,1499,0.419469,0.853,2.694,-2.694,2.694,0.0,True,0.001
POSCAR_Bi2V2_1_st025,Bi2V2_1_st025,Bi2V2_1,False,st025,ALTERMAGNET,mirror/rotoinv|rotation,12,24,P6_3/mmc,ALTERMAGNET,True,3,194.269,1499,0.38807,1.141,2.729,-2.728,2.729,0.0009999999999998899,True,0.003
POSCAR_Bi2V2_1_st050,Bi2V2_1_st050,Bi2V2_1,False,st050,ALTERMAGNET,mirror/rotoinv|rotation,12,24,P6_3/mmc,ALTERMAGNET,True,3,194.269,1499,0.332646,0.713,2.757,-2.757,2.757,0.0,True,0.0
POSCAR_Bi2V2_1_st950,Bi2V2_1_st950,Bi2V2_1,False,st950,ALTERMAGNET,mirror/rotoinv|rotation,12,24,P6_3/mmc,ALTERMAGNET,True,3,194.269,1499,0.372945,0.882,2.615,-2.615,2.615,0.0,True,0.0
POSCAR_Bi2V2_1_st975,Bi2V2_1_st975,Bi2V2_1,False,st975,ALTERMAGNET,mirror/rotoinv|rotation,12,24,P6_3/mmc,ALTERMAGNET,True,3,194.269,1499,0.424795,0.794,2.653,-2.653,2.653,0.0,True,0.001
POSCAR_Bi2V2_1_x025,Bi2V2_1_x025,Bi2V2_1,False,x025,ALTERMAGNET,mirror/rotoinv|rotation,2,4,P2_1/m,ALTERMAGNET,True,3,194.269,1499,0.475882,0.988,2.705,-2.704,2.705,0.0009999999999998899,True,0.002
POSCAR_Bi2V2_1_x050,Bi2V2_1_x050,Bi2V2_1,False,x050,ALTERMAGNET,mirror/rotoinv|rotation,2,4,P2_1/m,ALTERMAGNET,True,3,194.269,1499,0.506242,1.357,2.718,-2.716,2.718,0.0019999999999997797,True,0.003
POSCAR_Bi2V2_1_x950,Bi2V2_1_x950,Bi2V2_1,False,x950,ALTERMAGNET,mirror/rotoinv|rotation,2,4,P2_1/m,ALTERMAGNET,True,3,194.269,1499,0.605668,0.922,2.685,-2.684,2.685,0.0009999999999998899,True,0.002
POSCAR_Bi2V2_1_x975,Bi2V2_1_x975,Bi2V2_1,False,x975,ALTERMAGNET,mirror/rotoinv|rotation,2,4,P2_1/m,ALTERMAGNET,True,3,194.269,1499,0.525496,1.619,2.694,-2.691,2.694,0.0030000000000001137,True,0.004
POSCAR_Bi2V2_1_y025,Bi2V2_1_y025,Bi2V2_1,False,y025,ALTERMAGNET,mirror/rotoinv|rotation,2,4,P2_1/m,ALTERMAGNET,True,3,194.269,1499,0.479773,1.331,2.705,-2.703,2.705,0.002000000000000224,True,0.003
POSCAR_Bi2V2_1_y050,Bi2V2_1_y050,Bi2V2_1,False,y050,ALTERMAGNET,mirror/rotoinv|rotation,2,4,P2_1/m,ALTERMAGNET,True,3,194.269,1499,0.507048,1.267,2.717,-2.716,2.717,0.0009999999999998899,True,0.003
POSCAR_Bi2V2_1_y950,Bi2V2_1_y950,Bi2V2_1,False,y950,ALTERMAGNET,mirror/rotoinv|rotation,2,4,P2_1/m,ALTERMAGNET,True,3,194.269,1499,0.60076,1.033,2.686,-2.685,2.686,0.0009999999999998899,True,0.003
POSCAR_Bi2V2_1_y975,Bi2V2_1_y975,Bi2V2_1,False,y975,ALTERMAGNET,mirror/rotoinv|rotation,2,4,P2_1/m,ALTERMAGNET,True,3,194.269,1499,0.523657,1.42,2.694,-2.692,2.694,0.0019999999999997797,True,0.004
POSCAR_Bi2V2_1_z050,Bi2V2_1_z050,Bi2V2_1,False,z050,ALTERMAGNET,mirror/rotoinv|rotation,12,24,P6_3/mmc,ALTERMAGNET,True,3,194.269,1499,0.4218,1.133,2.738,-2.736,2.738,0.0019999999999997797,True,0.004
POSCAR_Bi2V2_1_z950,Bi2V2_1_z950,Bi2V2_1,False,z950,ALTERMAGNET,mirror/rotoinv|rotation,12,24,P6_3/mmc,ALTERMAGNET,True,3,194.269,1499,0.508228,0.708,2.654,-2.653,2.654,0.0009999999999998899,True,0.002
POSCAR_Bi2V2_1_z975,Bi2V2_1_z975,Bi2V2_1,False,z975,ALTERMAGNET,mirror/rotoinv|rotation,12,24,P6_3/mmc,ALTERMAGNET,True,3,194.269,1499,0.484407,0.761,2.674,-2.673,2.674,0.0009999999999998899,True,0.001
POSCAR_Bi3Fe2_1,Bi3Fe2_1,Bi3Fe2_1,True,none,ALTERMAGNET,mirror/rotoinv|rotation,4,8,Cmmm,ALTERMAGNET,True,3,65.485,583,0.913305,2.455,3.344,-3.342,3.344,0.0019999999999997797,True,0.0
POSCAR_Bi3Fe2_1_st025,Bi3Fe2_1_st025,Bi3Fe2_1,False,st025,ALTERMAGNET,mirror/rotoinv|rotation,4,8,Cmmm,ALTERMAGNET,True,3,65.485,583,0.685581,2.411,3.375,-3.372,3.375,0.0030000000000001137,True,0.003
POSCAR_Bi3Fe2_1_st050,Bi3Fe2_1_st050,Bi3Fe2_1,False,st050,ALTERMAGNET,mirror/rotoinv|rotation,4,8,Cmmm,ALTERMAGNET,True,3,65.485,583,0.829836,2.027,3.227,-3.227,3.227,0.0,True,0.004
POSCAR_Bi3Fe2_1_x025,Bi3Fe2_1_x025,Bi3Fe2_1,False,x025,ALTERMAGNET,mirror/rotoinv|rotation,4,8,Cmmm,ALTERMAGNET,True,3,65.485,583,0.891948,2.727,3.347,-3.343,3.347,0.0040000000000000036,True,0.004
POSCAR_Bi3Fe2_1_x050,Bi3Fe2_1_x050,Bi3Fe2_1,False,x050,ALTERMAGNET,mirror/rotoinv|rotation,4,8,Cmmm,ALTERMAGNET,True,3,65.485,583,0.866459,1.992,3.347,-3.346,3.347,0.0009999999999998899,True,0.003
POSCAR_Bi3Fe2_1_x950,Bi3Fe2_1_x950,Bi3Fe2_1,False,x950,ALTERMAGNET,mirror/rotoinv|rotation,4,8,Cmmm,ALTERMAGNET,True,3,65.485,583,0.824394,3.009,3.299,-3.299,3.299,0.0,True,0.004
POSCAR_Bi3Fe2_1_x975,Bi3Fe2_1_x975,Bi3Fe2_1,False,x975,ALTERMAGNET,mirror/rotoinv|rotation,4,8,Cmmm,ALTERMAGNET,True,3,65.485,583,0.82343,2.812,3.328,-3.326,3.328,0.0019999999999997797,True,0.002
POSCAR_Bi3Mn2_1,Bi3Mn2_1,Bi3Mn2_1,True,none,conventional_AFM_inversion,inversion|rotation,2,4,C2/m,conventional_AFM_inversion,True,3,12.60,67,0.013378,2.967,4.479,-4.48,4.479,0.001000000000000334,True,0.0
POSCAR_Bi3Mn2_1_st025,Bi3Mn2_1_st025,Bi3Mn2_1,False,st025,conventional_AFM_inversion,inversion|rotation,2,4,C2/m,conventional_AFM_inversion,True,3,12.60,67,0.012209,2.781,4.531,-4.531,4.531,0.0,True,0.0
POSCAR_Bi3Mn2_1_st050,Bi3Mn2_1_st050,Bi3Mn2_1,False,st050,conventional_AFM_inversion,inversion|rotation,2,4,C2/m,conventional_AFM_inversion,True,3,12.60,67,0.012213,2.903,4.573,-4.574,4.573,0.0009999999999994458,True,0.001
POSCAR_Bi3Mn2_1_st975,Bi3Mn2_1_st975,Bi3Mn2_1,False,st975,conventional_AFM_inversion,inversion|rotation,2,4,C2/m,conventional_AFM_inversion,True,3,12.60,67,0.014926,3.232,4.417,-4.417,4.417,0.0,True,0.002
POSCAR_Bi3Mn2_1_x025,Bi3Mn2_1_x025,Bi3Mn2_1,False,x025,conventional_AFM_inversion,inversion,1,2,P-1,conventional_AFM_inversion,True,3,12.60,67,0.013256,2.637,4.497,-4.497,4.497,0.0,True,0.001
POSCAR_Bi3Mn2_1_x050,Bi3Mn2_1_x050,Bi3Mn2_1,False,x050,conventional_AFM_inversion,inversion,1,2,P-1,conventional_AFM_inversion,True,3,12.60,67,0.012893,2.59,4.512,-4.512,4.512,0.0,True,0.0
POSCAR_Bi3Mn2_1_x950,Bi3Mn2_1_x950,Bi3Mn2_1,False,x950,conventional_AFM_inversion,inversion,1,2,P-1,conventional_AFM_inversion,True,3,12.60,67,0.01258,3.018,4.437,-4.438,4.437,0.0009999999999994458,True,0.002
POSCAR_Bi3Mn2_1_x975,Bi3Mn2_1_x975,Bi3Mn2_1,False,x975,conventional_AFM_inversion,inversion,1,2,P-1,conventional_AFM_inversion,True,3,12.60,67,0.012234,2.803,4.46,-4.461,4.46,0.001000000000000334,True,0.001
POSCAR_Bi3Mn2_1_y025,Bi3Mn2_1_y025,Bi3Mn2_1,False,y025,conventional_AFM_inversion,inversion,1,2,P-1,conventional_AFM_inversion,True,3,12.60,67,0.01241,2.485,4.497,-4.497,4.497,0.0,True,0.002
POSCAR_Bi3Mn2_1_y050,Bi3Mn2_1_y050,Bi3Mn2_1,False,y050,conventional_AFM_inversion,inversion,1,2,P-1,conventional_AFM_inversion,True,3,12.60,67,0.011767,2.561,4.512,-4.512,4.512,0.0,True,0.001
POSCAR_Bi3Mn2_1_y950,Bi3Mn2_1_y950,Bi3Mn2_1,False,y950,conventional_AFM_inversion,inversion,1,2,P-1,conventional_AFM_inversion,True,3,12.60,67,0.013761,3.033,4.436,-4.438,4.436,0.0019999999999997797,True,0.002
POSCAR_Bi3Mn2_1_y975,Bi3Mn2_1_y975,Bi3Mn2_1,False,y975,conventional_AFM_inversion,inversion,1,2,P-1,conventional_AFM_inversion,True,3,12.60,67,0.01331,2.82,4.46,-4.461,4.46,0.001000000000000334,True,0.001
POSCAR_Bi3Mn2_1_z025,Bi3Mn2_1_z025,Bi3Mn2_1,False,z025,conventional_AFM_inversion,inversion|rotation,2,4,C2/m,conventional_AFM_inversion,True,3,12.60,67,0.012121,2.97,4.497,-4.498,4.497,0.001000000000000334,True,0.002
POSCAR_Bi3Mn2_1_z050,Bi3Mn2_1_z050,Bi3Mn2_1,False,z050,conventional_AFM_inversion,inversion|rotation,2,4,C2/m,conventional_AFM_inversion,True,3,12.60,67,0.013488,3.268,4.513,-4.514,4.513,0.001000000000000334,True,0.003
POSCAR_Bi3Mn2_1_z950,Bi3Mn2_1_z950,Bi3Mn2_1,False,z950,conventional_AFM_inversion,inversion|rotation,2,4,C2/m,conventional_AFM_inversion,True,3,12.60,67,0.014484,3.215,4.434,-4.434,4.434,0.0,True,0.001
POSCAR_Bi3Mn2_1_z975,Bi3Mn2_1_z975,Bi3Mn2_1,False,z975,conventional_AFM_inversion,inversion|rotation,2,4,C2/m,conventional_AFM_inversion,True,3,12.60,67,0.013743,3.272,4.458,-4.459,4.458,0.0009999999999994458,True,0.001
POSCAR_Bi4Cr2_1,Bi4Cr2_1,Bi4Cr2_1,True,none,ALTERMAGNET,mirror/rotoinv|rotation,4,8,Pnnm,ALTERMAGNET,True,3,58.397,495,0.360679,0.258,4.015,-4.015,4.015,0.0,True,0.0
POSCAR_Bi4Cr2_1_st025,Bi4Cr2_1_st025,Bi4Cr2_1,False,st025,ALTERMAGNET,mirror/rotoinv|rotation,4,8,Pnnm,ALTERMAGNET,True,3,58.397,495,0.342845,0.21,4.062,-4.062,4.062,0.0,True,0.0
POSCAR_Bi4Cr2_1_st050,Bi4Cr2_1_st050,Bi4Cr2_1,False,st050,ALTERMAGNET,mirror/rotoinv|rotation,4,8,Pnnm,ALTERMAGNET,True,3,58.397,495,0.333781,0.282,4.101,-4.102,4.101,0.001000000000000334,True,0.0
POSCAR_Bi4Cr2_1_st950,Bi4Cr2_1_st950,Bi4Cr2_1,False,st950,ALTERMAGNET,mirror/rotoinv|rotation,4,8,Pnnm,ALTERMAGNET,True,3,58.397,495,0.389584,0.297,3.889,-3.889,3.889,0.0,True,0.0
POSCAR_Bi4Cr2_1_st975,Bi4Cr2_1_st975,Bi4Cr2_1,False,st975,ALTERMAGNET,mirror/rotoinv|rotation,4,8,Pnnm,ALTERMAGNET,True,3,58.397,495,0.376517,0.26,3.957,-3.957,3.957,0.0,True,0.001
POSCAR_Bi4Cr2_1_x025,Bi4Cr2_1_x025,Bi4Cr2_1,False,x025,ALTERMAGNET,mirror/rotoinv|rotation,4,8,Pnnm,ALTERMAGNET,True,3,58.397,495,0.337625,0.202,4.018,-4.018,4.018,0.0,True,0.0
POSCAR_Bi4Cr2_1_x050,Bi4Cr2_1_x050,Bi4Cr2_1,False,x050,ALTERMAGNET,mirror/rotoinv|rotation,4,8,Pnnm,ALTERMAGNET,True,3,58.397,495,0.347104,0.277,4.027,-4.027,4.027,0.0,True,0.001
POSCAR_Bi4Cr2_1_x950,Bi4Cr2_1_x950,Bi4Cr2_1,False,x950,ALTERMAGNET,mirror/rotoinv|rotation,4,8,Pnnm,ALTERMAGNET,True,3,58.397,495,0.448353,0.294,4.007,-4.007,4.007,0.0,True,0.0
POSCAR_Bi4Cr2_1_x975,Bi4Cr2_1_x975,Bi4Cr2_1,False,x975,ALTERMAGNET,mirror/rotoinv|rotation,4,8,Pnnm,ALTERMAGNET,True,3,58.397,495,0.385774,0.367,4.012,-4.012,4.012,0.0,True,0.001
POSCAR_Bi4Cr2_1_y025,Bi4Cr2_1_y025,Bi4Cr2_1,False,y025,ALTERMAGNET,mirror/rotoinv|rotation,4,8,Pnnm,ALTERMAGNET,True,3,58.397,495,0.377488,0.278,4.039,-4.039,4.039,0.0,True,0.0
POSCAR_Bi4Cr2_1_y050,Bi4Cr2_1_y050,Bi4Cr2_1,False,y050,ALTERMAGNET,mirror/rotoinv|rotation,4,8,Pnnm,ALTERMAGNET,True,3,58.397,495,0.431534,0.47,4.063,-4.063,4.063,0.0,True,0.001
POSCAR_Bi4Cr2_1_y950,Bi4Cr2_1_y950,Bi4Cr2_1,False,y950,ALTERMAGNET,mirror/rotoinv|rotation,4,8,Pnnm,ALTERMAGNET,True,3,58.397,495,0.410331,0.181,3.965,-3.965,3.965,0.0,True,0.0
POSCAR_Bi4Cr2_1_y975,Bi4Cr2_1_y975,Bi4Cr2_1,False,y975,ALTERMAGNET,mirror/rotoinv|rotation,4,8,Pnnm,ALTERMAGNET,True,3,58.397,495,0.373394,0.244,3.99,-3.99,3.99,0.0,True,0.0
POSCAR_Bi4Cr2_1_z025,Bi4Cr2_1_z025,Bi4Cr2_1,False,z025,ALTERMAGNET,mirror/rotoinv|rotation,4,8,Pnnm,ALTERMAGNET,True,3,58.397,495,0.382227,1.296,4.037,-4.038,4.037,0.001000000000000334,True,0.001
POSCAR_Bi4Cr2_1_z050,Bi4Cr2_1_z050,Bi4Cr2_1,False,z050,ALTERMAGNET,mirror/rotoinv|rotation,4,8,Pnnm,ALTERMAGNET,True,3,58.397,495,0.39148,0.452,4.056,-4.057,4.056,0.001000000000000334,True,0.001
POSCAR_Bi4Cr2_1_z950,Bi4Cr2_1_z950,Bi4Cr2_1,False,z950,ALTERMAGNET,mirror/rotoinv|rotation,4,8,Pnnm,ALTERMAGNET,True,3,58.397,495,0.434399,0.285,3.965,-3.965,3.965,0.0,True,0.0
POSCAR_Bi4Cr2_1_z975,Bi4Cr2_1_z975,Bi4Cr2_1,False,z975,ALTERMAGNET,mirror/rotoinv|rotation,4,8,Pnnm,ALTERMAGNET,True,3,58.397,495,0.379068,0.266,3.991,-3.991,3.991,0.0,True,0.0
POSCAR_Bi4Fe2_1,Bi4Fe2_1,Bi4Fe2_1,True,none,ALTERMAGNET,mirror/rotoinv|rotation,4,8,Pnnm,ALTERMAGNET,True,3,58.397,495,0.855192,0.922,3.234,-3.232,3.234,0.0019999999999997797,True,0.004
POSCAR_Bi4Fe2_1_st025,Bi4Fe2_1_st025,Bi4Fe2_1,False,st025,ALTERMAGNET,mirror/rotoinv|rotation,4,8,Pnnm,ALTERMAGNET,True,3,58.397,495,0.757542,0.869,3.273,-3.273,3.273,0.0,True,0.001
POSCAR_Bi4Fe2_1_st050,Bi4Fe2_1_st050,Bi4Fe2_1,False,st050,ALTERMAGNET,mirror/rotoinv|rotation,4,8,Pnnm,ALTERMAGNET,True,3,58.397,495,0.671072,0.792,3.305,-3.304,3.305,0.001000000000000334,True,0.003
POSCAR_Bi4Fe2_1_x025,Bi4Fe2_1_x025,Bi4Fe2_1,False,x025,ALTERMAGNET,mirror/rotoinv|rotation,4,8,Pnnm,ALTERMAGNET,True,3,58.397,495,0.808639,1.027,3.249,-3.249,3.249,0.0,True,0.001
POSCAR_Bi4Fe2_1_x050,Bi4Fe2_1_x050,Bi4Fe2_1,False,x050,ALTERMAGNET,mirror/rotoinv|rotation,4,8,Pnnm,ALTERMAGNET,True,3,58.397,495,0.762203,0.92,3.265,-3.264,3.265,0.001000000000000334,True,0.001
POSCAR_Bi4Fe2_1_y950,Bi4Fe2_1_y950,Bi4Fe2_1,False,y950,ALTERMAGNET,mirror/rotoinv|rotation,4,8,Pnnm,ALTERMAGNET,True,3,58.397,495,1.013633,0.793,3.198,-3.197,3.198,0.0009999999999998899,True,0.001
POSCAR_Bi4Fe2_1_y975,Bi4Fe2_1_y975,Bi4Fe2_1,False,y975,ALTERMAGNET,mirror/rotoinv|rotation,4,8,Pnnm,ALTERMAGNET,True,3,58.397,495,0.932403,0.873,3.215,-3.215,3.215,0.0,True,0.0
POSCAR_Bi4Fe2_1_z025,Bi4Fe2_1_z025,Bi4Fe2_1,False,z025,ALTERMAGNET,mirror/rotoinv|rotation,4,8,Pnnm,ALTERMAGNET,True,3,58.397,495,0.78712,1.222,3.244,-3.243,3.244,0.001000000000000334,True,0.0
POSCAR_Bi4Fe2_1_z050,Bi4Fe2_1_z050,Bi4Fe2_1,False,z050,ALTERMAGNET,mirror/rotoinv|rotation,4,8,Pnnm,ALTERMAGNET,True,3,58.397,495,0.703457,1.448,3.249,-3.25,3.249,0.0009999999999998899,True,0.003
POSCAR_Bi4Fe2_1_z950,Bi4Fe2_1_z950,Bi4Fe2_1,False,z950,ALTERMAGNET,mirror/rotoinv|rotation,4,8,Pnnm,ALTERMAGNET,True,3,58.397,495,0.784679,0.927,3.201,-3.2,3.201,0.0009999999999998899,True,0.0
POSCAR_Bi4Fe2_1_z975,Bi4Fe2_1_z975,Bi4Fe2_1,False,z975,ALTERMAGNET,mirror/rotoinv|rotation,4,8,Pnnm,ALTERMAGNET,True,3,58.397,495,0.826068,1.005,3.22,-3.22,3.22,0.0,True,0.001
POSCAR_Bi4V2_1,Bi4V2_1,Bi4V2_1,True,none,conventional_AFM_inversion,inversion|mirror/rotoinv,2,4,C2/m,conventional_AFM_inversion,True,3,12.61,68,0.011429,0.368,2.663,-2.663,2.663,0.0,True,0.0
POSCAR_Bi4V2_1_st050,Bi4V2_1_st050,Bi4V2_1,False,st050,conventional_AFM_inversion,inversion|mirror/rotoinv,2,4,C2/m,conventional_AFM_inversion,True,3,12.61,68,0.017909,1.214,2.735,-2.737,2.735,0.002000000000000224,True,0.003
POSCAR_Bi4V2_1_x950,Bi4V2_1_x950,Bi4V2_1,False,x950,conventional_AFM_inversion,inversion,1,2,P-1,conventional_AFM_inversion,True,3,12.61,68,0.022759,2.714,2.63,-2.628,2.63,0.0019999999999997797,True,0.002
POSCAR_Bi4V2_1_y025,Bi4V2_1_y025,Bi4V2_1,False,y025,conventional_AFM_inversion,inversion,1,2,P-1,conventional_AFM_inversion,True,3,12.61,68,0.014574,1.958,2.649,-2.648,2.649,0.0009999999999998899,True,0.0
POSCAR_Bi4V2_1_z025,Bi4V2_1_z025,Bi4V2_1,False,z025,conventional_AFM_inversion,inversion,1,2,P-1,conventional_AFM_inversion,True,3,12.61,68,0.013703,0.604,2.742,-2.742,2.742,0.0,True,0.0
POSCAR_Bi4V2_1_z050,Bi4V2_1_z050,Bi4V2_1,False,z050,conventional_AFM_inversion,inversion,1,2,P-1,conventional_AFM_inversion,True,3,12.61,68,0.011354,0.564,2.766,-2.765,2.766,0.0009999999999998899,True,0.001
POSCAR_Bi4V2_1_z975,Bi4V2_1_z975,Bi4V2_1,False,z975,conventional_AFM_inversion,inversion|mirror/rotoinv,2,4,C2/m,conventional_AFM_inversion,True,3,12.61,68,0.015103,1.418,2.646,-2.647,2.646,0.0009999999999998899,True,0.002
POSCAR_Bi4V2_2,Bi4V2_2,Bi4V2_2,True,none,ALTERMAGNET,mirror/rotoinv|rotation,4,8,Pnnm,ALTERMAGNET,True,3,58.397,495,0.359371,0.127,2.759,-2.759,2.759,0.0,True,0.0
POSCAR_Bi4V2_2_st025,Bi4V2_2_st025,Bi4V2_2,False,st025,ALTERMAGNET,mirror/rotoinv|rotation,4,8,Pnnm,ALTERMAGNET,True,3,58.397,495,0.432471,0.15,2.792,-2.792,2.792,0.0,True,0.0
POSCAR_Bi4V2_2_st050,Bi4V2_2_st050,Bi4V2_2,False,st050,ALTERMAGNET,mirror/rotoinv|rotation,4,8,Pnnm,ALTERMAGNET,True,3,58.397,495,0.37699,0.157,2.822,-2.822,2.822,0.0,True,0.0
POSCAR_Bi4V2_2_st950,Bi4V2_2_st950,Bi4V2_2,False,st950,ALTERMAGNET,mirror/rotoinv|rotation,4,8,Pnnm,ALTERMAGNET,True,3,58.397,495,0.334925,0.146,2.685,-2.685,2.685,0.0,True,0.0
POSCAR_Bi4V2_2_st975,Bi4V2_2_st975,Bi4V2_2,False,st975,ALTERMAGNET,mirror/rotoinv|rotation,4,8,Pnnm,ALTERMAGNET,True,3,58.397,495,0.321199,0.335,2.724,-2.724,2.724,0.0,True,0.0
POSCAR_Bi4V2_2_x025,Bi4V2_2_x025,Bi4V2_2,False,x025,ALTERMAGNET,mirror/rotoinv|rotation,4,8,Pnnm,ALTERMAGNET,True,3,58.397,495,0.456287,0.129,2.761,-2.761,2.761,0.0,True,0.0
POSCAR_Bi4V2_2_x050,Bi4V2_2_x050,Bi4V2_2,False,x050,ALTERMAGNET,mirror/rotoinv|rotation,4,8,Pnnm,ALTERMAGNET,True,3,58.397,495,0.432845,0.13,2.764,-2.764,2.764,0.0,True,0.0
POSCAR_Bi4V2_2_x950,Bi4V2_2_x950,Bi4V2_2,False,x950,ALTERMAGNET,mirror/rotoinv|rotation,4,8,Pnnm,ALTERMAGNET,True,3,58.397,495,0.400616,0.132,2.759,-2.76,2.759,0.0009999999999998899,True,0.0
POSCAR_Bi4V2_2_x975,Bi4V2_2_x975,Bi4V2_2,False,x975,ALTERMAGNET,mirror/rotoinv|rotation,4,8,Pnnm,ALTERMAGNET,True,3,58.397,495,0.3117,0.142,2.759,-2.759,2.759,0.0,True,0.0
POSCAR_Bi4V2_2_y025,Bi4V2_2_y025,Bi4V2_2,False,y025,ALTERMAGNET,mirror/rotoinv|rotation,4,8,Pnnm,ALTERMAGNET,True,3,58.397,495,0.350934,0.134,2.777,-2.777,2.777,0.0,True,0.0
POSCAR_Bi4V2_2_y050,Bi4V2_2_y050,Bi4V2_2,False,y050,ALTERMAGNET,mirror/rotoinv|rotation,4,8,Pnnm,ALTERMAGNET,True,3,58.397,495,0.307977,0.13,2.795,-2.796,2.795,0.0009999999999998899,True,0.0
POSCAR_Bi4V2_2_y950,Bi4V2_2_y950,Bi4V2_2,False,y950,ALTERMAGNET,mirror/rotoinv|rotation,4,8,Pnnm,ALTERMAGNET,True,3,58.397,495,0.303685,0.139,2.722,-2.722,2.722,0.0,True,0.0
POSCAR_Bi4V2_2_y975,Bi4V2_2_y975,Bi4V2_2,False,y975,ALTERMAGNET,mirror/rotoinv|rotation,4,8,Pnnm,ALTERMAGNET,True,3,58.397,495,0.334222,0.134,2.741,-2.741,2.741,0.0,True,0.0
POSCAR_Bi4V2_2_z025,Bi4V2_2_z025,Bi4V2_2,False,z025,ALTERMAGNET,mirror/rotoinv|rotation,4,8,Pnnm,ALTERMAGNET,True,3,58.397,495,0.359195,0.152,2.773,-2.773,2.773,0.0,True,0.0
POSCAR_Bi4V2_2_z050,Bi4V2_2_z050,Bi4V2_2,False,z050,ALTERMAGNET,mirror/rotoinv|rotation,4,8,Pnnm,ALTERMAGNET,True,3,58.397,495,0.34759,0.15,2.785,-2.785,2.785,0.0,True,0.0
POSCAR_Bi4V2_2_z950,Bi4V2_2_z950,Bi4V2_2,False,z950,ALTERMAGNET,mirror/rotoinv|rotation,4,8,Pnnm,ALTERMAGNET,True,3,58.397,495,0.343673,0.14,2.726,-2.726,2.726,0.0,True,0.0
POSCAR_Bi4V2_2_z975,Bi4V2_2_z975,Bi4V2_2,False,z975,ALTERMAGNET,mirror/rotoinv|rotation,4,8,Pnnm,ALTERMAGNET,True,3,58.397,495,0.34966,0.148,2.744,-2.744,2.744,0.0,True,0.0
POSCAR_Bi6Cr2_1,Bi6Cr2_1,Bi6Cr2_1,True,none,compensated_FiM_candidate,,0,2,P-1,compensated_FiM_candidate,True,1,2.4,4,0.551345,9.044,4.138,-4.137,4.138,0.001000000000000334,True,0.004
POSCAR_Bi6Cr2_1_st025,Bi6Cr2_1_st025,Bi6Cr2_1,False,st025,compensated_FiM_candidate,,0,2,P-1,compensated_FiM_candidate,True,1,2.4,4,0.496105,8.288,4.17,-4.168,4.17,0.0019999999999997797,True,0.001
POSCAR_Bi6Cr2_1_x975,Bi6Cr2_1_x975,Bi6Cr2_1,False,x975,compensated_FiM_candidate,,0,2,P-1,compensated_FiM_candidate,True,1,2.4,4,0.66508,8.428,4.122,-4.122,4.122,0.0,True,0.002
POSCAR_Bi6Cr2_1_z050,Bi6Cr2_1_z050,Bi6Cr2_1,False,z050,compensated_FiM_candidate,,0,2,P-1,compensated_FiM_candidate,True,1,2.4,4,0.588757,8.734,4.158,-4.16,4.158,0.0019999999999997797,True,0.004
POSCAR_Bi6Cr2_3,Bi6Cr2_3,Bi6Cr2_3,True,none,conventional_AFM_inversion,inversion|mirror/rotoinv,2,4,C2/m,conventional_AFM_inversion,True,3,12.61,68,0.012729,1.077,4.146,-4.146,4.146,0.0,True,0.0
POSCAR_Bi6Cr2_3_st025,Bi6Cr2_3_st025,Bi6Cr2_3,False,st025,conventional_AFM_inversion,inversion|mirror/rotoinv,2,4,C2/m,conventional_AFM_inversion,True,3,12.61,68,0.012414,1.287,4.177,-4.177,4.177,0.0,True,0.001
POSCAR_Bi6Cr2_3_st050,Bi6Cr2_3_st050,Bi6Cr2_3,False,st050,conventional_AFM_inversion,inversion|mirror/rotoinv,2,4,C2/m,conventional_AFM_inversion,True,3,12.61,68,0.011941,2.256,4.204,-4.204,4.204,0.0,True,0.001
POSCAR_Bi6Cr2_3_st950,Bi6Cr2_3_st950,Bi6Cr2_3,False,st950,conventional_AFM_inversion,inversion|mirror/rotoinv,2,4,C2/m,conventional_AFM_inversion,True,3,12.61,68,0.015894,1.185,4.069,-4.068,4.069,0.001000000000000334,True,0.003
POSCAR_Bi6Cr2_3_st975,Bi6Cr2_3_st975,Bi6Cr2_3,False,st975,conventional_AFM_inversion,inversion|mirror/rotoinv,2,4,C2/m,conventional_AFM_inversion,True,3,12.61,68,0.013752,1.439,4.111,-4.111,4.111,0.0,True,0.002
POSCAR_Bi6Cr2_3_x025,Bi6Cr2_3_x025,Bi6Cr2_3,False,x025,conventional_AFM_inversion,inversion,1,2,P-1,conventional_AFM_inversion,True,3,12.61,68,0.013331,1.348,4.155,-4.156,4.155,0.0009999999999994458,True,0.002
POSCAR_Bi6Cr2_3_x050,Bi6Cr2_3_x050,Bi6Cr2_3,False,x050,conventional_AFM_inversion,inversion,1,2,P-1,conventional_AFM_inversion,True,3,12.61,68,0.013885,1.244,4.163,-4.163,4.163,0.0,True,0.003
POSCAR_Bi6Cr2_3_x950,Bi6Cr2_3_x950,Bi6Cr2_3,False,x950,conventional_AFM_inversion,inversion,1,2,P-1,conventional_AFM_inversion,True,3,12.61,68,0.016277,1.639,4.123,-4.123,4.123,0.0,True,0.002
POSCAR_Bi6Cr2_3_y025,Bi6Cr2_3_y025,Bi6Cr2_3,False,y025,conventional_AFM_inversion,inversion,1,2,P-1,conventional_AFM_inversion,True,3,12.61,68,0.014562,1.738,4.156,-4.155,4.156,0.0009999999999994458,True,0.002
POSCAR_Bi6Cr2_3_y050,Bi6Cr2_3_y050,Bi6Cr2_3,False,y050,conventional_AFM_inversion,inversion,1,2,P-1,conventional_AFM_inversion,True,3,12.61,68,0.01553,1.808,4.163,-4.163,4.163,0.0,True,0.002
POSCAR_Bi6Cr2_3_y950,Bi6Cr2_3_y950,Bi6Cr2_3,False,y950,conventional_AFM_inversion,inversion,1,2,P-1,conventional_AFM_inversion,True,3,12.61,68,0.014142,1.168,4.123,-4.123,4.123,0.0,True,0.001
POSCAR_Bi6Cr2_3_z025,Bi6Cr2_3_z025,Bi6Cr2_3,False,z025,conventional_AFM_inversion,inversion|mirror/rotoinv,2,4,C2/m,conventional_AFM_inversion,True,3,12.61,68,0.01368,1.348,4.16,-4.16,4.16,0.0,True,0.0
POSCAR_Bi6Cr2_3_z050,Bi6Cr2_3_z050,Bi6Cr2_3,False,z050,conventional_AFM_inversion,inversion|mirror/rotoinv,2,4,C2/m,conventional_AFM_inversion,True,3,12.61,68,0.012119,1.16,4.172,-4.172,4.172,0.0,True,0.0
POSCAR_Bi6Cr2_3_z950,Bi6Cr2_3_z950,Bi6Cr2_3,False,z950,conventional_AFM_inversion,inversion|mirror/rotoinv,2,4,C2/m,conventional_AFM_inversion,True,3,12.61,68,0.014829,1.074,4.117,-4.117,4.117,0.0,True,0.001
POSCAR_Bi6Cr2_3_z975,Bi6Cr2_3_z975,Bi6Cr2_3,False,z975,conventional_AFM_inversion,inversion|mirror/rotoinv,2,4,C2/m,conventional_AFM_inversion,True,3,12.61,68,0.013222,1.027,4.133,-4.133,4.133,0.0,True,0.0
POSCAR_Bi6Cr2_4,Bi6Cr2_4,Bi6Cr2_4,True,none,compensated_FiM_candidate,,0,1,P1,compensated_FiM_candidate,True,1,1.1,1,0.25445,7.705,4.136,-4.138,4.136,0.0019999999999997797,True,0.0
POSCAR_Bi6Cr2_4_st975,Bi6Cr2_4_st975,Bi6Cr2_4,False,st975,compensated_FiM_candidate,,0,1,P1,compensated_FiM_candidate,True,1,1.1,1,0.244793,9.367,4.101,-4.103,4.101,0.0019999999999997797,True,0.004
POSCAR_Bi6Cr2_4_x950,Bi6Cr2_4_x950,Bi6Cr2_4,False,x950,compensated_FiM_candidate,,0,1,P1,compensated_FiM_candidate,True,1,1.1,1,0.251875,8.123,4.115,-4.117,4.115,0.0019999999999997797,True,0.003
POSCAR_Bi6Cr2_4_y975,Bi6Cr2_4_y975,Bi6Cr2_4,False,y975,compensated_FiM_candidate,,0,1,P1,compensated_FiM_candidate,True,1,1.1,1,0.228663,9.961,4.126,-4.128,4.126,0.0019999999999997797,True,0.004
POSCAR_Bi6Cr2_4_z950,Bi6Cr2_4_z950,Bi6Cr2_4,False,z950,compensated_FiM_candidate,,0,1,P1,compensated_FiM_candidate,True,1,1.1,1,0.282383,9.145,4.106,-4.107,4.106,0.001000000000000334,True,0.004
POSCAR_Bi6Fe2_1,Bi6Fe2_1,Bi6Fe2_1,True,none,conventional_AFM_inversion,inversion,1,2,P-1,conventional_AFM_inversion,True,3,2.6,6,0.010559,1.38,3.09,-3.089,3.09,0.0009999999999998899,True,0.001
POSCAR_Bi6Fe2_1_st025,Bi6Fe2_1_st025,Bi6Fe2_1,False,st025,conventional_AFM_inversion,inversion,1,2,P-1,conventional_AFM_inversion,True,3,2.6,6,0.010588,1.181,3.147,-3.145,3.147,0.0019999999999997797,True,0.003
POSCAR_Bi6Fe2_1_st950,Bi6Fe2_1_st950,Bi6Fe2_1,False,st950,conventional_AFM_inversion,inversion,1,2,P-1,conventional_AFM_inversion,True,3,2.6,6,0.013214,1.526,2.948,-2.947,2.948,0.0009999999999998899,True,0.001
POSCAR_Bi6Fe2_1_st975,Bi6Fe2_1_st975,Bi6Fe2_1,False,st975,conventional_AFM_inversion,inversion,1,2,P-1,conventional_AFM_inversion,True,3,2.6,6,0.012786,1.381,3.025,-3.023,3.025,0.0019999999999997797,True,0.002
POSCAR_Bi6Fe2_1_x025,Bi6Fe2_1_x025,Bi6Fe2_1,False,x025,conventional_AFM_inversion,inversion,1,2,P-1,conventional_AFM_inversion,True,3,2.6,6,0.010119,1.241,3.121,-3.119,3.121,0.0019999999999997797,True,0.002
POSCAR_Bi6Fe2_1_x050,Bi6Fe2_1_x050,Bi6Fe2_1,False,x050,conventional_AFM_inversion,inversion,1,2,P-1,conventional_AFM_inversion,True,3,2.6,6,0.009714,1.006,3.142,-3.14,3.142,0.0019999999999997797,True,0.002
POSCAR_Bi6Fe2_1_x975,Bi6Fe2_1_x975,Bi6Fe2_1,False,x975,conventional_AFM_inversion,inversion,1,2,P-1,conventional_AFM_inversion,True,3,2.6,6,0.012079,1.302,3.061,-3.06,3.061,0.0009999999999998899,True,0.001
POSCAR_Bi6Fe2_1_y025,Bi6Fe2_1_y025,Bi6Fe2_1,False,y025,conventional_AFM_inversion,inversion,1,2,P-1,conventional_AFM_inversion,True,3,2.6,6,0.010575,1.188,3.105,-3.104,3.105,0.0009999999999998899,True,0.002
POSCAR_Bi6Fe2_1_y050,Bi6Fe2_1_y050,Bi6Fe2_1,False,y050,conventional_AFM_inversion,inversion,1,2,P-1,conventional_AFM_inversion,True,3,2.6,6,0.010339,1.163,3.118,-3.117,3.118,0.0009999999999998899,True,0.001
POSCAR_Bi6Fe2_1_y950,Bi6Fe2_1_y950,Bi6Fe2_1,False,y950,conventional_AFM_inversion,inversion,1,2,P-1,conventional_AFM_inversion,True,3,2.6,6,0.011384,1.777,3.057,-3.056,3.057,0.0009999999999998899,True,0.0
POSCAR_Bi6Fe2_1_y975,Bi6Fe2_1_y975,Bi6Fe2_1,False,y975,conventional_AFM_inversion,inversion,1,2,P-1,conventional_AFM_inversion,True,3,2.6,6,0.010868,1.575,3.075,-3.074,3.075,0.001000000000000334,True,0.0
POSCAR_Bi6Fe2_1_z025,Bi6Fe2_1_z025,Bi6Fe2_1,False,z025,conventional_AFM_inversion,inversion,1,2,P-1,conventional_AFM_inversion,True,3,2.6,6,0.010384,1.497,3.105,-3.105,3.105,0.0,True,0.001
POSCAR_Bi6Fe2_1_z050,Bi6Fe2_1_z050,Bi6Fe2_1,False,z050,conventional_AFM_inversion,inversion,1,2,P-1,conventional_AFM_inversion,True,3,2.6,6,0.0105,1.448,3.12,-3.118,3.12,0.002000000000000224,True,0.003
POSCAR_Bi6Fe2_1_z950,Bi6Fe2_1_z950,Bi6Fe2_1,False,z950,conventional_AFM_inversion,inversion,1,2,P-1,conventional_AFM_inversion,True,3,2.6,6,0.009776,1.231,3.057,-3.056,3.057,0.0009999999999998899,True,0.001
POSCAR_Bi6Fe2_1_z975,Bi6Fe2_1_z975,Bi6Fe2_1,False,z975,conventional_AFM_inversion,inversion,1,2,P-1,conventional_AFM_inversion,True,3,2.6,6,0.011358,1.296,3.076,-3.074,3.076,0.002000000000000224,True,0.002
POSCAR_Bi6Fe2_2,Bi6Fe2_2,Bi6Fe2_2,True,none,ALTERMAGNET,mirror/rotoinv|rotation,6,12,R-3c,ALTERMAGNET,True,3,167.107,1337,0.408006,0.357,3.161,-3.161,3.161,0.0,True,0.001
POSCAR_Bi6Fe2_2_st025,Bi6Fe2_2_st025,Bi6Fe2_2,False,st025,ALTERMAGNET,mirror/rotoinv|rotation,6,12,R-3c,ALTERMAGNET,True,3,167.107,1337,0.394235,0.253,3.199,-3.199,3.199,0.0,True,0.001
POSCAR_Bi6Fe2_2_st050,Bi6Fe2_2_st050,Bi6Fe2_2,False,st050,ALTERMAGNET,mirror/rotoinv|rotation,6,12,R-3c,ALTERMAGNET,True,3,167.107,1337,0.390234,0.263,3.233,-3.233,3.233,0.0,True,0.001
POSCAR_Bi6Fe2_2_st950,Bi6Fe2_2_st950,Bi6Fe2_2,False,st950,ALTERMAGNET,mirror/rotoinv|rotation,6,12,R-3c,ALTERMAGNET,True,3,167.107,1337,0.449221,0.376,3.06,-3.06,3.06,0.0,True,0.0
POSCAR_Bi6Fe2_2_st975,Bi6Fe2_2_st975,Bi6Fe2_2,False,st975,ALTERMAGNET,mirror/rotoinv|rotation,6,12,R-3c,ALTERMAGNET,True,3,167.107,1337,0.429654,0.698,3.116,-3.115,3.116,0.0009999999999998899,True,0.004
POSCAR_Bi6Fe2_2_x050,Bi6Fe2_2_x050,Bi6Fe2_2,False,x050,compensated_FiM_candidate,,0,2,P-1,ALTERMAGNET,False,3,167.107,1337,0.457675,5.267,3.188,-3.188,3.188,0.0,True,0.004
POSCAR_Bi6Fe2_2_x950,Bi6Fe2_2_x950,Bi6Fe2_2,False,x950,compensated_FiM_candidate,,0,2,P-1,ALTERMAGNET,False,3,167.107,1337,0.430549,8.424,3.124,-3.121,3.124,0.0030000000000001137,True,0.0
POSCAR_Bi6Fe2_2_y050,Bi6Fe2_2_y050,Bi6Fe2_2,False,y050,compensated_FiM_candidate,,0,2,P-1,ALTERMAGNET,False,3,167.107,1337,0.457061,5.385,3.188,-3.188,3.188,0.0,True,0.004
POSCAR_Bi6Fe2_2_y950,Bi6Fe2_2_y950,Bi6Fe2_2,False,y950,compensated_FiM_candidate,,0,2,P-1,ALTERMAGNET,False,3,167.107,1337,0.431323,8.489,3.121,-3.124,3.121,0.0030000000000001137,True,0.001
POSCAR_Bi6Fe2_2_z025,Bi6Fe2_2_z025,Bi6Fe2_2,False,z025,ALTERMAGNET,mirror/rotoinv|rotation,2,4,C2/c,ALTERMAGNET,True,3,167.107,1337,0.390808,0.369,3.171,-3.17,3.171,0.0009999999999998899,True,0.001
POSCAR_Bi6Fe2_2_z050,Bi6Fe2_2_z050,Bi6Fe2_2,False,z050,ALTERMAGNET,mirror/rotoinv|rotation,2,4,C2/c,ALTERMAGNET,True,3,167.107,1337,0.363301,0.437,3.179,-3.179,3.179,0.0,True,0.0
POSCAR_Bi6Fe2_2_z950,Bi6Fe2_2_z950,Bi6Fe2_2,False,z950,ALTERMAGNET,mirror/rotoinv|rotation,2,4,C2/c,ALTERMAGNET,True,3,167.107,1337,0.465296,0.638,3.135,-3.135,3.135,0.0,True,0.002
POSCAR_Bi6Fe2_2_z975,Bi6Fe2_2_z975,Bi6Fe2_2,False,z975,ALTERMAGNET,mirror/rotoinv|rotation,2,4,C2/c,ALTERMAGNET,True,3,167.107,1337,0.471911,0.566,3.145,-3.145,3.145,0.0,True,0.002
POSCAR_Bi8Co2_1,Bi8Co2_1,Bi8Co2_1,True,none,ALTERMAGNET,mirror/rotoinv|rotation,2,4,C2/c,ALTERMAGNET,True,3,15.89,96,0.425431,1.856,1.348,-1.349,1.348,0.0009999999999998899,True,0.003
POSCAR_Bi8Co2_1_y025,Bi8Co2_1_y025,Bi8Co2_1,False,y025,ALTERMAGNET,mirror/rotoinv|rotation,2,4,C2/c,ALTERMAGNET,True,3,15.89,96,0.399409,1.989,1.428,-1.429,1.428,0.001000000000000112,True,0.002
POSCAR_Bi8Co2_1_y050,Bi8Co2_1_y050,Bi8Co2_1,False,y050,ALTERMAGNET,mirror/rotoinv|rotation,2,4,C2/c,ALTERMAGNET,True,3,15.89,96,0.368957,2.196,1.492,-1.493,1.492,0.001000000000000112,True,0.004
POSCAR_Bi8Cr2_1,Bi8Cr2_1,Bi8Cr2_1,True,none,ALTERMAGNET,mirror/rotoinv|rotation,4,8,I-42d,ALTERMAGNET,True,3,122.337,997,0.214417,0.289,4.095,-4.095,4.095,0.0,True,0.0
POSCAR_Bi8Cr2_1_st025,Bi8Cr2_1_st025,Bi8Cr2_1,False,st025,ALTERMAGNET,mirror/rotoinv|rotation,4,8,I-42d,ALTERMAGNET,True,3,122.337,997,0.194522,0.246,4.132,-4.132,4.132,0.0,True,0.0
POSCAR_Bi8Cr2_1_st050,Bi8Cr2_1_st050,Bi8Cr2_1,False,st050,ALTERMAGNET,mirror/rotoinv|rotation,4,8,I-42d,ALTERMAGNET,True,3,122.337,997,0.186748,0.264,4.163,-4.163,4.163,0.0,True,0.001
POSCAR_Bi8Cr2_1_st950,Bi8Cr2_1_st950,Bi8Cr2_1,False,st950,ALTERMAGNET,mirror/rotoinv|rotation,4,8,I-42d,ALTERMAGNET,True,3,122.337,997,0.248911,0.321,3.983,-3.983,3.983,0.0,True,0.001
POSCAR_Bi8Cr2_1_st975,Bi8Cr2_1_st975,Bi8Cr2_1,False,st975,ALTERMAGNET,mirror/rotoinv|rotation,4,8,I-42d,ALTERMAGNET,True,3,122.337,997,0.233235,0.307,4.045,-4.045,4.045,0.0,True,0.001
POSCAR_Bi8Cr2_1_x025,Bi8Cr2_1_x025,Bi8Cr2_1,False,x025,ALTERMAGNET,mirror/rotoinv,1,2,Cc,ALTERMAGNET,True,3,122.337,997,0.216946,0.314,4.108,-4.108,4.108,0.0,True,0.001
POSCAR_Bi8Cr2_1_x050,Bi8Cr2_1_x050,Bi8Cr2_1,False,x050,ALTERMAGNET,mirror/rotoinv,1,2,Cc,ALTERMAGNET,True,3,122.337,997,0.244438,0.327,4.121,-4.122,4.121,0.0009999999999994458,True,0.0
POSCAR_Bi8Cr2_1_x950,Bi8Cr2_1_x950,Bi8Cr2_1,False,x950,ALTERMAGNET,mirror/rotoinv,1,2,Cc,ALTERMAGNET,True,3,122.337,997,0.267878,0.604,4.064,-4.065,4.064,0.001000000000000334,True,0.003
POSCAR_Bi8Cr2_1_x975,Bi8Cr2_1_x975,Bi8Cr2_1,False,x975,ALTERMAGNET,mirror/rotoinv,1,2,Cc,ALTERMAGNET,True,3,122.337,997,0.227455,0.417,4.08,-4.08,4.08,0.0,True,0.001
POSCAR_Bi8Cr2_1_y025,Bi8Cr2_1_y025,Bi8Cr2_1,False,y025,ALTERMAGNET,mirror/rotoinv,1,2,Cc,ALTERMAGNET,True,3,122.337,997,0.216027,0.419,4.108,-4.108,4.108,0.0,True,0.001
POSCAR_Bi8Cr2_1_y050,Bi8Cr2_1_y050,Bi8Cr2_1,False,y050,ALTERMAGNET,mirror/rotoinv,1,2,Cc,ALTERMAGNET,True,3,122.337,997,0.24404,0.455,4.121,-4.122,4.121,0.0009999999999994458,True,0.001
POSCAR_Bi8Cr2_1_y950,Bi8Cr2_1_y950,Bi8Cr2_1,False,y950,ALTERMAGNET,mirror/rotoinv,1,2,Cc,ALTERMAGNET,True,3,122.337,997,0.26792,0.5,4.065,-4.065,4.065,0.0,True,0.002
POSCAR_Bi8Cr2_1_y975,Bi8Cr2_1_y975,Bi8Cr2_1,False,y975,ALTERMAGNET,mirror/rotoinv,1,2,Cc,ALTERMAGNET,True,3,122.337,997,0.2292,0.421,4.08,-4.08,4.08,0.0,True,0.001
POSCAR_Bi8Cr2_1_z025,Bi8Cr2_1_z025,Bi8Cr2_1,False,z025,ALTERMAGNET,rotation,1,2,C2,ALTERMAGNET,True,3,122.337,997,0.220196,0.454,4.107,-4.108,4.107,0.0009999999999994458,True,0.0
POSCAR_Bi8Cr2_1_z050,Bi8Cr2_1_z050,Bi8Cr2_1,False,z050,ALTERMAGNET,rotation,1,2,C2,ALTERMAGNET,True,3,122.337,997,0.21199,0.515,4.119,-4.119,4.119,0.0,True,0.0
POSCAR_Bi8Cr2_1_z950,Bi8Cr2_1_z950,Bi8Cr2_1,False,z950,ALTERMAGNET,rotation,1,2,C2,ALTERMAGNET,True,3,122.337,997,0.264134,0.53,4.063,-4.064,4.063,0.001000000000000334,True,0.001
POSCAR_Bi8Cr2_1_z975,Bi8Cr2_1_z975,Bi8Cr2_1,False,z975,ALTERMAGNET,rotation,1,2,C2,ALTERMAGNET,True,3,122.337,997,0.233519,0.506,4.08,-4.08,4.08,0.0,True,0.0
POSCAR_Bi8Fe2_1,Bi8Fe2_1,Bi8Fe2_1,True,none,conventional_AFM_inversion,inversion,1,2,P-1,conventional_AFM_inversion,True,3,2.6,6,0.014465,1.728,3.105,-3.106,3.105,0.0009999999999998899,True,0.004
POSCAR_Bi8Fe2_1_st025,Bi8Fe2_1_st025,Bi8Fe2_1,False,st025,conventional_AFM_inversion,inversion,1,2,P-1,conventional_AFM_inversion,True,3,2.6,6,0.010905,1.371,3.167,-3.167,3.167,0.0,True,0.0
POSCAR_Bi8Fe2_1_st050,Bi8Fe2_1_st050,Bi8Fe2_1,False,st050,conventional_AFM_inversion,inversion,1,2,P-1,conventional_AFM_inversion,True,3,2.6,6,0.010092,1.326,3.22,-3.22,3.22,0.0,True,0.001
POSCAR_Bi8Fe2_1_st950,Bi8Fe2_1_st950,Bi8Fe2_1,False,st950,conventional_AFM_inversion,inversion,1,2,P-1,conventional_AFM_inversion,True,3,2.6,6,0.014003,1.531,2.949,-2.949,2.949,0.0,True,0.001
POSCAR_Bi8Fe2_1_st975,Bi8Fe2_1_st975,Bi8Fe2_1,False,st975,conventional_AFM_inversion,inversion,1,2,P-1,conventional_AFM_inversion,True,3,2.6,6,0.012232,1.522,3.036,-3.037,3.036,0.0009999999999998899,True,0.003
POSCAR_Bi8Fe2_1_x025,Bi8Fe2_1_x025,Bi8Fe2_1,False,x025,conventional_AFM_inversion,inversion,1,2,P-1,conventional_AFM_inversion,True,3,2.6,6,0.010884,1.417,3.128,-3.128,3.128,0.0,True,0.002
POSCAR_Bi8Fe2_1_x975,Bi8Fe2_1_x975,Bi8Fe2_1,False,x975,conventional_AFM_inversion,inversion,1,2,P-1,conventional_AFM_inversion,True,3,2.6,6,0.013197,1.486,3.087,-3.086,3.087,0.001000000000000334,True,0.0
POSCAR_Bi8Fe2_1_y025,Bi8Fe2_1_y025,Bi8Fe2_1,False,y025,conventional_AFM_inversion,inversion,1,2,P-1,conventional_AFM_inversion,True,3,2.6,6,0.012982,1.432,3.123,-3.124,3.123,0.0009999999999998899,True,0.004
POSCAR_Bi8Fe2_1_y050,Bi8Fe2_1_y050,Bi8Fe2_1,False,y050,conventional_AFM_inversion,inversion,1,2,P-1,conventional_AFM_inversion,True,3,2.6,6,0.012754,1.535,3.142,-3.142,3.142,0.0,True,0.0
POSCAR_Bi8Fe2_1_y950,Bi8Fe2_1_y950,Bi8Fe2_1,False,y950,conventional_AFM_inversion,inversion,1,2,P-1,conventional_AFM_inversion,True,3,2.6,6,0.012697,1.47,3.065,-3.064,3.065,0.0009999999999998899,True,0.002
POSCAR_Bi8Fe2_1_y975,Bi8Fe2_1_y975,Bi8Fe2_1,False,y975,conventional_AFM_inversion,inversion,1,2,P-1,conventional_AFM_inversion,True,3,2.6,6,0.011313,1.434,3.087,-3.087,3.087,0.0,True,0.001
POSCAR_Bi8Fe2_1_z025,Bi8Fe2_1_z025,Bi8Fe2_1,False,z025,conventional_AFM_inversion,inversion,1,2,P-1,conventional_AFM_inversion,True,3,2.6,6,0.012259,1.42,3.132,-3.133,3.132,0.0009999999999998899,True,0.003
POSCAR_Bi8Fe2_1_z050,Bi8Fe2_1_z050,Bi8Fe2_1,False,z050,conventional_AFM_inversion,inversion,1,2,P-1,conventional_AFM_inversion,True,3,2.6,6,0.013003,1.639,3.157,-3.157,3.157,0.0,True,0.001
POSCAR_Bi8Fe2_1_z950,Bi8Fe2_1_z950,Bi8Fe2_1,False,z950,conventional_AFM_inversion,inversion,1,2,P-1,conventional_AFM_inversion,True,3,2.6,6,0.010492,1.462,3.049,-3.05,3.049,0.0009999999999998899,True,0.003
POSCAR_Bi8Fe2_1_z975,Bi8Fe2_1_z975,Bi8Fe2_1,False,z975,conventional_AFM_inversion,inversion,1,2,P-1,conventional_AFM_inversion,True,3,2.6,6,0.010725,1.375,3.08,-3.08,3.08,0.0,True,0.002
POSCAR_Bi8Ru2_1,Bi8Ru2_1,Bi8Ru2_1,True,none,ALTERMAGNET,mirror/rotoinv|rotation,8,16,P4/mbm,ALTERMAGNET,True,3,127.393,1053,0.377059,0.316,1.266,-1.267,1.266,0.0009999999999998899,True,0.0
POSCAR_Bi8Ru2_1_st025,Bi8Ru2_1_st025,Bi8Ru2_1,False,st025,ALTERMAGNET,mirror/rotoinv|rotation,8,16,P4/mbm,ALTERMAGNET,True,3,127.393,1053,0.323275,0.69,1.81,-1.807,1.81,0.0030000000000001137,True,0.003
POSCAR_Bi8Ru2_1_st050,Bi8Ru2_1_st050,Bi8Ru2_1,False,st050,ALTERMAGNET,mirror/rotoinv|rotation,2,4,P2_1/c,ALTERMAGNET,True,3,127.393,1053,0.265886,0.168,1.867,-1.867,1.867,0.0,True,0.001
POSCAR_Bi8Ru2_1_x025,Bi8Ru2_1_x025,Bi8Ru2_1,False,x025,ALTERMAGNET,mirror/rotoinv|rotation,4,8,Pbam,ALTERMAGNET,True,3,127.393,1053,0.378504,0.357,1.404,-1.403,1.404,0.0009999999999998899,True,0.003
POSCAR_Bi8Ru2_1_x050,Bi8Ru2_1_x050,Bi8Ru2_1,False,x050,ALTERMAGNET,mirror/rotoinv|rotation,4,8,Pbam,ALTERMAGNET,True,3,127.393,1053,0.359779,0.348,1.514,-1.513,1.514,0.001000000000000112,True,0.002
POSCAR_Bi8Ru2_1_x975,Bi8Ru2_1_x975,Bi8Ru2_1,False,x975,ALTERMAGNET,mirror/rotoinv|rotation,4,8,Pbam,ALTERMAGNET,True,3,127.393,1053,0.368747,0.252,1.127,-1.128,1.127,0.0009999999999998899,True,0.001
POSCAR_Bi8Ru2_1_y050,Bi8Ru2_1_y050,Bi8Ru2_1,False,y050,ALTERMAGNET,mirror/rotoinv|rotation,8,16,P4/mbm,ALTERMAGNET,True,3,127.393,1053,0.388722,1.802,1.573,-1.573,1.573,0.0,True,0.0
POSCAR_Bi8Ru2_1_y975,Bi8Ru2_1_y975,Bi8Ru2_1,False,y975,ALTERMAGNET,mirror/rotoinv|rotation,8,16,P4/mbm,ALTERMAGNET,True,3,127.393,1053,0.297356,0.201,1.15,-1.151,1.15,0.001000000000000112,True,0.0
POSCAR_Bi8Ru2_1_z025,Bi8Ru2_1_z025,Bi8Ru2_1,False,z025,ALTERMAGNET,mirror/rotoinv|rotation,4,8,Pbam,ALTERMAGNET,True,3,127.393,1053,0.380624,0.446,1.402,-1.405,1.402,0.0030000000000001137,True,0.004
POSCAR_Bi8Ru2_1_z050,Bi8Ru2_1_z050,Bi8Ru2_1,False,z050,ALTERMAGNET,mirror/rotoinv|rotation,4,8,Pbam,ALTERMAGNET,True,3,127.393,1053,0.361625,0.36,1.513,-1.515,1.513,0.0020000000000000018,True,0.003
POSCAR_Br4Cu2_1,Br4Cu2_1,Br4Cu2_1,True,none,ALTERMAGNET,mirror/rotoinv|rotation,4,8,I-42d,ALTERMAGNET,True,3,122.337,997,0.154684,1.07,0.484,-0.484,0.484,0.0,True,0.0
POSCAR_Br4Cu2_1_st025,Br4Cu2_1_st025,Br4Cu2_1,False,st025,ALTERMAGNET,mirror/rotoinv|rotation,4,8,I-42d,ALTERMAGNET,True,3,122.337,997,0.159842,0.777,0.508,-0.508,0.508,0.0,True,0.0
POSCAR_Br4Cu2_1_st050,Br4Cu2_1_st050,Br4Cu2_1,False,st050,ALTERMAGNET,mirror/rotoinv|rotation,4,8,I-42d,ALTERMAGNET,True,3,122.337,997,0.150057,0.651,0.521,-0.521,0.521,0.0,True,0.0
POSCAR_Br4Cu2_1_st950,Br4Cu2_1_st950,Br4Cu2_1,False,st950,ALTERMAGNET,mirror/rotoinv|rotation,4,8,I-42d,ALTERMAGNET,True,3,122.337,997,0.143837,1.402,0.4,-0.4,0.4,0.0,True,0.0
POSCAR_Br4Cu2_1_st975,Br4Cu2_1_st975,Br4Cu2_1,False,st975,ALTERMAGNET,mirror/rotoinv|rotation,4,8,I-42d,ALTERMAGNET,True,3,122.337,997,0.133554,1.872,0.448,-0.448,0.448,0.0,True,0.0
POSCAR_Br4Cu2_1_x025,Br4Cu2_1_x025,Br4Cu2_1,False,x025,ALTERMAGNET,rotation,1,2,C2,ALTERMAGNET,True,3,122.337,997,0.163033,0.885,0.492,-0.492,0.492,0.0,True,0.0
POSCAR_Br4Cu2_1_x050,Br4Cu2_1_x050,Br4Cu2_1,False,x050,ALTERMAGNET,rotation,1,2,C2,ALTERMAGNET,True,3,122.337,997,0.19291,1.148,0.495,-0.495,0.495,0.0,True,0.0
POSCAR_Br4Cu2_1_x950,Br4Cu2_1_x950,Br4Cu2_1,False,x950,ALTERMAGNET,rotation,1,2,C2,ALTERMAGNET,True,3,122.337,997,0.181216,1.556,0.453,-0.453,0.453,0.0,True,0.0
POSCAR_Br4Cu2_1_x975,Br4Cu2_1_x975,Br4Cu2_1,False,x975,ALTERMAGNET,rotation,1,2,C2,ALTERMAGNET,True,3,122.337,997,0.157311,1.335,0.472,-0.472,0.472,0.0,True,0.0
POSCAR_Br4Cu2_1_y025,Br4Cu2_1_y025,Br4Cu2_1,False,y025,ALTERMAGNET,rotation,1,2,C2,ALTERMAGNET,True,3,122.337,997,0.161023,0.876,0.492,-0.492,0.492,0.0,True,0.0
POSCAR_Br4Cu2_1_y050,Br4Cu2_1_y050,Br4Cu2_1,False,y050,ALTERMAGNET,rotation,1,2,C2,ALTERMAGNET,True,3,122.337,997,0.189173,0.993,0.495,-0.495,0.495,0.0,True,0.0
POSCAR_Br4Cu2_1_y950,Br4Cu2_1_y950,Br4Cu2_1,False,y950,ALTERMAGNET,rotation,1,2,C2,ALTERMAGNET,True,3,122.337,997,0.179152,1.53,0.453,-0.453,0.453,0.0,True,0.0
POSCAR_Br4Cu2_1_y975,Br4Cu2_1_y975,Br4Cu2_1,False,y975,ALTERMAGNET,rotation,1,2,C2,ALTERMAGNET,True,3,122.337,997,0.157652,1.302,0.472,-0.471,0.472,0.0010000000000000009,True,0.0
POSCAR_Br4Cu2_1_z025,Br4Cu2_1_z025,Br4Cu2_1,False,z025,ALTERMAGNET,mirror/rotoinv,1,2,Cc,ALTERMAGNET,True,3,122.337,997,0.160296,1.09,0.493,-0.493,0.493,0.0,True,0.0
POSCAR_Br4Cu2_1_z050,Br4Cu2_1_z050,Br4Cu2_1,False,z050,ALTERMAGNET,mirror/rotoinv,1,2,Cc,ALTERMAGNET,True,3,122.337,997,0.20599,1.004,0.498,-0.498,0.498,0.0,True,0.0
POSCAR_Br4Cu2_1_z950,Br4Cu2_1_z950,Br4Cu2_1,False,z950,ALTERMAGNET,mirror/rotoinv,1,2,Cc,ALTERMAGNET,True,3,122.337,997,0.142029,1.025,0.458,-0.458,0.458,0.0,True,0.0
POSCAR_Br4Cu2_1_z975,Br4Cu2_1_z975,Br4Cu2_1,False,z975,ALTERMAGNET,mirror/rotoinv,1,2,Cc,ALTERMAGNET,True,3,122.337,997,0.136771,1.079,0.473,-0.472,0.473,0.0010000000000000009,True,0.0
POSCAR_Br4Mn2_1,Br4Mn2_1,Br4Mn2_1,True,none,ALTERMAGNET,mirror/rotoinv|rotation,4,8,Pnnm,ALTERMAGNET,True,3,58.397,495,0.335382,1.135,4.606,-4.606,4.606,0.0,True,0.0
POSCAR_Br4Mn2_1_st025,Br4Mn2_1_st025,Br4Mn2_1,False,st025,ALTERMAGNET,mirror/rotoinv|rotation,4,8,Pnnm,ALTERMAGNET,True,3,58.397,495,0.419079,1.21,4.631,-4.631,4.631,0.0,True,0.0
POSCAR_Br4Mn2_1_st050,Br4Mn2_1_st050,Br4Mn2_1,False,st050,ALTERMAGNET,mirror/rotoinv|rotation,4,8,Pnnm,ALTERMAGNET,True,3,58.397,495,0.464174,1.266,4.652,-4.652,4.652,0.0,True,0.0
POSCAR_Br4Mn2_1_st950,Br4Mn2_1_st950,Br4Mn2_1,False,st950,ALTERMAGNET,mirror/rotoinv|rotation,4,8,Pnnm,ALTERMAGNET,True,3,58.397,495,0.377484,0.957,4.536,-4.536,4.536,0.0,True,0.0
POSCAR_Br4Mn2_1_st975,Br4Mn2_1_st975,Br4Mn2_1,False,st975,ALTERMAGNET,mirror/rotoinv|rotation,4,8,Pnnm,ALTERMAGNET,True,3,58.397,495,0.350945,1.056,4.575,-4.575,4.575,0.0,True,0.0
POSCAR_Br4Mn2_1_x025,Br4Mn2_1_x025,Br4Mn2_1,False,x025,ALTERMAGNET,mirror/rotoinv|rotation,4,8,Pnnm,ALTERMAGNET,True,3,58.397,495,0.345816,1.143,4.616,-4.616,4.616,0.0,True,0.0
POSCAR_Br4Mn2_1_x050,Br4Mn2_1_x050,Br4Mn2_1,False,x050,ALTERMAGNET,mirror/rotoinv|rotation,4,8,Pnnm,ALTERMAGNET,True,3,58.397,495,0.33822,1.165,4.626,-4.626,4.626,0.0,True,0.0
POSCAR_Br4Mn2_1_x950,Br4Mn2_1_x950,Br4Mn2_1,False,x950,ALTERMAGNET,mirror/rotoinv|rotation,4,8,Pnnm,ALTERMAGNET,True,3,58.397,495,0.309725,1.081,4.58,-4.58,4.58,0.0,True,0.0
POSCAR_Br4Mn2_1_x975,Br4Mn2_1_x975,Br4Mn2_1,False,x975,ALTERMAGNET,mirror/rotoinv|rotation,4,8,Pnnm,ALTERMAGNET,True,3,58.397,495,0.30576,1.115,4.594,-4.594,4.594,0.0,True,0.0
POSCAR_Br4Mn2_1_y025,Br4Mn2_1_y025,Br4Mn2_1,False,y025,ALTERMAGNET,mirror/rotoinv|rotation,4,8,Pnnm,ALTERMAGNET,True,3,58.397,495,0.374995,1.055,4.614,-4.614,4.614,0.0,True,0.0
POSCAR_Br4Mn2_1_y050,Br4Mn2_1_y050,Br4Mn2_1,False,y050,ALTERMAGNET,mirror/rotoinv|rotation,4,8,Pnnm,ALTERMAGNET,True,3,58.397,495,0.446626,1.043,4.622,-4.621,4.622,0.0009999999999994458,True,0.0
POSCAR_Br4Mn2_1_y950,Br4Mn2_1_y950,Br4Mn2_1,False,y950,ALTERMAGNET,mirror/rotoinv|rotation,4,8,Pnnm,ALTERMAGNET,True,3,58.397,495,0.377984,1.014,4.588,-4.588,4.588,0.0,True,0.0
POSCAR_Br4Mn2_1_y975,Br4Mn2_1_y975,Br4Mn2_1,False,y975,ALTERMAGNET,mirror/rotoinv|rotation,4,8,Pnnm,ALTERMAGNET,True,3,58.397,495,0.356352,1.054,4.597,-4.597,4.597,0.0,True,0.0
POSCAR_Br4Mn2_1_z025,Br4Mn2_1_z025,Br4Mn2_1,False,z025,ALTERMAGNET,mirror/rotoinv|rotation,4,8,Pnnm,ALTERMAGNET,True,3,58.397,495,0.365554,1.102,4.614,-4.614,4.614,0.0,True,0.0
POSCAR_Br4Mn2_1_z050,Br4Mn2_1_z050,Br4Mn2_1,False,z050,ALTERMAGNET,mirror/rotoinv|rotation,4,8,Pnnm,ALTERMAGNET,True,3,58.397,495,0.427812,1.108,4.621,-4.621,4.621,0.0,True,0.0
POSCAR_Br4Mn2_1_z950,Br4Mn2_1_z950,Br4Mn2_1,False,z950,ALTERMAGNET,mirror/rotoinv|rotation,4,8,Pnnm,ALTERMAGNET,True,3,58.397,495,0.395241,0.947,4.588,-4.588,4.588,0.0,True,0.0
POSCAR_Br4Mn2_1_z975,Br4Mn2_1_z975,Br4Mn2_1,False,z975,ALTERMAGNET,mirror/rotoinv|rotation,4,8,Pnnm,ALTERMAGNET,True,3,58.397,495,0.361785,1.006,4.597,-4.597,4.597,0.0,True,0.0
POSCAR_Br4Mo2_1,Br4Mo2_1,Br4Mo2_1,True,none,ALTERMAGNET,mirror/rotoinv|rotation,4,8,Pnnm,ALTERMAGNET,True,3,58.397,495,0.222303,0.712,3.472,-3.472,3.472,0.0,True,0.0
POSCAR_Br4Mo2_1_st025,Br4Mo2_1_st025,Br4Mo2_1,False,st025,ALTERMAGNET,mirror/rotoinv|rotation,4,8,Pnnm,ALTERMAGNET,True,3,58.397,495,0.200695,0.658,3.505,-3.505,3.505,0.0,True,0.0
POSCAR_Br4Mo2_1_st050,Br4Mo2_1_st050,Br4Mo2_1,False,st050,ALTERMAGNET,mirror/rotoinv|rotation,4,8,Pnnm,ALTERMAGNET,True,3,58.397,495,0.211194,0.65,3.534,-3.534,3.534,0.0,True,0.0
POSCAR_Br4Mo2_1_st950,Br4Mo2_1_st950,Br4Mo2_1,False,st950,ALTERMAGNET,mirror/rotoinv|rotation,4,8,Pnnm,ALTERMAGNET,True,3,58.397,495,0.316527,0.736,3.386,-3.386,3.386,0.0,True,0.0
POSCAR_Br4Mo2_1_st975,Br4Mo2_1_st975,Br4Mo2_1,False,st975,ALTERMAGNET,mirror/rotoinv|rotation,4,8,Pnnm,ALTERMAGNET,True,3,58.397,495,0.263263,0.683,3.433,-3.433,3.433,0.0,True,0.0
POSCAR_Br4Mo2_1_x025,Br4Mo2_1_x025,Br4Mo2_1,False,x025,ALTERMAGNET,mirror/rotoinv|rotation,4,8,Pnnm,ALTERMAGNET,True,3,58.397,495,0.260876,0.669,3.488,-3.488,3.488,0.0,True,0.0
POSCAR_Br4Mo2_1_x050,Br4Mo2_1_x050,Br4Mo2_1,False,x050,ALTERMAGNET,mirror/rotoinv|rotation,4,8,Pnnm,ALTERMAGNET,True,3,58.397,495,0.277433,0.675,3.503,-3.503,3.503,0.0,True,0.0
POSCAR_Br4Mo2_1_x950,Br4Mo2_1_x950,Br4Mo2_1,False,x950,ALTERMAGNET,mirror/rotoinv|rotation,4,8,Pnnm,ALTERMAGNET,True,3,58.397,495,0.295501,0.659,3.434,-3.434,3.434,0.0,True,0.0
POSCAR_Br4Mo2_1_x975,Br4Mo2_1_x975,Br4Mo2_1,False,x975,ALTERMAGNET,mirror/rotoinv|rotation,4,8,Pnnm,ALTERMAGNET,True,3,58.397,495,0.219377,0.681,3.454,-3.454,3.454,0.0,True,0.0
POSCAR_Br4Mo2_1_y025,Br4Mo2_1_y025,Br4Mo2_1,False,y025,ALTERMAGNET,mirror/rotoinv|rotation,4,8,Pnnm,ALTERMAGNET,True,3,58.397,495,0.206503,0.662,3.482,-3.482,3.482,0.0,True,0.0
POSCAR_Br4Mo2_1_y050,Br4Mo2_1_y050,Br4Mo2_1,False,y050,ALTERMAGNET,mirror/rotoinv|rotation,4,8,Pnnm,ALTERMAGNET,True,3,58.397,495,0.191946,0.666,3.492,-3.492,3.492,0.0,True,0.0
POSCAR_Br4Mo2_1_y950,Br4Mo2_1_y950,Br4Mo2_1,False,y950,ALTERMAGNET,mirror/rotoinv|rotation,4,8,Pnnm,ALTERMAGNET,True,3,58.397,495,0.278704,0.893,3.449,-3.449,3.449,0.0,True,0.0
POSCAR_Br4Mo2_1_y975,Br4Mo2_1_y975,Br4Mo2_1,False,y975,ALTERMAGNET,mirror/rotoinv|rotation,4,8,Pnnm,ALTERMAGNET,True,3,58.397,495,0.247912,0.786,3.461,-3.461,3.461,0.0,True,0.0
POSCAR_Br4Mo2_1_z025,Br4Mo2_1_z025,Br4Mo2_1,False,z025,ALTERMAGNET,mirror/rotoinv|rotation,4,8,Pnnm,ALTERMAGNET,True,3,58.397,495,0.200175,0.747,3.479,-3.479,3.479,0.0,True,0.0
POSCAR_Br4Mo2_1_z050,Br4Mo2_1_z050,Br4Mo2_1,False,z050,ALTERMAGNET,mirror/rotoinv|rotation,4,8,Pnnm,ALTERMAGNET,True,3,58.397,495,0.204334,0.689,3.486,-3.486,3.486,0.0,True,0.0
POSCAR_Br4Mo2_1_z950,Br4Mo2_1_z950,Br4Mo2_1,False,z950,ALTERMAGNET,mirror/rotoinv|rotation,4,8,Pnnm,ALTERMAGNET,True,3,58.397,495,0.332765,0.649,3.454,-3.454,3.454,0.0,True,0.0
POSCAR_Br4Mo2_1_z975,Br4Mo2_1_z975,Br4Mo2_1,False,z975,ALTERMAGNET,mirror/rotoinv|rotation,4,8,Pnnm,ALTERMAGNET,True,3,58.397,495,0.284962,0.654,3.463,-3.463,3.463,0.0,True,0.0
POSCAR_Br4Ru2_1,Br4Ru2_1,Br4Ru2_1,True,none,ALTERMAGNET,mirror/rotoinv|rotation,4,8,Pnnm,ALTERMAGNET,True,3,58.397,495,0.470753,1.11,3.281,-3.28,3.281,0.001000000000000334,True,0.0
POSCAR_Br4Ru2_1_st025,Br4Ru2_1_st025,Br4Ru2_1,False,st025,ALTERMAGNET,mirror/rotoinv|rotation,4,8,Pnnm,ALTERMAGNET,True,3,58.397,495,0.473866,1.231,3.339,-3.339,3.339,0.0,True,0.0
POSCAR_Br4Ru2_1_st050,Br4Ru2_1_st050,Br4Ru2_1,False,st050,ALTERMAGNET,mirror/rotoinv|rotation,4,8,Pnnm,ALTERMAGNET,True,3,58.397,495,0.320171,1.291,3.385,-3.385,3.385,0.0,True,0.0
POSCAR_Br4Ru2_1_st950,Br4Ru2_1_st950,Br4Ru2_1,False,st950,ALTERMAGNET,mirror/rotoinv|rotation,4,8,Pnnm,ALTERMAGNET,True,3,58.397,495,0.655218,0.947,3.101,-3.101,3.101,0.0,True,0.0
POSCAR_Br4Ru2_1_st975,Br4Ru2_1_st975,Br4Ru2_1,False,st975,ALTERMAGNET,mirror/rotoinv|rotation,4,8,Pnnm,ALTERMAGNET,True,3,58.397,495,0.556072,1.016,3.204,-3.204,3.204,0.0,True,0.0
POSCAR_Br4Ru2_1_x025,Br4Ru2_1_x025,Br4Ru2_1,False,x025,ALTERMAGNET,mirror/rotoinv|rotation,4,8,Pnnm,ALTERMAGNET,True,3,58.397,495,0.473608,1.166,3.305,-3.304,3.305,0.001000000000000334,True,0.0
POSCAR_Br4Ru2_1_x050,Br4Ru2_1_x050,Br4Ru2_1,False,x050,ALTERMAGNET,mirror/rotoinv|rotation,4,8,Pnnm,ALTERMAGNET,True,3,58.397,495,0.467284,1.247,3.326,-3.325,3.326,0.0009999999999998899,True,0.0
POSCAR_Br4Ru2_1_x950,Br4Ru2_1_x950,Br4Ru2_1,False,x950,ALTERMAGNET,mirror/rotoinv|rotation,4,8,Pnnm,ALTERMAGNET,True,3,58.397,495,0.416363,1.026,3.223,-3.223,3.223,0.0,True,0.0
POSCAR_Br4Ru2_1_x975,Br4Ru2_1_x975,Br4Ru2_1,False,x975,ALTERMAGNET,mirror/rotoinv|rotation,4,8,Pnnm,ALTERMAGNET,True,3,58.397,495,0.481224,1.072,3.254,-3.253,3.254,0.0009999999999998899,True,0.0
POSCAR_Br4Ru2_1_y025,Br4Ru2_1_y025,Br4Ru2_1,False,y025,ALTERMAGNET,mirror/rotoinv|rotation,4,8,Pnnm,ALTERMAGNET,True,3,58.397,495,0.487517,1.134,3.3,-3.299,3.3,0.0009999999999998899,True,0.0
POSCAR_Br4Ru2_1_y050,Br4Ru2_1_y050,Br4Ru2_1,False,y050,ALTERMAGNET,mirror/rotoinv|rotation,4,8,Pnnm,ALTERMAGNET,True,3,58.397,495,0.49405,1.199,3.318,-3.317,3.318,0.0009999999999998899,True,0.0
POSCAR_Br4Ru2_1_y950,Br4Ru2_1_y950,Br4Ru2_1,False,y950,ALTERMAGNET,mirror/rotoinv|rotation,4,8,Pnnm,ALTERMAGNET,True,3,58.397,495,0.502956,0.947,3.238,-3.237,3.238,0.0009999999999998899,True,0.0
POSCAR_Br4Ru2_1_y975,Br4Ru2_1_y975,Br4Ru2_1,False,y975,ALTERMAGNET,mirror/rotoinv|rotation,4,8,Pnnm,ALTERMAGNET,True,3,58.397,495,0.476405,1.024,3.26,-3.26,3.26,0.0,True,0.0
POSCAR_Br4Ru2_1_z025,Br4Ru2_1_z025,Br4Ru2_1,False,z025,ALTERMAGNET,mirror/rotoinv|rotation,4,8,Pnnm,ALTERMAGNET,True,3,58.397,495,0.485465,1.142,3.301,-3.3,3.301,0.001000000000000334,True,0.0
POSCAR_Br4Ru2_1_z050,Br4Ru2_1_z050,Br4Ru2_1,False,z050,ALTERMAGNET,mirror/rotoinv|rotation,4,8,Pnnm,ALTERMAGNET,True,3,58.397,495,0.469932,1.128,3.319,-3.319,3.319,0.0,True,0.0
POSCAR_Br4Ru2_1_z950,Br4Ru2_1_z950,Br4Ru2_1,False,z950,ALTERMAGNET,mirror/rotoinv|rotation,4,8,Pnnm,ALTERMAGNET,True,3,58.397,495,0.499755,1.05,3.234,-3.233,3.234,0.0009999999999998899,True,0.0
POSCAR_Br4Ru2_1_z975,Br4Ru2_1_z975,Br4Ru2_1,False,z975,ALTERMAGNET,mirror/rotoinv|rotation,4,8,Pnnm,ALTERMAGNET,True,3,58.397,495,0.472305,1.055,3.258,-3.258,3.258,0.0,True,0.0
POSCAR_Br4V2_1,Br4V2_1,Br4V2_1,True,none,ALTERMAGNET,mirror/rotoinv|rotation,4,8,Pnnm,ALTERMAGNET,True,3,58.397,495,0.206193,0.496,2.735,-2.735,2.735,0.0,True,0.0
POSCAR_Br4V2_1_st025,Br4V2_1_st025,Br4V2_1,False,st025,ALTERMAGNET,mirror/rotoinv|rotation,4,8,Pnnm,ALTERMAGNET,True,3,58.397,495,0.178227,0.563,2.751,-2.751,2.751,0.0,True,0.0
POSCAR_Br4V2_1_st050,Br4V2_1_st050,Br4V2_1,False,st050,ALTERMAGNET,mirror/rotoinv|rotation,4,8,Pnnm,ALTERMAGNET,True,3,58.397,495,0.148294,0.688,2.765,-2.765,2.765,0.0,True,0.0
POSCAR_Br4V2_1_st950,Br4V2_1_st950,Br4V2_1,False,st950,ALTERMAGNET,mirror/rotoinv|rotation,4,8,Pnnm,ALTERMAGNET,True,3,58.397,495,0.195345,1.685,2.694,-2.694,2.694,0.0,True,0.0
POSCAR_Br4V2_1_st975,Br4V2_1_st975,Br4V2_1,False,st975,ALTERMAGNET,mirror/rotoinv|rotation,4,8,Pnnm,ALTERMAGNET,True,3,58.397,495,0.238102,0.515,2.716,-2.716,2.716,0.0,True,0.0
POSCAR_Br4V2_1_x025,Br4V2_1_x025,Br4V2_1,False,x025,ALTERMAGNET,mirror/rotoinv|rotation,4,8,Pnnm,ALTERMAGNET,True,3,58.397,495,0.20883,0.524,2.741,-2.741,2.741,0.0,True,0.0
POSCAR_Br4V2_1_x050,Br4V2_1_x050,Br4V2_1,False,x050,ALTERMAGNET,mirror/rotoinv|rotation,4,8,Pnnm,ALTERMAGNET,True,3,58.397,495,0.211519,0.579,2.746,-2.746,2.746,0.0,True,0.0
POSCAR_Br4V2_1_x950,Br4V2_1_x950,Br4V2_1,False,x950,ALTERMAGNET,mirror/rotoinv|rotation,4,8,Pnnm,ALTERMAGNET,True,3,58.397,495,0.193168,0.59,2.721,-2.721,2.721,0.0,True,0.0
POSCAR_Br4V2_1_x975,Br4V2_1_x975,Br4V2_1,False,x975,ALTERMAGNET,mirror/rotoinv|rotation,4,8,Pnnm,ALTERMAGNET,True,3,58.397,495,0.200438,0.574,2.728,-2.728,2.728,0.0,True,0.0
POSCAR_Br4V2_1_y025,Br4V2_1_y025,Br4V2_1,False,y025,ALTERMAGNET,mirror/rotoinv|rotation,4,8,Pnnm,ALTERMAGNET,True,3,58.397,495,0.161579,0.521,2.74,-2.74,2.74,0.0,True,0.0
POSCAR_Br4V2_1_y050,Br4V2_1_y050,Br4V2_1,False,y050,ALTERMAGNET,mirror/rotoinv|rotation,4,8,Pnnm,ALTERMAGNET,True,3,58.397,495,0.156447,0.571,2.745,-2.745,2.745,0.0,True,0.0
POSCAR_Br4V2_1_y950,Br4V2_1_y950,Br4V2_1,False,y950,ALTERMAGNET,mirror/rotoinv|rotation,4,8,Pnnm,ALTERMAGNET,True,3,58.397,495,0.268834,0.349,2.723,-2.723,2.723,0.0,True,0.0
POSCAR_Br4V2_1_y975,Br4V2_1_y975,Br4V2_1,False,y975,ALTERMAGNET,mirror/rotoinv|rotation,4,8,Pnnm,ALTERMAGNET,True,3,58.397,495,0.241776,0.429,2.729,-2.729,2.729,0.0,True,0.0
POSCAR_Br4V2_1_z025,Br4V2_1_z025,Br4V2_1,False,z025,ALTERMAGNET,mirror/rotoinv|rotation,4,8,Pnnm,ALTERMAGNET,True,3,58.397,495,0.210644,0.511,2.74,-2.74,2.74,0.0,True,0.0
POSCAR_Br4V2_1_z050,Br4V2_1_z050,Br4V2_1,False,z050,ALTERMAGNET,mirror/rotoinv|rotation,4,8,Pnnm,ALTERMAGNET,True,3,58.397,495,0.210824,0.433,2.745,-2.745,2.745,0.0,True,0.0
POSCAR_Br4V2_1_z950,Br4V2_1_z950,Br4V2_1,False,z950,ALTERMAGNET,mirror/rotoinv|rotation,4,8,Pnnm,ALTERMAGNET,True,3,58.397,495,0.190324,0.515,2.722,-2.722,2.722,0.0,True,0.0
POSCAR_Br4V2_1_z975,Br4V2_1_z975,Br4V2_1,False,z975,ALTERMAGNET,mirror/rotoinv|rotation,4,8,Pnnm,ALTERMAGNET,True,3,58.397,495,0.197918,0.484,2.729,-2.729,2.729,0.0,True,0.0
POSCAR_Br6Pd2_1,Br6Pd2_1,Br6Pd2_1,True,none,ALTERMAGNET,mirror/rotoinv,1,2,Cc,ALTERMAGNET,True,3,9.39,46,0.135049,1.0,0.352,-0.352,0.352,0.0,True,0.0
POSCAR_Br6Pd2_1_st025,Br6Pd2_1_st025,Br6Pd2_1,False,st025,ALTERMAGNET,mirror/rotoinv,1,2,Cc,ALTERMAGNET,True,3,9.39,46,0.146259,0.982,0.407,-0.407,0.407,0.0,True,0.0
POSCAR_Br6Pd2_1_st050,Br6Pd2_1_st050,Br6Pd2_1,False,st050,ALTERMAGNET,mirror/rotoinv,1,2,Cc,ALTERMAGNET,True,3,9.39,46,0.146799,0.848,0.47,-0.47,0.47,0.0,True,0.0
POSCAR_Br6Pd2_1_st950,Br6Pd2_1_st950,Br6Pd2_1,False,st950,ALTERMAGNET,mirror/rotoinv,1,2,Cc,ALTERMAGNET,True,3,9.39,46,0.153696,1.142,0.243,-0.243,0.243,0.0,True,0.0
POSCAR_Br6Pd2_1_st975,Br6Pd2_1_st975,Br6Pd2_1,False,st975,ALTERMAGNET,mirror/rotoinv,1,2,Cc,ALTERMAGNET,True,3,9.39,46,0.134593,1.056,0.298,-0.298,0.298,0.0,True,0.0
POSCAR_Br6Pd2_1_x025,Br6Pd2_1_x025,Br6Pd2_1,False,x025,ALTERMAGNET,mirror/rotoinv,1,2,Cc,ALTERMAGNET,True,3,9.39,46,0.145872,1.09,0.362,-0.362,0.362,0.0,True,0.0
POSCAR_Br6Pd2_1_x050,Br6Pd2_1_x050,Br6Pd2_1,False,x050,ALTERMAGNET,mirror/rotoinv,1,2,Cc,ALTERMAGNET,True,3,9.39,46,0.160922,1.19,0.372,-0.372,0.372,0.0,True,0.0
POSCAR_Br6Pd2_1_x950,Br6Pd2_1_x950,Br6Pd2_1,False,x950,ALTERMAGNET,mirror/rotoinv,1,2,Cc,ALTERMAGNET,True,3,9.39,46,0.130234,1.211,0.329,-0.329,0.329,0.0,True,0.0
POSCAR_Br6Pd2_1_x975,Br6Pd2_1_x975,Br6Pd2_1,False,x975,ALTERMAGNET,mirror/rotoinv,1,2,Cc,ALTERMAGNET,True,3,9.39,46,0.12849,1.085,0.341,-0.341,0.341,0.0,True,0.0
POSCAR_Br6Pd2_1_y025,Br6Pd2_1_y025,Br6Pd2_1,False,y025,compensated_FiM_candidate,,0,1,P1,ALTERMAGNET,False,3,9.39,46,0.144064,7.412,0.374,-0.378,0.374,0.0040000000000000036,True,0.001
POSCAR_Br6Pd2_1_y975,Br6Pd2_1_y975,Br6Pd2_1,False,y975,compensated_FiM_candidate,,0,1,P1,ALTERMAGNET,False,3,9.39,46,0.162667,9.321,0.325,-0.321,0.325,0.0040000000000000036,True,0.001
POSCAR_Br6Pd2_1_z025,Br6Pd2_1_z025,Br6Pd2_1,False,z025,compensated_FiM_candidate,,0,1,P1,ALTERMAGNET,False,3,9.39,46,0.165181,8.497,0.372,-0.366,0.372,0.006000000000000005,True,0.001
POSCAR_Br6Pd2_1_z975,Br6Pd2_1_z975,Br6Pd2_1,False,z975,compensated_FiM_candidate,,0,1,P1,ALTERMAGNET,False,3,9.39,46,0.145692,7.93,0.333,-0.336,0.333,0.0030000000000000027,True,0.001
POSCAR_C1Co2_1,C1Co2_1,C1Co2_1,True,none,ALTERMAGNET,mirror/rotoinv|rotation,2,4,Imm2,ALTERMAGNET,True,3,44.231,329,0.436221,0.492,1.021,-1.021,1.021,0.0,True,0.0
POSCAR_C1Co2_1_st025,C1Co2_1_st025,C1Co2_1,False,st025,ALTERMAGNET,mirror/rotoinv|rotation,2,4,Imm2,ALTERMAGNET,True,3,44.231,329,0.53284,0.517,1.254,-1.254,1.254,0.0,True,0.0
POSCAR_C1Co2_1_st050,C1Co2_1_st050,C1Co2_1,False,st050,ALTERMAGNET,mirror/rotoinv|rotation,2,4,Imm2,ALTERMAGNET,True,3,44.231,329,0.539864,0.635,1.505,-1.506,1.505,0.001000000000000112,True,0.0
POSCAR_C1Co2_1_st950,C1Co2_1_st950,C1Co2_1,False,st950,ALTERMAGNET,mirror/rotoinv|rotation,2,4,Imm2,ALTERMAGNET,True,3,44.231,329,0.086892,0.203,0.034,-0.035,0.034,0.0010000000000000009,True,0.0
POSCAR_C1Co2_1_st975,C1Co2_1_st975,C1Co2_1,False,st975,ALTERMAGNET,mirror/rotoinv|rotation,2,4,Imm2,ALTERMAGNET,True,3,44.231,329,0.248658,0.659,0.163,-0.162,0.163,0.0010000000000000009,True,0.001
POSCAR_C1Co2_1_x025,C1Co2_1_x025,C1Co2_1,False,x025,ALTERMAGNET,rotation,1,2,C2,ALTERMAGNET,True,3,44.231,329,0.484156,0.505,1.115,-1.115,1.115,0.0,True,0.0
POSCAR_C1Co2_1_x050,C1Co2_1_x050,C1Co2_1,False,x050,ALTERMAGNET,rotation,1,2,C2,ALTERMAGNET,True,3,44.231,329,0.519205,0.468,1.216,-1.216,1.216,0.0,True,0.0
POSCAR_C1Co2_1_x950,C1Co2_1_x950,C1Co2_1,False,x950,ALTERMAGNET,rotation,1,2,C2,ALTERMAGNET,True,3,44.231,329,0.47406,0.375,0.859,-0.859,0.859,0.0,True,0.0
POSCAR_C1Co2_1_x975,C1Co2_1_x975,C1Co2_1,False,x975,ALTERMAGNET,mirror/rotoinv|rotation,2,4,Imm2,ALTERMAGNET,True,3,44.231,329,0.456843,0.377,0.936,-0.936,0.936,0.0,True,0.0
POSCAR_C2Cr2_3,C2Cr2_3,C2Cr2_3,True,none,ALTERMAGNET,mirror/rotoinv|rotation,4,8,I4_1md,ALTERMAGNET,True,3,109.242,902,1.307269,0.641,2.006,-2.006,2.006,0.0,True,0.0
POSCAR_C2Cr2_3_st025,C2Cr2_3_st025,C2Cr2_3,False,st025,ALTERMAGNET,mirror/rotoinv|rotation,4,8,I4_1md,ALTERMAGNET,True,3,109.242,902,1.366993,0.272,2.304,-2.304,2.304,0.0,True,0.0
POSCAR_C2Cr2_3_st050,C2Cr2_3_st050,C2Cr2_3,False,st050,ALTERMAGNET,mirror/rotoinv|rotation,4,8,I4_1md,ALTERMAGNET,True,3,109.242,902,1.316366,0.257,2.823,-2.823,2.823,0.0,True,0.0
POSCAR_C2Cr2_3_st950,C2Cr2_3_st950,C2Cr2_3,False,st950,ALTERMAGNET,mirror/rotoinv|rotation,4,8,I4_1md,ALTERMAGNET,True,3,109.242,902,0.917226,0.337,1.353,-1.353,1.353,0.0,True,0.0
POSCAR_C2Cr2_3_st975,C2Cr2_3_st975,C2Cr2_3,False,st975,ALTERMAGNET,mirror/rotoinv|rotation,4,8,I4_1md,ALTERMAGNET,True,3,109.242,902,1.209059,0.415,1.712,-1.711,1.712,0.0009999999999998899,True,0.0
POSCAR_C2Cr2_3_z025,C2Cr2_3_z025,C2Cr2_3,False,z025,ALTERMAGNET,mirror/rotoinv|rotation,4,8,I4_1md,ALTERMAGNET,True,3,109.242,902,1.278276,0.335,2.121,-2.121,2.121,0.0,True,0.0
POSCAR_C2Cr2_3_z050,C2Cr2_3_z050,C2Cr2_3,False,z050,ALTERMAGNET,mirror/rotoinv,1,2,Cc,ALTERMAGNET,True,3,109.242,902,1.174445,0.27,2.236,-2.236,2.236,0.0,True,0.0
POSCAR_C2Cr2_3_z950,C2Cr2_3_z950,C2Cr2_3,False,z950,ALTERMAGNET,mirror/rotoinv,1,2,Cc,ALTERMAGNET,True,3,109.242,902,1.351724,0.311,1.777,-1.777,1.777,0.0,True,0.0
POSCAR_C2Cr2_3_z975,C2Cr2_3_z975,C2Cr2_3,False,z975,ALTERMAGNET,mirror/rotoinv|rotation,4,8,I4_1md,ALTERMAGNET,True,3,109.242,902,1.334564,0.294,1.894,-1.894,1.894,0.0,True,0.0
POSCAR_C2Cr2_5,C2Cr2_5,C2Cr2_5,True,none,ALTERMAGNET,mirror/rotoinv|rotation,12,24,P6_3/mmc,ALTERMAGNET,True,3,194.269,1499,0.475645,0.392,2.119,-2.12,2.119,0.0009999999999998899,True,0.001
POSCAR_C2Cr2_5_st025,C2Cr2_5_st025,C2Cr2_5,False,st025,ALTERMAGNET,mirror/rotoinv|rotation,12,24,P6_3/mmc,ALTERMAGNET,True,3,194.269,1499,0.320549,0.563,2.451,-2.451,2.451,0.0,True,0.0
POSCAR_C2Cr2_5_st050,C2Cr2_5_st050,C2Cr2_5,False,st050,ALTERMAGNET,mirror/rotoinv|rotation,12,24,P6_3/mmc,ALTERMAGNET,True,3,194.269,1499,0.413066,0.494,3.04,-3.04,3.04,0.0,True,0.001
POSCAR_C2Cr2_5_st950,C2Cr2_5_st950,C2Cr2_5,False,st950,ALTERMAGNET,mirror/rotoinv|rotation,12,24,P6_3/mmc,ALTERMAGNET,True,3,194.269,1499,0.536925,0.863,1.714,-1.716,1.714,0.0020000000000000018,True,0.002
POSCAR_C2Cr2_5_st975,C2Cr2_5_st975,C2Cr2_5,False,st975,ALTERMAGNET,mirror/rotoinv|rotation,12,24,P6_3/mmc,ALTERMAGNET,True,3,194.269,1499,0.551807,0.408,1.914,-1.914,1.914,0.0,True,0.0
POSCAR_C2Cr2_5_x025,C2Cr2_5_x025,C2Cr2_5,False,x025,ALTERMAGNET,mirror/rotoinv|rotation,4,8,Cmcm,ALTERMAGNET,True,3,194.269,1499,0.442196,0.392,2.211,-2.211,2.211,0.0,True,0.001
POSCAR_C2Cr2_5_x050,C2Cr2_5_x050,C2Cr2_5,False,x050,ALTERMAGNET,mirror/rotoinv|rotation,2,4,P2_1/m,ALTERMAGNET,True,3,194.269,1499,0.523403,0.799,2.382,-2.384,2.382,0.0019999999999997797,True,0.001
POSCAR_C2Cr2_5_x950,C2Cr2_5_x950,C2Cr2_5,False,x950,ALTERMAGNET,mirror/rotoinv|rotation,2,4,P2_1/m,ALTERMAGNET,True,3,194.269,1499,0.573522,0.485,1.985,-1.986,1.985,0.0009999999999998899,True,0.001
POSCAR_C2Cr2_5_x975,C2Cr2_5_x975,C2Cr2_5,False,x975,ALTERMAGNET,mirror/rotoinv|rotation,4,8,Cmcm,ALTERMAGNET,True,3,194.269,1499,0.528646,0.5,2.05,-2.051,2.05,0.001000000000000334,True,0.001
POSCAR_C2Cr2_5_y050,C2Cr2_5_y050,C2Cr2_5,False,y050,ALTERMAGNET,mirror/rotoinv|rotation,2,4,P2_1/m,ALTERMAGNET,True,3,194.269,1499,0.539763,1.769,2.396,-2.394,2.396,0.0019999999999997797,True,0.002
POSCAR_C2Cr2_5_y950,C2Cr2_5_y950,C2Cr2_5,False,y950,ALTERMAGNET,mirror/rotoinv|rotation,2,4,P2_1/m,ALTERMAGNET,True,3,194.269,1499,0.578519,0.447,1.979,-1.98,1.979,0.0009999999999998899,True,0.001
POSCAR_C2Cr2_5_y975,C2Cr2_5_y975,C2Cr2_5,False,y975,ALTERMAGNET,mirror/rotoinv|rotation,4,8,Cmcm,ALTERMAGNET,True,3,194.269,1499,0.539686,0.498,2.043,-2.044,2.043,0.0009999999999998899,True,0.001
POSCAR_C2Cr2_5_z025,C2Cr2_5_z025,C2Cr2_5,False,z025,ALTERMAGNET,mirror/rotoinv|rotation,12,24,P6_3/mmc,ALTERMAGNET,True,3,194.269,1499,0.398282,1.336,2.2,-2.203,2.2,0.0029999999999996696,True,0.003
POSCAR_C2Cr2_5_z050,C2Cr2_5_z050,C2Cr2_5,False,z050,ALTERMAGNET,mirror/rotoinv|rotation,12,24,P6_3/mmc,ALTERMAGNET,True,3,194.269,1499,0.322922,1.23,2.305,-2.308,2.305,0.0029999999999996696,True,0.002
POSCAR_C2Cr2_5_z950,C2Cr2_5_z950,C2Cr2_5,False,z950,ALTERMAGNET,mirror/rotoinv|rotation,12,24,P6_3/mmc,ALTERMAGNET,True,3,194.269,1499,0.511611,0.612,2.012,-2.013,2.012,0.0009999999999998899,True,0.001
POSCAR_C2Cr2_5_z975,C2Cr2_5_z975,C2Cr2_5,False,z975,ALTERMAGNET,mirror/rotoinv|rotation,12,24,P6_3/mmc,ALTERMAGNET,True,3,194.269,1499,0.51569,0.494,2.062,-2.063,2.062,0.001000000000000334,True,0.001
POSCAR_C2Fe2_3,C2Fe2_3,C2Fe2_3,True,none,ALTERMAGNET,mirror/rotoinv|rotation,4,8,Cmcm,ALTERMAGNET,True,3,63.463,561,0.860968,8.406,2.65,-2.648,2.65,0.0019999999999997797,True,0.001
POSCAR_C2Fe2_3_st025,C2Fe2_3_st025,C2Fe2_3,False,st025,ALTERMAGNET,mirror/rotoinv|rotation,4,8,Cmcm,ALTERMAGNET,True,3,63.463,561,0.948308,6.779,3.091,-3.091,3.091,0.0,True,0.001
POSCAR_C2Fe2_3_st050,C2Fe2_3_st050,C2Fe2_3,False,st050,ALTERMAGNET,mirror/rotoinv|rotation,4,8,Cmcm,ALTERMAGNET,True,3,63.463,561,0.928366,4.865,3.284,-3.284,3.284,0.0,True,0.001
POSCAR_C2Fe2_3_st950,C2Fe2_3_st950,C2Fe2_3,False,st950,ALTERMAGNET,mirror/rotoinv|rotation,4,8,Cmcm,ALTERMAGNET,True,3,63.463,561,0.55808,7.098,2.023,-2.025,2.023,0.0019999999999997797,True,0.002
POSCAR_C2Fe2_3_x050,C2Fe2_3_x050,C2Fe2_3,False,x050,ALTERMAGNET,mirror/rotoinv|rotation,2,4,P2_1/m,ALTERMAGNET,True,3,63.463,561,1.065433,6.897,2.983,-2.983,2.983,0.0,True,0.0
POSCAR_C2Fe2_3_x950,C2Fe2_3_x950,C2Fe2_3,False,x950,ALTERMAGNET,mirror/rotoinv|rotation,2,4,P2_1/m,ALTERMAGNET,True,3,63.463,561,0.760905,4.929,2.488,-2.487,2.488,0.0009999999999998899,True,0.0
POSCAR_C2Fe2_3_x975,C2Fe2_3_x975,C2Fe2_3,False,x975,ALTERMAGNET,mirror/rotoinv|rotation,4,8,Cmcm,ALTERMAGNET,True,3,63.463,561,0.823501,5.945,2.56,-2.561,2.56,0.0009999999999998899,True,0.001
POSCAR_C2Fe2_3_y050,C2Fe2_3_y050,C2Fe2_3,False,y050,ALTERMAGNET,mirror/rotoinv|rotation,2,4,P2_1/m,ALTERMAGNET,True,3,63.463,561,0.956478,4.021,2.847,-2.846,2.847,0.0009999999999998899,True,0.0
POSCAR_C2Fe2_3_y975,C2Fe2_3_y975,C2Fe2_3,False,y975,ALTERMAGNET,mirror/rotoinv|rotation,4,8,Cmcm,ALTERMAGNET,True,3,63.463,561,0.840108,6.738,2.567,-2.567,2.567,0.0,True,0.001
POSCAR_C2Fe2_3_z025,C2Fe2_3_z025,C2Fe2_3,False,z025,ALTERMAGNET,mirror/rotoinv|rotation,4,8,Cmcm,ALTERMAGNET,True,3,63.463,561,1.032419,7.069,2.821,-2.816,2.821,0.0050000000000003375,True,0.004
POSCAR_C2Mo2_4,C2Mo2_4,C2Mo2_4,True,none,ALTERMAGNET,mirror/rotoinv|rotation,12,24,P6_3/mmc,ALTERMAGNET,True,3,194.269,1499,0.014086,0.209,0.005,-0.006,0.005,0.001,True,0.001
POSCAR_C2Sc2_4,C2Sc2_4,C2Sc2_4,True,none,compensated_FiM_candidate,,0,12,P-6m2,compensated_FiM_candidate,True,1,187.209,1439,0.01058,2.803,0.002,0.003,0.002,0.001,False,0.004
POSCAR_Cd2F6_3,Cd2F6_3,Cd2F6_3,True,none,ALTERMAGNET,rotation,1,2,P2_1,ALTERMAGNET,True,3,4.9,16,0.224365,2.334,0.003,-0.003,0.003,0.0,True,0.0
POSCAR_Cl4Co2_1,Cl4Co2_1,Cl4Co2_1,True,none,ALTERMAGNET,mirror/rotoinv|rotation,4,8,I-42d,ALTERMAGNET,True,3,122.337,997,0.169452,0.884,2.598,-2.598,2.598,0.0,True,0.0
POSCAR_Cl4Co2_1_st025,Cl4Co2_1_st025,Cl4Co2_1,False,st025,ALTERMAGNET,mirror/rotoinv|rotation,4,8,I-42d,ALTERMAGNET,True,3,122.337,997,0.13547,0.893,2.635,-2.635,2.635,0.0,True,0.0
POSCAR_Cl4Co2_1_st050,Cl4Co2_1_st050,Cl4Co2_1,False,st050,ALTERMAGNET,mirror/rotoinv|rotation,4,8,I-42d,ALTERMAGNET,True,3,122.337,997,0.139004,0.935,2.663,-2.663,2.663,0.0,True,0.0
POSCAR_Cl4Co2_1_st950,Cl4Co2_1_st950,Cl4Co2_1,False,st950,ALTERMAGNET,mirror/rotoinv|rotation,4,8,I-42d,ALTERMAGNET,True,3,122.337,997,0.268281,0.989,2.488,-2.487,2.488,0.0009999999999998899,True,0.0
POSCAR_Cl4Co2_1_st975,Cl4Co2_1_st975,Cl4Co2_1,False,st975,ALTERMAGNET,mirror/rotoinv|rotation,4,8,I-42d,ALTERMAGNET,True,3,122.337,997,0.218257,0.934,2.551,-2.55,2.551,0.001000000000000334,True,0.0
POSCAR_Cl4Co2_1_x025,Cl4Co2_1_x025,Cl4Co2_1,False,x025,ALTERMAGNET,rotation,1,2,C2,ALTERMAGNET,True,3,122.337,997,0.17436,0.854,2.612,-2.612,2.612,0.0,True,0.0
POSCAR_Cl4Co2_1_x050,Cl4Co2_1_x050,Cl4Co2_1,False,x050,ALTERMAGNET,rotation,1,2,C2,ALTERMAGNET,True,3,122.337,997,0.177316,0.823,2.625,-2.625,2.625,0.0,True,0.0
POSCAR_Cl4Co2_1_x950,Cl4Co2_1_x950,Cl4Co2_1,False,x950,ALTERMAGNET,rotation,1,2,C2,ALTERMAGNET,True,3,122.337,997,0.261022,0.939,2.565,-2.565,2.565,0.0,True,0.0
POSCAR_Cl4Co2_1_x975,Cl4Co2_1_x975,Cl4Co2_1,False,x975,ALTERMAGNET,rotation,1,2,C2,ALTERMAGNET,True,3,122.337,997,0.213541,0.887,2.583,-2.582,2.583,0.001000000000000334,True,0.0
POSCAR_Cl4Co2_1_y025,Cl4Co2_1_y025,Cl4Co2_1,False,y025,ALTERMAGNET,rotation,1,2,C2,ALTERMAGNET,True,3,122.337,997,0.17403,0.875,2.612,-2.612,2.612,0.0,True,0.0
POSCAR_Cl4Co2_1_y050,Cl4Co2_1_y050,Cl4Co2_1,False,y050,ALTERMAGNET,rotation,1,2,C2,ALTERMAGNET,True,3,122.337,997,0.177033,0.855,2.625,-2.625,2.625,0.0,True,0.0
POSCAR_Cl4Co2_1_y950,Cl4Co2_1_y950,Cl4Co2_1,False,y950,ALTERMAGNET,rotation,1,2,C2,ALTERMAGNET,True,3,122.337,997,0.261246,0.987,2.565,-2.565,2.565,0.0,True,0.0
POSCAR_Cl4Co2_1_y975,Cl4Co2_1_y975,Cl4Co2_1,False,y975,ALTERMAGNET,rotation,1,2,C2,ALTERMAGNET,True,3,122.337,997,0.213865,0.943,2.583,-2.582,2.583,0.001000000000000334,True,0.0
POSCAR_Cl4Co2_1_z025,Cl4Co2_1_z025,Cl4Co2_1,False,z025,ALTERMAGNET,mirror/rotoinv,1,2,Cc,ALTERMAGNET,True,3,122.337,997,0.158919,0.968,2.61,-2.609,2.61,0.0009999999999998899,True,0.0
POSCAR_Cl4Co2_1_z050,Cl4Co2_1_z050,Cl4Co2_1,False,z050,ALTERMAGNET,mirror/rotoinv,1,2,Cc,ALTERMAGNET,True,3,122.337,997,0.162487,1.011,2.62,-2.62,2.62,0.0,True,0.0
POSCAR_Cl4Co2_1_z950,Cl4Co2_1_z950,Cl4Co2_1,False,z950,ALTERMAGNET,mirror/rotoinv,1,2,Cc,ALTERMAGNET,True,3,122.337,997,0.199308,0.848,2.571,-2.571,2.571,0.0,True,0.0
POSCAR_Cl4Co2_1_z975,Cl4Co2_1_z975,Cl4Co2_1,False,z975,ALTERMAGNET,mirror/rotoinv,1,2,Cc,ALTERMAGNET,True,3,122.337,997,0.183003,0.884,2.586,-2.585,2.586,0.0009999999999998899,True,0.0
POSCAR_Cl4Fe2_1,Cl4Fe2_1,Cl4Fe2_1,True,none,ALTERMAGNET,mirror/rotoinv|rotation,4,8,I-42d,ALTERMAGNET,True,3,122.337,997,0.116226,1.001,3.683,-3.683,3.683,0.0,True,0.0
POSCAR_Cl4Fe2_1_st025,Cl4Fe2_1_st025,Cl4Fe2_1,False,st025,ALTERMAGNET,mirror/rotoinv|rotation,4,8,I-42d,ALTERMAGNET,True,3,122.337,997,0.155493,1.082,3.71,-3.71,3.71,0.0,True,0.0
POSCAR_Cl4Fe2_1_st050,Cl4Fe2_1_st050,Cl4Fe2_1,False,st050,ALTERMAGNET,mirror/rotoinv|rotation,4,8,I-42d,ALTERMAGNET,True,3,122.337,997,0.147911,1.111,3.731,-3.731,3.731,0.0,True,0.0
POSCAR_Cl4Fe2_1_st950,Cl4Fe2_1_st950,Cl4Fe2_1,False,st950,ALTERMAGNET,mirror/rotoinv|rotation,4,8,I-42d,ALTERMAGNET,True,3,122.337,997,0.133815,0.935,3.603,-3.602,3.603,0.001000000000000334,True,0.0
POSCAR_Cl4Fe2_1_st975,Cl4Fe2_1_st975,Cl4Fe2_1,False,st975,ALTERMAGNET,mirror/rotoinv|rotation,4,8,I-42d,ALTERMAGNET,True,3,122.337,997,0.124982,0.911,3.648,-3.648,3.648,0.0,True,0.0
POSCAR_Cl4Fe2_1_x025,Cl4Fe2_1_x025,Cl4Fe2_1,False,x025,ALTERMAGNET,rotation,1,2,C2,ALTERMAGNET,True,3,122.337,997,0.11544,1.338,3.693,-3.693,3.693,0.0,True,0.0
POSCAR_Cl4Fe2_1_x050,Cl4Fe2_1_x050,Cl4Fe2_1,False,x050,ALTERMAGNET,rotation,1,2,C2,ALTERMAGNET,True,3,122.337,997,0.122498,1.261,3.702,-3.702,3.702,0.0,True,0.0
POSCAR_Cl4Fe2_1_x950,Cl4Fe2_1_x950,Cl4Fe2_1,False,x950,ALTERMAGNET,rotation,1,2,C2,ALTERMAGNET,True,3,122.337,997,0.163679,1.444,3.66,-3.66,3.66,0.0,True,0.0
POSCAR_Cl4Fe2_1_x975,Cl4Fe2_1_x975,Cl4Fe2_1,False,x975,ALTERMAGNET,rotation,1,2,C2,ALTERMAGNET,True,3,122.337,997,0.125528,1.463,3.672,-3.672,3.672,0.0,True,0.0
POSCAR_Cl4Fe2_1_y025,Cl4Fe2_1_y025,Cl4Fe2_1,False,y025,ALTERMAGNET,rotation,1,2,C2,ALTERMAGNET,True,3,122.337,997,0.115131,1.495,3.693,-3.693,3.693,0.0,True,0.0
POSCAR_Cl4Fe2_1_y050,Cl4Fe2_1_y050,Cl4Fe2_1,False,y050,ALTERMAGNET,rotation,1,2,C2,ALTERMAGNET,True,3,122.337,997,0.123308,1.601,3.702,-3.702,3.702,0.0,True,0.0
POSCAR_Cl4Fe2_1_y950,Cl4Fe2_1_y950,Cl4Fe2_1,False,y950,ALTERMAGNET,rotation,1,2,C2,ALTERMAGNET,True,3,122.337,997,0.161029,1.24,3.66,-3.66,3.66,0.0,True,0.0
POSCAR_Cl4Fe2_1_y975,Cl4Fe2_1_y975,Cl4Fe2_1,False,y975,ALTERMAGNET,rotation,1,2,C2,ALTERMAGNET,True,3,122.337,997,0.122935,1.319,3.672,-3.672,3.672,0.0,True,0.0
POSCAR_Cl4Fe2_1_z025,Cl4Fe2_1_z025,Cl4Fe2_1,False,z025,ALTERMAGNET,mirror/rotoinv,1,2,Cc,ALTERMAGNET,True,3,122.337,997,0.111928,1.03,3.692,-3.692,3.692,0.0,True,0.0
POSCAR_Cl4Fe2_1_z050,Cl4Fe2_1_z050,Cl4Fe2_1,False,z050,ALTERMAGNET,mirror/rotoinv,1,2,Cc,ALTERMAGNET,True,3,122.337,997,0.132348,1.058,3.7,-3.7,3.7,0.0,True,0.0
POSCAR_Cl4Fe2_1_z950,Cl4Fe2_1_z950,Cl4Fe2_1,False,z950,ALTERMAGNET,mirror/rotoinv,1,2,Cc,ALTERMAGNET,True,3,122.337,997,0.130768,0.897,3.661,-3.661,3.661,0.0,True,0.0
POSCAR_Cl4Fe2_1_z975,Cl4Fe2_1_z975,Cl4Fe2_1,False,z975,ALTERMAGNET,mirror/rotoinv,1,2,Cc,ALTERMAGNET,True,3,122.337,997,0.117317,0.932,3.673,-3.672,3.673,0.0009999999999998899,True,0.0
POSCAR_Cl4Fe2_2,Cl4Fe2_2,Cl4Fe2_2,True,none,ALTERMAGNET,mirror/rotoinv|rotation,4,8,Pnnm,ALTERMAGNET,True,3,58.397,495,0.347015,1.407,3.709,-3.708,3.709,0.0009999999999998899,True,0.0
POSCAR_Cl4Fe2_2_st025,Cl4Fe2_2_st025,Cl4Fe2_2,False,st025,ALTERMAGNET,mirror/rotoinv|rotation,4,8,Pnnm,ALTERMAGNET,True,3,58.397,495,0.406956,1.388,3.731,-3.731,3.731,0.0,True,0.0
POSCAR_Cl4Fe2_2_st050,Cl4Fe2_2_st050,Cl4Fe2_2,False,st050,ALTERMAGNET,mirror/rotoinv|rotation,4,8,Pnnm,ALTERMAGNET,True,3,58.397,495,0.480547,1.456,3.749,-3.749,3.749,0.0,True,0.0
POSCAR_Cl4Fe2_2_st950,Cl4Fe2_2_st950,Cl4Fe2_2,False,st950,ALTERMAGNET,mirror/rotoinv|rotation,4,8,Pnnm,ALTERMAGNET,True,3,58.397,495,0.46032,1.227,3.643,-3.643,3.643,0.0,True,0.0
POSCAR_Cl4Fe2_2_st975,Cl4Fe2_2_st975,Cl4Fe2_2,False,st975,ALTERMAGNET,mirror/rotoinv|rotation,4,8,Pnnm,ALTERMAGNET,True,3,58.397,495,0.405822,1.291,3.68,-3.68,3.68,0.0,True,0.0
POSCAR_Cl4Fe2_2_x025,Cl4Fe2_2_x025,Cl4Fe2_2,False,x025,ALTERMAGNET,mirror/rotoinv|rotation,4,8,Pnnm,ALTERMAGNET,True,3,58.397,495,0.303469,1.379,3.717,-3.717,3.717,0.0,True,0.0
POSCAR_Cl4Fe2_2_x050,Cl4Fe2_2_x050,Cl4Fe2_2,False,x050,ALTERMAGNET,mirror/rotoinv|rotation,4,8,Pnnm,ALTERMAGNET,True,3,58.397,495,0.299685,1.368,3.725,-3.725,3.725,0.0,True,0.0
POSCAR_Cl4Fe2_2_x950,Cl4Fe2_2_x950,Cl4Fe2_2,False,x950,ALTERMAGNET,mirror/rotoinv|rotation,4,8,Pnnm,ALTERMAGNET,True,3,58.397,495,0.388366,1.376,3.686,-3.686,3.686,0.0,True,0.0
POSCAR_Cl4Fe2_2_x975,Cl4Fe2_2_x975,Cl4Fe2_2,False,x975,ALTERMAGNET,mirror/rotoinv|rotation,4,8,Pnnm,ALTERMAGNET,True,3,58.397,495,0.36253,1.343,3.699,-3.698,3.699,0.0009999999999998899,True,0.0
POSCAR_Cl4Fe2_2_y025,Cl4Fe2_2_y025,Cl4Fe2_2,False,y025,ALTERMAGNET,mirror/rotoinv|rotation,4,8,Pnnm,ALTERMAGNET,True,3,58.397,495,0.342196,1.256,3.716,-3.716,3.716,0.0,True,0.0
POSCAR_Cl4Fe2_2_y050,Cl4Fe2_2_y050,Cl4Fe2_2,False,y050,ALTERMAGNET,mirror/rotoinv|rotation,4,8,Pnnm,ALTERMAGNET,True,3,58.397,495,0.406686,1.231,3.723,-3.723,3.723,0.0,True,0.0
POSCAR_Cl4Fe2_2_y950,Cl4Fe2_2_y950,Cl4Fe2_2,False,y950,ALTERMAGNET,mirror/rotoinv|rotation,4,8,Pnnm,ALTERMAGNET,True,3,58.397,495,0.379596,1.323,3.692,-3.692,3.692,0.0,True,0.0
POSCAR_Cl4Fe2_2_y975,Cl4Fe2_2_y975,Cl4Fe2_2,False,y975,ALTERMAGNET,mirror/rotoinv|rotation,4,8,Pnnm,ALTERMAGNET,True,3,58.397,495,0.367105,1.335,3.701,-3.7,3.701,0.0009999999999998899,True,0.0
POSCAR_Cl4Fe2_2_z025,Cl4Fe2_2_z025,Cl4Fe2_2,False,z025,ALTERMAGNET,mirror/rotoinv|rotation,4,8,Pnnm,ALTERMAGNET,True,3,58.397,495,0.344812,1.302,3.716,-3.716,3.716,0.0,True,0.0
POSCAR_Cl4Fe2_2_z050,Cl4Fe2_2_z050,Cl4Fe2_2,False,z050,ALTERMAGNET,mirror/rotoinv|rotation,4,8,Pnnm,ALTERMAGNET,True,3,58.397,495,0.392718,1.335,3.723,-3.723,3.723,0.0,True,0.0
POSCAR_Cl4Fe2_2_z950,Cl4Fe2_2_z950,Cl4Fe2_2,False,z950,ALTERMAGNET,mirror/rotoinv|rotation,4,8,Pnnm,ALTERMAGNET,True,3,58.397,495,0.412761,1.218,3.691,-3.691,3.691,0.0,True,0.0
POSCAR_Cl4Fe2_2_z975,Cl4Fe2_2_z975,Cl4Fe2_2,False,z975,ALTERMAGNET,mirror/rotoinv|rotation,4,8,Pnnm,ALTERMAGNET,True,3,58.397,495,0.362134,1.32,3.7,-3.7,3.7,0.0,True,0.0
POSCAR_Cl4Mn2_1,Cl4Mn2_1,Cl4Mn2_1,True,none,ALTERMAGNET,mirror/rotoinv|rotation,4,8,Pnnm,ALTERMAGNET,True,3,58.397,495,0.313239,0.284,4.615,-4.615,4.615,0.0,True,0.0
POSCAR_Cl4Mn2_1_st025,Cl4Mn2_1_st025,Cl4Mn2_1,False,st025,ALTERMAGNET,mirror/rotoinv|rotation,4,8,Pnnm,ALTERMAGNET,True,3,58.397,495,0.275765,0.307,4.639,-4.639,4.639,0.0,True,0.0
POSCAR_Cl4Mn2_1_st050,Cl4Mn2_1_st050,Cl4Mn2_1,False,st050,ALTERMAGNET,mirror/rotoinv|rotation,4,8,Pnnm,ALTERMAGNET,True,3,58.397,495,0.265435,0.294,4.659,-4.659,4.659,0.0,True,0.0
POSCAR_Cl4Mn2_1_st950,Cl4Mn2_1_st950,Cl4Mn2_1,False,st950,ALTERMAGNET,mirror/rotoinv|rotation,4,8,Pnnm,ALTERMAGNET,True,3,58.397,495,0.590347,0.295,4.548,-4.548,4.548,0.0,True,0.0
POSCAR_Cl4Mn2_1_st975,Cl4Mn2_1_st975,Cl4Mn2_1,False,st975,ALTERMAGNET,mirror/rotoinv|rotation,4,8,Pnnm,ALTERMAGNET,True,3,58.397,495,0.425822,0.29,4.585,-4.585,4.585,0.0,True,0.0
POSCAR_Cl4Mn2_1_x025,Cl4Mn2_1_x025,Cl4Mn2_1,False,x025,ALTERMAGNET,mirror/rotoinv|rotation,4,8,Pnnm,ALTERMAGNET,True,3,58.397,495,0.324178,0.269,4.625,-4.626,4.625,0.001000000000000334,True,0.0
POSCAR_Cl4Mn2_1_x050,Cl4Mn2_1_x050,Cl4Mn2_1,False,x050,ALTERMAGNET,mirror/rotoinv|rotation,4,8,Pnnm,ALTERMAGNET,True,3,58.397,495,0.319282,0.262,4.635,-4.635,4.635,0.0,True,0.0
POSCAR_Cl4Mn2_1_x950,Cl4Mn2_1_x950,Cl4Mn2_1,False,x950,ALTERMAGNET,mirror/rotoinv|rotation,4,8,Pnnm,ALTERMAGNET,True,3,58.397,495,0.310436,0.309,4.591,-4.591,4.591,0.0,True,0.0
POSCAR_Cl4Mn2_1_x975,Cl4Mn2_1_x975,Cl4Mn2_1,False,x975,ALTERMAGNET,mirror/rotoinv|rotation,4,8,Pnnm,ALTERMAGNET,True,3,58.397,495,0.293794,0.279,4.604,-4.604,4.604,0.0,True,0.0
POSCAR_Cl4Mn2_1_y025,Cl4Mn2_1_y025,Cl4Mn2_1,False,y025,ALTERMAGNET,mirror/rotoinv|rotation,4,8,Pnnm,ALTERMAGNET,True,3,58.397,495,0.303635,0.356,4.623,-4.623,4.623,0.0,True,0.0
POSCAR_Cl4Mn2_1_y050,Cl4Mn2_1_y050,Cl4Mn2_1,False,y050,ALTERMAGNET,mirror/rotoinv|rotation,4,8,Pnnm,ALTERMAGNET,True,3,58.397,495,0.287445,0.33,4.63,-4.63,4.63,0.0,True,0.0
POSCAR_Cl4Mn2_1_y950,Cl4Mn2_1_y950,Cl4Mn2_1,False,y950,ALTERMAGNET,mirror/rotoinv|rotation,4,8,Pnnm,ALTERMAGNET,True,3,58.397,495,0.458766,0.231,4.598,-4.598,4.598,0.0,True,0.0
POSCAR_Cl4Mn2_1_y975,Cl4Mn2_1_y975,Cl4Mn2_1,False,y975,ALTERMAGNET,mirror/rotoinv|rotation,4,8,Pnnm,ALTERMAGNET,True,3,58.397,495,0.374828,0.392,4.607,-4.607,4.607,0.0,True,0.0
POSCAR_Cl4Mn2_1_z025,Cl4Mn2_1_z025,Cl4Mn2_1,False,z025,ALTERMAGNET,mirror/rotoinv|rotation,4,8,Pnnm,ALTERMAGNET,True,3,58.397,495,0.305167,0.417,4.623,-4.623,4.623,0.0,True,0.0
POSCAR_Cl4Mn2_1_z050,Cl4Mn2_1_z050,Cl4Mn2_1,False,z050,ALTERMAGNET,mirror/rotoinv|rotation,4,8,Pnnm,ALTERMAGNET,True,3,58.397,495,0.281173,0.201,4.63,-4.63,4.63,0.0,True,0.0
POSCAR_Cl4Mn2_1_z950,Cl4Mn2_1_z950,Cl4Mn2_1,False,z950,ALTERMAGNET,mirror/rotoinv|rotation,4,8,Pnnm,ALTERMAGNET,True,3,58.397,495,0.363993,0.314,4.598,-4.598,4.598,0.0,True,0.0
POSCAR_Cl4Mn2_1_z975,Cl4Mn2_1_z975,Cl4Mn2_1,False,z975,ALTERMAGNET,mirror/rotoinv|rotation,4,8,Pnnm,ALTERMAGNET,True,3,58.397,495,0.329854,0.3,4.607,-4.607,4.607,0.0,True,0.0
POSCAR_Cl4Nb2_1,Cl4Nb2_1,Cl4Nb2_1,True,none,ALTERMAGNET,mirror/rotoinv|rotation,2,4,Imm2,ALTERMAGNET,True,3,44.231,329,0.236079,0.899,2.461,-2.462,2.461,0.001000000000000334,True,0.0
POSCAR_Cl4Nb2_1_st025,Cl4Nb2_1_st025,Cl4Nb2_1,False,st025,ALTERMAGNET,mirror/rotoinv|rotation,2,4,Imm2,ALTERMAGNET,True,3,44.231,329,0.193539,0.896,2.538,-2.537,2.538,0.0009999999999998899,True,0.0
POSCAR_Cl4Nb2_1_st050,Cl4Nb2_1_st050,Cl4Nb2_1,False,st050,ALTERMAGNET,mirror/rotoinv|rotation,2,4,Imm2,ALTERMAGNET,True,3,44.231,329,0.162697,0.863,2.606,-2.606,2.606,0.0,True,0.0
POSCAR_Cl4Nb2_1_st950,Cl4Nb2_1_st950,Cl4Nb2_1,False,st950,ALTERMAGNET,mirror/rotoinv|rotation,2,4,Imm2,ALTERMAGNET,True,3,44.231,329,0.370204,0.86,2.278,-2.278,2.278,0.0,True,0.0
POSCAR_Cl4Nb2_1_st975,Cl4Nb2_1_st975,Cl4Nb2_1,False,st975,ALTERMAGNET,mirror/rotoinv|rotation,2,4,Imm2,ALTERMAGNET,True,3,44.231,329,0.293543,0.822,2.376,-2.376,2.376,0.0,True,0.0
POSCAR_Cl4Nb2_1_x025,Cl4Nb2_1_x025,Cl4Nb2_1,False,x025,ALTERMAGNET,rotation,1,2,C2,ALTERMAGNET,True,3,44.231,329,0.222597,0.919,2.475,-2.476,2.475,0.0009999999999998899,True,0.0
POSCAR_Cl4Nb2_1_x050,Cl4Nb2_1_x050,Cl4Nb2_1,False,x050,ALTERMAGNET,rotation,1,2,C2,ALTERMAGNET,True,3,44.231,329,0.210891,0.953,2.488,-2.488,2.488,0.0,True,0.0
POSCAR_Cl4Nb2_1_x950,Cl4Nb2_1_x950,Cl4Nb2_1,False,x950,ALTERMAGNET,rotation,1,2,C2,ALTERMAGNET,True,3,44.231,329,0.272087,0.701,2.426,-2.426,2.426,0.0,True,0.0
POSCAR_Cl4Nb2_1_x975,Cl4Nb2_1_x975,Cl4Nb2_1,False,x975,ALTERMAGNET,rotation,1,2,C2,ALTERMAGNET,True,3,44.231,329,0.251996,0.802,2.445,-2.445,2.445,0.0,True,0.0
POSCAR_Cl4Nb2_2,Cl4Nb2_2,Cl4Nb2_2,True,none,ALTERMAGNET,mirror/rotoinv|rotation,8,16,P4_2/mnm,ALTERMAGNET,True,3,136.498,1158,0.148784,0.028,2.62,-2.62,2.62,0.0,True,0.0
POSCAR_Cl4Nb2_2_st025,Cl4Nb2_2_st025,Cl4Nb2_2,False,st025,ALTERMAGNET,mirror/rotoinv|rotation,8,16,P4_2/mnm,ALTERMAGNET,True,3,136.498,1158,0.115968,3.945,2.683,-2.683,2.683,0.0,True,0.0
POSCAR_Cl4Nb2_2_st050,Cl4Nb2_2_st050,Cl4Nb2_2,False,st050,ALTERMAGNET,mirror/rotoinv|rotation,8,16,P4_2/mnm,ALTERMAGNET,True,3,136.498,1158,0.086537,7.481,2.742,-2.742,2.742,0.0,True,0.0
POSCAR_Cl4Nb2_2_st950,Cl4Nb2_2_st950,Cl4Nb2_2,False,st950,ALTERMAGNET,mirror/rotoinv|rotation,8,16,P4_2/mnm,ALTERMAGNET,True,3,136.498,1158,0.249077,0.035,2.477,-2.477,2.477,0.0,True,0.0
POSCAR_Cl4Nb2_2_st975,Cl4Nb2_2_st975,Cl4Nb2_2,False,st975,ALTERMAGNET,mirror/rotoinv|rotation,8,16,P4_2/mnm,ALTERMAGNET,True,3,136.498,1158,0.192131,0.046,2.552,-2.552,2.552,0.0,True,0.0
POSCAR_Cl4Nb2_2_x025,Cl4Nb2_2_x025,Cl4Nb2_2,False,x025,ALTERMAGNET,mirror/rotoinv|rotation,8,16,P4_2/mnm,ALTERMAGNET,True,3,136.498,1158,0.135925,0.043,2.64,-2.64,2.64,0.0,True,0.0
POSCAR_Cl4Nb2_2_x050,Cl4Nb2_2_x050,Cl4Nb2_2,False,x050,ALTERMAGNET,mirror/rotoinv|rotation,8,16,P4_2/mnm,ALTERMAGNET,True,3,136.498,1158,0.109074,0.038,2.66,-2.66,2.66,0.0,True,0.0
POSCAR_Cl4Nb2_2_x950,Cl4Nb2_2_x950,Cl4Nb2_2,False,x950,ALTERMAGNET,mirror/rotoinv|rotation,8,16,P4_2/mnm,ALTERMAGNET,True,3,136.498,1158,0.180548,0.038,2.578,-2.578,2.578,0.0,True,0.0
POSCAR_Cl4Nb2_2_x975,Cl4Nb2_2_x975,Cl4Nb2_2,False,x975,ALTERMAGNET,mirror/rotoinv|rotation,8,16,P4_2/mnm,ALTERMAGNET,True,3,136.498,1158,0.163502,0.038,2.6,-2.6,2.6,0.0,True,0.0
POSCAR_Cl4Nb2_2_y025,Cl4Nb2_2_y025,Cl4Nb2_2,False,y025,ALTERMAGNET,mirror/rotoinv|rotation,4,8,Pnnm,ALTERMAGNET,True,3,136.498,1158,0.137152,0.026,2.642,-2.642,2.642,0.0,True,0.0
POSCAR_Cl4Nb2_2_y050,Cl4Nb2_2_y050,Cl4Nb2_2,False,y050,ALTERMAGNET,mirror/rotoinv|rotation,4,8,Pnnm,ALTERMAGNET,True,3,136.498,1158,0.126348,0.106,2.663,-2.663,2.663,0.0,True,0.0
POSCAR_Cl4Nb2_2_y950,Cl4Nb2_2_y950,Cl4Nb2_2,False,y950,ALTERMAGNET,mirror/rotoinv|rotation,4,8,Pnnm,ALTERMAGNET,True,3,136.498,1158,0.174528,0.045,2.573,-2.573,2.573,0.0,True,0.0
POSCAR_Cl4Nb2_2_y975,Cl4Nb2_2_y975,Cl4Nb2_2,False,y975,ALTERMAGNET,mirror/rotoinv|rotation,4,8,Pnnm,ALTERMAGNET,True,3,136.498,1158,0.161192,0.037,2.597,-2.597,2.597,0.0,True,0.0
POSCAR_Cl4Nb2_2_z025,Cl4Nb2_2_z025,Cl4Nb2_2,False,z025,ALTERMAGNET,mirror/rotoinv|rotation,4,8,Pnnm,ALTERMAGNET,True,3,136.498,1158,0.13724,0.037,2.642,-2.642,2.642,0.0,True,0.0
POSCAR_Cl4Nb2_2_z050,Cl4Nb2_2_z050,Cl4Nb2_2,False,z050,ALTERMAGNET,mirror/rotoinv|rotation,4,8,Pnnm,ALTERMAGNET,True,3,136.498,1158,0.126539,0.466,2.663,-2.663,2.663,0.0,True,0.0
POSCAR_Cl4Nb2_2_z950,Cl4Nb2_2_z950,Cl4Nb2_2,False,z950,ALTERMAGNET,mirror/rotoinv|rotation,4,8,Pnnm,ALTERMAGNET,True,3,136.498,1158,0.174297,0.019,2.573,-2.573,2.573,0.0,True,0.0
POSCAR_Cl4Nb2_2_z975,Cl4Nb2_2_z975,Cl4Nb2_2,False,z975,ALTERMAGNET,mirror/rotoinv|rotation,4,8,Pnnm,ALTERMAGNET,True,3,136.498,1158,0.161077,0.022,2.597,-2.597,2.597,0.0,True,0.0
POSCAR_Cl6Mn2_1,Cl6Mn2_1,Cl6Mn2_1,True,none,ALTERMAGNET,mirror/rotoinv|rotation,2,4,C2/c,ALTERMAGNET,True,3,15.89,96,0.340092,1.984,4.114,-4.115,4.114,0.001000000000000334,True,0.0
POSCAR_Cl6Mn2_1_st025,Cl6Mn2_1_st025,Cl6Mn2_1,False,st025,ALTERMAGNET,mirror/rotoinv|rotation,2,4,C2/c,ALTERMAGNET,True,3,15.89,96,0.33923,2.211,4.222,-4.223,4.222,0.0009999999999994458,True,0.0
POSCAR_Cl6Mn2_1_st050,Cl6Mn2_1_st050,Cl6Mn2_1,False,st050,ALTERMAGNET,mirror/rotoinv|rotation,2,4,C2/c,ALTERMAGNET,True,3,15.89,96,0.32566,2.31,4.323,-4.324,4.323,0.0009999999999994458,True,0.0
POSCAR_Cl6Mn2_1_st950,Cl6Mn2_1_st950,Cl6Mn2_1,False,st950,ALTERMAGNET,mirror/rotoinv|rotation,2,4,C2/c,ALTERMAGNET,True,3,15.89,96,0.33698,2.945,3.887,-3.887,3.887,0.0,True,0.0
POSCAR_Cl6Mn2_1_st975,Cl6Mn2_1_st975,Cl6Mn2_1,False,st975,ALTERMAGNET,mirror/rotoinv|rotation,2,4,C2/c,ALTERMAGNET,True,3,15.89,96,0.328984,1.895,4.001,-4.002,4.001,0.0009999999999994458,True,0.0
POSCAR_Cl6Nb2_1,Cl6Nb2_1,Cl6Nb2_1,True,none,ALTERMAGNET,rotation,1,2,C2,ALTERMAGNET,True,3,5.15,22,0.181156,0.57,1.708,-1.708,1.708,0.0,True,0.0
POSCAR_Cl6Nb2_1_st025,Cl6Nb2_1_st025,Cl6Nb2_1,False,st025,ALTERMAGNET,rotation,1,2,C2,ALTERMAGNET,True,3,5.15,22,0.165758,0.612,1.767,-1.767,1.767,0.0,True,0.0
POSCAR_Cl6Nb2_1_st050,Cl6Nb2_1_st050,Cl6Nb2_1,False,st050,ALTERMAGNET,rotation,1,2,C2,ALTERMAGNET,True,3,5.15,22,0.161641,0.594,1.818,-1.818,1.818,0.0,True,0.0
POSCAR_Cl6Nb2_1_st950,Cl6Nb2_1_st950,Cl6Nb2_1,False,st950,ALTERMAGNET,rotation,1,2,C2,ALTERMAGNET,True,3,5.15,22,0.238798,0.597,1.551,-1.551,1.551,0.0,True,0.0
POSCAR_Cl6Nb2_1_st975,Cl6Nb2_1_st975,Cl6Nb2_1,False,st975,ALTERMAGNET,rotation,1,2,C2,ALTERMAGNET,True,3,5.15,22,0.205939,0.611,1.637,-1.637,1.637,0.0,True,0.0
POSCAR_Cl6Nb2_1_x975,Cl6Nb2_1_x975,Cl6Nb2_1,False,x975,compensated_FiM_candidate,,0,1,P1,ALTERMAGNET,False,3,5.15,22,0.193386,7.752,1.696,-1.695,1.696,0.0009999999999998899,True,0.0
POSCAR_Cl6Nb2_1_y975,Cl6Nb2_1_y975,Cl6Nb2_1,False,y975,compensated_FiM_candidate,,0,1,P1,ALTERMAGNET,False,3,5.15,22,0.187295,9.799,1.695,-1.695,1.695,0.0,True,0.002
POSCAR_Cl6Nb2_1_z025,Cl6Nb2_1_z025,Cl6Nb2_1,False,z025,compensated_FiM_candidate,,0,1,P1,ALTERMAGNET,False,3,5.15,22,0.172583,9.238,1.746,-1.745,1.746,0.0009999999999998899,True,0.001
POSCAR_Cl6Nb2_1_z050,Cl6Nb2_1_z050,Cl6Nb2_1,False,z050,compensated_FiM_candidate,,0,1,P1,ALTERMAGNET,False,3,5.15,22,0.170124,9.614,1.779,-1.777,1.779,0.0020000000000000018,True,0.002
POSCAR_Cl6Nb2_1_z950,Cl6Nb2_1_z950,Cl6Nb2_1,False,z950,compensated_FiM_candidate,,0,1,P1,ALTERMAGNET,False,3,5.15,22,0.216265,9.069,1.615,-1.615,1.615,0.0,True,0.001
POSCAR_Cl6Nb2_1_z975,Cl6Nb2_1_z975,Cl6Nb2_1,False,z975,compensated_FiM_candidate,,0,1,P1,ALTERMAGNET,False,3,5.15,22,0.20183,6.857,1.665,-1.664,1.665,0.001000000000000112,True,0.0
POSCAR_Cl6Pd2_1,Cl6Pd2_1,Cl6Pd2_1,True,none,ALTERMAGNET,mirror/rotoinv,1,2,Cc,ALTERMAGNET,True,3,9.39,46,0.140605,0.677,0.478,-0.478,0.478,0.0,True,0.0
POSCAR_Cl6Pd2_1_st025,Cl6Pd2_1_st025,Cl6Pd2_1,False,st025,ALTERMAGNET,mirror/rotoinv,1,2,Cc,ALTERMAGNET,True,3,9.39,46,0.139208,0.616,0.523,-0.523,0.523,0.0,True,0.0
POSCAR_Cl6Pd2_1_st050,Cl6Pd2_1_st050,Cl6Pd2_1,False,st050,ALTERMAGNET,mirror/rotoinv,1,2,Cc,ALTERMAGNET,True,3,9.39,46,0.157869,0.568,0.572,-0.573,0.572,0.0010000000000000009,True,0.0
POSCAR_Cl6Pd2_1_st950,Cl6Pd2_1_st950,Cl6Pd2_1,False,st950,ALTERMAGNET,mirror/rotoinv,1,2,Cc,ALTERMAGNET,True,3,9.39,46,0.154469,0.854,0.389,-0.389,0.389,0.0,True,0.0
POSCAR_Cl6Pd2_1_st975,Cl6Pd2_1_st975,Cl6Pd2_1,False,st975,ALTERMAGNET,mirror/rotoinv,1,2,Cc,ALTERMAGNET,True,3,9.39,46,0.147246,0.745,0.434,-0.434,0.434,0.0,True,0.0
POSCAR_Cl6Pd2_1_z025,Cl6Pd2_1_z025,Cl6Pd2_1,False,z025,ALTERMAGNET,mirror/rotoinv,1,2,Cc,ALTERMAGNET,True,3,9.39,46,0.134424,0.692,0.48,-0.48,0.48,0.0,True,0.0
POSCAR_Cl6Pd2_1_z050,Cl6Pd2_1_z050,Cl6Pd2_1,False,z050,ALTERMAGNET,mirror/rotoinv,1,2,Cc,ALTERMAGNET,True,3,9.39,46,0.146978,0.745,0.483,-0.483,0.483,0.0,True,0.0
POSCAR_Cl6Pd2_1_z950,Cl6Pd2_1_z950,Cl6Pd2_1,False,z950,ALTERMAGNET,mirror/rotoinv,1,2,Cc,ALTERMAGNET,True,3,9.39,46,0.161832,0.586,0.474,-0.474,0.474,0.0,True,0.0
POSCAR_Cl6Pd2_1_z975,Cl6Pd2_1_z975,Cl6Pd2_1,False,z975,ALTERMAGNET,mirror/rotoinv,1,2,Cc,ALTERMAGNET,True,3,9.39,46,0.149897,0.656,0.476,-0.476,0.476,0.0,True,0.0
POSCAR_Cl6Pd2_2,Cl6Pd2_2,Cl6Pd2_2,True,none,ALTERMAGNET,mirror/rotoinv|rotation,2,4,C2/c,ALTERMAGNET,True,3,15.89,96,0.227563,1.288,0.43,-0.43,0.43,0.0,True,0.0
POSCAR_Cl6Pd2_2_st025,Cl6Pd2_2_st025,Cl6Pd2_2,False,st025,ALTERMAGNET,mirror/rotoinv|rotation,2,4,C2/c,ALTERMAGNET,True,3,15.89,96,0.230997,0.494,0.482,-0.482,0.482,0.0,True,0.0
POSCAR_Cl6Pd2_2_st050,Cl6Pd2_2_st050,Cl6Pd2_2,False,st050,ALTERMAGNET,mirror/rotoinv|rotation,2,4,C2/c,ALTERMAGNET,True,3,15.89,96,0.235349,0.553,0.544,-0.544,0.544,0.0,True,0.0
POSCAR_Cl6Pd2_2_st950,Cl6Pd2_2_st950,Cl6Pd2_2,False,st950,ALTERMAGNET,mirror/rotoinv|rotation,2,4,C2/c,ALTERMAGNET,True,3,15.89,96,0.393454,1.042,0.327,-0.329,0.327,0.0020000000000000018,True,0.004
POSCAR_Cl6Pd2_2_st975,Cl6Pd2_2_st975,Cl6Pd2_2,False,st975,ALTERMAGNET,mirror/rotoinv|rotation,2,4,C2/c,ALTERMAGNET,True,3,15.89,96,0.306476,0.562,0.381,-0.381,0.381,0.0,True,0.0
POSCAR_Cl6Pd2_2_y025,Cl6Pd2_2_y025,Cl6Pd2_2,False,y025,compensated_FiM_candidate,,0,2,P-1,ALTERMAGNET,False,3,15.89,96,0.253626,8.62,0.44,-0.438,0.44,0.0020000000000000018,True,0.003
POSCAR_Cl6Pd2_2_z025,Cl6Pd2_2_z025,Cl6Pd2_2,False,z025,ALTERMAGNET,mirror/rotoinv|rotation,2,4,C2/c,ALTERMAGNET,True,3,15.89,96,0.24689,0.582,0.461,-0.461,0.461,0.0,True,0.0
POSCAR_Cl6Pd2_2_z050,Cl6Pd2_2_z050,Cl6Pd2_2,False,z050,ALTERMAGNET,mirror/rotoinv|rotation,2,4,C2/c,ALTERMAGNET,True,3,15.89,96,0.222453,0.567,0.486,-0.486,0.486,0.0,True,0.0
POSCAR_Cl6Pd2_2_z950,Cl6Pd2_2_z950,Cl6Pd2_2,False,z950,ALTERMAGNET,mirror/rotoinv|rotation,2,4,C2/c,ALTERMAGNET,True,3,15.89,96,0.402267,0.522,0.321,-0.32,0.321,0.0010000000000000009,True,0.001
POSCAR_Cl6Pd2_2_z975,Cl6Pd2_2_z975,Cl6Pd2_2,False,z975,ALTERMAGNET,mirror/rotoinv|rotation,2,4,C2/c,ALTERMAGNET,True,3,15.89,96,0.331124,0.706,0.386,-0.386,0.386,0.0,True,0.001
POSCAR_Cl6Ti2_1,Cl6Ti2_1,Cl6Ti2_1,True,none,ALTERMAGNET,mirror/rotoinv,1,2,Cc,ALTERMAGNET,True,3,9.39,46,0.082741,0.472,0.903,-0.903,0.903,0.0,True,0.0
POSCAR_Cl6Ti2_1_st025,Cl6Ti2_1_st025,Cl6Ti2_1,False,st025,ALTERMAGNET,mirror/rotoinv,1,2,Cc,ALTERMAGNET,True,3,9.39,46,0.071826,0.514,0.92,-0.92,0.92,0.0,True,0.0
POSCAR_Cl6Ti2_1_st050,Cl6Ti2_1_st050,Cl6Ti2_1,False,st050,ALTERMAGNET,mirror/rotoinv,1,2,Cc,ALTERMAGNET,True,3,9.39,46,0.078844,0.524,0.935,-0.935,0.935,0.0,True,0.0
POSCAR_Cl6Ti2_1_st950,Cl6Ti2_1_st950,Cl6Ti2_1,False,st950,ALTERMAGNET,mirror/rotoinv,1,2,Cc,ALTERMAGNET,True,3,9.39,46,0.121141,0.578,0.86,-0.86,0.86,0.0,True,0.0
POSCAR_Cl6Ti2_1_st975,Cl6Ti2_1_st975,Cl6Ti2_1,False,st975,ALTERMAGNET,mirror/rotoinv,1,2,Cc,ALTERMAGNET,True,3,9.39,46,0.0986,0.498,0.883,-0.883,0.883,0.0,True,0.0
POSCAR_Cl6Ti2_1_z025,Cl6Ti2_1_z025,Cl6Ti2_1,False,z025,ALTERMAGNET,mirror/rotoinv,1,2,Cc,ALTERMAGNET,True,3,9.39,46,0.067208,0.53,0.909,-0.909,0.909,0.0,True,0.0
POSCAR_Cl6Ti2_1_z050,Cl6Ti2_1_z050,Cl6Ti2_1,False,z050,ALTERMAGNET,mirror/rotoinv,1,2,Cc,ALTERMAGNET,True,3,9.39,46,0.063883,0.55,0.915,-0.915,0.915,0.0,True,0.0
POSCAR_Cl6Ti2_1_z950,Cl6Ti2_1_z950,Cl6Ti2_1,False,z950,ALTERMAGNET,mirror/rotoinv,1,2,Cc,ALTERMAGNET,True,3,9.39,46,0.124972,0.452,0.889,-0.889,0.889,0.0,True,0.0
POSCAR_Cl6Ti2_1_z975,Cl6Ti2_1_z975,Cl6Ti2_1,False,z975,ALTERMAGNET,mirror/rotoinv,1,2,Cc,ALTERMAGNET,True,3,9.39,46,0.100166,0.454,0.896,-0.896,0.896,0.0,True,0.0
POSCAR_Cl6Zr2_1,Cl6Zr2_1,Cl6Zr2_1,True,none,ALTERMAGNET,mirror/rotoinv,1,2,Cc,ALTERMAGNET,True,3,9.39,46,0.212412,0.436,0.693,-0.693,0.693,0.0,True,0.0
POSCAR_Cl6Zr2_1_st025,Cl6Zr2_1_st025,Cl6Zr2_1,False,st025,ALTERMAGNET,mirror/rotoinv,1,2,Cc,ALTERMAGNET,True,3,9.39,46,0.157286,0.332,0.724,-0.724,0.724,0.0,True,0.0
POSCAR_Cl6Zr2_1_st050,Cl6Zr2_1_st050,Cl6Zr2_1,False,st050,ALTERMAGNET,mirror/rotoinv,1,2,Cc,ALTERMAGNET,True,3,9.39,46,0.116923,0.296,0.748,-0.748,0.748,0.0,True,0.0
POSCAR_Cl6Zr2_1_st975,Cl6Zr2_1_st975,Cl6Zr2_1,False,st975,ALTERMAGNET,mirror/rotoinv,1,2,Cc,ALTERMAGNET,True,3,9.39,46,0.2861,1.156,0.115,-0.112,0.115,0.0030000000000000027,True,0.003
POSCAR_Cl6Zr2_1_z025,Cl6Zr2_1_z025,Cl6Zr2_1,False,z025,ALTERMAGNET,mirror/rotoinv,1,2,Cc,ALTERMAGNET,True,3,9.39,46,0.196574,0.328,0.709,-0.709,0.709,0.0,True,0.0
POSCAR_Cl6Zr2_1_z050,Cl6Zr2_1_z050,Cl6Zr2_1,False,z050,ALTERMAGNET,mirror/rotoinv,1,2,Cc,ALTERMAGNET,True,3,9.39,46,0.177064,0.256,0.723,-0.723,0.723,0.0,True,0.0
POSCAR_Cl6Zr2_1_z950,Cl6Zr2_1_z950,Cl6Zr2_1,False,z950,ALTERMAGNET,mirror/rotoinv,1,2,Cc,ALTERMAGNET,True,3,9.39,46,0.256554,3.878,0.054,-0.056,0.054,0.0020000000000000018,True,0.003
POSCAR_Cl6Zr2_1_z975,Cl6Zr2_1_z975,Cl6Zr2_1,False,z975,ALTERMAGNET,mirror/rotoinv,1,2,Cc,ALTERMAGNET,True,3,9.39,46,0.542894,0.494,-0.03,0.03,0.03,0.0,True,0.0
POSCAR_Co2F4_1,Co2F4_1,Co2F4_1,True,none,ALTERMAGNET,mirror/rotoinv|rotation,8,16,P4_2/mnm,ALTERMAGNET,True,3,136.498,1158,0.494358,0.511,2.77,-2.77,2.77,0.0,True,0.0
POSCAR_Co2F4_1_st025,Co2F4_1_st025,Co2F4_1,False,st025,ALTERMAGNET,mirror/rotoinv|rotation,8,16,P4_2/mnm,ALTERMAGNET,True,3,136.498,1158,0.346171,0.491,2.776,-2.776,2.776,0.0,True,0.0
POSCAR_Co2F4_1_st050,Co2F4_1_st050,Co2F4_1,False,st050,ALTERMAGNET,mirror/rotoinv|rotation,8,16,P4_2/mnm,ALTERMAGNET,True,3,136.498,1158,0.335497,0.483,2.786,-2.786,2.786,0.0,True,0.0
POSCAR_Co2F4_1_st950,Co2F4_1_st950,Co2F4_1,False,st950,ALTERMAGNET,mirror/rotoinv|rotation,8,16,P4_2/mnm,ALTERMAGNET,True,3,136.498,1158,0.50499,0.476,2.736,-2.736,2.736,0.0,True,0.0
POSCAR_Co2F4_1_st975,Co2F4_1_st975,Co2F4_1,False,st975,ALTERMAGNET,mirror/rotoinv|rotation,8,16,P4_2/mnm,ALTERMAGNET,True,3,136.498,1158,0.566609,5.336,2.755,-2.755,2.755,0.0,True,0.0
POSCAR_Co2F4_1_x025,Co2F4_1_x025,Co2F4_1,False,x025,ALTERMAGNET,mirror/rotoinv|rotation,8,16,P4_2/mnm,ALTERMAGNET,True,3,136.498,1158,0.477174,0.506,2.775,-2.775,2.775,0.0,True,0.0
POSCAR_Co2F4_1_x050,Co2F4_1_x050,Co2F4_1,False,x050,ALTERMAGNET,mirror/rotoinv|rotation,8,16,P4_2/mnm,ALTERMAGNET,True,3,136.498,1158,0.46945,0.486,2.78,-2.78,2.78,0.0,True,0.0
POSCAR_Co2F4_1_x950,Co2F4_1_x950,Co2F4_1,False,x950,ALTERMAGNET,mirror/rotoinv|rotation,8,16,P4_2/mnm,ALTERMAGNET,True,3,136.498,1158,0.31185,0.477,2.748,-2.748,2.748,0.0,True,0.0
POSCAR_Co2F4_1_x975,Co2F4_1_x975,Co2F4_1,False,x975,ALTERMAGNET,mirror/rotoinv|rotation,8,16,P4_2/mnm,ALTERMAGNET,True,3,136.498,1158,0.337486,0.473,2.756,-2.756,2.756,0.0,True,0.0
POSCAR_Co2F4_1_y025,Co2F4_1_y025,Co2F4_1,False,y025,ALTERMAGNET,mirror/rotoinv|rotation,4,8,Pnnm,ALTERMAGNET,True,3,136.498,1158,0.341145,0.508,2.767,-2.767,2.767,0.0,True,0.0
POSCAR_Co2F4_1_y050,Co2F4_1_y050,Co2F4_1,False,y050,ALTERMAGNET,mirror/rotoinv|rotation,4,8,Pnnm,ALTERMAGNET,True,3,136.498,1158,0.321763,0.555,2.77,-2.77,2.77,0.0,True,0.0
POSCAR_Co2F4_1_y950,Co2F4_1_y950,Co2F4_1,False,y950,ALTERMAGNET,mirror/rotoinv|rotation,4,8,Pnnm,ALTERMAGNET,True,3,136.498,1158,0.479961,0.326,2.761,-2.761,2.761,0.0,True,0.0
POSCAR_Co2F4_1_y975,Co2F4_1_y975,Co2F4_1,False,y975,ALTERMAGNET,mirror/rotoinv|rotation,4,8,Pnnm,ALTERMAGNET,True,3,136.498,1158,0.507519,0.446,2.766,-2.766,2.766,0.0,True,0.0
POSCAR_Co2F4_1_z025,Co2F4_1_z025,Co2F4_1,False,z025,ALTERMAGNET,mirror/rotoinv|rotation,4,8,Pnnm,ALTERMAGNET,True,3,136.498,1158,0.340785,0.428,2.767,-2.767,2.767,0.0,True,0.0
POSCAR_Co2F4_1_z050,Co2F4_1_z050,Co2F4_1,False,z050,ALTERMAGNET,mirror/rotoinv|rotation,4,8,Pnnm,ALTERMAGNET,True,3,136.498,1158,0.321023,0.374,2.77,-2.77,2.77,0.0,True,0.0
POSCAR_Co2F4_1_z950,Co2F4_1_z950,Co2F4_1,False,z950,ALTERMAGNET,mirror/rotoinv|rotation,4,8,Pnnm,ALTERMAGNET,True,3,136.498,1158,0.485982,0.572,2.761,-2.761,2.761,0.0,True,0.0
POSCAR_Co2F6_1,Co2F6_1,Co2F6_1,True,none,ALTERMAGNET,mirror/rotoinv|rotation,2,4,C2/c,ALTERMAGNET,True,3,15.89,96,0.252775,3.655,3.187,-3.187,3.187,0.0,True,0.0
POSCAR_Co2F6_1_st025,Co2F6_1_st025,Co2F6_1,False,st025,ALTERMAGNET,mirror/rotoinv|rotation,2,4,C2/c,ALTERMAGNET,True,3,15.89,96,0.232087,3.952,3.189,-3.189,3.189,0.0,True,0.0
POSCAR_Co2F6_1_st050,Co2F6_1_st050,Co2F6_1,False,st050,ALTERMAGNET,mirror/rotoinv|rotation,2,4,C2/c,ALTERMAGNET,True,3,15.89,96,0.254027,3.943,3.187,-3.187,3.187,0.0,True,0.0
POSCAR_Co2F6_1_st950,Co2F6_1_st950,Co2F6_1,False,st950,ALTERMAGNET,mirror/rotoinv|rotation,2,4,C2/c,ALTERMAGNET,True,3,15.89,96,0.355064,3.517,3.164,-3.164,3.164,0.0,True,0.0
POSCAR_Co2F6_1_st975,Co2F6_1_st975,Co2F6_1,False,st975,ALTERMAGNET,mirror/rotoinv|rotation,2,4,C2/c,ALTERMAGNET,True,3,15.89,96,0.329482,3.519,3.179,-3.179,3.179,0.0,True,0.0
POSCAR_Co2F6_1_z025,Co2F6_1_z025,Co2F6_1,False,z025,ALTERMAGNET,mirror/rotoinv|rotation,2,4,C2/c,ALTERMAGNET,True,3,15.89,96,0.259898,4.441,3.188,-3.188,3.188,0.0,True,0.0
POSCAR_Co2F6_1_z050,Co2F6_1_z050,Co2F6_1,False,z050,ALTERMAGNET,mirror/rotoinv|rotation,2,4,C2/c,ALTERMAGNET,True,3,15.89,96,0.268445,5.15,3.188,-3.188,3.188,0.0,True,0.0
POSCAR_Co2F6_1_z950,Co2F6_1_z950,Co2F6_1,False,z950,ALTERMAGNET,mirror/rotoinv|rotation,2,4,C2/c,ALTERMAGNET,True,3,15.89,96,0.321827,2.475,3.181,-3.181,3.181,0.0,True,0.0
POSCAR_Co2F6_1_z975,Co2F6_1_z975,Co2F6_1,False,z975,ALTERMAGNET,mirror/rotoinv|rotation,2,4,C2/c,ALTERMAGNET,True,3,15.89,96,0.283201,2.961,3.185,-3.185,3.185,0.0,True,0.0
POSCAR_Co2Ge2_1,Co2Ge2_1,Co2Ge2_1,True,none,ALTERMAGNET,mirror/rotoinv|rotation,4,8,Cmcm,ALTERMAGNET,True,3,63.463,561,0.424488,0.699,1.147,-1.148,1.147,0.0009999999999998899,True,0.001
POSCAR_Co2Ge2_1_st025,Co2Ge2_1_st025,Co2Ge2_1,False,st025,ALTERMAGNET,mirror/rotoinv|rotation,4,8,Cmcm,ALTERMAGNET,True,3,63.463,561,0.448111,0.777,1.267,-1.268,1.267,0.001000000000000112,True,0.0
POSCAR_Co2Ge2_1_st975,Co2Ge2_1_st975,Co2Ge2_1,False,st975,ALTERMAGNET,mirror/rotoinv|rotation,4,8,Cmcm,ALTERMAGNET,True,3,63.463,561,0.397261,0.72,1.04,-1.041,1.04,0.0009999999999998899,True,0.001
POSCAR_Co2Ge2_1_x025,Co2Ge2_1_x025,Co2Ge2_1,False,x025,ALTERMAGNET,mirror/rotoinv|rotation,4,8,Cmcm,ALTERMAGNET,True,3,63.463,561,0.443204,0.691,1.194,-1.194,1.194,0.0,True,0.0
POSCAR_Co2Ge2_1_x050,Co2Ge2_1_x050,Co2Ge2_1,False,x050,ALTERMAGNET,mirror/rotoinv|rotation,2,4,P2_1/m,ALTERMAGNET,True,3,63.463,561,0.468445,0.711,1.263,-1.264,1.263,0.001000000000000112,True,0.001
POSCAR_Co2Ge2_1_x950,Co2Ge2_1_x950,Co2Ge2_1,False,x950,ALTERMAGNET,mirror/rotoinv|rotation,2,4,P2_1/m,ALTERMAGNET,True,3,63.463,561,0.432027,0.926,1.082,-1.081,1.082,0.001000000000000112,True,0.002
POSCAR_Co2Ge2_1_x975,Co2Ge2_1_x975,Co2Ge2_1,False,x975,ALTERMAGNET,mirror/rotoinv|rotation,4,8,Cmcm,ALTERMAGNET,True,3,63.463,561,0.408616,0.922,1.114,-1.115,1.114,0.0009999999999998899,True,0.0
POSCAR_Co2Ge2_1_y025,Co2Ge2_1_y025,Co2Ge2_1,False,y025,ALTERMAGNET,mirror/rotoinv|rotation,4,8,Cmcm,ALTERMAGNET,True,3,63.463,561,0.449002,0.846,1.177,-1.178,1.177,0.0009999999999998899,True,0.0
POSCAR_Co2Ge2_1_y050,Co2Ge2_1_y050,Co2Ge2_1,False,y050,ALTERMAGNET,mirror/rotoinv|rotation,2,4,P2_1/m,ALTERMAGNET,True,3,63.463,561,0.477012,0.913,1.208,-1.207,1.208,0.0009999999999998899,True,0.001
POSCAR_Co2Ge2_1_y975,Co2Ge2_1_y975,Co2Ge2_1,False,y975,ALTERMAGNET,mirror/rotoinv|rotation,4,8,Cmcm,ALTERMAGNET,True,3,63.463,561,0.404701,0.85,1.124,-1.124,1.124,0.0,True,0.0
POSCAR_Co2Ge2_1_z025,Co2Ge2_1_z025,Co2Ge2_1,False,z025,ALTERMAGNET,mirror/rotoinv|rotation,4,8,Cmcm,ALTERMAGNET,True,3,63.463,561,0.405355,0.794,1.191,-1.192,1.191,0.0009999999999998899,True,0.001
POSCAR_Co2Ge2_1_z050,Co2Ge2_1_z050,Co2Ge2_1,False,z050,ALTERMAGNET,mirror/rotoinv|rotation,4,8,Cmcm,ALTERMAGNET,True,3,63.463,561,0.380359,0.715,1.232,-1.233,1.232,0.001000000000000112,True,0.001
POSCAR_Co2Ge2_1_z950,Co2Ge2_1_z950,Co2Ge2_1,False,z950,ALTERMAGNET,mirror/rotoinv|rotation,4,8,Cmcm,ALTERMAGNET,True,3,63.463,561,0.079842,0.987,0.109,-0.107,0.109,0.0020000000000000018,True,0.001
POSCAR_Co2Ge2_1_z975,Co2Ge2_1_z975,Co2Ge2_1,False,z975,ALTERMAGNET,mirror/rotoinv|rotation,4,8,Cmcm,ALTERMAGNET,True,3,63.463,561,0.417956,0.671,1.102,-1.103,1.102,0.0009999999999998899,True,0.0
POSCAR_Co2N2_1,Co2N2_1,Co2N2_1,True,none,compensated_FiM_candidate,,0,2,Cm,compensated_FiM_candidate,True,1,8.32,39,0.801542,3.132,1.244,-1.248,1.244,0.0040000000000000036,True,0.003
POSCAR_Co2N2_1_st975,Co2N2_1_st975,Co2N2_1,False,st975,compensated_FiM_candidate,,0,2,Cm,compensated_FiM_candidate,True,1,8.32,39,0.676755,2.977,0.806,-0.804,0.806,0.0020000000000000018,True,0.003
POSCAR_Co2N2_1_x025,Co2N2_1_x025,Co2N2_1,False,x025,compensated_FiM_candidate,,0,2,Cm,compensated_FiM_candidate,True,1,8.32,39,0.80015,4.743,1.409,-1.41,1.409,0.0009999999999998899,True,0.0
POSCAR_Co2N2_1_x050,Co2N2_1_x050,Co2N2_1,False,x050,compensated_FiM_candidate,,0,1,P1,compensated_FiM_candidate,True,1,8.32,39,0.775497,7.404,1.555,-1.556,1.555,0.001000000000000112,True,0.001
POSCAR_Co2N2_1_x950,Co2N2_1_x950,Co2N2_1,False,x950,compensated_FiM_candidate,,0,2,Cm,compensated_FiM_candidate,True,1,8.32,39,0.705061,4.341,0.908,-0.908,0.908,0.0,True,0.0
POSCAR_Co2N2_1_y025,Co2N2_1_y025,Co2N2_1,False,y025,compensated_FiM_candidate,,0,2,Cm,compensated_FiM_candidate,True,1,8.32,39,0.811564,2.735,1.402,-1.405,1.402,0.0030000000000001137,True,0.003
POSCAR_Co2N2_1_y050,Co2N2_1_y050,Co2N2_1,False,y050,compensated_FiM_candidate,,0,2,Cm,compensated_FiM_candidate,True,1,8.32,39,0.766978,4.127,1.539,-1.539,1.539,0.0,True,0.0
POSCAR_Co2N2_1_y950,Co2N2_1_y950,Co2N2_1,False,y950,compensated_FiM_candidate,,0,1,P1,compensated_FiM_candidate,True,1,8.32,39,0.714822,6.907,0.912,-0.911,0.912,0.0010000000000000009,True,0.003
POSCAR_Co2N2_1_y975,Co2N2_1_y975,Co2N2_1,False,y975,compensated_FiM_candidate,,0,2,Cm,compensated_FiM_candidate,True,1,8.32,39,0.768119,5.201,1.076,-1.075,1.076,0.001000000000000112,True,0.002
POSCAR_Co2N2_1_z025,Co2N2_1_z025,Co2N2_1,False,z025,compensated_FiM_candidate,,0,2,Cm,compensated_FiM_candidate,True,1,8.32,39,0.714222,3.371,1.32,-1.322,1.32,0.0020000000000000018,True,0.002
POSCAR_Co2N2_1_z050,Co2N2_1_z050,Co2N2_1,False,z050,compensated_FiM_candidate,,0,2,Cm,compensated_FiM_candidate,True,1,8.32,39,0.585749,3.355,1.387,-1.387,1.387,0.0,True,0.001
POSCAR_Co2N6_1,Co2N6_1,Co2N6_1,True,none,conventional_AFM_inversion,inversion|mirror/rotoinv,2,4,C2/c,conventional_AFM_inversion,True,3,15.88,95,0.016956,3.079,2.228,-2.224,2.228,0.0040000000000000036,True,0.004
POSCAR_Co2N6_1_st050,Co2N6_1_st050,Co2N6_1,False,st050,conventional_AFM_inversion,inversion|mirror/rotoinv,2,4,C2/c,conventional_AFM_inversion,True,3,15.88,95,0.01304,0.684,2.352,-2.351,2.352,0.0009999999999998899,True,0.001
POSCAR_Co2N6_1_st975,Co2N6_1_st975,Co2N6_1,False,st975,conventional_AFM_inversion,inversion|mirror/rotoinv,2,4,C2/c,conventional_AFM_inversion,True,3,15.88,95,0.022534,0.723,2.048,-2.05,2.048,0.0019999999999997797,True,0.003
POSCAR_Co2N6_1_x975,Co2N6_1_x975,Co2N6_1,False,x975,conventional_AFM_inversion,inversion,1,2,P-1,conventional_AFM_inversion,True,3,15.88,95,0.104351,4.659,2.218,-2.216,2.218,0.0019999999999997797,True,0.004
POSCAR_Co2N6_1_y025,Co2N6_1_y025,Co2N6_1,False,y025,conventional_AFM_inversion,inversion,1,2,P-1,conventional_AFM_inversion,True,3,15.88,95,0.011459,1.986,2.107,-2.108,2.107,0.0009999999999998899,True,0.001
POSCAR_Co2N6_1_y050,Co2N6_1_y050,Co2N6_1,False,y050,conventional_AFM_inversion,inversion,1,2,P-1,conventional_AFM_inversion,True,3,15.88,95,0.033065,3.285,2.254,-2.257,2.254,0.0030000000000001137,True,0.002
POSCAR_Co2N6_1_y950,Co2N6_1_y950,Co2N6_1,False,y950,conventional_AFM_inversion,inversion,1,2,P-1,conventional_AFM_inversion,True,3,15.88,95,0.024477,2.431,2.206,-2.204,2.206,0.0019999999999997797,True,0.003
POSCAR_Co2N6_1_y975,Co2N6_1_y975,Co2N6_1,False,y975,conventional_AFM_inversion,inversion,1,2,P-1,conventional_AFM_inversion,True,3,15.88,95,0.017137,2.248,2.217,-2.216,2.217,0.0009999999999998899,True,0.001
POSCAR_Co2N6_1_z025,Co2N6_1_z025,Co2N6_1,False,z025,conventional_AFM_inversion,inversion|mirror/rotoinv,2,4,C2/c,conventional_AFM_inversion,True,3,15.88,95,0.005492,0.826,2.285,-2.285,2.285,0.0,True,0.001
POSCAR_Co2N6_1_z950,Co2N6_1_z950,Co2N6_1,False,z950,conventional_AFM_inversion,inversion|mirror/rotoinv,2,4,C2/c,conventional_AFM_inversion,True,3,15.88,95,0.006442,0.849,2.003,-2.003,2.003,0.0,True,0.0
POSCAR_Co2O2_1,Co2O2_1,Co2O2_1,True,none,ALTERMAGNET,mirror/rotoinv|rotation,6,12,P6_3mc,ALTERMAGNET,True,3,186.206,1436,0.463,0.897,2.623,-2.623,2.623,0.0,True,0.0
POSCAR_Co2O2_1_st025,Co2O2_1_st025,Co2O2_1,False,st025,ALTERMAGNET,mirror/rotoinv|rotation,6,12,P6_3mc,ALTERMAGNET,True,3,186.206,1436,0.431608,0.858,2.651,-2.651,2.651,0.0,True,0.0
POSCAR_Co2O2_1_st050,Co2O2_1_st050,Co2O2_1,False,st050,ALTERMAGNET,mirror/rotoinv|rotation,6,12,P6_3mc,ALTERMAGNET,True,3,186.206,1436,0.400922,0.815,2.674,-2.674,2.674,0.0,True,0.0
POSCAR_Co2O2_1_st950,Co2O2_1_st950,Co2O2_1,False,st950,ALTERMAGNET,mirror/rotoinv|rotation,6,12,P6_3mc,ALTERMAGNET,True,3,186.206,1436,0.32049,1.044,2.537,-2.537,2.537,0.0,True,0.0
POSCAR_Co2O2_1_st975,Co2O2_1_st975,Co2O2_1,False,st975,ALTERMAGNET,mirror/rotoinv|rotation,6,12,P6_3mc,ALTERMAGNET,True,3,186.206,1436,0.427409,0.968,2.585,-2.585,2.585,0.0,True,0.0
POSCAR_Co2O2_1_x025,Co2O2_1_x025,Co2O2_1,False,x025,ALTERMAGNET,mirror/rotoinv|rotation,2,4,Cmc2_1,ALTERMAGNET,True,3,186.206,1436,0.414121,0.85,2.631,-2.631,2.631,0.0,True,0.0
POSCAR_Co2O2_1_x050,Co2O2_1_x050,Co2O2_1,False,x050,ALTERMAGNET,rotation,1,2,P2_1,ALTERMAGNET,True,3,186.206,1436,0.408983,1.14,2.637,-2.637,2.637,0.0,True,0.0
POSCAR_Co2O2_1_x950,Co2O2_1_x950,Co2O2_1,False,x950,ALTERMAGNET,rotation,1,2,P2_1,ALTERMAGNET,True,3,186.206,1436,0.377742,1.144,2.601,-2.601,2.601,0.0,True,0.0
POSCAR_Co2O2_1_x975,Co2O2_1_x975,Co2O2_1,False,x975,ALTERMAGNET,mirror/rotoinv|rotation,2,4,Cmc2_1,ALTERMAGNET,True,3,186.206,1436,0.413531,0.929,2.613,-2.613,2.613,0.0,True,0.0
POSCAR_Co2O2_1_y025,Co2O2_1_y025,Co2O2_1,False,y025,ALTERMAGNET,mirror/rotoinv|rotation,2,4,Cmc2_1,ALTERMAGNET,True,3,186.206,1436,0.414639,0.854,2.631,-2.631,2.631,0.0,True,0.0
POSCAR_Co2O2_1_y050,Co2O2_1_y050,Co2O2_1,False,y050,ALTERMAGNET,rotation,1,2,P2_1,ALTERMAGNET,True,3,186.206,1436,0.408888,1.097,2.637,-2.637,2.637,0.0,True,0.0
POSCAR_Co2O2_1_y950,Co2O2_1_y950,Co2O2_1,False,y950,ALTERMAGNET,rotation,1,2,P2_1,ALTERMAGNET,True,3,186.206,1436,0.377421,1.193,2.601,-2.601,2.601,0.0,True,0.0
POSCAR_Co2O2_1_y975,Co2O2_1_y975,Co2O2_1,False,y975,ALTERMAGNET,mirror/rotoinv|rotation,2,4,Cmc2_1,ALTERMAGNET,True,3,186.206,1436,0.412977,0.932,2.613,-2.613,2.613,0.0,True,0.0
POSCAR_Co2O2_1_z025,Co2O2_1_z025,Co2O2_1,False,z025,ALTERMAGNET,mirror/rotoinv|rotation,6,12,P6_3mc,ALTERMAGNET,True,3,186.206,1436,0.430693,0.917,2.636,-2.636,2.636,0.0,True,0.0
POSCAR_Co2O2_1_z050,Co2O2_1_z050,Co2O2_1,False,z050,ALTERMAGNET,mirror/rotoinv|rotation,6,12,P6_3mc,ALTERMAGNET,True,3,186.206,1436,0.452675,0.948,2.647,-2.647,2.647,0.0,True,0.0
POSCAR_Co2O2_1_z950,Co2O2_1_z950,Co2O2_1,False,z950,ALTERMAGNET,mirror/rotoinv|rotation,6,12,P6_3mc,ALTERMAGNET,True,3,186.206,1436,0.373011,0.922,2.587,-2.587,2.587,0.0,True,0.0
POSCAR_Co2O2_1_z975,Co2O2_1_z975,Co2O2_1,False,z975,ALTERMAGNET,mirror/rotoinv|rotation,6,12,P6_3mc,ALTERMAGNET,True,3,186.206,1436,0.382229,0.914,2.606,-2.606,2.606,0.0,True,0.0
POSCAR_Co2P2_4,Co2P2_4,Co2P2_4,True,none,ALTERMAGNET,mirror/rotoinv|rotation,6,12,P6_3mc,ALTERMAGNET,True,3,186.206,1436,0.153976,0.859,0.347,-0.347,0.347,0.0,True,0.0
POSCAR_Co2P2_4_st025,Co2P2_4_st025,Co2P2_4,False,st025,ALTERMAGNET,mirror/rotoinv|rotation,6,12,P6_3mc,ALTERMAGNET,True,3,186.206,1436,0.296743,1.063,0.897,-0.898,0.897,0.0010000000000000009,True,0.001
POSCAR_Co2P2_4_st975,Co2P2_4_st975,Co2P2_4,False,st975,ALTERMAGNET,mirror/rotoinv|rotation,6,12,P6_3mc,ALTERMAGNET,True,3,186.206,1436,0.060743,1.028,0.104,-0.1,0.104,0.00399999999999999,True,0.003
POSCAR_Co2P2_4_x025,Co2P2_4_x025,Co2P2_4,False,x025,ALTERMAGNET,mirror/rotoinv|rotation,2,4,Cmc2_1,ALTERMAGNET,True,3,186.206,1436,0.182046,0.871,0.405,-0.405,0.405,0.0,True,0.0
POSCAR_Co2P2_4_x050,Co2P2_4_x050,Co2P2_4,False,x050,ALTERMAGNET,rotation,1,2,P2_1,ALTERMAGNET,True,3,186.206,1436,0.22938,0.683,0.5,-0.5,0.5,0.0,True,0.0
POSCAR_Co2P2_4_x975,Co2P2_4_x975,Co2P2_4,False,x975,ALTERMAGNET,mirror/rotoinv|rotation,2,4,Cmc2_1,ALTERMAGNET,True,3,186.206,1436,0.178526,0.945,0.303,-0.303,0.303,0.0,True,0.0
POSCAR_Co2P2_4_y025,Co2P2_4_y025,Co2P2_4,False,y025,ALTERMAGNET,mirror/rotoinv|rotation,2,4,Cmc2_1,ALTERMAGNET,True,3,186.206,1436,0.184049,0.899,0.405,-0.405,0.405,0.0,True,0.001
POSCAR_Co2P2_4_y050,Co2P2_4_y050,Co2P2_4,False,y050,ALTERMAGNET,rotation,1,2,P2_1,ALTERMAGNET,True,3,186.206,1436,0.230508,0.746,0.5,-0.5,0.5,0.0,True,0.0
POSCAR_Co2P2_4_y950,Co2P2_4_y950,Co2P2_4,False,y950,ALTERMAGNET,rotation,1,2,P2_1,ALTERMAGNET,True,3,186.206,1436,0.1811,0.925,0.245,-0.244,0.245,0.0010000000000000009,True,0.001
POSCAR_Co2P2_4_y975,Co2P2_4_y975,Co2P2_4,False,y975,ALTERMAGNET,mirror/rotoinv|rotation,2,4,Cmc2_1,ALTERMAGNET,True,3,186.206,1436,0.176419,1.071,0.304,-0.303,0.304,0.0010000000000000009,True,0.0
POSCAR_Co2P2_4_z050,Co2P2_4_z050,Co2P2_4,False,z050,ALTERMAGNET,mirror/rotoinv|rotation,6,12,P6_3mc,ALTERMAGNET,True,3,186.206,1436,0.281652,0.891,1.027,-1.03,1.027,0.0030000000000001137,True,0.002
POSCAR_Co2P2_4_z975,Co2P2_4_z975,Co2P2_4,False,z975,ALTERMAGNET,mirror/rotoinv|rotation,6,12,P6_3mc,ALTERMAGNET,True,3,186.206,1436,0.151389,0.796,0.266,-0.265,0.266,0.0010000000000000009,True,0.0
POSCAR_Co2Pb2_4,Co2Pb2_4,Co2Pb2_4,True,none,conventional_AFM_translation,inversion|mirror/rotoinv|rotation|translation,4,8,C2/m,conventional_AFM_translation,True,4,12.63,70,0.01135,2.344,1.987,-1.986,1.987,0.001000000000000112,True,0.0
POSCAR_Co2Pb2_4_st975,Co2Pb2_4_st975,Co2Pb2_4,False,st975,conventional_AFM_translation,inversion|mirror/rotoinv|rotation|translation,4,8,C2/m,conventional_AFM_translation,True,4,12.63,70,0.019632,1.301,1.886,-1.885,1.886,0.0009999999999998899,True,0.001
POSCAR_Co2Pb2_4_x950,Co2Pb2_4_x950,Co2Pb2_4,False,x950,conventional_AFM_translation,inversion|translation,2,4,P-1,conventional_AFM_translation,True,4,12.63,70,0.019873,1.395,1.901,-1.9,1.901,0.001000000000000112,True,0.002
POSCAR_Co2Pb2_4_y950,Co2Pb2_4_y950,Co2Pb2_4,False,y950,conventional_AFM_translation,inversion|translation,2,4,P-1,conventional_AFM_translation,True,4,12.63,70,0.006202,1.044,1.89,-1.89,1.89,0.0,True,0.0
POSCAR_Co2Pb2_4_y975,Co2Pb2_4_y975,Co2Pb2_4,False,y975,conventional_AFM_translation,inversion|translation,2,4,P-1,conventional_AFM_translation,True,4,12.63,70,0.00553,1.016,1.92,-1.92,1.92,0.0,True,0.0
POSCAR_Co2Pb2_4_z025,Co2Pb2_4_z025,Co2Pb2_4,False,z025,conventional_AFM_translation,inversion|translation,2,4,P-1,conventional_AFM_translation,True,4,12.63,70,0.041393,8.429,1.965,-1.966,1.965,0.0009999999999998899,True,0.004
POSCAR_Co2Pb2_4_z950,Co2Pb2_4_z950,Co2Pb2_4,False,z950,conventional_AFM_translation,inversion|mirror/rotoinv|rotation|translation,4,8,C2/m,conventional_AFM_translation,True,4,12.63,70,0.033744,4.83,1.909,-1.908,1.909,0.001000000000000112,True,0.002
POSCAR_Co2Pb3_1_st025,Co2Pb3_1_st025,Co2Pb3_1,False,st025,conventional_AFM_inversion,inversion|rotation,2,4,C2/m,conventional_AFM_inversion,True,3,12.60,67,0.016076,2.7,2.003,-2.002,2.003,0.001000000000000334,True,0.001
POSCAR_Co2Pb3_1_st050,Co2Pb3_1_st050,Co2Pb3_1,False,st050,conventional_AFM_inversion,inversion|rotation,2,4,C2/m,conventional_AFM_inversion,True,3,12.60,67,0.014646,2.684,2.03,-2.03,2.03,0.0,True,0.0
POSCAR_Co2Pb3_1_st975,Co2Pb3_1_st975,Co2Pb3_1,False,st975,conventional_AFM_inversion,inversion|rotation,2,4,C2/m,conventional_AFM_inversion,True,3,12.60,67,0.016771,1.624,1.915,-1.915,1.915,0.0,True,0.0
POSCAR_Co2Pb3_1_x025,Co2Pb3_1_x025,Co2Pb3_1,False,x025,conventional_AFM_inversion,inversion,1,2,P-1,conventional_AFM_inversion,True,3,12.60,67,0.01703,1.857,1.981,-1.981,1.981,0.0,True,0.001
POSCAR_Co2Pb3_1_x050,Co2Pb3_1_x050,Co2Pb3_1,False,x050,conventional_AFM_inversion,inversion,1,2,P-1,conventional_AFM_inversion,True,3,12.60,67,0.01707,1.695,1.994,-1.994,1.994,0.0,True,0.001
POSCAR_Co2Pb3_1_x950,Co2Pb3_1_x950,Co2Pb3_1,False,x950,conventional_AFM_inversion,inversion,1,2,P-1,conventional_AFM_inversion,True,3,12.60,67,0.018434,2.308,1.927,-1.928,1.927,0.0009999999999998899,True,0.003
POSCAR_Co2Pb3_1_x975,Co2Pb3_1_x975,Co2Pb3_1,False,x975,conventional_AFM_inversion,inversion,1,2,P-1,conventional_AFM_inversion,True,3,12.60,67,0.017512,2.032,1.949,-1.948,1.949,0.001000000000000112,True,0.0
POSCAR_Co2Pb3_1_y025,Co2Pb3_1_y025,Co2Pb3_1,False,y025,conventional_AFM_inversion,inversion|rotation,2,4,C2/m,conventional_AFM_inversion,True,3,12.60,67,0.015126,2.492,1.982,-1.981,1.982,0.0009999999999998899,True,0.001
POSCAR_Co2Pb3_1_y050,Co2Pb3_1_y050,Co2Pb3_1,False,y050,conventional_AFM_inversion,inversion|rotation,2,4,C2/m,conventional_AFM_inversion,True,3,12.60,67,0.014692,2.557,1.995,-1.995,1.995,0.0,True,0.0
POSCAR_Co2Pb3_1_y950,Co2Pb3_1_y950,Co2Pb3_1,False,y950,conventional_AFM_inversion,inversion|rotation,2,4,C2/m,conventional_AFM_inversion,True,3,12.60,67,0.01557,1.575,1.924,-1.924,1.924,0.0,True,0.0
POSCAR_Co2Pb3_1_y975,Co2Pb3_1_y975,Co2Pb3_1,False,y975,conventional_AFM_inversion,inversion|rotation,2,4,C2/m,conventional_AFM_inversion,True,3,12.60,67,0.016964,1.514,1.947,-1.946,1.947,0.001000000000000112,True,0.001
POSCAR_Co2Pb3_1_z025,Co2Pb3_1_z025,Co2Pb3_1,False,z025,conventional_AFM_inversion,inversion,1,2,P-1,conventional_AFM_inversion,True,3,12.60,67,0.015694,2.518,1.977,-1.976,1.977,0.001000000000000112,True,0.003
POSCAR_Co2Pb3_1_z050,Co2Pb3_1_z050,Co2Pb3_1,False,z050,conventional_AFM_inversion,inversion,1,2,P-1,conventional_AFM_inversion,True,3,12.60,67,0.015914,2.994,1.988,-1.986,1.988,0.0020000000000000018,True,0.003
POSCAR_Co2Pb3_1_z950,Co2Pb3_1_z950,Co2Pb3_1,False,z950,conventional_AFM_inversion,inversion,1,2,P-1,conventional_AFM_inversion,True,3,12.60,67,0.016432,2.313,1.942,-1.94,1.942,0.0020000000000000018,True,0.003
POSCAR_Co2Pb3_1_z975,Co2Pb3_1_z975,Co2Pb3_1,False,z975,conventional_AFM_inversion,inversion,1,2,P-1,conventional_AFM_inversion,True,3,12.60,67,0.017723,2.12,1.954,-1.956,1.954,0.0020000000000000018,True,0.003
POSCAR_Co2S2_1,Co2S2_1,Co2S2_1,True,none,ALTERMAGNET,mirror/rotoinv|rotation,12,24,P6_3/mmc,ALTERMAGNET,True,3,194.269,1499,0.684412,2.143,1.489,-1.487,1.489,0.0020000000000000018,True,0.001
POSCAR_Co2S2_1_st025,Co2S2_1_st025,Co2S2_1,False,st025,ALTERMAGNET,mirror/rotoinv|rotation,12,24,P6_3/mmc,ALTERMAGNET,True,3,194.269,1499,1.089573,1.305,2.313,-2.312,2.313,0.001000000000000334,True,0.0
POSCAR_Co2S2_1_st050,Co2S2_1_st050,Co2S2_1,False,st050,ALTERMAGNET,mirror/rotoinv|rotation,12,24,P6_3/mmc,ALTERMAGNET,True,3,194.269,1499,1.116118,1.087,2.39,-2.39,2.39,0.0,True,0.0
POSCAR_Co2S2_1_st950,Co2S2_1_st950,Co2S2_1,False,st950,ALTERMAGNET,mirror/rotoinv|rotation,12,24,P6_3/mmc,ALTERMAGNET,True,3,194.269,1499,0.369147,2.387,0.506,-0.507,0.506,0.0010000000000000009,True,0.002
POSCAR_Co2S2_1_y050,Co2S2_1_y050,Co2S2_1,False,y050,ALTERMAGNET,mirror/rotoinv|rotation,2,4,P2_1/m,ALTERMAGNET,True,3,194.269,1499,1.030444,5.428,2.263,-2.263,2.263,0.0,True,0.0
POSCAR_Co2S2_1_z050,Co2S2_1_z050,Co2S2_1,False,z050,ALTERMAGNET,mirror/rotoinv|rotation,12,24,P6_3/mmc,ALTERMAGNET,True,3,194.269,1499,1.11311,1.176,2.293,-2.293,2.293,0.0,True,0.0
POSCAR_Co2S2_1_z975,Co2S2_1_z975,Co2S2_1,False,z975,ALTERMAGNET,mirror/rotoinv|rotation,12,24,P6_3/mmc,ALTERMAGNET,True,3,194.269,1499,0.501541,3.556,1.221,-1.221,1.221,0.0,True,0.001
POSCAR_Co2Sb3_1,Co2Sb3_1,Co2Sb3_1,True,none,conventional_AFM_inversion,inversion|mirror/rotoinv|rotation,6,12,P-3m1,conventional_AFM_inversion,True,3,164.87,1317,0.012945,3.621,1.561,-1.56,1.561,0.0009999999999998899,True,0.0
POSCAR_Co2Sb3_1_st025,Co2Sb3_1_st025,Co2Sb3_1,False,st025,conventional_AFM_inversion,inversion|mirror/rotoinv|rotation,6,12,P-3m1,conventional_AFM_inversion,True,3,164.87,1317,0.012175,3.995,1.688,-1.69,1.688,0.0020000000000000018,True,0.003
POSCAR_Co2Sb3_1_st050,Co2Sb3_1_st050,Co2Sb3_1,False,st050,conventional_AFM_inversion,inversion|mirror/rotoinv|rotation,6,12,P-3m1,conventional_AFM_inversion,True,3,164.87,1317,0.012119,3.484,1.78,-1.781,1.78,0.0009999999999998899,True,0.001
POSCAR_Co2Sb3_1_st950,Co2Sb3_1_st950,Co2Sb3_1,False,st950,conventional_AFM_inversion,inversion|mirror/rotoinv|rotation,6,12,P-3m1,conventional_AFM_inversion,True,3,164.87,1317,0.011287,3.521,1.086,-1.086,1.086,0.0,True,0.0
POSCAR_Co2Sb3_1_x025,Co2Sb3_1_x025,Co2Sb3_1,False,x025,conventional_AFM_inversion,inversion|rotation,2,4,C2/m,conventional_AFM_inversion,True,3,164.87,1317,0.007706,2.544,1.615,-1.614,1.615,0.0009999999999998899,True,0.001
POSCAR_Co2Sb3_1_x050,Co2Sb3_1_x050,Co2Sb3_1,False,x050,conventional_AFM_inversion,inversion,1,2,P-1,conventional_AFM_inversion,True,3,164.87,1317,0.008392,2.498,1.66,-1.66,1.66,0.0,True,0.0
POSCAR_Co2Sb3_1_x950,Co2Sb3_1_x950,Co2Sb3_1,False,x950,conventional_AFM_inversion,inversion,1,2,P-1,conventional_AFM_inversion,True,3,164.87,1317,0.008238,2.598,1.425,-1.426,1.425,0.0009999999999998899,True,0.002
POSCAR_Co2Sb3_1_x975,Co2Sb3_1_x975,Co2Sb3_1,False,x975,conventional_AFM_inversion,inversion|rotation,2,4,C2/m,conventional_AFM_inversion,True,3,164.87,1317,0.009078,2.257,1.499,-1.499,1.499,0.0,True,0.0
POSCAR_Co2Sb3_1_y025,Co2Sb3_1_y025,Co2Sb3_1,False,y025,conventional_AFM_inversion,inversion|rotation,2,4,C2/m,conventional_AFM_inversion,True,3,164.87,1317,0.008434,2.294,1.614,-1.613,1.614,0.001000000000000112,True,0.001
POSCAR_Co2Sb3_1_y050,Co2Sb3_1_y050,Co2Sb3_1,False,y050,conventional_AFM_inversion,inversion,1,2,P-1,conventional_AFM_inversion,True,3,164.87,1317,0.008489,2.643,1.659,-1.659,1.659,0.0,True,0.0
POSCAR_Co2Sb3_1_y950,Co2Sb3_1_y950,Co2Sb3_1,False,y950,conventional_AFM_inversion,inversion,1,2,P-1,conventional_AFM_inversion,True,3,164.87,1317,0.007248,2.353,1.427,-1.427,1.427,0.0,True,0.001
POSCAR_Co2Sb3_1_y975,Co2Sb3_1_y975,Co2Sb3_1,False,y975,conventional_AFM_inversion,inversion|rotation,2,4,C2/m,conventional_AFM_inversion,True,3,164.87,1317,0.008295,2.521,1.5,-1.499,1.5,0.0009999999999998899,True,0.0
POSCAR_Co2Sb3_1_z025,Co2Sb3_1_z025,Co2Sb3_1,False,z025,conventional_AFM_inversion,inversion|mirror/rotoinv|rotation,6,12,P-3m1,conventional_AFM_inversion,True,3,164.87,1317,0.00843,3.191,1.595,-1.593,1.595,0.0020000000000000018,True,0.003
POSCAR_Co2Sb3_1_z050,Co2Sb3_1_z050,Co2Sb3_1,False,z050,conventional_AFM_inversion,inversion|mirror/rotoinv|rotation,6,12,P-3m1,conventional_AFM_inversion,True,3,164.87,1317,0.01023,3.297,1.62,-1.619,1.62,0.001000000000000112,True,0.001
POSCAR_Co2Sb3_1_z950,Co2Sb3_1_z950,Co2Sb3_1,False,z950,conventional_AFM_inversion,inversion|mirror/rotoinv|rotation,6,12,P-3m1,conventional_AFM_inversion,True,3,164.87,1317,0.008606,3.408,1.476,-1.475,1.476,0.0009999999999998899,True,0.002
POSCAR_Co2Sb3_1_z975,Co2Sb3_1_z975,Co2Sb3_1,False,z975,conventional_AFM_inversion,inversion|mirror/rotoinv|rotation,6,12,P-3m1,conventional_AFM_inversion,True,3,164.87,1317,0.00909,3.603,1.523,-1.523,1.523,0.0,True,0.0
POSCAR_Co2Se2_3,Co2Se2_3,Co2Se2_3,True,none,ALTERMAGNET,mirror/rotoinv|rotation,6,12,P6_3mc,ALTERMAGNET,True,3,186.206,1436,0.223805,1.271,2.49,-2.49,2.49,0.0,True,0.0
POSCAR_Co2Se2_3_st025,Co2Se2_3_st025,Co2Se2_3,False,st025,ALTERMAGNET,mirror/rotoinv|rotation,6,12,P6_3mc,ALTERMAGNET,True,3,186.206,1436,0.300606,1.06,2.538,-2.538,2.538,0.0,True,0.0
POSCAR_Co2Se2_3_st050,Co2Se2_3_st050,Co2Se2_3,False,st050,ALTERMAGNET,mirror/rotoinv|rotation,6,12,P6_3mc,ALTERMAGNET,True,3,186.206,1436,0.284051,0.987,2.574,-2.574,2.574,0.0,True,0.0
POSCAR_Co2Se2_3_st950,Co2Se2_3_st950,Co2Se2_3,False,st950,ALTERMAGNET,mirror/rotoinv|rotation,6,12,P6_3mc,ALTERMAGNET,True,3,186.206,1436,0.263571,1.55,2.344,-2.344,2.344,0.0,True,0.0
POSCAR_Co2Se2_3_st975,Co2Se2_3_st975,Co2Se2_3,False,st975,ALTERMAGNET,mirror/rotoinv|rotation,6,12,P6_3mc,ALTERMAGNET,True,3,186.206,1436,0.274884,1.433,2.428,-2.428,2.428,0.0,True,0.0
POSCAR_Co2Se2_3_x025,Co2Se2_3_x025,Co2Se2_3,False,x025,ALTERMAGNET,rotation,1,2,P2_1,ALTERMAGNET,True,3,186.206,1436,0.400636,1.119,2.502,-2.503,2.502,0.001000000000000334,True,0.0
POSCAR_Co2Se2_3_x050,Co2Se2_3_x050,Co2Se2_3,False,x050,ALTERMAGNET,rotation,1,2,P2_1,ALTERMAGNET,True,3,186.206,1436,0.36939,1.129,2.512,-2.513,2.512,0.0009999999999998899,True,0.0
POSCAR_Co2Se2_3_x950,Co2Se2_3_x950,Co2Se2_3,False,x950,ALTERMAGNET,rotation,1,2,P2_1,ALTERMAGNET,True,3,186.206,1436,0.269651,1.218,2.458,-2.458,2.458,0.0,True,0.0
POSCAR_Co2Se2_3_x975,Co2Se2_3_x975,Co2Se2_3,False,x975,ALTERMAGNET,mirror/rotoinv|rotation,2,4,Cmc2_1,ALTERMAGNET,True,3,186.206,1436,0.249915,1.115,2.475,-2.476,2.475,0.0009999999999998899,True,0.0
POSCAR_Co2Se2_3_y025,Co2Se2_3_y025,Co2Se2_3,False,y025,ALTERMAGNET,mirror/rotoinv|rotation,2,4,Cmc2_1,ALTERMAGNET,True,3,186.206,1436,0.400185,1.012,2.502,-2.503,2.502,0.001000000000000334,True,0.0
POSCAR_Co2Se2_3_y050,Co2Se2_3_y050,Co2Se2_3,False,y050,ALTERMAGNET,rotation,1,2,P2_1,ALTERMAGNET,True,3,186.206,1436,0.368886,1.047,2.512,-2.513,2.512,0.0009999999999998899,True,0.0
POSCAR_Co2Se2_3_y950,Co2Se2_3_y950,Co2Se2_3,False,y950,ALTERMAGNET,rotation,1,2,P2_1,ALTERMAGNET,True,3,186.206,1436,0.269626,1.392,2.458,-2.458,2.458,0.0,True,0.0
POSCAR_Co2Se2_3_y975,Co2Se2_3_y975,Co2Se2_3,False,y975,ALTERMAGNET,rotation,1,2,P2_1,ALTERMAGNET,True,3,186.206,1436,0.24916,1.212,2.475,-2.476,2.475,0.0009999999999998899,True,0.0
POSCAR_Co2Se2_3_z025,Co2Se2_3_z025,Co2Se2_3,False,z025,ALTERMAGNET,mirror/rotoinv|rotation,6,12,P6_3mc,ALTERMAGNET,True,3,186.206,1436,0.229524,1.235,2.515,-2.515,2.515,0.0,True,0.0
POSCAR_Co2Se2_3_z050,Co2Se2_3_z050,Co2Se2_3,False,z050,ALTERMAGNET,mirror/rotoinv|rotation,6,12,P6_3mc,ALTERMAGNET,True,3,186.206,1436,0.239366,1.175,2.536,-2.536,2.536,0.0,True,0.0
POSCAR_Co2Se2_3_z950,Co2Se2_3_z950,Co2Se2_3,False,z950,ALTERMAGNET,mirror/rotoinv|rotation,6,12,P6_3mc,ALTERMAGNET,True,3,186.206,1436,0.239172,1.324,2.423,-2.424,2.423,0.0009999999999998899,True,0.0
POSCAR_Co2Se2_3_z975,Co2Se2_3_z975,Co2Se2_3,False,z975,ALTERMAGNET,mirror/rotoinv|rotation,6,12,P6_3mc,ALTERMAGNET,True,3,186.206,1436,0.450301,1.321,2.46,-2.46,2.46,0.0,True,0.0
POSCAR_Co2Se4_1,Co2Se4_1,Co2Se4_1,True,none,ALTERMAGNET,mirror/rotoinv|rotation,4,8,Pnnm,ALTERMAGNET,True,3,58.397,495,0.702257,0.784,1.387,-1.389,1.387,0.0020000000000000018,True,0.003
POSCAR_Co2Se4_1_st025,Co2Se4_1_st025,Co2Se4_1,False,st025,ALTERMAGNET,mirror/rotoinv|rotation,4,8,Pnnm,ALTERMAGNET,True,3,58.397,495,0.618155,0.187,1.568,-1.569,1.568,0.0009999999999998899,True,0.0
POSCAR_Co2Se4_1_st050,Co2Se4_1_st050,Co2Se4_1,False,st050,ALTERMAGNET,mirror/rotoinv|rotation,4,8,Pnnm,ALTERMAGNET,True,3,58.397,495,0.572476,0.517,2.309,-2.309,2.309,0.0,True,0.001
POSCAR_Co2Se4_1_st975,Co2Se4_1_st975,Co2Se4_1,False,st975,ALTERMAGNET,mirror/rotoinv|rotation,4,8,Pnnm,ALTERMAGNET,True,3,58.397,495,0.694908,0.172,1.197,-1.197,1.197,0.0,True,0.0
POSCAR_Co2Se4_1_x025,Co2Se4_1_x025,Co2Se4_1,False,x025,ALTERMAGNET,mirror/rotoinv|rotation,4,8,Pnnm,ALTERMAGNET,True,3,58.397,495,0.72024,0.393,1.432,-1.433,1.432,0.001000000000000112,True,0.002
POSCAR_Co2Se4_1_x050,Co2Se4_1_x050,Co2Se4_1,False,x050,ALTERMAGNET,mirror/rotoinv|rotation,4,8,Pnnm,ALTERMAGNET,True,3,58.397,495,0.725259,0.299,1.47,-1.471,1.47,0.001000000000000112,True,0.001
POSCAR_Co2Se4_1_x950,Co2Se4_1_x950,Co2Se4_1,False,x950,ALTERMAGNET,mirror/rotoinv|rotation,4,8,Pnnm,ALTERMAGNET,True,3,58.397,495,0.6371,0.203,1.276,-1.277,1.276,0.0009999999999998899,True,0.0
POSCAR_Co2Se4_1_x975,Co2Se4_1_x975,Co2Se4_1,False,x975,ALTERMAGNET,mirror/rotoinv|rotation,4,8,Pnnm,ALTERMAGNET,True,3,58.397,495,0.672355,0.177,1.337,-1.337,1.337,0.0,True,0.0
POSCAR_Co2Se4_1_y025,Co2Se4_1_y025,Co2Se4_1,False,y025,ALTERMAGNET,mirror/rotoinv|rotation,4,8,Pnnm,ALTERMAGNET,True,3,58.397,495,0.713265,0.257,1.438,-1.438,1.438,0.0,True,0.001
POSCAR_Co2Se4_1_y050,Co2Se4_1_y050,Co2Se4_1,False,y050,ALTERMAGNET,mirror/rotoinv|rotation,4,8,Pnnm,ALTERMAGNET,True,3,58.397,495,0.68114,0.215,1.492,-1.492,1.492,0.0,True,0.0
POSCAR_Co2Se4_1_y950,Co2Se4_1_y950,Co2Se4_1,False,y950,ALTERMAGNET,mirror/rotoinv|rotation,4,8,Pnnm,ALTERMAGNET,True,3,58.397,495,0.66554,0.252,1.284,-1.285,1.284,0.0009999999999998899,True,0.001
POSCAR_Co2Se4_1_y975,Co2Se4_1_y975,Co2Se4_1,False,y975,ALTERMAGNET,mirror/rotoinv|rotation,4,8,Pnnm,ALTERMAGNET,True,3,58.397,495,0.682238,0.37,1.335,-1.336,1.335,0.001000000000000112,True,0.001
POSCAR_Co2Se4_1_z025,Co2Se4_1_z025,Co2Se4_1,False,z025,ALTERMAGNET,mirror/rotoinv|rotation,4,8,Pnnm,ALTERMAGNET,True,3,58.397,495,0.634598,0.17,1.468,-1.468,1.468,0.0,True,0.0
POSCAR_Co2Se4_1_z050,Co2Se4_1_z050,Co2Se4_1,False,z050,ALTERMAGNET,mirror/rotoinv|rotation,4,8,Pnnm,ALTERMAGNET,True,3,58.397,495,0.558679,0.18,1.537,-1.537,1.537,0.0,True,0.0
POSCAR_Co2Se4_1_z950,Co2Se4_1_z950,Co2Se4_1,False,z950,ALTERMAGNET,mirror/rotoinv|rotation,4,8,Pnnm,ALTERMAGNET,True,3,58.397,495,0.774911,0.618,1.211,-1.214,1.211,0.0029999999999998916,True,0.003
POSCAR_Co2Se4_1_z975,Co2Se4_1_z975,Co2Se4_1,False,z975,ALTERMAGNET,mirror/rotoinv|rotation,4,8,Pnnm,ALTERMAGNET,True,3,58.397,495,0.742814,0.21,1.301,-1.301,1.301,0.0,True,0.0
POSCAR_Co2Sn4_2,Co2Sn4_2,Co2Sn4_2,True,none,ALTERMAGNET,mirror/rotoinv|rotation,8,16,P4_2/mnm,ALTERMAGNET,True,3,136.498,1158,0.312815,0.34,0.844,-0.843,0.844,0.0010000000000000009,True,0.001
POSCAR_Co2Sn4_2_st050,Co2Sn4_2_st050,Co2Sn4_2,False,st050,ALTERMAGNET,mirror/rotoinv|rotation,8,16,P4_2/mnm,ALTERMAGNET,True,3,136.498,1158,0.376827,3.462,1.272,-1.274,1.272,0.0020000000000000018,True,0.003
POSCAR_Co2Sn4_2_x025,Co2Sn4_2_x025,Co2Sn4_2,False,x025,ALTERMAGNET,mirror/rotoinv|rotation,8,16,P4_2/mnm,ALTERMAGNET,True,3,136.498,1158,0.271046,0.138,0.347,-0.346,0.347,0.0010000000000000009,True,0.001
POSCAR_Co2Sn4_2_x050,Co2Sn4_2_x050,Co2Sn4_2,False,x050,ALTERMAGNET,mirror/rotoinv|rotation,8,16,P4_2/mnm,ALTERMAGNET,True,3,136.498,1158,0.008153,0.039,0.003,-0.003,0.003,0.0,True,0.0
POSCAR_Co2Sn4_2_x950,Co2Sn4_2_x950,Co2Sn4_2,False,x950,ALTERMAGNET,mirror/rotoinv|rotation,8,16,P4_2/mnm,ALTERMAGNET,True,3,136.498,1158,0.188268,0.117,0.232,-0.233,0.232,0.0010000000000000009,True,0.001
POSCAR_Co2Sn4_2_x975,Co2Sn4_2_x975,Co2Sn4_2,False,x975,ALTERMAGNET,mirror/rotoinv|rotation,8,16,P4_2/mnm,ALTERMAGNET,True,3,136.498,1158,0.196925,0.885,0.27,-0.269,0.27,0.0010000000000000009,True,0.001
POSCAR_Co2Sn4_2_z975,Co2Sn4_2_z975,Co2Sn4_2,False,z975,ALTERMAGNET,mirror/rotoinv|rotation,4,8,Pnnm,ALTERMAGNET,True,3,136.498,1158,0.00659,0.493,0.002,0.002,0.002,0.0,False,0.003
POSCAR_Co2Tl3_1,Co2Tl3_1,Co2Tl3_1,True,none,conventional_AFM_inversion,inversion|mirror/rotoinv|rotation,4,8,Cmmm,conventional_AFM_inversion,True,3,65.483,581,0.013263,1.526,1.962,-1.961,1.962,0.0009999999999998899,True,0.003
POSCAR_Co2Tl3_1_st025,Co2Tl3_1_st025,Co2Tl3_1,False,st025,conventional_AFM_inversion,inversion|mirror/rotoinv|rotation,4,8,Cmmm,conventional_AFM_inversion,True,3,65.483,581,0.011903,1.467,1.997,-1.996,1.997,0.001000000000000112,True,0.003
POSCAR_Co2Tl3_1_st050,Co2Tl3_1_st050,Co2Tl3_1,False,st050,conventional_AFM_inversion,inversion|mirror/rotoinv|rotation,4,8,Cmmm,conventional_AFM_inversion,True,3,65.483,581,0.012161,1.34,2.023,-2.023,2.023,0.0,True,0.0
POSCAR_Co2Tl3_1_st950,Co2Tl3_1_st950,Co2Tl3_1,False,st950,conventional_AFM_inversion,inversion|mirror/rotoinv|rotation,4,8,Cmmm,conventional_AFM_inversion,True,3,65.483,581,0.01392,1.338,1.818,-1.819,1.818,0.0009999999999998899,True,0.001
POSCAR_Co2Tl3_1_st975,Co2Tl3_1_st975,Co2Tl3_1,False,st975,conventional_AFM_inversion,inversion|mirror/rotoinv|rotation,4,8,Cmmm,conventional_AFM_inversion,True,3,65.483,581,0.013037,1.588,1.91,-1.908,1.91,0.0020000000000000018,True,0.003
POSCAR_Co2Tl3_1_x025,Co2Tl3_1_x025,Co2Tl3_1,False,x025,conventional_AFM_inversion,inversion|mirror/rotoinv|rotation,4,8,Cmmm,conventional_AFM_inversion,True,3,65.483,581,0.012936,1.343,1.972,-1.971,1.972,0.0009999999999998899,True,0.002
POSCAR_Co2Tl3_1_x050,Co2Tl3_1_x050,Co2Tl3_1,False,x050,conventional_AFM_inversion,inversion|mirror/rotoinv|rotation,4,8,Cmmm,conventional_AFM_inversion,True,3,65.483,581,0.012624,1.317,1.978,-1.978,1.978,0.0,True,0.0
POSCAR_Co2Tl3_1_x950,Co2Tl3_1_x950,Co2Tl3_1,False,x950,conventional_AFM_inversion,inversion|mirror/rotoinv|rotation,4,8,Cmmm,conventional_AFM_inversion,True,3,65.483,581,0.013478,1.457,1.937,-1.935,1.937,0.0020000000000000018,True,0.003
POSCAR_Co2Tl3_1_x975,Co2Tl3_1_x975,Co2Tl3_1,False,x975,conventional_AFM_inversion,inversion|mirror/rotoinv|rotation,4,8,Cmmm,conventional_AFM_inversion,True,3,65.483,581,0.01384,1.35,1.951,-1.951,1.951,0.0,True,0.0
POSCAR_Co2Tl3_1_y025,Co2Tl3_1_y025,Co2Tl3_1,False,y025,conventional_AFM_inversion,inversion|rotation,2,4,P2/m,conventional_AFM_inversion,True,3,65.483,581,0.012817,1.243,1.973,-1.973,1.973,0.0,True,0.0
POSCAR_Co2Tl3_1_y050,Co2Tl3_1_y050,Co2Tl3_1,False,y050,conventional_AFM_inversion,inversion|rotation,2,4,P2/m,conventional_AFM_inversion,True,3,65.483,581,0.012216,1.265,1.985,-1.984,1.985,0.001000000000000112,True,0.001
POSCAR_Co2Tl3_1_y950,Co2Tl3_1_y950,Co2Tl3_1,False,y950,conventional_AFM_inversion,inversion|rotation,2,4,P2/m,conventional_AFM_inversion,True,3,65.483,581,0.014423,1.245,1.93,-1.93,1.93,0.0,True,0.0
POSCAR_Co2Tl3_1_y975,Co2Tl3_1_y975,Co2Tl3_1,False,y975,conventional_AFM_inversion,inversion|rotation,2,4,P2/m,conventional_AFM_inversion,True,3,65.483,581,0.013847,1.544,1.949,-1.947,1.949,0.0020000000000000018,True,0.003
POSCAR_Co2Tl3_1_z025,Co2Tl3_1_z025,Co2Tl3_1,False,z025,conventional_AFM_inversion,inversion|rotation,2,4,P2/m,conventional_AFM_inversion,True,3,65.483,581,0.013558,1.352,1.98,-1.978,1.98,0.0020000000000000018,True,0.003
POSCAR_Co2Tl3_1_z050,Co2Tl3_1_z050,Co2Tl3_1,False,z050,conventional_AFM_inversion,inversion|rotation,2,4,P2/m,conventional_AFM_inversion,True,3,65.483,581,0.013408,1.223,1.993,-1.992,1.993,0.001000000000000112,True,0.001
POSCAR_Co2Tl3_1_z950,Co2Tl3_1_z950,Co2Tl3_1,False,z950,conventional_AFM_inversion,inversion|rotation,2,4,P2/m,conventional_AFM_inversion,True,3,65.483,581,0.012303,1.216,1.916,-1.916,1.916,0.0,True,0.001
POSCAR_Co2Tl3_1_z975,Co2Tl3_1_z975,Co2Tl3_1,False,z975,conventional_AFM_inversion,inversion|rotation,2,4,P2/m,conventional_AFM_inversion,True,3,65.483,581,0.012766,1.282,1.94,-1.939,1.94,0.0009999999999998899,True,0.002
POSCAR_Cr2F4_cluster1,Cr2F4_cluster1,Cr2F4_cluster1,True,none,ALTERMAGNET,mirror/rotoinv|rotation,2,4,P2_1/c,ALTERMAGNET,True,3,14.79,86,0.105181,1.941,3.793,-3.793,3.793,0.0,True,0.0
POSCAR_Cr2F4_cluster1_st025,Cr2F4_cluster1_st025,Cr2F4_cluster1,False,st025,ALTERMAGNET,mirror/rotoinv|rotation,2,4,P2_1/c,ALTERMAGNET,True,3,14.79,86,0.099398,1.962,3.801,-3.801,3.801,0.0,True,0.0
POSCAR_Cr2F4_cluster1_st050,Cr2F4_cluster1_st050,Cr2F4_cluster1,False,st050,ALTERMAGNET,mirror/rotoinv|rotation,2,4,P2_1/c,ALTERMAGNET,True,3,14.79,86,0.095028,1.903,3.809,-3.809,3.809,0.0,True,0.0
POSCAR_Cr2F4_cluster1_st950,Cr2F4_cluster1_st950,Cr2F4_cluster1,False,st950,ALTERMAGNET,mirror/rotoinv|rotation,2,4,P2_1/c,ALTERMAGNET,True,3,14.79,86,0.120983,1.973,3.772,-3.772,3.772,0.0,True,0.0
POSCAR_Cr2F4_cluster1_st975,Cr2F4_cluster1_st975,Cr2F4_cluster1,False,st975,ALTERMAGNET,mirror/rotoinv|rotation,2,4,P2_1/c,ALTERMAGNET,True,3,14.79,86,0.112398,1.999,3.784,-3.784,3.784,0.0,True,0.0
POSCAR_Cr2F4_cluster2,Cr2F4_cluster2,Cr2F4_cluster2,True,none,conventional_AFM_inversion,inversion|mirror/rotoinv|rotation,8,16,I4_1/amd,conventional_AFM_inversion,True,3,141.558,1218,0.01327,4.341,3.793,-3.792,3.795,0.001000000000000334,True,0.0
POSCAR_Cr2F4_cluster2_st025,Cr2F4_cluster2_st025,Cr2F4_cluster2,False,st025,conventional_AFM_inversion,inversion|mirror/rotoinv|rotation,8,16,I4_1/amd,conventional_AFM_inversion,True,3,141.558,1218,0.012463,4.036,3.801,-3.801,3.801,0.0,True,0.0
POSCAR_Cr2F4_cluster2_st050,Cr2F4_cluster2_st050,Cr2F4_cluster2,False,st050,conventional_AFM_inversion,inversion|mirror/rotoinv|rotation,8,16,I4_1/amd,conventional_AFM_inversion,True,3,141.558,1218,0.011722,3.775,3.806,-3.806,3.806,0.0,True,0.0
POSCAR_Cr2F4_cluster2_st950,Cr2F4_cluster2_st950,Cr2F4_cluster2,False,st950,conventional_AFM_inversion,inversion|mirror/rotoinv|rotation,8,16,I4_1/amd,conventional_AFM_inversion,True,3,141.558,1218,0.015228,5.117,3.781,-3.781,3.781,0.0,True,0.0
POSCAR_Cr2F4_cluster2_st975,Cr2F4_cluster2_st975,Cr2F4_cluster2,False,st975,conventional_AFM_inversion,inversion|mirror/rotoinv|rotation,8,16,I4_1/amd,conventional_AFM_inversion,True,3,141.558,1218,0.014187,4.667,3.788,-3.788,3.788,0.0,True,0.0
POSCAR_Cr2F6_cluster1,Cr2F6_cluster1,Cr2F6_cluster1,True,none,ALTERMAGNET,mirror/rotoinv|rotation,6,12,R-3c,ALTERMAGNET,True,3,167.107,1337,0.09615,0.295,2.913,-2.913,2.913,0.0,True,0.0
POSCAR_Cr2F6_cluster1_st025,Cr2F6_cluster1_st025,Cr2F6_cluster1,False,st025,ALTERMAGNET,mirror/rotoinv|rotation,6,12,R-3c,ALTERMAGNET,True,3,167.107,1337,0.177898,0.288,2.939,-2.939,2.939,0.0,True,0.0
POSCAR_Cr2F6_cluster1_st050,Cr2F6_cluster1_st050,Cr2F6_cluster1,False,st050,ALTERMAGNET,mirror/rotoinv|rotation,6,12,R-3c,ALTERMAGNET,True,3,167.107,1337,0.167395,0.273,2.966,-2.966,2.966,0.0,True,0.0
POSCAR_Cr2F6_cluster1_st950,Cr2F6_cluster1_st950,Cr2F6_cluster1,False,st950,ALTERMAGNET,mirror/rotoinv|rotation,6,12,R-3c,ALTERMAGNET,True,3,167.107,1337,0.088422,0.317,2.861,-2.861,2.861,0.0,True,0.0
POSCAR_Cr2F6_cluster1_st975,Cr2F6_cluster1_st975,Cr2F6_cluster1,False,st975,ALTERMAGNET,mirror/rotoinv|rotation,6,12,R-3c,ALTERMAGNET,True,3,167.107,1337,0.090895,0.323,2.887,-2.887,2.887,0.0,True,0.0
POSCAR_Cr2F6_cluster2,Cr2F6_cluster2,Cr2F6_cluster2,True,none,ALTERMAGNET,rotation,6,12,P6_322,ALTERMAGNET,True,3,182.181,1411,0.240743,0.764,2.919,-2.919,2.919,0.0,True,0.0
POSCAR_Cr2F6_cluster2_st025,Cr2F6_cluster2_st025,Cr2F6_cluster2,False,st025,ALTERMAGNET,rotation,6,12,P6_322,ALTERMAGNET,True,3,182.181,1411,0.247271,1.049,2.946,-2.946,2.946,0.0,True,0.0
POSCAR_Cr2F6_cluster2_st050,Cr2F6_cluster2_st050,Cr2F6_cluster2,False,st050,ALTERMAGNET,rotation,6,12,P6_322,ALTERMAGNET,True,3,182.181,1411,0.20913,0.572,2.974,-2.974,2.974,0.0,True,0.0
POSCAR_Cr2F6_cluster2_st950,Cr2F6_cluster2_st950,Cr2F6_cluster2,False,st950,ALTERMAGNET,rotation,6,12,P6_322,ALTERMAGNET,True,3,182.181,1411,0.231945,0.954,2.864,-2.864,2.864,0.0,True,0.0
POSCAR_Cr2F6_cluster2_st975,Cr2F6_cluster2_st975,Cr2F6_cluster2,False,st975,ALTERMAGNET,rotation,6,12,P6_322,ALTERMAGNET,True,3,182.181,1411,0.231566,0.765,2.892,-2.892,2.892,0.0,True,0.0
POSCAR_Cr2F8_cluster1,Cr2F8_cluster1,Cr2F8_cluster1,True,none,ALTERMAGNET,rotation,1,2,C2,ALTERMAGNET,True,3,5.15,22,0.267451,5.91,2.07,-2.07,2.07,0.0,True,0.0
POSCAR_Cr2F8_cluster1_st025,Cr2F8_cluster1_st025,Cr2F8_cluster1,False,st025,ALTERMAGNET,rotation,1,2,C2,ALTERMAGNET,True,3,5.15,22,0.256916,5.978,2.147,-2.147,2.147,0.0,True,0.0
POSCAR_Cr2F8_cluster1_st050,Cr2F8_cluster1_st050,Cr2F8_cluster1,False,st050,ALTERMAGNET,rotation,1,2,C2,ALTERMAGNET,True,3,5.15,22,0.236515,5.259,2.243,-2.244,2.243,0.001000000000000334,True,0.0
POSCAR_Cr2F8_cluster1_st950,Cr2F8_cluster1_st950,Cr2F8_cluster1,False,st950,ALTERMAGNET,rotation,1,2,C2,ALTERMAGNET,True,3,5.15,22,0.282304,6.472,1.951,-1.951,1.951,0.0,True,0.0
POSCAR_Cr2F8_cluster1_st975,Cr2F8_cluster1_st975,Cr2F8_cluster1,False,st975,ALTERMAGNET,rotation,1,2,C2,ALTERMAGNET,True,3,5.15,22,0.274242,7.316,2.006,-2.006,2.006,0.0,True,0.0
POSCAR_Cr2F8_cluster2,Cr2F8_cluster2,Cr2F8_cluster2,True,none,ALTERMAGNET,mirror/rotoinv,2,4,Fdd2,ALTERMAGNET,True,3,43.227,325,0.16939,1.687,2.078,-2.078,2.078,0.0,True,0.0
POSCAR_Cr2F8_cluster2_st025,Cr2F8_cluster2_st025,Cr2F8_cluster2,False,st025,ALTERMAGNET,mirror/rotoinv,2,4,Fdd2,ALTERMAGNET,True,3,43.227,325,0.28095,1.633,2.155,-2.155,2.155,0.0,True,0.0
POSCAR_Cr2F8_cluster2_st050,Cr2F8_cluster2_st050,Cr2F8_cluster2,False,st050,ALTERMAGNET,mirror/rotoinv,2,4,Fdd2,ALTERMAGNET,True,3,43.227,325,0.251695,1.561,2.25,-2.25,2.251,0.0,True,0.0
POSCAR_Cr2F8_cluster2_st950,Cr2F8_cluster2_st950,Cr2F8_cluster2,False,st950,ALTERMAGNET,mirror/rotoinv,2,4,Fdd2,ALTERMAGNET,True,3,43.227,325,0.140859,1.929,1.961,-1.961,1.961,0.0,True,0.0
POSCAR_Cr2F8_cluster2_st975,Cr2F8_cluster2_st975,Cr2F8_cluster2,False,st975,ALTERMAGNET,mirror/rotoinv,2,4,Fdd2,ALTERMAGNET,True,3,43.227,325,0.165917,1.947,2.015,-2.015,2.015,0.0,True,0.0
POSCAR_Cr2Ga2_2,Cr2Ga2_2,Cr2Ga2_2,True,none,conventional_AFM_translation,inversion|mirror/rotoinv|rotation|translation,16,32,P4/mmm,conventional_AFM_translation,True,4,139.540,1200,0.010506,0.205,4.0,-4.0,4.0,0.0,True,0.0
POSCAR_Cr2Ga2_2_st050,Cr2Ga2_2_st050,Cr2Ga2_2,False,st050,conventional_AFM_translation,inversion|mirror/rotoinv|rotation|translation,16,32,P4/mmm,conventional_AFM_translation,True,4,139.540,1200,0.01023,0.188,4.097,-4.097,4.097,0.0,True,0.001
POSCAR_Cr2Ga2_2_st950,Cr2Ga2_2_st950,Cr2Ga2_2,False,st950,conventional_AFM_translation,inversion|mirror/rotoinv|rotation|translation,16,32,P4/mmm,conventional_AFM_translation,True,4,139.540,1200,0.010769,0.142,3.864,-3.864,3.864,0.0,True,0.0
POSCAR_Cr2Ga2_2_st975,Cr2Ga2_2_st975,Cr2Ga2_2,False,st975,conventional_AFM_translation,inversion|mirror/rotoinv|rotation|translation,16,32,P4/mmm,conventional_AFM_translation,True,4,139.540,1200,0.01086,0.405,3.937,-3.937,3.937,0.0,True,0.0
POSCAR_Cr2Ga2_2_x025,Cr2Ga2_2_x025,Cr2Ga2_2,False,x025,conventional_AFM_translation,inversion|mirror/rotoinv|rotation|translation,4,8,C2/m,conventional_AFM_translation,True,4,139.540,1200,0.009524,0.361,4.016,-4.016,4.016,0.0,True,0.0
POSCAR_Cr2Ga2_2_x050,Cr2Ga2_2_x050,Cr2Ga2_2,False,x050,conventional_AFM_translation,inversion|translation,2,4,P-1,conventional_AFM_translation,True,4,139.540,1200,0.009367,0.552,4.029,-4.029,4.029,0.0,True,0.001
POSCAR_Cr2Ga2_2_x950,Cr2Ga2_2_x950,Cr2Ga2_2,False,x950,conventional_AFM_translation,inversion|translation,2,4,P-1,conventional_AFM_translation,True,4,139.540,1200,0.009823,0.656,3.957,-3.956,3.957,0.0009999999999998899,True,0.001
POSCAR_Cr2Ga2_2_x975,Cr2Ga2_2_x975,Cr2Ga2_2,False,x975,conventional_AFM_translation,inversion|translation,2,4,P-1,conventional_AFM_translation,True,4,139.540,1200,0.01105,1.129,3.979,-3.979,3.979,0.0,True,0.001
POSCAR_Cr2Ga2_2_y025,Cr2Ga2_2_y025,Cr2Ga2_2,False,y025,conventional_AFM_translation,inversion|mirror/rotoinv|rotation|translation,4,8,C2/m,conventional_AFM_translation,True,4,139.540,1200,0.010361,1.253,4.018,-4.017,4.018,0.0009999999999994458,True,0.003
POSCAR_Cr2Ga2_2_y050,Cr2Ga2_2_y050,Cr2Ga2_2,False,y050,conventional_AFM_translation,inversion|mirror/rotoinv|rotation|translation,4,8,C2/m,conventional_AFM_translation,True,4,139.540,1200,0.010332,0.326,4.034,-4.034,4.034,0.0,True,0.0
POSCAR_Cr2Ga2_2_y950,Cr2Ga2_2_y950,Cr2Ga2_2,False,y950,conventional_AFM_translation,inversion|mirror/rotoinv|rotation|translation,4,8,C2/m,conventional_AFM_translation,True,4,139.540,1200,0.010809,0.943,3.952,-3.952,3.952,0.0,True,0.001
POSCAR_Cr2Ga2_2_y975,Cr2Ga2_2_y975,Cr2Ga2_2,False,y975,conventional_AFM_translation,inversion|mirror/rotoinv|rotation|translation,4,8,C2/m,conventional_AFM_translation,True,4,139.540,1200,0.009944,0.762,3.978,-3.978,3.978,0.0,True,0.0
POSCAR_Cr2Ga2_2_z025,Cr2Ga2_2_z025,Cr2Ga2_2,False,z025,conventional_AFM_translation,inversion|translation,2,4,P-1,conventional_AFM_translation,True,4,139.540,1200,0.010152,0.631,4.015,-4.015,4.015,0.0,True,0.0
POSCAR_Cr2Ga2_2_z050,Cr2Ga2_2_z050,Cr2Ga2_2,False,z050,conventional_AFM_translation,inversion|translation,2,4,P-1,conventional_AFM_translation,True,4,139.540,1200,0.010762,0.673,4.028,-4.028,4.028,0.0,True,0.001
POSCAR_Cr2Ga2_2_z950,Cr2Ga2_2_z950,Cr2Ga2_2,False,z950,conventional_AFM_translation,inversion|translation,2,4,P-1,conventional_AFM_translation,True,4,139.540,1200,0.0106,0.979,3.957,-3.956,3.957,0.0009999999999998899,True,0.002
POSCAR_Cr2Ga2_2_z975,Cr2Ga2_2_z975,Cr2Ga2_2,False,z975,conventional_AFM_translation,inversion|mirror/rotoinv|rotation|translation,4,8,C2/m,conventional_AFM_translation,True,4,139.540,1200,0.009642,0.439,3.979,-3.979,3.979,0.0,True,0.0
POSCAR_Cr2Ge2_3,Cr2Ge2_3,Cr2Ge2_3,True,none,ALTERMAGNET,mirror/rotoinv|rotation,12,24,P6_3/mmc,ALTERMAGNET,True,3,194.269,1499,0.300033,0.936,3.906,-3.907,3.906,0.0009999999999998899,True,0.001
POSCAR_Cr2Ge2_3_st025,Cr2Ge2_3_st025,Cr2Ge2_3,False,st025,ALTERMAGNET,mirror/rotoinv|rotation,12,24,P6_3/mmc,ALTERMAGNET,True,3,194.269,1499,0.333745,0.456,3.971,-3.971,3.971,0.0,True,0.0
POSCAR_Cr2Ge2_3_st950,Cr2Ge2_3_st950,Cr2Ge2_3,False,st950,ALTERMAGNET,mirror/rotoinv|rotation,12,24,P6_3/mmc,ALTERMAGNET,True,3,194.269,1499,0.243668,4.195,3.739,-3.739,3.739,0.0,True,0.0
POSCAR_Cr2Ge2_3_st975,Cr2Ge2_3_st975,Cr2Ge2_3,False,st975,ALTERMAGNET,mirror/rotoinv|rotation,12,24,P6_3/mmc,ALTERMAGNET,True,3,194.269,1499,0.2724,0.285,3.83,-3.831,3.83,0.0009999999999998899,True,0.0
POSCAR_Cr2Ge2_3_x025,Cr2Ge2_3_x025,Cr2Ge2_3,False,x025,ALTERMAGNET,mirror/rotoinv|rotation,4,8,Cmcm,ALTERMAGNET,True,3,194.269,1499,0.363134,0.318,3.921,-3.921,3.921,0.0,True,0.0
POSCAR_Cr2Ge2_3_x050,Cr2Ge2_3_x050,Cr2Ge2_3,False,x050,ALTERMAGNET,mirror/rotoinv|rotation,2,4,P2_1/m,ALTERMAGNET,True,3,194.269,1499,0.379563,0.352,3.935,-3.936,3.935,0.0009999999999998899,True,0.0
POSCAR_Cr2Ge2_3_x950,Cr2Ge2_3_x950,Cr2Ge2_3,False,x950,ALTERMAGNET,mirror/rotoinv|rotation,2,4,P2_1/m,ALTERMAGNET,True,3,194.269,1499,0.283957,0.346,3.876,-3.876,3.876,0.0,True,0.0
POSCAR_Cr2Ge2_3_x975,Cr2Ge2_3_x975,Cr2Ge2_3,False,x975,ALTERMAGNET,mirror/rotoinv|rotation,4,8,Cmcm,ALTERMAGNET,True,3,194.269,1499,0.290315,1.753,3.891,-3.891,3.891,0.0,True,0.001
POSCAR_Cr2Ge2_3_y025,Cr2Ge2_3_y025,Cr2Ge2_3,False,y025,ALTERMAGNET,mirror/rotoinv|rotation,4,8,Cmcm,ALTERMAGNET,True,3,194.269,1499,0.363382,0.326,3.921,-3.921,3.921,0.0,True,0.0
POSCAR_Cr2Ge2_3_y050,Cr2Ge2_3_y050,Cr2Ge2_3,False,y050,ALTERMAGNET,mirror/rotoinv|rotation,2,4,P2_1/m,ALTERMAGNET,True,3,194.269,1499,0.379737,0.362,3.935,-3.936,3.935,0.0009999999999998899,True,0.0
POSCAR_Cr2Ge2_3_y950,Cr2Ge2_3_y950,Cr2Ge2_3,False,y950,ALTERMAGNET,mirror/rotoinv|rotation,2,4,P2_1/m,ALTERMAGNET,True,3,194.269,1499,0.284277,0.347,3.876,-3.876,3.876,0.0,True,0.0
POSCAR_Cr2Ge2_3_z025,Cr2Ge2_3_z025,Cr2Ge2_3,False,z025,ALTERMAGNET,mirror/rotoinv|rotation,12,24,P6_3/mmc,ALTERMAGNET,True,3,194.269,1499,0.279053,0.56,3.944,-3.945,3.944,0.0009999999999998899,True,0.0
POSCAR_Cr2Ge2_3_z950,Cr2Ge2_3_z950,Cr2Ge2_3,False,z950,ALTERMAGNET,mirror/rotoinv|rotation,12,24,P6_3/mmc,ALTERMAGNET,True,3,194.269,1499,0.34879,0.637,3.823,-3.823,3.823,0.0,True,0.0
POSCAR_Cr2Ge2_3_z975,Cr2Ge2_3_z975,Cr2Ge2_3,False,z975,ALTERMAGNET,mirror/rotoinv|rotation,12,24,P6_3/mmc,ALTERMAGNET,True,3,194.269,1499,0.323491,0.754,3.865,-3.866,3.865,0.0009999999999998899,True,0.001
POSCAR_Cr2Ge3_1,Cr2Ge3_1,Cr2Ge3_1,True,none,conventional_AFM_inversion,inversion|rotation,2,4,C2/m,conventional_AFM_inversion,True,3,12.60,67,0.013563,2.879,3.918,-3.919,3.918,0.0009999999999998899,True,0.004
POSCAR_Cr2Ge3_1_st025,Cr2Ge3_1_st025,Cr2Ge3_1,False,st025,conventional_AFM_inversion,inversion|rotation,2,4,C2/m,conventional_AFM_inversion,True,3,12.60,67,0.014167,2.535,3.983,-3.982,3.983,0.0009999999999998899,True,0.001
POSCAR_Cr2Ge3_1_st050,Cr2Ge3_1_st050,Cr2Ge3_1,False,st050,conventional_AFM_inversion,inversion|rotation,2,4,C2/m,conventional_AFM_inversion,True,3,12.60,67,0.014125,2.397,4.035,-4.034,4.035,0.001000000000000334,True,0.002
POSCAR_Cr2Ge3_1_st950,Cr2Ge3_1_st950,Cr2Ge3_1,False,st950,conventional_AFM_inversion,inversion|rotation,2,4,C2/m,conventional_AFM_inversion,True,3,12.60,67,0.015912,2.971,3.742,-3.741,3.742,0.0009999999999998899,True,0.001
POSCAR_Cr2Ge3_1_st975,Cr2Ge3_1_st975,Cr2Ge3_1,False,st975,conventional_AFM_inversion,inversion|rotation,2,4,C2/m,conventional_AFM_inversion,True,3,12.60,67,0.015279,2.762,3.84,-3.839,3.84,0.0009999999999998899,True,0.001
POSCAR_Cr2Ge3_1_x025,Cr2Ge3_1_x025,Cr2Ge3_1,False,x025,conventional_AFM_inversion,inversion,1,2,P-1,conventional_AFM_inversion,True,3,12.60,67,0.015408,2.832,3.939,-3.938,3.939,0.0009999999999998899,True,0.003
POSCAR_Cr2Ge3_1_x050,Cr2Ge3_1_x050,Cr2Ge3_1,False,x050,conventional_AFM_inversion,inversion,1,2,P-1,conventional_AFM_inversion,True,3,12.60,67,0.014322,2.279,3.955,-3.954,3.955,0.0009999999999998899,True,0.0
POSCAR_Cr2Ge3_1_x950,Cr2Ge3_1_x950,Cr2Ge3_1,False,x950,conventional_AFM_inversion,inversion,1,2,P-1,conventional_AFM_inversion,True,3,12.60,67,0.015536,2.633,3.868,-3.867,3.868,0.0009999999999998899,True,0.0
POSCAR_Cr2Ge3_1_x975,Cr2Ge3_1_x975,Cr2Ge3_1,False,x975,conventional_AFM_inversion,inversion,1,2,P-1,conventional_AFM_inversion,True,3,12.60,67,0.014697,2.615,3.894,-3.894,3.894,0.0,True,0.002
POSCAR_Cr2Ge3_1_y025,Cr2Ge3_1_y025,Cr2Ge3_1,False,y025,conventional_AFM_inversion,inversion,1,2,P-1,conventional_AFM_inversion,True,3,12.60,67,0.015271,2.806,3.939,-3.938,3.939,0.0009999999999998899,True,0.003
POSCAR_Cr2Ge3_1_y050,Cr2Ge3_1_y050,Cr2Ge3_1,False,y050,conventional_AFM_inversion,inversion,1,2,P-1,conventional_AFM_inversion,True,3,12.60,67,0.014547,2.281,3.955,-3.954,3.955,0.0009999999999998899,True,0.001
POSCAR_Cr2Ge3_1_y950,Cr2Ge3_1_y950,Cr2Ge3_1,False,y950,conventional_AFM_inversion,inversion,1,2,P-1,conventional_AFM_inversion,True,3,12.60,67,0.015622,2.734,3.868,-3.867,3.868,0.0009999999999998899,True,0.001
POSCAR_Cr2Ge3_1_y975,Cr2Ge3_1_y975,Cr2Ge3_1,False,y975,conventional_AFM_inversion,inversion,1,2,P-1,conventional_AFM_inversion,True,3,12.60,67,0.014634,2.58,3.894,-3.895,3.894,0.0009999999999998899,True,0.002
POSCAR_Cr2Ge3_1_z025,Cr2Ge3_1_z025,Cr2Ge3_1,False,z025,conventional_AFM_inversion,inversion|rotation,2,4,C2/m,conventional_AFM_inversion,True,3,12.60,67,0.014866,3.127,3.946,-3.944,3.946,0.002000000000000224,True,0.004
POSCAR_Cr2Ge3_1_z050,Cr2Ge3_1_z050,Cr2Ge3_1,False,z050,conventional_AFM_inversion,inversion|rotation,2,4,C2/m,conventional_AFM_inversion,True,3,12.60,67,0.014262,2.97,3.968,-3.967,3.968,0.0009999999999998899,True,0.003
POSCAR_Cr2Ge3_1_z950,Cr2Ge3_1_z950,Cr2Ge3_1,False,z950,conventional_AFM_inversion,inversion|rotation,2,4,C2/m,conventional_AFM_inversion,True,3,12.60,67,0.014358,2.553,3.851,-3.852,3.851,0.0009999999999998899,True,0.002
POSCAR_Cr2Ge3_1_z975,Cr2Ge3_1_z975,Cr2Ge3_1,False,z975,conventional_AFM_inversion,inversion|rotation,2,4,C2/m,conventional_AFM_inversion,True,3,12.60,67,0.01428,2.63,3.886,-3.887,3.886,0.0009999999999998899,True,0.002
POSCAR_Cr2In2_5,Cr2In2_5,Cr2In2_5,True,none,compensated_FiM_candidate,,0,1,P1,compensated_FiM_candidate,True,1,1.1,1,0.271204,5.549,4.115,-4.116,4.115,0.0009999999999994458,True,0.002
POSCAR_Cr2In2_5_st025,Cr2In2_5_st025,Cr2In2_5,False,st025,compensated_FiM_candidate,,0,1,P1,compensated_FiM_candidate,True,1,1.1,1,0.32293,4.698,4.155,-4.156,4.155,0.0009999999999994458,True,0.001
POSCAR_Cr2In2_5_st050,Cr2In2_5_st050,Cr2In2_5,False,st050,compensated_FiM_candidate,,0,1,P1,compensated_FiM_candidate,True,1,1.1,1,0.27433,4.869,4.191,-4.19,4.191,0.0009999999999994458,True,0.004
POSCAR_Cr2In2_5_st950,Cr2In2_5_st950,Cr2In2_5,False,st950,compensated_FiM_candidate,,0,1,P1,compensated_FiM_candidate,True,1,1.1,1,0.317689,8.076,4.014,-4.017,4.014,0.0030000000000001137,True,0.004
POSCAR_Cr2In2_5_st975,Cr2In2_5_st975,Cr2In2_5,False,st975,compensated_FiM_candidate,,0,1,P1,compensated_FiM_candidate,True,1,1.1,1,0.266227,5.016,4.069,-4.07,4.069,0.001000000000000334,True,0.001
POSCAR_Cr2In2_5_x025,Cr2In2_5_x025,Cr2In2_5,False,x025,compensated_FiM_candidate,,0,1,P1,compensated_FiM_candidate,True,1,1.1,1,0.270209,5.608,4.129,-4.13,4.129,0.001000000000000334,True,0.002
POSCAR_Cr2In2_5_x050,Cr2In2_5_x050,Cr2In2_5,False,x050,compensated_FiM_candidate,,0,1,P1,compensated_FiM_candidate,True,1,1.1,1,0.269453,8.23,4.145,-4.143,4.145,0.0019999999999997797,True,0.001
POSCAR_Cr2In2_5_x975,Cr2In2_5_x975,Cr2In2_5,False,x975,compensated_FiM_candidate,,0,1,P1,compensated_FiM_candidate,True,1,1.1,1,0.270263,5.011,4.101,-4.101,4.101,0.0,True,0.001
POSCAR_Cr2In2_5_y025,Cr2In2_5_y025,Cr2In2_5,False,y025,compensated_FiM_candidate,,0,1,P1,compensated_FiM_candidate,True,1,1.1,1,0.355204,5.081,4.122,-4.123,4.122,0.001000000000000334,True,0.002
POSCAR_Cr2In2_5_y050,Cr2In2_5_y050,Cr2In2_5,False,y050,compensated_FiM_candidate,,0,1,P1,compensated_FiM_candidate,True,1,1.1,1,0.349798,5.372,4.129,-4.13,4.129,0.001000000000000334,True,0.0
POSCAR_Cr2In2_5_y950,Cr2In2_5_y950,Cr2In2_5,False,y950,compensated_FiM_candidate,,0,1,P1,compensated_FiM_candidate,True,1,1.1,1,0.328132,5.276,4.103,-4.104,4.103,0.001000000000000334,True,0.003
POSCAR_Cr2In2_5_y975,Cr2In2_5_y975,Cr2In2_5,False,y975,compensated_FiM_candidate,,0,1,P1,compensated_FiM_candidate,True,1,1.1,1,0.243662,5.086,4.108,-4.11,4.108,0.002000000000000668,True,0.004
POSCAR_Cr2In2_5_z950,Cr2In2_5_z950,Cr2In2_5,False,z950,compensated_FiM_candidate,,0,1,P1,compensated_FiM_candidate,True,1,1.1,1,0.367198,8.572,4.072,-4.072,4.072,0.0,True,0.001
POSCAR_Cr2In2_5_z975,Cr2In2_5_z975,Cr2In2_5,False,z975,compensated_FiM_candidate,,0,1,P1,compensated_FiM_candidate,True,1,1.1,1,0.316578,7.062,4.094,-4.094,4.094,0.0,True,0.001
POSCAR_Cr2In5_1,Cr2In5_1,Cr2In5_1,True,none,conventional_AFM_inversion,inversion,1,2,P-1,conventional_AFM_inversion,True,3,2.6,6,0.020936,3.087,4.154,-4.155,4.154,0.001000000000000334,True,0.001
POSCAR_Cr2In5_1_st025,Cr2In5_1_st025,Cr2In5_1,False,st025,conventional_AFM_inversion,inversion,1,2,P-1,conventional_AFM_inversion,True,3,2.6,6,0.02057,3.097,4.192,-4.193,4.192,0.0009999999999994458,True,0.002
POSCAR_Cr2In5_1_st050,Cr2In5_1_st050,Cr2In5_1,False,st050,conventional_AFM_inversion,inversion,1,2,P-1,conventional_AFM_inversion,True,3,2.6,6,0.020538,2.777,4.225,-4.225,4.225,0.0,True,0.003
POSCAR_Cr2In5_1_st950,Cr2In5_1_st950,Cr2In5_1,False,st950,conventional_AFM_inversion,inversion,1,2,P-1,conventional_AFM_inversion,True,3,2.6,6,0.021587,3.106,4.059,-4.06,4.059,0.0009999999999994458,True,0.001
POSCAR_Cr2In5_1_st975,Cr2In5_1_st975,Cr2In5_1,False,st975,conventional_AFM_inversion,inversion,1,2,P-1,conventional_AFM_inversion,True,3,2.6,6,0.021543,3.305,4.109,-4.11,4.109,0.001000000000000334,True,0.001
POSCAR_Cr2In5_1_x025,Cr2In5_1_x025,Cr2In5_1,False,x025,conventional_AFM_inversion,inversion,1,2,P-1,conventional_AFM_inversion,True,3,2.6,6,0.020785,2.831,4.167,-4.169,4.167,0.0019999999999997797,True,0.002
POSCAR_Cr2In5_1_x950,Cr2In5_1_x950,Cr2In5_1,False,x950,conventional_AFM_inversion,inversion,1,2,P-1,conventional_AFM_inversion,True,3,2.6,6,0.024226,4.141,4.119,-4.121,4.119,0.002000000000000668,True,0.003
POSCAR_Cr2In5_1_x975,Cr2In5_1_x975,Cr2In5_1,False,x975,conventional_AFM_inversion,inversion,1,2,P-1,conventional_AFM_inversion,True,3,2.6,6,0.021703,3.889,4.138,-4.14,4.138,0.0019999999999997797,True,0.002
POSCAR_Cr2In5_1_y950,Cr2In5_1_y950,Cr2In5_1,False,y950,conventional_AFM_inversion,inversion,1,2,P-1,conventional_AFM_inversion,True,3,2.6,6,0.019801,3.856,4.129,-4.131,4.129,0.002000000000000668,True,0.002
POSCAR_Cr2In5_1_y975,Cr2In5_1_y975,Cr2In5_1,False,y975,conventional_AFM_inversion,inversion,1,2,P-1,conventional_AFM_inversion,True,3,2.6,6,0.018936,3.278,4.141,-4.142,4.141,0.001000000000000334,True,0.001
POSCAR_Cr2In5_1_z050,Cr2In5_1_z050,Cr2In5_1,False,z050,conventional_AFM_inversion,inversion,1,2,P-1,conventional_AFM_inversion,True,3,2.6,6,0.019938,3.456,4.178,-4.18,4.178,0.0019999999999997797,True,0.002
POSCAR_Cr2In5_1_z950,Cr2In5_1_z950,Cr2In5_1,False,z950,conventional_AFM_inversion,inversion,1,2,P-1,conventional_AFM_inversion,True,3,2.6,6,0.028166,3.217,4.127,-4.128,4.127,0.001000000000000334,True,0.001
POSCAR_Cr2In8_2,Cr2In8_2,Cr2In8_2,True,none,conventional_AFM_translation,inversion|translation,2,4,P-1,conventional_AFM_translation,True,4,2.7,7,0.010506,0.858,4.148,-4.149,4.148,0.001000000000000334,True,0.001
POSCAR_Cr2In8_2_st025,Cr2In8_2_st025,Cr2In8_2,False,st025,conventional_AFM_translation,inversion|translation,2,4,P-1,conventional_AFM_translation,True,4,2.7,7,0.010629,0.723,4.187,-4.188,4.187,0.0009999999999994458,True,0.0
POSCAR_Cr2In8_2_st050,Cr2In8_2_st050,Cr2In8_2,False,st050,conventional_AFM_translation,inversion|translation,2,4,P-1,conventional_AFM_translation,True,4,2.7,7,0.011453,0.691,4.222,-4.222,4.222,0.0,True,0.001
POSCAR_Cr2In8_2_st950,Cr2In8_2_st950,Cr2In8_2,False,st950,conventional_AFM_translation,inversion|translation,2,4,P-1,conventional_AFM_translation,True,4,2.7,7,0.01035,0.874,4.051,-4.052,4.051,0.0009999999999994458,True,0.0
POSCAR_Cr2In8_2_st975,Cr2In8_2_st975,Cr2In8_2,False,st975,conventional_AFM_translation,inversion|translation,2,4,P-1,conventional_AFM_translation,True,4,2.7,7,0.012265,0.859,4.104,-4.104,4.104,0.0,True,0.0
POSCAR_Cr2In8_2_x025,Cr2In8_2_x025,Cr2In8_2,False,x025,conventional_AFM_translation,inversion|translation,2,4,P-1,conventional_AFM_translation,True,4,2.7,7,0.009672,0.754,4.161,-4.162,4.161,0.001000000000000334,True,0.003
POSCAR_Cr2In8_2_x050,Cr2In8_2_x050,Cr2In8_2,False,x050,conventional_AFM_translation,inversion|translation,2,4,P-1,conventional_AFM_translation,True,4,2.7,7,0.010291,0.883,4.174,-4.175,4.174,0.0009999999999994458,True,0.003
POSCAR_Cr2In8_2_x950,Cr2In8_2_x950,Cr2In8_2,False,x950,conventional_AFM_translation,inversion|translation,2,4,P-1,conventional_AFM_translation,True,4,2.7,7,0.010797,0.885,4.125,-4.126,4.125,0.001000000000000334,True,0.002
POSCAR_Cr2In8_2_x975,Cr2In8_2_x975,Cr2In8_2,False,x975,conventional_AFM_translation,inversion|translation,2,4,P-1,conventional_AFM_translation,True,4,2.7,7,0.011759,0.708,4.137,-4.137,4.137,0.0,True,0.0
POSCAR_Cr2In8_2_y025,Cr2In8_2_y025,Cr2In8_2,False,y025,conventional_AFM_translation,inversion|translation,2,4,P-1,conventional_AFM_translation,True,4,2.7,7,0.011531,0.898,4.165,-4.167,4.165,0.0019999999999997797,True,0.004
POSCAR_Cr2In8_2_y950,Cr2In8_2_y950,Cr2In8_2,False,y950,conventional_AFM_translation,inversion|translation,2,4,P-1,conventional_AFM_translation,True,4,2.7,7,0.0115,0.722,4.113,-4.113,4.113,0.0,True,0.002
POSCAR_Cr2In8_2_y975,Cr2In8_2_y975,Cr2In8_2,False,y975,conventional_AFM_translation,inversion|translation,2,4,P-1,conventional_AFM_translation,True,4,2.7,7,0.009909,0.749,4.132,-4.133,4.132,0.001000000000000334,True,0.002
POSCAR_Cr2In8_2_z025,Cr2In8_2_z025,Cr2In8_2,False,z025,conventional_AFM_translation,inversion|translation,2,4,P-1,conventional_AFM_translation,True,4,2.7,7,0.013678,0.831,4.16,-4.161,4.16,0.0009999999999994458,True,0.004
POSCAR_Cr2In8_2_z050,Cr2In8_2_z050,Cr2In8_2,False,z050,conventional_AFM_translation,inversion|translation,2,4,P-1,conventional_AFM_translation,True,4,2.7,7,0.012439,0.581,4.171,-4.172,4.171,0.0009999999999994458,True,0.0
POSCAR_Cr2In8_2_z950,Cr2In8_2_z950,Cr2In8_2,False,z950,conventional_AFM_translation,inversion|translation,2,4,P-1,conventional_AFM_translation,True,4,2.7,7,0.012149,0.993,4.123,-4.125,4.123,0.0019999999999997797,True,0.003
POSCAR_Cr2In8_2_z975,Cr2In8_2_z975,Cr2In8_2,False,z975,conventional_AFM_translation,inversion|translation,2,4,P-1,conventional_AFM_translation,True,4,2.7,7,0.011524,0.712,4.137,-4.137,4.137,0.0,True,0.0
POSCAR_Cr2N2_7,Cr2N2_7,Cr2N2_7,True,none,ALTERMAGNET,mirror/rotoinv|rotation,12,24,P6_3/mmc,ALTERMAGNET,True,3,194.269,1499,0.693497,0.445,2.923,-2.922,2.923,0.0009999999999998899,True,0.0
POSCAR_Cr2N2_7_st025,Cr2N2_7_st025,Cr2N2_7,False,st025,ALTERMAGNET,mirror/rotoinv|rotation,12,24,P6_3/mmc,ALTERMAGNET,True,3,194.269,1499,0.577491,0.449,3.007,-3.007,3.007,0.0,True,0.0
POSCAR_Cr2N2_7_st050,Cr2N2_7_st050,Cr2N2_7,False,st050,ALTERMAGNET,mirror/rotoinv|rotation,12,24,P6_3/mmc,ALTERMAGNET,True,3,194.269,1499,0.590475,0.398,3.091,-3.091,3.091,0.0,True,0.0
POSCAR_Cr2N2_7_st950,Cr2N2_7_st950,Cr2N2_7,False,st950,ALTERMAGNET,mirror/rotoinv|rotation,12,24,P6_3/mmc,ALTERMAGNET,True,3,194.269,1499,0.834141,0.582,2.738,-2.738,2.738,0.0,True,0.0
POSCAR_Cr2N2_7_st975,Cr2N2_7_st975,Cr2N2_7,False,st975,ALTERMAGNET,mirror/rotoinv|rotation,12,24,P6_3/mmc,ALTERMAGNET,True,3,194.269,1499,0.79372,0.444,2.834,-2.834,2.834,0.0,True,0.0
POSCAR_Cr2N2_7_x025,Cr2N2_7_x025,Cr2N2_7,False,x025,ALTERMAGNET,mirror/rotoinv|rotation,4,8,Cmcm,ALTERMAGNET,True,3,194.269,1499,0.756821,0.425,2.948,-2.948,2.948,0.0,True,0.0
POSCAR_Cr2N2_7_x050,Cr2N2_7_x050,Cr2N2_7,False,x050,ALTERMAGNET,mirror/rotoinv|rotation,2,4,P2_1/m,ALTERMAGNET,True,3,194.269,1499,0.794084,0.421,2.973,-2.973,2.973,0.0,True,0.0
POSCAR_Cr2N2_7_x950,Cr2N2_7_x950,Cr2N2_7,False,x950,ALTERMAGNET,mirror/rotoinv|rotation,2,4,P2_1/m,ALTERMAGNET,True,3,194.269,1499,0.750685,0.512,2.867,-2.867,2.867,0.0,True,0.0
POSCAR_Cr2N2_7_x975,Cr2N2_7_x975,Cr2N2_7,False,x975,ALTERMAGNET,mirror/rotoinv|rotation,4,8,Cmcm,ALTERMAGNET,True,3,194.269,1499,0.745881,0.444,2.895,-2.895,2.895,0.0,True,0.0
POSCAR_Cr2N2_7_y025,Cr2N2_7_y025,Cr2N2_7,False,y025,ALTERMAGNET,mirror/rotoinv|rotation,4,8,Cmcm,ALTERMAGNET,True,3,194.269,1499,0.75627,0.428,2.948,-2.948,2.948,0.0,True,0.0
POSCAR_Cr2N2_7_y050,Cr2N2_7_y050,Cr2N2_7,False,y050,ALTERMAGNET,mirror/rotoinv|rotation,2,4,P2_1/m,ALTERMAGNET,True,3,194.269,1499,0.793872,0.427,2.973,-2.973,2.973,0.0,True,0.0
POSCAR_Cr2N2_7_y950,Cr2N2_7_y950,Cr2N2_7,False,y950,ALTERMAGNET,mirror/rotoinv|rotation,2,4,P2_1/m,ALTERMAGNET,True,3,194.269,1499,0.750712,0.499,2.867,-2.867,2.867,0.0,True,0.0
POSCAR_Cr2N2_7_y975,Cr2N2_7_y975,Cr2N2_7,False,y975,ALTERMAGNET,mirror/rotoinv|rotation,4,8,Cmcm,ALTERMAGNET,True,3,194.269,1499,0.746285,0.441,2.895,-2.895,2.895,0.0,True,0.0
POSCAR_Cr2N2_7_z025,Cr2N2_7_z025,Cr2N2_7,False,z025,ALTERMAGNET,mirror/rotoinv|rotation,12,24,P6_3/mmc,ALTERMAGNET,True,3,194.269,1499,0.53944,0.42,2.955,-2.955,2.955,0.0,True,0.0
POSCAR_Cr2N2_7_z050,Cr2N2_7_z050,Cr2N2_7,False,z050,ALTERMAGNET,mirror/rotoinv|rotation,12,24,P6_3/mmc,ALTERMAGNET,True,3,194.269,1499,0.509981,0.388,2.986,-2.986,2.986,0.0,True,0.0
POSCAR_Cr2N2_7_z950,Cr2N2_7_z950,Cr2N2_7,False,z950,ALTERMAGNET,mirror/rotoinv|rotation,12,24,P6_3/mmc,ALTERMAGNET,True,3,194.269,1499,0.869943,0.465,2.851,-2.851,2.851,0.0,True,0.0
POSCAR_Cr2N2_7_z975,Cr2N2_7_z975,Cr2N2_7,False,z975,ALTERMAGNET,mirror/rotoinv|rotation,12,24,P6_3/mmc,ALTERMAGNET,True,3,194.269,1499,0.812995,0.437,2.888,-2.888,2.888,0.0,True,0.0
POSCAR_Cr2O2_2,Cr2O2_2,Cr2O2_2,True,none,ALTERMAGNET,mirror/rotoinv|rotation,4,8,Cccm,ALTERMAGNET,True,3,66.495,593,1.196253,4.462,3.669,-3.669,3.669,0.0,True,0.0
POSCAR_Cr2O2_2_st025,Cr2O2_2_st025,Cr2O2_2,False,st025,ALTERMAGNET,mirror/rotoinv|rotation,4,8,Cccm,ALTERMAGNET,True,3,66.495,593,1.02415,0.247,3.698,-3.698,3.698,0.0,True,0.0
POSCAR_Cr2O2_2_st050,Cr2O2_2_st050,Cr2O2_2,False,st050,ALTERMAGNET,mirror/rotoinv|rotation,4,8,Cccm,ALTERMAGNET,True,3,66.495,593,0.866297,0.226,3.724,-3.724,3.724,0.0,True,0.0
POSCAR_Cr2O2_2_st950,Cr2O2_2_st950,Cr2O2_2,False,st950,ALTERMAGNET,mirror/rotoinv|rotation,4,8,Cccm,ALTERMAGNET,True,3,66.495,593,1.604422,0.255,3.599,-3.599,3.599,0.0,True,0.0
POSCAR_Cr2O2_2_st975,Cr2O2_2_st975,Cr2O2_2,False,st975,ALTERMAGNET,mirror/rotoinv|rotation,4,8,Cccm,ALTERMAGNET,True,3,66.495,593,1.387752,0.279,3.636,-3.636,3.636,0.0,True,0.0
POSCAR_Cr2O2_2_z025,Cr2O2_2_z025,Cr2O2_2,False,z025,ALTERMAGNET,mirror/rotoinv|rotation,4,8,Cccm,ALTERMAGNET,True,3,66.495,593,1.117426,4.445,3.685,-3.685,3.685,0.0,True,0.0
POSCAR_Cr2O2_2_z050,Cr2O2_2_z050,Cr2O2_2,False,z050,ALTERMAGNET,mirror/rotoinv|rotation,4,8,Cccm,ALTERMAGNET,True,3,66.495,593,1.041263,0.305,3.699,-3.699,3.699,0.0,True,0.0
POSCAR_Cr2O2_2_z950,Cr2O2_2_z950,Cr2O2_2,False,z950,ALTERMAGNET,mirror/rotoinv|rotation,4,8,Cccm,ALTERMAGNET,True,3,66.495,593,1.367022,0.201,3.629,-3.629,3.629,0.0,True,0.0
POSCAR_Cr2O2_2_z975,Cr2O2_2_z975,Cr2O2_2,False,z975,ALTERMAGNET,mirror/rotoinv|rotation,4,8,Cccm,ALTERMAGNET,True,3,66.495,593,1.279056,3.908,3.651,-3.651,3.651,0.0,True,0.0
POSCAR_Cr2O4_2,Cr2O4_2,Cr2O4_2,True,none,ALTERMAGNET,mirror/rotoinv|rotation,8,16,P4_2/mnm,ALTERMAGNET,True,3,136.498,1158,0.708092,0.201,2.134,-2.134,2.134,0.0,True,0.0
POSCAR_Cr2O4_2_st025,Cr2O4_2_st025,Cr2O4_2,False,st025,ALTERMAGNET,mirror/rotoinv|rotation,8,16,P4_2/mnm,ALTERMAGNET,True,3,136.498,1158,0.681212,0.197,2.258,-2.259,2.258,0.0009999999999998899,True,0.0
POSCAR_Cr2O4_2_st050,Cr2O4_2_st050,Cr2O4_2,False,st050,ALTERMAGNET,mirror/rotoinv|rotation,8,16,P4_2/mnm,ALTERMAGNET,True,3,136.498,1158,0.603868,0.376,2.432,-2.433,2.432,0.0009999999999998899,True,0.0
POSCAR_Cr2O4_2_st950,Cr2O4_2_st950,Cr2O4_2,False,st950,ALTERMAGNET,mirror/rotoinv|rotation,8,16,P4_2/mnm,ALTERMAGNET,True,3,136.498,1158,0.756771,0.224,1.949,-1.949,1.949,0.0,True,0.0
POSCAR_Cr2O4_2_st975,Cr2O4_2_st975,Cr2O4_2,False,st975,ALTERMAGNET,mirror/rotoinv|rotation,8,16,P4_2/mnm,ALTERMAGNET,True,3,136.498,1158,0.689517,0.209,2.035,-2.035,2.035,0.0,True,0.0
POSCAR_Cr2O4_2_x025,Cr2O4_2_x025,Cr2O4_2,False,x025,ALTERMAGNET,mirror/rotoinv|rotation,8,16,P4_2/mnm,ALTERMAGNET,True,3,136.498,1158,0.745481,0.196,2.184,-2.184,2.184,0.0,True,0.0
POSCAR_Cr2O4_2_x050,Cr2O4_2_x050,Cr2O4_2,False,x050,ALTERMAGNET,mirror/rotoinv|rotation,8,16,P4_2/mnm,ALTERMAGNET,True,3,136.498,1158,0.670347,0.188,2.238,-2.238,2.238,0.0,True,0.0
POSCAR_Cr2O4_2_x950,Cr2O4_2_x950,Cr2O4_2,False,x950,ALTERMAGNET,mirror/rotoinv|rotation,8,16,P4_2/mnm,ALTERMAGNET,True,3,136.498,1158,0.743934,0.264,2.047,-2.047,2.047,0.0,True,0.0
POSCAR_Cr2O4_2_x975,Cr2O4_2_x975,Cr2O4_2,False,x975,ALTERMAGNET,mirror/rotoinv|rotation,8,16,P4_2/mnm,ALTERMAGNET,True,3,136.498,1158,0.68139,0.222,2.089,-2.089,2.089,0.0,True,0.0
POSCAR_Cr2O4_2_y025,Cr2O4_2_y025,Cr2O4_2,False,y025,ALTERMAGNET,mirror/rotoinv|rotation,4,8,Pnnm,ALTERMAGNET,True,3,136.498,1158,0.724233,0.152,2.167,-2.167,2.167,0.0,True,0.0
POSCAR_Cr2O4_2_y050,Cr2O4_2_y050,Cr2O4_2,False,y050,ALTERMAGNET,mirror/rotoinv|rotation,4,8,Pnnm,ALTERMAGNET,True,3,136.498,1158,0.697255,0.143,2.204,-2.204,2.204,0.0,True,0.0
POSCAR_Cr2O4_2_y950,Cr2O4_2_y950,Cr2O4_2,False,y950,ALTERMAGNET,mirror/rotoinv|rotation,4,8,Pnnm,ALTERMAGNET,True,3,136.498,1158,0.641504,0.137,2.077,-2.077,2.077,0.0,True,0.0
POSCAR_Cr2O4_2_y975,Cr2O4_2_y975,Cr2O4_2,False,y975,ALTERMAGNET,mirror/rotoinv|rotation,4,8,Pnnm,ALTERMAGNET,True,3,136.498,1158,0.673865,0.17,2.104,-2.105,2.104,0.0009999999999998899,True,0.0
POSCAR_Cr2O4_2_z025,Cr2O4_2_z025,Cr2O4_2,False,z025,ALTERMAGNET,mirror/rotoinv|rotation,4,8,Pnnm,ALTERMAGNET,True,3,136.498,1158,0.724086,0.161,2.167,-2.167,2.167,0.0,True,0.0
POSCAR_Cr2O4_2_z050,Cr2O4_2_z050,Cr2O4_2,False,z050,ALTERMAGNET,mirror/rotoinv|rotation,4,8,Pnnm,ALTERMAGNET,True,3,136.498,1158,0.698544,0.157,2.204,-2.204,2.204,0.0,True,0.0
POSCAR_Cr2O4_2_z950,Cr2O4_2_z950,Cr2O4_2,False,z950,ALTERMAGNET,mirror/rotoinv|rotation,4,8,Pnnm,ALTERMAGNET,True,3,136.498,1158,0.640991,0.13,2.077,-2.077,2.077,0.0,True,0.0
POSCAR_Cr2O4_2_z975,Cr2O4_2_z975,Cr2O4_2,False,z975,ALTERMAGNET,mirror/rotoinv|rotation,4,8,Pnnm,ALTERMAGNET,True,3,136.498,1158,0.673633,0.171,2.105,-2.105,2.105,0.0,True,0.0
POSCAR_Cr2P18_1,Cr2P18_1,Cr2P18_1,True,none,conventional_AFM_inversion,inversion,1,2,P-1,conventional_AFM_inversion,True,3,2.6,6,0.010693,1.857,3.497,-3.5,3.497,0.0030000000000001137,True,0.001
POSCAR_Cr2P18_1_x025,Cr2P18_1_x025,Cr2P18_1,False,x025,conventional_AFM_inversion,inversion,1,2,P-1,conventional_AFM_inversion,True,3,2.6,6,0.009612,1.952,3.578,-3.581,3.578,0.0030000000000001137,True,0.002
POSCAR_Cr2P18_1_x050,Cr2P18_1_x050,Cr2P18_1,False,x050,conventional_AFM_inversion,inversion,1,2,P-1,conventional_AFM_inversion,True,3,2.6,6,0.009259,1.956,3.634,-3.636,3.634,0.002000000000000224,True,0.002
POSCAR_Cr2P18_1_x950,Cr2P18_1_x950,Cr2P18_1,False,x950,conventional_AFM_inversion,inversion,1,2,P-1,conventional_AFM_inversion,True,3,2.6,6,0.009284,1.708,3.341,-3.342,3.341,0.0009999999999998899,True,0.001
POSCAR_Cr2P18_1_x975,Cr2P18_1_x975,Cr2P18_1,False,x975,conventional_AFM_inversion,inversion,1,2,P-1,conventional_AFM_inversion,True,3,2.6,6,0.009234,1.63,3.415,-3.417,3.415,0.0019999999999997797,True,0.001
POSCAR_Cr2P18_1_y025,Cr2P18_1_y025,Cr2P18_1,False,y025,conventional_AFM_inversion,inversion,1,2,P-1,conventional_AFM_inversion,True,3,2.6,6,0.008596,1.952,3.553,-3.556,3.553,0.0030000000000001137,True,0.002
POSCAR_Cr2P18_1_y050,Cr2P18_1_y050,Cr2P18_1,False,y050,conventional_AFM_inversion,inversion,1,2,P-1,conventional_AFM_inversion,True,3,2.6,6,0.009382,1.988,3.593,-3.595,3.593,0.002000000000000224,True,0.002
POSCAR_Cr2P18_1_y950,Cr2P18_1_y950,Cr2P18_1,False,y950,conventional_AFM_inversion,inversion,1,2,P-1,conventional_AFM_inversion,True,3,2.6,6,0.009256,1.58,3.321,-3.323,3.321,0.0019999999999997797,True,0.003
POSCAR_Cr2P18_1_z025,Cr2P18_1_z025,Cr2P18_1,False,z025,conventional_AFM_inversion,inversion,1,2,P-1,conventional_AFM_inversion,True,3,2.6,6,0.009201,1.398,3.524,-3.525,3.524,0.0009999999999998899,True,0.0
POSCAR_Cr2P18_1_z050,Cr2P18_1_z050,Cr2P18_1,False,z050,conventional_AFM_inversion,inversion,1,2,P-1,conventional_AFM_inversion,True,3,2.6,6,0.010014,1.616,3.554,-3.555,3.554,0.001000000000000334,True,0.002
POSCAR_Cr2P18_1_z950,Cr2P18_1_z950,Cr2P18_1,False,z950,conventional_AFM_inversion,inversion,1,2,P-1,conventional_AFM_inversion,True,3,2.6,6,0.00882,2.236,3.37,-3.372,3.37,0.0019999999999997797,True,0.001
POSCAR_Cr2P4_2,Cr2P4_2,Cr2P4_2,True,none,ALTERMAGNET,mirror/rotoinv|rotation,4,8,Pnnm,ALTERMAGNET,True,3,58.397,495,0.305865,0.328,3.447,-3.446,3.447,0.0009999999999998899,True,0.0
POSCAR_Cr2P4_2_st025,Cr2P4_2_st025,Cr2P4_2,False,st025,ALTERMAGNET,mirror/rotoinv|rotation,4,8,Pnnm,ALTERMAGNET,True,3,58.397,495,0.292004,0.337,3.548,-3.548,3.548,0.0,True,0.0
POSCAR_Cr2P4_2_st050,Cr2P4_2_st050,Cr2P4_2,False,st050,ALTERMAGNET,mirror/rotoinv|rotation,4,8,Pnnm,ALTERMAGNET,True,3,58.397,495,0.286401,0.327,3.642,-3.642,3.642,0.0,True,0.0
POSCAR_Cr2P4_2_st950,Cr2P4_2_st950,Cr2P4_2,False,st950,ALTERMAGNET,mirror/rotoinv|rotation,4,8,Pnnm,ALTERMAGNET,True,3,58.397,495,0.47218,0.391,3.171,-3.17,3.171,0.0009999999999998899,True,0.001
POSCAR_Cr2P4_2_st975,Cr2P4_2_st975,Cr2P4_2,False,st975,ALTERMAGNET,mirror/rotoinv|rotation,4,8,Pnnm,ALTERMAGNET,True,3,58.397,495,0.381183,0.43,3.328,-3.328,3.328,0.0,True,0.0
POSCAR_Cr2P4_2_x025,Cr2P4_2_x025,Cr2P4_2,False,x025,ALTERMAGNET,mirror/rotoinv|rotation,4,8,Pnnm,ALTERMAGNET,True,3,58.397,495,0.288408,0.271,3.464,-3.464,3.464,0.0,True,0.0
POSCAR_Cr2P4_2_x050,Cr2P4_2_x050,Cr2P4_2,False,x050,ALTERMAGNET,mirror/rotoinv|rotation,4,8,Pnnm,ALTERMAGNET,True,3,58.397,495,0.309122,0.385,3.482,-3.482,3.482,0.0,True,0.0
POSCAR_Cr2P4_2_x950,Cr2P4_2_x950,Cr2P4_2,False,x950,ALTERMAGNET,mirror/rotoinv|rotation,4,8,Pnnm,ALTERMAGNET,True,3,58.397,495,0.374571,0.276,3.442,-3.441,3.442,0.001000000000000334,True,0.0
POSCAR_Cr2P4_2_x975,Cr2P4_2_x975,Cr2P4_2,False,x975,ALTERMAGNET,mirror/rotoinv|rotation,4,8,Pnnm,ALTERMAGNET,True,3,58.397,495,0.34604,4.556,3.436,-3.436,3.436,0.0,True,0.001
POSCAR_Cr2P4_2_y025,Cr2P4_2_y025,Cr2P4_2,False,y025,ALTERMAGNET,mirror/rotoinv|rotation,4,8,Pnnm,ALTERMAGNET,True,3,58.397,495,0.332749,7.016,3.501,-3.5,3.501,0.0009999999999998899,True,0.0
POSCAR_Cr2P4_2_y050,Cr2P4_2_y050,Cr2P4_2,False,y050,ALTERMAGNET,mirror/rotoinv|rotation,4,8,Pnnm,ALTERMAGNET,True,3,58.397,495,0.354754,0.415,3.563,-3.562,3.563,0.001000000000000334,True,0.0
POSCAR_Cr2P4_2_y950,Cr2P4_2_y950,Cr2P4_2,False,y950,ALTERMAGNET,mirror/rotoinv|rotation,4,8,Pnnm,ALTERMAGNET,True,3,58.397,495,0.359357,0.714,3.337,-3.336,3.337,0.001000000000000334,True,0.0
POSCAR_Cr2P4_2_y975,Cr2P4_2_y975,Cr2P4_2,False,y975,ALTERMAGNET,mirror/rotoinv|rotation,4,8,Pnnm,ALTERMAGNET,True,3,58.397,495,0.321514,1.428,3.393,-3.393,3.393,0.0,True,0.0
POSCAR_Cr2P4_2_z025,Cr2P4_2_z025,Cr2P4_2,False,z025,ALTERMAGNET,mirror/rotoinv|rotation,4,8,Pnnm,ALTERMAGNET,True,3,58.397,495,0.304193,2.378,3.492,-3.492,3.492,0.0,True,0.0
POSCAR_Cr2P4_2_z050,Cr2P4_2_z050,Cr2P4_2,False,z050,ALTERMAGNET,mirror/rotoinv|rotation,4,8,Pnnm,ALTERMAGNET,True,3,58.397,495,0.324849,0.37,3.557,-3.557,3.557,0.0,True,0.001
POSCAR_Cr2P8_1,Cr2P8_1,Cr2P8_1,True,none,ALTERMAGNET,mirror/rotoinv|rotation,2,4,P2_1/c,ALTERMAGNET,True,3,14.79,86,1.258036,0.273,3.731,-3.731,3.731,0.0,True,0.0
POSCAR_Cr2P8_1_st025,Cr2P8_1_st025,Cr2P8_1,False,st025,ALTERMAGNET,mirror/rotoinv|rotation,2,4,P2_1/c,ALTERMAGNET,True,3,14.79,86,1.137021,0.172,3.79,-3.79,3.79,0.0,True,0.0
POSCAR_Cr2P8_1_st050,Cr2P8_1_st050,Cr2P8_1,False,st050,ALTERMAGNET,mirror/rotoinv|rotation,2,4,P2_1/c,ALTERMAGNET,True,3,14.79,86,1.013441,0.179,3.839,-3.839,3.839,0.0,True,0.0
POSCAR_Cr2P8_1_st950,Cr2P8_1_st950,Cr2P8_1,False,st950,ALTERMAGNET,mirror/rotoinv|rotation,2,4,P2_1/c,ALTERMAGNET,True,3,14.79,86,1.165241,0.425,3.533,-3.533,3.533,0.0,True,0.001
POSCAR_Cr2P8_1_st975,Cr2P8_1_st975,Cr2P8_1,False,st975,ALTERMAGNET,mirror/rotoinv|rotation,2,4,P2_1/c,ALTERMAGNET,True,3,14.79,86,1.180024,0.264,3.65,-3.65,3.65,0.0,True,0.0
POSCAR_Cr2P8_1_x025,Cr2P8_1_x025,Cr2P8_1,False,x025,ALTERMAGNET,mirror/rotoinv|rotation,2,4,P2_1/c,ALTERMAGNET,True,3,14.79,86,1.227193,0.191,3.75,-3.75,3.75,0.0,True,0.0
POSCAR_Cr2P8_1_x050,Cr2P8_1_x050,Cr2P8_1,False,x050,ALTERMAGNET,mirror/rotoinv|rotation,2,4,P2_1/c,ALTERMAGNET,True,3,14.79,86,1.183394,0.195,3.768,-3.768,3.768,0.0,True,0.0
POSCAR_Cr2P8_1_x950,Cr2P8_1_x950,Cr2P8_1,False,x950,ALTERMAGNET,mirror/rotoinv|rotation,2,4,P2_1/c,ALTERMAGNET,True,3,14.79,86,1.274724,0.243,3.691,-3.691,3.691,0.0,True,0.0
POSCAR_Cr2P8_1_x975,Cr2P8_1_x975,Cr2P8_1,False,x975,ALTERMAGNET,mirror/rotoinv|rotation,2,4,P2_1/c,ALTERMAGNET,True,3,14.79,86,1.275212,0.252,3.711,-3.711,3.711,0.0,True,0.0
POSCAR_Cr2P8_1_y025,Cr2P8_1_y025,Cr2P8_1,False,y025,ALTERMAGNET,mirror/rotoinv|rotation,2,4,P2_1/c,ALTERMAGNET,True,3,14.79,86,1.199041,0.199,3.754,-3.754,3.754,0.0,True,0.0
POSCAR_Cr2P8_1_y050,Cr2P8_1_y050,Cr2P8_1,False,y050,ALTERMAGNET,mirror/rotoinv|rotation,2,4,P2_1/c,ALTERMAGNET,True,3,14.79,86,1.128046,0.196,3.775,-3.775,3.775,0.0,True,0.0
POSCAR_Cr2P8_1_y950,Cr2P8_1_y950,Cr2P8_1,False,y950,ALTERMAGNET,mirror/rotoinv|rotation,2,4,P2_1/c,ALTERMAGNET,True,3,14.79,86,1.172941,0.456,3.672,-3.672,3.672,0.0,True,0.001
POSCAR_Cr2P8_1_y975,Cr2P8_1_y975,Cr2P8_1,False,y975,ALTERMAGNET,mirror/rotoinv|rotation,2,4,P2_1/c,ALTERMAGNET,True,3,14.79,86,1.304026,0.251,3.705,-3.705,3.705,0.0,True,0.0
POSCAR_Cr2P8_1_z025,Cr2P8_1_z025,Cr2P8_1,False,z025,ALTERMAGNET,mirror/rotoinv|rotation,2,4,P2_1/c,ALTERMAGNET,True,3,14.79,86,1.218012,0.186,3.755,-3.755,3.755,0.0,True,0.0
POSCAR_Cr2P8_1_z050,Cr2P8_1_z050,Cr2P8_1,False,z050,ALTERMAGNET,mirror/rotoinv|rotation,2,4,P2_1/c,ALTERMAGNET,True,3,14.79,86,1.177292,0.221,3.776,-3.776,3.776,0.0,True,0.0
POSCAR_Cr2P8_1_z950,Cr2P8_1_z950,Cr2P8_1,False,z950,ALTERMAGNET,mirror/rotoinv|rotation,2,4,P2_1/c,ALTERMAGNET,True,3,14.79,86,1.294144,0.248,3.679,-3.679,3.679,0.0,True,0.0
POSCAR_Cr2P8_1_z975,Cr2P8_1_z975,Cr2P8_1,False,z975,ALTERMAGNET,mirror/rotoinv|rotation,2,4,P2_1/c,ALTERMAGNET,True,3,14.79,86,1.285479,0.37,3.706,-3.706,3.706,0.0,True,0.0
POSCAR_Cr2P8_2,Cr2P8_2,Cr2P8_2,True,none,ALTERMAGNET,rotation,2,4,C222_1,ALTERMAGNET,True,3,20.34,132,0.37644,1.654,3.665,-3.665,3.665,0.0,True,0.0
POSCAR_Cr2P8_2_st025,Cr2P8_2_st025,Cr2P8_2,False,st025,ALTERMAGNET,rotation,2,4,C222_1,ALTERMAGNET,True,3,20.34,132,0.32007,1.827,3.739,-3.74,3.739,0.001000000000000334,True,0.002
POSCAR_Cr2P8_2_st050,Cr2P8_2_st050,Cr2P8_2,False,st050,ALTERMAGNET,rotation,2,4,C222_1,ALTERMAGNET,True,3,20.34,132,0.314122,1.725,3.806,-3.806,3.806,0.0,True,0.001
POSCAR_Cr2P8_2_st950,Cr2P8_2_st950,Cr2P8_2,False,st950,ALTERMAGNET,rotation,2,4,C222_1,ALTERMAGNET,True,3,20.34,132,0.462207,2.417,3.45,-3.453,3.45,0.0029999999999996696,True,0.004
POSCAR_Cr2P8_2_st975,Cr2P8_2_st975,Cr2P8_2,False,st975,ALTERMAGNET,rotation,2,4,C222_1,ALTERMAGNET,True,3,20.34,132,0.430155,1.94,3.572,-3.573,3.572,0.0009999999999998899,True,0.002
POSCAR_Cr2P8_2_x025,Cr2P8_2_x025,Cr2P8_2,False,x025,ALTERMAGNET,rotation,1,2,P2_1,ALTERMAGNET,True,3,20.34,132,0.3588,1.549,3.698,-3.698,3.698,0.0,True,0.001
POSCAR_Cr2P8_2_x050,Cr2P8_2_x050,Cr2P8_2,False,x050,ALTERMAGNET,rotation,1,2,P2_1,ALTERMAGNET,True,3,20.34,132,0.333003,1.577,3.733,-3.734,3.733,0.0009999999999998899,True,0.002
POSCAR_Cr2P8_2_x950,Cr2P8_2_x950,Cr2P8_2,False,x950,ALTERMAGNET,rotation,1,2,P2_1,ALTERMAGNET,True,3,20.34,132,0.369035,1.624,3.596,-3.597,3.596,0.0009999999999998899,True,0.0
POSCAR_Cr2P8_2_x975,Cr2P8_2_x975,Cr2P8_2,False,x975,ALTERMAGNET,rotation,1,2,P2_1,ALTERMAGNET,True,3,20.34,132,0.381908,1.546,3.631,-3.632,3.631,0.001000000000000334,True,0.001
POSCAR_Cr2P8_2_y025,Cr2P8_2_y025,Cr2P8_2,False,y025,ALTERMAGNET,rotation,1,2,P2_1,ALTERMAGNET,True,3,20.34,132,0.342493,1.652,3.687,-3.688,3.687,0.001000000000000334,True,0.001
POSCAR_Cr2P8_2_y050,Cr2P8_2_y050,Cr2P8_2,False,y050,ALTERMAGNET,rotation,1,2,P2_1,ALTERMAGNET,True,3,20.34,132,0.341045,1.78,3.711,-3.712,3.711,0.001000000000000334,True,0.001
POSCAR_Cr2P8_2_y950,Cr2P8_2_y950,Cr2P8_2,False,y950,ALTERMAGNET,rotation,1,2,P2_1,ALTERMAGNET,True,3,20.34,132,0.414385,1.673,3.622,-3.623,3.622,0.001000000000000334,True,0.001
POSCAR_Cr2P8_2_y975,Cr2P8_2_y975,Cr2P8_2,False,y975,ALTERMAGNET,rotation,1,2,P2_1,ALTERMAGNET,True,3,20.34,132,0.383121,1.774,3.644,-3.645,3.644,0.0009999999999998899,True,0.0
POSCAR_Cr2P8_2_z025,Cr2P8_2_z025,Cr2P8_2,False,z025,ALTERMAGNET,rotation,2,4,C222_1,ALTERMAGNET,True,3,20.34,132,0.346543,1.771,3.69,-3.691,3.69,0.0009999999999998899,True,0.001
POSCAR_Cr2P8_2_z050,Cr2P8_2_z050,Cr2P8_2,False,z050,ALTERMAGNET,rotation,2,4,C222_1,ALTERMAGNET,True,3,20.34,132,0.345603,1.858,3.712,-3.713,3.712,0.0009999999999998899,True,0.001
POSCAR_Cr2P8_2_z950,Cr2P8_2_z950,Cr2P8_2,False,z950,ALTERMAGNET,rotation,2,4,C222_1,ALTERMAGNET,True,3,20.34,132,0.364473,1.904,3.601,-3.602,3.601,0.0009999999999998899,True,0.003
POSCAR_Cr2P8_2_z975,Cr2P8_2_z975,Cr2P8_2,False,z975,ALTERMAGNET,rotation,2,4,C222_1,ALTERMAGNET,True,3,20.34,132,0.380539,1.622,3.636,-3.637,3.636,0.0009999999999998899,True,0.001
POSCAR_Cr2Pb13_1,Cr2Pb13_1,Cr2Pb13_1,True,none,conventional_AFM_inversion,inversion,1,2,P-1,conventional_AFM_inversion,True,3,2.6,6,0.019629,1.653,4.219,-4.22,4.219,0.0009999999999994458,True,0.0
POSCAR_Cr2Pb13_1_st025,Cr2Pb13_1_st025,Cr2Pb13_1,False,st025,compensated_FiM_candidate,,0,1,P1,conventional_AFM_inversion,False,3,2.6,6,0.017472,1.459,4.247,-4.247,4.247,0.0,True,0.0
POSCAR_Cr2Pb13_1_st050,Cr2Pb13_1_st050,Cr2Pb13_1,False,st050,compensated_FiM_candidate,,0,1,P1,conventional_AFM_inversion,False,3,2.6,6,0.014424,1.407,4.27,-4.271,4.27,0.001000000000000334,True,0.003
POSCAR_Cr2Pb13_1_st950,Cr2Pb13_1_st950,Cr2Pb13_1,False,st950,conventional_AFM_inversion,inversion,1,2,P-1,conventional_AFM_inversion,True,3,2.6,6,0.018682,2.007,4.15,-4.15,4.15,0.0,True,0.0
POSCAR_Cr2Pb13_1_x025,Cr2Pb13_1_x025,Cr2Pb13_1,False,x025,conventional_AFM_inversion,inversion,1,2,P-1,conventional_AFM_inversion,True,3,2.6,6,0.019133,1.712,4.229,-4.23,4.229,0.001000000000000334,True,0.002
POSCAR_Cr2Pb13_1_x050,Cr2Pb13_1_x050,Cr2Pb13_1,False,x050,conventional_AFM_inversion,inversion,1,2,P-1,conventional_AFM_inversion,True,3,2.6,6,0.018963,1.578,4.238,-4.238,4.238,0.0,True,0.003
POSCAR_Cr2Pb13_1_x975,Cr2Pb13_1_x975,Cr2Pb13_1,False,x975,conventional_AFM_inversion,inversion,1,2,P-1,conventional_AFM_inversion,True,3,2.6,6,0.019137,2.013,4.209,-4.21,4.209,0.001000000000000334,True,0.004
POSCAR_Cr2Pb13_1_y025,Cr2Pb13_1_y025,Cr2Pb13_1,False,y025,compensated_FiM_candidate,,0,1,P1,conventional_AFM_inversion,False,3,2.6,6,0.01845,2.443,4.227,-4.228,4.227,0.0009999999999994458,True,0.002
POSCAR_Cr2Pb13_1_y050,Cr2Pb13_1_y050,Cr2Pb13_1,False,y050,compensated_FiM_candidate,,0,1,P1,conventional_AFM_inversion,False,3,2.6,6,0.021467,1.485,4.233,-4.234,4.233,0.001000000000000334,True,0.001
POSCAR_Cr2Pb13_1_y950,Cr2Pb13_1_y950,Cr2Pb13_1,False,y950,conventional_AFM_inversion,inversion,1,2,P-1,conventional_AFM_inversion,True,3,2.6,6,0.019999,1.696,4.203,-4.204,4.203,0.0009999999999994458,True,0.001
POSCAR_Cr2Pb13_1_y975,Cr2Pb13_1_y975,Cr2Pb13_1,False,y975,conventional_AFM_inversion,inversion,1,2,P-1,conventional_AFM_inversion,True,3,2.6,6,0.020962,1.643,4.212,-4.213,4.212,0.001000000000000334,True,0.002
POSCAR_Cr2Pb13_1_z025,Cr2Pb13_1_z025,Cr2Pb13_1,False,z025,conventional_AFM_inversion,inversion,1,2,P-1,conventional_AFM_inversion,True,3,2.6,6,0.018798,1.642,4.231,-4.232,4.231,0.001000000000000334,True,0.0
POSCAR_Cr2Pb13_1_z050,Cr2Pb13_1_z050,Cr2Pb13_1,False,z050,conventional_AFM_inversion,inversion,1,2,P-1,conventional_AFM_inversion,True,3,2.6,6,0.015753,1.697,4.24,-4.241,4.24,0.0009999999999994458,True,0.004
POSCAR_Cr2Pb13_1_z950,Cr2Pb13_1_z950,Cr2Pb13_1,False,z950,conventional_AFM_inversion,inversion,1,2,P-1,conventional_AFM_inversion,True,3,2.6,6,0.022564,2.193,4.194,-4.195,4.194,0.001000000000000334,True,0.003
POSCAR_Cr2Pb13_1_z975,Cr2Pb13_1_z975,Cr2Pb13_1,False,z975,conventional_AFM_inversion,inversion,1,2,P-1,conventional_AFM_inversion,True,3,2.6,6,0.01935,2.021,4.208,-4.208,4.208,0.0,True,0.002
POSCAR_Cr2Pb8_2,Cr2Pb8_2,Cr2Pb8_2,True,none,conventional_AFM_inversion,inversion|mirror/rotoinv,4,8,Cmme,conventional_AFM_inversion,True,3,67.507,605,0.013435,0.234,4.164,-4.164,4.164,0.0,True,0.0
POSCAR_Cr2Pb8_2_st025,Cr2Pb8_2_st025,Cr2Pb8_2,False,st025,conventional_AFM_inversion,inversion|mirror/rotoinv,4,8,Cmme,conventional_AFM_inversion,True,3,67.507,605,0.011684,0.187,4.198,-4.197,4.198,0.001000000000000334,True,0.001
POSCAR_Cr2Pb8_2_st950,Cr2Pb8_2_st950,Cr2Pb8_2,False,st950,conventional_AFM_inversion,inversion|mirror/rotoinv,4,8,Cmme,conventional_AFM_inversion,True,3,67.507,605,0.016218,0.28,4.072,-4.072,4.072,0.0,True,0.0
POSCAR_Cr2Pb8_2_st975,Cr2Pb8_2_st975,Cr2Pb8_2,False,st975,conventional_AFM_inversion,inversion|mirror/rotoinv,4,8,Cmme,conventional_AFM_inversion,True,3,67.507,605,0.015046,0.414,4.12,-4.12,4.12,0.0,True,0.001
POSCAR_Cr2Pb8_2_x025,Cr2Pb8_2_x025,Cr2Pb8_2,False,x025,conventional_AFM_inversion,inversion|mirror/rotoinv,4,8,Cmme,conventional_AFM_inversion,True,3,67.507,605,0.012092,0.246,4.175,-4.175,4.175,0.0,True,0.001
POSCAR_Cr2Pb8_2_x050,Cr2Pb8_2_x050,Cr2Pb8_2,False,x050,conventional_AFM_inversion,inversion|mirror/rotoinv,4,8,Cmme,conventional_AFM_inversion,True,3,67.507,605,0.010814,0.22,4.184,-4.184,4.184,0.0,True,0.001
POSCAR_Cr2Pb8_2_x950,Cr2Pb8_2_x950,Cr2Pb8_2,False,x950,conventional_AFM_inversion,inversion|mirror/rotoinv,4,8,Cmme,conventional_AFM_inversion,True,3,67.507,605,0.014205,0.185,4.139,-4.139,4.139,0.0,True,0.0
POSCAR_Cr2Pb8_2_x975,Cr2Pb8_2_x975,Cr2Pb8_2,False,x975,conventional_AFM_inversion,inversion|mirror/rotoinv,4,8,Cmme,conventional_AFM_inversion,True,3,67.507,605,0.014307,0.242,4.152,-4.152,4.152,0.0,True,0.0
POSCAR_Cr2Pb8_2_y025,Cr2Pb8_2_y025,Cr2Pb8_2,False,y025,conventional_AFM_inversion,inversion|mirror/rotoinv,2,4,P2/c,conventional_AFM_inversion,True,3,67.507,605,0.012365,0.469,4.175,-4.175,4.175,0.0,True,0.0
POSCAR_Cr2Pb8_2_y050,Cr2Pb8_2_y050,Cr2Pb8_2,False,y050,conventional_AFM_inversion,inversion|mirror/rotoinv,2,4,P2/c,conventional_AFM_inversion,True,3,67.507,605,0.011306,0.544,4.186,-4.186,4.186,0.0,True,0.0
POSCAR_Cr2Pb8_2_y950,Cr2Pb8_2_y950,Cr2Pb8_2,False,y950,conventional_AFM_inversion,inversion|mirror/rotoinv,2,4,P2/c,conventional_AFM_inversion,True,3,67.507,605,0.0151,0.664,4.136,-4.136,4.136,0.0,True,0.0
POSCAR_Cr2Pb8_2_y975,Cr2Pb8_2_y975,Cr2Pb8_2,False,y975,conventional_AFM_inversion,inversion|mirror/rotoinv,2,4,P2/c,conventional_AFM_inversion,True,3,67.507,605,0.014526,0.509,4.151,-4.151,4.151,0.0,True,0.0
POSCAR_Cr2Pb8_2_z025,Cr2Pb8_2_z025,Cr2Pb8_2,False,z025,conventional_AFM_inversion,inversion|mirror/rotoinv,2,4,P2/c,conventional_AFM_inversion,True,3,67.507,605,0.013568,0.479,4.175,-4.175,4.175,0.0,True,0.0
POSCAR_Cr2Pb8_2_z050,Cr2Pb8_2_z050,Cr2Pb8_2,False,z050,conventional_AFM_inversion,inversion|mirror/rotoinv,2,4,P2/c,conventional_AFM_inversion,True,3,67.507,605,0.011942,0.5,4.186,-4.186,4.186,0.0,True,0.0
POSCAR_Cr2Pb8_2_z950,Cr2Pb8_2_z950,Cr2Pb8_2,False,z950,conventional_AFM_inversion,inversion|mirror/rotoinv,2,4,P2/c,conventional_AFM_inversion,True,3,67.507,605,0.014027,0.764,4.136,-4.136,4.136,0.0,True,0.002
POSCAR_Cr2Pb8_2_z975,Cr2Pb8_2_z975,Cr2Pb8_2,False,z975,conventional_AFM_inversion,inversion|mirror/rotoinv,2,4,P2/c,conventional_AFM_inversion,True,3,67.507,605,0.012793,0.487,4.151,-4.151,4.151,0.0,True,0.0
POSCAR_Cr2S2_1,Cr2S2_1,Cr2S2_1,True,none,ALTERMAGNET,mirror/rotoinv|rotation,4,8,Cmcm,ALTERMAGNET,True,3,63.463,561,0.766667,1.765,3.751,-3.751,3.751,0.0,True,0.0
POSCAR_Cr2S2_1_st025,Cr2S2_1_st025,Cr2S2_1,False,st025,ALTERMAGNET,mirror/rotoinv|rotation,4,8,Cmcm,ALTERMAGNET,True,3,63.463,561,0.71983,2.353,3.788,-3.787,3.788,0.0009999999999998899,True,0.0
POSCAR_Cr2S2_1_st050,Cr2S2_1_st050,Cr2S2_1,False,st050,ALTERMAGNET,mirror/rotoinv|rotation,4,8,Cmcm,ALTERMAGNET,True,3,63.463,561,0.677717,1.328,3.819,-3.819,3.819,0.0,True,0.0
POSCAR_Cr2S2_1_st950,Cr2S2_1_st950,Cr2S2_1,False,st950,ALTERMAGNET,mirror/rotoinv|rotation,4,8,Cmcm,ALTERMAGNET,True,3,63.463,561,0.902833,1.752,3.652,-3.652,3.652,0.0,True,0.0
POSCAR_Cr2S2_1_st975,Cr2S2_1_st975,Cr2S2_1,False,st975,ALTERMAGNET,mirror/rotoinv|rotation,4,8,Cmcm,ALTERMAGNET,True,3,63.463,561,0.82782,2.203,3.707,-3.707,3.707,0.0,True,0.0
POSCAR_Cr2S2_1_x025,Cr2S2_1_x025,Cr2S2_1,False,x025,ALTERMAGNET,mirror/rotoinv|rotation,2,4,P2_1/m,ALTERMAGNET,True,3,63.463,561,0.719078,1.571,3.761,-3.761,3.761,0.0,True,0.0
POSCAR_Cr2S2_1_x050,Cr2S2_1_x050,Cr2S2_1,False,x050,ALTERMAGNET,mirror/rotoinv|rotation,2,4,P2_1/m,ALTERMAGNET,True,3,63.463,561,0.676615,1.537,3.77,-3.77,3.77,0.0,True,0.0
POSCAR_Cr2S2_1_x950,Cr2S2_1_x950,Cr2S2_1,False,x950,ALTERMAGNET,mirror/rotoinv|rotation,2,4,P2_1/m,ALTERMAGNET,True,3,63.463,561,0.879047,1.834,3.726,-3.726,3.726,0.0,True,0.0
POSCAR_Cr2S2_1_x975,Cr2S2_1_x975,Cr2S2_1,False,x975,ALTERMAGNET,mirror/rotoinv|rotation,2,4,P2_1/m,ALTERMAGNET,True,3,63.463,561,0.822587,1.535,3.74,-3.739,3.74,0.001000000000000334,True,0.0
POSCAR_Cr2S2_1_y025,Cr2S2_1_y025,Cr2S2_1,False,y025,ALTERMAGNET,mirror/rotoinv|rotation,2,4,P2_1/m,ALTERMAGNET,True,3,63.463,561,0.792498,1.501,3.764,-3.764,3.764,0.0,True,0.0
POSCAR_Cr2S2_1_y050,Cr2S2_1_y050,Cr2S2_1,False,y050,ALTERMAGNET,mirror/rotoinv|rotation,2,4,P2_1/m,ALTERMAGNET,True,3,63.463,561,0.81904,1.526,3.775,-3.775,3.775,0.0,True,0.0
POSCAR_Cr2S2_1_y950,Cr2S2_1_y950,Cr2S2_1,False,y950,ALTERMAGNET,mirror/rotoinv|rotation,2,4,P2_1/m,ALTERMAGNET,True,3,63.463,561,0.725002,1.731,3.721,-3.721,3.721,0.0,True,0.0
POSCAR_Cr2S2_1_y975,Cr2S2_1_y975,Cr2S2_1,False,y975,ALTERMAGNET,mirror/rotoinv|rotation,2,4,P2_1/m,ALTERMAGNET,True,3,63.463,561,0.74726,1.535,3.737,-3.737,3.737,0.0,True,0.0
POSCAR_Cr2S2_1_z025,Cr2S2_1_z025,Cr2S2_1,False,z025,ALTERMAGNET,mirror/rotoinv|rotation,4,8,Cmcm,ALTERMAGNET,True,3,63.463,561,0.746748,1.739,3.766,-3.766,3.766,0.0,True,0.0
POSCAR_Cr2S2_1_z050,Cr2S2_1_z050,Cr2S2_1,False,z050,ALTERMAGNET,mirror/rotoinv|rotation,4,8,Cmcm,ALTERMAGNET,True,3,63.463,561,0.726215,1.798,3.78,-3.78,3.78,0.0,True,0.0
POSCAR_Cr2S2_1_z950,Cr2S2_1_z950,Cr2S2_1,False,z950,ALTERMAGNET,mirror/rotoinv|rotation,4,8,Cmcm,ALTERMAGNET,True,3,63.463,561,0.819967,1.889,3.716,-3.715,3.716,0.001000000000000334,True,0.0
POSCAR_Cr2S2_1_z975,Cr2S2_1_z975,Cr2S2_1,False,z975,ALTERMAGNET,mirror/rotoinv|rotation,4,8,Cmcm,ALTERMAGNET,True,3,63.463,561,0.793052,1.455,3.734,-3.734,3.734,0.0,True,0.0
POSCAR_Cr2S2_2,Cr2S2_2,Cr2S2_2,True,none,ALTERMAGNET,mirror/rotoinv|rotation,2,4,C2/c,ALTERMAGNET,True,3,15.89,96,0.586071,2.328,3.779,-3.779,3.779,0.0,True,0.0
POSCAR_Cr2S2_2_st025,Cr2S2_2_st025,Cr2S2_2,False,st025,ALTERMAGNET,mirror/rotoinv|rotation,2,4,C2/c,ALTERMAGNET,True,3,15.89,96,0.552744,2.226,3.81,-3.81,3.81,0.0,True,0.0
POSCAR_Cr2S2_2_st050,Cr2S2_2_st050,Cr2S2_2,False,st050,ALTERMAGNET,mirror/rotoinv|rotation,2,4,C2/c,ALTERMAGNET,True,3,15.89,96,0.524222,2.201,3.837,-3.837,3.837,0.0,True,0.0
POSCAR_Cr2S2_2_st950,Cr2S2_2_st950,Cr2S2_2,False,st950,ALTERMAGNET,mirror/rotoinv|rotation,2,4,C2/c,ALTERMAGNET,True,3,15.89,96,0.81405,2.311,3.699,-3.698,3.699,0.0009999999999998899,True,0.0
POSCAR_Cr2S2_2_st975,Cr2S2_2_st975,Cr2S2_2,False,st975,ALTERMAGNET,mirror/rotoinv|rotation,2,4,C2/c,ALTERMAGNET,True,3,15.89,96,0.661331,2.375,3.743,-3.743,3.743,0.0,True,0.0
POSCAR_Cr2S2_2_z025,Cr2S2_2_z025,Cr2S2_2,False,z025,ALTERMAGNET,mirror/rotoinv|rotation,2,4,C2/c,ALTERMAGNET,True,3,15.89,96,0.569787,2.292,3.789,-3.788,3.789,0.001000000000000334,True,0.0
POSCAR_Cr2S2_2_z050,Cr2S2_2_z050,Cr2S2_2,False,z050,ALTERMAGNET,mirror/rotoinv|rotation,2,4,C2/c,ALTERMAGNET,True,3,15.89,96,0.55592,2.207,3.798,-3.797,3.798,0.0009999999999998899,True,0.0
POSCAR_Cr2S2_2_z950,Cr2S2_2_z950,Cr2S2_2,False,z950,ALTERMAGNET,mirror/rotoinv|rotation,2,4,C2/c,ALTERMAGNET,True,3,15.89,96,0.681751,2.333,3.759,-3.759,3.759,0.0,True,0.0
POSCAR_Cr2S2_2_z975,Cr2S2_2_z975,Cr2S2_2,False,z975,ALTERMAGNET,mirror/rotoinv|rotation,2,4,C2/c,ALTERMAGNET,True,3,15.89,96,0.615927,2.332,3.77,-3.769,3.77,0.0009999999999998899,True,0.0
POSCAR_Cr2S2_3,Cr2S2_3,Cr2S2_3,True,none,compensated_FiM_candidate,,0,1,P1,compensated_FiM_candidate,True,1,1.1,1,0.020292,3.321,3.761,-3.761,3.761,0.0,True,0.0
POSCAR_Cr2S2_3_st025,Cr2S2_3_st025,Cr2S2_3,False,st025,compensated_FiM_candidate,,0,1,P1,compensated_FiM_candidate,True,1,1.1,1,0.019444,3.14,3.789,-3.788,3.789,0.001000000000000334,True,0.0
POSCAR_Cr2S2_3_st050,Cr2S2_3_st050,Cr2S2_3,False,st050,compensated_FiM_candidate,,0,1,P1,compensated_FiM_candidate,True,1,1.1,1,0.018436,2.751,3.813,-3.813,3.813,0.0,True,0.0
POSCAR_Cr2S2_3_st950,Cr2S2_3_st950,Cr2S2_3,False,st950,conventional_AFM_translation,translation,1,2,P1,compensated_FiM_candidate,False,1,1.1,1,0.023146,5.3,3.698,-3.698,3.698,0.0,True,0.001
POSCAR_Cr2S2_3_st975,Cr2S2_3_st975,Cr2S2_3,False,st975,compensated_FiM_candidate,,0,1,P1,compensated_FiM_candidate,True,1,1.1,1,0.021336,4.226,3.734,-3.733,3.734,0.0009999999999998899,True,0.001
POSCAR_Cr2S2_3_x025,Cr2S2_3_x025,Cr2S2_3,False,x025,compensated_FiM_candidate,,0,1,P1,compensated_FiM_candidate,True,1,1.1,1,0.021069,5.857,3.77,-3.77,3.77,0.0,True,0.0
POSCAR_Cr2S2_3_x050,Cr2S2_3_x050,Cr2S2_3,False,x050,compensated_FiM_candidate,,0,1,P1,compensated_FiM_candidate,True,1,1.1,1,0.021758,7.249,3.78,-3.779,3.78,0.0009999999999998899,True,0.0
POSCAR_Cr2S2_3_x950,Cr2S2_3_x950,Cr2S2_3,False,x950,conventional_AFM_translation,translation,1,2,P1,compensated_FiM_candidate,False,1,1.1,1,0.018661,1.664,3.746,-3.746,3.746,0.0,True,0.0
POSCAR_Cr2S2_3_x975,Cr2S2_3_x975,Cr2S2_3,False,x975,compensated_FiM_candidate,,0,1,P1,compensated_FiM_candidate,True,1,1.1,1,0.019457,2.186,3.752,-3.752,3.752,0.0,True,0.0
POSCAR_Cr2S2_3_y025,Cr2S2_3_y025,Cr2S2_3,False,y025,compensated_FiM_candidate,,0,1,P1,compensated_FiM_candidate,True,1,1.1,1,0.019378,3.11,3.771,-3.77,3.771,0.0009999999999998899,True,0.0
POSCAR_Cr2S2_3_y050,Cr2S2_3_y050,Cr2S2_3,False,y050,compensated_FiM_candidate,,0,1,P1,compensated_FiM_candidate,True,1,1.1,1,0.018317,2.673,3.78,-3.78,3.78,0.0,True,0.0
POSCAR_Cr2S2_3_y950,Cr2S2_3_y950,Cr2S2_3,False,y950,compensated_FiM_candidate,,0,1,P1,compensated_FiM_candidate,True,1,1.1,1,0.02336,6.927,3.744,-3.744,3.744,0.0,True,0.0
POSCAR_Cr2S2_3_y975,Cr2S2_3_y975,Cr2S2_3,False,y975,compensated_FiM_candidate,,0,1,P1,compensated_FiM_candidate,True,1,1.1,1,0.020997,4.84,3.752,-3.752,3.752,0.0,True,0.0
POSCAR_Cr2S2_3_z025,Cr2S2_3_z025,Cr2S2_3,False,z025,compensated_FiM_candidate,,0,1,P1,compensated_FiM_candidate,True,1,1.1,1,0.019308,2.241,3.771,-3.771,3.771,0.0,True,0.0
POSCAR_Cr2S2_3_z050,Cr2S2_3_z050,Cr2S2_3,False,z050,compensated_FiM_candidate,,0,1,P1,compensated_FiM_candidate,True,1,1.1,1,0.01779,1.278,3.78,-3.78,3.78,0.0,True,0.0
POSCAR_Cr2S2_3_z950,Cr2S2_3_z950,Cr2S2_3,False,z950,compensated_FiM_candidate,,0,1,P1,compensated_FiM_candidate,True,1,1.1,1,0.022393,3.871,3.742,-3.741,3.742,0.0009999999999998899,True,0.001
POSCAR_Cr2S2_3_z975,Cr2S2_3_z975,Cr2S2_3,False,z975,compensated_FiM_candidate,,0,1,P1,compensated_FiM_candidate,True,1,1.1,1,0.020954,5.702,3.754,-3.753,3.754,0.0009999999999998899,True,0.002
POSCAR_Cr2S2_5,Cr2S2_5,Cr2S2_5,True,none,ALTERMAGNET,mirror/rotoinv|rotation,2,4,C2/c,ALTERMAGNET,True,3,15.89,96,0.579189,7.108,3.78,-3.779,3.78,0.0009999999999998899,True,0.001
POSCAR_Cr2S2_5_st025,Cr2S2_5_st025,Cr2S2_5,False,st025,ALTERMAGNET,mirror/rotoinv|rotation,2,4,C2/c,ALTERMAGNET,True,3,15.89,96,0.534906,6.282,3.81,-3.81,3.81,0.0,True,0.001
POSCAR_Cr2S2_5_st050,Cr2S2_5_st050,Cr2S2_5,False,st050,ALTERMAGNET,mirror/rotoinv|rotation,2,4,C2/c,ALTERMAGNET,True,3,15.89,96,0.500436,6.135,3.838,-3.838,3.838,0.0,True,0.001
POSCAR_Cr2S2_5_st950,Cr2S2_5_st950,Cr2S2_5,False,st950,ALTERMAGNET,mirror/rotoinv|rotation,2,4,C2/c,ALTERMAGNET,True,3,15.89,96,0.850929,7.691,3.699,-3.699,3.699,0.0,True,0.001
POSCAR_Cr2S2_5_st975,Cr2S2_5_st975,Cr2S2_5,False,st975,ALTERMAGNET,mirror/rotoinv|rotation,2,4,C2/c,ALTERMAGNET,True,3,15.89,96,0.702008,7.598,3.743,-3.743,3.743,0.0,True,0.001
POSCAR_Cr2S2_5_z025,Cr2S2_5_z025,Cr2S2_5,False,z025,ALTERMAGNET,mirror/rotoinv|rotation,2,4,C2/c,ALTERMAGNET,True,3,15.89,96,0.53061,8.871,3.788,-3.79,3.788,0.002000000000000224,True,0.001
POSCAR_Cr2Sb2_1,Cr2Sb2_1,Cr2Sb2_1,True,none,ALTERMAGNET,mirror/rotoinv|rotation,12,24,P6_3/mmc,ALTERMAGNET,True,3,194.269,1499,1.193991,5.075,3.868,-3.866,3.868,0.0019999999999997797,True,0.002
POSCAR_Cr2Sb2_1_st025,Cr2Sb2_1_st025,Cr2Sb2_1,False,st025,ALTERMAGNET,mirror/rotoinv|rotation,12,24,P6_3/mmc,ALTERMAGNET,True,3,194.269,1499,0.977622,3.793,3.938,-3.937,3.938,0.001000000000000334,True,0.002
POSCAR_Cr2Sb2_1_st050,Cr2Sb2_1_st050,Cr2Sb2_1,False,st050,ALTERMAGNET,mirror/rotoinv|rotation,12,24,P6_3/mmc,ALTERMAGNET,True,3,194.269,1499,0.791015,4.803,3.992,-3.99,3.992,0.0019999999999997797,True,0.003
POSCAR_Cr2Sb2_1_st950,Cr2Sb2_1_st950,Cr2Sb2_1,False,st950,ALTERMAGNET,mirror/rotoinv|rotation,12,24,P6_3/mmc,ALTERMAGNET,True,3,194.269,1499,1.386081,4.099,3.698,-3.7,3.698,0.002000000000000224,True,0.002
POSCAR_Cr2Sb2_1_st975,Cr2Sb2_1_st975,Cr2Sb2_1,False,st975,ALTERMAGNET,mirror/rotoinv|rotation,12,24,P6_3/mmc,ALTERMAGNET,True,3,194.269,1499,1.372512,3.849,3.79,-3.789,3.79,0.0009999999999998899,True,0.001
POSCAR_Cr2Sb2_1_x050,Cr2Sb2_1_x050,Cr2Sb2_1,False,x050,ALTERMAGNET,mirror/rotoinv|rotation,2,4,P2_1/m,ALTERMAGNET,True,3,194.269,1499,1.172253,3.602,3.915,-3.916,3.915,0.0009999999999998899,True,0.003
POSCAR_Cr2Sb2_1_y050,Cr2Sb2_1_y050,Cr2Sb2_1,False,y050,ALTERMAGNET,mirror/rotoinv|rotation,2,4,P2_1/m,ALTERMAGNET,True,3,194.269,1499,1.172031,3.593,3.915,-3.916,3.915,0.0009999999999998899,True,0.003
POSCAR_Cr2Sb2_1_z025,Cr2Sb2_1_z025,Cr2Sb2_1,False,z025,ALTERMAGNET,mirror/rotoinv|rotation,12,24,P6_3/mmc,ALTERMAGNET,True,3,194.269,1499,1.019118,3.391,3.895,-3.895,3.895,0.0,True,0.0
POSCAR_Cr2Sb2_1_z050,Cr2Sb2_1_z050,Cr2Sb2_1,False,z050,ALTERMAGNET,mirror/rotoinv|rotation,12,24,P6_3/mmc,ALTERMAGNET,True,3,194.269,1499,0.924203,4.641,3.917,-3.915,3.917,0.0019999999999997797,True,0.002
POSCAR_Cr2Sb2_1_z950,Cr2Sb2_1_z950,Cr2Sb2_1,False,z950,ALTERMAGNET,mirror/rotoinv|rotation,12,24,P6_3/mmc,ALTERMAGNET,True,3,194.269,1499,1.513067,3.921,3.819,-3.818,3.819,0.0009999999999998899,True,0.001
POSCAR_Cr2Sb2_1_z975,Cr2Sb2_1_z975,Cr2Sb2_1,False,z975,ALTERMAGNET,mirror/rotoinv|rotation,12,24,P6_3/mmc,ALTERMAGNET,True,3,194.269,1499,1.362404,4.396,3.843,-3.845,3.843,0.002000000000000224,True,0.002
POSCAR_Cr2Sb2_2,Cr2Sb2_2,Cr2Sb2_2,True,none,conventional_AFM_translation,inversion|translation,2,4,P-1,conventional_AFM_translation,True,4,2.7,7,0.010588,0.93,4.11,-4.109,4.11,0.001000000000000334,True,0.0
POSCAR_Cr2Sb2_2_st950,Cr2Sb2_2_st950,Cr2Sb2_2,False,st950,conventional_AFM_translation,inversion|translation,2,4,P-1,conventional_AFM_translation,True,4,2.7,7,0.011874,0.798,3.994,-3.994,3.994,0.0,True,0.0
POSCAR_Cr2Sb2_2_st975,Cr2Sb2_2_st975,Cr2Sb2_2,False,st975,conventional_AFM_translation,inversion|translation,2,4,P-1,conventional_AFM_translation,True,4,2.7,7,0.013635,1.121,4.06,-4.06,4.06,0.0,True,0.0
POSCAR_Cr2Sb2_2_x025,Cr2Sb2_2_x025,Cr2Sb2_2,False,x025,conventional_AFM_translation,inversion|translation,2,4,P-1,conventional_AFM_translation,True,4,2.7,7,0.010785,2.243,4.123,-4.122,4.123,0.001000000000000334,True,0.002
POSCAR_Cr2Sb2_2_x050,Cr2Sb2_2_x050,Cr2Sb2_2,False,x050,conventional_AFM_translation,inversion|translation,2,4,P-1,conventional_AFM_translation,True,4,2.7,7,0.011607,1.278,4.134,-4.134,4.134,0.0,True,0.001
POSCAR_Cr2Sb2_2_x950,Cr2Sb2_2_x950,Cr2Sb2_2,False,x950,conventional_AFM_translation,inversion|translation,2,4,P-1,conventional_AFM_translation,True,4,2.7,7,0.01248,1.013,4.087,-4.087,4.087,0.0,True,0.0
POSCAR_Cr2Sb2_2_x975,Cr2Sb2_2_x975,Cr2Sb2_2,False,x975,conventional_AFM_translation,inversion|translation,2,4,P-1,conventional_AFM_translation,True,4,2.7,7,0.011071,3.013,4.099,-4.098,4.099,0.001000000000000334,True,0.003
POSCAR_Cr2Sb2_2_y025,Cr2Sb2_2_y025,Cr2Sb2_2,False,y025,conventional_AFM_translation,inversion|translation,2,4,P-1,conventional_AFM_translation,True,4,2.7,7,0.009855,1.12,4.124,-4.124,4.124,0.0,True,0.0
POSCAR_Cr2Sb2_2_y050,Cr2Sb2_2_y050,Cr2Sb2_2,False,y050,conventional_AFM_translation,inversion|translation,2,4,P-1,conventional_AFM_translation,True,4,2.7,7,0.009451,1.595,4.138,-4.137,4.138,0.001000000000000334,True,0.0
POSCAR_Cr2Sb2_2_y950,Cr2Sb2_2_y950,Cr2Sb2_2,False,y950,conventional_AFM_translation,inversion|translation,2,4,P-1,conventional_AFM_translation,True,4,2.7,7,0.01449,1.396,4.087,-4.086,4.087,0.0009999999999994458,True,0.001
POSCAR_Cr2Sb2_2_y975,Cr2Sb2_2_y975,Cr2Sb2_2,False,y975,conventional_AFM_translation,inversion|translation,2,4,P-1,conventional_AFM_translation,True,4,2.7,7,0.01323,3.771,4.098,-4.095,4.098,0.0030000000000001137,True,0.004
POSCAR_Cr2Sb2_2_z025,Cr2Sb2_2_z025,Cr2Sb2_2,False,z025,conventional_AFM_translation,inversion|translation,2,4,P-1,conventional_AFM_translation,True,4,2.7,7,0.010561,0.864,4.13,-4.129,4.13,0.001000000000000334,True,0.001
POSCAR_Cr2Sb2_2_z050,Cr2Sb2_2_z050,Cr2Sb2_2,False,z050,conventional_AFM_translation,inversion|translation,2,4,P-1,conventional_AFM_translation,True,4,2.7,7,0.008929,1.975,4.151,-4.15,4.151,0.0009999999999994458,True,0.002
POSCAR_Cr2Sb2_2_z950,Cr2Sb2_2_z950,Cr2Sb2_2,False,z950,conventional_AFM_translation,inversion|mirror/rotoinv|rotation|translation,4,8,C2/m,conventional_AFM_translation,True,4,2.7,7,0.015638,1.271,4.067,-4.067,4.067,0.0,True,0.001
POSCAR_Cr2Sb2_2_z975,Cr2Sb2_2_z975,Cr2Sb2_2,False,z975,conventional_AFM_translation,inversion|translation,2,4,P-1,conventional_AFM_translation,True,4,2.7,7,0.01126,1.297,4.09,-4.09,4.09,0.0,True,0.001
POSCAR_Cr2Sb3_3,Cr2Sb3_3,Cr2Sb3_3,True,none,ALTERMAGNET,mirror/rotoinv|rotation,2,4,Fmm2,ALTERMAGNET,True,3,42.221,319,0.789409,7.556,4.002,-4.002,4.002,0.0,True,0.003
POSCAR_Cr2Sb3_3_st025,Cr2Sb3_3_st025,Cr2Sb3_3,False,st025,ALTERMAGNET,mirror/rotoinv|rotation,2,4,Fmm2,ALTERMAGNET,True,3,42.221,319,0.701053,6.4,4.05,-4.051,4.05,0.001000000000000334,True,0.002
POSCAR_Cr2Sb3_3_st050,Cr2Sb3_3_st050,Cr2Sb3_3,False,st050,ALTERMAGNET,mirror/rotoinv|rotation,2,4,Fmm2,ALTERMAGNET,True,3,42.221,319,0.671775,5.662,4.092,-4.093,4.092,0.001000000000000334,True,0.001
POSCAR_Cr2Sb3_3_st950,Cr2Sb3_3_st950,Cr2Sb3_3,False,st950,ALTERMAGNET,mirror/rotoinv|rotation,2,4,Fmm2,ALTERMAGNET,True,3,42.221,319,0.866976,9.306,3.871,-3.874,3.871,0.0030000000000001137,True,0.004
POSCAR_Cr2Sb3_3_st975,Cr2Sb3_3_st975,Cr2Sb3_3,False,st975,ALTERMAGNET,mirror/rotoinv|rotation,2,4,Fmm2,ALTERMAGNET,True,3,42.221,319,0.845775,8.24,3.944,-3.945,3.944,0.0009999999999998899,True,0.0
POSCAR_Cr2Sb3_3_x975,Cr2Sb3_3_x975,Cr2Sb3_3,False,x975,compensated_FiM_candidate,,0,1,P1,ALTERMAGNET,False,3,42.221,319,0.792306,8.177,3.981,-3.983,3.981,0.002000000000000224,True,0.003
POSCAR_Cr2Sb3_3_z025,Cr2Sb3_3_z025,Cr2Sb3_3,False,z025,ALTERMAGNET,rotation,1,2,C2,ALTERMAGNET,True,3,42.221,319,0.767798,7.036,4.014,-4.015,4.014,0.0009999999999994458,True,0.001
POSCAR_Cr2Sb3_3_z975,Cr2Sb3_3_z975,Cr2Sb3_3,False,z975,ALTERMAGNET,rotation,1,2,C2,ALTERMAGNET,True,3,42.221,319,0.782965,8.109,3.986,-3.989,3.986,0.0029999999999996696,True,0.004
POSCAR_Cr2Sb4_1,Cr2Sb4_1,Cr2Sb4_1,True,none,ALTERMAGNET,mirror/rotoinv|rotation,4,8,Pnnm,ALTERMAGNET,True,3,58.397,495,0.412857,0.058,3.854,-3.854,3.854,0.0,True,0.0
POSCAR_Cr2Sb4_1_st025,Cr2Sb4_1_st025,Cr2Sb4_1,False,st025,ALTERMAGNET,mirror/rotoinv|rotation,4,8,Pnnm,ALTERMAGNET,True,3,58.397,495,0.388459,0.061,3.926,-3.926,3.926,0.0,True,0.0
POSCAR_Cr2Sb4_1_st050,Cr2Sb4_1_st050,Cr2Sb4_1,False,st050,ALTERMAGNET,mirror/rotoinv|rotation,4,8,Pnnm,ALTERMAGNET,True,3,58.397,495,0.357756,0.164,3.986,-3.986,3.986,0.0,True,0.0
POSCAR_Cr2Sb4_1_st950,Cr2Sb4_1_st950,Cr2Sb4_1,False,st950,ALTERMAGNET,mirror/rotoinv|rotation,4,8,Pnnm,ALTERMAGNET,True,3,58.397,495,0.42505,0.181,3.656,-3.656,3.656,0.0,True,0.0
POSCAR_Cr2Sb4_1_st975,Cr2Sb4_1_st975,Cr2Sb4_1,False,st975,ALTERMAGNET,mirror/rotoinv|rotation,4,8,Pnnm,ALTERMAGNET,True,3,58.397,495,0.426412,0.06,3.763,-3.763,3.763,0.0,True,0.0
POSCAR_Cr2Sb4_1_x025,Cr2Sb4_1_x025,Cr2Sb4_1,False,x025,ALTERMAGNET,mirror/rotoinv|rotation,4,8,Pnnm,ALTERMAGNET,True,3,58.397,495,0.341858,0.131,3.858,-3.858,3.858,0.0,True,0.0
POSCAR_Cr2Sb4_1_x050,Cr2Sb4_1_x050,Cr2Sb4_1,False,x050,ALTERMAGNET,mirror/rotoinv|rotation,4,8,Pnnm,ALTERMAGNET,True,3,58.397,495,0.30736,0.066,3.86,-3.86,3.86,0.0,True,0.0
POSCAR_Cr2Sb4_1_x950,Cr2Sb4_1_x950,Cr2Sb4_1,False,x950,ALTERMAGNET,mirror/rotoinv|rotation,4,8,Pnnm,ALTERMAGNET,True,3,58.397,495,0.389521,0.136,3.852,-3.852,3.852,0.0,True,0.0
POSCAR_Cr2Sb4_1_x975,Cr2Sb4_1_x975,Cr2Sb4_1,False,x975,ALTERMAGNET,mirror/rotoinv|rotation,4,8,Pnnm,ALTERMAGNET,True,3,58.397,495,0.437039,0.067,3.852,-3.853,3.852,0.001000000000000334,True,0.0
POSCAR_Cr2Sb4_1_y025,Cr2Sb4_1_y025,Cr2Sb4_1,False,y025,ALTERMAGNET,mirror/rotoinv|rotation,4,8,Pnnm,ALTERMAGNET,True,3,58.397,495,0.436757,0.084,3.893,-3.893,3.893,0.0,True,0.0
POSCAR_Cr2Sb4_1_y050,Cr2Sb4_1_y050,Cr2Sb4_1,False,y050,ALTERMAGNET,mirror/rotoinv|rotation,4,8,Pnnm,ALTERMAGNET,True,3,58.397,495,0.426546,0.072,3.927,-3.927,3.927,0.0,True,0.0
POSCAR_Cr2Sb4_1_y950,Cr2Sb4_1_y950,Cr2Sb4_1,False,y950,ALTERMAGNET,mirror/rotoinv|rotation,4,8,Pnnm,ALTERMAGNET,True,3,58.397,495,0.364227,0.065,3.767,-3.767,3.767,0.0,True,0.0
POSCAR_Cr2Sb4_1_y975,Cr2Sb4_1_y975,Cr2Sb4_1,False,y975,ALTERMAGNET,mirror/rotoinv|rotation,4,8,Pnnm,ALTERMAGNET,True,3,58.397,495,0.379417,0.061,3.815,-3.815,3.815,0.0,True,0.0
POSCAR_Cr2Sb4_1_z025,Cr2Sb4_1_z025,Cr2Sb4_1,False,z025,ALTERMAGNET,mirror/rotoinv|rotation,4,8,Pnnm,ALTERMAGNET,True,3,58.397,495,0.411847,0.061,3.89,-3.89,3.89,0.0,True,0.0
POSCAR_Cr2Sb4_1_z050,Cr2Sb4_1_z050,Cr2Sb4_1,False,z050,ALTERMAGNET,mirror/rotoinv|rotation,4,8,Pnnm,ALTERMAGNET,True,3,58.397,495,0.400375,0.101,3.925,-3.925,3.925,0.0,True,0.0
POSCAR_Cr2Sb4_1_z950,Cr2Sb4_1_z950,Cr2Sb4_1,False,z950,ALTERMAGNET,mirror/rotoinv|rotation,4,8,Pnnm,ALTERMAGNET,True,3,58.397,495,0.396021,0.136,3.771,-3.771,3.771,0.0,True,0.0
POSCAR_Cr2Sb4_1_z975,Cr2Sb4_1_z975,Cr2Sb4_1,False,z975,ALTERMAGNET,mirror/rotoinv|rotation,4,8,Pnnm,ALTERMAGNET,True,3,58.397,495,0.370469,0.092,3.816,-3.816,3.816,0.0,True,0.0
POSCAR_Cr2Sb6_1,Cr2Sb6_1,Cr2Sb6_1,True,none,ALTERMAGNET,mirror/rotoinv|rotation,2,4,C2/c,ALTERMAGNET,True,3,15.89,96,0.536579,2.771,3.858,-3.857,3.858,0.0009999999999998899,True,0.004
POSCAR_Cr2Sb6_1_st050,Cr2Sb6_1_st050,Cr2Sb6_1,False,st050,ALTERMAGNET,mirror/rotoinv|rotation,2,4,C2/c,ALTERMAGNET,True,3,15.89,96,0.508847,2.166,3.996,-3.995,3.996,0.0009999999999998899,True,0.004
POSCAR_Cr2Sb6_1_st950,Cr2Sb6_1_st950,Cr2Sb6_1,False,st950,ALTERMAGNET,mirror/rotoinv|rotation,2,4,C2/c,ALTERMAGNET,True,3,15.89,96,0.517994,2.607,3.656,-3.658,3.656,0.0019999999999997797,True,0.004
POSCAR_Cr2Sb6_1_z025,Cr2Sb6_1_z025,Cr2Sb6_1,False,z025,compensated_FiM_candidate,,0,2,P-1,ALTERMAGNET,False,3,15.89,96,0.542872,8.043,3.893,-3.89,3.893,0.0029999999999996696,True,0.002
POSCAR_Cr2Sb8_1,Cr2Sb8_1,Cr2Sb8_1,True,none,conventional_AFM_inversion,inversion,1,2,P-1,conventional_AFM_inversion,True,3,2.6,6,0.011811,2.798,4.016,-4.016,4.016,0.0,True,0.001
POSCAR_Cr2Sb8_1_st025,Cr2Sb8_1_st025,Cr2Sb8_1,False,st025,conventional_AFM_inversion,inversion,1,2,P-1,conventional_AFM_inversion,True,3,2.6,6,0.011569,2.235,4.063,-4.064,4.063,0.001000000000000334,True,0.001
POSCAR_Cr2Sb8_1_st950,Cr2Sb8_1_st950,Cr2Sb8_1,False,st950,conventional_AFM_inversion,inversion,1,2,P-1,conventional_AFM_inversion,True,3,2.6,6,0.011308,3.045,3.878,-3.879,3.878,0.0009999999999998899,True,0.001
POSCAR_Cr2Sb8_1_st975,Cr2Sb8_1_st975,Cr2Sb8_1,False,st975,conventional_AFM_inversion,inversion,1,2,P-1,conventional_AFM_inversion,True,3,2.6,6,0.012222,2.743,3.955,-3.954,3.955,0.0009999999999998899,True,0.004
POSCAR_Cr2Sb8_1_x025,Cr2Sb8_1_x025,Cr2Sb8_1,False,x025,conventional_AFM_inversion,inversion,1,2,P-1,conventional_AFM_inversion,True,3,2.6,6,0.01189,2.774,4.027,-4.027,4.027,0.0,True,0.0
POSCAR_Cr2Sb8_1_x050,Cr2Sb8_1_x050,Cr2Sb8_1,False,x050,conventional_AFM_inversion,inversion,1,2,P-1,conventional_AFM_inversion,True,3,2.6,6,0.011517,2.593,4.037,-4.037,4.037,0.0,True,0.002
POSCAR_Cr2Sb8_1_x950,Cr2Sb8_1_x950,Cr2Sb8_1,False,x950,conventional_AFM_inversion,inversion,1,2,P-1,conventional_AFM_inversion,True,3,2.6,6,0.012295,2.67,3.986,-3.986,3.986,0.0,True,0.0
POSCAR_Cr2Sb8_1_x975,Cr2Sb8_1_x975,Cr2Sb8_1,False,x975,conventional_AFM_inversion,inversion,1,2,P-1,conventional_AFM_inversion,True,3,2.6,6,0.011689,3.027,4.002,-4.002,4.002,0.0,True,0.001
POSCAR_Cr2Sb8_1_y025,Cr2Sb8_1_y025,Cr2Sb8_1,False,y025,conventional_AFM_inversion,inversion,1,2,P-1,conventional_AFM_inversion,True,3,2.6,6,0.011011,3.096,4.035,-4.035,4.035,0.0,True,0.001
POSCAR_Cr2Sb8_1_y050,Cr2Sb8_1_y050,Cr2Sb8_1,False,y050,conventional_AFM_inversion,inversion,1,2,P-1,conventional_AFM_inversion,True,3,2.6,6,0.01063,3.148,4.049,-4.05,4.049,0.0009999999999994458,True,0.003
POSCAR_Cr2Sb8_1_y950,Cr2Sb8_1_y950,Cr2Sb8_1,False,y950,conventional_AFM_inversion,inversion,1,2,P-1,conventional_AFM_inversion,True,3,2.6,6,0.012603,2.596,3.967,-3.967,3.967,0.0,True,0.001
POSCAR_Cr2Sb8_1_y975,Cr2Sb8_1_y975,Cr2Sb8_1,False,y975,conventional_AFM_inversion,inversion,1,2,P-1,conventional_AFM_inversion,True,3,2.6,6,0.012991,2.857,3.994,-3.993,3.994,0.001000000000000334,True,0.003
POSCAR_Cr2Sb8_1_z025,Cr2Sb8_1_z025,Cr2Sb8_1,False,z025,conventional_AFM_inversion,inversion,1,2,P-1,conventional_AFM_inversion,True,3,2.6,6,0.012414,2.417,4.033,-4.033,4.033,0.0,True,0.003
POSCAR_Cr2Sb8_1_z050,Cr2Sb8_1_z050,Cr2Sb8_1,False,z050,conventional_AFM_inversion,inversion,1,2,P-1,conventional_AFM_inversion,True,3,2.6,6,0.012375,2.444,4.047,-4.047,4.047,0.0,True,0.002
POSCAR_Cr2Sb8_1_z950,Cr2Sb8_1_z950,Cr2Sb8_1,False,z950,conventional_AFM_inversion,inversion,1,2,P-1,conventional_AFM_inversion,True,3,2.6,6,0.009912,2.752,3.968,-3.969,3.968,0.0009999999999998899,True,0.003
POSCAR_Cr2Sb8_1_z975,Cr2Sb8_1_z975,Cr2Sb8_1,False,z975,conventional_AFM_inversion,inversion,1,2,P-1,conventional_AFM_inversion,True,3,2.6,6,0.010727,2.808,3.996,-3.996,3.996,0.0,True,0.0
POSCAR_Cr2Se2_1,Cr2Se2_1,Cr2Se2_1,True,none,ALTERMAGNET,mirror/rotoinv|rotation,2,4,C2/c,ALTERMAGNET,True,3,15.89,96,0.597532,1.563,3.809,-3.809,3.809,0.0,True,0.0
POSCAR_Cr2Se2_1_st025,Cr2Se2_1_st025,Cr2Se2_1,False,st025,ALTERMAGNET,mirror/rotoinv|rotation,2,4,C2/c,ALTERMAGNET,True,3,15.89,96,0.5341,1.477,3.843,-3.843,3.843,0.0,True,0.0
POSCAR_Cr2Se2_1_st050,Cr2Se2_1_st050,Cr2Se2_1,False,st050,ALTERMAGNET,mirror/rotoinv|rotation,2,4,C2/c,ALTERMAGNET,True,3,15.89,96,0.492965,1.456,3.873,-3.873,3.873,0.0,True,0.0
POSCAR_Cr2Se2_1_st950,Cr2Se2_1_st950,Cr2Se2_1,False,st950,ALTERMAGNET,mirror/rotoinv|rotation,2,4,C2/c,ALTERMAGNET,True,3,15.89,96,0.74998,1.568,3.723,-3.723,3.723,0.0,True,0.0
POSCAR_Cr2Se2_1_st975,Cr2Se2_1_st975,Cr2Se2_1,False,st975,ALTERMAGNET,mirror/rotoinv|rotation,2,4,C2/c,ALTERMAGNET,True,3,15.89,96,0.657581,1.595,3.77,-3.77,3.77,0.0,True,0.0
POSCAR_Cr2Se2_1_z025,Cr2Se2_1_z025,Cr2Se2_1,False,z025,ALTERMAGNET,mirror/rotoinv|rotation,2,4,C2/c,ALTERMAGNET,True,3,15.89,96,0.604224,1.615,3.821,-3.821,3.821,0.0,True,0.0
POSCAR_Cr2Se2_1_z050,Cr2Se2_1_z050,Cr2Se2_1,False,z050,ALTERMAGNET,mirror/rotoinv|rotation,2,4,C2/c,ALTERMAGNET,True,3,15.89,96,0.608072,1.834,3.832,-3.832,3.832,0.0,True,0.0
POSCAR_Cr2Se2_1_z950,Cr2Se2_1_z950,Cr2Se2_1,False,z950,ALTERMAGNET,mirror/rotoinv|rotation,2,4,C2/c,ALTERMAGNET,True,3,15.89,96,0.725104,1.477,3.783,-3.783,3.783,0.0,True,0.0
POSCAR_Cr2Se2_1_z975,Cr2Se2_1_z975,Cr2Se2_1,False,z975,ALTERMAGNET,mirror/rotoinv|rotation,2,4,C2/c,ALTERMAGNET,True,3,15.89,96,0.642033,1.514,3.797,-3.797,3.797,0.0,True,0.0
POSCAR_Cr2Se2_2,Cr2Se2_2,Cr2Se2_2,True,none,ALTERMAGNET,mirror/rotoinv|rotation,2,4,C2/c,ALTERMAGNET,True,3,15.89,96,0.580627,2.672,3.812,-3.811,3.812,0.0009999999999998899,True,0.0
POSCAR_Cr2Se2_2_st025,Cr2Se2_2_st025,Cr2Se2_2,False,st025,ALTERMAGNET,mirror/rotoinv|rotation,2,4,C2/c,ALTERMAGNET,True,3,15.89,96,0.518623,2.301,3.845,-3.845,3.845,0.0,True,0.0
POSCAR_Cr2Se2_2_st050,Cr2Se2_2_st050,Cr2Se2_2,False,st050,ALTERMAGNET,mirror/rotoinv|rotation,2,4,C2/c,ALTERMAGNET,True,3,15.89,96,0.475171,2.036,3.875,-3.875,3.875,0.0,True,0.0
POSCAR_Cr2Se2_2_st950,Cr2Se2_2_st950,Cr2Se2_2,False,st950,ALTERMAGNET,mirror/rotoinv|rotation,2,4,C2/c,ALTERMAGNET,True,3,15.89,96,0.736631,2.834,3.727,-3.726,3.727,0.0009999999999998899,True,0.0
POSCAR_Cr2Se2_2_st975,Cr2Se2_2_st975,Cr2Se2_2,False,st975,ALTERMAGNET,mirror/rotoinv|rotation,2,4,C2/c,ALTERMAGNET,True,3,15.89,96,0.639076,2.54,3.773,-3.773,3.773,0.0,True,0.0
POSCAR_Cr2Se2_2_z025,Cr2Se2_2_z025,Cr2Se2_2,False,z025,ALTERMAGNET,mirror/rotoinv|rotation,2,4,C2/c,ALTERMAGNET,True,3,15.89,96,0.58801,2.168,3.823,-3.823,3.823,0.0,True,0.0
POSCAR_Cr2Se2_2_z050,Cr2Se2_2_z050,Cr2Se2_2,False,z050,ALTERMAGNET,mirror/rotoinv|rotation,2,4,C2/c,ALTERMAGNET,True,3,15.89,96,0.592666,2.341,3.834,-3.834,3.834,0.0,True,0.0
POSCAR_Cr2Se2_2_z950,Cr2Se2_2_z950,Cr2Se2_2,False,z950,ALTERMAGNET,mirror/rotoinv|rotation,2,4,C2/c,ALTERMAGNET,True,3,15.89,96,0.712002,2.396,3.786,-3.786,3.786,0.0,True,0.0
POSCAR_Cr2Se2_2_z975,Cr2Se2_2_z975,Cr2Se2_2,False,z975,ALTERMAGNET,mirror/rotoinv|rotation,2,4,C2/c,ALTERMAGNET,True,3,15.89,96,0.628272,2.273,3.799,-3.799,3.799,0.0,True,0.0
POSCAR_Cr2Se4_1,Cr2Se4_1,Cr2Se4_1,True,none,ALTERMAGNET,mirror/rotoinv|rotation,4,8,Pnnm,ALTERMAGNET,True,3,58.397,495,0.407761,7.373,3.713,-3.713,3.713,0.0,True,0.001
POSCAR_Cr2Se4_1_st025,Cr2Se4_1_st025,Cr2Se4_1,False,st025,ALTERMAGNET,mirror/rotoinv|rotation,4,8,Pnnm,ALTERMAGNET,True,3,58.397,495,0.379842,8.622,3.764,-3.766,3.764,0.002000000000000224,True,0.002
POSCAR_Cr2Se4_1_x050,Cr2Se4_1_x050,Cr2Se4_1,False,x050,ALTERMAGNET,mirror/rotoinv|rotation,4,8,Pnnm,ALTERMAGNET,True,3,58.397,495,0.32822,6.801,3.758,-3.758,3.758,0.0,True,0.002
POSCAR_Cr2Se4_1_x975,Cr2Se4_1_x975,Cr2Se4_1,False,x975,ALTERMAGNET,mirror/rotoinv|rotation,4,8,Pnnm,ALTERMAGNET,True,3,58.397,495,0.489549,8.934,3.683,-3.684,3.683,0.001000000000000334,True,0.0
POSCAR_Cr2Se4_1_y025,Cr2Se4_1_y025,Cr2Se4_1,False,y025,ALTERMAGNET,mirror/rotoinv|rotation,4,8,Pnnm,ALTERMAGNET,True,3,58.397,495,0.365456,6.021,3.721,-3.723,3.721,0.0019999999999997797,True,0.0
POSCAR_Cr2Se4_1_y050,Cr2Se4_1_y050,Cr2Se4_1,False,y050,ALTERMAGNET,mirror/rotoinv|rotation,4,8,Pnnm,ALTERMAGNET,True,3,58.397,495,0.329719,4.985,3.731,-3.733,3.731,0.002000000000000224,True,0.002
POSCAR_Cr2Se4_1_z975,Cr2Se4_1_z975,Cr2Se4_1,False,z975,ALTERMAGNET,mirror/rotoinv|rotation,4,8,Pnnm,ALTERMAGNET,True,3,58.397,495,0.361447,5.939,3.692,-3.695,3.692,0.0029999999999996696,True,0.002
POSCAR_Cr2Si4_1,Cr2Si4_1,Cr2Si4_1,True,none,conventional_AFM_inversion,inversion|mirror/rotoinv,8,16,I4/mcm,conventional_AFM_inversion,True,3,140.549,1209,0.01121,0.341,3.451,-3.451,3.451,0.0,True,0.0
POSCAR_Cr2Si4_1_st950,Cr2Si4_1_st950,Cr2Si4_1,False,st950,conventional_AFM_inversion,inversion|mirror/rotoinv,8,16,I4/mcm,conventional_AFM_inversion,True,3,140.549,1209,0.011303,0.348,2.854,-2.854,2.854,0.0,True,0.0
POSCAR_Cr2Si4_1_st975,Cr2Si4_1_st975,Cr2Si4_1,False,st975,conventional_AFM_inversion,inversion|mirror/rotoinv,8,16,I4/mcm,conventional_AFM_inversion,True,3,140.549,1209,0.011416,0.372,3.172,-3.172,3.172,0.0,True,0.0
POSCAR_Cr2Si4_1_x025,Cr2Si4_1_x025,Cr2Si4_1,False,x025,conventional_AFM_inversion,inversion,1,2,P-1,conventional_AFM_inversion,True,3,140.549,1209,0.010787,0.621,3.514,-3.514,3.514,0.0,True,0.0
POSCAR_Cr2Si4_1_x050,Cr2Si4_1_x050,Cr2Si4_1,False,x050,conventional_AFM_inversion,inversion,1,2,P-1,conventional_AFM_inversion,True,3,140.549,1209,0.009754,1.41,3.582,-3.582,3.582,0.0,True,0.001
POSCAR_Cr2Si4_1_x950,Cr2Si4_1_x950,Cr2Si4_1,False,x950,conventional_AFM_inversion,inversion,1,2,P-1,conventional_AFM_inversion,True,3,140.549,1209,0.010875,0.941,3.295,-3.296,3.295,0.0009999999999998899,True,0.0
POSCAR_Cr2Si4_1_x975,Cr2Si4_1_x975,Cr2Si4_1,False,x975,conventional_AFM_inversion,inversion,1,2,P-1,conventional_AFM_inversion,True,3,140.549,1209,0.011318,0.781,3.367,-3.368,3.367,0.0009999999999998899,True,0.001
POSCAR_Cr2Si4_1_y025,Cr2Si4_1_y025,Cr2Si4_1,False,y025,conventional_AFM_inversion,inversion,1,2,P-1,conventional_AFM_inversion,True,3,140.549,1209,0.010686,0.669,3.514,-3.515,3.514,0.001000000000000334,True,0.0
POSCAR_Cr2Si4_1_y050,Cr2Si4_1_y050,Cr2Si4_1,False,y050,conventional_AFM_inversion,inversion,1,2,P-1,conventional_AFM_inversion,True,3,140.549,1209,0.010079,1.395,3.582,-3.583,3.582,0.001000000000000334,True,0.001
POSCAR_Cr2Si4_1_y950,Cr2Si4_1_y950,Cr2Si4_1,False,y950,conventional_AFM_inversion,inversion,1,2,P-1,conventional_AFM_inversion,True,3,140.549,1209,0.010991,0.929,3.295,-3.295,3.295,0.0,True,0.0
POSCAR_Cr2Si4_1_y975,Cr2Si4_1_y975,Cr2Si4_1,False,y975,conventional_AFM_inversion,inversion,1,2,P-1,conventional_AFM_inversion,True,3,140.549,1209,0.011407,0.558,3.367,-3.367,3.367,0.0,True,0.0
POSCAR_Cr2Si4_1_z025,Cr2Si4_1_z025,Cr2Si4_1,False,z025,conventional_AFM_inversion,inversion|mirror/rotoinv,2,4,C2/m,conventional_AFM_inversion,True,3,140.549,1209,0.010729,0.328,3.506,-3.506,3.506,0.0,True,0.0
POSCAR_Cr2Si4_1_z050,Cr2Si4_1_z050,Cr2Si4_1,False,z050,conventional_AFM_inversion,inversion|mirror/rotoinv,2,4,C2/m,conventional_AFM_inversion,True,3,140.549,1209,0.009669,3.955,3.564,-3.563,3.564,0.0009999999999998899,True,0.0
POSCAR_Cr2Si4_1_z950,Cr2Si4_1_z950,Cr2Si4_1,False,z950,conventional_AFM_inversion,inversion|mirror/rotoinv,2,4,C2/m,conventional_AFM_inversion,True,3,140.549,1209,0.010757,0.302,3.315,-3.315,3.315,0.0,True,0.0
POSCAR_Cr2Si4_1_z975,Cr2Si4_1_z975,Cr2Si4_1,False,z975,conventional_AFM_inversion,inversion|mirror/rotoinv,2,4,C2/m,conventional_AFM_inversion,True,3,140.549,1209,0.011208,0.64,3.384,-3.383,3.384,0.0009999999999998899,True,0.001
POSCAR_Cr2Sn2_2,Cr2Sn2_2,Cr2Sn2_2,True,none,ALTERMAGNET,mirror/rotoinv|rotation,12,24,P6_3/mmc,ALTERMAGNET,True,3,194.269,1499,0.806262,0.776,4.038,-4.038,4.038,0.0,True,0.001
POSCAR_Cr2Sn2_2_st025,Cr2Sn2_2_st025,Cr2Sn2_2,False,st025,ALTERMAGNET,mirror/rotoinv|rotation,12,24,P6_3/mmc,ALTERMAGNET,True,3,194.269,1499,0.800343,0.771,4.083,-4.083,4.083,0.0,True,0.001
POSCAR_Cr2Sn2_2_st050,Cr2Sn2_2_st050,Cr2Sn2_2,False,st050,ALTERMAGNET,mirror/rotoinv|rotation,12,24,P6_3/mmc,ALTERMAGNET,True,3,194.269,1499,0.791652,0.729,4.123,-4.123,4.123,0.0,True,0.0
POSCAR_Cr2Sn2_2_st950,Cr2Sn2_2_st950,Cr2Sn2_2,False,st950,ALTERMAGNET,mirror/rotoinv|rotation,12,24,P6_3/mmc,ALTERMAGNET,True,3,194.269,1499,0.828002,0.721,3.924,-3.924,3.924,0.0,True,0.001
POSCAR_Cr2Sn2_2_st975,Cr2Sn2_2_st975,Cr2Sn2_2,False,st975,ALTERMAGNET,mirror/rotoinv|rotation,12,24,P6_3/mmc,ALTERMAGNET,True,3,194.269,1499,0.815727,0.902,3.987,-3.986,3.987,0.0009999999999998899,True,0.001
POSCAR_Cr2Sn2_2_x025,Cr2Sn2_2_x025,Cr2Sn2_2,False,x025,ALTERMAGNET,mirror/rotoinv|rotation,2,4,P2_1/m,ALTERMAGNET,True,3,194.269,1499,0.857399,0.67,4.052,-4.052,4.052,0.0,True,0.001
POSCAR_Cr2Sn2_2_x050,Cr2Sn2_2_x050,Cr2Sn2_2,False,x050,ALTERMAGNET,mirror/rotoinv|rotation,2,4,P2_1/m,ALTERMAGNET,True,3,194.269,1499,0.880422,0.635,4.067,-4.066,4.067,0.001000000000000334,True,0.0
POSCAR_Cr2Sn2_2_x950,Cr2Sn2_2_x950,Cr2Sn2_2,False,x950,ALTERMAGNET,mirror/rotoinv|rotation,2,4,P2_1/m,ALTERMAGNET,True,3,194.269,1499,0.921353,0.702,4.004,-4.004,4.004,0.0,True,0.0
POSCAR_Cr2Sn2_2_x975,Cr2Sn2_2_x975,Cr2Sn2_2,False,x975,ALTERMAGNET,mirror/rotoinv|rotation,2,4,P2_1/m,ALTERMAGNET,True,3,194.269,1499,0.810025,0.64,4.022,-4.021,4.022,0.001000000000000334,True,0.0
POSCAR_Cr2Sn2_2_y025,Cr2Sn2_2_y025,Cr2Sn2_2,False,y025,ALTERMAGNET,mirror/rotoinv|rotation,2,4,P2_1/m,ALTERMAGNET,True,3,194.269,1499,0.857376,0.671,4.052,-4.052,4.052,0.0,True,0.001
POSCAR_Cr2Sn2_2_y050,Cr2Sn2_2_y050,Cr2Sn2_2,False,y050,ALTERMAGNET,mirror/rotoinv|rotation,2,4,P2_1/m,ALTERMAGNET,True,3,194.269,1499,0.880383,0.635,4.067,-4.066,4.067,0.001000000000000334,True,0.0
POSCAR_Cr2Sn2_2_y950,Cr2Sn2_2_y950,Cr2Sn2_2,False,y950,ALTERMAGNET,mirror/rotoinv|rotation,2,4,P2_1/m,ALTERMAGNET,True,3,194.269,1499,0.92127,0.703,4.004,-4.004,4.004,0.0,True,0.0
POSCAR_Cr2Sn2_2_y975,Cr2Sn2_2_y975,Cr2Sn2_2,False,y975,ALTERMAGNET,mirror/rotoinv|rotation,2,4,P2_1/m,ALTERMAGNET,True,3,194.269,1499,0.810048,0.64,4.022,-4.021,4.022,0.001000000000000334,True,0.0
POSCAR_Cr2Sn2_2_z025,Cr2Sn2_2_z025,Cr2Sn2_2,False,z025,ALTERMAGNET,mirror/rotoinv|rotation,12,24,P6_3/mmc,ALTERMAGNET,True,3,194.269,1499,0.75889,1.059,4.056,-4.055,4.056,0.001000000000000334,True,0.003
POSCAR_Cr2Sn2_2_z050,Cr2Sn2_2_z050,Cr2Sn2_2,False,z050,ALTERMAGNET,mirror/rotoinv|rotation,12,24,P6_3/mmc,ALTERMAGNET,True,3,194.269,1499,0.713617,0.929,4.073,-4.073,4.073,0.0,True,0.0
POSCAR_Cr2Sn2_2_z950,Cr2Sn2_2_z950,Cr2Sn2_2,False,z950,ALTERMAGNET,mirror/rotoinv|rotation,12,24,P6_3/mmc,ALTERMAGNET,True,3,194.269,1499,0.918595,1.08,3.999,-3.997,3.999,0.002000000000000224,True,0.004
POSCAR_Cr2Te2_1,Cr2Te2_1,Cr2Te2_1,True,none,ALTERMAGNET,mirror/rotoinv|rotation,4,8,Cmcm,ALTERMAGNET,True,3,63.463,561,0.951238,2.331,3.89,-3.89,3.89,0.0,True,0.0
POSCAR_Cr2Te2_1_st025,Cr2Te2_1_st025,Cr2Te2_1,False,st025,ALTERMAGNET,mirror/rotoinv|rotation,4,8,Cmcm,ALTERMAGNET,True,3,63.463,561,0.788954,2.083,3.926,-3.926,3.926,0.0,True,0.0
POSCAR_Cr2Te2_1_st050,Cr2Te2_1_st050,Cr2Te2_1,False,st050,ALTERMAGNET,mirror/rotoinv|rotation,4,8,Cmcm,ALTERMAGNET,True,3,63.463,561,0.734561,1.88,3.958,-3.958,3.958,0.0,True,0.0
POSCAR_Cr2Te2_1_st950,Cr2Te2_1_st950,Cr2Te2_1,False,st950,ALTERMAGNET,mirror/rotoinv|rotation,4,8,Cmcm,ALTERMAGNET,True,3,63.463,561,1.341444,2.488,3.801,-3.801,3.801,0.0,True,0.0
POSCAR_Cr2Te2_1_st975,Cr2Te2_1_st975,Cr2Te2_1,False,st975,ALTERMAGNET,mirror/rotoinv|rotation,4,8,Cmcm,ALTERMAGNET,True,3,63.463,561,1.137235,2.404,3.85,-3.85,3.85,0.0,True,0.0
POSCAR_Cr2Te2_1_x025,Cr2Te2_1_x025,Cr2Te2_1,False,x025,ALTERMAGNET,mirror/rotoinv|rotation,2,4,P2_1/m,ALTERMAGNET,True,3,63.463,561,0.961023,2.213,3.902,-3.902,3.902,0.0,True,0.0
POSCAR_Cr2Te2_1_x050,Cr2Te2_1_x050,Cr2Te2_1,False,x050,ALTERMAGNET,mirror/rotoinv|rotation,2,4,P2_1/m,ALTERMAGNET,True,3,63.463,561,0.937814,2.097,3.912,-3.912,3.912,0.0,True,0.0
POSCAR_Cr2Te2_1_x950,Cr2Te2_1_x950,Cr2Te2_1,False,x950,ALTERMAGNET,mirror/rotoinv|rotation,2,4,P2_1/m,ALTERMAGNET,True,3,63.463,561,0.921873,2.326,3.865,-3.865,3.865,0.0,True,0.0
POSCAR_Cr2Te2_1_x975,Cr2Te2_1_x975,Cr2Te2_1,False,x975,ALTERMAGNET,mirror/rotoinv|rotation,2,4,P2_1/m,ALTERMAGNET,True,3,63.463,561,0.93762,2.334,3.878,-3.878,3.878,0.0,True,0.0
POSCAR_Cr2Te2_1_y025,Cr2Te2_1_y025,Cr2Te2_1,False,y025,ALTERMAGNET,mirror/rotoinv|rotation,2,4,P2_1/m,ALTERMAGNET,True,3,63.463,561,0.961165,2.206,3.902,-3.902,3.902,0.0,True,0.0
POSCAR_Cr2Te2_1_y050,Cr2Te2_1_y050,Cr2Te2_1,False,y050,ALTERMAGNET,mirror/rotoinv|rotation,2,4,P2_1/m,ALTERMAGNET,True,3,63.463,561,0.938097,2.081,3.912,-3.912,3.912,0.0,True,0.0
POSCAR_Cr2Te2_1_y950,Cr2Te2_1_y950,Cr2Te2_1,False,y950,ALTERMAGNET,mirror/rotoinv|rotation,2,4,P2_1/m,ALTERMAGNET,True,3,63.463,561,0.921722,2.326,3.865,-3.865,3.865,0.0,True,0.0
POSCAR_Cr2Te2_1_y975,Cr2Te2_1_y975,Cr2Te2_1,False,y975,ALTERMAGNET,mirror/rotoinv|rotation,2,4,P2_1/m,ALTERMAGNET,True,3,63.463,561,0.937533,2.35,3.878,-3.878,3.878,0.0,True,0.0
POSCAR_Cr2Te2_1_z025,Cr2Te2_1_z025,Cr2Te2_1,False,z025,ALTERMAGNET,mirror/rotoinv|rotation,4,8,Cmcm,ALTERMAGNET,True,3,63.463,561,0.785807,2.212,3.904,-3.904,3.904,0.0,True,0.0
POSCAR_Cr2Te2_1_z050,Cr2Te2_1_z050,Cr2Te2_1,False,z050,ALTERMAGNET,mirror/rotoinv|rotation,4,8,Cmcm,ALTERMAGNET,True,3,63.463,561,0.719824,2.118,3.917,-3.917,3.917,0.0,True,0.0
POSCAR_Cr2Te2_1_z950,Cr2Te2_1_z950,Cr2Te2_1,False,z950,ALTERMAGNET,mirror/rotoinv|rotation,4,8,Cmcm,ALTERMAGNET,True,3,63.463,561,1.133254,2.41,3.86,-3.86,3.86,0.0,True,0.0
POSCAR_Cr2Te2_1_z975,Cr2Te2_1_z975,Cr2Te2_1,False,z975,ALTERMAGNET,mirror/rotoinv|rotation,4,8,Cmcm,ALTERMAGNET,True,3,63.463,561,1.109346,2.365,3.876,-3.876,3.876,0.0,True,0.0
POSCAR_Cr2Te4_1,Cr2Te4_1,Cr2Te4_1,True,none,ALTERMAGNET,mirror/rotoinv|rotation,4,8,Pnnm,ALTERMAGNET,True,3,58.397,495,0.672071,0.784,3.847,-3.847,3.847,0.0,True,0.001
POSCAR_Cr2Te4_1_st025,Cr2Te4_1_st025,Cr2Te4_1,False,st025,ALTERMAGNET,mirror/rotoinv|rotation,4,8,Pnnm,ALTERMAGNET,True,3,58.397,495,0.652577,0.595,3.887,-3.887,3.887,0.0,True,0.001
POSCAR_Cr2Te4_1_st050,Cr2Te4_1_st050,Cr2Te4_1,False,st050,ALTERMAGNET,mirror/rotoinv|rotation,4,8,Pnnm,ALTERMAGNET,True,3,58.397,495,0.631671,0.799,3.922,-3.921,3.922,0.001000000000000334,True,0.001
POSCAR_Cr2Te4_1_st950,Cr2Te4_1_st950,Cr2Te4_1,False,st950,ALTERMAGNET,mirror/rotoinv|rotation,4,8,Pnnm,ALTERMAGNET,True,3,58.397,495,0.740517,0.594,3.738,-3.738,3.738,0.0,True,0.001
POSCAR_Cr2Te4_1_st975,Cr2Te4_1_st975,Cr2Te4_1,False,st975,ALTERMAGNET,mirror/rotoinv|rotation,4,8,Pnnm,ALTERMAGNET,True,3,58.397,495,0.706529,0.613,3.8,-3.8,3.8,0.0,True,0.0
POSCAR_Cr2Te4_1_x025,Cr2Te4_1_x025,Cr2Te4_1,False,x025,ALTERMAGNET,mirror/rotoinv|rotation,4,8,Pnnm,ALTERMAGNET,True,3,58.397,495,0.672607,1.47,3.868,-3.867,3.868,0.0009999999999998899,True,0.001
POSCAR_Cr2Te4_1_x050,Cr2Te4_1_x050,Cr2Te4_1,False,x050,ALTERMAGNET,mirror/rotoinv|rotation,4,8,Pnnm,ALTERMAGNET,True,3,58.397,495,0.677415,2.372,3.889,-3.888,3.889,0.0009999999999998899,True,0.002
POSCAR_Cr2Te4_1_x950,Cr2Te4_1_x950,Cr2Te4_1,False,x950,ALTERMAGNET,mirror/rotoinv|rotation,4,8,Pnnm,ALTERMAGNET,True,3,58.397,495,0.672717,0.824,3.803,-3.802,3.803,0.0009999999999998899,True,0.002
POSCAR_Cr2Te4_1_x975,Cr2Te4_1_x975,Cr2Te4_1,False,x975,ALTERMAGNET,mirror/rotoinv|rotation,4,8,Pnnm,ALTERMAGNET,True,3,58.397,495,0.673765,0.99,3.826,-3.825,3.826,0.0009999999999998899,True,0.001
POSCAR_Cr2Te4_1_y025,Cr2Te4_1_y025,Cr2Te4_1,False,y025,ALTERMAGNET,mirror/rotoinv|rotation,4,8,Pnnm,ALTERMAGNET,True,3,58.397,495,0.653562,1.263,3.854,-3.853,3.854,0.0009999999999998899,True,0.001
POSCAR_Cr2Te4_1_y050,Cr2Te4_1_y050,Cr2Te4_1,False,y050,ALTERMAGNET,mirror/rotoinv|rotation,4,8,Pnnm,ALTERMAGNET,True,3,58.397,495,0.635,0.816,3.861,-3.86,3.861,0.001000000000000334,True,0.001
POSCAR_Cr2Te4_1_y950,Cr2Te4_1_y950,Cr2Te4_1,False,y950,ALTERMAGNET,mirror/rotoinv|rotation,4,8,Pnnm,ALTERMAGNET,True,3,58.397,495,0.736855,0.768,3.842,-3.841,3.842,0.0009999999999998899,True,0.001
POSCAR_Cr2Te4_1_y975,Cr2Te4_1_y975,Cr2Te4_1,False,y975,ALTERMAGNET,mirror/rotoinv|rotation,4,8,Pnnm,ALTERMAGNET,True,3,58.397,495,0.699736,1.029,3.843,-3.842,3.843,0.0009999999999998899,True,0.001
POSCAR_Cr2Te4_1_z025,Cr2Te4_1_z025,Cr2Te4_1,False,z025,ALTERMAGNET,mirror/rotoinv|rotation,4,8,Pnnm,ALTERMAGNET,True,3,58.397,495,0.68251,0.597,3.864,-3.864,3.864,0.0,True,0.001
POSCAR_Cr2Te4_1_z050,Cr2Te4_1_z050,Cr2Te4_1,False,z050,ALTERMAGNET,mirror/rotoinv|rotation,4,8,Pnnm,ALTERMAGNET,True,3,58.397,495,0.697668,0.58,3.879,-3.878,3.879,0.0009999999999998899,True,0.0
POSCAR_Cr2Te4_1_z950,Cr2Te4_1_z950,Cr2Te4_1,False,z950,ALTERMAGNET,mirror/rotoinv|rotation,4,8,Pnnm,ALTERMAGNET,True,3,58.397,495,0.699368,0.969,3.816,-3.815,3.816,0.0009999999999998899,True,0.001
POSCAR_Cr2Te4_1_z975,Cr2Te4_1_z975,Cr2Te4_1,False,z975,ALTERMAGNET,mirror/rotoinv|rotation,4,8,Pnnm,ALTERMAGNET,True,3,58.397,495,0.686443,2.139,3.831,-3.83,3.831,0.0009999999999998899,True,0.002
POSCAR_Cr2Te8_2,Cr2Te8_2,Cr2Te8_2,True,none,compensated_FiM_candidate,,0,2,P-1,compensated_FiM_candidate,True,1,2.4,4,0.397148,6.763,3.71,-3.713,3.71,0.0030000000000001137,True,0.001
POSCAR_Cr2Te8_2_st975,Cr2Te8_2_st975,Cr2Te8_2,False,st975,compensated_FiM_candidate,,0,2,P-1,compensated_FiM_candidate,True,1,2.4,4,0.359094,8.347,3.624,-3.627,3.624,0.0029999999999996696,True,0.001
POSCAR_Cu2F4_1,Cu2F4_1,Cu2F4_1,True,none,ALTERMAGNET,mirror/rotoinv|rotation,2,4,P2_1/c,ALTERMAGNET,True,3,14.79,86,0.511943,1.686,0.847,-0.847,0.847,0.0,True,0.0
POSCAR_Cu2F4_1_st025,Cu2F4_1_st025,Cu2F4_1,False,st025,ALTERMAGNET,mirror/rotoinv|rotation,2,4,P2_1/c,ALTERMAGNET,True,3,14.79,86,0.409828,1.622,0.853,-0.853,0.853,0.0,True,0.0
POSCAR_Cu2F4_1_st050,Cu2F4_1_st050,Cu2F4_1,False,st050,ALTERMAGNET,mirror/rotoinv|rotation,2,4,P2_1/c,ALTERMAGNET,True,3,14.79,86,0.37305,1.54,0.857,-0.857,0.857,0.0,True,0.0
POSCAR_Cu2F4_1_st950,Cu2F4_1_st950,Cu2F4_1,False,st950,ALTERMAGNET,mirror/rotoinv|rotation,2,4,P2_1/c,ALTERMAGNET,True,3,14.79,86,0.610869,2.021,0.829,-0.829,0.829,0.0,True,0.0
POSCAR_Cu2F4_1_st975,Cu2F4_1_st975,Cu2F4_1,False,st975,ALTERMAGNET,mirror/rotoinv|rotation,2,4,P2_1/c,ALTERMAGNET,True,3,14.79,86,0.564945,1.806,0.839,-0.839,0.839,0.0,True,0.0
POSCAR_Cu2F4_1_x025,Cu2F4_1_x025,Cu2F4_1,False,x025,ALTERMAGNET,mirror/rotoinv|rotation,2,4,P2_1/c,ALTERMAGNET,True,3,14.79,86,0.519037,1.847,0.848,-0.848,0.848,0.0,True,0.0
POSCAR_Cu2F4_1_x050,Cu2F4_1_x050,Cu2F4_1,False,x050,ALTERMAGNET,mirror/rotoinv|rotation,2,4,P2_1/c,ALTERMAGNET,True,3,14.79,86,0.460814,1.939,0.849,-0.849,0.849,0.0,True,0.0
POSCAR_Cu2F4_1_x950,Cu2F4_1_x950,Cu2F4_1,False,x950,ALTERMAGNET,mirror/rotoinv|rotation,2,4,P2_1/c,ALTERMAGNET,True,3,14.79,86,0.437823,1.699,0.844,-0.844,0.844,0.0,True,0.0
POSCAR_Cu2F4_1_x975,Cu2F4_1_x975,Cu2F4_1,False,x975,ALTERMAGNET,mirror/rotoinv|rotation,2,4,P2_1/c,ALTERMAGNET,True,3,14.79,86,0.455594,1.596,0.846,-0.846,0.846,0.0,True,0.0
POSCAR_Cu2F4_1_y025,Cu2F4_1_y025,Cu2F4_1,False,y025,ALTERMAGNET,mirror/rotoinv|rotation,2,4,P2_1/c,ALTERMAGNET,True,3,14.79,86,0.458266,1.437,0.85,-0.85,0.85,0.0,True,0.0
POSCAR_Cu2F4_1_y050,Cu2F4_1_y050,Cu2F4_1,False,y050,ALTERMAGNET,mirror/rotoinv|rotation,2,4,P2_1/c,ALTERMAGNET,True,3,14.79,86,0.435478,1.406,0.852,-0.852,0.852,0.0,True,0.0
POSCAR_Cu2F4_1_y950,Cu2F4_1_y950,Cu2F4_1,False,y950,ALTERMAGNET,mirror/rotoinv|rotation,2,4,P2_1/c,ALTERMAGNET,True,3,14.79,86,0.618937,1.463,0.841,-0.841,0.841,0.0,True,0.0
POSCAR_Cu2F4_1_y975,Cu2F4_1_y975,Cu2F4_1,False,y975,ALTERMAGNET,mirror/rotoinv|rotation,2,4,P2_1/c,ALTERMAGNET,True,3,14.79,86,0.565551,1.522,0.844,-0.844,0.844,0.0,True,0.0
POSCAR_Cu2F4_1_z025,Cu2F4_1_z025,Cu2F4_1,False,z025,ALTERMAGNET,mirror/rotoinv|rotation,2,4,P2_1/c,ALTERMAGNET,True,3,14.79,86,0.459842,1.399,0.85,-0.85,0.85,0.0,True,0.0
POSCAR_Cu2F4_1_z050,Cu2F4_1_z050,Cu2F4_1,False,z050,ALTERMAGNET,mirror/rotoinv|rotation,2,4,P2_1/c,ALTERMAGNET,True,3,14.79,86,0.414444,1.323,0.852,-0.852,0.852,0.0,True,0.0
POSCAR_Cu2F4_1_z950,Cu2F4_1_z950,Cu2F4_1,False,z950,ALTERMAGNET,mirror/rotoinv|rotation,2,4,P2_1/c,ALTERMAGNET,True,3,14.79,86,0.619591,1.634,0.841,-0.841,0.841,0.0,True,0.0
POSCAR_Cu2F4_1_z975,Cu2F4_1_z975,Cu2F4_1,False,z975,ALTERMAGNET,mirror/rotoinv|rotation,2,4,P2_1/c,ALTERMAGNET,True,3,14.79,86,0.565312,1.572,0.844,-0.844,0.844,0.0,True,0.0
POSCAR_Cu2F6_1,Cu2F6_1,Cu2F6_1,True,none,ALTERMAGNET,rotation,6,12,P6_322,ALTERMAGNET,True,3,182.181,1411,0.466451,0.148,1.103,-1.103,1.103,0.0,True,0.0
POSCAR_Cu2F6_1_st025,Cu2F6_1_st025,Cu2F6_1,False,st025,ALTERMAGNET,rotation,6,12,P6_322,ALTERMAGNET,True,3,182.181,1411,0.483293,0.15,1.079,-1.079,1.079,0.0,True,0.0
POSCAR_Cu2F6_1_st050,Cu2F6_1_st050,Cu2F6_1,False,st050,ALTERMAGNET,rotation,6,12,P6_322,ALTERMAGNET,True,3,182.181,1411,0.407707,0.187,1.051,-1.05,1.051,0.0009999999999998899,True,0.0
POSCAR_Cu2F6_1_st950,Cu2F6_1_st950,Cu2F6_1,False,st950,ALTERMAGNET,rotation,6,12,P6_322,ALTERMAGNET,True,3,182.181,1411,0.482003,0.217,1.137,-1.137,1.137,0.0,True,0.0
POSCAR_Cu2F6_1_st975,Cu2F6_1_st975,Cu2F6_1,False,st975,ALTERMAGNET,rotation,6,12,P6_322,ALTERMAGNET,True,3,182.181,1411,0.431888,0.169,1.122,-1.122,1.122,0.0,True,0.0
POSCAR_Cu2F6_1_x025,Cu2F6_1_x025,Cu2F6_1,False,x025,ALTERMAGNET,rotation,6,12,P6_322,ALTERMAGNET,True,3,182.181,1411,0.458007,0.14,1.094,-1.094,1.094,0.0,True,0.0
POSCAR_Cu2F6_1_x050,Cu2F6_1_x050,Cu2F6_1,False,x050,ALTERMAGNET,rotation,6,12,P6_322,ALTERMAGNET,True,3,182.181,1411,0.548878,0.134,1.084,-1.084,1.084,0.0,True,0.0
POSCAR_Cu2F6_1_x950,Cu2F6_1_x950,Cu2F6_1,False,x950,ALTERMAGNET,rotation,6,12,P6_322,ALTERMAGNET,True,3,182.181,1411,0.391016,0.166,1.117,-1.117,1.117,0.0,True,0.0
POSCAR_Cu2F6_1_x975,Cu2F6_1_x975,Cu2F6_1,False,x975,ALTERMAGNET,rotation,6,12,P6_322,ALTERMAGNET,True,3,182.181,1411,0.468907,0.162,1.111,-1.111,1.111,0.0,True,0.0
POSCAR_Cu2F6_1_y025,Cu2F6_1_y025,Cu2F6_1,False,y025,ALTERMAGNET,rotation,1,2,P2_1,ALTERMAGNET,True,3,182.181,1411,0.458993,0.15,1.096,-1.096,1.096,0.0,True,0.0
POSCAR_Cu2F6_1_y050,Cu2F6_1_y050,Cu2F6_1,False,y050,ALTERMAGNET,rotation,1,2,P2_1,ALTERMAGNET,True,3,182.181,1411,0.468621,0.166,1.087,-1.087,1.087,0.0,True,0.0
POSCAR_Cu2F6_1_y950,Cu2F6_1_y950,Cu2F6_1,False,y950,ALTERMAGNET,rotation,1,2,P2_1,ALTERMAGNET,True,3,182.181,1411,0.438,0.229,1.113,-1.113,1.113,0.0,True,0.0
POSCAR_Cu2F6_1_y975,Cu2F6_1_y975,Cu2F6_1,False,y975,ALTERMAGNET,rotation,1,2,P2_1,ALTERMAGNET,True,3,182.181,1411,0.516522,0.176,1.109,-1.109,1.109,0.0,True,0.0
POSCAR_Cu2F6_1_z025,Cu2F6_1_z025,Cu2F6_1,False,z025,ALTERMAGNET,rotation,1,2,P2_1,ALTERMAGNET,True,3,182.181,1411,0.459182,0.129,1.096,-1.096,1.096,0.0,True,0.0
POSCAR_Cu2F6_1_z050,Cu2F6_1_z050,Cu2F6_1,False,z050,ALTERMAGNET,rotation,1,2,P2_1,ALTERMAGNET,True,3,182.181,1411,0.468616,0.16,1.087,-1.087,1.087,0.0,True,0.0
POSCAR_Cu2F6_1_z950,Cu2F6_1_z950,Cu2F6_1,False,z950,ALTERMAGNET,rotation,1,2,P2_1,ALTERMAGNET,True,3,182.181,1411,0.438065,0.26,1.113,-1.113,1.113,0.0,True,0.0
POSCAR_Cu2F6_1_z975,Cu2F6_1_z975,Cu2F6_1,False,z975,ALTERMAGNET,rotation,1,2,P2_1,ALTERMAGNET,True,3,182.181,1411,0.516376,0.178,1.109,-1.109,1.109,0.0,True,0.0
POSCAR_Cu2F6_2,Cu2F6_2,Cu2F6_2,True,none,ALTERMAGNET,mirror/rotoinv|rotation,6,12,R-3c,ALTERMAGNET,True,3,167.107,1337,0.276801,0.173,1.11,-1.11,1.11,0.0,True,0.0
POSCAR_Cu2F6_2_st025,Cu2F6_2_st025,Cu2F6_2,False,st025,ALTERMAGNET,mirror/rotoinv|rotation,6,12,R-3c,ALTERMAGNET,True,3,167.107,1337,0.241932,0.188,1.088,-1.088,1.088,0.0,True,0.0
POSCAR_Cu2F6_2_st050,Cu2F6_2_st050,Cu2F6_2,False,st050,ALTERMAGNET,mirror/rotoinv|rotation,6,12,R-3c,ALTERMAGNET,True,3,167.107,1337,0.235077,0.141,1.061,-1.061,1.061,0.0,True,0.0
POSCAR_Cu2F6_2_st950,Cu2F6_2_st950,Cu2F6_2,False,st950,ALTERMAGNET,mirror/rotoinv|rotation,6,12,R-3c,ALTERMAGNET,True,3,167.107,1337,0.322681,0.18,1.14,-1.14,1.14,0.0,True,0.0
POSCAR_Cu2F6_2_st975,Cu2F6_2_st975,Cu2F6_2,False,st975,ALTERMAGNET,mirror/rotoinv|rotation,6,12,R-3c,ALTERMAGNET,True,3,167.107,1337,0.315344,0.2,1.128,-1.128,1.128,0.0,True,0.0
POSCAR_Cu2F6_2_x025,Cu2F6_2_x025,Cu2F6_2,False,x025,compensated_FiM_candidate,,0,2,P-1,ALTERMAGNET,False,3,167.107,1337,0.266759,5.255,1.103,-1.103,1.103,0.0,True,0.0
POSCAR_Cu2F6_2_x975,Cu2F6_2_x975,Cu2F6_2,False,x975,compensated_FiM_candidate,,0,2,P-1,ALTERMAGNET,False,3,167.107,1337,0.281126,5.488,1.116,-1.116,1.116,0.0,True,0.0
POSCAR_Cu2F6_2_y025,Cu2F6_2_y025,Cu2F6_2,False,y025,compensated_FiM_candidate,,0,2,P-1,ALTERMAGNET,False,3,167.107,1337,0.266935,5.256,1.103,-1.103,1.103,0.0,True,0.0
POSCAR_Cu2F6_2_y975,Cu2F6_2_y975,Cu2F6_2,False,y975,compensated_FiM_candidate,,0,2,P-1,ALTERMAGNET,False,3,167.107,1337,0.281804,5.448,1.116,-1.116,1.116,0.0,True,0.0
POSCAR_Cu2F6_2_z025,Cu2F6_2_z025,Cu2F6_2,False,z025,ALTERMAGNET,mirror/rotoinv|rotation,2,4,C2/c,ALTERMAGNET,True,3,167.107,1337,0.245857,0.189,1.103,-1.103,1.103,0.0,True,0.0
POSCAR_Cu2F6_2_z050,Cu2F6_2_z050,Cu2F6_2,False,z050,ALTERMAGNET,mirror/rotoinv|rotation,2,4,C2/c,ALTERMAGNET,True,3,167.107,1337,0.266588,0.167,1.093,-1.094,1.093,0.001000000000000112,True,0.0
POSCAR_Cu2F6_2_z950,Cu2F6_2_z950,Cu2F6_2,False,z950,ALTERMAGNET,mirror/rotoinv|rotation,2,4,C2/c,ALTERMAGNET,True,3,167.107,1337,0.315558,0.268,1.121,-1.121,1.121,0.0,True,0.0
POSCAR_Cu2F6_2_z975,Cu2F6_2_z975,Cu2F6_2,False,z975,ALTERMAGNET,mirror/rotoinv|rotation,2,4,C2/c,ALTERMAGNET,True,3,167.107,1337,0.301667,0.241,1.117,-1.117,1.117,0.0,True,0.0
POSCAR_Cu2O2_1,Cu2O2_1,Cu2O2_1,True,none,ALTERMAGNET,mirror/rotoinv|rotation,2,4,C2/c,ALTERMAGNET,True,3,15.89,96,1.44026,3.416,0.648,-0.648,0.648,0.0,True,0.0
POSCAR_Cu2O2_1_st025,Cu2O2_1_st025,Cu2O2_1,False,st025,ALTERMAGNET,mirror/rotoinv|rotation,2,4,C2/c,ALTERMAGNET,True,3,15.89,96,1.290062,7.101,0.656,-0.656,0.656,0.0,True,0.0
POSCAR_Cu2O2_1_st050,Cu2O2_1_st050,Cu2O2_1,False,st050,ALTERMAGNET,mirror/rotoinv|rotation,2,4,C2/c,ALTERMAGNET,True,3,15.89,96,1.114514,1.877,0.66,-0.66,0.66,0.0,True,0.0
POSCAR_Cu2O2_1_st950,Cu2O2_1_st950,Cu2O2_1,False,st950,ALTERMAGNET,mirror/rotoinv|rotation,2,4,C2/c,ALTERMAGNET,True,3,15.89,96,1.633544,5.951,0.623,-0.623,0.623,0.0,True,0.0
POSCAR_Cu2O2_1_st975,Cu2O2_1_st975,Cu2O2_1,False,st975,ALTERMAGNET,mirror/rotoinv|rotation,2,4,C2/c,ALTERMAGNET,True,3,15.89,96,1.590435,6.014,0.637,-0.637,0.637,0.0,True,0.0
POSCAR_Cu2O2_1_z025,Cu2O2_1_z025,Cu2O2_1,False,z025,ALTERMAGNET,mirror/rotoinv|rotation,2,4,C2/c,ALTERMAGNET,True,3,15.89,96,1.346967,3.234,0.651,-0.651,0.651,0.0,True,0.0
POSCAR_Cu2O2_1_z050,Cu2O2_1_z050,Cu2O2_1,False,z050,ALTERMAGNET,mirror/rotoinv|rotation,2,4,C2/c,ALTERMAGNET,True,3,15.89,96,1.235626,2.44,0.653,-0.653,0.653,0.0,True,0.0
POSCAR_Cu2O2_1_z950,Cu2O2_1_z950,Cu2O2_1,False,z950,ALTERMAGNET,mirror/rotoinv|rotation,2,4,C2/c,ALTERMAGNET,True,3,15.89,96,1.487449,4.152,0.634,-0.634,0.634,0.0,True,0.0
POSCAR_Cu2O2_1_z975,Cu2O2_1_z975,Cu2O2_1,False,z975,ALTERMAGNET,mirror/rotoinv|rotation,2,4,C2/c,ALTERMAGNET,True,3,15.89,96,1.514487,4.379,0.642,-0.642,0.642,0.0,True,0.0
POSCAR_Cu2O2_4,Cu2O2_4,Cu2O2_4,True,none,ALTERMAGNET,mirror/rotoinv|rotation,2,4,Ama2,ALTERMAGNET,True,3,40.206,304,0.389405,0.906,0.752,-0.751,0.752,0.0010000000000000009,True,0.0
POSCAR_Cu2O2_4_st025,Cu2O2_4_st025,Cu2O2_4,False,st025,ALTERMAGNET,mirror/rotoinv|rotation,2,4,Ama2,ALTERMAGNET,True,3,40.206,304,0.386808,0.777,0.754,-0.754,0.754,0.0,True,0.0
POSCAR_Cu2O2_4_st050,Cu2O2_4_st050,Cu2O2_4,False,st050,ALTERMAGNET,mirror/rotoinv|rotation,2,4,Ama2,ALTERMAGNET,True,3,40.206,304,0.491667,0.788,0.753,-0.753,0.753,0.0,True,0.0
POSCAR_Cu2O2_4_st950,Cu2O2_4_st950,Cu2O2_4,False,st950,ALTERMAGNET,mirror/rotoinv|rotation,2,4,Ama2,ALTERMAGNET,True,3,40.206,304,0.463614,1.551,0.738,-0.738,0.738,0.0,True,0.0
POSCAR_Cu2O2_4_st975,Cu2O2_4_st975,Cu2O2_4,False,st975,ALTERMAGNET,mirror/rotoinv|rotation,2,4,Ama2,ALTERMAGNET,True,3,40.206,304,0.409867,1.122,0.746,-0.746,0.746,0.0,True,0.0
POSCAR_Cu2O2_4_z025,Cu2O2_4_z025,Cu2O2_4,False,z025,ALTERMAGNET,mirror/rotoinv|rotation,2,4,Ama2,ALTERMAGNET,True,3,40.206,304,0.358409,0.856,0.754,-0.754,0.754,0.0,True,0.0
POSCAR_Cu2O2_4_z050,Cu2O2_4_z050,Cu2O2_4,False,z050,ALTERMAGNET,mirror/rotoinv|rotation,2,4,Ama2,ALTERMAGNET,True,3,40.206,304,0.373594,0.941,0.756,-0.755,0.756,0.0010000000000000009,True,0.0
POSCAR_Cu2O2_4_z950,Cu2O2_4_z950,Cu2O2_4,False,z950,ALTERMAGNET,mirror/rotoinv|rotation,2,4,Ama2,ALTERMAGNET,True,3,40.206,304,0.493897,1.173,0.742,-0.742,0.742,0.0,True,0.0
POSCAR_Cu2O2_4_z975,Cu2O2_4_z975,Cu2O2_4,False,z975,ALTERMAGNET,mirror/rotoinv|rotation,2,4,Ama2,ALTERMAGNET,True,3,40.206,304,0.428455,1.024,0.748,-0.748,0.748,0.0,True,0.0
POSCAR_Cu2O2_6,Cu2O2_6,Cu2O2_6,True,none,ALTERMAGNET,mirror/rotoinv|rotation,6,12,P6_3mc,ALTERMAGNET,True,3,186.206,1436,0.181269,0.502,0.449,-0.45,0.449,0.0010000000000000009,True,0.001
POSCAR_Cu2O2_6_st025,Cu2O2_6_st025,Cu2O2_6,False,st025,ALTERMAGNET,mirror/rotoinv|rotation,6,12,P6_3mc,ALTERMAGNET,True,3,186.206,1436,0.135876,0.499,0.458,-0.458,0.458,0.0,True,0.0
POSCAR_Cu2O2_6_st050,Cu2O2_6_st050,Cu2O2_6,False,st050,ALTERMAGNET,mirror/rotoinv|rotation,6,12,P6_3mc,ALTERMAGNET,True,3,186.206,1436,0.224184,0.205,0.454,-0.454,0.454,0.0,True,0.0
POSCAR_Cu2O2_6_st950,Cu2O2_6_st950,Cu2O2_6,False,st950,ALTERMAGNET,mirror/rotoinv|rotation,6,12,P6_3mc,ALTERMAGNET,True,3,186.206,1436,0.314263,2.56,0.415,-0.417,0.415,0.0020000000000000018,True,0.003
POSCAR_Cu2O2_6_st975,Cu2O2_6_st975,Cu2O2_6,False,st975,ALTERMAGNET,mirror/rotoinv|rotation,6,12,P6_3mc,ALTERMAGNET,True,3,186.206,1436,0.215536,0.44,0.435,-0.435,0.435,0.0,True,0.0
POSCAR_Cu2O2_6_x025,Cu2O2_6_x025,Cu2O2_6,False,x025,ALTERMAGNET,mirror/rotoinv|rotation,2,4,Cmc2_1,ALTERMAGNET,True,3,186.206,1436,0.17821,0.415,0.458,-0.458,0.458,0.0,True,0.0
POSCAR_Cu2O2_6_x050,Cu2O2_6_x050,Cu2O2_6,False,x050,ALTERMAGNET,rotation,1,2,P2_1,ALTERMAGNET,True,3,186.206,1436,0.222453,1.064,0.47,-0.469,0.47,0.0010000000000000009,True,0.001
POSCAR_Cu2O2_6_x950,Cu2O2_6_x950,Cu2O2_6,False,x950,ALTERMAGNET,rotation,1,2,P2_1,ALTERMAGNET,True,3,186.206,1436,0.237783,1.134,0.576,-0.576,0.576,0.0,True,0.0
POSCAR_Cu2O2_6_x975,Cu2O2_6_x975,Cu2O2_6,False,x975,ALTERMAGNET,mirror/rotoinv|rotation,2,4,Cmc2_1,ALTERMAGNET,True,3,186.206,1436,0.225412,0.807,0.488,-0.488,0.488,0.0,True,0.001
POSCAR_Cu2O2_6_y025,Cu2O2_6_y025,Cu2O2_6,False,y025,ALTERMAGNET,mirror/rotoinv|rotation,2,4,Cmc2_1,ALTERMAGNET,True,3,186.206,1436,0.184851,0.798,0.456,-0.456,0.456,0.0,True,0.001
POSCAR_Cu2O2_6_y050,Cu2O2_6_y050,Cu2O2_6,False,y050,ALTERMAGNET,rotation,1,2,P2_1,ALTERMAGNET,True,3,186.206,1436,0.21776,0.72,0.466,-0.467,0.466,0.0010000000000000009,True,0.001
POSCAR_Cu2O2_6_y975,Cu2O2_6_y975,Cu2O2_6,False,y975,ALTERMAGNET,mirror/rotoinv|rotation,2,4,Cmc2_1,ALTERMAGNET,True,3,186.206,1436,0.215067,0.448,0.491,-0.491,0.491,0.0,True,0.001
POSCAR_Cu2O2_6_z025,Cu2O2_6_z025,Cu2O2_6,False,z025,ALTERMAGNET,mirror/rotoinv|rotation,6,12,P6_3mc,ALTERMAGNET,True,3,186.206,1436,0.185877,0.37,0.477,-0.477,0.477,0.0,True,0.0
POSCAR_Cu2O2_6_z050,Cu2O2_6_z050,Cu2O2_6,False,z050,ALTERMAGNET,mirror/rotoinv|rotation,6,12,P6_3mc,ALTERMAGNET,True,3,186.206,1436,0.165575,0.207,0.49,-0.49,0.49,0.0,True,0.0
POSCAR_Cu2O2_6_z950,Cu2O2_6_z950,Cu2O2_6,False,z950,ALTERMAGNET,mirror/rotoinv|rotation,6,12,P6_3mc,ALTERMAGNET,True,3,186.206,1436,0.256469,1.706,0.358,-0.358,0.358,0.0,True,0.0
POSCAR_Cu2O2_6_z975,Cu2O2_6_z975,Cu2O2_6,False,z975,ALTERMAGNET,mirror/rotoinv|rotation,6,12,P6_3mc,ALTERMAGNET,True,3,186.206,1436,0.177062,0.447,0.419,-0.419,0.419,0.0,True,0.001
POSCAR_Cu2O4_1,Cu2O4_1,Cu2O4_1,True,none,ALTERMAGNET,mirror/rotoinv|rotation,2,4,P2_1/c,ALTERMAGNET,True,3,14.79,86,0.473159,0.08,0.679,-0.679,0.679,0.0,True,0.0
POSCAR_Cu2O4_1_st025,Cu2O4_1_st025,Cu2O4_1,False,st025,ALTERMAGNET,mirror/rotoinv|rotation,2,4,P2_1/c,ALTERMAGNET,True,3,14.79,86,0.421394,0.069,0.682,-0.683,0.682,0.0010000000000000009,True,0.0
POSCAR_Cu2O4_1_st050,Cu2O4_1_st050,Cu2O4_1,False,st050,ALTERMAGNET,mirror/rotoinv|rotation,2,4,P2_1/c,ALTERMAGNET,True,3,14.79,86,0.355697,0.062,0.682,-0.682,0.682,0.0,True,0.0
POSCAR_Cu2O4_1_st950,Cu2O4_1_st950,Cu2O4_1,False,st950,ALTERMAGNET,mirror/rotoinv|rotation,2,4,P2_1/c,ALTERMAGNET,True,3,14.79,86,0.498181,0.084,0.661,-0.662,0.661,0.0010000000000000009,True,0.0
POSCAR_Cu2O4_1_st975,Cu2O4_1_st975,Cu2O4_1,False,st975,ALTERMAGNET,mirror/rotoinv|rotation,2,4,P2_1/c,ALTERMAGNET,True,3,14.79,86,0.502768,0.083,0.672,-0.672,0.672,0.0,True,0.0
POSCAR_Cu2O4_1_x025,Cu2O4_1_x025,Cu2O4_1,False,x025,ALTERMAGNET,mirror/rotoinv|rotation,2,4,P2_1/c,ALTERMAGNET,True,3,14.79,86,0.482128,0.08,0.676,-0.676,0.676,0.0,True,0.0
POSCAR_Cu2O4_1_x050,Cu2O4_1_x050,Cu2O4_1,False,x050,ALTERMAGNET,mirror/rotoinv|rotation,2,4,P2_1/c,ALTERMAGNET,True,3,14.79,86,0.478825,0.081,0.672,-0.672,0.672,0.0,True,0.0
POSCAR_Cu2O4_1_x950,Cu2O4_1_x950,Cu2O4_1,False,x950,ALTERMAGNET,mirror/rotoinv|rotation,2,4,P2_1/c,ALTERMAGNET,True,3,14.79,86,0.450947,0.092,0.681,-0.681,0.681,0.0,True,0.0
POSCAR_Cu2O4_1_x975,Cu2O4_1_x975,Cu2O4_1,False,x975,ALTERMAGNET,mirror/rotoinv|rotation,2,4,P2_1/c,ALTERMAGNET,True,3,14.79,86,0.454108,0.088,0.681,-0.681,0.681,0.0,True,0.0
POSCAR_Cu2O4_1_y025,Cu2O4_1_y025,Cu2O4_1,False,y025,ALTERMAGNET,mirror/rotoinv|rotation,2,4,P2_1/c,ALTERMAGNET,True,3,14.79,86,0.498212,0.091,0.682,-0.682,0.682,0.0,True,0.0
POSCAR_Cu2O4_1_y050,Cu2O4_1_y050,Cu2O4_1,False,y050,ALTERMAGNET,mirror/rotoinv|rotation,2,4,P2_1/c,ALTERMAGNET,True,3,14.79,86,0.494777,0.076,0.683,-0.683,0.683,0.0,True,0.0
POSCAR_Cu2O4_1_y950,Cu2O4_1_y950,Cu2O4_1,False,y950,ALTERMAGNET,mirror/rotoinv|rotation,2,4,P2_1/c,ALTERMAGNET,True,3,14.79,86,0.366422,0.097,0.67,-0.67,0.67,0.0,True,0.0
POSCAR_Cu2O4_1_y975,Cu2O4_1_y975,Cu2O4_1,False,y975,ALTERMAGNET,mirror/rotoinv|rotation,2,4,P2_1/c,ALTERMAGNET,True,3,14.79,86,0.425592,0.085,0.675,-0.675,0.675,0.0,True,0.0
POSCAR_Cu2O4_1_z025,Cu2O4_1_z025,Cu2O4_1,False,z025,ALTERMAGNET,mirror/rotoinv|rotation,2,4,P2_1/c,ALTERMAGNET,True,3,14.79,86,0.379969,0.08,0.683,-0.683,0.683,0.0,True,0.0
POSCAR_Cu2O4_1_z050,Cu2O4_1_z050,Cu2O4_1,False,z050,ALTERMAGNET,mirror/rotoinv|rotation,2,4,P2_1/c,ALTERMAGNET,True,3,14.79,86,0.328353,0.079,0.686,-0.686,0.686,0.0,True,0.0
POSCAR_Cu2O4_1_z950,Cu2O4_1_z950,Cu2O4_1,False,z950,ALTERMAGNET,mirror/rotoinv|rotation,2,4,P2_1/c,ALTERMAGNET,True,3,14.79,86,0.646015,0.079,0.667,-0.667,0.667,0.0,True,0.0
POSCAR_Cu2O4_1_z975,Cu2O4_1_z975,Cu2O4_1,False,z975,ALTERMAGNET,mirror/rotoinv|rotation,2,4,P2_1/c,ALTERMAGNET,True,3,14.79,86,0.565893,0.078,0.674,-0.674,0.674,0.0,True,0.0
POSCAR_F10Zr2_1,F10Zr2_1,F10Zr2_1,True,none,ALTERMAGNET,mirror/rotoinv,1,2,Cm,ALTERMAGNET,True,3,8.34,41,0.181246,1.674,-0.002,0.002,0.002,0.0,True,0.0
POSCAR_F4Fe2_2,F4Fe2_2,F4Fe2_2,True,none,conventional_AFM_inversion,inversion,1,2,P-1,conventional_AFM_inversion,True,3,2.6,6,0.012848,2.737,3.809,-3.809,3.809,0.0,True,0.0
POSCAR_F4Fe2_2_st025,F4Fe2_2_st025,F4Fe2_2,False,st025,conventional_AFM_inversion,inversion,1,2,P-1,conventional_AFM_inversion,True,3,2.6,6,0.011052,2.799,3.813,-3.813,3.813,0.0,True,0.0
POSCAR_F4Fe2_2_st950,F4Fe2_2_st950,F4Fe2_2,False,st950,conventional_AFM_inversion,inversion,1,2,P-1,conventional_AFM_inversion,True,3,2.6,6,0.016261,3.195,3.798,-3.798,3.798,0.0,True,0.0
POSCAR_F4Fe2_2_st975,F4Fe2_2_st975,F4Fe2_2,False,st975,conventional_AFM_inversion,inversion,1,2,P-1,conventional_AFM_inversion,True,3,2.6,6,0.014646,2.949,3.804,-3.804,3.804,0.0,True,0.0
POSCAR_F4Fe2_2_x025,F4Fe2_2_x025,F4Fe2_2,False,x025,conventional_AFM_inversion,inversion,1,2,P-1,conventional_AFM_inversion,True,3,2.6,6,0.012988,3.181,3.81,-3.81,3.81,0.0,True,0.0
POSCAR_F4Fe2_2_x050,F4Fe2_2_x050,F4Fe2_2,False,x050,conventional_AFM_inversion,inversion,1,2,P-1,conventional_AFM_inversion,True,3,2.6,6,0.013462,3.23,3.812,-3.812,3.812,0.0,True,0.0
POSCAR_F4Fe2_2_x950,F4Fe2_2_x950,F4Fe2_2,False,x950,conventional_AFM_inversion,inversion,1,2,P-1,conventional_AFM_inversion,True,3,2.6,6,0.015067,2.73,3.804,-3.804,3.804,0.0,True,0.0
POSCAR_F4Fe2_2_x975,F4Fe2_2_x975,F4Fe2_2,False,x975,conventional_AFM_inversion,inversion,1,2,P-1,conventional_AFM_inversion,True,3,2.6,6,0.013966,2.852,3.807,-3.807,3.807,0.0,True,0.0
POSCAR_F4Fe2_2_y025,F4Fe2_2_y025,F4Fe2_2,False,y025,conventional_AFM_inversion,inversion,1,2,P-1,conventional_AFM_inversion,True,3,2.6,6,0.012654,2.953,3.809,-3.809,3.809,0.0,True,0.0
POSCAR_F4Fe2_2_y050,F4Fe2_2_y050,F4Fe2_2,False,y050,conventional_AFM_inversion,inversion,1,2,P-1,conventional_AFM_inversion,True,3,2.6,6,0.012154,2.918,3.81,-3.81,3.81,0.0,True,0.0
POSCAR_F4Fe2_2_y950,F4Fe2_2_y950,F4Fe2_2,False,y950,conventional_AFM_inversion,inversion,1,2,P-1,conventional_AFM_inversion,True,3,2.6,6,0.014573,3.356,3.806,-3.806,3.806,0.0,True,0.0
POSCAR_F4Fe2_2_y975,F4Fe2_2_y975,F4Fe2_2,False,y975,conventional_AFM_inversion,inversion|rotation,2,4,C2/m,conventional_AFM_inversion,True,3,2.6,6,0.013155,2.898,3.807,-3.807,3.807,0.0,True,0.0
POSCAR_F4Fe2_2_z025,F4Fe2_2_z025,F4Fe2_2,False,z025,conventional_AFM_inversion,inversion|rotation,2,4,C2/m,conventional_AFM_inversion,True,3,2.6,6,0.01256,2.848,3.81,-3.81,3.81,0.0,True,0.0
POSCAR_F4Fe2_2_z050,F4Fe2_2_z050,F4Fe2_2,False,z050,conventional_AFM_inversion,inversion,1,2,P-1,conventional_AFM_inversion,True,3,2.6,6,0.011973,2.845,3.811,-3.811,3.811,0.0,True,0.0
POSCAR_F4Fe2_2_z950,F4Fe2_2_z950,F4Fe2_2,False,z950,conventional_AFM_inversion,inversion,1,2,P-1,conventional_AFM_inversion,True,3,2.6,6,0.013903,3.194,3.804,-3.804,3.804,0.0,True,0.0
POSCAR_F4Fe2_2_z975,F4Fe2_2_z975,F4Fe2_2,False,z975,conventional_AFM_inversion,inversion,1,2,P-1,conventional_AFM_inversion,True,3,2.6,6,0.013303,2.761,3.807,-3.807,3.807,0.0,True,0.0
POSCAR_F4Mn2_1,F4Mn2_1,F4Mn2_1,True,none,ALTERMAGNET,mirror/rotoinv|rotation,8,16,P4_2/mnm,ALTERMAGNET,True,3,136.498,1158,0.293119,0.175,4.678,-4.678,4.678,0.0,True,0.0
POSCAR_F4Mn2_1_st025,F4Mn2_1_st025,F4Mn2_1,False,st025,ALTERMAGNET,mirror/rotoinv|rotation,8,16,P4_2/mnm,ALTERMAGNET,True,3,136.498,1158,0.306416,0.173,4.69,-4.69,4.69,0.0,True,0.0
POSCAR_F4Mn2_1_st050,F4Mn2_1_st050,F4Mn2_1,False,st050,ALTERMAGNET,mirror/rotoinv|rotation,8,16,P4_2/mnm,ALTERMAGNET,True,3,136.498,1158,0.323907,0.177,4.699,-4.699,4.699,0.0,True,0.0
POSCAR_F4Mn2_1_st950,F4Mn2_1_st950,F4Mn2_1,False,st950,ALTERMAGNET,mirror/rotoinv|rotation,8,16,P4_2/mnm,ALTERMAGNET,True,3,136.498,1158,0.304378,0.183,4.649,-4.649,4.649,0.0,True,0.0
POSCAR_F4Mn2_1_st975,F4Mn2_1_st975,F4Mn2_1,False,st975,ALTERMAGNET,mirror/rotoinv|rotation,8,16,P4_2/mnm,ALTERMAGNET,True,3,136.498,1158,0.285417,0.179,4.665,-4.665,4.665,0.0,True,0.0
POSCAR_F4Mn2_1_x025,F4Mn2_1_x025,F4Mn2_1,False,x025,ALTERMAGNET,mirror/rotoinv|rotation,8,16,P4_2/mnm,ALTERMAGNET,True,3,136.498,1158,0.280328,0.171,4.683,-4.683,4.683,0.0,True,0.0
POSCAR_F4Mn2_1_x050,F4Mn2_1_x050,F4Mn2_1,False,x050,ALTERMAGNET,mirror/rotoinv|rotation,8,16,P4_2/mnm,ALTERMAGNET,True,3,136.498,1158,0.278836,0.166,4.687,-4.687,4.687,0.0,True,0.0
POSCAR_F4Mn2_1_x950,F4Mn2_1_x950,F4Mn2_1,False,x950,ALTERMAGNET,mirror/rotoinv|rotation,8,16,P4_2/mnm,ALTERMAGNET,True,3,136.498,1158,0.317868,0.191,4.667,-4.667,4.667,0.0,True,0.0
POSCAR_F4Mn2_1_x975,F4Mn2_1_x975,F4Mn2_1,False,x975,ALTERMAGNET,mirror/rotoinv|rotation,8,16,P4_2/mnm,ALTERMAGNET,True,3,136.498,1158,0.315856,0.181,4.673,-4.673,4.673,0.0,True,0.0
POSCAR_F4Mn2_1_y025,F4Mn2_1_y025,F4Mn2_1,False,y025,ALTERMAGNET,mirror/rotoinv|rotation,4,8,Pnnm,ALTERMAGNET,True,3,136.498,1158,0.317864,0.16,4.682,-4.682,4.682,0.0,True,0.0
POSCAR_F4Mn2_1_y050,F4Mn2_1_y050,F4Mn2_1,False,y050,ALTERMAGNET,mirror/rotoinv|rotation,4,8,Pnnm,ALTERMAGNET,True,3,136.498,1158,0.308016,0.144,4.685,-4.685,4.685,0.0,True,0.0
POSCAR_F4Mn2_1_y950,F4Mn2_1_y950,F4Mn2_1,False,y950,ALTERMAGNET,mirror/rotoinv|rotation,4,8,Pnnm,ALTERMAGNET,True,3,136.498,1158,0.288104,0.198,4.671,-4.671,4.671,0.0,True,0.0
POSCAR_F4Mn2_1_y975,F4Mn2_1_y975,F4Mn2_1,False,y975,ALTERMAGNET,mirror/rotoinv|rotation,4,8,Pnnm,ALTERMAGNET,True,3,136.498,1158,0.283456,0.187,4.675,-4.675,4.675,0.0,True,0.0
POSCAR_F4Mn2_1_z025,F4Mn2_1_z025,F4Mn2_1,False,z025,ALTERMAGNET,mirror/rotoinv|rotation,4,8,Pnnm,ALTERMAGNET,True,3,136.498,1158,0.317963,0.19,4.682,-4.682,4.682,0.0,True,0.0
POSCAR_F4Mn2_1_z050,F4Mn2_1_z050,F4Mn2_1,False,z050,ALTERMAGNET,mirror/rotoinv|rotation,4,8,Pnnm,ALTERMAGNET,True,3,136.498,1158,0.308161,0.202,4.685,-4.685,4.685,0.0,True,0.0
POSCAR_F4Mn2_1_z950,F4Mn2_1_z950,F4Mn2_1,False,z950,ALTERMAGNET,mirror/rotoinv|rotation,4,8,Pnnm,ALTERMAGNET,True,3,136.498,1158,0.28794,0.137,4.671,-4.671,4.671,0.0,True,0.0
POSCAR_F4Mn2_1_z975,F4Mn2_1_z975,F4Mn2_1,False,z975,ALTERMAGNET,mirror/rotoinv|rotation,4,8,Pnnm,ALTERMAGNET,True,3,136.498,1158,0.283335,0.156,4.675,-4.675,4.675,0.0,True,0.0
POSCAR_F4Ni2_1,F4Ni2_1,F4Ni2_1,True,none,ALTERMAGNET,mirror/rotoinv|rotation,8,16,P4_2/mnm,ALTERMAGNET,True,3,136.498,1158,0.333721,0.614,1.88,-1.88,1.88,0.0,True,0.0
POSCAR_F4Ni2_1_st025,F4Ni2_1_st025,F4Ni2_1,False,st025,ALTERMAGNET,mirror/rotoinv|rotation,8,16,P4_2/mnm,ALTERMAGNET,True,3,136.498,1158,0.37662,0.543,1.883,-1.883,1.883,0.0,True,0.0
POSCAR_F4Ni2_1_st050,F4Ni2_1_st050,F4Ni2_1,False,st050,ALTERMAGNET,mirror/rotoinv|rotation,8,16,P4_2/mnm,ALTERMAGNET,True,3,136.498,1158,0.296474,0.502,1.886,-1.886,1.886,0.0,True,0.0
POSCAR_F4Ni2_1_st950,F4Ni2_1_st950,F4Ni2_1,False,st950,ALTERMAGNET,mirror/rotoinv|rotation,8,16,P4_2/mnm,ALTERMAGNET,True,3,136.498,1158,0.395285,0.714,1.873,-1.873,1.873,0.0,True,0.0
POSCAR_F4Ni2_1_st975,F4Ni2_1_st975,F4Ni2_1,False,st975,ALTERMAGNET,mirror/rotoinv|rotation,8,16,P4_2/mnm,ALTERMAGNET,True,3,136.498,1158,0.354497,0.7,1.876,-1.876,1.876,0.0,True,0.0
POSCAR_F4Ni2_1_x025,F4Ni2_1_x025,F4Ni2_1,False,x025,ALTERMAGNET,mirror/rotoinv|rotation,8,16,P4_2/mnm,ALTERMAGNET,True,3,136.498,1158,0.305239,0.573,1.881,-1.881,1.881,0.0,True,0.0
POSCAR_F4Ni2_1_x050,F4Ni2_1_x050,F4Ni2_1,False,x050,ALTERMAGNET,mirror/rotoinv|rotation,8,16,P4_2/mnm,ALTERMAGNET,True,3,136.498,1158,0.351127,0.57,1.883,-1.883,1.883,0.0,True,0.0
POSCAR_F4Ni2_1_x950,F4Ni2_1_x950,F4Ni2_1,False,x950,ALTERMAGNET,mirror/rotoinv|rotation,8,16,P4_2/mnm,ALTERMAGNET,True,3,136.498,1158,0.347092,0.699,1.876,-1.876,1.876,0.0,True,0.0
POSCAR_F4Ni2_1_x975,F4Ni2_1_x975,F4Ni2_1,False,x975,ALTERMAGNET,mirror/rotoinv|rotation,8,16,P4_2/mnm,ALTERMAGNET,True,3,136.498,1158,0.348669,0.667,1.878,-1.878,1.878,0.0,True,0.0
POSCAR_F4Ni2_1_y025,F4Ni2_1_y025,F4Ni2_1,False,y025,ALTERMAGNET,mirror/rotoinv|rotation,4,8,Pnnm,ALTERMAGNET,True,3,136.498,1158,0.32208,0.502,1.88,-1.88,1.88,0.0,True,0.0
POSCAR_F4Ni2_1_y050,F4Ni2_1_y050,F4Ni2_1,False,y050,ALTERMAGNET,mirror/rotoinv|rotation,4,8,Pnnm,ALTERMAGNET,True,3,136.498,1158,0.30777,0.457,1.881,-1.881,1.881,0.0,True,0.0
POSCAR_F4Ni2_1_y950,F4Ni2_1_y950,F4Ni2_1,False,y950,ALTERMAGNET,mirror/rotoinv|rotation,4,8,Pnnm,ALTERMAGNET,True,3,136.498,1158,0.349959,0.495,1.878,-1.878,1.878,0.0,True,0.0
POSCAR_F4Ni2_1_y975,F4Ni2_1_y975,F4Ni2_1,False,y975,ALTERMAGNET,mirror/rotoinv|rotation,4,8,Pnnm,ALTERMAGNET,True,3,136.498,1158,0.342912,0.518,1.879,-1.879,1.879,0.0,True,0.0
POSCAR_F4Ni2_1_z025,F4Ni2_1_z025,F4Ni2_1,False,z025,ALTERMAGNET,mirror/rotoinv|rotation,4,8,Pnnm,ALTERMAGNET,True,3,136.498,1158,0.322083,0.499,1.88,-1.88,1.88,0.0,True,0.0
POSCAR_F4Ni2_1_z050,F4Ni2_1_z050,F4Ni2_1,False,z050,ALTERMAGNET,mirror/rotoinv|rotation,4,8,Pnnm,ALTERMAGNET,True,3,136.498,1158,0.307723,0.454,1.881,-1.881,1.881,0.0,True,0.0
POSCAR_F4Ni2_1_z950,F4Ni2_1_z950,F4Ni2_1,False,z950,ALTERMAGNET,mirror/rotoinv|rotation,4,8,Pnnm,ALTERMAGNET,True,3,136.498,1158,0.349913,0.498,1.878,-1.878,1.878,0.0,True,0.0
POSCAR_F4Ni2_1_z975,F4Ni2_1_z975,F4Ni2_1,False,z975,ALTERMAGNET,mirror/rotoinv|rotation,4,8,Pnnm,ALTERMAGNET,True,3,136.498,1158,0.342896,0.523,1.879,-1.879,1.879,0.0,True,0.0
POSCAR_F4Sc2_1,F4Sc2_1,F4Sc2_1,True,none,ALTERMAGNET,mirror/rotoinv|rotation,8,16,P4_2/mnm,ALTERMAGNET,True,3,136.498,1158,0.10209,2.879,0.756,-0.756,0.756,0.0,True,0.001
POSCAR_F4Sc2_1_st950,F4Sc2_1_st950,F4Sc2_1,False,st950,ALTERMAGNET,mirror/rotoinv|rotation,8,16,P4_2/mnm,ALTERMAGNET,True,3,136.498,1158,0.151468,3.68,0.202,-0.206,0.202,0.003999999999999976,True,0.004
POSCAR_F4Sc2_1_x050,F4Sc2_1_x050,F4Sc2_1,False,x050,ALTERMAGNET,mirror/rotoinv|rotation,8,16,P4_2/mnm,ALTERMAGNET,True,3,136.498,1158,0.132357,1.796,0.327,-0.325,0.327,0.0020000000000000018,True,0.002
POSCAR_F4Sc2_1_y950,F4Sc2_1_y950,F4Sc2_1,False,y950,ALTERMAGNET,mirror/rotoinv|rotation,4,8,Pnnm,ALTERMAGNET,True,3,136.498,1158,0.133882,0.315,0.192,-0.192,0.192,0.0,True,0.0
POSCAR_F4Sc2_1_z950,F4Sc2_1_z950,F4Sc2_1,False,z950,ALTERMAGNET,mirror/rotoinv|rotation,4,8,Pnnm,ALTERMAGNET,True,3,136.498,1158,0.136885,0.991,0.191,-0.189,0.191,0.0020000000000000018,True,0.002
POSCAR_F4V2_1,F4V2_1,F4V2_1,True,none,ALTERMAGNET,mirror/rotoinv|rotation,8,16,P4_2/mnm,ALTERMAGNET,True,3,136.498,1158,0.059059,1.211,2.759,-2.759,2.759,0.0,True,0.0
POSCAR_F4V2_1_st025,F4V2_1_st025,F4V2_1,False,st025,ALTERMAGNET,mirror/rotoinv|rotation,8,16,P4_2/mnm,ALTERMAGNET,True,3,136.498,1158,0.048097,1.229,2.764,-2.764,2.764,0.0,True,0.0
POSCAR_F4V2_1_st050,F4V2_1_st050,F4V2_1,False,st050,ALTERMAGNET,mirror/rotoinv|rotation,8,16,P4_2/mnm,ALTERMAGNET,True,3,136.498,1158,0.03978,1.245,2.769,-2.769,2.769,0.0,True,0.0
POSCAR_F4V2_1_st950,F4V2_1_st950,F4V2_1,False,st950,ALTERMAGNET,mirror/rotoinv|rotation,8,16,P4_2/mnm,ALTERMAGNET,True,3,136.498,1158,0.092803,1.15,2.746,-2.746,2.746,0.0,True,0.0
POSCAR_F4V2_1_st975,F4V2_1_st975,F4V2_1,False,st975,ALTERMAGNET,mirror/rotoinv|rotation,8,16,P4_2/mnm,ALTERMAGNET,True,3,136.498,1158,0.073658,1.187,2.753,-2.753,2.753,0.0,True,0.0
POSCAR_F4V2_1_x025,F4V2_1_x025,F4V2_1,False,x025,ALTERMAGNET,mirror/rotoinv|rotation,8,16,P4_2/mnm,ALTERMAGNET,True,3,136.498,1158,0.05615,1.172,2.76,-2.76,2.76,0.0,True,0.0
POSCAR_F4V2_1_x050,F4V2_1_x050,F4V2_1,False,x050,ALTERMAGNET,mirror/rotoinv|rotation,8,16,P4_2/mnm,ALTERMAGNET,True,3,136.498,1158,0.053974,1.174,2.761,-2.761,2.761,0.0,True,0.0
POSCAR_F4V2_1_x950,F4V2_1_x950,F4V2_1,False,x950,ALTERMAGNET,mirror/rotoinv|rotation,8,16,P4_2/mnm,ALTERMAGNET,True,3,136.498,1158,0.067773,1.261,2.755,-2.755,2.755,0.0,True,0.0
POSCAR_F4V2_1_x975,F4V2_1_x975,F4V2_1,False,x975,ALTERMAGNET,mirror/rotoinv|rotation,8,16,P4_2/mnm,ALTERMAGNET,True,3,136.498,1158,0.062847,1.236,2.757,-2.757,2.757,0.0,True,0.0
POSCAR_F4V2_1_y025,F4V2_1_y025,F4V2_1,False,y025,ALTERMAGNET,mirror/rotoinv|rotation,4,8,Pnnm,ALTERMAGNET,True,3,136.498,1158,0.054711,1.205,2.76,-2.76,2.76,0.0,True,0.0
POSCAR_F4V2_1_y050,F4V2_1_y050,F4V2_1,False,y050,ALTERMAGNET,mirror/rotoinv|rotation,4,8,Pnnm,ALTERMAGNET,True,3,136.498,1158,0.050881,1.212,2.762,-2.762,2.762,0.0,True,0.0
POSCAR_F4V2_1_y950,F4V2_1_y950,F4V2_1,False,y950,ALTERMAGNET,mirror/rotoinv|rotation,4,8,Pnnm,ALTERMAGNET,True,3,136.498,1158,0.069595,1.107,2.754,-2.754,2.754,0.0,True,0.0
POSCAR_F4V2_1_y975,F4V2_1_y975,F4V2_1,False,y975,ALTERMAGNET,mirror/rotoinv|rotation,4,8,Pnnm,ALTERMAGNET,True,3,136.498,1158,0.064013,1.149,2.756,-2.756,2.756,0.0,True,0.0
POSCAR_F4V2_1_z025,F4V2_1_z025,F4V2_1,False,z025,ALTERMAGNET,mirror/rotoinv|rotation,4,8,Pnnm,ALTERMAGNET,True,3,136.498,1158,0.054715,1.2,2.76,-2.76,2.76,0.0,True,0.0
POSCAR_F4V2_1_z050,F4V2_1_z050,F4V2_1,False,z050,ALTERMAGNET,mirror/rotoinv|rotation,4,8,Pnnm,ALTERMAGNET,True,3,136.498,1158,0.050886,1.2,2.762,-2.762,2.762,0.0,True,0.0
POSCAR_F4V2_1_z950,F4V2_1_z950,F4V2_1,False,z950,ALTERMAGNET,mirror/rotoinv|rotation,4,8,Pnnm,ALTERMAGNET,True,3,136.498,1158,0.069566,1.119,2.754,-2.754,2.754,0.0,True,0.0
POSCAR_F4V2_1_z975,F4V2_1_z975,F4V2_1,False,z975,ALTERMAGNET,mirror/rotoinv|rotation,4,8,Pnnm,ALTERMAGNET,True,3,136.498,1158,0.064001,1.156,2.756,-2.756,2.756,0.0,True,0.0
POSCAR_F4Y2_1,F4Y2_1,F4Y2_1,True,none,ALTERMAGNET,mirror/rotoinv|rotation,8,16,P4_2/mnm,ALTERMAGNET,True,3,136.498,1158,0.091759,1.49,0.057,-0.06,0.057,0.0029999999999999957,True,0.003
POSCAR_F6Fe2_1,F6Fe2_1,F6Fe2_1,True,none,ALTERMAGNET,mirror/rotoinv|rotation,6,12,R-3c,ALTERMAGNET,True,3,167.107,1337,0.233474,0.665,4.368,-4.368,4.368,0.0,True,0.0
POSCAR_F6Fe2_1_st025,F6Fe2_1_st025,F6Fe2_1,False,st025,ALTERMAGNET,mirror/rotoinv|rotation,6,12,R-3c,ALTERMAGNET,True,3,167.107,1337,0.187757,0.654,4.368,-4.368,4.368,0.0,True,0.0
POSCAR_F6Fe2_1_st050,F6Fe2_1_st050,F6Fe2_1,False,st050,ALTERMAGNET,mirror/rotoinv|rotation,6,12,R-3c,ALTERMAGNET,True,3,167.107,1337,0.171324,0.615,4.364,-4.364,4.364,0.0,True,0.0
POSCAR_F6Fe2_1_st950,F6Fe2_1_st950,F6Fe2_1,False,st950,ALTERMAGNET,mirror/rotoinv|rotation,6,12,R-3c,ALTERMAGNET,True,3,167.107,1337,0.14875,0.743,4.36,-4.36,4.36,0.0,True,0.0
POSCAR_F6Fe2_1_st975,F6Fe2_1_st975,F6Fe2_1,False,st975,ALTERMAGNET,mirror/rotoinv|rotation,6,12,R-3c,ALTERMAGNET,True,3,167.107,1337,0.189754,0.758,4.365,-4.365,4.365,0.0,True,0.0
POSCAR_F6Fe2_1_x025,F6Fe2_1_x025,F6Fe2_1,False,x025,compensated_FiM_candidate,,0,2,P-1,ALTERMAGNET,False,3,167.107,1337,0.233515,6.592,4.368,-4.368,4.368,0.0,True,0.0
POSCAR_F6Fe2_1_x975,F6Fe2_1_x975,F6Fe2_1,False,x975,compensated_FiM_candidate,,0,2,P-1,ALTERMAGNET,False,3,167.107,1337,0.283464,8.188,4.367,-4.367,4.367,0.0,True,0.0
POSCAR_F6Fe2_1_y025,F6Fe2_1_y025,F6Fe2_1,False,y025,compensated_FiM_candidate,,0,2,P-1,ALTERMAGNET,False,3,167.107,1337,0.233834,6.298,4.368,-4.368,4.368,0.0,True,0.0
POSCAR_F6Fe2_1_y975,F6Fe2_1_y975,F6Fe2_1,False,y975,compensated_FiM_candidate,,0,2,P-1,ALTERMAGNET,False,3,167.107,1337,0.283898,7.964,4.367,-4.367,4.367,0.0,True,0.0
POSCAR_F6Fe2_1_z025,F6Fe2_1_z025,F6Fe2_1,False,z025,ALTERMAGNET,mirror/rotoinv|rotation,2,4,C2/c,ALTERMAGNET,True,3,167.107,1337,0.217344,0.75,4.368,-4.368,4.368,0.0,True,0.0
POSCAR_F6Fe2_1_z050,F6Fe2_1_z050,F6Fe2_1,False,z050,ALTERMAGNET,mirror/rotoinv|rotation,2,4,C2/c,ALTERMAGNET,True,3,167.107,1337,0.218743,0.867,4.367,-4.367,4.367,0.0,True,0.0
POSCAR_F6Fe2_1_z950,F6Fe2_1_z950,F6Fe2_1,False,z950,ALTERMAGNET,mirror/rotoinv|rotation,2,4,C2/c,ALTERMAGNET,True,3,167.107,1337,0.22635,0.554,4.366,-4.366,4.366,0.0,True,0.0
POSCAR_F6Fe2_1_z975,F6Fe2_1_z975,F6Fe2_1,False,z975,ALTERMAGNET,mirror/rotoinv|rotation,2,4,C2/c,ALTERMAGNET,True,3,167.107,1337,0.253407,0.649,4.368,-4.368,4.368,0.0,True,0.0
POSCAR_F6Fe2_2,F6Fe2_2,F6Fe2_2,True,none,ALTERMAGNET,rotation,3,6,R32,ALTERMAGNET,True,3,155.47,1277,0.097835,2.623,4.368,-4.368,4.368,0.0,True,0.0
POSCAR_F6Fe2_2_st025,F6Fe2_2_st025,F6Fe2_2,False,st025,ALTERMAGNET,rotation,3,6,R32,ALTERMAGNET,True,3,155.47,1277,0.091499,2.382,4.364,-4.364,4.364,0.0,True,0.0
POSCAR_F6Fe2_2_st050,F6Fe2_2_st050,F6Fe2_2,False,st050,ALTERMAGNET,rotation,3,6,R32,ALTERMAGNET,True,3,155.47,1277,0.091545,1.883,4.357,-4.357,4.357,0.0,True,0.0
POSCAR_F6Fe2_2_st950,F6Fe2_2_st950,F6Fe2_2,False,st950,ALTERMAGNET,rotation,3,6,R32,ALTERMAGNET,True,3,155.47,1277,0.084241,3.645,4.369,-4.369,4.369,0.0,True,0.0
POSCAR_F6Fe2_2_st975,F6Fe2_2_st975,F6Fe2_2,False,st975,ALTERMAGNET,rotation,3,6,R32,ALTERMAGNET,True,3,155.47,1277,0.089631,3.194,4.37,-4.37,4.37,0.0,True,0.0
POSCAR_F6Fe2_2_x025,F6Fe2_2_x025,F6Fe2_2,False,x025,compensated_FiM_candidate,,0,1,P1,ALTERMAGNET,False,3,155.47,1277,0.143512,9.675,4.367,-4.367,4.367,0.0,True,0.0
POSCAR_F6Fe2_2_x975,F6Fe2_2_x975,F6Fe2_2,False,x975,compensated_FiM_candidate,,0,1,P1,ALTERMAGNET,False,3,155.47,1277,0.106792,9.6,4.369,-4.368,4.369,0.0009999999999994458,True,0.0
POSCAR_F6Fe2_2_y975,F6Fe2_2_y975,F6Fe2_2,False,y975,compensated_FiM_candidate,,0,1,P1,ALTERMAGNET,False,3,155.47,1277,0.107303,9.055,4.368,-4.368,4.368,0.0,True,0.0
POSCAR_F6Fe2_2_z025,F6Fe2_2_z025,F6Fe2_2,False,z025,ALTERMAGNET,rotation,1,2,C2,ALTERMAGNET,True,3,155.47,1277,0.100927,2.921,4.366,-4.366,4.366,0.0,True,0.0
POSCAR_F6Fe2_2_z050,F6Fe2_2_z050,F6Fe2_2,False,z050,ALTERMAGNET,rotation,1,2,C2,ALTERMAGNET,True,3,155.47,1277,0.10608,2.983,4.364,-4.364,4.364,0.0,True,0.0
POSCAR_F6Fe2_2_z950,F6Fe2_2_z950,F6Fe2_2,False,z950,ALTERMAGNET,rotation,1,2,C2,ALTERMAGNET,True,3,155.47,1277,0.107626,3.164,4.368,-4.368,4.368,0.0,True,0.0
POSCAR_F6Fe2_2_z975,F6Fe2_2_z975,F6Fe2_2,False,z975,ALTERMAGNET,rotation,1,2,C2,ALTERMAGNET,True,3,155.47,1277,0.126776,2.931,4.369,-4.369,4.369,0.0,True,0.0
POSCAR_F6Mn2_1,F6Mn2_1,F6Mn2_1,True,none,ALTERMAGNET,mirror/rotoinv|rotation,2,4,C2/c,ALTERMAGNET,True,3,15.89,96,0.351904,2.454,3.814,-3.813,3.814,0.0009999999999998899,True,0.0
POSCAR_F6Mn2_1_st025,F6Mn2_1_st025,F6Mn2_1,False,st025,ALTERMAGNET,mirror/rotoinv|rotation,2,4,C2/c,ALTERMAGNET,True,3,15.89,96,0.282707,2.498,3.867,-3.866,3.867,0.0009999999999998899,True,0.0
POSCAR_F6Mn2_1_st050,F6Mn2_1_st050,F6Mn2_1,False,st050,ALTERMAGNET,mirror/rotoinv|rotation,2,4,C2/c,ALTERMAGNET,True,3,15.89,96,0.198437,2.402,3.926,-3.926,3.926,0.0,True,0.0
POSCAR_F6Mn2_1_st950,F6Mn2_1_st950,F6Mn2_1,False,st950,ALTERMAGNET,mirror/rotoinv|rotation,2,4,C2/c,ALTERMAGNET,True,3,15.89,96,0.469212,2.561,3.716,-3.716,3.716,0.0,True,0.0
POSCAR_F6Mn2_1_st975,F6Mn2_1_st975,F6Mn2_1,False,st975,ALTERMAGNET,mirror/rotoinv|rotation,2,4,C2/c,ALTERMAGNET,True,3,15.89,96,0.410341,2.58,3.764,-3.764,3.764,0.0,True,0.0
POSCAR_F6Mn2_4,F6Mn2_4,F6Mn2_4,True,none,ALTERMAGNET,rotation,2,4,C222_1,ALTERMAGNET,True,3,20.34,132,0.3092,1.791,3.819,-3.819,3.819,0.0,True,0.0
POSCAR_F6Mn2_4_st025,F6Mn2_4_st025,F6Mn2_4,False,st025,ALTERMAGNET,rotation,2,4,C222_1,ALTERMAGNET,True,3,20.34,132,0.281241,1.724,3.873,-3.873,3.873,0.0,True,0.0
POSCAR_F6Mn2_4_st050,F6Mn2_4_st050,F6Mn2_4,False,st050,ALTERMAGNET,rotation,2,4,C222_1,ALTERMAGNET,True,3,20.34,132,0.227225,1.62,3.935,-3.935,3.935,0.0,True,0.0
POSCAR_F6Mn2_4_st950,F6Mn2_4_st950,F6Mn2_4,False,st950,ALTERMAGNET,rotation,2,4,C222_1,ALTERMAGNET,True,3,20.34,132,0.347385,1.721,3.72,-3.72,3.72,0.0,True,0.0
POSCAR_F6Mn2_4_st975,F6Mn2_4_st975,F6Mn2_4,False,st975,ALTERMAGNET,rotation,2,4,C222_1,ALTERMAGNET,True,3,20.34,132,0.324333,1.879,3.769,-3.769,3.769,0.0,True,0.0
POSCAR_F6Mn2_4_x025,F6Mn2_4_x025,F6Mn2_4,False,x025,ALTERMAGNET,rotation,2,4,C222_1,ALTERMAGNET,True,3,20.34,132,0.284003,1.694,3.838,-3.838,3.838,0.0,True,0.0
POSCAR_F6Mn2_4_x050,F6Mn2_4_x050,F6Mn2_4,False,x050,ALTERMAGNET,rotation,2,4,C222_1,ALTERMAGNET,True,3,20.34,132,0.25624,1.616,3.858,-3.858,3.858,0.0,True,0.0
POSCAR_F6Mn2_4_x950,F6Mn2_4_x950,F6Mn2_4,False,x950,ALTERMAGNET,rotation,2,4,C222_1,ALTERMAGNET,True,3,20.34,132,0.355257,1.884,3.784,-3.784,3.784,0.0,True,0.0
POSCAR_F6Mn2_4_x975,F6Mn2_4_x975,F6Mn2_4,False,x975,ALTERMAGNET,rotation,2,4,C222_1,ALTERMAGNET,True,3,20.34,132,0.332731,1.866,3.801,-3.801,3.801,0.0,True,0.0
POSCAR_F6Mn2_4_y025,F6Mn2_4_y025,F6Mn2_4,False,y025,ALTERMAGNET,rotation,1,2,P2_1,ALTERMAGNET,True,3,20.34,132,0.311035,1.752,3.836,-3.836,3.836,0.0,True,0.0
POSCAR_F6Mn2_4_y050,F6Mn2_4_y050,F6Mn2_4,False,y050,ALTERMAGNET,rotation,1,2,P2_1,ALTERMAGNET,True,3,20.34,132,0.303624,1.735,3.853,-3.853,3.853,0.0,True,0.0
POSCAR_F6Mn2_4_y950,F6Mn2_4_y950,F6Mn2_4,False,y950,ALTERMAGNET,rotation,1,2,P2_1,ALTERMAGNET,True,3,20.34,132,0.296187,1.695,3.786,-3.786,3.786,0.0,True,0.0
POSCAR_F6Mn2_4_y975,F6Mn2_4_y975,F6Mn2_4,False,y975,ALTERMAGNET,rotation,1,2,P2_1,ALTERMAGNET,True,3,20.34,132,0.30399,1.753,3.802,-3.802,3.802,0.0,True,0.0
POSCAR_F6Mn2_4_z025,F6Mn2_4_z025,F6Mn2_4,False,z025,ALTERMAGNET,rotation,1,2,P2_1,ALTERMAGNET,True,3,20.34,132,0.310752,1.712,3.836,-3.836,3.836,0.0,True,0.0
POSCAR_F6Mn2_4_z050,F6Mn2_4_z050,F6Mn2_4,False,z050,ALTERMAGNET,rotation,1,2,P2_1,ALTERMAGNET,True,3,20.34,132,0.303156,1.662,3.853,-3.853,3.853,0.0,True,0.0
POSCAR_F6Mn2_4_z950,F6Mn2_4_z950,F6Mn2_4,False,z950,ALTERMAGNET,rotation,1,2,P2_1,ALTERMAGNET,True,3,20.34,132,0.296662,1.707,3.786,-3.786,3.786,0.0,True,0.0
POSCAR_F6Mn2_4_z975,F6Mn2_4_z975,F6Mn2_4,False,z975,ALTERMAGNET,rotation,1,2,P2_1,ALTERMAGNET,True,3,20.34,132,0.304265,1.764,3.802,-3.802,3.802,0.0,True,0.0
POSCAR_F6Mn2_5,F6Mn2_5,F6Mn2_5,True,none,ALTERMAGNET,mirror/rotoinv|rotation,4,8,Pbam,ALTERMAGNET,True,3,55.357,455,0.304366,0.595,3.824,-3.824,3.824,0.0,True,0.0
POSCAR_F6Mn2_5_st025,F6Mn2_5_st025,F6Mn2_5,False,st025,ALTERMAGNET,mirror/rotoinv|rotation,4,8,Pbam,ALTERMAGNET,True,3,55.357,455,0.251692,0.606,3.874,-3.874,3.874,0.0,True,0.0
POSCAR_F6Mn2_5_st050,F6Mn2_5_st050,F6Mn2_5,False,st050,ALTERMAGNET,mirror/rotoinv|rotation,4,8,Pbam,ALTERMAGNET,True,3,55.357,455,0.18335,0.62,3.931,-3.932,3.931,0.0009999999999998899,True,0.0
POSCAR_F6Mn2_5_st950,F6Mn2_5_st950,F6Mn2_5,False,st950,ALTERMAGNET,mirror/rotoinv|rotation,4,8,Pbam,ALTERMAGNET,True,3,55.357,455,0.391678,0.588,3.736,-3.736,3.736,0.0,True,0.0
POSCAR_F6Mn2_5_st975,F6Mn2_5_st975,F6Mn2_5,False,st975,ALTERMAGNET,mirror/rotoinv|rotation,4,8,Pbam,ALTERMAGNET,True,3,55.357,455,0.348624,0.599,3.779,-3.779,3.779,0.0,True,0.0
POSCAR_F6Mn2_5_x025,F6Mn2_5_x025,F6Mn2_5,False,x025,ALTERMAGNET,mirror/rotoinv|rotation,4,8,Pbam,ALTERMAGNET,True,3,55.357,455,0.300625,0.614,3.839,-3.839,3.839,0.0,True,0.0
POSCAR_F6Mn2_5_x050,F6Mn2_5_x050,F6Mn2_5,False,x050,ALTERMAGNET,mirror/rotoinv|rotation,4,8,Pbam,ALTERMAGNET,True,3,55.357,455,0.415782,0.56,3.853,-3.853,3.853,0.0,True,0.0
POSCAR_F6Mn2_5_x950,F6Mn2_5_x950,F6Mn2_5,False,x950,ALTERMAGNET,mirror/rotoinv|rotation,4,8,Pbam,ALTERMAGNET,True,3,55.357,455,0.313031,0.585,3.79,-3.791,3.79,0.0009999999999998899,True,0.0
POSCAR_F6Mn2_5_x975,F6Mn2_5_x975,F6Mn2_5,False,x975,ALTERMAGNET,mirror/rotoinv|rotation,4,8,Pbam,ALTERMAGNET,True,3,55.357,455,0.309391,0.588,3.808,-3.808,3.808,0.0,True,0.0
POSCAR_F6Mn2_5_y025,F6Mn2_5_y025,F6Mn2_5,False,y025,ALTERMAGNET,mirror/rotoinv|rotation,4,8,Pbam,ALTERMAGNET,True,3,55.357,455,0.287407,0.603,3.838,-3.838,3.838,0.0,True,0.0
POSCAR_F6Mn2_5_y050,F6Mn2_5_y050,F6Mn2_5,False,y050,ALTERMAGNET,mirror/rotoinv|rotation,4,8,Pbam,ALTERMAGNET,True,3,55.357,455,0.267272,0.537,3.852,-3.852,3.852,0.0,True,0.0
POSCAR_F6Mn2_5_y950,F6Mn2_5_y950,F6Mn2_5,False,y950,ALTERMAGNET,mirror/rotoinv|rotation,4,8,Pbam,ALTERMAGNET,True,3,55.357,455,0.335127,0.516,3.797,-3.797,3.797,0.0,True,0.0
POSCAR_F6Mn2_5_y975,F6Mn2_5_y975,F6Mn2_5,False,y975,ALTERMAGNET,mirror/rotoinv|rotation,4,8,Pbam,ALTERMAGNET,True,3,55.357,455,0.319909,0.564,3.811,-3.811,3.811,0.0,True,0.0
POSCAR_F6Mn2_5_z025,F6Mn2_5_z025,F6Mn2_5,False,z025,ALTERMAGNET,mirror/rotoinv|rotation,4,8,Pbam,ALTERMAGNET,True,3,55.357,455,0.273843,0.543,3.842,-3.843,3.842,0.0009999999999998899,True,0.0
POSCAR_F6Mn2_5_z050,F6Mn2_5_z050,F6Mn2_5,False,z050,ALTERMAGNET,mirror/rotoinv|rotation,4,8,Pbam,ALTERMAGNET,True,3,55.357,455,0.237265,0.583,3.862,-3.862,3.862,0.0,True,0.0
POSCAR_F6Mn2_5_z950,F6Mn2_5_z950,F6Mn2_5,False,z950,ALTERMAGNET,mirror/rotoinv|rotation,4,8,Pbam,ALTERMAGNET,True,3,55.357,455,0.353117,0.557,3.789,-3.789,3.789,0.0,True,0.0
POSCAR_F6Mn2_5_z975,F6Mn2_5_z975,F6Mn2_5,False,z975,ALTERMAGNET,mirror/rotoinv|rotation,4,8,Pbam,ALTERMAGNET,True,3,55.357,455,0.330305,0.585,3.807,-3.807,3.807,0.0,True,0.0
POSCAR_F6Mo2_2,F6Mo2_2,F6Mo2_2,True,none,ALTERMAGNET,mirror/rotoinv|rotation,6,12,R-3c,ALTERMAGNET,True,3,167.107,1337,0.052113,0.367,2.689,-2.689,2.689,0.0,True,0.0
POSCAR_F6Mo2_2_st025,F6Mo2_2_st025,F6Mo2_2,False,st025,ALTERMAGNET,mirror/rotoinv|rotation,6,12,R-3c,ALTERMAGNET,True,3,167.107,1337,0.048822,0.376,2.708,-2.708,2.708,0.0,True,0.0
POSCAR_F6Mo2_2_st050,F6Mo2_2_st050,F6Mo2_2,False,st050,ALTERMAGNET,mirror/rotoinv|rotation,6,12,R-3c,ALTERMAGNET,True,3,167.107,1337,0.048616,0.379,2.726,-2.726,2.726,0.0,True,0.0
POSCAR_F6Mo2_2_st950,F6Mo2_2_st950,F6Mo2_2,False,st950,ALTERMAGNET,mirror/rotoinv|rotation,6,12,R-3c,ALTERMAGNET,True,3,167.107,1337,0.058617,0.406,2.641,-2.641,2.641,0.0,True,0.0
POSCAR_F6Mo2_2_st975,F6Mo2_2_st975,F6Mo2_2,False,st975,ALTERMAGNET,mirror/rotoinv|rotation,6,12,R-3c,ALTERMAGNET,True,3,167.107,1337,0.056937,0.38,2.667,-2.667,2.667,0.0,True,0.0
POSCAR_F6Mo2_2_x025,F6Mo2_2_x025,F6Mo2_2,False,x025,compensated_FiM_candidate,,0,2,P-1,ALTERMAGNET,False,3,167.107,1337,0.082268,6.944,2.695,-2.695,2.695,0.0,True,0.0
POSCAR_F6Mo2_2_x975,F6Mo2_2_x975,F6Mo2_2,False,x975,compensated_FiM_candidate,,0,2,P-1,ALTERMAGNET,False,3,167.107,1337,0.080152,8.824,2.682,-2.681,2.682,0.0009999999999998899,True,0.0
POSCAR_F6Mo2_2_y025,F6Mo2_2_y025,F6Mo2_2,False,y025,compensated_FiM_candidate,,0,2,P-1,ALTERMAGNET,False,3,167.107,1337,0.065224,9.211,2.695,-2.695,2.695,0.0,True,0.0
POSCAR_F6Mo2_2_y975,F6Mo2_2_y975,F6Mo2_2,False,y975,compensated_FiM_candidate,,0,2,P-1,ALTERMAGNET,False,3,167.107,1337,0.087729,9.306,2.682,-2.681,2.682,0.0009999999999998899,True,0.0
POSCAR_F6Mo2_2_z025,F6Mo2_2_z025,F6Mo2_2,False,z025,ALTERMAGNET,mirror/rotoinv|rotation,2,4,C2/c,ALTERMAGNET,True,3,167.107,1337,0.054119,0.51,2.695,-2.695,2.695,0.0,True,0.0
POSCAR_F6Mo2_2_z050,F6Mo2_2_z050,F6Mo2_2,False,z050,ALTERMAGNET,mirror/rotoinv|rotation,2,4,C2/c,ALTERMAGNET,True,3,167.107,1337,0.061962,0.622,2.702,-2.702,2.702,0.0,True,0.0
POSCAR_F6Mo2_2_z950,F6Mo2_2_z950,F6Mo2_2,False,z950,ALTERMAGNET,mirror/rotoinv|rotation,2,4,C2/c,ALTERMAGNET,True,3,167.107,1337,0.067844,0.465,2.674,-2.674,2.674,0.0,True,0.0
POSCAR_F6Mo2_2_z975,F6Mo2_2_z975,F6Mo2_2,False,z975,ALTERMAGNET,mirror/rotoinv|rotation,2,4,C2/c,ALTERMAGNET,True,3,167.107,1337,0.058834,0.483,2.682,-2.682,2.682,0.0,True,0.0
POSCAR_F6Mo2_3,F6Mo2_3,F6Mo2_3,True,none,ALTERMAGNET,rotation,6,12,P6_322,ALTERMAGNET,True,3,182.181,1411,0.094851,0.622,2.692,-2.692,2.692,0.0,True,0.0
POSCAR_F6Mo2_3_st025,F6Mo2_3_st025,F6Mo2_3,False,st025,ALTERMAGNET,rotation,6,12,P6_322,ALTERMAGNET,True,3,182.181,1411,0.086362,0.679,2.712,-2.712,2.712,0.0,True,0.0
POSCAR_F6Mo2_3_st050,F6Mo2_3_st050,F6Mo2_3,False,st050,ALTERMAGNET,rotation,6,12,P6_322,ALTERMAGNET,True,3,182.181,1411,0.081868,0.713,2.73,-2.73,2.73,0.0,True,0.0
POSCAR_F6Mo2_3_st950,F6Mo2_3_st950,F6Mo2_3,False,st950,ALTERMAGNET,rotation,6,12,P6_322,ALTERMAGNET,True,3,182.181,1411,0.137466,0.574,2.644,-2.644,2.644,0.0,True,0.0
POSCAR_F6Mo2_3_st975,F6Mo2_3_st975,F6Mo2_3,False,st975,ALTERMAGNET,rotation,6,12,P6_322,ALTERMAGNET,True,3,182.181,1411,0.11302,0.587,2.67,-2.67,2.67,0.0,True,0.0
POSCAR_F6Mo2_3_x025,F6Mo2_3_x025,F6Mo2_3,False,x025,ALTERMAGNET,rotation,1,2,P2_1,ALTERMAGNET,True,3,182.181,1411,0.090114,0.678,2.698,-2.698,2.698,0.0,True,0.0
POSCAR_F6Mo2_3_x050,F6Mo2_3_x050,F6Mo2_3,False,x050,ALTERMAGNET,rotation,1,2,P2_1,ALTERMAGNET,True,3,182.181,1411,0.086409,0.679,2.704,-2.704,2.704,0.0,True,0.0
POSCAR_F6Mo2_3_x950,F6Mo2_3_x950,F6Mo2_3,False,x950,ALTERMAGNET,rotation,1,2,P2_1,ALTERMAGNET,True,3,182.181,1411,0.09104,0.605,2.678,-2.678,2.678,0.0,True,0.0
POSCAR_F6Mo2_3_x975,F6Mo2_3_x975,F6Mo2_3,False,x975,ALTERMAGNET,rotation,1,2,P2_1,ALTERMAGNET,True,3,182.181,1411,0.094378,0.602,2.685,-2.685,2.685,0.0,True,0.0
POSCAR_F6Mo2_3_y025,F6Mo2_3_y025,F6Mo2_3,False,y025,ALTERMAGNET,rotation,1,2,P2_1,ALTERMAGNET,True,3,182.181,1411,0.089819,0.67,2.698,-2.698,2.698,0.0,True,0.0
POSCAR_F6Mo2_3_y050,F6Mo2_3_y050,F6Mo2_3,False,y050,ALTERMAGNET,rotation,1,2,P2_1,ALTERMAGNET,True,3,182.181,1411,0.086355,0.675,2.704,-2.704,2.704,0.0,True,0.0
POSCAR_F6Mo2_3_y950,F6Mo2_3_y950,F6Mo2_3,False,y950,ALTERMAGNET,rotation,1,2,P2_1,ALTERMAGNET,True,3,182.181,1411,0.091117,0.605,2.678,-2.678,2.678,0.0,True,0.0
POSCAR_F6Mo2_3_y975,F6Mo2_3_y975,F6Mo2_3,False,y975,ALTERMAGNET,rotation,1,2,P2_1,ALTERMAGNET,True,3,182.181,1411,0.094457,0.615,2.685,-2.685,2.685,0.0,True,0.0
POSCAR_F6Mo2_3_z025,F6Mo2_3_z025,F6Mo2_3,False,z025,ALTERMAGNET,rotation,6,12,P6_322,ALTERMAGNET,True,3,182.181,1411,0.089803,0.625,2.699,-2.699,2.699,0.0,True,0.0
POSCAR_F6Mo2_3_z050,F6Mo2_3_z050,F6Mo2_3,False,z050,ALTERMAGNET,rotation,6,12,P6_322,ALTERMAGNET,True,3,182.181,1411,0.085206,0.647,2.707,-2.707,2.707,0.0,True,0.0
POSCAR_F6Mo2_3_z950,F6Mo2_3_z950,F6Mo2_3,False,z950,ALTERMAGNET,rotation,6,12,P6_322,ALTERMAGNET,True,3,182.181,1411,0.105749,0.598,2.676,-2.676,2.676,0.0,True,0.0
POSCAR_F6Mo2_3_z975,F6Mo2_3_z975,F6Mo2_3,False,z975,ALTERMAGNET,rotation,6,12,P6_322,ALTERMAGNET,True,3,182.181,1411,0.100282,0.625,2.684,-2.684,2.684,0.0,True,0.0
POSCAR_F6Nb2_1,F6Nb2_1,F6Nb2_1,True,none,ALTERMAGNET,mirror/rotoinv|rotation,2,4,C2/c,ALTERMAGNET,True,3,15.89,96,0.260821,3.765,2.108,-2.107,2.108,0.0009999999999998899,True,0.001
POSCAR_F6Nb2_1_st025,F6Nb2_1_st025,F6Nb2_1,False,st025,ALTERMAGNET,mirror/rotoinv|rotation,2,4,C2/c,ALTERMAGNET,True,3,15.89,96,0.243064,3.33,2.068,-2.068,2.068,0.0,True,0.001
POSCAR_F6Nb2_1_st050,F6Nb2_1_st050,F6Nb2_1,False,st050,ALTERMAGNET,mirror/rotoinv|rotation,2,4,C2/c,ALTERMAGNET,True,3,15.89,96,0.217704,2.932,2.055,-2.055,2.055,0.0,True,0.0
POSCAR_F6Pd2_1,F6Pd2_1,F6Pd2_1,True,none,ALTERMAGNET,mirror/rotoinv|rotation,2,4,C2/c,ALTERMAGNET,True,3,15.89,96,0.222446,5.512,0.698,-0.698,0.698,0.0,True,0.0
POSCAR_F6Pd2_1_st025,F6Pd2_1_st025,F6Pd2_1,False,st025,ALTERMAGNET,mirror/rotoinv|rotation,2,4,C2/c,ALTERMAGNET,True,3,15.89,96,0.202675,4.991,0.722,-0.722,0.722,0.0,True,0.0
POSCAR_F6Pd2_1_st050,F6Pd2_1_st050,F6Pd2_1,False,st050,ALTERMAGNET,mirror/rotoinv|rotation,2,4,C2/c,ALTERMAGNET,True,3,15.89,96,0.275348,4.58,0.752,-0.752,0.752,0.0,True,0.0
POSCAR_F6Pd2_1_st950,F6Pd2_1_st950,F6Pd2_1,False,st950,ALTERMAGNET,mirror/rotoinv|rotation,2,4,C2/c,ALTERMAGNET,True,3,15.89,96,0.228957,6.3,0.662,-0.662,0.662,0.0,True,0.0
POSCAR_F6Pd2_1_st975,F6Pd2_1_st975,F6Pd2_1,False,st975,ALTERMAGNET,mirror/rotoinv|rotation,2,4,C2/c,ALTERMAGNET,True,3,15.89,96,0.284915,5.774,0.678,-0.678,0.678,0.0,True,0.0
POSCAR_F6Pd2_2,F6Pd2_2,F6Pd2_2,True,none,ALTERMAGNET,rotation,2,4,C222_1,ALTERMAGNET,True,3,20.34,132,0.457163,1.082,0.685,-0.686,0.685,0.0010000000000000009,True,0.0
POSCAR_F6Pd2_2_st025,F6Pd2_2_st025,F6Pd2_2,False,st025,ALTERMAGNET,rotation,2,4,C222_1,ALTERMAGNET,True,3,20.34,132,0.370287,0.891,0.709,-0.709,0.709,0.0,True,0.0
POSCAR_F6Pd2_2_st050,F6Pd2_2_st050,F6Pd2_2,False,st050,ALTERMAGNET,rotation,2,4,C222_1,ALTERMAGNET,True,3,20.34,132,0.299999,1.348,0.737,-0.737,0.737,0.0,True,0.0
POSCAR_F6Pd2_2_st950,F6Pd2_2_st950,F6Pd2_2,False,st950,ALTERMAGNET,rotation,2,4,C222_1,ALTERMAGNET,True,3,20.34,132,0.639828,1.187,0.649,-0.649,0.649,0.0,True,0.0
POSCAR_F6Pd2_2_st975,F6Pd2_2_st975,F6Pd2_2,False,st975,ALTERMAGNET,rotation,2,4,C222_1,ALTERMAGNET,True,3,20.34,132,0.54731,1.211,0.666,-0.666,0.666,0.0,True,0.0
POSCAR_F6Pd2_2_x025,F6Pd2_2_x025,F6Pd2_2,False,x025,ALTERMAGNET,rotation,2,4,C222_1,ALTERMAGNET,True,3,20.34,132,0.439448,1.015,0.691,-0.691,0.691,0.0,True,0.0
POSCAR_F6Pd2_2_x050,F6Pd2_2_x050,F6Pd2_2,False,x050,ALTERMAGNET,rotation,2,4,C222_1,ALTERMAGNET,True,3,20.34,132,0.417334,0.927,0.697,-0.697,0.697,0.0,True,0.0
POSCAR_F6Pd2_2_x950,F6Pd2_2_x950,F6Pd2_2,False,x950,ALTERMAGNET,rotation,2,4,C222_1,ALTERMAGNET,True,3,20.34,132,0.481376,1.191,0.676,-0.676,0.676,0.0,True,0.0
POSCAR_F6Pd2_2_x975,F6Pd2_2_x975,F6Pd2_2,False,x975,ALTERMAGNET,rotation,2,4,C222_1,ALTERMAGNET,True,3,20.34,132,0.471052,1.127,0.681,-0.681,0.681,0.0,True,0.0
POSCAR_F6Pd2_2_y025,F6Pd2_2_y025,F6Pd2_2,False,y025,ALTERMAGNET,rotation,1,2,P2_1,ALTERMAGNET,True,3,20.34,132,0.414675,1.147,0.684,-0.684,0.684,0.0,True,0.0
POSCAR_F6Pd2_2_y050,F6Pd2_2_y050,F6Pd2_2,False,y050,ALTERMAGNET,rotation,1,2,P2_1,ALTERMAGNET,True,3,20.34,132,0.369583,1.302,0.683,-0.683,0.683,0.0,True,0.0
POSCAR_F6Pd2_2_y950,F6Pd2_2_y950,F6Pd2_2,False,y950,ALTERMAGNET,rotation,1,2,P2_1,ALTERMAGNET,True,3,20.34,132,0.535068,1.304,0.689,-0.689,0.689,0.0,True,0.0
POSCAR_F6Pd2_2_y975,F6Pd2_2_y975,F6Pd2_2,False,y975,ALTERMAGNET,rotation,1,2,P2_1,ALTERMAGNET,True,3,20.34,132,0.497614,1.036,0.687,-0.687,0.687,0.0,True,0.0
POSCAR_F6Pd2_2_z025,F6Pd2_2_z025,F6Pd2_2,False,z025,ALTERMAGNET,rotation,1,2,P2_1,ALTERMAGNET,True,3,20.34,132,0.425405,0.898,0.702,-0.702,0.702,0.0,True,0.0
POSCAR_F6Pd2_2_z050,F6Pd2_2_z050,F6Pd2_2,False,z050,ALTERMAGNET,rotation,1,2,P2_1,ALTERMAGNET,True,3,20.34,132,0.392609,0.974,0.717,-0.717,0.717,0.0,True,0.0
POSCAR_F6Pd2_2_z950,F6Pd2_2_z950,F6Pd2_2,False,z950,ALTERMAGNET,rotation,1,2,P2_1,ALTERMAGNET,True,3,20.34,132,0.514248,1.119,0.646,-0.646,0.646,0.0,True,0.0
POSCAR_F6Pd2_2_z975,F6Pd2_2_z975,F6Pd2_2,False,z975,ALTERMAGNET,rotation,1,2,P2_1,ALTERMAGNET,True,3,20.34,132,0.48789,1.061,0.667,-0.667,0.667,0.0,True,0.0
POSCAR_F6Ru2_1,F6Ru2_1,F6Ru2_1,True,none,ALTERMAGNET,mirror/rotoinv|rotation,6,12,R-3c,ALTERMAGNET,True,3,167.107,1337,0.110024,0.197,4.112,-4.112,4.112,0.0,True,0.0
POSCAR_F6Ru2_1_st025,F6Ru2_1_st025,F6Ru2_1,False,st025,ALTERMAGNET,mirror/rotoinv|rotation,6,12,R-3c,ALTERMAGNET,True,3,167.107,1337,0.130467,0.153,4.147,-4.147,4.147,0.0,True,0.0
POSCAR_F6Ru2_1_st050,F6Ru2_1_st050,F6Ru2_1,False,st050,ALTERMAGNET,mirror/rotoinv|rotation,6,12,R-3c,ALTERMAGNET,True,3,167.107,1337,0.129569,0.13,4.17,-4.17,4.17,0.0,True,0.0
POSCAR_F6Ru2_1_st950,F6Ru2_1_st950,F6Ru2_1,False,st950,ALTERMAGNET,mirror/rotoinv|rotation,6,12,R-3c,ALTERMAGNET,True,3,167.107,1337,0.029317,0.623,3.993,-3.993,3.993,0.0,True,0.0
POSCAR_F6Ru2_1_st975,F6Ru2_1_st975,F6Ru2_1,False,st975,ALTERMAGNET,mirror/rotoinv|rotation,6,12,R-3c,ALTERMAGNET,True,3,167.107,1337,0.027542,0.195,4.064,-4.064,4.064,0.0,True,0.0
POSCAR_F6Ru2_1_x025,F6Ru2_1_x025,F6Ru2_1,False,x025,compensated_FiM_candidate,,0,2,P-1,ALTERMAGNET,False,3,167.107,1337,0.161666,9.165,4.125,-4.125,4.125,0.0,True,0.0
POSCAR_F6Ru2_1_y025,F6Ru2_1_y025,F6Ru2_1,False,y025,compensated_FiM_candidate,,0,2,P-1,ALTERMAGNET,False,3,167.107,1337,0.162713,9.21,4.125,-4.125,4.125,0.0,True,0.0
POSCAR_F6Ru2_1_z025,F6Ru2_1_z025,F6Ru2_1,False,z025,ALTERMAGNET,mirror/rotoinv|rotation,2,4,C2/c,ALTERMAGNET,True,3,167.107,1337,0.15039,0.235,4.125,-4.125,4.125,0.0,True,0.0
POSCAR_F6Ru2_1_z050,F6Ru2_1_z050,F6Ru2_1,False,z050,ALTERMAGNET,mirror/rotoinv|rotation,2,4,C2/c,ALTERMAGNET,True,3,167.107,1337,0.205619,0.225,4.136,-4.136,4.136,0.0,True,0.0
POSCAR_F6Ru2_1_z950,F6Ru2_1_z950,F6Ru2_1,False,z950,ALTERMAGNET,mirror/rotoinv|rotation,2,4,C2/c,ALTERMAGNET,True,3,167.107,1337,0.143853,0.23,4.081,-4.081,4.081,0.0,True,0.0
POSCAR_F6Ru2_1_z975,F6Ru2_1_z975,F6Ru2_1,False,z975,ALTERMAGNET,mirror/rotoinv|rotation,2,4,C2/c,ALTERMAGNET,True,3,167.107,1337,0.115443,0.205,4.098,-4.098,4.098,0.0,True,0.0
POSCAR_F6Ru2_2,F6Ru2_2,F6Ru2_2,True,none,ALTERMAGNET,rotation,6,12,P6_322,ALTERMAGNET,True,3,182.181,1411,0.297575,0.97,4.116,-4.116,4.116,0.0,True,0.0
POSCAR_F6Ru2_2_st025,F6Ru2_2_st025,F6Ru2_2,False,st025,ALTERMAGNET,rotation,6,12,P6_322,ALTERMAGNET,True,3,182.181,1411,0.272355,1.052,4.148,-4.148,4.148,0.0,True,0.0
POSCAR_F6Ru2_2_st050,F6Ru2_2_st050,F6Ru2_2,False,st050,ALTERMAGNET,rotation,6,12,P6_322,ALTERMAGNET,True,3,182.181,1411,0.256951,1.028,4.171,-4.171,4.171,0.0,True,0.0
POSCAR_F6Ru2_2_st950,F6Ru2_2_st950,F6Ru2_2,False,st950,ALTERMAGNET,rotation,6,12,P6_322,ALTERMAGNET,True,3,182.181,1411,0.367202,0.934,4.005,-4.005,4.005,0.0,True,0.0
POSCAR_F6Ru2_2_st975,F6Ru2_2_st975,F6Ru2_2,False,st975,ALTERMAGNET,rotation,6,12,P6_322,ALTERMAGNET,True,3,182.181,1411,0.333808,0.99,4.07,-4.07,4.07,0.0,True,0.0
POSCAR_F6Ru2_2_x025,F6Ru2_2_x025,F6Ru2_2,False,x025,ALTERMAGNET,rotation,6,12,P6_322,ALTERMAGNET,True,3,182.181,1411,0.275953,1.07,4.129,-4.129,4.129,0.0,True,0.0
POSCAR_F6Ru2_2_x050,F6Ru2_2_x050,F6Ru2_2,False,x050,ALTERMAGNET,rotation,6,12,P6_322,ALTERMAGNET,True,3,182.181,1411,0.261758,1.181,4.14,-4.14,4.14,0.0,True,0.0
POSCAR_F6Ru2_2_x950,F6Ru2_2_x950,F6Ru2_2,False,x950,ALTERMAGNET,rotation,6,12,P6_322,ALTERMAGNET,True,3,182.181,1411,0.339299,0.866,4.085,-4.085,4.085,0.0,True,0.0
POSCAR_F6Ru2_2_x975,F6Ru2_2_x975,F6Ru2_2,False,x975,ALTERMAGNET,rotation,6,12,P6_322,ALTERMAGNET,True,3,182.181,1411,0.318618,0.878,4.101,-4.101,4.101,0.0,True,0.0
POSCAR_F6Ru2_2_y025,F6Ru2_2_y025,F6Ru2_2,False,y025,ALTERMAGNET,rotation,1,2,P2_1,ALTERMAGNET,True,3,182.181,1411,0.301374,1.21,4.127,-4.127,4.127,0.0,True,0.0
POSCAR_F6Ru2_2_y050,F6Ru2_2_y050,F6Ru2_2,False,y050,ALTERMAGNET,rotation,1,2,P2_1,ALTERMAGNET,True,3,182.181,1411,0.303497,1.099,4.136,-4.136,4.136,0.0,True,0.0
POSCAR_F6Ru2_2_y950,F6Ru2_2_y950,F6Ru2_2,False,y950,ALTERMAGNET,rotation,1,2,P2_1,ALTERMAGNET,True,3,182.181,1411,0.341003,1.242,4.086,-4.086,4.086,0.0,True,0.0
POSCAR_F6Ru2_2_y975,F6Ru2_2_y975,F6Ru2_2,False,y975,ALTERMAGNET,rotation,1,2,P2_1,ALTERMAGNET,True,3,182.181,1411,0.318739,1.005,4.102,-4.102,4.102,0.0,True,0.0
POSCAR_F6Ru2_2_z025,F6Ru2_2_z025,F6Ru2_2,False,z025,ALTERMAGNET,rotation,1,2,P2_1,ALTERMAGNET,True,3,182.181,1411,0.299739,0.961,4.127,-4.127,4.127,0.0,True,0.0
POSCAR_F6Ru2_2_z050,F6Ru2_2_z050,F6Ru2_2,False,z050,ALTERMAGNET,rotation,1,2,P2_1,ALTERMAGNET,True,3,182.181,1411,0.301442,1.079,4.136,-4.136,4.136,0.0,True,0.0
POSCAR_F6Ru2_2_z950,F6Ru2_2_z950,F6Ru2_2,False,z950,ALTERMAGNET,rotation,1,2,P2_1,ALTERMAGNET,True,3,182.181,1411,0.34322,1.544,4.086,-4.086,4.086,0.0,True,0.0
POSCAR_F6Ru2_2_z975,F6Ru2_2_z975,F6Ru2_2,False,z975,ALTERMAGNET,rotation,1,2,P2_1,ALTERMAGNET,True,3,182.181,1411,0.320465,1.389,4.102,-4.102,4.102,0.0,True,0.0
POSCAR_F6Ti2_3,F6Ti2_3,F6Ti2_3,True,none,ALTERMAGNET,rotation,2,4,C222_1,ALTERMAGNET,True,3,20.34,132,0.053368,0.435,0.903,-0.903,0.903,0.0,True,0.0
POSCAR_F6Ti2_3_st025,F6Ti2_3_st025,F6Ti2_3,False,st025,ALTERMAGNET,rotation,2,4,C222_1,ALTERMAGNET,True,3,20.34,132,0.04457,0.521,0.912,-0.912,0.912,0.0,True,0.0
POSCAR_F6Ti2_3_st050,F6Ti2_3_st050,F6Ti2_3,False,st050,ALTERMAGNET,rotation,2,4,C222_1,ALTERMAGNET,True,3,20.34,132,0.038114,0.544,0.919,-0.919,0.919,0.0,True,0.0
POSCAR_F6Ti2_3_st950,F6Ti2_3_st950,F6Ti2_3,False,st950,ALTERMAGNET,rotation,2,4,C222_1,ALTERMAGNET,True,3,20.34,132,0.081511,0.562,0.881,-0.881,0.881,0.0,True,0.0
POSCAR_F6Ti2_3_st975,F6Ti2_3_st975,F6Ti2_3,False,st975,ALTERMAGNET,rotation,2,4,C222_1,ALTERMAGNET,True,3,20.34,132,0.065241,0.505,0.893,-0.893,0.893,0.0,True,0.0
POSCAR_F6Ti2_3_x025,F6Ti2_3_x025,F6Ti2_3,False,x025,ALTERMAGNET,rotation,2,4,C222_1,ALTERMAGNET,True,3,20.34,132,0.051925,0.644,0.906,-0.906,0.906,0.0,True,0.0
POSCAR_F6Ti2_3_x050,F6Ti2_3_x050,F6Ti2_3,False,x050,ALTERMAGNET,rotation,2,4,C222_1,ALTERMAGNET,True,3,20.34,132,0.0504,0.634,0.909,-0.909,0.909,0.0,True,0.0
POSCAR_F6Ti2_3_x950,F6Ti2_3_x950,F6Ti2_3,False,x950,ALTERMAGNET,rotation,2,4,C222_1,ALTERMAGNET,True,3,20.34,132,0.056445,0.476,0.897,-0.897,0.897,0.0,True,0.0
POSCAR_F6Ti2_3_x975,F6Ti2_3_x975,F6Ti2_3,False,x975,ALTERMAGNET,rotation,2,4,C222_1,ALTERMAGNET,True,3,20.34,132,0.054842,0.438,0.9,-0.9,0.9,0.0,True,0.0
POSCAR_F6Ti2_3_y025,F6Ti2_3_y025,F6Ti2_3,False,y025,ALTERMAGNET,rotation,1,2,P2_1,ALTERMAGNET,True,3,20.34,132,0.05038,0.567,0.905,-0.905,0.905,0.0,True,0.0
POSCAR_F6Ti2_3_y050,F6Ti2_3_y050,F6Ti2_3,False,y050,ALTERMAGNET,rotation,1,2,P2_1,ALTERMAGNET,True,3,20.34,132,0.047166,0.856,0.908,-0.908,0.908,0.0,True,0.0
POSCAR_F6Ti2_3_y950,F6Ti2_3_y950,F6Ti2_3,False,y950,ALTERMAGNET,rotation,1,2,P2_1,ALTERMAGNET,True,3,20.34,132,0.061271,0.711,0.899,-0.899,0.899,0.0,True,0.0
POSCAR_F6Ti2_3_y975,F6Ti2_3_y975,F6Ti2_3,False,y975,ALTERMAGNET,rotation,1,2,P2_1,ALTERMAGNET,True,3,20.34,132,0.057201,0.583,0.901,-0.901,0.901,0.0,True,0.0
POSCAR_F6Ti2_3_z025,F6Ti2_3_z025,F6Ti2_3,False,z025,ALTERMAGNET,rotation,1,2,P2_1,ALTERMAGNET,True,3,20.34,132,0.048424,0.485,0.907,-0.907,0.907,0.0,True,0.0
POSCAR_F6Ti2_3_z050,F6Ti2_3_z050,F6Ti2_3,False,z050,ALTERMAGNET,rotation,1,2,P2_1,ALTERMAGNET,True,3,20.34,132,0.0438,0.594,0.91,-0.91,0.91,0.0,True,0.0
POSCAR_F6Ti2_3_z950,F6Ti2_3_z950,F6Ti2_3,False,z950,ALTERMAGNET,rotation,1,2,P2_1,ALTERMAGNET,True,3,20.34,132,0.062433,0.721,0.895,-0.895,0.895,0.0,True,0.0
POSCAR_F6Ti2_3_z975,F6Ti2_3_z975,F6Ti2_3,False,z975,ALTERMAGNET,rotation,1,2,P2_1,ALTERMAGNET,True,3,20.34,132,0.058755,0.651,0.899,-0.899,0.899,0.0,True,0.0
POSCAR_F6Ti2_4,F6Ti2_4,F6Ti2_4,True,none,ALTERMAGNET,mirror/rotoinv,1,2,Cc,ALTERMAGNET,True,3,9.39,46,0.053219,1.87,0.909,-0.909,0.909,0.0,True,0.0
POSCAR_F6Ti2_4_st025,F6Ti2_4_st025,F6Ti2_4,False,st025,ALTERMAGNET,mirror/rotoinv,1,2,Cc,ALTERMAGNET,True,3,9.39,46,0.043724,1.533,0.916,-0.916,0.916,0.0,True,0.0
POSCAR_F6Ti2_4_st050,F6Ti2_4_st050,F6Ti2_4,False,st050,ALTERMAGNET,mirror/rotoinv,1,2,Cc,ALTERMAGNET,True,3,9.39,46,0.036728,1.204,0.923,-0.923,0.923,0.0,True,0.0
POSCAR_F6Ti2_4_st950,F6Ti2_4_st950,F6Ti2_4,False,st950,ALTERMAGNET,mirror/rotoinv,1,2,Cc,ALTERMAGNET,True,3,9.39,46,0.082863,1.367,0.891,-0.891,0.891,0.0,True,0.0
POSCAR_F6Ti2_4_st975,F6Ti2_4_st975,F6Ti2_4,False,st975,ALTERMAGNET,mirror/rotoinv,1,2,Cc,ALTERMAGNET,True,3,9.39,46,0.065801,1.484,0.901,-0.901,0.901,0.0,True,0.0
POSCAR_F6Ti2_4_z025,F6Ti2_4_z025,F6Ti2_4,False,z025,ALTERMAGNET,mirror/rotoinv,1,2,Cc,ALTERMAGNET,True,3,9.39,46,0.060827,1.762,0.911,-0.911,0.911,0.0,True,0.0
POSCAR_F6Ti2_4_z050,F6Ti2_4_z050,F6Ti2_4,False,z050,ALTERMAGNET,mirror/rotoinv,1,2,Cc,ALTERMAGNET,True,3,9.39,46,0.064973,1.717,0.913,-0.913,0.913,0.0,True,0.0
POSCAR_F6Ti2_4_z950,F6Ti2_4_z950,F6Ti2_4,False,z950,ALTERMAGNET,mirror/rotoinv,1,2,Cc,ALTERMAGNET,True,3,9.39,46,0.045705,1.641,0.904,-0.904,0.904,0.0,True,0.0
POSCAR_F6Ti2_4_z975,F6Ti2_4_z975,F6Ti2_4,False,z975,ALTERMAGNET,mirror/rotoinv,1,2,Cc,ALTERMAGNET,True,3,9.39,46,0.04504,1.542,0.907,-0.907,0.907,0.0,True,0.0
POSCAR_F6Ti2_6,F6Ti2_6,F6Ti2_6,True,none,ALTERMAGNET,rotation,1,2,C2,ALTERMAGNET,True,3,5.15,22,0.011503,1.763,0.904,-0.904,0.904,0.0,True,0.0
POSCAR_F6Ti2_6_st950,F6Ti2_6_st950,F6Ti2_6,False,st950,ALTERMAGNET,rotation,1,2,C2,ALTERMAGNET,True,3,5.15,22,0.029379,2.096,0.881,-0.881,0.881,0.0,True,0.0
POSCAR_F6Ti2_6_st975,F6Ti2_6_st975,F6Ti2_6,False,st975,ALTERMAGNET,rotation,1,2,C2,ALTERMAGNET,True,3,5.15,22,0.018946,1.882,0.894,-0.894,0.894,0.0,True,0.0
POSCAR_F6Ti2_6_z025,F6Ti2_6_z025,F6Ti2_6,False,z025,compensated_FiM_candidate,,0,1,P1,ALTERMAGNET,False,3,5.15,22,0.018539,8.411,0.908,-0.908,0.908,0.0,True,0.001
POSCAR_F6V2_1,F6V2_1,F6V2_1,True,none,ALTERMAGNET,mirror/rotoinv|rotation,6,12,R-3c,ALTERMAGNET,True,3,167.107,1337,0.062806,1.21,1.895,-1.895,1.895,0.0,True,0.0
POSCAR_F6V2_1_st025,F6V2_1_st025,F6V2_1,False,st025,ALTERMAGNET,mirror/rotoinv|rotation,6,12,R-3c,ALTERMAGNET,True,3,167.107,1337,0.064526,1.237,1.907,-1.907,1.907,0.0,True,0.0
POSCAR_F6V2_1_st050,F6V2_1_st050,F6V2_1,False,st050,ALTERMAGNET,mirror/rotoinv|rotation,6,12,R-3c,ALTERMAGNET,True,3,167.107,1337,0.106271,1.224,1.919,-1.919,1.919,0.0,True,0.0
POSCAR_F6V2_1_st975,F6V2_1_st975,F6V2_1,False,st975,ALTERMAGNET,mirror/rotoinv|rotation,6,12,R-3c,ALTERMAGNET,True,3,167.107,1337,0.066604,1.222,1.881,-1.881,1.881,0.0,True,0.0
POSCAR_F6V2_1_z025,F6V2_1_z025,F6V2_1,False,z025,ALTERMAGNET,mirror/rotoinv|rotation,2,4,C2/c,ALTERMAGNET,True,3,167.107,1337,0.075403,1.76,1.899,-1.899,1.899,0.0,True,0.0
POSCAR_F6V2_1_z050,F6V2_1_z050,F6V2_1,False,z050,ALTERMAGNET,mirror/rotoinv|rotation,2,4,C2/c,ALTERMAGNET,True,3,167.107,1337,0.085086,1.89,1.904,-1.904,1.904,0.0,True,0.0
POSCAR_F6V2_1_z950,F6V2_1_z950,F6V2_1,False,z950,ALTERMAGNET,mirror/rotoinv|rotation,2,4,C2/c,ALTERMAGNET,True,3,167.107,1337,0.058891,1.234,1.892,-1.892,1.892,0.0,True,0.0
POSCAR_F6V2_1_z975,F6V2_1_z975,F6V2_1,False,z975,ALTERMAGNET,mirror/rotoinv|rotation,2,4,C2/c,ALTERMAGNET,True,3,167.107,1337,0.065114,1.177,1.895,-1.895,1.895,0.0,True,0.0
POSCAR_F6V2_2,F6V2_2,F6V2_2,True,none,ALTERMAGNET,rotation,6,12,P6_322,ALTERMAGNET,True,3,182.181,1411,0.083563,0.544,1.898,-1.898,1.898,0.0,True,0.0
POSCAR_F6V2_2_st025,F6V2_2_st025,F6V2_2,False,st025,ALTERMAGNET,rotation,6,12,P6_322,ALTERMAGNET,True,3,182.181,1411,0.128444,0.543,1.911,-1.911,1.911,0.0,True,0.0
POSCAR_F6V2_2_st050,F6V2_2_st050,F6V2_2,False,st050,ALTERMAGNET,rotation,6,12,P6_322,ALTERMAGNET,True,3,182.181,1411,0.146712,0.524,1.923,-1.923,1.923,0.0,True,0.0
POSCAR_F6V2_2_st950,F6V2_2_st950,F6V2_2,False,st950,ALTERMAGNET,rotation,6,12,P6_322,ALTERMAGNET,True,3,182.181,1411,0.100358,0.552,1.869,-1.869,1.869,0.0,True,0.0
POSCAR_F6V2_2_st975,F6V2_2_st975,F6V2_2,False,st975,ALTERMAGNET,rotation,6,12,P6_322,ALTERMAGNET,True,3,182.181,1411,0.087927,0.525,1.884,-1.884,1.884,0.0,True,0.0
POSCAR_F6V2_2_x025,F6V2_2_x025,F6V2_2,False,x025,ALTERMAGNET,rotation,6,12,P6_322,ALTERMAGNET,True,3,182.181,1411,0.083547,0.797,1.903,-1.903,1.903,0.0,True,0.0
POSCAR_F6V2_2_x050,F6V2_2_x050,F6V2_2,False,x050,ALTERMAGNET,rotation,6,12,P6_322,ALTERMAGNET,True,3,182.181,1411,0.133017,1.038,1.908,-1.908,1.908,0.0,True,0.0
POSCAR_F6V2_2_x950,F6V2_2_x950,F6V2_2,False,x950,ALTERMAGNET,rotation,6,12,P6_322,ALTERMAGNET,True,3,182.181,1411,0.088794,0.513,1.888,-1.888,1.888,0.0,True,0.0
POSCAR_F6V2_2_x975,F6V2_2_x975,F6V2_2,False,x975,ALTERMAGNET,rotation,6,12,P6_322,ALTERMAGNET,True,3,182.181,1411,0.084662,0.537,1.893,-1.893,1.893,0.0,True,0.0
POSCAR_F6V2_2_y025,F6V2_2_y025,F6V2_2,False,y025,ALTERMAGNET,rotation,1,2,P2_1,ALTERMAGNET,True,3,182.181,1411,0.07599,0.573,1.902,-1.902,1.902,0.0,True,0.0
POSCAR_F6V2_2_y950,F6V2_2_y950,F6V2_2,False,y950,ALTERMAGNET,rotation,1,2,P2_1,ALTERMAGNET,True,3,182.181,1411,0.080503,0.87,1.895,-1.894,1.895,0.001000000000000112,True,0.0
POSCAR_F6V2_2_y975,F6V2_2_y975,F6V2_2,False,y975,ALTERMAGNET,rotation,1,2,P2_1,ALTERMAGNET,True,3,182.181,1411,0.076656,0.565,1.894,-1.894,1.894,0.0,True,0.0
POSCAR_F6V2_2_z025,F6V2_2_z025,F6V2_2,False,z025,ALTERMAGNET,rotation,1,2,P2_1,ALTERMAGNET,True,3,182.181,1411,0.076383,0.645,1.902,-1.902,1.902,0.0,True,0.0
POSCAR_F6V2_2_z975,F6V2_2_z975,F6V2_2,False,z975,ALTERMAGNET,rotation,1,2,P2_1,ALTERMAGNET,True,3,182.181,1411,0.076156,0.527,1.894,-1.894,1.894,0.0,True,0.0
POSCAR_F6Zr2_2,F6Zr2_2,F6Zr2_2,True,none,ALTERMAGNET,mirror/rotoinv|rotation,2,4,C2/c,ALTERMAGNET,True,3,15.89,96,0.052726,1.086,0.75,-0.75,0.75,0.0,True,0.0
POSCAR_F6Zr2_2_st025,F6Zr2_2_st025,F6Zr2_2,False,st025,ALTERMAGNET,mirror/rotoinv|rotation,2,4,C2/c,ALTERMAGNET,True,3,15.89,96,0.03932,1.224,0.765,-0.765,0.765,0.0,True,0.0
POSCAR_F6Zr2_2_st050,F6Zr2_2_st050,F6Zr2_2,False,st050,ALTERMAGNET,mirror/rotoinv|rotation,2,4,C2/c,ALTERMAGNET,True,3,15.89,96,0.028866,1.409,0.778,-0.777,0.778,0.0010000000000000009,True,0.0
POSCAR_F6Zr2_2_st950,F6Zr2_2_st950,F6Zr2_2,False,st950,ALTERMAGNET,mirror/rotoinv|rotation,2,4,C2/c,ALTERMAGNET,True,3,15.89,96,0.093015,0.854,0.707,-0.707,0.707,0.0,True,0.0
POSCAR_F6Zr2_2_st975,F6Zr2_2_st975,F6Zr2_2,False,st975,ALTERMAGNET,mirror/rotoinv|rotation,2,4,C2/c,ALTERMAGNET,True,3,15.89,96,0.070452,0.963,0.731,-0.731,0.731,0.0,True,0.0
POSCAR_F6Zr2_2_z025,F6Zr2_2_z025,F6Zr2_2,False,z025,ALTERMAGNET,mirror/rotoinv|rotation,2,4,C2/c,ALTERMAGNET,True,3,15.89,96,0.048113,1.061,0.753,-0.753,0.753,0.0,True,0.0
POSCAR_F6Zr2_2_z050,F6Zr2_2_z050,F6Zr2_2,False,z050,ALTERMAGNET,mirror/rotoinv|rotation,2,4,C2/c,ALTERMAGNET,True,3,15.89,96,0.050048,1.192,0.756,-0.756,0.756,0.0,True,0.0
POSCAR_F6Zr2_2_z950,F6Zr2_2_z950,F6Zr2_2,False,z950,ALTERMAGNET,mirror/rotoinv|rotation,2,4,C2/c,ALTERMAGNET,True,3,15.89,96,0.067087,0.941,0.743,-0.743,0.743,0.0,True,0.0
POSCAR_F6Zr2_2_z975,F6Zr2_2_z975,F6Zr2_2,False,z975,ALTERMAGNET,mirror/rotoinv|rotation,2,4,C2/c,ALTERMAGNET,True,3,15.89,96,0.061152,0.991,0.747,-0.747,0.747,0.0,True,0.0
POSCAR_F6Zr2_4,F6Zr2_4,F6Zr2_4,True,none,ALTERMAGNET,rotation,1,2,P2_1,ALTERMAGNET,True,3,4.9,16,0.031449,1.386,0.803,-0.803,0.803,0.0,True,0.0
POSCAR_F6Zr2_4_st025,F6Zr2_4_st025,F6Zr2_4,False,st025,ALTERMAGNET,rotation,1,2,P2_1,ALTERMAGNET,True,3,4.9,16,0.02609,1.315,0.807,-0.807,0.807,0.0,True,0.0
POSCAR_F6Zr2_4_st050,F6Zr2_4_st050,F6Zr2_4,False,st050,ALTERMAGNET,rotation,1,2,P2_1,ALTERMAGNET,True,3,4.9,16,0.021832,1.348,0.811,-0.811,0.811,0.0,True,0.0
POSCAR_F6Zr2_4_st950,F6Zr2_4_st950,F6Zr2_4,False,st950,ALTERMAGNET,rotation,1,2,P2_1,ALTERMAGNET,True,3,4.9,16,0.047639,1.402,0.794,-0.795,0.794,0.0010000000000000009,True,0.0
POSCAR_F6Zr2_4_st975,F6Zr2_4_st975,F6Zr2_4,False,st975,ALTERMAGNET,rotation,1,2,P2_1,ALTERMAGNET,True,3,4.9,16,0.038416,1.37,0.799,-0.799,0.799,0.0,True,0.0
POSCAR_F6Zr2_4_x050,F6Zr2_4_x050,F6Zr2_4,False,x050,ALTERMAGNET,rotation,1,2,P2_1,ALTERMAGNET,True,3,4.9,16,0.029004,1.387,0.806,-0.806,0.806,0.0,True,0.0
POSCAR_F6Zr2_4_x950,F6Zr2_4_x950,F6Zr2_4,False,x950,ALTERMAGNET,rotation,1,2,P2_1,ALTERMAGNET,True,3,4.9,16,0.0327,1.523,0.798,-0.798,0.798,0.0,True,0.0
POSCAR_F6Zr2_4_x975,F6Zr2_4_x975,F6Zr2_4,False,x975,ALTERMAGNET,rotation,1,2,P2_1,ALTERMAGNET,True,3,4.9,16,0.032291,1.478,0.801,-0.801,0.801,0.0,True,0.0
POSCAR_F6Zr2_4_y025,F6Zr2_4_y025,F6Zr2_4,False,y025,ALTERMAGNET,rotation,1,2,P2_1,ALTERMAGNET,True,3,4.9,16,0.029376,1.358,0.803,-0.803,0.803,0.0,True,0.0
POSCAR_F6Zr2_4_y050,F6Zr2_4_y050,F6Zr2_4,False,y050,ALTERMAGNET,rotation,1,2,P2_1,ALTERMAGNET,True,3,4.9,16,0.027122,1.235,0.804,-0.804,0.804,0.0,True,0.0
POSCAR_F6Zr2_4_y950,F6Zr2_4_y950,F6Zr2_4,False,y950,ALTERMAGNET,rotation,1,2,P2_1,ALTERMAGNET,True,3,4.9,16,0.035112,1.478,0.802,-0.803,0.802,0.0010000000000000009,True,0.0
POSCAR_F6Zr2_4_y975,F6Zr2_4_y975,F6Zr2_4,False,y975,ALTERMAGNET,rotation,1,2,P2_1,ALTERMAGNET,True,3,4.9,16,0.033425,1.53,0.803,-0.803,0.803,0.0,True,0.0
POSCAR_F6Zr2_4_z025,F6Zr2_4_z025,F6Zr2_4,False,z025,ALTERMAGNET,rotation,1,2,P2_1,ALTERMAGNET,True,3,4.9,16,0.028325,1.583,0.805,-0.805,0.805,0.0,True,0.0
POSCAR_F6Zr2_4_z050,F6Zr2_4_z050,F6Zr2_4,False,z050,ALTERMAGNET,rotation,1,2,P2_1,ALTERMAGNET,True,3,4.9,16,0.025284,1.66,0.807,-0.807,0.807,0.0,True,0.0
POSCAR_F6Zr2_4_z950,F6Zr2_4_z950,F6Zr2_4,False,z950,ALTERMAGNET,rotation,1,2,P2_1,ALTERMAGNET,True,3,4.9,16,0.037187,1.334,0.798,-0.798,0.798,0.0,True,0.0
POSCAR_F6Zr2_4_z975,F6Zr2_4_z975,F6Zr2_4,False,z975,ALTERMAGNET,rotation,1,2,P2_1,ALTERMAGNET,True,3,4.9,16,0.034464,1.351,0.801,-0.801,0.801,0.0,True,0.0
POSCAR_F8Mn2_1,F8Mn2_1,F8Mn2_1,True,none,ALTERMAGNET,mirror/rotoinv|rotation,4,8,I4_1md,ALTERMAGNET,True,3,109.242,902,0.211302,0.196,2.97,-2.97,2.97,0.0,True,0.0
POSCAR_F8Mn2_1_st025,F8Mn2_1_st025,F8Mn2_1,False,st025,ALTERMAGNET,mirror/rotoinv|rotation,4,8,I4_1md,ALTERMAGNET,True,3,109.242,902,0.197819,0.189,3.09,-3.09,3.09,0.0,True,0.0
POSCAR_F8Mn2_1_st050,F8Mn2_1_st050,F8Mn2_1,False,st050,ALTERMAGNET,mirror/rotoinv|rotation,4,8,I4_1md,ALTERMAGNET,True,3,109.242,902,0.174841,0.269,3.237,-3.237,3.237,0.0,True,0.0
POSCAR_F8Mn2_1_st950,F8Mn2_1_st950,F8Mn2_1,False,st950,ALTERMAGNET,mirror/rotoinv|rotation,4,8,I4_1md,ALTERMAGNET,True,3,109.242,902,0.183754,0.251,2.789,-2.789,2.789,0.0,True,0.0
POSCAR_F8Mn2_1_st975,F8Mn2_1_st975,F8Mn2_1,False,st975,ALTERMAGNET,mirror/rotoinv|rotation,4,8,I4_1md,ALTERMAGNET,True,3,109.242,902,0.259269,0.314,2.872,-2.872,2.872,0.0,True,0.0
POSCAR_F8Mn2_1_z025,F8Mn2_1_z025,F8Mn2_1,False,z025,ALTERMAGNET,mirror/rotoinv,1,2,Cc,ALTERMAGNET,True,3,109.242,902,0.205075,0.582,3.006,-3.006,3.006,0.0,True,0.0
POSCAR_F8Mn2_1_z050,F8Mn2_1_z050,F8Mn2_1,False,z050,ALTERMAGNET,mirror/rotoinv,1,2,Cc,ALTERMAGNET,True,3,109.242,902,0.188645,0.731,3.045,-3.045,3.045,0.0,True,0.0
POSCAR_F8Mn2_1_z950,F8Mn2_1_z950,F8Mn2_1,False,z950,ALTERMAGNET,mirror/rotoinv,1,2,Cc,ALTERMAGNET,True,3,109.242,902,0.197822,0.642,2.91,-2.91,2.91,0.0,True,0.0
POSCAR_F8Mn2_1_z975,F8Mn2_1_z975,F8Mn2_1,False,z975,ALTERMAGNET,mirror/rotoinv,1,2,Cc,ALTERMAGNET,True,3,109.242,902,0.214593,0.491,2.938,-2.938,2.938,0.0,True,0.0
POSCAR_F8Nb2_3,F8Nb2_3,F8Nb2_3,True,none,ALTERMAGNET,mirror/rotoinv,2,4,Fdd2,ALTERMAGNET,True,3,43.227,325,0.055362,2.631,1.015,-1.016,1.015,0.001000000000000112,True,0.0
POSCAR_F8Nb2_3_st025,F8Nb2_3_st025,F8Nb2_3,False,st025,ALTERMAGNET,mirror/rotoinv,2,4,Fdd2,ALTERMAGNET,True,3,43.227,325,0.047892,2.358,1.01,-1.01,1.01,0.0,True,0.0
POSCAR_F8Nb2_3_st050,F8Nb2_3_st050,F8Nb2_3,False,st050,ALTERMAGNET,mirror/rotoinv,2,4,Fdd2,ALTERMAGNET,True,3,43.227,325,0.042285,2.21,1.009,-1.01,1.009,0.001000000000000112,True,0.0
POSCAR_F8Nb2_3_st950,F8Nb2_3_st950,F8Nb2_3,False,st950,ALTERMAGNET,mirror/rotoinv,2,4,Fdd2,ALTERMAGNET,True,3,43.227,325,0.073882,2.88,1.09,-1.09,1.09,0.0,True,0.0
POSCAR_F8Nb2_3_st975,F8Nb2_3_st975,F8Nb2_3,False,st975,ALTERMAGNET,mirror/rotoinv,2,4,Fdd2,ALTERMAGNET,True,3,43.227,325,0.063556,2.93,1.029,-1.029,1.029,0.0,True,0.0
POSCAR_F8Nb2_3_z025,F8Nb2_3_z025,F8Nb2_3,False,z025,ALTERMAGNET,mirror/rotoinv,1,2,Cc,ALTERMAGNET,True,3,43.227,325,0.052194,2.214,1.013,-1.014,1.013,0.001000000000000112,True,0.0
POSCAR_F8Nb2_3_z050,F8Nb2_3_z050,F8Nb2_3,False,z050,ALTERMAGNET,mirror/rotoinv,1,2,Cc,ALTERMAGNET,True,3,43.227,325,0.051058,1.956,1.011,-1.012,1.011,0.001000000000000112,True,0.0
POSCAR_F8Nb2_3_z950,F8Nb2_3_z950,F8Nb2_3,False,z950,ALTERMAGNET,mirror/rotoinv,1,2,Cc,ALTERMAGNET,True,3,43.227,325,0.0638,2.604,1.024,-1.024,1.024,0.0,True,0.0
POSCAR_F8Nb2_3_z975,F8Nb2_3_z975,F8Nb2_3,False,z975,ALTERMAGNET,mirror/rotoinv,1,2,Cc,ALTERMAGNET,True,3,43.227,325,0.058388,2.89,1.019,-1.019,1.019,0.0,True,0.0
POSCAR_F8Ni2_1,F8Ni2_1,F8Ni2_1,True,none,ALTERMAGNET,mirror/rotoinv|rotation,4,8,I4_1md,ALTERMAGNET,True,3,109.242,902,0.296438,0.734,2.296,-2.296,2.296,0.0,True,0.0
POSCAR_F8Ni2_1_st025,F8Ni2_1_st025,F8Ni2_1,False,st025,ALTERMAGNET,mirror/rotoinv|rotation,4,8,I4_1md,ALTERMAGNET,True,3,109.242,902,0.329039,0.698,2.265,-2.265,2.265,0.0,True,0.0
POSCAR_F8Ni2_1_st050,F8Ni2_1_st050,F8Ni2_1,False,st050,ALTERMAGNET,mirror/rotoinv|rotation,4,8,I4_1md,ALTERMAGNET,True,3,109.242,902,0.305795,0.691,2.231,-2.231,2.231,0.0,True,0.0
POSCAR_F8Ni2_1_st950,F8Ni2_1_st950,F8Ni2_1,False,st950,ALTERMAGNET,mirror/rotoinv|rotation,4,8,I4_1md,ALTERMAGNET,True,3,109.242,902,0.261936,0.817,2.362,-2.362,2.362,0.0,True,0.0
POSCAR_F8Ni2_1_st975,F8Ni2_1_st975,F8Ni2_1,False,st975,ALTERMAGNET,mirror/rotoinv|rotation,4,8,I4_1md,ALTERMAGNET,True,3,109.242,902,0.243888,0.755,2.327,-2.327,2.327,0.0,True,0.0
POSCAR_F8Ni2_1_z025,F8Ni2_1_z025,F8Ni2_1,False,z025,ALTERMAGNET,mirror/rotoinv,1,2,Cc,ALTERMAGNET,True,3,109.242,902,0.295774,0.688,2.289,-2.289,2.289,0.0,True,0.0
POSCAR_F8Ni2_1_z050,F8Ni2_1_z050,F8Ni2_1,False,z050,ALTERMAGNET,mirror/rotoinv,1,2,Cc,ALTERMAGNET,True,3,109.242,902,0.282403,0.609,2.282,-2.282,2.282,0.0,True,0.0
POSCAR_F8Ni2_1_z950,F8Ni2_1_z950,F8Ni2_1,False,z950,ALTERMAGNET,mirror/rotoinv,1,2,Cc,ALTERMAGNET,True,3,109.242,902,0.291805,0.683,2.31,-2.31,2.31,0.0,True,0.0
POSCAR_F8Ni2_1_z975,F8Ni2_1_z975,F8Ni2_1,False,z975,ALTERMAGNET,mirror/rotoinv,1,2,Cc,ALTERMAGNET,True,3,109.242,902,0.297299,0.706,2.303,-2.303,2.303,0.0,True,0.0
POSCAR_F8V2_1,F8V2_1,F8V2_1,True,none,ALTERMAGNET,rotation,1,2,C2,ALTERMAGNET,True,3,5.15,22,0.159775,2.54,1.007,-1.007,1.007,0.0,True,0.0
POSCAR_F8V2_1_st025,F8V2_1_st025,F8V2_1,False,st025,ALTERMAGNET,rotation,1,2,C2,ALTERMAGNET,True,3,5.15,22,0.153575,2.333,1.032,-1.032,1.032,0.0,True,0.0
POSCAR_F8V2_1_st050,F8V2_1_st050,F8V2_1,False,st050,ALTERMAGNET,rotation,1,2,C2,ALTERMAGNET,True,3,5.15,22,0.148281,2.306,1.061,-1.062,1.061,0.001000000000000112,True,0.0
POSCAR_F8V2_1_st950,F8V2_1_st950,F8V2_1,False,st950,ALTERMAGNET,rotation,1,2,C2,ALTERMAGNET,True,3,5.15,22,0.182574,1.953,0.965,-0.965,0.965,0.0,True,0.0
POSCAR_F8V2_1_st975,F8V2_1_st975,F8V2_1,False,st975,ALTERMAGNET,rotation,1,2,C2,ALTERMAGNET,True,3,5.15,22,0.169177,2.261,0.985,-0.985,0.985,0.0,True,0.0
POSCAR_F8V2_1_z025,F8V2_1_z025,F8V2_1,False,z025,ALTERMAGNET,rotation,1,2,C2,ALTERMAGNET,True,3,5.15,22,0.160037,2.15,1.014,-1.014,1.014,0.0,True,0.0
POSCAR_F8V2_1_z050,F8V2_1_z050,F8V2_1,False,z050,ALTERMAGNET,rotation,1,2,C2,ALTERMAGNET,True,3,5.15,22,0.160604,1.951,1.021,-1.021,1.021,0.0,True,0.0
POSCAR_F8V2_1_z950,F8V2_1_z950,F8V2_1,False,z950,ALTERMAGNET,rotation,1,2,C2,ALTERMAGNET,True,3,5.15,22,0.160103,2.64,0.994,-0.994,0.994,0.0,True,0.0
POSCAR_F8V2_1_z975,F8V2_1_z975,F8V2_1,False,z975,ALTERMAGNET,rotation,1,2,C2,ALTERMAGNET,True,3,5.15,22,0.159814,2.71,1.0,-1.001,1.0,0.0009999999999998899,True,0.0
POSCAR_Fe2Ga5_1,Fe2Ga5_1,Fe2Ga5_1,True,none,conventional_AFM_inversion,inversion|rotation,2,4,C2/m,conventional_AFM_inversion,True,3,12.60,67,0.013193,1.408,2.949,-2.95,2.949,0.001000000000000334,True,0.002
POSCAR_Fe2Ga5_1_st975,Fe2Ga5_1_st975,Fe2Ga5_1,False,st975,conventional_AFM_inversion,inversion|rotation,2,4,C2/m,conventional_AFM_inversion,True,3,12.60,67,0.01726,1.795,2.818,-2.822,2.818,0.0040000000000000036,True,0.004
POSCAR_Fe2Ga5_1_x025,Fe2Ga5_1_x025,Fe2Ga5_1,False,x025,conventional_AFM_inversion,inversion,1,2,P-1,conventional_AFM_inversion,True,3,12.60,67,0.030495,2.056,2.971,-2.973,2.971,0.0019999999999997797,True,0.004
POSCAR_Fe2Ga5_1_x050,Fe2Ga5_1_x050,Fe2Ga5_1,False,x050,conventional_AFM_inversion,inversion,1,2,P-1,conventional_AFM_inversion,True,3,12.60,67,0.008414,0.956,2.945,-2.946,2.945,0.001000000000000334,True,0.001
POSCAR_Fe2Ga5_1_x950,Fe2Ga5_1_x950,Fe2Ga5_1,False,x950,conventional_AFM_inversion,inversion,1,2,P-1,conventional_AFM_inversion,True,3,12.60,67,0.009929,0.888,2.895,-2.896,2.895,0.0009999999999998899,True,0.002
POSCAR_Fe2Ga5_1_x975,Fe2Ga5_1_x975,Fe2Ga5_1,False,x975,conventional_AFM_inversion,inversion,1,2,P-1,conventional_AFM_inversion,True,3,12.60,67,0.011001,1.22,2.923,-2.924,2.923,0.0009999999999998899,True,0.001
POSCAR_Fe2Ga5_1_y025,Fe2Ga5_1_y025,Fe2Ga5_1,False,y025,conventional_AFM_inversion,inversion,1,2,P-1,conventional_AFM_inversion,True,3,12.60,67,0.015222,1.63,2.95,-2.953,2.95,0.0029999999999996696,True,0.004
POSCAR_Fe2Ga5_1_y050,Fe2Ga5_1_y050,Fe2Ga5_1,False,y050,conventional_AFM_inversion,inversion,1,2,P-1,conventional_AFM_inversion,True,3,12.60,67,0.006595,0.82,2.96,-2.961,2.96,0.0009999999999998899,True,0.001
POSCAR_Fe2Ga5_1_y950,Fe2Ga5_1_y950,Fe2Ga5_1,False,y950,conventional_AFM_inversion,inversion,1,2,P-1,conventional_AFM_inversion,True,3,12.60,67,0.006837,1.181,2.922,-2.924,2.922,0.0019999999999997797,True,0.003
POSCAR_Fe2Ga5_1_y975,Fe2Ga5_1_y975,Fe2Ga5_1,False,y975,conventional_AFM_inversion,inversion,1,2,P-1,conventional_AFM_inversion,True,3,12.60,67,0.027718,1.529,2.935,-2.936,2.935,0.0009999999999998899,True,0.001
POSCAR_Fe2Ga5_1_z025,Fe2Ga5_1_z025,Fe2Ga5_1,False,z025,conventional_AFM_inversion,inversion,1,2,P-1,conventional_AFM_inversion,True,3,12.60,67,0.006917,0.831,2.995,-2.996,2.995,0.0009999999999998899,True,0.002
POSCAR_Fe2Ga5_1_z050,Fe2Ga5_1_z050,Fe2Ga5_1,False,z050,conventional_AFM_inversion,inversion,1,2,P-1,conventional_AFM_inversion,True,3,12.60,67,0.004392,0.793,3.034,-3.034,3.034,0.0,True,0.001
POSCAR_Fe2Ga5_1_z950,Fe2Ga5_1_z950,Fe2Ga5_1,False,z950,conventional_AFM_inversion,inversion,1,2,P-1,conventional_AFM_inversion,True,3,12.60,67,0.006575,0.976,2.811,-2.812,2.811,0.0009999999999998899,True,0.001
POSCAR_Fe2Ga5_1_z975,Fe2Ga5_1_z975,Fe2Ga5_1,False,z975,conventional_AFM_inversion,inversion,1,2,P-1,conventional_AFM_inversion,True,3,12.60,67,0.011075,1.024,2.866,-2.868,2.866,0.0019999999999997797,True,0.003
POSCAR_Fe2Ge1_1,Fe2Ge1_1,Fe2Ge1_1,True,none,conventional_AFM_inversion,inversion|mirror/rotoinv|rotation,8,16,I4/mmm,conventional_AFM_inversion,True,3,139.538,1198,0.033693,0.333,2.943,-2.944,2.943,0.0009999999999998899,True,0.001
POSCAR_Fe2Ge1_1_st025,Fe2Ge1_1_st025,Fe2Ge1_1,False,st025,conventional_AFM_inversion,inversion|mirror/rotoinv|rotation,8,16,I4/mmm,conventional_AFM_inversion,True,3,139.538,1198,0.032183,0.159,3.0,-3.0,3.0,0.0,True,0.0
POSCAR_Fe2Ge1_1_st050,Fe2Ge1_1_st050,Fe2Ge1_1,False,st050,conventional_AFM_inversion,inversion|mirror/rotoinv|rotation,8,16,I4/mmm,conventional_AFM_inversion,True,3,139.538,1198,0.029721,0.153,3.05,-3.05,3.05,0.0,True,0.0
POSCAR_Fe2Ge1_1_st950,Fe2Ge1_1_st950,Fe2Ge1_1,False,st950,conventional_AFM_inversion,inversion|mirror/rotoinv|rotation,8,16,I4/mmm,conventional_AFM_inversion,True,3,139.538,1198,0.035676,0.101,2.806,-2.806,2.806,0.0,True,0.0
POSCAR_Fe2Ge1_1_st975,Fe2Ge1_1_st975,Fe2Ge1_1,False,st975,conventional_AFM_inversion,inversion|mirror/rotoinv|rotation,8,16,I4/mmm,conventional_AFM_inversion,True,3,139.538,1198,0.035315,0.236,2.878,-2.878,2.878,0.0,True,0.001
POSCAR_Fe2Ge1_1_x025,Fe2Ge1_1_x025,Fe2Ge1_1,False,x025,conventional_AFM_inversion,inversion|rotation,2,4,C2/m,conventional_AFM_inversion,True,3,139.538,1198,0.029778,0.972,2.965,-2.965,2.965,0.0,True,0.001
POSCAR_Fe2Ge1_1_x050,Fe2Ge1_1_x050,Fe2Ge1_1,False,x050,conventional_AFM_inversion,inversion|rotation,2,4,C2/m,conventional_AFM_inversion,True,3,139.538,1198,0.029667,1.165,2.985,-2.985,2.985,0.0,True,0.0
POSCAR_Fe2Ge1_1_x950,Fe2Ge1_1_x950,Fe2Ge1_1,False,x950,conventional_AFM_inversion,inversion|rotation,2,4,C2/m,conventional_AFM_inversion,True,3,139.538,1198,0.026226,1.083,2.894,-2.893,2.894,0.001000000000000334,True,0.001
POSCAR_Fe2Ge1_1_x975,Fe2Ge1_1_x975,Fe2Ge1_1,False,x975,conventional_AFM_inversion,inversion|rotation,2,4,C2/m,conventional_AFM_inversion,True,3,139.538,1198,0.03074,0.673,2.917,-2.917,2.917,0.0,True,0.0
POSCAR_Fe2Ge1_1_y025,Fe2Ge1_1_y025,Fe2Ge1_1,False,y025,conventional_AFM_inversion,inversion|rotation,2,4,C2/m,conventional_AFM_inversion,True,3,139.538,1198,0.030725,0.147,2.963,-2.963,2.963,0.0,True,0.0
POSCAR_Fe2Ge1_1_y050,Fe2Ge1_1_y050,Fe2Ge1_1,False,y050,conventional_AFM_inversion,inversion|rotation,2,4,C2/m,conventional_AFM_inversion,True,3,139.538,1198,0.034187,0.245,2.985,-2.985,2.985,0.0,True,0.0
POSCAR_Fe2Ge1_1_y950,Fe2Ge1_1_y950,Fe2Ge1_1,False,y950,conventional_AFM_inversion,inversion|rotation,2,4,C2/m,conventional_AFM_inversion,True,3,139.538,1198,0.024975,0.103,2.893,-2.893,2.893,0.0,True,0.0
POSCAR_Fe2Ge1_1_y975,Fe2Ge1_1_y975,Fe2Ge1_1,False,y975,conventional_AFM_inversion,inversion|rotation,2,4,C2/m,conventional_AFM_inversion,True,3,139.538,1198,0.029755,0.274,2.917,-2.918,2.917,0.001000000000000334,True,0.001
POSCAR_Fe2Ge1_1_z025,Fe2Ge1_1_z025,Fe2Ge1_1,False,z025,conventional_AFM_inversion,inversion|mirror/rotoinv,2,4,C2/m,conventional_AFM_inversion,True,3,139.538,1198,0.026456,0.581,2.958,-2.958,2.958,0.0,True,0.0
POSCAR_Fe2Ge1_1_z050,Fe2Ge1_1_z050,Fe2Ge1_1,False,z050,conventional_AFM_inversion,inversion|mirror/rotoinv,2,4,C2/m,conventional_AFM_inversion,True,3,139.538,1198,0.021978,1.468,2.974,-2.974,2.974,0.0,True,0.0
POSCAR_Fe2Ge1_1_z950,Fe2Ge1_1_z950,Fe2Ge1_1,False,z950,conventional_AFM_inversion,inversion|mirror/rotoinv,2,4,C2/m,conventional_AFM_inversion,True,3,139.538,1198,0.045156,2.298,2.914,-2.916,2.914,0.0019999999999997797,True,0.002
POSCAR_Fe2Ge1_1_z975,Fe2Ge1_1_z975,Fe2Ge1_1,False,z975,conventional_AFM_inversion,inversion|mirror/rotoinv,2,4,C2/m,conventional_AFM_inversion,True,3,139.538,1198,0.03965,0.993,2.929,-2.929,2.929,0.0,True,0.0
POSCAR_Fe2Ge1_2,Fe2Ge1_2,Fe2Ge1_2,True,none,conventional_AFM_inversion,inversion,1,2,P-1,conventional_AFM_inversion,True,3,2.6,6,0.016406,4.53,3.032,-3.031,3.032,0.0009999999999998899,True,0.001
POSCAR_Fe2Ge1_2_st025,Fe2Ge1_2_st025,Fe2Ge1_2,False,st025,conventional_AFM_inversion,inversion,1,2,P-1,conventional_AFM_inversion,True,3,2.6,6,0.015644,5.58,3.082,-3.08,3.082,0.0019999999999997797,True,0.001
POSCAR_Fe2Ge1_2_st050,Fe2Ge1_2_st050,Fe2Ge1_2,False,st050,conventional_AFM_inversion,inversion,1,2,P-1,conventional_AFM_inversion,True,3,2.6,6,0.014895,5.604,3.121,-3.121,3.121,0.0,True,0.0
POSCAR_Fe2Ge1_2_x050,Fe2Ge1_2_x050,Fe2Ge1_2,False,x050,conventional_AFM_inversion,inversion,1,2,P-1,conventional_AFM_inversion,True,3,2.6,6,0.018319,6.781,3.064,-3.061,3.064,0.0030000000000001137,True,0.003
POSCAR_Fe2Ge1_2_x950,Fe2Ge1_2_x950,Fe2Ge1_2,False,x950,conventional_AFM_inversion,inversion,1,2,P-1,conventional_AFM_inversion,True,3,2.6,6,0.018879,5.321,2.985,-2.985,2.985,0.0,True,0.001
POSCAR_Fe2Ge1_2_x975,Fe2Ge1_2_x975,Fe2Ge1_2,False,x975,conventional_AFM_inversion,inversion,1,2,P-1,conventional_AFM_inversion,True,3,2.6,6,0.017839,4.355,3.012,-3.01,3.012,0.002000000000000224,True,0.002
POSCAR_Fe2Ge1_2_y025,Fe2Ge1_2_y025,Fe2Ge1_2,False,y025,conventional_AFM_inversion,inversion,1,2,P-1,conventional_AFM_inversion,True,3,2.6,6,0.015398,5.702,3.051,-3.05,3.051,0.001000000000000334,True,0.001
POSCAR_Fe2Ge1_2_y950,Fe2Ge1_2_y950,Fe2Ge1_2,False,y950,conventional_AFM_inversion,inversion,1,2,P-1,conventional_AFM_inversion,True,3,2.6,6,0.017769,4.383,2.99,-2.988,2.99,0.002000000000000224,True,0.001
POSCAR_Fe2Ge1_2_y975,Fe2Ge1_2_y975,Fe2Ge1_2,False,y975,conventional_AFM_inversion,inversion,1,2,P-1,conventional_AFM_inversion,True,3,2.6,6,0.019666,5.641,3.011,-3.011,3.011,0.0,True,0.0
POSCAR_Fe2Ge1_2_z025,Fe2Ge1_2_z025,Fe2Ge1_2,False,z025,conventional_AFM_inversion,inversion,1,2,P-1,conventional_AFM_inversion,True,3,2.6,6,0.017105,5.411,3.049,-3.047,3.049,0.0019999999999997797,True,0.002
POSCAR_Fe2Ge1_2_z050,Fe2Ge1_2_z050,Fe2Ge1_2,False,z050,conventional_AFM_inversion,inversion,1,2,P-1,conventional_AFM_inversion,True,3,2.6,6,0.018413,6.506,3.063,-3.062,3.063,0.001000000000000334,True,0.0
POSCAR_Fe2Ge2_1,Fe2Ge2_1,Fe2Ge2_1,True,none,ALTERMAGNET,mirror/rotoinv|rotation,12,24,P6_3/mmc,ALTERMAGNET,True,3,194.269,1499,0.967852,0.03,3.1,-3.1,3.1,0.0,True,0.0
POSCAR_Fe2Ge2_1_st025,Fe2Ge2_1_st025,Fe2Ge2_1,False,st025,ALTERMAGNET,mirror/rotoinv|rotation,12,24,P6_3/mmc,ALTERMAGNET,True,3,194.269,1499,0.77872,0.039,3.172,-3.173,3.172,0.0009999999999998899,True,0.0
POSCAR_Fe2Ge2_1_st050,Fe2Ge2_1_st050,Fe2Ge2_1,False,st050,ALTERMAGNET,mirror/rotoinv|rotation,12,24,P6_3/mmc,ALTERMAGNET,True,3,194.269,1499,0.593408,0.022,3.225,-3.225,3.225,0.0,True,0.0
POSCAR_Fe2Ge2_1_st950,Fe2Ge2_1_st950,Fe2Ge2_1,False,st950,ALTERMAGNET,mirror/rotoinv|rotation,12,24,P6_3/mmc,ALTERMAGNET,True,3,194.269,1499,0.933279,0.234,2.882,-2.882,2.882,0.0,True,0.0
POSCAR_Fe2Ge2_1_st975,Fe2Ge2_1_st975,Fe2Ge2_1,False,st975,ALTERMAGNET,mirror/rotoinv|rotation,12,24,P6_3/mmc,ALTERMAGNET,True,3,194.269,1499,0.858752,0.021,3.008,-3.008,3.008,0.0,True,0.0
POSCAR_Fe2Ge2_1_x025,Fe2Ge2_1_x025,Fe2Ge2_1,False,x025,ALTERMAGNET,mirror/rotoinv|rotation,4,8,Cmcm,ALTERMAGNET,True,3,194.269,1499,0.896476,0.049,3.128,-3.128,3.128,0.0,True,0.0
POSCAR_Fe2Ge2_1_x050,Fe2Ge2_1_x050,Fe2Ge2_1,False,x050,ALTERMAGNET,mirror/rotoinv|rotation,2,4,P2_1/m,ALTERMAGNET,True,3,194.269,1499,0.861764,0.035,3.15,-3.15,3.15,0.0,True,0.0
POSCAR_Fe2Ge2_1_x950,Fe2Ge2_1_x950,Fe2Ge2_1,False,x950,ALTERMAGNET,mirror/rotoinv|rotation,2,4,P2_1/m,ALTERMAGNET,True,3,194.269,1499,1.004804,0.036,3.041,-3.041,3.041,0.0,True,0.0
POSCAR_Fe2Ge2_1_x975,Fe2Ge2_1_x975,Fe2Ge2_1,False,x975,ALTERMAGNET,mirror/rotoinv|rotation,4,8,Cmcm,ALTERMAGNET,True,3,194.269,1499,0.854645,0.028,3.077,-3.077,3.077,0.0,True,0.0
POSCAR_Fe2Ge2_1_y025,Fe2Ge2_1_y025,Fe2Ge2_1,False,y025,ALTERMAGNET,mirror/rotoinv|rotation,4,8,Cmcm,ALTERMAGNET,True,3,194.269,1499,0.896932,0.05,3.128,-3.128,3.128,0.0,True,0.0
POSCAR_Fe2Ge2_1_y050,Fe2Ge2_1_y050,Fe2Ge2_1,False,y050,ALTERMAGNET,mirror/rotoinv|rotation,2,4,P2_1/m,ALTERMAGNET,True,3,194.269,1499,0.861249,0.048,3.15,-3.15,3.15,0.0,True,0.0
POSCAR_Fe2Ge2_1_y950,Fe2Ge2_1_y950,Fe2Ge2_1,False,y950,ALTERMAGNET,mirror/rotoinv|rotation,2,4,P2_1/m,ALTERMAGNET,True,3,194.269,1499,1.004193,0.023,3.041,-3.041,3.041,0.0,True,0.0
POSCAR_Fe2Ge2_1_y975,Fe2Ge2_1_y975,Fe2Ge2_1,False,y975,ALTERMAGNET,mirror/rotoinv|rotation,4,8,Cmcm,ALTERMAGNET,True,3,194.269,1499,0.853975,0.023,3.077,-3.077,3.077,0.0,True,0.0
POSCAR_Fe2Ge2_1_z025,Fe2Ge2_1_z025,Fe2Ge2_1,False,z025,ALTERMAGNET,mirror/rotoinv|rotation,12,24,P6_3/mmc,ALTERMAGNET,True,3,194.269,1499,0.707259,0.042,3.132,-3.132,3.132,0.0,True,0.0
POSCAR_Fe2Ge2_1_z050,Fe2Ge2_1_z050,Fe2Ge2_1,False,z050,ALTERMAGNET,mirror/rotoinv|rotation,12,24,P6_3/mmc,ALTERMAGNET,True,3,194.269,1499,0.709558,0.022,3.154,-3.154,3.154,0.0,True,0.0
POSCAR_Fe2Ge2_1_z950,Fe2Ge2_1_z950,Fe2Ge2_1,False,z950,ALTERMAGNET,mirror/rotoinv|rotation,12,24,P6_3/mmc,ALTERMAGNET,True,3,194.269,1499,1.009287,0.031,3.033,-3.033,3.033,0.0,True,0.0
POSCAR_Fe2Ge2_1_z975,Fe2Ge2_1_z975,Fe2Ge2_1,False,z975,ALTERMAGNET,mirror/rotoinv|rotation,12,24,P6_3/mmc,ALTERMAGNET,True,3,194.269,1499,0.990163,0.025,3.07,-3.07,3.07,0.0,True,0.0
POSCAR_Fe2Ge4_2,Fe2Ge4_2,Fe2Ge4_2,True,none,conventional_AFM_inversion,inversion|mirror/rotoinv,8,16,I4/mcm,conventional_AFM_inversion,True,3,140.549,1209,0.03755,3.413,3.073,-3.076,3.073,0.0030000000000001137,True,0.004
POSCAR_Fe2Ge4_2_st025,Fe2Ge4_2_st025,Fe2Ge4_2,False,st025,conventional_AFM_inversion,inversion|mirror/rotoinv,8,16,I4/mcm,conventional_AFM_inversion,True,3,140.549,1209,0.02147,0.677,3.231,-3.23,3.231,0.0009999999999998899,True,0.001
POSCAR_Fe2Ge4_2_x950,Fe2Ge4_2_x950,Fe2Ge4_2,False,x950,conventional_AFM_inversion,inversion,1,2,P-1,conventional_AFM_inversion,True,3,140.549,1209,0.002911,0.174,2.874,-2.874,2.874,0.0,True,0.0
POSCAR_Fe2Ge4_2_x975,Fe2Ge4_2_x975,Fe2Ge4_2,False,x975,conventional_AFM_inversion,inversion,1,2,P-1,conventional_AFM_inversion,True,3,140.549,1209,0.006958,0.526,3.018,-3.017,3.018,0.0009999999999998899,True,0.001
POSCAR_Fe2Ge4_2_y975,Fe2Ge4_2_y975,Fe2Ge4_2,False,y975,conventional_AFM_inversion,inversion,1,2,P-1,conventional_AFM_inversion,True,3,140.549,1209,0.015987,1.134,3.018,-3.018,3.018,0.0,True,0.001
POSCAR_Fe2Ge4_2_z025,Fe2Ge4_2_z025,Fe2Ge4_2,False,z025,conventional_AFM_inversion,inversion|mirror/rotoinv,2,4,C2/m,conventional_AFM_inversion,True,3,140.549,1209,0.013674,0.292,3.104,-3.104,3.104,0.0,True,0.0
POSCAR_Fe2Ge4_2_z950,Fe2Ge4_2_z950,Fe2Ge4_2,False,z950,conventional_AFM_inversion,inversion|mirror/rotoinv,2,4,C2/m,conventional_AFM_inversion,True,3,140.549,1209,0.006149,0.215,2.937,-2.937,2.937,0.0,True,0.0
POSCAR_Fe2I4_1,Fe2I4_1,Fe2I4_1,True,none,ALTERMAGNET,mirror/rotoinv,2,4,Fdd2,ALTERMAGNET,True,3,43.227,325,0.229477,0.775,3.643,-3.644,3.643,0.001000000000000334,True,0.0
POSCAR_Fe2I4_1_st025,Fe2I4_1_st025,Fe2I4_1,False,st025,ALTERMAGNET,mirror/rotoinv,2,4,Fdd2,ALTERMAGNET,True,3,43.227,325,0.196622,0.754,3.676,-3.677,3.676,0.0009999999999998899,True,0.0
POSCAR_Fe2I4_1_st050,Fe2I4_1_st050,Fe2I4_1,False,st050,ALTERMAGNET,mirror/rotoinv,2,4,Fdd2,ALTERMAGNET,True,3,43.227,325,0.197388,0.761,3.703,-3.703,3.703,0.0,True,0.0
POSCAR_Fe2I4_1_st950,Fe2I4_1_st950,Fe2I4_1,False,st950,ALTERMAGNET,mirror/rotoinv,2,4,Fdd2,ALTERMAGNET,True,3,43.227,325,0.26021,0.983,3.546,-3.546,3.546,0.0,True,0.0
POSCAR_Fe2I4_1_st975,Fe2I4_1_st975,Fe2I4_1,False,st975,ALTERMAGNET,mirror/rotoinv,2,4,Fdd2,ALTERMAGNET,True,3,43.227,325,0.238382,0.838,3.601,-3.601,3.601,0.0,True,0.0
POSCAR_Fe2I4_1_x025,Fe2I4_1_x025,Fe2I4_1,False,x025,ALTERMAGNET,rotation,1,2,C2,ALTERMAGNET,True,3,43.227,325,0.223218,1.516,3.656,-3.656,3.656,0.0,True,0.0
POSCAR_Fe2I4_1_x050,Fe2I4_1_x050,Fe2I4_1,False,x050,ALTERMAGNET,rotation,1,2,C2,ALTERMAGNET,True,3,43.227,325,0.217395,1.704,3.667,-3.667,3.667,0.0,True,0.0
POSCAR_Fe2I4_1_x950,Fe2I4_1_x950,Fe2I4_1,False,x950,compensated_FiM_candidate,,0,1,P1,ALTERMAGNET,False,3,43.227,325,0.235387,2.054,3.614,-3.615,3.614,0.001000000000000334,True,0.0
POSCAR_Fe2I4_1_x975,Fe2I4_1_x975,Fe2I4_1,False,x975,compensated_FiM_candidate,,0,1,P1,ALTERMAGNET,False,3,43.227,325,0.233035,1.783,3.629,-3.63,3.629,0.0009999999999998899,True,0.0
POSCAR_Fe2I4_1_y025,Fe2I4_1_y025,Fe2I4_1,False,y025,ALTERMAGNET,rotation,1,2,C2,ALTERMAGNET,True,3,43.227,325,0.223375,1.749,3.656,-3.656,3.656,0.0,True,0.0
POSCAR_Fe2I4_1_y050,Fe2I4_1_y050,Fe2I4_1,False,y050,ALTERMAGNET,rotation,1,2,C2,ALTERMAGNET,True,3,43.227,325,0.217546,2.043,3.667,-3.668,3.667,0.001000000000000334,True,0.0
POSCAR_Fe2I4_1_y950,Fe2I4_1_y950,Fe2I4_1,False,y950,ALTERMAGNET,rotation,1,2,C2,ALTERMAGNET,True,3,43.227,325,0.233503,1.702,3.614,-3.614,3.614,0.0,True,0.0
POSCAR_Fe2I4_1_y975,Fe2I4_1_y975,Fe2I4_1,False,y975,ALTERMAGNET,rotation,1,2,C2,ALTERMAGNET,True,3,43.227,325,0.233494,1.705,3.629,-3.63,3.629,0.0009999999999998899,True,0.0
POSCAR_Fe2I4_1_z025,Fe2I4_1_z025,Fe2I4_1,False,z025,ALTERMAGNET,mirror/rotoinv,1,2,Cc,ALTERMAGNET,True,3,43.227,325,0.22132,0.847,3.654,-3.654,3.654,0.0,True,0.0
POSCAR_Fe2I4_1_z050,Fe2I4_1_z050,Fe2I4_1,False,z050,ALTERMAGNET,mirror/rotoinv,1,2,Cc,ALTERMAGNET,True,3,43.227,325,0.20871,0.848,3.663,-3.663,3.663,0.0,True,0.0
POSCAR_Fe2I4_1_z950,Fe2I4_1_z950,Fe2I4_1,False,z950,ALTERMAGNET,mirror/rotoinv,1,2,Cc,ALTERMAGNET,True,3,43.227,325,0.222561,0.745,3.619,-3.619,3.619,0.0,True,0.0
POSCAR_Fe2I4_1_z975,Fe2I4_1_z975,Fe2I4_1,False,z975,ALTERMAGNET,mirror/rotoinv,1,2,Cc,ALTERMAGNET,True,3,43.227,325,0.225407,0.763,3.632,-3.632,3.632,0.0,True,0.0
POSCAR_Fe2N2_1,Fe2N2_1,Fe2N2_1,True,none,ALTERMAGNET,mirror/rotoinv|rotation,6,12,P6_3mc,ALTERMAGNET,True,3,186.206,1436,0.259577,0.146,3.907,-3.907,3.907,0.0,True,0.0
POSCAR_Fe2N2_1_st025,Fe2N2_1_st025,Fe2N2_1,False,st025,ALTERMAGNET,mirror/rotoinv|rotation,6,12,P6_3mc,ALTERMAGNET,True,3,186.206,1436,0.2213,0.129,3.957,-3.957,3.957,0.0,True,0.0
POSCAR_Fe2N2_1_st050,Fe2N2_1_st050,Fe2N2_1,False,st050,ALTERMAGNET,mirror/rotoinv|rotation,6,12,P6_3mc,ALTERMAGNET,True,3,186.206,1436,0.18655,0.131,3.992,-3.992,3.992,0.0,True,0.0
POSCAR_Fe2N2_1_st950,Fe2N2_1_st950,Fe2N2_1,False,st950,ALTERMAGNET,mirror/rotoinv|rotation,6,12,P6_3mc,ALTERMAGNET,True,3,186.206,1436,0.346473,0.131,3.73,-3.73,3.73,0.0,True,0.0
POSCAR_Fe2N2_1_st975,Fe2N2_1_st975,Fe2N2_1,False,st975,ALTERMAGNET,mirror/rotoinv|rotation,6,12,P6_3mc,ALTERMAGNET,True,3,186.206,1436,0.301316,0.126,3.834,-3.834,3.834,0.0,True,0.0
POSCAR_Fe2N2_1_x025,Fe2N2_1_x025,Fe2N2_1,False,x025,ALTERMAGNET,mirror/rotoinv|rotation,2,4,Cmc2_1,ALTERMAGNET,True,3,186.206,1436,0.237276,0.156,3.916,-3.916,3.916,0.0,True,0.0
POSCAR_Fe2N2_1_x050,Fe2N2_1_x050,Fe2N2_1,False,x050,ALTERMAGNET,rotation,1,2,P2_1,ALTERMAGNET,True,3,186.206,1436,0.222323,0.158,3.921,-3.921,3.921,0.0,True,0.0
POSCAR_Fe2N2_1_x950,Fe2N2_1_x950,Fe2N2_1,False,x950,ALTERMAGNET,rotation,1,2,P2_1,ALTERMAGNET,True,3,186.206,1436,0.335378,0.161,3.874,-3.874,3.874,0.0,True,0.0
POSCAR_Fe2N2_1_x975,Fe2N2_1_x975,Fe2N2_1,False,x975,ALTERMAGNET,mirror/rotoinv|rotation,2,4,Cmc2_1,ALTERMAGNET,True,3,186.206,1436,0.296746,0.139,3.893,-3.893,3.893,0.0,True,0.0
POSCAR_Fe2N2_1_y025,Fe2N2_1_y025,Fe2N2_1,False,y025,ALTERMAGNET,mirror/rotoinv|rotation,2,4,Cmc2_1,ALTERMAGNET,True,3,186.206,1436,0.235468,0.149,3.916,-3.916,3.916,0.0,True,0.0
POSCAR_Fe2N2_1_y050,Fe2N2_1_y050,Fe2N2_1,False,y050,ALTERMAGNET,rotation,1,2,P2_1,ALTERMAGNET,True,3,186.206,1436,0.220317,0.174,3.921,-3.921,3.921,0.0,True,0.0
POSCAR_Fe2N2_1_y950,Fe2N2_1_y950,Fe2N2_1,False,y950,ALTERMAGNET,rotation,1,2,P2_1,ALTERMAGNET,True,3,186.206,1436,0.337073,0.169,3.874,-3.874,3.874,0.0,True,0.0
POSCAR_Fe2N2_1_y975,Fe2N2_1_y975,Fe2N2_1,False,y975,ALTERMAGNET,mirror/rotoinv|rotation,2,4,Cmc2_1,ALTERMAGNET,True,3,186.206,1436,0.298456,0.144,3.893,-3.893,3.893,0.0,True,0.0
POSCAR_Fe2N2_1_z025,Fe2N2_1_z025,Fe2N2_1,False,z025,ALTERMAGNET,mirror/rotoinv|rotation,6,12,P6_3mc,ALTERMAGNET,True,3,186.206,1436,0.27759,0.126,3.941,-3.942,3.941,0.001000000000000334,True,0.0
POSCAR_Fe2N2_1_z050,Fe2N2_1_z050,Fe2N2_1,False,z050,ALTERMAGNET,mirror/rotoinv|rotation,6,12,P6_3mc,ALTERMAGNET,True,3,186.206,1436,0.29129,0.122,3.971,-3.971,3.971,0.0,True,0.0
POSCAR_Fe2N2_1_z950,Fe2N2_1_z950,Fe2N2_1,False,z950,ALTERMAGNET,mirror/rotoinv|rotation,6,12,P6_3mc,ALTERMAGNET,True,3,186.206,1436,0.220171,0.138,3.817,-3.817,3.817,0.0,True,0.0
POSCAR_Fe2N2_1_z975,Fe2N2_1_z975,Fe2N2_1,False,z975,ALTERMAGNET,mirror/rotoinv|rotation,6,12,P6_3mc,ALTERMAGNET,True,3,186.206,1436,0.23667,0.146,3.865,-3.865,3.865,0.0,True,0.0
POSCAR_Fe2O2_8,Fe2O2_8,Fe2O2_8,True,none,ALTERMAGNET,mirror/rotoinv|rotation,2,4,C2/c,ALTERMAGNET,True,3,15.89,96,0.885788,4.447,3.672,-3.672,3.672,0.0,True,0.0
POSCAR_Fe2O2_8_st025,Fe2O2_8_st025,Fe2O2_8,False,st025,ALTERMAGNET,mirror/rotoinv|rotation,2,4,C2/c,ALTERMAGNET,True,3,15.89,96,0.788144,4.3,3.694,-3.694,3.694,0.0,True,0.0
POSCAR_Fe2O2_8_st050,Fe2O2_8_st050,Fe2O2_8,False,st050,ALTERMAGNET,mirror/rotoinv|rotation,2,4,C2/c,ALTERMAGNET,True,3,15.89,96,0.813401,4.272,3.712,-3.712,3.712,0.0,True,0.0
POSCAR_Fe2O2_8_st950,Fe2O2_8_st950,Fe2O2_8,False,st950,ALTERMAGNET,mirror/rotoinv|rotation,2,4,C2/c,ALTERMAGNET,True,3,15.89,96,1.097725,6.383,3.612,-3.612,3.612,0.0,True,0.0
POSCAR_Fe2O2_8_st975,Fe2O2_8_st975,Fe2O2_8,False,st975,ALTERMAGNET,mirror/rotoinv|rotation,2,4,C2/c,ALTERMAGNET,True,3,15.89,96,0.989544,5.03,3.645,-3.645,3.645,0.0,True,0.0
POSCAR_Fe2O2_8_z025,Fe2O2_8_z025,Fe2O2_8,False,z025,ALTERMAGNET,mirror/rotoinv|rotation,2,4,C2/c,ALTERMAGNET,True,3,15.89,96,0.880531,5.203,3.678,-3.678,3.678,0.0,True,0.0
POSCAR_Fe2O2_8_z050,Fe2O2_8_z050,Fe2O2_8,False,z050,ALTERMAGNET,mirror/rotoinv|rotation,2,4,C2/c,ALTERMAGNET,True,3,15.89,96,0.846462,6.152,3.683,-3.683,3.683,0.0,True,0.0
POSCAR_Fe2O2_8_z950,Fe2O2_8_z950,Fe2O2_8,False,z950,ALTERMAGNET,mirror/rotoinv|rotation,2,4,C2/c,ALTERMAGNET,True,3,15.89,96,0.896546,4.101,3.658,-3.658,3.658,0.0,True,0.0
POSCAR_Fe2O2_8_z975,Fe2O2_8_z975,Fe2O2_8,False,z975,ALTERMAGNET,mirror/rotoinv|rotation,2,4,C2/c,ALTERMAGNET,True,3,15.89,96,0.872848,4.221,3.666,-3.666,3.666,0.0,True,0.0
POSCAR_Fe2P2_1,Fe2P2_1,Fe2P2_1,True,none,ALTERMAGNET,mirror/rotoinv|rotation,12,24,P6_3/mmc,ALTERMAGNET,True,3,194.269,1499,1.124083,2.742,2.99,-2.989,2.99,0.001000000000000334,True,0.002
POSCAR_Fe2P2_1_st025,Fe2P2_1_st025,Fe2P2_1,False,st025,ALTERMAGNET,mirror/rotoinv|rotation,12,24,P6_3/mmc,ALTERMAGNET,True,3,194.269,1499,1.345244,2.918,3.24,-3.24,3.24,0.0,True,0.0
POSCAR_Fe2P2_1_st050,Fe2P2_1_st050,Fe2P2_1,False,st050,ALTERMAGNET,mirror/rotoinv|rotation,12,24,P6_3/mmc,ALTERMAGNET,True,3,194.269,1499,1.448071,3.509,3.413,-3.413,3.413,0.0,True,0.0
POSCAR_Fe2P2_1_st950,Fe2P2_1_st950,Fe2P2_1,False,st950,ALTERMAGNET,mirror/rotoinv|rotation,12,24,P6_3/mmc,ALTERMAGNET,True,3,194.269,1499,0.71169,2.888,2.351,-2.35,2.351,0.0009999999999998899,True,0.0
POSCAR_Fe2P2_1_x025,Fe2P2_1_x025,Fe2P2_1,False,x025,ALTERMAGNET,mirror/rotoinv|rotation,4,8,Cmcm,ALTERMAGNET,True,3,194.269,1499,1.205387,2.049,3.088,-3.085,3.088,0.0030000000000001137,True,0.003
POSCAR_Fe2P2_1_x050,Fe2P2_1_x050,Fe2P2_1,False,x050,ALTERMAGNET,mirror/rotoinv|rotation,2,4,P2_1/m,ALTERMAGNET,True,3,194.269,1499,1.387792,4.195,3.163,-3.16,3.163,0.0029999999999996696,True,0.004
POSCAR_Fe2P2_1_x975,Fe2P2_1_x975,Fe2P2_1,False,x975,ALTERMAGNET,mirror/rotoinv|rotation,4,8,Cmcm,ALTERMAGNET,True,3,194.269,1499,1.028874,2.36,2.891,-2.888,2.891,0.0030000000000001137,True,0.004
POSCAR_Fe2P2_1_y025,Fe2P2_1_y025,Fe2P2_1,False,y025,ALTERMAGNET,mirror/rotoinv|rotation,4,8,Cmcm,ALTERMAGNET,True,3,194.269,1499,1.206184,2.094,3.088,-3.085,3.088,0.0030000000000001137,True,0.003
POSCAR_Fe2P2_1_z025,Fe2P2_1_z025,Fe2P2_1,False,z025,ALTERMAGNET,mirror/rotoinv|rotation,12,24,P6_3/mmc,ALTERMAGNET,True,3,194.269,1499,1.129257,2.732,3.091,-3.09,3.091,0.001000000000000334,True,0.001
POSCAR_Fe2P2_1_z050,Fe2P2_1_z050,Fe2P2_1,False,z050,ALTERMAGNET,mirror/rotoinv|rotation,12,24,P6_3/mmc,ALTERMAGNET,True,3,194.269,1499,1.23177,3.211,3.171,-3.17,3.171,0.0009999999999998899,True,0.002
POSCAR_Fe2P2_3,Fe2P2_3,Fe2P2_3,True,none,ALTERMAGNET,mirror/rotoinv|rotation,6,12,P6_3mc,ALTERMAGNET,True,3,186.206,1436,0.464446,0.467,2.961,-2.96,2.961,0.0009999999999998899,True,0.0
POSCAR_Fe2P2_3_st025,Fe2P2_3_st025,Fe2P2_3,False,st025,ALTERMAGNET,mirror/rotoinv|rotation,6,12,P6_3mc,ALTERMAGNET,True,3,186.206,1436,0.3371,0.415,3.071,-3.071,3.071,0.0,True,0.0
POSCAR_Fe2P2_3_st050,Fe2P2_3_st050,Fe2P2_3,False,st050,ALTERMAGNET,mirror/rotoinv|rotation,6,12,P6_3mc,ALTERMAGNET,True,3,186.206,1436,0.237309,0.443,3.162,-3.162,3.162,0.0,True,0.0
POSCAR_Fe2P2_3_st950,Fe2P2_3_st950,Fe2P2_3,False,st950,ALTERMAGNET,mirror/rotoinv|rotation,6,12,P6_3mc,ALTERMAGNET,True,3,186.206,1436,0.633067,0.629,2.599,-2.6,2.599,0.0009999999999998899,True,0.0
POSCAR_Fe2P2_3_st975,Fe2P2_3_st975,Fe2P2_3,False,st975,ALTERMAGNET,mirror/rotoinv|rotation,6,12,P6_3mc,ALTERMAGNET,True,3,186.206,1436,0.589359,0.388,2.814,-2.814,2.814,0.0,True,0.0
POSCAR_Fe2P2_3_x025,Fe2P2_3_x025,Fe2P2_3,False,x025,ALTERMAGNET,mirror/rotoinv|rotation,2,4,Cmc2_1,ALTERMAGNET,True,3,186.206,1436,0.403457,0.484,2.999,-2.999,2.999,0.0,True,0.001
POSCAR_Fe2P2_3_x050,Fe2P2_3_x050,Fe2P2_3,False,x050,ALTERMAGNET,rotation,1,2,P2_1,ALTERMAGNET,True,3,186.206,1436,0.354218,0.364,3.035,-3.035,3.035,0.0,True,0.0
POSCAR_Fe2P2_3_x950,Fe2P2_3_x950,Fe2P2_3,False,x950,ALTERMAGNET,rotation,1,2,P2_1,ALTERMAGNET,True,3,186.206,1436,0.555201,0.804,2.881,-2.881,2.881,0.0,True,0.0
POSCAR_Fe2P2_3_x975,Fe2P2_3_x975,Fe2P2_3,False,x975,ALTERMAGNET,mirror/rotoinv|rotation,2,4,Cmc2_1,ALTERMAGNET,True,3,186.206,1436,0.519643,0.678,2.922,-2.922,2.922,0.0,True,0.0
POSCAR_Fe2P2_3_y025,Fe2P2_3_y025,Fe2P2_3,False,y025,ALTERMAGNET,mirror/rotoinv|rotation,2,4,Cmc2_1,ALTERMAGNET,True,3,186.206,1436,0.402897,0.719,2.999,-2.999,2.999,0.0,True,0.0
POSCAR_Fe2P2_3_y050,Fe2P2_3_y050,Fe2P2_3,False,y050,ALTERMAGNET,rotation,1,2,P2_1,ALTERMAGNET,True,3,186.206,1436,0.355292,0.688,3.035,-3.035,3.035,0.0,True,0.0
POSCAR_Fe2P2_3_y950,Fe2P2_3_y950,Fe2P2_3,False,y950,ALTERMAGNET,rotation,1,2,P2_1,ALTERMAGNET,True,3,186.206,1436,0.555913,0.638,2.882,-2.881,2.882,0.001000000000000334,True,0.0
POSCAR_Fe2P2_3_y975,Fe2P2_3_y975,Fe2P2_3,False,y975,ALTERMAGNET,mirror/rotoinv|rotation,2,4,Cmc2_1,ALTERMAGNET,True,3,186.206,1436,0.520607,0.739,2.922,-2.921,2.922,0.001000000000000334,True,0.001
POSCAR_Fe2P2_3_z025,Fe2P2_3_z025,Fe2P2_3,False,z025,ALTERMAGNET,mirror/rotoinv|rotation,6,12,P6_3mc,ALTERMAGNET,True,3,186.206,1436,0.4473,0.432,3.004,-3.004,3.004,0.0,True,0.0
POSCAR_Fe2P2_3_z050,Fe2P2_3_z050,Fe2P2_3,False,z050,ALTERMAGNET,mirror/rotoinv|rotation,6,12,P6_3mc,ALTERMAGNET,True,3,186.206,1436,0.4347,0.363,3.042,-3.041,3.042,0.0009999999999998899,True,0.0
POSCAR_Fe2P2_3_z950,Fe2P2_3_z950,Fe2P2_3,False,z950,ALTERMAGNET,mirror/rotoinv|rotation,6,12,P6_3mc,ALTERMAGNET,True,3,186.206,1436,0.508691,0.516,2.852,-2.851,2.852,0.0009999999999998899,True,0.0
POSCAR_Fe2P2_3_z975,Fe2P2_3_z975,Fe2P2_3,False,z975,ALTERMAGNET,mirror/rotoinv|rotation,6,12,P6_3mc,ALTERMAGNET,True,3,186.206,1436,0.48605,0.471,2.91,-2.91,2.91,0.0,True,0.0
POSCAR_Fe2P4_1,Fe2P4_1,Fe2P4_1,True,none,ALTERMAGNET,mirror/rotoinv|rotation,2,4,P2_1/c,ALTERMAGNET,True,3,14.79,86,0.697066,2.036,1.958,-1.958,1.958,0.0,True,0.0
POSCAR_Fe2P4_1_st025,Fe2P4_1_st025,Fe2P4_1,False,st025,ALTERMAGNET,mirror/rotoinv|rotation,2,4,P2_1/c,ALTERMAGNET,True,3,14.79,86,0.52792,0.873,2.291,-2.292,2.291,0.0009999999999998899,True,0.001
POSCAR_Fe2P4_1_y025,Fe2P4_1_y025,Fe2P4_1,False,y025,ALTERMAGNET,mirror/rotoinv|rotation,2,4,P2_1/c,ALTERMAGNET,True,3,14.79,86,0.721628,1.586,2.071,-2.074,2.071,0.0029999999999996696,True,0.003
POSCAR_Fe2P4_1_y975,Fe2P4_1_y975,Fe2P4_1,False,y975,ALTERMAGNET,mirror/rotoinv|rotation,2,4,P2_1/c,ALTERMAGNET,True,3,14.79,86,0.686877,4.261,1.836,-1.839,1.836,0.0029999999999998916,True,0.004
POSCAR_Fe2P4_1_z025,Fe2P4_1_z025,Fe2P4_1,False,z025,ALTERMAGNET,mirror/rotoinv|rotation,2,4,P2_1/c,ALTERMAGNET,True,3,14.79,86,0.643531,1.118,2.102,-2.102,2.102,0.0,True,0.001
POSCAR_Fe2P4_1_z050,Fe2P4_1_z050,Fe2P4_1,False,z050,ALTERMAGNET,mirror/rotoinv|rotation,2,4,P2_1/c,ALTERMAGNET,True,3,14.79,86,0.589619,1.483,2.236,-2.233,2.236,0.0030000000000001137,True,0.004
POSCAR_Fe2P5_1,Fe2P5_1,Fe2P5_1,True,none,ALTERMAGNET,mirror/rotoinv|rotation,2,4,Imm2,ALTERMAGNET,True,3,44.231,329,0.574925,3.434,2.07,-2.065,2.07,0.004999999999999893,True,0.004
POSCAR_Fe2P5_1_st025,Fe2P5_1_st025,Fe2P5_1,False,st025,ALTERMAGNET,mirror/rotoinv|rotation,2,4,Imm2,ALTERMAGNET,True,3,44.231,329,0.553404,3.434,2.328,-2.322,2.328,0.005999999999999783,True,0.002
POSCAR_Fe2P5_1_st975,Fe2P5_1_st975,Fe2P5_1,False,st975,ALTERMAGNET,mirror/rotoinv|rotation,2,4,Imm2,ALTERMAGNET,True,3,44.231,329,0.612996,3.659,1.775,-1.77,1.775,0.004999999999999893,True,0.002
POSCAR_Fe2P6_2,Fe2P6_2,Fe2P6_2,True,none,ALTERMAGNET,mirror/rotoinv|rotation,2,4,C2/c,ALTERMAGNET,True,3,15.89,96,0.565112,1.126,1.738,-1.74,1.738,0.0020000000000000018,True,0.001
POSCAR_Fe2P6_2_st025,Fe2P6_2_st025,Fe2P6_2,False,st025,ALTERMAGNET,mirror/rotoinv|rotation,2,4,C2/c,ALTERMAGNET,True,3,15.89,96,0.56676,1.27,2.003,-2.005,2.003,0.0019999999999997797,True,0.001
POSCAR_Fe2P6_2_st950,Fe2P6_2_st950,Fe2P6_2,False,st950,ALTERMAGNET,mirror/rotoinv|rotation,2,4,C2/c,ALTERMAGNET,True,3,15.89,96,0.571684,1.039,1.323,-1.324,1.323,0.001000000000000112,True,0.001
POSCAR_Fe2P6_2_st975,Fe2P6_2_st975,Fe2P6_2,False,st975,ALTERMAGNET,mirror/rotoinv|rotation,2,4,C2/c,ALTERMAGNET,True,3,15.89,96,0.545802,1.08,1.501,-1.503,1.501,0.0020000000000000018,True,0.001
POSCAR_Fe2P6_2_z025,Fe2P6_2_z025,Fe2P6_2,False,z025,compensated_FiM_candidate,,0,2,P-1,ALTERMAGNET,False,3,15.89,96,0.562025,8.026,1.825,-1.828,1.825,0.0030000000000001137,True,0.002
POSCAR_Fe2P6_2_z975,Fe2P6_2_z975,Fe2P6_2,False,z975,compensated_FiM_candidate,,0,2,P-1,ALTERMAGNET,False,3,15.89,96,0.509917,9.099,1.661,-1.662,1.661,0.0009999999999998899,True,0.0
POSCAR_Fe2P8_1,Fe2P8_1,Fe2P8_1,True,none,ALTERMAGNET,mirror/rotoinv|rotation,2,4,P2_1/c,ALTERMAGNET,True,3,14.79,86,1.011183,2.33,3.284,-3.282,3.284,0.0019999999999997797,True,0.003
POSCAR_Fe2P8_1_st025,Fe2P8_1_st025,Fe2P8_1,False,st025,ALTERMAGNET,mirror/rotoinv|rotation,2,4,P2_1/c,ALTERMAGNET,True,3,14.79,86,0.925677,1.936,3.403,-3.402,3.403,0.0009999999999998899,True,0.001
POSCAR_Fe2P8_1_st050,Fe2P8_1_st050,Fe2P8_1,False,st050,ALTERMAGNET,mirror/rotoinv|rotation,2,4,P2_1/c,ALTERMAGNET,True,3,14.79,86,0.857658,1.639,3.479,-3.479,3.479,0.0,True,0.0
POSCAR_Fe2P8_1_st975,Fe2P8_1_st975,Fe2P8_1,False,st975,ALTERMAGNET,mirror/rotoinv|rotation,2,4,P2_1/c,ALTERMAGNET,True,3,14.79,86,1.145645,2.425,3.013,-3.016,3.013,0.0030000000000001137,True,0.004
POSCAR_Fe2P8_1_x025,Fe2P8_1_x025,Fe2P8_1,False,x025,ALTERMAGNET,mirror/rotoinv|rotation,2,4,P2_1/c,ALTERMAGNET,True,3,14.79,86,1.00309,1.97,3.327,-3.327,3.327,0.0,True,0.0
POSCAR_Fe2P8_1_x050,Fe2P8_1_x050,Fe2P8_1,False,x050,ALTERMAGNET,mirror/rotoinv|rotation,2,4,P2_1/c,ALTERMAGNET,True,3,14.79,86,1.000337,1.998,3.363,-3.362,3.363,0.0009999999999998899,True,0.001
POSCAR_Fe2P8_1_x950,Fe2P8_1_x950,Fe2P8_1,False,x950,ALTERMAGNET,mirror/rotoinv|rotation,2,4,P2_1/c,ALTERMAGNET,True,3,14.79,86,0.9856,2.226,3.14,-3.14,3.14,0.0,True,0.001
POSCAR_Fe2P8_1_x975,Fe2P8_1_x975,Fe2P8_1,False,x975,ALTERMAGNET,mirror/rotoinv|rotation,2,4,P2_1/c,ALTERMAGNET,True,3,14.79,86,1.000008,2.646,3.228,-3.23,3.228,0.0019999999999997797,True,0.003
POSCAR_Fe2P8_1_y025,Fe2P8_1_y025,Fe2P8_1,False,y025,ALTERMAGNET,mirror/rotoinv|rotation,2,4,P2_1/c,ALTERMAGNET,True,3,14.79,86,0.939211,2.06,3.323,-3.322,3.323,0.0009999999999998899,True,0.003
POSCAR_Fe2P8_1_y050,Fe2P8_1_y050,Fe2P8_1,False,y050,ALTERMAGNET,mirror/rotoinv|rotation,2,4,P2_1/c,ALTERMAGNET,True,3,14.79,86,0.925572,1.572,3.356,-3.356,3.356,0.0,True,0.001
POSCAR_Fe2P8_1_y950,Fe2P8_1_y950,Fe2P8_1,False,y950,ALTERMAGNET,mirror/rotoinv|rotation,2,4,P2_1/c,ALTERMAGNET,True,3,14.79,86,1.023402,2.917,3.188,-3.191,3.188,0.0029999999999996696,True,0.004
POSCAR_Fe2P8_1_y975,Fe2P8_1_y975,Fe2P8_1,False,y975,ALTERMAGNET,mirror/rotoinv|rotation,2,4,P2_1/c,ALTERMAGNET,True,3,14.79,86,1.047139,2.666,3.239,-3.24,3.239,0.001000000000000334,True,0.001
POSCAR_Fe2P8_1_z025,Fe2P8_1_z025,Fe2P8_1,False,z025,ALTERMAGNET,mirror/rotoinv|rotation,2,4,P2_1/c,ALTERMAGNET,True,3,14.79,86,0.990514,2.226,3.339,-3.338,3.339,0.0009999999999998899,True,0.002
POSCAR_Fe2P8_1_z050,Fe2P8_1_z050,Fe2P8_1,False,z050,ALTERMAGNET,mirror/rotoinv|rotation,2,4,P2_1/c,ALTERMAGNET,True,3,14.79,86,0.906559,2.302,3.38,-3.38,3.38,0.0,True,0.001
POSCAR_Fe2P8_1_z950,Fe2P8_1_z950,Fe2P8_1,False,z950,ALTERMAGNET,mirror/rotoinv|rotation,2,4,P2_1/c,ALTERMAGNET,True,3,14.79,86,1.05317,1.947,3.125,-3.126,3.125,0.0009999999999998899,True,0.001
POSCAR_Fe2P8_1_z975,Fe2P8_1_z975,Fe2P8_1,False,z975,ALTERMAGNET,mirror/rotoinv|rotation,2,4,P2_1/c,ALTERMAGNET,True,3,14.79,86,1.050953,2.718,3.213,-3.211,3.213,0.002000000000000224,True,0.004
POSCAR_Fe2Pb2_1,Fe2Pb2_1,Fe2Pb2_1,True,none,conventional_AFM_inversion,inversion|mirror/rotoinv|rotation,4,8,Cmcm,conventional_AFM_inversion,True,3,63.460,558,0.016176,2.891,3.096,-3.097,3.096,0.0009999999999998899,True,0.0
POSCAR_Fe2Pb2_1_st025,Fe2Pb2_1_st025,Fe2Pb2_1,False,st025,conventional_AFM_inversion,inversion|mirror/rotoinv|rotation,4,8,Cmcm,conventional_AFM_inversion,True,3,63.460,558,0.014288,2.581,3.139,-3.139,3.139,0.0,True,0.002
POSCAR_Fe2Pb2_1_st050,Fe2Pb2_1_st050,Fe2Pb2_1,False,st050,conventional_AFM_inversion,inversion|mirror/rotoinv|rotation,4,8,Cmcm,conventional_AFM_inversion,True,3,63.460,558,0.013964,3.21,3.174,-3.175,3.174,0.0009999999999998899,True,0.0
POSCAR_Fe2Pb2_1_st950,Fe2Pb2_1_st950,Fe2Pb2_1,False,st950,conventional_AFM_inversion,inversion|mirror/rotoinv|rotation,4,8,Cmcm,conventional_AFM_inversion,True,3,63.460,558,0.017057,3.051,2.986,-2.988,2.986,0.0019999999999997797,True,0.003
POSCAR_Fe2Pb2_1_x025,Fe2Pb2_1_x025,Fe2Pb2_1,False,x025,conventional_AFM_inversion,inversion|rotation,2,4,P2_1/m,conventional_AFM_inversion,True,3,63.460,558,0.015253,2.587,3.11,-3.111,3.11,0.001000000000000334,True,0.0
POSCAR_Fe2Pb2_1_x050,Fe2Pb2_1_x050,Fe2Pb2_1,False,x050,conventional_AFM_inversion,inversion|rotation,2,4,P2_1/m,conventional_AFM_inversion,True,3,63.460,558,0.014857,2.987,3.124,-3.126,3.124,0.0019999999999997797,True,0.002
POSCAR_Fe2Pb2_1_x950,Fe2Pb2_1_x950,Fe2Pb2_1,False,x950,conventional_AFM_inversion,inversion|rotation,2,4,P2_1/m,conventional_AFM_inversion,True,3,63.460,558,0.017254,3.04,3.064,-3.064,3.064,0.0,True,0.001
POSCAR_Fe2Pb2_1_x975,Fe2Pb2_1_x975,Fe2Pb2_1,False,x975,conventional_AFM_inversion,inversion|rotation,2,4,P2_1/m,conventional_AFM_inversion,True,3,63.460,558,0.014572,3.772,3.078,-3.081,3.078,0.0030000000000001137,True,0.004
POSCAR_Fe2Pb2_1_y025,Fe2Pb2_1_y025,Fe2Pb2_1,False,y025,conventional_AFM_inversion,inversion|mirror/rotoinv|rotation,4,8,Cmcm,conventional_AFM_inversion,True,3,63.460,558,0.01522,2.928,3.113,-3.114,3.113,0.0009999999999998899,True,0.001
POSCAR_Fe2Pb2_1_y050,Fe2Pb2_1_y050,Fe2Pb2_1,False,y050,conventional_AFM_inversion,inversion|mirror/rotoinv|rotation,4,8,Cmcm,conventional_AFM_inversion,True,3,63.460,558,0.015241,3.316,3.128,-3.131,3.128,0.0029999999999996696,True,0.002
POSCAR_Fe2Pb2_1_y950,Fe2Pb2_1_y950,Fe2Pb2_1,False,y950,conventional_AFM_inversion,inversion|mirror/rotoinv|rotation,4,8,Cmcm,conventional_AFM_inversion,True,3,63.460,558,0.018215,3.472,3.053,-3.054,3.053,0.0009999999999998899,True,0.001
POSCAR_Fe2Pb2_1_y975,Fe2Pb2_1_y975,Fe2Pb2_1,False,y975,conventional_AFM_inversion,inversion|mirror/rotoinv|rotation,4,8,Cmcm,conventional_AFM_inversion,True,3,63.460,558,0.014636,2.49,3.074,-3.075,3.074,0.001000000000000334,True,0.001
POSCAR_Fe2Pb2_1_z025,Fe2Pb2_1_z025,Fe2Pb2_1,False,z025,conventional_AFM_inversion,inversion|rotation,2,4,P2_1/m,conventional_AFM_inversion,True,3,63.460,558,0.014705,2.523,3.104,-3.105,3.104,0.0009999999999998899,True,0.0
POSCAR_Fe2Pb2_1_z050,Fe2Pb2_1_z050,Fe2Pb2_1,False,z050,conventional_AFM_inversion,inversion|rotation,2,4,P2_1/m,conventional_AFM_inversion,True,3,63.460,558,0.014618,2.439,3.112,-3.112,3.112,0.0,True,0.0
POSCAR_Fe2Pb2_1_z950,Fe2Pb2_1_z950,Fe2Pb2_1,False,z950,conventional_AFM_inversion,inversion|rotation,2,4,P2_1/m,conventional_AFM_inversion,True,3,63.460,558,0.016248,2.114,3.077,-3.077,3.077,0.0,True,0.0
POSCAR_Fe2Pb2_1_z975,Fe2Pb2_1_z975,Fe2Pb2_1,False,z975,conventional_AFM_inversion,inversion|rotation,2,4,P2_1/m,conventional_AFM_inversion,True,3,63.460,558,0.014827,2.146,3.084,-3.085,3.084,0.0009999999999998899,True,0.0
POSCAR_Fe2Pb4_2,Fe2Pb4_2,Fe2Pb4_2,True,none,conventional_AFM_inversion,inversion|rotation,2,4,C2/m,conventional_AFM_inversion,True,3,12.60,67,0.016761,1.401,3.008,-3.009,3.008,0.0009999999999998899,True,0.003
POSCAR_Fe2Pb4_2_st025,Fe2Pb4_2_st025,Fe2Pb4_2,False,st025,conventional_AFM_inversion,inversion|rotation,2,4,C2/m,conventional_AFM_inversion,True,3,12.60,67,0.013393,1.766,3.047,-3.046,3.047,0.001000000000000334,True,0.002
POSCAR_Fe2Pb4_2_st050,Fe2Pb4_2_st050,Fe2Pb4_2,False,st050,conventional_AFM_inversion,inversion|rotation,2,4,C2/m,conventional_AFM_inversion,True,3,12.60,67,0.011078,2.136,3.081,-3.079,3.081,0.0019999999999997797,True,0.002
POSCAR_Fe2Pb4_2_st950,Fe2Pb4_2_st950,Fe2Pb4_2,False,st950,conventional_AFM_inversion,inversion|rotation,2,4,C2/m,conventional_AFM_inversion,True,3,12.60,67,0.018192,1.668,2.906,-2.907,2.906,0.0009999999999998899,True,0.003
POSCAR_Fe2Pb4_2_st975,Fe2Pb4_2_st975,Fe2Pb4_2,False,st975,conventional_AFM_inversion,inversion|rotation,2,4,C2/m,conventional_AFM_inversion,True,3,12.60,67,0.016739,1.789,2.96,-2.962,2.96,0.002000000000000224,True,0.003
POSCAR_Fe2Pb4_2_x025,Fe2Pb4_2_x025,Fe2Pb4_2,False,x025,conventional_AFM_inversion,inversion,1,2,P-1,conventional_AFM_inversion,True,3,12.60,67,0.015081,1.578,3.022,-3.022,3.022,0.0,True,0.0
POSCAR_Fe2Pb4_2_x050,Fe2Pb4_2_x050,Fe2Pb4_2,False,x050,conventional_AFM_inversion,inversion,1,2,P-1,conventional_AFM_inversion,True,3,12.60,67,0.014015,1.679,3.038,-3.038,3.038,0.0,True,0.001
POSCAR_Fe2Pb4_2_x950,Fe2Pb4_2_x950,Fe2Pb4_2,False,x950,conventional_AFM_inversion,inversion,1,2,P-1,conventional_AFM_inversion,True,3,12.60,67,0.015249,1.649,2.972,-2.975,2.972,0.0030000000000001137,True,0.004
POSCAR_Fe2Pb4_2_x975,Fe2Pb4_2_x975,Fe2Pb4_2,False,x975,conventional_AFM_inversion,inversion,1,2,P-1,conventional_AFM_inversion,True,3,12.60,67,0.017851,2.284,2.992,-2.991,2.992,0.0009999999999998899,True,0.0
POSCAR_Fe2Pb4_2_y025,Fe2Pb4_2_y025,Fe2Pb4_2,False,y025,conventional_AFM_inversion,inversion|rotation,2,4,C2/m,conventional_AFM_inversion,True,3,12.60,67,0.015573,1.805,3.025,-3.025,3.025,0.0,True,0.0
POSCAR_Fe2Pb4_2_y050,Fe2Pb4_2_y050,Fe2Pb4_2,False,y050,conventional_AFM_inversion,inversion|rotation,2,4,C2/m,conventional_AFM_inversion,True,3,12.60,67,0.014791,2.041,3.042,-3.041,3.042,0.0009999999999998899,True,0.002
POSCAR_Fe2Pb4_2_y950,Fe2Pb4_2_y950,Fe2Pb4_2,False,y950,conventional_AFM_inversion,inversion|rotation,2,4,C2/m,conventional_AFM_inversion,True,3,12.60,67,0.016154,1.851,2.967,-2.967,2.967,0.0,True,0.001
POSCAR_Fe2Pb4_2_y975,Fe2Pb4_2_y975,Fe2Pb4_2,False,y975,conventional_AFM_inversion,inversion|rotation,2,4,C2/m,conventional_AFM_inversion,True,3,12.60,67,0.016779,1.534,2.986,-2.987,2.986,0.0009999999999998899,True,0.003
POSCAR_Fe2Pb4_2_z025,Fe2Pb4_2_z025,Fe2Pb4_2,False,z025,conventional_AFM_inversion,inversion,1,2,P-1,conventional_AFM_inversion,True,3,12.60,67,0.01749,1.081,3.375,-3.376,3.375,0.0009999999999998899,True,0.001
POSCAR_Fe2Pb4_2_z050,Fe2Pb4_2_z050,Fe2Pb4_2,False,z050,conventional_AFM_inversion,inversion,1,2,P-1,conventional_AFM_inversion,True,3,12.60,67,0.018749,1.42,3.41,-3.411,3.41,0.0009999999999998899,True,0.002
POSCAR_Fe2Pb4_2_z950,Fe2Pb4_2_z950,Fe2Pb4_2,False,z950,conventional_AFM_inversion,inversion,1,2,P-1,conventional_AFM_inversion,True,3,12.60,67,0.01814,2.266,2.987,-2.986,2.987,0.0009999999999998899,True,0.002
POSCAR_Fe2Pb4_2_z975,Fe2Pb4_2_z975,Fe2Pb4_2,False,z975,conventional_AFM_inversion,inversion,1,2,P-1,conventional_AFM_inversion,True,3,12.60,67,0.016326,1.682,2.998,-2.997,2.998,0.001000000000000334,True,0.002
POSCAR_Fe2S4_1,Fe2S4_1,Fe2S4_1,True,none,ALTERMAGNET,mirror/rotoinv|rotation,4,8,Pnnm,ALTERMAGNET,True,3,58.397,495,0.440052,0.033,3.576,-3.576,3.576,0.0,True,0.0
POSCAR_Fe2S4_1_st025,Fe2S4_1_st025,Fe2S4_1,False,st025,ALTERMAGNET,mirror/rotoinv|rotation,4,8,Pnnm,ALTERMAGNET,True,3,58.397,495,0.443936,0.034,3.622,-3.622,3.622,0.0,True,0.0
POSCAR_Fe2S4_1_st050,Fe2S4_1_st050,Fe2S4_1,False,st050,ALTERMAGNET,mirror/rotoinv|rotation,4,8,Pnnm,ALTERMAGNET,True,3,58.397,495,0.444133,0.031,3.656,-3.656,3.656,0.0,True,0.0
POSCAR_Fe2S4_1_st950,Fe2S4_1_st950,Fe2S4_1,False,st950,ALTERMAGNET,mirror/rotoinv|rotation,4,8,Pnnm,ALTERMAGNET,True,3,58.397,495,0.481423,0.031,3.43,-3.43,3.43,0.0,True,0.0
POSCAR_Fe2S4_1_st975,Fe2S4_1_st975,Fe2S4_1,False,st975,ALTERMAGNET,mirror/rotoinv|rotation,4,8,Pnnm,ALTERMAGNET,True,3,58.397,495,0.435414,0.032,3.515,-3.515,3.515,0.0,True,0.0
POSCAR_Fe2S4_1_x025,Fe2S4_1_x025,Fe2S4_1,False,x025,ALTERMAGNET,mirror/rotoinv|rotation,4,8,Pnnm,ALTERMAGNET,True,3,58.397,495,0.453503,0.033,3.591,-3.591,3.591,0.0,True,0.0
POSCAR_Fe2S4_1_x050,Fe2S4_1_x050,Fe2S4_1,False,x050,ALTERMAGNET,mirror/rotoinv|rotation,4,8,Pnnm,ALTERMAGNET,True,3,58.397,495,0.46693,0.033,3.604,-3.604,3.604,0.0,True,0.0
POSCAR_Fe2S4_1_x950,Fe2S4_1_x950,Fe2S4_1,False,x950,ALTERMAGNET,mirror/rotoinv|rotation,4,8,Pnnm,ALTERMAGNET,True,3,58.397,495,0.419424,0.035,3.538,-3.538,3.538,0.0,True,0.0
POSCAR_Fe2S4_1_x975,Fe2S4_1_x975,Fe2S4_1,False,x975,ALTERMAGNET,mirror/rotoinv|rotation,4,8,Pnnm,ALTERMAGNET,True,3,58.397,495,0.426688,0.035,3.559,-3.559,3.559,0.0,True,0.0
POSCAR_Fe2S4_1_y025,Fe2S4_1_y025,Fe2S4_1,False,y025,ALTERMAGNET,mirror/rotoinv|rotation,4,8,Pnnm,ALTERMAGNET,True,3,58.397,495,0.427789,0.069,3.591,-3.591,3.591,0.0,True,0.0
POSCAR_Fe2S4_1_y050,Fe2S4_1_y050,Fe2S4_1,False,y050,ALTERMAGNET,mirror/rotoinv|rotation,4,8,Pnnm,ALTERMAGNET,True,3,58.397,495,0.418656,0.039,3.604,-3.604,3.604,0.0,True,0.0
POSCAR_Fe2S4_1_y950,Fe2S4_1_y950,Fe2S4_1,False,y950,ALTERMAGNET,mirror/rotoinv|rotation,4,8,Pnnm,ALTERMAGNET,True,3,58.397,495,0.478339,0.035,3.54,-3.54,3.54,0.0,True,0.0
POSCAR_Fe2S4_1_y975,Fe2S4_1_y975,Fe2S4_1,False,y975,ALTERMAGNET,mirror/rotoinv|rotation,4,8,Pnnm,ALTERMAGNET,True,3,58.397,495,0.456598,0.034,3.559,-3.559,3.559,0.0,True,0.0
POSCAR_Fe2S4_1_z025,Fe2S4_1_z025,Fe2S4_1,False,z025,ALTERMAGNET,mirror/rotoinv|rotation,4,8,Pnnm,ALTERMAGNET,True,3,58.397,495,0.444037,0.037,3.595,-3.595,3.595,0.0,True,0.0
POSCAR_Fe2S4_1_z050,Fe2S4_1_z050,Fe2S4_1,False,z050,ALTERMAGNET,mirror/rotoinv|rotation,4,8,Pnnm,ALTERMAGNET,True,3,58.397,495,0.443206,0.038,3.611,-3.611,3.611,0.0,True,0.0
POSCAR_Fe2S4_1_z950,Fe2S4_1_z950,Fe2S4_1,False,z950,ALTERMAGNET,mirror/rotoinv|rotation,4,8,Pnnm,ALTERMAGNET,True,3,58.397,495,0.46549,0.041,3.526,-3.526,3.526,0.0,True,0.0
POSCAR_Fe2S4_1_z975,Fe2S4_1_z975,Fe2S4_1,False,z975,ALTERMAGNET,mirror/rotoinv|rotation,4,8,Pnnm,ALTERMAGNET,True,3,58.397,495,0.433768,0.039,3.553,-3.553,3.553,0.0,True,0.0
POSCAR_Fe2Se2_1,Fe2Se2_1,Fe2Se2_1,True,none,ALTERMAGNET,mirror/rotoinv|rotation,12,24,P6_3/mmc,ALTERMAGNET,True,3,194.269,1499,0.783086,0.328,3.57,-3.57,3.57,0.0,True,0.0
POSCAR_Fe2Se2_1_st025,Fe2Se2_1_st025,Fe2Se2_1,False,st025,ALTERMAGNET,mirror/rotoinv|rotation,12,24,P6_3/mmc,ALTERMAGNET,True,3,194.269,1499,0.695129,0.408,3.609,-3.609,3.609,0.0,True,0.0
POSCAR_Fe2Se2_1_st050,Fe2Se2_1_st050,Fe2Se2_1,False,st050,ALTERMAGNET,mirror/rotoinv|rotation,12,24,P6_3/mmc,ALTERMAGNET,True,3,194.269,1499,0.618414,0.358,3.64,-3.64,3.64,0.0,True,0.0
POSCAR_Fe2Se2_1_st950,Fe2Se2_1_st950,Fe2Se2_1,False,st950,ALTERMAGNET,mirror/rotoinv|rotation,12,24,P6_3/mmc,ALTERMAGNET,True,3,194.269,1499,0.975839,0.372,3.457,-3.457,3.457,0.0,True,0.0
POSCAR_Fe2Se2_1_st975,Fe2Se2_1_st975,Fe2Se2_1,False,st975,ALTERMAGNET,mirror/rotoinv|rotation,12,24,P6_3/mmc,ALTERMAGNET,True,3,194.269,1499,0.877149,0.346,3.52,-3.52,3.52,0.0,True,0.0
POSCAR_Fe2Se2_1_x025,Fe2Se2_1_x025,Fe2Se2_1,False,x025,ALTERMAGNET,mirror/rotoinv|rotation,2,4,P2_1/m,ALTERMAGNET,True,3,194.269,1499,0.792916,0.474,3.584,-3.584,3.584,0.0,True,0.0
POSCAR_Fe2Se2_1_x950,Fe2Se2_1_x950,Fe2Se2_1,False,x950,ALTERMAGNET,mirror/rotoinv|rotation,2,4,P2_1/m,ALTERMAGNET,True,3,194.269,1499,0.827462,0.356,3.529,-3.529,3.529,0.0,True,0.0
POSCAR_Fe2Se2_1_x975,Fe2Se2_1_x975,Fe2Se2_1,False,x975,ALTERMAGNET,mirror/rotoinv|rotation,4,8,Cmcm,ALTERMAGNET,True,3,194.269,1499,0.810135,0.418,3.555,-3.555,3.555,0.0,True,0.0
POSCAR_Fe2Se2_1_y025,Fe2Se2_1_y025,Fe2Se2_1,False,y025,ALTERMAGNET,mirror/rotoinv|rotation,4,8,Cmcm,ALTERMAGNET,True,3,194.269,1499,0.793546,0.371,3.584,-3.584,3.584,0.0,True,0.0
POSCAR_Fe2Se2_1_y050,Fe2Se2_1_y050,Fe2Se2_1,False,y050,ALTERMAGNET,mirror/rotoinv|rotation,2,4,P2_1/m,ALTERMAGNET,True,3,194.269,1499,0.70893,0.439,3.591,-3.591,3.591,0.0,True,0.0
POSCAR_Fe2Se2_1_y950,Fe2Se2_1_y950,Fe2Se2_1,False,y950,ALTERMAGNET,mirror/rotoinv|rotation,2,4,P2_1/m,ALTERMAGNET,True,3,194.269,1499,0.820531,0.431,3.527,-3.527,3.527,0.0,True,0.0
POSCAR_Fe2Se2_1_y975,Fe2Se2_1_y975,Fe2Se2_1,False,y975,ALTERMAGNET,mirror/rotoinv|rotation,2,4,P2_1/m,ALTERMAGNET,True,3,194.269,1499,0.809219,0.474,3.554,-3.555,3.554,0.001000000000000334,True,0.0
POSCAR_Fe2Se2_1_z025,Fe2Se2_1_z025,Fe2Se2_1,False,z025,ALTERMAGNET,mirror/rotoinv|rotation,12,24,P6_3/mmc,ALTERMAGNET,True,3,194.269,1499,0.772098,0.335,3.584,-3.584,3.584,0.0,True,0.0
POSCAR_Fe2Se2_1_z050,Fe2Se2_1_z050,Fe2Se2_1,False,z050,ALTERMAGNET,mirror/rotoinv|rotation,12,24,P6_3/mmc,ALTERMAGNET,True,3,194.269,1499,0.632281,0.349,3.597,-3.597,3.597,0.0,True,0.0
POSCAR_Fe2Se2_1_z950,Fe2Se2_1_z950,Fe2Se2_1,False,z950,ALTERMAGNET,mirror/rotoinv|rotation,12,24,P6_3/mmc,ALTERMAGNET,True,3,194.269,1499,0.821582,0.355,3.535,-3.535,3.535,0.0,True,0.0
POSCAR_Fe2Se2_1_z975,Fe2Se2_1_z975,Fe2Se2_1,False,z975,ALTERMAGNET,mirror/rotoinv|rotation,12,24,P6_3/mmc,ALTERMAGNET,True,3,194.269,1499,0.86069,0.333,3.554,-3.554,3.554,0.0,True,0.0
POSCAR_Fe2Se4_1,Fe2Se4_1,Fe2Se4_1,True,none,ALTERMAGNET,mirror/rotoinv|rotation,4,8,Pnnm,ALTERMAGNET,True,3,58.397,495,0.463144,0.299,3.567,-3.567,3.567,0.0,True,0.0
POSCAR_Fe2Se4_1_st025,Fe2Se4_1_st025,Fe2Se4_1,False,st025,ALTERMAGNET,mirror/rotoinv|rotation,4,8,Pnnm,ALTERMAGNET,True,3,58.397,495,0.451868,0.293,3.611,-3.611,3.611,0.0,True,0.0
POSCAR_Fe2Se4_1_st050,Fe2Se4_1_st050,Fe2Se4_1,False,st050,ALTERMAGNET,mirror/rotoinv|rotation,4,8,Pnnm,ALTERMAGNET,True,3,58.397,495,0.400561,0.323,3.645,-3.645,3.645,0.0,True,0.0
POSCAR_Fe2Se4_1_st950,Fe2Se4_1_st950,Fe2Se4_1,False,st950,ALTERMAGNET,mirror/rotoinv|rotation,4,8,Pnnm,ALTERMAGNET,True,3,58.397,495,0.429921,0.394,3.432,-3.432,3.432,0.0,True,0.0
POSCAR_Fe2Se4_1_st975,Fe2Se4_1_st975,Fe2Se4_1,False,st975,ALTERMAGNET,mirror/rotoinv|rotation,4,8,Pnnm,ALTERMAGNET,True,3,58.397,495,0.453523,0.349,3.51,-3.51,3.51,0.0,True,0.0
POSCAR_Fe2Se4_1_x025,Fe2Se4_1_x025,Fe2Se4_1,False,x025,ALTERMAGNET,mirror/rotoinv|rotation,4,8,Pnnm,ALTERMAGNET,True,3,58.397,495,0.465244,0.307,3.582,-3.582,3.582,0.0,True,0.0
POSCAR_Fe2Se4_1_x050,Fe2Se4_1_x050,Fe2Se4_1,False,x050,ALTERMAGNET,mirror/rotoinv|rotation,4,8,Pnnm,ALTERMAGNET,True,3,58.397,495,0.464712,0.294,3.596,-3.595,3.596,0.0009999999999998899,True,0.0
POSCAR_Fe2Se4_1_x950,Fe2Se4_1_x950,Fe2Se4_1,False,x950,ALTERMAGNET,mirror/rotoinv|rotation,4,8,Pnnm,ALTERMAGNET,True,3,58.397,495,0.464481,0.334,3.526,-3.526,3.526,0.0,True,0.0
POSCAR_Fe2Se4_1_x975,Fe2Se4_1_x975,Fe2Se4_1,False,x975,ALTERMAGNET,mirror/rotoinv|rotation,4,8,Pnnm,ALTERMAGNET,True,3,58.397,495,0.462569,0.313,3.549,-3.549,3.549,0.0,True,0.0
POSCAR_Fe2Se4_1_y025,Fe2Se4_1_y025,Fe2Se4_1,False,y025,ALTERMAGNET,mirror/rotoinv|rotation,4,8,Pnnm,ALTERMAGNET,True,3,58.397,495,0.441982,0.304,3.58,-3.58,3.58,0.0,True,0.0
POSCAR_Fe2Se4_1_y050,Fe2Se4_1_y050,Fe2Se4_1,False,y050,ALTERMAGNET,mirror/rotoinv|rotation,4,8,Pnnm,ALTERMAGNET,True,3,58.397,495,0.425202,0.324,3.592,-3.592,3.592,0.0,True,0.0
POSCAR_Fe2Se4_1_y950,Fe2Se4_1_y950,Fe2Se4_1,False,y950,ALTERMAGNET,mirror/rotoinv|rotation,4,8,Pnnm,ALTERMAGNET,True,3,58.397,495,0.499109,0.331,3.534,-3.534,3.534,0.0,True,0.0
POSCAR_Fe2Se4_1_y975,Fe2Se4_1_y975,Fe2Se4_1,False,y975,ALTERMAGNET,mirror/rotoinv|rotation,4,8,Pnnm,ALTERMAGNET,True,3,58.397,495,0.487885,0.315,3.552,-3.551,3.552,0.0009999999999998899,True,0.0
POSCAR_Fe2Se4_1_z025,Fe2Se4_1_z025,Fe2Se4_1,False,z025,ALTERMAGNET,mirror/rotoinv|rotation,4,8,Pnnm,ALTERMAGNET,True,3,58.397,495,0.456044,0.298,3.584,-3.584,3.584,0.0,True,0.0
POSCAR_Fe2Se4_1_z050,Fe2Se4_1_z050,Fe2Se4_1,False,z050,ALTERMAGNET,mirror/rotoinv|rotation,4,8,Pnnm,ALTERMAGNET,True,3,58.397,495,0.412051,0.294,3.598,-3.598,3.598,0.0,True,0.0
POSCAR_Fe2Se4_1_z950,Fe2Se4_1_z950,Fe2Se4_1,False,z950,ALTERMAGNET,mirror/rotoinv|rotation,4,8,Pnnm,ALTERMAGNET,True,3,58.397,495,0.406915,0.341,3.522,-3.522,3.522,0.0,True,0.0
POSCAR_Fe2Se4_1_z975,Fe2Se4_1_z975,Fe2Se4_1,False,z975,ALTERMAGNET,mirror/rotoinv|rotation,4,8,Pnnm,ALTERMAGNET,True,3,58.397,495,0.435,0.323,3.547,-3.546,3.547,0.001000000000000334,True,0.0
POSCAR_Fe2Se8_1,Fe2Se8_1,Fe2Se8_1,True,none,conventional_AFM_inversion,inversion|mirror/rotoinv,8,16,P4/mcc,conventional_AFM_inversion,True,3,124.359,1019,0.010332,0.309,3.74,-3.74,3.74,0.0,True,0.0
POSCAR_Fe2Se8_1_st950,Fe2Se8_1_st950,Fe2Se8_1,False,st950,conventional_AFM_inversion,inversion|mirror/rotoinv,8,16,P4/mcc,conventional_AFM_inversion,True,3,124.359,1019,0.011152,0.191,3.624,-3.624,3.624,0.0,True,0.0
POSCAR_Fe2Se8_1_st975,Fe2Se8_1_st975,Fe2Se8_1,False,st975,conventional_AFM_inversion,inversion|mirror/rotoinv,8,16,P4/mcc,conventional_AFM_inversion,True,3,124.359,1019,0.010772,0.31,3.69,-3.69,3.69,0.0,True,0.0
POSCAR_Fe2Se8_1_x025,Fe2Se8_1_x025,Fe2Se8_1,False,x025,conventional_AFM_inversion,inversion|mirror/rotoinv,8,16,P4/mcc,conventional_AFM_inversion,True,3,124.359,1019,0.011136,0.896,3.755,-3.754,3.755,0.0009999999999998899,True,0.001
POSCAR_Fe2Se8_1_x050,Fe2Se8_1_x050,Fe2Se8_1,False,x050,conventional_AFM_inversion,inversion|mirror/rotoinv,8,16,P4/mcc,conventional_AFM_inversion,True,3,124.359,1019,0.009204,0.27,3.762,-3.762,3.762,0.0,True,0.001
POSCAR_Fe2Se8_1_x950,Fe2Se8_1_x950,Fe2Se8_1,False,x950,conventional_AFM_inversion,inversion|mirror/rotoinv,8,16,P4/mcc,conventional_AFM_inversion,True,3,124.359,1019,0.012343,0.252,3.695,-3.695,3.695,0.0,True,0.0
POSCAR_Fe2Se8_1_x975,Fe2Se8_1_x975,Fe2Se8_1,False,x975,conventional_AFM_inversion,inversion|mirror/rotoinv,8,16,P4/mcc,conventional_AFM_inversion,True,3,124.359,1019,0.011887,0.327,3.72,-3.72,3.72,0.0,True,0.001
POSCAR_Fe2Se8_1_y025,Fe2Se8_1_y025,Fe2Se8_1,False,y025,conventional_AFM_inversion,inversion|mirror/rotoinv,4,8,Pccm,conventional_AFM_inversion,True,3,124.359,1019,0.010178,0.785,3.751,-3.751,3.751,0.0,True,0.001
POSCAR_Fe2Se8_1_y050,Fe2Se8_1_y050,Fe2Se8_1,False,y050,conventional_AFM_inversion,inversion|mirror/rotoinv,4,8,Pccm,conventional_AFM_inversion,True,3,124.359,1019,0.010682,0.538,3.761,-3.76,3.761,0.001000000000000334,True,0.002
POSCAR_Fe2Se8_1_y975,Fe2Se8_1_y975,Fe2Se8_1,False,y975,conventional_AFM_inversion,inversion|mirror/rotoinv,4,8,Pccm,conventional_AFM_inversion,True,3,124.359,1019,0.01063,0.479,3.725,-3.725,3.725,0.0,True,0.0
POSCAR_Fe2Se8_1_z025,Fe2Se8_1_z025,Fe2Se8_1,False,z025,conventional_AFM_inversion,inversion|mirror/rotoinv,4,8,Pccm,conventional_AFM_inversion,True,3,124.359,1019,0.010983,0.492,3.751,-3.751,3.751,0.0,True,0.0
POSCAR_Fe2Se8_1_z050,Fe2Se8_1_z050,Fe2Se8_1,False,z050,conventional_AFM_inversion,inversion|mirror/rotoinv,4,8,Pccm,conventional_AFM_inversion,True,3,124.359,1019,0.012213,0.297,3.761,-3.761,3.761,0.0,True,0.0
POSCAR_Fe2Se8_1_z975,Fe2Se8_1_z975,Fe2Se8_1,False,z975,conventional_AFM_inversion,inversion|mirror/rotoinv,4,8,Pccm,conventional_AFM_inversion,True,3,124.359,1019,0.010115,1.12,3.725,-3.725,3.725,0.0,True,0.002
POSCAR_Fe2Si2_3,Fe2Si2_3,Fe2Si2_3,True,none,ALTERMAGNET,mirror/rotoinv|rotation,12,24,P6_3/mmc,ALTERMAGNET,True,3,194.269,1499,0.663874,0.561,2.632,-2.632,2.632,0.0,True,0.0
POSCAR_Fe2Si2_3_st025,Fe2Si2_3_st025,Fe2Si2_3,False,st025,ALTERMAGNET,mirror/rotoinv|rotation,12,24,P6_3/mmc,ALTERMAGNET,True,3,194.269,1499,0.885518,0.265,2.836,-2.836,2.836,0.0,True,0.0
POSCAR_Fe2Si2_3_st050,Fe2Si2_3_st050,Fe2Si2_3,False,st050,ALTERMAGNET,mirror/rotoinv|rotation,12,24,P6_3/mmc,ALTERMAGNET,True,3,194.269,1499,1.148281,0.222,3.002,-3.002,3.002,0.0,True,0.0
POSCAR_Fe2Si2_3_st950,Fe2Si2_3_st950,Fe2Si2_3,False,st950,ALTERMAGNET,mirror/rotoinv|rotation,12,24,P6_3/mmc,ALTERMAGNET,True,3,194.269,1499,0.387522,1.218,2.198,-2.198,2.198,0.0,True,0.001
POSCAR_Fe2Si2_3_st975,Fe2Si2_3_st975,Fe2Si2_3,False,st975,ALTERMAGNET,mirror/rotoinv|rotation,12,24,P6_3/mmc,ALTERMAGNET,True,3,194.269,1499,0.482542,0.339,2.411,-2.411,2.411,0.0,True,0.0
POSCAR_Fe2Si2_3_x025,Fe2Si2_3_x025,Fe2Si2_3,False,x025,ALTERMAGNET,mirror/rotoinv|rotation,4,8,Cmcm,ALTERMAGNET,True,3,194.269,1499,0.75042,1.558,2.715,-2.714,2.715,0.0009999999999998899,True,0.001
POSCAR_Fe2Si2_3_x050,Fe2Si2_3_x050,Fe2Si2_3,False,x050,ALTERMAGNET,mirror/rotoinv|rotation,2,4,P2_1/m,ALTERMAGNET,True,3,194.269,1499,0.892828,1.043,2.777,-2.777,2.777,0.0,True,0.0
POSCAR_Fe2Si2_3_x950,Fe2Si2_3_x950,Fe2Si2_3,False,x950,ALTERMAGNET,mirror/rotoinv|rotation,2,4,P2_1/m,ALTERMAGNET,True,3,194.269,1499,0.526684,3.628,2.474,-2.476,2.474,0.0019999999999997797,True,0.003
POSCAR_Fe2Si2_3_x975,Fe2Si2_3_x975,Fe2Si2_3,False,x975,ALTERMAGNET,mirror/rotoinv|rotation,4,8,Cmcm,ALTERMAGNET,True,3,194.269,1499,0.596603,0.917,2.545,-2.546,2.545,0.0009999999999998899,True,0.001
POSCAR_Fe2Si2_3_y025,Fe2Si2_3_y025,Fe2Si2_3,False,y025,ALTERMAGNET,mirror/rotoinv|rotation,4,8,Cmcm,ALTERMAGNET,True,3,194.269,1499,0.764984,0.858,2.711,-2.71,2.711,0.0009999999999998899,True,0.001
POSCAR_Fe2Si2_3_y050,Fe2Si2_3_y050,Fe2Si2_3,False,y050,ALTERMAGNET,mirror/rotoinv|rotation,2,4,P2_1/m,ALTERMAGNET,True,3,194.269,1499,0.91,1.304,2.776,-2.775,2.776,0.0009999999999998899,True,0.002
POSCAR_Fe2Si2_3_y950,Fe2Si2_3_y950,Fe2Si2_3,False,y950,ALTERMAGNET,mirror/rotoinv|rotation,2,4,P2_1/m,ALTERMAGNET,True,3,194.269,1499,0.556485,1.507,2.478,-2.48,2.478,0.0019999999999997797,True,0.002
POSCAR_Fe2Si2_3_y975,Fe2Si2_3_y975,Fe2Si2_3,False,y975,ALTERMAGNET,mirror/rotoinv|rotation,4,8,Cmcm,ALTERMAGNET,True,3,194.269,1499,0.586776,1.335,2.544,-2.545,2.544,0.0009999999999998899,True,0.002
POSCAR_Fe2Si2_3_z025,Fe2Si2_3_z025,Fe2Si2_3,False,z025,ALTERMAGNET,mirror/rotoinv|rotation,12,24,P6_3/mmc,ALTERMAGNET,True,3,194.269,1499,0.749432,0.309,2.713,-2.713,2.713,0.0,True,0.0
POSCAR_Fe2Si2_3_z050,Fe2Si2_3_z050,Fe2Si2_3,False,z050,ALTERMAGNET,mirror/rotoinv|rotation,12,24,P6_3/mmc,ALTERMAGNET,True,3,194.269,1499,0.847995,0.245,2.784,-2.784,2.784,0.0,True,0.0
POSCAR_Fe2Si2_3_z950,Fe2Si2_3_z950,Fe2Si2_3,False,z950,ALTERMAGNET,mirror/rotoinv|rotation,12,24,P6_3/mmc,ALTERMAGNET,True,3,194.269,1499,0.543913,1.114,2.476,-2.475,2.476,0.0009999999999998899,True,0.001
POSCAR_Fe2Si2_3_z975,Fe2Si2_3_z975,Fe2Si2_3,False,z975,ALTERMAGNET,mirror/rotoinv|rotation,12,24,P6_3/mmc,ALTERMAGNET,True,3,194.269,1499,0.562156,0.293,2.538,-2.538,2.538,0.0,True,0.0
POSCAR_Fe2Si2_4,Fe2Si2_4,Fe2Si2_4,True,none,conventional_AFM_inversion,inversion|mirror/rotoinv|rotation,8,16,P4/nmm,conventional_AFM_inversion,True,3,129.413,1073,0.021775,2.776,2.681,-2.683,2.681,0.0019999999999997797,True,0.002
POSCAR_Fe2Si2_4_st025,Fe2Si2_4_st025,Fe2Si2_4,False,st025,conventional_AFM_inversion,inversion|mirror/rotoinv|rotation,8,16,P4/nmm,conventional_AFM_inversion,True,3,129.413,1073,0.018361,4.074,2.982,-2.984,2.982,0.0019999999999997797,True,0.002
POSCAR_Fe2Si2_4_x050,Fe2Si2_4_x050,Fe2Si2_4,False,x050,conventional_AFM_inversion,inversion|mirror/rotoinv|rotation,4,8,Pmmn,conventional_AFM_inversion,True,3,129.413,1073,0.002876,0.939,2.744,-2.745,2.744,0.0009999999999998899,True,0.001
POSCAR_Fe2Si2_4_x950,Fe2Si2_4_x950,Fe2Si2_4,False,x950,conventional_AFM_inversion,inversion|mirror/rotoinv|rotation,4,8,Pmmn,conventional_AFM_inversion,True,3,129.413,1073,0.002862,1.044,2.51,-2.511,2.51,0.001000000000000334,True,0.001
POSCAR_Fe2Si2_4_y025,Fe2Si2_4_y025,Fe2Si2_4,False,y025,conventional_AFM_inversion,inversion|mirror/rotoinv|rotation,4,8,Pmmn,conventional_AFM_inversion,True,3,129.413,1073,0.023373,7.519,2.81,-2.81,2.81,0.0,True,0.0
POSCAR_Fe2Si2_4_y050,Fe2Si2_4_y050,Fe2Si2_4,False,y050,conventional_AFM_inversion,inversion|mirror/rotoinv|rotation,4,8,Pmmn,conventional_AFM_inversion,True,3,129.413,1073,0.00272,0.94,2.745,-2.745,2.745,0.0,True,0.001
POSCAR_Fe2Si2_4_y950,Fe2Si2_4_y950,Fe2Si2_4,False,y950,conventional_AFM_inversion,inversion|mirror/rotoinv|rotation,4,8,Pmmn,conventional_AFM_inversion,True,3,129.413,1073,0.002885,1.011,2.51,-2.511,2.51,0.001000000000000334,True,0.001
POSCAR_Fe2Si2_4_y975,Fe2Si2_4_y975,Fe2Si2_4,False,y975,conventional_AFM_inversion,inversion|mirror/rotoinv|rotation,4,8,Pmmn,conventional_AFM_inversion,True,3,129.413,1073,0.00964,5.29,2.604,-2.607,2.604,0.0030000000000001137,True,0.003
POSCAR_Fe2Si2_4_z025,Fe2Si2_4_z025,Fe2Si2_4,False,z025,conventional_AFM_inversion,inversion|mirror/rotoinv|rotation,8,16,P4/nmm,conventional_AFM_inversion,True,3,129.413,1073,0.004747,3.075,2.731,-2.734,2.731,0.0030000000000001137,True,0.003
POSCAR_Fe2Si2_4_z050,Fe2Si2_4_z050,Fe2Si2_4,False,z050,conventional_AFM_inversion,inversion|mirror/rotoinv|rotation,8,16,P4/nmm,conventional_AFM_inversion,True,3,129.413,1073,0.007635,2.991,2.79,-2.793,2.79,0.0030000000000001137,True,0.003
POSCAR_Fe2Si2_4_z975,Fe2Si2_4_z975,Fe2Si2_4,False,z975,conventional_AFM_inversion,inversion|mirror/rotoinv|rotation,8,16,P4/nmm,conventional_AFM_inversion,True,3,129.413,1073,0.010075,2.336,2.647,-2.648,2.647,0.001000000000000334,True,0.001
POSCAR_Fe2Sn10_2,Fe2Sn10_2,Fe2Sn10_2,True,none,conventional_AFM_inversion,inversion|mirror/rotoinv,8,16,I4/mcm,conventional_AFM_inversion,True,3,140.549,1209,0.017378,0.649,3.35,-3.351,3.35,0.0009999999999998899,True,0.001
POSCAR_Fe2Sn10_2_st025,Fe2Sn10_2_st025,Fe2Sn10_2,False,st025,conventional_AFM_inversion,inversion|mirror/rotoinv,8,16,I4/mcm,conventional_AFM_inversion,True,3,140.549,1209,0.010209,0.264,3.44,-3.44,3.44,0.0,True,0.0
POSCAR_Fe2Sn10_2_st975,Fe2Sn10_2_st975,Fe2Sn10_2,False,st975,conventional_AFM_inversion,inversion|mirror/rotoinv,8,16,I4/mcm,conventional_AFM_inversion,True,3,140.549,1209,0.011509,0.551,3.23,-3.23,3.23,0.0,True,0.001
POSCAR_Fe2Sn10_2_x025,Fe2Sn10_2_x025,Fe2Sn10_2,False,x025,conventional_AFM_inversion,inversion|mirror/rotoinv,2,4,C2/c,conventional_AFM_inversion,True,3,140.549,1209,0.00447,0.497,3.364,-3.363,3.364,0.0009999999999998899,True,0.0
POSCAR_Fe2Sn10_2_x950,Fe2Sn10_2_x950,Fe2Sn10_2,False,x950,conventional_AFM_inversion,inversion|mirror/rotoinv,2,4,C2/c,conventional_AFM_inversion,True,3,140.549,1209,0.004398,0.438,3.277,-3.277,3.277,0.0,True,0.0
POSCAR_Fe2Sn10_2_x975,Fe2Sn10_2_x975,Fe2Sn10_2,False,x975,conventional_AFM_inversion,inversion|mirror/rotoinv,2,4,C2/c,conventional_AFM_inversion,True,3,140.549,1209,0.052604,2.072,3.314,-3.314,3.314,0.0,True,0.004
POSCAR_Fe2Sn10_2_y025,Fe2Sn10_2_y025,Fe2Sn10_2,False,y025,conventional_AFM_inversion,inversion|mirror/rotoinv,2,4,C2/c,conventional_AFM_inversion,True,3,140.549,1209,0.00932,0.85,3.365,-3.364,3.365,0.001000000000000334,True,0.001
POSCAR_Fe2Sn10_2_y050,Fe2Sn10_2_y050,Fe2Sn10_2,False,y050,conventional_AFM_inversion,inversion|mirror/rotoinv,2,4,C2/c,conventional_AFM_inversion,True,3,140.549,1209,0.011328,0.83,3.39,-3.391,3.39,0.0009999999999998899,True,0.004
POSCAR_Fe2Sn10_2_y950,Fe2Sn10_2_y950,Fe2Sn10_2,False,y950,conventional_AFM_inversion,inversion|mirror/rotoinv,2,4,C2/c,conventional_AFM_inversion,True,3,140.549,1209,0.009996,0.569,3.277,-3.277,3.277,0.0,True,0.002
POSCAR_Fe2Sn10_2_y975,Fe2Sn10_2_y975,Fe2Sn10_2,False,y975,conventional_AFM_inversion,inversion|mirror/rotoinv,2,4,C2/c,conventional_AFM_inversion,True,3,140.549,1209,0.016967,0.596,3.313,-3.313,3.313,0.0,True,0.001
POSCAR_Fe2Sn10_2_z025,Fe2Sn10_2_z025,Fe2Sn10_2,False,z025,conventional_AFM_inversion,inversion|mirror/rotoinv,2,4,C2/m,conventional_AFM_inversion,True,3,140.549,1209,0.00716,0.457,3.382,-3.383,3.382,0.0009999999999998899,True,0.001
POSCAR_Fe2Sn10_2_z050,Fe2Sn10_2_z050,Fe2Sn10_2,False,z050,conventional_AFM_inversion,inversion|mirror/rotoinv,2,4,C2/m,conventional_AFM_inversion,True,3,140.549,1209,0.006084,0.708,3.412,-3.412,3.412,0.0,True,0.003
POSCAR_Fe2Sn10_2_z950,Fe2Sn10_2_z950,Fe2Sn10_2,False,z950,conventional_AFM_inversion,inversion|mirror/rotoinv,2,4,C2/m,conventional_AFM_inversion,True,3,140.549,1209,0.010409,0.434,3.156,-3.155,3.156,0.001000000000000334,True,0.002
POSCAR_Fe2Sn2_1,Fe2Sn2_1,Fe2Sn2_1,True,none,ALTERMAGNET,mirror/rotoinv|rotation,2,4,C2/c,ALTERMAGNET,True,3,15.89,96,0.907674,2.816,3.092,-3.09,3.092,0.002000000000000224,True,0.002
POSCAR_Fe2Sn2_1_st050,Fe2Sn2_1_st050,Fe2Sn2_1,False,st050,ALTERMAGNET,mirror/rotoinv|rotation,2,4,C2/c,ALTERMAGNET,True,3,15.89,96,0.625562,1.736,3.173,-3.174,3.173,0.0009999999999998899,True,0.001
POSCAR_Fe2Sn2_1_st975,Fe2Sn2_1_st975,Fe2Sn2_1,False,st975,ALTERMAGNET,mirror/rotoinv|rotation,2,4,C2/c,ALTERMAGNET,True,3,15.89,96,1.063757,2.672,3.024,-3.024,3.024,0.0,True,0.0
POSCAR_Fe2Sn2_1_z025,Fe2Sn2_1_z025,Fe2Sn2_1,False,z025,ALTERMAGNET,mirror/rotoinv|rotation,2,4,C2/c,ALTERMAGNET,True,3,15.89,96,0.854956,2.275,3.117,-3.117,3.117,0.0,True,0.002
POSCAR_Fe2Sn2_1_z950,Fe2Sn2_1_z950,Fe2Sn2_1,False,z950,ALTERMAGNET,mirror/rotoinv|rotation,2,4,C2/c,ALTERMAGNET,True,3,15.89,96,1.214414,6.403,2.966,-2.965,2.966,0.001000000000000334,True,0.002
POSCAR_Fe2Sn3_1,Fe2Sn3_1,Fe2Sn3_1,True,none,conventional_AFM_inversion,inversion,1,2,P-1,conventional_AFM_inversion,True,3,2.6,6,0.031105,3.41,3.111,-3.11,3.111,0.001000000000000334,True,0.001
POSCAR_Fe2Sn3_1_st025,Fe2Sn3_1_st025,Fe2Sn3_1,False,st025,conventional_AFM_inversion,inversion,1,2,P-1,conventional_AFM_inversion,True,3,2.6,6,0.032701,3.368,3.175,-3.172,3.175,0.0029999999999996696,True,0.003
POSCAR_Fe2Sn3_1_st050,Fe2Sn3_1_st050,Fe2Sn3_1,False,st050,conventional_AFM_inversion,inversion,1,2,P-1,conventional_AFM_inversion,True,3,2.6,6,0.033459,3.891,3.223,-3.222,3.223,0.0009999999999998899,True,0.001
POSCAR_Fe2Sn3_1_st975,Fe2Sn3_1_st975,Fe2Sn3_1,False,st975,conventional_AFM_inversion,inversion,1,2,P-1,conventional_AFM_inversion,True,3,2.6,6,0.024752,3.459,3.04,-3.039,3.04,0.0009999999999998899,True,0.0
POSCAR_Fe2Sn3_1_x025,Fe2Sn3_1_x025,Fe2Sn3_1,False,x025,conventional_AFM_inversion,inversion,1,2,P-1,conventional_AFM_inversion,True,3,2.6,6,0.026797,3.755,3.119,-3.119,3.119,0.0,True,0.001
POSCAR_Fe2Sn3_1_x050,Fe2Sn3_1_x050,Fe2Sn3_1,False,x050,conventional_AFM_inversion,inversion,1,2,P-1,conventional_AFM_inversion,True,3,2.6,6,0.02625,3.904,3.127,-3.127,3.127,0.0,True,0.0
POSCAR_Fe2Sn3_1_x975,Fe2Sn3_1_x975,Fe2Sn3_1,False,x975,conventional_AFM_inversion,inversion,1,2,P-1,conventional_AFM_inversion,True,3,2.6,6,0.038668,3.702,3.094,-3.092,3.094,0.0019999999999997797,True,0.002
POSCAR_Fe2Sn3_1_y025,Fe2Sn3_1_y025,Fe2Sn3_1,False,y025,conventional_AFM_inversion,inversion,1,2,P-1,conventional_AFM_inversion,True,3,2.6,6,0.077003,4.501,3.133,-3.135,3.133,0.0019999999999997797,True,0.001
POSCAR_Fe2Sn3_1_y050,Fe2Sn3_1_y050,Fe2Sn3_1,False,y050,conventional_AFM_inversion,inversion,1,2,P-1,conventional_AFM_inversion,True,3,2.6,6,0.038503,3.179,3.155,-3.154,3.155,0.0009999999999998899,True,0.0
POSCAR_Fe2Sn3_1_y975,Fe2Sn3_1_y975,Fe2Sn3_1,False,y975,conventional_AFM_inversion,inversion,1,2,P-1,conventional_AFM_inversion,True,3,2.6,6,0.024814,3.52,3.077,-3.076,3.077,0.0009999999999998899,True,0.001
POSCAR_Fe2Sn3_1_z025,Fe2Sn3_1_z025,Fe2Sn3_1,False,z025,conventional_AFM_inversion,inversion,1,2,P-1,conventional_AFM_inversion,True,3,2.6,6,0.02949,3.488,3.13,-3.129,3.13,0.0009999999999998899,True,0.001
POSCAR_Fe2Sn3_1_z050,Fe2Sn3_1_z050,Fe2Sn3_1,False,z050,conventional_AFM_inversion,inversion,1,2,P-1,conventional_AFM_inversion,True,3,2.6,6,0.031457,3.309,3.116,-3.115,3.116,0.0009999999999998899,True,0.001
POSCAR_Fe2Sn3_1_z950,Fe2Sn3_1_z950,Fe2Sn3_1,False,z950,conventional_AFM_inversion,inversion,1,2,P-1,conventional_AFM_inversion,True,3,2.6,6,0.031952,3.88,3.058,-3.055,3.058,0.0029999999999996696,True,0.003
POSCAR_Fe2Sn3_1_z975,Fe2Sn3_1_z975,Fe2Sn3_1,False,z975,conventional_AFM_inversion,inversion,1,2,P-1,conventional_AFM_inversion,True,3,2.6,6,0.02595,3.626,3.086,-3.084,3.086,0.0019999999999997797,True,0.003
POSCAR_Fe2Sn4_3,Fe2Sn4_3,Fe2Sn4_3,True,none,ALTERMAGNET,mirror/rotoinv|rotation,4,8,Pnnm,ALTERMAGNET,True,3,58.397,495,0.65794,0.64,3.068,-3.069,3.068,0.0009999999999998899,True,0.001
POSCAR_Fe2Sn4_3_st025,Fe2Sn4_3_st025,Fe2Sn4_3,False,st025,ALTERMAGNET,mirror/rotoinv|rotation,4,8,Pnnm,ALTERMAGNET,True,3,58.397,495,0.621082,0.567,3.117,-3.117,3.117,0.0,True,0.0
POSCAR_Fe2Sn4_3_st050,Fe2Sn4_3_st050,Fe2Sn4_3,False,st050,ALTERMAGNET,mirror/rotoinv,1,2,Pc,ALTERMAGNET,True,3,58.397,495,0.585978,0.602,3.155,-3.155,3.155,0.0,True,0.002
POSCAR_Fe2Sn4_3_st950,Fe2Sn4_3_st950,Fe2Sn4_3,False,st950,ALTERMAGNET,mirror/rotoinv|rotation,4,8,Pnnm,ALTERMAGNET,True,3,58.397,495,0.750705,0.666,2.921,-2.921,2.921,0.0,True,0.0
POSCAR_Fe2Sn4_3_st975,Fe2Sn4_3_st975,Fe2Sn4_3,False,st975,ALTERMAGNET,mirror/rotoinv|rotation,4,8,Pnnm,ALTERMAGNET,True,3,58.397,495,0.696606,0.92,3.006,-3.006,3.006,0.0,True,0.002
POSCAR_Fe2Sn4_3_x025,Fe2Sn4_3_x025,Fe2Sn4_3,False,x025,ALTERMAGNET,mirror/rotoinv|rotation,4,8,Pnnm,ALTERMAGNET,True,3,58.397,495,0.623912,0.87,3.088,-3.087,3.088,0.0009999999999998899,True,0.002
POSCAR_Fe2Sn4_3_x050,Fe2Sn4_3_x050,Fe2Sn4_3,False,x050,ALTERMAGNET,mirror/rotoinv|rotation,4,8,Pnnm,ALTERMAGNET,True,3,58.397,495,0.593179,0.805,3.105,-3.105,3.105,0.0,True,0.0
POSCAR_Fe2Sn4_3_x950,Fe2Sn4_3_x950,Fe2Sn4_3,False,x950,ALTERMAGNET,mirror/rotoinv|rotation,4,8,Pnnm,ALTERMAGNET,True,3,58.397,495,0.723683,0.616,3.024,-3.024,3.024,0.0,True,0.001
POSCAR_Fe2Sn4_3_x975,Fe2Sn4_3_x975,Fe2Sn4_3,False,x975,ALTERMAGNET,mirror/rotoinv|rotation,4,8,Pnnm,ALTERMAGNET,True,3,58.397,495,0.692788,0.625,3.051,-3.051,3.051,0.0,True,0.0
POSCAR_Fe2Sn4_3_y025,Fe2Sn4_3_y025,Fe2Sn4_3,False,y025,ALTERMAGNET,mirror/rotoinv|rotation,4,8,Pnnm,ALTERMAGNET,True,3,58.397,495,0.620565,0.584,3.082,-3.082,3.082,0.0,True,0.001
POSCAR_Fe2Sn4_3_y050,Fe2Sn4_3_y050,Fe2Sn4_3,False,y050,ALTERMAGNET,mirror/rotoinv|rotation,4,8,Pnnm,ALTERMAGNET,True,3,58.397,495,0.580182,0.572,3.093,-3.092,3.093,0.0009999999999998899,True,0.001
POSCAR_Fe2Sn4_3_y950,Fe2Sn4_3_y950,Fe2Sn4_3,False,y950,ALTERMAGNET,mirror/rotoinv|rotation,4,8,Pnnm,ALTERMAGNET,True,3,58.397,495,0.744264,0.728,3.035,-3.035,3.035,0.0,True,0.0
POSCAR_Fe2Sn4_3_y975,Fe2Sn4_3_y975,Fe2Sn4_3,False,y975,ALTERMAGNET,mirror/rotoinv|rotation,4,8,Pnnm,ALTERMAGNET,True,3,58.397,495,0.702621,0.752,3.053,-3.053,3.053,0.0,True,0.0
POSCAR_Fe2Sn4_3_z025,Fe2Sn4_3_z025,Fe2Sn4_3,False,z025,ALTERMAGNET,mirror/rotoinv|rotation,4,8,Pnnm,ALTERMAGNET,True,3,58.397,495,0.688777,0.6,3.086,-3.087,3.086,0.001000000000000334,True,0.001
POSCAR_Fe2Sn4_3_z050,Fe2Sn4_3_z050,Fe2Sn4_3,False,z050,ALTERMAGNET,mirror/rotoinv,1,2,Pc,ALTERMAGNET,True,3,58.397,495,0.709362,0.57,3.103,-3.103,3.103,0.0,True,0.0
POSCAR_Fe2Sn4_3_z950,Fe2Sn4_3_z950,Fe2Sn4_3,False,z950,ALTERMAGNET,mirror/rotoinv|rotation,4,8,Pnnm,ALTERMAGNET,True,3,58.397,495,0.569504,0.658,3.023,-3.023,3.023,0.0,True,0.0
POSCAR_Fe2Sn4_3_z975,Fe2Sn4_3_z975,Fe2Sn4_3,False,z975,ALTERMAGNET,mirror/rotoinv|rotation,4,8,Pnnm,ALTERMAGNET,True,3,58.397,495,0.618607,0.703,3.05,-3.05,3.05,0.0,True,0.001
POSCAR_Fe2Sn8_2,Fe2Sn8_2,Fe2Sn8_2,True,none,conventional_AFM_inversion,inversion|mirror/rotoinv,2,4,C2/m,conventional_AFM_inversion,True,3,12.61,68,0.014349,0.86,3.111,-3.113,3.111,0.0019999999999997797,True,0.004
POSCAR_Fe2Sn8_2_st025,Fe2Sn8_2_st025,Fe2Sn8_2,False,st025,conventional_AFM_inversion,inversion|mirror/rotoinv,2,4,C2/m,conventional_AFM_inversion,True,3,12.61,68,0.010924,0.712,3.235,-3.235,3.235,0.0,True,0.001
POSCAR_Fe2Sn8_2_x025,Fe2Sn8_2_x025,Fe2Sn8_2,False,x025,conventional_AFM_inversion,inversion,1,2,P-1,conventional_AFM_inversion,True,3,12.61,68,0.010574,0.821,3.152,-3.152,3.152,0.0,True,0.0
POSCAR_Fe2Sn8_2_x950,Fe2Sn8_2_x950,Fe2Sn8_2,False,x950,conventional_AFM_inversion,inversion,1,2,P-1,conventional_AFM_inversion,True,3,12.61,68,0.008603,0.561,3.023,-3.024,3.023,0.0009999999999998899,True,0.001
POSCAR_Fe2Sn8_2_x975,Fe2Sn8_2_x975,Fe2Sn8_2,False,x975,conventional_AFM_inversion,inversion,1,2,P-1,conventional_AFM_inversion,True,3,12.61,68,0.007351,0.354,3.069,-3.069,3.069,0.0,True,0.0
POSCAR_Fe2Sn8_2_y950,Fe2Sn8_2_y950,Fe2Sn8_2,False,y950,conventional_AFM_inversion,inversion,1,2,P-1,conventional_AFM_inversion,True,3,12.61,68,0.011299,0.768,3.019,-3.019,3.019,0.0,True,0.001
POSCAR_Fe2Sn8_2_y975,Fe2Sn8_2_y975,Fe2Sn8_2,False,y975,conventional_AFM_inversion,inversion,1,2,P-1,conventional_AFM_inversion,True,3,12.61,68,0.006448,0.395,3.068,-3.07,3.068,0.0019999999999997797,True,0.003
POSCAR_Fe2Sn8_2_z025,Fe2Sn8_2_z025,Fe2Sn8_2,False,z025,conventional_AFM_inversion,inversion|mirror/rotoinv,2,4,C2/m,conventional_AFM_inversion,True,3,12.61,68,0.005729,0.207,3.162,-3.163,3.162,0.0009999999999998899,True,0.001
POSCAR_Fe2Sn8_2_z050,Fe2Sn8_2_z050,Fe2Sn8_2,False,z050,conventional_AFM_inversion,inversion|mirror/rotoinv,2,4,C2/m,conventional_AFM_inversion,True,3,12.61,68,0.008494,0.454,3.209,-3.21,3.209,0.0009999999999998899,True,0.0
POSCAR_Fe2Sn8_2_z950,Fe2Sn8_2_z950,Fe2Sn8_2,False,z950,conventional_AFM_inversion,inversion|mirror/rotoinv,2,4,C2/m,conventional_AFM_inversion,True,3,12.61,68,0.099564,1.242,2.997,-2.996,2.997,0.0009999999999998899,True,0.003
POSCAR_Fe2Sn8_2_z975,Fe2Sn8_2_z975,Fe2Sn8_2,False,z975,conventional_AFM_inversion,inversion|mirror/rotoinv,2,4,C2/m,conventional_AFM_inversion,True,3,12.61,68,0.006726,0.221,3.055,-3.055,3.055,0.0,True,0.0
POSCAR_Fe2Te2_1,Fe2Te2_1,Fe2Te2_1,True,none,ALTERMAGNET,mirror/rotoinv|rotation,4,8,Cmcm,ALTERMAGNET,True,3,63.463,561,0.928636,0.395,3.496,-3.496,3.496,0.0,True,0.0
POSCAR_Fe2Te2_1_st025,Fe2Te2_1_st025,Fe2Te2_1,False,st025,ALTERMAGNET,mirror/rotoinv|rotation,4,8,Cmcm,ALTERMAGNET,True,3,63.463,561,0.794361,0.305,3.545,-3.545,3.545,0.0,True,0.0
POSCAR_Fe2Te2_1_st050,Fe2Te2_1_st050,Fe2Te2_1,False,st050,ALTERMAGNET,mirror/rotoinv|rotation,4,8,Cmcm,ALTERMAGNET,True,3,63.463,561,0.67724,0.29,3.585,-3.585,3.585,0.0,True,0.0
POSCAR_Fe2Te2_1_st950,Fe2Te2_1_st950,Fe2Te2_1,False,st950,ALTERMAGNET,mirror/rotoinv|rotation,4,8,Cmcm,ALTERMAGNET,True,3,63.463,561,1.231977,0.412,3.353,-3.353,3.353,0.0,True,0.0
POSCAR_Fe2Te2_1_st975,Fe2Te2_1_st975,Fe2Te2_1,False,st975,ALTERMAGNET,mirror/rotoinv|rotation,4,8,Cmcm,ALTERMAGNET,True,3,63.463,561,1.060975,0.387,3.434,-3.434,3.434,0.0,True,0.0
POSCAR_Fe2Te2_1_x025,Fe2Te2_1_x025,Fe2Te2_1,False,x025,ALTERMAGNET,mirror/rotoinv|rotation,2,4,P2_1/m,ALTERMAGNET,True,3,63.463,561,0.937695,0.361,3.511,-3.51,3.511,0.001000000000000334,True,0.0
POSCAR_Fe2Te2_1_x050,Fe2Te2_1_x050,Fe2Te2_1,False,x050,ALTERMAGNET,mirror/rotoinv|rotation,2,4,P2_1/m,ALTERMAGNET,True,3,63.463,561,0.950267,0.322,3.524,-3.524,3.524,0.0,True,0.0
POSCAR_Fe2Te2_1_y025,Fe2Te2_1_y025,Fe2Te2_1,False,y025,ALTERMAGNET,mirror/rotoinv|rotation,2,4,P2_1/m,ALTERMAGNET,True,3,63.463,561,0.852307,0.329,3.516,-3.516,3.516,0.0,True,0.0
POSCAR_Fe2Te2_1_y950,Fe2Te2_1_y950,Fe2Te2_1,False,y950,ALTERMAGNET,mirror/rotoinv|rotation,2,4,P2_1/m,ALTERMAGNET,True,3,63.463,561,1.081198,0.44,3.45,-3.45,3.45,0.0,True,0.0
POSCAR_Fe2Te2_1_y975,Fe2Te2_1_y975,Fe2Te2_1,False,y975,ALTERMAGNET,mirror/rotoinv|rotation,2,4,P2_1/m,ALTERMAGNET,True,3,63.463,561,1.012211,0.432,3.474,-3.474,3.474,0.0,True,0.0
POSCAR_Fe2Te2_1_z025,Fe2Te2_1_z025,Fe2Te2_1,False,z025,ALTERMAGNET,mirror/rotoinv|rotation,4,8,Cmcm,ALTERMAGNET,True,3,63.463,561,0.854222,0.344,3.515,-3.515,3.515,0.0,True,0.0
POSCAR_Fe2Te2_1_z050,Fe2Te2_1_z050,Fe2Te2_1,False,z050,ALTERMAGNET,mirror/rotoinv|rotation,4,8,Cmcm,ALTERMAGNET,True,3,63.463,561,0.763478,0.333,3.531,-3.531,3.531,0.0,True,0.0
POSCAR_Fe2Te2_1_z950,Fe2Te2_1_z950,Fe2Te2_1,False,z950,ALTERMAGNET,mirror/rotoinv|rotation,4,8,Cmcm,ALTERMAGNET,True,3,63.463,561,1.033696,0.415,3.452,-3.451,3.452,0.0009999999999998899,True,0.0
POSCAR_Fe2Te2_1_z975,Fe2Te2_1_z975,Fe2Te2_1,False,z975,ALTERMAGNET,mirror/rotoinv|rotation,4,8,Cmcm,ALTERMAGNET,True,3,63.463,561,0.985148,0.416,3.475,-3.475,3.475,0.0,True,0.0
POSCAR_Fe2Te4_1,Fe2Te4_1,Fe2Te4_1,True,none,ALTERMAGNET,mirror/rotoinv|rotation,4,8,Pnnm,ALTERMAGNET,True,3,58.397,495,0.362934,0.179,3.509,-3.509,3.509,0.0,True,0.0
POSCAR_Fe2Te4_1_st025,Fe2Te4_1_st025,Fe2Te4_1,False,st025,ALTERMAGNET,mirror/rotoinv|rotation,4,8,Pnnm,ALTERMAGNET,True,3,58.397,495,0.357061,0.215,3.563,-3.563,3.563,0.0,True,0.0
POSCAR_Fe2Te4_1_st050,Fe2Te4_1_st050,Fe2Te4_1,False,st050,ALTERMAGNET,mirror/rotoinv|rotation,4,8,Pnnm,ALTERMAGNET,True,3,58.397,495,0.30419,0.242,3.605,-3.605,3.605,0.0,True,0.0
POSCAR_Fe2Te4_1_st950,Fe2Te4_1_st950,Fe2Te4_1,False,st950,ALTERMAGNET,mirror/rotoinv|rotation,4,8,Pnnm,ALTERMAGNET,True,3,58.397,495,0.530094,0.227,3.347,-3.347,3.347,0.0,True,0.0
POSCAR_Fe2Te4_1_st975,Fe2Te4_1_st975,Fe2Te4_1,False,st975,ALTERMAGNET,mirror/rotoinv|rotation,4,8,Pnnm,ALTERMAGNET,True,3,58.397,495,0.411459,0.164,3.441,-3.441,3.441,0.0,True,0.0
POSCAR_Fe2Te4_1_x025,Fe2Te4_1_x025,Fe2Te4_1,False,x025,ALTERMAGNET,mirror/rotoinv|rotation,4,8,Pnnm,ALTERMAGNET,True,3,58.397,495,0.344566,0.16,3.529,-3.529,3.529,0.0,True,0.0
POSCAR_Fe2Te4_1_x050,Fe2Te4_1_x050,Fe2Te4_1,False,x050,ALTERMAGNET,mirror/rotoinv|rotation,4,8,Pnnm,ALTERMAGNET,True,3,58.397,495,0.329021,0.159,3.547,-3.547,3.547,0.0,True,0.0
POSCAR_Fe2Te4_1_x950,Fe2Te4_1_x950,Fe2Te4_1,False,x950,ALTERMAGNET,mirror/rotoinv|rotation,4,8,Pnnm,ALTERMAGNET,True,3,58.397,495,0.434914,0.186,3.458,-3.458,3.458,0.0,True,0.0
POSCAR_Fe2Te4_1_x975,Fe2Te4_1_x975,Fe2Te4_1,False,x975,ALTERMAGNET,mirror/rotoinv|rotation,4,8,Pnnm,ALTERMAGNET,True,3,58.397,495,0.396656,0.211,3.487,-3.487,3.487,0.0,True,0.0
POSCAR_Fe2Te4_1_y025,Fe2Te4_1_y025,Fe2Te4_1,False,y025,ALTERMAGNET,mirror/rotoinv|rotation,4,8,Pnnm,ALTERMAGNET,True,3,58.397,495,0.342595,0.214,3.526,-3.526,3.526,0.0,True,0.0
POSCAR_Fe2Te4_1_y050,Fe2Te4_1_y050,Fe2Te4_1,False,y050,ALTERMAGNET,mirror/rotoinv|rotation,4,8,Pnnm,ALTERMAGNET,True,3,58.397,495,0.381224,0.271,3.54,-3.54,3.54,0.0,True,0.0
POSCAR_Fe2Te4_1_y950,Fe2Te4_1_y950,Fe2Te4_1,False,y950,ALTERMAGNET,mirror/rotoinv|rotation,4,8,Pnnm,ALTERMAGNET,True,3,58.397,495,0.489238,0.194,3.468,-3.468,3.468,0.0,True,0.0
POSCAR_Fe2Te4_1_y975,Fe2Te4_1_y975,Fe2Te4_1,False,y975,ALTERMAGNET,mirror/rotoinv|rotation,4,8,Pnnm,ALTERMAGNET,True,3,58.397,495,0.396082,0.176,3.49,-3.49,3.49,0.0,True,0.0
POSCAR_Fe2Te4_1_z025,Fe2Te4_1_z025,Fe2Te4_1,False,z025,ALTERMAGNET,mirror/rotoinv|rotation,4,8,Pnnm,ALTERMAGNET,True,3,58.397,495,0.378912,0.218,3.529,-3.529,3.529,0.0,True,0.0
POSCAR_Fe2Te4_1_z050,Fe2Te4_1_z050,Fe2Te4_1,False,z050,ALTERMAGNET,mirror/rotoinv|rotation,4,8,Pnnm,ALTERMAGNET,True,3,58.397,495,0.431177,0.23,3.545,-3.545,3.545,0.0,True,0.0
POSCAR_Fe2Te4_1_z950,Fe2Te4_1_z950,Fe2Te4_1,False,z950,ALTERMAGNET,mirror/rotoinv|rotation,4,8,Pnnm,ALTERMAGNET,True,3,58.397,495,0.37669,0.169,3.459,-3.459,3.459,0.0,True,0.0
POSCAR_Fe2Te4_1_z975,Fe2Te4_1_z975,Fe2Te4_1,False,z975,ALTERMAGNET,mirror/rotoinv|rotation,4,8,Pnnm,ALTERMAGNET,True,3,58.397,495,0.355334,0.168,3.486,-3.486,3.486,0.0,True,0.0
POSCAR_Fe2Te6_1,Fe2Te6_1,Fe2Te6_1,True,none,ALTERMAGNET,mirror/rotoinv|rotation,2,4,C2/c,ALTERMAGNET,True,3,15.89,96,0.561462,3.277,3.399,-3.399,3.399,0.0,True,0.004
POSCAR_Fe2Te6_1_x025,Fe2Te6_1_x025,Fe2Te6_1,False,x025,compensated_FiM_candidate,,0,2,P-1,ALTERMAGNET,False,3,15.89,96,0.524063,6.58,3.425,-3.427,3.425,0.002000000000000224,True,0.0
POSCAR_Fe2Tl3_1,Fe2Tl3_1,Fe2Tl3_1,True,none,conventional_AFM_inversion,inversion|mirror/rotoinv|rotation,4,8,Cmmm,conventional_AFM_inversion,True,3,65.483,581,0.014976,2.807,3.099,-3.103,3.099,0.0040000000000000036,True,0.003
POSCAR_Fe2Tl3_1_st050,Fe2Tl3_1_st050,Fe2Tl3_1,False,st050,conventional_AFM_inversion,inversion|mirror/rotoinv|rotation,4,8,Cmmm,conventional_AFM_inversion,True,3,65.483,581,0.011719,1.772,3.192,-3.193,3.192,0.0009999999999998899,True,0.001
POSCAR_Fe2Tl3_1_st950,Fe2Tl3_1_st950,Fe2Tl3_1,False,st950,conventional_AFM_inversion,inversion|mirror/rotoinv|rotation,4,8,Cmmm,conventional_AFM_inversion,True,3,65.483,581,0.013138,1.721,2.994,-2.994,2.994,0.0,True,0.0
POSCAR_Fe2Tl3_1_st975,Fe2Tl3_1_st975,Fe2Tl3_1,False,st975,conventional_AFM_inversion,inversion|mirror/rotoinv|rotation,4,8,Cmmm,conventional_AFM_inversion,True,3,65.483,581,0.012752,1.948,3.054,-3.055,3.054,0.001000000000000334,True,0.001
POSCAR_Fe2Tl3_1_x050,Fe2Tl3_1_x050,Fe2Tl3_1,False,x050,conventional_AFM_inversion,inversion|rotation,2,4,P2/m,conventional_AFM_inversion,True,3,65.483,581,0.014245,1.517,3.143,-3.143,3.143,0.0,True,0.0
POSCAR_Fe2Tl3_1_x975,Fe2Tl3_1_x975,Fe2Tl3_1,False,x975,conventional_AFM_inversion,inversion|rotation,2,4,P2/m,conventional_AFM_inversion,True,3,65.483,581,0.013005,1.707,3.086,-3.086,3.086,0.0,True,0.001
POSCAR_Fe2Tl3_1_y025,Fe2Tl3_1_y025,Fe2Tl3_1,False,y025,conventional_AFM_inversion,inversion|mirror/rotoinv|rotation,4,8,Cmmm,conventional_AFM_inversion,True,3,65.483,581,0.013808,2.61,3.119,-3.123,3.119,0.0040000000000000036,True,0.004
POSCAR_Fe2Tl3_1_y950,Fe2Tl3_1_y950,Fe2Tl3_1,False,y950,conventional_AFM_inversion,inversion|mirror/rotoinv|rotation,4,8,Cmmm,conventional_AFM_inversion,True,3,65.483,581,0.012803,2.01,3.079,-3.081,3.079,0.0019999999999997797,True,0.002
POSCAR_Fe2Tl3_1_y975,Fe2Tl3_1_y975,Fe2Tl3_1,False,y975,conventional_AFM_inversion,inversion|mirror/rotoinv|rotation,4,8,Cmmm,conventional_AFM_inversion,True,3,65.483,581,0.016797,2.977,3.09,-3.093,3.09,0.0030000000000001137,True,0.002
POSCAR_Fe2Tl3_1_z025,Fe2Tl3_1_z025,Fe2Tl3_1,False,z025,conventional_AFM_inversion,inversion|rotation,2,4,P2/m,conventional_AFM_inversion,True,3,65.483,581,0.01172,2.201,3.111,-3.113,3.111,0.0019999999999997797,True,0.002
POSCAR_Fe2Tl3_1_z050,Fe2Tl3_1_z050,Fe2Tl3_1,False,z050,conventional_AFM_inversion,inversion|rotation,2,4,P2/m,conventional_AFM_inversion,True,3,65.483,581,0.013494,2.742,3.126,-3.129,3.126,0.0030000000000001137,True,0.003
POSCAR_Fe2Tl3_1_z950,Fe2Tl3_1_z950,Fe2Tl3_1,False,z950,conventional_AFM_inversion,inversion|rotation,2,4,P2/m,conventional_AFM_inversion,True,3,65.483,581,0.014759,2.287,3.081,-3.084,3.081,0.0030000000000001137,True,0.003
POSCAR_Fe2Tl3_1_z975,Fe2Tl3_1_z975,Fe2Tl3_1,False,z975,conventional_AFM_inversion,inversion|rotation,2,4,P2/m,conventional_AFM_inversion,True,3,65.483,581,0.014278,1.813,3.089,-3.089,3.089,0.0,True,0.001
POSCAR_Ga2Ru2_4,Ga2Ru2_4,Ga2Ru2_4,True,none,ALTERMAGNET,mirror/rotoinv|rotation,12,24,P6_3/mmc,ALTERMAGNET,True,3,194.269,1499,0.296751,1.063,1.111,-1.112,1.111,0.001000000000000112,True,0.001
POSCAR_Ga2Ru2_4_st025,Ga2Ru2_4_st025,Ga2Ru2_4,False,st025,ALTERMAGNET,mirror/rotoinv|rotation,12,24,P6_3/mmc,ALTERMAGNET,True,3,194.269,1499,0.243899,1.74,1.248,-1.249,1.248,0.001000000000000112,True,0.001
POSCAR_Ga2Ru2_4_x025,Ga2Ru2_4_x025,Ga2Ru2_4,False,x025,ALTERMAGNET,mirror/rotoinv|rotation,4,8,Cmcm,ALTERMAGNET,True,3,194.269,1499,0.284841,0.127,1.132,-1.133,1.132,0.001000000000000112,True,0.0
POSCAR_Ga2Ru2_4_x050,Ga2Ru2_4_x050,Ga2Ru2_4,False,x050,ALTERMAGNET,mirror/rotoinv|rotation,2,4,P2_1/m,ALTERMAGNET,True,3,194.269,1499,0.255782,0.156,1.255,-1.255,1.255,0.0,True,0.0
POSCAR_Ga2Ru2_4_x950,Ga2Ru2_4_x950,Ga2Ru2_4,False,x950,ALTERMAGNET,mirror/rotoinv|rotation,2,4,P2_1/m,ALTERMAGNET,True,3,194.269,1499,0.340839,0.352,0.864,-0.863,0.864,0.0010000000000000009,True,0.001
POSCAR_Ga2Ru2_4_x975,Ga2Ru2_4_x975,Ga2Ru2_4,False,x975,ALTERMAGNET,mirror/rotoinv|rotation,4,8,Cmcm,ALTERMAGNET,True,3,194.269,1499,0.271386,0.199,0.736,-0.736,0.736,0.0,True,0.0
POSCAR_Ga2Ru2_4_y025,Ga2Ru2_4_y025,Ga2Ru2_4,False,y025,ALTERMAGNET,mirror/rotoinv|rotation,4,8,Cmcm,ALTERMAGNET,True,3,194.269,1499,0.285189,0.095,1.133,-1.132,1.133,0.001000000000000112,True,0.0
POSCAR_Ga2Ru2_4_y050,Ga2Ru2_4_y050,Ga2Ru2_4,False,y050,ALTERMAGNET,mirror/rotoinv|rotation,2,4,P2_1/m,ALTERMAGNET,True,3,194.269,1499,0.25587,0.096,1.255,-1.255,1.255,0.0,True,0.0
POSCAR_Ga2Ru2_4_y950,Ga2Ru2_4_y950,Ga2Ru2_4,False,y950,ALTERMAGNET,mirror/rotoinv|rotation,2,4,P2_1/m,ALTERMAGNET,True,3,194.269,1499,0.340509,0.46,0.864,-0.862,0.864,0.0020000000000000018,True,0.001
POSCAR_Ga2Ru2_4_y975,Ga2Ru2_4_y975,Ga2Ru2_4,False,y975,ALTERMAGNET,mirror/rotoinv|rotation,4,8,Cmcm,ALTERMAGNET,True,3,194.269,1499,0.271766,0.35,0.736,-0.737,0.736,0.0010000000000000009,True,0.001
POSCAR_Ga2Ru2_4_z025,Ga2Ru2_4_z025,Ga2Ru2_4,False,z025,ALTERMAGNET,mirror/rotoinv|rotation,12,24,P6_3/mmc,ALTERMAGNET,True,3,194.269,1499,0.315792,0.77,1.148,-1.147,1.148,0.0009999999999998899,True,0.001
POSCAR_Ga2Ru2_4_z975,Ga2Ru2_4_z975,Ga2Ru2_4,False,z975,ALTERMAGNET,mirror/rotoinv|rotation,12,24,P6_3/mmc,ALTERMAGNET,True,3,194.269,1499,0.184252,0.149,0.945,-0.945,0.945,0.0,True,0.0
POSCAR_Ga4Ti2_1,Ga4Ti2_1,Ga4Ti2_1,True,none,conventional_AFM_translation,inversion|mirror/rotoinv|rotation|translation,16,32,P4/mmm,conventional_AFM_translation,True,4,139.540,1200,0.017872,1.413,-0.002,-0.003,0.002,0.001,False,0.004
POSCAR_Ge2Mn2_2,Ge2Mn2_2,Ge2Mn2_2,True,none,ALTERMAGNET,mirror/rotoinv|rotation,12,24,P6_3/mmc,ALTERMAGNET,True,3,194.269,1499,0.872173,3.153,4.235,-4.234,4.235,0.001000000000000334,True,0.001
POSCAR_Ge2Mn2_2_st025,Ge2Mn2_2_st025,Ge2Mn2_2,False,st025,ALTERMAGNET,mirror/rotoinv|rotation,12,24,P6_3/mmc,ALTERMAGNET,True,3,194.269,1499,0.711603,1.845,4.336,-4.334,4.336,0.002000000000000668,True,0.003
POSCAR_Ge2Mn2_2_st050,Ge2Mn2_2_st050,Ge2Mn2_2,False,st050,ALTERMAGNET,mirror/rotoinv|rotation,12,24,P6_3/mmc,ALTERMAGNET,True,3,194.269,1499,0.570749,1.12,4.422,-4.421,4.422,0.0009999999999994458,True,0.001
POSCAR_Ge2Mn2_2_st950,Ge2Mn2_2_st950,Ge2Mn2_2,False,st950,ALTERMAGNET,mirror/rotoinv|rotation,12,24,P6_3/mmc,ALTERMAGNET,True,3,194.269,1499,1.305334,1.16,3.951,-3.95,3.951,0.0009999999999998899,True,0.002
POSCAR_Ge2Mn2_2_st975,Ge2Mn2_2_st975,Ge2Mn2_2,False,st975,ALTERMAGNET,mirror/rotoinv|rotation,12,24,P6_3/mmc,ALTERMAGNET,True,3,194.269,1499,1.011471,2.169,4.112,-4.109,4.112,0.0030000000000001137,True,0.004
POSCAR_Ge2Mn2_2_x025,Ge2Mn2_2_x025,Ge2Mn2_2,False,x025,ALTERMAGNET,mirror/rotoinv|rotation,2,4,P2_1/m,ALTERMAGNET,True,3,194.269,1499,0.845483,1.63,4.27,-4.27,4.27,0.0,True,0.0
POSCAR_Ge2Mn2_2_x050,Ge2Mn2_2_x050,Ge2Mn2_2,False,x050,ALTERMAGNET,mirror/rotoinv|rotation,2,4,P2_1/m,ALTERMAGNET,True,3,194.269,1499,0.818675,1.57,4.299,-4.299,4.299,0.0,True,0.0
POSCAR_Ge2Mn2_2_x975,Ge2Mn2_2_x975,Ge2Mn2_2,False,x975,ALTERMAGNET,mirror/rotoinv|rotation,4,8,Cmcm,ALTERMAGNET,True,3,194.269,1499,0.974748,2.555,4.197,-4.194,4.197,0.0030000000000001137,True,0.004
POSCAR_Ge2Mn2_2_y025,Ge2Mn2_2_y025,Ge2Mn2_2,False,y025,ALTERMAGNET,mirror/rotoinv|rotation,4,8,Cmcm,ALTERMAGNET,True,3,194.269,1499,0.848769,2.341,4.27,-4.269,4.27,0.0009999999999994458,True,0.002
POSCAR_Ge2Mn2_2_y050,Ge2Mn2_2_y050,Ge2Mn2_2,False,y050,ALTERMAGNET,mirror/rotoinv|rotation,2,4,P2_1/m,ALTERMAGNET,True,3,194.269,1499,0.821548,2.182,4.3,-4.298,4.3,0.0019999999999997797,True,0.002
POSCAR_Ge2Mn2_2_y950,Ge2Mn2_2_y950,Ge2Mn2_2,False,y950,ALTERMAGNET,mirror/rotoinv|rotation,2,4,P2_1/m,ALTERMAGNET,True,3,194.269,1499,1.057417,2.105,4.151,-4.152,4.151,0.001000000000000334,True,0.0
POSCAR_Ge2Mn2_2_y975,Ge2Mn2_2_y975,Ge2Mn2_2,False,y975,ALTERMAGNET,mirror/rotoinv|rotation,2,4,P2_1/m,ALTERMAGNET,True,3,194.269,1499,0.970199,1.996,4.196,-4.195,4.196,0.0009999999999994458,True,0.001
POSCAR_Ge2Mn2_2_z025,Ge2Mn2_2_z025,Ge2Mn2_2,False,z025,ALTERMAGNET,mirror/rotoinv|rotation,12,24,P6_3/mmc,ALTERMAGNET,True,3,194.269,1499,0.8239,1.225,4.275,-4.274,4.275,0.001000000000000334,True,0.002
POSCAR_Ge2Mn2_2_z950,Ge2Mn2_2_z950,Ge2Mn2_2,False,z950,ALTERMAGNET,mirror/rotoinv|rotation,12,24,P6_3/mmc,ALTERMAGNET,True,3,194.269,1499,0.788916,1.59,4.16,-4.158,4.16,0.0019999999999997797,True,0.002
POSCAR_Ge2Mn2_2_z975,Ge2Mn2_2_z975,Ge2Mn2_2,False,z975,ALTERMAGNET,mirror/rotoinv|rotation,12,24,P6_3/mmc,ALTERMAGNET,True,3,194.269,1499,0.754696,4.118,4.196,-4.195,4.196,0.0009999999999994458,True,0.001
POSCAR_Ge2Mn2_3,Ge2Mn2_3,Ge2Mn2_3,True,none,ALTERMAGNET,mirror/rotoinv|rotation,4,8,I4_1md,ALTERMAGNET,True,3,109.242,902,0.099559,4.943,4.303,-4.301,4.303,0.0019999999999997797,True,0.003
POSCAR_Ge2Mn2_3_st025,Ge2Mn2_3_st025,Ge2Mn2_3,False,st025,compensated_FiM_candidate,,0,4,Imm2,ALTERMAGNET,False,3,109.242,902,0.092829,4.617,4.38,-4.378,4.38,0.0019999999999997797,True,0.003
POSCAR_Ge2Mn2_3_st975,Ge2Mn2_3_st975,Ge2Mn2_3,False,st975,ALTERMAGNET,mirror/rotoinv|rotation,4,8,I4_1md,ALTERMAGNET,True,3,109.242,902,0.09481,5.088,4.206,-4.205,4.206,0.001000000000000334,True,0.001
POSCAR_Ge2Mn2_3_x950,Ge2Mn2_3_x950,Ge2Mn2_3,False,x950,compensated_FiM_candidate,,0,2,Cm,ALTERMAGNET,False,3,109.242,902,0.10182,6.259,4.218,-4.215,4.218,0.0030000000000001137,True,0.003
POSCAR_Ge2Mn2_3_x975,Ge2Mn2_3_x975,Ge2Mn2_3,False,x975,compensated_FiM_candidate,,0,2,Cm,ALTERMAGNET,False,3,109.242,902,0.095609,5.564,4.264,-4.263,4.264,0.001000000000000334,True,0.001
POSCAR_Ge2Mn2_3_y050,Ge2Mn2_3_y050,Ge2Mn2_3,False,y050,compensated_FiM_candidate,,0,2,Cm,ALTERMAGNET,False,3,109.242,902,0.090781,6.758,4.369,-4.37,4.369,0.001000000000000334,True,0.002
POSCAR_Ge2Mn2_3_y975,Ge2Mn2_3_y975,Ge2Mn2_3,False,y975,compensated_FiM_candidate,,0,2,Cm,ALTERMAGNET,False,3,109.242,902,0.109442,4.856,4.262,-4.263,4.262,0.001000000000000334,True,0.002
POSCAR_Ge2Mn2_3_z975,Ge2Mn2_3_z975,Ge2Mn2_3,False,z975,ALTERMAGNET,mirror/rotoinv,1,2,Cc,ALTERMAGNET,True,3,109.242,902,0.098331,5.305,4.29,-4.288,4.29,0.0019999999999997797,True,0.003
POSCAR_Ge2Mo2_2,Ge2Mo2_2,Ge2Mo2_2,True,none,ALTERMAGNET,mirror/rotoinv|rotation,12,24,P6_3/mmc,ALTERMAGNET,True,3,194.269,1499,0.569971,0.022,0.519,-0.519,0.519,0.0,True,0.0
POSCAR_Ge2Mo2_2_st050,Ge2Mo2_2_st050,Ge2Mo2_2,False,st050,ALTERMAGNET,mirror/rotoinv|rotation,12,24,P6_3/mmc,ALTERMAGNET,True,3,194.269,1499,0.421867,0.027,0.814,-0.814,0.814,0.0,True,0.0
POSCAR_Ge2Mo2_2_st950,Ge2Mo2_2_st950,Ge2Mo2_2,False,st950,ALTERMAGNET,mirror/rotoinv|rotation,12,24,P6_3/mmc,ALTERMAGNET,True,3,194.269,1499,0.327894,0.029,0.319,-0.319,0.319,0.0,True,0.0
POSCAR_Ge2Mo2_2_st975,Ge2Mo2_2_st975,Ge2Mo2_2,False,st975,ALTERMAGNET,mirror/rotoinv|rotation,12,24,P6_3/mmc,ALTERMAGNET,True,3,194.269,1499,0.443044,0.114,0.399,-0.399,0.399,0.0,True,0.001
POSCAR_Ge2Mo2_2_x025,Ge2Mo2_2_x025,Ge2Mo2_2,False,x025,ALTERMAGNET,mirror/rotoinv|rotation,4,8,Cmcm,ALTERMAGNET,True,3,194.269,1499,0.635887,0.045,0.571,-0.571,0.571,0.0,True,0.0
POSCAR_Ge2Mo2_2_x050,Ge2Mo2_2_x050,Ge2Mo2_2,False,x050,ALTERMAGNET,mirror/rotoinv|rotation,2,4,P2_1/m,ALTERMAGNET,True,3,194.269,1499,0.635864,0.047,0.629,-0.629,0.629,0.0,True,0.0
POSCAR_Ge2Mo2_2_x950,Ge2Mo2_2_x950,Ge2Mo2_2,False,x950,ALTERMAGNET,mirror/rotoinv|rotation,2,4,P2_1/m,ALTERMAGNET,True,3,194.269,1499,0.462079,0.722,0.378,-0.374,0.378,0.0040000000000000036,True,0.003
POSCAR_Ge2Mo2_2_x975,Ge2Mo2_2_x975,Ge2Mo2_2,False,x975,ALTERMAGNET,mirror/rotoinv|rotation,4,8,Cmcm,ALTERMAGNET,True,3,194.269,1499,0.550519,0.169,0.447,-0.446,0.447,0.0010000000000000009,True,0.001
POSCAR_Ge2Mo2_2_y025,Ge2Mo2_2_y025,Ge2Mo2_2,False,y025,ALTERMAGNET,mirror/rotoinv|rotation,4,8,Cmcm,ALTERMAGNET,True,3,194.269,1499,0.635646,0.024,0.571,-0.571,0.571,0.0,True,0.0
POSCAR_Ge2Mo2_2_y050,Ge2Mo2_2_y050,Ge2Mo2_2,False,y050,ALTERMAGNET,mirror/rotoinv|rotation,2,4,P2_1/m,ALTERMAGNET,True,3,194.269,1499,0.635589,0.03,0.629,-0.629,0.629,0.0,True,0.0
POSCAR_Ge2Mo2_2_y950,Ge2Mo2_2_y950,Ge2Mo2_2,False,y950,ALTERMAGNET,mirror/rotoinv|rotation,2,4,P2_1/m,ALTERMAGNET,True,3,194.269,1499,0.461577,0.705,0.378,-0.374,0.378,0.0040000000000000036,True,0.003
POSCAR_Ge2Mo2_2_y975,Ge2Mo2_2_y975,Ge2Mo2_2,False,y975,ALTERMAGNET,mirror/rotoinv|rotation,4,8,Cmcm,ALTERMAGNET,True,3,194.269,1499,0.551103,0.214,0.447,-0.446,0.447,0.0010000000000000009,True,0.001
POSCAR_Ge2Mo2_2_z025,Ge2Mo2_2_z025,Ge2Mo2_2,False,z025,ALTERMAGNET,mirror/rotoinv|rotation,12,24,P6_3/mmc,ALTERMAGNET,True,3,194.269,1499,0.474775,0.039,0.516,-0.516,0.516,0.0,True,0.0
POSCAR_Ge2Mo2_2_z050,Ge2Mo2_2_z050,Ge2Mo2_2,False,z050,ALTERMAGNET,mirror/rotoinv|rotation,12,24,P6_3/mmc,ALTERMAGNET,True,3,194.269,1499,0.365801,0.654,0.488,-0.492,0.488,0.0040000000000000036,True,0.003
POSCAR_Ge2Mo2_2_z950,Ge2Mo2_2_z950,Ge2Mo2_2,False,z950,ALTERMAGNET,mirror/rotoinv|rotation,12,24,P6_3/mmc,ALTERMAGNET,True,3,194.269,1499,0.564233,0.347,0.51,-0.508,0.51,0.0020000000000000018,True,0.001
POSCAR_Ge2Mo2_2_z975,Ge2Mo2_2_z975,Ge2Mo2_2,False,z975,ALTERMAGNET,mirror/rotoinv|rotation,12,24,P6_3/mmc,ALTERMAGNET,True,3,194.269,1499,0.584401,0.245,0.52,-0.521,0.52,0.0010000000000000009,True,0.001
POSCAR_Ge2Ru2_2,Ge2Ru2_2,Ge2Ru2_2,True,none,ALTERMAGNET,mirror/rotoinv|rotation,12,24,P6_3/mmc,ALTERMAGNET,True,3,194.269,1499,0.203586,0.061,1.008,-1.008,1.008,0.0,True,0.0
POSCAR_Ge2Ru2_2_st025,Ge2Ru2_2_st025,Ge2Ru2_2,False,st025,ALTERMAGNET,mirror/rotoinv|rotation,12,24,P6_3/mmc,ALTERMAGNET,True,3,194.269,1499,0.279796,0.135,1.359,-1.36,1.359,0.001000000000000112,True,0.0
POSCAR_Ge2Ru2_2_st050,Ge2Ru2_2_st050,Ge2Ru2_2,False,st050,ALTERMAGNET,mirror/rotoinv|rotation,12,24,P6_3/mmc,ALTERMAGNET,True,3,194.269,1499,0.30688,0.074,1.609,-1.609,1.609,0.0,True,0.0
POSCAR_Ge2Ru2_2_st950,Ge2Ru2_2_st950,Ge2Ru2_2,False,st950,ALTERMAGNET,mirror/rotoinv|rotation,12,24,P6_3/mmc,ALTERMAGNET,True,3,194.269,1499,0.136835,0.154,0.148,-0.149,0.148,0.0010000000000000009,True,0.0
POSCAR_Ge2Ru2_2_st975,Ge2Ru2_2_st975,Ge2Ru2_2,False,st975,ALTERMAGNET,mirror/rotoinv|rotation,12,24,P6_3/mmc,ALTERMAGNET,True,3,194.269,1499,0.123461,0.174,0.734,-0.734,0.734,0.0,True,0.0
POSCAR_Ge2Ru2_2_x025,Ge2Ru2_2_x025,Ge2Ru2_2,False,x025,ALTERMAGNET,mirror/rotoinv|rotation,4,8,Cmcm,ALTERMAGNET,True,3,194.269,1499,0.243828,0.089,1.101,-1.101,1.101,0.0,True,0.0
POSCAR_Ge2Ru2_2_x050,Ge2Ru2_2_x050,Ge2Ru2_2,False,x050,ALTERMAGNET,mirror/rotoinv|rotation,2,4,P2_1/m,ALTERMAGNET,True,3,194.269,1499,0.305911,0.08,1.262,-1.262,1.262,0.0,True,0.0
POSCAR_Ge2Ru2_2_x950,Ge2Ru2_2_x950,Ge2Ru2_2,False,x950,ALTERMAGNET,mirror/rotoinv|rotation,2,4,P2_1/m,ALTERMAGNET,True,3,194.269,1499,0.208214,0.949,0.782,-0.779,0.782,0.0030000000000000027,True,0.002
POSCAR_Ge2Ru2_2_x975,Ge2Ru2_2_x975,Ge2Ru2_2,False,x975,ALTERMAGNET,mirror/rotoinv|rotation,4,8,Cmcm,ALTERMAGNET,True,3,194.269,1499,0.179111,0.276,0.935,-0.936,0.935,0.0010000000000000009,True,0.001
POSCAR_Ge2Ru2_2_y025,Ge2Ru2_2_y025,Ge2Ru2_2,False,y025,ALTERMAGNET,mirror/rotoinv|rotation,4,8,Cmcm,ALTERMAGNET,True,3,194.269,1499,0.244115,0.079,1.101,-1.101,1.101,0.0,True,0.0
POSCAR_Ge2Ru2_2_y050,Ge2Ru2_2_y050,Ge2Ru2_2,False,y050,ALTERMAGNET,mirror/rotoinv|rotation,2,4,P2_1/m,ALTERMAGNET,True,3,194.269,1499,0.3061,0.087,1.261,-1.261,1.261,0.0,True,0.0
POSCAR_Ge2Ru2_2_y950,Ge2Ru2_2_y950,Ge2Ru2_2,False,y950,ALTERMAGNET,mirror/rotoinv|rotation,2,4,P2_1/m,ALTERMAGNET,True,3,194.269,1499,0.201745,0.323,0.838,-0.838,0.838,0.0,True,0.001
POSCAR_Ge2Ru2_2_y975,Ge2Ru2_2_y975,Ge2Ru2_2,False,y975,ALTERMAGNET,mirror/rotoinv|rotation,4,8,Cmcm,ALTERMAGNET,True,3,194.269,1499,0.179407,0.693,0.93,-0.929,0.93,0.0010000000000000009,True,0.001
POSCAR_Ge2Ru2_2_z025,Ge2Ru2_2_z025,Ge2Ru2_2,False,z025,ALTERMAGNET,mirror/rotoinv|rotation,12,24,P6_3/mmc,ALTERMAGNET,True,3,194.269,1499,0.21286,0.077,1.086,-1.086,1.086,0.0,True,0.0
POSCAR_Ge2Ru2_2_z050,Ge2Ru2_2_z050,Ge2Ru2_2,False,z050,ALTERMAGNET,mirror/rotoinv|rotation,12,24,P6_3/mmc,ALTERMAGNET,True,3,194.269,1499,0.238089,0.122,1.247,-1.248,1.247,0.0009999999999998899,True,0.0
POSCAR_Ge2Ru2_2_z950,Ge2Ru2_2_z950,Ge2Ru2_2,False,z950,ALTERMAGNET,mirror/rotoinv|rotation,12,24,P6_3/mmc,ALTERMAGNET,True,3,194.269,1499,0.169089,0.064,0.775,-0.775,0.775,0.0,True,0.0
POSCAR_Ge2Ru2_2_z975,Ge2Ru2_2_z975,Ge2Ru2_2,False,z975,ALTERMAGNET,mirror/rotoinv|rotation,12,24,P6_3/mmc,ALTERMAGNET,True,3,194.269,1499,0.173135,0.091,0.838,-0.838,0.838,0.0,True,0.0
POSCAR_Ge2V2_2,Ge2V2_2,Ge2V2_2,True,none,conventional_AFM_inversion,inversion|mirror/rotoinv|rotation,12,24,P6_3/mmc,conventional_AFM_inversion,True,3,194.267,1497,0.013298,3.873,2.655,-2.658,2.655,0.0030000000000001137,True,0.004
POSCAR_Ge2V2_2_st950,Ge2V2_2_st950,Ge2V2_2,False,st950,conventional_AFM_inversion,inversion|mirror/rotoinv|rotation,12,24,P6_3/mmc,conventional_AFM_inversion,True,3,194.267,1497,0.012515,2.572,2.535,-2.536,2.535,0.0009999999999998899,True,0.002
POSCAR_Ge2V2_2_x025,Ge2V2_2_x025,Ge2V2_2,False,x025,conventional_AFM_inversion,inversion|rotation,2,4,P2_1/m,conventional_AFM_inversion,True,3,194.267,1497,0.012924,3.559,2.673,-2.676,2.673,0.0030000000000001137,True,0.004
POSCAR_Ge2V2_2_x950,Ge2V2_2_x950,Ge2V2_2,False,x950,conventional_AFM_inversion,inversion|rotation,2,4,P2_1/m,conventional_AFM_inversion,True,3,194.267,1497,0.012688,2.6,2.62,-2.622,2.62,0.0019999999999997797,True,0.002
POSCAR_Ge2V2_2_x975,Ge2V2_2_x975,Ge2V2_2,False,x975,conventional_AFM_inversion,inversion|rotation,2,4,P2_1/m,conventional_AFM_inversion,True,3,194.267,1497,0.013414,3.805,2.639,-2.642,2.639,0.0030000000000001137,True,0.004
POSCAR_Ge2V2_2_y025,Ge2V2_2_y025,Ge2V2_2,False,y025,conventional_AFM_inversion,inversion|rotation,2,4,P2_1/m,conventional_AFM_inversion,True,3,194.267,1497,0.012934,3.534,2.673,-2.676,2.673,0.0030000000000001137,True,0.004
POSCAR_Ge2V2_2_y950,Ge2V2_2_y950,Ge2V2_2,False,y950,conventional_AFM_inversion,inversion|rotation,2,4,P2_1/m,conventional_AFM_inversion,True,3,194.267,1497,0.012749,2.664,2.62,-2.622,2.62,0.0019999999999997797,True,0.002
POSCAR_Ge2V2_2_y975,Ge2V2_2_y975,Ge2V2_2,False,y975,conventional_AFM_inversion,inversion|rotation,2,4,P2_1/m,conventional_AFM_inversion,True,3,194.267,1497,0.013488,3.803,2.639,-2.642,2.639,0.0030000000000001137,True,0.004
POSCAR_Ge2V2_2_z025,Ge2V2_2_z025,Ge2V2_2,False,z025,conventional_AFM_inversion,inversion|mirror/rotoinv|rotation,12,24,P6_3/mmc,conventional_AFM_inversion,True,3,194.267,1497,0.012469,2.495,2.675,-2.676,2.675,0.001000000000000334,True,0.002
POSCAR_Ge2V2_2_z050,Ge2V2_2_z050,Ge2V2_2,False,z050,conventional_AFM_inversion,inversion|mirror/rotoinv|rotation,12,24,P6_3/mmc,conventional_AFM_inversion,True,3,194.267,1497,0.011599,2.208,2.699,-2.7,2.699,0.001000000000000334,True,0.001
POSCAR_Ge2V2_2_z950,Ge2V2_2_z950,Ge2V2_2,False,z950,conventional_AFM_inversion,inversion|mirror/rotoinv|rotation,12,24,P6_3/mmc,conventional_AFM_inversion,True,3,194.267,1497,0.021388,2.772,2.622,-2.621,2.622,0.0009999999999998899,True,0.001
POSCAR_Ge2V2_3,Ge2V2_3,Ge2V2_3,True,none,conventional_AFM_translation,inversion|mirror/rotoinv|rotation|translation,4,8,P2/m,conventional_AFM_translation,True,4,12.64,71,0.013144,0.647,2.664,-2.664,2.664,0.0,True,0.001
POSCAR_Ge2V2_3_st025,Ge2V2_3_st025,Ge2V2_3,False,st025,conventional_AFM_translation,inversion|mirror/rotoinv|rotation|translation,4,8,P2/m,conventional_AFM_translation,True,4,12.64,71,0.012649,1.017,2.7,-2.7,2.7,0.0,True,0.001
POSCAR_Ge2V2_3_st050,Ge2V2_3_st050,Ge2V2_3,False,st050,conventional_AFM_translation,inversion|mirror/rotoinv|rotation|translation,4,8,P2/m,conventional_AFM_translation,True,4,12.64,71,0.011798,0.727,2.73,-2.73,2.73,0.0,True,0.001
POSCAR_Ge2V2_3_st950,Ge2V2_3_st950,Ge2V2_3,False,st950,conventional_AFM_translation,inversion|mirror/rotoinv|rotation|translation,4,8,P2/m,conventional_AFM_translation,True,4,12.64,71,0.013637,0.389,2.569,-2.569,2.569,0.0,True,0.0
POSCAR_Ge2V2_3_st975,Ge2V2_3_st975,Ge2V2_3,False,st975,conventional_AFM_translation,inversion|mirror/rotoinv|rotation|translation,4,8,P2/m,conventional_AFM_translation,True,4,12.64,71,0.013696,0.687,2.622,-2.621,2.622,0.0009999999999998899,True,0.001
POSCAR_Ge2V2_3_x025,Ge2V2_3_x025,Ge2V2_3,False,x025,conventional_AFM_translation,inversion|translation,2,4,P-1,conventional_AFM_translation,True,4,12.64,71,0.012957,0.937,2.682,-2.682,2.682,0.0,True,0.001
POSCAR_Ge2V2_3_x050,Ge2V2_3_x050,Ge2V2_3,False,x050,conventional_AFM_translation,inversion|translation,2,4,P-1,conventional_AFM_translation,True,4,12.64,71,0.012554,0.894,2.7,-2.7,2.7,0.0,True,0.0
POSCAR_Ge2V2_3_x950,Ge2V2_3_x950,Ge2V2_3,False,x950,conventional_AFM_translation,inversion|translation,2,4,P-1,conventional_AFM_translation,True,4,12.64,71,0.01351,0.693,2.616,-2.616,2.616,0.0,True,0.0
POSCAR_Ge2V2_3_x975,Ge2V2_3_x975,Ge2V2_3,False,x975,conventional_AFM_translation,inversion|translation,2,4,P-1,conventional_AFM_translation,True,4,12.64,71,0.01319,0.694,2.641,-2.641,2.641,0.0,True,0.0
POSCAR_Ge2V2_3_y025,Ge2V2_3_y025,Ge2V2_3,False,y025,conventional_AFM_translation,inversion|translation,2,4,P-1,conventional_AFM_translation,True,4,12.64,71,0.012226,0.671,2.683,-2.683,2.683,0.0,True,0.0
POSCAR_Ge2V2_3_y050,Ge2V2_3_y050,Ge2V2_3,False,y050,conventional_AFM_translation,inversion|translation,2,4,P-1,conventional_AFM_translation,True,4,12.64,71,0.011857,0.703,2.7,-2.7,2.7,0.0,True,0.0
POSCAR_Ge2V2_3_y950,Ge2V2_3_y950,Ge2V2_3,False,y950,conventional_AFM_translation,inversion|translation,2,4,P-1,conventional_AFM_translation,True,4,12.64,71,0.013562,0.822,2.616,-2.616,2.616,0.0,True,0.0
POSCAR_Ge2V2_3_y975,Ge2V2_3_y975,Ge2V2_3,False,y975,conventional_AFM_translation,inversion|translation,2,4,P-1,conventional_AFM_translation,True,4,12.64,71,0.01342,0.745,2.64,-2.64,2.64,0.0,True,0.001
POSCAR_Ge2V2_3_z025,Ge2V2_3_z025,Ge2V2_3,False,z025,conventional_AFM_translation,inversion|mirror/rotoinv|rotation|translation,4,8,P2/m,conventional_AFM_translation,True,4,12.64,71,0.012888,0.573,2.663,-2.662,2.663,0.0009999999999998899,True,0.001
POSCAR_Ge2V2_3_z050,Ge2V2_3_z050,Ge2V2_3,False,z050,conventional_AFM_translation,inversion|mirror/rotoinv|rotation|translation,4,8,P2/m,conventional_AFM_translation,True,4,12.64,71,0.012654,0.496,2.661,-2.66,2.661,0.0009999999999998899,True,0.0
POSCAR_Ge2V2_3_z950,Ge2V2_3_z950,Ge2V2_3,False,z950,conventional_AFM_translation,inversion|mirror/rotoinv|rotation|translation,4,8,P2/m,conventional_AFM_translation,True,4,12.64,71,0.013975,0.695,2.672,-2.671,2.672,0.001000000000000334,True,0.002
POSCAR_Ge2V2_3_z975,Ge2V2_3_z975,Ge2V2_3,False,z975,conventional_AFM_translation,inversion|mirror/rotoinv|rotation|translation,4,8,P2/m,conventional_AFM_translation,True,4,12.64,71,0.013535,0.913,2.668,-2.667,2.668,0.001000000000000334,True,0.002
POSCAR_Ge4V2_1,Ge4V2_1,Ge4V2_1,True,none,ALTERMAGNET,mirror/rotoinv|rotation,4,8,Imma,ALTERMAGNET,True,3,74.559,657,0.653949,0.44,2.431,-2.431,2.431,0.0,True,0.001
POSCAR_Ge4V2_1_st025,Ge4V2_1_st025,Ge4V2_1,False,st025,ALTERMAGNET,mirror/rotoinv|rotation,4,8,Imma,ALTERMAGNET,True,3,74.559,657,0.694515,0.692,2.54,-2.54,2.54,0.0,True,0.0
POSCAR_Ge4V2_1_st050,Ge4V2_1_st050,Ge4V2_1,False,st050,ALTERMAGNET,mirror/rotoinv|rotation,4,8,Imma,ALTERMAGNET,True,3,74.559,657,0.718225,0.208,2.608,-2.608,2.608,0.0,True,0.0
POSCAR_Ge4V2_1_st950,Ge4V2_1_st950,Ge4V2_1,False,st950,ALTERMAGNET,mirror/rotoinv|rotation,4,8,Imma,ALTERMAGNET,True,3,74.559,657,0.829845,0.18,2.133,-2.133,2.133,0.0,True,0.0
POSCAR_Ge4V2_1_st975,Ge4V2_1_st975,Ge4V2_1,False,st975,ALTERMAGNET,mirror/rotoinv|rotation,4,8,Imma,ALTERMAGNET,True,3,74.559,657,0.828141,0.764,2.305,-2.307,2.305,0.0019999999999997797,True,0.003
POSCAR_I4Mn2_1,I4Mn2_1,I4Mn2_1,True,none,ALTERMAGNET,mirror/rotoinv|rotation,8,16,P4_2/mnm,ALTERMAGNET,True,3,136.498,1158,0.414418,0.503,4.588,-4.588,4.588,0.0,True,0.0
POSCAR_I4Mn2_1_st025,I4Mn2_1_st025,I4Mn2_1,False,st025,ALTERMAGNET,mirror/rotoinv|rotation,8,16,P4_2/mnm,ALTERMAGNET,True,3,136.498,1158,0.59273,0.496,4.618,-4.618,4.618,0.0,True,0.0
POSCAR_I4Mn2_1_st050,I4Mn2_1_st050,I4Mn2_1,False,st050,ALTERMAGNET,mirror/rotoinv|rotation,8,16,P4_2/mnm,ALTERMAGNET,True,3,136.498,1158,0.516443,0.451,4.643,-4.643,4.643,0.0,True,0.0
POSCAR_I4Mn2_1_st950,I4Mn2_1_st950,I4Mn2_1,False,st950,ALTERMAGNET,mirror/rotoinv|rotation,8,16,P4_2/mnm,ALTERMAGNET,True,3,136.498,1158,0.397,0.553,4.508,-4.508,4.508,0.0,True,0.0
POSCAR_I4Mn2_1_st975,I4Mn2_1_st975,I4Mn2_1,False,st975,ALTERMAGNET,mirror/rotoinv|rotation,8,16,P4_2/mnm,ALTERMAGNET,True,3,136.498,1158,0.378012,0.521,4.552,-4.552,4.552,0.0,True,0.0
POSCAR_I4Mn2_1_x025,I4Mn2_1_x025,I4Mn2_1,False,x025,ALTERMAGNET,mirror/rotoinv|rotation,8,16,P4_2/mnm,ALTERMAGNET,True,3,136.498,1158,0.5629,0.506,4.601,-4.601,4.601,0.0,True,0.0
POSCAR_I4Mn2_1_x050,I4Mn2_1_x050,I4Mn2_1,False,x050,ALTERMAGNET,mirror/rotoinv|rotation,8,16,P4_2/mnm,ALTERMAGNET,True,3,136.498,1158,0.516476,0.519,4.612,-4.612,4.612,0.0,True,0.0
POSCAR_I4Mn2_1_x950,I4Mn2_1_x950,I4Mn2_1,False,x950,ALTERMAGNET,mirror/rotoinv|rotation,8,16,P4_2/mnm,ALTERMAGNET,True,3,136.498,1158,0.507082,0.985,4.559,-4.56,4.559,0.0009999999999994458,True,0.0
POSCAR_I4Mn2_1_x975,I4Mn2_1_x975,I4Mn2_1,False,x975,ALTERMAGNET,mirror/rotoinv|rotation,8,16,P4_2/mnm,ALTERMAGNET,True,3,136.498,1158,0.653102,0.498,4.575,-4.575,4.575,0.0,True,0.0
POSCAR_I4Mn2_1_y025,I4Mn2_1_y025,I4Mn2_1,False,y025,ALTERMAGNET,mirror/rotoinv|rotation,4,8,Pnnm,ALTERMAGNET,True,3,136.498,1158,0.628649,0.408,4.598,-4.598,4.598,0.0,True,0.0
POSCAR_I4Mn2_1_y050,I4Mn2_1_y050,I4Mn2_1,False,y050,ALTERMAGNET,mirror/rotoinv|rotation,4,8,Pnnm,ALTERMAGNET,True,3,136.498,1158,0.642855,0.387,4.607,-4.607,4.607,0.0,True,0.0
POSCAR_I4Mn2_1_y950,I4Mn2_1_y950,I4Mn2_1,False,y950,ALTERMAGNET,mirror/rotoinv|rotation,4,8,Pnnm,ALTERMAGNET,True,3,136.498,1158,0.351711,0.37,4.568,-4.568,4.568,0.0,True,0.0
POSCAR_I4Mn2_1_y975,I4Mn2_1_y975,I4Mn2_1,False,y975,ALTERMAGNET,mirror/rotoinv|rotation,4,8,Pnnm,ALTERMAGNET,True,3,136.498,1158,0.580285,0.396,4.578,-4.578,4.578,0.0,True,0.0
POSCAR_I4Mn2_1_z025,I4Mn2_1_z025,I4Mn2_1,False,z025,ALTERMAGNET,mirror/rotoinv|rotation,4,8,Pnnm,ALTERMAGNET,True,3,136.498,1158,0.628588,0.399,4.598,-4.598,4.598,0.0,True,0.0
POSCAR_I4Mn2_1_z050,I4Mn2_1_z050,I4Mn2_1,False,z050,ALTERMAGNET,mirror/rotoinv|rotation,4,8,Pnnm,ALTERMAGNET,True,3,136.498,1158,0.642721,0.371,4.607,-4.607,4.607,0.0,True,0.0
POSCAR_I4Mn2_1_z950,I4Mn2_1_z950,I4Mn2_1,False,z950,ALTERMAGNET,mirror/rotoinv|rotation,4,8,Pnnm,ALTERMAGNET,True,3,136.498,1158,0.351158,0.389,4.568,-4.568,4.568,0.0,True,0.0
POSCAR_I4Mn2_1_z975,I4Mn2_1_z975,I4Mn2_1,False,z975,ALTERMAGNET,mirror/rotoinv|rotation,4,8,Pnnm,ALTERMAGNET,True,3,136.498,1158,0.580291,0.406,4.578,-4.578,4.578,0.0,True,0.0
POSCAR_I4Nb2_1,I4Nb2_1,I4Nb2_1,True,none,ALTERMAGNET,mirror/rotoinv|rotation,8,16,P4_2/mnm,ALTERMAGNET,True,3,136.498,1158,0.218281,0.46,2.507,-2.507,2.507,0.0,True,0.0
POSCAR_I4Nb2_1_st025,I4Nb2_1_st025,I4Nb2_1,False,st025,ALTERMAGNET,mirror/rotoinv|rotation,8,16,P4_2/mnm,ALTERMAGNET,True,3,136.498,1158,0.205958,0.523,2.576,-2.577,2.576,0.0009999999999998899,True,0.0
POSCAR_I4Nb2_1_st050,I4Nb2_1_st050,I4Nb2_1,False,st050,ALTERMAGNET,mirror/rotoinv|rotation,8,16,P4_2/mnm,ALTERMAGNET,True,3,136.498,1158,0.176468,0.492,2.642,-2.642,2.642,0.0,True,0.0
POSCAR_I4Nb2_1_st950,I4Nb2_1_st950,I4Nb2_1,False,st950,ALTERMAGNET,mirror/rotoinv|rotation,8,16,P4_2/mnm,ALTERMAGNET,True,3,136.498,1158,0.31313,0.39,2.355,-2.355,2.355,0.0,True,0.0
POSCAR_I4Nb2_1_st975,I4Nb2_1_st975,I4Nb2_1,False,st975,ALTERMAGNET,mirror/rotoinv|rotation,8,16,P4_2/mnm,ALTERMAGNET,True,3,136.498,1158,0.259201,0.431,2.434,-2.434,2.434,0.0,True,0.0
POSCAR_I4Nb2_1_x025,I4Nb2_1_x025,I4Nb2_1,False,x025,ALTERMAGNET,mirror/rotoinv|rotation,8,16,P4_2/mnm,ALTERMAGNET,True,3,136.498,1158,0.219754,0.494,2.53,-2.53,2.53,0.0,True,0.0
POSCAR_I4Nb2_1_x050,I4Nb2_1_x050,I4Nb2_1,False,x050,ALTERMAGNET,mirror/rotoinv|rotation,8,16,P4_2/mnm,ALTERMAGNET,True,3,136.498,1158,0.253668,0.487,2.553,-2.553,2.553,0.0,True,0.0
POSCAR_I4Nb2_1_x950,I4Nb2_1_x950,I4Nb2_1,False,x950,ALTERMAGNET,mirror/rotoinv|rotation,8,16,P4_2/mnm,ALTERMAGNET,True,3,136.498,1158,0.220003,0.439,2.461,-2.461,2.461,0.0,True,0.0
POSCAR_I4Nb2_1_x975,I4Nb2_1_x975,I4Nb2_1,False,x975,ALTERMAGNET,mirror/rotoinv|rotation,8,16,P4_2/mnm,ALTERMAGNET,True,3,136.498,1158,0.218603,0.448,2.484,-2.484,2.484,0.0,True,0.0
POSCAR_I4Nb2_1_y025,I4Nb2_1_y025,I4Nb2_1,False,y025,ALTERMAGNET,mirror/rotoinv|rotation,4,8,Pnnm,ALTERMAGNET,True,3,136.498,1158,0.19973,0.433,2.531,-2.531,2.531,0.0,True,0.0
POSCAR_I4Nb2_1_y050,I4Nb2_1_y050,I4Nb2_1,False,y050,ALTERMAGNET,mirror/rotoinv|rotation,4,8,Pnnm,ALTERMAGNET,True,3,136.498,1158,0.179192,0.452,2.554,-2.555,2.554,0.001000000000000334,True,0.0
POSCAR_I4Nb2_1_y950,I4Nb2_1_y950,I4Nb2_1,False,y950,ALTERMAGNET,mirror/rotoinv|rotation,4,8,Pnnm,ALTERMAGNET,True,3,136.498,1158,0.250973,0.305,2.457,-2.457,2.457,0.0,True,0.0
POSCAR_I4Nb2_1_y975,I4Nb2_1_y975,I4Nb2_1,False,y975,ALTERMAGNET,mirror/rotoinv|rotation,4,8,Pnnm,ALTERMAGNET,True,3,136.498,1158,0.235515,0.359,2.482,-2.483,2.482,0.0009999999999998899,True,0.0
POSCAR_I4Nb2_1_z025,I4Nb2_1_z025,I4Nb2_1,False,z025,ALTERMAGNET,mirror/rotoinv|rotation,4,8,Pnnm,ALTERMAGNET,True,3,136.498,1158,0.200269,0.359,2.531,-2.531,2.531,0.0,True,0.0
POSCAR_I4Nb2_1_z050,I4Nb2_1_z050,I4Nb2_1,False,z050,ALTERMAGNET,mirror/rotoinv|rotation,4,8,Pnnm,ALTERMAGNET,True,3,136.498,1158,0.180258,0.327,2.554,-2.554,2.554,0.0,True,0.0
POSCAR_I4Nb2_1_z950,I4Nb2_1_z950,I4Nb2_1,False,z950,ALTERMAGNET,mirror/rotoinv|rotation,4,8,Pnnm,ALTERMAGNET,True,3,136.498,1158,0.249824,0.383,2.457,-2.457,2.457,0.0,True,0.0
POSCAR_I4Nb2_1_z975,I4Nb2_1_z975,I4Nb2_1,False,z975,ALTERMAGNET,mirror/rotoinv|rotation,4,8,Pnnm,ALTERMAGNET,True,3,136.498,1158,0.234984,0.464,2.482,-2.483,2.482,0.0009999999999998899,True,0.0
POSCAR_I4Ni2_1,I4Ni2_1,I4Ni2_1,True,none,ALTERMAGNET,mirror/rotoinv,2,4,Fdd2,ALTERMAGNET,True,3,43.227,325,0.192964,3.043,1.697,-1.699,1.697,0.0020000000000000018,True,0.001
POSCAR_I4Ni2_1_st025,I4Ni2_1_st025,I4Ni2_1,False,st025,ALTERMAGNET,mirror/rotoinv,2,4,Fdd2,ALTERMAGNET,True,3,43.227,325,0.164717,3.069,1.731,-1.732,1.731,0.0009999999999998899,True,0.001
POSCAR_I4Ni2_1_st050,I4Ni2_1_st050,I4Ni2_1,False,st050,ALTERMAGNET,mirror/rotoinv,2,4,Fdd2,ALTERMAGNET,True,3,43.227,325,0.138204,3.086,1.756,-1.757,1.756,0.0009999999999998899,True,0.0
POSCAR_I4Ni2_1_st950,I4Ni2_1_st950,I4Ni2_1,False,st950,ALTERMAGNET,mirror/rotoinv,2,4,Fdd2,ALTERMAGNET,True,3,43.227,325,0.206028,3.238,1.583,-1.586,1.583,0.0030000000000001137,True,0.001
POSCAR_I4Ni2_1_st975,I4Ni2_1_st975,I4Ni2_1,False,st975,ALTERMAGNET,mirror/rotoinv,2,4,Fdd2,ALTERMAGNET,True,3,43.227,325,0.212684,3.053,1.65,-1.652,1.65,0.0020000000000000018,True,0.001
POSCAR_I4Ni2_1_x025,I4Ni2_1_x025,I4Ni2_1,False,x025,compensated_FiM_candidate,,0,1,P1,ALTERMAGNET,False,3,43.227,325,0.191067,8.324,1.709,-1.711,1.709,0.0020000000000000018,True,0.001
POSCAR_I4Ni2_1_x975,I4Ni2_1_x975,I4Ni2_1,False,x975,compensated_FiM_candidate,,0,1,P1,ALTERMAGNET,False,3,43.227,325,0.20446,7.82,1.682,-1.683,1.682,0.001000000000000112,True,0.001
POSCAR_I4Ni2_1_y025,I4Ni2_1_y025,I4Ni2_1,False,y025,compensated_FiM_candidate,,0,1,P1,ALTERMAGNET,False,3,43.227,325,0.193626,6.664,1.71,-1.71,1.71,0.0,True,0.001
POSCAR_I4Ni2_1_y975,I4Ni2_1_y975,I4Ni2_1,False,y975,compensated_FiM_candidate,,0,1,P1,ALTERMAGNET,False,3,43.227,325,0.200746,9.713,1.681,-1.684,1.681,0.0029999999999998916,True,0.001
POSCAR_I4Ni2_1_z025,I4Ni2_1_z025,I4Ni2_1,False,z025,ALTERMAGNET,mirror/rotoinv,1,2,Cc,ALTERMAGNET,True,3,43.227,325,0.173823,3.223,1.708,-1.71,1.708,0.0020000000000000018,True,0.001
POSCAR_I4Ni2_1_z050,I4Ni2_1_z050,I4Ni2_1,False,z050,ALTERMAGNET,mirror/rotoinv,1,2,Cc,ALTERMAGNET,True,3,43.227,325,0.167596,3.087,1.717,-1.719,1.717,0.0020000000000000018,True,0.001
POSCAR_I4Ni2_1_z950,I4Ni2_1_z950,I4Ni2_1,False,z950,ALTERMAGNET,mirror/rotoinv,1,2,Cc,ALTERMAGNET,True,3,43.227,325,0.212358,3.045,1.665,-1.667,1.665,0.0020000000000000018,True,0.001
POSCAR_I4Ni2_1_z975,I4Ni2_1_z975,I4Ni2_1,False,z975,ALTERMAGNET,mirror/rotoinv,1,2,Cc,ALTERMAGNET,True,3,43.227,325,0.205804,3.04,1.683,-1.684,1.683,0.0009999999999998899,True,0.001
POSCAR_I4Rh2_1,I4Rh2_1,I4Rh2_1,True,none,ALTERMAGNET,mirror/rotoinv|rotation,8,16,P4_2/mnm,ALTERMAGNET,True,3,136.498,1158,0.333762,0.725,0.833,-0.833,0.833,0.0,True,0.0
POSCAR_I4Rh2_1_x025,I4Rh2_1_x025,I4Rh2_1,False,x025,ALTERMAGNET,mirror/rotoinv|rotation,8,16,P4_2/mnm,ALTERMAGNET,True,3,136.498,1158,0.319593,0.733,0.842,-0.842,0.842,0.0,True,0.0
POSCAR_I4Rh2_1_x050,I4Rh2_1_x050,I4Rh2_1,False,x050,ALTERMAGNET,mirror/rotoinv|rotation,8,16,P4_2/mnm,ALTERMAGNET,True,3,136.498,1158,0.328146,0.736,0.851,-0.85,0.851,0.0010000000000000009,True,0.0
POSCAR_I4Rh2_1_x950,I4Rh2_1_x950,I4Rh2_1,False,x950,ALTERMAGNET,mirror/rotoinv|rotation,8,16,P4_2/mnm,ALTERMAGNET,True,3,136.498,1158,0.324707,0.695,0.818,-0.818,0.818,0.0,True,0.0
POSCAR_I4Rh2_1_x975,I4Rh2_1_x975,I4Rh2_1,False,x975,ALTERMAGNET,mirror/rotoinv|rotation,8,16,P4_2/mnm,ALTERMAGNET,True,3,136.498,1158,0.298322,0.709,0.826,-0.826,0.826,0.0,True,0.0
POSCAR_I4Rh2_1_y025,I4Rh2_1_y025,I4Rh2_1,False,y025,ALTERMAGNET,mirror/rotoinv|rotation,4,8,Pnnm,ALTERMAGNET,True,3,136.498,1158,0.321026,0.602,0.857,-0.857,0.857,0.0,True,0.0
POSCAR_I4Rh2_1_y050,I4Rh2_1_y050,I4Rh2_1,False,y050,ALTERMAGNET,mirror/rotoinv|rotation,4,8,Pnnm,ALTERMAGNET,True,3,136.498,1158,0.30681,0.573,0.879,-0.879,0.879,0.0,True,0.0
POSCAR_I4Rh2_1_y950,I4Rh2_1_y950,I4Rh2_1,False,y950,ALTERMAGNET,mirror/rotoinv|rotation,4,8,Pnnm,ALTERMAGNET,True,3,136.498,1158,0.312872,0.493,0.783,-0.783,0.783,0.0,True,0.0
POSCAR_I4Rh2_1_y975,I4Rh2_1_y975,I4Rh2_1,False,y975,ALTERMAGNET,mirror/rotoinv|rotation,4,8,Pnnm,ALTERMAGNET,True,3,136.498,1158,0.32213,0.589,0.809,-0.809,0.809,0.0,True,0.0
POSCAR_I4Rh2_1_z025,I4Rh2_1_z025,I4Rh2_1,False,z025,ALTERMAGNET,mirror/rotoinv|rotation,4,8,Pnnm,ALTERMAGNET,True,3,136.498,1158,0.321186,0.58,0.857,-0.857,0.857,0.0,True,0.0
POSCAR_I4Rh2_1_z050,I4Rh2_1_z050,I4Rh2_1,False,z050,ALTERMAGNET,mirror/rotoinv|rotation,4,8,Pnnm,ALTERMAGNET,True,3,136.498,1158,0.307126,0.509,0.879,-0.879,0.879,0.0,True,0.0
POSCAR_I4Rh2_1_z950,I4Rh2_1_z950,I4Rh2_1,False,z950,ALTERMAGNET,mirror/rotoinv|rotation,4,8,Pnnm,ALTERMAGNET,True,3,136.498,1158,0.314737,0.537,0.783,-0.783,0.783,0.0,True,0.0
POSCAR_I4Rh2_1_z975,I4Rh2_1_z975,I4Rh2_1,False,z975,ALTERMAGNET,mirror/rotoinv|rotation,4,8,Pnnm,ALTERMAGNET,True,3,136.498,1158,0.322891,0.613,0.809,-0.809,0.809,0.0,True,0.0
POSCAR_I4Ti2_1,I4Ti2_1,I4Ti2_1,True,none,ALTERMAGNET,mirror/rotoinv|rotation,8,16,P4_2/mnm,ALTERMAGNET,True,3,136.498,1158,0.080827,1.199,1.663,-1.663,1.663,0.0,True,0.0
POSCAR_I4Ti2_1_st025,I4Ti2_1_st025,I4Ti2_1,False,st025,ALTERMAGNET,mirror/rotoinv|rotation,8,16,P4_2/mnm,ALTERMAGNET,True,3,136.498,1158,0.060738,1.271,1.687,-1.687,1.687,0.0,True,0.0
POSCAR_I4Ti2_1_st050,I4Ti2_1_st050,I4Ti2_1,False,st050,ALTERMAGNET,mirror/rotoinv|rotation,8,16,P4_2/mnm,ALTERMAGNET,True,3,136.498,1158,0.069459,1.334,1.706,-1.707,1.706,0.001000000000000112,True,0.0
POSCAR_I4Ti2_1_st975,I4Ti2_1_st975,I4Ti2_1,False,st975,ALTERMAGNET,mirror/rotoinv|rotation,8,16,P4_2/mnm,ALTERMAGNET,True,3,136.498,1158,0.070806,1.07,1.635,-1.635,1.635,0.0,True,0.0
POSCAR_I4Ti2_1_x025,I4Ti2_1_x025,I4Ti2_1,False,x025,ALTERMAGNET,mirror/rotoinv|rotation,8,16,P4_2/mnm,ALTERMAGNET,True,3,136.498,1158,0.095834,1.187,1.672,-1.672,1.672,0.0,True,0.0
POSCAR_I4Ti2_1_x050,I4Ti2_1_x050,I4Ti2_1,False,x050,ALTERMAGNET,mirror/rotoinv|rotation,8,16,P4_2/mnm,ALTERMAGNET,True,3,136.498,1158,0.101853,1.113,1.68,-1.68,1.68,0.0,True,0.0
POSCAR_I4Ti2_1_x950,I4Ti2_1_x950,I4Ti2_1,False,x950,ALTERMAGNET,mirror/rotoinv|rotation,8,16,P4_2/mnm,ALTERMAGNET,True,3,136.498,1158,0.069829,1.197,1.643,-1.643,1.643,0.0,True,0.0
POSCAR_I4Ti2_1_x975,I4Ti2_1_x975,I4Ti2_1,False,x975,ALTERMAGNET,mirror/rotoinv|rotation,8,16,P4_2/mnm,ALTERMAGNET,True,3,136.498,1158,0.059235,1.185,1.654,-1.654,1.654,0.0,True,0.0
POSCAR_I4Ti2_1_y025,I4Ti2_1_y025,I4Ti2_1,False,y025,ALTERMAGNET,mirror/rotoinv|rotation,4,8,Pnnm,ALTERMAGNET,True,3,136.498,1158,0.054266,1.349,1.671,-1.671,1.671,0.0,True,0.0
POSCAR_I4Ti2_1_y050,I4Ti2_1_y050,I4Ti2_1,False,y050,ALTERMAGNET,mirror/rotoinv|rotation,4,8,Pnnm,ALTERMAGNET,True,3,136.498,1158,0.044192,1.008,1.678,-1.679,1.678,0.001000000000000112,True,0.0
POSCAR_I4Ti2_1_y950,I4Ti2_1_y950,I4Ti2_1,False,y950,ALTERMAGNET,mirror/rotoinv|rotation,4,8,Pnnm,ALTERMAGNET,True,3,136.498,1158,0.056076,0.981,1.646,-1.646,1.646,0.0,True,0.0
POSCAR_I4Ti2_1_y975,I4Ti2_1_y975,I4Ti2_1,False,y975,ALTERMAGNET,mirror/rotoinv|rotation,4,8,Pnnm,ALTERMAGNET,True,3,136.498,1158,0.055313,1.437,1.655,-1.655,1.655,0.0,True,0.0
POSCAR_I4Ti2_1_z025,I4Ti2_1_z025,I4Ti2_1,False,z025,ALTERMAGNET,mirror/rotoinv|rotation,4,8,Pnnm,ALTERMAGNET,True,3,136.498,1158,0.053516,1.182,1.671,-1.671,1.671,0.0,True,0.0
POSCAR_I4Ti2_1_z050,I4Ti2_1_z050,I4Ti2_1,False,z050,ALTERMAGNET,mirror/rotoinv|rotation,4,8,Pnnm,ALTERMAGNET,True,3,136.498,1158,0.046923,1.217,1.678,-1.679,1.678,0.001000000000000112,True,0.0
POSCAR_I4Ti2_1_z950,I4Ti2_1_z950,I4Ti2_1,False,z950,ALTERMAGNET,mirror/rotoinv|rotation,4,8,Pnnm,ALTERMAGNET,True,3,136.498,1158,0.055599,0.776,1.646,-1.646,1.646,0.0,True,0.0
POSCAR_I4Ti2_1_z975,I4Ti2_1_z975,I4Ti2_1,False,z975,ALTERMAGNET,mirror/rotoinv|rotation,4,8,Pnnm,ALTERMAGNET,True,3,136.498,1158,0.055284,0.933,1.655,-1.655,1.655,0.0,True,0.0
POSCAR_I6Nb2_1,I6Nb2_1,I6Nb2_1,True,none,ALTERMAGNET,mirror/rotoinv|rotation,6,12,R-3c,ALTERMAGNET,True,3,167.107,1337,0.172142,0.203,1.738,-1.738,1.738,0.0,True,0.0
POSCAR_I6Nb2_1_st025,I6Nb2_1_st025,I6Nb2_1,False,st025,ALTERMAGNET,mirror/rotoinv|rotation,6,12,R-3c,ALTERMAGNET,True,3,167.107,1337,0.167922,0.178,1.796,-1.796,1.796,0.0,True,0.0
POSCAR_I6Nb2_1_st050,I6Nb2_1_st050,I6Nb2_1,False,st050,ALTERMAGNET,mirror/rotoinv|rotation,6,12,R-3c,ALTERMAGNET,True,3,167.107,1337,0.18972,0.317,1.851,-1.851,1.851,0.0,True,0.0
POSCAR_I6Nb2_1_st950,I6Nb2_1_st950,I6Nb2_1,False,st950,ALTERMAGNET,mirror/rotoinv|rotation,6,12,R-3c,ALTERMAGNET,True,3,167.107,1337,0.259746,0.18,1.602,-1.602,1.602,0.0,True,0.0
POSCAR_I6Nb2_1_st975,I6Nb2_1_st975,I6Nb2_1,False,st975,ALTERMAGNET,mirror/rotoinv|rotation,6,12,R-3c,ALTERMAGNET,True,3,167.107,1337,0.2289,0.188,1.673,-1.673,1.673,0.0,True,0.0
POSCAR_I6Nb2_1_x025,I6Nb2_1_x025,I6Nb2_1,False,x025,compensated_FiM_candidate,,0,2,P-1,ALTERMAGNET,False,3,167.107,1337,0.186125,4.295,1.759,-1.758,1.759,0.0009999999999998899,True,0.0
POSCAR_I6Nb2_1_x975,I6Nb2_1_x975,I6Nb2_1,False,x975,compensated_FiM_candidate,,0,2,P-1,ALTERMAGNET,False,3,167.107,1337,0.209331,5.227,1.717,-1.717,1.717,0.0,True,0.0
POSCAR_I6Nb2_1_y025,I6Nb2_1_y025,I6Nb2_1,False,y025,compensated_FiM_candidate,,0,2,P-1,ALTERMAGNET,False,3,167.107,1337,0.188243,4.306,1.758,-1.759,1.758,0.0009999999999998899,True,0.0
POSCAR_I6Nb2_1_y975,I6Nb2_1_y975,I6Nb2_1,False,y975,compensated_FiM_candidate,,0,2,P-1,ALTERMAGNET,False,3,167.107,1337,0.208717,5.181,1.717,-1.717,1.717,0.0,True,0.0
POSCAR_I6Nb2_1_z025,I6Nb2_1_z025,I6Nb2_1,False,z025,ALTERMAGNET,mirror/rotoinv|rotation,2,4,C2/c,ALTERMAGNET,True,3,167.107,1337,0.160022,0.191,1.757,-1.757,1.757,0.0,True,0.0
POSCAR_I6Nb2_1_z050,I6Nb2_1_z050,I6Nb2_1,False,z050,ALTERMAGNET,mirror/rotoinv|rotation,2,4,C2/c,ALTERMAGNET,True,3,167.107,1337,0.175856,0.172,1.777,-1.777,1.777,0.0,True,0.0
POSCAR_I6Nb2_1_z950,I6Nb2_1_z950,I6Nb2_1,False,z950,ALTERMAGNET,mirror/rotoinv|rotation,2,4,C2/c,ALTERMAGNET,True,3,167.107,1337,0.266269,0.216,1.697,-1.698,1.697,0.0009999999999998899,True,0.0
POSCAR_I6Nb2_1_z975,I6Nb2_1_z975,I6Nb2_1,False,z975,ALTERMAGNET,mirror/rotoinv|rotation,2,4,C2/c,ALTERMAGNET,True,3,167.107,1337,0.223632,0.214,1.718,-1.718,1.718,0.0,True,0.0
POSCAR_In6Mo2_1,In6Mo2_1,In6Mo2_1,True,none,conventional_AFM_inversion,inversion|mirror/rotoinv|rotation,4,8,Pmmn,conventional_AFM_inversion,True,3,59.408,506,0.027712,3.41,3.552,-3.557,3.552,0.004999999999999893,True,0.004
POSCAR_In6Mo2_1_x950,In6Mo2_1_x950,In6Mo2_1,False,x950,conventional_AFM_inversion,inversion|mirror/rotoinv|rotation,4,8,Pmmn,conventional_AFM_inversion,True,3,59.408,506,0.026475,3.756,3.464,-3.47,3.464,0.006000000000000227,True,0.003
POSCAR_In6Mo2_1_y050,In6Mo2_1_y050,In6Mo2_1,False,y050,conventional_AFM_inversion,inversion|mirror/rotoinv|rotation,4,8,Pmmn,conventional_AFM_inversion,True,3,59.408,506,0.026808,2.97,3.633,-3.637,3.633,0.0040000000000000036,True,0.001
POSCAR_In8Mn2_3,In8Mn2_3,In8Mn2_3,True,none,ALTERMAGNET,mirror/rotoinv|rotation,8,16,P4/mbm,ALTERMAGNET,True,3,127.393,1053,0.30061,0.322,4.441,-4.442,4.441,0.001000000000000334,True,0.001
POSCAR_In8Mn2_3_st025,In8Mn2_3_st025,In8Mn2_3,False,st025,ALTERMAGNET,mirror/rotoinv|rotation,8,16,P4/mbm,ALTERMAGNET,True,3,127.393,1053,0.338828,0.412,4.504,-4.504,4.504,0.0,True,0.002
POSCAR_In8Mn2_3_st050,In8Mn2_3_st050,In8Mn2_3,False,st050,ALTERMAGNET,mirror/rotoinv|rotation,8,16,P4/mbm,ALTERMAGNET,True,3,127.393,1053,0.324021,0.183,4.557,-4.558,4.557,0.0009999999999994458,True,0.0
POSCAR_In8Mn2_3_st950,In8Mn2_3_st950,In8Mn2_3,False,st950,ALTERMAGNET,mirror/rotoinv|rotation,8,16,P4/mbm,ALTERMAGNET,True,3,127.393,1053,0.301508,0.824,4.258,-4.259,4.258,0.001000000000000334,True,0.001
POSCAR_In8Mn2_3_st975,In8Mn2_3_st975,In8Mn2_3,False,st975,ALTERMAGNET,mirror/rotoinv|rotation,8,16,P4/mbm,ALTERMAGNET,True,3,127.393,1053,0.285472,0.635,4.36,-4.361,4.36,0.0009999999999994458,True,0.003
POSCAR_In8Mn2_3_x025,In8Mn2_3_x025,In8Mn2_3,False,x025,ALTERMAGNET,mirror/rotoinv|rotation,4,8,Pbam,ALTERMAGNET,True,3,127.393,1053,0.35849,0.453,4.46,-4.461,4.46,0.001000000000000334,True,0.001
POSCAR_In8Mn2_3_x050,In8Mn2_3_x050,In8Mn2_3,False,x050,ALTERMAGNET,mirror/rotoinv|rotation,4,8,Pbam,ALTERMAGNET,True,3,127.393,1053,0.388345,0.367,4.479,-4.479,4.479,0.0,True,0.001
POSCAR_In8Mn2_3_x950,In8Mn2_3_x950,In8Mn2_3,False,x950,ALTERMAGNET,mirror/rotoinv|rotation,4,8,Pbam,ALTERMAGNET,True,3,127.393,1053,0.326536,0.277,4.393,-4.393,4.393,0.0,True,0.0
POSCAR_In8Mn2_3_x975,In8Mn2_3_x975,In8Mn2_3,False,x975,ALTERMAGNET,mirror/rotoinv|rotation,4,8,Pbam,ALTERMAGNET,True,3,127.393,1053,0.287352,0.39,4.418,-4.418,4.418,0.0,True,0.001
POSCAR_In8Mn2_3_y025,In8Mn2_3_y025,In8Mn2_3,False,y025,ALTERMAGNET,mirror/rotoinv|rotation,4,8,Pbam,ALTERMAGNET,True,3,127.393,1053,0.358602,0.427,4.46,-4.461,4.46,0.001000000000000334,True,0.002
POSCAR_In8Mn2_3_y050,In8Mn2_3_y050,In8Mn2_3,False,y050,ALTERMAGNET,mirror/rotoinv|rotation,4,8,Pbam,ALTERMAGNET,True,3,127.393,1053,0.389164,0.506,4.478,-4.479,4.478,0.001000000000000334,True,0.003
POSCAR_In8Mn2_3_y950,In8Mn2_3_y950,In8Mn2_3,False,y950,ALTERMAGNET,mirror/rotoinv|rotation,4,8,Pbam,ALTERMAGNET,True,3,127.393,1053,0.326602,0.321,4.393,-4.393,4.393,0.0,True,0.001
POSCAR_In8Mn2_3_y975,In8Mn2_3_y975,In8Mn2_3,False,y975,ALTERMAGNET,mirror/rotoinv|rotation,4,8,Pbam,ALTERMAGNET,True,3,127.393,1053,0.287483,0.381,4.418,-4.418,4.418,0.0,True,0.001
POSCAR_In8Mn2_3_z025,In8Mn2_3_z025,In8Mn2_3,False,z025,ALTERMAGNET,mirror/rotoinv|rotation,8,16,P4/mbm,ALTERMAGNET,True,3,127.393,1053,0.290864,0.368,4.469,-4.47,4.469,0.0009999999999994458,True,0.001
POSCAR_In8Mn2_3_z050,In8Mn2_3_z050,In8Mn2_3,False,z050,ALTERMAGNET,mirror/rotoinv|rotation,8,16,P4/mbm,ALTERMAGNET,True,3,127.393,1053,0.277931,0.261,4.491,-4.492,4.491,0.001000000000000334,True,0.001
POSCAR_In8Mn2_3_z975,In8Mn2_3_z975,In8Mn2_3,False,z975,ALTERMAGNET,mirror/rotoinv|rotation,8,16,P4/mbm,ALTERMAGNET,True,3,127.393,1053,0.304418,0.804,4.414,-4.415,4.414,0.001000000000000334,True,0.002
POSCAR_Mn2N2_2,Mn2N2_2,Mn2N2_2,True,none,compensated_FiM_candidate,,0,2,Cm,compensated_FiM_candidate,True,1,8.32,39,0.464386,3.457,3.971,-3.972,3.971,0.0009999999999998899,True,0.001
POSCAR_Mn2N2_2_st025,Mn2N2_2_st025,Mn2N2_2,False,st025,compensated_FiM_candidate,,0,2,Cm,compensated_FiM_candidate,True,1,8.32,39,0.472685,2.68,4.075,-4.074,4.075,0.001000000000000334,True,0.001
POSCAR_Mn2N2_2_st050,Mn2N2_2_st050,Mn2N2_2,False,st050,compensated_FiM_candidate,,0,2,Cm,compensated_FiM_candidate,True,1,8.32,39,0.47309,2.332,4.166,-4.166,4.166,0.0,True,0.001
POSCAR_Mn2N2_2_st950,Mn2N2_2_st950,Mn2N2_2,False,st950,compensated_FiM_candidate,,0,2,Cm,compensated_FiM_candidate,True,1,8.32,39,0.5519,4.162,3.723,-3.723,3.723,0.0,True,0.0
POSCAR_Mn2N2_2_st975,Mn2N2_2_st975,Mn2N2_2,False,st975,compensated_FiM_candidate,,0,2,Cm,compensated_FiM_candidate,True,1,8.32,39,0.507699,3.829,3.856,-3.856,3.856,0.0,True,0.001
POSCAR_Mn2N2_2_x025,Mn2N2_2_x025,Mn2N2_2,False,x025,compensated_FiM_candidate,,0,1,P1,compensated_FiM_candidate,True,1,8.32,39,0.46863,3.506,4.007,-4.007,4.007,0.0,True,0.0
POSCAR_Mn2N2_2_x050,Mn2N2_2_x050,Mn2N2_2,False,x050,compensated_FiM_candidate,,0,1,P1,compensated_FiM_candidate,True,1,8.32,39,0.466563,4.703,4.04,-4.039,4.04,0.001000000000000334,True,0.0
POSCAR_Mn2N2_2_x950,Mn2N2_2_x950,Mn2N2_2,False,x950,compensated_FiM_candidate,,0,1,P1,compensated_FiM_candidate,True,1,8.32,39,0.513671,3.616,3.89,-3.889,3.89,0.001000000000000334,True,0.0
POSCAR_Mn2N2_2_x975,Mn2N2_2_x975,Mn2N2_2,False,x975,compensated_FiM_candidate,,0,2,Cm,compensated_FiM_candidate,True,1,8.32,39,0.489043,2.952,3.933,-3.932,3.933,0.0009999999999998899,True,0.0
POSCAR_Mn2N2_2_y025,Mn2N2_2_y025,Mn2N2_2,False,y025,compensated_FiM_candidate,,0,2,Cm,compensated_FiM_candidate,True,1,8.32,39,0.470652,2.75,4.007,-4.007,4.007,0.0,True,0.0
POSCAR_Mn2N2_2_y050,Mn2N2_2_y050,Mn2N2_2,False,y050,compensated_FiM_candidate,,0,1,P1,compensated_FiM_candidate,True,1,8.32,39,0.469483,3.708,4.04,-4.039,4.04,0.001000000000000334,True,0.001
POSCAR_Mn2N2_2_y950,Mn2N2_2_y950,Mn2N2_2,False,y950,compensated_FiM_candidate,,0,1,P1,compensated_FiM_candidate,True,1,8.32,39,0.506079,4.245,3.89,-3.889,3.89,0.001000000000000334,True,0.002
POSCAR_Mn2N2_2_y975,Mn2N2_2_y975,Mn2N2_2,False,y975,compensated_FiM_candidate,,0,1,P1,compensated_FiM_candidate,True,1,8.32,39,0.477805,3.349,3.932,-3.932,3.932,0.0,True,0.001
POSCAR_Mn2N2_2_z025,Mn2N2_2_z025,Mn2N2_2,False,z025,compensated_FiM_candidate,,0,2,Cm,compensated_FiM_candidate,True,1,8.32,39,0.467926,3.298,4.005,-4.003,4.005,0.0019999999999997797,True,0.002
POSCAR_Mn2N2_2_z050,Mn2N2_2_z050,Mn2N2_2,False,z050,compensated_FiM_candidate,,0,2,Cm,compensated_FiM_candidate,True,1,8.32,39,0.465246,5.583,4.035,-4.032,4.035,0.0030000000000001137,True,0.004
POSCAR_Mn2N2_2_z950,Mn2N2_2_z950,Mn2N2_2,False,z950,compensated_FiM_candidate,,0,2,Cm,compensated_FiM_candidate,True,1,8.32,39,0.462139,3.399,3.895,-3.895,3.895,0.0,True,0.0
POSCAR_Mn2N2_2_z975,Mn2N2_2_z975,Mn2N2_2,False,z975,compensated_FiM_candidate,,0,2,Cm,compensated_FiM_candidate,True,1,8.32,39,0.469589,3.434,3.936,-3.934,3.936,0.0019999999999997797,True,0.002
POSCAR_Mn2N2_3,Mn2N2_3,Mn2N2_3,True,none,ALTERMAGNET,mirror/rotoinv|rotation,2,4,C2/c,ALTERMAGNET,True,3,15.89,96,0.951758,3.641,3.78,-3.779,3.78,0.0009999999999998899,True,0.0
POSCAR_Mn2N2_3_st025,Mn2N2_3_st025,Mn2N2_3,False,st025,ALTERMAGNET,mirror/rotoinv|rotation,2,4,C2/c,ALTERMAGNET,True,3,15.89,96,0.950584,3.561,3.882,-3.881,3.882,0.001000000000000334,True,0.0
POSCAR_Mn2N2_3_st050,Mn2N2_3_st050,Mn2N2_3,False,st050,ALTERMAGNET,mirror/rotoinv|rotation,2,4,C2/c,ALTERMAGNET,True,3,15.89,96,0.943564,3.524,3.986,-3.985,3.986,0.001000000000000334,True,0.0
POSCAR_Mn2N2_3_st950,Mn2N2_3_st950,Mn2N2_3,False,st950,ALTERMAGNET,mirror/rotoinv|rotation,2,4,C2/c,ALTERMAGNET,True,3,15.89,96,1.061157,3.786,3.572,-3.571,3.572,0.0009999999999998899,True,0.0
POSCAR_Mn2N2_3_st975,Mn2N2_3_st975,Mn2N2_3,False,st975,ALTERMAGNET,mirror/rotoinv|rotation,2,4,C2/c,ALTERMAGNET,True,3,15.89,96,0.968497,3.722,3.678,-3.677,3.678,0.0009999999999998899,True,0.0
POSCAR_Mn2N2_3_z025,Mn2N2_3_z025,Mn2N2_3,False,z025,ALTERMAGNET,mirror/rotoinv|rotation,2,4,C2/c,ALTERMAGNET,True,3,15.89,96,1.030581,3.518,3.813,-3.812,3.813,0.001000000000000334,True,0.0
POSCAR_Mn2N2_3_z050,Mn2N2_3_z050,Mn2N2_3,False,z050,ALTERMAGNET,mirror/rotoinv|rotation,2,4,C2/c,ALTERMAGNET,True,3,15.89,96,1.077095,3.6,3.847,-3.846,3.847,0.0009999999999998899,True,0.0
POSCAR_Mn2N2_3_z950,Mn2N2_3_z950,Mn2N2_3,False,z950,ALTERMAGNET,mirror/rotoinv|rotation,2,4,C2/c,ALTERMAGNET,True,3,15.89,96,1.008152,3.565,3.713,-3.712,3.713,0.0009999999999998899,True,0.0
POSCAR_Mn2N2_3_z975,Mn2N2_3_z975,Mn2N2_3,False,z975,ALTERMAGNET,mirror/rotoinv|rotation,2,4,C2/c,ALTERMAGNET,True,3,15.89,96,0.911785,3.69,3.747,-3.746,3.747,0.0009999999999998899,True,0.0
POSCAR_Mn2N2_7,Mn2N2_7,Mn2N2_7,True,none,conventional_AFM_translation,mirror/rotoinv|translation,2,4,Cm,conventional_AFM_translation,True,4,8.35,42,0.012529,1.527,3.915,-3.915,3.915,0.0,True,0.0
POSCAR_Mn2N2_7_st025,Mn2N2_7_st025,Mn2N2_7,False,st025,conventional_AFM_translation,mirror/rotoinv|translation,2,4,Cm,conventional_AFM_translation,True,4,8.35,42,0.011816,1.645,4.03,-4.03,4.03,0.0,True,0.001
POSCAR_Mn2N2_7_st050,Mn2N2_7_st050,Mn2N2_7,False,st050,conventional_AFM_translation,mirror/rotoinv|translation,2,4,Cm,conventional_AFM_translation,True,4,8.35,42,0.011117,1.335,4.132,-4.132,4.132,0.0,True,0.0
POSCAR_Mn2N2_7_st950,Mn2N2_7_st950,Mn2N2_7,False,st950,conventional_AFM_translation,mirror/rotoinv|translation,2,4,Cm,conventional_AFM_translation,True,4,8.35,42,0.012034,1.78,3.633,-3.634,3.633,0.0009999999999998899,True,0.0
POSCAR_Mn2N2_7_st975,Mn2N2_7_st975,Mn2N2_7,False,st975,conventional_AFM_translation,mirror/rotoinv|translation,2,4,Cm,conventional_AFM_translation,True,4,8.35,42,0.013105,1.621,3.784,-3.784,3.784,0.0,True,0.0
POSCAR_Mn2N2_7_x025,Mn2N2_7_x025,Mn2N2_7,False,x025,conventional_AFM_translation,translation,1,2,P1,conventional_AFM_translation,True,4,8.35,42,0.012438,1.625,3.953,-3.953,3.953,0.0,True,0.001
POSCAR_Mn2N2_7_x050,Mn2N2_7_x050,Mn2N2_7,False,x050,conventional_AFM_translation,translation,1,2,P1,conventional_AFM_translation,True,4,8.35,42,0.013094,1.549,3.988,-3.989,3.988,0.0009999999999998899,True,0.0
POSCAR_Mn2N2_7_x950,Mn2N2_7_x950,Mn2N2_7,False,x950,conventional_AFM_translation,translation,1,2,P1,conventional_AFM_translation,True,4,8.35,42,0.011777,1.973,3.828,-3.829,3.828,0.001000000000000334,True,0.0
POSCAR_Mn2N2_7_x975,Mn2N2_7_x975,Mn2N2_7,False,x975,conventional_AFM_translation,mirror/rotoinv|translation,2,4,Cm,conventional_AFM_translation,True,4,8.35,42,0.012624,1.66,3.874,-3.874,3.874,0.0,True,0.0
POSCAR_Mn2N2_7_y025,Mn2N2_7_y025,Mn2N2_7,False,y025,conventional_AFM_translation,mirror/rotoinv|translation,2,4,Cm,conventional_AFM_translation,True,4,8.35,42,0.012409,1.681,3.952,-3.952,3.952,0.0,True,0.0
POSCAR_Mn2N2_7_y050,Mn2N2_7_y050,Mn2N2_7,False,y050,conventional_AFM_translation,translation,1,2,Cm,conventional_AFM_translation,True,4,8.35,42,0.012113,1.643,3.987,-3.987,3.987,0.0,True,0.0
POSCAR_Mn2N2_7_y950,Mn2N2_7_y950,Mn2N2_7,False,y950,conventional_AFM_translation,translation,1,2,P1,conventional_AFM_translation,True,4,8.35,42,0.013083,1.741,3.831,-3.832,3.831,0.0009999999999998899,True,0.0
POSCAR_Mn2N2_7_y975,Mn2N2_7_y975,Mn2N2_7,False,y975,conventional_AFM_translation,translation,1,2,P1,conventional_AFM_translation,True,4,8.35,42,0.012997,1.597,3.875,-3.875,3.875,0.0,True,0.001
POSCAR_Mn2N2_7_z025,Mn2N2_7_z025,Mn2N2_7,False,z025,conventional_AFM_translation,mirror/rotoinv|translation,2,4,Cm,conventional_AFM_translation,True,4,8.35,42,0.01224,1.64,3.957,-3.957,3.957,0.0,True,0.001
POSCAR_Mn2N2_7_z050,Mn2N2_7_z050,Mn2N2_7,False,z050,conventional_AFM_translation,mirror/rotoinv|translation,2,4,Cm,conventional_AFM_translation,True,4,8.35,42,0.011831,1.624,3.993,-3.993,3.993,0.0,True,0.001
POSCAR_Mn2N2_7_z950,Mn2N2_7_z950,Mn2N2_7,False,z950,conventional_AFM_translation,mirror/rotoinv|translation,2,4,I-4m2,conventional_AFM_translation,True,4,8.35,42,0.012938,1.35,3.812,-3.813,3.812,0.001000000000000334,True,0.0
POSCAR_Mn2N2_7_z975,Mn2N2_7_z975,Mn2N2_7,False,z975,conventional_AFM_translation,mirror/rotoinv|translation,2,4,Cm,conventional_AFM_translation,True,4,8.35,42,0.012873,1.616,3.868,-3.868,3.868,0.0,True,0.0
POSCAR_Mn2O2_5,Mn2O2_5,Mn2O2_5,True,none,ALTERMAGNET,mirror/rotoinv|rotation,6,12,P6_3mc,ALTERMAGNET,True,3,186.206,1436,0.211714,0.859,4.568,-4.568,4.568,0.0,True,0.0
POSCAR_Mn2O2_5_st025,Mn2O2_5_st025,Mn2O2_5,False,st025,ALTERMAGNET,mirror/rotoinv|rotation,6,12,P6_3mc,ALTERMAGNET,True,3,186.206,1436,0.178723,0.818,4.594,-4.594,4.594,0.0,True,0.0
POSCAR_Mn2O2_5_st050,Mn2O2_5_st050,Mn2O2_5,False,st050,ALTERMAGNET,mirror/rotoinv|rotation,6,12,P6_3mc,ALTERMAGNET,True,3,186.206,1436,0.197917,0.777,4.617,-4.617,4.617,0.0,True,0.0
POSCAR_Mn2O2_5_st950,Mn2O2_5_st950,Mn2O2_5,False,st950,ALTERMAGNET,mirror/rotoinv|rotation,6,12,P6_3mc,ALTERMAGNET,True,3,186.206,1436,0.235928,0.985,4.495,-4.495,4.495,0.0,True,0.0
POSCAR_Mn2O2_5_st975,Mn2O2_5_st975,Mn2O2_5,False,st975,ALTERMAGNET,mirror/rotoinv|rotation,6,12,P6_3mc,ALTERMAGNET,True,3,186.206,1436,0.215359,0.938,4.535,-4.535,4.535,0.0,True,0.0
POSCAR_Mn2O2_5_x025,Mn2O2_5_x025,Mn2O2_5,False,x025,ALTERMAGNET,mirror/rotoinv|rotation,2,4,Cmc2_1,ALTERMAGNET,True,3,186.206,1436,0.203283,0.81,4.575,-4.575,4.575,0.0,True,0.0
POSCAR_Mn2O2_5_x050,Mn2O2_5_x050,Mn2O2_5,False,x050,ALTERMAGNET,rotation,1,2,P2_1,ALTERMAGNET,True,3,186.206,1436,0.19388,0.777,4.582,-4.582,4.582,0.0,True,0.0
POSCAR_Mn2O2_5_x950,Mn2O2_5_x950,Mn2O2_5,False,x950,ALTERMAGNET,rotation,1,2,P2_1,ALTERMAGNET,True,3,186.206,1436,0.234062,0.911,4.547,-4.547,4.547,0.0,True,0.0
POSCAR_Mn2O2_5_x975,Mn2O2_5_x975,Mn2O2_5,False,x975,ALTERMAGNET,mirror/rotoinv|rotation,2,4,Cmc2_1,ALTERMAGNET,True,3,186.206,1436,0.21409,0.899,4.558,-4.558,4.558,0.0,True,0.0
POSCAR_Mn2O2_5_y025,Mn2O2_5_y025,Mn2O2_5,False,y025,ALTERMAGNET,mirror/rotoinv|rotation,2,4,Cmc2_1,ALTERMAGNET,True,3,186.206,1436,0.203245,0.817,4.575,-4.575,4.575,0.0,True,0.0
POSCAR_Mn2O2_5_y050,Mn2O2_5_y050,Mn2O2_5,False,y050,ALTERMAGNET,rotation,1,2,P2_1,ALTERMAGNET,True,3,186.206,1436,0.193881,0.798,4.582,-4.582,4.582,0.0,True,0.0
POSCAR_Mn2O2_5_y950,Mn2O2_5_y950,Mn2O2_5,False,y950,ALTERMAGNET,rotation,1,2,P2_1,ALTERMAGNET,True,3,186.206,1436,0.234393,0.921,4.547,-4.547,4.547,0.0,True,0.0
POSCAR_Mn2O2_5_y975,Mn2O2_5_y975,Mn2O2_5,False,y975,ALTERMAGNET,mirror/rotoinv|rotation,2,4,Cmc2_1,ALTERMAGNET,True,3,186.206,1436,0.213477,0.897,4.558,-4.558,4.558,0.0,True,0.0
POSCAR_Mn2O2_5_z025,Mn2O2_5_z025,Mn2O2_5,False,z025,ALTERMAGNET,mirror/rotoinv|rotation,6,12,P6_3mc,ALTERMAGNET,True,3,186.206,1436,0.238307,0.886,4.579,-4.579,4.579,0.0,True,0.0
POSCAR_Mn2O2_5_z050,Mn2O2_5_z050,Mn2O2_5,False,z050,ALTERMAGNET,mirror/rotoinv|rotation,6,12,P6_3mc,ALTERMAGNET,True,3,186.206,1436,0.221644,0.91,4.588,-4.588,4.588,0.0,True,0.0
POSCAR_Mn2O2_5_z950,Mn2O2_5_z950,Mn2O2_5,False,z950,ALTERMAGNET,mirror/rotoinv|rotation,6,12,P6_3mc,ALTERMAGNET,True,3,186.206,1436,0.190221,0.836,4.538,-4.538,4.538,0.0,True,0.0
POSCAR_Mn2O2_5_z975,Mn2O2_5_z975,Mn2O2_5,False,z975,ALTERMAGNET,mirror/rotoinv|rotation,6,12,P6_3mc,ALTERMAGNET,True,3,186.206,1436,0.200725,0.779,4.554,-4.554,4.554,0.0,True,0.0
POSCAR_Mn2O2_6,Mn2O2_6,Mn2O2_6,True,none,ALTERMAGNET,mirror/rotoinv|rotation,2,4,C2/c,ALTERMAGNET,True,3,15.89,96,0.868847,1.723,4.543,-4.543,4.543,0.0,True,0.0
POSCAR_Mn2O2_6_st025,Mn2O2_6_st025,Mn2O2_6,False,st025,ALTERMAGNET,mirror/rotoinv|rotation,2,4,C2/c,ALTERMAGNET,True,3,15.89,96,0.920812,1.839,4.572,-4.572,4.572,0.0,True,0.0
POSCAR_Mn2O2_6_st050,Mn2O2_6_st050,Mn2O2_6,False,st050,ALTERMAGNET,mirror/rotoinv|rotation,2,4,C2/c,ALTERMAGNET,True,3,15.89,96,0.904706,1.708,4.596,-4.596,4.596,0.0,True,0.0
POSCAR_Mn2O2_6_st950,Mn2O2_6_st950,Mn2O2_6,False,st950,ALTERMAGNET,mirror/rotoinv|rotation,2,4,C2/c,ALTERMAGNET,True,3,15.89,96,0.761793,1.863,4.464,-4.464,4.464,0.0,True,0.0
POSCAR_Mn2O2_6_st975,Mn2O2_6_st975,Mn2O2_6,False,st975,ALTERMAGNET,mirror/rotoinv|rotation,2,4,C2/c,ALTERMAGNET,True,3,15.89,96,0.80736,1.75,4.508,-4.508,4.508,0.0,True,0.0
POSCAR_Mn2O2_6_z025,Mn2O2_6_z025,Mn2O2_6,False,z025,ALTERMAGNET,mirror/rotoinv|rotation,2,4,C2/c,ALTERMAGNET,True,3,15.89,96,0.92597,1.923,4.555,-4.555,4.555,0.0,True,0.0
POSCAR_Mn2O2_6_z050,Mn2O2_6_z050,Mn2O2_6,False,z050,ALTERMAGNET,mirror/rotoinv|rotation,2,4,C2/c,ALTERMAGNET,True,3,15.89,96,0.970816,2.074,4.565,-4.565,4.565,0.0,True,0.0
POSCAR_Mn2O2_6_z950,Mn2O2_6_z950,Mn2O2_6,False,z950,ALTERMAGNET,mirror/rotoinv|rotation,2,4,C2/c,ALTERMAGNET,True,3,15.89,96,0.82362,1.848,4.51,-4.51,4.51,0.0,True,0.0
POSCAR_Mn2O2_6_z975,Mn2O2_6_z975,Mn2O2_6,False,z975,ALTERMAGNET,mirror/rotoinv|rotation,2,4,C2/c,ALTERMAGNET,True,3,15.89,96,0.808567,1.901,4.528,-4.528,4.528,0.0,True,0.0
POSCAR_Mn2O2_7,Mn2O2_7,Mn2O2_7,True,none,compensated_FiM_candidate,,0,2,Cm,compensated_FiM_candidate,True,1,8.32,39,0.034442,8.543,4.539,-4.539,4.539,0.0,True,0.0
POSCAR_Mn2O2_7_st025,Mn2O2_7_st025,Mn2O2_7,False,st025,compensated_FiM_candidate,,0,2,Cm,compensated_FiM_candidate,True,1,8.32,39,0.032553,7.851,4.572,-4.572,4.572,0.0,True,0.0
POSCAR_Mn2O2_7_st050,Mn2O2_7_st050,Mn2O2_7,False,st050,compensated_FiM_candidate,,0,2,Cm,compensated_FiM_candidate,True,1,8.32,39,0.030727,6.994,4.599,-4.599,4.599,0.0,True,0.0
POSCAR_Mn2O2_7_st950,Mn2O2_7_st950,Mn2O2_7,False,st950,compensated_FiM_candidate,,0,2,Cm,compensated_FiM_candidate,True,1,8.32,39,0.032829,9.139,4.448,-4.448,4.448,0.0,True,0.0
POSCAR_Mn2O2_7_st975,Mn2O2_7_st975,Mn2O2_7,False,st975,compensated_FiM_candidate,,0,2,Cm,compensated_FiM_candidate,True,1,8.32,39,0.036557,8.963,4.498,-4.498,4.498,0.0,True,0.0
POSCAR_Mn2O2_7_x025,Mn2O2_7_x025,Mn2O2_7,False,x025,compensated_FiM_candidate,,0,1,P1,compensated_FiM_candidate,True,1,8.32,39,0.034154,7.998,4.548,-4.548,4.548,0.0,True,0.0
POSCAR_Mn2O2_7_x050,Mn2O2_7_x050,Mn2O2_7,False,x050,compensated_FiM_candidate,,0,1,P1,compensated_FiM_candidate,True,1,8.32,39,0.034203,7.463,4.556,-4.556,4.556,0.0,True,0.0
POSCAR_Mn2O2_7_x950,Mn2O2_7_x950,Mn2O2_7,False,x950,compensated_FiM_candidate,,0,1,P1,compensated_FiM_candidate,True,1,8.32,39,0.030398,7.785,4.516,-4.516,4.516,0.0,True,0.0
POSCAR_Mn2O2_7_x975,Mn2O2_7_x975,Mn2O2_7,False,x975,compensated_FiM_candidate,,0,1,P1,compensated_FiM_candidate,True,1,8.32,39,0.032,8.456,4.528,-4.528,4.528,0.0,True,0.0
POSCAR_Mn2O2_7_y025,Mn2O2_7_y025,Mn2O2_7,False,y025,compensated_FiM_candidate,,0,1,P1,compensated_FiM_candidate,True,1,8.32,39,0.03385,8.502,4.548,-4.548,4.548,0.0,True,0.0
POSCAR_Mn2O2_7_y050,Mn2O2_7_y050,Mn2O2_7,False,y050,compensated_FiM_candidate,,0,1,P1,compensated_FiM_candidate,True,1,8.32,39,0.035394,8.238,4.556,-4.556,4.556,0.0,True,0.0
POSCAR_Mn2O2_7_y950,Mn2O2_7_y950,Mn2O2_7,False,y950,compensated_FiM_candidate,,0,1,P1,compensated_FiM_candidate,True,1,8.32,39,0.031959,6.965,4.516,-4.516,4.516,0.0,True,0.0
POSCAR_Mn2O2_7_y975,Mn2O2_7_y975,Mn2O2_7,False,y975,compensated_FiM_candidate,,0,1,P1,compensated_FiM_candidate,True,1,8.32,39,0.031225,7.906,4.528,-4.528,4.528,0.0,True,0.0
POSCAR_Mn2O2_7_z025,Mn2O2_7_z025,Mn2O2_7,False,z025,compensated_FiM_candidate,,0,2,Cm,compensated_FiM_candidate,True,1,8.32,39,0.034785,7.779,4.554,-4.554,4.554,0.0,True,0.0
POSCAR_Mn2O2_7_z050,Mn2O2_7_z050,Mn2O2_7,False,z050,compensated_FiM_candidate,,0,2,Cm,compensated_FiM_candidate,True,1,8.32,39,0.034461,7.104,4.567,-4.567,4.567,0.0,True,0.0
POSCAR_Mn2O2_7_z975,Mn2O2_7_z975,Mn2O2_7,False,z975,compensated_FiM_candidate,,0,2,Cm,compensated_FiM_candidate,True,1,8.32,39,0.035895,9.818,4.521,-4.52,4.521,0.001000000000000334,True,0.0
POSCAR_Mn2O3_1,Mn2O3_1,Mn2O3_1,True,none,conventional_AFM_inversion,inversion,1,2,P-1,conventional_AFM_inversion,True,3,2.6,6,0.024486,4.734,3.826,-3.825,3.826,0.0009999999999998899,True,0.0
POSCAR_Mn2O3_1_st025,Mn2O3_1_st025,Mn2O3_1,False,st025,conventional_AFM_inversion,inversion,1,2,P-1,conventional_AFM_inversion,True,3,2.6,6,0.022651,4.569,3.9,-3.9,3.9,0.0,True,0.0
POSCAR_Mn2O3_1_st050,Mn2O3_1_st050,Mn2O3_1,False,st050,conventional_AFM_inversion,inversion,1,2,P-1,conventional_AFM_inversion,True,3,2.6,6,0.020586,4.265,3.983,-3.982,3.983,0.0009999999999998899,True,0.0
POSCAR_Mn2O3_1_st950,Mn2O3_1_st950,Mn2O3_1,False,st950,conventional_AFM_inversion,inversion,1,2,P-1,conventional_AFM_inversion,True,3,2.6,6,0.029015,4.831,3.686,-3.685,3.686,0.0009999999999998899,True,0.0
POSCAR_Mn2O3_1_st975,Mn2O3_1_st975,Mn2O3_1,False,st975,conventional_AFM_inversion,inversion,1,2,P-1,conventional_AFM_inversion,True,3,2.6,6,0.026296,4.759,3.755,-3.755,3.755,0.0,True,0.0
POSCAR_Mn2O3_1_x025,Mn2O3_1_x025,Mn2O3_1,False,x025,conventional_AFM_inversion,inversion,1,2,P-1,conventional_AFM_inversion,True,3,2.6,6,0.024683,4.435,3.845,-3.844,3.845,0.001000000000000334,True,0.0
POSCAR_Mn2O3_1_x050,Mn2O3_1_x050,Mn2O3_1,False,x050,conventional_AFM_inversion,inversion,1,2,P-1,conventional_AFM_inversion,True,3,2.6,6,0.024455,4.128,3.863,-3.862,3.863,0.0009999999999998899,True,0.0
POSCAR_Mn2O3_1_x950,Mn2O3_1_x950,Mn2O3_1,False,x950,conventional_AFM_inversion,inversion,1,2,P-1,conventional_AFM_inversion,True,3,2.6,6,0.023374,5.226,3.785,-3.785,3.785,0.0,True,0.0
POSCAR_Mn2O3_1_x975,Mn2O3_1_x975,Mn2O3_1,False,x975,conventional_AFM_inversion,inversion,1,2,P-1,conventional_AFM_inversion,True,3,2.6,6,0.024101,5.018,3.806,-3.806,3.806,0.0,True,0.0
POSCAR_Mn2O3_1_y025,Mn2O3_1_y025,Mn2O3_1,False,y025,conventional_AFM_inversion,inversion,1,2,P-1,conventional_AFM_inversion,True,3,2.6,6,0.02246,4.585,3.855,-3.854,3.855,0.0009999999999998899,True,0.0
POSCAR_Mn2O3_1_y050,Mn2O3_1_y050,Mn2O3_1,False,y050,conventional_AFM_inversion,inversion,1,2,P-1,conventional_AFM_inversion,True,3,2.6,6,0.020102,4.609,3.883,-3.883,3.883,0.0,True,0.0
POSCAR_Mn2O3_1_y950,Mn2O3_1_y950,Mn2O3_1,False,y950,conventional_AFM_inversion,inversion,1,2,P-1,conventional_AFM_inversion,True,3,2.6,6,0.02892,4.785,3.767,-3.767,3.767,0.0,True,0.0
POSCAR_Mn2O3_1_y975,Mn2O3_1_y975,Mn2O3_1,False,y975,conventional_AFM_inversion,inversion,1,2,P-1,conventional_AFM_inversion,True,3,2.6,6,0.026308,4.778,3.797,-3.796,3.797,0.001000000000000334,True,0.0
POSCAR_Mn2O3_1_z025,Mn2O3_1_z025,Mn2O3_1,False,z025,conventional_AFM_inversion,inversion,1,2,P-1,conventional_AFM_inversion,True,3,2.6,6,0.024407,4.919,3.849,-3.849,3.849,0.0,True,0.0
POSCAR_Mn2O3_1_z050,Mn2O3_1_z050,Mn2O3_1,False,z050,conventional_AFM_inversion,inversion,1,2,P-1,conventional_AFM_inversion,True,3,2.6,6,0.024255,5.185,3.873,-3.872,3.873,0.001000000000000334,True,0.0
POSCAR_Mn2O3_1_z950,Mn2O3_1_z950,Mn2O3_1,False,z950,conventional_AFM_inversion,inversion,1,2,P-1,conventional_AFM_inversion,True,3,2.6,6,0.025109,4.339,3.777,-3.776,3.777,0.001000000000000334,True,0.0
POSCAR_Mn2O3_1_z975,Mn2O3_1_z975,Mn2O3_1,False,z975,conventional_AFM_inversion,inversion,1,2,P-1,conventional_AFM_inversion,True,3,2.6,6,0.024819,4.494,3.802,-3.801,3.802,0.0009999999999998899,True,0.0
POSCAR_Mn2O4_1,Mn2O4_1,Mn2O4_1,True,none,ALTERMAGNET,mirror/rotoinv|rotation,8,16,P4_2/mnm,ALTERMAGNET,True,3,136.498,1158,0.572136,0.107,3.043,-3.043,3.043,0.0,True,0.0
POSCAR_Mn2O4_1_st025,Mn2O4_1_st025,Mn2O4_1,False,st025,ALTERMAGNET,mirror/rotoinv|rotation,8,16,P4_2/mnm,ALTERMAGNET,True,3,136.498,1158,0.486734,0.134,3.179,-3.179,3.179,0.0,True,0.0
POSCAR_Mn2O4_1_st050,Mn2O4_1_st050,Mn2O4_1,False,st050,ALTERMAGNET,mirror/rotoinv|rotation,8,16,P4_2/mnm,ALTERMAGNET,True,3,136.498,1158,0.436854,0.236,3.349,-3.348,3.349,0.001000000000000334,True,0.0
POSCAR_Mn2O4_1_st950,Mn2O4_1_st950,Mn2O4_1,False,st950,ALTERMAGNET,mirror/rotoinv|rotation,8,16,P4_2/mnm,ALTERMAGNET,True,3,136.498,1158,0.648348,0.114,2.827,-2.827,2.827,0.0,True,0.0
POSCAR_Mn2O4_1_st975,Mn2O4_1_st975,Mn2O4_1,False,st975,ALTERMAGNET,mirror/rotoinv|rotation,8,16,P4_2/mnm,ALTERMAGNET,True,3,136.498,1158,0.679114,0.139,2.928,-2.928,2.928,0.0,True,0.0
POSCAR_Mn2O4_1_x025,Mn2O4_1_x025,Mn2O4_1,False,x025,ALTERMAGNET,mirror/rotoinv|rotation,8,16,P4_2/mnm,ALTERMAGNET,True,3,136.498,1158,0.4994,0.109,3.102,-3.102,3.102,0.0,True,0.0
POSCAR_Mn2O4_1_x050,Mn2O4_1_x050,Mn2O4_1,False,x050,ALTERMAGNET,mirror/rotoinv|rotation,8,16,P4_2/mnm,ALTERMAGNET,True,3,136.498,1158,0.504164,0.205,3.164,-3.164,3.164,0.0,True,0.0
POSCAR_Mn2O4_1_x950,Mn2O4_1_x950,Mn2O4_1,False,x950,ALTERMAGNET,mirror/rotoinv|rotation,8,16,P4_2/mnm,ALTERMAGNET,True,3,136.498,1158,0.774428,0.155,2.933,-2.933,2.933,0.0,True,0.0
POSCAR_Mn2O4_1_x975,Mn2O4_1_x975,Mn2O4_1,False,x975,ALTERMAGNET,mirror/rotoinv|rotation,8,16,P4_2/mnm,ALTERMAGNET,True,3,136.498,1158,0.663486,0.147,2.987,-2.987,2.987,0.0,True,0.0
POSCAR_Mn2O4_1_y025,Mn2O4_1_y025,Mn2O4_1,False,y025,ALTERMAGNET,mirror/rotoinv|rotation,4,8,Pnnm,ALTERMAGNET,True,3,136.498,1158,0.561157,0.141,3.078,-3.078,3.078,0.0,True,0.0
POSCAR_Mn2O4_1_y050,Mn2O4_1_y050,Mn2O4_1,False,y050,ALTERMAGNET,mirror/rotoinv|rotation,4,8,Pnnm,ALTERMAGNET,True,3,136.498,1158,0.544665,0.122,3.117,-3.116,3.117,0.0009999999999998899,True,0.0
POSCAR_Mn2O4_1_y950,Mn2O4_1_y950,Mn2O4_1,False,y950,ALTERMAGNET,mirror/rotoinv|rotation,4,8,Pnnm,ALTERMAGNET,True,3,136.498,1158,0.573539,0.181,2.981,-2.981,2.981,0.0,True,0.0
POSCAR_Mn2O4_1_y975,Mn2O4_1_y975,Mn2O4_1,False,y975,ALTERMAGNET,mirror/rotoinv|rotation,4,8,Pnnm,ALTERMAGNET,True,3,136.498,1158,0.576471,0.104,3.011,-3.011,3.011,0.0,True,0.0
POSCAR_Mn2O4_1_z025,Mn2O4_1_z025,Mn2O4_1,False,z025,ALTERMAGNET,mirror/rotoinv|rotation,4,8,Pnnm,ALTERMAGNET,True,3,136.498,1158,0.562933,0.143,3.078,-3.078,3.078,0.0,True,0.0
POSCAR_Mn2O4_1_z050,Mn2O4_1_z050,Mn2O4_1,False,z050,ALTERMAGNET,mirror/rotoinv|rotation,4,8,Pnnm,ALTERMAGNET,True,3,136.498,1158,0.547244,0.135,3.116,-3.116,3.116,0.0,True,0.0
POSCAR_Mn2O4_1_z950,Mn2O4_1_z950,Mn2O4_1,False,z950,ALTERMAGNET,mirror/rotoinv|rotation,4,8,Pnnm,ALTERMAGNET,True,3,136.498,1158,0.56612,0.091,2.981,-2.981,2.981,0.0,True,0.0
POSCAR_Mn2O4_1_z975,Mn2O4_1_z975,Mn2O4_1,False,z975,ALTERMAGNET,mirror/rotoinv|rotation,4,8,Pnnm,ALTERMAGNET,True,3,136.498,1158,0.573526,0.097,3.011,-3.011,3.011,0.0,True,0.0
POSCAR_Mn2P2_4,Mn2P2_4,Mn2P2_4,True,none,conventional_AFM_translation,inversion|mirror/rotoinv|rotation|translation,12,24,R-3m,conventional_AFM_translation,True,0,determination_failed,0,0.056519,4.083,4.069,-4.071,4.069,0.0019999999999997797,True,0.001
POSCAR_Mn2P2_4_st025,Mn2P2_4_st025,Mn2P2_4,False,st025,conventional_AFM_translation,inversion|mirror/rotoinv|rotation|translation,12,24,R-3m,conventional_AFM_translation,True,0,determination_failed,0,0.054543,4.446,4.168,-4.171,4.168,0.0030000000000001137,True,0.003
POSCAR_Mn2P2_4_st050,Mn2P2_4_st050,Mn2P2_4,False,st050,conventional_AFM_translation,inversion|mirror/rotoinv|rotation|translation,12,24,R-3m,conventional_AFM_translation,True,0,determination_failed,0,0.051106,4.075,4.258,-4.26,4.258,0.0019999999999997797,True,0.001
POSCAR_Mn2P2_4_st975,Mn2P2_4_st975,Mn2P2_4,False,st975,conventional_AFM_translation,inversion|mirror/rotoinv|rotation|translation,12,24,R-3m,conventional_AFM_translation,True,0,determination_failed,0,0.058211,3.915,3.953,-3.956,3.953,0.0030000000000001137,True,0.004
POSCAR_Mn2P2_4_x025,Mn2P2_4_x025,Mn2P2_4,False,x025,conventional_AFM_translation,inversion|mirror/rotoinv|rotation|translation,4,8,C2/m,conventional_AFM_translation,True,0,determination_failed,0,0.056087,4.768,4.105,-4.107,4.105,0.0019999999999997797,True,0.001
POSCAR_Mn2P2_4_x050,Mn2P2_4_x050,Mn2P2_4,False,x050,conventional_AFM_translation,inversion|translation,2,4,P-1,conventional_AFM_translation,True,0,determination_failed,0,0.055626,5.345,4.14,-4.14,4.14,0.0,True,0.001
POSCAR_Mn2P2_4_y025,Mn2P2_4_y025,Mn2P2_4,False,y025,conventional_AFM_translation,inversion|translation,2,4,P-1,conventional_AFM_translation,True,0,determination_failed,0,0.059016,6.827,4.105,-4.109,4.105,0.0039999999999995595,True,0.004
POSCAR_Mn2P2_4_y050,Mn2P2_4_y050,Mn2P2_4,False,y050,conventional_AFM_translation,inversion|translation,2,4,P-1,conventional_AFM_translation,True,0,determination_failed,0,0.059056,6.099,4.141,-4.143,4.141,0.0019999999999997797,True,0.002
POSCAR_Mn2P2_4_y950,Mn2P2_4_y950,Mn2P2_4,False,y950,conventional_AFM_translation,inversion|translation,2,4,P-1,conventional_AFM_translation,True,0,determination_failed,0,0.052415,4.772,3.991,-3.992,3.991,0.0009999999999998899,True,0.001
POSCAR_Mn2P2_4_y975,Mn2P2_4_y975,Mn2P2_4,False,y975,conventional_AFM_translation,inversion|mirror/rotoinv|rotation|translation,4,8,C2/m,conventional_AFM_translation,True,0,determination_failed,0,0.055611,4.455,4.032,-4.035,4.032,0.0030000000000001137,True,0.003
POSCAR_Mn2P2_4_z950,Mn2P2_4_z950,Mn2P2_4,False,z950,conventional_AFM_translation,inversion|mirror/rotoinv|rotation|translation,4,8,C2/m,conventional_AFM_translation,True,0,determination_failed,0,0.062197,6.886,3.993,-3.994,3.993,0.001000000000000334,True,0.001
POSCAR_Mn2P2_4_z975,Mn2P2_4_z975,Mn2P2_4,False,z975,conventional_AFM_translation,inversion|mirror/rotoinv|rotation|translation,4,8,C2/m,conventional_AFM_translation,True,0,determination_failed,0,0.061294,4.673,4.031,-4.034,4.031,0.0030000000000001137,True,0.003
POSCAR_Mn2Pb4_2,Mn2Pb4_2,Mn2Pb4_2,True,none,conventional_AFM_inversion,inversion|rotation,2,4,C2/m,conventional_AFM_inversion,True,3,12.60,67,0.018175,2.47,4.517,-4.518,4.517,0.0009999999999994458,True,0.001
POSCAR_Mn2Pb4_2_st025,Mn2Pb4_2_st025,Mn2Pb4_2,False,st025,conventional_AFM_inversion,inversion|rotation,2,4,C2/m,conventional_AFM_inversion,True,3,12.60,67,0.015905,2.453,4.565,-4.566,4.565,0.0009999999999994458,True,0.001
POSCAR_Mn2Pb4_2_st050,Mn2Pb4_2_st050,Mn2Pb4_2,False,st050,conventional_AFM_inversion,inversion|rotation,2,4,C2/m,conventional_AFM_inversion,True,3,12.60,67,0.012755,2.685,4.605,-4.606,4.605,0.0009999999999994458,True,0.001
POSCAR_Mn2Pb4_2_st950,Mn2Pb4_2_st950,Mn2Pb4_2,False,st950,conventional_AFM_inversion,inversion|rotation,2,4,C2/m,conventional_AFM_inversion,True,3,12.60,67,0.017425,3.281,4.38,-4.381,4.38,0.001000000000000334,True,0.002
POSCAR_Mn2Pb4_2_st975,Mn2Pb4_2_st975,Mn2Pb4_2,False,st975,conventional_AFM_inversion,inversion|rotation,2,4,C2/m,conventional_AFM_inversion,True,3,12.60,67,0.017675,3.047,4.456,-4.458,4.456,0.0019999999999997797,True,0.002
POSCAR_Mn2Pb4_2_x025,Mn2Pb4_2_x025,Mn2Pb4_2,False,x025,conventional_AFM_inversion,inversion,1,2,P-1,conventional_AFM_inversion,True,3,12.60,67,0.017978,2.877,4.533,-4.534,4.533,0.0009999999999994458,True,0.002
POSCAR_Mn2Pb4_2_x050,Mn2Pb4_2_x050,Mn2Pb4_2,False,x050,conventional_AFM_inversion,inversion,1,2,P-1,conventional_AFM_inversion,True,3,12.60,67,0.01663,2.49,4.549,-4.549,4.549,0.0,True,0.001
POSCAR_Mn2Pb4_2_x950,Mn2Pb4_2_x950,Mn2Pb4_2,False,x950,conventional_AFM_inversion,inversion,1,2,P-1,conventional_AFM_inversion,True,3,12.60,67,0.016435,3.123,4.475,-4.477,4.475,0.002000000000000668,True,0.004
POSCAR_Mn2Pb4_2_x975,Mn2Pb4_2_x975,Mn2Pb4_2,False,x975,conventional_AFM_inversion,inversion,1,2,P-1,conventional_AFM_inversion,True,3,12.60,67,0.017781,2.55,4.498,-4.499,4.498,0.0009999999999994458,True,0.0
POSCAR_Mn2Pb4_2_y025,Mn2Pb4_2_y025,Mn2Pb4_2,False,y025,conventional_AFM_inversion,inversion,1,2,P-1,conventional_AFM_inversion,True,3,12.60,67,0.017416,2.695,4.532,-4.534,4.532,0.0019999999999997797,True,0.002
POSCAR_Mn2Pb4_2_y050,Mn2Pb4_2_y050,Mn2Pb4_2,False,y050,conventional_AFM_inversion,inversion,1,2,P-1,conventional_AFM_inversion,True,3,12.60,67,0.014851,3.02,4.545,-4.547,4.545,0.0019999999999997797,True,0.003
POSCAR_Mn2Pb4_2_y950,Mn2Pb4_2_y950,Mn2Pb4_2,False,y950,conventional_AFM_inversion,inversion,1,2,P-1,conventional_AFM_inversion,True,3,12.60,67,0.013563,2.729,4.476,-4.477,4.476,0.001000000000000334,True,0.001
POSCAR_Mn2Pb4_2_y975,Mn2Pb4_2_y975,Mn2Pb4_2,False,y975,conventional_AFM_inversion,inversion,1,2,P-1,conventional_AFM_inversion,True,3,12.60,67,0.01586,2.748,4.497,-4.498,4.497,0.001000000000000334,True,0.0
POSCAR_Mn2Pb4_2_z025,Mn2Pb4_2_z025,Mn2Pb4_2,False,z025,conventional_AFM_inversion,inversion,1,2,P-1,conventional_AFM_inversion,True,3,12.60,67,0.014705,2.358,4.534,-4.535,4.534,0.001000000000000334,True,0.0
POSCAR_Mn2Pb4_2_z050,Mn2Pb4_2_z050,Mn2Pb4_2,False,z050,conventional_AFM_inversion,inversion,1,2,P-1,conventional_AFM_inversion,True,3,12.60,67,0.013993,2.752,4.549,-4.55,4.549,0.0009999999999994458,True,0.001
POSCAR_Mn2Pb4_2_z950,Mn2Pb4_2_z950,Mn2Pb4_2,False,z950,conventional_AFM_inversion,inversion,1,2,P-1,conventional_AFM_inversion,True,3,12.60,67,0.018945,2.357,4.474,-4.474,4.474,0.0,True,0.001
POSCAR_Mn2Pb4_2_z975,Mn2Pb4_2_z975,Mn2Pb4_2,False,z975,conventional_AFM_inversion,inversion,1,2,P-1,conventional_AFM_inversion,True,3,12.60,67,0.017125,2.503,4.496,-4.497,4.496,0.0009999999999994458,True,0.0
POSCAR_Mn2Pb8_1,Mn2Pb8_1,Mn2Pb8_1,True,none,ALTERMAGNET,mirror/rotoinv|rotation,4,8,P-42_1c,ALTERMAGNET,True,3,114.279,939,0.273185,0.982,4.484,-4.486,4.484,0.0019999999999997797,True,0.004
POSCAR_Mn2Pb8_1_st050,Mn2Pb8_1_st050,Mn2Pb8_1,False,st050,ALTERMAGNET,mirror/rotoinv|rotation,4,8,P-42_1c,ALTERMAGNET,True,3,114.279,939,0.200637,0.856,4.583,-4.584,4.583,0.0009999999999994458,True,0.002
POSCAR_Mn2Pb8_1_st975,Mn2Pb8_1_st975,Mn2Pb8_1,False,st975,ALTERMAGNET,mirror/rotoinv|rotation,4,8,P-42_1c,ALTERMAGNET,True,3,114.279,939,0.314496,1.049,4.418,-4.42,4.418,0.0019999999999997797,True,0.004
POSCAR_Mn2Pb8_1_x025,Mn2Pb8_1_x025,Mn2Pb8_1,False,x025,ALTERMAGNET,rotation,2,4,P2_12_12,ALTERMAGNET,True,3,114.279,939,0.264118,1.242,4.503,-4.504,4.503,0.0009999999999994458,True,0.004
POSCAR_Mn2Pb8_1_x050,Mn2Pb8_1_x050,Mn2Pb8_1,False,x050,ALTERMAGNET,rotation,2,4,P2_12_12,ALTERMAGNET,True,3,114.279,939,0.259227,1.022,4.52,-4.52,4.52,0.0,True,0.004
POSCAR_Mn2Pb8_1_y025,Mn2Pb8_1_y025,Mn2Pb8_1,False,y025,ALTERMAGNET,rotation,2,4,P2_12_12,ALTERMAGNET,True,3,114.279,939,0.268265,0.924,4.503,-4.504,4.503,0.0009999999999994458,True,0.002
POSCAR_Mn2Pb8_1_y050,Mn2Pb8_1_y050,Mn2Pb8_1,False,y050,ALTERMAGNET,rotation,2,4,P2_12_12,ALTERMAGNET,True,3,114.279,939,0.262315,1.167,4.519,-4.52,4.519,0.0009999999999994458,True,0.004
POSCAR_Mn2Pb8_1_y975,Mn2Pb8_1_y975,Mn2Pb8_1,False,y975,ALTERMAGNET,rotation,2,4,P2_12_12,ALTERMAGNET,True,3,114.279,939,0.273848,1.12,4.466,-4.467,4.466,0.0009999999999994458,True,0.001
POSCAR_Mn2Pb8_1_z025,Mn2Pb8_1_z025,Mn2Pb8_1,False,z025,ALTERMAGNET,mirror/rotoinv|rotation,4,8,P-42_1c,ALTERMAGNET,True,3,114.279,939,0.242072,1.048,4.507,-4.508,4.507,0.001000000000000334,True,0.004
POSCAR_Mn2Pb8_1_z050,Mn2Pb8_1_z050,Mn2Pb8_1,False,z050,ALTERMAGNET,mirror/rotoinv|rotation,4,8,P-42_1c,ALTERMAGNET,True,3,114.279,939,0.213507,0.761,4.526,-4.527,4.526,0.001000000000000334,True,0.001
POSCAR_Mn2Pb8_1_z975,Mn2Pb8_1_z975,Mn2Pb8_1,False,z975,ALTERMAGNET,mirror/rotoinv|rotation,4,8,P-42_1c,ALTERMAGNET,True,3,114.279,939,0.30763,0.992,4.461,-4.462,4.461,0.0009999999999994458,True,0.003
POSCAR_Mn2Pb8_2,Mn2Pb8_2,Mn2Pb8_2,True,none,conventional_AFM_inversion,inversion,1,2,P-1,conventional_AFM_inversion,True,3,2.6,6,0.016577,1.027,4.574,-4.574,4.574,0.0,True,0.0
POSCAR_Mn2Pb8_2_st025,Mn2Pb8_2_st025,Mn2Pb8_2,False,st025,conventional_AFM_inversion,inversion,1,2,P-1,conventional_AFM_inversion,True,3,2.6,6,0.011244,1.049,4.615,-4.615,4.615,0.0,True,0.0
POSCAR_Mn2Pb8_2_st050,Mn2Pb8_2_st050,Mn2Pb8_2,False,st050,conventional_AFM_inversion,inversion,1,2,P-1,conventional_AFM_inversion,True,3,2.6,6,0.010325,0.99,4.647,-4.647,4.647,0.0,True,0.001
POSCAR_Mn2Pb8_2_st950,Mn2Pb8_2_st950,Mn2Pb8_2,False,st950,conventional_AFM_inversion,inversion,1,2,P-1,conventional_AFM_inversion,True,3,2.6,6,0.017582,1.14,4.462,-4.462,4.462,0.0,True,0.001
POSCAR_Mn2Pb8_2_st975,Mn2Pb8_2_st975,Mn2Pb8_2,False,st975,conventional_AFM_inversion,inversion,1,2,P-1,conventional_AFM_inversion,True,3,2.6,6,0.017072,1.06,4.524,-4.524,4.524,0.0,True,0.001
POSCAR_Mn2Pb8_2_x025,Mn2Pb8_2_x025,Mn2Pb8_2,False,x025,conventional_AFM_inversion,inversion,1,2,P-1,conventional_AFM_inversion,True,3,2.6,6,0.011696,0.942,4.592,-4.592,4.592,0.0,True,0.0
POSCAR_Mn2Pb8_2_x050,Mn2Pb8_2_x050,Mn2Pb8_2,False,x050,conventional_AFM_inversion,inversion,1,2,P-1,conventional_AFM_inversion,True,3,2.6,6,0.011436,0.949,4.608,-4.608,4.608,0.0,True,0.0
POSCAR_Mn2Pb8_2_x950,Mn2Pb8_2_x950,Mn2Pb8_2,False,x950,conventional_AFM_inversion,inversion,1,2,P-1,conventional_AFM_inversion,True,3,2.6,6,0.016763,1.134,4.533,-4.533,4.533,0.0,True,0.0
POSCAR_Mn2Pb8_2_x975,Mn2Pb8_2_x975,Mn2Pb8_2,False,x975,conventional_AFM_inversion,inversion,1,2,P-1,conventional_AFM_inversion,True,3,2.6,6,0.016405,1.14,4.554,-4.554,4.554,0.0,True,0.001
POSCAR_Mn2Pb8_2_y025,Mn2Pb8_2_y025,Mn2Pb8_2,False,y025,conventional_AFM_inversion,inversion,1,2,P-1,conventional_AFM_inversion,True,3,2.6,6,0.008669,1.218,4.584,-4.585,4.584,0.001000000000000334,True,0.002
POSCAR_Mn2Pb8_2_y050,Mn2Pb8_2_y050,Mn2Pb8_2,False,y050,conventional_AFM_inversion,inversion,1,2,P-1,conventional_AFM_inversion,True,3,2.6,6,0.009947,1.062,4.595,-4.595,4.595,0.0,True,0.0
POSCAR_Mn2Pb8_2_y950,Mn2Pb8_2_y950,Mn2Pb8_2,False,y950,conventional_AFM_inversion,inversion,1,2,P-1,conventional_AFM_inversion,True,3,2.6,6,0.008421,1.26,4.548,-4.549,4.548,0.001000000000000334,True,0.002
POSCAR_Mn2Pb8_2_y975,Mn2Pb8_2_y975,Mn2Pb8_2,False,y975,conventional_AFM_inversion,inversion,1,2,P-1,conventional_AFM_inversion,True,3,2.6,6,0.016668,0.965,4.562,-4.562,4.562,0.0,True,0.0
POSCAR_Mn2Pb8_2_z025,Mn2Pb8_2_z025,Mn2Pb8_2,False,z025,conventional_AFM_inversion,inversion,1,2,P-1,conventional_AFM_inversion,True,3,2.6,6,0.015754,1.052,4.588,-4.588,4.588,0.0,True,0.003
POSCAR_Mn2Pb8_2_z050,Mn2Pb8_2_z050,Mn2Pb8_2,False,z050,conventional_AFM_inversion,inversion,1,2,P-1,conventional_AFM_inversion,True,3,2.6,6,0.016464,1.085,4.6,-4.601,4.6,0.001000000000000334,True,0.002
POSCAR_Mn2Pb8_2_z950,Mn2Pb8_2_z950,Mn2Pb8_2,False,z950,conventional_AFM_inversion,inversion,1,2,P-1,conventional_AFM_inversion,True,3,2.6,6,0.008049,1.221,4.543,-4.544,4.543,0.0009999999999994458,True,0.001
POSCAR_Mn2Pb8_2_z975,Mn2Pb8_2_z975,Mn2Pb8_2,False,z975,conventional_AFM_inversion,inversion,1,2,P-1,conventional_AFM_inversion,True,3,2.6,6,0.008124,1.142,4.559,-4.56,4.559,0.0009999999999994458,True,0.002
POSCAR_Mn2Pb8_3,Mn2Pb8_3,Mn2Pb8_3,True,none,ALTERMAGNET,mirror/rotoinv|rotation,8,16,P4/mbm,ALTERMAGNET,True,3,127.393,1053,0.400374,0.103,4.47,-4.47,4.47,0.0,True,0.0
POSCAR_Mn2Pb8_3_st025,Mn2Pb8_3_st025,Mn2Pb8_3,False,st025,ALTERMAGNET,mirror/rotoinv|rotation,8,16,P4/mbm,ALTERMAGNET,True,3,127.393,1053,0.314582,0.099,4.524,-4.524,4.524,0.0,True,0.0
POSCAR_Mn2Pb8_3_st050,Mn2Pb8_3_st050,Mn2Pb8_3,False,st050,ALTERMAGNET,mirror/rotoinv|rotation,8,16,P4/mbm,ALTERMAGNET,True,3,127.393,1053,0.247109,0.087,4.569,-4.569,4.569,0.0,True,0.0
POSCAR_Mn2Pb8_3_st950,Mn2Pb8_3_st950,Mn2Pb8_3,False,st950,ALTERMAGNET,mirror/rotoinv|rotation,8,16,P4/mbm,ALTERMAGNET,True,3,127.393,1053,0.630528,0.168,4.321,-4.321,4.321,0.0,True,0.001
POSCAR_Mn2Pb8_3_st975,Mn2Pb8_3_st975,Mn2Pb8_3,False,st975,ALTERMAGNET,mirror/rotoinv|rotation,8,16,P4/mbm,ALTERMAGNET,True,3,127.393,1053,0.511253,0.181,4.405,-4.406,4.405,0.0009999999999994458,True,0.001
POSCAR_Mn2Pb8_3_x025,Mn2Pb8_3_x025,Mn2Pb8_3,False,x025,ALTERMAGNET,mirror/rotoinv|rotation,4,8,Pbam,ALTERMAGNET,True,3,127.393,1053,0.420591,0.703,4.489,-4.488,4.489,0.0009999999999994458,True,0.003
POSCAR_Mn2Pb8_3_x050,Mn2Pb8_3_x050,Mn2Pb8_3,False,x050,ALTERMAGNET,mirror/rotoinv|rotation,4,8,Pbam,ALTERMAGNET,True,3,127.393,1053,0.393425,0.519,4.507,-4.507,4.507,0.0,True,0.002
POSCAR_Mn2Pb8_3_x950,Mn2Pb8_3_x950,Mn2Pb8_3,False,x950,ALTERMAGNET,mirror/rotoinv|rotation,4,8,Pbam,ALTERMAGNET,True,3,127.393,1053,0.427495,0.537,4.427,-4.427,4.427,0.0,True,0.002
POSCAR_Mn2Pb8_3_x975,Mn2Pb8_3_x975,Mn2Pb8_3,False,x975,ALTERMAGNET,mirror/rotoinv|rotation,4,8,Pbam,ALTERMAGNET,True,3,127.393,1053,0.416924,0.457,4.45,-4.45,4.45,0.0,True,0.001
POSCAR_Mn2Pb8_3_y025,Mn2Pb8_3_y025,Mn2Pb8_3,False,y025,ALTERMAGNET,mirror/rotoinv|rotation,4,8,Pbam,ALTERMAGNET,True,3,127.393,1053,0.421091,0.745,4.488,-4.489,4.488,0.0009999999999994458,True,0.003
POSCAR_Mn2Pb8_3_y050,Mn2Pb8_3_y050,Mn2Pb8_3,False,y050,ALTERMAGNET,mirror/rotoinv|rotation,4,8,Pbam,ALTERMAGNET,True,3,127.393,1053,0.39361,0.465,4.507,-4.507,4.507,0.0,True,0.001
POSCAR_Mn2Pb8_3_y950,Mn2Pb8_3_y950,Mn2Pb8_3,False,y950,ALTERMAGNET,mirror/rotoinv|rotation,4,8,Pbam,ALTERMAGNET,True,3,127.393,1053,0.42692,0.533,4.426,-4.427,4.426,0.0009999999999994458,True,0.002
POSCAR_Mn2Pb8_3_y975,Mn2Pb8_3_y975,Mn2Pb8_3,False,y975,ALTERMAGNET,mirror/rotoinv|rotation,4,8,Pbam,ALTERMAGNET,True,3,127.393,1053,0.416948,0.437,4.45,-4.45,4.45,0.0,True,0.001
POSCAR_Mn2Pb8_3_z025,Mn2Pb8_3_z025,Mn2Pb8_3,False,z025,ALTERMAGNET,mirror/rotoinv|rotation,8,16,P4/mbm,ALTERMAGNET,True,3,127.393,1053,0.327098,0.103,4.488,-4.488,4.488,0.0,True,0.0
POSCAR_Mn2Pb8_3_z050,Mn2Pb8_3_z050,Mn2Pb8_3,False,z050,ALTERMAGNET,mirror/rotoinv|rotation,8,16,P4/mbm,ALTERMAGNET,True,3,127.393,1053,0.374231,0.102,4.51,-4.51,4.51,0.0,True,0.0
POSCAR_Mn2Pb8_3_z950,Mn2Pb8_3_z950,Mn2Pb8_3,False,z950,ALTERMAGNET,mirror/rotoinv|rotation,8,16,P4/mbm,ALTERMAGNET,True,3,127.393,1053,0.413102,0.179,4.425,-4.425,4.425,0.0,True,0.001
POSCAR_Mn2Pb8_3_z975,Mn2Pb8_3_z975,Mn2Pb8_3,False,z975,ALTERMAGNET,mirror/rotoinv|rotation,8,16,P4/mbm,ALTERMAGNET,True,3,127.393,1053,0.485812,0.137,4.45,-4.45,4.45,0.0,True,0.0
POSCAR_Mn2S2_1,Mn2S2_1,Mn2S2_1,True,none,ALTERMAGNET,mirror/rotoinv|rotation,12,24,P6_3/mmc,ALTERMAGNET,True,3,194.269,1499,0.967254,0.349,4.511,-4.511,4.511,0.0,True,0.0
POSCAR_Mn2S2_1_st025,Mn2S2_1_st025,Mn2S2_1,False,st025,ALTERMAGNET,mirror/rotoinv|rotation,12,24,P6_3/mmc,ALTERMAGNET,True,3,194.269,1499,0.86834,0.301,4.552,-4.552,4.552,0.0,True,0.0
POSCAR_Mn2S2_1_st050,Mn2S2_1_st050,Mn2S2_1,False,st050,ALTERMAGNET,mirror/rotoinv|rotation,12,24,P6_3/mmc,ALTERMAGNET,True,3,194.269,1499,0.770237,0.277,4.585,-4.585,4.585,0.0,True,0.0
POSCAR_Mn2S2_1_st950,Mn2S2_1_st950,Mn2S2_1,False,st950,ALTERMAGNET,mirror/rotoinv|rotation,12,24,P6_3/mmc,ALTERMAGNET,True,3,194.269,1499,1.202184,0.364,4.392,-4.392,4.392,0.0,True,0.0
POSCAR_Mn2S2_1_st975,Mn2S2_1_st975,Mn2S2_1,False,st975,ALTERMAGNET,mirror/rotoinv|rotation,12,24,P6_3/mmc,ALTERMAGNET,True,3,194.269,1499,1.119096,0.335,4.459,-4.459,4.459,0.0,True,0.0
POSCAR_Mn2S2_1_x025,Mn2S2_1_x025,Mn2S2_1,False,x025,ALTERMAGNET,mirror/rotoinv|rotation,4,8,Cmcm,ALTERMAGNET,True,3,194.269,1499,0.998846,0.756,4.525,-4.525,4.525,0.0,True,0.0
POSCAR_Mn2S2_1_x050,Mn2S2_1_x050,Mn2S2_1,False,x050,ALTERMAGNET,mirror/rotoinv|rotation,2,4,P2_1/m,ALTERMAGNET,True,3,194.269,1499,0.976887,0.759,4.536,-4.537,4.536,0.001000000000000334,True,0.0
POSCAR_Mn2S2_1_x950,Mn2S2_1_x950,Mn2S2_1,False,x950,ALTERMAGNET,mirror/rotoinv|rotation,2,4,P2_1/m,ALTERMAGNET,True,3,194.269,1499,1.181304,1.162,4.477,-4.477,4.477,0.0,True,0.0
POSCAR_Mn2S2_1_x975,Mn2S2_1_x975,Mn2S2_1,False,x975,ALTERMAGNET,mirror/rotoinv|rotation,4,8,Cmcm,ALTERMAGNET,True,3,194.269,1499,1.116772,0.795,4.495,-4.495,4.495,0.0,True,0.0
POSCAR_Mn2S2_1_y025,Mn2S2_1_y025,Mn2S2_1,False,y025,ALTERMAGNET,mirror/rotoinv|rotation,4,8,Cmcm,ALTERMAGNET,True,3,194.269,1499,0.999573,0.736,4.525,-4.525,4.525,0.0,True,0.0
POSCAR_Mn2S2_1_y050,Mn2S2_1_y050,Mn2S2_1,False,y050,ALTERMAGNET,mirror/rotoinv|rotation,2,4,P2_1/m,ALTERMAGNET,True,3,194.269,1499,0.977227,0.809,4.537,-4.536,4.537,0.001000000000000334,True,0.0
POSCAR_Mn2S2_1_y950,Mn2S2_1_y950,Mn2S2_1,False,y950,ALTERMAGNET,mirror/rotoinv|rotation,2,4,P2_1/m,ALTERMAGNET,True,3,194.269,1499,1.178263,1.083,4.477,-4.477,4.477,0.0,True,0.0
POSCAR_Mn2S2_1_y975,Mn2S2_1_y975,Mn2S2_1,False,y975,ALTERMAGNET,mirror/rotoinv|rotation,4,8,Cmcm,ALTERMAGNET,True,3,194.269,1499,1.116306,0.86,4.495,-4.495,4.495,0.0,True,0.0
POSCAR_Mn2S2_1_z025,Mn2S2_1_z025,Mn2S2_1,False,z025,ALTERMAGNET,mirror/rotoinv|rotation,12,24,P6_3/mmc,ALTERMAGNET,True,3,194.269,1499,0.993036,0.369,4.527,-4.527,4.527,0.0,True,0.0
POSCAR_Mn2S2_1_z050,Mn2S2_1_z050,Mn2S2_1,False,z050,ALTERMAGNET,mirror/rotoinv|rotation,12,24,P6_3/mmc,ALTERMAGNET,True,3,194.269,1499,0.996419,0.361,4.54,-4.54,4.54,0.0,True,0.0
POSCAR_Mn2S2_1_z950,Mn2S2_1_z950,Mn2S2_1,False,z950,ALTERMAGNET,mirror/rotoinv|rotation,12,24,P6_3/mmc,ALTERMAGNET,True,3,194.269,1499,0.938364,0.322,4.473,-4.473,4.473,0.0,True,0.0
POSCAR_Mn2S2_1_z975,Mn2S2_1_z975,Mn2S2_1,False,z975,ALTERMAGNET,mirror/rotoinv|rotation,12,24,P6_3/mmc,ALTERMAGNET,True,3,194.269,1499,0.982941,0.32,4.493,-4.493,4.493,0.0,True,0.0
POSCAR_Mn2S2_2,Mn2S2_2,Mn2S2_2,True,none,ALTERMAGNET,mirror/rotoinv|rotation,6,12,P6_3mc,ALTERMAGNET,True,3,186.206,1436,0.199743,0.84,4.549,-4.549,4.549,0.0,True,0.0
POSCAR_Mn2S2_2_st025,Mn2S2_2_st025,Mn2S2_2,False,st025,ALTERMAGNET,mirror/rotoinv|rotation,6,12,P6_3mc,ALTERMAGNET,True,3,186.206,1436,0.165055,0.849,4.583,-4.583,4.583,0.0,True,0.0
POSCAR_Mn2S2_2_st050,Mn2S2_2_st050,Mn2S2_2,False,st050,ALTERMAGNET,mirror/rotoinv|rotation,6,12,P6_3mc,ALTERMAGNET,True,3,186.206,1436,0.13561,0.869,4.611,-4.611,4.611,0.0,True,0.0
POSCAR_Mn2S2_2_st950,Mn2S2_2_st950,Mn2S2_2,False,st950,ALTERMAGNET,mirror/rotoinv|rotation,6,12,P6_3mc,ALTERMAGNET,True,3,186.206,1436,0.286896,0.866,4.455,-4.454,4.455,0.001000000000000334,True,0.0
POSCAR_Mn2S2_2_st975,Mn2S2_2_st975,Mn2S2_2,False,st975,ALTERMAGNET,mirror/rotoinv|rotation,6,12,P6_3mc,ALTERMAGNET,True,3,186.206,1436,0.24013,0.85,4.507,-4.507,4.507,0.0,True,0.0
POSCAR_Mn2S2_2_x025,Mn2S2_2_x025,Mn2S2_2,False,x025,ALTERMAGNET,rotation,1,2,P2_1,ALTERMAGNET,True,3,186.206,1436,0.186365,0.829,4.559,-4.559,4.559,0.0,True,0.0
POSCAR_Mn2S2_2_x050,Mn2S2_2_x050,Mn2S2_2,False,x050,ALTERMAGNET,rotation,1,2,P2_1,ALTERMAGNET,True,3,186.206,1436,0.172926,0.841,4.567,-4.567,4.567,0.0,True,0.0
POSCAR_Mn2S2_2_x950,Mn2S2_2_x950,Mn2S2_2,False,x950,ALTERMAGNET,rotation,1,2,P2_1,ALTERMAGNET,True,3,186.206,1436,0.25601,0.796,4.524,-4.524,4.524,0.0,True,0.0
POSCAR_Mn2S2_2_x975,Mn2S2_2_x975,Mn2S2_2,False,x975,ALTERMAGNET,rotation,1,2,P2_1,ALTERMAGNET,True,3,186.206,1436,0.220204,0.86,4.537,-4.537,4.537,0.0,True,0.0
POSCAR_Mn2S2_2_y025,Mn2S2_2_y025,Mn2S2_2,False,y025,ALTERMAGNET,rotation,1,2,P2_1,ALTERMAGNET,True,3,186.206,1436,0.186263,0.802,4.559,-4.559,4.559,0.0,True,0.0
POSCAR_Mn2S2_2_y050,Mn2S2_2_y050,Mn2S2_2,False,y050,ALTERMAGNET,rotation,1,2,P2_1,ALTERMAGNET,True,3,186.206,1436,0.172812,0.816,4.567,-4.567,4.567,0.0,True,0.0
POSCAR_Mn2S2_2_y950,Mn2S2_2_y950,Mn2S2_2,False,y950,ALTERMAGNET,rotation,1,2,P2_1,ALTERMAGNET,True,3,186.206,1436,0.25597,0.806,4.524,-4.524,4.524,0.0,True,0.0
POSCAR_Mn2S2_2_y975,Mn2S2_2_y975,Mn2S2_2,False,y975,ALTERMAGNET,rotation,1,2,P2_1,ALTERMAGNET,True,3,186.206,1436,0.220301,0.865,4.538,-4.537,4.538,0.001000000000000334,True,0.0
POSCAR_Mn2S2_2_z025,Mn2S2_2_z025,Mn2S2_2,False,z025,ALTERMAGNET,mirror/rotoinv|rotation,6,12,P6_3mc,ALTERMAGNET,True,3,186.206,1436,0.196748,0.864,4.564,-4.564,4.564,0.0,True,0.0
POSCAR_Mn2S2_2_z050,Mn2S2_2_z050,Mn2S2_2,False,z050,ALTERMAGNET,mirror/rotoinv|rotation,6,12,P6_3mc,ALTERMAGNET,True,3,186.206,1436,0.194354,0.894,4.577,-4.576,4.577,0.001000000000000334,True,0.0
POSCAR_Mn2S2_2_z950,Mn2S2_2_z950,Mn2S2_2,False,z950,ALTERMAGNET,mirror/rotoinv|rotation,6,12,P6_3mc,ALTERMAGNET,True,3,186.206,1436,0.176706,0.789,4.51,-4.51,4.51,0.0,True,0.0
POSCAR_Mn2S2_2_z975,Mn2S2_2_z975,Mn2S2_2,False,z975,ALTERMAGNET,mirror/rotoinv|rotation,6,12,P6_3mc,ALTERMAGNET,True,3,186.206,1436,0.176928,0.819,4.531,-4.531,4.531,0.0,True,0.0
POSCAR_Mn2S4_1,Mn2S4_1,Mn2S4_1,True,none,ALTERMAGNET,mirror/rotoinv|rotation,4,8,Pnnm,ALTERMAGNET,True,3,58.397,495,0.527784,0.34,4.526,-4.526,4.526,0.0,True,0.0
POSCAR_Mn2S4_1_st025,Mn2S4_1_st025,Mn2S4_1,False,st025,ALTERMAGNET,mirror/rotoinv|rotation,4,8,Pnnm,ALTERMAGNET,True,3,58.397,495,0.488797,0.806,4.566,-4.566,4.566,0.0,True,0.0
POSCAR_Mn2S4_1_st050,Mn2S4_1_st050,Mn2S4_1,False,st050,ALTERMAGNET,mirror/rotoinv|rotation,4,8,Pnnm,ALTERMAGNET,True,3,58.397,495,0.44217,0.788,4.598,-4.598,4.598,0.0,True,0.0
POSCAR_Mn2S4_1_st950,Mn2S4_1_st950,Mn2S4_1,False,st950,ALTERMAGNET,mirror/rotoinv|rotation,4,8,Pnnm,ALTERMAGNET,True,3,58.397,495,0.599845,0.174,4.408,-4.408,4.408,0.0,True,0.0
POSCAR_Mn2S4_1_st975,Mn2S4_1_st975,Mn2S4_1,False,st975,ALTERMAGNET,mirror/rotoinv|rotation,4,8,Pnnm,ALTERMAGNET,True,3,58.397,495,0.564731,0.447,4.475,-4.475,4.475,0.0,True,0.0
POSCAR_Mn2S4_1_x025,Mn2S4_1_x025,Mn2S4_1,False,x025,ALTERMAGNET,mirror/rotoinv|rotation,4,8,Pnnm,ALTERMAGNET,True,3,58.397,495,0.515915,0.169,4.54,-4.54,4.54,0.0,True,0.0
POSCAR_Mn2S4_1_x050,Mn2S4_1_x050,Mn2S4_1,False,x050,ALTERMAGNET,mirror/rotoinv|rotation,4,8,Pnnm,ALTERMAGNET,True,3,58.397,495,0.506976,0.167,4.554,-4.554,4.554,0.0,True,0.0
POSCAR_Mn2S4_1_x950,Mn2S4_1_x950,Mn2S4_1,False,x950,ALTERMAGNET,mirror/rotoinv|rotation,4,8,Pnnm,ALTERMAGNET,True,3,58.397,495,0.562184,0.195,4.49,-4.49,4.49,0.0,True,0.0
POSCAR_Mn2S4_1_x975,Mn2S4_1_x975,Mn2S4_1,False,x975,ALTERMAGNET,mirror/rotoinv|rotation,4,8,Pnnm,ALTERMAGNET,True,3,58.397,495,0.54359,0.187,4.509,-4.509,4.509,0.0,True,0.0
POSCAR_Mn2S4_1_y025,Mn2S4_1_y025,Mn2S4_1,False,y025,ALTERMAGNET,mirror/rotoinv|rotation,4,8,Pnnm,ALTERMAGNET,True,3,58.397,495,0.506727,0.25,4.537,-4.537,4.537,0.0,True,0.0
POSCAR_Mn2S4_1_y050,Mn2S4_1_y050,Mn2S4_1,False,y050,ALTERMAGNET,mirror/rotoinv|rotation,4,8,Pnnm,ALTERMAGNET,True,3,58.397,495,0.479184,0.199,4.548,-4.548,4.548,0.0,True,0.0
POSCAR_Mn2S4_1_y950,Mn2S4_1_y950,Mn2S4_1,False,y950,ALTERMAGNET,mirror/rotoinv|rotation,4,8,Pnnm,ALTERMAGNET,True,3,58.397,495,0.489437,0.181,4.498,-4.498,4.498,0.0,True,0.0
POSCAR_Mn2S4_1_y975,Mn2S4_1_y975,Mn2S4_1,False,y975,ALTERMAGNET,mirror/rotoinv|rotation,4,8,Pnnm,ALTERMAGNET,True,3,58.397,495,0.51783,0.181,4.512,-4.512,4.512,0.0,True,0.0
POSCAR_Mn2S4_1_z025,Mn2S4_1_z025,Mn2S4_1,False,z025,ALTERMAGNET,mirror/rotoinv|rotation,4,8,Pnnm,ALTERMAGNET,True,3,58.397,495,0.47484,0.186,4.541,-4.541,4.541,0.0,True,0.0
POSCAR_Mn2S4_1_z050,Mn2S4_1_z050,Mn2S4_1,False,z050,ALTERMAGNET,mirror/rotoinv|rotation,4,8,Pnnm,ALTERMAGNET,True,3,58.397,495,0.403985,0.188,4.554,-4.554,4.554,0.0,True,0.0
POSCAR_Mn2S4_1_z950,Mn2S4_1_z950,Mn2S4_1,False,z950,ALTERMAGNET,mirror/rotoinv|rotation,4,8,Pnnm,ALTERMAGNET,True,3,58.397,495,0.528527,0.173,4.486,-4.486,4.486,0.0,True,0.0
POSCAR_Mn2S4_1_z975,Mn2S4_1_z975,Mn2S4_1,False,z975,ALTERMAGNET,mirror/rotoinv|rotation,4,8,Pnnm,ALTERMAGNET,True,3,58.397,495,0.529742,0.167,4.507,-4.507,4.507,0.0,True,0.0
POSCAR_Mn2Sb4_1,Mn2Sb4_1,Mn2Sb4_1,True,none,ALTERMAGNET,mirror/rotoinv|rotation,4,8,Pnnm,ALTERMAGNET,True,3,58.397,495,0.818977,0.297,4.401,-4.402,4.401,0.001000000000000334,True,0.0
POSCAR_Mn2Sb4_1_st025,Mn2Sb4_1_st025,Mn2Sb4_1,False,st025,ALTERMAGNET,mirror/rotoinv|rotation,4,8,Pnnm,ALTERMAGNET,True,3,58.397,495,0.706491,0.344,4.464,-4.465,4.464,0.0009999999999994458,True,0.0
POSCAR_Mn2Sb4_1_st050,Mn2Sb4_1_st050,Mn2Sb4_1,False,st050,ALTERMAGNET,mirror/rotoinv|rotation,4,8,Pnnm,ALTERMAGNET,True,3,58.397,495,0.605451,0.323,4.514,-4.514,4.514,0.0,True,0.0
POSCAR_Mn2Sb4_1_st950,Mn2Sb4_1_st950,Mn2Sb4_1,False,st950,ALTERMAGNET,mirror/rotoinv|rotation,4,8,Pnnm,ALTERMAGNET,True,3,58.397,495,1.062185,0.43,4.219,-4.22,4.219,0.0009999999999994458,True,0.001
POSCAR_Mn2Sb4_1_st975,Mn2Sb4_1_st975,Mn2Sb4_1,False,st975,ALTERMAGNET,mirror/rotoinv|rotation,4,8,Pnnm,ALTERMAGNET,True,3,58.397,495,0.939252,0.375,4.322,-4.323,4.322,0.001000000000000334,True,0.001
POSCAR_Mn2Sb4_1_x025,Mn2Sb4_1_x025,Mn2Sb4_1,False,x025,ALTERMAGNET,mirror/rotoinv|rotation,4,8,Pnnm,ALTERMAGNET,True,3,58.397,495,0.808715,0.419,4.413,-4.414,4.413,0.0009999999999994458,True,0.001
POSCAR_Mn2Sb4_1_x050,Mn2Sb4_1_x050,Mn2Sb4_1,False,x050,ALTERMAGNET,mirror/rotoinv|rotation,4,8,Pnnm,ALTERMAGNET,True,3,58.397,495,0.797272,0.305,4.428,-4.428,4.428,0.0,True,0.0
POSCAR_Mn2Sb4_1_x950,Mn2Sb4_1_x950,Mn2Sb4_1,False,x950,ALTERMAGNET,mirror/rotoinv|rotation,4,8,Pnnm,ALTERMAGNET,True,3,58.397,495,0.833113,0.281,4.369,-4.369,4.369,0.0,True,0.0
POSCAR_Mn2Sb4_1_x975,Mn2Sb4_1_x975,Mn2Sb4_1,False,x975,ALTERMAGNET,mirror/rotoinv|rotation,4,8,Pnnm,ALTERMAGNET,True,3,58.397,495,0.826735,0.362,4.388,-4.388,4.388,0.0,True,0.001
POSCAR_Mn2Sb4_1_y025,Mn2Sb4_1_y025,Mn2Sb4_1,False,y025,ALTERMAGNET,mirror/rotoinv|rotation,4,8,Pnnm,ALTERMAGNET,True,3,58.397,495,0.757858,0.302,4.426,-4.427,4.426,0.0009999999999994458,True,0.001
POSCAR_Mn2Sb4_1_y050,Mn2Sb4_1_y050,Mn2Sb4_1,False,y050,ALTERMAGNET,mirror/rotoinv|rotation,4,8,Pnnm,ALTERMAGNET,True,3,58.397,495,0.698403,0.255,4.45,-4.45,4.45,0.0,True,0.0
POSCAR_Mn2Sb4_1_y950,Mn2Sb4_1_y950,Mn2Sb4_1,False,y950,ALTERMAGNET,mirror/rotoinv|rotation,4,8,Pnnm,ALTERMAGNET,True,3,58.397,495,0.932454,0.316,4.333,-4.333,4.333,0.0,True,0.001
POSCAR_Mn2Sb4_1_y975,Mn2Sb4_1_y975,Mn2Sb4_1,False,y975,ALTERMAGNET,mirror/rotoinv|rotation,4,8,Pnnm,ALTERMAGNET,True,3,58.397,495,0.877883,0.337,4.369,-4.369,4.369,0.0,True,0.001
POSCAR_Mn2Sb4_1_z025,Mn2Sb4_1_z025,Mn2Sb4_1,False,z025,ALTERMAGNET,mirror/rotoinv|rotation,4,8,Pnnm,ALTERMAGNET,True,3,58.397,495,0.759887,0.299,4.427,-4.427,4.427,0.0,True,0.001
POSCAR_Mn2Sb4_1_z050,Mn2Sb4_1_z050,Mn2Sb4_1,False,z050,ALTERMAGNET,mirror/rotoinv|rotation,4,8,Pnnm,ALTERMAGNET,True,3,58.397,495,0.685198,0.278,4.446,-4.447,4.446,0.001000000000000334,True,0.0
POSCAR_Mn2Sb4_1_z950,Mn2Sb4_1_z950,Mn2Sb4_1,False,z950,ALTERMAGNET,mirror/rotoinv|rotation,4,8,Pnnm,ALTERMAGNET,True,3,58.397,495,0.878569,0.491,4.34,-4.341,4.34,0.001000000000000334,True,0.001
POSCAR_Mn2Sb4_1_z975,Mn2Sb4_1_z975,Mn2Sb4_1,False,z975,ALTERMAGNET,mirror/rotoinv|rotation,4,8,Pnnm,ALTERMAGNET,True,3,58.397,495,0.857894,0.472,4.372,-4.373,4.372,0.001000000000000334,True,0.001
POSCAR_Mn2Sb6_1,Mn2Sb6_1,Mn2Sb6_1,True,none,ALTERMAGNET,mirror/rotoinv|rotation,2,4,C2/c,ALTERMAGNET,True,3,15.89,96,0.486999,3.395,4.38,-4.384,4.38,0.004000000000000448,True,0.004
POSCAR_Mn2Sb6_1_z025,Mn2Sb6_1_z025,Mn2Sb6_1,False,z025,compensated_FiM_candidate,,0,2,P-1,ALTERMAGNET,False,3,15.89,96,0.47626,9.002,4.405,-4.409,4.405,0.0039999999999995595,True,0.002
POSCAR_Mn2Sb6_1_z975,Mn2Sb6_1_z975,Mn2Sb6_1,False,z975,compensated_FiM_candidate,,0,2,P-1,ALTERMAGNET,False,3,15.89,96,0.492984,9.623,4.353,-4.353,4.353,0.0,True,0.003
POSCAR_Mn2Se2_1,Mn2Se2_1,Mn2Se2_1,True,none,ALTERMAGNET,mirror/rotoinv|rotation,6,12,P6_3mc,ALTERMAGNET,True,3,186.206,1436,0.162089,0.298,4.568,-4.568,4.568,0.0,True,0.0
POSCAR_Mn2Se2_1_st025,Mn2Se2_1_st025,Mn2Se2_1,False,st025,ALTERMAGNET,mirror/rotoinv|rotation,6,12,P6_3mc,ALTERMAGNET,True,3,186.206,1436,0.132934,0.321,4.598,-4.598,4.598,0.0,True,0.0
POSCAR_Mn2Se2_1_st050,Mn2Se2_1_st050,Mn2Se2_1,False,st050,ALTERMAGNET,mirror/rotoinv|rotation,6,12,P6_3mc,ALTERMAGNET,True,3,186.206,1436,0.108786,0.339,4.623,-4.623,4.623,0.0,True,0.0
POSCAR_Mn2Se2_1_st950,Mn2Se2_1_st950,Mn2Se2_1,False,st950,ALTERMAGNET,mirror/rotoinv|rotation,6,12,P6_3mc,ALTERMAGNET,True,3,186.206,1436,0.237709,0.282,4.486,-4.486,4.486,0.0,True,0.0
POSCAR_Mn2Se2_1_st975,Mn2Se2_1_st975,Mn2Se2_1,False,st975,ALTERMAGNET,mirror/rotoinv|rotation,6,12,P6_3mc,ALTERMAGNET,True,3,186.206,1436,0.196829,0.294,4.531,-4.531,4.531,0.0,True,0.0
POSCAR_Mn2Se2_1_x025,Mn2Se2_1_x025,Mn2Se2_1,False,x025,ALTERMAGNET,rotation,1,2,P2_1,ALTERMAGNET,True,3,186.206,1436,0.150117,0.346,4.577,-4.577,4.577,0.0,True,0.0
POSCAR_Mn2Se2_1_x050,Mn2Se2_1_x050,Mn2Se2_1,False,x050,ALTERMAGNET,rotation,1,2,P2_1,ALTERMAGNET,True,3,186.206,1436,0.1483,0.33,4.584,-4.584,4.584,0.0,True,0.0
POSCAR_Mn2Se2_1_x950,Mn2Se2_1_x950,Mn2Se2_1,False,x950,ALTERMAGNET,rotation,1,2,P2_1,ALTERMAGNET,True,3,186.206,1436,0.24244,0.461,4.546,-4.546,4.546,0.0,True,0.0
POSCAR_Mn2Se2_1_x975,Mn2Se2_1_x975,Mn2Se2_1,False,x975,ALTERMAGNET,rotation,1,2,P2_1,ALTERMAGNET,True,3,186.206,1436,0.181692,0.414,4.558,-4.558,4.558,0.0,True,0.0
POSCAR_Mn2Se2_1_y025,Mn2Se2_1_y025,Mn2Se2_1,False,y025,ALTERMAGNET,rotation,1,2,P2_1,ALTERMAGNET,True,3,186.206,1436,0.151874,0.381,4.577,-4.577,4.577,0.0,True,0.0
POSCAR_Mn2Se2_1_y050,Mn2Se2_1_y050,Mn2Se2_1,False,y050,ALTERMAGNET,rotation,1,2,P2_1,ALTERMAGNET,True,3,186.206,1436,0.148647,0.391,4.584,-4.584,4.584,0.0,True,0.0
POSCAR_Mn2Se2_1_y950,Mn2Se2_1_y950,Mn2Se2_1,False,y950,ALTERMAGNET,rotation,1,2,P2_1,ALTERMAGNET,True,3,186.206,1436,0.242018,0.486,4.546,-4.546,4.546,0.0,True,0.0
POSCAR_Mn2Se2_1_y975,Mn2Se2_1_y975,Mn2Se2_1,False,y975,ALTERMAGNET,rotation,1,2,P2_1,ALTERMAGNET,True,3,186.206,1436,0.179805,0.352,4.558,-4.558,4.558,0.0,True,0.0
POSCAR_Mn2Se2_1_z025,Mn2Se2_1_z025,Mn2Se2_1,False,z025,ALTERMAGNET,mirror/rotoinv|rotation,6,12,P6_3mc,ALTERMAGNET,True,3,186.206,1436,0.160485,0.322,4.581,-4.581,4.581,0.0,True,0.0
POSCAR_Mn2Se2_1_z050,Mn2Se2_1_z050,Mn2Se2_1,False,z050,ALTERMAGNET,mirror/rotoinv|rotation,6,12,P6_3mc,ALTERMAGNET,True,3,186.206,1436,0.158003,0.347,4.593,-4.593,4.593,0.0,True,0.0
POSCAR_Mn2Se2_1_z950,Mn2Se2_1_z950,Mn2Se2_1,False,z950,ALTERMAGNET,mirror/rotoinv|rotation,6,12,P6_3mc,ALTERMAGNET,True,3,186.206,1436,0.161759,0.25,4.534,-4.534,4.534,0.0,True,0.0
POSCAR_Mn2Se2_1_z975,Mn2Se2_1_z975,Mn2Se2_1,False,z975,ALTERMAGNET,mirror/rotoinv|rotation,6,12,P6_3mc,ALTERMAGNET,True,3,186.206,1436,0.152707,0.268,4.552,-4.552,4.552,0.0,True,0.0
POSCAR_Mn2Se2_2,Mn2Se2_2,Mn2Se2_2,True,none,ALTERMAGNET,mirror/rotoinv|rotation,12,24,P6_3/mmc,ALTERMAGNET,True,3,194.269,1499,0.881407,1.612,4.522,-4.523,4.522,0.0009999999999994458,True,0.0
POSCAR_Mn2Se2_2_st025,Mn2Se2_2_st025,Mn2Se2_2,False,st025,ALTERMAGNET,mirror/rotoinv|rotation,12,24,P6_3/mmc,ALTERMAGNET,True,3,194.269,1499,0.761868,1.504,4.56,-4.561,4.56,0.001000000000000334,True,0.0
POSCAR_Mn2Se2_2_st050,Mn2Se2_2_st050,Mn2Se2_2,False,st050,ALTERMAGNET,mirror/rotoinv|rotation,12,24,P6_3/mmc,ALTERMAGNET,True,3,194.269,1499,0.653381,1.552,4.592,-4.592,4.592,0.0,True,0.0
POSCAR_Mn2Se2_2_st950,Mn2Se2_2_st950,Mn2Se2_2,False,st950,ALTERMAGNET,mirror/rotoinv|rotation,12,24,P6_3/mmc,ALTERMAGNET,True,3,194.269,1499,1.145264,1.394,4.417,-4.417,4.417,0.0,True,0.0
POSCAR_Mn2Se2_2_st975,Mn2Se2_2_st975,Mn2Se2_2,False,st975,ALTERMAGNET,mirror/rotoinv|rotation,12,24,P6_3/mmc,ALTERMAGNET,True,3,194.269,1499,1.010103,1.37,4.476,-4.476,4.476,0.0,True,0.0
POSCAR_Mn2Se2_2_x025,Mn2Se2_2_x025,Mn2Se2_2,False,x025,ALTERMAGNET,mirror/rotoinv|rotation,2,4,P2_1/m,ALTERMAGNET,True,3,194.269,1499,0.891434,1.47,4.535,-4.535,4.535,0.0,True,0.0
POSCAR_Mn2Se2_2_x050,Mn2Se2_2_x050,Mn2Se2_2,False,x050,ALTERMAGNET,mirror/rotoinv|rotation,2,4,P2_1/m,ALTERMAGNET,True,3,194.269,1499,0.855656,1.393,4.546,-4.546,4.546,0.0,True,0.0
POSCAR_Mn2Se2_2_x950,Mn2Se2_2_x950,Mn2Se2_2,False,x950,ALTERMAGNET,mirror/rotoinv|rotation,2,4,P2_1/m,ALTERMAGNET,True,3,194.269,1499,0.888547,1.64,4.492,-4.492,4.492,0.0,True,0.0
POSCAR_Mn2Se2_2_x975,Mn2Se2_2_x975,Mn2Se2_2,False,x975,ALTERMAGNET,mirror/rotoinv|rotation,2,4,P2_1/m,ALTERMAGNET,True,3,194.269,1499,1.052786,1.464,4.508,-4.509,4.508,0.001000000000000334,True,0.0
POSCAR_Mn2Se2_2_y025,Mn2Se2_2_y025,Mn2Se2_2,False,y025,ALTERMAGNET,mirror/rotoinv|rotation,2,4,P2_1/m,ALTERMAGNET,True,3,194.269,1499,0.893912,1.524,4.535,-4.535,4.535,0.0,True,0.0
POSCAR_Mn2Se2_2_y050,Mn2Se2_2_y050,Mn2Se2_2,False,y050,ALTERMAGNET,mirror/rotoinv|rotation,2,4,P2_1/m,ALTERMAGNET,True,3,194.269,1499,0.856305,1.512,4.546,-4.546,4.546,0.0,True,0.0
POSCAR_Mn2Se2_2_y950,Mn2Se2_2_y950,Mn2Se2_2,False,y950,ALTERMAGNET,mirror/rotoinv|rotation,2,4,P2_1/m,ALTERMAGNET,True,3,194.269,1499,0.889027,1.481,4.492,-4.492,4.492,0.0,True,0.0
POSCAR_Mn2Se2_2_y975,Mn2Se2_2_y975,Mn2Se2_2,False,y975,ALTERMAGNET,mirror/rotoinv|rotation,2,4,P2_1/m,ALTERMAGNET,True,3,194.269,1499,1.052282,1.397,4.508,-4.509,4.508,0.001000000000000334,True,0.0
POSCAR_Mn2Se2_2_z025,Mn2Se2_2_z025,Mn2Se2_2,False,z025,ALTERMAGNET,mirror/rotoinv|rotation,12,24,P6_3/mmc,ALTERMAGNET,True,3,194.269,1499,0.925731,1.489,4.537,-4.537,4.537,0.0,True,0.0
POSCAR_Mn2Se2_2_z050,Mn2Se2_2_z050,Mn2Se2_2,False,z050,ALTERMAGNET,mirror/rotoinv|rotation,12,24,P6_3/mmc,ALTERMAGNET,True,3,194.269,1499,0.900524,1.62,4.55,-4.55,4.55,0.0,True,0.0
POSCAR_Mn2Se2_2_z950,Mn2Se2_2_z950,Mn2Se2_2,False,z950,ALTERMAGNET,mirror/rotoinv|rotation,12,24,P6_3/mmc,ALTERMAGNET,True,3,194.269,1499,0.838312,1.43,4.488,-4.488,4.488,0.0,True,0.0
POSCAR_Mn2Se2_2_z975,Mn2Se2_2_z975,Mn2Se2_2,False,z975,ALTERMAGNET,mirror/rotoinv|rotation,12,24,P6_3/mmc,ALTERMAGNET,True,3,194.269,1499,0.84266,1.786,4.506,-4.506,4.506,0.0,True,0.0
POSCAR_Mn2Se2_3,Mn2Se2_3,Mn2Se2_3,True,none,ALTERMAGNET,mirror/rotoinv|rotation,2,4,Cmc2_1,ALTERMAGNET,True,3,36.175,273,0.660164,1.524,4.531,-4.531,4.531,0.0,True,0.0
POSCAR_Mn2Se2_3_st025,Mn2Se2_3_st025,Mn2Se2_3,False,st025,ALTERMAGNET,mirror/rotoinv|rotation,2,4,Cmc2_1,ALTERMAGNET,True,3,36.175,273,0.553977,1.243,4.568,-4.568,4.568,0.0,True,0.0
POSCAR_Mn2Se2_3_st050,Mn2Se2_3_st050,Mn2Se2_3,False,st050,ALTERMAGNET,mirror/rotoinv|rotation,2,4,Cmc2_1,ALTERMAGNET,True,3,36.175,273,0.466886,1.207,4.599,-4.599,4.599,0.0,True,0.0
POSCAR_Mn2Se2_3_st950,Mn2Se2_3_st950,Mn2Se2_3,False,st950,ALTERMAGNET,mirror/rotoinv|rotation,2,4,Cmc2_1,ALTERMAGNET,True,3,36.175,273,0.938997,1.487,4.427,-4.428,4.427,0.001000000000000334,True,0.0
POSCAR_Mn2Se2_3_st975,Mn2Se2_3_st975,Mn2Se2_3,False,st975,ALTERMAGNET,mirror/rotoinv|rotation,2,4,Cmc2_1,ALTERMAGNET,True,3,36.175,273,0.788173,1.3,4.485,-4.485,4.485,0.0,True,0.0
POSCAR_Mn2Se2_3_x025,Mn2Se2_3_x025,Mn2Se2_3,False,x025,ALTERMAGNET,rotation,1,2,P2_1,ALTERMAGNET,True,3,36.175,273,0.72059,1.467,4.545,-4.545,4.545,0.0,True,0.0
POSCAR_Mn2Se2_3_x050,Mn2Se2_3_x050,Mn2Se2_3,False,x050,ALTERMAGNET,rotation,1,2,P2_1,ALTERMAGNET,True,3,36.175,273,0.720459,1.192,4.558,-4.558,4.558,0.0,True,0.0
POSCAR_Mn2Se2_3_x950,Mn2Se2_3_x950,Mn2Se2_3,False,x950,ALTERMAGNET,rotation,1,2,P2_1,ALTERMAGNET,True,3,36.175,273,0.696602,1.652,4.496,-4.496,4.496,0.0,True,0.0
POSCAR_Mn2Se2_3_x975,Mn2Se2_3_x975,Mn2Se2_3,False,x975,ALTERMAGNET,rotation,1,2,P2_1,ALTERMAGNET,True,3,36.175,273,0.65806,1.428,4.515,-4.515,4.515,0.0,True,0.0
POSCAR_Mn2Se2_3_y025,Mn2Se2_3_y025,Mn2Se2_3,False,y025,ALTERMAGNET,rotation,1,2,P2_1,ALTERMAGNET,True,3,36.175,273,0.619431,1.421,4.541,-4.541,4.541,0.0,True,0.0
POSCAR_Mn2Se2_3_y050,Mn2Se2_3_y050,Mn2Se2_3,False,y050,ALTERMAGNET,rotation,1,2,P2_1,ALTERMAGNET,True,3,36.175,273,0.614925,1.299,4.55,-4.55,4.55,0.0,True,0.0
POSCAR_Mn2Se2_3_y950,Mn2Se2_3_y950,Mn2Se2_3,False,y950,ALTERMAGNET,rotation,1,2,P2_1,ALTERMAGNET,True,3,36.175,273,0.795893,1.292,4.507,-4.508,4.507,0.001000000000000334,True,0.0
POSCAR_Mn2Se2_3_y975,Mn2Se2_3_y975,Mn2Se2_3,False,y975,ALTERMAGNET,rotation,1,2,P2_1,ALTERMAGNET,True,3,36.175,273,0.734165,1.404,4.52,-4.52,4.52,0.0,True,0.0
POSCAR_Mn2Se2_3_z025,Mn2Se2_3_z025,Mn2Se2_3,False,z025,ALTERMAGNET,mirror/rotoinv|rotation,2,4,Cmc2_1,ALTERMAGNET,True,3,36.175,273,0.563233,1.346,4.546,-4.546,4.546,0.0,True,0.0
POSCAR_Mn2Se2_3_z050,Mn2Se2_3_z050,Mn2Se2_3,False,z050,ALTERMAGNET,mirror/rotoinv|rotation,2,4,Cmc2_1,ALTERMAGNET,True,3,36.175,273,0.503862,1.238,4.559,-4.559,4.559,0.0,True,0.0
POSCAR_Mn2Se2_3_z950,Mn2Se2_3_z950,Mn2Se2_3,False,z950,ALTERMAGNET,mirror/rotoinv|rotation,2,4,Cmc2_1,ALTERMAGNET,True,3,36.175,273,0.878258,1.226,4.496,-4.496,4.496,0.0,True,0.0
POSCAR_Mn2Se2_3_z975,Mn2Se2_3_z975,Mn2Se2_3,False,z975,ALTERMAGNET,mirror/rotoinv|rotation,2,4,Cmc2_1,ALTERMAGNET,True,3,36.175,273,0.750771,1.236,4.515,-4.515,4.515,0.0,True,0.0
POSCAR_Mn2Se4_1,Mn2Se4_1,Mn2Se4_1,True,none,ALTERMAGNET,mirror/rotoinv|rotation,4,8,Pnnm,ALTERMAGNET,True,3,58.397,495,0.433695,0.488,4.527,-4.526,4.527,0.001000000000000334,True,0.0
POSCAR_Mn2Se4_1_st025,Mn2Se4_1_st025,Mn2Se4_1,False,st025,ALTERMAGNET,mirror/rotoinv|rotation,4,8,Pnnm,ALTERMAGNET,True,3,58.397,495,0.387577,0.514,4.565,-4.565,4.565,0.0,True,0.0
POSCAR_Mn2Se4_1_st050,Mn2Se4_1_st050,Mn2Se4_1,False,st050,ALTERMAGNET,mirror/rotoinv|rotation,4,8,Pnnm,ALTERMAGNET,True,3,58.397,495,0.399513,0.512,4.597,-4.597,4.597,0.0,True,0.0
POSCAR_Mn2Se4_1_st950,Mn2Se4_1_st950,Mn2Se4_1,False,st950,ALTERMAGNET,mirror/rotoinv|rotation,4,8,Pnnm,ALTERMAGNET,True,3,58.397,495,0.520944,0.415,4.417,-4.417,4.417,0.0,True,0.0
POSCAR_Mn2Se4_1_st975,Mn2Se4_1_st975,Mn2Se4_1,False,st975,ALTERMAGNET,mirror/rotoinv|rotation,4,8,Pnnm,ALTERMAGNET,True,3,58.397,495,0.47961,0.464,4.479,-4.478,4.479,0.001000000000000334,True,0.0
POSCAR_Mn2Se4_1_x025,Mn2Se4_1_x025,Mn2Se4_1,False,x025,ALTERMAGNET,mirror/rotoinv|rotation,4,8,Pnnm,ALTERMAGNET,True,3,58.397,495,0.429056,0.503,4.541,-4.541,4.541,0.0,True,0.0
POSCAR_Mn2Se4_1_x050,Mn2Se4_1_x050,Mn2Se4_1,False,x050,ALTERMAGNET,mirror/rotoinv|rotation,4,8,Pnnm,ALTERMAGNET,True,3,58.397,495,0.420021,0.865,4.555,-4.555,4.555,0.0,True,0.0
POSCAR_Mn2Se4_1_x950,Mn2Se4_1_x950,Mn2Se4_1,False,x950,ALTERMAGNET,mirror/rotoinv|rotation,4,8,Pnnm,ALTERMAGNET,True,3,58.397,495,0.436283,0.401,4.489,-4.489,4.489,0.0,True,0.0
POSCAR_Mn2Se4_1_x975,Mn2Se4_1_x975,Mn2Se4_1,False,x975,ALTERMAGNET,mirror/rotoinv|rotation,4,8,Pnnm,ALTERMAGNET,True,3,58.397,495,0.435457,0.417,4.509,-4.509,4.509,0.0,True,0.0
POSCAR_Mn2Se4_1_y025,Mn2Se4_1_y025,Mn2Se4_1,False,y025,ALTERMAGNET,mirror/rotoinv|rotation,4,8,Pnnm,ALTERMAGNET,True,3,58.397,495,0.434736,0.492,4.537,-4.537,4.537,0.0,True,0.0
POSCAR_Mn2Se4_1_y050,Mn2Se4_1_y050,Mn2Se4_1,False,y050,ALTERMAGNET,mirror/rotoinv|rotation,4,8,Pnnm,ALTERMAGNET,True,3,58.397,495,0.428954,0.62,4.546,-4.546,4.546,0.0,True,0.0
POSCAR_Mn2Se4_1_y950,Mn2Se4_1_y950,Mn2Se4_1,False,y950,ALTERMAGNET,mirror/rotoinv|rotation,4,8,Pnnm,ALTERMAGNET,True,3,58.397,495,0.475777,0.48,4.502,-4.502,4.502,0.0,True,0.0
POSCAR_Mn2Se4_1_y975,Mn2Se4_1_y975,Mn2Se4_1,False,y975,ALTERMAGNET,mirror/rotoinv|rotation,4,8,Pnnm,ALTERMAGNET,True,3,58.397,495,0.428592,0.487,4.515,-4.515,4.515,0.0,True,0.0
POSCAR_Mn2Se4_1_z025,Mn2Se4_1_z025,Mn2Se4_1,False,z025,ALTERMAGNET,mirror/rotoinv|rotation,4,8,Pnnm,ALTERMAGNET,True,3,58.397,495,0.393701,0.502,4.541,-4.541,4.541,0.0,True,0.0
POSCAR_Mn2Se4_1_z050,Mn2Se4_1_z050,Mn2Se4_1,False,z050,ALTERMAGNET,mirror/rotoinv|rotation,4,8,Pnnm,ALTERMAGNET,True,3,58.397,495,0.417475,0.514,4.554,-4.554,4.554,0.0,True,0.0
POSCAR_Mn2Se4_1_z950,Mn2Se4_1_z950,Mn2Se4_1,False,z950,ALTERMAGNET,mirror/rotoinv|rotation,4,8,Pnnm,ALTERMAGNET,True,3,58.397,495,0.511353,0.484,4.49,-4.489,4.49,0.001000000000000334,True,0.0
POSCAR_Mn2Se4_1_z975,Mn2Se4_1_z975,Mn2Se4_1,False,z975,ALTERMAGNET,mirror/rotoinv|rotation,4,8,Pnnm,ALTERMAGNET,True,3,58.397,495,0.480513,0.5,4.509,-4.509,4.509,0.0,True,0.0
POSCAR_Mn2Sn3_1,Mn2Sn3_1,Mn2Sn3_1,True,none,conventional_AFM_inversion,inversion|mirror/rotoinv|rotation,6,12,P-3m1,conventional_AFM_inversion,True,3,164.87,1317,0.022539,4.115,4.402,-4.399,4.402,0.0030000000000001137,True,0.004
POSCAR_Mn2Sn3_1_st025,Mn2Sn3_1_st025,Mn2Sn3_1,False,st025,conventional_AFM_inversion,inversion|mirror/rotoinv|rotation,6,12,P-3m1,conventional_AFM_inversion,True,3,164.87,1317,0.018339,3.594,4.468,-4.466,4.468,0.0019999999999997797,True,0.001
POSCAR_Mn2Sn3_1_st050,Mn2Sn3_1_st050,Mn2Sn3_1,False,st050,conventional_AFM_inversion,inversion|mirror/rotoinv|rotation,6,12,P-3m1,conventional_AFM_inversion,True,3,164.87,1317,0.013471,3.25,4.523,-4.522,4.523,0.0009999999999994458,True,0.0
POSCAR_Mn2Sn3_1_st950,Mn2Sn3_1_st950,Mn2Sn3_1,False,st950,conventional_AFM_inversion,inversion|mirror/rotoinv|rotation,6,12,P-3m1,conventional_AFM_inversion,True,3,164.87,1317,0.025482,4.49,4.215,-4.212,4.215,0.0030000000000001137,True,0.003
POSCAR_Mn2Sn3_1_x025,Mn2Sn3_1_x025,Mn2Sn3_1,False,x025,conventional_AFM_inversion,inversion,1,2,P-1,conventional_AFM_inversion,True,3,164.87,1317,0.020608,3.566,4.422,-4.42,4.422,0.0019999999999997797,True,0.002
POSCAR_Mn2Sn3_1_x050,Mn2Sn3_1_x050,Mn2Sn3_1,False,x050,conventional_AFM_inversion,inversion,1,2,P-1,conventional_AFM_inversion,True,3,164.87,1317,0.018867,3.556,4.439,-4.437,4.439,0.0019999999999997797,True,0.003
POSCAR_Mn2Sn3_1_x950,Mn2Sn3_1_x950,Mn2Sn3_1,False,x950,conventional_AFM_inversion,inversion,1,2,P-1,conventional_AFM_inversion,True,3,164.87,1317,0.021188,3.605,4.349,-4.348,4.349,0.001000000000000334,True,0.001
POSCAR_Mn2Sn3_1_y025,Mn2Sn3_1_y025,Mn2Sn3_1,False,y025,conventional_AFM_inversion,inversion,1,2,P-1,conventional_AFM_inversion,True,3,164.87,1317,0.020612,3.635,4.422,-4.42,4.422,0.0019999999999997797,True,0.002
POSCAR_Mn2Sn3_1_y050,Mn2Sn3_1_y050,Mn2Sn3_1,False,y050,conventional_AFM_inversion,inversion,1,2,P-1,conventional_AFM_inversion,True,3,164.87,1317,0.018813,3.485,4.439,-4.437,4.439,0.0019999999999997797,True,0.003
POSCAR_Mn2Sn3_1_y950,Mn2Sn3_1_y950,Mn2Sn3_1,False,y950,conventional_AFM_inversion,inversion,1,2,P-1,conventional_AFM_inversion,True,3,164.87,1317,0.021099,3.688,4.349,-4.348,4.349,0.001000000000000334,True,0.001
POSCAR_Mn2Sn3_1_z025,Mn2Sn3_1_z025,Mn2Sn3_1,False,z025,conventional_AFM_inversion,inversion|mirror/rotoinv|rotation,6,12,P-3m1,conventional_AFM_inversion,True,3,164.87,1317,0.021315,4.182,4.431,-4.428,4.431,0.0030000000000001137,True,0.002
POSCAR_Mn2Sn3_1_z050,Mn2Sn3_1_z050,Mn2Sn3_1,False,z050,conventional_AFM_inversion,inversion|mirror/rotoinv|rotation,6,12,P-3m1,conventional_AFM_inversion,True,3,164.87,1317,0.01986,3.977,4.455,-4.453,4.455,0.0019999999999997797,True,0.001
POSCAR_Mn2Sn3_1_z950,Mn2Sn3_1_z950,Mn2Sn3_1,False,z950,conventional_AFM_inversion,inversion|mirror/rotoinv|rotation,6,12,P-3m1,conventional_AFM_inversion,True,3,164.87,1317,0.020445,3.874,4.33,-4.331,4.33,0.001000000000000334,True,0.003
POSCAR_Mn2Sn3_1_z975,Mn2Sn3_1_z975,Mn2Sn3_1,False,z975,conventional_AFM_inversion,inversion|mirror/rotoinv|rotation,6,12,P-3m1,conventional_AFM_inversion,True,3,164.87,1317,0.022518,3.775,4.368,-4.366,4.368,0.002000000000000668,True,0.003
POSCAR_Mn2Te2_1,Mn2Te2_1,Mn2Te2_1,True,none,ALTERMAGNET,mirror/rotoinv|rotation,12,24,P6_3/mmc,ALTERMAGNET,True,3,194.269,1499,0.650019,2.9,4.515,-4.515,4.515,0.0,True,0.001
POSCAR_Mn2Te2_1_st025,Mn2Te2_1_st025,Mn2Te2_1,False,st025,ALTERMAGNET,mirror/rotoinv|rotation,12,24,P6_3/mmc,ALTERMAGNET,True,3,194.269,1499,0.548578,2.999,4.555,-4.556,4.555,0.001000000000000334,True,0.0
POSCAR_Mn2Te2_1_st050,Mn2Te2_1_st050,Mn2Te2_1,False,st050,ALTERMAGNET,mirror/rotoinv|rotation,12,24,P6_3/mmc,ALTERMAGNET,True,3,194.269,1499,0.467186,2.978,4.589,-4.589,4.589,0.0,True,0.0
POSCAR_Mn2Te2_1_st950,Mn2Te2_1_st950,Mn2Te2_1,False,st950,ALTERMAGNET,mirror/rotoinv|rotation,12,24,P6_3/mmc,ALTERMAGNET,True,3,194.269,1499,0.935289,2.771,4.402,-4.403,4.402,0.0009999999999994458,True,0.001
POSCAR_Mn2Te2_1_st975,Mn2Te2_1_st975,Mn2Te2_1,False,st975,ALTERMAGNET,mirror/rotoinv|rotation,12,24,P6_3/mmc,ALTERMAGNET,True,3,194.269,1499,0.776702,2.762,4.465,-4.465,4.465,0.0,True,0.001
POSCAR_Mn2Te2_1_x025,Mn2Te2_1_x025,Mn2Te2_1,False,x025,ALTERMAGNET,mirror/rotoinv|rotation,2,4,P2_1/m,ALTERMAGNET,True,3,194.269,1499,0.720659,2.904,4.528,-4.529,4.528,0.001000000000000334,True,0.0
POSCAR_Mn2Te2_1_x050,Mn2Te2_1_x050,Mn2Te2_1,False,x050,ALTERMAGNET,mirror/rotoinv|rotation,2,4,P2_1/m,ALTERMAGNET,True,3,194.269,1499,0.710735,2.715,4.54,-4.541,4.54,0.001000000000000334,True,0.0
POSCAR_Mn2Te2_1_x950,Mn2Te2_1_x950,Mn2Te2_1,False,x950,ALTERMAGNET,mirror/rotoinv|rotation,2,4,P2_1/m,ALTERMAGNET,True,3,194.269,1499,0.936933,2.846,4.482,-4.483,4.482,0.0009999999999994458,True,0.001
POSCAR_Mn2Te2_1_x975,Mn2Te2_1_x975,Mn2Te2_1,False,x975,ALTERMAGNET,mirror/rotoinv|rotation,2,4,P2_1/m,ALTERMAGNET,True,3,194.269,1499,0.801303,2.873,4.499,-4.5,4.499,0.001000000000000334,True,0.001
POSCAR_Mn2Te2_1_y025,Mn2Te2_1_y025,Mn2Te2_1,False,y025,ALTERMAGNET,mirror/rotoinv|rotation,2,4,P2_1/m,ALTERMAGNET,True,3,194.269,1499,0.721698,2.902,4.528,-4.529,4.528,0.001000000000000334,True,0.0
POSCAR_Mn2Te2_1_y050,Mn2Te2_1_y050,Mn2Te2_1,False,y050,ALTERMAGNET,mirror/rotoinv|rotation,2,4,P2_1/m,ALTERMAGNET,True,3,194.269,1499,0.710821,2.711,4.54,-4.541,4.54,0.001000000000000334,True,0.0
POSCAR_Mn2Te2_1_y950,Mn2Te2_1_y950,Mn2Te2_1,False,y950,ALTERMAGNET,mirror/rotoinv|rotation,2,4,P2_1/m,ALTERMAGNET,True,3,194.269,1499,0.93675,2.848,4.482,-4.483,4.482,0.0009999999999994458,True,0.001
POSCAR_Mn2Te2_1_y975,Mn2Te2_1_y975,Mn2Te2_1,False,y975,ALTERMAGNET,mirror/rotoinv|rotation,2,4,P2_1/m,ALTERMAGNET,True,3,194.269,1499,0.799947,2.875,4.499,-4.5,4.499,0.001000000000000334,True,0.001
POSCAR_Mn2Te2_1_z025,Mn2Te2_1_z025,Mn2Te2_1,False,z025,ALTERMAGNET,mirror/rotoinv|rotation,12,24,P6_3/mmc,ALTERMAGNET,True,3,194.269,1499,0.67557,3.119,4.53,-4.531,4.53,0.0009999999999994458,True,0.001
POSCAR_Mn2Te2_1_z050,Mn2Te2_1_z050,Mn2Te2_1,False,z050,ALTERMAGNET,mirror/rotoinv|rotation,12,24,P6_3/mmc,ALTERMAGNET,True,3,194.269,1499,0.725824,3.423,4.544,-4.545,4.544,0.001000000000000334,True,0.0
POSCAR_Mn2Te2_1_z950,Mn2Te2_1_z950,Mn2Te2_1,False,z950,ALTERMAGNET,mirror/rotoinv|rotation,12,24,P6_3/mmc,ALTERMAGNET,True,3,194.269,1499,0.955288,2.596,4.477,-4.478,4.477,0.0009999999999994458,True,0.001
POSCAR_Mn2Te2_1_z975,Mn2Te2_1_z975,Mn2Te2_1,False,z975,ALTERMAGNET,mirror/rotoinv|rotation,12,24,P6_3/mmc,ALTERMAGNET,True,3,194.269,1499,0.803063,2.745,4.497,-4.498,4.497,0.001000000000000334,True,0.001
POSCAR_Mn2Te3_1,Mn2Te3_1,Mn2Te3_1,True,none,conventional_AFM_inversion,inversion|mirror/rotoinv|rotation,8,16,I4/mmm,conventional_AFM_inversion,True,3,139.533,1193,0.024746,1.808,4.458,-4.46,4.458,0.0019999999999997797,True,0.004
POSCAR_Mn2Te3_1_st050,Mn2Te3_1_st050,Mn2Te3_1,False,st050,conventional_AFM_inversion,inversion|mirror/rotoinv|rotation,8,16,I4/mmm,conventional_AFM_inversion,True,3,139.533,1193,0.023125,1.552,4.553,-4.555,4.553,0.0019999999999997797,True,0.004
POSCAR_Mn2Te3_1_x050,Mn2Te3_1_x050,Mn2Te3_1,False,x050,conventional_AFM_inversion,inversion|rotation,2,4,C2/m,conventional_AFM_inversion,True,3,139.533,1193,0.022641,2.133,4.489,-4.491,4.489,0.0019999999999997797,True,0.001
POSCAR_Mn2Te3_1_x950,Mn2Te3_1_x950,Mn2Te3_1,False,x950,conventional_AFM_inversion,inversion|rotation,2,4,C2/m,conventional_AFM_inversion,True,3,139.533,1193,0.024438,1.768,4.42,-4.421,4.42,0.001000000000000334,True,0.001
POSCAR_Mn2Te3_1_x975,Mn2Te3_1_x975,Mn2Te3_1,False,x975,conventional_AFM_inversion,inversion|rotation,2,4,C2/m,conventional_AFM_inversion,True,3,139.533,1193,0.024909,1.621,4.44,-4.442,4.44,0.0019999999999997797,True,0.003
POSCAR_Mn2Te3_1_y050,Mn2Te3_1_y050,Mn2Te3_1,False,y050,conventional_AFM_inversion,inversion|rotation,2,4,C2/m,conventional_AFM_inversion,True,3,139.533,1193,0.022783,2.067,4.489,-4.491,4.489,0.0019999999999997797,True,0.001
POSCAR_Mn2Te3_1_y950,Mn2Te3_1_y950,Mn2Te3_1,False,y950,conventional_AFM_inversion,inversion|rotation,2,4,C2/m,conventional_AFM_inversion,True,3,139.533,1193,0.024819,1.794,4.42,-4.421,4.42,0.001000000000000334,True,0.001
POSCAR_Mn2Te3_1_y975,Mn2Te3_1_y975,Mn2Te3_1,False,y975,conventional_AFM_inversion,inversion|rotation,2,4,C2/m,conventional_AFM_inversion,True,3,139.533,1193,0.025373,1.618,4.44,-4.442,4.44,0.0019999999999997797,True,0.003
POSCAR_Mn2Te3_1_z025,Mn2Te3_1_z025,Mn2Te3_1,False,z025,conventional_AFM_inversion,inversion|rotation,2,4,C2/m,conventional_AFM_inversion,True,3,139.533,1193,0.024754,1.55,4.479,-4.481,4.479,0.0019999999999997797,True,0.004
POSCAR_Mn2Te3_1_z975,Mn2Te3_1_z975,Mn2Te3_1,False,z975,conventional_AFM_inversion,inversion|rotation,2,4,C2/m,conventional_AFM_inversion,True,3,139.533,1193,0.025602,1.723,4.432,-4.433,4.432,0.0009999999999994458,True,0.001
POSCAR_Mn2Te4_1,Mn2Te4_1,Mn2Te4_1,True,none,ALTERMAGNET,mirror/rotoinv|rotation,4,8,Pnnm,ALTERMAGNET,True,3,58.397,495,0.398752,0.263,4.513,-4.513,4.513,0.0,True,0.0
POSCAR_Mn2Te4_1_st025,Mn2Te4_1_st025,Mn2Te4_1,False,st025,ALTERMAGNET,mirror/rotoinv|rotation,4,8,Pnnm,ALTERMAGNET,True,3,58.397,495,0.392111,0.32,4.556,-4.556,4.556,0.0,True,0.0
POSCAR_Mn2Te4_1_st050,Mn2Te4_1_st050,Mn2Te4_1,False,st050,ALTERMAGNET,mirror/rotoinv|rotation,4,8,Pnnm,ALTERMAGNET,True,3,58.397,495,0.348485,0.331,4.591,-4.591,4.591,0.0,True,0.0
POSCAR_Mn2Te4_1_st950,Mn2Te4_1_st950,Mn2Te4_1,False,st950,ALTERMAGNET,mirror/rotoinv|rotation,4,8,Pnnm,ALTERMAGNET,True,3,58.397,495,0.442836,0.291,4.39,-4.39,4.39,0.0,True,0.0
POSCAR_Mn2Te4_1_st975,Mn2Te4_1_st975,Mn2Te4_1,False,st975,ALTERMAGNET,mirror/rotoinv|rotation,4,8,Pnnm,ALTERMAGNET,True,3,58.397,495,0.400682,0.324,4.46,-4.46,4.46,0.0,True,0.0
POSCAR_Mn2Te4_1_x025,Mn2Te4_1_x025,Mn2Te4_1,False,x025,ALTERMAGNET,mirror/rotoinv|rotation,4,8,Pnnm,ALTERMAGNET,True,3,58.397,495,0.395198,0.326,4.53,-4.53,4.53,0.0,True,0.0
POSCAR_Mn2Te4_1_x050,Mn2Te4_1_x050,Mn2Te4_1,False,x050,ALTERMAGNET,mirror/rotoinv|rotation,4,8,Pnnm,ALTERMAGNET,True,3,58.397,495,0.40939,0.32,4.545,-4.545,4.545,0.0,True,0.0
POSCAR_Mn2Te4_1_x950,Mn2Te4_1_x950,Mn2Te4_1,False,x950,ALTERMAGNET,mirror/rotoinv|rotation,4,8,Pnnm,ALTERMAGNET,True,3,58.397,495,0.458795,0.251,4.471,-4.471,4.471,0.0,True,0.0
POSCAR_Mn2Te4_1_x975,Mn2Te4_1_x975,Mn2Te4_1,False,x975,ALTERMAGNET,mirror/rotoinv|rotation,4,8,Pnnm,ALTERMAGNET,True,3,58.397,495,0.422493,0.292,4.495,-4.495,4.495,0.0,True,0.0
POSCAR_Mn2Te4_1_y025,Mn2Te4_1_y025,Mn2Te4_1,False,y025,ALTERMAGNET,mirror/rotoinv|rotation,4,8,Pnnm,ALTERMAGNET,True,3,58.397,495,0.393297,0.306,4.526,-4.526,4.526,0.0,True,0.0
POSCAR_Mn2Te4_1_y050,Mn2Te4_1_y050,Mn2Te4_1,False,y050,ALTERMAGNET,mirror/rotoinv|rotation,4,8,Pnnm,ALTERMAGNET,True,3,58.397,495,0.386326,0.305,4.536,-4.536,4.536,0.0,True,0.0
POSCAR_Mn2Te4_1_y950,Mn2Te4_1_y950,Mn2Te4_1,False,y950,ALTERMAGNET,mirror/rotoinv|rotation,4,8,Pnnm,ALTERMAGNET,True,3,58.397,495,0.375161,0.275,4.486,-4.486,4.486,0.0,True,0.0
POSCAR_Mn2Te4_1_y975,Mn2Te4_1_y975,Mn2Te4_1,False,y975,ALTERMAGNET,mirror/rotoinv|rotation,4,8,Pnnm,ALTERMAGNET,True,3,58.397,495,0.404514,0.267,4.5,-4.5,4.5,0.0,True,0.0
POSCAR_Mn2Te4_1_z025,Mn2Te4_1_z025,Mn2Te4_1,False,z025,ALTERMAGNET,mirror/rotoinv|rotation,4,8,Pnnm,ALTERMAGNET,True,3,58.397,495,0.435286,0.255,4.53,-4.53,4.53,0.0,True,0.0
POSCAR_Mn2Te4_1_z050,Mn2Te4_1_z050,Mn2Te4_1,False,z050,ALTERMAGNET,mirror/rotoinv|rotation,4,8,Pnnm,ALTERMAGNET,True,3,58.397,495,0.449525,0.234,4.544,-4.544,4.544,0.0,True,0.0
POSCAR_Mn2Te4_1_z950,Mn2Te4_1_z950,Mn2Te4_1,False,z950,ALTERMAGNET,mirror/rotoinv|rotation,4,8,Pnnm,ALTERMAGNET,True,3,58.397,495,0.280623,0.286,4.474,-4.474,4.474,0.0,True,0.0
POSCAR_Mn2Te4_1_z975,Mn2Te4_1_z975,Mn2Te4_1,False,z975,ALTERMAGNET,mirror/rotoinv|rotation,4,8,Pnnm,ALTERMAGNET,True,3,58.397,495,0.344643,0.296,4.495,-4.495,4.495,0.0,True,0.0
POSCAR_Mn2Te8_1,Mn2Te8_1,Mn2Te8_1,True,none,ALTERMAGNET,mirror/rotoinv|rotation,2,4,P2_1/c,ALTERMAGNET,True,3,14.79,86,0.431439,0.875,4.478,-4.478,4.478,0.0,True,0.002
POSCAR_Mn2Te8_1_st025,Mn2Te8_1_st025,Mn2Te8_1,False,st025,ALTERMAGNET,mirror/rotoinv|rotation,2,4,P2_1/c,ALTERMAGNET,True,3,14.79,86,0.370025,0.667,4.528,-4.528,4.528,0.0,True,0.002
POSCAR_Mn2Te8_1_st950,Mn2Te8_1_st950,Mn2Te8_1,False,st950,ALTERMAGNET,mirror/rotoinv|rotation,2,4,P2_1/c,ALTERMAGNET,True,3,14.79,86,0.457919,1.146,4.335,-4.335,4.335,0.0,True,0.002
POSCAR_Mn2Te8_1_st975,Mn2Te8_1_st975,Mn2Te8_1,False,st975,ALTERMAGNET,mirror/rotoinv|rotation,2,4,P2_1/c,ALTERMAGNET,True,3,14.79,86,0.457613,1.027,4.415,-4.415,4.415,0.0,True,0.0
POSCAR_Mn2Te8_1_x025,Mn2Te8_1_x025,Mn2Te8_1,False,x025,ALTERMAGNET,mirror/rotoinv|rotation,2,4,P2_1/c,ALTERMAGNET,True,3,14.79,86,0.398912,0.747,4.497,-4.496,4.497,0.0009999999999994458,True,0.0
POSCAR_Mn2Te8_1_x050,Mn2Te8_1_x050,Mn2Te8_1,False,x050,ALTERMAGNET,mirror/rotoinv|rotation,2,4,P2_1/c,ALTERMAGNET,True,3,14.79,86,0.355818,0.796,4.512,-4.512,4.512,0.0,True,0.001
POSCAR_Mn2Te8_1_x950,Mn2Te8_1_x950,Mn2Te8_1,False,x950,ALTERMAGNET,mirror/rotoinv|rotation,2,4,P2_1/c,ALTERMAGNET,True,3,14.79,86,0.474472,0.919,4.432,-4.432,4.432,0.0,True,0.003
POSCAR_Mn2Te8_1_y025,Mn2Te8_1_y025,Mn2Te8_1,False,y025,ALTERMAGNET,mirror/rotoinv|rotation,2,4,P2_1/c,ALTERMAGNET,True,3,14.79,86,0.401971,0.801,4.494,-4.494,4.494,0.0,True,0.003
POSCAR_Mn2Te8_1_y050,Mn2Te8_1_y050,Mn2Te8_1,False,y050,ALTERMAGNET,mirror/rotoinv|rotation,2,4,P2_1/c,ALTERMAGNET,True,3,14.79,86,0.409631,0.804,4.508,-4.508,4.508,0.0,True,0.001
POSCAR_Mn2Te8_1_y950,Mn2Te8_1_y950,Mn2Te8_1,False,y950,ALTERMAGNET,mirror/rotoinv|rotation,2,4,P2_1/c,ALTERMAGNET,True,3,14.79,86,0.42839,1.016,4.441,-4.441,4.441,0.0,True,0.001
POSCAR_Mn2Te8_1_y975,Mn2Te8_1_y975,Mn2Te8_1,False,y975,ALTERMAGNET,mirror/rotoinv|rotation,2,4,P2_1/c,ALTERMAGNET,True,3,14.79,86,0.442316,0.943,4.461,-4.461,4.461,0.0,True,0.002
POSCAR_Mn2Te8_1_z025,Mn2Te8_1_z025,Mn2Te8_1,False,z025,ALTERMAGNET,mirror/rotoinv|rotation,2,4,P2_1/c,ALTERMAGNET,True,3,14.79,86,0.421302,0.824,4.498,-4.497,4.498,0.001000000000000334,True,0.003
POSCAR_Mn2Te8_1_z050,Mn2Te8_1_z050,Mn2Te8_1,False,z050,ALTERMAGNET,mirror/rotoinv|rotation,2,4,P2_1/c,ALTERMAGNET,True,3,14.79,86,0.384184,0.752,4.516,-4.515,4.516,0.001000000000000334,True,0.002
POSCAR_Mn2Te8_1_z950,Mn2Te8_1_z950,Mn2Te8_1,False,z950,ALTERMAGNET,mirror/rotoinv|rotation,2,4,P2_1/c,ALTERMAGNET,True,3,14.79,86,0.413174,0.98,4.436,-4.436,4.436,0.0,True,0.002
POSCAR_Mn2Te8_1_z975,Mn2Te8_1_z975,Mn2Te8_1,False,z975,ALTERMAGNET,mirror/rotoinv|rotation,2,4,P2_1/c,ALTERMAGNET,True,3,14.79,86,0.419145,1.103,4.457,-4.457,4.457,0.0,True,0.004
POSCAR_Mn2Te8_2,Mn2Te8_2,Mn2Te8_2,True,none,conventional_AFM_inversion,inversion|mirror/rotoinv,2,4,C2/c,conventional_AFM_inversion,True,3,15.88,95,0.011201,0.339,4.478,-4.479,4.478,0.001000000000000334,True,0.0
POSCAR_Mn2Te8_2_st025,Mn2Te8_2_st025,Mn2Te8_2,False,st025,conventional_AFM_inversion,inversion|mirror/rotoinv,2,4,C2/c,conventional_AFM_inversion,True,3,15.88,95,0.011463,0.382,4.528,-4.529,4.528,0.001000000000000334,True,0.001
POSCAR_Mn2Te8_2_st050,Mn2Te8_2_st050,Mn2Te8_2,False,st050,conventional_AFM_inversion,inversion|mirror/rotoinv,2,4,C2/c,conventional_AFM_inversion,True,3,15.88,95,0.011347,0.432,4.57,-4.57,4.57,0.0,True,0.001
POSCAR_Mn2Te8_2_st950,Mn2Te8_2_st950,Mn2Te8_2,False,st950,conventional_AFM_inversion,inversion|mirror/rotoinv,2,4,C2/c,conventional_AFM_inversion,True,3,15.88,95,0.012551,0.376,4.343,-4.344,4.343,0.001000000000000334,True,0.001
POSCAR_Mn2Te8_2_st975,Mn2Te8_2_st975,Mn2Te8_2,False,st975,conventional_AFM_inversion,inversion|mirror/rotoinv,2,4,C2/c,conventional_AFM_inversion,True,3,15.88,95,0.012137,0.369,4.418,-4.418,4.418,0.0,True,0.001
POSCAR_Mn2Te8_2_x025,Mn2Te8_2_x025,Mn2Te8_2,False,x025,conventional_AFM_inversion,inversion,1,2,P-1,conventional_AFM_inversion,True,3,15.88,95,0.011947,1.816,4.492,-4.493,4.492,0.001000000000000334,True,0.0
POSCAR_Mn2Te8_2_x050,Mn2Te8_2_x050,Mn2Te8_2,False,x050,conventional_AFM_inversion,inversion,1,2,P-1,conventional_AFM_inversion,True,3,15.88,95,0.011119,1.655,4.505,-4.506,4.505,0.001000000000000334,True,0.002
POSCAR_Mn2Te8_2_x950,Mn2Te8_2_x950,Mn2Te8_2,False,x950,conventional_AFM_inversion,inversion,1,2,P-1,conventional_AFM_inversion,True,3,15.88,95,0.013089,1.887,4.448,-4.448,4.448,0.0,True,0.002
POSCAR_Mn2Te8_2_x975,Mn2Te8_2_x975,Mn2Te8_2,False,x975,conventional_AFM_inversion,inversion,1,2,P-1,conventional_AFM_inversion,True,3,15.88,95,0.012938,1.613,4.463,-4.464,4.463,0.001000000000000334,True,0.002
POSCAR_Mn2Te8_2_y025,Mn2Te8_2_y025,Mn2Te8_2,False,y025,conventional_AFM_inversion,inversion,1,2,P-1,conventional_AFM_inversion,True,3,15.88,95,0.012666,1.893,4.492,-4.493,4.492,0.001000000000000334,True,0.002
POSCAR_Mn2Te8_2_y050,Mn2Te8_2_y050,Mn2Te8_2,False,y050,conventional_AFM_inversion,inversion,1,2,P-1,conventional_AFM_inversion,True,3,15.88,95,0.012101,1.818,4.506,-4.506,4.506,0.0,True,0.0
POSCAR_Mn2Te8_2_y950,Mn2Te8_2_y950,Mn2Te8_2,False,y950,conventional_AFM_inversion,inversion,1,2,P-1,conventional_AFM_inversion,True,3,15.88,95,0.011969,2.079,4.448,-4.448,4.448,0.0,True,0.0
POSCAR_Mn2Te8_2_y975,Mn2Te8_2_y975,Mn2Te8_2,False,y975,conventional_AFM_inversion,inversion,1,2,P-1,conventional_AFM_inversion,True,3,15.88,95,0.012379,1.699,4.464,-4.464,4.464,0.0,True,0.0
POSCAR_Mn2Te8_2_z025,Mn2Te8_2_z025,Mn2Te8_2,False,z025,conventional_AFM_inversion,inversion|mirror/rotoinv,2,4,C2/c,conventional_AFM_inversion,True,3,15.88,95,0.011019,0.384,4.503,-4.503,4.503,0.0,True,0.001
POSCAR_Mn2Te8_2_z050,Mn2Te8_2_z050,Mn2Te8_2,False,z050,conventional_AFM_inversion,inversion|mirror/rotoinv,2,4,C2/c,conventional_AFM_inversion,True,3,15.88,95,0.009484,0.43,4.525,-4.525,4.525,0.0,True,0.001
POSCAR_Mn2Te8_2_z950,Mn2Te8_2_z950,Mn2Te8_2,False,z950,conventional_AFM_inversion,inversion|mirror/rotoinv,2,4,C2/c,conventional_AFM_inversion,True,3,15.88,95,0.011532,0.352,4.421,-4.422,4.421,0.0009999999999994458,True,0.0
POSCAR_Mn2Te8_2_z975,Mn2Te8_2_z975,Mn2Te8_2,False,z975,conventional_AFM_inversion,inversion|mirror/rotoinv,2,4,C2/c,conventional_AFM_inversion,True,3,15.88,95,0.01167,0.353,4.451,-4.451,4.451,0.0,True,0.002
POSCAR_Mn2Te8_3,Mn2Te8_3,Mn2Te8_3,True,none,ALTERMAGNET,mirror/rotoinv|rotation,2,4,C2/m,ALTERMAGNET,True,3,12.62,69,0.277213,1.195,4.437,-4.437,4.437,0.0,True,0.001
POSCAR_Mn2Te8_3_st025,Mn2Te8_3_st025,Mn2Te8_3,False,st025,ALTERMAGNET,mirror/rotoinv|rotation,2,4,C2/m,ALTERMAGNET,True,3,12.62,69,0.254819,1.12,4.493,-4.493,4.493,0.0,True,0.001
POSCAR_Mn2Te8_3_st050,Mn2Te8_3_st050,Mn2Te8_3,False,st050,ALTERMAGNET,mirror/rotoinv|rotation,2,4,C2/m,ALTERMAGNET,True,3,12.62,69,0.23221,0.769,4.539,-4.539,4.539,0.0,True,0.0
POSCAR_Mn2Te8_3_st950,Mn2Te8_3_st950,Mn2Te8_3,False,st950,ALTERMAGNET,mirror/rotoinv|rotation,2,4,C2/m,ALTERMAGNET,True,3,12.62,69,0.318266,1.597,4.285,-4.285,4.285,0.0,True,0.002
POSCAR_Mn2Te8_3_st975,Mn2Te8_3_st975,Mn2Te8_3,False,st975,ALTERMAGNET,mirror/rotoinv|rotation,2,4,C2/m,ALTERMAGNET,True,3,12.62,69,0.298851,1.669,4.369,-4.368,4.369,0.0009999999999994458,True,0.004
POSCAR_Mn2Te8_3_x025,Mn2Te8_3_x025,Mn2Te8_3,False,x025,compensated_FiM_candidate,,0,2,P-1,ALTERMAGNET,False,3,12.62,69,0.271849,6.325,4.454,-4.454,4.454,0.0,True,0.004
POSCAR_Mn2Te8_3_y025,Mn2Te8_3_y025,Mn2Te8_3,False,y025,compensated_FiM_candidate,,0,2,P-1,ALTERMAGNET,False,3,12.62,69,0.279321,6.69,4.454,-4.454,4.454,0.0,True,0.0
POSCAR_Mn2Tl13_1,Mn2Tl13_1,Mn2Tl13_1,True,none,compensated_FiM_candidate,,0,1,P1,compensated_FiM_candidate,True,1,1.1,1,0.019475,3.996,4.523,-4.524,4.523,0.001000000000000334,True,0.004
POSCAR_Mn2Tl13_1_st025,Mn2Tl13_1_st025,Mn2Tl13_1,False,st025,compensated_FiM_candidate,,0,1,P1,compensated_FiM_candidate,True,1,1.1,1,0.016683,3.272,4.572,-4.571,4.572,0.001000000000000334,True,0.0
POSCAR_Mn2Tl13_1_st050,Mn2Tl13_1_st050,Mn2Tl13_1,False,st050,compensated_FiM_candidate,,0,1,P1,compensated_FiM_candidate,True,1,1.1,1,0.015521,3.01,4.612,-4.611,4.612,0.001000000000000334,True,0.001
POSCAR_Mn2Tl13_1_st975,Mn2Tl13_1_st975,Mn2Tl13_1,False,st975,compensated_FiM_candidate,,0,1,P1,compensated_FiM_candidate,True,1,1.1,1,0.023312,4.394,4.464,-4.463,4.464,0.001000000000000334,True,0.004
POSCAR_Mn2Tl13_1_x025,Mn2Tl13_1_x025,Mn2Tl13_1,False,x025,compensated_FiM_candidate,,0,1,P1,compensated_FiM_candidate,True,1,1.1,1,0.01952,3.591,4.544,-4.544,4.544,0.0,True,0.003
POSCAR_Mn2Tl13_1_x975,Mn2Tl13_1_x975,Mn2Tl13_1,False,x975,compensated_FiM_candidate,,0,1,P1,compensated_FiM_candidate,True,1,1.1,1,0.020524,3.707,4.502,-4.501,4.502,0.0009999999999994458,True,0.002
POSCAR_Mn2Tl13_1_y025,Mn2Tl13_1_y025,Mn2Tl13_1,False,y025,compensated_FiM_candidate,,0,1,P1,compensated_FiM_candidate,True,1,1.1,1,0.018102,3.591,4.54,-4.539,4.54,0.001000000000000334,True,0.002
POSCAR_Mn2Tl13_1_y050,Mn2Tl13_1_y050,Mn2Tl13_1,False,y050,compensated_FiM_candidate,,0,1,P1,compensated_FiM_candidate,True,1,1.1,1,0.016684,2.672,4.553,-4.552,4.553,0.001000000000000334,True,0.004
POSCAR_Mn2Tl13_1_y975,Mn2Tl13_1_y975,Mn2Tl13_1,False,y975,compensated_FiM_candidate,,0,1,P1,compensated_FiM_candidate,True,1,1.1,1,0.020976,3.897,4.507,-4.507,4.507,0.0,True,0.0
POSCAR_Mn2Tl13_1_z025,Mn2Tl13_1_z025,Mn2Tl13_1,False,z025,compensated_FiM_candidate,,0,1,P1,compensated_FiM_candidate,True,1,1.1,1,0.019277,3.3,4.541,-4.54,4.541,0.001000000000000334,True,0.002
POSCAR_Mn2Tl13_1_z950,Mn2Tl13_1_z950,Mn2Tl13_1,False,z950,compensated_FiM_candidate,,0,1,P1,compensated_FiM_candidate,True,1,1.1,1,0.021443,3.461,4.488,-4.487,4.488,0.001000000000000334,True,0.001
POSCAR_Mn2Tl13_1_z975,Mn2Tl13_1_z975,Mn2Tl13_1,False,z975,compensated_FiM_candidate,,0,1,P1,compensated_FiM_candidate,True,1,1.1,1,0.021036,3.794,4.506,-4.505,4.506,0.001000000000000334,True,0.001
POSCAR_Mo2N2_2,Mo2N2_2,Mo2N2_2,True,none,ALTERMAGNET,mirror/rotoinv|rotation,12,24,P6_3/mmc,ALTERMAGNET,True,3,194.269,1499,0.579884,0.622,1.666,-1.666,1.666,0.0,True,0.0
POSCAR_Mo2N2_2_st050,Mo2N2_2_st050,Mo2N2_2,False,st050,ALTERMAGNET,mirror/rotoinv|rotation,12,24,P6_3/mmc,ALTERMAGNET,True,3,194.269,1499,0.746576,0.493,2.416,-2.416,2.416,0.0,True,0.0
POSCAR_Mo2N2_2_x025,Mo2N2_2_x025,Mo2N2_2,False,x025,ALTERMAGNET,mirror/rotoinv|rotation,4,8,Cmcm,ALTERMAGNET,True,3,194.269,1499,0.756857,0.356,2.155,-2.155,2.155,0.0,True,0.0
POSCAR_Mo2N2_2_x050,Mo2N2_2_x050,Mo2N2_2,False,x050,ALTERMAGNET,mirror/rotoinv|rotation,2,4,P2_1/m,ALTERMAGNET,True,3,194.269,1499,0.759437,0.505,2.23,-2.23,2.23,0.0,True,0.0
POSCAR_Mo2N2_2_x950,Mo2N2_2_x950,Mo2N2_2,False,x950,ALTERMAGNET,mirror/rotoinv|rotation,2,4,P2_1/m,ALTERMAGNET,True,3,194.269,1499,0.797902,0.204,1.338,-1.338,1.338,0.0,True,0.0
POSCAR_Mo2N2_2_y025,Mo2N2_2_y025,Mo2N2_2,False,y025,ALTERMAGNET,mirror/rotoinv|rotation,4,8,Cmcm,ALTERMAGNET,True,3,194.269,1499,0.756629,0.369,2.155,-2.155,2.155,0.0,True,0.0
POSCAR_Mo2N2_2_y050,Mo2N2_2_y050,Mo2N2_2,False,y050,ALTERMAGNET,mirror/rotoinv|rotation,2,4,P2_1/m,ALTERMAGNET,True,3,194.269,1499,0.759736,0.486,2.231,-2.231,2.231,0.0,True,0.0
POSCAR_Mo2N2_2_y950,Mo2N2_2_y950,Mo2N2_2,False,y950,ALTERMAGNET,mirror/rotoinv|rotation,2,4,P2_1/m,ALTERMAGNET,True,3,194.269,1499,0.804037,0.478,1.335,-1.335,1.335,0.0,True,0.0
POSCAR_Mo2N2_2_z975,Mo2N2_2_z975,Mo2N2_2,False,z975,ALTERMAGNET,mirror/rotoinv|rotation,12,24,P6_3/mmc,ALTERMAGNET,True,3,194.269,1499,0.599695,3.736,1.564,-1.568,1.564,0.0040000000000000036,True,0.004
POSCAR_Mo2N2_4,Mo2N2_4,Mo2N2_4,True,none,ALTERMAGNET,mirror/rotoinv|rotation,6,12,P6_3mc,ALTERMAGNET,True,3,186.206,1436,0.31212,0.884,1.668,-1.668,1.668,0.0,True,0.0
POSCAR_Mo2N2_4_st025,Mo2N2_4_st025,Mo2N2_4,False,st025,ALTERMAGNET,mirror/rotoinv|rotation,6,12,P6_3mc,ALTERMAGNET,True,3,186.206,1436,0.24554,0.954,1.876,-1.876,1.876,0.0,True,0.0
POSCAR_Mo2N2_4_st050,Mo2N2_4_st050,Mo2N2_4,False,st050,ALTERMAGNET,mirror/rotoinv|rotation,6,12,P6_3mc,ALTERMAGNET,True,3,186.206,1436,0.19,1.499,2.102,-2.099,2.102,0.0029999999999996696,True,0.003
POSCAR_Mo2N2_4_st975,Mo2N2_4_st975,Mo2N2_4,False,st975,ALTERMAGNET,mirror/rotoinv|rotation,6,12,P6_3mc,ALTERMAGNET,True,3,186.206,1436,0.394983,0.822,1.429,-1.429,1.429,0.0,True,0.0
POSCAR_Mo2N2_4_x025,Mo2N2_4_x025,Mo2N2_4,False,x025,ALTERMAGNET,mirror/rotoinv|rotation,2,4,Cmc2_1,ALTERMAGNET,True,3,186.206,1436,0.299043,0.779,1.712,-1.712,1.712,0.0,True,0.0
POSCAR_Mo2N2_4_x050,Mo2N2_4_x050,Mo2N2_4,False,x050,ALTERMAGNET,rotation,1,2,P2_1,ALTERMAGNET,True,3,186.206,1436,0.286123,1.143,1.764,-1.763,1.764,0.001000000000000112,True,0.001
POSCAR_Mo2N2_4_x950,Mo2N2_4_x950,Mo2N2_4,False,x950,ALTERMAGNET,rotation,1,2,P2_1,ALTERMAGNET,True,3,186.206,1436,0.373207,1.02,1.526,-1.527,1.526,0.0009999999999998899,True,0.001
POSCAR_Mo2N2_4_x975,Mo2N2_4_x975,Mo2N2_4,False,x975,ALTERMAGNET,mirror/rotoinv|rotation,2,4,Cmc2_1,ALTERMAGNET,True,3,186.206,1436,0.342742,0.872,1.581,-1.582,1.581,0.001000000000000112,True,0.0
POSCAR_Mo2N2_4_y025,Mo2N2_4_y025,Mo2N2_4,False,y025,ALTERMAGNET,mirror/rotoinv|rotation,2,4,Cmc2_1,ALTERMAGNET,True,3,186.206,1436,0.29575,0.705,1.712,-1.713,1.712,0.001000000000000112,True,0.0
POSCAR_Mo2N2_4_y050,Mo2N2_4_y050,Mo2N2_4,False,y050,ALTERMAGNET,rotation,1,2,P2_1,ALTERMAGNET,True,3,186.206,1436,0.284022,1.086,1.764,-1.763,1.764,0.001000000000000112,True,0.0
POSCAR_Mo2N2_4_y950,Mo2N2_4_y950,Mo2N2_4,False,y950,ALTERMAGNET,rotation,1,2,P2_1,ALTERMAGNET,True,3,186.206,1436,0.375913,1.089,1.528,-1.527,1.528,0.001000000000000112,True,0.001
POSCAR_Mo2N2_4_y975,Mo2N2_4_y975,Mo2N2_4,False,y975,ALTERMAGNET,mirror/rotoinv|rotation,2,4,Cmc2_1,ALTERMAGNET,True,3,186.206,1436,0.347447,1.058,1.582,-1.583,1.582,0.0009999999999998899,True,0.002
POSCAR_Mo2N2_4_z025,Mo2N2_4_z025,Mo2N2_4,False,z025,ALTERMAGNET,mirror/rotoinv|rotation,6,12,P6_3mc,ALTERMAGNET,True,3,186.206,1436,0.28572,0.937,1.752,-1.752,1.752,0.0,True,0.0
POSCAR_Mo2N2_4_z050,Mo2N2_4_z050,Mo2N2_4,False,z050,ALTERMAGNET,mirror/rotoinv|rotation,6,12,P6_3mc,ALTERMAGNET,True,3,186.206,1436,0.257576,0.926,1.832,-1.832,1.832,0.0,True,0.0
POSCAR_Mo2N2_4_z950,Mo2N2_4_z950,Mo2N2_4,False,z950,ALTERMAGNET,mirror/rotoinv|rotation,6,12,P6_3mc,ALTERMAGNET,True,3,186.206,1436,0.397349,1.057,1.468,-1.467,1.468,0.0009999999999998899,True,0.001
POSCAR_Mo2N2_4_z975,Mo2N2_4_z975,Mo2N2_4,False,z975,ALTERMAGNET,mirror/rotoinv|rotation,6,12,P6_3mc,ALTERMAGNET,True,3,186.206,1436,0.351974,0.959,1.573,-1.572,1.573,0.0009999999999998899,True,0.001
POSCAR_Mo2O3_1,Mo2O3_1,Mo2O3_1,True,none,ALTERMAGNET,mirror/rotoinv|rotation,4,8,Cmmm,ALTERMAGNET,True,3,65.485,583,1.443962,1.478,2.402,-2.402,2.402,0.0,True,0.0
POSCAR_Mo2O3_1_st025,Mo2O3_1_st025,Mo2O3_1,False,st025,ALTERMAGNET,mirror/rotoinv|rotation,4,8,Cmmm,ALTERMAGNET,True,3,65.485,583,1.017224,1.382,2.473,-2.473,2.473,0.0,True,0.0
POSCAR_Mo2O3_1_st050,Mo2O3_1_st050,Mo2O3_1,False,st050,ALTERMAGNET,mirror/rotoinv|rotation,4,8,Cmmm,ALTERMAGNET,True,3,65.485,583,0.660925,1.296,2.535,-2.535,2.535,0.0,True,0.0
POSCAR_Mo2O3_1_st950,Mo2O3_1_st950,Mo2O3_1,False,st950,ALTERMAGNET,mirror/rotoinv|rotation,4,8,Cmmm,ALTERMAGNET,True,3,65.485,583,1.366798,1.611,2.221,-2.221,2.221,0.0,True,0.0
POSCAR_Mo2O3_1_st975,Mo2O3_1_st975,Mo2O3_1,False,st975,ALTERMAGNET,mirror/rotoinv|rotation,4,8,Cmmm,ALTERMAGNET,True,3,65.485,583,1.546168,1.554,2.319,-2.319,2.319,0.0,True,0.0
POSCAR_Mo2O3_1_x025,Mo2O3_1_x025,Mo2O3_1,False,x025,ALTERMAGNET,mirror/rotoinv|rotation,4,8,Cmmm,ALTERMAGNET,True,3,65.485,583,1.452999,1.363,2.409,-2.409,2.409,0.0,True,0.0
POSCAR_Mo2O3_1_x050,Mo2O3_1_x050,Mo2O3_1,False,x050,ALTERMAGNET,mirror/rotoinv|rotation,4,8,Cmmm,ALTERMAGNET,True,3,65.485,583,1.456187,1.278,2.415,-2.415,2.415,0.0,True,0.0
POSCAR_Mo2O3_1_x950,Mo2O3_1_x950,Mo2O3_1,False,x950,ALTERMAGNET,mirror/rotoinv|rotation,4,8,Cmmm,ALTERMAGNET,True,3,65.485,583,1.400024,1.452,2.381,-2.382,2.381,0.001000000000000334,True,0.0
POSCAR_Mo2O3_1_x975,Mo2O3_1_x975,Mo2O3_1,False,x975,ALTERMAGNET,mirror/rotoinv|rotation,4,8,Cmmm,ALTERMAGNET,True,3,65.485,583,1.426924,1.491,2.393,-2.393,2.393,0.0,True,0.0
POSCAR_Mo2O4_2,Mo2O4_2,Mo2O4_2,True,none,ALTERMAGNET,mirror/rotoinv|rotation,2,4,P2_1/c,ALTERMAGNET,True,3,14.79,86,0.731615,0.424,1.766,-1.766,1.766,0.0,True,0.0
POSCAR_Mo2O4_2_st025,Mo2O4_2_st025,Mo2O4_2,False,st025,ALTERMAGNET,mirror/rotoinv|rotation,2,4,P2_1/c,ALTERMAGNET,True,3,14.79,86,0.668252,0.411,1.806,-1.806,1.806,0.0,True,0.0
POSCAR_Mo2O4_2_st050,Mo2O4_2_st050,Mo2O4_2,False,st050,ALTERMAGNET,mirror/rotoinv|rotation,2,4,P2_1/c,ALTERMAGNET,True,3,14.79,86,0.613307,0.4,1.848,-1.848,1.848,0.0,True,0.0
POSCAR_Mo2O4_2_st950,Mo2O4_2_st950,Mo2O4_2,False,st950,ALTERMAGNET,mirror/rotoinv|rotation,2,4,P2_1/c,ALTERMAGNET,True,3,14.79,86,0.886503,0.414,1.683,-1.683,1.683,0.0,True,0.0
POSCAR_Mo2O4_2_st975,Mo2O4_2_st975,Mo2O4_2,False,st975,ALTERMAGNET,mirror/rotoinv|rotation,2,4,P2_1/c,ALTERMAGNET,True,3,14.79,86,0.809936,0.423,1.726,-1.726,1.726,0.0,True,0.0
POSCAR_Mo2O4_2_x025,Mo2O4_2_x025,Mo2O4_2,False,x025,ALTERMAGNET,mirror/rotoinv|rotation,2,4,P2_1/c,ALTERMAGNET,True,3,14.79,86,0.681421,0.405,1.778,-1.778,1.778,0.0,True,0.0
POSCAR_Mo2O4_2_x050,Mo2O4_2_x050,Mo2O4_2,False,x050,ALTERMAGNET,mirror/rotoinv|rotation,2,4,P2_1/c,ALTERMAGNET,True,3,14.79,86,0.613316,0.388,1.79,-1.79,1.79,0.0,True,0.0
POSCAR_Mo2O4_2_x950,Mo2O4_2_x950,Mo2O4_2,False,x950,ALTERMAGNET,mirror/rotoinv|rotation,2,4,P2_1/c,ALTERMAGNET,True,3,14.79,86,0.746447,0.427,1.736,-1.736,1.736,0.0,True,0.0
POSCAR_Mo2O4_2_x975,Mo2O4_2_x975,Mo2O4_2,False,x975,ALTERMAGNET,mirror/rotoinv|rotation,2,4,P2_1/c,ALTERMAGNET,True,3,14.79,86,0.749344,0.423,1.752,-1.752,1.752,0.0,True,0.0
POSCAR_Mo2O4_2_y025,Mo2O4_2_y025,Mo2O4_2,False,y025,ALTERMAGNET,mirror/rotoinv|rotation,2,4,P2_1/c,ALTERMAGNET,True,3,14.79,86,0.705532,0.366,1.779,-1.779,1.779,0.0,True,0.0
POSCAR_Mo2O4_2_y050,Mo2O4_2_y050,Mo2O4_2,False,y050,ALTERMAGNET,mirror/rotoinv|rotation,2,4,P2_1/c,ALTERMAGNET,True,3,14.79,86,0.671588,0.329,1.792,-1.792,1.792,0.0,True,0.0
POSCAR_Mo2O4_2_y950,Mo2O4_2_y950,Mo2O4_2,False,y950,ALTERMAGNET,mirror/rotoinv|rotation,2,4,P2_1/c,ALTERMAGNET,True,3,14.79,86,0.773406,0.412,1.738,-1.738,1.738,0.0,True,0.0
POSCAR_Mo2O4_2_y975,Mo2O4_2_y975,Mo2O4_2,False,y975,ALTERMAGNET,mirror/rotoinv|rotation,2,4,P2_1/c,ALTERMAGNET,True,3,14.79,86,0.753762,0.422,1.752,-1.752,1.752,0.0,True,0.0
POSCAR_Mo2O4_2_z025,Mo2O4_2_z025,Mo2O4_2,False,z025,ALTERMAGNET,mirror/rotoinv|rotation,2,4,P2_1/c,ALTERMAGNET,True,3,14.79,86,0.722261,0.407,1.779,-1.779,1.779,0.0,True,0.0
POSCAR_Mo2O4_2_z050,Mo2O4_2_z050,Mo2O4_2,False,z050,ALTERMAGNET,mirror/rotoinv|rotation,2,4,P2_1/c,ALTERMAGNET,True,3,14.79,86,0.699674,0.421,1.792,-1.792,1.792,0.0,True,0.0
POSCAR_Mo2O4_2_z950,Mo2O4_2_z950,Mo2O4_2,False,z950,ALTERMAGNET,mirror/rotoinv|rotation,2,4,P2_1/c,ALTERMAGNET,True,3,14.79,86,0.722865,0.362,1.739,-1.739,1.739,0.0,True,0.0
POSCAR_Mo2O4_2_z975,Mo2O4_2_z975,Mo2O4_2,False,z975,ALTERMAGNET,mirror/rotoinv|rotation,2,4,P2_1/c,ALTERMAGNET,True,3,14.79,86,0.731223,0.387,1.753,-1.753,1.753,0.0,True,0.0
POSCAR_Mo2P4_4,Mo2P4_4,Mo2P4_4,True,none,ALTERMAGNET,mirror/rotoinv|rotation,4,8,Pnnm,ALTERMAGNET,True,3,58.397,495,0.476362,0.488,1.308,-1.309,1.308,0.0009999999999998899,True,0.001
POSCAR_Mo2P4_4_st950,Mo2P4_4_st950,Mo2P4_4,False,st950,ALTERMAGNET,mirror/rotoinv|rotation,4,8,Pnnm,ALTERMAGNET,True,3,58.397,495,0.442223,0.386,0.907,-0.907,0.907,0.0,True,0.0
POSCAR_Mo2P4_4_st975,Mo2P4_4_st975,Mo2P4_4,False,st975,ALTERMAGNET,mirror/rotoinv|rotation,4,8,Pnnm,ALTERMAGNET,True,3,58.397,495,0.465529,0.348,1.07,-1.071,1.07,0.0009999999999998899,True,0.001
POSCAR_Mo2P4_4_x050,Mo2P4_4_x050,Mo2P4_4,False,x050,ALTERMAGNET,mirror/rotoinv|rotation,4,8,Pnnm,ALTERMAGNET,True,3,58.397,495,0.349607,0.886,1.775,-1.772,1.775,0.0029999999999998916,True,0.003
POSCAR_Mo2P4_4_x950,Mo2P4_4_x950,Mo2P4_4,False,x950,ALTERMAGNET,mirror/rotoinv|rotation,4,8,Pnnm,ALTERMAGNET,True,3,58.397,495,0.392774,0.215,0.71,-0.71,0.71,0.0,True,0.0
POSCAR_Mo2P4_4_x975,Mo2P4_4_x975,Mo2P4_4,False,x975,ALTERMAGNET,mirror/rotoinv|rotation,4,8,Pnnm,ALTERMAGNET,True,3,58.397,495,0.455044,0.363,1.121,-1.122,1.121,0.001000000000000112,True,0.001
POSCAR_Mo2P4_4_y025,Mo2P4_4_y025,Mo2P4_4,False,y025,ALTERMAGNET,mirror/rotoinv|rotation,4,8,Pnnm,ALTERMAGNET,True,3,58.397,495,0.440591,0.322,1.373,-1.373,1.373,0.0,True,0.0
POSCAR_Mo2P4_4_y050,Mo2P4_4_y050,Mo2P4_4,False,y050,ALTERMAGNET,mirror/rotoinv|rotation,4,8,Pnnm,ALTERMAGNET,True,3,58.397,495,0.432413,0.239,1.001,-1.002,1.001,0.001000000000000112,True,0.0
POSCAR_Mo2P4_4_y950,Mo2P4_4_y950,Mo2P4_4,False,y950,ALTERMAGNET,mirror/rotoinv|rotation,4,8,Pnnm,ALTERMAGNET,True,3,58.397,495,0.507009,0.728,1.141,-1.143,1.141,0.0020000000000000018,True,0.002
POSCAR_Mo2P4_4_y975,Mo2P4_4_y975,Mo2P4_4,False,y975,ALTERMAGNET,mirror/rotoinv|rotation,4,8,Pnnm,ALTERMAGNET,True,3,58.397,495,0.491332,0.357,1.199,-1.198,1.199,0.001000000000000112,True,0.001
POSCAR_Mo2P4_4_z025,Mo2P4_4_z025,Mo2P4_4,False,z025,ALTERMAGNET,mirror/rotoinv|rotation,4,8,Pnnm,ALTERMAGNET,True,3,58.397,495,0.473236,0.309,1.357,-1.358,1.357,0.001000000000000112,True,0.001
POSCAR_Mo2P4_4_z050,Mo2P4_4_z050,Mo2P4_4,False,z050,ALTERMAGNET,mirror/rotoinv|rotation,4,8,Pnnm,ALTERMAGNET,True,3,58.397,495,0.477571,0.402,1.412,-1.413,1.412,0.001000000000000112,True,0.001
POSCAR_Mo2P4_4_z975,Mo2P4_4_z975,Mo2P4_4,False,z975,ALTERMAGNET,mirror/rotoinv|rotation,4,8,Pnnm,ALTERMAGNET,True,3,58.397,495,0.481543,0.286,1.227,-1.227,1.227,0.0,True,0.0
POSCAR_Mo2P8_1,Mo2P8_1,Mo2P8_1,True,none,ALTERMAGNET,mirror/rotoinv|rotation,8,16,P4/mbm,ALTERMAGNET,True,3,127.393,1053,0.196501,0.113,1.26,-1.26,1.26,0.0,True,0.0
POSCAR_Mo2P8_1_st025,Mo2P8_1_st025,Mo2P8_1,False,st025,ALTERMAGNET,mirror/rotoinv|rotation,8,16,P4/mbm,ALTERMAGNET,True,3,127.393,1053,0.234051,0.182,1.631,-1.63,1.631,0.001000000000000112,True,0.001
POSCAR_Mo2P8_1_st050,Mo2P8_1_st050,Mo2P8_1,False,st050,ALTERMAGNET,mirror/rotoinv|rotation,8,16,P4/mbm,ALTERMAGNET,True,3,127.393,1053,0.280115,0.262,1.865,-1.866,1.865,0.001000000000000112,True,0.001
POSCAR_Mo2P8_1_st950,Mo2P8_1_st950,Mo2P8_1,False,st950,ALTERMAGNET,mirror/rotoinv|rotation,8,16,P4/mbm,ALTERMAGNET,True,3,127.393,1053,0.239577,0.076,0.689,-0.689,0.689,0.0,True,0.0
POSCAR_Mo2P8_1_st975,Mo2P8_1_st975,Mo2P8_1,False,st975,ALTERMAGNET,mirror/rotoinv|rotation,8,16,P4/mbm,ALTERMAGNET,True,3,127.393,1053,0.22951,0.328,0.954,-0.955,0.954,0.0010000000000000009,True,0.002
POSCAR_Mo2P8_1_x025,Mo2P8_1_x025,Mo2P8_1,False,x025,ALTERMAGNET,mirror/rotoinv|rotation,8,16,P4/mbm,ALTERMAGNET,True,3,127.393,1053,0.190387,0.118,1.447,-1.447,1.447,0.0,True,0.0
POSCAR_Mo2P8_1_x050,Mo2P8_1_x050,Mo2P8_1,False,x050,ALTERMAGNET,mirror/rotoinv|rotation,8,16,P4/mbm,ALTERMAGNET,True,3,127.393,1053,0.306738,0.479,1.612,-1.614,1.612,0.0020000000000000018,True,0.002
POSCAR_Mo2P8_1_x950,Mo2P8_1_x950,Mo2P8_1,False,x950,ALTERMAGNET,mirror/rotoinv|rotation,8,16,P4/mbm,ALTERMAGNET,True,3,127.393,1053,0.21123,0.072,0.948,-0.949,0.948,0.0010000000000000009,True,0.0
POSCAR_Mo2P8_1_x975,Mo2P8_1_x975,Mo2P8_1,False,x975,ALTERMAGNET,mirror/rotoinv|rotation,8,16,P4/mbm,ALTERMAGNET,True,3,127.393,1053,0.192415,0.087,1.101,-1.101,1.101,0.0,True,0.0
POSCAR_Mo2P8_1_y975,Mo2P8_1_y975,Mo2P8_1,False,y975,ALTERMAGNET,mirror/rotoinv|rotation,4,8,Pbam,ALTERMAGNET,True,3,127.393,1053,0.214951,1.695,1.197,-1.199,1.197,0.0020000000000000018,True,0.002
POSCAR_Mo2P8_1_z975,Mo2P8_1_z975,Mo2P8_1,False,z975,ALTERMAGNET,mirror/rotoinv|rotation,4,8,Pbam,ALTERMAGNET,True,3,127.393,1053,0.214249,1.614,1.198,-1.198,1.198,0.0,True,0.002
POSCAR_Mo2Sb2_2,Mo2Sb2_2,Mo2Sb2_2,True,none,ALTERMAGNET,mirror/rotoinv|rotation,4,8,Cmcm,ALTERMAGNET,True,3,63.463,561,1.222819,0.203,2.733,-2.733,2.733,0.0,True,0.0
POSCAR_Mo2Sb2_2_st025,Mo2Sb2_2_st025,Mo2Sb2_2,False,st025,ALTERMAGNET,mirror/rotoinv|rotation,4,8,Cmcm,ALTERMAGNET,True,3,63.463,561,1.179225,0.192,2.89,-2.89,2.89,0.0,True,0.0
POSCAR_Mo2Sb2_2_st050,Mo2Sb2_2_st050,Mo2Sb2_2,False,st050,ALTERMAGNET,mirror/rotoinv|rotation,4,8,Cmcm,ALTERMAGNET,True,3,63.463,561,1.162559,0.283,3.042,-3.042,3.042,0.0,True,0.001
POSCAR_Mo2Sb2_2_st950,Mo2Sb2_2_st950,Mo2Sb2_2,False,st950,ALTERMAGNET,mirror/rotoinv|rotation,4,8,Cmcm,ALTERMAGNET,True,3,63.463,561,1.330672,0.186,2.37,-2.37,2.37,0.0,True,0.0
POSCAR_Mo2Sb2_2_st975,Mo2Sb2_2_st975,Mo2Sb2_2,False,st975,ALTERMAGNET,mirror/rotoinv|rotation,4,8,Cmcm,ALTERMAGNET,True,3,63.463,561,1.271594,0.309,2.561,-2.562,2.561,0.0009999999999998899,True,0.001
POSCAR_Mo2Sb2_2_x025,Mo2Sb2_2_x025,Mo2Sb2_2,False,x025,ALTERMAGNET,mirror/rotoinv|rotation,2,4,P2_1/m,ALTERMAGNET,True,3,63.463,561,1.208829,0.192,2.78,-2.781,2.78,0.001000000000000334,True,0.0
POSCAR_Mo2Sb2_2_x050,Mo2Sb2_2_x050,Mo2Sb2_2,False,x050,ALTERMAGNET,mirror/rotoinv|rotation,2,4,P2_1/m,ALTERMAGNET,True,3,63.463,561,1.197117,0.177,2.826,-2.826,2.826,0.0,True,0.0
POSCAR_Mo2Sb2_2_x950,Mo2Sb2_2_x950,Mo2Sb2_2,False,x950,ALTERMAGNET,mirror/rotoinv|rotation,2,4,P2_1/m,ALTERMAGNET,True,3,63.463,561,1.263536,0.206,2.626,-2.626,2.626,0.0,True,0.0
POSCAR_Mo2Sb2_2_x975,Mo2Sb2_2_x975,Mo2Sb2_2,False,x975,ALTERMAGNET,mirror/rotoinv|rotation,4,8,Cmcm,ALTERMAGNET,True,3,63.463,561,1.236153,0.329,2.682,-2.683,2.682,0.0009999999999998899,True,0.001
POSCAR_Mo2Sb2_2_y025,Mo2Sb2_2_y025,Mo2Sb2_2,False,y025,ALTERMAGNET,mirror/rotoinv|rotation,4,8,Cmcm,ALTERMAGNET,True,3,63.463,561,1.261591,0.204,2.781,-2.781,2.781,0.0,True,0.0
POSCAR_Mo2Sb2_2_y050,Mo2Sb2_2_y050,Mo2Sb2_2,False,y050,ALTERMAGNET,mirror/rotoinv|rotation,2,4,P2_1/m,ALTERMAGNET,True,3,63.463,561,1.210688,0.207,2.826,-2.826,2.826,0.0,True,0.0
POSCAR_Mo2Sb2_2_y950,Mo2Sb2_2_y950,Mo2Sb2_2,False,y950,ALTERMAGNET,mirror/rotoinv|rotation,2,4,P2_1/m,ALTERMAGNET,True,3,63.463,561,1.278745,0.373,2.624,-2.625,2.624,0.0009999999999998899,True,0.001
POSCAR_Mo2Sb2_2_y975,Mo2Sb2_2_y975,Mo2Sb2_2,False,y975,ALTERMAGNET,mirror/rotoinv|rotation,2,4,P2_1/m,ALTERMAGNET,True,3,63.463,561,1.245622,0.204,2.681,-2.682,2.681,0.0009999999999998899,True,0.0
POSCAR_Mo2Sb2_2_z025,Mo2Sb2_2_z025,Mo2Sb2_2,False,z025,ALTERMAGNET,mirror/rotoinv|rotation,4,8,Cmcm,ALTERMAGNET,True,3,63.463,561,1.198107,0.281,2.794,-2.795,2.794,0.0009999999999998899,True,0.001
POSCAR_Mo2Sb2_2_z050,Mo2Sb2_2_z050,Mo2Sb2_2,False,z050,ALTERMAGNET,mirror/rotoinv|rotation,4,8,Cmcm,ALTERMAGNET,True,3,63.463,561,1.169259,0.58,2.849,-2.851,2.849,0.0019999999999997797,True,0.002
POSCAR_Mo2Sb2_2_z950,Mo2Sb2_2_z950,Mo2Sb2_2,False,z950,ALTERMAGNET,mirror/rotoinv|rotation,4,8,Cmcm,ALTERMAGNET,True,3,63.463,561,1.270415,0.193,2.587,-2.588,2.587,0.0009999999999998899,True,0.0
POSCAR_Mo2Sb2_2_z975,Mo2Sb2_2_z975,Mo2Sb2_2,False,z975,ALTERMAGNET,mirror/rotoinv|rotation,4,8,Cmcm,ALTERMAGNET,True,3,63.463,561,1.255148,0.191,2.664,-2.664,2.664,0.0,True,0.0
POSCAR_Mo2Se2_1,Mo2Se2_1,Mo2Se2_1,True,none,ALTERMAGNET,mirror/rotoinv,1,2,Cc,ALTERMAGNET,True,3,9.39,46,0.89678,1.33,3.272,-3.271,3.272,0.0009999999999998899,True,0.0
POSCAR_Mo2Se2_1_st025,Mo2Se2_1_st025,Mo2Se2_1,False,st025,ALTERMAGNET,mirror/rotoinv,1,2,Cc,ALTERMAGNET,True,3,9.39,46,0.814212,1.305,3.344,-3.344,3.344,0.0,True,0.0
POSCAR_Mo2Se2_1_st050,Mo2Se2_1_st050,Mo2Se2_1,False,st050,ALTERMAGNET,mirror/rotoinv,1,2,Cc,ALTERMAGNET,True,3,9.39,46,0.734877,1.32,3.406,-3.405,3.406,0.001000000000000334,True,0.0
POSCAR_Mo2Se2_1_st950,Mo2Se2_1_st950,Mo2Se2_1,False,st950,ALTERMAGNET,mirror/rotoinv,1,2,Cc,ALTERMAGNET,True,3,9.39,46,1.037507,1.462,3.078,-3.078,3.078,0.0,True,0.0
POSCAR_Mo2Se2_1_st975,Mo2Se2_1_st975,Mo2Se2_1,False,st975,ALTERMAGNET,mirror/rotoinv,1,2,Cc,ALTERMAGNET,True,3,9.39,46,0.975994,1.37,3.185,-3.185,3.185,0.0,True,0.0
POSCAR_Mo2Se2_1_z025,Mo2Se2_1_z025,Mo2Se2_1,False,z025,ALTERMAGNET,mirror/rotoinv,1,2,Cc,ALTERMAGNET,True,3,9.39,46,0.885288,1.35,3.308,-3.308,3.308,0.0,True,0.0
POSCAR_Mo2Se2_1_z050,Mo2Se2_1_z050,Mo2Se2_1,False,z050,ALTERMAGNET,mirror/rotoinv,1,2,Cc,ALTERMAGNET,True,3,9.39,46,0.859288,1.382,3.34,-3.34,3.34,0.0,True,0.0
POSCAR_Mo2Se2_1_z950,Mo2Se2_1_z950,Mo2Se2_1,False,z950,ALTERMAGNET,mirror/rotoinv,1,2,Cc,ALTERMAGNET,True,3,9.39,46,0.874903,1.252,3.186,-3.186,3.186,0.0,True,0.0
POSCAR_Mo2Se2_1_z975,Mo2Se2_1_z975,Mo2Se2_1,False,z975,ALTERMAGNET,mirror/rotoinv,1,2,Cc,ALTERMAGNET,True,3,9.39,46,0.8931,1.31,3.231,-3.231,3.231,0.0,True,0.0
POSCAR_Mo2Sn4_1,Mo2Sn4_1,Mo2Sn4_1,True,none,conventional_AFM_inversion,inversion|mirror/rotoinv,8,16,I4/mcm,conventional_AFM_inversion,True,3,140.549,1209,0.05732,0.607,1.578,-1.575,1.578,0.0030000000000001137,True,0.003
POSCAR_Mo2Sn4_1_x025,Mo2Sn4_1_x025,Mo2Sn4_1,False,x025,conventional_AFM_inversion,inversion,1,2,P-1,conventional_AFM_inversion,True,3,140.549,1209,0.005779,0.389,1.932,-1.932,1.932,0.0,True,0.001
POSCAR_Mo2Sn4_1_x050,Mo2Sn4_1_x050,Mo2Sn4_1,False,x050,conventional_AFM_inversion,inversion,1,2,P-1,conventional_AFM_inversion,True,3,140.549,1209,0.005198,0.381,2.191,-2.19,2.191,0.0009999999999998899,True,0.001
POSCAR_Mo2Sn4_1_y050,Mo2Sn4_1_y050,Mo2Sn4_1,False,y050,conventional_AFM_inversion,inversion|mirror/rotoinv,2,4,C2/m,conventional_AFM_inversion,True,3,140.549,1209,0.005108,0.169,2.138,-2.137,2.138,0.0009999999999998899,True,0.001
POSCAR_Mo2Sn4_1_y950,Mo2Sn4_1_y950,Mo2Sn4_1,False,y950,conventional_AFM_inversion,inversion|mirror/rotoinv,2,4,C2/m,conventional_AFM_inversion,True,3,140.549,1209,0.004465,0.213,0.887,-0.886,0.887,0.0010000000000000009,True,0.002
POSCAR_Mo2Sn4_1_z025,Mo2Sn4_1_z025,Mo2Sn4_1,False,z025,conventional_AFM_inversion,inversion,1,2,P-1,conventional_AFM_inversion,True,3,140.549,1209,0.005554,0.313,1.932,-1.932,1.932,0.0,True,0.0
POSCAR_Mo2Sn4_1_z050,Mo2Sn4_1_z050,Mo2Sn4_1,False,z050,conventional_AFM_inversion,inversion,1,2,P-1,conventional_AFM_inversion,True,3,140.549,1209,0.005669,0.459,2.189,-2.187,2.189,0.002000000000000224,True,0.001
POSCAR_Mo2Sn4_1_z975,Mo2Sn4_1_z975,Mo2Sn4_1,False,z975,conventional_AFM_inversion,inversion,1,2,P-1,conventional_AFM_inversion,True,3,140.549,1209,0.005089,0.342,1.072,-1.071,1.072,0.001000000000000112,True,0.001
POSCAR_Mo2Sn5_1,Mo2Sn5_1,Mo2Sn5_1,True,none,conventional_AFM_inversion,inversion|rotation,2,4,C2/m,conventional_AFM_inversion,True,3,12.60,67,0.011958,1.885,2.447,-2.443,2.447,0.0040000000000000036,True,0.003
POSCAR_Mo2Sn5_1_st025,Mo2Sn5_1_st025,Mo2Sn5_1,False,st025,conventional_AFM_inversion,inversion|rotation,2,4,C2/m,conventional_AFM_inversion,True,3,12.60,67,0.011758,1.956,2.827,-2.825,2.827,0.0019999999999997797,True,0.002
POSCAR_Mo2Sn5_1_st050,Mo2Sn5_1_st050,Mo2Sn5_1,False,st050,conventional_AFM_inversion,inversion|rotation,2,4,C2/m,conventional_AFM_inversion,True,3,12.60,67,0.011218,2.066,3.121,-3.12,3.121,0.0009999999999998899,True,0.001
POSCAR_Mo2Sn5_1_st975,Mo2Sn5_1_st975,Mo2Sn5_1,False,st975,conventional_AFM_inversion,inversion|rotation,2,4,C2/m,conventional_AFM_inversion,True,3,12.60,67,0.01105,1.906,2.0,-1.996,2.0,0.0040000000000000036,True,0.004
POSCAR_Mo2Sn5_1_x025,Mo2Sn5_1_x025,Mo2Sn5_1,False,x025,conventional_AFM_inversion,inversion,1,2,P-1,conventional_AFM_inversion,True,3,12.60,67,0.012221,2.006,2.625,-2.621,2.625,0.0040000000000000036,True,0.004
POSCAR_Mo2Sn5_1_x050,Mo2Sn5_1_x050,Mo2Sn5_1,False,x050,conventional_AFM_inversion,inversion,1,2,P-1,conventional_AFM_inversion,True,3,12.60,67,0.011792,1.819,2.773,-2.771,2.773,0.002000000000000224,True,0.001
POSCAR_Mo2Sn5_1_z050,Mo2Sn5_1_z050,Mo2Sn5_1,False,z050,conventional_AFM_inversion,inversion|rotation,2,4,C2/m,conventional_AFM_inversion,True,3,12.60,67,0.013093,2.043,2.648,-2.644,2.648,0.0040000000000000036,True,0.004
POSCAR_Mo2Te2_1,Mo2Te2_1,Mo2Te2_1,True,none,ALTERMAGNET,mirror/rotoinv|rotation,2,4,C2/c,ALTERMAGNET,True,3,15.89,96,0.911697,2.265,3.294,-3.294,3.294,0.0,True,0.0
POSCAR_Mo2Te2_1_st025,Mo2Te2_1_st025,Mo2Te2_1,False,st025,ALTERMAGNET,mirror/rotoinv|rotation,2,4,C2/c,ALTERMAGNET,True,3,15.89,96,0.827894,2.264,3.374,-3.374,3.374,0.0,True,0.0
POSCAR_Mo2Te2_1_st050,Mo2Te2_1_st050,Mo2Te2_1,False,st050,ALTERMAGNET,mirror/rotoinv|rotation,2,4,C2/c,ALTERMAGNET,True,3,15.89,96,0.753871,2.329,3.443,-3.443,3.443,0.0,True,0.0
POSCAR_Mo2Te2_1_st950,Mo2Te2_1_st950,Mo2Te2_1,False,st950,ALTERMAGNET,mirror/rotoinv|rotation,2,4,C2/c,ALTERMAGNET,True,3,15.89,96,1.100611,2.584,3.076,-3.075,3.076,0.0009999999999998899,True,0.0
POSCAR_Mo2Te2_1_st975,Mo2Te2_1_st975,Mo2Te2_1,False,st975,ALTERMAGNET,mirror/rotoinv|rotation,2,4,C2/c,ALTERMAGNET,True,3,15.89,96,1.005254,2.456,3.197,-3.197,3.197,0.0,True,0.0
POSCAR_Mo2Te2_1_z025,Mo2Te2_1_z025,Mo2Te2_1,False,z025,ALTERMAGNET,mirror/rotoinv|rotation,2,4,C2/c,ALTERMAGNET,True,3,15.89,96,0.866522,2.19,3.33,-3.33,3.33,0.0,True,0.0
POSCAR_Mo2Te2_1_z050,Mo2Te2_1_z050,Mo2Te2_1,False,z050,ALTERMAGNET,mirror/rotoinv|rotation,2,4,C2/c,ALTERMAGNET,True,3,15.89,96,0.813679,2.167,3.363,-3.363,3.363,0.0,True,0.0
POSCAR_Mo2Te2_1_z950,Mo2Te2_1_z950,Mo2Te2_1,False,z950,ALTERMAGNET,mirror/rotoinv|rotation,2,4,C2/c,ALTERMAGNET,True,3,15.89,96,0.966295,2.646,3.207,-3.207,3.207,0.0,True,0.0
POSCAR_Mo2Te2_1_z975,Mo2Te2_1_z975,Mo2Te2_1,False,z975,ALTERMAGNET,mirror/rotoinv|rotation,2,4,C2/c,ALTERMAGNET,True,3,15.89,96,0.946142,2.468,3.253,-3.253,3.253,0.0,True,0.0
POSCAR_N2V2_1,N2V2_1,N2V2_1,True,none,ALTERMAGNET,mirror/rotoinv|rotation,4,8,I4_1md,ALTERMAGNET,True,3,109.242,902,1.108168,0.862,1.237,-1.237,1.237,0.0,True,0.0
POSCAR_N2V2_1_st025,N2V2_1_st025,N2V2_1,False,st025,ALTERMAGNET,mirror/rotoinv|rotation,4,8,I4_1md,ALTERMAGNET,True,3,109.242,902,1.102387,1.676,1.448,-1.448,1.448,0.0,True,0.0
POSCAR_N2V2_1_st050,N2V2_1_st050,N2V2_1,False,st050,ALTERMAGNET,mirror/rotoinv|rotation,4,8,I4_1md,ALTERMAGNET,True,3,109.242,902,1.469193,0.918,1.66,-1.66,1.66,0.0,True,0.001
POSCAR_N2V2_1_st975,N2V2_1_st975,N2V2_1,False,st975,ALTERMAGNET,mirror/rotoinv|rotation,4,8,I4_1md,ALTERMAGNET,True,3,109.242,902,1.416518,0.752,0.842,-0.843,0.842,0.0010000000000000009,True,0.0
POSCAR_N2V2_1_z025,N2V2_1_z025,N2V2_1,False,z025,ALTERMAGNET,mirror/rotoinv,1,2,Cc,ALTERMAGNET,True,3,109.242,902,1.153033,6.576,1.32,-1.32,1.32,0.0,True,0.0
POSCAR_N2V2_1_z950,N2V2_1_z950,N2V2_1,False,z950,ALTERMAGNET,mirror/rotoinv,1,2,Cc,ALTERMAGNET,True,3,109.242,902,1.222391,7.901,1.045,-1.044,1.045,0.0009999999999998899,True,0.0
POSCAR_N2V2_1_z975,N2V2_1_z975,N2V2_1,False,z975,ALTERMAGNET,mirror/rotoinv,1,2,Cc,ALTERMAGNET,True,3,109.242,902,1.134111,5.132,1.146,-1.145,1.146,0.0009999999999998899,True,0.0
POSCAR_N2V2_7,N2V2_7,N2V2_7,True,none,ALTERMAGNET,mirror/rotoinv|rotation,6,12,P6_3mc,ALTERMAGNET,True,3,186.206,1436,0.120901,2.685,1.811,-1.811,1.811,0.0,True,0.0
POSCAR_N2V2_7_st025,N2V2_7_st025,N2V2_7,False,st025,ALTERMAGNET,mirror/rotoinv|rotation,6,12,P6_3mc,ALTERMAGNET,True,3,186.206,1436,0.119577,2.815,1.858,-1.857,1.858,0.001000000000000112,True,0.0
POSCAR_N2V2_7_st050,N2V2_7_st050,N2V2_7,False,st050,ALTERMAGNET,mirror/rotoinv|rotation,6,12,P6_3mc,ALTERMAGNET,True,3,186.206,1436,0.121726,2.981,1.899,-1.898,1.899,0.001000000000000112,True,0.0
POSCAR_N2V2_7_st975,N2V2_7_st975,N2V2_7,False,st975,ALTERMAGNET,mirror/rotoinv|rotation,6,12,P6_3mc,ALTERMAGNET,True,3,186.206,1436,0.139245,2.521,1.755,-1.755,1.755,0.0,True,0.0
POSCAR_N2V2_7_x025,N2V2_7_x025,N2V2_7,False,x025,ALTERMAGNET,mirror/rotoinv|rotation,2,4,Cmc2_1,ALTERMAGNET,True,3,186.206,1436,0.149414,2.698,1.825,-1.825,1.825,0.0,True,0.0
POSCAR_N2V2_7_x050,N2V2_7_x050,N2V2_7,False,x050,ALTERMAGNET,rotation,1,2,P2_1,ALTERMAGNET,True,3,186.206,1436,0.176155,2.745,1.837,-1.837,1.837,0.0,True,0.0
POSCAR_N2V2_7_x950,N2V2_7_x950,N2V2_7,False,x950,ALTERMAGNET,rotation,1,2,P2_1,ALTERMAGNET,True,3,186.206,1436,0.171011,2.622,1.778,-1.777,1.778,0.001000000000000112,True,0.001
POSCAR_N2V2_7_x975,N2V2_7_x975,N2V2_7,False,x975,ALTERMAGNET,mirror/rotoinv|rotation,2,4,Cmc2_1,ALTERMAGNET,True,3,186.206,1436,0.143762,2.731,1.795,-1.795,1.795,0.0,True,0.0
POSCAR_N2V2_7_y025,N2V2_7_y025,N2V2_7,False,y025,ALTERMAGNET,mirror/rotoinv|rotation,2,4,Cmc2_1,ALTERMAGNET,True,3,186.206,1436,0.150702,2.733,1.825,-1.825,1.825,0.0,True,0.0
POSCAR_N2V2_7_y050,N2V2_7_y050,N2V2_7,False,y050,ALTERMAGNET,rotation,1,2,P2_1,ALTERMAGNET,True,3,186.206,1436,0.17773,2.842,1.837,-1.837,1.837,0.0,True,0.0
POSCAR_N2V2_7_y950,N2V2_7_y950,N2V2_7,False,y950,ALTERMAGNET,rotation,1,2,P2_1,ALTERMAGNET,True,3,186.206,1436,0.169259,2.343,1.778,-1.777,1.778,0.001000000000000112,True,0.001
POSCAR_N2V2_7_y975,N2V2_7_y975,N2V2_7,False,y975,ALTERMAGNET,mirror/rotoinv|rotation,2,4,Cmc2_1,ALTERMAGNET,True,3,186.206,1436,0.142571,2.63,1.795,-1.795,1.795,0.0,True,0.0
POSCAR_N2V2_7_z025,N2V2_7_z025,N2V2_7,False,z025,ALTERMAGNET,mirror/rotoinv|rotation,6,12,P6_3mc,ALTERMAGNET,True,3,186.206,1436,0.09989,2.772,1.831,-1.831,1.831,0.0,True,0.0
POSCAR_N2V2_7_z050,N2V2_7_z050,N2V2_7,False,z050,ALTERMAGNET,mirror/rotoinv|rotation,6,12,P6_3mc,ALTERMAGNET,True,3,186.206,1436,0.081571,2.85,1.849,-1.849,1.849,0.0,True,0.0
POSCAR_N2V2_7_z950,N2V2_7_z950,N2V2_7,False,z950,ALTERMAGNET,mirror/rotoinv|rotation,6,12,P6_3mc,ALTERMAGNET,True,3,186.206,1436,0.18963,2.669,1.763,-1.763,1.763,0.0,True,0.0
POSCAR_N2V2_7_z975,N2V2_7_z975,N2V2_7,False,z975,ALTERMAGNET,mirror/rotoinv|rotation,6,12,P6_3mc,ALTERMAGNET,True,3,186.206,1436,0.152506,2.587,1.788,-1.788,1.788,0.0,True,0.0
POSCAR_N4Nb2_4,N4Nb2_4,N4Nb2_4,True,none,ALTERMAGNET,mirror/rotoinv|rotation,12,24,P6_3/mmc,ALTERMAGNET,True,3,194.269,1499,0.222894,0.085,0.652,-0.653,0.652,0.0010000000000000009,True,0.0
POSCAR_N4Nb2_4_st025,N4Nb2_4_st025,N4Nb2_4,False,st025,ALTERMAGNET,mirror/rotoinv|rotation,12,24,P6_3/mmc,ALTERMAGNET,True,3,194.269,1499,0.261911,0.11,0.761,-0.761,0.761,0.0,True,0.0
POSCAR_N4Nb2_4_st050,N4Nb2_4_st050,N4Nb2_4,False,st050,ALTERMAGNET,mirror/rotoinv|rotation,12,24,P6_3/mmc,ALTERMAGNET,True,3,194.269,1499,0.255789,0.104,0.801,-0.801,0.801,0.0,True,0.0
POSCAR_N4Nb2_4_st950,N4Nb2_4_st950,N4Nb2_4,False,st950,ALTERMAGNET,mirror/rotoinv|rotation,12,24,P6_3/mmc,ALTERMAGNET,True,3,194.269,1499,0.30315,0.123,0.479,-0.479,0.479,0.0,True,0.0
POSCAR_N4Nb2_4_st975,N4Nb2_4_st975,N4Nb2_4,False,st975,ALTERMAGNET,mirror/rotoinv|rotation,12,24,P6_3/mmc,ALTERMAGNET,True,3,194.269,1499,0.262719,0.128,0.616,-0.616,0.616,0.0,True,0.0
POSCAR_N4Nb2_4_x025,N4Nb2_4_x025,N4Nb2_4,False,x025,ALTERMAGNET,mirror/rotoinv|rotation,4,8,Cmcm,ALTERMAGNET,True,3,194.269,1499,0.298641,0.17,0.748,-0.748,0.748,0.0,True,0.0
POSCAR_N4Nb2_4_x050,N4Nb2_4_x050,N4Nb2_4,False,x050,ALTERMAGNET,mirror/rotoinv|rotation,2,4,P2_1/m,ALTERMAGNET,True,3,194.269,1499,0.31756,0.083,0.77,-0.77,0.77,0.0,True,0.0
POSCAR_N4Nb2_4_x950,N4Nb2_4_x950,N4Nb2_4,False,x950,ALTERMAGNET,mirror/rotoinv|rotation,2,4,P2_1/m,ALTERMAGNET,True,3,194.269,1499,0.330481,0.102,0.456,-0.456,0.456,0.0,True,0.0
POSCAR_N4Nb2_4_x975,N4Nb2_4_x975,N4Nb2_4,False,x975,ALTERMAGNET,mirror/rotoinv|rotation,4,8,Cmcm,ALTERMAGNET,True,3,194.269,1499,0.258821,0.237,0.627,-0.627,0.627,0.0,True,0.0
POSCAR_N4Nb2_4_y025,N4Nb2_4_y025,N4Nb2_4,False,y025,ALTERMAGNET,mirror/rotoinv|rotation,4,8,Cmcm,ALTERMAGNET,True,3,194.269,1499,0.299383,0.107,0.748,-0.748,0.748,0.0,True,0.0
POSCAR_N4Nb2_4_y050,N4Nb2_4_y050,N4Nb2_4,False,y050,ALTERMAGNET,mirror/rotoinv|rotation,2,4,P2_1/m,ALTERMAGNET,True,3,194.269,1499,0.318358,0.097,0.77,-0.77,0.77,0.0,True,0.0
POSCAR_N4Nb2_4_y950,N4Nb2_4_y950,N4Nb2_4,False,y950,ALTERMAGNET,mirror/rotoinv|rotation,2,4,P2_1/m,ALTERMAGNET,True,3,194.269,1499,0.329706,0.134,0.456,-0.456,0.456,0.0,True,0.0
POSCAR_N4Nb2_4_y975,N4Nb2_4_y975,N4Nb2_4,False,y975,ALTERMAGNET,mirror/rotoinv|rotation,4,8,Cmcm,ALTERMAGNET,True,3,194.269,1499,0.258611,0.112,0.627,-0.627,0.627,0.0,True,0.0
POSCAR_N4Nb2_4_z025,N4Nb2_4_z025,N4Nb2_4,False,z025,ALTERMAGNET,mirror/rotoinv|rotation,12,24,P6_3/mmc,ALTERMAGNET,True,3,194.269,1499,0.214071,0.842,0.638,-0.638,0.638,0.0,True,0.0
POSCAR_N4Nb2_4_z050,N4Nb2_4_z050,N4Nb2_4,False,z050,ALTERMAGNET,mirror/rotoinv|rotation,12,24,P6_3/mmc,ALTERMAGNET,True,3,194.269,1499,0.195665,0.16,0.48,-0.48,0.48,0.0,True,0.0
POSCAR_N4Nb2_4_z950,N4Nb2_4_z950,N4Nb2_4,False,z950,ALTERMAGNET,mirror/rotoinv|rotation,12,24,P6_3/mmc,ALTERMAGNET,True,3,194.269,1499,0.230358,4.434,0.721,-0.721,0.721,0.0,True,0.0
POSCAR_N4Nb2_4_z975,N4Nb2_4_z975,N4Nb2_4,False,z975,ALTERMAGNET,mirror/rotoinv|rotation,12,24,P6_3/mmc,ALTERMAGNET,True,3,194.269,1499,0.224973,1.615,0.729,-0.729,0.729,0.0,True,0.0
POSCAR_Nb2Se2_2,Nb2Se2_2,Nb2Se2_2,True,none,ALTERMAGNET,mirror/rotoinv|rotation,12,24,P6_3/mmc,ALTERMAGNET,True,3,194.269,1499,0.462368,1.25,2.148,-2.149,2.148,0.0009999999999998899,True,0.001
POSCAR_Nb2Se2_2_st025,Nb2Se2_2_st025,Nb2Se2_2,False,st025,ALTERMAGNET,mirror/rotoinv|rotation,12,24,P6_3/mmc,ALTERMAGNET,True,3,194.269,1499,0.382535,1.31,2.234,-2.235,2.234,0.0009999999999998899,True,0.001
POSCAR_Nb2Se2_2_st050,Nb2Se2_2_st050,Nb2Se2_2,False,st050,ALTERMAGNET,mirror/rotoinv|rotation,12,24,P6_3/mmc,ALTERMAGNET,True,3,194.269,1499,0.335034,1.418,2.314,-2.315,2.314,0.0009999999999998899,True,0.001
POSCAR_Nb2Se2_2_st950,Nb2Se2_2_st950,Nb2Se2_2,False,st950,ALTERMAGNET,mirror/rotoinv|rotation,12,24,P6_3/mmc,ALTERMAGNET,True,3,194.269,1499,0.684349,1.224,1.938,-1.939,1.938,0.001000000000000112,True,0.0
POSCAR_Nb2Se2_2_st975,Nb2Se2_2_st975,Nb2Se2_2,False,st975,ALTERMAGNET,mirror/rotoinv|rotation,12,24,P6_3/mmc,ALTERMAGNET,True,3,194.269,1499,0.561601,1.223,2.051,-2.052,2.051,0.0009999999999998899,True,0.001
POSCAR_Nb2Se2_2_x025,Nb2Se2_2_x025,Nb2Se2_2,False,x025,ALTERMAGNET,mirror/rotoinv|rotation,2,4,P2_1/m,ALTERMAGNET,True,3,194.269,1499,0.45016,1.193,2.16,-2.161,2.16,0.0009999999999998899,True,0.001
POSCAR_Nb2Se2_2_x050,Nb2Se2_2_x050,Nb2Se2_2,False,x050,ALTERMAGNET,mirror/rotoinv|rotation,2,4,P2_1/m,ALTERMAGNET,True,3,194.269,1499,0.444516,1.151,2.169,-2.17,2.169,0.0009999999999998899,True,0.001
POSCAR_Nb2Se2_2_x950,Nb2Se2_2_x950,Nb2Se2_2,False,x950,ALTERMAGNET,mirror/rotoinv|rotation,2,4,P2_1/m,ALTERMAGNET,True,3,194.269,1499,0.580014,1.323,2.111,-2.112,2.111,0.0009999999999998899,True,0.001
POSCAR_Nb2Se2_2_x975,Nb2Se2_2_x975,Nb2Se2_2,False,x975,ALTERMAGNET,mirror/rotoinv|rotation,2,4,P2_1/m,ALTERMAGNET,True,3,194.269,1499,0.52018,1.259,2.132,-2.133,2.132,0.0009999999999998899,True,0.001
POSCAR_Nb2Se2_2_y025,Nb2Se2_2_y025,Nb2Se2_2,False,y025,ALTERMAGNET,mirror/rotoinv|rotation,2,4,P2_1/m,ALTERMAGNET,True,3,194.269,1499,0.451367,1.207,2.16,-2.161,2.16,0.0009999999999998899,True,0.001
POSCAR_Nb2Se2_2_y050,Nb2Se2_2_y050,Nb2Se2_2,False,y050,ALTERMAGNET,mirror/rotoinv|rotation,2,4,P2_1/m,ALTERMAGNET,True,3,194.269,1499,0.44584,1.174,2.169,-2.17,2.169,0.0009999999999998899,True,0.001
POSCAR_Nb2Se2_2_y950,Nb2Se2_2_y950,Nb2Se2_2,False,y950,ALTERMAGNET,mirror/rotoinv|rotation,2,4,P2_1/m,ALTERMAGNET,True,3,194.269,1499,0.578925,1.316,2.112,-2.112,2.112,0.0,True,0.001
POSCAR_Nb2Se2_2_y975,Nb2Se2_2_y975,Nb2Se2_2,False,y975,ALTERMAGNET,mirror/rotoinv|rotation,2,4,P2_1/m,ALTERMAGNET,True,3,194.269,1499,0.519049,1.251,2.132,-2.133,2.132,0.0009999999999998899,True,0.001
POSCAR_Nb2Se2_2_z025,Nb2Se2_2_z025,Nb2Se2_2,False,z025,ALTERMAGNET,mirror/rotoinv|rotation,12,24,P6_3/mmc,ALTERMAGNET,True,3,194.269,1499,0.442399,1.643,2.209,-2.209,2.209,0.0,True,0.001
POSCAR_Nb2Se2_2_z050,Nb2Se2_2_z050,Nb2Se2_2,False,z050,ALTERMAGNET,mirror/rotoinv|rotation,12,24,P6_3/mmc,ALTERMAGNET,True,3,194.269,1499,0.420528,1.584,2.265,-2.265,2.265,0.0,True,0.001
POSCAR_Nb2Se2_2_z950,Nb2Se2_2_z950,Nb2Se2_2,False,z950,ALTERMAGNET,mirror/rotoinv|rotation,12,24,P6_3/mmc,ALTERMAGNET,True,3,194.269,1499,0.486074,1.159,2.007,-2.008,2.007,0.0009999999999998899,True,0.001
POSCAR_Nb2Se2_2_z975,Nb2Se2_2_z975,Nb2Se2_2,False,z975,ALTERMAGNET,mirror/rotoinv|rotation,12,24,P6_3/mmc,ALTERMAGNET,True,3,194.269,1499,0.47799,1.147,2.081,-2.081,2.081,0.0,True,0.001
POSCAR_Nb2Te2_4,Nb2Te2_4,Nb2Te2_4,True,none,ALTERMAGNET,mirror/rotoinv|rotation,12,24,P6_3/mmc,ALTERMAGNET,True,3,194.269,1499,0.628306,0.171,2.054,-2.055,2.054,0.001000000000000334,True,0.0
POSCAR_Nb2Te2_4_st025,Nb2Te2_4_st025,Nb2Te2_4,False,st025,ALTERMAGNET,mirror/rotoinv|rotation,12,24,P6_3/mmc,ALTERMAGNET,True,3,194.269,1499,0.60209,0.189,2.149,-2.149,2.149,0.0,True,0.0
POSCAR_Nb2Te2_4_st050,Nb2Te2_4_st050,Nb2Te2_4,False,st050,ALTERMAGNET,mirror/rotoinv|rotation,12,24,P6_3/mmc,ALTERMAGNET,True,3,194.269,1499,0.542621,0.204,2.236,-2.237,2.236,0.0009999999999998899,True,0.0
POSCAR_Nb2Te2_4_st950,Nb2Te2_4_st950,Nb2Te2_4,False,st950,ALTERMAGNET,mirror/rotoinv|rotation,12,24,P6_3/mmc,ALTERMAGNET,True,3,194.269,1499,0.79053,0.236,1.834,-1.834,1.834,0.0,True,0.0
POSCAR_Nb2Te2_4_st975,Nb2Te2_4_st975,Nb2Te2_4,False,st975,ALTERMAGNET,mirror/rotoinv|rotation,12,24,P6_3/mmc,ALTERMAGNET,True,3,194.269,1499,0.665194,0.176,1.951,-1.951,1.951,0.0,True,0.0
POSCAR_Nb2Te2_4_x025,Nb2Te2_4_x025,Nb2Te2_4,False,x025,ALTERMAGNET,mirror/rotoinv|rotation,2,4,P2_1/m,ALTERMAGNET,True,3,194.269,1499,0.664511,0.178,2.069,-2.069,2.069,0.0,True,0.0
POSCAR_Nb2Te2_4_x050,Nb2Te2_4_x050,Nb2Te2_4,False,x050,ALTERMAGNET,mirror/rotoinv|rotation,2,4,P2_1/m,ALTERMAGNET,True,3,194.269,1499,0.638597,0.174,2.082,-2.082,2.082,0.0,True,0.0
POSCAR_Nb2Te2_4_x950,Nb2Te2_4_x950,Nb2Te2_4,False,x950,ALTERMAGNET,mirror/rotoinv|rotation,2,4,P2_1/m,ALTERMAGNET,True,3,194.269,1499,0.68954,0.191,2.02,-2.02,2.02,0.0,True,0.0
POSCAR_Nb2Te2_4_x975,Nb2Te2_4_x975,Nb2Te2_4,False,x975,ALTERMAGNET,mirror/rotoinv|rotation,2,4,P2_1/m,ALTERMAGNET,True,3,194.269,1499,0.630268,0.182,2.038,-2.038,2.038,0.0,True,0.0
POSCAR_Nb2Te2_4_y025,Nb2Te2_4_y025,Nb2Te2_4,False,y025,ALTERMAGNET,mirror/rotoinv|rotation,2,4,P2_1/m,ALTERMAGNET,True,3,194.269,1499,0.665748,0.178,2.069,-2.069,2.069,0.0,True,0.0
POSCAR_Nb2Te2_4_y050,Nb2Te2_4_y050,Nb2Te2_4,False,y050,ALTERMAGNET,mirror/rotoinv|rotation,2,4,P2_1/m,ALTERMAGNET,True,3,194.269,1499,0.640583,0.172,2.082,-2.082,2.082,0.0,True,0.0
POSCAR_Nb2Te2_4_y950,Nb2Te2_4_y950,Nb2Te2_4,False,y950,ALTERMAGNET,mirror/rotoinv|rotation,2,4,P2_1/m,ALTERMAGNET,True,3,194.269,1499,0.690825,0.196,2.02,-2.02,2.02,0.0,True,0.0
POSCAR_Nb2Te2_4_y975,Nb2Te2_4_y975,Nb2Te2_4,False,y975,ALTERMAGNET,mirror/rotoinv|rotation,2,4,P2_1/m,ALTERMAGNET,True,3,194.269,1499,0.630725,0.183,2.038,-2.038,2.038,0.0,True,0.0
POSCAR_Nb2Te2_4_z025,Nb2Te2_4_z025,Nb2Te2_4,False,z025,ALTERMAGNET,mirror/rotoinv|rotation,12,24,P6_3/mmc,ALTERMAGNET,True,3,194.269,1499,0.591742,0.194,2.12,-2.12,2.12,0.0,True,0.0
POSCAR_Nb2Te2_4_z050,Nb2Te2_4_z050,Nb2Te2_4,False,z050,ALTERMAGNET,mirror/rotoinv|rotation,12,24,P6_3/mmc,ALTERMAGNET,True,3,194.269,1499,0.565268,0.236,2.18,-2.18,2.18,0.0,True,0.0
POSCAR_Nb2Te2_4_z950,Nb2Te2_4_z950,Nb2Te2_4,False,z950,ALTERMAGNET,mirror/rotoinv|rotation,12,24,P6_3/mmc,ALTERMAGNET,True,3,194.269,1499,0.627079,0.163,1.907,-1.907,1.907,0.0,True,0.0
POSCAR_Nb2Te2_4_z975,Nb2Te2_4_z975,Nb2Te2_4,False,z975,ALTERMAGNET,mirror/rotoinv|rotation,12,24,P6_3/mmc,ALTERMAGNET,True,3,194.269,1499,0.621767,0.206,1.984,-1.984,1.984,0.0,True,0.0
POSCAR_Ni2O2_5,Ni2O2_5,Ni2O2_5,True,none,ALTERMAGNET,mirror/rotoinv|rotation,12,24,P6_3/mmc,ALTERMAGNET,True,3,194.269,1499,0.674205,0.508,1.762,-1.762,1.762,0.0,True,0.0
POSCAR_Ni2O2_5_st025,Ni2O2_5_st025,Ni2O2_5,False,st025,ALTERMAGNET,mirror/rotoinv|rotation,12,24,P6_3/mmc,ALTERMAGNET,True,3,194.269,1499,0.618544,0.343,1.775,-1.775,1.775,0.0,True,0.0
POSCAR_Ni2O2_5_st050,Ni2O2_5_st050,Ni2O2_5,False,st050,ALTERMAGNET,mirror/rotoinv|rotation,12,24,P6_3/mmc,ALTERMAGNET,True,3,194.269,1499,0.558133,0.326,1.787,-1.787,1.787,0.0,True,0.0
POSCAR_Ni2O2_5_st950,Ni2O2_5_st950,Ni2O2_5,False,st950,ALTERMAGNET,mirror/rotoinv|rotation,12,24,P6_3/mmc,ALTERMAGNET,True,3,194.269,1499,0.771302,0.55,1.726,-1.726,1.726,0.0,True,0.0
POSCAR_Ni2O2_5_st975,Ni2O2_5_st975,Ni2O2_5,False,st975,ALTERMAGNET,mirror/rotoinv|rotation,12,24,P6_3/mmc,ALTERMAGNET,True,3,194.269,1499,0.742822,0.48,1.745,-1.745,1.745,0.0,True,0.0
POSCAR_Ni2O2_5_x025,Ni2O2_5_x025,Ni2O2_5,False,x025,ALTERMAGNET,mirror/rotoinv|rotation,4,8,Cmcm,ALTERMAGNET,True,3,194.269,1499,0.670308,0.494,1.767,-1.767,1.767,0.0,True,0.0
POSCAR_Ni2O2_5_x050,Ni2O2_5_x050,Ni2O2_5,False,x050,ALTERMAGNET,mirror/rotoinv|rotation,2,4,P2_1/m,ALTERMAGNET,True,3,194.269,1499,0.640898,1.113,1.771,-1.771,1.771,0.0,True,0.0
POSCAR_Ni2O2_5_x950,Ni2O2_5_x950,Ni2O2_5,False,x950,ALTERMAGNET,mirror/rotoinv|rotation,2,4,P2_1/m,ALTERMAGNET,True,3,194.269,1499,0.718918,0.742,1.749,-1.749,1.749,0.0,True,0.0
POSCAR_Ni2O2_5_x975,Ni2O2_5_x975,Ni2O2_5,False,x975,ALTERMAGNET,mirror/rotoinv|rotation,4,8,Cmcm,ALTERMAGNET,True,3,194.269,1499,0.704648,0.415,1.756,-1.756,1.756,0.0,True,0.0
POSCAR_Ni2O2_5_y025,Ni2O2_5_y025,Ni2O2_5,False,y025,ALTERMAGNET,mirror/rotoinv|rotation,4,8,Cmcm,ALTERMAGNET,True,3,194.269,1499,0.670335,0.437,1.767,-1.767,1.767,0.0,True,0.0
POSCAR_Ni2O2_5_y050,Ni2O2_5_y050,Ni2O2_5,False,y050,ALTERMAGNET,mirror/rotoinv|rotation,2,4,P2_1/m,ALTERMAGNET,True,3,194.269,1499,0.640825,1.032,1.771,-1.771,1.771,0.0,True,0.0
POSCAR_Ni2O2_5_y950,Ni2O2_5_y950,Ni2O2_5,False,y950,ALTERMAGNET,mirror/rotoinv|rotation,2,4,P2_1/m,ALTERMAGNET,True,3,194.269,1499,0.71923,0.762,1.749,-1.749,1.749,0.0,True,0.0
POSCAR_Ni2O2_5_y975,Ni2O2_5_y975,Ni2O2_5,False,y975,ALTERMAGNET,mirror/rotoinv|rotation,4,8,Cmcm,ALTERMAGNET,True,3,194.269,1499,0.704988,0.434,1.756,-1.756,1.756,0.0,True,0.0
POSCAR_Ni2O2_5_z025,Ni2O2_5_z025,Ni2O2_5,False,z025,ALTERMAGNET,mirror/rotoinv|rotation,12,24,P6_3/mmc,ALTERMAGNET,True,3,194.269,1499,0.647516,0.389,1.766,-1.766,1.766,0.0,True,0.0
POSCAR_Ni2O2_5_z050,Ni2O2_5_z050,Ni2O2_5,False,z050,ALTERMAGNET,mirror/rotoinv|rotation,12,24,P6_3/mmc,ALTERMAGNET,True,3,194.269,1499,0.504468,0.373,1.769,-1.769,1.769,0.0,True,0.0
POSCAR_Ni2O2_5_z950,Ni2O2_5_z950,Ni2O2_5,False,z950,ALTERMAGNET,mirror/rotoinv|rotation,12,24,P6_3/mmc,ALTERMAGNET,True,3,194.269,1499,0.720425,0.428,1.751,-1.751,1.751,0.0,True,0.0
POSCAR_Ni2O2_5_z975,Ni2O2_5_z975,Ni2O2_5,False,z975,ALTERMAGNET,mirror/rotoinv|rotation,12,24,P6_3/mmc,ALTERMAGNET,True,3,194.269,1499,0.704549,0.432,1.757,-1.757,1.757,0.0,True,0.0
POSCAR_Ni2O4_1,Ni2O4_1,Ni2O4_1,True,none,ALTERMAGNET,mirror/rotoinv|rotation,4,8,Pnnm,ALTERMAGNET,True,3,58.397,495,0.346446,0.395,1.782,-1.782,1.782,0.0,True,0.0
POSCAR_Ni2O4_1_st025,Ni2O4_1_st025,Ni2O4_1,False,st025,ALTERMAGNET,mirror/rotoinv|rotation,4,8,Pnnm,ALTERMAGNET,True,3,58.397,495,0.327731,0.435,1.792,-1.792,1.792,0.0,True,0.0
POSCAR_Ni2O4_1_st050,Ni2O4_1_st050,Ni2O4_1,False,st050,ALTERMAGNET,mirror/rotoinv|rotation,4,8,Pnnm,ALTERMAGNET,True,3,58.397,495,0.302493,0.458,1.802,-1.802,1.802,0.0,True,0.0
POSCAR_Ni2O4_1_st950,Ni2O4_1_st950,Ni2O4_1,False,st950,ALTERMAGNET,mirror/rotoinv|rotation,4,8,Pnnm,ALTERMAGNET,True,3,58.397,495,0.331593,0.369,1.758,-1.758,1.758,0.0,True,0.0
POSCAR_Ni2O4_1_st975,Ni2O4_1_st975,Ni2O4_1,False,st975,ALTERMAGNET,mirror/rotoinv|rotation,4,8,Pnnm,ALTERMAGNET,True,3,58.397,495,0.323627,0.373,1.77,-1.77,1.77,0.0,True,0.0
POSCAR_Ni2O4_1_x025,Ni2O4_1_x025,Ni2O4_1,False,x025,ALTERMAGNET,mirror/rotoinv|rotation,4,8,Pnnm,ALTERMAGNET,True,3,58.397,495,0.36699,0.405,1.785,-1.785,1.785,0.0,True,0.0
POSCAR_Ni2O4_1_x050,Ni2O4_1_x050,Ni2O4_1,False,x050,ALTERMAGNET,mirror/rotoinv|rotation,4,8,Pnnm,ALTERMAGNET,True,3,58.397,495,0.377253,0.417,1.787,-1.788,1.787,0.001000000000000112,True,0.0
POSCAR_Ni2O4_1_x950,Ni2O4_1_x950,Ni2O4_1,False,x950,ALTERMAGNET,mirror/rotoinv|rotation,4,8,Pnnm,ALTERMAGNET,True,3,58.397,495,0.26499,0.406,1.773,-1.773,1.773,0.0,True,0.0
POSCAR_Ni2O4_1_x975,Ni2O4_1_x975,Ni2O4_1,False,x975,ALTERMAGNET,mirror/rotoinv|rotation,4,8,Pnnm,ALTERMAGNET,True,3,58.397,495,0.320077,0.399,1.778,-1.778,1.778,0.0,True,0.0
POSCAR_Ni2O4_1_y025,Ni2O4_1_y025,Ni2O4_1,False,y025,ALTERMAGNET,mirror/rotoinv|rotation,4,8,Pnnm,ALTERMAGNET,True,3,58.397,495,0.399804,0.413,1.786,-1.786,1.786,0.0,True,0.0
POSCAR_Ni2O4_1_y050,Ni2O4_1_y050,Ni2O4_1,False,y050,ALTERMAGNET,mirror/rotoinv|rotation,4,8,Pnnm,ALTERMAGNET,True,3,58.397,495,0.414298,0.443,1.789,-1.789,1.789,0.0,True,0.0
POSCAR_Ni2O4_1_y950,Ni2O4_1_y950,Ni2O4_1,False,y950,ALTERMAGNET,mirror/rotoinv|rotation,4,8,Pnnm,ALTERMAGNET,True,3,58.397,495,0.206254,0.383,1.772,-1.772,1.772,0.0,True,0.0
POSCAR_Ni2O4_1_y975,Ni2O4_1_y975,Ni2O4_1,False,y975,ALTERMAGNET,mirror/rotoinv|rotation,4,8,Pnnm,ALTERMAGNET,True,3,58.397,495,0.27304,0.387,1.777,-1.777,1.777,0.0,True,0.0
POSCAR_Ni2O4_1_z025,Ni2O4_1_z025,Ni2O4_1,False,z025,ALTERMAGNET,mirror/rotoinv|rotation,4,8,Pnnm,ALTERMAGNET,True,3,58.397,495,0.243854,0.426,1.785,-1.785,1.785,0.0,True,0.0
POSCAR_Ni2O4_1_z050,Ni2O4_1_z050,Ni2O4_1,False,z050,ALTERMAGNET,mirror/rotoinv|rotation,4,8,Pnnm,ALTERMAGNET,True,3,58.397,495,0.202171,0.437,1.788,-1.788,1.788,0.0,True,0.0
POSCAR_Ni2O4_1_z950,Ni2O4_1_z950,Ni2O4_1,False,z950,ALTERMAGNET,mirror/rotoinv|rotation,4,8,Pnnm,ALTERMAGNET,True,3,58.397,495,0.507733,0.407,1.774,-1.774,1.774,0.0,True,0.0
POSCAR_Ni2O4_1_z975,Ni2O4_1_z975,Ni2O4_1,False,z975,ALTERMAGNET,mirror/rotoinv|rotation,4,8,Pnnm,ALTERMAGNET,True,3,58.397,495,0.446597,0.395,1.778,-1.778,1.778,0.0,True,0.0
POSCAR_Ni2O4_2,Ni2O4_2,Ni2O4_2,True,none,ALTERMAGNET,mirror/rotoinv|rotation,4,8,Pnnm,ALTERMAGNET,True,3,58.397,495,0.336583,0.56,1.783,-1.783,1.783,0.0,True,0.0
POSCAR_Ni2O4_2_st025,Ni2O4_2_st025,Ni2O4_2,False,st025,ALTERMAGNET,mirror/rotoinv|rotation,4,8,Pnnm,ALTERMAGNET,True,3,58.397,495,0.317546,0.629,1.793,-1.793,1.793,0.0,True,0.0
POSCAR_Ni2O4_2_st050,Ni2O4_2_st050,Ni2O4_2,False,st050,ALTERMAGNET,mirror/rotoinv|rotation,4,8,Pnnm,ALTERMAGNET,True,3,58.397,495,0.292721,0.626,1.802,-1.802,1.802,0.0,True,0.0
POSCAR_Ni2O4_2_st950,Ni2O4_2_st950,Ni2O4_2,False,st950,ALTERMAGNET,mirror/rotoinv|rotation,4,8,Pnnm,ALTERMAGNET,True,3,58.397,495,0.323947,0.52,1.758,-1.758,1.758,0.0,True,0.0
POSCAR_Ni2O4_2_st975,Ni2O4_2_st975,Ni2O4_2,False,st975,ALTERMAGNET,mirror/rotoinv|rotation,4,8,Pnnm,ALTERMAGNET,True,3,58.397,495,0.347432,0.531,1.771,-1.771,1.771,0.0,True,0.0
POSCAR_Ni2O4_2_x025,Ni2O4_2_x025,Ni2O4_2,False,x025,ALTERMAGNET,mirror/rotoinv|rotation,4,8,Pnnm,ALTERMAGNET,True,3,58.397,495,0.356151,0.577,1.786,-1.786,1.786,0.0,True,0.0
POSCAR_Ni2O4_2_x050,Ni2O4_2_x050,Ni2O4_2,False,x050,ALTERMAGNET,mirror/rotoinv|rotation,4,8,Pnnm,ALTERMAGNET,True,3,58.397,495,0.36545,0.596,1.788,-1.788,1.788,0.0,True,0.0
POSCAR_Ni2O4_2_x950,Ni2O4_2_x950,Ni2O4_2,False,x950,ALTERMAGNET,mirror/rotoinv|rotation,4,8,Pnnm,ALTERMAGNET,True,3,58.397,495,0.258231,0.553,1.774,-1.774,1.774,0.0,True,0.0
POSCAR_Ni2O4_2_x975,Ni2O4_2_x975,Ni2O4_2,False,x975,ALTERMAGNET,mirror/rotoinv|rotation,4,8,Pnnm,ALTERMAGNET,True,3,58.397,495,0.31081,0.551,1.779,-1.779,1.779,0.0,True,0.0
POSCAR_Ni2O4_2_y025,Ni2O4_2_y025,Ni2O4_2,False,y025,ALTERMAGNET,mirror/rotoinv|rotation,4,8,Pnnm,ALTERMAGNET,True,3,58.397,495,0.392305,0.575,1.786,-1.786,1.786,0.0,True,0.0
POSCAR_Ni2O4_2_y050,Ni2O4_2_y050,Ni2O4_2,False,y050,ALTERMAGNET,mirror/rotoinv|rotation,4,8,Pnnm,ALTERMAGNET,True,3,58.397,495,0.409224,0.616,1.79,-1.79,1.79,0.0,True,0.0
POSCAR_Ni2O4_2_y950,Ni2O4_2_y950,Ni2O4_2,False,y950,ALTERMAGNET,mirror/rotoinv|rotation,4,8,Pnnm,ALTERMAGNET,True,3,58.397,495,0.197409,0.568,1.772,-1.773,1.772,0.0009999999999998899,True,0.0
POSCAR_Ni2O4_2_y975,Ni2O4_2_y975,Ni2O4_2,False,y975,ALTERMAGNET,mirror/rotoinv|rotation,4,8,Pnnm,ALTERMAGNET,True,3,58.397,495,0.262714,0.556,1.778,-1.778,1.778,0.0,True,0.0
POSCAR_Ni2O4_2_z025,Ni2O4_2_z025,Ni2O4_2,False,z025,ALTERMAGNET,mirror/rotoinv|rotation,4,8,Pnnm,ALTERMAGNET,True,3,58.397,495,0.25158,0.624,1.786,-1.786,1.786,0.0,True,0.0
POSCAR_Ni2O4_2_z050,Ni2O4_2_z050,Ni2O4_2,False,z050,ALTERMAGNET,mirror/rotoinv|rotation,4,8,Pnnm,ALTERMAGNET,True,3,58.397,495,0.197509,0.616,1.789,-1.789,1.789,0.0,True,0.0
POSCAR_Ni2O4_2_z950,Ni2O4_2_z950,Ni2O4_2,False,z950,ALTERMAGNET,mirror/rotoinv|rotation,4,8,Pnnm,ALTERMAGNET,True,3,58.397,495,0.502922,0.563,1.775,-1.775,1.775,0.0,True,0.0
POSCAR_Ni2O4_2_z975,Ni2O4_2_z975,Ni2O4_2,False,z975,ALTERMAGNET,mirror/rotoinv|rotation,4,8,Pnnm,ALTERMAGNET,True,3,58.397,495,0.438923,0.546,1.779,-1.779,1.779,0.0,True,0.0
POSCAR_Ni2P4_1,Ni2P4_1,Ni2P4_1,True,none,ALTERMAGNET,mirror/rotoinv|rotation,4,8,Pnnm,ALTERMAGNET,True,3,58.397,495,0.083516,0.258,0.016,-0.017,0.016,0.0010000000000000009,True,0.001
POSCAR_Ni2P4_1_st025,Ni2P4_1_st025,Ni2P4_1,False,st025,ALTERMAGNET,mirror/rotoinv|rotation,4,8,Pnnm,ALTERMAGNET,True,3,58.397,495,0.209359,0.263,0.045,-0.045,0.045,0.0,True,0.0
POSCAR_Ni2P4_1_x025,Ni2P4_1_x025,Ni2P4_1,False,x025,ALTERMAGNET,mirror/rotoinv|rotation,4,8,Pnnm,ALTERMAGNET,True,3,58.397,495,0.020287,0.136,0.004,-0.005,0.004,0.001,True,0.0
POSCAR_Ni2P4_1_y025,Ni2P4_1_y025,Ni2P4_1,False,y025,ALTERMAGNET,mirror/rotoinv|rotation,4,8,Pnnm,ALTERMAGNET,True,3,58.397,495,0.030735,0.37,0.007,-0.008,0.007,0.001,True,0.001
POSCAR_Ni2P4_1_z025,Ni2P4_1_z025,Ni2P4_1,False,z025,ALTERMAGNET,mirror/rotoinv|rotation,4,8,Pnnm,ALTERMAGNET,True,3,58.397,495,0.020887,0.267,0.004,-0.004,0.004,0.0,True,0.001
POSCAR_Ni2P8_1,Ni2P8_1,Ni2P8_1,True,none,ALTERMAGNET,mirror/rotoinv|rotation,2,4,P2_1/c,ALTERMAGNET,True,3,14.79,86,0.953765,0.754,1.255,-1.256,1.255,0.001000000000000112,True,0.001
POSCAR_Ni2P8_1_st025,Ni2P8_1_st025,Ni2P8_1,False,st025,ALTERMAGNET,mirror/rotoinv|rotation,2,4,P2_1/c,ALTERMAGNET,True,3,14.79,86,0.822679,1.336,1.362,-1.362,1.362,0.0,True,0.001
POSCAR_Ni2P8_1_st050,Ni2P8_1_st050,Ni2P8_1,False,st050,ALTERMAGNET,mirror/rotoinv|rotation,2,4,P2_1/c,ALTERMAGNET,True,3,14.79,86,0.711113,1.356,1.42,-1.421,1.42,0.001000000000000112,True,0.001
POSCAR_Ni2P8_1_st950,Ni2P8_1_st950,Ni2P8_1,False,st950,ALTERMAGNET,mirror/rotoinv|rotation,2,4,P2_1/c,ALTERMAGNET,True,3,14.79,86,0.853656,1.831,0.705,-0.702,0.705,0.0030000000000000027,True,0.004
POSCAR_Ni2P8_1_x025,Ni2P8_1_x025,Ni2P8_1,False,x025,ALTERMAGNET,mirror/rotoinv|rotation,2,4,P2_1/c,ALTERMAGNET,True,3,14.79,86,0.848588,1.591,1.269,-1.271,1.269,0.0020000000000000018,True,0.004
POSCAR_Ni2P8_1_x050,Ni2P8_1_x050,Ni2P8_1,False,x050,ALTERMAGNET,mirror/rotoinv|rotation,2,4,P2_1/c,ALTERMAGNET,True,3,14.79,86,0.750589,0.707,1.27,-1.27,1.27,0.0,True,0.001
POSCAR_Ni2P8_1_x975,Ni2P8_1_x975,Ni2P8_1,False,x975,ALTERMAGNET,mirror/rotoinv|rotation,2,4,P2_1/c,ALTERMAGNET,True,3,14.79,86,0.955907,1.052,1.237,-1.238,1.237,0.0009999999999998899,True,0.001
POSCAR_Ni2P8_1_y025,Ni2P8_1_y025,Ni2P8_1,False,y025,ALTERMAGNET,mirror/rotoinv|rotation,2,4,P2_1/c,ALTERMAGNET,True,3,14.79,86,0.91561,0.812,1.272,-1.272,1.272,0.0,True,0.001
POSCAR_Ni2P8_1_y050,Ni2P8_1_y050,Ni2P8_1,False,y050,ALTERMAGNET,mirror/rotoinv|rotation,2,4,P2_1/c,ALTERMAGNET,True,3,14.79,86,0.858492,0.733,1.281,-1.282,1.281,0.001000000000000112,True,0.001
POSCAR_Ni2P8_1_z025,Ni2P8_1_z025,Ni2P8_1,False,z025,ALTERMAGNET,mirror/rotoinv|rotation,2,4,P2_1/c,ALTERMAGNET,True,3,14.79,86,0.915946,1.473,1.331,-1.332,1.331,0.001000000000000112,True,0.002
POSCAR_Ni2P8_1_z050,Ni2P8_1_z050,Ni2P8_1,False,z050,ALTERMAGNET,mirror/rotoinv|rotation,2,4,P2_1/c,ALTERMAGNET,True,3,14.79,86,0.799391,1.277,1.367,-1.368,1.367,0.001000000000000112,True,0.002
POSCAR_Ni2P8_1_z950,Ni2P8_1_z950,Ni2P8_1,False,z950,ALTERMAGNET,mirror/rotoinv|rotation,2,4,P2_1/c,ALTERMAGNET,True,3,14.79,86,0.847307,0.72,0.858,-0.858,0.858,0.0,True,0.001
POSCAR_Ni2Pb1_1,Ni2Pb1_1,Ni2Pb1_1,True,none,conventional_AFM_inversion,inversion|mirror/rotoinv|rotation,8,16,I4/mmm,conventional_AFM_inversion,True,3,139.533,1193,0.012007,0.71,0.308,-0.309,0.308,0.0010000000000000009,True,0.001
POSCAR_Ni2Pb2_1,Ni2Pb2_1,Ni2Pb2_1,True,none,ALTERMAGNET,mirror/rotoinv|rotation,12,24,P6_3/mmc,ALTERMAGNET,True,3,194.269,1499,0.012211,0.25,0.004,-0.005,0.004,0.001,True,0.001
POSCAR_Ni2S4_2,Ni2S4_2,Ni2S4_2,True,none,ALTERMAGNET,mirror/rotoinv|rotation,4,8,Pnnm,ALTERMAGNET,True,3,58.397,495,0.573737,0.18,1.59,-1.59,1.59,0.0,True,0.0
POSCAR_Ni2S4_2_st025,Ni2S4_2_st025,Ni2S4_2,False,st025,ALTERMAGNET,mirror/rotoinv|rotation,4,8,Pnnm,ALTERMAGNET,True,3,58.397,495,0.521309,0.141,1.634,-1.634,1.634,0.0,True,0.0
POSCAR_Ni2S4_2_st050,Ni2S4_2_st050,Ni2S4_2,False,st050,ALTERMAGNET,mirror/rotoinv|rotation,4,8,Pnnm,ALTERMAGNET,True,3,58.397,495,0.468718,0.155,1.667,-1.667,1.667,0.0,True,0.0
POSCAR_Ni2S4_2_st950,Ni2S4_2_st950,Ni2S4_2,False,st950,ALTERMAGNET,mirror/rotoinv|rotation,4,8,Pnnm,ALTERMAGNET,True,3,58.397,495,0.464109,0.279,1.46,-1.46,1.46,0.0,True,0.0
POSCAR_Ni2S4_2_st975,Ni2S4_2_st975,Ni2S4_2,False,st975,ALTERMAGNET,mirror/rotoinv|rotation,4,8,Pnnm,ALTERMAGNET,True,3,58.397,495,0.451419,0.211,1.534,-1.534,1.534,0.0,True,0.0
POSCAR_Ni2S4_2_x025,Ni2S4_2_x025,Ni2S4_2,False,x025,ALTERMAGNET,mirror/rotoinv|rotation,4,8,Pnnm,ALTERMAGNET,True,3,58.397,495,0.569878,0.244,1.604,-1.605,1.604,0.0009999999999998899,True,0.0
POSCAR_Ni2S4_2_x050,Ni2S4_2_x050,Ni2S4_2,False,x050,ALTERMAGNET,mirror/rotoinv|rotation,4,8,Pnnm,ALTERMAGNET,True,3,58.397,495,0.560382,0.248,1.616,-1.617,1.616,0.0009999999999998899,True,0.0
POSCAR_Ni2S4_2_x950,Ni2S4_2_x950,Ni2S4_2,False,x950,ALTERMAGNET,mirror/rotoinv|rotation,4,8,Pnnm,ALTERMAGNET,True,3,58.397,495,0.410274,0.196,1.554,-1.554,1.554,0.0,True,0.0
POSCAR_Ni2S4_2_x975,Ni2S4_2_x975,Ni2S4_2,False,x975,ALTERMAGNET,mirror/rotoinv|rotation,4,8,Pnnm,ALTERMAGNET,True,3,58.397,495,0.570384,0.199,1.574,-1.574,1.574,0.0,True,0.0
POSCAR_Ni2S4_2_y025,Ni2S4_2_y025,Ni2S4_2,False,y025,ALTERMAGNET,mirror/rotoinv|rotation,4,8,Pnnm,ALTERMAGNET,True,3,58.397,495,0.592972,0.165,1.606,-1.606,1.606,0.0,True,0.0
POSCAR_Ni2S4_2_y050,Ni2S4_2_y050,Ni2S4_2,False,y050,ALTERMAGNET,mirror/rotoinv|rotation,4,8,Pnnm,ALTERMAGNET,True,3,58.397,495,0.57507,0.166,1.619,-1.619,1.619,0.0,True,0.0
POSCAR_Ni2S4_2_y950,Ni2S4_2_y950,Ni2S4_2,False,y950,ALTERMAGNET,mirror/rotoinv|rotation,4,8,Pnnm,ALTERMAGNET,True,3,58.397,495,0.485096,0.16,1.549,-1.549,1.549,0.0,True,0.0
POSCAR_Ni2S4_2_y975,Ni2S4_2_y975,Ni2S4_2,False,y975,ALTERMAGNET,mirror/rotoinv|rotation,4,8,Pnnm,ALTERMAGNET,True,3,58.397,495,0.531872,0.151,1.572,-1.572,1.572,0.0,True,0.0
POSCAR_Ni2S4_2_z025,Ni2S4_2_z025,Ni2S4_2,False,z025,ALTERMAGNET,mirror/rotoinv|rotation,4,8,Pnnm,ALTERMAGNET,True,3,58.397,495,0.490033,0.14,1.606,-1.606,1.606,0.0,True,0.0
POSCAR_Ni2S4_2_z050,Ni2S4_2_z050,Ni2S4_2,False,z050,ALTERMAGNET,mirror/rotoinv|rotation,4,8,Pnnm,ALTERMAGNET,True,3,58.397,495,0.416932,0.149,1.618,-1.618,1.618,0.0,True,0.0
POSCAR_Ni2S4_2_z950,Ni2S4_2_z950,Ni2S4_2,False,z950,ALTERMAGNET,mirror/rotoinv|rotation,4,8,Pnnm,ALTERMAGNET,True,3,58.397,495,0.702495,0.196,1.547,-1.547,1.547,0.0,True,0.0
POSCAR_Ni2S4_2_z975,Ni2S4_2_z975,Ni2S4_2,False,z975,ALTERMAGNET,mirror/rotoinv|rotation,4,8,Pnnm,ALTERMAGNET,True,3,58.397,495,0.653921,0.181,1.571,-1.571,1.571,0.0,True,0.0
POSCAR_Ni2Sb4_1,Ni2Sb4_1,Ni2Sb4_1,True,none,ALTERMAGNET,mirror/rotoinv|rotation,4,8,Pnnm,ALTERMAGNET,True,3,58.397,495,0.039721,0.224,0.009,-0.01,0.009,0.0010000000000000009,True,0.001
POSCAR_Ni2Se2_1,Ni2Se2_1,Ni2Se2_1,True,none,ALTERMAGNET,mirror/rotoinv|rotation,12,24,P6_3/mmc,ALTERMAGNET,True,3,194.269,1499,0.83688,0.034,1.501,-1.501,1.501,0.0,True,0.0
POSCAR_Ni2Se2_1_st025,Ni2Se2_1_st025,Ni2Se2_1,False,st025,ALTERMAGNET,mirror/rotoinv|rotation,12,24,P6_3/mmc,ALTERMAGNET,True,3,194.269,1499,0.743515,0.033,1.555,-1.555,1.555,0.0,True,0.0
POSCAR_Ni2Se2_1_st050,Ni2Se2_1_st050,Ni2Se2_1,False,st050,ALTERMAGNET,mirror/rotoinv|rotation,12,24,P6_3/mmc,ALTERMAGNET,True,3,194.269,1499,0.644537,0.035,1.598,-1.598,1.598,0.0,True,0.0
POSCAR_Ni2Se2_1_st950,Ni2Se2_1_st950,Ni2Se2_1,False,st950,ALTERMAGNET,mirror/rotoinv|rotation,12,24,P6_3/mmc,ALTERMAGNET,True,3,194.269,1499,1.225128,0.04,1.335,-1.335,1.335,0.0,True,0.0
POSCAR_Ni2Se2_1_st975,Ni2Se2_1_st975,Ni2Se2_1,False,st975,ALTERMAGNET,mirror/rotoinv|rotation,12,24,P6_3/mmc,ALTERMAGNET,True,3,194.269,1499,1.00538,0.041,1.429,-1.429,1.429,0.0,True,0.0
POSCAR_Ni2Se2_1_x025,Ni2Se2_1_x025,Ni2Se2_1,False,x025,ALTERMAGNET,mirror/rotoinv|rotation,4,8,Cmcm,ALTERMAGNET,True,3,194.269,1499,0.81315,0.411,1.517,-1.517,1.517,0.0,True,0.0
POSCAR_Ni2Se2_1_x050,Ni2Se2_1_x050,Ni2Se2_1,False,x050,ALTERMAGNET,mirror/rotoinv|rotation,2,4,P2_1/m,ALTERMAGNET,True,3,194.269,1499,0.77751,0.436,1.53,-1.53,1.53,0.0,True,0.0
POSCAR_Ni2Se2_1_x950,Ni2Se2_1_x950,Ni2Se2_1,False,x950,ALTERMAGNET,mirror/rotoinv|rotation,2,4,P2_1/m,ALTERMAGNET,True,3,194.269,1499,0.958008,0.402,1.454,-1.454,1.454,0.0,True,0.0
POSCAR_Ni2Se2_1_x975,Ni2Se2_1_x975,Ni2Se2_1,False,x975,ALTERMAGNET,mirror/rotoinv|rotation,4,8,Cmcm,ALTERMAGNET,True,3,194.269,1499,0.892725,0.383,1.48,-1.48,1.48,0.0,True,0.0
POSCAR_Ni2Se2_1_y025,Ni2Se2_1_y025,Ni2Se2_1,False,y025,ALTERMAGNET,mirror/rotoinv|rotation,4,8,Cmcm,ALTERMAGNET,True,3,194.269,1499,0.813093,0.429,1.517,-1.517,1.517,0.0,True,0.0
POSCAR_Ni2Se2_1_y050,Ni2Se2_1_y050,Ni2Se2_1,False,y050,ALTERMAGNET,mirror/rotoinv|rotation,2,4,P2_1/m,ALTERMAGNET,True,3,194.269,1499,0.777199,0.495,1.53,-1.53,1.53,0.0,True,0.0
POSCAR_Ni2Se2_1_y950,Ni2Se2_1_y950,Ni2Se2_1,False,y950,ALTERMAGNET,mirror/rotoinv|rotation,2,4,P2_1/m,ALTERMAGNET,True,3,194.269,1499,0.957887,0.406,1.454,-1.454,1.454,0.0,True,0.0
POSCAR_Ni2Se2_1_y975,Ni2Se2_1_y975,Ni2Se2_1,False,y975,ALTERMAGNET,mirror/rotoinv|rotation,4,8,Cmcm,ALTERMAGNET,True,3,194.269,1499,0.892579,0.39,1.48,-1.48,1.48,0.0,True,0.0
POSCAR_Ni2Se2_1_z025,Ni2Se2_1_z025,Ni2Se2_1,False,z025,ALTERMAGNET,mirror/rotoinv|rotation,12,24,P6_3/mmc,ALTERMAGNET,True,3,194.269,1499,0.783518,0.034,1.524,-1.524,1.524,0.0,True,0.0
POSCAR_Ni2Se2_1_z050,Ni2Se2_1_z050,Ni2Se2_1,False,z050,ALTERMAGNET,mirror/rotoinv|rotation,12,24,P6_3/mmc,ALTERMAGNET,True,3,194.269,1499,0.71695,0.036,1.544,-1.544,1.544,0.0,True,0.0
POSCAR_Ni2Se2_1_z950,Ni2Se2_1_z950,Ni2Se2_1,False,z950,ALTERMAGNET,mirror/rotoinv|rotation,12,24,P6_3/mmc,ALTERMAGNET,True,3,194.269,1499,0.970994,0.038,1.444,-1.444,1.444,0.0,True,0.0
POSCAR_Ni2Se2_1_z975,Ni2Se2_1_z975,Ni2Se2_1,False,z975,ALTERMAGNET,mirror/rotoinv|rotation,12,24,P6_3/mmc,ALTERMAGNET,True,3,194.269,1499,0.896083,0.037,1.474,-1.474,1.474,0.0,True,0.0
POSCAR_Ni2Se2_2,Ni2Se2_2,Ni2Se2_2,True,none,ALTERMAGNET,mirror/rotoinv|rotation,12,24,P6_3/mmc,ALTERMAGNET,True,3,194.269,1499,0.842635,1.927,1.501,-1.501,1.501,0.0,True,0.0
POSCAR_Ni2Se2_2_st025,Ni2Se2_2_st025,Ni2Se2_2,False,st025,ALTERMAGNET,mirror/rotoinv|rotation,12,24,P6_3/mmc,ALTERMAGNET,True,3,194.269,1499,0.752813,1.554,1.556,-1.556,1.556,0.0,True,0.0
POSCAR_Ni2Se2_2_st050,Ni2Se2_2_st050,Ni2Se2_2,False,st050,ALTERMAGNET,mirror/rotoinv|rotation,12,24,P6_3/mmc,ALTERMAGNET,True,3,194.269,1499,0.654443,1.44,1.598,-1.598,1.598,0.0,True,0.0
POSCAR_Ni2Se2_2_st950,Ni2Se2_2_st950,Ni2Se2_2,False,st950,ALTERMAGNET,mirror/rotoinv|rotation,12,24,P6_3/mmc,ALTERMAGNET,True,3,194.269,1499,1.227872,2.35,1.336,-1.336,1.336,0.0,True,0.0
POSCAR_Ni2Se2_2_st975,Ni2Se2_2_st975,Ni2Se2_2,False,st975,ALTERMAGNET,mirror/rotoinv|rotation,12,24,P6_3/mmc,ALTERMAGNET,True,3,194.269,1499,1.008051,2.144,1.43,-1.43,1.43,0.0,True,0.0
POSCAR_Ni2Se2_2_x025,Ni2Se2_2_x025,Ni2Se2_2,False,x025,ALTERMAGNET,mirror/rotoinv|rotation,4,8,Cmcm,ALTERMAGNET,True,3,194.269,1499,0.816108,1.906,1.518,-1.518,1.518,0.0,True,0.0
POSCAR_Ni2Se2_2_x050,Ni2Se2_2_x050,Ni2Se2_2,False,x050,ALTERMAGNET,mirror/rotoinv|rotation,2,4,P2_1/m,ALTERMAGNET,True,3,194.269,1499,0.780337,2.733,1.531,-1.531,1.531,0.0,True,0.0
POSCAR_Ni2Se2_2_x950,Ni2Se2_2_x950,Ni2Se2_2,False,x950,ALTERMAGNET,mirror/rotoinv|rotation,2,4,P2_1/m,ALTERMAGNET,True,3,194.269,1499,0.957378,2.137,1.454,-1.454,1.454,0.0,True,0.0
POSCAR_Ni2Se2_2_x975,Ni2Se2_2_x975,Ni2Se2_2,False,x975,ALTERMAGNET,mirror/rotoinv|rotation,2,4,P2_1/m,ALTERMAGNET,True,3,194.269,1499,0.89206,2.017,1.48,-1.48,1.48,0.0,True,0.0
POSCAR_Ni2Se2_2_y025,Ni2Se2_2_y025,Ni2Se2_2,False,y025,ALTERMAGNET,mirror/rotoinv|rotation,2,4,P2_1/m,ALTERMAGNET,True,3,194.269,1499,0.815769,2.09,1.517,-1.518,1.517,0.001000000000000112,True,0.0
POSCAR_Ni2Se2_2_y050,Ni2Se2_2_y050,Ni2Se2_2,False,y050,ALTERMAGNET,mirror/rotoinv|rotation,2,4,P2_1/m,ALTERMAGNET,True,3,194.269,1499,0.778519,2.182,1.53,-1.531,1.53,0.0009999999999998899,True,0.0
POSCAR_Ni2Se2_2_y950,Ni2Se2_2_y950,Ni2Se2_2,False,y950,ALTERMAGNET,mirror/rotoinv|rotation,2,4,P2_1/m,ALTERMAGNET,True,3,194.269,1499,0.959926,1.905,1.455,-1.455,1.455,0.0,True,0.0
POSCAR_Ni2Se2_2_y975,Ni2Se2_2_y975,Ni2Se2_2,False,y975,ALTERMAGNET,mirror/rotoinv|rotation,4,8,Cmcm,ALTERMAGNET,True,3,194.269,1499,0.893733,1.612,1.48,-1.48,1.48,0.0,True,0.0
POSCAR_Ni2Se2_2_z025,Ni2Se2_2_z025,Ni2Se2_2,False,z025,ALTERMAGNET,mirror/rotoinv|rotation,12,24,P6_3/mmc,ALTERMAGNET,True,3,194.269,1499,0.780499,1.583,1.524,-1.524,1.524,0.0,True,0.0
POSCAR_Ni2Se2_2_z050,Ni2Se2_2_z050,Ni2Se2_2,False,z050,ALTERMAGNET,mirror/rotoinv|rotation,12,24,P6_3/mmc,ALTERMAGNET,True,3,194.269,1499,0.719796,1.452,1.544,-1.544,1.544,0.0,True,0.0
POSCAR_Ni2Se2_2_z950,Ni2Se2_2_z950,Ni2Se2_2,False,z950,ALTERMAGNET,mirror/rotoinv|rotation,12,24,P6_3/mmc,ALTERMAGNET,True,3,194.269,1499,0.973669,2.245,1.444,-1.444,1.444,0.0,True,0.0
POSCAR_Ni2Se2_2_z975,Ni2Se2_2_z975,Ni2Se2_2,False,z975,ALTERMAGNET,mirror/rotoinv|rotation,12,24,P6_3/mmc,ALTERMAGNET,True,3,194.269,1499,0.898471,1.996,1.474,-1.474,1.474,0.0,True,0.0
POSCAR_Ni2Se3_1,Ni2Se3_1,Ni2Se3_1,True,none,ALTERMAGNET,mirror/rotoinv|rotation,2,4,Imm2,ALTERMAGNET,True,3,44.231,329,0.385811,4.741,1.153,-1.153,1.153,0.0,True,0.0
POSCAR_Ni2Se3_1_st025,Ni2Se3_1_st025,Ni2Se3_1,False,st025,ALTERMAGNET,mirror/rotoinv|rotation,2,4,Imm2,ALTERMAGNET,True,3,44.231,329,0.34654,4.438,1.2,-1.201,1.2,0.001000000000000112,True,0.004
POSCAR_Ni2Se3_1_st050,Ni2Se3_1_st050,Ni2Se3_1,False,st050,ALTERMAGNET,mirror/rotoinv|rotation,2,4,Imm2,ALTERMAGNET,True,3,44.231,329,0.303956,3.225,1.247,-1.247,1.247,0.0,True,0.001
POSCAR_Ni2Se3_1_st975,Ni2Se3_1_st975,Ni2Se3_1,False,st975,ALTERMAGNET,mirror/rotoinv|rotation,2,4,Imm2,ALTERMAGNET,True,3,44.231,329,0.420565,6.758,1.09,-1.091,1.09,0.0009999999999998899,True,0.004
POSCAR_Ni2Se3_1_x025,Ni2Se3_1_x025,Ni2Se3_1,False,x025,ALTERMAGNET,rotation,1,2,C2,ALTERMAGNET,True,3,44.231,329,0.382784,4.253,1.182,-1.182,1.182,0.0,True,0.002
POSCAR_Ni2Se3_1_x050,Ni2Se3_1_x050,Ni2Se3_1,False,x050,ALTERMAGNET,rotation,1,2,C2,ALTERMAGNET,True,3,44.231,329,0.381181,4.1,1.212,-1.211,1.212,0.0009999999999998899,True,0.002
POSCAR_Ni2Se3_1_x975,Ni2Se3_1_x975,Ni2Se3_1,False,x975,compensated_FiM_candidate,,0,2,Cm,ALTERMAGNET,False,3,44.231,329,0.378029,6.033,1.085,-1.083,1.085,0.0020000000000000018,True,0.002
POSCAR_Ni2Se4_1,Ni2Se4_1,Ni2Se4_1,True,none,ALTERMAGNET,mirror/rotoinv|rotation,4,8,Pnnm,ALTERMAGNET,True,3,58.397,495,0.393757,0.04,1.546,-1.546,1.546,0.0,True,0.0
POSCAR_Ni2Se4_1_st025,Ni2Se4_1_st025,Ni2Se4_1,False,st025,ALTERMAGNET,mirror/rotoinv|rotation,4,8,Pnnm,ALTERMAGNET,True,3,58.397,495,0.368172,0.037,1.594,-1.594,1.594,0.0,True,0.0
POSCAR_Ni2Se4_1_st050,Ni2Se4_1_st050,Ni2Se4_1,False,st050,ALTERMAGNET,mirror/rotoinv|rotation,4,8,Pnnm,ALTERMAGNET,True,3,58.397,495,0.343238,0.025,1.631,-1.631,1.631,0.0,True,0.0
POSCAR_Ni2Se4_1_st950,Ni2Se4_1_st950,Ni2Se4_1,False,st950,ALTERMAGNET,mirror/rotoinv|rotation,4,8,Pnnm,ALTERMAGNET,True,3,58.397,495,0.444257,0.046,1.405,-1.405,1.405,0.0,True,0.0
POSCAR_Ni2Se4_1_st975,Ni2Se4_1_st975,Ni2Se4_1,False,st975,ALTERMAGNET,mirror/rotoinv|rotation,4,8,Pnnm,ALTERMAGNET,True,3,58.397,495,0.419452,0.047,1.485,-1.485,1.485,0.0,True,0.0
POSCAR_Ni2Se4_1_x025,Ni2Se4_1_x025,Ni2Se4_1,False,x025,ALTERMAGNET,mirror/rotoinv|rotation,4,8,Pnnm,ALTERMAGNET,True,3,58.397,495,0.409182,0.042,1.561,-1.561,1.561,0.0,True,0.0
POSCAR_Ni2Se4_1_x050,Ni2Se4_1_x050,Ni2Se4_1,False,x050,ALTERMAGNET,mirror/rotoinv|rotation,4,8,Pnnm,ALTERMAGNET,True,3,58.397,495,0.428654,0.038,1.574,-1.574,1.574,0.0,True,0.0
POSCAR_Ni2Se4_1_x950,Ni2Se4_1_x950,Ni2Se4_1,False,x950,ALTERMAGNET,mirror/rotoinv|rotation,4,8,Pnnm,ALTERMAGNET,True,3,58.397,495,0.378078,0.064,1.505,-1.505,1.505,0.0,True,0.0
POSCAR_Ni2Se4_1_x975,Ni2Se4_1_x975,Ni2Se4_1,False,x975,ALTERMAGNET,mirror/rotoinv|rotation,4,8,Pnnm,ALTERMAGNET,True,3,58.397,495,0.383195,0.041,1.528,-1.527,1.528,0.001000000000000112,True,0.0
POSCAR_Ni2Se4_1_y025,Ni2Se4_1_y025,Ni2Se4_1,False,y025,ALTERMAGNET,mirror/rotoinv|rotation,4,8,Pnnm,ALTERMAGNET,True,3,58.397,495,0.38905,0.037,1.562,-1.562,1.562,0.0,True,0.0
POSCAR_Ni2Se4_1_y050,Ni2Se4_1_y050,Ni2Se4_1,False,y050,ALTERMAGNET,mirror/rotoinv|rotation,4,8,Pnnm,ALTERMAGNET,True,3,58.397,495,0.385454,0.039,1.575,-1.574,1.575,0.0009999999999998899,True,0.0
POSCAR_Ni2Se4_1_y950,Ni2Se4_1_y950,Ni2Se4_1,False,y950,ALTERMAGNET,mirror/rotoinv|rotation,4,8,Pnnm,ALTERMAGNET,True,3,58.397,495,0.446877,0.045,1.504,-1.504,1.504,0.0,True,0.0
POSCAR_Ni2Se4_1_y975,Ni2Se4_1_y975,Ni2Se4_1,False,y975,ALTERMAGNET,mirror/rotoinv|rotation,4,8,Pnnm,ALTERMAGNET,True,3,58.397,495,0.407211,0.036,1.527,-1.527,1.527,0.0,True,0.0
POSCAR_Ni2Se4_1_z025,Ni2Se4_1_z025,Ni2Se4_1,False,z025,ALTERMAGNET,mirror/rotoinv|rotation,4,8,Pnnm,ALTERMAGNET,True,3,58.397,495,0.362399,0.046,1.563,-1.563,1.563,0.0,True,0.0
POSCAR_Ni2Se4_1_z050,Ni2Se4_1_z050,Ni2Se4_1,False,z050,ALTERMAGNET,mirror/rotoinv|rotation,4,8,Pnnm,ALTERMAGNET,True,3,58.397,495,0.357915,0.039,1.576,-1.576,1.576,0.0,True,0.0
POSCAR_Ni2Se4_1_z950,Ni2Se4_1_z950,Ni2Se4_1,False,z950,ALTERMAGNET,mirror/rotoinv|rotation,4,8,Pnnm,ALTERMAGNET,True,3,58.397,495,0.468986,0.041,1.494,-1.494,1.494,0.0,True,0.0
POSCAR_Ni2Se4_1_z975,Ni2Se4_1_z975,Ni2Se4_1,False,z975,ALTERMAGNET,mirror/rotoinv|rotation,4,8,Pnnm,ALTERMAGNET,True,3,58.397,495,0.429374,0.043,1.523,-1.523,1.523,0.0,True,0.0
POSCAR_Ni2Te2_1,Ni2Te2_1,Ni2Te2_1,True,none,ALTERMAGNET,mirror/rotoinv|rotation,4,8,Cmcm,ALTERMAGNET,True,3,63.463,561,1.434773,0.773,0.954,-0.955,0.954,0.0010000000000000009,True,0.001
POSCAR_Ni2Te2_1_st025,Ni2Te2_1_st025,Ni2Te2_1,False,st025,ALTERMAGNET,mirror/rotoinv|rotation,2,4,P2_1/m,ALTERMAGNET,True,3,63.463,561,1.28336,4.005,1.157,-1.158,1.157,0.0009999999999998899,True,0.0
POSCAR_Ni2Te2_1_st050,Ni2Te2_1_st050,Ni2Te2_1,False,st050,ALTERMAGNET,mirror/rotoinv|rotation,2,4,P2_1/m,ALTERMAGNET,True,3,63.463,561,1.060744,0.55,1.286,-1.287,1.286,0.0009999999999998899,True,0.0
POSCAR_Ni2Te2_1_x950,Ni2Te2_1_x950,Ni2Te2_1,False,x950,ALTERMAGNET,mirror/rotoinv|rotation,2,4,P2_1/m,ALTERMAGNET,True,3,63.463,561,0.174927,1.113,0.056,-0.057,0.056,0.0010000000000000009,True,0.001
POSCAR_Ni2Te2_1_x975,Ni2Te2_1_x975,Ni2Te2_1,False,x975,ALTERMAGNET,mirror/rotoinv|rotation,4,8,Cmcm,ALTERMAGNET,True,3,63.463,561,0.02328,0.46,0.006,-0.007,0.006,0.001,True,0.001
POSCAR_Ni2Te2_1_y025,Ni2Te2_1_y025,Ni2Te2_1,False,y025,ALTERMAGNET,mirror/rotoinv|rotation,4,8,Cmcm,ALTERMAGNET,True,3,63.463,561,1.418214,4.007,1.031,-1.035,1.031,0.0040000000000000036,True,0.003
POSCAR_Ni2Te2_1_y975,Ni2Te2_1_y975,Ni2Te2_1,False,y975,ALTERMAGNET,mirror/rotoinv|rotation,4,8,Cmcm,ALTERMAGNET,True,3,63.463,561,0.009559,0.267,0.002,-0.002,0.002,0.0,True,0.001
POSCAR_Ni2Te2_1_z025,Ni2Te2_1_z025,Ni2Te2_1,False,z025,ALTERMAGNET,mirror/rotoinv|rotation,4,8,Cmcm,ALTERMAGNET,True,3,63.463,561,1.425784,0.653,1.044,-1.046,1.044,0.0020000000000000018,True,0.002
POSCAR_Ni2Te2_1_z050,Ni2Te2_1_z050,Ni2Te2_1,False,z050,ALTERMAGNET,mirror/rotoinv|rotation,4,8,Cmcm,ALTERMAGNET,True,3,63.463,561,1.36277,0.962,1.125,-1.126,1.125,0.0009999999999998899,True,0.0
POSCAR_O2Rh2_7,O2Rh2_7,O2Rh2_7,True,none,conventional_AFM_translation,inversion|mirror/rotoinv|rotation|translation,4,8,C2/m,conventional_AFM_translation,True,4,12.63,70,0.01109,0.669,2.365,-2.365,2.365,0.0,True,0.0
POSCAR_O2Rh2_7_x025,O2Rh2_7_x025,O2Rh2_7,False,x025,conventional_AFM_translation,inversion|mirror/rotoinv|rotation|translation,4,8,R-3m,conventional_AFM_translation,True,4,12.63,70,0.015809,1.35,2.381,-2.381,2.381,0.0,True,0.0
POSCAR_O2Rh2_7_x050,O2Rh2_7_x050,O2Rh2_7,False,x050,conventional_AFM_translation,inversion|translation,2,4,P-1,conventional_AFM_translation,True,4,12.63,70,0.012441,2.649,2.393,-2.392,2.393,0.0009999999999998899,True,0.0
POSCAR_O2Rh2_7_x975,O2Rh2_7_x975,O2Rh2_7,False,x975,conventional_AFM_translation,inversion|translation,2,4,P-1,conventional_AFM_translation,True,4,12.63,70,0.013436,2.523,2.323,-2.322,2.323,0.0009999999999998899,True,0.002
POSCAR_O2Rh2_7_y025,O2Rh2_7_y025,O2Rh2_7,False,y025,conventional_AFM_translation,inversion|translation,2,4,P-1,conventional_AFM_translation,True,4,12.63,70,0.011592,1.738,2.38,-2.38,2.38,0.0,True,0.0
POSCAR_O2Rh2_7_y050,O2Rh2_7_y050,O2Rh2_7,False,y050,conventional_AFM_translation,inversion|translation,2,4,P-1,conventional_AFM_translation,True,4,12.63,70,0.011414,1.569,2.391,-2.391,2.391,0.0,True,0.0
POSCAR_O2Rh2_7_z025,O2Rh2_7_z025,O2Rh2_7,False,z025,conventional_AFM_translation,inversion|mirror/rotoinv|rotation|translation,4,8,C2/m,conventional_AFM_translation,True,4,12.63,70,0.011422,1.493,2.378,-2.378,2.378,0.0,True,0.0
POSCAR_O2Rh2_7_z050,O2Rh2_7_z050,O2Rh2_7,False,z050,conventional_AFM_translation,inversion|mirror/rotoinv|rotation|translation,4,8,C2/m,conventional_AFM_translation,True,4,12.63,70,0.011578,1.705,2.389,-2.389,2.389,0.0,True,0.0
POSCAR_O2Rh2_7_z950,O2Rh2_7_z950,O2Rh2_7,False,z950,conventional_AFM_translation,inversion|mirror/rotoinv|rotation|translation,4,8,C2/m,conventional_AFM_translation,True,4,12.63,70,0.014018,1.899,2.33,-2.33,2.33,0.0,True,0.0
POSCAR_O2Rh2_7_z975,O2Rh2_7_z975,O2Rh2_7,False,z975,conventional_AFM_translation,inversion|translation,2,4,Fmmm,conventional_AFM_translation,True,4,12.63,70,0.009933,0.658,2.352,-2.352,2.352,0.0,True,0.0
POSCAR_O2Sc2_2,O2Sc2_2,O2Sc2_2,True,none,ALTERMAGNET,mirror/rotoinv|rotation,6,12,P6_3mc,ALTERMAGNET,True,3,186.206,1436,0.032929,1.598,0.346,-0.346,0.346,0.0,True,0.0
POSCAR_O2Sc2_2_st025,O2Sc2_2_st025,O2Sc2_2,False,st025,ALTERMAGNET,mirror/rotoinv|rotation,6,12,P6_3mc,ALTERMAGNET,True,3,186.206,1436,0.026133,1.691,0.346,-0.346,0.346,0.0,True,0.0
POSCAR_O2Sc2_2_st050,O2Sc2_2_st050,O2Sc2_2,False,st050,ALTERMAGNET,mirror/rotoinv|rotation,6,12,P6_3mc,ALTERMAGNET,True,3,186.206,1436,0.020832,1.777,0.348,-0.348,0.348,0.0,True,0.0
POSCAR_O2Sc2_2_st950,O2Sc2_2_st950,O2Sc2_2,False,st950,ALTERMAGNET,mirror/rotoinv|rotation,6,12,P6_3mc,ALTERMAGNET,True,3,186.206,1436,0.052511,1.406,0.35,-0.35,0.35,0.0,True,0.0
POSCAR_O2Sc2_2_st975,O2Sc2_2_st975,O2Sc2_2,False,st975,ALTERMAGNET,mirror/rotoinv|rotation,6,12,P6_3mc,ALTERMAGNET,True,3,186.206,1436,0.041516,1.514,0.347,-0.347,0.347,0.0,True,0.0
POSCAR_O2Sc2_2_x025,O2Sc2_2_x025,O2Sc2_2,False,x025,ALTERMAGNET,mirror/rotoinv|rotation,2,4,Cmc2_1,ALTERMAGNET,True,3,186.206,1436,0.038216,1.584,0.34,-0.34,0.34,0.0,True,0.0
POSCAR_O2Sc2_2_x050,O2Sc2_2_x050,O2Sc2_2,False,x050,ALTERMAGNET,rotation,1,2,P2_1,ALTERMAGNET,True,3,186.206,1436,0.042143,1.573,0.334,-0.334,0.334,0.0,True,0.0
POSCAR_O2Sc2_2_x950,O2Sc2_2_x950,O2Sc2_2,False,x950,ALTERMAGNET,rotation,1,2,P2_1,ALTERMAGNET,True,3,186.206,1436,0.061808,1.577,0.356,-0.356,0.356,0.0,True,0.0
POSCAR_O2Sc2_2_x975,O2Sc2_2_x975,O2Sc2_2,False,x975,ALTERMAGNET,mirror/rotoinv|rotation,2,4,Cmc2_1,ALTERMAGNET,True,3,186.206,1436,0.045378,1.581,0.351,-0.351,0.351,0.0,True,0.0
POSCAR_O2Sc2_2_y025,O2Sc2_2_y025,O2Sc2_2,False,y025,ALTERMAGNET,mirror/rotoinv|rotation,2,4,Cmc2_1,ALTERMAGNET,True,3,186.206,1436,0.03817,1.583,0.34,-0.34,0.34,0.0,True,0.0
POSCAR_O2Sc2_2_y050,O2Sc2_2_y050,O2Sc2_2,False,y050,ALTERMAGNET,rotation,1,2,P2_1,ALTERMAGNET,True,3,186.206,1436,0.042109,1.572,0.334,-0.334,0.334,0.0,True,0.0
POSCAR_O2Sc2_2_y950,O2Sc2_2_y950,O2Sc2_2,False,y950,ALTERMAGNET,rotation,1,2,P2_1,ALTERMAGNET,True,3,186.206,1436,0.061831,1.578,0.356,-0.356,0.356,0.0,True,0.0
POSCAR_O2Sc2_2_y975,O2Sc2_2_y975,O2Sc2_2,False,y975,ALTERMAGNET,mirror/rotoinv|rotation,2,4,Cmc2_1,ALTERMAGNET,True,3,186.206,1436,0.045415,1.58,0.351,-0.351,0.351,0.0,True,0.0
POSCAR_O2Sc2_2_z025,O2Sc2_2_z025,O2Sc2_2,False,z025,ALTERMAGNET,mirror/rotoinv|rotation,6,12,P6_3mc,ALTERMAGNET,True,3,186.206,1436,0.031106,1.707,0.355,-0.355,0.355,0.0,True,0.0
POSCAR_O2Sc2_2_z050,O2Sc2_2_z050,O2Sc2_2,False,z050,ALTERMAGNET,mirror/rotoinv|rotation,6,12,P6_3mc,ALTERMAGNET,True,3,186.206,1436,0.029945,1.801,0.364,-0.364,0.364,0.0,True,0.0
POSCAR_O2Sc2_2_z950,O2Sc2_2_z950,O2Sc2_2,False,z950,ALTERMAGNET,mirror/rotoinv|rotation,6,12,P6_3mc,ALTERMAGNET,True,3,186.206,1436,0.038085,1.455,0.322,-0.322,0.322,0.0,True,0.0
POSCAR_O2Sc2_2_z975,O2Sc2_2_z975,O2Sc2_2,False,z975,ALTERMAGNET,mirror/rotoinv|rotation,6,12,P6_3mc,ALTERMAGNET,True,3,186.206,1436,0.035475,1.521,0.335,-0.334,0.335,0.0010000000000000009,True,0.0
POSCAR_O2Ti2_7,O2Ti2_7,O2Ti2_7,True,none,ALTERMAGNET,mirror/rotoinv|rotation,4,8,Cmcm,ALTERMAGNET,True,3,63.463,561,0.386138,3.18,0.289,-0.291,0.289,0.0020000000000000018,True,0.002
POSCAR_O2Ti2_7_st050,O2Ti2_7_st050,O2Ti2_7,False,st050,ALTERMAGNET,mirror/rotoinv|rotation,4,8,Cmcm,ALTERMAGNET,True,3,63.463,561,0.359156,3.996,0.563,-0.561,0.563,0.0019999999999998908,True,0.002
POSCAR_O2Ti2_7_x050,O2Ti2_7_x050,O2Ti2_7,False,x050,ALTERMAGNET,mirror/rotoinv|rotation,4,8,Cmcm,ALTERMAGNET,True,3,63.463,561,0.442819,5.704,0.39,-0.393,0.39,0.0030000000000000027,True,0.003
POSCAR_O2Ti2_7_x950,O2Ti2_7_x950,O2Ti2_7,False,x950,ALTERMAGNET,mirror/rotoinv|rotation,4,8,Cmcm,ALTERMAGNET,True,3,63.463,561,0.127142,0.925,0.045,-0.043,0.045,0.0020000000000000018,True,0.002
POSCAR_O2Ti2_7_y950,O2Ti2_7_y950,O2Ti2_7,False,y950,ALTERMAGNET,mirror/rotoinv|rotation,4,8,Cmcm,ALTERMAGNET,True,3,63.463,561,0.129463,0.957,0.046,-0.044,0.046,0.0020000000000000018,True,0.002
POSCAR_O2Ti2_7_z050,O2Ti2_7_z050,O2Ti2_7,False,z050,ALTERMAGNET,mirror/rotoinv|rotation,4,8,Cmcm,ALTERMAGNET,True,3,63.463,561,0.017214,1.556,0.005,-0.003,0.005,0.002,True,0.002
POSCAR_O2Ti2_7_z950,O2Ti2_7_z950,O2Ti2_7,False,z950,ALTERMAGNET,mirror/rotoinv|rotation,4,8,Cmcm,ALTERMAGNET,True,3,63.463,561,0.468335,2.288,0.357,-0.357,0.357,0.0,True,0.0
POSCAR_O2V2_3,O2V2_3,O2V2_3,True,none,ALTERMAGNET,mirror/rotoinv|rotation,12,24,P6_3/mmc,ALTERMAGNET,True,3,194.269,1499,0.165086,0.121,2.637,-2.637,2.637,0.0,True,0.0
POSCAR_O2V2_3_st025,O2V2_3_st025,O2V2_3,False,st025,ALTERMAGNET,mirror/rotoinv|rotation,12,24,P6_3/mmc,ALTERMAGNET,True,3,194.269,1499,0.173899,0.121,2.661,-2.661,2.661,0.0,True,0.0
POSCAR_O2V2_3_st050,O2V2_3_st050,O2V2_3,False,st050,ALTERMAGNET,mirror/rotoinv|rotation,12,24,P6_3/mmc,ALTERMAGNET,True,3,194.269,1499,0.171421,0.121,2.681,-2.681,2.681,0.0,True,0.0
POSCAR_O2V2_3_st950,O2V2_3_st950,O2V2_3,False,st950,ALTERMAGNET,mirror/rotoinv|rotation,12,24,P6_3/mmc,ALTERMAGNET,True,3,194.269,1499,0.206362,0.118,2.575,-2.575,2.575,0.0,True,0.0
POSCAR_O2V2_3_st975,O2V2_3_st975,O2V2_3,False,st975,ALTERMAGNET,mirror/rotoinv|rotation,12,24,P6_3/mmc,ALTERMAGNET,True,3,194.269,1499,0.167102,0.119,2.609,-2.609,2.609,0.0,True,0.0
POSCAR_O2V2_3_x025,O2V2_3_x025,O2V2_3,False,x025,ALTERMAGNET,mirror/rotoinv|rotation,4,8,Cmcm,ALTERMAGNET,True,3,194.269,1499,0.187283,0.089,2.641,-2.641,2.641,0.0,True,0.0
POSCAR_O2V2_3_x050,O2V2_3_x050,O2V2_3,False,x050,ALTERMAGNET,mirror/rotoinv|rotation,2,4,P2_1/m,ALTERMAGNET,True,3,194.269,1499,0.189096,0.093,2.643,-2.643,2.643,0.0,True,0.0
POSCAR_O2V2_3_x950,O2V2_3_x950,O2V2_3,False,x950,ALTERMAGNET,mirror/rotoinv|rotation,2,4,P2_1/m,ALTERMAGNET,True,3,194.269,1499,0.191131,0.107,2.627,-2.627,2.627,0.0,True,0.0
POSCAR_O2V2_3_x975,O2V2_3_x975,O2V2_3,False,x975,ALTERMAGNET,mirror/rotoinv|rotation,4,8,Cmcm,ALTERMAGNET,True,3,194.269,1499,0.167874,0.089,2.633,-2.633,2.633,0.0,True,0.0
POSCAR_O2V2_3_y025,O2V2_3_y025,O2V2_3,False,y025,ALTERMAGNET,mirror/rotoinv|rotation,4,8,Cmcm,ALTERMAGNET,True,3,194.269,1499,0.187356,0.086,2.641,-2.641,2.641,0.0,True,0.0
POSCAR_O2V2_3_y050,O2V2_3_y050,O2V2_3,False,y050,ALTERMAGNET,mirror/rotoinv|rotation,2,4,P2_1/m,ALTERMAGNET,True,3,194.269,1499,0.189299,0.085,2.643,-2.643,2.643,0.0,True,0.0
POSCAR_O2V2_3_y950,O2V2_3_y950,O2V2_3,False,y950,ALTERMAGNET,mirror/rotoinv|rotation,2,4,P2_1/m,ALTERMAGNET,True,3,194.269,1499,0.191456,0.117,2.627,-2.627,2.627,0.0,True,0.0
POSCAR_O2V2_3_y975,O2V2_3_y975,O2V2_3,False,y975,ALTERMAGNET,mirror/rotoinv|rotation,4,8,Cmcm,ALTERMAGNET,True,3,194.269,1499,0.166228,0.095,2.633,-2.633,2.633,0.0,True,0.0
POSCAR_O2V2_3_z025,O2V2_3_z025,O2V2_3,False,z025,ALTERMAGNET,mirror/rotoinv|rotation,12,24,P6_3/mmc,ALTERMAGNET,True,3,194.269,1499,0.14565,0.127,2.653,-2.653,2.653,0.0,True,0.0
POSCAR_O2V2_3_z050,O2V2_3_z050,O2V2_3,False,z050,ALTERMAGNET,mirror/rotoinv|rotation,12,24,P6_3/mmc,ALTERMAGNET,True,3,194.269,1499,0.149227,0.132,2.666,-2.666,2.666,0.0,True,0.0
POSCAR_O2V2_3_z950,O2V2_3_z950,O2V2_3,False,z950,ALTERMAGNET,mirror/rotoinv|rotation,12,24,P6_3/mmc,ALTERMAGNET,True,3,194.269,1499,0.177744,0.109,2.594,-2.594,2.594,0.0,True,0.0
POSCAR_O2V2_3_z975,O2V2_3_z975,O2V2_3,False,z975,ALTERMAGNET,mirror/rotoinv|rotation,12,24,P6_3/mmc,ALTERMAGNET,True,3,194.269,1499,0.182294,0.115,2.618,-2.618,2.618,0.0,True,0.0
POSCAR_O2Y2_1,O2Y2_1,O2Y2_1,True,none,ALTERMAGNET,mirror/rotoinv|rotation,6,12,P6_3mc,ALTERMAGNET,True,3,186.206,1436,0.074901,4.498,0.244,-0.244,0.244,0.0,True,0.0
POSCAR_O2Y2_4,O2Y2_4,O2Y2_4,True,none,ALTERMAGNET,mirror/rotoinv|rotation,8,16,P4_2/mmc,ALTERMAGNET,True,3,131.439,1099,0.065278,1.059,-0.013,0.012,0.013,0.0009999999999999992,True,0.002
POSCAR_O4Rh2_1,O4Rh2_1,O4Rh2_1,True,none,ALTERMAGNET,mirror/rotoinv|rotation,8,16,P4_2/mnm,ALTERMAGNET,True,3,136.498,1158,0.805695,0.489,0.458,-0.458,0.458,0.0,True,0.0
POSCAR_O4Rh2_1_x025,O4Rh2_1_x025,O4Rh2_1,False,x025,ALTERMAGNET,mirror/rotoinv|rotation,8,16,P4_2/mnm,ALTERMAGNET,True,3,136.498,1158,0.679234,0.482,0.493,-0.493,0.493,0.0,True,0.0
POSCAR_O4Rh2_1_x050,O4Rh2_1_x050,O4Rh2_1,False,x050,ALTERMAGNET,mirror/rotoinv|rotation,8,16,P4_2/mnm,ALTERMAGNET,True,3,136.498,1158,0.685899,0.477,0.515,-0.515,0.515,0.0,True,0.0
POSCAR_O4Rh2_1_x950,O4Rh2_1_x950,O4Rh2_1,False,x950,ALTERMAGNET,mirror/rotoinv|rotation,8,16,P4_2/mnm,ALTERMAGNET,True,3,136.498,1158,0.920269,0.527,0.349,-0.349,0.349,0.0,True,0.0
POSCAR_O4Rh2_1_x975,O4Rh2_1_x975,O4Rh2_1,False,x975,ALTERMAGNET,mirror/rotoinv|rotation,8,16,P4_2/mnm,ALTERMAGNET,True,3,136.498,1158,0.918702,0.534,0.401,-0.401,0.401,0.0,True,0.0
POSCAR_O4Rh2_1_y025,O4Rh2_1_y025,O4Rh2_1,False,y025,ALTERMAGNET,mirror/rotoinv|rotation,4,8,Pnnm,ALTERMAGNET,True,3,136.498,1158,0.8219,0.394,0.456,-0.456,0.456,0.0,True,0.0
POSCAR_O4Rh2_1_y050,O4Rh2_1_y050,O4Rh2_1,False,y050,ALTERMAGNET,mirror/rotoinv|rotation,4,8,Pnnm,ALTERMAGNET,True,3,136.498,1158,0.833896,0.321,0.446,-0.446,0.446,0.0,True,0.0
POSCAR_O4Rh2_1_y950,O4Rh2_1_y950,O4Rh2_1,False,y950,ALTERMAGNET,mirror/rotoinv|rotation,4,8,Pnnm,ALTERMAGNET,True,3,136.498,1158,0.766671,0.436,0.458,-0.458,0.458,0.0,True,0.0
POSCAR_O4Rh2_1_y975,O4Rh2_1_y975,O4Rh2_1,False,y975,ALTERMAGNET,mirror/rotoinv|rotation,4,8,Pnnm,ALTERMAGNET,True,3,136.498,1158,0.778887,0.46,0.458,-0.458,0.458,0.0,True,0.0
POSCAR_O4Rh2_1_z025,O4Rh2_1_z025,O4Rh2_1,False,z025,ALTERMAGNET,mirror/rotoinv|rotation,4,8,Pnnm,ALTERMAGNET,True,3,136.498,1158,0.824833,0.457,0.454,-0.454,0.454,0.0,True,0.0
POSCAR_O4Rh2_1_z050,O4Rh2_1_z050,O4Rh2_1,False,z050,ALTERMAGNET,mirror/rotoinv|rotation,4,8,Pnnm,ALTERMAGNET,True,3,136.498,1158,0.83577,0.391,0.443,-0.443,0.443,0.0,True,0.0
POSCAR_O4Rh2_1_z950,O4Rh2_1_z950,O4Rh2_1,False,z950,ALTERMAGNET,mirror/rotoinv|rotation,4,8,Pnnm,ALTERMAGNET,True,3,136.498,1158,0.782566,0.382,0.464,-0.464,0.464,0.0,True,0.0
POSCAR_O4Rh2_1_z975,O4Rh2_1_z975,O4Rh2_1,False,z975,ALTERMAGNET,mirror/rotoinv|rotation,4,8,Pnnm,ALTERMAGNET,True,3,136.498,1158,0.774288,0.461,0.461,-0.461,0.461,0.0,True,0.0
POSCAR_O4Ru2_1,O4Ru2_1,O4Ru2_1,True,none,ALTERMAGNET,mirror/rotoinv|rotation,8,16,P4_2/mnm,ALTERMAGNET,True,3,136.498,1158,0.457507,0.41,1.531,-1.531,1.531,0.0,True,0.0
POSCAR_O4Ru2_1_st025,O4Ru2_1_st025,O4Ru2_1,False,st025,ALTERMAGNET,mirror/rotoinv|rotation,8,16,P4_2/mnm,ALTERMAGNET,True,3,136.498,1158,0.455033,0.383,1.59,-1.59,1.59,0.0,True,0.0
POSCAR_O4Ru2_1_st050,O4Ru2_1_st050,O4Ru2_1,False,st050,ALTERMAGNET,mirror/rotoinv|rotation,8,16,P4_2/mnm,ALTERMAGNET,True,3,136.498,1158,0.417026,0.358,1.649,-1.649,1.649,0.0,True,0.0
POSCAR_O4Ru2_1_st950,O4Ru2_1_st950,O4Ru2_1,False,st950,ALTERMAGNET,mirror/rotoinv|rotation,8,16,P4_2/mnm,ALTERMAGNET,True,3,136.498,1158,0.585621,0.463,1.396,-1.396,1.396,0.0,True,0.0
POSCAR_O4Ru2_1_st975,O4Ru2_1_st975,O4Ru2_1,False,st975,ALTERMAGNET,mirror/rotoinv|rotation,8,16,P4_2/mnm,ALTERMAGNET,True,3,136.498,1158,0.513337,0.518,1.468,-1.468,1.468,0.0,True,0.0
POSCAR_O4Ru2_1_x025,O4Ru2_1_x025,O4Ru2_1,False,x025,ALTERMAGNET,mirror/rotoinv|rotation,8,16,P4_2/mnm,ALTERMAGNET,True,3,136.498,1158,0.510883,0.399,1.545,-1.545,1.545,0.0,True,0.0
POSCAR_O4Ru2_1_x050,O4Ru2_1_x050,O4Ru2_1,False,x050,ALTERMAGNET,mirror/rotoinv|rotation,8,16,P4_2/mnm,ALTERMAGNET,True,3,136.498,1158,0.527345,0.414,1.559,-1.559,1.559,0.0,True,0.0
POSCAR_O4Ru2_1_x950,O4Ru2_1_x950,O4Ru2_1,False,x950,ALTERMAGNET,mirror/rotoinv|rotation,8,16,P4_2/mnm,ALTERMAGNET,True,3,136.498,1158,0.562709,0.509,1.5,-1.5,1.5,0.0,True,0.0
POSCAR_O4Ru2_1_x975,O4Ru2_1_x975,O4Ru2_1,False,x975,ALTERMAGNET,mirror/rotoinv|rotation,8,16,P4_2/mnm,ALTERMAGNET,True,3,136.498,1158,0.475318,0.455,1.516,-1.516,1.516,0.0,True,0.0
POSCAR_O4Ru2_1_y025,O4Ru2_1_y025,O4Ru2_1,False,y025,ALTERMAGNET,mirror/rotoinv|rotation,4,8,Pnnm,ALTERMAGNET,True,3,136.498,1158,0.457431,0.291,1.554,-1.554,1.554,0.0,True,0.0
POSCAR_O4Ru2_1_y050,O4Ru2_1_y050,O4Ru2_1,False,y050,ALTERMAGNET,mirror/rotoinv|rotation,4,8,Pnnm,ALTERMAGNET,True,3,136.498,1158,0.423666,0.243,1.576,-1.576,1.576,0.0,True,0.0
POSCAR_O4Ru2_1_y950,O4Ru2_1_y950,O4Ru2_1,False,y950,ALTERMAGNET,mirror/rotoinv|rotation,4,8,Pnnm,ALTERMAGNET,True,3,136.498,1158,0.4348,0.269,1.485,-1.485,1.485,0.0,True,0.0
POSCAR_O4Ru2_1_y975,O4Ru2_1_y975,O4Ru2_1,False,y975,ALTERMAGNET,mirror/rotoinv|rotation,4,8,Pnnm,ALTERMAGNET,True,3,136.498,1158,0.41386,0.301,1.508,-1.508,1.508,0.0,True,0.0
POSCAR_O4Ru2_1_z025,O4Ru2_1_z025,O4Ru2_1,False,z025,ALTERMAGNET,mirror/rotoinv|rotation,4,8,Pnnm,ALTERMAGNET,True,3,136.498,1158,0.457426,0.294,1.554,-1.554,1.554,0.0,True,0.0
POSCAR_O4Ru2_1_z050,O4Ru2_1_z050,O4Ru2_1,False,z050,ALTERMAGNET,mirror/rotoinv|rotation,4,8,Pnnm,ALTERMAGNET,True,3,136.498,1158,0.423708,0.25,1.576,-1.576,1.576,0.0,True,0.0
POSCAR_O4Ru2_1_z950,O4Ru2_1_z950,O4Ru2_1,False,z950,ALTERMAGNET,mirror/rotoinv|rotation,4,8,Pnnm,ALTERMAGNET,True,3,136.498,1158,0.43482,0.266,1.485,-1.485,1.485,0.0,True,0.0
POSCAR_O4Ru2_1_z975,O4Ru2_1_z975,O4Ru2_1,False,z975,ALTERMAGNET,mirror/rotoinv|rotation,4,8,Pnnm,ALTERMAGNET,True,3,136.498,1158,0.414017,0.301,1.508,-1.508,1.508,0.0,True,0.0
POSCAR_O4Ru2_2,O4Ru2_2,O4Ru2_2,True,none,ALTERMAGNET,mirror/rotoinv|rotation,2,4,Ima2,ALTERMAGNET,True,3,46.244,342,0.174484,2.172,1.567,-1.567,1.567,0.0,True,0.0
POSCAR_O4Ru2_2_st025,O4Ru2_2_st025,O4Ru2_2,False,st025,ALTERMAGNET,mirror/rotoinv|rotation,2,4,Ima2,ALTERMAGNET,True,3,46.244,342,0.197028,1.791,1.623,-1.623,1.623,0.0,True,0.0
POSCAR_O4Ru2_2_st050,O4Ru2_2_st050,O4Ru2_2,False,st050,ALTERMAGNET,mirror/rotoinv|rotation,2,4,Ima2,ALTERMAGNET,True,3,46.244,342,0.169602,1.419,1.684,-1.684,1.684,0.0,True,0.0
POSCAR_O4Ru2_2_st950,O4Ru2_2_st950,O4Ru2_2,False,st950,ALTERMAGNET,mirror/rotoinv|rotation,2,4,Ima2,ALTERMAGNET,True,3,46.244,342,0.183597,2.766,1.378,-1.376,1.378,0.0020000000000000018,True,0.002
POSCAR_O4Ru2_2_x025,O4Ru2_2_x025,O4Ru2_2,False,x025,compensated_FiM_candidate,,0,2,Cm,ALTERMAGNET,False,3,46.244,342,0.194143,4.069,1.584,-1.585,1.584,0.0009999999999998899,True,0.0
POSCAR_O4Ru2_2_x050,O4Ru2_2_x050,O4Ru2_2,False,x050,compensated_FiM_candidate,,0,2,Cm,ALTERMAGNET,False,3,46.244,342,0.233842,8.429,1.602,-1.605,1.602,0.0029999999999998916,True,0.001
POSCAR_O4Ru2_2_x950,O4Ru2_2_x950,O4Ru2_2,False,x950,compensated_FiM_candidate,,0,2,Cm,ALTERMAGNET,False,3,46.244,342,0.12712,6.286,1.505,-1.504,1.505,0.0009999999999998899,True,0.001
POSCAR_O4Ru2_2_x975,O4Ru2_2_x975,O4Ru2_2,False,x975,compensated_FiM_candidate,,0,2,Cm,ALTERMAGNET,False,3,46.244,342,0.16295,7.18,1.549,-1.547,1.549,0.0020000000000000018,True,0.001
POSCAR_O4Ru2_2_y025,O4Ru2_2_y025,O4Ru2_2,False,y025,ALTERMAGNET,rotation,1,2,C2,ALTERMAGNET,True,3,46.244,342,0.150857,1.81,1.581,-1.581,1.581,0.0,True,0.0
POSCAR_O4Ru2_2_y050,O4Ru2_2_y050,O4Ru2_2,False,y050,ALTERMAGNET,rotation,1,2,C2,ALTERMAGNET,True,3,46.244,342,0.139239,1.63,1.595,-1.594,1.595,0.0009999999999998899,True,0.0
POSCAR_O4Ru2_2_y975,O4Ru2_2_y975,O4Ru2_2,False,y975,ALTERMAGNET,rotation,1,2,C2,ALTERMAGNET,True,3,46.244,342,0.206032,2.489,1.551,-1.551,1.551,0.0,True,0.0
POSCAR_O4Ru2_2_z025,O4Ru2_2_z025,O4Ru2_2,False,z025,compensated_FiM_candidate,,0,1,P1,ALTERMAGNET,False,3,46.244,342,0.154323,4.913,1.591,-1.589,1.591,0.0020000000000000018,True,0.0
POSCAR_O4Ru2_2_z050,O4Ru2_2_z050,O4Ru2_2,False,z050,compensated_FiM_candidate,,0,1,P1,ALTERMAGNET,False,3,46.244,342,0.11933,5.237,1.613,-1.611,1.613,0.0020000000000000018,True,0.001
POSCAR_O4Ru2_2_z975,O4Ru2_2_z975,O4Ru2_2,False,z975,compensated_FiM_candidate,,0,1,P1,ALTERMAGNET,False,3,46.244,342,0.228276,4.343,1.54,-1.541,1.54,0.0009999999999998899,True,0.0
POSCAR_O4V2_1,O4V2_1,O4V2_1,True,none,ALTERMAGNET,mirror/rotoinv|rotation,8,16,P4_2/mnm,ALTERMAGNET,True,3,136.498,1158,0.455559,0.478,1.035,-1.035,1.035,0.0,True,0.0
POSCAR_O4V2_1_st025,O4V2_1_st025,O4V2_1,False,st025,ALTERMAGNET,mirror/rotoinv|rotation,8,16,P4_2/mnm,ALTERMAGNET,True,3,136.498,1158,0.395176,0.499,1.066,-1.066,1.066,0.0,True,0.0
POSCAR_O4V2_1_st050,O4V2_1_st050,O4V2_1,False,st050,ALTERMAGNET,mirror/rotoinv|rotation,8,16,P4_2/mnm,ALTERMAGNET,True,3,136.498,1158,0.34917,0.356,1.103,-1.103,1.103,0.0,True,0.0
POSCAR_O4V2_1_st950,O4V2_1_st950,O4V2_1,False,st950,ALTERMAGNET,mirror/rotoinv|rotation,8,16,P4_2/mnm,ALTERMAGNET,True,3,136.498,1158,0.602315,0.498,0.982,-0.982,0.982,0.0,True,0.0
POSCAR_O4V2_1_st975,O4V2_1_st975,O4V2_1,False,st975,ALTERMAGNET,mirror/rotoinv|rotation,8,16,P4_2/mnm,ALTERMAGNET,True,3,136.498,1158,0.555924,0.498,1.007,-1.007,1.007,0.0,True,0.0
POSCAR_O4V2_1_x025,O4V2_1_x025,O4V2_1,False,x025,ALTERMAGNET,mirror/rotoinv|rotation,8,16,P4_2/mnm,ALTERMAGNET,True,3,136.498,1158,0.478558,0.425,1.05,-1.05,1.05,0.0,True,0.0
POSCAR_O4V2_1_x050,O4V2_1_x050,O4V2_1,False,x050,ALTERMAGNET,mirror/rotoinv|rotation,8,16,P4_2/mnm,ALTERMAGNET,True,3,136.498,1158,0.431568,0.39,1.065,-1.066,1.065,0.001000000000000112,True,0.0
POSCAR_O4V2_1_x950,O4V2_1_x950,O4V2_1,False,x950,ALTERMAGNET,mirror/rotoinv|rotation,8,16,P4_2/mnm,ALTERMAGNET,True,3,136.498,1158,0.594741,0.567,1.002,-1.002,1.002,0.0,True,0.0
POSCAR_O4V2_1_x975,O4V2_1_x975,O4V2_1,False,x975,ALTERMAGNET,mirror/rotoinv|rotation,8,16,P4_2/mnm,ALTERMAGNET,True,3,136.498,1158,0.520441,0.468,1.019,-1.019,1.019,0.0,True,0.0
POSCAR_O4V2_1_y025,O4V2_1_y025,O4V2_1,False,y025,ALTERMAGNET,mirror/rotoinv|rotation,4,8,Pnnm,ALTERMAGNET,True,3,136.498,1158,0.456344,0.388,1.042,-1.042,1.042,0.0,True,0.0
POSCAR_O4V2_1_y050,O4V2_1_y050,O4V2_1,False,y050,ALTERMAGNET,mirror/rotoinv|rotation,4,8,Pnnm,ALTERMAGNET,True,3,136.498,1158,0.438834,0.351,1.049,-1.049,1.049,0.0,True,0.0
POSCAR_O4V2_1_y950,O4V2_1_y950,O4V2_1,False,y950,ALTERMAGNET,mirror/rotoinv|rotation,4,8,Pnnm,ALTERMAGNET,True,3,136.498,1158,0.436874,0.36,1.022,-1.022,1.022,0.0,True,0.0
POSCAR_O4V2_1_y975,O4V2_1_y975,O4V2_1,False,y975,ALTERMAGNET,mirror/rotoinv|rotation,4,8,Pnnm,ALTERMAGNET,True,3,136.498,1158,0.435226,0.385,1.028,-1.028,1.028,0.0,True,0.0
POSCAR_O4V2_1_z025,O4V2_1_z025,O4V2_1,False,z025,ALTERMAGNET,mirror/rotoinv|rotation,4,8,Pnnm,ALTERMAGNET,True,3,136.498,1158,0.456199,0.42,1.042,-1.042,1.042,0.0,True,0.0
POSCAR_O4V2_1_z050,O4V2_1_z050,O4V2_1,False,z050,ALTERMAGNET,mirror/rotoinv|rotation,4,8,Pnnm,ALTERMAGNET,True,3,136.498,1158,0.438552,0.416,1.049,-1.049,1.049,0.0,True,0.0
POSCAR_O4V2_1_z950,O4V2_1_z950,O4V2_1,False,z950,ALTERMAGNET,mirror/rotoinv|rotation,4,8,Pnnm,ALTERMAGNET,True,3,136.498,1158,0.437073,0.3,1.022,-1.022,1.022,0.0,True,0.0
POSCAR_O4V2_1_z975,O4V2_1_z975,O4V2_1,False,z975,ALTERMAGNET,mirror/rotoinv|rotation,4,8,Pnnm,ALTERMAGNET,True,3,136.498,1158,0.435425,0.37,1.028,-1.028,1.028,0.0,True,0.0
POSCAR_O4V2_3,O4V2_3,O4V2_3,True,none,ALTERMAGNET,mirror/rotoinv,2,4,Fdd2,ALTERMAGNET,True,3,43.227,325,0.046177,1.494,0.88,-0.88,0.88,0.0,True,0.0
POSCAR_O4V2_3_st025,O4V2_3_st025,O4V2_3,False,st025,ALTERMAGNET,mirror/rotoinv,2,4,Fdd2,ALTERMAGNET,True,3,43.227,325,0.079231,1.347,0.922,-0.922,0.922,0.0,True,0.0
POSCAR_O4V2_3_st050,O4V2_3_st050,O4V2_3,False,st050,ALTERMAGNET,mirror/rotoinv,2,4,Fdd2,ALTERMAGNET,True,3,43.227,325,0.079743,1.058,0.966,-0.966,0.966,0.0,True,0.0
POSCAR_O4V2_3_st950,O4V2_3_st950,O4V2_3,False,st950,ALTERMAGNET,mirror/rotoinv,2,4,Fdd2,ALTERMAGNET,True,3,43.227,325,0.093629,1.035,0.643,-0.641,0.643,0.0020000000000000018,True,0.002
POSCAR_O4V2_3_st975,O4V2_3_st975,O4V2_3,False,st975,ALTERMAGNET,mirror/rotoinv,2,4,Fdd2,ALTERMAGNET,True,3,43.227,325,0.038961,1.904,0.838,-0.838,0.838,0.0,True,0.0
POSCAR_O4V2_3_x025,O4V2_3_x025,O4V2_3,False,x025,compensated_FiM_candidate,,0,1,P1,ALTERMAGNET,False,3,43.227,325,0.159159,6.458,0.892,-0.891,0.892,0.0010000000000000009,True,0.0
POSCAR_O4V2_3_x050,O4V2_3_x050,O4V2_3,False,x050,compensated_FiM_candidate,,0,1,P1,ALTERMAGNET,False,3,43.227,325,0.30224,7.876,0.903,-0.902,0.903,0.0010000000000000009,True,0.0
POSCAR_O4V2_3_x950,O4V2_3_x950,O4V2_3,False,x950,compensated_FiM_candidate,,0,1,P1,ALTERMAGNET,False,3,43.227,325,0.282184,5.808,0.855,-0.855,0.855,0.0,True,0.0
POSCAR_O4V2_3_x975,O4V2_3_x975,O4V2_3,False,x975,compensated_FiM_candidate,,0,1,P1,ALTERMAGNET,False,3,43.227,325,0.139146,5.572,0.868,-0.868,0.868,0.0,True,0.0
POSCAR_O4V2_3_y025,O4V2_3_y025,O4V2_3,False,y025,compensated_FiM_candidate,,0,1,P1,ALTERMAGNET,False,3,43.227,325,0.138788,6.251,0.891,-0.892,0.891,0.0010000000000000009,True,0.0
POSCAR_O4V2_3_y050,O4V2_3_y050,O4V2_3,False,y050,compensated_FiM_candidate,,0,1,P1,ALTERMAGNET,False,3,43.227,325,0.281493,8.094,0.902,-0.903,0.902,0.0010000000000000009,True,0.0
POSCAR_O4V2_3_y950,O4V2_3_y950,O4V2_3,False,y950,compensated_FiM_candidate,,0,1,P1,ALTERMAGNET,False,3,43.227,325,0.301316,6.299,0.855,-0.855,0.855,0.0,True,0.0
POSCAR_O4V2_3_y975,O4V2_3_y975,O4V2_3,False,y975,compensated_FiM_candidate,,0,1,P1,ALTERMAGNET,False,3,43.227,325,0.158877,5.736,0.868,-0.868,0.868,0.0,True,0.0
POSCAR_O4V2_3_z025,O4V2_3_z025,O4V2_3,False,z025,ALTERMAGNET,mirror/rotoinv,1,2,Cc,ALTERMAGNET,True,3,43.227,325,0.079703,1.217,0.898,-0.898,0.898,0.0,True,0.0
POSCAR_O4V2_3_z050,O4V2_3_z050,O4V2_3,False,z050,ALTERMAGNET,mirror/rotoinv,1,2,Cc,ALTERMAGNET,True,3,43.227,325,0.10088,6.652,0.916,-0.915,0.916,0.0010000000000000009,True,0.0
POSCAR_O4V2_3_z950,O4V2_3_z950,O4V2_3,False,z950,ALTERMAGNET,mirror/rotoinv,1,2,Cc,ALTERMAGNET,True,3,43.227,325,0.068956,4.656,0.843,-0.843,0.843,0.0,True,0.0
POSCAR_O4V2_3_z975,O4V2_3_z975,O4V2_3,False,z975,ALTERMAGNET,mirror/rotoinv,1,2,Cc,ALTERMAGNET,True,3,43.227,325,0.035874,2.471,0.862,-0.862,0.862,0.0,True,0.0
POSCAR_O4Y2_5,O4Y2_5,O4Y2_5,True,none,ALTERMAGNET,mirror/rotoinv|rotation,8,16,P4_2/mnm,ALTERMAGNET,True,3,136.498,1158,0.039677,0.275,-0.002,0.002,0.002,0.0,True,0.002
POSCAR_O5Ru2_1,O5Ru2_1,O5Ru2_1,True,none,conventional_AFM_inversion,inversion|mirror/rotoinv|rotation,4,8,Cmmm,conventional_AFM_inversion,True,3,65.483,581,0.02266,1.737,1.742,-1.743,1.742,0.001000000000000112,True,0.001
POSCAR_O5Ru2_1_st025,O5Ru2_1_st025,O5Ru2_1,False,st025,conventional_AFM_inversion,inversion|mirror/rotoinv|rotation,4,8,Cmmm,conventional_AFM_inversion,True,3,65.483,581,0.02341,1.865,1.777,-1.778,1.777,0.001000000000000112,True,0.002
POSCAR_O5Ru2_1_st975,O5Ru2_1_st975,O5Ru2_1,False,st975,conventional_AFM_inversion,inversion|mirror/rotoinv|rotation,4,8,Cmmm,conventional_AFM_inversion,True,3,65.483,581,0.023231,1.941,1.559,-1.558,1.559,0.0009999999999998899,True,0.002
POSCAR_O5Ru2_1_x025,O5Ru2_1_x025,O5Ru2_1,False,x025,conventional_AFM_inversion,inversion|mirror/rotoinv|rotation,4,8,Cmmm,conventional_AFM_inversion,True,3,65.483,581,0.027822,1.92,1.735,-1.736,1.735,0.0009999999999998899,True,0.002
POSCAR_O5Ru2_1_x050,O5Ru2_1_x050,O5Ru2_1,False,x050,conventional_AFM_inversion,inversion|mirror/rotoinv|rotation,4,8,Cmmm,conventional_AFM_inversion,True,3,65.483,581,0.033094,1.936,1.727,-1.727,1.727,0.0,True,0.0
POSCAR_O5Ru2_1_x950,O5Ru2_1_x950,O5Ru2_1,False,x950,conventional_AFM_inversion,inversion|mirror/rotoinv|rotation,4,8,Cmmm,conventional_AFM_inversion,True,3,65.483,581,0.008402,1.573,1.36,-1.362,1.36,0.0020000000000000018,True,0.002
POSCAR_O5Ru2_1_x975,O5Ru2_1_x975,O5Ru2_1,False,x975,conventional_AFM_inversion,inversion|mirror/rotoinv|rotation,4,8,Cmmm,conventional_AFM_inversion,True,3,65.483,581,0.019727,1.454,1.607,-1.607,1.607,0.0,True,0.002
POSCAR_O5Ru2_1_y025,O5Ru2_1_y025,O5Ru2_1,False,y025,conventional_AFM_inversion,inversion|rotation,2,4,P2/m,conventional_AFM_inversion,True,3,65.483,581,0.012375,0.949,1.744,-1.744,1.744,0.0,True,0.0
POSCAR_O5Ru2_1_y050,O5Ru2_1_y050,O5Ru2_1,False,y050,conventional_AFM_inversion,inversion|rotation,2,4,P2/m,conventional_AFM_inversion,True,3,65.483,581,0.015752,1.669,1.778,-1.775,1.778,0.0030000000000001137,True,0.001
POSCAR_O5Ru2_1_y950,O5Ru2_1_y950,O5Ru2_1,False,y950,conventional_AFM_inversion,inversion|rotation,2,4,P2/m,conventional_AFM_inversion,True,3,65.483,581,0.035731,1.92,1.719,-1.719,1.719,0.0,True,0.0
POSCAR_O5Ru2_1_y975,O5Ru2_1_y975,O5Ru2_1,False,y975,conventional_AFM_inversion,inversion|rotation,2,4,P2/m,conventional_AFM_inversion,True,3,65.483,581,0.039154,1.831,1.733,-1.733,1.733,0.0,True,0.001
POSCAR_O5Ru2_1_z025,O5Ru2_1_z025,O5Ru2_1,False,z025,conventional_AFM_inversion,inversion|rotation,2,4,P2/m,conventional_AFM_inversion,True,3,65.483,581,0.042374,2.508,1.774,-1.775,1.774,0.0009999999999998899,True,0.001
POSCAR_O5Ru2_1_z050,O5Ru2_1_z050,O5Ru2_1,False,z050,conventional_AFM_inversion,inversion|rotation,2,4,P2/m,conventional_AFM_inversion,True,3,65.483,581,0.043244,3.096,1.8,-1.801,1.8,0.0009999999999998899,True,0.002
POSCAR_O5Ru2_1_z975,O5Ru2_1_z975,O5Ru2_1,False,z975,conventional_AFM_inversion,inversion|rotation,2,4,P2/m,conventional_AFM_inversion,True,3,65.483,581,0.013914,0.994,1.691,-1.691,1.691,0.0,True,0.0
POSCAR_O6Rh2_1,O6Rh2_1,O6Rh2_1,True,none,ALTERMAGNET,mirror/rotoinv|rotation,6,12,R-3c,ALTERMAGNET,True,3,167.107,1337,0.190579,0.199,0.394,-0.394,0.394,0.0,True,0.0
POSCAR_O6Rh2_1_x025,O6Rh2_1_x025,O6Rh2_1,False,x025,compensated_FiM_candidate,,0,2,P-1,ALTERMAGNET,False,3,167.107,1337,0.211679,5.168,0.439,-0.439,0.439,0.0,True,0.003
POSCAR_O6Rh2_1_x050,O6Rh2_1_x050,O6Rh2_1,False,x050,compensated_FiM_candidate,,0,2,P-1,ALTERMAGNET,False,3,167.107,1337,0.240807,9.746,0.465,-0.46,0.465,0.0050000000000000044,True,0.002
POSCAR_O6Rh2_1_y025,O6Rh2_1_y025,O6Rh2_1,False,y025,compensated_FiM_candidate,,0,2,P-1,ALTERMAGNET,False,3,167.107,1337,0.211985,5.078,0.439,-0.439,0.439,0.0,True,0.003
POSCAR_O6Rh2_1_y050,O6Rh2_1_y050,O6Rh2_1,False,y050,compensated_FiM_candidate,,0,2,P-1,ALTERMAGNET,False,3,167.107,1337,0.23939,9.66,0.46,-0.465,0.46,0.0050000000000000044,True,0.002
POSCAR_O6Rh2_1_z025,O6Rh2_1_z025,O6Rh2_1,False,z025,ALTERMAGNET,mirror/rotoinv|rotation,2,4,C2/c,ALTERMAGNET,True,3,167.107,1337,0.19606,0.228,0.473,-0.473,0.473,0.0,True,0.001
POSCAR_O6Rh2_1_z050,O6Rh2_1_z050,O6Rh2_1,False,z050,ALTERMAGNET,mirror/rotoinv|rotation,2,4,C2/c,ALTERMAGNET,True,3,167.107,1337,0.219455,0.296,0.536,-0.537,0.536,0.0010000000000000009,True,0.001
POSCAR_O6Rh2_1_z950,O6Rh2_1_z950,O6Rh2_1,False,z950,ALTERMAGNET,mirror/rotoinv|rotation,2,4,C2/c,ALTERMAGNET,True,3,167.107,1337,0.123817,0.241,0.188,-0.187,0.188,0.0010000000000000009,True,0.0
POSCAR_O6Rh2_1_z975,O6Rh2_1_z975,O6Rh2_1,False,z975,ALTERMAGNET,mirror/rotoinv|rotation,2,4,C2/c,ALTERMAGNET,True,3,167.107,1337,0.168298,0.314,0.295,-0.295,0.295,0.0,True,0.0
POSCAR_O6Ru2_2,O6Ru2_2,O6Ru2_2,True,none,ALTERMAGNET,rotation,1,2,C2,ALTERMAGNET,True,3,5.15,22,0.38763,2.079,1.208,-1.21,1.208,0.0020000000000000018,True,0.0
POSCAR_O6Ru2_2_st025,O6Ru2_2_st025,O6Ru2_2,False,st025,ALTERMAGNET,rotation,1,2,C2,ALTERMAGNET,True,3,5.15,22,0.330648,2.161,1.322,-1.326,1.322,0.0040000000000000036,True,0.0
POSCAR_O6Ru2_2_st050,O6Ru2_2_st050,O6Ru2_2,False,st050,ALTERMAGNET,rotation,1,2,C2,ALTERMAGNET,True,3,5.15,22,0.24926,2.227,1.46,-1.466,1.46,0.006000000000000005,True,0.001
POSCAR_O6Ru2_2_st950,O6Ru2_2_st950,O6Ru2_2,False,st950,ALTERMAGNET,rotation,1,2,C2,ALTERMAGNET,True,3,5.15,22,0.324683,2.107,0.996,-0.997,0.996,0.0010000000000000009,True,0.0
POSCAR_O6Ru2_2_st975,O6Ru2_2_st975,O6Ru2_2,False,st975,ALTERMAGNET,rotation,1,2,C2,ALTERMAGNET,True,3,5.15,22,0.406688,1.955,1.104,-1.105,1.104,0.0009999999999998899,True,0.0
POSCAR_O6Ru2_2_z025,O6Ru2_2_z025,O6Ru2_2,False,z025,ALTERMAGNET,rotation,1,2,C2,ALTERMAGNET,True,3,5.15,22,0.393943,2.325,1.267,-1.27,1.267,0.0030000000000001137,True,0.0
POSCAR_O6Ru2_2_z050,O6Ru2_2_z050,O6Ru2_2,False,z050,ALTERMAGNET,rotation,1,2,C2,ALTERMAGNET,True,3,5.15,22,0.354108,2.566,1.341,-1.346,1.341,0.0050000000000001155,True,0.001
POSCAR_O6Ru2_2_z950,O6Ru2_2_z950,O6Ru2_2,False,z950,ALTERMAGNET,rotation,1,2,C2,ALTERMAGNET,True,3,5.15,22,0.268789,2.023,1.114,-1.115,1.114,0.0009999999999998899,True,0.0
POSCAR_O6Ru2_2_z975,O6Ru2_2_z975,O6Ru2_2,False,z975,ALTERMAGNET,rotation,1,2,C2,ALTERMAGNET,True,3,5.15,22,0.342504,1.94,1.159,-1.16,1.159,0.0009999999999998899,True,0.0
POSCAR_P1Ru2_1,P1Ru2_1,P1Ru2_1,True,none,conventional_AFM_inversion,inversion|mirror/rotoinv|rotation,24,48,Fm-3m,conventional_AFM_inversion,True,3,225.118,1620,0.011545,1.147,0.645,-0.642,0.645,0.0030000000000000027,True,0.003
POSCAR_P1Ru2_1_st050,P1Ru2_1_st050,P1Ru2_1,False,st050,conventional_AFM_inversion,inversion|mirror/rotoinv|rotation,24,48,Fm-3m,conventional_AFM_inversion,True,3,225.118,1620,0.032721,2.711,1.44,-1.444,1.44,0.0040000000000000036,True,0.004
POSCAR_P2Ru2_2,P2Ru2_2,P2Ru2_2,True,none,ALTERMAGNET,mirror/rotoinv|rotation,12,24,P6_3/mmc,ALTERMAGNET,True,3,194.269,1499,0.44534,0.229,1.05,-1.05,1.05,0.0,True,0.0
POSCAR_P2Ru2_2_st025,P2Ru2_2_st025,P2Ru2_2,False,st025,ALTERMAGNET,mirror/rotoinv|rotation,12,24,P6_3/mmc,ALTERMAGNET,True,3,194.269,1499,0.409804,0.256,1.235,-1.235,1.235,0.0,True,0.0
POSCAR_P2Ru2_2_st950,P2Ru2_2_st950,P2Ru2_2,False,st950,ALTERMAGNET,mirror/rotoinv|rotation,12,24,P6_3/mmc,ALTERMAGNET,True,3,194.269,1499,0.348722,0.311,0.833,-0.832,0.833,0.0010000000000000009,True,0.001
POSCAR_P2Ru2_2_st975,P2Ru2_2_st975,P2Ru2_2,False,st975,ALTERMAGNET,mirror/rotoinv|rotation,12,24,P6_3/mmc,ALTERMAGNET,True,3,194.269,1499,0.505294,0.949,0.937,-0.934,0.937,0.0030000000000000027,True,0.002
POSCAR_P2Ru2_2_x025,P2Ru2_2_x025,P2Ru2_2,False,x025,ALTERMAGNET,mirror/rotoinv|rotation,4,8,Cmcm,ALTERMAGNET,True,3,194.269,1499,0.481789,0.268,1.147,-1.147,1.147,0.0,True,0.0
POSCAR_P2Ru2_2_x050,P2Ru2_2_x050,P2Ru2_2,False,x050,ALTERMAGNET,mirror/rotoinv|rotation,2,4,P2_1/m,ALTERMAGNET,True,3,194.269,1499,0.492988,0.207,1.178,-1.178,1.178,0.0,True,0.0
POSCAR_P2Ru2_2_x950,P2Ru2_2_x950,P2Ru2_2,False,x950,ALTERMAGNET,mirror/rotoinv|rotation,2,4,P2_1/m,ALTERMAGNET,True,3,194.269,1499,0.587903,0.227,1.075,-1.075,1.075,0.0,True,0.0
POSCAR_P2Ru2_2_x975,P2Ru2_2_x975,P2Ru2_2,False,x975,ALTERMAGNET,mirror/rotoinv|rotation,4,8,Cmcm,ALTERMAGNET,True,3,194.269,1499,0.518551,0.253,1.088,-1.088,1.088,0.0,True,0.0
POSCAR_P2Ru2_2_y025,P2Ru2_2_y025,P2Ru2_2,False,y025,ALTERMAGNET,mirror/rotoinv|rotation,4,8,Cmcm,ALTERMAGNET,True,3,194.269,1499,0.47543,0.266,1.143,-1.143,1.143,0.0,True,0.0
POSCAR_P2Ru2_2_y050,P2Ru2_2_y050,P2Ru2_2,False,y050,ALTERMAGNET,mirror/rotoinv|rotation,2,4,P2_1/m,ALTERMAGNET,True,3,194.269,1499,0.488761,0.244,1.176,-1.176,1.176,0.0,True,0.0
POSCAR_P2Ru2_2_y950,P2Ru2_2_y950,P2Ru2_2,False,y950,ALTERMAGNET,mirror/rotoinv|rotation,2,4,P2_1/m,ALTERMAGNET,True,3,194.269,1499,0.593917,0.253,1.075,-1.074,1.075,0.0009999999999998899,True,0.0
POSCAR_P2Ru2_2_y975,P2Ru2_2_y975,P2Ru2_2,False,y975,ALTERMAGNET,mirror/rotoinv|rotation,4,8,Cmcm,ALTERMAGNET,True,3,194.269,1499,0.525025,0.198,1.091,-1.09,1.091,0.0009999999999998899,True,0.0
POSCAR_P2Ru2_2_z025,P2Ru2_2_z025,P2Ru2_2,False,z025,ALTERMAGNET,mirror/rotoinv|rotation,12,24,P6_3/mmc,ALTERMAGNET,True,3,194.269,1499,0.440628,0.232,1.174,-1.174,1.174,0.0,True,0.0
POSCAR_P2Ru2_2_z050,P2Ru2_2_z050,P2Ru2_2,False,z050,ALTERMAGNET,mirror/rotoinv|rotation,12,24,P6_3/mmc,ALTERMAGNET,True,3,194.269,1499,0.413021,0.234,1.247,-1.246,1.247,0.001000000000000112,True,0.001
POSCAR_P2Ru2_2_z950,P2Ru2_2_z950,P2Ru2_2,False,z950,ALTERMAGNET,mirror/rotoinv|rotation,12,24,P6_3/mmc,ALTERMAGNET,True,3,194.269,1499,0.462929,0.218,0.861,-0.861,0.861,0.0,True,0.0
POSCAR_P2V2_1,P2V2_1,P2V2_1,True,none,ALTERMAGNET,mirror/rotoinv|rotation,12,24,P6_3/mmc,ALTERMAGNET,True,3,194.269,1499,0.491453,0.197,1.464,-1.464,1.464,0.0,True,0.0
POSCAR_P2V2_1_st025,P2V2_1_st025,P2V2_1,False,st025,ALTERMAGNET,mirror/rotoinv|rotation,12,24,P6_3/mmc,ALTERMAGNET,True,3,194.269,1499,0.4604,0.256,1.74,-1.74,1.74,0.0,True,0.0
POSCAR_P2V2_1_st050,P2V2_1_st050,P2V2_1,False,st050,ALTERMAGNET,mirror/rotoinv|rotation,12,24,P6_3/mmc,ALTERMAGNET,True,3,194.269,1499,0.40082,0.222,1.895,-1.895,1.895,0.0,True,0.0
POSCAR_P2V2_1_st950,P2V2_1_st950,P2V2_1,False,st950,ALTERMAGNET,mirror/rotoinv|rotation,12,24,P6_3/mmc,ALTERMAGNET,True,3,194.269,1499,0.373347,0.176,0.675,-0.676,0.675,0.0010000000000000009,True,0.0
POSCAR_P2V2_1_st975,P2V2_1_st975,P2V2_1,False,st975,ALTERMAGNET,mirror/rotoinv|rotation,12,24,P6_3/mmc,ALTERMAGNET,True,3,194.269,1499,0.495891,0.166,1.037,-1.038,1.037,0.001000000000000112,True,0.0
POSCAR_P2V2_1_x025,P2V2_1_x025,P2V2_1,False,x025,ALTERMAGNET,mirror/rotoinv|rotation,4,8,Cmcm,ALTERMAGNET,True,3,194.269,1499,0.462547,0.303,1.606,-1.607,1.606,0.0009999999999998899,True,0.0
POSCAR_P2V2_1_x050,P2V2_1_x050,P2V2_1,False,x050,ALTERMAGNET,mirror/rotoinv|rotation,2,4,P2_1/m,ALTERMAGNET,True,3,194.269,1499,0.475496,0.362,1.689,-1.69,1.689,0.0009999999999998899,True,0.0
POSCAR_P2V2_1_x950,P2V2_1_x950,P2V2_1,False,x950,ALTERMAGNET,mirror/rotoinv|rotation,2,4,P2_1/m,ALTERMAGNET,True,3,194.269,1499,0.574952,0.264,1.163,-1.163,1.163,0.0,True,0.0
POSCAR_P2V2_1_x975,P2V2_1_x975,P2V2_1,False,x975,ALTERMAGNET,mirror/rotoinv|rotation,4,8,Cmcm,ALTERMAGNET,True,3,194.269,1499,0.536927,0.41,1.31,-1.311,1.31,0.0009999999999998899,True,0.001
POSCAR_P2V2_1_y025,P2V2_1_y025,P2V2_1,False,y025,ALTERMAGNET,mirror/rotoinv|rotation,4,8,Cmcm,ALTERMAGNET,True,3,194.269,1499,0.462158,0.344,1.607,-1.607,1.607,0.0,True,0.0
POSCAR_P2V2_1_y050,P2V2_1_y050,P2V2_1,False,y050,ALTERMAGNET,mirror/rotoinv|rotation,2,4,P2_1/m,ALTERMAGNET,True,3,194.269,1499,0.475035,0.387,1.69,-1.69,1.69,0.0,True,0.0
POSCAR_P2V2_1_y950,P2V2_1_y950,P2V2_1,False,y950,ALTERMAGNET,mirror/rotoinv|rotation,2,4,P2_1/m,ALTERMAGNET,True,3,194.269,1499,0.573452,0.274,1.163,-1.163,1.163,0.0,True,0.0
POSCAR_P2V2_1_y975,P2V2_1_y975,P2V2_1,False,y975,ALTERMAGNET,mirror/rotoinv|rotation,4,8,Cmcm,ALTERMAGNET,True,3,194.269,1499,0.536883,0.286,1.31,-1.31,1.31,0.0,True,0.0
POSCAR_P2V2_1_z025,P2V2_1_z025,P2V2_1,False,z025,ALTERMAGNET,mirror/rotoinv|rotation,12,24,P6_3/mmc,ALTERMAGNET,True,3,194.269,1499,0.455718,0.19,1.557,-1.557,1.557,0.0,True,0.0
POSCAR_P2V2_1_z050,P2V2_1_z050,P2V2_1,False,z050,ALTERMAGNET,mirror/rotoinv|rotation,12,24,P6_3/mmc,ALTERMAGNET,True,3,194.269,1499,0.420151,0.246,1.648,-1.649,1.648,0.001000000000000112,True,0.0
POSCAR_P2V2_1_z950,P2V2_1_z950,P2V2_1,False,z950,ALTERMAGNET,mirror/rotoinv|rotation,12,24,P6_3/mmc,ALTERMAGNET,True,3,194.269,1499,0.502257,0.245,1.269,-1.269,1.269,0.0,True,0.001
POSCAR_P2V2_1_z975,P2V2_1_z975,P2V2_1,False,z975,ALTERMAGNET,mirror/rotoinv|rotation,12,24,P6_3/mmc,ALTERMAGNET,True,3,194.269,1499,0.509197,0.199,1.356,-1.357,1.356,0.0009999999999998899,True,0.0
POSCAR_P2V2_2,P2V2_2,P2V2_2,True,none,ALTERMAGNET,mirror/rotoinv|rotation,4,8,I4_1md,ALTERMAGNET,True,3,109.242,902,1.02775,0.484,1.789,-1.789,1.789,0.0,True,0.0
POSCAR_P2V2_2_st025,P2V2_2_st025,P2V2_2,False,st025,ALTERMAGNET,mirror/rotoinv|rotation,4,8,I4_1md,ALTERMAGNET,True,3,109.242,902,1.09113,0.357,1.969,-1.969,1.969,0.0,True,0.0
POSCAR_P2V2_2_st050,P2V2_2_st050,P2V2_2,False,st050,ALTERMAGNET,mirror/rotoinv|rotation,4,8,I4_1md,ALTERMAGNET,True,3,109.242,902,0.761339,0.3,2.136,-2.136,2.136,0.0,True,0.0
POSCAR_P2V2_2_st950,P2V2_2_st950,P2V2_2,False,st950,ALTERMAGNET,mirror/rotoinv|rotation,4,8,I4_1md,ALTERMAGNET,True,3,109.242,902,0.967397,0.626,1.32,-1.321,1.32,0.0009999999999998899,True,0.0
POSCAR_P2V2_2_st975,P2V2_2_st975,P2V2_2,False,st975,ALTERMAGNET,mirror/rotoinv|rotation,4,8,I4_1md,ALTERMAGNET,True,3,109.242,902,1.048812,0.348,1.584,-1.584,1.584,0.0,True,0.0
POSCAR_P2V2_2_z025,P2V2_2_z025,P2V2_2,False,z025,ALTERMAGNET,mirror/rotoinv,1,2,Cc,ALTERMAGNET,True,3,109.242,902,0.954763,0.329,1.851,-1.851,1.851,0.0,True,0.0
POSCAR_P2V2_2_z050,P2V2_2_z050,P2V2_2,False,z050,ALTERMAGNET,mirror/rotoinv,1,2,Cc,ALTERMAGNET,True,3,109.242,902,0.850392,0.417,1.908,-1.909,1.908,0.001000000000000112,True,0.0
POSCAR_P2V2_2_z950,P2V2_2_z950,P2V2_2,False,z950,ALTERMAGNET,mirror/rotoinv,1,2,Cc,ALTERMAGNET,True,3,109.242,902,1.059441,0.333,1.64,-1.64,1.64,0.0,True,0.0
POSCAR_P2V2_2_z975,P2V2_2_z975,P2V2_2,False,z975,ALTERMAGNET,mirror/rotoinv,1,2,Cc,ALTERMAGNET,True,3,109.242,902,1.072633,0.313,1.719,-1.719,1.719,0.0,True,0.0
POSCAR_P2Zr2_2,P2Zr2_2,P2Zr2_2,True,none,ALTERMAGNET,mirror/rotoinv|rotation,4,8,I4_1md,ALTERMAGNET,True,3,109.242,902,0.300662,5.962,0.035,-0.032,0.035,0.0030000000000000027,True,0.003
POSCAR_P2Zr2_2_x050,P2Zr2_2_x050,P2Zr2_2,False,x050,compensated_FiM_candidate,,0,2,Cm,ALTERMAGNET,False,3,109.242,902,0.006065,1.509,-0.002,-0.002,0.002,0.0,False,0.003
POSCAR_P2Zr2_2_z025,P2Zr2_2_z025,P2Zr2_2,False,z025,ALTERMAGNET,mirror/rotoinv,1,2,Cc,ALTERMAGNET,True,3,109.242,902,0.286616,5.821,0.033,-0.03,0.033,0.0030000000000000027,True,0.003
POSCAR_P2Zr2_2_z050,P2Zr2_2_z050,P2Zr2_2,False,z050,ALTERMAGNET,mirror/rotoinv,1,2,Cc,ALTERMAGNET,True,3,109.242,902,0.274689,5.352,0.028,-0.026,0.028,0.0020000000000000018,True,0.003
POSCAR_P8V2_2,P8V2_2,P8V2_2,True,none,ALTERMAGNET,rotation,1,2,P2_1,ALTERMAGNET,True,3,4.9,16,0.298856,0.594,1.961,-1.962,1.961,0.0009999999999998899,True,0.0
POSCAR_P8V2_2_st025,P8V2_2_st025,P8V2_2,False,st025,ALTERMAGNET,rotation,1,2,P2_1,ALTERMAGNET,True,3,4.9,16,0.260195,0.614,2.118,-2.119,2.118,0.001000000000000334,True,0.0
POSCAR_P8V2_2_st050,P8V2_2_st050,P8V2_2,False,st050,ALTERMAGNET,rotation,1,2,P2_1,ALTERMAGNET,True,3,4.9,16,0.226192,0.746,2.253,-2.254,2.253,0.0009999999999998899,True,0.001
POSCAR_P8V2_2_st950,P8V2_2_st950,P8V2_2,False,st950,ALTERMAGNET,rotation,1,2,P2_1,ALTERMAGNET,True,3,4.9,16,0.333165,0.703,1.547,-1.547,1.547,0.0,True,0.0
POSCAR_P8V2_2_st975,P8V2_2_st975,P8V2_2,False,st975,ALTERMAGNET,rotation,1,2,P2_1,ALTERMAGNET,True,3,4.9,16,0.324673,0.707,1.769,-1.769,1.769,0.0,True,0.0
POSCAR_P8V2_2_x025,P8V2_2_x025,P8V2_2,False,x025,ALTERMAGNET,rotation,1,2,P2_1,ALTERMAGNET,True,3,4.9,16,0.272046,0.579,2.033,-2.034,2.033,0.0009999999999998899,True,0.0
POSCAR_P8V2_2_x050,P8V2_2_x050,P8V2_2,False,x050,ALTERMAGNET,rotation,1,2,P2_1,ALTERMAGNET,True,3,4.9,16,0.273072,0.667,2.101,-2.102,2.101,0.0009999999999998899,True,0.001
POSCAR_P8V2_2_x950,P8V2_2_x950,P8V2_2,False,x950,ALTERMAGNET,rotation,1,2,P2_1,ALTERMAGNET,True,3,4.9,16,0.399545,0.68,1.798,-1.799,1.798,0.0009999999999998899,True,0.0
POSCAR_P8V2_2_x975,P8V2_2_x975,P8V2_2,False,x975,ALTERMAGNET,rotation,1,2,P2_1,ALTERMAGNET,True,3,4.9,16,0.348475,0.712,1.885,-1.885,1.885,0.0,True,0.0
POSCAR_P8V2_2_y025,P8V2_2_y025,P8V2_2,False,y025,ALTERMAGNET,rotation,1,2,P2_1,ALTERMAGNET,True,3,4.9,16,0.285515,0.64,2.011,-2.011,2.011,0.0,True,0.0
POSCAR_P8V2_2_y050,P8V2_2_y050,P8V2_2,False,y050,ALTERMAGNET,rotation,1,2,P2_1,ALTERMAGNET,True,3,4.9,16,0.258216,0.572,2.061,-2.061,2.061,0.0,True,0.0
POSCAR_P8V2_2_y950,P8V2_2_y950,P8V2_2,False,y950,ALTERMAGNET,rotation,1,2,P2_1,ALTERMAGNET,True,3,4.9,16,0.338707,0.778,1.861,-1.861,1.861,0.0,True,0.0
POSCAR_P8V2_2_y975,P8V2_2_y975,P8V2_2,False,y975,ALTERMAGNET,rotation,1,2,P2_1,ALTERMAGNET,True,3,4.9,16,0.29797,0.716,1.911,-1.912,1.911,0.0009999999999998899,True,0.0
POSCAR_P8V2_2_z025,P8V2_2_z025,P8V2_2,False,z025,ALTERMAGNET,rotation,1,2,P2_1,ALTERMAGNET,True,3,4.9,16,0.318808,0.66,2.009,-2.009,2.009,0.0,True,0.0
POSCAR_P8V2_2_z050,P8V2_2_z050,P8V2_2,False,z050,ALTERMAGNET,rotation,1,2,P2_1,ALTERMAGNET,True,3,4.9,16,0.333799,0.738,2.054,-2.055,2.054,0.001000000000000334,True,0.0
POSCAR_P8V2_2_z950,P8V2_2_z950,P8V2_2,False,z950,ALTERMAGNET,rotation,1,2,P2_1,ALTERMAGNET,True,3,4.9,16,0.263208,0.619,1.864,-1.864,1.864,0.0,True,0.0
POSCAR_P8V2_2_z975,P8V2_2_z975,P8V2_2,False,z975,ALTERMAGNET,rotation,1,2,P2_1,ALTERMAGNET,True,3,4.9,16,0.2771,0.664,1.913,-1.913,1.913,0.0,True,0.0
POSCAR_P8Zr2_1,P8Zr2_1,P8Zr2_1,True,none,ALTERMAGNET,mirror/rotoinv|rotation,2,4,P2_1/c,ALTERMAGNET,True,3,14.79,86,0.020595,0.09,0.022,-0.023,0.022,0.0010000000000000009,True,0.0
POSCAR_P8Zr2_1_x025,P8Zr2_1_x025,P8Zr2_1,False,x025,ALTERMAGNET,mirror/rotoinv|rotation,2,4,P2_1/c,ALTERMAGNET,True,3,14.79,86,0.008054,0.572,0.007,-0.007,0.007,0.0,True,0.0
POSCAR_P8Zr2_1_x050,P8Zr2_1_x050,P8Zr2_1,False,x050,ALTERMAGNET,mirror/rotoinv|rotation,2,4,P2_1/c,ALTERMAGNET,True,3,14.79,86,0.005879,0.177,0.005,-0.006,0.005,0.001,True,0.001
POSCAR_P8Zr2_1_x975,P8Zr2_1_x975,P8Zr2_1,False,x975,ALTERMAGNET,mirror/rotoinv|rotation,2,4,P2_1/c,ALTERMAGNET,True,3,14.79,86,0.002156,0.296,0.002,-0.002,0.002,0.0,True,0.0
POSCAR_P8Zr2_1_y025,P8Zr2_1_y025,P8Zr2_1,False,y025,ALTERMAGNET,mirror/rotoinv|rotation,2,4,P2_1/c,ALTERMAGNET,True,3,14.79,86,0.003667,0.045,0.004,-0.004,0.004,0.0,True,0.0
POSCAR_P8Zr2_1_y050,P8Zr2_1_y050,P8Zr2_1,False,y050,ALTERMAGNET,mirror/rotoinv|rotation,2,4,P2_1/c,ALTERMAGNET,True,3,14.79,86,0.005164,0.169,0.005,-0.005,0.005,0.0,True,0.001
POSCAR_P8Zr2_1_y975,P8Zr2_1_y975,P8Zr2_1,False,y975,ALTERMAGNET,mirror/rotoinv|rotation,2,4,P2_1/c,ALTERMAGNET,True,3,14.79,86,0.011545,0.482,0.011,-0.009,0.011,0.002,True,0.002
POSCAR_P8Zr2_1_z975,P8Zr2_1_z975,P8Zr2_1,False,z975,ALTERMAGNET,mirror/rotoinv|rotation,2,4,P2_1/c,ALTERMAGNET,True,3,14.79,86,0.002078,0.157,0.002,-0.002,0.002,0.0,True,0.001
POSCAR_Pb10Ru2_1,Pb10Ru2_1,Pb10Ru2_1,True,none,conventional_AFM_inversion,inversion|mirror/rotoinv,8,16,I4/mcm,conventional_AFM_inversion,True,3,140.549,1209,0.0253,2.041,2.036,-2.037,2.036,0.0009999999999998899,True,0.002
POSCAR_Pb10Ru2_1_st025,Pb10Ru2_1_st025,Pb10Ru2_1,False,st025,conventional_AFM_inversion,inversion|mirror/rotoinv,8,16,I4/mcm,conventional_AFM_inversion,True,3,140.549,1209,0.020063,1.375,2.014,-2.014,2.014,0.0,True,0.001
POSCAR_Pb10Ru2_1_x025,Pb10Ru2_1_x025,Pb10Ru2_1,False,x025,conventional_AFM_inversion,inversion|mirror/rotoinv,2,4,C2/c,conventional_AFM_inversion,True,3,140.549,1209,0.023198,2.015,2.125,-2.127,2.125,0.0019999999999997797,True,0.003
POSCAR_Pb10Ru2_1_x050,Pb10Ru2_1_x050,Pb10Ru2_1,False,x050,conventional_AFM_inversion,inversion|mirror/rotoinv,2,4,C2/c,conventional_AFM_inversion,True,3,140.549,1209,0.015567,1.426,2.22,-2.22,2.22,0.0,True,0.002
POSCAR_Pb10Ru2_1_x975,Pb10Ru2_1_x975,Pb10Ru2_1,False,x975,conventional_AFM_inversion,inversion|mirror/rotoinv,2,4,C2/c,conventional_AFM_inversion,True,3,140.549,1209,0.02501,2.146,1.914,-1.915,1.914,0.001000000000000112,True,0.003
POSCAR_Pb10Ru2_1_y025,Pb10Ru2_1_y025,Pb10Ru2_1,False,y025,conventional_AFM_inversion,inversion|mirror/rotoinv,2,4,C2/c,conventional_AFM_inversion,True,3,140.549,1209,0.033355,2.565,2.125,-2.128,2.125,0.0030000000000001137,True,0.004
POSCAR_Pb10Ru2_1_y050,Pb10Ru2_1_y050,Pb10Ru2_1,False,y050,conventional_AFM_inversion,inversion|mirror/rotoinv,2,4,C2/c,conventional_AFM_inversion,True,3,140.549,1209,0.014851,1.413,2.22,-2.22,2.22,0.0,True,0.001
POSCAR_Pb10Ru2_1_y975,Pb10Ru2_1_y975,Pb10Ru2_1,False,y975,conventional_AFM_inversion,inversion|mirror/rotoinv,2,4,C2/c,conventional_AFM_inversion,True,3,140.549,1209,0.024356,2.147,1.916,-1.915,1.916,0.0009999999999998899,True,0.001
POSCAR_Pb10Ru2_1_z025,Pb10Ru2_1_z025,Pb10Ru2_1,False,z025,conventional_AFM_inversion,inversion|mirror/rotoinv,2,4,C2/m,conventional_AFM_inversion,True,3,140.549,1209,0.029342,1.826,1.894,-1.891,1.894,0.0029999999999998916,True,0.002
POSCAR_Pb2Ru2_2,Pb2Ru2_2,Pb2Ru2_2,True,none,ALTERMAGNET,mirror/rotoinv|rotation,12,24,P6_3/mmc,ALTERMAGNET,True,3,194.269,1499,0.406638,1.557,0.966,-0.962,0.966,0.0040000000000000036,True,0.004
POSCAR_Pb2Ru2_2_st975,Pb2Ru2_2_st975,Pb2Ru2_2,False,st975,ALTERMAGNET,mirror/rotoinv|rotation,12,24,P6_3/mmc,ALTERMAGNET,True,3,194.269,1499,0.252668,0.952,0.646,-0.643,0.646,0.0030000000000000027,True,0.003
POSCAR_Pb2Ru2_2_x975,Pb2Ru2_2_x975,Pb2Ru2_2,False,x975,ALTERMAGNET,mirror/rotoinv|rotation,2,4,P2_1/m,ALTERMAGNET,True,3,194.269,1499,0.347314,0.744,0.899,-0.897,0.899,0.0020000000000000018,True,0.002
POSCAR_Pb2Ru2_2_y025,Pb2Ru2_2_y025,Pb2Ru2_2,False,y025,ALTERMAGNET,mirror/rotoinv|rotation,2,4,P2_1/m,ALTERMAGNET,True,3,194.269,1499,0.502266,1.014,1.043,-1.044,1.043,0.001000000000000112,True,0.002
POSCAR_Pb2Ru2_2_y050,Pb2Ru2_2_y050,Pb2Ru2_2,False,y050,ALTERMAGNET,mirror/rotoinv|rotation,2,4,P2_1/m,ALTERMAGNET,True,3,194.269,1499,0.608572,1.14,1.135,-1.133,1.135,0.0020000000000000018,True,0.002
POSCAR_Pb2Ru2_2_z025,Pb2Ru2_2_z025,Pb2Ru2_2,False,z025,ALTERMAGNET,mirror/rotoinv|rotation,12,24,P6_3/mmc,ALTERMAGNET,True,3,194.269,1499,0.598885,1.25,1.253,-1.253,1.253,0.0,True,0.0
POSCAR_Pb2Ru2_2_z950,Pb2Ru2_2_z950,Pb2Ru2_2,False,z950,ALTERMAGNET,mirror/rotoinv|rotation,12,24,P6_3/mmc,ALTERMAGNET,True,3,194.269,1499,0.005118,0.125,-0.002,0.002,0.002,0.0,True,0.0
POSCAR_Pb2Ru2_2_z975,Pb2Ru2_2_z975,Pb2Ru2_2,False,z975,ALTERMAGNET,mirror/rotoinv|rotation,12,24,P6_3/mmc,ALTERMAGNET,True,3,194.269,1499,0.406592,0.884,0.819,-0.817,0.819,0.0020000000000000018,True,0.003
POSCAR_Pb2Ru2_3,Pb2Ru2_3,Pb2Ru2_3,True,none,conventional_AFM_inversion,inversion|mirror/rotoinv|rotation,4,8,Cmcm,conventional_AFM_inversion,True,3,63.460,558,0.013193,0.757,1.861,-1.863,1.861,0.0020000000000000018,True,0.002
POSCAR_Pb2Ru2_3_x025,Pb2Ru2_3_x025,Pb2Ru2_3,False,x025,conventional_AFM_inversion,inversion|rotation,2,4,P2_1/m,conventional_AFM_inversion,True,3,63.460,558,0.005109,0.579,1.922,-1.923,1.922,0.001000000000000112,True,0.001
POSCAR_Pb2Ru2_3_x050,Pb2Ru2_3_x050,Pb2Ru2_3,False,x050,conventional_AFM_inversion,inversion|rotation,2,4,P2_1/m,conventional_AFM_inversion,True,3,63.460,558,0.005597,0.51,1.983,-1.984,1.983,0.0009999999999998899,True,0.001
POSCAR_Pb2Ru2_3_x950,Pb2Ru2_3_x950,Pb2Ru2_3,False,x950,conventional_AFM_inversion,inversion|rotation,2,4,P2_1/m,conventional_AFM_inversion,True,3,63.460,558,0.008969,0.633,1.706,-1.706,1.706,0.0,True,0.0
POSCAR_Pb2Ru2_3_x975,Pb2Ru2_3_x975,Pb2Ru2_3,False,x975,conventional_AFM_inversion,inversion|rotation,2,4,P2_1/m,conventional_AFM_inversion,True,3,63.460,558,0.006693,0.518,1.793,-1.793,1.793,0.0,True,0.0
POSCAR_Pb2Ru2_3_y025,Pb2Ru2_3_y025,Pb2Ru2_3,False,y025,conventional_AFM_inversion,inversion|mirror/rotoinv|rotation,4,8,Cmcm,conventional_AFM_inversion,True,3,63.460,558,0.007665,0.599,1.953,-1.954,1.953,0.0009999999999998899,True,0.0
POSCAR_Pb2Ru2_3_y050,Pb2Ru2_3_y050,Pb2Ru2_3,False,y050,conventional_AFM_inversion,inversion|mirror/rotoinv|rotation,4,8,Cmcm,conventional_AFM_inversion,True,3,63.460,558,0.007335,1.318,2.092,-2.09,2.092,0.002000000000000224,True,0.003
POSCAR_Pb2Ru2_3_y950,Pb2Ru2_3_y950,Pb2Ru2_3,False,y950,conventional_AFM_inversion,inversion|mirror/rotoinv|rotation,4,8,Cmcm,conventional_AFM_inversion,True,3,63.460,558,0.008948,1.212,1.692,-1.69,1.692,0.0020000000000000018,True,0.003
POSCAR_Pb2Ru2_3_y975,Pb2Ru2_3_y975,Pb2Ru2_3,False,y975,conventional_AFM_inversion,inversion|mirror/rotoinv|rotation,4,8,Cmcm,conventional_AFM_inversion,True,3,63.460,558,0.005712,0.516,1.778,-1.779,1.778,0.0009999999999998899,True,0.0
POSCAR_Pb2Ru2_3_z050,Pb2Ru2_3_z050,Pb2Ru2_3,False,z050,conventional_AFM_inversion,inversion|rotation,2,4,P2_1/m,conventional_AFM_inversion,True,3,63.460,558,0.005304,0.84,2.074,-2.075,2.074,0.001000000000000334,True,0.001
POSCAR_Pb2Ru2_3_z950,Pb2Ru2_3_z950,Pb2Ru2_3,False,z950,conventional_AFM_inversion,inversion|rotation,2,4,P2_1/m,conventional_AFM_inversion,True,3,63.460,558,0.003965,0.647,1.618,-1.616,1.618,0.0020000000000000018,True,0.002
POSCAR_Pb2Ru2_3_z975,Pb2Ru2_3_z975,Pb2Ru2_3,False,z975,conventional_AFM_inversion,inversion|rotation,2,4,P2_1/m,conventional_AFM_inversion,True,3,63.460,558,0.005401,0.415,1.76,-1.761,1.76,0.0009999999999998899,True,0.0
POSCAR_Pb2Sc2_3,Pb2Sc2_3,Pb2Sc2_3,True,none,ALTERMAGNET,mirror/rotoinv|rotation,12,24,P6_3/mmc,ALTERMAGNET,True,3,194.269,1499,0.048118,1.327,0.035,-0.039,0.035,0.003999999999999997,True,0.004
POSCAR_Pb2Sc2_3_st025,Pb2Sc2_3_st025,Pb2Sc2_3,False,st025,ALTERMAGNET,mirror/rotoinv|rotation,12,24,P6_3/mmc,ALTERMAGNET,True,3,194.269,1499,0.022034,1.012,0.015,-0.019,0.015,0.004,True,0.004
POSCAR_Pb2Sc2_3_x025,Pb2Sc2_3_x025,Pb2Sc2_3,False,x025,ALTERMAGNET,mirror/rotoinv|rotation,4,8,Cmcm,ALTERMAGNET,True,3,194.269,1499,0.014521,0.88,0.006,-0.009,0.006,0.002999999999999999,True,0.003
POSCAR_Pb2Sc2_3_x050,Pb2Sc2_3_x050,Pb2Sc2_3,False,x050,ALTERMAGNET,mirror/rotoinv|rotation,2,4,P2_1/m,ALTERMAGNET,True,3,194.269,1499,0.018017,0.271,0.009,-0.008,0.009,0.0009999999999999992,True,0.0
POSCAR_Pb2Sc2_3_x950,Pb2Sc2_3_x950,Pb2Sc2_3,False,x950,ALTERMAGNET,mirror/rotoinv|rotation,2,4,P2_1/m,ALTERMAGNET,True,3,194.269,1499,0.02229,0.269,0.015,-0.015,0.015,0.0,True,0.0
POSCAR_Pb2Sc2_3_y025,Pb2Sc2_3_y025,Pb2Sc2_3,False,y025,ALTERMAGNET,mirror/rotoinv|rotation,4,8,Cmcm,ALTERMAGNET,True,3,194.269,1499,0.014721,0.936,0.006,-0.009,0.006,0.002999999999999999,True,0.003
POSCAR_Pb2Sc2_3_y050,Pb2Sc2_3_y050,Pb2Sc2_3,False,y050,ALTERMAGNET,mirror/rotoinv|rotation,2,4,P2_1/m,ALTERMAGNET,True,3,194.269,1499,0.071596,1.796,0.054,-0.058,0.054,0.0040000000000000036,True,0.004
POSCAR_Pb2Sc2_3_y950,Pb2Sc2_3_y950,Pb2Sc2_3,False,y950,ALTERMAGNET,mirror/rotoinv|rotation,2,4,P2_1/m,ALTERMAGNET,True,3,194.269,1499,0.022476,0.1,0.015,-0.014,0.015,0.0009999999999999992,True,0.0
POSCAR_Pb2Sc2_3_y975,Pb2Sc2_3_y975,Pb2Sc2_3,False,y975,ALTERMAGNET,mirror/rotoinv|rotation,4,8,Cmcm,ALTERMAGNET,True,3,194.269,1499,0.007063,1.094,-0.002,-0.002,0.002,0.0,False,0.003
POSCAR_Pb2Sc2_3_z025,Pb2Sc2_3_z025,Pb2Sc2_3,False,z025,ALTERMAGNET,mirror/rotoinv|rotation,12,24,P6_3/mmc,ALTERMAGNET,True,3,194.269,1499,0.027458,0.35,0.02,-0.02,0.02,0.0,True,0.001
POSCAR_Pb2Sc2_3_z050,Pb2Sc2_3_z050,Pb2Sc2_3,False,z050,ALTERMAGNET,mirror/rotoinv|rotation,12,24,P6_3/mmc,ALTERMAGNET,True,3,194.269,1499,0.023607,0.37,0.017,-0.015,0.017,0.0020000000000000018,True,0.002
POSCAR_Pb2Sc2_3_z950,Pb2Sc2_3_z950,Pb2Sc2_3,False,z950,ALTERMAGNET,mirror/rotoinv|rotation,12,24,P6_3/mmc,ALTERMAGNET,True,3,194.269,1499,0.011254,0.251,0.007,-0.007,0.007,0.0,True,0.0
POSCAR_Pb2Sc2_3_z975,Pb2Sc2_3_z975,Pb2Sc2_3,False,z975,ALTERMAGNET,mirror/rotoinv|rotation,12,24,P6_3/mmc,ALTERMAGNET,True,3,194.269,1499,0.014312,0.213,0.01,-0.01,0.01,0.0,True,0.0
POSCAR_Pb3Ru2_1,Pb3Ru2_1,Pb3Ru2_1,True,none,conventional_AFM_inversion,inversion|rotation,2,4,C2/m,conventional_AFM_inversion,True,3,12.60,67,0.01756,3.668,1.836,-1.834,1.836,0.0020000000000000018,True,0.002
POSCAR_Pb3Ru2_1_st025,Pb3Ru2_1_st025,Pb3Ru2_1,False,st025,conventional_AFM_inversion,inversion|rotation,2,4,C2/m,conventional_AFM_inversion,True,3,12.60,67,0.019067,4.103,2.076,-2.077,2.076,0.0009999999999998899,True,0.001
POSCAR_Pb3Ru2_1_st050,Pb3Ru2_1_st050,Pb3Ru2_1,False,st050,conventional_AFM_inversion,inversion|rotation,2,4,C2/m,conventional_AFM_inversion,True,3,12.60,67,0.017522,3.383,2.297,-2.297,2.297,0.0,True,0.001
POSCAR_Pb3Ru2_1_x950,Pb3Ru2_1_x950,Pb3Ru2_1,False,x950,conventional_AFM_inversion,inversion,1,2,P-1,conventional_AFM_inversion,True,3,12.60,67,0.032608,4.775,1.695,-1.692,1.695,0.0030000000000001137,True,0.004
POSCAR_Pb3Ru2_1_y050,Pb3Ru2_1_y050,Pb3Ru2_1,False,y050,conventional_AFM_inversion,inversion,1,2,P-1,conventional_AFM_inversion,True,3,12.60,67,0.018545,4.14,2.008,-2.009,2.008,0.0009999999999998899,True,0.002
POSCAR_Pb3Ru2_1_y950,Pb3Ru2_1_y950,Pb3Ru2_1,False,y950,conventional_AFM_inversion,inversion,1,2,P-1,conventional_AFM_inversion,True,3,12.60,67,0.019069,3.659,1.696,-1.693,1.696,0.0029999999999998916,True,0.003
POSCAR_Pb3Ru2_1_y975,Pb3Ru2_1_y975,Pb3Ru2_1,False,y975,conventional_AFM_inversion,inversion,1,2,P-1,conventional_AFM_inversion,True,3,12.60,67,0.018102,3.636,1.772,-1.77,1.772,0.0020000000000000018,True,0.001
POSCAR_Pb3Ru2_1_z025,Pb3Ru2_1_z025,Pb3Ru2_1,False,z025,conventional_AFM_inversion,inversion|rotation,2,4,C2/m,conventional_AFM_inversion,True,3,12.60,67,0.017102,3.711,1.9,-1.898,1.9,0.0020000000000000018,True,0.002
POSCAR_Rh2S4_1,Rh2S4_1,Rh2S4_1,True,none,ALTERMAGNET,mirror/rotoinv|rotation,2,4,P2_1/c,ALTERMAGNET,True,3,14.79,86,0.581592,0.114,0.717,-0.717,0.717,0.0,True,0.0
POSCAR_Rh2S4_1_x025,Rh2S4_1_x025,Rh2S4_1,False,x025,ALTERMAGNET,mirror/rotoinv|rotation,2,4,P2_1/c,ALTERMAGNET,True,3,14.79,86,0.595836,0.127,0.751,-0.751,0.751,0.0,True,0.0
POSCAR_Rh2S4_1_x050,Rh2S4_1_x050,Rh2S4_1,False,x050,ALTERMAGNET,mirror/rotoinv|rotation,2,4,P2_1/c,ALTERMAGNET,True,3,14.79,86,0.614293,0.128,0.782,-0.782,0.782,0.0,True,0.0
POSCAR_Rh2S4_1_x950,Rh2S4_1_x950,Rh2S4_1,False,x950,ALTERMAGNET,mirror/rotoinv|rotation,2,4,P2_1/c,ALTERMAGNET,True,3,14.79,86,0.568757,0.11,0.645,-0.645,0.645,0.0,True,0.0
POSCAR_Rh2S4_1_x975,Rh2S4_1_x975,Rh2S4_1,False,x975,ALTERMAGNET,mirror/rotoinv|rotation,2,4,P2_1/c,ALTERMAGNET,True,3,14.79,86,0.577591,0.155,0.683,-0.683,0.683,0.0,True,0.0
POSCAR_Rh2S4_1_y025,Rh2S4_1_y025,Rh2S4_1,False,y025,ALTERMAGNET,mirror/rotoinv|rotation,2,4,P2_1/c,ALTERMAGNET,True,3,14.79,86,0.58132,0.108,0.738,-0.738,0.738,0.0,True,0.0
POSCAR_Rh2S4_1_y050,Rh2S4_1_y050,Rh2S4_1,False,y050,ALTERMAGNET,mirror/rotoinv|rotation,2,4,P2_1/c,ALTERMAGNET,True,3,14.79,86,0.577724,0.118,0.757,-0.757,0.757,0.0,True,0.0
POSCAR_Rh2S4_1_y950,Rh2S4_1_y950,Rh2S4_1,False,y950,ALTERMAGNET,mirror/rotoinv|rotation,2,4,P2_1/c,ALTERMAGNET,True,3,14.79,86,0.586318,0.121,0.675,-0.675,0.675,0.0,True,0.0
POSCAR_Rh2S4_1_y975,Rh2S4_1_y975,Rh2S4_1,False,y975,ALTERMAGNET,mirror/rotoinv|rotation,2,4,P2_1/c,ALTERMAGNET,True,3,14.79,86,0.575523,0.12,0.697,-0.697,0.697,0.0,True,0.0
POSCAR_Rh2S4_1_z025,Rh2S4_1_z025,Rh2S4_1,False,z025,ALTERMAGNET,mirror/rotoinv|rotation,2,4,P2_1/c,ALTERMAGNET,True,3,14.79,86,0.51732,0.134,0.727,-0.727,0.727,0.0,True,0.0
POSCAR_Rh2S4_1_z050,Rh2S4_1_z050,Rh2S4_1,False,z050,ALTERMAGNET,mirror/rotoinv|rotation,2,4,P2_1/c,ALTERMAGNET,True,3,14.79,86,0.460461,0.102,0.738,-0.738,0.738,0.0,True,0.0
POSCAR_Rh2S4_1_z950,Rh2S4_1_z950,Rh2S4_1,False,z950,ALTERMAGNET,mirror/rotoinv|rotation,2,4,P2_1/c,ALTERMAGNET,True,3,14.79,86,0.747066,0.118,0.695,-0.695,0.695,0.0,True,0.0
POSCAR_Rh2S4_1_z975,Rh2S4_1_z975,Rh2S4_1,False,z975,ALTERMAGNET,mirror/rotoinv|rotation,2,4,P2_1/c,ALTERMAGNET,True,3,14.79,86,0.657629,0.107,0.707,-0.707,0.707,0.0,True,0.0
POSCAR_Rh2Tl2_1,Rh2Tl2_1,Rh2Tl2_1,True,none,ALTERMAGNET,mirror/rotoinv|rotation,12,24,P6_3/mmc,ALTERMAGNET,True,3,194.269,1499,0.324027,0.873,0.448,-0.452,0.448,0.0040000000000000036,True,0.004
POSCAR_Rh2Tl2_1_z975,Rh2Tl2_1_z975,Rh2Tl2_1,False,z975,ALTERMAGNET,mirror/rotoinv|rotation,12,24,P6_3/mmc,ALTERMAGNET,True,3,194.269,1499,0.240681,2.187,0.13,-0.13,0.13,0.0,True,0.0
POSCAR_Ru2S2_1,Ru2S2_1,Ru2S2_1,True,none,ALTERMAGNET,mirror/rotoinv|rotation,6,12,P6_3mc,ALTERMAGNET,True,3,186.206,1436,0.360078,0.194,0.382,-0.381,0.382,0.0010000000000000009,True,0.0
POSCAR_Ru2S2_1_st025,Ru2S2_1_st025,Ru2S2_1,False,st025,ALTERMAGNET,mirror/rotoinv|rotation,6,12,P6_3mc,ALTERMAGNET,True,3,186.206,1436,0.355894,0.14,0.394,-0.393,0.394,0.0010000000000000009,True,0.0
POSCAR_Ru2S2_1_st050,Ru2S2_1_st050,Ru2S2_1,False,st050,ALTERMAGNET,mirror/rotoinv|rotation,6,12,P6_3mc,ALTERMAGNET,True,3,186.206,1436,0.316975,0.23,0.362,-0.361,0.362,0.0010000000000000009,True,0.0
POSCAR_Ru2S2_1_st950,Ru2S2_1_st950,Ru2S2_1,False,st950,ALTERMAGNET,mirror/rotoinv|rotation,6,12,P6_3mc,ALTERMAGNET,True,3,186.206,1436,0.243569,0.118,0.265,-0.265,0.265,0.0,True,0.0
POSCAR_Ru2S2_1_st975,Ru2S2_1_st975,Ru2S2_1,False,st975,ALTERMAGNET,mirror/rotoinv|rotation,6,12,P6_3mc,ALTERMAGNET,True,3,186.206,1436,0.35725,0.146,0.329,-0.329,0.329,0.0,True,0.0
POSCAR_Ru2S2_1_x025,Ru2S2_1_x025,Ru2S2_1,False,x025,ALTERMAGNET,mirror/rotoinv|rotation,2,4,Cmc2_1,ALTERMAGNET,True,3,186.206,1436,0.385328,0.08,0.383,-0.383,0.383,0.0,True,0.0
POSCAR_Ru2S2_1_x050,Ru2S2_1_x050,Ru2S2_1,False,x050,ALTERMAGNET,rotation,1,2,P2_1,ALTERMAGNET,True,3,186.206,1436,0.408007,0.087,0.381,-0.381,0.381,0.0,True,0.0
POSCAR_Ru2S2_1_x950,Ru2S2_1_x950,Ru2S2_1,False,x950,ALTERMAGNET,rotation,1,2,P2_1,ALTERMAGNET,True,3,186.206,1436,0.287407,2.801,0.294,-0.293,0.294,0.0010000000000000009,True,0.0
POSCAR_Ru2S2_1_x975,Ru2S2_1_x975,Ru2S2_1,False,x975,ALTERMAGNET,mirror/rotoinv|rotation,2,4,Cmc2_1,ALTERMAGNET,True,3,186.206,1436,0.347269,0.135,0.356,-0.355,0.356,0.0010000000000000009,True,0.0
POSCAR_Ru2S2_1_y025,Ru2S2_1_y025,Ru2S2_1,False,y025,ALTERMAGNET,mirror/rotoinv|rotation,2,4,Cmc2_1,ALTERMAGNET,True,3,186.206,1436,0.386419,0.098,0.383,-0.383,0.383,0.0,True,0.0
POSCAR_Ru2S2_1_y050,Ru2S2_1_y050,Ru2S2_1,False,y050,ALTERMAGNET,rotation,1,2,P2_1,ALTERMAGNET,True,3,186.206,1436,0.40962,0.107,0.381,-0.381,0.381,0.0,True,0.0
POSCAR_Ru2S2_1_y950,Ru2S2_1_y950,Ru2S2_1,False,y950,ALTERMAGNET,rotation,1,2,P2_1,ALTERMAGNET,True,3,186.206,1436,0.286791,2.791,0.293,-0.293,0.293,0.0,True,0.0
POSCAR_Ru2S2_1_y975,Ru2S2_1_y975,Ru2S2_1,False,y975,ALTERMAGNET,mirror/rotoinv|rotation,2,4,Cmc2_1,ALTERMAGNET,True,3,186.206,1436,0.345198,0.07,0.355,-0.355,0.355,0.0,True,0.0
POSCAR_Ru2S2_1_z025,Ru2S2_1_z025,Ru2S2_1,False,z025,ALTERMAGNET,mirror/rotoinv|rotation,6,12,P6_3mc,ALTERMAGNET,True,3,186.206,1436,0.382235,0.072,0.4,-0.4,0.4,0.0,True,0.0
POSCAR_Ru2S2_1_z050,Ru2S2_1_z050,Ru2S2_1,False,z050,ALTERMAGNET,mirror/rotoinv|rotation,6,12,P6_3mc,ALTERMAGNET,True,3,186.206,1436,0.340731,0.076,0.431,-0.431,0.431,0.0,True,0.0
POSCAR_Ru2S2_1_z950,Ru2S2_1_z950,Ru2S2_1,False,z950,ALTERMAGNET,mirror/rotoinv|rotation,6,12,P6_3mc,ALTERMAGNET,True,3,186.206,1436,0.341094,0.078,0.338,-0.338,0.338,0.0,True,0.0
POSCAR_Ru2S2_1_z975,Ru2S2_1_z975,Ru2S2_1,False,z975,ALTERMAGNET,mirror/rotoinv|rotation,6,12,P6_3mc,ALTERMAGNET,True,3,186.206,1436,0.384746,0.07,0.365,-0.365,0.365,0.0,True,0.0
POSCAR_Ru2S2_2,Ru2S2_2,Ru2S2_2,True,none,ALTERMAGNET,mirror/rotoinv|rotation,2,4,Cmc2_1,ALTERMAGNET,True,3,36.175,273,0.351852,1.612,0.942,-0.942,0.942,0.0,True,0.0
POSCAR_Ru2S2_2_st025,Ru2S2_2_st025,Ru2S2_2,False,st025,ALTERMAGNET,mirror/rotoinv|rotation,2,4,Cmc2_1,ALTERMAGNET,True,3,36.175,273,0.49776,1.548,1.28,-1.28,1.28,0.0,True,0.0
POSCAR_Ru2S2_2_st050,Ru2S2_2_st050,Ru2S2_2,False,st050,ALTERMAGNET,mirror/rotoinv|rotation,2,4,Cmc2_1,ALTERMAGNET,True,3,36.175,273,0.554971,1.814,1.58,-1.579,1.58,0.001000000000000112,True,0.0
POSCAR_Ru2S2_2_st950,Ru2S2_2_st950,Ru2S2_2,False,st950,ALTERMAGNET,mirror/rotoinv|rotation,2,4,Cmc2_1,ALTERMAGNET,True,3,36.175,273,0.27415,1.119,0.454,-0.453,0.454,0.0010000000000000009,True,0.001
POSCAR_Ru2S2_2_st975,Ru2S2_2_st975,Ru2S2_2,False,st975,ALTERMAGNET,mirror/rotoinv|rotation,2,4,Cmc2_1,ALTERMAGNET,True,3,36.175,273,0.336661,1.367,0.663,-0.662,0.663,0.0010000000000000009,True,0.001
POSCAR_Ru2S2_2_x025,Ru2S2_2_x025,Ru2S2_2,False,x025,ALTERMAGNET,rotation,1,2,P2_1,ALTERMAGNET,True,3,36.175,273,0.436715,1.688,1.005,-1.004,1.005,0.0009999999999998899,True,0.0
POSCAR_Ru2S2_2_x050,Ru2S2_2_x050,Ru2S2_2,False,x050,ALTERMAGNET,rotation,1,2,P2_1,ALTERMAGNET,True,3,36.175,273,0.532862,1.85,1.08,-1.078,1.08,0.0020000000000000018,True,0.002
POSCAR_Ru2S2_2_x950,Ru2S2_2_x950,Ru2S2_2,False,x950,ALTERMAGNET,rotation,1,2,P2_1,ALTERMAGNET,True,3,36.175,273,0.371944,1.574,0.816,-0.815,0.816,0.0010000000000000009,True,0.001
POSCAR_Ru2S2_2_x975,Ru2S2_2_x975,Ru2S2_2,False,x975,ALTERMAGNET,mirror/rotoinv|rotation,2,4,Cmc2_1,ALTERMAGNET,True,3,36.175,273,0.347329,1.654,0.883,-0.882,0.883,0.0010000000000000009,True,0.001
POSCAR_Ru2S2_2_y025,Ru2S2_2_y025,Ru2S2_2,False,y025,ALTERMAGNET,mirror/rotoinv|rotation,2,4,Cmc2_1,ALTERMAGNET,True,3,36.175,273,0.37715,1.913,1.048,-1.047,1.048,0.001000000000000112,True,0.001
POSCAR_Ru2S2_2_y050,Ru2S2_2_y050,Ru2S2_2,False,y050,ALTERMAGNET,rotation,1,2,P2_1,ALTERMAGNET,True,3,36.175,273,0.393543,1.688,1.138,-1.138,1.138,0.0,True,0.0
POSCAR_Ru2S2_2_y950,Ru2S2_2_y950,Ru2S2_2,False,y950,ALTERMAGNET,rotation,1,2,P2_1,ALTERMAGNET,True,3,36.175,273,0.416363,1.909,0.644,-0.643,0.644,0.0010000000000000009,True,0.001
POSCAR_Ru2S2_2_y975,Ru2S2_2_y975,Ru2S2_2,False,y975,ALTERMAGNET,rotation,1,2,P2_1,ALTERMAGNET,True,3,36.175,273,0.381273,1.673,0.81,-0.809,0.81,0.0010000000000000009,True,0.0
POSCAR_Ru2S2_2_z025,Ru2S2_2_z025,Ru2S2_2,False,z025,ALTERMAGNET,mirror/rotoinv|rotation,2,4,Cmc2_1,ALTERMAGNET,True,3,36.175,273,0.375996,1.68,1.081,-1.08,1.081,0.0009999999999998899,True,0.001
POSCAR_Ru2S2_2_z050,Ru2S2_2_z050,Ru2S2_2,False,z050,ALTERMAGNET,mirror/rotoinv|rotation,2,4,Cmc2_1,ALTERMAGNET,True,3,36.175,273,0.402052,2.046,1.23,-1.227,1.23,0.0029999999999998916,True,0.002
POSCAR_Ru2S2_2_z950,Ru2S2_2_z950,Ru2S2_2,False,z950,ALTERMAGNET,mirror/rotoinv|rotation,2,4,Cmc2_1,ALTERMAGNET,True,3,36.175,273,0.293573,1.589,0.665,-0.663,0.665,0.0020000000000000018,True,0.002
POSCAR_Ru2S2_2_z975,Ru2S2_2_z975,Ru2S2_2,False,z975,ALTERMAGNET,mirror/rotoinv|rotation,2,4,Cmc2_1,ALTERMAGNET,True,3,36.175,273,0.326359,1.689,0.804,-0.803,0.804,0.0010000000000000009,True,0.001
POSCAR_Ru2S8_1,Ru2S8_1,Ru2S8_1,True,none,ALTERMAGNET,mirror/rotoinv|rotation,2,4,P2_1/c,ALTERMAGNET,True,3,14.79,86,0.379438,0.238,0.528,-0.529,0.528,0.0010000000000000009,True,0.0
POSCAR_Ru2S8_1_st025,Ru2S8_1_st025,Ru2S8_1,False,st025,ALTERMAGNET,mirror/rotoinv|rotation,2,4,P2_1/c,ALTERMAGNET,True,3,14.79,86,0.309007,0.259,0.729,-0.729,0.729,0.0,True,0.0
POSCAR_Ru2S8_1_st050,Ru2S8_1_st050,Ru2S8_1,False,st050,ALTERMAGNET,mirror/rotoinv|rotation,2,4,P2_1/c,ALTERMAGNET,True,3,14.79,86,0.274678,0.272,0.852,-0.852,0.852,0.0,True,0.0
POSCAR_Ru2S8_1_x025,Ru2S8_1_x025,Ru2S8_1,False,x025,ALTERMAGNET,mirror/rotoinv|rotation,2,4,P2_1/c,ALTERMAGNET,True,3,14.79,86,0.425533,0.298,0.58,-0.581,0.58,0.0010000000000000009,True,0.0
POSCAR_Ru2S8_1_x050,Ru2S8_1_x050,Ru2S8_1,False,x050,ALTERMAGNET,mirror/rotoinv|rotation,2,4,P2_1/c,ALTERMAGNET,True,3,14.79,86,0.028072,0.094,0.013,-0.012,0.013,0.0009999999999999992,True,0.0
POSCAR_Ru2S8_1_y025,Ru2S8_1_y025,Ru2S8_1,False,y025,ALTERMAGNET,mirror/rotoinv|rotation,2,4,P2_1/c,ALTERMAGNET,True,3,14.79,86,0.341291,0.231,0.594,-0.594,0.594,0.0,True,0.0
POSCAR_Ru2S8_1_y050,Ru2S8_1_y050,Ru2S8_1,False,y050,ALTERMAGNET,mirror/rotoinv|rotation,2,4,P2_1/c,ALTERMAGNET,True,3,14.79,86,0.361069,0.224,0.642,-0.643,0.642,0.0010000000000000009,True,0.0
POSCAR_Ru2S8_1_z025,Ru2S8_1_z025,Ru2S8_1,False,z025,ALTERMAGNET,mirror/rotoinv|rotation,2,4,P2_1/c,ALTERMAGNET,True,3,14.79,86,0.021024,2.308,0.003,-0.009,0.003,0.005999999999999999,True,0.004
POSCAR_Ru2S8_1_z050,Ru2S8_1_z050,Ru2S8_1,False,z050,ALTERMAGNET,mirror/rotoinv|rotation,2,4,P2_1/c,ALTERMAGNET,True,3,14.79,86,0.33792,0.253,0.735,-0.735,0.735,0.0,True,0.0
POSCAR_Ru2Si1_1,Ru2Si1_1,Ru2Si1_1,True,none,conventional_AFM_inversion,inversion|mirror/rotoinv|rotation,24,48,Fm-3m,conventional_AFM_inversion,True,3,225.118,1620,0.074692,0.806,0.173,-0.173,0.173,0.0,True,0.0
POSCAR_Ru2Si1_1_x950,Ru2Si1_1_x950,Ru2Si1_1,False,x950,conventional_AFM_inversion,inversion|rotation,2,4,C2/m,conventional_AFM_inversion,True,3,225.118,1620,0.002271,0.142,0.002,-0.002,0.002,0.0,True,0.0
POSCAR_Ru2Si1_1_x975,Ru2Si1_1_x975,Ru2Si1_1,False,x975,conventional_AFM_inversion,inversion|rotation,2,4,C2/m,conventional_AFM_inversion,True,3,225.118,1620,0.001481,0.158,0.04,-0.039,0.04,0.0010000000000000009,True,0.001
POSCAR_Ru2Si1_1_z950,Ru2Si1_1_z950,Ru2Si1_1,False,z950,conventional_AFM_inversion,inversion|rotation,2,4,C2/m,conventional_AFM_inversion,True,3,225.118,1620,0.005693,0.246,0.002,-0.001,0.002,0.001,True,0.001
POSCAR_Ru2Si1_1_z975,Ru2Si1_1_z975,Ru2Si1_1,False,z975,conventional_AFM_inversion,inversion|rotation,2,4,C2/m,conventional_AFM_inversion,True,3,225.118,1620,0.009538,0.146,0.022,-0.022,0.022,0.0,True,0.0
POSCAR_Ru2Sn2_3,Ru2Sn2_3,Ru2Sn2_3,True,none,ALTERMAGNET,mirror/rotoinv|rotation,12,24,P6_3/mmc,ALTERMAGNET,True,3,194.269,1499,0.499649,0.044,0.784,-0.784,0.784,0.0,True,0.0
POSCAR_Ru2Sn2_3_st050,Ru2Sn2_3_st050,Ru2Sn2_3,False,st050,ALTERMAGNET,mirror/rotoinv|rotation,12,24,P6_3/mmc,ALTERMAGNET,True,3,194.269,1499,0.879461,0.2,1.777,-1.776,1.777,0.0009999999999998899,True,0.001
POSCAR_Ru2Sn2_3_st975,Ru2Sn2_3_st975,Ru2Sn2_3,False,st975,ALTERMAGNET,mirror/rotoinv|rotation,12,24,P6_3/mmc,ALTERMAGNET,True,3,194.269,1499,0.040538,0.026,0.041,-0.041,0.041,0.0,True,0.0
POSCAR_Ru2Sn2_3_x025,Ru2Sn2_3_x025,Ru2Sn2_3,False,x025,ALTERMAGNET,mirror/rotoinv|rotation,2,4,P2_1/m,ALTERMAGNET,True,3,194.269,1499,0.484741,0.041,0.904,-0.904,0.904,0.0,True,0.0
POSCAR_Ru2Sn2_3_x050,Ru2Sn2_3_x050,Ru2Sn2_3,False,x050,ALTERMAGNET,mirror/rotoinv|rotation,2,4,P2_1/m,ALTERMAGNET,True,3,194.269,1499,0.519583,0.11,1.015,-1.015,1.015,0.0,True,0.0
POSCAR_Ru2Sn2_3_x950,Ru2Sn2_3_x950,Ru2Sn2_3,False,x950,ALTERMAGNET,mirror/rotoinv|rotation,2,4,P2_1/m,ALTERMAGNET,True,3,194.269,1499,0.213915,0.718,0.297,-0.294,0.297,0.0030000000000000027,True,0.003
POSCAR_Ru2Sn2_3_x975,Ru2Sn2_3_x975,Ru2Sn2_3,False,x975,ALTERMAGNET,mirror/rotoinv|rotation,2,4,P2_1/m,ALTERMAGNET,True,3,194.269,1499,0.448273,0.06,0.646,-0.646,0.646,0.0,True,0.0
POSCAR_Ru2Sn2_3_y025,Ru2Sn2_3_y025,Ru2Sn2_3,False,y025,ALTERMAGNET,mirror/rotoinv|rotation,2,4,P2_1/m,ALTERMAGNET,True,3,194.269,1499,0.478463,0.159,0.895,-0.894,0.895,0.0010000000000000009,True,0.001
POSCAR_Ru2Sn2_3_y050,Ru2Sn2_3_y050,Ru2Sn2_3,False,y050,ALTERMAGNET,mirror/rotoinv|rotation,2,4,P2_1/m,ALTERMAGNET,True,3,194.269,1499,0.519533,0.062,1.015,-1.015,1.015,0.0,True,0.0
POSCAR_Ru2Sn2_3_y950,Ru2Sn2_3_y950,Ru2Sn2_3,False,y950,ALTERMAGNET,mirror/rotoinv|rotation,2,4,P2_1/m,ALTERMAGNET,True,3,194.269,1499,0.21474,0.653,0.305,-0.302,0.305,0.0030000000000000027,True,0.003
POSCAR_Ru2Sn2_3_y975,Ru2Sn2_3_y975,Ru2Sn2_3,False,y975,ALTERMAGNET,mirror/rotoinv|rotation,2,4,P2_1/m,ALTERMAGNET,True,3,194.269,1499,0.447558,0.037,0.646,-0.646,0.646,0.0,True,0.0
POSCAR_Ru2Sn2_3_z025,Ru2Sn2_3_z025,Ru2Sn2_3,False,z025,ALTERMAGNET,mirror/rotoinv|rotation,12,24,P6_3/mmc,ALTERMAGNET,True,3,194.269,1499,0.731623,0.055,1.026,-1.026,1.026,0.0,True,0.0
POSCAR_Ru2Sn2_3_z050,Ru2Sn2_3_z050,Ru2Sn2_3,False,z050,ALTERMAGNET,mirror/rotoinv|rotation,12,24,P6_3/mmc,ALTERMAGNET,True,3,194.269,1499,1.112079,0.262,1.517,-1.517,1.517,0.0,True,0.0
POSCAR_Ru2Sn2_3_z950,Ru2Sn2_3_z950,Ru2Sn2_3,False,z950,ALTERMAGNET,mirror/rotoinv|rotation,12,24,P6_3/mmc,ALTERMAGNET,True,3,194.269,1499,0.102044,0.034,0.194,-0.194,0.194,0.0,True,0.0
POSCAR_Ru2Sn2_3_z975,Ru2Sn2_3_z975,Ru2Sn2_3,False,z975,ALTERMAGNET,mirror/rotoinv|rotation,12,24,P6_3/mmc,ALTERMAGNET,True,3,194.269,1499,0.23489,0.025,0.488,-0.488,0.488,0.0,True,0.0
POSCAR_S2Ti2_2,S2Ti2_2,S2Ti2_2,True,none,ALTERMAGNET,mirror/rotoinv|rotation,12,24,P6_3/mmc,ALTERMAGNET,True,3,194.269,1499,0.469563,0.412,0.359,-0.36,0.359,0.0010000000000000009,True,0.0
POSCAR_S2Ti2_2_st025,S2Ti2_2_st025,S2Ti2_2,False,st025,ALTERMAGNET,mirror/rotoinv|rotation,12,24,P6_3/mmc,ALTERMAGNET,True,3,194.269,1499,0.413374,1.384,0.647,-0.648,0.647,0.0010000000000000009,True,0.001
POSCAR_S2Ti2_2_st050,S2Ti2_2_st050,S2Ti2_2,False,st050,ALTERMAGNET,mirror/rotoinv|rotation,12,24,P6_3/mmc,ALTERMAGNET,True,3,194.269,1499,0.159491,0.292,1.286,-1.286,1.286,0.0,True,0.0
POSCAR_S2Ti2_2_st975,S2Ti2_2_st975,S2Ti2_2,False,st975,ALTERMAGNET,mirror/rotoinv|rotation,12,24,P6_3/mmc,ALTERMAGNET,True,3,194.269,1499,0.100746,0.075,0.07,-0.07,0.07,0.0,True,0.0
POSCAR_S2Ti2_2_x050,S2Ti2_2_x050,S2Ti2_2,False,x050,ALTERMAGNET,mirror/rotoinv|rotation,2,4,P2_1/m,ALTERMAGNET,True,3,194.269,1499,0.528627,0.597,0.474,-0.474,0.474,0.0,True,0.0
POSCAR_S2Ti2_2_x950,S2Ti2_2_x950,S2Ti2_2,False,x950,ALTERMAGNET,mirror/rotoinv|rotation,2,4,P2_1/m,ALTERMAGNET,True,3,194.269,1499,0.138243,0.215,0.047,-0.047,0.047,0.0,True,0.0
POSCAR_S2Ti2_2_x975,S2Ti2_2_x975,S2Ti2_2,False,x975,ALTERMAGNET,mirror/rotoinv|rotation,4,8,Cmcm,ALTERMAGNET,True,3,194.269,1499,0.425437,0.322,0.221,-0.22,0.221,0.0010000000000000009,True,0.0
POSCAR_S2Ti2_2_y050,S2Ti2_2_y050,S2Ti2_2,False,y050,ALTERMAGNET,mirror/rotoinv|rotation,2,4,P2_1/m,ALTERMAGNET,True,3,194.269,1499,0.526371,0.611,0.477,-0.478,0.477,0.0010000000000000009,True,0.001
POSCAR_S2Ti2_2_y950,S2Ti2_2_y950,S2Ti2_2,False,y950,ALTERMAGNET,mirror/rotoinv|rotation,2,4,P2_1/m,ALTERMAGNET,True,3,194.269,1499,0.13999,0.247,0.047,-0.047,0.047,0.0,True,0.0
POSCAR_S2Ti2_2_y975,S2Ti2_2_y975,S2Ti2_2,False,y975,ALTERMAGNET,mirror/rotoinv|rotation,4,8,Cmcm,ALTERMAGNET,True,3,194.269,1499,0.425363,0.348,0.22,-0.22,0.22,0.0,True,0.001
POSCAR_S2V2_2,S2V2_2,S2V2_2,True,none,ALTERMAGNET,mirror/rotoinv|rotation,4,8,I4_1md,ALTERMAGNET,True,3,109.242,902,0.694501,4.063,2.575,-2.575,2.575,0.0,True,0.0
POSCAR_S2V2_2_st025,S2V2_2_st025,S2V2_2,False,st025,ALTERMAGNET,mirror/rotoinv|rotation,4,8,I4_1md,ALTERMAGNET,True,3,109.242,902,0.586575,3.617,2.625,-2.625,2.625,0.0,True,0.0
POSCAR_S2V2_2_st050,S2V2_2_st050,S2V2_2,False,st050,ALTERMAGNET,mirror/rotoinv|rotation,4,8,I4_1md,ALTERMAGNET,True,3,109.242,902,0.48561,3.648,2.665,-2.665,2.665,0.0,True,0.0
POSCAR_S2V2_2_st950,S2V2_2_st950,S2V2_2,False,st950,ALTERMAGNET,mirror/rotoinv|rotation,4,8,I4_1md,ALTERMAGNET,True,3,109.242,902,0.908369,4.163,2.424,-2.424,2.424,0.0,True,0.0
POSCAR_S2V2_2_st975,S2V2_2_st975,S2V2_2,False,st975,ALTERMAGNET,mirror/rotoinv|rotation,4,8,I4_1md,ALTERMAGNET,True,3,109.242,902,0.823342,3.987,2.51,-2.51,2.51,0.0,True,0.0
POSCAR_S2V2_2_z025,S2V2_2_z025,S2V2_2,False,z025,ALTERMAGNET,mirror/rotoinv,1,2,Cc,ALTERMAGNET,True,3,109.242,902,0.665911,3.583,2.596,-2.596,2.596,0.0,True,0.0
POSCAR_S2V2_3,S2V2_3,S2V2_3,True,none,ALTERMAGNET,mirror/rotoinv|rotation,6,12,P6_3mc,ALTERMAGNET,True,3,186.206,1436,0.280236,0.757,2.678,-2.678,2.678,0.0,True,0.0
POSCAR_S2V2_3_st025,S2V2_3_st025,S2V2_3,False,st025,ALTERMAGNET,mirror/rotoinv|rotation,6,12,P6_3mc,ALTERMAGNET,True,3,186.206,1436,0.25693,0.727,2.705,-2.705,2.705,0.0,True,0.0
POSCAR_S2V2_3_st050,S2V2_3_st050,S2V2_3,False,st050,ALTERMAGNET,mirror/rotoinv|rotation,6,12,P6_3mc,ALTERMAGNET,True,3,186.206,1436,0.22552,0.756,2.727,-2.727,2.727,0.0,True,0.0
POSCAR_S2V2_3_st950,S2V2_3_st950,S2V2_3,False,st950,ALTERMAGNET,mirror/rotoinv|rotation,6,12,P6_3mc,ALTERMAGNET,True,3,186.206,1436,0.212622,0.862,2.605,-2.605,2.605,0.0,True,0.0
POSCAR_S2V2_3_st975,S2V2_3_st975,S2V2_3,False,st975,ALTERMAGNET,mirror/rotoinv|rotation,6,12,P6_3mc,ALTERMAGNET,True,3,186.206,1436,0.213162,0.801,2.646,-2.646,2.646,0.0,True,0.0
POSCAR_S2V2_3_x975,S2V2_3_x975,S2V2_3,False,x975,ALTERMAGNET,mirror/rotoinv|rotation,2,4,Cmc2_1,ALTERMAGNET,True,3,186.206,1436,0.299189,0.711,2.667,-2.667,2.667,0.0,True,0.0
POSCAR_S2V2_3_y025,S2V2_3_y025,S2V2_3,False,y025,ALTERMAGNET,mirror/rotoinv|rotation,2,4,Cmc2_1,ALTERMAGNET,True,3,186.206,1436,0.297145,0.702,2.688,-2.688,2.688,0.0,True,0.0
POSCAR_S2V2_3_y050,S2V2_3_y050,S2V2_3,False,y050,ALTERMAGNET,rotation,1,2,P2_1,ALTERMAGNET,True,3,186.206,1436,0.313463,0.722,2.697,-2.697,2.697,0.0,True,0.0
POSCAR_S2V2_3_y950,S2V2_3_y950,S2V2_3,False,y950,ALTERMAGNET,rotation,1,2,P2_1,ALTERMAGNET,True,3,186.206,1436,0.250747,0.713,2.655,-2.655,2.655,0.0,True,0.0
POSCAR_S2V2_3_y975,S2V2_3_y975,S2V2_3,False,y975,ALTERMAGNET,mirror/rotoinv|rotation,2,4,Cmc2_1,ALTERMAGNET,True,3,186.206,1436,0.298823,0.702,2.667,-2.667,2.667,0.0,True,0.0
POSCAR_S2V2_3_z025,S2V2_3_z025,S2V2_3,False,z025,ALTERMAGNET,mirror/rotoinv|rotation,6,12,P6_3mc,ALTERMAGNET,True,3,186.206,1436,0.277154,0.744,2.686,-2.686,2.686,0.0,True,0.0
POSCAR_S2V2_3_z050,S2V2_3_z050,S2V2_3,False,z050,ALTERMAGNET,mirror/rotoinv|rotation,6,12,P6_3mc,ALTERMAGNET,True,3,186.206,1436,0.26909,0.726,2.694,-2.694,2.694,0.0,True,0.0
POSCAR_S2V2_3_z950,S2V2_3_z950,S2V2_3,False,z950,ALTERMAGNET,mirror/rotoinv|rotation,6,12,P6_3mc,ALTERMAGNET,True,3,186.206,1436,0.279729,0.767,2.659,-2.659,2.659,0.0,True,0.0
POSCAR_S2V2_3_z975,S2V2_3_z975,S2V2_3,False,z975,ALTERMAGNET,mirror/rotoinv|rotation,6,12,P6_3mc,ALTERMAGNET,True,3,186.206,1436,0.281579,0.774,2.669,-2.669,2.669,0.0,True,0.0
POSCAR_S2V2_4,S2V2_4,S2V2_4,True,none,ALTERMAGNET,mirror/rotoinv|rotation,12,24,P6_3/mmc,ALTERMAGNET,True,3,194.269,1499,0.383382,1.274,2.646,-2.646,2.646,0.0,True,0.0
POSCAR_S2V2_4_st025,S2V2_4_st025,S2V2_4,False,st025,ALTERMAGNET,mirror/rotoinv|rotation,12,24,P6_3/mmc,ALTERMAGNET,True,3,194.269,1499,0.358039,0.182,2.677,-2.677,2.677,0.0,True,0.0
POSCAR_S2V2_4_st050,S2V2_4_st050,S2V2_4,False,st050,ALTERMAGNET,mirror/rotoinv|rotation,12,24,P6_3/mmc,ALTERMAGNET,True,3,194.269,1499,0.341216,0.215,2.703,-2.703,2.703,0.0,True,0.0
POSCAR_S2V2_4_st950,S2V2_4_st950,S2V2_4,False,st950,ALTERMAGNET,mirror/rotoinv|rotation,12,24,P6_3/mmc,ALTERMAGNET,True,3,194.269,1499,0.462744,0.249,2.561,-2.561,2.561,0.0,True,0.0
POSCAR_S2V2_4_st975,S2V2_4_st975,S2V2_4,False,st975,ALTERMAGNET,mirror/rotoinv|rotation,12,24,P6_3/mmc,ALTERMAGNET,True,3,194.269,1499,0.418266,0.235,2.608,-2.608,2.608,0.0,True,0.0
POSCAR_S2V2_4_x025,S2V2_4_x025,S2V2_4,False,x025,ALTERMAGNET,mirror/rotoinv|rotation,2,4,P2_1/m,ALTERMAGNET,True,3,194.269,1499,0.417616,0.374,2.654,-2.654,2.654,0.0,True,0.0
POSCAR_S2V2_4_x050,S2V2_4_x050,S2V2_4,False,x050,ALTERMAGNET,mirror/rotoinv|rotation,2,4,P2_1/m,ALTERMAGNET,True,3,194.269,1499,0.442621,0.443,2.661,-2.661,2.661,0.0,True,0.0
POSCAR_S2V2_4_x950,S2V2_4_x950,S2V2_4,False,x950,ALTERMAGNET,mirror/rotoinv|rotation,2,4,P2_1/m,ALTERMAGNET,True,3,194.269,1499,0.426573,0.429,2.624,-2.624,2.624,0.0,True,0.0
POSCAR_S2V2_4_x975,S2V2_4_x975,S2V2_4,False,x975,ALTERMAGNET,mirror/rotoinv|rotation,2,4,P2_1/m,ALTERMAGNET,True,3,194.269,1499,0.404962,0.418,2.636,-2.636,2.636,0.0,True,0.0
POSCAR_S2V2_4_y025,S2V2_4_y025,S2V2_4,False,y025,ALTERMAGNET,mirror/rotoinv|rotation,2,4,P2_1/m,ALTERMAGNET,True,3,194.269,1499,0.417019,0.352,2.654,-2.654,2.654,0.0,True,0.0
POSCAR_S2V2_4_y050,S2V2_4_y050,S2V2_4,False,y050,ALTERMAGNET,mirror/rotoinv|rotation,2,4,P2_1/m,ALTERMAGNET,True,3,194.269,1499,0.44223,0.4,2.661,-2.661,2.661,0.0,True,0.0
POSCAR_S2V2_4_y950,S2V2_4_y950,S2V2_4,False,y950,ALTERMAGNET,mirror/rotoinv|rotation,2,4,P2_1/m,ALTERMAGNET,True,3,194.269,1499,0.427157,0.538,2.624,-2.624,2.624,0.0,True,0.0
POSCAR_S2V2_4_y975,S2V2_4_y975,S2V2_4,False,y975,ALTERMAGNET,mirror/rotoinv|rotation,2,4,P2_1/m,ALTERMAGNET,True,3,194.269,1499,0.405654,0.464,2.636,-2.636,2.636,0.0,True,0.0
POSCAR_S2V2_4_z025,S2V2_4_z025,S2V2_4,False,z025,ALTERMAGNET,mirror/rotoinv|rotation,12,24,P6_3/mmc,ALTERMAGNET,True,3,194.269,1499,0.341999,0.172,2.661,-2.661,2.661,0.0,True,0.0
POSCAR_S2V2_4_z050,S2V2_4_z050,S2V2_4,False,z050,ALTERMAGNET,mirror/rotoinv|rotation,12,24,P6_3/mmc,ALTERMAGNET,True,3,194.269,1499,0.306377,0.185,2.674,-2.674,2.674,0.0,True,0.0
POSCAR_S2V2_4_z950,S2V2_4_z950,S2V2_4,False,z950,ALTERMAGNET,mirror/rotoinv|rotation,12,24,P6_3/mmc,ALTERMAGNET,True,3,194.269,1499,0.485448,0.228,2.607,-2.607,2.607,0.0,True,0.0
POSCAR_Sb2Ti2_1,Sb2Ti2_1,Sb2Ti2_1,True,none,ALTERMAGNET,mirror/rotoinv|rotation,4,8,Cmcm,ALTERMAGNET,True,3,63.463,561,0.321482,0.968,0.693,-0.691,0.693,0.0020000000000000018,True,0.002
POSCAR_Sb2Ti2_1_st025,Sb2Ti2_1_st025,Sb2Ti2_1,False,st025,ALTERMAGNET,mirror/rotoinv|rotation,4,8,Cmcm,ALTERMAGNET,True,3,63.463,561,0.460162,4.134,0.835,-0.831,0.835,0.0040000000000000036,True,0.003
POSCAR_Sb2Ti2_1_st050,Sb2Ti2_1_st050,Sb2Ti2_1,False,st050,ALTERMAGNET,mirror/rotoinv|rotation,4,8,Cmcm,ALTERMAGNET,True,3,63.463,561,0.539832,0.361,0.939,-0.938,0.939,0.0010000000000000009,True,0.0
POSCAR_Sb2Ti2_1_st950,Sb2Ti2_1_st950,Sb2Ti2_1,False,st950,ALTERMAGNET,mirror/rotoinv|rotation,4,8,Cmcm,ALTERMAGNET,True,3,63.463,561,0.072141,0.062,0.163,-0.163,0.163,0.0,True,0.0
POSCAR_Sb2Ti2_1_st975,Sb2Ti2_1_st975,Sb2Ti2_1,False,st975,ALTERMAGNET,mirror/rotoinv|rotation,4,8,Cmcm,ALTERMAGNET,True,3,63.463,561,0.245702,0.593,0.511,-0.51,0.511,0.0010000000000000009,True,0.001
POSCAR_Sb2Ti2_1_x025,Sb2Ti2_1_x025,Sb2Ti2_1,False,x025,ALTERMAGNET,mirror/rotoinv|rotation,2,4,P2_1/m,ALTERMAGNET,True,3,63.463,561,0.344457,0.212,0.772,-0.772,0.772,0.0,True,0.0
POSCAR_Sb2Ti2_1_x050,Sb2Ti2_1_x050,Sb2Ti2_1,False,x050,ALTERMAGNET,mirror/rotoinv|rotation,2,4,P2_1/m,ALTERMAGNET,True,3,63.463,561,0.437036,0.19,0.817,-0.816,0.817,0.0010000000000000009,True,0.0
POSCAR_Sb2Ti2_1_x950,Sb2Ti2_1_x950,Sb2Ti2_1,False,x950,ALTERMAGNET,mirror/rotoinv|rotation,2,4,P2_1/m,ALTERMAGNET,True,3,63.463,561,0.266054,0.173,0.607,-0.607,0.607,0.0,True,0.0
POSCAR_Sb2Ti2_1_x975,Sb2Ti2_1_x975,Sb2Ti2_1,False,x975,ALTERMAGNET,mirror/rotoinv|rotation,4,8,Cmcm,ALTERMAGNET,True,3,63.463,561,0.293917,1.274,0.646,-0.643,0.646,0.0030000000000000027,True,0.003
POSCAR_Sb2Ti2_1_y025,Sb2Ti2_1_y025,Sb2Ti2_1,False,y025,ALTERMAGNET,mirror/rotoinv|rotation,4,8,Cmcm,ALTERMAGNET,True,3,63.463,561,0.30148,0.368,0.744,-0.744,0.744,0.0,True,0.0
POSCAR_Sb2Ti2_1_y950,Sb2Ti2_1_y950,Sb2Ti2_1,False,y950,ALTERMAGNET,mirror/rotoinv|rotation,2,4,P2_1/m,ALTERMAGNET,True,3,63.463,561,0.270183,0.196,0.614,-0.614,0.614,0.0,True,0.0
POSCAR_Sb2Ti2_1_y975,Sb2Ti2_1_y975,Sb2Ti2_1,False,y975,ALTERMAGNET,mirror/rotoinv|rotation,2,4,P2_1/m,ALTERMAGNET,True,3,63.463,561,0.297011,0.208,0.654,-0.654,0.654,0.0,True,0.0
POSCAR_Sb2Ti2_1_z025,Sb2Ti2_1_z025,Sb2Ti2_1,False,z025,ALTERMAGNET,mirror/rotoinv|rotation,4,8,Cmcm,ALTERMAGNET,True,3,63.463,561,0.290419,1.921,0.764,-0.767,0.764,0.0030000000000000027,True,0.003
POSCAR_Sb2Ti2_1_z050,Sb2Ti2_1_z050,Sb2Ti2_1,False,z050,ALTERMAGNET,mirror/rotoinv|rotation,4,8,Cmcm,ALTERMAGNET,True,3,63.463,561,0.222081,4.9,0.822,-0.82,0.822,0.0020000000000000018,True,0.002
POSCAR_Sb2Ti2_1_z950,Sb2Ti2_1_z950,Sb2Ti2_1,False,z950,ALTERMAGNET,mirror/rotoinv|rotation,4,8,Cmcm,ALTERMAGNET,True,3,63.463,561,0.307408,0.108,0.531,-0.531,0.531,0.0,True,0.0
POSCAR_Sb2Ti2_1_z975,Sb2Ti2_1_z975,Sb2Ti2_1,False,z975,ALTERMAGNET,mirror/rotoinv|rotation,4,8,Cmcm,ALTERMAGNET,True,3,63.463,561,0.298994,0.213,0.607,-0.607,0.607,0.0,True,0.0
POSCAR_Sc2Te2_1,Sc2Te2_1,Sc2Te2_1,True,none,ALTERMAGNET,mirror/rotoinv|rotation,12,24,P6_3/mmc,ALTERMAGNET,True,3,194.269,1499,0.015685,0.667,0.043,-0.04,0.043,0.0029999999999999957,True,0.003
POSCAR_Sc2Te2_1_x950,Sc2Te2_1_x950,Sc2Te2_1,False,x950,ALTERMAGNET,mirror/rotoinv|rotation,2,4,P2_1/m,ALTERMAGNET,True,3,194.269,1499,0.016334,1.218,0.006,-0.003,0.006,0.003,True,0.003
POSCAR_Sc2Te2_1_x975,Sc2Te2_1_x975,Sc2Te2_1,False,x975,ALTERMAGNET,mirror/rotoinv|rotation,2,4,P2_1/m,ALTERMAGNET,True,3,194.269,1499,0.039029,1.611,0.011,-0.007,0.011,0.003999999999999999,True,0.003
POSCAR_Sc2Te2_1_y050,Sc2Te2_1_y050,Sc2Te2_1,False,y050,ALTERMAGNET,mirror/rotoinv|rotation,2,4,P2_1/m,ALTERMAGNET,True,3,194.269,1499,0.014685,0.116,0.008,-0.007,0.008,0.001,True,0.0
POSCAR_Sc2Te2_1_y950,Sc2Te2_1_y950,Sc2Te2_1,False,y950,ALTERMAGNET,mirror/rotoinv|rotation,2,4,P2_1/m,ALTERMAGNET,True,3,194.269,1499,0.016774,1.315,0.006,-0.003,0.006,0.003,True,0.003
POSCAR_Sc2Te2_1_y975,Sc2Te2_1_y975,Sc2Te2_1,False,y975,ALTERMAGNET,mirror/rotoinv|rotation,2,4,P2_1/m,ALTERMAGNET,True,3,194.269,1499,0.039192,1.208,0.01,-0.007,0.01,0.003,True,0.003
POSCAR_Sc2Te2_1_z025,Sc2Te2_1_z025,Sc2Te2_1,False,z025,ALTERMAGNET,mirror/rotoinv|rotation,12,24,P6_3/mmc,ALTERMAGNET,True,3,194.269,1499,0.021933,0.119,0.052,-0.052,0.052,0.0,True,0.0
POSCAR_Sc2Te2_1_z050,Sc2Te2_1_z050,Sc2Te2_1,False,z050,ALTERMAGNET,mirror/rotoinv|rotation,12,24,P6_3/mmc,ALTERMAGNET,True,3,194.269,1499,0.00218,0.138,0.004,-0.004,0.004,0.0,True,0.0
POSCAR_Se2Ti2_1,Se2Ti2_1,Se2Ti2_1,True,none,ALTERMAGNET,mirror/rotoinv|rotation,12,24,P6_3/mmc,ALTERMAGNET,True,3,194.269,1499,0.311818,0.306,0.796,-0.797,0.796,0.0010000000000000009,True,0.001
POSCAR_Se2Ti2_1_st025,Se2Ti2_1_st025,Se2Ti2_1,False,st025,ALTERMAGNET,mirror/rotoinv|rotation,12,24,P6_3/mmc,ALTERMAGNET,True,3,194.269,1499,0.194757,0.901,1.338,-1.34,1.338,0.0020000000000000018,True,0.001
POSCAR_Se2Ti2_1_st050,Se2Ti2_1_st050,Se2Ti2_1,False,st050,ALTERMAGNET,mirror/rotoinv|rotation,12,24,P6_3/mmc,ALTERMAGNET,True,3,194.269,1499,0.100333,4.126,0.012,-0.009,0.012,0.003000000000000001,True,0.003
POSCAR_Se2Ti2_1_st950,Se2Ti2_1_st950,Se2Ti2_1,False,st950,ALTERMAGNET,mirror/rotoinv|rotation,12,24,P6_3/mmc,ALTERMAGNET,True,3,194.269,1499,0.183486,0.132,0.165,-0.165,0.165,0.0,True,0.0
POSCAR_Se2Ti2_1_st975,Se2Ti2_1_st975,Se2Ti2_1,False,st975,ALTERMAGNET,mirror/rotoinv|rotation,12,24,P6_3/mmc,ALTERMAGNET,True,3,194.269,1499,0.378571,0.245,0.392,-0.392,0.392,0.0,True,0.0
POSCAR_Se2Ti2_1_x950,Se2Ti2_1_x950,Se2Ti2_1,False,x950,ALTERMAGNET,mirror/rotoinv|rotation,2,4,P2_1/m,ALTERMAGNET,True,3,194.269,1499,0.375377,0.181,0.318,-0.318,0.318,0.0,True,0.0
POSCAR_Se2Ti2_4,Se2Ti2_4,Se2Ti2_4,True,none,ALTERMAGNET,mirror/rotoinv|rotation,4,8,I4_1md,ALTERMAGNET,True,3,109.242,902,0.79497,1.83,0.605,-0.604,0.605,0.0010000000000000009,True,0.001
POSCAR_Se2V2_1,Se2V2_1,Se2V2_1,True,none,ALTERMAGNET,mirror/rotoinv|rotation,12,24,P6_3/mmc,ALTERMAGNET,True,3,194.269,1499,0.48376,0.688,2.688,-2.688,2.688,0.0,True,0.0
POSCAR_Se2V2_1_st025,Se2V2_1_st025,Se2V2_1,False,st025,ALTERMAGNET,mirror/rotoinv|rotation,12,24,P6_3/mmc,ALTERMAGNET,True,3,194.269,1499,0.40477,0.745,2.714,-2.713,2.714,0.0009999999999998899,True,0.0
POSCAR_Se2V2_1_st050,Se2V2_1_st050,Se2V2_1,False,st050,ALTERMAGNET,mirror/rotoinv|rotation,12,24,P6_3/mmc,ALTERMAGNET,True,3,194.269,1499,0.313742,0.821,2.736,-2.736,2.736,0.0,True,0.0
POSCAR_Se2V2_1_st950,Se2V2_1_st950,Se2V2_1,False,st950,ALTERMAGNET,mirror/rotoinv|rotation,12,24,P6_3/mmc,ALTERMAGNET,True,3,194.269,1499,0.620299,0.665,2.621,-2.621,2.621,0.0,True,0.0
POSCAR_Se2V2_1_st975,Se2V2_1_st975,Se2V2_1,False,st975,ALTERMAGNET,mirror/rotoinv|rotation,12,24,P6_3/mmc,ALTERMAGNET,True,3,194.269,1499,0.548979,0.651,2.658,-2.658,2.658,0.0,True,0.0
POSCAR_Se2V2_1_x975,Se2V2_1_x975,Se2V2_1,False,x975,ALTERMAGNET,mirror/rotoinv|rotation,2,4,P2_1/m,ALTERMAGNET,True,3,194.269,1499,0.521842,0.752,2.68,-2.68,2.68,0.0,True,0.0
POSCAR_Se2V2_1_y025,Se2V2_1_y025,Se2V2_1,False,y025,ALTERMAGNET,mirror/rotoinv|rotation,2,4,P2_1/m,ALTERMAGNET,True,3,194.269,1499,0.457764,0.684,2.694,-2.694,2.694,0.0,True,0.0
POSCAR_Se2V2_1_y050,Se2V2_1_y050,Se2V2_1,False,y050,ALTERMAGNET,mirror/rotoinv|rotation,2,4,P2_1/m,ALTERMAGNET,True,3,194.269,1499,0.447925,0.673,2.699,-2.699,2.699,0.0,True,0.0
POSCAR_Se2V2_1_y950,Se2V2_1_y950,Se2V2_1,False,y950,ALTERMAGNET,mirror/rotoinv|rotation,2,4,P2_1/m,ALTERMAGNET,True,3,194.269,1499,0.555061,0.703,2.672,-2.671,2.672,0.001000000000000334,True,0.0
POSCAR_Se2V2_1_y975,Se2V2_1_y975,Se2V2_1,False,y975,ALTERMAGNET,mirror/rotoinv|rotation,2,4,P2_1/m,ALTERMAGNET,True,3,194.269,1499,0.521777,0.756,2.68,-2.68,2.68,0.0,True,0.0
POSCAR_Se2V2_1_z025,Se2V2_1_z025,Se2V2_1,False,z025,ALTERMAGNET,mirror/rotoinv|rotation,12,24,P6_3/mmc,ALTERMAGNET,True,3,194.269,1499,0.440108,0.843,2.701,-2.701,2.701,0.0,True,0.0
POSCAR_Se2V2_1_z050,Se2V2_1_z050,Se2V2_1,False,z050,ALTERMAGNET,mirror/rotoinv|rotation,12,24,P6_3/mmc,ALTERMAGNET,True,3,194.269,1499,0.393787,1.181,2.712,-2.712,2.712,0.0,True,0.0
POSCAR_Se2V2_1_z950,Se2V2_1_z950,Se2V2_1,False,z950,ALTERMAGNET,mirror/rotoinv|rotation,12,24,P6_3/mmc,ALTERMAGNET,True,3,194.269,1499,0.552343,0.668,2.655,-2.655,2.655,0.0,True,0.0
POSCAR_Se2V2_1_z975,Se2V2_1_z975,Se2V2_1,False,z975,ALTERMAGNET,mirror/rotoinv|rotation,12,24,P6_3/mmc,ALTERMAGNET,True,3,194.269,1499,0.52079,0.651,2.673,-2.673,2.673,0.0,True,0.0
POSCAR_Te2V2_1,Te2V2_1,Te2V2_1,True,none,ALTERMAGNET,mirror/rotoinv|rotation,12,24,P6_3/mmc,ALTERMAGNET,True,3,194.269,1499,0.324742,0.142,2.72,-2.72,2.72,0.0,True,0.0
POSCAR_Te2V2_1_st025,Te2V2_1_st025,Te2V2_1,False,st025,ALTERMAGNET,mirror/rotoinv|rotation,12,24,P6_3/mmc,ALTERMAGNET,True,3,194.269,1499,0.275048,0.146,2.744,-2.744,2.744,0.0,True,0.0
POSCAR_Te2V2_1_st050,Te2V2_1_st050,Te2V2_1,False,st050,ALTERMAGNET,mirror/rotoinv|rotation,12,24,P6_3/mmc,ALTERMAGNET,True,3,194.269,1499,0.252865,0.149,2.765,-2.765,2.765,0.0,True,0.0
POSCAR_Te2V2_1_st950,Te2V2_1_st950,Te2V2_1,False,st950,ALTERMAGNET,mirror/rotoinv|rotation,12,24,P6_3/mmc,ALTERMAGNET,True,3,194.269,1499,0.539842,0.158,2.66,-2.66,2.66,0.0,True,0.0
POSCAR_Te2V2_1_st975,Te2V2_1_st975,Te2V2_1,False,st975,ALTERMAGNET,mirror/rotoinv|rotation,12,24,P6_3/mmc,ALTERMAGNET,True,3,194.269,1499,0.406371,0.14,2.692,-2.692,2.692,0.0,True,0.0
POSCAR_Te2V2_1_x025,Te2V2_1_x025,Te2V2_1,False,x025,ALTERMAGNET,mirror/rotoinv|rotation,2,4,P2_1/m,ALTERMAGNET,True,3,194.269,1499,0.324768,0.14,2.726,-2.726,2.726,0.0,True,0.0
POSCAR_Te2V2_1_x050,Te2V2_1_x050,Te2V2_1,False,x050,ALTERMAGNET,mirror/rotoinv|rotation,2,4,P2_1/m,ALTERMAGNET,True,3,194.269,1499,0.321039,0.129,2.731,-2.731,2.731,0.0,True,0.0
POSCAR_Te2V2_1_x950,Te2V2_1_x950,Te2V2_1,False,x950,ALTERMAGNET,mirror/rotoinv|rotation,2,4,P2_1/m,ALTERMAGNET,True,3,194.269,1499,0.449707,0.139,2.706,-2.706,2.706,0.0,True,0.0
POSCAR_Te2V2_1_x975,Te2V2_1_x975,Te2V2_1,False,x975,ALTERMAGNET,mirror/rotoinv|rotation,2,4,P2_1/m,ALTERMAGNET,True,3,194.269,1499,0.371775,0.152,2.713,-2.713,2.713,0.0,True,0.0
POSCAR_Te2V2_1_y025,Te2V2_1_y025,Te2V2_1,False,y025,ALTERMAGNET,mirror/rotoinv|rotation,2,4,P2_1/m,ALTERMAGNET,True,3,194.269,1499,0.325107,0.138,2.726,-2.726,2.726,0.0,True,0.0
POSCAR_Te2V2_1_y050,Te2V2_1_y050,Te2V2_1,False,y050,ALTERMAGNET,mirror/rotoinv|rotation,2,4,P2_1/m,ALTERMAGNET,True,3,194.269,1499,0.321422,0.125,2.731,-2.731,2.731,0.0,True,0.0
POSCAR_Te2V2_1_y950,Te2V2_1_y950,Te2V2_1,False,y950,ALTERMAGNET,mirror/rotoinv|rotation,2,4,P2_1/m,ALTERMAGNET,True,3,194.269,1499,0.449801,0.138,2.706,-2.706,2.706,0.0,True,0.0
POSCAR_Te4Ti2_1,Te4Ti2_1,Te4Ti2_1,True,none,conventional_AFM_inversion,inversion,1,2,P-1,conventional_AFM_inversion,True,3,2.6,6,0.050102,5.369,1.089,-1.088,1.089,0.0009999999999998899,True,0.0
POSCAR_Te4Ti2_1_st025,Te4Ti2_1_st025,Te4Ti2_1,False,st025,conventional_AFM_inversion,inversion,1,2,P-1,conventional_AFM_inversion,True,3,2.6,6,0.041442,4.86,1.122,-1.121,1.122,0.001000000000000112,True,0.002
POSCAR_Te4Ti2_1_st050,Te4Ti2_1_st050,Te4Ti2_1,False,st050,conventional_AFM_inversion,inversion,1,2,P-1,conventional_AFM_inversion,True,3,2.6,6,0.033743,5.366,1.165,-1.162,1.165,0.0030000000000001137,True,0.002
POSCAR_Te4Ti2_1_st950,Te4Ti2_1_st950,Te4Ti2_1,False,st950,conventional_AFM_inversion,inversion,1,2,P-1,conventional_AFM_inversion,True,3,2.6,6,0.025488,4.804,0.98,-0.981,0.98,0.0010000000000000009,True,0.0
POSCAR_Te4V2_1,Te4V2_1,Te4V2_1,True,none,ALTERMAGNET,mirror/rotoinv,1,2,Cm,ALTERMAGNET,True,3,8.34,41,0.320503,3.427,2.663,-2.663,2.663,0.0,True,0.0
POSCAR_Te4V2_1_st025,Te4V2_1_st025,Te4V2_1,False,st025,ALTERMAGNET,mirror/rotoinv,1,2,Cm,ALTERMAGNET,True,3,8.34,41,0.254652,2.907,2.698,-2.697,2.698,0.0009999999999998899,True,0.0
POSCAR_Te4V2_1_st050,Te4V2_1_st050,Te4V2_1,False,st050,ALTERMAGNET,mirror/rotoinv,1,2,Cm,ALTERMAGNET,True,3,8.34,41,0.219358,2.348,2.727,-2.727,2.727,0.0,True,0.0
POSCAR_Te4V2_1_st950,Te4V2_1_st950,Te4V2_1,False,st950,ALTERMAGNET,mirror/rotoinv,1,2,Cm,ALTERMAGNET,True,3,8.34,41,0.359068,3.705,2.577,-2.576,2.577,0.0009999999999998899,True,0.0
POSCAR_Te4V2_1_st975,Te4V2_1_st975,Te4V2_1,False,st975,ALTERMAGNET,mirror/rotoinv,1,2,Cm,ALTERMAGNET,True,3,8.34,41,0.329458,3.502,2.624,-2.623,2.624,0.0009999999999998899,True,0.0
POSCAR_Tl2Zr2_1,Tl2Zr2_1,Tl2Zr2_1,True,none,ALTERMAGNET,mirror/rotoinv|rotation,12,24,P6_3/mmc,ALTERMAGNET,True,3,194.269,1499,0.208771,0.848,0.235,-0.232,0.235,0.002999999999999975,True,0.003
POSCAR_Tl2Zr2_1_st050,Tl2Zr2_1_st050,Tl2Zr2_1,False,st050,ALTERMAGNET,mirror/rotoinv|rotation,12,24,P6_3/mmc,ALTERMAGNET,True,3,194.269,1499,0.13405,0.039,0.369,-0.369,0.369,0.0,True,0.0
