name,k_id,band,status,sse_rank,cos_rank,best_band,best_cos,split_at_best,dcos,dband,gap_up,gap_dn,degenerate,type,direction,host
POSCAR_Ag2F6_3,62,32,ok,0.0420,1.0000,32,1.0000,0.0420,0.0000,0,0.1414,0.2068,0,rank_ok,,nurion
POSCAR_Ag2F6_3_st950,62,32,ok,0.0363,1.0000,32,1.0000,0.0363,0.0000,0,0.1919,0.2440,0,rank_ok,,nurion
POSCAR_Ag2F6_3_st975,62,32,ok,0.0388,1.0000,32,1.0000,0.0388,0.0000,0,0.1659,0.2235,0,rank_ok,,nurion
POSCAR_Ag2F6_3_x950,170,32,ok,0.0033,1.0000,32,1.0000,0.0033,0.0000,0,0.0984,0.0925,0,rank_ok,,nurion
POSCAR_Ag2F6_3_y950,227,31,ok,0.0052,1.0000,31,1.0000,0.0052,0.0000,0,0.0271,0.0171,1,rank_ok,,nurion
POSCAR_Ag2F6_3_y975,5,31,ok,0.0084,1.0000,31,1.0000,0.0084,0.0000,0,0.0536,0.0384,1,rank_ok,,nurion
POSCAR_Ag2F6_3_z025,102,32,ok,0.0562,1.0000,32,1.0000,0.0562,0.0000,0,0.2239,0.1271,0,rank_ok,,nurion
POSCAR_Ag2F6_3_z950,5,31,ok,0.0154,1.0000,33,1.0000,0.1515,0.0000,2,0.0561,0.0269,1,rank_ok,,nurion
POSCAR_Ag2F6_3_z975,30,31,ok,0.0640,1.0000,33,1.0000,0.0809,0.0000,2,0.0171,0.1373,1,rank_ok,,nurion
POSCAR_Al10Fe2_1,55,18,ok,0.0429,0.9999,18,0.9999,0.0429,0.0000,0,0.1722,0.1999,0,rank_ok,,nurion
POSCAR_Al10Fe2_1_st950,55,18,ok,0.0190,1.0000,18,1.0000,0.0190,0.0000,0,0.2343,0.2525,0,rank_ok,,nurion
POSCAR_Al10Fe2_1_st975,92,21,ok,0.0427,0.9998,21,0.9998,0.0427,0.0000,0,0.1402,0.1984,0,rank_ok,,nurion
POSCAR_Al10Fe2_1_x025,28,21,ok,0.0212,1.0000,21,1.0000,0.0212,0.0000,0,0.1880,0.2108,0,rank_ok,,nurion
POSCAR_Al10Fe2_1_x975,63,17,ok,0.0471,0.9998,17,0.9998,0.0471,0.0000,0,0.3093,0.3739,0,rank_ok,,nurion
POSCAR_Al10Fe2_1_y975,62,17,ok,0.0336,0.9999,17,0.9999,0.0336,0.0000,0,0.2064,0.2449,0,rank_ok,,nurion
POSCAR_Al10Fe2_1_z050,61,22,ok,0.0218,0.9996,22,0.9996,0.0218,0.0000,0,0.0642,0.0393,1,rank_ok,,nurion
POSCAR_Al2Fe2_2,511,12,ok,0.0827,0.9999,12,0.9999,0.0827,0.0000,0,0.7805,0.8613,0,rank_ok,,nurion
POSCAR_Al2Fe2_2_st025,374,11,ok,0.0130,1.0000,11,1.0000,0.0130,0.0000,0,0.1645,0.1446,0,rank_ok,,nurion
POSCAR_Al2Fe2_2_st950,373,12,ok,0.0134,1.0000,12,1.0000,0.0134,0.0000,0,0.4483,0.4659,0,rank_ok,,nurion
POSCAR_Al2Fe2_2_x025,124,12,ok,0.0277,1.0000,12,1.0000,0.0277,0.0000,0,0.7871,0.7550,0,rank_ok,,nurion
POSCAR_Al2Fe2_2_x050,374,11,ok,0.0070,1.0000,11,1.0000,0.0070,0.0000,0,0.3170,0.3060,0,rank_ok,,nurion
POSCAR_Al2Fe2_2_x950,408,11,ok,0.0109,1.0000,11,1.0000,0.0109,0.0000,0,0.7069,0.7244,0,rank_ok,,nurion
POSCAR_Al2Fe2_2_x975,374,11,ok,0.0319,1.0000,11,1.0000,0.0319,0.0000,0,0.6187,0.6493,0,rank_ok,,nurion
POSCAR_Al2Fe2_2_y025,172,12,ok,0.0148,1.0000,12,1.0000,0.0148,0.0000,0,0.9370,0.9214,0,rank_ok,,nurion
POSCAR_Al2Fe2_2_y950,244,11,ok,0.0055,1.0000,11,1.0000,0.0055,0.0000,0,0.3810,0.3858,0,rank_ok,,nurion
POSCAR_Al2Fe2_2_z050,374,11,ok,0.0180,1.0000,11,1.0000,0.0180,0.0000,0,0.7382,0.7572,0,rank_ok,,nurion
POSCAR_Al2Fe2_2_z950,526,12,ok,0.0083,1.0000,12,1.0000,0.0083,0.0000,0,0.3915,0.4003,0,rank_ok,,nurion
POSCAR_Al2Fe2_2_z975,49,12,ok,0.0066,1.0000,12,1.0000,0.0066,0.0000,0,0.5052,0.5123,0,rank_ok,,nurion
POSCAR_Al2Mn2_2,519,16,ok,0.0110,1.0000,16,1.0000,0.0110,0.0000,0,0.8534,0.8410,0,rank_ok,,nurion
POSCAR_Al2Mn2_2_st950,519,16,ok,0.0115,1.0000,16,1.0000,0.0115,0.0000,0,0.8386,0.8262,0,rank_ok,,nurion
POSCAR_Al2Mn2_2_st975,519,16,ok,0.0117,1.0000,16,1.0000,0.0117,0.0000,0,0.8666,0.8544,0,rank_ok,,nurion
POSCAR_Al2Mn2_2_x025,534,16,ok,0.0100,1.0000,16,1.0000,0.0100,0.0000,0,1.0804,1.0843,0,rank_ok,,nurion
POSCAR_Al2Mn2_2_x050,534,16,ok,0.0101,1.0000,16,1.0000,0.0101,0.0000,0,1.0520,1.0561,0,rank_ok,,nurion
POSCAR_Al2Mn2_2_y025,520,16,ok,0.0100,1.0000,16,1.0000,0.0100,0.0000,0,1.0804,1.0843,0,rank_ok,,nurion
POSCAR_Al2Mn2_2_y050,520,16,ok,0.0101,1.0000,16,1.0000,0.0101,0.0000,0,1.0520,1.0561,0,rank_ok,,nurion
POSCAR_Al2Mn2_2_z025,520,16,ok,0.0107,1.0000,16,1.0000,0.0107,0.0000,0,1.1212,1.1246,0,rank_ok,,nurion
POSCAR_Al2Mn2_2_z050,520,16,ok,0.0098,1.0000,16,1.0000,0.0098,0.0000,0,1.1308,1.1342,0,rank_ok,,nurion
POSCAR_Al2Mn2_2_z950,519,16,ok,0.0107,1.0000,16,1.0000,0.0107,0.0000,0,1.0947,1.0827,0,rank_ok,,nurion
POSCAR_Al2Mn2_2_z975,519,16,ok,0.0105,1.0000,16,1.0000,0.0105,0.0000,0,0.9800,0.9670,0,rank_ok,,nurion
POSCAR_Al3Fe2_2,42,13,ok,0.0135,1.0000,13,1.0000,0.0135,0.0000,0,0.3838,0.3785,0,rank_ok,,nurion
POSCAR_Al3Fe2_2_st975,42,13,ok,0.0318,1.0000,13,1.0000,0.0318,0.0000,0,0.4549,0.4606,0,rank_ok,,nurion
POSCAR_Al3Fe2_2_x025,245,10,ok,0.0083,1.0000,10,1.0000,0.0083,0.0000,0,0.5083,0.5205,0,rank_ok,,nurion
POSCAR_Al3Fe2_2_x050,12,10,ok,0.0080,1.0000,10,1.0000,0.0080,0.0000,0,0.4352,0.4501,0,rank_ok,,nurion
POSCAR_Al3Fe2_2_x950,315,10,ok,0.0090,1.0000,10,1.0000,0.0090,0.0000,0,0.3367,0.3439,0,rank_ok,,nurion
POSCAR_Al3Fe2_2_x975,255,10,ok,0.0085,1.0000,10,1.0000,0.0085,0.0000,0,0.3181,0.3240,0,rank_ok,,nurion
POSCAR_Al3Fe2_2_y025,267,13,ok,0.0116,1.0000,13,1.0000,0.0116,0.0000,0,0.9482,0.9689,0,rank_ok,,nurion
POSCAR_Al3Fe2_2_y050,187,13,ok,0.0104,1.0000,13,1.0000,0.0104,0.0000,0,0.9083,0.9204,0,rank_ok,,nurion
POSCAR_Al3Fe2_2_y975,28,13,ok,0.0105,1.0000,13,1.0000,0.0105,0.0000,0,0.7215,0.7335,0,rank_ok,,nurion
POSCAR_Al3Fe2_2_z025,255,10,ok,0.0078,1.0000,10,1.0000,0.0078,0.0000,0,0.3013,0.3065,0,rank_ok,,nurion
POSCAR_Al3Fe2_2_z050,120,14,ok,0.0137,1.0000,14,1.0000,0.0137,0.0000,0,0.5225,0.5366,0,rank_ok,,nurion
POSCAR_Al3Fe2_2_z950,11,10,ok,0.0086,1.0000,10,1.0000,0.0086,0.0000,0,0.1055,0.0930,0,rank_ok,,nurion
POSCAR_Al3Fe2_2_z975,255,10,ok,0.0087,1.0000,10,1.0000,0.0087,0.0000,0,0.3450,0.3530,0,rank_ok,,nurion
POSCAR_Al5Mn2_1,241,20,ok,0.0155,1.0000,20,1.0000,0.0155,0.0000,0,0.2395,0.2504,0,rank_ok,,nurion
POSCAR_Al5Mn2_1_st025,241,20,ok,0.0139,0.9999,20,0.9999,0.0139,0.0000,0,0.4053,0.4171,0,rank_ok,,nurion
POSCAR_Al5Mn2_1_st050,241,20,ok,0.0151,1.0000,20,1.0000,0.0151,0.0000,0,0.3147,0.2982,0,rank_ok,,nurion
POSCAR_Al5Mn2_1_st975,241,20,ok,0.0158,1.0000,20,1.0000,0.0158,0.0000,0,0.0185,0.0275,1,rank_ok,,nurion
POSCAR_Al5Mn2_1_x025,241,20,ok,0.0153,1.0000,20,1.0000,0.0153,0.0000,0,0.2844,0.2943,0,rank_ok,,nurion
POSCAR_Al5Mn2_1_x050,241,20,ok,0.0156,1.0000,20,1.0000,0.0156,0.0000,0,0.3177,0.3270,0,rank_ok,,nurion
POSCAR_Al5Mn2_1_x950,241,20,ok,0.0148,0.9999,20,0.9999,0.0148,0.0000,0,0.1152,0.1271,0,rank_ok,,nurion
POSCAR_Al5Mn2_1_x975,208,20,ok,0.0149,1.0000,20,1.0000,0.0149,0.0000,0,0.1309,0.1422,0,rank_ok,,nurion
POSCAR_Al5Mn2_1_y025,241,20,ok,0.0151,1.0000,20,1.0000,0.0151,0.0000,0,0.1891,0.2000,0,rank_ok,,nurion
POSCAR_Al5Mn2_1_y050,241,20,ok,0.0153,1.0000,20,1.0000,0.0153,0.0000,0,0.1440,0.1537,0,rank_ok,,nurion
POSCAR_Al5Mn2_1_y950,212,18,ok,0.0142,0.9999,18,0.9999,0.0142,0.0000,0,0.2344,0.2271,0,rank_ok,,nurion
POSCAR_Al5Mn2_1_y975,212,18,ok,0.0149,1.0000,18,1.0000,0.0149,0.0000,0,0.2501,0.2422,0,rank_ok,,nurion
POSCAR_Al5Mn2_1_z025,1,21,ok,0.0149,0.9999,21,0.9999,0.0149,0.0000,0,0.0337,0.0144,1,rank_ok,,nurion
POSCAR_Al5Mn2_1_z050,1,21,ok,0.0143,1.0000,21,1.0000,0.0143,0.0000,0,0.0569,0.0386,1,rank_ok,,nurion
POSCAR_Al5Mn2_1_z975,241,20,ok,0.0156,1.0000,20,1.0000,0.0156,0.0000,0,0.0600,0.0689,0,rank_ok,,nurion
POSCAR_As1V2_1,430,16,ok,0.0106,1.0000,16,1.0000,0.0106,0.0000,0,0.7827,0.7957,0,rank_ok,,nurion
POSCAR_As1V2_1_st050,546,16,ok,0.0120,1.0000,16,1.0000,0.0120,0.0000,0,0.8304,0.8189,0,rank_ok,,nurion
POSCAR_As1V2_1_x025,430,16,ok,0.0063,1.0000,16,1.0000,0.0063,0.0000,0,0.8764,0.8833,0,rank_ok,,nurion
POSCAR_As1V2_1_x050,407,16,ok,0.0058,1.0000,16,1.0000,0.0058,0.0000,0,0.9793,0.9877,0,rank_ok,,nurion
POSCAR_As1V2_1_x950,430,16,ok,0.0057,1.0000,16,1.0000,0.0057,0.0000,0,0.6676,0.6752,0,rank_ok,,nurion
POSCAR_As1V2_1_x975,430,16,ok,0.0062,1.0000,16,1.0000,0.0062,0.0000,0,0.7122,0.7206,0,rank_ok,,nurion
POSCAR_As1V2_1_y025,430,16,ok,0.0062,1.0000,16,1.0000,0.0062,0.0000,0,0.8607,0.8679,0,rank_ok,,nurion
POSCAR_As1V2_1_y050,419,16,ok,0.0059,1.0000,16,1.0000,0.0059,0.0000,0,0.7518,0.7593,0,rank_ok,,nurion
POSCAR_As1V2_1_y950,430,16,ok,0.0066,1.0000,16,1.0000,0.0066,0.0000,0,0.6702,0.6786,0,rank_ok,,nurion
POSCAR_As1V2_1_y975,430,16,ok,0.0059,1.0000,16,1.0000,0.0059,0.0000,0,0.7252,0.7326,0,rank_ok,,nurion
POSCAR_As1V2_1_z025,418,16,ok,0.0057,1.0000,16,1.0000,0.0057,0.0000,0,0.8349,0.8418,0,rank_ok,,nurion
POSCAR_As1V2_1_z050,418,16,ok,0.0061,1.0000,16,1.0000,0.0061,0.0000,0,0.7522,0.7595,0,rank_ok,,nurion
POSCAR_As1V2_1_z950,419,16,ok,0.0061,1.0000,16,1.0000,0.0061,0.0000,0,0.9541,0.9611,0,rank_ok,,nurion
POSCAR_As1V2_1_z975,430,16,ok,0.0066,1.0000,16,1.0000,0.0066,0.0000,0,0.9111,0.9195,0,rank_ok,,nurion
POSCAR_As2Cr2_1,247,17,ok,0.7404,0.9972,17,0.9972,0.7404,0.0000,0,0.6119,1.3597,0,rank_ok,,nurion
POSCAR_As2Cr2_1_st025,247,17,ok,0.7489,0.9972,17,0.9972,0.7489,0.0000,0,0.4750,1.3243,0,rank_ok,,nurion
POSCAR_As2Cr2_1_st950,379,16,ok,0.9622,0.8918,14,0.9942,1.2190,0.1024,-2,0.2790,0.1230,0,A,rank_under,nurion
POSCAR_As2Cr2_1_st975,379,16,ok,0.8291,0.7648,14,0.9935,1.1180,0.2287,-2,0.2669,0.1588,0,A,rank_under,nurion
POSCAR_As2Cr2_1_z025,379,16,ok,0.6889,0.6148,15,0.9949,0.9186,0.3801,-1,0.2606,0.2297,0,A,rank_under,nurion
POSCAR_As2Cr2_1_z050,379,16,ok,0.6707,0.5831,15,0.9944,0.9256,0.4113,-1,0.2517,0.2549,0,A,rank_under,nurion
POSCAR_As2Cr2_1_z950,163,17,ok,0.8583,0.9974,17,0.9974,0.8583,0.0000,0,1.3849,0.8003,0,rank_ok,,nurion
POSCAR_As2Cr2_1_z975,247,17,ok,0.8060,0.9972,17,0.9972,0.8060,0.0000,0,0.6973,1.4516,0,rank_ok,,nurion
POSCAR_As2Cr2_4,199,17,ok,0.0143,1.0000,17,1.0000,0.0143,0.0000,0,0.8436,0.8587,0,rank_ok,,nurion
POSCAR_As2Cr2_4_st025,199,17,ok,0.0138,1.0000,17,1.0000,0.0138,0.0000,0,0.8572,0.8731,0,rank_ok,,nurion
POSCAR_As2Cr2_4_st050,199,17,ok,0.0121,1.0000,17,1.0000,0.0121,0.0000,0,0.8844,0.8987,0,rank_ok,,nurion
POSCAR_As2Cr2_4_st950,199,17,ok,0.0179,1.0000,17,1.0000,0.0179,0.0000,0,0.7500,0.7698,0,rank_ok,,nurion
POSCAR_As2Cr2_4_st975,199,17,ok,0.0157,1.0000,17,1.0000,0.0157,0.0000,0,0.8088,0.8247,0,rank_ok,,nurion
POSCAR_As2Cr2_4_x025,199,17,ok,0.0161,1.0000,17,1.0000,0.0161,0.0000,0,0.9440,0.9616,0,rank_ok,,nurion
POSCAR_As2Cr2_4_x050,185,17,ok,0.0140,1.0000,17,1.0000,0.0140,0.0000,0,0.8296,0.8149,0,rank_ok,,nurion
POSCAR_As2Cr2_4_x950,93,17,ok,0.0177,1.0000,17,1.0000,0.0177,0.0000,0,0.7695,0.7897,0,rank_ok,,nurion
POSCAR_As2Cr2_4_x975,93,17,ok,0.0174,1.0000,17,1.0000,0.0174,0.0000,0,0.8974,0.9160,0,rank_ok,,nurion
POSCAR_As2Cr2_4_y025,199,17,ok,0.0142,1.0000,17,1.0000,0.0142,0.0000,0,0.9022,0.9167,0,rank_ok,,nurion
POSCAR_As2Cr2_4_y050,199,17,ok,0.0140,1.0000,17,1.0000,0.0140,0.0000,0,0.9344,0.9497,0,rank_ok,,nurion
POSCAR_As2Cr2_4_y950,199,17,ok,0.0173,1.0000,17,1.0000,0.0173,0.0000,0,0.7298,0.7497,0,rank_ok,,nurion
POSCAR_As2Cr2_4_y975,199,17,ok,0.0133,1.0000,17,1.0000,0.0133,0.0000,0,0.8011,0.8102,0,rank_ok,,nurion
POSCAR_As2Cr2_4_z025,199,17,ok,0.0142,1.0000,17,1.0000,0.0142,0.0000,0,0.7366,0.7518,0,rank_ok,,nurion
POSCAR_As2Cr2_4_z050,199,17,ok,0.0145,1.0000,17,1.0000,0.0145,0.0000,0,0.6382,0.6550,0,rank_ok,,nurion
POSCAR_As2Cr2_4_z975,199,17,ok,0.0171,1.0000,17,1.0000,0.0171,0.0000,0,0.9876,1.0080,0,rank_ok,,nurion
POSCAR_As2Mo2_1,365,17,ok,1.0453,0.9866,16,0.9906,0.0737,0.0040,-1,0.0268,0.5514,1,rank_ok,,nurion
POSCAR_As2Mo2_1_st025,365,17,ok,1.0560,0.9510,16,0.9898,0.0371,0.0388,-1,0.0054,0.4636,1,rank_ok,,nurion
POSCAR_As2Mo2_1_st050,387,17,ok,1.0346,0.9878,17,0.9878,1.0346,0.0000,0,0.4027,0.0095,1,rank_ok,,nurion
POSCAR_As2Mo2_1_st950,66,19,ok,0.9196,0.9943,20,0.9999,1.3169,0.0056,1,0.8174,0.3973,0,rank_ok,,nurion
POSCAR_As2Mo2_1_st975,366,17,ok,1.0152,0.9974,17,0.9974,1.0152,0.0000,0,0.4248,0.0243,1,rank_ok,,nurion
POSCAR_As2Mo2_1_z025,366,17,ok,0.9595,0.9932,17,0.9932,0.9595,0.0000,0,0.4029,0.1093,0,rank_ok,,nurion
POSCAR_As2Mo2_1_z050,366,17,ok,0.9936,0.9897,17,0.9897,0.9936,0.0000,0,0.3317,0.1466,0,rank_ok,,nurion
POSCAR_As2Mo2_1_z950,365,17,ok,1.1097,0.9808,17,0.9808,1.1097,0.0000,0,0.1221,0.4428,0,rank_ok,,nurion
POSCAR_As2Mo2_1_z975,387,17,ok,1.1064,0.9774,16,0.9916,1.1638,0.0142,-1,0.5048,0.0574,0,rank_ok,,nurion
POSCAR_As2Mo2_3,212,19,ok,0.6698,0.9999,19,0.9999,0.6698,0.0000,0,0.6546,0.1246,0,rank_ok,,nurion
POSCAR_As2Mo2_3_st975,87,18,ok,0.0835,1.0000,18,1.0000,0.0835,0.0000,0,0.4308,0.3587,0,rank_ok,,nurion
POSCAR_As2Mo2_3_x950,176,19,ok,0.7503,1.0000,19,1.0000,0.7503,0.0000,0,0.4670,0.4628,0,rank_ok,,nurion
POSCAR_As2Mo2_3_x975,94,19,ok,0.7739,1.0000,19,1.0000,0.7739,0.0000,0,0.1970,0.4390,0,rank_ok,,nurion
POSCAR_As2Mo2_3_y975,160,19,ok,0.7735,0.9999,19,0.9999,0.7735,0.0000,0,0.4399,0.1971,0,rank_ok,,nurion
POSCAR_As2Mo2_4,68,19,ok,0.0138,1.0000,19,1.0000,0.0138,0.0000,0,0.3847,0.4020,0,rank_ok,,nurion
POSCAR_As2Mo2_4_st025,68,19,ok,0.0128,1.0000,19,1.0000,0.0128,0.0000,0,0.4790,0.4905,0,rank_ok,,nurion
POSCAR_As2Mo2_4_st050,1,20,ok,0.0155,1.0000,20,1.0000,0.0155,0.0000,0,0.0985,0.1204,0,rank_ok,,nurion
POSCAR_As2Mo2_4_st975,22,19,ok,0.0149,1.0000,19,1.0000,0.0149,0.0000,0,0.5200,0.5086,0,rank_ok,,nurion
POSCAR_As2Mo2_4_x025,7,19,ok,0.0148,1.0000,19,1.0000,0.0148,0.0000,0,0.4729,0.4901,0,rank_ok,,nurion
POSCAR_As2Mo2_4_y025,68,19,ok,0.0134,1.0000,19,1.0000,0.0134,0.0000,0,0.4017,0.4157,0,rank_ok,,nurion
POSCAR_As2Mo2_4_z050,32,18,ok,0.0133,1.0000,18,1.0000,0.0133,0.0000,0,0.2985,0.3156,0,rank_ok,,nurion
POSCAR_As2Mo2_4_z950,7,19,ok,0.0135,1.0000,19,1.0000,0.0135,0.0000,0,0.4466,0.4654,0,rank_ok,,nurion
POSCAR_As2Mo2_4_z975,68,19,ok,0.0138,1.0000,19,1.0000,0.0138,0.0000,0,0.3806,0.3971,0,rank_ok,,nurion
POSCAR_As2Nb2_2,207,18,ok,0.0149,1.0000,18,1.0000,0.0149,0.0000,0,0.1213,0.1025,0,rank_ok,,nurion
POSCAR_As2Nb2_2_y025,86,18,ok,0.0057,1.0000,18,1.0000,0.0057,0.0000,0,0.2348,0.2301,0,rank_ok,,nurion
POSCAR_As2Ni2_1,223,16,ok,0.0393,1.0000,16,1.0000,0.0393,0.0000,0,0.3538,0.3309,0,rank_ok,,nurion
POSCAR_As2Ni2_1_x025,275,16,ok,0.0064,1.0000,16,1.0000,0.0064,0.0000,0,0.3368,0.3323,0,rank_ok,,nurion
POSCAR_As2Ni2_1_x050,275,16,ok,0.0066,1.0000,16,1.0000,0.0066,0.0000,0,0.3324,0.3287,0,rank_ok,,nurion
POSCAR_As2Ni2_1_y025,275,16,ok,0.0075,1.0000,16,1.0000,0.0075,0.0000,0,0.3369,0.3317,0,rank_ok,,nurion
POSCAR_As2Ni2_1_y050,275,16,ok,0.0073,1.0000,16,1.0000,0.0073,0.0000,0,0.3320,0.3283,0,rank_ok,,nurion
POSCAR_As2Ni2_1_z050,408,15,ok,0.0158,1.0000,15,1.0000,0.0158,0.0000,0,0.4542,0.4390,0,rank_ok,,nurion
POSCAR_As2Ru2_2,338,19,ok,0.4184,0.9602,20,0.9814,1.4427,0.0212,1,1.1203,0.8187,0,rank_ok,,local
POSCAR_As2Ru2_2_st025,159,19,ok,0.4661,0.9923,17,1.0000,1.2604,0.0076,-2,0.2566,0.3108,0,rank_ok,,tgm
POSCAR_As2Ru2_2_st050,327,19,ok,0.4534,0.9352,21,0.9417,1.9472,0.0065,2,0.3284,0.1504,0,rank_ok,,tgm
POSCAR_As2Ru2_2_st950,315,19,ok,0.4986,0.9782,19,0.9782,0.4986,0.0000,0,1.0999,0.9188,0,rank_ok,,tgm
POSCAR_As2Ru2_2_st975,315,19,ok,0.4543,0.9781,19,0.9781,0.4543,0.0000,0,1.0477,0.6360,0,rank_ok,,tgm
POSCAR_As2Ru2_2_x950,239,19,ok,0.5129,0.9677,20,0.9980,1.6591,0.0303,1,0.6838,1.0414,0,rank_ok,,nurion
POSCAR_As2Ru2_2_x975,239,19,ok,0.4489,0.9650,20,0.9988,1.6746,0.0338,1,0.8103,1.1381,0,rank_ok,,nurion
POSCAR_As2Ru2_2_y950,278,19,ok,0.5319,0.9676,20,0.9990,1.6277,0.0314,1,0.6505,1.0083,0,rank_ok,,nurion
POSCAR_As2Ru2_2_y975,316,19,ok,0.4722,0.9653,20,0.9790,1.3744,0.0137,1,1.1334,0.7964,0,rank_ok,,nurion
POSCAR_As2Ru2_2_z025,338,19,ok,0.4145,0.9593,20,0.9790,1.4728,0.0197,1,0.8912,0.6412,0,rank_ok,,nurion
POSCAR_As2Ru2_2_z950,315,19,ok,0.4125,0.9776,20,0.9843,1.6426,0.0068,1,1.1164,0.7254,0,rank_ok,,nurion
POSCAR_As2Ru2_2_z975,315,19,ok,0.4186,0.9762,20,0.9831,1.7061,0.0069,1,0.8963,0.5552,0,rank_ok,,nurion
POSCAR_As2V2_1,171,18,ok,0.6560,0.9901,19,0.9997,1.1695,0.0096,1,0.1347,0.5135,0,rank_ok,,nurion
POSCAR_As2V2_1_st025,150,17,ok,0.6632,0.9119,15,0.9968,0.8422,0.0849,-2,0.2706,0.1317,0,rank_ok,,nurion
POSCAR_As2V2_1_st050,95,17,ok,0.6467,0.9975,17,0.9975,0.6467,0.0000,0,0.0779,0.4484,0,rank_ok,,nurion
POSCAR_As2V2_1_st950,261,18,ok,0.6037,0.9943,17,0.9993,0.2711,0.0051,-1,0.3933,0.1618,0,rank_ok,,nurion
POSCAR_As2V2_1_st975,171,18,ok,0.6921,0.9757,16,0.9979,0.7997,0.0222,-2,0.2299,0.4740,0,rank_ok,,nurion
POSCAR_As2V2_1_x025,85,18,ok,0.6716,0.9987,18,0.9987,0.6716,0.0000,0,0.4243,0.1297,0,rank_ok,,nurion
POSCAR_As2V2_1_x050,105,18,ok,0.6417,0.9990,18,0.9990,0.6417,0.0000,0,0.4441,0.1343,0,rank_ok,,nurion
POSCAR_As2V2_1_x950,151,18,ok,0.6647,0.9748,16,0.9998,0.7155,0.0250,-2,0.1434,0.6357,0,rank_ok,,nurion
POSCAR_As2V2_1_x975,151,18,ok,0.6590,0.9827,16,0.9996,0.7114,0.0169,-2,0.1479,0.5630,0,rank_ok,,nurion
POSCAR_As2V2_1_y025,105,18,ok,0.6214,0.9942,18,0.9942,0.6214,0.0000,0,0.5574,0.1313,0,rank_ok,,nurion
POSCAR_As2V2_1_y050,151,18,ok,0.5669,0.9950,18,0.9950,0.5669,0.0000,0,0.1581,0.5776,0,rank_ok,,nurion
POSCAR_As2V2_1_y950,151,18,ok,0.5690,0.9858,19,0.9995,0.9063,0.0136,1,0.5839,0.3373,0,rank_ok,,nurion
POSCAR_As2V2_1_y975,171,18,ok,0.6723,0.9913,16,0.9998,0.8160,0.0084,-2,0.2511,0.3586,0,rank_ok,,nurion
POSCAR_As2V2_1_z025,150,17,ok,0.6424,0.9691,15,0.9904,0.7419,0.0213,-2,0.2164,0.1880,0,rank_ok,,nurion
POSCAR_As2V2_1_z050,95,17,ok,0.6847,0.9917,18,0.9935,0.1879,0.0018,1,0.1391,0.1931,0,rank_ok,,nurion
POSCAR_As2V2_1_z950,171,18,ok,0.6026,0.9745,16,0.9983,0.7907,0.0238,-2,0.3351,0.5441,0,rank_ok,,nurion
POSCAR_As2V2_1_z975,171,18,ok,0.6620,0.9850,19,0.9984,1.1700,0.0135,1,0.2016,0.5080,0,rank_ok,,nurion
POSCAR_As2V2_2,83,17,ok,0.8299,0.9691,18,0.9972,0.9460,0.0281,1,0.5332,0.1162,0,rank_ok,,nurion
POSCAR_As2V2_2_st025,255,18,ok,0.8115,0.8898,17,0.9876,0.9057,0.0979,-1,0.6506,0.0942,0,rank_ok,,nurion
POSCAR_As2V2_2_st050,222,18,ok,0.8288,0.9728,17,0.9937,0.1446,0.0209,-1,0.0950,0.6842,0,rank_ok,,nurion
POSCAR_As2V2_2_st950,399,17,ok,1.1414,0.9940,15,0.9994,1.5583,0.0055,-2,0.0362,0.1232,1,rank_ok,,nurion
POSCAR_As2V2_2_st975,83,17,ok,0.8991,0.9717,18,0.9998,0.9935,0.0281,1,0.2698,0.0944,0,rank_ok,,nurion
POSCAR_As2V2_2_z025,411,18,ok,0.7306,0.9958,18,0.9958,0.7306,0.0000,0,0.4418,0.0209,1,rank_ok,,nurion
POSCAR_As2V2_2_z050,222,18,ok,0.7658,0.9910,18,0.9910,0.7658,0.0000,0,0.0533,0.5981,0,rank_ok,,nurion
POSCAR_As2V2_2_z950,83,17,ok,1.0545,0.9771,18,0.9975,1.1299,0.0204,1,0.2018,0.0753,0,rank_ok,,nurion
POSCAR_As2V2_2_z975,83,17,ok,0.9536,0.9714,18,0.9972,1.0437,0.0259,1,0.3603,0.0901,0,rank_ok,,nurion
POSCAR_As4Cr2_1,91,19,ok,0.4673,0.9940,19,0.9940,0.4673,0.0000,0,0.1652,0.2609,0,rank_ok,,nurion
POSCAR_As4Cr2_1_st025,91,19,ok,0.4318,0.9994,19,0.9994,0.4318,0.0000,0,0.1801,0.2564,0,rank_ok,,nurion
POSCAR_As4Cr2_1_st050,91,19,ok,0.3922,0.9916,19,0.9916,0.3922,0.0000,0,0.1883,0.2492,0,rank_ok,,nurion
POSCAR_As4Cr2_1_st950,187,23,ok,0.4535,0.9697,22,0.9919,0.8307,0.0222,-1,0.5138,0.3771,0,rank_ok,,nurion
POSCAR_As4Cr2_1_st975,89,21,ok,0.3612,0.9528,20,0.9982,0.5920,0.0455,-1,0.6180,0.2308,0,rank_ok,,nurion
POSCAR_As4Cr2_1_x025,91,19,ok,0.4394,0.9995,19,0.9995,0.4394,0.0000,0,0.1608,0.2630,0,rank_ok,,nurion
POSCAR_As4Cr2_1_x050,91,19,ok,0.3951,0.9996,19,0.9996,0.3951,0.0000,0,0.1776,0.2794,0,rank_ok,,nurion
POSCAR_As4Cr2_1_x950,244,19,ok,0.3965,0.9999,19,0.9999,0.3965,0.0000,0,0.3879,0.0170,1,rank_ok,,nurion
POSCAR_As4Cr2_1_x975,244,19,ok,0.3673,0.9831,17,0.9906,0.7455,0.0076,-2,0.3929,0.0470,1,rank_ok,,nurion
POSCAR_As4Cr2_1_y025,91,19,ok,0.4518,0.9903,19,0.9903,0.4518,0.0000,0,0.1704,0.2793,0,rank_ok,,nurion
POSCAR_As4Cr2_1_y050,91,19,ok,0.4284,0.9901,17,0.9976,0.8544,0.0075,-2,0.1857,0.2977,0,rank_ok,,nurion
POSCAR_As4Cr2_1_y950,91,19,ok,0.4411,0.9998,19,0.9998,0.4411,0.0000,0,0.1814,0.3021,0,rank_ok,,nurion
POSCAR_As4Cr2_1_y975,91,19,ok,0.4624,0.9990,19,0.9990,0.4624,0.0000,0,0.1713,0.2647,0,rank_ok,,nurion
POSCAR_As4Cr2_1_z025,245,19,ok,0.4665,0.9963,19,0.9963,0.4665,0.0000,0,0.2516,0.0339,1,rank_ok,,nurion
POSCAR_As4Cr2_1_z050,165,19,ok,0.4740,0.9669,20,0.9984,0.3318,0.0315,1,0.0689,0.2049,0,rank_ok,,nurion
POSCAR_As4Cr2_1_z950,229,23,ok,0.4054,0.9598,22,0.9794,0.2342,0.0196,-1,0.1291,0.3981,0,rank_ok,,nurion
POSCAR_As4Cr2_1_z975,91,19,ok,0.4610,0.9857,19,0.9857,0.4610,0.0000,0,0.1486,0.2915,0,rank_ok,,nurion
POSCAR_As4Fe2_1,192,19,ok,0.9052,0.9711,18,0.9992,0.1448,0.0280,-1,0.0350,0.4854,1,rank_ok,,nurion
POSCAR_As4Fe2_1_st050,94,19,ok,0.7289,0.9581,20,0.9983,1.5579,0.0402,1,0.0974,0.8290,0,rank_ok,,nurion
POSCAR_As4Fe2_1_st950,269,15,ok,0.5723,0.9877,13,0.9966,1.3190,0.0090,-2,0.2996,0.3517,0,rank_ok,,nurion
POSCAR_As4Fe2_1_st975,78,19,ok,0.6793,0.9996,20,1.0000,0.1585,0.0004,1,0.2695,0.7814,0,rank_ok,,nurion
POSCAR_As4Fe2_1_x025,80,19,ok,0.8126,0.8711,20,0.9788,1.3049,0.1077,1,0.1994,0.4924,0,A,rank_under,nurion
POSCAR_As4Fe2_1_x050,381,16,ok,0.8676,0.9462,14,0.9951,1.7991,0.0489,-2,0.7607,0.2789,0,rank_ok,,nurion
POSCAR_As4Fe2_1_x950,381,15,ok,0.8141,0.8565,16,1.0000,0.0014,0.1435,1,0.0652,0.8111,0,A,rank_over,nurion
POSCAR_As4Fe2_1_x975,192,19,ok,0.9289,0.8937,20,0.9929,1.2293,0.0992,1,0.0715,0.3004,0,rank_ok,,nurion
POSCAR_As4Fe2_1_y025,192,19,ok,0.8050,0.9815,18,0.9990,0.0827,0.0176,-1,0.1598,0.6282,0,rank_ok,,nurion
POSCAR_As4Fe2_1_y050,94,19,ok,0.7859,0.9482,21,0.9965,1.6495,0.0484,2,0.2328,0.7876,0,rank_ok,,nurion
POSCAR_As4Fe2_1_y975,192,19,ok,0.9366,0.9053,20,0.9937,1.2822,0.0885,1,0.0483,0.3457,1,rank_ok,,nurion
POSCAR_As4Fe2_1_z025,192,19,ok,0.9015,0.8675,20,0.9900,1.3272,0.1225,1,0.0904,0.4257,0,A,rank_under,nurion
POSCAR_As4Fe2_1_z050,192,19,ok,0.8573,0.8763,21,0.9956,1.9080,0.1193,2,0.2102,0.3720,0,A,rank_under,nurion
POSCAR_As4Fe2_1_z950,162,19,ok,0.6591,0.9945,20,0.9972,1.0410,0.0026,1,0.5929,0.3818,0,rank_ok,,nurion
POSCAR_As4Fe2_1_z975,80,19,ok,0.8514,0.8738,20,0.9926,1.1845,0.1188,1,0.2344,0.3331,0,A,rank_under,nurion
POSCAR_As8Co2_1,186,29,ok,0.2887,0.9923,30,0.9987,0.8813,0.0064,1,0.3473,0.0545,0,rank_ok,,nurion
POSCAR_As8Co2_1_st050,5,30,ok,0.0433,1.0000,30,1.0000,0.0433,0.0000,0,0.3322,0.2838,0,rank_ok,,nurion
POSCAR_As8Co2_1_st975,190,29,ok,0.1122,0.9993,30,0.9994,1.0960,0.0001,1,0.1642,0.2781,0,rank_ok,,nurion
POSCAR_As8Co2_1_x025,181,29,ok,0.4572,0.9858,28,0.9989,0.2959,0.0131,-1,0.3675,0.6635,0,rank_ok,,nurion
POSCAR_As8Co2_1_x975,16,29,ok,0.0840,0.9994,29,0.9994,0.0840,0.0000,0,0.6569,0.5678,0,rank_ok,,nurion
POSCAR_As8Co2_1_y950,118,29,ok,0.0193,0.9999,29,0.9999,0.0193,0.0000,0,0.2198,0.1998,0,rank_ok,,nurion
POSCAR_As8Co2_1_y975,179,29,ok,0.2037,0.9968,29,0.9968,0.2037,0.0000,0,0.5954,0.4132,0,rank_ok,,nurion
POSCAR_As8Co2_1_z950,141,29,ok,0.0482,0.9999,29,0.9999,0.0482,0.0000,0,0.1534,0.2075,0,rank_ok,,nurion
POSCAR_As8Cr2_1,122,32,ok,0.4045,0.9916,32,0.9916,0.4045,0.0000,0,0.7186,0.1628,0,rank_ok,,nurion
POSCAR_As8Cr2_1_st025,122,32,ok,0.4116,0.9996,32,0.9996,0.4116,0.0000,0,0.6026,0.0934,0,rank_ok,,nurion
POSCAR_As8Cr2_1_st050,122,32,ok,0.3840,0.9962,33,0.9965,0.4590,0.0003,1,0.5105,0.0751,0,rank_ok,,nurion
POSCAR_As8Cr2_1_st950,104,31,ok,0.4995,0.9830,31,0.9830,0.4995,0.0000,0,0.3642,0.1948,0,rank_ok,,nurion
POSCAR_As8Cr2_1_st975,104,31,ok,0.4474,0.9845,31,0.9845,0.4474,0.0000,0,0.4077,0.2072,0,rank_ok,,nurion
POSCAR_As8Cr2_1_x050,52,30,ok,0.3874,0.9966,31,0.9981,0.4113,0.0016,1,0.2851,0.0239,1,rank_ok,,nurion
POSCAR_As8Cr2_1_x950,171,32,ok,0.4650,0.9609,32,0.9609,0.4650,0.0000,0,0.4691,0.4355,0,rank_ok,,nurion
POSCAR_As8Cr2_1_x975,171,32,ok,0.4339,0.9559,32,0.9559,0.4339,0.0000,0,0.4722,0.4354,0,rank_ok,,nurion
POSCAR_As8Cr2_1_y050,115,32,ok,0.4057,0.9858,33,0.9905,0.6492,0.0047,1,0.5863,0.2435,0,rank_ok,,nurion
POSCAR_As8Cr2_1_y950,130,32,ok,0.4152,0.9943,32,0.9943,0.4152,0.0000,0,0.7995,0.2160,0,rank_ok,,nurion
POSCAR_As8Cr2_1_z025,171,32,ok,0.4228,0.9635,32,0.9635,0.4228,0.0000,0,0.3075,0.5256,0,rank_ok,,nurion
POSCAR_As8Cr2_1_z050,171,32,ok,0.4166,0.9647,32,0.9647,0.4166,0.0000,0,0.2078,0.5751,0,rank_ok,,nurion
POSCAR_As8Cr2_1_z950,112,31,ok,0.4618,0.9889,31,0.9889,0.4618,0.0000,0,0.5367,0.2568,0,rank_ok,,nurion
POSCAR_As8Cr2_1_z975,104,31,ok,0.4157,0.9830,31,0.9830,0.4157,0.0000,0,0.3189,0.3027,0,rank_ok,,nurion
POSCAR_As8Cr2_3,20,32,ok,0.9620,0.9792,34,0.9834,1.8377,0.0042,2,0.3528,0.6918,0,rank_ok,,nurion
POSCAR_As8Cr2_3_st025,190,32,ok,0.9159,0.9600,32,0.9600,0.9159,0.0000,0,0.1435,0.4092,0,rank_ok,,nurion
POSCAR_As8Cr2_3_st050,190,32,ok,0.8624,0.9893,32,0.9893,0.8624,0.0000,0,0.0373,0.3974,1,rank_ok,,nurion
POSCAR_As8Cr2_3_st950,85,32,ok,1.1645,0.9974,32,0.9974,1.1645,0.0000,0,0.2177,0.3696,0,rank_ok,,nurion
POSCAR_As8Cr2_3_st975,20,32,ok,1.1139,0.9990,32,0.9990,1.1139,0.0000,0,0.3962,0.5867,0,rank_ok,,nurion
POSCAR_As8Cr2_3_x025,190,32,ok,0.9657,0.9635,32,0.9635,0.9657,0.0000,0,0.1840,0.4101,0,rank_ok,,nurion
POSCAR_As8Cr2_3_x050,190,32,ok,0.9387,0.9992,32,0.9992,0.9387,0.0000,0,0.1422,0.4048,0,rank_ok,,nurion
POSCAR_As8Cr2_3_x950,20,32,ok,1.0262,0.9925,32,0.9925,1.0262,0.0000,0,0.3741,0.7070,0,rank_ok,,nurion
POSCAR_As8Cr2_3_x975,20,32,ok,0.9998,0.9885,32,0.9885,0.9998,0.0000,0,0.3683,0.7067,0,rank_ok,,nurion
POSCAR_As8Cr2_3_y025,190,32,ok,0.9244,0.9595,32,0.9595,0.9244,0.0000,0,0.2478,0.4426,0,rank_ok,,nurion
POSCAR_As8Cr2_3_y050,190,32,ok,0.8792,0.9744,32,0.9744,0.8792,0.0000,0,0.1712,0.4755,0,rank_ok,,nurion
POSCAR_As8Cr2_3_y950,20,32,ok,1.1270,0.9997,32,0.9997,1.1270,0.0000,0,0.2319,0.4610,0,rank_ok,,nurion
POSCAR_As8Cr2_3_y975,20,32,ok,1.0489,0.9944,32,0.9944,1.0489,0.0000,0,0.2904,0.5929,0,rank_ok,,nurion
POSCAR_As8Cr2_3_z025,190,32,ok,0.9371,0.9562,32,0.9562,0.9371,0.0000,0,0.2229,0.3608,0,rank_ok,,nurion
POSCAR_As8Cr2_3_z050,57,32,ok,0.9163,0.9970,32,0.9970,0.9163,0.0000,0,0.4248,0.6639,0,rank_ok,,nurion
POSCAR_As8Cr2_3_z950,190,32,ok,1.0061,0.9460,33,0.9868,1.4580,0.0408,1,0.2356,0.4519,0,rank_ok,,nurion
POSCAR_As8Cr2_3_z975,190,32,ok,0.9839,0.9485,33,0.9727,1.4223,0.0241,1,0.2748,0.4385,0,rank_ok,,nurion
POSCAR_B2Co2_5,218,10,ok,0.3767,0.9972,8,0.9989,0.5950,0.0018,-2,0.0087,0.1344,1,rank_ok,,nurion
POSCAR_B2Co2_5_st950,643,12,ok,0.3132,0.9884,10,0.9964,0.8882,0.0080,-2,0.4837,0.2697,0,rank_ok,,nurion
POSCAR_B2Co2_5_st975,608,12,ok,0.3503,0.9994,12,0.9994,0.3503,0.0000,0,0.5756,0.0783,0,rank_ok,,nurion
POSCAR_B2Co2_5_x025,42,9,ok,0.4095,0.9994,9,0.9994,0.4095,0.0000,0,0.3643,0.0554,0,rank_ok,,nurion
POSCAR_B2Co2_5_x950,58,9,ok,0.4036,0.9917,9,0.9917,0.4036,0.0000,0,0.2364,0.1594,0,rank_ok,,nurion
POSCAR_B2Co2_5_x975,778,9,ok,0.3778,0.9978,7,0.9997,0.8735,0.0019,-2,0.0649,0.2593,0,rank_ok,,nurion
POSCAR_B2Fe2_3,389,10,ok,0.5637,0.9547,8,0.9997,1.2543,0.0450,-2,0.3464,0.2565,0,rank_ok,,nurion
POSCAR_B2Fe2_3_st025,501,10,ok,0.6110,0.9958,12,0.9972,1.8273,0.0014,2,0.4479,0.0259,1,rank_ok,,nurion
POSCAR_B2Fe2_3_st950,541,10,ok,0.3627,0.9878,8,0.9917,1.0602,0.0040,-2,0.2221,0.5610,0,rank_ok,,nurion
POSCAR_B2Fe2_3_st975,501,10,ok,0.4824,0.9834,12,0.9979,2.1365,0.0146,2,0.2282,0.6263,0,rank_ok,,nurion
POSCAR_B2Fe2_3_x025,449,10,ok,0.6164,0.9150,12,0.9660,1.1558,0.0510,2,0.1216,0.3773,0,rank_ok,,nurion
POSCAR_B2Fe2_3_x050,544,11,ok,0.7020,0.9855,13,0.9967,3.1358,0.0112,2,0.1288,0.2334,0,rank_ok,,nurion
POSCAR_B2Fe2_3_x950,497,10,ok,0.5541,0.9706,12,0.9986,1.3109,0.0280,2,0.5897,0.1778,0,rank_ok,,nurion
POSCAR_B2Fe2_3_x975,497,10,ok,0.5551,0.9545,12,0.9967,1.2815,0.0422,2,0.3874,0.2742,0,rank_ok,,nurion
POSCAR_B2Fe2_3_y025,497,10,ok,0.6168,0.9153,12,0.9655,1.1556,0.0501,2,0.1215,0.3769,0,rank_ok,,nurion
POSCAR_B2Fe2_3_y050,416,11,ok,0.7021,0.9859,13,0.9967,3.1365,0.0108,2,0.1287,0.2332,0,rank_ok,,nurion
POSCAR_B2Fe2_3_y950,449,10,ok,0.5538,0.9703,12,0.9986,1.3112,0.0283,2,0.5896,0.1780,0,rank_ok,,nurion
POSCAR_B2Fe2_3_y975,449,10,ok,0.5548,0.9558,12,0.9969,1.2818,0.0412,2,0.3873,0.2745,0,rank_ok,,nurion
POSCAR_B2Fe2_3_z025,501,10,ok,0.5886,0.9385,8,1.0000,1.2630,0.0614,-2,0.3545,0.2036,0,rank_ok,,nurion
POSCAR_B2Fe2_3_z050,501,10,ok,0.6046,0.9231,8,0.9989,1.2695,0.0758,-2,0.3745,0.1636,0,rank_ok,,nurion
POSCAR_B2Fe2_3_z975,417,10,ok,0.5335,0.9678,12,0.9973,1.3149,0.0295,2,0.3169,0.3372,0,rank_ok,,nurion
POSCAR_B2Fe2_4,682,11,ok,0.0954,0.9998,11,0.9998,0.0954,0.0000,0,0.4565,0.2696,0,rank_ok,,nurion
POSCAR_B2Fe2_4_st025,25,10,ok,0.0757,1.0000,10,1.0000,0.0757,0.0000,0,0.1809,0.2911,0,rank_ok,,nurion
POSCAR_B2Fe2_4_st050,12,10,ok,0.0705,1.0000,10,1.0000,0.0705,0.0000,0,0.1970,0.1781,0,rank_ok,,nurion
POSCAR_B2Fe2_4_st950,703,11,ok,0.1049,1.0000,11,1.0000,0.1049,0.0000,0,0.3307,0.1341,0,rank_ok,,nurion
POSCAR_B2Fe2_4_st975,683,11,ok,0.0926,1.0000,11,1.0000,0.0926,0.0000,0,0.6760,0.4995,0,rank_ok,,nurion
POSCAR_B2Fe2_4_x025,682,11,ok,0.0817,0.9997,11,0.9997,0.0817,0.0000,0,0.4531,0.2941,0,rank_ok,,nurion
POSCAR_B2Fe2_4_x050,682,11,ok,0.0615,0.9999,11,0.9999,0.0615,0.0000,0,0.4355,0.3208,0,rank_ok,,nurion
POSCAR_B2Fe2_4_x950,682,11,ok,0.1288,0.9999,11,0.9999,0.1288,0.0000,0,0.4755,0.2171,0,rank_ok,,nurion
POSCAR_B2Fe2_4_y025,716,11,ok,0.1035,0.9997,11,0.9997,0.1035,0.0000,0,0.5018,0.2940,0,rank_ok,,nurion
POSCAR_B2Fe2_4_y950,682,11,ok,0.1082,1.0000,11,1.0000,0.1082,0.0000,0,0.4030,0.1855,0,rank_ok,,nurion
POSCAR_B2Fe2_4_y975,682,11,ok,0.1131,0.9999,11,0.9999,0.1131,0.0000,0,0.4158,0.1882,0,rank_ok,,nurion
POSCAR_B2Fe2_4_z025,682,11,ok,0.1127,0.9998,11,0.9998,0.1127,0.0000,0,0.4814,0.2562,0,rank_ok,,nurion
POSCAR_B2Fe2_4_z050,202,10,ok,0.1554,0.9999,10,0.9999,0.1554,0.0000,0,0.1924,0.3750,0,rank_ok,,nurion
POSCAR_B2Fe2_4_z950,716,11,ok,0.1241,1.0000,11,1.0000,0.1241,0.0000,0,0.4572,0.2019,0,rank_ok,,nurion
POSCAR_B2Fe2_5,752,11,ok,0.0281,1.0000,11,1.0000,0.0281,0.0000,0,0.6109,0.5743,0,rank_ok,,nurion
POSCAR_B2Fe2_5_st975,317,11,ok,0.0222,1.0000,11,1.0000,0.0222,0.0000,0,0.3679,0.3251,0,rank_ok,,nurion
POSCAR_B2Fe2_5_x025,502,12,ok,0.0063,1.0000,12,1.0000,0.0063,0.0000,0,0.1259,0.1157,0,rank_ok,,nurion
POSCAR_B2Fe2_5_x050,696,11,ok,0.0030,1.0000,11,1.0000,0.0030,0.0000,0,1.0955,1.1011,0,rank_ok,,nurion
POSCAR_B2Fe2_5_y025,75,11,ok,0.0159,1.0000,11,1.0000,0.0159,0.0000,0,1.2883,1.2574,0,rank_ok,,nurion
POSCAR_B2Fe2_5_y975,185,10,ok,0.0039,1.0000,10,1.0000,0.0039,0.0000,0,0.5371,0.5319,0,rank_ok,,nurion
POSCAR_B2Fe2_5_z050,350,11,ok,0.0213,1.0000,11,1.0000,0.0213,0.0000,0,0.5016,0.5311,0,rank_ok,,nurion
POSCAR_B2Fe2_5_z950,500,11,ok,0.0120,1.0000,11,1.0000,0.0120,0.0000,0,0.8728,0.8974,0,rank_ok,,nurion
POSCAR_B2Fe2_5_z975,22,10,ok,0.0032,1.0000,10,1.0000,0.0032,0.0000,0,0.4672,0.4696,0,rank_ok,,nurion
POSCAR_B2Mo2_4,190,17,ok,1.0061,0.9943,18,0.9987,2.2007,0.0045,1,0.1518,1.1175,0,rank_ok,,nurion
POSCAR_B2Mo2_4_st025,348,17,ok,1.1097,0.9953,15,0.9957,1.8687,0.0005,-2,1.1172,0.1308,0,rank_ok,,nurion
POSCAR_B2Mo2_4_st050,161,17,ok,1.2291,0.9819,15,0.9961,1.0673,0.0142,-2,0.0964,0.3208,0,rank_ok,,nurion
POSCAR_B2Mo2_4_st950,169,17,ok,0.6312,0.9877,15,0.9993,1.8634,0.0116,-2,0.4689,0.6377,0,rank_ok,,nurion
POSCAR_B2Mo2_4_st975,297,17,ok,0.7239,0.9962,15,0.9989,1.2496,0.0026,-2,0.1676,0.6608,0,rank_ok,,nurion
POSCAR_B2Mo2_4_x025,190,17,ok,1.1187,0.9977,18,0.9998,2.2622,0.0021,1,0.0701,1.1435,0,rank_ok,,nurion
POSCAR_B2Mo2_4_x050,288,17,ok,1.0810,0.9943,16,0.9977,0.0928,0.0034,-1,0.2077,1.1738,0,rank_ok,,nurion
POSCAR_B2Mo2_4_x950,170,17,ok,0.7696,0.9868,18,0.9995,1.3984,0.0127,1,0.7234,0.6288,0,rank_ok,,nurion
POSCAR_B2Mo2_4_x975,315,17,ok,0.8535,0.9980,15,0.9984,1.5409,0.0004,-2,0.4590,0.7717,0,rank_ok,,nurion
POSCAR_B2Rh2_3,370,18,ok,0.0805,0.9981,18,0.9981,0.0805,0.0000,0,0.3264,0.1745,0,rank_ok,,nurion
POSCAR_B2Rh2_3_x025,431,18,ok,0.0649,0.9988,18,0.9988,0.0649,0.0000,0,0.2020,0.0723,0,rank_ok,,nurion
POSCAR_B2Rh2_3_x975,384,18,ok,0.0477,0.9981,18,0.9981,0.0477,0.0000,0,0.1035,0.1981,0,rank_ok,,nurion
POSCAR_B2Rh2_3_y025,418,18,ok,0.0649,0.9988,18,0.9988,0.0649,0.0000,0,0.0723,0.2021,0,rank_ok,,nurion
POSCAR_B2Rh2_3_y975,345,18,ok,0.0479,0.9982,18,0.9982,0.0479,0.0000,0,0.1984,0.1036,0,rank_ok,,nurion
POSCAR_B2Rh2_3_z025,430,18,ok,0.0765,0.9999,18,0.9999,0.0765,0.0000,0,0.8222,0.9306,0,rank_ok,,nurion
POSCAR_B2Rh2_3_z050,374,18,ok,0.0548,0.9999,18,0.9999,0.0548,0.0000,0,0.8902,0.8131,0,rank_ok,,nurion
POSCAR_B2Rh2_3_z975,460,18,ok,0.0334,0.9985,18,0.9985,0.0334,0.0000,0,0.2529,0.1900,0,rank_ok,,nurion
POSCAR_B8Co2_1,220,20,ok,0.8567,0.9615,21,0.9993,1.2874,0.0379,1,0.6103,0.4307,0,rank_ok,,nurion
POSCAR_B8Co2_1_st025,112,21,ok,0.8862,0.9453,22,0.9969,0.9740,0.0516,1,0.0457,0.0878,1,rank_ok,,nurion
POSCAR_B8Co2_1_st050,289,20,ok,0.9103,0.9425,19,0.9947,0.9376,0.0521,-1,0.7313,0.0274,1,rank_ok,,nurion
POSCAR_B8Co2_1_st950,289,20,ok,0.5734,0.9727,21,0.9970,1.1577,0.0243,1,0.6948,1.1294,0,rank_ok,,nurion
POSCAR_B8Co2_1_st975,111,21,ok,0.7585,0.9902,23,0.9981,1.4548,0.0079,2,0.0512,0.4618,0,rank_ok,,nurion
POSCAR_B8Co2_1_x025,112,21,ok,0.8817,0.9671,21,0.9671,0.8817,0.0000,0,0.2567,0.0797,0,rank_ok,,nurion
POSCAR_B8Co2_1_x050,237,21,ok,0.9625,0.9949,19,0.9999,0.7589,0.0050,-2,0.0035,0.4174,1,rank_ok,,nurion
POSCAR_B8Co2_1_x950,289,20,ok,1.0128,0.9386,21,0.9970,1.1381,0.0584,1,0.3425,0.0086,1,rank_ok,,nurion
POSCAR_B8Co2_1_x975,289,20,ok,1.0041,0.9394,22,0.9941,1.1412,0.0547,2,0.3670,0.2666,0,rank_ok,,nurion
POSCAR_B8Co2_1_y025,112,21,ok,0.9236,0.9767,22,1.0000,1.0047,0.0233,1,0.0678,0.0811,0,rank_ok,,nurion
POSCAR_B8Co2_1_y050,296,22,ok,0.9156,0.9956,24,0.9978,1.1700,0.0022,2,0.4669,0.0991,0,rank_ok,,nurion
POSCAR_B8Co2_1_y950,220,20,ok,0.8948,0.9660,21,0.9998,1.2948,0.0338,1,0.8404,0.4000,0,rank_ok,,nurion
POSCAR_B8Co2_1_y975,168,21,ok,0.8601,0.9939,20,0.9991,0.8716,0.0052,-1,0.0109,0.0115,1,rank_ok,,nurion
POSCAR_B8Co2_1_z025,290,20,ok,0.9717,0.9768,22,0.9845,1.1831,0.0077,2,0.3457,0.3850,0,rank_ok,,nurion
POSCAR_B8Co2_1_z050,289,20,ok,1.0916,0.9870,20,0.9870,1.0916,0.0000,0,0.3628,0.0791,0,rank_ok,,nurion
POSCAR_B8Co2_1_z950,237,21,ok,0.9354,0.9910,20,0.9995,0.3274,0.0085,-1,0.2046,0.2196,0,rank_ok,,nurion
POSCAR_B8Co2_1_z975,237,21,ok,0.8633,0.9802,19,0.9993,0.7902,0.0192,-2,0.1686,0.3667,0,rank_ok,,nurion
POSCAR_B8Fe2_1,224,20,ok,1.1027,0.9574,19,0.9999,1.7623,0.0425,-1,0.3882,0.6596,0,rank_ok,,nurion
POSCAR_B8Fe2_1_st025,295,20,ok,1.1660,0.9545,19,0.9932,1.2312,0.0387,-1,0.5425,0.2750,0,rank_ok,,nurion
POSCAR_B8Fe2_1_x025,170,20,ok,1.0387,0.9728,21,0.9752,1.3904,0.0024,1,0.4220,0.3518,0,rank_ok,,nurion
POSCAR_B8Fe2_1_x050,406,20,ok,1.1107,0.8861,19,0.9483,0.8746,0.0622,-1,0.2948,0.5473,0,rank_ok,,nurion
POSCAR_B8Fe2_1_x950,280,20,ok,1.2122,0.9341,22,0.9895,2.0412,0.0554,2,0.5528,0.7417,0,rank_ok,,nurion
POSCAR_B8Fe2_1_y025,295,20,ok,1.1907,0.9405,19,0.9772,1.3349,0.0368,-1,0.5714,0.2846,0,rank_ok,,nurion
POSCAR_B8Fe2_1_y050,296,20,ok,1.2796,0.8754,19,0.9594,1.3290,0.0840,-1,0.2740,0.1647,0,rank_ok,,nurion
POSCAR_B8Fe2_1_y950,294,20,ok,0.9683,0.9709,18,0.9868,1.6684,0.0159,-2,0.9858,0.3450,0,rank_ok,,nurion
POSCAR_B8Fe2_1_y975,295,20,ok,0.9694,0.9479,19,0.9652,1.6751,0.0173,-1,0.6019,0.3701,0,rank_ok,,nurion
POSCAR_B8Fe2_1_z050,293,20,ok,1.1418,0.9736,22,0.9973,2.2932,0.0237,2,0.1306,0.2807,0,rank_ok,,nurion
POSCAR_B8Fe2_1_z950,170,20,ok,1.0735,0.9796,21,0.9930,1.5645,0.0135,1,0.3875,0.4910,0,rank_ok,,nurion
POSCAR_B8Fe2_1_z975,169,20,ok,1.0437,0.9853,21,0.9905,1.5659,0.0052,1,0.5595,0.5222,0,rank_ok,,nurion
POSCAR_Bi2Co2_1,199,24,ok,0.5929,0.9937,24,0.9937,0.5929,0.0000,0,0.3275,0.1135,0,rank_ok,,nurion
POSCAR_Bi2Co2_1_st025,183,23,ok,0.6484,0.9997,23,0.9997,0.6484,0.0000,0,0.2850,0.0080,1,rank_ok,,nurion
POSCAR_Bi2Co2_1_st050,223,23,ok,0.6712,0.9987,24,0.9988,0.8776,0.0001,1,0.0889,0.2064,0,rank_ok,,nurion
POSCAR_Bi2Co2_1_st950,266,24,ok,0.4097,0.9947,25,0.9999,0.1985,0.0052,1,0.5284,0.0641,0,rank_ok,,nurion
POSCAR_Bi2Co2_1_x025,207,24,ok,0.7769,0.8320,25,0.9971,0.6680,0.1652,1,0.3242,0.4291,0,A,rank_over,nurion
POSCAR_Bi2Co2_1_x050,207,24,ok,0.7145,0.8398,25,0.9928,0.7210,0.1530,1,0.4420,0.4400,0,A,rank_under,nurion
POSCAR_Bi2Co2_1_y025,218,24,ok,0.7764,0.8334,25,0.9971,0.6724,0.1637,1,0.3272,0.4291,0,A,rank_over,nurion
POSCAR_Bi2Co2_1_y050,218,24,ok,0.7136,0.8364,25,0.9925,0.7255,0.1562,1,0.4446,0.4402,0,A,rank_under,nurion
POSCAR_Bi2Co2_1_y975,223,23,ok,0.7924,0.9340,21,0.9835,0.4141,0.0495,-2,0.1398,0.0722,0,rank_ok,,nurion
POSCAR_Bi2Co2_1_z025,226,23,ok,0.5352,0.9950,22,0.9986,0.5451,0.0036,-1,0.2900,0.0100,1,rank_ok,,nurion
POSCAR_Bi2Co2_1_z050,156,23,ok,0.5547,0.9920,24,0.9989,0.7941,0.0068,1,0.0498,0.2394,1,rank_ok,,nurion
POSCAR_Bi2Co2_1_z975,235,23,ok,0.5338,0.9100,22,0.9956,0.6123,0.0857,-1,0.2783,0.0784,0,rank_ok,,nurion
POSCAR_Bi2Mn2_1,130,27,ok,0.5387,0.9961,26,0.9988,0.6321,0.0027,-1,0.4188,0.0934,0,rank_ok,,nurion
POSCAR_Bi2Mn2_1_st025,83,28,ok,0.4711,0.9921,28,0.9921,0.4711,0.0000,0,0.3257,0.6920,0,rank_ok,,nurion
POSCAR_Bi2Mn2_1_st050,83,28,ok,0.4124,0.9913,28,0.9913,0.4124,0.0000,0,0.3129,0.6336,0,rank_ok,,nurion
POSCAR_Bi2Mn2_1_st950,130,27,ok,0.7133,0.9955,26,0.9988,0.8310,0.0033,-1,0.3651,0.1177,0,rank_ok,,nurion
POSCAR_Bi2Mn2_1_st975,130,27,ok,0.6197,0.9964,26,0.9990,0.7248,0.0026,-1,0.3976,0.1052,0,rank_ok,,nurion
POSCAR_Bi2Mn2_1_x025,130,27,ok,0.5341,0.9955,26,0.9986,0.6824,0.0032,-1,0.3913,0.1483,0,rank_ok,,nurion
POSCAR_Bi2Mn2_1_x050,134,28,ok,0.5300,0.9956,28,0.9956,0.5300,0.0000,0,0.9776,0.1717,0,rank_ok,,nurion
POSCAR_Bi2Mn2_1_x950,194,28,ok,0.6583,0.9976,28,0.9976,0.6583,0.0000,0,1.1614,0.2948,0,rank_ok,,nurion
POSCAR_Bi2Mn2_1_x975,141,27,ok,0.5895,0.9944,26,0.9988,0.8802,0.0044,-1,0.3342,0.2907,0,rank_ok,,nurion
POSCAR_Bi2Mn2_1_y025,141,27,ok,0.5339,0.9955,26,0.9986,0.6793,0.0030,-1,0.3922,0.1454,0,rank_ok,,nurion
POSCAR_Bi2Mn2_1_y050,194,28,ok,0.5297,0.9963,28,0.9963,0.5297,0.0000,0,0.9772,0.1719,0,rank_ok,,nurion
POSCAR_Bi2Mn2_1_y950,134,28,ok,0.6589,0.9976,28,0.9976,0.6589,0.0000,0,1.1602,0.2943,0,rank_ok,,nurion
POSCAR_Bi2Mn2_1_y975,130,27,ok,0.5900,0.9942,26,0.9990,0.8837,0.0048,-1,0.3331,0.2937,0,rank_ok,,nurion
POSCAR_Bi2Mn2_1_z025,130,27,ok,0.5154,0.9953,26,0.9988,0.7277,0.0034,-1,0.3811,0.2123,0,rank_ok,,nurion
POSCAR_Bi2Mn2_1_z050,130,27,ok,0.4936,0.9945,26,0.9990,0.8138,0.0045,-1,0.3470,0.3202,0,rank_ok,,nurion
POSCAR_Bi2Mn2_1_z950,83,28,ok,0.5963,0.9910,28,0.9910,0.5963,0.0000,0,0.2529,0.7138,0,rank_ok,,nurion
POSCAR_Bi2Mn2_1_z975,83,28,ok,0.5660,0.9913,28,0.9913,0.5660,0.0000,0,0.2945,0.7346,0,rank_ok,,nurion
POSCAR_Bi2Nb2_2,160,28,ok,0.2880,0.9995,28,0.9995,0.2880,0.0000,0,0.1782,0.5390,0,rank_ok,,nurion
POSCAR_Bi2Nb2_2_st950,72,28,ok,0.0401,1.0000,28,1.0000,0.0401,0.0000,0,0.0646,0.0877,0,rank_ok,,nurion
POSCAR_Bi2Nb2_2_st975,173,28,ok,0.0607,1.0000,28,1.0000,0.0607,0.0000,0,0.1971,0.0830,0,rank_ok,,nurion
POSCAR_Bi2Nb2_2_x025,154,28,ok,0.3583,0.9983,28,0.9983,0.3583,0.0000,0,0.4127,0.1096,0,rank_ok,,nurion
POSCAR_Bi2Nb2_2_x050,176,28,ok,0.4245,0.9920,26,0.9976,1.1114,0.0056,-2,0.2123,0.1709,0,rank_ok,,nurion
POSCAR_Bi2Nb2_2_x950,185,28,ok,0.0986,1.0000,28,1.0000,0.0986,0.0000,0,0.2919,0.1101,0,rank_ok,,nurion
POSCAR_Bi2Nb2_2_x975,73,28,ok,0.1829,0.9996,30,0.9998,0.7462,0.0002,2,0.0140,0.0522,1,rank_ok,,nurion
POSCAR_Bi2Nb2_2_y950,72,27,ok,0.0956,0.9999,27,0.9999,0.0956,0.0000,0,0.1729,0.3482,0,rank_ok,,nurion
POSCAR_Bi2Nb2_2_y975,73,27,ok,0.2177,0.9950,29,1.0000,0.3432,0.0050,2,0.0193,0.0606,1,rank_ok,,nurion
POSCAR_Bi2Nb2_2_z950,206,28,ok,0.1893,0.9995,27,1.0000,0.2420,0.0005,-1,0.3557,0.0527,0,rank_ok,,nurion
POSCAR_Bi2Ru2_1,247,29,ok,0.6747,0.9308,29,0.9308,0.6747,0.0000,0,0.3506,0.0549,0,rank_ok,,local
POSCAR_Bi2Ru2_1_st025,247,28,ok,0.5754,0.9332,28,0.9332,0.5754,0.0000,0,0.1904,0.3592,0,rank_ok,,tgm
POSCAR_Bi2Ru2_1_st050,264,28,ok,0.4985,0.9363,29,0.9987,0.8267,0.0625,1,0.0953,0.3282,0,rank_ok,,tgm
POSCAR_Bi2Ru2_1_st950,174,29,ok,0.5839,0.9650,30,0.9911,1.4418,0.0261,1,1.0026,0.8579,0,rank_ok,,tgm
POSCAR_Bi2Ru2_1_x025,247,29,ok,0.6192,0.8806,31,0.9351,1.8766,0.0545,2,0.2066,0.0468,1,rank_ok,,nurion
POSCAR_Bi2Ru2_1_x975,204,29,ok,0.5797,0.9398,29,0.9398,0.5797,0.0000,0,0.7305,0.7154,0,rank_ok,,nurion
POSCAR_Bi2Ru2_1_y025,204,29,ok,0.6124,0.9138,30,0.9703,1.5543,0.0565,1,0.4584,0.7065,0,rank_ok,,nurion
POSCAR_Bi2Ru2_1_y050,204,29,ok,0.5599,0.9053,30,0.9961,1.1250,0.0908,1,0.2625,0.7215,0,rank_ok,,nurion
POSCAR_Bi2Ru2_1_y950,204,29,ok,0.5870,0.9277,30,0.9854,1.4274,0.0577,1,0.6005,0.8081,0,rank_ok,,nurion
POSCAR_Bi2Ru2_1_y975,204,29,ok,0.5838,0.9220,30,0.9956,1.4739,0.0736,1,0.5387,0.7555,0,rank_ok,,nurion
POSCAR_Bi2Ru2_1_z050,247,28,ok,0.5952,0.9337,28,0.9337,0.5952,0.0000,0,0.1552,0.3793,0,rank_ok,,nurion
POSCAR_Bi2Ru2_1_z975,250,29,ok,0.5972,0.9379,30,0.9889,1.2810,0.0510,1,0.7463,0.6837,0,rank_ok,,nurion
POSCAR_Bi2Ti2_1,226,25,ok,0.4516,0.8622,26,0.9991,0.1226,0.1368,1,0.0385,0.1851,1,A,rank_over,local
POSCAR_Bi2Ti2_1_st025,226,25,ok,0.5020,0.9734,24,0.9997,0.6136,0.0264,-1,0.0073,0.1116,1,rank_ok,,tgm
POSCAR_Bi2Ti2_1_st050,223,25,ok,0.4964,0.9925,23,0.9975,0.6748,0.0051,-2,0.0621,0.0484,1,rank_ok,,tgm
POSCAR_Bi2Ti2_1_st975,183,25,ok,0.3399,0.8792,26,0.9987,0.1095,0.1195,1,0.0651,0.2304,0,A,rank_over,tgm
POSCAR_Bi2Ti2_1_x050,151,27,ok,0.4930,0.9988,26,0.9998,0.6671,0.0010,-1,0.7673,0.1741,0,rank_ok,,nurion
POSCAR_Bi2Ti2_1_x975,175,27,ok,0.4836,0.9951,27,0.9951,0.4836,0.0000,0,0.6145,0.5781,0,rank_ok,,nurion
POSCAR_Bi2Ti2_1_y050,74,27,ok,0.5236,0.9962,25,0.9999,1.0186,0.0038,-2,0.7113,0.1126,0,rank_ok,,nurion
POSCAR_Bi2Ti2_1_y950,175,27,ok,0.4814,0.9952,28,0.9968,1.0730,0.0016,1,0.6648,0.5915,0,rank_ok,,nurion
POSCAR_Bi2Ti2_1_z025,190,25,ok,0.4832,0.9967,25,0.9967,0.4832,0.0000,0,0.0640,0.0770,0,rank_ok,,nurion
POSCAR_Bi2Ti2_1_z050,223,25,ok,0.4233,0.9866,24,0.9995,0.0753,0.0128,-1,0.0410,0.1919,1,rank_ok,,nurion
POSCAR_Bi2Ti2_1_z950,159,26,ok,0.5692,0.9441,26,0.9441,0.5692,0.0000,0,0.4366,0.0547,0,rank_ok,,nurion
POSCAR_Bi2Ti2_1_z975,159,26,ok,0.4747,0.9079,24,0.9992,0.7095,0.0914,-2,0.3557,0.0491,1,rank_ok,,nurion
POSCAR_Bi2V2_1,177,27,ok,0.4195,0.9990,27,0.9990,0.4195,0.0000,0,0.1551,0.0704,0,rank_ok,,nurion
POSCAR_Bi2V2_1_st025,177,27,ok,0.3881,0.9862,28,0.9970,0.5016,0.0107,1,0.1462,0.1136,0,rank_ok,,nurion
POSCAR_Bi2V2_1_st050,177,27,ok,0.3326,0.9615,26,0.9990,0.3564,0.0375,-1,0.1059,0.1611,0,rank_ok,,nurion
POSCAR_Bi2V2_1_st950,177,27,ok,0.3729,0.9212,25,0.9998,0.8496,0.0786,-2,0.0869,0.0466,1,rank_ok,,nurion
POSCAR_Bi2V2_1_st975,177,27,ok,0.4248,0.9663,27,0.9663,0.4248,0.0000,0,0.1263,0.0400,1,rank_ok,,nurion
POSCAR_Bi2V2_1_x025,126,27,ok,0.4759,0.9906,28,0.9994,0.5839,0.0089,1,0.1235,0.1080,0,rank_ok,,nurion
POSCAR_Bi2V2_1_x050,126,27,ok,0.5062,0.9617,29,0.9998,1.3843,0.0380,2,0.0515,0.1351,0,rank_ok,,nurion
POSCAR_Bi2V2_1_x950,177,27,ok,0.6057,0.9697,27,0.9697,0.6057,0.0000,0,0.0360,0.2233,1,rank_ok,,nurion
POSCAR_Bi2V2_1_x975,177,27,ok,0.5255,0.9899,27,0.9899,0.5255,0.0000,0,0.1227,0.1291,0,rank_ok,,nurion
POSCAR_Bi2V2_1_y025,177,27,ok,0.4798,0.9903,28,0.9990,0.5668,0.0087,1,0.1353,0.0870,0,rank_ok,,nurion
POSCAR_Bi2V2_1_y050,177,27,ok,0.5070,0.9637,29,0.9996,1.3734,0.0359,2,0.0651,0.1158,0,rank_ok,,nurion
POSCAR_Bi2V2_1_y950,126,27,ok,0.6008,0.9759,27,0.9759,0.6008,0.0000,0,0.0299,0.2417,1,rank_ok,,nurion
POSCAR_Bi2V2_1_y975,126,27,ok,0.5237,0.9904,27,0.9904,0.5237,0.0000,0,0.1106,0.1476,0,rank_ok,,nurion
POSCAR_Bi2V2_1_z050,177,27,ok,0.4218,0.9953,27,0.9953,0.4218,0.0000,0,0.0140,0.2399,1,rank_ok,,nurion
POSCAR_Bi2V2_1_z950,125,28,ok,0.5082,0.9965,27,0.9982,0.1163,0.0017,-1,0.1747,0.3919,0,rank_ok,,nurion
POSCAR_Bi2V2_1_z975,126,27,ok,0.4090,0.9999,27,0.9999,0.4090,0.0000,0,0.0721,0.0057,1,rank_ok,,nurion
POSCAR_Bi3Fe2_1,117,27,ok,0.9133,0.9651,27,0.9651,0.9133,0.0000,0,0.6936,0.2159,0,rank_ok,,nurion
POSCAR_Bi3Fe2_1_st025,117,27,ok,0.6856,0.9562,25,0.9751,1.3471,0.0189,-2,0.7206,0.2786,0,rank_ok,,nurion
POSCAR_Bi3Fe2_1_st050,232,29,ok,0.8298,0.9083,28,0.9979,0.2551,0.0895,-1,0.0313,0.0033,1,rank_ok,,nurion
POSCAR_Bi3Fe2_1_x025,117,27,ok,0.8919,0.9487,29,0.9704,1.2610,0.0217,2,0.6728,0.2221,0,rank_ok,,nurion
POSCAR_Bi3Fe2_1_x050,117,27,ok,0.8665,0.9371,28,0.9768,1.0869,0.0397,1,0.6391,0.2204,0,rank_ok,,nurion
POSCAR_Bi3Fe2_1_x950,118,27,ok,0.9266,0.9804,27,0.9804,0.9266,0.0000,0,0.5419,0.2831,0,rank_ok,,nurion
POSCAR_Bi3Fe2_1_x975,118,27,ok,0.9082,0.9769,28,0.9837,1.1630,0.0067,1,0.5429,0.2548,0,rank_ok,,nurion
POSCAR_Bi3Mn2_1,163,37,ok,0.0134,1.0000,37,1.0000,0.0134,0.0000,0,0.1150,0.0974,0,rank_ok,,nurion
POSCAR_Bi3Mn2_1_st025,163,37,ok,0.0122,1.0000,37,1.0000,0.0122,0.0000,0,0.1098,0.0942,0,rank_ok,,nurion
POSCAR_Bi3Mn2_1_st050,1,33,ok,0.0122,1.0000,33,1.0000,0.0122,0.0000,0,0.0302,0.0163,1,rank_ok,,nurion
POSCAR_Bi3Mn2_1_st975,163,37,ok,0.0149,1.0000,37,1.0000,0.0149,0.0000,0,0.1202,0.1008,0,rank_ok,,nurion
POSCAR_Bi3Mn2_1_x025,82,36,ok,0.0133,1.0000,36,1.0000,0.0133,0.0000,0,0.5404,0.5615,0,rank_ok,,nurion
POSCAR_Bi3Mn2_1_x050,82,36,ok,0.0129,1.0000,36,1.0000,0.0129,0.0000,0,0.5193,0.5398,0,rank_ok,,nurion
POSCAR_Bi3Mn2_1_x950,46,36,ok,0.0126,0.9999,36,0.9999,0.0126,0.0000,0,0.6618,0.6810,0,rank_ok,,nurion
POSCAR_Bi3Mn2_1_x975,46,36,ok,0.0122,1.0000,36,1.0000,0.0122,0.0000,0,0.6153,0.6341,0,rank_ok,,nurion
POSCAR_Bi3Mn2_1_y025,163,37,ok,0.0124,1.0000,37,1.0000,0.0124,0.0000,0,0.1532,0.1383,0,rank_ok,,nurion
POSCAR_Bi3Mn2_1_y050,46,36,ok,0.0118,1.0000,36,1.0000,0.0118,0.0000,0,0.5203,0.5381,0,rank_ok,,nurion
POSCAR_Bi3Mn2_1_y950,82,36,ok,0.0138,1.0000,36,1.0000,0.0138,0.0000,0,0.6603,0.6825,0,rank_ok,,nurion
POSCAR_Bi3Mn2_1_y975,82,36,ok,0.0133,1.0000,36,1.0000,0.0133,0.0000,0,0.6138,0.6356,0,rank_ok,,nurion
POSCAR_Bi3Mn2_1_z025,198,35,ok,0.0121,1.0000,35,1.0000,0.0121,0.0000,0,0.6148,0.6327,0,rank_ok,,nurion
POSCAR_Bi3Mn2_1_z050,198,35,ok,0.0135,1.0000,35,1.0000,0.0135,0.0000,0,0.5600,0.5808,0,rank_ok,,nurion
POSCAR_Bi3Mn2_1_z950,163,37,ok,0.0137,1.0000,37,1.0000,0.0137,0.0000,0,0.1263,0.1070,0,rank_ok,,nurion
POSCAR_Bi3Mn2_1_z975,82,36,ok,0.0137,1.0000,36,1.0000,0.0137,0.0000,0,0.5516,0.5747,0,rank_ok,,nurion
POSCAR_Bi4Cr2_1,142,40,ok,0.3607,0.9969,41,0.9991,0.7217,0.0023,1,0.6321,0.2833,0,rank_ok,,nurion
POSCAR_Bi4Cr2_1_st025,142,40,ok,0.3428,0.9996,40,0.9996,0.3428,0.0000,0,0.5853,0.2584,0,rank_ok,,nurion
POSCAR_Bi4Cr2_1_st050,75,38,ok,0.3351,0.9385,39,0.9835,0.1188,0.0450,1,0.1211,0.1230,0,rank_ok,,nurion
POSCAR_Bi4Cr2_1_st950,64,43,ok,0.3896,0.9983,43,0.9983,0.3896,0.0000,0,0.1804,0.2189,0,rank_ok,,nurion
POSCAR_Bi4Cr2_1_st975,142,40,ok,0.3765,0.9930,41,0.9996,0.7572,0.0066,1,0.6870,0.3011,0,rank_ok,,nurion
POSCAR_Bi4Cr2_1_x025,141,40,ok,0.3376,0.9875,40,0.9875,0.3376,0.0000,0,0.7150,0.4945,0,rank_ok,,nurion
POSCAR_Bi4Cr2_1_x050,141,40,ok,0.3471,0.9928,40,0.9928,0.3471,0.0000,0,0.7079,0.4990,0,rank_ok,,nurion
POSCAR_Bi4Cr2_1_x950,108,43,ok,0.4484,0.9628,43,0.9628,0.4484,0.0000,0,0.7284,0.1710,0,rank_ok,,nurion
POSCAR_Bi4Cr2_1_x975,142,40,ok,0.3858,0.9967,40,0.9967,0.3858,0.0000,0,0.6236,0.2701,0,rank_ok,,nurion
POSCAR_Bi4Cr2_1_y025,76,43,ok,0.3775,0.9894,42,0.9998,0.3464,0.0104,-1,0.2245,0.7238,0,rank_ok,,nurion
POSCAR_Bi4Cr2_1_y050,160,43,ok,0.4315,0.9157,41,0.9880,0.4720,0.0722,-2,0.2621,0.2811,0,rank_ok,,nurion
POSCAR_Bi4Cr2_1_y950,172,42,ok,0.4103,1.0000,42,1.0000,0.4103,0.0000,0,0.0500,0.4721,0,rank_ok,,nurion
POSCAR_Bi4Cr2_1_y975,172,42,ok,0.3734,1.0000,42,1.0000,0.3734,0.0000,0,0.1209,0.4012,0,rank_ok,,nurion
POSCAR_Bi4Cr2_1_z025,142,40,ok,0.3822,0.9949,40,0.9949,0.3822,0.0000,0,0.5648,0.2535,0,rank_ok,,nurion
POSCAR_Bi4Cr2_1_z050,142,40,ok,0.3915,0.9923,40,0.9923,0.3915,0.0000,0,0.4922,0.2398,0,rank_ok,,nurion
POSCAR_Bi4Cr2_1_z950,160,43,ok,0.4344,0.9534,41,0.9848,0.5704,0.0314,-2,0.3546,0.3506,0,rank_ok,,nurion
POSCAR_Bi4Cr2_1_z975,64,43,ok,0.3791,0.9982,43,0.9982,0.3791,0.0000,0,0.1033,0.2346,0,rank_ok,,nurion
POSCAR_Bi4Fe2_1,140,36,ok,0.8552,0.8137,37,0.9857,1.3117,0.1720,1,0.0309,0.4565,1,A,rank_under,nurion
POSCAR_Bi4Fe2_1_st025,140,36,ok,0.7575,0.7849,37,0.9723,1.2089,0.1874,1,0.0070,0.4514,1,A,rank_under,nurion
POSCAR_Bi4Fe2_1_st050,140,36,ok,0.6711,0.7828,35,1.0000,0.0006,0.2172,-1,0.0024,0.4407,1,A,rank_over,nurion
POSCAR_Bi4Fe2_1_x025,140,36,ok,0.8086,0.8060,37,0.9823,1.3118,0.1763,1,0.1494,0.5031,0,A,rank_under,nurion
POSCAR_Bi4Fe2_1_x050,140,36,ok,0.7622,0.8032,37,0.9824,1.3091,0.1791,1,0.2554,0.5469,0,A,rank_under,nurion
POSCAR_Bi4Fe2_1_y950,140,36,ok,1.0136,0.8233,37,0.9991,1.5008,0.1758,1,0.0562,0.4872,0,A,rank_under,nurion
POSCAR_Bi4Fe2_1_y975,140,36,ok,0.9324,0.8163,37,0.9944,1.4029,0.1781,1,0.0337,0.4705,1,A,rank_under,nurion
POSCAR_Bi4Fe2_1_z025,151,36,ok,0.7871,0.8795,35,0.9997,0.0933,0.1202,-1,0.0641,0.4609,0,A,rank_over,nurion
POSCAR_Bi4Fe2_1_z050,60,39,ok,0.7035,0.9985,39,0.9985,0.7035,0.0000,0,0.2967,0.0386,1,rank_ok,,nurion
POSCAR_Bi4Fe2_1_z950,140,36,ok,0.7847,0.8626,34,0.9814,0.6478,0.1188,-2,0.3686,0.4941,0,A,rank_over,nurion
POSCAR_Bi4Fe2_1_z975,140,36,ok,0.8261,0.8349,37,0.9797,1.3094,0.1448,1,0.1863,0.4833,0,A,rank_under,nurion
POSCAR_Bi4V2_1,102,43,ok,0.0114,1.0000,43,1.0000,0.0114,0.0000,0,0.2581,0.2695,0,rank_ok,,nurion
POSCAR_Bi4V2_1_st050,55,44,ok,0.0179,1.0000,44,1.0000,0.0179,0.0000,0,0.3918,0.3750,0,rank_ok,,nurion
POSCAR_Bi4V2_1_x950,16,43,ok,0.0228,1.0000,43,1.0000,0.0228,0.0000,0,0.4333,0.4668,0,rank_ok,,nurion
POSCAR_Bi4V2_1_y025,49,40,ok,0.0146,0.9994,40,0.9994,0.0146,0.0000,0,0.0380,0.0592,1,rank_ok,,nurion
POSCAR_Bi4V2_1_z025,49,41,ok,0.0137,1.0000,41,1.0000,0.0137,0.0000,0,0.1472,0.1270,0,rank_ok,,nurion
POSCAR_Bi4V2_1_z050,171,40,ok,0.0114,1.0000,40,1.0000,0.0114,0.0000,0,0.0961,0.1130,0,rank_ok,,nurion
POSCAR_Bi4V2_1_z975,96,42,ok,0.0151,1.0000,42,1.0000,0.0151,0.0000,0,0.2198,0.2021,0,rank_ok,,nurion
POSCAR_Bi4V2_2,105,38,ok,0.3594,0.7463,37,0.9998,0.0185,0.2536,-1,0.1446,0.0993,0,A,rank_over,nurion
POSCAR_Bi4V2_2_st025,115,38,ok,0.4325,0.9916,38,0.9916,0.4325,0.0000,0,0.0593,0.0733,0,rank_ok,,nurion
POSCAR_Bi4V2_2_st050,125,40,ok,0.3770,0.9414,41,0.9903,0.1426,0.0489,1,0.0523,0.0806,0,rank_ok,,nurion
POSCAR_Bi4V2_2_st950,112,44,ok,0.3349,0.9991,42,0.9996,0.4667,0.0004,-2,0.4637,0.0641,0,rank_ok,,nurion
POSCAR_Bi4V2_2_st975,190,40,ok,0.3212,0.9620,42,0.9943,0.4217,0.0323,2,0.0655,0.0884,0,rank_ok,,nurion
POSCAR_Bi4V2_2_x025,115,38,ok,0.4563,0.8531,39,0.9999,0.5128,0.1467,1,0.0350,0.0565,1,A,rank_under,nurion
POSCAR_Bi4V2_2_x050,115,38,ok,0.4328,0.7402,40,0.9983,0.5653,0.2581,2,0.0699,0.0316,1,A,rank_under,nurion
POSCAR_Bi4V2_2_x950,104,37,ok,0.4006,0.8353,39,0.9874,0.6110,0.1521,2,0.1567,0.0685,0,A,rank_under,nurion
POSCAR_Bi4V2_2_x975,68,37,ok,0.3117,0.9302,38,1.0000,0.0007,0.0698,1,0.1202,0.1114,0,rank_ok,,nurion
POSCAR_Bi4V2_2_y025,69,38,ok,0.3509,0.8292,39,0.9972,0.1273,0.1680,1,0.1245,0.1681,0,A,rank_over,nurion
POSCAR_Bi4V2_2_y050,69,38,ok,0.3080,0.8414,39,0.9970,0.1256,0.1556,1,0.1414,0.1596,0,A,rank_over,nurion
POSCAR_Bi4V2_2_y950,143,43,ok,0.3037,0.9679,44,0.9961,0.4134,0.0282,1,0.3975,0.0675,0,rank_ok,,nurion
POSCAR_Bi4V2_2_y975,105,38,ok,0.3342,0.6878,37,0.9999,0.0161,0.3121,-1,0.1061,0.1087,0,A,rank_over,nurion
POSCAR_Bi4V2_2_z025,105,38,ok,0.3592,0.6920,37,0.9994,0.0168,0.3073,-1,0.1028,0.0729,0,A,rank_over,nurion
POSCAR_Bi4V2_2_z050,115,38,ok,0.3476,0.7167,36,0.9892,0.3283,0.2725,-2,0.0669,0.0529,0,A,rank_over,nurion
POSCAR_Bi4V2_2_z950,112,44,ok,0.3437,0.9963,43,0.9997,0.3974,0.0034,-1,0.4148,0.0537,0,rank_ok,,nurion
POSCAR_Bi4V2_2_z975,190,40,ok,0.3497,0.9525,42,0.9696,0.3894,0.0170,2,0.1096,0.0202,1,rank_ok,,nurion
POSCAR_Bi6Cr2_1,7,56,ok,0.5513,0.9920,54,0.9991,0.9783,0.0071,-2,0.1907,0.2127,0,rank_ok,,nurion
POSCAR_Bi6Cr2_1_st025,73,56,ok,0.4961,0.9975,56,0.9975,0.4961,0.0000,0,0.2432,0.3249,0,rank_ok,,nurion
POSCAR_Bi6Cr2_1_x975,7,56,ok,0.6651,0.9892,54,0.9983,1.1217,0.0091,-2,0.0966,0.1979,0,rank_ok,,nurion
POSCAR_Bi6Cr2_1_z050,7,56,ok,0.5888,0.9894,54,0.9992,0.9977,0.0098,-2,0.0512,0.1838,0,rank_ok,,nurion
POSCAR_Bi6Cr2_3,96,58,ok,0.0127,1.0000,58,1.0000,0.0127,0.0000,0,0.2521,0.2482,0,rank_ok,,nurion
POSCAR_Bi6Cr2_3_st025,79,58,ok,0.0124,1.0000,58,1.0000,0.0124,0.0000,0,0.2091,0.2214,0,rank_ok,,nurion
POSCAR_Bi6Cr2_3_st050,79,58,ok,0.0119,1.0000,58,1.0000,0.0119,0.0000,0,0.1744,0.1880,0,rank_ok,,nurion
POSCAR_Bi6Cr2_3_st950,91,57,ok,0.0128,1.0000,57,1.0000,0.0128,0.0000,0,0.4197,0.3973,0,rank_ok,,nurion
POSCAR_Bi6Cr2_3_st975,96,58,ok,0.0138,1.0000,58,1.0000,0.0138,0.0000,0,0.2886,0.2845,0,rank_ok,,nurion
POSCAR_Bi6Cr2_3_x025,67,52,ok,0.0133,1.0000,52,1.0000,0.0133,0.0000,0,0.1536,0.1461,0,rank_ok,,nurion
POSCAR_Bi6Cr2_3_x050,67,52,ok,0.0139,0.9999,52,0.9999,0.0139,0.0000,0,0.1568,0.1395,0,rank_ok,,nurion
POSCAR_Bi6Cr2_3_x950,96,58,ok,0.0163,1.0000,58,1.0000,0.0163,0.0000,0,0.2154,0.2049,0,rank_ok,,nurion
POSCAR_Bi6Cr2_3_y025,35,52,ok,0.0146,0.9997,52,0.9997,0.0146,0.0000,0,0.1392,0.1513,0,rank_ok,,nurion
POSCAR_Bi6Cr2_3_y050,35,52,ok,0.0155,1.0000,52,1.0000,0.0155,0.0000,0,0.1333,0.1540,0,rank_ok,,nurion
POSCAR_Bi6Cr2_3_y950,79,58,ok,0.0141,1.0000,58,1.0000,0.0141,0.0000,0,0.2050,0.2204,0,rank_ok,,nurion
POSCAR_Bi6Cr2_3_z025,122,54,ok,0.0120,1.0000,54,1.0000,0.0120,0.0000,0,0.1381,0.1467,0,rank_ok,,nurion
POSCAR_Bi6Cr2_3_z050,122,54,ok,0.0121,0.9999,54,0.9999,0.0121,0.0000,0,0.1458,0.1567,0,rank_ok,,nurion
POSCAR_Bi6Cr2_3_z950,35,52,ok,0.0148,0.9992,52,0.9992,0.0148,0.0000,0,0.1455,0.1442,0,rank_ok,,nurion
POSCAR_Bi6Cr2_3_z975,35,52,ok,0.0132,0.9998,52,0.9998,0.0132,0.0000,0,0.1459,0.1512,0,rank_ok,,nurion
POSCAR_Bi6Cr2_4,108,55,ok,0.2544,0.9914,56,0.9992,0.5534,0.0078,1,0.1713,0.2989,0,rank_ok,,nurion
POSCAR_Bi6Cr2_4_st975,108,55,ok,0.2448,0.9905,56,0.9992,0.6309,0.0086,1,0.2066,0.3861,0,rank_ok,,nurion
POSCAR_Bi6Cr2_4_x950,108,55,ok,0.2519,0.9933,56,0.9976,0.5742,0.0043,1,0.1958,0.3223,0,rank_ok,,nurion
POSCAR_Bi6Cr2_4_y975,108,55,ok,0.2287,0.9903,56,0.9977,0.5479,0.0074,1,0.1899,0.3193,0,rank_ok,,nurion
POSCAR_Bi6Cr2_4_z950,108,55,ok,0.2824,0.9938,54,0.9983,0.1402,0.0044,-1,0.1940,0.3612,0,rank_ok,,nurion
POSCAR_Bi6Fe2_1,55,50,ok,0.0106,1.0000,50,1.0000,0.0106,0.0000,0,0.0894,0.0999,0,rank_ok,,nurion
POSCAR_Bi6Fe2_1_st025,29,52,ok,0.0106,1.0000,52,1.0000,0.0106,0.0000,0,0.2004,0.2123,0,rank_ok,,nurion
POSCAR_Bi6Fe2_1_st950,55,50,ok,0.0132,1.0000,50,1.0000,0.0132,0.0000,0,0.1094,0.1238,0,rank_ok,,nurion
POSCAR_Bi6Fe2_1_st975,55,50,ok,0.0128,1.0000,50,1.0000,0.0128,0.0000,0,0.0999,0.1131,0,rank_ok,,nurion
POSCAR_Bi6Fe2_1_x025,29,52,ok,0.0101,1.0000,52,1.0000,0.0101,0.0000,0,0.2318,0.2432,0,rank_ok,,nurion
POSCAR_Bi6Fe2_1_x050,29,52,ok,0.0097,1.0000,52,1.0000,0.0097,0.0000,0,0.2348,0.2456,0,rank_ok,,nurion
POSCAR_Bi6Fe2_1_x975,55,50,ok,0.0121,1.0000,50,1.0000,0.0121,0.0000,0,0.1059,0.1182,0,rank_ok,,nurion
POSCAR_Bi6Fe2_1_y025,29,52,ok,0.0106,1.0000,52,1.0000,0.0106,0.0000,0,0.2177,0.2290,0,rank_ok,,nurion
POSCAR_Bi6Fe2_1_y050,29,52,ok,0.0103,1.0000,52,1.0000,0.0103,0.0000,0,0.2087,0.2205,0,rank_ok,,nurion
POSCAR_Bi6Fe2_1_y950,94,49,ok,0.0114,1.0000,49,1.0000,0.0114,0.0000,0,0.3448,0.3491,0,rank_ok,,nurion
POSCAR_Bi6Fe2_1_y975,55,50,ok,0.0109,1.0000,50,1.0000,0.0109,0.0000,0,0.1567,0.1663,0,rank_ok,,nurion
POSCAR_Bi6Fe2_1_z025,95,52,ok,0.0104,0.9999,52,0.9999,0.0104,0.0000,0,0.2192,0.2049,0,rank_ok,,nurion
POSCAR_Bi6Fe2_1_z050,29,52,ok,0.0105,1.0000,52,1.0000,0.0105,0.0000,0,0.1838,0.1957,0,rank_ok,,nurion
POSCAR_Bi6Fe2_1_z950,34,47,ok,0.0098,1.0000,47,1.0000,0.0098,0.0000,0,0.3073,0.2994,0,rank_ok,,nurion
POSCAR_Bi6Fe2_1_z975,115,49,ok,0.0114,1.0000,49,1.0000,0.0114,0.0000,0,0.0987,0.0865,0,rank_ok,,nurion
POSCAR_Bi6Fe2_2,127,48,ok,0.4118,0.9993,48,0.9993,0.4118,0.0000,0,0.0346,0.1618,1,rank_ok,,nurion
POSCAR_Bi6Fe2_2_st025,104,48,ok,0.3942,0.9691,47,0.9961,0.6109,0.0270,-1,0.0474,0.1891,1,rank_ok,,nurion
POSCAR_Bi6Fe2_2_st050,104,48,ok,0.3902,0.9927,47,0.9988,0.5674,0.0062,-1,0.0251,0.1674,1,rank_ok,,nurion
POSCAR_Bi6Fe2_2_st950,122,50,ok,0.4492,0.9672,49,0.9924,0.3687,0.0253,-1,0.4720,0.1784,0,rank_ok,,nurion
POSCAR_Bi6Fe2_2_st975,88,49,ok,0.4824,0.9424,48,0.9823,0.0281,0.0399,-1,0.1057,0.0544,0,rank_ok,,nurion
POSCAR_Bi6Fe2_2_x050,116,53,ok,0.4577,0.9359,51,0.9938,0.8465,0.0578,-2,0.3709,0.1167,0,rank_ok,,nurion
POSCAR_Bi6Fe2_2_x950,68,49,ok,0.5179,0.9917,48,0.9948,0.5532,0.0031,-1,0.0677,0.0353,1,rank_ok,,nurion
POSCAR_Bi6Fe2_2_y050,126,53,ok,0.4571,0.9378,52,0.9991,0.1506,0.0614,-1,0.1164,0.3768,0,rank_ok,,nurion
POSCAR_Bi6Fe2_2_y950,88,49,ok,0.5188,0.9920,49,0.9920,0.5188,0.0000,0,0.0342,0.0700,1,rank_ok,,nurion
POSCAR_Bi6Fe2_2_z025,88,49,ok,0.3908,0.8971,48,0.9777,0.0312,0.0805,-1,0.1188,0.0821,0,rank_ok,,nurion
POSCAR_Bi6Fe2_2_z050,88,49,ok,0.3633,0.9029,48,0.9634,0.0281,0.0605,-1,0.1136,0.1017,0,rank_ok,,nurion
POSCAR_Bi6Fe2_2_z950,50,49,ok,0.5198,0.9040,48,0.9701,0.6224,0.0661,-1,0.0861,0.1026,0,rank_ok,,nurion
POSCAR_Bi6Fe2_2_z975,55,49,ok,0.4719,0.7177,48,0.9852,0.0627,0.2675,-1,0.0953,0.0564,0,A,rank_over,nurion
POSCAR_Bi8Co2_1,24,68,ok,0.4254,0.9969,68,0.9969,0.4254,0.0000,0,0.0672,0.0389,1,rank_ok,,nurion
POSCAR_Bi8Co2_1_y025,24,68,ok,0.3994,0.9965,68,0.9965,0.3994,0.0000,0,0.0655,0.0541,0,rank_ok,,nurion
POSCAR_Bi8Co2_1_y050,24,68,ok,0.3690,0.9935,70,0.9962,0.5718,0.0027,2,0.0706,0.0850,0,rank_ok,,nurion
POSCAR_Bi8Cr2_1,54,71,ok,0.2144,0.9962,72,0.9971,0.4083,0.0009,1,0.2090,0.2628,0,rank_ok,,nurion
POSCAR_Bi8Cr2_1_st025,54,72,ok,0.1945,0.9987,72,0.9987,0.1945,0.0000,0,0.1693,0.2658,0,rank_ok,,nurion
POSCAR_Bi8Cr2_1_st050,37,72,ok,0.1867,0.9994,72,0.9994,0.1867,0.0000,0,0.1408,0.2886,0,rank_ok,,nurion
POSCAR_Bi8Cr2_1_st950,54,71,ok,0.2489,0.9836,72,0.9967,0.5197,0.0130,1,0.3191,0.2735,0,rank_ok,,nurion
POSCAR_Bi8Cr2_1_st975,54,71,ok,0.2332,0.9894,72,0.9963,0.4611,0.0069,1,0.2594,0.2697,0,rank_ok,,nurion
POSCAR_Bi8Cr2_1_x025,54,71,ok,0.2169,0.9970,72,0.9976,0.4003,0.0006,1,0.1840,0.3030,0,rank_ok,,nurion
POSCAR_Bi8Cr2_1_x050,74,71,ok,0.2444,0.9993,71,0.9993,0.2444,0.0000,0,0.3677,0.1318,0,rank_ok,,nurion
POSCAR_Bi8Cr2_1_x950,87,71,ok,0.2679,0.9989,71,0.9989,0.2679,0.0000,0,0.4503,0.1852,0,rank_ok,,nurion
POSCAR_Bi8Cr2_1_x975,50,71,ok,0.2275,0.9910,73,0.9965,0.6829,0.0055,2,0.2411,0.2721,0,rank_ok,,nurion
POSCAR_Bi8Cr2_1_y025,41,71,ok,0.2160,0.9968,72,0.9978,0.3993,0.0009,1,0.1852,0.3046,0,rank_ok,,nurion
POSCAR_Bi8Cr2_1_y050,87,71,ok,0.2440,0.9992,71,0.9992,0.2440,0.0000,0,0.3657,0.1310,0,rank_ok,,nurion
POSCAR_Bi8Cr2_1_y950,62,71,ok,0.2679,0.9992,70,0.9993,0.1858,0.0001,-1,0.1845,0.4537,0,rank_ok,,nurion
POSCAR_Bi8Cr2_1_y975,55,71,ok,0.2292,0.9913,73,0.9994,0.8672,0.0081,2,0.2726,0.2401,0,rank_ok,,nurion
POSCAR_Bi8Cr2_1_z025,55,71,ok,0.2202,0.9988,69,0.9998,0.5188,0.0010,-2,0.2322,0.1849,0,rank_ok,,nurion
POSCAR_Bi8Cr2_1_z050,33,68,ok,0.2120,0.9946,69,0.9974,0.3323,0.0028,1,0.2608,0.1204,0,rank_ok,,nurion
POSCAR_Bi8Cr2_1_z950,41,72,ok,0.2641,0.9985,72,0.9985,0.2641,0.0000,0,0.1630,0.2660,0,rank_ok,,nurion
POSCAR_Bi8Cr2_1_z975,41,71,ok,0.2335,0.9966,72,0.9971,0.4166,0.0004,1,0.1859,0.2868,0,rank_ok,,nurion
POSCAR_Bi8Fe2_1,78,68,ok,0.0145,0.9999,68,0.9999,0.0145,0.0000,0,0.2986,0.3174,0,rank_ok,,nurion
POSCAR_Bi8Fe2_1_st025,78,68,ok,0.0109,1.0000,68,1.0000,0.0109,0.0000,0,0.2731,0.2756,0,rank_ok,,nurion
POSCAR_Bi8Fe2_1_st050,78,68,ok,0.0101,1.0000,68,1.0000,0.0101,0.0000,0,0.2412,0.2379,0,rank_ok,,nurion
POSCAR_Bi8Fe2_1_st950,93,68,ok,0.0140,1.0000,68,1.0000,0.0140,0.0000,0,0.2383,0.2167,0,rank_ok,,nurion
POSCAR_Bi8Fe2_1_st975,78,68,ok,0.0122,0.9999,68,0.9999,0.0122,0.0000,0,0.3236,0.3408,0,rank_ok,,nurion
POSCAR_Bi8Fe2_1_x025,49,62,ok,0.0109,1.0000,62,1.0000,0.0109,0.0000,0,0.0984,0.0871,0,rank_ok,,nurion
POSCAR_Bi8Fe2_1_x975,78,68,ok,0.0132,1.0000,68,1.0000,0.0132,0.0000,0,0.3610,0.3552,0,rank_ok,,nurion
POSCAR_Bi8Fe2_1_y025,79,68,ok,0.0130,1.0000,68,1.0000,0.0130,0.0000,0,0.1209,0.1072,0,rank_ok,,nurion
POSCAR_Bi8Fe2_1_y050,79,68,ok,0.0128,1.0000,68,1.0000,0.0128,0.0000,0,0.1223,0.1086,0,rank_ok,,nurion
POSCAR_Bi8Fe2_1_y950,20,69,ok,0.0127,1.0000,69,1.0000,0.0127,0.0000,0,0.1932,0.1711,0,rank_ok,,nurion
POSCAR_Bi8Fe2_1_y975,78,68,ok,0.0113,0.9998,68,0.9998,0.0113,0.0000,0,0.2938,0.3080,0,rank_ok,,nurion
POSCAR_Bi8Fe2_1_z025,78,68,ok,0.0123,0.9999,68,0.9999,0.0123,0.0000,0,0.3146,0.3288,0,rank_ok,,nurion
POSCAR_Bi8Fe2_1_z050,78,68,ok,0.0130,0.9999,68,0.9999,0.0130,0.0000,0,0.3263,0.3369,0,rank_ok,,nurion
POSCAR_Bi8Fe2_1_z950,47,65,ok,0.0105,1.0000,65,1.0000,0.0105,0.0000,0,0.2816,0.2796,0,rank_ok,,nurion
POSCAR_Bi8Fe2_1_z975,78,68,ok,0.0107,1.0000,68,1.0000,0.0107,0.0000,0,0.2766,0.2927,0,rank_ok,,nurion
POSCAR_Bi8Ru2_1,70,69,ok,0.3771,0.9962,67,0.9991,0.1930,0.0029,-2,0.0109,0.0404,1,rank_ok,,local
POSCAR_Bi8Ru2_1_st025,106,68,ok,0.3233,0.9987,68,0.9987,0.3233,0.0000,0,0.1592,0.0921,0,rank_ok,,tgm
POSCAR_Bi8Ru2_1_st050,70,73,ok,0.2659,0.7596,74,0.9971,0.0532,0.2375,1,0.0467,0.2090,1,A,rank_over,tgm
POSCAR_Bi8Ru2_1_x025,25,69,ok,0.3785,0.8398,70,0.9802,0.4353,0.1404,1,0.0161,0.0568,1,A,rank_under,nurion
POSCAR_Bi8Ru2_1_x050,25,69,ok,0.3598,0.7778,70,0.9857,0.4187,0.2079,1,0.0619,0.0589,0,A,rank_under,nurion
POSCAR_Bi8Ru2_1_x975,27,69,ok,0.3687,0.9999,69,0.9999,0.3687,0.0000,0,0.0206,0.0063,1,rank_ok,,nurion
POSCAR_Bi8Ru2_1_y050,66,68,ok,0.3887,0.9947,68,0.9947,0.3887,0.0000,0,0.0451,0.0296,1,rank_ok,,nurion
POSCAR_Bi8Ru2_1_y975,102,69,ok,0.2974,0.9923,70,0.9958,0.1559,0.0035,1,0.0196,0.0566,1,rank_ok,,nurion
POSCAR_Bi8Ru2_1_z025,66,69,ok,0.3806,0.8341,71,0.9968,0.1598,0.1627,2,0.0530,0.0158,1,A,rank_over,nurion
POSCAR_Bi8Ru2_1_z050,66,69,ok,0.3616,0.7834,70,0.9969,0.0620,0.2135,1,0.0553,0.0620,0,A,rank_over,nurion
POSCAR_Br4Cu2_1,86,20,ok,0.1547,0.9998,20,0.9998,0.1547,0.0000,0,0.0525,0.3578,0,rank_ok,,local
POSCAR_Br4Cu2_1_st025,86,20,ok,0.1598,0.9990,20,0.9990,0.1598,0.0000,0,0.0542,0.3599,0,rank_ok,,tgm
POSCAR_Br4Cu2_1_st050,86,20,ok,0.1501,0.9993,20,0.9993,0.1501,0.0000,0,0.0726,0.3048,0,rank_ok,,tgm
POSCAR_Br4Cu2_1_st950,40,23,ok,0.1438,0.9998,23,0.9998,0.1438,0.0000,0,0.1764,0.0826,0,rank_ok,,tgm
POSCAR_Br4Cu2_1_st975,86,19,ok,0.1336,0.9990,19,0.9990,0.1336,0.0000,0,0.0825,0.1003,0,rank_ok,,tgm
POSCAR_Br4Cu2_1_x025,116,17,ok,0.1630,0.9925,19,0.9992,0.4399,0.0067,2,0.2463,0.2081,0,rank_ok,,nurion
POSCAR_Br4Cu2_1_x050,16,17,ok,0.1959,0.9897,16,0.9899,0.4063,0.0002,-1,0.1157,0.2104,0,rank_ok,,nurion
POSCAR_Br4Cu2_1_x950,46,19,ok,0.1812,0.9926,20,0.9993,0.3109,0.0067,1,0.0955,0.1297,0,rank_ok,,nurion
POSCAR_Br4Cu2_1_x975,86,19,ok,0.1573,0.9991,20,1.0000,0.2235,0.0009,1,0.0666,0.0893,0,rank_ok,,nurion
POSCAR_Br4Cu2_1_y025,86,19,ok,0.1610,0.9994,20,0.9997,0.2024,0.0003,1,0.0423,0.1174,1,rank_ok,,nurion
POSCAR_Br4Cu2_1_y050,9,17,ok,0.1989,0.9905,19,0.9920,0.5613,0.0014,2,0.2106,0.1158,0,rank_ok,,nurion
POSCAR_Br4Cu2_1_y950,31,19,ok,0.1792,0.9929,17,0.9949,0.5808,0.0020,-2,0.1282,0.0937,0,rank_ok,,nurion
POSCAR_Br4Cu2_1_y975,91,19,ok,0.1577,0.9989,19,0.9989,0.1577,0.0000,0,0.0939,0.0641,0,rank_ok,,nurion
POSCAR_Br4Cu2_1_z025,66,17,ok,0.1603,0.9938,19,0.9995,0.4877,0.0056,2,0.2712,0.2995,0,rank_ok,,nurion
POSCAR_Br4Cu2_1_z050,66,17,ok,0.2060,0.9910,19,0.9984,0.4748,0.0074,2,0.2544,0.2557,0,rank_ok,,nurion
POSCAR_Br4Cu2_1_z950,17,18,ok,0.1420,0.9999,18,0.9999,0.1420,0.0000,0,0.2070,0.0634,0,rank_ok,,nurion
POSCAR_Br4Cu2_1_z975,116,17,ok,0.1395,0.9912,19,0.9988,0.4802,0.0076,2,0.2799,0.2629,0,rank_ok,,nurion
POSCAR_Br4Mn2_1,158,24,ok,0.3354,0.9996,23,0.9998,0.0190,0.0003,-1,0.1306,0.0420,1,rank_ok,,nurion
POSCAR_Br4Mn2_1_st025,102,22,ok,0.4191,0.9587,24,0.9973,0.5896,0.0386,2,0.2085,0.0420,1,rank_ok,,nurion
POSCAR_Br4Mn2_1_st050,102,22,ok,0.4642,0.9996,22,0.9996,0.4642,0.0000,0,0.1423,0.0318,1,rank_ok,,nurion
POSCAR_Br4Mn2_1_st950,175,27,ok,0.3775,0.9985,27,0.9985,0.3775,0.0000,0,0.0103,0.1667,1,rank_ok,,nurion
POSCAR_Br4Mn2_1_st975,158,24,ok,0.3509,0.9999,23,0.9999,0.0025,0.0000,-1,0.0830,0.1114,0,rank_ok,,nurion
POSCAR_Br4Mn2_1_x025,158,24,ok,0.3458,0.9986,23,0.9999,0.0411,0.0013,-1,0.1118,0.0428,1,rank_ok,,nurion
POSCAR_Br4Mn2_1_x050,158,24,ok,0.3382,0.9974,23,0.9999,0.0562,0.0025,-1,0.0989,0.0594,0,rank_ok,,nurion
POSCAR_Br4Mn2_1_x950,169,27,ok,0.3097,0.9962,26,0.9982,0.0126,0.0020,-1,0.0497,0.2971,1,rank_ok,,nurion
POSCAR_Br4Mn2_1_x975,102,22,ok,0.3058,0.8940,20,0.9435,0.9979,0.0495,-2,0.3087,0.1010,0,rank_ok,,nurion
POSCAR_Br4Mn2_1_y025,102,22,ok,0.3750,0.9253,23,0.9667,0.4506,0.0415,1,0.2884,0.0756,0,rank_ok,,nurion
POSCAR_Br4Mn2_1_y050,102,22,ok,0.4466,0.9354,23,0.9824,0.4760,0.0470,1,0.2620,0.0293,1,rank_ok,,nurion
POSCAR_Br4Mn2_1_y950,158,24,ok,0.3780,0.9992,22,0.9997,0.4394,0.0005,-2,0.0617,0.1054,0,rank_ok,,nurion
POSCAR_Br4Mn2_1_y975,158,24,ok,0.3564,0.9992,23,0.9999,0.0189,0.0007,-1,0.0981,0.0693,0,rank_ok,,nurion
POSCAR_Br4Mn2_1_z025,102,22,ok,0.3656,0.9321,23,0.9675,0.4323,0.0355,1,0.2510,0.0668,0,rank_ok,,nurion
POSCAR_Br4Mn2_1_z050,102,22,ok,0.4278,0.9490,23,0.9830,0.4469,0.0340,1,0.1944,0.0190,1,rank_ok,,nurion
POSCAR_Br4Mn2_1_z950,158,24,ok,0.3952,0.9997,23,1.0000,0.0268,0.0002,-1,0.0598,0.1084,0,rank_ok,,nurion
POSCAR_Br4Mn2_1_z975,158,24,ok,0.3618,0.9996,23,0.9999,0.0247,0.0003,-1,0.0991,0.0773,0,rank_ok,,nurion
POSCAR_Br4Mo2_1,48,28,ok,0.2223,0.9914,29,0.9987,3.2453,0.0072,1,0.0790,0.3161,0,rank_ok,,nurion
POSCAR_Br4Mo2_1_st025,91,24,ok,0.2007,0.8857,22,0.9961,0.3134,0.1104,-2,0.1882,0.0402,1,A,rank_under,nurion
POSCAR_Br4Mo2_1_st050,100,24,ok,0.2112,0.9991,24,0.9991,0.2112,0.0000,0,0.0746,0.0146,1,rank_ok,,nurion
POSCAR_Br4Mo2_1_st950,48,28,ok,0.3165,0.9880,29,0.9981,3.3208,0.0101,1,0.0909,0.4307,0,rank_ok,,nurion
POSCAR_Br4Mo2_1_st975,48,28,ok,0.2633,0.9905,29,0.9984,3.2896,0.0080,1,0.0898,0.3713,0,rank_ok,,nurion
POSCAR_Br4Mo2_1_x025,47,28,ok,0.2609,0.9999,28,0.9999,0.2609,0.0000,0,0.0190,0.2768,1,rank_ok,,nurion
POSCAR_Br4Mo2_1_x050,46,28,ok,0.2774,0.9949,30,0.9964,3.3965,0.0015,2,0.0370,0.3124,1,rank_ok,,nurion
POSCAR_Br4Mo2_1_x950,46,27,ok,0.2955,0.9779,25,0.9968,1.2388,0.0189,-2,0.3033,0.0063,1,rank_ok,,nurion
POSCAR_Br4Mo2_1_x975,48,28,ok,0.2194,0.9926,29,0.9986,3.3126,0.0060,1,0.0231,0.2551,1,rank_ok,,nurion
POSCAR_Br4Mo2_1_y025,48,28,ok,0.2065,0.9921,29,0.9986,3.2225,0.0065,1,0.0607,0.2803,0,rank_ok,,nurion
POSCAR_Br4Mo2_1_y050,48,28,ok,0.1919,0.9933,29,0.9986,3.1986,0.0053,1,0.0412,0.2446,1,rank_ok,,nurion
POSCAR_Br4Mo2_1_y950,58,28,ok,0.2787,0.9966,27,1.0000,0.0129,0.0034,-1,0.0146,0.2916,1,rank_ok,,nurion
POSCAR_Br4Mo2_1_y975,58,28,ok,0.2479,0.9942,27,0.9999,0.0102,0.0057,-1,0.0269,0.2581,1,rank_ok,,nurion
POSCAR_Br4Mo2_1_z025,48,28,ok,0.2002,0.9927,29,0.9985,3.2833,0.0058,1,0.0304,0.2421,1,rank_ok,,nurion
POSCAR_Br4Mo2_1_z050,46,27,ok,0.2043,0.9583,28,0.9864,0.2376,0.0282,1,0.2084,0.0333,1,rank_ok,,nurion
POSCAR_Br4Mo2_1_z950,57,28,ok,0.3328,0.9899,30,0.9950,3.3598,0.0052,2,0.0368,0.3822,1,rank_ok,,nurion
POSCAR_Br4Mo2_1_z975,58,28,ok,0.2850,0.9906,29,0.9977,3.2330,0.0071,1,0.0177,0.3127,1,rank_ok,,nurion
POSCAR_Br4Ru2_1,127,24,ok,0.4708,0.6665,25,0.9980,0.5628,0.3315,1,0.1462,0.0921,0,A,rank_under,local
POSCAR_Br4Ru2_1_st025,157,24,ok,0.4739,0.7168,24,0.7168,0.4739,0.0000,0,0.0172,0.0901,1,rank_ok,,tgm
POSCAR_Br4Ru2_1_st050,157,24,ok,0.3202,0.5146,26,0.7715,0.2583,0.2570,2,0.1000,0.0739,0,A,rank_over,tgm
POSCAR_Br4Ru2_1_st950,133,27,ok,0.6552,0.9386,28,0.9759,0.8027,0.0373,1,0.1712,0.1475,0,rank_ok,,tgm
POSCAR_Br4Ru2_1_st975,133,27,ok,0.5561,0.9780,28,0.9979,0.7297,0.0199,1,0.0691,0.1737,0,rank_ok,,tgm
POSCAR_Br4Ru2_1_x025,127,24,ok,0.4736,0.7245,26,0.9954,0.6146,0.2709,2,0.1875,0.0625,0,A,rank_under,nurion
POSCAR_Br4Ru2_1_x050,127,24,ok,0.4673,0.8400,26,0.9638,0.6030,0.1237,2,0.2172,0.0400,1,A,rank_under,nurion
POSCAR_Br4Ru2_1_x950,127,24,ok,0.4511,0.5987,26,0.9996,0.6829,0.4009,2,0.0171,0.1708,1,A,rank_under,nurion
POSCAR_Br4Ru2_1_x975,133,27,ok,0.4812,0.9982,28,0.9997,0.5385,0.0015,1,0.0857,0.0572,0,rank_ok,,nurion
POSCAR_Br4Ru2_1_y025,157,24,ok,0.4875,0.7645,23,0.9997,0.5623,0.2352,-1,0.0823,0.0748,0,A,rank_under,nurion
POSCAR_Br4Ru2_1_y050,157,24,ok,0.4940,0.9359,26,0.9946,0.1701,0.0587,2,0.0491,0.0091,1,rank_ok,,nurion
POSCAR_Br4Ru2_1_y950,124,27,ok,0.5030,0.9968,28,0.9998,0.6702,0.0030,1,0.0979,0.1673,0,rank_ok,,nurion
POSCAR_Br4Ru2_1_y975,124,27,ok,0.4764,0.9999,27,0.9999,0.4764,0.0000,0,0.0770,0.1334,0,rank_ok,,nurion
POSCAR_Br4Ru2_1_z025,157,24,ok,0.4855,0.7723,23,0.9998,0.5793,0.2275,-1,0.0352,0.0939,1,A,rank_under,nurion
POSCAR_Br4Ru2_1_z050,157,24,ok,0.4699,0.9752,24,0.9752,0.4699,0.0000,0,0.0307,0.0478,1,rank_ok,,nurion
POSCAR_Br4Ru2_1_z950,124,27,ok,0.4998,0.9997,27,0.9997,0.4998,0.0000,0,0.0198,0.2824,1,rank_ok,,nurion
POSCAR_Br4Ru2_1_z975,124,27,ok,0.4723,0.9982,27,0.9982,0.4723,0.0000,0,0.0394,0.1940,1,rank_ok,,nurion
POSCAR_Br4V2_1,157,23,ok,0.2062,0.9725,23,0.9725,0.2062,0.0000,0,0.1076,0.2399,0,rank_ok,,nurion
POSCAR_Br4V2_1_st025,157,23,ok,0.1782,0.9796,23,0.9796,0.1782,0.0000,0,0.1169,0.2272,0,rank_ok,,nurion
POSCAR_Br4V2_1_st050,157,23,ok,0.1483,0.9980,23,0.9980,0.1483,0.0000,0,0.1083,0.1998,0,rank_ok,,nurion
POSCAR_Br4V2_1_st950,160,27,ok,0.1953,0.9965,27,0.9965,0.1953,0.0000,0,0.0556,0.3028,0,rank_ok,,nurion
POSCAR_Br4V2_1_st975,157,23,ok,0.2381,0.9700,23,0.9700,0.2381,0.0000,0,0.0851,0.2388,0,rank_ok,,nurion
POSCAR_Br4V2_1_x025,157,23,ok,0.2088,0.9718,23,0.9718,0.2088,0.0000,0,0.1901,0.2202,0,rank_ok,,nurion
POSCAR_Br4V2_1_x050,102,22,ok,0.2115,0.9863,21,1.0000,0.1911,0.0137,-1,0.0559,0.0903,0,rank_ok,,nurion
POSCAR_Br4V2_1_x950,157,22,ok,0.1932,0.9790,22,0.9790,0.1932,0.0000,0,0.1310,0.0217,1,rank_ok,,nurion
POSCAR_Br4V2_1_x975,157,23,ok,0.2004,0.9759,23,0.9759,0.2004,0.0000,0,0.0015,0.1232,1,rank_ok,,nurion
POSCAR_Br4V2_1_y025,157,23,ok,0.1616,0.9869,23,0.9869,0.1616,0.0000,0,0.0759,0.1637,0,rank_ok,,nurion
POSCAR_Br4V2_1_y050,137,20,ok,0.1564,0.9887,22,0.9996,0.2102,0.0108,2,0.0780,0.1187,0,rank_ok,,nurion
POSCAR_Br4V2_1_y950,157,23,ok,0.2688,0.9589,23,0.9589,0.2688,0.0000,0,0.2203,0.1840,0,rank_ok,,nurion
POSCAR_Br4V2_1_y975,157,23,ok,0.2418,0.9638,23,0.9638,0.2418,0.0000,0,0.1562,0.2212,0,rank_ok,,nurion
POSCAR_Br4V2_1_z025,157,23,ok,0.2106,0.9649,23,0.9649,0.2106,0.0000,0,0.0720,0.2117,0,rank_ok,,nurion
POSCAR_Br4V2_1_z050,157,23,ok,0.2108,0.9593,23,0.9593,0.2108,0.0000,0,0.0421,0.1843,1,rank_ok,,nurion
POSCAR_Br4V2_1_z950,160,27,ok,0.1903,0.9921,27,0.9921,0.1903,0.0000,0,0.0194,0.3451,1,rank_ok,,nurion
POSCAR_Br4V2_1_z975,157,23,ok,0.1979,0.9809,23,0.9809,0.1979,0.0000,0,0.1490,0.2413,0,rank_ok,,nurion
POSCAR_Br6Pd2_1,40,23,ok,0.1350,0.9984,21,0.9997,0.3961,0.0013,-2,0.0680,0.1119,0,rank_ok,,nurion
POSCAR_Br6Pd2_1_st025,40,23,ok,0.1463,0.9947,21,1.0000,0.3641,0.0053,-2,0.0873,0.0494,1,rank_ok,,nurion
POSCAR_Br6Pd2_1_st050,89,23,ok,0.1468,0.9986,23,0.9986,0.1468,0.0000,0,0.1132,0.1948,0,rank_ok,,nurion
POSCAR_Br6Pd2_1_st950,66,31,ok,0.1537,0.9964,31,0.9964,0.1537,0.0000,0,0.2960,0.5537,0,rank_ok,,nurion
POSCAR_Br6Pd2_1_st975,66,31,ok,0.1346,0.9969,31,0.9969,0.1346,0.0000,0,0.3814,0.4333,0,rank_ok,,nurion
POSCAR_Br6Pd2_1_x025,125,25,ok,0.1459,0.9998,25,0.9998,0.1459,0.0000,0,0.2057,0.0778,0,rank_ok,,nurion
POSCAR_Br6Pd2_1_x050,125,25,ok,0.1609,0.9997,25,0.9997,0.1609,0.0000,0,0.1758,0.0514,0,rank_ok,,nurion
POSCAR_Br6Pd2_1_x950,10,31,ok,0.1302,1.0000,31,1.0000,0.1302,0.0000,0,0.2348,0.3399,0,rank_ok,,nurion
POSCAR_Br6Pd2_1_x975,10,31,ok,0.1285,1.0000,31,1.0000,0.1285,0.0000,0,0.2329,0.3342,0,rank_ok,,nurion
POSCAR_Br6Pd2_1_y025,47,23,ok,0.1441,0.9961,22,1.0000,0.1141,0.0039,-1,0.0787,0.1004,0,rank_ok,,nurion
POSCAR_Br6Pd2_1_y975,125,25,ok,0.1627,0.9973,25,0.9973,0.1627,0.0000,0,0.2081,0.1064,0,rank_ok,,nurion
POSCAR_Br6Pd2_1_z025,125,25,ok,0.1652,0.9978,25,0.9978,0.1652,0.0000,0,0.2053,0.0865,0,rank_ok,,nurion
POSCAR_Br6Pd2_1_z975,52,31,ok,0.1457,0.9993,31,0.9993,0.1457,0.0000,0,0.2091,0.3523,0,rank_ok,,nurion
POSCAR_C1Co2_1,491,8,ok,0.5961,0.9995,9,0.9998,0.4303,0.0004,1,0.4069,0.3228,0,rank_ok,,nurion
POSCAR_C1Co2_1_st025,587,8,ok,0.6403,0.9997,8,0.9997,0.6403,0.0000,0,0.3761,0.2906,0,rank_ok,,nurion
POSCAR_C1Co2_1_st050,291,8,ok,0.6951,0.9993,8,0.9993,0.6951,0.0000,0,0.3310,0.7872,0,rank_ok,,nurion
POSCAR_C1Co2_1_st950,95,11,ok,0.0865,1.0000,11,1.0000,0.0865,0.0000,0,0.3514,0.4998,0,rank_ok,,nurion
POSCAR_C1Co2_1_st975,147,7,ok,0.2726,0.9983,7,0.9983,0.2726,0.0000,0,0.5032,0.2325,0,rank_ok,,nurion
POSCAR_C1Co2_1_x025,491,8,ok,0.6280,0.9996,9,0.9997,0.3925,0.0001,1,0.3795,0.2684,0,rank_ok,,nurion
POSCAR_C1Co2_1_x050,491,8,ok,0.6544,0.9998,8,0.9998,0.6544,0.0000,0,0.3073,0.2093,0,rank_ok,,nurion
POSCAR_C1Co2_1_x950,587,8,ok,0.6327,0.9997,9,0.9999,0.4305,0.0002,1,0.3798,0.4080,0,rank_ok,,nurion
POSCAR_C1Co2_1_x975,587,8,ok,0.6165,0.9996,9,0.9999,0.4273,0.0003,1,0.3971,0.3624,0,rank_ok,,nurion
POSCAR_C2Cr2_3,568,15,ok,1.3073,0.9989,14,0.9999,1.4490,0.0010,-1,0.0946,0.1417,0,rank_ok,,nurion
POSCAR_C2Cr2_3_st025,568,15,ok,1.3670,0.9978,15,0.9978,1.3670,0.0000,0,0.0484,0.1982,1,rank_ok,,nurion
POSCAR_C2Cr2_3_st050,638,15,ok,1.3164,0.9855,16,0.9987,1.4797,0.0132,1,0.0810,0.1633,0,rank_ok,,nurion
POSCAR_C2Cr2_3_st950,639,15,ok,1.2024,0.9947,14,0.9949,0.1502,0.0002,-1,0.3338,0.0068,1,rank_ok,,nurion
POSCAR_C2Cr2_3_st975,624,15,ok,1.2091,0.9993,13,0.9994,0.9615,0.0001,-2,0.1223,0.2444,0,rank_ok,,nurion
POSCAR_C2Cr2_3_z025,568,15,ok,1.2783,0.9991,14,0.9999,1.3039,0.0008,-1,0.1562,0.0256,1,rank_ok,,nurion
POSCAR_C2Cr2_3_z050,344,15,ok,1.1744,0.9946,14,0.9956,1.3190,0.0010,-1,0.0633,0.1445,0,rank_ok,,nurion
POSCAR_C2Cr2_3_z950,624,15,ok,1.3517,0.9980,15,0.9980,1.3517,0.0000,0,0.2878,0.0373,1,rank_ok,,nurion
POSCAR_C2Cr2_3_z975,624,15,ok,1.3346,0.9993,15,0.9993,1.3346,0.0000,0,0.2696,0.0555,0,rank_ok,,nurion
POSCAR_C2Cr2_5,305,15,ok,0.4756,0.9897,17,0.9936,1.2359,0.0039,2,0.2298,0.8273,0,rank_ok,,nurion
POSCAR_C2Cr2_5_st025,231,16,ok,0.3205,0.9866,14,0.9988,2.2735,0.0122,-2,0.2806,0.5859,0,rank_ok,,nurion
POSCAR_C2Cr2_5_st050,300,14,ok,0.4131,0.9838,16,0.9855,2.2604,0.0017,2,0.3016,0.0609,0,rank_ok,,nurion
POSCAR_C2Cr2_5_st950,306,15,ok,0.5717,0.9961,15,0.9961,0.5717,0.0000,0,0.8851,0.5479,0,rank_ok,,nurion
POSCAR_C2Cr2_5_st975,415,15,ok,0.5518,0.9439,13,0.9989,1.7982,0.0550,-2,0.2120,0.8503,0,rank_ok,,nurion
POSCAR_C2Cr2_5_x025,381,15,ok,0.4422,0.9920,15,0.9920,0.4422,0.0000,0,0.2862,0.6989,0,rank_ok,,nurion
POSCAR_C2Cr2_5_x050,124,16,ok,0.4973,0.9918,18,0.9989,1.7049,0.0071,2,0.3780,0.8314,0,rank_ok,,nurion
POSCAR_C2Cr2_5_x950,415,15,ok,0.5735,0.9853,17,0.9973,1.1599,0.0119,2,0.0934,0.9674,0,rank_ok,,nurion
POSCAR_C2Cr2_5_x975,303,15,ok,0.5286,0.9521,14,0.9875,0.7641,0.0355,-1,0.7997,0.2214,0,rank_ok,,nurion
POSCAR_C2Cr2_5_y050,241,16,ok,0.5398,0.9913,16,0.9913,0.5398,0.0000,0,0.8452,0.5229,0,rank_ok,,nurion
POSCAR_C2Cr2_5_y950,415,15,ok,0.5785,0.9929,16,0.9975,0.6206,0.0046,1,0.0812,0.9779,0,rank_ok,,nurion
POSCAR_C2Cr2_5_y975,381,15,ok,0.5397,0.9736,13,0.9753,1.6798,0.0016,-2,0.1760,0.8401,0,rank_ok,,nurion
POSCAR_C2Cr2_5_z025,305,15,ok,0.3983,0.9868,17,0.9984,1.2109,0.0116,2,0.3441,0.9410,0,rank_ok,,nurion
POSCAR_C2Cr2_5_z050,501,15,ok,0.3229,0.9993,15,0.9993,0.3229,0.0000,0,0.2283,0.8384,0,rank_ok,,nurion
POSCAR_C2Cr2_5_z950,337,15,ok,0.5567,0.9952,13,0.9998,1.2164,0.0046,-2,0.6656,0.3830,0,rank_ok,,nurion
POSCAR_C2Cr2_5_z975,305,15,ok,0.5157,0.9991,15,0.9991,0.5157,0.0000,0,0.2091,0.6904,0,rank_ok,,nurion
POSCAR_C2Fe2_3,569,11,ok,0.8943,0.9495,13,0.9891,2.8156,0.0397,2,0.3617,0.1400,0,rank_ok,,nurion
POSCAR_C2Fe2_3_st025,589,11,ok,0.9483,0.9663,13,0.9878,1.8534,0.0215,2,0.0802,0.3744,0,rank_ok,,nurion
POSCAR_C2Fe2_3_st050,779,11,ok,0.9284,0.9950,10,0.9963,0.1358,0.0012,-1,0.3061,0.0334,1,rank_ok,,nurion
POSCAR_C2Fe2_3_st950,685,11,ok,0.5581,0.9993,11,0.9993,0.5581,0.0000,0,0.6937,0.0947,0,rank_ok,,nurion
POSCAR_C2Fe2_3_x050,555,12,ok,1.0654,0.9943,14,0.9981,1.6562,0.0037,2,0.8520,0.5255,0,rank_ok,,nurion
POSCAR_C2Fe2_3_x950,780,11,ok,0.7609,0.9622,9,0.9967,1.5039,0.0345,-2,0.6959,0.2499,0,rank_ok,,nurion
POSCAR_C2Fe2_3_x975,569,11,ok,0.8235,0.9835,12,0.9981,1.0683,0.0146,1,0.6003,0.2448,0,rank_ok,,nurion
POSCAR_C2Fe2_3_y050,475,12,ok,0.9565,0.9933,12,0.9933,0.9565,0.0000,0,1.2110,0.2961,0,rank_ok,,nurion
POSCAR_C2Fe2_3_y975,719,11,ok,0.8401,0.9492,11,0.9492,0.8401,0.0000,0,0.3858,0.5956,0,rank_ok,,nurion
POSCAR_C2Fe2_3_z025,639,12,ok,1.0324,0.9943,12,0.9943,1.0324,0.0000,0,0.1068,1.1878,0,rank_ok,,nurion
POSCAR_C2Mo2_4,115,18,ok,0.0129,1.0000,18,1.0000,0.0129,0.0000,0,0.2869,0.2736,0,rank_ok,,nurion
POSCAR_C2Sc2_4,68,16,ok,0.0106,1.0000,16,1.0000,0.0106,0.0000,0,0.5297,0.5392,0,rank_ok,,local
POSCAR_Cd2F6_3,177,24,ok,0.2244,1.0000,22,1.0000,0.8058,0.0000,-2,0.1448,0.2586,0,rank_ok,,nurion
POSCAR_Cl4Co2_1,37,20,ok,0.1695,0.9996,18,1.0000,0.3797,0.0004,-2,0.1360,0.2209,0,rank_ok,,nurion
POSCAR_Cl4Co2_1_st025,150,13,ok,0.1516,0.9336,11,0.9920,0.9052,0.0584,-2,0.3151,0.0557,0,rank_ok,,nurion
POSCAR_Cl4Co2_1_st050,162,16,ok,0.1390,0.8675,17,0.9995,0.1747,0.1320,1,0.0051,0.0357,1,A,rank_under,nurion
POSCAR_Cl4Co2_1_st950,109,20,ok,0.2683,0.9847,19,0.9901,0.1521,0.0054,-1,0.0924,0.2870,0,rank_ok,,nurion
POSCAR_Cl4Co2_1_st975,37,20,ok,0.2183,0.9951,20,0.9951,0.2183,0.0000,0,0.1191,0.2517,0,rank_ok,,nurion
POSCAR_Cl4Co2_1_x025,37,20,ok,0.1744,0.9999,18,0.9999,0.3611,0.0001,-2,0.1526,0.1870,0,rank_ok,,nurion
POSCAR_Cl4Co2_1_x050,37,20,ok,0.1773,0.9987,18,0.9996,0.3406,0.0009,-2,0.1716,0.1584,0,rank_ok,,nurion
POSCAR_Cl4Co2_1_x950,109,20,ok,0.2610,0.9990,20,0.9990,0.2610,0.0000,0,0.1420,0.1643,0,rank_ok,,nurion
POSCAR_Cl4Co2_1_x975,109,20,ok,0.2135,0.9995,20,0.9995,0.2135,0.0000,0,0.1400,0.1948,0,rank_ok,,nurion
POSCAR_Cl4Co2_1_y025,109,20,ok,0.1740,0.9999,21,1.0000,0.3613,0.0001,1,0.1531,0.1873,0,rank_ok,,nurion
POSCAR_Cl4Co2_1_y050,109,20,ok,0.1770,0.9989,18,0.9996,0.3410,0.0006,-2,0.1721,0.1586,0,rank_ok,,nurion
POSCAR_Cl4Co2_1_y950,37,20,ok,0.2612,0.9991,20,0.9991,0.2612,0.0000,0,0.1413,0.1643,0,rank_ok,,nurion
POSCAR_Cl4Co2_1_y975,37,20,ok,0.2139,0.9996,20,0.9996,0.2139,0.0000,0,0.1394,0.1946,0,rank_ok,,nurion
POSCAR_Cl4Co2_1_z025,37,20,ok,0.1589,1.0000,20,1.0000,0.1589,0.0000,0,0.1381,0.2048,0,rank_ok,,nurion
POSCAR_Cl4Co2_1_z050,116,20,ok,0.1625,0.9909,19,0.9996,0.0817,0.0087,-1,0.0467,0.0725,1,rank_ok,,nurion
POSCAR_Cl4Co2_1_z950,37,20,ok,0.1993,0.9968,20,0.9968,0.1993,0.0000,0,0.1257,0.2473,0,rank_ok,,nurion
POSCAR_Cl4Co2_1_z975,37,20,ok,0.1830,0.9988,18,0.9992,0.3796,0.0004,-2,0.1321,0.2350,0,rank_ok,,nurion
POSCAR_Cl4Fe2_1,55,21,ok,0.1162,0.9995,21,0.9995,0.1162,0.0000,0,0.1392,0.2149,0,rank_ok,,nurion
POSCAR_Cl4Fe2_1_st025,43,14,ok,0.1555,0.9835,15,0.9999,0.2090,0.0164,1,0.1926,0.0535,0,rank_ok,,nurion
POSCAR_Cl4Fe2_1_st050,43,14,ok,0.1479,1.0000,14,1.0000,0.1479,0.0000,0,0.1469,0.0417,1,rank_ok,,nurion
POSCAR_Cl4Fe2_1_st950,55,21,ok,0.1338,0.9983,21,0.9983,0.1338,0.0000,0,0.2131,0.2936,0,rank_ok,,nurion
POSCAR_Cl4Fe2_1_st975,55,21,ok,0.1250,0.9989,19,0.9994,0.4467,0.0005,-2,0.1764,0.2541,0,rank_ok,,nurion
POSCAR_Cl4Fe2_1_x025,102,15,ok,0.1192,0.9993,15,0.9993,0.1192,0.0000,0,0.1790,0.0719,0,rank_ok,,nurion
POSCAR_Cl4Fe2_1_x050,43,14,ok,0.1831,0.9761,15,0.9997,0.2599,0.0236,1,0.1525,0.0768,0,rank_ok,,nurion
POSCAR_Cl4Fe2_1_x950,18,20,ok,0.1637,0.9928,21,0.9990,0.2679,0.0062,1,0.1418,0.1043,0,rank_ok,,nurion
POSCAR_Cl4Fe2_1_x975,18,20,ok,0.1255,0.9958,21,0.9998,0.2544,0.0040,1,0.1348,0.1288,0,rank_ok,,nurion
POSCAR_Cl4Fe2_1_y025,36,15,ok,0.1171,1.0000,15,1.0000,0.1171,0.0000,0,0.1604,0.0871,0,rank_ok,,nurion
POSCAR_Cl4Fe2_1_y050,49,14,ok,0.1810,0.9770,13,1.0000,0.3341,0.0229,-1,0.0768,0.1531,0,rank_ok,,nurion
POSCAR_Cl4Fe2_1_y950,10,20,ok,0.1610,0.9922,19,0.9991,0.3027,0.0069,-1,0.1035,0.1416,0,rank_ok,,nurion
POSCAR_Cl4Fe2_1_y975,10,20,ok,0.1229,0.9951,18,0.9977,0.3093,0.0026,-2,0.1283,0.1353,0,rank_ok,,nurion
POSCAR_Cl4Fe2_1_z025,55,21,ok,0.1119,0.9999,21,0.9999,0.1119,0.0000,0,0.1176,0.1914,0,rank_ok,,nurion
POSCAR_Cl4Fe2_1_z050,43,14,ok,0.1479,0.9888,15,0.9995,0.2122,0.0107,1,0.2253,0.0642,0,rank_ok,,nurion
POSCAR_Cl4Fe2_1_z950,62,20,ok,0.1308,0.9965,19,1.0000,0.1828,0.0035,-1,0.1455,0.1763,0,rank_ok,,nurion
POSCAR_Cl4Fe2_1_z975,121,21,ok,0.1173,0.9987,21,0.9987,0.1173,0.0000,0,0.1630,0.2445,0,rank_ok,,nurion
POSCAR_Cl4Fe2_2,174,17,ok,0.3470,0.9991,15,0.9996,0.3784,0.0005,-2,0.0378,0.1271,1,rank_ok,,nurion
POSCAR_Cl4Fe2_2_st025,112,16,ok,0.4070,0.9490,17,0.9855,0.5218,0.0365,1,0.2788,0.1149,0,rank_ok,,nurion
POSCAR_Cl4Fe2_2_st050,112,16,ok,0.4805,0.9925,17,0.9965,0.5193,0.0040,1,0.1773,0.0388,1,rank_ok,,nurion
POSCAR_Cl4Fe2_2_st950,191,21,ok,0.4603,0.9307,21,0.9307,0.4603,0.0000,0,0.1027,0.2970,0,rank_ok,,nurion
POSCAR_Cl4Fe2_2_st975,191,21,ok,0.4058,0.9717,19,0.9965,0.1467,0.0247,-2,0.0332,0.2977,1,rank_ok,,nurion
POSCAR_Cl4Fe2_2_x025,174,17,ok,0.3035,0.9992,18,0.9996,0.4591,0.0004,1,0.0733,0.1556,0,rank_ok,,nurion
POSCAR_Cl4Fe2_2_x050,112,16,ok,0.2997,0.9434,17,0.9745,0.4671,0.0310,1,0.3104,0.1674,0,rank_ok,,nurion
POSCAR_Cl4Fe2_2_x950,191,21,ok,0.3884,0.9945,21,0.9945,0.3884,0.0000,0,0.0262,0.3033,1,rank_ok,,nurion
POSCAR_Cl4Fe2_2_x975,174,17,ok,0.3625,0.9988,17,0.9988,0.3625,0.0000,0,0.0520,0.0999,0,rank_ok,,nurion
POSCAR_Cl4Fe2_2_y025,112,16,ok,0.3422,0.9023,14,0.9756,0.6826,0.0733,-2,0.3845,0.1593,0,rank_ok,,nurion
POSCAR_Cl4Fe2_2_y050,112,16,ok,0.4067,0.9424,15,0.9953,0.5296,0.0529,-1,0.3453,0.1135,0,rank_ok,,nurion
POSCAR_Cl4Fe2_2_y950,192,21,ok,0.3796,0.9879,21,0.9879,0.3796,0.0000,0,0.0658,0.1266,0,rank_ok,,nurion
POSCAR_Cl4Fe2_2_y975,185,21,ok,0.3671,0.9947,21,0.9947,0.3671,0.0000,0,0.0460,0.1267,1,rank_ok,,nurion
POSCAR_Cl4Fe2_2_z025,174,17,ok,0.3448,0.9981,15,0.9997,0.3407,0.0016,-2,0.0506,0.0869,0,rank_ok,,nurion
POSCAR_Cl4Fe2_2_z050,112,16,ok,0.3927,0.9240,17,0.9732,0.5263,0.0492,1,0.2951,0.1336,0,rank_ok,,nurion
POSCAR_Cl4Fe2_2_z950,172,18,ok,0.4128,0.9960,18,0.9960,0.4128,0.0000,0,0.0852,0.0862,0,rank_ok,,nurion
POSCAR_Cl4Fe2_2_z975,192,21,ok,0.3621,0.9692,19,0.9999,0.1234,0.0307,-2,0.0131,0.1370,1,rank_ok,,nurion
POSCAR_Cl4Mn2_1,147,22,ok,0.3132,0.9947,22,0.9947,0.3132,0.0000,0,0.1289,0.1312,0,rank_ok,,nurion
POSCAR_Cl4Mn2_1_st025,147,22,ok,0.2758,0.9853,22,0.9853,0.2758,0.0000,0,0.1019,0.1347,0,rank_ok,,nurion
POSCAR_Cl4Mn2_1_st050,227,17,ok,0.3171,0.9398,18,0.9990,0.0788,0.0591,1,0.0405,0.3959,1,rank_ok,,nurion
POSCAR_Cl4Mn2_1_st950,141,26,ok,0.5903,0.9682,27,0.9862,0.7800,0.0180,1,0.3259,0.1896,0,rank_ok,,nurion
POSCAR_Cl4Mn2_1_st975,181,26,ok,0.4258,0.9367,24,0.9994,0.8526,0.0628,-2,0.2128,0.2544,0,rank_ok,,nurion
POSCAR_Cl4Mn2_1_x025,147,22,ok,0.3242,0.9999,22,0.9999,0.3242,0.0000,0,0.0868,0.1382,0,rank_ok,,nurion
POSCAR_Cl4Mn2_1_x050,147,22,ok,0.3193,0.9878,22,0.9878,0.3193,0.0000,0,0.0697,0.1365,0,rank_ok,,nurion
POSCAR_Cl4Mn2_1_x950,181,26,ok,0.3104,0.9315,27,0.9960,0.2130,0.0645,1,0.3711,0.2094,0,rank_ok,,nurion
POSCAR_Cl4Mn2_1_x975,147,22,ok,0.2957,0.9888,23,0.9923,0.1066,0.0035,1,0.1776,0.1099,0,rank_ok,,nurion
POSCAR_Cl4Mn2_1_y025,147,22,ok,0.3036,0.9982,21,0.9992,0.4379,0.0009,-1,0.1057,0.1343,0,rank_ok,,nurion
POSCAR_Cl4Mn2_1_y050,147,22,ok,0.2874,0.9998,22,0.9998,0.2874,0.0000,0,0.0895,0.1364,0,rank_ok,,nurion
POSCAR_Cl4Mn2_1_y950,180,26,ok,0.4588,0.9826,27,0.9991,0.2298,0.0165,1,0.0093,0.2208,1,rank_ok,,nurion
POSCAR_Cl4Mn2_1_y975,180,26,ok,0.3748,0.9740,27,0.9987,0.1916,0.0248,1,0.0568,0.1833,0,rank_ok,,nurion
POSCAR_Cl4Mn2_1_z025,147,22,ok,0.3052,0.9999,22,0.9999,0.3052,0.0000,0,0.1041,0.1312,0,rank_ok,,nurion
POSCAR_Cl4Mn2_1_z050,147,22,ok,0.2812,0.9934,22,0.9934,0.2812,0.0000,0,0.1051,0.1334,0,rank_ok,,nurion
POSCAR_Cl4Mn2_1_z950,181,26,ok,0.3640,0.9338,24,0.9994,0.8301,0.0656,-2,0.1609,0.2597,0,rank_ok,,nurion
POSCAR_Cl4Mn2_1_z975,176,27,ok,0.3299,0.9995,27,0.9995,0.3299,0.0000,0,0.1646,0.0610,0,rank_ok,,nurion
POSCAR_Cl4Nb2_1,29,27,ok,0.2361,0.9943,26,0.9989,0.4050,0.0046,-1,0.3366,0.1689,0,rank_ok,,nurion
POSCAR_Cl4Nb2_1_st025,29,27,ok,0.1935,0.9948,26,0.9998,0.3455,0.0051,-1,0.2922,0.1519,0,rank_ok,,nurion
POSCAR_Cl4Nb2_1_st050,29,27,ok,0.1627,0.9952,26,0.9997,0.2913,0.0044,-1,0.2484,0.1286,0,rank_ok,,nurion
POSCAR_Cl4Nb2_1_st950,29,27,ok,0.3702,0.9917,26,0.9958,0.5512,0.0041,-1,0.4362,0.1810,0,rank_ok,,nurion
POSCAR_Cl4Nb2_1_st975,29,27,ok,0.2935,0.9933,26,0.9975,0.4725,0.0042,-1,0.3841,0.1790,0,rank_ok,,nurion
POSCAR_Cl4Nb2_1_x025,29,27,ok,0.2226,0.9943,26,0.9990,0.3967,0.0047,-1,0.3283,0.1741,0,rank_ok,,nurion
POSCAR_Cl4Nb2_1_x050,29,27,ok,0.2109,0.9945,26,0.9989,0.3876,0.0044,-1,0.3193,0.1767,0,rank_ok,,nurion
POSCAR_Cl4Nb2_1_x950,29,27,ok,0.2721,0.9941,26,0.9988,0.4130,0.0047,-1,0.3444,0.1409,0,rank_ok,,nurion
POSCAR_Cl4Nb2_1_x975,29,27,ok,0.2520,0.9945,26,0.9989,0.4105,0.0044,-1,0.3423,0.1585,0,rank_ok,,nurion
POSCAR_Cl4Nb2_2,127,25,ok,0.1488,0.9992,26,0.9993,0.2060,0.0000,1,0.3327,0.0572,0,rank_ok,,nurion
POSCAR_Cl4Nb2_2_st025,127,25,ok,0.1160,0.9995,25,0.9995,0.1160,0.0000,0,0.2356,0.0242,1,rank_ok,,nurion
POSCAR_Cl4Nb2_2_st050,127,25,ok,0.0865,0.9995,26,0.9997,0.0914,0.0002,1,0.1599,0.0049,1,rank_ok,,nurion
POSCAR_Cl4Nb2_2_st950,127,25,ok,0.2491,0.9986,25,0.9986,0.2491,0.0000,0,0.6040,0.1253,0,rank_ok,,nurion
POSCAR_Cl4Nb2_2_st975,127,25,ok,0.1921,0.9991,25,0.9991,0.1921,0.0000,0,0.4538,0.0917,0,rank_ok,,nurion
POSCAR_Cl4Nb2_2_x025,127,25,ok,0.1359,1.0000,25,1.0000,0.1359,0.0000,0,0.2543,0.0004,1,rank_ok,,nurion
POSCAR_Cl4Nb2_2_x050,130,27,ok,0.1091,0.9977,25,0.9998,0.0880,0.0022,-2,0.0918,0.1871,0,rank_ok,,nurion
POSCAR_Cl4Nb2_2_x950,128,25,ok,0.1805,0.9987,25,0.9987,0.1805,0.0000,0,0.4303,0.1451,0,rank_ok,,nurion
POSCAR_Cl4Nb2_2_x975,127,25,ok,0.1635,0.9992,25,0.9992,0.1635,0.0000,0,0.4337,0.1355,0,rank_ok,,nurion
POSCAR_Cl4Nb2_2_y025,127,25,ok,0.1372,0.9994,25,0.9994,0.1372,0.0000,0,0.3238,0.0735,0,rank_ok,,nurion
POSCAR_Cl4Nb2_2_y050,127,25,ok,0.1263,0.9995,25,0.9995,0.1263,0.0000,0,0.3142,0.0871,0,rank_ok,,nurion
POSCAR_Cl4Nb2_2_y950,127,25,ok,0.1745,0.9992,26,0.9993,0.1940,0.0001,1,0.3517,0.0194,1,rank_ok,,nurion
POSCAR_Cl4Nb2_2_y975,127,25,ok,0.1612,0.9993,26,0.9993,0.2010,0.0000,1,0.3426,0.0398,1,rank_ok,,nurion
POSCAR_Cl4Nb2_2_z025,127,25,ok,0.1372,0.9993,25,0.9993,0.1372,0.0000,0,0.3242,0.0738,0,rank_ok,,nurion
POSCAR_Cl4Nb2_2_z050,127,25,ok,0.1265,0.9995,25,0.9995,0.1265,0.0000,0,0.3152,0.0878,0,rank_ok,,nurion
POSCAR_Cl4Nb2_2_z950,127,25,ok,0.1743,0.9992,26,0.9993,0.1930,0.0001,1,0.3505,0.0187,1,rank_ok,,nurion
POSCAR_Cl4Nb2_2_z975,127,25,ok,0.1611,0.9993,26,0.9993,0.2006,0.0000,1,0.3421,0.0395,1,rank_ok,,nurion
POSCAR_Cl6Mn2_1,126,26,ok,0.3401,0.9993,25,0.9998,0.1548,0.0004,-1,0.1155,0.0217,1,rank_ok,,nurion
POSCAR_Cl6Mn2_1_st025,59,26,ok,0.3392,1.0000,26,1.0000,0.3392,0.0000,0,0.0876,0.0980,0,rank_ok,,nurion
POSCAR_Cl6Mn2_1_st050,168,26,ok,0.3257,0.9999,28,1.0000,0.4613,0.0001,2,0.1070,0.0199,1,rank_ok,,nurion
POSCAR_Cl6Mn2_1_st950,32,28,ok,0.3370,0.9327,26,0.9957,0.0456,0.0629,-2,0.0437,0.1184,1,rank_ok,,nurion
POSCAR_Cl6Mn2_1_st975,135,27,ok,0.3290,0.9916,25,0.9997,0.3460,0.0080,-2,0.0277,0.1722,1,rank_ok,,nurion
POSCAR_Cl6Nb2_1,29,33,ok,0.1812,0.9935,34,0.9999,0.0961,0.0063,1,0.1094,0.2773,0,rank_ok,,nurion
POSCAR_Cl6Nb2_1_st025,106,33,ok,0.1658,0.9915,33,0.9915,0.1658,0.0000,0,0.3063,0.1361,0,rank_ok,,nurion
POSCAR_Cl6Nb2_1_st050,106,33,ok,0.1616,0.9879,33,0.9879,0.1616,0.0000,0,0.2880,0.1221,0,rank_ok,,nurion
POSCAR_Cl6Nb2_1_st950,107,33,ok,0.2388,0.9944,35,0.9969,2.2760,0.0025,2,0.4273,0.1863,0,rank_ok,,nurion
POSCAR_Cl6Nb2_1_st975,29,33,ok,0.2059,0.9935,34,0.9998,0.1107,0.0063,1,0.1274,0.3167,0,rank_ok,,nurion
POSCAR_Cl6Nb2_1_x975,107,33,ok,0.1934,0.9938,33,0.9938,0.1934,0.0000,0,0.3481,0.1509,0,rank_ok,,nurion
POSCAR_Cl6Nb2_1_y975,71,33,ok,0.1873,0.9943,34,0.9991,0.1738,0.0048,1,0.1492,0.3611,0,rank_ok,,nurion
POSCAR_Cl6Nb2_1_z025,107,33,ok,0.1726,0.9928,33,0.9928,0.1726,0.0000,0,0.3171,0.1444,0,rank_ok,,nurion
POSCAR_Cl6Nb2_1_z050,99,33,ok,0.1701,0.9945,33,0.9945,0.1701,0.0000,0,0.2564,0.1056,0,rank_ok,,nurion
POSCAR_Cl6Nb2_1_z950,29,33,ok,0.2163,0.9931,34,0.9995,0.0751,0.0064,1,0.0902,0.2913,0,rank_ok,,nurion
POSCAR_Cl6Nb2_1_z975,29,33,ok,0.2018,0.9933,34,0.9997,0.0838,0.0064,1,0.0940,0.2857,0,rank_ok,,nurion
POSCAR_Cl6Pd2_1,87,31,ok,0.1406,0.9971,31,0.9971,0.1406,0.0000,0,0.3487,0.1998,0,rank_ok,,nurion
POSCAR_Cl6Pd2_1_st025,20,22,ok,0.1392,0.9999,22,0.9999,0.1392,0.0000,0,0.1022,0.2812,0,rank_ok,,nurion
POSCAR_Cl6Pd2_1_st050,54,20,ok,0.1699,0.9946,18,0.9986,0.4066,0.0039,-2,0.2306,0.1908,0,rank_ok,,nurion
POSCAR_Cl6Pd2_1_st950,87,31,ok,0.1545,0.9958,31,0.9958,0.1545,0.0000,0,0.6041,0.4549,0,rank_ok,,nurion
POSCAR_Cl6Pd2_1_st975,87,31,ok,0.1472,0.9960,31,0.9960,0.1472,0.0000,0,0.4695,0.3189,0,rank_ok,,nurion
POSCAR_Cl6Pd2_1_z025,87,31,ok,0.1344,0.9973,31,0.9973,0.1344,0.0000,0,0.3164,0.1662,0,rank_ok,,nurion
POSCAR_Cl6Pd2_1_z050,142,25,ok,0.1470,0.9984,26,0.9997,0.0330,0.0013,1,0.0647,0.0535,0,rank_ok,,nurion
POSCAR_Cl6Pd2_1_z950,87,31,ok,0.1618,0.9978,31,0.9978,0.1618,0.0000,0,0.4153,0.2546,0,rank_ok,,nurion
POSCAR_Cl6Pd2_1_z975,87,31,ok,0.1499,0.9973,31,0.9973,0.1499,0.0000,0,0.3824,0.2299,0,rank_ok,,nurion
POSCAR_Cl6Pd2_2,127,30,ok,0.2276,0.9679,31,0.9967,0.3242,0.0288,1,0.2755,0.0967,0,rank_ok,,nurion
POSCAR_Cl6Pd2_2_st025,127,30,ok,0.2310,0.9929,30,0.9929,0.2310,0.0000,0,0.2040,0.0536,0,rank_ok,,nurion
POSCAR_Cl6Pd2_2_st050,137,21,ok,0.2353,0.9994,21,0.9994,0.2353,0.0000,0,0.0131,0.0824,1,rank_ok,,nurion
POSCAR_Cl6Pd2_2_st950,44,31,ok,0.3935,0.9842,31,0.9842,0.3935,0.0000,0,0.2190,0.1933,0,rank_ok,,nurion
POSCAR_Cl6Pd2_2_st975,44,31,ok,0.3065,0.9807,30,0.9948,0.1529,0.0141,-1,0.1466,0.2906,0,rank_ok,,nurion
POSCAR_Cl6Pd2_2_y025,28,31,ok,0.2536,0.9823,31,0.9823,0.2536,0.0000,0,0.3215,0.0558,0,rank_ok,,nurion
POSCAR_Cl6Pd2_2_z025,127,30,ok,0.2469,0.9976,30,0.9976,0.2469,0.0000,0,0.2348,0.0413,1,rank_ok,,nurion
POSCAR_Cl6Pd2_2_z050,39,21,ok,0.2263,0.9994,21,0.9994,0.2263,0.0000,0,0.0878,0.2896,0,rank_ok,,nurion
POSCAR_Cl6Pd2_2_z950,86,31,ok,0.4023,0.8079,30,1.0000,0.0344,0.1921,-1,0.0212,0.0777,1,A,rank_over,nurion
POSCAR_Cl6Pd2_2_z975,44,31,ok,0.3311,0.9888,30,0.9892,0.1711,0.0004,-1,0.1437,0.2256,0,rank_ok,,nurion
POSCAR_Cl6Ti2_1,70,33,ok,0.0827,0.9995,33,0.9995,0.0827,0.0000,0,1.3792,1.2911,0,rank_ok,,local
POSCAR_Cl6Ti2_1_st025,70,33,ok,0.0718,0.9995,33,0.9995,0.0718,0.0000,0,1.0694,0.9929,0,rank_ok,,tgm
POSCAR_Cl6Ti2_1_st050,87,25,ok,0.0788,0.9962,27,0.9999,0.1462,0.0037,2,0.0363,0.1246,1,rank_ok,,tgm
POSCAR_Cl6Ti2_1_st950,70,33,ok,0.1211,0.9996,33,0.9996,0.1211,0.0000,0,1.8544,1.9008,0,rank_ok,,tgm
POSCAR_Cl6Ti2_1_st975,70,33,ok,0.0986,0.9996,33,0.9996,0.0986,0.0000,0,1.7011,1.5961,0,rank_ok,,tgm
POSCAR_Cl6Ti2_1_z025,70,33,ok,0.0672,0.9997,33,0.9997,0.0672,0.0000,0,1.2654,1.1920,0,rank_ok,,nurion
POSCAR_Cl6Ti2_1_z050,171,29,ok,0.0639,0.9983,27,1.0000,0.3465,0.0017,-2,0.1304,0.0367,1,rank_ok,,nurion
POSCAR_Cl6Ti2_1_z950,4,33,ok,0.1250,0.9989,33,0.9989,0.1250,0.0000,0,1.5835,1.4585,0,rank_ok,,nurion
POSCAR_Cl6Ti2_1_z975,70,33,ok,0.1002,0.9992,33,0.9992,0.1002,0.0000,0,1.4882,1.3823,0,rank_ok,,nurion
POSCAR_Cl6Zr2_1,128,33,ok,0.2124,0.9999,33,0.9999,0.2124,0.0000,0,1.1495,1.5287,0,rank_ok,,local
POSCAR_Cl6Zr2_1_st025,128,33,ok,0.1573,1.0000,33,1.0000,0.1573,0.0000,0,1.3319,1.6229,0,rank_ok,,tgm
POSCAR_Cl6Zr2_1_st050,128,33,ok,0.1169,1.0000,33,1.0000,0.1169,0.0000,0,1.4873,1.7095,0,rank_ok,,tgm
POSCAR_Cl6Zr2_1_st975,97,33,ok,0.2861,0.9939,35,1.0000,0.5232,0.0061,2,0.0426,0.6101,1,rank_ok,,tgm
POSCAR_Cl6Zr2_1_z025,152,33,ok,0.1966,1.0000,33,1.0000,0.1966,0.0000,0,1.5790,1.2449,0,rank_ok,,nurion
POSCAR_Cl6Zr2_1_z050,152,33,ok,0.1771,1.0000,33,1.0000,0.1771,0.0000,0,1.6290,1.3425,0,rank_ok,,nurion
POSCAR_Cl6Zr2_1_z950,85,33,ok,0.2566,0.9959,34,0.9999,0.3393,0.0040,1,0.5043,0.0827,0,rank_ok,,nurion
POSCAR_Cl6Zr2_1_z975,152,33,ok,0.5429,0.9990,35,0.9998,1.0576,0.0008,2,1.0700,0.4021,0,rank_ok,,nurion
POSCAR_Co2F4_1,271,20,ok,0.4944,0.9719,21,0.9887,0.0749,0.0168,1,0.0312,0.0561,1,rank_ok,,nurion
POSCAR_Co2F4_1_st025,278,21,ok,0.3462,0.9862,20,0.9975,0.4536,0.0113,-1,0.4088,0.1074,0,rank_ok,,nurion
POSCAR_Co2F4_1_st050,278,21,ok,0.3355,0.9872,20,0.9980,0.3543,0.0107,-1,0.3118,0.0188,1,rank_ok,,nurion
POSCAR_Co2F4_1_st950,278,20,ok,0.5869,0.9774,21,0.9946,0.0479,0.0172,1,0.0116,0.0646,1,rank_ok,,nurion
POSCAR_Co2F4_1_st975,271,20,ok,0.5666,0.9664,21,0.9900,0.0601,0.0236,1,0.0114,0.0134,1,rank_ok,,nurion
POSCAR_Co2F4_1_x025,279,20,ok,0.4772,0.9596,21,0.9987,0.1037,0.0391,1,0.0394,0.1058,1,rank_ok,,nurion
POSCAR_Co2F4_1_x050,382,20,ok,0.4694,0.9610,21,0.9983,0.0047,0.0373,1,0.0030,0.0161,1,rank_ok,,nurion
POSCAR_Co2F4_1_x950,278,21,ok,0.3118,0.9933,19,0.9997,0.7033,0.0064,-2,0.3816,0.1896,0,rank_ok,,nurion
POSCAR_Co2F4_1_x975,278,21,ok,0.3375,0.9902,19,0.9991,0.7892,0.0089,-2,0.4448,0.1890,0,rank_ok,,nurion
POSCAR_Co2F4_1_y025,278,21,ok,0.3411,0.9891,19,0.9998,0.8025,0.0107,-2,0.4305,0.1488,0,rank_ok,,nurion
POSCAR_Co2F4_1_y050,278,21,ok,0.3218,0.9902,19,0.9998,0.7360,0.0096,-2,0.3646,0.1109,0,rank_ok,,nurion
POSCAR_Co2F4_1_y950,271,20,ok,0.4800,0.9620,21,0.9887,0.0749,0.0268,1,0.1068,0.0206,1,rank_ok,,nurion
POSCAR_Co2F4_1_y975,271,20,ok,0.5075,0.9641,21,0.9878,0.0861,0.0237,1,0.0441,0.0224,1,rank_ok,,nurion
POSCAR_Co2F4_1_z025,278,21,ok,0.3408,0.9887,19,0.9990,0.8045,0.0104,-2,0.4320,0.1499,0,rank_ok,,nurion
POSCAR_Co2F4_1_z050,278,21,ok,0.3210,0.9897,19,0.9997,0.7396,0.0101,-2,0.3673,0.1133,0,rank_ok,,nurion
POSCAR_Co2F4_1_z950,271,20,ok,0.4860,0.9641,21,0.9889,0.0763,0.0248,1,0.0968,0.0276,1,rank_ok,,nurion
POSCAR_Co2F6_1,249,23,ok,0.2528,0.9952,23,0.9952,0.2528,0.0000,0,0.0482,0.0430,1,rank_ok,,nurion
POSCAR_Co2F6_1_st025,202,19,ok,0.2398,0.9956,20,0.9957,0.0820,0.0001,1,0.0433,0.0750,1,rank_ok,,nurion
POSCAR_Co2F6_1_st050,256,18,ok,0.3544,0.6263,20,1.0000,0.0360,0.3737,2,0.0091,0.1764,1,A,rank_over,nurion
POSCAR_Co2F6_1_st950,101,28,ok,0.3551,0.9885,29,0.9983,0.5953,0.0099,1,0.1962,0.2402,0,rank_ok,,nurion
POSCAR_Co2F6_1_st975,101,28,ok,0.3295,1.0000,28,1.0000,0.3295,0.0000,0,0.0988,0.0987,0,rank_ok,,nurion
POSCAR_Co2F6_1_z025,249,23,ok,0.2599,0.9915,22,1.0000,0.3023,0.0084,-1,0.0405,0.0424,1,rank_ok,,nurion
POSCAR_Co2F6_1_z050,9,20,ok,0.2684,0.9922,18,0.9999,0.4304,0.0077,-2,0.1182,0.0161,1,rank_ok,,nurion
POSCAR_Co2F6_1_z950,159,27,ok,0.3218,0.9999,27,0.9999,0.3218,0.0000,0,0.0809,0.0153,1,rank_ok,,nurion
POSCAR_Co2F6_1_z975,95,27,ok,0.2832,0.9968,26,0.9993,0.3519,0.0024,-1,0.1056,0.0687,0,rank_ok,,nurion
POSCAR_Co2Ge2_1,378,23,ok,0.4245,0.9406,25,0.9926,1.6127,0.0520,2,0.7597,0.8992,0,rank_ok,,nurion
POSCAR_Co2Ge2_1_st025,378,23,ok,0.4481,0.9182,25,0.9949,1.5982,0.0767,2,0.5282,0.7687,0,rank_ok,,nurion
POSCAR_Co2Ge2_1_st975,378,23,ok,0.3973,0.9574,25,0.9746,1.7610,0.0172,2,1.0336,0.8681,0,rank_ok,,nurion
POSCAR_Co2Ge2_1_x025,378,23,ok,0.4432,0.9388,25,0.9970,1.6928,0.0582,2,0.6455,0.8362,0,rank_ok,,nurion
POSCAR_Co2Ge2_1_x050,499,23,ok,0.4684,0.8992,25,0.9951,1.8291,0.0959,2,0.5731,0.7634,0,rank_ok,,nurion
POSCAR_Co2Ge2_1_x950,400,23,ok,0.4235,0.9315,23,0.9315,0.4235,0.0000,0,1.0144,0.9484,0,rank_ok,,nurion
POSCAR_Co2Ge2_1_x975,420,23,ok,0.4086,0.9368,25,0.9842,1.6151,0.0474,2,0.8580,0.9407,0,rank_ok,,nurion
POSCAR_Co2Ge2_1_y025,420,23,ok,0.4490,0.9302,25,0.9971,1.5924,0.0669,2,0.7065,0.8504,0,rank_ok,,nurion
POSCAR_Co2Ge2_1_y050,420,23,ok,0.4770,0.9152,25,0.9936,1.6052,0.0784,2,0.6595,0.7619,0,rank_ok,,nurion
POSCAR_Co2Ge2_1_y975,378,23,ok,0.4047,0.9451,21,0.9879,1.1779,0.0429,-2,0.7750,0.9010,0,rank_ok,,nurion
POSCAR_Co2Ge2_1_z025,378,23,ok,0.4054,0.9242,21,0.9889,1.0802,0.0646,-2,0.6590,0.9216,0,rank_ok,,nurion
POSCAR_Co2Ge2_1_z050,378,23,ok,0.3804,0.9154,21,0.9903,1.0344,0.0749,-2,0.5653,0.9077,0,rank_ok,,nurion
POSCAR_Co2Ge2_1_z950,275,23,ok,0.0798,0.9998,23,0.9998,0.0798,0.0000,0,0.7430,0.6035,0,rank_ok,,nurion
POSCAR_Co2Ge2_1_z975,407,23,ok,0.4180,0.9324,25,0.9932,1.6860,0.0609,2,0.8808,0.9103,0,rank_ok,,nurion
POSCAR_Co2N2_1,367,13,ok,0.8015,0.9938,14,0.9999,0.3647,0.0061,1,0.1951,0.0164,1,rank_ok,,nurion
POSCAR_Co2N2_1_st975,367,13,ok,0.6768,0.9992,14,0.9999,0.7203,0.0007,1,0.5151,0.1541,0,rank_ok,,nurion
POSCAR_Co2N2_1_x025,423,13,ok,0.8001,0.9899,11,0.9982,0.9230,0.0084,-2,0.0685,0.1344,0,rank_ok,,nurion
POSCAR_Co2N2_1_x050,423,13,ok,0.7755,0.9850,11,0.9979,0.9876,0.0129,-2,0.1044,0.1517,0,rank_ok,,nurion
POSCAR_Co2N2_1_x950,306,13,ok,0.7051,0.9911,14,1.0000,0.7356,0.0089,1,0.4921,0.0471,1,rank_ok,,nurion
POSCAR_Co2N2_1_y025,423,13,ok,0.8116,0.9861,11,0.9975,0.9237,0.0114,-2,0.0426,0.0963,1,rank_ok,,nurion
POSCAR_Co2N2_1_y050,423,13,ok,0.7670,0.9628,11,0.9996,0.9587,0.0369,-2,0.0328,0.1741,1,rank_ok,,nurion
POSCAR_Co2N2_1_y950,367,13,ok,0.7148,0.9906,14,1.0000,0.7954,0.0093,1,0.4942,0.0933,0,rank_ok,,nurion
POSCAR_Co2N2_1_y975,367,13,ok,0.7681,0.9904,14,1.0000,0.5679,0.0096,1,0.3289,0.0434,1,rank_ok,,nurion
POSCAR_Co2N2_1_z025,367,13,ok,0.7142,0.9616,14,0.9999,0.3850,0.0383,1,0.2088,0.0635,0,rank_ok,,nurion
POSCAR_Co2N2_1_z050,367,13,ok,0.5857,0.9601,14,0.9999,0.4357,0.0398,1,0.2805,0.1287,0,rank_ok,,nurion
POSCAR_Co2N6_1,232,23,ok,0.0170,1.0000,23,1.0000,0.0170,0.0000,0,0.1547,0.1779,0,rank_ok,,nurion
POSCAR_Co2N6_1_st050,306,24,ok,0.0130,1.0000,24,1.0000,0.0130,0.0000,0,0.2465,0.2202,0,rank_ok,,nurion
POSCAR_Co2N6_1_st975,396,24,ok,0.0225,1.0000,24,1.0000,0.0225,0.0000,0,0.2263,0.2023,0,rank_ok,,nurion
POSCAR_Co2N6_1_x975,65,24,ok,0.1044,1.0000,24,1.0000,0.1044,0.0000,0,0.9601,1.0994,0,rank_ok,,nurion
POSCAR_Co2N6_1_y025,403,24,ok,0.0109,1.0000,24,1.0000,0.0109,0.0000,0,0.1159,0.0927,0,rank_ok,,nurion
POSCAR_Co2N6_1_y050,137,24,ok,0.0331,1.0000,24,1.0000,0.0331,0.0000,0,0.3384,0.3958,0,rank_ok,,nurion
POSCAR_Co2N6_1_y950,475,24,ok,0.0245,0.9999,24,0.9999,0.0245,0.0000,0,0.2885,0.2420,0,rank_ok,,nurion
POSCAR_Co2N6_1_y975,488,24,ok,0.0171,0.9994,24,0.9994,0.0171,0.0000,0,0.2891,0.2573,0,rank_ok,,nurion
POSCAR_Co2N6_1_z025,292,24,ok,0.0050,1.0000,24,1.0000,0.0050,0.0000,0,0.5652,0.5593,0,rank_ok,,nurion
POSCAR_Co2N6_1_z950,386,24,ok,0.0049,1.0000,24,1.0000,0.0049,0.0000,0,0.1970,0.2084,0,rank_ok,,nurion
POSCAR_Co2O2_1,332,12,ok,0.4630,0.9843,13,0.9962,0.5785,0.0119,1,0.0653,0.1155,0,rank_ok,,nurion
POSCAR_Co2O2_1_st025,332,12,ok,0.4316,0.9874,13,0.9921,0.5186,0.0047,1,0.1261,0.0870,0,rank_ok,,nurion
POSCAR_Co2O2_1_st050,332,12,ok,0.4009,0.9890,11,0.9985,0.5298,0.0095,-1,0.1875,0.0577,0,rank_ok,,nurion
POSCAR_Co2O2_1_st950,264,12,ok,0.3709,0.9942,14,0.9968,1.2158,0.0026,2,0.1942,0.0532,0,rank_ok,,nurion
POSCAR_Co2O2_1_st975,332,12,ok,0.4825,0.9739,13,0.9996,0.6239,0.0257,1,0.0357,0.1414,1,rank_ok,,nurion
POSCAR_Co2O2_1_x025,363,12,ok,0.4604,0.9830,13,0.9963,0.5149,0.0133,1,0.0893,0.0545,0,rank_ok,,nurion
POSCAR_Co2O2_1_x050,329,12,ok,0.4424,0.9986,12,0.9986,0.4424,0.0000,0,0.0292,0.1168,1,rank_ok,,nurion
POSCAR_Co2O2_1_x950,308,12,ok,0.4830,0.9659,14,0.9992,1.4323,0.0333,2,0.0821,0.2222,0,rank_ok,,nurion
POSCAR_Co2O2_1_x975,315,12,ok,0.4900,0.9581,11,0.9852,0.5358,0.0271,-1,0.1126,0.0458,1,rank_ok,,nurion
POSCAR_Co2O2_1_y025,377,12,ok,0.4595,0.9835,13,0.9964,0.5150,0.0129,1,0.0904,0.0555,0,rank_ok,,nurion
POSCAR_Co2O2_1_y050,377,12,ok,0.4423,0.9980,13,0.9983,0.4725,0.0003,1,0.1166,0.0302,1,rank_ok,,nurion
POSCAR_Co2O2_1_y950,272,12,ok,0.4823,0.9643,11,0.9801,0.5633,0.0158,-1,0.2237,0.0810,0,rank_ok,,nurion
POSCAR_Co2O2_1_y975,329,12,ok,0.4900,0.9582,11,0.9852,0.5363,0.0269,-1,0.1118,0.0463,1,rank_ok,,nurion
POSCAR_Co2O2_1_z025,332,12,ok,0.4694,0.9666,13,0.9992,0.6192,0.0326,1,0.0629,0.1498,0,rank_ok,,nurion
POSCAR_Co2O2_1_z050,332,12,ok,0.4527,0.9586,13,0.9993,0.6438,0.0407,1,0.0970,0.1911,0,rank_ok,,nurion
POSCAR_Co2O2_1_z950,260,12,ok,0.4194,0.9974,12,0.9974,0.4194,0.0000,0,0.0063,0.1453,1,rank_ok,,nurion
POSCAR_Co2O2_1_z975,332,12,ok,0.4281,0.9947,13,0.9974,0.5284,0.0027,1,0.1044,0.1004,0,rank_ok,,nurion
POSCAR_Co2P2_4,184,13,ok,0.1540,0.9680,14,0.9955,0.0875,0.0275,1,0.0603,0.2353,0,rank_ok,,nurion
POSCAR_Co2P2_4_st025,347,13,ok,0.2177,0.9539,14,0.9899,0.4353,0.0360,1,0.1404,0.6530,0,rank_ok,,nurion
POSCAR_Co2P2_4_st975,285,13,ok,0.0607,0.9993,14,0.9998,0.1598,0.0005,1,0.2056,0.0990,0,rank_ok,,nurion
POSCAR_Co2P2_4_x025,133,13,ok,0.1820,0.9573,14,0.9995,0.0800,0.0422,1,0.0453,0.2620,1,rank_ok,,nurion
POSCAR_Co2P2_4_x050,493,13,ok,0.2294,0.9981,15,0.9989,1.9571,0.0007,2,0.1563,0.3840,0,rank_ok,,nurion
POSCAR_Co2P2_4_x975,284,13,ok,0.1785,1.0000,13,1.0000,0.1785,0.0000,0,0.1302,0.0664,0,rank_ok,,nurion
POSCAR_Co2P2_4_y025,293,13,ok,0.1840,0.9599,14,0.9989,0.0802,0.0390,1,0.0433,0.2642,1,rank_ok,,nurion
POSCAR_Co2P2_4_y050,509,13,ok,0.2305,0.9981,15,0.9988,1.9569,0.0008,2,0.1569,0.3834,0,rank_ok,,nurion
POSCAR_Co2P2_4_y950,268,13,ok,0.1811,0.9752,12,0.9994,0.0915,0.0243,-1,0.0664,0.0655,0,rank_ok,,nurion
POSCAR_Co2P2_4_y975,200,13,ok,0.1764,0.9999,13,0.9999,0.1764,0.0000,0,0.0698,0.1284,0,rank_ok,,nurion
POSCAR_Co2P2_4_z050,346,14,ok,0.2817,0.9651,13,0.9924,0.4683,0.0272,-1,0.4140,0.1867,0,rank_ok,,nurion
POSCAR_Co2P2_4_z975,414,12,ok,0.1514,0.9998,12,0.9998,0.1514,0.0000,0,0.1722,0.0251,1,rank_ok,,nurion
POSCAR_Co2Pb2_4,187,23,ok,0.0114,1.0000,23,1.0000,0.0114,0.0000,0,0.4146,0.3931,0,rank_ok,,nurion
POSCAR_Co2Pb2_4_st975,258,22,ok,0.0196,1.0000,22,1.0000,0.0196,0.0000,0,0.0090,0.0322,1,rank_ok,,nurion
POSCAR_Co2Pb2_4_x950,202,23,ok,0.0199,1.0000,23,1.0000,0.0199,0.0000,0,0.3712,0.3519,0,rank_ok,,nurion
POSCAR_Co2Pb2_4_y950,30,23,ok,0.0062,1.0000,23,1.0000,0.0062,0.0000,0,0.1219,0.1169,0,rank_ok,,nurion
POSCAR_Co2Pb2_4_y975,30,23,ok,0.0055,1.0000,23,1.0000,0.0055,0.0000,0,0.1407,0.1327,0,rank_ok,,nurion
POSCAR_Co2Pb2_4_z025,1,21,ok,0.0414,1.0000,21,1.0000,0.0414,0.0000,0,0.5638,0.5420,0,rank_ok,,nurion
POSCAR_Co2Pb2_4_z950,284,23,ok,0.0337,1.0000,23,1.0000,0.0337,0.0000,0,0.6673,0.6263,0,rank_ok,,nurion
POSCAR_Co2Pb3_1_st025,103,31,ok,0.0161,1.0000,31,1.0000,0.0161,0.0000,0,0.2642,0.2936,0,rank_ok,,nurion
POSCAR_Co2Pb3_1_st050,103,31,ok,0.0146,1.0000,31,1.0000,0.0146,0.0000,0,0.2350,0.2231,0,rank_ok,,nurion
POSCAR_Co2Pb3_1_st975,70,31,ok,0.0168,0.9999,31,0.9999,0.0168,0.0000,0,0.3142,0.3508,0,rank_ok,,nurion
POSCAR_Co2Pb3_1_x025,70,31,ok,0.0170,0.9999,31,0.9999,0.0170,0.0000,0,0.2835,0.2963,0,rank_ok,,nurion
POSCAR_Co2Pb3_1_x050,70,31,ok,0.0171,1.0000,31,1.0000,0.0171,0.0000,0,0.2953,0.2780,0,rank_ok,,nurion
POSCAR_Co2Pb3_1_x950,103,31,ok,0.0184,0.9999,31,0.9999,0.0184,0.0000,0,0.2714,0.3045,0,rank_ok,,nurion
POSCAR_Co2Pb3_1_x975,103,31,ok,0.0175,0.9999,31,0.9999,0.0175,0.0000,0,0.2757,0.3087,0,rank_ok,,nurion
POSCAR_Co2Pb3_1_y025,129,26,ok,0.0151,1.0000,26,1.0000,0.0151,0.0000,0,0.3014,0.3030,0,rank_ok,,nurion
POSCAR_Co2Pb3_1_y050,62,30,ok,0.0147,0.9999,30,0.9999,0.0147,0.0000,0,0.4249,0.3986,0,rank_ok,,nurion
POSCAR_Co2Pb3_1_y950,70,31,ok,0.0156,1.0000,31,1.0000,0.0156,0.0000,0,0.2993,0.3323,0,rank_ok,,nurion
POSCAR_Co2Pb3_1_y975,70,31,ok,0.0170,0.9999,31,0.9999,0.0170,0.0000,0,0.2781,0.3143,0,rank_ok,,nurion
POSCAR_Co2Pb3_1_z025,103,31,ok,0.0157,1.0000,31,1.0000,0.0157,0.0000,0,0.2598,0.2905,0,rank_ok,,nurion
POSCAR_Co2Pb3_1_z050,122,30,ok,0.0159,1.0000,30,1.0000,0.0159,0.0000,0,0.1183,0.1427,0,rank_ok,,nurion
POSCAR_Co2Pb3_1_z950,70,31,ok,0.0164,0.9996,31,0.9996,0.0164,0.0000,0,0.2770,0.2639,0,rank_ok,,nurion
POSCAR_Co2Pb3_1_z975,70,31,ok,0.0177,1.0000,31,1.0000,0.0177,0.0000,0,0.3070,0.3085,0,rank_ok,,nurion
POSCAR_Co2S2_1,372,14,ok,0.6844,0.8842,13,0.9919,1.0312,0.1078,-1,0.1326,0.3468,0,A,rank_under,nurion
POSCAR_Co2S2_1_st025,275,14,ok,1.0896,0.9498,12,0.9896,0.5569,0.0398,-2,0.1304,0.1183,0,rank_ok,,nurion
POSCAR_Co2S2_1_st050,275,14,ok,1.1161,0.9953,14,0.9953,1.1161,0.0000,0,0.0251,0.0455,1,rank_ok,,nurion
POSCAR_Co2S2_1_st950,84,13,ok,0.3691,0.9999,13,0.9999,0.3691,0.0000,0,0.2895,0.1438,0,rank_ok,,nurion
POSCAR_Co2S2_1_y050,227,15,ok,1.0304,0.8316,13,0.9159,1.5243,0.0842,-2,0.4373,0.1530,0,rank_ok,,nurion
POSCAR_Co2S2_1_z050,223,14,ok,1.1131,0.9393,12,0.9905,0.5433,0.0512,-2,0.0899,0.0186,1,rank_ok,,nurion
POSCAR_Co2S2_1_z975,78,12,ok,0.5015,0.9714,14,0.9975,1.0485,0.0261,2,0.1195,0.1944,0,rank_ok,,nurion
POSCAR_Co2Sb3_1,53,13,ok,0.0129,1.0000,14,1.0000,0.0216,0.0000,1,0.0256,0.0086,1,rank_ok,,nurion
POSCAR_Co2Sb3_1_st025,181,14,ok,0.0122,1.0000,14,1.0000,0.0122,0.0000,0,0.3735,0.3871,0,rank_ok,,nurion
POSCAR_Co2Sb3_1_st050,1,10,ok,0.0121,1.0000,10,1.0000,0.0121,0.0000,0,0.0214,0.0331,1,rank_ok,,nurion
POSCAR_Co2Sb3_1_st950,1,12,ok,0.0113,1.0000,13,1.0000,0.0321,0.0000,1,0.0328,0.0208,1,rank_ok,,nurion
POSCAR_Co2Sb3_1_x025,82,15,ok,0.0077,1.0000,15,1.0000,0.0077,0.0000,0,0.1279,0.1364,0,rank_ok,,nurion
POSCAR_Co2Sb3_1_x050,82,15,ok,0.0084,1.0000,15,1.0000,0.0084,0.0000,0,0.1915,0.2010,0,rank_ok,,nurion
POSCAR_Co2Sb3_1_x950,15,15,ok,0.0082,1.0000,15,1.0000,0.0082,0.0000,0,0.5072,0.5199,0,rank_ok,,nurion
POSCAR_Co2Sb3_1_x975,53,13,ok,0.0091,1.0000,13,1.0000,0.0091,0.0000,0,0.0286,0.0199,1,rank_ok,,nurion
POSCAR_Co2Sb3_1_y025,171,14,ok,0.0084,1.0000,14,1.0000,0.0084,0.0000,0,0.3085,0.2988,0,rank_ok,,nurion
POSCAR_Co2Sb3_1_y050,71,15,ok,0.0085,1.0000,15,1.0000,0.0085,0.0000,0,0.1856,0.1944,0,rank_ok,,nurion
POSCAR_Co2Sb3_1_y950,62,13,ok,0.0072,1.0000,13,1.0000,0.0072,0.0000,0,0.3345,0.3271,0,rank_ok,,nurion
POSCAR_Co2Sb3_1_y975,53,13,ok,0.0083,1.0000,13,1.0000,0.0083,0.0000,0,0.0214,0.0144,1,rank_ok,,nurion
POSCAR_Co2Sb3_1_z025,53,13,ok,0.0084,1.0000,14,1.0000,0.0122,0.0000,1,0.0125,0.0038,1,rank_ok,,nurion
POSCAR_Co2Sb3_1_z050,153,10,ok,0.0102,1.0000,10,1.0000,0.0102,0.0000,0,0.0085,0.0146,1,rank_ok,,nurion
POSCAR_Co2Sb3_1_z950,71,15,ok,0.0086,1.0000,15,1.0000,0.0086,0.0000,0,0.2685,0.2797,0,rank_ok,,nurion
POSCAR_Co2Sb3_1_z975,1,13,ok,0.0091,1.0000,13,1.0000,0.0091,0.0000,0,0.0190,0.0109,1,rank_ok,,nurion
POSCAR_Co2Se2_3,223,13,ok,0.4320,0.9773,12,0.9981,0.2318,0.0209,-1,0.0055,0.2002,1,rank_ok,,nurion
POSCAR_Co2Se2_3_st025,219,12,ok,0.4906,0.9029,14,0.9984,0.6735,0.0955,2,0.0020,0.0610,1,rank_ok,,nurion
POSCAR_Co2Se2_3_st050,193,12,ok,0.4181,0.7831,11,0.9686,0.4821,0.1855,-1,0.0554,0.0640,0,A,rank_under,nurion
POSCAR_Co2Se2_3_st950,234,13,ok,0.3113,0.9801,14,0.9991,0.3947,0.0190,1,0.4700,0.0834,0,rank_ok,,nurion
POSCAR_Co2Se2_3_st975,173,14,ok,0.2749,0.9633,13,0.9910,0.3073,0.0277,-1,0.4215,0.0325,1,rank_ok,,nurion
POSCAR_Co2Se2_3_x025,223,13,ok,0.4006,0.9794,12,0.9985,0.2002,0.0191,-1,0.0670,0.2005,0,rank_ok,,nurion
POSCAR_Co2Se2_3_x050,223,13,ok,0.3694,0.9801,12,0.9986,0.1675,0.0185,-1,0.1272,0.2019,0,rank_ok,,nurion
POSCAR_Co2Se2_3_x950,234,13,ok,0.2928,0.9658,11,0.9962,0.6580,0.0304,-2,0.3213,0.1917,0,rank_ok,,nurion
POSCAR_Co2Se2_3_x975,160,13,ok,0.4535,0.9734,11,0.9939,0.5862,0.0205,-2,0.0291,0.2379,1,rank_ok,,nurion
POSCAR_Co2Se2_3_y025,160,13,ok,0.4002,0.9782,12,0.9984,0.2003,0.0202,-1,0.0657,0.1999,0,rank_ok,,nurion
POSCAR_Co2Se2_3_y050,160,13,ok,0.3689,0.9798,12,0.9987,0.1675,0.0189,-1,0.1261,0.2014,0,rank_ok,,nurion
POSCAR_Co2Se2_3_y950,171,13,ok,0.2919,0.9650,11,0.9962,0.6582,0.0312,-2,0.3215,0.1918,0,rank_ok,,nurion
POSCAR_Co2Se2_3_y975,223,13,ok,0.4540,0.9736,11,0.9937,0.5865,0.0201,-2,0.0302,0.2385,1,rank_ok,,nurion
POSCAR_Co2Se2_3_z025,183,13,ok,0.3312,0.9317,11,0.9974,0.7749,0.0657,-2,0.1441,0.0804,0,rank_ok,,nurion
POSCAR_Co2Se2_3_z050,230,12,ok,0.3074,0.9984,12,0.9984,0.3074,0.0000,0,0.0790,0.1554,0,rank_ok,,nurion
POSCAR_Co2Se2_3_z950,223,13,ok,0.4660,0.9941,12,0.9982,0.1535,0.0042,-1,0.2074,0.3124,0,rank_ok,,nurion
POSCAR_Co2Se2_3_z975,223,13,ok,0.4503,0.9879,12,0.9984,0.1938,0.0105,-1,0.1008,0.2565,0,rank_ok,,nurion
POSCAR_Co2Se4_1,236,21,ok,0.7023,0.9930,22,0.9981,0.5352,0.0051,1,0.3401,0.1837,0,rank_ok,,nurion
POSCAR_Co2Se4_1_st025,236,21,ok,0.6182,0.9049,22,0.9974,0.4944,0.0925,1,0.2996,0.1101,0,rank_ok,,nurion
POSCAR_Co2Se4_1_st050,219,20,ok,0.5725,0.9972,20,0.9972,0.5725,0.0000,0,0.4036,0.0692,0,rank_ok,,nurion
POSCAR_Co2Se4_1_st975,236,21,ok,0.6949,0.9970,22,0.9992,0.5657,0.0021,1,0.3961,0.4042,0,rank_ok,,nurion
POSCAR_Co2Se4_1_x025,236,21,ok,0.7202,0.9892,22,0.9964,0.5357,0.0073,1,0.3411,0.1317,0,rank_ok,,nurion
POSCAR_Co2Se4_1_x050,236,21,ok,0.7253,0.9757,22,0.9954,0.5280,0.0197,1,0.3364,0.1026,0,rank_ok,,nurion
POSCAR_Co2Se4_1_x950,236,21,ok,0.6371,0.9953,22,0.9993,0.5238,0.0040,1,0.3282,0.3260,0,rank_ok,,nurion
POSCAR_Co2Se4_1_x975,236,21,ok,0.6724,0.9947,22,0.9990,0.5341,0.0042,1,0.3363,0.2500,0,rank_ok,,nurion
POSCAR_Co2Se4_1_y025,236,21,ok,0.7133,0.9767,22,0.9965,0.5404,0.0199,1,0.3234,0.0987,0,rank_ok,,nurion
POSCAR_Co2Se4_1_y050,236,21,ok,0.6811,0.9305,20,0.9982,0.7924,0.0677,-1,0.2946,0.1112,0,rank_ok,,nurion
POSCAR_Co2Se4_1_y950,236,21,ok,0.6655,0.9950,23,0.9994,1.6485,0.0045,2,0.3514,0.4047,0,rank_ok,,nurion
POSCAR_Co2Se4_1_y975,236,21,ok,0.6822,0.9953,22,0.9991,0.5228,0.0039,1,0.3496,0.2923,0,rank_ok,,nurion
POSCAR_Co2Se4_1_z025,236,21,ok,0.6346,0.9826,22,0.9995,0.5033,0.0169,1,0.3222,0.1487,0,rank_ok,,nurion
POSCAR_Co2Se4_1_z050,241,21,ok,0.5587,0.9994,21,0.9994,0.5587,0.0000,0,0.2026,0.1050,0,rank_ok,,nurion
POSCAR_Co2Se4_1_z950,229,21,ok,0.7749,0.9966,22,0.9987,0.6516,0.0021,1,0.4617,0.2529,0,rank_ok,,nurion
POSCAR_Co2Se4_1_z975,229,21,ok,0.7428,0.9960,22,0.9977,0.5955,0.0017,1,0.3974,0.2197,0,rank_ok,,nurion
POSCAR_Co2Sn4_2,188,32,ok,0.3128,0.9927,33,0.9989,0.3181,0.0062,1,0.2496,0.0053,1,rank_ok,,nurion
POSCAR_Co2Sn4_2_st050,248,36,ok,0.3768,0.8709,38,0.9964,1.2510,0.1255,2,0.3328,0.0672,0,A,rank_under,nurion
POSCAR_Co2Sn4_2_x025,194,32,ok,0.2710,0.9988,32,0.9988,0.2710,0.0000,0,0.0058,0.1240,1,rank_ok,,nurion
POSCAR_Co2Sn4_2_x050,266,32,ok,0.0082,1.0000,32,1.0000,0.0082,0.0000,0,0.0149,0.0300,1,rank_ok,,nurion
POSCAR_Co2Sn4_2_x950,194,32,ok,0.1883,0.9705,31,0.9989,0.1043,0.0284,-1,0.0004,0.0451,1,rank_ok,,nurion
POSCAR_Co2Sn4_2_x975,200,29,ok,0.2099,0.9834,28,0.9980,0.2041,0.0146,-1,0.1286,0.2080,0,rank_ok,,nurion
POSCAR_Co2Sn4_2_z975,254,37,ok,0.0066,1.0000,37,1.0000,0.0066,0.0000,0,0.0051,0.0035,1,rank_ok,,nurion
POSCAR_Co2Tl3_1,282,28,ok,0.0133,1.0000,28,1.0000,0.0133,0.0000,0,0.7869,0.8008,0,rank_ok,,nurion
POSCAR_Co2Tl3_1_st025,282,28,ok,0.0119,1.0000,28,1.0000,0.0119,0.0000,0,0.6066,0.6192,0,rank_ok,,nurion
POSCAR_Co2Tl3_1_st050,5,27,ok,0.0122,1.0000,27,1.0000,0.0122,0.0000,0,0.0923,0.1045,0,rank_ok,,nurion
POSCAR_Co2Tl3_1_st950,282,28,ok,0.0139,1.0000,28,1.0000,0.0139,0.0000,0,0.8861,0.8731,0,rank_ok,,nurion
POSCAR_Co2Tl3_1_st975,282,28,ok,0.0130,1.0000,28,1.0000,0.0130,0.0000,0,1.0174,1.0133,0,rank_ok,,nurion
POSCAR_Co2Tl3_1_x025,282,28,ok,0.0129,1.0000,28,1.0000,0.0129,0.0000,0,0.7675,0.7811,0,rank_ok,,nurion
POSCAR_Co2Tl3_1_x050,282,28,ok,0.0126,1.0000,28,1.0000,0.0126,0.0000,0,0.7529,0.7652,0,rank_ok,,nurion
POSCAR_Co2Tl3_1_x950,282,28,ok,0.0135,1.0000,28,1.0000,0.0135,0.0000,0,0.8305,0.8439,0,rank_ok,,nurion
POSCAR_Co2Tl3_1_x975,282,28,ok,0.0138,1.0000,28,1.0000,0.0138,0.0000,0,0.8084,0.8218,0,rank_ok,,nurion
POSCAR_Co2Tl3_1_y025,282,28,ok,0.0128,1.0000,28,1.0000,0.0128,0.0000,0,0.7532,0.7658,0,rank_ok,,nurion
POSCAR_Co2Tl3_1_y050,5,28,ok,0.0122,1.0000,28,1.0000,0.0122,0.0000,0,0.0759,0.0647,0,rank_ok,,nurion
POSCAR_Co2Tl3_1_y950,282,28,ok,0.0144,0.9999,28,0.9999,0.0144,0.0000,0,0.8202,0.8350,0,rank_ok,,nurion
POSCAR_Co2Tl3_1_y975,282,28,ok,0.0138,1.0000,28,1.0000,0.0138,0.0000,0,0.8106,0.8254,0,rank_ok,,nurion
POSCAR_Co2Tl3_1_z025,282,28,ok,0.0136,1.0000,28,1.0000,0.0136,0.0000,0,0.6517,0.6657,0,rank_ok,,nurion
POSCAR_Co2Tl3_1_z050,282,28,ok,0.0134,1.0000,28,1.0000,0.0134,0.0000,0,0.5663,0.5798,0,rank_ok,,nurion
POSCAR_Co2Tl3_1_z950,5,28,ok,0.0123,1.0000,28,1.0000,0.0123,0.0000,0,0.0940,0.0824,0,rank_ok,,nurion
POSCAR_Co2Tl3_1_z975,282,28,ok,0.0128,1.0000,28,1.0000,0.0128,0.0000,0,0.9673,0.9801,0,rank_ok,,nurion
POSCAR_Cr2F4_cluster1,243,26,ok,0.1081,0.9984,26,0.9984,0.1081,0.0000,0,0.7740,0.6191,0,rank_ok,,tgm
POSCAR_Cr2F4_cluster1_st025,243,26,ok,0.1019,0.9986,26,0.9986,0.1019,0.0000,0,0.7051,0.5604,0,rank_ok,,tgm
POSCAR_Cr2F4_cluster1_st050,243,26,ok,0.0974,0.9985,25,0.9987,0.6068,0.0002,-1,0.6472,0.5094,0,rank_ok,,tgm
POSCAR_Cr2F4_cluster1_st950,243,26,ok,0.1250,0.9986,26,0.9986,0.1250,0.0000,0,0.9533,0.7684,0,rank_ok,,tgm
POSCAR_Cr2F4_cluster1_st975,243,26,ok,0.1158,0.9985,26,0.9985,0.1158,0.0000,0,0.8559,0.6875,0,rank_ok,,tgm
POSCAR_Cr2F4_cluster2,205,26,ok,0.0232,1.0000,26,1.0000,0.0232,0.0000,0,0.4410,0.4478,0,rank_ok,,tgm
POSCAR_Cr2F4_cluster2_st025,106,26,ok,0.0125,1.0000,26,1.0000,0.0125,0.0000,0,0.5172,0.5207,0,rank_ok,,tgm
POSCAR_Cr2F4_cluster2_st050,106,26,ok,0.0117,1.0000,26,1.0000,0.0117,0.0000,0,0.5159,0.5186,0,rank_ok,,tgm
POSCAR_Cr2F4_cluster2_st950,106,26,ok,0.0154,1.0000,26,1.0000,0.0154,0.0000,0,0.4822,0.4877,0,rank_ok,,tgm
POSCAR_Cr2F4_cluster2_st975,106,26,ok,0.0143,1.0000,26,1.0000,0.0143,0.0000,0,0.4988,0.5037,0,rank_ok,,tgm
POSCAR_Cr2F6_cluster1,38,25,ok,0.1208,0.9998,23,0.9999,0.3497,0.0001,-2,0.0832,0.1830,0,rank_ok,,tgm
POSCAR_Cr2F6_cluster1_st025,100,24,ok,0.1311,0.9993,22,1.0000,0.4156,0.0006,-2,0.0801,0.1701,0,rank_ok,,tgm
POSCAR_Cr2F6_cluster1_st050,179,23,ok,0.1955,0.9992,24,0.9997,0.2257,0.0006,1,0.0606,0.0302,1,rank_ok,,tgm
POSCAR_Cr2F6_cluster1_st950,53,32,ok,0.1134,0.9985,33,0.9988,0.1234,0.0003,1,0.1469,0.0100,1,rank_ok,,tgm
POSCAR_Cr2F6_cluster1_st975,53,32,ok,0.1155,0.9984,33,0.9988,0.1255,0.0005,1,0.1351,0.0100,1,rank_ok,,tgm
POSCAR_Cr2F6_cluster2,234,25,ok,0.2677,0.9929,23,0.9993,0.6420,0.0064,-2,0.2176,0.0259,1,rank_ok,,tgm
POSCAR_Cr2F6_cluster2_st025,237,31,ok,0.2473,0.9831,33,0.9991,0.2256,0.0161,2,0.0402,0.1796,1,rank_ok,,tgm
POSCAR_Cr2F6_cluster2_st050,237,31,ok,0.2091,0.9921,33,1.0000,0.2153,0.0078,2,0.0510,0.1202,0,rank_ok,,tgm
POSCAR_Cr2F6_cluster2_st950,237,31,ok,0.2319,0.9823,32,0.9992,0.0324,0.0169,1,0.0344,0.1996,1,rank_ok,,tgm
POSCAR_Cr2F6_cluster2_st975,237,31,ok,0.2316,0.9739,32,0.9982,0.0395,0.0243,1,0.0338,0.1921,1,rank_ok,,tgm
POSCAR_Cr2F8_cluster1,228,39,ok,0.2573,0.9873,40,0.9930,0.0483,0.0057,1,0.1263,0.2090,0,rank_ok,,tgm
POSCAR_Cr2F8_cluster1_st025,228,39,ok,0.2473,0.9927,40,0.9958,0.0519,0.0031,1,0.0927,0.1954,0,rank_ok,,tgm
POSCAR_Cr2F8_cluster1_st050,228,39,ok,0.2275,0.9988,39,0.9988,0.2275,0.0000,0,0.0620,0.1264,0,rank_ok,,tgm
POSCAR_Cr2F8_cluster1_st950,228,39,ok,0.2706,0.9853,40,0.9907,0.0454,0.0053,1,0.1873,0.2252,0,rank_ok,,tgm
POSCAR_Cr2F8_cluster1_st975,228,39,ok,0.2633,0.9843,40,0.9911,0.0451,0.0068,1,0.1584,0.2182,0,rank_ok,,tgm
POSCAR_Cr2F8_cluster2,79,32,ok,0.1852,0.9966,33,1.0000,0.0339,0.0034,1,0.1114,0.1004,0,rank_ok,,tgm
POSCAR_Cr2F8_cluster2_st025,171,29,ok,0.2787,0.9999,28,1.0000,0.4326,0.0000,-1,0.0261,0.1539,1,rank_ok,,tgm
POSCAR_Cr2F8_cluster2_st050,116,29,ok,0.2543,0.9999,29,0.9999,0.2543,0.0000,0,0.0245,0.0944,1,rank_ok,,tgm
POSCAR_Cr2F8_cluster2_st950,79,37,ok,0.1660,0.9993,35,1.0000,0.1060,0.0007,-2,0.0103,0.0344,1,rank_ok,,tgm
POSCAR_Cr2F8_cluster2_st975,79,37,ok,0.1670,0.9999,36,0.9999,0.0598,0.0000,-1,0.0259,0.0212,1,rank_ok,,tgm
POSCAR_Cr2F8_cluster3,79,32,ok,0.1852,0.9966,33,1.0000,0.0339,0.0034,1,0.1114,0.1004,0,rank_ok,,tgm
POSCAR_Cr2F8_cluster3_st025,171,29,ok,0.2787,0.9999,28,1.0000,0.4326,0.0000,-1,0.0261,0.1539,1,rank_ok,,tgm
POSCAR_Cr2F8_cluster3_st050,116,29,ok,0.2543,0.9999,29,0.9999,0.2543,0.0000,0,0.0245,0.0944,1,rank_ok,,tgm
POSCAR_Cr2F8_cluster3_st950,79,37,ok,0.1660,0.9993,35,1.0000,0.1060,0.0007,-2,0.0103,0.0344,1,rank_ok,,tgm
POSCAR_Cr2F8_cluster3_st975,79,37,ok,0.1670,0.9999,36,0.9999,0.0598,0.0000,-1,0.0259,0.0212,1,rank_ok,,tgm
POSCAR_Cr2Ga2_2,42,25,ok,0.0105,1.0000,25,1.0000,0.0105,0.0000,0,0.7970,0.7830,0,rank_ok,,nurion
POSCAR_Cr2Ga2_2_st050,42,25,ok,0.0102,1.0000,25,1.0000,0.0102,0.0000,0,0.7699,0.7559,0,rank_ok,,nurion
POSCAR_Cr2Ga2_2_st950,42,25,ok,0.0108,1.0000,25,1.0000,0.0108,0.0000,0,0.8186,0.8047,0,rank_ok,,nurion
POSCAR_Cr2Ga2_2_st975,42,25,ok,0.0109,1.0000,25,1.0000,0.0109,0.0000,0,0.8101,0.7961,0,rank_ok,,nurion
POSCAR_Cr2Ga2_2_x025,42,25,ok,0.0095,1.0000,25,1.0000,0.0095,0.0000,0,0.8054,0.7918,0,rank_ok,,nurion
POSCAR_Cr2Ga2_2_x050,366,25,ok,0.0094,1.0000,25,1.0000,0.0094,0.0000,0,0.9179,0.9285,0,rank_ok,,nurion
POSCAR_Cr2Ga2_2_x950,366,25,ok,0.0098,1.0000,25,1.0000,0.0098,0.0000,0,1.0014,1.0118,0,rank_ok,,nurion
POSCAR_Cr2Ga2_2_x975,42,25,ok,0.0111,1.0000,25,1.0000,0.0111,0.0000,0,0.7552,0.7417,0,rank_ok,,nurion
POSCAR_Cr2Ga2_2_y025,366,25,ok,0.0104,1.0000,25,1.0000,0.0104,0.0000,0,1.0050,1.0159,0,rank_ok,,nurion
POSCAR_Cr2Ga2_2_y050,42,25,ok,0.0103,1.0000,25,1.0000,0.0103,0.0000,0,0.6993,0.6858,0,rank_ok,,nurion
POSCAR_Cr2Ga2_2_y950,42,25,ok,0.0108,1.0000,25,1.0000,0.0108,0.0000,0,0.8987,0.8843,0,rank_ok,,nurion
POSCAR_Cr2Ga2_2_y975,42,25,ok,0.0099,1.0000,25,1.0000,0.0099,0.0000,0,0.8473,0.8337,0,rank_ok,,nurion
POSCAR_Cr2Ga2_2_z025,42,25,ok,0.0102,1.0000,25,1.0000,0.0102,0.0000,0,0.7858,0.7720,0,rank_ok,,nurion
POSCAR_Cr2Ga2_2_z050,42,25,ok,0.0108,1.0000,25,1.0000,0.0108,0.0000,0,0.7323,0.7185,0,rank_ok,,nurion
POSCAR_Cr2Ga2_2_z950,366,25,ok,0.0106,1.0000,25,1.0000,0.0106,0.0000,0,0.9960,1.0074,0,rank_ok,,nurion
POSCAR_Cr2Ga2_2_z975,42,25,ok,0.0096,1.0000,25,1.0000,0.0096,0.0000,0,0.7706,0.7571,0,rank_ok,,nurion
POSCAR_Cr2Ge2_3,404,26,ok,0.3000,0.9861,24,0.9981,1.3545,0.0120,-2,0.5733,0.2014,0,rank_ok,,nurion
POSCAR_Cr2Ge2_3_st025,376,25,ok,0.3337,0.4015,24,1.0000,0.0010,0.5985,-1,0.0567,0.3327,0,A,rank_over,nurion
POSCAR_Cr2Ge2_3_st950,383,26,ok,0.2437,0.9914,24,0.9978,1.5425,0.0064,-2,0.5231,0.1915,0,rank_ok,,nurion
POSCAR_Cr2Ge2_3_st975,404,26,ok,0.2724,0.9878,24,0.9995,1.4403,0.0116,-2,0.5468,0.1966,0,rank_ok,,nurion
POSCAR_Cr2Ge2_3_x025,372,25,ok,0.3631,0.9733,25,0.9733,0.3631,0.0000,0,0.3898,0.0278,1,rank_ok,,nurion
POSCAR_Cr2Ge2_3_x050,376,25,ok,0.3796,0.4265,24,0.9999,0.0017,0.5734,-1,0.0448,0.3813,1,A,rank_over,nurion
POSCAR_Cr2Ge2_3_x950,348,26,ok,0.2840,0.9920,24,0.9972,1.2987,0.0052,-2,0.4908,0.1508,0,rank_ok,,nurion
POSCAR_Cr2Ge2_3_x975,372,24,ok,0.3028,0.2239,25,1.0000,0.0007,0.7761,1,0.0714,0.0859,0,A,rank_over,nurion
POSCAR_Cr2Ge2_3_y025,259,25,ok,0.3634,0.9727,25,0.9727,0.3634,0.0000,0,0.3904,0.0282,1,rank_ok,,nurion
POSCAR_Cr2Ge2_3_y050,376,25,ok,0.3797,0.4369,24,0.9999,0.0017,0.5630,-1,0.0446,0.3814,1,A,rank_over,nurion
POSCAR_Cr2Ge2_3_y950,404,26,ok,0.2843,0.9918,24,0.9971,1.2985,0.0053,-2,0.4906,0.1502,0,rank_ok,,nurion
POSCAR_Cr2Ge2_3_z025,404,26,ok,0.2791,0.9876,24,0.9981,1.2760,0.0105,-2,0.4976,0.1541,0,rank_ok,,nurion
POSCAR_Cr2Ge2_3_z950,404,26,ok,0.3488,0.9820,24,0.9980,1.5196,0.0159,-2,0.7412,0.3046,0,rank_ok,,nurion
POSCAR_Cr2Ge2_3_z975,404,26,ok,0.3235,0.9850,28,0.9989,1.3916,0.0139,2,0.6577,0.2538,0,rank_ok,,nurion
POSCAR_Cr2Ge3_1,358,32,ok,0.0136,1.0000,32,1.0000,0.0136,0.0000,0,0.6277,0.6468,0,rank_ok,,nurion
POSCAR_Cr2Ge3_1_st025,404,32,ok,0.0142,1.0000,32,1.0000,0.0142,0.0000,0,0.5345,0.5518,0,rank_ok,,nurion
POSCAR_Cr2Ge3_1_st050,404,32,ok,0.0141,1.0000,32,1.0000,0.0141,0.0000,0,0.4530,0.4708,0,rank_ok,,nurion
POSCAR_Cr2Ge3_1_st950,358,32,ok,0.0159,1.0000,32,1.0000,0.0159,0.0000,0,0.7943,0.8108,0,rank_ok,,nurion
POSCAR_Cr2Ge3_1_st975,399,32,ok,0.0153,1.0000,32,1.0000,0.0153,0.0000,0,0.7123,0.7300,0,rank_ok,,nurion
POSCAR_Cr2Ge3_1_x025,399,32,ok,0.0154,1.0000,32,1.0000,0.0154,0.0000,0,0.6361,0.6537,0,rank_ok,,nurion
POSCAR_Cr2Ge3_1_x050,399,32,ok,0.0143,1.0000,32,1.0000,0.0143,0.0000,0,0.6410,0.6570,0,rank_ok,,nurion
POSCAR_Cr2Ge3_1_x950,358,32,ok,0.0155,1.0000,32,1.0000,0.0155,0.0000,0,0.6802,0.6973,0,rank_ok,,nurion
POSCAR_Cr2Ge3_1_x975,213,32,ok,0.0147,1.0000,32,1.0000,0.0147,0.0000,0,0.7201,0.7349,0,rank_ok,,nurion
POSCAR_Cr2Ge3_1_y025,358,32,ok,0.0153,1.0000,32,1.0000,0.0153,0.0000,0,0.6399,0.6576,0,rank_ok,,nurion
POSCAR_Cr2Ge3_1_y050,358,32,ok,0.0145,1.0000,32,1.0000,0.0145,0.0000,0,0.6432,0.6593,0,rank_ok,,nurion
POSCAR_Cr2Ge3_1_y950,399,32,ok,0.0156,1.0000,32,1.0000,0.0156,0.0000,0,0.6759,0.6930,0,rank_ok,,nurion
POSCAR_Cr2Ge3_1_y975,157,32,ok,0.0146,1.0000,32,1.0000,0.0146,0.0000,0,0.7198,0.7346,0,rank_ok,,nurion
POSCAR_Cr2Ge3_1_z025,358,32,ok,0.0149,1.0000,32,1.0000,0.0149,0.0000,0,0.5618,0.5803,0,rank_ok,,nurion
POSCAR_Cr2Ge3_1_z050,399,32,ok,0.0143,1.0000,32,1.0000,0.0143,0.0000,0,0.4820,0.5006,0,rank_ok,,nurion
POSCAR_Cr2Ge3_1_z950,358,32,ok,0.0144,1.0000,32,1.0000,0.0144,0.0000,0,0.7358,0.7527,0,rank_ok,,nurion
POSCAR_Cr2Ge3_1_z975,399,32,ok,0.0143,1.0000,32,1.0000,0.0143,0.0000,0,0.6808,0.6991,0,rank_ok,,nurion
POSCAR_Cr2In2_5,7,26,ok,0.2712,0.8945,25,0.9893,0.3788,0.0948,-1,0.2776,0.1076,0,rank_ok,,nurion
POSCAR_Cr2In2_5_st025,7,26,ok,0.3229,0.9805,24,0.9953,0.5622,0.0147,-2,0.3457,0.0285,1,rank_ok,,nurion
POSCAR_Cr2In2_5_st050,7,26,ok,0.2743,0.8497,24,0.9925,0.5254,0.1428,-2,0.3906,0.1226,0,A,rank_under,nurion
POSCAR_Cr2In2_5_st950,7,25,ok,0.3177,0.9119,24,1.0000,0.4911,0.0881,-1,0.0974,0.1735,0,rank_ok,,nurion
POSCAR_Cr2In2_5_st975,260,23,ok,0.2662,0.9831,23,0.9831,0.2662,0.0000,0,0.1834,0.1616,0,rank_ok,,nurion
POSCAR_Cr2In2_5_x025,7,26,ok,0.2702,0.9188,25,0.9947,0.3768,0.0759,-1,0.2808,0.1066,0,rank_ok,,nurion
POSCAR_Cr2In2_5_x050,7,26,ok,0.2695,0.9403,25,0.9949,0.3700,0.0546,-1,0.2815,0.1005,0,rank_ok,,nurion
POSCAR_Cr2In2_5_x975,7,26,ok,0.2703,0.8569,24,0.9957,0.5901,0.1388,-2,0.2783,0.1055,0,A,rank_under,nurion
POSCAR_Cr2In2_5_y025,7,26,ok,0.3552,0.9844,24,0.9943,0.5917,0.0100,-2,0.3877,0.0404,1,rank_ok,,nurion
POSCAR_Cr2In2_5_y050,7,26,ok,0.3498,0.8780,24,0.9803,0.5922,0.1023,-2,0.4785,0.1401,0,A,rank_under,nurion
POSCAR_Cr2In2_5_y950,7,25,ok,0.3281,0.9999,25,0.9999,0.3281,0.0000,0,0.0289,0.0086,1,rank_ok,,nurion
POSCAR_Cr2In2_5_y975,260,23,ok,0.2437,0.9768,23,0.9768,0.2437,0.0000,0,0.1831,0.2428,0,rank_ok,,nurion
POSCAR_Cr2In2_5_z950,7,26,ok,0.3672,0.9274,25,0.9999,0.4423,0.0726,-1,0.3814,0.0751,0,rank_ok,,nurion
POSCAR_Cr2In2_5_z975,7,26,ok,0.3166,0.9147,25,0.9981,0.4121,0.0834,-1,0.3240,0.0956,0,rank_ok,,nurion
POSCAR_Cr2In5_1,80,44,ok,0.0209,1.0000,44,1.0000,0.0209,0.0000,0,0.4423,0.4242,0,rank_ok,,nurion
POSCAR_Cr2In5_1_st025,80,44,ok,0.0206,1.0000,44,1.0000,0.0206,0.0000,0,0.4000,0.3825,0,rank_ok,,nurion
POSCAR_Cr2In5_1_st050,14,43,ok,0.0205,1.0000,43,1.0000,0.0205,0.0000,0,0.2155,0.1761,0,rank_ok,,nurion
POSCAR_Cr2In5_1_st950,4,42,ok,0.0216,0.9998,42,0.9998,0.0216,0.0000,0,0.2061,0.1850,0,rank_ok,,nurion
POSCAR_Cr2In5_1_st975,80,44,ok,0.0215,0.9999,44,0.9999,0.0215,0.0000,0,0.4857,0.4674,0,rank_ok,,nurion
POSCAR_Cr2In5_1_x025,14,44,ok,0.0208,1.0000,44,1.0000,0.0208,0.0000,0,0.2902,0.2586,0,rank_ok,,nurion
POSCAR_Cr2In5_1_x950,122,44,ok,0.0242,0.9999,44,0.9999,0.0242,0.0000,0,0.1602,0.1950,0,rank_ok,,nurion
POSCAR_Cr2In5_1_x975,80,44,ok,0.0217,1.0000,44,1.0000,0.0217,0.0000,0,0.4998,0.4822,0,rank_ok,,nurion
POSCAR_Cr2In5_1_y950,114,41,ok,0.0207,1.0000,41,1.0000,0.0207,0.0000,0,0.1893,0.2000,0,rank_ok,,nurion
POSCAR_Cr2In5_1_y975,80,44,ok,0.0189,0.9999,44,0.9999,0.0189,0.0000,0,0.3727,0.3582,0,rank_ok,,nurion
POSCAR_Cr2In5_1_z050,80,44,ok,0.0199,1.0000,44,1.0000,0.0199,0.0000,0,0.3418,0.3269,0,rank_ok,,nurion
POSCAR_Cr2In5_1_z950,122,44,ok,0.0282,0.9999,44,0.9999,0.0282,0.0000,0,0.2702,0.3072,0,rank_ok,,nurion
POSCAR_Cr2In8_2,140,62,ok,0.0105,0.9999,62,0.9999,0.0105,0.0000,0,0.3207,0.3373,0,rank_ok,,nurion
POSCAR_Cr2In8_2_st025,140,62,ok,0.0106,0.9999,62,0.9999,0.0106,0.0000,0,0.2658,0.2836,0,rank_ok,,nurion
POSCAR_Cr2In8_2_st050,45,62,ok,0.0115,1.0000,62,1.0000,0.0115,0.0000,0,0.1592,0.1463,0,rank_ok,,nurion
POSCAR_Cr2In8_2_st950,39,61,ok,0.0103,1.0000,61,1.0000,0.0103,0.0000,0,0.3651,0.3467,0,rank_ok,,nurion
POSCAR_Cr2In8_2_st975,148,62,ok,0.0123,0.9997,62,0.9997,0.0123,0.0000,0,0.0679,0.0905,0,rank_ok,,nurion
POSCAR_Cr2In8_2_x025,45,64,ok,0.0097,1.0000,64,1.0000,0.0097,0.0000,0,0.2310,0.2221,0,rank_ok,,nurion
POSCAR_Cr2In8_2_x050,96,65,ok,0.0103,1.0000,65,1.0000,0.0103,0.0000,0,0.3927,0.3816,0,rank_ok,,nurion
POSCAR_Cr2In8_2_x950,143,62,ok,0.0108,0.9963,62,0.9963,0.0108,0.0000,0,0.0572,0.0673,0,rank_ok,,nurion
POSCAR_Cr2In8_2_x975,148,62,ok,0.0118,1.0000,62,1.0000,0.0118,0.0000,0,0.0672,0.0895,0,rank_ok,,nurion
POSCAR_Cr2In8_2_y025,140,62,ok,0.0115,1.0000,62,1.0000,0.0115,0.0000,0,0.2979,0.3151,0,rank_ok,,nurion
POSCAR_Cr2In8_2_y950,77,65,ok,0.0115,1.0000,65,1.0000,0.0115,0.0000,0,0.2007,0.2182,0,rank_ok,,nurion
POSCAR_Cr2In8_2_y975,147,63,ok,0.0099,1.0000,63,1.0000,0.0099,0.0000,0,0.1272,0.1086,0,rank_ok,,nurion
POSCAR_Cr2In8_2_z025,92,61,ok,0.0137,0.9999,61,0.9999,0.0137,0.0000,0,0.0557,0.0653,0,rank_ok,,nurion
POSCAR_Cr2In8_2_z050,143,63,ok,0.0124,0.9999,63,0.9999,0.0124,0.0000,0,0.2278,0.2142,0,rank_ok,,nurion
POSCAR_Cr2In8_2_z950,81,64,ok,0.0121,1.0000,64,1.0000,0.0121,0.0000,0,0.2012,0.2153,0,rank_ok,,nurion
POSCAR_Cr2In8_2_z975,39,61,ok,0.0115,1.0000,61,1.0000,0.0115,0.0000,0,0.2302,0.2153,0,rank_ok,,nurion
POSCAR_Cr2N2_7,437,17,ok,0.6935,0.9989,16,0.9991,0.1091,0.0002,-1,0.0689,0.5844,0,rank_ok,,nurion
POSCAR_Cr2N2_7_st025,241,16,ok,0.5775,0.9665,14,0.9926,1.3766,0.0261,-2,0.6204,0.1436,0,rank_ok,,nurion
POSCAR_Cr2N2_7_st050,241,16,ok,0.5905,0.9577,14,0.9861,1.1812,0.0284,-2,0.6193,0.2499,0,rank_ok,,nurion
POSCAR_Cr2N2_7_st950,363,17,ok,0.8341,0.9589,19,0.9855,3.1818,0.0267,2,0.1434,0.8608,0,rank_ok,,nurion
POSCAR_Cr2N2_7_st975,437,17,ok,0.7937,0.9526,15,0.9907,1.8169,0.0381,-2,0.0464,0.7311,1,rank_ok,,nurion
POSCAR_Cr2N2_7_x025,437,17,ok,0.7568,0.9987,17,0.9987,0.7568,0.0000,0,0.0352,0.6457,1,rank_ok,,nurion
POSCAR_Cr2N2_7_x050,437,17,ok,0.7941,0.9718,16,0.9742,0.0929,0.0024,-1,0.0492,0.7012,1,rank_ok,,nurion
POSCAR_Cr2N2_7_x950,301,17,ok,0.7507,0.9681,15,0.9969,1.7978,0.0288,-2,0.0553,0.7110,0,rank_ok,,nurion
POSCAR_Cr2N2_7_x975,301,17,ok,0.7459,0.9961,17,0.9961,0.7459,0.0000,0,0.0233,0.6528,1,rank_ok,,nurion
POSCAR_Cr2N2_7_y025,301,17,ok,0.7563,0.9985,17,0.9985,0.7563,0.0000,0,0.0355,0.6449,1,rank_ok,,nurion
POSCAR_Cr2N2_7_y050,301,17,ok,0.7939,0.9729,16,0.9745,0.0935,0.0016,-1,0.0488,0.7004,1,rank_ok,,nurion
POSCAR_Cr2N2_7_y950,437,17,ok,0.7507,0.9676,15,0.9970,1.7975,0.0294,-2,0.0558,0.7117,0,rank_ok,,nurion
POSCAR_Cr2N2_7_y975,437,17,ok,0.7463,0.9963,17,0.9963,0.7463,0.0000,0,0.0232,0.6536,1,rank_ok,,nurion
POSCAR_Cr2N2_7_z025,105,16,ok,0.5394,0.9739,15,0.9931,1.4318,0.0193,-1,0.6119,0.1640,0,rank_ok,,nurion
POSCAR_Cr2N2_7_z050,105,16,ok,0.5100,0.9759,15,0.9916,1.3094,0.0157,-1,0.7279,0.3012,0,rank_ok,,nurion
POSCAR_Cr2N2_7_z950,437,17,ok,0.8699,0.9358,18,0.9775,3.1527,0.0417,1,0.1200,0.8470,0,rank_ok,,nurion
POSCAR_Cr2N2_7_z975,437,17,ok,0.8130,0.9405,18,0.9791,3.1384,0.0386,1,0.0321,0.7213,1,rank_ok,,nurion
POSCAR_Cr2O2_2,599,18,ok,1.1963,0.9968,17,0.9993,0.1300,0.0025,-1,0.3410,1.3263,0,rank_ok,,nurion
POSCAR_Cr2O2_2_st025,599,18,ok,1.0242,0.9948,17,0.9994,0.1684,0.0046,-1,0.4160,1.1926,0,rank_ok,,nurion
POSCAR_Cr2O2_2_st050,599,18,ok,0.8663,0.9910,17,0.9980,0.2063,0.0070,-1,0.4876,1.0726,0,rank_ok,,nurion
POSCAR_Cr2O2_2_st950,599,18,ok,1.6044,0.9980,20,0.9994,4.5181,0.0014,2,0.1662,1.6455,0,rank_ok,,nurion
POSCAR_Cr2O2_2_st975,599,18,ok,1.3878,0.9976,20,0.9993,4.4499,0.0017,2,0.2590,1.4761,0,rank_ok,,nurion
POSCAR_Cr2O2_2_z025,599,18,ok,1.1174,0.9952,17,0.9995,0.1468,0.0043,-1,0.3037,1.2642,0,rank_ok,,nurion
POSCAR_Cr2O2_2_z050,599,18,ok,1.0413,0.9922,17,0.9990,0.1686,0.0068,-1,0.2747,1.2098,0,rank_ok,,nurion
POSCAR_Cr2O2_2_z950,599,18,ok,1.3670,0.9972,20,0.9992,4.4435,0.0021,2,0.4379,1.4798,0,rank_ok,,nurion
POSCAR_Cr2O2_2_z975,599,18,ok,1.2791,0.9973,20,0.9990,4.4079,0.0018,2,0.3859,1.3975,0,rank_ok,,nurion
POSCAR_Cr2O4_2,408,22,ok,0.7948,0.9913,23,0.9984,0.1222,0.0071,1,0.0085,0.0527,1,rank_ok,,nurion
POSCAR_Cr2O4_2_st025,221,21,ok,0.7549,0.9979,21,0.9979,0.7549,0.0000,0,0.0302,0.2562,1,rank_ok,,nurion
POSCAR_Cr2O4_2_st050,291,21,ok,0.6039,0.9650,22,0.9982,0.7389,0.0331,1,0.2428,0.1350,0,rank_ok,,nurion
POSCAR_Cr2O4_2_st950,219,23,ok,0.7568,0.9853,24,0.9999,0.0046,0.0147,1,0.1834,0.1503,0,rank_ok,,nurion
POSCAR_Cr2O4_2_st975,408,22,ok,0.7145,0.1979,23,0.9985,0.0933,0.8006,1,0.0114,0.1374,1,A,rank_over,nurion
POSCAR_Cr2O4_2_x025,408,22,ok,0.7455,0.9942,24,0.9989,0.5785,0.0046,2,0.1065,0.0775,0,rank_ok,,nurion
POSCAR_Cr2O4_2_x050,408,22,ok,0.6703,0.9691,24,0.9910,0.5431,0.0219,2,0.2343,0.0999,0,rank_ok,,nurion
POSCAR_Cr2O4_2_x950,289,23,ok,0.7439,0.9423,24,0.9997,0.8573,0.0575,1,0.0406,0.1134,1,rank_ok,,nurion
POSCAR_Cr2O4_2_x975,408,22,ok,0.7336,0.2659,21,0.9962,0.7673,0.7303,-1,0.0354,0.0337,1,A,rank_under,nurion
POSCAR_Cr2O4_2_y025,291,21,ok,0.7508,0.9122,20,0.9981,0.3000,0.0860,-1,0.2555,0.1117,0,rank_ok,,nurion
POSCAR_Cr2O4_2_y050,291,21,ok,0.7220,0.9591,20,0.9997,0.3209,0.0406,-1,0.1929,0.1510,0,rank_ok,,nurion
POSCAR_Cr2O4_2_y950,366,22,ok,0.7795,0.9009,24,0.9925,1.0755,0.0916,2,0.0341,0.0824,1,rank_ok,,nurion
POSCAR_Cr2O4_2_y975,408,22,ok,0.8323,0.9920,22,0.9920,0.8323,0.0000,0,0.0424,0.0040,1,rank_ok,,nurion
POSCAR_Cr2O4_2_z025,301,21,ok,0.7521,0.9134,20,0.9983,0.3001,0.0848,-1,0.2555,0.1095,0,rank_ok,,nurion
POSCAR_Cr2O4_2_z050,301,21,ok,0.7236,0.9598,20,0.9997,0.3212,0.0398,-1,0.1928,0.1490,0,rank_ok,,nurion
POSCAR_Cr2O4_2_z950,366,22,ok,0.7799,0.9013,24,0.9928,1.0756,0.0915,2,0.0336,0.0827,1,rank_ok,,nurion
POSCAR_Cr2O4_2_z975,408,22,ok,0.8323,0.9906,22,0.9906,0.8323,0.0000,0,0.0425,0.0040,1,rank_ok,,nurion
POSCAR_Cr2P18_1,51,57,ok,0.0107,0.9995,57,0.9995,0.0107,0.0000,0,0.0785,0.0863,0,rank_ok,,nurion
POSCAR_Cr2P18_1_x025,5,58,ok,0.0096,1.0000,58,1.0000,0.0096,0.0000,0,0.1253,0.1386,0,rank_ok,,nurion
POSCAR_Cr2P18_1_x050,51,56,ok,0.0093,0.9999,56,0.9999,0.0093,0.0000,0,0.1178,0.1070,0,rank_ok,,nurion
POSCAR_Cr2P18_1_x950,105,56,ok,0.0093,1.0000,56,1.0000,0.0093,0.0000,0,0.2612,0.2776,0,rank_ok,,nurion
POSCAR_Cr2P18_1_x975,50,57,ok,0.0092,0.9999,57,0.9999,0.0092,0.0000,0,0.1719,0.1618,0,rank_ok,,nurion
POSCAR_Cr2P18_1_y025,51,57,ok,0.0086,0.9996,57,0.9996,0.0086,0.0000,0,0.0916,0.0969,0,rank_ok,,nurion
POSCAR_Cr2P18_1_y050,86,56,ok,0.0094,1.0000,56,1.0000,0.0094,0.0000,0,0.1728,0.1616,0,rank_ok,,nurion
POSCAR_Cr2P18_1_y950,138,55,ok,0.0093,1.0000,55,1.0000,0.0093,0.0000,0,0.2773,0.2937,0,rank_ok,,nurion
POSCAR_Cr2P18_1_z025,51,57,ok,0.0092,0.9999,57,0.9999,0.0092,0.0000,0,0.0801,0.0875,0,rank_ok,,nurion
POSCAR_Cr2P18_1_z050,19,57,ok,0.0100,0.9999,57,0.9999,0.0100,0.0000,0,0.0664,0.0521,0,rank_ok,,nurion
POSCAR_Cr2P18_1_z950,138,55,ok,0.0088,1.0000,55,1.0000,0.0088,0.0000,0,0.2538,0.2671,0,rank_ok,,nurion
POSCAR_Cr2P4_2,158,22,ok,0.3177,0.9996,22,0.9996,0.3177,0.0000,0,0.0965,0.3586,0,rank_ok,,nurion
POSCAR_Cr2P4_2_st025,158,22,ok,0.2920,0.9870,20,0.9977,0.4379,0.0108,-2,0.1033,0.3245,0,rank_ok,,nurion
POSCAR_Cr2P4_2_st050,225,19,ok,0.2937,0.9985,18,0.9998,0.5782,0.0014,-1,0.3056,0.2845,0,rank_ok,,nurion
POSCAR_Cr2P4_2_st950,282,23,ok,0.4722,0.9559,24,0.9565,1.3313,0.0006,1,0.7129,0.8591,0,rank_ok,,nurion
POSCAR_Cr2P4_2_st975,282,23,ok,0.3812,0.9670,22,0.9717,0.6528,0.0047,-1,0.6288,0.9640,0,rank_ok,,nurion
POSCAR_Cr2P4_2_x025,156,21,ok,0.2918,0.9656,19,0.9842,0.5636,0.0187,-2,0.2256,0.5021,0,rank_ok,,nurion
POSCAR_Cr2P4_2_x050,159,22,ok,0.3091,0.9966,22,0.9966,0.3091,0.0000,0,0.1427,0.2440,0,rank_ok,,nurion
POSCAR_Cr2P4_2_x950,282,23,ok,0.3746,0.9529,24,0.9534,1.2939,0.0005,1,0.5791,0.8896,0,rank_ok,,nurion
POSCAR_Cr2P4_2_x975,282,23,ok,0.3460,0.9638,22,0.9719,0.5577,0.0082,-1,0.5784,0.9037,0,rank_ok,,nurion
POSCAR_Cr2P4_2_y025,158,22,ok,0.3338,0.9985,22,0.9985,0.3338,0.0000,0,0.1074,0.3834,0,rank_ok,,nurion
POSCAR_Cr2P4_2_y050,217,23,ok,0.3548,0.9494,22,0.9856,0.7377,0.0362,-1,0.7253,0.3829,0,rank_ok,,nurion
POSCAR_Cr2P4_2_y950,276,23,ok,0.3594,0.9962,23,0.9962,0.3594,0.0000,0,0.3950,0.6974,0,rank_ok,,nurion
POSCAR_Cr2P4_2_y975,276,23,ok,0.3215,0.9778,21,0.9991,1.2267,0.0213,-2,0.2946,0.6999,0,rank_ok,,nurion
POSCAR_Cr2P4_2_z025,276,21,ok,0.3042,0.8794,19,0.9808,0.5447,0.1014,-2,0.0991,0.4691,0,A,rank_under,nurion
POSCAR_Cr2P4_2_z050,276,21,ok,0.3248,0.8871,19,0.9810,0.5238,0.0939,-2,0.0707,0.4617,0,rank_ok,,nurion
POSCAR_Cr2P8_1,20,32,ok,1.2580,0.9504,34,0.9842,2.1316,0.0338,2,0.3358,0.6127,0,rank_ok,,nurion
POSCAR_Cr2P8_1_st025,20,32,ok,1.1370,0.9767,33,0.9946,1.8972,0.0179,1,0.2347,0.7602,0,rank_ok,,nurion
POSCAR_Cr2P8_1_st050,57,32,ok,1.0134,0.9843,32,0.9843,1.0134,0.0000,0,0.2654,0.7790,0,rank_ok,,nurion
POSCAR_Cr2P8_1_st950,85,32,ok,1.1652,0.9522,34,0.9969,1.7970,0.0448,2,0.4679,0.2436,0,rank_ok,,nurion
POSCAR_Cr2P8_1_st975,85,32,ok,1.1800,0.9431,34,0.9999,1.9015,0.0568,2,0.2760,0.4819,0,rank_ok,,nurion
POSCAR_Cr2P8_1_x025,20,32,ok,1.2272,0.9652,34,0.9939,2.1621,0.0288,2,0.2691,0.5981,0,rank_ok,,nurion
POSCAR_Cr2P8_1_x050,20,32,ok,1.1834,0.9848,34,0.9994,2.1715,0.0146,2,0.2208,0.5755,0,rank_ok,,nurion
POSCAR_Cr2P8_1_x950,20,32,ok,1.2747,0.9314,33,0.9930,1.8929,0.0615,1,0.5025,0.6182,0,rank_ok,,nurion
POSCAR_Cr2P8_1_x975,20,32,ok,1.2752,0.9375,33,0.9864,1.8954,0.0490,1,0.4154,0.6202,0,rank_ok,,nurion
POSCAR_Cr2P8_1_y025,20,32,ok,1.1990,0.9659,33,0.9975,1.9416,0.0316,1,0.3284,0.7426,0,rank_ok,,nurion
POSCAR_Cr2P8_1_y050,20,32,ok,1.1280,0.9834,33,0.9917,1.9824,0.0083,1,0.3171,0.8543,0,rank_ok,,nurion
POSCAR_Cr2P8_1_y950,85,32,ok,1.1729,0.9373,34,0.9998,1.8727,0.0625,2,0.1176,0.4251,0,rank_ok,,nurion
POSCAR_Cr2P8_1_y975,20,32,ok,1.3040,0.9391,34,0.9884,2.0781,0.0492,2,0.3419,0.4703,0,rank_ok,,nurion
POSCAR_Cr2P8_1_z025,20,32,ok,1.2180,0.9413,33,0.9980,1.8712,0.0567,1,0.2836,0.6531,0,rank_ok,,nurion
POSCAR_Cr2P8_1_z050,57,32,ok,1.1773,0.9540,33,0.9953,1.7226,0.0413,1,0.4046,0.5453,0,rank_ok,,nurion
POSCAR_Cr2P8_1_z950,20,32,ok,1.2941,0.9789,34,0.9957,2.1096,0.0167,2,0.4375,0.5045,0,rank_ok,,nurion
POSCAR_Cr2P8_1_z975,20,32,ok,1.2855,0.9605,34,0.9920,2.1254,0.0315,2,0.3859,0.5606,0,rank_ok,,nurion
POSCAR_Cr2P8_2,106,31,ok,0.3764,0.9586,31,0.9586,0.3764,0.0000,0,0.7839,0.1384,0,rank_ok,,nurion
POSCAR_Cr2P8_2_st025,106,31,ok,0.3201,0.9656,31,0.9656,0.3201,0.0000,0,0.6827,0.2029,0,rank_ok,,nurion
POSCAR_Cr2P8_2_st050,152,32,ok,0.3141,0.9886,33,0.9905,1.2886,0.0019,1,0.6748,0.2262,0,rank_ok,,nurion
POSCAR_Cr2P8_2_st950,106,31,ok,0.4622,0.9953,31,0.9953,0.4622,0.0000,0,0.9654,0.0775,0,rank_ok,,nurion
POSCAR_Cr2P8_2_st975,106,31,ok,0.4302,0.9753,31,0.9753,0.4302,0.0000,0,0.8908,0.0870,0,rank_ok,,nurion
POSCAR_Cr2P8_2_x025,120,30,ok,0.3672,0.9950,31,0.9989,0.3535,0.0039,1,0.4955,0.1067,0,rank_ok,,nurion
POSCAR_Cr2P8_2_x050,129,30,ok,0.4116,0.9478,31,0.9875,0.3979,0.0397,1,0.2808,0.1327,0,rank_ok,,nurion
POSCAR_Cr2P8_2_x950,106,31,ok,0.3690,0.9545,33,0.9822,1.6085,0.0277,2,0.7311,0.1460,0,rank_ok,,nurion
POSCAR_Cr2P8_2_x975,106,31,ok,0.3819,0.9601,31,0.9601,0.3819,0.0000,0,0.8000,0.1417,0,rank_ok,,nurion
POSCAR_Cr2P8_2_y025,176,30,ok,0.3523,0.9884,29,0.9986,0.6993,0.0102,-1,0.0639,0.3470,0,rank_ok,,nurion
POSCAR_Cr2P8_2_y050,176,30,ok,0.3410,0.9949,31,1.0000,0.1984,0.0051,1,0.0966,0.3716,0,rank_ok,,nurion
POSCAR_Cr2P8_2_y950,120,30,ok,0.4385,0.9995,29,0.9997,0.5850,0.0002,-1,0.3077,0.1464,0,rank_ok,,nurion
POSCAR_Cr2P8_2_y975,120,30,ok,0.4040,0.9992,30,0.9992,0.4040,0.0000,0,0.4294,0.1152,0,rank_ok,,nurion
POSCAR_Cr2P8_2_z025,106,31,ok,0.3465,0.9603,31,0.9603,0.3465,0.0000,0,0.7126,0.1899,0,rank_ok,,nurion
POSCAR_Cr2P8_2_z050,74,32,ok,0.3456,0.9919,32,0.9919,0.3456,0.0000,0,0.5265,0.5336,0,rank_ok,,nurion
POSCAR_Cr2P8_2_z950,130,30,ok,0.3915,0.9930,31,0.9957,0.5157,0.0027,1,0.1705,0.1791,0,rank_ok,,nurion
POSCAR_Cr2P8_2_z975,106,31,ok,0.3805,0.9774,31,0.9774,0.3805,0.0000,0,0.8629,0.1272,0,rank_ok,,nurion
POSCAR_Cr2Pb13_1,78,103,ok,0.0196,1.0000,103,1.0000,0.0196,0.0000,0,0.2205,0.2310,0,rank_ok,,nurion
POSCAR_Cr2Pb13_1_st025,78,103,ok,0.0175,1.0000,103,1.0000,0.0175,0.0000,0,0.2191,0.2414,0,rank_ok,,nurion
POSCAR_Cr2Pb13_1_st050,78,103,ok,0.0144,1.0000,103,1.0000,0.0144,0.0000,0,0.2235,0.2423,0,rank_ok,,nurion
POSCAR_Cr2Pb13_1_st950,67,102,ok,0.0187,1.0000,102,1.0000,0.0187,0.0000,0,0.2498,0.2817,0,rank_ok,,nurion
POSCAR_Cr2Pb13_1_x025,78,103,ok,0.0191,1.0000,103,1.0000,0.0191,0.0000,0,0.1960,0.1886,0,rank_ok,,nurion
POSCAR_Cr2Pb13_1_x050,69,105,ok,0.0182,1.0000,105,1.0000,0.0182,0.0000,0,0.1588,0.1278,0,rank_ok,,nurion
POSCAR_Cr2Pb13_1_x975,78,103,ok,0.0191,1.0000,103,1.0000,0.0191,0.0000,0,0.2353,0.2651,0,rank_ok,,nurion
POSCAR_Cr2Pb13_1_y025,78,103,ok,0.0184,0.9999,103,0.9999,0.0184,0.0000,0,0.2593,0.2537,0,rank_ok,,nurion
POSCAR_Cr2Pb13_1_y050,19,105,ok,0.0215,0.9999,105,0.9999,0.0215,0.0000,0,0.0771,0.1157,0,rank_ok,,nurion
POSCAR_Cr2Pb13_1_y950,78,103,ok,0.0200,1.0000,103,1.0000,0.0200,0.0000,0,0.1421,0.1629,0,rank_ok,,nurion
POSCAR_Cr2Pb13_1_y975,78,103,ok,0.0210,1.0000,103,1.0000,0.0210,0.0000,0,0.1823,0.2033,0,rank_ok,,nurion
POSCAR_Cr2Pb13_1_z025,78,103,ok,0.0188,0.9999,103,0.9999,0.0188,0.0000,0,0.1957,0.2262,0,rank_ok,,nurion
POSCAR_Cr2Pb13_1_z050,78,103,ok,0.0158,0.9999,103,0.9999,0.0158,0.0000,0,0.1828,0.2091,0,rank_ok,,nurion
POSCAR_Cr2Pb13_1_z950,67,102,ok,0.0226,1.0000,102,1.0000,0.0226,0.0000,0,0.1478,0.1858,0,rank_ok,,nurion
POSCAR_Cr2Pb13_1_z975,67,102,ok,0.0193,1.0000,102,1.0000,0.0193,0.0000,0,0.1856,0.2202,0,rank_ok,,nurion
POSCAR_Cr2Pb8_2,105,68,ok,0.0134,1.0000,68,1.0000,0.0134,0.0000,0,0.2898,0.2712,0,rank_ok,,nurion
POSCAR_Cr2Pb8_2_st025,105,68,ok,0.0117,1.0000,68,1.0000,0.0117,0.0000,0,0.2644,0.2489,0,rank_ok,,nurion
POSCAR_Cr2Pb8_2_st950,105,68,ok,0.0162,1.0000,68,1.0000,0.0162,0.0000,0,0.3709,0.3478,0,rank_ok,,nurion
POSCAR_Cr2Pb8_2_st975,105,68,ok,0.0150,1.0000,68,1.0000,0.0150,0.0000,0,0.3268,0.3056,0,rank_ok,,nurion
POSCAR_Cr2Pb8_2_x025,105,68,ok,0.0121,1.0000,68,1.0000,0.0121,0.0000,0,0.2956,0.2793,0,rank_ok,,nurion
POSCAR_Cr2Pb8_2_x050,105,68,ok,0.0108,1.0000,68,1.0000,0.0108,0.0000,0,0.3090,0.2951,0,rank_ok,,nurion
POSCAR_Cr2Pb8_2_x950,105,68,ok,0.0142,1.0000,68,1.0000,0.0142,0.0000,0,0.2971,0.2766,0,rank_ok,,nurion
POSCAR_Cr2Pb8_2_x975,105,68,ok,0.0143,1.0000,68,1.0000,0.0143,0.0000,0,0.2906,0.2706,0,rank_ok,,nurion
POSCAR_Cr2Pb8_2_y025,105,68,ok,0.0124,1.0000,68,1.0000,0.0124,0.0000,0,0.3110,0.2944,0,rank_ok,,nurion
POSCAR_Cr2Pb8_2_y050,105,68,ok,0.0113,1.0000,68,1.0000,0.0113,0.0000,0,0.3327,0.3181,0,rank_ok,,nurion
POSCAR_Cr2Pb8_2_y950,105,68,ok,0.0151,1.0000,68,1.0000,0.0151,0.0000,0,0.2721,0.2506,0,rank_ok,,nurion
POSCAR_Cr2Pb8_2_y975,105,68,ok,0.0145,1.0000,68,1.0000,0.0145,0.0000,0,0.2741,0.2536,0,rank_ok,,nurion
POSCAR_Cr2Pb8_2_z025,105,68,ok,0.0136,1.0000,68,1.0000,0.0136,0.0000,0,0.2451,0.2263,0,rank_ok,,nurion
POSCAR_Cr2Pb8_2_z050,105,68,ok,0.0119,1.0000,68,1.0000,0.0119,0.0000,0,0.2186,0.2017,0,rank_ok,,nurion
POSCAR_Cr2Pb8_2_z950,53,68,ok,0.0140,1.0000,68,1.0000,0.0140,0.0000,0,0.2527,0.2728,0,rank_ok,,nurion
POSCAR_Cr2Pb8_2_z975,53,68,ok,0.0128,1.0000,68,1.0000,0.0128,0.0000,0,0.2546,0.2735,0,rank_ok,,nurion
POSCAR_Cr2S2_1,208,18,ok,0.7667,0.9573,19,0.9840,2.7634,0.0267,1,0.2193,1.2902,0,rank_ok,,nurion
POSCAR_Cr2S2_1_st025,329,18,ok,0.7198,0.9387,19,0.9898,2.5481,0.0512,1,0.2886,1.2341,0,rank_ok,,nurion
POSCAR_Cr2S2_1_st050,329,18,ok,0.6777,0.9496,19,0.9703,2.5133,0.0207,1,0.2562,1.0783,0,rank_ok,,nurion
POSCAR_Cr2S2_1_st950,208,18,ok,0.9028,0.9383,19,0.9979,2.7594,0.0596,1,0.1765,1.4971,0,rank_ok,,nurion
POSCAR_Cr2S2_1_st975,208,18,ok,0.8278,0.9462,19,0.9942,2.7735,0.0480,1,0.1981,1.3805,0,rank_ok,,nurion
POSCAR_Cr2S2_1_x025,218,18,ok,0.7191,0.9357,19,0.9943,2.5696,0.0587,1,0.3528,1.2979,0,rank_ok,,nurion
POSCAR_Cr2S2_1_x050,329,18,ok,0.6766,0.9377,19,0.9911,2.6217,0.0535,1,0.3015,1.1477,0,rank_ok,,nurion
POSCAR_Cr2S2_1_x950,208,18,ok,0.8790,0.9425,19,0.9953,2.6988,0.0528,1,0.1300,1.4161,0,rank_ok,,nurion
POSCAR_Cr2S2_1_x975,208,18,ok,0.8226,0.9516,19,0.9903,2.7345,0.0388,1,0.1753,1.3518,0,rank_ok,,nurion
POSCAR_Cr2S2_1_y025,329,18,ok,0.7925,0.9293,17,0.9960,0.6544,0.0668,-1,0.3137,1.4469,0,rank_ok,,nurion
POSCAR_Cr2S2_1_y050,329,18,ok,0.8190,0.9288,16,0.9956,0.7383,0.0668,-2,0.3001,1.4930,0,rank_ok,,nurion
POSCAR_Cr2S2_1_y950,208,18,ok,0.7250,0.9492,19,0.9990,2.8839,0.0497,1,0.2080,1.1247,0,rank_ok,,nurion
POSCAR_Cr2S2_1_y975,208,18,ok,0.7473,0.9514,19,0.9950,2.8229,0.0436,1,0.2128,1.2523,0,rank_ok,,nurion
POSCAR_Cr2S2_1_z025,208,18,ok,0.7467,0.9583,19,0.9884,2.7733,0.0301,1,0.1947,1.1983,0,rank_ok,,nurion
POSCAR_Cr2S2_1_z050,208,18,ok,0.7262,0.9595,19,0.9920,2.7819,0.0325,1,0.1737,1.0156,0,rank_ok,,nurion
POSCAR_Cr2S2_1_z950,329,18,ok,0.8200,0.9286,16,0.9946,0.8196,0.0660,-2,0.3845,1.5376,0,rank_ok,,nurion
POSCAR_Cr2S2_1_z975,329,18,ok,0.7931,0.9292,19,0.9946,2.5449,0.0654,1,0.3477,1.4710,0,rank_ok,,nurion
POSCAR_Cr2S2_2,95,18,ok,0.5861,0.9919,17,0.9976,0.6342,0.0057,-1,0.9916,0.0481,1,rank_ok,,nurion
POSCAR_Cr2S2_2_st025,95,18,ok,0.5527,0.9908,17,0.9981,0.5836,0.0073,-1,0.9582,0.0309,1,rank_ok,,nurion
POSCAR_Cr2S2_2_st050,95,18,ok,0.5242,0.9920,17,0.9986,0.5378,0.0066,-1,0.8853,0.0136,1,rank_ok,,nurion
POSCAR_Cr2S2_2_st950,321,18,ok,0.8140,0.9956,18,0.9956,0.8140,0.0000,0,0.5738,1.3364,0,rank_ok,,nurion
POSCAR_Cr2S2_2_st975,321,18,ok,0.6613,0.9974,16,0.9995,0.9406,0.0022,-2,0.6013,1.2676,0,rank_ok,,nurion
POSCAR_Cr2S2_2_z025,95,18,ok,0.5698,0.9925,17,0.9975,0.6298,0.0050,-1,0.9603,0.0600,0,rank_ok,,nurion
POSCAR_Cr2S2_2_z050,95,18,ok,0.5559,0.9927,17,0.9973,0.6252,0.0046,-1,0.9321,0.0693,0,rank_ok,,nurion
POSCAR_Cr2S2_2_z950,321,18,ok,0.6818,0.9926,18,0.9926,0.6818,0.0000,0,0.5645,1.3094,0,rank_ok,,nurion
POSCAR_Cr2S2_2_z975,344,18,ok,0.6159,0.9889,16,0.9908,0.8205,0.0019,-2,0.5105,1.2650,0,rank_ok,,nurion
POSCAR_Cr2S2_3,82,18,ok,0.0203,0.9999,18,0.9999,0.0203,0.0000,0,0.7218,0.7480,0,rank_ok,,nurion
POSCAR_Cr2S2_3_st025,82,18,ok,0.0194,0.9999,18,0.9999,0.0194,0.0000,0,0.6962,0.7226,0,rank_ok,,nurion
POSCAR_Cr2S2_3_st050,82,18,ok,0.0184,0.9999,18,0.9999,0.0184,0.0000,0,0.6735,0.6998,0,rank_ok,,nurion
POSCAR_Cr2S2_3_st950,5,18,ok,0.0231,0.9999,18,0.9999,0.0231,0.0000,0,1.5317,1.5562,0,rank_ok,,nurion
POSCAR_Cr2S2_3_st975,5,18,ok,0.0213,0.9999,18,0.9999,0.0213,0.0000,0,1.4296,1.4527,0,rank_ok,,nurion
POSCAR_Cr2S2_3_x025,82,18,ok,0.0211,0.9999,18,0.9999,0.0211,0.0000,0,0.7478,0.7745,0,rank_ok,,nurion
POSCAR_Cr2S2_3_x050,82,18,ok,0.0218,0.9999,18,0.9999,0.0218,0.0000,0,0.7770,0.8037,0,rank_ok,,nurion
POSCAR_Cr2S2_3_x950,82,18,ok,0.0187,0.9999,18,0.9999,0.0187,0.0000,0,0.6757,0.7000,0,rank_ok,,nurion
POSCAR_Cr2S2_3_x975,82,18,ok,0.0195,0.9999,18,0.9999,0.0195,0.0000,0,0.6981,0.7237,0,rank_ok,,nurion
POSCAR_Cr2S2_3_y025,82,18,ok,0.0194,0.9999,18,0.9999,0.0194,0.0000,0,0.7460,0.7711,0,rank_ok,,nurion
POSCAR_Cr2S2_3_y050,82,18,ok,0.0183,0.9999,18,0.9999,0.0183,0.0000,0,0.7785,0.8024,0,rank_ok,,nurion
POSCAR_Cr2S2_3_y950,5,18,ok,0.0234,0.9999,18,0.9999,0.0234,0.0000,0,1.3048,1.3276,0,rank_ok,,nurion
POSCAR_Cr2S2_3_y975,82,18,ok,0.0210,0.9999,18,0.9999,0.0210,0.0000,0,0.7098,0.7368,0,rank_ok,,nurion
POSCAR_Cr2S2_3_z025,82,18,ok,0.0193,0.9999,18,0.9999,0.0193,0.0000,0,0.6586,0.6850,0,rank_ok,,nurion
POSCAR_Cr2S2_3_z050,82,18,ok,0.0178,0.9999,18,0.9999,0.0178,0.0000,0,0.6113,0.6367,0,rank_ok,,nurion
POSCAR_Cr2S2_3_z950,17,18,ok,0.0224,1.0000,18,1.0000,0.0224,0.0000,0,1.4176,1.4367,0,rank_ok,,nurion
POSCAR_Cr2S2_3_z975,5,18,ok,0.0210,0.9999,18,0.9999,0.0210,0.0000,0,1.4752,1.4993,0,rank_ok,,nurion
POSCAR_Cr2S2_5,127,18,ok,0.5792,0.9974,18,0.9974,0.5792,0.0000,0,1.2576,0.5767,0,rank_ok,,nurion
POSCAR_Cr2S2_5_st025,315,18,ok,0.5349,0.9956,17,0.9971,0.6137,0.0015,-1,0.9593,0.0788,0,rank_ok,,nurion
POSCAR_Cr2S2_5_st050,315,18,ok,0.5004,0.9968,17,0.9969,0.5675,0.0001,-1,0.8876,0.0671,0,rank_ok,,nurion
POSCAR_Cr2S2_5_st950,127,18,ok,0.8509,0.9933,17,0.9953,1.4099,0.0020,-1,1.3946,0.5589,0,rank_ok,,nurion
POSCAR_Cr2S2_5_st975,127,18,ok,0.7020,0.9957,17,0.9975,1.2819,0.0017,-1,1.3186,0.5799,0,rank_ok,,nurion
POSCAR_Cr2S2_5_z025,315,18,ok,0.5306,0.9970,17,0.9987,0.6377,0.0016,-1,0.9283,0.1071,0,rank_ok,,nurion
POSCAR_Cr2Sb2_1,156,17,ok,1.1940,0.6571,15,0.9761,1.5666,0.3190,-2,0.1558,0.2706,0,A,rank_under,nurion
POSCAR_Cr2Sb2_1_st025,156,17,ok,0.9776,0.5922,15,0.9842,1.3527,0.3920,-2,0.3396,0.2680,0,A,rank_under,nurion
POSCAR_Cr2Sb2_1_st050,156,17,ok,0.7910,0.5374,15,0.9858,1.1919,0.4484,-2,0.3997,0.2396,0,A,rank_under,nurion
POSCAR_Cr2Sb2_1_st950,160,17,ok,1.3861,0.9643,16,0.9974,0.5207,0.0331,-1,0.1922,0.2775,0,rank_ok,,nurion
POSCAR_Cr2Sb2_1_st975,160,17,ok,1.3725,0.9873,16,0.9989,0.4857,0.0116,-1,0.2442,0.0372,1,rank_ok,,nurion
POSCAR_Cr2Sb2_1_x050,183,17,ok,1.1723,0.6836,16,0.9924,0.3338,0.3088,-1,0.1098,0.3314,0,A,rank_over,nurion
POSCAR_Cr2Sb2_1_y050,160,17,ok,1.1720,0.6874,16,0.9925,0.3339,0.3051,-1,0.1098,0.3318,0,A,rank_over,nurion
POSCAR_Cr2Sb2_1_z025,156,17,ok,1.0191,0.6324,16,0.9834,1.4156,0.3510,-1,0.2245,0.3965,0,A,rank_under,nurion
POSCAR_Cr2Sb2_1_z050,190,16,ok,0.9242,0.5468,17,0.9999,0.3981,0.4530,1,0.4238,0.0775,0,A,rank_over,nurion
POSCAR_Cr2Sb2_1_z950,226,17,ok,1.5131,0.7329,15,0.9959,0.2844,0.2630,-2,0.0166,0.0237,1,A,rank_over,nurion
POSCAR_Cr2Sb2_1_z975,156,17,ok,1.3624,0.6713,15,0.9805,1.6381,0.3092,-2,0.0925,0.1293,0,A,rank_under,nurion
POSCAR_Cr2Sb2_2,142,19,ok,0.0106,1.0000,19,1.0000,0.0106,0.0000,0,0.5123,0.5240,0,rank_ok,,nurion
POSCAR_Cr2Sb2_2_st950,331,19,ok,0.0119,0.9999,19,0.9999,0.0119,0.0000,0,0.1157,0.1287,0,rank_ok,,nurion
POSCAR_Cr2Sb2_2_st975,331,19,ok,0.0136,1.0000,19,1.0000,0.0136,0.0000,0,0.1653,0.1824,0,rank_ok,,nurion
POSCAR_Cr2Sb2_2_x025,78,18,ok,0.0108,1.0000,18,1.0000,0.0108,0.0000,0,0.5902,0.5981,0,rank_ok,,nurion
POSCAR_Cr2Sb2_2_x050,260,17,ok,0.0116,1.0000,17,1.0000,0.0116,0.0000,0,1.3437,1.3270,0,rank_ok,,nurion
POSCAR_Cr2Sb2_2_x950,78,18,ok,0.0101,1.0000,18,1.0000,0.0101,0.0000,0,0.7031,0.6753,0,rank_ok,,nurion
POSCAR_Cr2Sb2_2_x975,142,19,ok,0.0111,1.0000,19,1.0000,0.0111,0.0000,0,0.6070,0.6187,0,rank_ok,,nurion
POSCAR_Cr2Sb2_2_y025,142,19,ok,0.0099,1.0000,19,1.0000,0.0099,0.0000,0,0.4861,0.4961,0,rank_ok,,nurion
POSCAR_Cr2Sb2_2_y050,142,19,ok,0.0095,1.0000,19,1.0000,0.0095,0.0000,0,0.4654,0.4750,0,rank_ok,,nurion
POSCAR_Cr2Sb2_2_y950,199,19,ok,0.0124,0.9999,19,0.9999,0.0124,0.0000,0,0.2504,0.2315,0,rank_ok,,nurion
POSCAR_Cr2Sb2_2_y975,78,18,ok,0.0132,1.0000,18,1.0000,0.0132,0.0000,0,0.7676,0.7787,0,rank_ok,,nurion
POSCAR_Cr2Sb2_2_z025,199,19,ok,0.0106,1.0000,19,1.0000,0.0106,0.0000,0,0.3287,0.3124,0,rank_ok,,nurion
POSCAR_Cr2Sb2_2_z050,78,18,ok,0.0089,1.0000,18,1.0000,0.0089,0.0000,0,0.6477,0.6240,0,rank_ok,,nurion
POSCAR_Cr2Sb2_2_z950,331,18,ok,0.0156,1.0000,18,1.0000,0.0156,0.0000,0,0.1426,0.1205,0,rank_ok,,nurion
POSCAR_Cr2Sb2_2_z975,331,19,ok,0.0113,0.9997,19,0.9997,0.0113,0.0000,0,0.0616,0.0741,0,rank_ok,,nurion
POSCAR_Cr2Sb3_3,188,19,ok,0.7894,0.9237,21,1.0000,0.9315,0.0763,2,0.0982,0.0384,1,rank_ok,,nurion
POSCAR_Cr2Sb3_3_st025,188,19,ok,0.7011,0.9479,21,0.9972,0.8793,0.0493,2,0.1114,0.1127,0,rank_ok,,nurion
POSCAR_Cr2Sb3_3_st050,196,19,ok,0.6718,0.9986,19,0.9986,0.6718,0.0000,0,0.3014,0.0453,1,rank_ok,,nurion
POSCAR_Cr2Sb3_3_st950,188,19,ok,0.8670,0.7549,21,0.9949,1.0342,0.2400,2,0.0165,0.1710,1,A,rank_under,nurion
POSCAR_Cr2Sb3_3_st975,188,19,ok,0.8458,0.7296,21,0.9978,0.9819,0.2682,2,0.0688,0.0543,0,A,rank_under,nurion
POSCAR_Cr2Sb3_3_x975,188,19,ok,0.7923,0.9082,21,0.9973,0.9758,0.0891,2,0.1281,0.0420,1,rank_ok,,nurion
POSCAR_Cr2Sb3_3_z025,188,19,ok,0.7678,0.9540,21,0.9972,0.9126,0.0432,2,0.0853,0.0971,0,rank_ok,,nurion
POSCAR_Cr2Sb3_3_z975,188,19,ok,0.7830,0.7516,21,0.9994,0.9580,0.2477,2,0.1314,0.0216,1,A,rank_under,nurion
POSCAR_Cr2Sb4_1,170,19,ok,0.4220,0.9971,21,0.9984,0.3502,0.0013,2,0.0111,0.3560,1,rank_ok,,nurion
POSCAR_Cr2Sb4_1_st025,226,21,ok,0.3885,0.9998,21,0.9998,0.3885,0.0000,0,0.1170,0.0683,0,rank_ok,,nurion
POSCAR_Cr2Sb4_1_st050,226,21,ok,0.3578,0.9999,21,0.9999,0.3578,0.0000,0,0.1259,0.0762,0,rank_ok,,nurion
POSCAR_Cr2Sb4_1_st950,226,21,ok,0.4250,0.9866,23,0.9970,0.9040,0.0104,2,0.1865,0.0751,0,rank_ok,,nurion
POSCAR_Cr2Sb4_1_st975,226,21,ok,0.4264,0.9965,23,0.9995,0.8683,0.0029,2,0.1413,0.0670,0,rank_ok,,nurion
POSCAR_Cr2Sb4_1_x025,170,19,ok,0.3709,0.8451,20,0.9904,0.0771,0.1452,1,0.0673,0.3081,0,A,rank_over,nurion
POSCAR_Cr2Sb4_1_x050,170,19,ok,0.3104,0.8086,20,0.9925,0.0969,0.1839,1,0.1205,0.2494,0,A,rank_over,nurion
POSCAR_Cr2Sb4_1_x950,175,19,ok,0.4545,0.9465,18,0.9995,0.5560,0.0530,-1,0.1207,0.1015,0,rank_ok,,nurion
POSCAR_Cr2Sb4_1_x975,226,21,ok,0.4370,0.9863,23,0.9970,0.8321,0.0107,2,0.1198,0.0863,0,rank_ok,,nurion
POSCAR_Cr2Sb4_1_y025,226,21,ok,0.4368,0.9987,21,0.9987,0.4368,0.0000,0,0.0710,0.0317,1,rank_ok,,nurion
POSCAR_Cr2Sb4_1_y050,226,21,ok,0.4265,0.9899,23,0.9963,0.8171,0.0064,2,0.0472,0.0366,1,rank_ok,,nurion
POSCAR_Cr2Sb4_1_y950,227,20,ok,0.3642,0.9525,21,0.9992,0.7337,0.0467,1,0.7995,0.2666,0,rank_ok,,nurion
POSCAR_Cr2Sb4_1_y975,170,19,ok,0.4795,0.9986,19,0.9986,0.4795,0.0000,0,0.0341,0.3176,1,rank_ok,,nurion
POSCAR_Cr2Sb4_1_z025,170,19,ok,0.4274,0.9373,18,0.9999,0.7853,0.0627,-1,0.0229,0.3579,1,rank_ok,,nurion
POSCAR_Cr2Sb4_1_z050,170,19,ok,0.4260,0.9288,18,0.9986,0.7865,0.0698,-1,0.0302,0.3605,1,rank_ok,,nurion
POSCAR_Cr2Sb4_1_z950,65,23,ok,0.3960,0.9938,22,0.9957,0.6825,0.0019,-1,0.4053,0.2865,0,rank_ok,,nurion
POSCAR_Cr2Sb4_1_z975,226,21,ok,0.3705,0.9572,20,0.9932,0.4636,0.0360,-1,0.1101,0.0931,0,rank_ok,,nurion
POSCAR_Cr2Sb6_1,9,26,ok,0.5366,0.9952,24,0.9983,0.7946,0.0031,-2,0.2338,0.0903,0,rank_ok,,nurion
POSCAR_Cr2Sb6_1_st050,23,26,ok,0.5088,0.9351,25,0.9986,0.7940,0.0635,-1,0.0164,0.2063,1,rank_ok,,nurion
POSCAR_Cr2Sb6_1_st950,9,26,ok,0.5180,0.9942,24,0.9975,0.8263,0.0033,-2,0.3506,0.0256,1,rank_ok,,nurion
POSCAR_Cr2Sb6_1_z025,9,26,ok,0.5429,0.9954,27,0.9988,0.2374,0.0034,1,0.2218,0.1265,0,rank_ok,,nurion
POSCAR_Cr2Sb8_1,110,32,ok,0.0118,0.9999,32,0.9999,0.0118,0.0000,0,0.1743,0.1856,0,rank_ok,,nurion
POSCAR_Cr2Sb8_1_st025,110,32,ok,0.0116,1.0000,32,1.0000,0.0116,0.0000,0,0.1070,0.0933,0,rank_ok,,nurion
POSCAR_Cr2Sb8_1_st950,110,32,ok,0.0113,1.0000,32,1.0000,0.0113,0.0000,0,0.1158,0.1268,0,rank_ok,,nurion
POSCAR_Cr2Sb8_1_st975,110,32,ok,0.0122,1.0000,32,1.0000,0.0122,0.0000,0,0.1453,0.1569,0,rank_ok,,nurion
POSCAR_Cr2Sb8_1_x025,110,32,ok,0.0119,1.0000,32,1.0000,0.0119,0.0000,0,0.1504,0.1613,0,rank_ok,,nurion
POSCAR_Cr2Sb8_1_x050,110,32,ok,0.0115,1.0000,32,1.0000,0.0115,0.0000,0,0.1511,0.1427,0,rank_ok,,nurion
POSCAR_Cr2Sb8_1_x950,1,26,ok,0.0123,1.0000,26,1.0000,0.0123,0.0000,0,0.3101,0.3010,0,rank_ok,,nurion
POSCAR_Cr2Sb8_1_x975,110,32,ok,0.0117,0.9999,32,0.9999,0.0117,0.0000,0,0.2261,0.2376,0,rank_ok,,nurion
POSCAR_Cr2Sb8_1_y025,1,26,ok,0.0110,1.0000,26,1.0000,0.0110,0.0000,0,0.2804,0.2664,0,rank_ok,,nurion
POSCAR_Cr2Sb8_1_y050,1,26,ok,0.0106,1.0000,26,1.0000,0.0106,0.0000,0,0.3137,0.3001,0,rank_ok,,nurion
POSCAR_Cr2Sb8_1_y950,110,32,ok,0.0126,1.0000,32,1.0000,0.0126,0.0000,0,0.1952,0.2067,0,rank_ok,,nurion
POSCAR_Cr2Sb8_1_y975,110,32,ok,0.0130,1.0000,32,1.0000,0.0130,0.0000,0,0.1838,0.1958,0,rank_ok,,nurion
POSCAR_Cr2Sb8_1_z025,110,32,ok,0.0124,1.0000,32,1.0000,0.0124,0.0000,0,0.1977,0.1826,0,rank_ok,,nurion
POSCAR_Cr2Sb8_1_z050,110,32,ok,0.0124,1.0000,32,1.0000,0.0124,0.0000,0,0.1738,0.1595,0,rank_ok,,nurion
POSCAR_Cr2Sb8_1_z950,42,27,ok,0.0099,1.0000,27,1.0000,0.0099,0.0000,0,0.2787,0.2918,0,rank_ok,,nurion
POSCAR_Cr2Sb8_1_z975,1,26,ok,0.0107,1.0000,26,1.0000,0.0107,0.0000,0,0.2070,0.2155,0,rank_ok,,nurion
POSCAR_Cr2Se2_1,297,18,ok,0.5975,0.9992,17,0.9997,0.2355,0.0006,-1,0.0854,0.8330,0,rank_ok,,nurion
POSCAR_Cr2Se2_1_st025,297,18,ok,0.5341,0.9998,18,0.9998,0.5341,0.0000,0,0.0993,0.7818,0,rank_ok,,nurion
POSCAR_Cr2Se2_1_st050,98,16,ok,0.4930,0.7029,14,0.9938,0.4736,0.2910,-2,0.2693,0.1247,0,A,rank_over,nurion
POSCAR_Cr2Se2_1_st950,208,18,ok,0.7500,0.9837,16,0.9943,1.3914,0.0106,-2,1.5589,0.3432,0,rank_ok,,nurion
POSCAR_Cr2Se2_1_st975,297,18,ok,0.6576,0.9970,17,0.9998,0.2175,0.0028,-1,0.0738,0.8751,0,rank_ok,,nurion
POSCAR_Cr2Se2_1_z025,297,18,ok,0.6042,0.9981,17,0.9995,0.2246,0.0015,-1,0.0522,0.8288,0,rank_ok,,nurion
POSCAR_Cr2Se2_1_z050,297,18,ok,0.6081,0.9934,17,0.9963,0.2138,0.0029,-1,0.0190,0.8219,1,rank_ok,,nurion
POSCAR_Cr2Se2_1_z950,200,18,ok,0.7251,0.9688,16,0.9989,1.0516,0.0302,-2,0.3503,1.5473,0,rank_ok,,nurion
POSCAR_Cr2Se2_1_z975,200,18,ok,0.6420,0.9841,16,0.9936,1.0005,0.0095,-2,0.3558,1.4441,0,rank_ok,,nurion
POSCAR_Cr2Se2_2,376,18,ok,0.5806,0.9990,18,0.9990,0.5806,0.0000,0,0.8112,0.0975,0,rank_ok,,nurion
POSCAR_Cr2Se2_2_st025,376,18,ok,0.5186,0.9999,18,0.9999,0.5186,0.0000,0,0.7622,0.1072,0,rank_ok,,nurion
POSCAR_Cr2Se2_2_st050,144,16,ok,0.4752,0.7041,18,0.9942,0.8271,0.2900,2,0.1474,0.2738,0,A,rank_under,nurion
POSCAR_Cr2Se2_2_st950,174,18,ok,0.7366,0.9968,18,0.9968,0.7366,0.0000,0,1.5318,0.4029,0,rank_ok,,nurion
POSCAR_Cr2Se2_2_st975,376,18,ok,0.6391,0.9963,18,0.9963,0.6391,0.0000,0,0.8510,0.0896,0,rank_ok,,nurion
POSCAR_Cr2Se2_2_z025,376,18,ok,0.5880,0.9975,18,0.9975,0.5880,0.0000,0,0.8080,0.0625,0,rank_ok,,nurion
POSCAR_Cr2Se2_2_z050,376,18,ok,0.5927,0.9938,16,0.9986,0.9287,0.0048,-2,0.8016,0.0255,1,rank_ok,,nurion
POSCAR_Cr2Se2_2_z950,174,18,ok,0.7120,0.9749,16,0.9967,1.3629,0.0218,-2,1.5008,0.3305,0,rank_ok,,nurion
POSCAR_Cr2Se2_2_z975,174,18,ok,0.6283,0.9877,17,0.9984,0.9608,0.0107,-1,1.3953,0.3325,0,rank_ok,,nurion
POSCAR_Cr2Se4_1,176,24,ok,0.4078,0.9820,26,0.9948,1.1821,0.0128,2,1.0108,0.6859,0,rank_ok,,nurion
POSCAR_Cr2Se4_1_st025,176,24,ok,0.3798,0.9802,26,0.9985,1.1523,0.0182,2,0.9126,0.5547,0,rank_ok,,nurion
POSCAR_Cr2Se4_1_x050,176,24,ok,0.3282,0.9758,26,0.9914,1.3704,0.0156,2,0.8774,0.5469,0,rank_ok,,nurion
POSCAR_Cr2Se4_1_x975,176,24,ok,0.4895,0.9846,26,0.9935,1.0901,0.0089,2,0.8646,0.7041,0,rank_ok,,nurion
POSCAR_Cr2Se4_1_y025,176,24,ok,0.3655,0.9829,26,0.9957,1.2005,0.0127,2,0.9522,0.6140,0,rank_ok,,nurion
POSCAR_Cr2Se4_1_y050,176,24,ok,0.3297,0.9841,26,0.9889,1.1966,0.0047,2,0.8487,0.5461,0,rank_ok,,nurion
POSCAR_Cr2Se4_1_z975,131,24,ok,0.3614,0.9962,22,0.9976,1.5312,0.0014,-2,0.8677,0.8886,0,rank_ok,,nurion
POSCAR_Cr2Si4_1,188,20,ok,0.0112,1.0000,20,1.0000,0.0112,0.0000,0,0.4249,0.4061,0,rank_ok,,nurion
POSCAR_Cr2Si4_1_st950,237,20,ok,0.0113,1.0000,20,1.0000,0.0113,0.0000,0,0.5681,0.5567,0,rank_ok,,nurion
POSCAR_Cr2Si4_1_st975,148,20,ok,0.0114,1.0000,20,1.0000,0.0114,0.0000,0,0.4389,0.4580,0,rank_ok,,nurion
POSCAR_Cr2Si4_1_x025,188,20,ok,0.0108,1.0000,20,1.0000,0.0108,0.0000,0,0.3768,0.3583,0,rank_ok,,nurion
POSCAR_Cr2Si4_1_x050,147,20,ok,0.0098,1.0000,20,1.0000,0.0098,0.0000,0,0.5225,0.5383,0,rank_ok,,nurion
POSCAR_Cr2Si4_1_x950,148,20,ok,0.0109,1.0000,20,1.0000,0.0109,0.0000,0,0.2058,0.2228,0,rank_ok,,nurion
POSCAR_Cr2Si4_1_x975,148,20,ok,0.0113,1.0000,20,1.0000,0.0113,0.0000,0,0.3311,0.3498,0,rank_ok,,nurion
POSCAR_Cr2Si4_1_y025,148,20,ok,0.0107,1.0000,20,1.0000,0.0107,0.0000,0,0.3379,0.3560,0,rank_ok,,nurion
POSCAR_Cr2Si4_1_y050,179,20,ok,0.0101,0.9999,20,0.9999,0.0101,0.0000,0,0.5556,0.5400,0,rank_ok,,nurion
POSCAR_Cr2Si4_1_y950,188,20,ok,0.0110,1.0000,20,1.0000,0.0110,0.0000,0,0.2417,0.2241,0,rank_ok,,nurion
POSCAR_Cr2Si4_1_y975,188,20,ok,0.0114,1.0000,20,1.0000,0.0114,0.0000,0,0.3717,0.3527,0,rank_ok,,nurion
POSCAR_Cr2Si4_1_z025,148,20,ok,0.0107,1.0000,20,1.0000,0.0107,0.0000,0,0.3254,0.3432,0,rank_ok,,nurion
POSCAR_Cr2Si4_1_z050,268,20,ok,0.0097,1.0000,20,1.0000,0.0097,0.0000,0,0.5732,0.5569,0,rank_ok,,nurion
POSCAR_Cr2Si4_1_z950,179,20,ok,0.0108,0.9999,20,0.9999,0.0108,0.0000,0,0.6265,0.6393,0,rank_ok,,nurion
POSCAR_Cr2Si4_1_z975,148,20,ok,0.0112,1.0000,20,1.0000,0.0112,0.0000,0,0.4179,0.4362,0,rank_ok,,nurion
POSCAR_Cr2Sn2_2,223,25,ok,0.8063,0.7117,24,0.9980,0.8829,0.2863,-1,0.3645,0.4183,0,A,rank_under,nurion
POSCAR_Cr2Sn2_2_st025,223,25,ok,0.8003,0.7324,24,0.9980,0.8279,0.2655,-1,0.3791,0.4156,0,A,rank_under,nurion
POSCAR_Cr2Sn2_2_st050,223,25,ok,0.7917,0.7594,24,0.9980,0.7745,0.2385,-1,0.3912,0.4149,0,A,rank_over,nurion
POSCAR_Cr2Sn2_2_st950,223,25,ok,0.8280,0.7127,24,0.9966,0.9791,0.2839,-1,0.3095,0.4266,0,A,rank_under,nurion
POSCAR_Cr2Sn2_2_st975,223,25,ok,0.8157,0.7146,24,0.9973,0.9318,0.2827,-1,0.3404,0.4223,0,A,rank_under,nurion
POSCAR_Cr2Sn2_2_x025,223,25,ok,0.8574,0.6838,24,0.9986,0.8430,0.3149,-1,0.3793,0.2168,0,A,rank_over,nurion
POSCAR_Cr2Sn2_2_x050,223,25,ok,0.8804,0.6153,24,0.9986,0.8093,0.3832,-1,0.4039,0.0799,0,A,rank_over,nurion
POSCAR_Cr2Sn2_2_x950,93,26,ok,0.9214,0.3761,27,0.9998,0.1476,0.6237,1,0.2198,0.1122,0,A,rank_over,nurion
POSCAR_Cr2Sn2_2_x975,156,25,ok,0.8100,0.6657,24,0.9987,0.8810,0.3330,-1,0.3382,0.3362,0,A,rank_under,nurion
POSCAR_Cr2Sn2_2_y025,156,25,ok,0.8574,0.6872,24,0.9983,0.8431,0.3111,-1,0.3793,0.2168,0,A,rank_over,nurion
POSCAR_Cr2Sn2_2_y050,156,25,ok,0.8804,0.6135,24,0.9984,0.8093,0.3849,-1,0.4039,0.0799,0,A,rank_over,nurion
POSCAR_Cr2Sn2_2_y950,57,26,ok,0.9213,0.3743,28,0.9961,1.7747,0.6217,2,0.1137,0.2216,0,A,rank_under,nurion
POSCAR_Cr2Sn2_2_y975,223,25,ok,0.8100,0.6651,24,0.9987,0.8810,0.3336,-1,0.3382,0.3362,0,A,rank_under,nurion
POSCAR_Cr2Sn2_2_z025,223,25,ok,0.7589,0.7049,24,0.9983,0.8699,0.2934,-1,0.3451,0.5388,0,A,rank_under,nurion
POSCAR_Cr2Sn2_2_z050,223,25,ok,0.7136,0.7051,24,0.9986,0.8615,0.2935,-1,0.3301,0.6517,0,A,rank_under,nurion
POSCAR_Cr2Sn2_2_z950,223,25,ok,0.9186,0.7347,24,0.9966,0.9067,0.2618,-1,0.4087,0.1562,0,A,rank_over,nurion
POSCAR_Cr2Te2_1,156,18,ok,0.9512,0.9452,17,0.9701,1.0820,0.0249,-1,1.1548,0.1308,0,rank_ok,,nurion
POSCAR_Cr2Te2_1_st025,156,18,ok,0.7890,0.9493,18,0.9493,0.7890,0.0000,0,0.9786,0.1256,0,rank_ok,,nurion
POSCAR_Cr2Te2_1_st050,146,18,ok,0.7346,0.9359,17,0.9984,1.0428,0.0626,-1,0.7777,0.3083,0,rank_ok,,nurion
POSCAR_Cr2Te2_1_st950,156,18,ok,1.3414,0.9132,16,0.9994,1.6506,0.0862,-2,1.2248,0.0062,1,rank_ok,,nurion
POSCAR_Cr2Te2_1_st975,156,18,ok,1.1372,0.9437,17,0.9877,1.2285,0.0440,-1,1.2737,0.0913,0,rank_ok,,nurion
POSCAR_Cr2Te2_1_x025,156,18,ok,0.9610,0.9516,17,0.9523,1.0117,0.0007,-1,1.1656,0.0506,0,rank_ok,,nurion
POSCAR_Cr2Te2_1_x050,180,18,ok,0.9378,0.9456,17,0.9984,0.2271,0.0528,-1,0.0247,1.1649,1,rank_ok,,nurion
POSCAR_Cr2Te2_1_x950,156,18,ok,0.9219,0.9259,16,0.9799,1.3526,0.0540,-2,1.1241,0.2708,0,rank_ok,,nurion
POSCAR_Cr2Te2_1_x975,156,18,ok,0.9376,0.9344,17,0.9972,1.1446,0.0627,-1,1.1403,0.2070,0,rank_ok,,nurion
POSCAR_Cr2Te2_1_y025,156,18,ok,0.9612,0.9532,18,0.9532,0.9612,0.0000,0,1.1657,0.0505,0,rank_ok,,nurion
POSCAR_Cr2Te2_1_y050,180,18,ok,0.9381,0.9473,17,0.9986,0.2271,0.0513,-1,0.0245,1.1652,1,rank_ok,,nurion
POSCAR_Cr2Te2_1_y950,156,18,ok,0.9217,0.9259,16,0.9802,1.3523,0.0544,-2,1.1240,0.2709,0,rank_ok,,nurion
POSCAR_Cr2Te2_1_y975,156,18,ok,0.9375,0.9347,17,0.9972,1.1446,0.0625,-1,1.1402,0.2070,0,rank_ok,,nurion
POSCAR_Cr2Te2_1_z025,147,18,ok,0.7858,0.9996,18,0.9996,0.7858,0.0000,0,1.0199,0.2301,0,rank_ok,,nurion
POSCAR_Cr2Te2_1_z050,146,18,ok,0.7198,0.9416,17,0.9953,1.2298,0.0538,-1,0.8480,0.5100,0,rank_ok,,nurion
POSCAR_Cr2Te2_1_z950,180,18,ok,1.1333,0.9849,17,0.9982,0.4530,0.0133,-1,0.2172,1.1651,0,rank_ok,,nurion
POSCAR_Cr2Te2_1_z975,180,18,ok,1.1093,0.9788,17,0.9968,0.2553,0.0179,-1,0.0364,1.2367,1,rank_ok,,nurion
POSCAR_Cr2Te4_1,185,24,ok,0.6721,0.9221,26,0.9744,1.5045,0.0523,2,0.6064,0.2587,0,rank_ok,,nurion
POSCAR_Cr2Te4_1_st025,186,24,ok,0.6526,0.9364,23,0.9496,1.0231,0.0132,-1,0.4826,0.3705,0,rank_ok,,nurion
POSCAR_Cr2Te4_1_st050,186,24,ok,0.6317,0.9385,23,0.9665,0.8882,0.0281,-1,0.5061,0.2565,0,rank_ok,,nurion
POSCAR_Cr2Te4_1_st950,185,24,ok,0.7405,0.9079,26,0.9952,1.5950,0.0873,2,0.4244,0.5073,0,rank_ok,,nurion
POSCAR_Cr2Te4_1_st975,185,24,ok,0.7065,0.9122,26,0.9845,1.5591,0.0723,2,0.5237,0.3755,0,rank_ok,,nurion
POSCAR_Cr2Te4_1_x025,186,24,ok,0.6726,0.9350,23,0.9461,1.1369,0.0111,-1,0.4216,0.4643,0,rank_ok,,nurion
POSCAR_Cr2Te4_1_x050,186,24,ok,0.6774,0.9327,23,0.9516,1.1053,0.0189,-1,0.3891,0.4279,0,rank_ok,,nurion
POSCAR_Cr2Te4_1_x950,185,24,ok,0.6727,0.9241,25,0.9882,0.7772,0.0641,1,0.6324,0.2876,0,rank_ok,,nurion
POSCAR_Cr2Te4_1_x975,185,24,ok,0.6738,0.9215,26,0.9804,1.5180,0.0589,2,0.6215,0.2740,0,rank_ok,,nurion
POSCAR_Cr2Te4_1_y025,185,24,ok,0.6536,0.9181,26,0.9768,1.3896,0.0588,2,0.5717,0.2479,0,rank_ok,,nurion
POSCAR_Cr2Te4_1_y050,185,24,ok,0.6350,0.9147,25,0.9817,0.7111,0.0671,1,0.5341,0.2339,0,rank_ok,,nurion
POSCAR_Cr2Te4_1_y950,186,24,ok,0.7369,0.9322,23,0.9538,1.1695,0.0216,-1,0.5035,0.4327,0,rank_ok,,nurion
POSCAR_Cr2Te4_1_y975,186,24,ok,0.6997,0.9350,23,0.9474,1.1680,0.0124,-1,0.4823,0.4682,0,rank_ok,,nurion
POSCAR_Cr2Te4_1_z025,186,24,ok,0.6825,0.9349,23,0.9507,1.0583,0.0158,-1,0.5352,0.3758,0,rank_ok,,nurion
POSCAR_Cr2Te4_1_z050,186,24,ok,0.6977,0.9327,23,0.9618,0.9520,0.0291,-1,0.6171,0.2543,0,rank_ok,,nurion
POSCAR_Cr2Te4_1_z950,185,24,ok,0.6994,0.9076,26,0.9757,1.3390,0.0680,2,0.3264,0.4552,0,rank_ok,,nurion
POSCAR_Cr2Te4_1_z975,185,24,ok,0.6864,0.9099,26,0.9764,1.4339,0.0665,2,0.4828,0.3466,0,rank_ok,,nurion
POSCAR_Cr2Te8_2,48,30,ok,0.3971,0.9993,31,0.9996,0.0642,0.0002,1,0.0564,0.0201,1,rank_ok,,nurion
POSCAR_Cr2Te8_2_st975,36,30,ok,0.4350,0.9996,30,0.9996,0.4350,0.0000,0,0.0224,0.0867,1,rank_ok,,nurion
POSCAR_Cu2F4_1,275,25,ok,0.5119,0.9965,25,0.9965,0.5119,0.0000,0,0.1088,0.6171,0,rank_ok,,local
POSCAR_Cu2F4_1_st025,331,21,ok,0.4098,0.9995,19,0.9999,0.6474,0.0004,-2,0.0209,0.1733,1,rank_ok,,tgm
POSCAR_Cu2F4_1_st050,331,21,ok,0.3731,0.9996,19,0.9997,0.5631,0.0001,-2,0.0446,0.1287,1,rank_ok,,tgm
POSCAR_Cu2F4_1_st950,275,25,ok,0.6109,0.9790,25,0.9790,0.6109,0.0000,0,0.2932,1.0726,0,rank_ok,,tgm
POSCAR_Cu2F4_1_st975,275,25,ok,0.5649,0.9863,25,0.9863,0.5649,0.0000,0,0.2565,0.8446,0,rank_ok,,tgm
POSCAR_Cu2F4_1_x025,275,25,ok,0.5190,0.9843,24,0.9944,0.0280,0.0101,-1,0.0597,0.5471,0,rank_ok,,nurion
POSCAR_Cu2F4_1_x050,210,25,ok,0.4608,0.9725,24,0.9888,0.5733,0.0163,-1,0.4830,0.1125,0,rank_ok,,nurion
POSCAR_Cu2F4_1_x950,24,25,ok,0.4378,0.9996,25,0.9996,0.4378,0.0000,0,0.2084,0.6795,0,rank_ok,,nurion
POSCAR_Cu2F4_1_x975,275,25,ok,0.4556,0.9916,25,0.9916,0.4556,0.0000,0,0.2403,0.6884,0,rank_ok,,nurion
POSCAR_Cu2F4_1_y025,275,25,ok,0.4583,0.9987,25,0.9987,0.4583,0.0000,0,0.0932,0.5441,0,rank_ok,,nurion
POSCAR_Cu2F4_1_y050,331,21,ok,0.4355,0.9956,20,0.9995,0.5779,0.0039,-1,0.0258,0.1425,1,rank_ok,,nurion
POSCAR_Cu2F4_1_y950,275,25,ok,0.6189,0.9906,25,0.9906,0.6189,0.0000,0,0.1221,0.7619,0,rank_ok,,nurion
POSCAR_Cu2F4_1_y975,275,25,ok,0.5656,0.9937,25,0.9937,0.5656,0.0000,0,0.1212,0.6899,0,rank_ok,,nurion
POSCAR_Cu2F4_1_z025,275,25,ok,0.4598,0.9973,25,0.9973,0.4598,0.0000,0,0.0804,0.5407,0,rank_ok,,nurion
POSCAR_Cu2F4_1_z050,331,21,ok,0.4144,0.9961,19,1.0000,0.6372,0.0039,-2,0.0170,0.1690,1,rank_ok,,nurion
POSCAR_Cu2F4_1_z950,275,25,ok,0.6196,0.9948,25,0.9948,0.6196,0.0000,0,0.1442,0.7714,0,rank_ok,,nurion
POSCAR_Cu2F4_1_z975,275,25,ok,0.5653,0.9960,25,0.9960,0.5653,0.0000,0,0.1339,0.6943,0,rank_ok,,nurion
POSCAR_Cu2F6_1,237,23,ok,0.5697,0.9860,24,0.9999,0.7890,0.0139,1,0.0508,0.2186,0,rank_ok,,local
POSCAR_Cu2F6_1_st025,237,23,ok,0.4833,0.9812,25,1.0000,0.9030,0.0188,2,0.0450,0.1601,1,rank_ok,,tgm
POSCAR_Cu2F6_1_st050,237,23,ok,0.4077,0.9792,25,0.9999,0.7847,0.0206,2,0.0290,0.1038,1,rank_ok,,tgm
POSCAR_Cu2F6_1_st950,228,23,ok,0.5643,0.9992,22,0.9992,0.2152,0.0001,-1,0.1332,0.2750,0,rank_ok,,tgm
POSCAR_Cu2F6_1_st975,237,23,ok,0.6618,0.9921,24,0.9999,0.9380,0.0078,1,0.0421,0.2720,1,rank_ok,,tgm
POSCAR_Cu2F6_1_x025,237,23,ok,0.5596,0.9803,25,1.0000,0.9769,0.0196,2,0.0385,0.1734,1,rank_ok,,nurion
POSCAR_Cu2F6_1_x050,237,23,ok,0.5489,0.9761,24,0.9999,0.6810,0.0239,1,0.0210,0.1321,1,rank_ok,,nurion
POSCAR_Cu2F6_1_x950,237,23,ok,0.5900,0.9952,22,0.9999,0.3467,0.0047,-1,0.0493,0.2434,1,rank_ok,,nurion
POSCAR_Cu2F6_1_x975,237,23,ok,0.5795,0.9916,22,0.9999,0.3509,0.0083,-1,0.0555,0.2287,0,rank_ok,,nurion
POSCAR_Cu2F6_1_y025,237,23,ok,0.5231,0.9875,22,1.0000,0.3338,0.0125,-1,0.0565,0.1893,0,rank_ok,,nurion
POSCAR_Cu2F6_1_y050,234,23,ok,0.4686,0.9905,24,0.9971,0.1901,0.0066,1,0.1540,0.0622,0,rank_ok,,nurion
POSCAR_Cu2F6_1_y950,234,23,ok,0.6158,0.9916,24,0.9986,0.2251,0.0070,1,0.2344,0.0423,1,rank_ok,,nurion
POSCAR_Cu2F6_1_y975,237,23,ok,0.6016,0.9879,24,0.9999,0.8250,0.0120,1,0.0471,0.2234,1,rank_ok,,nurion
POSCAR_Cu2F6_1_z025,237,23,ok,0.5231,0.9873,22,1.0000,0.3337,0.0127,-1,0.0565,0.1894,0,rank_ok,,nurion
POSCAR_Cu2F6_1_z050,234,23,ok,0.4686,0.9900,24,0.9969,0.1900,0.0070,1,0.1541,0.0623,0,rank_ok,,nurion
POSCAR_Cu2F6_1_z950,234,23,ok,0.6158,0.9912,24,0.9986,0.2252,0.0074,1,0.2346,0.0422,1,rank_ok,,nurion
POSCAR_Cu2F6_1_z975,234,23,ok,0.6016,0.9881,24,0.9977,0.1986,0.0096,1,0.2234,0.0471,1,rank_ok,,nurion
POSCAR_Cu2F6_2,256,24,ok,0.2768,0.9995,24,0.9995,0.2768,0.0000,0,0.0724,0.0464,1,rank_ok,,local
POSCAR_Cu2F6_2_st025,19,24,ok,0.2419,0.9939,22,0.9999,0.1245,0.0061,-2,0.0325,0.0273,1,rank_ok,,tgm
POSCAR_Cu2F6_2_st050,35,24,ok,0.2351,0.9988,25,0.9998,0.1513,0.0011,1,0.0245,0.0260,1,rank_ok,,tgm
POSCAR_Cu2F6_2_st950,256,24,ok,0.3227,0.9742,25,0.9998,0.0149,0.0256,1,0.0279,0.1396,1,rank_ok,,tgm
POSCAR_Cu2F6_2_st975,256,24,ok,0.3153,0.9976,22,0.9998,0.6247,0.0022,-2,0.0493,0.0877,1,rank_ok,,tgm
POSCAR_Cu2F6_2_x025,324,24,ok,0.2668,0.9952,24,0.9952,0.2668,0.0000,0,0.0369,0.0744,1,rank_ok,,nurion
POSCAR_Cu2F6_2_x975,272,24,ok,0.2811,0.9981,23,0.9986,0.2606,0.0005,-1,0.0923,0.0780,0,rank_ok,,nurion
POSCAR_Cu2F6_2_y025,304,24,ok,0.2669,0.9953,23,0.9974,0.3043,0.0021,-1,0.0741,0.0374,1,rank_ok,,nurion
POSCAR_Cu2F6_2_y975,256,24,ok,0.2818,0.9980,22,0.9996,0.5462,0.0016,-2,0.0779,0.0911,0,rank_ok,,nurion
POSCAR_Cu2F6_2_z025,256,24,ok,0.2459,1.0000,24,1.0000,0.2459,0.0000,0,0.0990,0.0614,0,rank_ok,,nurion
POSCAR_Cu2F6_2_z050,219,24,ok,0.2666,0.9898,24,0.9898,0.2666,0.0000,0,0.0474,0.0806,1,rank_ok,,nurion
POSCAR_Cu2F6_2_z950,256,24,ok,0.3156,0.9979,22,0.9992,0.6638,0.0013,-2,0.0229,0.0708,1,rank_ok,,nurion
POSCAR_Cu2F6_2_z975,256,24,ok,0.3017,0.9989,22,0.9993,0.6027,0.0004,-2,0.0414,0.0513,1,rank_ok,,nurion
POSCAR_Cu2O2_1,753,17,ok,1.4403,0.9559,15,0.9856,2.6631,0.0297,-2,1.2828,0.1944,0,rank_ok,,local
POSCAR_Cu2O2_1_st025,767,17,ok,1.2901,0.9808,16,0.9870,1.3660,0.0061,-1,1.4382,0.0759,0,rank_ok,,tgm
POSCAR_Cu2O2_1_st05,781,17,ok,1.1145,0.9552,19,0.9552,5.1543,0.0000,2,1.3112,0.1478,0,rank_ok,,tgm
POSCAR_Cu2O2_1_st050,781,17,ok,1.1145,0.9552,19,0.9552,5.1543,0.0000,2,1.3112,0.1478,0,rank_ok,,tgm
POSCAR_Cu2O2_1_st950,739,17,ok,1.7861,0.9420,15,0.9795,2.5461,0.0375,-2,1.1111,0.2952,0,rank_ok,,tgm
POSCAR_Cu2O2_1_st975,753,17,ok,1.5904,0.9731,17,0.9731,1.5904,0.0000,0,1.2861,0.1901,0,rank_ok,,tgm
POSCAR_Cu2O2_1_z025,767,17,ok,1.3470,0.9917,16,0.9927,1.4249,0.0010,-1,1.4622,0.0779,0,rank_ok,,nurion
POSCAR_Cu2O2_1_z050,781,17,ok,1.2356,0.9485,17,0.9485,1.2356,0.0000,0,1.4385,0.0993,0,rank_ok,,nurion
POSCAR_Cu2O2_1_z950,739,17,ok,1.6352,0.9533,15,0.9978,2.3466,0.0445,-2,1.2016,0.2026,0,rank_ok,,nurion
POSCAR_Cu2O2_1_z975,753,17,ok,1.5145,0.9726,15,0.9909,2.7290,0.0184,-2,1.3012,0.1788,0,rank_ok,,nurion
POSCAR_Cu2O2_4,37,15,ok,0.3907,0.9877,14,0.9894,0.2647,0.0017,-1,0.2498,0.0382,1,rank_ok,,local
POSCAR_Cu2O2_4_st025,637,14,ok,0.5465,0.9876,14,0.9876,0.5465,0.0000,0,0.5153,0.3234,0,rank_ok,,tgm
POSCAR_Cu2O2_4_st050,705,14,ok,0.6383,0.9916,14,0.9916,0.6383,0.0000,0,0.3085,0.4412,0,rank_ok,,tgm
POSCAR_Cu2O2_4_st950,398,17,ok,0.4636,0.9992,17,0.9992,0.4636,0.0000,0,0.5405,0.1311,0,rank_ok,,tgm
POSCAR_Cu2O2_4_st975,398,17,ok,0.4099,0.9931,16,0.9999,0.5000,0.0068,-1,0.4276,0.0901,0,rank_ok,,tgm
POSCAR_Cu2O2_4_z025,716,14,ok,0.5457,0.9914,14,0.9914,0.5457,0.0000,0,0.3860,0.5740,0,rank_ok,,nurion
POSCAR_Cu2O2_4_z050,637,14,ok,0.6048,0.9877,12,0.9926,1.1884,0.0050,-2,0.4035,0.3394,0,rank_ok,,nurion
POSCAR_Cu2O2_4_z950,398,17,ok,0.4939,0.9838,16,0.9992,0.5513,0.0154,-1,0.4693,0.0574,0,rank_ok,,nurion
POSCAR_Cu2O2_4_z975,266,16,ok,0.4285,0.9908,17,0.9977,0.0788,0.0068,1,0.2678,0.5072,0,rank_ok,,nurion
POSCAR_Cu2O2_6,259,14,ok,0.2499,0.9883,16,0.9987,1.0737,0.0104,2,0.7008,0.4048,0,rank_ok,,local
POSCAR_Cu2O2_6_st025,359,14,ok,0.2791,0.9903,16,0.9931,0.7715,0.0028,2,0.6513,0.5400,0,rank_ok,,tgm
POSCAR_Cu2O2_6_st050,359,14,ok,0.2242,0.9853,16,0.9883,0.7186,0.0030,2,0.5884,0.5673,0,rank_ok,,tgm
POSCAR_Cu2O2_6_st950,519,16,ok,0.3143,0.9969,18,0.9999,0.9919,0.0030,2,0.3226,0.1977,0,rank_ok,,tgm
POSCAR_Cu2O2_6_st975,533,14,ok,0.2316,0.9889,15,0.9945,0.8671,0.0057,1,0.6007,0.6354,0,rank_ok,,tgm
POSCAR_Cu2O2_6_x025,348,14,ok,0.2509,0.9986,14,0.9986,0.2509,0.0000,0,0.1209,0.3831,0,rank_ok,,nurion
POSCAR_Cu2O2_6_x050,363,14,ok,0.2643,0.9845,14,0.9845,0.2643,0.0000,0,0.4698,0.5635,0,rank_ok,,nurion
POSCAR_Cu2O2_6_x950,394,16,ok,0.2378,0.9949,15,0.9996,0.5799,0.0047,-1,0.4541,0.3421,0,rank_ok,,nurion
POSCAR_Cu2O2_6_x975,394,16,ok,0.2254,0.9993,15,0.9998,0.5647,0.0004,-1,0.4260,0.3393,0,rank_ok,,nurion
POSCAR_Cu2O2_6_y025,404,14,ok,0.2458,0.9986,14,0.9986,0.2458,0.0000,0,0.1334,0.3820,0,rank_ok,,nurion
POSCAR_Cu2O2_6_y050,377,14,ok,0.2600,0.9844,14,0.9844,0.2600,0.0000,0,0.4684,0.5617,0,rank_ok,,nurion
POSCAR_Cu2O2_6_y975,382,16,ok,0.2151,0.9991,14,1.0000,0.7789,0.0008,-2,0.3450,0.4416,0,rank_ok,,nurion
POSCAR_Cu2O2_6_z025,432,14,ok,0.1859,0.9869,15,0.9971,0.8118,0.0101,1,0.6872,0.6259,0,rank_ok,,nurion
POSCAR_Cu2O2_6_z050,533,14,ok,0.1827,0.9843,15,0.9956,0.7944,0.0113,1,0.6869,0.6117,0,rank_ok,,nurion
POSCAR_Cu2O2_6_z950,359,14,ok,0.3257,0.9975,16,0.9995,0.7069,0.0021,2,0.5776,0.4945,0,rank_ok,,nurion
POSCAR_Cu2O2_6_z975,259,14,ok,0.2586,0.9905,16,0.9974,1.0544,0.0070,2,0.6787,0.3680,0,rank_ok,,nurion
POSCAR_Cu2O4_1,494,23,ok,0.4732,0.9995,23,0.9995,0.4732,0.0000,0,0.4499,0.0782,0,rank_ok,,local
POSCAR_Cu2O4_1_st025,494,23,ok,0.4214,0.9999,23,0.9999,0.4214,0.0000,0,0.3639,0.0372,1,rank_ok,,tgm
POSCAR_Cu2O4_1_st050,260,21,ok,0.3561,0.9981,21,0.9981,0.3561,0.0000,0,0.2732,0.0676,0,rank_ok,,tgm
POSCAR_Cu2O4_1_st950,494,23,ok,0.5147,0.9932,21,0.9985,1.1212,0.0053,-2,0.6584,0.2788,0,rank_ok,,tgm
POSCAR_Cu2O4_1_st975,494,23,ok,0.5028,0.9970,23,0.9970,0.5028,0.0000,0,0.5493,0.1622,0,rank_ok,,tgm
POSCAR_Cu2O4_1_x025,494,23,ok,0.4821,0.9998,23,0.9998,0.4821,0.0000,0,0.4230,0.0336,1,rank_ok,,nurion
POSCAR_Cu2O4_1_x050,494,23,ok,0.4788,0.9999,23,0.9999,0.4788,0.0000,0,0.3970,0.0071,1,rank_ok,,nurion
POSCAR_Cu2O4_1_x950,493,23,ok,0.4509,0.9993,23,0.9993,0.4509,0.0000,0,0.4552,0.0987,0,rank_ok,,nurion
POSCAR_Cu2O4_1_x975,494,23,ok,0.4541,0.9989,23,0.9989,0.4541,0.0000,0,0.4780,0.1377,0,rank_ok,,nurion
POSCAR_Cu2O4_1_y025,494,23,ok,0.4982,0.9998,23,0.9998,0.4982,0.0000,0,0.4383,0.0594,0,rank_ok,,nurion
POSCAR_Cu2O4_1_y050,494,23,ok,0.4948,0.9982,22,0.9999,0.5788,0.0018,-1,0.4241,0.0840,0,rank_ok,,nurion
POSCAR_Cu2O4_1_y950,494,23,ok,0.3664,0.9987,23,0.9987,0.3664,0.0000,0,0.4651,0.1915,0,rank_ok,,nurion
POSCAR_Cu2O4_1_y975,494,23,ok,0.4256,0.9988,23,0.9988,0.4256,0.0000,0,0.4588,0.1293,0,rank_ok,,nurion
POSCAR_Cu2O4_1_z025,494,23,ok,0.3800,0.9996,23,0.9996,0.3800,0.0000,0,0.3962,0.1088,0,rank_ok,,nurion
POSCAR_Cu2O4_1_z050,272,21,ok,0.3314,0.9979,21,0.9979,0.3314,0.0000,0,0.2109,0.3823,0,rank_ok,,nurion
POSCAR_Cu2O4_1_z950,494,23,ok,0.6460,0.9993,22,0.9998,0.7054,0.0005,-1,0.5673,0.0594,0,rank_ok,,nurion
POSCAR_Cu2O4_1_z975,494,23,ok,0.5659,0.9997,23,0.9997,0.5659,0.0000,0,0.5069,0.0540,0,rank_ok,,nurion
POSCAR_F10Zr2_1,183,33,ok,0.1812,1.0000,31,1.0000,0.2552,0.0000,-2,0.0422,0.0248,1,rank_ok,,local
POSCAR_F4Fe2_2,283,21,ok,0.0128,1.0000,21,1.0000,0.0128,0.0000,0,0.3390,0.3343,0,rank_ok,,nurion
POSCAR_F4Fe2_2_st025,293,21,ok,0.0111,1.0000,21,1.0000,0.0111,0.0000,0,0.1969,0.1933,0,rank_ok,,nurion
POSCAR_F4Fe2_2_st950,282,21,ok,0.0163,1.0000,21,1.0000,0.0163,0.0000,0,0.4885,0.4809,0,rank_ok,,nurion
POSCAR_F4Fe2_2_st975,282,21,ok,0.0146,1.0000,21,1.0000,0.0146,0.0000,0,0.3927,0.3865,0,rank_ok,,nurion
POSCAR_F4Fe2_2_x025,293,21,ok,0.0130,1.0000,21,1.0000,0.0130,0.0000,0,0.2412,0.2372,0,rank_ok,,nurion
POSCAR_F4Fe2_2_x050,304,21,ok,0.0135,1.0000,21,1.0000,0.0135,0.0000,0,0.4056,0.4030,0,rank_ok,,nurion
POSCAR_F4Fe2_2_x950,282,21,ok,0.0151,1.0000,21,1.0000,0.0151,0.0000,0,0.3889,0.3817,0,rank_ok,,nurion
POSCAR_F4Fe2_2_x975,283,21,ok,0.0140,1.0000,21,1.0000,0.0140,0.0000,0,0.3603,0.3544,0,rank_ok,,nurion
POSCAR_F4Fe2_2_y025,293,21,ok,0.0127,1.0000,21,1.0000,0.0127,0.0000,0,0.2823,0.2773,0,rank_ok,,nurion
POSCAR_F4Fe2_2_y050,293,21,ok,0.0122,1.0000,21,1.0000,0.0122,0.0000,0,0.3590,0.3541,0,rank_ok,,nurion
POSCAR_F4Fe2_2_y950,283,21,ok,0.0146,1.0000,21,1.0000,0.0146,0.0000,0,0.4262,0.4226,0,rank_ok,,nurion
POSCAR_F4Fe2_2_y975,283,21,ok,0.0132,1.0000,21,1.0000,0.0132,0.0000,0,0.2750,0.2701,0,rank_ok,,nurion
POSCAR_F4Fe2_2_z025,283,21,ok,0.0126,1.0000,21,1.0000,0.0126,0.0000,0,0.2632,0.2588,0,rank_ok,,nurion
POSCAR_F4Fe2_2_z050,283,21,ok,0.0120,1.0000,21,1.0000,0.0120,0.0000,0,0.1974,0.1932,0,rank_ok,,nurion
POSCAR_F4Fe2_2_z950,293,21,ok,0.0139,1.0000,21,1.0000,0.0139,0.0000,0,0.4392,0.4342,0,rank_ok,,nurion
POSCAR_F4Fe2_2_z975,293,21,ok,0.0133,1.0000,21,1.0000,0.0133,0.0000,0,0.3164,0.3110,0,rank_ok,,nurion
POSCAR_F4Mn2_1,250,26,ok,0.2931,0.9848,25,0.9994,0.8788,0.0146,-1,0.2835,0.0371,1,rank_ok,,nurion
POSCAR_F4Mn2_1_st025,250,26,ok,0.3064,0.9795,24,0.9981,0.9288,0.0187,-2,0.2925,0.0174,1,rank_ok,,nurion
POSCAR_F4Mn2_1_st050,250,26,ok,0.3239,0.9820,24,0.9965,0.8254,0.0145,-2,0.3052,0.0006,1,rank_ok,,nurion
POSCAR_F4Mn2_1_st950,249,26,ok,0.3044,0.9949,25,0.9991,1.0679,0.0042,-1,0.4370,0.1024,0,rank_ok,,nurion
POSCAR_F4Mn2_1_st975,249,26,ok,0.2854,0.9949,25,0.9995,0.9458,0.0047,-1,0.4323,0.1244,0,rank_ok,,nurion
POSCAR_F4Mn2_1_x025,346,26,ok,0.2803,0.9784,24,0.9922,0.9883,0.0138,-2,0.2975,0.0079,1,rank_ok,,nurion
POSCAR_F4Mn2_1_x050,256,27,ok,0.2788,0.9924,25,0.9999,0.9560,0.0075,-2,0.5141,0.6405,0,rank_ok,,nurion
POSCAR_F4Mn2_1_x950,251,26,ok,0.3179,0.9903,25,0.9993,0.9231,0.0090,-1,0.2776,0.0153,1,rank_ok,,nurion
POSCAR_F4Mn2_1_x975,250,26,ok,0.3159,0.9898,25,0.9997,0.8736,0.0099,-1,0.3559,0.0584,0,rank_ok,,nurion
POSCAR_F4Mn2_1_y025,250,26,ok,0.3179,0.9885,25,0.9989,0.8216,0.0105,-1,0.3211,0.0195,1,rank_ok,,nurion
POSCAR_F4Mn2_1_y050,250,26,ok,0.3080,0.9879,24,0.9968,0.9386,0.0089,-2,0.3598,0.0730,0,rank_ok,,nurion
POSCAR_F4Mn2_1_y950,249,26,ok,0.2881,0.9939,25,0.9997,0.9578,0.0057,-1,0.3453,0.0328,1,rank_ok,,nurion
POSCAR_F4Mn2_1_y975,346,26,ok,0.2835,0.9914,25,0.9928,0.8048,0.0014,-1,0.3234,0.0258,1,rank_ok,,nurion
POSCAR_F4Mn2_1_z025,250,26,ok,0.3180,0.9888,25,0.9990,0.8216,0.0102,-1,0.3210,0.0193,1,rank_ok,,nurion
POSCAR_F4Mn2_1_z050,250,26,ok,0.3082,0.9878,24,0.9968,0.9385,0.0090,-2,0.3596,0.0728,0,rank_ok,,nurion
POSCAR_F4Mn2_1_z950,249,26,ok,0.2879,0.9940,25,0.9997,0.9579,0.0057,-1,0.3455,0.0329,1,rank_ok,,nurion
POSCAR_F4Mn2_1_z975,346,26,ok,0.2833,0.9916,25,0.9928,0.8048,0.0013,-1,0.3235,0.0260,1,rank_ok,,nurion
POSCAR_F4Ni2_1,168,18,ok,0.3337,0.9922,18,0.9922,0.3337,0.0000,0,0.5334,0.2097,0,rank_ok,,nurion
POSCAR_F4Ni2_1_st025,279,21,ok,0.3766,0.8999,22,0.9997,0.0407,0.0999,1,0.0024,0.0167,1,rank_ok,,nurion
POSCAR_F4Ni2_1_st050,214,21,ok,0.2965,0.9972,23,0.9999,0.4050,0.0027,2,0.0631,0.0264,1,rank_ok,,nurion
POSCAR_F4Ni2_1_st950,206,22,ok,0.3953,0.9281,21,0.9991,0.1984,0.0710,-1,0.0711,0.1095,0,rank_ok,,nurion
POSCAR_F4Ni2_1_st975,168,18,ok,0.3651,0.9980,18,0.9980,0.3651,0.0000,0,0.3467,0.3913,0,rank_ok,,nurion
POSCAR_F4Ni2_1_x025,326,17,ok,0.3076,0.8606,19,0.9911,1.0306,0.1305,2,0.0520,0.1257,0,A,rank_under,nurion
POSCAR_F4Ni2_1_x050,279,21,ok,0.3511,0.8918,19,0.9998,0.4679,0.1079,-2,0.1088,0.0232,1,A,rank_under,nurion
POSCAR_F4Ni2_1_x950,168,18,ok,0.3471,0.9972,17,0.9976,0.6622,0.0004,-1,0.4259,0.3151,0,rank_ok,,nurion
POSCAR_F4Ni2_1_x975,168,18,ok,0.3487,0.9955,18,0.9955,0.3487,0.0000,0,0.4917,0.3180,0,rank_ok,,nurion
POSCAR_F4Ni2_1_y025,168,18,ok,0.3221,0.9883,18,0.9883,0.3221,0.0000,0,0.4665,0.1568,0,rank_ok,,nurion
POSCAR_F4Ni2_1_y050,168,18,ok,0.3078,0.9812,18,0.9812,0.3078,0.0000,0,0.3907,0.0957,0,rank_ok,,nurion
POSCAR_F4Ni2_1_y950,168,18,ok,0.3500,0.9967,18,0.9967,0.3500,0.0000,0,0.4411,0.2958,0,rank_ok,,nurion
POSCAR_F4Ni2_1_y975,168,18,ok,0.3429,0.9948,18,0.9948,0.3429,0.0000,0,0.5016,0.2556,0,rank_ok,,nurion
POSCAR_F4Ni2_1_z025,168,18,ok,0.3221,0.9885,18,0.9885,0.3221,0.0000,0,0.4653,0.1566,0,rank_ok,,nurion
POSCAR_F4Ni2_1_z050,168,18,ok,0.3077,0.9810,18,0.9810,0.3077,0.0000,0,0.3894,0.0956,0,rank_ok,,nurion
POSCAR_F4Ni2_1_z950,168,18,ok,0.3499,0.9969,18,0.9969,0.3499,0.0000,0,0.4416,0.2961,0,rank_ok,,nurion
POSCAR_F4Ni2_1_z975,168,18,ok,0.3429,0.9948,18,0.9948,0.3429,0.0000,0,0.5018,0.2557,0,rank_ok,,nurion
POSCAR_F4Sc2_1,212,25,ok,0.1021,0.9992,25,0.9992,0.1021,0.0000,0,2.3732,2.2239,0,rank_ok,,local
POSCAR_F4Sc2_1_st950,211,26,ok,0.1515,0.9989,25,0.9998,0.6139,0.0009,-1,0.7487,0.4624,0,rank_ok,,tgm
POSCAR_F4Sc2_1_x050,267,26,ok,0.1324,0.9963,26,0.9963,0.1324,0.0000,0,0.7791,0.6438,0,rank_ok,,nurion
POSCAR_F4Sc2_1_y950,257,26,ok,0.1339,0.9989,25,0.9993,0.5804,0.0004,-1,0.4657,0.7143,0,rank_ok,,nurion
POSCAR_F4Sc2_1_z950,257,26,ok,0.1369,0.9988,25,0.9993,0.5767,0.0005,-1,0.4597,0.7136,0,rank_ok,,nurion
POSCAR_F4V2_1,203,25,ok,0.0591,0.9999,25,0.9999,0.0591,0.0000,0,0.1838,0.0920,0,rank_ok,,nurion
POSCAR_F4V2_1_st025,203,25,ok,0.0481,0.9998,25,0.9998,0.0481,0.0000,0,0.1436,0.0710,0,rank_ok,,nurion
POSCAR_F4V2_1_st050,203,25,ok,0.0398,0.9999,25,0.9999,0.0398,0.0000,0,0.1098,0.0516,0,rank_ok,,nurion
POSCAR_F4V2_1_st950,203,25,ok,0.0928,0.9997,25,0.9997,0.0928,0.0000,0,0.2895,0.1370,0,rank_ok,,nurion
POSCAR_F4V2_1_st975,203,25,ok,0.0737,0.9998,25,0.9998,0.0737,0.0000,0,0.2319,0.1141,0,rank_ok,,nurion
POSCAR_F4V2_1_x025,203,25,ok,0.0562,0.9999,25,0.9999,0.0562,0.0000,0,0.1427,0.0562,0,rank_ok,,nurion
POSCAR_F4V2_1_x050,203,25,ok,0.0540,0.9998,25,0.9998,0.0540,0.0000,0,0.1160,0.0345,1,rank_ok,,nurion
POSCAR_F4V2_1_x950,203,25,ok,0.0678,0.9998,25,0.9998,0.0678,0.0000,0,0.3234,0.2191,0,rank_ok,,nurion
POSCAR_F4V2_1_x975,203,25,ok,0.0628,0.9999,25,0.9999,0.0628,0.0000,0,0.2428,0.1451,0,rank_ok,,nurion
POSCAR_F4V2_1_y025,203,25,ok,0.0547,0.9999,25,0.9999,0.0547,0.0000,0,0.1871,0.1032,0,rank_ok,,nurion
POSCAR_F4V2_1_y050,203,25,ok,0.0509,0.9999,25,0.9999,0.0509,0.0000,0,0.1916,0.1148,0,rank_ok,,nurion
POSCAR_F4V2_1_y950,203,25,ok,0.0696,0.9997,25,0.9997,0.0696,0.0000,0,0.1812,0.0709,0,rank_ok,,nurion
POSCAR_F4V2_1_y975,203,25,ok,0.0640,0.9999,25,0.9999,0.0640,0.0000,0,0.1818,0.0812,0,rank_ok,,nurion
POSCAR_F4V2_1_z025,203,25,ok,0.0547,0.9999,25,0.9999,0.0547,0.0000,0,0.1873,0.1033,0,rank_ok,,nurion
POSCAR_F4V2_1_z050,203,25,ok,0.0509,0.9999,25,0.9999,0.0509,0.0000,0,0.1919,0.1151,0,rank_ok,,nurion
POSCAR_F4V2_1_z950,203,25,ok,0.0696,0.9997,25,0.9997,0.0696,0.0000,0,0.1808,0.0706,0,rank_ok,,nurion
POSCAR_F4V2_1_z975,203,25,ok,0.0640,0.9999,25,0.9999,0.0640,0.0000,0,0.1816,0.0811,0,rank_ok,,nurion
POSCAR_F4Y2_1,175,25,ok,0.0918,0.9969,26,0.9999,0.1957,0.0029,1,0.1268,0.2874,0,rank_ok,,nurion
POSCAR_F6Fe2_1,174,19,ok,0.2335,0.9986,19,0.9986,0.2335,0.0000,0,0.1395,0.1725,0,rank_ok,,nurion
POSCAR_F6Fe2_1_st025,17,22,ok,0.1878,1.0000,22,1.0000,0.1878,0.0000,0,0.0957,0.0608,0,rank_ok,,nurion
POSCAR_F6Fe2_1_st050,33,20,ok,0.1713,0.9995,21,0.9997,0.1817,0.0002,1,0.0666,0.0103,1,rank_ok,,nurion
POSCAR_F6Fe2_1_st950,74,24,ok,0.1488,0.9976,23,0.9999,0.0154,0.0023,-1,0.0335,0.0534,1,rank_ok,,nurion
POSCAR_F6Fe2_1_st975,23,19,ok,0.2361,0.9999,18,0.9999,0.3048,0.0000,-1,0.3385,0.1475,0,rank_ok,,nurion
POSCAR_F6Fe2_1_x025,17,19,ok,0.2335,0.9981,18,1.0000,0.3199,0.0019,-1,0.1377,0.0864,0,rank_ok,,nurion
POSCAR_F6Fe2_1_x975,188,19,ok,0.2835,0.9994,19,0.9994,0.2835,0.0000,0,0.1578,0.0959,0,rank_ok,,nurion
POSCAR_F6Fe2_1_y025,24,19,ok,0.2338,0.9981,17,0.9987,0.2495,0.0006,-2,0.0858,0.1383,0,rank_ok,,nurion
POSCAR_F6Fe2_1_y975,174,19,ok,0.2839,0.9994,19,0.9994,0.2839,0.0000,0,0.0958,0.1582,0,rank_ok,,nurion
POSCAR_F6Fe2_1_z025,174,19,ok,0.2173,0.9976,17,0.9989,0.2809,0.0013,-2,0.1462,0.1340,0,rank_ok,,nurion
POSCAR_F6Fe2_1_z050,173,23,ok,0.2187,0.9977,24,0.9999,0.0653,0.0022,1,0.0113,0.0844,1,rank_ok,,nurion
POSCAR_F6Fe2_1_z950,23,19,ok,0.2655,0.9998,17,1.0000,0.4152,0.0002,-2,0.1617,0.1191,0,rank_ok,,nurion
POSCAR_F6Fe2_1_z975,24,19,ok,0.2534,0.9996,19,0.9996,0.2534,0.0000,0,0.0916,0.1971,0,rank_ok,,nurion
POSCAR_F6Fe2_2,73,23,ok,0.0978,0.9997,24,0.9998,0.0743,0.0001,1,0.0520,0.0783,0,rank_ok,,nurion
POSCAR_F6Fe2_2_st025,128,23,ok,0.0915,0.9999,24,1.0000,0.1102,0.0001,1,0.0238,0.0187,1,rank_ok,,nurion
POSCAR_F6Fe2_2_st050,143,21,ok,0.0915,0.9997,23,1.0000,0.4576,0.0002,2,0.0386,0.1830,1,rank_ok,,nurion
POSCAR_F6Fe2_2_st950,121,28,ok,0.0842,0.9991,29,1.0000,0.1220,0.0009,1,0.1140,0.2062,0,rank_ok,,nurion
POSCAR_F6Fe2_2_st975,73,23,ok,0.0896,0.9980,24,1.0000,0.0773,0.0019,1,0.0431,0.0874,1,rank_ok,,nurion
POSCAR_F6Fe2_2_x025,186,21,ok,0.1435,0.9996,20,0.9999,0.1060,0.0004,-1,0.0430,0.2495,1,rank_ok,,nurion
POSCAR_F6Fe2_2_x975,221,21,ok,0.1118,0.9968,19,0.9998,0.2908,0.0030,-2,0.2578,0.0915,0,rank_ok,,nurion
POSCAR_F6Fe2_2_y975,186,21,ok,0.1110,0.9968,19,0.9991,0.2282,0.0023,-2,0.0923,0.2586,0,rank_ok,,nurion
POSCAR_F6Fe2_2_z025,215,27,ok,0.1009,1.0000,27,1.0000,0.1009,0.0000,0,0.0778,0.2029,0,rank_ok,,nurion
POSCAR_F6Fe2_2_z050,215,27,ok,0.1061,0.9993,25,0.9997,0.7105,0.0004,-2,0.0830,0.2255,0,rank_ok,,nurion
POSCAR_F6Fe2_2_z950,130,22,ok,0.1076,0.9999,24,1.0000,0.3209,0.0001,2,0.1283,0.1784,0,rank_ok,,nurion
POSCAR_F6Fe2_2_z975,81,21,ok,0.1268,1.0000,21,1.0000,0.1268,0.0000,0,0.0317,0.2078,1,rank_ok,,nurion
POSCAR_F6Mn2_1,76,34,ok,0.3519,0.9930,34,0.9930,0.3519,0.0000,0,0.2925,0.6870,0,rank_ok,,nurion
POSCAR_F6Mn2_1_st025,76,34,ok,0.2827,1.0000,34,1.0000,0.2827,0.0000,0,0.1371,0.4564,0,rank_ok,,nurion
POSCAR_F6Mn2_1_st050,204,25,ok,0.1984,1.0000,25,1.0000,0.1984,0.0000,0,0.0983,0.0667,0,rank_ok,,nurion
POSCAR_F6Mn2_1_st950,76,34,ok,0.4692,0.9800,35,0.9852,2.9358,0.0052,1,0.6972,1.2093,0,rank_ok,,nurion
POSCAR_F6Mn2_1_st975,76,34,ok,0.4103,0.9847,34,0.9847,0.4103,0.0000,0,0.4889,0.9436,0,rank_ok,,nurion
POSCAR_F6Mn2_4,247,34,ok,0.3092,0.9981,34,0.9981,0.3092,0.0000,0,0.6851,0.3462,0,rank_ok,,nurion
POSCAR_F6Mn2_4_st025,247,34,ok,0.2812,0.9993,34,0.9993,0.2812,0.0000,0,0.4677,0.1678,0,rank_ok,,nurion
POSCAR_F6Mn2_4_st050,246,34,ok,0.2272,0.9986,34,0.9986,0.2272,0.0000,0,0.2972,0.0983,0,rank_ok,,nurion
POSCAR_F6Mn2_4_st950,238,34,ok,0.3474,0.9967,34,0.9967,0.3474,0.0000,0,1.2494,0.8504,0,rank_ok,,nurion
POSCAR_F6Mn2_4_st975,238,34,ok,0.3243,0.9983,34,0.9983,0.3243,0.0000,0,0.9842,0.6118,0,rank_ok,,nurion
POSCAR_F6Mn2_4_x025,247,34,ok,0.2840,0.9995,34,0.9995,0.2840,0.0000,0,0.6116,0.2936,0,rank_ok,,nurion
POSCAR_F6Mn2_4_x050,98,25,ok,0.2871,0.9990,24,0.9998,0.3298,0.0008,-1,0.1211,0.0427,1,rank_ok,,nurion
POSCAR_F6Mn2_4_x950,247,34,ok,0.3553,0.9944,34,0.9944,0.3553,0.0000,0,0.8307,0.4527,0,rank_ok,,nurion
POSCAR_F6Mn2_4_x975,247,34,ok,0.3327,0.9962,34,0.9962,0.3327,0.0000,0,0.7581,0.3997,0,rank_ok,,nurion
POSCAR_F6Mn2_4_y025,247,34,ok,0.3110,0.9993,34,0.9993,0.3110,0.0000,0,0.5920,0.2647,0,rank_ok,,nurion
POSCAR_F6Mn2_4_y050,247,34,ok,0.3036,0.9999,34,0.9999,0.3036,0.0000,0,0.4803,0.1717,0,rank_ok,,nurion
POSCAR_F6Mn2_4_y950,319,34,ok,0.2962,0.9973,34,0.9973,0.2962,0.0000,0,0.8095,0.4870,0,rank_ok,,nurion
POSCAR_F6Mn2_4_y975,319,34,ok,0.3040,0.9974,34,0.9974,0.3040,0.0000,0,0.7544,0.4199,0,rank_ok,,nurion
POSCAR_F6Mn2_4_z025,319,34,ok,0.3108,0.9993,34,0.9993,0.3108,0.0000,0,0.5920,0.2647,0,rank_ok,,nurion
POSCAR_F6Mn2_4_z050,319,34,ok,0.3032,0.9998,34,0.9998,0.3032,0.0000,0,0.4802,0.1716,0,rank_ok,,nurion
POSCAR_F6Mn2_4_z950,247,34,ok,0.2967,0.9970,34,0.9970,0.2967,0.0000,0,0.8096,0.4870,0,rank_ok,,nurion
POSCAR_F6Mn2_4_z975,247,34,ok,0.3043,0.9976,34,0.9976,0.3043,0.0000,0,0.7544,0.4199,0,rank_ok,,nurion
POSCAR_F6Mn2_5,163,34,ok,0.3044,0.9907,34,0.9907,0.3044,0.0000,0,0.6309,0.8639,0,rank_ok,,nurion
POSCAR_F6Mn2_5_st025,163,34,ok,0.2517,0.9981,34,0.9981,0.2517,0.0000,0,0.3193,0.5299,0,rank_ok,,nurion
POSCAR_F6Mn2_5_st050,162,23,ok,0.1833,0.9957,25,0.9998,0.5731,0.0041,2,0.1657,0.0716,0,rank_ok,,nurion
POSCAR_F6Mn2_5_st950,164,34,ok,0.3917,0.9842,35,0.9902,2.8741,0.0060,1,0.9769,1.3632,0,rank_ok,,nurion
POSCAR_F6Mn2_5_st975,164,34,ok,0.3486,0.9868,34,0.9868,0.3486,0.0000,0,0.7402,1.0735,0,rank_ok,,nurion
POSCAR_F6Mn2_5_x025,163,34,ok,0.3006,0.9910,34,0.9910,0.3006,0.0000,0,0.4981,0.7696,0,rank_ok,,nurion
POSCAR_F6Mn2_5_x050,162,28,ok,0.4158,0.9698,30,0.9971,0.3354,0.0273,2,0.0513,0.0656,0,rank_ok,,nurion
POSCAR_F6Mn2_5_x950,164,34,ok,0.3130,0.9919,34,0.9919,0.3130,0.0000,0,0.5655,0.8566,0,rank_ok,,nurion
POSCAR_F6Mn2_5_x975,164,34,ok,0.3094,0.9928,34,0.9928,0.3094,0.0000,0,0.5391,0.8237,0,rank_ok,,nurion
POSCAR_F6Mn2_5_y025,163,34,ok,0.2874,0.9943,34,0.9943,0.2874,0.0000,0,0.4861,0.6991,0,rank_ok,,nurion
POSCAR_F6Mn2_5_y050,163,34,ok,0.2673,0.9978,34,0.9978,0.2673,0.0000,0,0.3503,0.5432,0,rank_ok,,nurion
POSCAR_F6Mn2_5_y950,163,34,ok,0.3351,0.9886,34,0.9886,0.3351,0.0000,0,0.8475,1.2023,0,rank_ok,,nurion
POSCAR_F6Mn2_5_y975,163,34,ok,0.3199,0.9895,34,0.9895,0.3199,0.0000,0,0.7426,1.0333,0,rank_ok,,nurion
POSCAR_F6Mn2_5_z025,163,34,ok,0.2738,0.9961,34,0.9961,0.2738,0.0000,0,0.5658,0.7760,0,rank_ok,,nurion
POSCAR_F6Mn2_5_z050,163,34,ok,0.2373,0.9992,34,0.9992,0.2373,0.0000,0,0.4981,0.6790,0,rank_ok,,nurion
POSCAR_F6Mn2_5_z950,163,34,ok,0.3531,0.9837,35,0.9885,2.9838,0.0049,1,0.6762,0.9822,0,rank_ok,,nurion
POSCAR_F6Mn2_5_z975,163,34,ok,0.3303,0.9871,34,0.9871,0.3303,0.0000,0,0.6602,0.9338,0,rank_ok,,nurion
POSCAR_F6Mo2_2,194,34,ok,0.0521,0.9995,35,0.9996,0.0672,0.0002,1,0.0470,0.0151,1,rank_ok,,nurion
POSCAR_F6Mo2_2_st025,120,34,ok,0.0488,0.9993,35,0.9995,0.0700,0.0002,1,0.0532,0.0212,1,rank_ok,,nurion
POSCAR_F6Mo2_2_st050,120,34,ok,0.0486,0.9991,35,0.9993,0.0743,0.0002,1,0.0496,0.0257,1,rank_ok,,nurion
POSCAR_F6Mo2_2_st950,53,34,ok,0.0586,0.9997,34,0.9997,0.0586,0.0000,0,0.0689,0.0477,1,rank_ok,,nurion
POSCAR_F6Mo2_2_st975,194,34,ok,0.0569,0.9993,35,0.9998,0.0649,0.0005,1,0.0529,0.0079,1,rank_ok,,nurion
POSCAR_F6Mo2_2_x025,94,33,ok,0.0823,0.9995,34,0.9997,0.0886,0.0002,1,0.1532,0.0063,1,rank_ok,,nurion
POSCAR_F6Mo2_2_x975,201,34,ok,0.0802,0.9992,34,0.9992,0.0802,0.0000,0,0.0472,0.0597,1,rank_ok,,nurion
POSCAR_F6Mo2_2_y025,140,33,ok,0.0652,0.9997,33,0.9997,0.0652,0.0000,0,0.0084,0.1192,1,rank_ok,,nurion
POSCAR_F6Mo2_2_y975,183,34,ok,0.0877,0.9989,33,1.0000,0.0445,0.0011,-1,0.0135,0.0379,1,rank_ok,,nurion
POSCAR_F6Mo2_2_z025,53,34,ok,0.0541,0.9995,34,0.9995,0.0541,0.0000,0,0.0495,0.0696,1,rank_ok,,nurion
POSCAR_F6Mo2_2_z050,218,33,ok,0.0620,0.9996,33,0.9996,0.0620,0.0000,0,0.1375,0.0190,1,rank_ok,,nurion
POSCAR_F6Mo2_2_z950,63,33,ok,0.0678,0.9999,33,0.9999,0.0678,0.0000,0,0.0165,0.1377,1,rank_ok,,nurion
POSCAR_F6Mo2_2_z975,65,34,ok,0.0588,0.9998,34,0.9998,0.0588,0.0000,0,0.0011,0.0417,1,rank_ok,,nurion
POSCAR_F6Mo2_3,209,33,ok,0.0949,0.9984,34,1.0000,0.0121,0.0016,1,0.0137,0.0828,1,rank_ok,,nurion
POSCAR_F6Mo2_3_st025,144,34,ok,0.0864,0.9991,35,1.0000,0.0089,0.0009,1,0.0203,0.0529,1,rank_ok,,nurion
POSCAR_F6Mo2_3_st050,144,34,ok,0.0819,0.9990,35,1.0000,0.0018,0.0010,1,0.0246,0.0516,1,rank_ok,,nurion
POSCAR_F6Mo2_3_st950,216,33,ok,0.1375,0.9977,34,0.9999,0.0126,0.0022,1,0.0034,0.1248,1,rank_ok,,nurion
POSCAR_F6Mo2_3_st975,209,33,ok,0.1130,0.9980,34,1.0000,0.0128,0.0020,1,0.0086,0.1002,1,rank_ok,,nurion
POSCAR_F6Mo2_3_x025,137,34,ok,0.0901,0.9990,35,0.9999,0.0119,0.0009,1,0.0349,0.0400,1,rank_ok,,nurion
POSCAR_F6Mo2_3_x050,137,34,ok,0.0864,0.9986,35,0.9998,0.0257,0.0013,1,0.0526,0.0457,1,rank_ok,,nurion
POSCAR_F6Mo2_3_x950,151,34,ok,0.0910,0.9990,35,0.9999,0.0240,0.0010,1,0.0561,0.0629,0,rank_ok,,nurion
POSCAR_F6Mo2_3_x975,152,34,ok,0.0944,0.9994,35,1.0000,0.0158,0.0006,1,0.0270,0.0572,1,rank_ok,,nurion
POSCAR_F6Mo2_3_y025,151,34,ok,0.0898,0.9990,35,0.9999,0.0117,0.0009,1,0.0349,0.0403,1,rank_ok,,nurion
POSCAR_F6Mo2_3_y050,151,34,ok,0.0864,0.9988,35,0.9998,0.0255,0.0010,1,0.0525,0.0454,1,rank_ok,,nurion
POSCAR_F6Mo2_3_y950,137,34,ok,0.0911,0.9988,35,0.9999,0.0241,0.0011,1,0.0562,0.0631,0,rank_ok,,nurion
POSCAR_F6Mo2_3_y975,145,34,ok,0.0945,0.9993,35,1.0000,0.0158,0.0006,1,0.0270,0.0573,1,rank_ok,,nurion
POSCAR_F6Mo2_3_z025,209,33,ok,0.0898,0.9982,34,1.0000,0.0111,0.0018,1,0.0159,0.0787,1,rank_ok,,nurion
POSCAR_F6Mo2_3_z050,144,34,ok,0.0852,0.9993,35,1.0000,0.0041,0.0006,1,0.0364,0.0578,1,rank_ok,,nurion
POSCAR_F6Mo2_3_z950,209,33,ok,0.1057,0.9981,34,1.0000,0.0138,0.0019,1,0.0090,0.0919,1,rank_ok,,nurion
POSCAR_F6Mo2_3_z975,209,33,ok,0.1003,0.9984,34,1.0000,0.0130,0.0016,1,0.0114,0.0873,1,rank_ok,,nurion
POSCAR_F6Nb2_1,5,33,ok,0.2608,0.9934,34,0.9998,0.0980,0.0064,1,0.1108,0.3589,0,rank_ok,,nurion
POSCAR_F6Nb2_1_st025,5,33,ok,0.2431,0.9931,34,0.9997,0.1192,0.0066,1,0.1128,0.3623,0,rank_ok,,nurion
POSCAR_F6Nb2_1_st050,5,33,ok,0.2177,0.9929,34,0.9997,0.1223,0.0068,1,0.1146,0.3400,0,rank_ok,,nurion
POSCAR_F6Pd2_1,22,25,ok,0.2224,0.9041,27,0.9991,0.3382,0.0950,2,0.0558,0.1101,0,rank_ok,,nurion
POSCAR_F6Pd2_1_st025,197,25,ok,0.2027,0.9970,24,0.9990,0.2277,0.0020,-1,0.0490,0.0250,1,rank_ok,,nurion
POSCAR_F6Pd2_1_st050,96,19,ok,0.4600,0.8405,17,0.9431,0.7941,0.1026,-2,0.4665,0.0734,0,A,rank_under,nurion
POSCAR_F6Pd2_1_st950,131,31,ok,0.2290,0.9955,31,0.9955,0.2290,0.0000,0,0.9878,0.7237,0,rank_ok,,nurion
POSCAR_F6Pd2_1_st975,159,26,ok,0.2974,0.8882,25,0.9995,0.0157,0.1113,-1,0.0414,0.1512,1,A,rank_over,nurion
POSCAR_F6Pd2_2,274,31,ok,0.4572,0.9976,31,0.9976,0.4572,0.0000,0,0.2853,0.7860,0,rank_ok,,nurion
POSCAR_F6Pd2_2_st025,274,31,ok,0.3703,0.9940,31,0.9940,0.3703,0.0000,0,0.1962,0.6031,0,rank_ok,,nurion
POSCAR_F6Pd2_2_st050,306,21,ok,0.3000,0.9992,19,0.9994,0.4648,0.0002,-2,0.0925,0.0543,0,rank_ok,,nurion
POSCAR_F6Pd2_2_st950,274,31,ok,0.6398,0.9998,31,0.9998,0.6398,0.0000,0,0.4847,1.0779,0,rank_ok,,nurion
POSCAR_F6Pd2_2_st975,274,31,ok,0.5473,0.9997,31,0.9997,0.5473,0.0000,0,0.3815,0.9686,0,rank_ok,,nurion
POSCAR_F6Pd2_2_x025,274,31,ok,0.4394,0.9966,31,0.9966,0.4394,0.0000,0,0.2559,0.7394,0,rank_ok,,nurion
POSCAR_F6Pd2_2_x050,274,31,ok,0.4173,0.9945,31,0.9945,0.4173,0.0000,0,0.2320,0.6920,0,rank_ok,,nurion
POSCAR_F6Pd2_2_x950,274,31,ok,0.4814,0.9991,31,0.9991,0.4814,0.0000,0,0.3566,0.8774,0,rank_ok,,nurion
POSCAR_F6Pd2_2_x975,274,31,ok,0.4711,0.9986,31,0.9986,0.4711,0.0000,0,0.3192,0.8321,0,rank_ok,,nurion
POSCAR_F6Pd2_2_y025,274,31,ok,0.4147,0.9981,31,0.9981,0.4147,0.0000,0,0.3066,0.7608,0,rank_ok,,nurion
POSCAR_F6Pd2_2_y050,274,31,ok,0.3696,0.9980,31,0.9980,0.3696,0.0000,0,0.3228,0.7235,0,rank_ok,,nurion
POSCAR_F6Pd2_2_y950,274,31,ok,0.5351,0.9960,30,0.9993,0.2738,0.0033,-1,0.2353,0.8089,0,rank_ok,,nurion
POSCAR_F6Pd2_2_y975,274,31,ok,0.4976,0.9973,30,0.9982,0.3034,0.0010,-1,0.2605,0.8010,0,rank_ok,,nurion
POSCAR_F6Pd2_2_z025,274,31,ok,0.4254,0.9945,31,0.9945,0.4254,0.0000,0,0.2056,0.6736,0,rank_ok,,nurion
POSCAR_F6Pd2_2_z050,274,31,ok,0.3926,0.9908,30,0.9948,0.1754,0.0041,-1,0.1361,0.5680,0,rank_ok,,nurion
POSCAR_F6Pd2_2_z950,274,31,ok,0.5142,0.9999,31,0.9999,0.5142,0.0000,0,0.4714,0.9283,0,rank_ok,,nurion
POSCAR_F6Pd2_2_z975,274,31,ok,0.4879,0.9994,31,0.9994,0.4879,0.0000,0,0.3741,0.9038,0,rank_ok,,nurion
POSCAR_F6Ru2_1,152,31,ok,0.1114,0.9991,33,0.9998,0.3743,0.0007,2,0.2441,0.0411,1,rank_ok,,local
POSCAR_F6Ru2_1_st025,140,31,ok,0.1305,0.9997,31,0.9997,0.1305,0.0000,0,0.1511,0.0987,0,rank_ok,,tgm
POSCAR_F6Ru2_1_st050,188,25,ok,0.1296,0.9985,25,0.9985,0.1296,0.0000,0,0.0509,0.0662,0,rank_ok,,tgm
POSCAR_F6Ru2_1_st950,84,35,ok,0.0293,0.9998,35,0.9998,0.0293,0.0000,0,0.3322,0.3030,0,rank_ok,,tgm
POSCAR_F6Ru2_1_st975,114,35,ok,0.0275,1.0000,35,1.0000,0.0275,0.0000,0,0.3784,0.4208,0,rank_ok,,tgm
POSCAR_F6Ru2_1_x025,21,34,ok,0.1617,1.0000,34,1.0000,0.1617,0.0000,0,0.1879,0.4920,0,rank_ok,,nurion
POSCAR_F6Ru2_1_y025,12,34,ok,0.1627,1.0000,34,1.0000,0.1627,0.0000,0,0.4929,0.1867,0,rank_ok,,nurion
POSCAR_F6Ru2_1_z025,140,31,ok,0.1877,0.9986,31,0.9986,0.1877,0.0000,0,0.1540,0.0737,0,rank_ok,,nurion
POSCAR_F6Ru2_1_z050,140,31,ok,0.2056,0.9971,29,0.9974,0.2662,0.0003,-2,0.0702,0.0371,1,rank_ok,,nurion
POSCAR_F6Ru2_1_z950,105,34,ok,0.1439,0.9999,34,0.9999,0.1439,0.0000,0,0.0993,0.3851,0,rank_ok,,nurion
POSCAR_F6Ru2_1_z975,9,33,ok,0.1321,0.9971,32,1.0000,0.1699,0.0029,-1,0.0733,0.3020,0,rank_ok,,nurion
POSCAR_F6Ru2_2,185,35,ok,0.2976,0.9988,35,0.9988,0.2976,0.0000,0,0.2701,0.2850,0,rank_ok,,local
POSCAR_F6Ru2_2_st025,129,34,ok,0.2724,0.9955,34,0.9955,0.2724,0.0000,0,0.2661,0.2485,0,rank_ok,,tgm
POSCAR_F6Ru2_2_st050,193,34,ok,0.2570,0.9987,34,0.9987,0.2570,0.0000,0,0.2699,0.2186,0,rank_ok,,tgm
POSCAR_F6Ru2_2_st950,185,35,ok,0.3672,0.9947,34,0.9976,0.0149,0.0029,-1,0.3298,0.3821,0,rank_ok,,tgm
POSCAR_F6Ru2_2_st975,185,35,ok,0.3338,0.9966,34,0.9970,0.0059,0.0005,-1,0.2901,0.3279,0,rank_ok,,tgm
POSCAR_F6Ru2_2_x025,185,35,ok,0.2760,0.9992,35,0.9992,0.2760,0.0000,0,0.2715,0.2755,0,rank_ok,,nurion
POSCAR_F6Ru2_2_x050,193,34,ok,0.2618,0.9958,34,0.9958,0.2618,0.0000,0,0.2743,0.2647,0,rank_ok,,nurion
POSCAR_F6Ru2_2_x950,185,35,ok,0.3393,0.9968,34,0.9976,0.0320,0.0008,-1,0.2714,0.3073,0,rank_ok,,nurion
POSCAR_F6Ru2_2_x975,185,35,ok,0.3186,0.9981,35,0.9981,0.3186,0.0000,0,0.2702,0.2957,0,rank_ok,,nurion
POSCAR_F6Ru2_2_y025,185,35,ok,0.3014,0.9990,35,0.9990,0.3014,0.0000,0,0.2898,0.3218,0,rank_ok,,nurion
POSCAR_F6Ru2_2_y050,185,35,ok,0.3035,0.9990,34,0.9993,0.0800,0.0002,-1,0.3367,0.3835,0,rank_ok,,nurion
POSCAR_F6Ru2_2_y950,129,35,ok,0.3410,0.9968,34,0.9989,0.1274,0.0021,-1,0.3836,0.4684,0,rank_ok,,nurion
POSCAR_F6Ru2_2_y975,129,35,ok,0.3187,0.9981,35,0.9981,0.3187,0.0000,0,0.3051,0.3537,0,rank_ok,,nurion
POSCAR_F6Ru2_2_z025,129,35,ok,0.2997,0.9990,35,0.9990,0.2997,0.0000,0,0.2901,0.3189,0,rank_ok,,nurion
POSCAR_F6Ru2_2_z050,129,35,ok,0.3014,0.9988,34,0.9993,0.0784,0.0005,-1,0.3371,0.3798,0,rank_ok,,nurion
POSCAR_F6Ru2_2_z950,185,35,ok,0.3432,0.9969,34,0.9989,0.1293,0.0020,-1,0.3835,0.4725,0,rank_ok,,nurion
POSCAR_F6Ru2_2_z975,185,35,ok,0.3205,0.9981,35,0.9981,0.3205,0.0000,0,0.3050,0.3569,0,rank_ok,,nurion
POSCAR_F6Ti2_3,175,33,ok,0.0534,0.9998,33,0.9998,0.0534,0.0000,0,2.4163,2.3673,0,rank_ok,,local
POSCAR_F6Ti2_3_st025,175,33,ok,0.0446,0.9998,33,0.9998,0.0446,0.0000,0,2.4411,2.3993,0,rank_ok,,tgm
POSCAR_F6Ti2_3_st050,175,33,ok,0.0381,0.9998,33,0.9998,0.0381,0.0000,0,2.4575,2.4203,0,rank_ok,,tgm
POSCAR_F6Ti2_3_st950,170,33,ok,0.0815,0.9996,33,0.9996,0.0815,0.0000,0,2.2630,2.3415,0,rank_ok,,tgm
POSCAR_F6Ti2_3_st975,175,33,ok,0.0652,0.9997,33,0.9997,0.0652,0.0000,0,2.3826,2.3226,0,rank_ok,,tgm
POSCAR_F6Ti2_3_x025,175,33,ok,0.0519,0.9998,33,0.9998,0.0519,0.0000,0,2.4270,2.3768,0,rank_ok,,nurion
POSCAR_F6Ti2_3_x050,175,33,ok,0.0504,0.9998,33,0.9998,0.0504,0.0000,0,2.4388,2.3874,0,rank_ok,,nurion
POSCAR_F6Ti2_3_x950,170,33,ok,0.0564,0.9997,33,0.9997,0.0564,0.0000,0,2.3534,2.4026,0,rank_ok,,nurion
POSCAR_F6Ti2_3_x975,170,33,ok,0.0548,0.9997,33,0.9997,0.0548,0.0000,0,2.3581,2.4077,0,rank_ok,,nurion
POSCAR_F6Ti2_3_y025,170,33,ok,0.0504,0.9997,33,0.9997,0.0504,0.0000,0,2.3500,2.3945,0,rank_ok,,nurion
POSCAR_F6Ti2_3_y050,170,33,ok,0.0472,0.9998,33,0.9998,0.0472,0.0000,0,2.3279,2.3640,0,rank_ok,,nurion
POSCAR_F6Ti2_3_y950,175,33,ok,0.0613,0.9998,33,0.9998,0.0613,0.0000,0,2.4596,2.3983,0,rank_ok,,nurion
POSCAR_F6Ti2_3_y975,175,33,ok,0.0572,0.9997,33,0.9997,0.0572,0.0000,0,2.4378,2.3827,0,rank_ok,,nurion
POSCAR_F6Ti2_3_z025,175,33,ok,0.0484,0.9997,33,0.9997,0.0484,0.0000,0,2.4551,2.4104,0,rank_ok,,nurion
POSCAR_F6Ti2_3_z050,175,33,ok,0.0438,0.9998,33,0.9998,0.0438,0.0000,0,2.4916,2.4516,0,rank_ok,,nurion
POSCAR_F6Ti2_3_z950,170,33,ok,0.0624,0.9998,33,0.9998,0.0624,0.0000,0,2.2667,2.3196,0,rank_ok,,nurion
POSCAR_F6Ti2_3_z975,170,33,ok,0.0588,0.9996,33,0.9996,0.0588,0.0000,0,2.3195,2.3737,0,rank_ok,,nurion
POSCAR_F6Ti2_4,5,33,ok,0.0532,0.9998,33,0.9998,0.0532,0.0000,0,2.5013,2.4264,0,rank_ok,,local
POSCAR_F6Ti2_4_st025,5,33,ok,0.0437,0.9998,33,0.9998,0.0437,0.0000,0,2.5023,2.4424,0,rank_ok,,tgm
POSCAR_F6Ti2_4_st050,5,33,ok,0.0367,0.9999,33,0.9999,0.0367,0.0000,0,2.5003,2.4515,0,rank_ok,,tgm
POSCAR_F6Ti2_4_st950,5,33,ok,0.0829,0.9998,35,1.0000,2.5653,0.0002,2,2.4918,2.3692,0,rank_ok,,tgm
POSCAR_F6Ti2_4_st975,5,33,ok,0.0658,0.9998,35,0.9999,2.5654,0.0001,2,2.4977,2.4027,0,rank_ok,,tgm
POSCAR_F6Ti2_4_z025,5,33,ok,0.0608,0.9998,33,0.9998,0.0608,0.0000,0,2.5153,2.4267,0,rank_ok,,nurion
POSCAR_F6Ti2_4_z050,5,33,ok,0.0650,0.9997,35,0.9998,2.6165,0.0002,2,2.5264,2.4306,0,rank_ok,,nurion
POSCAR_F6Ti2_4_z950,231,33,ok,0.0457,0.9999,33,0.9999,0.0457,0.0000,0,2.2676,2.2154,0,rank_ok,,nurion
POSCAR_F6Ti2_4_z975,231,33,ok,0.0450,1.0000,33,1.0000,0.0450,0.0000,0,2.3075,2.2640,0,rank_ok,,nurion
POSCAR_F6Ti2_6,199,33,ok,0.0115,1.0000,33,1.0000,0.0115,0.0000,0,2.3174,2.2698,0,rank_ok,,local
POSCAR_F6Ti2_6_st950,199,33,ok,0.0294,1.0000,33,1.0000,0.0294,0.0000,0,2.2621,2.1658,0,rank_ok,,tgm
POSCAR_F6Ti2_6_st975,199,33,ok,0.0189,1.0000,33,1.0000,0.0189,0.0000,0,2.2899,2.2214,0,rank_ok,,tgm
POSCAR_F6Ti2_6_z025,222,33,ok,0.0185,0.9999,33,0.9999,0.0185,0.0000,0,2.3688,2.3878,0,rank_ok,,nurion
POSCAR_F6V2_1,226,33,ok,0.0628,0.9992,33,0.9992,0.0628,0.0000,0,0.1380,0.0263,1,rank_ok,,nurion
POSCAR_F6V2_1_st025,226,33,ok,0.0645,0.9993,33,0.9993,0.0645,0.0000,0,0.1307,0.0164,1,rank_ok,,nurion
POSCAR_F6V2_1_st050,52,26,ok,0.1063,0.9998,24,1.0000,0.3167,0.0002,-2,0.0573,0.0868,0,rank_ok,,nurion
POSCAR_F6V2_1_st975,233,33,ok,0.0666,0.9997,33,0.9997,0.0666,0.0000,0,0.1285,0.0044,1,rank_ok,,nurion
POSCAR_F6V2_1_z025,226,33,ok,0.0754,0.9989,33,0.9989,0.0754,0.0000,0,0.1414,0.0152,1,rank_ok,,nurion
POSCAR_F6V2_1_z050,234,33,ok,0.0851,0.9985,33,0.9985,0.0851,0.0000,0,0.1879,0.0639,0,rank_ok,,nurion
POSCAR_F6V2_1_z950,16,33,ok,0.0589,0.9996,33,0.9996,0.0589,0.0000,0,0.1177,0.0116,1,rank_ok,,nurion
POSCAR_F6V2_1_z975,10,33,ok,0.0651,0.9995,33,0.9995,0.0651,0.0000,0,0.1428,0.0326,1,rank_ok,,nurion
POSCAR_F6V2_2,237,33,ok,0.0836,0.9951,34,0.9996,0.0279,0.0045,1,0.0163,0.0557,1,rank_ok,,nurion
POSCAR_F6V2_2_st025,234,30,ok,0.1284,0.9989,32,1.0000,0.1333,0.0010,2,0.1308,0.0416,1,rank_ok,,nurion
POSCAR_F6V2_2_st050,236,26,ok,0.1467,0.9997,27,1.0000,0.1488,0.0002,1,0.0565,0.0021,1,rank_ok,,nurion
POSCAR_F6V2_2_st950,238,34,ok,0.1004,0.9998,34,0.9998,0.1004,0.0000,0,0.0750,0.0294,1,rank_ok,,nurion
POSCAR_F6V2_2_st975,237,33,ok,0.0879,0.9964,34,0.9998,0.0264,0.0034,1,0.0202,0.0615,1,rank_ok,,nurion
POSCAR_F6V2_2_x025,237,33,ok,0.0835,0.9945,34,0.9996,0.0265,0.0052,1,0.0133,0.0570,1,rank_ok,,nurion
POSCAR_F6V2_2_x050,234,30,ok,0.1330,0.9991,32,1.0000,0.1180,0.0008,2,0.0835,0.0713,0,rank_ok,,nurion
POSCAR_F6V2_2_x950,238,34,ok,0.0888,0.9998,34,0.9998,0.0888,0.0000,0,0.0565,0.0228,1,rank_ok,,nurion
POSCAR_F6V2_2_x975,237,33,ok,0.0847,0.9954,34,0.9996,0.0296,0.0042,1,0.0187,0.0551,1,rank_ok,,nurion
POSCAR_F6V2_2_y025,237,33,ok,0.0760,0.9951,34,0.9995,0.0116,0.0045,1,0.0404,0.0644,1,rank_ok,,nurion
POSCAR_F6V2_2_y950,319,33,ok,0.0805,0.9983,34,0.9995,0.1184,0.0012,1,0.1479,0.1989,0,rank_ok,,nurion
POSCAR_F6V2_2_y975,237,33,ok,0.0767,0.9966,34,0.9998,0.0087,0.0031,1,0.0412,0.0680,1,rank_ok,,nurion
POSCAR_F6V2_2_z025,237,33,ok,0.0764,0.9950,34,0.9996,0.0125,0.0046,1,0.0394,0.0639,1,rank_ok,,nurion
POSCAR_F6V2_2_z975,237,33,ok,0.0762,0.9962,34,0.9996,0.0069,0.0034,1,0.0431,0.0692,1,rank_ok,,nurion
POSCAR_F6Zr2_2,19,33,ok,0.0527,0.9995,33,0.9995,0.0527,0.0000,0,2.1110,2.1503,0,rank_ok,,local
POSCAR_F6Zr2_2_st025,19,33,ok,0.0393,0.9997,33,0.9997,0.0393,0.0000,0,2.1467,2.1747,0,rank_ok,,tgm
POSCAR_F6Zr2_2_st050,55,33,ok,0.0289,0.9998,33,0.9998,0.0289,0.0000,0,2.1954,2.2222,0,rank_ok,,tgm
POSCAR_F6Zr2_2_st950,19,33,ok,0.0930,0.9989,33,0.9989,0.0930,0.0000,0,2.0085,2.0858,0,rank_ok,,tgm
POSCAR_F6Zr2_2_st975,19,33,ok,0.0705,0.9993,33,0.9993,0.0705,0.0000,0,2.0658,2.1214,0,rank_ok,,tgm
POSCAR_F6Zr2_2_z025,127,33,ok,0.0481,0.9999,33,0.9999,0.0481,0.0000,0,1.9916,2.0757,0,rank_ok,,nurion
POSCAR_F6Zr2_2_z050,127,33,ok,0.0500,0.9999,33,0.9999,0.0500,0.0000,0,2.0061,2.0954,0,rank_ok,,nurion
POSCAR_F6Zr2_2_z950,55,33,ok,0.0671,0.9997,33,0.9997,0.0671,0.0000,0,2.0775,2.1432,0,rank_ok,,nurion
POSCAR_F6Zr2_2_z975,19,33,ok,0.0612,0.9996,33,0.9996,0.0612,0.0000,0,2.0778,2.1279,0,rank_ok,,nurion
POSCAR_F6Zr2_4,131,33,ok,0.0314,0.9999,33,0.9999,0.0314,0.0000,0,2.2171,2.2741,0,rank_ok,,local
POSCAR_F6Zr2_4_st025,131,33,ok,0.0261,1.0000,33,1.0000,0.0261,0.0000,0,2.2242,2.2681,0,rank_ok,,tgm
POSCAR_F6Zr2_4_st050,131,33,ok,0.0218,1.0000,33,1.0000,0.0218,0.0000,0,2.2317,2.2644,0,rank_ok,,tgm
POSCAR_F6Zr2_4_st950,120,33,ok,0.0476,0.9998,33,0.9998,0.0476,0.0000,0,2.2800,2.3880,0,rank_ok,,tgm
POSCAR_F6Zr2_4_st975,120,33,ok,0.0384,0.9999,33,0.9999,0.0384,0.0000,0,2.2728,2.3531,0,rank_ok,,tgm
POSCAR_F6Zr2_4_x050,131,33,ok,0.0290,1.0000,33,1.0000,0.0290,0.0000,0,2.2738,2.3214,0,rank_ok,,nurion
POSCAR_F6Zr2_4_x950,120,33,ok,0.0327,1.0000,33,1.0000,0.0327,0.0000,0,2.1699,2.2323,0,rank_ok,,nurion
POSCAR_F6Zr2_4_x975,120,33,ok,0.0323,0.9999,33,0.9999,0.0323,0.0000,0,2.2215,2.2830,0,rank_ok,,nurion
POSCAR_F6Zr2_4_y025,120,33,ok,0.0294,0.9999,33,0.9999,0.0294,0.0000,0,2.2523,2.2996,0,rank_ok,,nurion
POSCAR_F6Zr2_4_y050,120,33,ok,0.0271,0.9999,33,0.9999,0.0271,0.0000,0,2.2393,2.2756,0,rank_ok,,nurion
POSCAR_F6Zr2_4_y950,131,33,ok,0.0351,0.9999,33,0.9999,0.0351,0.0000,0,2.2354,2.3249,0,rank_ok,,nurion
POSCAR_F6Zr2_4_y975,131,33,ok,0.0334,0.9999,33,0.9999,0.0334,0.0000,0,2.2283,2.3006,0,rank_ok,,nurion
POSCAR_F6Zr2_4_z025,131,33,ok,0.0283,1.0000,33,1.0000,0.0283,0.0000,0,2.1940,2.2511,0,rank_ok,,nurion
POSCAR_F6Zr2_4_z050,131,33,ok,0.0253,0.9999,33,0.9999,0.0253,0.0000,0,2.1645,2.2198,0,rank_ok,,nurion
POSCAR_F6Zr2_4_z950,120,33,ok,0.0372,0.9999,33,0.9999,0.0372,0.0000,0,2.3136,2.3782,0,rank_ok,,nurion
POSCAR_F6Zr2_4_z975,120,33,ok,0.0345,0.9999,33,0.9999,0.0345,0.0000,0,2.2950,2.3574,0,rank_ok,,nurion
POSCAR_F8Mn2_1,204,33,ok,0.2113,1.0000,33,1.0000,0.2113,0.0000,0,0.0277,0.0211,1,rank_ok,,nurion
POSCAR_F8Mn2_1_st025,94,33,ok,0.1978,1.0000,34,1.0000,0.2114,0.0000,1,0.0013,0.0136,1,rank_ok,,nurion
POSCAR_F8Mn2_1_st050,147,29,ok,0.1929,0.9997,28,0.9997,0.3816,0.0000,-1,0.1037,0.1887,0,rank_ok,,nurion
POSCAR_F8Mn2_1_st950,50,33,ok,0.3004,1.0000,33,1.0000,0.3004,0.0000,0,0.0014,0.0311,1,rank_ok,,nurion
POSCAR_F8Mn2_1_st975,149,33,ok,0.2593,1.0000,33,1.0000,0.2593,0.0000,0,0.0152,0.0102,1,rank_ok,,nurion
POSCAR_F8Mn2_1_z025,66,33,ok,0.2051,1.0000,33,1.0000,0.2051,0.0000,0,0.0235,0.0231,1,rank_ok,,nurion
POSCAR_F8Mn2_1_z050,66,33,ok,0.1886,1.0000,34,1.0000,0.0484,0.0000,1,0.0272,0.0379,1,rank_ok,,nurion
POSCAR_F8Mn2_1_z950,93,33,ok,0.1978,0.9970,31,0.9994,0.1646,0.0024,-2,0.0863,0.0401,1,rank_ok,,nurion
POSCAR_F8Mn2_1_z975,149,33,ok,0.2146,1.0000,33,1.0000,0.2146,0.0000,0,0.0474,0.0168,1,rank_ok,,nurion
POSCAR_F8Nb2_3,112,41,ok,0.0554,0.9998,41,0.9998,0.0554,0.0000,0,2.6987,2.6272,0,rank_ok,,nurion
POSCAR_F8Nb2_3_st025,112,41,ok,0.0479,0.9998,41,0.9998,0.0479,0.0000,0,2.2532,2.1874,0,rank_ok,,nurion
POSCAR_F8Nb2_3_st050,112,41,ok,0.0423,0.9998,41,0.9998,0.0423,0.0000,0,1.8346,1.7722,0,rank_ok,,nurion
POSCAR_F8Nb2_3_st950,112,41,ok,0.0739,0.9998,41,0.9998,0.0739,0.0000,0,3.4727,3.3852,0,rank_ok,,nurion
POSCAR_F8Nb2_3_st975,112,41,ok,0.0636,0.9998,41,0.9998,0.0636,0.0000,0,3.1528,3.0745,0,rank_ok,,nurion
POSCAR_F8Nb2_3_z025,112,41,ok,0.0522,0.9999,41,0.9999,0.0522,0.0000,0,2.4877,2.4221,0,rank_ok,,nurion
POSCAR_F8Nb2_3_z050,46,41,ok,0.0511,0.9998,41,0.9998,0.0511,0.0000,0,2.1547,2.2140,0,rank_ok,,nurion
POSCAR_F8Nb2_3_z950,111,41,ok,0.0638,0.9998,41,0.9998,0.0638,0.0000,0,2.9372,2.8756,0,rank_ok,,nurion
POSCAR_F8Nb2_3_z975,111,41,ok,0.0584,0.9999,41,0.9999,0.0584,0.0000,0,2.8064,2.7302,0,rank_ok,,nurion
POSCAR_F8Ni2_1,93,26,ok,0.2964,0.9850,24,0.9983,0.3990,0.0133,-2,0.0862,0.1025,0,rank_ok,,nurion
POSCAR_F8Ni2_1_st025,93,26,ok,0.3290,0.9662,24,0.9826,0.3233,0.0163,-2,0.0408,0.0608,1,rank_ok,,nurion
POSCAR_F8Ni2_1_st050,93,26,ok,0.3058,0.9658,28,0.9810,0.4052,0.0152,2,0.0879,0.0095,1,rank_ok,,nurion
POSCAR_F8Ni2_1_st950,203,35,ok,0.2619,0.9979,33,0.9988,0.0534,0.0009,-2,0.0122,0.0158,1,rank_ok,,nurion
POSCAR_F8Ni2_1_st975,148,26,ok,0.2439,0.9869,24,1.0000,0.4827,0.0131,-2,0.1654,0.1581,0,rank_ok,,nurion
POSCAR_F8Ni2_1_z025,93,26,ok,0.2958,0.9740,24,0.9906,0.3963,0.0165,-2,0.0759,0.0792,0,rank_ok,,nurion
POSCAR_F8Ni2_1_z050,93,26,ok,0.2824,0.9655,24,0.9821,0.4033,0.0167,-2,0.0866,0.0583,0,rank_ok,,nurion
POSCAR_F8Ni2_1_z950,148,26,ok,0.2918,0.9915,27,0.9999,0.4360,0.0084,1,0.1222,0.1442,0,rank_ok,,nurion
POSCAR_F8Ni2_1_z975,148,26,ok,0.2973,0.9890,24,0.9999,0.4065,0.0109,-2,0.1021,0.1252,0,rank_ok,,nurion
POSCAR_F8V2_1,260,41,ok,0.1598,0.9952,41,0.9952,0.1598,0.0000,0,1.3121,1.1591,0,rank_ok,,nurion
POSCAR_F8V2_1_st025,260,41,ok,0.1536,0.9954,41,0.9954,0.1536,0.0000,0,0.9721,0.8262,0,rank_ok,,nurion
POSCAR_F8V2_1_st050,260,41,ok,0.1483,0.9957,41,0.9957,0.1483,0.0000,0,0.6909,0.5514,0,rank_ok,,nurion
POSCAR_F8V2_1_st950,260,41,ok,0.1826,0.9963,41,0.9963,0.1826,0.0000,0,2.1615,1.9847,0,rank_ok,,nurion
POSCAR_F8V2_1_st975,260,41,ok,0.1692,0.9957,41,0.9957,0.1692,0.0000,0,1.7095,1.5465,0,rank_ok,,nurion
POSCAR_F8V2_1_z025,260,41,ok,0.1600,0.9944,41,0.9944,0.1600,0.0000,0,1.2187,1.0676,0,rank_ok,,nurion
POSCAR_F8V2_1_z050,260,41,ok,0.1606,0.9939,41,0.9939,0.1606,0.0000,0,1.1067,0.9602,0,rank_ok,,nurion
POSCAR_F8V2_1_z950,260,41,ok,0.1601,0.9957,41,0.9957,0.1601,0.0000,0,1.4762,1.3187,0,rank_ok,,nurion
POSCAR_F8V2_1_z975,260,41,ok,0.1598,0.9959,41,0.9959,0.1598,0.0000,0,1.3972,1.2427,0,rank_ok,,nurion
POSCAR_Fe2Ga5_1,230,41,ok,0.0132,1.0000,41,1.0000,0.0132,0.0000,0,0.4456,0.4297,0,rank_ok,,nurion
POSCAR_Fe2Ga5_1_st975,119,41,ok,0.0173,1.0000,41,1.0000,0.0173,0.0000,0,0.8254,0.8077,0,rank_ok,,nurion
POSCAR_Fe2Ga5_1_x025,159,41,ok,0.0305,1.0000,41,1.0000,0.0305,0.0000,0,0.6848,0.6551,0,rank_ok,,nurion
POSCAR_Fe2Ga5_1_x050,222,41,ok,0.0084,1.0000,41,1.0000,0.0084,0.0000,0,0.5194,0.5130,0,rank_ok,,nurion
POSCAR_Fe2Ga5_1_x950,119,41,ok,0.0099,1.0000,41,1.0000,0.0099,0.0000,0,0.8427,0.8327,0,rank_ok,,nurion
POSCAR_Fe2Ga5_1_x975,119,41,ok,0.0110,1.0000,41,1.0000,0.0110,0.0000,0,0.9050,0.8938,0,rank_ok,,nurion
POSCAR_Fe2Ga5_1_y025,251,39,ok,0.0152,1.0000,39,1.0000,0.0152,0.0000,0,0.3564,0.3411,0,rank_ok,,nurion
POSCAR_Fe2Ga5_1_y050,251,39,ok,0.0066,1.0000,39,1.0000,0.0066,0.0000,0,0.2261,0.2195,0,rank_ok,,nurion
POSCAR_Fe2Ga5_1_y950,163,37,ok,0.0068,1.0000,37,1.0000,0.0068,0.0000,0,1.0912,1.0957,0,rank_ok,,nurion
POSCAR_Fe2Ga5_1_y975,159,41,ok,0.0277,1.0000,41,1.0000,0.0277,0.0000,0,0.8710,0.8426,0,rank_ok,,nurion
POSCAR_Fe2Ga5_1_z025,230,41,ok,0.0069,1.0000,41,1.0000,0.0069,0.0000,0,0.5714,0.5651,0,rank_ok,,nurion
POSCAR_Fe2Ga5_1_z050,47,40,ok,0.0044,1.0000,40,1.0000,0.0044,0.0000,0,0.0605,0.0692,0,rank_ok,,nurion
POSCAR_Fe2Ga5_1_z950,241,38,ok,0.0066,1.0000,38,1.0000,0.0066,0.0000,0,0.5720,0.5777,0,rank_ok,,nurion
POSCAR_Fe2Ga5_1_z975,140,40,ok,0.0111,1.0000,40,1.0000,0.0111,0.0000,0,0.1959,0.2061,0,rank_ok,,nurion
POSCAR_Fe2Ge1_1,7,15,ok,0.0337,1.0000,15,1.0000,0.0337,0.0000,0,0.9220,0.8884,0,rank_ok,,nurion
POSCAR_Fe2Ge1_1_st025,7,15,ok,0.0322,1.0000,15,1.0000,0.0322,0.0000,0,0.8511,0.8189,0,rank_ok,,nurion
POSCAR_Fe2Ge1_1_st050,7,15,ok,0.0297,0.9999,15,0.9999,0.0297,0.0000,0,0.7031,0.7306,0,rank_ok,,nurion
POSCAR_Fe2Ge1_1_st950,7,15,ok,0.0357,1.0000,15,1.0000,0.0357,0.0000,0,1.0419,1.0054,0,rank_ok,,nurion
POSCAR_Fe2Ge1_1_st975,7,15,ok,0.0353,1.0000,15,1.0000,0.0353,0.0000,0,0.9882,0.9527,0,rank_ok,,nurion
POSCAR_Fe2Ge1_1_x025,7,15,ok,0.0298,0.9999,15,0.9999,0.0298,0.0000,0,0.8624,0.8320,0,rank_ok,,nurion
POSCAR_Fe2Ge1_1_x050,7,15,ok,0.0297,1.0000,15,1.0000,0.0297,0.0000,0,0.8135,0.7829,0,rank_ok,,nurion
POSCAR_Fe2Ge1_1_x950,525,15,ok,0.0262,1.0000,15,1.0000,0.0262,0.0000,0,1.1649,1.1921,0,rank_ok,,nurion
POSCAR_Fe2Ge1_1_x975,7,15,ok,0.0307,1.0000,15,1.0000,0.0307,0.0000,0,0.9711,0.9402,0,rank_ok,,nurion
POSCAR_Fe2Ge1_1_y025,7,15,ok,0.0307,1.0000,15,1.0000,0.0307,0.0000,0,0.9762,0.9452,0,rank_ok,,nurion
POSCAR_Fe2Ge1_1_y050,7,15,ok,0.0342,1.0000,15,1.0000,0.0342,0.0000,0,1.0245,0.9901,0,rank_ok,,nurion
POSCAR_Fe2Ge1_1_y950,7,15,ok,0.0250,1.0000,15,1.0000,0.0250,0.0000,0,0.7539,0.7287,0,rank_ok,,nurion
POSCAR_Fe2Ge1_1_y975,7,15,ok,0.0298,1.0000,15,1.0000,0.0298,0.0000,0,0.8444,0.8140,0,rank_ok,,nurion
POSCAR_Fe2Ge1_1_z025,7,15,ok,0.0265,1.0000,15,1.0000,0.0265,0.0000,0,0.8483,0.8217,0,rank_ok,,nurion
POSCAR_Fe2Ge1_1_z050,525,15,ok,0.0220,1.0000,15,1.0000,0.0220,0.0000,0,0.9088,0.9313,0,rank_ok,,nurion
POSCAR_Fe2Ge1_1_z950,7,15,ok,0.0452,1.0000,15,1.0000,0.0452,0.0000,0,1.1450,1.0996,0,rank_ok,,nurion
POSCAR_Fe2Ge1_1_z975,7,15,ok,0.0396,1.0000,15,1.0000,0.0396,0.0000,0,1.0067,0.9667,0,rank_ok,,nurion
POSCAR_Fe2Ge1_2,576,14,ok,0.0164,0.9998,14,0.9998,0.0164,0.0000,0,0.4789,0.5008,0,rank_ok,,nurion
POSCAR_Fe2Ge1_2_st025,577,14,ok,0.0156,1.0000,14,1.0000,0.0156,0.0000,0,0.6355,0.6566,0,rank_ok,,nurion
POSCAR_Fe2Ge1_2_st050,577,14,ok,0.0149,1.0000,14,1.0000,0.0149,0.0000,0,0.6318,0.6527,0,rank_ok,,nurion
POSCAR_Fe2Ge1_2_x050,577,14,ok,0.0183,1.0000,14,1.0000,0.0183,0.0000,0,0.6723,0.6968,0,rank_ok,,nurion
POSCAR_Fe2Ge1_2_x950,566,15,ok,0.0189,0.9997,15,0.9997,0.0189,0.0000,0,0.3384,0.3170,0,rank_ok,,nurion
POSCAR_Fe2Ge1_2_x975,394,15,ok,0.0178,1.0000,15,1.0000,0.0178,0.0000,0,0.4751,0.4631,0,rank_ok,,nurion
POSCAR_Fe2Ge1_2_y025,556,14,ok,0.0154,0.9997,14,0.9997,0.0154,0.0000,0,0.3332,0.3522,0,rank_ok,,nurion
POSCAR_Fe2Ge1_2_y950,576,14,ok,0.0178,0.9998,14,0.9998,0.0178,0.0000,0,0.5485,0.5701,0,rank_ok,,nurion
POSCAR_Fe2Ge1_2_y975,571,15,ok,0.0197,1.0000,15,1.0000,0.0197,0.0000,0,1.2031,1.1820,0,rank_ok,,nurion
POSCAR_Fe2Ge1_2_z025,577,14,ok,0.0171,1.0000,14,1.0000,0.0171,0.0000,0,0.5627,0.5839,0,rank_ok,,nurion
POSCAR_Fe2Ge1_2_z050,72,16,ok,0.0184,1.0000,16,1.0000,0.0184,0.0000,0,1.2206,1.1958,0,rank_ok,,nurion
POSCAR_Fe2Ge2_1,216,21,ok,0.9679,0.8341,19,0.9765,1.2275,0.1424,-2,0.9260,0.1560,0,A,rank_under,nurion
POSCAR_Fe2Ge2_1_st025,216,21,ok,0.7787,0.8356,19,0.9823,1.1987,0.1468,-2,0.8046,0.1754,0,A,rank_under,nurion
POSCAR_Fe2Ge2_1_st050,216,21,ok,0.5934,0.8341,19,0.9878,1.1499,0.1537,-2,0.6462,0.1931,0,A,rank_under,nurion
POSCAR_Fe2Ge2_1_st950,224,21,ok,1.1822,0.9659,22,0.9774,2.1575,0.0115,1,0.1891,0.9752,0,rank_ok,,nurion
POSCAR_Fe2Ge2_1_st975,216,21,ok,1.1523,0.8655,20,0.9636,1.2425,0.0981,-1,0.9589,0.0901,0,rank_ok,,nurion
POSCAR_Fe2Ge2_1_x025,191,21,ok,0.8965,0.8183,19,0.9788,1.3391,0.1605,-2,0.7887,0.1694,0,A,rank_under,nurion
POSCAR_Fe2Ge2_1_x050,302,21,ok,0.8618,0.9714,20,0.9827,1.2394,0.0113,-1,0.6413,0.3776,0,rank_ok,,nurion
POSCAR_Fe2Ge2_1_x950,274,21,ok,1.0887,0.9831,22,0.9899,1.7629,0.0068,1,0.9781,0.0393,1,rank_ok,,nurion
POSCAR_Fe2Ge2_1_x975,216,21,ok,1.0521,0.8547,19,0.9752,1.2566,0.1205,-2,0.8722,0.0420,1,A,rank_under,nurion
POSCAR_Fe2Ge2_1_y025,216,21,ok,0.8969,0.8172,19,0.9788,1.3383,0.1616,-2,0.7883,0.1717,0,A,rank_under,nurion
POSCAR_Fe2Ge2_1_y050,206,21,ok,0.8612,0.9719,20,0.9827,1.2399,0.0108,-1,0.6378,0.3787,0,rank_ok,,nurion
POSCAR_Fe2Ge2_1_y950,274,21,ok,1.0881,0.9828,20,0.9900,1.1281,0.0072,-1,0.9777,0.0400,1,rank_ok,,nurion
POSCAR_Fe2Ge2_1_y975,191,21,ok,1.0513,0.8616,19,0.9749,1.2571,0.1133,-2,0.8729,0.0398,1,A,rank_under,nurion
POSCAR_Fe2Ge2_1_z025,216,21,ok,0.9319,0.8286,19,0.9825,1.1429,0.1538,-2,0.8584,0.0647,0,A,rank_under,nurion
POSCAR_Fe2Ge2_1_z050,216,21,ok,0.8784,0.8435,19,0.9881,1.0851,0.1446,-2,0.7658,0.0048,1,A,rank_under,nurion
POSCAR_Fe2Ge2_1_z950,216,21,ok,1.0093,0.8554,19,0.9791,1.4513,0.1237,-2,0.8235,0.4043,0,A,rank_under,nurion
POSCAR_Fe2Ge2_1_z975,216,21,ok,0.9902,0.8454,19,0.9776,1.3323,0.1321,-2,0.8823,0.2737,0,A,rank_under,nurion
POSCAR_Fe2Ge4_2,227,36,ok,0.0376,1.0000,36,1.0000,0.0376,0.0000,0,0.2756,0.2358,0,rank_ok,,nurion
POSCAR_Fe2Ge4_2_st025,64,37,ok,0.0213,1.0000,37,1.0000,0.0213,0.0000,0,0.4023,0.3806,0,rank_ok,,nurion
POSCAR_Fe2Ge4_2_x950,151,35,ok,0.0029,1.0000,35,1.0000,0.0029,0.0000,0,0.1960,0.2011,0,rank_ok,,nurion
POSCAR_Fe2Ge4_2_x975,82,34,ok,0.0070,1.0000,34,1.0000,0.0070,0.0000,0,0.4917,0.5026,0,rank_ok,,nurion
POSCAR_Fe2Ge4_2_y975,228,36,ok,0.0160,1.0000,36,1.0000,0.0160,0.0000,0,0.1589,0.1353,0,rank_ok,,nurion
POSCAR_Fe2Ge4_2_z025,30,33,ok,0.0137,1.0000,33,1.0000,0.0137,0.0000,0,0.2900,0.2752,0,rank_ok,,nurion
POSCAR_Fe2Ge4_2_z950,72,35,ok,0.0061,1.0000,35,1.0000,0.0061,0.0000,0,0.3892,0.3991,0,rank_ok,,nurion
POSCAR_Fe2I4_1,36,15,ok,0.2295,0.9716,17,0.9998,0.4050,0.0282,2,0.1222,0.0523,0,rank_ok,,nurion
POSCAR_Fe2I4_1_st025,36,15,ok,0.1966,0.9995,15,0.9995,0.1966,0.0000,0,0.1082,0.0706,0,rank_ok,,nurion
POSCAR_Fe2I4_1_st050,120,14,ok,0.1974,0.9411,16,0.9692,0.3263,0.0280,2,0.1082,0.0447,1,rank_ok,,nurion
POSCAR_Fe2I4_1_st950,102,15,ok,0.2633,0.9647,14,0.9984,0.3604,0.0337,-1,0.1295,0.0971,0,rank_ok,,nurion
POSCAR_Fe2I4_1_st975,48,15,ok,0.2384,0.9392,17,0.9996,0.5217,0.0604,2,0.0951,0.1435,0,rank_ok,,nurion
POSCAR_Fe2I4_1_x025,48,15,ok,0.2232,0.9697,13,0.9933,0.3389,0.0235,-2,0.0642,0.1157,0,rank_ok,,nurion
POSCAR_Fe2I4_1_x050,48,15,ok,0.2174,0.9684,13,0.9959,0.3351,0.0275,-2,0.0784,0.1040,0,rank_ok,,nurion
POSCAR_Fe2I4_1_x950,9,15,ok,0.2354,0.9942,17,0.9989,0.2498,0.0047,2,0.1060,0.1081,0,rank_ok,,nurion
POSCAR_Fe2I4_1_x975,36,15,ok,0.2330,0.9254,13,0.9995,0.4225,0.0741,-2,0.1295,0.0712,0,rank_ok,,nurion
POSCAR_Fe2I4_1_y025,36,15,ok,0.2234,0.9689,17,0.9996,0.3955,0.0307,2,0.1145,0.0638,0,rank_ok,,nurion
POSCAR_Fe2I4_1_y050,36,15,ok,0.2175,0.9683,17,0.9995,0.3733,0.0312,2,0.1042,0.0779,0,rank_ok,,nurion
POSCAR_Fe2I4_1_y950,25,15,ok,0.2335,0.9939,16,0.9966,0.3400,0.0027,1,0.1102,0.1065,0,rank_ok,,nurion
POSCAR_Fe2I4_1_y975,48,15,ok,0.2335,0.9257,16,0.9995,0.4136,0.0738,1,0.0704,0.1314,0,rank_ok,,nurion
POSCAR_Fe2I4_1_z025,36,15,ok,0.2213,0.9963,17,0.9994,0.3857,0.0030,2,0.1250,0.0510,0,rank_ok,,nurion
POSCAR_Fe2I4_1_z050,120,14,ok,0.2087,0.8321,16,0.9923,0.4205,0.1601,2,0.0710,0.0344,1,A,rank_under,nurion
POSCAR_Fe2I4_1_z950,102,15,ok,0.2226,0.9379,16,0.9995,0.2198,0.0616,1,0.0858,0.0828,0,rank_ok,,nurion
POSCAR_Fe2I4_1_z975,36,15,ok,0.2254,0.9373,17,0.9999,0.4172,0.0626,2,0.1248,0.0839,0,rank_ok,,nurion
POSCAR_Fe2N2_1,316,12,ok,0.2596,0.9959,12,0.9959,0.2596,0.0000,0,0.2568,0.6616,0,rank_ok,,nurion
POSCAR_Fe2N2_1_st025,316,12,ok,0.2213,0.9953,12,0.9953,0.2213,0.0000,0,0.2928,0.6445,0,rank_ok,,nurion
POSCAR_Fe2N2_1_st050,316,12,ok,0.1866,0.9942,12,0.9942,0.1866,0.0000,0,0.3202,0.6251,0,rank_ok,,nurion
POSCAR_Fe2N2_1_st950,316,12,ok,0.3465,0.9982,12,0.9982,0.3465,0.0000,0,0.1408,0.6755,0,rank_ok,,nurion
POSCAR_Fe2N2_1_st975,316,12,ok,0.3013,0.9965,11,0.9980,1.2812,0.0016,-1,0.2080,0.6733,0,rank_ok,,nurion
POSCAR_Fe2N2_1_x025,259,12,ok,0.2373,0.9949,11,0.9949,1.3084,0.0000,-1,0.2873,0.6662,0,rank_ok,,nurion
POSCAR_Fe2N2_1_x050,271,12,ok,0.2223,0.9965,12,0.9965,0.2223,0.0000,0,0.2652,0.6335,0,rank_ok,,nurion
POSCAR_Fe2N2_1_x950,307,12,ok,0.3354,0.9982,12,0.9982,0.3354,0.0000,0,0.9790,0.5683,0,rank_ok,,nurion
POSCAR_Fe2N2_1_x975,307,12,ok,0.2967,0.9966,11,0.9986,1.1153,0.0020,-1,0.8374,0.4002,0,rank_ok,,nurion
POSCAR_Fe2N2_1_y025,307,12,ok,0.2355,0.9948,11,0.9987,1.1247,0.0039,-1,0.6636,0.2870,0,rank_ok,,nurion
POSCAR_Fe2N2_1_y050,295,12,ok,0.2203,0.9965,12,0.9965,0.2203,0.0000,0,0.6309,0.2653,0,rank_ok,,nurion
POSCAR_Fe2N2_1_y950,259,12,ok,0.3371,0.9982,12,0.9982,0.3371,0.0000,0,0.5688,0.9778,0,rank_ok,,nurion
POSCAR_Fe2N2_1_y975,259,12,ok,0.2985,0.9972,12,0.9972,0.2985,0.0000,0,0.4007,0.8401,0,rank_ok,,nurion
POSCAR_Fe2N2_1_z025,316,12,ok,0.2776,0.9970,12,0.9970,0.2776,0.0000,0,0.3899,0.7960,0,rank_ok,,nurion
POSCAR_Fe2N2_1_z050,316,12,ok,0.2913,0.9979,12,0.9979,0.2913,0.0000,0,0.5066,0.7863,0,rank_ok,,nurion
POSCAR_Fe2N2_1_z950,160,12,ok,0.2202,0.9990,12,0.9990,0.2202,0.0000,0,0.1792,0.5347,0,rank_ok,,nurion
POSCAR_Fe2N2_1_z975,316,12,ok,0.2367,0.9950,11,0.9977,1.3236,0.0027,-1,0.1059,0.5066,0,rank_ok,,nurion
POSCAR_Fe2O2_8,514,14,ok,0.8858,0.7592,12,0.9970,0.5238,0.2378,-2,0.2041,1.2958,0,A,rank_over,nurion
POSCAR_Fe2O2_8_st025,347,12,ok,0.8047,0.7873,10,1.0000,1.1456,0.2127,-2,0.0576,0.3054,0,A,rank_under,nurion
POSCAR_Fe2O2_8_st050,347,12,ok,0.8134,0.7759,14,0.9419,1.8534,0.1660,2,0.0402,0.2430,1,A,rank_under,nurion
POSCAR_Fe2O2_8_st950,513,14,ok,1.0977,0.9725,13,0.9934,0.4724,0.0209,-1,0.1714,1.5702,0,rank_ok,,nurion
POSCAR_Fe2O2_8_st975,513,14,ok,0.9895,0.9807,14,0.9807,0.9895,0.0000,0,0.2416,1.5956,0,rank_ok,,nurion
POSCAR_Fe2O2_8_z025,514,14,ok,0.8805,0.7381,12,0.9970,0.5420,0.2589,-2,0.2627,1.2900,0,A,rank_over,nurion
POSCAR_Fe2O2_8_z050,345,14,ok,0.8465,0.8524,12,0.9861,0.7544,0.1338,-2,0.1467,1.4064,0,A,rank_over,nurion
POSCAR_Fe2O2_8_z950,258,13,ok,0.8965,0.7798,14,0.9943,0.9668,0.2145,1,0.3567,0.0702,0,A,rank_under,nurion
POSCAR_Fe2O2_8_z975,513,14,ok,0.8728,0.9884,14,0.9884,0.8728,0.0000,0,0.2176,1.4949,0,rank_ok,,nurion
POSCAR_Fe2P2_1,459,12,ok,1.1241,0.9832,11,0.9872,1.1622,0.0040,-1,0.4180,0.2508,0,rank_ok,,nurion
POSCAR_Fe2P2_1_st025,463,12,ok,1.3452,0.9492,14,0.9892,0.5539,0.0400,2,0.0258,0.4959,1,rank_ok,,nurion
POSCAR_Fe2P2_1_st050,419,12,ok,1.4481,0.9478,14,0.9575,2.1254,0.0097,2,0.4157,0.0162,1,rank_ok,,nurion
POSCAR_Fe2P2_1_st950,303,12,ok,0.7302,0.9992,12,0.9992,0.7302,0.0000,0,0.5769,0.7535,0,rank_ok,,nurion
POSCAR_Fe2P2_1_x025,227,12,ok,1.2360,0.9415,13,0.9775,0.3469,0.0361,1,0.1457,0.6611,0,rank_ok,,nurion
POSCAR_Fe2P2_1_x050,227,12,ok,1.4343,0.9541,13,0.9582,0.3800,0.0040,1,0.0640,0.5290,0,rank_ok,,nurion
POSCAR_Fe2P2_1_x975,315,12,ok,1.1567,0.9558,10,0.9997,1.7898,0.0439,-2,0.7033,0.0717,0,rank_ok,,nurion
POSCAR_Fe2P2_1_y025,267,12,ok,1.2357,0.9426,13,0.9779,0.3470,0.0353,1,0.1451,0.6612,0,rank_ok,,nurion
POSCAR_Fe2P2_1_z025,459,12,ok,1.2410,0.9798,11,0.9874,0.9719,0.0076,-1,0.4231,0.2676,0,rank_ok,,nurion
POSCAR_Fe2P2_1_z050,459,12,ok,1.3297,0.9803,11,0.9841,0.7752,0.0038,-1,0.4153,0.3126,0,rank_ok,,nurion
POSCAR_Fe2P2_3,167,13,ok,0.4644,0.9931,11,0.9963,0.9437,0.0032,-2,0.4477,0.5042,0,rank_ok,,nurion
POSCAR_Fe2P2_3_st025,167,13,ok,0.3371,0.9940,13,0.9940,0.3371,0.0000,0,0.5121,0.5973,0,rank_ok,,nurion
POSCAR_Fe2P2_3_st050,167,13,ok,0.2373,0.9941,13,0.9941,0.2373,0.0000,0,0.5930,0.6864,0,rank_ok,,nurion
POSCAR_Fe2P2_3_st950,166,13,ok,0.6331,0.9969,15,0.9973,2.5604,0.0004,2,0.3122,0.5344,0,rank_ok,,nurion
POSCAR_Fe2P2_3_st975,167,13,ok,0.5894,0.9834,11,0.9981,0.9516,0.0147,-2,0.4414,0.4144,0,rank_ok,,nurion
POSCAR_Fe2P2_3_x025,167,13,ok,0.4035,0.9946,15,0.9949,2.3588,0.0002,2,0.5257,0.5494,0,rank_ok,,nurion
POSCAR_Fe2P2_3_x050,294,13,ok,0.3542,0.9800,12,0.9974,0.8423,0.0174,-1,0.5192,0.4881,0,rank_ok,,nurion
POSCAR_Fe2P2_3_x950,167,13,ok,0.5552,0.9858,11,0.9987,0.8690,0.0129,-2,0.3336,0.4194,0,rank_ok,,nurion
POSCAR_Fe2P2_3_x975,111,13,ok,0.5196,0.9886,11,0.9998,1.1452,0.0113,-2,0.4037,0.5229,0,rank_ok,,nurion
POSCAR_Fe2P2_3_y025,167,13,ok,0.4029,0.9943,15,0.9949,2.3583,0.0006,2,0.5260,0.5495,0,rank_ok,,nurion
POSCAR_Fe2P2_3_y050,144,13,ok,0.3553,0.9793,12,0.9973,0.8427,0.0180,-1,0.5178,0.4874,0,rank_ok,,nurion
POSCAR_Fe2P2_3_y950,167,13,ok,0.5559,0.9855,11,0.9985,0.8687,0.0130,-2,0.3331,0.4190,0,rank_ok,,nurion
POSCAR_Fe2P2_3_y975,157,13,ok,0.5206,0.9884,11,0.9998,1.1453,0.0114,-2,0.4016,0.5197,0,rank_ok,,nurion
POSCAR_Fe2P2_3_z025,167,13,ok,0.4473,0.9916,15,0.9940,2.5836,0.0024,2,0.3450,0.5122,0,rank_ok,,nurion
POSCAR_Fe2P2_3_z050,167,13,ok,0.4347,0.9877,15,0.9905,2.6896,0.0029,2,0.2438,0.5183,0,rank_ok,,nurion
POSCAR_Fe2P2_3_z950,167,13,ok,0.5087,0.9906,11,0.9990,1.0693,0.0084,-2,0.6886,0.4822,0,rank_ok,,nurion
POSCAR_Fe2P2_3_z975,167,13,ok,0.4860,0.9924,11,0.9984,1.0091,0.0060,-2,0.5582,0.4951,0,rank_ok,,nurion
POSCAR_Fe2P4_1,82,19,ok,0.6971,0.9934,21,0.9968,2.1258,0.0034,2,0.5535,0.8796,0,rank_ok,,nurion
POSCAR_Fe2P4_1_st025,271,17,ok,0.5279,0.9948,19,0.9982,2.6897,0.0034,2,0.1906,0.7870,0,rank_ok,,nurion
POSCAR_Fe2P4_1_y025,82,19,ok,0.7216,0.9934,21,0.9991,2.1012,0.0058,2,0.5974,0.7165,0,rank_ok,,nurion
POSCAR_Fe2P4_1_y975,82,19,ok,0.6869,0.9938,21,0.9977,2.1172,0.0039,2,0.4698,1.0795,0,rank_ok,,nurion
POSCAR_Fe2P4_1_z025,177,19,ok,0.6435,0.9960,19,0.9960,0.6435,0.0000,0,0.8007,0.7017,0,rank_ok,,nurion
POSCAR_Fe2P4_1_z050,287,15,ok,0.6365,0.9847,17,0.9989,1.4996,0.0142,2,0.4163,0.1829,0,rank_ok,,nurion
POSCAR_Fe2P5_1,221,21,ok,0.5749,0.9985,21,0.9985,0.5749,0.0000,0,0.7496,0.2268,0,rank_ok,,nurion
POSCAR_Fe2P5_1_st025,221,21,ok,0.5534,0.9995,21,0.9995,0.5534,0.0000,0,0.7484,0.1871,0,rank_ok,,nurion
POSCAR_Fe2P5_1_st975,221,21,ok,0.6130,0.9980,21,0.9980,0.6130,0.0000,0,0.5117,0.2682,0,rank_ok,,nurion
POSCAR_Fe2P6_2,18,22,ok,0.5651,0.8525,23,0.9992,0.6255,0.1467,1,0.0371,0.0604,1,A,rank_under,nurion
POSCAR_Fe2P6_2_st025,140,20,ok,0.5668,0.9806,22,0.9994,0.4845,0.0189,2,0.0722,0.0787,0,rank_ok,,nurion
POSCAR_Fe2P6_2_st950,103,21,ok,0.5717,0.9785,20,0.9988,0.6338,0.0203,-1,0.1722,0.0621,0,rank_ok,,nurion
POSCAR_Fe2P6_2_st975,26,21,ok,0.5458,0.9948,19,0.9995,0.5945,0.0047,-2,0.0533,0.0991,0,rank_ok,,nurion
POSCAR_Fe2P6_2_z025,18,22,ok,0.5620,0.9216,20,0.9813,0.5015,0.0598,-2,0.0222,0.0929,1,rank_ok,,nurion
POSCAR_Fe2P6_2_z975,18,22,ok,0.5099,0.9795,24,0.9927,1.9964,0.0131,2,0.0909,0.0960,0,rank_ok,,nurion
POSCAR_Fe2P8_1,76,27,ok,1.0112,0.8224,25,0.9609,1.6075,0.1384,-2,0.0597,0.1460,0,A,rank_under,nurion
POSCAR_Fe2P8_1_st025,75,27,ok,0.9257,0.9723,26,0.9904,1.1282,0.0181,-1,0.1842,0.2026,0,rank_ok,,nurion
POSCAR_Fe2P8_1_st050,75,27,ok,0.8577,0.9896,26,0.9910,0.9624,0.0014,-1,0.1997,0.1047,0,rank_ok,,nurion
POSCAR_Fe2P8_1_st975,31,27,ok,1.1456,0.8508,25,0.9788,1.7998,0.1280,-2,0.0348,0.2927,1,A,rank_under,nurion
POSCAR_Fe2P8_1_x025,31,27,ok,1.0031,0.8553,25,0.9929,1.4534,0.1376,-2,0.1234,0.1218,0,A,rank_under,nurion
POSCAR_Fe2P8_1_x050,31,27,ok,1.0003,0.9445,25,0.9938,1.3462,0.0493,-2,0.1431,0.0724,0,rank_ok,,nurion
POSCAR_Fe2P8_1_x950,26,27,ok,0.9856,0.8870,29,0.9895,1.9696,0.1025,2,0.2922,0.0714,0,A,rank_under,nurion
POSCAR_Fe2P8_1_x975,31,27,ok,1.0000,0.8581,25,0.9915,1.6494,0.1334,-2,0.0783,0.2347,0,A,rank_under,nurion
POSCAR_Fe2P8_1_y025,75,27,ok,0.9392,0.9860,26,0.9860,1.1721,0.0000,-1,0.1877,0.2329,0,rank_ok,,nurion
POSCAR_Fe2P8_1_y050,75,27,ok,0.9256,0.9987,27,0.9987,0.9256,0.0000,0,0.1393,0.1544,0,rank_ok,,nurion
POSCAR_Fe2P8_1_y950,76,27,ok,1.0234,0.8156,25,0.9714,1.5252,0.1558,-2,0.1282,0.1829,0,A,rank_under,nurion
POSCAR_Fe2P8_1_y975,76,27,ok,1.0471,0.7965,25,0.9737,1.5980,0.1772,-2,0.0411,0.1658,1,A,rank_under,nurion
POSCAR_Fe2P8_1_z025,76,27,ok,0.9905,0.8676,25,0.9827,1.5436,0.1151,-2,0.0165,0.1524,1,A,rank_under,nurion
POSCAR_Fe2P8_1_z050,103,27,ok,0.9066,0.9445,25,0.9962,0.5102,0.0518,-2,0.1866,0.0605,0,rank_ok,,nurion
POSCAR_Fe2P8_1_z950,31,27,ok,1.0532,0.6950,25,0.9888,1.7170,0.2939,-2,0.3105,0.2309,0,A,rank_under,nurion
POSCAR_Fe2P8_1_z975,31,27,ok,1.0510,0.7334,25,0.9893,1.6488,0.2559,-2,0.1629,0.1991,0,A,rank_under,nurion
POSCAR_Fe2Pb2_1,40,22,ok,0.0162,1.0000,22,1.0000,0.0162,0.0000,0,0.6454,0.6590,0,rank_ok,,nurion
POSCAR_Fe2Pb2_1_st025,40,22,ok,0.0143,1.0000,22,1.0000,0.0143,0.0000,0,0.4536,0.4613,0,rank_ok,,nurion
POSCAR_Fe2Pb2_1_st050,40,22,ok,0.0140,1.0000,22,1.0000,0.0140,0.0000,0,0.2680,0.2775,0,rank_ok,,nurion
POSCAR_Fe2Pb2_1_st950,41,22,ok,0.0171,1.0000,22,1.0000,0.0171,0.0000,0,1.0295,1.0430,0,rank_ok,,nurion
POSCAR_Fe2Pb2_1_x025,41,22,ok,0.0153,1.0000,22,1.0000,0.0153,0.0000,0,0.6996,0.7097,0,rank_ok,,nurion
POSCAR_Fe2Pb2_1_x050,40,22,ok,0.0149,1.0000,22,1.0000,0.0149,0.0000,0,0.6457,0.6570,0,rank_ok,,nurion
POSCAR_Fe2Pb2_1_x950,41,22,ok,0.0173,1.0000,22,1.0000,0.0173,0.0000,0,0.6996,0.7152,0,rank_ok,,nurion
POSCAR_Fe2Pb2_1_x975,40,22,ok,0.0146,1.0000,22,1.0000,0.0146,0.0000,0,0.6485,0.6601,0,rank_ok,,nurion
POSCAR_Fe2Pb2_1_y025,40,22,ok,0.0152,1.0000,22,1.0000,0.0152,0.0000,0,0.5264,0.5383,0,rank_ok,,nurion
POSCAR_Fe2Pb2_1_y050,40,22,ok,0.0152,1.0000,22,1.0000,0.0152,0.0000,0,0.4118,0.4263,0,rank_ok,,nurion
POSCAR_Fe2Pb2_1_y950,40,22,ok,0.0182,1.0000,22,1.0000,0.0182,0.0000,0,0.9116,0.9286,0,rank_ok,,nurion
POSCAR_Fe2Pb2_1_y975,40,22,ok,0.0146,1.0000,22,1.0000,0.0146,0.0000,0,0.7838,0.7912,0,rank_ok,,nurion
POSCAR_Fe2Pb2_1_z025,40,22,ok,0.0147,1.0000,22,1.0000,0.0147,0.0000,0,0.5878,0.5954,0,rank_ok,,nurion
POSCAR_Fe2Pb2_1_z050,40,22,ok,0.0146,1.0000,22,1.0000,0.0146,0.0000,0,0.5370,0.5430,0,rank_ok,,nurion
POSCAR_Fe2Pb2_1_z950,41,22,ok,0.0162,1.0000,22,1.0000,0.0162,0.0000,0,0.8214,0.8327,0,rank_ok,,nurion
POSCAR_Fe2Pb2_1_z975,41,22,ok,0.0148,1.0000,22,1.0000,0.0148,0.0000,0,0.7710,0.7792,0,rank_ok,,nurion
POSCAR_Fe2Pb4_2,13,33,ok,0.0168,1.0000,33,1.0000,0.0168,0.0000,0,0.5441,0.5638,0,rank_ok,,nurion
POSCAR_Fe2Pb4_2_st025,13,33,ok,0.0134,0.9999,33,0.9999,0.0134,0.0000,0,0.5388,0.5239,0,rank_ok,,nurion
POSCAR_Fe2Pb4_2_st050,101,35,ok,0.0111,0.9999,35,0.9999,0.0111,0.0000,0,0.1618,0.1435,0,rank_ok,,nurion
POSCAR_Fe2Pb4_2_st950,146,36,ok,0.0182,1.0000,36,1.0000,0.0182,0.0000,0,0.3564,0.3337,0,rank_ok,,nurion
POSCAR_Fe2Pb4_2_st975,43,34,ok,0.0167,1.0000,34,1.0000,0.0167,0.0000,0,0.2496,0.2362,0,rank_ok,,nurion
POSCAR_Fe2Pb4_2_x025,13,33,ok,0.0151,1.0000,33,1.0000,0.0151,0.0000,0,0.5330,0.5510,0,rank_ok,,nurion
POSCAR_Fe2Pb4_2_x050,13,33,ok,0.0140,1.0000,33,1.0000,0.0140,0.0000,0,0.5032,0.5200,0,rank_ok,,nurion
POSCAR_Fe2Pb4_2_x950,135,33,ok,0.0152,1.0000,33,1.0000,0.0152,0.0000,0,0.3725,0.3884,0,rank_ok,,nurion
POSCAR_Fe2Pb4_2_x975,43,34,ok,0.0179,1.0000,34,1.0000,0.0179,0.0000,0,0.2198,0.2046,0,rank_ok,,nurion
POSCAR_Fe2Pb4_2_y025,13,33,ok,0.0156,1.0000,33,1.0000,0.0156,0.0000,0,0.5301,0.5477,0,rank_ok,,nurion
POSCAR_Fe2Pb4_2_y050,13,33,ok,0.0148,1.0000,33,1.0000,0.0148,0.0000,0,0.5111,0.5280,0,rank_ok,,nurion
POSCAR_Fe2Pb4_2_y950,13,33,ok,0.0162,1.0000,33,1.0000,0.0162,0.0000,0,0.5743,0.5825,0,rank_ok,,nurion
POSCAR_Fe2Pb4_2_y975,13,33,ok,0.0168,1.0000,33,1.0000,0.0168,0.0000,0,0.5655,0.5803,0,rank_ok,,nurion
POSCAR_Fe2Pb4_2_z025,145,36,ok,0.0175,1.0000,36,1.0000,0.0175,0.0000,0,0.3560,0.3299,0,rank_ok,,nurion
POSCAR_Fe2Pb4_2_z050,145,36,ok,0.0187,1.0000,36,1.0000,0.0187,0.0000,0,0.3243,0.2974,0,rank_ok,,nurion
POSCAR_Fe2Pb4_2_z950,43,34,ok,0.0181,1.0000,34,1.0000,0.0181,0.0000,0,0.2439,0.2282,0,rank_ok,,nurion
POSCAR_Fe2Pb4_2_z975,13,33,ok,0.0163,1.0000,33,1.0000,0.0163,0.0000,0,0.5143,0.5357,0,rank_ok,,nurion
POSCAR_Fe2S4_1,246,20,ok,0.4401,0.9417,19,0.9902,0.7298,0.0485,-1,0.8500,0.2897,0,rank_ok,,nurion
POSCAR_Fe2S4_1_st025,246,20,ok,0.4439,0.9541,18,0.9959,0.8053,0.0418,-2,0.8204,0.1977,0,rank_ok,,nurion
POSCAR_Fe2S4_1_st050,246,20,ok,0.4441,0.9751,18,0.9983,0.6572,0.0232,-2,0.7557,0.1152,0,rank_ok,,nurion
POSCAR_Fe2S4_1_st950,236,20,ok,0.4814,0.9943,19,0.9955,0.8862,0.0011,-1,1.2297,0.4048,0,rank_ok,,nurion
POSCAR_Fe2S4_1_st975,246,20,ok,0.4354,0.9537,19,0.9930,0.8180,0.0393,-1,0.9067,0.3826,0,rank_ok,,nurion
POSCAR_Fe2S4_1_x025,246,20,ok,0.4535,0.9541,19,0.9893,0.7149,0.0353,-1,0.8677,0.2614,0,rank_ok,,nurion
POSCAR_Fe2S4_1_x050,246,20,ok,0.4669,0.9644,18,0.9975,0.8312,0.0331,-2,0.8762,0.2290,0,rank_ok,,nurion
POSCAR_Fe2S4_1_x950,236,20,ok,0.4194,0.9916,20,0.9916,0.4194,0.0000,0,1.0796,0.4097,0,rank_ok,,nurion
POSCAR_Fe2S4_1_x975,246,20,ok,0.4267,0.9310,19,0.9901,0.7401,0.0591,-1,0.8310,0.3134,0,rank_ok,,nurion
POSCAR_Fe2S4_1_y025,246,20,ok,0.4278,0.9490,19,0.9856,0.7465,0.0365,-1,0.8667,0.3187,0,rank_ok,,nurion
POSCAR_Fe2S4_1_y050,246,20,ok,0.4187,0.9552,19,0.9846,0.7525,0.0294,-1,0.8846,0.3338,0,rank_ok,,nurion
POSCAR_Fe2S4_1_y950,169,20,ok,0.4783,0.9394,18,0.9593,0.6144,0.0199,-2,0.2017,0.8292,0,rank_ok,,nurion
POSCAR_Fe2S4_1_y975,246,20,ok,0.4566,0.9408,19,0.9939,0.7064,0.0531,-1,0.8368,0.2498,0,rank_ok,,nurion
POSCAR_Fe2S4_1_z025,246,20,ok,0.4440,0.9299,19,0.9942,0.6373,0.0643,-1,0.7795,0.1932,0,rank_ok,,nurion
POSCAR_Fe2S4_1_z050,169,20,ok,0.4432,0.9295,22,0.9683,3.1439,0.0388,2,0.1163,0.7201,0,rank_ok,,nurion
POSCAR_Fe2S4_1_z950,240,20,ok,0.4655,0.9888,20,0.9888,0.4655,0.0000,0,0.9606,0.1739,0,rank_ok,,nurion
POSCAR_Fe2S4_1_z975,246,20,ok,0.4338,0.9589,19,0.9860,0.8299,0.0271,-1,0.9231,0.3961,0,rank_ok,,nurion
POSCAR_Fe2Se2_1,234,12,ok,0.8979,0.8279,10,0.9611,1.0926,0.1332,-2,0.0406,0.3544,1,A,rank_under,nurion
POSCAR_Fe2Se2_1_st025,260,12,ok,0.7025,0.2889,11,0.9989,0.2223,0.7100,-1,0.0370,0.4269,1,A,rank_over,nurion
POSCAR_Fe2Se2_1_st050,282,13,ok,0.6184,0.9996,14,0.9996,0.6299,0.0000,1,0.1627,0.0115,1,rank_ok,,nurion
POSCAR_Fe2Se2_1_st950,187,12,ok,1.1947,0.8010,14,0.9806,1.9622,0.1796,2,0.2437,0.2640,0,A,rank_under,nurion
POSCAR_Fe2Se2_1_st975,234,12,ok,1.0578,0.7943,10,0.9978,1.2294,0.2036,-2,0.1271,0.2984,0,A,rank_under,nurion
POSCAR_Fe2Se2_1_x025,234,12,ok,0.8257,0.8125,10,0.9714,1.0480,0.1590,-2,0.0742,0.3513,0,A,rank_under,nurion
POSCAR_Fe2Se2_1_x950,237,12,ok,0.8340,0.5926,13,0.9813,0.1376,0.3887,1,0.0891,0.1541,0,A,rank_over,nurion
POSCAR_Fe2Se2_1_x975,234,12,ok,0.9525,0.6033,13,0.9983,1.2919,0.3950,1,0.0318,0.3395,1,A,rank_under,nurion
POSCAR_Fe2Se2_1_y025,234,12,ok,0.8255,0.8159,10,0.9704,1.0479,0.1545,-2,0.0740,0.3521,0,A,rank_under,nurion
POSCAR_Fe2Se2_1_y050,192,13,ok,0.7089,0.9547,12,0.9999,0.8908,0.0452,-1,0.0670,0.1819,0,rank_ok,,nurion
POSCAR_Fe2Se2_1_y950,274,13,ok,0.8205,0.9996,13,0.9996,0.8205,0.0000,0,0.3530,0.2323,0,rank_ok,,nurion
POSCAR_Fe2Se2_1_y975,234,12,ok,0.9417,0.5641,13,0.9998,1.2943,0.4357,1,0.0375,0.3526,1,A,rank_under,nurion
POSCAR_Fe2Se2_1_z025,260,12,ok,0.7721,0.2726,11,0.9989,0.2314,0.7263,-1,0.0974,0.4143,0,A,rank_over,nurion
POSCAR_Fe2Se2_1_z050,270,12,ok,0.6323,0.5430,13,0.9999,0.7953,0.4569,1,0.2627,0.1630,0,A,rank_under,nurion
POSCAR_Fe2Se2_1_z950,234,12,ok,0.9426,0.8086,10,0.9735,1.1698,0.1650,-2,0.3353,0.2563,0,A,rank_under,nurion
POSCAR_Fe2Se2_1_z975,234,12,ok,0.9221,0.8207,10,0.9664,1.1321,0.1457,-2,0.1850,0.3013,0,A,rank_under,nurion
POSCAR_Fe2Se4_1,135,20,ok,0.4631,0.9906,20,0.9906,0.4631,0.0000,0,0.0560,0.9638,0,rank_ok,,nurion
POSCAR_Fe2Se4_1_st025,141,20,ok,0.4519,0.9976,19,0.9998,0.4432,0.0021,-1,0.0176,0.8951,1,rank_ok,,nurion
POSCAR_Fe2Se4_1_st050,141,20,ok,0.4006,0.9962,19,0.9984,0.3678,0.0022,-1,0.0571,0.7684,0,rank_ok,,nurion
POSCAR_Fe2Se4_1_st950,135,20,ok,0.4299,0.9906,20,0.9906,0.4299,0.0000,0,0.2220,0.9922,0,rank_ok,,nurion
POSCAR_Fe2Se4_1_st975,135,20,ok,0.4535,0.9872,20,0.9872,0.4535,0.0000,0,0.1311,0.9797,0,rank_ok,,nurion
POSCAR_Fe2Se4_1_x025,135,20,ok,0.4652,0.9883,19,0.9980,0.4931,0.0097,-1,0.0396,0.9584,1,rank_ok,,nurion
POSCAR_Fe2Se4_1_x050,135,20,ok,0.4647,0.9901,20,0.9901,0.4647,0.0000,0,0.0277,0.9076,1,rank_ok,,nurion
POSCAR_Fe2Se4_1_x950,135,20,ok,0.4645,0.9935,20,0.9935,0.4645,0.0000,0,0.0783,0.9299,0,rank_ok,,nurion
POSCAR_Fe2Se4_1_x975,135,20,ok,0.4626,0.9911,20,0.9911,0.4626,0.0000,0,0.0693,0.9498,0,rank_ok,,nurion
POSCAR_Fe2Se4_1_y025,135,20,ok,0.4420,0.9896,18,0.9939,0.5664,0.0043,-2,0.0818,0.9602,0,rank_ok,,nurion
POSCAR_Fe2Se4_1_y050,135,20,ok,0.4252,0.9886,22,0.9998,2.3709,0.0112,2,0.1010,0.9339,0,rank_ok,,nurion
POSCAR_Fe2Se4_1_y950,141,20,ok,0.4991,0.9969,20,0.9969,0.4991,0.0000,0,0.0313,0.9805,1,rank_ok,,nurion
POSCAR_Fe2Se4_1_y975,135,20,ok,0.4879,0.9956,18,0.9987,0.6322,0.0031,-2,0.0273,0.9688,1,rank_ok,,nurion
POSCAR_Fe2Se4_1_z025,141,20,ok,0.4560,0.9972,20,0.9972,0.4560,0.0000,0,0.0460,0.9458,1,rank_ok,,nurion
POSCAR_Fe2Se4_1_z050,141,20,ok,0.4121,0.9974,20,0.9974,0.4121,0.0000,0,0.1182,0.9397,0,rank_ok,,nurion
POSCAR_Fe2Se4_1_z950,135,20,ok,0.4069,0.9875,20,0.9875,0.4069,0.0000,0,0.2399,1.0375,0,rank_ok,,nurion
POSCAR_Fe2Se4_1_z975,135,20,ok,0.4350,0.9865,20,0.9865,0.4350,0.0000,0,0.1450,0.9961,0,rank_ok,,nurion
POSCAR_Fe2Se8_1,58,26,ok,0.0103,1.0000,26,1.0000,0.0103,0.0000,0,0.3081,0.2965,0,rank_ok,,nurion
POSCAR_Fe2Se8_1_st950,61,29,ok,0.0112,1.0000,29,1.0000,0.0112,0.0000,0,0.1418,0.1500,0,rank_ok,,nurion
POSCAR_Fe2Se8_1_st975,58,26,ok,0.0108,1.0000,26,1.0000,0.0108,0.0000,0,0.3219,0.3058,0,rank_ok,,nurion
POSCAR_Fe2Se8_1_x025,64,26,ok,0.0111,1.0000,26,1.0000,0.0111,0.0000,0,0.1634,0.1516,0,rank_ok,,nurion
POSCAR_Fe2Se8_1_x050,64,29,ok,0.0092,1.0000,29,1.0000,0.0092,0.0000,0,0.0526,0.0446,1,rank_ok,,nurion
POSCAR_Fe2Se8_1_x950,102,28,ok,0.0123,1.0000,28,1.0000,0.0123,0.0000,0,0.0677,0.0795,0,rank_ok,,nurion
POSCAR_Fe2Se8_1_x975,58,26,ok,0.0119,1.0000,26,1.0000,0.0119,0.0000,0,0.2569,0.2466,0,rank_ok,,nurion
POSCAR_Fe2Se8_1_y025,58,26,ok,0.0102,1.0000,26,1.0000,0.0102,0.0000,0,0.2649,0.2567,0,rank_ok,,nurion
POSCAR_Fe2Se8_1_y050,106,28,ok,0.0107,1.0000,28,1.0000,0.0107,0.0000,0,0.0250,0.0112,1,rank_ok,,nurion
POSCAR_Fe2Se8_1_y975,58,26,ok,0.0106,1.0000,26,1.0000,0.0106,0.0000,0,0.3424,0.3254,0,rank_ok,,nurion
POSCAR_Fe2Se8_1_z025,58,26,ok,0.0110,1.0000,26,1.0000,0.0110,0.0000,0,0.2857,0.2757,0,rank_ok,,nurion
POSCAR_Fe2Se8_1_z050,58,26,ok,0.0122,1.0000,26,1.0000,0.0122,0.0000,0,0.2597,0.2497,0,rank_ok,,nurion
POSCAR_Fe2Se8_1_z975,61,29,ok,0.0101,1.0000,29,1.0000,0.0101,0.0000,0,0.1065,0.1159,0,rank_ok,,nurion
POSCAR_Fe2Si2_3,389,12,ok,0.6639,0.9875,14,0.9992,2.6930,0.0117,2,1.0169,0.3448,0,rank_ok,,nurion
POSCAR_Fe2Si2_3_st025,381,12,ok,0.8855,0.9758,13,0.9945,1.9420,0.0187,1,0.3255,1.0565,0,rank_ok,,nurion
POSCAR_Fe2Si2_3_st050,389,12,ok,1.1483,0.9606,13,0.9988,1.0878,0.0382,1,0.4998,0.2550,0,rank_ok,,nurion
POSCAR_Fe2Si2_3_st950,307,12,ok,0.3875,0.9941,14,0.9978,1.8433,0.0037,2,1.0758,0.3903,0,rank_ok,,nurion
POSCAR_Fe2Si2_3_st975,415,12,ok,0.4825,0.9942,11,0.9943,0.3700,0.0001,-1,0.3719,0.8525,0,rank_ok,,nurion
POSCAR_Fe2Si2_3_x025,488,12,ok,0.7504,0.9876,13,0.9941,2.1419,0.0065,1,0.3127,1.1284,0,rank_ok,,nurion
POSCAR_Fe2Si2_3_x050,316,12,ok,0.8928,0.9844,11,0.9980,1.1069,0.0136,-1,1.1896,0.2141,0,rank_ok,,nurion
POSCAR_Fe2Si2_3_x950,415,12,ok,0.5267,0.9922,11,0.9924,0.2602,0.0002,-1,0.2607,0.7869,0,rank_ok,,nurion
POSCAR_Fe2Si2_3_x975,409,12,ok,0.5966,0.9900,11,0.9981,0.7777,0.0082,-1,0.7768,0.1810,0,rank_ok,,nurion
POSCAR_Fe2Si2_3_y025,436,12,ok,0.7650,0.9883,11,0.9981,1.0354,0.0097,-1,1.0962,0.2705,0,rank_ok,,nurion
POSCAR_Fe2Si2_3_y050,368,12,ok,0.9100,0.9857,13,0.9973,2.1109,0.0117,1,0.1664,1.1644,0,rank_ok,,nurion
POSCAR_Fe2Si2_3_y950,303,12,ok,0.5565,0.9909,11,0.9979,0.5736,0.0069,-1,0.5798,0.0171,1,rank_ok,,nurion
POSCAR_Fe2Si2_3_y975,303,12,ok,0.5868,0.9903,11,0.9984,0.8131,0.0081,-1,0.8150,0.2263,0,rank_ok,,nurion
POSCAR_Fe2Si2_3_z025,381,12,ok,0.7494,0.9822,13,0.9916,2.0815,0.0094,1,0.2416,0.9982,0,rank_ok,,nurion
POSCAR_Fe2Si2_3_z050,389,12,ok,0.8480,0.9765,11,0.9966,0.9384,0.0201,-1,0.9486,0.0904,0,rank_ok,,nurion
POSCAR_Fe2Si2_3_z950,415,12,ok,0.5439,0.9948,12,0.9948,0.5439,0.0000,0,0.5278,1.0752,0,rank_ok,,nurion
POSCAR_Fe2Si2_3_z975,415,12,ok,0.5622,0.9932,12,0.9932,0.5622,0.0000,0,0.4695,1.0310,0,rank_ok,,nurion
POSCAR_Fe2Si2_4,307,13,ok,0.0218,1.0000,13,1.0000,0.0218,0.0000,0,0.0424,0.0147,1,rank_ok,,nurion
POSCAR_Fe2Si2_4_st025,260,12,ok,0.0184,1.0000,12,1.0000,0.0184,0.0000,0,0.7061,0.6828,0,rank_ok,,nurion
POSCAR_Fe2Si2_4_x050,259,12,ok,0.0029,1.0000,12,1.0000,0.0029,0.0000,0,1.1247,1.1231,0,rank_ok,,nurion
POSCAR_Fe2Si2_4_x950,7,13,ok,0.0029,1.0000,13,1.0000,0.0029,0.0000,0,0.1221,0.1209,0,rank_ok,,nurion
POSCAR_Fe2Si2_4_y025,476,12,ok,0.0229,1.0000,12,1.0000,0.0229,0.0000,0,0.0133,0.0362,1,rank_ok,,nurion
POSCAR_Fe2Si2_4_y050,1,9,ok,0.0027,1.0000,9,1.0000,0.0027,0.0000,0,0.5925,0.5945,0,rank_ok,,nurion
POSCAR_Fe2Si2_4_y950,73,13,ok,0.0029,1.0000,13,1.0000,0.0029,0.0000,0,0.1210,0.1197,0,rank_ok,,nurion
POSCAR_Fe2Si2_4_y975,1,12,ok,0.0096,1.0000,12,1.0000,0.0096,0.0000,0,0.3308,0.3221,0,rank_ok,,nurion
POSCAR_Fe2Si2_4_z025,1,12,ok,0.0047,1.0000,12,1.0000,0.0047,0.0000,0,0.5851,0.5820,0,rank_ok,,nurion
POSCAR_Fe2Si2_4_z050,5,12,ok,0.0076,1.0000,12,1.0000,0.0076,0.0000,0,0.0983,0.1072,0,rank_ok,,nurion
POSCAR_Fe2Si2_4_z975,203,13,ok,0.0099,1.0000,13,1.0000,0.0099,0.0000,0,0.1468,0.1361,0,rank_ok,,nurion
POSCAR_Fe2Sn10_2,20,77,ok,0.0174,0.9984,77,0.9984,0.0174,0.0000,0,0.0106,0.0281,1,rank_ok,,nurion
POSCAR_Fe2Sn10_2_st025,21,77,ok,0.0102,0.9986,77,0.9986,0.0102,0.0000,0,0.0246,0.0437,1,rank_ok,,nurion
POSCAR_Fe2Sn10_2_st975,81,77,ok,0.0115,1.0000,77,1.0000,0.0115,0.0000,0,0.1565,0.1688,0,rank_ok,,nurion
POSCAR_Fe2Sn10_2_x025,4,74,ok,0.0045,1.0000,74,1.0000,0.0045,0.0000,0,0.0293,0.0233,1,rank_ok,,nurion
POSCAR_Fe2Sn10_2_x950,6,76,ok,0.0044,1.0000,76,1.0000,0.0044,0.0000,0,0.1586,0.1525,0,rank_ok,,nurion
POSCAR_Fe2Sn10_2_x975,112,77,ok,0.0526,0.9969,77,0.9969,0.0526,0.0000,0,0.0856,0.1387,0,rank_ok,,nurion
POSCAR_Fe2Sn10_2_y025,51,78,ok,0.0093,1.0000,78,1.0000,0.0093,0.0000,0,0.1699,0.1816,0,rank_ok,,nurion
POSCAR_Fe2Sn10_2_y050,17,74,ok,0.0113,0.9995,74,0.9995,0.0113,0.0000,0,0.0218,0.0098,1,rank_ok,,nurion
POSCAR_Fe2Sn10_2_y950,112,77,ok,0.0100,0.9999,77,0.9999,0.0100,0.0000,0,0.2435,0.2541,0,rank_ok,,nurion
POSCAR_Fe2Sn10_2_y975,77,78,ok,0.0170,0.9999,78,0.9999,0.0170,0.0000,0,0.2996,0.3172,0,rank_ok,,nurion
POSCAR_Fe2Sn10_2_z025,96,77,ok,0.0072,1.0000,77,1.0000,0.0072,0.0000,0,0.0602,0.0727,0,rank_ok,,nurion
POSCAR_Fe2Sn10_2_z050,96,77,ok,0.0061,1.0000,77,1.0000,0.0061,0.0000,0,0.0837,0.0953,0,rank_ok,,nurion
POSCAR_Fe2Sn10_2_z950,92,76,ok,0.0104,1.0000,76,1.0000,0.0104,0.0000,0,0.2415,0.2316,0,rank_ok,,nurion
POSCAR_Fe2Sn2_1,161,21,ok,0.9077,0.9682,20,0.9950,1.1888,0.0269,-1,0.5307,0.2811,0,rank_ok,,nurion
POSCAR_Fe2Sn2_1_st050,126,19,ok,0.9353,0.8495,21,0.9810,0.1410,0.1315,2,0.1065,0.1976,0,A,rank_over,nurion
POSCAR_Fe2Sn2_1_st975,161,21,ok,1.0638,0.9569,20,0.9891,1.2521,0.0321,-1,0.4637,0.1883,0,rank_ok,,nurion
POSCAR_Fe2Sn2_1_z025,161,21,ok,0.8550,0.9427,20,0.9988,1.1541,0.0561,-1,0.6602,0.2991,0,rank_ok,,nurion
POSCAR_Fe2Sn2_1_z950,233,21,ok,1.2144,0.9807,21,0.9807,1.2144,0.0000,0,0.3209,0.2369,0,rank_ok,,nurion
POSCAR_Fe2Sn3_1,5,29,ok,0.0311,1.0000,29,1.0000,0.0311,0.0000,0,0.5781,0.5295,0,rank_ok,,nurion
POSCAR_Fe2Sn3_1_st025,5,29,ok,0.0327,1.0000,29,1.0000,0.0327,0.0000,0,0.6099,0.5630,0,rank_ok,,nurion
POSCAR_Fe2Sn3_1_st050,43,29,ok,0.0335,1.0000,29,1.0000,0.0335,0.0000,0,0.2402,0.1988,0,rank_ok,,nurion
POSCAR_Fe2Sn3_1_st975,5,29,ok,0.0248,1.0000,29,1.0000,0.0248,0.0000,0,0.5414,0.5018,0,rank_ok,,nurion
POSCAR_Fe2Sn3_1_x025,5,29,ok,0.0268,1.0000,29,1.0000,0.0268,0.0000,0,0.7710,0.7305,0,rank_ok,,nurion
POSCAR_Fe2Sn3_1_x050,1,25,ok,0.0263,0.9999,25,0.9999,0.0263,0.0000,0,0.1069,0.0767,0,rank_ok,,nurion
POSCAR_Fe2Sn3_1_x975,5,29,ok,0.0387,1.0000,29,1.0000,0.0387,0.0000,0,0.3229,0.2632,0,rank_ok,,nurion
POSCAR_Fe2Sn3_1_y025,5,29,ok,0.0770,0.9996,29,0.9996,0.0770,0.0000,0,0.4858,0.3643,0,rank_ok,,nurion
POSCAR_Fe2Sn3_1_y050,5,29,ok,0.0385,0.9996,29,0.9996,0.0385,0.0000,0,0.3364,0.2787,0,rank_ok,,nurion
POSCAR_Fe2Sn3_1_y975,43,29,ok,0.0248,1.0000,29,1.0000,0.0248,0.0000,0,0.5621,0.5282,0,rank_ok,,nurion
POSCAR_Fe2Sn3_1_z025,5,29,ok,0.0295,1.0000,29,1.0000,0.0295,0.0000,0,0.5279,0.4838,0,rank_ok,,nurion
POSCAR_Fe2Sn3_1_z050,43,29,ok,0.0315,1.0000,29,1.0000,0.0315,0.0000,0,0.2820,0.2391,0,rank_ok,,nurion
POSCAR_Fe2Sn3_1_z950,5,29,ok,0.0320,1.0000,29,1.0000,0.0320,0.0000,0,0.6721,0.6218,0,rank_ok,,nurion
POSCAR_Fe2Sn3_1_z975,5,29,ok,0.0259,1.0000,29,1.0000,0.0259,0.0000,0,0.6665,0.6246,0,rank_ok,,nurion
POSCAR_Fe2Sn4_3,116,35,ok,0.6579,0.9778,35,0.9778,0.6579,0.0000,0,1.0762,0.3884,0,rank_ok,,nurion
POSCAR_Fe2Sn4_3_st025,116,35,ok,0.6211,0.9718,35,0.9718,0.6211,0.0000,0,1.0037,0.2940,0,rank_ok,,nurion
POSCAR_Fe2Sn4_3_st050,116,35,ok,0.5860,0.9709,35,0.9709,0.5860,0.0000,0,0.8594,0.2190,0,rank_ok,,nurion
POSCAR_Fe2Sn4_3_st950,116,35,ok,0.7507,0.9961,35,0.9961,0.7507,0.0000,0,0.9346,0.5999,0,rank_ok,,nurion
POSCAR_Fe2Sn4_3_st975,56,35,ok,0.6966,0.9868,35,0.9868,0.6966,0.0000,0,0.4881,1.0361,0,rank_ok,,nurion
POSCAR_Fe2Sn4_3_x025,56,35,ok,0.6239,0.9725,35,0.9725,0.6239,0.0000,0,0.3649,1.0537,0,rank_ok,,nurion
POSCAR_Fe2Sn4_3_x050,116,35,ok,0.5932,0.9665,35,0.9665,0.5932,0.0000,0,0.9727,0.3371,0,rank_ok,,nurion
POSCAR_Fe2Sn4_3_x950,116,35,ok,0.7237,0.9860,35,0.9860,0.7237,0.0000,0,0.9613,0.4144,0,rank_ok,,nurion
POSCAR_Fe2Sn4_3_x975,116,35,ok,0.6928,0.9825,35,0.9825,0.6928,0.0000,0,1.0186,0.4113,0,rank_ok,,nurion
POSCAR_Fe2Sn4_3_y025,116,35,ok,0.6206,0.9710,35,0.9710,0.6206,0.0000,0,1.0457,0.3235,0,rank_ok,,nurion
POSCAR_Fe2Sn4_3_y050,116,35,ok,0.5802,0.9574,35,0.9574,0.5802,0.0000,0,0.9506,0.2632,0,rank_ok,,nurion
POSCAR_Fe2Sn4_3_y950,116,35,ok,0.7443,0.9884,36,0.9948,1.3826,0.0063,1,0.9816,0.5539,0,rank_ok,,nurion
POSCAR_Fe2Sn4_3_y975,116,35,ok,0.7026,0.9851,35,0.9851,0.7026,0.0000,0,1.0332,0.4661,0,rank_ok,,nurion
POSCAR_Fe2Sn4_3_z025,116,35,ok,0.6888,0.9810,35,0.9810,0.6888,0.0000,0,1.0031,0.3887,0,rank_ok,,nurion
POSCAR_Fe2Sn4_3_z050,116,35,ok,0.7094,0.9825,35,0.9825,0.7094,0.0000,0,0.9389,0.3222,0,rank_ok,,nurion
POSCAR_Fe2Sn4_3_z950,116,35,ok,0.5695,0.9710,35,0.9710,0.5695,0.0000,0,1.0078,0.3984,0,rank_ok,,nurion
POSCAR_Fe2Sn4_3_z975,116,35,ok,0.6186,0.9753,35,0.9753,0.6186,0.0000,0,1.0763,0.3890,0,rank_ok,,nurion
POSCAR_Fe2Sn8_2,64,63,ok,0.0143,1.0000,63,1.0000,0.0143,0.0000,0,0.0511,0.0313,1,rank_ok,,nurion
POSCAR_Fe2Sn8_2_st025,23,63,ok,0.0109,1.0000,63,1.0000,0.0109,0.0000,0,0.1069,0.1142,0,rank_ok,,nurion
POSCAR_Fe2Sn8_2_x025,21,63,ok,0.0106,1.0000,63,1.0000,0.0106,0.0000,0,0.3032,0.2870,0,rank_ok,,nurion
POSCAR_Fe2Sn8_2_x950,126,63,ok,0.0086,1.0000,63,1.0000,0.0086,0.0000,0,0.1103,0.0972,0,rank_ok,,nurion
POSCAR_Fe2Sn8_2_x975,156,59,ok,0.0074,1.0000,59,1.0000,0.0074,0.0000,0,0.0873,0.0757,0,rank_ok,,nurion
POSCAR_Fe2Sn8_2_y950,56,62,ok,0.0113,1.0000,62,1.0000,0.0113,0.0000,0,0.1301,0.1451,0,rank_ok,,nurion
POSCAR_Fe2Sn8_2_y975,169,63,ok,0.0064,0.9999,63,0.9999,0.0064,0.0000,0,0.0988,0.0886,0,rank_ok,,nurion
POSCAR_Fe2Sn8_2_z025,163,63,ok,0.0057,1.0000,63,1.0000,0.0057,0.0000,0,0.1627,0.1590,0,rank_ok,,nurion
POSCAR_Fe2Sn8_2_z050,23,62,ok,0.0085,1.0000,62,1.0000,0.0085,0.0000,0,0.0714,0.0863,0,rank_ok,,nurion
POSCAR_Fe2Sn8_2_z950,145,62,ok,0.0996,0.9999,62,0.9999,0.0996,0.0000,0,0.0533,0.1057,0,rank_ok,,nurion
POSCAR_Fe2Sn8_2_z975,127,63,ok,0.0067,1.0000,63,1.0000,0.0067,0.0000,0,0.0684,0.0607,0,rank_ok,,nurion
POSCAR_Fe2Te2_1,186,14,ok,0.9286,0.9149,13,0.9885,0.3553,0.0737,-1,0.2887,0.5733,0,rank_ok,,nurion
POSCAR_Fe2Te2_1_st025,186,14,ok,0.7944,0.9507,13,0.9961,0.2859,0.0454,-1,0.2654,0.5084,0,rank_ok,,nurion
POSCAR_Fe2Te2_1_st050,186,14,ok,0.6772,0.9711,13,0.9992,0.2217,0.0280,-1,0.2499,0.4556,0,rank_ok,,nurion
POSCAR_Fe2Te2_1_st950,186,14,ok,1.2320,0.7890,16,0.9544,2.4713,0.1654,2,0.3972,0.7563,0,A,rank_under,nurion
POSCAR_Fe2Te2_1_st975,186,14,ok,1.0610,0.8428,13,0.9673,0.4071,0.1245,-1,0.3489,0.6539,0,A,rank_over,nurion
POSCAR_Fe2Te2_1_x025,186,14,ok,0.9377,0.9237,13,0.9887,0.2752,0.0650,-1,0.2914,0.6625,0,rank_ok,,nurion
POSCAR_Fe2Te2_1_x050,186,14,ok,0.9503,0.9376,13,0.9905,0.2026,0.0529,-1,0.2919,0.7477,0,rank_ok,,nurion
POSCAR_Fe2Te2_1_y025,160,14,ok,0.8523,0.9144,13,0.9917,0.2422,0.0773,-1,0.3790,0.6101,0,rank_ok,,nurion
POSCAR_Fe2Te2_1_y950,186,14,ok,1.0812,0.8949,13,0.9614,0.3439,0.0665,-1,0.2836,0.7373,0,rank_ok,,nurion
POSCAR_Fe2Te2_1_y975,186,14,ok,1.0122,0.9031,13,0.9770,0.3639,0.0740,-1,0.2673,0.6483,0,rank_ok,,nurion
POSCAR_Fe2Te2_1_z025,160,14,ok,0.8542,0.9416,13,0.9924,0.3729,0.0508,-1,0.2414,0.4813,0,rank_ok,,nurion
POSCAR_Fe2Te2_1_z050,186,14,ok,0.7635,0.9667,13,0.9914,0.3575,0.0248,-1,0.2571,0.4059,0,rank_ok,,nurion
POSCAR_Fe2Te2_1_z950,186,14,ok,1.0337,0.8333,13,0.9689,0.2616,0.1356,-1,0.4591,0.7721,0,A,rank_over,nurion
POSCAR_Fe2Te2_1_z975,186,14,ok,0.9851,0.8773,13,0.9803,0.3126,0.1030,-1,0.3690,0.6725,0,A,rank_over,nurion
POSCAR_Fe2Te4_1,93,20,ok,0.3629,0.9548,22,0.9897,1.9037,0.0349,2,0.0065,0.2143,1,rank_ok,,nurion
POSCAR_Fe2Te4_1_st025,143,17,ok,0.3571,0.9860,19,0.9965,0.7463,0.0105,2,0.0598,0.3729,0,rank_ok,,nurion
POSCAR_Fe2Te4_1_st050,108,18,ok,0.3229,0.9958,20,0.9982,0.3660,0.0024,2,0.1839,0.0468,1,rank_ok,,nurion
POSCAR_Fe2Te4_1_st950,58,20,ok,0.5301,0.9988,20,0.9988,0.5301,0.0000,0,0.1864,0.4957,0,rank_ok,,nurion
POSCAR_Fe2Te4_1_st975,58,20,ok,0.4115,0.9994,20,0.9994,0.4115,0.0000,0,0.2863,0.4237,0,rank_ok,,nurion
POSCAR_Fe2Te4_1_x025,53,17,ok,0.3446,0.9619,15,0.9689,0.3621,0.0069,-2,0.1639,0.0551,0,rank_ok,,nurion
POSCAR_Fe2Te4_1_x050,145,17,ok,0.3668,0.5944,16,0.9114,0.1308,0.3170,-1,0.0757,0.1599,0,A,rank_over,nurion
POSCAR_Fe2Te4_1_x950,143,17,ok,0.5326,0.9859,18,0.9996,0.7741,0.0138,1,0.1355,0.2415,0,rank_ok,,nurion
POSCAR_Fe2Te4_1_x975,143,17,ok,0.4745,0.9806,18,0.9992,0.7760,0.0186,1,0.0318,0.3015,1,rank_ok,,nurion
POSCAR_Fe2Te4_1_y025,143,17,ok,0.4002,0.9839,18,0.9982,0.7298,0.0144,1,0.1028,0.3296,0,rank_ok,,nurion
POSCAR_Fe2Te4_1_y050,143,17,ok,0.3812,0.9839,19,0.9996,0.6772,0.0157,2,0.2477,0.2325,0,rank_ok,,nurion
POSCAR_Fe2Te4_1_y950,156,19,ok,0.4892,0.9967,19,0.9967,0.4892,0.0000,0,0.4431,0.2258,0,rank_ok,,nurion
POSCAR_Fe2Te4_1_y975,156,19,ok,0.3961,0.9974,18,0.9984,0.5024,0.0010,-1,0.4517,0.3283,0,rank_ok,,nurion
POSCAR_Fe2Te4_1_z025,143,17,ok,0.3854,0.7130,16,0.9230,0.0041,0.2100,-1,0.0372,0.3481,1,A,rank_over,nurion
POSCAR_Fe2Te4_1_z050,156,19,ok,0.4312,0.9982,18,0.9983,0.4412,0.0001,-1,0.3773,0.1680,0,rank_ok,,nurion
POSCAR_Fe2Te4_1_z950,58,20,ok,0.3767,0.9981,20,0.9981,0.3767,0.0000,0,0.4470,0.5091,0,rank_ok,,nurion
POSCAR_Fe2Te4_1_z975,53,17,ok,0.3553,0.9683,15,0.9985,0.3920,0.0302,-2,0.1152,0.0659,0,rank_ok,,nurion
POSCAR_Fe2Te6_1,43,25,ok,0.5615,0.9964,25,0.9964,0.5615,0.0000,0,0.1694,0.0439,1,rank_ok,,nurion
POSCAR_Fe2Te6_1_x025,118,26,ok,0.5241,0.9947,27,0.9987,0.7508,0.0040,1,0.2076,0.2267,0,rank_ok,,nurion
POSCAR_Fe2Tl3_1,222,29,ok,0.0150,1.0000,29,1.0000,0.0150,0.0000,0,0.3196,0.3364,0,rank_ok,,nurion
POSCAR_Fe2Tl3_1_st050,40,29,ok,0.0117,1.0000,29,1.0000,0.0117,0.0000,0,0.2814,0.2923,0,rank_ok,,nurion
POSCAR_Fe2Tl3_1_st950,319,28,ok,0.0131,1.0000,28,1.0000,0.0131,0.0000,0,0.4150,0.4349,0,rank_ok,,nurion
POSCAR_Fe2Tl3_1_st975,122,29,ok,0.0128,1.0000,29,1.0000,0.0128,0.0000,0,0.3527,0.3669,0,rank_ok,,nurion
POSCAR_Fe2Tl3_1_x050,214,29,ok,0.0142,1.0000,29,1.0000,0.0142,0.0000,0,0.2410,0.2553,0,rank_ok,,nurion
POSCAR_Fe2Tl3_1_x975,254,29,ok,0.0130,1.0000,29,1.0000,0.0130,0.0000,0,0.2622,0.2458,0,rank_ok,,nurion
POSCAR_Fe2Tl3_1_y025,306,28,ok,0.0138,1.0000,28,1.0000,0.0138,0.0000,0,0.2466,0.2301,0,rank_ok,,nurion
POSCAR_Fe2Tl3_1_y950,300,27,ok,0.0128,1.0000,27,1.0000,0.0128,0.0000,0,0.2596,0.2442,0,rank_ok,,nurion
POSCAR_Fe2Tl3_1_y975,222,29,ok,0.0168,1.0000,29,1.0000,0.0168,0.0000,0,0.3478,0.3663,0,rank_ok,,nurion
POSCAR_Fe2Tl3_1_z025,214,29,ok,0.0116,1.0000,29,1.0000,0.0116,0.0000,0,0.3836,0.3959,0,rank_ok,,nurion
POSCAR_Fe2Tl3_1_z050,306,28,ok,0.0135,0.9998,28,0.9998,0.0135,0.0000,0,0.2923,0.2873,0,rank_ok,,nurion
POSCAR_Fe2Tl3_1_z950,92,28,ok,0.0145,0.9999,28,0.9999,0.0145,0.0000,0,0.1803,0.2055,0,rank_ok,,nurion
POSCAR_Fe2Tl3_1_z975,92,28,ok,0.0142,1.0000,28,1.0000,0.0142,0.0000,0,0.1299,0.1583,0,rank_ok,,nurion
POSCAR_Ga2Ru2_4,207,24,ok,0.2968,0.9960,24,0.9960,0.2968,0.0000,0,0.0473,0.1255,1,rank_ok,,local
POSCAR_Ga2Ru2_4_st025,190,24,ok,0.2439,0.9935,23,0.9957,0.4321,0.0023,-1,0.4144,0.1199,0,rank_ok,,tgm
POSCAR_Ga2Ru2_4_x025,91,24,ok,0.3102,0.9987,24,0.9987,0.3102,0.0000,0,0.1374,0.3367,0,rank_ok,,nurion
POSCAR_Ga2Ru2_4_x050,173,24,ok,0.2558,0.9977,24,0.9977,0.2558,0.0000,0,0.1242,0.4366,0,rank_ok,,nurion
POSCAR_Ga2Ru2_4_x950,247,24,ok,0.3408,0.9943,24,0.9943,0.3408,0.0000,0,0.3484,0.1592,0,rank_ok,,nurion
POSCAR_Ga2Ru2_4_x975,91,24,ok,0.2714,0.9995,24,0.9995,0.2714,0.0000,0,0.1941,0.4627,0,rank_ok,,nurion
POSCAR_Ga2Ru2_4_y025,190,24,ok,0.3100,0.9985,24,0.9985,0.3100,0.0000,0,0.1387,0.3368,0,rank_ok,,nurion
POSCAR_Ga2Ru2_4_y050,209,24,ok,0.2559,0.9976,22,0.9999,0.7284,0.0023,-2,0.4364,0.1245,0,rank_ok,,nurion
POSCAR_Ga2Ru2_4_y950,191,24,ok,0.3405,0.9940,24,0.9940,0.3405,0.0000,0,0.3486,0.1595,0,rank_ok,,nurion
POSCAR_Ga2Ru2_4_y975,151,24,ok,0.2718,0.9995,24,0.9995,0.2718,0.0000,0,0.4638,0.1952,0,rank_ok,,nurion
POSCAR_Ga2Ru2_4_z025,90,24,ok,0.3158,0.9982,24,0.9982,0.3158,0.0000,0,0.0508,0.0455,1,rank_ok,,nurion
POSCAR_Ga2Ru2_4_z975,159,24,ok,0.2512,0.9997,24,0.9997,0.2512,0.0000,0,0.3313,0.5023,0,rank_ok,,nurion
POSCAR_Ga4Ti2_1,1,38,ok,0.0179,1.0000,38,1.0000,0.0179,0.0000,0,0.5974,0.5795,0,rank_ok,,local
POSCAR_Ge2Mn2_2,186,25,ok,1.0041,0.8461,24,0.9984,1.0213,0.1522,-1,0.4307,0.4583,0,A,rank_under,nurion
POSCAR_Ge2Mn2_2_st025,186,25,ok,1.0869,0.8277,24,0.9986,0.9215,0.1709,-1,0.3846,0.2300,0,A,rank_over,nurion
POSCAR_Ge2Mn2_2_st050,216,25,ok,1.1176,0.9503,24,0.9575,1.4579,0.0072,-1,0.0972,0.3403,0,rank_ok,,nurion
POSCAR_Ge2Mn2_2_st950,186,26,ok,1.3053,0.7233,25,0.9905,0.3037,0.2671,-1,0.4606,0.0144,1,A,rank_over,nurion
POSCAR_Ge2Mn2_2_st975,186,26,ok,1.0115,0.7062,25,0.9933,0.2920,0.2870,-1,0.6071,0.3183,0,A,rank_over,nurion
POSCAR_Ge2Mn2_2_x025,186,25,ok,1.1062,0.8187,24,0.9977,0.9813,0.1790,-1,0.3529,0.3547,0,A,rank_over,nurion
POSCAR_Ge2Mn2_2_x050,224,25,ok,1.1409,0.8404,24,0.9989,0.9261,0.1585,-1,0.3424,0.2848,0,A,rank_over,nurion
POSCAR_Ge2Mn2_2_x975,260,26,ok,0.9747,0.9223,27,0.9780,1.1379,0.0557,1,0.8286,0.1632,0,rank_ok,,nurion
POSCAR_Ge2Mn2_2_y025,216,25,ok,1.1067,0.8193,26,0.9960,0.2536,0.1767,1,0.3525,0.3544,0,A,rank_over,nurion
POSCAR_Ge2Mn2_2_y050,224,25,ok,1.1436,0.8413,24,0.9988,0.9242,0.1575,-1,0.3438,0.2839,0,A,rank_over,nurion
POSCAR_Ge2Mn2_2_y950,223,25,ok,1.0609,0.9454,24,0.9990,0.7924,0.0536,-1,0.2766,0.4418,0,rank_ok,,nurion
POSCAR_Ge2Mn2_2_y975,190,26,ok,0.9702,0.9228,27,0.9479,0.1353,0.0251,1,0.1714,0.8349,0,rank_ok,,nurion
POSCAR_Ge2Mn2_2_z025,186,25,ok,0.9209,0.8466,24,0.9980,1.0263,0.1514,-1,0.4969,0.4212,0,A,rank_under,nurion
POSCAR_Ge2Mn2_2_z950,186,25,ok,1.1854,0.8543,24,0.9995,1.0190,0.1451,-1,0.3161,0.5431,0,A,rank_over,nurion
POSCAR_Ge2Mn2_2_z975,186,25,ok,1.0920,0.8504,24,0.9996,1.0187,0.1492,-1,0.3694,0.5008,0,A,rank_over,nurion
POSCAR_Ge2Mn2_3,120,27,ok,0.0996,0.9999,27,0.9999,0.0996,0.0000,0,0.6960,0.6479,0,rank_ok,,nurion
POSCAR_Ge2Mn2_3_st025,120,27,ok,0.0928,1.0000,27,1.0000,0.0928,0.0000,0,0.6265,0.7000,0,rank_ok,,nurion
POSCAR_Ge2Mn2_3_st975,120,27,ok,0.0948,0.9996,27,0.9996,0.0948,0.0000,0,0.7485,0.6484,0,rank_ok,,nurion
POSCAR_Ge2Mn2_3_x950,425,26,ok,0.1018,0.9988,26,0.9988,0.1018,0.0000,0,0.2983,0.3263,0,rank_ok,,nurion
POSCAR_Ge2Mn2_3_x975,120,27,ok,0.0956,0.9998,27,0.9998,0.0956,0.0000,0,0.7304,0.6727,0,rank_ok,,nurion
POSCAR_Ge2Mn2_3_y050,100,27,ok,0.0908,1.0000,27,1.0000,0.0908,0.0000,0,0.6731,0.5749,0,rank_ok,,nurion
POSCAR_Ge2Mn2_3_y975,425,26,ok,0.1094,0.9992,26,0.9992,0.1094,0.0000,0,0.1668,0.3742,0,rank_ok,,nurion
POSCAR_Ge2Mn2_3_z975,120,27,ok,0.0983,1.0000,27,1.0000,0.0983,0.0000,0,0.6225,0.6683,0,rank_ok,,nurion
POSCAR_Ge2Mo2_2,258,27,ok,0.5700,0.9945,26,0.9998,0.5336,0.0053,-1,0.3132,0.0201,1,rank_ok,,nurion
POSCAR_Ge2Mo2_2_st050,258,27,ok,0.4219,0.9880,28,0.9983,0.6420,0.0103,1,0.4638,0.2201,0,rank_ok,,nurion
POSCAR_Ge2Mo2_2_st950,386,28,ok,0.3279,0.9997,30,0.9997,1.2525,0.0000,2,0.1117,0.0640,0,rank_ok,,nurion
POSCAR_Ge2Mo2_2_st975,246,28,ok,0.4430,0.9917,27,0.9984,0.3735,0.0067,-1,0.3905,0.1444,0,rank_ok,,nurion
POSCAR_Ge2Mo2_2_x025,294,27,ok,0.6359,0.9998,26,1.0000,0.9294,0.0002,-1,0.1029,0.2935,0,rank_ok,,nurion
POSCAR_Ge2Mo2_2_x050,294,27,ok,0.6359,1.0000,27,1.0000,0.6359,0.0000,0,0.1139,0.2257,0,rank_ok,,nurion
POSCAR_Ge2Mo2_2_x950,102,28,ok,0.4621,0.9910,27,0.9992,0.1966,0.0082,-1,0.1348,0.1313,0,rank_ok,,nurion
POSCAR_Ge2Mo2_2_x975,258,27,ok,0.5505,1.0000,27,1.0000,0.5505,0.0000,0,0.3426,0.0133,1,rank_ok,,nurion
POSCAR_Ge2Mo2_2_y025,258,27,ok,0.6356,0.9997,25,1.0000,0.5263,0.0003,-2,0.2936,0.1034,0,rank_ok,,nurion
POSCAR_Ge2Mo2_2_y050,258,27,ok,0.6356,1.0000,27,1.0000,0.6356,0.0000,0,0.2252,0.1146,0,rank_ok,,nurion
POSCAR_Ge2Mo2_2_y950,228,28,ok,0.4616,0.9906,27,0.9992,0.1969,0.0086,-1,0.1359,0.1315,0,rank_ok,,nurion
POSCAR_Ge2Mo2_2_y975,385,27,ok,0.5511,1.0000,27,1.0000,0.5511,0.0000,0,0.3423,0.0122,1,rank_ok,,nurion
POSCAR_Ge2Mo2_2_z025,258,27,ok,0.4748,0.9946,26,1.0000,0.5006,0.0053,-1,0.2877,0.0798,0,rank_ok,,nurion
POSCAR_Ge2Mo2_2_z050,388,27,ok,0.3658,0.9953,26,0.9996,0.6378,0.0044,-1,0.1288,0.2720,0,rank_ok,,nurion
POSCAR_Ge2Mo2_2_z950,147,28,ok,0.5642,0.9942,29,1.0000,0.7499,0.0058,1,0.1347,0.1857,0,rank_ok,,nurion
POSCAR_Ge2Mo2_2_z975,294,27,ok,0.5844,1.0000,27,1.0000,0.5844,0.0000,0,0.0758,0.3658,0,rank_ok,,nurion
POSCAR_Ge2Ru2_2,367,28,ok,0.2036,0.9980,28,0.9980,0.2036,0.0000,0,1.0363,0.8224,0,rank_ok,,local
POSCAR_Ge2Ru2_2_st025,354,28,ok,0.2798,0.9965,30,0.9978,1.8367,0.0013,2,1.1794,0.9353,0,rank_ok,,tgm
POSCAR_Ge2Ru2_2_st050,354,28,ok,0.3069,0.9916,30,0.9959,1.7939,0.0043,2,1.1718,0.8064,0,rank_ok,,tgm
POSCAR_Ge2Ru2_2_st950,113,27,ok,0.1368,0.9996,29,1.0000,0.4543,0.0004,2,0.0545,0.0489,1,rank_ok,,tgm
POSCAR_Ge2Ru2_2_st975,367,28,ok,0.1235,0.9993,28,0.9993,0.1235,0.0000,0,0.7636,0.6285,0,rank_ok,,tgm
POSCAR_Ge2Ru2_2_x025,484,28,ok,0.2438,0.9977,28,0.9977,0.2438,0.0000,0,1.0481,0.9997,0,rank_ok,,nurion
POSCAR_Ge2Ru2_2_x050,484,28,ok,0.3059,0.9960,29,0.9973,1.5206,0.0014,1,0.9988,1.2147,0,rank_ok,,nurion
POSCAR_Ge2Ru2_2_x950,296,25,ok,0.2082,0.9992,27,1.0000,0.4805,0.0008,2,0.3054,0.0507,0,rank_ok,,nurion
POSCAR_Ge2Ru2_2_x975,367,28,ok,0.1791,0.9987,28,0.9987,0.1791,0.0000,0,0.8877,0.7066,0,rank_ok,,nurion
POSCAR_Ge2Ru2_2_y025,380,28,ok,0.2441,0.9979,28,0.9979,0.2441,0.0000,0,0.9998,1.0478,0,rank_ok,,nurion
POSCAR_Ge2Ru2_2_y050,380,28,ok,0.3061,0.9959,30,0.9998,1.7809,0.0039,2,1.2137,0.9983,0,rank_ok,,nurion
POSCAR_Ge2Ru2_2_y950,103,25,ok,0.2304,0.9994,24,1.0000,0.3078,0.0005,-1,0.2162,0.2632,0,rank_ok,,nurion
POSCAR_Ge2Ru2_2_y975,302,28,ok,0.1794,0.9986,28,0.9986,0.1794,0.0000,0,0.6976,0.8764,0,rank_ok,,nurion
POSCAR_Ge2Ru2_2_z025,367,28,ok,0.2129,0.9977,28,0.9977,0.2129,0.0000,0,0.9087,0.6833,0,rank_ok,,nurion
POSCAR_Ge2Ru2_2_z050,367,28,ok,0.2381,0.9967,29,0.9977,1.8339,0.0010,1,0.7711,0.5231,0,rank_ok,,nurion
POSCAR_Ge2Ru2_2_z950,367,28,ok,0.1691,0.9985,28,0.9985,0.1691,0.0000,0,0.6317,0.7729,0,rank_ok,,nurion
POSCAR_Ge2Ru2_2_z975,367,28,ok,0.1731,0.9984,28,0.9984,0.1731,0.0000,0,0.9439,0.8940,0,rank_ok,,nurion
POSCAR_Ge2V2_2,425,26,ok,0.0133,1.0000,26,1.0000,0.0133,0.0000,0,0.9170,0.9009,0,rank_ok,,nurion
POSCAR_Ge2V2_2_st950,425,26,ok,0.0125,1.0000,26,1.0000,0.0125,0.0000,0,1.0793,1.0675,0,rank_ok,,nurion
POSCAR_Ge2V2_2_x025,431,26,ok,0.0129,1.0000,26,1.0000,0.0129,0.0000,0,0.9840,0.9701,0,rank_ok,,nurion
POSCAR_Ge2V2_2_x950,426,26,ok,0.0127,1.0000,26,1.0000,0.0127,0.0000,0,0.7176,0.7051,0,rank_ok,,nurion
POSCAR_Ge2V2_2_x975,426,26,ok,0.0134,1.0000,26,1.0000,0.0134,0.0000,0,0.8017,0.7869,0,rank_ok,,nurion
POSCAR_Ge2V2_2_y025,426,26,ok,0.0129,1.0000,26,1.0000,0.0129,0.0000,0,0.9834,0.9693,0,rank_ok,,nurion
POSCAR_Ge2V2_2_y950,431,26,ok,0.0127,1.0000,26,1.0000,0.0127,0.0000,0,0.7183,0.7058,0,rank_ok,,nurion
POSCAR_Ge2V2_2_y975,431,26,ok,0.0135,1.0000,26,1.0000,0.0135,0.0000,0,0.8023,0.7876,0,rank_ok,,nurion
POSCAR_Ge2V2_2_z025,441,26,ok,0.0125,1.0000,26,1.0000,0.0125,0.0000,0,0.6516,0.6379,0,rank_ok,,nurion
POSCAR_Ge2V2_2_z050,441,26,ok,0.0116,1.0000,26,1.0000,0.0116,0.0000,0,0.4236,0.4109,0,rank_ok,,nurion
POSCAR_Ge2V2_2_z950,461,24,ok,0.0214,1.0000,24,1.0000,0.0214,0.0000,0,0.1066,0.1306,0,rank_ok,,nurion
POSCAR_Ge2V2_3,6,26,ok,0.0131,1.0000,26,1.0000,0.0131,0.0000,0,0.0429,0.0573,1,rank_ok,,nurion
POSCAR_Ge2V2_3_st025,6,26,ok,0.0126,1.0000,26,1.0000,0.0126,0.0000,0,0.2522,0.2660,0,rank_ok,,nurion
POSCAR_Ge2V2_3_st050,47,26,ok,0.0118,1.0000,26,1.0000,0.0118,0.0000,0,0.2916,0.3017,0,rank_ok,,nurion
POSCAR_Ge2V2_3_st950,6,25,ok,0.0136,1.0000,25,1.0000,0.0136,0.0000,0,0.4008,0.3871,0,rank_ok,,nurion
POSCAR_Ge2V2_3_st975,6,25,ok,0.0137,1.0000,25,1.0000,0.0137,0.0000,0,0.1793,0.1650,0,rank_ok,,nurion
POSCAR_Ge2V2_3_x025,6,26,ok,0.0130,1.0000,26,1.0000,0.0130,0.0000,0,0.1753,0.1898,0,rank_ok,,nurion
POSCAR_Ge2V2_3_x050,358,24,ok,0.0126,1.0000,24,1.0000,0.0126,0.0000,0,0.4218,0.4109,0,rank_ok,,nurion
POSCAR_Ge2V2_3_x950,6,25,ok,0.0135,1.0000,25,1.0000,0.0135,0.0000,0,0.2612,0.2471,0,rank_ok,,nurion
POSCAR_Ge2V2_3_x975,6,25,ok,0.0132,0.9999,25,0.9999,0.0132,0.0000,0,0.1028,0.0886,0,rank_ok,,nurion
POSCAR_Ge2V2_3_y025,6,26,ok,0.0122,1.0000,26,1.0000,0.0122,0.0000,0,0.0146,0.0275,1,rank_ok,,nurion
POSCAR_Ge2V2_3_y050,358,28,ok,0.0119,1.0000,28,1.0000,0.0119,0.0000,0,0.5291,0.5384,0,rank_ok,,nurion
POSCAR_Ge2V2_3_y950,6,26,ok,0.0136,1.0000,26,1.0000,0.0136,0.0000,0,0.1068,0.0928,0,rank_ok,,nurion
POSCAR_Ge2V2_3_y975,6,26,ok,0.0134,1.0000,26,1.0000,0.0134,0.0000,0,0.0837,0.0984,0,rank_ok,,nurion
POSCAR_Ge2V2_3_z025,6,26,ok,0.0129,1.0000,26,1.0000,0.0129,0.0000,0,0.1550,0.1688,0,rank_ok,,nurion
POSCAR_Ge2V2_3_z050,6,26,ok,0.0127,1.0000,26,1.0000,0.0127,0.0000,0,0.2730,0.2603,0,rank_ok,,nurion
POSCAR_Ge2V2_3_z950,358,28,ok,0.0140,1.0000,28,1.0000,0.0140,0.0000,0,0.8098,0.8210,0,rank_ok,,nurion
POSCAR_Ge2V2_3_z975,358,28,ok,0.0135,1.0000,28,1.0000,0.0135,0.0000,0,0.8688,0.8790,0,rank_ok,,nurion
POSCAR_Ge4V2_1,29,40,ok,0.6539,0.9747,38,0.9988,1.1047,0.0241,-2,0.4464,0.1448,0,rank_ok,,nurion
POSCAR_Ge4V2_1_st025,76,40,ok,0.6945,0.9279,39,0.9970,0.9087,0.0691,-1,0.2652,0.2142,0,rank_ok,,nurion
POSCAR_Ge4V2_1_st050,76,40,ok,0.7182,0.9994,40,0.9994,0.7182,0.0000,0,0.1867,0.2029,0,rank_ok,,nurion
POSCAR_Ge4V2_1_st950,66,41,ok,0.8298,0.9657,42,0.9957,1.5187,0.0300,1,0.4586,0.2202,0,rank_ok,,nurion
POSCAR_Ge4V2_1_st975,22,41,ok,0.8281,0.9905,41,0.9905,0.8281,0.0000,0,0.3838,0.0297,1,rank_ok,,nurion
POSCAR_I4Mn2_1,88,22,ok,0.6075,0.9979,24,1.0000,0.0946,0.0021,2,0.0454,0.0564,1,rank_ok,,nurion
POSCAR_I4Mn2_1_st025,88,22,ok,0.5927,1.0000,22,1.0000,0.5927,0.0000,0,0.0445,0.1006,1,rank_ok,,nurion
POSCAR_I4Mn2_1_st050,88,22,ok,0.5164,0.9986,21,0.9997,0.6457,0.0011,-1,0.0910,0.1293,0,rank_ok,,nurion
POSCAR_I4Mn2_1_st950,48,22,ok,0.5123,0.9102,20,0.9669,1.1960,0.0567,-2,0.0597,0.1181,0,rank_ok,,nurion
POSCAR_I4Mn2_1_st975,48,22,ok,0.5957,0.9618,21,0.9769,0.4862,0.0151,-1,0.0004,0.0729,1,rank_ok,,nurion
POSCAR_I4Mn2_1_x025,88,22,ok,0.5629,0.9993,24,0.9998,0.1034,0.0005,2,0.0670,0.0713,0,rank_ok,,nurion
POSCAR_I4Mn2_1_x050,88,22,ok,0.5165,0.9999,22,0.9999,0.5165,0.0000,0,0.0933,0.0816,0,rank_ok,,nurion
POSCAR_I4Mn2_1_x950,88,22,ok,0.7016,0.9957,24,1.0000,0.0844,0.0043,2,0.0070,0.0109,1,rank_ok,,nurion
POSCAR_I4Mn2_1_x975,88,22,ok,0.6531,0.9971,24,1.0000,0.0887,0.0029,2,0.0260,0.0365,1,rank_ok,,nurion
POSCAR_I4Mn2_1_y025,88,22,ok,0.6286,0.9983,24,0.9999,0.0844,0.0017,2,0.0277,0.0749,1,rank_ok,,nurion
POSCAR_I4Mn2_1_y050,88,22,ok,0.6429,0.9990,20,0.9999,1.3904,0.0009,-2,0.0155,0.0954,1,rank_ok,,nurion
POSCAR_I4Mn2_1_y950,48,22,ok,0.5473,0.9981,21,0.9999,0.4591,0.0018,-1,0.0325,0.0938,1,rank_ok,,nurion
POSCAR_I4Mn2_1_y975,48,22,ok,0.5803,0.9978,21,0.9997,0.4509,0.0019,-1,0.0419,0.0661,1,rank_ok,,nurion
POSCAR_I4Mn2_1_z025,88,22,ok,0.6286,0.9983,24,0.9999,0.0845,0.0017,2,0.0277,0.0750,1,rank_ok,,nurion
POSCAR_I4Mn2_1_z050,88,22,ok,0.6427,0.9990,20,0.9999,1.3902,0.0009,-2,0.0155,0.0955,1,rank_ok,,nurion
POSCAR_I4Mn2_1_z950,48,22,ok,0.5473,0.9983,21,0.9999,0.4590,0.0016,-1,0.0323,0.0938,1,rank_ok,,nurion
POSCAR_I4Mn2_1_z975,48,22,ok,0.5803,0.9980,21,0.9997,0.4509,0.0018,-1,0.0418,0.0661,1,rank_ok,,nurion
POSCAR_I4Nb2_1,45,27,ok,0.2183,0.9937,27,0.9937,0.2183,0.0000,0,0.2958,0.0766,0,rank_ok,,nurion
POSCAR_I4Nb2_1_st025,119,23,ok,0.2060,0.9705,23,0.9705,0.2060,0.0000,0,0.0376,0.2383,1,rank_ok,,nurion
POSCAR_I4Nb2_1_st050,119,23,ok,0.1765,0.9775,23,0.9775,0.1765,0.0000,0,0.0201,0.2410,1,rank_ok,,nurion
POSCAR_I4Nb2_1_st950,45,27,ok,0.3131,0.9918,27,0.9918,0.3131,0.0000,0,0.3950,0.1263,0,rank_ok,,nurion
POSCAR_I4Nb2_1_st975,45,27,ok,0.2592,0.9931,27,0.9931,0.2592,0.0000,0,0.3384,0.0963,0,rank_ok,,nurion
POSCAR_I4Nb2_1_x025,119,23,ok,0.2465,0.9628,23,0.9628,0.2465,0.0000,0,0.0726,0.2829,0,rank_ok,,nurion
POSCAR_I4Nb2_1_x050,119,23,ok,0.2537,0.9572,23,0.9572,0.2537,0.0000,0,0.0902,0.2323,0,rank_ok,,nurion
POSCAR_I4Nb2_1_x950,45,27,ok,0.2200,0.9945,27,0.9945,0.2200,0.0000,0,0.2511,0.0885,0,rank_ok,,nurion
POSCAR_I4Nb2_1_x975,45,27,ok,0.2186,0.9938,27,0.9938,0.2186,0.0000,0,0.2727,0.0850,0,rank_ok,,nurion
POSCAR_I4Nb2_1_y025,45,27,ok,0.1997,0.9938,27,0.9938,0.1997,0.0000,0,0.2667,0.0761,0,rank_ok,,nurion
POSCAR_I4Nb2_1_y050,45,27,ok,0.1792,0.9948,27,0.9948,0.1792,0.0000,0,0.2387,0.0813,0,rank_ok,,nurion
POSCAR_I4Nb2_1_y950,45,27,ok,0.2510,0.9936,27,0.9936,0.2510,0.0000,0,0.3563,0.0880,0,rank_ok,,nurion
POSCAR_I4Nb2_1_y975,45,27,ok,0.2355,0.9932,27,0.9932,0.2355,0.0000,0,0.3264,0.0805,0,rank_ok,,nurion
POSCAR_I4Nb2_1_z025,45,27,ok,0.2003,0.9938,27,0.9938,0.2003,0.0000,0,0.2678,0.0756,0,rank_ok,,nurion
POSCAR_I4Nb2_1_z050,40,27,ok,0.1803,0.9944,27,0.9944,0.1803,0.0000,0,0.2408,0.0800,0,rank_ok,,nurion
POSCAR_I4Nb2_1_z950,45,27,ok,0.2498,0.9940,27,0.9940,0.2498,0.0000,0,0.3538,0.0889,0,rank_ok,,nurion
POSCAR_I4Nb2_1_z975,45,27,ok,0.2350,0.9935,27,0.9935,0.2350,0.0000,0,0.3252,0.0809,0,rank_ok,,nurion
POSCAR_I4Ni2_1,90,20,ok,0.1930,0.9959,18,0.9999,0.5067,0.0040,-2,0.0501,0.0929,0,rank_ok,,nurion
POSCAR_I4Ni2_1_st025,90,20,ok,0.1647,0.9952,18,0.9999,0.4684,0.0047,-2,0.0691,0.0959,0,rank_ok,,nurion
POSCAR_I4Ni2_1_st050,80,18,ok,0.1382,0.9971,20,0.9999,0.4291,0.0029,2,0.2013,0.1346,0,rank_ok,,nurion
POSCAR_I4Ni2_1_st950,17,22,ok,0.2060,0.9978,21,1.0000,0.2411,0.0022,-1,0.1004,0.1042,0,rank_ok,,nurion
POSCAR_I4Ni2_1_st975,90,20,ok,0.2127,0.9999,20,0.9999,0.2127,0.0000,0,0.0455,0.0786,1,rank_ok,,nurion
POSCAR_I4Ni2_1_x025,80,20,ok,0.1911,0.9925,18,0.9991,0.4483,0.0067,-2,0.0827,0.0390,1,rank_ok,,nurion
POSCAR_I4Ni2_1_x975,90,20,ok,0.2045,0.9983,18,0.9999,0.5025,0.0016,-2,0.0369,0.0697,1,rank_ok,,nurion
POSCAR_I4Ni2_1_y025,90,20,ok,0.1936,0.9928,18,0.9998,0.4932,0.0070,-2,0.0408,0.0809,1,rank_ok,,nurion
POSCAR_I4Ni2_1_y975,80,20,ok,0.2007,0.9983,18,0.9998,0.4537,0.0015,-2,0.0712,0.0372,1,rank_ok,,nurion
POSCAR_I4Ni2_1_z025,90,20,ok,0.1738,0.9970,18,0.9999,0.4791,0.0028,-2,0.0663,0.0878,0,rank_ok,,nurion
POSCAR_I4Ni2_1_z050,96,22,ok,0.1676,0.9986,23,1.0000,0.0876,0.0013,1,0.0455,0.0574,1,rank_ok,,nurion
POSCAR_I4Ni2_1_z950,90,20,ok,0.2124,0.9981,18,0.9999,0.5746,0.0018,-2,0.0491,0.1029,1,rank_ok,,nurion
POSCAR_I4Ni2_1_z975,90,20,ok,0.2058,0.9965,18,1.0000,0.5390,0.0035,-2,0.0437,0.0987,1,rank_ok,,nurion
POSCAR_I4Rh2_1,123,23,ok,0.3338,0.9964,23,0.9964,0.3338,0.0000,0,0.0504,0.1699,0,rank_ok,,nurion
POSCAR_I4Rh2_1_x025,123,27,ok,0.3196,0.9519,29,0.9942,0.1842,0.0423,2,0.0563,0.1220,0,rank_ok,,nurion
POSCAR_I4Rh2_1_x050,145,27,ok,0.3281,0.9518,29,0.9628,0.3984,0.0110,2,0.1180,0.0212,1,rank_ok,,nurion
POSCAR_I4Rh2_1_x950,123,23,ok,0.3608,0.9971,23,0.9971,0.3608,0.0000,0,0.4315,0.2266,0,rank_ok,,nurion
POSCAR_I4Rh2_1_x975,123,23,ok,0.3484,0.9961,23,0.9961,0.3484,0.0000,0,0.2224,0.1957,0,rank_ok,,nurion
POSCAR_I4Rh2_1_y025,123,23,ok,0.3210,0.9986,23,0.9986,0.3210,0.0000,0,0.1315,0.1525,0,rank_ok,,nurion
POSCAR_I4Rh2_1_y050,123,23,ok,0.3068,0.9997,23,0.9997,0.3068,0.0000,0,0.2099,0.1367,0,rank_ok,,nurion
POSCAR_I4Rh2_1_y950,123,27,ok,0.3129,0.9285,29,0.9955,0.1824,0.0670,2,0.0623,0.2059,0,rank_ok,,nurion
POSCAR_I4Rh2_1_y975,123,27,ok,0.3221,0.9425,29,0.9947,0.2023,0.0521,2,0.0609,0.1677,0,rank_ok,,nurion
POSCAR_I4Rh2_1_z025,123,23,ok,0.3212,0.9983,23,0.9983,0.3212,0.0000,0,0.1312,0.1524,0,rank_ok,,nurion
POSCAR_I4Rh2_1_z050,123,23,ok,0.3071,0.9997,23,0.9997,0.3071,0.0000,0,0.2095,0.1366,0,rank_ok,,nurion
POSCAR_I4Rh2_1_z950,123,27,ok,0.3147,0.9280,29,0.9955,0.1814,0.0675,2,0.0578,0.2053,0,rank_ok,,nurion
POSCAR_I4Rh2_1_z975,123,27,ok,0.3229,0.9418,29,0.9947,0.2020,0.0529,2,0.0590,0.1674,0,rank_ok,,nurion
POSCAR_I4Ti2_1,118,23,ok,0.0808,0.9997,22,0.9999,0.0886,0.0002,-1,0.0841,0.0077,1,rank_ok,,local
POSCAR_I4Ti2_1_st025,85,23,ok,0.0607,0.9986,24,0.9999,0.3020,0.0013,1,0.1064,0.0213,1,rank_ok,,tgm
POSCAR_I4Ti2_1_st050,135,20,ok,0.1160,0.9897,18,0.9993,0.2108,0.0096,-2,0.1102,0.0269,1,rank_ok,,tgm
POSCAR_I4Ti2_1_st975,138,25,ok,0.0708,0.9982,25,0.9982,0.0708,0.0000,0,0.0536,0.0835,0,rank_ok,,tgm
POSCAR_I4Ti2_1_x025,118,23,ok,0.0958,0.9999,23,0.9999,0.0958,0.0000,0,0.1013,0.0007,1,rank_ok,,nurion
POSCAR_I4Ti2_1_x050,118,23,ok,0.1019,0.9999,23,0.9999,0.1019,0.0000,0,0.1154,0.0058,1,rank_ok,,nurion
POSCAR_I4Ti2_1_x950,51,25,ok,0.0698,0.9983,26,1.0000,0.0419,0.0017,1,0.0416,0.1117,1,rank_ok,,nurion
POSCAR_I4Ti2_1_x975,138,25,ok,0.0592,0.9985,25,0.9985,0.0592,0.0000,0,0.1084,0.1256,0,rank_ok,,nurion
POSCAR_I4Ti2_1_y025,118,23,ok,0.0543,0.9997,22,0.9999,0.0765,0.0002,-1,0.0620,0.0222,1,rank_ok,,nurion
POSCAR_I4Ti2_1_y050,138,25,ok,0.0442,0.9990,25,0.9990,0.0442,0.0000,0,0.0461,0.0596,1,rank_ok,,nurion
POSCAR_I4Ti2_1_y950,83,26,ok,0.0561,0.9993,28,0.9995,2.3637,0.0001,2,0.3029,0.2069,0,rank_ok,,nurion
POSCAR_I4Ti2_1_y975,138,25,ok,0.0553,0.9985,25,0.9985,0.0553,0.0000,0,0.0220,0.0383,1,rank_ok,,nurion
POSCAR_I4Ti2_1_z025,118,23,ok,0.0535,0.9998,22,1.0000,0.0785,0.0001,-1,0.0668,0.0250,1,rank_ok,,nurion
POSCAR_I4Ti2_1_z050,58,22,ok,0.0469,1.0000,22,1.0000,0.0469,0.0000,0,0.0648,0.1393,0,rank_ok,,nurion
POSCAR_I4Ti2_1_z950,83,26,ok,0.0556,0.9993,28,0.9995,2.3647,0.0001,2,0.3048,0.2095,0,rank_ok,,nurion
POSCAR_I4Ti2_1_z975,138,25,ok,0.0553,0.9984,25,0.9984,0.0553,0.0000,0,0.0236,0.0377,1,rank_ok,,nurion
POSCAR_I6Nb2_1,7,33,ok,0.1721,0.9682,32,0.9986,0.2583,0.0304,-1,0.0940,0.0862,0,rank_ok,,nurion
POSCAR_I6Nb2_1_st025,65,29,ok,0.1679,0.8435,28,0.9999,0.2938,0.1564,-1,0.0206,0.1258,1,A,rank_under,nurion
POSCAR_I6Nb2_1_st050,32,29,ok,0.1897,0.9862,29,0.9862,0.1897,0.0000,0,0.0284,0.0290,1,rank_ok,,nurion
POSCAR_I6Nb2_1_st950,52,33,ok,0.2597,0.9939,33,0.9939,0.2597,0.0000,0,0.1176,0.1525,0,rank_ok,,nurion
POSCAR_I6Nb2_1_st975,52,33,ok,0.2289,0.9994,33,0.9994,0.2289,0.0000,0,0.1021,0.0845,0,rank_ok,,nurion
POSCAR_I6Nb2_1_x025,12,24,ok,0.1994,0.9952,24,0.9952,0.1994,0.0000,0,0.2879,0.1785,0,rank_ok,,nurion
POSCAR_I6Nb2_1_x975,65,33,ok,0.2093,0.9996,33,0.9996,0.2093,0.0000,0,0.0910,0.0403,1,rank_ok,,nurion
POSCAR_I6Nb2_1_y025,32,24,ok,0.2126,0.9941,22,0.9956,0.3650,0.0015,-2,0.2731,0.1628,0,rank_ok,,nurion
POSCAR_I6Nb2_1_y975,70,33,ok,0.2087,0.9996,33,0.9996,0.2087,0.0000,0,0.0415,0.0916,1,rank_ok,,nurion
POSCAR_I6Nb2_1_z025,8,26,ok,0.1600,0.9999,24,1.0000,0.4826,0.0001,-2,0.1573,0.2513,0,rank_ok,,nurion
POSCAR_I6Nb2_1_z050,7,24,ok,0.2094,0.9989,23,0.9995,0.4917,0.0006,-1,0.0561,0.2823,0,rank_ok,,nurion
POSCAR_I6Nb2_1_z950,52,33,ok,0.2663,0.9835,32,0.9994,0.2991,0.0159,-1,0.0786,0.0328,1,rank_ok,,nurion
POSCAR_I6Nb2_1_z975,52,33,ok,0.2236,0.9750,32,0.9965,0.2865,0.0215,-1,0.0785,0.0628,0,rank_ok,,nurion
POSCAR_In6Mo2_1,34,55,ok,0.0277,0.9999,55,0.9999,0.0277,0.0000,0,0.1948,0.1646,0,rank_ok,,nurion
POSCAR_In6Mo2_1_x950,34,55,ok,0.0265,0.9999,55,0.9999,0.0265,0.0000,0,0.0861,0.0567,0,rank_ok,,nurion
POSCAR_In6Mo2_1_y050,34,55,ok,0.0268,1.0000,55,1.0000,0.0268,0.0000,0,0.0754,0.0472,1,rank_ok,,nurion
POSCAR_In8Mn2_3,18,66,ok,0.3006,0.8366,64,0.9990,0.7122,0.1624,-2,0.4126,0.3372,0,A,rank_under,nurion
POSCAR_In8Mn2_3_st025,18,66,ok,0.3388,0.9585,64,0.9997,0.6393,0.0412,-2,0.3451,0.2195,0,rank_ok,,nurion
POSCAR_In8Mn2_3_st050,10,66,ok,0.3240,0.9933,66,0.9933,0.3240,0.0000,0,0.1525,0.3143,0,rank_ok,,nurion
POSCAR_In8Mn2_3_st950,136,62,ok,0.3015,0.9794,60,0.9964,1.0900,0.0170,-2,0.2517,0.3881,0,rank_ok,,nurion
POSCAR_In8Mn2_3_st975,136,62,ok,0.2855,0.9888,60,0.9948,1.0056,0.0060,-2,0.2062,0.3182,0,rank_ok,,nurion
POSCAR_In8Mn2_3_x025,18,66,ok,0.3585,0.9197,64,0.9998,0.7350,0.0801,-2,0.3953,0.3340,0,rank_ok,,nurion
POSCAR_In8Mn2_3_x050,18,66,ok,0.3883,0.9741,64,0.9985,0.7519,0.0244,-2,0.3499,0.3418,0,rank_ok,,nurion
POSCAR_In8Mn2_3_x950,109,65,ok,0.3265,0.9947,64,0.9992,0.5378,0.0046,-1,0.1190,0.2112,0,rank_ok,,nurion
POSCAR_In8Mn2_3_x975,10,66,ok,0.2874,0.7832,68,0.8843,0.9032,0.1011,2,0.3030,0.5371,0,A,rank_under,nurion
POSCAR_In8Mn2_3_y025,7,66,ok,0.3586,0.9201,64,0.9999,0.7376,0.0799,-2,0.3962,0.3341,0,rank_ok,,nurion
POSCAR_In8Mn2_3_y050,7,66,ok,0.3892,0.9725,64,0.9988,0.7558,0.0263,-2,0.3505,0.3407,0,rank_ok,,nurion
POSCAR_In8Mn2_3_y950,85,65,ok,0.3266,0.9959,65,0.9959,0.3266,0.0000,0,0.2145,0.1249,0,rank_ok,,nurion
POSCAR_In8Mn2_3_y975,18,66,ok,0.2875,0.7863,65,0.9985,0.5908,0.2122,-1,0.5374,0.3033,0,A,rank_under,nurion
POSCAR_In8Mn2_3_z025,18,66,ok,0.2909,0.8807,64,0.9990,0.5158,0.1183,-2,0.4438,0.1782,0,A,rank_under,nurion
POSCAR_In8Mn2_3_z050,10,66,ok,0.2779,0.9174,67,0.9324,0.7821,0.0150,1,0.0283,0.2642,1,rank_ok,,nurion
POSCAR_In8Mn2_3_z975,18,66,ok,0.3044,0.7782,64,0.9984,0.9262,0.2202,-2,0.2491,0.5091,0,A,rank_under,nurion
POSCAR_Mn2N2_2,263,17,ok,0.4644,0.9727,15,0.9787,0.7508,0.0060,-2,0.5269,0.6354,0,rank_ok,,nurion
POSCAR_Mn2N2_2_st025,359,17,ok,0.4727,0.9703,17,0.9703,0.4727,0.0000,0,0.6449,0.3910,0,rank_ok,,nurion
POSCAR_Mn2N2_2_st050,263,17,ok,0.4731,0.9772,15,0.9936,0.6280,0.0164,-2,0.1964,0.6839,0,rank_ok,,nurion
POSCAR_Mn2N2_2_st950,328,18,ok,0.5519,0.9953,18,0.9953,0.5519,0.0000,0,0.5134,0.9535,0,rank_ok,,nurion
POSCAR_Mn2N2_2_st975,315,18,ok,0.5077,0.9902,19,0.9915,1.2633,0.0013,1,0.3996,0.7556,0,rank_ok,,nurion
POSCAR_Mn2N2_2_x025,359,17,ok,0.4686,0.9726,15,0.9788,1.3105,0.0062,-2,0.5864,0.6131,0,rank_ok,,nurion
POSCAR_Mn2N2_2_x050,359,17,ok,0.4666,0.9762,15,0.9809,1.2942,0.0047,-2,0.5610,0.6429,0,rank_ok,,nurion
POSCAR_Mn2N2_2_x950,384,18,ok,0.5137,0.9929,18,0.9929,0.5137,0.0000,0,0.4208,1.1235,0,rank_ok,,nurion
POSCAR_Mn2N2_2_x975,384,18,ok,0.4890,0.9943,18,0.9943,0.4890,0.0000,0,0.4207,0.9044,0,rank_ok,,nurion
POSCAR_Mn2N2_2_y025,263,17,ok,0.4707,0.9730,15,0.9826,0.7421,0.0095,-2,0.5554,0.6145,0,rank_ok,,nurion
POSCAR_Mn2N2_2_y050,263,17,ok,0.4695,0.9757,15,0.9863,0.7465,0.0106,-2,0.5854,0.5917,0,rank_ok,,nurion
POSCAR_Mn2N2_2_y950,264,18,ok,0.5061,0.9873,18,0.9873,0.5061,0.0000,0,1.1621,0.2912,0,rank_ok,,nurion
POSCAR_Mn2N2_2_y975,264,18,ok,0.4778,0.9901,18,0.9901,0.4778,0.0000,0,1.1071,0.3137,0,rank_ok,,nurion
POSCAR_Mn2N2_2_z025,359,17,ok,0.4679,0.9692,17,0.9692,0.4679,0.0000,0,0.5996,0.5292,0,rank_ok,,nurion
POSCAR_Mn2N2_2_z050,359,17,ok,0.4652,0.9671,17,0.9671,0.4652,0.0000,0,0.6026,0.4735,0,rank_ok,,nurion
POSCAR_Mn2N2_2_z950,315,18,ok,0.4621,0.9957,19,0.9975,0.9713,0.0018,1,0.5229,0.5092,0,rank_ok,,nurion
POSCAR_Mn2N2_2_z975,315,18,ok,0.4696,0.9954,19,0.9961,1.0885,0.0007,1,0.4576,0.6189,0,rank_ok,,nurion
POSCAR_Mn2N2_3,158,17,ok,1.1657,0.9108,15,0.9944,0.5174,0.0836,-2,0.1354,0.2866,0,rank_ok,,nurion
POSCAR_Mn2N2_3_st025,158,17,ok,1.0753,0.8924,15,0.9960,0.5626,0.1036,-2,0.2407,0.1820,0,A,rank_over,nurion
POSCAR_Mn2N2_3_st050,78,16,ok,0.9596,0.9958,16,0.9958,0.9596,0.0000,0,0.3919,0.0978,0,rank_ok,,nurion
POSCAR_Mn2N2_3_st950,282,16,ok,1.1003,0.9206,17,0.9561,1.1388,0.0354,1,0.4775,0.0385,1,rank_ok,,nurion
POSCAR_Mn2N2_3_st975,171,18,ok,0.9685,0.8486,17,0.9768,1.2459,0.1282,-1,2.3290,0.2774,0,A,rank_under,nurion
POSCAR_Mn2N2_3_z025,158,17,ok,1.1035,0.8864,15,0.9973,0.6374,0.1109,-2,0.2432,0.2207,0,A,rank_over,nurion
POSCAR_Mn2N2_3_z050,65,18,ok,1.0771,0.9822,18,0.9822,1.0771,0.0000,0,1.9258,0.0508,0,rank_ok,,nurion
POSCAR_Mn2N2_3_z950,470,18,ok,1.0082,0.9892,18,0.9892,1.0082,0.0000,0,1.1633,0.1475,0,rank_ok,,nurion
POSCAR_Mn2N2_3_z975,368,17,ok,1.1308,0.6723,16,0.9980,0.3033,0.3258,-1,0.0721,0.2268,0,A,rank_over,nurion
POSCAR_Mn2N2_7,193,17,ok,0.0125,1.0000,17,1.0000,0.0125,0.0000,0,0.4897,0.4745,0,rank_ok,,nurion
POSCAR_Mn2N2_7_st025,193,17,ok,0.0118,1.0000,17,1.0000,0.0118,0.0000,0,0.6231,0.6091,0,rank_ok,,nurion
POSCAR_Mn2N2_7_st050,193,17,ok,0.0111,1.0000,17,1.0000,0.0111,0.0000,0,0.7142,0.7325,0,rank_ok,,nurion
POSCAR_Mn2N2_7_st950,362,17,ok,0.0123,1.0000,17,1.0000,0.0123,0.0000,0,0.4889,0.4889,0,rank_ok,,nurion
POSCAR_Mn2N2_7_st975,193,17,ok,0.0131,1.0000,17,1.0000,0.0131,0.0000,0,0.3912,0.3750,0,rank_ok,,nurion
POSCAR_Mn2N2_7_x025,193,17,ok,0.0124,1.0000,17,1.0000,0.0124,0.0000,0,0.5625,0.5476,0,rank_ok,,nurion
POSCAR_Mn2N2_7_x050,208,19,ok,0.0131,1.0000,19,1.0000,0.0131,0.0000,0,0.1609,0.1814,0,rank_ok,,nurion
POSCAR_Mn2N2_7_x950,302,17,ok,0.0118,1.0000,17,1.0000,0.0118,0.0000,0,0.4863,0.4711,0,rank_ok,,nurion
POSCAR_Mn2N2_7_x975,193,17,ok,0.0126,1.0000,17,1.0000,0.0126,0.0000,0,0.4153,0.3997,0,rank_ok,,nurion
POSCAR_Mn2N2_7_y025,193,17,ok,0.0124,1.0000,17,1.0000,0.0124,0.0000,0,0.5184,0.5030,0,rank_ok,,nurion
POSCAR_Mn2N2_7_y050,315,17,ok,0.0121,1.0000,17,1.0000,0.0121,0.0000,0,0.2999,0.2820,0,rank_ok,,nurion
POSCAR_Mn2N2_7_y950,193,17,ok,0.0131,1.0000,17,1.0000,0.0131,0.0000,0,0.4327,0.4167,0,rank_ok,,nurion
POSCAR_Mn2N2_7_y975,193,17,ok,0.0130,1.0000,17,1.0000,0.0130,0.0000,0,0.4622,0.4465,0,rank_ok,,nurion
POSCAR_Mn2N2_7_z025,193,17,ok,0.0122,1.0000,17,1.0000,0.0122,0.0000,0,0.5106,0.4961,0,rank_ok,,nurion
POSCAR_Mn2N2_7_z050,193,17,ok,0.0118,1.0000,17,1.0000,0.0118,0.0000,0,0.5372,0.5233,0,rank_ok,,nurion
POSCAR_Mn2N2_7_z950,208,19,ok,0.0129,1.0000,19,1.0000,0.0129,0.0000,0,0.1982,0.2200,0,rank_ok,,nurion
POSCAR_Mn2N2_7_z975,193,17,ok,0.0129,1.0000,17,1.0000,0.0129,0.0000,0,0.4780,0.4619,0,rank_ok,,nurion
POSCAR_Mn2O2_5,227,17,ok,0.2117,0.9948,17,0.9948,0.2117,0.0000,0,0.5952,0.6106,0,rank_ok,,nurion
POSCAR_Mn2O2_5_st025,227,17,ok,0.2071,0.9952,17,0.9952,0.2071,0.0000,0,0.6268,0.4353,0,rank_ok,,nurion
POSCAR_Mn2O2_5_st050,227,17,ok,0.1979,0.9975,17,0.9975,0.1979,0.0000,0,0.4629,0.2491,0,rank_ok,,nurion
POSCAR_Mn2O2_5_st950,227,18,ok,0.2359,0.9970,19,0.9987,0.4111,0.0018,1,0.4402,0.1751,0,rank_ok,,nurion
POSCAR_Mn2O2_5_st975,227,17,ok,0.2168,0.9951,16,0.9960,0.9748,0.0009,-1,0.5626,0.7580,0,rank_ok,,nurion
POSCAR_Mn2O2_5_x025,123,17,ok,0.2033,0.9958,17,0.9958,0.2033,0.0000,0,0.4720,0.5995,0,rank_ok,,nurion
POSCAR_Mn2O2_5_x050,146,17,ok,0.1989,0.9917,15,0.9947,0.8303,0.0029,-2,0.4971,0.3684,0,rank_ok,,nurion
POSCAR_Mn2O2_5_x950,263,18,ok,0.2341,0.9978,19,0.9998,0.2636,0.0019,1,0.2315,0.3308,0,rank_ok,,nurion
POSCAR_Mn2O2_5_x975,227,17,ok,0.2317,0.9947,17,0.9947,0.2317,0.0000,0,0.4824,0.7529,0,rank_ok,,nurion
POSCAR_Mn2O2_5_y025,83,17,ok,0.2032,0.9955,17,0.9955,0.2032,0.0000,0,0.4710,0.6019,0,rank_ok,,nurion
POSCAR_Mn2O2_5_y050,94,17,ok,0.1992,0.9918,15,0.9944,0.8326,0.0026,-2,0.4952,0.3708,0,rank_ok,,nurion
POSCAR_Mn2O2_5_y950,276,18,ok,0.2344,0.9980,19,0.9998,0.2633,0.0018,1,0.2310,0.3308,0,rank_ok,,nurion
POSCAR_Mn2O2_5_y975,267,17,ok,0.2314,0.9947,17,0.9947,0.2314,0.0000,0,0.4844,0.7505,0,rank_ok,,nurion
POSCAR_Mn2O2_5_z025,227,17,ok,0.2383,0.9936,17,0.9936,0.2383,0.0000,0,0.5214,0.5924,0,rank_ok,,nurion
POSCAR_Mn2O2_5_z050,227,17,ok,0.2616,0.9926,17,0.9926,0.2616,0.0000,0,0.4605,0.5647,0,rank_ok,,nurion
POSCAR_Mn2O2_5_z950,83,17,ok,0.1902,0.9951,17,0.9951,0.1902,0.0000,0,0.5017,0.6426,0,rank_ok,,nurion
POSCAR_Mn2O2_5_z975,83,17,ok,0.2007,0.9950,17,0.9950,0.2007,0.0000,0,0.4834,0.6304,0,rank_ok,,nurion
POSCAR_Mn2O2_6,5,18,ok,0.8688,0.8436,16,0.9930,0.6317,0.1494,-2,0.1333,0.3554,0,A,rank_over,nurion
POSCAR_Mn2O2_6_st025,5,18,ok,0.9208,0.8492,16,0.9819,0.6131,0.1328,-2,0.0504,0.2757,0,A,rank_over,nurion
POSCAR_Mn2O2_6_st050,5,18,ok,0.9047,0.9994,18,0.9994,0.9047,0.0000,0,0.0414,0.2072,1,rank_ok,,nurion
POSCAR_Mn2O2_6_st950,89,18,ok,0.7618,0.9054,17,0.9876,0.5143,0.0822,-1,0.1941,0.3283,0,rank_ok,,nurion
POSCAR_Mn2O2_6_st975,5,18,ok,0.8074,0.8578,16,0.9971,0.6862,0.1393,-2,0.2212,0.4448,0,A,rank_over,nurion
POSCAR_Mn2O2_6_z025,5,18,ok,0.9260,0.8324,16,0.9923,0.6218,0.1599,-2,0.1130,0.2537,0,A,rank_over,nurion
POSCAR_Mn2O2_6_z050,5,18,ok,0.9708,0.8504,16,0.9893,0.6174,0.1389,-2,0.0923,0.1827,0,A,rank_over,nurion
POSCAR_Mn2O2_6_z950,428,19,ok,0.8236,0.9908,19,0.9908,0.8236,0.0000,0,0.5998,0.4460,0,rank_ok,,nurion
POSCAR_Mn2O2_6_z975,5,18,ok,0.8086,0.8561,16,0.9948,0.6491,0.1386,-2,0.1566,0.4690,0,A,rank_over,nurion
POSCAR_Mn2O2_7,36,18,ok,0.0344,0.9999,19,1.0000,0.3400,0.0000,1,0.3413,0.3744,0,rank_ok,,nurion
POSCAR_Mn2O2_7_st025,36,18,ok,0.0326,1.0000,18,1.0000,0.0326,0.0000,0,0.2820,0.3142,0,rank_ok,,nurion
POSCAR_Mn2O2_7_st050,36,18,ok,0.0307,1.0000,18,1.0000,0.0307,0.0000,0,0.2330,0.2645,0,rank_ok,,nurion
POSCAR_Mn2O2_7_st950,393,18,ok,0.0357,1.0000,18,1.0000,0.0357,0.0000,0,0.5008,0.5474,0,rank_ok,,nurion
POSCAR_Mn2O2_7_st975,36,18,ok,0.0366,1.0000,18,1.0000,0.0366,0.0000,0,0.4117,0.4463,0,rank_ok,,nurion
POSCAR_Mn2O2_7_x025,404,18,ok,0.0342,1.0000,18,1.0000,0.0342,0.0000,0,0.2178,0.2559,0,rank_ok,,nurion
POSCAR_Mn2O2_7_x050,404,18,ok,0.0342,1.0000,18,1.0000,0.0342,0.0000,0,0.2631,0.3005,0,rank_ok,,nurion
POSCAR_Mn2O2_7_x950,35,18,ok,0.0304,1.0000,18,1.0000,0.0304,0.0000,0,0.6025,0.6278,0,rank_ok,,nurion
POSCAR_Mn2O2_7_x975,393,18,ok,0.0320,1.0000,18,1.0000,0.0320,0.0000,0,0.4078,0.4504,0,rank_ok,,nurion
POSCAR_Mn2O2_7_y025,249,18,ok,0.0339,1.0000,18,1.0000,0.0339,0.0000,0,0.4558,0.5013,0,rank_ok,,nurion
POSCAR_Mn2O2_7_y050,249,18,ok,0.0354,1.0000,18,1.0000,0.0354,0.0000,0,0.4098,0.4558,0,rank_ok,,nurion
POSCAR_Mn2O2_7_y950,35,18,ok,0.0320,1.0000,18,1.0000,0.0320,0.0000,0,0.6019,0.6298,0,rank_ok,,nurion
POSCAR_Mn2O2_7_y975,47,18,ok,0.0353,1.0000,18,1.0000,0.0353,0.0000,0,0.3777,0.4100,0,rank_ok,,nurion
POSCAR_Mn2O2_7_z025,36,18,ok,0.0348,1.0000,18,1.0000,0.0348,0.0000,0,0.3931,0.4122,0,rank_ok,,nurion
POSCAR_Mn2O2_7_z050,36,18,ok,0.0345,1.0000,18,1.0000,0.0345,0.0000,0,0.4281,0.3784,0,rank_ok,,nurion
POSCAR_Mn2O2_7_z975,249,18,ok,0.0359,1.0000,18,1.0000,0.0359,0.0000,0,0.5140,0.5595,0,rank_ok,,nurion
POSCAR_Mn2O3_1,99,22,ok,0.0245,1.0000,22,1.0000,0.0245,0.0000,0,0.6040,0.5817,0,rank_ok,,nurion
POSCAR_Mn2O3_1_st025,99,22,ok,0.0227,1.0000,22,1.0000,0.0227,0.0000,0,0.4406,0.4198,0,rank_ok,,nurion
POSCAR_Mn2O3_1_st050,99,22,ok,0.0206,1.0000,22,1.0000,0.0206,0.0000,0,0.3000,0.2809,0,rank_ok,,nurion
POSCAR_Mn2O3_1_st950,1,22,ok,0.0290,1.0000,22,1.0000,0.0290,0.0000,0,0.2248,0.2057,0,rank_ok,,nurion
POSCAR_Mn2O3_1_st975,22,22,ok,0.0263,1.0000,22,1.0000,0.0263,0.0000,0,0.6487,0.6245,0,rank_ok,,nurion
POSCAR_Mn2O3_1_x025,99,22,ok,0.0247,1.0000,22,1.0000,0.0247,0.0000,0,0.4939,0.4707,0,rank_ok,,nurion
POSCAR_Mn2O3_1_x050,99,22,ok,0.0245,1.0000,22,1.0000,0.0245,0.0000,0,0.3906,0.3670,0,rank_ok,,nurion
POSCAR_Mn2O3_1_x950,22,22,ok,0.0234,1.0000,22,1.0000,0.0234,0.0000,0,0.6910,0.6704,0,rank_ok,,nurion
POSCAR_Mn2O3_1_x975,22,22,ok,0.0241,1.0000,22,1.0000,0.0241,0.0000,0,0.5852,0.5635,0,rank_ok,,nurion
POSCAR_Mn2O3_1_y025,22,22,ok,0.0225,1.0000,22,1.0000,0.0225,0.0000,0,0.5117,0.4907,0,rank_ok,,nurion
POSCAR_Mn2O3_1_y050,22,22,ok,0.0201,1.0000,22,1.0000,0.0201,0.0000,0,0.5342,0.5151,0,rank_ok,,nurion
POSCAR_Mn2O3_1_y950,1,21,ok,0.0289,1.0000,21,1.0000,0.0289,0.0000,0,0.0988,0.1195,0,rank_ok,,nurion
POSCAR_Mn2O3_1_y975,99,22,ok,0.0263,1.0000,22,1.0000,0.0263,0.0000,0,0.5660,0.5423,0,rank_ok,,nurion
POSCAR_Mn2O3_1_z025,99,22,ok,0.0244,1.0000,22,1.0000,0.0244,0.0000,0,0.5125,0.4909,0,rank_ok,,nurion
POSCAR_Mn2O3_1_z050,99,22,ok,0.0243,1.0000,22,1.0000,0.0243,0.0000,0,0.4278,0.4068,0,rank_ok,,nurion
POSCAR_Mn2O3_1_z950,22,22,ok,0.0251,1.0000,22,1.0000,0.0251,0.0000,0,0.6635,0.6380,0,rank_ok,,nurion
POSCAR_Mn2O3_1_z975,22,22,ok,0.0248,1.0000,22,1.0000,0.0248,0.0000,0,0.5724,0.5483,0,rank_ok,,nurion
POSCAR_Mn2O4_1,300,23,ok,0.5721,0.9459,22,0.9993,0.4794,0.0534,-1,0.4682,0.3541,0,rank_ok,,nurion
POSCAR_Mn2O4_1_st025,230,23,ok,0.4867,0.9562,24,0.9990,0.0841,0.0428,1,0.3554,0.4026,0,rank_ok,,nurion
POSCAR_Mn2O4_1_st050,370,24,ok,0.4369,0.9992,25,1.0000,0.3897,0.0008,1,0.3811,0.1486,0,rank_ok,,nurion
POSCAR_Mn2O4_1_st950,300,23,ok,0.8115,0.9084,22,0.9994,0.2724,0.0910,-1,0.3584,0.2053,0,rank_ok,,nurion
POSCAR_Mn2O4_1_st975,300,23,ok,0.6791,0.9309,22,0.9996,0.3869,0.0687,-1,0.5381,0.3095,0,rank_ok,,nurion
POSCAR_Mn2O4_1_x025,230,23,ok,0.4994,0.9373,24,0.9991,0.0659,0.0618,1,0.4015,0.4335,0,rank_ok,,nurion
POSCAR_Mn2O4_1_x050,404,24,ok,0.5042,0.9989,24,0.9989,0.5042,0.0000,0,0.1674,0.5190,0,rank_ok,,nurion
POSCAR_Mn2O4_1_x950,300,23,ok,0.7744,0.9653,22,0.9979,0.4289,0.0326,-1,0.4806,0.2255,0,rank_ok,,nurion
POSCAR_Mn2O4_1_x975,300,23,ok,0.6635,0.9550,22,0.9997,0.4582,0.0448,-1,0.5084,0.2954,0,rank_ok,,nurion
POSCAR_Mn2O4_1_y025,230,23,ok,0.5612,0.9553,24,0.9989,0.1060,0.0436,1,0.3474,0.4552,0,rank_ok,,nurion
POSCAR_Mn2O4_1_y050,300,23,ok,0.5447,0.9641,22,1.0000,0.5277,0.0359,-1,0.4497,0.3577,0,rank_ok,,nurion
POSCAR_Mn2O4_1_y950,300,23,ok,0.5735,0.9250,21,0.9998,1.1853,0.0748,-2,0.5055,0.4157,0,rank_ok,,nurion
POSCAR_Mn2O4_1_y975,300,23,ok,0.5765,0.9364,22,0.9986,0.4453,0.0622,-1,0.4862,0.3773,0,rank_ok,,nurion
POSCAR_Mn2O4_1_z025,300,23,ok,0.5629,0.9568,22,0.9999,0.5078,0.0431,-1,0.4556,0.3438,0,rank_ok,,nurion
POSCAR_Mn2O4_1_z050,300,23,ok,0.5472,0.9665,22,0.9998,0.5301,0.0333,-1,0.4478,0.3489,0,rank_ok,,nurion
POSCAR_Mn2O4_1_z950,230,23,ok,0.5661,0.9187,24,0.9986,0.0700,0.0799,1,0.4206,0.4961,0,rank_ok,,nurion
POSCAR_Mn2O4_1_z975,230,23,ok,0.5735,0.9329,24,0.9985,0.0907,0.0656,1,0.3799,0.4828,0,rank_ok,,nurion
POSCAR_Mn2P2_4,32,17,ok,0.0565,1.0000,17,1.0000,0.0565,0.0000,0,1.0473,1.0974,0,rank_ok,,nurion
POSCAR_Mn2P2_4_st025,17,17,ok,0.0545,1.0000,17,1.0000,0.0545,0.0000,0,1.3259,1.3712,0,rank_ok,,nurion
POSCAR_Mn2P2_4_st050,17,17,ok,0.0511,1.0000,17,1.0000,0.0511,0.0000,0,1.4759,1.4906,0,rank_ok,,nurion
POSCAR_Mn2P2_4_st975,32,17,ok,0.0582,1.0000,17,1.0000,0.0582,0.0000,0,0.8450,0.8961,0,rank_ok,,nurion
POSCAR_Mn2P2_4_x025,32,17,ok,0.0561,1.0000,17,1.0000,0.0561,0.0000,0,1.1854,1.2365,0,rank_ok,,nurion
POSCAR_Mn2P2_4_x050,32,17,ok,0.0556,1.0000,17,1.0000,0.0556,0.0000,0,1.3106,1.3612,0,rank_ok,,nurion
POSCAR_Mn2P2_4_y025,32,17,ok,0.0590,1.0000,17,1.0000,0.0590,0.0000,0,0.9435,1.0013,0,rank_ok,,nurion
POSCAR_Mn2P2_4_y050,32,17,ok,0.0591,1.0000,17,1.0000,0.0591,0.0000,0,0.7961,0.8651,0,rank_ok,,nurion
POSCAR_Mn2P2_4_y950,32,17,ok,0.0524,1.0000,17,1.0000,0.0524,0.0000,0,1.0659,1.0121,0,rank_ok,,nurion
POSCAR_Mn2P2_4_y975,32,17,ok,0.0556,1.0000,17,1.0000,0.0556,0.0000,0,1.1213,1.1348,0,rank_ok,,nurion
POSCAR_Mn2P2_4_z950,32,17,ok,0.0622,1.0000,17,1.0000,0.0622,0.0000,0,0.7545,0.8185,0,rank_ok,,nurion
POSCAR_Mn2P2_4_z975,32,17,ok,0.0613,1.0000,17,1.0000,0.0613,0.0000,0,0.9096,0.9682,0,rank_ok,,nurion
POSCAR_Mn2Pb4_2,212,38,ok,0.0182,1.0000,38,1.0000,0.0182,0.0000,0,0.2307,0.2663,0,rank_ok,,nurion
POSCAR_Mn2Pb4_2_st025,212,38,ok,0.0159,0.9998,38,0.9998,0.0159,0.0000,0,0.2196,0.2511,0,rank_ok,,nurion
POSCAR_Mn2Pb4_2_st050,179,43,ok,0.0128,1.0000,43,1.0000,0.0128,0.0000,0,0.3191,0.3377,0,rank_ok,,nurion
POSCAR_Mn2Pb4_2_st950,137,38,ok,0.0174,1.0000,38,1.0000,0.0174,0.0000,0,0.2759,0.3103,0,rank_ok,,nurion
POSCAR_Mn2Pb4_2_st975,212,38,ok,0.0177,1.0000,38,1.0000,0.0177,0.0000,0,0.2952,0.3293,0,rank_ok,,nurion
POSCAR_Mn2Pb4_2_x025,212,38,ok,0.0180,1.0000,38,1.0000,0.0180,0.0000,0,0.2253,0.2601,0,rank_ok,,nurion
POSCAR_Mn2Pb4_2_x050,212,39,ok,0.0166,1.0000,39,1.0000,0.0166,0.0000,0,0.2280,0.2605,0,rank_ok,,nurion
POSCAR_Mn2Pb4_2_x950,137,38,ok,0.0164,0.9999,38,0.9999,0.0164,0.0000,0,0.2335,0.2650,0,rank_ok,,nurion
POSCAR_Mn2Pb4_2_x975,212,38,ok,0.0178,1.0000,38,1.0000,0.0178,0.0000,0,0.2427,0.2782,0,rank_ok,,nurion
POSCAR_Mn2Pb4_2_y025,212,38,ok,0.0174,1.0000,38,1.0000,0.0174,0.0000,0,0.2199,0.2543,0,rank_ok,,nurion
POSCAR_Mn2Pb4_2_y050,212,39,ok,0.0149,1.0000,39,1.0000,0.0149,0.0000,0,0.2309,0.2603,0,rank_ok,,nurion
POSCAR_Mn2Pb4_2_y950,190,43,ok,0.0136,1.0000,43,1.0000,0.0136,0.0000,0,0.5104,0.5245,0,rank_ok,,nurion
POSCAR_Mn2Pb4_2_y975,212,38,ok,0.0159,1.0000,38,1.0000,0.0159,0.0000,0,0.2839,0.3146,0,rank_ok,,nurion
POSCAR_Mn2Pb4_2_z025,212,38,ok,0.0147,0.9999,38,0.9999,0.0147,0.0000,0,0.2657,0.2949,0,rank_ok,,nurion
POSCAR_Mn2Pb4_2_z050,190,43,ok,0.0140,1.0000,43,1.0000,0.0140,0.0000,0,0.5472,0.5328,0,rank_ok,,nurion
POSCAR_Mn2Pb4_2_z950,137,39,ok,0.0189,0.9999,39,0.9999,0.0189,0.0000,0,0.2005,0.2317,0,rank_ok,,nurion
POSCAR_Mn2Pb4_2_z975,212,39,ok,0.0171,1.0000,39,1.0000,0.0171,0.0000,0,0.2666,0.2998,0,rank_ok,,nurion
POSCAR_Mn2Pb8_1,49,68,ok,0.2732,0.9924,66,0.9997,0.8153,0.0073,-2,0.2691,0.1829,0,rank_ok,,nurion
POSCAR_Mn2Pb8_1_st050,49,68,ok,0.2006,0.9945,66,0.9991,0.6809,0.0046,-2,0.2564,0.2100,0,rank_ok,,nurion
POSCAR_Mn2Pb8_1_st975,49,68,ok,0.3145,0.9874,67,0.9998,0.4923,0.0124,-1,0.2452,0.1778,0,rank_ok,,nurion
POSCAR_Mn2Pb8_1_x025,65,68,ok,0.2641,0.9912,67,0.9977,0.2687,0.0065,-1,0.1526,0.2157,0,rank_ok,,nurion
POSCAR_Mn2Pb8_1_x050,8,68,ok,0.2592,0.9970,67,0.9994,0.3279,0.0024,-1,0.1248,0.3724,0,rank_ok,,nurion
POSCAR_Mn2Pb8_1_y025,49,68,ok,0.2683,0.9908,66,0.9999,0.8386,0.0092,-2,0.1861,0.1436,0,rank_ok,,nurion
POSCAR_Mn2Pb8_1_y050,20,68,ok,0.2623,0.9959,66,0.9997,0.9228,0.0038,-2,0.3219,0.1316,0,rank_ok,,nurion
POSCAR_Mn2Pb8_1_y975,65,68,ok,0.2738,0.9895,67,0.9964,0.2822,0.0069,-1,0.1594,0.2611,0,rank_ok,,nurion
POSCAR_Mn2Pb8_1_z025,49,68,ok,0.2421,0.9916,66,0.9998,0.7408,0.0082,-2,0.3253,0.2071,0,rank_ok,,nurion
POSCAR_Mn2Pb8_1_z050,52,68,ok,0.2135,0.9943,70,0.9985,0.7750,0.0042,2,0.2114,0.3664,0,rank_ok,,nurion
POSCAR_Mn2Pb8_1_z975,49,68,ok,0.3076,0.9904,67,0.9995,0.4633,0.0091,-1,0.1993,0.1556,0,rank_ok,,nurion
POSCAR_Mn2Pb8_2,107,70,ok,0.0166,0.9999,70,0.9999,0.0166,0.0000,0,0.4722,0.5011,0,rank_ok,,nurion
POSCAR_Mn2Pb8_2_st025,107,63,ok,0.0112,1.0000,63,1.0000,0.0112,0.0000,0,0.0796,0.0866,0,rank_ok,,nurion
POSCAR_Mn2Pb8_2_st050,107,63,ok,0.0103,1.0000,63,1.0000,0.0103,0.0000,0,0.0781,0.0844,0,rank_ok,,nurion
POSCAR_Mn2Pb8_2_st950,107,70,ok,0.0176,0.9999,70,0.9999,0.0176,0.0000,0,0.6269,0.6126,0,rank_ok,,nurion
POSCAR_Mn2Pb8_2_st975,107,70,ok,0.0171,0.9999,70,0.9999,0.0171,0.0000,0,0.5429,0.5726,0,rank_ok,,nurion
POSCAR_Mn2Pb8_2_x025,107,63,ok,0.0117,0.9999,63,0.9999,0.0117,0.0000,0,0.0930,0.1003,0,rank_ok,,nurion
POSCAR_Mn2Pb8_2_x050,107,63,ok,0.0114,1.0000,63,1.0000,0.0114,0.0000,0,0.1140,0.1192,0,rank_ok,,nurion
POSCAR_Mn2Pb8_2_x950,107,70,ok,0.0168,1.0000,70,1.0000,0.0168,0.0000,0,0.5353,0.5688,0,rank_ok,,nurion
POSCAR_Mn2Pb8_2_x975,107,70,ok,0.0164,1.0000,70,1.0000,0.0164,0.0000,0,0.5045,0.5371,0,rank_ok,,nurion
POSCAR_Mn2Pb8_2_y025,68,71,ok,0.0087,1.0000,71,1.0000,0.0087,0.0000,0,0.2001,0.2146,0,rank_ok,,nurion
POSCAR_Mn2Pb8_2_y050,107,64,ok,0.0099,1.0000,64,1.0000,0.0099,0.0000,0,0.0634,0.0593,0,rank_ok,,nurion
POSCAR_Mn2Pb8_2_y950,99,69,ok,0.0084,0.9999,69,0.9999,0.0084,0.0000,0,0.1196,0.1042,0,rank_ok,,nurion
POSCAR_Mn2Pb8_2_y975,68,71,ok,0.0071,1.0000,71,1.0000,0.0071,0.0000,0,0.2188,0.2105,0,rank_ok,,nurion
POSCAR_Mn2Pb8_2_z025,107,70,ok,0.0158,0.9999,70,0.9999,0.0158,0.0000,0,0.4325,0.4527,0,rank_ok,,nurion
POSCAR_Mn2Pb8_2_z050,66,69,ok,0.0062,1.0000,69,1.0000,0.0062,0.0000,0,0.2002,0.2050,0,rank_ok,,nurion
POSCAR_Mn2Pb8_2_z950,68,71,ok,0.0080,1.0000,71,1.0000,0.0080,0.0000,0,0.1966,0.2085,0,rank_ok,,nurion
POSCAR_Mn2Pb8_2_z975,68,71,ok,0.0081,1.0000,71,1.0000,0.0081,0.0000,0,0.2216,0.2349,0,rank_ok,,nurion
POSCAR_Mn2Pb8_3,12,68,ok,0.4004,0.9923,66,0.9975,0.6763,0.0052,-2,0.3204,0.0450,1,rank_ok,,nurion
POSCAR_Mn2Pb8_3_st025,55,67,ok,0.3146,0.9927,68,0.9999,0.5439,0.0072,1,0.0763,0.2293,0,rank_ok,,nurion
POSCAR_Mn2Pb8_3_st050,55,67,ok,0.2471,0.9941,68,0.9999,0.5043,0.0058,1,0.0887,0.2572,0,rank_ok,,nurion
POSCAR_Mn2Pb8_3_st950,9,68,ok,0.6305,0.9967,68,0.9967,0.6305,0.0000,0,0.2473,0.0119,1,rank_ok,,nurion
POSCAR_Mn2Pb8_3_st975,12,68,ok,0.5113,0.9899,67,0.9976,0.5337,0.0078,-1,0.2943,0.0224,1,rank_ok,,nurion
POSCAR_Mn2Pb8_3_x025,16,68,ok,0.4206,0.9963,69,0.9969,0.6537,0.0006,1,0.0977,0.2331,0,rank_ok,,nurion
POSCAR_Mn2Pb8_3_x050,12,68,ok,0.3934,0.9963,66,0.9973,0.7584,0.0010,-2,0.1607,0.2337,0,rank_ok,,nurion
POSCAR_Mn2Pb8_3_x950,29,67,ok,0.4275,0.9992,67,0.9992,0.4275,0.0000,0,0.1771,0.1670,0,rank_ok,,nurion
POSCAR_Mn2Pb8_3_x975,29,67,ok,0.4169,0.9971,65,0.9984,0.5145,0.0013,-2,0.1147,0.1781,0,rank_ok,,nurion
POSCAR_Mn2Pb8_3_y025,9,68,ok,0.4211,0.9965,66,0.9977,0.7206,0.0012,-2,0.2304,0.0970,0,rank_ok,,nurion
POSCAR_Mn2Pb8_3_y050,7,68,ok,0.3936,0.9964,69,0.9973,0.5510,0.0009,1,0.2337,0.1574,0,rank_ok,,nurion
POSCAR_Mn2Pb8_3_y950,50,67,ok,0.4269,0.9992,67,0.9992,0.4269,0.0000,0,0.1681,0.1773,0,rank_ok,,nurion
POSCAR_Mn2Pb8_3_y975,50,67,ok,0.4169,0.9971,67,0.9971,0.4169,0.0000,0,0.1782,0.1147,0,rank_ok,,nurion
POSCAR_Mn2Pb8_3_z025,34,67,ok,0.3271,0.9892,66,0.9998,0.3708,0.0107,-1,0.3181,0.0437,1,rank_ok,,nurion
POSCAR_Mn2Pb8_3_z050,9,67,ok,0.3742,0.9985,67,0.9985,0.3742,0.0000,0,0.0177,0.2922,1,rank_ok,,nurion
POSCAR_Mn2Pb8_3_z950,12,68,ok,0.4131,0.9973,69,0.9998,0.0181,0.0025,1,0.1162,0.1594,0,rank_ok,,nurion
POSCAR_Mn2Pb8_3_z975,12,68,ok,0.4858,0.9955,66,0.9981,0.6816,0.0026,-2,0.1123,0.1416,0,rank_ok,,nurion
POSCAR_Mn2S2_1,271,18,ok,0.9673,0.9964,18,0.9964,0.9673,0.0000,0,0.0592,0.0952,0,rank_ok,,nurion
POSCAR_Mn2S2_1_st025,227,18,ok,0.8683,0.9983,19,0.9995,0.9520,0.0012,1,0.2570,0.0836,0,rank_ok,,nurion
POSCAR_Mn2S2_1_st050,234,18,ok,0.7702,0.9993,18,0.9993,0.7702,0.0000,0,0.0346,0.1915,1,rank_ok,,nurion
POSCAR_Mn2S2_1_st950,224,18,ok,1.2022,0.9947,18,0.9947,1.2022,0.0000,0,0.0540,0.2903,0,rank_ok,,nurion
POSCAR_Mn2S2_1_st975,271,18,ok,1.1191,0.9998,18,0.9998,1.1191,0.0000,0,0.0083,0.1723,1,rank_ok,,nurion
POSCAR_Mn2S2_1_x025,187,18,ok,0.9988,0.9954,19,0.9985,0.2412,0.0031,1,0.0759,0.2389,0,rank_ok,,nurion
POSCAR_Mn2S2_1_x050,190,18,ok,0.9769,0.9994,18,0.9994,0.9769,0.0000,0,0.1445,0.1083,0,rank_ok,,nurion
POSCAR_Mn2S2_1_x950,260,18,ok,1.1813,0.9991,19,0.9995,0.1057,0.0004,1,0.1750,0.0142,1,rank_ok,,nurion
POSCAR_Mn2S2_1_x975,227,18,ok,1.1168,0.9718,16,0.9939,1.4364,0.0221,-2,0.1896,0.0639,0,rank_ok,,nurion
POSCAR_Mn2S2_1_y025,227,18,ok,0.9996,0.9956,19,0.9968,1.0760,0.0012,1,0.2409,0.0764,0,rank_ok,,nurion
POSCAR_Mn2S2_1_y050,227,18,ok,0.9772,0.9994,18,0.9994,0.9772,0.0000,0,0.1460,0.1115,0,rank_ok,,nurion
POSCAR_Mn2S2_1_y950,190,18,ok,1.1783,0.9964,19,0.9983,1.3553,0.0019,1,0.0148,0.1770,1,rank_ok,,nurion
POSCAR_Mn2S2_1_y975,190,18,ok,1.1163,0.9723,16,0.9954,1.4403,0.0230,-2,0.1868,0.0639,0,rank_ok,,nurion
POSCAR_Mn2S2_1_z025,234,18,ok,0.9930,0.9837,19,0.9986,0.2236,0.0150,1,0.0519,0.1970,0,rank_ok,,nurion
POSCAR_Mn2S2_1_z050,260,18,ok,0.9964,0.9955,19,0.9988,0.1599,0.0033,1,0.0372,0.0518,1,rank_ok,,nurion
POSCAR_Mn2S2_1_z950,224,18,ok,0.9384,0.9835,19,0.9936,0.5200,0.0101,1,0.1318,0.4018,0,rank_ok,,nurion
POSCAR_Mn2S2_1_z975,224,18,ok,0.9829,0.9884,19,0.9949,0.4677,0.0065,1,0.0333,0.2439,1,rank_ok,,nurion
POSCAR_Mn2S2_2,156,18,ok,0.1997,0.9999,18,0.9999,0.1997,0.0000,0,0.2920,0.0633,0,rank_ok,,nurion
POSCAR_Mn2S2_2_st025,156,18,ok,0.1651,0.9999,18,0.9999,0.1651,0.0000,0,0.2479,0.0585,0,rank_ok,,nurion
POSCAR_Mn2S2_2_st050,156,18,ok,0.1356,0.9998,19,0.9999,0.1876,0.0001,1,0.2084,0.0520,0,rank_ok,,nurion
POSCAR_Mn2S2_2_st950,156,18,ok,0.2869,0.9998,18,0.9998,0.2869,0.0000,0,0.3928,0.0635,0,rank_ok,,nurion
POSCAR_Mn2S2_2_st975,156,18,ok,0.2401,1.0000,18,1.0000,0.2401,0.0000,0,0.3402,0.0654,0,rank_ok,,nurion
POSCAR_Mn2S2_2_x025,156,18,ok,0.1864,0.9999,18,0.9999,0.1864,0.0000,0,0.3041,0.0899,0,rank_ok,,nurion
POSCAR_Mn2S2_2_x050,156,18,ok,0.1729,1.0000,18,1.0000,0.1729,0.0000,0,0.3153,0.1157,0,rank_ok,,nurion
POSCAR_Mn2S2_2_x950,232,18,ok,0.2560,0.9982,19,0.9998,0.3645,0.0016,1,0.4442,0.1085,0,rank_ok,,nurion
POSCAR_Mn2S2_2_x975,223,18,ok,0.2202,1.0000,18,1.0000,0.2202,0.0000,0,0.4371,0.1886,0,rank_ok,,nurion
POSCAR_Mn2S2_2_y025,223,18,ok,0.1863,1.0000,18,1.0000,0.1863,0.0000,0,0.3038,0.0895,0,rank_ok,,nurion
POSCAR_Mn2S2_2_y050,223,18,ok,0.1728,1.0000,18,1.0000,0.1728,0.0000,0,0.3149,0.1153,0,rank_ok,,nurion
POSCAR_Mn2S2_2_y950,166,18,ok,0.2560,0.9982,19,0.9997,0.3650,0.0016,1,0.4444,0.1091,0,rank_ok,,nurion
POSCAR_Mn2S2_2_y975,156,18,ok,0.2203,1.0000,18,1.0000,0.2203,0.0000,0,0.4375,0.1890,0,rank_ok,,nurion
POSCAR_Mn2S2_2_z025,156,18,ok,0.1967,0.9999,18,0.9999,0.1967,0.0000,0,0.3640,0.1428,0,rank_ok,,nurion
POSCAR_Mn2S2_2_z050,247,18,ok,0.1944,0.9999,18,0.9999,0.1944,0.0000,0,0.3266,0.0862,0,rank_ok,,nurion
POSCAR_Mn2S2_2_z950,56,18,ok,0.1767,0.9999,18,0.9999,0.1767,0.0000,0,0.2911,0.0843,0,rank_ok,,nurion
POSCAR_Mn2S2_2_z975,156,18,ok,0.1769,0.9998,19,0.9999,0.2018,0.0001,1,0.2110,0.0249,1,rank_ok,,nurion
POSCAR_Mn2S4_1,241,25,ok,0.5278,0.9920,24,0.9986,0.5786,0.0066,-1,0.9202,0.0508,0,rank_ok,,nurion
POSCAR_Mn2S4_1_st025,241,25,ok,0.4888,0.9952,24,0.9994,0.5168,0.0042,-1,0.7991,0.0280,1,rank_ok,,nurion
POSCAR_Mn2S4_1_st050,169,25,ok,0.4422,0.9988,27,0.9996,2.9378,0.0009,2,0.0227,0.6741,1,rank_ok,,nurion
POSCAR_Mn2S4_1_st950,241,25,ok,0.5998,0.9905,24,0.9926,0.7066,0.0021,-1,1.0583,0.1068,0,rank_ok,,nurion
POSCAR_Mn2S4_1_st975,241,25,ok,0.5647,0.9911,24,0.9967,0.6428,0.0056,-1,1.0057,0.0781,0,rank_ok,,nurion
POSCAR_Mn2S4_1_x025,241,25,ok,0.5159,0.9925,24,0.9987,0.5769,0.0061,-1,0.8902,0.0609,0,rank_ok,,nurion
POSCAR_Mn2S4_1_x050,241,25,ok,0.5070,0.9929,24,0.9985,0.5714,0.0056,-1,0.8414,0.0645,0,rank_ok,,nurion
POSCAR_Mn2S4_1_x950,241,25,ok,0.5622,0.9907,24,0.9992,0.5726,0.0085,-1,0.9419,0.0104,1,rank_ok,,nurion
POSCAR_Mn2S4_1_x975,241,25,ok,0.5436,0.9926,24,0.9985,0.5764,0.0059,-1,0.9349,0.0328,1,rank_ok,,nurion
POSCAR_Mn2S4_1_y025,241,25,ok,0.5067,0.9953,24,0.9978,0.5982,0.0025,-1,0.8996,0.0914,0,rank_ok,,nurion
POSCAR_Mn2S4_1_y050,241,25,ok,0.4792,0.9976,24,0.9978,0.6235,0.0002,-1,0.8728,0.1443,0,rank_ok,,nurion
POSCAR_Mn2S4_1_y950,241,25,ok,0.4894,0.9929,24,0.9982,0.6254,0.0054,-1,0.9461,0.1360,0,rank_ok,,nurion
POSCAR_Mn2S4_1_y975,241,25,ok,0.5178,0.9934,24,0.9990,0.5912,0.0057,-1,0.9338,0.0734,0,rank_ok,,nurion
POSCAR_Mn2S4_1_z025,169,25,ok,0.4748,0.9962,27,0.9995,3.0472,0.0034,2,0.0778,0.8610,0,rank_ok,,nurion
POSCAR_Mn2S4_1_z050,169,25,ok,0.4040,0.9971,27,0.9998,2.9879,0.0027,2,0.1541,0.8172,0,rank_ok,,nurion
POSCAR_Mn2S4_1_z950,241,25,ok,0.5285,0.9930,24,0.9974,0.7773,0.0043,-1,1.0839,0.2488,0,rank_ok,,nurion
POSCAR_Mn2S4_1_z975,241,25,ok,0.5297,0.9928,24,0.9979,0.6700,0.0051,-1,0.9953,0.1402,0,rank_ok,,nurion
POSCAR_Mn2Sb4_1,216,21,ok,0.8190,0.9571,20,0.9961,1.0764,0.0389,-1,0.8672,0.2575,0,rank_ok,,nurion
POSCAR_Mn2Sb4_1_st025,216,21,ok,0.7065,0.9765,20,0.9990,0.9588,0.0224,-1,0.9094,0.2523,0,rank_ok,,nurion
POSCAR_Mn2Sb4_1_st050,216,21,ok,0.6055,0.9857,20,0.9986,0.8662,0.0130,-1,0.9193,0.2607,0,rank_ok,,nurion
POSCAR_Mn2Sb4_1_st950,216,21,ok,1.0622,0.8972,20,0.9772,1.4202,0.0800,-1,0.6587,0.3580,0,rank_ok,,nurion
POSCAR_Mn2Sb4_1_st975,216,21,ok,0.9393,0.9290,20,0.9898,1.2290,0.0608,-1,0.7852,0.2897,0,rank_ok,,nurion
POSCAR_Mn2Sb4_1_x025,216,21,ok,0.8087,0.9570,20,0.9973,1.0696,0.0403,-1,0.8956,0.2609,0,rank_ok,,nurion
POSCAR_Mn2Sb4_1_x050,216,21,ok,0.7973,0.9547,20,0.9981,1.0649,0.0434,-1,0.9207,0.2676,0,rank_ok,,nurion
POSCAR_Mn2Sb4_1_x950,216,21,ok,0.8331,0.9551,20,0.9915,1.0979,0.0364,-1,0.8064,0.2648,0,rank_ok,,nurion
POSCAR_Mn2Sb4_1_x975,216,21,ok,0.8267,0.9564,20,0.9947,1.0857,0.0382,-1,0.8399,0.2590,0,rank_ok,,nurion
POSCAR_Mn2Sb4_1_y025,216,21,ok,0.7579,0.9564,20,0.9923,1.0466,0.0359,-1,0.8648,0.2887,0,rank_ok,,nurion
POSCAR_Mn2Sb4_1_y050,216,21,ok,0.6984,0.9598,20,0.9900,1.0190,0.0302,-1,0.8523,0.3206,0,rank_ok,,nurion
POSCAR_Mn2Sb4_1_y950,216,21,ok,0.9325,0.9726,20,0.9972,1.1479,0.0246,-1,0.8502,0.2155,0,rank_ok,,nurion
POSCAR_Mn2Sb4_1_y975,216,21,ok,0.8779,0.9621,20,1.0000,1.1086,0.0379,-1,0.8626,0.2307,0,rank_ok,,nurion
POSCAR_Mn2Sb4_1_z025,216,21,ok,0.7599,0.9841,20,0.9990,0.9953,0.0148,-1,0.9001,0.2354,0,rank_ok,,nurion
POSCAR_Mn2Sb4_1_z050,216,21,ok,0.6852,0.9963,21,0.9963,0.6852,0.0000,0,0.9302,0.2569,0,rank_ok,,nurion
POSCAR_Mn2Sb4_1_z950,216,21,ok,0.8786,0.9319,20,0.9812,1.3133,0.0494,-1,0.8066,0.4347,0,rank_ok,,nurion
POSCAR_Mn2Sb4_1_z975,216,21,ok,0.8579,0.9378,20,0.9878,1.1865,0.0500,-1,0.8349,0.3286,0,rank_ok,,nurion
POSCAR_Mn2Sb6_1,42,28,ok,0.4870,0.9862,29,0.9997,0.7065,0.0135,1,0.2756,0.2195,0,rank_ok,,nurion
POSCAR_Mn2Sb6_1_z025,42,28,ok,0.4763,0.9852,29,0.9987,0.7221,0.0135,1,0.2048,0.2459,0,rank_ok,,nurion
POSCAR_Mn2Sb6_1_z975,71,26,ok,0.4930,0.9733,25,0.9918,0.5873,0.0185,-1,0.2481,0.0944,0,rank_ok,,nurion
POSCAR_Mn2Se2_1,223,18,ok,0.1621,0.9999,18,0.9999,0.1621,0.0000,0,0.0238,0.2111,1,rank_ok,,nurion
POSCAR_Mn2Se2_1_st025,223,18,ok,0.1329,0.9999,18,0.9999,0.1329,0.0000,0,0.0232,0.1770,1,rank_ok,,nurion
POSCAR_Mn2Se2_1_st050,223,18,ok,0.1088,0.9999,18,0.9999,0.1088,0.0000,0,0.0208,0.1470,1,rank_ok,,nurion
POSCAR_Mn2Se2_1_st950,223,18,ok,0.2377,1.0000,18,1.0000,0.2377,0.0000,0,0.0141,0.2889,1,rank_ok,,nurion
POSCAR_Mn2Se2_1_st975,223,18,ok,0.1968,1.0000,18,1.0000,0.1968,0.0000,0,0.0213,0.2485,1,rank_ok,,nurion
POSCAR_Mn2Se2_1_x025,160,18,ok,0.1501,1.0000,18,1.0000,0.1501,0.0000,0,0.2269,0.0519,0,rank_ok,,nurion
POSCAR_Mn2Se2_1_x050,147,18,ok,0.1483,0.9999,18,0.9999,0.1483,0.0000,0,0.0532,0.2681,0,rank_ok,,nurion
POSCAR_Mn2Se2_1_x950,184,18,ok,0.2424,0.9999,18,0.9999,0.2424,0.0000,0,0.3758,0.0436,1,rank_ok,,nurion
POSCAR_Mn2Se2_1_x975,223,18,ok,0.1817,1.0000,18,1.0000,0.1817,0.0000,0,0.1505,0.3566,0,rank_ok,,nurion
POSCAR_Mn2Se2_1_y025,223,18,ok,0.1519,1.0000,18,1.0000,0.1519,0.0000,0,0.0509,0.2270,0,rank_ok,,nurion
POSCAR_Mn2Se2_1_y050,114,18,ok,0.1486,0.9999,18,0.9999,0.1486,0.0000,0,0.0530,0.2672,0,rank_ok,,nurion
POSCAR_Mn2Se2_1_y950,250,18,ok,0.2420,0.9999,18,0.9999,0.2420,0.0000,0,0.3758,0.0441,1,rank_ok,,nurion
POSCAR_Mn2Se2_1_y975,160,18,ok,0.1798,1.0000,18,1.0000,0.1798,0.0000,0,0.3561,0.1512,0,rank_ok,,nurion
POSCAR_Mn2Se2_1_z025,223,18,ok,0.1605,0.9999,18,0.9999,0.1605,0.0000,0,0.1070,0.2885,0,rank_ok,,nurion
POSCAR_Mn2Se2_1_z050,223,18,ok,0.1580,0.9999,18,0.9999,0.1580,0.0000,0,0.1814,0.3568,0,rank_ok,,nurion
POSCAR_Mn2Se2_1_z950,123,18,ok,0.1618,0.9999,18,0.9999,0.1618,0.0000,0,0.0133,0.2065,1,rank_ok,,nurion
POSCAR_Mn2Se2_1_z975,123,18,ok,0.1527,0.9998,18,0.9998,0.1527,0.0000,0,0.0503,0.2301,0,rank_ok,,nurion
POSCAR_Mn2Se2_2,260,18,ok,0.8814,0.9992,18,0.9992,0.8814,0.0000,0,0.1290,0.3021,0,rank_ok,,nurion
POSCAR_Mn2Se2_2_st025,260,18,ok,0.7619,0.9989,18,0.9989,0.7619,0.0000,0,0.0805,0.2630,0,rank_ok,,nurion
POSCAR_Mn2Se2_2_st050,260,18,ok,0.6534,0.9986,19,0.9992,0.2051,0.0006,1,0.0467,0.2355,1,rank_ok,,nurion
POSCAR_Mn2Se2_2_st950,271,18,ok,1.1453,0.9914,19,0.9932,0.5830,0.0018,1,0.0462,0.2102,1,rank_ok,,nurion
POSCAR_Mn2Se2_2_st975,216,18,ok,1.0101,0.9980,17,0.9986,0.5086,0.0006,-1,0.1584,0.0037,1,rank_ok,,nurion
POSCAR_Mn2Se2_2_x025,187,18,ok,0.8914,0.9985,18,0.9985,0.8914,0.0000,0,0.0730,0.2308,0,rank_ok,,nurion
POSCAR_Mn2Se2_2_x050,187,18,ok,0.8557,0.9992,18,0.9992,0.8557,0.0000,0,0.1007,0.1684,0,rank_ok,,nurion
POSCAR_Mn2Se2_2_x950,227,18,ok,1.0156,0.9595,17,0.9999,0.1881,0.0404,-1,0.1069,0.2069,0,rank_ok,,nurion
POSCAR_Mn2Se2_2_x975,260,18,ok,1.0528,0.9997,18,0.9997,1.0528,0.0000,0,0.0592,0.1096,0,rank_ok,,nurion
POSCAR_Mn2Se2_2_y025,260,18,ok,0.8939,0.9987,18,0.9987,0.8939,0.0000,0,0.0715,0.2294,0,rank_ok,,nurion
POSCAR_Mn2Se2_2_y050,260,18,ok,0.8563,0.9993,18,0.9993,0.8563,0.0000,0,0.1030,0.1669,0,rank_ok,,nurion
POSCAR_Mn2Se2_2_y950,187,18,ok,1.0155,0.9598,17,0.9994,1.1244,0.0396,-1,0.2096,0.1089,0,rank_ok,,nurion
POSCAR_Mn2Se2_2_y975,187,18,ok,1.0523,0.9997,18,0.9997,1.0523,0.0000,0,0.0569,0.1111,0,rank_ok,,nurion
POSCAR_Mn2Se2_2_z025,260,18,ok,0.9257,0.9994,18,0.9994,0.9257,0.0000,0,0.0276,0.1556,1,rank_ok,,nurion
POSCAR_Mn2Se2_2_z050,234,18,ok,0.9005,0.9995,19,0.9997,0.1433,0.0002,1,0.0706,0.0140,1,rank_ok,,nurion
POSCAR_Mn2Se2_2_z950,261,18,ok,0.8383,0.9917,19,0.9994,0.0869,0.0077,1,0.5848,0.0390,1,rank_ok,,nurion
POSCAR_Mn2Se2_2_z975,260,18,ok,0.8427,0.9984,18,0.9984,0.8427,0.0000,0,0.2279,0.4512,0,rank_ok,,nurion
POSCAR_Mn2Se2_3,201,18,ok,0.6602,0.9985,18,0.9985,0.6602,0.0000,0,0.1651,0.2620,0,rank_ok,,nurion
POSCAR_Mn2Se2_3_st025,201,18,ok,0.5540,0.9990,18,0.9990,0.5540,0.0000,0,0.1437,0.2431,0,rank_ok,,nurion
POSCAR_Mn2Se2_3_st050,201,18,ok,0.4669,0.9997,18,0.9997,0.4669,0.0000,0,0.1220,0.2250,0,rank_ok,,nurion
POSCAR_Mn2Se2_3_st950,201,18,ok,0.9390,0.9969,18,0.9969,0.9390,0.0000,0,0.2002,0.2947,0,rank_ok,,nurion
POSCAR_Mn2Se2_3_st975,201,18,ok,0.7882,0.9974,18,0.9974,0.7882,0.0000,0,0.1845,0.2805,0,rank_ok,,nurion
POSCAR_Mn2Se2_3_x025,233,18,ok,0.7206,0.9900,17,1.0000,0.0904,0.0100,-1,0.0279,0.3504,1,rank_ok,,nurion
POSCAR_Mn2Se2_3_x050,211,18,ok,0.7205,0.9978,18,0.9978,0.7205,0.0000,0,0.1836,0.1575,0,rank_ok,,nurion
POSCAR_Mn2Se2_3_x950,218,19,ok,0.6966,0.9999,19,0.9999,0.6966,0.0000,0,0.4562,1.1649,0,rank_ok,,nurion
POSCAR_Mn2Se2_3_x975,218,19,ok,0.6581,0.9998,19,0.9998,0.6581,0.0000,0,0.3841,1.0677,0,rank_ok,,nurion
POSCAR_Mn2Se2_3_y025,218,19,ok,0.6194,0.9998,19,0.9998,0.6194,0.0000,0,0.3350,1.0336,0,rank_ok,,nurion
POSCAR_Mn2Se2_3_y050,218,19,ok,0.6149,0.9999,19,0.9999,0.6149,0.0000,0,0.3496,1.0801,0,rank_ok,,nurion
POSCAR_Mn2Se2_3_y950,233,18,ok,0.7959,0.9772,17,1.0000,0.0914,0.0228,-1,0.1265,0.3903,0,rank_ok,,nurion
POSCAR_Mn2Se2_3_y975,201,18,ok,0.7342,0.9969,18,0.9969,0.7342,0.0000,0,0.1311,0.2538,0,rank_ok,,nurion
POSCAR_Mn2Se2_3_z025,218,19,ok,0.5632,0.9992,18,0.9998,0.3357,0.0006,-1,0.3191,0.8989,0,rank_ok,,nurion
POSCAR_Mn2Se2_3_z050,218,19,ok,0.5039,0.9992,18,0.9999,0.3219,0.0007,-1,0.3273,0.8258,0,rank_ok,,nurion
POSCAR_Mn2Se2_3_z950,211,18,ok,0.8783,0.9947,18,0.9947,0.8783,0.0000,0,0.3433,0.0842,0,rank_ok,,nurion
POSCAR_Mn2Se2_3_z975,234,18,ok,0.7508,0.9972,17,0.9993,0.3051,0.0021,-1,0.3017,0.1119,0,rank_ok,,nurion
POSCAR_Mn2Se4_1,195,25,ok,0.4337,0.9985,27,0.9996,2.3393,0.0011,2,0.1768,0.9642,0,rank_ok,,nurion
POSCAR_Mn2Se4_1_st025,195,25,ok,0.3876,0.9986,27,0.9996,2.2489,0.0011,2,0.1830,0.8161,0,rank_ok,,nurion
POSCAR_Mn2Se4_1_st050,145,22,ok,0.3995,0.9991,20,0.9999,0.8883,0.0008,-2,0.4411,0.0741,0,rank_ok,,nurion
POSCAR_Mn2Se4_1_st950,195,25,ok,0.5209,0.9986,27,0.9999,2.4281,0.0012,2,0.1744,1.1166,0,rank_ok,,nurion
POSCAR_Mn2Se4_1_st975,195,25,ok,0.4796,0.9984,27,0.9998,2.4018,0.0014,2,0.1721,1.0704,0,rank_ok,,nurion
POSCAR_Mn2Se4_1_x025,195,25,ok,0.4291,0.9983,27,0.9984,2.3669,0.0001,2,0.1548,0.8955,0,rank_ok,,nurion
POSCAR_Mn2Se4_1_x050,195,25,ok,0.4200,0.9986,25,0.9986,0.4200,0.0000,0,0.1457,0.8285,0,rank_ok,,nurion
POSCAR_Mn2Se4_1_x950,195,25,ok,0.4363,0.9988,26,0.9990,1.9488,0.0002,1,0.2525,1.0859,0,rank_ok,,nurion
POSCAR_Mn2Se4_1_x975,195,25,ok,0.4355,0.9987,27,0.9999,2.3019,0.0011,2,0.2100,1.0369,0,rank_ok,,nurion
POSCAR_Mn2Se4_1_y025,195,25,ok,0.4347,0.9987,27,0.9999,2.2786,0.0012,2,0.1504,0.9073,0,rank_ok,,nurion
POSCAR_Mn2Se4_1_y050,195,25,ok,0.4290,0.9992,25,0.9992,0.4290,0.0000,0,0.1408,0.8555,0,rank_ok,,nurion
POSCAR_Mn2Se4_1_y950,236,24,ok,0.4758,0.9972,25,0.9985,0.6164,0.0013,1,0.0866,0.1407,0,rank_ok,,nurion
POSCAR_Mn2Se4_1_y975,195,25,ok,0.4286,0.9985,23,0.9986,0.6227,0.0002,-2,0.2158,1.0133,0,rank_ok,,nurion
POSCAR_Mn2Se4_1_z025,236,24,ok,0.3937,0.9983,23,0.9990,0.3909,0.0007,-1,0.1188,0.1003,0,rank_ok,,nurion
POSCAR_Mn2Se4_1_z050,236,24,ok,0.4175,0.9985,23,0.9998,0.3616,0.0013,-1,0.0388,0.1460,1,rank_ok,,nurion
POSCAR_Mn2Se4_1_z950,195,25,ok,0.5114,0.9990,25,0.9990,0.5114,0.0000,0,0.1021,1.0321,0,rank_ok,,nurion
POSCAR_Mn2Se4_1_z975,195,25,ok,0.4805,0.9989,27,1.0000,2.3925,0.0011,2,0.1164,0.9981,0,rank_ok,,nurion
POSCAR_Mn2Sn3_1,27,33,ok,0.0225,0.9999,33,0.9999,0.0225,0.0000,0,0.1049,0.0832,0,rank_ok,,nurion
POSCAR_Mn2Sn3_1_st025,27,33,ok,0.0183,0.9998,33,0.9998,0.0183,0.0000,0,0.1986,0.1799,0,rank_ok,,nurion
POSCAR_Mn2Sn3_1_st050,27,33,ok,0.0135,0.9996,33,0.9996,0.0135,0.0000,0,0.2478,0.2331,0,rank_ok,,nurion
POSCAR_Mn2Sn3_1_st950,27,34,ok,0.0255,1.0000,34,1.0000,0.0255,0.0000,0,0.2287,0.2495,0,rank_ok,,nurion
POSCAR_Mn2Sn3_1_x025,27,33,ok,0.0206,0.9998,33,0.9998,0.0206,0.0000,0,0.1413,0.1208,0,rank_ok,,nurion
POSCAR_Mn2Sn3_1_x050,27,33,ok,0.0189,0.9999,33,0.9999,0.0189,0.0000,0,0.1590,0.1402,0,rank_ok,,nurion
POSCAR_Mn2Sn3_1_x950,27,34,ok,0.0212,0.9993,34,0.9993,0.0212,0.0000,0,0.0239,0.0425,1,rank_ok,,nurion
POSCAR_Mn2Sn3_1_y025,27,33,ok,0.0206,0.9999,33,0.9999,0.0206,0.0000,0,0.1415,0.1207,0,rank_ok,,nurion
POSCAR_Mn2Sn3_1_y050,27,33,ok,0.0188,0.9999,33,0.9999,0.0188,0.0000,0,0.1594,0.1400,0,rank_ok,,nurion
POSCAR_Mn2Sn3_1_y950,27,34,ok,0.0211,0.9996,34,0.9996,0.0211,0.0000,0,0.0240,0.0426,1,rank_ok,,nurion
POSCAR_Mn2Sn3_1_z025,27,33,ok,0.0213,0.9999,33,0.9999,0.0213,0.0000,0,0.1343,0.1139,0,rank_ok,,nurion
POSCAR_Mn2Sn3_1_z050,27,33,ok,0.0199,0.9999,33,0.9999,0.0199,0.0000,0,0.1688,0.1499,0,rank_ok,,nurion
POSCAR_Mn2Sn3_1_z950,27,33,ok,0.0204,0.9999,33,0.9999,0.0204,0.0000,0,0.0734,0.0513,0,rank_ok,,nurion
POSCAR_Mn2Sn3_1_z975,27,33,ok,0.0225,0.9999,33,0.9999,0.0225,0.0000,0,0.0836,0.0614,0,rank_ok,,nurion
POSCAR_Mn2Te2_1,160,19,ok,0.6500,0.9783,18,0.9995,0.8336,0.0212,-1,0.2206,0.1836,0,rank_ok,,nurion
POSCAR_Mn2Te2_1_st025,160,19,ok,0.5486,0.9831,18,0.9995,0.6843,0.0164,-1,0.1768,0.1357,0,rank_ok,,nurion
POSCAR_Mn2Te2_1_st050,160,19,ok,0.4672,0.9857,18,0.9992,0.5638,0.0135,-1,0.1457,0.0966,0,rank_ok,,nurion
POSCAR_Mn2Te2_1_st950,160,19,ok,0.9353,0.9644,18,0.9992,1.2417,0.0348,-1,0.3671,0.3064,0,rank_ok,,nurion
POSCAR_Mn2Te2_1_st975,160,19,ok,0.7767,0.9712,18,0.9994,1.0175,0.0282,-1,0.2819,0.2408,0,rank_ok,,nurion
POSCAR_Mn2Te2_1_x025,183,19,ok,0.7207,0.9822,18,0.9995,0.7665,0.0174,-1,0.3215,0.0459,1,rank_ok,,nurion
POSCAR_Mn2Te2_1_x050,226,19,ok,0.7107,0.9850,18,0.9985,0.7763,0.0136,-1,0.3460,0.0656,0,rank_ok,,nurion
POSCAR_Mn2Te2_1_x950,183,18,ok,0.9369,0.9999,18,0.9999,0.9369,0.0000,0,0.1184,0.0301,1,rank_ok,,nurion
POSCAR_Mn2Te2_1_x975,183,18,ok,0.8013,0.9966,18,0.9966,0.8013,0.0000,0,0.1057,0.2431,0,rank_ok,,nurion
POSCAR_Mn2Te2_1_y025,160,19,ok,0.7217,0.9822,18,0.9994,0.7665,0.0173,-1,0.3227,0.0448,1,rank_ok,,nurion
POSCAR_Mn2Te2_1_y050,226,19,ok,0.7108,0.9845,18,0.9989,0.7763,0.0143,-1,0.3462,0.0655,0,rank_ok,,nurion
POSCAR_Mn2Te2_1_y950,160,18,ok,0.9367,0.9998,18,0.9998,0.9367,0.0000,0,0.1175,0.0320,1,rank_ok,,nurion
POSCAR_Mn2Te2_1_y975,160,18,ok,0.7999,0.9966,18,0.9966,0.7999,0.0000,0,0.1070,0.2450,0,rank_ok,,nurion
POSCAR_Mn2Te2_1_z025,226,18,ok,0.6756,0.9972,18,0.9972,0.6756,0.0000,0,0.1012,0.2791,0,rank_ok,,nurion
POSCAR_Mn2Te2_1_z050,156,18,ok,0.7258,0.9998,18,0.9998,0.7258,0.0000,0,0.1449,0.0045,1,rank_ok,,nurion
POSCAR_Mn2Te2_1_z950,160,19,ok,0.9553,0.9669,18,0.9980,0.9598,0.0311,-1,0.4421,0.0045,1,rank_ok,,nurion
POSCAR_Mn2Te2_1_z975,160,19,ok,0.8031,0.9721,18,0.9991,0.8944,0.0270,-1,0.3336,0.0914,0,rank_ok,,nurion
POSCAR_Mn2Te3_1,186,22,ok,0.0247,1.0000,22,1.0000,0.0247,0.0000,0,0.0278,0.0030,1,rank_ok,,nurion
POSCAR_Mn2Te3_1_st050,186,21,ok,0.0231,1.0000,21,1.0000,0.0231,0.0000,0,0.0052,0.0286,1,rank_ok,,nurion
POSCAR_Mn2Te3_1_x050,18,20,ok,0.0226,1.0000,20,1.0000,0.0226,0.0000,0,0.3745,0.3539,0,rank_ok,,nurion
POSCAR_Mn2Te3_1_x950,213,21,ok,0.0244,1.0000,21,1.0000,0.0244,0.0000,0,0.7805,0.8041,0,rank_ok,,nurion
POSCAR_Mn2Te3_1_x975,213,21,ok,0.0249,1.0000,21,1.0000,0.0249,0.0000,0,0.5448,0.5680,0,rank_ok,,nurion
POSCAR_Mn2Te3_1_y050,9,20,ok,0.0228,1.0000,20,1.0000,0.0228,0.0000,0,0.3732,0.3526,0,rank_ok,,nurion
POSCAR_Mn2Te3_1_y950,159,21,ok,0.0248,1.0000,21,1.0000,0.0248,0.0000,0,0.7836,0.8077,0,rank_ok,,nurion
POSCAR_Mn2Te3_1_y975,159,21,ok,0.0254,1.0000,21,1.0000,0.0254,0.0000,0,0.5475,0.5711,0,rank_ok,,nurion
POSCAR_Mn2Te3_1_z025,186,22,ok,0.0248,1.0000,22,1.0000,0.0248,0.0000,0,0.0681,0.0441,1,rank_ok,,nurion
POSCAR_Mn2Te3_1_z975,159,21,ok,0.0256,1.0000,21,1.0000,0.0256,0.0000,0,0.1509,0.1742,0,rank_ok,,nurion
POSCAR_Mn2Te4_1,113,23,ok,0.3988,0.9992,23,0.9992,0.3988,0.0000,0,0.3034,0.1577,0,rank_ok,,nurion
POSCAR_Mn2Te4_1_st025,106,23,ok,0.3921,0.9999,23,0.9999,0.3921,0.0000,0,0.2810,0.1123,0,rank_ok,,nurion
POSCAR_Mn2Te4_1_st050,106,23,ok,0.3485,1.0000,23,1.0000,0.3485,0.0000,0,0.2742,0.1228,0,rank_ok,,nurion
POSCAR_Mn2Te4_1_st950,134,24,ok,0.4428,0.9998,24,0.9998,0.4428,0.0000,0,0.2505,0.5263,0,rank_ok,,nurion
POSCAR_Mn2Te4_1_st975,105,23,ok,0.4007,0.9960,23,0.9960,0.4007,0.0000,0,0.5238,0.0829,0,rank_ok,,nurion
POSCAR_Mn2Te4_1_x025,152,23,ok,0.3952,0.9999,23,0.9999,0.3952,0.0000,0,0.0741,0.1632,0,rank_ok,,nurion
POSCAR_Mn2Te4_1_x050,112,23,ok,0.4094,0.9999,23,0.9999,0.4094,0.0000,0,0.2101,0.0333,1,rank_ok,,nurion
POSCAR_Mn2Te4_1_x950,105,23,ok,0.4588,0.9939,23,0.9939,0.4588,0.0000,0,0.2175,0.2081,0,rank_ok,,nurion
POSCAR_Mn2Te4_1_x975,106,23,ok,0.4225,0.9981,23,0.9981,0.4225,0.0000,0,0.2599,0.1947,0,rank_ok,,nurion
POSCAR_Mn2Te4_1_y025,106,23,ok,0.3933,0.9996,23,0.9996,0.3933,0.0000,0,0.3005,0.1278,0,rank_ok,,nurion
POSCAR_Mn2Te4_1_y050,106,23,ok,0.3863,0.9997,23,0.9997,0.3863,0.0000,0,0.2937,0.1006,0,rank_ok,,nurion
POSCAR_Mn2Te4_1_y950,105,23,ok,0.4133,0.9949,23,0.9949,0.4133,0.0000,0,0.4314,0.1252,0,rank_ok,,nurion
POSCAR_Mn2Te4_1_y975,113,23,ok,0.4045,0.9985,23,0.9985,0.4045,0.0000,0,0.2992,0.1896,0,rank_ok,,nurion
POSCAR_Mn2Te4_1_z025,106,23,ok,0.4353,0.9999,23,0.9999,0.4353,0.0000,0,0.2339,0.1515,0,rank_ok,,nurion
POSCAR_Mn2Te4_1_z050,106,23,ok,0.4495,0.9999,23,0.9999,0.4495,0.0000,0,0.1923,0.1575,0,rank_ok,,nurion
POSCAR_Mn2Te4_1_z950,79,22,ok,0.4359,0.9965,21,0.9996,0.4491,0.0030,-1,0.0123,0.0132,1,rank_ok,,nurion
POSCAR_Mn2Te4_1_z975,79,22,ok,0.3915,0.9963,23,1.0000,0.2723,0.0037,1,0.0352,0.0575,1,rank_ok,,nurion
POSCAR_Mn2Te8_1,110,37,ok,0.4314,0.9969,39,0.9994,0.7994,0.0026,2,0.0350,0.0286,1,rank_ok,,nurion
POSCAR_Mn2Te8_1_st025,110,37,ok,0.3700,0.9993,39,1.0000,0.7048,0.0007,2,0.0442,0.0269,1,rank_ok,,nurion
POSCAR_Mn2Te8_1_st950,106,37,ok,0.4579,0.9875,39,0.9989,0.2065,0.0114,2,0.1141,0.1649,0,rank_ok,,nurion
POSCAR_Mn2Te8_1_st975,110,37,ok,0.4576,0.9926,39,0.9986,0.8739,0.0060,2,0.0828,0.0594,0,rank_ok,,nurion
POSCAR_Mn2Te8_1_x025,110,37,ok,0.3989,0.9958,39,0.9992,0.7414,0.0034,2,0.0555,0.0170,1,rank_ok,,nurion
POSCAR_Mn2Te8_1_x050,106,37,ok,0.3558,0.9953,39,0.9996,0.1518,0.0044,2,0.0183,0.0812,1,rank_ok,,nurion
POSCAR_Mn2Te8_1_x950,106,37,ok,0.4745,0.9990,38,0.9994,0.1461,0.0004,1,0.0705,0.0206,1,rank_ok,,nurion
POSCAR_Mn2Te8_1_y025,110,37,ok,0.4020,0.9989,39,0.9999,0.7895,0.0009,2,0.0260,0.0399,1,rank_ok,,nurion
POSCAR_Mn2Te8_1_y050,12,37,ok,0.4096,0.9958,35,0.9963,0.8456,0.0004,-2,0.3390,0.0478,1,rank_ok,,nurion
POSCAR_Mn2Te8_1_y950,106,37,ok,0.4284,0.9925,39,0.9999,0.1177,0.0074,2,0.0815,0.0713,0,rank_ok,,nurion
POSCAR_Mn2Te8_1_y975,106,37,ok,0.4423,0.9943,35,0.9999,0.6042,0.0056,-2,0.0389,0.0671,1,rank_ok,,nurion
POSCAR_Mn2Te8_1_z025,110,37,ok,0.4213,0.9993,39,1.0000,0.7636,0.0007,2,0.0503,0.0274,1,rank_ok,,nurion
POSCAR_Mn2Te8_1_z050,110,37,ok,0.3842,0.9991,39,0.9998,0.7175,0.0008,2,0.0913,0.0379,1,rank_ok,,nurion
POSCAR_Mn2Te8_1_z950,110,37,ok,0.4132,0.9935,39,0.9980,0.8435,0.0045,2,0.0748,0.0451,1,rank_ok,,nurion
POSCAR_Mn2Te8_1_z975,110,37,ok,0.4191,0.9946,39,0.9987,0.8191,0.0041,2,0.0581,0.0359,1,rank_ok,,nurion
POSCAR_Mn2Te8_2,92,35,ok,0.0112,1.0000,35,1.0000,0.0112,0.0000,0,0.1386,0.1204,0,rank_ok,,nurion
POSCAR_Mn2Te8_2_st025,61,28,ok,0.0115,1.0000,28,1.0000,0.0115,0.0000,0,0.1139,0.1337,0,rank_ok,,nurion
POSCAR_Mn2Te8_2_st050,61,28,ok,0.0113,1.0000,28,1.0000,0.0113,0.0000,0,0.0913,0.1114,0,rank_ok,,nurion
POSCAR_Mn2Te8_2_st950,127,32,ok,0.0126,1.0000,32,1.0000,0.0126,0.0000,0,0.1591,0.1451,0,rank_ok,,nurion
POSCAR_Mn2Te8_2_st975,113,35,ok,0.0121,1.0000,35,1.0000,0.0121,0.0000,0,0.1444,0.1251,0,rank_ok,,nurion
POSCAR_Mn2Te8_2_x025,31,28,ok,0.0119,1.0000,28,1.0000,0.0119,0.0000,0,0.1271,0.1059,0,rank_ok,,nurion
POSCAR_Mn2Te8_2_x050,19,30,ok,0.0111,1.0000,30,1.0000,0.0111,0.0000,0,0.0807,0.1003,0,rank_ok,,nurion
POSCAR_Mn2Te8_2_x950,92,35,ok,0.0131,1.0000,35,1.0000,0.0131,0.0000,0,0.0987,0.0829,0,rank_ok,,nurion
POSCAR_Mn2Te8_2_x975,61,28,ok,0.0129,1.0000,28,1.0000,0.0129,0.0000,0,0.1416,0.1589,0,rank_ok,,nurion
POSCAR_Mn2Te8_2_y025,61,28,ok,0.0127,1.0000,28,1.0000,0.0127,0.0000,0,0.1061,0.1281,0,rank_ok,,nurion
POSCAR_Mn2Te8_2_y050,61,28,ok,0.0121,1.0000,28,1.0000,0.0121,0.0000,0,0.0890,0.1107,0,rank_ok,,nurion
POSCAR_Mn2Te8_2_y950,31,30,ok,0.0120,1.0000,30,1.0000,0.0120,0.0000,0,0.0532,0.0384,1,rank_ok,,nurion
POSCAR_Mn2Te8_2_y975,31,28,ok,0.0124,1.0000,28,1.0000,0.0124,0.0000,0,0.1583,0.1415,0,rank_ok,,nurion
POSCAR_Mn2Te8_2_z025,61,28,ok,0.0110,1.0000,28,1.0000,0.0110,0.0000,0,0.1443,0.1557,0,rank_ok,,nurion
POSCAR_Mn2Te8_2_z050,61,30,ok,0.0095,1.0000,30,1.0000,0.0095,0.0000,0,0.0658,0.0796,0,rank_ok,,nurion
POSCAR_Mn2Te8_2_z950,92,35,ok,0.0115,1.0000,35,1.0000,0.0115,0.0000,0,0.1801,0.1635,0,rank_ok,,nurion
POSCAR_Mn2Te8_2_z975,92,35,ok,0.0117,1.0000,35,1.0000,0.0117,0.0000,0,0.1609,0.1432,0,rank_ok,,nurion
POSCAR_Mn2Te8_3,72,35,ok,0.2772,0.9997,35,0.9997,0.2772,0.0000,0,0.0760,0.1532,0,rank_ok,,nurion
POSCAR_Mn2Te8_3_st025,72,35,ok,0.2548,0.9998,34,0.9999,0.0425,0.0001,-1,0.0428,0.1575,1,rank_ok,,nurion
POSCAR_Mn2Te8_3_st050,72,35,ok,0.2322,0.9999,34,1.0000,0.0478,0.0001,-1,0.0206,0.1573,1,rank_ok,,nurion
POSCAR_Mn2Te8_3_st950,72,35,ok,0.3183,0.9992,35,0.9992,0.3183,0.0000,0,0.1879,0.1182,0,rank_ok,,nurion
POSCAR_Mn2Te8_3_st975,72,35,ok,0.2989,0.9993,37,0.9993,0.7292,0.0001,2,0.1240,0.1412,0,rank_ok,,nurion
POSCAR_Mn2Te8_3_x025,43,35,ok,0.2718,0.9996,35,0.9996,0.2718,0.0000,0,0.1259,0.0723,0,rank_ok,,nurion
POSCAR_Mn2Te8_3_y025,72,35,ok,0.2793,0.9993,34,0.9999,0.0612,0.0006,-1,0.0688,0.1633,0,rank_ok,,nurion
POSCAR_Mn2Tl13_1,51,97,ok,0.0195,1.0000,97,1.0000,0.0195,0.0000,0,0.1077,0.1347,0,rank_ok,,nurion
POSCAR_Mn2Tl13_1_st025,51,97,ok,0.0167,1.0000,97,1.0000,0.0167,0.0000,0,0.1100,0.1326,0,rank_ok,,nurion
POSCAR_Mn2Tl13_1_st050,53,96,ok,0.0155,1.0000,96,1.0000,0.0155,0.0000,0,0.0434,0.0711,1,rank_ok,,nurion
POSCAR_Mn2Tl13_1_st975,51,97,ok,0.0233,1.0000,97,1.0000,0.0233,0.0000,0,0.1119,0.1422,0,rank_ok,,nurion
POSCAR_Mn2Tl13_1_x025,51,97,ok,0.0195,1.0000,97,1.0000,0.0195,0.0000,0,0.1037,0.1307,0,rank_ok,,nurion
POSCAR_Mn2Tl13_1_x975,51,97,ok,0.0205,0.9999,97,0.9999,0.0205,0.0000,0,0.1120,0.1391,0,rank_ok,,nurion
POSCAR_Mn2Tl13_1_y025,51,97,ok,0.0181,0.9999,97,0.9999,0.0181,0.0000,0,0.1240,0.1477,0,rank_ok,,nurion
POSCAR_Mn2Tl13_1_y050,4,94,ok,0.0167,1.0000,94,1.0000,0.0167,0.0000,0,0.1969,0.2202,0,rank_ok,,nurion
POSCAR_Mn2Tl13_1_y975,51,97,ok,0.0210,1.0000,97,1.0000,0.0210,0.0000,0,0.0957,0.1239,0,rank_ok,,nurion
POSCAR_Mn2Tl13_1_z025,51,97,ok,0.0193,1.0000,97,1.0000,0.0193,0.0000,0,0.1019,0.1273,0,rank_ok,,nurion
POSCAR_Mn2Tl13_1_z950,51,97,ok,0.0214,0.9999,97,0.9999,0.0214,0.0000,0,0.1493,0.1787,0,rank_ok,,nurion
POSCAR_Mn2Tl13_1_z975,51,97,ok,0.0210,0.9999,97,0.9999,0.0210,0.0000,0,0.1218,0.1506,0,rank_ok,,nurion
POSCAR_Mo2N2_2,304,19,ok,0.5799,0.9747,19,0.9747,0.5799,0.0000,0,0.4438,0.2720,0,rank_ok,,nurion
POSCAR_Mo2N2_2_st050,372,19,ok,0.7466,0.9524,17,0.9823,2.3556,0.0300,-2,0.7564,0.0057,1,rank_ok,,nurion
POSCAR_Mo2N2_2_x025,398,18,ok,0.8322,0.9788,16,0.9970,1.8630,0.0182,-2,0.3627,0.2738,0,rank_ok,,nurion
POSCAR_Mo2N2_2_x050,398,18,ok,0.8432,0.9805,16,1.0000,1.8814,0.0195,-2,0.4294,0.2181,0,rank_ok,,nurion
POSCAR_Mo2N2_2_x950,309,19,ok,0.7979,0.9978,19,0.9978,0.7979,0.0000,0,0.9740,0.6088,0,rank_ok,,nurion
POSCAR_Mo2N2_2_y025,266,18,ok,0.8287,0.9786,16,0.9941,1.5736,0.0155,-2,0.2799,0.3588,0,rank_ok,,nurion
POSCAR_Mo2N2_2_y050,266,18,ok,0.8403,0.9800,16,0.9952,1.5632,0.0151,-2,0.2223,0.4260,0,rank_ok,,nurion
POSCAR_Mo2N2_2_y950,285,19,ok,0.8040,0.9978,20,0.9999,1.7716,0.0020,1,0.6055,0.9676,0,rank_ok,,nurion
POSCAR_Mo2N2_2_z975,258,19,ok,0.5997,0.9730,19,0.9730,0.5997,0.0000,0,0.4537,0.3155,0,rank_ok,,nurion
POSCAR_Mo2N2_4,388,19,ok,0.3121,0.9989,19,0.9989,0.3121,0.0000,0,1.2109,1.1835,0,rank_ok,,nurion
POSCAR_Mo2N2_4_st025,388,19,ok,0.2455,0.9993,19,0.9993,0.2455,0.0000,0,1.4530,1.2556,0,rank_ok,,nurion
POSCAR_Mo2N2_4_st050,388,19,ok,0.1900,0.9995,19,0.9995,0.1900,0.0000,0,1.6406,1.3413,0,rank_ok,,nurion
POSCAR_Mo2N2_4_st975,388,19,ok,0.3830,0.9993,19,0.9993,0.3830,0.0000,0,0.9203,1.1042,0,rank_ok,,nurion
POSCAR_Mo2N2_4_x025,258,19,ok,0.2990,0.9991,19,0.9991,0.2990,0.0000,0,1.2227,1.2794,0,rank_ok,,nurion
POSCAR_Mo2N2_4_x050,258,19,ok,0.2861,0.9986,19,0.9986,0.2861,0.0000,0,1.2750,1.3147,0,rank_ok,,nurion
POSCAR_Mo2N2_4_x950,385,19,ok,0.3732,0.9991,19,0.9991,0.3732,0.0000,0,1.0653,0.9300,0,rank_ok,,nurion
POSCAR_Mo2N2_4_x975,385,19,ok,0.3427,0.9993,19,0.9993,0.3427,0.0000,0,1.1227,1.0782,0,rank_ok,,nurion
POSCAR_Mo2N2_4_y025,385,19,ok,0.2957,0.9989,19,0.9989,0.2957,0.0000,0,1.2398,1.2655,0,rank_ok,,nurion
POSCAR_Mo2N2_4_y050,385,19,ok,0.2840,0.9987,19,0.9987,0.2840,0.0000,0,1.2898,1.3007,0,rank_ok,,nurion
POSCAR_Mo2N2_4_y950,258,19,ok,0.3759,0.9990,19,0.9990,0.3759,0.0000,0,1.0508,0.9417,0,rank_ok,,nurion
POSCAR_Mo2N2_4_y975,258,19,ok,0.3474,0.9991,19,0.9991,0.3474,0.0000,0,1.1047,1.0918,0,rank_ok,,nurion
POSCAR_Mo2N2_4_z025,388,19,ok,0.2857,0.9995,19,0.9995,0.2857,0.0000,0,1.2990,1.1451,0,rank_ok,,nurion
POSCAR_Mo2N2_4_z050,388,19,ok,0.2576,0.9995,19,0.9995,0.2576,0.0000,0,1.3835,1.1146,0,rank_ok,,nurion
POSCAR_Mo2N2_4_z950,541,19,ok,0.3973,0.9997,19,0.9997,0.3973,0.0000,0,0.7937,0.8809,0,rank_ok,,nurion
POSCAR_Mo2N2_4_z975,541,19,ok,0.3520,0.9999,19,0.9999,0.3520,0.0000,0,0.7946,0.9397,0,rank_ok,,nurion
POSCAR_Mo2O3_1,60,22,ok,1.4440,0.4909,20,0.9906,1.7582,0.4996,-2,0.3678,0.1691,0,A,rank_under,nurion
POSCAR_Mo2O3_1_st025,64,20,ok,1.1901,0.9863,22,0.9943,0.1270,0.0080,2,0.1940,0.5033,0,rank_ok,,nurion
POSCAR_Mo2O3_1_st050,65,20,ok,1.0511,0.9522,21,0.9975,0.1594,0.0453,1,0.4744,0.3788,0,rank_ok,,nurion
POSCAR_Mo2O3_1_st950,60,22,ok,1.8048,0.9262,21,0.9907,2.0970,0.0645,-1,0.2362,0.2922,0,rank_ok,,nurion
POSCAR_Mo2O3_1_st975,60,22,ok,1.6977,0.9231,21,0.9910,1.9176,0.0679,-1,0.2900,0.2199,0,rank_ok,,nurion
POSCAR_Mo2O3_1_x025,60,22,ok,1.4530,0.5079,21,0.9899,1.6404,0.4819,-1,0.3686,0.1874,0,A,rank_under,nurion
POSCAR_Mo2O3_1_x050,60,22,ok,1.4562,0.5281,21,0.9889,1.5361,0.4609,-1,0.3712,0.0800,0,A,rank_under,nurion
POSCAR_Mo2O3_1_x950,60,22,ok,1.4000,0.4599,20,0.9934,2.0559,0.5335,-2,0.3806,0.1027,0,A,rank_under,nurion
POSCAR_Mo2O3_1_x975,60,22,ok,1.4269,0.4718,20,0.9920,1.8947,0.5202,-2,0.3710,0.1369,0,A,rank_under,nurion
POSCAR_Mo2O4_2,194,26,ok,0.7316,0.9481,25,0.9975,0.0357,0.0493,-1,0.1768,0.7673,0,rank_ok,,nurion
POSCAR_Mo2O4_2_st025,194,26,ok,0.6683,0.9501,25,0.9997,0.1459,0.0496,-1,0.2663,0.8141,0,rank_ok,,nurion
POSCAR_Mo2O4_2_st050,194,26,ok,0.6133,0.9566,25,0.9998,0.2445,0.0431,-1,0.3464,0.8578,0,rank_ok,,nurion
POSCAR_Mo2O4_2_st950,207,26,ok,0.8865,0.9386,28,0.9898,3.5529,0.0512,2,0.1619,0.5756,0,rank_ok,,nurion
POSCAR_Mo2O4_2_st975,194,26,ok,0.8099,0.9501,25,0.9932,0.0910,0.0431,-1,0.0765,0.7189,0,rank_ok,,nurion
POSCAR_Mo2O4_2_x025,194,26,ok,0.6814,0.9566,25,0.9999,0.2539,0.0433,-1,0.3674,0.9354,0,rank_ok,,nurion
POSCAR_Mo2O4_2_x050,194,26,ok,0.6133,0.9692,25,0.9994,0.4660,0.0303,-1,0.5488,1.0793,0,rank_ok,,nurion
POSCAR_Mo2O4_2_x950,207,26,ok,0.7464,0.9475,25,0.9916,0.4234,0.0441,-1,0.0103,0.3231,1,rank_ok,,nurion
POSCAR_Mo2O4_2_x975,194,26,ok,0.7493,0.9468,25,0.9946,0.1660,0.0478,-1,0.0190,0.5834,1,rank_ok,,nurion
POSCAR_Mo2O4_2_y025,194,26,ok,0.7055,0.9492,25,0.9979,0.0072,0.0487,-1,0.1386,0.6984,0,rank_ok,,nurion
POSCAR_Mo2O4_2_y050,194,26,ok,0.6716,0.9529,25,0.9989,0.0388,0.0460,-1,0.1196,0.6328,0,rank_ok,,nurion
POSCAR_Mo2O4_2_y950,194,26,ok,0.7734,0.9513,25,0.9975,0.1367,0.0462,-1,0.2799,0.9101,0,rank_ok,,nurion
POSCAR_Mo2O4_2_y975,194,26,ok,0.7538,0.9496,25,0.9974,0.0844,0.0477,-1,0.2253,0.8381,0,rank_ok,,nurion
POSCAR_Mo2O4_2_z025,194,26,ok,0.7223,0.9423,25,0.9971,0.0130,0.0548,-1,0.1330,0.7093,0,rank_ok,,nurion
POSCAR_Mo2O4_2_z050,194,26,ok,0.6997,0.9354,25,0.9961,0.0445,0.0607,-1,0.1152,0.6551,0,rank_ok,,nurion
POSCAR_Mo2O4_2_z950,194,26,ok,0.7229,0.9586,25,0.9983,0.1699,0.0397,-1,0.3138,0.8928,0,rank_ok,,nurion
POSCAR_Mo2O4_2_z975,194,26,ok,0.7312,0.9540,25,0.9982,0.0974,0.0441,-1,0.2388,0.8286,0,rank_ok,,nurion
POSCAR_Mo2P4_4,296,23,ok,0.4764,0.9336,21,0.9989,0.6589,0.0653,-2,0.1394,0.1008,0,rank_ok,,nurion
POSCAR_Mo2P4_4_st950,284,24,ok,0.4422,0.9922,25,0.9998,0.8428,0.0076,1,0.2241,0.4006,0,rank_ok,,nurion
POSCAR_Mo2P4_4_st975,280,23,ok,0.4655,0.9799,22,0.9990,0.5250,0.0190,-1,0.1183,0.0595,0,rank_ok,,nurion
POSCAR_Mo2P4_4_x050,270,20,ok,0.4041,0.9938,21,0.9991,0.6640,0.0053,1,0.1226,0.2600,0,rank_ok,,nurion
POSCAR_Mo2P4_4_x950,284,24,ok,0.3928,0.9849,25,0.9996,0.7963,0.0147,1,0.1225,0.4035,0,rank_ok,,nurion
POSCAR_Mo2P4_4_x975,280,23,ok,0.4550,0.9382,21,0.9999,0.6516,0.0617,-2,0.1357,0.0620,0,rank_ok,,nurion
POSCAR_Mo2P4_4_y025,296,23,ok,0.4406,0.9426,21,0.9930,0.6677,0.0504,-2,0.2152,0.1293,0,rank_ok,,nurion
POSCAR_Mo2P4_4_y050,280,23,ok,0.4324,0.8639,21,0.9988,0.6521,0.1349,-2,0.2844,0.1192,0,A,rank_under,nurion
POSCAR_Mo2P4_4_y950,279,23,ok,0.5070,0.9094,21,0.9806,0.7402,0.0712,-2,0.1444,0.0750,0,rank_ok,,nurion
POSCAR_Mo2P4_4_y975,219,23,ok,0.4913,0.9186,21,0.9995,0.4679,0.0809,-2,0.0707,0.2102,0,rank_ok,,nurion
POSCAR_Mo2P4_4_z025,279,23,ok,0.4732,0.9736,23,0.9736,0.4732,0.0000,0,0.3493,0.0257,1,rank_ok,,nurion
POSCAR_Mo2P4_4_z050,265,23,ok,0.4776,0.7667,24,0.9912,0.0431,0.2245,1,0.1183,0.2178,0,A,rank_over,nurion
POSCAR_Mo2P4_4_z975,280,23,ok,0.4815,0.8854,21,0.9889,0.6498,0.1035,-2,0.2754,0.0317,1,A,rank_under,nurion
POSCAR_Mo2P8_1,105,31,ok,0.1965,0.9967,33,0.9992,1.2738,0.0025,2,0.0605,0.1015,0,rank_ok,,nurion
POSCAR_Mo2P8_1_st025,71,34,ok,0.2341,0.9065,36,0.9998,1.0989,0.0933,2,0.0883,0.1122,0,rank_ok,,nurion
POSCAR_Mo2P8_1_st050,67,34,ok,0.2801,0.9998,34,0.9998,0.2801,0.0000,0,0.1277,0.1403,0,rank_ok,,nurion
POSCAR_Mo2P8_1_st950,139,31,ok,0.2396,0.9301,33,0.9982,0.5465,0.0681,2,0.2019,0.0576,0,rank_ok,,nurion
POSCAR_Mo2P8_1_st975,108,33,ok,0.2295,0.9849,35,0.9966,0.7563,0.0117,2,0.4097,0.2614,0,rank_ok,,nurion
POSCAR_Mo2P8_1_x025,105,31,ok,0.1904,0.9993,30,0.9993,0.2543,0.0000,-1,0.0351,0.0639,1,rank_ok,,nurion
POSCAR_Mo2P8_1_x050,71,34,ok,0.3067,0.9834,34,0.9834,0.3067,0.0000,0,0.1024,0.0922,0,rank_ok,,nurion
POSCAR_Mo2P8_1_x950,212,31,ok,0.2182,0.9883,33,0.9957,0.5125,0.0074,2,0.0786,0.0129,1,rank_ok,,nurion
POSCAR_Mo2P8_1_x975,212,31,ok,0.2146,0.9792,32,0.9990,0.1893,0.0198,1,0.1198,0.0359,1,rank_ok,,nurion
POSCAR_Mo2P8_1_y975,108,33,ok,0.2150,0.9745,34,0.9869,0.6313,0.0124,1,0.6420,0.4016,0,rank_ok,,nurion
POSCAR_Mo2P8_1_z975,57,33,ok,0.2142,0.9736,33,0.9736,0.2142,0.0000,0,0.4011,0.6424,0,rank_ok,,nurion
POSCAR_Mo2Sb2_2,61,19,ok,1.2228,0.8606,21,0.9984,1.9571,0.1378,2,0.0177,0.0583,1,A,rank_under,nurion
POSCAR_Mo2Sb2_2_st025,190,19,ok,1.1792,0.9067,20,0.9959,1.9506,0.0893,1,0.1468,0.7713,0,rank_ok,,nurion
POSCAR_Mo2Sb2_2_st050,226,19,ok,1.1626,0.8792,18,0.9952,1.2215,0.1160,-1,0.6524,0.0589,0,A,rank_under,nurion
POSCAR_Mo2Sb2_2_st950,190,19,ok,1.3307,0.9788,21,0.9961,2.1155,0.0173,2,0.3928,0.4454,0,rank_ok,,nurion
POSCAR_Mo2Sb2_2_st975,226,19,ok,1.2716,0.9593,18,0.9897,1.5844,0.0305,-1,0.6033,0.3128,0,rank_ok,,nurion
POSCAR_Mo2Sb2_2_x025,183,19,ok,1.2088,0.9336,18,0.9949,1.4581,0.0613,-1,0.6576,0.2493,0,rank_ok,,nurion
POSCAR_Mo2Sb2_2_x050,190,19,ok,1.1971,0.9232,20,0.9957,1.8968,0.0726,1,0.1566,0.6996,0,rank_ok,,nurion
POSCAR_Mo2Sb2_2_x950,190,19,ok,1.2635,0.9466,20,0.9930,1.8527,0.0464,1,0.2766,0.5892,0,rank_ok,,nurion
POSCAR_Mo2Sb2_2_x975,226,19,ok,1.2362,0.9396,18,0.9901,1.4838,0.0505,-1,0.6757,0.2476,0,rank_ok,,nurion
POSCAR_Mo2Sb2_2_y025,73,19,ok,1.2616,0.9943,17,0.9957,1.4302,0.0014,-2,0.0112,0.0249,1,rank_ok,,nurion
POSCAR_Mo2Sb2_2_y050,135,19,ok,1.2107,0.9687,17,0.9962,1.4069,0.0275,-2,0.0218,0.0939,1,rank_ok,,nurion
POSCAR_Mo2Sb2_2_y950,183,19,ok,1.2787,0.9451,17,0.9861,1.9387,0.0410,-2,0.4320,0.4056,0,rank_ok,,nurion
POSCAR_Mo2Sb2_2_y975,183,19,ok,1.2456,0.9391,17,0.9904,1.7492,0.0513,-2,0.5860,0.3132,0,rank_ok,,nurion
POSCAR_Mo2Sb2_2_z025,226,19,ok,1.1981,0.9243,17,0.9973,1.6147,0.0730,-2,0.7418,0.1819,0,rank_ok,,nurion
POSCAR_Mo2Sb2_2_z050,226,19,ok,1.1693,0.9108,17,0.9983,1.6178,0.0874,-2,0.7340,0.1243,0,rank_ok,,nurion
POSCAR_Mo2Sb2_2_z950,61,19,ok,1.2704,0.9549,21,0.9984,1.9870,0.0434,2,0.1400,0.0082,1,rank_ok,,nurion
POSCAR_Mo2Sb2_2_z975,61,19,ok,1.2551,0.8653,21,0.9984,1.9596,0.1330,2,0.0848,0.0233,1,A,rank_under,nurion
POSCAR_Mo2Se2_1,230,20,ok,0.8968,0.9914,20,0.9914,0.8968,0.0000,0,0.1763,1.1848,0,rank_ok,,nurion
POSCAR_Mo2Se2_1_st025,230,20,ok,0.8142,0.9883,20,0.9883,0.8142,0.0000,0,0.2041,1.1443,0,rank_ok,,nurion
POSCAR_Mo2Se2_1_st050,230,20,ok,0.7349,0.9869,20,0.9869,0.7349,0.0000,0,0.2177,1.1096,0,rank_ok,,nurion
POSCAR_Mo2Se2_1_st950,230,20,ok,1.0375,0.9951,20,0.9951,1.0375,0.0000,0,0.1534,1.2999,0,rank_ok,,nurion
POSCAR_Mo2Se2_1_st975,230,20,ok,0.9760,0.9946,20,0.9946,0.9760,0.0000,0,0.1500,1.2352,0,rank_ok,,nurion
POSCAR_Mo2Se2_1_z025,230,20,ok,0.8853,0.9936,20,0.9936,0.8853,0.0000,0,0.1905,1.2023,0,rank_ok,,nurion
POSCAR_Mo2Se2_1_z050,230,20,ok,0.8593,0.9958,20,0.9958,0.8593,0.0000,0,0.2143,1.2086,0,rank_ok,,nurion
POSCAR_Mo2Se2_1_z950,230,20,ok,0.8749,0.9889,20,0.9889,0.8749,0.0000,0,0.1713,1.1132,0,rank_ok,,nurion
POSCAR_Mo2Se2_1_z975,230,20,ok,0.8931,0.9899,20,0.9899,0.8931,0.0000,0,0.1708,1.1552,0,rank_ok,,nurion
POSCAR_Mo2Sn4_1,60,43,ok,0.0573,1.0000,43,1.0000,0.0573,0.0000,0,0.1171,0.1718,0,rank_ok,,nurion
POSCAR_Mo2Sn4_1_x025,121,42,ok,0.0058,1.0000,42,1.0000,0.0058,0.0000,0,0.6788,0.6850,0,rank_ok,,nurion
POSCAR_Mo2Sn4_1_x050,50,41,ok,0.0052,1.0000,41,1.0000,0.0052,0.0000,0,0.2176,0.2114,0,rank_ok,,nurion
POSCAR_Mo2Sn4_1_y050,153,42,ok,0.0051,1.0000,42,1.0000,0.0051,0.0000,0,0.6473,0.6421,0,rank_ok,,nurion
POSCAR_Mo2Sn4_1_y950,153,42,ok,0.0045,1.0000,42,1.0000,0.0045,0.0000,0,0.7778,0.7825,0,rank_ok,,nurion
POSCAR_Mo2Sn4_1_z025,153,42,ok,0.0056,1.0000,42,1.0000,0.0056,0.0000,0,0.6870,0.6810,0,rank_ok,,nurion
POSCAR_Mo2Sn4_1_z050,98,41,ok,0.0057,1.0000,41,1.0000,0.0057,0.0000,0,0.2132,0.2195,0,rank_ok,,nurion
POSCAR_Mo2Sn4_1_z975,153,42,ok,0.0051,1.0000,42,1.0000,0.0051,0.0000,0,0.6470,0.6520,0,rank_ok,,nurion
POSCAR_Mo2Sn5_1,6,49,ok,0.0120,1.0000,49,1.0000,0.0120,0.0000,0,0.6104,0.6213,0,rank_ok,,nurion
POSCAR_Mo2Sn5_1_st025,6,49,ok,0.0118,1.0000,49,1.0000,0.0118,0.0000,0,0.7965,0.8087,0,rank_ok,,nurion
POSCAR_Mo2Sn5_1_st050,6,49,ok,0.0112,1.0000,49,1.0000,0.0112,0.0000,0,0.6363,0.6215,0,rank_ok,,nurion
POSCAR_Mo2Sn5_1_st975,6,49,ok,0.0110,1.0000,49,1.0000,0.0110,0.0000,0,0.4353,0.4432,0,rank_ok,,nurion
POSCAR_Mo2Sn5_1_x025,6,49,ok,0.0122,1.0000,49,1.0000,0.0122,0.0000,0,0.6622,0.6734,0,rank_ok,,nurion
POSCAR_Mo2Sn5_1_x050,6,49,ok,0.0118,1.0000,49,1.0000,0.0118,0.0000,0,0.7092,0.7215,0,rank_ok,,nurion
POSCAR_Mo2Sn5_1_z050,6,49,ok,0.0131,1.0000,49,1.0000,0.0131,0.0000,0,0.7673,0.7805,0,rank_ok,,nurion
POSCAR_Mo2Te2_1,203,20,ok,0.9117,0.9426,18,0.9986,1.1788,0.0560,-2,0.3605,1.6106,0,rank_ok,,nurion
POSCAR_Mo2Te2_1_st025,203,20,ok,0.8279,0.9383,18,0.9891,1.0735,0.0508,-2,0.3272,1.6174,0,rank_ok,,nurion
POSCAR_Mo2Te2_1_st050,203,20,ok,0.7539,0.9361,19,0.9839,0.7545,0.0477,-1,0.2858,1.5084,0,rank_ok,,nurion
POSCAR_Mo2Te2_1_st950,203,20,ok,1.1006,0.9642,18,0.9869,1.4201,0.0227,-2,0.4148,0.9788,0,rank_ok,,nurion
POSCAR_Mo2Te2_1_st975,203,20,ok,1.0053,0.9504,18,0.9937,1.2910,0.0434,-2,0.3880,1.3162,0,rank_ok,,nurion
POSCAR_Mo2Te2_1_z025,203,20,ok,0.8665,0.9517,18,0.9978,1.1524,0.0461,-2,0.3727,1.6212,0,rank_ok,,nurion
POSCAR_Mo2Te2_1_z050,203,20,ok,0.8137,0.9616,18,0.9977,1.1124,0.0361,-2,0.3897,1.6089,0,rank_ok,,nurion
POSCAR_Mo2Te2_1_z950,203,20,ok,0.9663,0.9263,21,0.9670,2.4860,0.0407,1,0.3535,1.5197,0,rank_ok,,nurion
POSCAR_Mo2Te2_1_z975,203,20,ok,0.9461,0.9350,18,0.9953,1.1785,0.0603,-2,0.3539,1.5666,0,rank_ok,,nurion
POSCAR_N2V2_1,569,17,ok,1.3145,0.9832,18,0.9904,0.3177,0.0073,1,0.5211,0.6065,0,rank_ok,,nurion
POSCAR_N2V2_1_st025,569,17,ok,1.3571,0.9981,18,0.9991,0.1421,0.0010,1,0.4484,0.2892,0,rank_ok,,nurion
POSCAR_N2V2_1_st050,568,17,ok,1.4692,0.9993,17,0.9993,1.4692,0.0000,0,0.0086,0.0659,1,rank_ok,,nurion
POSCAR_N2V2_1_st975,8,18,ok,1.4165,0.9998,20,0.9999,1.9316,0.0001,2,0.2245,0.2376,0,rank_ok,,nurion
POSCAR_N2V2_1_z025,569,17,ok,1.3245,0.9890,18,0.9925,0.2118,0.0035,1,0.5070,0.4771,0,rank_ok,,nurion
POSCAR_N2V2_1_z950,569,17,ok,1.2299,0.9765,18,0.9878,0.5989,0.0114,1,0.6388,0.8864,0,rank_ok,,nurion
POSCAR_N2V2_1_z975,569,17,ok,1.2848,0.9786,18,0.9887,0.4491,0.0101,1,0.5671,0.7404,0,rank_ok,,nurion
POSCAR_N2V2_7,327,17,ok,0.1209,0.9998,17,0.9998,0.1209,0.0000,0,0.4757,0.2626,0,rank_ok,,nurion
POSCAR_N2V2_7_st025,327,17,ok,0.1196,0.9997,17,0.9997,0.1196,0.0000,0,0.4694,0.2770,0,rank_ok,,nurion
POSCAR_N2V2_7_st050,327,17,ok,0.1217,0.9996,18,0.9998,0.3989,0.0002,1,0.4503,0.2772,0,rank_ok,,nurion
POSCAR_N2V2_7_st975,411,18,ok,0.1392,0.9997,19,0.9999,2.2289,0.0001,1,0.4193,0.6503,0,rank_ok,,nurion
POSCAR_N2V2_7_x025,227,18,ok,0.1494,0.9994,20,0.9996,3.1914,0.0003,2,0.3965,0.6517,0,rank_ok,,nurion
POSCAR_N2V2_7_x050,227,18,ok,0.1762,0.9989,17,0.9995,0.4575,0.0006,-1,0.3488,0.6337,0,rank_ok,,nurion
POSCAR_N2V2_7_x950,267,18,ok,0.1710,0.9993,19,0.9996,2.3895,0.0003,1,0.3914,0.6393,0,rank_ok,,nurion
POSCAR_N2V2_7_x975,267,18,ok,0.1438,0.9995,20,1.0000,3.1863,0.0005,2,0.4202,0.6515,0,rank_ok,,nurion
POSCAR_N2V2_7_y025,267,18,ok,0.1507,0.9993,20,0.9997,3.1907,0.0003,2,0.3956,0.6512,0,rank_ok,,nurion
POSCAR_N2V2_7_y050,267,18,ok,0.1777,0.9990,17,0.9996,0.4556,0.0006,-1,0.3479,0.6334,0,rank_ok,,nurion
POSCAR_N2V2_7_y950,227,18,ok,0.1693,0.9993,20,0.9997,3.2270,0.0004,2,0.3920,0.6391,0,rank_ok,,nurion
POSCAR_N2V2_7_y975,227,18,ok,0.1426,0.9995,20,0.9999,3.1871,0.0004,2,0.4209,0.6520,0,rank_ok,,nurion
POSCAR_N2V2_7_z025,327,17,ok,0.0999,0.9999,17,0.9999,0.0999,0.0000,0,0.4767,0.3117,0,rank_ok,,nurion
POSCAR_N2V2_7_z050,327,17,ok,0.0816,0.9999,17,0.9999,0.0816,0.0000,0,0.4765,0.3530,0,rank_ok,,nurion
POSCAR_N2V2_7_z950,267,18,ok,0.1896,0.9992,20,0.9999,3.2204,0.0007,2,0.2932,0.6307,0,rank_ok,,nurion
POSCAR_N2V2_7_z975,267,18,ok,0.1525,0.9993,20,1.0000,3.1804,0.0007,2,0.3713,0.6467,0,rank_ok,,nurion
POSCAR_N4Nb2_4,216,22,ok,0.2229,0.9980,24,0.9995,1.4065,0.0015,2,0.4686,0.3862,0,rank_ok,,nurion
POSCAR_N4Nb2_4_st025,397,22,ok,0.2619,0.9954,24,0.9987,1.7192,0.0033,2,0.1828,0.0681,0,rank_ok,,nurion
POSCAR_N4Nb2_4_st050,375,22,ok,0.2558,0.9880,24,0.9908,2.0710,0.0028,2,0.2032,0.0306,1,rank_ok,,nurion
POSCAR_N4Nb2_4_st950,216,22,ok,0.3032,0.5765,24,0.9996,1.0173,0.4231,2,0.2682,0.0130,1,A,rank_under,nurion
POSCAR_N4Nb2_4_st975,219,22,ok,0.2627,0.9976,24,0.9992,1.5111,0.0016,2,0.2545,0.4716,0,rank_ok,,nurion
POSCAR_N4Nb2_4_x025,415,22,ok,0.2986,0.9975,24,0.9993,1.7130,0.0017,2,0.1647,0.1055,0,rank_ok,,nurion
POSCAR_N4Nb2_4_x050,415,22,ok,0.3176,1.0000,22,1.0000,0.3176,0.0000,0,0.0141,0.2786,1,rank_ok,,nurion
POSCAR_N4Nb2_4_x950,372,24,ok,0.3305,0.9988,24,0.9988,0.3305,0.0000,0,0.8670,0.5195,0,rank_ok,,nurion
POSCAR_N4Nb2_4_x975,216,22,ok,0.2588,0.9978,24,0.9998,1.3400,0.0019,2,0.5043,0.5332,0,rank_ok,,nurion
POSCAR_N4Nb2_4_y025,373,22,ok,0.2994,0.9975,24,0.9992,1.7131,0.0018,2,0.1646,0.1056,0,rank_ok,,nurion
POSCAR_N4Nb2_4_y050,373,22,ok,0.3184,0.9997,22,0.9997,0.3184,0.0000,0,0.0136,0.2788,1,rank_ok,,nurion
POSCAR_N4Nb2_4_y950,259,24,ok,0.3297,0.9989,24,0.9989,0.3297,0.0000,0,0.8671,0.5204,0,rank_ok,,nurion
POSCAR_N4Nb2_4_y975,89,22,ok,0.2586,0.9977,24,0.9997,1.3404,0.0020,2,0.5038,0.5330,0,rank_ok,,nurion
POSCAR_N4Nb2_4_z025,388,22,ok,0.2141,0.9994,22,0.9994,0.2141,0.0000,0,0.0152,0.1608,1,rank_ok,,nurion
POSCAR_N4Nb2_4_z050,203,22,ok,0.1957,0.9990,22,0.9990,0.1957,0.0000,0,0.4249,0.2422,0,rank_ok,,nurion
POSCAR_N4Nb2_4_z950,216,22,ok,0.2304,0.9974,24,0.9993,1.6067,0.0020,2,0.3365,0.4499,0,rank_ok,,nurion
POSCAR_N4Nb2_4_z975,219,22,ok,0.2250,0.9976,24,0.9990,1.8154,0.0014,2,0.4793,0.3431,0,rank_ok,,nurion
POSCAR_Nb2Se2_2,226,19,ok,0.4624,0.9797,20,0.9890,2.1251,0.0093,1,0.6342,0.3073,0,rank_ok,,nurion
POSCAR_Nb2Se2_2_st025,226,19,ok,0.3825,0.9826,17,0.9888,1.2707,0.0062,-2,0.6116,0.3321,0,rank_ok,,nurion
POSCAR_Nb2Se2_2_st050,135,19,ok,0.3350,0.9564,17,0.9978,0.7756,0.0414,-2,0.3489,0.2023,0,rank_ok,,nurion
POSCAR_Nb2Se2_2_st950,226,19,ok,0.6843,0.9661,20,0.9911,1.7565,0.0251,1,0.7010,0.2565,0,rank_ok,,nurion
POSCAR_Nb2Se2_2_st975,226,19,ok,0.5616,0.9739,20,0.9907,1.9478,0.0168,1,0.6626,0.2809,0,rank_ok,,nurion
POSCAR_Nb2Se2_2_x025,183,19,ok,0.4502,0.9794,17,0.9863,1.3787,0.0068,-2,0.6362,0.3153,0,rank_ok,,nurion
POSCAR_Nb2Se2_2_x050,183,19,ok,0.4445,0.9771,17,0.9842,1.3189,0.0070,-2,0.6426,0.3204,0,rank_ok,,nurion
POSCAR_Nb2Se2_2_x950,160,19,ok,0.5800,0.9758,20,0.9843,1.8609,0.0085,1,0.7683,0.3365,0,rank_ok,,nurion
POSCAR_Nb2Se2_2_x975,160,19,ok,0.5202,0.9781,20,0.9868,2.0014,0.0087,1,0.6973,0.3200,0,rank_ok,,nurion
POSCAR_Nb2Se2_2_y025,160,19,ok,0.4514,0.9794,17,0.9864,1.3789,0.0070,-2,0.6398,0.3175,0,rank_ok,,nurion
POSCAR_Nb2Se2_2_y050,160,19,ok,0.4458,0.9768,17,0.9837,1.3192,0.0069,-2,0.6462,0.3223,0,rank_ok,,nurion
POSCAR_Nb2Se2_2_y950,183,19,ok,0.5789,0.9766,20,0.9844,1.8615,0.0077,1,0.7648,0.3344,0,rank_ok,,nurion
POSCAR_Nb2Se2_2_y975,183,19,ok,0.5190,0.9781,20,0.9872,2.0019,0.0091,1,0.6936,0.3177,0,rank_ok,,nurion
POSCAR_Nb2Se2_2_z025,226,19,ok,0.4424,0.9827,20,0.9887,2.1137,0.0060,1,0.6541,0.3250,0,rank_ok,,nurion
POSCAR_Nb2Se2_2_z050,226,19,ok,0.4205,0.9850,20,0.9894,2.1171,0.0044,1,0.6604,0.3335,0,rank_ok,,nurion
POSCAR_Nb2Se2_2_z950,226,19,ok,0.4861,0.9731,20,0.9908,2.1876,0.0177,1,0.5438,0.2458,0,rank_ok,,nurion
POSCAR_Nb2Se2_2_z975,226,19,ok,0.4780,0.9751,20,0.9899,2.1500,0.0148,1,0.5974,0.2799,0,rank_ok,,nurion
POSCAR_Nb2Te2_4,44,17,ok,0.6283,0.7955,16,0.9958,0.7501,0.2003,-1,0.1801,0.1218,0,A,rank_under,nurion
POSCAR_Nb2Te2_4_st025,105,17,ok,0.6021,0.8327,15,0.9993,1.2704,0.1666,-2,0.0322,0.1367,1,A,rank_under,nurion
POSCAR_Nb2Te2_4_st050,60,19,ok,0.5426,0.9501,18,0.9831,0.6432,0.0331,-1,0.5327,0.1006,0,rank_ok,,nurion
POSCAR_Nb2Te2_4_st950,141,19,ok,0.7905,0.9054,20,0.9767,1.4952,0.0712,1,0.7594,0.6482,0,rank_ok,,nurion
POSCAR_Nb2Te2_4_st975,141,19,ok,0.6652,0.9268,20,0.9645,1.6254,0.0377,1,0.8955,0.6237,0,rank_ok,,nurion
POSCAR_Nb2Te2_4_x025,44,17,ok,0.6645,0.8855,15,0.9984,1.2579,0.1129,-2,0.1107,0.0872,0,A,rank_under,nurion
POSCAR_Nb2Te2_4_x050,44,17,ok,0.6386,0.9945,19,0.9974,0.7060,0.0029,2,0.0697,0.1468,0,rank_ok,,nurion
POSCAR_Nb2Te2_4_x950,130,19,ok,0.6895,0.9371,20,0.9427,1.6890,0.0056,1,0.9796,0.6807,0,rank_ok,,nurion
POSCAR_Nb2Te2_4_x975,105,17,ok,0.6497,0.8217,16,0.9954,0.7593,0.1737,-1,0.2460,0.1097,0,A,rank_under,nurion
POSCAR_Nb2Te2_4_y025,105,17,ok,0.6657,0.8796,15,0.9984,1.2624,0.1188,-2,0.1084,0.0834,0,A,rank_under,nurion
POSCAR_Nb2Te2_4_y050,105,17,ok,0.6406,0.9946,19,0.9974,0.7090,0.0028,2,0.0679,0.1414,0,rank_ok,,nurion
POSCAR_Nb2Te2_4_y950,141,19,ok,0.6908,0.9391,20,0.9442,1.6888,0.0050,1,0.9759,0.6834,0,rank_ok,,nurion
POSCAR_Nb2Te2_4_y975,44,17,ok,0.6504,0.8279,19,0.9948,0.9782,0.1669,2,0.2484,0.1097,0,A,rank_under,nurion
POSCAR_Nb2Te2_4_z025,60,19,ok,0.5917,0.9155,17,0.9948,0.9135,0.0793,-2,0.4930,0.1605,0,rank_ok,,nurion
POSCAR_Nb2Te2_4_z050,60,19,ok,0.5653,0.9281,17,0.9970,0.8872,0.0689,-2,0.4901,0.1642,0,rank_ok,,nurion
POSCAR_Nb2Te2_4_z950,67,17,ok,0.6980,0.8995,15,0.9988,1.3877,0.0993,-2,0.2428,0.0652,0,rank_ok,,nurion
POSCAR_Nb2Te2_4_z975,44,17,ok,0.6827,0.7571,15,0.9972,1.3511,0.2401,-2,0.2077,0.0538,0,A,rank_under,nurion
POSCAR_Ni2O2_5,353,15,ok,0.6742,0.9987,15,0.9987,0.6742,0.0000,0,0.2343,0.0118,1,rank_ok,,nurion
POSCAR_Ni2O2_5_st025,372,15,ok,0.6185,0.9843,16,0.9870,0.8134,0.0027,1,0.0339,0.1949,1,rank_ok,,nurion
POSCAR_Ni2O2_5_st050,563,15,ok,0.5581,0.9986,16,0.9999,0.0255,0.0014,1,0.2953,0.0049,1,rank_ok,,nurion
POSCAR_Ni2O2_5_st950,357,15,ok,0.7713,0.9498,16,0.9651,0.9635,0.0152,1,0.2531,0.1922,0,rank_ok,,nurion
POSCAR_Ni2O2_5_st975,357,15,ok,0.7428,0.9779,16,0.9878,0.9609,0.0099,1,0.0921,0.2181,0,rank_ok,,nurion
POSCAR_Ni2O2_5_x025,353,15,ok,0.6703,0.9950,14,0.9984,0.7521,0.0033,-1,0.1291,0.0818,0,rank_ok,,nurion
POSCAR_Ni2O2_5_x050,563,15,ok,0.6409,0.9828,16,0.9998,0.2827,0.0170,1,0.1098,0.3180,0,rank_ok,,nurion
POSCAR_Ni2O2_5_x950,301,15,ok,0.7189,0.9937,16,0.9977,0.3072,0.0039,1,0.1900,0.0975,0,rank_ok,,nurion
POSCAR_Ni2O2_5_x975,301,15,ok,0.7046,0.9947,16,0.9970,0.2671,0.0022,1,0.2082,0.0423,1,rank_ok,,nurion
POSCAR_Ni2O2_5_y025,301,15,ok,0.6703,0.9951,14,0.9984,0.7513,0.0034,-1,0.1294,0.0810,0,rank_ok,,nurion
POSCAR_Ni2O2_5_y050,498,15,ok,0.6408,0.9829,16,0.9998,0.2821,0.0169,1,0.1104,0.3170,0,rank_ok,,nurion
POSCAR_Ni2O2_5_y950,353,15,ok,0.7192,0.9940,16,0.9977,0.3076,0.0037,1,0.1897,0.0978,0,rank_ok,,nurion
POSCAR_Ni2O2_5_y975,353,15,ok,0.7050,0.9948,16,0.9970,0.2674,0.0023,1,0.2079,0.0424,1,rank_ok,,nurion
POSCAR_Ni2O2_5_z025,568,15,ok,0.6475,0.9716,14,0.9719,0.3386,0.0003,-1,0.0271,0.3829,1,rank_ok,,nurion
POSCAR_Ni2O2_5_z050,563,15,ok,0.5045,0.9998,15,0.9998,0.5045,0.0000,0,0.4767,0.1399,0,rank_ok,,nurion
POSCAR_Ni2O2_5_z950,357,15,ok,0.7204,0.9809,16,0.9953,0.7634,0.0145,1,0.2342,0.0430,1,rank_ok,,nurion
POSCAR_Ni2O2_5_z975,357,15,ok,0.7045,0.9867,16,0.9960,0.8405,0.0093,1,0.1447,0.1359,0,rank_ok,,nurion
POSCAR_Ni2O4_1,532,22,ok,0.3464,0.9997,22,0.9997,0.3464,0.0000,0,0.6055,0.1048,0,rank_ok,,nurion
POSCAR_Ni2O4_1_st025,406,22,ok,0.3277,1.0000,22,1.0000,0.3277,0.0000,0,0.0681,0.4936,0,rank_ok,,nurion
POSCAR_Ni2O4_1_st050,406,20,ok,0.3025,0.9987,22,0.9998,0.4019,0.0011,2,0.0570,0.2175,0,rank_ok,,nurion
POSCAR_Ni2O4_1_st950,536,22,ok,0.3628,0.9974,21,0.9988,0.5660,0.0014,-1,0.8874,0.2032,0,rank_ok,,nurion
POSCAR_Ni2O4_1_st975,536,22,ok,0.3574,0.9988,22,0.9988,0.3574,0.0000,0,0.7401,0.1530,0,rank_ok,,nurion
POSCAR_Ni2O4_1_x025,532,22,ok,0.3670,0.9998,22,0.9998,0.3670,0.0000,0,0.5677,0.0632,0,rank_ok,,nurion
POSCAR_Ni2O4_1_x050,532,22,ok,0.3773,1.0000,20,1.0000,0.5262,0.0000,-2,0.5282,0.0339,1,rank_ok,,nurion
POSCAR_Ni2O4_1_x950,532,22,ok,0.2895,0.9992,22,0.9992,0.2895,0.0000,0,0.6639,0.2030,0,rank_ok,,nurion
POSCAR_Ni2O4_1_x975,532,22,ok,0.3201,0.9995,22,0.9995,0.3201,0.0000,0,0.6388,0.1524,0,rank_ok,,nurion
POSCAR_Ni2O4_1_y025,406,22,ok,0.3998,1.0000,22,1.0000,0.3998,0.0000,0,0.0697,0.6041,0,rank_ok,,nurion
POSCAR_Ni2O4_1_y050,406,22,ok,0.4143,0.9994,20,0.9996,0.5978,0.0002,-2,0.0909,0.5941,0,rank_ok,,nurion
POSCAR_Ni2O4_1_y950,380,22,ok,0.2063,0.9979,22,0.9979,0.2063,0.0000,0,0.6089,0.2956,0,rank_ok,,nurion
POSCAR_Ni2O4_1_y975,408,22,ok,0.2911,0.9973,22,0.9973,0.2911,0.0000,0,0.1060,0.5051,0,rank_ok,,nurion
POSCAR_Ni2O4_1_z025,408,22,ok,0.2607,0.9985,22,0.9985,0.2607,0.0000,0,0.0718,0.4511,0,rank_ok,,nurion
POSCAR_Ni2O4_1_z050,333,19,ok,0.2792,0.9989,19,0.9989,0.2792,0.0000,0,0.4627,0.1661,0,rank_ok,,nurion
POSCAR_Ni2O4_1_z950,406,22,ok,0.5077,0.9993,20,0.9997,0.7392,0.0004,-2,0.0979,0.7842,0,rank_ok,,nurion
POSCAR_Ni2O4_1_z975,406,22,ok,0.4466,0.9999,22,0.9999,0.4466,0.0000,0,0.0599,0.6959,0,rank_ok,,nurion
POSCAR_Ni2O4_2,536,22,ok,0.3366,0.9998,22,0.9998,0.3366,0.0000,0,0.5924,0.1072,0,rank_ok,,nurion
POSCAR_Ni2O4_2_st025,410,22,ok,0.3175,1.0000,22,1.0000,0.3175,0.0000,0,0.0701,0.4815,0,rank_ok,,nurion
POSCAR_Ni2O4_2_st050,410,20,ok,0.2927,0.9989,22,0.9998,0.3954,0.0009,2,0.0580,0.2191,0,rank_ok,,nurion
POSCAR_Ni2O4_2_st950,536,22,ok,0.3528,0.9977,21,0.9986,0.5577,0.0009,-1,0.8685,0.2049,0,rank_ok,,nurion
POSCAR_Ni2O4_2_st975,536,22,ok,0.3474,0.9987,22,0.9987,0.3474,0.0000,0,0.7235,0.1546,0,rank_ok,,nurion
POSCAR_Ni2O4_2_x025,536,22,ok,0.3562,0.9999,22,0.9999,0.3562,0.0000,0,0.5551,0.0670,0,rank_ok,,nurion
POSCAR_Ni2O4_2_x050,536,22,ok,0.3655,1.0000,22,1.0000,0.3655,0.0000,0,0.5163,0.0387,1,rank_ok,,nurion
POSCAR_Ni2O4_2_x950,536,22,ok,0.2807,0.9993,22,0.9993,0.2807,0.0000,0,0.6500,0.2038,0,rank_ok,,nurion
POSCAR_Ni2O4_2_x975,536,22,ok,0.3108,0.9994,22,0.9994,0.3108,0.0000,0,0.6253,0.1539,0,rank_ok,,nurion
POSCAR_Ni2O4_2_y025,410,22,ok,0.3923,1.0000,22,1.0000,0.3923,0.0000,0,0.0662,0.5910,0,rank_ok,,nurion
POSCAR_Ni2O4_2_y050,410,22,ok,0.4092,0.9993,20,0.9998,0.5833,0.0006,-2,0.0836,0.5823,0,rank_ok,,nurion
POSCAR_Ni2O4_2_y950,254,22,ok,0.1974,0.9980,22,0.9980,0.1974,0.0000,0,0.2852,0.5868,0,rank_ok,,nurion
POSCAR_Ni2O4_2_y975,408,22,ok,0.2815,0.9973,22,0.9973,0.2815,0.0000,0,0.1000,0.4882,0,rank_ok,,nurion
POSCAR_Ni2O4_2_z025,343,19,ok,0.2732,0.9985,19,0.9985,0.2732,0.0000,0,0.4664,0.1988,0,rank_ok,,nurion
POSCAR_Ni2O4_2_z050,343,19,ok,0.2775,0.9989,19,0.9989,0.2775,0.0000,0,0.4546,0.1596,0,rank_ok,,nurion
POSCAR_Ni2O4_2_z950,410,22,ok,0.5029,0.9992,20,0.9997,0.7221,0.0005,-2,0.0881,0.7689,0,rank_ok,,nurion
POSCAR_Ni2O4_2_z975,410,22,ok,0.4389,0.9999,22,0.9999,0.4389,0.0000,0,0.0561,0.6810,0,rank_ok,,nurion
POSCAR_Ni2P4_1,405,21,ok,0.0835,0.9999,21,0.9999,0.0835,0.0000,0,0.3850,0.5185,0,rank_ok,,nurion
POSCAR_Ni2P4_1_st025,405,21,ok,0.2094,0.9997,21,0.9997,0.2094,0.0000,0,0.3057,0.6410,0,rank_ok,,nurion
POSCAR_Ni2P4_1_x025,405,21,ok,0.0203,1.0000,21,1.0000,0.0203,0.0000,0,0.4525,0.4846,0,rank_ok,,nurion
POSCAR_Ni2P4_1_y025,404,21,ok,0.0307,1.0000,21,1.0000,0.0307,0.0000,0,0.4520,0.5000,0,rank_ok,,nurion
POSCAR_Ni2P4_1_z025,405,21,ok,0.0209,1.0000,21,1.0000,0.0209,0.0000,0,0.4193,0.4512,0,rank_ok,,nurion
POSCAR_Ni2P8_1,62,29,ok,0.9538,0.9982,29,0.9982,0.9538,0.0000,0,0.2235,0.1712,0,rank_ok,,nurion
POSCAR_Ni2P8_1_st025,62,29,ok,0.8227,0.9989,29,0.9989,0.8227,0.0000,0,0.1193,0.1803,0,rank_ok,,nurion
POSCAR_Ni2P8_1_st050,62,29,ok,0.7111,0.9947,30,0.9950,0.9142,0.0003,1,0.0542,0.2030,0,rank_ok,,nurion
POSCAR_Ni2P8_1_st950,17,29,ok,0.8537,0.6629,28,0.9971,0.2871,0.3341,-1,0.3007,0.2455,0,A,rank_over,nurion
POSCAR_Ni2P8_1_x025,67,29,ok,0.8486,0.9977,29,0.9977,0.8486,0.0000,0,0.2318,0.2999,0,rank_ok,,nurion
POSCAR_Ni2P8_1_x050,62,29,ok,0.7506,0.9980,29,0.9980,0.7506,0.0000,0,0.3733,0.2809,0,rank_ok,,nurion
POSCAR_Ni2P8_1_x975,62,29,ok,1.0642,0.9945,30,0.9998,1.1774,0.0053,1,0.1363,0.1131,0,rank_ok,,nurion
POSCAR_Ni2P8_1_y025,62,29,ok,0.9156,0.9980,29,0.9980,0.9156,0.0000,0,0.2075,0.2188,0,rank_ok,,nurion
POSCAR_Ni2P8_1_y050,62,29,ok,0.8585,0.9975,29,0.9975,0.8585,0.0000,0,0.2020,0.2776,0,rank_ok,,nurion
POSCAR_Ni2P8_1_z025,67,29,ok,0.9159,0.9992,29,0.9992,0.9159,0.0000,0,0.1343,0.0828,0,rank_ok,,nurion
POSCAR_Ni2P8_1_z050,67,29,ok,0.7994,0.9996,29,0.9996,0.7994,0.0000,0,0.1406,0.1078,0,rank_ok,,nurion
POSCAR_Ni2P8_1_z950,71,29,ok,0.8473,0.9070,30,0.9995,1.3795,0.0925,1,0.1278,0.5322,0,rank_ok,,nurion
POSCAR_Ni2Pb1_1,332,17,ok,0.0120,1.0000,17,1.0000,0.0120,0.0000,0,0.3262,0.3081,0,rank_ok,,nurion
POSCAR_Ni2Pb2_1,413,23,ok,0.0122,1.0000,23,1.0000,0.0122,0.0000,0,0.1417,0.1634,0,rank_ok,,nurion
POSCAR_Ni2S4_2,241,22,ok,0.5737,0.9983,22,0.9983,0.5737,0.0000,0,0.0667,0.9731,0,rank_ok,,nurion
POSCAR_Ni2S4_2_st025,241,22,ok,0.5213,0.9984,22,0.9984,0.5213,0.0000,0,0.0654,0.8345,0,rank_ok,,nurion
POSCAR_Ni2S4_2_st050,241,22,ok,0.4687,0.9990,21,0.9991,0.2466,0.0000,-1,0.0630,0.7153,0,rank_ok,,nurion
POSCAR_Ni2S4_2_st950,169,22,ok,0.6627,0.9970,21,0.9985,0.7603,0.0015,-1,1.2777,0.0976,0,rank_ok,,nurion
POSCAR_Ni2S4_2_st975,241,22,ok,0.6218,0.9978,20,0.9994,0.7015,0.0016,-2,0.0760,1.1264,0,rank_ok,,nurion
POSCAR_Ni2S4_2_x025,241,22,ok,0.5699,0.9986,22,0.9986,0.5699,0.0000,0,0.0769,0.9419,0,rank_ok,,nurion
POSCAR_Ni2S4_2_x050,241,22,ok,0.5604,0.9984,21,0.9985,0.3418,0.0001,-1,0.0914,0.9022,0,rank_ok,,nurion
POSCAR_Ni2S4_2_x950,241,22,ok,0.5594,0.9979,20,0.9998,0.6835,0.0018,-2,0.0751,0.9995,0,rank_ok,,nurion
POSCAR_Ni2S4_2_x975,241,22,ok,0.5704,0.9982,20,0.9990,0.6370,0.0008,-2,0.0657,0.9927,0,rank_ok,,nurion
POSCAR_Ni2S4_2_y025,241,22,ok,0.5930,0.9987,22,0.9987,0.5930,0.0000,0,0.0475,0.9381,1,rank_ok,,nurion
POSCAR_Ni2S4_2_y050,241,22,ok,0.5751,0.9996,22,0.9996,0.5751,0.0000,0,0.0946,0.9065,0,rank_ok,,nurion
POSCAR_Ni2S4_2_y950,241,22,ok,0.4851,0.9975,20,0.9978,0.7144,0.0003,-2,0.1917,1.0539,0,rank_ok,,nurion
POSCAR_Ni2S4_2_y975,241,22,ok,0.5319,0.9983,22,0.9983,0.5319,0.0000,0,0.1256,1.0116,0,rank_ok,,nurion
POSCAR_Ni2S4_2_z025,241,22,ok,0.4900,0.9985,22,0.9985,0.4900,0.0000,0,0.1052,0.8945,0,rank_ok,,nurion
POSCAR_Ni2S4_2_z050,241,22,ok,0.4169,0.9988,22,0.9988,0.4169,0.0000,0,0.1342,0.8302,0,rank_ok,,nurion
POSCAR_Ni2S4_2_z950,241,22,ok,0.7025,0.9986,20,0.9989,0.7253,0.0003,-2,0.0932,1.1626,0,rank_ok,,nurion
POSCAR_Ni2S4_2_z975,241,22,ok,0.6539,0.9982,22,0.9982,0.6539,0.0000,0,0.0442,1.0636,1,rank_ok,,nurion
POSCAR_Ni2Sb4_1,238,21,ok,0.0397,0.9999,21,0.9999,0.0397,0.0000,0,0.2893,0.2504,0,rank_ok,,nurion
POSCAR_Ni2Se2_1,191,15,ok,0.8369,0.9970,14,1.0000,0.9985,0.0030,-1,0.3878,0.1616,0,rank_ok,,nurion
POSCAR_Ni2Se2_1_st025,271,15,ok,0.7435,0.9680,15,0.9680,0.7435,0.0000,0,0.1364,0.3302,0,rank_ok,,nurion
POSCAR_Ni2Se2_1_st050,271,15,ok,0.6445,0.9501,15,0.9501,0.6445,0.0000,0,0.1483,0.2875,0,rank_ok,,nurion
POSCAR_Ni2Se2_1_st950,186,16,ok,1.2251,0.9054,14,0.9988,1.3326,0.0934,-2,0.2938,0.5801,0,rank_ok,,nurion
POSCAR_Ni2Se2_1_st975,186,16,ok,1.0054,0.9221,15,0.9873,0.5361,0.0651,-1,0.3668,0.4693,0,rank_ok,,nurion
POSCAR_Ni2Se2_1_x025,224,15,ok,0.8131,0.9819,15,0.9819,0.8131,0.0000,0,0.1537,0.4447,0,rank_ok,,nurion
POSCAR_Ni2Se2_1_x050,191,15,ok,0.7775,0.9941,16,0.9967,0.3368,0.0025,1,0.3649,0.1946,0,rank_ok,,nurion
POSCAR_Ni2Se2_1_x950,186,16,ok,0.9580,0.9476,15,0.9842,0.5242,0.0366,-1,0.3374,0.4338,0,rank_ok,,nurion
POSCAR_Ni2Se2_1_x975,186,16,ok,0.8927,0.9387,15,0.9853,0.4855,0.0465,-1,0.3648,0.4073,0,rank_ok,,nurion
POSCAR_Ni2Se2_1_y025,224,15,ok,0.8131,0.9819,15,0.9819,0.8131,0.0000,0,0.1537,0.4450,0,rank_ok,,nurion
POSCAR_Ni2Se2_1_y050,271,15,ok,0.7772,0.9945,13,0.9967,1.1528,0.0022,-2,0.1950,0.3650,0,rank_ok,,nurion
POSCAR_Ni2Se2_1_y950,216,16,ok,0.9579,0.9440,14,0.9985,1.4737,0.0544,-2,0.4338,0.3375,0,rank_ok,,nurion
POSCAR_Ni2Se2_1_y975,216,16,ok,0.8926,0.9384,14,0.9930,1.4258,0.0546,-2,0.4073,0.3649,0,rank_ok,,nurion
POSCAR_Ni2Se2_1_z025,264,16,ok,0.7835,0.9450,14,0.9887,1.2854,0.0437,-2,0.2722,0.0013,1,rank_ok,,nurion
POSCAR_Ni2Se2_1_z050,191,15,ok,0.7170,0.9997,15,0.9997,0.7170,0.0000,0,0.0851,0.0921,0,rank_ok,,nurion
POSCAR_Ni2Se2_1_z950,186,16,ok,0.9710,0.9043,14,0.9907,1.4883,0.0864,-2,0.6783,0.6853,0,rank_ok,,nurion
POSCAR_Ni2Se2_1_z975,191,15,ok,0.8999,0.9923,14,0.9987,1.0804,0.0064,-1,0.5375,0.1804,0,rank_ok,,nurion
POSCAR_Ni2Se2_2,216,15,ok,0.8426,0.9992,15,0.9992,0.8426,0.0000,0,0.3712,0.1624,0,rank_ok,,nurion
POSCAR_Ni2Se2_2_st025,216,15,ok,0.7528,0.9725,13,0.9927,1.9265,0.0201,-2,0.3147,0.1281,0,rank_ok,,nurion
POSCAR_Ni2Se2_2_st050,216,15,ok,0.6544,0.9505,16,0.9928,0.2958,0.0423,1,0.2732,0.1370,0,rank_ok,,nurion
POSCAR_Ni2Se2_2_st950,274,16,ok,1.2279,0.9086,15,0.9959,1.5252,0.0874,-1,0.5849,0.2973,0,rank_ok,,nurion
POSCAR_Ni2Se2_2_st975,274,16,ok,1.0081,0.9222,15,0.9884,1.3774,0.0662,-1,0.4742,0.3694,0,rank_ok,,nurion
POSCAR_Ni2Se2_2_x025,224,15,ok,0.8161,0.9793,15,0.9793,0.8161,0.0000,0,0.1543,0.4406,0,rank_ok,,nurion
POSCAR_Ni2Se2_2_x050,191,15,ok,0.7803,0.9954,16,0.9963,0.3341,0.0010,1,0.3679,0.1872,0,rank_ok,,nurion
POSCAR_Ni2Se2_2_x950,191,16,ok,0.9574,0.9464,14,0.9988,1.4798,0.0523,-2,0.4412,0.3440,0,rank_ok,,nurion
POSCAR_Ni2Se2_2_x975,191,16,ok,0.8921,0.9395,14,0.9943,1.4299,0.0548,-2,0.4124,0.3701,0,rank_ok,,nurion
POSCAR_Ni2Se2_2_y025,216,15,ok,0.8158,0.9985,15,0.9985,0.8158,0.0000,0,0.3579,0.1751,0,rank_ok,,nurion
POSCAR_Ni2Se2_2_y050,216,15,ok,0.7785,0.9914,16,0.9973,0.3472,0.0059,1,0.3466,0.2047,0,rank_ok,,nurion
POSCAR_Ni2Se2_2_y950,271,16,ok,0.9599,0.9432,15,0.9831,0.5273,0.0399,-1,0.3257,0.4326,0,rank_ok,,nurion
POSCAR_Ni2Se2_2_y975,271,16,ok,0.8937,0.9370,15,0.9859,0.4884,0.0489,-1,0.3529,0.4053,0,rank_ok,,nurion
POSCAR_Ni2Se2_2_z025,264,16,ok,0.7805,0.9496,14,0.9886,1.2919,0.0390,-2,0.2799,0.0149,1,rank_ok,,nurion
POSCAR_Ni2Se2_2_z050,224,15,ok,0.7198,1.0000,15,1.0000,0.7198,0.0000,0,0.0971,0.0865,0,rank_ok,,nurion
POSCAR_Ni2Se2_2_z950,274,16,ok,0.9737,0.9067,14,0.9907,1.8520,0.0840,-2,0.6887,0.6758,0,rank_ok,,nurion
POSCAR_Ni2Se2_2_z975,216,15,ok,0.9073,0.9961,14,1.0000,1.0861,0.0039,-1,0.5218,0.1788,0,rank_ok,,nurion
POSCAR_Ni2Se3_1,209,20,ok,0.3858,0.9993,20,0.9993,0.3858,0.0000,0,0.4656,0.2586,0,rank_ok,,nurion
POSCAR_Ni2Se3_1_st025,209,20,ok,0.3465,1.0000,20,1.0000,0.3465,0.0000,0,0.5475,0.2560,0,rank_ok,,nurion
POSCAR_Ni2Se3_1_st050,209,20,ok,0.3040,0.9998,20,0.9998,0.3040,0.0000,0,0.5638,0.2596,0,rank_ok,,nurion
POSCAR_Ni2Se3_1_st975,209,20,ok,0.4206,0.9954,19,0.9978,0.6973,0.0023,-1,0.3601,0.2768,0,rank_ok,,nurion
POSCAR_Ni2Se3_1_x025,209,20,ok,0.3828,0.9996,20,0.9996,0.3828,0.0000,0,0.5348,0.2706,0,rank_ok,,nurion
POSCAR_Ni2Se3_1_x050,199,20,ok,0.3812,0.9967,18,0.9996,0.7061,0.0029,-2,0.3164,0.6072,0,rank_ok,,nurion
POSCAR_Ni2Se3_1_x975,224,20,ok,0.3780,0.9966,19,0.9992,0.6413,0.0026,-1,0.2945,0.2632,0,rank_ok,,nurion
POSCAR_Ni2Se4_1,214,22,ok,0.3938,1.0000,22,1.0000,0.3938,0.0000,0,0.3254,0.9736,0,rank_ok,,nurion
POSCAR_Ni2Se4_1_st025,80,19,ok,0.3746,0.9965,19,0.9965,0.3746,0.0000,0,0.3612,0.0373,1,rank_ok,,nurion
POSCAR_Ni2Se4_1_st050,158,19,ok,0.4318,0.9870,21,0.9986,0.7266,0.0116,2,0.4239,0.1464,0,rank_ok,,nurion
POSCAR_Ni2Se4_1_st950,258,21,ok,0.4618,0.9924,20,0.9980,0.5024,0.0056,-1,0.2878,0.1559,0,rank_ok,,nurion
POSCAR_Ni2Se4_1_st975,214,22,ok,0.4195,1.0000,22,1.0000,0.4195,0.0000,0,0.3704,1.1184,0,rank_ok,,nurion
POSCAR_Ni2Se4_1_x025,214,22,ok,0.4092,0.9999,22,0.9999,0.4092,0.0000,0,0.2984,0.9440,0,rank_ok,,nurion
POSCAR_Ni2Se4_1_x050,150,21,ok,0.4758,0.9972,21,0.9972,0.4758,0.0000,0,0.2067,0.2988,0,rank_ok,,nurion
POSCAR_Ni2Se4_1_x950,214,22,ok,0.3781,0.9999,22,0.9999,0.3781,0.0000,0,0.3484,0.9976,0,rank_ok,,nurion
POSCAR_Ni2Se4_1_x975,214,22,ok,0.3832,0.9999,22,0.9999,0.3832,0.0000,0,0.3424,0.9929,0,rank_ok,,nurion
POSCAR_Ni2Se4_1_y025,214,22,ok,0.3891,0.9998,22,0.9998,0.3891,0.0000,0,0.3266,0.9244,0,rank_ok,,nurion
POSCAR_Ni2Se4_1_y050,214,22,ok,0.3855,0.9999,22,0.9999,0.3855,0.0000,0,0.3153,0.8809,0,rank_ok,,nurion
POSCAR_Ni2Se4_1_y950,258,21,ok,0.4469,0.9996,21,0.9996,0.4469,0.0000,0,0.0867,0.1442,0,rank_ok,,nurion
POSCAR_Ni2Se4_1_y975,258,21,ok,0.4072,0.9954,22,0.9995,0.5069,0.0041,1,0.1152,0.0997,0,rank_ok,,nurion
POSCAR_Ni2Se4_1_z025,214,22,ok,0.3624,0.9999,22,0.9999,0.3624,0.0000,0,0.2952,0.9185,0,rank_ok,,nurion
POSCAR_Ni2Se4_1_z050,80,19,ok,0.3723,0.9922,20,0.9963,0.4295,0.0041,1,0.4518,0.0572,0,rank_ok,,nurion
POSCAR_Ni2Se4_1_z950,214,22,ok,0.4690,0.9995,22,0.9995,0.4690,0.0000,0,0.3903,1.1060,0,rank_ok,,nurion
POSCAR_Ni2Se4_1_z975,214,22,ok,0.4294,0.9997,22,0.9997,0.4294,0.0000,0,0.3570,1.0367,0,rank_ok,,nurion
POSCAR_Ni2Te2_1,274,16,ok,1.4348,0.9718,16,0.9718,1.4348,0.0000,0,0.4227,0.7014,0,rank_ok,,nurion
POSCAR_Ni2Te2_1_st025,224,16,ok,1.2834,0.9625,18,0.9993,2.1398,0.0368,2,0.8643,0.3485,0,rank_ok,,nurion
POSCAR_Ni2Te2_1_st050,274,16,ok,1.0607,0.8496,14,0.9679,2.1699,0.1183,-2,0.4800,0.8334,0,A,rank_under,nurion
POSCAR_Ni2Te2_1_x950,191,16,ok,0.1749,0.9998,16,0.9998,0.1749,0.0000,0,0.6644,0.5371,0,rank_ok,,nurion
POSCAR_Ni2Te2_1_x975,327,15,ok,0.0233,0.9999,15,0.9999,0.0233,0.0000,0,0.1583,0.1375,0,rank_ok,,nurion
POSCAR_Ni2Te2_1_y025,216,16,ok,1.4182,0.9751,16,0.9751,1.4182,0.0000,0,0.3139,0.7863,0,rank_ok,,nurion
POSCAR_Ni2Te2_1_y975,186,16,ok,0.0096,1.0000,16,1.0000,0.0096,0.0000,0,0.1963,0.2049,0,rank_ok,,nurion
POSCAR_Ni2Te2_1_z025,274,16,ok,1.4258,0.9946,16,0.9946,1.4258,0.0000,0,0.3475,0.6820,0,rank_ok,,nurion
POSCAR_Ni2Te2_1_z050,224,16,ok,1.3628,0.9633,18,0.9992,2.3453,0.0359,2,0.6261,0.3889,0,rank_ok,,nurion
POSCAR_O2Rh2_7,428,21,ok,0.0111,1.0000,21,1.0000,0.0111,0.0000,0,0.3533,0.3656,0,rank_ok,,nurion
POSCAR_O2Rh2_7_x025,106,18,ok,0.0158,1.0000,18,1.0000,0.0158,0.0000,0,0.3047,0.2831,0,rank_ok,,nurion
POSCAR_O2Rh2_7_x050,598,20,ok,0.0124,1.0000,20,1.0000,0.0124,0.0000,0,0.2527,0.2655,0,rank_ok,,nurion
POSCAR_O2Rh2_7_x975,265,19,ok,0.0134,1.0000,19,1.0000,0.0134,0.0000,0,0.2635,0.2492,0,rank_ok,,nurion
POSCAR_O2Rh2_7_y025,599,19,ok,0.0116,1.0000,19,1.0000,0.0116,0.0000,0,0.2929,0.2805,0,rank_ok,,nurion
POSCAR_O2Rh2_7_y050,1,19,ok,0.0114,1.0000,19,1.0000,0.0114,0.0000,0,0.1708,0.1818,0,rank_ok,,nurion
POSCAR_O2Rh2_7_z025,7,18,ok,0.0114,1.0000,18,1.0000,0.0114,0.0000,0,0.1578,0.1395,0,rank_ok,,nurion
POSCAR_O2Rh2_7_z050,1,21,ok,0.0116,1.0000,21,1.0000,0.0116,0.0000,0,0.0467,0.0658,1,rank_ok,,nurion
POSCAR_O2Rh2_7_z950,599,19,ok,0.0140,1.0000,19,1.0000,0.0140,0.0000,0,0.2771,0.2605,0,rank_ok,,nurion
POSCAR_O2Rh2_7_z975,265,18,ok,0.0099,0.9999,18,0.9999,0.0099,0.0000,0,0.1120,0.1037,0,rank_ok,,nurion
POSCAR_O2Sc2_2,164,17,ok,0.0329,0.9996,17,0.9996,0.0329,0.0000,0,0.7160,0.8056,0,rank_ok,,local
POSCAR_O2Sc2_2_st025,164,17,ok,0.0261,0.9996,17,0.9996,0.0261,0.0000,0,0.7064,0.7833,0,rank_ok,,tgm
POSCAR_O2Sc2_2_st050,164,17,ok,0.0208,0.9999,17,0.9999,0.0208,0.0000,0,0.6945,0.7613,0,rank_ok,,tgm
POSCAR_O2Sc2_2_st950,164,17,ok,0.0525,0.9993,17,0.9993,0.0525,0.0000,0,0.7204,0.8461,0,rank_ok,,tgm
POSCAR_O2Sc2_2_st975,164,17,ok,0.0415,0.9994,17,0.9994,0.0415,0.0000,0,0.7217,0.8272,0,rank_ok,,tgm
POSCAR_O2Sc2_2_x025,135,17,ok,0.0382,0.9995,17,0.9995,0.0382,0.0000,0,0.6796,0.7847,0,rank_ok,,nurion
POSCAR_O2Sc2_2_x050,135,17,ok,0.0421,0.9994,17,0.9994,0.0421,0.0000,0,0.6503,0.7668,0,rank_ok,,nurion
POSCAR_O2Sc2_2_x950,359,17,ok,0.0618,0.9993,17,0.9993,0.0618,0.0000,0,0.9287,1.0913,0,rank_ok,,nurion
POSCAR_O2Sc2_2_x975,226,17,ok,0.0454,0.9994,17,0.9994,0.0454,0.0000,0,0.8925,1.0148,0,rank_ok,,nurion
POSCAR_O2Sc2_2_y025,82,17,ok,0.0382,0.9995,17,0.9995,0.0382,0.0000,0,0.6798,0.7849,0,rank_ok,,nurion
POSCAR_O2Sc2_2_y050,82,17,ok,0.0421,0.9994,17,0.9994,0.0421,0.0000,0,0.6505,0.7670,0,rank_ok,,nurion
POSCAR_O2Sc2_2_y950,268,17,ok,0.0618,0.9991,17,0.9991,0.0618,0.0000,0,0.9288,1.0914,0,rank_ok,,nurion
POSCAR_O2Sc2_2_y975,279,17,ok,0.0454,0.9994,17,0.9994,0.0454,0.0000,0,0.8924,1.0147,0,rank_ok,,nurion
POSCAR_O2Sc2_2_z025,308,17,ok,0.0311,0.9995,17,0.9995,0.0311,0.0000,0,0.8990,0.9853,0,rank_ok,,nurion
POSCAR_O2Sc2_2_z050,308,17,ok,0.0299,0.9996,17,0.9996,0.0299,0.0000,0,0.9104,0.9921,0,rank_ok,,nurion
POSCAR_O2Sc2_2_z950,164,17,ok,0.0381,0.9995,17,0.9995,0.0381,0.0000,0,0.6785,0.7827,0,rank_ok,,nurion
POSCAR_O2Sc2_2_z975,164,17,ok,0.0355,0.9996,17,0.9996,0.0355,0.0000,0,0.6952,0.7923,0,rank_ok,,nurion
POSCAR_O2Ti2_7,394,18,ok,0.3861,0.9989,19,0.9999,0.8182,0.0010,1,0.4841,0.2586,0,rank_ok,,local
POSCAR_O2Ti2_7_st050,610,18,ok,0.3592,0.9993,17,0.9994,0.5835,0.0001,-1,0.5056,0.0421,1,rank_ok,,tgm
POSCAR_O2Ti2_7_x050,539,18,ok,0.4428,0.9975,17,1.0000,0.5888,0.0025,-1,0.6780,0.1459,0,rank_ok,,nurion
POSCAR_O2Ti2_7_x950,652,18,ok,0.1271,1.0000,18,1.0000,0.1271,0.0000,0,0.0949,0.3071,0,rank_ok,,nurion
POSCAR_O2Ti2_7_y950,604,18,ok,0.1295,1.0000,18,1.0000,0.1295,0.0000,0,0.0928,0.3086,0,rank_ok,,nurion
POSCAR_O2Ti2_7_z050,286,18,ok,0.0172,1.0000,18,1.0000,0.0172,0.0000,0,0.1163,0.1335,0,rank_ok,,nurion
POSCAR_O2Ti2_7_z950,462,18,ok,0.4683,0.9995,17,0.9997,0.7467,0.0002,-1,0.0480,0.2783,1,rank_ok,,nurion
POSCAR_O2V2_3,304,19,ok,0.1651,0.9826,18,0.9953,0.1880,0.0127,-1,0.0821,0.0229,1,rank_ok,,nurion
POSCAR_O2V2_3_st025,388,19,ok,0.1739,0.9869,18,1.0000,0.0686,0.0131,-1,0.0014,0.1053,1,rank_ok,,nurion
POSCAR_O2V2_3_st050,376,19,ok,0.1714,0.9949,17,0.9989,1.0070,0.0040,-2,0.0018,0.1620,1,rank_ok,,nurion
POSCAR_O2V2_3_st950,294,18,ok,0.2064,0.9973,18,0.9973,0.2064,0.0000,0,0.0802,0.0189,1,rank_ok,,nurion
POSCAR_O2V2_3_st975,319,18,ok,0.1671,0.9994,19,1.0000,0.5773,0.0005,1,0.4943,0.4102,0,rank_ok,,nurion
POSCAR_O2V2_3_x025,294,19,ok,0.1873,0.9947,18,0.9984,0.0816,0.0037,-1,0.0045,0.1056,1,rank_ok,,nurion
POSCAR_O2V2_3_x050,294,19,ok,0.1891,0.9943,18,0.9987,0.0590,0.0044,-1,0.0287,0.1301,1,rank_ok,,nurion
POSCAR_O2V2_3_x950,317,18,ok,0.1911,0.9995,17,0.9998,0.8924,0.0004,-1,0.3327,0.4509,0,rank_ok,,nurion
POSCAR_O2V2_3_x975,265,19,ok,0.1679,0.9828,17,1.0000,0.9329,0.0172,-2,0.0384,0.0771,1,rank_ok,,nurion
POSCAR_O2V2_3_y025,265,19,ok,0.1874,0.9942,18,0.9985,0.0787,0.0043,-1,0.0075,0.1087,1,rank_ok,,nurion
POSCAR_O2V2_3_y050,265,19,ok,0.1893,0.9942,18,0.9987,0.0565,0.0045,-1,0.0311,0.1328,1,rank_ok,,nurion
POSCAR_O2V2_3_y950,389,18,ok,0.1915,0.9994,19,0.9999,0.5233,0.0005,1,0.4505,0.3318,0,rank_ok,,nurion
POSCAR_O2V2_3_y975,389,18,ok,0.1662,0.9996,19,0.9999,0.5086,0.0003,1,0.4328,0.3424,0,rank_ok,,nurion
POSCAR_O2V2_3_z025,96,18,ok,0.1456,0.9964,19,0.9995,0.2051,0.0031,1,0.1524,0.0594,0,rank_ok,,nurion
POSCAR_O2V2_3_z050,219,18,ok,0.1492,0.9967,19,0.9994,0.2163,0.0027,1,0.1702,0.0671,0,rank_ok,,nurion
POSCAR_O2V2_3_z950,388,19,ok,0.1777,0.9951,18,0.9976,0.0893,0.0025,-1,0.0194,0.0884,1,rank_ok,,nurion
POSCAR_O2V2_3_z975,388,19,ok,0.1823,0.9880,18,0.9999,0.0941,0.0120,-1,0.0014,0.0882,1,rank_ok,,nurion
POSCAR_O2Y2_1,260,17,ok,0.0749,0.9999,19,0.9999,1.6015,0.0000,2,1.2022,0.9480,0,rank_ok,,nurion
POSCAR_O2Y2_4,370,17,ok,0.0653,1.0000,17,1.0000,0.0653,0.0000,0,2.5252,2.6265,0,rank_ok,,nurion
POSCAR_O4Rh2_1,209,26,ok,0.8057,0.9990,26,0.9990,0.8057,0.0000,0,0.2421,0.3267,0,rank_ok,,nurion
POSCAR_O4Rh2_1_x025,209,26,ok,0.6792,0.9994,26,0.9994,0.6792,0.0000,0,0.2291,0.3163,0,rank_ok,,nurion
POSCAR_O4Rh2_1_x050,340,27,ok,0.6859,0.9990,27,0.9990,0.6859,0.0000,0,0.1152,0.3788,0,rank_ok,,nurion
POSCAR_O4Rh2_1_x950,274,26,ok,0.9203,0.9443,28,0.9925,1.0498,0.0482,2,0.0940,0.3259,0,rank_ok,,nurion
POSCAR_O4Rh2_1_x975,274,26,ok,0.9187,0.9999,26,0.9999,0.9187,0.0000,0,0.1490,0.2599,0,rank_ok,,nurion
POSCAR_O4Rh2_1_y025,209,26,ok,0.8219,0.9993,26,0.9993,0.8219,0.0000,0,0.2439,0.2719,0,rank_ok,,nurion
POSCAR_O4Rh2_1_y050,209,26,ok,0.8339,0.9998,26,0.9998,0.8339,0.0000,0,0.2486,0.2103,0,rank_ok,,nurion
POSCAR_O4Rh2_1_y950,211,27,ok,0.7667,0.9987,26,0.9994,0.2469,0.0008,-1,0.0852,0.3076,0,rank_ok,,nurion
POSCAR_O4Rh2_1_y975,209,26,ok,0.7789,0.9992,26,0.9992,0.7789,0.0000,0,0.2391,0.3890,0,rank_ok,,nurion
POSCAR_O4Rh2_1_z025,209,26,ok,0.8248,0.9995,26,0.9995,0.8248,0.0000,0,0.2444,0.2740,0,rank_ok,,nurion
POSCAR_O4Rh2_1_z050,209,26,ok,0.8358,1.0000,26,1.0000,0.8358,0.0000,0,0.2480,0.2206,0,rank_ok,,nurion
POSCAR_O4Rh2_1_z950,211,27,ok,0.7826,0.9995,27,0.9995,0.7826,0.0000,0,0.0511,0.3250,0,rank_ok,,nurion
POSCAR_O4Rh2_1_z975,209,26,ok,0.7743,0.9992,26,0.9992,0.7743,0.0000,0,0.2386,0.3876,0,rank_ok,,nurion
POSCAR_O4Ru2_1,204,25,ok,0.4575,0.9960,25,0.9960,0.4575,0.0000,0,0.0331,0.1577,1,rank_ok,,local
POSCAR_O4Ru2_1_st025,268,23,ok,0.7081,0.5328,25,0.9916,1.1364,0.4588,2,0.0511,0.2555,0,A,rank_under,tgm
POSCAR_O4Ru2_1_st050,268,23,ok,0.5606,0.9902,21,0.9995,0.3513,0.0093,-2,0.0595,0.3430,0,rank_ok,,tgm
POSCAR_O4Ru2_1_st950,278,25,ok,0.5856,0.9923,24,0.9993,0.8222,0.0069,-1,0.4169,0.2366,0,rank_ok,,tgm
POSCAR_O4Ru2_1_st975,278,25,ok,0.5133,0.9992,25,0.9992,0.5133,0.0000,0,0.4174,0.0518,0,rank_ok,,tgm
POSCAR_O4Ru2_1_x025,203,23,ok,0.6919,0.5220,22,0.9845,0.8175,0.4626,-1,0.1216,0.1256,0,A,rank_under,nurion
POSCAR_O4Ru2_1_x050,203,23,ok,0.6632,0.5688,22,0.9847,0.7164,0.4159,-1,0.1687,0.0532,0,A,rank_under,nurion
POSCAR_O4Ru2_1_x950,278,25,ok,0.5627,0.9336,24,0.9991,0.6117,0.0655,-1,0.2454,0.0490,1,rank_ok,,nurion
POSCAR_O4Ru2_1_x975,204,25,ok,0.4753,0.9965,25,0.9965,0.4753,0.0000,0,0.0393,0.2350,1,rank_ok,,nurion
POSCAR_O4Ru2_1_y025,203,23,ok,0.7350,0.4732,22,0.9910,0.9004,0.5178,-1,0.1313,0.1654,0,A,rank_under,nurion
POSCAR_O4Ru2_1_y050,203,23,ok,0.7538,0.4420,22,0.9943,0.8339,0.5522,-1,0.1944,0.0801,0,A,rank_under,nurion
POSCAR_O4Ru2_1_y950,381,26,ok,0.4348,0.7634,25,0.9979,0.6631,0.2345,-1,0.9489,0.2283,0,A,rank_under,nurion
POSCAR_O4Ru2_1_y975,215,25,ok,0.4139,0.8682,26,0.9991,0.1603,0.1308,1,0.0429,0.2693,1,A,rank_over,nurion
POSCAR_O4Ru2_1_z025,203,23,ok,0.7350,0.4732,22,0.9910,0.9002,0.5178,-1,0.1314,0.1652,0,A,rank_under,nurion
POSCAR_O4Ru2_1_z050,203,23,ok,0.7538,0.4408,22,0.9942,0.8335,0.5533,-1,0.1944,0.0798,0,A,rank_under,nurion
POSCAR_O4Ru2_1_z950,381,26,ok,0.4348,0.7629,25,0.9979,0.6631,0.2350,-1,0.9488,0.2283,0,A,rank_under,nurion
POSCAR_O4Ru2_1_z975,215,25,ok,0.4140,0.8676,26,0.9991,0.1601,0.1316,1,0.0425,0.2694,1,A,rank_over,nurion
POSCAR_O4Ru2_2,429,23,ok,0.2196,0.9995,23,0.9995,0.2196,0.0000,0,0.3545,0.1285,0,rank_ok,,local
POSCAR_O4Ru2_2_st025,429,23,ok,0.1970,0.9991,23,0.9991,0.1970,0.0000,0,0.1462,0.1380,0,rank_ok,,tgm
POSCAR_O4Ru2_2_st050,430,23,ok,0.1696,0.9412,24,0.9795,0.3897,0.0383,1,0.0026,0.1842,1,rank_ok,,tgm
POSCAR_O4Ru2_2_st950,192,26,ok,0.1836,0.9984,24,0.9987,1.3826,0.0004,-2,0.8301,0.5383,0,rank_ok,,tgm
POSCAR_O4Ru2_2_x025,430,23,ok,0.2839,0.9993,23,0.9993,0.2839,0.0000,0,0.3088,0.0978,0,rank_ok,,nurion
POSCAR_O4Ru2_2_x050,64,26,ok,0.2338,0.9980,25,0.9990,0.7877,0.0011,-1,0.7311,0.9951,0,rank_ok,,nurion
POSCAR_O4Ru2_2_x950,193,26,ok,0.1271,0.9987,27,0.9994,0.7449,0.0007,1,0.6876,0.5689,0,rank_ok,,nurion
POSCAR_O4Ru2_2_x975,193,26,ok,0.1630,0.9970,24,0.9998,0.8922,0.0028,-2,0.7064,0.6999,0,rank_ok,,nurion
POSCAR_O4Ru2_2_y025,86,23,ok,0.1897,0.9359,24,0.9939,0.2252,0.0581,1,0.2805,0.0354,1,rank_ok,,nurion
POSCAR_O4Ru2_2_y050,86,23,ok,0.1701,0.9540,24,0.9944,0.2047,0.0404,1,0.2380,0.0346,1,rank_ok,,nurion
POSCAR_O4Ru2_2_y975,430,23,ok,0.2154,0.9996,23,0.9996,0.2154,0.0000,0,0.2522,0.0083,1,rank_ok,,nurion
POSCAR_O4Ru2_2_z025,437,23,ok,0.1587,0.9999,23,0.9999,0.1587,0.0000,0,0.3220,0.2696,0,rank_ok,,nurion
POSCAR_O4Ru2_2_z050,437,23,ok,0.1193,0.9999,23,0.9999,0.1193,0.0000,0,0.3325,0.2330,0,rank_ok,,nurion
POSCAR_O4Ru2_2_z975,63,26,ok,0.2283,0.9886,24,1.0000,0.7313,0.0114,-2,0.5783,0.7113,0,rank_ok,,nurion
POSCAR_O4V2_1,401,24,ok,0.4556,0.9857,24,0.9857,0.4556,0.0000,0,0.0559,0.1473,0,rank_ok,,nurion
POSCAR_O4V2_1_st025,301,24,ok,0.3952,0.9766,22,0.9855,0.7355,0.0089,-2,0.0830,0.1809,0,rank_ok,,nurion
POSCAR_O4V2_1_st050,403,24,ok,0.3492,0.9879,22,1.0000,0.5423,0.0120,-2,0.0293,0.1021,1,rank_ok,,nurion
POSCAR_O4V2_1_st950,301,25,ok,0.6023,0.9838,25,0.9838,0.6023,0.0000,0,0.8079,0.2216,0,rank_ok,,nurion
POSCAR_O4V2_1_st975,300,25,ok,0.5559,0.9599,25,0.9599,0.5559,0.0000,0,0.6446,0.0984,0,rank_ok,,nurion
POSCAR_O4V2_1_x025,289,23,ok,0.4786,0.9938,23,0.9938,0.4786,0.0000,0,0.0294,0.0520,1,rank_ok,,nurion
POSCAR_O4V2_1_x050,289,23,ok,0.4316,0.9985,23,0.9985,0.4316,0.0000,0,0.1800,0.0399,1,rank_ok,,nurion
POSCAR_O4V2_1_x950,300,25,ok,0.5947,0.9466,25,0.9466,0.5947,0.0000,0,0.7094,0.1324,0,rank_ok,,nurion
POSCAR_O4V2_1_x975,292,25,ok,0.5204,0.7331,24,0.9562,0.5587,0.2231,-1,0.5061,0.0383,1,A,rank_under,nurion
POSCAR_O4V2_1_y025,401,24,ok,0.4563,0.9861,24,0.9861,0.4563,0.0000,0,0.1455,0.0801,0,rank_ok,,nurion
POSCAR_O4V2_1_y050,401,24,ok,0.4388,0.9568,22,0.9622,0.5050,0.0054,-2,0.2189,0.0375,1,rank_ok,,nurion
POSCAR_O4V2_1_y950,403,25,ok,0.4369,0.9857,25,0.9857,0.4369,0.0000,0,0.6341,0.2429,0,rank_ok,,nurion
POSCAR_O4V2_1_y975,403,25,ok,0.4352,0.9820,25,0.9820,0.4352,0.0000,0,0.5523,0.1568,0,rank_ok,,nurion
POSCAR_O4V2_1_z025,401,24,ok,0.4562,0.9860,24,0.9860,0.4562,0.0000,0,0.1456,0.0804,0,rank_ok,,nurion
POSCAR_O4V2_1_z050,401,24,ok,0.4386,0.9562,22,0.9606,0.5051,0.0044,-2,0.2191,0.0377,1,rank_ok,,nurion
POSCAR_O4V2_1_z950,403,25,ok,0.4371,0.9850,25,0.9850,0.4371,0.0000,0,0.6338,0.2421,0,rank_ok,,nurion
POSCAR_O4V2_1_z975,403,25,ok,0.4354,0.9814,25,0.9814,0.4354,0.0000,0,0.5522,0.1562,0,rank_ok,,nurion
POSCAR_O4V2_3,48,24,ok,0.0462,0.9997,23,0.9998,0.1318,0.0001,-1,0.1311,0.1779,0,rank_ok,,nurion
POSCAR_O4V2_3_st025,214,24,ok,0.0792,0.9999,24,0.9999,0.0792,0.0000,0,0.1966,0.0689,0,rank_ok,,nurion
POSCAR_O4V2_3_st050,214,24,ok,0.0797,0.9999,24,0.9999,0.0797,0.0000,0,0.1961,0.0690,0,rank_ok,,nurion
POSCAR_O4V2_3_st950,10,25,ok,0.0936,0.9999,25,0.9999,0.0936,0.0000,0,0.2684,0.0817,0,rank_ok,,nurion
POSCAR_O4V2_3_st975,55,25,ok,0.0390,0.9996,25,0.9996,0.0390,0.0000,0,1.9823,2.1041,0,rank_ok,,nurion
POSCAR_O4V2_3_x025,34,25,ok,0.1592,0.9988,25,0.9988,0.1592,0.0000,0,1.7206,1.5591,0,rank_ok,,nurion
POSCAR_O4V2_3_x050,34,25,ok,0.3022,0.9946,25,0.9946,0.3022,0.0000,0,1.6266,1.3235,0,rank_ok,,nurion
POSCAR_O4V2_3_x950,34,25,ok,0.2822,0.9976,26,0.9994,2.5677,0.0018,1,1.8440,2.1266,0,rank_ok,,nurion
POSCAR_O4V2_3_x975,200,25,ok,0.1391,0.9990,25,0.9990,0.1391,0.0000,0,1.9921,1.8437,0,rank_ok,,nurion
POSCAR_O4V2_3_y025,34,25,ok,0.1388,0.9991,25,0.9991,0.1388,0.0000,0,1.5689,1.7111,0,rank_ok,,nurion
POSCAR_O4V2_3_y050,34,25,ok,0.2815,0.9957,26,0.9968,2.4472,0.0011,1,1.3320,1.6160,0,rank_ok,,nurion
POSCAR_O4V2_3_y950,34,25,ok,0.3013,0.9971,25,0.9971,0.3013,0.0000,0,2.1352,1.8335,0,rank_ok,,nurion
POSCAR_O4V2_3_y975,34,25,ok,0.1589,0.9989,25,0.9989,0.1589,0.0000,0,1.9663,1.8076,0,rank_ok,,nurion
POSCAR_O4V2_3_z025,55,24,ok,0.0797,0.9996,23,1.0000,0.0807,0.0004,-1,0.0656,0.1604,0,rank_ok,,nurion
POSCAR_O4V2_3_z050,193,24,ok,0.1009,0.9994,23,0.9999,0.1241,0.0005,-1,0.0573,0.2249,0,rank_ok,,nurion
POSCAR_O4V2_3_z950,184,25,ok,0.0690,0.9995,25,0.9995,0.0690,0.0000,0,2.0093,1.9287,0,rank_ok,,nurion
POSCAR_O4V2_3_z975,215,25,ok,0.0359,0.9997,25,0.9997,0.0359,0.0000,0,1.9026,1.9775,0,rank_ok,,nurion
POSCAR_O4Y2_5,69,22,ok,0.0397,1.0000,22,1.0000,0.0397,0.0000,0,0.0987,0.0460,1,rank_ok,,nurion
POSCAR_O5Ru2_1,1,27,ok,0.0227,0.9779,27,0.9779,0.0227,0.0000,0,0.0425,0.0174,1,rank_ok,,local
POSCAR_O5Ru2_1_st025,1,27,ok,0.0234,0.8982,28,0.9998,0.1294,0.1016,1,0.0341,0.0807,1,A,rank_under,tgm
POSCAR_O5Ru2_1_st975,406,29,ok,0.0232,1.0000,29,1.0000,0.0232,0.0000,0,0.2048,0.1623,0,rank_ok,,tgm
POSCAR_O5Ru2_1_x025,1,26,ok,0.0278,0.8952,25,0.9986,0.1842,0.1034,-1,0.0345,0.0897,1,A,rank_under,nurion
POSCAR_O5Ru2_1_x050,1,27,ok,0.0331,0.8343,25,1.0000,0.2169,0.1657,-2,0.0141,0.0795,1,A,rank_under,nurion
POSCAR_O5Ru2_1_x950,296,29,ok,0.0084,1.0000,29,1.0000,0.0084,0.0000,0,0.0978,0.0851,0,rank_ok,,nurion
POSCAR_O5Ru2_1_x975,406,29,ok,0.0197,1.0000,29,1.0000,0.0197,0.0000,0,0.1784,0.1416,0,rank_ok,,nurion
POSCAR_O5Ru2_1_y025,73,27,ok,0.0124,0.9999,27,0.9999,0.0124,0.0000,0,0.1084,0.1233,0,rank_ok,,nurion
POSCAR_O5Ru2_1_y050,194,26,ok,0.0158,1.0000,26,1.0000,0.0158,0.0000,0,0.0655,0.0808,0,rank_ok,,nurion
POSCAR_O5Ru2_1_y950,62,27,ok,0.0357,0.9795,27,0.9795,0.0357,0.0000,0,0.0916,0.0572,0,rank_ok,,nurion
POSCAR_O5Ru2_1_y975,62,27,ok,0.0392,0.9388,27,0.9388,0.0392,0.0000,0,0.0352,0.0029,1,rank_ok,,nurion
POSCAR_O5Ru2_1_z025,62,28,ok,0.0424,0.9586,28,0.9586,0.0424,0.0000,0,0.0200,0.0590,1,rank_ok,,nurion
POSCAR_O5Ru2_1_z050,62,27,ok,0.0432,0.9911,27,0.9911,0.0432,0.0000,0,0.0473,0.0892,1,rank_ok,,nurion
POSCAR_O5Ru2_1_z975,73,27,ok,0.0139,1.0000,27,1.0000,0.0139,0.0000,0,0.0838,0.0700,0,rank_ok,,nurion
POSCAR_O6Rh2_1,108,33,ok,0.1906,0.9832,31,0.9970,0.7562,0.0138,-2,0.0685,0.3073,0,rank_ok,,nurion
POSCAR_O6Rh2_1_x025,76,33,ok,0.2117,0.9774,32,1.0000,0.2507,0.0225,-1,0.2652,0.0902,0,rank_ok,,nurion
POSCAR_O6Rh2_1_x050,13,32,ok,0.2408,0.9895,34,0.9928,0.5115,0.0033,2,0.1921,0.0445,1,rank_ok,,nurion
POSCAR_O6Rh2_1_y025,108,33,ok,0.2120,0.9787,31,0.9994,0.6815,0.0207,-2,0.0921,0.2656,0,rank_ok,,nurion
POSCAR_O6Rh2_1_y050,23,32,ok,0.2394,0.9890,32,0.9890,0.2394,0.0000,0,0.0460,0.1919,1,rank_ok,,nurion
POSCAR_O6Rh2_1_z025,165,33,ok,0.1884,0.9971,34,0.9999,0.2633,0.0028,1,0.0451,0.2742,1,rank_ok,,nurion
POSCAR_O6Rh2_1_z050,228,33,ok,0.2195,0.9702,34,0.9968,0.3586,0.0266,1,0.1788,0.1392,0,rank_ok,,nurion
POSCAR_O6Rh2_1_z950,108,33,ok,0.1238,0.9955,31,0.9980,0.7402,0.0025,-2,0.1675,0.2919,0,rank_ok,,nurion
POSCAR_O6Rh2_1_z975,76,33,ok,0.1683,0.9900,35,0.9989,0.8718,0.0088,2,0.2954,0.1084,0,rank_ok,,nurion
POSCAR_O6Ru2_2,94,30,ok,0.3876,0.9976,30,0.9976,0.3876,0.0000,0,0.1254,0.1837,0,rank_ok,,local
POSCAR_O6Ru2_2_st025,94,30,ok,0.3306,0.9962,30,0.9962,0.3306,0.0000,0,0.0665,0.2572,0,rank_ok,,tgm
POSCAR_O6Ru2_2_st050,83,25,ok,0.2761,0.9836,23,0.9997,0.9096,0.0161,-2,0.0678,0.1678,0,rank_ok,,tgm
POSCAR_O6Ru2_2_st950,94,30,ok,0.3247,0.8055,32,0.9996,1.0820,0.1941,2,0.3894,0.2049,0,A,rank_under,tgm
POSCAR_O6Ru2_2_st975,94,30,ok,0.4067,0.9307,32,0.9995,0.9503,0.0688,2,0.2488,0.1181,0,rank_ok,,tgm
POSCAR_O6Ru2_2_z025,94,30,ok,0.3939,0.9999,30,0.9999,0.3939,0.0000,0,0.0736,0.2491,0,rank_ok,,nurion
POSCAR_O6Ru2_2_z050,94,30,ok,0.3541,0.9916,31,0.9997,0.6306,0.0081,1,0.0909,0.2765,0,rank_ok,,nurion
POSCAR_O6Ru2_2_z950,85,30,ok,0.2688,0.9395,31,0.9997,0.4413,0.0602,1,0.1930,0.1725,0,rank_ok,,nurion
POSCAR_O6Ru2_2_z975,94,30,ok,0.3425,0.9770,32,0.9948,0.8545,0.0178,2,0.2116,0.1418,0,rank_ok,,nurion
POSCAR_P1Ru2_1,606,18,ok,0.0115,1.0000,18,1.0000,0.0115,0.0000,0,0.5366,0.5236,0,rank_ok,,local
POSCAR_P1Ru2_1_st050,606,18,ok,0.0327,1.0000,18,1.0000,0.0327,0.0000,0,0.4057,0.3576,0,rank_ok,,tgm
POSCAR_P2Ru2_2,372,19,ok,0.4453,0.9737,20,0.9836,1.7069,0.0099,1,0.6864,1.1671,0,rank_ok,,local
POSCAR_P2Ru2_2_st025,372,19,ok,0.4098,0.9706,20,0.9839,1.8566,0.0133,1,0.1164,0.4353,0,rank_ok,,tgm
POSCAR_P2Ru2_2_st950,360,19,ok,0.3487,0.9864,20,0.9908,1.5722,0.0044,1,0.9166,1.2235,0,rank_ok,,tgm
POSCAR_P2Ru2_2_st975,372,19,ok,0.5053,0.9744,20,0.9837,1.5544,0.0092,1,0.9455,1.0491,0,rank_ok,,tgm
POSCAR_P2Ru2_2_x025,372,19,ok,0.4818,0.9701,20,0.9816,1.8184,0.0116,1,0.2821,0.7262,0,rank_ok,,nurion
POSCAR_P2Ru2_2_x050,372,19,ok,0.4930,0.9664,20,0.9860,1.8602,0.0196,1,0.1883,0.5940,0,rank_ok,,nurion
POSCAR_P2Ru2_2_x950,259,19,ok,0.5879,0.9731,20,0.9838,1.7361,0.0108,1,0.3866,0.9847,0,rank_ok,,nurion
POSCAR_P2Ru2_2_x975,259,19,ok,0.5186,0.9741,20,0.9820,1.7513,0.0080,1,0.4014,0.9310,0,rank_ok,,nurion
POSCAR_P2Ru2_2_y025,264,19,ok,0.4754,0.9707,20,0.9987,1.7991,0.0280,1,0.7409,0.2988,0,rank_ok,,nurion
POSCAR_P2Ru2_2_y050,264,19,ok,0.4888,0.9666,20,0.9954,1.7787,0.0288,1,0.5971,0.1909,0,rank_ok,,nurion
POSCAR_P2Ru2_2_y950,372,19,ok,0.5939,0.9725,20,0.9839,1.7361,0.0113,1,0.3822,0.9846,0,rank_ok,,nurion
POSCAR_P2Ru2_2_y975,372,19,ok,0.5250,0.9735,20,0.9821,1.7537,0.0086,1,0.3943,0.9283,0,rank_ok,,nurion
POSCAR_P2Ru2_2_z025,372,19,ok,0.4406,0.9728,20,0.9848,1.8195,0.0120,1,0.2278,0.6323,0,rank_ok,,nurion
POSCAR_P2Ru2_2_z050,372,19,ok,0.4130,0.9466,18,0.9939,0.0676,0.0473,-1,0.0142,0.3454,1,rank_ok,,nurion
POSCAR_P2Ru2_2_z950,372,19,ok,0.4629,0.9738,20,0.9814,1.5009,0.0077,1,1.1169,1.0380,0,rank_ok,,nurion
POSCAR_P2V2_1,376,17,ok,0.4915,0.9969,17,0.9969,0.4915,0.0000,0,0.4897,0.6194,0,rank_ok,,nurion
POSCAR_P2V2_1_st025,364,18,ok,0.4604,0.9906,18,0.9906,0.4604,0.0000,0,0.2693,0.3779,0,rank_ok,,nurion
POSCAR_P2V2_1_st050,263,18,ok,0.4008,0.9982,18,0.9982,0.4008,0.0000,0,0.5609,0.2848,0,rank_ok,,nurion
POSCAR_P2V2_1_st950,192,18,ok,0.3733,0.9980,17,0.9998,0.3899,0.0018,-1,0.3214,0.0166,1,rank_ok,,nurion
POSCAR_P2V2_1_st975,316,17,ok,0.4959,0.9824,17,0.9824,0.4959,0.0000,0,0.7299,0.3921,0,rank_ok,,nurion
POSCAR_P2V2_1_x025,364,18,ok,0.4625,0.9941,16,0.9947,2.2273,0.0007,-2,0.0843,0.4561,0,rank_ok,,nurion
POSCAR_P2V2_1_x050,263,18,ok,0.4755,0.9967,18,0.9967,0.4755,0.0000,0,0.0584,0.2165,0,rank_ok,,nurion
POSCAR_P2V2_1_x950,372,17,ok,0.5750,0.9902,17,0.9902,0.5750,0.0000,0,0.2266,0.7668,0,rank_ok,,nurion
POSCAR_P2V2_1_x975,372,17,ok,0.5369,0.9936,17,0.9936,0.5369,0.0000,0,0.4801,0.6308,0,rank_ok,,nurion
POSCAR_P2V2_1_y025,328,18,ok,0.4622,0.9939,20,0.9998,2.2951,0.0058,2,0.4568,0.0860,0,rank_ok,,nurion
POSCAR_P2V2_1_y050,359,17,ok,0.4750,0.9870,17,0.9870,0.4750,0.0000,0,0.2136,0.8668,0,rank_ok,,nurion
POSCAR_P2V2_1_y950,264,17,ok,0.5735,0.9905,15,0.9908,1.0108,0.0004,-2,0.7746,0.2339,0,rank_ok,,nurion
POSCAR_P2V2_1_y975,264,17,ok,0.5369,0.9938,17,0.9938,0.5369,0.0000,0,0.6236,0.4819,0,rank_ok,,nurion
POSCAR_P2V2_1_z025,259,17,ok,0.4557,1.0000,17,1.0000,0.4557,0.0000,0,0.5770,0.6324,0,rank_ok,,nurion
POSCAR_P2V2_1_z050,328,17,ok,0.4202,0.9576,17,0.9576,0.4202,0.0000,0,0.3841,1.1459,0,rank_ok,,nurion
POSCAR_P2V2_1_z950,316,17,ok,0.5023,0.9811,17,0.9811,0.5023,0.0000,0,0.6795,0.1793,0,rank_ok,,nurion
POSCAR_P2V2_1_z975,316,17,ok,0.5092,0.9877,17,0.9877,0.5092,0.0000,0,0.7161,0.3304,0,rank_ok,,nurion
POSCAR_P2V2_2,541,17,ok,1.0278,0.9936,15,0.9990,1.4779,0.0053,-2,0.1342,0.0649,0,rank_ok,,nurion
POSCAR_P2V2_2_st025,434,17,ok,1.0911,0.9172,18,0.9955,1.1185,0.0783,1,0.1382,0.0274,1,rank_ok,,nurion
POSCAR_P2V2_2_st050,589,17,ok,0.7613,0.9929,15,0.9994,0.7951,0.0065,-2,0.2943,0.1106,0,rank_ok,,nurion
POSCAR_P2V2_2_st950,359,17,ok,0.9674,0.9770,19,0.9993,0.8288,0.0223,2,0.0846,0.0017,1,rank_ok,,nurion
POSCAR_P2V2_2_st975,372,17,ok,1.0488,0.9892,15,0.9949,1.4761,0.0057,-2,0.0261,0.0635,1,rank_ok,,nurion
POSCAR_P2V2_2_z025,434,17,ok,0.9548,0.9260,18,0.9927,1.1142,0.0667,1,0.0809,0.1595,0,rank_ok,,nurion
POSCAR_P2V2_2_z050,434,17,ok,0.8504,0.9147,18,0.9972,0.9773,0.0825,1,0.2262,0.1269,0,rank_ok,,nurion
POSCAR_P2V2_2_z950,372,17,ok,1.0594,0.9948,17,0.9948,1.0594,0.0000,0,0.2064,0.1682,0,rank_ok,,nurion
POSCAR_P2V2_2_z975,372,17,ok,1.0726,0.9878,15,0.9962,1.4769,0.0084,-2,0.1892,0.0610,0,rank_ok,,nurion
POSCAR_P2Zr2_2,369,17,ok,0.3007,0.9999,17,0.9999,0.3007,0.0000,0,0.7117,0.7492,0,rank_ok,,local
POSCAR_P2Zr2_2_x050,74,18,ok,0.0061,1.0000,18,1.0000,0.0061,0.0000,0,0.0598,0.0580,0,rank_ok,,nurion
POSCAR_P2Zr2_2_z025,7,17,ok,0.2866,1.0000,17,1.0000,0.2866,0.0000,0,0.6201,0.6784,0,rank_ok,,nurion
POSCAR_P2Zr2_2_z050,7,17,ok,0.2747,0.9999,17,0.9999,0.2747,0.0000,0,0.5366,0.6153,0,rank_ok,,nurion
POSCAR_P8V2_2,108,33,ok,0.2989,0.9919,34,0.9933,1.1912,0.0014,1,0.3411,0.5322,0,rank_ok,,nurion
POSCAR_P8V2_2_st025,108,33,ok,0.2602,0.9958,33,0.9958,0.2602,0.0000,0,0.2742,0.4076,0,rank_ok,,nurion
POSCAR_P8V2_2_st050,72,31,ok,0.2262,0.9979,31,0.9979,0.2262,0.0000,0,0.1832,0.1857,0,rank_ok,,nurion
POSCAR_P8V2_2_st950,108,33,ok,0.3332,0.9805,34,0.9996,1.0420,0.0191,1,0.5877,0.7088,0,rank_ok,,nurion
POSCAR_P8V2_2_st975,108,33,ok,0.3247,0.9867,34,0.9983,1.1514,0.0116,1,0.4534,0.6900,0,rank_ok,,nurion
POSCAR_P8V2_2_x025,130,33,ok,0.2720,0.9975,34,0.9999,0.9858,0.0024,1,0.1627,0.5107,0,rank_ok,,nurion
POSCAR_P8V2_2_x050,130,33,ok,0.2731,0.9997,33,0.9997,0.2731,0.0000,0,0.0922,0.4921,0,rank_ok,,nurion
POSCAR_P8V2_2_x950,108,33,ok,0.3995,0.9869,34,0.9920,1.0878,0.0050,1,0.3239,0.6397,0,rank_ok,,nurion
POSCAR_P8V2_2_x975,108,33,ok,0.3485,0.9927,33,0.9927,0.3485,0.0000,0,0.3275,0.5822,0,rank_ok,,nurion
POSCAR_P8V2_2_y025,108,33,ok,0.2855,0.9949,33,0.9949,0.2855,0.0000,0,0.2817,0.4457,0,rank_ok,,nurion
POSCAR_P8V2_2_y050,108,33,ok,0.2582,0.9941,32,0.9963,0.0971,0.0022,-1,0.2314,0.3553,0,rank_ok,,nurion
POSCAR_P8V2_2_y950,130,33,ok,0.3387,0.9999,33,0.9999,0.3387,0.0000,0,0.2834,0.6096,0,rank_ok,,nurion
POSCAR_P8V2_2_y975,130,33,ok,0.2980,0.9984,33,0.9984,0.2980,0.0000,0,0.2677,0.5732,0,rank_ok,,nurion
POSCAR_P8V2_2_z025,108,33,ok,0.3188,0.9954,33,0.9954,0.3188,0.0000,0,0.2981,0.5187,0,rank_ok,,nurion
POSCAR_P8V2_2_z050,108,33,ok,0.3338,0.9974,33,0.9974,0.3338,0.0000,0,0.2646,0.5029,0,rank_ok,,nurion
POSCAR_P8V2_2_z950,130,33,ok,0.2632,0.9988,34,0.9989,1.1078,0.0001,1,0.1641,0.4839,0,rank_ok,,nurion
POSCAR_P8V2_2_z975,108,33,ok,0.2771,0.9917,34,0.9974,1.1757,0.0057,1,0.3881,0.5431,0,rank_ok,,nurion
POSCAR_P8Zr2_1,165,33,ok,0.0206,0.9998,33,0.9998,0.0206,0.0000,0,0.2532,0.2418,0,rank_ok,,local
POSCAR_P8Zr2_1_x025,172,33,ok,0.0060,1.0000,33,1.0000,0.0060,0.0000,0,0.2341,0.2274,0,rank_ok,,nurion
POSCAR_P8Zr2_1_x050,166,33,ok,0.0059,1.0000,33,1.0000,0.0059,0.0000,0,0.3243,0.3166,0,rank_ok,,nurion
POSCAR_P8Zr2_1_x975,165,33,ok,0.0022,1.0000,33,1.0000,0.0022,0.0000,0,0.2446,0.2421,0,rank_ok,,nurion
POSCAR_P8Zr2_1_y025,125,31,ok,0.0037,1.0000,31,1.0000,0.0037,0.0000,0,0.2046,0.2112,0,rank_ok,,nurion
POSCAR_P8Zr2_1_y050,158,32,ok,0.0050,1.0000,32,1.0000,0.0050,0.0000,0,0.4023,0.3974,0,rank_ok,,nurion
POSCAR_P8Zr2_1_y975,180,33,ok,0.0115,1.0000,33,1.0000,0.0115,0.0000,0,0.2799,0.2927,0,rank_ok,,nurion
POSCAR_P8Zr2_1_z975,165,33,ok,0.0021,1.0000,33,1.0000,0.0021,0.0000,0,0.2613,0.2591,0,rank_ok,,nurion
POSCAR_Pb10Ru2_1,10,82,ok,0.0253,1.0000,82,1.0000,0.0253,0.0000,0,0.2435,0.2129,0,rank_ok,,local
POSCAR_Pb10Ru2_1_st025,4,81,ok,0.0201,1.0000,81,1.0000,0.0201,0.0000,0,0.1622,0.1679,0,rank_ok,,tgm
POSCAR_Pb10Ru2_1_x025,10,82,ok,0.0232,1.0000,82,1.0000,0.0232,0.0000,0,0.1971,0.1697,0,rank_ok,,nurion
POSCAR_Pb10Ru2_1_x050,1,80,ok,0.0156,0.9999,80,0.9999,0.0156,0.0000,0,0.1247,0.1121,0,rank_ok,,nurion
POSCAR_Pb10Ru2_1_x975,43,84,ok,0.0250,0.9999,84,0.9999,0.0250,0.0000,0,0.1219,0.0930,0,rank_ok,,nurion
POSCAR_Pb10Ru2_1_y025,10,84,ok,0.0334,0.9997,84,0.9997,0.0334,0.0000,0,0.0960,0.0637,0,rank_ok,,nurion
POSCAR_Pb10Ru2_1_y050,38,83,ok,0.0149,1.0000,83,1.0000,0.0149,0.0000,0,0.3486,0.3651,0,rank_ok,,nurion
POSCAR_Pb10Ru2_1_y975,11,84,ok,0.0244,0.9994,84,0.9994,0.0244,0.0000,0,0.1349,0.0997,0,rank_ok,,nurion
POSCAR_Pb10Ru2_1_z025,16,80,ok,0.0293,0.9986,80,0.9986,0.0293,0.0000,0,0.1468,0.1099,0,rank_ok,,nurion
POSCAR_Pb2Ru2_2,45,25,ok,0.4066,0.9777,24,0.9938,0.2573,0.0162,-1,0.1600,0.2188,0,rank_ok,,local
POSCAR_Pb2Ru2_2_st975,45,25,ok,0.2527,0.9936,24,0.9970,0.2907,0.0035,-1,0.2183,0.2581,0,rank_ok,,tgm
POSCAR_Pb2Ru2_2_x975,126,26,ok,0.3473,0.9948,24,0.9977,0.6309,0.0029,-2,0.0269,0.1527,1,rank_ok,,nurion
POSCAR_Pb2Ru2_2_y025,48,25,ok,0.5023,0.9745,24,1.0000,0.6046,0.0254,-1,0.1698,0.1023,0,rank_ok,,nurion
POSCAR_Pb2Ru2_2_y050,45,25,ok,0.6086,0.9943,24,0.9966,0.2057,0.0023,-1,0.0846,0.1023,0,rank_ok,,nurion
POSCAR_Pb2Ru2_2_z025,130,27,ok,0.5989,0.9964,26,0.9997,1.3632,0.0033,-1,0.0532,0.7643,0,rank_ok,,nurion
POSCAR_Pb2Ru2_2_z950,285,25,ok,0.0051,1.0000,26,1.0000,0.0059,0.0000,1,0.0099,0.0008,1,rank_ok,,nurion
POSCAR_Pb2Ru2_2_z975,48,25,ok,0.4066,0.9956,26,0.9974,0.1406,0.0018,1,0.2664,0.0757,0,rank_ok,,nurion
POSCAR_Pb2Ru2_3,410,27,ok,0.0132,1.0000,27,1.0000,0.0132,0.0000,0,0.2848,0.3037,0,rank_ok,,local
POSCAR_Pb2Ru2_3_x025,437,28,ok,0.0051,1.0000,28,1.0000,0.0051,0.0000,0,0.2636,0.2586,0,rank_ok,,nurion
POSCAR_Pb2Ru2_3_x050,437,28,ok,0.0056,1.0000,28,1.0000,0.0056,0.0000,0,0.4015,0.3958,0,rank_ok,,nurion
POSCAR_Pb2Ru2_3_x950,92,28,ok,0.0088,1.0000,28,1.0000,0.0088,0.0000,0,0.5270,0.5161,0,rank_ok,,nurion
POSCAR_Pb2Ru2_3_x975,361,25,ok,0.0067,1.0000,25,1.0000,0.0067,0.0000,0,0.3576,0.3485,0,rank_ok,,nurion
POSCAR_Pb2Ru2_3_y025,190,28,ok,0.0077,1.0000,28,1.0000,0.0077,0.0000,0,0.1797,0.1708,0,rank_ok,,nurion
POSCAR_Pb2Ru2_3_y050,410,27,ok,0.0073,1.0000,27,1.0000,0.0073,0.0000,0,0.2437,0.2526,0,rank_ok,,nurion
POSCAR_Pb2Ru2_3_y950,1,28,ok,0.0089,1.0000,28,1.0000,0.0089,0.0000,0,0.0330,0.0408,1,rank_ok,,nurion
POSCAR_Pb2Ru2_3_y975,189,28,ok,0.0057,1.0000,28,1.0000,0.0057,0.0000,0,0.1302,0.1250,0,rank_ok,,nurion
POSCAR_Pb2Ru2_3_z050,350,25,ok,0.0053,1.0000,25,1.0000,0.0053,0.0000,0,0.2390,0.2313,0,rank_ok,,nurion
POSCAR_Pb2Ru2_3_z950,25,27,ok,0.0040,1.0000,27,1.0000,0.0040,0.0000,0,0.4901,0.4925,0,rank_ok,,nurion
POSCAR_Pb2Ru2_3_z975,361,25,ok,0.0054,1.0000,25,1.0000,0.0054,0.0000,0,0.2740,0.2669,0,rank_ok,,nurion
POSCAR_Pb2Sc2_3,159,26,ok,0.0481,1.0000,26,1.0000,0.0481,0.0000,0,0.1026,0.0177,1,rank_ok,,local
POSCAR_Pb2Sc2_3_st025,159,26,ok,0.0220,1.0000,26,1.0000,0.0220,0.0000,0,0.0829,0.0454,1,rank_ok,,tgm
POSCAR_Pb2Sc2_3_x025,286,26,ok,0.0145,1.0000,26,1.0000,0.0145,0.0000,0,0.0502,0.0253,1,rank_ok,,nurion
POSCAR_Pb2Sc2_3_x050,303,25,ok,0.0180,1.0000,25,1.0000,0.0180,0.0000,0,0.0403,0.0050,1,rank_ok,,nurion
POSCAR_Pb2Sc2_3_x950,142,26,ok,0.0223,1.0000,26,1.0000,0.0223,0.0000,0,0.0673,0.0249,1,rank_ok,,nurion
POSCAR_Pb2Sc2_3_y025,286,26,ok,0.0147,1.0000,26,1.0000,0.0147,0.0000,0,0.0505,0.0253,1,rank_ok,,nurion
POSCAR_Pb2Sc2_3_y050,159,26,ok,0.0716,1.0000,26,1.0000,0.0716,0.0000,0,0.1647,0.0386,1,rank_ok,,nurion
POSCAR_Pb2Sc2_3_y950,164,26,ok,0.0225,1.0000,26,1.0000,0.0225,0.0000,0,0.0256,0.0682,1,rank_ok,,nurion
POSCAR_Pb2Sc2_3_y975,7,26,ok,0.0071,1.0000,26,1.0000,0.0071,0.0000,0,0.2723,0.2697,0,rank_ok,,nurion
POSCAR_Pb2Sc2_3_z025,142,26,ok,0.0275,1.0000,26,1.0000,0.0275,0.0000,0,0.0800,0.0295,1,rank_ok,,nurion
POSCAR_Pb2Sc2_3_z050,226,26,ok,0.0236,1.0000,26,1.0000,0.0236,0.0000,0,0.0092,0.0531,1,rank_ok,,nurion
POSCAR_Pb2Sc2_3_z950,159,26,ok,0.0113,1.0000,26,1.0000,0.0113,0.0000,0,0.0651,0.0445,1,rank_ok,,nurion
POSCAR_Pb2Sc2_3_z975,82,26,ok,0.0143,1.0000,26,1.0000,0.0143,0.0000,0,0.0432,0.0700,1,rank_ok,,nurion
POSCAR_Pb3Ru2_1,182,34,ok,0.0176,1.0000,34,1.0000,0.0176,0.0000,0,0.0670,0.0859,0,rank_ok,,local
POSCAR_Pb3Ru2_1_st025,38,33,ok,0.0191,1.0000,33,1.0000,0.0191,0.0000,0,0.6568,0.6870,0,rank_ok,,tgm
POSCAR_Pb3Ru2_1_st050,38,33,ok,0.0175,1.0000,33,1.0000,0.0175,0.0000,0,0.6344,0.6578,0,rank_ok,,tgm
POSCAR_Pb3Ru2_1_x950,186,36,ok,0.0326,1.0000,36,1.0000,0.0326,0.0000,0,0.4841,0.5147,0,rank_ok,,nurion
POSCAR_Pb3Ru2_1_y050,38,33,ok,0.0185,1.0000,33,1.0000,0.0185,0.0000,0,0.3842,0.4094,0,rank_ok,,nurion
POSCAR_Pb3Ru2_1_y950,182,34,ok,0.0191,1.0000,34,1.0000,0.0191,0.0000,0,0.3486,0.3702,0,rank_ok,,nurion
POSCAR_Pb3Ru2_1_y975,182,34,ok,0.0181,1.0000,34,1.0000,0.0181,0.0000,0,0.1905,0.2108,0,rank_ok,,nurion
POSCAR_Pb3Ru2_1_z025,182,34,ok,0.0171,1.0000,34,1.0000,0.0171,0.0000,0,0.1071,0.1273,0,rank_ok,,nurion
POSCAR_Rh2S4_1,152,27,ok,0.5816,0.9904,28,0.9983,1.1860,0.0080,1,1.5861,0.6044,0,rank_ok,,nurion
POSCAR_Rh2S4_1_x025,246,27,ok,0.5958,0.9963,27,0.9963,0.5958,0.0000,0,1.4116,0.7364,0,rank_ok,,nurion
POSCAR_Rh2S4_1_x050,246,27,ok,0.6143,0.9962,27,0.9962,0.6143,0.0000,0,1.4094,0.6788,0,rank_ok,,nurion
POSCAR_Rh2S4_1_x950,152,27,ok,0.5688,0.9946,28,0.9987,1.1744,0.0041,1,1.6647,0.6056,0,rank_ok,,nurion
POSCAR_Rh2S4_1_x975,152,27,ok,0.5776,0.9929,28,0.9997,1.1814,0.0067,1,1.6348,0.6038,0,rank_ok,,nurion
POSCAR_Rh2S4_1_y025,152,27,ok,0.5813,0.9845,28,0.9935,1.1550,0.0090,1,1.4933,0.5737,0,rank_ok,,nurion
POSCAR_Rh2S4_1_y050,345,27,ok,0.5777,0.9789,26,0.9926,0.7153,0.0138,-1,0.8453,0.1376,0,rank_ok,,nurion
POSCAR_Rh2S4_1_y950,153,27,ok,0.5863,0.9848,27,0.9848,0.5863,0.0000,0,1.4112,0.8878,0,rank_ok,,nurion
POSCAR_Rh2S4_1_y975,153,27,ok,0.5755,0.9838,27,0.9838,0.5755,0.0000,0,1.2905,0.9507,0,rank_ok,,nurion
POSCAR_Rh2S4_1_z025,152,27,ok,0.5173,0.9907,28,0.9993,1.2461,0.0086,1,1.5168,0.7288,0,rank_ok,,nurion
POSCAR_Rh2S4_1_z050,152,27,ok,0.4605,0.9913,28,0.9996,1.3212,0.0083,1,1.4360,0.8608,0,rank_ok,,nurion
POSCAR_Rh2S4_1_z950,246,27,ok,0.7471,0.9950,26,0.9952,1.5018,0.0001,-1,1.2050,0.7547,0,rank_ok,,nurion
POSCAR_Rh2S4_1_z975,246,27,ok,0.6576,0.9966,27,0.9966,0.6576,0.0000,0,1.3255,0.7735,0,rank_ok,,nurion
POSCAR_Rh2Tl2_1,147,27,ok,0.3240,0.9981,29,0.9990,0.5463,0.0009,2,0.2042,0.3669,0,rank_ok,,nurion
POSCAR_Rh2Tl2_1_z975,198,28,ok,0.2407,0.9950,27,0.9984,0.6581,0.0035,-1,0.0391,0.4174,1,rank_ok,,nurion
POSCAR_Ru2S2_1,259,20,ok,0.3601,0.9991,20,0.9991,0.3601,0.0000,0,0.0878,0.4588,0,rank_ok,,local
POSCAR_Ru2S2_1_st025,259,20,ok,0.3559,0.9971,21,0.9996,1.6985,0.0025,1,0.1782,0.5575,0,rank_ok,,tgm
POSCAR_Ru2S2_1_st050,90,20,ok,0.3170,0.9975,20,0.9975,0.3170,0.0000,0,0.4042,0.7600,0,rank_ok,,tgm
POSCAR_Ru2S2_1_st950,263,17,ok,0.2705,0.9998,17,0.9998,0.2705,0.0000,0,0.6764,0.2686,0,rank_ok,,tgm
POSCAR_Ru2S2_1_st975,263,17,ok,0.3573,0.9995,17,0.9995,0.3573,0.0000,0,0.5500,0.0613,0,rank_ok,,tgm
POSCAR_Ru2S2_1_x025,372,20,ok,0.3853,0.9985,20,0.9985,0.3853,0.0000,0,0.1995,0.6040,0,rank_ok,,nurion
POSCAR_Ru2S2_1_x050,372,20,ok,0.4080,0.9976,21,0.9981,1.7332,0.0005,1,0.3080,0.7470,0,rank_ok,,nurion
POSCAR_Ru2S2_1_x950,328,17,ok,0.2874,0.9995,17,0.9995,0.2874,0.0000,0,0.0523,0.6064,0,rank_ok,,nurion
POSCAR_Ru2S2_1_x975,259,20,ok,0.3473,0.9900,21,0.9994,2.0541,0.0093,1,0.0312,0.3810,1,rank_ok,,nurion
POSCAR_Ru2S2_1_y025,259,20,ok,0.3864,0.9986,20,0.9986,0.3864,0.0000,0,0.2029,0.6088,0,rank_ok,,nurion
POSCAR_Ru2S2_1_y050,259,20,ok,0.4096,0.9977,21,0.9979,1.7306,0.0002,1,0.3117,0.7522,0,rank_ok,,nurion
POSCAR_Ru2S2_1_y950,364,17,ok,0.2868,0.9995,18,0.9996,0.3386,0.0001,1,0.6058,0.0518,0,rank_ok,,nurion
POSCAR_Ru2S2_1_y975,307,20,ok,0.3452,0.9877,21,0.9913,1.7698,0.0035,1,0.3763,0.0287,1,rank_ok,,nurion
POSCAR_Ru2S2_1_z025,91,19,ok,0.3822,0.9681,18,1.0000,0.0166,0.0319,-1,0.0061,0.0270,1,rank_ok,,nurion
POSCAR_Ru2S2_1_z050,90,20,ok,0.3407,0.9997,20,0.9997,0.3407,0.0000,0,0.0318,0.3867,1,rank_ok,,nurion
POSCAR_Ru2S2_1_z950,263,20,ok,0.3411,0.9554,19,0.9980,0.4557,0.0426,-1,0.3489,0.1146,0,rank_ok,,nurion
POSCAR_Ru2S2_1_z975,328,17,ok,0.3847,0.9831,19,1.0000,0.3553,0.0169,2,0.0039,0.4008,1,rank_ok,,nurion
POSCAR_Ru2S2_2,255,20,ok,0.3519,0.9990,18,0.9999,0.9655,0.0009,-2,0.6399,0.3959,0,rank_ok,,local
POSCAR_Ru2S2_2_st025,255,20,ok,0.4978,0.9964,18,0.9975,1.0709,0.0011,-2,0.7379,0.3028,0,rank_ok,,tgm
POSCAR_Ru2S2_2_st050,255,20,ok,0.5550,0.9822,21,0.9975,0.8278,0.0153,1,0.7665,0.1942,0,rank_ok,,tgm
POSCAR_Ru2S2_2_st950,221,19,ok,0.2742,0.9997,19,0.9997,0.2742,0.0000,0,0.5238,0.6391,0,rank_ok,,tgm
POSCAR_Ru2S2_2_st975,312,19,ok,0.3367,0.9998,19,0.9998,0.3367,0.0000,0,0.4049,0.4483,0,rank_ok,,tgm
POSCAR_Ru2S2_2_x025,255,20,ok,0.4367,0.9986,18,0.9998,1.0036,0.0012,-2,0.7753,0.4429,0,rank_ok,,nurion
POSCAR_Ru2S2_2_x050,320,20,ok,0.5329,0.9980,18,0.9993,0.6683,0.0013,-2,0.4786,0.9168,0,rank_ok,,nurion
POSCAR_Ru2S2_2_x950,311,19,ok,0.3719,0.9984,20,1.0000,0.7349,0.0016,1,0.6946,0.2792,0,rank_ok,,nurion
POSCAR_Ru2S2_2_x975,220,19,ok,0.3473,0.9994,20,0.9995,0.8602,0.0001,1,0.4276,0.5128,0,rank_ok,,nurion
POSCAR_Ru2S2_2_y025,255,20,ok,0.3772,0.9985,18,0.9993,0.9833,0.0008,-2,0.5758,0.3046,0,rank_ok,,nurion
POSCAR_Ru2S2_2_y050,297,20,ok,0.3935,0.9994,19,0.9998,0.6608,0.0003,-1,0.8838,0.2673,0,rank_ok,,nurion
POSCAR_Ru2S2_2_y950,221,19,ok,0.4164,0.9990,21,0.9992,2.3696,0.0002,2,0.3227,0.3746,0,rank_ok,,nurion
POSCAR_Ru2S2_2_y975,220,19,ok,0.3813,0.9999,19,0.9999,0.3813,0.0000,0,0.4139,0.4961,0,rank_ok,,nurion
POSCAR_Ru2S2_2_z025,320,20,ok,0.3760,0.9987,18,0.9992,0.6658,0.0005,-2,0.3401,0.6368,0,rank_ok,,nurion
POSCAR_Ru2S2_2_z050,320,20,ok,0.4021,0.9980,18,0.9989,0.6347,0.0010,-2,0.2841,0.6478,0,rank_ok,,nurion
POSCAR_Ru2S2_2_z950,255,20,ok,0.2936,0.9994,18,0.9997,1.0298,0.0003,-2,0.6624,0.4933,0,rank_ok,,nurion
POSCAR_Ru2S2_2_z975,255,20,ok,0.3264,0.9992,18,0.9998,0.9913,0.0006,-2,0.6507,0.4472,0,rank_ok,,nurion
POSCAR_Ru2S8_1,94,37,ok,0.3794,0.9592,36,0.9995,0.6510,0.0403,-1,0.1005,0.2716,0,rank_ok,,local
POSCAR_Ru2S8_1_st025,94,37,ok,0.3090,0.9741,39,0.9987,1.0054,0.0247,2,0.1734,0.2450,0,rank_ok,,tgm
POSCAR_Ru2S8_1_st050,41,36,ok,0.2747,0.9605,34,0.9989,0.4028,0.0384,-2,0.3851,0.0470,1,rank_ok,,tgm
POSCAR_Ru2S8_1_x025,94,37,ok,0.4255,0.9127,38,0.9999,0.0523,0.0872,1,0.0311,0.2173,1,rank_ok,,nurion
POSCAR_Ru2S8_1_x050,153,34,ok,0.0281,0.9999,34,0.9999,0.0281,0.0000,0,0.0946,0.1376,0,rank_ok,,nurion
POSCAR_Ru2S8_1_y025,114,33,ok,0.3413,0.9204,34,0.9996,0.0296,0.0792,1,0.0718,0.1365,0,rank_ok,,nurion
POSCAR_Ru2S8_1_y050,44,34,ok,0.3611,0.8241,35,0.9991,0.4650,0.1750,1,0.0587,0.1039,0,A,rank_under,nurion
POSCAR_Ru2S8_1_z025,50,34,ok,0.0210,0.9998,34,0.9998,0.0210,0.0000,0,0.0928,0.1136,0,rank_ok,,nurion
POSCAR_Ru2S8_1_z050,114,33,ok,0.3379,0.9951,32,0.9998,0.5784,0.0047,-1,0.0304,0.2405,1,rank_ok,,nurion
POSCAR_Ru2Si1_1,18,13,ok,0.0747,1.0000,13,1.0000,0.0747,0.0000,0,0.0194,0.1146,1,rank_ok,,local
POSCAR_Ru2Si1_1_x950,183,14,ok,0.0023,1.0000,14,1.0000,0.0023,0.0000,0,0.0691,0.0645,0,rank_ok,,nurion
POSCAR_Ru2Si1_1_x975,29,15,ok,0.0015,1.0000,15,1.0000,0.0015,0.0000,0,0.0276,0.0293,1,rank_ok,,nurion
POSCAR_Ru2Si1_1_z950,211,17,ok,0.0049,1.0000,17,1.0000,0.0049,0.0000,0,0.1501,0.1580,0,rank_ok,,nurion
POSCAR_Ru2Si1_1_z975,18,14,ok,0.0095,1.0000,14,1.0000,0.0095,0.0000,0,0.0516,0.0720,0,rank_ok,,nurion
POSCAR_Ru2Sn2_3,190,27,ok,0.4996,0.9981,27,0.9981,0.4996,0.0000,0,0.0604,0.0401,1,rank_ok,,local
POSCAR_Ru2Sn2_3_st050,326,27,ok,0.8795,0.9966,27,0.9966,0.8795,0.0000,0,0.3423,0.3259,0,rank_ok,,tgm
POSCAR_Ru2Sn2_3_st975,257,29,ok,0.0405,0.9992,29,0.9992,0.0405,0.0000,0,0.0982,0.1720,0,rank_ok,,tgm
POSCAR_Ru2Sn2_3_x025,123,27,ok,0.4847,0.9995,27,0.9995,0.4847,0.0000,0,0.2071,0.4708,0,rank_ok,,nurion
POSCAR_Ru2Sn2_3_x050,83,27,ok,0.5196,0.9976,27,0.9976,0.5196,0.0000,0,0.4256,0.0768,0,rank_ok,,nurion
POSCAR_Ru2Sn2_3_x950,56,27,ok,0.2139,0.9973,27,0.9973,0.2139,0.0000,0,0.5557,0.4425,0,rank_ok,,nurion
POSCAR_Ru2Sn2_3_x975,183,27,ok,0.4483,0.9999,27,0.9999,0.4483,0.0000,0,0.1138,0.0569,0,rank_ok,,nurion
POSCAR_Ru2Sn2_3_y025,56,27,ok,0.4785,0.9996,27,0.9996,0.4785,0.0000,0,0.2111,0.4758,0,rank_ok,,nurion
POSCAR_Ru2Sn2_3_y050,56,27,ok,0.5195,0.9981,27,0.9981,0.5195,0.0000,0,0.0771,0.4256,0,rank_ok,,nurion
POSCAR_Ru2Sn2_3_y950,123,27,ok,0.2147,0.9973,27,0.9973,0.2147,0.0000,0,0.5530,0.4436,0,rank_ok,,nurion
POSCAR_Ru2Sn2_3_y975,160,27,ok,0.4476,0.9999,27,0.9999,0.4476,0.0000,0,0.1147,0.0574,0,rank_ok,,nurion
POSCAR_Ru2Sn2_3_z025,160,27,ok,0.7316,0.9831,26,0.9942,0.8267,0.0111,-1,0.0178,0.0951,1,rank_ok,,nurion
POSCAR_Ru2Sn2_3_z050,223,27,ok,1.1121,0.9991,27,0.9991,1.1121,0.0000,0,0.1377,0.0771,0,rank_ok,,nurion
POSCAR_Ru2Sn2_3_z950,299,29,ok,0.1020,0.9900,29,0.9900,0.1020,0.0000,0,0.2029,0.3743,0,rank_ok,,nurion
POSCAR_Ru2Sn2_3_z975,90,27,ok,0.2349,0.9993,27,0.9993,0.2349,0.0000,0,0.3605,0.5390,0,rank_ok,,nurion
POSCAR_S2Ti2_2,302,18,ok,0.4696,1.0000,18,1.0000,0.4696,0.0000,0,0.1195,0.0839,0,rank_ok,,local
POSCAR_S2Ti2_2_st025,397,18,ok,0.4134,0.9992,17,0.9999,0.8959,0.0007,-1,0.2920,0.4826,0,rank_ok,,tgm
POSCAR_S2Ti2_2_st050,96,18,ok,0.1595,0.9967,19,0.9991,0.2019,0.0024,1,0.1198,0.0424,1,rank_ok,,tgm
POSCAR_S2Ti2_2_st975,396,18,ok,0.1007,1.0000,18,1.0000,0.1007,0.0000,0,0.4790,0.3381,0,rank_ok,,tgm
POSCAR_S2Ti2_2_x050,408,18,ok,0.5286,0.9995,20,0.9998,1.5747,0.0003,2,0.2862,0.0820,0,rank_ok,,nurion
POSCAR_S2Ti2_2_x950,267,18,ok,0.1381,1.0000,18,1.0000,0.1381,0.0000,0,0.4086,0.2056,0,rank_ok,,nurion
POSCAR_S2Ti2_2_x975,361,18,ok,0.4254,0.9989,19,1.0000,0.5600,0.0011,1,0.3309,0.0800,0,rank_ok,,nurion
POSCAR_S2Ti2_2_y050,396,18,ok,0.5264,0.9995,20,1.0000,1.0327,0.0004,2,0.0826,0.2924,0,rank_ok,,nurion
POSCAR_S2Ti2_2_y950,256,18,ok,0.1381,1.0000,18,1.0000,0.1381,0.0000,0,0.5584,0.2637,0,rank_ok,,nurion
POSCAR_S2Ti2_2_y975,289,18,ok,0.4254,0.9990,19,0.9998,0.7562,0.0009,1,0.0794,0.3308,0,rank_ok,,nurion
POSCAR_S2V2_2,81,19,ok,0.6945,0.9984,20,1.0000,2.5834,0.0016,1,0.0416,0.7696,1,rank_ok,,nurion
POSCAR_S2V2_2_st025,81,19,ok,0.5866,0.9985,20,0.9999,2.6971,0.0015,1,0.0345,0.6362,1,rank_ok,,nurion
POSCAR_S2V2_2_st050,369,19,ok,0.4856,0.9988,19,0.9988,0.4856,0.0000,0,0.0957,0.5325,0,rank_ok,,nurion
POSCAR_S2V2_2_st950,82,19,ok,0.9084,0.9989,18,0.9998,0.3514,0.0009,-1,0.1133,1.2491,0,rank_ok,,nurion
POSCAR_S2V2_2_st975,369,19,ok,0.8233,0.9990,20,1.0000,2.4472,0.0010,1,0.0046,0.9561,1,rank_ok,,nurion
POSCAR_S2V2_2_z025,225,19,ok,0.6659,0.9984,20,1.0000,2.6224,0.0016,1,0.0464,0.7696,1,rank_ok,,nurion
POSCAR_S2V2_3,131,17,ok,0.2802,0.9909,17,0.9909,0.2802,0.0000,0,0.3945,0.5674,0,rank_ok,,nurion
POSCAR_S2V2_3_st025,175,17,ok,0.2569,0.9720,17,0.9720,0.2569,0.0000,0,0.4467,0.4000,0,rank_ok,,nurion
POSCAR_S2V2_3_st050,319,17,ok,0.2255,0.9942,19,0.9998,0.8764,0.0056,2,0.3230,0.0676,0,rank_ok,,nurion
POSCAR_S2V2_3_st950,120,18,ok,0.2126,0.9996,18,0.9996,0.2126,0.0000,0,0.0066,0.2811,1,rank_ok,,nurion
POSCAR_S2V2_3_st975,131,17,ok,0.2865,0.9978,17,0.9978,0.2865,0.0000,0,0.4252,0.7270,0,rank_ok,,nurion
POSCAR_S2V2_3_x975,171,17,ok,0.2992,0.9997,17,0.9997,0.2992,0.0000,0,0.3632,0.6394,0,rank_ok,,nurion
POSCAR_S2V2_3_y025,171,17,ok,0.2971,0.9892,17,0.9892,0.2971,0.0000,0,0.4234,0.4550,0,rank_ok,,nurion
POSCAR_S2V2_3_y050,171,17,ok,0.3135,0.9831,17,0.9831,0.3135,0.0000,0,0.4392,0.3540,0,rank_ok,,nurion
POSCAR_S2V2_3_y950,79,17,ok,0.2913,0.9988,17,0.9988,0.2913,0.0000,0,0.2482,0.4858,0,rank_ok,,nurion
POSCAR_S2V2_3_y975,79,17,ok,0.2988,0.9998,17,0.9998,0.2988,0.0000,0,0.3638,0.6394,0,rank_ok,,nurion
POSCAR_S2V2_3_z025,131,17,ok,0.2772,0.9956,17,0.9956,0.2772,0.0000,0,0.3243,0.5919,0,rank_ok,,nurion
POSCAR_S2V2_3_z050,131,17,ok,0.2691,0.9999,17,0.9999,0.2691,0.0000,0,0.1524,0.4070,0,rank_ok,,nurion
POSCAR_S2V2_3_z950,131,17,ok,0.2797,0.9854,17,0.9854,0.2797,0.0000,0,0.6152,0.4869,0,rank_ok,,nurion
POSCAR_S2V2_3_z975,131,17,ok,0.2816,0.9878,17,0.9878,0.2816,0.0000,0,0.4910,0.5303,0,rank_ok,,nurion
POSCAR_S2V2_4,71,17,ok,0.3834,0.9569,19,0.9736,0.7195,0.0168,2,0.4044,0.2341,0,rank_ok,,nurion
POSCAR_S2V2_4_st025,71,17,ok,0.3580,0.9594,19,0.9610,0.6467,0.0016,2,0.2921,0.1958,0,rank_ok,,nurion
POSCAR_S2V2_4_st050,71,17,ok,0.3412,0.9637,17,0.9637,0.3412,0.0000,0,0.1724,0.1768,0,rank_ok,,nurion
POSCAR_S2V2_4_st950,71,17,ok,0.4627,0.9556,19,0.9796,0.9661,0.0240,2,0.5877,0.3584,0,rank_ok,,nurion
POSCAR_S2V2_4_st975,71,17,ok,0.4183,0.9547,19,0.9793,0.8251,0.0246,2,0.5042,0.2885,0,rank_ok,,nurion
POSCAR_S2V2_4_x025,71,17,ok,0.4176,0.9465,19,0.9666,0.7255,0.0201,2,0.2800,0.2055,0,rank_ok,,nurion
POSCAR_S2V2_4_x050,71,17,ok,0.4426,0.9460,18,0.9537,0.6224,0.0077,1,0.1721,0.1798,0,rank_ok,,nurion
POSCAR_S2V2_4_x950,161,17,ok,0.4266,0.9564,19,0.9974,0.7429,0.0410,2,0.4152,0.2892,0,rank_ok,,nurion
POSCAR_S2V2_4_x975,161,17,ok,0.4050,0.9555,19,0.9953,0.6980,0.0398,2,0.3147,0.4087,0,rank_ok,,nurion
POSCAR_S2V2_4_y025,161,17,ok,0.4170,0.9462,18,0.9970,0.3786,0.0508,1,0.2051,0.2804,0,rank_ok,,nurion
POSCAR_S2V2_4_y050,161,17,ok,0.4422,0.9473,18,0.9945,0.3422,0.0472,1,0.1793,0.1723,0,rank_ok,,nurion
POSCAR_S2V2_4_y950,71,17,ok,0.4272,0.9557,19,0.9787,0.8797,0.0230,2,0.2872,0.4156,0,rank_ok,,nurion
POSCAR_S2V2_4_y975,71,17,ok,0.4057,0.9552,19,0.9770,0.7948,0.0219,2,0.4083,0.3151,0,rank_ok,,nurion
POSCAR_S2V2_4_z025,71,17,ok,0.3420,0.9670,19,0.9749,0.6945,0.0079,2,0.4312,0.2882,0,rank_ok,,nurion
POSCAR_S2V2_4_z050,71,17,ok,0.3064,0.9754,19,0.9766,0.6705,0.0012,2,0.3976,0.3437,0,rank_ok,,nurion
POSCAR_S2V2_4_z950,71,17,ok,0.4854,0.9257,18,0.9791,0.6121,0.0534,1,0.3364,0.1266,0,rank_ok,,nurion
POSCAR_Sb2Ti2_1,160,15,ok,0.3215,0.9875,14,0.9927,0.6642,0.0051,-1,0.0079,0.2366,1,rank_ok,,local
POSCAR_Sb2Ti2_1_st025,160,15,ok,0.4602,0.8562,16,0.9993,0.0915,0.1431,1,0.0078,0.1689,1,A,rank_over,tgm
POSCAR_Sb2Ti2_1_st050,156,15,ok,0.5398,0.9989,15,0.9989,0.5398,0.0000,0,0.0400,0.0164,1,rank_ok,,tgm
POSCAR_Sb2Ti2_1_st950,260,16,ok,0.0940,0.9972,15,0.9977,0.1588,0.0005,-1,0.1289,0.0649,0,rank_ok,,tgm
POSCAR_Sb2Ti2_1_st975,323,16,ok,0.2506,0.9978,14,0.9988,0.3509,0.0010,-2,0.1058,0.2856,0,rank_ok,,tgm
POSCAR_Sb2Ti2_1_x025,193,16,ok,0.3445,0.9648,14,0.9998,0.6194,0.0350,-2,0.3097,0.1744,0,rank_ok,,nurion
POSCAR_Sb2Ti2_1_x050,193,16,ok,0.4370,0.9995,16,0.9995,0.4370,0.0000,0,0.4257,0.1215,0,rank_ok,,nurion
POSCAR_Sb2Ti2_1_x950,223,15,ok,0.2661,0.9924,15,0.9924,0.2661,0.0000,0,0.2459,0.2617,0,rank_ok,,nurion
POSCAR_Sb2Ti2_1_x975,223,15,ok,0.2939,0.9909,15,0.9909,0.2939,0.0000,0,0.2844,0.0724,0,rank_ok,,nurion
POSCAR_Sb2Ti2_1_y025,256,16,ok,0.3015,0.9943,16,0.9943,0.3015,0.0000,0,0.1043,0.3325,0,rank_ok,,nurion
POSCAR_Sb2Ti2_1_y950,156,15,ok,0.2702,0.9916,15,0.9916,0.2702,0.0000,0,0.1702,0.3708,0,rank_ok,,nurion
POSCAR_Sb2Ti2_1_y975,157,15,ok,0.3108,0.9688,14,0.9931,0.1010,0.0243,-1,0.0603,0.1753,0,rank_ok,,nurion
POSCAR_Sb2Ti2_1_z025,183,15,ok,0.3621,0.9624,14,0.9999,0.5781,0.0375,-1,0.0594,0.2161,0,rank_ok,,nurion
POSCAR_Sb2Ti2_1_z050,156,15,ok,0.3788,0.9859,15,0.9859,0.3788,0.0000,0,0.0344,0.2287,1,rank_ok,,nurion
POSCAR_Sb2Ti2_1_z950,160,16,ok,0.3074,0.9997,16,0.9997,0.3074,0.0000,0,0.2302,0.0044,1,rank_ok,,nurion
POSCAR_Sb2Ti2_1_z975,193,16,ok,0.3224,0.9926,14,0.9992,0.6767,0.0066,-2,0.2821,0.0359,1,rank_ok,,nurion
POSCAR_Sc2Te2_1,191,17,ok,0.0157,1.0000,17,1.0000,0.0157,0.0000,0,0.5016,0.4520,0,rank_ok,,local
POSCAR_Sc2Te2_1_x950,201,17,ok,0.0163,1.0000,17,1.0000,0.0163,0.0000,0,0.3614,0.3406,0,rank_ok,,nurion
POSCAR_Sc2Te2_1_x975,179,17,ok,0.0390,1.0000,17,1.0000,0.0390,0.0000,0,0.3468,0.2881,0,rank_ok,,nurion
POSCAR_Sc2Te2_1_y050,241,17,ok,0.0147,1.0000,17,1.0000,0.0147,0.0000,0,0.3258,0.3019,0,rank_ok,,nurion
POSCAR_Sc2Te2_1_y950,179,17,ok,0.0168,1.0000,17,1.0000,0.0168,0.0000,0,0.3613,0.3402,0,rank_ok,,nurion
POSCAR_Sc2Te2_1_y975,201,17,ok,0.0392,1.0000,17,1.0000,0.0392,0.0000,0,0.3477,0.2877,0,rank_ok,,nurion
POSCAR_Sc2Te2_1_z025,192,17,ok,0.0219,1.0000,17,1.0000,0.0219,0.0000,0,0.4048,0.4768,0,rank_ok,,nurion
POSCAR_Sc2Te2_1_z050,251,17,ok,0.0022,1.0000,17,1.0000,0.0022,0.0000,0,0.4035,0.4096,0,rank_ok,,nurion
POSCAR_Se2Ti2_1,102,18,ok,0.3118,0.9997,20,0.9998,1.0942,0.0001,2,0.4125,0.1829,0,rank_ok,,local
POSCAR_Se2Ti2_1_st025,207,18,ok,0.1948,0.9885,19,0.9978,0.1071,0.0093,1,0.1018,0.0271,1,rank_ok,,tgm
POSCAR_Se2Ti2_1_st050,382,18,ok,0.1003,1.0000,18,1.0000,0.1003,0.0000,0,0.0056,0.0061,1,rank_ok,,tgm
POSCAR_Se2Ti2_1_st950,246,18,ok,0.1835,0.9998,18,0.9998,0.1835,0.0000,0,0.4253,0.1361,0,rank_ok,,tgm
POSCAR_Se2Ti2_1_st975,102,18,ok,0.3786,0.9998,18,0.9998,0.3786,0.0000,0,0.3293,0.0761,0,rank_ok,,tgm
POSCAR_Se2Ti2_1_x950,328,18,ok,0.3754,0.9989,17,0.9998,0.5107,0.0009,-1,0.4555,0.1353,0,rank_ok,,nurion
POSCAR_Se2Ti2_4,7,18,ok,0.7950,0.9905,20,0.9999,1.7375,0.0094,2,0.1568,0.1737,0,rank_ok,,local
POSCAR_Se2V2_1,84,17,ok,0.4838,0.9766,17,0.9766,0.4838,0.0000,0,0.0377,0.1732,1,rank_ok,,nurion
POSCAR_Se2V2_1_st025,153,17,ok,0.4048,0.9952,18,1.0000,0.5345,0.0048,1,0.2554,0.1297,0,rank_ok,,nurion
POSCAR_Se2V2_1_st050,153,17,ok,0.3137,0.9714,15,0.9976,0.4261,0.0262,-2,0.2474,0.1739,0,rank_ok,,nurion
POSCAR_Se2V2_1_st950,84,17,ok,0.6203,0.9448,17,0.9448,0.6203,0.0000,0,0.1924,0.1767,0,rank_ok,,nurion
POSCAR_Se2V2_1_st975,84,17,ok,0.5490,0.9636,17,0.9636,0.5490,0.0000,0,0.1175,0.1631,0,rank_ok,,nurion
POSCAR_Se2V2_1_x975,84,17,ok,0.5218,0.9667,17,0.9667,0.5218,0.0000,0,0.0237,0.2376,1,rank_ok,,nurion
POSCAR_Se2V2_1_y025,163,17,ok,0.4578,0.9977,15,0.9999,0.2328,0.0022,-2,0.0206,0.1407,1,rank_ok,,nurion
POSCAR_Se2V2_1_y050,70,17,ok,0.4479,0.9385,18,0.9998,0.5282,0.0613,1,0.2603,0.0802,0,rank_ok,,nurion
POSCAR_Se2V2_1_y950,71,17,ok,0.5551,0.9535,17,0.9535,0.5551,0.0000,0,0.0099,0.3161,1,rank_ok,,nurion
POSCAR_Se2V2_1_y975,71,17,ok,0.5218,0.9676,17,0.9676,0.5218,0.0000,0,0.0240,0.2366,1,rank_ok,,nurion
POSCAR_Se2V2_1_z025,84,17,ok,0.4401,0.9819,17,0.9819,0.4401,0.0000,0,0.0585,0.2493,0,rank_ok,,nurion
POSCAR_Se2V2_1_z050,84,17,ok,0.3938,0.9892,17,0.9892,0.3938,0.0000,0,0.0877,0.3317,0,rank_ok,,nurion
POSCAR_Se2V2_1_z950,163,17,ok,0.5523,0.9991,17,0.9991,0.5523,0.0000,0,0.0451,0.0349,1,rank_ok,,nurion
POSCAR_Se2V2_1_z975,163,17,ok,0.5208,0.9872,17,0.9872,0.5208,0.0000,0,0.0360,0.0969,1,rank_ok,,nurion
POSCAR_Te2V2_1,162,18,ok,0.3247,0.9738,19,0.9890,0.5410,0.0152,1,0.5299,0.1915,0,rank_ok,,nurion
POSCAR_Te2V2_1_st025,235,18,ok,0.2750,0.9973,19,0.9999,0.4757,0.0026,1,0.5556,0.3432,0,rank_ok,,nurion
POSCAR_Te2V2_1_st050,193,17,ok,0.2529,0.9632,18,0.9959,0.0002,0.0327,1,0.0758,0.2131,0,rank_ok,,nurion
POSCAR_Te2V2_1_st950,61,19,ok,0.5398,0.9961,19,0.9961,0.5398,0.0000,0,0.6280,0.3819,0,rank_ok,,nurion
POSCAR_Te2V2_1_st975,162,18,ok,0.4064,0.9661,19,0.9758,0.6254,0.0097,1,0.6254,0.0732,0,rank_ok,,nurion
POSCAR_Te2V2_1_x025,163,18,ok,0.3248,0.9697,19,0.9816,0.5905,0.0119,1,0.6017,0.1611,0,rank_ok,,nurion
POSCAR_Te2V2_1_x050,163,18,ok,0.3210,0.9700,19,0.9753,0.6274,0.0053,1,0.5810,0.1493,0,rank_ok,,nurion
POSCAR_Te2V2_1_x950,60,19,ok,0.4497,0.9931,18,0.9937,0.4922,0.0006,-1,0.3812,0.0425,1,rank_ok,,nurion
POSCAR_Te2V2_1_x975,162,18,ok,0.3718,0.9670,19,0.9848,0.5579,0.0178,1,0.5691,0.1274,0,rank_ok,,nurion
POSCAR_Te2V2_1_y025,162,18,ok,0.3251,0.9705,19,0.9818,0.5890,0.0113,1,0.6032,0.1621,0,rank_ok,,nurion
POSCAR_Te2V2_1_y050,162,18,ok,0.3214,0.9689,19,0.9750,0.6258,0.0061,1,0.5825,0.1502,0,rank_ok,,nurion
POSCAR_Te2V2_1_y950,83,19,ok,0.4498,0.9916,18,0.9937,0.4926,0.0021,-1,0.3820,0.0428,1,rank_ok,,nurion
POSCAR_Te4Ti2_1,1,20,ok,0.0501,0.9989,20,0.9989,0.0501,0.0000,0,0.3240,0.3729,0,rank_ok,,local
POSCAR_Te4Ti2_1_st025,1,20,ok,0.0414,0.9987,20,0.9987,0.0414,0.0000,0,0.3034,0.3438,0,rank_ok,,tgm
POSCAR_Te4Ti2_1_st050,1,20,ok,0.0337,0.9987,20,0.9987,0.0337,0.0000,0,0.2809,0.3135,0,rank_ok,,tgm
POSCAR_Te4Ti2_1_st950,192,23,ok,0.0255,1.0000,23,1.0000,0.0255,0.0000,0,1.2527,1.2900,0,rank_ok,,tgm
POSCAR_Te4V2_1,27,18,ok,0.3205,0.8402,17,1.0000,0.2086,0.1598,-1,0.3107,0.0520,0,A,rank_over,nurion
POSCAR_Te4V2_1_st025,76,23,ok,0.2547,0.9936,21,0.9994,0.3408,0.0058,-2,0.0931,0.0430,1,rank_ok,,nurion
POSCAR_Te4V2_1_st050,28,17,ok,0.2216,0.9997,19,1.0000,0.6089,0.0002,2,0.2575,0.0997,0,rank_ok,,nurion
POSCAR_Te4V2_1_st950,135,23,ok,0.3591,0.9780,24,0.9927,0.4773,0.0147,1,0.2495,0.1182,0,rank_ok,,nurion
POSCAR_Te4V2_1_st975,179,18,ok,0.3551,0.9904,18,0.9904,0.3551,0.0000,0,0.0450,0.3514,1,rank_ok,,nurion
POSCAR_Tl2Zr2_1,154,25,ok,0.2088,0.9711,26,0.9973,0.2783,0.0262,1,0.0883,0.0695,0,rank_ok,,local
POSCAR_Tl2Zr2_1_st050,92,25,ok,0.1341,0.9840,27,0.9983,1.3259,0.0142,2,0.1028,0.2796,0,rank_ok,,tgm
