#K-Path          Energy     s    py    pz    px    dxy    dyz    dz2    dxz    dx2-y2    tot
# NKPTS & NBANDS:  80  20
# Band-Index:    1
   0.00000    -13.276164  0.649  0.004  0.010  0.014  0.004  0.003  0.000  0.008  0.001  0.694
   0.01451    -13.295669  0.650  0.004  0.010  0.014  0.003  0.002  0.000  0.008  0.001  0.693
   0.02902    -13.316362  0.649  0.004  0.010  0.015  0.003  0.002  0.000  0.007  0.001  0.690
   0.04353    -13.336919  0.648  0.004  0.010  0.015  0.003  0.002  0.000  0.007  0.001  0.690
   0.05805    -13.357276  0.647  0.004  0.010  0.015  0.003  0.002  0.000  0.007  0.001  0.688
   0.07256    -13.377389  0.647  0.004  0.008  0.016  0.003  0.002  0.000  0.007  0.001  0.688
   0.08707    -13.397233  0.646  0.004  0.008  0.016  0.003  0.002  0.000  0.006  0.001  0.687
   0.10158    -13.416775  0.645  0.004  0.008  0.016  0.003  0.002  0.000  0.006  0.001  0.685
   0.11609    -13.435988  0.645  0.004  0.008  0.016  0.003  0.002  0.000  0.006  0.001  0.683
   0.13060    -13.454846  0.645  0.004  0.008  0.016  0.003  0.002  0.000  0.006  0.001  0.684
   0.14511    -13.473322  0.643  0.005  0.008  0.017  0.002  0.002  0.000  0.005  0.001  0.683
   0.15963    -13.491393  0.642  0.005  0.007  0.017  0.002  0.001  0.000  0.004  0.001  0.681
   0.17414    -13.509036  0.643  0.005  0.006  0.017  0.002  0.001  0.000  0.004  0.001  0.681
   0.18865    -13.526227  0.641  0.005  0.006  0.017  0.002  0.001  0.000  0.004  0.001  0.679
   0.20316    -13.542942  0.642  0.005  0.004  0.017  0.002  0.001  0.000  0.004  0.001  0.679
   0.21767    -13.559164  0.641  0.005  0.004  0.017  0.002  0.001  0.000  0.004  0.001  0.678
   0.23218    -13.574875  0.640  0.005  0.004  0.018  0.002  0.001  0.000  0.004  0.001  0.676
   0.24669    -13.590049  0.641  0.005  0.003  0.018  0.002  0.001  0.000  0.003  0.001  0.676
   0.26120    -13.604671  0.640  0.005  0.003  0.018  0.002  0.001  0.000  0.003  0.001  0.675
   0.27572    -13.618724  0.640  0.005  0.003  0.018  0.002  0.001  0.000  0.003  0.001  0.675
   0.29023    -13.632191  0.638  0.005  0.003  0.018  0.002  0.001  0.000  0.003  0.001  0.673
   0.30474    -13.645058  0.639  0.005  0.003  0.019  0.002  0.001  0.000  0.003  0.001  0.673
   0.31925    -13.657308  0.639  0.005  0.002  0.019  0.002  0.001  0.000  0.003  0.001  0.673
   0.33376    -13.668928  0.638  0.005  0.002  0.019  0.001  0.001  0.000  0.002  0.000  0.672
   0.34827    -13.679906  0.639  0.005  0.001  0.019  0.001  0.001  0.000  0.002  0.000  0.672
   0.36278    -13.690228  0.637  0.005  0.001  0.019  0.001  0.001  0.000  0.002  0.000  0.671
   0.37730    -13.699883  0.637  0.007  0.001  0.021  0.001  0.001  0.000  0.002  0.000  0.670
   0.39181    -13.708863  0.638  0.007  0.001  0.021  0.001  0.001  0.000  0.002  0.000  0.670
   0.40632    -13.717156  0.636  0.008  0.001  0.022  0.001  0.001  0.000  0.002  0.000  0.670
   0.42083    -13.724753  0.636  0.008  0.001  0.022  0.001  0.001  0.000  0.002  0.000  0.669
   0.43534    -13.731646  0.636  0.008  0.001  0.022  0.001  0.000  0.000  0.001  0.000  0.669
   0.44985    -13.737829  0.637  0.008  0.001  0.022  0.001  0.000  0.000  0.001  0.000  0.669
   0.46436    -13.743293  0.637  0.008  0.001  0.022  0.001  0.000  0.000  0.001  0.000  0.669
   0.47888    -13.748034  0.635  0.008  0.000  0.022  0.001  0.000  0.000  0.001  0.000  0.669
   0.49339    -13.752046  0.635  0.008  0.000  0.021  0.001  0.000  0.000  0.001  0.000  0.668
   0.50790    -13.755326  0.636  0.008  0.000  0.022  0.001  0.000  0.000  0.001  0.000  0.667
   0.52241    -13.757869  0.636  0.008  0.000  0.022  0.001  0.000  0.000  0.001  0.000  0.667
   0.53692    -13.759674  0.636  0.008  0.000  0.022  0.001  0.000  0.000  0.001  0.000  0.668
   0.55143    -13.760738  0.636  0.008  0.000  0.022  0.001  0.000  0.000  0.001  0.000  0.668
   0.56594    -13.761061  0.636  0.008  0.000  0.022  0.002  0.000  0.000  0.002  0.000  0.668
   0.56594    -13.761061  0.636  0.008  0.000  0.022  0.002  0.000  0.000  0.002  0.000  0.668
   0.58046    -13.760642  0.636  0.008  0.000  0.022  0.001  0.000  0.000  0.002  0.000  0.668
   0.59497    -13.759481  0.636  0.008  0.000  0.022  0.001  0.000  0.000  0.001  0.000  0.668
   0.60948    -13.757581  0.636  0.008  0.000  0.022  0.001  0.000  0.000  0.001  0.000  0.667
   0.62399    -13.754942  0.636  0.008  0.000  0.022  0.001  0.000  0.000  0.001  0.000  0.667
   0.63850    -13.751566  0.635  0.008  0.000  0.021  0.001  0.000  0.000  0.001  0.000  0.668
   0.65301    -13.747457  0.635  0.008  0.000  0.022  0.001  0.000  0.000  0.001  0.000  0.669
   0.66752    -13.742621  0.637  0.008  0.001  0.022  0.001  0.000  0.000  0.001  0.000  0.669
   0.68203    -13.737061  0.637  0.008  0.001  0.022  0.001  0.000  0.000  0.001  0.000  0.669
   0.69655    -13.730783  0.636  0.008  0.001  0.022  0.001  0.000  0.000  0.001  0.000  0.669
   0.71106    -13.723795  0.636  0.008  0.001  0.022  0.001  0.000  0.000  0.001  0.000  0.668
   0.72557    -13.716103  0.637  0.008  0.001  0.022  0.001  0.001  0.000  0.002  0.000  0.670
   0.74008    -13.707715  0.638  0.008  0.001  0.022  0.001  0.001  0.000  0.002  0.000  0.670
   0.75459    -13.698642  0.637  0.007  0.001  0.021  0.001  0.001  0.000  0.002  0.000  0.670
   0.76910    -13.688893  0.637  0.005  0.001  0.019  0.001  0.001  0.000  0.002  0.000  0.672
   0.78361    -13.678477  0.639  0.005  0.001  0.019  0.001  0.001  0.000  0.002  0.000  0.672
   0.79813    -13.667407  0.638  0.005  0.002  0.019  0.001  0.001  0.000  0.002  0.000  0.671
   0.81264    -13.655695  0.639  0.005  0.002  0.019  0.001  0.001  0.000  0.002  0.000  0.673
   0.82715    -13.643354  0.639  0.005  0.003  0.019  0.001  0.001  0.000  0.003  0.000  0.673
   0.84166    -13.630396  0.638  0.005  0.003  0.018  0.002  0.001  0.000  0.003  0.001  0.674
   0.85617    -13.616840  0.640  0.005  0.003  0.018  0.002  0.001  0.000  0.003  0.001  0.675
   0.87068    -13.602698  0.639  0.005  0.003  0.018  0.002  0.001  0.000  0.003  0.001  0.675
   0.88519    -13.587988  0.641  0.005  0.003  0.018  0.002  0.001  0.000  0.003  0.001  0.676
   0.89971    -13.572728  0.641  0.005  0.004  0.018  0.002  0.001  0.000  0.003  0.001  0.677
   0.91422    -13.556931  0.641  0.005  0.004  0.018  0.002  0.001  0.000  0.003  0.001  0.678
   0.92873    -13.540625  0.643  0.005  0.004  0.017  0.002  0.001  0.000  0.004  0.001  0.680
   0.94324    -13.523827  0.642  0.005  0.006  0.017  0.002  0.001  0.000  0.004  0.001  0.679
   0.95775    -13.506556  0.643  0.005  0.006  0.017  0.002  0.001  0.000  0.004  0.001  0.681
   0.97226    -13.488834  0.643  0.005  0.008  0.017  0.002  0.001  0.000  0.004  0.001  0.682
   0.98677    -13.470685  0.644  0.005  0.008  0.017  0.002  0.001  0.000  0.005  0.001  0.682
   1.00128    -13.452134  0.644  0.005  0.008  0.017  0.002  0.001  0.000  0.005  0.001  0.683
   1.01580    -13.433203  0.645  0.004  0.008  0.016  0.002  0.002  0.000  0.006  0.001  0.684
   1.03031    -13.413921  0.645  0.004  0.008  0.016  0.003  0.002  0.000  0.006  0.001  0.685
   1.04482    -13.394311  0.647  0.004  0.008  0.016  0.003  0.002  0.000  0.006  0.001  0.687
   1.05933    -13.374402  0.647  0.004  0.009  0.016  0.003  0.002  0.000  0.006  0.001  0.687
   1.07384    -13.354228  0.647  0.004  0.009  0.016  0.003  0.002  0.000  0.006  0.001  0.689
   1.08835    -13.333815  0.649  0.004  0.010  0.015  0.003  0.002  0.000  0.006  0.001  0.691
   1.10286    -13.313206  0.650  0.004  0.010  0.014  0.003  0.003  0.000  0.008  0.001  0.691
   1.11738    -13.292484  0.649  0.004  0.010  0.015  0.004  0.003  0.000  0.007  0.001  0.692
   1.13189    -13.276164  0.649  0.004  0.010  0.014  0.004  0.003  0.000  0.008  0.001  0.694
 
# Band-Index:    2
   1.13189    -13.269720  0.650  0.004  0.010  0.014  0.003  0.003  0.000  0.008  0.001  0.693
   1.11738    -13.253325  0.650  0.004  0.011  0.013  0.004  0.003  0.000  0.008  0.001  0.694
   1.10286    -13.232290  0.652  0.004  0.011  0.014  0.004  0.003  0.000  0.009  0.001  0.696
   1.08835    -13.211127  0.653  0.004  0.011  0.013  0.005  0.003  0.000  0.009  0.001  0.697
   1.07384    -13.189928  0.652  0.004  0.012  0.013  0.005  0.003  0.000  0.009  0.001  0.698
   1.05933    -13.168735  0.654  0.004  0.012  0.011  0.005  0.003  0.000  0.009  0.001  0.700
   1.04482    -13.147589  0.654  0.004  0.013  0.010  0.005  0.004  0.000  0.010  0.001  0.700
   1.03031    -13.126525  0.656  0.004  0.013  0.010  0.005  0.004  0.000  0.011  0.001  0.702
   1.01580    -13.105582  0.656  0.003  0.013  0.009  0.005  0.004  0.000  0.011  0.001  0.704
   1.00128    -13.084797  0.657  0.003  0.014  0.009  0.005  0.004  0.000  0.011  0.001  0.705
   0.98677    -13.064208  0.658  0.003  0.014  0.009  0.005  0.004  0.000  0.011  0.001  0.707
   0.97226    -13.043853  0.658  0.003  0.014  0.009  0.005  0.004  0.000  0.012  0.001  0.708
   0.95775    -13.023768  0.659  0.002  0.015  0.008  0.005  0.004  0.000  0.012  0.001  0.708
   0.94324    -13.003992  0.660  0.002  0.015  0.008  0.005  0.004  0.000  0.013  0.001  0.709
   0.92873    -12.984563  0.661  0.002  0.015  0.008  0.005  0.004  0.000  0.013  0.001  0.711
   0.91422    -12.965519  0.662  0.002  0.016  0.007  0.007  0.004  0.000  0.013  0.003  0.713
   0.89971    -12.946899  0.663  0.002  0.016  0.007  0.007  0.004  0.000  0.013  0.003  0.715
   0.88519    -12.928738  0.665  0.002  0.016  0.006  0.007  0.004  0.000  0.013  0.003  0.715
   0.87068    -12.911072  0.663  0.002  0.016  0.006  0.007  0.005  0.000  0.015  0.003  0.716
   0.85617    -12.893941  0.665  0.002  0.016  0.006  0.007  0.005  0.000  0.015  0.003  0.717
   0.84166    -12.877380  0.666  0.002  0.014  0.006  0.007  0.005  0.000  0.015  0.003  0.719
   0.82715    -12.861424  0.667  0.002  0.014  0.006  0.007  0.005  0.000  0.015  0.003  0.719
   0.81264    -12.846106  0.667  0.002  0.016  0.005  0.007  0.005  0.000  0.015  0.003  0.720
   0.79813    -12.831460  0.668  0.002  0.016  0.005  0.007  0.005  0.000  0.016  0.003  0.722
   0.78361    -12.817518  0.669  0.002  0.016  0.005  0.008  0.005  0.000  0.016  0.003  0.722
   0.76910    -12.804310  0.670  0.002  0.016  0.005  0.008  0.005  0.000  0.016  0.003  0.724
   0.75459    -12.791868  0.669  0.001  0.016  0.004  0.008  0.005  0.000  0.016  0.003  0.724
   0.74008    -12.780220  0.671  0.001  0.016  0.004  0.008  0.005  0.000  0.016  0.003  0.725
   0.72557    -12.769393  0.670  0.001  0.016  0.004  0.008  0.005  0.000  0.017  0.003  0.726
   0.71106    -12.759409  0.672  0.001  0.017  0.004  0.008  0.005  0.000  0.017  0.003  0.727
   0.69655    -12.750292  0.671  0.001  0.017  0.003  0.008  0.005  0.000  0.017  0.003  0.726
   0.68203    -12.742066  0.673  0.001  0.017  0.003  0.008  0.005  0.000  0.017  0.003  0.728
   0.66752    -12.734749  0.673  0.001  0.017  0.003  0.009  0.005  0.000  0.017  0.003  0.728
   0.65301    -12.728358  0.672  0.001  0.017  0.004  0.009  0.006  0.000  0.018  0.003  0.728
   0.63850    -12.722910  0.674  0.001  0.017  0.003  0.009  0.006  0.000  0.018  0.003  0.729
   0.62399    -12.718415  0.674  0.001  0.017  0.003  0.009  0.006  0.000  0.018  0.003  0.730
   0.60948    -12.714887  0.673  0.001  0.017  0.003  0.009  0.006  0.000  0.018  0.003  0.730
   0.59497    -12.712333  0.673  0.001  0.017  0.003  0.009  0.006  0.000  0.017  0.003  0.730
   0.58046    -12.710760  0.674  0.001  0.017  0.003  0.009  0.006  0.000  0.017  0.003  0.730
   0.56594    -12.710169  0.674  0.000  0.016  0.002  0.008  0.006  0.000  0.018  0.002  0.729
   0.56594    -12.710169  0.674  0.000  0.016  0.002  0.008  0.006  0.000  0.018  0.002  0.729
   0.55143    -12.710567  0.674  0.001  0.017  0.003  0.008  0.006  0.000  0.018  0.002  0.729
   0.53692    -12.711949  0.673  0.001  0.017  0.003  0.008  0.006  0.000  0.018  0.002  0.730
   0.52241    -12.714312  0.673  0.001  0.017  0.003  0.008  0.006  0.000  0.018  0.002  0.730
   0.50790    -12.717652  0.674  0.001  0.017  0.003  0.008  0.006  0.000  0.018  0.002  0.730
   0.49339    -12.721962  0.674  0.001  0.017  0.003  0.008  0.006  0.000  0.017  0.002  0.730
   0.47888    -12.727227  0.672  0.001  0.017  0.004  0.009  0.006  0.000  0.017  0.003  0.728
   0.46436    -12.733440  0.673  0.001  0.017  0.003  0.009  0.006  0.000  0.017  0.003  0.728
   0.44985    -12.740584  0.673  0.001  0.017  0.003  0.009  0.006  0.000  0.017  0.003  0.728
   0.43534    -12.748642  0.671  0.001  0.017  0.003  0.009  0.006  0.000  0.017  0.003  0.727
   0.42083    -12.757597  0.672  0.001  0.017  0.004  0.008  0.005  0.000  0.016  0.003  0.726
   0.40632    -12.767425  0.670  0.001  0.016  0.004  0.008  0.005  0.000  0.016  0.003  0.727
   0.39181    -12.778103  0.671  0.001  0.016  0.004  0.008  0.005  0.000  0.016  0.003  0.725
   0.37730    -12.789609  0.669  0.001  0.016  0.004  0.008  0.005  0.000  0.016  0.003  0.725
   0.36278    -12.801916  0.671  0.002  0.016  0.005  0.008  0.005  0.000  0.015  0.003  0.723
   0.34827    -12.814996  0.669  0.002  0.016  0.005  0.008  0.005  0.000  0.015  0.003  0.722
   0.33376    -12.828818  0.667  0.002  0.016  0.005  0.008  0.005  0.000  0.015  0.003  0.722
   0.31925    -12.843352  0.668  0.002  0.016  0.005  0.008  0.005  0.000  0.015  0.003  0.720
   0.30474    -12.858567  0.667  0.002  0.015  0.006  0.007  0.005  0.000  0.015  0.003  0.720
   0.29023    -12.874429  0.666  0.002  0.014  0.006  0.007  0.005  0.000  0.014  0.003  0.718
   0.27572    -12.890904  0.665  0.002  0.014  0.006  0.006  0.005  0.000  0.014  0.002  0.717
   0.26120    -12.907956  0.665  0.002  0.016  0.006  0.006  0.005  0.000  0.014  0.002  0.715
   0.24669    -12.925552  0.664  0.002  0.016  0.007  0.006  0.005  0.000  0.014  0.002  0.715
   0.23218    -12.943652  0.663  0.002  0.016  0.007  0.006  0.004  0.000  0.013  0.002  0.713
   0.21767    -12.962219  0.662  0.002  0.016  0.007  0.006  0.004  0.000  0.013  0.002  0.713
   0.20316    -12.981218  0.661  0.002  0.015  0.008  0.006  0.004  0.000  0.012  0.002  0.711
   0.18865    -13.000609  0.660  0.002  0.015  0.008  0.005  0.004  0.000  0.012  0.001  0.710
   0.17414    -13.020355  0.660  0.003  0.014  0.009  0.005  0.004  0.000  0.012  0.001  0.709
   0.15963    -13.040417  0.659  0.003  0.014  0.009  0.005  0.004  0.000  0.011  0.001  0.708
   0.14511    -13.060758  0.659  0.003  0.014  0.009  0.005  0.004  0.000  0.011  0.001  0.706
   0.13060    -13.081339  0.657  0.003  0.014  0.009  0.005  0.004  0.000  0.011  0.001  0.705
   0.11609    -13.102122  0.657  0.003  0.014  0.009  0.005  0.004  0.000  0.011  0.001  0.703
   0.10158    -13.123070  0.655  0.003  0.013  0.009  0.005  0.003  0.000  0.010  0.001  0.702
   0.08707    -13.144145  0.655  0.004  0.012  0.011  0.005  0.003  0.000  0.009  0.001  0.701
   0.07256    -13.165309  0.653  0.004  0.012  0.011  0.005  0.003  0.000  0.009  0.001  0.699
   0.05805    -13.186527  0.653  0.004  0.012  0.013  0.004  0.003  0.000  0.009  0.001  0.699
   0.04353    -13.207755  0.653  0.004  0.012  0.013  0.004  0.003  0.000  0.009  0.001  0.697
   0.02902    -13.228955  0.652  0.004  0.012  0.013  0.003  0.003  0.000  0.009  0.001  0.697
   0.01451    -13.250049  0.652  0.004  0.011  0.014  0.003  0.002  0.000  0.008  0.001  0.693
   0.00000    -13.269720  0.650  0.004  0.010  0.014  0.003  0.003  0.000  0.008  0.001  0.693
 
# Band-Index:    3
   0.00000     -5.885969  0.127  0.060  0.101  0.181  0.053  0.010  0.001  0.029  0.018  0.579
   0.01451     -5.872536  0.125  0.060  0.106  0.180  0.055  0.008  0.001  0.025  0.018  0.578
   0.02902     -5.883648  0.128  0.062  0.103  0.185  0.047  0.006  0.002  0.020  0.015  0.569
   0.04353     -5.898691  0.127  0.062  0.104  0.185  0.046  0.007  0.003  0.019  0.015  0.568
   0.05805     -5.912935  0.127  0.062  0.104  0.186  0.046  0.006  0.003  0.017  0.015  0.566
   0.07256     -5.926185  0.127  0.063  0.105  0.187  0.045  0.006  0.004  0.016  0.015  0.564
   0.08707     -5.938375  0.127  0.063  0.105  0.186  0.044  0.005  0.003  0.014  0.015  0.563
   0.10158     -5.949452  0.125  0.063  0.107  0.187  0.043  0.005  0.004  0.013  0.015  0.561
   0.11609     -5.959378  0.125  0.062  0.107  0.187  0.042  0.004  0.004  0.012  0.014  0.560
   0.13060     -5.968116  0.126  0.061  0.106  0.186  0.042  0.004  0.005  0.011  0.014  0.559
   0.14511     -5.975629  0.124  0.062  0.108  0.187  0.041  0.004  0.005  0.010  0.014  0.558
   0.15963     -5.981895  0.124  0.062  0.108  0.188  0.040  0.004  0.006  0.010  0.014  0.556
   0.17414     -5.986886  0.125  0.062  0.108  0.187  0.039  0.003  0.007  0.009  0.013  0.555
   0.18865     -5.990578  0.126  0.062  0.109  0.187  0.039  0.003  0.008  0.008  0.013  0.555
   0.20316     -5.992955  0.124  0.062  0.109  0.187  0.038  0.003  0.008  0.008  0.013  0.552
   0.21767     -5.994000  0.124  0.063  0.109  0.188  0.037  0.003  0.009  0.007  0.013  0.553
   0.23218     -5.993706  0.125  0.063  0.109  0.188  0.036  0.002  0.010  0.006  0.012  0.552
   0.24669     -5.992064  0.125  0.063  0.108  0.189  0.035  0.002  0.011  0.007  0.012  0.552
   0.26120     -5.989069  0.126  0.063  0.108  0.189  0.034  0.002  0.012  0.007  0.011  0.551
   0.27572     -5.984737  0.127  0.063  0.108  0.189  0.033  0.002  0.014  0.006  0.011  0.550
   0.29023     -5.979075  0.125  0.063  0.105  0.189  0.032  0.002  0.014  0.006  0.010  0.550
   0.30474     -5.972103  0.126  0.063  0.105  0.190  0.031  0.002  0.015  0.006  0.010  0.551
   0.31925     -5.963843  0.126  0.063  0.103  0.192  0.030  0.002  0.016  0.007  0.010  0.552
   0.33376     -5.954336  0.128  0.063  0.103  0.192  0.029  0.002  0.017  0.007  0.010  0.551
   0.34827     -5.943629  0.128  0.065  0.101  0.194  0.028  0.002  0.018  0.007  0.009  0.551
   0.36278     -5.931784  0.131  0.065  0.099  0.193  0.026  0.003  0.019  0.009  0.009  0.552
   0.37730     -5.918881  0.132  0.065  0.094  0.195  0.026  0.003  0.020  0.009  0.009  0.554
   0.39181     -5.905023  0.133  0.065  0.090  0.197  0.025  0.004  0.021  0.011  0.009  0.555
   0.40632     -5.890331  0.135  0.067  0.086  0.200  0.023  0.004  0.023  0.012  0.007  0.557
   0.42083     -5.874962  0.138  0.067  0.081  0.202  0.023  0.004  0.024  0.013  0.007  0.559
   0.43534     -5.859112  0.140  0.068  0.075  0.205  0.021  0.005  0.025  0.015  0.007  0.562
   0.44985     -5.843029  0.142  0.070  0.067  0.208  0.021  0.006  0.026  0.017  0.007  0.564
   0.46436     -5.827020  0.145  0.071  0.058  0.213  0.019  0.007  0.027  0.020  0.007  0.567
   0.47888     -5.811470  0.149  0.071  0.048  0.217  0.019  0.008  0.028  0.023  0.007  0.569
   0.49339     -5.796852  0.152  0.073  0.038  0.222  0.018  0.008  0.030  0.026  0.006  0.573
   0.50790     -5.783727  0.154  0.077  0.028  0.227  0.016  0.010  0.031  0.028  0.005  0.576
   0.52241     -5.772732  0.158  0.078  0.020  0.232  0.016  0.010  0.032  0.031  0.005  0.580
   0.53692     -5.764518  0.162  0.078  0.011  0.235  0.015  0.011  0.033  0.033  0.005  0.583
   0.55143     -5.759656  0.162  0.079  0.005  0.238  0.016  0.012  0.033  0.035  0.006  0.585
   0.56594     -5.758510  0.162  0.079  0.004  0.238  0.015  0.011  0.034  0.035  0.005  0.586
   0.56594     -5.758510  0.162  0.079  0.004  0.238  0.015  0.011  0.034  0.035  0.005  0.586
   0.58046     -5.761148  0.162  0.078  0.009  0.235  0.015  0.011  0.034  0.035  0.005  0.585
   0.59497     -5.767320  0.159  0.077  0.015  0.231  0.016  0.011  0.034  0.032  0.005  0.583
   0.60948     -5.776540  0.157  0.076  0.025  0.229  0.016  0.010  0.034  0.030  0.005  0.580
   0.62399     -5.788209  0.154  0.075  0.036  0.223  0.016  0.009  0.033  0.027  0.005  0.576
   0.63850     -5.801714  0.149  0.073  0.046  0.217  0.017  0.008  0.032  0.024  0.005  0.573
   0.65301     -5.816490  0.148  0.071  0.054  0.214  0.018  0.007  0.031  0.021  0.006  0.569
   0.66752     -5.832054  0.144  0.070  0.062  0.209  0.019  0.006  0.030  0.018  0.007  0.567
   0.68203     -5.848000  0.142  0.068  0.070  0.206  0.020  0.005  0.029  0.016  0.007  0.565
   0.69655     -5.863998  0.139  0.068  0.077  0.203  0.021  0.005  0.028  0.014  0.007  0.562
   0.71106     -5.879778  0.137  0.067  0.083  0.200  0.023  0.004  0.027  0.012  0.008  0.560
   0.72557     -5.895122  0.135  0.067  0.088  0.198  0.023  0.004  0.025  0.010  0.008  0.557
   0.74008     -5.909851  0.133  0.065  0.092  0.197  0.024  0.004  0.024  0.010  0.008  0.556
   0.75459     -5.923822  0.132  0.065  0.096  0.195  0.026  0.002  0.023  0.008  0.008  0.554
   0.76910     -5.936920  0.131  0.065  0.099  0.193  0.027  0.002  0.021  0.007  0.009  0.553
   0.78361     -5.949046  0.131  0.063  0.101  0.191  0.028  0.002  0.020  0.007  0.009  0.552
   0.79813     -5.960123  0.129  0.063  0.102  0.191  0.029  0.002  0.019  0.006  0.009  0.553
   0.81264     -5.970090  0.126  0.063  0.105  0.189  0.030  0.002  0.018  0.006  0.010  0.553
   0.82715     -5.978898  0.126  0.063  0.105  0.189  0.032  0.002  0.017  0.006  0.011  0.553
   0.84166     -5.986505  0.127  0.063  0.107  0.189  0.033  0.002  0.016  0.006  0.011  0.552
   0.85617     -5.992890  0.126  0.063  0.108  0.189  0.034  0.002  0.014  0.007  0.012  0.552
   0.87068     -5.998028  0.126  0.063  0.108  0.189  0.035  0.002  0.013  0.006  0.012  0.552
   0.88519     -6.001912  0.126  0.063  0.108  0.188  0.036  0.003  0.012  0.007  0.012  0.553
   0.89971     -6.004524  0.124  0.063  0.108  0.188  0.037  0.003  0.011  0.007  0.013  0.553
   0.91422     -6.005866  0.124  0.062  0.109  0.187  0.038  0.003  0.010  0.008  0.013  0.554
   0.92873     -6.005946  0.124  0.062  0.109  0.187  0.039  0.003  0.009  0.009  0.013  0.556
   0.94324     -6.004770  0.123  0.062  0.107  0.186  0.041  0.004  0.008  0.010  0.014  0.557
   0.95775     -6.002352  0.125  0.062  0.107  0.186  0.042  0.004  0.007  0.011  0.014  0.558
   0.97226     -5.998706  0.125  0.062  0.108  0.185  0.043  0.004  0.007  0.012  0.015  0.559
   0.98677     -5.993854  0.124  0.062  0.108  0.186  0.044  0.005  0.006  0.013  0.015  0.560
   1.00128     -5.987823  0.124  0.061  0.106  0.186  0.045  0.005  0.005  0.014  0.015  0.562
   1.01580     -5.980633  0.125  0.061  0.106  0.185  0.046  0.005  0.004  0.015  0.016  0.564
   1.03031     -5.972318  0.125  0.061  0.105  0.184  0.047  0.006  0.004  0.017  0.015  0.566
   1.04482     -5.962912  0.124  0.061  0.105  0.184  0.047  0.006  0.003  0.019  0.015  0.567
   1.05933     -5.952447  0.124  0.061  0.105  0.184  0.048  0.007  0.003  0.020  0.016  0.569
   1.07384     -5.940968  0.126  0.061  0.103  0.184  0.049  0.007  0.002  0.022  0.016  0.571
   1.08835     -5.928513  0.126  0.062  0.103  0.183  0.050  0.008  0.002  0.023  0.017  0.572
   1.10286     -5.915137  0.125  0.062  0.101  0.183  0.051  0.008  0.001  0.025  0.017  0.576
   1.11738     -5.900904  0.126  0.061  0.102  0.183  0.052  0.008  0.001  0.026  0.018  0.577
   1.13189     -5.885969  0.127  0.060  0.101  0.181  0.053  0.010  0.001  0.029  0.018  0.579
 
# Band-Index:    4
   1.13189     -5.849187  0.130  0.062  0.100  0.186  0.046  0.009  0.001  0.025  0.015  0.574
   1.11738     -5.831412  0.131  0.062  0.100  0.186  0.047  0.008  0.001  0.025  0.016  0.575
   1.10286     -5.812714  0.130  0.063  0.099  0.186  0.047  0.009  0.001  0.027  0.016  0.577
   1.08835     -5.793256  0.130  0.062  0.099  0.185  0.047  0.010  0.001  0.029  0.016  0.579
   1.07384     -5.773128  0.130  0.062  0.098  0.185  0.048  0.010  0.001  0.030  0.016  0.582
   1.05933     -5.752402  0.132  0.062  0.098  0.184  0.048  0.011  0.001  0.033  0.016  0.583
   1.04482     -5.731161  0.132  0.061  0.096  0.184  0.049  0.011  0.001  0.034  0.016  0.586
   1.03031     -5.709478  0.133  0.061  0.096  0.183  0.048  0.013  0.001  0.037  0.016  0.587
   1.01580     -5.687435  0.133  0.061  0.097  0.182  0.048  0.013  0.001  0.038  0.016  0.590
   1.00128     -5.665122  0.135  0.061  0.095  0.181  0.049  0.014  0.002  0.040  0.016  0.592
   0.98677     -5.642626  0.136  0.060  0.095  0.181  0.048  0.014  0.002  0.043  0.016  0.594
   0.97226     -5.620048  0.136  0.060  0.095  0.180  0.048  0.015  0.003  0.045  0.016  0.596
   0.95775     -5.597494  0.136  0.060  0.095  0.179  0.047  0.015  0.003  0.047  0.016  0.599
   0.94324     -5.575066  0.137  0.059  0.095  0.178  0.047  0.017  0.004  0.049  0.016  0.601
   0.92873     -5.552886  0.138  0.059  0.097  0.175  0.046  0.017  0.005  0.051  0.016  0.604
   0.91422     -5.531079  0.138  0.059  0.097  0.175  0.046  0.018  0.006  0.053  0.016  0.605
   0.89971     -5.509787  0.139  0.057  0.098  0.172  0.044  0.018  0.007  0.054  0.014  0.608
   0.88519     -5.489141  0.140  0.056  0.100  0.169  0.044  0.018  0.009  0.057  0.014  0.608
   0.87068     -5.469300  0.141  0.056  0.102  0.167  0.042  0.020  0.010  0.059  0.014  0.610
   0.85617     -5.450431  0.141  0.054  0.105  0.164  0.041  0.020  0.011  0.060  0.014  0.612
   0.84166     -5.432707  0.142  0.054  0.108  0.161  0.040  0.020  0.013  0.060  0.013  0.611
   0.82715     -5.416311  0.143  0.052  0.114  0.157  0.038  0.021  0.015  0.062  0.013  0.613
   0.81264     -5.401442  0.142  0.050  0.119  0.153  0.037  0.021  0.017  0.062  0.013  0.614
   0.79813     -5.388294  0.143  0.048  0.124  0.147  0.035  0.021  0.020  0.062  0.012  0.612
   0.78361     -5.377070  0.142  0.047  0.133  0.143  0.033  0.020  0.022  0.060  0.011  0.613
   0.76910     -5.367963  0.143  0.045  0.142  0.135  0.031  0.020  0.025  0.060  0.010  0.612
   0.75459     -5.361147  0.141  0.044  0.152  0.129  0.029  0.019  0.027  0.057  0.009  0.608
   0.74008     -5.356771  0.139  0.040  0.163  0.121  0.027  0.018  0.030  0.054  0.009  0.605
   0.72557     -5.354934  0.138  0.037  0.178  0.113  0.025  0.017  0.033  0.051  0.008  0.602
   0.71106     -5.355658  0.135  0.036  0.193  0.106  0.022  0.015  0.035  0.047  0.007  0.596
   0.69655     -5.358880  0.133  0.033  0.208  0.097  0.020  0.014  0.038  0.042  0.006  0.591
   0.68203     -5.364440  0.129  0.030  0.224  0.088  0.019  0.012  0.040  0.037  0.007  0.586
   0.66752     -5.372047  0.126  0.027  0.242  0.081  0.017  0.010  0.041  0.031  0.006  0.579
   0.65301     -5.381288  0.121  0.024  0.259  0.072  0.016  0.009  0.042  0.025  0.006  0.573
   0.63850     -5.391631  0.116  0.021  0.277  0.063  0.015  0.006  0.044  0.019  0.005  0.567
   0.62399     -5.402425  0.113  0.018  0.292  0.056  0.014  0.005  0.045  0.014  0.005  0.561
   0.60948     -5.412950  0.108  0.016  0.306  0.048  0.014  0.003  0.046  0.010  0.004  0.556
   0.59497     -5.422435  0.105  0.014  0.318  0.042  0.014  0.002  0.046  0.005  0.005  0.552
   0.58046     -5.430152  0.102  0.012  0.328  0.038  0.014  0.001  0.046  0.003  0.005  0.550
   0.56594     -5.435531  0.101  0.012  0.330  0.036  0.014  0.001  0.047  0.003  0.005  0.547
   0.56594     -5.435531  0.101  0.012  0.330  0.036  0.014  0.001  0.047  0.003  0.005  0.547
   0.55143     -5.438304  0.100  0.012  0.328  0.037  0.015  0.001  0.047  0.004  0.005  0.550
   0.53692     -5.438528  0.103  0.013  0.320  0.039  0.016  0.002  0.047  0.007  0.006  0.554
   0.52241     -5.436619  0.106  0.015  0.306  0.046  0.017  0.004  0.048  0.012  0.006  0.558
   0.50790     -5.433226  0.110  0.017  0.291  0.053  0.018  0.005  0.047  0.017  0.006  0.565
   0.49339     -5.429095  0.113  0.021  0.273  0.062  0.019  0.008  0.046  0.025  0.006  0.571
   0.47888     -5.424939  0.117  0.023  0.254  0.071  0.021  0.010  0.045  0.031  0.006  0.579
   0.46436     -5.421392  0.121  0.027  0.237  0.079  0.023  0.013  0.043  0.037  0.007  0.587
   0.44985     -5.418961  0.126  0.029  0.220  0.086  0.025  0.014  0.042  0.044  0.008  0.594
   0.43534     -5.418022  0.129  0.033  0.203  0.096  0.027  0.017  0.039  0.049  0.009  0.599
   0.42083     -5.418834  0.131  0.034  0.187  0.103  0.030  0.018  0.037  0.054  0.010  0.605
   0.40632     -5.421533  0.134  0.037  0.174  0.111  0.032  0.019  0.034  0.059  0.010  0.610
   0.39181     -5.426177  0.135  0.038  0.161  0.116  0.035  0.021  0.032  0.063  0.011  0.613
   0.37730     -5.432755  0.135  0.042  0.150  0.125  0.037  0.022  0.029  0.065  0.012  0.616
   0.36278     -5.441194  0.137  0.043  0.142  0.129  0.039  0.022  0.027  0.068  0.013  0.620
   0.34827     -5.451387  0.136  0.045  0.133  0.136  0.042  0.023  0.024  0.069  0.014  0.621
   0.33376     -5.463204  0.138  0.046  0.125  0.139  0.044  0.023  0.021  0.069  0.015  0.621
   0.31925     -5.476501  0.137  0.048  0.119  0.145  0.045  0.023  0.019  0.070  0.015  0.622
   0.30474     -5.491128  0.136  0.050  0.115  0.149  0.047  0.023  0.017  0.070  0.016  0.623
   0.29023     -5.506934  0.137  0.050  0.109  0.153  0.049  0.023  0.015  0.069  0.016  0.621
   0.27572     -5.523769  0.137  0.052  0.106  0.156  0.050  0.023  0.013  0.068  0.017  0.620
   0.26120     -5.541491  0.136  0.052  0.104  0.159  0.051  0.022  0.011  0.067  0.017  0.620
   0.24669     -5.559963  0.135  0.054  0.101  0.161  0.052  0.022  0.009  0.065  0.017  0.618
   0.23218     -5.579053  0.135  0.055  0.099  0.164  0.052  0.021  0.008  0.064  0.017  0.616
   0.21767     -5.598630  0.134  0.055  0.098  0.166  0.054  0.021  0.006  0.062  0.018  0.615
   0.20316     -5.618593  0.134  0.056  0.098  0.169  0.054  0.019  0.006  0.059  0.018  0.613
   0.18865     -5.638824  0.133  0.057  0.097  0.170  0.055  0.019  0.005  0.058  0.018  0.609
   0.17414     -5.659217  0.133  0.057  0.095  0.171  0.055  0.018  0.004  0.056  0.018  0.608
   0.15963     -5.679670  0.132  0.058  0.095  0.173  0.054  0.018  0.003  0.053  0.018  0.606
   0.14511     -5.700097  0.132  0.058  0.095  0.174  0.055  0.017  0.003  0.051  0.018  0.603
   0.13060     -5.720408  0.131  0.058  0.095  0.175  0.055  0.016  0.002  0.048  0.018  0.601
   0.11609     -5.740514  0.130  0.059  0.095  0.177  0.055  0.016  0.002  0.046  0.019  0.598
   0.10158     -5.760337  0.130  0.059  0.096  0.178  0.054  0.015  0.001  0.044  0.018  0.596
   0.08707     -5.779800  0.129  0.059  0.097  0.178  0.054  0.013  0.001  0.042  0.018  0.593
   0.07256     -5.798824  0.129  0.059  0.097  0.179  0.054  0.013  0.001  0.040  0.018  0.591
   0.05805     -5.817336  0.129  0.060  0.096  0.180  0.053  0.012  0.001  0.037  0.017  0.589
   0.04353     -5.835237  0.127  0.060  0.097  0.181  0.053  0.012  0.001  0.036  0.018  0.586
   0.02902     -5.852322  0.128  0.060  0.098  0.182  0.052  0.011  0.001  0.034  0.017  0.584
   0.01451     -5.863843  0.131  0.063  0.097  0.188  0.044  0.010  0.001  0.029  0.015  0.574
   0.00000     -5.849187  0.130  0.062  0.100  0.186  0.046  0.009  0.001  0.025  0.015  0.574
 
# Band-Index:    5
   0.00000     -3.739127  0.000  0.232  0.000  0.078  0.024  0.265  0.000  0.088  0.073  0.759
   0.01451     -3.745164  0.000  0.232  0.000  0.078  0.024  0.263  0.000  0.087  0.073  0.758
   0.02902     -3.752935  0.000  0.233  0.000  0.079  0.024  0.262  0.000  0.087  0.073  0.757
   0.04353     -3.762082  0.000  0.233  0.000  0.079  0.024  0.262  0.000  0.087  0.073  0.758
   0.05805     -3.772275  0.000  0.233  0.000  0.078  0.024  0.262  0.000  0.087  0.073  0.757
   0.07256     -3.783222  0.000  0.233  0.000  0.078  0.024  0.262  0.000  0.087  0.073  0.757
   0.08707     -3.794692  0.000  0.232  0.000  0.078  0.024  0.263  0.000  0.086  0.073  0.757
   0.10158     -3.806494  0.000  0.230  0.000  0.080  0.024  0.265  0.000  0.086  0.073  0.758
   0.11609     -3.818483  0.000  0.225  0.000  0.082  0.023  0.268  0.000  0.084  0.074  0.758
   0.13060     -3.838103  0.007  0.032  0.269  0.127  0.003  0.021  0.137  0.037  0.002  0.633
   0.14511     -3.870753  0.008  0.038  0.269  0.125  0.002  0.014  0.133  0.037  0.001  0.627
   0.15963     -3.904805  0.008  0.040  0.268  0.129  0.001  0.012  0.128  0.033  0.001  0.620
   0.17414     -3.940132  0.009  0.044  0.267  0.132  0.001  0.010  0.123  0.029  0.000  0.613
   0.18865     -3.976595  0.009  0.045  0.267  0.137  0.000  0.008  0.117  0.025  0.000  0.607
   0.20316     -4.014059  0.009  0.045  0.266  0.141  0.000  0.007  0.111  0.021  0.000  0.601
   0.21767     -4.052340  0.009  0.047  0.265  0.145  0.000  0.006  0.106  0.017  0.000  0.598
   0.23218     -4.091280  0.010  0.050  0.262  0.150  0.001  0.004  0.100  0.014  0.000  0.592
   0.24669     -4.130679  0.010  0.052  0.259  0.154  0.002  0.004  0.094  0.012  0.000  0.587
   0.26120     -4.170333  0.010  0.052  0.254  0.161  0.003  0.003  0.088  0.009  0.001  0.582
   0.27572     -4.210041  0.010  0.054  0.252  0.165  0.005  0.003  0.081  0.007  0.002  0.578
   0.29023     -4.249572  0.010  0.056  0.245  0.171  0.006  0.002  0.075  0.006  0.002  0.576
   0.30474     -4.288692  0.010  0.058  0.240  0.176  0.009  0.002  0.070  0.005  0.003  0.572
   0.31925     -4.327159  0.012  0.060  0.234  0.181  0.011  0.001  0.064  0.005  0.003  0.571
   0.33376     -4.364721  0.012  0.062  0.228  0.187  0.013  0.002  0.059  0.005  0.004  0.570
   0.34827     -4.401124  0.012  0.063  0.220  0.192  0.016  0.002  0.053  0.005  0.006  0.569
   0.36278     -4.436111  0.012  0.067  0.211  0.198  0.019  0.002  0.046  0.007  0.006  0.569
   0.37730     -4.469425  0.011  0.069  0.201  0.205  0.022  0.002  0.041  0.009  0.007  0.570
   0.39181     -4.500826  0.013  0.070  0.193  0.212  0.024  0.004  0.036  0.011  0.008  0.570
   0.40632     -4.530093  0.013  0.073  0.180  0.217  0.028  0.005  0.031  0.015  0.010  0.572
   0.42083     -4.557022  0.015  0.074  0.170  0.224  0.031  0.006  0.026  0.019  0.010  0.576
   0.43534     -4.581456  0.015  0.076  0.158  0.232  0.034  0.007  0.022  0.022  0.011  0.578
   0.44985     -4.603289  0.017  0.079  0.145  0.236  0.037  0.009  0.018  0.028  0.013  0.582
   0.46436     -4.622460  0.018  0.080  0.135  0.242  0.039  0.011  0.014  0.032  0.013  0.585
   0.47888     -4.638955  0.020  0.083  0.124  0.248  0.042  0.013  0.012  0.037  0.014  0.590
   0.49339     -4.652828  0.021  0.085  0.113  0.252  0.044  0.014  0.010  0.042  0.015  0.594
   0.50790     -4.664145  0.023  0.086  0.104  0.257  0.046  0.015  0.007  0.046  0.015  0.598
   0.52241     -4.673007  0.024  0.087  0.097  0.259  0.047  0.017  0.006  0.050  0.015  0.600
   0.53692     -4.679522  0.023  0.087  0.089  0.263  0.047  0.018  0.005  0.052  0.015  0.603
   0.55143     -4.683783  0.024  0.089  0.087  0.266  0.048  0.018  0.005  0.055  0.016  0.605
   0.56594     -4.685855  0.026  0.088  0.083  0.265  0.048  0.019  0.005  0.056  0.016  0.607
   0.56594     -4.685855  0.026  0.088  0.083  0.265  0.048  0.019  0.005  0.056  0.016  0.607
   0.58046     -4.685765  0.026  0.088  0.083  0.267  0.048  0.019  0.005  0.056  0.016  0.607
   0.59497     -4.683497  0.025  0.089  0.085  0.265  0.047  0.018  0.006  0.055  0.015  0.607
   0.60948     -4.678986  0.023  0.088  0.089  0.264  0.046  0.018  0.006  0.054  0.015  0.605
   0.62399     -4.672127  0.023  0.087  0.094  0.262  0.045  0.017  0.008  0.052  0.015  0.602
   0.63850     -4.662777  0.023  0.086  0.101  0.259  0.044  0.016  0.010  0.048  0.014  0.599
   0.65301     -4.650782  0.020  0.084  0.111  0.255  0.042  0.014  0.012  0.045  0.014  0.596
   0.66752     -4.636004  0.019  0.083  0.120  0.249  0.040  0.013  0.015  0.039  0.013  0.592
   0.68203     -4.618309  0.016  0.082  0.132  0.244  0.037  0.012  0.018  0.035  0.013  0.589
   0.69655     -4.597627  0.016  0.079  0.145  0.238  0.035  0.010  0.021  0.031  0.011  0.584
   0.71106     -4.573949  0.014  0.077  0.156  0.231  0.031  0.008  0.025  0.026  0.011  0.581
   0.72557     -4.547324  0.014  0.074  0.169  0.223  0.029  0.007  0.030  0.023  0.009  0.578
   0.74008     -4.517873  0.013  0.071  0.181  0.217  0.026  0.006  0.034  0.018  0.009  0.575
   0.75459     -4.485783  0.012  0.070  0.193  0.209  0.023  0.005  0.039  0.016  0.007  0.574
   0.76910     -4.451275  0.011  0.066  0.203  0.202  0.020  0.004  0.044  0.013  0.007  0.573
   0.78361     -4.414595  0.011  0.065  0.212  0.195  0.018  0.004  0.048  0.011  0.006  0.572
   0.79813     -4.376017  0.012  0.063  0.223  0.189  0.016  0.003  0.054  0.010  0.005  0.572
   0.81264     -4.335815  0.012  0.061  0.231  0.182  0.012  0.003  0.059  0.009  0.004  0.572
   0.82715     -4.294262  0.011  0.057  0.238  0.176  0.010  0.003  0.064  0.009  0.003  0.575
   0.84166     -4.251625  0.011  0.055  0.245  0.171  0.008  0.003  0.069  0.009  0.003  0.577
   0.85617     -4.208160  0.011  0.055  0.251  0.165  0.007  0.004  0.074  0.010  0.003  0.580
   0.87068     -4.164114  0.012  0.053  0.256  0.159  0.005  0.003  0.079  0.011  0.001  0.583
   0.88519     -4.119728  0.011  0.051  0.259  0.155  0.004  0.004  0.084  0.013  0.001  0.585
   0.89971     -4.075213  0.011  0.049  0.264  0.151  0.003  0.005  0.089  0.015  0.001  0.590
   0.91422     -4.030782  0.011  0.048  0.267  0.147  0.002  0.006  0.095  0.017  0.001  0.593
   0.92873     -3.986651  0.011  0.048  0.271  0.142  0.002  0.007  0.100  0.019  0.000  0.598
   0.94324     -3.942990  0.011  0.045  0.274  0.137  0.001  0.008  0.105  0.022  0.000  0.602
   0.95775     -3.899999  0.011  0.043  0.277  0.133  0.002  0.008  0.110  0.025  0.000  0.608
   0.97226     -3.857836  0.011  0.043  0.278  0.130  0.001  0.009  0.115  0.027  0.001  0.612
   0.98677     -3.816667  0.010  0.039  0.279  0.127  0.002  0.011  0.119  0.029  0.001  0.618
   1.00128     -3.780060  0.000  0.199  0.005  0.092  0.023  0.283  0.002  0.086  0.072  0.764
   1.01580     -3.769190  0.000  0.219  0.000  0.075  0.025  0.281  0.000  0.093  0.074  0.766
   1.03031     -3.759230  0.000  0.221  0.000  0.075  0.024  0.279  0.000  0.093  0.073  0.766
   1.04482     -3.750423  0.000  0.223  0.000  0.075  0.024  0.277  0.000  0.093  0.073  0.766
   1.05933     -3.743116  0.000  0.224  0.000  0.075  0.024  0.276  0.000  0.092  0.073  0.764
   1.07384     -3.737671  0.000  0.224  0.000  0.076  0.024  0.274  0.000  0.091  0.073  0.763
   1.08835     -3.734410  0.000  0.228  0.000  0.076  0.024  0.271  0.000  0.090  0.073  0.762
   1.10286     -3.733556  0.000  0.228  0.000  0.077  0.024  0.269  0.000  0.089  0.073  0.760
   1.11738     -3.735172  0.000  0.230  0.000  0.076  0.024  0.268  0.000  0.088  0.072  0.760
   1.13189     -3.739127  0.000  0.232  0.000  0.078  0.024  0.265  0.000  0.088  0.073  0.759
 
# Band-Index:    6
   1.13189     -3.618079  0.002  0.027  0.255  0.082  0.039  0.029  0.160  0.087  0.013  0.696
   1.11738     -3.602303  0.002  0.026  0.254  0.078  0.044  0.030  0.161  0.091  0.014  0.701
   1.10286     -3.588328  0.002  0.023  0.251  0.076  0.050  0.031  0.162  0.094  0.016  0.708
   1.08835     -3.577788  0.003  0.024  0.256  0.076  0.048  0.030  0.166  0.089  0.016  0.706
   1.07384     -3.598371  0.007  0.034  0.279  0.101  0.016  0.017  0.148  0.052  0.005  0.658
   1.05933     -3.630505  0.008  0.034  0.280  0.105  0.011  0.015  0.142  0.048  0.004  0.649
   1.04482     -3.664661  0.009  0.037  0.280  0.109  0.009  0.014  0.138  0.045  0.003  0.643
   1.03031     -3.700497  0.010  0.038  0.280  0.112  0.007  0.013  0.134  0.042  0.002  0.637
   1.01580     -3.737849  0.009  0.040  0.281  0.114  0.005  0.012  0.129  0.039  0.002  0.630
   1.00128     -3.776546  0.010  0.061  0.275  0.102  0.004  0.010  0.122  0.042  0.003  0.627
   0.98677     -3.791368  0.000  0.221  0.000  0.069  0.024  0.282  0.000  0.095  0.074  0.768
   0.97226     -3.803160  0.000  0.219  0.000  0.071  0.025  0.284  0.000  0.095  0.073  0.769
   0.95775     -3.815171  0.000  0.219  0.000  0.071  0.024  0.285  0.000  0.096  0.074  0.769
   0.94324     -3.827273  0.000  0.216  0.000  0.071  0.025  0.286  0.000  0.096  0.074  0.770
   0.92873     -3.839360  0.000  0.215  0.000  0.071  0.025  0.288  0.000  0.096  0.074  0.769
   0.91422     -3.851349  0.000  0.215  0.000  0.071  0.024  0.289  0.000  0.096  0.074  0.770
   0.89971     -3.863174  0.000  0.214  0.000  0.070  0.025  0.289  0.000  0.097  0.075  0.771
   0.88519     -3.874773  0.000  0.214  0.000  0.070  0.025  0.290  0.000  0.096  0.075  0.771
   0.87068     -3.886102  0.000  0.214  0.000  0.070  0.024  0.291  0.000  0.097  0.075  0.772
   0.85617     -3.897123  0.000  0.213  0.000  0.070  0.025  0.291  0.000  0.097  0.075  0.772
   0.84166     -3.907802  0.000  0.210  0.000  0.070  0.025  0.292  0.000  0.098  0.075  0.771
   0.82715     -3.918114  0.000  0.210  0.000  0.070  0.025  0.293  0.000  0.098  0.076  0.772
   0.81264     -3.928030  0.000  0.210  0.000  0.070  0.026  0.293  0.000  0.098  0.076  0.772
   0.79813     -3.937532  0.000  0.210  0.000  0.070  0.025  0.294  0.000  0.098  0.076  0.772
   0.78361     -3.946601  0.000  0.210  0.000  0.070  0.025  0.294  0.000  0.098  0.076  0.773
   0.76910     -3.955219  0.000  0.209  0.000  0.070  0.025  0.295  0.000  0.099  0.076  0.774
   0.75459     -3.963376  0.000  0.209  0.000  0.070  0.025  0.294  0.000  0.099  0.077  0.774
   0.74008     -3.971058  0.000  0.209  0.000  0.070  0.026  0.295  0.000  0.098  0.076  0.774
   0.72557     -3.978257  0.000  0.209  0.000  0.070  0.025  0.295  0.000  0.098  0.077  0.774
   0.71106     -3.984958  0.000  0.208  0.000  0.069  0.025  0.295  0.000  0.099  0.077  0.774
   0.69655     -3.991153  0.000  0.208  0.000  0.069  0.025  0.295  0.000  0.099  0.077  0.775
   0.68203     -3.996837  0.000  0.208  0.000  0.069  0.025  0.295  0.000  0.098  0.077  0.773
   0.66752     -4.002003  0.000  0.209  0.000  0.069  0.026  0.295  0.000  0.099  0.077  0.774
   0.65301     -4.006644  0.000  0.209  0.000  0.069  0.026  0.295  0.000  0.098  0.078  0.774
   0.63850     -4.010757  0.000  0.208  0.000  0.069  0.026  0.296  0.000  0.099  0.077  0.774
   0.62399     -4.014334  0.000  0.208  0.000  0.069  0.025  0.295  0.000  0.099  0.078  0.774
   0.60948     -4.017375  0.000  0.208  0.000  0.069  0.025  0.295  0.000  0.098  0.077  0.774
   0.59497     -4.019876  0.000  0.209  0.000  0.070  0.025  0.294  0.000  0.099  0.077  0.774
   0.58046     -4.021834  0.000  0.209  0.000  0.070  0.026  0.295  0.000  0.098  0.078  0.774
   0.56594     -4.023247  0.000  0.208  0.000  0.070  0.026  0.294  0.000  0.098  0.077  0.773
   0.56594     -4.023247  0.000  0.208  0.000  0.070  0.026  0.294  0.000  0.098  0.077  0.773
   0.55143     -4.024114  0.000  0.209  0.000  0.070  0.026  0.294  0.000  0.098  0.077  0.773
   0.53692     -4.024435  0.000  0.209  0.000  0.070  0.026  0.293  0.000  0.098  0.078  0.773
   0.52241     -4.024208  0.000  0.209  0.000  0.070  0.026  0.293  0.000  0.098  0.077  0.772
   0.50790     -4.023436  0.000  0.210  0.000  0.070  0.026  0.293  0.000  0.098  0.077  0.772
   0.49339     -4.022120  0.000  0.210  0.000  0.070  0.025  0.292  0.000  0.097  0.078  0.771
   0.47888     -4.020258  0.000  0.209  0.000  0.069  0.025  0.291  0.000  0.098  0.077  0.772
   0.46436     -4.017856  0.000  0.212  0.000  0.070  0.025  0.290  0.000  0.097  0.077  0.772
   0.44985     -4.014915  0.000  0.212  0.000  0.070  0.025  0.290  0.000  0.097  0.077  0.772
   0.43534     -4.011439  0.000  0.213  0.000  0.070  0.025  0.289  0.000  0.096  0.078  0.770
   0.42083     -4.007432  0.000  0.213  0.000  0.070  0.026  0.288  0.000  0.097  0.077  0.770
   0.40632     -4.002897  0.000  0.213  0.000  0.070  0.026  0.287  0.000  0.096  0.077  0.770
   0.39181     -3.997837  0.000  0.214  0.000  0.070  0.026  0.286  0.000  0.096  0.077  0.770
   0.37730     -3.992266  0.000  0.215  0.000  0.070  0.026  0.285  0.000  0.095  0.076  0.769
   0.36278     -3.986185  0.000  0.216  0.000  0.071  0.026  0.284  0.000  0.095  0.076  0.768
   0.34827     -3.979605  0.000  0.216  0.000  0.073  0.026  0.283  0.000  0.094  0.076  0.767
   0.33376     -3.972530  0.000  0.217  0.000  0.073  0.025  0.282  0.000  0.094  0.076  0.768
   0.31925     -3.964973  0.000  0.217  0.000  0.073  0.025  0.281  0.000  0.094  0.076  0.767
   0.30474     -3.956943  0.000  0.220  0.000  0.073  0.025  0.280  0.000  0.093  0.075  0.765
   0.29023     -3.948451  0.000  0.220  0.000  0.073  0.025  0.279  0.000  0.093  0.075  0.766
   0.27572     -3.939515  0.000  0.221  0.000  0.074  0.025  0.278  0.000  0.092  0.075  0.766
   0.26120     -3.930149  0.000  0.221  0.000  0.074  0.025  0.276  0.000  0.092  0.075  0.764
   0.24669     -3.920370  0.000  0.223  0.000  0.074  0.025  0.275  0.000  0.092  0.075  0.764
   0.23218     -3.910198  0.000  0.225  0.000  0.074  0.025  0.274  0.000  0.092  0.075  0.763
   0.21767     -3.899652  0.000  0.225  0.000  0.074  0.025  0.272  0.000  0.091  0.075  0.762
   0.20316     -3.888767  0.000  0.226  0.000  0.075  0.024  0.271  0.000  0.091  0.074  0.761
   0.18865     -3.877568  0.000  0.228  0.000  0.075  0.024  0.269  0.000  0.090  0.074  0.762
   0.17414     -3.866093  0.000  0.229  0.000  0.075  0.024  0.268  0.000  0.090  0.075  0.761
   0.15963     -3.854386  0.000  0.230  0.000  0.075  0.025  0.266  0.000  0.090  0.074  0.759
   0.14511     -3.842498  0.000  0.232  0.000  0.074  0.025  0.264  0.000  0.090  0.073  0.759
   0.13060     -3.830483  0.000  0.239  0.000  0.068  0.026  0.257  0.000  0.095  0.072  0.758
   0.11609     -3.806893  0.007  0.044  0.268  0.107  0.008  0.012  0.142  0.052  0.001  0.640
   0.10158     -3.777310  0.006  0.040  0.267  0.107  0.009  0.016  0.146  0.054  0.002  0.647
   0.08707     -3.749356  0.007  0.037  0.265  0.103  0.013  0.018  0.149  0.059  0.003  0.655
   0.07256     -3.723108  0.006  0.035  0.264  0.100  0.016  0.020  0.152  0.064  0.005  0.662
   0.05805     -3.698593  0.004  0.033  0.264  0.097  0.020  0.022  0.155  0.068  0.006  0.669
   0.04353     -3.675826  0.003  0.032  0.261  0.093  0.024  0.023  0.157  0.073  0.008  0.675
   0.02902     -3.654828  0.003  0.030  0.259  0.089  0.028  0.025  0.159  0.078  0.009  0.683
   0.01451     -3.635581  0.003  0.029  0.257  0.085  0.034  0.027  0.160  0.083  0.011  0.690
   0.00000     -3.618079  0.002  0.027  0.255  0.082  0.039  0.029  0.160  0.087  0.013  0.696
 
# Band-Index:    7
   0.00000     -3.484750  0.005  0.024  0.274  0.092  0.029  0.026  0.154  0.060  0.012  0.678
   0.01451     -3.467432  0.000  0.264  0.000  0.100  0.017  0.218  0.001  0.062  0.064  0.725
   0.02902     -3.457651  0.000  0.269  0.000  0.094  0.019  0.214  0.000  0.067  0.062  0.727
   0.04353     -3.446022  0.000  0.270  0.000  0.094  0.019  0.214  0.000  0.068  0.061  0.728
   0.05805     -3.432873  0.000  0.270  0.000  0.092  0.019  0.213  0.000  0.068  0.062  0.727
   0.07256     -3.418499  0.000  0.270  0.000  0.092  0.019  0.212  0.000  0.068  0.062  0.727
   0.08707     -3.403154  0.000  0.273  0.000  0.094  0.019  0.210  0.000  0.067  0.061  0.724
   0.10158     -3.387041  0.000  0.274  0.000  0.095  0.019  0.209  0.000  0.067  0.061  0.724
   0.11609     -3.370332  0.000  0.275  0.000  0.096  0.018  0.207  0.000  0.065  0.061  0.722
   0.13060     -3.353173  0.000  0.275  0.000  0.098  0.018  0.206  0.000  0.062  0.062  0.721
   0.14511     -3.335711  0.000  0.261  0.004  0.112  0.012  0.214  0.002  0.048  0.067  0.720
   0.15963     -3.325558  0.003  0.010  0.257  0.066  0.092  0.038  0.149  0.076  0.037  0.729
   0.17414     -3.320655  0.003  0.015  0.257  0.057  0.102  0.032  0.146  0.082  0.036  0.732
   0.18865     -3.317048  0.003  0.015  0.257  0.055  0.110  0.030  0.143  0.084  0.038  0.735
   0.20316     -3.314640  0.003  0.015  0.256  0.052  0.118  0.030  0.139  0.084  0.040  0.737
   0.21767     -3.313351  0.003  0.014  0.255  0.047  0.124  0.029  0.136  0.084  0.042  0.739
   0.23218     -3.313109  0.003  0.014  0.256  0.045  0.131  0.030  0.131  0.085  0.044  0.740
   0.24669     -3.313800  0.003  0.014  0.257  0.044  0.138  0.029  0.126  0.084  0.046  0.742
   0.26120     -3.315360  0.003  0.014  0.256  0.041  0.145  0.029  0.120  0.084  0.049  0.741
   0.27572     -3.317715  0.003  0.012  0.257  0.039  0.152  0.028  0.115  0.084  0.051  0.743
   0.29023     -3.320794  0.003  0.012  0.258  0.039  0.158  0.028  0.108  0.084  0.053  0.743
   0.30474     -3.324527  0.003  0.012  0.258  0.037  0.166  0.027  0.102  0.082  0.055  0.744
   0.31925     -3.328858  0.003  0.010  0.261  0.036  0.171  0.028  0.095  0.082  0.057  0.744
   0.33376     -3.333727  0.004  0.011  0.262  0.034  0.178  0.027  0.088  0.081  0.060  0.743
   0.34827     -3.339083  0.004  0.011  0.263  0.032  0.184  0.027  0.081  0.080  0.062  0.743
   0.36278     -3.344877  0.003  0.011  0.266  0.030  0.191  0.027  0.073  0.079  0.063  0.742
   0.37730     -3.351063  0.003  0.009  0.267  0.029  0.196  0.026  0.066  0.079  0.066  0.743
   0.39181     -3.357603  0.003  0.009  0.270  0.027  0.202  0.026  0.058  0.078  0.067  0.741
   0.40632     -3.364458  0.003  0.010  0.271  0.025  0.207  0.026  0.051  0.078  0.069  0.740
   0.42083     -3.371589  0.003  0.008  0.275  0.024  0.212  0.026  0.044  0.077  0.071  0.740
   0.43534     -3.378962  0.003  0.008  0.276  0.024  0.218  0.026  0.036  0.077  0.073  0.739
   0.44985     -3.386533  0.002  0.008  0.277  0.023  0.222  0.025  0.030  0.077  0.074  0.738
   0.46436     -3.394268  0.001  0.008  0.280  0.022  0.225  0.025  0.024  0.077  0.075  0.738
   0.47888     -3.402122  0.001  0.006  0.282  0.020  0.230  0.025  0.018  0.077  0.077  0.737
   0.49339     -3.410057  0.001  0.006  0.283  0.021  0.233  0.025  0.013  0.077  0.078  0.736
   0.50790     -3.418022  0.001  0.006  0.284  0.018  0.236  0.025  0.008  0.077  0.079  0.736
   0.52241     -3.425975  0.001  0.006  0.284  0.017  0.238  0.025  0.005  0.077  0.079  0.735
   0.53692     -3.433858  0.001  0.006  0.285  0.018  0.240  0.025  0.002  0.077  0.080  0.736
   0.55143     -3.441623  0.001  0.004  0.285  0.015  0.241  0.026  0.001  0.078  0.081  0.735
   0.56594     -3.449209  0.000  0.005  0.285  0.016  0.243  0.026  0.000  0.079  0.080  0.736
   0.56594     -3.449209  0.000  0.005  0.285  0.016  0.243  0.026  0.000  0.079  0.080  0.736
   0.58046     -3.456571  0.000  0.005  0.285  0.016  0.242  0.026  0.001  0.079  0.081  0.735
   0.59497     -3.463645  0.000  0.005  0.285  0.014  0.242  0.026  0.001  0.080  0.081  0.737
   0.60948     -3.470384  0.000  0.005  0.283  0.014  0.241  0.027  0.003  0.081  0.080  0.738
   0.62399     -3.476737  0.000  0.004  0.283  0.014  0.241  0.027  0.006  0.082  0.080  0.738
   0.63850     -3.482664  0.001  0.004  0.280  0.014  0.238  0.028  0.009  0.084  0.079  0.739
   0.65301     -3.488121  0.001  0.004  0.279  0.014  0.236  0.029  0.013  0.085  0.079  0.741
   0.66752     -3.493087  0.001  0.005  0.275  0.016  0.233  0.029  0.018  0.087  0.077  0.742
   0.68203     -3.497530  0.001  0.005  0.274  0.015  0.230  0.029  0.022  0.089  0.077  0.743
   0.69655     -3.501445  0.001  0.005  0.270  0.015  0.226  0.031  0.028  0.091  0.075  0.744
   0.71106     -3.504821  0.001  0.007  0.269  0.017  0.222  0.031  0.034  0.093  0.074  0.746
   0.72557     -3.507671  0.001  0.006  0.266  0.016  0.218  0.032  0.041  0.096  0.073  0.748
   0.74008     -3.510007  0.002  0.006  0.262  0.018  0.213  0.032  0.046  0.097  0.071  0.749
   0.75459     -3.511856  0.003  0.006  0.259  0.020  0.208  0.034  0.053  0.100  0.069  0.750
   0.76910     -3.513250  0.003  0.006  0.257  0.019  0.203  0.034  0.059  0.102  0.068  0.753
   0.78361     -3.514228  0.003  0.008  0.254  0.021  0.198  0.035  0.066  0.104  0.066  0.753
   0.79813     -3.514844  0.003  0.008  0.251  0.023  0.191  0.036  0.072  0.107  0.064  0.754
   0.81264     -3.515155  0.003  0.007  0.248  0.025  0.185  0.037  0.079  0.108  0.062  0.755
   0.82715     -3.515225  0.003  0.009  0.247  0.026  0.180  0.036  0.085  0.110  0.060  0.755
   0.84166     -3.515128  0.003  0.009  0.244  0.028  0.174  0.037  0.091  0.112  0.058  0.756
   0.85617     -3.514934  0.003  0.009  0.243  0.030  0.167  0.038  0.097  0.113  0.055  0.756
   0.87068     -3.514727  0.003  0.011  0.242  0.031  0.160  0.038  0.103  0.114  0.053  0.756
   0.88519     -3.514594  0.003  0.011  0.239  0.034  0.154  0.039  0.108  0.115  0.051  0.755
   0.89971     -3.514625  0.003  0.011  0.238  0.036  0.147  0.039  0.113  0.116  0.049  0.756
   0.91422     -3.514900  0.003  0.013  0.238  0.038  0.140  0.039  0.119  0.117  0.047  0.754
   0.92873     -3.515543  0.003  0.014  0.237  0.040  0.133  0.039  0.124  0.117  0.044  0.753
   0.94324     -3.516643  0.003  0.014  0.238  0.042  0.126  0.040  0.128  0.117  0.042  0.750
   0.95775     -3.518295  0.002  0.016  0.238  0.045  0.119  0.039  0.133  0.117  0.040  0.748
   0.97226     -3.520599  0.002  0.015  0.239  0.047  0.112  0.039  0.137  0.116  0.037  0.746
   0.98677     -3.523664  0.002  0.015  0.239  0.052  0.104  0.039  0.141  0.115  0.035  0.744
   1.00128     -3.527594  0.003  0.018  0.239  0.054  0.097  0.039  0.145  0.114  0.033  0.740
   1.01580     -3.532477  0.003  0.018  0.240  0.057  0.090  0.038  0.148  0.112  0.030  0.736
   1.03031     -3.538417  0.003  0.018  0.242  0.060  0.084  0.037  0.150  0.110  0.028  0.732
   1.04482     -3.545486  0.003  0.020  0.244  0.062  0.076  0.036  0.152  0.107  0.025  0.728
   1.05933     -3.553736  0.003  0.021  0.245  0.066  0.070  0.035  0.153  0.105  0.023  0.723
   1.07384     -3.562994  0.003  0.023  0.248  0.070  0.062  0.034  0.154  0.101  0.021  0.716
   1.08835     -3.563868  0.008  0.032  0.273  0.093  0.026  0.021  0.141  0.064  0.009  0.666
   1.10286     -3.536938  0.006  0.031  0.278  0.095  0.022  0.020  0.148  0.059  0.007  0.666
   1.11738     -3.509985  0.006  0.029  0.276  0.093  0.026  0.022  0.152  0.060  0.009  0.673
   1.13189     -3.484750  0.005  0.024  0.274  0.092  0.029  0.026  0.154  0.060  0.012  0.678
 
# Band-Index:    8
   1.13189     -3.474926  0.000  0.279  0.000  0.086  0.022  0.204  0.000  0.075  0.059  0.725
   1.11738     -3.479878  0.000  0.277  0.000  0.090  0.020  0.205  0.000  0.071  0.060  0.724
   1.10286     -3.481970  0.000  0.279  0.000  0.092  0.020  0.203  0.000  0.069  0.061  0.722
   1.08835     -3.481085  0.000  0.280  0.000  0.093  0.020  0.201  0.000  0.068  0.061  0.721
   1.07384     -3.477288  0.000  0.282  0.000  0.093  0.020  0.197  0.000  0.067  0.060  0.720
   1.05933     -3.470793  0.000  0.284  0.000  0.093  0.020  0.193  0.000  0.066  0.059  0.718
   1.04482     -3.461935  0.000  0.287  0.000  0.094  0.020  0.191  0.000  0.064  0.059  0.716
   1.03031     -3.451079  0.000  0.289  0.000  0.096  0.020  0.188  0.000  0.063  0.059  0.714
   1.01580     -3.438579  0.000  0.292  0.000  0.097  0.020  0.184  0.000  0.062  0.059  0.712
   1.00128     -3.424752  0.000  0.293  0.000  0.097  0.020  0.181  0.000  0.061  0.058  0.711
   0.98677     -3.409867  0.000  0.297  0.000  0.098  0.020  0.178  0.000  0.060  0.058  0.709
   0.97226     -3.394137  0.000  0.298  0.000  0.100  0.019  0.174  0.000  0.058  0.058  0.707
   0.95775     -3.377753  0.000  0.301  0.000  0.101  0.019  0.171  0.000  0.058  0.057  0.705
   0.94324     -3.360852  0.000  0.304  0.000  0.101  0.019  0.167  0.000  0.056  0.057  0.703
   0.92873     -3.343568  0.000  0.307  0.000  0.101  0.019  0.163  0.000  0.055  0.056  0.700
   0.91422     -3.326007  0.000  0.308  0.000  0.104  0.019  0.159  0.000  0.054  0.056  0.698
   0.89971     -3.308268  0.000  0.311  0.000  0.104  0.019  0.155  0.000  0.052  0.055  0.695
   0.88519     -3.290432  0.000  0.314  0.000  0.104  0.018  0.151  0.000  0.051  0.055  0.693
   0.87068     -3.272576  0.000  0.317  0.000  0.106  0.018  0.146  0.000  0.049  0.054  0.691
   0.85617     -3.254776  0.000  0.320  0.000  0.107  0.018  0.141  0.000  0.048  0.054  0.688
   0.84166     -3.237100  0.000  0.323  0.000  0.107  0.018  0.137  0.000  0.047  0.053  0.685
   0.82715     -3.219617  0.000  0.326  0.000  0.109  0.018  0.133  0.000  0.044  0.053  0.684
   0.81264     -3.202388  0.000  0.329  0.000  0.110  0.017  0.129  0.000  0.043  0.053  0.680
   0.79813     -3.185481  0.000  0.332  0.000  0.110  0.017  0.124  0.000  0.041  0.052  0.677
   0.78361     -3.168960  0.000  0.335  0.000  0.112  0.018  0.120  0.000  0.040  0.052  0.676
   0.76910     -3.152888  0.000  0.338  0.000  0.113  0.017  0.115  0.000  0.039  0.052  0.672
   0.75459     -3.137332  0.000  0.341  0.000  0.113  0.017  0.111  0.000  0.038  0.051  0.669
   0.74008     -3.122357  0.000  0.343  0.000  0.115  0.017  0.107  0.000  0.036  0.050  0.668
   0.72557     -3.108028  0.000  0.347  0.000  0.116  0.017  0.102  0.000  0.034  0.050  0.666
   0.71106     -3.094406  0.000  0.349  0.000  0.116  0.017  0.099  0.000  0.033  0.051  0.663
   0.69655     -3.081548  0.000  0.352  0.000  0.116  0.017  0.095  0.000  0.032  0.050  0.660
   0.68203     -3.069533  0.000  0.352  0.000  0.118  0.016  0.092  0.000  0.031  0.050  0.659
   0.66752     -3.058417  0.000  0.355  0.000  0.118  0.017  0.088  0.000  0.030  0.049  0.657
   0.65301     -3.048255  0.000  0.357  0.000  0.118  0.016  0.085  0.000  0.029  0.049  0.656
   0.63850     -3.039107  0.000  0.358  0.000  0.119  0.016  0.083  0.000  0.028  0.049  0.653
   0.62399     -3.031018  0.000  0.359  0.000  0.119  0.017  0.081  0.000  0.028  0.049  0.653
   0.60948     -3.024032  0.000  0.360  0.000  0.121  0.017  0.080  0.000  0.027  0.050  0.653
   0.59497     -3.018200  0.000  0.360  0.000  0.121  0.016  0.079  0.000  0.026  0.050  0.652
   0.58046     -3.013558  0.000  0.359  0.000  0.120  0.016  0.078  0.000  0.026  0.050  0.651
   0.56594     -3.010131  0.000  0.360  0.000  0.120  0.017  0.078  0.000  0.026  0.050  0.652
   0.56594     -3.010131  0.000  0.360  0.000  0.120  0.017  0.078  0.000  0.026  0.050  0.652
   0.55143     -3.007941  0.000  0.359  0.000  0.120  0.017  0.079  0.000  0.027  0.051  0.652
   0.53692     -3.007002  0.000  0.359  0.000  0.120  0.017  0.080  0.000  0.027  0.050  0.652
   0.52241     -3.007324  0.000  0.359  0.000  0.119  0.017  0.081  0.000  0.028  0.051  0.653
   0.50790     -3.008902  0.000  0.356  0.000  0.118  0.017  0.084  0.000  0.028  0.051  0.654
   0.49339     -3.011719  0.000  0.356  0.000  0.118  0.017  0.086  0.000  0.029  0.051  0.656
   0.47888     -3.015761  0.000  0.353  0.000  0.118  0.017  0.089  0.000  0.030  0.051  0.658
   0.46436     -3.021007  0.000  0.350  0.000  0.118  0.018  0.092  0.000  0.031  0.052  0.660
   0.44985     -3.027421  0.000  0.347  0.000  0.115  0.017  0.097  0.000  0.032  0.051  0.663
   0.43534     -3.034968  0.000  0.344  0.000  0.115  0.018  0.101  0.000  0.034  0.052  0.664
   0.42083     -3.043608  0.000  0.341  0.000  0.115  0.017  0.105  0.000  0.035  0.053  0.667
   0.40632     -3.053277  0.000  0.338  0.000  0.112  0.018  0.110  0.000  0.036  0.052  0.670
   0.39181     -3.063930  0.000  0.335  0.000  0.112  0.018  0.115  0.000  0.039  0.053  0.672
   0.37730     -3.075512  0.000  0.332  0.000  0.112  0.018  0.120  0.000  0.040  0.053  0.676
   0.36278     -3.087963  0.000  0.329  0.000  0.110  0.018  0.125  0.000  0.042  0.053  0.678
   0.34827     -3.101224  0.000  0.326  0.000  0.109  0.018  0.130  0.000  0.043  0.054  0.682
   0.33376     -3.115229  0.000  0.324  0.000  0.107  0.018  0.136  0.000  0.046  0.054  0.684
   0.31925     -3.129916  0.000  0.321  0.000  0.106  0.018  0.141  0.000  0.048  0.054  0.688
   0.30474     -3.145221  0.000  0.316  0.000  0.105  0.018  0.147  0.000  0.049  0.054  0.691
   0.29023     -3.161076  0.000  0.312  0.000  0.103  0.018  0.152  0.000  0.051  0.055  0.694
   0.27572     -3.177422  0.000  0.309  0.000  0.103  0.018  0.157  0.000  0.053  0.055  0.697
   0.26120     -3.194193  0.000  0.306  0.000  0.100  0.019  0.162  0.000  0.055  0.056  0.700
   0.24669     -3.211324  0.000  0.302  0.000  0.100  0.019  0.168  0.000  0.057  0.056  0.702
   0.23218     -3.228748  0.000  0.299  0.000  0.100  0.019  0.172  0.000  0.058  0.057  0.706
   0.21767     -3.246398  0.000  0.296  0.000  0.097  0.020  0.176  0.000  0.060  0.057  0.708
   0.20316     -3.264212  0.000  0.294  0.000  0.097  0.020  0.181  0.000  0.063  0.057  0.710
   0.18865     -3.282120  0.000  0.292  0.000  0.095  0.020  0.184  0.000  0.065  0.057  0.713
   0.17414     -3.300042  0.000  0.291  0.000  0.091  0.021  0.187  0.000  0.067  0.057  0.715
   0.15963     -3.317886  0.000  0.293  0.000  0.085  0.024  0.184  0.000  0.075  0.054  0.717
   0.14511     -3.331719  0.003  0.042  0.256  0.042  0.097  0.012  0.150  0.103  0.022  0.726
   0.13060     -3.339474  0.003  0.026  0.259  0.056  0.086  0.023  0.154  0.088  0.025  0.724
   0.11609     -3.348713  0.003  0.024  0.263  0.061  0.078  0.024  0.155  0.085  0.024  0.719
   0.10158     -3.359554  0.003  0.024  0.264  0.064  0.072  0.024  0.158  0.083  0.023  0.714
   0.08707     -3.372054  0.004  0.025  0.265  0.067  0.065  0.024  0.158  0.081  0.020  0.710
   0.07256     -3.386280  0.003  0.027  0.268  0.070  0.059  0.024  0.159  0.079  0.019  0.706
   0.05805     -3.402288  0.003  0.028  0.268  0.073  0.052  0.023  0.159  0.077  0.016  0.701
   0.04353     -3.420111  0.004  0.030  0.270  0.077  0.047  0.022  0.158  0.075  0.014  0.696
   0.02902     -3.439783  0.004  0.030  0.272  0.077  0.042  0.020  0.157  0.074  0.012  0.690
   0.01451     -3.461310  0.005  0.039  0.273  0.076  0.038  0.015  0.155  0.076  0.009  0.684
   0.00000     -3.474926  0.000  0.279  0.000  0.086  0.022  0.204  0.000  0.075  0.059  0.725
 
# Band-Index:    9
   0.00000     -2.011889  0.005  0.000  0.011  0.000  0.152  0.102  0.263  0.306  0.050  0.891
   0.01451     -2.007184  0.005  0.000  0.011  0.000  0.157  0.101  0.260  0.302  0.052  0.891
   0.02902     -2.006299  0.005  0.000  0.013  0.000  0.163  0.098  0.261  0.295  0.054  0.889
   0.04353     -2.009469  0.003  0.000  0.013  0.000  0.170  0.095  0.265  0.284  0.056  0.887
   0.05805     -2.016533  0.004  0.000  0.013  0.000  0.176  0.090  0.272  0.269  0.059  0.886
   0.07256     -2.026998  0.004  0.000  0.015  0.001  0.181  0.085  0.281  0.255  0.060  0.883
   0.08707     -2.040217  0.005  0.000  0.015  0.001  0.185  0.081  0.291  0.242  0.061  0.881
   0.10158     -2.055546  0.006  0.000  0.015  0.001  0.187  0.077  0.302  0.230  0.062  0.877
   0.11609     -2.072434  0.005  0.000  0.015  0.001  0.188  0.073  0.313  0.218  0.062  0.875
   0.13060     -2.090440  0.005  0.000  0.015  0.001  0.188  0.070  0.323  0.208  0.062  0.875
   0.14511     -2.109220  0.006  0.000  0.015  0.000  0.187  0.066  0.334  0.199  0.063  0.872
   0.15963     -2.128509  0.006  0.000  0.015  0.000  0.186  0.064  0.345  0.192  0.062  0.871
   0.17414     -2.148104  0.006  0.000  0.015  0.002  0.184  0.062  0.355  0.184  0.061  0.869
   0.18865     -2.167842  0.006  0.000  0.014  0.002  0.181  0.060  0.366  0.177  0.061  0.867
   0.20316     -2.187596  0.007  0.000  0.014  0.002  0.178  0.058  0.376  0.171  0.059  0.866
   0.21767     -2.207263  0.007  0.000  0.013  0.002  0.174  0.056  0.387  0.165  0.058  0.865
   0.23218     -2.226757  0.007  0.000  0.013  0.002  0.171  0.054  0.397  0.160  0.057  0.864
   0.24669     -2.246004  0.007  0.000  0.013  0.002  0.168  0.053  0.408  0.156  0.056  0.862
   0.26120     -2.264941  0.007  0.000  0.013  0.002  0.164  0.050  0.418  0.151  0.055  0.862
   0.27572     -2.283510  0.007  0.000  0.011  0.003  0.160  0.049  0.429  0.146  0.053  0.861
   0.29023     -2.301657  0.007  0.000  0.011  0.003  0.156  0.047  0.439  0.142  0.052  0.860
   0.30474     -2.319333  0.006  0.000  0.011  0.003  0.152  0.047  0.450  0.138  0.050  0.859
   0.31925     -2.336485  0.006  0.000  0.011  0.003  0.148  0.045  0.460  0.134  0.050  0.859
   0.33376     -2.353063  0.007  0.000  0.011  0.003  0.143  0.044  0.471  0.130  0.048  0.859
   0.34827     -2.369017  0.007  0.000  0.008  0.003  0.140  0.042  0.480  0.127  0.046  0.858
   0.36278     -2.384295  0.007  0.000  0.008  0.005  0.136  0.041  0.491  0.124  0.045  0.857
   0.37730     -2.398841  0.007  0.002  0.008  0.005  0.132  0.041  0.500  0.120  0.044  0.857
   0.39181     -2.412605  0.007  0.002  0.008  0.005  0.128  0.040  0.509  0.117  0.042  0.857
   0.40632     -2.425530  0.007  0.002  0.006  0.005  0.125  0.039  0.518  0.115  0.042  0.857
   0.42083     -2.437564  0.008  0.002  0.006  0.005  0.120  0.038  0.527  0.112  0.040  0.855
   0.43534     -2.448656  0.007  0.002  0.006  0.005  0.117  0.037  0.534  0.110  0.039  0.856
   0.44985     -2.458758  0.007  0.002  0.003  0.005  0.113  0.036  0.542  0.108  0.038  0.856
   0.46436     -2.467823  0.007  0.002  0.003  0.005  0.110  0.036  0.548  0.107  0.037  0.856
   0.47888     -2.475810  0.007  0.002  0.003  0.005  0.107  0.035  0.555  0.105  0.035  0.854
   0.49339     -2.482686  0.008  0.002  0.003  0.005  0.105  0.035  0.560  0.105  0.035  0.855
   0.50790     -2.488419  0.008  0.002  0.003  0.005  0.102  0.036  0.564  0.104  0.034  0.855
   0.52241     -2.492989  0.010  0.000  0.001  0.005  0.100  0.035  0.567  0.104  0.034  0.856
   0.53692     -2.496381  0.010  0.000  0.001  0.003  0.098  0.035  0.569  0.105  0.032  0.856
   0.55143     -2.498587  0.010  0.000  0.000  0.003  0.097  0.035  0.571  0.106  0.032  0.856
   0.56594     -2.499609  0.010  0.000  0.000  0.003  0.095  0.036  0.571  0.107  0.032  0.856
   0.56594     -2.499609  0.010  0.000  0.000  0.003  0.095  0.036  0.571  0.107  0.032  0.856
   0.58046     -2.499453  0.010  0.000  0.000  0.002  0.094  0.036  0.570  0.109  0.031  0.857
   0.59497     -2.498134  0.010  0.000  0.000  0.002  0.094  0.038  0.569  0.111  0.031  0.856
   0.60948     -2.495674  0.010  0.000  0.001  0.002  0.093  0.038  0.566  0.114  0.031  0.857
   0.62399     -2.492099  0.010  0.000  0.001  0.002  0.092  0.039  0.562  0.117  0.031  0.858
   0.63850     -2.487442  0.010  0.000  0.003  0.002  0.093  0.041  0.559  0.119  0.031  0.857
   0.65301     -2.481737  0.010  0.000  0.003  0.002  0.093  0.041  0.554  0.123  0.031  0.858
   0.66752     -2.475023  0.010  0.000  0.003  0.002  0.093  0.043  0.548  0.127  0.031  0.858
   0.68203     -2.467342  0.010  0.000  0.003  0.002  0.094  0.044  0.543  0.132  0.031  0.858
   0.69655     -2.458738  0.010  0.000  0.003  0.002  0.094  0.045  0.536  0.136  0.031  0.858
   0.71106     -2.449254  0.010  0.000  0.003  0.002  0.096  0.047  0.529  0.140  0.032  0.858
   0.72557     -2.438934  0.009  0.000  0.003  0.002  0.096  0.049  0.521  0.145  0.032  0.861
   0.74008     -2.427824  0.009  0.000  0.005  0.002  0.098  0.050  0.514  0.150  0.033  0.862
   0.75459     -2.415967  0.009  0.000  0.006  0.002  0.099  0.052  0.505  0.155  0.033  0.862
   0.76910     -2.403409  0.010  0.000  0.006  0.002  0.100  0.053  0.497  0.160  0.033  0.863
   0.78361     -2.390190  0.010  0.000  0.006  0.002  0.102  0.055  0.489  0.166  0.034  0.863
   0.79813     -2.376355  0.009  0.000  0.006  0.002  0.104  0.057  0.480  0.170  0.034  0.864
   0.81264     -2.361944  0.009  0.000  0.006  0.002  0.105  0.059  0.471  0.176  0.035  0.864
   0.82715     -2.346997  0.009  0.000  0.007  0.002  0.107  0.061  0.462  0.182  0.036  0.866
   0.84166     -2.331555  0.009  0.000  0.007  0.002  0.109  0.063  0.452  0.187  0.036  0.867
   0.85617     -2.315656  0.009  0.000  0.007  0.002  0.112  0.065  0.443  0.193  0.037  0.867
   0.87068     -2.299342  0.009  0.000  0.007  0.002  0.113  0.067  0.434  0.199  0.037  0.868
   0.88519     -2.282653  0.009  0.000  0.007  0.000  0.116  0.069  0.424  0.204  0.038  0.869
   0.89971     -2.265630  0.009  0.000  0.007  0.000  0.117  0.070  0.415  0.211  0.039  0.870
   0.91422     -2.248317  0.008  0.000  0.008  0.000  0.120  0.072  0.405  0.217  0.040  0.872
   0.92873     -2.230762  0.007  0.000  0.008  0.000  0.122  0.074  0.395  0.223  0.040  0.871
   0.94324     -2.213016  0.007  0.000  0.008  0.000  0.124  0.077  0.385  0.229  0.041  0.871
   0.95775     -2.195133  0.007  0.000  0.008  0.000  0.126  0.079  0.376  0.235  0.042  0.873
   0.97226     -2.177176  0.007  0.000  0.009  0.000  0.128  0.081  0.365  0.241  0.043  0.874
   0.98677     -2.159218  0.007  0.000  0.009  0.000  0.130  0.083  0.355  0.249  0.043  0.876
   1.00128     -2.141343  0.007  0.000  0.009  0.000  0.132  0.085  0.345  0.255  0.044  0.877
   1.01580     -2.123649  0.006  0.000  0.008  0.000  0.133  0.088  0.335  0.262  0.044  0.879
   1.03031     -2.106256  0.006  0.000  0.009  0.000  0.136  0.090  0.325  0.269  0.045  0.880
   1.04482     -2.089309  0.006  0.000  0.009  0.000  0.138  0.093  0.315  0.276  0.045  0.881
   1.05933     -2.072993  0.006  0.000  0.009  0.000  0.140  0.095  0.305  0.283  0.046  0.883
   1.07384     -2.057543  0.005  0.000  0.010  0.000  0.141  0.096  0.295  0.290  0.047  0.885
   1.08835     -2.043262  0.005  0.000  0.010  0.000  0.143  0.099  0.286  0.297  0.048  0.886
   1.10286     -2.030544  0.005  0.000  0.011  0.000  0.146  0.100  0.276  0.302  0.048  0.887
   1.11738     -2.019886  0.005  0.000  0.011  0.000  0.148  0.102  0.268  0.305  0.049  0.888
   1.13189     -2.011889  0.005  0.000  0.011  0.000  0.152  0.102  0.263  0.306  0.050  0.891
 
# Band-Index:   10
   1.13189     -1.784104  0.006  0.000  0.011  0.000  0.260  0.068  0.238  0.206  0.088  0.879
   1.11738     -1.775288  0.006  0.000  0.011  0.000  0.267  0.068  0.235  0.204  0.090  0.882
   1.10286     -1.764673  0.007  0.000  0.011  0.000  0.271  0.068  0.229  0.205  0.091  0.885
   1.08835     -1.752873  0.007  0.000  0.011  0.002  0.276  0.069  0.222  0.207  0.092  0.886
   1.07384     -1.740389  0.006  0.000  0.010  0.002  0.280  0.071  0.214  0.211  0.094  0.889
   1.05933     -1.727600  0.006  0.000  0.010  0.002  0.283  0.072  0.207  0.216  0.095  0.892
   1.04482     -1.714787  0.007  0.000  0.010  0.002  0.286  0.073  0.200  0.220  0.096  0.895
   1.03031     -1.702143  0.006  0.000  0.008  0.002  0.289  0.075  0.193  0.224  0.097  0.897
   1.01580     -1.689797  0.006  0.000  0.007  0.002  0.292  0.076  0.186  0.228  0.098  0.900
   1.00128     -1.677834  0.007  0.000  0.007  0.002  0.293  0.078  0.181  0.233  0.100  0.902
   0.98677     -1.666300  0.007  0.000  0.007  0.002  0.295  0.079  0.175  0.237  0.100  0.904
   0.97226     -1.655216  0.007  0.002  0.006  0.004  0.296  0.080  0.171  0.240  0.101  0.906
   0.95775     -1.644580  0.007  0.002  0.006  0.004  0.295  0.081  0.166  0.244  0.103  0.910
   0.94324     -1.634380  0.007  0.002  0.006  0.004  0.294  0.081  0.164  0.248  0.105  0.912
   0.92873     -1.624597  0.008  0.002  0.006  0.004  0.285  0.080  0.161  0.253  0.114  0.914
   0.91422     -1.619915  0.000  0.000  0.000  0.000  0.164  0.130  0.000  0.051  0.594  0.942
   0.89971     -1.623448  0.000  0.000  0.000  0.000  0.182  0.135  0.000  0.047  0.576  0.942
   0.88519     -1.626744  0.000  0.000  0.000  0.000  0.185  0.136  0.000  0.047  0.571  0.942
   0.87068     -1.629774  0.000  0.000  0.000  0.000  0.185  0.138  0.000  0.047  0.569  0.942
   0.85617     -1.632516  0.000  0.000  0.000  0.000  0.185  0.140  0.000  0.047  0.567  0.942
   0.84166     -1.634948  0.000  0.000  0.000  0.000  0.185  0.142  0.000  0.048  0.565  0.942
   0.82715     -1.637049  0.000  0.000  0.000  0.000  0.186  0.144  0.000  0.049  0.563  0.942
   0.81264     -1.638796  0.000  0.002  0.000  0.000  0.185  0.146  0.000  0.049  0.561  0.943
   0.79813     -1.640168  0.000  0.002  0.000  0.000  0.184  0.148  0.000  0.050  0.558  0.943
   0.78361     -1.641143  0.000  0.002  0.000  0.000  0.184  0.150  0.000  0.051  0.555  0.942
   0.76910     -1.641701  0.000  0.002  0.000  0.000  0.182  0.152  0.000  0.051  0.553  0.942
   0.75459     -1.641821  0.000  0.002  0.000  0.000  0.182  0.155  0.000  0.052  0.551  0.942
   0.74008     -1.641485  0.000  0.002  0.000  0.000  0.181  0.158  0.000  0.053  0.548  0.941
   0.72557     -1.640673  0.000  0.002  0.000  0.000  0.180  0.160  0.000  0.054  0.546  0.941
   0.71106     -1.639370  0.000  0.002  0.000  0.000  0.179  0.162  0.000  0.055  0.543  0.943
   0.69655     -1.637560  0.000  0.002  0.000  0.000  0.179  0.165  0.000  0.056  0.539  0.942
   0.68203     -1.635232  0.000  0.004  0.000  0.002  0.178  0.168  0.000  0.057  0.537  0.942
   0.66752     -1.632379  0.000  0.004  0.000  0.002  0.177  0.169  0.000  0.057  0.533  0.943
   0.65301     -1.628994  0.000  0.005  0.000  0.002  0.175  0.172  0.000  0.058  0.530  0.942
   0.63850     -1.625079  0.000  0.007  0.000  0.002  0.175  0.174  0.000  0.059  0.527  0.943
   0.62399     -1.620637  0.000  0.007  0.000  0.002  0.173  0.176  0.000  0.060  0.523  0.941
   0.60948     -1.615680  0.000  0.007  0.000  0.002  0.172  0.177  0.000  0.059  0.520  0.941
   0.59497     -1.610225  0.000  0.009  0.000  0.002  0.171  0.180  0.000  0.061  0.516  0.939
   0.58046     -1.604298  0.000  0.009  0.000  0.002  0.169  0.181  0.000  0.061  0.513  0.939
   0.56594     -1.597930  0.000  0.012  0.000  0.005  0.168  0.183  0.000  0.061  0.509  0.939
   0.56594     -1.597930  0.000  0.012  0.000  0.005  0.168  0.183  0.000  0.061  0.509  0.939
   0.55143     -1.591161  0.000  0.012  0.000  0.005  0.167  0.185  0.000  0.062  0.506  0.936
   0.53692     -1.584042  0.000  0.014  0.000  0.005  0.166  0.187  0.000  0.063  0.501  0.936
   0.52241     -1.576628  0.000  0.015  0.000  0.005  0.165  0.189  0.000  0.064  0.497  0.935
   0.50790     -1.568986  0.000  0.017  0.000  0.005  0.162  0.191  0.000  0.065  0.492  0.932
   0.49339     -1.561188  0.000  0.017  0.000  0.005  0.161  0.195  0.000  0.066  0.486  0.932
   0.47888     -1.553314  0.000  0.019  0.000  0.007  0.159  0.198  0.000  0.067  0.481  0.931
   0.46436     -1.545451  0.000  0.019  0.000  0.007  0.157  0.203  0.000  0.070  0.474  0.929
   0.44985     -1.537693  0.000  0.021  0.000  0.007  0.153  0.210  0.000  0.071  0.466  0.927
   0.43534     -1.530139  0.000  0.021  0.000  0.007  0.151  0.218  0.000  0.075  0.456  0.928
   0.42083     -1.522893  0.000  0.021  0.000  0.007  0.146  0.227  0.000  0.079  0.446  0.927
   0.40632     -1.516064  0.000  0.021  0.000  0.007  0.142  0.238  0.000  0.084  0.434  0.926
   0.39181     -1.509770  0.000  0.021  0.000  0.007  0.135  0.249  0.000  0.093  0.423  0.927
   0.37730     -1.508409  0.007  0.000  0.002  0.003  0.127  0.152  0.028  0.545  0.063  0.929
   0.36278     -1.520950  0.007  0.000  0.002  0.003  0.144  0.167  0.031  0.518  0.051  0.928
   0.34827     -1.534063  0.008  0.000  0.002  0.003  0.151  0.165  0.036  0.505  0.052  0.924
   0.33376     -1.547610  0.008  0.000  0.002  0.003  0.157  0.163  0.041  0.495  0.054  0.923
   0.31925     -1.561478  0.008  0.000  0.002  0.003  0.162  0.159  0.047  0.483  0.055  0.921
   0.30474     -1.575574  0.009  0.000  0.002  0.003  0.167  0.156  0.053  0.473  0.056  0.919
   0.29023     -1.589821  0.009  0.000  0.002  0.002  0.171  0.153  0.060  0.462  0.057  0.918
   0.27572     -1.604154  0.009  0.000  0.002  0.002  0.174  0.150  0.067  0.452  0.059  0.917
   0.26120     -1.618523  0.009  0.000  0.002  0.000  0.178  0.147  0.074  0.442  0.060  0.913
   0.24669     -1.632883  0.010  0.000  0.004  0.000  0.181  0.143  0.083  0.432  0.060  0.911
   0.23218     -1.647198  0.009  0.000  0.004  0.000  0.184  0.140  0.091  0.421  0.062  0.909
   0.21767     -1.661434  0.009  0.000  0.004  0.000  0.186  0.136  0.099  0.410  0.062  0.908
   0.20316     -1.675559  0.009  0.000  0.004  0.000  0.188  0.132  0.109  0.400  0.063  0.906
   0.18865     -1.689539  0.009  0.000  0.004  0.000  0.190  0.129  0.119  0.388  0.064  0.904
   0.17414     -1.703329  0.009  0.000  0.004  0.000  0.193  0.125  0.129  0.377  0.064  0.902
   0.15963     -1.716869  0.009  0.000  0.005  0.000  0.195  0.121  0.140  0.364  0.065  0.900
   0.14511     -1.730075  0.009  0.000  0.005  0.000  0.198  0.117  0.151  0.351  0.066  0.896
   0.13060     -1.742825  0.007  0.000  0.005  0.000  0.201  0.112  0.163  0.338  0.067  0.894
   0.11609     -1.754941  0.007  0.000  0.006  0.000  0.204  0.108  0.175  0.323  0.069  0.891
   0.10158     -1.766173  0.008  0.000  0.006  0.000  0.208  0.102  0.187  0.308  0.070  0.889
   0.08707     -1.776170  0.008  0.000  0.006  0.000  0.213  0.097  0.199  0.290  0.071  0.886
   0.07256     -1.784472  0.008  0.000  0.007  0.000  0.220  0.091  0.211  0.273  0.074  0.885
   0.05805     -1.790526  0.008  0.000  0.007  0.000  0.227  0.085  0.222  0.255  0.076  0.883
   0.04353     -1.793765  0.008  0.000  0.009  0.000  0.236  0.079  0.231  0.238  0.079  0.880
   0.02902     -1.793773  0.009  0.000  0.009  0.000  0.245  0.075  0.237  0.223  0.082  0.879
   0.01451     -1.790455  0.007  0.000  0.009  0.000  0.253  0.071  0.239  0.213  0.085  0.878
   0.00000     -1.784104  0.006  0.000  0.011  0.000  0.260  0.068  0.238  0.206  0.088  0.879
 
# Band-Index:   11
   0.00000     -1.551332  0.000  0.001  0.000  0.000  0.186  0.150  0.000  0.050  0.559  0.946
   0.01451     -1.546628  0.000  0.001  0.000  0.000  0.186  0.155  0.000  0.051  0.555  0.947
   0.02902     -1.542011  0.000  0.001  0.000  0.000  0.184  0.159  0.000  0.053  0.551  0.947
   0.04353     -1.537497  0.000  0.001  0.000  0.000  0.182  0.165  0.000  0.054  0.545  0.948
   0.05805     -1.533102  0.000  0.001  0.000  0.000  0.180  0.171  0.000  0.057  0.540  0.948
   0.07256     -1.528838  0.000  0.001  0.000  0.000  0.178  0.178  0.000  0.059  0.533  0.949
   0.08707     -1.524720  0.000  0.000  0.000  0.000  0.175  0.185  0.000  0.061  0.526  0.951
   0.10158     -1.520756  0.000  0.000  0.000  0.000  0.173  0.193  0.000  0.064  0.518  0.951
   0.11609     -1.516958  0.000  0.002  0.000  0.000  0.170  0.203  0.000  0.067  0.509  0.951
   0.13060     -1.513333  0.000  0.002  0.000  0.000  0.166  0.213  0.000  0.071  0.499  0.951
   0.14511     -1.509887  0.000  0.002  0.000  0.000  0.163  0.224  0.000  0.074  0.488  0.951
   0.15963     -1.506628  0.000  0.002  0.000  0.000  0.159  0.235  0.000  0.078  0.476  0.951
   0.17414     -1.503562  0.000  0.002  0.000  0.000  0.154  0.248  0.000  0.082  0.463  0.951
   0.18865     -1.500696  0.000  0.002  0.000  0.000  0.150  0.261  0.000  0.086  0.449  0.951
   0.20316     -1.498043  0.000  0.004  0.000  0.002  0.146  0.275  0.000  0.091  0.434  0.950
   0.21767     -1.495621  0.000  0.004  0.000  0.002  0.140  0.289  0.000  0.096  0.419  0.951
   0.23218     -1.493462  0.000  0.004  0.000  0.002  0.135  0.303  0.000  0.100  0.404  0.948
   0.24669     -1.491609  0.000  0.006  0.000  0.002  0.130  0.316  0.000  0.104  0.388  0.948
   0.26120     -1.490131  0.000  0.006  0.000  0.002  0.125  0.328  0.000  0.108  0.375  0.944
   0.27572     -1.489120  0.000  0.008  0.000  0.002  0.122  0.337  0.000  0.111  0.362  0.943
   0.29023     -1.488694  0.000  0.010  0.000  0.004  0.119  0.342  0.000  0.113  0.354  0.940
   0.30474     -1.488986  0.000  0.011  0.000  0.004  0.117  0.342  0.000  0.112  0.351  0.937
   0.31925     -1.490123  0.000  0.013  0.000  0.004  0.118  0.336  0.000  0.110  0.352  0.934
   0.33376     -1.492198  0.000  0.015  0.000  0.004  0.122  0.325  0.000  0.106  0.360  0.932
   0.34827     -1.495247  0.000  0.018  0.000  0.007  0.126  0.310  0.000  0.100  0.371  0.929
   0.36278     -1.499246  0.000  0.018  0.000  0.007  0.132  0.295  0.000  0.092  0.385  0.928
   0.37730     -1.504110  0.000  0.020  0.000  0.007  0.148  0.295  0.000  0.069  0.388  0.926
   0.39181     -1.496562  0.007  0.000  0.002  0.003  0.139  0.184  0.026  0.526  0.040  0.930
   0.40632     -1.485629  0.007  0.000  0.002  0.002  0.131  0.183  0.024  0.539  0.041  0.931
   0.42083     -1.475783  0.007  0.002  0.002  0.004  0.124  0.185  0.025  0.546  0.040  0.934
   0.43534     -1.467225  0.008  0.002  0.002  0.004  0.119  0.185  0.027  0.551  0.038  0.935
   0.44985     -1.460138  0.009  0.002  0.002  0.004  0.115  0.185  0.032  0.551  0.037  0.938
   0.46436     -1.454658  0.009  0.002  0.002  0.006  0.113  0.183  0.040  0.546  0.037  0.940
   0.47888     -1.450847  0.010  0.002  0.002  0.006  0.114  0.180  0.050  0.538  0.037  0.938
   0.49339     -1.448673  0.011  0.002  0.002  0.009  0.117  0.175  0.061  0.524  0.038  0.940
   0.50790     -1.448017  0.012  0.004  0.002  0.011  0.123  0.170  0.073  0.508  0.040  0.940
   0.52241     -1.448698  0.013  0.004  0.002  0.011  0.130  0.164  0.085  0.489  0.043  0.940
   0.53692     -1.450504  0.012  0.004  0.002  0.011  0.139  0.157  0.097  0.470  0.046  0.940
   0.55143     -1.453227  0.013  0.004  0.002  0.013  0.149  0.151  0.108  0.451  0.048  0.939
   0.56594     -1.456682  0.013  0.004  0.002  0.013  0.158  0.145  0.117  0.433  0.052  0.939
   0.56594     -1.456682  0.013  0.004  0.002  0.013  0.158  0.145  0.117  0.433  0.052  0.939
   0.58046     -1.460712  0.014  0.004  0.002  0.013  0.168  0.139  0.124  0.416  0.056  0.938
   0.59497     -1.465196  0.014  0.004  0.002  0.013  0.177  0.134  0.132  0.401  0.058  0.938
   0.60948     -1.470037  0.015  0.004  0.002  0.013  0.187  0.130  0.137  0.387  0.062  0.937
   0.62399     -1.475167  0.015  0.004  0.002  0.013  0.196  0.125  0.141  0.374  0.064  0.935
   0.63850     -1.480534  0.015  0.004  0.002  0.013  0.204  0.121  0.145  0.362  0.067  0.934
   0.65301     -1.486102  0.016  0.004  0.002  0.013  0.213  0.117  0.148  0.351  0.070  0.934
   0.66752     -1.491847  0.014  0.004  0.002  0.013  0.221  0.115  0.150  0.341  0.073  0.934
   0.68203     -1.497753  0.014  0.004  0.002  0.013  0.228  0.111  0.152  0.333  0.075  0.932
   0.69655     -1.503810  0.014  0.004  0.002  0.013  0.236  0.109  0.154  0.324  0.078  0.932
   0.71106     -1.510013  0.014  0.004  0.002  0.013  0.243  0.106  0.155  0.316  0.080  0.932
   0.72557     -1.516361  0.013  0.004  0.002  0.011  0.249  0.104  0.156  0.309  0.082  0.930
   0.74008     -1.522855  0.013  0.004  0.002  0.011  0.257  0.102  0.155  0.304  0.084  0.930
   0.75459     -1.529498  0.013  0.004  0.002  0.011  0.263  0.100  0.155  0.297  0.086  0.930
   0.76910     -1.536296  0.012  0.004  0.002  0.010  0.268  0.097  0.156  0.292  0.088  0.928
   0.78361     -1.543254  0.012  0.004  0.002  0.010  0.273  0.096  0.155  0.286  0.089  0.927
   0.79813     -1.550380  0.012  0.002  0.002  0.008  0.278  0.094  0.155  0.282  0.091  0.927
   0.81264     -1.557685  0.012  0.002  0.002  0.008  0.282  0.093  0.155  0.277  0.092  0.925
   0.82715     -1.565180  0.012  0.002  0.002  0.008  0.287  0.092  0.155  0.273  0.094  0.925
   0.84166     -1.572880  0.011  0.002  0.003  0.008  0.290  0.090  0.155  0.269  0.094  0.924
   0.85617     -1.580803  0.009  0.002  0.003  0.006  0.294  0.089  0.155  0.266  0.095  0.922
   0.87068     -1.588970  0.009  0.002  0.003  0.006  0.297  0.088  0.155  0.262  0.095  0.921
   0.88519     -1.597403  0.009  0.002  0.003  0.006  0.300  0.088  0.156  0.258  0.095  0.919
   0.89971     -1.606129  0.008  0.002  0.003  0.006  0.305  0.087  0.157  0.255  0.092  0.916
   0.91422     -1.615170  0.008  0.002  0.005  0.006  0.324  0.090  0.158  0.248  0.075  0.915
   0.92873     -1.616125  0.000  0.000  0.000  0.000  0.205  0.136  0.000  0.042  0.556  0.942
   0.94324     -1.612160  0.000  0.000  0.000  0.000  0.196  0.135  0.000  0.043  0.566  0.942
   0.95775     -1.608008  0.000  0.000  0.000  0.000  0.194  0.133  0.000  0.043  0.569  0.943
   0.97226     -1.603694  0.000  0.000  0.000  0.000  0.193  0.133  0.000  0.043  0.570  0.943
   0.98677     -1.599240  0.000  0.000  0.000  0.000  0.193  0.132  0.000  0.044  0.571  0.943
   1.00128     -1.594665  0.000  0.001  0.000  0.000  0.192  0.133  0.000  0.044  0.572  0.943
   1.01580     -1.589989  0.000  0.001  0.000  0.000  0.192  0.133  0.000  0.045  0.572  0.944
   1.03031     -1.585233  0.000  0.001  0.000  0.000  0.192  0.134  0.000  0.044  0.571  0.942
   1.04482     -1.580417  0.000  0.001  0.000  0.000  0.191  0.135  0.000  0.045  0.571  0.943
   1.05933     -1.575559  0.000  0.001  0.000  0.000  0.191  0.137  0.000  0.046  0.570  0.944
   1.07384     -1.570681  0.000  0.001  0.000  0.000  0.190  0.138  0.000  0.045  0.568  0.943
   1.08835     -1.565800  0.000  0.001  0.000  0.000  0.189  0.140  0.000  0.046  0.567  0.944
   1.10286     -1.560936  0.000  0.001  0.000  0.000  0.189  0.144  0.000  0.048  0.564  0.945
   1.11738     -1.556108  0.000  0.001  0.000  0.000  0.187  0.147  0.000  0.049  0.561  0.945
   1.13189     -1.551332  0.000  0.001  0.000  0.000  0.186  0.150  0.000  0.050  0.559  0.946
 
# Band-Index:   12
   1.13189     -1.323322  0.000  0.014  0.000  0.005  0.165  0.187  0.000  0.062  0.494  0.928
   1.11738     -1.317272  0.000  0.014  0.000  0.005  0.163  0.193  0.000  0.064  0.490  0.931
   1.10286     -1.311136  0.000  0.012  0.000  0.005  0.162  0.199  0.000  0.067  0.486  0.930
   1.08835     -1.304926  0.000  0.012  0.000  0.005  0.160  0.204  0.000  0.068  0.482  0.932
   1.07384     -1.298654  0.000  0.012  0.000  0.005  0.159  0.211  0.000  0.070  0.478  0.933
   1.05933     -1.292333  0.000  0.012  0.000  0.005  0.157  0.216  0.000  0.072  0.474  0.934
   1.04482     -1.285974  0.000  0.010  0.000  0.003  0.157  0.221  0.000  0.073  0.470  0.936
   1.03031     -1.279589  0.000  0.009  0.000  0.002  0.155  0.227  0.000  0.076  0.466  0.936
   1.01580     -1.273192  0.000  0.009  0.000  0.002  0.154  0.233  0.000  0.077  0.462  0.938
   1.00128     -1.266793  0.000  0.009  0.000  0.002  0.152  0.238  0.000  0.079  0.459  0.939
   0.98677     -1.260404  0.000  0.007  0.000  0.002  0.151  0.244  0.000  0.081  0.454  0.941
   0.97226     -1.254038  0.000  0.007  0.000  0.002  0.149  0.249  0.000  0.083  0.450  0.941
   0.95775     -1.247706  0.000  0.007  0.000  0.002  0.148  0.255  0.000  0.085  0.445  0.943
   0.94324     -1.241420  0.000  0.007  0.000  0.002  0.147  0.261  0.000  0.087  0.441  0.944
   0.92873     -1.235193  0.000  0.007  0.000  0.002  0.145  0.267  0.000  0.088  0.435  0.946
   0.91422     -1.229035  0.000  0.005  0.000  0.002  0.143  0.274  0.000  0.091  0.430  0.946
   0.89971     -1.222960  0.000  0.005  0.000  0.002  0.141  0.281  0.000  0.093  0.424  0.947
   0.88519     -1.216983  0.000  0.005  0.000  0.002  0.139  0.289  0.000  0.096  0.418  0.948
   0.87068     -1.211118  0.000  0.005  0.000  0.002  0.137  0.297  0.000  0.099  0.411  0.950
   0.85617     -1.205383  0.000  0.005  0.000  0.002  0.134  0.306  0.000  0.102  0.402  0.951
   0.84166     -1.199799  0.000  0.005  0.000  0.002  0.131  0.315  0.000  0.105  0.393  0.952
   0.82715     -1.194391  0.000  0.005  0.000  0.002  0.128  0.326  0.000  0.108  0.383  0.953
   0.81264     -1.189192  0.000  0.005  0.000  0.002  0.125  0.338  0.000  0.112  0.373  0.954
   0.79813     -1.184243  0.000  0.005  0.000  0.002  0.120  0.351  0.000  0.117  0.361  0.955
   0.78361     -1.179600  0.000  0.005  0.000  0.002  0.115  0.366  0.000  0.122  0.346  0.956
   0.76910     -1.175339  0.000  0.005  0.000  0.002  0.110  0.382  0.000  0.127  0.329  0.956
   0.75459     -1.171569  0.000  0.005  0.000  0.002  0.104  0.401  0.000  0.135  0.311  0.957
   0.74008     -1.168438  0.000  0.007  0.000  0.002  0.097  0.422  0.000  0.142  0.288  0.958
   0.72557     -1.166160  0.000  0.007  0.000  0.002  0.091  0.442  0.000  0.153  0.262  0.958
   0.71106     -1.165630  0.019  0.005  0.008  0.021  0.258  0.047  0.188  0.326  0.059  0.931
   0.69655     -1.171023  0.019  0.007  0.008  0.021  0.245  0.084  0.187  0.282  0.079  0.929
   0.68203     -1.176908  0.017  0.007  0.008  0.021  0.247  0.086  0.183  0.279  0.081  0.929
   0.66752     -1.183238  0.017  0.007  0.007  0.021  0.250  0.085  0.181  0.276  0.083  0.929
   0.65301     -1.189972  0.018  0.007  0.007  0.021  0.255  0.081  0.180  0.273  0.086  0.928
   0.63850     -1.197062  0.018  0.007  0.007  0.021  0.258  0.075  0.179  0.272  0.089  0.926
   0.62399     -1.204489  0.017  0.006  0.007  0.023  0.239  0.035  0.173  0.319  0.107  0.926
   0.60948     -1.217538  0.000  0.035  0.000  0.012  0.048  0.501  0.000  0.188  0.165  0.949
   0.59497     -1.232700  0.000  0.035  0.000  0.012  0.057  0.487  0.000  0.171  0.184  0.948
   0.58046     -1.248292  0.000  0.037  0.000  0.012  0.065  0.466  0.000  0.160  0.206  0.947
   0.56594     -1.263902  0.000  0.035  0.000  0.012  0.073  0.444  0.000  0.151  0.228  0.947
   0.56594     -1.263902  0.000  0.035  0.000  0.012  0.073  0.444  0.000  0.151  0.228  0.947
   0.55143     -1.279240  0.000  0.035  0.000  0.012  0.082  0.423  0.000  0.143  0.251  0.946
   0.53692     -1.294099  0.000  0.035  0.000  0.012  0.089  0.402  0.000  0.135  0.273  0.947
   0.52241     -1.308337  0.000  0.033  0.000  0.012  0.096  0.381  0.000  0.128  0.295  0.947
   0.50790     -1.321855  0.000  0.033  0.000  0.012  0.104  0.361  0.000  0.121  0.317  0.947
   0.49339     -1.334581  0.000  0.031  0.000  0.010  0.111  0.341  0.000  0.113  0.339  0.946
   0.47888     -1.346468  0.000  0.029  0.000  0.010  0.119  0.320  0.000  0.107  0.361  0.946
   0.46436     -1.357480  0.000  0.029  0.000  0.010  0.127  0.299  0.000  0.100  0.383  0.948
   0.44985     -1.367591  0.000  0.027  0.000  0.010  0.134  0.278  0.000  0.092  0.407  0.947
   0.43534     -1.376780  0.000  0.027  0.000  0.010  0.143  0.255  0.000  0.084  0.431  0.946
   0.42083     -1.385025  0.000  0.025  0.000  0.008  0.151  0.230  0.000  0.075  0.456  0.947
   0.40632     -1.392298  0.000  0.025  0.000  0.008  0.160  0.203  0.000  0.067  0.482  0.946
   0.39181     -1.398569  0.000  0.026  0.000  0.008  0.169  0.176  0.000  0.058  0.509  0.945
   0.37730     -1.403800  0.000  0.024  0.000  0.008  0.178  0.147  0.000  0.049  0.537  0.944
   0.36278     -1.407947  0.000  0.024  0.000  0.008  0.187  0.118  0.000  0.039  0.565  0.941
   0.34827     -1.410974  0.000  0.024  0.000  0.008  0.197  0.089  0.000  0.029  0.591  0.940
   0.33376     -1.412863  0.000  0.026  0.000  0.008  0.204  0.063  0.000  0.021  0.614  0.937
   0.31925     -1.413641  0.000  0.026  0.000  0.008  0.210  0.043  0.000  0.014  0.631  0.933
   0.30474     -1.413388  0.000  0.026  0.000  0.008  0.214  0.029  0.000  0.009  0.643  0.929
   0.29023     -1.412232  0.000  0.026  0.000  0.008  0.215  0.021  0.000  0.007  0.647  0.928
   0.27572     -1.410329  0.000  0.027  0.000  0.008  0.215  0.020  0.000  0.007  0.647  0.924
   0.26120     -1.407832  0.000  0.027  0.000  0.008  0.214  0.023  0.000  0.008  0.641  0.922
   0.24669     -1.404876  0.000  0.026  0.000  0.008  0.211  0.030  0.000  0.010  0.634  0.920
   0.23218     -1.401562  0.000  0.026  0.000  0.008  0.208  0.039  0.000  0.013  0.624  0.919
   0.21767     -1.397967  0.000  0.026  0.000  0.008  0.204  0.049  0.000  0.016  0.614  0.919
   0.20316     -1.394142  0.000  0.026  0.000  0.008  0.201  0.060  0.000  0.020  0.602  0.916
   0.18865     -1.390116  0.000  0.026  0.000  0.008  0.197  0.071  0.000  0.023  0.592  0.917
   0.17414     -1.385910  0.000  0.026  0.000  0.008  0.193  0.082  0.000  0.027  0.582  0.918
   0.15963     -1.381531  0.000  0.023  0.000  0.007  0.190  0.094  0.000  0.032  0.571  0.917
   0.14511     -1.376990  0.000  0.023  0.000  0.007  0.187  0.104  0.000  0.035  0.562  0.918
   0.13060     -1.372289  0.000  0.023  0.000  0.007  0.184  0.114  0.000  0.038  0.552  0.919
   0.11609     -1.367427  0.000  0.021  0.000  0.007  0.182  0.124  0.000  0.041  0.544  0.919
   0.10158     -1.362408  0.000  0.020  0.000  0.007  0.178  0.134  0.000  0.045  0.537  0.920
   0.08707     -1.357235  0.000  0.020  0.000  0.007  0.176  0.143  0.000  0.048  0.529  0.920
   0.07256     -1.351914  0.000  0.018  0.000  0.005  0.173  0.151  0.000  0.050  0.523  0.922
   0.05805     -1.346450  0.000  0.018  0.000  0.005  0.172  0.159  0.000  0.053  0.516  0.924
   0.04353     -1.340850  0.000  0.018  0.000  0.005  0.170  0.167  0.000  0.055  0.510  0.924
   0.02902     -1.335122  0.000  0.018  0.000  0.005  0.168  0.174  0.000  0.057  0.505  0.926
   0.01451     -1.329277  0.000  0.015  0.000  0.005  0.167  0.180  0.000  0.060  0.500  0.927
   0.00000     -1.323322  0.000  0.014  0.000  0.005  0.165  0.187  0.000  0.062  0.494  0.928
 
# Band-Index:   13
   0.00000     -1.148452  0.023  0.007  0.032  0.022  0.283  0.029  0.358  0.086  0.094  0.933
   0.01451     -1.143779  0.020  0.007  0.033  0.022  0.285  0.028  0.353  0.083  0.095  0.931
   0.02902     -1.138802  0.019  0.008  0.035  0.025  0.288  0.028  0.350  0.082  0.096  0.931
   0.04353     -1.133691  0.019  0.008  0.037  0.026  0.290  0.026  0.347  0.081  0.096  0.932
   0.05805     -1.128646  0.018  0.010  0.037  0.028  0.291  0.026  0.344  0.080  0.097  0.932
   0.07256     -1.123897  0.018  0.010  0.039  0.028  0.291  0.027  0.341  0.080  0.097  0.932
   0.08707     -1.119705  0.015  0.010  0.040  0.030  0.291  0.026  0.341  0.080  0.097  0.932
   0.10158     -1.116342  0.015  0.010  0.042  0.032  0.290  0.026  0.339  0.081  0.096  0.929
   0.11609     -1.114077  0.013  0.012  0.042  0.035  0.287  0.027  0.339  0.081  0.096  0.930
   0.13060     -1.113153  0.013  0.012  0.040  0.035  0.284  0.028  0.339  0.083  0.095  0.929
   0.14511     -1.113746  0.013  0.012  0.041  0.037  0.281  0.029  0.340  0.085  0.094  0.930
   0.15963     -1.115948  0.012  0.012  0.039  0.039  0.277  0.029  0.339  0.088  0.092  0.929
   0.17414     -1.119748  0.013  0.012  0.037  0.039  0.273  0.031  0.339  0.093  0.091  0.928
   0.18865     -1.125045  0.014  0.014  0.035  0.041  0.270  0.032  0.337  0.097  0.090  0.930
   0.20316     -1.131676  0.016  0.014  0.033  0.040  0.267  0.034  0.336  0.101  0.089  0.928
   0.21767     -1.139437  0.017  0.014  0.031  0.042  0.264  0.035  0.333  0.105  0.088  0.927
   0.23218     -1.148113  0.018  0.014  0.029  0.042  0.262  0.036  0.331  0.109  0.087  0.928
   0.24669     -1.157487  0.019  0.014  0.027  0.042  0.260  0.038  0.328  0.112  0.087  0.926
   0.26120     -1.167359  0.023  0.014  0.025  0.042  0.260  0.038  0.327  0.113  0.086  0.926
   0.27572     -1.177545  0.024  0.014  0.023  0.042  0.260  0.038  0.325  0.115  0.086  0.925
   0.29023     -1.187873  0.025  0.013  0.020  0.041  0.262  0.038  0.323  0.116  0.087  0.924
   0.30474     -1.198191  0.026  0.013  0.018  0.040  0.263  0.038  0.321  0.115  0.088  0.924
   0.31925     -1.208350  0.027  0.013  0.016  0.040  0.266  0.038  0.319  0.114  0.089  0.923
   0.33376     -1.218213  0.028  0.013  0.016  0.039  0.270  0.037  0.318  0.112  0.090  0.922
   0.34827     -1.227645  0.029  0.013  0.014  0.038  0.274  0.036  0.317  0.108  0.091  0.921
   0.36278     -1.236505  0.029  0.013  0.014  0.038  0.279  0.035  0.315  0.104  0.093  0.922
   0.37730     -1.244650  0.029  0.013  0.012  0.038  0.286  0.033  0.314  0.100  0.095  0.921
   0.39181     -1.251925  0.030  0.013  0.012  0.038  0.292  0.032  0.312  0.096  0.096  0.919
   0.40632     -1.258163  0.031  0.011  0.010  0.036  0.299  0.030  0.309  0.091  0.099  0.918
   0.42083     -1.263190  0.031  0.011  0.010  0.036  0.306  0.029  0.305  0.088  0.101  0.917
   0.43534     -1.266833  0.031  0.011  0.009  0.036  0.312  0.029  0.299  0.087  0.103  0.916
   0.44985     -1.268943  0.030  0.011  0.009  0.034  0.317  0.030  0.291  0.089  0.104  0.916
   0.46436     -1.269420  0.030  0.011  0.009  0.032  0.320  0.032  0.281  0.095  0.105  0.917
   0.47888     -1.268244  0.029  0.011  0.007  0.032  0.321  0.035  0.270  0.106  0.106  0.915
   0.49339     -1.265489  0.027  0.009  0.007  0.030  0.320  0.040  0.257  0.119  0.105  0.916
   0.50790     -1.261319  0.025  0.009  0.007  0.028  0.317  0.046  0.243  0.136  0.104  0.917
   0.52241     -1.255960  0.024  0.009  0.006  0.027  0.312  0.053  0.230  0.154  0.102  0.918
   0.53692     -1.249667  0.023  0.009  0.006  0.025  0.306  0.059  0.218  0.171  0.100  0.920
   0.55143     -1.242692  0.022  0.009  0.006  0.025  0.300  0.066  0.208  0.188  0.098  0.920
   0.56594     -1.235262  0.022  0.007  0.006  0.023  0.293  0.072  0.199  0.203  0.096  0.922
   0.56594     -1.235262  0.022  0.007  0.006  0.023  0.293  0.072  0.199  0.203  0.096  0.922
   0.58046     -1.227573  0.020  0.007  0.007  0.023  0.287  0.077  0.192  0.216  0.092  0.922
   0.59497     -1.219787  0.020  0.007  0.007  0.023  0.280  0.084  0.186  0.226  0.090  0.925
   0.60948     -1.212031  0.019  0.007  0.007  0.021  0.276  0.098  0.182  0.228  0.086  0.924
   0.62399     -1.203265  0.000  0.033  0.000  0.009  0.074  0.587  0.007  0.113  0.124  0.948
   0.63850     -1.190715  0.000  0.028  0.000  0.009  0.046  0.564  0.000  0.171  0.132  0.951
   0.65301     -1.180377  0.000  0.023  0.000  0.007  0.045  0.564  0.000  0.178  0.136  0.955
   0.66752     -1.172729  0.000  0.018  0.000  0.007  0.049  0.554  0.000  0.176  0.152  0.956
   0.68203     -1.167840  0.000  0.014  0.000  0.005  0.057  0.534  0.000  0.170  0.177  0.959
   0.69655     -1.165427  0.000  0.011  0.000  0.004  0.066  0.510  0.000  0.160  0.208  0.959
   0.71106     -1.165012  0.000  0.009  0.000  0.002  0.059  0.520  0.004  0.107  0.256  0.957
   0.72557     -1.160729  0.018  0.007  0.008  0.021  0.232  0.097  0.198  0.270  0.081  0.930
   0.74008     -1.156389  0.019  0.007  0.008  0.021  0.230  0.093  0.205  0.271  0.079  0.933
   0.75459     -1.152621  0.019  0.007  0.008  0.021  0.229  0.090  0.212  0.270  0.078  0.933
   0.76910     -1.149452  0.018  0.007  0.010  0.019  0.226  0.089  0.221  0.266  0.076  0.933
   0.78361     -1.146897  0.019  0.007  0.010  0.019  0.224  0.088  0.230  0.261  0.075  0.933
   0.79813     -1.144969  0.018  0.007  0.011  0.019  0.222  0.085  0.241  0.255  0.074  0.933
   0.81264     -1.143671  0.018  0.007  0.011  0.019  0.221  0.083  0.252  0.249  0.074  0.933
   0.82715     -1.142997  0.019  0.007  0.013  0.019  0.220  0.081  0.263  0.241  0.073  0.935
   0.84166     -1.142928  0.020  0.007  0.013  0.019  0.218  0.077  0.275  0.233  0.073  0.935
   0.85617     -1.143431  0.021  0.007  0.013  0.019  0.218  0.075  0.288  0.225  0.072  0.934
   0.87068     -1.144459  0.021  0.007  0.013  0.019  0.218  0.071  0.299  0.216  0.072  0.934
   0.88519     -1.145951  0.020  0.005  0.015  0.017  0.218  0.068  0.312  0.205  0.073  0.935
   0.89971     -1.147828  0.021  0.005  0.014  0.017  0.219  0.065  0.323  0.195  0.073  0.935
   0.91422     -1.149998  0.021  0.005  0.016  0.017  0.220  0.061  0.333  0.186  0.074  0.934
   0.92873     -1.152359  0.021  0.005  0.016  0.017  0.222  0.059  0.344  0.176  0.074  0.935
   0.94324     -1.154797  0.023  0.005  0.017  0.017  0.225  0.056  0.352  0.166  0.074  0.936
   0.95775     -1.157193  0.023  0.005  0.017  0.017  0.228  0.052  0.360  0.157  0.075  0.935
   0.97226     -1.159423  0.023  0.005  0.019  0.017  0.231  0.049  0.366  0.147  0.077  0.935
   0.98677     -1.161370  0.023  0.005  0.018  0.017  0.236  0.046  0.372  0.139  0.078  0.936
   1.00128     -1.162919  0.023  0.005  0.020  0.017  0.240  0.043  0.375  0.131  0.080  0.934
   1.01580     -1.163969  0.023  0.005  0.022  0.017  0.244  0.041  0.377  0.123  0.082  0.934
   1.03031     -1.164432  0.023  0.005  0.022  0.017  0.250  0.038  0.378  0.117  0.083  0.934
   1.04482     -1.164240  0.025  0.005  0.023  0.017  0.255  0.036  0.377  0.110  0.085  0.933
   1.05933     -1.163346  0.025  0.007  0.025  0.019  0.260  0.035  0.375  0.104  0.087  0.933
   1.07384     -1.161730  0.024  0.007  0.025  0.020  0.265  0.033  0.373  0.099  0.088  0.935
   1.08835     -1.159389  0.024  0.007  0.027  0.020  0.270  0.031  0.369  0.095  0.090  0.934
   1.10286     -1.156354  0.023  0.007  0.029  0.020  0.275  0.030  0.366  0.092  0.092  0.933
   1.11738     -1.152681  0.024  0.007  0.031  0.022  0.279  0.029  0.362  0.088  0.092  0.933
   1.13189     -1.148452  0.023  0.007  0.032  0.022  0.283  0.029  0.358  0.086  0.094  0.933
 
# Band-Index:   14
   1.13189     -0.869262  0.025  0.009  0.010  0.029  0.294  0.019  0.396  0.060  0.098  0.943
   1.11738     -0.860948  0.024  0.009  0.010  0.029  0.293  0.019  0.400  0.056  0.097  0.942
   1.10286     -0.852329  0.023  0.009  0.012  0.029  0.293  0.018  0.405  0.054  0.098  0.942
   1.08835     -0.843468  0.022  0.011  0.015  0.032  0.290  0.017  0.410  0.051  0.097  0.942
   1.07384     -0.834426  0.020  0.011  0.015  0.032  0.289  0.016  0.416  0.048  0.096  0.943
   1.05933     -0.825255  0.018  0.011  0.017  0.032  0.285  0.016  0.423  0.046  0.095  0.941
   1.04482     -0.816005  0.018  0.011  0.017  0.032  0.281  0.015  0.431  0.044  0.094  0.943
   1.03031     -0.806719  0.016  0.012  0.019  0.033  0.276  0.013  0.440  0.041  0.092  0.942
   1.01580     -0.797437  0.016  0.012  0.019  0.033  0.271  0.013  0.450  0.039  0.090  0.942
   1.00128     -0.788192  0.015  0.010  0.021  0.031  0.265  0.012  0.461  0.037  0.088  0.942
   0.98677     -0.779011  0.013  0.010  0.021  0.031  0.258  0.011  0.474  0.035  0.086  0.941
   0.97226     -0.769917  0.011  0.010  0.023  0.031  0.250  0.011  0.488  0.033  0.083  0.941
   0.95775     -0.760924  0.011  0.010  0.023  0.032  0.242  0.010  0.504  0.031  0.080  0.943
   0.94324     -0.752042  0.010  0.010  0.025  0.032  0.231  0.009  0.520  0.029  0.077  0.943
   0.92873     -0.743280  0.010  0.010  0.025  0.030  0.222  0.008  0.537  0.027  0.074  0.944
   0.91422     -0.734636  0.009  0.010  0.025  0.030  0.212  0.008  0.556  0.024  0.071  0.945
   0.89971     -0.726111  0.006  0.010  0.027  0.028  0.201  0.007  0.575  0.022  0.067  0.944
   0.88519     -0.717703  0.006  0.010  0.027  0.028  0.190  0.006  0.594  0.020  0.064  0.946
   0.87068     -0.709410  0.006  0.008  0.027  0.026  0.179  0.005  0.615  0.018  0.060  0.946
   0.85617     -0.701241  0.005  0.008  0.029  0.026  0.168  0.005  0.635  0.015  0.057  0.946
   0.84166     -0.693209  0.005  0.009  0.029  0.023  0.140  0.001  0.651  0.018  0.071  0.948
   0.82715     -0.725527  0.000  0.124  0.000  0.041  0.096  0.252  0.000  0.084  0.292  0.890
   0.81264     -0.758716  0.000  0.121  0.000  0.041  0.101  0.244  0.000  0.081  0.305  0.892
   0.79813     -0.791028  0.000  0.116  0.000  0.039  0.107  0.234  0.000  0.078  0.320  0.896
   0.78361     -0.822365  0.000  0.112  0.000  0.037  0.113  0.223  0.000  0.074  0.337  0.898
   0.76910     -0.852607  0.000  0.108  0.000  0.036  0.119  0.210  0.000  0.070  0.357  0.898
   0.75459     -0.881602  0.000  0.105  0.000  0.034  0.127  0.194  0.000  0.064  0.378  0.902
   0.74008     -0.909156  0.000  0.100  0.000  0.034  0.135  0.174  0.000  0.058  0.403  0.903
   0.72557     -0.935012  0.000  0.095  0.000  0.032  0.144  0.153  0.000  0.051  0.431  0.906
   0.71106     -0.958826  0.000  0.091  0.000  0.030  0.155  0.129  0.000  0.043  0.462  0.909
   0.69655     -0.980157  0.000  0.084  0.000  0.027  0.166  0.103  0.000  0.034  0.495  0.912
   0.68203     -0.998485  0.000  0.076  0.000  0.025  0.177  0.079  0.000  0.027  0.529  0.914
   0.66752     -1.013291  0.000  0.070  0.000  0.023  0.187  0.061  0.000  0.020  0.556  0.918
   0.65301     -1.024236  0.000  0.062  0.000  0.020  0.193  0.054  0.000  0.017  0.575  0.922
   0.63850     -1.031332  0.000  0.055  0.000  0.017  0.194  0.058  0.000  0.020  0.580  0.925
   0.62399     -1.034962  0.000  0.050  0.000  0.016  0.193  0.073  0.000  0.025  0.575  0.930
   0.60948     -1.035709  0.000  0.045  0.000  0.015  0.188  0.095  0.000  0.032  0.561  0.933
   0.59497     -1.034164  0.000  0.040  0.000  0.013  0.182  0.118  0.000  0.039  0.543  0.937
   0.58046     -1.030804  0.000  0.038  0.000  0.013  0.175  0.142  0.000  0.047  0.523  0.937
   0.56594     -1.025973  0.000  0.038  0.000  0.013  0.168  0.163  0.000  0.054  0.503  0.940
   0.56594     -1.025973  0.000  0.038  0.000  0.013  0.168  0.163  0.000  0.054  0.503  0.940
   0.55143     -1.019899  0.000  0.038  0.000  0.013  0.161  0.184  0.000  0.061  0.484  0.940
   0.53692     -1.012724  0.000  0.038  0.000  0.013  0.156  0.203  0.000  0.067  0.465  0.941
   0.52241     -1.004528  0.000  0.038  0.000  0.013  0.149  0.220  0.000  0.074  0.446  0.942
   0.50790     -0.995344  0.000  0.040  0.000  0.013  0.143  0.237  0.000  0.079  0.429  0.939
   0.49339     -0.985179  0.000  0.042  0.000  0.015  0.137  0.252  0.000  0.084  0.411  0.941
   0.47888     -0.974017  0.000  0.045  0.000  0.015  0.131  0.266  0.000  0.089  0.394  0.940
   0.46436     -0.961830  0.000  0.047  0.000  0.015  0.126  0.279  0.000  0.093  0.377  0.938
   0.44985     -0.948583  0.000  0.050  0.000  0.017  0.120  0.291  0.000  0.097  0.360  0.936
   0.43534     -0.934235  0.000  0.055  0.000  0.018  0.115  0.303  0.000  0.101  0.344  0.935
   0.42083     -0.918747  0.000  0.057  0.000  0.020  0.110  0.313  0.000  0.105  0.329  0.933
   0.40632     -0.902079  0.000  0.061  0.000  0.020  0.105  0.322  0.000  0.107  0.314  0.933
   0.39181     -0.884199  0.000  0.067  0.000  0.022  0.100  0.331  0.000  0.110  0.300  0.929
   0.37730     -0.865083  0.000  0.071  0.000  0.024  0.095  0.338  0.000  0.113  0.286  0.927
   0.36278     -0.844714  0.000  0.076  0.000  0.024  0.091  0.345  0.000  0.114  0.272  0.923
   0.34827     -0.823083  0.000  0.081  0.000  0.027  0.086  0.350  0.000  0.117  0.259  0.920
   0.33376     -0.802572  0.031  0.005  0.027  0.018  0.218  0.046  0.381  0.136  0.072  0.938
   0.31925     -0.814266  0.032  0.005  0.025  0.017  0.226  0.046  0.373  0.137  0.075  0.937
   0.30474     -0.825768  0.033  0.005  0.023  0.017  0.232  0.046  0.365  0.135  0.077  0.938
   0.29023     -0.837023  0.034  0.005  0.023  0.017  0.239  0.045  0.358  0.135  0.079  0.938
   0.27572     -0.847962  0.034  0.005  0.020  0.017  0.245  0.044  0.353  0.134  0.082  0.937
   0.26120     -0.858507  0.036  0.005  0.018  0.017  0.250  0.044  0.348  0.133  0.084  0.938
   0.24669     -0.868562  0.037  0.007  0.017  0.018  0.256  0.043  0.345  0.132  0.085  0.938
   0.23218     -0.878003  0.037  0.007  0.016  0.018  0.261  0.043  0.342  0.130  0.086  0.938
   0.21767     -0.886693  0.039  0.007  0.014  0.018  0.264  0.042  0.341  0.128  0.088  0.938
   0.20316     -0.894470  0.039  0.006  0.012  0.017  0.268  0.041  0.340  0.125  0.090  0.939
   0.18865     -0.901159  0.041  0.006  0.010  0.017  0.271  0.040  0.341  0.122  0.090  0.941
   0.17414     -0.906583  0.039  0.006  0.008  0.019  0.274  0.040  0.343  0.119  0.091  0.940
   0.15963     -0.910584  0.039  0.006  0.006  0.020  0.276  0.039  0.346  0.115  0.092  0.939
   0.14511     -0.913051  0.040  0.006  0.004  0.021  0.279  0.037  0.351  0.111  0.093  0.941
   0.13060     -0.913940  0.038  0.006  0.004  0.021  0.280  0.035  0.356  0.105  0.094  0.939
   0.11609     -0.913286  0.037  0.008  0.002  0.023  0.282  0.033  0.361  0.099  0.094  0.940
   0.10158     -0.911191  0.035  0.008  0.002  0.023  0.285  0.031  0.367  0.094  0.095  0.942
   0.08707     -0.907807  0.034  0.008  0.004  0.025  0.286  0.029  0.372  0.088  0.095  0.941
   0.07256     -0.903304  0.033  0.009  0.004  0.026  0.288  0.027  0.376  0.082  0.096  0.941
   0.05805     -0.897851  0.030  0.009  0.004  0.026  0.290  0.026  0.381  0.076  0.096  0.941
   0.04353     -0.891597  0.030  0.009  0.006  0.028  0.291  0.024  0.385  0.072  0.097  0.942
   0.02902     -0.884676  0.029  0.009  0.008  0.028  0.293  0.022  0.389  0.068  0.098  0.941
   0.01451     -0.877198  0.025  0.009  0.008  0.029  0.293  0.021  0.392  0.063  0.098  0.942
   0.00000     -0.869262  0.025  0.009  0.010  0.029  0.294  0.019  0.396  0.060  0.098  0.943
 
# Band-Index:   15
   0.00000     -0.286715  0.060  0.013  0.142  0.040  0.085  0.076  0.198  0.228  0.028  0.871
   0.01451     -0.317757  0.062  0.013  0.135  0.038  0.085  0.077  0.209  0.229  0.028  0.876
   0.02902     -0.348034  0.063  0.013  0.127  0.036  0.085  0.077  0.219  0.230  0.029  0.878
   0.04353     -0.377064  0.065  0.011  0.120  0.033  0.087  0.077  0.231  0.231  0.029  0.884
   0.05805     -0.404512  0.066  0.011  0.113  0.031  0.087  0.078  0.244  0.231  0.029  0.886
   0.07256     -0.430097  0.066  0.010  0.107  0.028  0.088  0.077  0.257  0.231  0.029  0.892
   0.08707     -0.453632  0.066  0.008  0.099  0.026  0.090  0.077  0.271  0.230  0.030  0.897
   0.10158     -0.474973  0.066  0.008  0.094  0.024  0.091  0.076  0.284  0.228  0.031  0.901
   0.11609     -0.494022  0.068  0.008  0.087  0.022  0.094  0.076  0.298  0.225  0.031  0.906
   0.13060     -0.510733  0.067  0.006  0.081  0.019  0.095  0.074  0.313  0.221  0.032  0.910
   0.14511     -0.525097  0.067  0.006  0.076  0.017  0.098  0.073  0.327  0.218  0.033  0.914
   0.15963     -0.537145  0.064  0.006  0.072  0.015  0.100  0.071  0.342  0.214  0.034  0.918
   0.17414     -0.546950  0.063  0.004  0.066  0.012  0.103  0.070  0.356  0.210  0.035  0.923
   0.18865     -0.554613  0.062  0.004  0.064  0.012  0.106  0.068  0.369  0.206  0.036  0.926
   0.20316     -0.560269  0.061  0.004  0.060  0.010  0.109  0.067  0.380  0.201  0.038  0.929
   0.21767     -0.574870  0.000  0.131  0.000  0.043  0.056  0.363  0.000  0.121  0.177  0.890
   0.23218     -0.606730  0.000  0.123  0.000  0.041  0.060  0.364  0.000  0.121  0.181  0.894
   0.24669     -0.637646  0.000  0.119  0.000  0.039  0.062  0.365  0.000  0.122  0.189  0.896
   0.26120     -0.667553  0.000  0.114  0.000  0.039  0.065  0.365  0.000  0.121  0.197  0.899
   0.27572     -0.696396  0.000  0.108  0.000  0.037  0.068  0.365  0.000  0.122  0.206  0.904
   0.29023     -0.724122  0.000  0.103  0.000  0.034  0.071  0.363  0.000  0.121  0.214  0.907
   0.30474     -0.750688  0.000  0.097  0.000  0.032  0.075  0.361  0.000  0.121  0.225  0.911
   0.31925     -0.776054  0.000  0.091  0.000  0.030  0.079  0.359  0.000  0.119  0.236  0.915
   0.33376     -0.800193  0.000  0.086  0.000  0.030  0.083  0.354  0.000  0.119  0.247  0.918
   0.34827     -0.790730  0.031  0.005  0.027  0.018  0.211  0.045  0.391  0.136  0.070  0.937
   0.36278     -0.778783  0.030  0.005  0.029  0.018  0.203  0.045  0.401  0.136  0.067  0.938
   0.37730     -0.766771  0.029  0.005  0.029  0.018  0.194  0.045  0.413  0.135  0.064  0.937
   0.39181     -0.754732  0.029  0.005  0.031  0.018  0.186  0.044  0.427  0.134  0.062  0.936
   0.40632     -0.742708  0.028  0.005  0.031  0.019  0.177  0.044  0.442  0.132  0.059  0.937
   0.42083     -0.730743  0.027  0.005  0.033  0.019  0.167  0.042  0.458  0.129  0.056  0.937
   0.43534     -0.718890  0.025  0.005  0.033  0.019  0.158  0.041  0.477  0.125  0.053  0.938
   0.44985     -0.707215  0.024  0.005  0.033  0.017  0.148  0.040  0.498  0.121  0.050  0.938
   0.46436     -0.695791  0.023  0.005  0.035  0.017  0.137  0.038  0.521  0.116  0.046  0.940
   0.47888     -0.684703  0.021  0.005  0.035  0.017  0.127  0.037  0.547  0.109  0.042  0.941
   0.49339     -0.674063  0.020  0.005  0.035  0.015  0.116  0.034  0.574  0.101  0.039  0.941
   0.50790     -0.663982  0.017  0.005  0.037  0.016  0.106  0.031  0.604  0.093  0.035  0.943
   0.52241     -0.654592  0.015  0.004  0.037  0.014  0.096  0.027  0.636  0.083  0.032  0.944
   0.53692     -0.646027  0.014  0.004  0.037  0.014  0.086  0.024  0.667  0.072  0.028  0.947
   0.55143     -0.638425  0.011  0.004  0.037  0.012  0.077  0.020  0.700  0.062  0.026  0.949
   0.56594     -0.631908  0.009  0.004  0.037  0.013  0.068  0.017  0.730  0.051  0.023  0.951
   0.56594     -0.631908  0.009  0.004  0.037  0.013  0.068  0.017  0.730  0.051  0.023  0.951
   0.58046     -0.626580  0.007  0.004  0.037  0.010  0.062  0.014  0.757  0.040  0.021  0.952
   0.59497     -0.622505  0.006  0.004  0.037  0.010  0.057  0.011  0.780  0.031  0.019  0.954
   0.60948     -0.619715  0.004  0.002  0.036  0.009  0.055  0.008  0.799  0.023  0.018  0.955
   0.62399     -0.618197  0.004  0.002  0.036  0.009  0.054  0.006  0.812  0.016  0.018  0.957
   0.63850     -0.617908  0.002  0.002  0.034  0.008  0.054  0.004  0.820  0.011  0.018  0.958
   0.65301     -0.618774  0.001  0.003  0.034  0.010  0.056  0.003  0.824  0.008  0.019  0.957
   0.66752     -0.620705  0.001  0.005  0.034  0.011  0.060  0.001  0.822  0.005  0.020  0.957
   0.68203     -0.623602  0.001  0.005  0.034  0.011  0.065  0.001  0.819  0.003  0.022  0.959
   0.69655     -0.627362  0.001  0.005  0.032  0.013  0.069  0.001  0.812  0.002  0.023  0.957
   0.71106     -0.631883  0.001  0.004  0.032  0.012  0.076  0.000  0.802  0.001  0.025  0.956
   0.72557     -0.637068  0.001  0.004  0.032  0.015  0.083  0.000  0.791  0.002  0.027  0.956
   0.74008     -0.642826  0.001  0.004  0.032  0.015  0.091  0.001  0.778  0.002  0.030  0.954
   0.75459     -0.649074  0.001  0.006  0.030  0.017  0.099  0.001  0.762  0.003  0.033  0.953
   0.76910     -0.655736  0.001  0.006  0.030  0.019  0.107  0.001  0.747  0.005  0.036  0.953
   0.78361     -0.662742  0.002  0.006  0.030  0.019  0.117  0.002  0.730  0.006  0.039  0.952
   0.79813     -0.670038  0.004  0.006  0.030  0.021  0.127  0.002  0.712  0.008  0.042  0.950
   0.81264     -0.677571  0.004  0.008  0.029  0.023  0.137  0.003  0.693  0.009  0.045  0.950
   0.82715     -0.685302  0.004  0.008  0.029  0.023  0.148  0.004  0.674  0.011  0.048  0.949
   0.84166     -0.691535  0.000  0.127  0.000  0.045  0.111  0.262  0.004  0.080  0.260  0.890
   0.85617     -0.656848  0.000  0.133  0.000  0.043  0.090  0.265  0.000  0.088  0.267  0.886
   0.87068     -0.621507  0.000  0.137  0.000  0.046  0.086  0.269  0.000  0.090  0.257  0.882
   0.88519     -0.585590  0.000  0.140  0.000  0.046  0.083  0.272  0.000  0.090  0.248  0.881
   0.89971     -0.549168  0.000  0.144  0.000  0.048  0.080  0.275  0.000  0.092  0.239  0.878
   0.91422     -0.512310  0.000  0.149  0.000  0.050  0.077  0.278  0.000  0.092  0.230  0.876
   0.92873     -0.475106  0.000  0.154  0.000  0.051  0.075  0.279  0.000  0.093  0.223  0.873
   0.94324     -0.437643  0.000  0.157  0.000  0.053  0.072  0.280  0.000  0.093  0.215  0.870
   0.95775     -0.400034  0.000  0.160  0.000  0.054  0.070  0.281  0.000  0.093  0.209  0.868
   0.97226     -0.362410  0.000  0.165  0.000  0.055  0.067  0.282  0.000  0.094  0.202  0.866
   0.98677     -0.324951  0.000  0.168  0.000  0.056  0.066  0.282  0.000  0.094  0.197  0.863
   1.00128     -0.287888  0.000  0.173  0.000  0.059  0.064  0.281  0.000  0.093  0.191  0.861
   1.01580     -0.251528  0.000  0.177  0.000  0.059  0.062  0.281  0.000  0.092  0.186  0.859
   1.03031     -0.216315  0.000  0.183  0.000  0.061  0.060  0.279  0.000  0.092  0.181  0.857
   1.04482     -0.182884  0.000  0.187  0.000  0.063  0.059  0.278  0.000  0.090  0.175  0.854
   1.05933     -0.156271  0.055  0.007  0.146  0.056  0.084  0.109  0.152  0.233  0.024  0.869
   1.07384     -0.173330  0.055  0.014  0.157  0.048  0.081  0.082  0.162  0.239  0.027  0.865
   1.08835     -0.197150  0.056  0.014  0.157  0.046  0.083  0.079  0.170  0.232  0.028  0.865
   1.10286     -0.225231  0.056  0.014  0.153  0.044  0.084  0.077  0.179  0.228  0.028  0.865
   1.11738     -0.255555  0.058  0.015  0.149  0.042  0.084  0.076  0.188  0.228  0.028  0.868
   1.13189     -0.286715  0.060  0.013  0.142  0.040  0.085  0.076  0.198  0.228  0.028  0.871
 
# Band-Index:   16
   1.13189     -0.095189  0.000  0.206  0.000  0.069  0.048  0.284  0.000  0.095  0.142  0.843
   1.11738     -0.088326  0.000  0.208  0.000  0.069  0.049  0.278  0.000  0.093  0.147  0.843
   1.10286     -0.091615  0.000  0.206  0.000  0.067  0.052  0.273  0.000  0.092  0.153  0.844
   1.08835     -0.104573  0.000  0.203  0.000  0.067  0.054  0.271  0.000  0.092  0.160  0.846
   1.07384     -0.125449  0.000  0.198  0.000  0.066  0.055  0.271  0.000  0.093  0.166  0.848
   1.05933     -0.152116  0.000  0.201  0.002  0.054  0.054  0.251  0.001  0.114  0.174  0.851
   1.04482     -0.147842  0.058  0.017  0.132  0.044  0.081  0.090  0.146  0.278  0.028  0.877
   1.03031     -0.148168  0.062  0.014  0.114  0.042  0.085  0.099  0.139  0.299  0.029  0.885
   1.01580     -0.155242  0.066  0.014  0.098  0.039  0.090  0.106  0.134  0.316  0.030  0.893
   1.00128     -0.166550  0.069  0.011  0.085  0.036  0.096  0.110  0.129  0.330  0.032  0.900
   0.98677     -0.180091  0.072  0.011  0.074  0.034  0.101  0.114  0.124  0.340  0.034  0.904
   0.97226     -0.194561  0.075  0.011  0.065  0.031  0.106  0.116  0.120  0.348  0.036  0.910
   0.95775     -0.209168  0.076  0.011  0.059  0.031  0.112  0.118  0.117  0.354  0.037  0.911
   0.94324     -0.223440  0.076  0.009  0.053  0.029  0.117  0.119  0.113  0.359  0.039  0.917
   0.92873     -0.237119  0.077  0.009  0.047  0.028  0.123  0.121  0.108  0.362  0.041  0.919
   0.91422     -0.250070  0.076  0.009  0.043  0.028  0.129  0.121  0.104  0.365  0.043  0.921
   0.89971     -0.262243  0.076  0.009  0.041  0.028  0.135  0.123  0.099  0.367  0.045  0.921
   0.88519     -0.273636  0.077  0.008  0.037  0.027  0.140  0.123  0.093  0.369  0.047  0.923
   0.87068     -0.284294  0.076  0.008  0.036  0.027  0.146  0.124  0.087  0.371  0.049  0.924
   0.85617     -0.294288  0.075  0.010  0.034  0.029  0.152  0.124  0.080  0.372  0.051  0.924
   0.84166     -0.303706  0.074  0.010  0.032  0.029  0.157  0.125  0.074  0.373  0.053  0.925
   0.82715     -0.312646  0.073  0.010  0.031  0.028  0.162  0.124  0.067  0.374  0.054  0.925
   0.81264     -0.321213  0.073  0.010  0.029  0.030  0.167  0.125  0.060  0.375  0.056  0.924
   0.79813     -0.329510  0.072  0.010  0.028  0.031  0.173  0.125  0.052  0.375  0.058  0.925
   0.78361     -0.337635  0.070  0.010  0.028  0.033  0.178  0.125  0.045  0.375  0.059  0.923
   0.76910     -0.345680  0.069  0.012  0.026  0.035  0.183  0.126  0.037  0.376  0.061  0.923
   0.75459     -0.353715  0.069  0.012  0.026  0.035  0.187  0.125  0.030  0.375  0.062  0.921
   0.74008     -0.361806  0.068  0.012  0.027  0.037  0.191  0.125  0.023  0.375  0.064  0.921
   0.72557     -0.369987  0.066  0.012  0.027  0.037  0.195  0.125  0.017  0.375  0.065  0.921
   0.71106     -0.378275  0.065  0.012  0.025  0.039  0.200  0.124  0.012  0.374  0.066  0.918
   0.69655     -0.386667  0.065  0.012  0.026  0.039  0.203  0.124  0.008  0.372  0.068  0.918
   0.68203     -0.395135  0.064  0.012  0.026  0.039  0.206  0.123  0.006  0.370  0.069  0.917
   0.66752     -0.403628  0.063  0.012  0.026  0.039  0.210  0.123  0.006  0.367  0.070  0.917
   0.65301     -0.412076  0.063  0.012  0.026  0.039  0.212  0.121  0.009  0.362  0.070  0.915
   0.63850     -0.420404  0.062  0.012  0.025  0.040  0.214  0.119  0.016  0.357  0.072  0.917
   0.62399     -0.428523  0.059  0.012  0.025  0.040  0.215  0.117  0.027  0.350  0.072  0.918
   0.60948     -0.436353  0.060  0.012  0.025  0.038  0.215  0.113  0.043  0.342  0.071  0.919
   0.59497     -0.443827  0.057  0.012  0.025  0.036  0.213  0.111  0.063  0.332  0.071  0.920
   0.58046     -0.450906  0.055  0.010  0.025  0.034  0.211  0.107  0.088  0.320  0.071  0.923
   0.56594     -0.457581  0.053  0.011  0.027  0.032  0.206  0.102  0.117  0.307  0.069  0.925
   0.56594     -0.457581  0.053  0.011  0.027  0.032  0.206  0.102  0.117  0.307  0.069  0.925
   0.55143     -0.463879  0.054  0.011  0.026  0.030  0.202  0.098  0.149  0.294  0.067  0.928
   0.53692     -0.469851  0.052  0.009  0.026  0.028  0.197  0.094  0.181  0.280  0.065  0.931
   0.52241     -0.475571  0.049  0.009  0.028  0.026  0.191  0.089  0.214  0.268  0.064  0.934
   0.50790     -0.481120  0.048  0.007  0.028  0.022  0.184  0.085  0.245  0.255  0.061  0.938
   0.49339     -0.486580  0.046  0.007  0.027  0.020  0.179  0.081  0.274  0.243  0.060  0.940
   0.47888     -0.492018  0.045  0.007  0.029  0.018  0.173  0.078  0.301  0.233  0.057  0.941
   0.46436     -0.497493  0.045  0.005  0.029  0.016  0.167  0.075  0.325  0.223  0.056  0.944
   0.44985     -0.503038  0.044  0.005  0.031  0.014  0.163  0.072  0.347  0.216  0.054  0.946
   0.43534     -0.508674  0.045  0.005  0.031  0.014  0.158  0.069  0.365  0.208  0.053  0.947
   0.42083     -0.514400  0.043  0.005  0.032  0.012  0.154  0.068  0.381  0.201  0.051  0.948
   0.40632     -0.520197  0.044  0.003  0.034  0.010  0.150  0.065  0.394  0.197  0.050  0.948
   0.39181     -0.526027  0.045  0.003  0.034  0.010  0.146  0.064  0.406  0.193  0.048  0.949
   0.37730     -0.531837  0.046  0.003  0.035  0.008  0.143  0.063  0.414  0.189  0.048  0.949
   0.36278     -0.537557  0.047  0.003  0.037  0.008  0.140  0.062  0.421  0.186  0.047  0.949
   0.34827     -0.543099  0.047  0.003  0.038  0.006  0.137  0.062  0.426  0.184  0.045  0.949
   0.33376     -0.548365  0.048  0.003  0.038  0.006  0.134  0.061  0.429  0.183  0.045  0.948
   0.31925     -0.553239  0.049  0.003  0.040  0.006  0.132  0.061  0.429  0.183  0.043  0.946
   0.30474     -0.557591  0.050  0.003  0.042  0.007  0.129  0.061  0.429  0.183  0.043  0.945
   0.29023     -0.561279  0.052  0.003  0.044  0.007  0.126  0.062  0.427  0.184  0.042  0.944
   0.27572     -0.564150  0.053  0.003  0.045  0.007  0.124  0.062  0.422  0.185  0.041  0.944
   0.26120     -0.566040  0.054  0.003  0.049  0.007  0.121  0.062  0.417  0.187  0.040  0.940
   0.24669     -0.566775  0.055  0.003  0.051  0.007  0.119  0.063  0.410  0.190  0.039  0.938
   0.23218     -0.566177  0.058  0.003  0.053  0.007  0.116  0.064  0.402  0.193  0.038  0.936
   0.21767     -0.564062  0.060  0.003  0.057  0.010  0.114  0.066  0.392  0.197  0.035  0.932
   0.20316     -0.542133  0.000  0.135  0.000  0.046  0.058  0.361  0.000  0.121  0.167  0.886
   0.18865     -0.508603  0.000  0.142  0.000  0.047  0.054  0.358  0.000  0.120  0.162  0.882
   0.17414     -0.474370  0.000  0.147  0.000  0.048  0.053  0.356  0.000  0.118  0.157  0.878
   0.15963     -0.439526  0.000  0.151  0.000  0.050  0.051  0.352  0.000  0.118  0.151  0.874
   0.14511     -0.404196  0.000  0.157  0.000  0.052  0.050  0.350  0.000  0.116  0.148  0.872
   0.13060     -0.368516  0.000  0.162  0.000  0.055  0.048  0.345  0.000  0.115  0.143  0.868
   0.11609     -0.332662  0.000  0.168  0.000  0.055  0.047  0.341  0.000  0.113  0.140  0.865
   0.10158     -0.296855  0.000  0.173  0.000  0.057  0.046  0.336  0.000  0.112  0.137  0.861
   0.08707     -0.261391  0.000  0.178  0.000  0.059  0.045  0.331  0.000  0.110  0.135  0.858
   0.07256     -0.226673  0.000  0.184  0.000  0.061  0.045  0.325  0.000  0.108  0.133  0.856
   0.05805     -0.193272  0.000  0.188  0.000  0.063  0.045  0.319  0.000  0.106  0.132  0.852
   0.04353     -0.162007  0.000  0.194  0.000  0.066  0.044  0.311  0.000  0.104  0.132  0.849
   0.02902     -0.134074  0.000  0.198  0.000  0.065  0.044  0.303  0.000  0.101  0.134  0.847
   0.01451     -0.111113  0.000  0.203  0.000  0.068  0.046  0.294  0.000  0.099  0.136  0.844
   0.00000     -0.095189  0.000  0.206  0.000  0.069  0.048  0.284  0.000  0.095  0.142  0.843
 
# Band-Index:   17
   0.00000      0.189415  0.071  0.009  0.097  0.029  0.120  0.108  0.097  0.320  0.041  0.892
   0.01451      0.221366  0.070  0.009  0.101  0.031  0.119  0.106  0.094  0.317  0.040  0.889
   0.02902      0.255280  0.066  0.011  0.110  0.033  0.118  0.104  0.092  0.312  0.040  0.887
   0.04353      0.290696  0.065  0.011  0.117  0.033  0.119  0.103  0.090  0.305  0.040  0.886
   0.05805      0.327238  0.061  0.011  0.126  0.035  0.120  0.101  0.087  0.300  0.041  0.883
   0.07256      0.364574  0.057  0.011  0.132  0.037  0.122  0.099  0.085  0.294  0.041  0.879
   0.08707      0.402381  0.055  0.011  0.141  0.037  0.124  0.097  0.083  0.288  0.042  0.879
   0.10158      0.440364  0.051  0.011  0.150  0.039  0.126  0.095  0.080  0.282  0.043  0.878
   0.11609      0.478222  0.047  0.013  0.156  0.039  0.129  0.093  0.077  0.275  0.043  0.874
   0.13060      0.515649  0.045  0.013  0.165  0.039  0.132  0.090  0.074  0.269  0.044  0.874
   0.14511      0.552349  0.041  0.013  0.174  0.040  0.137  0.088  0.072  0.263  0.046  0.872
   0.15963      0.588011  0.038  0.013  0.182  0.040  0.140  0.086  0.069  0.257  0.048  0.871
   0.17414      0.622336  0.034  0.013  0.189  0.040  0.145  0.084  0.067  0.251  0.049  0.871
   0.18865      0.655040  0.032  0.013  0.197  0.039  0.150  0.082  0.064  0.245  0.050  0.871
   0.20316      0.685848  0.028  0.013  0.203  0.039  0.154  0.080  0.062  0.239  0.051  0.869
   0.21767      0.714498  0.024  0.013  0.210  0.039  0.159  0.078  0.061  0.233  0.054  0.870
   0.23218      0.740756  0.022  0.012  0.216  0.036  0.164  0.076  0.059  0.227  0.055  0.870
   0.24669      0.764453  0.020  0.012  0.222  0.036  0.170  0.074  0.057  0.221  0.057  0.868
   0.26120      0.785427  0.018  0.012  0.226  0.036  0.176  0.072  0.055  0.215  0.059  0.868
   0.27572      0.803573  0.016  0.010  0.230  0.033  0.181  0.070  0.054  0.209  0.060  0.867
   0.29023      0.818835  0.016  0.010  0.234  0.033  0.187  0.068  0.053  0.203  0.063  0.868
   0.30474      0.831206  0.014  0.010  0.237  0.031  0.193  0.066  0.052  0.197  0.064  0.866
   0.31925      0.840729  0.015  0.010  0.239  0.029  0.199  0.064  0.052  0.192  0.066  0.866
   0.33376      0.847492  0.014  0.008  0.243  0.027  0.204  0.062  0.051  0.186  0.069  0.866
   0.34827      0.851623  0.015  0.008  0.244  0.025  0.210  0.060  0.051  0.180  0.070  0.864
   0.36278      0.853285  0.017  0.008  0.244  0.025  0.215  0.058  0.050  0.175  0.072  0.864
   0.37730      0.852671  0.017  0.008  0.245  0.023  0.220  0.056  0.051  0.169  0.074  0.863
   0.39181      0.849983  0.018  0.006  0.245  0.021  0.226  0.055  0.051  0.165  0.075  0.862
   0.40632      0.845451  0.020  0.006  0.246  0.020  0.231  0.054  0.051  0.160  0.077  0.862
   0.42083      0.839305  0.020  0.006  0.245  0.018  0.235  0.052  0.052  0.154  0.078  0.861
   0.43534      0.831773  0.021  0.004  0.245  0.016  0.239  0.050  0.053  0.150  0.080  0.862
   0.44985      0.823085  0.023  0.004  0.246  0.014  0.243  0.048  0.054  0.145  0.081  0.862
   0.46436      0.813450  0.025  0.004  0.247  0.012  0.247  0.047  0.054  0.141  0.083  0.859
   0.47888      0.803084  0.027  0.003  0.246  0.011  0.251  0.046  0.056  0.137  0.084  0.859
   0.49339      0.792171  0.028  0.003  0.246  0.009  0.254  0.044  0.057  0.133  0.084  0.858
   0.50790      0.780891  0.029  0.003  0.246  0.009  0.257  0.043  0.058  0.130  0.086  0.860
   0.52241      0.769393  0.031  0.003  0.247  0.007  0.259  0.042  0.059  0.126  0.086  0.859
   0.53692      0.757818  0.030  0.001  0.247  0.005  0.261  0.041  0.060  0.123  0.087  0.860
   0.55143      0.746280  0.031  0.001  0.249  0.005  0.263  0.039  0.062  0.119  0.088  0.858
   0.56594      0.734877  0.032  0.001  0.248  0.005  0.264  0.039  0.062  0.117  0.088  0.858
   0.56594      0.734877  0.032  0.001  0.248  0.005  0.264  0.039  0.062  0.117  0.088  0.858
   0.58046      0.723679  0.032  0.001  0.250  0.004  0.265  0.039  0.063  0.115  0.088  0.857
   0.59497      0.712738  0.032  0.001  0.252  0.004  0.265  0.037  0.064  0.113  0.089  0.858
   0.60948      0.702078  0.032  0.001  0.252  0.004  0.265  0.037  0.065  0.111  0.088  0.856
   0.62399      0.691701  0.033  0.001  0.255  0.004  0.264  0.037  0.066  0.109  0.088  0.855
   0.63850      0.681576  0.032  0.001  0.256  0.004  0.263  0.036  0.067  0.109  0.088  0.855
   0.65301      0.671662  0.031  0.001  0.259  0.004  0.262  0.036  0.067  0.108  0.087  0.854
   0.66752      0.661871  0.031  0.001  0.261  0.006  0.259  0.036  0.068  0.108  0.087  0.854
   0.68203      0.652110  0.030  0.001  0.262  0.005  0.256  0.036  0.068  0.109  0.085  0.853
   0.69655      0.642239  0.029  0.003  0.263  0.007  0.252  0.036  0.068  0.110  0.084  0.852
   0.71106      0.632112  0.027  0.003  0.266  0.008  0.248  0.037  0.069  0.111  0.083  0.853
   0.72557      0.621552  0.026  0.003  0.269  0.010  0.245  0.038  0.069  0.113  0.081  0.852
   0.74008      0.610372  0.026  0.003  0.269  0.010  0.240  0.038  0.069  0.115  0.080  0.852
   0.75459      0.598370  0.025  0.005  0.270  0.012  0.235  0.039  0.069  0.117  0.078  0.849
   0.76910      0.585335  0.023  0.005  0.270  0.014  0.230  0.040  0.070  0.121  0.077  0.850
   0.78361      0.571067  0.023  0.005  0.270  0.016  0.224  0.041  0.070  0.124  0.075  0.849
   0.79813      0.555376  0.022  0.007  0.271  0.018  0.218  0.043  0.071  0.128  0.073  0.850
   0.81264      0.538080  0.021  0.007  0.269  0.020  0.212  0.044  0.071  0.132  0.071  0.849
   0.82715      0.519030  0.021  0.007  0.268  0.022  0.206  0.046  0.072  0.136  0.069  0.847
   0.84166      0.498108  0.023  0.009  0.266  0.024  0.201  0.047  0.074  0.141  0.067  0.849
   0.85617      0.475238  0.022  0.009  0.263  0.027  0.195  0.048  0.075  0.146  0.065  0.849
   0.87068      0.450391  0.024  0.009  0.259  0.027  0.188  0.051  0.077  0.151  0.063  0.848
   0.88519      0.423588  0.026  0.008  0.255  0.028  0.183  0.052  0.078  0.156  0.061  0.848
   0.89971      0.394914  0.026  0.009  0.249  0.029  0.178  0.054  0.081  0.162  0.059  0.849
   0.91422      0.364525  0.029  0.011  0.243  0.031  0.172  0.056  0.083  0.168  0.057  0.850
   0.92873      0.332609  0.032  0.011  0.235  0.032  0.167  0.058  0.086  0.175  0.056  0.851
   0.94324      0.299476  0.035  0.011  0.226  0.032  0.162  0.061  0.090  0.182  0.054  0.853
   0.95775      0.265531  0.038  0.011  0.218  0.032  0.159  0.063  0.093  0.190  0.053  0.854
   0.97226      0.231316  0.042  0.011  0.207  0.033  0.154  0.066  0.096  0.199  0.051  0.858
   0.98677      0.197580  0.046  0.009  0.194  0.030  0.151  0.070  0.099  0.209  0.050  0.860
   1.00128      0.165404  0.051  0.009  0.179  0.028  0.149  0.074  0.101  0.222  0.050  0.864
   1.01580      0.136391  0.055  0.010  0.162  0.027  0.147  0.079  0.104  0.237  0.048  0.870
   1.03031      0.112812  0.063  0.008  0.140  0.024  0.145  0.085  0.104  0.257  0.048  0.878
   1.04482      0.097455  0.067  0.007  0.120  0.022  0.143  0.093  0.104  0.280  0.047  0.885
   1.05933      0.092535  0.073  0.007  0.102  0.023  0.138  0.100  0.103  0.300  0.046  0.892
   1.07384      0.098258  0.076  0.007  0.091  0.022  0.133  0.105  0.102  0.314  0.044  0.895
   1.08835      0.112880  0.076  0.008  0.086  0.024  0.129  0.108  0.101  0.322  0.042  0.896
   1.10286      0.134093  0.075  0.008  0.088  0.027  0.125  0.109  0.100  0.325  0.042  0.897
   1.11738      0.160038  0.075  0.010  0.090  0.027  0.121  0.108  0.098  0.324  0.041  0.895
   1.13189      0.189415  0.071  0.009  0.097  0.029  0.120  0.108  0.097  0.320  0.041  0.892
 
# Band-Index:   18
   1.13189      0.294320  0.000  0.179  0.000  0.059  0.036  0.352  0.000  0.119  0.107  0.850
   1.11738      0.287270  0.000  0.178  0.000  0.059  0.034  0.356  0.000  0.120  0.102  0.850
   1.10286      0.290889  0.000  0.179  0.000  0.059  0.033  0.358  0.000  0.120  0.098  0.850
   1.08835      0.304673  0.000  0.183  0.000  0.061  0.031  0.358  0.000  0.120  0.094  0.847
   1.07384      0.326852  0.000  0.189  0.000  0.063  0.030  0.355  0.000  0.119  0.090  0.844
   1.05933      0.355319  0.000  0.193  0.000  0.065  0.029  0.351  0.000  0.117  0.087  0.842
   1.04482      0.388256  0.000  0.198  0.000  0.067  0.029  0.347  0.000  0.116  0.086  0.839
   1.03031      0.424314  0.000  0.201  0.000  0.066  0.028  0.343  0.000  0.115  0.084  0.839
   1.01580      0.462540  0.000  0.207  0.000  0.069  0.028  0.339  0.000  0.113  0.083  0.837
   1.00128      0.502270  0.000  0.210  0.000  0.070  0.027  0.334  0.000  0.112  0.081  0.835
   0.98677      0.543040  0.000  0.214  0.000  0.072  0.026  0.331  0.000  0.111  0.079  0.834
   0.97226      0.584479  0.000  0.218  0.000  0.072  0.026  0.328  0.000  0.109  0.078  0.833
   0.95775      0.626330  0.000  0.221  0.000  0.074  0.026  0.325  0.000  0.109  0.077  0.831
   0.94324      0.668375  0.000  0.224  0.000  0.075  0.025  0.322  0.000  0.108  0.076  0.831
   0.92873      0.710435  0.000  0.227  0.000  0.075  0.025  0.320  0.000  0.107  0.076  0.831
   0.91422      0.752356  0.000  0.230  0.000  0.077  0.024  0.318  0.000  0.106  0.074  0.830
   0.89971      0.793982  0.000  0.234  0.000  0.079  0.025  0.315  0.000  0.105  0.074  0.830
   0.88519      0.835198  0.000  0.236  0.000  0.078  0.024  0.313  0.000  0.105  0.073  0.829
   0.87068      0.875877  0.000  0.238  0.000  0.080  0.024  0.312  0.000  0.104  0.072  0.828
   0.85617      0.915889  0.000  0.240  0.000  0.080  0.023  0.310  0.000  0.103  0.071  0.830
   0.84166      0.955120  0.000  0.244  0.000  0.082  0.024  0.308  0.000  0.103  0.071  0.830
   0.82715      0.993446  0.000  0.245  0.000  0.080  0.023  0.307  0.000  0.102  0.070  0.830
   0.81264      1.030759  0.000  0.247  0.000  0.082  0.023  0.305  0.000  0.102  0.070  0.830
   0.79813      1.066935  0.000  0.250  0.000  0.082  0.023  0.305  0.000  0.102  0.069  0.830
   0.78361      1.101858  0.000  0.251  0.000  0.084  0.023  0.303  0.000  0.101  0.070  0.830
   0.76910      1.135413  0.000  0.254  0.000  0.083  0.023  0.302  0.000  0.101  0.069  0.832
   0.75459      1.167473  0.000  0.255  0.000  0.085  0.023  0.302  0.000  0.101  0.068  0.833
   0.74008      1.197931  0.000  0.255  0.000  0.085  0.022  0.301  0.000  0.100  0.069  0.833
   0.72557      1.226658  0.000  0.257  0.000  0.087  0.023  0.299  0.000  0.101  0.068  0.834
   0.71106      1.253553  0.000  0.260  0.000  0.086  0.023  0.299  0.000  0.100  0.068  0.836
   0.69655      1.278504  0.000  0.260  0.000  0.085  0.023  0.299  0.000  0.100  0.068  0.836
   0.68203      1.301408  0.000  0.262  0.000  0.087  0.023  0.298  0.000  0.099  0.068  0.835
   0.66752      1.322159  0.000  0.261  0.000  0.087  0.022  0.298  0.000  0.099  0.068  0.836
   0.65301      1.340669  0.000  0.263  0.000  0.087  0.023  0.297  0.000  0.100  0.069  0.838
   0.63850      1.356851  0.000  0.263  0.000  0.088  0.022  0.297  0.000  0.100  0.069  0.838
   0.62399      1.370633  0.000  0.263  0.000  0.088  0.023  0.297  0.000  0.099  0.068  0.839
   0.60948      1.381952  0.000  0.265  0.000  0.088  0.023  0.296  0.000  0.099  0.069  0.841
   0.59497      1.390751  0.000  0.264  0.000  0.088  0.023  0.297  0.000  0.099  0.069  0.840
   0.58046      1.396989  0.000  0.264  0.000  0.088  0.023  0.296  0.000  0.099  0.069  0.841
   0.56594      1.400640  0.000  0.264  0.000  0.088  0.024  0.296  0.000  0.099  0.070  0.841
   0.56594      1.400640  0.000  0.264  0.000  0.088  0.024  0.296  0.000  0.099  0.070  0.841
   0.55143      1.401689  0.000  0.264  0.000  0.088  0.023  0.296  0.000  0.099  0.071  0.841
   0.53692      1.400137  0.000  0.264  0.000  0.088  0.023  0.295  0.000  0.099  0.072  0.841
   0.52241      1.395994  0.000  0.264  0.000  0.088  0.024  0.295  0.000  0.099  0.072  0.840
   0.50790      1.389288  0.000  0.263  0.000  0.088  0.024  0.295  0.000  0.099  0.073  0.842
   0.49339      1.380062  0.000  0.263  0.000  0.086  0.024  0.295  0.000  0.099  0.073  0.841
   0.47888      1.368368  0.000  0.262  0.000  0.086  0.025  0.295  0.000  0.099  0.074  0.841
   0.46436      1.354265  0.000  0.261  0.000  0.087  0.025  0.295  0.000  0.099  0.075  0.840
   0.44985      1.337828  0.000  0.259  0.000  0.087  0.026  0.295  0.000  0.099  0.076  0.841
   0.43534      1.319137  0.000  0.258  0.000  0.086  0.025  0.295  0.000  0.099  0.077  0.839
   0.42083      1.298286  0.000  0.257  0.000  0.086  0.026  0.294  0.000  0.099  0.077  0.839
   0.40632      1.275371  0.000  0.255  0.000  0.086  0.026  0.295  0.000  0.099  0.078  0.838
   0.39181      1.250498  0.000  0.255  0.000  0.084  0.027  0.295  0.000  0.099  0.080  0.839
   0.37730      1.223759  0.000  0.251  0.000  0.084  0.027  0.295  0.000  0.099  0.081  0.838
   0.36278      1.195278  0.000  0.251  0.000  0.083  0.027  0.295  0.000  0.099  0.082  0.838
   0.34827      1.165156  0.000  0.248  0.000  0.084  0.028  0.295  0.000  0.099  0.083  0.837
   0.33376      1.133515  0.000  0.247  0.000  0.082  0.029  0.296  0.000  0.099  0.084  0.837
   0.31925      1.100464  0.000  0.244  0.000  0.082  0.028  0.297  0.000  0.099  0.086  0.836
   0.30474      1.066115  0.000  0.243  0.000  0.080  0.029  0.297  0.000  0.099  0.088  0.836
   0.29023      1.030585  0.000  0.240  0.000  0.080  0.030  0.298  0.000  0.100  0.089  0.837
   0.27572      0.993974  0.000  0.238  0.000  0.080  0.031  0.298  0.000  0.100  0.090  0.837
   0.26120      0.956399  0.000  0.236  0.000  0.080  0.031  0.299  0.000  0.101  0.092  0.835
   0.24669      0.917966  0.000  0.233  0.000  0.078  0.031  0.300  0.000  0.100  0.093  0.836
   0.23218      0.878787  0.000  0.230  0.000  0.076  0.032  0.300  0.000  0.101  0.095  0.837
   0.21767      0.838978  0.000  0.229  0.000  0.076  0.032  0.301  0.000  0.102  0.096  0.835
   0.20316      0.798631  0.000  0.226  0.000  0.075  0.033  0.303  0.000  0.101  0.098  0.836
   0.18865      0.757873  0.000  0.223  0.000  0.075  0.034  0.304  0.000  0.102  0.100  0.838
   0.17414      0.716818  0.000  0.219  0.000  0.073  0.034  0.305  0.000  0.102  0.102  0.837
   0.15963      0.675596  0.000  0.216  0.000  0.071  0.035  0.307  0.000  0.104  0.104  0.838
   0.14511      0.634345  0.000  0.214  0.000  0.072  0.036  0.309  0.000  0.104  0.105  0.839
   0.13060      0.593211  0.000  0.212  0.000  0.070  0.036  0.311  0.000  0.105  0.108  0.840
   0.11609      0.552412  0.000  0.209  0.000  0.068  0.037  0.313  0.000  0.106  0.110  0.841
   0.10158      0.512171  0.000  0.205  0.000  0.068  0.038  0.316  0.000  0.106  0.111  0.841
   0.08707      0.472792  0.000  0.201  0.000  0.067  0.038  0.319  0.000  0.107  0.112  0.843
   0.07256      0.434689  0.000  0.196  0.000  0.064  0.038  0.322  0.000  0.109  0.113  0.845
   0.05805      0.398439  0.000  0.192  0.000  0.065  0.039  0.326  0.000  0.110  0.114  0.847
   0.04353      0.364865  0.000  0.188  0.000  0.063  0.038  0.332  0.000  0.113  0.114  0.847
   0.02902      0.335156  0.000  0.185  0.000  0.061  0.038  0.338  0.000  0.114  0.113  0.849
   0.01451      0.310952  0.000  0.181  0.000  0.061  0.037  0.344  0.000  0.116  0.111  0.850
   0.00000      0.294320  0.000  0.179  0.000  0.059  0.036  0.352  0.000  0.119  0.107  0.850
 
# Band-Index:   19
   0.00000      4.267191  0.296  0.027  0.042  0.078  0.035  0.001  0.003  0.004  0.011  0.496
   0.01451      4.223274  0.297  0.027  0.039  0.079  0.035  0.001  0.003  0.004  0.012  0.496
   0.02902      4.180110  0.301  0.025  0.038  0.078  0.035  0.001  0.002  0.002  0.012  0.496
   0.04353      4.138016  0.303  0.025  0.038  0.077  0.035  0.001  0.002  0.002  0.011  0.496
   0.05805      4.097296  0.307  0.026  0.035  0.077  0.035  0.001  0.002  0.002  0.012  0.494
   0.07256      4.058276  0.311  0.024  0.035  0.076  0.036  0.001  0.001  0.002  0.012  0.494
   0.08707      4.021269  0.312  0.025  0.033  0.075  0.035  0.000  0.001  0.001  0.012  0.494
   0.10158      3.986596  0.316  0.025  0.030  0.075  0.035  0.000  0.001  0.001  0.011  0.493
   0.11609      3.954586  0.319  0.024  0.028  0.074  0.034  0.000  0.001  0.001  0.011  0.493
   0.13060      3.925566  0.320  0.024  0.026  0.074  0.033  0.000  0.001  0.001  0.011  0.493
   0.14511      3.899868  0.324  0.025  0.026  0.073  0.032  0.000  0.001  0.001  0.011  0.490
   0.15963      3.877810  0.326  0.023  0.025  0.072  0.031  0.000  0.001  0.001  0.010  0.491
   0.17414      3.859711  0.328  0.024  0.023  0.072  0.029  0.000  0.001  0.000  0.010  0.489
   0.18865      3.845880  0.331  0.024  0.022  0.070  0.028  0.000  0.002  0.001  0.009  0.488
   0.20316      3.836599  0.331  0.024  0.024  0.071  0.026  0.000  0.002  0.001  0.009  0.487
   0.21767      3.832133  0.334  0.023  0.022  0.070  0.025  0.001  0.002  0.002  0.009  0.487
   0.23218      3.832702  0.334  0.023  0.023  0.069  0.023  0.001  0.002  0.002  0.007  0.486
   0.24669      3.838506  0.336  0.024  0.025  0.070  0.021  0.001  0.003  0.003  0.007  0.486
   0.26120      3.849687  0.335  0.024  0.026  0.069  0.019  0.001  0.003  0.003  0.006  0.486
   0.27572      3.866340  0.334  0.022  0.028  0.068  0.017  0.001  0.003  0.004  0.006  0.486
   0.29023      3.888508  0.333  0.022  0.030  0.069  0.016  0.002  0.003  0.005  0.005  0.486
   0.30474      3.916179  0.331  0.022  0.034  0.069  0.013  0.002  0.003  0.006  0.005  0.486
   0.31925      3.949290  0.328  0.023  0.039  0.068  0.012  0.002  0.004  0.007  0.004  0.486
   0.33376      3.987721  0.327  0.023  0.043  0.068  0.010  0.003  0.004  0.008  0.004  0.488
   0.34827      4.031306  0.323  0.023  0.047  0.068  0.008  0.003  0.004  0.009  0.002  0.490
   0.36278      4.079833  0.321  0.023  0.052  0.068  0.007  0.003  0.005  0.010  0.002  0.488
   0.37730      4.133045  0.314  0.023  0.059  0.066  0.006  0.003  0.005  0.010  0.002  0.489
   0.39181      4.190648  0.311  0.023  0.066  0.066  0.005  0.004  0.006  0.011  0.001  0.490
   0.40632      4.252307  0.305  0.023  0.071  0.066  0.004  0.004  0.006  0.012  0.001  0.492
   0.42083      4.317640  0.301  0.023  0.079  0.066  0.002  0.004  0.007  0.012  0.001  0.492
   0.43534      4.386209  0.293  0.021  0.086  0.064  0.001  0.004  0.008  0.012  0.000  0.492
   0.44985      4.457480  0.285  0.021  0.094  0.064  0.001  0.004  0.008  0.012  0.000  0.490
   0.46436      4.530784  0.276  0.021  0.101  0.064  0.000  0.004  0.009  0.013  0.000  0.489
   0.47888      4.605221  0.266  0.021  0.109  0.064  0.000  0.004  0.011  0.012  0.000  0.484
   0.49339      4.679450  0.253  0.020  0.114  0.061  0.000  0.004  0.013  0.011  0.000  0.478
   0.50790      4.751309  0.235  0.020  0.120  0.061  0.002  0.003  0.015  0.009  0.000  0.466
   0.52241      4.817036  0.207  0.019  0.120  0.061  0.006  0.002  0.019  0.008  0.002  0.445
   0.53692      4.870207  0.169  0.021  0.111  0.063  0.014  0.002  0.026  0.006  0.004  0.413
   0.55143      4.902738  0.132  0.021  0.094  0.063  0.024  0.002  0.033  0.005  0.008  0.382
   0.56594      4.911187  0.119  0.022  0.086  0.064  0.028  0.002  0.036  0.005  0.009  0.373
   0.56594      4.911187  0.119  0.022  0.086  0.064  0.028  0.002  0.036  0.005  0.009  0.373
   0.58046      4.897650  0.136  0.021  0.094  0.062  0.024  0.002  0.034  0.005  0.008  0.387
   0.59497      4.863947  0.168  0.021  0.108  0.062  0.014  0.002  0.028  0.005  0.005  0.414
   0.60948      4.813194  0.203  0.020  0.115  0.062  0.007  0.002  0.022  0.006  0.002  0.442
   0.62399      4.750929  0.229  0.020  0.117  0.062  0.003  0.003  0.018  0.008  0.001  0.459
   0.63850      4.682336  0.248  0.021  0.113  0.062  0.000  0.003  0.015  0.009  0.000  0.471
   0.65301      4.610956  0.262  0.021  0.108  0.062  0.000  0.003  0.013  0.009  0.000  0.478
   0.66752      4.539003  0.273  0.021  0.101  0.065  0.000  0.003  0.011  0.010  0.000  0.484
   0.68203      4.467905  0.282  0.021  0.093  0.065  0.001  0.003  0.010  0.010  0.000  0.484
   0.69655      4.398623  0.289  0.021  0.087  0.065  0.001  0.003  0.009  0.009  0.000  0.487
   0.71106      4.331865  0.297  0.021  0.079  0.065  0.002  0.003  0.008  0.009  0.001  0.488
   0.72557      4.268186  0.302  0.023  0.071  0.067  0.004  0.003  0.007  0.009  0.001  0.488
   0.74008      4.208033  0.308  0.023  0.067  0.067  0.004  0.003  0.007  0.009  0.001  0.487
   0.75459      4.151788  0.312  0.023  0.059  0.067  0.005  0.003  0.006  0.008  0.001  0.486
   0.76910      4.099777  0.318  0.023  0.054  0.067  0.007  0.003  0.005  0.008  0.003  0.486
   0.78361      4.052289  0.321  0.023  0.048  0.069  0.008  0.002  0.005  0.007  0.003  0.486
   0.79813      4.009572  0.323  0.023  0.043  0.069  0.009  0.002  0.005  0.007  0.003  0.484
   0.81264      3.971829  0.326  0.023  0.039  0.068  0.011  0.002  0.004  0.006  0.004  0.484
   0.82715      3.939226  0.330  0.023  0.034  0.070  0.013  0.002  0.004  0.005  0.004  0.485
   0.84166      3.911883  0.332  0.023  0.032  0.069  0.014  0.002  0.003  0.004  0.005  0.482
   0.85617      3.889872  0.331  0.022  0.028  0.069  0.016  0.001  0.003  0.004  0.005  0.482
   0.87068      3.873221  0.333  0.024  0.026  0.070  0.017  0.001  0.002  0.003  0.005  0.484
   0.88519      3.861906  0.334  0.024  0.025  0.069  0.019  0.001  0.003  0.003  0.006  0.483
   0.89971      3.855861  0.334  0.023  0.023  0.070  0.021  0.001  0.003  0.002  0.007  0.484
   0.91422      3.854974  0.332  0.023  0.022  0.071  0.022  0.001  0.002  0.002  0.008  0.483
   0.92873      3.859080  0.332  0.023  0.024  0.070  0.024  0.000  0.002  0.001  0.008  0.484
   0.94324      3.867995  0.330  0.024  0.022  0.071  0.026  0.000  0.002  0.001  0.008  0.484
   0.95775      3.881487  0.329  0.024  0.023  0.072  0.026  0.000  0.001  0.001  0.008  0.487
   0.97226      3.899308  0.326  0.024  0.023  0.073  0.028  0.000  0.001  0.000  0.010  0.487
   0.98677      3.921177  0.325  0.025  0.024  0.074  0.029  0.000  0.001  0.001  0.010  0.488
   1.00128      3.946801  0.322  0.025  0.026  0.075  0.030  0.000  0.001  0.001  0.010  0.489
   1.01580      3.975881  0.321  0.024  0.028  0.073  0.031  0.000  0.001  0.001  0.010  0.490
   1.03031      4.008100  0.317  0.024  0.030  0.074  0.031  0.000  0.001  0.001  0.011  0.490
   1.04482      4.043140  0.313  0.025  0.030  0.075  0.032  0.000  0.001  0.001  0.011  0.491
   1.05933      4.080679  0.312  0.025  0.033  0.075  0.033  0.000  0.001  0.001  0.011  0.492
   1.07384      4.120392  0.309  0.024  0.035  0.076  0.033  0.001  0.002  0.002  0.011  0.492
   1.08835      4.161962  0.305  0.026  0.036  0.076  0.033  0.001  0.002  0.002  0.011  0.494
   1.10286      4.205056  0.304  0.025  0.038  0.077  0.033  0.001  0.002  0.002  0.011  0.494
   1.11738      4.249351  0.300  0.025  0.038  0.078  0.034  0.001  0.003  0.002  0.011  0.495
   1.13189      4.267191  0.296  0.027  0.042  0.078  0.035  0.001  0.003  0.004  0.011  0.496
 
# Band-Index:   20
   1.13189      4.294596  0.298  0.027  0.039  0.079  0.034  0.001  0.003  0.003  0.012  0.495
   1.11738      4.311646  0.292  0.026  0.042  0.078  0.034  0.001  0.003  0.004  0.011  0.494
   1.10286      4.356227  0.290  0.025  0.044  0.079  0.034  0.001  0.004  0.005  0.011  0.494
   1.08835      4.400707  0.286  0.027  0.044  0.080  0.034  0.001  0.004  0.005  0.012  0.492
   1.07384      4.444800  0.282  0.028  0.044  0.082  0.033  0.002  0.005  0.006  0.011  0.493
   1.05933      4.488235  0.280  0.027  0.044  0.081  0.032  0.003  0.006  0.007  0.010  0.491
   1.04482      4.530745  0.276  0.027  0.046  0.081  0.032  0.003  0.007  0.008  0.011  0.490
   1.03031      4.572085  0.272  0.029  0.044  0.082  0.031  0.003  0.008  0.008  0.010  0.487
   1.01580      4.612016  0.267  0.028  0.046  0.081  0.031  0.003  0.009  0.009  0.010  0.485
   1.00128      4.650322  0.265  0.028  0.044  0.083  0.030  0.003  0.011  0.009  0.010  0.482
   0.98677      4.686817  0.260  0.028  0.044  0.082  0.030  0.004  0.012  0.010  0.010  0.479
   0.97226      4.721325  0.256  0.027  0.043  0.081  0.030  0.004  0.013  0.012  0.010  0.477
   0.95775      4.753713  0.251  0.027  0.044  0.081  0.030  0.004  0.014  0.012  0.010  0.474
   0.94324      4.783884  0.248  0.027  0.043  0.080  0.031  0.004  0.016  0.013  0.010  0.472
   0.92873      4.811768  0.243  0.027  0.043  0.080  0.030  0.005  0.018  0.014  0.010  0.469
   0.91422      4.837338  0.239  0.026  0.041  0.079  0.031  0.005  0.019  0.015  0.010  0.465
   0.89971      4.860596  0.233  0.026  0.040  0.078  0.032  0.005  0.021  0.016  0.011  0.463
   0.88519      4.881586  0.229  0.026  0.039  0.078  0.032  0.005  0.022  0.016  0.011  0.459
   0.87068      4.900380  0.223  0.026  0.038  0.077  0.034  0.005  0.024  0.017  0.011  0.456
   0.85617      4.917075  0.220  0.026  0.036  0.075  0.034  0.007  0.026  0.019  0.011  0.454
   0.84166      4.931794  0.214  0.026  0.037  0.074  0.035  0.007  0.027  0.019  0.012  0.451
   0.82715      4.944675  0.211  0.025  0.035  0.075  0.036  0.007  0.029  0.020  0.012  0.448
   0.81264      4.955874  0.207  0.023  0.034  0.073  0.037  0.007  0.030  0.020  0.012  0.447
   0.79813      4.965551  0.203  0.023  0.034  0.072  0.038  0.007  0.032  0.021  0.013  0.444
   0.78361      4.973870  0.200  0.023  0.032  0.070  0.040  0.007  0.033  0.021  0.013  0.443
   0.76910      4.980998  0.198  0.023  0.033  0.070  0.041  0.008  0.034  0.023  0.014  0.440
   0.75459      4.987100  0.194  0.023  0.033  0.068  0.042  0.008  0.035  0.023  0.014  0.439
   0.74008      4.992337  0.193  0.023  0.032  0.068  0.044  0.008  0.036  0.023  0.015  0.439
   0.72557      4.996872  0.192  0.021  0.033  0.066  0.044  0.008  0.037  0.024  0.015  0.439
   0.71106      5.000864  0.190  0.022  0.032  0.065  0.045  0.008  0.038  0.024  0.015  0.438
   0.69655      5.004485  0.191  0.022  0.031  0.064  0.046  0.008  0.038  0.024  0.015  0.440
   0.68203      5.007900  0.192  0.021  0.033  0.064  0.046  0.009  0.038  0.025  0.015  0.441
   0.66752      5.011322  0.194  0.021  0.034  0.063  0.045  0.009  0.038  0.025  0.015  0.444
   0.65301      5.015022  0.200  0.020  0.036  0.061  0.045  0.008  0.037  0.025  0.015  0.450
   0.63850      5.019366  0.209  0.020  0.043  0.061  0.043  0.008  0.036  0.025  0.015  0.459
   0.62399      5.024908  0.223  0.019  0.050  0.059  0.039  0.009  0.034  0.025  0.013  0.473
   0.60948      5.032354  0.246  0.019  0.065  0.057  0.032  0.008  0.031  0.024  0.010  0.494
   0.59497      5.041910  0.279  0.018  0.090  0.054  0.020  0.008  0.026  0.022  0.007  0.525
   0.58046      5.050863  0.312  0.017  0.118  0.052  0.007  0.007  0.021  0.020  0.003  0.558
   0.56594      5.052124  0.330  0.017  0.130  0.051  0.000  0.007  0.019  0.020  0.000  0.574
   0.56594      5.052124  0.330  0.017  0.130  0.051  0.000  0.007  0.019  0.020  0.000  0.574
   0.55143      5.042870  0.317  0.017  0.116  0.053  0.006  0.008  0.022  0.023  0.002  0.563
   0.53692      5.031293  0.279  0.018  0.086  0.055  0.020  0.009  0.029  0.026  0.006  0.528
   0.52241      5.024073  0.241  0.020  0.063  0.059  0.032  0.009  0.035  0.027  0.011  0.494
   0.50790      5.020769  0.217  0.019  0.049  0.059  0.039  0.009  0.038  0.027  0.013  0.471
   0.49339      5.019518  0.203  0.020  0.041  0.061  0.043  0.009  0.040  0.026  0.014  0.458
   0.47888      5.019188  0.194  0.020  0.037  0.062  0.045  0.008  0.041  0.026  0.015  0.449
   0.46436      5.019187  0.189  0.022  0.035  0.064  0.045  0.008  0.041  0.025  0.015  0.444
   0.44985      5.019195  0.188  0.022  0.033  0.063  0.047  0.009  0.041  0.026  0.016  0.442
   0.43534      5.018989  0.186  0.022  0.034  0.065  0.046  0.009  0.040  0.025  0.015  0.441
   0.42083      5.018394  0.186  0.022  0.031  0.065  0.046  0.009  0.040  0.024  0.015  0.440
   0.40632      5.017269  0.188  0.021  0.032  0.066  0.046  0.008  0.039  0.024  0.016  0.440
   0.39181      5.015459  0.189  0.021  0.031  0.067  0.045  0.008  0.038  0.024  0.015  0.440
   0.37730      5.012810  0.190  0.023  0.032  0.069  0.044  0.008  0.037  0.023  0.015  0.442
   0.36278      5.009159  0.194  0.023  0.034  0.069  0.043  0.008  0.037  0.023  0.014  0.442
   0.34827      5.004342  0.197  0.023  0.033  0.071  0.042  0.008  0.035  0.022  0.014  0.446
   0.33376      4.998183  0.200  0.023  0.035  0.071  0.041  0.008  0.033  0.022  0.014  0.446
   0.31925      4.990503  0.204  0.023  0.034  0.073  0.040  0.007  0.032  0.020  0.013  0.450
   0.30474      4.981124  0.208  0.024  0.036  0.073  0.039  0.006  0.031  0.020  0.013  0.453
   0.29023      4.969871  0.214  0.026  0.038  0.076  0.038  0.006  0.030  0.019  0.013  0.454
   0.27572      4.956567  0.217  0.026  0.036  0.076  0.037  0.006  0.027  0.018  0.012  0.457
   0.26120      4.941060  0.221  0.026  0.038  0.077  0.036  0.006  0.026  0.018  0.012  0.461
   0.24669      4.923211  0.226  0.026  0.039  0.079  0.035  0.005  0.024  0.016  0.012  0.464
   0.23218      4.902910  0.231  0.026  0.040  0.079  0.034  0.005  0.023  0.015  0.011  0.466
   0.21767      4.880078  0.237  0.027  0.041  0.079  0.034  0.005  0.020  0.015  0.011  0.469
   0.20316      4.854669  0.243  0.027  0.043  0.080  0.033  0.005  0.019  0.014  0.011  0.473
   0.18865      4.826682  0.246  0.027  0.043  0.081  0.033  0.004  0.017  0.012  0.011  0.475
   0.17414      4.796154  0.252  0.027  0.044  0.082  0.033  0.004  0.015  0.011  0.010  0.477
   0.15963      4.763170  0.256  0.028  0.043  0.082  0.033  0.004  0.014  0.011  0.011  0.482
   0.14511      4.727846  0.261  0.028  0.044  0.082  0.033  0.004  0.012  0.010  0.011  0.484
   0.13060      4.690341  0.264  0.028  0.044  0.081  0.033  0.003  0.011  0.009  0.011  0.485
   0.11609      4.650860  0.270  0.028  0.046  0.082  0.033  0.002  0.010  0.008  0.011  0.487
   0.10158      4.609621  0.272  0.028  0.044  0.081  0.032  0.002  0.008  0.007  0.011  0.490
   0.08707      4.566872  0.277  0.027  0.045  0.082  0.033  0.002  0.007  0.006  0.011  0.490
   0.07256      4.522885  0.281  0.028  0.044  0.081  0.033  0.002  0.006  0.006  0.011  0.492
   0.05805      4.477938  0.284  0.028  0.043  0.080  0.034  0.001  0.005  0.005  0.011  0.493
   0.04353      4.432329  0.288  0.028  0.042  0.082  0.034  0.001  0.004  0.005  0.011  0.493
   0.02902      4.386359  0.290  0.026  0.041  0.080  0.034  0.001  0.004  0.004  0.011  0.494
   0.01451      4.340337  0.294  0.026  0.040  0.079  0.034  0.001  0.003  0.003  0.011  0.493
   0.00000      4.294596  0.298  0.027  0.039  0.079  0.034  0.001  0.003  0.003  0.012  0.495
