#K-Path          Energy     s    py    pz    px    dxy    dyz    dz2    dxz    dx2-y2    tot
# NKPTS & NBANDS:  80  48
# Band-Index:    1
   0.00000    -11.324727  0.587  0.023  0.003  0.000  0.000  0.041  0.000  0.000  0.024  0.679
   0.02838    -11.329314  0.587  0.023  0.003  0.000  0.000  0.040  0.000  0.000  0.024  0.679
   0.05676    -11.343013  0.587  0.023  0.003  0.000  0.000  0.039  0.000  0.000  0.024  0.678
   0.08514    -11.365644  0.587  0.024  0.003  0.000  0.000  0.038  0.000  0.000  0.023  0.675
   0.11352    -11.396907  0.586  0.024  0.003  0.000  0.000  0.036  0.000  0.000  0.021  0.671
   0.14190    -11.436390  0.585  0.025  0.004  0.000  0.000  0.033  0.000  0.000  0.020  0.668
   0.17028    -11.483574  0.583  0.026  0.004  0.000  0.000  0.030  0.000  0.000  0.018  0.663
   0.19866    -11.537848  0.582  0.026  0.004  0.000  0.000  0.027  0.000  0.000  0.017  0.658
   0.22704    -11.598524  0.582  0.026  0.004  0.000  0.000  0.024  0.000  0.000  0.015  0.653
   0.25542    -11.664857  0.579  0.025  0.006  0.000  0.000  0.022  0.000  0.000  0.013  0.647
   0.28380    -11.736064  0.578  0.027  0.006  0.000  0.000  0.019  0.000  0.000  0.012  0.642
   0.31218    -11.811348  0.576  0.026  0.007  0.000  0.000  0.016  0.000  0.000  0.010  0.636
   0.34056    -11.889913  0.577  0.026  0.007  0.000  0.000  0.014  0.000  0.000  0.009  0.630
   0.36894    -11.970985  0.576  0.025  0.007  0.000  0.000  0.012  0.000  0.000  0.008  0.627
   0.39732    -12.053818  0.574  0.024  0.007  0.000  0.000  0.010  0.000  0.000  0.006  0.621
   0.42570    -12.137709  0.574  0.023  0.007  0.000  0.000  0.008  0.000  0.000  0.005  0.617
   0.45408    -12.222000  0.573  0.022  0.007  0.000  0.000  0.007  0.000  0.000  0.005  0.612
   0.48246    -12.306084  0.573  0.021  0.006  0.000  0.000  0.006  0.000  0.000  0.004  0.609
   0.51084    -12.389402  0.573  0.020  0.006  0.000  0.000  0.005  0.000  0.000  0.003  0.606
   0.53922    -12.471443  0.572  0.018  0.006  0.000  0.000  0.004  0.000  0.000  0.003  0.601
   0.56760    -12.551748  0.573  0.017  0.006  0.000  0.000  0.003  0.000  0.000  0.002  0.598
   0.59598    -12.629899  0.572  0.016  0.006  0.000  0.000  0.002  0.000  0.000  0.002  0.595
   0.62436    -12.705520  0.571  0.015  0.005  0.000  0.000  0.002  0.000  0.000  0.001  0.594
   0.65274    -12.778277  0.572  0.014  0.004  0.000  0.000  0.001  0.000  0.000  0.001  0.592
   0.68112    -12.847867  0.571  0.013  0.004  0.000  0.000  0.001  0.000  0.000  0.001  0.589
   0.70950    -12.914022  0.572  0.010  0.002  0.000  0.000  0.001  0.000  0.000  0.001  0.587
   0.73788    -12.976503  0.573  0.008  0.002  0.000  0.000  0.001  0.000  0.000  0.000  0.586
   0.76626    -13.035096  0.573  0.008  0.002  0.000  0.000  0.000  0.000  0.000  0.000  0.585
   0.79464    -13.089615  0.573  0.006  0.002  0.000  0.000  0.000  0.000  0.000  0.000  0.583
   0.82302    -13.139893  0.573  0.006  0.002  0.000  0.000  0.000  0.000  0.000  0.000  0.583
   0.85140    -13.185784  0.575  0.006  0.001  0.000  0.000  0.000  0.000  0.000  0.000  0.581
   0.87978    -13.227161  0.575  0.004  0.000  0.000  0.000  0.000  0.000  0.000  0.000  0.580
   0.90816    -13.263914  0.576  0.002  0.000  0.000  0.000  0.000  0.000  0.000  0.000  0.579
   0.93654    -13.295948  0.575  0.002  0.000  0.000  0.000  0.000  0.000  0.000  0.000  0.579
   0.96492    -13.323184  0.576  0.002  0.000  0.000  0.000  0.000  0.000  0.000  0.000  0.577
   0.99330    -13.345556  0.577  0.000  0.000  0.000  0.000  0.000  0.000  0.000  0.000  0.577
   1.02168    -13.363010  0.575  0.000  0.000  0.000  0.000  0.000  0.000  0.000  0.000  0.576
   1.05006    -13.375505  0.576  0.000  0.000  0.000  0.000  0.000  0.000  0.000  0.000  0.577
   1.07844    -13.383014  0.577  0.000  0.000  0.000  0.000  0.000  0.000  0.000  0.000  0.577
   1.10682    -13.385519  0.577  0.000  0.000  0.000  0.000  0.000  0.000  0.000  0.000  0.577
   1.10682    -13.385519  0.577  0.000  0.000  0.000  0.000  0.000  0.000  0.000  0.000  0.577
   1.13528    -13.382994  0.577  0.000  0.000  0.000  0.000  0.000  0.000  0.000  0.000  0.577
   1.16374    -13.375423  0.576  0.000  0.000  0.000  0.000  0.000  0.000  0.000  0.000  0.577
   1.19219    -13.362822  0.575  0.000  0.000  0.000  0.000  0.000  0.000  0.000  0.000  0.576
   1.22065    -13.345216  0.577  0.000  0.000  0.000  0.000  0.000  0.000  0.000  0.000  0.577
   1.24911    -13.322642  0.576  0.002  0.000  0.000  0.000  0.000  0.000  0.000  0.000  0.577
   1.27757    -13.295145  0.575  0.002  0.000  0.000  0.000  0.000  0.000  0.000  0.000  0.579
   1.30602    -13.262784  0.576  0.002  0.000  0.000  0.000  0.000  0.000  0.000  0.000  0.579
   1.33448    -13.225630  0.575  0.004  0.000  0.000  0.000  0.000  0.000  0.000  0.000  0.580
   1.36294    -13.183765  0.575  0.006  0.002  0.000  0.000  0.000  0.000  0.000  0.000  0.581
   1.39139    -13.137285  0.573  0.006  0.002  0.000  0.000  0.000  0.000  0.000  0.000  0.583
   1.41985    -13.086302  0.573  0.007  0.002  0.000  0.000  0.000  0.000  0.000  0.000  0.584
   1.44831    -13.030943  0.573  0.008  0.002  0.000  0.000  0.000  0.000  0.000  0.000  0.585
   1.47677    -12.971353  0.572  0.009  0.002  0.000  0.000  0.000  0.000  0.000  0.000  0.586
   1.50522    -12.907694  0.572  0.009  0.002  0.000  0.000  0.000  0.000  0.000  0.000  0.587
   1.53368    -12.840151  0.572  0.013  0.004  0.000  0.000  0.001  0.000  0.000  0.000  0.590
   1.56214    -12.768932  0.572  0.014  0.005  0.000  0.000  0.001  0.000  0.000  0.000  0.590
   1.59060    -12.694270  0.571  0.015  0.005  0.000  0.000  0.001  0.000  0.000  0.001  0.593
   1.61905    -12.616426  0.572  0.016  0.006  0.000  0.000  0.001  0.000  0.000  0.001  0.596
   1.64751    -12.535694  0.572  0.018  0.006  0.000  0.000  0.002  0.000  0.000  0.001  0.599
   1.67597    -12.452403  0.573  0.019  0.006  0.000  0.000  0.002  0.000  0.000  0.001  0.601
   1.70442    -12.366921  0.573  0.020  0.006  0.000  0.000  0.002  0.000  0.000  0.001  0.604
   1.73288    -12.279662  0.573  0.022  0.007  0.000  0.000  0.003  0.000  0.000  0.002  0.607
   1.76134    -12.191086  0.575  0.025  0.007  0.000  0.000  0.005  0.000  0.000  0.002  0.610
   1.78980    -12.101709  0.576  0.026  0.007  0.000  0.000  0.005  0.000  0.000  0.002  0.614
   1.81825    -12.012108  0.576  0.025  0.007  0.000  0.000  0.006  0.000  0.000  0.003  0.618
   1.84671    -11.922926  0.579  0.026  0.007  0.000  0.000  0.007  0.000  0.000  0.003  0.622
   1.87517    -11.834878  0.581  0.027  0.008  0.000  0.000  0.008  0.000  0.000  0.003  0.626
   1.90362    -11.748762  0.582  0.028  0.007  0.000  0.000  0.009  0.000  0.000  0.004  0.631
   1.93208    -11.665473  0.585  0.029  0.007  0.000  0.000  0.011  0.000  0.000  0.004  0.636
   1.96054    -11.586032  0.586  0.031  0.007  0.000  0.000  0.012  0.000  0.000  0.005  0.641
   1.98900    -11.511681  0.589  0.029  0.007  0.000  0.000  0.013  0.000  0.000  0.006  0.645
   2.01745    -11.444220  0.591  0.030  0.005  0.000  0.000  0.016  0.000  0.000  0.006  0.651
   2.04591    -11.387569  0.591  0.031  0.005  0.000  0.000  0.021  0.000  0.000  0.009  0.657
   2.07437    -11.351629  0.588  0.027  0.005  0.000  0.000  0.031  0.000  0.000  0.016  0.667
   2.10282    -11.337211  0.586  0.024  0.004  0.000  0.000  0.037  0.000  0.000  0.021  0.676
   2.13128    -11.330831  0.587  0.023  0.004  0.000  0.000  0.039  0.000  0.000  0.023  0.678
   2.15974    -11.327276  0.587  0.023  0.003  0.000  0.000  0.040  0.000  0.000  0.024  0.679
   2.18820    -11.325348  0.587  0.023  0.003  0.000  0.000  0.041  0.000  0.000  0.024  0.680
   2.21665    -11.324727  0.587  0.023  0.003  0.000  0.000  0.041  0.000  0.000  0.024  0.679
 
# Band-Index:    2
   2.21665    -11.176388  0.608  0.027  0.003  0.000  0.000  0.022  0.000  0.000  0.010  0.672
   2.18820    -11.181852  0.607  0.027  0.003  0.000  0.000  0.022  0.000  0.000  0.010  0.671
   2.15974    -11.198027  0.607  0.027  0.003  0.000  0.000  0.021  0.000  0.000  0.010  0.670
   2.13128    -11.224166  0.605  0.026  0.004  0.000  0.000  0.022  0.000  0.000  0.011  0.668
   2.10282    -11.258384  0.603  0.025  0.003  0.000  0.000  0.022  0.000  0.000  0.011  0.666
   2.07437    -11.294571  0.600  0.023  0.004  0.000  0.000  0.027  0.000  0.000  0.016  0.670
   2.04591    -11.318190  0.593  0.017  0.005  0.000  0.000  0.035  0.000  0.000  0.021  0.675
   2.01745    -11.328885  0.590  0.017  0.006  0.000  0.000  0.038  0.000  0.000  0.023  0.677
   1.98900    -11.335341  0.589  0.016  0.008  0.000  0.000  0.039  0.000  0.000  0.023  0.675
   1.96054    -11.340246  0.589  0.016  0.010  0.000  0.000  0.038  0.000  0.000  0.022  0.675
   1.93208    -11.344191  0.588  0.014  0.011  0.000  0.000  0.037  0.000  0.000  0.021  0.674
   1.90362    -11.347258  0.589  0.013  0.013  0.000  0.000  0.037  0.000  0.000  0.021  0.673
   1.87517    -11.349375  0.588  0.012  0.014  0.000  0.000  0.036  0.000  0.000  0.020  0.671
   1.84671    -11.350424  0.588  0.012  0.016  0.000  0.000  0.035  0.000  0.000  0.019  0.670
   1.81825    -11.350279  0.589  0.011  0.017  0.000  0.000  0.034  0.000  0.000  0.018  0.670
   1.78980    -11.348818  0.588  0.010  0.019  0.000  0.000  0.032  0.000  0.000  0.017  0.668
   1.76134    -11.345938  0.589  0.009  0.021  0.000  0.000  0.031  0.000  0.000  0.016  0.668
   1.73288    -11.341558  0.589  0.008  0.025  0.000  0.000  0.029  0.000  0.000  0.015  0.666
   1.70442    -11.335622  0.589  0.007  0.026  0.000  0.000  0.028  0.000  0.000  0.014  0.664
   1.67597    -11.328101  0.589  0.006  0.028  0.000  0.000  0.027  0.000  0.000  0.013  0.665
   1.64751    -11.318999  0.590  0.005  0.030  0.000  0.000  0.025  0.000  0.000  0.012  0.663
   1.61905    -11.308348  0.589  0.004  0.033  0.000  0.000  0.024  0.000  0.000  0.011  0.664
   1.59060    -11.296216  0.591  0.003  0.035  0.000  0.000  0.022  0.000  0.000  0.010  0.662
   1.56214    -11.282700  0.592  0.003  0.037  0.000  0.000  0.020  0.000  0.000  0.010  0.662
   1.53368    -11.267936  0.592  0.002  0.039  0.000  0.000  0.019  0.000  0.000  0.009  0.661
   1.50522    -11.252091  0.593  0.002  0.041  0.000  0.000  0.017  0.000  0.000  0.008  0.661
   1.47677    -11.235366  0.594  0.001  0.043  0.000  0.000  0.015  0.000  0.000  0.007  0.662
   1.44831    -11.217997  0.595  0.001  0.044  0.000  0.000  0.013  0.000  0.000  0.006  0.661
   1.41985    -11.200247  0.595  0.001  0.046  0.000  0.000  0.011  0.000  0.000  0.005  0.661
   1.39139    -11.182412  0.595  0.000  0.048  0.000  0.000  0.010  0.000  0.000  0.004  0.660
   1.36294    -11.164808  0.598  0.000  0.050  0.000  0.000  0.009  0.000  0.000  0.004  0.660
   1.33448    -11.147771  0.598  0.000  0.052  0.000  0.000  0.007  0.000  0.000  0.003  0.660
   1.30602    -11.131647  0.598  0.000  0.054  0.000  0.000  0.006  0.000  0.000  0.003  0.661
   1.27757    -11.116783  0.601  0.000  0.055  0.000  0.000  0.004  0.000  0.000  0.001  0.662
   1.24911    -11.103520  0.602  0.000  0.054  0.000  0.000  0.003  0.000  0.000  0.001  0.662
   1.22065    -11.092172  0.602  0.000  0.056  0.000  0.000  0.002  0.000  0.000  0.001  0.661
   1.19219    -11.083023  0.604  0.000  0.056  0.000  0.000  0.001  0.000  0.000  0.000  0.661
   1.16374    -11.076307  0.602  0.000  0.058  0.000  0.000  0.000  0.000  0.000  0.000  0.662
   1.13528    -11.072205  0.604  0.000  0.058  0.000  0.000  0.000  0.000  0.000  0.000  0.662
   1.10682    -11.070825  0.604  0.000  0.058  0.000  0.000  0.000  0.000  0.000  0.000  0.662
   1.10682    -11.070825  0.604  0.000  0.058  0.000  0.000  0.000  0.000  0.000  0.000  0.662
   1.07844    -11.072140  0.604  0.000  0.058  0.000  0.000  0.000  0.000  0.000  0.000  0.662
   1.05006    -11.076045  0.602  0.000  0.058  0.000  0.000  0.000  0.000  0.000  0.000  0.662
   1.02168    -11.082427  0.604  0.000  0.056  0.000  0.000  0.001  0.000  0.000  0.000  0.661
   0.99330    -11.091098  0.602  0.000  0.056  0.000  0.000  0.002  0.000  0.000  0.001  0.663
   0.96492    -11.101812  0.602  0.000  0.054  0.000  0.000  0.003  0.000  0.000  0.001  0.662
   0.93654    -11.114275  0.600  0.000  0.055  0.000  0.000  0.004  0.000  0.000  0.002  0.662
   0.90816    -11.128155  0.600  0.000  0.054  0.000  0.000  0.005  0.000  0.000  0.002  0.661
   0.87978    -11.143099  0.598  0.000  0.052  0.000  0.000  0.006  0.000  0.000  0.003  0.661
   0.85140    -11.158743  0.598  0.000  0.050  0.000  0.000  0.008  0.000  0.000  0.003  0.662
   0.82302    -11.174724  0.596  0.001  0.048  0.000  0.000  0.009  0.000  0.000  0.004  0.660
   0.79464    -11.190691  0.596  0.001  0.046  0.000  0.000  0.011  0.000  0.000  0.005  0.659
   0.76626    -11.206310  0.596  0.001  0.044  0.000  0.000  0.013  0.000  0.000  0.005  0.660
   0.73788    -11.221272  0.596  0.001  0.044  0.000  0.000  0.014  0.000  0.000  0.006  0.660
   0.70950    -11.235296  0.594  0.002  0.042  0.000  0.000  0.016  0.000  0.000  0.006  0.661
   0.68112    -11.248135  0.594  0.002  0.040  0.000  0.000  0.018  0.000  0.000  0.007  0.661
   0.65274    -11.259574  0.593  0.003  0.038  0.000  0.000  0.018  0.000  0.000  0.008  0.660
   0.62436    -11.269433  0.594  0.003  0.036  0.000  0.000  0.020  0.000  0.000  0.008  0.661
   0.59598    -11.277570  0.593  0.005  0.034  0.000  0.000  0.022  0.000  0.000  0.009  0.661
   0.56760    -11.283879  0.593  0.006  0.032  0.000  0.000  0.023  0.000  0.000  0.009  0.661
   0.53922    -11.288290  0.593  0.007  0.030  0.000  0.000  0.023  0.000  0.000  0.009  0.663
   0.51084    -11.290773  0.594  0.008  0.028  0.000  0.000  0.024  0.000  0.000  0.010  0.663
   0.48246    -11.291331  0.594  0.009  0.024  0.000  0.000  0.025  0.000  0.000  0.010  0.663
   0.45408    -11.290007  0.594  0.010  0.022  0.000  0.000  0.026  0.000  0.000  0.011  0.664
   0.42570    -11.286882  0.595  0.011  0.020  0.000  0.000  0.026  0.000  0.000  0.011  0.665
   0.39732    -11.282074  0.596  0.012  0.018  0.000  0.000  0.027  0.000  0.000  0.011  0.665
   0.36894    -11.275738  0.596  0.013  0.016  0.000  0.000  0.027  0.000  0.000  0.011  0.666
   0.34056    -11.268065  0.597  0.015  0.015  0.000  0.000  0.027  0.000  0.000  0.011  0.667
   0.31218    -11.259283  0.599  0.016  0.014  0.000  0.000  0.026  0.000  0.000  0.012  0.667
   0.28380    -11.249655  0.600  0.018  0.012  0.000  0.000  0.026  0.000  0.000  0.011  0.667
   0.25542    -11.239472  0.601  0.019  0.011  0.000  0.000  0.026  0.000  0.000  0.011  0.668
   0.22704    -11.229052  0.601  0.021  0.010  0.000  0.000  0.026  0.000  0.000  0.012  0.669
   0.19866    -11.218732  0.602  0.022  0.007  0.000  0.000  0.025  0.000  0.000  0.011  0.669
   0.17028    -11.208859  0.604  0.022  0.006  0.000  0.000  0.025  0.000  0.000  0.011  0.670
   0.14190    -11.199776  0.605  0.024  0.005  0.000  0.000  0.023  0.000  0.000  0.011  0.670
   0.11352    -11.191814  0.606  0.025  0.005  0.000  0.000  0.023  0.000  0.000  0.011  0.671
   0.08514    -11.185272  0.607  0.026  0.004  0.000  0.000  0.022  0.000  0.000  0.010  0.671
   0.05676    -11.180404  0.607  0.026  0.004  0.000  0.000  0.023  0.000  0.000  0.010  0.671
   0.02838    -11.177402  0.608  0.027  0.003  0.000  0.000  0.022  0.000  0.000  0.010  0.672
   0.00000    -11.176388  0.608  0.027  0.003  0.000  0.000  0.022  0.000  0.000  0.010  0.672
 
# Band-Index:    3
   0.00000     -6.932005  0.060  0.110  0.041  0.000  0.000  0.097  0.005  0.000  0.343  0.657
   0.02838     -6.929455  0.062  0.110  0.041  0.000  0.000  0.097  0.005  0.000  0.344  0.658
   0.05676     -6.921861  0.061  0.107  0.040  0.000  0.000  0.096  0.005  0.000  0.348  0.660
   0.08514     -6.909411  0.060  0.105  0.040  0.000  0.000  0.095  0.004  0.000  0.356  0.663
   0.11352     -6.892464  0.057  0.103  0.040  0.000  0.000  0.093  0.003  0.000  0.369  0.668
   0.14190     -6.871623  0.056  0.100  0.041  0.000  0.000  0.090  0.002  0.000  0.387  0.675
   0.17028     -6.847808  0.052  0.096  0.040  0.000  0.000  0.083  0.001  0.000  0.411  0.685
   0.19866     -6.822313  0.048  0.089  0.040  0.000  0.000  0.073  0.000  0.000  0.441  0.696
   0.22704     -6.796760  0.043  0.082  0.042  0.000  0.000  0.060  0.000  0.000  0.478  0.708
   0.25542     -6.772857  0.039  0.076  0.043  0.000  0.000  0.044  0.002  0.000  0.515  0.722
   0.28380     -6.751953  0.035  0.067  0.044  0.000  0.000  0.030  0.008  0.000  0.550  0.736
   0.31218     -6.734620  0.033  0.061  0.046  0.000  0.000  0.018  0.016  0.000  0.575  0.748
   0.34056     -6.720620  0.031  0.053  0.047  0.000  0.000  0.009  0.027  0.000  0.591  0.758
   0.36894     -6.709258  0.030  0.049  0.047  0.000  0.000  0.004  0.040  0.000  0.596  0.769
   0.39732     -6.699799  0.029  0.045  0.049  0.000  0.000  0.002  0.055  0.000  0.595  0.777
   0.42570     -6.691712  0.030  0.041  0.048  0.000  0.000  0.002  0.072  0.000  0.587  0.782
   0.45408     -6.684729  0.030  0.039  0.050  0.000  0.000  0.003  0.090  0.000  0.574  0.788
   0.48246     -6.678822  0.031  0.036  0.051  0.000  0.000  0.005  0.111  0.000  0.555  0.791
   0.51084     -6.674162  0.034  0.034  0.053  0.000  0.000  0.007  0.134  0.000  0.532  0.792
   0.53922     -6.671071  0.036  0.031  0.055  0.000  0.000  0.009  0.161  0.000  0.503  0.794
   0.56760     -6.670001  0.038  0.029  0.057  0.000  0.000  0.011  0.190  0.000  0.467  0.792
   0.59598     -6.671500  0.040  0.026  0.060  0.000  0.000  0.013  0.224  0.000  0.426  0.790
   0.62436     -6.676179  0.043  0.022  0.064  0.000  0.000  0.014  0.260  0.000  0.379  0.785
   0.65274     -6.684658  0.047  0.021  0.068  0.000  0.000  0.015  0.297  0.000  0.327  0.778
   0.68112     -6.697484  0.053  0.019  0.074  0.000  0.000  0.016  0.334  0.000  0.273  0.769
   0.70950     -6.715036  0.057  0.015  0.081  0.000  0.000  0.016  0.368  0.000  0.220  0.758
   0.73788     -6.737423  0.063  0.013  0.089  0.000  0.000  0.015  0.396  0.000  0.170  0.748
   0.76626     -6.764415  0.069  0.011  0.095  0.000  0.000  0.013  0.417  0.000  0.127  0.733
   0.79464     -6.795430  0.075  0.008  0.103  0.000  0.000  0.011  0.430  0.000  0.091  0.721
   0.82302     -6.829578  0.080  0.006  0.109  0.000  0.000  0.009  0.435  0.000  0.063  0.706
   0.85140     -6.865735  0.087  0.004  0.115  0.000  0.000  0.007  0.435  0.000  0.042  0.692
   0.87978     -6.902642  0.093  0.004  0.121  0.000  0.000  0.004  0.430  0.000  0.027  0.682
   0.90816     -6.938987  0.096  0.004  0.127  0.000  0.000  0.003  0.423  0.000  0.017  0.670
   0.93654     -6.973479  0.100  0.002  0.131  0.000  0.000  0.002  0.414  0.000  0.011  0.661
   0.96492     -7.004912  0.104  0.001  0.135  0.000  0.000  0.001  0.405  0.000  0.007  0.653
   0.99330     -7.032202  0.106  0.000  0.136  0.000  0.000  0.001  0.396  0.000  0.004  0.646
   1.02168     -7.054427  0.109  0.000  0.138  0.000  0.000  0.000  0.389  0.000  0.002  0.640
   1.05006     -7.070844  0.109  0.000  0.140  0.000  0.000  0.000  0.384  0.000  0.002  0.637
   1.07844     -7.080913  0.110  0.000  0.142  0.000  0.000  0.000  0.381  0.000  0.001  0.635
   1.10682     -7.084306  0.110  0.000  0.142  0.000  0.000  0.000  0.380  0.000  0.001  0.634
   1.10682     -7.084306  0.110  0.000  0.142  0.000  0.000  0.000  0.380  0.000  0.001  0.634
   1.13528     -7.080664  0.110  0.000  0.142  0.000  0.000  0.000  0.381  0.000  0.001  0.635
   1.16374     -7.069823  0.109  0.000  0.140  0.000  0.000  0.000  0.384  0.000  0.001  0.637
   1.19219     -7.052041  0.109  0.000  0.138  0.000  0.000  0.000  0.390  0.000  0.001  0.639
   1.22065     -7.027733  0.106  0.000  0.137  0.000  0.000  0.000  0.399  0.000  0.000  0.645
   1.24911     -6.997468  0.105  0.001  0.135  0.000  0.000  0.000  0.409  0.000  0.000  0.650
   1.27757     -6.961946  0.100  0.002  0.131  0.000  0.000  0.000  0.422  0.000  0.000  0.658
   1.30602     -6.921976  0.098  0.002  0.128  0.000  0.000  0.001  0.437  0.000  0.000  0.667
   1.33448     -6.878451  0.093  0.003  0.125  0.000  0.000  0.001  0.452  0.000  0.000  0.676
   1.36294     -6.832317  0.090  0.003  0.121  0.000  0.000  0.003  0.469  0.000  0.001  0.688
   1.39139     -6.784541  0.084  0.006  0.115  0.000  0.000  0.004  0.488  0.000  0.003  0.699
   1.41985     -6.736082  0.079  0.006  0.108  0.000  0.000  0.005  0.505  0.000  0.005  0.711
   1.44831     -6.687862  0.076  0.007  0.102  0.000  0.000  0.007  0.521  0.000  0.009  0.724
   1.47677     -6.640770  0.068  0.009  0.096  0.000  0.000  0.009  0.534  0.000  0.016  0.735
   1.50522     -6.595687  0.063  0.012  0.090  0.000  0.000  0.011  0.540  0.000  0.028  0.748
   1.53368     -6.553608  0.059  0.014  0.082  0.000  0.000  0.011  0.536  0.000  0.051  0.758
   1.56214     -6.515945  0.055  0.021  0.075  0.000  0.000  0.011  0.507  0.000  0.096  0.766
   1.59060     -6.485200  0.048  0.030  0.065  0.000  0.000  0.009  0.433  0.000  0.189  0.774
   1.61905     -6.465506  0.041  0.039  0.053  0.000  0.000  0.004  0.298  0.000  0.350  0.785
   1.64751     -6.459796  0.031  0.047  0.039  0.000  0.000  0.001  0.158  0.000  0.520  0.798
   1.67597     -6.465465  0.026  0.050  0.032  0.000  0.000  0.002  0.076  0.000  0.620  0.807
   1.70442     -6.478136  0.025  0.052  0.028  0.000  0.000  0.004  0.038  0.000  0.660  0.810
   1.73288     -6.495279  0.024  0.054  0.026  0.000  0.000  0.008  0.021  0.000  0.672  0.808
   1.76134     -6.515802  0.027  0.055  0.026  0.000  0.000  0.013  0.013  0.000  0.668  0.803
   1.78980     -6.539250  0.028  0.059  0.026  0.000  0.000  0.019  0.008  0.000  0.654  0.798
   1.81825     -6.565403  0.031  0.062  0.026  0.000  0.000  0.026  0.006  0.000  0.635  0.789
   1.84671     -6.594091  0.037  0.064  0.026  0.000  0.000  0.033  0.005  0.000  0.611  0.778
   1.87517     -6.625086  0.040  0.068  0.028  0.000  0.000  0.041  0.004  0.000  0.584  0.768
   1.90362     -6.658034  0.044  0.073  0.029  0.000  0.000  0.049  0.004  0.000  0.555  0.755
   1.93208     -6.692426  0.048  0.077  0.029  0.000  0.000  0.058  0.004  0.000  0.526  0.743
   1.96054     -6.727588  0.052  0.081  0.031  0.000  0.000  0.065  0.004  0.000  0.495  0.730
   1.98900     -6.762699  0.054  0.087  0.032  0.000  0.000  0.072  0.004  0.000  0.466  0.717
   2.01745     -6.796827  0.058  0.091  0.033  0.000  0.000  0.078  0.004  0.000  0.439  0.706
   2.04591     -6.828992  0.060  0.096  0.034  0.000  0.000  0.084  0.005  0.000  0.414  0.694
   2.07437     -6.858211  0.061  0.099  0.038  0.000  0.000  0.088  0.005  0.000  0.393  0.683
   2.10282     -6.883557  0.061  0.102  0.038  0.000  0.000  0.092  0.005  0.000  0.375  0.674
   2.13128     -6.904206  0.062  0.104  0.039  0.000  0.000  0.094  0.005  0.000  0.360  0.668
   2.15974     -6.919474  0.061  0.108  0.040  0.000  0.000  0.095  0.005  0.000  0.351  0.662
   2.18820     -6.928846  0.062  0.109  0.041  0.000  0.000  0.096  0.005  0.000  0.345  0.659
   2.21665     -6.932005  0.060  0.110  0.041  0.000  0.000  0.097  0.005  0.000  0.343  0.657
 
# Band-Index:    4
   2.21665     -6.169926  0.016  0.022  0.026  0.000  0.000  0.012  0.673  0.000  0.139  0.887
   2.18820     -6.169631  0.016  0.022  0.026  0.000  0.000  0.012  0.674  0.000  0.138  0.887
   2.15974     -6.168754  0.016  0.022  0.026  0.000  0.000  0.012  0.677  0.000  0.134  0.887
   2.13128     -6.167341  0.016  0.021  0.026  0.000  0.000  0.012  0.684  0.000  0.129  0.887
   2.10282     -6.165521  0.016  0.020  0.025  0.000  0.000  0.011  0.693  0.000  0.121  0.888
   2.07437     -6.163540  0.016  0.021  0.024  0.000  0.000  0.010  0.706  0.000  0.112  0.889
   2.04591     -6.161776  0.015  0.019  0.023  0.000  0.000  0.007  0.722  0.000  0.100  0.889
   2.01745     -6.160725  0.015  0.020  0.022  0.000  0.000  0.004  0.736  0.000  0.088  0.887
   1.98900     -6.160952  0.015  0.019  0.022  0.000  0.000  0.001  0.749  0.000  0.075  0.885
   1.96054     -6.163020  0.015  0.020  0.023  0.000  0.000  0.000  0.759  0.000  0.064  0.881
   1.93208     -6.167409  0.015  0.019  0.023  0.000  0.000  0.001  0.764  0.000  0.054  0.879
   1.90362     -6.174454  0.016  0.017  0.025  0.000  0.000  0.003  0.765  0.000  0.046  0.874
   1.87517     -6.184328  0.016  0.018  0.027  0.000  0.000  0.006  0.762  0.000  0.042  0.871
   1.84671     -6.197058  0.019  0.016  0.028  0.000  0.000  0.011  0.756  0.000  0.039  0.869
   1.81825     -6.212563  0.019  0.013  0.031  0.000  0.000  0.015  0.747  0.000  0.036  0.867
   1.78980     -6.230680  0.020  0.011  0.033  0.000  0.000  0.020  0.736  0.000  0.039  0.863
   1.76134     -6.251169  0.021  0.009  0.037  0.000  0.000  0.024  0.724  0.000  0.047  0.861
   1.73288     -6.273666  0.022  0.006  0.039  0.000  0.000  0.027  0.705  0.000  0.061  0.860
   1.70442     -6.297539  0.021  0.003  0.041  0.000  0.000  0.029  0.675  0.000  0.088  0.859
   1.67597     -6.321515  0.021  0.002  0.039  0.000  0.000  0.030  0.623  0.000  0.144  0.860
   1.64751     -6.342893  0.017  0.003  0.035  0.000  0.000  0.027  0.527  0.000  0.257  0.868
   1.61905     -6.357133  0.010  0.008  0.028  0.000  0.000  0.024  0.371  0.000  0.437  0.876
   1.59060     -6.361464  0.006  0.016  0.019  0.000  0.000  0.016  0.218  0.000  0.610  0.884
   1.56214     -6.358626  0.003  0.022  0.016  0.000  0.000  0.010  0.122  0.000  0.712  0.885
   1.53368     -6.352506  0.002  0.027  0.013  0.000  0.000  0.006  0.074  0.000  0.766  0.885
   1.50522     -6.345280  0.002  0.029  0.011  0.000  0.000  0.004  0.047  0.000  0.796  0.889
   1.47677     -6.337930  0.002  0.029  0.007  0.000  0.000  0.003  0.031  0.000  0.815  0.890
   1.44831     -6.330902  0.000  0.031  0.007  0.000  0.000  0.002  0.021  0.000  0.828  0.892
   1.41985     -6.324400  0.000  0.031  0.007  0.000  0.000  0.002  0.014  0.000  0.838  0.894
   1.39139     -6.318518  0.000  0.032  0.006  0.000  0.000  0.002  0.009  0.000  0.845  0.894
   1.36294     -6.313291  0.000  0.032  0.004  0.000  0.000  0.004  0.006  0.000  0.851  0.896
   1.33448     -6.308725  0.000  0.032  0.004  0.000  0.000  0.004  0.003  0.000  0.854  0.898
   1.30602     -6.304802  0.000  0.032  0.004  0.000  0.000  0.005  0.002  0.000  0.857  0.900
   1.27757     -6.301499  0.000  0.032  0.003  0.000  0.000  0.005  0.001  0.000  0.859  0.902
   1.24911     -6.298784  0.000  0.032  0.002  0.000  0.000  0.007  0.000  0.000  0.860  0.903
   1.22065     -6.296623  0.000  0.032  0.000  0.000  0.001  0.008  0.000  0.000  0.862  0.904
   1.19219     -6.294986  0.000  0.033  0.000  0.000  0.002  0.008  0.000  0.000  0.861  0.905
   1.16374     -6.293848  0.000  0.033  0.000  0.000  0.004  0.009  0.000  0.000  0.858  0.906
   1.13528     -6.293189  0.000  0.032  0.000  0.000  0.011  0.009  0.000  0.000  0.852  0.906
   1.10682     -6.292978  0.000  0.032  0.000  0.000  0.017  0.009  0.000  0.000  0.845  0.906
   1.10682     -6.292978  0.000  0.032  0.000  0.000  0.017  0.009  0.000  0.000  0.845  0.906
   1.07844     -6.292950  0.000  0.032  0.000  0.000  0.012  0.009  0.000  0.000  0.851  0.906
   1.05006     -6.292873  0.000  0.032  0.000  0.000  0.005  0.008  0.000  0.000  0.857  0.906
   1.02168     -6.292741  0.000  0.032  0.000  0.000  0.002  0.008  0.001  0.000  0.860  0.905
   0.99330     -6.292514  0.000  0.032  0.000  0.000  0.001  0.007  0.002  0.000  0.860  0.904
   0.96492     -6.292123  0.000  0.032  0.003  0.000  0.000  0.006  0.005  0.000  0.856  0.903
   0.93654     -6.291472  0.000  0.032  0.004  0.000  0.000  0.005  0.009  0.000  0.851  0.901
   0.90816     -6.290428  0.000  0.030  0.004  0.000  0.000  0.004  0.016  0.000  0.842  0.900
   0.87978     -6.288820  0.000  0.031  0.006  0.000  0.000  0.003  0.028  0.000  0.829  0.897
   0.85140     -6.286432  0.001  0.029  0.007  0.000  0.000  0.003  0.044  0.000  0.809  0.895
   0.82302     -6.283023  0.001  0.029  0.009  0.000  0.000  0.004  0.067  0.000  0.781  0.893
   0.79464     -6.278343  0.002  0.027  0.010  0.000  0.000  0.005  0.098  0.000  0.746  0.890
   0.76626     -6.272181  0.004  0.026  0.012  0.000  0.000  0.008  0.137  0.000  0.701  0.888
   0.73788     -6.264422  0.005  0.024  0.014  0.000  0.000  0.012  0.183  0.000  0.647  0.885
   0.70950     -6.255114  0.004  0.022  0.015  0.000  0.000  0.018  0.237  0.000  0.586  0.884
   0.68112     -6.244523  0.005  0.021  0.016  0.000  0.000  0.026  0.297  0.000  0.519  0.884
   0.65274     -6.233139  0.005  0.021  0.018  0.000  0.000  0.033  0.354  0.000  0.451  0.882
   0.62436     -6.221664  0.006  0.020  0.018  0.000  0.000  0.045  0.409  0.000  0.385  0.882
   0.59598     -6.210979  0.007  0.020  0.017  0.000  0.000  0.059  0.457  0.000  0.322  0.881
   0.56760     -6.202115  0.007  0.022  0.016  0.000  0.000  0.077  0.495  0.000  0.264  0.882
   0.53922     -6.196263  0.009  0.025  0.014  0.000  0.000  0.098  0.523  0.000  0.212  0.881
   0.51084     -6.194776  0.012  0.029  0.013  0.000  0.000  0.125  0.535  0.000  0.164  0.876
   0.48246     -6.199115  0.018  0.035  0.011  0.000  0.000  0.158  0.528  0.000  0.120  0.870
   0.45408     -6.210603  0.024  0.043  0.011  0.000  0.000  0.194  0.502  0.000  0.083  0.858
   0.42570     -6.229909  0.032  0.052  0.009  0.000  0.000  0.230  0.463  0.000  0.051  0.841
   0.39732     -6.256422  0.044  0.065  0.012  0.000  0.000  0.259  0.417  0.000  0.026  0.822
   0.36894     -6.287964  0.053  0.074  0.012  0.000  0.000  0.275  0.373  0.000  0.013  0.802
   0.34056     -6.321121  0.064  0.083  0.016  0.000  0.000  0.277  0.335  0.000  0.008  0.783
   0.31218     -6.351934  0.070  0.091  0.021  0.000  0.000  0.266  0.306  0.000  0.013  0.765
   0.28380     -6.376654  0.075  0.094  0.024  0.000  0.000  0.244  0.285  0.000  0.029  0.752
   0.25542     -6.392397  0.077  0.096  0.029  0.000  0.000  0.215  0.270  0.000  0.053  0.741
   0.22704     -6.397578  0.076  0.099  0.034  0.000  0.000  0.182  0.260  0.000  0.081  0.733
   0.19866     -6.391881  0.075  0.099  0.037  0.000  0.000  0.151  0.256  0.000  0.107  0.727
   0.17028     -6.375848  0.074  0.100  0.041  0.000  0.000  0.122  0.259  0.000  0.126  0.721
   0.14190     -6.350467  0.071  0.099  0.042  0.000  0.000  0.096  0.271  0.000  0.137  0.717
   0.11352     -6.317015  0.068  0.098  0.043  0.000  0.000  0.072  0.295  0.000  0.141  0.719
   0.08514     -6.277191  0.063  0.095  0.044  0.000  0.000  0.051  0.337  0.000  0.138  0.727
   0.05676     -6.233650  0.053  0.083  0.041  0.000  0.000  0.033  0.407  0.000  0.133  0.751
   0.02838     -6.191920  0.035  0.056  0.034  0.000  0.000  0.019  0.534  0.000  0.132  0.812
   0.00000     -6.169926  0.016  0.022  0.026  0.000  0.000  0.012  0.673  0.000  0.139  0.887
 
# Band-Index:    5
   0.00000     -6.077747  0.123  0.226  0.078  0.000  0.000  0.005  0.002  0.000  0.014  0.449
   0.02838     -6.058813  0.100  0.187  0.067  0.000  0.000  0.006  0.150  0.000  0.020  0.533
   0.05676     -6.025843  0.077  0.148  0.059  0.000  0.000  0.013  0.299  0.000  0.019  0.617
   0.08514     -5.995484  0.060  0.121  0.050  0.000  0.000  0.026  0.398  0.005  0.013  0.677
   0.11352     -5.979219  0.001  0.002  0.000  0.048  0.006  0.001  0.014  0.823  0.000  0.899
   0.14190     -5.976846  0.000  0.000  0.000  0.048  0.006  0.000  0.002  0.843  0.000  0.903
   0.17028     -5.974099  0.000  0.000  0.000  0.048  0.006  0.000  0.001  0.846  0.000  0.904
   0.19866     -5.970883  0.000  0.000  0.000  0.048  0.006  0.000  0.001  0.847  0.000  0.905
   0.22704     -5.967197  0.000  0.000  0.000  0.048  0.008  0.000  0.001  0.849  0.000  0.905
   0.25542     -5.963055  0.000  0.000  0.000  0.048  0.007  0.000  0.001  0.850  0.000  0.906
   0.28380     -5.958483  0.000  0.000  0.000  0.048  0.005  0.000  0.001  0.852  0.000  0.906
   0.31218     -5.953550  0.000  0.000  0.000  0.048  0.003  0.000  0.001  0.851  0.000  0.904
   0.34056     -5.948691  0.000  0.000  0.000  0.053  0.029  0.000  0.001  0.819  0.000  0.903
   0.36894     -5.954114  0.000  0.000  0.000  0.035  0.787  0.000  0.000  0.109  0.000  0.929
   0.39732     -5.970983  0.000  0.000  0.000  0.026  0.880  0.000  0.000  0.029  0.000  0.934
   0.42570     -5.988850  0.000  0.000  0.000  0.024  0.891  0.000  0.000  0.018  0.000  0.933
   0.45408     -6.007138  0.000  0.000  0.000  0.025  0.893  0.000  0.000  0.015  0.000  0.931
   0.48246     -6.025667  0.000  0.000  0.000  0.026  0.893  0.000  0.000  0.013  0.000  0.931
   0.51084     -6.044301  0.000  0.000  0.000  0.026  0.892  0.000  0.000  0.012  0.000  0.930
   0.53922     -6.062916  0.000  0.000  0.000  0.026  0.890  0.000  0.000  0.011  0.000  0.927
   0.56760     -6.081397  0.000  0.000  0.000  0.028  0.888  0.000  0.000  0.011  0.000  0.926
   0.59598     -6.099632  0.000  0.000  0.000  0.028  0.885  0.000  0.000  0.010  0.000  0.923
   0.62436     -6.117515  0.000  0.000  0.000  0.030  0.883  0.000  0.000  0.011  0.000  0.923
   0.65274     -6.134945  0.000  0.000  0.000  0.030  0.881  0.000  0.000  0.011  0.000  0.921
   0.68112     -6.151825  0.000  0.000  0.000  0.030  0.878  0.000  0.000  0.011  0.000  0.919
   0.70950     -6.168064  0.000  0.000  0.000  0.032  0.877  0.000  0.000  0.010  0.000  0.918
   0.73788     -6.183574  0.000  0.000  0.000  0.031  0.875  0.000  0.000  0.010  0.000  0.916
   0.76626     -6.198273  0.000  0.000  0.000  0.030  0.873  0.000  0.000  0.010  0.000  0.915
   0.79464     -6.212085  0.000  0.000  0.000  0.030  0.871  0.000  0.000  0.010  0.000  0.915
   0.82302     -6.224939  0.000  0.000  0.000  0.032  0.869  0.000  0.000  0.011  0.000  0.913
   0.85140     -6.236769  0.000  0.000  0.000  0.032  0.868  0.000  0.000  0.011  0.000  0.911
   0.87978     -6.247515  0.000  0.000  0.000  0.032  0.866  0.000  0.000  0.011  0.000  0.910
   0.90816     -6.257125  0.000  0.000  0.000  0.032  0.865  0.000  0.000  0.011  0.000  0.909
   0.93654     -6.265550  0.000  0.000  0.000  0.033  0.865  0.000  0.000  0.011  0.000  0.910
   0.96492     -6.272747  0.000  0.000  0.000  0.034  0.864  0.000  0.000  0.011  0.000  0.909
   0.99330     -6.278681  0.000  0.000  0.000  0.034  0.863  0.000  0.000  0.011  0.001  0.908
   1.02168     -6.283321  0.000  0.000  0.000  0.034  0.861  0.000  0.000  0.011  0.002  0.907
   1.05006     -6.286641  0.000  0.000  0.000  0.034  0.857  0.000  0.000  0.011  0.005  0.907
   1.07844     -6.288627  0.000  0.000  0.000  0.034  0.850  0.000  0.000  0.011  0.012  0.907
   1.10682     -6.289284  0.000  0.000  0.000  0.034  0.844  0.000  0.000  0.011  0.018  0.906
   1.10682     -6.289284  0.000  0.000  0.000  0.034  0.844  0.000  0.000  0.011  0.018  0.906
   1.13528     -6.288639  0.000  0.000  0.000  0.034  0.851  0.000  0.000  0.011  0.011  0.907
   1.16374     -6.286685  0.000  0.000  0.000  0.034  0.858  0.000  0.000  0.011  0.004  0.907
   1.19219     -6.283413  0.000  0.000  0.000  0.034  0.861  0.000  0.000  0.011  0.002  0.907
   1.22065     -6.278839  0.000  0.000  0.000  0.034  0.863  0.000  0.000  0.011  0.001  0.908
   1.24911     -6.272986  0.000  0.000  0.000  0.034  0.864  0.000  0.000  0.011  0.000  0.909
   1.27757     -6.265882  0.000  0.000  0.000  0.032  0.865  0.000  0.000  0.011  0.000  0.910
   1.30602     -6.257558  0.000  0.000  0.000  0.032  0.866  0.000  0.000  0.011  0.000  0.909
   1.33448     -6.248053  0.000  0.000  0.000  0.032  0.867  0.000  0.000  0.011  0.000  0.910
   1.36294     -6.237411  0.000  0.000  0.000  0.032  0.868  0.000  0.000  0.011  0.000  0.911
   1.39139     -6.225680  0.000  0.000  0.000  0.032  0.870  0.000  0.000  0.011  0.000  0.913
   1.41985     -6.212914  0.000  0.000  0.000  0.031  0.872  0.000  0.000  0.011  0.000  0.913
   1.44831     -6.199177  0.000  0.000  0.000  0.031  0.874  0.000  0.000  0.010  0.000  0.915
   1.47677     -6.184533  0.000  0.000  0.000  0.031  0.876  0.000  0.000  0.010  0.000  0.917
   1.50522     -6.169057  0.000  0.000  0.000  0.029  0.879  0.000  0.000  0.010  0.000  0.917
   1.53368     -6.152828  0.000  0.000  0.000  0.029  0.881  0.000  0.000  0.010  0.000  0.920
   1.56214     -6.135930  0.000  0.000  0.000  0.028  0.883  0.000  0.000  0.010  0.000  0.922
   1.59060     -6.118454  0.000  0.000  0.000  0.027  0.886  0.000  0.000  0.010  0.000  0.922
   1.61905     -6.100499  0.000  0.000  0.000  0.027  0.889  0.000  0.000  0.009  0.000  0.925
   1.64751     -6.082166  0.000  0.000  0.000  0.025  0.892  0.000  0.000  0.009  0.000  0.926
   1.67597     -6.063564  0.000  0.000  0.000  0.025  0.896  0.000  0.000  0.009  0.000  0.930
   1.70442     -6.044806  0.000  0.000  0.000  0.023  0.899  0.000  0.000  0.009  0.000  0.931
   1.73288     -6.026012  0.000  0.000  0.000  0.023  0.903  0.000  0.000  0.009  0.000  0.933
   1.76134     -6.007303  0.000  0.000  0.000  0.021  0.906  0.000  0.000  0.007  0.000  0.935
   1.78980     -5.988808  0.000  0.000  0.000  0.021  0.910  0.000  0.000  0.007  0.000  0.937
   1.81825     -5.970657  0.000  0.000  0.000  0.019  0.913  0.000  0.000  0.007  0.000  0.940
   1.84671     -5.952986  0.000  0.000  0.000  0.018  0.917  0.000  0.000  0.007  0.000  0.941
   1.87517     -5.936111  0.002  0.004  0.002  0.006  0.814  0.016  0.001  0.096  0.000  0.943
   1.90362     -5.946218  0.041  0.072  0.036  0.013  0.007  0.278  0.011  0.298  0.015  0.775
   1.93208     -5.962960  0.065  0.117  0.056  0.002  0.001  0.365  0.008  0.042  0.023  0.685
   1.96054     -5.980161  0.075  0.136  0.063  0.000  0.001  0.331  0.003  0.012  0.025  0.647
   1.98900     -5.996476  0.083  0.149  0.067  0.000  0.000  0.282  0.000  0.005  0.025  0.612
   2.01745     -6.011824  0.089  0.164  0.069  0.000  0.000  0.229  0.000  0.002  0.023  0.582
   2.04591     -6.026262  0.096  0.177  0.072  0.000  0.000  0.177  0.003  0.001  0.021  0.549
   2.07437     -6.039734  0.104  0.192  0.075  0.000  0.000  0.128  0.004  0.000  0.019  0.522
   2.10282     -6.051978  0.110  0.203  0.076  0.000  0.000  0.086  0.005  0.000  0.016  0.498
   2.13128     -6.062512  0.115  0.212  0.077  0.000  0.000  0.051  0.006  0.000  0.015  0.477
   2.15974     -6.070710  0.120  0.219  0.078  0.000  0.000  0.025  0.004  0.000  0.014  0.463
   2.18820     -6.075944  0.122  0.224  0.078  0.000  0.000  0.010  0.003  0.000  0.014  0.452
   2.21665     -6.077747  0.123  0.226  0.078  0.000  0.000  0.005  0.002  0.000  0.014  0.449
 
# Band-Index:    6
   2.21665     -5.982971  0.000  0.000  0.000  0.049  0.007  0.000  0.000  0.846  0.000  0.903
   2.18820     -5.982587  0.000  0.000  0.000  0.049  0.007  0.000  0.000  0.846  0.000  0.903
   2.15974     -5.981440  0.000  0.000  0.000  0.049  0.007  0.000  0.000  0.846  0.000  0.903
   2.13128     -5.979538  0.000  0.000  0.000  0.049  0.007  0.000  0.000  0.846  0.000  0.904
   2.10282     -5.976899  0.000  0.000  0.000  0.049  0.007  0.000  0.000  0.847  0.000  0.905
   2.07437     -5.973545  0.000  0.000  0.000  0.048  0.007  0.000  0.000  0.848  0.000  0.904
   2.04591     -5.969503  0.000  0.000  0.000  0.046  0.007  0.000  0.000  0.849  0.000  0.904
   2.01745     -5.964804  0.000  0.000  0.000  0.046  0.009  0.000  0.000  0.849  0.000  0.906
   1.98900     -5.959475  0.000  0.000  0.000  0.046  0.009  0.001  0.000  0.848  0.000  0.906
   1.96054     -5.953517  0.001  0.002  0.000  0.044  0.009  0.005  0.000  0.843  0.000  0.904
   1.93208     -5.946804  0.003  0.006  0.004  0.041  0.009  0.019  0.000  0.815  0.001  0.898
   1.90362     -5.938048  0.023  0.038  0.020  0.028  0.002  0.149  0.006  0.561  0.008  0.837
   1.87517     -5.935178  0.004  0.008  0.004  0.048  0.109  0.038  0.002  0.676  0.002  0.891
   1.84671     -5.927284  0.002  0.002  0.000  0.039  0.009  0.017  0.001  0.834  0.000  0.908
   1.81825     -5.919425  0.000  0.002  0.000  0.037  0.011  0.009  0.001  0.851  0.000  0.911
   1.78980     -5.911502  0.000  0.000  0.000  0.036  0.011  0.006  0.001  0.858  0.000  0.915
   1.76134     -5.903513  0.000  0.000  0.000  0.034  0.012  0.004  0.001  0.863  0.000  0.916
   1.73288     -5.895498  0.000  0.000  0.000  0.034  0.012  0.003  0.001  0.866  0.000  0.917
   1.70442     -5.887509  0.000  0.000  0.000  0.032  0.013  0.003  0.000  0.870  0.000  0.920
   1.67597     -5.879603  0.000  0.000  0.000  0.031  0.013  0.002  0.000  0.873  0.000  0.920
   1.64751     -5.871833  0.000  0.000  0.000  0.029  0.014  0.002  0.000  0.874  0.000  0.923
   1.61905     -5.864249  0.000  0.000  0.000  0.029  0.014  0.002  0.000  0.877  0.000  0.923
   1.59060     -5.856899  0.000  0.000  0.000  0.027  0.016  0.002  0.000  0.878  0.000  0.925
   1.56214     -5.849826  0.000  0.000  0.000  0.027  0.016  0.002  0.000  0.880  0.000  0.925
   1.53368     -5.843067  0.000  0.000  0.000  0.025  0.017  0.002  0.000  0.881  0.000  0.927
   1.50522     -5.836656  0.000  0.000  0.000  0.025  0.017  0.002  0.000  0.882  0.000  0.929
   1.47677     -5.830621  0.000  0.000  0.000  0.024  0.018  0.002  0.000  0.884  0.000  0.928
   1.44831     -5.824985  0.000  0.000  0.000  0.022  0.020  0.002  0.000  0.884  0.000  0.930
   1.41985     -5.819768  0.000  0.000  0.000  0.022  0.021  0.002  0.000  0.885  0.000  0.931
   1.39139     -5.814983  0.000  0.000  0.000  0.022  0.022  0.002  0.000  0.886  0.000  0.931
   1.36294     -5.810642  0.000  0.000  0.000  0.020  0.023  0.002  0.000  0.886  0.000  0.931
   1.33448     -5.806753  0.000  0.000  0.000  0.020  0.023  0.002  0.000  0.886  0.000  0.932
   1.30602     -5.803320  0.000  0.000  0.000  0.020  0.023  0.002  0.000  0.887  0.000  0.933
   1.27757     -5.800346  0.000  0.000  0.000  0.020  0.024  0.002  0.000  0.888  0.000  0.934
   1.24911     -5.797832  0.000  0.000  0.000  0.020  0.024  0.003  0.000  0.887  0.000  0.934
   1.22065     -5.795777  0.000  0.000  0.000  0.020  0.024  0.003  0.000  0.887  0.000  0.935
   1.19219     -5.794182  0.000  0.000  0.000  0.020  0.024  0.003  0.000  0.887  0.000  0.934
   1.16374     -5.793043  0.000  0.000  0.000  0.018  0.025  0.003  0.000  0.887  0.000  0.934
   1.13528     -5.792360  0.000  0.000  0.000  0.018  0.026  0.003  0.000  0.887  0.000  0.934
   1.10682     -5.792133  0.000  0.000  0.000  0.018  0.026  0.003  0.000  0.887  0.000  0.934
   1.10682     -5.792133  0.000  0.000  0.000  0.018  0.026  0.003  0.000  0.887  0.000  0.934
   1.07844     -5.792486  0.000  0.000  0.000  0.018  0.026  0.003  0.000  0.887  0.000  0.934
   1.05006     -5.793541  0.000  0.000  0.000  0.019  0.026  0.003  0.000  0.887  0.000  0.934
   1.02168     -5.795292  0.000  0.000  0.000  0.020  0.026  0.003  0.000  0.887  0.000  0.935
   0.99330     -5.797724  0.000  0.000  0.000  0.020  0.026  0.002  0.000  0.886  0.000  0.934
   0.96492     -5.800820  0.000  0.000  0.000  0.020  0.026  0.002  0.000  0.886  0.000  0.934
   0.93654     -5.804555  0.000  0.000  0.000  0.020  0.026  0.002  0.000  0.885  0.000  0.933
   0.90816     -5.808898  0.000  0.000  0.000  0.022  0.026  0.002  0.000  0.884  0.000  0.931
   0.87978     -5.813815  0.000  0.000  0.000  0.022  0.026  0.001  0.000  0.883  0.000  0.932
   0.85140     -5.819265  0.000  0.000  0.000  0.022  0.026  0.001  0.000  0.882  0.000  0.931
   0.82302     -5.825203  0.000  0.000  0.000  0.024  0.026  0.001  0.000  0.880  0.000  0.929
   0.79464     -5.831580  0.000  0.000  0.000  0.024  0.026  0.001  0.000  0.879  0.000  0.929
   0.76626     -5.838345  0.000  0.000  0.000  0.025  0.024  0.001  0.000  0.876  0.000  0.928
   0.73788     -5.845441  0.000  0.000  0.000  0.027  0.024  0.001  0.000  0.874  0.000  0.926
   0.70950     -5.852811  0.000  0.000  0.000  0.027  0.024  0.001  0.000  0.872  0.000  0.925
   0.68112     -5.860396  0.000  0.000  0.000  0.029  0.024  0.001  0.000  0.870  0.000  0.923
   0.65274     -5.868136  0.000  0.000  0.000  0.029  0.024  0.001  0.000  0.868  0.000  0.923
   0.62436     -5.875970  0.000  0.000  0.000  0.031  0.024  0.001  0.000  0.866  0.000  0.921
   0.59598     -5.883840  0.000  0.000  0.000  0.031  0.023  0.001  0.000  0.864  0.000  0.921
   0.56760     -5.891687  0.000  0.000  0.000  0.033  0.023  0.001  0.000  0.861  0.000  0.919
   0.53922     -5.899453  0.000  0.000  0.000  0.034  0.024  0.001  0.000  0.859  0.000  0.918
   0.51084     -5.907083  0.000  0.000  0.000  0.036  0.025  0.001  0.000  0.855  0.000  0.917
   0.48246     -5.914523  0.000  0.000  0.000  0.036  0.026  0.001  0.001  0.852  0.000  0.916
   0.45408     -5.921719  0.000  0.000  0.000  0.036  0.029  0.001  0.001  0.849  0.000  0.915
   0.42570     -5.928611  0.000  0.000  0.000  0.036  0.034  0.001  0.001  0.842  0.000  0.914
   0.39732     -5.935101  0.000  0.000  0.000  0.036  0.048  0.001  0.001  0.830  0.000  0.916
   0.36894     -5.940706  0.000  0.000  0.000  0.028  0.143  0.001  0.002  0.749  0.000  0.922
   0.34056     -5.935080  0.000  0.000  0.000  0.009  0.904  0.000  0.001  0.035  0.000  0.949
   0.31218     -5.919507  0.000  0.000  0.000  0.013  0.929  0.001  0.002  0.003  0.000  0.948
   0.28380     -5.909013  0.019  0.043  0.029  0.000  0.028  0.152  0.550  0.002  0.013  0.842
   0.25542     -5.914279  0.021  0.048  0.032  0.000  0.001  0.134  0.580  0.002  0.010  0.830
   0.22704     -5.920344  0.023  0.053  0.034  0.000  0.000  0.116  0.583  0.002  0.008  0.818
   0.19866     -5.928000  0.028  0.061  0.036  0.000  0.000  0.098  0.574  0.002  0.005  0.803
   0.17028     -5.938204  0.031  0.070  0.037  0.000  0.000  0.080  0.554  0.002  0.005  0.783
   0.14190     -5.952042  0.038  0.084  0.041  0.000  0.000  0.062  0.519  0.004  0.005  0.755
   0.11352     -5.970602  0.046  0.098  0.044  0.002  0.000  0.042  0.457  0.024  0.008  0.725
   0.08514     -5.980630  0.000  0.000  0.000  0.049  0.006  0.000  0.002  0.841  0.000  0.901
   0.05676     -5.981954  0.000  0.000  0.000  0.049  0.006  0.000  0.000  0.845  0.000  0.903
   0.02838     -5.982718  0.000  0.000  0.000  0.049  0.007  0.000  0.000  0.846  0.000  0.903
   0.00000     -5.982971  0.000  0.000  0.000  0.049  0.007  0.000  0.000  0.846  0.000  0.903
 
# Band-Index:    7
   0.00000     -5.822682  0.000  0.000  0.000  0.008  0.946  0.000  0.000  0.002  0.000  0.958
   0.02838     -5.823575  0.000  0.000  0.000  0.008  0.946  0.000  0.000  0.002  0.000  0.958
   0.05676     -5.826243  0.000  0.000  0.000  0.010  0.945  0.000  0.000  0.002  0.000  0.957
   0.08514     -5.830656  0.000  0.000  0.000  0.010  0.944  0.000  0.000  0.002  0.000  0.956
   0.11352     -5.836764  0.000  0.000  0.000  0.010  0.943  0.000  0.000  0.002  0.000  0.957
   0.14190     -5.844499  0.000  0.000  0.000  0.010  0.941  0.000  0.000  0.002  0.000  0.955
   0.17028     -5.853778  0.000  0.000  0.000  0.010  0.940  0.000  0.000  0.002  0.000  0.954
   0.19866     -5.864501  0.000  0.000  0.000  0.012  0.938  0.000  0.000  0.001  0.000  0.952
   0.22704     -5.876559  0.000  0.000  0.000  0.012  0.936  0.000  0.000  0.001  0.000  0.952
   0.25542     -5.889822  0.000  0.000  0.000  0.012  0.934  0.000  0.001  0.001  0.000  0.951
   0.28380     -5.904045  0.001  0.002  0.000  0.013  0.905  0.005  0.017  0.000  0.000  0.946
   0.31218     -5.903157  0.021  0.043  0.031  0.000  0.003  0.185  0.540  0.002  0.017  0.842
   0.34056     -5.896263  0.020  0.042  0.030  0.000  0.001  0.222  0.504  0.002  0.019  0.844
   0.36894     -5.886930  0.023  0.044  0.029  0.000  0.000  0.270  0.454  0.002  0.022  0.845
   0.39732     -5.874073  0.025  0.045  0.029  0.000  0.000  0.331  0.393  0.002  0.021  0.845
   0.42570     -5.856998  0.026  0.046  0.028  0.000  0.000  0.401  0.326  0.002  0.020  0.846
   0.45408     -5.835871  0.027  0.046  0.026  0.000  0.000  0.476  0.261  0.002  0.015  0.851
   0.48246     -5.811872  0.026  0.045  0.022  0.000  0.000  0.548  0.207  0.001  0.011  0.859
   0.51084     -5.786790  0.022  0.041  0.020  0.000  0.000  0.610  0.166  0.001  0.007  0.869
   0.53922     -5.762362  0.019  0.039  0.018  0.000  0.000  0.660  0.136  0.001  0.005  0.877
   0.56760     -5.739837  0.016  0.034  0.016  0.000  0.000  0.698  0.115  0.001  0.003  0.886
   0.59598     -5.719885  0.014  0.032  0.015  0.000  0.000  0.728  0.100  0.001  0.004  0.895
   0.62436     -5.702734  0.011  0.030  0.013  0.000  0.000  0.751  0.090  0.001  0.003  0.901
   0.65274     -5.688340  0.010  0.028  0.013  0.000  0.000  0.770  0.080  0.001  0.004  0.905
   0.68112     -5.676543  0.009  0.026  0.011  0.000  0.000  0.785  0.072  0.001  0.005  0.910
   0.70950     -5.667148  0.008  0.026  0.011  0.000  0.000  0.800  0.064  0.001  0.005  0.914
   0.73788     -5.659972  0.005  0.024  0.009  0.000  0.000  0.814  0.055  0.001  0.006  0.917
   0.76626     -5.654853  0.004  0.024  0.007  0.000  0.000  0.827  0.046  0.001  0.006  0.920
   0.79464     -5.651639  0.004  0.024  0.005  0.000  0.000  0.841  0.037  0.001  0.010  0.922
   0.82302     -5.650165  0.003  0.024  0.005  0.000  0.000  0.853  0.027  0.001  0.011  0.924
   0.85140     -5.650231  0.003  0.022  0.005  0.000  0.000  0.865  0.019  0.001  0.011  0.926
   0.87978     -5.651586  0.002  0.022  0.002  0.000  0.000  0.873  0.012  0.002  0.013  0.927
   0.90816     -5.653924  0.002  0.022  0.002  0.000  0.000  0.880  0.007  0.002  0.015  0.929
   0.93654     -5.656897  0.002  0.022  0.002  0.000  0.000  0.885  0.003  0.002  0.016  0.930
   0.96492     -5.660142  0.000  0.021  0.001  0.000  0.000  0.887  0.001  0.002  0.017  0.931
   0.99330     -5.663310  0.000  0.020  0.000  0.000  0.000  0.888  0.000  0.003  0.019  0.933
   1.02168     -5.666098  0.000  0.020  0.000  0.000  0.000  0.887  0.000  0.003  0.021  0.932
   1.05006     -5.668263  0.000  0.020  0.000  0.000  0.000  0.886  0.000  0.003  0.022  0.932
   1.07844     -5.669631  0.000  0.020  0.000  0.000  0.000  0.886  0.001  0.003  0.023  0.933
   1.10682     -5.670099  0.000  0.020  0.000  0.000  0.000  0.885  0.001  0.003  0.023  0.933
   1.10682     -5.670099  0.000  0.020  0.000  0.000  0.000  0.885  0.001  0.003  0.023  0.933
   1.13528     -5.669982  0.000  0.020  0.000  0.000  0.000  0.885  0.001  0.003  0.023  0.932
   1.16374     -5.669659  0.000  0.020  0.000  0.000  0.000  0.884  0.001  0.003  0.023  0.932
   1.19219     -5.669215  0.000  0.020  0.000  0.000  0.000  0.882  0.002  0.003  0.022  0.930
   1.22065     -5.668782  0.000  0.020  0.000  0.000  0.000  0.880  0.004  0.003  0.021  0.931
   1.24911     -5.668533  0.001  0.021  0.003  0.000  0.000  0.875  0.006  0.003  0.020  0.928
   1.27757     -5.668667  0.001  0.022  0.003  0.000  0.000  0.868  0.011  0.003  0.020  0.928
   1.30602     -5.669394  0.002  0.022  0.004  0.000  0.000  0.860  0.016  0.003  0.019  0.925
   1.33448     -5.670912  0.003  0.024  0.004  0.000  0.000  0.848  0.022  0.002  0.018  0.921
   1.36294     -5.673397  0.006  0.024  0.007  0.000  0.000  0.836  0.029  0.002  0.017  0.919
   1.39139     -5.676989  0.006  0.025  0.007  0.000  0.000  0.822  0.038  0.002  0.014  0.914
   1.41985     -5.681790  0.008  0.026  0.009  0.000  0.000  0.806  0.045  0.002  0.013  0.910
   1.44831     -5.687864  0.009  0.028  0.012  0.000  0.000  0.790  0.053  0.002  0.013  0.907
   1.47677     -5.695250  0.011  0.028  0.012  0.000  0.000  0.774  0.060  0.002  0.012  0.902
   1.50522     -5.703963  0.012  0.030  0.016  0.000  0.000  0.757  0.066  0.002  0.011  0.896
   1.53368     -5.714004  0.014  0.032  0.016  0.000  0.000  0.740  0.072  0.002  0.011  0.889
   1.56214     -5.725371  0.016  0.036  0.019  0.000  0.000  0.723  0.077  0.002  0.011  0.883
   1.59060     -5.738056  0.018  0.038  0.021  0.000  0.000  0.706  0.080  0.002  0.010  0.876
   1.61905     -5.752048  0.020  0.041  0.022  0.000  0.000  0.689  0.081  0.003  0.009  0.867
   1.64751     -5.767329  0.024  0.044  0.026  0.000  0.000  0.671  0.081  0.003  0.009  0.858
   1.67597     -5.783865  0.027  0.048  0.028  0.000  0.000  0.652  0.080  0.003  0.009  0.848
   1.70442     -5.801594  0.030  0.055  0.029  0.000  0.000  0.632  0.077  0.004  0.009  0.837
   1.73288     -5.820412  0.033  0.059  0.033  0.000  0.000  0.611  0.073  0.005  0.009  0.824
   1.76134     -5.840155  0.037  0.065  0.037  0.000  0.000  0.587  0.066  0.006  0.010  0.810
   1.78980     -5.860583  0.042  0.074  0.039  0.000  0.000  0.559  0.058  0.009  0.012  0.793
   1.81825     -5.881365  0.046  0.080  0.043  0.000  0.000  0.527  0.048  0.014  0.012  0.775
   1.84671     -5.902064  0.050  0.087  0.046  0.002  0.001  0.487  0.038  0.029  0.015  0.756
   1.87517     -5.921933  0.052  0.088  0.046  0.004  0.007  0.414  0.024  0.095  0.017  0.749
   1.90362     -5.919540  0.000  0.000  0.000  0.016  0.922  0.001  0.000  0.006  0.000  0.945
   1.93208     -5.904108  0.000  0.000  0.000  0.015  0.926  0.000  0.000  0.006  0.000  0.948
   1.96054     -5.889666  0.000  0.000  0.000  0.015  0.930  0.000  0.000  0.006  0.000  0.949
   1.98900     -5.876353  0.000  0.000  0.000  0.012  0.933  0.000  0.000  0.005  0.000  0.951
   2.01745     -5.864288  0.000  0.000  0.000  0.012  0.936  0.000  0.000  0.003  0.000  0.953
   2.04591     -5.853584  0.000  0.000  0.000  0.011  0.938  0.000  0.000  0.003  0.000  0.954
   2.07437     -5.844341  0.000  0.000  0.000  0.010  0.940  0.000  0.000  0.002  0.000  0.956
   2.10282     -5.836650  0.000  0.000  0.000  0.010  0.942  0.000  0.000  0.002  0.000  0.958
   2.13128     -5.830586  0.000  0.000  0.000  0.010  0.944  0.000  0.000  0.002  0.000  0.957
   2.15974     -5.826210  0.000  0.000  0.000  0.010  0.945  0.000  0.000  0.002  0.000  0.957
   2.18820     -5.823566  0.000  0.000  0.000  0.008  0.946  0.000  0.000  0.002  0.000  0.958
   2.21665     -5.822682  0.000  0.000  0.000  0.008  0.946  0.000  0.000  0.002  0.000  0.958
 
# Band-Index:    8
   2.21665     -5.282550  0.027  0.016  0.035  0.000  0.000  0.568  0.132  0.000  0.131  0.907
   2.18820     -5.277809  0.028  0.016  0.035  0.000  0.000  0.564  0.131  0.000  0.131  0.904
   2.15974     -5.263529  0.030  0.021  0.036  0.000  0.000  0.552  0.127  0.000  0.131  0.895
   2.13128     -5.239572  0.033  0.027  0.038  0.000  0.000  0.534  0.122  0.000  0.130  0.884
   2.10282     -5.205804  0.036  0.036  0.039  0.000  0.000  0.511  0.114  0.000  0.127  0.864
   2.07437     -5.162238  0.041  0.044  0.044  0.000  0.000  0.487  0.103  0.000  0.122  0.844
   2.04591     -5.109236  0.044  0.056  0.048  0.000  0.000  0.466  0.092  0.000  0.114  0.820
   2.01745     -5.047885  0.047  0.064  0.055  0.000  0.000  0.456  0.074  0.000  0.098  0.796
   1.98900     -4.981053  0.051  0.069  0.068  0.000  0.000  0.464  0.047  0.000  0.069  0.769
   1.96054     -4.915744  0.060  0.071  0.082  0.000  0.000  0.473  0.015  0.000  0.041  0.744
   1.93208     -4.859159  0.079  0.076  0.086  0.000  0.000  0.436  0.001  0.000  0.048  0.728
   1.90362     -4.807402  0.095  0.080  0.085  0.000  0.000  0.393  0.000  0.000  0.065  0.721
   1.87517     -4.755330  0.105  0.082  0.084  0.000  0.000  0.369  0.001  0.000  0.072  0.715
   1.84671     -4.702026  0.113  0.081  0.088  0.000  0.000  0.355  0.002  0.000  0.075  0.714
   1.81825     -4.649013  0.118  0.075  0.092  0.000  0.000  0.345  0.005  0.000  0.076  0.713
   1.78980     -4.599376  0.122  0.068  0.097  0.000  0.000  0.336  0.012  0.000  0.078  0.713
   1.76134     -4.557413  0.125  0.058  0.104  0.000  0.000  0.324  0.024  0.000  0.078  0.713
   1.73288     -4.528102  0.126  0.048  0.114  0.000  0.000  0.306  0.043  0.000  0.076  0.712
   1.70442     -4.515994  0.128  0.037  0.124  0.000  0.000  0.285  0.066  0.000  0.072  0.710
   1.67597     -4.523706  0.128  0.029  0.135  0.000  0.000  0.255  0.093  0.000  0.065  0.703
   1.64751     -4.550853  0.126  0.023  0.144  0.000  0.000  0.224  0.123  0.000  0.056  0.696
   1.61905     -4.594336  0.126  0.018  0.151  0.000  0.000  0.195  0.153  0.000  0.044  0.689
   1.59060     -4.649635  0.125  0.016  0.153  0.000  0.000  0.169  0.185  0.000  0.036  0.684
   1.56214     -4.712141  0.122  0.015  0.155  0.000  0.000  0.144  0.216  0.000  0.028  0.683
   1.53368     -4.777868  0.119  0.014  0.152  0.000  0.000  0.125  0.248  0.000  0.022  0.682
   1.50522     -4.843676  0.115  0.012  0.149  0.000  0.000  0.108  0.283  0.000  0.016  0.686
   1.47677     -4.907225  0.112  0.012  0.143  0.000  0.000  0.094  0.317  0.000  0.012  0.691
   1.44831     -4.966855  0.109  0.011  0.139  0.000  0.000  0.080  0.351  0.000  0.009  0.697
   1.41985     -5.021463  0.106  0.010  0.131  0.000  0.000  0.066  0.384  0.000  0.006  0.704
   1.39139     -5.070396  0.103  0.007  0.127  0.000  0.000  0.054  0.417  0.000  0.005  0.712
   1.36294     -5.113362  0.098  0.006  0.120  0.000  0.000  0.042  0.448  0.000  0.003  0.720
   1.33448     -5.150348  0.095  0.006  0.116  0.000  0.000  0.032  0.476  0.000  0.002  0.726
   1.30602     -5.181555  0.092  0.004  0.111  0.000  0.000  0.023  0.502  0.000  0.001  0.734
   1.27757     -5.207323  0.089  0.003  0.107  0.000  0.000  0.016  0.523  0.000  0.001  0.739
   1.24911     -5.228082  0.087  0.001  0.103  0.000  0.000  0.011  0.541  0.000  0.001  0.746
   1.22065     -5.244286  0.084  0.001  0.100  0.000  0.000  0.007  0.555  0.000  0.000  0.750
   1.19219     -5.256368  0.084  0.000  0.098  0.000  0.000  0.004  0.565  0.000  0.000  0.753
   1.16374     -5.264707  0.083  0.000  0.096  0.000  0.000  0.003  0.573  0.000  0.000  0.755
   1.13528     -5.269591  0.083  0.000  0.096  0.000  0.000  0.002  0.577  0.000  0.000  0.757
   1.10682     -5.271199  0.081  0.000  0.096  0.000  0.000  0.002  0.578  0.000  0.000  0.757
   1.10682     -5.271199  0.081  0.000  0.096  0.000  0.000  0.002  0.578  0.000  0.000  0.757
   1.07844     -5.269912  0.083  0.000  0.096  0.000  0.000  0.002  0.577  0.000  0.000  0.757
   1.05006     -5.265982  0.084  0.000  0.096  0.000  0.000  0.001  0.574  0.000  0.000  0.755
   1.02168     -5.259196  0.084  0.000  0.098  0.000  0.000  0.000  0.568  0.000  0.000  0.752
   0.99330     -5.249217  0.086  0.001  0.100  0.000  0.000  0.000  0.559  0.000  0.000  0.749
   0.96492     -5.235597  0.089  0.001  0.104  0.000  0.000  0.000  0.547  0.000  0.000  0.742
   0.93654     -5.217816  0.091  0.002  0.109  0.000  0.000  0.002  0.530  0.000  0.001  0.736
   0.90816     -5.195353  0.094  0.004  0.113  0.000  0.000  0.005  0.509  0.000  0.002  0.728
   0.87978     -5.167768  0.098  0.005  0.117  0.000  0.000  0.009  0.483  0.000  0.004  0.719
   0.85140     -5.134829  0.102  0.007  0.124  0.000  0.000  0.014  0.453  0.000  0.007  0.710
   0.82302     -5.096654  0.109  0.010  0.129  0.000  0.000  0.020  0.418  0.000  0.012  0.699
   0.79464     -5.053874  0.113  0.014  0.135  0.000  0.000  0.026  0.380  0.000  0.018  0.687
   0.76626     -5.007806  0.118  0.017  0.141  0.000  0.000  0.030  0.340  0.000  0.027  0.675
   0.73788     -4.960629  0.124  0.024  0.145  0.000  0.000  0.035  0.299  0.000  0.037  0.663
   0.70950     -4.915494  0.131  0.032  0.147  0.000  0.000  0.035  0.256  0.000  0.049  0.651
   0.68112     -4.876455  0.137  0.041  0.149  0.000  0.000  0.033  0.212  0.000  0.065  0.639
   0.65274     -4.847978  0.142  0.054  0.146  0.000  0.000  0.029  0.171  0.000  0.083  0.628
   0.62436     -4.833861  0.147  0.068  0.142  0.000  0.000  0.026  0.132  0.000  0.103  0.617
   0.59598     -4.835821  0.150  0.084  0.135  0.000  0.000  0.023  0.098  0.000  0.122  0.610
   0.56760     -4.852633  0.150  0.098  0.127  0.000  0.000  0.024  0.069  0.000  0.140  0.606
   0.53922     -4.880554  0.146  0.109  0.117  0.000  0.000  0.031  0.047  0.000  0.154  0.606
   0.51084     -4.914686  0.144  0.115  0.110  0.000  0.000  0.041  0.030  0.000  0.165  0.610
   0.48246     -4.950340  0.139  0.119  0.105  0.000  0.000  0.060  0.018  0.000  0.174  0.616
   0.45408     -4.983866  0.132  0.119  0.100  0.000  0.000  0.085  0.011  0.000  0.180  0.627
   0.42570     -5.012902  0.125  0.116  0.095  0.000  0.000  0.115  0.006  0.000  0.182  0.640
   0.39732     -5.036274  0.117  0.112  0.089  0.000  0.000  0.146  0.005  0.000  0.184  0.655
   0.36894     -5.053712  0.111  0.109  0.085  0.000  0.000  0.177  0.005  0.000  0.183  0.671
   0.34056     -5.065551  0.103  0.104  0.080  0.000  0.000  0.207  0.008  0.000  0.180  0.684
   0.31218     -5.072475  0.097  0.099  0.076  0.000  0.000  0.235  0.012  0.000  0.176  0.699
   0.28380     -5.075350  0.092  0.095  0.074  0.000  0.000  0.263  0.016  0.000  0.171  0.711
   0.25542     -5.075138  0.086  0.092  0.070  0.000  0.000  0.289  0.021  0.000  0.163  0.723
   0.22704     -5.072903  0.080  0.088  0.068  0.000  0.000  0.318  0.026  0.000  0.152  0.732
   0.19866     -5.069952  0.075  0.084  0.068  0.000  0.000  0.355  0.028  0.000  0.136  0.744
   0.17028     -5.068440  0.068  0.076  0.069  0.000  0.000  0.410  0.025  0.000  0.106  0.754
   0.14190     -5.074130  0.056  0.067  0.072  0.000  0.000  0.516  0.010  0.000  0.049  0.771
   0.11352     -5.105793  0.041  0.051  0.068  0.000  0.000  0.634  0.006  0.000  0.006  0.805
   0.08514     -5.169522  0.036  0.039  0.052  0.000  0.000  0.603  0.052  0.000  0.062  0.845
   0.05676     -5.229733  0.033  0.028  0.041  0.000  0.000  0.575  0.094  0.000  0.106  0.878
   0.02838     -5.269052  0.029  0.019  0.036  0.000  0.000  0.568  0.122  0.000  0.125  0.900
   0.00000     -5.282550  0.027  0.016  0.035  0.000  0.000  0.568  0.132  0.000  0.131  0.907
 
# Band-Index:    9
   0.00000     -5.014207  0.084  0.096  0.038  0.000  0.000  0.164  0.117  0.000  0.263  0.764
   0.02838     -5.014285  0.084  0.097  0.039  0.000  0.000  0.157  0.118  0.000  0.268  0.765
   0.05676     -5.013823  0.087  0.100  0.035  0.000  0.000  0.131  0.123  0.000  0.284  0.762
   0.08514     -5.009380  0.093  0.106  0.031  0.000  0.000  0.074  0.134  0.000  0.324  0.759
   0.11352     -4.985993  0.098  0.115  0.022  0.000  0.000  0.008  0.148  0.000  0.372  0.762
   0.14190     -4.910988  0.090  0.119  0.026  0.000  0.000  0.094  0.115  0.000  0.318  0.760
   0.17028     -4.793341  0.086  0.126  0.034  0.000  0.000  0.167  0.077  0.000  0.252  0.742
   0.19866     -4.654356  0.088  0.137  0.041  0.000  0.000  0.191  0.054  0.000  0.212  0.722
   0.22704     -4.501908  0.089  0.148  0.047  0.000  0.000  0.198  0.039  0.000  0.185  0.704
   0.25542     -4.339933  0.090  0.159  0.049  0.000  0.000  0.198  0.030  0.000  0.164  0.690
   0.28380     -4.171330  0.090  0.170  0.052  0.000  0.000  0.196  0.023  0.000  0.146  0.678
   0.31218     -3.998750  0.089  0.180  0.055  0.000  0.000  0.195  0.019  0.000  0.131  0.670
   0.34056     -3.824982  0.088  0.189  0.058  0.000  0.000  0.195  0.018  0.001  0.116  0.663
   0.36894     -3.653341  0.084  0.198  0.061  0.000  0.000  0.194  0.017  0.001  0.102  0.656
   0.39732     -3.488397  0.075  0.206  0.067  0.000  0.000  0.192  0.019  0.002  0.090  0.653
   0.42570     -3.337844  0.061  0.210  0.080  0.000  0.001  0.187  0.027  0.003  0.079  0.647
   0.45408     -3.217900  0.036  0.211  0.103  0.002  0.001  0.168  0.038  0.006  0.070  0.635
   0.48246     -3.161110  0.009  0.196  0.140  0.002  0.001  0.130  0.061  0.007  0.068  0.615
   0.51084     -3.184864  0.008  0.174  0.159  0.000  0.001  0.104  0.079  0.005  0.074  0.607
   0.53922     -3.248633  0.018  0.167  0.154  0.000  0.000  0.101  0.084  0.003  0.084  0.610
   0.56760     -3.312641  0.026  0.169  0.139  0.000  0.000  0.106  0.081  0.002  0.094  0.617
   0.59598     -3.358608  0.028  0.176  0.122  0.000  0.000  0.112  0.073  0.002  0.111  0.625
   0.62436     -3.378741  0.031  0.185  0.103  0.000  0.000  0.121  0.063  0.001  0.131  0.635
   0.65274     -3.371079  0.030  0.192  0.089  0.000  0.000  0.133  0.050  0.002  0.150  0.646
   0.68112     -3.337928  0.028  0.196  0.074  0.000  0.000  0.148  0.039  0.002  0.170  0.659
   0.70950     -3.284293  0.025  0.196  0.064  0.000  0.000  0.167  0.028  0.002  0.188  0.673
   0.73788     -3.216188  0.022  0.192  0.056  0.000  0.001  0.189  0.020  0.002  0.205  0.689
   0.76626     -3.139408  0.020  0.185  0.048  0.000  0.001  0.214  0.014  0.003  0.219  0.707
   0.79464     -3.058952  0.014  0.177  0.041  0.000  0.001  0.242  0.010  0.005  0.232  0.725
   0.82302     -2.978879  0.013  0.167  0.037  0.000  0.002  0.270  0.005  0.008  0.241  0.745
   0.85140     -2.902381  0.008  0.156  0.030  0.002  0.004  0.296  0.003  0.011  0.249  0.762
   0.87978     -2.831961  0.004  0.145  0.024  0.004  0.008  0.318  0.002  0.019  0.253  0.781
   0.90816     -2.769682  0.004  0.131  0.019  0.006  0.014  0.336  0.002  0.034  0.252  0.798
   0.93654     -2.717516  0.002  0.115  0.012  0.012  0.031  0.336  0.000  0.064  0.239  0.815
   0.96492     -2.677573  0.000  0.093  0.009  0.024  0.063  0.305  0.000  0.125  0.208  0.830
   0.99330     -2.651125  0.000  0.067  0.003  0.044  0.113  0.245  0.000  0.211  0.158  0.841
   1.02168     -2.636229  0.000  0.044  0.002  0.061  0.159  0.181  0.000  0.285  0.112  0.847
   1.05006     -2.628636  0.000  0.032  0.000  0.072  0.188  0.141  0.000  0.330  0.084  0.850
   1.07844     -2.625096  0.000  0.026  0.000  0.078  0.204  0.119  0.000  0.355  0.070  0.852
   1.10682     -2.624060  0.000  0.024  0.000  0.079  0.208  0.114  0.000  0.360  0.065  0.852
   1.10682     -2.624060  0.000  0.024  0.000  0.079  0.208  0.114  0.000  0.360  0.065  0.852
   1.13528     -2.625671  0.000  0.026  0.000  0.078  0.207  0.116  0.000  0.358  0.067  0.852
   1.16374     -2.630555  0.000  0.028  0.000  0.078  0.201  0.123  0.000  0.349  0.072  0.850
   1.19219     -2.638884  0.000  0.032  0.000  0.075  0.191  0.136  0.000  0.331  0.081  0.848
   1.22065     -2.651008  0.000  0.038  0.003  0.071  0.176  0.156  0.000  0.306  0.094  0.845
   1.24911     -2.667567  0.000  0.047  0.005  0.066  0.152  0.186  0.000  0.268  0.115  0.840
   1.27757     -2.689590  0.000  0.060  0.009  0.054  0.121  0.228  0.000  0.215  0.143  0.833
   1.30602     -2.718388  0.002  0.077  0.014  0.040  0.085  0.272  0.000  0.156  0.175  0.823
   1.33448     -2.754999  0.003  0.095  0.022  0.027  0.054  0.307  0.000  0.102  0.201  0.812
   1.36294     -2.799587  0.006  0.107  0.031  0.017  0.032  0.325  0.000  0.061  0.216  0.798
   1.39139     -2.851539  0.009  0.118  0.040  0.010  0.018  0.330  0.002  0.036  0.220  0.783
   1.41985     -2.909977  0.012  0.125  0.047  0.006  0.010  0.323  0.002  0.022  0.215  0.767
   1.44831     -2.974053  0.016  0.132  0.058  0.004  0.006  0.311  0.004  0.014  0.204  0.752
   1.47677     -3.043014  0.021  0.137  0.066  0.002  0.004  0.296  0.009  0.009  0.189  0.735
   1.50522     -3.116247  0.031  0.143  0.076  0.002  0.002  0.276  0.013  0.006  0.170  0.719
   1.53368     -3.193436  0.041  0.149  0.085  0.002  0.001  0.254  0.018  0.004  0.148  0.701
   1.56214     -3.275009  0.058  0.156  0.091  0.000  0.001  0.228  0.023  0.003  0.126  0.686
   1.59060     -3.362996  0.081  0.165  0.090  0.000  0.001  0.196  0.032  0.002  0.105  0.674
   1.61905     -3.461680  0.110  0.178  0.080  0.000  0.000  0.155  0.046  0.001  0.094  0.666
   1.64751     -3.575039  0.136  0.189  0.063  0.000  0.000  0.114  0.058  0.001  0.101  0.663
   1.67597     -3.701331  0.149  0.196  0.046  0.000  0.000  0.082  0.068  0.001  0.121  0.663
   1.70442     -3.834078  0.151  0.198  0.033  0.000  0.000  0.062  0.076  0.000  0.146  0.666
   1.73288     -3.967520  0.147  0.191  0.027  0.000  0.000  0.052  0.083  0.000  0.169  0.672
   1.76134     -4.098322  0.140  0.184  0.024  0.000  0.000  0.049  0.089  0.000  0.189  0.677
   1.78980     -4.224856  0.132  0.177  0.021  0.000  0.000  0.051  0.095  0.000  0.206  0.684
   1.81825     -4.346315  0.125  0.168  0.020  0.000  0.000  0.058  0.101  0.000  0.220  0.693
   1.84671     -4.462148  0.118  0.160  0.019  0.000  0.000  0.063  0.107  0.000  0.233  0.703
   1.87517     -4.571638  0.115  0.151  0.018  0.000  0.000  0.068  0.114  0.000  0.247  0.714
   1.90362     -4.673460  0.114  0.145  0.015  0.000  0.000  0.064  0.124  0.000  0.265  0.726
   1.93208     -4.764616  0.118  0.139  0.011  0.000  0.000  0.047  0.136  0.000  0.292  0.740
   1.96054     -4.838462  0.125  0.131  0.013  0.000  0.000  0.035  0.134  0.000  0.310  0.747
   1.98900     -4.890059  0.120  0.119  0.023  0.000  0.000  0.077  0.117  0.000  0.291  0.748
   2.01745     -4.925929  0.112  0.111  0.031  0.000  0.000  0.119  0.105  0.000  0.270  0.750
   2.04591     -4.952731  0.105  0.105  0.036  0.000  0.000  0.142  0.103  0.000  0.261  0.752
   2.07437     -4.973287  0.097  0.101  0.038  0.000  0.000  0.155  0.105  0.000  0.259  0.756
   2.10282     -4.988899  0.092  0.099  0.038  0.000  0.000  0.160  0.108  0.000  0.258  0.758
   2.13128     -5.000350  0.088  0.098  0.038  0.000  0.000  0.163  0.112  0.000  0.259  0.761
   2.15974     -5.008168  0.087  0.097  0.038  0.000  0.000  0.164  0.115  0.000  0.261  0.764
   2.18820     -5.012715  0.084  0.097  0.038  0.000  0.000  0.165  0.117  0.000  0.263  0.766
   2.21665     -5.014207  0.084  0.096  0.038  0.000  0.000  0.164  0.117  0.000  0.263  0.764
 
# Band-Index:   10
   2.21665     -3.282407  0.000  0.001  0.007  0.241  0.073  0.011  0.001  0.387  0.005  0.726
   2.18820     -3.281389  0.000  0.001  0.007  0.241  0.074  0.011  0.001  0.386  0.004  0.727
   2.15974     -3.278346  0.000  0.001  0.007  0.241  0.075  0.010  0.001  0.386  0.004  0.727
   2.13128     -3.273312  0.000  0.001  0.007  0.241  0.076  0.010  0.001  0.385  0.004  0.726
   2.10282     -3.266342  0.000  0.002  0.007  0.241  0.079  0.009  0.001  0.384  0.004  0.727
   2.07437     -3.257503  0.000  0.003  0.007  0.241  0.082  0.008  0.001  0.383  0.003  0.727
   2.04591     -3.246877  0.000  0.003  0.007  0.240  0.085  0.008  0.001  0.382  0.003  0.728
   2.01745     -3.234558  0.000  0.004  0.007  0.239  0.090  0.007  0.002  0.379  0.002  0.729
   1.98900     -3.220654  0.000  0.004  0.007  0.238  0.094  0.006  0.002  0.376  0.002  0.730
   1.96054     -3.205313  0.000  0.004  0.007  0.236  0.099  0.006  0.002  0.372  0.002  0.730
   1.93208     -3.188771  0.000  0.005  0.009  0.232  0.104  0.006  0.004  0.366  0.003  0.730
   1.90362     -3.171593  0.000  0.010  0.018  0.223  0.107  0.007  0.005  0.353  0.002  0.726
   1.87517     -3.156091  0.003  0.027  0.047  0.191  0.099  0.011  0.013  0.310  0.004  0.705
   1.84671     -3.157697  0.010  0.106  0.179  0.066  0.036  0.021  0.051  0.111  0.008  0.586
   1.81825     -3.192026  0.013  0.152  0.238  0.007  0.005  0.015  0.068  0.016  0.005  0.518
   1.78980     -3.233154  0.015  0.166  0.235  0.002  0.001  0.007  0.069  0.004  0.006  0.503
   1.76134     -3.268794  0.013  0.178  0.222  0.000  0.000  0.005  0.068  0.001  0.013  0.500
   1.73288     -3.291164  0.011  0.191  0.202  0.000  0.000  0.009  0.061  0.000  0.028  0.502
   1.70442     -3.292875  0.010  0.204  0.174  0.000  0.000  0.019  0.052  0.000  0.052  0.512
   1.67597     -3.267085  0.013  0.220  0.142  0.000  0.000  0.028  0.043  0.000  0.082  0.529
   1.64751     -3.207743  0.028  0.237  0.103  0.000  0.000  0.032  0.036  0.000  0.113  0.547
   1.61905     -3.111073  0.051  0.258  0.066  0.000  0.000  0.024  0.034  0.000  0.133  0.566
   1.59060     -2.980093  0.077  0.273  0.038  0.002  0.002  0.020  0.032  0.005  0.134  0.583
   1.56214     -2.867517  0.004  0.019  0.004  0.175  0.195  0.002  0.003  0.358  0.011  0.771
   1.53368     -2.837587  0.000  0.002  0.000  0.179  0.216  0.001  0.001  0.384  0.003  0.788
   1.50522     -2.809772  0.000  0.002  0.000  0.173  0.224  0.002  0.001  0.389  0.003  0.793
   1.47677     -2.782544  0.000  0.004  0.002  0.164  0.229  0.003  0.000  0.391  0.004  0.799
   1.44831     -2.755855  0.000  0.004  0.002  0.157  0.234  0.006  0.000  0.393  0.008  0.804
   1.41985     -2.729686  0.000  0.008  0.003  0.147  0.237  0.011  0.000  0.391  0.012  0.809
   1.39139     -2.703923  0.000  0.012  0.003  0.135  0.235  0.022  0.001  0.382  0.021  0.812
   1.36294     -2.678303  0.000  0.018  0.005  0.123  0.224  0.040  0.000  0.365  0.036  0.815
   1.33448     -2.652453  0.000  0.028  0.006  0.106  0.207  0.076  0.000  0.332  0.060  0.818
   1.30602     -2.626180  0.000  0.042  0.009  0.086  0.180  0.123  0.000  0.283  0.094  0.821
   1.27757     -2.599977  0.000  0.057  0.009  0.068  0.148  0.180  0.000  0.231  0.132  0.824
   1.24911     -2.575133  0.000  0.068  0.006  0.052  0.119  0.230  0.000  0.182  0.165  0.827
   1.22065     -2.553147  0.000  0.077  0.005  0.041  0.099  0.269  0.000  0.148  0.190  0.831
   1.19219     -2.535180  0.000  0.082  0.003  0.034  0.085  0.298  0.000  0.127  0.207  0.835
   1.16374     -2.521959  0.000  0.085  0.000  0.030  0.076  0.315  0.000  0.112  0.217  0.838
   1.13528     -2.513894  0.000  0.086  0.000  0.028  0.072  0.325  0.000  0.106  0.223  0.841
   1.10682     -2.511185  0.000  0.087  0.000  0.028  0.071  0.329  0.000  0.103  0.225  0.841
   1.10682     -2.511185  0.000  0.087  0.000  0.028  0.071  0.329  0.000  0.103  0.225  0.841
   1.07844     -2.514623  0.000  0.086  0.000  0.029  0.075  0.320  0.000  0.110  0.220  0.841
   1.05006     -2.524518  0.000  0.081  0.000  0.034  0.088  0.294  0.000  0.133  0.205  0.837
   1.02168     -2.539351  0.000  0.072  0.003  0.046  0.116  0.242  0.000  0.180  0.175  0.835
   0.99330     -2.555905  0.000  0.055  0.003  0.063  0.160  0.166  0.000  0.259  0.126  0.835
   0.96492     -2.569932  0.000  0.035  0.003  0.082  0.206  0.090  0.000  0.347  0.073  0.836
   0.93654     -2.579406  0.000  0.018  0.003  0.095  0.235  0.040  0.000  0.410  0.037  0.840
   0.90816     -2.585362  0.000  0.010  0.000  0.102  0.246  0.017  0.000  0.445  0.019  0.843
   0.87978     -2.589426  0.000  0.006  0.000  0.105  0.249  0.007  0.000  0.464  0.010  0.846
   0.85140     -2.592722  0.000  0.004  0.000  0.107  0.246  0.003  0.000  0.478  0.006  0.847
   0.82302     -2.595976  0.000  0.002  0.000  0.109  0.243  0.001  0.000  0.488  0.003  0.847
   0.79464     -2.599724  0.000  0.002  0.000  0.110  0.236  0.000  0.000  0.496  0.002  0.848
   0.76626     -2.604436  0.000  0.002  0.000  0.111  0.228  0.000  0.000  0.504  0.001  0.849
   0.73788     -2.610575  0.000  0.002  0.000  0.114  0.220  0.000  0.000  0.512  0.001  0.848
   0.70950     -2.618613  0.000  0.002  0.000  0.116  0.210  0.000  0.000  0.517  0.000  0.848
   0.68112     -2.629043  0.000  0.002  0.000  0.118  0.200  0.001  0.000  0.523  0.000  0.846
   0.65274     -2.642347  0.000  0.002  0.000  0.122  0.189  0.002  0.000  0.526  0.000  0.844
   0.62436     -2.658966  0.001  0.002  0.000  0.127  0.179  0.003  0.001  0.525  0.000  0.840
   0.59598     -2.679244  0.001  0.002  0.000  0.132  0.168  0.004  0.001  0.524  0.000  0.835
   0.56760     -2.703345  0.004  0.004  0.000  0.138  0.156  0.006  0.001  0.519  0.000  0.829
   0.53922     -2.731042  0.005  0.007  0.002  0.144  0.144  0.009  0.002  0.508  0.000  0.821
   0.51084     -2.760865  0.006  0.009  0.004  0.150  0.133  0.011  0.004  0.492  0.001  0.811
   0.48246     -2.790368  0.001  0.005  0.006  0.162  0.128  0.002  0.003  0.493  0.001  0.803
   0.45408     -2.826245  0.000  0.004  0.000  0.174  0.123  0.000  0.000  0.493  0.001  0.799
   0.42570     -2.866944  0.000  0.002  0.000  0.183  0.116  0.001  0.000  0.485  0.001  0.792
   0.39732     -2.908611  0.000  0.000  0.000  0.192  0.110  0.002  0.000  0.475  0.001  0.785
   0.36894     -2.950422  0.000  0.000  0.002  0.200  0.105  0.001  0.000  0.466  0.002  0.778
   0.34056     -2.991819  0.000  0.000  0.002  0.207  0.100  0.002  0.000  0.456  0.002  0.770
   0.31218     -3.032230  0.000  0.000  0.002  0.214  0.095  0.003  0.001  0.446  0.002  0.764
   0.28380     -3.071090  0.000  0.000  0.002  0.219  0.092  0.004  0.001  0.434  0.002  0.757
   0.25542     -3.107874  0.000  0.001  0.002  0.224  0.088  0.005  0.001  0.426  0.002  0.751
   0.22704     -3.142100  0.000  0.001  0.002  0.228  0.086  0.005  0.001  0.417  0.002  0.746
   0.19866     -3.173341  0.000  0.001  0.004  0.231  0.082  0.006  0.001  0.411  0.003  0.742
   0.17028     -3.201215  0.000  0.001  0.004  0.235  0.080  0.007  0.001  0.405  0.003  0.737
   0.14190     -3.225389  0.000  0.001  0.004  0.237  0.078  0.008  0.001  0.399  0.003  0.734
   0.11352     -3.245577  0.000  0.001  0.004  0.238  0.077  0.009  0.001  0.395  0.004  0.731
   0.08514     -3.261539  0.000  0.001  0.007  0.239  0.076  0.010  0.001  0.391  0.004  0.729
   0.05676     -3.273084  0.000  0.001  0.007  0.241  0.074  0.010  0.001  0.388  0.004  0.727
   0.02838     -3.280069  0.000  0.001  0.007  0.241  0.073  0.011  0.001  0.387  0.005  0.726
   0.00000     -3.282407  0.000  0.001  0.007  0.241  0.073  0.011  0.001  0.387  0.005  0.726
 
# Band-Index:   11
   0.00000     -3.018117  0.011  0.060  0.204  0.010  0.003  0.236  0.020  0.012  0.135  0.689
   0.02838     -3.014175  0.011  0.060  0.204  0.010  0.003  0.236  0.020  0.012  0.135  0.689
   0.05676     -3.002377  0.010  0.060  0.203  0.009  0.003  0.235  0.021  0.011  0.135  0.690
   0.08514     -2.982810  0.011  0.060  0.203  0.009  0.003  0.236  0.023  0.010  0.135  0.692
   0.11352     -2.955598  0.011  0.061  0.202  0.009  0.002  0.236  0.025  0.010  0.136  0.692
   0.14190     -2.920894  0.011  0.061  0.203  0.007  0.002  0.236  0.027  0.009  0.137  0.694
   0.17028     -2.878857  0.012  0.063  0.199  0.007  0.002  0.236  0.030  0.008  0.139  0.695
   0.19866     -2.829624  0.012  0.064  0.198  0.007  0.002  0.238  0.033  0.007  0.140  0.697
   0.22704     -2.773278  0.013  0.065  0.198  0.005  0.002  0.236  0.035  0.006  0.142  0.701
   0.25542     -2.709821  0.012  0.067  0.197  0.005  0.001  0.233  0.038  0.005  0.143  0.700
   0.28380     -2.639153  0.012  0.069  0.196  0.005  0.001  0.230  0.040  0.004  0.144  0.701
   0.31218     -2.561073  0.013  0.073  0.195  0.002  0.001  0.224  0.043  0.003  0.145  0.701
   0.34056     -2.475449  0.015  0.078  0.194  0.002  0.001  0.218  0.045  0.002  0.143  0.697
   0.36894     -2.384306  0.015  0.098  0.190  0.002  0.001  0.205  0.050  0.002  0.120  0.684
   0.39732     -2.393181  0.097  0.120  0.170  0.000  0.000  0.131  0.082  0.000  0.018  0.619
   0.42570     -2.533375  0.122  0.100  0.151  0.000  0.000  0.143  0.077  0.000  0.043  0.637
   0.45408     -2.644455  0.148  0.103  0.114  0.000  0.000  0.177  0.067  0.000  0.050  0.657
   0.48246     -2.684886  0.173  0.123  0.060  0.002  0.002  0.226  0.043  0.009  0.049  0.690
   0.51084     -2.633352  0.166  0.153  0.026  0.007  0.006  0.259  0.027  0.021  0.043  0.709
   0.53922     -2.533481  0.155  0.174  0.018  0.004  0.005  0.277  0.024  0.014  0.037  0.713
   0.56760     -2.417738  0.147  0.189  0.016  0.002  0.004  0.290  0.024  0.008  0.034  0.716
   0.59598     -2.297628  0.140  0.200  0.016  0.002  0.003  0.296  0.026  0.005  0.031  0.717
   0.62436     -2.176446  0.134  0.211  0.013  0.002  0.002  0.297  0.027  0.003  0.027  0.717
   0.65274     -2.054568  0.131  0.220  0.012  0.001  0.002  0.296  0.028  0.001  0.024  0.716
   0.68112     -1.931322  0.128  0.233  0.010  0.000  0.001  0.291  0.029  0.001  0.019  0.714
   0.70950     -1.805711  0.124  0.246  0.009  0.000  0.001  0.283  0.029  0.000  0.016  0.710
   0.73788     -1.676709  0.120  0.261  0.008  0.000  0.001  0.272  0.029  0.000  0.012  0.704
   0.76626     -1.543437  0.116  0.277  0.004  0.000  0.001  0.260  0.028  0.000  0.011  0.698
   0.79464     -1.405302  0.111  0.295  0.004  0.000  0.001  0.245  0.027  0.000  0.008  0.691
   0.82302     -1.262101  0.104  0.313  0.003  0.000  0.001  0.228  0.027  0.000  0.006  0.683
   0.85140     -1.114117  0.095  0.332  0.002  0.002  0.001  0.212  0.025  0.000  0.005  0.675
   0.87978     -0.962203  0.086  0.351  0.002  0.002  0.001  0.196  0.024  0.000  0.005  0.669
   0.90816     -0.807819  0.073  0.369  0.002  0.002  0.001  0.181  0.022  0.001  0.007  0.663
   0.93654     -0.653060  0.061  0.387  0.002  0.002  0.002  0.168  0.020  0.002  0.013  0.659
   0.96492     -0.500708  0.048  0.403  0.002  0.007  0.004  0.154  0.018  0.003  0.017  0.655
   0.99330     -0.354314  0.034  0.415  0.002  0.012  0.005  0.138  0.016  0.007  0.023  0.653
   1.02168     -0.218480  0.021  0.412  0.000  0.034  0.010  0.117  0.012  0.017  0.027  0.652
   1.05006     -0.099492  0.009  0.353  0.000  0.111  0.024  0.081  0.008  0.040  0.024  0.650
   1.07844     -0.006093  0.000  0.153  0.000  0.359  0.032  0.024  0.002  0.056  0.011  0.638
   1.10682      0.035647  0.000  0.002  0.000  0.599  0.006  0.000  0.000  0.000  0.000  0.609
   1.10682      0.035647  0.000  0.002  0.000  0.599  0.006  0.000  0.000  0.000  0.000  0.609
   1.13528     -0.006582  0.003  0.350  0.000  0.164  0.016  0.039  0.004  0.036  0.022  0.635
   1.16374     -0.115595  0.012  0.453  0.000  0.024  0.007  0.080  0.008  0.014  0.042  0.642
   1.19219     -0.257486  0.021  0.450  0.000  0.008  0.003  0.092  0.013  0.006  0.047  0.641
   1.22065     -0.422161  0.034  0.436  0.000  0.002  0.001  0.091  0.015  0.002  0.048  0.638
   1.24911     -0.603761  0.047  0.425  0.003  0.002  0.001  0.086  0.018  0.001  0.049  0.633
   1.27757     -0.797849  0.060  0.411  0.004  0.000  0.001  0.079  0.020  0.000  0.050  0.629
   1.30602     -1.000763  0.073  0.397  0.004  0.000  0.000  0.072  0.024  0.000  0.052  0.625
   1.33448     -1.209403  0.086  0.384  0.005  0.000  0.000  0.066  0.025  0.000  0.056  0.621
   1.36294     -1.421147  0.096  0.372  0.005  0.000  0.000  0.058  0.025  0.000  0.060  0.617
   1.39139     -1.633744  0.103  0.360  0.006  0.000  0.000  0.051  0.026  0.000  0.066  0.613
   1.41985     -1.845234  0.110  0.347  0.007  0.000  0.000  0.045  0.027  0.000  0.073  0.610
   1.44831     -2.053828  0.115  0.336  0.008  0.000  0.000  0.039  0.029  0.000  0.081  0.608
   1.47677     -2.257770  0.118  0.326  0.008  0.000  0.000  0.032  0.030  0.000  0.089  0.605
   1.50522     -2.455133  0.116  0.314  0.010  0.000  0.001  0.028  0.031  0.000  0.101  0.600
   1.53368     -2.643403  0.112  0.301  0.013  0.002  0.001  0.023  0.032  0.002  0.112  0.598
   1.56214     -2.817449  0.095  0.274  0.019  0.014  0.015  0.018  0.030  0.024  0.117  0.603
   1.59060     -2.890982  0.004  0.004  0.000  0.193  0.200  0.000  0.000  0.373  0.001  0.777
   1.61905     -2.919644  0.000  0.002  0.000  0.201  0.195  0.000  0.000  0.375  0.000  0.774
   1.64751     -2.947444  0.000  0.000  0.000  0.208  0.187  0.000  0.000  0.374  0.000  0.769
   1.67597     -2.974731  0.000  0.000  0.000  0.213  0.178  0.000  0.000  0.373  0.000  0.765
   1.70442     -3.001409  0.000  0.000  0.000  0.219  0.169  0.000  0.000  0.372  0.000  0.760
   1.73288     -3.027317  0.000  0.000  0.000  0.223  0.161  0.000  0.000  0.371  0.000  0.756
   1.76134     -3.052230  0.000  0.000  0.000  0.226  0.153  0.000  0.000  0.371  0.000  0.752
   1.78980     -3.075753  0.000  0.002  0.002  0.230  0.144  0.000  0.000  0.370  0.000  0.747
   1.81825     -3.096728  0.001  0.006  0.010  0.227  0.133  0.000  0.002  0.356  0.000  0.736
   1.84671     -3.108498  0.005  0.043  0.074  0.172  0.095  0.006  0.018  0.263  0.002  0.676
   1.87517     -3.089440  0.011  0.112  0.207  0.047  0.024  0.034  0.051  0.066  0.014  0.571
   1.90362     -3.058097  0.010  0.119  0.236  0.019  0.009  0.060  0.055  0.025  0.027  0.563
   1.93208     -3.031492  0.010  0.115  0.240  0.012  0.006  0.085  0.052  0.015  0.041  0.576
   1.96054     -3.012353  0.007  0.106  0.237  0.009  0.004  0.110  0.046  0.012  0.056  0.594
   1.98900     -3.000696  0.008  0.099  0.234  0.009  0.003  0.134  0.041  0.010  0.071  0.610
   2.01745     -2.995532  0.007  0.090  0.229  0.009  0.003  0.157  0.036  0.010  0.085  0.628
   2.04591     -2.995390  0.008  0.082  0.222  0.009  0.003  0.178  0.033  0.010  0.096  0.643
   2.07437     -2.998636  0.009  0.077  0.217  0.009  0.003  0.196  0.028  0.010  0.110  0.658
   2.10282     -3.003683  0.008  0.069  0.213  0.009  0.003  0.210  0.026  0.010  0.119  0.668
   2.13128     -3.009130  0.009  0.065  0.210  0.009  0.003  0.221  0.023  0.011  0.126  0.678
   2.15974     -3.013846  0.010  0.061  0.206  0.010  0.003  0.229  0.022  0.011  0.131  0.684
   2.18820     -3.017008  0.010  0.060  0.204  0.010  0.003  0.234  0.021  0.012  0.133  0.688
   2.21665     -3.018117  0.011  0.060  0.204  0.010  0.003  0.236  0.020  0.012  0.135  0.689
 
# Band-Index:   12
   2.21665     -0.826502  0.000  0.000  0.000  0.448  0.010  0.000  0.000  0.140  0.000  0.597
   2.18820     -0.827219  0.000  0.000  0.000  0.447  0.010  0.000  0.000  0.142  0.000  0.599
   2.15974     -0.829321  0.000  0.000  0.000  0.445  0.009  0.000  0.000  0.146  0.000  0.600
   2.13128     -0.832677  0.000  0.000  0.000  0.442  0.009  0.000  0.000  0.152  0.000  0.602
   2.10282     -0.837088  0.000  0.000  0.000  0.437  0.008  0.000  0.000  0.162  0.000  0.606
   2.07437     -0.842300  0.000  0.000  0.000  0.431  0.008  0.000  0.000  0.170  0.000  0.612
   2.04591     -0.848031  0.000  0.000  0.000  0.424  0.007  0.000  0.000  0.182  0.000  0.616
   2.01745     -0.853999  0.000  0.000  0.000  0.417  0.006  0.001  0.000  0.196  0.000  0.622
   1.98900     -0.859924  0.000  0.000  0.000  0.409  0.005  0.001  0.000  0.209  0.000  0.627
   1.96054     -0.865532  0.000  0.000  0.000  0.402  0.005  0.002  0.000  0.222  0.000  0.633
   1.93208     -0.870543  0.000  0.000  0.000  0.394  0.005  0.003  0.000  0.235  0.000  0.639
   1.90362     -0.874648  0.001  0.000  0.000  0.387  0.004  0.005  0.000  0.247  0.000  0.645
   1.87517     -0.877517  0.001  0.000  0.000  0.380  0.005  0.007  0.000  0.256  0.001  0.650
   1.84671     -0.878828  0.001  0.000  0.000  0.373  0.005  0.008  0.000  0.266  0.001  0.655
   1.81825     -0.878305  0.001  0.000  0.000  0.368  0.004  0.009  0.000  0.276  0.001  0.661
   1.78980     -0.875744  0.001  0.000  0.000  0.364  0.005  0.009  0.000  0.284  0.001  0.665
   1.76134     -0.870976  0.001  0.000  0.000  0.361  0.004  0.008  0.000  0.291  0.001  0.668
   1.73288     -0.863863  0.001  0.000  0.000  0.357  0.004  0.008  0.000  0.298  0.001  0.670
   1.70442     -0.854271  0.001  0.000  0.000  0.355  0.005  0.007  0.000  0.302  0.000  0.672
   1.67597     -0.842066  0.001  0.000  0.000  0.353  0.005  0.006  0.000  0.305  0.000  0.674
   1.64751     -0.827109  0.001  0.000  0.000  0.353  0.006  0.006  0.000  0.307  0.000  0.676
   1.61905     -0.809255  0.000  0.000  0.000  0.354  0.006  0.005  0.000  0.308  0.000  0.677
   1.59060     -0.788361  0.000  0.000  0.000  0.355  0.009  0.004  0.000  0.308  0.000  0.676
   1.56214     -0.764280  0.000  0.000  0.000  0.356  0.011  0.004  0.000  0.306  0.000  0.677
   1.53368     -0.736872  0.000  0.000  0.000  0.358  0.013  0.003  0.000  0.302  0.000  0.677
   1.50522     -0.705999  0.000  0.000  0.000  0.360  0.014  0.003  0.000  0.298  0.000  0.676
   1.47677     -0.671539  0.000  0.000  0.000  0.362  0.017  0.002  0.000  0.291  0.000  0.676
   1.44831     -0.633381  0.000  0.000  0.000  0.366  0.019  0.002  0.000  0.285  0.000  0.675
   1.41985     -0.591448  0.000  0.000  0.000  0.369  0.023  0.001  0.000  0.277  0.000  0.674
   1.39139     -0.545684  0.000  0.000  0.000  0.373  0.027  0.001  0.000  0.269  0.000  0.673
   1.36294     -0.496065  0.000  0.000  0.000  0.377  0.032  0.001  0.000  0.260  0.000  0.672
   1.33448     -0.442616  0.000  0.002  0.000  0.383  0.035  0.001  0.000  0.250  0.000  0.671
   1.30602     -0.385416  0.000  0.002  0.000  0.387  0.040  0.000  0.000  0.239  0.000  0.670
   1.27757     -0.324611  0.000  0.002  0.000  0.395  0.043  0.000  0.000  0.227  0.000  0.669
   1.24911     -0.260450  0.000  0.004  0.000  0.403  0.047  0.000  0.000  0.212  0.000  0.667
   1.22065     -0.193355  0.000  0.007  0.000  0.413  0.049  0.000  0.000  0.192  0.000  0.664
   1.19219     -0.124129  0.000  0.014  0.000  0.427  0.049  0.000  0.000  0.166  0.000  0.658
   1.16374     -0.054717  0.000  0.039  0.000  0.442  0.041  0.001  0.000  0.120  0.000  0.647
   1.13528      0.008545  0.000  0.194  0.000  0.364  0.015  0.007  0.000  0.035  0.005  0.622
   1.10682      0.047517  0.000  0.598  0.000  0.002  0.000  0.000  0.000  0.000  0.006  0.609
   1.10682      0.047517  0.000  0.598  0.000  0.002  0.000  0.000  0.000  0.000  0.006  0.609
   1.07844      0.009374  0.004  0.393  0.000  0.170  0.006  0.026  0.001  0.009  0.011  0.619
   1.05006     -0.065896  0.004  0.139  0.000  0.363  0.039  0.017  0.000  0.070  0.004  0.637
   1.02168     -0.152460  0.004  0.046  0.000  0.414  0.062  0.007  0.000  0.111  0.000  0.645
   0.99330     -0.242223  0.000  0.019  0.000  0.422  0.074  0.003  0.000  0.125  0.000  0.645
   0.96492     -0.333304  0.000  0.010  0.000  0.424  0.079  0.002  0.000  0.128  0.000  0.643
   0.93654     -0.424838  0.000  0.004  0.000  0.425  0.083  0.001  0.000  0.124  0.000  0.640
   0.90816     -0.516145  0.000  0.002  0.000  0.425  0.086  0.001  0.000  0.119  0.000  0.635
   0.87978     -0.606584  0.000  0.002  0.000  0.426  0.090  0.000  0.000  0.111  0.000  0.629
   0.85140     -0.695510  0.000  0.002  0.000  0.427  0.093  0.000  0.000  0.102  0.000  0.624
   0.82302     -0.782259  0.000  0.000  0.000  0.429  0.094  0.000  0.000  0.092  0.000  0.619
   0.79464     -0.866130  0.000  0.000  0.000  0.431  0.097  0.000  0.000  0.083  0.000  0.613
   0.76626     -0.946386  0.000  0.000  0.000  0.432  0.101  0.000  0.000  0.072  0.000  0.608
   0.73788     -1.022252  0.000  0.000  0.000  0.434  0.105  0.000  0.000  0.065  0.000  0.604
   0.70950     -1.092915  0.000  0.000  0.000  0.435  0.110  0.000  0.000  0.056  0.000  0.599
   0.68112     -1.157551  0.000  0.000  0.000  0.434  0.114  0.000  0.000  0.047  0.000  0.596
   0.65274     -1.215351  0.000  0.000  0.000  0.434  0.117  0.000  0.000  0.041  0.000  0.593
   0.62436     -1.265553  0.000  0.000  0.000  0.432  0.121  0.000  0.000  0.036  0.000  0.591
   0.59598     -1.307513  0.000  0.000  0.000  0.430  0.126  0.000  0.000  0.034  0.000  0.590
   0.56760     -1.400888  0.040  0.105  0.204  0.000  0.000  0.116  0.030  0.000  0.170  0.665
   0.53922     -1.573090  0.034  0.097  0.202  0.000  0.000  0.128  0.032  0.000  0.175  0.672
   0.51084     -1.735843  0.031  0.090  0.201  0.000  0.000  0.143  0.036  0.000  0.179  0.679
   0.48246     -1.887387  0.025  0.083  0.199  0.000  0.000  0.158  0.039  0.000  0.182  0.688
   0.45408     -2.026653  0.022  0.076  0.198  0.000  0.001  0.173  0.041  0.001  0.183  0.695
   0.42570     -2.153025  0.021  0.066  0.198  0.002  0.001  0.187  0.042  0.001  0.185  0.703
   0.39732     -2.262458  0.029  0.041  0.199  0.002  0.001  0.194  0.040  0.002  0.208  0.713
   0.36894     -2.212165  0.097  0.058  0.195  0.000  0.000  0.120  0.074  0.000  0.099  0.644
   0.34056     -2.041978  0.090  0.074  0.205  0.000  0.000  0.109  0.079  0.000  0.074  0.630
   0.31218     -1.862667  0.082  0.077  0.215  0.000  0.000  0.104  0.078  0.000  0.069  0.626
   0.28380     -1.680130  0.076  0.078  0.224  0.000  0.000  0.100  0.079  0.000  0.067  0.627
   0.25542     -1.497495  0.071  0.079  0.233  0.000  0.000  0.098  0.079  0.000  0.069  0.626
   0.22704     -1.317576  0.066  0.079  0.241  0.000  0.000  0.097  0.078  0.000  0.070  0.629
   0.19866     -1.143366  0.063  0.077  0.246  0.002  0.000  0.094  0.078  0.000  0.069  0.633
   0.17028     -1.029611  0.000  0.000  0.002  0.406  0.072  0.001  0.000  0.133  0.000  0.616
   0.14190     -0.979288  0.000  0.000  0.000  0.415  0.061  0.000  0.000  0.136  0.000  0.612
   0.11352     -0.931896  0.000  0.000  0.000  0.424  0.048  0.000  0.000  0.139  0.000  0.610
   0.08514     -0.889836  0.000  0.000  0.000  0.432  0.034  0.000  0.000  0.140  0.000  0.605
   0.05676     -0.856176  0.000  0.000  0.000  0.441  0.021  0.000  0.000  0.140  0.000  0.602
   0.02838     -0.834182  0.000  0.000  0.000  0.446  0.013  0.000  0.000  0.140  0.000  0.598
   0.00000     -0.826502  0.000  0.000  0.000  0.448  0.010  0.000  0.000  0.140  0.000  0.597
 
# Band-Index:   13
   0.00000     -0.383286  0.077  0.079  0.301  0.000  0.000  0.095  0.023  0.000  0.079  0.654
   0.02838     -0.407330  0.072  0.078  0.292  0.000  0.000  0.102  0.033  0.000  0.079  0.654
   0.05676     -0.471938  0.064  0.076  0.280  0.000  0.000  0.107  0.052  0.000  0.077  0.654
   0.08514     -0.566686  0.059  0.075  0.271  0.000  0.000  0.105  0.064  0.000  0.075  0.650
   0.11352     -0.685318  0.058  0.077  0.266  0.000  0.000  0.104  0.071  0.000  0.073  0.645
   0.14190     -0.823425  0.057  0.076  0.259  0.000  0.000  0.099  0.075  0.000  0.071  0.641
   0.17028     -0.976962  0.059  0.077  0.251  0.002  0.000  0.096  0.077  0.001  0.071  0.636
   0.19866     -1.079795  0.000  0.000  0.001  0.403  0.084  0.000  0.000  0.129  0.000  0.618
   0.22704     -1.129985  0.000  0.000  0.000  0.400  0.093  0.000  0.000  0.124  0.000  0.619
   0.25542     -1.177967  0.000  0.000  0.000  0.397  0.103  0.000  0.000  0.119  0.000  0.618
   0.28380     -1.222863  0.000  0.000  0.000  0.395  0.111  0.000  0.000  0.112  0.000  0.618
   0.31218     -1.263825  0.000  0.000  0.000  0.395  0.117  0.000  0.000  0.103  0.000  0.616
   0.34056     -1.300082  0.000  0.000  0.000  0.397  0.122  0.000  0.000  0.095  0.000  0.614
   0.36894     -1.330906  0.000  0.000  0.000  0.398  0.127  0.000  0.000  0.085  0.000  0.611
   0.39732     -1.355598  0.000  0.000  0.000  0.401  0.130  0.000  0.000  0.077  0.000  0.608
   0.42570     -1.373476  0.000  0.000  0.000  0.405  0.135  0.000  0.000  0.067  0.000  0.605
   0.45408     -1.383891  0.000  0.000  0.000  0.409  0.136  0.000  0.000  0.056  0.000  0.601
   0.48246     -1.386244  0.000  0.000  0.000  0.413  0.136  0.000  0.000  0.048  0.000  0.598
   0.51084     -1.380039  0.000  0.000  0.000  0.418  0.134  0.000  0.000  0.042  0.000  0.594
   0.53922     -1.364918  0.000  0.000  0.000  0.423  0.131  0.000  0.000  0.037  0.000  0.592
   0.56760     -1.340705  0.000  0.000  0.000  0.427  0.130  0.000  0.000  0.036  0.000  0.591
   0.59598     -1.221450  0.044  0.112  0.208  0.000  0.000  0.106  0.027  0.000  0.160  0.660
   0.62436     -1.037358  0.050  0.117  0.211  0.000  0.000  0.099  0.024  0.000  0.151  0.653
   0.65274     -0.851153  0.055  0.120  0.217  0.000  0.000  0.095  0.021  0.000  0.141  0.650
   0.68112     -0.665411  0.059  0.124  0.224  0.000  0.000  0.092  0.018  0.000  0.130  0.646
   0.70950     -0.482720  0.065  0.125  0.232  0.000  0.000  0.091  0.016  0.000  0.116  0.645
   0.73788     -0.305813  0.069  0.126  0.238  0.000  0.000  0.094  0.013  0.000  0.103  0.645
   0.76626     -0.137829  0.074  0.124  0.243  0.000  0.000  0.104  0.010  0.000  0.089  0.646
   0.79464      0.017019  0.080  0.125  0.232  0.000  0.000  0.129  0.008  0.000  0.077  0.651
   0.82302      0.151586  0.084  0.129  0.189  0.000  0.000  0.185  0.005  0.000  0.073  0.669
   0.85140      0.252996  0.082  0.132  0.097  0.002  0.001  0.287  0.012  0.001  0.093  0.707
   0.87978      0.314709  0.065  0.132  0.029  0.002  0.001  0.359  0.028  0.001  0.125  0.743
   0.90816      0.350671  0.048  0.133  0.009  0.004  0.001  0.377  0.034  0.002  0.147  0.756
   0.93654      0.371601  0.035  0.140  0.005  0.007  0.003  0.375  0.028  0.004  0.162  0.761
   0.96492      0.379255  0.025  0.148  0.003  0.014  0.007  0.363  0.018  0.011  0.170  0.763
   0.99330      0.370580  0.015  0.147  0.002  0.039  0.021  0.325  0.007  0.037  0.163  0.759
   1.02168      0.338572  0.006  0.118  0.000  0.098  0.063  0.228  0.000  0.118  0.120  0.753
   1.05006      0.282316  0.000  0.076  0.000  0.142  0.110  0.134  0.001  0.215  0.073  0.753
   1.07844      0.217392  0.000  0.051  0.000  0.121  0.145  0.108  0.003  0.284  0.056  0.765
   1.10682      0.178322  0.000  0.021  0.000  0.059  0.175  0.125  0.005  0.347  0.061  0.794
   1.10682      0.178322  0.000  0.021  0.000  0.059  0.175  0.125  0.005  0.347  0.061  0.794
   1.13528      0.217274  0.000  0.048  0.000  0.122  0.151  0.105  0.003  0.283  0.052  0.764
   1.16374      0.283692  0.000  0.072  0.000  0.152  0.122  0.136  0.001  0.203  0.062  0.750
   1.19219      0.340923  0.007  0.115  0.005  0.100  0.064  0.259  0.000  0.091  0.110  0.753
   1.22065      0.368098  0.018  0.139  0.014  0.037  0.018  0.373  0.002  0.020  0.140  0.764
   1.24911      0.368817  0.028  0.130  0.027  0.016  0.005  0.416  0.002  0.004  0.137  0.768
   1.27757      0.352224  0.041  0.112  0.042  0.010  0.002  0.436  0.004  0.001  0.122  0.770
   1.30602      0.323458  0.052  0.096  0.057  0.005  0.001  0.450  0.004  0.000  0.103  0.770
   1.33448      0.286193  0.061  0.080  0.069  0.004  0.001  0.464  0.003  0.000  0.085  0.770
   1.36294      0.243332  0.070  0.068  0.077  0.004  0.000  0.480  0.003  0.000  0.067  0.771
   1.39139      0.197066  0.077  0.059  0.081  0.004  0.000  0.497  0.003  0.000  0.052  0.772
   1.41985      0.148892  0.085  0.053  0.079  0.002  0.000  0.517  0.002  0.000  0.039  0.779
   1.44831      0.099711  0.090  0.048  0.072  0.002  0.000  0.540  0.002  0.001  0.026  0.784
   1.47677      0.049939  0.094  0.046  0.064  0.002  0.000  0.562  0.003  0.001  0.017  0.791
   1.50522     -0.000380  0.099  0.045  0.051  0.002  0.000  0.587  0.003  0.001  0.011  0.801
   1.53368     -0.051450  0.101  0.045  0.040  0.002  0.000  0.608  0.004  0.002  0.008  0.811
   1.56214     -0.103602  0.103  0.048  0.029  0.002  0.000  0.626  0.005  0.002  0.007  0.820
   1.59060     -0.157138  0.103  0.048  0.018  0.002  0.000  0.639  0.008  0.003  0.010  0.831
   1.61905     -0.212171  0.103  0.050  0.011  0.004  0.000  0.646  0.012  0.003  0.014  0.842
   1.64751     -0.268484  0.103  0.050  0.004  0.004  0.000  0.647  0.015  0.003  0.022  0.850
   1.67597     -0.325426  0.100  0.051  0.003  0.005  0.000  0.643  0.020  0.003  0.032  0.857
   1.70442     -0.381888  0.099  0.051  0.006  0.005  0.000  0.633  0.025  0.003  0.045  0.864
   1.73288     -0.436354  0.097  0.048  0.009  0.005  0.000  0.616  0.031  0.003  0.056  0.866
   1.76134     -0.487015  0.096  0.046  0.016  0.005  0.000  0.596  0.036  0.003  0.065  0.866
   1.78980     -0.531939  0.094  0.044  0.025  0.005  0.000  0.572  0.043  0.003  0.074  0.864
   1.81825     -0.569252  0.094  0.042  0.036  0.005  0.000  0.547  0.049  0.003  0.081  0.858
   1.84671     -0.597359  0.093  0.041  0.050  0.005  0.000  0.518  0.056  0.003  0.085  0.849
   1.87517     -0.615124  0.094  0.040  0.065  0.005  0.000  0.485  0.063  0.002  0.084  0.838
   1.90362     -0.622061  0.091  0.040  0.083  0.005  0.000  0.452  0.071  0.002  0.082  0.823
   1.93208     -0.618432  0.089  0.039  0.100  0.003  0.000  0.417  0.077  0.001  0.078  0.807
   1.96054     -0.605257  0.087  0.042  0.120  0.002  0.000  0.379  0.083  0.001  0.073  0.789
   1.98900     -0.584182  0.085  0.044  0.141  0.000  0.000  0.344  0.087  0.000  0.068  0.770
   2.01745     -0.557236  0.082  0.048  0.162  0.000  0.000  0.309  0.088  0.000  0.062  0.752
   2.04591     -0.526566  0.079  0.053  0.183  0.000  0.000  0.275  0.086  0.000  0.060  0.735
   2.07437     -0.494242  0.076  0.055  0.204  0.000  0.000  0.241  0.082  0.000  0.058  0.718
   2.10282     -0.462216  0.075  0.060  0.226  0.000  0.000  0.207  0.073  0.000  0.062  0.700
   2.13128     -0.432451  0.074  0.067  0.248  0.000  0.000  0.172  0.061  0.000  0.066  0.686
   2.15974     -0.407265  0.075  0.072  0.270  0.000  0.000  0.138  0.044  0.000  0.071  0.671
   2.18820     -0.389718  0.076  0.077  0.291  0.000  0.000  0.109  0.029  0.000  0.077  0.659
   2.21665     -0.383286  0.077  0.079  0.301  0.000  0.000  0.095  0.023  0.000  0.079  0.654
 
# Band-Index:   14
   2.21665     -0.185003  0.022  0.004  0.042  0.003  0.002  0.441  0.204  0.002  0.050  0.771
   2.18820     -0.179662  0.023  0.007  0.050  0.003  0.002  0.431  0.197  0.002  0.053  0.766
   2.15974     -0.165280  0.026  0.010  0.067  0.003  0.002  0.406  0.178  0.002  0.061  0.757
   2.13128     -0.145033  0.028  0.016  0.087  0.003  0.002  0.380  0.159  0.002  0.071  0.748
   2.10282     -0.121437  0.030  0.019  0.103  0.003  0.002  0.360  0.142  0.002  0.081  0.741
   2.07437     -0.095980  0.032  0.023  0.116  0.003  0.002  0.343  0.125  0.001  0.089  0.735
   2.04591     -0.069466  0.034  0.026  0.128  0.003  0.002  0.330  0.111  0.001  0.096  0.733
   2.01745     -0.042351  0.036  0.028  0.139  0.002  0.002  0.320  0.096  0.001  0.103  0.728
   1.98900     -0.014923  0.036  0.031  0.151  0.002  0.002  0.310  0.084  0.001  0.111  0.726
   1.96054      0.012585  0.037  0.033  0.163  0.002  0.002  0.301  0.072  0.001  0.115  0.723
   1.93208      0.039945  0.038  0.038  0.176  0.002  0.001  0.289  0.059  0.000  0.118  0.722
   1.90362      0.066908  0.038  0.041  0.192  0.002  0.001  0.277  0.049  0.000  0.119  0.718
   1.87517      0.093200  0.038  0.045  0.211  0.002  0.001  0.263  0.036  0.000  0.116  0.713
   1.84671      0.118556  0.037  0.052  0.232  0.000  0.001  0.244  0.027  0.000  0.112  0.708
   1.81825      0.142781  0.036  0.057  0.256  0.000  0.000  0.223  0.021  0.000  0.107  0.700
   1.78980      0.165847  0.034  0.063  0.279  0.000  0.000  0.199  0.019  0.000  0.099  0.694
   1.76134      0.187986  0.032  0.069  0.303  0.000  0.000  0.170  0.021  0.000  0.091  0.685
   1.73288      0.209707  0.028  0.073  0.323  0.000  0.000  0.141  0.029  0.000  0.081  0.678
   1.70442      0.231726  0.025  0.079  0.338  0.000  0.000  0.111  0.040  0.000  0.073  0.668
   1.67597      0.254810  0.021  0.082  0.351  0.000  0.000  0.085  0.057  0.000  0.066  0.663
   1.64751      0.279601  0.018  0.087  0.357  0.000  0.000  0.064  0.074  0.000  0.059  0.659
   1.61905      0.306497  0.016  0.089  0.359  0.000  0.000  0.047  0.092  0.000  0.051  0.655
   1.59060      0.335602  0.013  0.090  0.358  0.000  0.000  0.038  0.108  0.000  0.046  0.655
   1.56214      0.366740  0.011  0.090  0.353  0.000  0.000  0.032  0.126  0.000  0.042  0.656
   1.53368      0.399543  0.011  0.088  0.348  0.000  0.000  0.031  0.139  0.000  0.039  0.658
   1.50522      0.433531  0.008  0.087  0.342  0.000  0.000  0.032  0.151  0.000  0.037  0.661
   1.47677      0.468226  0.007  0.084  0.339  0.000  0.000  0.034  0.159  0.000  0.039  0.664
   1.44831      0.503212  0.007  0.079  0.339  0.000  0.000  0.037  0.165  0.000  0.039  0.667
   1.41985      0.538190  0.007  0.075  0.342  0.000  0.000  0.037  0.168  0.000  0.039  0.669
   1.39139      0.573013  0.006  0.069  0.352  0.000  0.000  0.036  0.168  0.000  0.038  0.669
   1.36294      0.607694  0.006  0.062  0.368  0.000  0.001  0.033  0.164  0.000  0.038  0.669
   1.33448      0.642312  0.006  0.054  0.388  0.002  0.002  0.027  0.156  0.001  0.034  0.667
   1.30602      0.675620  0.006  0.041  0.387  0.016  0.015  0.022  0.141  0.014  0.027  0.671
   1.27757      0.645545  0.000  0.002  0.008  0.235  0.223  0.011  0.017  0.260  0.005  0.760
   1.24911      0.565872  0.000  0.002  0.000  0.237  0.210  0.019  0.008  0.276  0.005  0.759
   1.22065      0.488523  0.001  0.011  0.000  0.212  0.186  0.051  0.007  0.273  0.017  0.759
   1.19219      0.422900  0.004  0.045  0.002  0.136  0.133  0.160  0.005  0.222  0.062  0.770
   1.16374      0.374745  0.003  0.086  0.000  0.057  0.075  0.289  0.002  0.145  0.122  0.781
   1.13528      0.334695  0.000  0.074  0.000  0.027  0.058  0.352  0.000  0.127  0.153  0.792
   1.10682      0.314782  0.000  0.048  0.000  0.018  0.060  0.378  0.000  0.134  0.167  0.804
   1.10682      0.314782  0.000  0.048  0.000  0.018  0.060  0.378  0.000  0.134  0.167  0.804
   1.07844      0.333528  0.000  0.070  0.000  0.029  0.059  0.346  0.000  0.132  0.155  0.793
   1.05006      0.372360  0.003  0.080  0.000  0.061  0.073  0.278  0.003  0.155  0.127  0.780
   1.02168      0.417523  0.003  0.047  0.000  0.128  0.112  0.164  0.008  0.232  0.074  0.772
   0.99330      0.473061  0.003  0.013  0.000  0.193  0.156  0.060  0.010  0.306  0.025  0.768
   0.96492      0.535840  0.000  0.002  0.002  0.217  0.174  0.022  0.012  0.330  0.006  0.769
   0.93654      0.597528  0.000  0.000  0.024  0.211  0.176  0.011  0.021  0.320  0.003  0.769
   0.90816      0.576930  0.017  0.026  0.455  0.005  0.005  0.020  0.083  0.008  0.028  0.647
   0.87978      0.491149  0.012  0.029  0.423  0.000  0.001  0.046  0.097  0.001  0.048  0.656
   0.85140      0.408343  0.004  0.031  0.327  0.000  0.000  0.126  0.122  0.000  0.079  0.691
   0.82302      0.345943  0.008  0.037  0.205  0.000  0.000  0.237  0.138  0.000  0.101  0.727
   0.79464      0.300508  0.016  0.042  0.137  0.000  0.000  0.304  0.141  0.000  0.105  0.748
   0.76626      0.262408  0.025  0.042  0.104  0.000  0.000  0.340  0.144  0.000  0.100  0.755
   0.73788      0.227691  0.030  0.040  0.085  0.000  0.000  0.361  0.147  0.000  0.094  0.760
   0.70950      0.195163  0.036  0.037  0.074  0.000  0.000  0.377  0.149  0.000  0.090  0.763
   0.68112      0.164501  0.039  0.036  0.066  0.000  0.000  0.390  0.150  0.000  0.084  0.764
   0.65274      0.135652  0.043  0.034  0.060  0.000  0.000  0.400  0.150  0.000  0.079  0.768
   0.62436      0.108634  0.046  0.031  0.057  0.000  0.000  0.410  0.152  0.000  0.075  0.768
   0.59598      0.083474  0.049  0.028  0.053  0.000  0.000  0.418  0.152  0.000  0.071  0.769
   0.56760      0.060178  0.050  0.026  0.049  0.000  0.000  0.426  0.151  0.000  0.068  0.772
   0.53922      0.038731  0.052  0.023  0.048  0.000  0.000  0.433  0.151  0.000  0.066  0.773
   0.51084      0.019098  0.055  0.021  0.046  0.000  0.000  0.439  0.151  0.000  0.063  0.774
   0.48246      0.001223  0.056  0.020  0.044  0.000  0.000  0.444  0.150  0.000  0.061  0.776
   0.45408     -0.014978  0.057  0.018  0.043  0.000  0.000  0.452  0.150  0.000  0.059  0.778
   0.42570     -0.029595  0.059  0.015  0.041  0.000  0.000  0.456  0.149  0.000  0.057  0.779
   0.39732     -0.042743  0.059  0.015  0.041  0.000  0.000  0.460  0.147  0.000  0.056  0.778
   0.36894     -0.054548  0.059  0.012  0.042  0.000  0.000  0.463  0.147  0.000  0.055  0.781
   0.34056     -0.065156  0.059  0.012  0.042  0.000  0.000  0.466  0.147  0.000  0.053  0.781
   0.31218     -0.074732  0.060  0.012  0.043  0.000  0.000  0.467  0.147  0.000  0.052  0.782
   0.28380     -0.083466  0.059  0.010  0.043  0.000  0.000  0.468  0.147  0.000  0.051  0.782
   0.25542     -0.091581  0.059  0.010  0.044  0.000  0.000  0.468  0.148  0.000  0.050  0.782
   0.22704     -0.099343  0.058  0.009  0.047  0.000  0.000  0.467  0.149  0.000  0.051  0.781
   0.19866     -0.107083  0.057  0.009  0.050  0.001  0.000  0.463  0.149  0.000  0.050  0.781
   0.17028     -0.115223  0.056  0.010  0.052  0.002  0.000  0.459  0.152  0.001  0.050  0.779
   0.14190     -0.124296  0.053  0.009  0.055  0.002  0.001  0.453  0.154  0.001  0.050  0.777
   0.11352     -0.134943  0.049  0.010  0.057  0.002  0.001  0.445  0.159  0.001  0.050  0.775
   0.08514     -0.147790  0.044  0.009  0.059  0.003  0.001  0.437  0.165  0.002  0.050  0.772
   0.05676     -0.162878  0.037  0.009  0.057  0.003  0.002  0.432  0.176  0.002  0.051  0.768
   0.02838     -0.177845  0.027  0.005  0.050  0.003  0.002  0.437  0.194  0.002  0.050  0.768
   0.00000     -0.185003  0.022  0.004  0.042  0.003  0.002  0.441  0.204  0.002  0.050  0.771
 
# Band-Index:   15
   0.00000      0.164295  0.000  0.000  0.000  0.227  0.287  0.003  0.005  0.238  0.000  0.758
   0.02838      0.174941  0.000  0.000  0.000  0.229  0.283  0.003  0.005  0.237  0.000  0.758
   0.05676      0.205810  0.000  0.000  0.000  0.235  0.274  0.003  0.005  0.238  0.000  0.755
   0.08514      0.254201  0.000  0.000  0.000  0.245  0.261  0.002  0.004  0.237  0.000  0.750
   0.11352      0.316825  0.000  0.000  0.000  0.256  0.246  0.002  0.004  0.236  0.000  0.746
   0.14190      0.390554  0.000  0.000  0.000  0.268  0.231  0.001  0.003  0.238  0.000  0.742
   0.17028      0.472723  0.000  0.000  0.000  0.279  0.214  0.001  0.003  0.240  0.000  0.738
   0.19866      0.561145  0.000  0.000  0.000  0.289  0.197  0.001  0.003  0.245  0.000  0.736
   0.22704      0.653985  0.000  0.000  0.000  0.299  0.179  0.000  0.003  0.251  0.000  0.732
   0.25542      0.749603  0.000  0.000  0.000  0.310  0.158  0.000  0.003  0.260  0.000  0.730
   0.28380      0.846309  0.000  0.000  0.000  0.318  0.133  0.000  0.004  0.274  0.001  0.729
   0.31218      0.941882  0.000  0.000  0.000  0.326  0.101  0.000  0.006  0.292  0.003  0.729
   0.34056      1.029653  0.013  0.000  0.007  0.278  0.046  0.001  0.042  0.275  0.082  0.747
   0.36894      1.043789  0.082  0.002  0.065  0.012  0.000  0.010  0.151  0.015  0.477  0.813
   0.39732      1.037662  0.084  0.002  0.068  0.005  0.001  0.010  0.156  0.006  0.482  0.813
   0.42570      1.033375  0.084  0.001  0.069  0.002  0.001  0.010  0.162  0.005  0.478  0.813
   0.45408      1.031544  0.083  0.003  0.070  0.002  0.002  0.010  0.167  0.005  0.473  0.815
   0.48246      1.032287  0.082  0.002  0.069  0.002  0.003  0.010  0.173  0.006  0.469  0.815
   0.51084      1.035614  0.079  0.002  0.070  0.002  0.005  0.010  0.178  0.007  0.464  0.817
   0.53922      1.041449  0.076  0.002  0.068  0.005  0.007  0.010  0.183  0.011  0.456  0.820
   0.56760      1.049519  0.071  0.004  0.065  0.007  0.013  0.010  0.190  0.018  0.445  0.823
   0.59598      1.058931  0.062  0.005  0.059  0.016  0.027  0.011  0.191  0.038  0.418  0.827
   0.62436      1.066213  0.046  0.005  0.042  0.043  0.077  0.008  0.172  0.107  0.330  0.832
   0.65274      1.060366  0.018  0.003  0.015  0.106  0.189  0.004  0.096  0.263  0.142  0.836
   0.68112      1.036605  0.005  0.002  0.003  0.143  0.245  0.001  0.043  0.346  0.044  0.832
   0.70950      1.003940  0.001  0.000  0.000  0.159  0.257  0.000  0.025  0.367  0.017  0.827
   0.73788      0.966409  0.000  0.000  0.000  0.170  0.253  0.000  0.016  0.371  0.008  0.820
   0.76626      0.925004  0.000  0.000  0.000  0.179  0.246  0.000  0.012  0.371  0.004  0.814
   0.79464      0.879966  0.000  0.000  0.000  0.187  0.237  0.000  0.010  0.368  0.002  0.808
   0.82302      0.831345  0.000  0.000  0.002  0.196  0.226  0.000  0.008  0.364  0.001  0.800
   0.85140      0.779183  0.000  0.000  0.002  0.205  0.217  0.001  0.007  0.358  0.000  0.792
   0.87978      0.723667  0.000  0.000  0.004  0.212  0.206  0.002  0.005  0.352  0.000  0.785
   0.90816      0.665998  0.002  0.002  0.017  0.214  0.191  0.003  0.002  0.340  0.001  0.774
   0.93654      0.662109  0.017  0.022  0.479  0.014  0.010  0.008  0.055  0.022  0.017  0.641
   0.96492      0.726498  0.015  0.015  0.526  0.002  0.001  0.005  0.055  0.003  0.012  0.634
   0.99330      0.780589  0.009  0.010  0.550  0.000  0.000  0.003  0.047  0.001  0.008  0.632
   1.02168      0.823183  0.006  0.006  0.574  0.000  0.000  0.002  0.035  0.000  0.004  0.628
   1.05006      0.854360  0.003  0.002  0.595  0.000  0.000  0.001  0.020  0.000  0.002  0.623
   1.07844      0.873662  0.000  0.000  0.611  0.000  0.000  0.000  0.006  0.000  0.000  0.619
   1.10682      0.880245  0.000  0.000  0.618  0.000  0.000  0.000  0.000  0.000  0.000  0.618
   1.10682      0.880245  0.000  0.000  0.618  0.000  0.000  0.000  0.000  0.000  0.000  0.618
   1.13528      0.873412  0.000  0.000  0.610  0.000  0.000  0.000  0.007  0.000  0.001  0.620
   1.16374      0.854101  0.003  0.002  0.593  0.000  0.000  0.001  0.023  0.000  0.002  0.623
   1.19219      0.825340  0.003  0.006  0.567  0.000  0.000  0.002  0.045  0.000  0.005  0.630
   1.22065      0.790857  0.006  0.012  0.535  0.000  0.000  0.004  0.071  0.001  0.009  0.638
   1.24911      0.754095  0.006  0.022  0.498  0.000  0.001  0.008  0.093  0.002  0.014  0.645
   1.27757      0.718387  0.006  0.030  0.452  0.010  0.008  0.011  0.106  0.011  0.019  0.654
   1.30602      0.733330  0.000  0.002  0.039  0.225  0.237  0.002  0.000  0.249  0.001  0.757
   1.33448      0.811065  0.000  0.000  0.008  0.230  0.274  0.001  0.002  0.255  0.000  0.773
   1.36294      0.887755  0.000  0.000  0.004  0.220  0.303  0.001  0.004  0.248  0.001  0.784
   1.39139      0.960198  0.000  0.002  0.004  0.204  0.337  0.001  0.007  0.238  0.001  0.794
   1.41985      1.026075  0.000  0.002  0.005  0.183  0.374  0.002  0.013  0.223  0.003  0.805
   1.44831      1.081237  0.003  0.006  0.006  0.153  0.403  0.003  0.031  0.194  0.016  0.817
   1.47677      1.110180  0.017  0.028  0.021  0.085  0.299  0.010  0.128  0.107  0.123  0.821
   1.50522      1.076176  0.040  0.052  0.034  0.015  0.063  0.024  0.238  0.014  0.331  0.815
   1.53368      1.015621  0.042  0.046  0.032  0.003  0.021  0.029  0.239  0.003  0.397  0.817
   1.56214      0.952759  0.042  0.037  0.029  0.003  0.011  0.032  0.232  0.001  0.430  0.815
   1.59060      0.892130  0.042  0.027  0.026  0.000  0.008  0.032  0.228  0.000  0.451  0.815
   1.61905      0.835679  0.042  0.019  0.026  0.000  0.006  0.032  0.225  0.000  0.462  0.813
   1.64751      0.784767  0.041  0.012  0.026  0.000  0.006  0.031  0.223  0.000  0.468  0.809
   1.67597      0.740553  0.041  0.008  0.028  0.000  0.005  0.028  0.222  0.000  0.468  0.802
   1.70442      0.704120  0.041  0.004  0.034  0.000  0.005  0.024  0.218  0.000  0.465  0.793
   1.73288      0.676485  0.040  0.003  0.043  0.000  0.006  0.018  0.214  0.000  0.458  0.785
   1.76134      0.658547  0.041  0.004  0.054  0.003  0.008  0.013  0.203  0.000  0.449  0.775
   1.78980      0.650680  0.041  0.006  0.068  0.006  0.025  0.011  0.182  0.001  0.430  0.767
   1.81825      0.624550  0.001  0.000  0.004  0.213  0.443  0.001  0.002  0.075  0.009  0.751
   1.84671      0.568010  0.000  0.000  0.000  0.224  0.430  0.001  0.000  0.089  0.000  0.747
   1.87517      0.513757  0.000  0.000  0.000  0.228  0.411  0.001  0.001  0.102  0.000  0.746
   1.90362      0.462524  0.000  0.000  0.000  0.230  0.393  0.002  0.002  0.116  0.000  0.746
   1.93208      0.414559  0.000  0.000  0.000  0.232  0.377  0.002  0.002  0.132  0.000  0.746
   1.96054      0.370069  0.000  0.000  0.000  0.233  0.361  0.002  0.003  0.147  0.000  0.747
   1.98900      0.329262  0.000  0.000  0.000  0.233  0.347  0.002  0.003  0.162  0.000  0.748
   2.01745      0.292365  0.000  0.000  0.000  0.232  0.334  0.002  0.004  0.176  0.000  0.749
   2.04591      0.259617  0.000  0.000  0.000  0.232  0.322  0.003  0.004  0.191  0.000  0.751
   2.07437      0.231276  0.000  0.000  0.000  0.230  0.311  0.003  0.004  0.203  0.000  0.754
   2.10282      0.207606  0.000  0.000  0.000  0.230  0.302  0.003  0.005  0.215  0.000  0.755
   2.13128      0.188864  0.000  0.000  0.000  0.229  0.295  0.003  0.005  0.225  0.000  0.757
   2.15974      0.175282  0.000  0.000  0.000  0.227  0.291  0.003  0.005  0.232  0.000  0.758
   2.18820      0.167052  0.000  0.000  0.000  0.227  0.288  0.003  0.005  0.236  0.000  0.759
   2.21665      0.164295  0.000  0.000  0.000  0.227  0.287  0.003  0.005  0.238  0.000  0.758
 
# Band-Index:   16
   2.21665      1.225115  0.027  0.014  0.058  0.000  0.002  0.004  0.130  0.000  0.619  0.853
   2.18820      1.219807  0.027  0.014  0.060  0.000  0.002  0.004  0.121  0.000  0.620  0.850
   2.15974      1.203339  0.030  0.017  0.070  0.000  0.001  0.005  0.098  0.000  0.621  0.842
   2.13128      1.174589  0.034  0.020  0.080  0.000  0.000  0.010  0.069  0.000  0.615  0.827
   2.10282      1.133171  0.038  0.023  0.095  0.000  0.000  0.014  0.041  0.000  0.600  0.812
   2.07437      1.080550  0.044  0.026  0.106  0.000  0.000  0.020  0.023  0.000  0.576  0.796
   2.04591      1.020030  0.048  0.027  0.115  0.000  0.001  0.023  0.017  0.000  0.548  0.782
   2.01745      0.955783  0.050  0.028  0.123  0.000  0.001  0.026  0.022  0.000  0.522  0.769
   1.98900      0.891875  0.050  0.026  0.124  0.000  0.001  0.025  0.035  0.000  0.497  0.763
   1.96054      0.831702  0.051  0.025  0.125  0.000  0.001  0.023  0.055  0.000  0.476  0.756
   1.93208      0.777861  0.050  0.024  0.122  0.000  0.001  0.019  0.077  0.000  0.458  0.751
   1.90362      0.732236  0.048  0.021  0.117  0.000  0.001  0.015  0.101  0.000  0.449  0.751
   1.87517      0.696146  0.045  0.016  0.109  0.000  0.001  0.011  0.126  0.000  0.441  0.751
   1.84671      0.670526  0.045  0.014  0.097  0.000  0.000  0.009  0.151  0.000  0.439  0.753
   1.81825      0.656441  0.042  0.009  0.080  0.007  0.007  0.009  0.171  0.003  0.433  0.757
   1.78980      0.686558  0.000  0.000  0.003  0.208  0.445  0.001  0.011  0.063  0.017  0.752
   1.76134      0.748313  0.000  0.000  0.000  0.208  0.484  0.001  0.003  0.054  0.005  0.753
   1.73288      0.812505  0.000  0.000  0.000  0.198  0.510  0.001  0.002  0.045  0.003  0.759
   1.70442      0.878182  0.000  0.000  0.000  0.188  0.536  0.001  0.002  0.036  0.003  0.765
   1.67597      0.944429  0.000  0.000  0.000  0.175  0.565  0.000  0.001  0.027  0.003  0.773
   1.64751      1.009830  0.000  0.000  0.000  0.158  0.597  0.000  0.001  0.023  0.003  0.784
   1.61905      1.071980  0.000  0.000  0.000  0.137  0.631  0.000  0.001  0.023  0.004  0.797
   1.59060      1.126735  0.000  0.000  0.000  0.113  0.659  0.000  0.001  0.031  0.006  0.814
   1.56214      1.167530  0.000  0.000  0.000  0.092  0.668  0.000  0.002  0.056  0.010  0.830
   1.53368      1.187046  0.002  0.002  0.001  0.085  0.629  0.001  0.004  0.097  0.019  0.841
   1.50522      1.184549  0.005  0.006  0.004  0.092  0.518  0.002  0.021  0.133  0.054  0.839
   1.47677      1.185801  0.027  0.040  0.024  0.050  0.207  0.015  0.155  0.081  0.220  0.820
   1.44831      1.230778  0.040  0.071  0.042  0.011  0.034  0.022  0.291  0.020  0.274  0.807
   1.41985      1.283958  0.038  0.080  0.051  0.005  0.011  0.020  0.365  0.009  0.221  0.801
   1.39139      1.327911  0.033  0.083  0.060  0.002  0.005  0.018  0.443  0.006  0.149  0.801
   1.36294      1.355208  0.027  0.081  0.068  0.002  0.003  0.014  0.523  0.005  0.082  0.805
   1.33448      1.362723  0.023  0.072  0.074  0.002  0.002  0.010  0.592  0.004  0.037  0.813
   1.30602      1.352582  0.020  0.062  0.074  0.000  0.001  0.006  0.640  0.004  0.013  0.822
   1.27757      1.329954  0.021  0.051  0.070  0.000  0.001  0.004  0.674  0.004  0.004  0.830
   1.24911      1.300224  0.024  0.040  0.063  0.000  0.001  0.002  0.703  0.003  0.001  0.840
   1.22065      1.268076  0.027  0.029  0.053  0.000  0.000  0.000  0.733  0.003  0.000  0.847
   1.19219      1.237613  0.031  0.019  0.041  0.000  0.000  0.000  0.761  0.003  0.000  0.855
   1.16374      1.212525  0.035  0.009  0.027  0.000  0.000  0.000  0.788  0.003  0.000  0.862
   1.13528      1.195969  0.036  0.002  0.016  0.000  0.000  0.001  0.808  0.003  0.000  0.868
   1.10682      1.190176  0.037  0.000  0.012  0.000  0.000  0.001  0.818  0.003  0.000  0.870
   1.10682      1.190176  0.037  0.000  0.012  0.000  0.000  0.001  0.818  0.003  0.000  0.870
   1.07844      1.195696  0.036  0.002  0.016  0.000  0.000  0.001  0.809  0.003  0.000  0.868
   1.05006      1.211193  0.035  0.009  0.026  0.000  0.000  0.000  0.790  0.003  0.000  0.863
   1.02168      1.233980  0.031  0.019  0.034  0.000  0.000  0.000  0.766  0.003  0.003  0.857
   0.99330      1.260556  0.027  0.028  0.041  0.000  0.001  0.001  0.740  0.003  0.011  0.853
   0.96492      1.286998  0.024  0.035  0.043  0.000  0.001  0.003  0.713  0.004  0.027  0.849
   0.93654      1.308913  0.020  0.041  0.040  0.000  0.001  0.007  0.677  0.004  0.057  0.849
   0.90816      1.321419  0.020  0.046  0.032  0.000  0.001  0.013  0.626  0.004  0.109  0.850
   0.87978      1.320210  0.019  0.047  0.024  0.000  0.001  0.017  0.555  0.004  0.185  0.850
   0.85140      1.304300  0.021  0.045  0.019  0.000  0.002  0.021  0.472  0.004  0.268  0.850
   0.82302      1.277486  0.026  0.039  0.020  0.000  0.002  0.022  0.393  0.005  0.338  0.848
   0.79464      1.245597  0.031  0.035  0.028  0.002  0.003  0.022  0.331  0.006  0.386  0.844
   0.76626      1.213199  0.037  0.027  0.039  0.002  0.004  0.021  0.286  0.007  0.416  0.840
   0.73788      1.182916  0.043  0.023  0.047  0.002  0.006  0.020  0.252  0.011  0.433  0.836
   0.70950      1.156218  0.047  0.016  0.055  0.007  0.012  0.017  0.220  0.020  0.435  0.831
   0.68112      1.134618  0.049  0.013  0.060  0.016  0.030  0.015  0.185  0.044  0.415  0.826
   0.65274      1.122362  0.041  0.008  0.052  0.047  0.091  0.010  0.119  0.132  0.319  0.824
   0.62436      1.128515  0.019  0.003  0.028  0.105  0.206  0.004  0.033  0.294  0.136  0.829
   0.59598      1.148257  0.008  0.002  0.014  0.130  0.255  0.001  0.006  0.368  0.050  0.835
   0.56760      1.170448  0.004  0.000  0.009  0.137  0.264  0.000  0.001  0.395  0.025  0.837
   0.53922      1.191300  0.004  0.000  0.007  0.141  0.258  0.000  0.000  0.411  0.015  0.839
   0.51084      1.209250  0.001  0.000  0.007  0.150  0.239  0.000  0.000  0.428  0.010  0.837
   0.48246      1.222590  0.001  0.000  0.004  0.165  0.203  0.000  0.001  0.444  0.008  0.830
   0.45408      1.228026  0.001  0.000  0.004  0.195  0.141  0.000  0.001  0.460  0.007  0.814
   0.42570      1.218577  0.001  0.000  0.004  0.244  0.060  0.000  0.001  0.467  0.006  0.786
   0.39732      1.183630  0.001  0.000  0.004  0.299  0.005  0.000  0.001  0.433  0.007  0.753
   0.36894      1.120546  0.005  0.000  0.006  0.320  0.020  0.000  0.000  0.364  0.018  0.733
   0.34056      1.061127  0.073  0.004  0.061  0.055  0.017  0.010  0.104  0.051  0.421  0.794
   0.31218      1.068495  0.082  0.006  0.067  0.002  0.003  0.011  0.134  0.001  0.508  0.813
   0.28380      1.082084  0.080  0.007  0.066  0.000  0.002  0.011  0.131  0.000  0.520  0.816
   0.25542      1.097961  0.075  0.008  0.066  0.000  0.002  0.010  0.128  0.000  0.532  0.818
   0.22704      1.115525  0.071  0.009  0.065  0.000  0.001  0.010  0.123  0.000  0.542  0.822
   0.19866      1.134238  0.064  0.010  0.064  0.000  0.001  0.010  0.120  0.000  0.556  0.826
   0.17028      1.153422  0.058  0.012  0.064  0.000  0.001  0.007  0.118  0.000  0.570  0.830
   0.14190      1.172220  0.050  0.013  0.063  0.000  0.001  0.007  0.118  0.000  0.584  0.834
   0.11352      1.189596  0.041  0.013  0.061  0.000  0.001  0.007  0.118  0.000  0.597  0.840
   0.08514      1.204438  0.036  0.014  0.060  0.000  0.002  0.004  0.121  0.000  0.607  0.845
   0.05676      1.215731  0.031  0.014  0.058  0.000  0.002  0.004  0.125  0.000  0.614  0.849
   0.02838      1.222744  0.028  0.014  0.058  0.000  0.002  0.004  0.129  0.000  0.618  0.853
   0.00000      1.225115  0.027  0.014  0.058  0.000  0.002  0.004  0.130  0.000  0.619  0.853
 
# Band-Index:   17
   0.00000      1.447229  0.010  0.005  0.012  0.031  0.507  0.019  0.045  0.267  0.006  0.905
   0.02838      1.447300  0.009  0.005  0.012  0.031  0.510  0.018  0.043  0.268  0.005  0.906
   0.05676      1.447333  0.010  0.004  0.010  0.031  0.518  0.016  0.038  0.273  0.004  0.907
   0.08514      1.446868  0.007  0.004  0.008  0.032  0.528  0.012  0.032  0.278  0.003  0.906
   0.11352      1.445408  0.004  0.003  0.006  0.034  0.539  0.009  0.025  0.282  0.002  0.908
   0.14190      1.442629  0.004  0.004  0.006  0.034  0.549  0.006  0.019  0.286  0.001  0.909
   0.17028      1.438446  0.003  0.002  0.004  0.034  0.558  0.004  0.014  0.286  0.001  0.909
   0.19866      1.432962  0.003  0.000  0.004  0.034  0.568  0.003  0.011  0.284  0.001  0.911
   0.22704      1.426421  0.001  0.000  0.004  0.034  0.578  0.002  0.008  0.279  0.001  0.910
   0.25542      1.419206  0.001  0.000  0.004  0.034  0.590  0.002  0.006  0.271  0.001  0.910
   0.28380      1.411918  0.000  0.000  0.002  0.034  0.606  0.001  0.005  0.257  0.001  0.909
   0.31218      1.405630  0.000  0.000  0.002  0.034  0.631  0.001  0.004  0.235  0.001  0.908
   0.34056      1.402491  0.000  0.000  0.002  0.036  0.663  0.001  0.003  0.201  0.001  0.907
   0.36894      1.407153  0.000  0.000  0.002  0.046  0.700  0.000  0.002  0.148  0.001  0.900
   0.39732      1.428710  0.000  0.000  0.000  0.084  0.707  0.000  0.001  0.083  0.000  0.878
   0.42570      1.476152  0.000  0.000  0.000  0.149  0.645  0.000  0.000  0.049  0.000  0.843
   0.45408      1.545484  0.000  0.000  0.000  0.207  0.557  0.000  0.000  0.051  0.000  0.815
   0.48246      1.625201  0.000  0.000  0.000  0.244  0.489  0.000  0.000  0.064  0.000  0.797
   0.51084      1.707501  0.000  0.000  0.000  0.267  0.446  0.000  0.001  0.074  0.000  0.789
   0.53922      1.788307  0.000  0.000  0.000  0.282  0.419  0.000  0.003  0.081  0.000  0.784
   0.56760      1.864950  0.000  0.002  0.004  0.286  0.399  0.001  0.010  0.080  0.001  0.784
   0.59598      1.926781  0.007  0.035  0.078  0.157  0.240  0.030  0.203  0.039  0.012  0.799
   0.62436      1.916999  0.014  0.079  0.168  0.004  0.018  0.064  0.431  0.002  0.029  0.809
   0.65274      1.892430  0.013  0.083  0.172  0.000  0.007  0.059  0.430  0.002  0.036  0.806
   0.68112      1.865650  0.014  0.084  0.175  0.000  0.004  0.052  0.422  0.003  0.047  0.801
   0.70950      1.837969  0.015  0.089  0.175  0.000  0.003  0.046  0.409  0.003  0.059  0.797
   0.73788      1.810524  0.017  0.091  0.174  0.000  0.002  0.040  0.391  0.003  0.077  0.792
   0.76626      1.784915  0.017  0.094  0.173  0.000  0.001  0.033  0.365  0.002  0.100  0.788
   0.79464      1.763644  0.019  0.100  0.167  0.000  0.001  0.027  0.329  0.002  0.136  0.783
   0.82302      1.750751  0.021  0.106  0.161  0.000  0.001  0.025  0.275  0.002  0.187  0.778
   0.85140      1.752241  0.024  0.116  0.144  0.000  0.000  0.022  0.207  0.001  0.257  0.773
   0.87978      1.775014  0.026  0.130  0.122  0.000  0.000  0.021  0.135  0.001  0.334  0.770
   0.90816      1.823171  0.027  0.146  0.095  0.000  0.000  0.024  0.075  0.000  0.399  0.766
   0.93654      1.894997  0.027  0.164  0.070  0.000  0.000  0.026  0.041  0.000  0.439  0.766
   0.96492      1.984449  0.026  0.182  0.050  0.000  0.000  0.029  0.022  0.000  0.457  0.765
   0.99330      2.083937  0.024  0.203  0.037  0.000  0.000  0.031  0.013  0.000  0.462  0.767
   1.02168      2.185003  0.018  0.225  0.025  0.000  0.000  0.030  0.006  0.000  0.466  0.775
   1.05006      2.276947  0.012  0.249  0.015  0.000  0.001  0.033  0.005  0.000  0.473  0.788
   1.07844      2.344576  0.004  0.269  0.004  0.004  0.005  0.036  0.002  0.000  0.479  0.803
   1.10682      2.369537  0.000  0.259  0.000  0.024  0.042  0.034  0.000  0.003  0.448  0.811
   1.10682      2.369537  0.000  0.259  0.000  0.024  0.042  0.034  0.000  0.003  0.448  0.811
   1.13528      2.350019  0.004  0.267  0.004  0.006  0.010  0.035  0.002  0.001  0.474  0.805
   1.16374      2.296988  0.012  0.248  0.016  0.002  0.001  0.033  0.004  0.000  0.474  0.789
   1.19219      2.224225  0.023  0.222  0.024  0.000  0.000  0.031  0.006  0.000  0.469  0.777
   1.22065      2.143016  0.030  0.198  0.032  0.000  0.000  0.029  0.007  0.000  0.473  0.774
   1.24911      2.060480  0.038  0.176  0.039  0.000  0.000  0.028  0.011  0.000  0.483  0.775
   1.27757      1.981484  0.042  0.155  0.043  0.000  0.000  0.026  0.020  0.000  0.495  0.783
   1.30602      1.910393  0.046  0.134  0.051  0.000  0.000  0.024  0.037  0.000  0.505  0.795
   1.33448      1.851963  0.043  0.114  0.055  0.000  0.000  0.023  0.073  0.000  0.502  0.812
   1.36294      1.810735  0.039  0.096  0.064  0.000  0.001  0.021  0.131  0.000  0.479  0.830
   1.39139      1.788290  0.031  0.080  0.073  0.000  0.002  0.018  0.206  0.000  0.432  0.843
   1.41985      1.779893  0.023  0.065  0.074  0.023  0.027  0.016  0.261  0.003  0.356  0.847
   1.44831      1.737769  0.002  0.005  0.007  0.332  0.250  0.000  0.023  0.095  0.024  0.736
   1.47677      1.672933  0.000  0.002  0.002  0.369  0.200  0.000  0.007  0.132  0.008  0.721
   1.50522      1.618379  0.000  0.000  0.002  0.391  0.132  0.000  0.006  0.174  0.007  0.714
   1.53368      1.581200  0.000  0.000  0.002  0.400  0.073  0.000  0.007  0.229  0.008  0.719
   1.56214      1.564931  0.000  0.001  0.002  0.385  0.052  0.000  0.008  0.275  0.009  0.735
   1.59060      1.565847  0.000  0.003  0.004  0.353  0.070  0.000  0.012  0.306  0.011  0.757
   1.61905      1.576030  0.000  0.003  0.004  0.317  0.109  0.000  0.016  0.317  0.013  0.779
   1.64751      1.588839  0.000  0.003  0.004  0.283  0.149  0.000  0.023  0.320  0.015  0.799
   1.67597      1.600289  0.000  0.004  0.006  0.252  0.186  0.001  0.031  0.318  0.018  0.814
   1.70442      1.608309  0.000  0.004  0.006  0.222  0.218  0.002  0.043  0.312  0.021  0.829
   1.73288      1.611968  0.000  0.006  0.008  0.196  0.244  0.003  0.057  0.302  0.024  0.842
   1.76134      1.611034  0.001  0.007  0.008  0.172  0.265  0.004  0.074  0.292  0.028  0.852
   1.78980      1.605718  0.001  0.007  0.008  0.151  0.281  0.007  0.093  0.278  0.032  0.861
   1.81825      1.596531  0.002  0.008  0.010  0.130  0.294  0.009  0.113  0.266  0.035  0.869
   1.84671      1.584170  0.003  0.009  0.010  0.111  0.304  0.012  0.133  0.252  0.037  0.876
   1.87517      1.569431  0.004  0.010  0.010  0.097  0.314  0.016  0.150  0.241  0.038  0.882
   1.90362      1.553161  0.007  0.010  0.008  0.084  0.324  0.019  0.165  0.231  0.038  0.888
   1.93208      1.536170  0.008  0.009  0.008  0.073  0.334  0.022  0.175  0.225  0.036  0.890
   1.96054      1.519224  0.009  0.008  0.008  0.062  0.347  0.027  0.180  0.220  0.032  0.895
   1.98900      1.503043  0.010  0.008  0.006  0.056  0.362  0.030  0.179  0.219  0.026  0.897
   2.01745      1.488284  0.013  0.007  0.006  0.049  0.380  0.032  0.172  0.221  0.020  0.899
   2.04591      1.475508  0.013  0.006  0.006  0.044  0.402  0.033  0.157  0.226  0.013  0.900
   2.07437      1.465156  0.013  0.007  0.008  0.040  0.426  0.032  0.137  0.233  0.006  0.901
   2.10282      1.457451  0.014  0.007  0.008  0.035  0.452  0.030  0.111  0.243  0.001  0.902
   2.13128      1.452285  0.013  0.007  0.010  0.034  0.475  0.028  0.085  0.252  0.000  0.903
   2.15974      1.449220  0.011  0.007  0.010  0.031  0.492  0.025  0.063  0.260  0.002  0.903
   2.18820      1.447684  0.010  0.005  0.012  0.031  0.503  0.020  0.050  0.265  0.005  0.904
   2.21665      1.447229  0.010  0.005  0.012  0.031  0.507  0.019  0.045  0.267  0.006  0.905
 
# Band-Index:   18
   2.21665      1.664662  0.076  0.035  0.058  0.006  0.056  0.166  0.390  0.048  0.010  0.843
   2.18820      1.661711  0.073  0.034  0.056  0.006  0.058  0.163  0.395  0.050  0.008  0.845
   2.15974      1.654144  0.070  0.033  0.050  0.008  0.066  0.156  0.409  0.055  0.003  0.850
   2.13128      1.645154  0.064  0.029  0.042  0.008  0.079  0.147  0.423  0.065  0.001  0.860
   2.10282      1.638198  0.055  0.025  0.032  0.010  0.094  0.135  0.434  0.076  0.004  0.869
   2.07437      1.635544  0.047  0.022  0.026  0.014  0.109  0.119  0.438  0.088  0.011  0.878
   2.04591      1.637850  0.040  0.021  0.021  0.018  0.121  0.107  0.437  0.097  0.021  0.884
   2.01745      1.644697  0.034  0.020  0.019  0.020  0.128  0.096  0.433  0.105  0.032  0.888
   1.98900      1.655247  0.030  0.020  0.017  0.025  0.130  0.088  0.431  0.108  0.043  0.890
   1.96054      1.668605  0.026  0.021  0.017  0.029  0.126  0.078  0.429  0.110  0.052  0.890
   1.93208      1.683948  0.021  0.021  0.018  0.030  0.120  0.073  0.432  0.108  0.062  0.890
   1.90362      1.700574  0.019  0.024  0.020  0.033  0.108  0.068  0.439  0.104  0.073  0.889
   1.87517      1.717867  0.016  0.025  0.024  0.035  0.095  0.064  0.448  0.097  0.083  0.887
   1.84671      1.735308  0.014  0.028  0.028  0.034  0.080  0.060  0.461  0.088  0.094  0.887
   1.81825      1.752429  0.009  0.031  0.032  0.031  0.064  0.057  0.473  0.077  0.106  0.885
   1.78980      1.768787  0.008  0.034  0.038  0.029  0.050  0.053  0.485  0.066  0.118  0.884
   1.76134      1.783970  0.006  0.039  0.043  0.027  0.037  0.050  0.495  0.054  0.131  0.882
   1.73288      1.797546  0.005  0.042  0.049  0.021  0.026  0.046  0.504  0.044  0.144  0.883
   1.70442      1.809074  0.002  0.045  0.055  0.019  0.018  0.041  0.508  0.034  0.158  0.882
   1.67597      1.818116  0.001  0.048  0.060  0.017  0.013  0.037  0.507  0.027  0.170  0.880
   1.64751      1.824284  0.001  0.052  0.066  0.013  0.007  0.034  0.501  0.021  0.183  0.880
   1.61905      1.827264  0.002  0.054  0.070  0.010  0.005  0.031  0.492  0.016  0.196  0.877
   1.59060      1.826884  0.002  0.055  0.075  0.008  0.003  0.027  0.480  0.013  0.210  0.877
   1.56214      1.823172  0.002  0.058  0.078  0.008  0.002  0.024  0.463  0.010  0.226  0.873
   1.53368      1.816439  0.006  0.059  0.080  0.008  0.001  0.022  0.442  0.009  0.244  0.870
   1.50522      1.807407  0.009  0.060  0.083  0.008  0.001  0.020  0.415  0.008  0.265  0.867
   1.47677      1.797509  0.013  0.061  0.083  0.010  0.002  0.020  0.379  0.007  0.293  0.863
   1.44831      1.789853  0.015  0.061  0.077  0.027  0.013  0.019  0.318  0.011  0.313  0.852
   1.41985      1.816012  0.000  0.005  0.005  0.318  0.284  0.002  0.020  0.082  0.027  0.745
   1.39139      1.888866  0.000  0.000  0.000  0.326  0.348  0.000  0.001  0.070  0.002  0.748
   1.36294      1.964005  0.000  0.000  0.000  0.315  0.379  0.000  0.000  0.061  0.001  0.757
   1.33448      2.037817  0.000  0.000  0.000  0.308  0.404  0.000  0.000  0.054  0.000  0.766
   1.30602      2.108427  0.000  0.000  0.000  0.300  0.426  0.000  0.000  0.049  0.000  0.775
   1.27757      2.174177  0.000  0.000  0.000  0.295  0.444  0.000  0.000  0.045  0.000  0.783
   1.24911      2.233460  0.000  0.000  0.000  0.290  0.459  0.000  0.000  0.043  0.000  0.793
   1.22065      2.284714  0.000  0.000  0.000  0.286  0.472  0.000  0.000  0.042  0.000  0.799
   1.19219      2.326467  0.000  0.000  0.000  0.284  0.481  0.000  0.000  0.040  0.001  0.805
   1.16374      2.357448  0.000  0.000  0.000  0.281  0.487  0.000  0.000  0.037  0.002  0.809
   1.13528      2.376785  0.000  0.006  0.000  0.274  0.483  0.001  0.000  0.037  0.011  0.813
   1.10682      2.383833  0.000  0.024  0.000  0.256  0.453  0.002  0.000  0.034  0.043  0.814
   1.10682      2.383833  0.000  0.024  0.000  0.256  0.453  0.002  0.000  0.034  0.043  0.814
   1.07844      2.382522  0.000  0.002  0.000  0.278  0.488  0.000  0.000  0.037  0.006  0.813
   1.05006      2.380651  0.000  0.000  0.000  0.282  0.490  0.000  0.000  0.038  0.001  0.812
   1.02168      2.377806  0.000  0.000  0.000  0.286  0.485  0.000  0.000  0.039  0.000  0.811
   0.99330      2.373671  0.000  0.000  0.000  0.288  0.479  0.000  0.000  0.040  0.000  0.810
   0.96492      2.367978  0.000  0.000  0.000  0.292  0.471  0.000  0.000  0.043  0.000  0.807
   0.93654      2.360406  0.000  0.000  0.000  0.297  0.461  0.000  0.000  0.045  0.000  0.803
   0.90816      2.350550  0.000  0.000  0.000  0.301  0.452  0.000  0.000  0.048  0.000  0.801
   0.87978      2.337929  0.000  0.000  0.000  0.305  0.441  0.000  0.000  0.052  0.000  0.799
   0.85140      2.321987  0.000  0.000  0.000  0.310  0.430  0.000  0.000  0.054  0.000  0.797
   0.82302      2.302121  0.000  0.000  0.000  0.314  0.421  0.000  0.000  0.059  0.000  0.794
   0.79464      2.277708  0.000  0.000  0.000  0.317  0.412  0.000  0.000  0.063  0.000  0.792
   0.76626      2.248146  0.000  0.000  0.000  0.319  0.402  0.000  0.000  0.068  0.000  0.789
   0.73788      2.212893  0.000  0.000  0.000  0.320  0.395  0.000  0.000  0.073  0.000  0.787
   0.70950      2.171519  0.000  0.000  0.000  0.319  0.387  0.000  0.000  0.078  0.000  0.784
   0.68112      2.123755  0.000  0.000  0.000  0.317  0.382  0.000  0.001  0.081  0.000  0.784
   0.65274      2.069600  0.000  0.000  0.000  0.314  0.378  0.001  0.002  0.085  0.000  0.782
   0.62436      2.009717  0.000  0.002  0.004  0.306  0.368  0.002  0.010  0.087  0.000  0.781
   0.59598      1.956406  0.007  0.043  0.093  0.147  0.152  0.042  0.242  0.054  0.012  0.796
   0.56760      1.966563  0.012  0.074  0.164  0.011  0.003  0.080  0.442  0.009  0.020  0.816
   0.53922      1.983790  0.015  0.073  0.164  0.004  0.000  0.088  0.455  0.006  0.017  0.822
   0.51084      1.998307  0.015  0.072  0.159  0.002  0.000  0.095  0.461  0.006  0.014  0.826
   0.48246      2.009125  0.015  0.070  0.156  0.002  0.001  0.102  0.466  0.006  0.012  0.831
   0.45408      2.015627  0.019  0.067  0.150  0.002  0.001  0.109  0.469  0.006  0.011  0.834
   0.42570      2.017262  0.021  0.064  0.146  0.002  0.001  0.116  0.473  0.006  0.009  0.839
   0.39732      2.013513  0.025  0.061  0.139  0.000  0.002  0.122  0.475  0.006  0.008  0.841
   0.36894      2.003943  0.029  0.059  0.133  0.000  0.002  0.128  0.474  0.007  0.008  0.843
   0.34056      1.988285  0.035  0.056  0.124  0.000  0.003  0.133  0.473  0.007  0.010  0.844
   0.31218      1.966548  0.042  0.054  0.116  0.000  0.004  0.140  0.469  0.008  0.010  0.844
   0.28380      1.939110  0.050  0.050  0.109  0.000  0.004  0.144  0.464  0.009  0.011  0.841
   0.25542      1.906788  0.060  0.047  0.100  0.000  0.006  0.147  0.457  0.010  0.011  0.840
   0.22704      1.870838  0.066  0.046  0.091  0.003  0.008  0.152  0.450  0.012  0.011  0.837
   0.19866      1.832883  0.075  0.043  0.083  0.003  0.010  0.154  0.443  0.014  0.011  0.835
   0.17028      1.794816  0.079  0.041  0.076  0.003  0.014  0.157  0.434  0.017  0.010  0.835
   0.14190      1.758670  0.082  0.039  0.070  0.003  0.020  0.159  0.426  0.022  0.009  0.834
   0.11352      1.726453  0.083  0.037  0.066  0.003  0.027  0.163  0.417  0.027  0.009  0.836
   0.08514      1.699940  0.083  0.037  0.062  0.003  0.036  0.165  0.409  0.034  0.009  0.837
   0.05676      1.680431  0.079  0.035  0.060  0.005  0.046  0.165  0.399  0.041  0.008  0.840
   0.02838      1.668606  0.076  0.036  0.059  0.006  0.053  0.165  0.392  0.046  0.009  0.841
   0.00000      1.664662  0.076  0.035  0.058  0.006  0.056  0.166  0.390  0.048  0.010  0.843
 
# Band-Index:   19
   0.00000      3.010555  0.314  0.091  0.043  0.000  0.000  0.042  0.004  0.000  0.025  0.519
   0.02838      3.007353  0.312  0.089  0.044  0.000  0.000  0.043  0.007  0.000  0.027  0.523
   0.05676      2.999715  0.303  0.087  0.045  0.000  0.000  0.041  0.018  0.000  0.034  0.531
   0.08514      2.991844  0.294  0.086  0.049  0.000  0.000  0.042  0.031  0.000  0.041  0.540
   0.11352      2.987622  0.285  0.083  0.050  0.000  0.000  0.040  0.041  0.000  0.051  0.551
   0.14190      2.989669  0.279  0.082  0.051  0.000  0.000  0.039  0.048  0.000  0.060  0.558
   0.17028      2.999645  0.273  0.080  0.052  0.000  0.000  0.036  0.052  0.000  0.071  0.563
   0.19866      3.018727  0.270  0.078  0.051  0.000  0.000  0.034  0.050  0.000  0.081  0.566
   0.22704      3.047920  0.269  0.079  0.048  0.000  0.000  0.033  0.046  0.000  0.091  0.567
   0.25542      3.088160  0.271  0.080  0.046  0.000  0.000  0.031  0.040  0.000  0.099  0.567
   0.28380      3.140276  0.271  0.079  0.044  0.000  0.000  0.030  0.033  0.000  0.108  0.566
   0.31218      3.204892  0.272  0.080  0.043  0.000  0.000  0.030  0.025  0.000  0.117  0.566
   0.34056      3.282342  0.274  0.081  0.039  0.000  0.000  0.030  0.018  0.000  0.122  0.565
   0.36894      3.372626  0.272  0.083  0.037  0.000  0.000  0.031  0.013  0.000  0.127  0.567
   0.39732      3.475438  0.272  0.086  0.037  0.000  0.000  0.032  0.009  0.000  0.131  0.568
   0.42570      3.590233  0.270  0.088  0.036  0.000  0.000  0.036  0.006  0.000  0.133  0.569
   0.45408      3.716299  0.268  0.093  0.036  0.000  0.000  0.038  0.004  0.000  0.134  0.572
   0.48246      3.852799  0.264  0.096  0.037  0.000  0.000  0.041  0.003  0.000  0.134  0.574
   0.51084      3.998780  0.262  0.100  0.039  0.000  0.000  0.043  0.002  0.000  0.134  0.578
   0.53922      4.153125  0.259  0.102  0.041  0.000  0.000  0.045  0.001  0.000  0.132  0.582
   0.56760      4.314417  0.257  0.108  0.044  0.000  0.000  0.047  0.001  0.000  0.131  0.586
   0.59598      4.480707  0.255  0.112  0.046  0.000  0.000  0.048  0.001  0.000  0.127  0.590
   0.62436      4.648894  0.257  0.116  0.051  0.000  0.000  0.047  0.000  0.000  0.120  0.594
   0.65274      4.811550  0.252  0.122  0.070  0.000  0.000  0.039  0.003  0.000  0.099  0.585
   0.68112      4.897903  0.125  0.112  0.114  0.000  0.000  0.012  0.055  0.000  0.044  0.462
   0.70950      4.863014  0.096  0.109  0.108  0.000  0.000  0.017  0.069  0.000  0.046  0.446
   0.73788      4.801838  0.095  0.110  0.111  0.000  0.000  0.018  0.071  0.000  0.038  0.441
   0.76626      4.720631  0.095  0.112  0.116  0.000  0.000  0.018  0.068  0.000  0.029  0.438
   0.79464      4.620315  0.100  0.111  0.120  0.000  0.000  0.017  0.067  0.000  0.022  0.438
   0.82302      4.502896  0.105  0.110  0.122  0.000  0.000  0.017  0.066  0.000  0.019  0.438
   0.85140      4.371459  0.109  0.111  0.125  0.000  0.000  0.015  0.064  0.000  0.018  0.440
   0.87978      4.229554  0.113  0.106  0.125  0.000  0.000  0.015  0.063  0.000  0.020  0.441
   0.90816      4.080695  0.116  0.102  0.128  0.000  0.000  0.013  0.060  0.000  0.023  0.442
   0.93654      3.928268  0.118  0.095  0.129  0.000  0.000  0.013  0.060  0.000  0.027  0.440
   0.96492      3.775815  0.118  0.084  0.133  0.000  0.000  0.011  0.058  0.000  0.030  0.436
   0.99330      3.627667  0.122  0.071  0.138  0.000  0.000  0.009  0.059  0.000  0.031  0.429
   1.02168      3.489950  0.129  0.052  0.143  0.000  0.000  0.007  0.058  0.000  0.026  0.419
   1.05006      3.372129  0.136  0.032  0.152  0.000  0.000  0.004  0.061  0.000  0.018  0.403
   1.07844      3.288800  0.146  0.010  0.161  0.000  0.000  0.002  0.062  0.000  0.006  0.387
   1.10682      3.257910  0.150  0.000  0.165  0.000  0.000  0.000  0.062  0.000  0.000  0.377
   1.10682      3.257910  0.150  0.000  0.165  0.000  0.000  0.000  0.062  0.000  0.000  0.377
   1.13528      3.289047  0.145  0.010  0.161  0.000  0.000  0.002  0.062  0.000  0.006  0.387
   1.16374      3.374081  0.136  0.032  0.152  0.000  0.000  0.004  0.059  0.000  0.020  0.404
   1.19219      3.495767  0.126  0.056  0.142  0.000  0.000  0.007  0.059  0.000  0.029  0.421
   1.22065      3.638222  0.118  0.077  0.135  0.000  0.000  0.010  0.060  0.000  0.034  0.433
   1.24911      3.789544  0.115  0.091  0.129  0.000  0.000  0.012  0.060  0.000  0.035  0.440
   1.27757      3.941100  0.111  0.102  0.124  0.000  0.000  0.013  0.058  0.000  0.033  0.442
   1.30602      4.086328  0.109  0.110  0.120  0.000  0.000  0.014  0.059  0.000  0.029  0.441
   1.33448      4.219428  0.105  0.115  0.115  0.000  0.000  0.014  0.057  0.000  0.027  0.435
   1.36294      4.334390  0.099  0.121  0.112  0.000  0.000  0.015  0.055  0.000  0.025  0.428
   1.39139      4.425105  0.093  0.126  0.104  0.000  0.000  0.016  0.054  0.000  0.027  0.421
   1.41985      4.486888  0.090  0.129  0.095  0.000  0.000  0.017  0.051  0.000  0.032  0.414
   1.44831      4.518521  0.091  0.130  0.085  0.000  0.000  0.017  0.047  0.000  0.040  0.410
   1.47677      4.522831  0.095  0.129  0.074  0.000  0.000  0.020  0.045  0.000  0.048  0.410
   1.50522      4.505122  0.104  0.124  0.063  0.000  0.000  0.021  0.043  0.000  0.056  0.412
   1.53368      4.470936  0.113  0.118  0.054  0.000  0.000  0.026  0.041  0.000  0.066  0.417
   1.56214      4.424410  0.127  0.108  0.044  0.000  0.000  0.029  0.039  0.000  0.075  0.423
   1.59060      4.366732  0.148  0.097  0.033  0.000  0.000  0.038  0.035  0.000  0.084  0.436
   1.61905      4.291974  0.189  0.086  0.015  0.000  0.000  0.053  0.028  0.000  0.093  0.464
   1.64751      4.185522  0.243  0.087  0.006  0.000  0.000  0.064  0.014  0.000  0.089  0.501
   1.67597      4.055977  0.268  0.093  0.007  0.000  0.000  0.063  0.007  0.000  0.082  0.520
   1.70442      3.925016  0.278  0.098  0.009  0.000  0.000  0.058  0.007  0.000  0.078  0.526
   1.73288      3.801055  0.283  0.097  0.009  0.000  0.000  0.054  0.006  0.000  0.077  0.527
   1.76134      3.686461  0.287  0.097  0.009  0.000  0.000  0.050  0.006  0.000  0.077  0.529
   1.78980      3.581826  0.290  0.097  0.010  0.000  0.000  0.048  0.007  0.000  0.078  0.531
   1.81825      3.487137  0.293  0.098  0.009  0.000  0.000  0.045  0.009  0.000  0.078  0.532
   1.84671      3.402140  0.295  0.095  0.009  0.000  0.000  0.044  0.010  0.000  0.078  0.533
   1.87517      3.326491  0.298  0.093  0.008  0.000  0.000  0.041  0.012  0.000  0.079  0.535
   1.90362      3.259832  0.299  0.094  0.010  0.000  0.000  0.041  0.014  0.000  0.079  0.534
   1.93208      3.201823  0.299  0.094  0.010  0.000  0.000  0.039  0.015  0.000  0.078  0.536
   1.96054      3.152170  0.302  0.093  0.012  0.000  0.000  0.039  0.015  0.000  0.075  0.535
   1.98900      3.110622  0.303  0.093  0.013  0.000  0.000  0.040  0.016  0.000  0.073  0.536
   2.01745      3.076956  0.305  0.092  0.017  0.000  0.000  0.038  0.015  0.000  0.068  0.534
   2.04591      3.050923  0.306  0.091  0.020  0.000  0.000  0.038  0.016  0.000  0.062  0.533
   2.07437      3.032150  0.307  0.091  0.025  0.000  0.000  0.039  0.012  0.000  0.054  0.531
   2.10282      3.020009  0.309  0.091  0.029  0.000  0.000  0.040  0.010  0.000  0.046  0.528
   2.13128      3.013443  0.311  0.091  0.033  0.000  0.000  0.041  0.008  0.000  0.038  0.526
   2.15974      3.010890  0.312  0.090  0.038  0.000  0.000  0.041  0.006  0.000  0.032  0.522
   2.18820      3.010472  0.315  0.090  0.042  0.000  0.000  0.042  0.004  0.000  0.027  0.521
   2.21665      3.010555  0.314  0.091  0.043  0.000  0.000  0.042  0.004  0.000  0.025  0.519
 
# Band-Index:   20
   2.21665      3.631183  0.259  0.090  0.059  0.000  0.000  0.064  0.036  0.000  0.030  0.540
   2.18820      3.634593  0.259  0.089  0.059  0.000  0.000  0.065  0.035  0.000  0.031  0.538
   2.15974      3.644329  0.256  0.086  0.058  0.000  0.000  0.063  0.035  0.000  0.036  0.532
   2.13128      3.659196  0.250  0.083  0.055  0.000  0.000  0.060  0.031  0.000  0.045  0.526
   2.10282      3.677890  0.245  0.079  0.053  0.000  0.000  0.059  0.027  0.000  0.051  0.518
   2.07437      3.699431  0.241  0.077  0.051  0.000  0.000  0.056  0.026  0.000  0.061  0.507
   2.04591      3.723270  0.236  0.073  0.047  0.000  0.000  0.054  0.022  0.000  0.069  0.500
   2.01745      3.749196  0.229  0.071  0.047  0.000  0.000  0.050  0.020  0.000  0.074  0.491
   1.98900      3.777208  0.224  0.070  0.047  0.000  0.000  0.048  0.020  0.000  0.079  0.485
   1.96054      3.807405  0.218  0.069  0.044  0.000  0.000  0.045  0.019  0.000  0.083  0.479
   1.93208      3.839921  0.211  0.070  0.044  0.000  0.000  0.042  0.018  0.000  0.086  0.474
   1.90362      3.874895  0.205  0.072  0.044  0.000  0.000  0.041  0.018  0.000  0.087  0.467
   1.87517      3.912453  0.200  0.074  0.043  0.000  0.000  0.038  0.019  0.000  0.089  0.464
   1.84671      3.952702  0.193  0.077  0.045  0.000  0.000  0.035  0.019  0.000  0.090  0.458
   1.81825      3.995731  0.186  0.080  0.046  0.000  0.000  0.033  0.019  0.000  0.089  0.455
   1.78980      4.041619  0.180  0.085  0.046  0.000  0.000  0.030  0.022  0.000  0.087  0.450
   1.76134      4.090467  0.171  0.090  0.050  0.000  0.000  0.027  0.022  0.000  0.084  0.446
   1.73288      4.142482  0.165  0.098  0.052  0.000  0.000  0.023  0.023  0.000  0.079  0.443
   1.70442      4.198267  0.158  0.105  0.055  0.000  0.000  0.020  0.024  0.000  0.074  0.440
   1.67597      4.259844  0.155  0.118  0.063  0.000  0.000  0.018  0.023  0.000  0.067  0.442
   1.64751      4.334806  0.167  0.134  0.067  0.000  0.000  0.016  0.018  0.000  0.053  0.457
   1.61905      4.443250  0.207  0.143  0.063  0.000  0.000  0.028  0.008  0.000  0.045  0.494
   1.59060      4.591064  0.235  0.141  0.052  0.000  0.000  0.044  0.003  0.000  0.049  0.521
   1.56214      4.759089  0.247  0.137  0.047  0.000  0.000  0.053  0.000  0.000  0.052  0.536
   1.53368      4.933728  0.256  0.135  0.044  0.000  0.000  0.058  0.001  0.000  0.054  0.550
   1.50522      5.102924  0.275  0.132  0.044  0.000  0.000  0.058  0.004  0.000  0.055  0.569
   1.47677      5.247960  0.308  0.128  0.042  0.000  0.000  0.054  0.010  0.000  0.054  0.598
   1.44831      5.340324  0.360  0.124  0.040  0.000  0.000  0.044  0.018  0.000  0.049  0.638
   1.41985      5.355586  0.421  0.124  0.037  0.000  0.000  0.032  0.027  0.000  0.037  0.679
   1.39139      5.294299  0.470  0.125  0.035  0.000  0.000  0.023  0.031  0.000  0.025  0.710
   1.36294      5.172387  0.507  0.123  0.036  0.000  0.000  0.016  0.032  0.000  0.015  0.727
   1.33448      5.009458  0.533  0.112  0.035  0.000  0.000  0.010  0.030  0.000  0.008  0.732
   1.30602      4.826812  0.555  0.098  0.033  0.000  0.000  0.008  0.029  0.000  0.005  0.731
   1.27757      4.642763  0.581  0.080  0.028  0.000  0.000  0.004  0.031  0.000  0.004  0.730
   1.24911      4.470721  0.607  0.060  0.023  0.000  0.000  0.002  0.033  0.000  0.003  0.730
   1.22065      4.320021  0.634  0.039  0.016  0.000  0.000  0.001  0.036  0.000  0.002  0.729
   1.19219      4.197037  0.656  0.024  0.010  0.000  0.000  0.000  0.039  0.000  0.001  0.730
   1.16374      4.106114  0.673  0.011  0.004  0.000  0.000  0.000  0.042  0.000  0.000  0.731
   1.13528      4.050270  0.684  0.002  0.002  0.000  0.000  0.000  0.043  0.000  0.000  0.732
   1.10682      4.031428  0.688  0.000  0.000  0.000  0.000  0.000  0.044  0.000  0.000  0.732
   1.10682      4.031428  0.688  0.000  0.000  0.000  0.000  0.000  0.044  0.000  0.000  0.732
   1.07844      4.050055  0.684  0.002  0.002  0.000  0.000  0.000  0.043  0.000  0.000  0.732
   1.05006      4.105112  0.673  0.011  0.005  0.000  0.000  0.000  0.042  0.000  0.000  0.731
   1.02168      4.194247  0.658  0.023  0.009  0.000  0.000  0.000  0.039  0.000  0.000  0.729
   0.99330      4.313802  0.635  0.039  0.016  0.000  0.000  0.000  0.037  0.000  0.000  0.728
   0.96492      4.458917  0.609  0.057  0.021  0.000  0.000  0.002  0.034  0.000  0.001  0.725
   0.93654      4.623361  0.583  0.076  0.026  0.000  0.000  0.003  0.032  0.000  0.002  0.725
   0.90816      4.798958  0.556  0.092  0.032  0.000  0.000  0.005  0.033  0.000  0.005  0.724
   0.87978      4.974449  0.531  0.107  0.036  0.000  0.000  0.011  0.032  0.000  0.010  0.725
   0.85140      5.133815  0.502  0.119  0.037  0.000  0.000  0.015  0.031  0.000  0.021  0.723
   0.82302      5.255848  0.462  0.128  0.036  0.000  0.000  0.021  0.031  0.000  0.040  0.719
   0.79464      5.319604  0.415  0.131  0.036  0.000  0.000  0.030  0.026  0.000  0.066  0.706
   0.76626      5.315137  0.365  0.131  0.036  0.000  0.000  0.042  0.021  0.000  0.093  0.688
   0.73788      5.248089  0.321  0.128  0.035  0.000  0.000  0.050  0.016  0.000  0.115  0.667
   0.70950      5.134891  0.288  0.125  0.033  0.000  0.000  0.058  0.013  0.000  0.132  0.649
   0.68112      5.000687  0.242  0.116  0.016  0.000  0.000  0.068  0.029  0.000  0.156  0.624
   0.65274      4.956744  0.107  0.097  0.055  0.000  0.000  0.043  0.081  0.000  0.118  0.500
   0.62436      4.970130  0.103  0.095  0.063  0.000  0.000  0.036  0.082  0.000  0.115  0.493
   0.59598      4.978338  0.108  0.092  0.060  0.000  0.000  0.036  0.080  0.000  0.123  0.499
   0.56760      4.979463  0.114  0.089  0.058  0.000  0.000  0.038  0.078  0.000  0.133  0.509
   0.53922      4.974013  0.120  0.088  0.054  0.000  0.000  0.039  0.076  0.000  0.141  0.519
   0.51084      4.962320  0.127  0.087  0.052  0.000  0.000  0.040  0.073  0.000  0.148  0.527
   0.48246      4.944329  0.136  0.085  0.050  0.000  0.000  0.044  0.068  0.000  0.154  0.536
   0.45408      4.919596  0.144  0.085  0.048  0.000  0.000  0.044  0.063  0.000  0.158  0.543
   0.42570      4.887351  0.154  0.084  0.047  0.000  0.000  0.046  0.057  0.000  0.160  0.550
   0.39732      4.846567  0.164  0.085  0.047  0.000  0.000  0.048  0.051  0.000  0.159  0.553
   0.36894      4.796063  0.172  0.086  0.046  0.000  0.000  0.050  0.043  0.000  0.158  0.557
   0.34056      4.734653  0.184  0.088  0.048  0.000  0.000  0.051  0.036  0.000  0.152  0.558
   0.31218      4.661365  0.195  0.089  0.049  0.000  0.000  0.055  0.028  0.000  0.144  0.559
   0.28380      4.575700  0.206  0.092  0.052  0.000  0.000  0.055  0.018  0.000  0.132  0.557
   0.25542      4.477921  0.218  0.094  0.053  0.000  0.000  0.058  0.012  0.000  0.120  0.553
   0.22704      4.369303  0.228  0.096  0.055  0.000  0.000  0.058  0.006  0.000  0.105  0.549
   0.19866      4.252288  0.238  0.097  0.055  0.000  0.000  0.061  0.002  0.000  0.091  0.545
   0.17028      4.130502  0.245  0.099  0.057  0.000  0.000  0.062  0.001  0.000  0.076  0.541
   0.14190      4.008690  0.253  0.098  0.057  0.000  0.000  0.063  0.003  0.000  0.064  0.537
   0.11352      3.892612  0.257  0.097  0.058  0.000  0.000  0.065  0.007  0.000  0.051  0.534
   0.08514      3.789005  0.259  0.095  0.059  0.000  0.000  0.064  0.015  0.000  0.040  0.535
   0.05676      3.705556  0.260  0.092  0.058  0.000  0.000  0.064  0.024  0.000  0.034  0.535
   0.02838      3.650536  0.259  0.092  0.060  0.000  0.000  0.064  0.033  0.000  0.031  0.538
   0.00000      3.631183  0.259  0.090  0.059  0.000  0.000  0.064  0.036  0.000  0.030  0.540
 
# Band-Index:   21
   0.00000      5.256014  0.002  0.017  0.094  0.000  0.000  0.083  0.097  0.000  0.097  0.390
   0.02838      5.259495  0.002  0.017  0.094  0.000  0.000  0.083  0.097  0.000  0.097  0.390
   0.05676      5.269932  0.002  0.017  0.094  0.000  0.000  0.083  0.096  0.000  0.097  0.390
   0.08514      5.287279  0.002  0.017  0.093  0.000  0.000  0.084  0.097  0.000  0.097  0.391
   0.11352      5.311486  0.002  0.017  0.092  0.000  0.000  0.084  0.098  0.000  0.097  0.392
   0.14190      5.342463  0.002  0.017  0.092  0.000  0.000  0.085  0.099  0.000  0.097  0.393
   0.17028      5.380111  0.002  0.018  0.091  0.000  0.000  0.085  0.099  0.000  0.097  0.394
   0.19866      5.424322  0.003  0.018  0.091  0.000  0.000  0.086  0.099  0.000  0.097  0.396
   0.22704      5.474991  0.003  0.019  0.091  0.000  0.000  0.087  0.098  0.000  0.097  0.398
   0.25542      5.532035  0.003  0.020  0.091  0.000  0.000  0.089  0.099  0.000  0.097  0.400
   0.28380      5.595393  0.003  0.020  0.091  0.000  0.000  0.090  0.100  0.000  0.097  0.400
   0.31218      5.665033  0.005  0.021  0.092  0.000  0.000  0.090  0.100  0.000  0.097  0.402
   0.34056      5.740924  0.005  0.021  0.092  0.000  0.000  0.090  0.100  0.000  0.095  0.404
   0.36894      5.823017  0.005  0.022  0.093  0.000  0.000  0.092  0.099  0.000  0.096  0.406
   0.39732      5.911209  0.005  0.023  0.095  0.000  0.000  0.092  0.098  0.000  0.096  0.409
   0.42570      6.005334  0.005  0.023  0.096  0.000  0.000  0.092  0.099  0.000  0.096  0.411
   0.45408      6.105133  0.007  0.024  0.098  0.000  0.000  0.091  0.096  0.000  0.096  0.413
   0.48246      6.210224  0.007  0.025  0.100  0.000  0.000  0.091  0.097  0.000  0.096  0.416
   0.51084      6.319992  0.007  0.027  0.102  0.000  0.000  0.093  0.096  0.000  0.095  0.421
   0.53922      6.433370  0.010  0.030  0.105  0.000  0.000  0.091  0.096  0.000  0.095  0.428
   0.56760      6.548162  0.012  0.036  0.109  0.000  0.000  0.088  0.098  0.000  0.093  0.435
   0.59598      6.658933  0.018  0.047  0.115  0.000  0.000  0.083  0.099  0.000  0.089  0.452
   0.62436      6.749477  0.037  0.076  0.118  0.000  0.000  0.068  0.104  0.000  0.078  0.482
   0.65274      6.778351  0.075  0.140  0.105  0.000  0.000  0.039  0.105  0.000  0.060  0.519
   0.68112      6.728212  0.096  0.188  0.070  0.000  0.000  0.020  0.092  0.000  0.053  0.520
   0.70950      6.650238  0.086  0.208  0.045  0.000  0.000  0.018  0.079  0.000  0.061  0.495
   0.73788      6.569995  0.059  0.216  0.031  0.000  0.000  0.016  0.068  0.000  0.078  0.466
   0.76626      6.471363  0.050  0.222  0.027  0.000  0.000  0.009  0.049  0.000  0.101  0.458
   0.79464      6.350728  0.055  0.226  0.026  0.000  0.000  0.005  0.034  0.000  0.122  0.466
   0.82302      6.244393  0.048  0.229  0.021  0.000  0.000  0.004  0.029  0.000  0.136  0.466
   0.85140      6.173686  0.038  0.233  0.014  0.000  0.000  0.004  0.028  0.000  0.145  0.462
   0.87978      6.136670  0.032  0.238  0.008  0.000  0.000  0.005  0.026  0.000  0.145  0.455
   0.90816      6.123494  0.027  0.246  0.003  0.000  0.000  0.005  0.023  0.000  0.142  0.446
   0.93654      6.125254  0.021  0.255  0.002  0.000  0.000  0.005  0.020  0.000  0.137  0.437
   0.96492      6.135506  0.016  0.262  0.000  0.000  0.000  0.001  0.014  0.000  0.132  0.429
   0.99330      6.149610  0.012  0.270  0.000  0.000  0.000  0.001  0.010  0.000  0.125  0.420
   1.02168      6.164027  0.007  0.275  0.000  0.001  0.000  0.000  0.006  0.000  0.123  0.414
   1.05006      6.175894  0.003  0.277  0.000  0.007  0.002  0.000  0.003  0.000  0.118  0.410
   1.07844      6.182601  0.001  0.253  0.000  0.032  0.014  0.000  0.001  0.000  0.105  0.405
   1.10682      6.183659  0.000  0.211  0.000  0.076  0.032  0.000  0.000  0.000  0.086  0.405
   1.10682      6.183659  0.000  0.211  0.000  0.076  0.032  0.000  0.000  0.000  0.086  0.405
   1.13528      6.180425  0.001  0.262  0.000  0.022  0.008  0.000  0.001  0.000  0.108  0.405
   1.16374      6.165786  0.003  0.279  0.000  0.002  0.002  0.000  0.003  0.000  0.118  0.408
   1.19219      6.141628  0.007  0.274  0.000  0.000  0.000  0.000  0.006  0.000  0.118  0.409
   1.22065      6.111757  0.012  0.267  0.000  0.000  0.000  0.002  0.010  0.000  0.120  0.413
   1.24911      6.080725  0.016  0.259  0.001  0.000  0.000  0.002  0.014  0.000  0.123  0.416
   1.27757      6.054555  0.021  0.248  0.002  0.000  0.000  0.002  0.021  0.000  0.124  0.420
   1.30602      6.041465  0.024  0.240  0.007  0.000  0.000  0.002  0.023  0.000  0.126  0.423
   1.33448      6.052598  0.029  0.233  0.013  0.000  0.000  0.003  0.026  0.000  0.126  0.431
   1.36294      6.100950  0.036  0.229  0.019  0.000  0.000  0.005  0.030  0.000  0.119  0.438
   1.39139      6.191268  0.047  0.233  0.024  0.000  0.000  0.008  0.034  0.000  0.105  0.451
   1.41985      6.282023  0.061  0.240  0.019  0.000  0.000  0.023  0.046  0.000  0.070  0.459
   1.44831      6.299875  0.122  0.227  0.028  0.000  0.000  0.034  0.056  0.000  0.036  0.504
   1.47677      6.333846  0.175  0.212  0.041  0.000  0.000  0.027  0.063  0.000  0.026  0.544
   1.50522      6.424241  0.203  0.199  0.057  0.000  0.000  0.020  0.069  0.000  0.022  0.570
   1.53368      6.554721  0.215  0.190  0.073  0.000  0.000  0.017  0.071  0.000  0.020  0.584
   1.56214      6.707564  0.215  0.183  0.091  0.000  0.000  0.016  0.072  0.000  0.018  0.594
   1.59060      6.869806  0.211  0.177  0.109  0.000  0.000  0.017  0.073  0.000  0.016  0.604
   1.61905      7.030159  0.203  0.167  0.133  0.000  0.000  0.022  0.076  0.000  0.014  0.616
   1.64751      7.169019  0.162  0.138  0.169  0.009  0.001  0.040  0.088  0.002  0.022  0.631
   1.67597      7.193717  0.026  0.039  0.146  0.010  0.002  0.093  0.113  0.002  0.109  0.543
   1.70442      7.129266  0.007  0.023  0.119  0.001  0.000  0.102  0.116  0.000  0.138  0.506
   1.73288      7.058837  0.003  0.019  0.110  0.000  0.000  0.101  0.119  0.000  0.148  0.501
   1.76134      6.991095  0.003  0.018  0.104  0.000  0.000  0.101  0.123  0.000  0.152  0.502
   1.78980      6.927116  0.003  0.017  0.101  0.000  0.000  0.099  0.126  0.000  0.156  0.504
   1.81825      6.866838  0.003  0.017  0.100  0.000  0.000  0.098  0.129  0.000  0.161  0.508
   1.84671      6.809608  0.004  0.017  0.096  0.000  0.000  0.096  0.132  0.000  0.164  0.512
   1.87517      6.753828  0.005  0.017  0.097  0.000  0.000  0.095  0.135  0.000  0.168  0.516
   1.90362      6.695052  0.009  0.020  0.098  0.000  0.000  0.089  0.134  0.000  0.167  0.520
   1.93208      6.618526  0.015  0.030  0.108  0.000  0.000  0.083  0.125  0.000  0.156  0.518
   1.96054      6.489709  0.028  0.044  0.133  0.000  0.000  0.082  0.101  0.000  0.114  0.502
   1.98900      6.307724  0.030  0.048  0.144  0.000  0.000  0.084  0.088  0.000  0.086  0.482
   2.01745      6.109325  0.028  0.045  0.141  0.000  0.000  0.087  0.086  0.000  0.079  0.465
   2.04591      5.914448  0.022  0.042  0.133  0.000  0.000  0.088  0.086  0.000  0.077  0.449
   2.07437      5.733136  0.019  0.037  0.126  0.000  0.000  0.089  0.088  0.000  0.080  0.436
   2.10282      5.572691  0.012  0.031  0.116  0.000  0.000  0.087  0.090  0.000  0.082  0.421
   2.13128      5.439515  0.010  0.027  0.107  0.000  0.000  0.085  0.092  0.000  0.088  0.410
   2.15974      5.339401  0.005  0.021  0.099  0.000  0.000  0.085  0.096  0.000  0.092  0.400
   2.18820      5.277149  0.003  0.019  0.096  0.000  0.000  0.083  0.096  0.000  0.097  0.394
   2.21665      5.256014  0.002  0.017  0.094  0.000  0.000  0.083  0.097  0.000  0.097  0.390
 
# Band-Index:   22
   2.21665      6.525197  0.000  0.012  0.097  0.000  0.000  0.102  0.154  0.000  0.171  0.536
   2.18820      6.527154  0.000  0.012  0.097  0.000  0.000  0.102  0.154  0.000  0.170  0.536
   2.15974      6.533054  0.000  0.012  0.097  0.000  0.000  0.102  0.154  0.000  0.169  0.535
   2.13128      6.542988  0.000  0.012  0.097  0.000  0.000  0.103  0.153  0.000  0.168  0.536
   2.10282      6.557146  0.000  0.012  0.098  0.000  0.000  0.103  0.152  0.000  0.165  0.533
   2.07437      6.575873  0.000  0.012  0.101  0.000  0.000  0.104  0.150  0.000  0.164  0.530
   2.04591      6.599861  0.001  0.014  0.103  0.000  0.000  0.106  0.148  0.000  0.158  0.527
   2.01745      6.630673  0.002  0.013  0.106  0.000  0.000  0.106  0.143  0.000  0.152  0.524
   1.98900      6.672587  0.004  0.016  0.116  0.000  0.000  0.109  0.136  0.000  0.136  0.519
   1.96054      6.739536  0.013  0.025  0.139  0.000  0.000  0.113  0.117  0.000  0.104  0.510
   1.93208      6.861652  0.031  0.043  0.177  0.000  0.000  0.108  0.090  0.000  0.057  0.506
   1.90362      7.030417  0.048  0.056  0.199  0.000  0.000  0.100  0.075  0.000  0.040  0.518
   1.87517      7.202248  0.063  0.062  0.211  0.000  0.000  0.091  0.070  0.000  0.034  0.536
   1.84671      7.351849  0.081  0.070  0.217  0.003  0.000  0.081  0.066  0.002  0.034  0.554
   1.81825      7.456582  0.076  0.058  0.165  0.089  0.014  0.055  0.049  0.033  0.025  0.565
   1.78980      7.422254  0.003  0.002  0.007  0.347  0.057  0.002  0.001  0.123  0.001  0.544
   1.76134      7.367840  0.001  0.000  0.003  0.354  0.063  0.000  0.000  0.122  0.001  0.543
   1.73288      7.323307  0.001  0.000  0.000  0.351  0.071  0.000  0.000  0.116  0.001  0.542
   1.70442      7.289919  0.001  0.000  0.000  0.349  0.076  0.000  0.000  0.111  0.001  0.542
   1.67597      7.268992  0.000  0.000  0.003  0.338  0.083  0.005  0.004  0.104  0.007  0.540
   1.64751      7.257550  0.005  0.004  0.004  0.338  0.091  0.000  0.001  0.101  0.000  0.546
   1.61905      7.254099  0.000  0.000  0.000  0.343  0.101  0.000  0.000  0.099  0.000  0.546
   1.59060      7.260555  0.000  0.000  0.000  0.341  0.111  0.000  0.000  0.096  0.000  0.548
   1.56214      7.272425  0.000  0.000  0.000  0.336  0.123  0.000  0.000  0.090  0.000  0.551
   1.53368      7.283871  0.000  0.000  0.000  0.331  0.138  0.000  0.000  0.082  0.000  0.551
   1.50522      7.173071  0.178  0.236  0.080  0.000  0.000  0.020  0.013  0.000  0.070  0.595
   1.47677      6.919631  0.177  0.226  0.078  0.000  0.000  0.021  0.010  0.000  0.076  0.589
   1.44831      6.701082  0.179  0.212  0.078  0.000  0.000  0.025  0.005  0.000  0.081  0.584
   1.41985      6.589671  0.181  0.202  0.074  0.000  0.000  0.050  0.002  0.000  0.071  0.579
   1.39139      6.678322  0.141  0.209  0.057  0.000  0.000  0.076  0.006  0.000  0.057  0.548
   1.36294      6.870455  0.042  0.084  0.019  0.178  0.104  0.034  0.001  0.006  0.021  0.494
   1.33448      6.752879  0.000  0.000  0.000  0.287  0.162  0.000  0.000  0.007  0.000  0.457
   1.30602      6.635972  0.000  0.000  0.000  0.286  0.153  0.000  0.000  0.004  0.000  0.445
   1.27757      6.528035  0.000  0.000  0.000  0.286  0.145  0.000  0.000  0.004  0.000  0.436
   1.24911      6.431910  0.000  0.000  0.000  0.285  0.139  0.000  0.000  0.003  0.000  0.427
   1.22065      6.349908  0.000  0.000  0.000  0.286  0.131  0.000  0.000  0.001  0.000  0.420
   1.19219      6.284012  0.000  0.000  0.000  0.285  0.125  0.000  0.000  0.000  0.000  0.413
   1.16374      6.235984  0.000  0.003  0.000  0.284  0.120  0.000  0.000  0.000  0.002  0.409
   1.13528      6.207756  0.000  0.022  0.000  0.265  0.109  0.000  0.000  0.000  0.008  0.406
   1.10682      6.200114  0.000  0.077  0.000  0.211  0.086  0.000  0.000  0.000  0.032  0.406
   1.10682      6.200114  0.000  0.077  0.000  0.211  0.086  0.000  0.000  0.000  0.032  0.406
   1.07844      6.205498  0.000  0.032  0.000  0.255  0.104  0.000  0.000  0.000  0.014  0.406
   1.05006      6.225520  0.000  0.006  0.000  0.280  0.118  0.000  0.000  0.000  0.002  0.407
   1.02168      6.260682  0.000  0.001  0.000  0.283  0.122  0.000  0.000  0.000  0.000  0.409
   0.99330      6.309962  0.000  0.000  0.000  0.282  0.126  0.000  0.000  0.002  0.000  0.411
   0.96492      6.372650  0.000  0.000  0.000  0.281  0.130  0.000  0.000  0.003  0.000  0.414
   0.93654      6.448015  0.000  0.000  0.000  0.279  0.135  0.000  0.000  0.003  0.000  0.418
   0.90816      6.535149  0.000  0.000  0.000  0.275  0.140  0.000  0.000  0.003  0.000  0.421
   0.87978      6.632828  0.000  0.000  0.000  0.273  0.148  0.000  0.000  0.005  0.000  0.426
   0.85140      6.739234  0.000  0.000  0.000  0.267  0.156  0.000  0.000  0.008  0.000  0.431
   0.82302      6.851298  0.000  0.000  0.000  0.260  0.164  0.000  0.000  0.012  0.000  0.436
   0.79464      6.921030  0.190  0.215  0.052  0.001  0.000  0.058  0.020  0.000  0.046  0.584
   0.76626      6.895143  0.245  0.220  0.062  0.000  0.000  0.044  0.015  0.000  0.042  0.628
   0.73788      6.986431  0.281  0.223  0.071  0.000  0.000  0.028  0.006  0.000  0.046  0.655
   0.70950      7.152369  0.007  0.003  0.000  0.263  0.132  0.000  0.000  0.082  0.001  0.490
   0.68112      7.149591  0.000  0.000  0.000  0.286  0.109  0.000  0.000  0.097  0.000  0.497
   0.65274      7.141977  0.003  0.004  0.000  0.294  0.092  0.002  0.002  0.100  0.002  0.503
   0.62436      7.139948  0.000  0.000  0.000  0.315  0.082  0.000  0.000  0.109  0.000  0.508
   0.59598      7.146442  0.000  0.000  0.000  0.325  0.074  0.000  0.000  0.112  0.000  0.512
   0.56760      7.164314  0.000  0.000  0.000  0.333  0.065  0.000  0.000  0.115  0.000  0.516
   0.53922      7.193882  0.000  0.000  0.000  0.339  0.058  0.000  0.000  0.120  0.000  0.518
   0.51084      7.234921  0.000  0.000  0.000  0.344  0.052  0.000  0.000  0.125  0.000  0.522
   0.48246      7.286893  0.000  0.000  0.000  0.347  0.049  0.000  0.000  0.128  0.000  0.524
   0.45408      7.349060  0.000  0.000  0.000  0.351  0.044  0.000  0.000  0.134  0.000  0.530
   0.42570      7.420427  0.001  0.000  0.001  0.352  0.039  0.000  0.000  0.138  0.000  0.533
   0.39732      7.497738  0.006  0.004  0.012  0.334  0.033  0.006  0.004  0.135  0.001  0.537
   0.36894      7.470681  0.073  0.063  0.189  0.009  0.001  0.084  0.083  0.004  0.037  0.543
   0.34056      7.356361  0.061  0.056  0.188  0.001  0.000  0.090  0.092  0.000  0.046  0.535
   0.31218      7.233430  0.046  0.048  0.180  0.000  0.000  0.094  0.101  0.000  0.059  0.529
   0.28380      7.111035  0.034  0.039  0.172  0.000  0.000  0.097  0.110  0.000  0.071  0.523
   0.25542      6.995335  0.026  0.035  0.161  0.000  0.000  0.097  0.117  0.000  0.086  0.520
   0.22704      6.890481  0.017  0.029  0.149  0.000  0.000  0.099  0.126  0.000  0.100  0.521
   0.19866      6.798875  0.011  0.025  0.136  0.000  0.000  0.099  0.135  0.000  0.114  0.522
   0.17028      6.721490  0.007  0.022  0.126  0.000  0.000  0.100  0.140  0.000  0.129  0.525
   0.14190      6.658261  0.005  0.018  0.117  0.000  0.000  0.101  0.144  0.000  0.141  0.527
   0.11352      6.608479  0.001  0.015  0.111  0.000  0.000  0.102  0.149  0.000  0.152  0.530
   0.08514      6.571166  0.001  0.015  0.103  0.000  0.000  0.101  0.152  0.000  0.159  0.533
   0.05676      6.545339  0.000  0.013  0.101  0.000  0.000  0.101  0.153  0.000  0.166  0.535
   0.02838      6.530187  0.000  0.012  0.099  0.000  0.000  0.102  0.154  0.000  0.169  0.536
   0.00000      6.525197  0.000  0.012  0.097  0.000  0.000  0.102  0.154  0.000  0.171  0.536
 
# Band-Index:   23
   0.00000      9.104156  0.000  0.000  0.000  0.389  0.015  0.000  0.000  0.183  0.000  0.588
   0.02838      9.025039  0.000  0.000  0.000  0.372  0.016  0.000  0.000  0.191  0.000  0.580
   0.05676      8.899731  0.000  0.000  0.000  0.364  0.016  0.000  0.000  0.194  0.000  0.574
   0.08514      8.768887  0.000  0.000  0.000  0.363  0.015  0.000  0.000  0.193  0.000  0.572
   0.11352      8.637451  0.000  0.000  0.000  0.360  0.015  0.000  0.000  0.191  0.000  0.568
   0.14190      8.507067  0.000  0.000  0.000  0.360  0.018  0.000  0.000  0.188  0.000  0.564
   0.17028      8.378701  0.000  0.000  0.000  0.360  0.018  0.000  0.000  0.184  0.000  0.562
   0.19866      8.253091  0.000  0.000  0.000  0.360  0.018  0.000  0.000  0.180  0.000  0.560
   0.22704      8.130882  0.000  0.000  0.000  0.360  0.021  0.000  0.000  0.175  0.000  0.557
   0.25542      8.012695  0.000  0.000  0.000  0.359  0.022  0.000  0.000  0.171  0.000  0.552
   0.28380      7.899152  0.000  0.000  0.000  0.361  0.023  0.000  0.000  0.166  0.000  0.551
   0.31218      7.790925  0.000  0.000  0.000  0.360  0.027  0.000  0.000  0.160  0.000  0.548
   0.34056      7.688837  0.000  0.000  0.000  0.357  0.028  0.000  0.000  0.153  0.000  0.543
   0.36894      7.594870  0.001  0.002  0.004  0.350  0.032  0.003  0.001  0.146  0.000  0.540
   0.39732      7.578917  0.086  0.073  0.180  0.023  0.002  0.074  0.072  0.009  0.030  0.551
   0.42570      7.648435  0.112  0.094  0.184  0.002  0.000  0.070  0.071  0.000  0.027  0.561
   0.45408      7.684040  0.131  0.116  0.170  0.001  0.000  0.059  0.066  0.000  0.022  0.566
   0.48246      7.676468  0.145  0.139  0.147  0.000  0.000  0.049  0.065  0.000  0.023  0.565
   0.51084      7.624595  0.156  0.161  0.119  0.000  0.000  0.040  0.061  0.000  0.024  0.558
   0.53922      7.534854  0.160  0.177  0.092  0.000  0.000  0.033  0.059  0.000  0.027  0.546
   0.56760      7.419921  0.160  0.187  0.065  0.000  0.000  0.030  0.056  0.000  0.031  0.530
   0.59598      7.297322  0.152  0.184  0.041  0.000  0.000  0.033  0.051  0.000  0.041  0.504
   0.62436      7.194404  0.132  0.160  0.024  0.000  0.000  0.047  0.043  0.000  0.057  0.465
   0.65274      7.162858  0.088  0.094  0.027  0.010  0.004  0.072  0.037  0.004  0.083  0.421
   0.68112      7.219237  0.092  0.057  0.056  0.003  0.001  0.076  0.037  0.002  0.105  0.429
   0.70950      7.161947  0.276  0.203  0.077  0.005  0.004  0.016  0.001  0.002  0.058  0.640
   0.73788      7.129492  0.000  0.000  0.000  0.249  0.162  0.000  0.000  0.061  0.000  0.470
   0.76626      7.062956  0.000  0.000  0.000  0.245  0.175  0.000  0.000  0.035  0.000  0.455
   0.79464      6.963699  0.001  0.002  0.000  0.250  0.170  0.000  0.000  0.018  0.000  0.445
   0.82302      7.037348  0.149  0.219  0.052  0.000  0.000  0.068  0.018  0.000  0.053  0.559
   0.85140      7.211512  0.121  0.223  0.050  0.000  0.000  0.077  0.015  0.000  0.059  0.545
   0.87978      7.423741  0.101  0.230  0.051  0.000  0.000  0.084  0.012  0.000  0.062  0.539
   0.90816      7.660871  0.084  0.240  0.051  0.000  0.000  0.089  0.011  0.000  0.062  0.536
   0.93654      7.913710  0.069  0.255  0.050  0.000  0.000  0.095  0.006  0.000  0.062  0.538
   0.96492      8.174458  0.057  0.274  0.045  0.002  0.000  0.099  0.006  0.000  0.057  0.541
   0.99330      8.434141  0.043  0.303  0.040  0.004  0.000  0.100  0.005  0.002  0.049  0.548
   1.02168      8.677408  0.027  0.306  0.025  0.051  0.007  0.089  0.004  0.016  0.033  0.559
   1.05006      8.860302  0.001  0.023  0.001  0.391  0.039  0.006  0.000  0.112  0.003  0.574
   1.07844      8.993541  0.000  0.008  0.000  0.454  0.018  0.002  0.000  0.105  0.000  0.588
   1.10682      9.050755  0.000  0.008  0.000  0.487  0.002  0.002  0.000  0.096  0.000  0.595
   1.10682      9.050755  0.000  0.008  0.000  0.487  0.002  0.002  0.000  0.096  0.000  0.595
   1.13528      9.001893  0.004  0.458  0.002  0.002  0.000  0.107  0.000  0.000  0.017  0.589
   1.16374      8.810247  0.013  0.386  0.010  0.000  0.000  0.117  0.000  0.000  0.044  0.572
   1.19219      8.552277  0.026  0.328  0.022  0.000  0.000  0.123  0.000  0.000  0.058  0.554
   1.22065      8.266957  0.038  0.289  0.031  0.000  0.000  0.120  0.002  0.000  0.065  0.543
   1.24911      7.972953  0.051  0.265  0.036  0.000  0.000  0.116  0.002  0.000  0.065  0.534
   1.27757      7.679954  0.063  0.249  0.039  0.000  0.000  0.111  0.003  0.000  0.065  0.529
   1.30602      7.394714  0.076  0.236  0.043  0.000  0.000  0.104  0.003  0.000  0.063  0.528
   1.33448      7.124096  0.091  0.225  0.047  0.000  0.000  0.098  0.005  0.000  0.061  0.527
   1.36294      6.882833  0.070  0.133  0.029  0.111  0.065  0.056  0.004  0.003  0.036  0.508
   1.39139      6.997414  0.000  0.000  0.000  0.292  0.178  0.000  0.000  0.014  0.000  0.484
   1.41985      7.110818  0.000  0.000  0.000  0.295  0.182  0.000  0.000  0.022  0.000  0.501
   1.44831      7.203189  0.000  0.000  0.000  0.304  0.183  0.000  0.000  0.036  0.000  0.521
   1.47677      7.261927  0.000  0.000  0.000  0.313  0.172  0.000  0.000  0.054  0.000  0.537
   1.50522      7.285044  0.000  0.000  0.000  0.323  0.155  0.000  0.000  0.069  0.000  0.548
   1.53368      7.440629  0.177  0.244  0.080  0.000  0.000  0.023  0.015  0.000  0.064  0.602
   1.56214      7.593736  0.009  0.023  0.098  0.000  0.000  0.100  0.077  0.000  0.137  0.446
   1.59060      7.494511  0.009  0.023  0.092  0.000  0.000  0.101  0.082  0.000  0.138  0.445
   1.61905      7.402904  0.013  0.023  0.082  0.001  0.000  0.096  0.084  0.000  0.143  0.442
   1.64751      7.328273  0.042  0.039  0.061  0.001  0.000  0.082  0.073  0.000  0.140  0.437
   1.67597      7.357747  0.172  0.129  0.103  0.003  0.001  0.030  0.050  0.000  0.053  0.540
   1.70442      7.456105  0.177  0.132  0.150  0.001  0.000  0.032  0.056  0.000  0.031  0.583
   1.73288      7.528105  0.163  0.118  0.179  0.001  0.000  0.039  0.059  0.000  0.029  0.593
   1.76134      7.558200  0.144  0.102  0.200  0.003  0.000  0.051  0.060  0.002  0.030  0.592
   1.78980      7.540780  0.119  0.088  0.210  0.010  0.001  0.061  0.062  0.004  0.031  0.584
   1.81825      7.504061  0.024  0.020  0.054  0.269  0.041  0.019  0.016  0.100  0.008  0.551
   1.84671      7.570724  0.000  0.000  0.003  0.356  0.048  0.000  0.000  0.137  0.000  0.547
   1.87517      7.655548  0.000  0.000  0.000  0.360  0.043  0.000  0.000  0.144  0.000  0.549
   1.90362      7.749743  0.000  0.000  0.000  0.360  0.039  0.000  0.000  0.151  0.000  0.550
   1.93208      7.852142  0.000  0.000  0.000  0.360  0.035  0.000  0.000  0.157  0.000  0.553
   1.96054      7.961945  0.000  0.000  0.000  0.360  0.032  0.000  0.000  0.162  0.000  0.554
   1.98900      8.078439  0.000  0.000  0.000  0.360  0.028  0.000  0.000  0.168  0.000  0.556
   2.01745      8.200932  0.000  0.000  0.000  0.360  0.027  0.000  0.000  0.174  0.000  0.559
   2.04591      8.328733  0.000  0.000  0.000  0.359  0.023  0.000  0.000  0.178  0.000  0.561
   2.07437      8.461129  0.000  0.000  0.000  0.359  0.023  0.000  0.000  0.183  0.000  0.565
   2.10282      8.597346  0.000  0.000  0.000  0.359  0.022  0.000  0.000  0.188  0.000  0.569
   2.13128      8.736420  0.000  0.000  0.000  0.361  0.019  0.000  0.000  0.190  0.000  0.571
   2.15974      8.876776  0.000  0.000  0.000  0.364  0.019  0.000  0.000  0.192  0.000  0.574
   2.18820      9.013768  0.000  0.000  0.000  0.370  0.019  0.000  0.000  0.191  0.000  0.579
   2.21665      9.104156  0.000  0.000  0.000  0.389  0.015  0.000  0.000  0.183  0.000  0.588
 
# Band-Index:   24
   2.21665      9.250423  0.000  0.000  0.000  0.327  0.019  0.000  0.000  0.217  0.000  0.564
   2.18820      9.340764  0.000  0.000  0.000  0.346  0.018  0.000  0.000  0.208  0.000  0.572
   2.15974      9.477396  0.000  0.000  0.000  0.355  0.018  0.000  0.000  0.205  0.000  0.578
   2.13128      9.616342  0.000  0.000  0.000  0.360  0.019  0.000  0.000  0.202  0.000  0.582
   2.10282      9.751664  0.000  0.000  0.000  0.366  0.022  0.000  0.000  0.197  0.000  0.585
   2.07437      9.879795  0.000  0.000  0.000  0.372  0.025  0.000  0.000  0.191  0.000  0.587
   2.04591      9.967261  0.155  0.062  0.177  0.015  0.000  0.012  0.053  0.006  0.056  0.535
   2.01745      9.867794  0.162  0.070  0.173  0.000  0.000  0.013  0.056  0.000  0.056  0.529
   1.98900      9.775722  0.161  0.076  0.162  0.000  0.000  0.014  0.057  0.000  0.055  0.523
   1.96054      9.693229  0.158  0.082  0.147  0.000  0.000  0.017  0.057  0.000  0.053  0.517
   1.93208      9.621520  0.155  0.090  0.135  0.000  0.000  0.019  0.060  0.000  0.050  0.509
   1.90362      9.561283  0.148  0.101  0.118  0.000  0.000  0.021  0.064  0.000  0.047  0.499
   1.87517      9.511349  0.139  0.116  0.101  0.000  0.000  0.024  0.070  0.000  0.041  0.491
   1.84671      9.465771  0.127  0.131  0.084  0.000  0.000  0.026  0.078  0.000  0.036  0.482
   1.81825      9.410340  0.113  0.149  0.071  0.000  0.000  0.030  0.089  0.000  0.031  0.480
   1.78980      9.326642  0.102  0.163  0.062  0.000  0.000  0.032  0.096  0.000  0.026  0.483
   1.76134      9.208090  0.101  0.174  0.062  0.000  0.000  0.036  0.096  0.000  0.027  0.494
   1.73288      9.062683  0.107  0.182  0.065  0.000  0.000  0.040  0.087  0.000  0.029  0.511
   1.70442      8.896535  0.121  0.197  0.069  0.000  0.000  0.042  0.072  0.000  0.034  0.535
   1.67597      8.706476  0.138  0.220  0.072  0.000  0.000  0.042  0.053  0.000  0.040  0.563
   1.64751      8.487978  0.152  0.239  0.075  0.000  0.000  0.037  0.037  0.000  0.043  0.585
   1.61905      8.244080  0.163  0.250  0.076  0.000  0.000  0.034  0.027  0.000  0.048  0.598
   1.59060      7.983032  0.168  0.254  0.078  0.000  0.000  0.030  0.020  0.000  0.052  0.601
   1.56214      7.713078  0.172  0.251  0.076  0.000  0.000  0.030  0.016  0.000  0.054  0.601
   1.53368      7.699611  0.007  0.027  0.098  0.000  0.000  0.106  0.072  0.000  0.128  0.438
   1.50522      7.811097  0.008  0.027  0.102  0.000  0.000  0.106  0.066  0.000  0.126  0.435
   1.47677      7.927974  0.008  0.029  0.104  0.001  0.000  0.106  0.061  0.000  0.121  0.432
   1.44831      7.986194  0.000  0.000  0.001  0.341  0.067  0.001  0.000  0.076  0.001  0.491
   1.41985      8.004811  0.000  0.000  0.000  0.353  0.062  0.000  0.000  0.091  0.000  0.509
   1.39139      8.062385  0.000  0.000  0.000  0.359  0.062  0.000  0.000  0.101  0.000  0.522
   1.36294      8.146816  0.000  0.000  0.000  0.366  0.063  0.000  0.000  0.104  0.000  0.535
   1.33448      8.249535  0.000  0.000  0.000  0.374  0.062  0.000  0.000  0.108  0.000  0.544
   1.30602      8.364766  0.000  0.000  0.000  0.382  0.060  0.000  0.000  0.110  0.000  0.551
   1.27757      8.488032  0.000  0.000  0.000  0.392  0.056  0.000  0.000  0.112  0.000  0.559
   1.24911      8.615019  0.000  0.000  0.000  0.405  0.050  0.000  0.000  0.111  0.000  0.566
   1.22065      8.740635  0.000  0.000  0.000  0.424  0.041  0.000  0.000  0.109  0.000  0.575
   1.19219      8.858014  0.000  0.000  0.000  0.444  0.029  0.000  0.000  0.107  0.000  0.582
   1.16374      8.957456  0.000  0.000  0.000  0.466  0.016  0.000  0.000  0.103  0.000  0.588
   1.13528      9.026254  0.000  0.001  0.000  0.486  0.007  0.000  0.000  0.100  0.000  0.594
   1.10682      9.074307  0.000  0.487  0.000  0.009  0.000  0.096  0.000  0.002  0.002  0.595
   1.10682      9.074307  0.000  0.487  0.000  0.009  0.000  0.096  0.000  0.002  0.002  0.595
   1.07844      9.027398  0.004  0.469  0.003  0.007  0.000  0.097  0.000  0.002  0.007  0.591
   1.05006      8.891036  0.015  0.400  0.014  0.025  0.001  0.095  0.002  0.008  0.020  0.580
   1.02168      8.706458  0.004  0.053  0.003  0.333  0.048  0.014  0.000  0.108  0.005  0.568
   0.99330      8.537350  0.000  0.005  0.000  0.363  0.063  0.002  0.000  0.125  0.000  0.561
   0.96492      8.372248  0.000  0.002  0.000  0.357  0.067  0.000  0.000  0.127  0.000  0.554
   0.93654      8.213869  0.000  0.001  0.000  0.353  0.068  0.000  0.000  0.125  0.000  0.547
   0.90816      8.064965  0.000  0.000  0.000  0.352  0.068  0.000  0.000  0.123  0.000  0.544
   0.87978      7.927908  0.000  0.000  0.000  0.352  0.064  0.000  0.000  0.120  0.000  0.539
   0.85140      7.805243  0.000  0.000  0.000  0.357  0.060  0.000  0.000  0.116  0.000  0.534
   0.82302      7.700453  0.000  0.000  0.000  0.363  0.056  0.000  0.000  0.110  0.000  0.531
   0.79464      7.619573  0.000  0.000  0.000  0.373  0.051  0.000  0.000  0.100  0.000  0.527
   0.76626      7.574135  0.000  0.002  0.002  0.373  0.048  0.004  0.001  0.082  0.003  0.515
   0.73788      7.505653  0.006  0.050  0.067  0.008  0.002  0.118  0.058  0.000  0.095  0.401
   0.70950      7.377762  0.009  0.080  0.058  0.000  0.000  0.122  0.057  0.000  0.081  0.408
   0.68112      7.432282  0.204  0.247  0.065  0.000  0.000  0.056  0.016  0.000  0.029  0.617
   0.65274      7.669863  0.236  0.254  0.071  0.000  0.000  0.039  0.009  0.000  0.032  0.641
   0.62436      7.921304  0.233  0.253  0.072  0.000  0.000  0.039  0.010  0.000  0.032  0.640
   0.59598      8.169026  0.227  0.247  0.071  0.000  0.000  0.043  0.013  0.000  0.032  0.632
   0.56760      8.403100  0.211  0.232  0.072  0.001  0.000  0.048  0.020  0.000  0.032  0.618
   0.53922      8.615897  0.189  0.209  0.072  0.005  0.003  0.054  0.030  0.000  0.031  0.594
   0.51084      8.806045  0.164  0.188  0.070  0.006  0.003  0.056  0.046  0.000  0.031  0.563
   0.48246      8.980098  0.140  0.173  0.068  0.005  0.003  0.056  0.061  0.000  0.029  0.535
   0.45408      9.145401  0.124  0.170  0.065  0.005  0.003  0.052  0.073  0.000  0.028  0.515
   0.42570      9.301438  0.117  0.166  0.064  0.002  0.000  0.045  0.077  0.000  0.027  0.503
   0.39732      9.439008  0.120  0.159  0.069  0.001  0.000  0.039  0.079  0.000  0.030  0.497
   0.36894      9.549405  0.130  0.146  0.080  0.000  0.000  0.034  0.073  0.000  0.035  0.498
   0.34056      9.634950  0.139  0.132  0.093  0.000  0.000  0.031  0.066  0.000  0.041  0.503
   0.31218      9.706237  0.147  0.117  0.110  0.000  0.000  0.027  0.062  0.000  0.046  0.508
   0.28380      9.772971  0.152  0.104  0.123  0.000  0.000  0.023  0.058  0.000  0.051  0.514
   0.25542      9.840939  0.156  0.095  0.138  0.000  0.000  0.021  0.055  0.000  0.056  0.519
   0.22704      9.912995  0.158  0.087  0.150  0.000  0.000  0.019  0.054  0.000  0.057  0.524
   0.19866      9.941891  0.000  0.000  0.000  0.379  0.050  0.000  0.000  0.162  0.000  0.593
   0.17028      9.871350  0.000  0.000  0.000  0.374  0.041  0.000  0.000  0.174  0.000  0.590
   0.14190      9.782198  0.000  0.000  0.000  0.369  0.032  0.000  0.000  0.186  0.000  0.588
   0.11352      9.679026  0.000  0.000  0.000  0.363  0.029  0.000  0.000  0.192  0.000  0.585
   0.08514      9.565835  0.000  0.000  0.000  0.358  0.025  0.000  0.000  0.199  0.000  0.581
   0.05676      9.446515  0.000  0.000  0.000  0.353  0.022  0.000  0.000  0.203  0.000  0.578
   0.02838      9.327521  0.000  0.000  0.000  0.343  0.019  0.000  0.000  0.207  0.000  0.572
   0.00000      9.250423  0.000  0.000  0.000  0.327  0.019  0.000  0.000  0.217  0.000  0.564
 
# Band-Index:   25
   0.00000     10.583550  0.140  0.048  0.229  0.000  0.000  0.008  0.059  0.000  0.060  0.544
   0.02838     10.541869  0.143  0.050  0.226  0.000  0.000  0.008  0.057  0.000  0.059  0.544
   0.05676     10.454161  0.148  0.055  0.216  0.000  0.000  0.009  0.056  0.000  0.058  0.543
   0.08514     10.355609  0.152  0.058  0.206  0.000  0.000  0.010  0.055  0.000  0.058  0.542
   0.11352     10.257357  0.156  0.062  0.196  0.000  0.000  0.012  0.054  0.000  0.060  0.541
   0.14190     10.162987  0.157  0.068  0.185  0.000  0.000  0.013  0.054  0.000  0.059  0.536
   0.17028     10.073877  0.158  0.073  0.174  0.000  0.000  0.014  0.052  0.000  0.060  0.533
   0.19866      9.990617  0.158  0.079  0.162  0.000  0.000  0.016  0.052  0.000  0.058  0.530
   0.22704      9.989018  0.000  0.000  0.000  0.388  0.059  0.000  0.000  0.147  0.000  0.595
   0.25542     10.007214  0.000  0.000  0.000  0.392  0.073  0.000  0.000  0.129  0.000  0.594
   0.28380      9.992334  0.000  0.000  0.000  0.393  0.089  0.000  0.000  0.109  0.000  0.590
   0.31218      9.941981  0.000  0.000  0.000  0.393  0.104  0.000  0.000  0.089  0.000  0.587
   0.34056      9.856654  0.000  0.000  0.000  0.388  0.119  0.000  0.000  0.071  0.000  0.579
   0.36894      9.739773  0.000  0.000  0.000  0.380  0.132  0.000  0.000  0.055  0.000  0.569
   0.39732      9.596782  0.000  0.000  0.000  0.369  0.141  0.000  0.000  0.043  0.000  0.557
   0.42570      9.433738  0.000  0.002  0.000  0.361  0.150  0.000  0.000  0.034  0.000  0.547
   0.45408      9.256478  0.000  0.002  0.000  0.350  0.153  0.000  0.000  0.027  0.000  0.537
   0.48246      9.070113  0.001  0.002  0.000  0.342  0.156  0.000  0.000  0.022  0.000  0.527
   0.51084      8.878748  0.003  0.003  0.002  0.337  0.156  0.000  0.000  0.019  0.000  0.519
   0.53922      8.685593  0.003  0.003  0.000  0.334  0.155  0.000  0.000  0.017  0.000  0.513
   0.56760      8.493593  0.000  0.002  0.000  0.332  0.153  0.000  0.000  0.015  0.000  0.506
   0.59598      8.305552  0.000  0.000  0.000  0.334  0.149  0.000  0.000  0.014  0.000  0.498
   0.62436      8.124099  0.000  0.000  0.000  0.338  0.141  0.000  0.000  0.015  0.000  0.494
   0.65274      7.952633  0.000  0.000  0.000  0.344  0.130  0.000  0.000  0.017  0.000  0.489
   0.68112      7.796952  0.000  0.000  0.000  0.353  0.114  0.000  0.000  0.022  0.000  0.491
   0.70950      7.668815  0.000  0.000  0.000  0.369  0.089  0.000  0.000  0.035  0.000  0.494
   0.73788      7.590770  0.000  0.000  0.001  0.377  0.062  0.002  0.000  0.058  0.001  0.505
   0.76626      7.659385  0.005  0.045  0.073  0.012  0.000  0.117  0.055  0.002  0.095  0.408
   0.79464      7.816485  0.007  0.047  0.078  0.003  0.000  0.121  0.056  0.000  0.100  0.411
   0.82302      7.980195  0.006  0.049  0.080  0.001  0.000  0.123  0.053  0.000  0.100  0.415
   0.85140      8.148142  0.006  0.052  0.083  0.001  0.000  0.124  0.050  0.000  0.102  0.421
   0.87978      8.318942  0.008  0.057  0.085  0.000  0.000  0.126  0.047  0.000  0.101  0.426
   0.90816      8.491281  0.008  0.063  0.085  0.000  0.000  0.129  0.045  0.000  0.101  0.430
   0.93654      8.663709  0.008  0.071  0.087  0.000  0.000  0.132  0.041  0.000  0.100  0.435
   0.96492      8.834662  0.007  0.075  0.087  0.000  0.000  0.133  0.036  0.000  0.100  0.438
   0.99330      9.003023  0.007  0.073  0.092  0.000  0.000  0.134  0.031  0.000  0.099  0.438
   1.02168      9.169953  0.008  0.061  0.099  0.000  0.000  0.135  0.027  0.000  0.100  0.432
   1.05006      9.340893  0.010  0.030  0.100  0.000  0.000  0.128  0.063  0.000  0.095  0.427
   1.07844      9.389250  0.029  0.001  0.001  0.000  0.000  0.000  0.476  0.000  0.000  0.509
   1.10682      9.386823  0.029  0.000  0.000  0.000  0.000  0.000  0.479  0.000  0.000  0.508
   1.10682      9.386823  0.029  0.000  0.000  0.000  0.000  0.000  0.479  0.000  0.000  0.508
   1.13528      9.388380  0.028  0.000  0.001  0.000  0.000  0.000  0.474  0.000  0.000  0.508
   1.16374      9.377369  0.020  0.029  0.051  0.000  0.000  0.046  0.291  0.002  0.029  0.468
   1.19219      9.268603  0.010  0.087  0.132  0.000  0.000  0.104  0.015  0.000  0.064  0.412
   1.22065      9.140544  0.010  0.092  0.131  0.000  0.000  0.106  0.007  0.000  0.070  0.417
   1.24911      9.006263  0.011  0.086  0.127  0.000  0.000  0.108  0.009  0.000  0.077  0.418
   1.27757      8.867566  0.010  0.076  0.123  0.000  0.000  0.109  0.014  0.000  0.086  0.421
   1.30602      8.726812  0.010  0.066  0.121  0.000  0.000  0.109  0.020  0.000  0.093  0.422
   1.33448      8.586107  0.010  0.058  0.118  0.000  0.000  0.110  0.027  0.000  0.099  0.421
   1.36294      8.447113  0.010  0.048  0.115  0.000  0.000  0.110  0.034  0.000  0.105  0.424
   1.39139      8.311096  0.008  0.042  0.113  0.000  0.000  0.109  0.041  0.000  0.109  0.424
   1.41985      8.179002  0.008  0.037  0.110  0.001  0.000  0.108  0.047  0.000  0.114  0.428
   1.44831      8.051828  0.008  0.032  0.107  0.005  0.000  0.107  0.054  0.002  0.116  0.430
   1.47677      8.021074  0.000  0.000  0.000  0.337  0.079  0.000  0.000  0.061  0.000  0.478
   1.50522      8.107948  0.000  0.000  0.000  0.330  0.097  0.000  0.000  0.045  0.000  0.471
   1.53368      8.237047  0.000  0.000  0.000  0.324  0.114  0.000  0.000  0.032  0.000  0.472
   1.56214      8.393637  0.000  0.000  0.000  0.323  0.126  0.000  0.000  0.027  0.000  0.476
   1.59060      8.567196  0.000  0.000  0.000  0.325  0.134  0.000  0.000  0.023  0.000  0.482
   1.61905      8.751062  0.000  0.000  0.000  0.328  0.141  0.000  0.000  0.020  0.000  0.490
   1.64751      8.940744  0.000  0.000  0.000  0.332  0.145  0.000  0.000  0.020  0.000  0.496
   1.67597      9.132759  0.000  0.000  0.000  0.339  0.145  0.000  0.000  0.019  0.000  0.504
   1.70442      9.323842  0.000  0.000  0.000  0.345  0.144  0.000  0.000  0.021  0.000  0.513
   1.73288      9.510395  0.000  0.000  0.000  0.357  0.142  0.000  0.000  0.024  0.000  0.524
   1.76134      9.688168  0.000  0.000  0.000  0.367  0.135  0.000  0.000  0.031  0.000  0.533
   1.78980      9.852101  0.000  0.000  0.000  0.379  0.128  0.000  0.000  0.038  0.000  0.545
   1.81825      9.996351  0.000  0.000  0.000  0.390  0.118  0.000  0.000  0.050  0.000  0.555
   1.84671     10.114573  0.000  0.000  0.000  0.398  0.104  0.000  0.000  0.064  0.000  0.567
   1.87517     10.200686  0.000  0.000  0.000  0.405  0.089  0.000  0.000  0.082  0.000  0.576
   1.90362     10.250307  0.000  0.000  0.000  0.408  0.076  0.000  0.000  0.101  0.000  0.585
   1.93208     10.262055  0.000  0.000  0.000  0.406  0.061  0.000  0.000  0.123  0.000  0.590
   1.96054     10.237767  0.000  0.000  0.000  0.402  0.050  0.000  0.000  0.141  0.000  0.593
   1.98900     10.181833  0.000  0.000  0.000  0.394  0.040  0.000  0.000  0.159  0.000  0.593
   2.01745     10.099903  0.000  0.000  0.000  0.385  0.033  0.000  0.000  0.172  0.000  0.593
   2.04591      9.998673  0.007  0.001  0.007  0.364  0.027  0.000  0.002  0.176  0.002  0.589
   2.07437     10.076427  0.158  0.060  0.195  0.000  0.000  0.011  0.056  0.000  0.058  0.539
   2.10282     10.189961  0.157  0.058  0.203  0.000  0.000  0.010  0.055  0.000  0.059  0.540
   2.13128     10.307578  0.152  0.055  0.213  0.000  0.000  0.009  0.056  0.000  0.057  0.544
   2.15974     10.425322  0.149  0.051  0.219  0.000  0.000  0.009  0.057  0.000  0.058  0.546
   2.18820     10.531379  0.144  0.050  0.226  0.000  0.000  0.008  0.057  0.000  0.058  0.545
   2.21665     10.583550  0.140  0.048  0.229  0.000  0.000  0.008  0.059  0.000  0.060  0.544
 
# Band-Index:   26
   2.21665     10.912242  0.148  0.057  0.243  0.000  0.000  0.013  0.054  0.000  0.049  0.565
   2.18820     10.969352  0.144  0.056  0.245  0.000  0.000  0.013  0.055  0.000  0.050  0.564
   2.15974     11.090128  0.137  0.054  0.252  0.000  0.000  0.013  0.058  0.000  0.050  0.562
   2.13128     11.231941  0.128  0.054  0.258  0.000  0.000  0.013  0.058  0.000  0.048  0.561
   2.10282     11.381872  0.119  0.053  0.263  0.000  0.000  0.017  0.061  0.000  0.048  0.561
   2.07437     11.532901  0.106  0.052  0.269  0.000  0.000  0.019  0.067  0.000  0.044  0.557
   2.04591     11.671925  0.080  0.054  0.270  0.000  0.000  0.023  0.077  0.000  0.043  0.545
   2.01745     11.742359  0.031  0.093  0.225  0.000  0.000  0.026  0.097  0.000  0.039  0.510
   1.98900     11.619262  0.023  0.183  0.131  0.000  0.000  0.025  0.096  0.000  0.029  0.486
   1.96054     11.385354  0.042  0.209  0.098  0.000  0.000  0.024  0.086  0.000  0.027  0.488
   1.93208     11.133096  0.056  0.212  0.087  0.000  0.000  0.026  0.080  0.000  0.027  0.488
   1.90362     10.887090  0.067  0.206  0.085  0.000  0.000  0.028  0.072  0.000  0.030  0.487
   1.87517     10.660569  0.076  0.195  0.086  0.000  0.000  0.033  0.066  0.000  0.033  0.489
   1.84671     10.468209  0.086  0.182  0.093  0.000  0.000  0.037  0.057  0.000  0.035  0.491
   1.81825     10.325136  0.099  0.181  0.102  0.000  0.000  0.037  0.051  0.000  0.034  0.505
   1.78980     10.189439  0.110  0.240  0.104  0.000  0.000  0.019  0.068  0.000  0.024  0.565
   1.76134      9.970234  0.095  0.240  0.099  0.000  0.000  0.014  0.080  0.000  0.031  0.560
   1.73288      9.737637  0.083  0.217  0.101  0.000  0.000  0.016  0.091  0.000  0.033  0.541
   1.70442      9.522010  0.070  0.183  0.106  0.000  0.000  0.016  0.107  0.000  0.033  0.517
   1.67597      9.339751  0.059  0.143  0.110  0.000  0.000  0.020  0.125  0.000  0.036  0.491
   1.64751      9.200558  0.049  0.108  0.115  0.000  0.000  0.027  0.139  0.000  0.033  0.471
   1.61905      9.102887  0.045  0.083  0.116  0.000  0.000  0.031  0.151  0.000  0.033  0.459
   1.59060      9.038658  0.043  0.069  0.116  0.000  0.000  0.034  0.158  0.000  0.032  0.453
   1.56214      9.000048  0.041  0.061  0.114  0.000  0.000  0.037  0.166  0.000  0.031  0.449
   1.53368      8.981466  0.042  0.058  0.111  0.000  0.000  0.038  0.172  0.000  0.029  0.448
   1.50522      8.979199  0.039  0.056  0.107  0.000  0.000  0.037  0.180  0.000  0.027  0.448
   1.47677      8.990697  0.038  0.056  0.100  0.000  0.000  0.036  0.191  0.000  0.025  0.445
   1.44831      9.014058  0.035  0.054  0.094  0.000  0.000  0.035  0.201  0.000  0.023  0.446
   1.41985      9.047647  0.030  0.054  0.087  0.000  0.000  0.033  0.215  0.000  0.023  0.445
   1.39139      9.089843  0.027  0.054  0.081  0.000  0.000  0.030  0.234  0.000  0.021  0.444
   1.36294      9.138783  0.022  0.050  0.073  0.000  0.000  0.027  0.254  0.000  0.019  0.447
   1.33448      9.192106  0.017  0.047  0.063  0.000  0.000  0.022  0.279  0.000  0.017  0.448
   1.30602      9.246653  0.013  0.040  0.053  0.000  0.000  0.020  0.312  0.000  0.016  0.453
   1.27757      9.298300  0.011  0.031  0.042  0.000  0.000  0.013  0.350  0.000  0.013  0.461
   1.24911      9.342116  0.009  0.021  0.030  0.000  0.000  0.010  0.390  0.000  0.010  0.472
   1.22065      9.373729  0.014  0.010  0.019  0.000  0.000  0.004  0.426  0.000  0.008  0.483
   1.19219      9.391950  0.019  0.002  0.015  0.000  0.000  0.003  0.445  0.000  0.006  0.490
   1.16374      9.416408  0.014  0.034  0.094  0.000  0.000  0.064  0.185  0.000  0.043  0.434
   1.13528      9.548738  0.008  0.023  0.134  0.000  0.003  0.124  0.008  0.004  0.091  0.398
   1.10682      9.665271  0.000  0.002  0.000  0.016  0.190  0.040  0.000  0.238  0.032  0.521
   1.10682      9.665271  0.000  0.002  0.000  0.016  0.190  0.040  0.000  0.238  0.032  0.521
   1.07844      9.535725  0.008  0.016  0.119  0.002  0.000  0.145  0.004  0.002  0.112  0.410
   1.05006      9.401277  0.023  0.010  0.021  0.000  0.000  0.016  0.410  0.000  0.011  0.494
   1.02168      9.405596  0.022  0.014  0.017  0.000  0.000  0.006  0.428  0.000  0.005  0.492
   0.99330      9.406211  0.019  0.024  0.027  0.000  0.000  0.010  0.395  0.000  0.007  0.481
   0.96492      9.396852  0.018  0.034  0.040  0.000  0.000  0.013  0.352  0.000  0.010  0.467
   0.93654      9.376629  0.019  0.043  0.054  0.000  0.000  0.018  0.305  0.000  0.015  0.453
   0.90816      9.347925  0.024  0.050  0.068  0.000  0.000  0.022  0.264  0.000  0.017  0.445
   0.87978      9.314494  0.028  0.053  0.078  0.000  0.000  0.026  0.230  0.000  0.021  0.437
   0.85140      9.279872  0.035  0.054  0.089  0.000  0.000  0.030  0.204  0.000  0.023  0.436
   0.82302      9.246854  0.038  0.056  0.100  0.000  0.000  0.034  0.183  0.000  0.026  0.435
   0.79464      9.217513  0.044  0.052  0.107  0.000  0.000  0.039  0.166  0.000  0.028  0.438
   0.76626      9.193413  0.048  0.051  0.116  0.000  0.000  0.040  0.153  0.000  0.032  0.440
   0.73788      9.175850  0.051  0.048  0.124  0.000  0.000  0.042  0.143  0.000  0.034  0.444
   0.70950      9.166143  0.051  0.048  0.134  0.000  0.000  0.044  0.136  0.000  0.037  0.447
   0.68112      9.165895  0.054  0.045  0.142  0.000  0.000  0.045  0.129  0.000  0.039  0.451
   0.65274      9.177449  0.052  0.046  0.150  0.000  0.000  0.044  0.125  0.000  0.041  0.457
   0.62436      9.204473  0.050  0.051  0.156  0.000  0.000  0.043  0.120  0.000  0.041  0.462
   0.59598      9.252726  0.050  0.064  0.160  0.000  0.000  0.040  0.115  0.000  0.042  0.471
   0.56760      9.330404  0.052  0.089  0.160  0.000  0.000  0.035  0.109  0.000  0.040  0.485
   0.53922      9.446269  0.061  0.127  0.155  0.000  0.000  0.027  0.099  0.000  0.037  0.508
   0.51084      9.603494  0.078  0.171  0.147  0.000  0.000  0.021  0.085  0.000  0.035  0.539
   0.48246      9.792773  0.097  0.212  0.140  0.000  0.000  0.019  0.071  0.000  0.030  0.571
   0.45408      9.987262  0.119  0.243  0.133  0.000  0.000  0.021  0.055  0.000  0.025  0.596
   0.42570     10.133551  0.125  0.230  0.118  0.000  0.000  0.031  0.038  0.000  0.030  0.573
   0.39732     10.237576  0.111  0.204  0.099  0.000  0.000  0.035  0.040  0.000  0.041  0.531
   0.36894     10.371183  0.097  0.204  0.087  0.000  0.000  0.034  0.051  0.000  0.041  0.513
   0.34056     10.552622  0.083  0.212  0.077  0.000  0.000  0.031  0.061  0.000  0.038  0.504
   0.31218     10.771958  0.071  0.222  0.072  0.000  0.000  0.030  0.073  0.000  0.035  0.501
   0.28380     11.015788  0.061  0.229  0.071  0.000  0.000  0.027  0.080  0.000  0.032  0.501
   0.25542     11.272874  0.049  0.233  0.073  0.000  0.000  0.026  0.090  0.000  0.029  0.499
   0.22704     11.529097  0.031  0.220  0.086  0.000  0.000  0.027  0.105  0.000  0.030  0.498
   0.19866     11.708860  0.022  0.102  0.198  0.000  0.000  0.030  0.123  0.000  0.041  0.514
   0.17028     11.631977  0.087  0.044  0.279  0.000  0.000  0.021  0.084  0.000  0.045  0.558
   0.14190     11.487183  0.110  0.046  0.276  0.000  0.000  0.018  0.069  0.000  0.045  0.565
   0.11352     11.339449  0.122  0.048  0.269  0.000  0.000  0.016  0.064  0.000  0.048  0.566
   0.08514     11.197664  0.130  0.051  0.263  0.000  0.000  0.013  0.060  0.000  0.048  0.564
   0.05676     11.067349  0.138  0.052  0.254  0.000  0.000  0.013  0.058  0.000  0.048  0.563
   0.02838     10.960368  0.145  0.056  0.246  0.000  0.000  0.013  0.054  0.000  0.051  0.565
   0.00000     10.912242  0.148  0.057  0.243  0.000  0.000  0.013  0.054  0.000  0.049  0.565
 
# Band-Index:   27
   0.00000     13.231391  0.025  0.362  0.083  0.000  0.000  0.005  0.059  0.000  0.015  0.547
   0.02838     13.185749  0.027  0.356  0.081  0.000  0.000  0.005  0.060  0.000  0.014  0.545
   0.05676     13.058923  0.031  0.345  0.077  0.000  0.000  0.008  0.063  0.000  0.015  0.541
   0.08514     12.872179  0.038  0.332  0.072  0.000  0.000  0.010  0.065  0.000  0.016  0.536
   0.11352     12.646254  0.048  0.320  0.070  0.000  0.000  0.010  0.067  0.000  0.017  0.532
   0.14190     12.397939  0.059  0.310  0.067  0.000  0.000  0.013  0.063  0.000  0.019  0.531
   0.17028     12.144604  0.082  0.301  0.071  0.000  0.000  0.011  0.052  0.000  0.018  0.536
   0.19866     11.955737  0.146  0.233  0.157  0.000  0.000  0.007  0.011  0.000  0.023  0.580
   0.22704     12.003124  0.116  0.138  0.269  0.000  0.000  0.008  0.031  0.000  0.031  0.594
   0.25542     11.874430  0.071  0.278  0.125  0.000  0.000  0.014  0.047  0.000  0.026  0.561
   0.28380     11.632121  0.075  0.281  0.106  0.000  0.000  0.015  0.050  0.000  0.027  0.556
   0.31218     11.379671  0.079  0.274  0.102  0.000  0.000  0.018  0.051  0.000  0.030  0.552
   0.34056     11.124614  0.080  0.262  0.100  0.000  0.000  0.018  0.053  0.000  0.031  0.545
   0.36894     10.871672  0.076  0.245  0.099  0.000  0.000  0.020  0.056  0.000  0.034  0.532
   0.39732     10.629911  0.068  0.216  0.098  0.000  0.000  0.024  0.058  0.000  0.042  0.505
   0.42570     10.428598  0.052  0.166  0.091  0.000  0.000  0.033  0.057  0.000  0.051  0.452
   0.45408     10.338625  0.049  0.123  0.090  0.000  0.000  0.052  0.046  0.000  0.055  0.415
   0.48246     10.361246  0.053  0.120  0.100  0.000  0.000  0.062  0.039  0.000  0.047  0.422
   0.51084     10.441332  0.053  0.119  0.114  0.000  0.000  0.070  0.037  0.000  0.041  0.437
   0.53922     10.551454  0.056  0.117  0.130  0.000  0.000  0.077  0.036  0.000  0.037  0.451
   0.56760     10.675637  0.056  0.109  0.147  0.000  0.000  0.083  0.038  0.000  0.036  0.468
   0.59598     10.801177  0.062  0.099  0.161  0.000  0.000  0.088  0.042  0.000  0.036  0.486
   0.62436     10.912234  0.056  0.070  0.139  0.004  0.044  0.076  0.038  0.047  0.031  0.503
   0.65274     10.861989  0.000  0.001  0.002  0.018  0.234  0.000  0.000  0.244  0.000  0.501
   0.68112     10.791053  0.000  0.000  0.000  0.018  0.234  0.000  0.000  0.252  0.000  0.502
   0.70950     10.723546  0.000  0.000  0.000  0.017  0.234  0.000  0.000  0.255  0.000  0.506
   0.73788     10.659603  0.000  0.000  0.000  0.018  0.232  0.000  0.000  0.261  0.000  0.510
   0.76626     10.599051  0.000  0.000  0.000  0.019  0.229  0.000  0.000  0.265  0.000  0.514
   0.79464     10.541500  0.000  0.000  0.000  0.021  0.226  0.000  0.000  0.269  0.000  0.517
   0.82302     10.486340  0.000  0.000  0.000  0.024  0.225  0.000  0.000  0.273  0.000  0.521
   0.85140     10.432576  0.000  0.000  0.000  0.027  0.221  0.000  0.000  0.275  0.000  0.525
   0.87978     10.378571  0.000  0.000  0.001  0.033  0.214  0.000  0.001  0.276  0.001  0.527
   0.90816     10.321647  0.001  0.001  0.002  0.041  0.204  0.002  0.002  0.276  0.002  0.530
   0.93654     10.257852  0.001  0.001  0.004  0.051  0.191  0.004  0.006  0.268  0.005  0.530
   0.96492     10.182778  0.001  0.003  0.006  0.066  0.178  0.005  0.003  0.262  0.006  0.532
   0.99330     10.090394  0.000  0.001  0.004  0.082  0.176  0.003  0.000  0.267  0.004  0.538
   1.02168      9.975477  0.000  0.000  0.002  0.094  0.177  0.002  0.000  0.265  0.002  0.540
   1.05006      9.845675  0.000  0.000  0.002  0.083  0.184  0.000  0.000  0.262  0.001  0.536
   1.07844      9.728232  0.000  0.000  0.004  0.047  0.202  0.000  0.000  0.268  0.000  0.523
   1.10682      9.743453  0.004  0.012  0.062  0.002  0.024  0.181  0.002  0.030  0.143  0.463
   1.10682      9.743453  0.004  0.012  0.062  0.002  0.024  0.181  0.002  0.030  0.143  0.463
   1.13528      9.681350  0.000  0.000  0.005  0.018  0.217  0.000  0.000  0.272  0.000  0.517
   1.16374      9.691804  0.000  0.000  0.001  0.022  0.222  0.000  0.000  0.274  0.000  0.519
   1.19219      9.708941  0.000  0.000  0.000  0.022  0.223  0.000  0.000  0.272  0.000  0.518
   1.22065      9.731312  0.000  0.000  0.000  0.022  0.225  0.000  0.000  0.270  0.000  0.518
   1.24911      9.758733  0.000  0.000  0.000  0.021  0.225  0.000  0.000  0.268  0.000  0.516
   1.27757      9.791346  0.000  0.000  0.000  0.021  0.228  0.000  0.000  0.264  0.000  0.514
   1.30602      9.829347  0.000  0.000  0.000  0.020  0.230  0.000  0.000  0.263  0.000  0.513
   1.33448      9.872904  0.000  0.000  0.000  0.020  0.231  0.000  0.000  0.259  0.000  0.510
   1.36294      9.922145  0.000  0.000  0.000  0.020  0.232  0.000  0.000  0.255  0.000  0.508
   1.39139      9.977176  0.000  0.000  0.000  0.020  0.234  0.000  0.000  0.250  0.000  0.507
   1.41985     10.038081  0.000  0.000  0.000  0.020  0.235  0.000  0.000  0.248  0.000  0.504
   1.44831     10.104956  0.000  0.000  0.000  0.022  0.238  0.000  0.000  0.244  0.000  0.502
   1.47677     10.177845  0.000  0.000  0.000  0.023  0.239  0.000  0.000  0.238  0.000  0.501
   1.50522     10.256851  0.000  0.000  0.000  0.023  0.242  0.000  0.000  0.233  0.000  0.497
   1.53368     10.342000  0.000  0.000  0.000  0.023  0.243  0.000  0.000  0.228  0.000  0.495
   1.56214     10.433347  0.000  0.000  0.000  0.024  0.247  0.000  0.000  0.222  0.000  0.492
   1.59060     10.530939  0.000  0.000  0.000  0.024  0.248  0.000  0.000  0.215  0.000  0.488
   1.61905     10.634827  0.000  0.000  0.000  0.025  0.251  0.000  0.000  0.209  0.000  0.486
   1.64751     10.744790  0.000  0.001  0.000  0.025  0.254  0.000  0.000  0.203  0.000  0.482
   1.67597     10.814728  0.049  0.094  0.138  0.002  0.023  0.076  0.025  0.018  0.036  0.461
   1.70442     10.635813  0.056  0.105  0.136  0.000  0.000  0.080  0.024  0.000  0.042  0.447
   1.73288     10.478312  0.059  0.108  0.122  0.000  0.000  0.076  0.023  0.000  0.047  0.438
   1.76134     10.371374  0.063  0.115  0.110  0.000  0.000  0.069  0.024  0.000  0.054  0.435
   1.78980     10.359773  0.056  0.146  0.092  0.000  0.000  0.054  0.035  0.000  0.059  0.444
   1.81825     10.524787  0.065  0.233  0.083  0.000  0.000  0.028  0.061  0.000  0.045  0.514
   1.84671     10.766366  0.072  0.260  0.082  0.000  0.000  0.021  0.064  0.000  0.038  0.539
   1.87517     11.016974  0.074  0.272  0.080  0.000  0.000  0.019  0.065  0.000  0.034  0.547
   1.90362     11.267489  0.071  0.282  0.079  0.000  0.000  0.018  0.067  0.000  0.032  0.548
   1.93208     11.515230  0.068  0.289  0.079  0.000  0.000  0.017  0.067  0.000  0.029  0.550
   1.96054     11.758547  0.065  0.296  0.078  0.000  0.000  0.015  0.067  0.000  0.028  0.549
   1.98900     11.995524  0.060  0.302  0.083  0.000  0.000  0.013  0.065  0.000  0.027  0.553
   2.01745     12.165863  0.150  0.257  0.128  0.000  0.000  0.012  0.017  0.000  0.022  0.586
   2.04591     12.343547  0.103  0.303  0.076  0.000  0.000  0.012  0.037  0.000  0.018  0.548
   2.07437     12.585626  0.076  0.316  0.073  0.000  0.000  0.012  0.043  0.000  0.016  0.536
   2.10282     12.829101  0.062  0.331  0.072  0.000  0.000  0.011  0.051  0.000  0.012  0.539
   2.13128     12.997559  0.034  0.345  0.078  0.000  0.000  0.007  0.065  0.000  0.017  0.546
   2.15974     13.122828  0.029  0.354  0.080  0.000  0.000  0.006  0.061  0.000  0.016  0.547
   2.18820     13.203442  0.027  0.359  0.082  0.000  0.000  0.004  0.061  0.000  0.014  0.547
   2.21665     13.231391  0.025  0.362  0.083  0.000  0.000  0.005  0.059  0.000  0.015  0.547
 
# Band-Index:   28
   2.21665     13.411824  0.029  0.376  0.099  0.000  0.000  0.002  0.025  0.000  0.008  0.539
   2.18820     13.366935  0.032  0.370  0.098  0.000  0.000  0.002  0.027  0.000  0.008  0.540
   2.15974     13.241254  0.038  0.358  0.092  0.000  0.000  0.006  0.032  0.000  0.010  0.536
   2.13128     13.055335  0.047  0.343  0.086  0.000  0.000  0.007  0.037  0.000  0.012  0.535
   2.10282     12.838929  0.036  0.334  0.083  0.000  0.000  0.008  0.058  0.000  0.020  0.540
   2.07437     12.651638  0.044  0.327  0.075  0.000  0.000  0.010  0.067  0.000  0.021  0.544
   2.04591     12.446373  0.049  0.318  0.073  0.000  0.000  0.014  0.068  0.000  0.020  0.545
   2.01745     12.228401  0.058  0.309  0.064  0.000  0.000  0.016  0.069  0.000  0.021  0.540
   1.98900     12.188170  0.161  0.157  0.207  0.000  0.000  0.019  0.024  0.000  0.030  0.596
   1.96054     12.323434  0.144  0.122  0.248  0.000  0.000  0.022  0.032  0.000  0.031  0.598
   1.93208     12.310781  0.000  0.000  0.000  0.035  0.298  0.000  0.000  0.113  0.000  0.446
   1.90362     12.103799  0.000  0.000  0.000  0.030  0.292  0.000  0.000  0.125  0.000  0.446
   1.87517     11.909929  0.000  0.000  0.000  0.026  0.288  0.000  0.000  0.136  0.000  0.449
   1.84671     11.729262  0.000  0.000  0.000  0.024  0.282  0.000  0.000  0.146  0.000  0.453
   1.81825     11.561001  0.000  0.000  0.000  0.022  0.278  0.000  0.000  0.156  0.000  0.456
   1.78980     11.403885  0.000  0.000  0.000  0.022  0.274  0.000  0.000  0.166  0.000  0.463
   1.76134     11.256581  0.000  0.000  0.000  0.022  0.270  0.000  0.000  0.174  0.000  0.467
   1.73288     11.117937  0.000  0.000  0.000  0.023  0.264  0.000  0.000  0.182  0.000  0.469
   1.70442     10.987252  0.000  0.000  0.000  0.025  0.261  0.000  0.000  0.189  0.000  0.475
   1.67597     10.867736  0.005  0.009  0.013  0.021  0.233  0.008  0.002  0.178  0.004  0.478
   1.64751     11.009115  0.055  0.097  0.169  0.000  0.000  0.088  0.030  0.000  0.037  0.476
   1.61905     11.183833  0.065  0.088  0.184  0.000  0.000  0.089  0.035  0.000  0.035  0.497
   1.59060     11.327191  0.078  0.077  0.194  0.000  0.000  0.091  0.044  0.000  0.037  0.519
   1.56214     11.421911  0.094  0.061  0.196  0.000  0.000  0.091  0.057  0.000  0.042  0.540
   1.53368     11.456725  0.109  0.043  0.186  0.000  0.000  0.091  0.076  0.000  0.053  0.554
   1.50522     11.431135  0.115  0.027  0.164  0.000  0.000  0.088  0.100  0.000  0.063  0.556
   1.47677     11.355242  0.114  0.021  0.138  0.000  0.000  0.081  0.121  0.000  0.070  0.547
   1.44831     11.244021  0.108  0.021  0.116  0.000  0.000  0.076  0.137  0.000  0.076  0.530
   1.41985     11.111758  0.097  0.022  0.096  0.000  0.000  0.068  0.146  0.000  0.078  0.513
   1.39139     10.969971  0.090  0.026  0.086  0.000  0.000  0.064  0.150  0.000  0.078  0.495
   1.36294     10.827640  0.084  0.031  0.076  0.000  0.000  0.061  0.145  0.000  0.080  0.477
   1.33448     10.692123  0.079  0.034  0.071  0.000  0.000  0.062  0.136  0.000  0.081  0.464
   1.30602     10.569890  0.074  0.039  0.068  0.000  0.000  0.064  0.117  0.000  0.085  0.449
   1.27757     10.466755  0.068  0.043  0.069  0.000  0.000  0.072  0.093  0.000  0.091  0.436
   1.24911     10.386637  0.058  0.047  0.068  0.000  0.000  0.082  0.064  0.000  0.104  0.426
   1.22065     10.326676  0.044  0.051  0.070  0.000  0.000  0.099  0.035  0.000  0.118  0.420
   1.19219     10.263486  0.029  0.051  0.074  0.000  0.000  0.121  0.014  0.000  0.131  0.424
   1.16374     10.143638  0.015  0.042  0.089  0.000  0.000  0.143  0.005  0.000  0.131  0.425
   1.13528      9.953466  0.008  0.024  0.109  0.000  0.000  0.146  0.004  0.002  0.120  0.415
   1.10682      9.745123  0.012  0.004  0.187  0.000  0.009  0.061  0.007  0.011  0.046  0.340
   1.10682      9.745123  0.012  0.004  0.187  0.000  0.009  0.061  0.007  0.011  0.046  0.340
   1.07844      9.927033  0.008  0.010  0.121  0.000  0.003  0.130  0.004  0.004  0.114  0.397
   1.05006     10.063137  0.008  0.013  0.110  0.000  0.002  0.121  0.007  0.003  0.126  0.392
   1.02168     10.142556  0.008  0.024  0.098  0.001  0.002  0.103  0.017  0.004  0.124  0.384
   0.99330     10.197468  0.012  0.032  0.087  0.002  0.007  0.084  0.039  0.009  0.111  0.385
   0.96492     10.259652  0.016  0.036  0.076  0.005  0.013  0.069  0.069  0.019  0.096  0.397
   0.93654     10.341073  0.021  0.033  0.068  0.002  0.011  0.063  0.103  0.016  0.090  0.406
   0.90816     10.444436  0.023  0.032  0.064  0.000  0.006  0.060  0.136  0.006  0.088  0.416
   0.87978     10.567495  0.025  0.030  0.062  0.000  0.003  0.058  0.162  0.003  0.089  0.430
   0.85140     10.703738  0.028  0.023  0.063  0.000  0.000  0.062  0.179  0.001  0.089  0.446
   0.82302     10.843636  0.033  0.016  0.073  0.000  0.000  0.068  0.186  0.000  0.093  0.468
   0.79464     10.972963  0.046  0.008  0.090  0.000  0.000  0.078  0.179  0.000  0.093  0.495
   0.76626     11.072153  0.067  0.004  0.119  0.000  0.000  0.090  0.152  0.000  0.090  0.526
   0.73788     11.124633  0.084  0.014  0.148  0.000  0.000  0.100  0.119  0.000  0.081  0.544
   0.70950     11.128072  0.091  0.032  0.169  0.000  0.000  0.101  0.089  0.000  0.066  0.547
   0.68112     11.089796  0.087  0.050  0.178  0.000  0.000  0.099  0.069  0.000  0.055  0.538
   0.65274     11.018216  0.078  0.069  0.177  0.000  0.003  0.095  0.054  0.001  0.045  0.524
   0.62436     10.944881  0.013  0.016  0.033  0.014  0.191  0.017  0.008  0.196  0.008  0.498
   0.59598     11.018296  0.000  0.000  0.000  0.018  0.237  0.000  0.000  0.236  0.000  0.491
   0.56760     11.100774  0.000  0.000  0.000  0.020  0.236  0.000  0.000  0.232  0.000  0.487
   0.53922     11.187194  0.000  0.000  0.000  0.020  0.236  0.000  0.000  0.227  0.000  0.483
   0.51084     11.277346  0.000  0.000  0.000  0.020  0.236  0.000  0.000  0.223  0.000  0.478
   0.48246     11.371281  0.000  0.000  0.000  0.018  0.236  0.000  0.000  0.218  0.000  0.473
   0.45408     11.469367  0.000  0.000  0.000  0.019  0.235  0.000  0.000  0.212  0.000  0.467
   0.42570     11.572475  0.000  0.000  0.000  0.017  0.235  0.000  0.000  0.207  0.000  0.461
   0.39732     11.682228  0.000  0.000  0.000  0.017  0.236  0.000  0.000  0.202  0.000  0.454
   0.36894     11.801184  0.000  0.000  0.000  0.015  0.237  0.000  0.000  0.194  0.000  0.448
   0.34056     11.932738  0.000  0.000  0.000  0.016  0.239  0.000  0.000  0.183  0.000  0.441
   0.31218     12.080497  0.000  0.000  0.000  0.020  0.244  0.000  0.000  0.172  0.000  0.437
   0.28380     12.246437  0.002  0.001  0.004  0.025  0.246  0.000  0.000  0.157  0.000  0.435
   0.25542     12.221990  0.132  0.106  0.245  0.000  0.002  0.026  0.042  0.001  0.032  0.585
   0.22704     12.177897  0.100  0.274  0.084  0.000  0.000  0.023  0.046  0.000  0.025  0.552
   0.19866     12.386633  0.072  0.317  0.077  0.000  0.000  0.016  0.045  0.000  0.020  0.549
   0.17028     12.609348  0.063  0.327  0.082  0.000  0.000  0.014  0.043  0.000  0.019  0.550
   0.14190     12.820226  0.057  0.336  0.087  0.000  0.000  0.011  0.040  0.000  0.018  0.548
   0.11352     13.011755  0.049  0.348  0.090  0.000  0.000  0.009  0.037  0.000  0.015  0.548
   0.08514     13.175997  0.042  0.358  0.093  0.000  0.000  0.007  0.033  0.000  0.013  0.546
   0.05676     13.303431  0.035  0.367  0.096  0.000  0.000  0.004  0.029  0.000  0.010  0.544
   0.02838     13.384265  0.032  0.373  0.099  0.000  0.000  0.002  0.027  0.000  0.008  0.541
   0.00000     13.411824  0.029  0.376  0.099  0.000  0.000  0.002  0.025  0.000  0.008  0.539
 
# Band-Index:   29
   0.00000     14.362572  0.000  0.000  0.000  0.108  0.348  0.000  0.000  0.062  0.000  0.517
   0.02838     14.289376  0.000  0.000  0.000  0.102  0.321  0.000  0.000  0.070  0.000  0.494
   0.05676     14.106923  0.000  0.000  0.000  0.094  0.300  0.000  0.000  0.078  0.000  0.473
   0.08514     13.872888  0.000  0.000  0.000  0.086  0.289  0.000  0.000  0.086  0.000  0.460
   0.11352     13.619910  0.000  0.000  0.000  0.078  0.282  0.000  0.000  0.092  0.000  0.453
   0.14190     13.363531  0.000  0.000  0.000  0.068  0.278  0.000  0.000  0.101  0.000  0.445
   0.17028     13.112166  0.000  0.000  0.000  0.059  0.271  0.000  0.000  0.109  0.000  0.442
   0.19866     12.871332  0.000  0.000  0.000  0.050  0.266  0.000  0.000  0.119  0.000  0.437
   0.22704     12.645274  0.000  0.000  0.000  0.041  0.260  0.000  0.000  0.133  0.000  0.433
   0.25542     12.437835  0.000  0.000  0.002  0.031  0.254  0.000  0.000  0.144  0.000  0.434
   0.28380     12.392466  0.121  0.088  0.270  0.000  0.003  0.028  0.045  0.002  0.034  0.591
   0.31218     12.570823  0.113  0.085  0.284  0.000  0.000  0.033  0.048  0.000  0.033  0.595
   0.34056     12.755091  0.107  0.087  0.288  0.000  0.000  0.036  0.048  0.000  0.031  0.599
   0.36894     12.941481  0.100  0.089  0.291  0.000  0.000  0.041  0.048  0.000  0.030  0.602
   0.39732     13.127665  0.095  0.093  0.290  0.000  0.000  0.046  0.049  0.000  0.028  0.602
   0.42570     13.311020  0.092  0.097  0.287  0.000  0.000  0.051  0.047  0.000  0.029  0.601
   0.45408     13.487356  0.087  0.098  0.282  0.000  0.000  0.058  0.043  0.000  0.029  0.597
   0.48246     13.640412  0.069  0.083  0.262  0.000  0.000  0.063  0.046  0.001  0.036  0.562
   0.51084     13.570617  0.013  0.026  0.088  0.000  0.000  0.046  0.175  0.000  0.066  0.418
   0.53922     13.340979  0.013  0.036  0.063  0.000  0.000  0.039  0.193  0.000  0.067  0.411
   0.56760     13.103385  0.012  0.045  0.057  0.000  0.000  0.032  0.197  0.000  0.064  0.408
   0.59598     12.866541  0.012  0.054  0.054  0.000  0.000  0.027  0.194  0.000  0.063  0.404
   0.62436     12.633312  0.013  0.063  0.054  0.000  0.000  0.022  0.188  0.000  0.058  0.400
   0.65274     12.406776  0.017  0.072  0.056  0.000  0.000  0.021  0.178  0.000  0.054  0.398
   0.68112     12.191211  0.027  0.078  0.061  0.000  0.000  0.019  0.163  0.000  0.049  0.398
   0.70950     11.993139  0.041  0.086  0.071  0.000  0.000  0.019  0.141  0.000  0.041  0.399
   0.73788     11.822322  0.067  0.091  0.089  0.000  0.000  0.025  0.106  0.000  0.035  0.413
   0.76626     11.689576  0.099  0.084  0.114  0.000  0.000  0.037  0.067  0.000  0.034  0.434
   0.79464     11.597010  0.132  0.069  0.135  0.000  0.000  0.056  0.036  0.000  0.041  0.467
   0.82302     11.532727  0.154  0.049  0.145  0.000  0.000  0.072  0.020  0.000  0.053  0.493
   0.85140     11.481367  0.164  0.031  0.145  0.000  0.000  0.089  0.013  0.000  0.067  0.510
   0.87978     11.431498  0.166  0.017  0.140  0.000  0.000  0.106  0.011  0.000  0.083  0.522
   0.90816     11.372142  0.152  0.009  0.134  0.000  0.000  0.127  0.009  0.000  0.098  0.531
   0.93654     11.273089  0.054  0.002  0.059  0.059  0.124  0.072  0.005  0.097  0.054  0.529
   0.96492     11.076834  0.002  0.000  0.004  0.087  0.241  0.005  0.000  0.180  0.003  0.528
   0.99330     10.908914  0.001  0.000  0.003  0.062  0.254  0.007  0.000  0.186  0.004  0.518
   1.02168     10.781047  0.006  0.005  0.021  0.026  0.211  0.038  0.001  0.156  0.032  0.494
   1.05006     10.675050  0.007  0.016  0.056  0.000  0.009  0.166  0.005  0.007  0.174  0.439
   1.07844     10.624856  0.001  0.006  0.021  0.000  0.002  0.199  0.000  0.002  0.245  0.478
   1.10682     10.617823  0.000  0.000  0.000  0.000  0.002  0.221  0.000  0.002  0.286  0.510
   1.10682     10.617823  0.000  0.000  0.000  0.000  0.002  0.221  0.000  0.002  0.286  0.510
   1.13528     10.609926  0.000  0.003  0.021  0.000  0.000  0.199  0.000  0.000  0.253  0.479
   1.16374     10.622084  0.003  0.007  0.057  0.000  0.000  0.172  0.004  0.000  0.192  0.436
   1.19219     10.715812  0.010  0.007  0.086  0.000  0.000  0.164  0.006  0.000  0.148  0.421
   1.22065     10.888073  0.020  0.007  0.099  0.000  0.000  0.163  0.007  0.000  0.128  0.425
   1.24911     11.090839  0.031  0.010  0.106  0.000  0.000  0.159  0.008  0.000  0.118  0.432
   1.27757     11.299691  0.046  0.013  0.113  0.000  0.000  0.149  0.009  0.000  0.110  0.442
   1.30602     11.503066  0.070  0.018  0.124  0.000  0.000  0.130  0.012  0.000  0.096  0.449
   1.33448     11.683521  0.109  0.021  0.129  0.000  0.000  0.097  0.019  0.000  0.072  0.446
   1.36294     11.825580  0.133  0.025  0.121  0.000  0.000  0.064  0.026  0.000  0.056  0.426
   1.39139     11.946638  0.132  0.037  0.114  0.000  0.000  0.049  0.036  0.000  0.045  0.412
   1.41985     12.063201  0.119  0.049  0.112  0.000  0.000  0.036  0.047  0.000  0.036  0.402
   1.44831     12.181176  0.100  0.067  0.109  0.000  0.000  0.025  0.064  0.000  0.028  0.391
   1.47677     12.302860  0.074  0.083  0.102  0.000  0.000  0.016  0.086  0.000  0.021  0.380
   1.50522     12.429913  0.048  0.094  0.089  0.000  0.000  0.008  0.113  0.000  0.021  0.373
   1.53368     12.564706  0.030  0.096  0.073  0.000  0.000  0.006  0.140  0.000  0.029  0.373
   1.56214     12.710263  0.024  0.088  0.059  0.000  0.000  0.007  0.161  0.000  0.040  0.380
   1.59060     12.869011  0.027  0.076  0.050  0.000  0.000  0.016  0.174  0.000  0.051  0.394
   1.61905     13.041880  0.037  0.062  0.047  0.000  0.000  0.025  0.180  0.000  0.061  0.411
   1.64751     13.228565  0.047  0.052  0.047  0.000  0.000  0.033  0.181  0.000  0.068  0.426
   1.67597     13.428215  0.058  0.045  0.050  0.000  0.000  0.040  0.179  0.000  0.071  0.443
   1.70442     13.639278  0.073  0.047  0.054  0.000  0.000  0.047  0.173  0.000  0.072  0.465
   1.73288     13.610195  0.087  0.148  0.245  0.000  0.002  0.067  0.040  0.004  0.018  0.615
   1.76134     13.480314  0.089  0.138  0.258  0.001  0.002  0.059  0.040  0.005  0.019  0.612
   1.78980     13.332987  0.093  0.131  0.266  0.000  0.002  0.052  0.039  0.004  0.021  0.611
   1.81825     13.173523  0.099  0.124  0.271  0.000  0.002  0.048  0.041  0.001  0.023  0.608
   1.84671     13.005904  0.105  0.117  0.272  0.000  0.000  0.042  0.041  0.001  0.025  0.605
   1.87517     12.833520  0.112  0.114  0.273  0.000  0.000  0.037  0.040  0.000  0.026  0.603
   1.90362     12.659502  0.120  0.110  0.268  0.000  0.000  0.031  0.041  0.000  0.028  0.601
   1.93208     12.487494  0.129  0.111  0.261  0.000  0.000  0.027  0.037  0.000  0.030  0.599
   1.96054     12.530277  0.000  0.000  0.000  0.042  0.303  0.000  0.000  0.104  0.000  0.446
   1.98900     12.759975  0.000  0.000  0.000  0.048  0.307  0.000  0.000  0.094  0.000  0.448
   2.01745     12.997900  0.000  0.000  0.000  0.054  0.313  0.000  0.000  0.086  0.000  0.451
   2.04591     13.241123  0.000  0.000  0.000  0.061  0.318  0.000  0.000  0.076  0.000  0.455
   2.07437     13.486085  0.000  0.000  0.000  0.066  0.325  0.000  0.000  0.069  0.000  0.461
   2.10282     13.727896  0.000  0.000  0.000  0.070  0.334  0.000  0.000  0.063  0.000  0.467
   2.13128     13.958579  0.000  0.000  0.000  0.074  0.343  0.000  0.000  0.057  0.000  0.476
   2.15974     14.162894  0.000  0.000  0.000  0.083  0.352  0.000  0.000  0.052  0.000  0.487
   2.18820     14.310237  0.000  0.000  0.000  0.097  0.354  0.000  0.000  0.055  0.000  0.506
   2.21665     14.362572  0.000  0.000  0.000  0.108  0.348  0.000  0.000  0.062  0.000  0.517
 
# Band-Index:   30
   2.21665     14.445491  0.000  0.000  0.000  0.083  0.341  0.000  0.000  0.057  0.000  0.481
   2.18820     14.406348  0.000  0.000  0.000  0.089  0.325  0.000  0.000  0.069  0.000  0.483
   2.15974     14.313758  0.000  0.000  0.000  0.095  0.306  0.000  0.000  0.087  0.000  0.487
   2.13128     14.189415  0.000  0.000  0.000  0.092  0.293  0.000  0.000  0.097  0.000  0.482
   2.10282     14.046451  0.000  0.000  0.000  0.086  0.282  0.000  0.000  0.107  0.000  0.475
   2.07437     13.897156  0.000  0.000  0.000  0.077  0.272  0.000  0.000  0.120  0.000  0.470
   2.04591     13.751557  0.000  0.000  0.000  0.069  0.262  0.000  0.000  0.134  0.000  0.465
   2.01745     13.617774  0.000  0.000  0.000  0.062  0.250  0.000  0.000  0.149  0.000  0.461
   1.98900     13.502860  0.000  0.000  0.000  0.053  0.238  0.000  0.000  0.167  0.000  0.459
   1.96054     13.413173  0.000  0.000  0.000  0.047  0.224  0.000  0.000  0.187  0.000  0.459
   1.93208     13.354295  0.000  0.000  0.000  0.042  0.209  0.000  0.000  0.208  0.000  0.462
   1.90362     13.330288  0.000  0.000  0.000  0.039  0.193  0.000  0.000  0.232  0.000  0.465
   1.87517     13.342969  0.000  0.000  0.000  0.038  0.176  0.000  0.000  0.255  0.000  0.472
   1.84671     13.391239  0.000  0.000  0.000  0.041  0.161  0.000  0.000  0.276  0.000  0.482
   1.81825     13.471409  0.001  0.001  0.002  0.044  0.146  0.000  0.000  0.296  0.000  0.493
   1.78980     13.577678  0.001  0.001  0.004  0.047  0.135  0.000  0.000  0.313  0.000  0.504
   1.76134     13.702791  0.002  0.002  0.004  0.048  0.126  0.001  0.000  0.333  0.000  0.518
   1.73288     13.835644  0.010  0.009  0.007  0.045  0.111  0.006  0.016  0.320  0.006  0.532
   1.70442     13.717106  0.072  0.141  0.233  0.000  0.002  0.078  0.038  0.004  0.024  0.594
   1.67597     13.789464  0.076  0.157  0.206  0.000  0.000  0.089  0.038  0.003  0.025  0.593
   1.64751     13.819359  0.068  0.161  0.171  0.000  0.000  0.101  0.039  0.001  0.030  0.574
   1.61905     13.791081  0.052  0.165  0.131  0.000  0.000  0.113  0.040  0.000  0.039  0.540
   1.59060     13.685756  0.033  0.157  0.094  0.000  0.000  0.112  0.039  0.000  0.056  0.494
   1.56214     13.515056  0.031  0.137  0.075  0.000  0.000  0.107  0.036  0.000  0.077  0.461
   1.53368     13.314852  0.033  0.120  0.068  0.000  0.000  0.106  0.030  0.000  0.090  0.449
   1.50522     13.103565  0.035  0.105  0.067  0.000  0.000  0.111  0.026  0.000  0.098  0.444
   1.47677     12.887066  0.037  0.092  0.066  0.000  0.000  0.117  0.023  0.000  0.106  0.440
   1.44831     12.667956  0.037  0.079  0.065  0.000  0.000  0.123  0.020  0.000  0.110  0.436
   1.41985     12.448473  0.037  0.067  0.062  0.000  0.000  0.128  0.019  0.000  0.116  0.428
   1.39139     12.231553  0.034  0.055  0.056  0.000  0.000  0.134  0.017  0.000  0.121  0.416
   1.36294     12.023109  0.036  0.043  0.042  0.000  0.000  0.135  0.017  0.000  0.125  0.399
   1.33448     11.838610  0.052  0.031  0.028  0.000  0.000  0.118  0.021  0.000  0.123  0.370
   1.30602     11.686798  0.014  0.005  0.005  0.084  0.169  0.023  0.004  0.176  0.027  0.510
   1.27757     11.464915  0.000  0.000  0.000  0.098  0.224  0.000  0.000  0.220  0.000  0.547
   1.24911     11.255223  0.000  0.000  0.000  0.086  0.233  0.000  0.000  0.221  0.000  0.540
   1.22065     11.063519  0.000  0.000  0.000  0.069  0.245  0.000  0.000  0.219  0.000  0.533
   1.19219     10.896275  0.000  0.000  0.000  0.047  0.258  0.000  0.000  0.219  0.000  0.528
   1.16374     10.762711  0.000  0.000  0.000  0.026  0.271  0.000  0.000  0.221  0.000  0.520
   1.13528     10.674697  0.000  0.000  0.000  0.008  0.283  0.000  0.000  0.221  0.000  0.514
   1.10682     10.643720  0.000  0.000  0.000  0.000  0.286  0.001  0.000  0.221  0.002  0.512
   1.10682     10.643720  0.000  0.000  0.000  0.000  0.286  0.001  0.000  0.221  0.002  0.512
   1.07844     10.658144  0.000  0.000  0.000  0.004  0.285  0.000  0.000  0.219  0.001  0.513
   1.05006     10.704254  0.000  0.000  0.002  0.015  0.274  0.005  0.000  0.206  0.006  0.512
   1.02168     10.800658  0.016  0.012  0.064  0.009  0.066  0.123  0.006  0.049  0.103  0.448
   0.99330     10.964084  0.037  0.012  0.097  0.003  0.010  0.154  0.010  0.008  0.114  0.442
   0.96492     11.140318  0.064  0.008  0.109  0.003  0.008  0.157  0.009  0.006  0.113  0.482
   0.93654     11.292335  0.064  0.003  0.066  0.054  0.113  0.080  0.005  0.088  0.061  0.532
   0.90816     11.512025  0.001  0.000  0.000  0.130  0.225  0.000  0.000  0.186  0.000  0.543
   0.87978     11.760662  0.000  0.000  0.001  0.141  0.216  0.000  0.000  0.188  0.000  0.547
   0.85140     12.023871  0.000  0.000  0.001  0.148  0.211  0.000  0.000  0.191  0.000  0.552
   0.82302     12.298145  0.000  0.000  0.001  0.149  0.204  0.002  0.000  0.195  0.000  0.554
   0.79464     12.580978  0.001  0.001  0.003  0.148  0.196  0.003  0.001  0.196  0.003  0.553
   0.76626     12.868084  0.011  0.018  0.020  0.112  0.147  0.024  0.005  0.153  0.022  0.513
   0.73788     13.138811  0.038  0.074  0.062  0.010  0.015  0.078  0.022  0.016  0.076  0.396
   0.70950     13.399746  0.041  0.094  0.066  0.002  0.002  0.081  0.025  0.003  0.079  0.392
   0.68112     13.657455  0.039  0.111  0.066  0.000  0.000  0.078  0.028  0.000  0.075  0.400
   0.65274     13.903339  0.035  0.133  0.072  0.000  0.000  0.077  0.035  0.000  0.064  0.418
   0.62436     14.102290  0.042  0.161  0.093  0.000  0.000  0.081  0.044  0.000  0.044  0.466
   0.59598     14.157844  0.078  0.149  0.135  0.000  0.000  0.085  0.045  0.000  0.036  0.529
   0.56760     14.091350  0.096  0.130  0.174  0.000  0.000  0.081  0.045  0.000  0.036  0.564
   0.53922     13.979105  0.101  0.125  0.206  0.000  0.000  0.073  0.050  0.000  0.031  0.589
   0.51084     13.850050  0.102  0.123  0.209  0.000  0.000  0.065  0.071  0.000  0.029  0.600
   0.48246     13.863974  0.049  0.055  0.058  0.000  0.000  0.048  0.202  0.000  0.058  0.470
   0.45408     14.071519  0.016  0.014  0.019  0.043  0.095  0.019  0.069  0.171  0.021  0.470
   0.42570     13.954508  0.001  0.000  0.000  0.068  0.161  0.000  0.000  0.240  0.000  0.472
   0.39732     13.850112  0.000  0.000  0.000  0.067  0.175  0.000  0.000  0.222  0.000  0.467
   0.36894     13.771225  0.000  0.000  0.000  0.064  0.194  0.000  0.000  0.206  0.000  0.465
   0.34056     13.720832  0.000  0.000  0.000  0.062  0.211  0.000  0.000  0.186  0.000  0.462
   0.31218     13.700327  0.000  0.000  0.000  0.062  0.232  0.000  0.000  0.169  0.000  0.461
   0.28380     13.709387  0.000  0.000  0.000  0.060  0.250  0.000  0.000  0.152  0.000  0.462
   0.25542     13.745995  0.000  0.000  0.000  0.061  0.268  0.000  0.000  0.134  0.000  0.464
   0.22704     13.806711  0.000  0.000  0.000  0.064  0.286  0.000  0.000  0.119  0.000  0.468
   0.19866     13.887036  0.000  0.000  0.000  0.066  0.303  0.000  0.000  0.105  0.000  0.473
   0.17028     13.981736  0.000  0.000  0.000  0.068  0.319  0.000  0.000  0.091  0.000  0.479
   0.14190     14.084874  0.000  0.000  0.000  0.071  0.335  0.000  0.000  0.080  0.000  0.486
   0.11352     14.189562  0.000  0.000  0.000  0.074  0.350  0.000  0.000  0.069  0.000  0.494
   0.08514     14.287637  0.000  0.000  0.000  0.079  0.362  0.000  0.000  0.059  0.000  0.501
   0.05676     14.369491  0.000  0.000  0.000  0.081  0.370  0.000  0.000  0.055  0.000  0.504
   0.02838     14.425043  0.000  0.000  0.000  0.083  0.362  0.000  0.000  0.054  0.000  0.499
   0.00000     14.445491  0.000  0.000  0.000  0.083  0.341  0.000  0.000  0.057  0.000  0.481
 
# Band-Index:   31
   0.00000     15.629318  0.000  0.000  0.000  0.061  0.273  0.000  0.000  0.090  0.000  0.424
   0.02838     15.708309  0.000  0.000  0.000  0.065  0.272  0.000  0.000  0.089  0.000  0.427
   0.05676     15.905570  0.000  0.002  0.000  0.070  0.272  0.000  0.004  0.082  0.000  0.434
   0.08514     16.113644  0.059  0.159  0.022  0.000  0.000  0.053  0.202  0.000  0.042  0.536
   0.11352     16.171399  0.051  0.153  0.033  0.000  0.000  0.054  0.201  0.000  0.043  0.536
   0.14190     16.195929  0.045  0.142  0.047  0.000  0.000  0.058  0.200  0.000  0.040  0.533
   0.17028     16.169879  0.041  0.128  0.059  0.000  0.000  0.063  0.197  0.000  0.040  0.528
   0.19866     16.084254  0.039  0.106  0.069  0.000  0.000  0.068  0.194  0.000  0.040  0.518
   0.22704     15.943043  0.038  0.087  0.076  0.000  0.000  0.072  0.190  0.000  0.043  0.505
   0.25542     15.758692  0.039  0.068  0.079  0.000  0.000  0.075  0.190  0.000  0.044  0.493
   0.28380     15.545041  0.041  0.053  0.079  0.000  0.000  0.075  0.189  0.000  0.048  0.484
   0.31218     15.313439  0.042  0.041  0.076  0.000  0.000  0.073  0.187  0.000  0.049  0.472
   0.34056     15.071967  0.041  0.034  0.073  0.000  0.000  0.071  0.191  0.000  0.053  0.465
   0.36894     14.826014  0.041  0.030  0.070  0.000  0.000  0.068  0.191  0.000  0.056  0.456
   0.39732     14.579012  0.040  0.026  0.066  0.000  0.000  0.064  0.195  0.000  0.058  0.449
   0.42570     14.333315  0.037  0.027  0.060  0.000  0.000  0.058  0.200  0.000  0.062  0.443
   0.45408     14.100146  0.022  0.019  0.036  0.023  0.053  0.035  0.134  0.088  0.041  0.450
   0.48246     14.224575  0.000  0.000  0.000  0.065  0.138  0.000  0.000  0.278  0.000  0.485
   0.51084     14.375774  0.000  0.000  0.000  0.060  0.130  0.000  0.000  0.301  0.000  0.495
   0.53922     14.519985  0.000  0.000  0.000  0.049  0.127  0.000  0.000  0.336  0.000  0.512
   0.56760     14.612719  0.001  0.000  0.000  0.038  0.131  0.000  0.000  0.372  0.001  0.544
   0.59598     14.549539  0.042  0.018  0.012  0.030  0.083  0.024  0.007  0.191  0.054  0.465
   0.62436     14.348480  0.001  0.000  0.000  0.098  0.179  0.000  0.000  0.304  0.001  0.585
   0.65274     14.071229  0.000  0.000  0.000  0.123  0.189  0.000  0.000  0.267  0.000  0.582
   0.68112     13.773967  0.000  0.001  0.000  0.137  0.193  0.000  0.000  0.243  0.000  0.576
   0.70950     13.472477  0.001  0.001  0.000  0.143  0.195  0.000  0.000  0.226  0.000  0.572
   0.73788     13.173350  0.003  0.007  0.006  0.140  0.184  0.006  0.001  0.202  0.007  0.556
   0.76626     12.889849  0.033  0.052  0.048  0.043  0.055  0.063  0.016  0.057  0.060  0.429
   0.79464     12.632487  0.044  0.058  0.066  0.006  0.008  0.086  0.020  0.007  0.080  0.378
   0.82302     12.383697  0.045  0.049  0.071  0.002  0.003  0.091  0.020  0.002  0.082  0.363
   0.85140     12.142486  0.044  0.040  0.074  0.002  0.002  0.090  0.019  0.002  0.082  0.352
   0.87978     11.910946  0.043  0.033  0.073  0.001  0.001  0.089  0.019  0.000  0.078  0.338
   0.90816     11.695047  0.045  0.024  0.074  0.000  0.000  0.080  0.018  0.000  0.073  0.316
   0.93654     11.512831  0.064  0.017  0.071  0.000  0.000  0.063  0.019  0.000  0.070  0.303
   0.96492     11.388431  0.086  0.009  0.071  0.000  0.000  0.062  0.016  0.000  0.080  0.324
   0.99330     11.297156  0.076  0.008  0.069  0.000  0.000  0.073  0.013  0.000  0.093  0.333
   1.02168     11.204272  0.049  0.005  0.076  0.000  0.000  0.074  0.010  0.000  0.096  0.311
   1.05006     11.100457  0.022  0.003  0.102  0.000  0.000  0.059  0.004  0.000  0.077  0.267
   1.07844     11.004560  0.007  0.000  0.142  0.000  0.000  0.024  0.002  0.000  0.031  0.205
   1.10682     10.962246  0.000  0.000  0.166  0.000  0.000  0.000  0.000  0.000  0.000  0.166
   1.10682     10.962246  0.000  0.000  0.166  0.000  0.000  0.000  0.000  0.000  0.000  0.166
   1.13528     10.999808  0.008  0.000  0.142  0.000  0.000  0.021  0.002  0.000  0.029  0.202
   1.16374     11.090857  0.020  0.004  0.100  0.000  0.000  0.053  0.006  0.000  0.071  0.256
   1.19219     11.205886  0.035  0.011  0.067  0.000  0.000  0.074  0.009  0.000  0.097  0.295
   1.22065     11.328426  0.050  0.016  0.044  0.000  0.000  0.084  0.014  0.000  0.109  0.317
   1.24911     11.450499  0.064  0.019  0.034  0.000  0.000  0.087  0.016  0.000  0.111  0.333
   1.27757     11.570457  0.075  0.020  0.029  0.000  0.000  0.089  0.019  0.000  0.111  0.343
   1.30602     11.695419  0.060  0.017  0.020  0.023  0.049  0.075  0.016  0.049  0.089  0.395
   1.33448     11.922852  0.000  0.000  0.000  0.115  0.211  0.000  0.000  0.230  0.000  0.559
   1.36294     12.165491  0.000  0.000  0.000  0.120  0.207  0.000  0.000  0.237  0.000  0.564
   1.39139     12.414770  0.000  0.000  0.000  0.121  0.203  0.000  0.000  0.244  0.000  0.570
   1.41985     12.668887  0.000  0.000  0.000  0.123  0.199  0.000  0.000  0.253  0.000  0.577
   1.44831     12.925744  0.000  0.000  0.000  0.121  0.196  0.000  0.000  0.266  0.000  0.584
   1.47677     13.182648  0.000  0.000  0.000  0.117  0.196  0.000  0.000  0.280  0.000  0.590
   1.50522     13.435482  0.000  0.000  0.000  0.111  0.191  0.000  0.000  0.298  0.000  0.601
   1.53368     13.677369  0.000  0.000  0.000  0.100  0.189  0.000  0.000  0.323  0.000  0.613
   1.56214     13.895718  0.000  0.000  0.000  0.086  0.184  0.000  0.000  0.356  0.000  0.624
   1.59060     14.068532  0.000  0.000  0.000  0.068  0.173  0.000  0.000  0.392  0.000  0.633
   1.61905     14.164965  0.001  0.000  0.000  0.050  0.157  0.000  0.000  0.421  0.000  0.631
   1.64751     14.167158  0.000  0.000  0.000  0.044  0.140  0.000  0.000  0.422  0.000  0.609
   1.67597     14.092179  0.001  0.001  0.000  0.046  0.128  0.000  0.000  0.403  0.000  0.581
   1.70442     13.973988  0.001  0.001  0.003  0.049  0.122  0.000  0.000  0.376  0.000  0.554
   1.73288     13.866463  0.053  0.025  0.061  0.005  0.011  0.047  0.154  0.033  0.069  0.463
   1.76134     14.096246  0.068  0.034  0.071  0.000  0.000  0.056  0.166  0.000  0.074  0.471
   1.78980     14.337034  0.070  0.037  0.076  0.000  0.000  0.059  0.164  0.000  0.073  0.479
   1.81825     14.584151  0.067  0.043  0.083  0.000  0.000  0.062  0.161  0.000  0.072  0.489
   1.84671     14.834747  0.066  0.049  0.087  0.000  0.000  0.064  0.160  0.000  0.067  0.496
   1.87517     15.085037  0.062  0.058  0.092  0.000  0.000  0.066  0.160  0.000  0.065  0.504
   1.90362     15.329686  0.057  0.068  0.095  0.000  0.000  0.065  0.161  0.000  0.062  0.511
   1.93208     15.561044  0.052  0.083  0.096  0.000  0.000  0.065  0.163  0.000  0.061  0.520
   1.96054     15.768386  0.047  0.099  0.093  0.000  0.000  0.062  0.168  0.000  0.057  0.528
   1.98900     15.937599  0.044  0.119  0.089  0.000  0.000  0.060  0.174  0.000  0.056  0.537
   2.01745     16.053450  0.039  0.141  0.080  0.000  0.000  0.054  0.180  0.000  0.053  0.545
   2.04591     16.105988  0.040  0.160  0.065  0.000  0.000  0.048  0.186  0.000  0.049  0.549
   2.07437     16.098152  0.042  0.173  0.053  0.000  0.000  0.044  0.192  0.000  0.048  0.551
   2.10282     16.046369  0.045  0.178  0.040  0.000  0.001  0.040  0.195  0.000  0.048  0.549
   2.13128     15.973129  0.050  0.175  0.029  0.002  0.006  0.038  0.195  0.001  0.047  0.544
   2.15974     15.856372  0.003  0.013  0.002  0.061  0.274  0.003  0.014  0.071  0.002  0.443
   2.18820     15.693514  0.000  0.000  0.000  0.062  0.279  0.000  0.000  0.084  0.000  0.428
   2.21665     15.629318  0.000  0.000  0.000  0.061  0.273  0.000  0.000  0.090  0.000  0.424
 
# Band-Index:   32
   2.21665     15.842668  0.059  0.166  0.017  0.000  0.000  0.040  0.207  0.000  0.049  0.538
   2.18820     15.859122  0.058  0.169  0.019  0.000  0.000  0.040  0.205  0.000  0.049  0.539
   2.15974     15.909921  0.052  0.163  0.022  0.005  0.020  0.037  0.189  0.004  0.045  0.536
   2.13128     16.086361  0.000  0.004  0.000  0.066  0.299  0.000  0.004  0.066  0.000  0.445
   2.10282     16.340490  0.000  0.000  0.000  0.069  0.316  0.000  0.000  0.062  0.000  0.449
   2.07437     16.614452  0.000  0.000  0.000  0.071  0.326  0.000  0.000  0.053  0.000  0.452
   2.04591     16.901226  0.000  0.001  0.000  0.071  0.334  0.000  0.000  0.048  0.000  0.456
   2.01745     17.196279  0.000  0.005  0.001  0.071  0.340  0.000  0.002  0.040  0.000  0.462
   1.98900     17.445273  0.025  0.240  0.071  0.004  0.023  0.046  0.104  0.002  0.025  0.541
   1.96054     17.512245  0.028  0.257  0.072  0.000  0.000  0.047  0.074  0.000  0.029  0.509
   1.93208     17.425225  0.034  0.229  0.056  0.000  0.000  0.044  0.045  0.000  0.047  0.452
   1.90362     17.201705  0.038  0.186  0.037  0.000  0.000  0.041  0.036  0.000  0.067  0.407
   1.87517     16.905508  0.043  0.154  0.025  0.000  0.000  0.039  0.036  0.000  0.084  0.381
   1.84671     16.580437  0.047  0.133  0.019  0.000  0.000  0.037  0.038  0.000  0.094  0.366
   1.81825     16.247043  0.052  0.115  0.016  0.000  0.000  0.037  0.039  0.000  0.100  0.357
   1.78980     15.915152  0.057  0.103  0.012  0.000  0.000  0.036  0.038  0.000  0.104  0.352
   1.76134     15.590301  0.063  0.093  0.011  0.000  0.000  0.038  0.038  0.000  0.108  0.348
   1.73288     15.276329  0.069  0.082  0.010  0.000  0.000  0.037  0.034  0.000  0.110  0.346
   1.70442     14.976783  0.078  0.071  0.010  0.000  0.000  0.039  0.031  0.000  0.116  0.343
   1.67597     14.696007  0.087  0.058  0.012  0.000  0.000  0.040  0.028  0.000  0.121  0.343
   1.64751     14.441442  0.100  0.040  0.013  0.000  0.000  0.042  0.021  0.000  0.128  0.346
   1.61905     14.229069  0.118  0.021  0.017  0.000  0.000  0.048  0.014  0.000  0.134  0.354
   1.59060     14.083446  0.128  0.011  0.021  0.000  0.000  0.065  0.009  0.000  0.133  0.369
   1.56214     14.001145  0.109  0.015  0.023  0.000  0.000  0.083  0.010  0.000  0.125  0.367
   1.53368     13.946958  0.075  0.026  0.037  0.000  0.000  0.092  0.013  0.000  0.115  0.359
   1.50522     13.887884  0.041  0.042  0.074  0.000  0.000  0.089  0.015  0.000  0.097  0.361
   1.47677     13.794638  0.025  0.062  0.125  0.000  0.000  0.078  0.017  0.000  0.075  0.379
   1.44831     13.655182  0.028  0.075  0.165  0.000  0.000  0.065  0.018  0.000  0.052  0.406
   1.41985     13.478141  0.045  0.082  0.188  0.000  0.000  0.052  0.020  0.000  0.036  0.425
   1.39139     13.278161  0.068  0.080  0.200  0.000  0.000  0.043  0.024  0.000  0.025  0.439
   1.36294     13.067127  0.091  0.076  0.205  0.000  0.000  0.034  0.025  0.000  0.017  0.449
   1.33448     12.853338  0.114  0.068  0.206  0.000  0.000  0.025  0.027  0.000  0.012  0.455
   1.30602     12.642563  0.136  0.056  0.204  0.000  0.000  0.020  0.029  0.000  0.009  0.455
   1.27757     12.438678  0.155  0.043  0.193  0.000  0.000  0.015  0.032  0.000  0.007  0.446
   1.24911     12.243996  0.165  0.031  0.177  0.000  0.000  0.010  0.035  0.000  0.007  0.428
   1.22065     12.060623  0.168  0.020  0.153  0.000  0.000  0.008  0.039  0.000  0.007  0.397
   1.19219     11.894111  0.174  0.013  0.127  0.000  0.000  0.005  0.045  0.000  0.004  0.367
   1.16374     11.756607  0.181  0.005  0.103  0.000  0.000  0.002  0.050  0.000  0.002  0.345
   1.13528     11.664511  0.195  0.001  0.087  0.000  0.000  0.000  0.052  0.000  0.000  0.336
   1.10682     11.631947  0.200  0.000  0.080  0.000  0.000  0.000  0.054  0.000  0.000  0.334
   1.10682     11.631947  0.200  0.000  0.080  0.000  0.000  0.000  0.054  0.000  0.000  0.334
   1.07844     11.661629  0.195  0.001  0.085  0.000  0.000  0.000  0.054  0.000  0.000  0.335
   1.05006     11.754896  0.176  0.007  0.097  0.000  0.000  0.002  0.050  0.000  0.002  0.338
   1.02168     11.917762  0.143  0.018  0.104  0.000  0.000  0.012  0.045  0.000  0.015  0.337
   0.99330     12.144290  0.106  0.027  0.099  0.000  0.000  0.026  0.041  0.000  0.029  0.330
   0.96492     12.415898  0.073  0.031  0.086  0.000  0.000  0.039  0.039  0.000  0.042  0.310
   0.93654     12.710276  0.051  0.027  0.071  0.000  0.000  0.041  0.040  0.000  0.044  0.275
   0.90816     13.001358  0.056  0.018  0.071  0.000  0.000  0.028  0.046  0.000  0.032  0.253
   0.87978     13.265607  0.078  0.025  0.108  0.000  0.000  0.013  0.044  0.000  0.016  0.287
   0.85140     13.507108  0.082  0.044  0.144  0.000  0.000  0.011  0.040  0.000  0.013  0.336
   0.82302     13.736962  0.071  0.060  0.165  0.000  0.000  0.015  0.037  0.000  0.017  0.364
   0.79464     13.955162  0.053  0.069  0.172  0.000  0.000  0.023  0.037  0.000  0.025  0.376
   0.76626     14.153820  0.035  0.071  0.164  0.000  0.000  0.033  0.034  0.000  0.037  0.374
   0.73788     14.317972  0.025  0.063  0.134  0.000  0.000  0.043  0.031  0.000  0.057  0.356
   0.70950     14.425802  0.035  0.046  0.080  0.000  0.000  0.058  0.027  0.000  0.082  0.330
   0.68112     14.463567  0.071  0.027  0.030  0.000  0.000  0.068  0.022  0.000  0.103  0.322
   0.65274     14.452567  0.108  0.014  0.020  0.000  0.000  0.073  0.017  0.000  0.112  0.343
   0.62436     14.451093  0.119  0.007  0.027  0.000  0.000  0.066  0.011  0.003  0.118  0.353
   0.59598     14.574001  0.045  0.023  0.015  0.028  0.075  0.027  0.009  0.170  0.059  0.455
   0.56760     14.769379  0.068  0.070  0.030  0.000  0.000  0.050  0.027  0.003  0.096  0.346
   0.53922     14.995269  0.066  0.081  0.026  0.000  0.000  0.047  0.036  0.000  0.090  0.344
   0.51084     15.231155  0.066  0.084  0.021  0.000  0.000  0.046  0.040  0.000  0.085  0.342
   0.48246     15.479844  0.066  0.087  0.017  0.000  0.000  0.044  0.044  0.000  0.085  0.339
   0.45408     15.744805  0.065  0.091  0.015  0.000  0.000  0.039  0.048  0.000  0.083  0.342
   0.42570     16.026936  0.062  0.098  0.012  0.000  0.000  0.038  0.048  0.000  0.081  0.342
   0.39732     16.324474  0.059  0.108  0.012  0.000  0.000  0.036  0.051  0.000  0.080  0.343
   0.36894     16.632948  0.051  0.124  0.013  0.000  0.000  0.033  0.051  0.000  0.076  0.348
   0.34056     16.943002  0.045  0.145  0.014  0.000  0.000  0.030  0.052  0.000  0.068  0.355
   0.31218     17.231633  0.035  0.182  0.023  0.000  0.000  0.028  0.054  0.000  0.051  0.374
   0.28380     17.437578  0.023  0.241  0.042  0.000  0.000  0.029  0.066  0.000  0.030  0.430
   0.25542     17.473770  0.016  0.275  0.060  0.000  0.000  0.032  0.100  0.000  0.022  0.504
   0.22704     17.354267  0.018  0.269  0.062  0.000  0.000  0.033  0.133  0.000  0.029  0.544
   0.19866     17.152339  0.020  0.253  0.056  0.000  0.001  0.033  0.155  0.000  0.036  0.556
   0.17028     16.914042  0.026  0.236  0.048  0.000  0.004  0.033  0.169  0.001  0.040  0.558
   0.14190     16.663800  0.031  0.215  0.043  0.003  0.009  0.033  0.175  0.002  0.042  0.552
   0.11352     16.415956  0.031  0.172  0.030  0.013  0.046  0.031  0.156  0.014  0.037  0.532
   0.08514     16.160247  0.006  0.026  0.003  0.067  0.238  0.006  0.027  0.070  0.007  0.450
   0.05676     16.006004  0.056  0.177  0.018  0.000  0.004  0.040  0.199  0.001  0.043  0.539
   0.02838     15.886527  0.058  0.171  0.017  0.000  0.000  0.040  0.204  0.000  0.048  0.539
   0.00000     15.842668  0.059  0.166  0.017  0.000  0.000  0.040  0.207  0.000  0.049  0.538
 
# Band-Index:   33
   0.00000     15.999270  0.068  0.143  0.010  0.000  0.000  0.056  0.208  0.000  0.049  0.533
   0.02838     16.017341  0.066  0.145  0.011  0.000  0.000  0.055  0.207  0.000  0.048  0.534
   0.05676     16.069865  0.058  0.150  0.021  0.000  0.001  0.053  0.204  0.000  0.050  0.537
   0.08514     16.212156  0.037  0.162  0.027  0.011  0.038  0.034  0.169  0.012  0.042  0.533
   0.11352     16.463920  0.006  0.035  0.007  0.068  0.228  0.006  0.031  0.066  0.007  0.456
   0.14190     16.760818  0.000  0.006  0.001  0.081  0.265  0.000  0.006  0.073  0.002  0.438
   0.17028     17.067006  0.000  0.003  0.000  0.086  0.269  0.000  0.002  0.071  0.000  0.431
   0.19866     17.376115  0.000  0.000  0.000  0.088  0.267  0.000  0.000  0.066  0.000  0.424
   0.22704     17.686167  0.000  0.000  0.000  0.090  0.264  0.000  0.000  0.062  0.000  0.417
   0.25542     17.996067  0.000  0.000  0.000  0.093  0.259  0.000  0.000  0.055  0.000  0.407
   0.28380     18.056162  0.034  0.108  0.078  0.000  0.000  0.055  0.063  0.000  0.135  0.472
   0.31218     17.855358  0.033  0.129  0.088  0.000  0.000  0.065  0.046  0.000  0.125  0.486
   0.34056     17.626918  0.032  0.125  0.082  0.000  0.000  0.069  0.032  0.000  0.120  0.461
   0.36894     17.360569  0.034  0.107  0.078  0.000  0.000  0.075  0.026  0.000  0.119  0.437
   0.39732     17.072442  0.033  0.090  0.074  0.000  0.000  0.078  0.023  0.000  0.120  0.420
   0.42570     16.776367  0.036  0.074  0.075  0.000  0.000  0.081  0.023  0.000  0.119  0.408
   0.45408     16.481881  0.036  0.058  0.077  0.001  0.001  0.082  0.024  0.000  0.120  0.400
   0.48246     16.196332  0.035  0.042  0.083  0.004  0.005  0.084  0.023  0.005  0.115  0.395
   0.51084     15.923164  0.026  0.021  0.075  0.046  0.045  0.068  0.022  0.029  0.088  0.419
   0.53922     15.644590  0.004  0.004  0.019  0.184  0.168  0.014  0.006  0.081  0.018  0.499
   0.56760     15.412302  0.002  0.001  0.015  0.211  0.170  0.009  0.004  0.054  0.011  0.478
   0.59598     15.307163  0.007  0.017  0.120  0.074  0.053  0.053  0.027  0.025  0.050  0.427
   0.62436     15.201267  0.004  0.044  0.216  0.002  0.001  0.070  0.042  0.003  0.056  0.439
   0.65274     15.101989  0.011  0.065  0.236  0.000  0.000  0.063  0.041  0.000  0.042  0.458
   0.68112     15.017726  0.032  0.075  0.218  0.000  0.000  0.053  0.038  0.000  0.038  0.450
   0.70950     14.947080  0.046  0.070  0.158  0.000  0.000  0.044  0.033  0.000  0.051  0.399
   0.73788     14.858965  0.030  0.066  0.106  0.000  0.000  0.043  0.025  0.000  0.072  0.345
   0.76626     14.694977  0.009  0.074  0.098  0.000  0.000  0.058  0.020  0.000  0.090  0.349
   0.79464     14.445611  0.008  0.090  0.116  0.000  0.000  0.076  0.014  0.000  0.095  0.398
   0.82302     14.144601  0.022  0.104  0.141  0.000  0.000  0.086  0.009  0.000  0.094  0.459
   0.85140     13.822894  0.051  0.119  0.176  0.000  0.000  0.091  0.005  0.000  0.086  0.527
   0.87978     13.504786  0.101  0.129  0.223  0.000  0.000  0.081  0.001  0.000  0.073  0.608
   0.90816     13.218218  0.171  0.124  0.271  0.000  0.000  0.055  0.003  0.000  0.046  0.671
   0.93654     12.981671  0.231  0.097  0.286  0.000  0.000  0.028  0.007  0.000  0.023  0.672
   0.96492     12.786569  0.271  0.069  0.283  0.000  0.000  0.015  0.013  0.000  0.010  0.661
   0.99330     12.624852  0.307  0.046  0.282  0.000  0.000  0.007  0.013  0.000  0.004  0.662
   1.02168     12.496050  0.338  0.027  0.286  0.000  0.000  0.003  0.015  0.000  0.001  0.673
   1.05006     12.402169  0.365  0.013  0.292  0.000  0.000  0.000  0.013  0.000  0.000  0.686
   1.07844     12.345128  0.383  0.003  0.295  0.000  0.000  0.000  0.014  0.000  0.000  0.697
   1.10682     12.326011  0.390  0.000  0.298  0.000  0.000  0.000  0.014  0.000  0.000  0.701
   1.10682     12.326011  0.390  0.000  0.298  0.000  0.000  0.000  0.014  0.000  0.000  0.701
   1.13528     12.346693  0.382  0.003  0.295  0.000  0.000  0.000  0.014  0.000  0.000  0.697
   1.16374     12.410684  0.361  0.014  0.289  0.000  0.000  0.002  0.013  0.000  0.001  0.682
   1.19219     12.522928  0.321  0.030  0.275  0.000  0.000  0.005  0.015  0.000  0.004  0.652
   1.22065     12.688018  0.268  0.049  0.253  0.000  0.000  0.011  0.017  0.000  0.012  0.610
   1.24911     12.904811  0.208  0.066  0.227  0.000  0.000  0.022  0.018  0.000  0.024  0.564
   1.27757     13.163942  0.152  0.080  0.204  0.000  0.000  0.031  0.018  0.000  0.035  0.521
   1.30602     13.450906  0.105  0.090  0.183  0.000  0.000  0.038  0.018  0.000  0.048  0.487
   1.33448     13.749472  0.070  0.097  0.166  0.000  0.000  0.042  0.021  0.000  0.060  0.453
   1.36294     14.041530  0.038  0.098  0.148  0.000  0.000  0.044  0.021  0.000  0.071  0.420
   1.39139     14.304878  0.018  0.094  0.129  0.000  0.000  0.041  0.024  0.000  0.080  0.384
   1.41985     14.513259  0.010  0.086  0.109  0.000  0.000  0.036  0.029  0.000  0.087  0.358
   1.44831     14.650459  0.023  0.074  0.099  0.000  0.000  0.035  0.033  0.000  0.087  0.350
   1.47677     14.736410  0.043  0.067  0.110  0.000  0.000  0.036  0.035  0.000  0.080  0.373
   1.50522     14.819318  0.051  0.067  0.146  0.000  0.000  0.042  0.032  0.000  0.068  0.409
   1.53368     14.930703  0.041  0.068  0.183  0.000  0.000  0.048  0.028  0.000  0.062  0.434
   1.56214     15.071661  0.027  0.064  0.205  0.000  0.000  0.058  0.026  0.000  0.064  0.442
   1.59060     15.234118  0.014  0.053  0.207  0.000  0.000  0.066  0.022  0.000  0.074  0.434
   1.61905     15.414441  0.007  0.038  0.193  0.002  0.001  0.074  0.021  0.000  0.084  0.422
   1.64751     15.611542  0.005  0.026  0.153  0.027  0.018  0.072  0.018  0.007  0.083  0.406
   1.67597     15.819283  0.002  0.007  0.050  0.135  0.104  0.028  0.007  0.048  0.036  0.418
   1.70442     16.053823  0.001  0.003  0.020  0.166  0.139  0.013  0.002  0.081  0.017  0.443
   1.73288     16.317710  0.001  0.002  0.013  0.164  0.150  0.011  0.002  0.103  0.012  0.461
   1.76134     16.599201  0.001  0.002  0.010  0.161  0.160  0.009  0.001  0.119  0.011  0.472
   1.78980     16.889316  0.001  0.001  0.004  0.160  0.168  0.004  0.001  0.133  0.006  0.482
   1.81825     17.180119  0.000  0.000  0.001  0.161  0.177  0.001  0.000  0.144  0.003  0.488
   1.84671     17.462564  0.000  0.000  0.000  0.154  0.184  0.000  0.000  0.148  0.000  0.489
   1.87517     17.723216  0.000  0.000  0.000  0.143  0.196  0.000  0.000  0.142  0.000  0.482
   1.90362     17.934760  0.000  0.000  0.000  0.122  0.230  0.000  0.000  0.117  0.000  0.470
   1.93208     18.007032  0.000  0.000  0.000  0.066  0.357  0.000  0.000  0.045  0.000  0.468
   1.96054     17.795983  0.000  0.000  0.000  0.062  0.382  0.000  0.000  0.023  0.000  0.469
   1.98900     17.502956  0.001  0.017  0.005  0.065  0.338  0.002  0.008  0.032  0.001  0.469
   2.01745     17.286157  0.027  0.236  0.067  0.000  0.007  0.049  0.139  0.001  0.028  0.558
   2.04591     17.069058  0.032  0.223  0.057  0.000  0.001  0.050  0.161  0.000  0.034  0.559
   2.07437     16.830792  0.036  0.207  0.046  0.000  0.000  0.051  0.173  0.000  0.038  0.554
   2.10282     16.590839  0.044  0.191  0.036  0.000  0.000  0.053  0.183  0.000  0.042  0.548
   2.13128     16.366817  0.052  0.174  0.026  0.000  0.000  0.053  0.192  0.000  0.043  0.542
   2.15974     16.178008  0.060  0.159  0.017  0.000  0.000  0.054  0.201  0.000  0.047  0.537
   2.18820     16.047286  0.065  0.147  0.013  0.000  0.000  0.055  0.206  0.000  0.048  0.535
   2.21665     15.999270  0.068  0.143  0.010  0.000  0.000  0.056  0.208  0.000  0.049  0.533
 
# Band-Index:   34
   2.21665     16.726928  0.000  0.000  0.000  0.071  0.140  0.000  0.000  0.070  0.000  0.282
   2.18820     16.767594  0.000  0.000  0.000  0.073  0.142  0.000  0.000  0.069  0.000  0.285
   2.15974     16.882585  0.000  0.000  0.000  0.077  0.148  0.000  0.000  0.068  0.000  0.294
   2.13128     17.055306  0.000  0.000  0.000  0.083  0.156  0.000  0.000  0.067  0.000  0.304
   2.10282     17.267039  0.000  0.000  0.000  0.087  0.160  0.000  0.000  0.065  0.000  0.313
   2.07437     17.500466  0.000  0.000  0.000  0.093  0.162  0.000  0.000  0.065  0.000  0.323
   2.04591     17.738346  0.000  0.000  0.000  0.102  0.160  0.000  0.000  0.069  0.000  0.331
   2.01745     17.959421  0.000  0.000  0.000  0.113  0.151  0.000  0.000  0.076  0.000  0.341
   1.98900     18.133488  0.000  0.000  0.000  0.129  0.135  0.000  0.000  0.094  0.000  0.359
   1.96054     18.226951  0.000  0.000  0.000  0.154  0.107  0.000  0.000  0.125  0.000  0.387
   1.93208     18.288489  0.000  0.000  0.000  0.168  0.130  0.000  0.000  0.129  0.000  0.427
   1.90362     18.164653  0.025  0.073  0.088  0.000  0.000  0.062  0.019  0.000  0.101  0.368
   1.87517     17.857438  0.025  0.060  0.082  0.000  0.000  0.072  0.019  0.000  0.111  0.371
   1.84671     17.542170  0.026  0.051  0.082  0.000  0.000  0.077  0.020  0.000  0.115  0.373
   1.81825     17.229996  0.024  0.043  0.083  0.003  0.005  0.081  0.021  0.002  0.116  0.375
   1.78980     16.925895  0.022  0.034  0.088  0.009  0.008  0.080  0.021  0.007  0.112  0.379
   1.76134     16.632878  0.019  0.027  0.094  0.016  0.016  0.080  0.017  0.011  0.106  0.385
   1.73288     16.353566  0.013  0.022  0.101  0.021  0.019  0.077  0.019  0.013  0.102  0.388
   1.70442     16.091451  0.010  0.020  0.114  0.028  0.025  0.075  0.017  0.013  0.093  0.393
   1.67597     15.852761  0.006  0.015  0.103  0.067  0.050  0.056  0.013  0.023  0.069  0.405
   1.64751     15.667395  0.000  0.004  0.022  0.185  0.120  0.010  0.002  0.049  0.011  0.404
   1.61905     15.584531  0.000  0.001  0.004  0.205  0.118  0.001  0.000  0.057  0.000  0.383
   1.59060     15.612452  0.000  0.000  0.000  0.193  0.103  0.000  0.000  0.085  0.000  0.381
   1.56214     15.729921  0.000  0.000  0.000  0.177  0.092  0.000  0.000  0.121  0.000  0.391
   1.53368     15.905141  0.000  0.000  0.000  0.162  0.086  0.000  0.000  0.154  0.000  0.403
   1.50522     16.115255  0.000  0.000  0.000  0.152  0.083  0.000  0.000  0.179  0.000  0.414
   1.47677     16.347102  0.000  0.000  0.000  0.141  0.082  0.000  0.000  0.197  0.000  0.422
   1.44831     16.421646  0.118  0.043  0.061  0.000  0.000  0.242  0.015  0.000  0.075  0.555
   1.41985     16.410246  0.135  0.038  0.039  0.000  0.000  0.241  0.019  0.000  0.073  0.547
   1.39139     16.516669  0.134  0.033  0.023  0.000  0.000  0.234  0.023  0.000  0.073  0.520
   1.36294     16.714191  0.123  0.028  0.015  0.000  0.000  0.230  0.027  0.000  0.071  0.493
   1.33448     16.970756  0.110  0.026  0.014  0.000  0.000  0.226  0.029  0.000  0.067  0.470
   1.30602     17.262122  0.099  0.025  0.015  0.000  0.000  0.225  0.030  0.000  0.062  0.456
   1.27757     17.571434  0.087  0.024  0.021  0.000  0.000  0.229  0.029  0.000  0.054  0.444
   1.24911     17.885784  0.077  0.022  0.025  0.000  0.000  0.238  0.028  0.000  0.044  0.436
   1.22065     18.193838  0.068  0.022  0.032  0.000  0.000  0.252  0.026  0.000  0.033  0.430
   1.19219     18.484285  0.057  0.021  0.035  0.000  0.000  0.272  0.022  0.000  0.023  0.429
   1.16374     18.744222  0.042  0.024  0.032  0.000  0.000  0.304  0.017  0.000  0.012  0.432
   1.13528     18.952551  0.021  0.032  0.018  0.000  0.000  0.359  0.009  0.000  0.005  0.443
   1.10682     19.046898  0.000  0.036  0.000  0.001  0.000  0.402  0.000  0.012  0.002  0.455
   1.10682     19.046898  0.000  0.036  0.000  0.001  0.000  0.402  0.000  0.012  0.002  0.455
   1.07844     18.931303  0.023  0.032  0.020  0.000  0.000  0.348  0.009  0.002  0.006  0.440
   1.05006     18.693237  0.044  0.029  0.030  0.000  0.000  0.291  0.017  0.000  0.016  0.429
   1.02168     18.410674  0.057  0.030  0.031  0.000  0.000  0.263  0.022  0.000  0.025  0.424
   0.99330     18.106070  0.066  0.032  0.028  0.000  0.000  0.244  0.022  0.000  0.032  0.425
   0.96492     17.790660  0.075  0.033  0.023  0.000  0.000  0.231  0.023  0.000  0.040  0.427
   0.93654     17.472588  0.082  0.035  0.017  0.000  0.000  0.224  0.024  0.000  0.046  0.433
   0.90816     17.158950  0.092  0.038  0.015  0.000  0.000  0.220  0.025  0.000  0.051  0.442
   0.87978     16.857055  0.103  0.039  0.012  0.000  0.000  0.219  0.024  0.000  0.056  0.455
   0.85140     16.575479  0.114  0.042  0.015  0.000  0.000  0.224  0.024  0.000  0.059  0.477
   0.82302     16.326390  0.126  0.044  0.021  0.000  0.000  0.231  0.022  0.000  0.063  0.507
   0.79464     16.129616  0.132  0.049  0.037  0.000  0.000  0.247  0.021  0.000  0.063  0.549
   0.76626     16.019062  0.127  0.055  0.062  0.000  0.000  0.266  0.017  0.000  0.065  0.593
   0.73788     16.037669  0.099  0.059  0.084  0.000  0.000  0.277  0.014  0.000  0.070  0.605
   0.70950     16.106757  0.001  0.000  0.000  0.130  0.114  0.005  0.000  0.206  0.000  0.460
   0.68112     15.869820  0.000  0.000  0.000  0.142  0.120  0.000  0.000  0.195  0.000  0.457
   0.65274     15.649952  0.000  0.000  0.000  0.156  0.126  0.000  0.000  0.170  0.000  0.455
   0.62436     15.465259  0.000  0.001  0.004  0.178  0.134  0.001  0.000  0.130  0.000  0.449
   0.59598     15.378590  0.002  0.009  0.064  0.145  0.107  0.026  0.015  0.051  0.025  0.442
   0.56760     15.502545  0.016  0.015  0.132  0.027  0.021  0.077  0.033  0.007  0.082  0.407
   0.53922     15.703880  0.023  0.014  0.098  0.038  0.033  0.074  0.027  0.015  0.088  0.409
   0.51084     15.965246  0.007  0.007  0.022  0.162  0.158  0.020  0.005  0.098  0.025  0.504
   0.48246     16.286822  0.001  0.001  0.002  0.193  0.194  0.002  0.001  0.142  0.004  0.539
   0.45408     16.627291  0.000  0.000  0.000  0.189  0.197  0.000  0.000  0.157  0.001  0.546
   0.42570     16.975935  0.000  0.000  0.000  0.184  0.192  0.000  0.000  0.168  0.000  0.546
   0.39732     17.328293  0.000  0.000  0.000  0.183  0.184  0.000  0.000  0.176  0.000  0.543
   0.36894     17.679609  0.000  0.000  0.000  0.182  0.173  0.000  0.000  0.181  0.000  0.536
   0.34056     18.020443  0.000  0.000  0.000  0.184  0.151  0.000  0.000  0.180  0.000  0.515
   0.31218     18.319169  0.000  0.000  0.000  0.184  0.114  0.000  0.000  0.157  0.000  0.457
   0.28380     18.297658  0.000  0.000  0.000  0.100  0.237  0.000  0.000  0.046  0.000  0.383
   0.25542     18.287691  0.028  0.095  0.059  0.000  0.000  0.042  0.064  0.000  0.127  0.417
   0.22704     18.224993  0.000  0.000  0.000  0.118  0.180  0.000  0.000  0.064  0.000  0.362
   0.19866     17.948636  0.000  0.000  0.000  0.102  0.196  0.000  0.000  0.055  0.000  0.354
   0.17028     17.675046  0.000  0.000  0.000  0.092  0.197  0.000  0.000  0.054  0.000  0.343
   0.14190     17.419895  0.000  0.000  0.000  0.086  0.190  0.000  0.000  0.054  0.000  0.330
   0.11352     17.192432  0.000  0.000  0.000  0.081  0.179  0.000  0.000  0.057  0.000  0.318
   0.08514     17.000650  0.000  0.000  0.000  0.078  0.165  0.000  0.000  0.062  0.000  0.306
   0.05676     16.853166  0.000  0.000  0.000  0.076  0.153  0.000  0.000  0.065  0.000  0.293
   0.02838     16.759288  0.000  0.000  0.000  0.072  0.143  0.000  0.000  0.068  0.000  0.286
   0.00000     16.726928  0.000  0.000  0.000  0.071  0.140  0.000  0.000  0.070  0.000  0.282
 
# Band-Index:   35
   0.00000     19.315477  0.005  0.056  0.176  0.000  0.000  0.008  0.093  0.000  0.078  0.417
   0.02838     19.307925  0.006  0.059  0.173  0.000  0.000  0.008  0.085  0.000  0.078  0.409
   0.05676     19.242626  0.015  0.074  0.138  0.000  0.000  0.028  0.041  0.000  0.066  0.363
   0.08514     19.061963  0.031  0.074  0.104  0.000  0.000  0.060  0.052  0.000  0.050  0.371
   0.11352     18.880233  0.038  0.082  0.084  0.000  0.000  0.070  0.063  0.000  0.047  0.384
   0.14190     18.740011  0.041  0.100  0.068  0.000  0.000  0.071  0.070  0.000  0.044  0.395
   0.17028     18.655394  0.035  0.124  0.056  0.000  0.000  0.066  0.074  0.000  0.045  0.400
   0.19866     18.611854  0.022  0.148  0.048  0.000  0.000  0.051  0.076  0.000  0.047  0.396
   0.22704     18.517092  0.014  0.132  0.054  0.000  0.000  0.036  0.067  0.000  0.081  0.380
   0.25542     18.463619  0.000  0.000  0.000  0.150  0.138  0.000  0.000  0.086  0.000  0.375
   0.28380     18.545849  0.000  0.000  0.000  0.190  0.108  0.000  0.000  0.148  0.000  0.446
   0.31218     18.651512  0.000  0.000  0.000  0.108  0.264  0.000  0.000  0.075  0.000  0.449
   0.34056     18.959434  0.000  0.000  0.000  0.105  0.259  0.000  0.000  0.059  0.000  0.424
   0.36894     19.063225  0.011  0.090  0.104  0.000  0.000  0.083  0.049  0.000  0.102  0.440
   0.39732     18.990534  0.012  0.098  0.090  0.000  0.000  0.095  0.054  0.000  0.086  0.438
   0.42570     18.883893  0.021  0.098  0.066  0.000  0.000  0.110  0.058  0.000  0.065  0.419
   0.45408     18.720908  0.032  0.087  0.040  0.000  0.000  0.127  0.058  0.000  0.043  0.390
   0.48246     18.496060  0.042  0.066  0.022  0.000  0.000  0.137  0.056  0.000  0.034  0.357
   0.51084     18.226217  0.047  0.046  0.014  0.000  0.000  0.146  0.051  0.000  0.032  0.334
   0.53922     17.932022  0.048  0.029  0.011  0.000  0.000  0.156  0.046  0.000  0.036  0.326
   0.56760     17.627424  0.045  0.017  0.014  0.000  0.000  0.169  0.042  0.000  0.044  0.331
   0.59598     17.320328  0.038  0.012  0.023  0.000  0.000  0.185  0.038  0.000  0.053  0.348
   0.62436     17.015293  0.034  0.015  0.036  0.000  0.000  0.204  0.032  0.000  0.063  0.383
   0.65274     16.716923  0.033  0.026  0.054  0.000  0.000  0.225  0.025  0.000  0.071  0.433
   0.68112     16.434901  0.040  0.040  0.073  0.000  0.000  0.248  0.021  0.000  0.076  0.496
   0.70950     16.194193  0.064  0.053  0.085  0.002  0.001  0.262  0.017  0.004  0.074  0.562
   0.73788     16.358518  0.000  0.000  0.000  0.126  0.115  0.000  0.000  0.223  0.000  0.464
   0.76626     16.616391  0.000  0.000  0.000  0.120  0.112  0.000  0.000  0.233  0.000  0.465
   0.79464     16.880258  0.000  0.000  0.000  0.113  0.110  0.000  0.000  0.241  0.000  0.465
   0.82302     17.148023  0.000  0.000  0.000  0.109  0.108  0.000  0.000  0.249  0.000  0.466
   0.85140     17.417530  0.000  0.000  0.000  0.101  0.105  0.000  0.000  0.260  0.000  0.467
   0.87978     17.686235  0.000  0.000  0.000  0.093  0.102  0.000  0.000  0.269  0.000  0.466
   0.90816     17.950639  0.000  0.000  0.000  0.086  0.096  0.000  0.000  0.282  0.000  0.465
   0.93654     18.205936  0.000  0.000  0.000  0.076  0.088  0.000  0.000  0.298  0.000  0.463
   0.96492     18.445276  0.000  0.000  0.000  0.067  0.076  0.000  0.000  0.318  0.000  0.462
   0.99330     18.659401  0.000  0.000  0.000  0.057  0.060  0.000  0.000  0.344  0.000  0.460
   1.02168     18.837251  0.000  0.000  0.000  0.047  0.040  0.000  0.000  0.370  0.000  0.458
   1.05006     18.968752  0.000  0.000  0.000  0.039  0.021  0.000  0.000  0.393  0.000  0.455
   1.07844     19.048231  0.000  0.000  0.000  0.037  0.006  0.002  0.000  0.408  0.000  0.453
   1.10682     19.074973  0.000  0.001  0.000  0.035  0.002  0.012  0.000  0.404  0.000  0.455
   1.10682     19.074973  0.000  0.001  0.000  0.035  0.002  0.012  0.000  0.404  0.000  0.455
   1.13528     19.042856  0.000  0.000  0.000  0.038  0.006  0.000  0.000  0.408  0.000  0.453
   1.16374     18.951413  0.000  0.000  0.000  0.046  0.019  0.000  0.000  0.387  0.000  0.453
   1.19219     18.806725  0.000  0.000  0.000  0.056  0.036  0.000  0.000  0.360  0.000  0.452
   1.22065     18.618969  0.000  0.000  0.000  0.067  0.050  0.000  0.000  0.332  0.000  0.450
   1.24911     18.399492  0.000  0.000  0.000  0.078  0.061  0.000  0.000  0.309  0.000  0.449
   1.27757     18.158461  0.000  0.000  0.000  0.088  0.070  0.000  0.000  0.289  0.000  0.447
   1.30602     17.903876  0.000  0.000  0.000  0.097  0.073  0.000  0.000  0.273  0.000  0.445
   1.33448     17.641700  0.000  0.000  0.000  0.107  0.079  0.000  0.000  0.259  0.000  0.444
   1.36294     17.376283  0.000  0.000  0.000  0.114  0.080  0.000  0.000  0.247  0.000  0.441
   1.39139     17.111149  0.000  0.000  0.000  0.122  0.079  0.000  0.000  0.237  0.000  0.438
   1.41985     16.849270  0.000  0.000  0.000  0.128  0.081  0.000  0.000  0.224  0.000  0.435
   1.44831     16.593622  0.000  0.000  0.000  0.135  0.082  0.000  0.000  0.213  0.000  0.430
   1.47677     16.545571  0.091  0.046  0.075  0.000  0.000  0.235  0.014  0.000  0.075  0.537
   1.50522     16.740344  0.065  0.037  0.078  0.000  0.000  0.223  0.015  0.000  0.077  0.494
   1.53368     16.960145  0.047  0.025  0.068  0.000  0.000  0.209  0.019  0.000  0.074  0.442
   1.56214     17.172955  0.043  0.012  0.049  0.000  0.000  0.192  0.027  0.000  0.066  0.389
   1.59060     17.367902  0.054  0.003  0.028  0.000  0.000  0.176  0.035  0.000  0.056  0.349
   1.61905     17.551726  0.064  0.005  0.015  0.000  0.000  0.162  0.042  0.000  0.047  0.331
   1.64751     17.735634  0.072  0.018  0.008  0.000  0.000  0.151  0.045  0.000  0.038  0.330
   1.67597     17.924389  0.072  0.034  0.009  0.000  0.000  0.143  0.049  0.000  0.034  0.342
   1.70442     18.114419  0.068  0.055  0.018  0.000  0.000  0.139  0.051  0.000  0.032  0.361
   1.73288     18.296417  0.059  0.074  0.031  0.000  0.000  0.135  0.050  0.000  0.034  0.383
   1.76134     18.459022  0.047  0.094  0.047  0.000  0.000  0.128  0.048  0.000  0.040  0.406
   1.78980     18.592752  0.034  0.110  0.065  0.000  0.000  0.120  0.045  0.000  0.050  0.427
   1.81825     18.692533  0.024  0.123  0.082  0.000  0.000  0.109  0.041  0.000  0.065  0.443
   1.84671     18.756728  0.017  0.129  0.094  0.000  0.000  0.095  0.040  0.000  0.085  0.461
   1.87517     18.784919  0.015  0.123  0.090  0.003  0.007  0.077  0.047  0.001  0.114  0.479
   1.90362     18.530736  0.000  0.000  0.000  0.122  0.262  0.000  0.000  0.071  0.000  0.456
   1.93208     18.434820  0.019  0.083  0.093  0.000  0.000  0.044  0.031  0.000  0.087  0.357
   1.96054     18.607108  0.005  0.139  0.067  0.000  0.000  0.015  0.077  0.000  0.038  0.342
   1.98900     18.554913  0.026  0.160  0.048  0.000  0.000  0.024  0.114  0.000  0.047  0.420
   2.01745     18.506111  0.035  0.137  0.060  0.000  0.000  0.029  0.104  0.000  0.056  0.422
   2.04591     18.522983  0.038  0.112  0.079  0.000  0.000  0.035  0.096  0.000  0.061  0.421
   2.07437     18.609900  0.037  0.091  0.099  0.000  0.000  0.037  0.088  0.000  0.065  0.418
   2.10282     18.752079  0.031  0.077  0.118  0.000  0.000  0.035  0.085  0.000  0.067  0.415
   2.13128     18.925353  0.025  0.068  0.136  0.000  0.000  0.031  0.081  0.000  0.069  0.412
   2.15974     19.102074  0.018  0.064  0.153  0.000  0.000  0.022  0.083  0.000  0.071  0.408
   2.18820     19.249625  0.010  0.058  0.166  0.000  0.000  0.014  0.088  0.000  0.075  0.410
   2.21665     19.315477  0.005  0.056  0.176  0.000  0.000  0.008  0.093  0.000  0.078  0.417
 
# Band-Index:   36
   2.21665     19.549236  0.014  0.058  0.151  0.000  0.000  0.002  0.045  0.000  0.039  0.305
   2.18820     19.568335  0.013  0.052  0.155  0.000  0.000  0.003  0.053  0.000  0.041  0.317
   2.15974     19.588592  0.014  0.046  0.156  0.000  0.000  0.005  0.063  0.000  0.041  0.327
   2.13128     19.588148  0.017  0.040  0.152  0.000  0.000  0.012  0.073  0.000  0.040  0.334
   2.10282     19.568823  0.019  0.036  0.146  0.000  0.000  0.020  0.076  0.000  0.043  0.339
   2.07437     19.532942  0.022  0.033  0.141  0.000  0.000  0.023  0.071  0.000  0.049  0.340
   2.04591     19.465766  0.024  0.035  0.128  0.000  0.000  0.027  0.037  0.000  0.076  0.325
   2.01745     19.264576  0.023  0.035  0.062  0.000  0.000  0.044  0.035  0.000  0.146  0.347
   1.98900     18.968426  0.026  0.030  0.041  0.000  0.000  0.054  0.080  0.000  0.163  0.394
   1.96054     18.754234  0.034  0.075  0.030  0.000  0.000  0.066  0.145  0.000  0.155  0.507
   1.93208     18.816836  0.014  0.144  0.015  0.000  0.000  0.055  0.203  0.000  0.093  0.523
   1.90362     18.797815  0.016  0.097  0.071  0.000  0.000  0.072  0.079  0.000  0.156  0.494
   1.87517     18.850427  0.000  0.003  0.002  0.107  0.296  0.002  0.000  0.050  0.002  0.466
   1.84671     19.178412  0.000  0.024  0.010  0.085  0.251  0.016  0.051  0.036  0.018  0.492
   1.81825     19.304898  0.002  0.107  0.088  0.000  0.000  0.074  0.208  0.000  0.095  0.576
   1.78980     19.372999  0.002  0.091  0.124  0.000  0.000  0.067  0.158  0.000  0.107  0.553
   1.76134     19.386034  0.003  0.073  0.160  0.000  0.000  0.061  0.103  0.000  0.118  0.518
   1.73288     19.348337  0.003  0.055  0.186  0.000  0.000  0.059  0.064  0.000  0.127  0.496
   1.70442     19.273639  0.005  0.048  0.206  0.000  0.000  0.071  0.042  0.000  0.130  0.498
   1.67597     19.166186  0.011  0.048  0.213  0.000  0.000  0.091  0.031  0.000  0.129  0.525
   1.64751     19.021528  0.027  0.060  0.213  0.000  0.000  0.119  0.027  0.000  0.121  0.567
   1.61905     18.845352  0.056  0.074  0.197  0.000  0.000  0.141  0.028  0.000  0.106  0.599
   1.59060     18.665668  0.089  0.083  0.173  0.000  0.000  0.148  0.032  0.000  0.086  0.610
   1.56214     18.520974  0.115  0.085  0.147  0.000  0.000  0.146  0.037  0.000  0.067  0.598
   1.53368     18.439990  0.129  0.078  0.126  0.000  0.000  0.141  0.043  0.000  0.052  0.569
   1.50522     18.430216  0.129  0.073  0.111  0.000  0.000  0.137  0.045  0.000  0.042  0.539
   1.47677     18.482212  0.121  0.072  0.103  0.000  0.000  0.135  0.046  0.000  0.039  0.514
   1.44831     18.580566  0.110  0.075  0.097  0.000  0.000  0.131  0.043  0.000  0.037  0.495
   1.41985     18.710657  0.097  0.083  0.090  0.000  0.000  0.126  0.040  0.000  0.041  0.481
   1.39139     18.860446  0.084  0.092  0.085  0.000  0.000  0.120  0.036  0.000  0.048  0.468
   1.36294     19.020518  0.073  0.103  0.077  0.000  0.000  0.109  0.031  0.000  0.058  0.455
   1.33448     19.183863  0.065  0.113  0.070  0.000  0.000  0.095  0.027  0.000  0.072  0.444
   1.30602     19.345622  0.056  0.118  0.065  0.000  0.000  0.079  0.023  0.000  0.088  0.433
   1.27757     19.501811  0.051  0.119  0.062  0.000  0.000  0.061  0.023  0.000  0.105  0.422
   1.24911     19.643741  0.053  0.107  0.068  0.000  0.000  0.046  0.026  0.000  0.112  0.415
   1.22065     19.736828  0.067  0.068  0.091  0.000  0.000  0.056  0.043  0.000  0.086  0.412
   1.19219     19.723313  0.083  0.030  0.111  0.000  0.000  0.092  0.059  0.000  0.033  0.408
   1.16374     19.634398  0.095  0.016  0.120  0.000  0.000  0.092  0.063  0.000  0.011  0.401
   1.13528     19.524574  0.113  0.009  0.140  0.000  0.000  0.052  0.067  0.000  0.002  0.386
   1.10682     19.462055  0.134  0.000  0.160  0.000  0.000  0.000  0.075  0.000  0.000  0.371
   1.10682     19.462055  0.134  0.000  0.160  0.000  0.000  0.000  0.075  0.000  0.000  0.371
   1.07844     19.536019  0.112  0.007  0.140  0.000  0.000  0.058  0.067  0.000  0.000  0.385
   1.05006     19.643498  0.096  0.020  0.123  0.000  0.000  0.088  0.063  0.000  0.009  0.400
   1.02168     19.692376  0.084  0.043  0.113  0.000  0.000  0.077  0.063  0.000  0.029  0.409
   0.99330     19.652114  0.076  0.070  0.098  0.000  0.000  0.058  0.061  0.000  0.053  0.416
   0.96492     19.538270  0.072  0.089  0.088  0.000  0.000  0.058  0.060  0.000  0.059  0.427
   0.93654     19.382083  0.072  0.095  0.086  0.000  0.000  0.065  0.063  0.000  0.057  0.441
   0.90816     19.203888  0.076  0.095  0.085  0.000  0.000  0.079  0.067  0.000  0.050  0.455
   0.87978     19.015667  0.086  0.087  0.088  0.000  0.000  0.091  0.073  0.000  0.044  0.469
   0.85140     18.826467  0.094  0.079  0.091  0.000  0.000  0.099  0.076  0.000  0.042  0.484
   0.82302     18.644883  0.106  0.069  0.093  0.000  0.000  0.104  0.080  0.000  0.042  0.496
   0.79464     18.480023  0.120  0.063  0.095  0.000  0.000  0.104  0.083  0.000  0.043  0.508
   0.76626     18.342002  0.133  0.056  0.095  0.000  0.000  0.103  0.082  0.000  0.050  0.520
   0.73788     18.242056  0.147  0.056  0.093  0.000  0.000  0.101  0.080  0.000  0.058  0.536
   0.70950     18.191719  0.155  0.058  0.096  0.000  0.000  0.099  0.075  0.000  0.070  0.558
   0.68112     18.200337  0.157  0.069  0.107  0.000  0.000  0.101  0.068  0.000  0.084  0.584
   0.65274     18.271129  0.149  0.078  0.123  0.000  0.000  0.104  0.058  0.000  0.103  0.613
   0.62436     18.397475  0.128  0.088  0.146  0.000  0.000  0.109  0.046  0.000  0.123  0.640
   0.59598     18.562176  0.098  0.093  0.170  0.000  0.000  0.111  0.034  0.000  0.148  0.655
   0.56760     18.740403  0.067  0.087  0.197  0.000  0.000  0.105  0.024  0.000  0.170  0.651
   0.53922     18.906473  0.035  0.073  0.215  0.000  0.000  0.093  0.018  0.000  0.189  0.626
   0.51084     19.044871  0.015  0.059  0.223  0.000  0.000  0.077  0.018  0.000  0.194  0.585
   0.48246     19.157628  0.006  0.047  0.220  0.000  0.000  0.062  0.025  0.000  0.187  0.547
   0.45408     19.255156  0.002  0.048  0.202  0.000  0.000  0.057  0.039  0.000  0.171  0.520
   0.42570     19.331369  0.003  0.067  0.166  0.000  0.000  0.061  0.074  0.000  0.148  0.520
   0.39732     19.349336  0.002  0.101  0.121  0.000  0.000  0.068  0.124  0.000  0.125  0.542
   0.36894     19.277218  0.000  0.008  0.003  0.101  0.238  0.003  0.010  0.052  0.006  0.426
   0.34056     19.124099  0.010  0.080  0.105  0.000  0.000  0.078  0.050  0.000  0.110  0.431
   0.31218     19.042257  0.014  0.138  0.020  0.000  0.000  0.074  0.198  0.000  0.093  0.535
   0.28380     18.946968  0.021  0.146  0.013  0.000  0.000  0.076  0.168  0.000  0.093  0.520
   0.25542     18.889700  0.041  0.145  0.016  0.000  0.000  0.084  0.126  0.000  0.102  0.512
   0.22704     18.907090  0.063  0.098  0.025  0.000  0.000  0.086  0.079  0.000  0.142  0.496
   0.19866     19.086785  0.057  0.053  0.071  0.000  0.000  0.063  0.027  0.000  0.163  0.434
   0.17028     19.240013  0.029  0.037  0.146  0.000  0.000  0.036  0.052  0.000  0.110  0.408
   0.14190     19.287239  0.019  0.034  0.165  0.000  0.000  0.025  0.093  0.000  0.081  0.418
   0.11352     19.308581  0.016  0.037  0.170  0.000  0.000  0.023  0.110  0.000  0.072  0.425
   0.08514     19.325303  0.016  0.037  0.169  0.000  0.000  0.022  0.120  0.000  0.065  0.429
   0.05676     19.357791  0.023  0.034  0.155  0.000  0.000  0.034  0.123  0.000  0.049  0.415
   0.02838     19.476990  0.020  0.051  0.142  0.000  0.000  0.022  0.064  0.000  0.035  0.335
   0.00000     19.549236  0.014  0.058  0.151  0.000  0.000  0.002  0.045  0.000  0.039  0.305
 
# Band-Index:   37
   0.00000     20.677677  0.073  0.051  0.008  0.000  0.000  0.313  0.231  0.000  0.013  0.691
   0.02838     20.758890  0.065  0.061  0.018  0.000  0.000  0.282  0.227  0.000  0.015  0.666
   0.05676     20.902835  0.039  0.094  0.029  0.000  0.000  0.179  0.231  0.000  0.027  0.603
   0.08514     20.751236  0.023  0.107  0.018  0.000  0.000  0.055  0.172  0.000  0.103  0.476
   0.11352     20.375059  0.029  0.091  0.011  0.000  0.000  0.051  0.144  0.000  0.124  0.451
   0.14190     19.983958  0.036  0.080  0.010  0.000  0.000  0.053  0.153  0.000  0.122  0.453
   0.17028     19.632471  0.034  0.068  0.019  0.000  0.000  0.049  0.196  0.000  0.099  0.466
   0.19866     19.430338  0.023  0.041  0.082  0.000  0.000  0.034  0.233  0.000  0.046  0.459
   0.22704     19.389782  0.020  0.025  0.110  0.000  0.000  0.037  0.207  0.000  0.033  0.432
   0.25542     19.383564  0.017  0.018  0.105  0.000  0.005  0.063  0.141  0.003  0.051  0.401
   0.28380     19.293056  0.012  0.031  0.090  0.000  0.007  0.079  0.051  0.001  0.118  0.387
   0.31218     19.193915  0.010  0.056  0.101  0.000  0.000  0.075  0.039  0.000  0.128  0.411
   0.34056     19.167460  0.007  0.131  0.046  0.000  0.000  0.072  0.189  0.000  0.107  0.552
   0.36894     19.286082  0.003  0.116  0.073  0.008  0.014  0.068  0.160  0.004  0.103  0.547
   0.39732     19.596093  0.000  0.000  0.000  0.115  0.240  0.000  0.000  0.057  0.000  0.412
   0.42570     19.908020  0.000  0.000  0.000  0.127  0.219  0.000  0.000  0.065  0.000  0.411
   0.45408     20.197937  0.000  0.000  0.000  0.145  0.184  0.000  0.000  0.085  0.000  0.414
   0.48246     20.267565  0.088  0.047  0.034  0.000  0.000  0.237  0.112  0.000  0.028  0.547
   0.51084     20.106239  0.090  0.080  0.044  0.000  0.000  0.218  0.078  0.000  0.028  0.539
   0.53922     19.953941  0.088  0.089  0.050  0.000  0.000  0.186  0.067  0.000  0.031  0.508
   0.56760     19.844163  0.078  0.085  0.059  0.000  0.000  0.155  0.061  0.000  0.039  0.477
   0.59598     19.779715  0.066  0.077  0.069  0.000  0.000  0.134  0.056  0.000  0.053  0.459
   0.62436     19.751501  0.056  0.070  0.080  0.000  0.000  0.124  0.050  0.000  0.070  0.450
   0.65274     19.749886  0.048  0.066  0.088  0.000  0.000  0.119  0.047  0.000  0.082  0.448
   0.68112     19.768177  0.043  0.060  0.094  0.000  0.000  0.119  0.044  0.000  0.093  0.451
   0.70950     19.802348  0.038  0.056  0.098  0.000  0.000  0.120  0.042  0.000  0.103  0.457
   0.73788     19.850078  0.035  0.053  0.099  0.000  0.000  0.125  0.043  0.000  0.112  0.466
   0.76626     19.910146  0.033  0.049  0.098  0.000  0.000  0.133  0.043  0.000  0.118  0.474
   0.79464     19.981812  0.030  0.044  0.097  0.000  0.000  0.144  0.045  0.000  0.124  0.488
   0.82302     20.064346  0.031  0.040  0.093  0.001  0.000  0.154  0.050  0.002  0.129  0.500
   0.85140     20.153046  0.024  0.032  0.073  0.027  0.012  0.141  0.044  0.038  0.112  0.503
   0.87978     20.158289  0.000  0.000  0.002  0.162  0.080  0.001  0.000  0.198  0.001  0.448
   0.90816     20.151003  0.000  0.000  0.000  0.167  0.089  0.000  0.000  0.184  0.000  0.443
   0.93654     20.156575  0.000  0.000  0.000  0.170  0.101  0.000  0.000  0.167  0.000  0.440
   0.96492     20.179637  0.000  0.000  0.000  0.173  0.119  0.000  0.000  0.144  0.000  0.437
   0.99330     20.225492  0.000  0.000  0.000  0.173  0.145  0.000  0.000  0.115  0.000  0.435
   1.02168     20.298265  0.000  0.000  0.000  0.168  0.179  0.000  0.000  0.082  0.001  0.434
   1.05006     20.394676  0.000  0.006  0.000  0.148  0.210  0.003  0.000  0.053  0.011  0.435
   1.07844     20.490978  0.000  0.034  0.000  0.097  0.193  0.011  0.002  0.029  0.073  0.440
   1.10682     20.534125  0.000  0.060  0.000  0.058  0.144  0.016  0.000  0.017  0.146  0.443
   1.10682     20.534125  0.000  0.060  0.000  0.058  0.144  0.016  0.000  0.017  0.146  0.443
   1.13528     20.470791  0.002  0.124  0.000  0.007  0.013  0.029  0.006  0.002  0.250  0.436
   1.16374     20.319377  0.006  0.143  0.000  0.000  0.001  0.044  0.015  0.000  0.218  0.430
   1.19219     20.168368  0.012  0.142  0.003  0.000  0.000  0.080  0.029  0.000  0.167  0.432
   1.22065     20.085075  0.028  0.108  0.018  0.000  0.000  0.141  0.056  0.000  0.088  0.441
   1.24911     20.102298  0.044  0.068  0.040  0.000  0.000  0.178  0.084  0.000  0.035  0.450
   1.27757     20.157963  0.051  0.052  0.043  0.001  0.000  0.190  0.103  0.000  0.018  0.461
   1.30602     20.206442  0.052  0.041  0.036  0.003  0.002  0.205  0.117  0.003  0.014  0.475
   1.33448     20.205679  0.046  0.032  0.045  0.001  0.000  0.229  0.109  0.002  0.031  0.498
   1.36294     20.126410  0.037  0.034  0.076  0.000  0.000  0.218  0.077  0.000  0.061  0.502
   1.39139     20.024567  0.034  0.038  0.092  0.000  0.000  0.192  0.059  0.000  0.074  0.490
   1.41985     19.931355  0.034  0.045  0.098  0.000  0.000  0.170  0.048  0.000  0.078  0.474
   1.44831     19.853295  0.036  0.050  0.097  0.000  0.000  0.153  0.042  0.000  0.080  0.459
   1.47677     19.791673  0.037  0.057  0.094  0.000  0.000  0.142  0.038  0.000  0.078  0.448
   1.50522     19.746984  0.043  0.062  0.089  0.000  0.000  0.137  0.035  0.000  0.075  0.440
   1.53368     19.720360  0.048  0.067  0.082  0.000  0.000  0.135  0.034  0.000  0.070  0.435
   1.56214     19.714399  0.055  0.073  0.071  0.000  0.000  0.140  0.032  0.000  0.062  0.435
   1.59060     19.733998  0.066  0.078  0.057  0.000  0.000  0.156  0.034  0.000  0.053  0.442
   1.61905     19.786359  0.075  0.078  0.043  0.000  0.000  0.185  0.038  0.000  0.042  0.461
   1.64751     19.876027  0.086  0.071  0.027  0.000  0.000  0.227  0.050  0.000  0.033  0.493
   1.67597     19.989134  0.088  0.048  0.017  0.000  0.000  0.267  0.081  0.000  0.022  0.523
   1.70442     20.085213  0.082  0.018  0.008  0.000  0.000  0.273  0.132  0.000  0.018  0.532
   1.73288     20.136452  0.073  0.008  0.006  0.000  0.000  0.237  0.175  0.000  0.014  0.515
   1.76134     20.156345  0.061  0.008  0.010  0.006  0.016  0.176  0.177  0.003  0.014  0.475
   1.78980     19.871894  0.000  0.000  0.000  0.108  0.331  0.000  0.000  0.038  0.000  0.477
   1.81825     19.525653  0.000  0.000  0.000  0.105  0.327  0.000  0.000  0.041  0.000  0.474
   1.84671     19.201711  0.002  0.093  0.048  0.022  0.066  0.059  0.190  0.009  0.068  0.557
   1.87517     19.070048  0.002  0.128  0.034  0.000  0.000  0.072  0.252  0.000  0.074  0.563
   1.90362     18.941985  0.005  0.144  0.022  0.000  0.000  0.066  0.231  0.000  0.068  0.536
   1.93208     18.859707  0.027  0.066  0.039  0.000  0.000  0.073  0.096  0.000  0.175  0.476
   1.96054     19.052311  0.033  0.046  0.024  0.000  0.000  0.063  0.095  0.000  0.184  0.446
   1.98900     19.312435  0.037  0.052  0.044  0.000  0.000  0.024  0.117  0.000  0.154  0.428
   2.01745     19.502336  0.033  0.041  0.060  0.000  0.000  0.009  0.200  0.000  0.091  0.434
   2.04591     19.723398  0.023  0.047  0.008  0.000  0.000  0.049  0.208  0.000  0.116  0.450
   2.07437     20.059475  0.016  0.058  0.004  0.000  0.000  0.069  0.183  0.000  0.115  0.446
   2.10282     20.380527  0.021  0.071  0.004  0.000  0.000  0.121  0.204  0.000  0.078  0.496
   2.13128     20.584353  0.044  0.072  0.008  0.000  0.000  0.229  0.227  0.000  0.028  0.609
   2.15974     20.655839  0.062  0.061  0.009  0.000  0.000  0.291  0.230  0.000  0.016  0.669
   2.18820     20.674199  0.071  0.054  0.009  0.000  0.000  0.309  0.231  0.000  0.014  0.687
   2.21665     20.677677  0.073  0.051  0.008  0.000  0.000  0.313  0.231  0.000  0.013  0.691
 
# Band-Index:   38
   2.21665     21.638103  0.090  0.055  0.004  0.000  0.000  0.313  0.132  0.000  0.017  0.611
   2.18820     21.667355  0.075  0.081  0.002  0.000  0.000  0.305  0.111  0.000  0.022  0.597
   2.15974     21.409900  0.042  0.076  0.014  0.000  0.000  0.143  0.035  0.000  0.155  0.463
   2.13128     21.063219  0.057  0.065  0.017  0.000  0.000  0.188  0.018  0.000  0.164  0.510
   2.10282     20.763998  0.064  0.074  0.018  0.000  0.000  0.249  0.014  0.000  0.138  0.559
   2.07437     20.462822  0.050  0.077  0.018  0.000  0.000  0.224  0.023  0.000  0.125  0.517
   2.04591     20.136126  0.041  0.068  0.019  0.000  0.000  0.198  0.032  0.000  0.118  0.472
   2.01745     19.827420  0.034  0.047  0.024  0.000  0.000  0.199  0.053  0.000  0.088  0.449
   1.98900     19.635767  0.034  0.020  0.053  0.000  0.000  0.173  0.121  0.000  0.024  0.427
   1.96054     19.590146  0.039  0.012  0.062  0.000  0.000  0.130  0.162  0.000  0.008  0.418
   1.93208     19.618699  0.044  0.018  0.055  0.000  0.000  0.107  0.184  0.000  0.012  0.421
   1.90362     19.708924  0.046  0.035  0.042  0.000  0.000  0.090  0.198  0.000  0.020  0.430
   1.87517     19.850032  0.042  0.056  0.034  0.000  0.000  0.074  0.202  0.000  0.028  0.438
   1.84671     20.008057  0.040  0.065  0.031  0.000  0.000  0.072  0.199  0.000  0.032  0.439
   1.81825     20.128669  0.044  0.053  0.028  0.000  0.000  0.090  0.186  0.000  0.029  0.432
   1.78980     20.169588  0.056  0.026  0.022  0.000  0.000  0.134  0.179  0.000  0.021  0.438
   1.76134     20.224610  0.003  0.000  0.000  0.108  0.312  0.011  0.009  0.033  0.000  0.480
   1.73288     20.562792  0.000  0.000  0.000  0.127  0.304  0.000  0.000  0.039  0.000  0.473
   1.70442     20.784158  0.018  0.221  0.059  0.007  0.007  0.038  0.175  0.004  0.050  0.581
   1.67597     20.699458  0.022  0.203  0.056  0.001  0.002  0.034  0.221  0.002  0.044  0.586
   1.64751     20.662508  0.029  0.163  0.054  0.002  0.002  0.050  0.239  0.006  0.036  0.583
   1.61905     20.649218  0.031  0.130  0.053  0.006  0.006  0.071  0.233  0.011  0.031  0.577
   1.59060     20.639765  0.033  0.102  0.051  0.016  0.012  0.082  0.207  0.030  0.027  0.565
   1.56214     20.622544  0.029  0.071  0.041  0.040  0.032  0.077  0.156  0.075  0.020  0.546
   1.53368     20.592336  0.020  0.040  0.028  0.078  0.056  0.055  0.094  0.137  0.012  0.522
   1.50522     20.553680  0.013  0.023  0.019  0.102  0.069  0.036  0.055  0.178  0.007  0.503
   1.47677     20.513581  0.012  0.015  0.014  0.115  0.072  0.028  0.037  0.194  0.005  0.490
   1.44831     20.475556  0.009  0.010  0.013  0.120  0.067  0.024  0.028  0.199  0.004  0.480
   1.41985     20.441040  0.010  0.011  0.015  0.124  0.062  0.024  0.027  0.194  0.006  0.472
   1.39139     20.410836  0.011  0.012  0.020  0.122  0.057  0.029  0.026  0.181  0.008  0.465
   1.36294     20.387048  0.011  0.015  0.029  0.117  0.052  0.035  0.024  0.165  0.013  0.460
   1.33448     20.379796  0.004  0.007  0.025  0.136  0.058  0.024  0.004  0.177  0.013  0.452
   1.30602     20.379949  0.000  0.000  0.002  0.160  0.072  0.008  0.002  0.187  0.001  0.432
   1.27757     20.378918  0.000  0.001  0.000  0.167  0.082  0.002  0.000  0.170  0.000  0.424
   1.24911     20.387674  0.000  0.000  0.000  0.168  0.100  0.000  0.000  0.145  0.000  0.416
   1.22065     20.409260  0.000  0.000  0.000  0.167  0.129  0.000  0.000  0.116  0.000  0.413
   1.19219     20.444360  0.000  0.000  0.000  0.161  0.169  0.000  0.000  0.084  0.000  0.415
   1.16374     20.489375  0.000  0.000  0.000  0.146  0.218  0.000  0.000  0.055  0.001  0.422
   1.13528     20.532912  0.000  0.008  0.000  0.122  0.254  0.001  0.000  0.035  0.012  0.435
   1.10682     20.561017  0.000  0.060  0.000  0.060  0.146  0.015  0.000  0.016  0.142  0.438
   1.10682     20.561017  0.000  0.060  0.000  0.060  0.146  0.015  0.000  0.016  0.142  0.438
   1.07844     20.517543  0.002  0.091  0.000  0.039  0.072  0.027  0.004  0.009  0.190  0.433
   1.05006     20.435009  0.006  0.121  0.000  0.009  0.012  0.063  0.014  0.003  0.198  0.427
   1.02168     20.374521  0.014  0.111  0.005  0.001  0.000  0.114  0.030  0.000  0.148  0.427
   0.99330     20.366475  0.026  0.085  0.012  0.000  0.000  0.160  0.053  0.000  0.098  0.433
   0.96492     20.391243  0.034  0.061  0.015  0.000  0.000  0.185  0.077  0.000  0.076  0.451
   0.93654     20.398927  0.036  0.045  0.019  0.000  0.000  0.197  0.093  0.000  0.091  0.481
   0.90816     20.348314  0.032  0.037  0.042  0.000  0.000  0.197  0.084  0.000  0.120  0.514
   0.87978     20.257850  0.029  0.035  0.066  0.002  0.002  0.184  0.066  0.002  0.132  0.517
   0.85140     20.182690  0.005  0.005  0.010  0.134  0.065  0.029  0.012  0.172  0.022  0.459
   0.82302     20.204797  0.000  0.000  0.000  0.159  0.076  0.000  0.002  0.215  0.000  0.455
   0.79464     20.237133  0.000  0.000  0.000  0.159  0.078  0.000  0.000  0.221  0.000  0.459
   0.76626     20.275036  0.000  0.000  0.000  0.156  0.081  0.000  0.000  0.226  0.000  0.465
   0.73788     20.317304  0.000  0.000  0.000  0.155  0.084  0.000  0.000  0.230  0.000  0.469
   0.70950     20.362923  0.000  0.000  0.000  0.154  0.087  0.000  0.000  0.230  0.000  0.475
   0.68112     20.410790  0.000  0.000  0.000  0.154  0.093  0.000  0.000  0.232  0.000  0.480
   0.65274     20.459545  0.000  0.000  0.000  0.155  0.099  0.000  0.000  0.231  0.000  0.486
   0.62436     20.507200  0.000  0.000  0.000  0.156  0.102  0.000  0.000  0.230  0.000  0.491
   0.59598     20.550537  0.000  0.000  0.000  0.158  0.109  0.000  0.000  0.226  0.000  0.494
   0.56760     20.583705  0.000  0.000  0.000  0.162  0.112  0.000  0.000  0.220  0.000  0.494
   0.53922     20.594763  0.000  0.000  0.000  0.169  0.112  0.000  0.002  0.205  0.000  0.488
   0.51084     20.557833  0.000  0.000  0.000  0.173  0.116  0.000  0.000  0.175  0.000  0.468
   0.48246     20.429672  0.000  0.000  0.000  0.167  0.141  0.000  0.000  0.126  0.000  0.435
   0.45408     20.345460  0.067  0.021  0.014  0.000  0.000  0.185  0.198  0.000  0.020  0.507
   0.42570     20.293109  0.047  0.046  0.010  0.000  0.000  0.099  0.238  0.000  0.020  0.462
   0.39732     20.183895  0.035  0.070  0.021  0.000  0.000  0.046  0.233  0.000  0.027  0.438
   0.36894     20.041220  0.033  0.084  0.035  0.000  0.000  0.021  0.223  0.000  0.037  0.435
   0.34056     19.837129  0.000  0.000  0.000  0.032  0.431  0.000  0.000  0.062  0.000  0.528
   0.31218     19.555498  0.000  0.000  0.000  0.019  0.455  0.000  0.000  0.074  0.000  0.550
   0.28380     19.397704  0.000  0.000  0.002  0.018  0.473  0.000  0.001  0.119  0.002  0.616
   0.25542     19.505820  0.000  0.000  0.003  0.054  0.415  0.000  0.003  0.180  0.001  0.657
   0.22704     19.786356  0.011  0.012  0.008  0.059  0.252  0.016  0.016  0.146  0.052  0.569
   0.19866     20.094783  0.029  0.038  0.018  0.007  0.020  0.057  0.037  0.013  0.156  0.374
   0.17028     20.424518  0.029  0.050  0.018  0.001  0.007  0.066  0.033  0.005  0.157  0.365
   0.14190     20.767703  0.028  0.062  0.018  0.001  0.004  0.080  0.031  0.003  0.150  0.375
   0.11352     21.101726  0.031  0.081  0.016  0.001  0.003  0.115  0.031  0.003  0.133  0.413
   0.08514     21.300853  0.054  0.076  0.019  0.000  0.001  0.263  0.052  0.000  0.077  0.542
   0.05676     21.376415  0.054  0.060  0.010  0.000  0.000  0.227  0.028  0.000  0.108  0.489
   0.02838     21.611109  0.078  0.074  0.002  0.000  0.000  0.313  0.110  0.000  0.020  0.597
   0.00000     21.638103  0.090  0.055  0.004  0.000  0.000  0.313  0.132  0.000  0.017  0.611
 
# Band-Index:   39
   0.00000     21.971232  0.000  0.000  0.000  0.084  0.378  0.000  0.000  0.281  0.000  0.744
   0.02838     21.807251  0.046  0.038  0.021  0.001  0.005  0.066  0.057  0.004  0.148  0.386
   0.05676     21.699948  0.087  0.020  0.014  0.004  0.020  0.227  0.116  0.015  0.064  0.569
   0.08514     21.504147  0.000  0.000  0.000  0.093  0.344  0.002  0.001  0.260  0.000  0.704
   0.11352     21.195024  0.000  0.001  0.000  0.097  0.331  0.000  0.000  0.248  0.002  0.680
   0.14190     20.852800  0.000  0.001  0.000  0.099  0.324  0.000  0.000  0.239  0.002  0.665
   0.17028     20.496184  0.000  0.001  0.000  0.098  0.322  0.000  0.001  0.229  0.002  0.654
   0.19866     20.139225  0.001  0.002  0.000  0.089  0.318  0.004  0.002  0.209  0.010  0.640
   0.22704     19.809621  0.021  0.023  0.016  0.026  0.112  0.034  0.035  0.064  0.120  0.452
   0.25542     19.590850  0.042  0.037  0.030  0.000  0.003  0.021  0.107  0.000  0.152  0.396
   0.28380     19.587626  0.046  0.051  0.051  0.000  0.000  0.004  0.199  0.000  0.077  0.430
   0.31218     19.712857  0.043  0.070  0.049  0.000  0.000  0.006  0.209  0.000  0.056  0.435
   0.34056     19.875881  0.038  0.083  0.042  0.000  0.000  0.011  0.214  0.000  0.047  0.436
   0.36894     20.145884  0.000  0.000  0.000  0.040  0.425  0.000  0.000  0.064  0.000  0.527
   0.39732     20.440889  0.000  0.000  0.000  0.043  0.425  0.000  0.000  0.073  0.000  0.541
   0.42570     20.689385  0.000  0.001  0.000  0.044  0.419  0.002  0.000  0.089  0.000  0.558
   0.45408     20.748217  0.007  0.218  0.056  0.000  0.007  0.088  0.141  0.002  0.054  0.573
   0.48246     20.726692  0.003  0.202  0.041  0.000  0.001  0.054  0.222  0.000  0.032  0.557
   0.51084     20.787459  0.010  0.162  0.036  0.000  0.000  0.073  0.248  0.000  0.021  0.555
   0.53922     20.857899  0.017  0.137  0.040  0.000  0.000  0.095  0.248  0.000  0.015  0.557
   0.56760     20.916005  0.022  0.120  0.046  0.000  0.000  0.112  0.241  0.000  0.012  0.557
   0.59598     20.957499  0.027  0.106  0.050  0.000  0.000  0.126  0.230  0.000  0.012  0.553
   0.62436     20.982568  0.032  0.093  0.056  0.000  0.000  0.138  0.216  0.000  0.009  0.547
   0.65274     20.992824  0.035  0.084  0.059  0.000  0.000  0.148  0.203  0.000  0.010  0.540
   0.68112     20.990184  0.040  0.075  0.063  0.000  0.000  0.157  0.189  0.000  0.009  0.531
   0.70950     20.976493  0.040  0.069  0.066  0.000  0.000  0.163  0.174  0.000  0.010  0.524
   0.73788     20.953333  0.042  0.062  0.069  0.000  0.000  0.171  0.160  0.000  0.012  0.515
   0.76626     20.922079  0.043  0.059  0.073  0.000  0.000  0.176  0.145  0.000  0.013  0.508
   0.79464     20.883860  0.043  0.055  0.076  0.000  0.000  0.180  0.127  0.000  0.015  0.498
   0.82302     20.839984  0.044  0.054  0.081  0.000  0.000  0.186  0.109  0.000  0.018  0.492
   0.85140     20.792505  0.042  0.053  0.086  0.000  0.000  0.192  0.089  0.000  0.022  0.486
   0.87978     20.746255  0.039  0.056  0.097  0.000  0.000  0.198  0.067  0.000  0.033  0.487
   0.90816     20.715060  0.030  0.059  0.111  0.000  0.000  0.206  0.038  0.000  0.053  0.499
   0.93654     20.732317  0.021  0.062  0.119  0.000  0.000  0.219  0.015  0.000  0.095  0.533
   0.96492     20.817566  0.016  0.074  0.096  0.000  0.000  0.228  0.015  0.000  0.129  0.559
   0.99330     20.935296  0.014  0.096  0.064  0.000  0.000  0.213  0.022  0.000  0.146  0.554
   1.02168     21.045354  0.011  0.134  0.035  0.000  0.000  0.170  0.020  0.001  0.154  0.522
   1.05006     21.115730  0.004  0.184  0.013  0.000  0.001  0.097  0.011  0.001  0.156  0.470
   1.07844     21.130675  0.000  0.200  0.002  0.033  0.023  0.024  0.002  0.004  0.125  0.417
   1.10682     21.098261  0.000  0.006  0.000  0.251  0.132  0.000  0.000  0.000  0.004  0.396
   1.10682     21.098261  0.000  0.006  0.000  0.251  0.132  0.000  0.000  0.000  0.004  0.396
   1.13528     21.109083  0.000  0.002  0.000  0.233  0.149  0.000  0.000  0.035  0.000  0.422
   1.16374     21.134788  0.000  0.000  0.000  0.189  0.177  0.000  0.000  0.111  0.000  0.477
   1.19219     21.118515  0.015  0.134  0.020  0.000  0.000  0.182  0.034  0.000  0.116  0.503
   1.22065     20.996051  0.018  0.097  0.046  0.000  0.000  0.233  0.041  0.000  0.100  0.536
   1.24911     20.839414  0.021  0.073  0.079  0.000  0.000  0.248  0.040  0.000  0.092  0.551
   1.27757     20.674984  0.023  0.057  0.106  0.000  0.000  0.236  0.035  0.000  0.091  0.552
   1.30602     20.528240  0.026  0.053  0.129  0.001  0.000  0.199  0.031  0.002  0.091  0.535
   1.33448     20.450043  0.030  0.050  0.110  0.024  0.010  0.132  0.046  0.028  0.067  0.496
   1.36294     20.462106  0.034  0.044  0.077  0.038  0.016  0.108  0.072  0.053  0.039  0.482
   1.39139     20.499621  0.039  0.047  0.068  0.033  0.014  0.115  0.097  0.046  0.033  0.492
   1.41985     20.540565  0.040  0.049  0.064  0.027  0.013  0.117  0.118  0.042  0.029  0.503
   1.44831     20.579066  0.039  0.052  0.060  0.026  0.014  0.116  0.131  0.043  0.028  0.512
   1.47677     20.613306  0.039  0.055  0.055  0.029  0.018  0.108  0.140  0.052  0.027  0.523
   1.50522     20.643483  0.033  0.057  0.047  0.041  0.026  0.094  0.138  0.071  0.023  0.527
   1.53368     20.672509  0.024  0.047  0.036  0.064  0.046  0.066  0.114  0.113  0.019  0.528
   1.56214     20.707258  0.012  0.029  0.018  0.098  0.078  0.032  0.066  0.178  0.010  0.520
   1.59060     20.753042  0.004  0.013  0.007  0.121  0.101  0.012  0.028  0.223  0.004  0.512
   1.61905     20.807201  0.001  0.005  0.002  0.131  0.112  0.004  0.011  0.237  0.002  0.510
   1.64751     20.863853  0.000  0.003  0.001  0.139  0.115  0.002  0.006  0.236  0.001  0.504
   1.67597     20.908587  0.000  0.003  0.000  0.156  0.110  0.000  0.003  0.209  0.001  0.481
   1.70442     20.848353  0.000  0.009  0.002  0.160  0.179  0.002  0.009  0.086  0.002  0.451
   1.73288     20.917003  0.011  0.222  0.063  0.000  0.000  0.061  0.156  0.000  0.060  0.575
   1.76134     21.010980  0.008  0.165  0.043  0.000  0.000  0.068  0.189  0.000  0.061  0.535
   1.78980     20.980010  0.032  0.095  0.016  0.000  0.000  0.075  0.208  0.000  0.051  0.479
   1.81825     20.967098  0.062  0.048  0.014  0.000  0.000  0.103  0.164  0.000  0.042  0.432
   1.84671     20.888503  0.000  0.000  0.000  0.041  0.318  0.000  0.000  0.084  0.000  0.442
   1.87517     20.583876  0.000  0.000  0.000  0.048  0.307  0.000  0.000  0.094  0.000  0.448
   1.90362     20.324773  0.000  0.000  0.000  0.053  0.302  0.000  0.000  0.113  0.000  0.468
   1.93208     20.146605  0.000  0.000  0.000  0.061  0.298  0.000  0.000  0.143  0.000  0.501
   1.96054     20.089400  0.000  0.000  0.000  0.071  0.288  0.000  0.000  0.178  0.000  0.540
   1.98900     20.167993  0.000  0.000  0.000  0.084  0.278  0.000  0.000  0.211  0.000  0.573
   2.01745     20.353439  0.000  0.000  0.000  0.092  0.268  0.000  0.000  0.235  0.000  0.595
   2.04591     20.603336  0.000  0.000  0.000  0.096  0.266  0.000  0.000  0.249  0.000  0.612
   2.07437     20.885929  0.000  0.000  0.000  0.097  0.270  0.000  0.000  0.260  0.000  0.625
   2.10282     21.179674  0.000  0.000  0.000  0.096  0.279  0.000  0.000  0.268  0.000  0.644
   2.13128     21.465570  0.000  0.000  0.000  0.092  0.300  0.000  0.000  0.274  0.000  0.667
   2.15974     21.719074  0.000  0.000  0.000  0.089  0.329  0.000  0.000  0.277  0.000  0.696
   2.18820     21.833330  0.042  0.034  0.027  0.003  0.008  0.062  0.051  0.007  0.159  0.392
   2.21665     21.971232  0.000  0.000  0.000  0.084  0.378  0.000  0.000  0.281  0.000  0.744
 
# Band-Index:   40
   2.21665     22.064230  0.017  0.097  0.028  0.000  0.000  0.012  0.003  0.000  0.098  0.256
   2.18820     21.904287  0.000  0.001  0.001  0.084  0.355  0.000  0.000  0.274  0.003  0.720
   2.15974     21.841806  0.058  0.042  0.018  0.000  0.000  0.135  0.018  0.000  0.123  0.398
   2.13128     21.539760  0.029  0.048  0.020  0.000  0.000  0.015  0.047  0.000  0.126  0.286
   2.10282     21.307182  0.047  0.026  0.022  0.000  0.000  0.051  0.079  0.000  0.116  0.343
   2.07437     21.218005  0.067  0.020  0.027  0.000  0.000  0.123  0.104  0.000  0.095  0.437
   2.04591     21.223657  0.076  0.029  0.030  0.000  0.000  0.167  0.111  0.000  0.083  0.494
   2.01745     21.270198  0.079  0.037  0.034  0.000  0.000  0.187  0.105  0.000  0.077  0.524
   1.98900     21.333637  0.081  0.047  0.038  0.000  0.000  0.198  0.097  0.000  0.075  0.536
   1.96054     21.401352  0.083  0.059  0.041  0.000  0.000  0.201  0.085  0.000  0.076  0.546
   1.93208     21.460489  0.088  0.074  0.042  0.000  0.000  0.200  0.069  0.000  0.079  0.554
   1.90362     21.470254  0.104  0.075  0.038  0.001  0.001  0.179  0.053  0.002  0.078  0.531
   1.87517     21.295566  0.095  0.027  0.030  0.000  0.000  0.133  0.082  0.000  0.044  0.410
   1.84671     21.083938  0.081  0.022  0.023  0.000  0.000  0.121  0.115  0.000  0.039  0.401
   1.81825     21.194264  0.000  0.000  0.000  0.022  0.351  0.000  0.000  0.098  0.000  0.472
   1.78980     21.282453  0.000  0.004  0.000  0.061  0.280  0.003  0.000  0.232  0.001  0.580
   1.76134     21.221270  0.000  0.001  0.000  0.077  0.249  0.000  0.001  0.260  0.000  0.592
   1.73288     21.159249  0.000  0.000  0.000  0.070  0.268  0.000  0.000  0.267  0.000  0.607
   1.70442     21.156489  0.000  0.000  0.000  0.034  0.387  0.000  0.000  0.224  0.000  0.648
   1.67597     21.374844  0.000  0.000  0.000  0.050  0.472  0.000  0.000  0.114  0.000  0.639
   1.64751     21.686665  0.000  0.000  0.000  0.070  0.480  0.000  0.000  0.117  0.000  0.667
   1.61905     21.954345  0.000  0.000  0.000  0.080  0.474  0.000  0.000  0.190  0.000  0.745
   1.59060     22.074079  0.000  0.000  0.000  0.080  0.378  0.000  0.000  0.309  0.000  0.769
   1.56214     22.053387  0.000  0.000  0.000  0.071  0.286  0.000  0.000  0.362  0.000  0.719
   1.53368     21.980308  0.000  0.000  0.000  0.066  0.239  0.000  0.000  0.376  0.000  0.682
   1.50522     21.892664  0.000  0.000  0.000  0.062  0.219  0.000  0.000  0.379  0.000  0.661
   1.47677     21.802523  0.000  0.000  0.000  0.059  0.211  0.000  0.000  0.379  0.000  0.652
   1.44831     21.714403  0.000  0.000  0.000  0.058  0.209  0.000  0.000  0.377  0.000  0.646
   1.41985     21.630351  0.000  0.000  0.000  0.056  0.209  0.000  0.000  0.375  0.000  0.643
   1.39139     21.551482  0.000  0.000  0.000  0.057  0.212  0.000  0.000  0.371  0.000  0.641
   1.36294     21.478420  0.000  0.000  0.000  0.058  0.215  0.000  0.000  0.364  0.000  0.639
   1.33448     21.411526  0.000  0.000  0.000  0.060  0.220  0.000  0.000  0.355  0.000  0.635
   1.30602     21.350960  0.000  0.000  0.000  0.066  0.221  0.000  0.000  0.339  0.000  0.629
   1.27757     21.296688  0.000  0.000  0.000  0.075  0.222  0.000  0.000  0.319  0.000  0.619
   1.24911     21.248461  0.000  0.000  0.000  0.090  0.220  0.000  0.000  0.290  0.000  0.601
   1.22065     21.205761  0.000  0.000  0.000  0.111  0.214  0.000  0.000  0.246  0.000  0.574
   1.19219     21.167905  0.000  0.000  0.000  0.144  0.200  0.000  0.000  0.186  0.000  0.533
   1.16374     21.176398  0.007  0.184  0.002  0.000  0.000  0.102  0.018  0.000  0.136  0.453
   1.13528     21.158602  0.000  0.231  0.000  0.001  0.000  0.031  0.002  0.000  0.142  0.411
   1.10682     21.128260  0.000  0.249  0.000  0.007  0.004  0.003  0.000  0.000  0.132  0.394
   1.10682     21.128260  0.000  0.249  0.000  0.007  0.004  0.003  0.000  0.000  0.132  0.394
   1.07844     21.147966  0.000  0.034  0.000  0.200  0.129  0.005  0.000  0.020  0.021  0.410
   1.05006     21.239603  0.000  0.001  0.000  0.193  0.165  0.000  0.000  0.082  0.000  0.442
   1.02168     21.328934  0.000  0.000  0.000  0.155  0.162  0.000  0.000  0.160  0.000  0.481
   0.99330     21.401122  0.000  0.000  0.000  0.127  0.154  0.000  0.000  0.233  0.000  0.518
   0.96492     21.459708  0.000  0.000  0.000  0.108  0.145  0.000  0.000  0.290  0.000  0.544
   0.93654     21.510833  0.000  0.000  0.000  0.095  0.134  0.000  0.000  0.332  0.000  0.561
   0.90816     21.559050  0.000  0.000  0.000  0.085  0.126  0.000  0.000  0.361  0.000  0.573
   0.87978     21.607223  0.000  0.000  0.000  0.080  0.119  0.000  0.000  0.383  0.000  0.581
   0.85140     21.657039  0.000  0.000  0.000  0.076  0.110  0.000  0.000  0.398  0.000  0.585
   0.82302     21.709502  0.000  0.000  0.000  0.072  0.104  0.000  0.000  0.408  0.000  0.585
   0.79464     21.765139  0.000  0.000  0.000  0.071  0.097  0.000  0.000  0.416  0.000  0.584
   0.76626     21.824200  0.000  0.000  0.000  0.071  0.088  0.000  0.000  0.423  0.000  0.583
   0.73788     21.886644  0.000  0.000  0.000  0.070  0.082  0.000  0.000  0.429  0.000  0.579
   0.70950     21.952114  0.000  0.000  0.000  0.070  0.072  0.000  0.000  0.432  0.000  0.573
   0.68112     22.019617  0.000  0.000  0.000  0.069  0.059  0.000  0.000  0.435  0.000  0.563
   0.65274     22.086414  0.000  0.000  0.000  0.069  0.045  0.000  0.000  0.434  0.000  0.549
   0.62436     22.141594  0.000  0.000  0.000  0.069  0.022  0.000  0.000  0.418  0.000  0.509
   0.59598     22.113561  0.000  0.000  0.000  0.054  0.090  0.000  0.000  0.262  0.000  0.405
   0.56760     21.865975  0.000  0.000  0.000  0.038  0.292  0.000  0.000  0.083  0.000  0.411
   0.53922     21.555377  0.000  0.000  0.000  0.028  0.365  0.000  0.000  0.056  0.000  0.448
   0.51084     21.270034  0.000  0.000  0.000  0.020  0.402  0.000  0.000  0.066  0.000  0.488
   0.48246     21.049381  0.000  0.000  0.000  0.022  0.416  0.000  0.000  0.094  0.000  0.535
   0.45408     20.882702  0.000  0.005  0.001  0.036  0.410  0.003  0.004  0.102  0.000  0.560
   0.42570     20.880850  0.011  0.171  0.055  0.000  0.004  0.126  0.117  0.000  0.068  0.551
   0.39732     21.019678  0.015  0.101  0.037  0.000  0.000  0.115  0.128  0.000  0.064  0.466
   0.36894     21.190161  0.030  0.048  0.028  0.000  0.000  0.113  0.114  0.000  0.052  0.386
   0.34056     21.433694  0.034  0.028  0.031  0.000  0.000  0.126  0.093  0.000  0.042  0.356
   0.31218     21.667671  0.059  0.087  0.042  0.000  0.000  0.283  0.038  0.000  0.062  0.573
   0.28380     21.733942  0.084  0.076  0.033  0.000  0.000  0.273  0.052  0.000  0.065  0.582
   0.25542     21.762437  0.086  0.063  0.026  0.000  0.000  0.260  0.069  0.000  0.062  0.569
   0.22704     21.767578  0.088  0.053  0.020  0.000  0.000  0.250  0.084  0.000  0.061  0.559
   0.19866     21.757358  0.087  0.046  0.016  0.000  0.000  0.241  0.097  0.000  0.059  0.548
   0.17028     21.737619  0.086  0.041  0.013  0.000  0.000  0.229  0.108  0.000  0.059  0.535
   0.14190     21.711147  0.082  0.037  0.011  0.000  0.000  0.211  0.113  0.000  0.060  0.514
   0.11352     21.670790  0.067  0.028  0.016  0.000  0.000  0.163  0.106  0.000  0.074  0.456
   0.08514     21.657871  0.037  0.023  0.036  0.000  0.000  0.055  0.041  0.000  0.145  0.337
   0.05676     21.758468  0.005  0.000  0.001  0.085  0.344  0.012  0.005  0.256  0.005  0.713
   0.02838     21.918187  0.000  0.000  0.000  0.086  0.370  0.000  0.000  0.274  0.002  0.734
   0.00000     22.064230  0.017  0.097  0.028  0.000  0.000  0.012  0.003  0.000  0.098  0.256
 
# Band-Index:   41
   0.00000     22.340642  0.012  0.120  0.024  0.000  0.000  0.022  0.004  0.000  0.071  0.251
   0.02838     22.204179  0.012  0.097  0.023  0.000  0.000  0.014  0.010  0.000  0.122  0.281
   0.05676     21.919308  0.017  0.067  0.022  0.000  0.000  0.007  0.028  0.000  0.141  0.282
   0.08514     21.730568  0.086  0.022  0.017  0.000  0.001  0.257  0.145  0.001  0.039  0.568
   0.11352     21.861022  0.069  0.016  0.054  0.000  0.000  0.287  0.132  0.000  0.041  0.599
   0.14190     22.146321  0.049  0.027  0.067  0.000  0.000  0.258  0.133  0.000  0.036  0.576
   0.17028     22.280708  0.000  0.000  0.000  0.087  0.192  0.001  0.000  0.286  0.000  0.567
   0.19866     22.184219  0.000  0.000  0.000  0.089  0.189  0.000  0.000  0.282  0.000  0.563
   0.22704     22.090537  0.000  0.000  0.000  0.092  0.185  0.000  0.000  0.277  0.000  0.556
   0.25542     22.001241  0.000  0.000  0.000  0.093  0.180  0.000  0.000  0.275  0.000  0.549
   0.28380     21.918337  0.000  0.000  0.000  0.092  0.173  0.000  0.000  0.271  0.000  0.540
   0.31218     21.756910  0.076  0.016  0.031  0.000  0.000  0.091  0.089  0.000  0.040  0.345
   0.34056     21.593736  0.104  0.098  0.039  0.000  0.000  0.251  0.032  0.000  0.066  0.588
   0.36894     21.474032  0.103  0.116  0.044  0.000  0.000  0.253  0.025  0.000  0.062  0.604
   0.39732     21.368917  0.109  0.123  0.032  0.000  0.000  0.218  0.045  0.000  0.056  0.584
   0.42570     21.362509  0.097  0.129  0.015  0.000  0.000  0.148  0.104  0.000  0.056  0.547
   0.45408     21.492094  0.073  0.144  0.008  0.000  0.000  0.091  0.156  0.000  0.062  0.533
   0.48246     21.709476  0.054  0.158  0.007  0.000  0.000  0.058  0.188  0.000  0.067  0.535
   0.51084     21.974182  0.042  0.169  0.006  0.000  0.000  0.039  0.212  0.000  0.073  0.541
   0.53922     22.265499  0.032  0.175  0.006  0.000  0.000  0.029  0.230  0.001  0.074  0.549
   0.56760     22.406445  0.000  0.000  0.000  0.075  0.204  0.000  0.001  0.383  0.000  0.668
   0.59598     22.431872  0.000  0.000  0.000  0.061  0.400  0.000  0.000  0.200  0.000  0.660
   0.62436     22.688556  0.000  0.000  0.000  0.047  0.467  0.000  0.000  0.037  0.000  0.551
   0.65274     23.037795  0.000  0.000  0.000  0.044  0.451  0.000  0.000  0.018  0.000  0.513
   0.68112     23.405338  0.000  0.000  0.000  0.042  0.442  0.000  0.000  0.016  0.000  0.501
   0.70950     23.441113  0.020  0.090  0.171  0.000  0.000  0.006  0.078  0.000  0.116  0.481
   0.73788     23.270333  0.022  0.095  0.171  0.000  0.000  0.007  0.075  0.000  0.109  0.482
   0.76626     23.105166  0.023  0.099  0.170  0.000  0.000  0.010  0.076  0.000  0.103  0.481
   0.79464     22.947456  0.023  0.099  0.172  0.000  0.000  0.014  0.077  0.000  0.096  0.481
   0.82302     22.798879  0.026  0.099  0.169  0.000  0.000  0.022  0.078  0.000  0.088  0.482
   0.85140     22.661110  0.028  0.098  0.169  0.000  0.000  0.029  0.080  0.000  0.081  0.486
   0.87978     22.535853  0.028  0.097  0.168  0.000  0.000  0.045  0.083  0.000  0.072  0.492
   0.90816     22.424974  0.029  0.092  0.164  0.000  0.000  0.067  0.086  0.000  0.064  0.502
   0.93654     22.330545  0.030  0.085  0.160  0.000  0.000  0.100  0.087  0.000  0.054  0.517
   0.96492     22.254875  0.030  0.075  0.150  0.000  0.000  0.151  0.089  0.000  0.046  0.542
   0.99330     22.200214  0.032  0.059  0.133  0.000  0.000  0.221  0.095  0.000  0.035  0.576
   1.02168     22.163990  0.043  0.032  0.089  0.000  0.000  0.274  0.141  0.003  0.025  0.608
   1.05006     22.071531  0.102  0.010  0.015  0.000  0.000  0.015  0.351  0.008  0.020  0.519
   1.07844     21.954404  0.110  0.004  0.014  0.000  0.000  0.001  0.374  0.001  0.004  0.510
   1.10682     21.915083  0.114  0.000  0.013  0.000  0.000  0.000  0.382  0.000  0.000  0.509
   1.10682     21.915083  0.114  0.000  0.013  0.000  0.000  0.000  0.382  0.000  0.000  0.509
   1.13528     21.959030  0.108  0.004  0.015  0.000  0.000  0.009  0.370  0.000  0.004  0.512
   1.16374     22.046065  0.070  0.013  0.051  0.000  0.000  0.192  0.249  0.001  0.006  0.581
   1.19219     22.052972  0.032  0.029  0.122  0.000  0.000  0.287  0.129  0.001  0.019  0.620
   1.22065     22.056812  0.030  0.047  0.151  0.000  0.000  0.206  0.118  0.000  0.033  0.587
   1.24911     22.085361  0.030  0.059  0.162  0.000  0.000  0.138  0.122  0.000  0.046  0.558
   1.27757     22.136230  0.031  0.067  0.163  0.000  0.000  0.094  0.129  0.000  0.056  0.541
   1.30602     22.205142  0.030  0.071  0.162  0.000  0.000  0.067  0.134  0.000  0.065  0.531
   1.33448     22.288861  0.029  0.072  0.160  0.000  0.000  0.049  0.140  0.000  0.073  0.526
   1.36294     22.384789  0.029  0.072  0.161  0.000  0.000  0.035  0.145  0.000  0.081  0.526
   1.39139     22.490650  0.028  0.070  0.157  0.000  0.000  0.030  0.152  0.000  0.089  0.528
   1.41985     22.603967  0.027  0.066  0.153  0.000  0.000  0.025  0.163  0.000  0.096  0.533
   1.44831     22.721623  0.027  0.059  0.150  0.000  0.000  0.023  0.176  0.000  0.105  0.540
   1.47677     22.838839  0.026  0.049  0.142  0.000  0.000  0.024  0.196  0.000  0.112  0.548
   1.50522     22.946520  0.023  0.034  0.128  0.000  0.000  0.027  0.226  0.000  0.118  0.561
   1.53368     23.023206  0.022  0.016  0.102  0.000  0.001  0.038  0.275  0.000  0.121  0.578
   1.56214     23.013336  0.019  0.016  0.054  0.003  0.020  0.050  0.305  0.001  0.103  0.575
   1.59060     22.802245  0.003  0.005  0.002  0.042  0.101  0.008  0.042  0.083  0.010  0.298
   1.61905     22.635960  0.012  0.053  0.004  0.021  0.006  0.035  0.180  0.096  0.045  0.452
   1.64751     22.391421  0.023  0.122  0.004  0.000  0.000  0.060  0.281  0.001  0.070  0.566
   1.67597     22.114174  0.027  0.136  0.004  0.000  0.000  0.064  0.255  0.000  0.065  0.553
   1.70442     21.842575  0.036  0.143  0.005  0.000  0.000  0.071  0.225  0.000  0.059  0.543
   1.73288     21.600401  0.049  0.151  0.011  0.000  0.000  0.091  0.183  0.000  0.053  0.540
   1.76134     21.450531  0.061  0.178  0.032  0.000  0.004  0.133  0.095  0.003  0.051  0.560
   1.78980     21.469997  0.054  0.193  0.057  0.000  0.006  0.173  0.031  0.004  0.059  0.576
   1.81825     21.468986  0.004  0.017  0.006  0.121  0.135  0.019  0.003  0.230  0.007  0.543
   1.84671     21.525398  0.006  0.019  0.007  0.102  0.161  0.027  0.005  0.241  0.009  0.578
   1.87517     21.594683  0.025  0.063  0.032  0.042  0.078  0.119  0.034  0.108  0.034  0.537
   1.90362     21.688940  0.030  0.025  0.039  0.017  0.032  0.126  0.073  0.044  0.017  0.400
   1.93208     21.842196  0.001  0.000  0.000  0.106  0.214  0.002  0.000  0.274  0.000  0.601
   1.96054     21.954100  0.000  0.000  0.000  0.104  0.224  0.000  0.000  0.279  0.000  0.609
   1.98900     22.068498  0.000  0.000  0.000  0.103  0.229  0.000  0.000  0.281  0.000  0.615
   2.01745     22.184821  0.000  0.000  0.000  0.103  0.233  0.000  0.000  0.283  0.000  0.619
   2.04591     22.301831  0.000  0.000  0.000  0.102  0.238  0.000  0.000  0.288  0.000  0.626
   2.07437     22.417434  0.000  0.000  0.000  0.100  0.237  0.001  0.000  0.292  0.000  0.634
   2.10282     22.391877  0.058  0.051  0.041  0.001  0.007  0.221  0.134  0.006  0.042  0.560
   2.13128     22.113360  0.070  0.044  0.033  0.000  0.000  0.236  0.137  0.000  0.041  0.562
   2.15974     21.903723  0.041  0.065  0.025  0.000  0.000  0.117  0.144  0.000  0.045  0.436
   2.18820     22.181053  0.013  0.102  0.021  0.000  0.000  0.016  0.019  0.000  0.093  0.263
   2.21665     22.340642  0.012  0.120  0.024  0.000  0.000  0.022  0.004  0.000  0.071  0.251
 
# Band-Index:   42
   2.21665     22.419616  0.045  0.002  0.005  0.000  0.001  0.151  0.133  0.000  0.315  0.653
   2.18820     22.677297  0.034  0.037  0.011  0.000  0.000  0.113  0.102  0.000  0.242  0.538
   2.15974     22.741732  0.000  0.000  0.000  0.091  0.221  0.000  0.000  0.333  0.000  0.646
   2.13128     22.642533  0.000  0.000  0.000  0.096  0.232  0.000  0.000  0.316  0.000  0.645
   2.10282     22.536117  0.000  0.001  0.000  0.095  0.235  0.005  0.003  0.296  0.000  0.638
   2.07437     22.700648  0.048  0.058  0.050  0.001  0.001  0.200  0.138  0.002  0.043  0.546
   2.04591     22.972229  0.035  0.073  0.063  0.000  0.000  0.137  0.150  0.000  0.042  0.500
   2.01745     22.970484  0.032  0.063  0.064  0.000  0.000  0.082  0.119  0.000  0.024  0.384
   1.98900     22.668004  0.043  0.039  0.055  0.000  0.000  0.115  0.086  0.000  0.017  0.355
   1.96054     22.317745  0.050  0.027  0.049  0.000  0.000  0.127  0.078  0.000  0.017  0.347
   1.93208     21.978355  0.049  0.018  0.045  0.001  0.001  0.131  0.079  0.002  0.015  0.342
   1.90362     21.743284  0.006  0.006  0.008  0.091  0.176  0.027  0.013  0.233  0.004  0.564
   1.87517     21.653180  0.017  0.039  0.021  0.068  0.122  0.076  0.020  0.171  0.022  0.556
   1.84671     21.610791  0.040  0.122  0.051  0.016  0.024  0.171  0.030  0.037  0.055  0.548
   1.81825     21.557250  0.043  0.156  0.056  0.013  0.015  0.172  0.022  0.026  0.056  0.563
   1.78980     21.661154  0.000  0.000  0.000  0.096  0.216  0.000  0.000  0.116  0.000  0.430
   1.76134     22.017707  0.000  0.000  0.000  0.074  0.259  0.000  0.000  0.088  0.000  0.421
   1.73288     22.400102  0.000  0.000  0.000  0.070  0.273  0.000  0.000  0.086  0.000  0.429
   1.70442     22.761597  0.000  0.000  0.000  0.080  0.234  0.000  0.000  0.181  0.000  0.494
   1.67597     22.763104  0.000  0.000  0.000  0.064  0.039  0.000  0.000  0.333  0.000  0.437
   1.64751     22.683132  0.000  0.000  0.000  0.053  0.013  0.000  0.000  0.299  0.000  0.370
   1.61905     22.691571  0.008  0.047  0.002  0.026  0.010  0.027  0.133  0.121  0.035  0.410
   1.59060     22.900506  0.016  0.053  0.017  0.006  0.012  0.055  0.298  0.014  0.084  0.553
   1.56214     23.120970  0.001  0.002  0.005  0.049  0.193  0.003  0.026  0.039  0.009  0.328
   1.53368     23.475409  0.000  0.000  0.000  0.056  0.263  0.000  0.000  0.026  0.000  0.347
   1.50522     23.861288  0.000  0.002  0.000  0.058  0.289  0.001  0.001  0.019  0.000  0.372
   1.47677     24.231450  0.011  0.125  0.055  0.016  0.085  0.097  0.163  0.005  0.033  0.591
   1.44831     24.399805  0.022  0.135  0.094  0.000  0.001  0.183  0.231  0.000  0.032  0.700
   1.41985     24.485373  0.028  0.100  0.135  0.000  0.000  0.230  0.212  0.000  0.017  0.722
   1.39139     24.460606  0.031  0.079  0.179  0.000  0.000  0.230  0.175  0.001  0.013  0.711
   1.36294     24.303313  0.030  0.071  0.185  0.001  0.000  0.164  0.157  0.007  0.037  0.653
   1.33448     24.042436  0.029  0.067  0.148  0.007  0.007  0.092  0.152  0.035  0.062  0.596
   1.30602     23.726081  0.027  0.056  0.102  0.018  0.017  0.048  0.137  0.092  0.065  0.565
   1.27757     23.390058  0.030  0.053  0.079  0.020  0.016  0.033  0.140  0.109  0.070  0.553
   1.24911     23.052196  0.040  0.056  0.072  0.012  0.008  0.033  0.165  0.070  0.081  0.538
   1.22065     22.723014  0.050  0.055  0.064  0.005  0.002  0.048  0.189  0.034  0.084  0.530
   1.19219     22.424114  0.054  0.046  0.057  0.002  0.000  0.099  0.194  0.020  0.073  0.545
   1.16374     22.213213  0.030  0.028  0.066  0.000  0.000  0.350  0.096  0.027  0.048  0.650
   1.13528     22.171944  0.000  0.003  0.021  0.005  0.003  0.419  0.002  0.316  0.009  0.781
   1.10682     22.144570  0.000  0.000  0.000  0.002  0.004  0.113  0.000  0.683  0.000  0.804
   1.10682     22.144570  0.000  0.000  0.000  0.002  0.004  0.113  0.000  0.683  0.000  0.804
   1.07844     22.174531  0.000  0.006  0.011  0.005  0.005  0.306  0.000  0.445  0.005  0.785
   1.05006     22.194433  0.000  0.038  0.087  0.000  0.000  0.541  0.004  0.005  0.022  0.700
   1.02168     22.313493  0.048  0.054  0.069  0.000  0.000  0.119  0.191  0.010  0.050  0.542
   0.99330     22.571762  0.051  0.058  0.061  0.002  0.003  0.043  0.217  0.023  0.068  0.528
   0.96492     22.872502  0.043  0.058  0.067  0.004  0.007  0.032  0.208  0.036  0.079  0.535
   0.93654     23.194311  0.036  0.059  0.075  0.008  0.014  0.033  0.197  0.047  0.085  0.549
   0.90816     23.525376  0.031  0.057  0.085  0.009  0.020  0.041  0.189  0.051  0.088  0.568
   0.87978     23.856500  0.026  0.056  0.094  0.009  0.025  0.052  0.183  0.050  0.090  0.588
   0.85140     24.177750  0.023  0.054  0.109  0.008  0.033  0.074  0.176  0.048  0.087  0.610
   0.82302     24.472470  0.021  0.047  0.114  0.008  0.063  0.102  0.154  0.058  0.072  0.640
   0.79464     24.635312  0.006  0.011  0.026  0.017  0.359  0.038  0.035  0.121  0.006  0.620
   0.76626     24.458428  0.000  0.000  0.000  0.025  0.461  0.002  0.003  0.055  0.000  0.548
   0.73788     24.137085  0.000  0.000  0.000  0.034  0.452  0.000  0.000  0.026  0.000  0.514
   0.70950     23.776029  0.000  0.000  0.000  0.039  0.443  0.000  0.000  0.018  0.000  0.503
   0.68112     23.613948  0.019  0.071  0.165  0.000  0.000  0.003  0.094  0.000  0.121  0.475
   0.65274     23.528176  0.014  0.152  0.001  0.000  0.000  0.025  0.310  0.000  0.079  0.584
   0.62436     23.211447  0.018  0.173  0.004  0.000  0.000  0.020  0.286  0.000  0.080  0.578
   0.59598     22.891408  0.020  0.179  0.004  0.000  0.000  0.019  0.265  0.000  0.079  0.568
   0.56760     22.575233  0.026  0.176  0.003  0.000  0.001  0.023  0.247  0.001  0.077  0.558
   0.53922     22.460736  0.000  0.000  0.000  0.083  0.156  0.000  0.000  0.426  0.000  0.668
   0.51084     22.476933  0.000  0.000  0.000  0.094  0.199  0.000  0.000  0.398  0.000  0.690
   0.48246     22.280400  0.000  0.000  0.000  0.078  0.240  0.000  0.000  0.222  0.000  0.539
   0.45408     22.024579  0.000  0.000  0.000  0.073  0.203  0.000  0.000  0.203  0.000  0.479
   0.42570     21.846020  0.000  0.000  0.000  0.078  0.169  0.000  0.000  0.224  0.000  0.472
   0.39732     21.763715  0.000  0.000  0.000  0.086  0.155  0.000  0.000  0.247  0.000  0.486
   0.36894     21.753738  0.000  0.000  0.000  0.090  0.155  0.000  0.000  0.259  0.000  0.504
   0.34056     21.787083  0.000  0.000  0.000  0.092  0.161  0.000  0.000  0.264  0.000  0.518
   0.31218     21.845477  0.000  0.000  0.000  0.092  0.167  0.000  0.000  0.268  0.000  0.531
   0.28380     22.086804  0.049  0.015  0.041  0.000  0.000  0.094  0.088  0.000  0.030  0.320
   0.25542     22.427001  0.039  0.022  0.052  0.000  0.000  0.093  0.098  0.000  0.026  0.333
   0.22704     22.702911  0.030  0.034  0.067  0.000  0.000  0.099  0.128  0.000  0.026  0.387
   0.19866     22.713585  0.028  0.043  0.080  0.000  0.000  0.172  0.151  0.000  0.032  0.505
   0.17028     22.462323  0.038  0.036  0.074  0.000  0.000  0.230  0.140  0.000  0.035  0.557
   0.14190     22.382401  0.000  0.000  0.000  0.085  0.192  0.000  0.000  0.293  0.000  0.573
   0.11352     22.486003  0.000  0.000  0.000  0.083  0.191  0.000  0.000  0.303  0.000  0.579
   0.08514     22.596074  0.000  0.000  0.000  0.080  0.189  0.000  0.000  0.317  0.000  0.587
   0.05676     22.711766  0.000  0.000  0.000  0.079  0.187  0.000  0.000  0.335  0.000  0.602
   0.02838     22.717811  0.032  0.040  0.013  0.000  0.000  0.123  0.098  0.000  0.221  0.527
   0.00000     22.419616  0.045  0.002  0.005  0.000  0.001  0.151  0.133  0.000  0.315  0.653
 
# Band-Index:   43
   0.00000     22.857030  0.000  0.000  0.000  0.079  0.194  0.000  0.000  0.367  0.000  0.641
   0.02838     22.813947  0.000  0.000  0.000  0.078  0.191  0.000  0.000  0.357  0.000  0.628
   0.05676     23.150216  0.026  0.051  0.017  0.000  0.000  0.123  0.088  0.000  0.200  0.504
   0.08514     23.479422  0.000  0.000  0.000  0.127  0.094  0.000  0.000  0.263  0.000  0.485
   0.11352     23.466588  0.000  0.000  0.000  0.124  0.092  0.000  0.000  0.283  0.000  0.502
   0.14190     23.457526  0.000  0.000  0.000  0.117  0.089  0.000  0.000  0.302  0.000  0.511
   0.17028     23.442942  0.000  0.000  0.000  0.113  0.085  0.000  0.000  0.318  0.000  0.518
   0.19866     23.417480  0.000  0.000  0.000  0.107  0.078  0.004  0.000  0.330  0.000  0.521
   0.22704     23.382489  0.000  0.000  0.000  0.102  0.073  0.003  0.000  0.345  0.000  0.526
   0.25542     23.335072  0.000  0.000  0.000  0.098  0.069  0.000  0.000  0.359  0.000  0.526
   0.28380     23.275269  0.000  0.000  0.000  0.094  0.063  0.000  0.000  0.369  0.000  0.528
   0.31218     23.205504  0.000  0.000  0.000  0.090  0.062  0.000  0.000  0.376  0.000  0.528
   0.34056     23.127830  0.000  0.000  0.000  0.087  0.059  0.000  0.000  0.382  0.000  0.528
   0.36894     23.044399  0.000  0.000  0.000  0.082  0.060  0.000  0.000  0.384  0.000  0.527
   0.39732     22.957472  0.000  0.000  0.000  0.078  0.061  0.000  0.000  0.386  0.000  0.526
   0.42570     22.869620  0.000  0.000  0.000  0.073  0.063  0.000  0.000  0.381  0.000  0.520
   0.45408     22.785077  0.000  0.000  0.000  0.068  0.068  0.000  0.000  0.368  0.000  0.504
   0.48246     22.718030  0.000  0.000  0.000  0.057  0.075  0.000  0.000  0.317  0.000  0.448
   0.51084     22.775934  0.000  0.000  0.000  0.036  0.158  0.000  0.000  0.118  0.000  0.311
   0.53922     23.089799  0.000  0.000  0.000  0.040  0.246  0.000  0.000  0.068  0.000  0.355
   0.56760     23.477983  0.000  0.000  0.000  0.041  0.278  0.000  0.000  0.067  0.000  0.387
   0.59598     23.888608  0.000  0.000  0.000  0.043  0.295  0.000  0.000  0.068  0.000  0.406
   0.62436     23.971151  0.015  0.097  0.177  0.000  0.000  0.006  0.068  0.000  0.131  0.493
   0.65274     23.797762  0.015  0.118  0.178  0.000  0.000  0.005  0.059  0.000  0.126  0.501
   0.68112     23.845989  0.012  0.193  0.017  0.000  0.000  0.034  0.293  0.000  0.073  0.624
   0.70950     24.138292  0.012  0.163  0.014  0.000  0.000  0.052  0.326  0.000  0.067  0.635
   0.73788     24.403783  0.017  0.139  0.019  0.000  0.001  0.083  0.341  0.000  0.053  0.656
   0.76626     24.619667  0.025  0.105  0.042  0.000  0.005  0.141  0.331  0.000  0.029  0.679
   0.79464     24.725830  0.031  0.048  0.107  0.003  0.081  0.186  0.187  0.021  0.012  0.676
   0.82302     24.605442  0.005  0.012  0.026  0.030  0.269  0.024  0.041  0.205  0.019  0.634
   0.85140     24.342048  0.003  0.009  0.016  0.046  0.212  0.011  0.031  0.277  0.017  0.623
   0.87978     24.021983  0.005  0.009  0.011  0.054  0.170  0.008  0.030  0.312  0.015  0.615
   0.90816     23.687801  0.004  0.009  0.009  0.058  0.144  0.008  0.028  0.345  0.014  0.616
   0.93654     23.356749  0.004  0.007  0.005  0.061  0.122  0.005  0.023  0.388  0.010  0.626
   0.96492     23.040289  0.004  0.005  0.003  0.059  0.104  0.004  0.017  0.446  0.007  0.647
   0.99330     22.750290  0.002  0.002  0.000  0.053  0.081  0.001  0.010  0.523  0.003  0.677
   1.02168     22.501780  0.002  0.000  0.000  0.041  0.054  0.000  0.006  0.615  0.001  0.719
   1.05006     22.313639  0.000  0.000  0.002  0.022  0.030  0.007  0.002  0.696  0.000  0.761
   1.07844     22.222413  0.000  0.004  0.018  0.002  0.006  0.415  0.002  0.325  0.009  0.784
   1.10682     22.222240  0.000  0.000  0.000  0.000  0.001  0.680  0.000  0.111  0.010  0.802
   1.10682     22.222240  0.000  0.000  0.000  0.000  0.001  0.680  0.000  0.111  0.010  0.802
   1.13528     22.228491  0.000  0.003  0.013  0.006  0.008  0.296  0.002  0.447  0.008  0.782
   1.16374     22.351280  0.000  0.001  0.003  0.031  0.018  0.020  0.002  0.660  0.003  0.739
   1.19219     22.561051  0.002  0.001  0.001  0.051  0.031  0.006  0.004  0.590  0.005  0.691
   1.22065     22.824262  0.002  0.003  0.006  0.063  0.044  0.005  0.010  0.508  0.006  0.649
   1.24911     23.125408  0.006  0.010  0.012  0.066  0.050  0.008  0.024  0.420  0.014  0.612
   1.27757     23.452807  0.009  0.018  0.025  0.063  0.054  0.010  0.044  0.341  0.023  0.588
   1.30602     23.794005  0.007  0.016  0.028  0.067  0.065  0.013  0.037  0.328  0.021  0.581
   1.33448     24.144103  0.003  0.006  0.014  0.079  0.083  0.007  0.014  0.361  0.007  0.576
   1.36294     24.506271  0.000  0.000  0.003  0.084  0.101  0.004  0.003  0.369  0.000  0.566
   1.39139     24.877389  0.001  0.001  0.000  0.079  0.113  0.004  0.007  0.350  0.003  0.559
   1.41985     25.085997  0.000  0.002  0.001  0.035  0.346  0.002  0.004  0.021  0.002  0.415
   1.44831     24.676909  0.000  0.000  0.000  0.054  0.323  0.001  0.001  0.015  0.000  0.396
   1.47677     24.277835  0.004  0.047  0.020  0.042  0.226  0.038  0.064  0.012  0.013  0.465
   1.50522     24.050344  0.012  0.201  0.068  0.000  0.003  0.094  0.198  0.000  0.057  0.634
   1.53368     23.850651  0.010  0.234  0.083  0.000  0.000  0.059  0.145  0.000  0.068  0.603
   1.56214     23.708498  0.012  0.240  0.120  0.000  0.000  0.028  0.084  0.000  0.088  0.572
   1.59060     23.679093  0.016  0.201  0.150  0.000  0.000  0.010  0.070  0.000  0.117  0.561
   1.61905     23.727316  0.017  0.157  0.155  0.000  0.000  0.009  0.092  0.000  0.138  0.568
   1.64751     23.642239  0.000  0.000  0.000  0.050  0.282  0.000  0.000  0.056  0.000  0.392
   1.67597     23.233611  0.000  0.000  0.000  0.049  0.267  0.000  0.000  0.057  0.000  0.375
   1.70442     22.940943  0.000  0.000  0.000  0.042  0.078  0.000  0.000  0.225  0.000  0.345
   1.73288     23.029747  0.000  0.000  0.000  0.059  0.037  0.000  0.000  0.327  0.000  0.424
   1.76134     23.158755  0.000  0.000  0.000  0.065  0.039  0.000  0.000  0.337  0.000  0.442
   1.78980     23.293475  0.000  0.000  0.000  0.071  0.043  0.000  0.000  0.337  0.000  0.452
   1.81825     23.428796  0.000  0.000  0.000  0.074  0.044  0.000  0.000  0.337  0.000  0.457
   1.84671     23.561065  0.000  0.000  0.000  0.079  0.046  0.000  0.000  0.333  0.000  0.461
   1.87517     23.686538  0.000  0.000  0.000  0.085  0.049  0.000  0.000  0.330  0.000  0.463
   1.90362     23.800851  0.000  0.000  0.000  0.089  0.053  0.000  0.000  0.324  0.000  0.465
   1.93208     23.898917  0.000  0.000  0.000  0.093  0.059  0.000  0.000  0.315  0.000  0.467
   1.96054     23.974882  0.000  0.000  0.000  0.097  0.068  0.001  0.000  0.304  0.000  0.469
   1.98900     23.883465  0.047  0.038  0.037  0.001  0.000  0.320  0.066  0.003  0.048  0.561
   2.01745     23.612419  0.060  0.021  0.029  0.000  0.000  0.356  0.037  0.000  0.037  0.542
   2.04591     23.638274  0.058  0.021  0.027  0.000  0.000  0.300  0.008  0.000  0.014  0.428
   2.07437     23.885654  0.030  0.057  0.019  0.000  0.000  0.207  0.039  0.000  0.030  0.383
   2.10282     23.787392  0.018  0.074  0.005  0.001  0.001  0.113  0.087  0.002  0.154  0.456
   2.13128     23.438327  0.025  0.064  0.009  0.000  0.000  0.102  0.092  0.000  0.196  0.486
   2.15974     23.056270  0.028  0.053  0.010  0.000  0.000  0.101  0.094  0.000  0.216  0.502
   2.18820     22.822455  0.000  0.000  0.000  0.084  0.202  0.000  0.000  0.355  0.000  0.641
   2.21665     22.857030  0.000  0.000  0.000  0.079  0.194  0.000  0.000  0.367  0.000  0.641
 
# Band-Index:   44
   2.21665     23.330369  0.022  0.001  0.009  0.000  0.000  0.063  0.075  0.000  0.222  0.396
   2.18820     23.505787  0.020  0.018  0.011  0.000  0.000  0.064  0.062  0.000  0.204  0.380
   2.15974     23.823573  0.001  0.003  0.002  0.095  0.106  0.007  0.006  0.194  0.019  0.436
   2.13128     23.890115  0.000  0.000  0.000  0.104  0.123  0.000  0.000  0.218  0.000  0.447
   2.10282     23.952762  0.000  0.001  0.000  0.104  0.120  0.002  0.001  0.228  0.003  0.455
   2.07437     24.002023  0.000  0.000  0.000  0.106  0.113  0.002  0.000  0.243  0.000  0.464
   2.04591     24.036482  0.000  0.000  0.000  0.104  0.103  0.000  0.000  0.259  0.000  0.470
   2.01745     24.045956  0.000  0.000  0.000  0.104  0.091  0.000  0.000  0.275  0.000  0.471
   1.98900     24.026687  0.000  0.000  0.000  0.100  0.077  0.002  0.000  0.288  0.000  0.471
   1.96054     24.186799  0.036  0.036  0.041  0.000  0.000  0.312  0.069  0.000  0.057  0.553
   1.93208     24.363103  0.019  0.014  0.064  0.000  0.000  0.308  0.071  0.000  0.073  0.551
   1.90362     24.293343  0.016  0.008  0.095  0.000  0.000  0.276  0.088  0.000  0.094  0.576
   1.87517     24.137106  0.020  0.013  0.101  0.000  0.000  0.251  0.100  0.000  0.111  0.598
   1.84671     23.987525  0.028  0.018  0.097  0.000  0.000  0.228  0.110  0.000  0.127  0.607
   1.81825     23.879151  0.037  0.021  0.090  0.000  0.000  0.203  0.119  0.000  0.141  0.611
   1.78980     23.826425  0.042  0.028  0.085  0.000  0.000  0.173  0.124  0.000  0.156  0.609
   1.76134     23.823117  0.042  0.039  0.086  0.000  0.000  0.142  0.129  0.000  0.167  0.606
   1.73288     23.844771  0.037  0.056  0.097  0.000  0.000  0.105  0.134  0.000  0.175  0.603
   1.70442     23.859464  0.029  0.076  0.113  0.000  0.000  0.070  0.134  0.000  0.176  0.600
   1.67597     23.843469  0.022  0.101  0.132  0.000  0.000  0.040  0.130  0.000  0.167  0.592
   1.64751     23.794648  0.019  0.124  0.147  0.000  0.002  0.020  0.115  0.000  0.154  0.578
   1.61905     24.064087  0.000  0.000  0.000  0.050  0.292  0.000  0.000  0.054  0.000  0.398
   1.59060     24.490960  0.000  0.000  0.000  0.050  0.299  0.000  0.000  0.055  0.000  0.401
   1.56214     24.923127  0.000  0.000  0.000  0.049  0.306  0.000  0.000  0.052  0.000  0.405
   1.53368     25.359658  0.000  0.000  0.000  0.045  0.312  0.000  0.000  0.050  0.000  0.409
   1.50522     25.641138  0.025  0.091  0.110  0.000  0.000  0.170  0.180  0.000  0.107  0.683
   1.47677     25.530610  0.020  0.088  0.105  0.000  0.000  0.139  0.195  0.001  0.118  0.668
   1.44831     25.376536  0.017  0.086  0.088  0.000  0.000  0.101  0.214  0.004  0.133  0.642
   1.41985     25.195895  0.017  0.072  0.049  0.011  0.010  0.069  0.219  0.023  0.133  0.605
   1.39139     25.023746  0.023  0.064  0.026  0.001  0.002  0.105  0.248  0.008  0.141  0.622
   1.36294     24.863112  0.033  0.040  0.043  0.000  0.000  0.210  0.229  0.000  0.110  0.666
   1.33448     24.710943  0.035  0.018  0.102  0.000  0.000  0.306  0.171  0.000  0.074  0.707
   1.30602     24.542356  0.032  0.007  0.169  0.000  0.000  0.355  0.116  0.000  0.047  0.726
   1.27757     24.352609  0.025  0.003  0.238  0.000  0.000  0.362  0.073  0.000  0.031  0.731
   1.24911     24.146986  0.018  0.001  0.304  0.000  0.000  0.339  0.044  0.000  0.019  0.726
   1.22065     23.934147  0.012  0.001  0.372  0.000  0.000  0.291  0.025  0.000  0.013  0.714
   1.19219     23.725774  0.007  0.001  0.446  0.000  0.000  0.224  0.012  0.000  0.007  0.697
   1.16374     23.539067  0.003  0.001  0.528  0.000  0.000  0.135  0.006  0.000  0.003  0.673
   1.13528     23.401334  0.000  0.000  0.604  0.000  0.000  0.044  0.001  0.000  0.000  0.651
   1.10682     23.348749  0.000  0.000  0.640  0.000  0.000  0.000  0.000  0.000  0.000  0.640
   1.10682     23.348749  0.000  0.000  0.640  0.000  0.000  0.000  0.000  0.000  0.000  0.640
   1.07844     23.399274  0.000  0.000  0.607  0.000  0.000  0.043  0.000  0.000  0.000  0.651
   1.05006     23.534161  0.002  0.000  0.534  0.000  0.000  0.132  0.004  0.000  0.000  0.675
   1.02168     23.721277  0.006  0.000  0.457  0.000  0.000  0.223  0.008  0.000  0.002  0.698
   0.99330     23.933968  0.010  0.002  0.384  0.000  0.000  0.294  0.020  0.000  0.002  0.715
   0.96492     24.153862  0.017  0.002  0.320  0.000  0.000  0.347  0.037  0.000  0.002  0.727
   0.93654     24.367303  0.024  0.004  0.262  0.000  0.000  0.379  0.064  0.000  0.003  0.736
   0.90816     24.561832  0.032  0.006  0.205  0.000  0.000  0.387  0.105  0.000  0.004  0.739
   0.87978     24.723198  0.038  0.014  0.150  0.000  0.000  0.369  0.163  0.000  0.005  0.739
   0.85140     24.832843  0.038  0.027  0.096  0.000  0.000  0.319  0.237  0.000  0.016  0.733
   0.82302     24.871338  0.034  0.054  0.046  0.000  0.000  0.226  0.318  0.000  0.040  0.718
   0.79464     24.877180  0.015  0.088  0.029  0.000  0.003  0.073  0.333  0.000  0.134  0.677
   0.76626     25.058275  0.018  0.071  0.102  0.000  0.000  0.115  0.236  0.001  0.143  0.688
   0.73788     25.252796  0.024  0.066  0.110  0.000  0.000  0.152  0.217  0.001  0.132  0.703
   0.70950     25.403492  0.029  0.065  0.103  0.000  0.000  0.167  0.211  0.000  0.122  0.702
   0.68112     25.165095  0.000  0.000  0.000  0.038  0.341  0.000  0.000  0.074  0.000  0.453
   0.65274     24.738651  0.000  0.000  0.000  0.039  0.326  0.000  0.000  0.070  0.000  0.435
   0.62436     24.311075  0.000  0.000  0.000  0.042  0.311  0.000  0.000  0.067  0.000  0.420
   0.59598     24.140197  0.011  0.088  0.177  0.000  0.000  0.009  0.071  0.000  0.135  0.490
   0.56760     24.293782  0.008  0.078  0.173  0.000  0.000  0.018  0.072  0.000  0.142  0.490
   0.53922     24.410591  0.006  0.068  0.152  0.000  0.000  0.049  0.075  0.000  0.149  0.496
   0.51084     24.429800  0.022  0.055  0.088  0.000  0.000  0.123  0.086  0.000  0.151  0.528
   0.48246     24.321203  0.048  0.045  0.042  0.000  0.000  0.185  0.103  0.000  0.136  0.558
   0.45408     24.181014  0.060  0.038  0.034  0.000  0.000  0.207  0.116  0.000  0.121  0.575
   0.42570     24.063525  0.062  0.031  0.038  0.000  0.000  0.224  0.125  0.000  0.107  0.588
   0.39732     23.986447  0.058  0.029  0.043  0.000  0.000  0.238  0.134  0.000  0.094  0.600
   0.36894     23.957244  0.053  0.027  0.052  0.000  0.000  0.257  0.137  0.000  0.084  0.612
   0.34056     23.976280  0.044  0.027  0.059  0.000  0.000  0.284  0.132  0.000  0.072  0.620
   0.31218     24.028572  0.033  0.027  0.061  0.000  0.000  0.323  0.107  0.000  0.060  0.614
   0.28380     24.009703  0.029  0.030  0.047  0.000  0.000  0.364  0.051  0.000  0.040  0.558
   0.25542     23.776745  0.038  0.033  0.046  0.000  0.000  0.337  0.044  0.000  0.034  0.534
   0.22704     23.548383  0.048  0.024  0.035  0.001  0.000  0.322  0.024  0.003  0.030  0.489
   0.19866     23.575191  0.049  0.021  0.027  0.001  0.000  0.250  0.006  0.005  0.023  0.380
   0.17028     23.855397  0.039  0.031  0.030  0.000  0.000  0.198  0.021  0.000  0.019  0.338
   0.14190     24.153587  0.025  0.056  0.027  0.000  0.000  0.176  0.042  0.000  0.039  0.365
   0.11352     24.014805  0.020  0.058  0.018  0.000  0.000  0.156  0.083  0.000  0.176  0.514
   0.08514     23.591893  0.023  0.054  0.017  0.000  0.000  0.133  0.084  0.000  0.190  0.504
   0.05676     23.514809  0.000  0.000  0.000  0.131  0.092  0.000  0.000  0.245  0.000  0.467
   0.02838     23.472320  0.020  0.020  0.010  0.000  0.000  0.059  0.064  0.000  0.208  0.382
   0.00000     23.330369  0.022  0.001  0.009  0.000  0.000  0.063  0.075  0.000  0.222  0.396
 
# Band-Index:   45
   0.00000     23.738802  0.000  0.000  0.000  0.134  0.092  0.000  0.000  0.269  0.000  0.495
   0.02838     23.604462  0.000  0.000  0.000  0.131  0.092  0.000  0.000  0.229  0.000  0.453
   0.05676     23.774988  0.016  0.044  0.011  0.000  0.000  0.052  0.053  0.000  0.184  0.362
   0.08514     24.111212  0.011  0.067  0.011  0.000  0.000  0.046  0.043  0.000  0.159  0.335
   0.11352     24.372397  0.006  0.080  0.011  0.000  0.000  0.056  0.033  0.000  0.088  0.274
   0.14190     24.526848  0.017  0.051  0.019  0.000  0.000  0.140  0.069  0.000  0.138  0.434
   0.17028     24.774414  0.014  0.057  0.046  0.000  0.000  0.256  0.084  0.000  0.082  0.540
   0.19866     24.683798  0.022  0.042  0.084  0.000  0.000  0.288  0.093  0.000  0.053  0.583
   0.22704     24.529272  0.025  0.040  0.093  0.000  0.000  0.282  0.113  0.000  0.055  0.608
   0.25542     24.382910  0.030  0.040  0.098  0.000  0.000  0.257  0.137  0.000  0.061  0.625
   0.28380     24.308787  0.040  0.048  0.102  0.000  0.000  0.197  0.156  0.000  0.066  0.611
   0.31218     24.461525  0.040  0.054  0.088  0.000  0.000  0.194  0.113  0.000  0.055  0.541
   0.34056     24.671685  0.037  0.054  0.089  0.000  0.000  0.177  0.088  0.000  0.056  0.499
   0.36894     24.818522  0.038  0.050  0.101  0.000  0.000  0.137  0.074  0.000  0.061  0.462
   0.39732     24.889588  0.039  0.046  0.118  0.000  0.000  0.099  0.065  0.000  0.068  0.437
   0.42570     24.902218  0.039  0.045  0.136  0.000  0.000  0.067  0.062  0.000  0.076  0.430
   0.45408     24.876519  0.043  0.048  0.152  0.000  0.000  0.048  0.064  0.000  0.083  0.438
   0.48246     24.832274  0.052  0.056  0.153  0.000  0.000  0.044  0.072  0.000  0.086  0.463
   0.51084     24.820095  0.075  0.067  0.112  0.000  0.000  0.081  0.083  0.000  0.089  0.507
   0.53922     24.931543  0.085  0.075  0.050  0.000  0.000  0.140  0.098  0.000  0.104  0.551
   0.56760     25.128432  0.076  0.082  0.031  0.000  0.000  0.152  0.108  0.000  0.119  0.568
   0.59598     25.329677  0.064  0.086  0.030  0.000  0.000  0.142  0.132  0.000  0.122  0.578
   0.62436     25.473749  0.051  0.081  0.046  0.000  0.000  0.133  0.172  0.000  0.114  0.599
   0.65274     25.526756  0.042  0.072  0.068  0.000  0.000  0.145  0.200  0.000  0.110  0.637
   0.68112     25.498393  0.037  0.066  0.087  0.000  0.000  0.165  0.210  0.000  0.114  0.678
   0.70950     25.572170  0.000  0.000  0.000  0.036  0.357  0.000  0.000  0.093  0.000  0.486
   0.73788     25.861447  0.000  0.000  0.000  0.044  0.319  0.000  0.000  0.179  0.000  0.545
   0.76626     25.799899  0.000  0.000  0.000  0.083  0.149  0.000  0.002  0.260  0.000  0.496
   0.79464     25.678411  0.000  0.000  0.000  0.099  0.112  0.000  0.000  0.200  0.000  0.412
   0.82302     25.797199  0.000  0.000  0.000  0.087  0.194  0.000  0.000  0.093  0.000  0.375
   0.85140     26.105711  0.000  0.000  0.000  0.071  0.263  0.000  0.000  0.048  0.000  0.381
   0.87978     26.484240  0.000  0.000  0.000  0.059  0.295  0.000  0.001  0.032  0.000  0.387
   0.90816     26.888469  0.000  0.005  0.001  0.050  0.303  0.001  0.015  0.024  0.002  0.399
   0.93654     27.113264  0.033  0.109  0.037  0.000  0.003  0.027  0.594  0.000  0.047  0.852
   0.96492     27.198327  0.053  0.078  0.029  0.000  0.000  0.012  0.702  0.000  0.027  0.902
   0.99330     27.250806  0.072  0.048  0.019  0.000  0.000  0.003  0.779  0.000  0.015  0.938
   1.02168     27.278745  0.088  0.027  0.012  0.000  0.000  0.001  0.829  0.000  0.006  0.964
   1.05006     27.291375  0.099  0.011  0.004  0.000  0.000  0.000  0.859  0.000  0.002  0.978
   1.07844     27.296040  0.106  0.004  0.001  0.000  0.000  0.000  0.874  0.000  0.000  0.986
   1.10682     27.297117  0.108  0.000  0.000  0.000  0.000  0.000  0.879  0.000  0.000  0.988
   1.10682     27.297117  0.108  0.000  0.000  0.000  0.000  0.000  0.879  0.000  0.000  0.988
   1.13528     27.297201  0.106  0.004  0.001  0.000  0.000  0.000  0.873  0.000  0.000  0.986
   1.16374     27.296657  0.099  0.011  0.005  0.000  0.000  0.000  0.858  0.000  0.002  0.978
   1.19219     27.293112  0.088  0.027  0.013  0.000  0.000  0.002  0.827  0.000  0.006  0.963
   1.22065     27.282881  0.072  0.048  0.021  0.000  0.000  0.008  0.780  0.000  0.012  0.940
   1.24911     27.261641  0.053  0.074  0.033  0.000  0.000  0.019  0.707  0.000  0.021  0.906
   1.27757     27.221841  0.029  0.095  0.040  0.006  0.041  0.032  0.532  0.002  0.027  0.802
   1.30602     26.821223  0.000  0.000  0.000  0.047  0.333  0.000  0.000  0.017  0.000  0.398
   1.33448     26.383913  0.000  0.000  0.000  0.050  0.332  0.000  0.000  0.016  0.000  0.400
   1.36294     25.950372  0.000  0.000  0.000  0.054  0.330  0.000  0.000  0.017  0.000  0.401
   1.39139     25.522301  0.000  0.000  0.000  0.060  0.321  0.000  0.000  0.021  0.000  0.401
   1.41985     25.281184  0.000  0.007  0.005  0.094  0.081  0.007  0.017  0.320  0.012  0.545
   1.44831     25.662168  0.000  0.000  0.001  0.083  0.115  0.000  0.002  0.336  0.001  0.542
   1.47677     26.054911  0.000  0.000  0.000  0.074  0.148  0.000  0.000  0.320  0.000  0.545
   1.50522     25.799589  0.000  0.000  0.000  0.042  0.323  0.000  0.000  0.050  0.000  0.416
   1.53368     25.692600  0.030  0.092  0.104  0.000  0.000  0.186  0.168  0.000  0.097  0.676
   1.56214     25.673443  0.040  0.092  0.092  0.000  0.000  0.186  0.147  0.000  0.092  0.647
   1.59060     25.589512  0.049  0.090  0.079  0.000  0.000  0.182  0.116  0.000  0.092  0.610
   1.61905     25.463794  0.059  0.085  0.074  0.000  0.000  0.181  0.083  0.000  0.093  0.577
   1.64751     25.326738  0.070  0.079  0.077  0.000  0.000  0.179  0.059  0.000  0.088  0.550
   1.67597     25.211139  0.073  0.072  0.088  0.000  0.000  0.168  0.046  0.000  0.080  0.527
   1.70442     25.144291  0.075  0.068  0.105  0.000  0.000  0.148  0.045  0.000  0.071  0.509
   1.73288     25.136317  0.071  0.064  0.120  0.000  0.000  0.124  0.052  0.000  0.062  0.497
   1.76134     25.176262  0.067  0.063  0.129  0.000  0.000  0.107  0.061  0.000  0.058  0.486
   1.78980     25.241270  0.061  0.063  0.128  0.000  0.000  0.101  0.062  0.000  0.054  0.471
   1.81825     25.302969  0.057  0.071  0.112  0.000  0.000  0.113  0.058  0.000  0.049  0.459
   1.84671     25.318481  0.048  0.086  0.086  0.000  0.000  0.148  0.049  0.000  0.047  0.462
   1.87517     25.229839  0.037  0.097  0.067  0.000  0.000  0.197  0.055  0.000  0.047  0.501
   1.90362     25.035654  0.034  0.094  0.071  0.000  0.000  0.221  0.076  0.000  0.047  0.543
   1.93208     24.858220  0.028  0.071  0.104  0.000  0.000  0.215  0.097  0.000  0.055  0.570
   1.96054     24.890545  0.018  0.031  0.126  0.000  0.000  0.224  0.097  0.000  0.060  0.556
   1.98900     25.034084  0.017  0.009  0.126  0.000  0.000  0.235  0.097  0.000  0.056  0.541
   2.01745     25.065211  0.037  0.041  0.051  0.000  0.000  0.154  0.136  0.000  0.178  0.596
   2.04591     24.716461  0.040  0.049  0.029  0.000  0.000  0.129  0.103  0.000  0.206  0.556
   2.07437     24.415336  0.055  0.026  0.046  0.000  0.000  0.153  0.079  0.001  0.190  0.551
   2.10282     24.487115  0.053  0.027  0.065  0.000  0.000  0.193  0.021  0.000  0.064  0.424
   2.13128     24.295208  0.015  0.049  0.022  0.000  0.000  0.067  0.033  0.000  0.164  0.348
   2.15974     23.880128  0.015  0.033  0.013  0.011  0.013  0.058  0.042  0.024  0.166  0.377
   2.18820     23.774575  0.000  0.000  0.000  0.119  0.106  0.000  0.000  0.244  0.000  0.469
   2.21665     23.738802  0.000  0.000  0.000  0.134  0.092  0.000  0.000  0.269  0.000  0.495
 
# Band-Index:   46
   2.21665     23.857091  0.000  0.000  0.000  0.114  0.109  0.000  0.000  0.149  0.000  0.371
   2.18820     23.926879  0.000  0.000  0.000  0.124  0.100  0.000  0.000  0.187  0.000  0.411
   2.15974     24.138977  0.000  0.000  0.000  0.125  0.098  0.000  0.000  0.238  0.000  0.462
   2.13128     24.435247  0.000  0.000  0.000  0.119  0.105  0.000  0.000  0.263  0.000  0.488
   2.10282     24.771776  0.000  0.000  0.000  0.111  0.115  0.001  0.000  0.271  0.002  0.502
   2.07437     25.128651  0.000  0.000  0.000  0.107  0.125  0.001  0.000  0.276  0.000  0.511
   2.04591     25.369630  0.019  0.008  0.109  0.002  0.004  0.221  0.048  0.006  0.055  0.474
   2.01745     25.230856  0.014  0.029  0.088  0.000  0.000  0.207  0.031  0.000  0.070  0.441
   1.98900     25.468346  0.029  0.070  0.015  0.000  0.000  0.133  0.086  0.000  0.190  0.524
   1.96054     25.828360  0.028  0.074  0.016  0.000  0.000  0.146  0.104  0.000  0.185  0.552
   1.93208     26.154490  0.036  0.069  0.046  0.000  0.000  0.174  0.183  0.000  0.155  0.663
   1.90362     26.085802  0.045  0.058  0.140  0.000  0.000  0.109  0.206  0.000  0.043  0.604
   1.87517     25.993448  0.035  0.073  0.132  0.000  0.000  0.115  0.205  0.000  0.041  0.602
   1.84671     25.949504  0.025  0.099  0.096  0.000  0.000  0.127  0.189  0.000  0.043  0.576
   1.81825     25.926092  0.020  0.114  0.054  0.000  0.000  0.122  0.161  0.000  0.041  0.512
   1.78980     25.902662  0.021  0.110  0.029  0.000  0.000  0.109  0.138  0.000  0.035  0.444
   1.76134     25.887514  0.023  0.099  0.016  0.000  0.000  0.099  0.129  0.000  0.028  0.394
   1.73288     25.891149  0.023  0.087  0.013  0.000  0.000  0.091  0.125  0.000  0.020  0.358
   1.70442     25.919114  0.023  0.073  0.014  0.000  0.000  0.087  0.124  0.000  0.015  0.336
   1.67597     25.973773  0.022  0.063  0.016  0.000  0.000  0.087  0.124  0.000  0.013  0.325
   1.64751     26.055627  0.020  0.055  0.022  0.000  0.000  0.091  0.121  0.000  0.014  0.322
   1.61905     26.161440  0.019  0.047  0.026  0.000  0.000  0.099  0.112  0.000  0.022  0.328
   1.59060     26.278478  0.021  0.040  0.032  0.000  0.000  0.109  0.102  0.000  0.031  0.336
   1.56214     26.386337  0.026  0.029  0.039  0.000  0.000  0.111  0.094  0.000  0.036  0.337
   1.53368     26.484941  0.035  0.020  0.041  0.000  0.000  0.099  0.097  0.000  0.036  0.329
   1.50522     26.457327  0.000  0.000  0.000  0.082  0.122  0.000  0.000  0.313  0.000  0.518
   1.47677     26.246138  0.000  0.000  0.000  0.053  0.295  0.000  0.000  0.054  0.000  0.402
   1.44831     26.689799  0.000  0.000  0.000  0.042  0.325  0.000  0.000  0.048  0.000  0.417
   1.41985     26.994459  0.033  0.100  0.045  0.000  0.002  0.162  0.100  0.000  0.051  0.493
   1.39139     27.062576  0.019  0.156  0.057  0.000  0.000  0.199  0.124  0.000  0.065  0.622
   1.36294     27.093827  0.008  0.172  0.063  0.000  0.000  0.164  0.224  0.000  0.066  0.700
   1.33448     27.133166  0.007  0.162  0.061  0.000  0.000  0.110  0.355  0.000  0.058  0.756
   1.30602     27.182396  0.017  0.136  0.055  0.000  0.000  0.067  0.489  0.000  0.044  0.811
   1.27757     27.268461  0.004  0.013  0.004  0.036  0.292  0.003  0.078  0.014  0.004  0.452
   1.24911     27.705180  0.000  0.000  0.000  0.036  0.327  0.000  0.001  0.016  0.000  0.381
   1.22065     28.145980  0.000  0.000  0.000  0.029  0.316  0.000  0.000  0.016  0.000  0.362
   1.19219     28.580821  0.000  0.000  0.000  0.023  0.293  0.000  0.000  0.015  0.000  0.331
   1.16374     28.997145  0.000  0.000  0.000  0.012  0.243  0.000  0.000  0.013  0.000  0.268
   1.13528     29.356625  0.000  0.000  0.000  0.003  0.128  0.000  0.000  0.007  0.000  0.139
   1.10682     29.450180  0.002  0.000  0.078  0.000  0.000  0.000  0.236  0.000  0.000  0.316
   1.10682     29.450180  0.002  0.000  0.078  0.000  0.000  0.000  0.236  0.000  0.000  0.316
   1.07844     29.358343  0.000  0.000  0.000  0.003  0.127  0.000  0.000  0.007  0.000  0.138
   1.05006     29.003959  0.000  0.000  0.000  0.012  0.239  0.000  0.000  0.013  0.000  0.265
   1.02168     28.594913  0.000  0.000  0.000  0.023  0.287  0.000  0.000  0.016  0.000  0.326
   0.99330     28.169202  0.000  0.000  0.000  0.030  0.310  0.000  0.000  0.017  0.000  0.358
   0.96492     27.739828  0.000  0.000  0.000  0.037  0.318  0.000  0.000  0.018  0.000  0.375
   0.93654     27.313741  0.000  0.000  0.000  0.044  0.316  0.000  0.005  0.020  0.000  0.387
   0.90816     27.003192  0.017  0.136  0.045  0.000  0.010  0.051  0.461  0.001  0.068  0.791
   0.87978     26.866651  0.009  0.161  0.053  0.000  0.000  0.092  0.346  0.000  0.087  0.754
   0.85140     26.737486  0.010  0.172  0.062  0.000  0.000  0.150  0.225  0.000  0.098  0.714
   0.82302     26.643712  0.018  0.167  0.064  0.000  0.000  0.222  0.122  0.000  0.096  0.691
   0.79464     26.603769  0.032  0.148  0.063  0.000  0.000  0.292  0.063  0.000  0.083  0.679
   0.76626     26.604019  0.047  0.127  0.051  0.000  0.000  0.336  0.047  0.000  0.067  0.679
   0.73788     26.506071  0.000  0.000  0.000  0.088  0.074  0.002  0.000  0.165  0.000  0.333
   0.70950     26.540123  0.068  0.106  0.023  0.000  0.000  0.341  0.065  0.000  0.071  0.678
   0.68112     26.400583  0.073  0.101  0.012  0.000  0.000  0.314  0.073  0.000  0.082  0.656
   0.65274     26.205699  0.073  0.089  0.010  0.000  0.000  0.281  0.088  0.000  0.080  0.621
   0.62436     26.016193  0.071  0.071  0.014  0.000  0.000  0.246  0.116  0.000  0.061  0.581
   0.59598     25.885603  0.065  0.060  0.017  0.000  0.000  0.203  0.149  0.000  0.038  0.532
   0.56760     25.818047  0.061  0.059  0.014  0.000  0.000  0.163  0.167  0.000  0.028  0.494
   0.53922     25.794133  0.059  0.069  0.009  0.000  0.000  0.137  0.170  0.000  0.026  0.472
   0.51084     25.806652  0.057  0.082  0.007  0.000  0.000  0.118  0.169  0.000  0.031  0.468
   0.48246     25.854633  0.053  0.095  0.013  0.000  0.000  0.108  0.168  0.000  0.041  0.481
   0.45408     25.932728  0.048  0.109  0.027  0.000  0.000  0.100  0.166  0.000  0.055  0.504
   0.42570     26.025064  0.039  0.118  0.049  0.000  0.000  0.100  0.165  0.000  0.068  0.539
   0.39732     26.102123  0.031  0.118  0.079  0.000  0.000  0.111  0.162  0.000  0.076  0.579
   0.36894     26.130957  0.029  0.097  0.118  0.000  0.000  0.126  0.154  0.000  0.081  0.608
   0.34056     26.124049  0.034  0.073  0.147  0.000  0.000  0.123  0.142  0.000  0.086  0.606
   0.31218     26.133499  0.040  0.055  0.161  0.000  0.000  0.111  0.139  0.000  0.096  0.602
   0.28380     26.167803  0.041  0.042  0.164  0.000  0.000  0.123  0.144  0.000  0.118  0.636
   0.25542     26.103812  0.029  0.028  0.102  0.000  0.000  0.212  0.119  0.000  0.158  0.648
   0.22704     25.784843  0.024  0.032  0.054  0.000  0.000  0.203  0.078  0.000  0.161  0.551
   0.19866     25.402504  0.024  0.033  0.049  0.000  0.000  0.173  0.065  0.000  0.166  0.510
   0.17028     25.049810  0.027  0.029  0.080  0.000  0.000  0.157  0.040  0.000  0.153  0.485
   0.14190     24.946682  0.023  0.043  0.085  0.000  0.000  0.160  0.013  0.000  0.143  0.465
   0.11352     24.929666  0.037  0.005  0.076  0.000  0.000  0.188  0.029  0.000  0.119  0.455
   0.08514     24.801971  0.000  0.000  0.000  0.106  0.131  0.000  0.000  0.236  0.000  0.472
   0.05676     24.424453  0.000  0.000  0.000  0.110  0.124  0.000  0.000  0.222  0.000  0.456
   0.02838     24.085272  0.000  0.000  0.000  0.115  0.116  0.000  0.000  0.203  0.000  0.432
   0.00000     23.857091  0.000  0.000  0.000  0.114  0.109  0.000  0.000  0.149  0.000  0.371
 
# Band-Index:   47
   0.00000     25.903716  0.016  0.044  0.087  0.000  0.000  0.204  0.065  0.000  0.006  0.422
   0.02838     25.800852  0.018  0.032  0.080  0.000  0.000  0.231  0.060  0.000  0.014  0.436
   0.05676     25.538212  0.024  0.020  0.075  0.000  0.000  0.226  0.048  0.000  0.028  0.420
   0.08514     25.203295  0.032  0.011  0.072  0.000  0.000  0.210  0.039  0.000  0.052  0.416
   0.11352     25.201498  0.000  0.000  0.000  0.101  0.134  0.000  0.000  0.249  0.000  0.486
   0.14190     25.368415  0.043  0.010  0.061  0.000  0.000  0.227  0.115  0.000  0.114  0.570
   0.17028     25.578186  0.030  0.041  0.040  0.000  0.000  0.128  0.096  0.000  0.185  0.520
   0.19866     25.910825  0.023  0.063  0.047  0.000  0.000  0.093  0.088  0.000  0.198  0.512
   0.22704     26.207891  0.022  0.073  0.084  0.000  0.000  0.077  0.100  0.000  0.182  0.540
   0.25542     26.351746  0.032  0.080  0.088  0.000  0.000  0.083  0.083  0.000  0.112  0.478
   0.28380     26.570867  0.020  0.081  0.027  0.000  0.000  0.192  0.055  0.000  0.110  0.488
   0.31218     26.785451  0.018  0.103  0.021  0.000  0.000  0.180  0.073  0.000  0.121  0.517
   0.34056     26.853103  0.034  0.092  0.023  0.000  0.000  0.129  0.086  0.000  0.118  0.483
   0.36894     26.894707  0.048  0.056  0.036  0.000  0.000  0.141  0.089  0.000  0.100  0.470
   0.39732     27.033398  0.050  0.029  0.057  0.000  0.000  0.188  0.089  0.000  0.082  0.497
   0.42570     27.284983  0.048  0.022  0.070  0.000  0.000  0.236  0.084  0.000  0.069  0.530
   0.45408     27.513841  0.064  0.032  0.063  0.000  0.000  0.302  0.039  0.000  0.100  0.600
   0.48246     27.433010  0.063  0.031  0.059  0.000  0.000  0.314  0.048  0.000  0.129  0.644
   0.51084     27.310063  0.060  0.027  0.063  0.000  0.000  0.310  0.046  0.000  0.124  0.631
   0.53922     27.188281  0.059  0.023  0.067  0.000  0.000  0.300  0.043  0.000  0.116  0.607
   0.56760     27.076256  0.055  0.019  0.072  0.000  0.000  0.283  0.040  0.000  0.104  0.573
   0.59598     26.981460  0.049  0.017  0.074  0.000  0.000  0.258  0.038  0.000  0.091  0.528
   0.62436     26.913509  0.043  0.016  0.076  0.000  0.000  0.218  0.042  0.000  0.074  0.468
   0.65274     26.884468  0.034  0.016  0.073  0.000  0.000  0.168  0.053  0.001  0.052  0.398
   0.68112     26.903532  0.022  0.019  0.065  0.005  0.003  0.106  0.072  0.012  0.031  0.335
   0.70950     26.712516  0.000  0.000  0.001  0.091  0.047  0.000  0.002  0.248  0.000  0.392
   0.73788     26.600177  0.059  0.113  0.038  0.000  0.000  0.350  0.058  0.000  0.061  0.682
   0.76626     26.702632  0.000  0.000  0.000  0.058  0.232  0.000  0.000  0.065  0.000  0.357
   0.79464     27.101262  0.000  0.000  0.000  0.047  0.296  0.000  0.000  0.049  0.000  0.393
   0.82302     27.538741  0.000  0.000  0.000  0.040  0.323  0.000  0.000  0.046  0.000  0.411
   0.85140     27.797174  0.021  0.019  0.049  0.000  0.000  0.013  0.141  0.000  0.010  0.252
   0.87978     28.009032  0.020  0.022  0.050  0.000  0.000  0.011  0.148  0.000  0.015  0.262
   0.90816     28.232909  0.018  0.021  0.051  0.000  0.000  0.010  0.158  0.000  0.018  0.274
   0.93654     28.463874  0.014  0.020  0.052  0.000  0.000  0.007  0.171  0.000  0.016  0.283
   0.96492     28.694150  0.014  0.015  0.058  0.000  0.000  0.005  0.188  0.000  0.012  0.290
   0.99330     28.914053  0.012  0.008  0.062  0.000  0.000  0.002  0.206  0.000  0.004  0.295
   1.02168     29.114349  0.011  0.003  0.067  0.000  0.000  0.000  0.219  0.000  0.000  0.303
   1.05006     29.284411  0.007  0.000  0.072  0.000  0.000  0.000  0.227  0.000  0.000  0.309
   1.07844     29.405192  0.003  0.000  0.078  0.000  0.000  0.000  0.232  0.000  0.000  0.314
   1.10682     29.527887  0.000  0.000  0.000  0.000  0.000  0.000  0.000  0.000  0.000  0.000
   1.10682     29.527885  0.000  0.000  0.000  0.000  0.000  0.000  0.000  0.000  0.000  0.000
   1.13528     29.403555  0.003  0.000  0.078  0.000  0.000  0.000  0.232  0.000  0.000  0.314
   1.16374     29.276306  0.007  0.000  0.071  0.000  0.000  0.000  0.225  0.000  0.003  0.310
   1.19219     29.092071  0.010  0.007  0.066  0.000  0.000  0.000  0.213  0.000  0.012  0.309
   1.22065     28.869823  0.011  0.014  0.060  0.000  0.000  0.000  0.197  0.000  0.027  0.311
   1.24911     28.624101  0.012  0.020  0.057  0.000  0.000  0.001  0.180  0.000  0.043  0.314
   1.27757     28.368327  0.014  0.023  0.053  0.000  0.000  0.001  0.167  0.000  0.051  0.312
   1.30602     28.114571  0.018  0.021  0.052  0.000  0.000  0.001  0.162  0.000  0.051  0.304
   1.33448     27.873717  0.021  0.011  0.052  0.000  0.000  0.000  0.164  0.000  0.047  0.296
   1.36294     27.658761  0.022  0.003  0.055  0.000  0.000  0.002  0.168  0.000  0.039  0.291
   1.39139     27.497383  0.021  0.009  0.062  0.000  0.000  0.029  0.161  0.000  0.035  0.314
   1.41985     27.138239  0.000  0.000  0.000  0.040  0.336  0.000  0.000  0.046  0.000  0.423
   1.44831     26.869585  0.039  0.053  0.040  0.000  0.000  0.109  0.111  0.000  0.040  0.392
   1.47677     26.727350  0.039  0.029  0.039  0.000  0.000  0.090  0.112  0.000  0.035  0.348
   1.50522     26.595956  0.039  0.019  0.040  0.000  0.000  0.089  0.105  0.000  0.035  0.329
   1.53368     26.857637  0.000  0.000  0.000  0.076  0.136  0.000  0.000  0.300  0.000  0.511
   1.56214     27.096407  0.084  0.043  0.025  0.000  0.000  0.197  0.043  0.000  0.109  0.503
   1.59060     27.022875  0.095  0.025  0.038  0.000  0.000  0.220  0.051  0.000  0.105  0.531
   1.61905     27.038634  0.095  0.019  0.045  0.000  0.000  0.241  0.056  0.000  0.101  0.562
   1.64751     27.111492  0.096  0.017  0.050  0.000  0.000  0.255  0.063  0.000  0.101  0.580
   1.67597     27.216045  0.092  0.019  0.050  0.000  0.000  0.263  0.068  0.000  0.100  0.592
   1.70442     27.338645  0.089  0.023  0.048  0.000  0.000  0.266  0.068  0.000  0.100  0.596
   1.73288     27.471755  0.088  0.027  0.046  0.000  0.000  0.267  0.069  0.000  0.097  0.591
   1.76134     27.603892  0.084  0.029  0.048  0.000  0.001  0.277  0.055  0.000  0.063  0.557
   1.78980     27.411773  0.038  0.016  0.063  0.000  0.001  0.206  0.129  0.000  0.116  0.568
   1.81825     27.100146  0.041  0.019  0.056  0.000  0.000  0.167  0.130  0.000  0.136  0.551
   1.84671     26.865493  0.036  0.040  0.041  0.000  0.001  0.133  0.121  0.000  0.149  0.522
   1.87517     26.700479  0.025  0.076  0.024  0.000  0.003  0.130  0.109  0.000  0.158  0.524
   1.90362     26.488813  0.016  0.088  0.020  0.000  0.003  0.143  0.093  0.000  0.162  0.526
   1.93208     26.249777  0.036  0.071  0.106  0.000  0.002  0.076  0.105  0.000  0.059  0.455
   1.96054     26.375662  0.044  0.059  0.114  0.002  0.015  0.094  0.169  0.004  0.035  0.538
   1.98900     26.203116  0.000  0.000  0.000  0.090  0.201  0.000  0.000  0.195  0.000  0.488
   2.01745     25.860409  0.000  0.000  0.000  0.098  0.159  0.000  0.000  0.250  0.000  0.508
   2.04591     25.498781  0.000  0.000  0.002  0.101  0.136  0.005  0.000  0.265  0.002  0.512
   2.07437     25.235334  0.014  0.041  0.028  0.000  0.000  0.103  0.036  0.000  0.183  0.408
   2.10282     24.805803  0.021  0.029  0.015  0.001  0.000  0.130  0.058  0.003  0.185  0.441
   2.13128     24.910778  0.050  0.016  0.060  0.000  0.000  0.260  0.048  0.000  0.059  0.491
   2.15974     25.300582  0.041  0.026  0.065  0.000  0.000  0.255  0.048  0.000  0.038  0.472
   2.18820     25.681614  0.029  0.035  0.074  0.000  0.000  0.240  0.054  0.000  0.025  0.457
   2.21665     25.903715  0.016  0.044  0.087  0.000  0.000  0.204  0.065  0.000  0.006  0.422
 
# Band-Index:   48
   2.21665     26.072289  0.017  0.037  0.092  0.000  0.000  0.212  0.067  0.000  0.002  0.429
   2.18820     26.043156  0.014  0.038  0.093  0.000  0.000  0.203  0.063  0.000  0.006  0.420
   2.15974     25.959848  0.016  0.030  0.094  0.000  0.000  0.205  0.060  0.000  0.011  0.421
   2.13128     25.840865  0.019  0.023  0.094  0.000  0.000  0.212  0.060  0.000  0.014  0.423
   2.10282     25.701745  0.018  0.018  0.095  0.000  0.000  0.217  0.061  0.000  0.019  0.426
   2.07437     25.557472  0.016  0.019  0.086  0.000  0.000  0.214  0.066  0.000  0.017  0.417
   2.04591     25.720908  0.008  0.056  0.004  0.000  0.000  0.089  0.046  0.000  0.143  0.348
   2.01745     26.156856  0.009  0.061  0.008  0.000  0.000  0.083  0.045  0.000  0.141  0.351
   1.98900     26.452995  0.032  0.069  0.053  0.000  0.000  0.089  0.115  0.001  0.068  0.433
   1.96054     26.496349  0.003  0.003  0.005  0.067  0.258  0.005  0.007  0.107  0.002  0.454
   1.93208     26.703379  0.000  0.000  0.000  0.047  0.323  0.000  0.000  0.056  0.000  0.429
   1.90362     26.879615  0.000  0.001  0.000  0.036  0.345  0.000  0.000  0.044  0.002  0.430
   1.87517     27.054856  0.001  0.000  0.000  0.032  0.354  0.000  0.000  0.041  0.004  0.434
   1.84671     27.241813  0.001  0.000  0.000  0.031  0.359  0.002  0.001  0.040  0.003  0.438
   1.81825     27.444636  0.001  0.000  0.000  0.030  0.367  0.002  0.000  0.039  0.002  0.439
   1.78980     27.658347  0.000  0.000  0.000  0.030  0.371  0.002  0.000  0.034  0.003  0.441
   1.76134     27.811438  0.019  0.018  0.042  0.007  0.097  0.132  0.140  0.007  0.155  0.619
   1.73288     28.095005  0.000  0.000  0.001  0.029  0.376  0.004  0.004  0.020  0.002  0.438
   1.70442     28.286739  0.000  0.000  0.000  0.029  0.381  0.000  0.001  0.015  0.000  0.426
   1.67597     28.387881  0.000  0.000  0.000  0.034  0.348  0.000  0.000  0.038  0.000  0.419
   1.64751     28.288478  0.000  0.000  0.000  0.047  0.265  0.000  0.000  0.126  0.000  0.439
   1.61905     28.005647  0.000  0.000  0.000  0.059  0.199  0.000  0.000  0.208  0.000  0.467
   1.59060     27.644674  0.000  0.000  0.000  0.066  0.168  0.000  0.000  0.255  0.000  0.487
   1.56214     27.256154  0.000  0.000  0.000  0.072  0.148  0.000  0.000  0.280  0.000  0.502
   1.53368     27.262913  0.072  0.063  0.017  0.000  0.000  0.189  0.039  0.000  0.108  0.486
   1.50522     27.470854  0.057  0.083  0.018  0.000  0.000  0.200  0.038  0.000  0.082  0.478
   1.47677     27.591483  0.043  0.090  0.035  0.000  0.000  0.229  0.043  0.000  0.027  0.467
   1.44831     27.523540  0.030  0.075  0.056  0.000  0.000  0.205  0.061  0.000  0.029  0.457
   1.41985     27.449448  0.022  0.043  0.066  0.000  0.000  0.119  0.110  0.000  0.036  0.399
   1.39139     27.587017  0.000  0.000  0.000  0.038  0.347  0.000  0.000  0.044  0.000  0.430
   1.36294     28.036484  0.000  0.000  0.000  0.038  0.360  0.000  0.000  0.042  0.000  0.437
   1.33448     28.485462  0.000  0.000  0.000  0.035  0.373  0.000  0.000  0.040  0.000  0.447
   1.30602     28.932327  0.000  0.000  0.000  0.031  0.390  0.000  0.000  0.037  0.000  0.457
   1.27757     29.253853  0.043  0.056  0.009  0.000  0.006  0.034  0.170  0.000  0.317  0.635
   1.24911     29.354113  0.032  0.076  0.006  0.000  0.000  0.031  0.111  0.000  0.356  0.611
   1.22065     29.506361  0.021  0.093  0.003  0.000  0.000  0.031  0.058  0.000  0.399  0.607
   1.19219     29.702369  0.011  0.100  0.002  0.000  0.000  0.031  0.025  0.000  0.453  0.620
   1.16374     29.927091  0.003  0.090  0.000  0.000  0.000  0.033  0.007  0.000  0.519  0.655
   1.13528     30.148937  0.000  0.051  0.000  0.000  0.000  0.040  0.001  0.000  0.626  0.720
   1.10682     30.245313  0.000  0.000  0.000  0.000  0.381  0.022  0.000  0.025  0.365  0.793
   1.10682     30.261169  0.000  0.000  0.000  0.000  0.616  0.009  0.000  0.041  0.131  0.798
   1.07844     30.140681  0.000  0.052  0.000  0.000  0.000  0.039  0.001  0.000  0.625  0.717
   1.05006     29.907343  0.003  0.090  0.000  0.000  0.000  0.033  0.005  0.000  0.523  0.657
   1.02168     29.665775  0.010  0.101  0.001  0.000  0.000  0.030  0.023  0.000  0.467  0.631
   0.99330     29.451882  0.019  0.095  0.003  0.000  0.000  0.028  0.059  0.000  0.425  0.628
   0.96492     29.288682  0.031  0.075  0.006  0.000  0.000  0.026  0.116  0.000  0.386  0.643
   0.93654     29.243471  0.031  0.040  0.009  0.008  0.112  0.016  0.138  0.010  0.245  0.612
   0.90816     28.892731  0.000  0.000  0.000  0.032  0.383  0.000  0.000  0.037  0.000  0.455
   0.87978     28.440698  0.000  0.000  0.000  0.034  0.365  0.000  0.000  0.040  0.000  0.442
   0.85140     27.988353  0.000  0.000  0.000  0.038  0.346  0.000  0.000  0.042  0.000  0.427
   0.82302     27.601445  0.021  0.018  0.048  0.000  0.002  0.015  0.130  0.000  0.006  0.244
   0.79464     27.422556  0.021  0.020  0.050  0.000  0.000  0.023  0.122  0.000  0.005  0.239
   0.76626     27.263239  0.018  0.025  0.048  0.000  0.000  0.031  0.112  0.000  0.005  0.241
   0.73788     27.121321  0.017  0.029  0.052  0.000  0.000  0.046  0.103  0.000  0.009  0.256
   0.70950     26.999688  0.015  0.025  0.058  0.000  0.000  0.068  0.092  0.004  0.019  0.285
   0.68112     27.076517  0.001  0.002  0.004  0.080  0.064  0.006  0.002  0.254  0.004  0.417
   0.65274     27.458080  0.000  0.000  0.000  0.077  0.082  0.001  0.000  0.262  0.000  0.425
   0.62436     27.856553  0.000  0.000  0.000  0.072  0.094  0.000  0.000  0.251  0.000  0.419
   0.59598     28.255504  0.000  0.000  0.000  0.065  0.106  0.000  0.000  0.230  0.000  0.401
   0.56760     28.633166  0.000  0.000  0.000  0.054  0.124  0.001  0.000  0.179  0.000  0.361
   0.53922     28.849870  0.007  0.015  0.034  0.017  0.111  0.139  0.065  0.023  0.025  0.439
   0.51084     28.437565  0.019  0.025  0.076  0.000  0.000  0.294  0.124  0.000  0.066  0.606
   0.48246     28.038673  0.022  0.024  0.075  0.000  0.000  0.283  0.125  0.000  0.074  0.604
   0.45408     27.700823  0.025  0.029  0.067  0.000  0.000  0.283  0.133  0.000  0.114  0.653
   0.42570     27.697127  0.047  0.047  0.046  0.000  0.000  0.326  0.089  0.000  0.154  0.709
   0.39732     27.729283  0.045  0.053  0.037  0.000  0.000  0.327  0.084  0.000  0.142  0.692
   0.36894     27.623189  0.044  0.048  0.026  0.000  0.002  0.282  0.073  0.001  0.120  0.598
   0.34056     27.392310  0.046  0.040  0.022  0.000  0.000  0.205  0.064  0.000  0.118  0.492
   0.31218     27.151679  0.043  0.051  0.013  0.000  0.000  0.098  0.061  0.000  0.140  0.406
   0.28380     26.972219  0.030  0.088  0.004  0.000  0.000  0.038  0.055  0.000  0.168  0.381
   0.25542     26.789285  0.024  0.092  0.006  0.000  0.000  0.041  0.048  0.000  0.155  0.368
   0.22704     26.698670  0.038  0.076  0.061  0.000  0.000  0.051  0.082  0.000  0.097  0.407
   0.19866     26.454438  0.000  0.000  0.000  0.094  0.129  0.000  0.000  0.285  0.000  0.508
   0.17028     26.031759  0.000  0.000  0.000  0.096  0.132  0.000  0.000  0.273  0.000  0.502
   0.14190     25.612981  0.000  0.000  0.000  0.099  0.134  0.000  0.000  0.262  0.000  0.495
   0.11352     25.427587  0.040  0.013  0.083  0.000  0.000  0.276  0.095  0.000  0.052  0.560
   0.08514     25.589880  0.035  0.024  0.085  0.000  0.000  0.265  0.078  0.000  0.037  0.523
   0.05676     25.777915  0.031  0.034  0.088  0.000  0.000  0.230  0.067  0.000  0.026  0.477
   0.02838     25.971849  0.021  0.040  0.092  0.000  0.000  0.198  0.064  0.000  0.015  0.429
   0.00000     26.072303  0.017  0.038  0.093  0.000  0.000  0.211  0.067  0.000  0.002  0.427
