#K-Path          Energy     s    py    pz    px    dxy    dyz    dz2    dxz    dx2-y2    tot
# NKPTS & NBANDS:  80  48
# Band-Index:    1
   0.00000    -11.312645  0.586  0.023  0.003  0.000  0.000  0.042  0.000  0.000  0.024  0.680
   0.02838    -11.313352  0.586  0.023  0.003  0.000  0.000  0.042  0.000  0.000  0.024  0.680
   0.05676    -11.315617  0.586  0.023  0.003  0.000  0.000  0.042  0.000  0.000  0.024  0.679
   0.08514    -11.320145  0.585  0.024  0.004  0.000  0.000  0.040  0.000  0.000  0.022  0.679
   0.11352    -11.329857  0.587  0.026  0.004  0.000  0.000  0.035  0.000  0.000  0.019  0.672
   0.14190    -11.354779  0.590  0.029  0.004  0.000  0.000  0.026  0.000  0.000  0.012  0.663
   0.17028    -11.401089  0.593  0.031  0.005  0.000  0.000  0.019  0.000  0.000  0.008  0.656
   0.19866    -11.460560  0.591  0.030  0.004  0.000  0.000  0.016  0.000  0.000  0.007  0.651
   0.22704    -11.528290  0.589  0.031  0.007  0.000  0.000  0.014  0.000  0.000  0.005  0.646
   0.25542    -11.602192  0.587  0.030  0.007  0.000  0.000  0.012  0.000  0.000  0.005  0.641
   0.28380    -11.680916  0.584  0.029  0.007  0.000  0.000  0.011  0.000  0.000  0.005  0.635
   0.31218    -11.763372  0.583  0.028  0.007  0.000  0.000  0.009  0.000  0.000  0.004  0.631
   0.34056    -11.848600  0.580  0.027  0.006  0.000  0.000  0.008  0.000  0.000  0.004  0.627
   0.36894    -11.935738  0.578  0.026  0.007  0.000  0.000  0.007  0.000  0.000  0.003  0.623
   0.39732    -12.024007  0.577  0.025  0.007  0.000  0.000  0.006  0.000  0.000  0.003  0.618
   0.42570    -12.112703  0.575  0.024  0.007  0.000  0.000  0.006  0.000  0.000  0.002  0.615
   0.45408    -12.201193  0.575  0.023  0.007  0.000  0.000  0.005  0.000  0.000  0.002  0.610
   0.48246    -12.288906  0.574  0.021  0.007  0.000  0.000  0.003  0.000  0.000  0.002  0.606
   0.51084    -12.375331  0.573  0.020  0.006  0.000  0.000  0.003  0.000  0.000  0.001  0.604
   0.53922    -12.460009  0.573  0.019  0.006  0.000  0.000  0.002  0.000  0.000  0.001  0.602
   0.56760    -12.542531  0.572  0.017  0.006  0.000  0.000  0.002  0.000  0.000  0.001  0.599
   0.59598    -12.622528  0.572  0.016  0.005  0.000  0.000  0.001  0.000  0.000  0.001  0.597
   0.62436    -12.699675  0.571  0.015  0.005  0.000  0.000  0.001  0.000  0.000  0.001  0.593
   0.65274    -12.773678  0.573  0.014  0.004  0.000  0.000  0.001  0.000  0.000  0.000  0.591
   0.68112    -12.844277  0.571  0.013  0.004  0.000  0.000  0.001  0.000  0.000  0.000  0.590
   0.70950    -12.911238  0.572  0.009  0.002  0.000  0.000  0.001  0.000  0.000  0.000  0.587
   0.73788    -12.974356  0.572  0.009  0.002  0.000  0.000  0.000  0.000  0.000  0.000  0.586
   0.76626    -13.033444  0.573  0.008  0.002  0.000  0.000  0.000  0.000  0.000  0.000  0.585
   0.79464    -13.088341  0.573  0.007  0.002  0.000  0.000  0.000  0.000  0.000  0.000  0.584
   0.82302    -13.138902  0.573  0.006  0.002  0.000  0.000  0.000  0.000  0.000  0.000  0.583
   0.85140    -13.185000  0.575  0.006  0.000  0.000  0.000  0.000  0.000  0.000  0.000  0.581
   0.87978    -13.226524  0.575  0.004  0.000  0.000  0.000  0.000  0.000  0.000  0.000  0.580
   0.90816    -13.263377  0.576  0.002  0.000  0.000  0.000  0.000  0.000  0.000  0.000  0.579
   0.93654    -13.295477  0.575  0.002  0.000  0.000  0.000  0.000  0.000  0.000  0.000  0.579
   0.96492    -13.322753  0.576  0.001  0.000  0.000  0.000  0.000  0.000  0.000  0.000  0.577
   0.99330    -13.345147  0.577  0.000  0.000  0.000  0.000  0.000  0.000  0.000  0.000  0.578
   1.02168    -13.362612  0.575  0.000  0.000  0.000  0.000  0.000  0.000  0.000  0.000  0.576
   1.05006    -13.375112  0.576  0.000  0.000  0.000  0.000  0.000  0.000  0.000  0.000  0.577
   1.07844    -13.382623  0.577  0.000  0.000  0.000  0.000  0.000  0.000  0.000  0.000  0.577
   1.10682    -13.385128  0.577  0.000  0.000  0.000  0.000  0.000  0.000  0.000  0.000  0.577
   1.10682    -13.385128  0.577  0.000  0.000  0.000  0.000  0.000  0.000  0.000  0.000  0.577
   1.13528    -13.382602  0.577  0.000  0.000  0.000  0.000  0.000  0.000  0.000  0.000  0.577
   1.16374    -13.375032  0.576  0.000  0.000  0.000  0.000  0.000  0.000  0.000  0.000  0.577
   1.19219    -13.362434  0.575  0.000  0.000  0.000  0.000  0.000  0.000  0.000  0.000  0.576
   1.22065    -13.344837  0.577  0.000  0.000  0.000  0.000  0.000  0.000  0.000  0.000  0.578
   1.24911    -13.322283  0.576  0.002  0.000  0.000  0.000  0.000  0.000  0.000  0.000  0.577
   1.27757    -13.294824  0.575  0.002  0.000  0.000  0.000  0.000  0.000  0.000  0.000  0.579
   1.30602    -13.262528  0.576  0.002  0.000  0.000  0.000  0.000  0.000  0.000  0.000  0.579
   1.33448    -13.225476  0.575  0.004  0.000  0.000  0.000  0.000  0.000  0.000  0.000  0.580
   1.36294    -13.183762  0.575  0.006  0.001  0.000  0.000  0.000  0.000  0.000  0.000  0.581
   1.39139    -13.137499  0.573  0.006  0.002  0.000  0.000  0.000  0.000  0.000  0.000  0.583
   1.41985    -13.086815  0.573  0.006  0.002  0.000  0.000  0.000  0.000  0.000  0.000  0.584
   1.44831    -13.031858  0.573  0.008  0.002  0.000  0.000  0.000  0.000  0.000  0.000  0.585
   1.47677    -12.972796  0.572  0.008  0.002  0.000  0.000  0.001  0.000  0.000  0.000  0.587
   1.50522    -12.909819  0.572  0.010  0.002  0.000  0.000  0.001  0.000  0.000  0.000  0.587
   1.53368    -12.843142  0.571  0.013  0.004  0.000  0.000  0.001  0.000  0.000  0.001  0.590
   1.56214    -12.773008  0.572  0.014  0.005  0.000  0.000  0.001  0.000  0.000  0.001  0.592
   1.59060    -12.699690  0.571  0.015  0.005  0.000  0.000  0.002  0.000  0.000  0.001  0.594
   1.61905    -12.623493  0.572  0.017  0.006  0.000  0.000  0.002  0.000  0.000  0.001  0.597
   1.64751    -12.544759  0.572  0.017  0.006  0.000  0.000  0.003  0.000  0.000  0.002  0.598
   1.67597    -12.463866  0.572  0.018  0.006  0.000  0.000  0.004  0.000  0.000  0.002  0.601
   1.70442    -12.381239  0.572  0.020  0.006  0.000  0.000  0.005  0.000  0.000  0.003  0.607
   1.73288    -12.297347  0.572  0.021  0.006  0.000  0.000  0.006  0.000  0.000  0.004  0.609
   1.76134    -12.212705  0.572  0.022  0.007  0.000  0.000  0.007  0.000  0.000  0.004  0.612
   1.78980    -12.127881  0.574  0.023  0.007  0.000  0.000  0.009  0.000  0.000  0.005  0.617
   1.81825    -12.043491  0.573  0.024  0.007  0.000  0.000  0.010  0.000  0.000  0.006  0.621
   1.84671    -11.960202  0.575  0.025  0.007  0.000  0.000  0.012  0.000  0.000  0.007  0.627
   1.87517    -11.878724  0.577  0.026  0.007  0.000  0.000  0.014  0.000  0.000  0.009  0.632
   1.90362    -11.799810  0.577  0.027  0.007  0.000  0.000  0.017  0.000  0.000  0.010  0.636
   1.93208    -11.724241  0.578  0.027  0.007  0.000  0.000  0.020  0.000  0.000  0.012  0.643
   1.96054    -11.652815  0.579  0.025  0.006  0.000  0.000  0.022  0.000  0.000  0.013  0.647
   1.98900    -11.586332  0.581  0.026  0.004  0.000  0.000  0.025  0.000  0.000  0.015  0.653
   2.01745    -11.525568  0.581  0.026  0.004  0.000  0.000  0.028  0.000  0.000  0.017  0.658
   2.04591    -11.471262  0.584  0.025  0.004  0.000  0.000  0.032  0.000  0.000  0.018  0.664
   2.07437    -11.424092  0.584  0.025  0.004  0.000  0.000  0.034  0.000  0.000  0.020  0.669
   2.10282    -11.384654  0.585  0.024  0.003  0.000  0.000  0.037  0.000  0.000  0.021  0.672
   2.13128    -11.353450  0.586  0.024  0.003  0.000  0.000  0.039  0.000  0.000  0.023  0.675
   2.15974    -11.330876  0.587  0.023  0.003  0.000  0.000  0.041  0.000  0.000  0.023  0.679
   2.18820    -11.317217  0.586  0.023  0.003  0.000  0.000  0.042  0.000  0.000  0.024  0.679
   2.21665    -11.312645  0.586  0.023  0.003  0.000  0.000  0.042  0.000  0.000  0.024  0.680
 
# Band-Index:    2
   2.21665    -11.198058  0.608  0.027  0.003  0.000  0.000  0.022  0.000  0.000  0.010  0.671
   2.18820    -11.199072  0.607  0.027  0.003  0.000  0.000  0.022  0.000  0.000  0.010  0.671
   2.15974    -11.202070  0.606  0.027  0.003  0.000  0.000  0.023  0.000  0.000  0.010  0.670
   2.13128    -11.206928  0.606  0.026  0.004  0.000  0.000  0.023  0.000  0.000  0.010  0.670
   2.10282    -11.213448  0.605  0.025  0.005  0.000  0.000  0.023  0.000  0.000  0.011  0.670
   2.07437    -11.221368  0.604  0.024  0.005  0.000  0.000  0.024  0.000  0.000  0.011  0.670
   2.04591    -11.230383  0.603  0.023  0.005  0.000  0.000  0.025  0.000  0.000  0.011  0.670
   2.01745    -11.240155  0.603  0.021  0.007  0.000  0.000  0.026  0.000  0.000  0.011  0.670
   1.98900    -11.250334  0.601  0.021  0.010  0.000  0.000  0.026  0.000  0.000  0.012  0.669
   1.96054    -11.260567  0.599  0.019  0.011  0.000  0.000  0.026  0.000  0.000  0.011  0.670
   1.93208    -11.270513  0.598  0.018  0.012  0.000  0.000  0.028  0.000  0.000  0.011  0.668
   1.90362    -11.279850  0.597  0.016  0.014  0.000  0.000  0.028  0.000  0.000  0.012  0.668
   1.87517    -11.288282  0.596  0.015  0.015  0.000  0.000  0.027  0.000  0.000  0.011  0.667
   1.84671    -11.295545  0.596  0.014  0.016  0.000  0.000  0.027  0.000  0.000  0.011  0.666
   1.81825    -11.301411  0.596  0.012  0.018  0.000  0.000  0.028  0.000  0.000  0.011  0.666
   1.78980    -11.305687  0.593  0.011  0.020  0.000  0.000  0.027  0.000  0.000  0.011  0.664
   1.76134    -11.308218  0.594  0.010  0.022  0.000  0.000  0.027  0.000  0.000  0.011  0.664
   1.73288    -11.308886  0.592  0.009  0.023  0.000  0.000  0.026  0.000  0.000  0.010  0.664
   1.70442    -11.307612  0.592  0.008  0.027  0.000  0.000  0.025  0.000  0.000  0.010  0.662
   1.67597    -11.304357  0.592  0.007  0.029  0.000  0.000  0.025  0.000  0.000  0.009  0.661
   1.64751    -11.299117  0.591  0.006  0.031  0.000  0.000  0.023  0.000  0.000  0.009  0.663
   1.61905    -11.291928  0.593  0.004  0.033  0.000  0.000  0.022  0.000  0.000  0.009  0.662
   1.59060    -11.282863  0.593  0.003  0.035  0.000  0.000  0.020  0.000  0.000  0.008  0.660
   1.56214    -11.272032  0.594  0.003  0.037  0.000  0.000  0.020  0.000  0.000  0.008  0.661
   1.53368    -11.259585  0.592  0.002  0.039  0.000  0.000  0.018  0.000  0.000  0.007  0.659
   1.50522    -11.245707  0.594  0.002  0.042  0.000  0.000  0.016  0.000  0.000  0.006  0.659
   1.47677    -11.230620  0.594  0.001  0.044  0.000  0.000  0.014  0.000  0.000  0.006  0.660
   1.44831    -11.214584  0.594  0.001  0.044  0.000  0.000  0.013  0.000  0.000  0.005  0.660
   1.41985    -11.197888  0.594  0.001  0.046  0.000  0.000  0.011  0.000  0.000  0.005  0.660
   1.39139    -11.180856  0.598  0.001  0.048  0.000  0.000  0.009  0.000  0.000  0.004  0.660
   1.36294    -11.163834  0.598  0.000  0.050  0.000  0.000  0.008  0.000  0.000  0.003  0.660
   1.33448    -11.147190  0.598  0.000  0.052  0.000  0.000  0.007  0.000  0.000  0.003  0.660
   1.30602    -11.131305  0.598  0.000  0.054  0.000  0.000  0.006  0.000  0.000  0.003  0.661
   1.27757    -11.116558  0.600  0.000  0.055  0.000  0.000  0.004  0.000  0.000  0.002  0.662
   1.24911    -11.103322  0.602  0.000  0.054  0.000  0.000  0.003  0.000  0.000  0.001  0.662
   1.22065    -11.091946  0.602  0.000  0.056  0.000  0.000  0.002  0.000  0.000  0.001  0.661
   1.19219    -11.082741  0.604  0.000  0.056  0.000  0.000  0.001  0.000  0.000  0.000  0.661
   1.16374    -11.075967  0.602  0.000  0.058  0.000  0.000  0.000  0.000  0.000  0.000  0.662
   1.13528    -11.071821  0.604  0.000  0.058  0.000  0.000  0.000  0.000  0.000  0.000  0.662
   1.10682    -11.070426  0.604  0.000  0.058  0.000  0.000  0.000  0.000  0.000  0.000  0.662
   1.10682    -11.070426  0.604  0.000  0.058  0.000  0.000  0.000  0.000  0.000  0.000  0.662
   1.07844    -11.071760  0.604  0.000  0.058  0.000  0.000  0.000  0.000  0.000  0.000  0.662
   1.05006    -11.075727  0.602  0.000  0.058  0.000  0.000  0.000  0.000  0.000  0.000  0.662
   1.02168    -11.082219  0.604  0.000  0.056  0.000  0.000  0.001  0.000  0.000  0.000  0.661
   0.99330    -11.091066  0.602  0.000  0.056  0.000  0.000  0.002  0.000  0.000  0.001  0.661
   0.96492    -11.102039  0.602  0.000  0.054  0.000  0.000  0.003  0.000  0.000  0.001  0.662
   0.93654    -11.114866  0.600  0.000  0.055  0.000  0.000  0.004  0.000  0.000  0.001  0.662
   0.90816    -11.129239  0.600  0.000  0.054  0.000  0.000  0.006  0.000  0.000  0.003  0.661
   0.87978    -11.144831  0.598  0.000  0.052  0.000  0.000  0.007  0.000  0.000  0.003  0.661
   0.85140    -11.161305  0.597  0.000  0.050  0.000  0.000  0.009  0.000  0.000  0.004  0.660
   0.82302    -11.178325  0.597  0.001  0.048  0.000  0.000  0.010  0.000  0.000  0.004  0.660
   0.79464    -11.195563  0.595  0.001  0.046  0.000  0.000  0.012  0.000  0.000  0.005  0.661
   0.76626    -11.212712  0.594  0.001  0.044  0.000  0.000  0.014  0.000  0.000  0.006  0.661
   0.73788    -11.229484  0.593  0.001  0.043  0.000  0.000  0.015  0.000  0.000  0.007  0.662
   0.70950    -11.245622  0.593  0.002  0.041  0.000  0.000  0.018  0.000  0.000  0.008  0.661
   0.68112    -11.260896  0.592  0.002  0.039  0.000  0.000  0.019  0.000  0.000  0.009  0.661
   0.65274    -11.275109  0.591  0.003  0.037  0.000  0.000  0.021  0.000  0.000  0.009  0.662
   0.62436    -11.288098  0.589  0.003  0.035  0.000  0.000  0.023  0.000  0.000  0.010  0.662
   0.59598    -11.299733  0.591  0.004  0.033  0.000  0.000  0.024  0.000  0.000  0.011  0.664
   0.56760    -11.309917  0.590  0.005  0.030  0.000  0.000  0.026  0.000  0.000  0.012  0.664
   0.53922    -11.318585  0.589  0.006  0.028  0.000  0.000  0.027  0.000  0.000  0.013  0.665
   0.51084    -11.325707  0.588  0.007  0.027  0.000  0.000  0.029  0.000  0.000  0.014  0.664
   0.48246    -11.331281  0.588  0.008  0.023  0.000  0.000  0.030  0.000  0.000  0.015  0.666
   0.45408    -11.335338  0.587  0.009  0.021  0.000  0.000  0.032  0.000  0.000  0.016  0.668
   0.42570    -11.337933  0.588  0.010  0.019  0.000  0.000  0.033  0.000  0.000  0.017  0.669
   0.39732    -11.339150  0.587  0.011  0.018  0.000  0.000  0.035  0.000  0.000  0.018  0.670
   0.36894    -11.339097  0.587  0.012  0.016  0.000  0.000  0.036  0.000  0.000  0.019  0.671
   0.34056    -11.337898  0.589  0.013  0.014  0.000  0.000  0.037  0.000  0.000  0.019  0.671
   0.31218    -11.335690  0.588  0.013  0.013  0.000  0.000  0.038  0.000  0.000  0.020  0.673
   0.28380    -11.332612  0.587  0.014  0.011  0.000  0.000  0.038  0.000  0.000  0.021  0.675
   0.25542    -11.328784  0.588  0.016  0.010  0.000  0.000  0.039  0.000  0.000  0.022  0.676
   0.22704    -11.324259  0.588  0.016  0.009  0.000  0.000  0.040  0.000  0.000  0.022  0.677
   0.19866    -11.318878  0.589  0.017  0.006  0.000  0.000  0.040  0.000  0.000  0.023  0.677
   0.17028    -11.311765  0.591  0.018  0.005  0.000  0.000  0.040  0.000  0.000  0.023  0.678
   0.14190    -11.299215  0.596  0.019  0.004  0.000  0.000  0.035  0.000  0.000  0.020  0.675
   0.11352    -11.274141  0.601  0.023  0.004  0.000  0.000  0.026  0.000  0.000  0.014  0.669
   0.08514    -11.243757  0.604  0.025  0.004  0.000  0.000  0.023  0.000  0.000  0.012  0.669
   0.05676    -11.218965  0.606  0.027  0.003  0.000  0.000  0.022  0.000  0.000  0.010  0.671
   0.02838    -11.203357  0.606  0.027  0.003  0.000  0.000  0.022  0.000  0.000  0.010  0.671
   0.00000    -11.198058  0.608  0.027  0.003  0.000  0.000  0.022  0.000  0.000  0.010  0.671
 
# Band-Index:    3
   0.00000     -6.938728  0.061  0.109  0.039  0.000  0.000  0.105  0.008  0.000  0.334  0.659
   0.02838     -6.935521  0.061  0.109  0.039  0.000  0.000  0.105  0.008  0.000  0.336  0.660
   0.05676     -6.926010  0.062  0.107  0.039  0.000  0.000  0.104  0.009  0.000  0.342  0.664
   0.08514     -6.910524  0.062  0.106  0.038  0.000  0.000  0.103  0.009  0.000  0.351  0.670
   0.11352     -6.889592  0.062  0.102  0.037  0.000  0.000  0.100  0.009  0.000  0.366  0.675
   0.14190     -6.863918  0.061  0.099  0.036  0.000  0.000  0.097  0.009  0.000  0.383  0.686
   0.17028     -6.834351  0.060  0.094  0.034  0.000  0.000  0.093  0.009  0.000  0.404  0.695
   0.19866     -6.801847  0.059  0.093  0.032  0.000  0.000  0.087  0.010  0.000  0.428  0.708
   0.22704     -6.767418  0.055  0.088  0.030  0.000  0.000  0.081  0.010  0.000  0.454  0.719
   0.25542     -6.732086  0.052  0.081  0.029  0.000  0.000  0.073  0.011  0.000  0.483  0.731
   0.28380     -6.696827  0.049  0.077  0.030  0.000  0.000  0.065  0.012  0.000  0.512  0.743
   0.31218     -6.662527  0.045  0.073  0.027  0.000  0.000  0.056  0.013  0.000  0.540  0.756
   0.34056     -6.629940  0.040  0.068  0.026  0.000  0.000  0.046  0.016  0.000  0.567  0.767
   0.36894     -6.599681  0.037  0.066  0.026  0.000  0.000  0.036  0.019  0.000  0.591  0.777
   0.39732     -6.572240  0.033  0.062  0.026  0.000  0.000  0.027  0.025  0.000  0.610  0.785
   0.42570     -6.548035  0.030  0.059  0.028  0.000  0.000  0.019  0.034  0.000  0.621  0.792
   0.45408     -6.527493  0.029  0.057  0.028  0.000  0.000  0.011  0.048  0.000  0.621  0.797
   0.48246     -6.511184  0.028  0.056  0.030  0.000  0.000  0.005  0.072  0.000  0.607  0.801
   0.51084     -6.499964  0.029  0.054  0.034  0.000  0.001  0.002  0.110  0.000  0.571  0.801
   0.53922     -6.495077  0.031  0.049  0.039  0.000  0.001  0.001  0.168  0.000  0.506  0.799
   0.56760     -6.497970  0.035  0.045  0.045  0.000  0.002  0.003  0.245  0.000  0.415  0.793
   0.59598     -6.509591  0.040  0.039  0.055  0.000  0.002  0.008  0.328  0.000  0.312  0.785
   0.62436     -6.529673  0.047  0.030  0.063  0.000  0.003  0.013  0.400  0.000  0.220  0.778
   0.65274     -6.556920  0.052  0.025  0.071  0.000  0.003  0.016  0.450  0.000  0.151  0.769
   0.68112     -6.589796  0.057  0.018  0.079  0.000  0.003  0.016  0.480  0.000  0.103  0.759
   0.70950     -6.626987  0.064  0.015  0.087  0.000  0.003  0.017  0.493  0.000  0.070  0.749
   0.73788     -6.667438  0.068  0.012  0.094  0.000  0.003  0.015  0.496  0.000  0.048  0.737
   0.76626     -6.710241  0.073  0.009  0.100  0.000  0.002  0.012  0.492  0.000  0.033  0.725
   0.79464     -6.754531  0.080  0.008  0.108  0.000  0.002  0.010  0.484  0.000  0.022  0.713
   0.82302     -6.799426  0.085  0.006  0.114  0.000  0.002  0.007  0.472  0.000  0.015  0.700
   0.85140     -6.844001  0.088  0.005  0.118  0.000  0.002  0.006  0.458  0.000  0.010  0.688
   0.87978     -6.887299  0.093  0.005  0.123  0.000  0.001  0.003  0.444  0.000  0.006  0.677
   0.90816     -6.928348  0.098  0.002  0.127  0.000  0.001  0.002  0.431  0.000  0.004  0.668
   0.93654     -6.966195  0.100  0.001  0.131  0.000  0.001  0.001  0.418  0.000  0.002  0.659
   0.96492     -6.999941  0.105  0.001  0.135  0.000  0.001  0.001  0.407  0.000  0.001  0.650
   0.99330     -7.028766  0.107  0.000  0.136  0.000  0.001  0.000  0.397  0.000  0.001  0.645
   1.02168     -7.051964  0.109  0.000  0.139  0.000  0.001  0.000  0.389  0.000  0.001  0.640
   1.05006     -7.068959  0.109  0.000  0.140  0.000  0.001  0.000  0.384  0.000  0.000  0.636
   1.07844     -7.079328  0.110  0.000  0.142  0.000  0.001  0.000  0.380  0.000  0.000  0.634
   1.10682     -7.082814  0.111  0.000  0.142  0.000  0.001  0.000  0.379  0.000  0.000  0.633
   1.10682     -7.082814  0.111  0.000  0.142  0.000  0.001  0.000  0.379  0.000  0.000  0.633
   1.13528     -7.079171  0.110  0.000  0.142  0.000  0.001  0.000  0.380  0.000  0.000  0.634
   1.16374     -7.068352  0.109  0.000  0.140  0.000  0.001  0.000  0.384  0.000  0.000  0.636
   1.19219     -7.050683  0.109  0.000  0.139  0.000  0.001  0.000  0.390  0.000  0.000  0.640
   1.22065     -7.026695  0.107  0.000  0.137  0.000  0.001  0.000  0.397  0.000  0.000  0.645
   1.24911     -6.997121  0.105  0.001  0.135  0.000  0.001  0.000  0.407  0.000  0.001  0.650
   1.27757     -6.962877  0.101  0.002  0.131  0.000  0.001  0.001  0.418  0.000  0.002  0.658
   1.30602     -6.925044  0.098  0.002  0.127  0.000  0.001  0.002  0.429  0.000  0.005  0.667
   1.33448     -6.884841  0.093  0.002  0.123  0.000  0.001  0.003  0.439  0.000  0.011  0.677
   1.36294     -6.843602  0.090  0.005  0.119  0.000  0.001  0.005  0.448  0.000  0.021  0.688
   1.39139     -6.802732  0.084  0.005  0.114  0.000  0.002  0.007  0.452  0.000  0.036  0.701
   1.41985     -6.763666  0.078  0.007  0.105  0.000  0.002  0.010  0.450  0.000  0.060  0.715
   1.44831     -6.727797  0.073  0.010  0.099  0.000  0.002  0.012  0.438  0.000  0.093  0.726
   1.47677     -6.696385  0.067  0.011  0.091  0.000  0.002  0.015  0.415  0.000  0.138  0.741
   1.50522     -6.670416  0.059  0.015  0.085  0.000  0.002  0.016  0.382  0.000  0.193  0.754
   1.53368     -6.650458  0.055  0.017  0.077  0.000  0.001  0.016  0.339  0.000  0.257  0.764
   1.56214     -6.636558  0.049  0.021  0.070  0.000  0.001  0.015  0.291  0.000  0.324  0.773
   1.59060     -6.628276  0.044  0.025  0.064  0.000  0.001  0.014  0.243  0.000  0.389  0.782
   1.61905     -6.624835  0.040  0.027  0.060  0.000  0.001  0.012  0.198  0.000  0.447  0.787
   1.64751     -6.625327  0.037  0.030  0.057  0.000  0.000  0.010  0.159  0.000  0.496  0.791
   1.67597     -6.628879  0.036  0.033  0.053  0.000  0.000  0.007  0.126  0.000  0.535  0.790
   1.70442     -6.634749  0.033  0.036  0.051  0.000  0.000  0.005  0.099  0.000  0.565  0.790
   1.73288     -6.642372  0.030  0.038  0.049  0.000  0.000  0.004  0.076  0.000  0.588  0.789
   1.76134     -6.651378  0.030  0.041  0.049  0.000  0.000  0.002  0.058  0.000  0.603  0.784
   1.78980     -6.661620  0.029  0.045  0.049  0.000  0.000  0.002  0.042  0.000  0.613  0.780
   1.81825     -6.673197  0.028  0.047  0.047  0.000  0.000  0.004  0.029  0.000  0.615  0.773
   1.84671     -6.686483  0.030  0.052  0.046  0.000  0.000  0.008  0.018  0.000  0.610  0.765
   1.87517     -6.702095  0.032  0.058  0.044  0.000  0.000  0.016  0.010  0.000  0.595  0.756
   1.90362     -6.720746  0.033  0.064  0.042  0.000  0.000  0.029  0.004  0.000  0.570  0.744
   1.93208     -6.742894  0.037  0.071  0.041  0.000  0.000  0.045  0.001  0.000  0.536  0.732
   1.96054     -6.768335  0.042  0.078  0.040  0.000  0.000  0.061  0.000  0.000  0.496  0.720
   1.98900     -6.796051  0.047  0.086  0.039  0.000  0.000  0.077  0.001  0.000  0.456  0.707
   2.01745     -6.824472  0.050  0.093  0.037  0.000  0.000  0.089  0.002  0.000  0.421  0.695
   2.04591     -6.851926  0.054  0.097  0.038  0.000  0.000  0.097  0.004  0.000  0.392  0.685
   2.07437     -6.876973  0.058  0.101  0.039  0.000  0.000  0.102  0.006  0.000  0.371  0.677
   2.10282     -6.898530  0.059  0.105  0.038  0.000  0.000  0.104  0.007  0.000  0.356  0.671
   2.13128     -6.915858  0.061  0.107  0.038  0.000  0.000  0.105  0.007  0.000  0.345  0.665
   2.15974     -6.928490  0.062  0.107  0.039  0.000  0.000  0.105  0.008  0.000  0.339  0.663
   2.18820     -6.936158  0.061  0.109  0.039  0.000  0.000  0.105  0.008  0.000  0.335  0.660
   2.21665     -6.938728  0.061  0.109  0.039  0.000  0.000  0.105  0.008  0.000  0.334  0.659
 
# Band-Index:    4
   2.21665     -6.131485  0.012  0.018  0.025  0.000  0.005  0.005  0.682  0.005  0.139  0.892
   2.18820     -6.156924  0.042  0.068  0.038  0.000  0.003  0.013  0.486  0.004  0.130  0.783
   2.15974     -6.201304  0.060  0.096  0.045  0.000  0.002  0.029  0.351  0.003  0.137  0.725
   2.13128     -6.247129  0.069  0.105  0.048  0.000  0.001  0.050  0.280  0.003  0.147  0.704
   2.10282     -6.289496  0.072  0.108  0.047  0.000  0.001  0.074  0.239  0.003  0.155  0.699
   2.07437     -6.325797  0.074  0.107  0.045  0.000  0.001  0.100  0.215  0.003  0.156  0.700
   2.04591     -6.354359  0.077  0.105  0.044  0.000  0.000  0.129  0.202  0.003  0.148  0.708
   2.01745     -6.374010  0.077  0.102  0.041  0.000  0.000  0.160  0.198  0.003  0.133  0.716
   1.98900     -6.383871  0.078  0.099  0.037  0.000  0.000  0.193  0.202  0.003  0.110  0.726
   1.96054     -6.383387  0.076  0.098  0.034  0.000  0.000  0.229  0.212  0.004  0.081  0.737
   1.93208     -6.372616  0.075  0.093  0.029  0.000  0.001  0.265  0.228  0.005  0.051  0.748
   1.90362     -6.352674  0.071  0.090  0.024  0.000  0.001  0.294  0.251  0.005  0.028  0.764
   1.87517     -6.326013  0.064  0.082  0.021  0.000  0.001  0.312  0.283  0.007  0.012  0.781
   1.84671     -6.296239  0.055  0.073  0.016  0.000  0.002  0.314  0.326  0.008  0.007  0.802
   1.81825     -6.267544  0.046  0.062  0.013  0.000  0.003  0.297  0.379  0.009  0.014  0.824
   1.78980     -6.243859  0.035  0.050  0.012  0.000  0.006  0.261  0.438  0.009  0.030  0.842
   1.76134     -6.227867  0.024  0.040  0.012  0.000  0.009  0.215  0.492  0.009  0.057  0.859
   1.73288     -6.220342  0.017  0.030  0.012  0.002  0.013  0.168  0.529  0.009  0.090  0.872
   1.70442     -6.220373  0.012  0.025  0.014  0.002  0.017  0.127  0.544  0.008  0.131  0.878
   1.67597     -6.226230  0.009  0.020  0.016  0.002  0.020  0.095  0.534  0.006  0.177  0.883
   1.64751     -6.236073  0.008  0.018  0.018  0.002  0.022  0.071  0.508  0.005  0.231  0.883
   1.61905     -6.248232  0.007  0.018  0.019  0.002  0.023  0.053  0.465  0.004  0.294  0.883
   1.59060     -6.261225  0.006  0.019  0.018  0.002  0.022  0.038  0.411  0.003  0.365  0.885
   1.56214     -6.273750  0.005  0.019  0.016  0.000  0.021  0.027  0.349  0.003  0.443  0.884
   1.53368     -6.284738  0.004  0.021  0.016  0.000  0.019  0.020  0.281  0.002  0.522  0.885
   1.50522     -6.293459  0.003  0.024  0.013  0.000  0.017  0.013  0.216  0.001  0.598  0.888
   1.47677     -6.299608  0.001  0.026  0.010  0.000  0.016  0.008  0.159  0.001  0.665  0.889
   1.44831     -6.303283  0.000  0.027  0.010  0.000  0.015  0.005  0.113  0.001  0.719  0.891
   1.41985     -6.304857  0.000  0.029  0.007  0.000  0.014  0.004  0.077  0.001  0.760  0.894
   1.39139     -6.304823  0.000  0.029  0.007  0.000  0.014  0.003  0.050  0.000  0.790  0.897
   1.36294     -6.303679  0.000  0.031  0.005  0.000  0.014  0.003  0.031  0.000  0.812  0.899
   1.33448     -6.301861  0.000  0.030  0.004  0.000  0.016  0.004  0.019  0.000  0.825  0.901
   1.30602     -6.299722  0.000  0.032  0.004  0.000  0.018  0.005  0.010  0.000  0.832  0.902
   1.27757     -6.297532  0.000  0.032  0.001  0.000  0.023  0.006  0.005  0.000  0.833  0.903
   1.24911     -6.295498  0.000  0.032  0.000  0.002  0.033  0.007  0.002  0.000  0.826  0.904
   1.22065     -6.293787  0.000  0.032  0.000  0.002  0.053  0.008  0.001  0.000  0.807  0.905
   1.19219     -6.292556  0.000  0.030  0.000  0.004  0.102  0.008  0.000  0.001  0.759  0.905
   1.16374     -6.291971  0.000  0.026  0.000  0.008  0.216  0.008  0.000  0.002  0.646  0.906
   1.13528     -6.292002  0.000  0.020  0.000  0.014  0.371  0.006  0.000  0.003  0.492  0.906
   1.10682     -6.292131  0.000  0.016  0.000  0.016  0.439  0.006  0.000  0.005  0.422  0.906
   1.10682     -6.292131  0.000  0.016  0.000  0.016  0.439  0.006  0.000  0.005  0.422  0.906
   1.07844     -6.291816  0.000  0.018  0.000  0.014  0.380  0.006  0.000  0.003  0.483  0.906
   1.05006     -6.291180  0.000  0.025  0.000  0.008  0.220  0.008  0.000  0.002  0.642  0.906
   1.02168     -6.290881  0.000  0.030  0.000  0.002  0.079  0.008  0.000  0.000  0.782  0.905
   0.99330     -6.291159  0.000  0.032  0.000  0.000  0.024  0.008  0.001  0.000  0.838  0.905
   0.96492     -6.291923  0.000  0.032  0.000  0.000  0.007  0.007  0.001  0.000  0.854  0.904
   0.93654     -6.293114  0.000  0.032  0.003  0.000  0.002  0.005  0.003  0.000  0.857  0.902
   0.90816     -6.294739  0.000  0.032  0.004  0.000  0.000  0.004  0.005  0.000  0.856  0.901
   0.87978     -6.296822  0.000  0.030  0.004  0.000  0.000  0.004  0.008  0.000  0.853  0.900
   0.85140     -6.299391  0.000  0.030  0.004  0.000  0.000  0.002  0.013  0.000  0.846  0.899
   0.82302     -6.302458  0.000  0.030  0.007  0.000  0.000  0.003  0.019  0.000  0.837  0.897
   0.79464     -6.306005  0.000  0.028  0.007  0.000  0.001  0.003  0.027  0.000  0.826  0.895
   0.76626     -6.309970  0.002  0.026  0.007  0.000  0.001  0.005  0.039  0.000  0.810  0.892
   0.73788     -6.314220  0.003  0.024  0.010  0.000  0.001  0.007  0.055  0.000  0.788  0.890
   0.70950     -6.318509  0.003  0.022  0.012  0.000  0.002  0.011  0.078  0.000  0.760  0.888
   0.68112     -6.322416  0.003  0.020  0.014  0.000  0.002  0.017  0.110  0.000  0.719  0.887
   0.65274     -6.325246  0.004  0.016  0.016  0.000  0.003  0.025  0.156  0.000  0.662  0.885
   0.62436     -6.325940  0.008  0.012  0.021  0.000  0.004  0.034  0.223  0.000  0.583  0.883
   0.59598     -6.323141  0.010  0.008  0.025  0.000  0.005  0.045  0.307  0.000  0.479  0.878
   0.56760     -6.315684  0.013  0.004  0.029  0.000  0.006  0.057  0.402  0.000  0.364  0.874
   0.53922     -6.303412  0.016  0.002  0.032  0.000  0.008  0.064  0.488  0.000  0.259  0.870
   0.51084     -6.287376  0.018  0.002  0.034  0.000  0.009  0.070  0.553  0.000  0.179  0.867
   0.48246     -6.269138  0.019  0.005  0.035  0.000  0.010  0.072  0.598  0.000  0.126  0.864
   0.45408     -6.250061  0.018  0.006  0.033  0.000  0.010  0.072  0.629  0.000  0.091  0.863
   0.42570     -6.231114  0.020  0.009  0.033  0.000  0.011  0.069  0.647  0.000  0.070  0.861
   0.39732     -6.212946  0.020  0.013  0.032  0.000  0.011  0.065  0.661  0.000  0.057  0.861
   0.36894     -6.196002  0.020  0.015  0.031  0.000  0.011  0.059  0.672  0.000  0.052  0.860
   0.34056     -6.180608  0.020  0.018  0.029  0.000  0.011  0.052  0.682  0.000  0.049  0.859
   0.31218     -6.167022  0.020  0.020  0.027  0.000  0.011  0.042  0.690  0.000  0.049  0.861
   0.28380     -6.155452  0.020  0.022  0.027  0.000  0.010  0.032  0.699  0.000  0.052  0.863
   0.25542     -6.146057  0.019  0.022  0.026  0.000  0.010  0.021  0.708  0.001  0.058  0.865
   0.22704     -6.138924  0.018  0.023  0.023  0.000  0.009  0.012  0.715  0.001  0.066  0.869
   0.19866     -6.134017  0.017  0.022  0.023  0.000  0.008  0.005  0.719  0.002  0.078  0.874
   0.17028     -6.131132  0.016  0.021  0.022  0.000  0.008  0.001  0.719  0.002  0.092  0.881
   0.14190     -6.129883  0.015  0.019  0.022  0.000  0.007  0.000  0.714  0.003  0.104  0.886
   0.11352     -6.129755  0.014  0.019  0.023  0.000  0.006  0.001  0.704  0.004  0.117  0.889
   0.08514     -6.130219  0.015  0.019  0.024  0.000  0.006  0.003  0.695  0.004  0.127  0.892
   0.05676     -6.130836  0.015  0.018  0.024  0.000  0.006  0.004  0.688  0.005  0.133  0.892
   0.02838     -6.131311  0.012  0.018  0.025  0.000  0.005  0.005  0.683  0.005  0.137  0.892
   0.00000     -6.131485  0.012  0.018  0.025  0.000  0.005  0.005  0.682  0.005  0.139  0.892
 
# Band-Index:    5
   0.00000     -6.070235  0.123  0.227  0.078  0.000  0.000  0.005  0.002  0.000  0.014  0.450
   0.02838     -6.069472  0.121  0.224  0.078  0.000  0.000  0.012  0.002  0.001  0.015  0.454
   0.05676     -6.067235  0.118  0.218  0.078  0.000  0.000  0.032  0.002  0.002  0.017  0.467
   0.08514     -6.063648  0.112  0.208  0.077  0.000  0.000  0.063  0.001  0.005  0.020  0.489
   0.11352     -6.058805  0.106  0.195  0.074  0.000  0.000  0.104  0.001  0.009  0.025  0.516
   0.14190     -6.052685  0.098  0.180  0.072  0.000  0.000  0.150  0.003  0.014  0.030  0.550
   0.17028     -6.045136  0.089  0.164  0.069  0.000  0.000  0.197  0.008  0.020  0.037  0.586
   0.19866     -6.035958  0.081  0.147  0.066  0.002  0.000  0.242  0.018  0.027  0.041  0.623
   0.22704     -6.025025  0.072  0.131  0.060  0.002  0.000  0.283  0.032  0.036  0.043  0.662
   0.25542     -6.012367  0.064  0.116  0.056  0.002  0.000  0.319  0.047  0.045  0.042  0.694
   0.28380     -5.998196  0.056  0.104  0.051  0.004  0.001  0.351  0.061  0.057  0.038  0.723
   0.31218     -5.982910  0.051  0.092  0.048  0.004  0.004  0.376  0.071  0.071  0.032  0.752
   0.34056     -5.967259  0.044  0.079  0.041  0.006  0.024  0.392  0.074  0.087  0.025  0.776
   0.36894     -5.956508  0.022  0.040  0.020  0.016  0.438  0.226  0.024  0.058  0.009  0.857
   0.39732     -5.968761  0.003  0.004  0.002  0.019  0.858  0.027  0.000  0.012  0.001  0.928
   0.42570     -5.986290  0.001  0.002  0.002  0.019  0.887  0.011  0.002  0.008  0.000  0.933
   0.45408     -6.004630  0.001  0.000  0.000  0.021  0.891  0.007  0.003  0.007  0.000  0.933
   0.48246     -6.023330  0.000  0.000  0.000  0.021  0.890  0.005  0.004  0.007  0.000  0.931
   0.51084     -6.042189  0.000  0.000  0.000  0.023  0.889  0.004  0.004  0.007  0.000  0.929
   0.53922     -6.061057  0.000  0.000  0.000  0.023  0.887  0.003  0.004  0.007  0.000  0.928
   0.56760     -6.079803  0.000  0.000  0.000  0.025  0.885  0.002  0.004  0.008  0.000  0.925
   0.59598     -6.098304  0.000  0.000  0.000  0.025  0.883  0.002  0.003  0.008  0.001  0.924
   0.62436     -6.116445  0.000  0.000  0.000  0.027  0.881  0.002  0.003  0.009  0.001  0.921
   0.65274     -6.134119  0.000  0.000  0.000  0.027  0.879  0.001  0.003  0.009  0.001  0.920
   0.68112     -6.151222  0.000  0.000  0.000  0.029  0.878  0.001  0.002  0.009  0.001  0.918
   0.70950     -6.167658  0.000  0.000  0.000  0.029  0.876  0.001  0.002  0.009  0.001  0.917
   0.73788     -6.183339  0.000  0.000  0.000  0.029  0.874  0.001  0.001  0.009  0.001  0.917
   0.76626     -6.198179  0.000  0.000  0.000  0.031  0.873  0.000  0.001  0.009  0.000  0.915
   0.79464     -6.212102  0.000  0.000  0.000  0.031  0.871  0.000  0.001  0.009  0.000  0.913
   0.82302     -6.225037  0.000  0.000  0.000  0.030  0.870  0.000  0.001  0.010  0.000  0.913
   0.85140     -6.236919  0.000  0.000  0.000  0.031  0.869  0.000  0.000  0.010  0.000  0.911
   0.87978     -6.247687  0.000  0.000  0.000  0.032  0.867  0.000  0.000  0.009  0.000  0.910
   0.90816     -6.257285  0.000  0.000  0.000  0.032  0.866  0.000  0.000  0.009  0.000  0.909
   0.93654     -6.265659  0.000  0.000  0.000  0.032  0.864  0.000  0.000  0.009  0.002  0.908
   0.96492     -6.272748  0.000  0.000  0.000  0.032  0.858  0.000  0.000  0.009  0.007  0.909
   0.99330     -6.278472  0.000  0.000  0.000  0.032  0.841  0.000  0.000  0.009  0.024  0.908
   1.02168     -6.282698  0.000  0.004  0.000  0.030  0.785  0.001  0.000  0.009  0.079  0.907
   1.05006     -6.285268  0.000  0.008  0.000  0.024  0.643  0.003  0.000  0.008  0.220  0.907
   1.07844     -6.286374  0.000  0.015  0.000  0.018  0.483  0.004  0.000  0.006  0.379  0.907
   1.10682     -6.286643  0.000  0.018  0.000  0.016  0.423  0.006  0.000  0.006  0.439  0.907
   1.10682     -6.286643  0.000  0.018  0.000  0.016  0.423  0.006  0.000  0.006  0.439  0.907
   1.13528     -6.286317  0.000  0.014  0.000  0.020  0.492  0.004  0.000  0.006  0.370  0.907
   1.16374     -6.284980  0.000  0.008  0.000  0.025  0.647  0.003  0.000  0.008  0.216  0.907
   1.19219     -6.282106  0.000  0.004  0.000  0.030  0.760  0.001  0.000  0.009  0.102  0.907
   1.22065     -6.277646  0.000  0.002  0.000  0.030  0.811  0.000  0.000  0.009  0.053  0.908
   1.24911     -6.271731  0.000  0.002  0.000  0.032  0.833  0.000  0.000  0.009  0.032  0.909
   1.27757     -6.264456  0.000  0.000  0.000  0.032  0.842  0.000  0.001  0.009  0.023  0.908
   1.30602     -6.255887  0.000  0.000  0.000  0.032  0.848  0.000  0.001  0.009  0.018  0.909
   1.33448     -6.246079  0.000  0.000  0.000  0.031  0.852  0.000  0.001  0.009  0.015  0.909
   1.36294     -6.235087  0.000  0.000  0.000  0.030  0.855  0.000  0.002  0.009  0.013  0.911
   1.39139     -6.222968  0.000  0.000  0.000  0.030  0.857  0.000  0.002  0.008  0.012  0.913
   1.41985     -6.209786  0.000  0.000  0.000  0.030  0.859  0.000  0.003  0.008  0.011  0.912
   1.44831     -6.195612  0.000  0.000  0.000  0.028  0.860  0.000  0.005  0.008  0.010  0.914
   1.47677     -6.180523  0.000  0.000  0.000  0.029  0.861  0.001  0.006  0.007  0.010  0.916
   1.50522     -6.164612  0.000  0.000  0.000  0.029  0.861  0.001  0.008  0.007  0.009  0.916
   1.53368     -6.147979  0.000  0.000  0.000  0.028  0.862  0.001  0.010  0.007  0.009  0.919
   1.56214     -6.130740  0.000  0.000  0.000  0.028  0.864  0.002  0.011  0.007  0.008  0.920
   1.59060     -6.113026  0.000  0.000  0.000  0.026  0.866  0.003  0.013  0.005  0.007  0.922
   1.61905     -6.094985  0.000  0.000  0.000  0.026  0.868  0.004  0.013  0.005  0.005  0.923
   1.64751     -6.076786  0.000  0.000  0.000  0.024  0.872  0.006  0.013  0.005  0.004  0.926
   1.67597     -6.058622  0.001  0.000  0.000  0.024  0.877  0.009  0.010  0.004  0.003  0.927
   1.70442     -6.040727  0.001  0.002  0.000  0.022  0.880  0.013  0.006  0.004  0.001  0.930
   1.73288     -6.023420  0.001  0.002  0.000  0.021  0.881  0.021  0.001  0.003  0.000  0.932
   1.76134     -6.007209  0.001  0.004  0.000  0.020  0.867  0.034  0.001  0.003  0.000  0.931
   1.78980     -5.993034  0.005  0.006  0.002  0.015  0.809  0.062  0.024  0.002  0.002  0.928
   1.81825     -5.982400  0.007  0.013  0.008  0.011  0.656  0.106  0.108  0.001  0.005  0.915
   1.84671     -5.976062  0.009  0.019  0.015  0.006  0.443  0.141  0.254  0.002  0.009  0.899
   1.87517     -5.972415  0.010  0.024  0.019  0.004  0.281  0.149  0.388  0.002  0.010  0.888
   1.90362     -5.969742  0.011  0.027  0.022  0.002  0.188  0.141  0.479  0.002  0.010  0.882
   1.93208     -5.967577  0.012  0.030  0.023  0.002  0.133  0.130  0.537  0.002  0.008  0.874
   1.96054     -5.966088  0.011  0.033  0.025  0.000  0.098  0.119  0.571  0.001  0.006  0.868
   1.98900     -5.965639  0.014  0.037  0.026  0.000  0.074  0.108  0.590  0.001  0.004  0.856
   2.01745     -5.966682  0.017  0.043  0.027  0.000  0.056  0.098  0.595  0.001  0.003  0.843
   2.04591     -5.969792  0.021  0.052  0.031  0.000  0.043  0.086  0.586  0.000  0.003  0.826
   2.07437     -5.975762  0.028  0.063  0.034  0.000  0.032  0.072  0.564  0.000  0.005  0.801
   2.10282     -5.985692  0.037  0.080  0.039  0.000  0.022  0.056  0.524  0.000  0.008  0.767
   2.13128     -6.000985  0.049  0.100  0.044  0.000  0.015  0.037  0.461  0.000  0.013  0.720
   2.15974     -6.022915  0.065  0.128  0.053  0.000  0.008  0.019  0.365  0.001  0.020  0.661
   2.18820     -6.050734  0.090  0.171  0.064  0.000  0.003  0.008  0.207  0.001  0.023  0.569
   2.21665     -6.070235  0.123  0.227  0.078  0.000  0.000  0.005  0.002  0.000  0.014  0.450
 
# Band-Index:    6
   2.21665     -5.896688  0.000  0.000  0.000  0.049  0.019  0.003  0.004  0.826  0.000  0.903
   2.18820     -5.896373  0.000  0.000  0.000  0.049  0.018  0.002  0.004  0.827  0.000  0.903
   2.15974     -5.895433  0.000  0.000  0.000  0.049  0.018  0.002  0.002  0.828  0.000  0.902
   2.13128     -5.893887  0.000  0.000  0.000  0.049  0.017  0.001  0.001  0.830  0.000  0.902
   2.10282     -5.891758  0.000  0.002  0.000  0.049  0.016  0.001  0.000  0.832  0.000  0.901
   2.07437     -5.889070  0.000  0.002  0.000  0.049  0.015  0.000  0.000  0.833  0.000  0.901
   2.04591     -5.885838  0.000  0.002  0.000  0.048  0.014  0.000  0.000  0.835  0.000  0.900
   2.01745     -5.882063  0.001  0.002  0.000  0.047  0.014  0.000  0.000  0.835  0.000  0.901
   1.98900     -5.877738  0.002  0.002  0.000  0.046  0.013  0.000  0.001  0.835  0.000  0.901
   1.96054     -5.879828  0.001  0.003  0.003  0.015  0.826  0.011  0.070  0.008  0.000  0.940
   1.93208     -5.892620  0.001  0.005  0.003  0.015  0.790  0.017  0.094  0.009  0.000  0.936
   1.90362     -5.905738  0.001  0.005  0.005  0.015  0.731  0.028  0.130  0.010  0.001  0.930
   1.87517     -5.918415  0.002  0.007  0.007  0.015  0.634  0.050  0.185  0.013  0.003  0.921
   1.84671     -5.929024  0.006  0.013  0.012  0.013  0.469  0.099  0.268  0.018  0.006  0.907
   1.81825     -5.934530  0.011  0.022  0.018  0.010  0.250  0.189  0.347  0.028  0.010  0.887
   1.78980     -5.932204  0.016  0.029  0.021  0.006  0.092  0.298  0.353  0.043  0.013  0.875
   1.76134     -5.922502  0.018  0.034  0.021  0.006  0.028  0.390  0.297  0.067  0.010  0.872
   1.73288     -5.907888  0.017  0.034  0.019  0.006  0.007  0.453  0.229  0.100  0.009  0.875
   1.70442     -5.891110  0.016  0.030  0.015  0.008  0.001  0.487  0.172  0.147  0.006  0.882
   1.67597     -5.874389  0.014  0.026  0.013  0.010  0.001  0.493  0.129  0.201  0.004  0.891
   1.64751     -5.859023  0.009  0.022  0.013  0.010  0.002  0.481  0.099  0.259  0.003  0.899
   1.61905     -5.845467  0.008  0.018  0.009  0.013  0.003  0.461  0.078  0.311  0.002  0.906
   1.59060     -5.833689  0.007  0.016  0.007  0.015  0.004  0.444  0.062  0.351  0.003  0.909
   1.56214     -5.823489  0.005  0.014  0.007  0.014  0.007  0.432  0.051  0.381  0.003  0.914
   1.53368     -5.814668  0.004  0.014  0.007  0.014  0.008  0.427  0.043  0.398  0.003  0.917
   1.50522     -5.807094  0.004  0.014  0.005  0.014  0.008  0.432  0.036  0.405  0.004  0.919
   1.47677     -5.800690  0.003  0.012  0.004  0.012  0.009  0.442  0.030  0.403  0.004  0.921
   1.44831     -5.795426  0.003  0.012  0.004  0.012  0.009  0.460  0.025  0.393  0.004  0.925
   1.41985     -5.791284  0.003  0.012  0.004  0.010  0.009  0.482  0.020  0.378  0.005  0.925
   1.39139     -5.788241  0.003  0.014  0.004  0.010  0.009  0.508  0.016  0.359  0.007  0.928
   1.36294     -5.786246  0.002  0.014  0.002  0.008  0.009  0.537  0.012  0.337  0.008  0.928
   1.33448     -5.785204  0.002  0.014  0.002  0.008  0.008  0.565  0.009  0.313  0.009  0.930
   1.30602     -5.784972  0.000  0.014  0.001  0.008  0.008  0.592  0.006  0.291  0.010  0.931
   1.27757     -5.785366  0.000  0.014  0.001  0.006  0.008  0.616  0.004  0.270  0.011  0.933
   1.24911     -5.786179  0.000  0.014  0.000  0.006  0.006  0.637  0.002  0.251  0.014  0.932
   1.22065     -5.787194  0.000  0.014  0.000  0.006  0.006  0.653  0.001  0.236  0.015  0.933
   1.19219     -5.788213  0.000  0.014  0.000  0.004  0.005  0.666  0.000  0.224  0.016  0.934
   1.16374     -5.789067  0.000  0.014  0.000  0.004  0.005  0.675  0.000  0.216  0.017  0.934
   1.13528     -5.789631  0.000  0.014  0.000  0.004  0.005  0.680  0.000  0.211  0.018  0.934
   1.10682     -5.789828  0.000  0.014  0.000  0.004  0.005  0.681  0.000  0.209  0.018  0.934
   1.10682     -5.789828  0.000  0.014  0.000  0.004  0.005  0.681  0.000  0.209  0.018  0.934
   1.07844     -5.789676  0.000  0.014  0.000  0.004  0.005  0.680  0.000  0.211  0.018  0.934
   1.05006     -5.789240  0.000  0.014  0.000  0.004  0.005  0.675  0.000  0.215  0.017  0.935
   1.02168     -5.788581  0.000  0.014  0.000  0.004  0.005  0.668  0.000  0.223  0.016  0.935
   0.99330     -5.787801  0.000  0.014  0.000  0.005  0.006  0.657  0.001  0.233  0.015  0.932
   0.96492     -5.787032  0.000  0.016  0.000  0.006  0.006  0.641  0.001  0.246  0.014  0.931
   0.93654     -5.786436  0.000  0.016  0.001  0.006  0.008  0.624  0.003  0.262  0.012  0.931
   0.90816     -5.786185  0.000  0.016  0.002  0.006  0.009  0.602  0.005  0.279  0.011  0.929
   0.87978     -5.786452  0.002  0.016  0.002  0.006  0.009  0.579  0.009  0.297  0.009  0.929
   0.85140     -5.787391  0.003  0.016  0.002  0.008  0.009  0.555  0.013  0.314  0.008  0.926
   0.82302     -5.789129  0.003  0.016  0.004  0.008  0.010  0.530  0.018  0.330  0.006  0.925
   0.79464     -5.791756  0.004  0.016  0.005  0.008  0.010  0.508  0.024  0.344  0.005  0.923
   0.76626     -5.795329  0.005  0.018  0.005  0.008  0.009  0.487  0.030  0.355  0.005  0.919
   0.73788     -5.799877  0.005  0.018  0.005  0.010  0.009  0.469  0.035  0.362  0.004  0.917
   0.70950     -5.805410  0.006  0.018  0.008  0.010  0.009  0.454  0.042  0.364  0.005  0.913
   0.68112     -5.811926  0.006  0.020  0.008  0.010  0.009  0.444  0.048  0.362  0.005  0.910
   0.65274     -5.819424  0.008  0.022  0.008  0.010  0.010  0.436  0.054  0.354  0.004  0.905
   0.62436     -5.827904  0.009  0.024  0.012  0.010  0.008  0.432  0.061  0.343  0.004  0.902
   0.59598     -5.837374  0.010  0.026  0.012  0.010  0.008  0.431  0.068  0.327  0.004  0.896
   0.56760     -5.847851  0.012  0.028  0.015  0.010  0.008  0.432  0.075  0.305  0.004  0.889
   0.53922     -5.859355  0.015  0.032  0.016  0.008  0.008  0.434  0.081  0.280  0.006  0.882
   0.51084     -5.871900  0.016  0.036  0.020  0.009  0.009  0.436  0.088  0.252  0.006  0.874
   0.48246     -5.885475  0.021  0.042  0.023  0.008  0.010  0.437  0.094  0.221  0.008  0.863
   0.45408     -5.900015  0.025  0.049  0.027  0.006  0.012  0.435  0.098  0.190  0.009  0.850
   0.42570     -5.915342  0.028  0.055  0.028  0.004  0.020  0.427  0.102  0.160  0.011  0.837
   0.39732     -5.930941  0.032  0.059  0.032  0.004  0.050  0.403  0.104  0.128  0.016  0.827
   0.36894     -5.942196  0.017  0.033  0.018  0.004  0.475  0.191  0.076  0.055  0.013  0.881
   0.34056     -5.931142  0.001  0.002  0.001  0.013  0.892  0.008  0.019  0.007  0.002  0.942
   0.31218     -5.915597  0.000  0.000  0.000  0.013  0.916  0.001  0.011  0.005  0.001  0.948
   0.28380     -5.900542  0.000  0.000  0.000  0.011  0.923  0.000  0.008  0.004  0.001  0.950
   0.25542     -5.886557  0.000  0.000  0.000  0.009  0.922  0.000  0.006  0.013  0.001  0.952
   0.22704     -5.874686  0.001  0.002  0.000  0.002  0.826  0.001  0.002  0.115  0.000  0.951
   0.19866     -5.873307  0.003  0.006  0.003  0.030  0.151  0.003  0.001  0.711  0.001  0.908
   0.17028     -5.878669  0.003  0.004  0.001  0.040  0.049  0.001  0.002  0.795  0.001  0.899
   0.14190     -5.883868  0.002  0.004  0.000  0.044  0.031  0.000  0.003  0.811  0.000  0.899
   0.11352     -5.888336  0.002  0.002  0.000  0.046  0.024  0.000  0.003  0.818  0.000  0.900
   0.08514     -5.891925  0.002  0.002  0.000  0.047  0.021  0.001  0.003  0.822  0.000  0.900
   0.05676     -5.894550  0.000  0.002  0.000  0.047  0.019  0.002  0.004  0.825  0.000  0.902
   0.02838     -5.896151  0.000  0.000  0.000  0.049  0.019  0.002  0.004  0.826  0.000  0.902
   0.00000     -5.896688  0.000  0.000  0.000  0.049  0.019  0.003  0.004  0.826  0.000  0.903
 
# Band-Index:    7
   0.00000     -5.819663  0.000  0.000  0.000  0.011  0.928  0.000  0.003  0.008  0.003  0.955
   0.02838     -5.820521  0.000  0.000  0.000  0.011  0.927  0.000  0.003  0.009  0.002  0.955
   0.05676     -5.823089  0.000  0.000  0.000  0.013  0.926  0.000  0.003  0.009  0.002  0.956
   0.08514     -5.827342  0.000  0.000  0.000  0.012  0.923  0.000  0.004  0.010  0.002  0.954
   0.11352     -5.833236  0.000  0.000  0.000  0.013  0.918  0.000  0.004  0.012  0.002  0.952
   0.14190     -5.840695  0.000  0.000  0.000  0.015  0.909  0.000  0.005  0.017  0.002  0.951
   0.17028     -5.849571  0.000  0.000  0.000  0.017  0.888  0.000  0.006  0.032  0.002  0.949
   0.19866     -5.859268  0.001  0.001  0.000  0.027  0.784  0.000  0.009  0.112  0.002  0.937
   0.22704     -5.862830  0.003  0.006  0.002  0.054  0.107  0.006  0.009  0.701  0.003  0.891
   0.25542     -5.856425  0.004  0.008  0.004  0.048  0.007  0.012  0.007  0.795  0.003  0.888
   0.28380     -5.848322  0.005  0.008  0.004  0.046  0.002  0.019  0.008  0.794  0.003  0.889
   0.31218     -5.839396  0.005  0.010  0.005  0.042  0.003  0.029  0.010  0.784  0.003  0.891
   0.34056     -5.829791  0.006  0.010  0.005  0.039  0.003  0.041  0.012  0.769  0.002  0.889
   0.36894     -5.819586  0.006  0.012  0.005  0.037  0.004  0.056  0.015  0.751  0.003  0.891
   0.39732     -5.808864  0.006  0.012  0.007  0.034  0.004  0.074  0.019  0.729  0.003  0.892
   0.42570     -5.797729  0.009  0.014  0.007  0.032  0.005  0.096  0.024  0.704  0.003  0.891
   0.45408     -5.786314  0.009  0.014  0.008  0.030  0.005  0.120  0.028  0.677  0.002  0.893
   0.48246     -5.774773  0.009  0.016  0.008  0.028  0.005  0.147  0.033  0.648  0.002  0.894
   0.51084     -5.763281  0.009  0.016  0.008  0.025  0.005  0.175  0.037  0.620  0.002  0.897
   0.53922     -5.752010  0.009  0.016  0.008  0.023  0.006  0.202  0.040  0.594  0.002  0.898
   0.56760     -5.741127  0.008  0.016  0.008  0.021  0.006  0.228  0.042  0.570  0.002  0.901
   0.59598     -5.730782  0.007  0.016  0.008  0.019  0.006  0.251  0.043  0.552  0.002  0.903
   0.62436     -5.721101  0.006  0.016  0.007  0.019  0.006  0.272  0.042  0.537  0.001  0.906
   0.65274     -5.712186  0.006  0.014  0.007  0.017  0.007  0.291  0.039  0.527  0.002  0.909
   0.68112     -5.704119  0.005  0.014  0.005  0.016  0.008  0.305  0.036  0.521  0.002  0.915
   0.70950     -5.696954  0.005  0.014  0.005  0.016  0.008  0.315  0.032  0.520  0.004  0.918
   0.73788     -5.690719  0.002  0.012  0.005  0.014  0.009  0.322  0.027  0.524  0.004  0.919
   0.76626     -5.685415  0.001  0.012  0.004  0.014  0.010  0.323  0.020  0.532  0.005  0.922
   0.79464     -5.681008  0.001  0.010  0.002  0.014  0.010  0.321  0.015  0.543  0.005  0.923
   0.82302     -5.677435  0.000  0.010  0.002  0.014  0.011  0.314  0.011  0.558  0.005  0.927
   0.85140     -5.674605  0.000  0.010  0.001  0.014  0.011  0.304  0.007  0.575  0.005  0.928
   0.87978     -5.672410  0.000  0.008  0.000  0.014  0.012  0.291  0.004  0.592  0.006  0.930
   0.90816     -5.670733  0.000  0.008  0.000  0.014  0.014  0.276  0.002  0.611  0.006  0.931
   0.93654     -5.669464  0.000  0.006  0.000  0.014  0.015  0.261  0.001  0.628  0.006  0.932
   0.96492     -5.668513  0.000  0.006  0.000  0.014  0.015  0.246  0.000  0.643  0.004  0.932
   0.99330     -5.667807  0.000  0.006  0.000  0.014  0.016  0.233  0.000  0.657  0.005  0.931
   1.02168     -5.667296  0.000  0.006  0.000  0.014  0.016  0.223  0.000  0.667  0.005  0.932
   1.05006     -5.666948  0.000  0.004  0.000  0.015  0.016  0.215  0.001  0.674  0.005  0.932
   1.07844     -5.666746  0.000  0.004  0.000  0.016  0.017  0.209  0.001  0.679  0.005  0.932
   1.10682     -5.666679  0.000  0.004  0.000  0.016  0.017  0.207  0.001  0.680  0.005  0.933
   1.10682     -5.666679  0.000  0.004  0.000  0.016  0.017  0.207  0.001  0.680  0.005  0.933
   1.13528     -5.666922  0.000  0.004  0.000  0.016  0.017  0.209  0.001  0.679  0.005  0.933
   1.16374     -5.667647  0.000  0.004  0.000  0.016  0.017  0.215  0.001  0.673  0.005  0.933
   1.19219     -5.668848  0.000  0.006  0.000  0.016  0.016  0.223  0.001  0.664  0.005  0.931
   1.22065     -5.670511  0.000  0.006  0.000  0.015  0.016  0.234  0.002  0.652  0.005  0.930
   1.24911     -5.672627  0.000  0.006  0.000  0.014  0.016  0.248  0.003  0.635  0.006  0.931
   1.27757     -5.675190  0.000  0.006  0.000  0.014  0.016  0.265  0.004  0.616  0.007  0.930
   1.30602     -5.678206  0.000  0.006  0.000  0.014  0.015  0.284  0.005  0.594  0.007  0.928
   1.33448     -5.681696  0.000  0.008  0.002  0.014  0.015  0.304  0.007  0.569  0.007  0.929
   1.36294     -5.685705  0.001  0.008  0.003  0.014  0.015  0.324  0.010  0.545  0.006  0.927
   1.39139     -5.690297  0.001  0.008  0.003  0.014  0.014  0.343  0.013  0.522  0.006  0.925
   1.41985     -5.695557  0.001  0.010  0.003  0.014  0.014  0.358  0.017  0.500  0.006  0.924
   1.44831     -5.701585  0.002  0.010  0.004  0.014  0.014  0.369  0.020  0.483  0.006  0.921
   1.47677     -5.708487  0.002  0.010  0.006  0.014  0.013  0.374  0.023  0.472  0.006  0.920
   1.50522     -5.716366  0.004  0.010  0.006  0.014  0.013  0.373  0.025  0.468  0.006  0.919
   1.53368     -5.725310  0.005  0.012  0.006  0.016  0.014  0.363  0.026  0.472  0.006  0.915
   1.56214     -5.735370  0.005  0.012  0.006  0.017  0.014  0.344  0.026  0.487  0.005  0.914
   1.59060     -5.746523  0.005  0.012  0.006  0.019  0.014  0.314  0.026  0.514  0.002  0.912
   1.61905     -5.758628  0.005  0.012  0.006  0.021  0.015  0.273  0.024  0.553  0.002  0.910
   1.64751     -5.771384  0.005  0.010  0.006  0.025  0.016  0.224  0.021  0.602  0.001  0.909
   1.67597     -5.784335  0.005  0.010  0.003  0.027  0.017  0.169  0.017  0.656  0.000  0.906
   1.70442     -5.796971  0.006  0.008  0.002  0.031  0.017  0.119  0.013  0.709  0.001  0.906
   1.73288     -5.808881  0.005  0.006  0.002  0.034  0.018  0.078  0.010  0.752  0.001  0.906
   1.76134     -5.819846  0.005  0.006  0.002  0.036  0.018  0.049  0.007  0.783  0.001  0.905
   1.78980     -5.829824  0.002  0.004  0.002  0.038  0.018  0.030  0.005  0.805  0.000  0.904
   1.81825     -5.838874  0.002  0.004  0.000  0.041  0.018  0.018  0.003  0.818  0.000  0.905
   1.84671     -5.847082  0.002  0.002  0.000  0.041  0.017  0.010  0.002  0.826  0.000  0.904
   1.87517     -5.854526  0.002  0.002  0.000  0.043  0.016  0.006  0.002  0.830  0.000  0.903
   1.90362     -5.861271  0.002  0.002  0.000  0.043  0.016  0.004  0.001  0.832  0.000  0.904
   1.93208     -5.867365  0.002  0.002  0.000  0.046  0.016  0.002  0.001  0.834  0.000  0.904
   1.96054     -5.872844  0.002  0.002  0.000  0.046  0.017  0.001  0.001  0.834  0.000  0.903
   1.98900     -5.867773  0.001  0.002  0.001  0.014  0.854  0.008  0.053  0.007  0.000  0.943
   2.01745     -5.856733  0.001  0.002  0.001  0.013  0.874  0.005  0.040  0.007  0.000  0.944
   2.04591     -5.846910  0.001  0.002  0.001  0.013  0.889  0.003  0.030  0.007  0.000  0.948
   2.07437     -5.838470  0.001  0.002  0.000  0.013  0.901  0.002  0.022  0.007  0.001  0.950
   2.10282     -5.831543  0.001  0.002  0.000  0.013  0.911  0.001  0.015  0.007  0.001  0.951
   2.13128     -5.826218  0.000  0.002  0.000  0.011  0.918  0.000  0.010  0.007  0.002  0.952
   2.15974     -5.822511  0.000  0.000  0.000  0.011  0.924  0.000  0.006  0.008  0.002  0.955
   2.18820     -5.820361  0.000  0.000  0.000  0.011  0.927  0.000  0.004  0.008  0.002  0.954
   2.21665     -5.819663  0.000  0.000  0.000  0.011  0.928  0.000  0.003  0.008  0.003  0.955
 
# Band-Index:    8
   2.21665     -5.365998  0.029  0.016  0.037  0.000  0.001  0.577  0.105  0.003  0.140  0.905
   2.18820     -5.350005  0.031  0.022  0.038  0.000  0.001  0.573  0.095  0.003  0.133  0.895
   2.15974     -5.304017  0.036  0.033  0.045  0.000  0.001  0.571  0.068  0.003  0.112  0.866
   2.13128     -5.234865  0.041  0.047  0.056  0.000  0.000  0.584  0.033  0.002  0.069  0.830
   2.10282     -5.160769  0.044  0.056  0.069  0.000  0.000  0.606  0.003  0.002  0.010  0.793
   2.07437     -5.118358  0.056  0.068  0.074  0.000  0.000  0.514  0.014  0.002  0.036  0.764
   2.04591     -5.107713  0.069  0.078  0.068  0.000  0.000  0.406  0.031  0.002  0.093  0.749
   2.01745     -5.107206  0.076  0.084  0.069  0.000  0.000  0.346  0.034  0.002  0.125  0.738
   1.98900     -5.108977  0.083  0.090  0.070  0.000  0.000  0.309  0.032  0.002  0.144  0.728
   1.96054     -5.110189  0.087  0.094  0.072  0.000  0.000  0.278  0.026  0.002  0.157  0.715
   1.93208     -5.109235  0.093  0.098  0.074  0.000  0.000  0.251  0.021  0.001  0.165  0.704
   1.90362     -5.104877  0.099  0.102  0.076  0.000  0.000  0.224  0.015  0.001  0.172  0.691
   1.87517     -5.096025  0.105  0.106  0.080  0.000  0.000  0.196  0.010  0.001  0.177  0.677
   1.84671     -5.081718  0.113  0.111  0.084  0.000  0.000  0.166  0.007  0.001  0.180  0.663
   1.81825     -5.061217  0.120  0.116  0.087  0.000  0.000  0.137  0.005  0.001  0.181  0.649
   1.78980     -5.034179  0.126  0.120  0.093  0.000  0.000  0.107  0.006  0.000  0.181  0.636
   1.76134     -5.000910  0.133  0.123  0.096  0.000  0.000  0.081  0.011  0.000  0.178  0.624
   1.73288     -4.962658  0.139  0.122  0.101  0.000  0.000  0.058  0.018  0.000  0.172  0.614
   1.70442     -4.921876  0.143  0.119  0.108  0.000  0.000  0.042  0.030  0.000  0.166  0.610
   1.67597     -4.882325  0.146  0.111  0.114  0.000  0.000  0.033  0.046  0.000  0.154  0.607
   1.64751     -4.848852  0.148  0.100  0.122  0.000  0.000  0.028  0.069  0.000  0.143  0.610
   1.61905     -4.826655  0.147  0.086  0.129  0.000  0.000  0.028  0.098  0.000  0.124  0.614
   1.59060     -4.819920  0.145  0.070  0.138  0.000  0.000  0.031  0.133  0.000  0.105  0.622
   1.56214     -4.830314  0.140  0.056  0.142  0.000  0.000  0.035  0.172  0.000  0.086  0.633
   1.53368     -4.856353  0.135  0.042  0.145  0.000  0.000  0.038  0.213  0.000  0.069  0.644
   1.50522     -4.894188  0.129  0.032  0.145  0.000  0.000  0.040  0.257  0.000  0.053  0.657
   1.47677     -4.939131  0.123  0.024  0.142  0.000  0.000  0.040  0.299  0.000  0.040  0.667
   1.44831     -4.986889  0.117  0.017  0.137  0.000  0.000  0.037  0.339  0.001  0.029  0.680
   1.41985     -5.034119  0.111  0.014  0.133  0.000  0.000  0.032  0.378  0.001  0.022  0.691
   1.39139     -5.078511  0.107  0.010  0.126  0.000  0.000  0.027  0.414  0.001  0.015  0.702
   1.36294     -5.118645  0.101  0.009  0.122  0.000  0.000  0.022  0.448  0.001  0.010  0.713
   1.33448     -5.153795  0.097  0.006  0.115  0.000  0.000  0.017  0.477  0.001  0.007  0.722
   1.30602     -5.183733  0.093  0.004  0.111  0.000  0.000  0.012  0.503  0.001  0.004  0.730
   1.27757     -5.208569  0.090  0.004  0.107  0.000  0.000  0.008  0.525  0.001  0.002  0.737
   1.24911     -5.228612  0.088  0.001  0.104  0.000  0.000  0.005  0.543  0.001  0.001  0.745
   1.22065     -5.244258  0.085  0.001  0.100  0.000  0.000  0.003  0.556  0.001  0.001  0.750
   1.19219     -5.255921  0.084  0.000  0.098  0.000  0.000  0.002  0.566  0.001  0.000  0.753
   1.16374     -5.263964  0.083  0.000  0.096  0.000  0.000  0.001  0.573  0.001  0.000  0.756
   1.13528     -5.268672  0.083  0.000  0.096  0.000  0.000  0.001  0.577  0.001  0.000  0.757
   1.10682     -5.270222  0.081  0.000  0.095  0.000  0.000  0.001  0.579  0.001  0.000  0.758
   1.10682     -5.270222  0.081  0.000  0.095  0.000  0.000  0.001  0.579  0.001  0.000  0.758
   1.07844     -5.268860  0.083  0.000  0.096  0.000  0.000  0.001  0.578  0.001  0.000  0.757
   1.05006     -5.264714  0.083  0.000  0.096  0.000  0.000  0.000  0.574  0.001  0.000  0.755
   1.02168     -5.257601  0.084  0.000  0.098  0.000  0.000  0.000  0.568  0.001  0.000  0.753
   0.99330     -5.247224  0.085  0.001  0.100  0.000  0.000  0.000  0.560  0.001  0.000  0.750
   0.96492     -5.233184  0.089  0.001  0.104  0.000  0.000  0.001  0.548  0.001  0.000  0.744
   0.93654     -5.214999  0.090  0.001  0.109  0.000  0.000  0.003  0.532  0.000  0.000  0.737
   0.90816     -5.192140  0.094  0.002  0.113  0.000  0.000  0.007  0.513  0.000  0.001  0.730
   0.87978     -5.164080  0.097  0.005  0.117  0.000  0.000  0.012  0.489  0.000  0.001  0.723
   0.85140     -5.130357  0.101  0.006  0.124  0.000  0.000  0.020  0.462  0.000  0.003  0.714
   0.82302     -5.090654  0.104  0.007  0.128  0.000  0.000  0.030  0.431  0.000  0.004  0.706
   0.79464     -5.044881  0.109  0.007  0.135  0.000  0.000  0.041  0.397  0.000  0.007  0.697
   0.76626     -4.993267  0.114  0.009  0.141  0.000  0.000  0.054  0.363  0.000  0.009  0.690
   0.73788     -4.936441  0.116  0.010  0.145  0.000  0.000  0.069  0.326  0.000  0.013  0.682
   0.70950     -4.875529  0.120  0.013  0.152  0.000  0.000  0.086  0.291  0.000  0.017  0.678
   0.68112     -4.812258  0.123  0.013  0.155  0.000  0.000  0.104  0.254  0.000  0.023  0.675
   0.65274     -4.749054  0.126  0.015  0.157  0.000  0.000  0.126  0.219  0.000  0.029  0.674
   0.62436     -4.689139  0.129  0.017  0.157  0.000  0.000  0.150  0.186  0.000  0.037  0.677
   0.59598     -4.636525  0.130  0.018  0.153  0.000  0.000  0.178  0.154  0.000  0.047  0.681
   0.56760     -4.595727  0.130  0.023  0.147  0.000  0.000  0.209  0.121  0.000  0.057  0.688
   0.53922     -4.571001  0.130  0.029  0.139  0.000  0.000  0.242  0.091  0.000  0.065  0.696
   0.51084     -4.565090  0.128  0.037  0.126  0.000  0.000  0.272  0.063  0.000  0.072  0.702
   0.48246     -4.578102  0.128  0.049  0.117  0.000  0.000  0.296  0.040  0.000  0.076  0.706
   0.45408     -4.607425  0.123  0.059  0.108  0.000  0.000  0.314  0.023  0.000  0.076  0.706
   0.42570     -4.648757  0.121  0.068  0.100  0.000  0.000  0.328  0.012  0.000  0.076  0.706
   0.39732     -4.697490  0.117  0.075  0.095  0.000  0.000  0.338  0.005  0.000  0.075  0.707
   0.36894     -4.749695  0.112  0.079  0.091  0.000  0.000  0.349  0.002  0.001  0.072  0.707
   0.34056     -4.802656  0.103  0.080  0.089  0.000  0.000  0.365  0.000  0.001  0.068  0.709
   0.31218     -4.855296  0.094  0.081  0.090  0.000  0.000  0.389  0.000  0.001  0.060  0.712
   0.28380     -4.909049  0.079  0.078  0.088  0.000  0.000  0.424  0.001  0.001  0.046  0.719
   0.25542     -4.968553  0.064  0.076  0.084  0.000  0.000  0.449  0.012  0.001  0.045  0.732
   0.22704     -5.036206  0.056  0.075  0.072  0.000  0.000  0.448  0.033  0.001  0.069  0.753
   0.19866     -5.106101  0.051  0.070  0.061  0.000  0.000  0.446  0.053  0.001  0.095  0.778
   0.17028     -5.171737  0.048  0.061  0.052  0.000  0.000  0.459  0.068  0.001  0.112  0.804
   0.14190     -5.229676  0.045  0.050  0.047  0.000  0.000  0.481  0.078  0.002  0.124  0.828
   0.11352     -5.278216  0.040  0.040  0.043  0.000  0.001  0.509  0.087  0.002  0.131  0.853
   0.08514     -5.316459  0.035  0.029  0.041  0.000  0.001  0.535  0.095  0.002  0.135  0.875
   0.05676     -5.343948  0.031  0.022  0.038  0.000  0.001  0.557  0.100  0.003  0.138  0.892
   0.02838     -5.360483  0.030  0.016  0.037  0.000  0.001  0.572  0.104  0.003  0.139  0.901
   0.00000     -5.365998  0.029  0.016  0.037  0.000  0.001  0.577  0.105  0.003  0.140  0.905
 
# Band-Index:    9
   0.00000     -5.044182  0.085  0.099  0.038  0.000  0.000  0.153  0.125  0.001  0.260  0.761
   0.02838     -5.042695  0.085  0.099  0.038  0.000  0.000  0.153  0.124  0.001  0.259  0.760
   0.05676     -5.038156  0.089  0.098  0.038  0.000  0.000  0.153  0.122  0.001  0.258  0.759
   0.08514     -5.030332  0.089  0.099  0.036  0.000  0.000  0.151  0.119  0.001  0.257  0.758
   0.11352     -5.018819  0.093  0.101  0.036  0.000  0.000  0.147  0.115  0.001  0.257  0.756
   0.14190     -5.003011  0.099  0.104  0.036  0.000  0.000  0.141  0.112  0.001  0.260  0.753
   0.17028     -4.981988  0.106  0.107  0.034  0.000  0.000  0.129  0.109  0.001  0.264  0.749
   0.19866     -4.954194  0.113  0.113  0.029  0.000  0.000  0.106  0.110  0.001  0.273  0.746
   0.22704     -4.916533  0.122  0.122  0.021  0.000  0.000  0.072  0.117  0.000  0.289  0.745
   0.25542     -4.863042  0.127  0.133  0.013  0.000  0.000  0.039  0.125  0.000  0.303  0.740
   0.28380     -4.788604  0.123  0.142  0.011  0.000  0.000  0.041  0.123  0.000  0.291  0.732
   0.31218     -4.696705  0.120  0.151  0.015  0.000  0.000  0.052  0.114  0.000  0.269  0.719
   0.34056     -4.593480  0.120  0.158  0.019  0.000  0.000  0.057  0.105  0.000  0.249  0.707
   0.36894     -4.482413  0.125  0.166  0.019  0.000  0.000  0.056  0.099  0.000  0.233  0.696
   0.39732     -4.365225  0.129  0.173  0.021  0.000  0.000  0.053  0.094  0.000  0.219  0.687
   0.42570     -4.242935  0.135  0.179  0.024  0.000  0.000  0.049  0.088  0.000  0.203  0.680
   0.45408     -4.116429  0.141  0.187  0.026  0.000  0.000  0.050  0.084  0.000  0.185  0.674
   0.48246     -3.986952  0.146  0.192  0.029  0.000  0.000  0.056  0.079  0.000  0.165  0.668
   0.51084     -3.856742  0.148  0.193  0.038  0.000  0.000  0.069  0.073  0.000  0.141  0.665
   0.53922     -3.729774  0.143  0.191  0.050  0.000  0.000  0.093  0.067  0.000  0.116  0.663
   0.56760     -3.611742  0.127  0.183  0.069  0.000  0.000  0.129  0.058  0.000  0.098  0.663
   0.59598     -3.507142  0.103  0.171  0.084  0.000  0.000  0.171  0.046  0.000  0.093  0.667
   0.62436     -3.415280  0.076  0.162  0.090  0.000  0.000  0.213  0.035  0.000  0.104  0.678
   0.65274     -3.331897  0.055  0.152  0.088  0.000  0.000  0.248  0.025  0.000  0.123  0.692
   0.68112     -3.253540  0.041  0.145  0.082  0.000  0.000  0.276  0.018  0.000  0.143  0.709
   0.70950     -3.178734  0.029  0.140  0.076  0.000  0.000  0.302  0.015  0.000  0.165  0.724
   0.73788     -3.107238  0.021  0.134  0.066  0.000  0.000  0.324  0.011  0.000  0.184  0.741
   0.76626     -3.039342  0.016  0.130  0.058  0.000  0.000  0.344  0.007  0.000  0.200  0.757
   0.79464     -2.975494  0.013  0.126  0.050  0.000  0.000  0.363  0.005  0.000  0.215  0.772
   0.82302     -2.916142  0.009  0.123  0.042  0.000  0.000  0.382  0.004  0.000  0.228  0.786
   0.85140     -2.861678  0.006  0.118  0.034  0.000  0.000  0.398  0.002  0.000  0.239  0.799
   0.87978     -2.812421  0.003  0.115  0.028  0.000  0.000  0.412  0.002  0.000  0.247  0.809
   0.90816     -2.768616  0.002  0.113  0.020  0.000  0.000  0.425  0.001  0.000  0.254  0.819
   0.93654     -2.730441  0.002  0.110  0.015  0.000  0.000  0.437  0.001  0.000  0.260  0.827
   0.96492     -2.698018  0.000  0.108  0.012  0.000  0.000  0.448  0.001  0.000  0.265  0.835
   0.99330     -2.671428  0.000  0.106  0.006  0.000  0.000  0.456  0.000  0.000  0.269  0.842
   1.02168     -2.650719  0.000  0.105  0.003  0.000  0.000  0.463  0.000  0.000  0.272  0.845
   1.05006     -2.635916  0.000  0.104  0.002  0.000  0.000  0.469  0.000  0.000  0.273  0.850
   1.07844     -2.627031  0.000  0.104  0.000  0.000  0.000  0.472  0.000  0.000  0.275  0.851
   1.10682     -2.624069  0.000  0.104  0.000  0.000  0.000  0.473  0.000  0.000  0.275  0.852
   1.10682     -2.624069  0.000  0.104  0.000  0.000  0.000  0.473  0.000  0.000  0.275  0.852
   1.13528     -2.628204  0.000  0.104  0.000  0.000  0.000  0.471  0.000  0.000  0.274  0.850
   1.16374     -2.640622  0.000  0.106  0.002  0.000  0.000  0.465  0.000  0.000  0.274  0.848
   1.19219     -2.661360  0.000  0.109  0.003  0.000  0.000  0.455  0.000  0.000  0.272  0.843
   1.22065     -2.690457  0.000  0.114  0.006  0.000  0.000  0.442  0.000  0.000  0.271  0.836
   1.24911     -2.727924  0.000  0.119  0.011  0.000  0.000  0.426  0.000  0.000  0.268  0.827
   1.27757     -2.773691  0.002  0.126  0.015  0.000  0.000  0.406  0.000  0.000  0.264  0.814
   1.30602     -2.827528  0.004  0.134  0.019  0.000  0.000  0.383  0.001  0.000  0.260  0.802
   1.33448     -2.888948  0.005  0.143  0.024  0.000  0.000  0.357  0.001  0.000  0.254  0.786
   1.36294     -2.957076  0.008  0.153  0.030  0.000  0.000  0.327  0.002  0.000  0.247  0.769
   1.39139     -3.030500  0.010  0.163  0.037  0.000  0.000  0.298  0.004  0.000  0.239  0.751
   1.41985     -3.107106  0.015  0.173  0.041  0.000  0.000  0.267  0.009  0.000  0.230  0.732
   1.44831     -3.183908  0.017  0.181  0.048  0.000  0.000  0.235  0.013  0.000  0.218  0.713
   1.47677     -3.256904  0.022  0.189  0.058  0.000  0.000  0.208  0.019  0.000  0.204  0.695
   1.50522     -3.321010  0.025  0.192  0.064  0.000  0.000  0.183  0.026  0.000  0.186  0.678
   1.53368     -3.370230  0.027  0.194  0.077  0.000  0.000  0.160  0.037  0.000  0.167  0.662
   1.56214     -3.398337  0.029  0.190  0.091  0.000  0.000  0.143  0.049  0.000  0.148  0.649
   1.59060     -3.400254  0.030  0.182  0.107  0.000  0.000  0.129  0.062  0.000  0.128  0.637
   1.61905     -3.373879  0.028  0.174  0.124  0.000  0.000  0.117  0.073  0.000  0.108  0.627
   1.64751     -3.321577  0.026  0.166  0.142  0.000  0.000  0.109  0.080  0.000  0.092  0.619
   1.67597     -3.251555  0.019  0.165  0.158  0.000  0.000  0.105  0.081  0.000  0.082  0.611
   1.70442     -3.182634  0.010  0.174  0.164  0.000  0.000  0.110  0.076  0.000  0.073  0.607
   1.73288     -3.156358  0.012  0.198  0.143  0.000  0.000  0.141  0.055  0.000  0.068  0.617
   1.76134     -3.214158  0.038  0.213  0.103  0.000  0.000  0.180  0.032  0.000  0.069  0.635
   1.78980     -3.335370  0.064  0.212  0.078  0.000  0.000  0.196  0.019  0.000  0.077  0.647
   1.81825     -3.486793  0.077  0.207  0.067  0.000  0.000  0.197  0.014  0.000  0.088  0.651
   1.84671     -3.652852  0.085  0.200  0.061  0.000  0.000  0.196  0.013  0.000  0.100  0.656
   1.87517     -3.826200  0.089  0.192  0.058  0.000  0.000  0.193  0.013  0.000  0.115  0.659
   1.90362     -4.002390  0.092  0.184  0.056  0.000  0.000  0.190  0.015  0.000  0.129  0.664
   1.93208     -4.178135  0.093  0.174  0.053  0.000  0.000  0.189  0.017  0.000  0.146  0.672
   1.96054     -4.350655  0.092  0.164  0.051  0.000  0.000  0.187  0.022  0.000  0.164  0.681
   1.98900     -4.517291  0.091  0.155  0.048  0.000  0.000  0.184  0.030  0.000  0.187  0.694
   2.01745     -4.675043  0.090  0.144  0.043  0.000  0.000  0.174  0.042  0.000  0.216  0.709
   2.04591     -4.819500  0.090  0.135  0.037  0.000  0.000  0.145  0.063  0.000  0.259  0.728
   2.07437     -4.940836  0.095  0.126  0.028  0.000  0.000  0.070  0.099  0.000  0.328  0.744
   2.10282     -5.014835  0.098  0.117  0.025  0.000  0.000  0.012  0.134  0.000  0.364  0.752
   2.13128     -5.038170  0.094  0.108  0.031  0.000  0.000  0.074  0.132  0.001  0.317  0.755
   2.15974     -5.043311  0.088  0.101  0.035  0.000  0.000  0.124  0.127  0.001  0.279  0.759
   2.18820     -5.044150  0.086  0.099  0.037  0.000  0.000  0.146  0.125  0.001  0.264  0.760
   2.21665     -5.044182  0.085  0.099  0.038  0.000  0.000  0.153  0.125  0.001  0.260  0.761
 
# Band-Index:   10
   2.21665     -3.193892  0.000  0.000  0.000  0.262  0.078  0.000  0.000  0.376  0.000  0.716
   2.18820     -3.191533  0.000  0.000  0.000  0.262  0.078  0.000  0.000  0.376  0.000  0.716
   2.15974     -3.184480  0.000  0.000  0.000  0.262  0.078  0.000  0.000  0.377  0.000  0.718
   2.13128     -3.172804  0.000  0.000  0.000  0.260  0.080  0.000  0.000  0.379  0.000  0.718
   2.10282     -3.156628  0.000  0.000  0.000  0.258  0.081  0.000  0.000  0.382  0.000  0.721
   2.07437     -3.136124  0.000  0.000  0.000  0.256  0.083  0.000  0.000  0.385  0.000  0.724
   2.04591     -3.111509  0.000  0.000  0.000  0.253  0.084  0.000  0.000  0.389  0.000  0.728
   2.01745     -3.083057  0.000  0.000  0.000  0.249  0.087  0.000  0.000  0.395  0.000  0.731
   1.98900     -3.051094  0.000  0.000  0.000  0.245  0.089  0.000  0.000  0.400  0.000  0.735
   1.96054     -3.016004  0.000  0.000  0.000  0.241  0.092  0.000  0.000  0.408  0.000  0.740
   1.93208     -2.978233  0.000  0.000  0.000  0.236  0.095  0.000  0.000  0.415  0.000  0.748
   1.90362     -2.938297  0.000  0.000  0.000  0.230  0.099  0.000  0.000  0.426  0.000  0.753
   1.87517     -2.896781  0.000  0.000  0.000  0.222  0.104  0.000  0.000  0.435  0.000  0.761
   1.84671     -2.854350  0.000  0.000  0.000  0.214  0.109  0.000  0.000  0.445  0.000  0.769
   1.81825     -2.811745  0.000  0.000  0.000  0.206  0.114  0.000  0.000  0.456  0.000  0.777
   1.78980     -2.769791  0.000  0.000  0.000  0.196  0.122  0.000  0.000  0.467  0.000  0.786
   1.76134     -2.729478  0.000  0.000  0.000  0.186  0.129  0.000  0.000  0.476  0.000  0.795
   1.73288     -2.698146  0.102  0.075  0.040  0.070  0.056  0.136  0.031  0.194  0.027  0.731
   1.70442     -2.660428  0.063  0.059  0.011  0.106  0.094  0.102  0.012  0.312  0.014  0.771
   1.67597     -2.624842  0.001  0.002  0.000  0.157  0.157  0.002  0.000  0.498  0.000  0.819
   1.64751     -2.597220  0.000  0.000  0.000  0.149  0.169  0.000  0.000  0.506  0.000  0.827
   1.61905     -2.574164  0.000  0.000  0.000  0.141  0.182  0.000  0.000  0.507  0.000  0.833
   1.59060     -2.555449  0.000  0.000  0.000  0.136  0.193  0.000  0.000  0.508  0.000  0.836
   1.56214     -2.540763  0.000  0.000  0.000  0.130  0.205  0.000  0.000  0.504  0.000  0.838
   1.53368     -2.529658  0.000  0.000  0.000  0.126  0.216  0.000  0.000  0.499  0.000  0.841
   1.50522     -2.521603  0.000  0.000  0.000  0.124  0.226  0.000  0.000  0.492  0.000  0.842
   1.47677     -2.516045  0.000  0.000  0.000  0.122  0.237  0.000  0.000  0.486  0.000  0.843
   1.44831     -2.512462  0.000  0.000  0.000  0.120  0.245  0.000  0.000  0.479  0.000  0.843
   1.41985     -2.510382  0.000  0.000  0.000  0.119  0.253  0.000  0.000  0.471  0.000  0.843
   1.39139     -2.509405  0.000  0.000  0.000  0.118  0.259  0.000  0.000  0.464  0.000  0.843
   1.36294     -2.509201  0.000  0.000  0.000  0.117  0.266  0.000  0.000  0.458  0.000  0.843
   1.33448     -2.509504  0.000  0.000  0.000  0.116  0.273  0.000  0.000  0.454  0.000  0.842
   1.30602     -2.510111  0.000  0.000  0.000  0.115  0.278  0.000  0.000  0.449  0.000  0.842
   1.27757     -2.510865  0.000  0.000  0.000  0.115  0.283  0.000  0.000  0.445  0.000  0.841
   1.24911     -2.511650  0.000  0.000  0.000  0.114  0.286  0.000  0.000  0.441  0.000  0.841
   1.22065     -2.512381  0.000  0.000  0.000  0.114  0.289  0.000  0.000  0.437  0.000  0.841
   1.19219     -2.513001  0.000  0.000  0.000  0.114  0.292  0.000  0.000  0.435  0.000  0.841
   1.16374     -2.513467  0.000  0.000  0.000  0.114  0.294  0.000  0.000  0.433  0.000  0.842
   1.13528     -2.513757  0.000  0.000  0.000  0.114  0.295  0.000  0.000  0.432  0.000  0.841
   1.10682     -2.513855  0.000  0.000  0.000  0.114  0.295  0.000  0.000  0.432  0.000  0.841
   1.10682     -2.513855  0.000  0.000  0.000  0.114  0.295  0.000  0.000  0.432  0.000  0.841
   1.07844     -2.515189  0.000  0.000  0.000  0.114  0.295  0.000  0.000  0.432  0.000  0.841
   1.05006     -2.519179  0.000  0.000  0.000  0.116  0.294  0.000  0.000  0.430  0.000  0.841
   1.02168     -2.525790  0.000  0.000  0.000  0.118  0.292  0.000  0.000  0.427  0.000  0.838
   0.99330     -2.534962  0.000  0.000  0.000  0.122  0.290  0.000  0.000  0.424  0.000  0.836
   0.96492     -2.546610  0.000  0.000  0.000  0.126  0.287  0.000  0.000  0.418  0.000  0.832
   0.93654     -2.560626  0.000  0.000  0.000  0.131  0.283  0.000  0.000  0.413  0.000  0.829
   0.90816     -2.576878  0.000  0.000  0.000  0.137  0.279  0.000  0.000  0.407  0.000  0.825
   0.87978     -2.595209  0.000  0.000  0.000  0.144  0.274  0.000  0.000  0.401  0.000  0.819
   0.85140     -2.615445  0.000  0.000  0.000  0.149  0.271  0.000  0.000  0.396  0.000  0.815
   0.82302     -2.637389  0.000  0.000  0.000  0.157  0.265  0.000  0.000  0.389  0.000  0.809
   0.79464     -2.660831  0.000  0.000  0.000  0.164  0.258  0.000  0.000  0.383  0.000  0.804
   0.76626     -2.685549  0.000  0.000  0.000  0.171  0.251  0.000  0.000  0.375  0.000  0.797
   0.73788     -2.711316  0.000  0.000  0.000  0.179  0.244  0.000  0.000  0.369  0.000  0.791
   0.70950     -2.737904  0.000  0.000  0.000  0.187  0.236  0.000  0.000  0.364  0.000  0.786
   0.68112     -2.765103  0.000  0.000  0.000  0.194  0.228  0.000  0.000  0.359  0.000  0.780
   0.65274     -2.810340  0.096  0.287  0.022  0.004  0.005  0.018  0.030  0.008  0.121  0.592
   0.62436     -2.968303  0.082  0.279  0.038  0.000  0.000  0.019  0.031  0.000  0.132  0.579
   0.59598     -3.102213  0.057  0.263  0.060  0.000  0.000  0.022  0.034  0.000  0.128  0.566
   0.56760     -3.203136  0.033  0.242  0.097  0.000  0.000  0.026  0.036  0.000  0.111  0.549
   0.53922     -3.266519  0.020  0.223  0.135  0.000  0.000  0.026  0.044  0.000  0.082  0.529
   0.51084     -3.294732  0.013  0.206  0.170  0.000  0.000  0.019  0.053  0.000  0.052  0.513
   0.48246     -3.294159  0.013  0.193  0.198  0.000  0.000  0.010  0.062  0.000  0.028  0.502
   0.45408     -3.272381  0.014  0.180  0.220  0.000  0.000  0.005  0.068  0.000  0.013  0.498
   0.42570     -3.237051  0.013  0.168  0.235  0.000  0.000  0.006  0.068  0.000  0.006  0.499
   0.39732     -3.195183  0.014  0.160  0.244  0.000  0.000  0.014  0.069  0.000  0.004  0.506
   0.36894     -3.152644  0.013  0.149  0.252  0.000  0.000  0.029  0.067  0.000  0.009  0.516
   0.34056     -3.113949  0.011  0.139  0.253  0.002  0.001  0.046  0.062  0.002  0.017  0.532
   0.31218     -3.088513  0.001  0.018  0.035  0.219  0.102  0.010  0.008  0.304  0.004  0.702
   0.28380     -3.105288  0.000  0.000  0.000  0.256  0.112  0.000  0.000  0.356  0.000  0.725
   0.25542     -3.121547  0.000  0.000  0.000  0.258  0.106  0.000  0.000  0.360  0.000  0.724
   0.22704     -3.136331  0.000  0.000  0.000  0.259  0.101  0.000  0.000  0.363  0.000  0.722
   0.19866     -3.149548  0.000  0.000  0.000  0.260  0.095  0.000  0.000  0.366  0.000  0.721
   0.17028     -3.161135  0.000  0.000  0.000  0.260  0.091  0.000  0.000  0.368  0.000  0.719
   0.14190     -3.171037  0.000  0.000  0.000  0.261  0.087  0.000  0.000  0.370  0.000  0.718
   0.11352     -3.179207  0.000  0.000  0.000  0.262  0.083  0.000  0.000  0.372  0.000  0.718
   0.08514     -3.185607  0.000  0.000  0.000  0.263  0.081  0.000  0.000  0.374  0.000  0.717
   0.05676     -3.190201  0.000  0.000  0.000  0.262  0.080  0.000  0.000  0.375  0.000  0.716
   0.02838     -3.192969  0.000  0.000  0.000  0.262  0.078  0.000  0.000  0.376  0.000  0.716
   0.00000     -3.193892  0.000  0.000  0.000  0.262  0.078  0.000  0.000  0.376  0.000  0.716
 
# Band-Index:   11
   0.00000     -3.075063  0.010  0.060  0.208  0.000  0.000  0.266  0.016  0.000  0.134  0.694
   0.02838     -3.073572  0.010  0.060  0.208  0.000  0.000  0.264  0.017  0.000  0.132  0.694
   0.05676     -3.069265  0.010  0.064  0.208  0.000  0.000  0.258  0.018  0.000  0.130  0.690
   0.08514     -3.062661  0.009  0.066  0.212  0.000  0.000  0.249  0.019  0.000  0.125  0.682
   0.11352     -3.054612  0.008  0.072  0.215  0.000  0.000  0.236  0.023  0.000  0.118  0.673
   0.14190     -3.046307  0.009  0.077  0.219  0.000  0.000  0.220  0.025  0.000  0.109  0.662
   0.17028     -3.039227  0.007  0.084  0.225  0.000  0.000  0.200  0.029  0.000  0.097  0.647
   0.19866     -3.035089  0.007  0.092  0.231  0.000  0.000  0.177  0.034  0.000  0.086  0.630
   0.22704     -3.035719  0.008  0.102  0.237  0.000  0.000  0.151  0.039  0.000  0.072  0.610
   0.25542     -3.042860  0.007  0.111  0.245  0.000  0.000  0.124  0.047  0.000  0.057  0.591
   0.28380     -3.057871  0.010  0.120  0.248  0.000  0.000  0.096  0.051  0.001  0.042  0.569
   0.31218     -3.080569  0.009  0.111  0.217  0.035  0.017  0.060  0.049  0.050  0.025  0.575
   0.34056     -3.068000  0.000  0.000  0.002  0.250  0.126  0.000  0.000  0.349  0.000  0.729
   0.36894     -3.047620  0.000  0.000  0.000  0.250  0.134  0.000  0.000  0.348  0.000  0.732
   0.39732     -3.025937  0.000  0.000  0.000  0.247  0.141  0.000  0.000  0.346  0.000  0.736
   0.42570     -3.003091  0.000  0.000  0.000  0.244  0.149  0.000  0.000  0.347  0.000  0.739
   0.45408     -2.979184  0.000  0.000  0.000  0.240  0.158  0.000  0.000  0.345  0.000  0.743
   0.48246     -2.954323  0.000  0.000  0.000  0.235  0.166  0.000  0.000  0.344  0.000  0.745
   0.51084     -2.928625  0.000  0.000  0.000  0.232  0.175  0.000  0.000  0.344  0.000  0.751
   0.53922     -2.902216  0.000  0.000  0.000  0.226  0.184  0.000  0.000  0.345  0.000  0.754
   0.56760     -2.875236  0.000  0.000  0.000  0.220  0.193  0.000  0.000  0.345  0.000  0.759
   0.59598     -2.847842  0.000  0.000  0.000  0.215  0.202  0.000  0.000  0.348  0.000  0.763
   0.62436     -2.820194  0.000  0.000  0.000  0.208  0.210  0.000  0.000  0.350  0.000  0.769
   0.65274     -2.792124  0.002  0.008  0.000  0.196  0.214  0.000  0.000  0.347  0.003  0.771
   0.68112     -2.634538  0.108  0.305  0.015  0.000  0.000  0.021  0.029  0.000  0.114  0.594
   0.70950     -2.447304  0.113  0.317  0.011  0.000  0.000  0.027  0.029  0.000  0.102  0.598
   0.73788     -2.251280  0.114  0.328  0.008  0.000  0.000  0.030  0.028  0.000  0.092  0.602
   0.76626     -2.048766  0.111  0.338  0.007  0.000  0.000  0.036  0.026  0.000  0.085  0.604
   0.79464     -1.841627  0.108  0.350  0.008  0.000  0.000  0.043  0.025  0.000  0.077  0.607
   0.82302     -1.631605  0.101  0.361  0.007  0.000  0.000  0.051  0.023  0.000  0.070  0.611
   0.85140     -1.420481  0.092  0.373  0.006  0.000  0.000  0.057  0.021  0.000  0.064  0.614
   0.87978     -1.210226  0.082  0.385  0.005  0.000  0.000  0.066  0.020  0.000  0.061  0.618
   0.90816     -1.003097  0.072  0.399  0.005  0.000  0.000  0.074  0.018  0.000  0.058  0.622
   0.93654     -0.801722  0.059  0.410  0.004  0.000  0.000  0.082  0.015  0.000  0.056  0.627
   0.96492     -0.609188  0.046  0.423  0.001  0.000  0.000  0.092  0.012  0.000  0.056  0.631
   0.99330     -0.429076  0.033  0.436  0.000  0.000  0.000  0.100  0.009  0.000  0.057  0.637
   1.02168     -0.265493  0.021  0.449  0.000  0.000  0.000  0.106  0.005  0.000  0.058  0.642
   1.05006     -0.123316  0.009  0.471  0.000  0.000  0.000  0.103  0.002  0.000  0.055  0.643
   1.07844     -0.010420  0.004  0.520  0.000  0.000  0.000  0.069  0.000  0.000  0.039  0.633
   1.10682      0.039417  0.000  0.070  0.000  0.532  0.006  0.000  0.000  0.000  0.000  0.608
   1.10682      0.039417  0.000  0.070  0.000  0.532  0.006  0.000  0.000  0.000  0.000  0.608
   1.13528     -0.005615  0.004  0.519  0.000  0.001  0.000  0.077  0.000  0.000  0.033  0.634
   1.16374     -0.107407  0.009  0.465  0.000  0.000  0.000  0.128  0.002  0.000  0.042  0.650
   1.19219     -0.232422  0.021  0.438  0.000  0.000  0.000  0.149  0.004  0.000  0.039  0.653
   1.22065     -0.372244  0.034  0.420  0.000  0.000  0.000  0.162  0.007  0.000  0.031  0.654
   1.24911     -0.521832  0.047  0.403  0.002  0.000  0.000  0.172  0.009  0.000  0.023  0.656
   1.27757     -0.677137  0.060  0.386  0.002  0.000  0.000  0.182  0.012  0.000  0.018  0.658
   1.30602     -0.834763  0.072  0.369  0.002  0.000  0.000  0.195  0.014  0.000  0.012  0.663
   1.33448     -0.991916  0.084  0.350  0.002  0.000  0.000  0.209  0.016  0.000  0.007  0.668
   1.36294     -1.146412  0.094  0.330  0.002  0.000  0.000  0.224  0.017  0.000  0.005  0.674
   1.39139     -1.296671  0.102  0.312  0.002  0.000  0.000  0.240  0.019  0.000  0.005  0.681
   1.41985     -1.441718  0.109  0.293  0.003  0.000  0.000  0.259  0.021  0.000  0.006  0.690
   1.44831     -1.581151  0.113  0.276  0.004  0.000  0.000  0.274  0.022  0.000  0.008  0.697
   1.47677     -1.715088  0.117  0.259  0.005  0.000  0.000  0.288  0.023  0.000  0.010  0.705
   1.50522     -1.844070  0.121  0.243  0.008  0.000  0.000  0.299  0.024  0.000  0.014  0.710
   1.53368     -1.968951  0.124  0.231  0.009  0.000  0.000  0.309  0.025  0.000  0.017  0.715
   1.56214     -2.090765  0.128  0.218  0.010  0.000  0.000  0.315  0.025  0.000  0.020  0.717
   1.59060     -2.210546  0.131  0.208  0.013  0.000  0.000  0.317  0.025  0.000  0.023  0.718
   1.61905     -2.329026  0.137  0.199  0.014  0.000  0.000  0.315  0.025  0.000  0.028  0.719
   1.64751     -2.445896  0.145  0.190  0.015  0.000  0.000  0.310  0.025  0.001  0.031  0.718
   1.67597     -2.557642  0.153  0.175  0.019  0.002  0.001  0.299  0.026  0.004  0.033  0.714
   1.70442     -2.647893  0.106  0.099  0.018  0.061  0.056  0.175  0.021  0.183  0.025  0.746
   1.73288     -2.686252  0.066  0.050  0.025  0.106  0.083  0.092  0.021  0.295  0.018  0.757
   1.76134     -2.643803  0.141  0.105  0.117  0.000  0.000  0.171  0.074  0.001  0.045  0.654
   1.78980     -2.529040  0.115  0.107  0.154  0.000  0.000  0.138  0.083  0.000  0.037  0.632
   1.81825     -2.397539  0.074  0.140  0.170  0.000  0.000  0.143  0.085  0.000  0.003  0.617
   1.84671     -2.432298  0.015  0.098  0.188  0.000  0.000  0.223  0.045  0.000  0.120  0.691
   1.87517     -2.524903  0.015  0.079  0.189  0.000  0.000  0.238  0.040  0.000  0.138  0.701
   1.90362     -2.611675  0.015  0.074  0.191  0.000  0.000  0.247  0.038  0.000  0.141  0.705
   1.93208     -2.690770  0.013  0.069  0.192  0.000  0.000  0.253  0.036  0.000  0.141  0.706
   1.96054     -2.762320  0.012  0.067  0.194  0.000  0.000  0.257  0.034  0.000  0.139  0.706
   1.98900     -2.826563  0.012  0.066  0.196  0.000  0.000  0.261  0.031  0.000  0.138  0.705
   2.01745     -2.883625  0.012  0.065  0.198  0.000  0.000  0.263  0.028  0.000  0.137  0.703
   2.04591     -2.933522  0.012  0.064  0.200  0.000  0.000  0.264  0.026  0.000  0.136  0.702
   2.07437     -2.976171  0.011  0.062  0.202  0.000  0.000  0.264  0.024  0.000  0.136  0.700
   2.10282     -3.011422  0.011  0.061  0.204  0.000  0.000  0.264  0.021  0.000  0.134  0.697
   2.13128     -3.039099  0.011  0.061  0.205  0.000  0.000  0.265  0.019  0.000  0.134  0.697
   2.15974     -3.059024  0.010  0.060  0.205  0.000  0.000  0.265  0.017  0.000  0.134  0.695
   2.18820     -3.071045  0.010  0.060  0.206  0.000  0.000  0.266  0.016  0.000  0.134  0.694
   2.21665     -3.075063  0.010  0.060  0.208  0.000  0.000  0.266  0.016  0.000  0.134  0.694
 
# Band-Index:   12
   2.21665     -0.817878  0.000  0.000  0.000  0.448  0.009  0.000  0.000  0.143  0.000  0.600
   2.18820     -0.825369  0.000  0.000  0.000  0.446  0.012  0.000  0.000  0.143  0.000  0.600
   2.15974     -0.846890  0.000  0.000  0.000  0.440  0.022  0.000  0.000  0.143  0.000  0.605
   2.13128     -0.879996  0.000  0.000  0.000  0.431  0.033  0.000  0.000  0.142  0.000  0.608
   2.10282     -0.921624  0.000  0.000  0.000  0.423  0.047  0.000  0.000  0.141  0.000  0.611
   2.07437     -0.968827  0.000  0.000  0.000  0.415  0.061  0.000  0.000  0.139  0.000  0.615
   2.04591     -1.019290  0.000  0.000  0.002  0.405  0.073  0.001  0.001  0.135  0.000  0.618
   2.01745     -1.127921  0.056  0.075  0.243  0.003  0.001  0.095  0.087  0.001  0.071  0.632
   1.98900     -1.300202  0.062  0.076  0.240  0.000  0.000  0.094  0.085  0.000  0.071  0.629
   1.96054     -1.479208  0.067  0.077  0.233  0.000  0.000  0.095  0.084  0.000  0.071  0.627
   1.93208     -1.661699  0.074  0.077  0.225  0.000  0.000  0.096  0.083  0.000  0.070  0.626
   1.90362     -1.844701  0.079  0.075  0.217  0.000  0.000  0.099  0.082  0.000  0.072  0.626
   1.87517     -2.024920  0.087  0.072  0.208  0.000  0.000  0.105  0.080  0.000  0.078  0.630
   1.84671     -2.196499  0.097  0.058  0.198  0.000  0.000  0.115  0.076  0.000  0.100  0.642
   1.81825     -2.290467  0.050  0.020  0.198  0.000  0.000  0.191  0.036  0.000  0.222  0.717
   1.78980     -2.190021  0.028  0.060  0.195  0.000  0.000  0.199  0.034  0.000  0.192  0.708
   1.76134     -2.061076  0.028  0.075  0.194  0.000  0.000  0.183  0.033  0.000  0.186  0.697
   1.73288     -1.917716  0.030  0.082  0.195  0.000  0.000  0.167  0.031  0.000  0.182  0.690
   1.70442     -1.761522  0.036  0.092  0.196  0.000  0.000  0.150  0.028  0.000  0.179  0.681
   1.67597     -1.594092  0.041  0.100  0.196  0.000  0.000  0.135  0.025  0.000  0.172  0.673
   1.64751     -1.417703  0.045  0.109  0.198  0.002  0.000  0.122  0.024  0.000  0.165  0.666
   1.61905     -1.307561  0.000  0.000  0.000  0.430  0.121  0.000  0.000  0.034  0.000  0.589
   1.59060     -1.263726  0.000  0.000  0.000  0.435  0.117  0.000  0.000  0.038  0.000  0.590
   1.56214     -1.211390  0.000  0.000  0.000  0.437  0.111  0.000  0.000  0.043  0.000  0.592
   1.53368     -1.151180  0.000  0.000  0.000  0.439  0.108  0.000  0.000  0.050  0.000  0.594
   1.50522     -1.083959  0.000  0.000  0.000  0.440  0.102  0.000  0.000  0.058  0.000  0.599
   1.47677     -1.010639  0.000  0.000  0.000  0.439  0.097  0.000  0.000  0.066  0.000  0.602
   1.44831     -0.932130  0.000  0.000  0.000  0.438  0.092  0.000  0.000  0.075  0.000  0.607
   1.41985     -0.849319  0.000  0.000  0.000  0.438  0.088  0.000  0.000  0.084  0.000  0.612
   1.39139     -0.763044  0.000  0.000  0.000  0.437  0.087  0.000  0.000  0.094  0.000  0.617
   1.36294     -0.674104  0.000  0.000  0.000  0.438  0.083  0.000  0.000  0.102  0.000  0.623
   1.33448     -0.583268  0.000  0.000  0.000  0.439  0.079  0.000  0.000  0.110  0.000  0.628
   1.30602     -0.491294  0.000  0.000  0.000  0.439  0.076  0.000  0.000  0.116  0.000  0.632
   1.27757     -0.398974  0.000  0.000  0.000  0.443  0.072  0.000  0.000  0.120  0.000  0.636
   1.24911     -0.307200  0.000  0.000  0.000  0.449  0.069  0.000  0.000  0.121  0.000  0.639
   1.22065     -0.217121  0.000  0.000  0.000  0.460  0.063  0.000  0.000  0.118  0.000  0.641
   1.19219     -0.130528  0.000  0.000  0.000  0.479  0.055  0.000  0.000  0.106  0.000  0.640
   1.16374     -0.050963  0.000  0.000  0.000  0.512  0.041  0.000  0.000  0.080  0.000  0.633
   1.13528      0.012853  0.000  0.000  0.000  0.564  0.021  0.000  0.000  0.034  0.000  0.619
   1.10682      0.044529  0.000  0.532  0.000  0.070  0.000  0.000  0.000  0.000  0.006  0.608
   1.10682      0.044529  0.000  0.532  0.000  0.070  0.000  0.000  0.000  0.000  0.006  0.608
   1.07844      0.019558  0.000  0.000  0.000  0.567  0.015  0.000  0.000  0.037  0.000  0.620
   1.05006     -0.028726  0.000  0.000  0.000  0.512  0.027  0.000  0.000  0.096  0.000  0.638
   1.02168     -0.087862  0.000  0.000  0.000  0.474  0.033  0.000  0.000  0.142  0.000  0.650
   0.99330     -0.149926  0.000  0.000  0.000  0.447  0.035  0.000  0.000  0.174  0.000  0.656
   0.96492     -0.211631  0.000  0.000  0.000  0.428  0.034  0.000  0.000  0.198  0.000  0.661
   0.93654     -0.271459  0.000  0.000  0.000  0.415  0.032  0.000  0.000  0.217  0.000  0.665
   0.90816     -0.328626  0.000  0.000  0.000  0.405  0.029  0.000  0.000  0.234  0.000  0.668
   0.87978     -0.382691  0.000  0.000  0.000  0.395  0.026  0.000  0.000  0.248  0.000  0.669
   0.85140     -0.433410  0.000  0.000  0.000  0.388  0.023  0.000  0.000  0.261  0.000  0.673
   0.82302     -0.480656  0.000  0.000  0.000  0.382  0.020  0.000  0.000  0.272  0.000  0.674
   0.79464     -0.524387  0.000  0.000  0.000  0.377  0.016  0.000  0.000  0.282  0.000  0.675
   0.76626     -0.564617  0.000  0.000  0.000  0.370  0.013  0.000  0.000  0.291  0.000  0.677
   0.73788     -0.601413  0.000  0.000  0.000  0.366  0.012  0.000  0.000  0.300  0.000  0.677
   0.70950     -0.634863  0.000  0.000  0.000  0.364  0.011  0.000  0.000  0.306  0.000  0.679
   0.68112     -0.665088  0.000  0.000  0.000  0.359  0.009  0.000  0.000  0.311  0.000  0.680
   0.65274     -0.692224  0.000  0.000  0.000  0.358  0.008  0.000  0.000  0.314  0.000  0.680
   0.62436     -0.716417  0.000  0.000  0.000  0.356  0.007  0.000  0.000  0.316  0.000  0.680
   0.59598     -0.737821  0.000  0.000  0.000  0.355  0.007  0.000  0.000  0.316  0.000  0.680
   0.56760     -0.756589  0.000  0.000  0.000  0.356  0.004  0.000  0.000  0.316  0.000  0.677
   0.53922     -0.772878  0.000  0.000  0.000  0.357  0.004  0.001  0.000  0.314  0.000  0.676
   0.51084     -0.786839  0.000  0.000  0.000  0.358  0.004  0.001  0.000  0.311  0.000  0.674
   0.48246     -0.798629  0.000  0.000  0.000  0.361  0.004  0.001  0.000  0.306  0.000  0.672
   0.45408     -0.808401  0.000  0.000  0.000  0.363  0.004  0.002  0.000  0.299  0.000  0.669
   0.42570     -0.816311  0.000  0.000  0.000  0.366  0.004  0.004  0.000  0.289  0.000  0.665
   0.39732     -0.822514  0.001  0.000  0.000  0.369  0.005  0.007  0.001  0.279  0.001  0.663
   0.36894     -0.827117  0.003  0.000  0.000  0.371  0.005  0.011  0.001  0.266  0.001  0.660
   0.34056     -0.830123  0.003  0.000  0.000  0.374  0.006  0.014  0.002  0.253  0.001  0.656
   0.31218     -0.831598  0.001  0.000  0.000  0.385  0.004  0.008  0.001  0.245  0.001  0.647
   0.28380     -0.831914  0.000  0.000  0.000  0.395  0.005  0.003  0.001  0.234  0.000  0.641
   0.25542     -0.831398  0.000  0.000  0.000  0.404  0.005  0.001  0.000  0.222  0.000  0.634
   0.22704     -0.830220  0.000  0.000  0.000  0.412  0.005  0.000  0.000  0.209  0.000  0.627
   0.19866     -0.828538  0.000  0.000  0.000  0.420  0.006  0.000  0.000  0.195  0.000  0.621
   0.17028     -0.826536  0.000  0.000  0.000  0.425  0.007  0.000  0.000  0.183  0.000  0.617
   0.14190     -0.824405  0.000  0.000  0.000  0.432  0.007  0.000  0.000  0.172  0.000  0.612
   0.11352     -0.822338  0.000  0.000  0.000  0.437  0.008  0.000  0.000  0.164  0.000  0.608
   0.08514     -0.820516  0.000  0.000  0.000  0.442  0.008  0.000  0.000  0.155  0.000  0.604
   0.05676     -0.819092  0.000  0.000  0.000  0.444  0.009  0.000  0.000  0.149  0.000  0.602
   0.02838     -0.818189  0.000  0.000  0.000  0.447  0.009  0.000  0.000  0.145  0.000  0.600
   0.00000     -0.817878  0.000  0.000  0.000  0.448  0.009  0.000  0.000  0.143  0.000  0.600
 
# Band-Index:   13
   0.00000     -0.385582  0.025  0.005  0.048  0.000  0.000  0.434  0.220  0.000  0.043  0.776
   0.02838     -0.415609  0.046  0.031  0.132  0.000  0.000  0.324  0.157  0.000  0.047  0.739
   0.05676     -0.457319  0.053  0.036  0.146  0.000  0.000  0.311  0.145  0.000  0.043  0.735
   0.08514     -0.501380  0.057  0.037  0.146  0.000  0.000  0.320  0.141  0.000  0.039  0.740
   0.11352     -0.546943  0.061  0.036  0.142  0.000  0.000  0.332  0.139  0.000  0.033  0.747
   0.14190     -0.593195  0.066  0.036  0.134  0.000  0.000  0.350  0.135  0.000  0.033  0.757
   0.17028     -0.638958  0.071  0.034  0.125  0.000  0.000  0.372  0.132  0.000  0.034  0.768
   0.19866     -0.682617  0.075  0.033  0.112  0.000  0.000  0.398  0.125  0.000  0.036  0.782
   0.22704     -0.722145  0.079  0.032  0.099  0.000  0.000  0.429  0.119  0.000  0.040  0.797
   0.25542     -0.755246  0.084  0.031  0.083  0.000  0.000  0.459  0.109  0.000  0.046  0.813
   0.28380     -0.779605  0.087  0.029  0.067  0.003  0.000  0.488  0.100  0.002  0.052  0.828
   0.31218     -0.793249  0.088  0.029  0.053  0.007  0.000  0.514  0.090  0.004  0.056  0.840
   0.34056     -0.794995  0.089  0.031  0.039  0.010  0.000  0.539  0.079  0.006  0.057  0.850
   0.36894     -0.784543  0.091  0.032  0.030  0.007  0.000  0.567  0.070  0.005  0.058  0.861
   0.39732     -0.762168  0.093  0.036  0.020  0.005  0.000  0.594  0.063  0.003  0.056  0.868
   0.42570     -0.728834  0.094  0.038  0.013  0.002  0.000  0.613  0.056  0.002  0.052  0.871
   0.45408     -0.686128  0.093  0.042  0.009  0.002  0.000  0.628  0.049  0.001  0.047  0.870
   0.48246     -0.635957  0.094  0.046  0.006  0.000  0.000  0.638  0.043  0.000  0.038  0.866
   0.51084     -0.580268  0.096  0.049  0.003  0.000  0.000  0.644  0.038  0.000  0.030  0.861
   0.53922     -0.520862  0.098  0.052  0.005  0.000  0.000  0.645  0.033  0.000  0.021  0.855
   0.56760     -0.459283  0.097  0.054  0.007  0.000  0.000  0.640  0.029  0.000  0.014  0.845
   0.59598     -0.396750  0.100  0.056  0.011  0.000  0.000  0.633  0.026  0.000  0.009  0.836
   0.62436     -0.334159  0.100  0.058  0.017  0.000  0.000  0.622  0.022  0.000  0.008  0.824
   0.65274     -0.272095  0.097  0.060  0.021  0.000  0.000  0.609  0.020  0.000  0.007  0.816
   0.68112     -0.210914  0.098  0.060  0.029  0.000  0.000  0.592  0.019  0.000  0.010  0.805
   0.70950     -0.150820  0.095  0.062  0.035  0.000  0.000  0.573  0.017  0.000  0.015  0.797
   0.73788     -0.091968  0.090  0.065  0.041  0.000  0.000  0.551  0.017  0.000  0.023  0.789
   0.76626     -0.034549  0.088  0.068  0.045  0.000  0.000  0.530  0.017  0.000  0.034  0.784
   0.79464      0.021096  0.083  0.074  0.048  0.000  0.000  0.509  0.017  0.000  0.049  0.777
   0.82302      0.074408  0.077  0.080  0.048  0.000  0.000  0.489  0.018  0.000  0.064  0.774
   0.85140      0.124534  0.069  0.089  0.046  0.000  0.000  0.468  0.020  0.000  0.080  0.773
   0.87978      0.170275  0.060  0.100  0.041  0.000  0.000  0.448  0.023  0.000  0.098  0.772
   0.90816      0.210081  0.051  0.113  0.033  0.000  0.000  0.429  0.026  0.000  0.116  0.770
   0.93654      0.242070  0.043  0.129  0.024  0.000  0.000  0.411  0.028  0.000  0.132  0.770
   0.96492      0.264075  0.033  0.148  0.016  0.000  0.000  0.395  0.029  0.000  0.147  0.769
   0.99330      0.273707  0.023  0.165  0.009  0.000  0.000  0.381  0.026  0.000  0.161  0.767
   1.02168      0.268460  0.013  0.182  0.005  0.000  0.000  0.370  0.020  0.000  0.171  0.764
   1.05006      0.246274  0.007  0.187  0.002  0.000  0.000  0.371  0.014  0.000  0.180  0.761
   1.07844      0.208521  0.001  0.156  0.000  0.000  0.000  0.402  0.008  0.001  0.200  0.770
   1.10682      0.179802  0.000  0.080  0.000  0.000  0.001  0.471  0.005  0.001  0.237  0.795
   1.10682      0.179802  0.000  0.080  0.000  0.000  0.001  0.471  0.005  0.001  0.237  0.795
   1.13528      0.207691  0.001  0.156  0.000  0.000  0.000  0.395  0.008  0.001  0.206  0.769
   1.16374      0.246225  0.007  0.191  0.003  0.000  0.000  0.348  0.016  0.000  0.190  0.757
   1.19219      0.270829  0.013  0.191  0.003  0.000  0.000  0.332  0.028  0.000  0.185  0.757
   1.22065      0.279558  0.023  0.178  0.006  0.000  0.000  0.328  0.044  0.000  0.179  0.757
   1.24911      0.274361  0.030  0.164  0.008  0.000  0.000  0.328  0.058  0.000  0.170  0.758
   1.27757      0.257751  0.038  0.149  0.010  0.000  0.000  0.331  0.070  0.000  0.160  0.759
   1.30602      0.231787  0.047  0.137  0.012  0.000  0.000  0.336  0.081  0.000  0.147  0.759
   1.33448      0.197353  0.058  0.130  0.011  0.000  0.000  0.340  0.082  0.000  0.133  0.755
   1.36294      0.152578  0.073  0.130  0.018  0.000  0.000  0.338  0.072  0.000  0.113  0.746
   1.39139      0.088297  0.090  0.137  0.057  0.000  0.000  0.302  0.044  0.000  0.091  0.721
   1.41985     -0.013339  0.097  0.139  0.141  0.000  0.000  0.214  0.012  0.000  0.079  0.681
   1.44831     -0.152933  0.088  0.135  0.196  0.000  0.000  0.148  0.006  0.000  0.085  0.658
   1.47677     -0.314957  0.080  0.132  0.215  0.000  0.000  0.118  0.006  0.000  0.098  0.651
   1.50522     -0.489703  0.073  0.130  0.218  0.000  0.000  0.106  0.009  0.000  0.112  0.648
   1.53368     -0.672145  0.067  0.127  0.216  0.000  0.000  0.102  0.012  0.000  0.126  0.649
   1.56214     -0.858901  0.061  0.124  0.209  0.000  0.000  0.102  0.015  0.000  0.137  0.652
   1.59060     -1.047117  0.056  0.120  0.206  0.000  0.000  0.106  0.018  0.000  0.148  0.655
   1.61905     -1.233968  0.051  0.114  0.200  0.002  0.000  0.112  0.021  0.000  0.157  0.659
   1.64751     -1.341388  0.000  0.000  0.000  0.426  0.128  0.000  0.000  0.035  0.000  0.590
   1.67597     -1.366409  0.000  0.000  0.000  0.424  0.130  0.000  0.000  0.038  0.000  0.591
   1.70442     -1.381649  0.000  0.000  0.000  0.418  0.134  0.000  0.000  0.042  0.000  0.595
   1.73288     -1.387452  0.000  0.000  0.000  0.412  0.136  0.000  0.000  0.050  0.000  0.599
   1.76134     -1.384276  0.000  0.000  0.000  0.407  0.137  0.000  0.000  0.059  0.000  0.602
   1.78980     -1.372734  0.000  0.000  0.000  0.402  0.136  0.000  0.000  0.069  0.000  0.606
   1.81825     -1.353533  0.000  0.000  0.000  0.397  0.133  0.000  0.000  0.079  0.000  0.611
   1.84671     -1.327428  0.000  0.000  0.000  0.394  0.130  0.000  0.000  0.089  0.000  0.614
   1.87517     -1.295184  0.000  0.000  0.000  0.392  0.125  0.000  0.000  0.097  0.000  0.618
   1.90362     -1.257570  0.000  0.000  0.000  0.392  0.121  0.000  0.000  0.106  0.000  0.620
   1.93208     -1.215368  0.000  0.000  0.000  0.392  0.113  0.000  0.000  0.115  0.000  0.621
   1.96054     -1.169393  0.000  0.000  0.000  0.395  0.106  0.000  0.000  0.122  0.000  0.621
   1.98900     -1.120525  0.000  0.000  0.000  0.397  0.097  0.000  0.000  0.128  0.000  0.621
   2.01745     -1.069604  0.000  0.000  0.002  0.399  0.085  0.001  0.000  0.132  0.000  0.621
   2.04591     -0.964248  0.052  0.074  0.247  0.003  0.000  0.098  0.089  0.001  0.071  0.636
   2.07437     -0.815077  0.050  0.072  0.249  0.000  0.000  0.108  0.093  0.000  0.072  0.644
   2.10282     -0.682716  0.046  0.069  0.244  0.000  0.000  0.123  0.099  0.000  0.073  0.652
   2.13128     -0.570907  0.045  0.064  0.232  0.000  0.000  0.149  0.106  0.000  0.072  0.666
   2.15974     -0.482409  0.043  0.054  0.209  0.000  0.000  0.193  0.118  0.000  0.067  0.684
   2.18820     -0.418484  0.040  0.038  0.160  0.000  0.000  0.269  0.146  0.000  0.061  0.715
   2.21665     -0.385582  0.025  0.005  0.048  0.000  0.000  0.434  0.220  0.000  0.043  0.776
 
# Band-Index:   14
   2.21665     -0.359707  0.078  0.079  0.299  0.000  0.000  0.093  0.023  0.000  0.080  0.653
   2.18820     -0.343425  0.064  0.047  0.185  0.000  0.000  0.259  0.098  0.000  0.062  0.715
   2.15974     -0.328457  0.062  0.032  0.135  0.000  0.000  0.339  0.125  0.000  0.055  0.746
   2.13128     -0.318712  0.062  0.022  0.105  0.000  0.000  0.385  0.138  0.000  0.049  0.764
   2.10282     -0.311756  0.063  0.018  0.087  0.000  0.000  0.413  0.146  0.000  0.048  0.773
   2.07437     -0.306034  0.063  0.015  0.074  0.000  0.000  0.431  0.152  0.000  0.046  0.781
   2.04591     -0.300668  0.064  0.014  0.066  0.000  0.000  0.442  0.158  0.000  0.045  0.785
   2.01745     -0.295147  0.062  0.013  0.059  0.000  0.000  0.448  0.160  0.000  0.045  0.788
   1.98900     -0.289142  0.062  0.013  0.057  0.000  0.000  0.451  0.163  0.000  0.045  0.789
   1.96054     -0.282420  0.062  0.013  0.055  0.000  0.000  0.452  0.164  0.000  0.045  0.789
   1.93208     -0.274799  0.062  0.013  0.053  0.000  0.000  0.449  0.166  0.000  0.046  0.789
   1.90362     -0.266119  0.062  0.013  0.050  0.000  0.000  0.447  0.167  0.000  0.046  0.788
   1.87517     -0.256237  0.060  0.015  0.049  0.000  0.000  0.443  0.168  0.000  0.047  0.786
   1.84671     -0.245013  0.060  0.015  0.049  0.000  0.000  0.440  0.169  0.000  0.049  0.785
   1.81825     -0.232316  0.060  0.018  0.051  0.000  0.000  0.434  0.170  0.000  0.050  0.784
   1.78980     -0.218022  0.057  0.018  0.050  0.000  0.000  0.429  0.172  0.000  0.052  0.781
   1.76134     -0.202007  0.057  0.021  0.052  0.000  0.000  0.422  0.173  0.000  0.054  0.779
   1.73288     -0.184161  0.055  0.023  0.054  0.000  0.000  0.415  0.176  0.000  0.056  0.776
   1.70442     -0.164369  0.054  0.025  0.056  0.000  0.000  0.407  0.178  0.000  0.059  0.776
   1.67597     -0.142544  0.052  0.026  0.057  0.000  0.000  0.398  0.179  0.000  0.061  0.772
   1.64751     -0.118595  0.049  0.029  0.061  0.000  0.000  0.388  0.180  0.000  0.065  0.771
   1.61905     -0.092447  0.048  0.031  0.063  0.000  0.000  0.378  0.180  0.000  0.066  0.768
   1.59060     -0.064028  0.045  0.034  0.068  0.000  0.000  0.366  0.181  0.000  0.070  0.765
   1.56214     -0.033258  0.042  0.038  0.074  0.000  0.000  0.353  0.181  0.000  0.075  0.764
   1.53368     -0.000001  0.036  0.038  0.081  0.000  0.000  0.338  0.183  0.000  0.081  0.760
   1.50522      0.036045  0.033  0.040  0.095  0.000  0.000  0.318  0.183  0.000  0.088  0.756
   1.47677      0.075680  0.025  0.041  0.115  0.000  0.000  0.292  0.180  0.000  0.095  0.751
   1.44831      0.121228  0.016  0.040  0.154  0.000  0.000  0.249  0.179  0.000  0.101  0.739
   1.41985      0.179542  0.007  0.037  0.233  0.000  0.000  0.172  0.168  0.000  0.098  0.714
   1.39139      0.263172  0.009  0.037  0.343  0.000  0.000  0.071  0.131  0.000  0.080  0.672
   1.36294      0.368551  0.020  0.043  0.409  0.000  0.000  0.025  0.095  0.000  0.056  0.647
   1.33448      0.475146  0.027  0.040  0.444  0.000  0.000  0.012  0.076  0.000  0.038  0.639
   1.30602      0.571605  0.026  0.034  0.472  0.000  0.000  0.009  0.067  0.000  0.026  0.634
   1.27757      0.654361  0.022  0.027  0.493  0.002  0.001  0.007  0.060  0.003  0.019  0.636
   1.24911      0.601051  0.000  0.000  0.000  0.203  0.191  0.000  0.000  0.384  0.000  0.778
   1.22065      0.532002  0.000  0.000  0.000  0.198  0.187  0.000  0.000  0.390  0.000  0.775
   1.19219      0.462098  0.000  0.000  0.000  0.184  0.187  0.000  0.000  0.403  0.000  0.774
   1.16374      0.394651  0.000  0.000  0.000  0.153  0.194  0.001  0.000  0.430  0.000  0.780
   1.13528      0.338255  0.000  0.000  0.000  0.102  0.213  0.001  0.000  0.476  0.000  0.793
   1.10682      0.313569  0.000  0.000  0.000  0.065  0.226  0.001  0.000  0.510  0.000  0.803
   1.10682      0.313569  0.000  0.000  0.000  0.065  0.226  0.001  0.000  0.510  0.000  0.803
   1.07844      0.336049  0.000  0.000  0.000  0.100  0.218  0.001  0.000  0.474  0.000  0.793
   1.05006      0.390380  0.000  0.000  0.000  0.152  0.209  0.001  0.000  0.416  0.000  0.779
   1.02168      0.459542  0.000  0.000  0.000  0.187  0.208  0.000  0.000  0.374  0.000  0.769
   0.99330      0.535315  0.000  0.000  0.000  0.205  0.213  0.000  0.000  0.345  0.000  0.767
   0.96492      0.614008  0.000  0.000  0.000  0.216  0.225  0.000  0.000  0.325  0.000  0.768
   0.93654      0.693499  0.000  0.000  0.002  0.217  0.240  0.000  0.001  0.310  0.000  0.771
   0.90816      0.680275  0.009  0.029  0.456  0.000  0.000  0.007  0.133  0.000  0.020  0.656
   0.87978      0.643371  0.009  0.036  0.432  0.000  0.000  0.009  0.148  0.000  0.025  0.660
   0.85140      0.607844  0.008  0.044  0.412  0.000  0.000  0.011  0.158  0.000  0.029  0.662
   0.82302      0.573711  0.008  0.050  0.396  0.000  0.000  0.013  0.165  0.000  0.032  0.665
   0.79464      0.540893  0.008  0.057  0.384  0.000  0.000  0.015  0.166  0.000  0.034  0.664
   0.76626      0.509314  0.009  0.062  0.375  0.000  0.000  0.017  0.163  0.000  0.036  0.665
   0.73788      0.478926  0.010  0.067  0.371  0.000  0.000  0.019  0.157  0.000  0.037  0.663
   0.70950      0.449706  0.010  0.072  0.368  0.000  0.000  0.023  0.148  0.000  0.038  0.660
   0.68112      0.421614  0.012  0.077  0.367  0.000  0.000  0.027  0.135  0.000  0.040  0.658
   0.65274      0.394557  0.013  0.079  0.369  0.000  0.000  0.033  0.119  0.000  0.042  0.656
   0.62436      0.368325  0.015  0.083  0.369  0.000  0.000  0.041  0.101  0.000  0.046  0.655
   0.59598      0.342545  0.018  0.085  0.367  0.000  0.000  0.052  0.084  0.000  0.053  0.655
   0.56760      0.316671  0.021  0.085  0.363  0.000  0.000  0.065  0.065  0.000  0.061  0.658
   0.53922      0.290022  0.024  0.085  0.353  0.000  0.000  0.082  0.048  0.000  0.071  0.663
   0.51084      0.261917  0.027  0.082  0.341  0.000  0.000  0.100  0.032  0.000  0.085  0.668
   0.48246      0.231875  0.030  0.079  0.322  0.000  0.000  0.119  0.024  0.000  0.100  0.676
   0.45408      0.199775  0.033  0.074  0.301  0.000  0.000  0.136  0.019  0.000  0.117  0.683
   0.42570      0.165879  0.037  0.068  0.281  0.000  0.000  0.153  0.020  0.000  0.131  0.691
   0.39732      0.130683  0.038  0.062  0.260  0.000  0.000  0.166  0.024  0.000  0.143  0.696
   0.36894      0.094742  0.042  0.057  0.243  0.000  0.000  0.179  0.030  0.000  0.150  0.699
   0.34056      0.058537  0.044  0.053  0.227  0.000  0.000  0.188  0.037  0.000  0.152  0.704
   0.31218      0.022414  0.044  0.049  0.216  0.000  0.000  0.197  0.044  0.000  0.154  0.705
   0.28380     -0.013414  0.045  0.046  0.207  0.000  0.000  0.204  0.054  0.000  0.151  0.706
   0.25542     -0.048855  0.047  0.045  0.200  0.000  0.000  0.208  0.060  0.000  0.147  0.706
   0.22704     -0.083916  0.046  0.043  0.196  0.000  0.000  0.213  0.067  0.000  0.140  0.705
   0.19866     -0.118682  0.048  0.044  0.192  0.000  0.000  0.217  0.073  0.000  0.132  0.706
   0.17028     -0.153300  0.048  0.042  0.190  0.000  0.000  0.220  0.080  0.000  0.123  0.704
   0.14190     -0.187966  0.049  0.042  0.189  0.000  0.000  0.224  0.085  0.000  0.114  0.704
   0.11352     -0.222918  0.049  0.043  0.191  0.000  0.000  0.226  0.091  0.000  0.105  0.703
   0.08514     -0.258402  0.050  0.045  0.192  0.000  0.000  0.226  0.095  0.000  0.095  0.702
   0.05676     -0.294613  0.054  0.047  0.197  0.000  0.000  0.223  0.096  0.000  0.084  0.701
   0.02838     -0.331371  0.059  0.053  0.215  0.000  0.000  0.204  0.087  0.000  0.076  0.694
   0.00000     -0.359707  0.078  0.079  0.299  0.000  0.000  0.093  0.023  0.000  0.080  0.653
 
# Band-Index:   15
   0.00000      0.224702  0.000  0.000  0.000  0.212  0.338  0.000  0.000  0.221  0.000  0.769
   0.02838      0.227036  0.000  0.000  0.000  0.211  0.338  0.000  0.000  0.219  0.000  0.769
   0.05676      0.234022  0.000  0.000  0.000  0.211  0.342  0.000  0.000  0.216  0.000  0.768
   0.08514      0.245597  0.000  0.000  0.000  0.213  0.346  0.000  0.000  0.209  0.000  0.766
   0.11352      0.261669  0.000  0.000  0.000  0.215  0.352  0.000  0.000  0.200  0.000  0.765
   0.14190      0.282117  0.000  0.000  0.000  0.215  0.360  0.000  0.000  0.190  0.000  0.764
   0.17028      0.306805  0.000  0.000  0.000  0.215  0.369  0.000  0.000  0.178  0.000  0.762
   0.19866      0.335588  0.000  0.000  0.000  0.215  0.379  0.000  0.000  0.165  0.000  0.761
   0.22704      0.368311  0.000  0.000  0.000  0.216  0.392  0.000  0.000  0.152  0.000  0.759
   0.25542      0.404826  0.000  0.000  0.000  0.215  0.404  0.000  0.000  0.137  0.000  0.757
   0.28380      0.444976  0.000  0.000  0.000  0.215  0.418  0.000  0.000  0.123  0.000  0.756
   0.31218      0.488602  0.000  0.000  0.000  0.214  0.432  0.000  0.000  0.108  0.000  0.757
   0.34056      0.535518  0.000  0.000  0.000  0.212  0.448  0.000  0.000  0.093  0.001  0.755
   0.36894      0.585406  0.000  0.000  0.002  0.208  0.461  0.000  0.001  0.081  0.003  0.756
   0.39732      0.635934  0.007  0.003  0.016  0.175  0.408  0.001  0.025  0.058  0.063  0.757
   0.42570      0.644319  0.043  0.008  0.082  0.005  0.012  0.008  0.182  0.001  0.425  0.767
   0.45408      0.646464  0.045  0.004  0.068  0.000  0.003  0.009  0.202  0.000  0.445  0.776
   0.48246      0.659085  0.045  0.003  0.052  0.000  0.001  0.010  0.217  0.000  0.458  0.786
   0.51084      0.682604  0.046  0.004  0.039  0.000  0.001  0.013  0.223  0.000  0.469  0.798
   0.53922      0.716635  0.047  0.008  0.030  0.000  0.001  0.018  0.226  0.000  0.477  0.806
   0.56760      0.760236  0.047  0.013  0.026  0.000  0.001  0.021  0.227  0.000  0.476  0.814
   0.59598      0.812088  0.050  0.021  0.025  0.000  0.001  0.024  0.226  0.000  0.472  0.817
   0.62436      0.870680  0.049  0.031  0.026  0.000  0.000  0.026  0.227  0.000  0.460  0.820
   0.65274      0.934442  0.049  0.042  0.030  0.000  0.001  0.027  0.230  0.000  0.440  0.819
   0.68112      1.001769  0.048  0.052  0.035  0.000  0.001  0.027  0.237  0.000  0.415  0.817
   0.70950      1.070937  0.049  0.064  0.039  0.000  0.001  0.027  0.251  0.000  0.380  0.812
   0.73788      1.139237  0.044  0.068  0.041  0.009  0.042  0.023  0.252  0.013  0.313  0.809
   0.76626      1.109780  0.000  0.000  0.000  0.143  0.460  0.000  0.000  0.224  0.000  0.827
   0.79464      1.056171  0.000  0.000  0.000  0.167  0.403  0.000  0.000  0.246  0.000  0.814
   0.82302      0.993337  0.000  0.000  0.000  0.185  0.355  0.000  0.000  0.263  0.000  0.804
   0.85140      0.923933  0.000  0.000  0.000  0.200  0.318  0.000  0.000  0.276  0.000  0.795
   0.87978      0.849878  0.000  0.000  0.000  0.210  0.287  0.000  0.000  0.288  0.000  0.784
   0.90816      0.772693  0.000  0.000  0.000  0.216  0.262  0.000  0.000  0.299  0.000  0.777
   0.93654      0.718478  0.009  0.022  0.483  0.002  0.001  0.005  0.114  0.001  0.015  0.652
   0.96492      0.756795  0.007  0.015  0.514  0.000  0.000  0.004  0.094  0.000  0.011  0.645
   0.99330      0.794128  0.006  0.008  0.544  0.000  0.000  0.003  0.070  0.000  0.007  0.637
   1.02168      0.828128  0.003  0.004  0.571  0.000  0.000  0.002  0.045  0.000  0.004  0.630
   1.05006      0.855866  0.003  0.002  0.595  0.000  0.000  0.001  0.023  0.000  0.002  0.624
   1.07844      0.874215  0.000  0.000  0.611  0.000  0.000  0.000  0.006  0.000  0.000  0.619
   1.10682      0.880660  0.000  0.000  0.618  0.000  0.000  0.000  0.000  0.000  0.000  0.618
   1.10682      0.880660  0.000  0.000  0.618  0.000  0.000  0.000  0.000  0.000  0.000  0.618
   1.13528      0.873931  0.000  0.000  0.610  0.000  0.000  0.000  0.006  0.000  0.001  0.620
   1.16374      0.854261  0.003  0.004  0.594  0.000  0.000  0.001  0.020  0.000  0.002  0.623
   1.19219      0.822538  0.006  0.007  0.572  0.000  0.000  0.003  0.034  0.000  0.006  0.628
   1.22065      0.779071  0.011  0.012  0.548  0.000  0.000  0.004  0.046  0.000  0.010  0.631
   1.24911      0.723373  0.018  0.019  0.523  0.000  0.000  0.006  0.053  0.000  0.014  0.633
   1.27757      0.667915  0.000  0.000  0.004  0.200  0.196  0.000  0.001  0.379  0.000  0.782
   1.30602      0.731498  0.000  0.000  0.000  0.199  0.206  0.000  0.000  0.383  0.000  0.789
   1.33448      0.791747  0.000  0.000  0.000  0.192  0.217  0.000  0.000  0.385  0.000  0.796
   1.36294      0.848386  0.000  0.000  0.000  0.185  0.229  0.000  0.000  0.387  0.000  0.802
   1.39139      0.901367  0.000  0.000  0.000  0.177  0.242  0.000  0.000  0.392  0.000  0.809
   1.41985      0.950739  0.000  0.000  0.000  0.169  0.252  0.000  0.000  0.395  0.000  0.817
   1.44831      0.996623  0.000  0.000  0.000  0.160  0.265  0.000  0.000  0.397  0.000  0.823
   1.47677      1.039189  0.000  0.000  0.000  0.152  0.278  0.000  0.000  0.400  0.000  0.829
   1.50522      1.078634  0.000  0.000  0.000  0.143  0.289  0.000  0.000  0.402  0.000  0.836
   1.53368      1.115160  0.000  0.000  0.000  0.137  0.299  0.000  0.000  0.404  0.001  0.841
   1.56214      1.135294  0.062  0.011  0.070  0.002  0.003  0.020  0.170  0.005  0.475  0.817
   1.59060      1.112889  0.069  0.009  0.074  0.000  0.000  0.018  0.162  0.000  0.481  0.814
   1.61905      1.093721  0.074  0.008  0.076  0.000  0.000  0.016  0.155  0.000  0.481  0.811
   1.64751      1.077799  0.079  0.005  0.078  0.000  0.000  0.015  0.149  0.000  0.482  0.807
   1.67597      1.065051  0.081  0.005  0.078  0.000  0.000  0.014  0.143  0.000  0.483  0.805
   1.70442      1.055412  0.086  0.002  0.078  0.000  0.000  0.013  0.137  0.000  0.483  0.801
   1.73288      1.048829  0.088  0.003  0.078  0.000  0.000  0.013  0.132  0.000  0.486  0.801
   1.76134      1.045264  0.092  0.003  0.078  0.000  0.000  0.013  0.127  0.000  0.488  0.799
   1.78980      1.044668  0.093  0.003  0.077  0.000  0.000  0.013  0.122  0.000  0.492  0.798
   1.81825      1.046994  0.093  0.003  0.076  0.000  0.000  0.011  0.117  0.000  0.495  0.798
   1.84671      1.052174  0.093  0.005  0.075  0.000  0.000  0.011  0.111  0.000  0.500  0.797
   1.87517      1.060111  0.092  0.005  0.074  0.000  0.000  0.011  0.106  0.000  0.507  0.798
   1.90362      1.016774  0.000  0.000  0.000  0.311  0.182  0.000  0.000  0.243  0.000  0.736
   1.93208      0.915658  0.000  0.000  0.000  0.301  0.206  0.000  0.000  0.231  0.000  0.739
   1.96054      0.815404  0.000  0.000  0.000  0.292  0.224  0.000  0.000  0.225  0.000  0.740
   1.98900      0.717370  0.000  0.000  0.000  0.281  0.239  0.000  0.000  0.222  0.000  0.742
   2.01745      0.622864  0.000  0.000  0.000  0.272  0.254  0.000  0.000  0.219  0.000  0.745
   2.04591      0.533331  0.000  0.000  0.000  0.263  0.268  0.000  0.000  0.217  0.000  0.748
   2.07437      0.450491  0.000  0.000  0.000  0.251  0.283  0.000  0.000  0.217  0.000  0.751
   2.10282      0.376476  0.000  0.000  0.000  0.241  0.298  0.000  0.000  0.217  0.000  0.756
   2.13128      0.313888  0.000  0.000  0.000  0.230  0.312  0.000  0.000  0.219  0.000  0.760
   2.15974      0.265758  0.000  0.000  0.000  0.220  0.325  0.000  0.000  0.221  0.000  0.765
   2.18820      0.235205  0.000  0.000  0.000  0.214  0.334  0.000  0.000  0.220  0.000  0.768
   2.21665      0.224702  0.000  0.000  0.000  0.212  0.338  0.000  0.000  0.221  0.000  0.769
 
# Band-Index:   16
   2.21665      1.232748  0.029  0.017  0.072  0.000  0.000  0.006  0.074  0.000  0.637  0.834
   2.18820      1.229994  0.030  0.017  0.072  0.000  0.000  0.006  0.074  0.000  0.635  0.834
   2.15974      1.221964  0.034  0.018  0.072  0.000  0.000  0.006  0.073  0.000  0.628  0.832
   2.13128      1.209333  0.041  0.018  0.072  0.000  0.000  0.008  0.073  0.000  0.618  0.826
   2.10282      1.193145  0.047  0.018  0.072  0.000  0.000  0.008  0.072  0.000  0.604  0.823
   2.07437      1.174634  0.056  0.016  0.071  0.000  0.000  0.008  0.074  0.000  0.590  0.817
   2.04591      1.155030  0.064  0.012  0.071  0.000  0.000  0.011  0.077  0.000  0.576  0.811
   2.01745      1.135403  0.072  0.012  0.072  0.000  0.000  0.011  0.081  0.000  0.561  0.807
   1.98900      1.116608  0.079  0.010  0.071  0.000  0.000  0.010  0.085  0.000  0.547  0.804
   1.96054      1.099287  0.083  0.009  0.071  0.000  0.000  0.012  0.090  0.000  0.536  0.802
   1.93208      1.083905  0.087  0.007  0.072  0.000  0.000  0.011  0.096  0.000  0.525  0.799
   1.90362      1.070811  0.090  0.006  0.073  0.000  0.000  0.011  0.101  0.000  0.515  0.799
   1.87517      1.117122  0.000  0.000  0.000  0.322  0.146  0.000  0.000  0.266  0.000  0.734
   1.84671      1.212923  0.000  0.000  0.000  0.333  0.084  0.000  0.000  0.318  0.000  0.734
   1.81825      1.291888  0.000  0.000  0.000  0.311  0.004  0.000  0.000  0.436  0.000  0.751
   1.78980      1.323866  0.000  0.000  0.000  0.203  0.111  0.000  0.000  0.500  0.000  0.815
   1.76134      1.319364  0.000  0.000  0.000  0.143  0.237  0.000  0.000  0.469  0.000  0.847
   1.73288      1.303806  0.000  0.000  0.000  0.122  0.289  0.000  0.000  0.446  0.000  0.857
   1.70442      1.283920  0.000  0.000  0.000  0.115  0.312  0.000  0.000  0.431  0.000  0.859
   1.67597      1.261337  0.000  0.000  0.000  0.114  0.321  0.000  0.000  0.422  0.000  0.858
   1.64751      1.236531  0.000  0.000  0.000  0.115  0.323  0.000  0.000  0.416  0.000  0.857
   1.61905      1.209606  0.000  0.000  0.000  0.120  0.321  0.000  0.000  0.412  0.000  0.853
   1.59060      1.180520  0.000  0.000  0.000  0.124  0.315  0.000  0.000  0.409  0.000  0.850
   1.56214      1.149256  0.000  0.000  0.000  0.128  0.306  0.000  0.002  0.402  0.005  0.845
   1.53368      1.161529  0.058  0.014  0.066  0.000  0.000  0.020  0.183  0.000  0.478  0.823
   1.50522      1.191067  0.052  0.019  0.059  0.000  0.000  0.023  0.198  0.000  0.475  0.827
   1.47677      1.224146  0.045  0.024  0.050  0.000  0.000  0.025  0.217  0.000  0.466  0.830
   1.44831      1.260344  0.038  0.030  0.040  0.000  0.000  0.028  0.249  0.000  0.451  0.836
   1.41985      1.298358  0.032  0.035  0.031  0.000  0.000  0.031  0.293  0.000  0.421  0.842
   1.39139      1.334965  0.026  0.040  0.020  0.000  0.000  0.032  0.359  0.000  0.367  0.847
   1.36294      1.363876  0.020  0.045  0.018  0.000  0.000  0.033  0.451  0.000  0.285  0.850
   1.33448      1.377028  0.016  0.046  0.025  0.000  0.000  0.031  0.548  0.000  0.187  0.853
   1.30602      1.370655  0.017  0.046  0.035  0.000  0.000  0.026  0.622  0.000  0.103  0.850
   1.27757      1.348369  0.018  0.043  0.043  0.000  0.000  0.021  0.669  0.000  0.053  0.848
   1.24911      1.316570  0.021  0.037  0.046  0.000  0.000  0.016  0.702  0.000  0.026  0.849
   1.22065      1.280869  0.024  0.031  0.044  0.000  0.000  0.012  0.729  0.000  0.012  0.851
   1.19219      1.245926  0.029  0.021  0.036  0.000  0.000  0.008  0.756  0.000  0.005  0.856
   1.16374      1.216117  0.032  0.012  0.026  0.000  0.000  0.006  0.784  0.000  0.002  0.862
   1.13528      1.195757  0.036  0.004  0.016  0.000  0.000  0.004  0.806  0.000  0.001  0.868
   1.10682      1.188471  0.037  0.000  0.012  0.000  0.000  0.004  0.818  0.000  0.000  0.870
   1.10682      1.188471  0.037  0.000  0.012  0.000  0.000  0.004  0.818  0.000  0.000  0.870
   1.07844      1.195240  0.036  0.004  0.016  0.000  0.000  0.004  0.806  0.000  0.000  0.868
   1.05006      1.214302  0.032  0.014  0.026  0.000  0.000  0.005  0.783  0.000  0.000  0.862
   1.02168      1.242434  0.029  0.025  0.038  0.000  0.000  0.007  0.752  0.000  0.001  0.854
   0.99330      1.275432  0.026  0.039  0.050  0.000  0.000  0.009  0.720  0.000  0.001  0.844
   0.96492      1.308818  0.023  0.051  0.061  0.000  0.000  0.012  0.688  0.000  0.002  0.835
   0.93654      1.337965  0.022  0.063  0.066  0.000  0.000  0.014  0.656  0.000  0.006  0.826
   0.90816      1.357874  0.021  0.075  0.071  0.000  0.000  0.017  0.617  0.000  0.017  0.817
   0.87978      1.363211  0.026  0.085  0.070  0.000  0.000  0.019  0.564  0.000  0.045  0.808
   0.85140      1.349654  0.032  0.093  0.067  0.000  0.000  0.022  0.497  0.000  0.093  0.801
   0.82302      1.316422  0.037  0.095  0.063  0.000  0.000  0.024  0.421  0.000  0.159  0.796
   0.79464      1.266990  0.042  0.090  0.056  0.000  0.000  0.025  0.357  0.000  0.226  0.798
   0.76626      1.206717  0.045  0.084  0.049  0.000  0.000  0.025  0.309  0.000  0.289  0.802
   0.73788      1.151562  0.003  0.006  0.004  0.110  0.486  0.002  0.021  0.177  0.027  0.834
   0.70950      1.173795  0.000  0.000  0.000  0.098  0.598  0.000  0.000  0.147  0.001  0.842
   0.68112      1.174574  0.000  0.000  0.000  0.087  0.654  0.000  0.000  0.097  0.000  0.840
   0.65274      1.152476  0.000  0.000  0.000  0.095  0.675  0.000  0.000  0.058  0.000  0.830
   0.62436      1.111995  0.000  0.000  0.000  0.112  0.666  0.000  0.000  0.033  0.000  0.814
   0.59598      1.059662  0.000  0.000  0.000  0.133  0.644  0.000  0.000  0.024  0.001  0.801
   0.56760      1.000850  0.000  0.000  0.000  0.150  0.617  0.000  0.000  0.022  0.001  0.790
   0.53922      0.939096  0.000  0.000  0.000  0.165  0.588  0.000  0.000  0.024  0.001  0.779
   0.51084      0.876590  0.000  0.000  0.000  0.176  0.564  0.000  0.000  0.031  0.001  0.772
   0.48246      0.814712  0.000  0.000  0.000  0.185  0.540  0.000  0.000  0.039  0.002  0.767
   0.45408      0.754397  0.000  0.000  0.000  0.192  0.519  0.000  0.001  0.048  0.003  0.764
   0.42570      0.696606  0.000  0.000  0.002  0.195  0.490  0.000  0.005  0.057  0.011  0.759
   0.39732      0.658074  0.038  0.010  0.083  0.030  0.074  0.007  0.139  0.011  0.367  0.759
   0.36894      0.674460  0.045  0.016  0.109  0.002  0.004  0.011  0.142  0.000  0.426  0.754
   0.34056      0.702631  0.045  0.019  0.119  0.000  0.001  0.014  0.121  0.000  0.432  0.750
   0.31218      0.739810  0.048  0.021  0.125  0.000  0.000  0.017  0.098  0.000  0.441  0.750
   0.28380      0.785088  0.047  0.024  0.128  0.000  0.000  0.020  0.076  0.000  0.453  0.752
   0.25542      0.837400  0.049  0.027  0.129  0.000  0.000  0.022  0.056  0.000  0.470  0.752
   0.22704      0.895269  0.050  0.028  0.127  0.000  0.000  0.024  0.039  0.000  0.493  0.758
   0.19866      0.956621  0.047  0.028  0.124  0.000  0.000  0.024  0.024  0.000  0.518  0.766
   0.17028      1.018703  0.046  0.029  0.117  0.000  0.000  0.021  0.017  0.000  0.545  0.775
   0.14190      1.078161  0.044  0.027  0.109  0.000  0.000  0.019  0.017  0.000  0.570  0.787
   0.11352      1.131374  0.038  0.025  0.100  0.000  0.000  0.015  0.024  0.000  0.595  0.801
   0.08514      1.175091  0.035  0.023  0.089  0.000  0.000  0.011  0.039  0.000  0.616  0.813
   0.05676      1.207078  0.031  0.021  0.080  0.000  0.000  0.007  0.056  0.000  0.629  0.824
   0.02838      1.226342  0.030  0.019  0.073  0.000  0.000  0.006  0.069  0.000  0.635  0.832
   0.00000      1.232748  0.029  0.017  0.072  0.000  0.000  0.006  0.074  0.000  0.637  0.834
 
# Band-Index:   17
   0.00000      1.508191  0.000  0.000  0.000  0.043  0.514  0.000  0.000  0.355  0.000  0.912
   0.02838      1.509542  0.000  0.000  0.000  0.043  0.513  0.000  0.000  0.355  0.000  0.912
   0.05676      1.513561  0.000  0.000  0.000  0.045  0.510  0.000  0.000  0.356  0.000  0.912
   0.08514      1.520141  0.000  0.000  0.000  0.049  0.505  0.000  0.001  0.356  0.000  0.909
   0.11352      1.529106  0.000  0.000  0.000  0.055  0.497  0.000  0.001  0.357  0.000  0.908
   0.14190      1.540210  0.000  0.000  0.000  0.059  0.487  0.000  0.001  0.359  0.000  0.906
   0.17028      1.553136  0.000  0.000  0.000  0.066  0.475  0.000  0.001  0.361  0.000  0.903
   0.19866      1.567503  0.000  0.000  0.000  0.075  0.462  0.000  0.001  0.362  0.000  0.900
   0.22704      1.582857  0.000  0.000  0.000  0.085  0.447  0.000  0.001  0.364  0.000  0.895
   0.25542      1.598695  0.000  0.000  0.000  0.096  0.430  0.000  0.001  0.366  0.000  0.891
   0.28380      1.614458  0.000  0.000  0.000  0.107  0.411  0.000  0.001  0.368  0.000  0.887
   0.31218      1.629543  0.000  0.000  0.000  0.120  0.391  0.000  0.000  0.370  0.000  0.882
   0.34056      1.643322  0.000  0.000  0.000  0.134  0.370  0.000  0.000  0.372  0.000  0.876
   0.36894      1.655157  0.000  0.000  0.000  0.149  0.346  0.000  0.000  0.371  0.000  0.869
   0.39732      1.664429  0.000  0.000  0.000  0.165  0.322  0.000  0.000  0.372  0.000  0.862
   0.42570      1.670564  0.000  0.000  0.000  0.183  0.298  0.000  0.000  0.373  0.000  0.854
   0.45408      1.673082  0.000  0.000  0.000  0.200  0.270  0.000  0.000  0.374  0.000  0.845
   0.48246      1.671658  0.000  0.000  0.000  0.221  0.241  0.000  0.000  0.373  0.000  0.835
   0.51084      1.666203  0.000  0.000  0.000  0.242  0.209  0.000  0.000  0.372  0.000  0.824
   0.53922      1.656997  0.000  0.000  0.000  0.266  0.175  0.000  0.000  0.369  0.000  0.811
   0.56760      1.644896  0.000  0.000  0.000  0.292  0.139  0.000  0.000  0.363  0.000  0.796
   0.59598      1.631672  0.000  0.000  0.000  0.322  0.102  0.000  0.000  0.355  0.000  0.779
   0.62436      1.620562  0.000  0.000  0.000  0.351  0.070  0.000  0.000  0.337  0.000  0.759
   0.65274      1.616725  0.000  0.000  0.000  0.379  0.053  0.000  0.000  0.306  0.000  0.739
   0.68112      1.626574  0.000  0.000  0.000  0.396  0.065  0.000  0.000  0.262  0.000  0.723
   0.70950      1.654550  0.000  0.000  0.000  0.396  0.113  0.000  0.000  0.207  0.000  0.716
   0.73788      1.699927  0.000  0.000  0.000  0.382  0.177  0.000  0.000  0.160  0.000  0.718
   0.76626      1.758189  0.000  0.000  0.000  0.363  0.238  0.000  0.000  0.123  0.000  0.726
   0.79464      1.824430  0.000  0.000  0.000  0.347  0.290  0.000  0.000  0.097  0.000  0.735
   0.82302      1.832134  0.026  0.078  0.069  0.000  0.000  0.024  0.226  0.000  0.427  0.849
   0.85140      1.848832  0.034  0.091  0.062  0.000  0.000  0.025  0.154  0.000  0.472  0.835
   0.87978      1.883566  0.039  0.109  0.056  0.000  0.000  0.025  0.093  0.000  0.498  0.820
   0.90816      1.936000  0.041  0.129  0.050  0.000  0.000  0.026  0.050  0.000  0.505  0.804
   0.93654      2.002357  0.040  0.150  0.042  0.000  0.000  0.027  0.029  0.000  0.499  0.788
   0.96492      2.077857  0.036  0.172  0.038  0.000  0.000  0.028  0.017  0.000  0.487  0.781
   0.99330      2.157824  0.031  0.195  0.032  0.000  0.001  0.029  0.011  0.000  0.478  0.778
   1.02168      2.237060  0.021  0.218  0.023  0.002  0.002  0.030  0.007  0.000  0.474  0.781
   1.05006      2.308092  0.012  0.240  0.014  0.006  0.010  0.033  0.005  0.001  0.472  0.793
   1.07844      2.357210  0.002  0.178  0.003  0.096  0.163  0.025  0.000  0.014  0.325  0.808
   1.10682      2.368866  0.000  0.052  0.000  0.230  0.395  0.006  0.000  0.031  0.093  0.810
   1.10682      2.368866  0.000  0.052  0.000  0.230  0.395  0.006  0.000  0.031  0.093  0.810
   1.13528      2.353503  0.004  0.242  0.003  0.028  0.048  0.032  0.000  0.004  0.442  0.806
   1.16374      2.286938  0.012  0.245  0.015  0.002  0.002  0.033  0.004  0.000  0.478  0.791
   1.19219      2.194557  0.018  0.222  0.025  0.000  0.000  0.031  0.005  0.000  0.473  0.778
   1.22065      2.092253  0.024  0.201  0.035  0.000  0.000  0.030  0.009  0.000  0.470  0.770
   1.24911      1.990390  0.027  0.182  0.048  0.000  0.000  0.028  0.015  0.000  0.468  0.767
   1.27757      1.897155  0.029  0.165  0.066  0.000  0.000  0.027  0.029  0.000  0.453  0.766
   1.30602      1.820554  0.029  0.149  0.092  0.000  0.000  0.025  0.060  0.000  0.414  0.766
   1.33448      1.768589  0.028  0.132  0.118  0.000  0.000  0.023  0.124  0.000  0.343  0.768
   1.36294      1.745608  0.024  0.120  0.144  0.000  0.000  0.025  0.210  0.000  0.250  0.773
   1.39139      1.747671  0.021  0.110  0.157  0.000  0.000  0.028  0.294  0.000  0.169  0.780
   1.41985      1.765823  0.019  0.102  0.164  0.000  0.000  0.035  0.354  0.000  0.114  0.786
   1.44831      1.792484  0.017  0.096  0.165  0.000  0.000  0.041  0.394  0.000  0.079  0.792
   1.47677      1.823058  0.014  0.091  0.167  0.000  0.000  0.047  0.419  0.000  0.056  0.798
   1.50522      1.854971  0.014  0.088  0.166  0.000  0.000  0.054  0.437  0.000  0.042  0.801
   1.53368      1.886741  0.013  0.086  0.165  0.000  0.000  0.061  0.449  0.000  0.033  0.806
   1.56214      1.917445  0.013  0.082  0.164  0.000  0.000  0.068  0.459  0.000  0.026  0.811
   1.59060      1.946449  0.012  0.081  0.162  0.000  0.000  0.072  0.466  0.000  0.020  0.815
   1.61905      1.965043  0.000  0.000  0.000  0.321  0.346  0.000  0.000  0.106  0.000  0.775
   1.64751      1.892057  0.000  0.000  0.000  0.316  0.349  0.000  0.000  0.110  0.000  0.773
   1.67597      1.813158  0.000  0.000  0.000  0.309  0.356  0.000  0.000  0.108  0.000  0.773
   1.70442      1.729188  0.000  0.000  0.000  0.299  0.372  0.000  0.000  0.104  0.000  0.774
   1.73288      1.641426  0.000  0.000  0.000  0.282  0.400  0.000  0.000  0.094  0.000  0.779
   1.76134      1.552357  0.000  0.000  0.000  0.254  0.460  0.000  0.000  0.075  0.000  0.789
   1.78980      1.469572  0.000  0.000  0.000  0.186  0.589  0.000  0.000  0.048  0.000  0.824
   1.81825      1.419364  0.000  0.000  0.000  0.068  0.704  0.000  0.000  0.114  0.000  0.887
   1.84671      1.413086  0.000  0.000  0.000  0.037  0.634  0.000  0.000  0.234  0.000  0.906
   1.87517      1.421463  0.000  0.000  0.000  0.039  0.579  0.000  0.000  0.288  0.000  0.906
   1.90362      1.432926  0.000  0.000  0.000  0.042  0.549  0.000  0.000  0.313  0.000  0.906
   1.93208      1.444761  0.000  0.000  0.000  0.042  0.535  0.000  0.000  0.329  0.000  0.906
   1.96054      1.456109  0.000  0.000  0.000  0.045  0.527  0.000  0.000  0.337  0.000  0.906
   1.98900      1.466615  0.000  0.000  0.000  0.045  0.522  0.000  0.000  0.343  0.000  0.907
   2.01745      1.476106  0.000  0.000  0.000  0.042  0.519  0.000  0.000  0.347  0.000  0.908
   2.04591      1.484472  0.000  0.000  0.000  0.043  0.516  0.000  0.000  0.350  0.000  0.910
   2.07437      1.491640  0.000  0.000  0.000  0.043  0.515  0.000  0.000  0.351  0.000  0.910
   2.10282      1.497561  0.000  0.000  0.000  0.043  0.515  0.000  0.000  0.353  0.000  0.911
   2.13128      1.502198  0.000  0.000  0.000  0.043  0.515  0.000  0.000  0.354  0.000  0.912
   2.15974      1.505523  0.000  0.000  0.000  0.043  0.514  0.000  0.000  0.354  0.000  0.912
   2.18820      1.507523  0.000  0.000  0.000  0.043  0.514  0.000  0.000  0.355  0.000  0.913
   2.21665      1.508191  0.000  0.000  0.000  0.043  0.514  0.000  0.000  0.355  0.000  0.912
 
# Band-Index:   18
   2.21665      1.708454  0.083  0.037  0.055  0.000  0.000  0.179  0.487  0.000  0.002  0.843
   2.18820      1.713009  0.083  0.037  0.056  0.000  0.000  0.178  0.487  0.000  0.002  0.842
   2.15974      1.726461  0.084  0.036  0.056  0.000  0.000  0.175  0.485  0.000  0.004  0.840
   2.13128      1.748131  0.086  0.037  0.058  0.000  0.000  0.172  0.481  0.000  0.006  0.840
   2.10282      1.776837  0.085  0.036  0.060  0.000  0.000  0.168  0.479  0.000  0.008  0.839
   2.07437      1.810982  0.082  0.038  0.064  0.000  0.000  0.164  0.479  0.000  0.010  0.839
   2.04591      1.848665  0.078  0.040  0.070  0.000  0.000  0.159  0.480  0.000  0.012  0.841
   2.01745      1.887845  0.070  0.042  0.077  0.000  0.000  0.157  0.483  0.000  0.014  0.841
   1.98900      1.926468  0.064  0.044  0.083  0.000  0.000  0.154  0.487  0.000  0.014  0.844
   1.96054      1.962597  0.053  0.047  0.092  0.000  0.000  0.150  0.491  0.000  0.013  0.849
   1.93208      1.994554  0.046  0.050  0.100  0.000  0.000  0.147  0.496  0.000  0.011  0.850
   1.90362      2.021063  0.037  0.053  0.109  0.000  0.000  0.141  0.501  0.000  0.011  0.852
   1.87517      2.041336  0.030  0.056  0.117  0.000  0.000  0.137  0.503  0.000  0.007  0.852
   1.84671      2.055074  0.022  0.060  0.124  0.000  0.000  0.132  0.503  0.000  0.006  0.852
   1.81825      2.062375  0.018  0.062  0.131  0.000  0.000  0.127  0.503  0.000  0.006  0.848
   1.78980      2.063609  0.016  0.065  0.137  0.000  0.000  0.121  0.500  0.000  0.006  0.846
   1.76134      2.059297  0.014  0.066  0.143  0.000  0.000  0.114  0.497  0.000  0.007  0.841
   1.73288      2.049994  0.013  0.069  0.148  0.000  0.000  0.106  0.492  0.000  0.008  0.837
   1.70442      2.036254  0.011  0.071  0.152  0.000  0.000  0.099  0.488  0.000  0.009  0.833
   1.67597      2.018580  0.011  0.074  0.154  0.000  0.000  0.093  0.482  0.000  0.012  0.828
   1.64751      1.997439  0.011  0.076  0.159  0.000  0.000  0.086  0.479  0.000  0.014  0.824
   1.61905      1.973256  0.011  0.079  0.161  0.000  0.000  0.079  0.473  0.000  0.017  0.819
   1.59060      2.031523  0.000  0.000  0.000  0.326  0.347  0.000  0.000  0.103  0.000  0.776
   1.56214      2.091127  0.000  0.000  0.000  0.328  0.350  0.000  0.000  0.099  0.000  0.777
   1.53368      2.143684  0.000  0.000  0.000  0.329  0.356  0.000  0.000  0.094  0.000  0.778
   1.50522      2.189227  0.000  0.000  0.000  0.331  0.364  0.000  0.000  0.087  0.000  0.781
   1.47677      2.227993  0.000  0.000  0.000  0.330  0.372  0.000  0.000  0.082  0.000  0.783
   1.44831      2.260392  0.000  0.000  0.000  0.328  0.382  0.000  0.000  0.075  0.000  0.785
   1.41985      2.286974  0.000  0.000  0.000  0.324  0.394  0.000  0.000  0.070  0.000  0.788
   1.39139      2.308385  0.000  0.000  0.000  0.321  0.405  0.000  0.000  0.063  0.000  0.790
   1.36294      2.325323  0.000  0.000  0.000  0.316  0.416  0.000  0.000  0.058  0.000  0.792
   1.33448      2.338493  0.000  0.000  0.000  0.311  0.428  0.000  0.000  0.055  0.000  0.795
   1.30602      2.348562  0.000  0.000  0.000  0.307  0.440  0.000  0.000  0.051  0.000  0.798
   1.27757      2.356138  0.000  0.000  0.000  0.302  0.452  0.000  0.000  0.047  0.000  0.802
   1.24911      2.361745  0.000  0.000  0.000  0.296  0.463  0.000  0.000  0.044  0.000  0.804
   1.22065      2.365816  0.000  0.000  0.000  0.292  0.470  0.000  0.000  0.041  0.000  0.807
   1.19219      2.368707  0.000  0.000  0.000  0.289  0.477  0.000  0.000  0.040  0.000  0.808
   1.16374      2.370779  0.000  0.002  0.000  0.285  0.482  0.000  0.000  0.038  0.002  0.810
   1.13528      2.373389  0.000  0.026  0.000  0.256  0.439  0.004  0.000  0.034  0.049  0.811
   1.10682      2.384174  0.000  0.226  0.000  0.054  0.092  0.030  0.000  0.006  0.403  0.815
   1.10682      2.384174  0.000  0.226  0.000  0.054  0.092  0.030  0.000  0.006  0.403  0.815
   1.07844      2.369751  0.002  0.091  0.002  0.188  0.322  0.013  0.000  0.026  0.166  0.809
   1.05006      2.347896  0.000  0.006  0.000  0.279  0.471  0.001  0.000  0.037  0.010  0.807
   1.02168      2.317379  0.000  0.002  0.000  0.286  0.472  0.000  0.000  0.041  0.002  0.802
   0.99330      2.276654  0.000  0.000  0.000  0.290  0.464  0.000  0.000  0.043  0.001  0.797
   0.96492      2.226794  0.000  0.000  0.000  0.294  0.452  0.000  0.000  0.044  0.001  0.790
   0.93654      2.169242  0.000  0.000  0.000  0.298  0.435  0.000  0.000  0.048  0.000  0.782
   0.90816      2.105574  0.000  0.000  0.000  0.304  0.415  0.000  0.000  0.052  0.000  0.773
   0.87978      2.037441  0.000  0.000  0.000  0.312  0.393  0.000  0.000  0.059  0.000  0.764
   0.85140      1.966567  0.000  0.000  0.000  0.321  0.365  0.000  0.000  0.067  0.000  0.754
   0.82302      1.894830  0.000  0.000  0.000  0.332  0.331  0.000  0.000  0.079  0.000  0.744
   0.79464      1.829684  0.021  0.070  0.074  0.000  0.000  0.025  0.293  0.000  0.379  0.858
   0.76626      1.836001  0.015  0.064  0.077  0.000  0.000  0.026  0.346  0.000  0.338  0.864
   0.73788      1.846374  0.009  0.063  0.079  0.000  0.000  0.029  0.388  0.000  0.304  0.870
   0.70950      1.857552  0.006  0.060  0.079  0.000  0.000  0.029  0.421  0.000  0.277  0.873
   0.68112      1.867486  0.005  0.059  0.078  0.000  0.000  0.032  0.447  0.000  0.256  0.875
   0.65274      1.874949  0.002  0.058  0.075  0.000  0.000  0.034  0.469  0.000  0.239  0.878
   0.62436      1.879252  0.002  0.055  0.073  0.000  0.000  0.037  0.488  0.000  0.224  0.879
   0.59598      1.880060  0.000  0.054  0.070  0.000  0.000  0.041  0.505  0.000  0.211  0.882
   0.56760      1.877301  0.001  0.052  0.066  0.000  0.000  0.045  0.520  0.000  0.200  0.884
   0.53922      1.871086  0.001  0.051  0.061  0.000  0.000  0.049  0.534  0.000  0.189  0.885
   0.51084      1.861678  0.002  0.048  0.057  0.000  0.000  0.053  0.546  0.000  0.180  0.887
   0.48246      1.849447  0.006  0.046  0.053  0.000  0.000  0.060  0.558  0.000  0.169  0.888
   0.45408      1.834841  0.008  0.044  0.049  0.000  0.000  0.065  0.567  0.000  0.159  0.889
   0.42570      1.818372  0.010  0.041  0.043  0.000  0.000  0.071  0.575  0.000  0.150  0.891
   0.39732      1.800590  0.015  0.038  0.039  0.000  0.000  0.077  0.581  0.000  0.141  0.891
   0.36894      1.782081  0.018  0.036  0.034  0.000  0.000  0.083  0.588  0.000  0.131  0.892
   0.34056      1.763443  0.023  0.035  0.030  0.000  0.000  0.089  0.594  0.000  0.120  0.891
   0.31218      1.745288  0.027  0.032  0.028  0.000  0.000  0.097  0.598  0.000  0.109  0.892
   0.28380      1.728246  0.031  0.029  0.024  0.000  0.000  0.106  0.601  0.000  0.098  0.890
   0.25542      1.712971  0.036  0.028  0.023  0.000  0.001  0.114  0.603  0.000  0.083  0.889
   0.22704      1.700147  0.042  0.027  0.023  0.000  0.001  0.122  0.602  0.000  0.069  0.888
   0.19866      1.690481  0.048  0.027  0.023  0.000  0.001  0.131  0.599  0.000  0.055  0.884
   0.17028      1.684643  0.053  0.028  0.025  0.000  0.001  0.142  0.591  0.000  0.038  0.878
   0.14190      1.683119  0.060  0.028  0.029  0.000  0.001  0.152  0.577  0.000  0.024  0.873
   0.11352      1.685912  0.067  0.029  0.034  0.000  0.001  0.160  0.558  0.000  0.012  0.865
   0.08514      1.692132  0.074  0.031  0.042  0.000  0.001  0.170  0.534  0.000  0.004  0.856
   0.05676      1.699765  0.078  0.034  0.048  0.000  0.000  0.175  0.512  0.000  0.001  0.849
   0.02838      1.706032  0.080  0.036  0.054  0.000  0.000  0.178  0.494  0.000  0.002  0.846
   0.00000      1.708454  0.083  0.037  0.055  0.000  0.000  0.179  0.487  0.000  0.002  0.843
 
# Band-Index:   19
   0.00000      3.007914  0.311  0.091  0.046  0.000  0.000  0.043  0.004  0.000  0.025  0.520
   0.02838      3.008619  0.310  0.092  0.045  0.000  0.000  0.043  0.005  0.000  0.027  0.521
   0.05676      3.011188  0.309  0.091  0.041  0.000  0.000  0.042  0.006  0.000  0.033  0.523
   0.08514      3.016753  0.307  0.091  0.038  0.000  0.000  0.041  0.008  0.000  0.038  0.526
   0.11352      3.026644  0.306  0.092  0.033  0.000  0.000  0.041  0.010  0.000  0.047  0.529
   0.14190      3.041995  0.305  0.092  0.027  0.000  0.000  0.040  0.011  0.000  0.056  0.531
   0.17028      3.063615  0.303  0.092  0.022  0.000  0.000  0.039  0.015  0.000  0.064  0.534
   0.19866      3.092023  0.300  0.092  0.018  0.000  0.000  0.039  0.015  0.000  0.071  0.536
   0.22704      3.127560  0.300  0.093  0.015  0.000  0.000  0.040  0.015  0.000  0.075  0.538
   0.25542      3.170486  0.299  0.093  0.012  0.000  0.000  0.039  0.015  0.000  0.078  0.538
   0.28380      3.221047  0.296  0.093  0.013  0.000  0.000  0.039  0.014  0.000  0.081  0.537
   0.31218      3.279513  0.296  0.094  0.011  0.000  0.000  0.041  0.013  0.000  0.082  0.537
   0.34056      3.346189  0.295  0.095  0.011  0.000  0.000  0.042  0.011  0.000  0.083  0.536
   0.36894      3.421415  0.293  0.095  0.009  0.000  0.000  0.042  0.010  0.000  0.082  0.534
   0.39732      3.505537  0.290  0.097  0.009  0.000  0.000  0.045  0.009  0.000  0.081  0.534
   0.42570      3.598879  0.289  0.098  0.010  0.000  0.000  0.047  0.007  0.000  0.082  0.532
   0.45408      3.701654  0.286  0.098  0.010  0.000  0.000  0.050  0.007  0.000  0.082  0.532
   0.48246      3.813805  0.282  0.098  0.009  0.000  0.000  0.052  0.006  0.000  0.081  0.529
   0.51084      3.934580  0.277  0.096  0.008  0.000  0.000  0.058  0.007  0.000  0.081  0.526
   0.53922      4.061212  0.266  0.091  0.006  0.000  0.000  0.061  0.008  0.000  0.086  0.521
   0.56760      4.184363  0.239  0.083  0.006  0.000  0.000  0.062  0.015  0.000  0.093  0.498
   0.59598      4.283953  0.187  0.085  0.016  0.000  0.000  0.050  0.028  0.000  0.094  0.460
   0.62436      4.355856  0.150  0.098  0.033  0.000  0.000  0.039  0.035  0.000  0.083  0.435
   0.65274      4.412678  0.128  0.108  0.043  0.000  0.000  0.030  0.039  0.000  0.075  0.424
   0.68112      4.458834  0.114  0.117  0.053  0.000  0.000  0.025  0.041  0.000  0.066  0.417
   0.70950      4.492818  0.103  0.124  0.063  0.000  0.000  0.022  0.043  0.000  0.056  0.412
   0.73788      4.510459  0.096  0.129  0.074  0.000  0.000  0.021  0.045  0.000  0.049  0.410
   0.76626      4.506289  0.091  0.129  0.085  0.000  0.000  0.017  0.046  0.000  0.040  0.411
   0.79464      4.475107  0.090  0.129  0.094  0.000  0.000  0.016  0.051  0.000  0.032  0.414
   0.82302      4.414149  0.094  0.127  0.104  0.000  0.000  0.015  0.054  0.000  0.027  0.420
   0.85140      4.324583  0.099  0.121  0.112  0.000  0.000  0.015  0.055  0.000  0.025  0.428
   0.87978      4.210952  0.105  0.116  0.115  0.000  0.000  0.014  0.057  0.000  0.027  0.435
   0.90816      4.079218  0.109  0.110  0.119  0.000  0.000  0.013  0.059  0.000  0.030  0.440
   0.93654      3.935309  0.111  0.102  0.124  0.000  0.000  0.013  0.059  0.000  0.034  0.442
   0.96492      3.785021  0.114  0.090  0.129  0.000  0.000  0.012  0.060  0.000  0.036  0.440
   0.99330      3.634961  0.118  0.077  0.135  0.000  0.000  0.010  0.060  0.000  0.036  0.433
   1.02168      3.493769  0.126  0.056  0.142  0.000  0.000  0.007  0.059  0.000  0.030  0.421
   1.05006      3.373263  0.136  0.032  0.152  0.000  0.000  0.004  0.059  0.000  0.019  0.404
   1.07844      3.289126  0.146  0.010  0.160  0.000  0.000  0.002  0.062  0.000  0.006  0.387
   1.10682      3.258333  0.150  0.000  0.165  0.000  0.000  0.000  0.062  0.000  0.000  0.377
   1.10682      3.258333  0.150  0.000  0.165  0.000  0.000  0.000  0.062  0.000  0.000  0.377
   1.13528      3.289090  0.146  0.010  0.160  0.000  0.000  0.002  0.062  0.000  0.006  0.387
   1.16374      3.372003  0.136  0.032  0.152  0.000  0.000  0.004  0.061  0.000  0.018  0.403
   1.19219      3.489141  0.129  0.053  0.143  0.000  0.000  0.006  0.058  0.000  0.027  0.419
   1.22065      3.625956  0.121  0.072  0.138  0.000  0.000  0.009  0.059  0.000  0.031  0.429
   1.24911      3.773009  0.118  0.084  0.133  0.000  0.000  0.010  0.058  0.000  0.030  0.436
   1.27757      3.924170  0.117  0.094  0.129  0.000  0.000  0.012  0.060  0.000  0.027  0.439
   1.30602      4.075090  0.115  0.101  0.128  0.000  0.000  0.013  0.060  0.000  0.023  0.440
   1.33448      4.222204  0.111  0.107  0.126  0.000  0.000  0.014  0.063  0.000  0.020  0.440
   1.36294      4.362108  0.108  0.109  0.125  0.000  0.000  0.014  0.064  0.000  0.016  0.437
   1.39139      4.491309  0.103  0.112  0.122  0.000  0.000  0.015  0.066  0.000  0.019  0.437
   1.41985      4.606352  0.099  0.112  0.118  0.000  0.000  0.016  0.067  0.000  0.022  0.436
   1.44831      4.704343  0.095  0.110  0.113  0.000  0.000  0.017  0.069  0.000  0.030  0.436
   1.47677      4.783600  0.093  0.110  0.109  0.000  0.000  0.017  0.071  0.000  0.040  0.439
   1.50522      4.843818  0.094  0.108  0.104  0.000  0.000  0.017  0.073  0.000  0.049  0.445
   1.53368      4.883063  0.106  0.109  0.109  0.000  0.000  0.014  0.065  0.000  0.048  0.451
   1.56214      4.815837  0.251  0.123  0.068  0.000  0.000  0.039  0.003  0.000  0.099  0.583
   1.59060      4.649831  0.256  0.118  0.050  0.000  0.000  0.049  0.000  0.000  0.122  0.594
   1.61905      4.478590  0.254  0.113  0.046  0.000  0.000  0.048  0.000  0.000  0.129  0.591
   1.64751      4.309500  0.256  0.109  0.041  0.000  0.000  0.046  0.000  0.000  0.133  0.587
   1.67597      4.145557  0.258  0.105  0.039  0.000  0.000  0.045  0.001  0.000  0.135  0.584
   1.70442      3.988672  0.260  0.101  0.037  0.000  0.000  0.043  0.001  0.000  0.136  0.580
   1.73288      3.840245  0.265  0.096  0.035  0.000  0.000  0.041  0.002  0.000  0.136  0.576
   1.76134      3.701420  0.267  0.092  0.035  0.000  0.000  0.038  0.003  0.000  0.135  0.573
   1.78980      3.573188  0.271  0.090  0.034  0.000  0.000  0.036  0.005  0.000  0.135  0.570
   1.81825      3.456452  0.274  0.086  0.035  0.000  0.000  0.034  0.007  0.000  0.132  0.569
   1.84671      3.352021  0.274  0.084  0.035  0.000  0.000  0.033  0.011  0.000  0.128  0.566
   1.87517      3.260561  0.275  0.082  0.039  0.000  0.000  0.030  0.017  0.000  0.123  0.565
   1.90362      3.182493  0.274  0.081  0.040  0.000  0.000  0.030  0.025  0.000  0.116  0.566
   1.93208      3.117896  0.272  0.079  0.044  0.000  0.000  0.030  0.033  0.000  0.107  0.567
   1.96054      3.066462  0.272  0.079  0.046  0.000  0.000  0.031  0.041  0.000  0.098  0.567
   1.98900      3.027521  0.269  0.080  0.048  0.000  0.000  0.033  0.048  0.000  0.089  0.568
   2.01745      3.000154  0.270  0.080  0.051  0.000  0.000  0.035  0.054  0.000  0.077  0.567
   2.04591      2.983320  0.272  0.080  0.052  0.000  0.000  0.037  0.055  0.000  0.066  0.564
   2.07437      2.975907  0.276  0.082  0.053  0.000  0.000  0.040  0.052  0.000  0.056  0.559
   2.10282      2.976636  0.283  0.084  0.052  0.000  0.000  0.041  0.045  0.000  0.047  0.552
   2.13128      2.983714  0.292  0.086  0.049  0.000  0.000  0.043  0.034  0.000  0.038  0.543
   2.15974      2.994261  0.300  0.089  0.048  0.000  0.000  0.044  0.020  0.000  0.032  0.531
   2.18820      3.003933  0.308  0.091  0.047  0.000  0.000  0.043  0.009  0.000  0.027  0.523
   2.21665      3.007914  0.311  0.091  0.046  0.000  0.000  0.043  0.004  0.000  0.025  0.520
 
# Band-Index:   20
   2.21665      3.637270  0.260  0.090  0.055  0.000  0.000  0.065  0.037  0.000  0.032  0.542
   2.18820      3.657270  0.260  0.092  0.055  0.000  0.000  0.064  0.034  0.000  0.034  0.539
   2.15974      3.713872  0.260  0.093  0.056  0.000  0.000  0.065  0.024  0.000  0.038  0.538
   2.13128      3.799107  0.260  0.095  0.057  0.000  0.000  0.064  0.015  0.000  0.046  0.536
   2.10282      3.904076  0.258  0.096  0.056  0.000  0.000  0.062  0.007  0.000  0.055  0.536
   2.07437      4.020709  0.251  0.098  0.057  0.000  0.000  0.061  0.003  0.000  0.070  0.539
   2.04591      4.142091  0.245  0.097  0.056  0.000  0.000  0.060  0.001  0.000  0.084  0.542
   2.01745      4.262427  0.235  0.097  0.055  0.000  0.000  0.059  0.002  0.000  0.098  0.546
   1.98900      4.377070  0.226  0.095  0.053  0.000  0.000  0.058  0.006  0.000  0.114  0.552
   1.96054      4.482584  0.215  0.093  0.051  0.000  0.000  0.055  0.012  0.000  0.128  0.554
   1.93208      4.576777  0.203  0.090  0.050  0.000  0.000  0.054  0.019  0.000  0.141  0.558
   1.90362      4.658636  0.193  0.089  0.048  0.000  0.000  0.051  0.028  0.000  0.150  0.559
   1.87517      4.728139  0.181  0.085  0.048  0.000  0.000  0.049  0.036  0.000  0.158  0.558
   1.84671      4.785965  0.172  0.085  0.047  0.000  0.000  0.048  0.043  0.000  0.163  0.555
   1.81825      4.833215  0.161  0.084  0.047  0.000  0.000  0.046  0.050  0.000  0.165  0.552
   1.78980      4.871132  0.151  0.084  0.047  0.000  0.000  0.044  0.058  0.000  0.164  0.546
   1.76134      4.900927  0.143  0.083  0.047  0.000  0.000  0.042  0.062  0.000  0.162  0.540
   1.73288      4.923621  0.134  0.084  0.051  0.000  0.000  0.039  0.068  0.000  0.156  0.534
   1.70442      4.939968  0.127  0.085  0.052  0.000  0.000  0.037  0.072  0.000  0.150  0.524
   1.67597      4.950380  0.119  0.088  0.054  0.000  0.000  0.036  0.075  0.000  0.142  0.515
   1.64751      4.954884  0.112  0.090  0.058  0.000  0.000  0.033  0.077  0.000  0.133  0.507
   1.61905      4.953104  0.105  0.092  0.060  0.000  0.000  0.033  0.078  0.000  0.122  0.497
   1.59060      4.944438  0.101  0.094  0.064  0.000  0.000  0.033  0.081  0.000  0.114  0.489
   1.56214      4.930750  0.107  0.098  0.054  0.000  0.000  0.040  0.078  0.000  0.120  0.498
   1.53368      4.997266  0.257  0.120  0.021  0.000  0.000  0.063  0.016  0.000  0.151  0.631
   1.50522      5.139474  0.288  0.128  0.034  0.000  0.000  0.055  0.010  0.000  0.130  0.648
   1.47677      5.255158  0.321  0.130  0.037  0.000  0.000  0.049  0.014  0.000  0.114  0.666
   1.44831      5.322940  0.364  0.132  0.037  0.000  0.000  0.039  0.020  0.000  0.094  0.688
   1.41985      5.326848  0.415  0.133  0.037  0.000  0.000  0.030  0.025  0.000  0.067  0.707
   1.39139      5.261996  0.462  0.127  0.036  0.000  0.000  0.021  0.028  0.000  0.041  0.720
   1.36294      5.138935  0.501  0.120  0.037  0.000  0.000  0.015  0.031  0.000  0.022  0.723
   1.33448      4.978707  0.531  0.108  0.036  0.000  0.000  0.010  0.031  0.000  0.011  0.724
   1.30602      4.802427  0.556  0.091  0.034  0.000  0.000  0.006  0.032  0.000  0.006  0.724
   1.27757      4.626071  0.582  0.074  0.029  0.000  0.000  0.003  0.032  0.000  0.003  0.725
   1.24911      4.460909  0.608  0.057  0.022  0.000  0.000  0.001  0.034  0.000  0.002  0.724
   1.22065      4.315147  0.633  0.038  0.016  0.000  0.000  0.001  0.037  0.000  0.000  0.728
   1.19219      4.195053  0.658  0.022  0.009  0.000  0.000  0.000  0.039  0.000  0.000  0.729
   1.16374      4.105510  0.673  0.012  0.005  0.000  0.000  0.000  0.042  0.000  0.000  0.731
   1.13528      4.050198  0.684  0.002  0.002  0.000  0.000  0.000  0.043  0.000  0.000  0.732
   1.10682      4.031485  0.688  0.000  0.000  0.000  0.000  0.000  0.044  0.000  0.000  0.732
   1.10682      4.031485  0.688  0.000  0.000  0.000  0.000  0.000  0.044  0.000  0.000  0.732
   1.07844      4.049994  0.684  0.002  0.002  0.000  0.000  0.000  0.043  0.000  0.000  0.732
   1.05006      4.104858  0.673  0.011  0.004  0.000  0.000  0.000  0.042  0.000  0.000  0.731
   1.02168      4.194212  0.658  0.024  0.010  0.000  0.000  0.000  0.039  0.000  0.000  0.731
   0.99330      4.315121  0.635  0.040  0.016  0.000  0.000  0.001  0.036  0.000  0.001  0.729
   0.96492      4.463357  0.611  0.059  0.021  0.000  0.000  0.002  0.032  0.000  0.002  0.729
   0.93654      4.632675  0.586  0.078  0.028  0.000  0.000  0.004  0.031  0.000  0.004  0.730
   0.90816      4.813827  0.559  0.096  0.033  0.000  0.000  0.007  0.029  0.000  0.005  0.730
   0.87978      4.993424  0.536  0.111  0.035  0.000  0.000  0.010  0.030  0.000  0.009  0.730
   0.85140      5.153131  0.512  0.121  0.034  0.000  0.000  0.015  0.031  0.000  0.014  0.726
   0.82302      5.271666  0.474  0.123  0.035  0.000  0.000  0.023  0.030  0.000  0.024  0.709
   0.79464      5.329853  0.424  0.123  0.038  0.000  0.000  0.031  0.026  0.000  0.039  0.679
   0.76626      5.313549  0.363  0.123  0.042  0.000  0.000  0.043  0.018  0.000  0.050  0.638
   0.73788      5.223811  0.311  0.126  0.043  0.000  0.000  0.053  0.010  0.000  0.054  0.599
   0.70950      5.083778  0.278  0.129  0.045  0.000  0.000  0.057  0.004  0.000  0.057  0.570
   0.68112      4.920113  0.259  0.133  0.045  0.000  0.000  0.055  0.001  0.000  0.055  0.551
   0.65274      4.750693  0.248  0.137  0.047  0.000  0.000  0.051  0.000  0.000  0.053  0.536
   0.62436      4.587032  0.237  0.139  0.053  0.000  0.000  0.042  0.003  0.000  0.050  0.522
   0.59598      4.441152  0.211  0.144  0.063  0.000  0.000  0.030  0.008  0.000  0.046  0.497
   0.56760      4.330197  0.171  0.136  0.069  0.000  0.000  0.017  0.017  0.000  0.051  0.460
   0.53922      4.252755  0.157  0.120  0.063  0.000  0.000  0.018  0.023  0.000  0.063  0.444
   0.51084      4.190320  0.159  0.109  0.057  0.000  0.000  0.019  0.023  0.000  0.073  0.441
   0.48246      4.134394  0.166  0.098  0.053  0.000  0.000  0.023  0.023  0.000  0.079  0.443
   0.45408      4.082543  0.173  0.090  0.049  0.000  0.000  0.028  0.022  0.000  0.084  0.447
   0.42570      4.034024  0.180  0.085  0.048  0.000  0.000  0.029  0.021  0.000  0.085  0.450
   0.39732      3.988569  0.186  0.081  0.046  0.000  0.000  0.033  0.019  0.000  0.088  0.454
   0.36894      3.946053  0.194  0.077  0.045  0.000  0.000  0.035  0.019  0.000  0.088  0.459
   0.34056      3.906383  0.200  0.074  0.045  0.000  0.000  0.038  0.019  0.000  0.090  0.464
   0.31218      3.869470  0.205  0.072  0.045  0.000  0.000  0.042  0.018  0.000  0.088  0.469
   0.28380      3.835209  0.213  0.070  0.043  0.000  0.000  0.044  0.018  0.000  0.086  0.475
   0.25542      3.803484  0.218  0.069  0.043  0.000  0.000  0.045  0.019  0.000  0.083  0.480
   0.22704      3.774175  0.224  0.071  0.046  0.000  0.000  0.048  0.020  0.000  0.079  0.487
   0.19866      3.747168  0.229  0.072  0.047  0.000  0.000  0.052  0.021  0.000  0.075  0.494
   0.17028      3.722383  0.235  0.073  0.047  0.000  0.000  0.053  0.024  0.000  0.070  0.502
   0.14190      3.699838  0.242  0.076  0.049  0.000  0.000  0.056  0.027  0.000  0.062  0.509
   0.11352      3.679727  0.246  0.080  0.051  0.000  0.000  0.059  0.029  0.000  0.053  0.518
   0.08514      3.662523  0.252  0.083  0.052  0.000  0.000  0.061  0.033  0.000  0.046  0.527
   0.05676      3.649036  0.256  0.087  0.053  0.000  0.000  0.063  0.036  0.000  0.039  0.535
   0.02838      3.640306  0.260  0.089  0.055  0.000  0.000  0.065  0.036  0.000  0.033  0.539
   0.00000      3.637270  0.260  0.090  0.055  0.000  0.000  0.065  0.037  0.000  0.032  0.542
 
# Band-Index:   21
   0.00000      5.214201  0.002  0.016  0.095  0.000  0.000  0.083  0.097  0.000  0.099  0.390
   0.02838      5.234889  0.003  0.018  0.095  0.000  0.000  0.082  0.096  0.000  0.097  0.390
   0.05676      5.295883  0.005  0.021  0.099  0.000  0.000  0.083  0.096  0.000  0.092  0.397
   0.08514      5.394137  0.010  0.026  0.106  0.000  0.000  0.085  0.092  0.000  0.089  0.407
   0.11352      5.525154  0.013  0.031  0.116  0.000  0.000  0.086  0.090  0.000  0.084  0.419
   0.14190      5.683518  0.019  0.036  0.125  0.000  0.000  0.087  0.087  0.000  0.079  0.432
   0.17028      5.863277  0.022  0.041  0.134  0.000  0.000  0.087  0.085  0.000  0.074  0.446
   0.19866      6.057903  0.026  0.047  0.142  0.000  0.000  0.088  0.084  0.000  0.073  0.460
   0.22704      6.259180  0.031  0.049  0.147  0.000  0.000  0.085  0.085  0.000  0.079  0.476
   0.25542      6.452208  0.031  0.048  0.142  0.000  0.000  0.082  0.092  0.000  0.100  0.495
   0.28380      6.600749  0.020  0.035  0.114  0.000  0.000  0.082  0.118  0.000  0.145  0.512
   0.31218      6.685261  0.010  0.023  0.098  0.000  0.000  0.088  0.132  0.000  0.166  0.515
   0.34056      6.745343  0.005  0.019  0.097  0.000  0.000  0.092  0.134  0.000  0.167  0.513
   0.36894      6.801518  0.004  0.017  0.097  0.000  0.000  0.095  0.130  0.000  0.163  0.508
   0.39732      6.859150  0.004  0.018  0.101  0.000  0.000  0.096  0.128  0.000  0.159  0.505
   0.42570      6.919956  0.004  0.018  0.102  0.000  0.000  0.097  0.123  0.000  0.157  0.500
   0.45408      6.984563  0.004  0.018  0.105  0.000  0.000  0.098  0.121  0.000  0.151  0.497
   0.48246      7.052995  0.004  0.020  0.110  0.000  0.000  0.099  0.117  0.000  0.146  0.498
   0.51084      7.124013  0.007  0.023  0.119  0.001  0.000  0.098  0.114  0.000  0.136  0.504
   0.53922      7.187325  0.032  0.043  0.149  0.012  0.002  0.089  0.111  0.004  0.102  0.548
   0.56760      7.151927  0.168  0.142  0.163  0.011  0.002  0.034  0.083  0.002  0.019  0.628
   0.59598      7.014615  0.204  0.167  0.129  0.001  0.000  0.021  0.073  0.000  0.014  0.612
   0.62436      6.857877  0.213  0.176  0.106  0.000  0.000  0.017  0.070  0.000  0.015  0.600
   0.65274      6.699314  0.217  0.183  0.088  0.000  0.000  0.015  0.070  0.000  0.017  0.591
   0.68112      6.550168  0.215  0.189  0.072  0.000  0.000  0.017  0.069  0.000  0.019  0.580
   0.70950      6.423345  0.204  0.198  0.057  0.000  0.000  0.020  0.067  0.000  0.022  0.567
   0.73788      6.336101  0.177  0.209  0.041  0.000  0.000  0.027  0.061  0.000  0.026  0.541
   0.76626      6.303750  0.123  0.225  0.027  0.000  0.000  0.034  0.055  0.000  0.036  0.502
   0.79464      6.284741  0.060  0.237  0.018  0.000  0.000  0.023  0.045  0.000  0.070  0.456
   0.82302      6.190010  0.046  0.230  0.024  0.000  0.000  0.008  0.033  0.000  0.105  0.448
   0.85140      6.098327  0.038  0.227  0.020  0.000  0.000  0.005  0.028  0.000  0.120  0.439
   0.87978      6.049549  0.030  0.231  0.012  0.000  0.000  0.003  0.025  0.000  0.126  0.429
   0.90816      6.038200  0.025  0.238  0.006  0.000  0.000  0.002  0.023  0.000  0.126  0.423
   0.93654      6.051168  0.020  0.248  0.005  0.000  0.000  0.002  0.020  0.000  0.124  0.418
   0.96492      6.077276  0.016  0.259  0.001  0.000  0.000  0.002  0.014  0.000  0.122  0.414
   0.99330      6.108297  0.012  0.266  0.000  0.000  0.000  0.002  0.010  0.000  0.120  0.412
   1.02168      6.138208  0.007  0.275  0.000  0.000  0.000  0.000  0.006  0.000  0.118  0.409
   1.05006      6.162523  0.003  0.280  0.000  0.001  0.000  0.000  0.003  0.000  0.118  0.407
   1.07844      6.177848  0.001  0.275  0.000  0.009  0.004  0.000  0.001  0.000  0.114  0.404
   1.10682      6.182467  0.000  0.258  0.000  0.029  0.012  0.000  0.000  0.000  0.106  0.406
   1.10682      6.182467  0.000  0.258  0.000  0.029  0.012  0.000  0.000  0.000  0.106  0.406
   1.13528      6.180317  0.001  0.273  0.000  0.013  0.006  0.000  0.001  0.000  0.113  0.405
   1.16374      6.172829  0.003  0.279  0.000  0.002  0.002  0.000  0.003  0.000  0.119  0.409
   1.19219      6.160846  0.007  0.277  0.000  0.000  0.000  0.000  0.006  0.000  0.123  0.413
   1.22065      6.146585  0.013  0.269  0.000  0.000  0.000  0.001  0.010  0.000  0.125  0.422
   1.24911      6.132854  0.016  0.262  0.000  0.000  0.000  0.001  0.014  0.000  0.131  0.428
   1.27757      6.123219  0.022  0.253  0.002  0.000  0.000  0.002  0.020  0.000  0.138  0.437
   1.30602      6.122363  0.027  0.246  0.003  0.000  0.000  0.003  0.023  0.000  0.141  0.445
   1.33448      6.136707  0.032  0.238  0.008  0.000  0.000  0.003  0.026  0.000  0.144  0.452
   1.36294      6.174986  0.038  0.232  0.012  0.000  0.000  0.003  0.028  0.000  0.144  0.460
   1.39139      6.246533  0.046  0.228  0.020  0.000  0.000  0.005  0.029  0.000  0.134  0.465
   1.41985      6.352322  0.052  0.225  0.024  0.000  0.000  0.005  0.037  0.000  0.121  0.464
   1.44831      6.470100  0.048  0.221  0.026  0.000  0.000  0.010  0.051  0.000  0.099  0.458
   1.47677      6.565182  0.060  0.214  0.033  0.000  0.000  0.014  0.069  0.000  0.078  0.469
   1.50522      6.642566  0.087  0.205  0.049  0.000  0.000  0.017  0.082  0.000  0.061  0.500
   1.53368      6.714335  0.094  0.181  0.076  0.000  0.000  0.023  0.096  0.000  0.055  0.523
   1.56214      6.749605  0.069  0.127  0.109  0.000  0.000  0.044  0.105  0.000  0.063  0.516
   1.59060      6.706918  0.032  0.069  0.121  0.000  0.000  0.070  0.104  0.000  0.079  0.477
   1.61905      6.612329  0.018  0.043  0.117  0.000  0.000  0.083  0.098  0.000  0.089  0.449
   1.64751      6.500907  0.012  0.035  0.110  0.000  0.000  0.089  0.095  0.000  0.093  0.432
   1.67597      6.386186  0.010  0.030  0.107  0.000  0.000  0.090  0.095  0.000  0.094  0.425
   1.70442      6.273006  0.007  0.026  0.104  0.000  0.000  0.090  0.094  0.000  0.095  0.419
   1.73288      6.163427  0.007  0.025  0.102  0.000  0.000  0.090  0.096  0.000  0.096  0.414
   1.76134      6.058496  0.007  0.023  0.099  0.000  0.000  0.089  0.096  0.000  0.096  0.412
   1.78980      5.958829  0.004  0.023  0.098  0.000  0.000  0.090  0.098  0.000  0.096  0.410
   1.81825      5.864838  0.004  0.022  0.097  0.000  0.000  0.090  0.098  0.000  0.096  0.407
   1.84671      5.776802  0.004  0.021  0.095  0.000  0.000  0.088  0.098  0.000  0.096  0.405
   1.87517      5.694917  0.004  0.020  0.094  0.000  0.000  0.088  0.099  0.000  0.096  0.403
   1.90362      5.619313  0.002  0.020  0.093  0.000  0.000  0.088  0.100  0.000  0.098  0.401
   1.93208      5.550048  0.003  0.019  0.092  0.000  0.000  0.087  0.100  0.000  0.097  0.399
   1.96054      5.487142  0.003  0.019  0.092  0.000  0.000  0.086  0.099  0.000  0.097  0.398
   1.98900      5.430605  0.003  0.018  0.092  0.000  0.000  0.085  0.099  0.000  0.097  0.396
   2.01745      5.380459  0.002  0.017  0.092  0.000  0.000  0.085  0.098  0.000  0.097  0.394
   2.04591      5.336753  0.002  0.017  0.092  0.000  0.000  0.085  0.099  0.000  0.097  0.392
   2.07437      5.299559  0.002  0.017  0.092  0.000  0.000  0.084  0.099  0.000  0.098  0.393
   2.10282      5.268968  0.002  0.016  0.092  0.000  0.000  0.084  0.098  0.000  0.099  0.391
   2.13128      5.245069  0.002  0.016  0.092  0.000  0.000  0.083  0.097  0.000  0.099  0.391
   2.15974      5.227941  0.002  0.016  0.095  0.000  0.000  0.083  0.096  0.000  0.099  0.390
   2.18820      5.217638  0.002  0.016  0.095  0.000  0.000  0.083  0.097  0.000  0.099  0.389
   2.21665      5.214201  0.002  0.016  0.095  0.000  0.000  0.083  0.097  0.000  0.099  0.390
 
# Band-Index:   22
   2.21665      6.505139  0.000  0.013  0.098  0.000  0.000  0.099  0.151  0.000  0.171  0.533
   2.18820      6.510504  0.000  0.013  0.100  0.000  0.000  0.098  0.151  0.000  0.170  0.531
   2.15974      6.526782  0.000  0.013  0.102  0.000  0.000  0.098  0.149  0.000  0.166  0.531
   2.13128      6.554511  0.001  0.015  0.107  0.000  0.000  0.099  0.149  0.000  0.159  0.529
   2.10282      6.594517  0.004  0.015  0.112  0.000  0.000  0.099  0.146  0.000  0.152  0.526
   2.07437      6.647782  0.005  0.018  0.120  0.000  0.000  0.098  0.141  0.000  0.140  0.524
   2.04591      6.715242  0.008  0.022  0.129  0.000  0.000  0.098  0.136  0.000  0.127  0.520
   2.01745      6.797483  0.013  0.026  0.139  0.000  0.000  0.097  0.131  0.000  0.113  0.518
   1.98900      6.894361  0.019  0.030  0.151  0.000  0.000  0.097  0.123  0.000  0.098  0.518
   1.96054      7.004595  0.027  0.035  0.163  0.000  0.000  0.096  0.115  0.000  0.082  0.519
   1.93208      7.125387  0.036  0.042  0.174  0.000  0.000  0.095  0.107  0.000  0.069  0.521
   1.90362      7.252194  0.049  0.048  0.184  0.000  0.000  0.092  0.098  0.000  0.055  0.528
   1.87517      7.378449  0.063  0.056  0.192  0.001  0.000  0.090  0.089  0.000  0.045  0.536
   1.84671      7.493794  0.077  0.062  0.187  0.019  0.001  0.082  0.079  0.007  0.035  0.545
   1.81825      7.488215  0.003  0.002  0.006  0.347  0.033  0.002  0.001  0.140  0.001  0.537
   1.78980      7.408154  0.001  0.000  0.000  0.354  0.038  0.000  0.000  0.139  0.000  0.534
   1.76134      7.335499  0.000  0.000  0.000  0.353  0.043  0.000  0.000  0.134  0.000  0.530
   1.73288      7.272415  0.000  0.000  0.000  0.349  0.049  0.000  0.000  0.128  0.000  0.526
   1.70442      7.219884  0.000  0.000  0.000  0.344  0.051  0.000  0.000  0.125  0.000  0.523
   1.67597      7.178678  0.000  0.000  0.000  0.339  0.058  0.000  0.000  0.120  0.000  0.519
   1.64751      7.149383  0.000  0.000  0.000  0.334  0.064  0.000  0.000  0.117  0.000  0.515
   1.61905      7.132258  0.000  0.000  0.000  0.327  0.073  0.000  0.000  0.114  0.000  0.513
   1.59060      7.126777  0.000  0.000  0.000  0.317  0.081  0.000  0.000  0.109  0.000  0.509
   1.56214      7.129563  0.008  0.010  0.001  0.280  0.086  0.007  0.004  0.096  0.006  0.499
   1.53368      7.141730  0.001  0.002  0.001  0.283  0.105  0.002  0.000  0.097  0.003  0.497
   1.50522      7.150831  0.001  0.000  0.000  0.267  0.131  0.000  0.000  0.086  0.001  0.489
   1.47677      7.000309  0.280  0.225  0.071  0.000  0.000  0.030  0.006  0.000  0.045  0.656
   1.44831      6.906261  0.248  0.222  0.063  0.000  0.000  0.044  0.016  0.000  0.040  0.633
   1.41985      6.930947  0.194  0.221  0.055  0.000  0.000  0.060  0.020  0.000  0.045  0.593
   1.39139      6.862011  0.000  0.000  0.000  0.261  0.165  0.000  0.000  0.012  0.000  0.436
   1.36294      6.748937  0.000  0.000  0.000  0.268  0.156  0.000  0.000  0.008  0.000  0.432
   1.33448      6.641520  0.000  0.000  0.000  0.273  0.148  0.000  0.000  0.005  0.000  0.426
   1.30602      6.542901  0.000  0.000  0.000  0.276  0.140  0.000  0.000  0.003  0.000  0.421
   1.27757      6.454922  0.000  0.000  0.000  0.280  0.135  0.000  0.000  0.003  0.000  0.417
   1.24911      6.378817  0.000  0.000  0.000  0.282  0.130  0.000  0.000  0.003  0.000  0.415
   1.22065      6.315490  0.000  0.000  0.000  0.283  0.126  0.000  0.000  0.002  0.000  0.412
   1.19219      6.265650  0.000  0.000  0.000  0.284  0.122  0.000  0.000  0.000  0.000  0.409
   1.16374      6.229900  0.000  0.002  0.000  0.283  0.118  0.000  0.000  0.000  0.002  0.407
   1.13528      6.208828  0.000  0.013  0.000  0.274  0.112  0.000  0.000  0.000  0.006  0.406
   1.10682      6.202265  0.000  0.029  0.000  0.258  0.106  0.000  0.000  0.000  0.012  0.406
   1.10682      6.202265  0.000  0.029  0.000  0.258  0.106  0.000  0.000  0.000  0.012  0.406
   1.07844      6.211172  0.000  0.008  0.000  0.277  0.115  0.000  0.000  0.000  0.004  0.406
   1.05006      6.239734  0.000  0.001  0.000  0.286  0.121  0.000  0.000  0.000  0.000  0.409
   1.02168      6.287356  0.000  0.000  0.000  0.286  0.126  0.000  0.000  0.000  0.000  0.413
   0.99330      6.352551  0.000  0.000  0.000  0.288  0.131  0.000  0.000  0.001  0.000  0.419
   0.96492      6.433664  0.000  0.000  0.000  0.287  0.138  0.000  0.000  0.003  0.000  0.428
   0.93654      6.528770  0.000  0.000  0.000  0.288  0.144  0.000  0.000  0.004  0.000  0.437
   0.90816      6.635602  0.000  0.000  0.000  0.287  0.154  0.000  0.000  0.004  0.000  0.445
   0.87978      6.751388  0.000  0.000  0.000  0.288  0.162  0.000  0.000  0.007  0.000  0.457
   0.85140      6.850896  0.105  0.205  0.047  0.016  0.009  0.083  0.005  0.000  0.056  0.526
   0.82302      6.656916  0.142  0.209  0.057  0.000  0.000  0.076  0.006  0.000  0.056  0.545
   0.79464      6.569819  0.182  0.203  0.074  0.000  0.000  0.048  0.002  0.000  0.070  0.578
   0.76626      6.683393  0.179  0.215  0.078  0.000  0.000  0.025  0.005  0.000  0.082  0.581
   0.73788      6.903053  0.174  0.227  0.078  0.000  0.000  0.020  0.010  0.000  0.075  0.585
   0.70950      7.156600  0.174  0.237  0.077  0.001  0.000  0.021  0.013  0.000  0.069  0.593
   0.68112      7.298306  0.000  0.000  0.000  0.330  0.140  0.000  0.000  0.080  0.000  0.550
   0.65274      7.291370  0.000  0.000  0.000  0.335  0.125  0.000  0.000  0.088  0.000  0.549
   0.62436      7.282928  0.000  0.000  0.000  0.337  0.113  0.000  0.000  0.094  0.000  0.547
   0.59598      7.279227  0.001  0.002  0.000  0.339  0.101  0.000  0.000  0.099  0.001  0.545
   0.56760      7.285339  0.010  0.008  0.005  0.326  0.087  0.001  0.002  0.097  0.003  0.541
   0.53922      7.295543  0.011  0.009  0.009  0.302  0.075  0.009  0.009  0.092  0.018  0.531
   0.51084      7.317859  0.006  0.004  0.003  0.340  0.075  0.003  0.002  0.107  0.003  0.540
   0.48246      7.352060  0.003  0.002  0.003  0.344  0.070  0.000  0.002  0.113  0.002  0.543
   0.45408      7.396341  0.006  0.004  0.006  0.343  0.062  0.002  0.003  0.117  0.002  0.544
   0.42570      7.444201  0.027  0.020  0.048  0.276  0.045  0.014  0.015  0.097  0.008  0.551
   0.39732      7.407440  0.096  0.076  0.209  0.015  0.002  0.070  0.063  0.004  0.030  0.565
   0.36894      7.290268  0.080  0.070  0.214  0.001  0.000  0.083  0.067  0.000  0.034  0.550
   0.34056      7.136436  0.062  0.065  0.208  0.000  0.000  0.091  0.069  0.000  0.035  0.530
   0.31218      6.963255  0.047  0.056  0.197  0.000  0.000  0.098  0.075  0.000  0.041  0.513
   0.28380      6.801371  0.028  0.038  0.171  0.000  0.000  0.106  0.094  0.000  0.067  0.503
   0.25542      6.699091  0.008  0.022  0.130  0.000  0.000  0.109  0.122  0.000  0.117  0.510
   0.22704      6.644223  0.003  0.015  0.114  0.000  0.000  0.105  0.135  0.000  0.145  0.516
   0.19866      6.606896  0.001  0.014  0.108  0.000  0.000  0.102  0.142  0.000  0.156  0.521
   0.17028      6.578015  0.001  0.013  0.103  0.000  0.000  0.100  0.145  0.000  0.161  0.524
   0.14190      6.554938  0.000  0.013  0.102  0.000  0.000  0.099  0.147  0.000  0.165  0.527
   0.11352      6.536668  0.000  0.013  0.100  0.000  0.000  0.100  0.149  0.000  0.167  0.528
   0.08514      6.522743  0.000  0.013  0.099  0.000  0.000  0.099  0.150  0.000  0.169  0.531
   0.05676      6.512926  0.000  0.013  0.098  0.000  0.000  0.099  0.151  0.000  0.170  0.531
   0.02838      6.507080  0.000  0.013  0.098  0.000  0.000  0.099  0.151  0.000  0.171  0.532
   0.00000      6.505139  0.000  0.013  0.098  0.000  0.000  0.099  0.151  0.000  0.171  0.533
 
# Band-Index:   23
   0.00000      9.129741  0.000  0.000  0.000  0.389  0.016  0.000  0.000  0.182  0.000  0.589
   0.02838      9.034715  0.000  0.000  0.000  0.369  0.019  0.000  0.000  0.192  0.000  0.579
   0.05676      8.897449  0.000  0.000  0.000  0.363  0.019  0.000  0.000  0.192  0.000  0.574
   0.08514      8.758020  0.000  0.000  0.000  0.361  0.019  0.000  0.000  0.190  0.000  0.569
   0.11352      8.620165  0.000  0.000  0.000  0.361  0.020  0.000  0.000  0.188  0.000  0.568
   0.14190      8.485229  0.000  0.000  0.000  0.358  0.023  0.000  0.000  0.183  0.000  0.564
   0.17028      8.354093  0.000  0.000  0.000  0.360  0.024  0.000  0.000  0.177  0.000  0.562
   0.19866      8.227492  0.000  0.000  0.000  0.360  0.027  0.000  0.000  0.174  0.000  0.560
   0.22704      8.106109  0.000  0.000  0.000  0.358  0.028  0.000  0.000  0.168  0.000  0.558
   0.25542      7.990618  0.000  0.000  0.000  0.359  0.033  0.000  0.000  0.162  0.000  0.554
   0.28380      7.881691  0.000  0.000  0.000  0.359  0.036  0.000  0.000  0.157  0.000  0.551
   0.31218      7.780029  0.000  0.000  0.000  0.360  0.040  0.000  0.000  0.151  0.000  0.550
   0.34056      7.686391  0.000  0.000  0.000  0.358  0.043  0.000  0.000  0.144  0.000  0.548
   0.36894      7.601747  0.000  0.000  0.000  0.356  0.048  0.000  0.000  0.137  0.000  0.546
   0.39732      7.528554  0.003  0.004  0.008  0.343  0.051  0.003  0.004  0.128  0.000  0.545
   0.42570      7.501000  0.094  0.070  0.165  0.082  0.014  0.050  0.049  0.030  0.024  0.573
   0.45408      7.518688  0.137  0.101  0.192  0.012  0.002  0.051  0.059  0.004  0.029  0.587
   0.48246      7.494452  0.159  0.117  0.174  0.009  0.001  0.039  0.058  0.002  0.028  0.589
   0.51084      7.428469  0.171  0.129  0.146  0.011  0.002  0.030  0.055  0.004  0.030  0.580
   0.53922      7.337438  0.155  0.118  0.093  0.036  0.009  0.027  0.046  0.010  0.047  0.540
   0.56760      7.321348  0.027  0.032  0.065  0.012  0.003  0.084  0.077  0.004  0.138  0.439
   0.59598      7.400238  0.012  0.023  0.085  0.003  0.001  0.097  0.084  0.000  0.141  0.444
   0.62436      7.493406  0.007  0.024  0.092  0.001  0.000  0.099  0.083  0.000  0.137  0.445
   0.65274      7.594001  0.007  0.026  0.094  0.001  0.000  0.104  0.078  0.000  0.130  0.439
   0.68112      7.424736  0.173  0.245  0.077  0.000  0.000  0.024  0.015  0.000  0.062  0.596
   0.70950      7.294451  0.000  0.000  0.000  0.320  0.157  0.000  0.000  0.067  0.000  0.545
   0.73788      7.265370  0.000  0.000  0.000  0.312  0.173  0.000  0.000  0.052  0.000  0.536
   0.76626      7.202145  0.000  0.000  0.000  0.303  0.181  0.000  0.000  0.034  0.000  0.518
   0.79464      7.107749  0.000  0.000  0.000  0.296  0.182  0.000  0.000  0.022  0.000  0.500
   0.82302      6.994134  0.000  0.000  0.000  0.291  0.177  0.000  0.000  0.014  0.000  0.482
   0.85140      6.873896  0.006  0.013  0.003  0.275  0.159  0.006  0.000  0.009  0.004  0.472
   0.87978      7.092969  0.092  0.222  0.045  0.000  0.000  0.097  0.005  0.000  0.060  0.522
   0.90816      7.358761  0.077  0.231  0.044  0.000  0.000  0.104  0.003  0.000  0.064  0.523
   0.93654      7.639810  0.063  0.242  0.040  0.000  0.000  0.110  0.002  0.000  0.066  0.524
   0.96492      7.929516  0.051  0.256  0.038  0.000  0.000  0.115  0.002  0.000  0.067  0.529
   0.99330      8.221682  0.038  0.278  0.033  0.000  0.000  0.119  0.002  0.000  0.066  0.536
   1.02168      8.507862  0.026  0.312  0.026  0.000  0.000  0.123  0.000  0.000  0.060  0.546
   1.05006      8.772204  0.014  0.367  0.014  0.000  0.000  0.119  0.000  0.000  0.047  0.563
   1.07844      8.978617  0.004  0.447  0.004  0.002  0.000  0.108  0.000  0.000  0.021  0.584
   1.10682      9.056818  0.000  0.277  0.000  0.220  0.001  0.054  0.000  0.044  0.002  0.596
   1.10682      9.056818  0.000  0.277  0.000  0.220  0.001  0.054  0.000  0.044  0.002  0.596
   1.13528      9.005009  0.000  0.076  0.000  0.391  0.014  0.016  0.000  0.090  0.000  0.591
   1.16374      8.873721  0.002  0.065  0.001  0.356  0.031  0.016  0.000  0.098  0.004  0.578
   1.19219      8.692429  0.023  0.306  0.019  0.070  0.010  0.085  0.001  0.023  0.031  0.570
   1.22065      8.454662  0.043  0.317  0.035  0.008  0.001  0.101  0.004  0.002  0.047  0.556
   1.24911      8.195949  0.057  0.286  0.042  0.002  0.000  0.099  0.005  0.000  0.055  0.548
   1.27757      7.934139  0.069  0.263  0.048  0.000  0.000  0.095  0.006  0.000  0.060  0.544
   1.30602      7.679245  0.085  0.246  0.050  0.000  0.000  0.092  0.008  0.000  0.061  0.543
   1.33448      7.439537  0.101  0.236  0.051  0.000  0.000  0.085  0.012  0.000  0.060  0.545
   1.36294      7.224556  0.122  0.227  0.052  0.000  0.000  0.079  0.015  0.000  0.058  0.550
   1.39139      7.047928  0.149  0.222  0.052  0.000  0.000  0.070  0.018  0.000  0.052  0.564
   1.41985      6.974518  0.000  0.000  0.000  0.250  0.171  0.000  0.000  0.021  0.000  0.444
   1.44831      7.073016  0.000  0.000  0.000  0.243  0.176  0.000  0.000  0.037  0.000  0.456
   1.47677      7.134893  0.000  0.000  0.000  0.249  0.160  0.000  0.000  0.063  0.000  0.474
   1.50522      7.177400  0.281  0.203  0.077  0.001  0.001  0.017  0.001  0.000  0.060  0.642
   1.53368      7.201988  0.073  0.060  0.048  0.007  0.004  0.080  0.036  0.002  0.100  0.415
   1.56214      7.157615  0.086  0.102  0.022  0.026  0.007  0.065  0.033  0.010  0.076  0.430
   1.59060      7.202498  0.134  0.166  0.024  0.000  0.000  0.044  0.042  0.000  0.058  0.470
   1.61905      7.310759  0.154  0.187  0.042  0.000  0.000  0.032  0.051  0.000  0.042  0.507
   1.64751      7.435853  0.161  0.188  0.065  0.000  0.000  0.030  0.057  0.000  0.032  0.532
   1.67597      7.552707  0.162  0.177  0.092  0.000  0.000  0.032  0.059  0.000  0.028  0.549
   1.70442      7.644288  0.158  0.161  0.118  0.000  0.000  0.039  0.060  0.000  0.025  0.561
   1.73288      7.697994  0.148  0.138  0.147  0.000  0.000  0.048  0.062  0.000  0.025  0.569
   1.76134      7.707278  0.134  0.117  0.169  0.000  0.000  0.058  0.066  0.000  0.024  0.570
   1.78980      7.672874  0.116  0.094  0.185  0.002  0.000  0.070  0.070  0.000  0.028  0.564
   1.81825      7.602476  0.094  0.077  0.188  0.011  0.001  0.076  0.074  0.005  0.031  0.556
   1.84671      7.586605  0.003  0.004  0.008  0.341  0.031  0.004  0.004  0.142  0.001  0.539
   1.87517      7.681206  0.000  0.000  0.000  0.357  0.028  0.000  0.000  0.154  0.000  0.545
   1.90362      7.785071  0.000  0.000  0.000  0.360  0.027  0.000  0.000  0.160  0.000  0.548
   1.93208      7.895239  0.000  0.000  0.000  0.361  0.023  0.000  0.000  0.165  0.000  0.551
   1.96054      8.010803  0.000  0.000  0.000  0.362  0.022  0.000  0.000  0.171  0.000  0.555
   1.98900      8.131067  0.000  0.000  0.000  0.360  0.021  0.000  0.000  0.175  0.000  0.556
   2.01745      8.255393  0.000  0.000  0.000  0.361  0.019  0.000  0.000  0.181  0.000  0.560
   2.04591      8.383156  0.000  0.000  0.000  0.361  0.018  0.000  0.000  0.184  0.000  0.562
   2.07437      8.513705  0.000  0.000  0.000  0.360  0.018  0.000  0.000  0.190  0.000  0.564
   2.10282      8.646334  0.000  0.000  0.000  0.360  0.015  0.000  0.000  0.192  0.000  0.569
   2.13128      8.780150  0.000  0.000  0.000  0.362  0.015  0.000  0.000  0.193  0.000  0.571
   2.15974      8.913743  0.000  0.000  0.000  0.363  0.016  0.000  0.000  0.195  0.000  0.573
   2.18820      9.043156  0.000  0.000  0.000  0.371  0.016  0.000  0.000  0.193  0.000  0.579
   2.21665      9.129741  0.000  0.000  0.000  0.389  0.016  0.000  0.000  0.182  0.000  0.589
 
# Band-Index:   24
   2.21665      9.254236  0.000  0.000  0.000  0.327  0.018  0.000  0.000  0.218  0.000  0.562
   2.18820      9.338685  0.000  0.000  0.000  0.346  0.018  0.000  0.000  0.206  0.000  0.571
   2.15974      9.461413  0.000  0.000  0.000  0.356  0.021  0.000  0.000  0.200  0.000  0.577
   2.13128      9.582873  0.000  0.000  0.000  0.358  0.025  0.000  0.000  0.196  0.000  0.582
   2.10282      9.697556  0.000  0.000  0.000  0.365  0.028  0.000  0.000  0.191  0.000  0.585
   2.07437      9.801775  0.000  0.000  0.000  0.369  0.033  0.000  0.000  0.183  0.000  0.587
   2.04591      9.891585  0.000  0.000  0.000  0.375  0.041  0.000  0.000  0.174  0.000  0.591
   2.01745      9.961684  0.008  0.005  0.008  0.362  0.046  0.000  0.002  0.153  0.002  0.591
   1.98900      9.903386  0.157  0.086  0.149  0.000  0.000  0.018  0.055  0.000  0.058  0.523
   1.96054      9.831886  0.154  0.096  0.135  0.000  0.000  0.021  0.057  0.000  0.057  0.517
   1.93208      9.764836  0.151  0.104  0.122  0.000  0.000  0.023  0.058  0.000  0.052  0.511
   1.90362      9.699373  0.144  0.117  0.107  0.000  0.000  0.027  0.063  0.000  0.048  0.505
   1.87517      9.629536  0.135  0.131  0.092  0.000  0.000  0.030  0.068  0.000  0.042  0.499
   1.84671      9.545202  0.127  0.147  0.077  0.000  0.000  0.034  0.075  0.000  0.036  0.495
   1.81825      9.435286  0.117  0.160  0.067  0.000  0.000  0.038  0.082  0.000  0.030  0.494
   1.78980      9.297391  0.116  0.167  0.064  0.000  0.000  0.045  0.081  0.000  0.027  0.499
   1.76134      9.140753  0.122  0.170  0.064  0.000  0.000  0.051  0.075  0.000  0.028  0.511
   1.73288      8.975409  0.139  0.174  0.068  0.000  0.000  0.054  0.063  0.000  0.031  0.532
   1.70442      8.802631  0.163  0.187  0.072  0.001  0.000  0.056  0.048  0.000  0.032  0.561
   1.67597      8.615033  0.190  0.207  0.072  0.001  0.000  0.055  0.033  0.000  0.032  0.592
   1.64751      8.405311  0.212  0.228  0.073  0.001  0.000  0.048  0.021  0.000  0.032  0.617
   1.61905      8.173970  0.226  0.244  0.072  0.000  0.000  0.043  0.015  0.000  0.032  0.634
   1.59060      7.928034  0.236  0.250  0.072  0.000  0.000  0.039  0.010  0.000  0.032  0.641
   1.56214      7.676938  0.241  0.252  0.072  0.000  0.000  0.037  0.009  0.000  0.033  0.643
   1.53368      7.434112  0.224  0.250  0.068  0.000  0.000  0.046  0.012  0.000  0.032  0.631
   1.50522      7.338045  0.010  0.083  0.055  0.001  0.000  0.121  0.053  0.000  0.081  0.404
   1.47677      7.463695  0.006  0.050  0.068  0.001  0.000  0.118  0.053  0.000  0.096  0.395
   1.44831      7.566713  0.000  0.002  0.003  0.368  0.047  0.006  0.003  0.081  0.004  0.514
   1.41985      7.613075  0.000  0.000  0.000  0.373  0.049  0.000  0.000  0.100  0.000  0.526
   1.39139      7.696463  0.000  0.000  0.000  0.363  0.056  0.000  0.000  0.110  0.000  0.533
   1.36294      7.804345  0.000  0.000  0.000  0.357  0.060  0.000  0.000  0.116  0.000  0.536
   1.33448      7.930257  0.000  0.000  0.000  0.354  0.064  0.000  0.000  0.119  0.000  0.541
   1.30602      8.070548  0.000  0.000  0.000  0.352  0.066  0.000  0.000  0.123  0.000  0.544
   1.27757      8.222579  0.000  0.002  0.000  0.353  0.068  0.000  0.000  0.126  0.000  0.549
   1.24911      8.383881  0.000  0.003  0.000  0.359  0.066  0.000  0.000  0.127  0.000  0.555
   1.22065      8.551626  0.001  0.009  0.000  0.362  0.060  0.002  0.000  0.123  0.000  0.562
   1.19219      8.723296  0.005  0.072  0.003  0.319  0.045  0.018  0.000  0.101  0.005  0.571
   1.16374      8.899042  0.012  0.378  0.006  0.064  0.005  0.087  0.000  0.018  0.015  0.587
   1.13528      9.022858  0.003  0.408  0.002  0.072  0.003  0.083  0.000  0.018  0.004  0.593
   1.10682      9.068008  0.000  0.219  0.000  0.275  0.002  0.043  0.000  0.054  0.000  0.595
   1.10682      9.068008  0.000  0.219  0.000  0.275  0.002  0.043  0.000  0.054  0.000  0.595
   1.07844      9.038316  0.000  0.001  0.000  0.484  0.007  0.000  0.000  0.100  0.000  0.592
   1.05006      8.969624  0.000  0.000  0.000  0.466  0.017  0.000  0.000  0.103  0.000  0.588
   1.02168      8.870763  0.000  0.000  0.000  0.442  0.030  0.000  0.000  0.106  0.000  0.581
   0.99330      8.754327  0.000  0.000  0.000  0.422  0.042  0.000  0.000  0.108  0.000  0.573
   0.96492      8.629957  0.000  0.000  0.000  0.404  0.050  0.000  0.000  0.112  0.000  0.567
   0.93654      8.504459  0.000  0.000  0.000  0.390  0.056  0.000  0.000  0.112  0.000  0.559
   0.90816      8.382850  0.000  0.000  0.000  0.379  0.060  0.000  0.000  0.111  0.000  0.551
   0.87978      8.269356  0.000  0.000  0.000  0.371  0.062  0.000  0.000  0.108  0.000  0.543
   0.85140      8.168315  0.000  0.000  0.000  0.364  0.063  0.000  0.000  0.104  0.000  0.534
   0.82302      8.085224  0.000  0.000  0.000  0.359  0.061  0.000  0.000  0.101  0.000  0.522
   0.79464      8.028041  0.000  0.000  0.001  0.352  0.063  0.000  0.000  0.091  0.000  0.509
   0.76626      8.007219  0.000  0.002  0.005  0.331  0.063  0.005  0.001  0.075  0.005  0.489
   0.73788      7.932288  0.008  0.030  0.104  0.001  0.000  0.103  0.063  0.000  0.122  0.434
   0.70950      7.814060  0.008  0.028  0.102  0.000  0.000  0.103  0.069  0.000  0.127  0.438
   0.68112      7.701157  0.008  0.026  0.099  0.000  0.000  0.102  0.073  0.000  0.131  0.441
   0.65274      7.697389  0.172  0.250  0.079  0.000  0.000  0.024  0.017  0.000  0.061  0.604
   0.62436      7.968286  0.167  0.254  0.077  0.000  0.000  0.028  0.021  0.000  0.053  0.602
   0.59598      8.231120  0.162  0.253  0.077  0.000  0.000  0.033  0.027  0.000  0.049  0.599
   0.56760      8.478094  0.153  0.243  0.075  0.000  0.000  0.036  0.037  0.000  0.043  0.586
   0.53922      8.701017  0.139  0.225  0.071  0.000  0.000  0.041  0.050  0.000  0.040  0.565
   0.51084      8.895577  0.122  0.204  0.069  0.000  0.000  0.041  0.069  0.000  0.034  0.539
   0.48246      9.064340  0.110  0.188  0.064  0.000  0.000  0.041  0.083  0.000  0.030  0.517
   0.45408      9.209769  0.104  0.176  0.061  0.000  0.000  0.037  0.093  0.000  0.027  0.498
   0.42570      9.326576  0.107  0.165  0.063  0.000  0.000  0.032  0.093  0.000  0.027  0.487
   0.39732      9.408748  0.117  0.149  0.074  0.000  0.000  0.030  0.086  0.000  0.032  0.485
   0.36894      9.464472  0.131  0.131  0.087  0.000  0.000  0.027  0.076  0.000  0.037  0.487
   0.34056      9.511682  0.143  0.115  0.104  0.000  0.000  0.024  0.068  0.000  0.042  0.495
   0.31218      9.563414  0.151  0.102  0.119  0.000  0.000  0.021  0.062  0.000  0.046  0.504
   0.28380      9.624987  0.156  0.091  0.135  0.000  0.000  0.019  0.059  0.000  0.051  0.513
   0.25542      9.697431  0.159  0.083  0.150  0.000  0.000  0.017  0.057  0.000  0.053  0.519
   0.22704      9.780102  0.161  0.076  0.162  0.000  0.000  0.016  0.057  0.000  0.056  0.525
   0.19866      9.871863  0.161  0.071  0.173  0.000  0.000  0.014  0.056  0.000  0.056  0.532
   0.17028      9.969634  0.148  0.059  0.170  0.030  0.002  0.012  0.051  0.014  0.053  0.539
   0.14190      9.883735  0.000  0.000  0.000  0.373  0.024  0.000  0.000  0.190  0.000  0.587
   0.11352      9.757389  0.000  0.000  0.000  0.367  0.021  0.000  0.000  0.196  0.000  0.586
   0.08514      9.623653  0.000  0.000  0.000  0.361  0.019  0.000  0.000  0.202  0.000  0.582
   0.05676      9.485909  0.000  0.000  0.000  0.355  0.018  0.000  0.000  0.203  0.000  0.578
   0.02838      9.349158  0.000  0.000  0.000  0.347  0.018  0.000  0.000  0.207  0.000  0.573
   0.00000      9.254236  0.000  0.000  0.000  0.327  0.018  0.000  0.000  0.218  0.000  0.562
 
# Band-Index:   25
   0.00000     10.582351  0.140  0.049  0.227  0.000  0.000  0.008  0.060  0.000  0.060  0.545
   0.02838     10.530340  0.144  0.050  0.225  0.000  0.000  0.009  0.058  0.000  0.059  0.545
   0.05676     10.425064  0.149  0.052  0.219  0.000  0.000  0.009  0.057  0.000  0.058  0.547
   0.08514     10.308400  0.152  0.056  0.212  0.000  0.000  0.009  0.057  0.000  0.058  0.545
   0.11352     10.191913  0.157  0.058  0.203  0.000  0.000  0.010  0.055  0.000  0.059  0.542
   0.14190     10.079485  0.159  0.060  0.194  0.001  0.000  0.011  0.055  0.000  0.058  0.540
   0.17028     10.002422  0.012  0.006  0.015  0.351  0.026  0.000  0.005  0.170  0.004  0.587
   0.19866     10.100912  0.000  0.000  0.000  0.388  0.033  0.000  0.000  0.172  0.000  0.593
   0.22704     10.181286  0.000  0.000  0.000  0.394  0.040  0.000  0.000  0.159  0.000  0.594
   0.25542     10.235902  0.000  0.000  0.000  0.403  0.049  0.000  0.000  0.141  0.000  0.593
   0.28380     10.259090  0.000  0.000  0.000  0.407  0.062  0.000  0.000  0.122  0.000  0.591
   0.31218     10.246466  0.000  0.000  0.000  0.410  0.076  0.000  0.000  0.101  0.000  0.586
   0.34056     10.196180  0.000  0.000  0.000  0.407  0.090  0.000  0.000  0.080  0.000  0.578
   0.36894     10.109660  0.000  0.000  0.000  0.400  0.103  0.000  0.000  0.063  0.000  0.567
   0.39732      9.991287  0.000  0.000  0.000  0.389  0.116  0.000  0.000  0.048  0.000  0.556
   0.42570      9.847020  0.000  0.000  0.000  0.380  0.128  0.000  0.000  0.038  0.000  0.546
   0.45408      9.683220  0.000  0.000  0.000  0.368  0.134  0.000  0.000  0.031  0.000  0.533
   0.48246      9.505829  0.000  0.000  0.000  0.356  0.141  0.000  0.000  0.024  0.000  0.523
   0.51084      9.319900  0.000  0.000  0.000  0.347  0.143  0.000  0.000  0.021  0.000  0.513
   0.53922      9.129670  0.000  0.000  0.000  0.338  0.144  0.000  0.000  0.019  0.000  0.504
   0.56760      8.938827  0.000  0.000  0.000  0.333  0.142  0.000  0.000  0.020  0.000  0.496
   0.59598      8.750750  0.000  0.000  0.000  0.327  0.140  0.000  0.000  0.020  0.000  0.490
   0.62436      8.569038  0.000  0.000  0.000  0.326  0.134  0.000  0.000  0.022  0.000  0.481
   0.65274      8.398344  0.000  0.000  0.000  0.324  0.125  0.000  0.000  0.027  0.000  0.476
   0.68112      8.245579  0.000  0.000  0.000  0.326  0.111  0.000  0.000  0.034  0.000  0.471
   0.70950      8.121396  0.000  0.000  0.000  0.329  0.094  0.000  0.000  0.046  0.000  0.470
   0.73788      8.039972  0.000  0.000  0.001  0.337  0.078  0.000  0.000  0.063  0.000  0.478
   0.76626      8.059578  0.008  0.032  0.102  0.016  0.003  0.101  0.055  0.004  0.112  0.434
   0.79464      8.187863  0.008  0.038  0.108  0.003  0.000  0.104  0.052  0.000  0.112  0.428
   0.82302      8.322107  0.008  0.042  0.110  0.002  0.000  0.106  0.046  0.000  0.110  0.426
   0.85140      8.460664  0.010  0.048  0.113  0.001  0.000  0.107  0.040  0.000  0.105  0.425
   0.87978      8.602551  0.010  0.056  0.115  0.001  0.000  0.107  0.033  0.000  0.098  0.423
   0.90816      8.746490  0.010  0.065  0.118  0.001  0.000  0.107  0.027  0.000  0.094  0.424
   0.93654      8.890708  0.009  0.075  0.120  0.001  0.000  0.107  0.022  0.000  0.086  0.424
   0.96492      9.032765  0.012  0.089  0.125  0.001  0.000  0.106  0.015  0.000  0.078  0.424
   0.99330      9.169579  0.011  0.099  0.126  0.001  0.000  0.105  0.009  0.000  0.070  0.424
   1.02168      9.298101  0.009  0.102  0.129  0.002  0.000  0.107  0.007  0.000  0.065  0.420
   1.05006      9.392048  0.024  0.002  0.003  0.000  0.000  0.000  0.470  0.000  0.001  0.503
   1.07844      9.389276  0.029  0.001  0.001  0.000  0.000  0.000  0.477  0.000  0.000  0.509
   1.10682      9.386529  0.029  0.000  0.000  0.000  0.000  0.000  0.479  0.000  0.000  0.508
   1.10682      9.386529  0.029  0.000  0.000  0.000  0.000  0.000  0.479  0.000  0.000  0.508
   1.13528      9.386380  0.028  0.000  0.002  0.000  0.000  0.006  0.464  0.000  0.006  0.507
   1.16374      9.291631  0.010  0.020  0.100  0.001  0.000  0.138  0.054  0.000  0.105  0.425
   1.19219      9.112963  0.008  0.046  0.101  0.000  0.000  0.140  0.027  0.000  0.104  0.426
   1.22065      8.943101  0.007  0.064  0.094  0.000  0.000  0.139  0.027  0.000  0.103  0.434
   1.24911      8.775042  0.007  0.069  0.089  0.000  0.000  0.135  0.031  0.000  0.101  0.435
   1.27757      8.605760  0.008  0.066  0.089  0.000  0.000  0.134  0.035  0.000  0.103  0.433
   1.30602      8.435467  0.008  0.061  0.087  0.000  0.000  0.131  0.040  0.000  0.103  0.429
   1.33448      8.265320  0.008  0.056  0.085  0.000  0.000  0.127  0.044  0.000  0.103  0.422
   1.36294      8.096613  0.006  0.052  0.084  0.000  0.000  0.125  0.047  0.000  0.103  0.418
   1.39139      7.930631  0.007  0.048  0.081  0.001  0.000  0.123  0.050  0.000  0.101  0.413
   1.41985      7.768762  0.007  0.045  0.078  0.002  0.000  0.121  0.051  0.000  0.101  0.408
   1.44831      7.613708  0.005  0.042  0.072  0.018  0.002  0.115  0.052  0.004  0.095  0.408
   1.47677      7.584800  0.000  0.000  0.000  0.383  0.065  0.000  0.000  0.056  0.000  0.505
   1.50522      7.669451  0.000  0.000  0.000  0.368  0.094  0.000  0.000  0.034  0.000  0.494
   1.53368      7.802311  0.000  0.000  0.000  0.351  0.117  0.000  0.000  0.021  0.000  0.488
   1.56214      7.961142  0.000  0.000  0.000  0.340  0.132  0.000  0.000  0.015  0.000  0.488
   1.59060      8.134835  0.000  0.000  0.000  0.335  0.142  0.000  0.000  0.013  0.000  0.491
   1.61905      8.317947  0.000  0.000  0.000  0.334  0.149  0.000  0.000  0.013  0.000  0.498
   1.64751      8.507164  0.000  0.000  0.000  0.332  0.154  0.000  0.000  0.015  0.000  0.504
   1.67597      8.699883  0.000  0.000  0.000  0.334  0.157  0.000  0.000  0.017  0.000  0.510
   1.70442      8.893618  0.000  0.000  0.000  0.338  0.160  0.000  0.000  0.019  0.000  0.517
   1.73288      9.085674  0.000  0.000  0.000  0.345  0.158  0.000  0.000  0.023  0.000  0.526
   1.76134      9.272725  0.000  0.000  0.000  0.353  0.156  0.000  0.000  0.027  0.000  0.536
   1.78980      9.450626  0.000  0.000  0.000  0.361  0.150  0.000  0.000  0.034  0.000  0.546
   1.81825      9.614355  0.000  0.000  0.000  0.370  0.141  0.000  0.000  0.043  0.000  0.557
   1.84671      9.758059  0.000  0.000  0.000  0.379  0.132  0.000  0.000  0.056  0.000  0.566
   1.87517      9.875588  0.000  0.000  0.000  0.386  0.120  0.000  0.000  0.071  0.000  0.577
   1.90362      9.961495  0.000  0.000  0.000  0.392  0.104  0.000  0.000  0.089  0.000  0.585
   1.93208     10.012381  0.000  0.000  0.000  0.392  0.089  0.000  0.000  0.109  0.000  0.589
   1.96054     10.027702  0.000  0.000  0.000  0.391  0.074  0.000  0.000  0.128  0.000  0.592
   1.98900     10.009806  0.000  0.000  0.000  0.387  0.060  0.000  0.000  0.146  0.000  0.594
   2.01745      9.981868  0.149  0.074  0.154  0.019  0.003  0.016  0.052  0.008  0.056  0.530
   2.04591     10.064580  0.158  0.073  0.173  0.000  0.000  0.014  0.054  0.000  0.061  0.532
   2.07437     10.154198  0.157  0.069  0.185  0.000  0.000  0.013  0.054  0.000  0.060  0.537
   2.10282     10.249421  0.156  0.063  0.195  0.000  0.000  0.011  0.055  0.000  0.061  0.540
   2.13128     10.348878  0.151  0.059  0.206  0.000  0.000  0.010  0.055  0.000  0.058  0.542
   2.15974     10.449077  0.148  0.056  0.215  0.000  0.000  0.009  0.056  0.000  0.059  0.544
   2.18820     10.539018  0.144  0.051  0.222  0.000  0.000  0.008  0.057  0.000  0.059  0.545
   2.21665     10.582351  0.140  0.049  0.227  0.000  0.000  0.008  0.060  0.000  0.060  0.545
 
# Band-Index:   26
   2.21665     10.903104  0.148  0.055  0.244  0.000  0.000  0.013  0.054  0.000  0.050  0.565
   2.18820     10.953023  0.144  0.053  0.248  0.000  0.000  0.013  0.054  0.000  0.049  0.565
   2.15974     11.062659  0.138  0.052  0.255  0.000  0.000  0.013  0.056  0.000  0.048  0.565
   2.13128     11.195388  0.132  0.050  0.263  0.000  0.000  0.013  0.060  0.000  0.048  0.565
   2.10282     11.339548  0.122  0.049  0.270  0.000  0.000  0.016  0.064  0.000  0.048  0.567
   2.07437     11.489981  0.111  0.047  0.277  0.000  0.000  0.018  0.068  0.000  0.046  0.567
   2.04591     11.639025  0.091  0.044  0.279  0.000  0.000  0.021  0.081  0.000  0.045  0.561
   2.01745     11.727983  0.023  0.096  0.207  0.000  0.000  0.030  0.121  0.000  0.041  0.519
   1.98900     11.547374  0.031  0.225  0.086  0.000  0.000  0.025  0.103  0.000  0.030  0.500
   1.96054     11.288557  0.050  0.235  0.072  0.000  0.000  0.026  0.089  0.000  0.030  0.501
   1.93208     11.030404  0.061  0.232  0.071  0.000  0.000  0.027  0.078  0.000  0.032  0.502
   1.90362     10.786503  0.071  0.222  0.072  0.000  0.000  0.030  0.070  0.000  0.036  0.503
   1.87517     10.568391  0.084  0.211  0.078  0.000  0.000  0.032  0.060  0.000  0.038  0.505
   1.84671     10.390307  0.096  0.202  0.089  0.000  0.000  0.034  0.048  0.000  0.042  0.512
   1.81825     10.263211  0.109  0.202  0.100  0.000  0.000  0.038  0.038  0.000  0.041  0.529
   1.78980     10.165901  0.126  0.231  0.119  0.000  0.000  0.030  0.039  0.000  0.031  0.577
   1.76134     10.009689  0.117  0.245  0.133  0.000  0.000  0.019  0.057  0.000  0.025  0.595
   1.73288      9.803802  0.097  0.213  0.137  0.000  0.000  0.017  0.072  0.000  0.030  0.565
   1.70442      9.606945  0.078  0.173  0.146  0.000  0.000  0.020  0.086  0.000  0.033  0.535
   1.67597      9.442955  0.060  0.128  0.153  0.000  0.000  0.024  0.100  0.000  0.038  0.504
   1.64751      9.321039  0.052  0.091  0.157  0.000  0.000  0.033  0.110  0.000  0.041  0.483
   1.61905      9.238722  0.048  0.066  0.156  0.000  0.000  0.038  0.116  0.000  0.042  0.467
   1.59060      9.187385  0.048  0.052  0.154  0.000  0.000  0.040  0.121  0.000  0.042  0.459
   1.56214      9.158568  0.050  0.045  0.148  0.000  0.000  0.044  0.124  0.000  0.042  0.452
   1.53368      9.146214  0.051  0.045  0.139  0.000  0.000  0.043  0.130  0.000  0.040  0.448
   1.50522      9.146435  0.052  0.046  0.131  0.000  0.000  0.041  0.136  0.000  0.038  0.444
   1.47677      9.156758  0.050  0.047  0.124  0.000  0.000  0.040  0.144  0.000  0.035  0.439
   1.44831      9.175495  0.047  0.050  0.116  0.000  0.000  0.039  0.154  0.000  0.032  0.435
   1.41985      9.201295  0.043  0.051  0.108  0.000  0.000  0.035  0.167  0.000  0.029  0.433
   1.39139      9.232821  0.037  0.053  0.098  0.000  0.000  0.033  0.183  0.000  0.026  0.430
   1.36294      9.268467  0.033  0.052  0.090  0.000  0.000  0.029  0.204  0.000  0.025  0.430
   1.33448      9.306083  0.027  0.050  0.079  0.000  0.000  0.025  0.232  0.000  0.020  0.434
   1.30602      9.342719  0.021  0.046  0.070  0.000  0.000  0.020  0.266  0.000  0.018  0.439
   1.27757      9.374572  0.018  0.040  0.056  0.000  0.000  0.015  0.307  0.000  0.014  0.450
   1.24911      9.397513  0.017  0.030  0.042  0.000  0.000  0.011  0.353  0.000  0.010  0.465
   1.22065      9.408825  0.018  0.020  0.029  0.000  0.000  0.007  0.396  0.000  0.006  0.479
   1.19219      9.409479  0.021  0.011  0.019  0.000  0.000  0.006  0.429  0.000  0.005  0.490
   1.16374      9.406652  0.023  0.005  0.021  0.000  0.000  0.014  0.422  0.000  0.010  0.493
   1.13528      9.504954  0.008  0.010  0.105  0.000  0.000  0.157  0.018  0.000  0.121  0.422
   1.10682      9.673218  0.000  0.018  0.000  0.000  0.010  0.267  0.002  0.013  0.213  0.521
   1.10682      9.673218  0.000  0.018  0.000  0.000  0.010  0.267  0.002  0.013  0.213  0.521
   1.07844      9.543843  0.008  0.043  0.117  0.000  0.000  0.141  0.004  0.000  0.100  0.416
   1.05006      9.418686  0.008  0.086  0.130  0.001  0.000  0.112  0.006  0.000  0.069  0.414
   1.02168      9.388395  0.020  0.006  0.010  0.000  0.000  0.002  0.454  0.000  0.005  0.495
   0.99330      9.373617  0.014  0.015  0.018  0.000  0.000  0.006  0.423  0.000  0.008  0.485
   0.96492      9.345777  0.011  0.027  0.030  0.000  0.000  0.011  0.384  0.000  0.009  0.475
   0.93654      9.306378  0.012  0.038  0.042  0.000  0.000  0.017  0.345  0.000  0.013  0.465
   0.90816      9.259334  0.013  0.046  0.053  0.000  0.000  0.022  0.307  0.000  0.015  0.458
   0.87978      9.209155  0.017  0.052  0.063  0.000  0.000  0.027  0.276  0.000  0.018  0.453
   0.85140      9.159719  0.023  0.054  0.073  0.000  0.000  0.030  0.250  0.000  0.020  0.450
   0.82302      9.114083  0.028  0.057  0.079  0.000  0.000  0.034  0.231  0.000  0.020  0.449
   0.79464      9.074596  0.033  0.057  0.088  0.000  0.000  0.035  0.213  0.000  0.022  0.448
   0.76626      9.043140  0.034  0.057  0.094  0.000  0.000  0.038  0.200  0.000  0.024  0.450
   0.73788      9.021360  0.037  0.057  0.100  0.000  0.000  0.038  0.188  0.000  0.026  0.449
   0.70950      9.010920  0.039  0.058  0.107  0.000  0.000  0.039  0.180  0.000  0.026  0.449
   0.68112      9.013703  0.043  0.060  0.111  0.000  0.000  0.038  0.171  0.000  0.029  0.451
   0.65274      9.032199  0.042  0.062  0.114  0.000  0.000  0.039  0.165  0.000  0.031  0.452
   0.62436      9.069935  0.044  0.068  0.117  0.000  0.000  0.036  0.159  0.000  0.032  0.457
   0.59598      9.132125  0.044  0.082  0.117  0.000  0.000  0.033  0.152  0.000  0.033  0.462
   0.56760      9.226061  0.048  0.104  0.115  0.000  0.000  0.027  0.141  0.000  0.033  0.471
   0.53922      9.359589  0.058  0.139  0.112  0.000  0.000  0.022  0.127  0.000  0.035  0.491
   0.51084      9.535350  0.070  0.178  0.107  0.000  0.000  0.018  0.110  0.000  0.035  0.516
   0.48246      9.745174  0.082  0.214  0.105  0.000  0.000  0.015  0.095  0.000  0.032  0.541
   0.45408      9.971629  0.095  0.237  0.103  0.000  0.000  0.014  0.081  0.000  0.029  0.561
   0.42570     10.175207  0.108  0.225  0.105  0.000  0.000  0.024  0.067  0.000  0.025  0.555
   0.39732     10.302929  0.097  0.180  0.100  0.000  0.000  0.038  0.054  0.000  0.034  0.501
   0.36894     10.451458  0.085  0.181  0.091  0.000  0.000  0.036  0.061  0.000  0.034  0.487
   0.34056     10.646670  0.074  0.194  0.084  0.000  0.000  0.033  0.070  0.000  0.032  0.485
   0.31218     10.873758  0.065  0.203  0.083  0.000  0.000  0.029  0.076  0.000  0.030  0.485
   0.28380     11.118912  0.054  0.209  0.087  0.000  0.000  0.027  0.081  0.000  0.027  0.486
   0.25542     11.369053  0.041  0.207  0.098  0.000  0.000  0.024  0.087  0.000  0.027  0.485
   0.22704     11.598698  0.022  0.177  0.132  0.000  0.000  0.025  0.097  0.000  0.029  0.485
   0.19866     11.717124  0.030  0.091  0.224  0.000  0.000  0.026  0.098  0.000  0.039  0.510
   0.17028     11.650285  0.078  0.054  0.268  0.000  0.000  0.021  0.077  0.000  0.043  0.544
   0.14190     11.515146  0.105  0.052  0.268  0.000  0.000  0.017  0.068  0.000  0.045  0.555
   0.11352     11.367020  0.119  0.053  0.264  0.000  0.000  0.017  0.061  0.000  0.048  0.559
   0.08514     11.219425  0.128  0.053  0.259  0.000  0.000  0.013  0.057  0.000  0.049  0.562
   0.05676     11.079476  0.136  0.053  0.253  0.000  0.000  0.013  0.057  0.000  0.049  0.561
   0.02838     10.959911  0.144  0.054  0.247  0.000  0.000  0.013  0.054  0.000  0.051  0.563
   0.00000     10.903104  0.148  0.055  0.244  0.000  0.000  0.013  0.054  0.000  0.050  0.565
 
# Band-Index:   27
   0.00000     13.250557  0.025  0.363  0.085  0.000  0.000  0.004  0.059  0.000  0.016  0.551
   0.02838     13.222612  0.027  0.360  0.084  0.000  0.000  0.004  0.060  0.000  0.015  0.552
   0.05676     13.141853  0.030  0.355  0.082  0.000  0.000  0.005  0.061  0.000  0.017  0.551
   0.08514     13.014991  0.037  0.346  0.076  0.000  0.000  0.009  0.065  0.000  0.017  0.552
   0.11352     12.818079  0.064  0.328  0.071  0.000  0.000  0.011  0.047  0.000  0.012  0.534
   0.14190     12.575744  0.078  0.314  0.069  0.000  0.000  0.013  0.045  0.000  0.016  0.533
   0.17028     12.336191  0.106  0.300  0.072  0.000  0.000  0.011  0.037  0.000  0.017  0.544
   0.19866     12.161690  0.154  0.254  0.121  0.000  0.000  0.012  0.018  0.000  0.022  0.581
   0.22704     12.013605  0.059  0.303  0.083  0.000  0.000  0.013  0.066  0.000  0.027  0.553
   0.25542     11.775161  0.063  0.297  0.080  0.000  0.000  0.015  0.066  0.000  0.029  0.551
   0.28380     11.530535  0.068  0.289  0.079  0.000  0.000  0.016  0.066  0.000  0.032  0.550
   0.31218     11.281562  0.070  0.281  0.081  0.000  0.000  0.018  0.066  0.000  0.033  0.549
   0.34056     11.029993  0.073  0.272  0.082  0.000  0.000  0.019  0.066  0.000  0.037  0.547
   0.36894     10.778678  0.071  0.259  0.083  0.000  0.000  0.021  0.064  0.000  0.039  0.539
   0.39732     10.536152  0.065  0.233  0.083  0.000  0.000  0.028  0.061  0.000  0.047  0.516
   0.42570     10.354312  0.054  0.157  0.088  0.000  0.000  0.050  0.041  0.000  0.061  0.450
   0.45408     10.341593  0.062  0.114  0.105  0.000  0.000  0.068  0.025  0.000  0.056  0.429
   0.48246     10.436757  0.059  0.107  0.117  0.000  0.000  0.074  0.024  0.000  0.051  0.434
   0.51084     10.587390  0.056  0.104  0.131  0.000  0.000  0.080  0.025  0.000  0.044  0.442
   0.53922     10.766584  0.052  0.100  0.147  0.000  0.000  0.085  0.027  0.000  0.040  0.454
   0.56760     10.793834  0.000  0.000  0.000  0.025  0.254  0.000  0.000  0.203  0.000  0.484
   0.59598     10.685427  0.000  0.000  0.000  0.024  0.251  0.000  0.000  0.210  0.000  0.488
   0.62436     10.582955  0.000  0.000  0.000  0.024  0.250  0.000  0.000  0.217  0.000  0.490
   0.65274     10.486612  0.000  0.000  0.000  0.024  0.246  0.000  0.000  0.223  0.000  0.493
   0.68112     10.396382  0.000  0.000  0.000  0.023  0.244  0.000  0.000  0.228  0.000  0.497
   0.70950     10.312238  0.000  0.000  0.000  0.023  0.242  0.000  0.000  0.234  0.000  0.499
   0.73788     10.234117  0.000  0.000  0.000  0.023  0.240  0.000  0.000  0.240  0.000  0.501
   0.76626     10.161989  0.000  0.000  0.000  0.022  0.237  0.000  0.000  0.242  0.000  0.505
   0.79464     10.095784  0.000  0.000  0.000  0.022  0.236  0.000  0.000  0.247  0.000  0.506
   0.82302     10.035448  0.000  0.000  0.000  0.022  0.234  0.000  0.000  0.252  0.000  0.508
   0.85140      9.980903  0.000  0.000  0.000  0.022  0.232  0.000  0.000  0.256  0.000  0.510
   0.87978      9.932057  0.000  0.000  0.000  0.022  0.231  0.000  0.000  0.260  0.000  0.514
   0.90816      9.888803  0.000  0.000  0.000  0.020  0.229  0.000  0.000  0.263  0.000  0.514
   0.93654      9.851017  0.000  0.000  0.000  0.021  0.228  0.000  0.000  0.267  0.000  0.516
   0.96492      9.818537  0.000  0.000  0.000  0.021  0.226  0.000  0.000  0.269  0.000  0.517
   0.99330      9.791174  0.000  0.000  0.000  0.022  0.225  0.000  0.000  0.273  0.000  0.519
   1.02168      9.768766  0.000  0.000  0.000  0.022  0.223  0.000  0.000  0.274  0.000  0.521
   1.05006      9.751407  0.000  0.000  0.000  0.022  0.222  0.000  0.000  0.277  0.000  0.522
   1.07844      9.739900  0.000  0.000  0.001  0.020  0.220  0.000  0.000  0.279  0.000  0.521
   1.10682      9.738548  0.000  0.000  0.000  0.020  0.211  0.014  0.000  0.270  0.009  0.524
   1.10682      9.738548  0.000  0.000  0.000  0.020  0.211  0.014  0.000  0.270  0.009  0.524
   1.13528      9.784760  0.000  0.000  0.003  0.046  0.205  0.000  0.000  0.273  0.001  0.527
   1.16374      9.897869  0.000  0.000  0.001  0.077  0.186  0.000  0.000  0.268  0.001  0.536
   1.19219     10.021346  0.000  0.000  0.002  0.086  0.179  0.002  0.000  0.269  0.003  0.541
   1.22065     10.127953  0.000  0.001  0.005  0.071  0.177  0.006  0.002  0.264  0.006  0.534
   1.24911     10.211949  0.001  0.004  0.009  0.053  0.173  0.009  0.009  0.249  0.012  0.523
   1.27757     10.280660  0.001  0.001  0.003  0.045  0.196  0.002  0.006  0.271  0.005  0.529
   1.30602     10.338364  0.000  0.000  0.000  0.036  0.211  0.000  0.002  0.278  0.001  0.528
   1.33448     10.390533  0.000  0.000  0.000  0.027  0.218  0.000  0.000  0.277  0.000  0.526
   1.36294     10.441138  0.000  0.000  0.000  0.023  0.222  0.000  0.000  0.275  0.000  0.523
   1.39139     10.492433  0.000  0.000  0.000  0.020  0.226  0.000  0.000  0.272  0.000  0.518
   1.41985     10.545746  0.000  0.000  0.000  0.017  0.229  0.000  0.000  0.268  0.000  0.516
   1.44831     10.601890  0.000  0.000  0.000  0.019  0.231  0.000  0.000  0.264  0.000  0.513
   1.47677     10.661364  0.000  0.000  0.000  0.017  0.232  0.000  0.000  0.258  0.000  0.509
   1.50522     10.724509  0.000  0.000  0.000  0.017  0.233  0.000  0.000  0.255  0.000  0.506
   1.53368     10.791466  0.000  0.000  0.000  0.016  0.233  0.000  0.000  0.249  0.000  0.502
   1.56214     10.862139  0.001  0.001  0.002  0.016  0.233  0.000  0.000  0.243  0.000  0.498
   1.59060     10.928300  0.029  0.032  0.065  0.010  0.148  0.033  0.018  0.151  0.014  0.500
   1.61905     10.831155  0.065  0.100  0.166  0.000  0.000  0.087  0.040  0.000  0.035  0.495
   1.64751     10.706299  0.059  0.111  0.153  0.000  0.000  0.082  0.036  0.000  0.034  0.477
   1.67597     10.580101  0.057  0.119  0.137  0.000  0.000  0.077  0.034  0.000  0.035  0.461
   1.70442     10.464995  0.056  0.122  0.120  0.000  0.000  0.072  0.034  0.000  0.040  0.445
   1.73288     10.376033  0.056  0.124  0.107  0.000  0.000  0.064  0.034  0.000  0.046  0.432
   1.76134     10.338140  0.050  0.125  0.092  0.000  0.000  0.056  0.041  0.000  0.053  0.418
   1.78980     10.412969  0.053  0.164  0.091  0.000  0.000  0.036  0.056  0.000  0.049  0.449
   1.81825     10.615809  0.071  0.219  0.099  0.000  0.000  0.023  0.059  0.000  0.038  0.508
   1.84671     10.859967  0.079  0.247  0.100  0.000  0.000  0.020  0.055  0.000  0.034  0.536
   1.87517     11.113603  0.081  0.262  0.100  0.000  0.000  0.018  0.054  0.000  0.030  0.547
   1.90362     11.368308  0.080  0.272  0.102  0.000  0.000  0.017  0.052  0.000  0.028  0.552
   1.93208     11.619576  0.078  0.279  0.107  0.000  0.000  0.015  0.051  0.000  0.025  0.556
   1.96054     11.858949  0.073  0.273  0.129  0.000  0.000  0.014  0.049  0.000  0.025  0.561
   1.98900     11.990105  0.109  0.147  0.265  0.000  0.000  0.008  0.035  0.000  0.031  0.593
   2.01745     11.951027  0.144  0.240  0.153  0.000  0.000  0.008  0.011  0.000  0.023  0.580
   2.04591     12.152562  0.078  0.301  0.071  0.000  0.000  0.012  0.053  0.000  0.019  0.536
   2.07437     12.409579  0.056  0.309  0.069  0.000  0.000  0.013  0.064  0.000  0.019  0.531
   2.10282     12.659736  0.045  0.321  0.071  0.000  0.000  0.011  0.067  0.000  0.019  0.534
   2.13128     12.887125  0.038  0.333  0.075  0.000  0.000  0.009  0.065  0.000  0.018  0.537
   2.15974     13.075405  0.030  0.346  0.079  0.000  0.000  0.008  0.062  0.000  0.015  0.543
   2.18820     13.203965  0.027  0.358  0.083  0.000  0.000  0.004  0.059  0.000  0.015  0.548
   2.21665     13.250557  0.025  0.363  0.085  0.000  0.000  0.004  0.059  0.000  0.016  0.551
 
# Band-Index:   28
   2.21665     13.402459  0.030  0.373  0.095  0.000  0.000  0.002  0.026  0.000  0.008  0.534
   2.18820     13.375449  0.032  0.371  0.095  0.000  0.000  0.002  0.028  0.000  0.008  0.536
   2.15974     13.295243  0.036  0.365  0.092  0.000  0.000  0.004  0.030  0.000  0.011  0.541
   2.13128     13.167824  0.044  0.355  0.091  0.000  0.000  0.006  0.033  0.000  0.013  0.543
   2.10282     13.003306  0.051  0.346  0.087  0.000  0.000  0.009  0.039  0.000  0.014  0.544
   2.07437     12.811654  0.058  0.335  0.083  0.000  0.000  0.011  0.042  0.000  0.017  0.547
   2.04591     12.601223  0.065  0.324  0.080  0.000  0.000  0.014  0.045  0.000  0.018  0.547
   2.01745     12.380433  0.075  0.314  0.074  0.000  0.000  0.016  0.046  0.000  0.020  0.549
   1.98900     12.182552  0.106  0.262  0.088  0.000  0.000  0.024  0.044  0.000  0.024  0.551
   1.96054     12.234018  0.130  0.106  0.242  0.000  0.000  0.027  0.043  0.000  0.034  0.585
   1.93208     12.274472  0.002  0.000  0.004  0.025  0.249  0.000  0.000  0.155  0.000  0.435
   1.90362     12.104618  0.000  0.000  0.000  0.022  0.245  0.000  0.000  0.171  0.000  0.437
   1.87517     11.952890  0.000  0.000  0.000  0.016  0.242  0.000  0.000  0.182  0.000  0.441
   1.84671     11.817350  0.000  0.000  0.000  0.016  0.238  0.000  0.000  0.191  0.000  0.446
   1.81825     11.694636  0.000  0.000  0.000  0.017  0.237  0.000  0.000  0.199  0.000  0.454
   1.78980     11.581565  0.000  0.000  0.000  0.017  0.237  0.000  0.000  0.206  0.000  0.460
   1.76134     11.475698  0.000  0.000  0.000  0.019  0.237  0.000  0.000  0.210  0.000  0.466
   1.73288     11.375420  0.000  0.000  0.000  0.019  0.236  0.000  0.000  0.216  0.000  0.470
   1.70442     11.279832  0.000  0.000  0.000  0.018  0.237  0.000  0.000  0.220  0.000  0.478
   1.67597     11.188508  0.000  0.000  0.000  0.018  0.236  0.000  0.000  0.225  0.000  0.482
   1.64751     11.101317  0.000  0.000  0.000  0.018  0.237  0.000  0.000  0.231  0.000  0.486
   1.61905     11.018524  0.000  0.000  0.000  0.018  0.236  0.000  0.000  0.233  0.000  0.489
   1.59060     10.956069  0.046  0.054  0.111  0.006  0.088  0.059  0.029  0.089  0.024  0.507
   1.56214     11.040883  0.083  0.069  0.182  0.000  0.003  0.095  0.054  0.001  0.045  0.531
   1.53368     11.106967  0.091  0.050  0.180  0.000  0.000  0.099  0.065  0.000  0.055  0.545
   1.50522     11.139565  0.095  0.031  0.171  0.000  0.000  0.100  0.088  0.000  0.067  0.553
   1.47677     11.131299  0.087  0.014  0.149  0.000  0.000  0.100  0.116  0.000  0.082  0.548
   1.44831     11.075306  0.069  0.004  0.120  0.000  0.000  0.092  0.152  0.000  0.092  0.526
   1.41985     10.973525  0.047  0.008  0.091  0.000  0.000  0.080  0.178  0.000  0.094  0.497
   1.39139     10.841749  0.032  0.015  0.072  0.000  0.000  0.068  0.186  0.000  0.092  0.469
   1.36294     10.699227  0.027  0.023  0.063  0.000  0.000  0.062  0.182  0.000  0.089  0.446
   1.33448     10.560092  0.023  0.029  0.062  0.000  0.000  0.061  0.166  0.001  0.090  0.429
   1.30602     10.433746  0.022  0.031  0.064  0.000  0.003  0.061  0.140  0.002  0.090  0.414
   1.27757     10.327004  0.019  0.033  0.067  0.002  0.008  0.064  0.106  0.012  0.093  0.405
   1.24911     10.243142  0.014  0.030  0.070  0.007  0.023  0.068  0.067  0.032  0.092  0.405
   1.22065     10.176503  0.011  0.030  0.085  0.004  0.010  0.084  0.039  0.016  0.111  0.391
   1.19219     10.115116  0.009  0.022  0.100  0.002  0.002  0.102  0.017  0.005  0.125  0.385
   1.16374     10.030761  0.008  0.012  0.117  0.001  0.002  0.116  0.007  0.002  0.121  0.388
   1.13528      9.897194  0.009  0.008  0.137  0.001  0.003  0.112  0.004  0.004  0.101  0.380
   1.10682      9.744851  0.016  0.000  0.249  0.000  0.000  0.000  0.010  0.000  0.000  0.279
   1.10682      9.744851  0.016  0.000  0.249  0.000  0.000  0.000  0.010  0.000  0.000  0.279
   1.07844      9.913060  0.009  0.018  0.124  0.000  0.000  0.128  0.004  0.000  0.109  0.396
   1.05006     10.099842  0.011  0.037  0.095  0.000  0.000  0.139  0.003  0.000  0.130  0.418
   1.02168     10.228746  0.026  0.051  0.076  0.000  0.000  0.125  0.012  0.000  0.133  0.422
   0.99330     10.304301  0.043  0.052  0.070  0.000  0.000  0.102  0.035  0.000  0.120  0.423
   0.96492     10.372067  0.057  0.050  0.067  0.000  0.000  0.086  0.062  0.000  0.107  0.428
   0.93654     10.456116  0.066  0.044  0.066  0.000  0.000  0.075  0.090  0.000  0.095  0.438
   0.90816     10.560839  0.074  0.040  0.068  0.000  0.000  0.069  0.113  0.000  0.087  0.451
   0.87978     10.683318  0.078  0.035  0.069  0.000  0.000  0.065  0.132  0.000  0.083  0.464
   0.85140     10.818306  0.083  0.032  0.075  0.000  0.000  0.064  0.143  0.000  0.082  0.479
   0.82302     10.959638  0.089  0.027  0.083  0.000  0.000  0.067  0.147  0.000  0.081  0.494
   0.79464     11.100067  0.095  0.023  0.097  0.000  0.000  0.070  0.145  0.000  0.080  0.512
   0.76626     11.230472  0.105  0.021  0.115  0.000  0.000  0.077  0.136  0.000  0.076  0.530
   0.73788     11.338844  0.111  0.021  0.136  0.000  0.000  0.084  0.120  0.000  0.073  0.545
   0.70950     11.410096  0.111  0.027  0.162  0.000  0.000  0.089  0.097  0.000  0.064  0.553
   0.68112     11.428697  0.104  0.042  0.182  0.000  0.000  0.092  0.076  0.000  0.054  0.550
   0.65274     11.385314  0.089  0.058  0.193  0.000  0.000  0.094  0.057  0.000  0.044  0.534
   0.62436     11.282449  0.073  0.076  0.191  0.000  0.000  0.092  0.044  0.000  0.038  0.513
   0.59598     11.133188  0.062  0.088  0.179  0.000  0.000  0.091  0.035  0.000  0.036  0.491
   0.56760     10.955567  0.055  0.096  0.164  0.000  0.000  0.089  0.030  0.000  0.038  0.471
   0.53922     10.909808  0.000  0.000  0.000  0.025  0.257  0.000  0.000  0.196  0.000  0.480
   0.51084     11.030903  0.000  0.000  0.000  0.026  0.262  0.000  0.000  0.189  0.000  0.477
   0.48246     11.159033  0.000  0.000  0.000  0.025  0.265  0.000  0.000  0.184  0.000  0.472
   0.45408     11.294454  0.000  0.000  0.000  0.024  0.268  0.000  0.000  0.176  0.000  0.468
   0.42570     11.437967  0.000  0.000  0.000  0.023  0.272  0.000  0.000  0.167  0.000  0.462
   0.39732     11.590733  0.000  0.000  0.000  0.021  0.278  0.000  0.000  0.159  0.000  0.458
   0.36894     11.754225  0.000  0.000  0.000  0.022  0.284  0.000  0.000  0.148  0.000  0.454
   0.34056     11.929924  0.000  0.000  0.000  0.024  0.287  0.000  0.000  0.138  0.000  0.449
   0.31218     12.118877  0.000  0.000  0.000  0.028  0.292  0.000  0.000  0.125  0.000  0.447
   0.28380     12.320946  0.000  0.000  0.000  0.031  0.297  0.000  0.000  0.114  0.000  0.446
   0.25542     12.305436  0.145  0.121  0.247  0.000  0.000  0.022  0.031  0.000  0.031  0.598
   0.22704     12.175863  0.163  0.158  0.204  0.000  0.000  0.017  0.024  0.000  0.028  0.597
   0.19866     12.245546  0.054  0.311  0.071  0.000  0.000  0.015  0.068  0.000  0.025  0.545
   0.17028     12.465471  0.049  0.320  0.076  0.000  0.000  0.012  0.068  0.000  0.022  0.547
   0.14190     12.671642  0.042  0.328  0.078  0.000  0.000  0.010  0.066  0.000  0.021  0.548
   0.11352     12.859346  0.037  0.336  0.082  0.000  0.000  0.009  0.061  0.000  0.022  0.546
   0.08514     13.047090  0.045  0.339  0.085  0.000  0.000  0.007  0.037  0.000  0.014  0.528
   0.05676     13.231578  0.039  0.355  0.089  0.000  0.000  0.006  0.032  0.000  0.010  0.531
   0.02838     13.357408  0.033  0.368  0.093  0.000  0.000  0.002  0.027  0.000  0.007  0.533
   0.00000     13.402459  0.030  0.373  0.095  0.000  0.000  0.002  0.026  0.000  0.008  0.534
 
# Band-Index:   29
   0.00000     14.351401  0.000  0.000  0.000  0.105  0.358  0.000  0.000  0.057  0.000  0.519
   0.02838     14.299731  0.000  0.000  0.000  0.097  0.359  0.000  0.000  0.053  0.000  0.509
   0.05676     14.155876  0.000  0.000  0.000  0.084  0.356  0.000  0.000  0.051  0.000  0.491
   0.08514     13.954234  0.000  0.000  0.000  0.076  0.346  0.000  0.000  0.055  0.000  0.478
   0.11352     13.725039  0.000  0.000  0.000  0.068  0.337  0.000  0.000  0.060  0.000  0.467
   0.14190     13.484372  0.000  0.000  0.000  0.063  0.328  0.000  0.000  0.067  0.000  0.460
   0.17028     13.240763  0.000  0.000  0.000  0.058  0.320  0.000  0.000  0.076  0.000  0.454
   0.19866     12.999393  0.000  0.000  0.000  0.052  0.314  0.000  0.000  0.084  0.000  0.451
   0.22704     12.763977  0.000  0.000  0.000  0.047  0.308  0.000  0.000  0.094  0.000  0.447
   0.25542     12.537641  0.000  0.000  0.000  0.038  0.302  0.000  0.000  0.102  0.000  0.446
   0.28380     12.466791  0.131  0.112  0.260  0.000  0.003  0.026  0.035  0.000  0.031  0.599
   0.31218     12.635343  0.122  0.112  0.268  0.000  0.000  0.031  0.039  0.000  0.029  0.602
   0.34056     12.806713  0.114  0.113  0.273  0.000  0.000  0.036  0.040  0.000  0.026  0.603
   0.36894     12.976847  0.107  0.117  0.275  0.000  0.000  0.039  0.040  0.001  0.025  0.605
   0.39732     13.142634  0.100  0.122  0.273  0.000  0.002  0.045  0.040  0.001  0.023  0.609
   0.42570     13.300849  0.096  0.129  0.269  0.000  0.002  0.051  0.040  0.004  0.021  0.611
   0.45408     13.447675  0.093  0.136  0.263  0.000  0.002  0.057  0.039  0.004  0.019  0.613
   0.48246     13.578209  0.090  0.145  0.252  0.000  0.002  0.064  0.037  0.004  0.018  0.614
   0.51084     13.609543  0.068  0.044  0.055  0.000  0.000  0.044  0.174  0.000  0.073  0.460
   0.53922     13.399336  0.058  0.044  0.050  0.000  0.000  0.039  0.179  0.000  0.072  0.443
   0.56760     13.200599  0.047  0.052  0.048  0.000  0.000  0.033  0.181  0.000  0.069  0.427
   0.59598     13.014922  0.039  0.064  0.046  0.000  0.000  0.025  0.180  0.000  0.062  0.413
   0.62436     12.843814  0.028  0.076  0.050  0.000  0.000  0.016  0.174  0.000  0.053  0.397
   0.65274     12.688567  0.023  0.091  0.058  0.000  0.000  0.008  0.161  0.000  0.042  0.384
   0.68112     12.549113  0.030  0.099  0.073  0.000  0.000  0.007  0.140  0.000  0.028  0.375
   0.70950     12.422783  0.048  0.096  0.091  0.000  0.000  0.008  0.113  0.000  0.021  0.376
   0.73788     12.304964  0.073  0.086  0.104  0.000  0.000  0.016  0.085  0.000  0.020  0.384
   0.76626     12.191469  0.098  0.069  0.111  0.000  0.000  0.026  0.064  0.000  0.025  0.392
   0.79464     12.079545  0.117  0.050  0.115  0.000  0.000  0.039  0.046  0.000  0.034  0.403
   0.82302     11.966495  0.129  0.037  0.115  0.000  0.000  0.050  0.036  0.000  0.044  0.411
   0.85140     11.846232  0.128  0.025  0.119  0.000  0.000  0.068  0.026  0.000  0.055  0.422
   0.87978     11.703038  0.103  0.020  0.126  0.000  0.000  0.097  0.020  0.000  0.072  0.436
   0.90816     11.521296  0.066  0.016  0.120  0.000  0.000  0.130  0.013  0.000  0.092  0.441
   0.93654     11.314938  0.041  0.012  0.111  0.000  0.002  0.147  0.011  0.003  0.104  0.433
   0.96492     11.102280  0.026  0.009  0.105  0.000  0.002  0.155  0.010  0.003  0.114  0.424
   0.99330     10.897636  0.016  0.007  0.101  0.000  0.002  0.156  0.009  0.003  0.124  0.416
   1.02168     10.728097  0.010  0.007  0.087  0.000  0.002  0.156  0.007  0.002  0.142  0.413
   1.05006     10.637146  0.007  0.007  0.058  0.000  0.005  0.164  0.005  0.005  0.183  0.432
   1.07844     10.621500  0.001  0.002  0.019  0.001  0.040  0.171  0.000  0.030  0.215  0.483
   1.10682     10.615638  0.000  0.000  0.000  0.000  0.196  0.071  0.000  0.149  0.093  0.511
   1.10682     10.615638  0.000  0.000  0.000  0.000  0.196  0.071  0.000  0.149  0.093  0.511
   1.13528     10.628646  0.000  0.002  0.009  0.002  0.164  0.086  0.000  0.123  0.108  0.498
   1.16374     10.676661  0.006  0.007  0.027  0.009  0.153  0.078  0.001  0.113  0.084  0.480
   1.19219     10.770516  0.005  0.002  0.018  0.030  0.216  0.033  0.001  0.158  0.031  0.498
   1.22065     10.907150  0.005  0.000  0.013  0.060  0.229  0.020  0.001  0.167  0.016  0.513
   1.24911     11.082293  0.019  0.002  0.028  0.075  0.187  0.038  0.003  0.142  0.028  0.520
   1.27757     11.248087  0.113  0.005  0.118  0.010  0.020  0.135  0.008  0.017  0.102  0.529
   1.30602     11.342387  0.156  0.009  0.136  0.001  0.001  0.123  0.009  0.000  0.097  0.537
   1.33448     11.404425  0.170  0.017  0.143  0.000  0.000  0.103  0.011  0.000  0.082  0.527
   1.36294     11.457566  0.168  0.030  0.147  0.000  0.000  0.087  0.013  0.000  0.068  0.514
   1.39139     11.513060  0.158  0.048  0.145  0.000  0.000  0.072  0.020  0.000  0.054  0.498
   1.41985     11.582437  0.133  0.066  0.134  0.000  0.000  0.055  0.038  0.000  0.041  0.471
   1.44831     11.680815  0.101  0.083  0.113  0.000  0.000  0.038  0.070  0.000  0.036  0.437
   1.47677     11.819250  0.068  0.087  0.088  0.000  0.000  0.025  0.107  0.000  0.038  0.413
   1.50522     11.994908  0.042  0.084  0.070  0.000  0.000  0.020  0.141  0.000  0.044  0.400
   1.53368     12.197017  0.027  0.077  0.060  0.000  0.000  0.019  0.163  0.000  0.050  0.398
   1.56214     12.416088  0.017  0.071  0.055  0.000  0.000  0.021  0.178  0.000  0.055  0.398
   1.59060     12.645797  0.013  0.062  0.053  0.000  0.000  0.024  0.188  0.000  0.061  0.399
   1.61905     12.881973  0.012  0.053  0.053  0.000  0.000  0.027  0.193  0.000  0.063  0.404
   1.64751     13.121633  0.012  0.044  0.056  0.000  0.000  0.033  0.196  0.000  0.065  0.406
   1.67597     13.362063  0.012  0.036  0.061  0.000  0.000  0.039  0.195  0.000  0.067  0.411
   1.70442     13.595636  0.013  0.025  0.085  0.000  0.000  0.047  0.177  0.000  0.066  0.417
   1.73288     13.666118  0.069  0.089  0.260  0.000  0.000  0.066  0.046  0.000  0.034  0.566
   1.76134     13.510040  0.086  0.101  0.278  0.000  0.000  0.061  0.043  0.000  0.029  0.599
   1.78980     13.332094  0.090  0.098  0.284  0.000  0.000  0.054  0.048  0.000  0.029  0.603
   1.81825     13.147014  0.094  0.093  0.286  0.000  0.000  0.049  0.050  0.000  0.028  0.603
   1.84671     12.958914  0.100  0.090  0.287  0.000  0.000  0.042  0.050  0.000  0.030  0.601
   1.87517     12.770534  0.104  0.088  0.286  0.000  0.000  0.039  0.050  0.000  0.031  0.598
   1.90362     12.584261  0.112  0.088  0.281  0.000  0.000  0.034  0.049  0.000  0.033  0.595
   1.93208     12.403901  0.118  0.088  0.269  0.000  0.003  0.030  0.047  0.002  0.034  0.590
   1.96054     12.467898  0.000  0.000  0.000  0.031  0.256  0.000  0.000  0.144  0.000  0.433
   1.98900     12.678232  0.000  0.000  0.000  0.041  0.262  0.000  0.000  0.130  0.000  0.435
   2.01745     12.906416  0.000  0.000  0.000  0.051  0.268  0.000  0.000  0.119  0.000  0.438
   2.04591     13.148902  0.000  0.000  0.000  0.059  0.272  0.000  0.000  0.109  0.000  0.441
   2.07437     13.401393  0.000  0.000  0.000  0.069  0.279  0.000  0.000  0.101  0.000  0.447
   2.10282     13.658231  0.000  0.000  0.000  0.078  0.284  0.000  0.000  0.092  0.000  0.454
   2.13128     13.910229  0.000  0.000  0.000  0.086  0.291  0.000  0.000  0.086  0.000  0.462
   2.15974     14.138608  0.000  0.000  0.000  0.095  0.303  0.000  0.000  0.077  0.000  0.475
   2.18820     14.300258  0.000  0.000  0.000  0.104  0.334  0.000  0.000  0.064  0.000  0.502
   2.21665     14.351401  0.000  0.000  0.000  0.105  0.358  0.000  0.000  0.057  0.000  0.519
 
# Band-Index:   30
   2.21665     14.483086  0.000  0.000  0.000  0.083  0.340  0.000  0.000  0.057  0.000  0.480
   2.18820     14.439103  0.000  0.000  0.000  0.077  0.357  0.000  0.000  0.053  0.000  0.490
   2.15974     14.360341  0.000  0.000  0.000  0.077  0.373  0.000  0.000  0.052  0.000  0.503
   2.13128     14.271283  0.000  0.000  0.000  0.077  0.365  0.000  0.000  0.058  0.000  0.499
   2.10282     14.171485  0.000  0.000  0.000  0.074  0.352  0.000  0.000  0.066  0.000  0.493
   2.07437     14.067201  0.000  0.000  0.000  0.071  0.336  0.000  0.000  0.078  0.000  0.485
   2.04591     13.965685  0.000  0.000  0.000  0.068  0.320  0.000  0.000  0.089  0.000  0.478
   2.01745     13.873545  0.000  0.000  0.000  0.066  0.304  0.000  0.000  0.102  0.000  0.472
   1.98900     13.796653  0.000  0.000  0.000  0.063  0.287  0.000  0.000  0.116  0.000  0.467
   1.96054     13.740228  0.000  0.000  0.000  0.062  0.269  0.000  0.000  0.132  0.000  0.463
   1.93208     13.708684  0.000  0.000  0.000  0.061  0.250  0.000  0.000  0.149  0.000  0.462
   1.90362     13.705314  0.000  0.000  0.000  0.063  0.230  0.000  0.000  0.168  0.000  0.460
   1.87517     13.731970  0.000  0.000  0.000  0.063  0.212  0.000  0.000  0.186  0.000  0.461
   1.84671     13.788682  0.000  0.000  0.000  0.066  0.192  0.000  0.000  0.203  0.000  0.464
   1.81825     13.873914  0.000  0.000  0.000  0.068  0.176  0.000  0.000  0.220  0.000  0.465
   1.78980     13.984721  0.000  0.000  0.000  0.069  0.162  0.000  0.000  0.236  0.000  0.470
   1.76134     14.111070  0.028  0.023  0.037  0.022  0.049  0.037  0.136  0.083  0.040  0.454
   1.73288     13.883534  0.046  0.052  0.054  0.000  0.000  0.049  0.202  0.000  0.058  0.464
   1.70442     13.867086  0.100  0.125  0.206  0.000  0.000  0.070  0.068  0.000  0.028  0.598
   1.67597     13.994720  0.098  0.129  0.198  0.000  0.000  0.079  0.049  0.000  0.032  0.585
   1.64751     14.100123  0.091  0.137  0.165  0.000  0.000  0.086  0.045  0.000  0.035  0.560
   1.61905     14.147472  0.068  0.158  0.124  0.000  0.000  0.087  0.047  0.000  0.034  0.520
   1.59060     14.057241  0.038  0.159  0.086  0.000  0.000  0.080  0.044  0.000  0.047  0.455
   1.56214     13.844862  0.036  0.133  0.069  0.000  0.000  0.077  0.034  0.000  0.066  0.415
   1.53368     13.595463  0.038  0.110  0.066  0.000  0.000  0.078  0.029  0.000  0.075  0.397
   1.50522     13.336732  0.043  0.094  0.065  0.000  0.000  0.081  0.027  0.000  0.080  0.389
   1.47677     13.076905  0.044  0.082  0.065  0.000  0.000  0.083  0.024  0.000  0.082  0.380
   1.44831     12.819579  0.046  0.071  0.067  0.000  0.000  0.086  0.023  0.000  0.082  0.374
   1.41985     12.566780  0.047  0.058  0.070  0.001  0.002  0.087  0.023  0.002  0.082  0.368
   1.39139     12.319662  0.045  0.047  0.067  0.007  0.009  0.084  0.021  0.009  0.078  0.365
   1.36294     12.066225  0.004  0.004  0.008  0.133  0.186  0.009  0.003  0.170  0.009  0.527
   1.33448     11.799088  0.000  0.000  0.001  0.144  0.214  0.000  0.000  0.187  0.000  0.547
   1.30602     11.544565  0.001  0.000  0.002  0.134  0.221  0.000  0.000  0.185  0.000  0.545
   1.27757     11.311029  0.010  0.000  0.013  0.110  0.213  0.013  0.000  0.169  0.009  0.538
   1.24911     11.122331  0.057  0.006  0.092  0.022  0.059  0.117  0.009  0.044  0.082  0.486
   1.22065     10.953478  0.039  0.010  0.094  0.009  0.033  0.128  0.007  0.024  0.097  0.443
   1.19219     10.804596  0.019  0.013  0.072  0.009  0.059  0.117  0.006  0.044  0.100  0.437
   1.16374     10.703223  0.005  0.009  0.036  0.008  0.131  0.089  0.001  0.097  0.092  0.466
   1.13528     10.655706  0.000  0.004  0.014  0.002  0.124  0.113  0.000  0.094  0.139  0.492
   1.10682     10.645237  0.000  0.000  0.000  0.000  0.093  0.151  0.000  0.070  0.195  0.512
   1.10682     10.645237  0.000  0.000  0.000  0.000  0.093  0.151  0.000  0.070  0.195  0.512
   1.07844     10.661590  0.000  0.000  0.004  0.006  0.244  0.029  0.000  0.189  0.035  0.508
   1.05006     10.745345  0.000  0.000  0.001  0.026  0.267  0.003  0.000  0.216  0.003  0.516
   1.02168     10.877482  0.000  0.000  0.001  0.048  0.256  0.001  0.000  0.216  0.001  0.524
   0.99330     11.043467  0.000  0.000  0.001  0.069  0.242  0.001  0.000  0.216  0.000  0.531
   0.96492     11.233699  0.000  0.000  0.001  0.086  0.231  0.002  0.000  0.216  0.000  0.537
   0.93654     11.441607  0.001  0.000  0.001  0.098  0.222  0.001  0.000  0.219  0.000  0.545
   0.90816     11.662341  0.002  0.000  0.001  0.107  0.213  0.000  0.000  0.221  0.001  0.550
   0.87978     11.876516  0.037  0.022  0.024  0.026  0.048  0.094  0.014  0.053  0.094  0.413
   0.85140     12.066150  0.032  0.039  0.045  0.002  0.004  0.135  0.017  0.006  0.121  0.402
   0.82302     12.275871  0.031  0.050  0.056  0.002  0.002  0.137  0.017  0.003  0.118  0.418
   0.79464     12.493579  0.034  0.063  0.062  0.000  0.000  0.133  0.019  0.000  0.112  0.427
   0.76626     12.713133  0.035  0.076  0.065  0.000  0.000  0.125  0.022  0.000  0.108  0.435
   0.73788     12.931410  0.035  0.090  0.068  0.000  0.000  0.120  0.023  0.000  0.102  0.440
   0.70950     13.145959  0.034  0.106  0.069  0.000  0.000  0.112  0.026  0.000  0.095  0.446
   0.68112     13.353727  0.032  0.121  0.070  0.000  0.000  0.109  0.030  0.000  0.087  0.451
   0.65274     13.547317  0.031  0.139  0.080  0.000  0.000  0.110  0.035  0.000  0.072  0.469
   0.62436     13.704002  0.038  0.158  0.103  0.000  0.000  0.116  0.040  0.000  0.052  0.507
   0.59598     13.789029  0.058  0.163  0.142  0.000  0.000  0.111  0.038  0.000  0.036  0.550
   0.56760     13.802490  0.076  0.159  0.182  0.000  0.000  0.098  0.038  0.000  0.028  0.582
   0.53922     13.764055  0.081  0.154  0.214  0.000  0.000  0.086  0.035  0.001  0.024  0.599
   0.51084     13.686535  0.080  0.145  0.238  0.000  0.000  0.075  0.038  0.004  0.022  0.603
   0.48246     13.814763  0.033  0.019  0.025  0.030  0.076  0.020  0.066  0.218  0.028  0.513
   0.45408     13.695260  0.002  0.002  0.004  0.049  0.128  0.001  0.000  0.333  0.000  0.519
   0.42570     13.575964  0.001  0.001  0.004  0.046  0.135  0.000  0.000  0.313  0.000  0.503
   0.39732     13.475348  0.001  0.001  0.002  0.043  0.148  0.000  0.000  0.294  0.000  0.491
   0.36894     13.400736  0.000  0.000  0.000  0.041  0.162  0.000  0.000  0.276  0.000  0.480
   0.34056     13.357824  0.000  0.000  0.000  0.038  0.177  0.000  0.000  0.253  0.000  0.471
   0.31218     13.350118  0.000  0.000  0.000  0.039  0.194  0.000  0.000  0.231  0.000  0.466
   0.28380     13.378397  0.000  0.000  0.000  0.043  0.210  0.000  0.000  0.208  0.000  0.461
   0.25542     13.440710  0.000  0.000  0.000  0.048  0.225  0.000  0.000  0.186  0.000  0.461
   0.22704     13.532885  0.000  0.000  0.000  0.055  0.239  0.000  0.000  0.165  0.000  0.460
   0.19866     13.649383  0.000  0.000  0.000  0.061  0.252  0.000  0.000  0.148  0.000  0.462
   0.17028     13.783965  0.000  0.000  0.000  0.068  0.263  0.000  0.000  0.133  0.000  0.465
   0.14190     13.929820  0.000  0.000  0.000  0.077  0.273  0.000  0.000  0.120  0.000  0.471
   0.11352     14.079114  0.000  0.000  0.000  0.084  0.284  0.000  0.000  0.107  0.000  0.476
   0.08514     14.222431  0.000  0.000  0.000  0.090  0.294  0.000  0.000  0.096  0.000  0.482
   0.05676     14.348433  0.000  0.000  0.000  0.091  0.309  0.000  0.000  0.084  0.000  0.485
   0.02838     14.443636  0.000  0.000  0.000  0.086  0.327  0.000  0.000  0.069  0.000  0.483
   0.00000     14.483086  0.000  0.000  0.000  0.083  0.340  0.000  0.000  0.057  0.000  0.480
 
# Band-Index:   31
   0.00000     15.655063  0.000  0.000  0.000  0.064  0.261  0.000  0.000  0.096  0.000  0.422
   0.02838     15.719688  0.000  0.000  0.000  0.065  0.270  0.000  0.000  0.091  0.000  0.426
   0.05676     15.885962  0.000  0.001  0.000  0.066  0.283  0.000  0.002  0.080  0.000  0.434
   0.08514     15.982362  0.051  0.178  0.031  0.000  0.000  0.040  0.200  0.000  0.047  0.550
   0.11352     16.048069  0.045  0.178  0.041  0.000  0.000  0.043  0.196  0.000  0.048  0.552
   0.14190     16.090436  0.040  0.172  0.054  0.000  0.000  0.045  0.192  0.000  0.049  0.553
   0.17028     16.087285  0.039  0.158  0.068  0.000  0.000  0.049  0.187  0.000  0.050  0.550
   0.19866     16.024220  0.039  0.138  0.080  0.000  0.000  0.054  0.180  0.000  0.053  0.544
   0.22704     15.900398  0.042  0.115  0.089  0.000  0.000  0.060  0.173  0.000  0.056  0.536
   0.25542     15.726523  0.049  0.096  0.093  0.000  0.000  0.062  0.167  0.000  0.058  0.526
   0.28380     15.517366  0.052  0.081  0.095  0.000  0.000  0.065  0.163  0.000  0.061  0.518
   0.31218     15.286149  0.057  0.068  0.095  0.000  0.000  0.065  0.163  0.000  0.065  0.508
   0.34056     15.042841  0.062  0.058  0.092  0.000  0.000  0.065  0.162  0.000  0.065  0.501
   0.36894     14.794547  0.064  0.050  0.087  0.000  0.000  0.063  0.162  0.000  0.069  0.494
   0.39732     14.546245  0.068  0.043  0.081  0.000  0.000  0.061  0.163  0.000  0.071  0.487
   0.42570     14.301511  0.068  0.038  0.076  0.000  0.000  0.059  0.165  0.000  0.072  0.479
   0.45408     14.063007  0.068  0.034  0.069  0.000  0.000  0.055  0.168  0.000  0.073  0.470
   0.48246     13.842520  0.035  0.017  0.043  0.020  0.048  0.032  0.106  0.134  0.048  0.482
   0.51084     13.954869  0.000  0.001  0.003  0.046  0.123  0.000  0.000  0.377  0.000  0.553
   0.53922     14.065792  0.000  0.000  0.000  0.046  0.129  0.000  0.000  0.403  0.000  0.580
   0.56760     14.132838  0.000  0.000  0.000  0.045  0.140  0.000  0.000  0.421  0.000  0.606
   0.59598     14.123187  0.002  0.000  0.000  0.051  0.156  0.000  0.000  0.414  0.001  0.625
   0.62436     14.022558  0.005  0.000  0.001  0.067  0.166  0.003  0.000  0.375  0.006  0.621
   0.65274     13.851257  0.000  0.000  0.000  0.087  0.181  0.000  0.000  0.353  0.000  0.622
   0.68112     13.634764  0.000  0.000  0.000  0.100  0.188  0.000  0.000  0.322  0.000  0.611
   0.70950     13.395129  0.000  0.000  0.000  0.110  0.192  0.000  0.000  0.297  0.000  0.599
   0.73788     13.144639  0.000  0.000  0.000  0.116  0.193  0.000  0.000  0.278  0.000  0.589
   0.76626     12.890131  0.000  0.000  0.000  0.120  0.196  0.000  0.000  0.263  0.000  0.582
   0.79464     12.635657  0.000  0.001  0.000  0.122  0.199  0.000  0.000  0.251  0.000  0.575
   0.82302     12.384023  0.001  0.001  0.000  0.122  0.201  0.000  0.000  0.241  0.000  0.567
   0.85140     12.137452  0.001  0.001  0.001  0.117  0.201  0.003  0.000  0.231  0.002  0.560
   0.87978     11.900597  0.009  0.009  0.006  0.089  0.162  0.029  0.005  0.177  0.029  0.516
   0.90816     11.733915  0.065  0.022  0.025  0.002  0.002  0.101  0.019  0.003  0.116  0.357
   0.93654     11.605948  0.068  0.019  0.028  0.000  0.000  0.094  0.019  0.000  0.116  0.345
   0.96492     11.482176  0.058  0.017  0.033  0.000  0.000  0.093  0.015  0.000  0.116  0.336
   0.99330     11.355716  0.044  0.014  0.045  0.000  0.000  0.089  0.012  0.000  0.114  0.321
   1.02168     11.227369  0.029  0.010  0.068  0.000  0.000  0.079  0.008  0.000  0.104  0.299
   1.05006     11.104615  0.017  0.004  0.100  0.000  0.000  0.059  0.005  0.000  0.079  0.261
   1.07844     11.004976  0.006  0.000  0.142  0.000  0.000  0.024  0.002  0.000  0.031  0.205
   1.10682     10.962818  0.000  0.000  0.166  0.000  0.000  0.000  0.000  0.000  0.000  0.166
   1.10682     10.962818  0.000  0.000  0.166  0.000  0.000  0.000  0.000  0.000  0.000  0.166
   1.13528     11.000258  0.008  0.000  0.141  0.000  0.000  0.024  0.002  0.000  0.030  0.205
   1.16374     11.085773  0.027  0.002  0.098  0.000  0.000  0.057  0.005  0.000  0.075  0.268
   1.19219     11.179542  0.057  0.004  0.073  0.000  0.000  0.073  0.010  0.000  0.096  0.314
   1.22065     11.265634  0.081  0.006  0.066  0.000  0.000  0.074  0.013  0.000  0.093  0.335
   1.24911     11.352011  0.089  0.009  0.067  0.000  0.000  0.062  0.016  0.000  0.081  0.325
   1.27757     11.469674  0.067  0.016  0.068  0.000  0.000  0.060  0.019  0.000  0.068  0.299
   1.30602     11.644748  0.048  0.025  0.072  0.000  0.000  0.074  0.020  0.000  0.072  0.309
   1.33448     11.855645  0.046  0.032  0.071  0.002  0.002  0.083  0.020  0.002  0.075  0.333
   1.36294     12.084977  0.041  0.035  0.065  0.019  0.025  0.078  0.019  0.022  0.071  0.373
   1.39139     12.349340  0.002  0.002  0.003  0.148  0.197  0.003  0.001  0.188  0.003  0.551
   1.41985     12.636689  0.001  0.000  0.000  0.156  0.202  0.000  0.000  0.201  0.000  0.561
   1.44831     12.931758  0.000  0.000  0.000  0.154  0.201  0.000  0.000  0.208  0.000  0.566
   1.47677     13.232722  0.000  0.000  0.000  0.152  0.200  0.000  0.000  0.217  0.000  0.570
   1.50522     13.537925  0.000  0.000  0.000  0.147  0.198  0.000  0.000  0.228  0.000  0.572
   1.53368     13.844869  0.000  0.000  0.000  0.140  0.195  0.000  0.000  0.243  0.000  0.577
   1.56214     14.148256  0.000  0.000  0.000  0.126  0.190  0.000  0.000  0.263  0.000  0.581
   1.59060     14.433432  0.000  0.000  0.000  0.102  0.181  0.000  0.000  0.303  0.000  0.586
   1.61905     14.546551  0.097  0.029  0.027  0.000  0.000  0.056  0.014  0.000  0.116  0.342
   1.64751     14.689114  0.004  0.002  0.000  0.035  0.123  0.002  0.001  0.350  0.006  0.529
   1.67597     14.581432  0.000  0.000  0.000  0.052  0.126  0.000  0.000  0.326  0.000  0.506
   1.70442     14.426258  0.000  0.000  0.000  0.064  0.130  0.000  0.000  0.295  0.000  0.490
   1.73288     14.266907  0.000  0.000  0.000  0.070  0.139  0.000  0.000  0.272  0.000  0.480
   1.76134     14.120477  0.010  0.008  0.019  0.048  0.100  0.017  0.067  0.172  0.021  0.461
   1.78980     14.359149  0.037  0.027  0.062  0.000  0.000  0.061  0.198  0.000  0.060  0.444
   1.81825     14.607152  0.039  0.027  0.066  0.000  0.000  0.064  0.194  0.000  0.057  0.448
   1.84671     14.856087  0.041  0.029  0.070  0.000  0.000  0.069  0.190  0.000  0.055  0.457
   1.87517     15.103653  0.041  0.035  0.076  0.000  0.000  0.072  0.188  0.000  0.053  0.464
   1.90362     15.346210  0.042  0.044  0.079  0.000  0.000  0.073  0.187  0.000  0.049  0.473
   1.93208     15.577935  0.041  0.055  0.079  0.000  0.000  0.075  0.186  0.000  0.047  0.485
   1.96054     15.790116  0.039  0.070  0.079  0.000  0.000  0.075  0.187  0.000  0.044  0.495
   1.98900     15.970577  0.040  0.090  0.076  0.000  0.000  0.072  0.189  0.000  0.041  0.507
   2.01745     16.104762  0.039  0.111  0.069  0.000  0.000  0.066  0.193  0.000  0.040  0.518
   2.04591     16.180280  0.040  0.133  0.059  0.000  0.000  0.061  0.194  0.000  0.040  0.528
   2.07437     16.194443  0.045  0.147  0.045  0.000  0.000  0.057  0.197  0.000  0.040  0.532
   2.10282     16.158037  0.052  0.157  0.032  0.000  0.000  0.053  0.198  0.000  0.042  0.534
   2.13128     16.088920  0.058  0.156  0.021  0.003  0.007  0.050  0.194  0.003  0.041  0.531
   2.15974     15.932157  0.003  0.009  0.000  0.069  0.255  0.003  0.009  0.087  0.002  0.435
   2.18820     15.735133  0.000  0.001  0.000  0.067  0.263  0.000  0.001  0.094  0.000  0.427
   2.21665     15.655063  0.000  0.000  0.000  0.064  0.261  0.000  0.000  0.096  0.000  0.422
 
# Band-Index:   32
   2.21665     15.854147  0.059  0.168  0.018  0.000  0.000  0.042  0.208  0.000  0.049  0.543
   2.18820     15.896097  0.057  0.171  0.017  0.000  0.000  0.041  0.205  0.000  0.048  0.543
   2.15974     16.003642  0.058  0.168  0.015  0.002  0.012  0.042  0.194  0.003  0.042  0.536
   2.13128     16.197519  0.001  0.005  0.000  0.076  0.263  0.002  0.006  0.083  0.002  0.436
   2.10282     16.436805  0.035  0.204  0.039  0.000  0.004  0.037  0.186  0.001  0.046  0.556
   2.07437     16.676868  0.030  0.223  0.046  0.000  0.001  0.036  0.179  0.000  0.043  0.562
   2.04591     16.922302  0.026  0.238  0.052  0.000  0.001  0.035  0.169  0.000  0.042  0.565
   2.01745     17.156193  0.020  0.255  0.060  0.000  0.000  0.035  0.153  0.000  0.038  0.563
   1.98900     17.354401  0.019  0.270  0.065  0.000  0.000  0.034  0.132  0.000  0.031  0.553
   1.96054     17.473079  0.017  0.277  0.064  0.000  0.000  0.033  0.098  0.000  0.026  0.515
   1.93208     17.441701  0.022  0.247  0.046  0.000  0.000  0.030  0.065  0.000  0.032  0.440
   1.90362     17.239241  0.035  0.188  0.024  0.000  0.000  0.029  0.053  0.000  0.053  0.381
   1.87517     16.949331  0.044  0.148  0.016  0.000  0.000  0.031  0.051  0.000  0.068  0.359
   1.84671     16.636275  0.053  0.125  0.013  0.000  0.000  0.032  0.051  0.000  0.076  0.350
   1.81825     16.324375  0.058  0.111  0.013  0.000  0.000  0.035  0.051  0.000  0.082  0.347
   1.78980     16.023246  0.061  0.100  0.012  0.000  0.000  0.039  0.048  0.000  0.083  0.344
   1.76134     15.737358  0.065  0.092  0.015  0.000  0.000  0.040  0.046  0.000  0.083  0.343
   1.73288     15.468280  0.065  0.087  0.018  0.000  0.000  0.042  0.043  0.000  0.084  0.343
   1.70442     15.214910  0.066  0.085  0.021  0.000  0.000  0.045  0.039  0.000  0.087  0.344
   1.67597     14.973997  0.068  0.078  0.026  0.000  0.000  0.048  0.032  0.000  0.091  0.344
   1.64751     14.746636  0.069  0.061  0.028  0.002  0.008  0.047  0.023  0.022  0.096  0.356
   1.61905     14.650783  0.000  0.000  0.000  0.058  0.159  0.000  0.000  0.361  0.000  0.580
   1.59060     14.461154  0.121  0.007  0.025  0.000  0.000  0.071  0.012  0.000  0.117  0.354
   1.56214     14.471424  0.105  0.015  0.019  0.000  0.000  0.075  0.017  0.000  0.110  0.339
   1.53368     14.484086  0.068  0.027  0.035  0.000  0.000  0.069  0.022  0.000  0.100  0.323
   1.50522     14.450074  0.035  0.046  0.084  0.000  0.000  0.059  0.028  0.000  0.080  0.330
   1.47677     14.348334  0.024  0.062  0.138  0.000  0.000  0.043  0.031  0.000  0.056  0.357
   1.44831     14.189229  0.033  0.071  0.168  0.000  0.000  0.034  0.033  0.000  0.038  0.376
   1.41985     13.993356  0.052  0.071  0.175  0.000  0.000  0.024  0.035  0.000  0.024  0.381
   1.39139     13.776268  0.068  0.062  0.170  0.000  0.000  0.017  0.037  0.000  0.016  0.371
   1.36294     13.547098  0.084  0.048  0.152  0.000  0.000  0.014  0.040  0.000  0.012  0.348
   1.33448     13.308025  0.084  0.029  0.119  0.000  0.000  0.014  0.044  0.000  0.015  0.304
   1.30602     13.050044  0.062  0.017  0.077  0.000  0.000  0.025  0.046  0.000  0.028  0.255
   1.27757     12.762747  0.050  0.024  0.067  0.000  0.000  0.041  0.042  0.000  0.042  0.268
   1.24911     12.465268  0.070  0.031  0.081  0.000  0.000  0.043  0.038  0.000  0.043  0.306
   1.22065     12.185905  0.100  0.027  0.095  0.000  0.000  0.032  0.041  0.000  0.034  0.329
   1.19219     11.947757  0.136  0.019  0.103  0.000  0.000  0.017  0.045  0.000  0.019  0.339
   1.16374     11.770947  0.171  0.008  0.097  0.000  0.000  0.005  0.049  0.000  0.006  0.338
   1.13528     11.666210  0.194  0.002  0.085  0.000  0.000  0.000  0.052  0.000  0.000  0.336
   1.10682     11.632219  0.200  0.000  0.080  0.000  0.000  0.000  0.054  0.000  0.000  0.334
   1.10682     11.632219  0.200  0.000  0.080  0.000  0.000  0.000  0.054  0.000  0.000  0.334
   1.07844     11.661982  0.195  0.001  0.085  0.000  0.000  0.000  0.054  0.000  0.000  0.335
   1.05006     11.747298  0.183  0.005  0.102  0.000  0.000  0.000  0.050  0.000  0.000  0.343
   1.02168     11.877309  0.174  0.013  0.123  0.000  0.000  0.002  0.047  0.000  0.002  0.360
   0.99330     12.037656  0.169  0.020  0.151  0.000  0.000  0.005  0.041  0.000  0.003  0.390
   0.96492     12.215938  0.167  0.031  0.174  0.000  0.000  0.009  0.037  0.000  0.006  0.422
   0.93654     12.405570  0.159  0.044  0.192  0.000  0.000  0.013  0.033  0.000  0.005  0.446
   0.90816     12.604183  0.140  0.057  0.203  0.000  0.000  0.016  0.029  0.000  0.007  0.455
   0.87978     12.809845  0.119  0.071  0.207  0.000  0.000  0.022  0.027  0.000  0.012  0.457
   0.85140     13.019158  0.095  0.079  0.206  0.000  0.000  0.029  0.025  0.000  0.018  0.451
   0.82302     13.226752  0.070  0.083  0.201  0.000  0.000  0.039  0.023  0.000  0.026  0.441
   0.79464     13.424740  0.047  0.083  0.187  0.000  0.000  0.050  0.020  0.000  0.038  0.426
   0.76626     13.601791  0.030  0.075  0.161  0.000  0.000  0.064  0.018  0.000  0.055  0.405
   0.73788     13.743893  0.027  0.062  0.118  0.000  0.000  0.077  0.016  0.000  0.079  0.378
   0.70950     13.842849  0.044  0.042  0.069  0.000  0.000  0.088  0.014  0.000  0.102  0.358
   0.68112     13.910051  0.078  0.025  0.034  0.000  0.000  0.090  0.013  0.000  0.118  0.358
   0.65274     13.974145  0.111  0.014  0.023  0.000  0.000  0.079  0.009  0.000  0.127  0.366
   0.62436     14.071407  0.120  0.013  0.019  0.002  0.006  0.057  0.009  0.016  0.130  0.371
   0.59598     14.231942  0.110  0.028  0.013  0.000  0.001  0.046  0.015  0.004  0.132  0.352
   0.56760     14.451685  0.095  0.046  0.011  0.000  0.000  0.043  0.022  0.000  0.127  0.343
   0.53922     14.707668  0.083  0.061  0.009  0.000  0.000  0.041  0.028  0.000  0.119  0.342
   0.51084     14.987220  0.075  0.072  0.009  0.000  0.000  0.038  0.031  0.000  0.113  0.342
   0.48246     15.284482  0.067  0.082  0.010  0.000  0.000  0.039  0.035  0.000  0.110  0.345
   0.45408     15.595708  0.061  0.094  0.010  0.000  0.000  0.037  0.038  0.000  0.106  0.346
   0.42570     15.917706  0.056  0.103  0.011  0.000  0.000  0.038  0.038  0.000  0.101  0.351
   0.39732     16.246800  0.051  0.116  0.015  0.000  0.000  0.039  0.039  0.000  0.097  0.355
   0.36894     16.577641  0.048  0.131  0.018  0.000  0.000  0.037  0.039  0.000  0.091  0.365
   0.34056     16.900632  0.042  0.154  0.024  0.000  0.000  0.038  0.037  0.000  0.082  0.377
   0.31218     17.195670  0.037  0.186  0.035  0.000  0.000  0.041  0.037  0.000  0.068  0.402
   0.28380     17.419422  0.033  0.228  0.052  0.000  0.000  0.042  0.046  0.000  0.046  0.446
   0.25542     17.506696  0.027  0.258  0.069  0.000  0.000  0.044  0.077  0.000  0.028  0.502
   0.22704     17.438454  0.025  0.255  0.072  0.000  0.003  0.046  0.114  0.000  0.024  0.539
   0.19866     17.226482  0.001  0.016  0.005  0.067  0.322  0.003  0.010  0.040  0.003  0.467
   0.17028     16.930928  0.000  0.004  0.000  0.072  0.329  0.000  0.002  0.049  0.000  0.456
   0.14190     16.642916  0.000  0.001  0.000  0.072  0.320  0.000  0.002  0.056  0.000  0.453
   0.11352     16.367431  0.000  0.001  0.000  0.071  0.310  0.000  0.002  0.064  0.000  0.447
   0.08514     16.110946  0.000  0.001  0.000  0.069  0.298  0.000  0.002  0.071  0.000  0.441
   0.05676     15.916726  0.055  0.174  0.023  0.000  0.001  0.040  0.203  0.000  0.047  0.546
   0.02838     15.870071  0.058  0.169  0.019  0.000  0.000  0.041  0.207  0.000  0.049  0.543
   0.00000     15.854147  0.059  0.168  0.018  0.000  0.000  0.042  0.208  0.000  0.049  0.543
 
# Band-Index:   33
   0.00000     15.972117  0.069  0.142  0.009  0.000  0.001  0.056  0.205  0.000  0.049  0.532
   0.02838     16.019915  0.066  0.147  0.012  0.000  0.001  0.055  0.203  0.000  0.048  0.533
   0.05676     16.150340  0.060  0.159  0.017  0.000  0.001  0.054  0.197  0.000  0.047  0.534
   0.08514     16.339509  0.052  0.174  0.026  0.000  0.001  0.053  0.190  0.000  0.043  0.540
   0.11352     16.564899  0.044  0.189  0.035  0.000  0.003  0.051  0.180  0.000  0.041  0.544
   0.14190     16.807299  0.038  0.206  0.045  0.000  0.003  0.051  0.172  0.000  0.036  0.550
   0.17028     17.049322  0.031  0.221  0.054  0.000  0.004  0.048  0.159  0.000  0.033  0.552
   0.19866     17.272051  0.026  0.226  0.060  0.004  0.024  0.046  0.133  0.002  0.027  0.548
   0.22704     17.531963  0.000  0.001  0.000  0.068  0.358  0.000  0.000  0.035  0.000  0.465
   0.25542     17.824915  0.000  0.000  0.000  0.060  0.387  0.000  0.000  0.023  0.000  0.470
   0.28380     17.998623  0.000  0.000  0.000  0.082  0.322  0.000  0.000  0.060  0.000  0.461
   0.31218     17.891059  0.000  0.000  0.000  0.130  0.214  0.000  0.000  0.123  0.000  0.467
   0.34056     17.673225  0.000  0.000  0.000  0.147  0.191  0.000  0.000  0.142  0.000  0.480
   0.36894     17.411542  0.000  0.000  0.001  0.155  0.182  0.001  0.000  0.145  0.000  0.486
   0.39732     17.129838  0.000  0.000  0.001  0.161  0.176  0.001  0.000  0.141  0.003  0.486
   0.42570     16.840833  0.000  0.001  0.003  0.165  0.171  0.002  0.000  0.134  0.003  0.481
   0.45408     16.553065  0.000  0.001  0.004  0.171  0.165  0.004  0.001  0.120  0.006  0.474
   0.48246     16.274100  0.001  0.001  0.007  0.174  0.157  0.006  0.001  0.103  0.008  0.462
   0.51084     16.013027  0.001  0.002  0.014  0.173  0.145  0.011  0.002  0.083  0.011  0.444
   0.53922     15.781603  0.001  0.005  0.036  0.154  0.116  0.023  0.003  0.053  0.026  0.420
   0.56760     15.578605  0.004  0.021  0.126  0.055  0.036  0.065  0.013  0.014  0.072  0.404
   0.59598     15.375678  0.007  0.035  0.184  0.007  0.003  0.076  0.018  0.001  0.084  0.417
   0.62436     15.183320  0.014  0.047  0.203  0.001  0.000  0.069  0.021  0.000  0.074  0.432
   0.65274     15.008985  0.026  0.059  0.205  0.000  0.000  0.059  0.023  0.000  0.067  0.441
   0.68112     14.858102  0.042  0.065  0.185  0.000  0.000  0.049  0.028  0.000  0.065  0.435
   0.70950     14.738921  0.051  0.066  0.151  0.000  0.000  0.042  0.031  0.000  0.068  0.411
   0.73788     14.650253  0.044  0.068  0.113  0.000  0.000  0.037  0.032  0.000  0.081  0.374
   0.76626     14.561150  0.023  0.073  0.099  0.000  0.000  0.035  0.032  0.000  0.087  0.351
   0.79464     14.424030  0.010  0.086  0.109  0.000  0.000  0.035  0.029  0.000  0.086  0.356
   0.82302     14.218660  0.018  0.095  0.128  0.000  0.000  0.039  0.024  0.000  0.079  0.384
   0.85140     13.960433  0.040  0.098  0.149  0.000  0.000  0.042  0.021  0.000  0.070  0.419
   0.87978     13.675195  0.072  0.096  0.166  0.000  0.000  0.039  0.020  0.000  0.057  0.452
   0.90816     13.385201  0.111  0.090  0.186  0.000  0.000  0.033  0.018  0.000  0.046  0.488
   0.93654     13.108806  0.160  0.081  0.208  0.000  0.000  0.027  0.018  0.000  0.034  0.527
   0.96492     12.862238  0.217  0.066  0.232  0.000  0.000  0.018  0.018  0.000  0.020  0.571
   0.99330     12.659072  0.276  0.048  0.257  0.000  0.000  0.009  0.017  0.000  0.010  0.617
   1.02168     12.506523  0.328  0.028  0.277  0.000  0.000  0.004  0.015  0.000  0.003  0.658
   1.05006     12.403717  0.364  0.013  0.290  0.000  0.000  0.002  0.013  0.000  0.000  0.682
   1.07844     12.345317  0.383  0.003  0.295  0.000  0.000  0.000  0.014  0.000  0.000  0.697
   1.10682     12.326459  0.390  0.000  0.298  0.000  0.000  0.000  0.014  0.000  0.000  0.701
   1.10682     12.326459  0.390  0.000  0.298  0.000  0.000  0.000  0.014  0.000  0.000  0.701
   1.13528     12.346602  0.383  0.003  0.295  0.000  0.000  0.000  0.014  0.000  0.000  0.697
   1.16374     12.406568  0.364  0.013  0.292  0.000  0.000  0.000  0.013  0.000  0.000  0.686
   1.19219     12.504894  0.337  0.027  0.287  0.000  0.000  0.004  0.013  0.000  0.003  0.674
   1.22065     12.639236  0.305  0.047  0.283  0.000  0.000  0.009  0.013  0.000  0.004  0.663
   1.24911     12.807500  0.269  0.070  0.286  0.000  0.000  0.017  0.011  0.000  0.012  0.666
   1.27757     13.011315  0.226  0.098  0.289  0.000  0.000  0.035  0.007  0.000  0.026  0.680
   1.30602     13.261518  0.160  0.123  0.266  0.000  0.000  0.065  0.001  0.000  0.052  0.667
   1.33448     13.562594  0.092  0.124  0.214  0.000  0.000  0.087  0.003  0.000  0.076  0.592
   1.36294     13.889855  0.047  0.113  0.170  0.000  0.000  0.093  0.007  0.000  0.087  0.516
   1.39139     14.217413  0.020  0.102  0.140  0.000  0.000  0.088  0.011  0.000  0.092  0.453
   1.41985     14.522847  0.008  0.089  0.116  0.000  0.000  0.077  0.016  0.000  0.092  0.396
   1.44831     14.775546  0.010  0.075  0.098  0.000  0.000  0.056  0.020  0.000  0.087  0.345
   1.47677     14.940581  0.030  0.068  0.105  0.000  0.000  0.043  0.027  0.000  0.070  0.343
   1.50522     15.025514  0.046  0.073  0.155  0.000  0.000  0.045  0.032  0.000  0.050  0.399
   1.53368     15.087147  0.034  0.078  0.214  0.000  0.000  0.054  0.038  0.000  0.038  0.452
   1.56214     15.157229  0.012  0.067  0.238  0.000  0.000  0.063  0.042  0.000  0.039  0.467
   1.59060     15.239392  0.005  0.048  0.222  0.002  0.001  0.072  0.043  0.003  0.052  0.449
   1.61905     15.330486  0.007  0.019  0.138  0.061  0.046  0.058  0.032  0.021  0.053  0.431
   1.64751     15.445536  0.004  0.003  0.033  0.182  0.150  0.019  0.009  0.050  0.022  0.473
   1.67597     15.667332  0.023  0.014  0.099  0.039  0.038  0.071  0.028  0.021  0.085  0.416
   1.70442     15.899881  0.035  0.027  0.096  0.002  0.003  0.084  0.029  0.002  0.110  0.391
   1.73288     16.158312  0.038  0.041  0.084  0.000  0.000  0.085  0.029  0.000  0.117  0.392
   1.76134     16.437418  0.039  0.057  0.077  0.000  0.000  0.081  0.025  0.000  0.119  0.398
   1.78980     16.728427  0.038  0.073  0.074  0.000  0.000  0.080  0.024  0.000  0.120  0.408
   1.81825     17.022900  0.035  0.089  0.072  0.000  0.000  0.076  0.024  0.000  0.121  0.421
   1.84671     17.310919  0.035  0.106  0.076  0.000  0.000  0.074  0.026  0.000  0.118  0.438
   1.87517     17.579043  0.033  0.122  0.083  0.000  0.000  0.069  0.032  0.000  0.119  0.460
   1.90362     17.812925  0.033  0.128  0.086  0.000  0.000  0.064  0.044  0.000  0.126  0.479
   1.93208     18.026159  0.034  0.104  0.075  0.000  0.000  0.052  0.058  0.000  0.136  0.460
   1.96054     17.992915  0.000  0.000  0.000  0.093  0.255  0.000  0.000  0.054  0.000  0.404
   1.98900     17.687744  0.000  0.000  0.000  0.093  0.258  0.000  0.000  0.061  0.000  0.412
   2.01745     17.383256  0.000  0.000  0.000  0.091  0.261  0.000  0.000  0.067  0.000  0.419
   2.04591     17.079823  0.000  0.001  0.000  0.087  0.263  0.000  0.000  0.070  0.000  0.426
   2.07437     16.778225  0.000  0.001  0.000  0.084  0.266  0.000  0.002  0.076  0.000  0.430
   2.10282     16.481624  0.000  0.004  0.000  0.081  0.265  0.000  0.004  0.080  0.000  0.435
   2.13128     16.220552  0.042  0.189  0.033  0.000  0.000  0.040  0.196  0.000  0.048  0.552
   2.15974     16.062102  0.054  0.157  0.023  0.000  0.001  0.051  0.202  0.000  0.050  0.539
   2.18820     15.993170  0.066  0.145  0.012  0.000  0.001  0.055  0.205  0.000  0.048  0.533
   2.21665     15.972117  0.069  0.142  0.009  0.000  0.001  0.056  0.205  0.000  0.049  0.532
 
# Band-Index:   34
   2.21665     16.710705  0.000  0.000  0.000  0.072  0.143  0.000  0.000  0.067  0.000  0.281
   2.18820     16.743663  0.000  0.000  0.000  0.070  0.148  0.000  0.000  0.065  0.000  0.283
   2.15974     16.839389  0.000  0.000  0.000  0.074  0.156  0.000  0.000  0.063  0.000  0.292
   2.13128     16.990092  0.000  0.000  0.000  0.075  0.169  0.000  0.000  0.060  0.000  0.304
   2.10282     17.186575  0.000  0.000  0.000  0.081  0.183  0.000  0.000  0.055  0.000  0.318
   2.07437     17.420213  0.000  0.000  0.000  0.083  0.195  0.000  0.000  0.053  0.000  0.334
   2.04591     17.682727  0.000  0.000  0.000  0.091  0.202  0.000  0.000  0.054  0.000  0.347
   2.01745     17.964392  0.000  0.000  0.000  0.098  0.203  0.000  0.000  0.055  0.000  0.359
   1.98900     18.249604  0.000  0.000  0.000  0.114  0.187  0.000  0.000  0.061  0.000  0.366
   1.96054     18.273144  0.026  0.097  0.060  0.000  0.000  0.039  0.059  0.000  0.125  0.407
   1.93208     18.297301  0.000  0.000  0.000  0.095  0.245  0.000  0.000  0.048  0.000  0.388
   1.90362     18.396668  0.000  0.000  0.000  0.179  0.116  0.000  0.000  0.152  0.000  0.446
   1.87517     18.103288  0.000  0.000  0.000  0.182  0.149  0.000  0.000  0.182  0.000  0.513
   1.84671     17.761566  0.000  0.000  0.000  0.181  0.172  0.000  0.000  0.185  0.000  0.535
   1.81825     17.407971  0.000  0.000  0.000  0.179  0.184  0.000  0.000  0.181  0.000  0.544
   1.78980     17.052491  0.000  0.000  0.000  0.181  0.191  0.000  0.000  0.174  0.000  0.549
   1.76134     16.699825  0.000  0.000  0.000  0.186  0.197  0.000  0.000  0.165  0.000  0.549
   1.73288     16.353706  0.000  0.000  0.000  0.193  0.198  0.000  0.000  0.152  0.000  0.545
   1.70442     16.019837  0.001  0.000  0.001  0.201  0.200  0.001  0.000  0.132  0.001  0.537
   1.67597     15.715653  0.005  0.004  0.023  0.180  0.165  0.014  0.008  0.084  0.019  0.501
   1.64751     15.505195  0.015  0.014  0.118  0.054  0.044  0.065  0.033  0.014  0.068  0.423
   1.61905     15.399671  0.002  0.008  0.054  0.158  0.117  0.021  0.012  0.054  0.018  0.446
   1.59060     15.495852  0.000  0.001  0.004  0.175  0.133  0.001  0.000  0.132  0.000  0.449
   1.56214     15.687646  0.000  0.000  0.000  0.153  0.125  0.000  0.000  0.173  0.000  0.453
   1.53368     15.912688  0.000  0.000  0.000  0.140  0.120  0.000  0.000  0.196  0.000  0.458
   1.50522     16.152879  0.001  0.001  0.002  0.127  0.115  0.007  0.000  0.207  0.001  0.462
   1.47677     16.102414  0.093  0.057  0.082  0.000  0.000  0.285  0.014  0.000  0.073  0.605
   1.44831     16.085960  0.122  0.053  0.059  0.000  0.000  0.275  0.016  0.000  0.068  0.596
   1.41985     16.200152  0.128  0.049  0.037  0.000  0.000  0.255  0.020  0.000  0.063  0.550
   1.39139     16.400484  0.122  0.043  0.021  0.000  0.000  0.240  0.022  0.000  0.063  0.507
   1.36294     16.652265  0.111  0.041  0.014  0.000  0.000  0.232  0.021  0.000  0.060  0.478
   1.33448     16.935372  0.100  0.038  0.013  0.000  0.000  0.227  0.024  0.000  0.055  0.456
   1.30602     17.237300  0.091  0.037  0.014  0.000  0.000  0.229  0.024  0.000  0.050  0.442
   1.27757     17.549143  0.081  0.034  0.018  0.000  0.000  0.233  0.024  0.000  0.044  0.435
   1.24911     17.863196  0.072  0.032  0.024  0.000  0.000  0.241  0.024  0.000  0.038  0.429
   1.22065     18.171735  0.064  0.028  0.029  0.000  0.000  0.254  0.021  0.000  0.029  0.427
   1.19219     18.466012  0.054  0.027  0.033  0.000  0.000  0.273  0.020  0.000  0.020  0.426
   1.16374     18.734286  0.041  0.028  0.030  0.000  0.000  0.303  0.017  0.000  0.010  0.430
   1.13528     18.953723  0.021  0.031  0.018  0.001  0.000  0.354  0.009  0.006  0.004  0.441
   1.10682     19.046527  0.000  0.022  0.000  0.016  0.002  0.244  0.000  0.172  0.000  0.455
   1.10682     19.046527  0.000  0.022  0.000  0.016  0.002  0.244  0.000  0.172  0.000  0.455
   1.07844     18.942216  0.023  0.028  0.020  0.001  0.000  0.337  0.009  0.012  0.006  0.442
   1.05006     18.709130  0.046  0.026  0.032  0.000  0.000  0.290  0.019  0.002  0.015  0.432
   1.02168     18.427849  0.060  0.023  0.033  0.000  0.000  0.261  0.024  0.000  0.027  0.430
   0.99330     18.120932  0.070  0.025  0.030  0.000  0.000  0.243  0.026  0.000  0.037  0.431
   0.96492     17.801046  0.080  0.026  0.025  0.000  0.000  0.229  0.030  0.000  0.049  0.437
   0.93654     17.478744  0.089  0.026  0.019  0.000  0.000  0.222  0.031  0.000  0.055  0.446
   0.90816     17.164550  0.100  0.028  0.015  0.000  0.000  0.220  0.030  0.000  0.063  0.457
   0.87978     16.870686  0.113  0.030  0.012  0.000  0.000  0.221  0.029  0.000  0.067  0.473
   0.85140     16.613521  0.127  0.031  0.015  0.000  0.000  0.224  0.028  0.000  0.072  0.496
   0.82302     16.416824  0.139  0.034  0.023  0.000  0.000  0.231  0.024  0.000  0.072  0.523
   0.79464     16.312089  0.141  0.039  0.042  0.000  0.000  0.236  0.020  0.000  0.070  0.549
   0.76626     16.325302  0.125  0.045  0.063  0.000  0.000  0.238  0.015  0.000  0.072  0.557
   0.73788     16.319574  0.000  0.000  0.000  0.142  0.081  0.000  0.000  0.195  0.000  0.422
   0.70950     16.091003  0.000  0.000  0.000  0.153  0.083  0.000  0.000  0.176  0.000  0.412
   0.68112     15.884050  0.000  0.000  0.000  0.162  0.085  0.000  0.000  0.153  0.000  0.401
   0.65274     15.711764  0.000  0.000  0.000  0.177  0.092  0.000  0.000  0.121  0.000  0.391
   0.62436     15.596205  0.000  0.000  0.001  0.191  0.102  0.000  0.000  0.085  0.000  0.382
   0.59598     15.568558  0.000  0.001  0.007  0.200  0.113  0.002  0.000  0.057  0.003  0.384
   0.56760     15.654787  0.001  0.007  0.044  0.156  0.101  0.022  0.005  0.040  0.025  0.403
   0.53922     15.851709  0.005  0.017  0.114  0.051  0.038  0.067  0.013  0.017  0.078  0.402
   0.51084     16.098827  0.009  0.019  0.118  0.022  0.018  0.083  0.017  0.011  0.098  0.392
   0.48246     16.367773  0.012  0.023  0.107  0.013  0.011  0.087  0.018  0.008  0.108  0.386
   0.45408     16.652400  0.017  0.028  0.099  0.009  0.008  0.087  0.019  0.005  0.113  0.384
   0.42570     16.949518  0.021  0.034  0.092  0.006  0.005  0.088  0.020  0.005  0.116  0.380
   0.39732     17.256475  0.023  0.041  0.085  0.003  0.002  0.086  0.020  0.002  0.117  0.379
   0.36894     17.570290  0.025  0.050  0.084  0.001  0.001  0.082  0.020  0.000  0.116  0.377
   0.34056     17.886163  0.024  0.060  0.085  0.000  0.000  0.077  0.019  0.000  0.111  0.377
   0.31218     18.192792  0.025  0.071  0.090  0.000  0.000  0.067  0.021  0.000  0.102  0.376
   0.28380     18.274976  0.000  0.000  0.000  0.153  0.166  0.000  0.000  0.111  0.000  0.433
   0.25542     18.181185  0.000  0.001  0.000  0.157  0.102  0.000  0.000  0.123  0.000  0.386
   0.22704     18.092157  0.000  0.000  0.000  0.131  0.133  0.000  0.000  0.092  0.000  0.358
   0.19866     17.924230  0.000  0.000  0.000  0.113  0.151  0.000  0.000  0.074  0.000  0.340
   0.17028     17.708039  0.000  0.000  0.000  0.101  0.159  0.000  0.000  0.067  0.000  0.329
   0.14190     17.474075  0.000  0.000  0.000  0.093  0.162  0.000  0.000  0.063  0.000  0.321
   0.11352     17.243876  0.000  0.000  0.000  0.086  0.160  0.000  0.000  0.062  0.000  0.312
   0.08514     17.034872  0.000  0.000  0.000  0.081  0.156  0.000  0.000  0.064  0.000  0.302
   0.05676     16.864365  0.000  0.000  0.000  0.076  0.151  0.000  0.000  0.065  0.000  0.292
   0.02838     16.750843  0.000  0.000  0.000  0.072  0.145  0.000  0.000  0.067  0.000  0.283
   0.00000     16.710705  0.000  0.000  0.000  0.072  0.143  0.000  0.000  0.067  0.000  0.281
 
# Band-Index:   35
   0.00000     19.233467  0.006  0.052  0.174  0.000  0.000  0.008  0.098  0.000  0.075  0.416
   0.02838     19.175670  0.009  0.055  0.167  0.000  0.000  0.013  0.094  0.000  0.074  0.412
   0.05676     19.037591  0.017  0.062  0.151  0.000  0.000  0.022  0.090  0.000  0.069  0.412
   0.08514     18.868793  0.026  0.067  0.134  0.000  0.000  0.030  0.090  0.000  0.068  0.415
   0.11352     18.704425  0.033  0.077  0.116  0.000  0.000  0.035  0.089  0.000  0.067  0.419
   0.14190     18.572731  0.037  0.092  0.097  0.000  0.000  0.035  0.094  0.000  0.065  0.422
   0.17028     18.496835  0.040  0.113  0.077  0.000  0.000  0.034  0.099  0.000  0.062  0.427
   0.19866     18.489463  0.035  0.140  0.059  0.000  0.000  0.029  0.108  0.000  0.059  0.432
   0.22704     18.545627  0.028  0.165  0.046  0.000  0.000  0.025  0.116  0.000  0.051  0.431
   0.25542     18.618561  0.007  0.155  0.063  0.000  0.000  0.016  0.088  0.000  0.034  0.365
   0.28380     18.459516  0.020  0.081  0.097  0.000  0.000  0.048  0.034  0.000  0.088  0.370
   0.31218     18.550080  0.000  0.000  0.000  0.115  0.277  0.000  0.000  0.065  0.000  0.458
   0.34056     18.814800  0.014  0.135  0.086  0.000  0.004  0.080  0.053  0.000  0.103  0.476
   0.36894     18.778342  0.017  0.137  0.085  0.000  0.000  0.092  0.047  0.000  0.076  0.457
   0.39732     18.702437  0.026  0.127  0.074  0.000  0.000  0.105  0.047  0.000  0.058  0.437
   0.42570     18.588087  0.038  0.114  0.057  0.000  0.000  0.115  0.049  0.000  0.044  0.418
   0.45408     18.439305  0.050  0.095  0.041  0.000  0.000  0.123  0.052  0.000  0.037  0.396
   0.48246     18.263803  0.061  0.073  0.026  0.000  0.000  0.129  0.051  0.000  0.033  0.374
   0.51084     18.072236  0.068  0.053  0.014  0.000  0.000  0.133  0.050  0.000  0.031  0.350
   0.53922     17.875459  0.071  0.033  0.007  0.000  0.000  0.137  0.048  0.000  0.034  0.333
   0.56760     17.681241  0.070  0.016  0.007  0.000  0.000  0.146  0.046  0.000  0.040  0.323
   0.59598     17.491338  0.062  0.005  0.014  0.000  0.000  0.157  0.041  0.000  0.048  0.326
   0.62436     17.299742  0.051  0.003  0.030  0.000  0.000  0.173  0.032  0.000  0.058  0.349
   0.65274     17.095736  0.046  0.013  0.050  0.000  0.000  0.189  0.026  0.000  0.067  0.391
   0.68112     16.874643  0.051  0.027  0.068  0.000  0.000  0.206  0.018  0.000  0.072  0.443
   0.70950     16.649173  0.070  0.039  0.080  0.000  0.000  0.219  0.014  0.000  0.074  0.497
   0.73788     16.451371  0.097  0.047  0.078  0.000  0.000  0.229  0.014  0.000  0.072  0.539
   0.76626     16.563533  0.000  0.000  0.000  0.137  0.081  0.000  0.000  0.211  0.000  0.429
   0.79464     16.816609  0.000  0.000  0.000  0.129  0.080  0.000  0.000  0.224  0.000  0.434
   0.82302     17.076282  0.000  0.000  0.000  0.122  0.081  0.000  0.000  0.235  0.000  0.437
   0.85140     17.339671  0.000  0.000  0.000  0.117  0.079  0.000  0.000  0.246  0.000  0.440
   0.87978     17.603974  0.000  0.000  0.000  0.109  0.077  0.000  0.000  0.258  0.000  0.443
   0.90816     17.865896  0.000  0.000  0.000  0.100  0.074  0.000  0.000  0.271  0.000  0.445
   0.93654     18.121360  0.000  0.000  0.000  0.090  0.069  0.000  0.000  0.286  0.000  0.447
   0.96492     18.364794  0.000  0.000  0.000  0.081  0.062  0.000  0.000  0.304  0.000  0.448
   0.99330     18.588578  0.000  0.000  0.000  0.070  0.051  0.000  0.000  0.328  0.000  0.450
   1.02168     18.782546  0.000  0.000  0.000  0.058  0.037  0.000  0.000  0.355  0.000  0.452
   1.05006     18.934556  0.000  0.000  0.000  0.048  0.020  0.002  0.000  0.381  0.000  0.452
   1.07844     19.033074  0.000  0.001  0.000  0.038  0.006  0.012  0.000  0.392  0.000  0.452
   1.10682     19.075911  0.000  0.015  0.000  0.022  0.000  0.174  0.000  0.242  0.000  0.455
   1.10682     19.075911  0.000  0.015  0.000  0.022  0.000  0.174  0.000  0.242  0.000  0.455
   1.13528     19.041643  0.000  0.000  0.000  0.037  0.006  0.004  0.000  0.403  0.000  0.454
   1.16374     18.970078  0.000  0.000  0.000  0.040  0.020  0.000  0.000  0.396  0.000  0.455
   1.19219     18.851186  0.000  0.000  0.000  0.044  0.037  0.000  0.000  0.375  0.000  0.458
   1.22065     18.686322  0.000  0.000  0.000  0.053  0.058  0.000  0.000  0.350  0.000  0.460
   1.24911     18.482946  0.000  0.000  0.000  0.063  0.074  0.000  0.000  0.324  0.000  0.461
   1.27757     18.251295  0.000  0.000  0.000  0.074  0.088  0.000  0.000  0.302  0.000  0.463
   1.30602     18.000962  0.000  0.000  0.000  0.083  0.098  0.000  0.000  0.284  0.000  0.463
   1.33448     17.739423  0.000  0.000  0.000  0.091  0.104  0.000  0.000  0.270  0.000  0.465
   1.36294     17.471985  0.000  0.000  0.000  0.099  0.107  0.000  0.000  0.259  0.000  0.464
   1.39139     17.202595  0.000  0.000  0.000  0.106  0.109  0.000  0.000  0.250  0.000  0.466
   1.41985     16.934082  0.000  0.000  0.000  0.111  0.111  0.000  0.000  0.241  0.000  0.465
   1.44831     16.668730  0.000  0.000  0.000  0.118  0.113  0.000  0.000  0.233  0.000  0.464
   1.47677     16.408836  0.000  0.000  0.000  0.124  0.116  0.000  0.000  0.224  0.000  0.463
   1.50522     16.260166  0.059  0.050  0.083  0.004  0.002  0.268  0.016  0.004  0.074  0.562
   1.53368     16.500602  0.037  0.037  0.071  0.000  0.000  0.251  0.021  0.000  0.076  0.495
   1.56214     16.782190  0.032  0.024  0.052  0.000  0.000  0.228  0.025  0.000  0.070  0.432
   1.59060     17.079576  0.033  0.015  0.034  0.000  0.000  0.207  0.032  0.000  0.061  0.382
   1.61905     17.383049  0.038  0.012  0.022  0.000  0.000  0.187  0.037  0.000  0.051  0.349
   1.64751     17.687817  0.045  0.017  0.014  0.000  0.000  0.172  0.043  0.000  0.043  0.333
   1.67597     17.988198  0.046  0.030  0.011  0.000  0.000  0.160  0.047  0.000  0.036  0.331
   1.70442     18.273816  0.045  0.049  0.014  0.000  0.000  0.152  0.052  0.000  0.031  0.344
   1.73288     18.526050  0.041  0.071  0.026  0.000  0.000  0.142  0.055  0.000  0.037  0.372
   1.76134     18.720254  0.029  0.088  0.054  0.000  0.000  0.127  0.053  0.000  0.056  0.408
   1.78980     18.847310  0.019  0.092  0.085  0.000  0.000  0.109  0.049  0.000  0.081  0.434
   1.81825     18.926663  0.012  0.089  0.108  0.000  0.000  0.092  0.042  0.000  0.101  0.445
   1.84671     18.982609  0.010  0.081  0.119  0.000  0.000  0.082  0.035  0.000  0.118  0.444
   1.87517     18.941303  0.000  0.000  0.002  0.106  0.249  0.001  0.000  0.056  0.002  0.418
   1.90362     18.639509  0.000  0.000  0.000  0.115  0.254  0.000  0.000  0.080  0.000  0.449
   1.93208     18.599574  0.000  0.000  0.000  0.190  0.097  0.000  0.000  0.142  0.000  0.430
   1.96054     18.499974  0.000  0.000  0.000  0.145  0.144  0.000  0.000  0.084  0.000  0.374
   1.98900     18.505254  0.012  0.133  0.056  0.000  0.000  0.033  0.062  0.000  0.078  0.375
   2.01745     18.605144  0.020  0.147  0.052  0.000  0.000  0.051  0.073  0.000  0.047  0.392
   2.04591     18.659057  0.033  0.124  0.058  0.000  0.000  0.066  0.069  0.000  0.045  0.398
   2.07437     18.754369  0.037  0.099  0.072  0.000  0.000  0.071  0.063  0.000  0.047  0.393
   2.10282     18.902682  0.036  0.085  0.089  0.000  0.000  0.068  0.054  0.000  0.050  0.383
   2.13128     19.081456  0.025  0.079  0.116  0.000  0.000  0.048  0.041  0.000  0.060  0.369
   2.15974     19.202005  0.007  0.067  0.162  0.000  0.000  0.012  0.066  0.000  0.078  0.392
   2.18820     19.228423  0.006  0.055  0.172  0.000  0.000  0.009  0.094  0.000  0.076  0.412
   2.21665     19.233467  0.006  0.052  0.174  0.000  0.000  0.008  0.098  0.000  0.075  0.416
 
# Band-Index:   36
   2.21665     19.600649  0.014  0.061  0.151  0.000  0.000  0.002  0.042  0.000  0.039  0.310
   2.18820     19.524942  0.020  0.057  0.141  0.000  0.000  0.024  0.057  0.000  0.037  0.335
   2.15974     19.363345  0.029  0.041  0.131  0.000  0.000  0.049  0.100  0.000  0.035  0.387
   2.13128     19.264629  0.023  0.029  0.157  0.000  0.000  0.035  0.135  0.000  0.054  0.430
   2.10282     19.236971  0.018  0.031  0.164  0.000  0.000  0.028  0.123  0.000  0.065  0.427
   2.07437     19.216167  0.020  0.030  0.161  0.000  0.000  0.029  0.107  0.000  0.073  0.420
   2.04591     19.182356  0.029  0.031  0.149  0.000  0.000  0.035  0.075  0.000  0.094  0.412
   2.01745     19.075368  0.054  0.047  0.088  0.000  0.000  0.062  0.027  0.000  0.150  0.431
   1.98900     18.911516  0.065  0.094  0.028  0.000  0.000  0.089  0.078  0.000  0.143  0.497
   1.96054     18.888022  0.039  0.138  0.014  0.000  0.000  0.087  0.130  0.000  0.104  0.515
   1.93208     18.943537  0.022  0.139  0.014  0.000  0.000  0.082  0.171  0.000  0.095  0.522
   1.90362     19.033926  0.013  0.121  0.035  0.000  0.000  0.076  0.167  0.000  0.117  0.528
   1.87517     19.034397  0.011  0.066  0.119  0.001  0.004  0.074  0.027  0.000  0.133  0.438
   1.84671     19.256974  0.000  0.009  0.003  0.103  0.225  0.006  0.018  0.051  0.005  0.422
   1.81825     19.338327  0.001  0.106  0.099  0.000  0.000  0.080  0.146  0.000  0.105  0.541
   1.78980     19.308868  0.002  0.075  0.144  0.000  0.000  0.071  0.094  0.000  0.126  0.511
   1.76134     19.213745  0.003  0.047  0.185  0.000  0.000  0.060  0.052  0.000  0.155  0.504
   1.73288     19.104118  0.002  0.043  0.213  0.000  0.000  0.060  0.030  0.000  0.181  0.528
   1.70442     18.996946  0.009  0.051  0.223  0.000  0.000  0.069  0.020  0.000  0.191  0.566
   1.67597     18.878222  0.028  0.064  0.218  0.000  0.000  0.086  0.018  0.000  0.193  0.606
   1.64751     18.736051  0.054  0.076  0.204  0.000  0.000  0.103  0.022  0.000  0.179  0.638
   1.61905     18.576775  0.089  0.083  0.179  0.000  0.000  0.112  0.032  0.000  0.157  0.651
   1.59060     18.423155  0.118  0.081  0.152  0.000  0.000  0.113  0.043  0.000  0.131  0.640
   1.56214     18.301807  0.142  0.075  0.126  0.000  0.000  0.109  0.054  0.000  0.107  0.617
   1.53368     18.232651  0.152  0.067  0.108  0.000  0.000  0.107  0.067  0.000  0.087  0.588
   1.50522     18.224279  0.153  0.058  0.098  0.000  0.000  0.105  0.074  0.000  0.071  0.560
   1.47677     18.274461  0.145  0.055  0.093  0.000  0.000  0.107  0.080  0.000  0.058  0.538
   1.44831     18.373922  0.132  0.059  0.090  0.000  0.000  0.108  0.082  0.000  0.049  0.521
   1.41985     18.510791  0.120  0.065  0.088  0.000  0.000  0.106  0.081  0.000  0.044  0.506
   1.39139     18.673285  0.106  0.075  0.087  0.000  0.000  0.102  0.078  0.000  0.043  0.491
   1.36294     18.850710  0.093  0.084  0.085  0.000  0.000  0.095  0.074  0.000  0.042  0.475
   1.33448     19.033495  0.083  0.093  0.081  0.000  0.000  0.084  0.071  0.000  0.048  0.460
   1.30602     19.212899  0.076  0.099  0.078  0.000  0.000  0.070  0.064  0.000  0.056  0.443
   1.27757     19.380305  0.071  0.101  0.078  0.000  0.000  0.055  0.059  0.000  0.064  0.429
   1.24911     19.524744  0.069  0.093  0.081  0.000  0.000  0.047  0.058  0.000  0.069  0.418
   1.22065     19.627657  0.075  0.073  0.094  0.000  0.000  0.051  0.059  0.000  0.061  0.410
   1.19219     19.662173  0.084  0.045  0.108  0.000  0.000  0.070  0.061  0.000  0.039  0.406
   1.16374     19.618347  0.096  0.023  0.121  0.000  0.000  0.081  0.064  0.000  0.015  0.397
   1.13528     19.525035  0.113  0.008  0.140  0.000  0.000  0.052  0.067  0.000  0.003  0.386
   1.10682     19.462364  0.135  0.000  0.160  0.000  0.000  0.000  0.075  0.000  0.000  0.371
   1.10682     19.462364  0.135  0.000  0.160  0.000  0.000  0.000  0.075  0.000  0.000  0.371
   1.07844     19.541390  0.110  0.007  0.138  0.000  0.000  0.064  0.066  0.000  0.000  0.387
   1.05006     19.672256  0.093  0.015  0.120  0.000  0.000  0.104  0.062  0.000  0.006  0.402
   1.02168     19.774005  0.083  0.029  0.113  0.000  0.000  0.097  0.058  0.000  0.028  0.409
   0.99330     19.781077  0.066  0.070  0.094  0.000  0.000  0.060  0.039  0.000  0.081  0.414
   0.96492     19.671884  0.053  0.108  0.075  0.000  0.000  0.058  0.025  0.000  0.104  0.421
   0.93654     19.518042  0.052  0.116  0.070  0.000  0.000  0.075  0.022  0.000  0.094  0.430
   0.90816     19.350735  0.058  0.114  0.074  0.000  0.000  0.093  0.025  0.000  0.079  0.442
   0.87978     19.178232  0.065  0.106  0.079  0.000  0.000  0.108  0.028  0.000  0.064  0.451
   0.85140     19.005380  0.076  0.096  0.087  0.000  0.000  0.118  0.032  0.000  0.052  0.463
   0.82302     18.837754  0.086  0.087  0.092  0.000  0.000  0.125  0.037  0.000  0.046  0.473
   0.79464     18.682503  0.099  0.078  0.098  0.000  0.000  0.128  0.041  0.000  0.039  0.483
   0.76626     18.548649  0.112  0.072  0.102  0.000  0.000  0.130  0.045  0.000  0.038  0.496
   0.73788     18.447472  0.122  0.070  0.105  0.000  0.000  0.130  0.046  0.000  0.037  0.513
   0.70950     18.392684  0.131  0.073  0.111  0.000  0.000  0.131  0.047  0.000  0.042  0.535
   0.68112     18.399053  0.132  0.078  0.125  0.000  0.000  0.134  0.043  0.000  0.051  0.565
   0.65274     18.476980  0.122  0.087  0.143  0.000  0.000  0.141  0.040  0.000  0.063  0.594
   0.62436     18.622548  0.099  0.091  0.165  0.000  0.000  0.145  0.033  0.000  0.081  0.612
   0.59598     18.811959  0.068  0.082  0.188  0.000  0.000  0.145  0.028  0.000  0.099  0.611
   0.56760     19.008529  0.038  0.067  0.207  0.000  0.000  0.130  0.027  0.000  0.115  0.586
   0.53922     19.177872  0.017  0.053  0.214  0.000  0.000  0.107  0.031  0.000  0.126  0.547
   0.51084     19.303106  0.007  0.049  0.208  0.000  0.000  0.082  0.040  0.000  0.131  0.516
   0.48246     19.383964  0.002  0.056  0.191  0.000  0.000  0.067  0.061  0.000  0.129  0.507
   0.45408     19.419145  0.002  0.072  0.166  0.000  0.000  0.064  0.097  0.000  0.123  0.523
   0.42570     19.400052  0.002  0.092  0.130  0.000  0.000  0.066  0.147  0.000  0.114  0.555
   0.39732     19.324833  0.002  0.111  0.094  0.000  0.000  0.067  0.194  0.000  0.105  0.577
   0.36894     19.199737  0.002  0.068  0.035  0.045  0.144  0.038  0.125  0.018  0.054  0.530
   0.34056     18.874101  0.000  0.001  0.002  0.106  0.304  0.001  0.001  0.050  0.003  0.468
   0.31218     18.828019  0.016  0.111  0.070  0.000  0.000  0.073  0.080  0.000  0.141  0.490
   0.28380     18.799734  0.017  0.160  0.023  0.000  0.000  0.051  0.184  0.000  0.076  0.512
   0.25542     18.737313  0.036  0.063  0.037  0.000  0.000  0.066  0.134  0.000  0.159  0.494
   0.22704     18.962893  0.028  0.030  0.042  0.000  0.000  0.053  0.083  0.000  0.160  0.392
   0.19866     19.264161  0.024  0.037  0.052  0.000  0.000  0.048  0.046  0.000  0.148  0.354
   0.17028     19.503521  0.022  0.039  0.122  0.000  0.000  0.026  0.021  0.000  0.090  0.318
   0.14190     19.584904  0.021  0.038  0.143  0.000  0.000  0.020  0.061  0.000  0.051  0.333
   0.11352     19.620177  0.020  0.040  0.149  0.000  0.000  0.015  0.068  0.000  0.043  0.335
   0.08514     19.636078  0.016  0.044  0.153  0.000  0.000  0.009  0.066  0.000  0.040  0.331
   0.05676     19.633464  0.013  0.051  0.156  0.000  0.000  0.005  0.057  0.000  0.040  0.323
   0.02838     19.614673  0.012  0.056  0.153  0.000  0.000  0.001  0.048  0.000  0.039  0.315
   0.00000     19.600649  0.014  0.061  0.151  0.000  0.000  0.002  0.042  0.000  0.039  0.310
 
# Band-Index:   37
   0.00000     20.753902  0.071  0.054  0.007  0.000  0.000  0.320  0.229  0.000  0.014  0.696
   0.02838     20.748464  0.069  0.056  0.008  0.000  0.000  0.315  0.229  0.000  0.013  0.693
   0.05676     20.722172  0.060  0.065  0.008  0.000  0.000  0.292  0.229  0.000  0.016  0.670
   0.08514     20.628583  0.038  0.075  0.005  0.000  0.000  0.218  0.224  0.000  0.034  0.598
   0.11352     20.393629  0.018  0.073  0.002  0.000  0.000  0.113  0.196  0.000  0.086  0.490
   0.14190     20.061186  0.018  0.060  0.002  0.000  0.000  0.071  0.182  0.000  0.115  0.449
   0.17028     19.736207  0.025  0.050  0.017  0.000  0.000  0.046  0.214  0.000  0.105  0.455
   0.19866     19.546092  0.033  0.045  0.069  0.000  0.000  0.007  0.180  0.000  0.093  0.429
   0.22704     19.344842  0.035  0.053  0.044  0.000  0.000  0.031  0.109  0.000  0.156  0.427
   0.25542     19.079908  0.031  0.045  0.023  0.000  0.000  0.066  0.096  0.000  0.185  0.445
   0.28380     18.886887  0.023  0.056  0.029  0.000  0.000  0.073  0.112  0.000  0.190  0.482
   0.31218     18.931812  0.007  0.141  0.021  0.000  0.000  0.057  0.228  0.000  0.084  0.539
   0.34056     19.070630  0.004  0.130  0.039  0.000  0.000  0.064  0.240  0.000  0.087  0.564
   0.36894     19.217888  0.002  0.052  0.028  0.058  0.177  0.031  0.104  0.027  0.043  0.520
   0.39732     19.552475  0.000  0.000  0.000  0.104  0.331  0.000  0.000  0.041  0.000  0.477
   0.42570     19.899182  0.000  0.000  0.000  0.107  0.335  0.000  0.000  0.038  0.000  0.480
   0.45408     20.228094  0.065  0.008  0.010  0.000  0.000  0.193  0.186  0.000  0.014  0.475
   0.48246     20.209114  0.073  0.007  0.005  0.000  0.000  0.243  0.167  0.000  0.014  0.512
   0.51084     20.151273  0.083  0.029  0.012  0.000  0.000  0.272  0.113  0.000  0.019  0.526
   0.53922     20.048870  0.085  0.062  0.020  0.000  0.000  0.250  0.063  0.000  0.027  0.510
   0.56760     19.944350  0.079  0.080  0.035  0.000  0.000  0.205  0.041  0.000  0.039  0.480
   0.59598     19.870695  0.070  0.083  0.051  0.000  0.000  0.167  0.034  0.000  0.049  0.454
   0.62436     19.831629  0.060  0.078  0.065  0.000  0.000  0.146  0.031  0.000  0.058  0.440
   0.65274     19.820440  0.053  0.074  0.075  0.000  0.000  0.135  0.031  0.000  0.068  0.434
   0.68112     19.830913  0.045  0.069  0.083  0.000  0.000  0.133  0.032  0.000  0.075  0.433
   0.70950     19.859204  0.041  0.064  0.089  0.000  0.000  0.133  0.033  0.000  0.078  0.438
   0.73788     19.903255  0.039  0.059  0.093  0.000  0.000  0.139  0.034  0.000  0.080  0.446
   0.76626     19.962193  0.036  0.053  0.094  0.000  0.000  0.148  0.039  0.000  0.084  0.456
   0.79464     20.035622  0.034  0.049  0.095  0.000  0.000  0.164  0.045  0.000  0.085  0.468
   0.82302     20.122841  0.034  0.043  0.089  0.000  0.000  0.182  0.051  0.000  0.082  0.482
   0.85140     20.219824  0.034  0.039  0.076  0.000  0.000  0.209  0.067  0.000  0.072  0.496
   0.87978     20.301247  0.042  0.036  0.041  0.000  0.000  0.237  0.102  0.000  0.040  0.497
   0.90816     20.296871  0.050  0.043  0.035  0.000  0.000  0.218  0.114  0.000  0.016  0.477
   0.93654     20.235818  0.047  0.052  0.045  0.000  0.000  0.204  0.096  0.000  0.017  0.464
   0.96492     20.164573  0.043  0.066  0.042  0.000  0.000  0.196  0.077  0.000  0.032  0.453
   0.99330     20.122463  0.025  0.102  0.022  0.000  0.000  0.168  0.051  0.000  0.078  0.448
   1.02168     20.183035  0.010  0.143  0.005  0.000  0.000  0.101  0.022  0.000  0.162  0.440
   1.05006     20.322329  0.005  0.144  0.001  0.000  0.000  0.056  0.010  0.000  0.217  0.437
   1.07844     20.464889  0.002  0.130  0.000  0.000  0.000  0.037  0.004  0.000  0.263  0.438
   1.10682     20.532520  0.000  0.118  0.000  0.002  0.003  0.033  0.000  0.001  0.285  0.443
   1.10682     20.532520  0.000  0.118  0.000  0.002  0.003  0.033  0.000  0.001  0.285  0.443
   1.13528     20.490780  0.002  0.117  0.000  0.008  0.012  0.037  0.006  0.001  0.250  0.436
   1.16374     20.397045  0.004  0.050  0.002  0.097  0.135  0.025  0.010  0.025  0.083  0.427
   1.19219     20.290552  0.002  0.004  0.000  0.167  0.175  0.005  0.002  0.063  0.007  0.428
   1.22065     20.204652  0.000  0.001  0.000  0.177  0.149  0.002  0.002  0.096  0.000  0.430
   1.24911     20.147003  0.000  0.000  0.000  0.179  0.125  0.002  0.002  0.127  0.000  0.433
   1.27757     20.114595  0.000  0.000  0.000  0.176  0.104  0.002  0.000  0.152  0.000  0.436
   1.30602     20.102048  0.000  0.000  0.000  0.173  0.091  0.000  0.000  0.173  0.000  0.440
   1.33448     20.104486  0.000  0.000  0.000  0.169  0.084  0.002  0.002  0.187  0.000  0.444
   1.36294     20.032975  0.028  0.035  0.088  0.000  0.000  0.182  0.055  0.000  0.134  0.521
   1.39139     19.933856  0.029  0.040  0.094  0.000  0.000  0.164  0.049  0.000  0.130  0.508
   1.41985     19.847136  0.031  0.044  0.098  0.000  0.000  0.149  0.045  0.000  0.125  0.493
   1.44831     19.773640  0.033  0.049  0.100  0.000  0.000  0.136  0.042  0.000  0.119  0.480
   1.47677     19.713641  0.036  0.053  0.098  0.000  0.000  0.129  0.043  0.000  0.110  0.468
   1.50522     19.667715  0.039  0.057  0.096  0.000  0.000  0.122  0.043  0.000  0.100  0.460
   1.53368     19.637303  0.046  0.060  0.092  0.000  0.000  0.120  0.046  0.000  0.090  0.453
   1.56214     19.625334  0.052  0.066  0.085  0.000  0.000  0.121  0.049  0.000  0.077  0.449
   1.59060     19.637051  0.060  0.072  0.074  0.000  0.000  0.130  0.053  0.000  0.063  0.452
   1.61905     19.680833  0.074  0.079  0.064  0.000  0.000  0.144  0.058  0.000  0.048  0.465
   1.64751     19.767118  0.087  0.084  0.052  0.000  0.000  0.170  0.063  0.000  0.034  0.489
   1.67597     19.901127  0.095  0.082  0.044  0.000  0.000  0.202  0.071  0.000  0.027  0.522
   1.70442     20.069210  0.096  0.066  0.041  0.000  0.000  0.233  0.085  0.000  0.027  0.547
   1.73288     20.223726  0.087  0.033  0.029  0.003  0.002  0.234  0.125  0.003  0.026  0.541
   1.76134     20.162798  0.001  0.000  0.000  0.145  0.170  0.004  0.006  0.086  0.000  0.416
   1.78980     19.882311  0.000  0.000  0.000  0.130  0.212  0.000  0.001  0.066  0.000  0.408
   1.81825     19.574667  0.000  0.000  0.000  0.117  0.233  0.000  0.000  0.056  0.000  0.408
   1.84671     19.282600  0.001  0.118  0.058  0.008  0.020  0.075  0.179  0.004  0.085  0.547
   1.87517     19.168371  0.004  0.132  0.030  0.000  0.000  0.081  0.223  0.000  0.076  0.549
   1.90362     19.110118  0.011  0.062  0.088  0.000  0.000  0.080  0.083  0.000  0.097  0.421
   1.93208     19.201579  0.013  0.027  0.091  0.000  0.000  0.081  0.062  0.000  0.110  0.387
   1.96054     19.292879  0.018  0.016  0.101  0.000  0.000  0.068  0.142  0.000  0.055  0.397
   1.98900     19.312336  0.022  0.022  0.103  0.000  0.000  0.042  0.212  0.000  0.031  0.431
   2.01745     19.377618  0.026  0.042  0.061  0.000  0.000  0.043  0.239  0.000  0.055  0.464
   2.04591     19.629056  0.037  0.069  0.012  0.000  0.000  0.054  0.182  0.000  0.111  0.466
   2.07437     19.997151  0.036  0.081  0.007  0.000  0.000  0.057  0.146  0.000  0.127  0.456
   2.10282     20.393535  0.029  0.092  0.011  0.000  0.000  0.058  0.140  0.000  0.126  0.457
   2.13128     20.773623  0.024  0.109  0.016  0.000  0.000  0.066  0.164  0.000  0.105  0.484
   2.15974     20.954633  0.038  0.103  0.026  0.000  0.000  0.180  0.226  0.000  0.033  0.604
   2.18820     20.831655  0.062  0.065  0.018  0.000  0.000  0.287  0.225  0.000  0.014  0.673
   2.21665     20.753902  0.071  0.054  0.007  0.000  0.000  0.320  0.229  0.000  0.014  0.696
 
# Band-Index:   38
   2.21665     21.574943  0.094  0.048  0.005  0.000  0.000  0.309  0.129  0.000  0.022  0.608
   2.18820     21.566267  0.088  0.057  0.005  0.000  0.000  0.323  0.116  0.000  0.020  0.612
   2.15974     21.416136  0.055  0.057  0.012  0.000  0.000  0.253  0.028  0.000  0.100  0.504
   2.13128     21.313238  0.051  0.081  0.016  0.000  0.000  0.231  0.035  0.000  0.095  0.512
   2.10282     21.058905  0.032  0.079  0.017  0.000  0.000  0.109  0.027  0.000  0.138  0.402
   2.07437     20.718052  0.029  0.063  0.018  0.000  0.000  0.079  0.031  0.000  0.151  0.371
   2.04591     20.373184  0.029  0.051  0.018  0.000  0.000  0.066  0.035  0.000  0.159  0.361
   2.01745     20.044157  0.031  0.040  0.020  0.000  0.000  0.058  0.042  0.000  0.164  0.357
   1.98900     19.751710  0.035  0.035  0.023  0.000  0.001  0.047  0.057  0.000  0.169  0.364
   1.96054     19.551046  0.042  0.038  0.031  0.001  0.015  0.015  0.114  0.007  0.142  0.407
   1.93208     19.455183  0.000  0.000  0.000  0.019  0.483  0.000  0.001  0.129  0.000  0.632
   1.90362     19.597799  0.000  0.000  0.000  0.019  0.465  0.000  0.001  0.080  0.000  0.564
   1.87517     19.842402  0.038  0.087  0.040  0.000  0.007  0.011  0.208  0.001  0.050  0.441
   1.84671     20.010047  0.035  0.090  0.034  0.000  0.000  0.019  0.218  0.000  0.041  0.437
   1.81825     20.151590  0.038  0.075  0.023  0.000  0.000  0.044  0.228  0.000  0.031  0.439
   1.78980     20.252075  0.049  0.047  0.011  0.000  0.001  0.099  0.229  0.000  0.022  0.462
   1.76134     20.296551  0.066  0.021  0.015  0.005  0.007  0.175  0.192  0.003  0.021  0.503
   1.73288     20.388888  0.002  0.001  0.000  0.165  0.133  0.005  0.001  0.128  0.000  0.441
   1.70442     20.499684  0.000  0.001  0.000  0.174  0.114  0.000  0.002  0.179  0.000  0.471
   1.67597     20.526961  0.000  0.001  0.000  0.167  0.112  0.000  0.002  0.205  0.000  0.490
   1.64751     20.511701  0.000  0.001  0.000  0.161  0.111  0.000  0.002  0.218  0.000  0.495
   1.61905     20.476995  0.000  0.001  0.000  0.157  0.108  0.000  0.002  0.223  0.000  0.494
   1.59060     20.433422  0.000  0.000  0.000  0.156  0.104  0.000  0.002  0.226  0.000  0.490
   1.56214     20.386270  0.000  0.000  0.000  0.157  0.097  0.000  0.002  0.228  0.000  0.486
   1.53368     20.338473  0.000  0.000  0.000  0.156  0.093  0.000  0.002  0.228  0.000  0.481
   1.50522     20.291886  0.000  0.000  0.000  0.157  0.089  0.000  0.000  0.226  0.000  0.475
   1.47677     20.247830  0.000  0.000  0.000  0.157  0.085  0.000  0.000  0.224  0.000  0.470
   1.44831     20.207389  0.000  0.000  0.000  0.159  0.082  0.000  0.000  0.221  0.000  0.463
   1.41985     20.171584  0.000  0.000  0.000  0.162  0.078  0.000  0.000  0.216  0.000  0.459
   1.39139     20.141543  0.000  0.000  0.000  0.163  0.078  0.000  0.000  0.209  0.000  0.454
   1.36294     20.118642  0.000  0.000  0.000  0.165  0.080  0.000  0.000  0.201  0.000  0.449
   1.33448     20.141185  0.029  0.033  0.073  0.001  0.000  0.197  0.066  0.002  0.129  0.531
   1.30602     20.245292  0.034  0.034  0.050  0.000  0.000  0.205  0.084  0.000  0.117  0.525
   1.27757     20.312232  0.039  0.042  0.027  0.000  0.000  0.194  0.098  0.002  0.088  0.488
   1.24911     20.320402  0.039  0.057  0.017  0.001  0.000  0.173  0.085  0.002  0.075  0.452
   1.22065     20.311682  0.031  0.083  0.014  0.001  0.003  0.142  0.060  0.002  0.097  0.433
   1.19219     20.336213  0.017  0.104  0.005  0.009  0.010  0.096  0.036  0.003  0.143  0.426
   1.16374     20.411305  0.004  0.075  0.000  0.063  0.090  0.036  0.012  0.017  0.127  0.429
   1.13528     20.512296  0.000  0.007  0.000  0.130  0.252  0.002  0.000  0.029  0.013  0.435
   1.10682     20.562593  0.000  0.002  0.000  0.118  0.284  0.001  0.000  0.029  0.004  0.438
   1.10682     20.562593  0.000  0.002  0.000  0.118  0.284  0.001  0.000  0.029  0.004  0.438
   1.07844     20.546103  0.000  0.000  0.000  0.128  0.263  0.000  0.000  0.038  0.000  0.433
   1.05006     20.510056  0.000  0.000  0.000  0.145  0.215  0.000  0.000  0.064  0.000  0.423
   1.02168     20.474070  0.000  0.000  0.000  0.156  0.164  0.000  0.000  0.095  0.000  0.418
   0.99330     20.448366  0.000  0.000  0.000  0.162  0.127  0.000  0.000  0.128  0.000  0.416
   0.96492     20.435078  0.000  0.000  0.000  0.162  0.099  0.000  0.000  0.155  0.000  0.419
   0.93654     20.433050  0.000  0.000  0.000  0.161  0.081  0.000  0.000  0.179  0.000  0.423
   0.90816     20.440140  0.000  0.000  0.002  0.157  0.072  0.001  0.000  0.195  0.000  0.430
   0.87978     20.451121  0.005  0.006  0.019  0.136  0.059  0.020  0.008  0.183  0.010  0.446
   0.85140     20.471458  0.008  0.010  0.018  0.127  0.056  0.026  0.018  0.183  0.007  0.452
   0.82302     20.500856  0.005  0.006  0.008  0.136  0.064  0.016  0.013  0.206  0.003  0.458
   0.79464     20.534685  0.004  0.005  0.007  0.137  0.069  0.012  0.012  0.216  0.001  0.464
   0.76626     20.572758  0.004  0.005  0.007  0.134  0.074  0.012  0.015  0.219  0.001  0.472
   0.73788     20.614379  0.007  0.009  0.009  0.125  0.074  0.020  0.024  0.211  0.002  0.482
   0.70950     20.656530  0.015  0.024  0.022  0.094  0.063  0.046  0.066  0.165  0.008  0.502
   0.68112     20.686675  0.034  0.066  0.049  0.029  0.022  0.103  0.167  0.052  0.022  0.544
   0.65274     20.696985  0.038  0.090  0.056  0.006  0.006  0.116  0.217  0.011  0.028  0.565
   0.62436     20.695361  0.035  0.107  0.054  0.001  0.002  0.107  0.237  0.002  0.028  0.577
   0.59598     20.686556  0.031  0.126  0.053  0.001  0.000  0.089  0.250  0.000  0.030  0.582
   0.56760     20.676992  0.026  0.152  0.050  0.000  0.000  0.066  0.254  0.000  0.033  0.586
   0.53922     20.681395  0.021  0.189  0.054  0.000  0.000  0.041  0.242  0.000  0.039  0.586
   0.51084     20.727997  0.015  0.226  0.059  0.000  0.000  0.033  0.200  0.000  0.049  0.583
   0.48246     20.589609  0.000  0.000  0.000  0.124  0.313  0.000  0.000  0.040  0.000  0.477
   0.45408     20.247461  0.000  0.000  0.000  0.112  0.333  0.000  0.000  0.038  0.000  0.481
   0.42570     20.227809  0.056  0.022  0.020  0.000  0.000  0.140  0.183  0.000  0.019  0.439
   0.39732     20.179316  0.045  0.047  0.028  0.000  0.000  0.098  0.188  0.000  0.027  0.431
   0.36894     20.056293  0.039  0.059  0.031  0.000  0.000  0.080  0.200  0.000  0.028  0.438
   0.34056     19.901604  0.042  0.050  0.035  0.000  0.000  0.083  0.201  0.000  0.024  0.434
   0.31218     19.767397  0.044  0.030  0.044  0.000  0.000  0.095  0.194  0.000  0.018  0.426
   0.28380     19.683719  0.043  0.016  0.056  0.000  0.000  0.112  0.178  0.000  0.012  0.417
   0.25542     19.657896  0.038  0.013  0.066  0.000  0.000  0.129  0.155  0.000  0.009  0.413
   0.22704     19.698270  0.034  0.018  0.058  0.000  0.000  0.167  0.116  0.000  0.024  0.419
   0.19866     19.870317  0.034  0.040  0.030  0.000  0.000  0.201  0.055  0.000  0.084  0.442
   0.17028     20.170018  0.039  0.062  0.020  0.000  0.000  0.197  0.030  0.000  0.117  0.466
   0.14190     20.497743  0.046  0.073  0.018  0.000  0.000  0.222  0.022  0.000  0.126  0.508
   0.11352     20.804487  0.060  0.072  0.020  0.000  0.000  0.259  0.016  0.000  0.134  0.563
   0.08514     21.094049  0.060  0.062  0.017  0.000  0.001  0.215  0.015  0.000  0.161  0.531
   0.05676     21.427850  0.046  0.073  0.012  0.000  0.001  0.166  0.030  0.002  0.152  0.484
   0.02838     21.614416  0.088  0.061  0.005  0.000  0.000  0.316  0.118  0.000  0.022  0.611
   0.00000     21.574943  0.094  0.048  0.005  0.000  0.000  0.309  0.129  0.000  0.022  0.608
 
# Band-Index:   39
   0.00000     21.962446  0.000  0.000  0.000  0.079  0.374  0.000  0.000  0.279  0.000  0.734
   0.02838     21.838563  0.033  0.044  0.025  0.006  0.032  0.050  0.038  0.025  0.158  0.406
   0.05676     21.687098  0.000  0.001  0.000  0.086  0.321  0.000  0.000  0.276  0.000  0.685
   0.08514     21.421970  0.000  0.000  0.000  0.090  0.295  0.000  0.000  0.271  0.000  0.657
   0.11352     21.129869  0.000  0.000  0.000  0.093  0.278  0.000  0.000  0.265  0.000  0.635
   0.14190     20.833600  0.000  0.000  0.000  0.095  0.269  0.000  0.000  0.256  0.000  0.620
   0.17028     20.551058  0.000  0.000  0.000  0.094  0.266  0.000  0.000  0.244  0.000  0.607
   0.19866     20.303523  0.000  0.000  0.000  0.091  0.270  0.000  0.000  0.230  0.000  0.592
   0.22704     20.122553  0.000  0.000  0.000  0.083  0.281  0.000  0.000  0.207  0.000  0.568
   0.25542     20.049780  0.000  0.000  0.000  0.070  0.291  0.000  0.000  0.174  0.000  0.536
   0.28380     20.111861  0.000  0.000  0.000  0.060  0.299  0.000  0.000  0.137  0.000  0.497
   0.31218     20.292461  0.000  0.000  0.000  0.053  0.303  0.000  0.000  0.109  0.000  0.466
   0.34056     20.552142  0.000  0.000  0.000  0.048  0.307  0.000  0.000  0.091  0.000  0.447
   0.36894     20.856739  0.000  0.000  0.000  0.041  0.315  0.000  0.000  0.080  0.000  0.439
   0.39732     20.946279  0.055  0.050  0.016  0.000  0.000  0.092  0.169  0.000  0.044  0.427
   0.42570     20.946448  0.025  0.107  0.023  0.000  0.000  0.071  0.202  0.000  0.054  0.482
   0.45408     20.939226  0.006  0.182  0.049  0.000  0.000  0.071  0.173  0.000  0.062  0.542
   0.48246     20.834562  0.011  0.228  0.062  0.000  0.000  0.056  0.159  0.000  0.059  0.576
   0.51084     20.889283  0.000  0.000  0.000  0.159  0.221  0.000  0.000  0.074  0.000  0.455
   0.53922     20.992284  0.000  0.000  0.000  0.163  0.112  0.000  0.000  0.196  0.000  0.471
   0.56760     20.955859  0.000  0.000  0.000  0.144  0.115  0.000  0.000  0.235  0.000  0.495
   0.59598     20.897796  0.000  0.000  0.000  0.140  0.114  0.000  0.001  0.243  0.000  0.501
   0.62436     20.837813  0.000  0.000  0.000  0.137  0.110  0.002  0.003  0.246  0.000  0.499
   0.65274     20.780657  0.001  0.004  0.004  0.132  0.101  0.006  0.009  0.239  0.001  0.498
   0.68112     20.730390  0.008  0.017  0.013  0.110  0.078  0.028  0.044  0.196  0.006  0.503
   0.70950     20.695045  0.029  0.049  0.044  0.046  0.031  0.094  0.131  0.082  0.019  0.527
   0.73788     20.667265  0.039  0.059  0.060  0.020  0.012  0.126  0.157  0.033  0.025  0.530
   0.76626     20.635264  0.044  0.058  0.067  0.014  0.006  0.138  0.150  0.022  0.028  0.523
   0.79464     20.596969  0.044  0.055  0.072  0.013  0.006  0.140  0.135  0.020  0.031  0.511
   0.82302     20.553459  0.043  0.051  0.077  0.015  0.006  0.136  0.113  0.024  0.032  0.501
   0.85140     20.509766  0.038  0.047  0.084  0.027  0.012  0.123  0.085  0.038  0.038  0.487
   0.87978     20.487382  0.031  0.049  0.114  0.022  0.009  0.123  0.051  0.028  0.066  0.492
   0.90816     20.556379  0.026  0.052  0.130  0.001  0.000  0.182  0.036  0.000  0.098  0.526
   0.93654     20.692432  0.026  0.054  0.109  0.000  0.000  0.216  0.040  0.000  0.099  0.542
   0.96492     20.844962  0.023  0.067  0.083  0.000  0.000  0.231  0.044  0.000  0.099  0.545
   0.99330     20.992128  0.021  0.090  0.054  0.000  0.000  0.218  0.042  0.000  0.106  0.534
   1.02168     21.109374  0.015  0.128  0.027  0.000  0.000  0.173  0.036  0.000  0.122  0.502
   1.05006     21.164382  0.008  0.178  0.009  0.002  0.003  0.096  0.017  0.000  0.140  0.453
   1.07844     21.131327  0.000  0.040  0.000  0.196  0.126  0.004  0.000  0.021  0.025  0.415
   1.10682     21.106066  0.000  0.157  0.000  0.100  0.053  0.000  0.000  0.000  0.084  0.395
   1.10682     21.106066  0.000  0.157  0.000  0.100  0.053  0.000  0.000  0.000  0.084  0.395
   1.13528     21.113556  0.000  0.227  0.000  0.011  0.008  0.033  0.000  0.001  0.140  0.420
   1.16374     21.089876  0.003  0.188  0.005  0.000  0.000  0.115  0.010  0.001  0.153  0.478
   1.19219     21.007537  0.007  0.140  0.023  0.000  0.000  0.197  0.018  0.001  0.147  0.535
   1.22065     20.883389  0.011  0.102  0.053  0.000  0.000  0.246  0.018  0.000  0.138  0.569
   1.24911     20.751665  0.014  0.080  0.084  0.000  0.000  0.258  0.013  0.000  0.123  0.573
   1.27757     20.656319  0.019  0.069  0.106  0.000  0.000  0.240  0.016  0.000  0.091  0.543
   1.30602     20.634324  0.031  0.061  0.100  0.000  0.000  0.213  0.041  0.000  0.053  0.501
   1.33448     20.662847  0.038  0.055  0.088  0.000  0.000  0.199  0.069  0.000  0.032  0.486
   1.36294     20.707770  0.041  0.055  0.081  0.000  0.000  0.189  0.093  0.000  0.024  0.485
   1.39139     20.755237  0.045  0.055  0.075  0.000  0.000  0.183  0.111  0.002  0.018  0.489
   1.41985     20.800238  0.045  0.057  0.071  0.000  0.000  0.176  0.129  0.002  0.015  0.496
   1.44831     20.840573  0.046  0.061  0.069  0.001  0.000  0.171  0.145  0.002  0.013  0.504
   1.47677     20.874901  0.044  0.065  0.068  0.001  0.000  0.163  0.158  0.002  0.012  0.511
   1.50522     20.902043  0.043  0.070  0.065  0.001  0.000  0.158  0.174  0.002  0.010  0.520
   1.53368     20.920737  0.039  0.077  0.061  0.001  0.000  0.149  0.188  0.002  0.010  0.529
   1.56214     20.929508  0.037  0.086  0.059  0.001  0.000  0.141  0.201  0.002  0.009  0.536
   1.59060     20.926775  0.032  0.098  0.054  0.001  0.000  0.131  0.214  0.002  0.010  0.544
   1.61905     20.910996  0.027  0.109  0.051  0.001  0.000  0.119  0.227  0.002  0.013  0.550
   1.64751     20.881201  0.022  0.126  0.048  0.001  0.002  0.103  0.237  0.002  0.013  0.555
   1.67597     20.838524  0.017  0.146  0.044  0.001  0.002  0.086  0.245  0.002  0.017  0.556
   1.70442     20.790505  0.009  0.173  0.042  0.001  0.000  0.065  0.240  0.000  0.024  0.558
   1.73288     20.766024  0.004  0.211  0.047  0.000  0.000  0.058  0.208  0.000  0.037  0.565
   1.76134     20.825189  0.007  0.214  0.059  0.000  0.000  0.095  0.142  0.000  0.057  0.576
   1.78980     20.690511  0.000  0.000  0.000  0.042  0.425  0.000  0.000  0.095  0.000  0.563
   1.81825     20.460174  0.000  0.000  0.000  0.042  0.429  0.000  0.000  0.077  0.000  0.550
   1.84671     20.176649  0.000  0.000  0.000  0.039  0.431  0.000  0.000  0.067  0.000  0.537
   1.87517     19.874468  0.000  0.000  0.001  0.029  0.433  0.000  0.003  0.065  0.000  0.534
   1.90362     19.678290  0.043  0.074  0.046  0.000  0.002  0.007  0.205  0.000  0.060  0.437
   1.93208     19.553044  0.047  0.056  0.048  0.000  0.000  0.002  0.193  0.000  0.083  0.430
   1.96054     19.585885  0.003  0.001  0.001  0.057  0.405  0.001  0.003  0.183  0.005  0.656
   1.98900     19.880383  0.000  0.000  0.000  0.084  0.364  0.000  0.000  0.214  0.000  0.661
   2.01745     20.224908  0.000  0.000  0.000  0.094  0.339  0.000  0.000  0.227  0.000  0.659
   2.04591     20.581352  0.000  0.000  0.000  0.099  0.330  0.000  0.000  0.236  0.000  0.664
   2.07437     20.933013  0.000  0.000  0.000  0.097  0.332  0.000  0.000  0.245  0.000  0.675
   2.10282     21.264821  0.000  0.000  0.000  0.094  0.340  0.000  0.000  0.255  0.000  0.689
   2.13128     21.556115  0.000  0.000  0.000  0.090  0.353  0.000  0.000  0.265  0.000  0.707
   2.15974     21.644779  0.091  0.018  0.018  0.000  0.000  0.219  0.120  0.000  0.077  0.546
   2.18820     21.818145  0.038  0.050  0.020  0.000  0.004  0.060  0.045  0.002  0.155  0.374
   2.21665     21.962446  0.000  0.000  0.000  0.079  0.374  0.000  0.000  0.279  0.000  0.734
 
# Band-Index:   40
   2.21665     22.094721  0.017  0.102  0.028  0.000  0.000  0.018  0.002  0.000  0.087  0.254
   2.18820     21.918799  0.000  0.001  0.000  0.081  0.369  0.000  0.000  0.275  0.002  0.727
   2.15974     21.780793  0.000  0.000  0.000  0.085  0.366  0.000  0.000  0.272  0.000  0.722
   2.13128     21.649824  0.039  0.023  0.015  0.000  0.000  0.061  0.097  0.000  0.099  0.336
   2.10282     21.633203  0.074  0.027  0.009  0.000  0.000  0.176  0.117  0.000  0.065  0.471
   2.07437     21.657628  0.083  0.034  0.009  0.000  0.000  0.211  0.114  0.000  0.058  0.511
   2.04591     21.683507  0.088  0.038  0.013  0.000  0.000  0.223  0.106  0.000  0.059  0.529
   2.01745     21.706472  0.090  0.044  0.016  0.000  0.000  0.233  0.097  0.000  0.061  0.542
   1.98900     21.721940  0.088  0.052  0.020  0.000  0.000  0.241  0.084  0.000  0.064  0.551
   1.96054     21.723721  0.088  0.061  0.026  0.001  0.002  0.248  0.068  0.003  0.066  0.561
   1.93208     21.704123  0.086  0.074  0.031  0.002  0.004  0.250  0.052  0.006  0.067  0.574
   1.90362     21.655911  0.082  0.088  0.038  0.004  0.006  0.254  0.034  0.010  0.068  0.586
   1.87517     21.505670  0.046  0.017  0.029  0.000  0.000  0.108  0.099  0.000  0.038  0.337
   1.84671     21.256194  0.041  0.032  0.023  0.000  0.000  0.104  0.121  0.000  0.047  0.368
   1.81825     21.088443  0.021  0.083  0.032  0.000  0.000  0.106  0.141  0.000  0.061  0.442
   1.78980     20.957651  0.010  0.160  0.054  0.000  0.000  0.122  0.128  0.000  0.069  0.542
   1.76134     20.860466  0.000  0.000  0.000  0.034  0.417  0.000  0.000  0.105  0.000  0.558
   1.73288     21.022598  0.000  0.000  0.000  0.020  0.416  0.000  0.000  0.090  0.000  0.528
   1.70442     21.247540  0.000  0.000  0.000  0.018  0.397  0.000  0.000  0.061  0.000  0.480
   1.67597     21.536059  0.000  0.000  0.000  0.028  0.358  0.000  0.000  0.056  0.000  0.441
   1.64751     21.846195  0.000  0.000  0.000  0.038  0.283  0.000  0.000  0.085  0.000  0.406
   1.61905     22.084033  0.000  0.000  0.000  0.054  0.078  0.000  0.000  0.273  0.000  0.408
   1.59060     22.103949  0.000  0.000  0.000  0.068  0.022  0.000  0.000  0.418  0.000  0.509
   1.56214     22.047015  0.000  0.000  0.000  0.070  0.043  0.000  0.000  0.434  0.000  0.547
   1.53368     21.978979  0.000  0.000  0.000  0.069  0.058  0.000  0.000  0.434  0.000  0.563
   1.50522     21.910256  0.000  0.000  0.000  0.069  0.070  0.000  0.000  0.432  0.000  0.571
   1.47677     21.843664  0.000  0.000  0.000  0.069  0.078  0.000  0.000  0.428  0.000  0.577
   1.44831     21.780279  0.000  0.000  0.000  0.071  0.087  0.000  0.000  0.424  0.000  0.582
   1.41985     21.720462  0.000  0.000  0.000  0.071  0.094  0.000  0.000  0.418  0.000  0.584
   1.39139     21.664355  0.000  0.000  0.000  0.072  0.102  0.000  0.000  0.410  0.000  0.584
   1.36294     21.611785  0.000  0.000  0.000  0.074  0.108  0.000  0.000  0.400  0.000  0.583
   1.33448     21.562387  0.000  0.000  0.000  0.078  0.114  0.000  0.000  0.386  0.000  0.581
   1.30602     21.515356  0.000  0.000  0.000  0.084  0.122  0.000  0.000  0.367  0.000  0.574
   1.27757     21.469392  0.000  0.000  0.000  0.092  0.130  0.000  0.000  0.339  0.000  0.564
   1.24911     21.422269  0.000  0.000  0.000  0.106  0.138  0.000  0.000  0.304  0.000  0.548
   1.22065     21.370413  0.000  0.000  0.000  0.124  0.147  0.000  0.000  0.251  0.000  0.523
   1.19219     21.308865  0.000  0.000  0.000  0.151  0.154  0.000  0.000  0.182  0.000  0.489
   1.16374     21.234113  0.000  0.001  0.000  0.188  0.155  0.001  0.000  0.102  0.000  0.450
   1.13528     21.156254  0.000  0.011  0.000  0.222  0.140  0.001  0.000  0.030  0.007  0.412
   1.10682     21.120778  0.000  0.099  0.000  0.156  0.082  0.000  0.000  0.002  0.052  0.394
   1.10682     21.120778  0.000  0.099  0.000  0.156  0.082  0.000  0.000  0.002  0.052  0.394
   1.07844     21.146167  0.000  0.193  0.002  0.041  0.026  0.023  0.002  0.006  0.121  0.413
   1.05006     21.178923  0.000  0.002  0.000  0.192  0.181  0.001  0.000  0.081  0.002  0.463
   1.02168     21.232009  0.000  0.000  0.000  0.154  0.208  0.000  0.000  0.149  0.000  0.511
   0.99330     21.285861  0.000  0.000  0.000  0.121  0.225  0.000  0.000  0.210  0.000  0.555
   0.96492     21.339590  0.000  0.000  0.000  0.098  0.231  0.000  0.000  0.258  0.000  0.586
   0.93654     21.394792  0.000  0.000  0.000  0.081  0.231  0.000  0.000  0.292  0.000  0.607
   0.90816     21.453057  0.000  0.000  0.000  0.071  0.230  0.000  0.000  0.319  0.000  0.621
   0.87978     21.515485  0.000  0.000  0.000  0.064  0.227  0.000  0.000  0.338  0.000  0.629
   0.85140     21.582698  0.000  0.000  0.000  0.059  0.225  0.000  0.000  0.351  0.000  0.635
   0.82302     21.654932  0.000  0.000  0.000  0.057  0.221  0.000  0.000  0.359  0.000  0.640
   0.79464     21.732094  0.000  0.000  0.000  0.057  0.220  0.000  0.000  0.366  0.000  0.643
   0.76626     21.813724  0.000  0.000  0.000  0.056  0.219  0.000  0.000  0.370  0.000  0.648
   0.73788     21.898759  0.000  0.000  0.000  0.058  0.224  0.000  0.000  0.374  0.000  0.655
   0.70950     21.985013  0.000  0.000  0.000  0.060  0.232  0.000  0.000  0.374  0.000  0.667
   0.68112     22.067475  0.000  0.000  0.000  0.064  0.254  0.000  0.000  0.370  0.000  0.690
   0.65274     22.132500  0.000  0.000  0.000  0.068  0.305  0.000  0.000  0.355  0.000  0.729
   0.62436     22.137511  0.000  0.000  0.000  0.074  0.404  0.000  0.000  0.296  0.000  0.776
   0.59598     21.997155  0.000  0.000  0.000  0.075  0.485  0.000  0.000  0.181  0.000  0.742
   0.56760     21.723047  0.000  0.000  0.000  0.064  0.484  0.000  0.000  0.116  0.000  0.666
   0.53922     21.420127  0.000  0.000  0.000  0.042  0.472  0.000  0.000  0.129  0.000  0.643
   0.51084     21.244625  0.000  0.000  0.000  0.042  0.356  0.000  0.000  0.237  0.000  0.635
   0.48246     21.263325  0.000  0.000  0.000  0.069  0.266  0.000  0.000  0.263  0.000  0.598
   0.45408     21.324308  0.000  0.000  0.000  0.072  0.259  0.000  0.000  0.255  0.000  0.587
   0.42570     21.360631  0.000  0.000  0.000  0.042  0.317  0.000  0.000  0.199  0.000  0.559
   0.39732     21.175544  0.000  0.000  0.000  0.028  0.342  0.000  0.000  0.082  0.000  0.454
   0.36894     21.062942  0.074  0.021  0.022  0.000  0.000  0.108  0.124  0.000  0.039  0.387
   0.34056     21.275274  0.086  0.017  0.029  0.000  0.000  0.119  0.093  0.000  0.039  0.382
   0.31218     21.491408  0.107  0.065  0.035  0.000  0.000  0.176  0.058  0.000  0.071  0.511
   0.28380     21.493667  0.087  0.074  0.042  0.000  0.000  0.214  0.070  0.000  0.076  0.560
   0.25542     21.439062  0.082  0.059  0.041  0.000  0.000  0.213  0.086  0.000  0.072  0.552
   0.22704     21.375926  0.081  0.048  0.037  0.000  0.000  0.210  0.098  0.000  0.072  0.543
   0.19866     21.315654  0.079  0.037  0.033  0.000  0.000  0.199  0.109  0.000  0.073  0.530
   0.17028     21.269185  0.075  0.030  0.029  0.000  0.000  0.180  0.114  0.000  0.077  0.505
   0.14190     21.256514  0.068  0.021  0.026  0.000  0.000  0.138  0.109  0.000  0.089  0.453
   0.11352     21.325062  0.051  0.023  0.021  0.000  0.000  0.064  0.088  0.000  0.108  0.357
   0.08514     21.533663  0.031  0.042  0.019  0.000  0.000  0.017  0.051  0.000  0.123  0.286
   0.05676     21.788293  0.078  0.021  0.024  0.000  0.000  0.197  0.054  0.000  0.108  0.484
   0.02838     21.889858  0.003  0.006  0.002  0.073  0.324  0.004  0.001  0.255  0.015  0.686
   0.00000     22.094721  0.017  0.102  0.028  0.000  0.000  0.018  0.002  0.000  0.087  0.254
 
# Band-Index:   41
   0.00000     22.303316  0.013  0.110  0.022  0.000  0.000  0.005  0.000  0.000  0.150  0.302
   0.02838     22.156224  0.012  0.102  0.021  0.000  0.000  0.013  0.021  0.000  0.092  0.261
   0.05676     21.872200  0.021  0.080  0.024  0.000  0.000  0.040  0.110  0.000  0.060  0.334
   0.08514     22.039229  0.069  0.044  0.033  0.000  0.000  0.230  0.139  0.000  0.039  0.557
   0.11352     22.313447  0.062  0.049  0.042  0.000  0.000  0.223  0.137  0.000  0.042  0.556
   0.14190     22.508647  0.000  0.000  0.000  0.101  0.241  0.001  0.000  0.294  0.000  0.639
   0.17028     22.400538  0.000  0.000  0.000  0.102  0.240  0.000  0.000  0.288  0.000  0.630
   0.19866     22.288686  0.000  0.000  0.000  0.104  0.235  0.000  0.000  0.284  0.000  0.622
   0.22704     22.175886  0.000  0.000  0.000  0.105  0.230  0.000  0.000  0.280  0.000  0.615
   0.25542     22.063858  0.000  0.000  0.000  0.106  0.225  0.000  0.000  0.279  0.000  0.608
   0.28380     21.909749  0.052  0.017  0.044  0.000  0.000  0.121  0.081  0.000  0.016  0.334
   0.31218     21.638665  0.031  0.041  0.050  0.000  0.000  0.159  0.081  0.000  0.026  0.386
   0.34056     21.594274  0.049  0.110  0.054  0.000  0.000  0.210  0.045  0.000  0.059  0.531
   0.36894     21.571181  0.054  0.141  0.056  0.001  0.005  0.209  0.027  0.004  0.062  0.560
   0.39732     21.510469  0.055  0.167  0.057  0.003  0.007  0.197  0.019  0.009  0.059  0.575
   0.42570     21.436855  0.064  0.187  0.053  0.000  0.001  0.182  0.036  0.000  0.056  0.577
   0.45408     21.452989  0.065  0.166  0.025  0.000  0.000  0.131  0.114  0.000  0.052  0.553
   0.48246     21.623265  0.050  0.146  0.009  0.000  0.000  0.088  0.189  0.000  0.055  0.539
   0.51084     21.869002  0.037  0.140  0.006  0.000  0.000  0.070  0.228  0.000  0.060  0.541
   0.53922     22.141008  0.027  0.132  0.004  0.000  0.000  0.063  0.257  0.000  0.066  0.552
   0.56760     22.418321  0.023  0.119  0.004  0.000  0.000  0.059  0.284  0.000  0.074  0.564
   0.59598     22.682017  0.019  0.088  0.006  0.003  0.002  0.058  0.296  0.010  0.077  0.562
   0.62436     22.863262  0.000  0.000  0.000  0.045  0.095  0.001  0.007  0.101  0.003  0.256
   0.65274     23.048441  0.020  0.018  0.054  0.000  0.000  0.056  0.333  0.000  0.112  0.596
   0.68112     23.061453  0.022  0.014  0.094  0.000  0.000  0.043  0.282  0.000  0.119  0.580
   0.70950     22.993794  0.024  0.031  0.121  0.000  0.000  0.035  0.234  0.000  0.118  0.563
   0.73788     22.892522  0.026  0.047  0.132  0.000  0.000  0.029  0.203  0.000  0.111  0.550
   0.76626     22.779598  0.027  0.057  0.139  0.000  0.000  0.029  0.182  0.000  0.103  0.539
   0.79464     22.664709  0.028  0.066  0.144  0.000  0.000  0.033  0.168  0.000  0.097  0.533
   0.82302     22.553013  0.029  0.070  0.147  0.000  0.000  0.036  0.158  0.000  0.088  0.527
   0.85140     22.447777  0.029  0.072  0.149  0.000  0.000  0.045  0.150  0.000  0.080  0.526
   0.87978     22.351439  0.030  0.075  0.150  0.000  0.000  0.056  0.143  0.000  0.072  0.527
   0.90816     22.266067  0.030  0.073  0.148  0.000  0.000  0.075  0.138  0.000  0.063  0.530
   0.93654     22.193765  0.031  0.071  0.147  0.000  0.000  0.105  0.132  0.000  0.056  0.540
   0.96492     22.136876  0.030  0.064  0.143  0.000  0.000  0.149  0.127  0.000  0.047  0.558
   0.99330     22.098191  0.030  0.051  0.131  0.000  0.000  0.213  0.121  0.000  0.035  0.583
   1.02168     22.079157  0.033  0.036  0.104  0.000  0.000  0.287  0.130  0.000  0.020  0.614
   1.05006     22.052674  0.080  0.012  0.040  0.000  0.000  0.134  0.285  0.000  0.008  0.558
   1.07844     21.954480  0.110  0.004  0.014  0.000  0.000  0.001  0.376  0.000  0.004  0.510
   1.10682     21.915225  0.114  0.000  0.013  0.000  0.000  0.000  0.382  0.000  0.000  0.509
   1.10682     21.915225  0.114  0.000  0.013  0.000  0.000  0.000  0.382  0.000  0.000  0.509
   1.13528     21.959970  0.110  0.004  0.014  0.000  0.000  0.001  0.374  0.000  0.007  0.508
   1.16374     22.073119  0.084  0.008  0.025  0.000  0.000  0.147  0.283  0.000  0.017  0.567
   1.19219     22.104477  0.032  0.039  0.114  0.000  0.000  0.317  0.091  0.000  0.025  0.620
   1.22065     22.131847  0.028  0.061  0.151  0.000  0.000  0.220  0.080  0.000  0.038  0.574
   1.24911     22.183220  0.029  0.075  0.166  0.000  0.000  0.143  0.079  0.000  0.048  0.541
   1.27757     22.256707  0.028  0.086  0.175  0.000  0.000  0.092  0.079  0.000  0.058  0.517
   1.30602     22.349330  0.027  0.092  0.180  0.000  0.000  0.059  0.080  0.000  0.068  0.503
   1.33448     22.458635  0.026  0.095  0.181  0.000  0.000  0.038  0.076  0.000  0.076  0.495
   1.36294     22.582568  0.025  0.098  0.181  0.000  0.000  0.024  0.075  0.000  0.082  0.489
   1.39139     22.719348  0.024  0.099  0.182  0.000  0.000  0.015  0.073  0.000  0.091  0.486
   1.41985     22.867298  0.023  0.100  0.183  0.000  0.000  0.011  0.072  0.000  0.098  0.485
   1.44831     23.024837  0.021  0.100  0.183  0.000  0.000  0.005  0.070  0.000  0.104  0.485
   1.47677     23.190404  0.021  0.099  0.181  0.000  0.000  0.003  0.071  0.000  0.112  0.486
   1.50522     23.362346  0.020  0.097  0.182  0.000  0.000  0.002  0.070  0.000  0.118  0.489
   1.53368     23.396087  0.000  0.000  0.000  0.042  0.439  0.000  0.000  0.015  0.000  0.499
   1.56214     23.026785  0.000  0.000  0.000  0.045  0.447  0.000  0.000  0.017  0.000  0.511
   1.59060     22.675633  0.000  0.000  0.000  0.047  0.463  0.000  0.000  0.035  0.000  0.547
   1.61905     22.410766  0.000  0.000  0.000  0.062  0.408  0.000  0.000  0.186  0.000  0.654
   1.64751     22.375108  0.000  0.000  0.000  0.078  0.212  0.000  0.000  0.380  0.000  0.670
   1.67597     22.231083  0.032  0.179  0.005  0.000  0.001  0.028  0.229  0.000  0.074  0.550
   1.70442     21.938624  0.042  0.173  0.005  0.000  0.000  0.039  0.212  0.000  0.070  0.542
   1.73288     21.673021  0.054  0.161  0.007  0.000  0.000  0.056  0.188  0.000  0.067  0.535
   1.76134     21.455724  0.073  0.147  0.010  0.000  0.000  0.088  0.153  0.000  0.061  0.532
   1.78980     21.330680  0.096  0.136  0.018  0.000  0.000  0.150  0.094  0.000  0.057  0.550
   1.81825     21.351384  0.101  0.138  0.039  0.000  0.000  0.225  0.032  0.000  0.061  0.598
   1.84671     21.463506  0.092  0.128  0.049  0.000  0.001  0.255  0.016  0.003  0.069  0.612
   1.87517     21.575077  0.087  0.107  0.045  0.001  0.003  0.256  0.022  0.006  0.070  0.599
   1.90362     21.766723  0.005  0.003  0.002  0.088  0.162  0.010  0.003  0.255  0.002  0.530
   1.93208     21.836656  0.003  0.002  0.000  0.091  0.172  0.007  0.001  0.261  0.002  0.541
   1.96054     21.917044  0.000  0.001  0.000  0.093  0.180  0.002  0.001  0.268  0.000  0.547
   1.98900     22.005435  0.000  0.000  0.000  0.091  0.186  0.000  0.000  0.272  0.000  0.553
   2.01745     22.099814  0.000  0.000  0.000  0.089  0.190  0.000  0.000  0.279  0.000  0.559
   2.04591     22.199130  0.000  0.000  0.000  0.089  0.192  0.000  0.000  0.283  0.000  0.565
   2.07437     22.225861  0.047  0.030  0.067  0.001  0.005  0.254  0.129  0.008  0.036  0.578
   2.10282     21.917138  0.062  0.020  0.062  0.000  0.000  0.279  0.126  0.000  0.044  0.590
   2.13128     21.698740  0.084  0.015  0.044  0.000  0.000  0.279  0.110  0.000  0.066  0.596
   2.15974     21.883045  0.017  0.064  0.021  0.000  0.001  0.008  0.030  0.000  0.139  0.282
   2.18820     22.166217  0.014  0.096  0.022  0.000  0.000  0.009  0.012  0.000  0.125  0.280
   2.21665     22.303316  0.013  0.110  0.022  0.000  0.000  0.005  0.000  0.000  0.150  0.302
 
# Band-Index:   42
   2.21665     22.436671  0.042  0.012  0.004  0.000  0.001  0.170  0.135  0.000  0.234  0.597
   2.18820     22.736638  0.030  0.040  0.012  0.001  0.002  0.128  0.095  0.004  0.207  0.519
   2.15974     22.672508  0.000  0.000  0.000  0.083  0.186  0.000  0.000  0.336  0.000  0.606
   2.13128     22.541410  0.000  0.000  0.000  0.084  0.186  0.000  0.000  0.315  0.000  0.586
   2.10282     22.417780  0.000  0.000  0.000  0.085  0.188  0.000  0.000  0.300  0.000  0.574
   2.07437     22.306691  0.002  0.000  0.002  0.084  0.186  0.007  0.003  0.283  0.000  0.569
   2.04591     22.547140  0.038  0.038  0.074  0.000  0.000  0.236  0.138  0.000  0.035  0.561
   2.01745     22.796126  0.028  0.045  0.079  0.000  0.000  0.178  0.148  0.000  0.031  0.511
   1.98900     22.778919  0.028  0.037  0.070  0.000  0.000  0.106  0.125  0.000  0.026  0.393
   1.96054     22.500031  0.037  0.023  0.054  0.000  0.000  0.103  0.098  0.000  0.025  0.339
   1.93208     22.156704  0.044  0.017  0.045  0.000  0.000  0.106  0.088  0.000  0.029  0.325
   1.90362     21.815692  0.048  0.012  0.036  0.000  0.000  0.106  0.090  0.000  0.031  0.324
   1.87517     21.712136  0.001  0.002  0.002  0.090  0.160  0.007  0.001  0.256  0.002  0.519
   1.84671     21.685530  0.001  0.001  0.000  0.089  0.157  0.002  0.000  0.254  0.000  0.504
   1.81825     21.709396  0.000  0.000  0.000  0.084  0.158  0.000  0.000  0.242  0.000  0.487
   1.78980     21.814142  0.000  0.000  0.000  0.079  0.178  0.000  0.000  0.220  0.000  0.477
   1.76134     22.015918  0.000  0.000  0.000  0.075  0.213  0.000  0.000  0.205  0.000  0.493
   1.73288     22.278546  0.000  0.000  0.000  0.081  0.243  0.000  0.000  0.245  0.000  0.568
   1.70442     22.445978  0.000  0.000  0.000  0.094  0.188  0.000  0.000  0.408  0.000  0.689
   1.67597     22.425368  0.000  0.000  0.000  0.085  0.158  0.000  0.000  0.423  0.000  0.667
   1.64751     22.540169  0.026  0.182  0.006  0.000  0.000  0.023  0.247  0.001  0.076  0.558
   1.61905     22.856855  0.020  0.184  0.004  0.000  0.000  0.020  0.264  0.000  0.078  0.568
   1.59060     23.176681  0.016  0.180  0.003  0.000  0.000  0.021  0.281  0.000  0.077  0.581
   1.56214     23.493825  0.014  0.170  0.003  0.000  0.000  0.026  0.303  0.000  0.075  0.592
   1.53368     23.538796  0.017  0.090  0.180  0.000  0.000  0.002  0.073  0.000  0.122  0.488
   1.50522     23.769313  0.000  0.000  0.000  0.039  0.440  0.000  0.001  0.017  0.000  0.499
   1.47677     24.135360  0.000  0.000  0.000  0.034  0.448  0.000  0.001  0.026  0.000  0.511
   1.44831     24.469658  0.000  0.004  0.000  0.025  0.453  0.002  0.007  0.047  0.000  0.541
   1.41985     24.640258  0.040  0.055  0.116  0.000  0.001  0.229  0.243  0.001  0.007  0.692
   1.39139     24.500406  0.033  0.048  0.155  0.001  0.007  0.172  0.180  0.007  0.060  0.659
   1.36294     24.231447  0.029  0.055  0.139  0.001  0.005  0.112  0.192  0.007  0.085  0.623
   1.33448     23.922148  0.030  0.056  0.121  0.001  0.005  0.076  0.202  0.009  0.091  0.594
   1.30602     23.595184  0.034  0.057  0.107  0.001  0.003  0.054  0.211  0.009  0.091  0.568
   1.27757     23.262424  0.041  0.059  0.091  0.001  0.003  0.042  0.220  0.009  0.087  0.548
   1.24911     22.934133  0.048  0.056  0.079  0.000  0.001  0.034  0.227  0.007  0.079  0.534
   1.22065     22.622223  0.055  0.051  0.067  0.000  0.000  0.036  0.238  0.004  0.068  0.524
   1.19219     22.344640  0.061  0.045  0.063  0.000  0.000  0.067  0.242  0.002  0.050  0.527
   1.16374     22.154092  0.016  0.039  0.088  0.000  0.000  0.408  0.071  0.000  0.025  0.650
   1.13528     22.145011  0.000  0.011  0.034  0.000  0.000  0.720  0.000  0.001  0.010  0.775
   1.10682     22.154307  0.000  0.002  0.000  0.000  0.000  0.781  0.000  0.013  0.007  0.803
   1.10682     22.154307  0.000  0.002  0.000  0.000  0.000  0.781  0.000  0.013  0.007  0.803
   1.07844     22.144319  0.000  0.010  0.026  0.000  0.000  0.725  0.000  0.008  0.014  0.781
   1.05006     22.161444  0.022  0.032  0.058  0.000  0.000  0.438  0.069  0.008  0.046  0.673
   1.02168     22.360088  0.056  0.050  0.042  0.000  0.000  0.113  0.200  0.013  0.073  0.547
   0.99330     22.653430  0.051  0.059  0.049  0.002  0.002  0.059  0.193  0.026  0.089  0.529
   0.96492     22.981214  0.042  0.062  0.057  0.008  0.006  0.037  0.169  0.061  0.091  0.533
   0.93654     23.320987  0.032  0.056  0.064  0.019  0.014  0.031  0.142  0.111  0.080  0.548
   0.90816     23.662725  0.024  0.052  0.071  0.027  0.025  0.032  0.121  0.140  0.070  0.558
   0.87978     23.999782  0.023  0.059  0.098  0.024  0.022  0.051  0.125  0.111  0.065  0.573
   0.85140     24.307658  0.024  0.073  0.153  0.007  0.010  0.111  0.141  0.041  0.056  0.617
   0.82302     24.517460  0.026  0.083  0.186  0.000  0.000  0.214  0.157  0.006  0.022  0.696
   0.79464     24.559850  0.026  0.105  0.141  0.000  0.000  0.232  0.201  0.000  0.019  0.723
   0.76626     24.473119  0.019  0.139  0.097  0.000  0.000  0.181  0.224  0.000  0.035  0.698
   0.73788     24.285069  0.002  0.025  0.010  0.048  0.262  0.019  0.032  0.015  0.008  0.420
   0.70950     23.889659  0.000  0.000  0.000  0.057  0.287  0.000  0.000  0.021  0.000  0.365
   0.68112     23.505116  0.000  0.000  0.000  0.056  0.257  0.000  0.000  0.026  0.000  0.340
   0.65274     23.148942  0.000  0.000  0.000  0.052  0.200  0.000  0.000  0.046  0.000  0.297
   0.62436     22.913463  0.017  0.057  0.019  0.000  0.000  0.063  0.331  0.004  0.093  0.587
   0.59598     22.741031  0.000  0.007  0.000  0.044  0.010  0.004  0.018  0.217  0.005  0.304
   0.56760     22.761097  0.000  0.000  0.000  0.053  0.016  0.000  0.000  0.303  0.000  0.372
   0.53922     22.842934  0.000  0.000  0.000  0.064  0.041  0.000  0.000  0.334  0.000  0.436
   0.51084     22.764041  0.000  0.000  0.000  0.073  0.269  0.000  0.000  0.108  0.000  0.452
   0.48246     22.378142  0.000  0.000  0.000  0.071  0.267  0.000  0.000  0.081  0.000  0.418
   0.45408     21.998445  0.000  0.000  0.000  0.080  0.247  0.000  0.000  0.088  0.000  0.414
   0.42570     21.668037  0.000  0.001  0.000  0.112  0.182  0.000  0.000  0.146  0.000  0.443
   0.39732     21.581681  0.001  0.006  0.002  0.127  0.152  0.005  0.000  0.258  0.002  0.553
   0.36894     21.651935  0.000  0.002  0.000  0.117  0.182  0.002  0.000  0.271  0.000  0.578
   0.34056     21.745355  0.000  0.000  0.000  0.111  0.197  0.000  0.000  0.276  0.000  0.588
   0.31218     21.847208  0.000  0.000  0.000  0.109  0.208  0.000  0.000  0.277  0.000  0.594
   0.28380     21.953998  0.000  0.000  0.000  0.108  0.217  0.000  0.000  0.276  0.000  0.601
   0.25542     22.246654  0.052  0.025  0.048  0.000  0.000  0.116  0.078  0.000  0.018  0.339
   0.22704     22.592815  0.046  0.038  0.053  0.000  0.000  0.106  0.086  0.000  0.019  0.347
   0.19866     22.890203  0.033  0.061  0.063  0.000  0.000  0.075  0.120  0.000  0.024  0.377
   0.17028     22.885210  0.035  0.070  0.062  0.000  0.000  0.137  0.152  0.000  0.042  0.498
   0.14190     22.614201  0.050  0.056  0.051  0.001  0.001  0.199  0.139  0.002  0.044  0.543
   0.11352     22.611396  0.000  0.000  0.000  0.099  0.245  0.000  0.000  0.303  0.000  0.647
   0.08514     22.700945  0.000  0.000  0.000  0.097  0.241  0.000  0.000  0.316  0.000  0.657
   0.05676     22.770752  0.000  0.000  0.000  0.094  0.230  0.000  0.000  0.335  0.000  0.657
   0.02838     22.695691  0.032  0.040  0.011  0.000  0.001  0.118  0.100  0.002  0.229  0.531
   0.00000     22.436671  0.042  0.012  0.004  0.000  0.001  0.170  0.135  0.000  0.234  0.597
 
# Band-Index:   43
   0.00000     22.826086  0.000  0.000  0.000  0.087  0.192  0.000  0.000  0.364  0.000  0.643
   0.02838     22.813645  0.000  0.000  0.000  0.089  0.206  0.000  0.000  0.352  0.000  0.650
   0.05676     23.078243  0.027  0.054  0.012  0.000  0.000  0.106  0.092  0.000  0.209  0.498
   0.08514     23.459997  0.022  0.066  0.009  0.000  0.000  0.104  0.090  0.000  0.189  0.481
   0.11352     23.795356  0.015  0.078  0.005  0.000  0.000  0.118  0.081  0.000  0.141  0.439
   0.14190     23.819101  0.033  0.055  0.022  0.000  0.000  0.208  0.033  0.000  0.021  0.373
   0.17028     23.555091  0.060  0.021  0.026  0.000  0.000  0.289  0.007  0.000  0.016  0.422
   0.19866     23.524049  0.064  0.021  0.029  0.000  0.000  0.350  0.036  0.000  0.041  0.540
   0.22704     23.798064  0.050  0.037  0.038  0.000  0.000  0.319  0.067  0.000  0.050  0.561
   0.25542     24.044375  0.000  0.000  0.000  0.094  0.066  0.002  0.000  0.304  0.000  0.468
   0.28380     23.963806  0.000  0.000  0.000  0.091  0.060  0.000  0.000  0.318  0.000  0.466
   0.31218     23.862951  0.000  0.000  0.000  0.086  0.055  0.000  0.000  0.323  0.000  0.465
   0.34056     23.747393  0.000  0.000  0.000  0.081  0.052  0.000  0.000  0.330  0.000  0.463
   0.36894     23.621890  0.000  0.000  0.000  0.077  0.049  0.000  0.000  0.335  0.000  0.462
   0.39732     23.490516  0.000  0.000  0.000  0.073  0.046  0.000  0.000  0.338  0.000  0.459
   0.42570     23.356718  0.000  0.000  0.000  0.069  0.047  0.000  0.000  0.338  0.000  0.455
   0.45408     23.223591  0.000  0.000  0.000  0.064  0.044  0.000  0.000  0.338  0.000  0.448
   0.48246     23.094674  0.000  0.000  0.000  0.059  0.041  0.000  0.000  0.333  0.000  0.434
   0.51084     22.982144  0.000  0.000  0.000  0.047  0.044  0.000  0.000  0.293  0.000  0.386
   0.53922     23.198780  0.000  0.000  0.000  0.050  0.268  0.000  0.000  0.054  0.000  0.375
   0.56760     23.609039  0.000  0.000  0.000  0.053  0.283  0.000  0.000  0.054  0.000  0.392
   0.59598     23.785170  0.018  0.158  0.149  0.000  0.000  0.013  0.094  0.000  0.139  0.570
   0.62436     23.748659  0.016  0.199  0.144  0.000  0.000  0.010  0.073  0.000  0.116  0.560
   0.65274     23.783062  0.014  0.238  0.117  0.000  0.000  0.025  0.085  0.000  0.090  0.567
   0.68112     23.921346  0.010  0.236  0.085  0.000  0.000  0.054  0.140  0.000  0.072  0.596
   0.70950     24.117237  0.011  0.207  0.071  0.000  0.000  0.088  0.191  0.000  0.062  0.630
   0.73788     24.318195  0.013  0.151  0.064  0.007  0.045  0.111  0.189  0.002  0.044  0.626
   0.76626     24.698942  0.000  0.000  0.000  0.053  0.322  0.000  0.000  0.014  0.000  0.391
   0.79464     25.084795  0.009  0.038  0.027  0.010  0.149  0.037  0.118  0.088  0.071  0.546
   0.82302     24.796410  0.002  0.004  0.004  0.075  0.099  0.016  0.023  0.333  0.008  0.567
   0.85140     24.446936  0.004  0.009  0.019  0.077  0.088  0.018  0.016  0.342  0.003  0.576
   0.87978     24.100862  0.008  0.023  0.036  0.063  0.063  0.019  0.046  0.295  0.024  0.576
   0.90816     23.756467  0.012  0.026  0.032  0.058  0.053  0.017  0.058  0.290  0.034  0.576
   0.93654     23.418084  0.009  0.018  0.018  0.063  0.049  0.010  0.043  0.354  0.026  0.591
   0.96492     23.099124  0.004  0.010  0.006  0.065  0.047  0.006  0.020  0.449  0.013  0.622
   0.99330     22.811968  0.002  0.003  0.001  0.060  0.038  0.005  0.008  0.538  0.005  0.661
   1.02168     22.566943  0.000  0.000  0.000  0.046  0.028  0.002  0.004  0.621  0.001  0.705
   1.05006     22.376658  0.000  0.000  0.000  0.027  0.018  0.002  0.000  0.700  0.000  0.750
   1.07844     22.255265  0.000  0.000  0.000  0.008  0.012  0.007  0.000  0.759  0.000  0.789
   1.10682     22.213682  0.000  0.000  0.000  0.000  0.012  0.013  0.000  0.777  0.000  0.804
   1.10682     22.213682  0.000  0.000  0.000  0.000  0.012  0.013  0.000  0.777  0.000  0.804
   1.13528     22.257078  0.000  0.000  0.000  0.007  0.019  0.002  0.000  0.763  0.000  0.790
   1.16374     22.385718  0.000  0.000  0.000  0.024  0.038  0.000  0.000  0.694  0.000  0.757
   1.19219     22.587593  0.000  0.000  0.000  0.040  0.064  0.000  0.000  0.608  0.000  0.714
   1.22065     22.844380  0.000  0.000  0.000  0.053  0.090  0.000  0.002  0.530  0.000  0.680
   1.24911     23.138582  0.000  0.000  0.000  0.062  0.115  0.000  0.002  0.468  0.001  0.652
   1.27757     23.456694  0.000  0.002  0.001  0.063  0.139  0.000  0.004  0.420  0.001  0.633
   1.30602     23.787935  0.000  0.002  0.001  0.063  0.164  0.002  0.004  0.382  0.002  0.623
   1.33448     24.120866  0.000  0.002  0.001  0.059  0.199  0.003  0.004  0.350  0.002  0.621
   1.36294     24.435235  0.000  0.002  0.002  0.048  0.251  0.003  0.004  0.312  0.001  0.627
   1.39139     24.673938  0.001  0.001  0.003  0.032  0.344  0.006  0.007  0.242  0.000  0.634
   1.41985     24.696577  0.000  0.000  0.000  0.019  0.446  0.000  0.005  0.122  0.000  0.597
   1.44831     24.554506  0.029  0.097  0.046  0.000  0.008  0.151  0.321  0.001  0.022  0.675
   1.47677     24.351650  0.019  0.130  0.021  0.000  0.003  0.091  0.342  0.000  0.046  0.653
   1.50522     24.092886  0.014  0.154  0.011  0.000  0.001  0.057  0.332  0.000  0.061  0.632
   1.53368     23.802563  0.014  0.172  0.008  0.000  0.000  0.039  0.312  0.000  0.070  0.615
   1.56214     23.718017  0.014  0.100  0.184  0.000  0.000  0.003  0.065  0.000  0.128  0.496
   1.59060     23.895930  0.014  0.091  0.183  0.000  0.000  0.005  0.068  0.000  0.132  0.495
   1.61905     23.940930  0.000  0.001  0.001  0.040  0.297  0.000  0.000  0.064  0.000  0.407
   1.64751     23.530016  0.000  0.000  0.000  0.041  0.280  0.000  0.000  0.066  0.000  0.386
   1.67597     23.140195  0.000  0.000  0.000  0.039  0.251  0.000  0.000  0.066  0.000  0.356
   1.70442     22.816380  0.000  0.000  0.000  0.034  0.175  0.000  0.000  0.103  0.000  0.312
   1.73288     22.718576  0.000  0.000  0.000  0.054  0.079  0.000  0.000  0.286  0.000  0.419
   1.76134     22.773310  0.000  0.000  0.000  0.066  0.065  0.000  0.000  0.354  0.000  0.487
   1.78980     22.854830  0.000  0.000  0.000  0.074  0.062  0.000  0.000  0.373  0.000  0.508
   1.81825     22.941680  0.000  0.000  0.000  0.079  0.059  0.000  0.000  0.379  0.000  0.516
   1.84671     23.028069  0.000  0.000  0.000  0.083  0.059  0.000  0.000  0.378  0.000  0.521
   1.87517     23.110891  0.000  0.000  0.000  0.088  0.059  0.000  0.000  0.375  0.000  0.521
   1.90362     23.187642  0.000  0.000  0.000  0.090  0.061  0.000  0.000  0.369  0.000  0.522
   1.93208     23.256110  0.000  0.000  0.000  0.097  0.064  0.000  0.000  0.363  0.000  0.522
   1.96054     23.314210  0.000  0.000  0.000  0.101  0.068  0.000  0.000  0.353  0.000  0.521
   1.98900     23.360342  0.000  0.000  0.000  0.106  0.074  0.000  0.000  0.339  0.000  0.520
   2.01745     23.394475  0.000  0.000  0.000  0.109  0.080  0.000  0.000  0.325  0.000  0.517
   2.04591     23.417170  0.000  0.000  0.000  0.116  0.085  0.000  0.000  0.311  0.000  0.512
   2.07437     23.430751  0.000  0.000  0.000  0.120  0.090  0.000  0.000  0.294  0.000  0.505
   2.10282     23.441283  0.000  0.000  0.000  0.125  0.094  0.000  0.000  0.274  0.000  0.495
   2.13128     23.458899  0.000  0.000  0.000  0.128  0.093  0.002  0.001  0.250  0.003  0.478
   2.15974     23.165121  0.025  0.050  0.016  0.000  0.000  0.129  0.085  0.000  0.191  0.499
   2.18820     22.783139  0.000  0.001  0.000  0.084  0.188  0.001  0.001  0.352  0.001  0.630
   2.21665     22.826086  0.000  0.000  0.000  0.087  0.192  0.000  0.000  0.364  0.000  0.643
 
# Band-Index:   44
   2.21665     23.288451  0.022  0.000  0.009  0.000  0.000  0.059  0.080  0.000  0.227  0.399
   2.18820     23.434235  0.020  0.020  0.010  0.000  0.000  0.053  0.069  0.000  0.211  0.385
   2.15974     23.512001  0.000  0.000  0.000  0.132  0.092  0.000  0.000  0.233  0.000  0.461
   2.13128     23.601149  0.022  0.053  0.018  0.001  0.002  0.136  0.081  0.005  0.181  0.501
   2.10282     24.005935  0.019  0.061  0.016  0.000  0.000  0.159  0.080  0.000  0.166  0.502
   2.07437     24.180547  0.021  0.061  0.023  0.000  0.000  0.180  0.048  0.000  0.053  0.386
   2.04591     23.919734  0.036  0.033  0.031  0.000  0.000  0.205  0.022  0.000  0.018  0.347
   2.01745     23.647358  0.048  0.022  0.027  0.000  0.000  0.264  0.004  0.000  0.020  0.386
   1.98900     23.622930  0.047  0.026  0.034  0.000  0.000  0.337  0.020  0.000  0.028  0.493
   1.96054     23.832525  0.036  0.034  0.043  0.000  0.000  0.353  0.041  0.000  0.032  0.537
   1.93208     24.004514  0.027  0.029  0.047  0.000  0.000  0.365  0.058  0.000  0.039  0.566
   1.90362     24.002501  0.031  0.027  0.059  0.000  0.000  0.327  0.104  0.000  0.056  0.605
   1.87517     23.958305  0.041  0.028  0.059  0.000  0.000  0.293  0.127  0.000  0.069  0.615
   1.84671     23.944044  0.050  0.027  0.053  0.000  0.000  0.267  0.133  0.000  0.081  0.611
   1.81825     23.976152  0.056  0.028  0.044  0.000  0.000  0.248  0.131  0.000  0.093  0.601
   1.78980     24.055869  0.060  0.033  0.038  0.000  0.000  0.232  0.121  0.000  0.104  0.589
   1.76134     24.175995  0.057  0.038  0.034  0.000  0.000  0.215  0.111  0.000  0.120  0.576
   1.73288     24.315978  0.045  0.047  0.046  0.000  0.000  0.188  0.098  0.000  0.135  0.555
   1.70442     24.407048  0.014  0.055  0.106  0.000  0.000  0.111  0.078  0.000  0.150  0.517
   1.67597     24.358873  0.004  0.068  0.164  0.000  0.000  0.042  0.069  0.000  0.146  0.491
   1.64751     24.229222  0.008  0.078  0.180  0.000  0.000  0.019  0.070  0.000  0.140  0.492
   1.61905     24.070049  0.011  0.083  0.181  0.000  0.002  0.009  0.068  0.000  0.134  0.493
   1.59060     24.364551  0.000  0.000  0.000  0.039  0.313  0.000  0.000  0.066  0.000  0.420
   1.56214     24.791828  0.000  0.000  0.000  0.038  0.328  0.000  0.000  0.069  0.000  0.435
   1.53368     25.217371  0.000  0.000  0.000  0.037  0.343  0.000  0.000  0.073  0.000  0.453
   1.50522     25.413699  0.033  0.064  0.100  0.000  0.002  0.173  0.209  0.001  0.125  0.707
   1.47677     25.280477  0.025  0.069  0.106  0.000  0.000  0.154  0.217  0.000  0.136  0.711
   1.44831     25.109507  0.017  0.077  0.097  0.000  0.000  0.112  0.245  0.000  0.147  0.697
   1.41985     24.943895  0.015  0.088  0.043  0.000  0.004  0.071  0.320  0.000  0.143  0.682
   1.39139     24.874703  0.030  0.064  0.025  0.000  0.000  0.171  0.343  0.001  0.071  0.705
   1.36294     24.816977  0.040  0.034  0.072  0.000  0.000  0.280  0.268  0.000  0.030  0.725
   1.33448     24.705706  0.041  0.017  0.127  0.000  0.000  0.343  0.190  0.000  0.013  0.731
   1.30602     24.547546  0.035  0.010  0.185  0.000  0.000  0.370  0.127  0.000  0.007  0.732
   1.27757     24.357417  0.028  0.006  0.243  0.000  0.000  0.365  0.080  0.000  0.004  0.729
   1.24911     24.148139  0.021  0.006  0.305  0.000  0.000  0.339  0.048  0.000  0.005  0.722
   1.22065     23.931447  0.015  0.004  0.375  0.000  0.000  0.288  0.027  0.000  0.004  0.711
   1.19219     23.720766  0.007  0.004  0.448  0.000  0.000  0.219  0.013  0.000  0.002  0.695
   1.16374     23.534533  0.003  0.000  0.531  0.000  0.000  0.130  0.006  0.000  0.002  0.673
   1.13528     23.399786  0.000  0.000  0.606  0.000  0.000  0.041  0.001  0.000  0.000  0.650
   1.10682     23.349216  0.000  0.000  0.640  0.000  0.000  0.000  0.000  0.000  0.000  0.640
   1.10682     23.349216  0.000  0.000  0.640  0.000  0.000  0.000  0.000  0.000  0.000  0.640
   1.07844     23.396947  0.000  0.000  0.609  0.000  0.000  0.038  0.000  0.000  0.000  0.651
   1.05006     23.524447  0.002  0.000  0.543  0.000  0.000  0.123  0.005  0.000  0.000  0.674
   1.02168     23.701325  0.005  0.000  0.468  0.000  0.000  0.211  0.007  0.000  0.003  0.697
   0.99330     23.902284  0.009  0.000  0.399  0.000  0.000  0.282  0.018  0.000  0.007  0.717
   0.96492     24.109985  0.015  0.000  0.335  0.000  0.000  0.336  0.033  0.000  0.011  0.731
   0.93654     24.311859  0.021  0.001  0.273  0.000  0.000  0.370  0.059  0.000  0.018  0.742
   0.90816     24.497333  0.027  0.006  0.208  0.000  0.000  0.374  0.095  0.000  0.031  0.742
   0.87978     24.657440  0.033  0.015  0.139  0.000  0.000  0.345  0.146  0.000  0.052  0.730
   0.85140     24.791682  0.033  0.033  0.067  0.000  0.000  0.260  0.207  0.001  0.088  0.691
   0.82302     24.938556  0.024  0.057  0.023  0.005  0.008  0.117  0.229  0.028  0.129  0.620
   0.79464     25.109859  0.008  0.028  0.021  0.032  0.213  0.027  0.084  0.010  0.053  0.472
   0.76626     25.308824  0.017  0.082  0.089  0.004  0.003  0.096  0.204  0.012  0.127  0.631
   0.73788     25.488497  0.019  0.088  0.110  0.000  0.001  0.136  0.190  0.002  0.116  0.662
   0.70950     25.617301  0.022  0.091  0.114  0.000  0.003  0.166  0.177  0.001  0.102  0.676
   0.68112     25.327914  0.000  0.000  0.000  0.047  0.309  0.000  0.000  0.049  0.000  0.407
   0.65274     24.890829  0.000  0.000  0.000  0.049  0.305  0.000  0.000  0.050  0.000  0.404
   0.62436     24.458022  0.000  0.000  0.000  0.051  0.298  0.000  0.000  0.052  0.000  0.401
   0.59598     24.030431  0.000  0.000  0.000  0.051  0.293  0.000  0.000  0.053  0.000  0.397
   0.56760     23.836891  0.020  0.126  0.140  0.000  0.000  0.025  0.116  0.000  0.155  0.585
   0.53922     23.868953  0.025  0.100  0.123  0.000  0.000  0.049  0.130  0.000  0.168  0.595
   0.51084     23.865663  0.032  0.076  0.105  0.000  0.000  0.078  0.136  0.000  0.175  0.605
   0.48246     23.832495  0.040  0.056  0.089  0.000  0.000  0.115  0.133  0.000  0.173  0.608
   0.45408     23.794798  0.045  0.040  0.080  0.000  0.000  0.148  0.130  0.000  0.168  0.609
   0.42570     23.784347  0.046  0.027  0.081  0.000  0.000  0.176  0.126  0.000  0.155  0.614
   0.39732     23.825950  0.042  0.023  0.085  0.000  0.000  0.204  0.122  0.000  0.143  0.619
   0.36894     23.928508  0.034  0.020  0.092  0.000  0.000  0.232  0.114  0.000  0.131  0.622
   0.34056     24.080932  0.024  0.017  0.096  0.000  0.000  0.257  0.105  0.000  0.118  0.617
   0.31218     24.250145  0.020  0.011  0.093  0.000  0.000  0.288  0.091  0.000  0.103  0.603
   0.28380     24.324722  0.024  0.015  0.059  0.000  0.000  0.322  0.070  0.000  0.080  0.570
   0.25542     24.114267  0.039  0.038  0.040  0.000  0.000  0.312  0.070  0.003  0.058  0.560
   0.22704     24.101114  0.000  0.000  0.000  0.099  0.075  0.000  0.000  0.294  0.000  0.468
   0.19866     24.128898  0.000  0.000  0.000  0.101  0.088  0.000  0.000  0.279  0.000  0.468
   0.17028     24.127891  0.000  0.000  0.000  0.103  0.098  0.000  0.000  0.263  0.000  0.465
   0.14190     24.100634  0.000  0.000  0.000  0.103  0.109  0.000  0.000  0.249  0.000  0.462
   0.11352     24.052666  0.000  0.000  0.000  0.103  0.116  0.000  0.000  0.236  0.000  0.458
   0.08514     23.991695  0.000  0.000  0.000  0.104  0.120  0.000  0.000  0.231  0.000  0.456
   0.05676     23.823204  0.018  0.034  0.013  0.001  0.001  0.064  0.051  0.004  0.181  0.369
   0.02838     23.461471  0.020  0.017  0.011  0.000  0.000  0.061  0.066  0.000  0.207  0.383
   0.00000     23.288451  0.022  0.000  0.009  0.000  0.000  0.059  0.080  0.000  0.227  0.399
 
# Band-Index:   45
   0.00000     23.757449  0.000  0.000  0.000  0.140  0.096  0.000  0.000  0.262  0.000  0.497
   0.02838     23.814372  0.000  0.000  0.000  0.130  0.100  0.000  0.000  0.264  0.000  0.495
   0.05676     23.917640  0.000  0.000  0.000  0.108  0.113  0.000  0.001  0.243  0.003  0.469
   0.08514     24.242485  0.015  0.049  0.020  0.000  0.000  0.065  0.037  0.001  0.164  0.351
   0.11352     24.433425  0.058  0.022  0.066  0.000  0.000  0.188  0.026  0.001  0.079  0.439
   0.14190     24.430404  0.051  0.028  0.042  0.000  0.000  0.146  0.083  0.000  0.201  0.554
   0.17028     24.750575  0.038  0.049  0.028  0.000  0.000  0.130  0.102  0.000  0.208  0.554
   0.19866     25.108532  0.036  0.042  0.048  0.000  0.000  0.152  0.135  0.000  0.185  0.597
   0.22704     25.017978  0.015  0.014  0.125  0.000  0.000  0.250  0.090  0.000  0.061  0.558
   0.25542     24.836464  0.017  0.031  0.125  0.000  0.000  0.236  0.097  0.000  0.067  0.573
   0.28380     24.755203  0.028  0.071  0.106  0.000  0.000  0.211  0.101  0.000  0.057  0.574
   0.31218     24.937791  0.033  0.090  0.070  0.000  0.000  0.220  0.080  0.000  0.047  0.539
   0.34056     25.171147  0.034  0.091  0.063  0.000  0.000  0.203  0.061  0.000  0.045  0.499
   0.36894     25.310996  0.042  0.082  0.083  0.000  0.000  0.155  0.050  0.000  0.046  0.459
   0.39732     25.328836  0.053  0.068  0.111  0.000  0.000  0.110  0.057  0.000  0.050  0.450
   0.42570     25.278085  0.059  0.061  0.131  0.000  0.000  0.093  0.064  0.000  0.054  0.465
   0.45408     25.212931  0.064  0.061  0.135  0.000  0.000  0.097  0.064  0.000  0.057  0.478
   0.48246     25.166959  0.068  0.064  0.128  0.000  0.000  0.113  0.055  0.000  0.061  0.490
   0.51084     25.165112  0.072  0.070  0.111  0.000  0.000  0.137  0.046  0.000  0.065  0.501
   0.53922     25.221888  0.072  0.075  0.093  0.000  0.000  0.158  0.045  0.000  0.075  0.518
   0.56760     25.331009  0.067  0.080  0.080  0.000  0.000  0.172  0.056  0.000  0.084  0.541
   0.59598     25.466156  0.060  0.086  0.076  0.000  0.000  0.179  0.078  0.000  0.090  0.570
   0.62436     25.591810  0.049  0.092  0.083  0.000  0.000  0.182  0.109  0.000  0.090  0.606
   0.65274     25.673118  0.039  0.095  0.094  0.000  0.000  0.186  0.142  0.000  0.090  0.644
   0.68112     25.684713  0.029  0.093  0.108  0.000  0.002  0.183  0.165  0.000  0.093  0.673
   0.70950     25.771481  0.000  0.000  0.001  0.043  0.318  0.001  0.002  0.047  0.001  0.416
   0.73788     25.969648  0.000  0.000  0.001  0.079  0.126  0.001  0.002  0.327  0.001  0.538
   0.76626     25.583177  0.000  0.002  0.004  0.084  0.105  0.003  0.006  0.332  0.005  0.542
   0.79464     25.224203  0.003  0.011  0.008  0.097  0.069  0.011  0.036  0.274  0.024  0.534
   0.82302     25.542470  0.000  0.000  0.000  0.059  0.320  0.000  0.000  0.020  0.000  0.397
   0.85140     25.969385  0.000  0.000  0.000  0.054  0.329  0.000  0.000  0.016  0.000  0.399
   0.87978     26.401624  0.000  0.000  0.000  0.050  0.331  0.000  0.000  0.016  0.000  0.398
   0.90816     26.837547  0.000  0.000  0.000  0.047  0.332  0.000  0.001  0.016  0.000  0.396
   0.93654     27.186979  0.034  0.104  0.040  0.000  0.007  0.029  0.607  0.000  0.029  0.852
   0.96492     27.235194  0.055  0.074  0.030  0.000  0.000  0.013  0.715  0.000  0.019  0.907
   0.99330     27.266174  0.074  0.048  0.019  0.000  0.000  0.004  0.784  0.000  0.010  0.941
   1.02168     27.283972  0.088  0.027  0.011  0.000  0.000  0.001  0.831  0.000  0.006  0.963
   1.05006     27.292852  0.099  0.011  0.004  0.000  0.000  0.000  0.859  0.000  0.002  0.978
   1.07844     27.296575  0.106  0.004  0.001  0.000  0.000  0.000  0.874  0.000  0.000  0.986
   1.10682     27.297542  0.108  0.000  0.000  0.000  0.000  0.000  0.879  0.000  0.000  0.988
   1.10682     27.297542  0.108  0.000  0.000  0.000  0.000  0.000  0.879  0.000  0.000  0.988
   1.13528     27.297451  0.106  0.004  0.001  0.000  0.000  0.000  0.873  0.000  0.000  0.986
   1.16374     27.295683  0.099  0.011  0.005  0.000  0.000  0.000  0.857  0.000  0.002  0.978
   1.19219     27.287609  0.088  0.027  0.012  0.000  0.000  0.002  0.825  0.000  0.006  0.962
   1.22065     27.265424  0.070  0.051  0.020  0.000  0.000  0.008  0.773  0.000  0.015  0.937
   1.24911     27.219174  0.051  0.080  0.031  0.000  0.000  0.016  0.690  0.000  0.029  0.899
   1.27757     27.140223  0.030  0.111  0.040  0.000  0.003  0.034  0.578  0.000  0.049  0.847
   1.30602     26.890156  0.000  0.001  0.000  0.050  0.305  0.001  0.004  0.024  0.000  0.388
   1.33448     26.486118  0.000  0.000  0.000  0.059  0.291  0.000  0.000  0.031  0.000  0.383
   1.36294     26.112889  0.000  0.000  0.000  0.071  0.255  0.000  0.000  0.050  0.000  0.376
   1.39139     25.823078  0.000  0.000  0.000  0.087  0.180  0.000  0.000  0.105  0.000  0.371
   1.41985     25.747523  0.000  0.000  0.000  0.097  0.107  0.000  0.000  0.214  0.000  0.419
   1.44831     25.892600  0.000  0.000  0.000  0.077  0.166  0.000  0.000  0.260  0.000  0.506
   1.47677     25.928578  0.000  0.000  0.000  0.040  0.333  0.000  0.000  0.164  0.000  0.539
   1.50522     25.625898  0.000  0.000  0.000  0.034  0.358  0.000  0.000  0.090  0.000  0.485
   1.53368     25.498579  0.039  0.065  0.084  0.000  0.000  0.169  0.207  0.000  0.115  0.681
   1.56214     25.521495  0.044  0.068  0.064  0.000  0.000  0.151  0.200  0.000  0.110  0.638
   1.59060     25.470301  0.051  0.079  0.044  0.000  0.000  0.136  0.176  0.000  0.116  0.600
   1.61905     25.329812  0.064  0.087  0.029  0.000  0.000  0.145  0.135  0.000  0.125  0.584
   1.64751     25.125110  0.077  0.083  0.025  0.000  0.000  0.162  0.108  0.000  0.123  0.578
   1.67597     24.914779  0.085  0.076  0.039  0.000  0.000  0.158  0.099  0.000  0.111  0.568
   1.70442     24.772983  0.081  0.067  0.097  0.000  0.000  0.106  0.089  0.000  0.094  0.532
   1.73288     24.766938  0.056  0.058  0.149  0.000  0.000  0.052  0.074  0.000  0.089  0.478
   1.76134     24.813434  0.045  0.049  0.153  0.000  0.000  0.050  0.066  0.000  0.086  0.450
   1.78980     24.850622  0.044  0.046  0.142  0.000  0.000  0.064  0.065  0.000  0.079  0.438
   1.81825     24.859935  0.044  0.048  0.122  0.000  0.000  0.088  0.067  0.000  0.073  0.444
   1.84671     24.823487  0.043  0.052  0.107  0.000  0.000  0.123  0.075  0.000  0.067  0.465
   1.87517     24.719500  0.040  0.057  0.093  0.000  0.000  0.162  0.089  0.000  0.063  0.502
   1.90362     24.547864  0.039  0.056  0.091  0.000  0.000  0.188  0.111  0.000  0.060  0.545
   1.93208     24.389152  0.039  0.052  0.101  0.000  0.000  0.196  0.146  0.000  0.064  0.599
   1.96054     24.403667  0.032  0.039  0.102  0.000  0.000  0.241  0.140  0.000  0.059  0.614
   1.98900     24.521333  0.027  0.037  0.094  0.000  0.000  0.269  0.116  0.000  0.051  0.596
   2.01745     24.656987  0.022  0.041  0.082  0.000  0.000  0.277  0.094  0.000  0.049  0.568
   2.04591     24.737322  0.017  0.055  0.046  0.000  0.000  0.251  0.080  0.000  0.072  0.522
   2.07437     24.552498  0.017  0.047  0.020  0.000  0.000  0.147  0.062  0.000  0.114  0.408
   2.10282     24.394555  0.006  0.076  0.013  0.000  0.000  0.054  0.036  0.000  0.106  0.292
   2.13128     24.093987  0.009  0.065  0.012  0.000  0.000  0.043  0.045  0.000  0.162  0.339
   2.15974     23.744247  0.015  0.044  0.011  0.000  0.000  0.049  0.056  0.000  0.188  0.363
   2.18820     23.623620  0.000  0.000  0.000  0.134  0.092  0.000  0.000  0.227  0.000  0.455
   2.21665     23.757449  0.000  0.000  0.000  0.140  0.096  0.000  0.000  0.262  0.000  0.497
 
# Band-Index:   46
   2.21665     23.967417  0.000  0.000  0.000  0.106  0.112  0.000  0.000  0.148  0.000  0.367
   2.18820     24.185757  0.000  0.000  0.000  0.112  0.117  0.000  0.000  0.195  0.000  0.423
   2.15974     24.532412  0.000  0.000  0.000  0.108  0.125  0.000  0.000  0.218  0.000  0.451
   2.13128     24.915357  0.000  0.000  0.000  0.104  0.130  0.000  0.000  0.234  0.000  0.467
   2.10282     24.973633  0.035  0.006  0.080  0.000  0.000  0.206  0.028  0.000  0.099  0.456
   2.07437     24.947517  0.025  0.035  0.092  0.000  0.000  0.167  0.015  0.000  0.135  0.469
   2.04591     25.064670  0.029  0.020  0.079  0.000  0.000  0.167  0.044  0.000  0.145  0.487
   2.01745     25.396363  0.027  0.028  0.051  0.000  0.000  0.184  0.063  0.000  0.155  0.509
   1.98900     25.759611  0.027  0.031  0.051  0.000  0.000  0.214  0.073  0.000  0.151  0.546
   1.96054     26.064771  0.032  0.029  0.098  0.000  0.000  0.225  0.113  0.000  0.148  0.643
   1.93208     26.121511  0.042  0.042  0.162  0.000  0.000  0.132  0.142  0.000  0.115  0.636
   1.90362     26.096571  0.039  0.056  0.159  0.000  0.000  0.121  0.135  0.000  0.096  0.606
   1.87517     26.106940  0.032  0.078  0.144  0.000  0.000  0.132  0.140  0.000  0.084  0.608
   1.84671     26.125354  0.026  0.106  0.112  0.000  0.000  0.124  0.149  0.000  0.082  0.599
   1.81825     26.087723  0.030  0.123  0.076  0.000  0.000  0.100  0.154  0.000  0.079  0.563
   1.78980     25.996391  0.039  0.122  0.046  0.000  0.000  0.086  0.158  0.000  0.071  0.521
   1.76134     25.892754  0.047  0.113  0.026  0.000  0.000  0.085  0.161  0.000  0.059  0.487
   1.73288     25.806738  0.054  0.098  0.015  0.000  0.000  0.091  0.164  0.000  0.044  0.463
   1.70442     25.754236  0.058  0.082  0.008  0.000  0.000  0.103  0.167  0.000  0.032  0.450
   1.67597     25.740706  0.060  0.070  0.010  0.000  0.000  0.120  0.171  0.000  0.027  0.455
   1.64751     25.767590  0.062  0.062  0.013  0.000  0.000  0.149  0.168  0.000  0.026  0.478
   1.61905     25.843890  0.067  0.062  0.015  0.000  0.000  0.193  0.147  0.000  0.038  0.521
   1.59060     25.990455  0.072  0.075  0.012  0.000  0.000  0.238  0.114  0.000  0.063  0.573
   1.56214     26.195877  0.074  0.093  0.008  0.000  0.000  0.274  0.088  0.000  0.082  0.617
   1.53368     26.401959  0.074  0.104  0.010  0.000  0.000  0.306  0.077  0.000  0.083  0.655
   1.50522     26.549521  0.072  0.106  0.022  0.000  0.000  0.329  0.071  0.000  0.072  0.674
   1.47677     26.614931  0.034  0.065  0.022  0.038  0.026  0.194  0.040  0.077  0.034  0.529
   1.44831     26.634978  0.049  0.127  0.049  0.000  0.000  0.321  0.058  0.000  0.065  0.668
   1.41985     26.642224  0.035  0.147  0.058  0.000  0.000  0.283  0.066  0.000  0.079  0.670
   1.39139     26.684350  0.020  0.166  0.063  0.000  0.000  0.221  0.114  0.000  0.094  0.681
   1.36294     26.776346  0.010  0.172  0.062  0.000  0.000  0.153  0.208  0.000  0.098  0.706
   1.33448     26.901783  0.008  0.165  0.057  0.000  0.000  0.099  0.327  0.000  0.089  0.745
   1.30602     27.032729  0.016  0.141  0.049  0.000  0.003  0.060  0.451  0.000  0.070  0.791
   1.27757     27.313021  0.000  0.000  0.000  0.044  0.313  0.000  0.005  0.019  0.000  0.384
   1.24911     27.739899  0.000  0.000  0.000  0.037  0.315  0.000  0.000  0.017  0.000  0.372
   1.22065     28.170059  0.000  0.000  0.000  0.030  0.308  0.000  0.000  0.016  0.000  0.355
   1.19219     28.596489  0.000  0.000  0.000  0.023  0.288  0.000  0.000  0.015  0.000  0.323
   1.16374     29.005939  0.000  0.000  0.000  0.012  0.237  0.000  0.000  0.013  0.000  0.261
   1.13528     29.359794  0.000  0.000  0.000  0.003  0.124  0.000  0.000  0.007  0.000  0.135
   1.10682     29.450487  0.002  0.000  0.078  0.000  0.000  0.000  0.236  0.000  0.000  0.316
   1.10682     29.450487  0.002  0.000  0.078  0.000  0.000  0.000  0.236  0.000  0.000  0.316
   1.07844     29.360218  0.000  0.000  0.000  0.003  0.124  0.000  0.000  0.007  0.000  0.134
   1.05006     29.004509  0.000  0.000  0.000  0.012  0.239  0.000  0.000  0.013  0.000  0.264
   1.02168     28.590724  0.000  0.000  0.000  0.023  0.290  0.000  0.000  0.015  0.000  0.328
   0.99330     28.157795  0.000  0.000  0.000  0.029  0.314  0.000  0.000  0.016  0.000  0.360
   0.96492     27.718540  0.000  0.000  0.000  0.036  0.326  0.000  0.000  0.016  0.000  0.379
   0.93654     27.279764  0.001  0.002  0.001  0.040  0.324  0.000  0.016  0.015  0.000  0.401
   0.90816     27.130325  0.019  0.135  0.050  0.000  0.000  0.058  0.505  0.000  0.044  0.813
   0.87978     27.066573  0.008  0.161  0.060  0.000  0.000  0.100  0.376  0.000  0.057  0.762
   0.85140     27.015525  0.008  0.171  0.064  0.000  0.000  0.156  0.247  0.000  0.064  0.712
   0.82302     26.988321  0.017  0.161  0.062  0.000  0.000  0.212  0.140  0.000  0.064  0.657
   0.79464     26.963797  0.032  0.119  0.052  0.000  0.000  0.215  0.091  0.000  0.053  0.562
   0.76626     26.662316  0.000  0.000  0.000  0.044  0.329  0.000  0.000  0.045  0.000  0.416
   0.73788     26.215420  0.000  0.000  0.000  0.046  0.313  0.000  0.000  0.048  0.000  0.409
   0.70950     26.363855  0.000  0.000  0.000  0.080  0.122  0.000  0.000  0.316  0.000  0.520
   0.68112     26.564225  0.032  0.020  0.041  0.000  0.000  0.110  0.096  0.000  0.035  0.336
   0.65274     26.469311  0.025  0.032  0.037  0.000  0.000  0.114  0.098  0.000  0.033  0.337
   0.62436     26.355310  0.019  0.043  0.030  0.000  0.000  0.106  0.110  0.000  0.026  0.334
   0.59598     26.233004  0.018  0.051  0.023  0.000  0.000  0.097  0.122  0.000  0.016  0.329
   0.56760     26.126690  0.020  0.056  0.018  0.000  0.000  0.091  0.129  0.000  0.011  0.327
   0.53922     26.045628  0.022  0.065  0.015  0.000  0.000  0.089  0.131  0.000  0.010  0.331
   0.51084     25.990074  0.023  0.076  0.012  0.000  0.000  0.093  0.130  0.000  0.011  0.345
   0.48246     25.957652  0.025  0.087  0.011  0.000  0.000  0.099  0.130  0.000  0.016  0.368
   0.45408     25.944130  0.022  0.099  0.014  0.000  0.000  0.111  0.135  0.000  0.022  0.405
   0.42570     25.942206  0.021  0.110  0.028  0.000  0.000  0.124  0.147  0.000  0.030  0.461
   0.39732     25.942371  0.023  0.110  0.058  0.000  0.000  0.136  0.173  0.000  0.036  0.534
   0.36894     25.950117  0.029  0.091  0.104  0.000  0.000  0.128  0.201  0.000  0.039  0.595
   0.34056     25.999592  0.040  0.068  0.137  0.000  0.000  0.107  0.209  0.000  0.042  0.606
   0.31218     26.098912  0.047  0.056  0.142  0.000  0.000  0.103  0.210  0.000  0.044  0.607
   0.28380     26.162712  0.037  0.067  0.063  0.000  0.000  0.169  0.202  0.000  0.138  0.676
   0.25542     25.858757  0.027  0.072  0.018  0.000  0.000  0.152  0.114  0.000  0.187  0.571
   0.22704     25.497540  0.028  0.069  0.016  0.000  0.000  0.138  0.095  0.000  0.195  0.544
   0.19866     25.226630  0.015  0.030  0.090  0.000  0.000  0.230  0.037  0.000  0.073  0.472
   0.17028     25.388941  0.017  0.008  0.104  0.010  0.011  0.221  0.047  0.023  0.063  0.506
   0.14190     25.073710  0.000  0.001  0.001  0.109  0.123  0.002  0.001  0.260  0.002  0.500
   0.11352     24.717099  0.005  0.010  0.004  0.081  0.081  0.036  0.018  0.180  0.057  0.470
   0.08514     24.404673  0.000  0.000  0.000  0.122  0.107  0.000  0.000  0.241  0.000  0.469
   0.05676     24.143909  0.000  0.000  0.000  0.124  0.102  0.000  0.000  0.200  0.000  0.425
   0.02838     24.002256  0.000  0.000  0.000  0.112  0.110  0.000  0.000  0.157  0.000  0.378
   0.00000     23.967417  0.000  0.000  0.000  0.106  0.112  0.000  0.000  0.148  0.000  0.367
 
# Band-Index:   47
   0.00000     25.794583  0.016  0.045  0.087  0.000  0.000  0.198  0.063  0.000  0.005  0.417
   0.02838     25.583440  0.029  0.037  0.075  0.000  0.000  0.228  0.053  0.000  0.022  0.446
   0.05676     25.209614  0.041  0.026  0.065  0.000  0.000  0.242  0.046  0.000  0.039  0.462
   0.08514     24.825257  0.052  0.016  0.058  0.000  0.000  0.247  0.049  0.000  0.060  0.483
   0.11352     24.746669  0.014  0.022  0.009  0.035  0.035  0.086  0.040  0.078  0.131  0.453
   0.14190     25.176035  0.013  0.044  0.022  0.001  0.003  0.097  0.038  0.004  0.178  0.401
   0.17028     25.443771  0.001  0.001  0.009  0.096  0.125  0.021  0.006  0.242  0.005  0.508
   0.19866     25.806158  0.000  0.000  0.000  0.100  0.155  0.000  0.000  0.253  0.000  0.511
   0.22704     26.163940  0.000  0.000  0.000  0.095  0.187  0.000  0.000  0.219  0.000  0.500
   0.25542     26.399724  0.046  0.062  0.118  0.001  0.007  0.082  0.159  0.002  0.033  0.509
   0.28380     26.299696  0.032  0.074  0.092  0.000  0.001  0.074  0.087  0.000  0.075  0.435
   0.31218     26.528935  0.015  0.092  0.021  0.000  0.000  0.142  0.091  0.000  0.159  0.520
   0.34056     26.721006  0.022  0.081  0.024  0.000  0.000  0.122  0.108  0.000  0.154  0.510
   0.36894     26.850057  0.037  0.047  0.038  0.000  0.000  0.119  0.116  0.000  0.143  0.498
   0.39732     27.043706  0.041  0.022  0.052  0.000  0.000  0.149  0.128  0.000  0.133  0.527
   0.42570     27.326348  0.040  0.016  0.063  0.000  0.000  0.188  0.133  0.000  0.122  0.560
   0.45408     27.626266  0.065  0.022  0.065  0.000  0.000  0.299  0.055  0.000  0.016  0.522
   0.48246     27.521173  0.083  0.029  0.050  0.000  0.000  0.286  0.059  0.000  0.096  0.603
   0.51084     27.380008  0.083  0.022  0.052  0.000  0.000  0.285  0.062  0.000  0.102  0.611
   0.53922     27.246538  0.086  0.019  0.055  0.000  0.000  0.283  0.060  0.000  0.103  0.607
   0.56760     27.127688  0.089  0.016  0.057  0.000  0.000  0.274  0.056  0.000  0.104  0.596
   0.59598     27.035246  0.092  0.017  0.052  0.000  0.000  0.263  0.052  0.000  0.105  0.577
   0.62436     26.993443  0.092  0.022  0.045  0.000  0.000  0.238  0.044  0.000  0.106  0.549
   0.65274     27.040520  0.083  0.040  0.028  0.000  0.001  0.211  0.040  0.004  0.107  0.517
   0.68112     26.760600  0.000  0.000  0.000  0.075  0.132  0.001  0.000  0.303  0.000  0.513
   0.70950     26.663675  0.039  0.022  0.040  0.000  0.000  0.105  0.102  0.000  0.035  0.341
   0.73788     26.777600  0.042  0.032  0.040  0.000  0.000  0.117  0.106  0.000  0.035  0.372
   0.76626     26.890474  0.039  0.065  0.042  0.000  0.000  0.155  0.098  0.000  0.039  0.443
   0.79464     27.111965  0.000  0.000  0.000  0.041  0.338  0.000  0.000  0.044  0.000  0.421
   0.82302     27.518364  0.022  0.003  0.056  0.000  0.002  0.013  0.161  0.000  0.036  0.293
   0.85140     27.694728  0.023  0.006  0.053  0.000  0.000  0.001  0.166  0.000  0.040  0.289
   0.87978     27.908879  0.021  0.012  0.052  0.000  0.000  0.000  0.164  0.000  0.048  0.296
   0.90816     28.145071  0.019  0.019  0.050  0.000  0.000  0.000  0.163  0.000  0.052  0.304
   0.93654     28.393566  0.014  0.023  0.053  0.000  0.000  0.001  0.168  0.000  0.051  0.310
   0.96492     28.644291  0.012  0.021  0.056  0.000  0.000  0.001  0.179  0.000  0.042  0.313
   0.99330     28.885161  0.011  0.014  0.061  0.000  0.000  0.000  0.198  0.000  0.027  0.310
   1.02168     29.102489  0.010  0.007  0.066  0.000  0.000  0.000  0.214  0.000  0.012  0.308
   1.05006     29.281908  0.006  0.000  0.072  0.000  0.000  0.000  0.225  0.000  0.003  0.310
   1.07844     29.405380  0.003  0.000  0.078  0.000  0.000  0.000  0.232  0.000  0.000  0.314
   1.10682     29.528171  0.000  0.000  0.000  0.000  0.000  0.000  0.000  0.000  0.000  0.000
   1.10682     29.528168  0.000  0.000  0.000  0.000  0.000  0.000  0.000  0.000  0.000  0.000
   1.13528     29.404078  0.003  0.000  0.078  0.000  0.000  0.000  0.232  0.000  0.000  0.314
   1.16374     29.279910  0.007  0.000  0.072  0.000  0.000  0.000  0.228  0.000  0.000  0.309
   1.19219     29.105695  0.011  0.003  0.068  0.000  0.000  0.000  0.219  0.000  0.000  0.302
   1.22065     28.901133  0.012  0.008  0.062  0.000  0.000  0.002  0.207  0.000  0.004  0.295
   1.24911     28.676933  0.014  0.015  0.057  0.000  0.000  0.004  0.189  0.000  0.012  0.291
   1.27757     28.442152  0.015  0.022  0.054  0.000  0.000  0.006  0.171  0.000  0.016  0.283
   1.30602     28.206396  0.018  0.022  0.050  0.000  0.000  0.008  0.157  0.000  0.018  0.275
   1.33448     27.977477  0.019  0.022  0.051  0.000  0.000  0.010  0.147  0.000  0.015  0.263
   1.36294     27.760517  0.021  0.021  0.048  0.000  0.000  0.013  0.139  0.000  0.011  0.252
   1.39139     27.558782  0.022  0.021  0.048  0.000  0.002  0.016  0.127  0.000  0.008  0.243
   1.41985     27.160572  0.000  0.000  0.000  0.047  0.292  0.000  0.000  0.049  0.000  0.388
   1.44831     26.775521  0.000  0.000  0.000  0.060  0.219  0.000  0.000  0.069  0.000  0.351
   1.47677     26.625237  0.027  0.047  0.015  0.050  0.040  0.140  0.027  0.101  0.026  0.476
   1.50522     26.850195  0.000  0.000  0.001  0.088  0.046  0.001  0.001  0.249  0.000  0.388
   1.53368     26.830643  0.022  0.019  0.068  0.000  0.000  0.108  0.075  0.000  0.032  0.325
   1.56214     26.797715  0.036  0.015  0.073  0.000  0.000  0.167  0.054  0.000  0.050  0.394
   1.59060     26.820230  0.047  0.014  0.075  0.000  0.000  0.219  0.041  0.000  0.071  0.466
   1.61905     26.883663  0.056  0.015  0.074  0.000  0.000  0.257  0.038  0.000  0.087  0.525
   1.64751     26.975160  0.061  0.017  0.069  0.000  0.000  0.282  0.039  0.000  0.100  0.571
   1.67597     27.084985  0.064  0.020  0.063  0.000  0.000  0.298  0.045  0.000  0.111  0.604
   1.70442     27.206052  0.067  0.024  0.060  0.000  0.000  0.307  0.050  0.000  0.119  0.626
   1.73288     27.331835  0.068  0.029  0.055  0.000  0.000  0.310  0.052  0.000  0.126  0.640
   1.76134     27.447090  0.070  0.031  0.052  0.000  0.000  0.308  0.048  0.000  0.122  0.634
   1.78980     27.340568  0.047  0.023  0.071  0.000  0.000  0.254  0.082  0.000  0.066  0.540
   1.81825     27.060848  0.044  0.028  0.061  0.000  0.000  0.213  0.092  0.000  0.079  0.520
   1.84671     26.880590  0.043  0.054  0.041  0.000  0.000  0.166  0.089  0.000  0.097  0.492
   1.87517     26.804180  0.030  0.093  0.026  0.000  0.000  0.152  0.083  0.000  0.113  0.498
   1.90362     26.709997  0.017  0.102  0.024  0.000  0.000  0.192  0.070  0.000  0.115  0.519
   1.93208     26.498399  0.019  0.084  0.030  0.000  0.000  0.190  0.056  0.000  0.107  0.488
   1.96054     26.297327  0.032  0.079  0.096  0.000  0.000  0.080  0.090  0.000  0.110  0.489
   1.98900     26.192201  0.022  0.073  0.099  0.000  0.000  0.074  0.108  0.000  0.181  0.558
   2.01745     25.906362  0.020  0.064  0.053  0.000  0.000  0.085  0.090  0.000  0.204  0.518
   2.04591     25.563728  0.028  0.044  0.041  0.000  0.000  0.115  0.095  0.000  0.193  0.518
   2.07437     25.332764  0.043  0.011  0.058  0.000  0.000  0.206  0.114  0.000  0.126  0.557
   2.10282     25.317739  0.001  0.000  0.001  0.099  0.128  0.003  0.001  0.245  0.002  0.481
   2.13128     25.254256  0.029  0.013  0.076  0.000  0.000  0.229  0.040  0.000  0.043  0.430
   2.15974     25.536813  0.024  0.024  0.077  0.000  0.000  0.245  0.053  0.000  0.021  0.445
   2.18820     25.722371  0.020  0.038  0.082  0.000  0.000  0.223  0.060  0.000  0.010  0.436
   2.21665     25.794578  0.016  0.045  0.087  0.000  0.000  0.198  0.063  0.000  0.005  0.417
 
# Band-Index:   48
   2.21665     26.176242  0.016  0.033  0.094  0.000  0.000  0.221  0.070  0.000  0.003  0.440
   2.18820     26.047468  0.020  0.033  0.092  0.000  0.000  0.205  0.063  0.000  0.016  0.429
   2.15974     25.781836  0.032  0.030  0.086  0.000  0.000  0.205  0.062  0.000  0.033  0.447
   2.13128     25.546642  0.040  0.023  0.083  0.000  0.000  0.238  0.076  0.000  0.041  0.499
   2.10282     25.378955  0.042  0.012  0.079  0.001  0.003  0.252  0.093  0.004  0.056  0.538
   2.07437     25.731583  0.000  0.000  0.000  0.099  0.130  0.000  0.000  0.260  0.000  0.489
   2.04591     26.150508  0.000  0.000  0.000  0.096  0.128  0.000  0.000  0.271  0.000  0.493
   2.01745     26.571173  0.000  0.000  0.000  0.094  0.121  0.000  0.000  0.278  0.000  0.495
   1.98900     26.675573  0.036  0.077  0.048  0.000  0.000  0.051  0.078  0.000  0.110  0.404
   1.96054     26.808115  0.023  0.090  0.003  0.000  0.000  0.042  0.048  0.000  0.169  0.373
   1.93208     27.009392  0.028  0.083  0.006  0.000  0.000  0.040  0.055  0.000  0.175  0.388
   1.90362     27.184457  0.046  0.051  0.014  0.000  0.001  0.088  0.062  0.000  0.147  0.411
   1.87517     27.390621  0.052  0.036  0.021  0.000  0.003  0.186  0.064  0.001  0.120  0.486
   1.84671     27.587883  0.051  0.043  0.025  0.000  0.009  0.269  0.074  0.002  0.121  0.597
   1.81825     27.662700  0.052  0.047  0.035  0.000  0.008  0.317  0.083  0.001  0.140  0.687
   1.78980     27.607430  0.050  0.044  0.047  0.000  0.000  0.322  0.095  0.000  0.151  0.708
   1.76134     27.745830  0.023  0.025  0.073  0.000  0.000  0.286  0.127  0.000  0.085  0.622
   1.73288     28.129380  0.021  0.025  0.075  0.000  0.002  0.293  0.123  0.000  0.070  0.611
   1.70442     28.536917  0.017  0.025  0.074  0.000  0.007  0.300  0.124  0.000  0.062  0.609
   1.67597     28.880800  0.002  0.007  0.014  0.024  0.223  0.058  0.026  0.007  0.009  0.364
   1.64751     28.748317  0.000  0.000  0.000  0.048  0.139  0.000  0.000  0.142  0.000  0.331
   1.61905     28.392431  0.000  0.000  0.000  0.062  0.108  0.000  0.000  0.218  0.000  0.387
   1.59060     27.997383  0.000  0.000  0.000  0.069  0.095  0.000  0.000  0.245  0.000  0.410
   1.56214     27.598047  0.000  0.000  0.000  0.076  0.084  0.000  0.000  0.259  0.000  0.418
   1.53368     27.208903  0.000  0.000  0.000  0.082  0.069  0.000  0.000  0.264  0.000  0.414
   1.50522     26.928777  0.015  0.029  0.056  0.001  0.001  0.066  0.091  0.005  0.020  0.284
   1.47677     27.063060  0.017  0.033  0.049  0.000  0.000  0.048  0.101  0.000  0.010  0.260
   1.44831     27.211749  0.018  0.027  0.049  0.000  0.000  0.033  0.108  0.000  0.005  0.242
   1.41985     27.375821  0.022  0.022  0.048  0.000  0.000  0.024  0.118  0.000  0.005  0.237
   1.39139     27.592989  0.000  0.000  0.000  0.040  0.321  0.000  0.000  0.045  0.000  0.408
   1.36294     28.037452  0.000  0.000  0.000  0.038  0.346  0.000  0.000  0.042  0.000  0.424
   1.33448     28.485983  0.000  0.000  0.000  0.033  0.364  0.000  0.000  0.039  0.000  0.439
   1.30602     28.934125  0.000  0.000  0.000  0.031  0.385  0.000  0.000  0.037  0.000  0.452
   1.27757     29.191255  0.044  0.052  0.012  0.000  0.000  0.028  0.198  0.000  0.348  0.679
   1.24911     29.285251  0.031  0.075  0.006  0.000  0.000  0.028  0.120  0.000  0.385  0.646
   1.22065     29.446057  0.019  0.095  0.002  0.000  0.000  0.029  0.059  0.000  0.426  0.631
   1.19219     29.659035  0.010  0.101  0.001  0.000  0.000  0.032  0.024  0.000  0.468  0.634
   1.16374     29.900279  0.003  0.090  0.000  0.000  0.000  0.035  0.005  0.000  0.524  0.659
   1.13528     30.134508  0.000  0.052  0.000  0.000  0.000  0.041  0.001  0.000  0.627  0.722
   1.10682     30.242161  0.000  0.000  0.000  0.000  0.240  0.034  0.000  0.015  0.507  0.797
   1.10682     30.272733  0.000  0.000  0.000  0.000  0.604  0.010  0.000  0.038  0.142  0.793
   1.07844     30.140398  0.000  0.051  0.000  0.000  0.000  0.042  0.001  0.000  0.630  0.724
   1.05006     29.921538  0.003  0.090  0.000  0.000  0.000  0.035  0.007  0.000  0.522  0.658
   1.02168     29.697727  0.010  0.099  0.001  0.000  0.000  0.034  0.026  0.000  0.455  0.626
   0.99330     29.502304  0.020  0.093  0.004  0.000  0.000  0.033  0.059  0.000  0.402  0.613
   0.96492     29.350024  0.031  0.075  0.005  0.000  0.000  0.035  0.111  0.000  0.359  0.616
   0.93654     29.339663  0.010  0.012  0.002  0.023  0.319  0.007  0.036  0.023  0.072  0.503
   0.90816     28.916020  0.000  0.000  0.000  0.031  0.388  0.000  0.000  0.035  0.000  0.455
   0.87978     28.466361  0.000  0.000  0.000  0.033  0.373  0.000  0.000  0.037  0.000  0.445
   0.85140     28.014868  0.000  0.000  0.000  0.036  0.360  0.000  0.000  0.040  0.000  0.435
   0.82302     27.563294  0.000  0.000  0.000  0.038  0.345  0.000  0.001  0.041  0.000  0.428
   0.79464     27.419240  0.020  0.024  0.063  0.000  0.000  0.071  0.131  0.000  0.034  0.345
   0.76626     27.439038  0.026  0.063  0.058  0.000  0.000  0.175  0.077  0.000  0.029  0.428
   0.73788     27.493632  0.036  0.086  0.040  0.000  0.000  0.227  0.050  0.000  0.024  0.466
   0.70950     27.390911  0.054  0.082  0.020  0.000  0.000  0.211  0.043  0.000  0.074  0.484
   0.68112     27.193717  0.071  0.063  0.019  0.000  0.000  0.200  0.040  0.000  0.103  0.496
   0.65274     27.158126  0.001  0.000  0.000  0.072  0.145  0.003  0.000  0.281  0.001  0.505
   0.62436     27.546750  0.000  0.000  0.000  0.068  0.161  0.000  0.000  0.260  0.000  0.490
   0.59598     27.916259  0.000  0.000  0.000  0.060  0.187  0.000  0.000  0.223  0.000  0.472
   0.56760     28.230282  0.000  0.000  0.000  0.050  0.239  0.000  0.000  0.155  0.000  0.444
   0.53922     28.399780  0.000  0.000  0.000  0.036  0.323  0.000  0.000  0.060  0.000  0.420
   0.51084     28.356553  0.000  0.000  0.000  0.029  0.374  0.000  0.000  0.017  0.000  0.421
   0.48246     28.052547  0.024  0.021  0.061  0.000  0.000  0.200  0.176  0.000  0.176  0.661
   0.45408     27.723188  0.043  0.032  0.044  0.000  0.000  0.168  0.171  0.000  0.252  0.710
   0.42570     27.825210  0.042  0.026  0.025  0.012  0.153  0.147  0.049  0.013  0.100  0.570
   0.39732     27.551450  0.000  0.000  0.000  0.031  0.371  0.000  0.000  0.036  0.000  0.440
   0.36894     27.345523  0.000  0.000  0.000  0.032  0.365  0.000  0.000  0.039  0.001  0.439
   0.34056     27.160039  0.005  0.004  0.001  0.031  0.329  0.008  0.006  0.037  0.012  0.434
   0.31218     26.957648  0.000  0.000  0.000  0.042  0.345  0.000  0.000  0.046  0.000  0.435
   0.28380     26.751167  0.000  0.000  0.000  0.058  0.308  0.000  0.000  0.075  0.000  0.444
   0.25542     26.491391  0.000  0.001  0.002  0.079  0.237  0.001  0.004  0.146  0.000  0.475
   0.22704     26.435381  0.027  0.073  0.043  0.000  0.000  0.081  0.092  0.000  0.077  0.393
   0.19866     26.098775  0.008  0.063  0.008  0.000  0.000  0.085  0.044  0.000  0.142  0.352
   0.17028     25.660953  0.006  0.055  0.004  0.000  0.000  0.096  0.052  0.000  0.137  0.351
   0.14190     25.598596  0.017  0.015  0.093  0.000  0.000  0.235  0.068  0.000  0.025  0.452
   0.11352     25.763177  0.018  0.015  0.096  0.000  0.000  0.233  0.065  0.000  0.023  0.450
   0.08514     25.917688  0.017  0.020  0.097  0.000  0.000  0.224  0.062  0.000  0.018  0.440
   0.05676     26.049835  0.017  0.027  0.096  0.000  0.000  0.217  0.064  0.000  0.012  0.433
   0.02838     26.143022  0.015  0.032  0.095  0.000  0.000  0.213  0.068  0.000  0.006  0.433
   0.00000     26.176218  0.017  0.032  0.094  0.000  0.000  0.225  0.071  0.000  0.003  0.444
