#K-Path          Energy     s    py    pz    px    dxy    dyz    dz2    dxz    dx2-y2    tot
# NKPTS & NBANDS:  80  24
# Band-Index:    1
   0.00000    -64.716737  0.997  0.000  0.000  0.000  0.000  0.000  0.000  0.000  0.000  0.997
   0.03364    -64.716773  0.997  0.000  0.000  0.000  0.000  0.000  0.000  0.000  0.000  0.997
   0.06729    -64.716872  0.997  0.000  0.000  0.000  0.000  0.000  0.000  0.000  0.000  0.997
   0.10093    -64.717046  0.997  0.000  0.000  0.000  0.000  0.000  0.000  0.000  0.000  0.997
   0.13457    -64.717289  0.997  0.000  0.000  0.000  0.000  0.000  0.000  0.000  0.000  0.997
   0.16822    -64.717601  0.997  0.000  0.000  0.000  0.000  0.000  0.000  0.000  0.000  0.997
   0.20186    -64.717965  0.997  0.000  0.000  0.000  0.000  0.000  0.000  0.000  0.000  0.997
   0.23551    -64.718396  0.997  0.000  0.000  0.000  0.000  0.000  0.000  0.000  0.000  0.997
   0.26915    -64.718888  0.997  0.000  0.000  0.000  0.000  0.000  0.000  0.000  0.000  0.997
   0.30279    -64.719438  0.997  0.000  0.000  0.000  0.000  0.000  0.000  0.000  0.000  0.997
   0.33644    -64.720038  0.997  0.000  0.000  0.000  0.000  0.000  0.000  0.000  0.000  0.997
   0.37008    -64.720687  0.997  0.000  0.000  0.000  0.000  0.000  0.000  0.000  0.000  0.997
   0.40372    -64.721380  0.997  0.000  0.000  0.000  0.000  0.000  0.000  0.000  0.000  0.997
   0.43737    -64.722115  0.997  0.000  0.000  0.000  0.000  0.000  0.000  0.000  0.000  0.997
   0.47101    -64.722878  0.997  0.000  0.000  0.000  0.000  0.000  0.000  0.000  0.000  0.997
   0.50465    -64.723672  0.997  0.000  0.000  0.000  0.000  0.000  0.000  0.000  0.000  0.997
   0.53830    -64.724495  0.997  0.000  0.000  0.000  0.000  0.000  0.000  0.000  0.000  0.997
   0.57194    -64.725335  0.997  0.000  0.000  0.000  0.000  0.000  0.000  0.000  0.000  0.997
   0.60559    -64.726190  0.997  0.000  0.000  0.000  0.000  0.000  0.000  0.000  0.000  0.997
   0.63923    -64.727055  0.997  0.000  0.000  0.000  0.000  0.000  0.000  0.000  0.000  0.997
   0.67287    -64.727920  0.997  0.000  0.000  0.000  0.000  0.000  0.000  0.000  0.000  0.997
   0.70652    -64.728783  0.997  0.000  0.000  0.000  0.000  0.000  0.000  0.000  0.000  0.997
   0.74016    -64.729634  0.997  0.000  0.000  0.000  0.000  0.000  0.000  0.000  0.000  0.997
   0.77380    -64.730474  0.997  0.000  0.000  0.000  0.000  0.000  0.000  0.000  0.000  0.997
   0.80745    -64.731293  0.997  0.000  0.000  0.000  0.000  0.000  0.000  0.000  0.000  0.997
   0.84109    -64.732087  0.997  0.000  0.000  0.000  0.000  0.000  0.000  0.000  0.000  0.997
   0.87473    -64.732852  0.997  0.000  0.000  0.000  0.000  0.000  0.000  0.000  0.000  0.997
   0.90838    -64.733583  0.996  0.000  0.000  0.000  0.000  0.000  0.000  0.000  0.000  0.996
   0.94202    -64.734275  0.996  0.000  0.000  0.000  0.000  0.000  0.000  0.000  0.000  0.996
   0.97567    -64.734924  0.996  0.000  0.000  0.000  0.000  0.000  0.000  0.000  0.000  0.996
   1.00931    -64.735522  0.996  0.000  0.000  0.000  0.000  0.000  0.000  0.000  0.000  0.996
   1.04295    -64.736066  0.996  0.000  0.000  0.000  0.000  0.000  0.000  0.000  0.000  0.996
   1.07660    -64.736561  0.996  0.000  0.000  0.000  0.000  0.000  0.000  0.000  0.000  0.996
   1.11024    -64.736996  0.996  0.000  0.000  0.000  0.000  0.000  0.000  0.000  0.000  0.996
   1.14388    -64.737367  0.996  0.000  0.000  0.000  0.000  0.000  0.000  0.000  0.000  0.996
   1.17753    -64.737679  0.996  0.000  0.000  0.000  0.000  0.000  0.000  0.000  0.000  0.996
   1.21117    -64.737920  0.996  0.000  0.000  0.000  0.000  0.000  0.000  0.000  0.000  0.996
   1.24481    -64.738095  0.996  0.000  0.000  0.000  0.000  0.000  0.000  0.000  0.000  0.996
   1.27846    -64.738201  0.996  0.000  0.000  0.000  0.000  0.000  0.000  0.000  0.000  0.996
   1.31210    -64.738236  0.996  0.000  0.000  0.000  0.000  0.000  0.000  0.000  0.000  0.996
   1.31210    -64.738236  0.996  0.000  0.000  0.000  0.000  0.000  0.000  0.000  0.000  0.996
   1.34574    -64.738201  0.996  0.000  0.000  0.000  0.000  0.000  0.000  0.000  0.000  0.996
   1.37939    -64.738095  0.996  0.000  0.000  0.000  0.000  0.000  0.000  0.000  0.000  0.996
   1.41303    -64.737920  0.996  0.000  0.000  0.000  0.000  0.000  0.000  0.000  0.000  0.996
   1.44668    -64.737679  0.996  0.000  0.000  0.000  0.000  0.000  0.000  0.000  0.000  0.996
   1.48032    -64.737368  0.996  0.000  0.000  0.000  0.000  0.000  0.000  0.000  0.000  0.996
   1.51396    -64.736997  0.996  0.000  0.000  0.000  0.000  0.000  0.000  0.000  0.000  0.996
   1.54761    -64.736560  0.996  0.000  0.000  0.000  0.000  0.000  0.000  0.000  0.000  0.996
   1.58125    -64.736066  0.996  0.000  0.000  0.000  0.000  0.000  0.000  0.000  0.000  0.996
   1.61489    -64.735520  0.996  0.000  0.000  0.000  0.000  0.000  0.000  0.000  0.000  0.996
   1.64854    -64.734922  0.996  0.000  0.000  0.000  0.000  0.000  0.000  0.000  0.000  0.996
   1.68218    -64.734271  0.996  0.000  0.000  0.000  0.000  0.000  0.000  0.000  0.000  0.996
   1.71582    -64.733581  0.996  0.000  0.000  0.000  0.000  0.000  0.000  0.000  0.000  0.996
   1.74947    -64.732851  0.997  0.000  0.000  0.000  0.000  0.000  0.000  0.000  0.000  0.997
   1.78311    -64.732088  0.997  0.000  0.000  0.000  0.000  0.000  0.000  0.000  0.000  0.997
   1.81676    -64.731296  0.997  0.000  0.000  0.000  0.000  0.000  0.000  0.000  0.000  0.997
   1.85040    -64.730475  0.997  0.000  0.000  0.000  0.000  0.000  0.000  0.000  0.000  0.997
   1.88404    -64.729636  0.997  0.000  0.000  0.000  0.000  0.000  0.000  0.000  0.000  0.997
   1.91769    -64.728782  0.997  0.000  0.000  0.000  0.000  0.000  0.000  0.000  0.000  0.997
   1.95133    -64.727920  0.997  0.000  0.000  0.000  0.000  0.000  0.000  0.000  0.000  0.997
   1.98497    -64.727055  0.997  0.000  0.000  0.000  0.000  0.000  0.000  0.000  0.000  0.997
   2.01862    -64.726189  0.997  0.000  0.000  0.000  0.000  0.000  0.000  0.000  0.000  0.997
   2.05226    -64.725334  0.997  0.000  0.000  0.000  0.000  0.000  0.000  0.000  0.000  0.997
   2.08590    -64.724496  0.997  0.000  0.000  0.000  0.000  0.000  0.000  0.000  0.000  0.997
   2.11955    -64.723673  0.997  0.000  0.000  0.000  0.000  0.000  0.000  0.000  0.000  0.997
   2.15319    -64.722876  0.997  0.000  0.000  0.000  0.000  0.000  0.000  0.000  0.000  0.997
   2.18684    -64.722112  0.997  0.000  0.000  0.000  0.000  0.000  0.000  0.000  0.000  0.997
   2.22048    -64.721378  0.997  0.000  0.000  0.000  0.000  0.000  0.000  0.000  0.000  0.997
   2.25412    -64.720686  0.997  0.000  0.000  0.000  0.000  0.000  0.000  0.000  0.000  0.997
   2.28777    -64.720039  0.997  0.000  0.000  0.000  0.000  0.000  0.000  0.000  0.000  0.997
   2.32141    -64.719438  0.997  0.000  0.000  0.000  0.000  0.000  0.000  0.000  0.000  0.997
   2.35505    -64.718886  0.997  0.000  0.000  0.000  0.000  0.000  0.000  0.000  0.000  0.997
   2.38870    -64.718393  0.997  0.000  0.000  0.000  0.000  0.000  0.000  0.000  0.000  0.997
   2.42234    -64.717963  0.997  0.000  0.000  0.000  0.000  0.000  0.000  0.000  0.000  0.997
   2.45598    -64.717601  0.997  0.000  0.000  0.000  0.000  0.000  0.000  0.000  0.000  0.997
   2.48963    -64.717290  0.997  0.000  0.000  0.000  0.000  0.000  0.000  0.000  0.000  0.997
   2.52327    -64.717047  0.997  0.000  0.000  0.000  0.000  0.000  0.000  0.000  0.000  0.997
   2.55692    -64.716873  0.997  0.000  0.000  0.000  0.000  0.000  0.000  0.000  0.000  0.997
   2.59056    -64.716773  0.997  0.000  0.000  0.000  0.000  0.000  0.000  0.000  0.000  0.997
   2.62420    -64.716737  0.997  0.000  0.000  0.000  0.000  0.000  0.000  0.000  0.000  0.997
 
# Band-Index:    2
   2.62420    -62.179355  0.998  0.000  0.000  0.000  0.000  0.000  0.000  0.000  0.000  0.998
   2.59056    -62.179400  0.998  0.000  0.000  0.000  0.000  0.000  0.000  0.000  0.000  0.998
   2.55692    -62.179493  0.998  0.000  0.000  0.000  0.000  0.000  0.000  0.000  0.000  0.998
   2.52327    -62.179667  0.998  0.000  0.000  0.000  0.000  0.000  0.000  0.000  0.000  0.998
   2.48963    -62.179917  0.998  0.000  0.000  0.000  0.000  0.000  0.000  0.000  0.000  0.998
   2.45598    -62.180236  0.998  0.000  0.000  0.000  0.000  0.000  0.000  0.000  0.000  0.998
   2.42234    -62.180592  0.997  0.000  0.000  0.000  0.000  0.000  0.000  0.000  0.000  0.998
   2.38870    -62.181024  0.997  0.000  0.000  0.000  0.000  0.000  0.000  0.000  0.000  0.997
   2.35505    -62.181525  0.997  0.000  0.000  0.000  0.000  0.000  0.000  0.000  0.000  0.997
   2.32141    -62.182092  0.997  0.000  0.000  0.000  0.000  0.000  0.000  0.000  0.000  0.997
   2.28777    -62.182697  0.997  0.000  0.000  0.000  0.000  0.000  0.000  0.000  0.000  0.997
   2.25412    -62.183354  0.997  0.000  0.000  0.000  0.000  0.000  0.000  0.000  0.000  0.997
   2.22048    -62.184061  0.997  0.000  0.000  0.000  0.000  0.000  0.000  0.000  0.000  0.997
   2.18684    -62.184808  0.997  0.000  0.000  0.000  0.000  0.000  0.000  0.000  0.000  0.997
   2.15319    -62.185583  0.997  0.000  0.000  0.000  0.000  0.000  0.000  0.000  0.000  0.997
   2.11955    -62.186393  0.997  0.000  0.000  0.000  0.000  0.000  0.000  0.000  0.000  0.997
   2.08590    -62.187237  0.997  0.000  0.000  0.000  0.000  0.000  0.000  0.000  0.000  0.997
   2.05226    -62.188083  0.997  0.000  0.000  0.000  0.000  0.000  0.000  0.000  0.000  0.997
   2.01862    -62.188950  0.997  0.000  0.000  0.000  0.000  0.000  0.000  0.000  0.000  0.997
   1.98497    -62.189834  0.997  0.000  0.000  0.000  0.000  0.000  0.000  0.000  0.000  0.997
   1.95133    -62.190708  0.997  0.000  0.000  0.000  0.000  0.000  0.000  0.000  0.000  0.997
   1.91769    -62.191577  0.997  0.000  0.000  0.000  0.000  0.000  0.000  0.000  0.000  0.997
   1.88404    -62.192438  0.997  0.000  0.000  0.000  0.000  0.000  0.000  0.000  0.000  0.997
   1.85040    -62.193287  0.997  0.000  0.000  0.000  0.000  0.000  0.000  0.000  0.000  0.997
   1.81676    -62.194116  0.997  0.000  0.000  0.000  0.000  0.000  0.000  0.000  0.000  0.997
   1.78311    -62.194914  0.997  0.000  0.000  0.000  0.000  0.000  0.000  0.000  0.000  0.997
   1.74947    -62.195681  0.997  0.000  0.000  0.000  0.000  0.000  0.000  0.000  0.000  0.997
   1.71582    -62.196417  0.997  0.000  0.000  0.000  0.000  0.000  0.000  0.000  0.000  0.997
   1.68218    -62.197110  0.997  0.000  0.000  0.000  0.000  0.000  0.000  0.000  0.000  0.997
   1.64854    -62.197769  0.997  0.000  0.000  0.000  0.000  0.000  0.000  0.000  0.000  0.997
   1.61489    -62.198372  0.997  0.000  0.000  0.000  0.000  0.000  0.000  0.000  0.000  0.997
   1.58125    -62.198920  0.997  0.000  0.000  0.000  0.000  0.000  0.000  0.000  0.000  0.997
   1.54761    -62.199424  0.997  0.000  0.000  0.000  0.000  0.000  0.000  0.000  0.000  0.997
   1.51396    -62.199876  0.997  0.000  0.000  0.000  0.000  0.000  0.000  0.000  0.000  0.997
   1.48032    -62.200256  0.997  0.000  0.000  0.000  0.000  0.000  0.000  0.000  0.000  0.997
   1.44668    -62.200571  0.997  0.000  0.000  0.000  0.000  0.000  0.000  0.000  0.000  0.997
   1.41303    -62.200815  0.997  0.000  0.000  0.000  0.000  0.000  0.000  0.000  0.000  0.997
   1.37939    -62.200995  0.997  0.000  0.000  0.000  0.000  0.000  0.000  0.000  0.000  0.997
   1.34574    -62.201107  0.997  0.000  0.000  0.000  0.000  0.000  0.000  0.000  0.000  0.997
   1.31210    -62.201142  0.997  0.000  0.000  0.000  0.000  0.000  0.000  0.000  0.000  0.997
   1.31210    -62.201142  0.997  0.000  0.000  0.000  0.000  0.000  0.000  0.000  0.000  0.997
   1.27846    -62.201107  0.997  0.000  0.000  0.000  0.000  0.000  0.000  0.000  0.000  0.997
   1.24481    -62.200995  0.997  0.000  0.000  0.000  0.000  0.000  0.000  0.000  0.000  0.997
   1.21117    -62.200815  0.997  0.000  0.000  0.000  0.000  0.000  0.000  0.000  0.000  0.997
   1.17753    -62.200571  0.997  0.000  0.000  0.000  0.000  0.000  0.000  0.000  0.000  0.997
   1.14388    -62.200249  0.997  0.000  0.000  0.000  0.000  0.000  0.000  0.000  0.000  0.997
   1.11024    -62.199870  0.997  0.000  0.000  0.000  0.000  0.000  0.000  0.000  0.000  0.997
   1.07660    -62.199428  0.997  0.000  0.000  0.000  0.000  0.000  0.000  0.000  0.000  0.997
   1.04295    -62.198929  0.997  0.000  0.000  0.000  0.000  0.000  0.000  0.000  0.000  0.997
   1.00931    -62.198389  0.997  0.000  0.000  0.000  0.000  0.000  0.000  0.000  0.000  0.997
   0.97567    -62.197789  0.997  0.000  0.000  0.000  0.000  0.000  0.000  0.000  0.000  0.997
   0.94202    -62.197132  0.997  0.000  0.000  0.000  0.000  0.000  0.000  0.000  0.000  0.997
   0.90838    -62.196433  0.997  0.000  0.000  0.000  0.000  0.000  0.000  0.000  0.000  0.997
   0.87473    -62.195692  0.997  0.000  0.000  0.000  0.000  0.000  0.000  0.000  0.000  0.997
   0.84109    -62.194919  0.997  0.000  0.000  0.000  0.000  0.000  0.000  0.000  0.000  0.997
   0.80745    -62.194115  0.997  0.000  0.000  0.000  0.000  0.000  0.000  0.000  0.000  0.997
   0.77380    -62.193287  0.997  0.000  0.000  0.000  0.000  0.000  0.000  0.000  0.000  0.997
   0.74016    -62.192438  0.997  0.000  0.000  0.000  0.000  0.000  0.000  0.000  0.000  0.997
   0.70652    -62.191580  0.997  0.000  0.000  0.000  0.000  0.000  0.000  0.000  0.000  0.997
   0.67287    -62.190703  0.997  0.000  0.000  0.000  0.000  0.000  0.000  0.000  0.000  0.997
   0.63923    -62.189831  0.997  0.000  0.000  0.000  0.000  0.000  0.000  0.000  0.000  0.997
   0.60559    -62.188950  0.997  0.000  0.000  0.000  0.000  0.000  0.000  0.000  0.000  0.997
   0.57194    -62.188079  0.997  0.000  0.000  0.000  0.000  0.000  0.000  0.000  0.000  0.997
   0.53830    -62.187226  0.997  0.000  0.000  0.000  0.000  0.000  0.000  0.000  0.000  0.997
   0.50465    -62.186389  0.997  0.000  0.000  0.000  0.000  0.000  0.000  0.000  0.000  0.997
   0.47101    -62.185590  0.997  0.000  0.000  0.000  0.000  0.000  0.000  0.000  0.000  0.997
   0.43737    -62.184822  0.997  0.000  0.000  0.000  0.000  0.000  0.000  0.000  0.000  0.997
   0.40372    -62.184072  0.997  0.000  0.000  0.000  0.000  0.000  0.000  0.000  0.000  0.997
   0.37008    -62.183361  0.997  0.000  0.000  0.000  0.000  0.000  0.000  0.000  0.000  0.997
   0.33644    -62.182707  0.997  0.000  0.000  0.000  0.000  0.000  0.000  0.000  0.000  0.997
   0.30279    -62.182101  0.997  0.000  0.000  0.000  0.000  0.000  0.000  0.000  0.000  0.997
   0.26915    -62.181542  0.997  0.000  0.000  0.000  0.000  0.000  0.000  0.000  0.000  0.997
   0.23551    -62.181041  0.997  0.000  0.000  0.000  0.000  0.000  0.000  0.000  0.000  0.997
   0.20186    -62.180610  0.997  0.000  0.000  0.000  0.000  0.000  0.000  0.000  0.000  0.998
   0.16822    -62.180250  0.998  0.000  0.000  0.000  0.000  0.000  0.000  0.000  0.000  0.998
   0.13457    -62.179926  0.998  0.000  0.000  0.000  0.000  0.000  0.000  0.000  0.000  0.998
   0.10093    -62.179675  0.998  0.000  0.000  0.000  0.000  0.000  0.000  0.000  0.000  0.998
   0.06729    -62.179496  0.998  0.000  0.000  0.000  0.000  0.000  0.000  0.000  0.000  0.998
   0.03364    -62.179400  0.998  0.000  0.000  0.000  0.000  0.000  0.000  0.000  0.000  0.998
   0.00000    -62.179355  0.998  0.000  0.000  0.000  0.000  0.000  0.000  0.000  0.000  0.998
 
# Band-Index:    3
   0.00000    -38.715243  0.002  0.976  0.008  0.000  0.000  0.000  0.000  0.000  0.000  0.986
   0.03364    -38.714949  0.002  0.976  0.008  0.000  0.000  0.000  0.000  0.000  0.000  0.986
   0.06729    -38.714056  0.002  0.975  0.009  0.000  0.000  0.000  0.000  0.000  0.000  0.986
   0.10093    -38.712601  0.002  0.975  0.009  0.000  0.000  0.000  0.000  0.000  0.000  0.986
   0.13457    -38.710583  0.002  0.974  0.010  0.000  0.000  0.000  0.000  0.000  0.000  0.986
   0.16822    -38.708024  0.002  0.972  0.012  0.000  0.000  0.000  0.000  0.000  0.000  0.986
   0.20186    -38.704899  0.002  0.970  0.015  0.000  0.000  0.000  0.000  0.000  0.000  0.987
   0.23551    -38.701296  0.002  0.966  0.019  0.000  0.000  0.000  0.000  0.000  0.000  0.987
   0.26915    -38.697223  0.002  0.958  0.027  0.000  0.000  0.000  0.000  0.000  0.000  0.987
   0.30279    -38.692766  0.002  0.942  0.043  0.000  0.000  0.000  0.000  0.000  0.000  0.987
   0.33644    -38.688052  0.002  0.900  0.085  0.000  0.000  0.000  0.000  0.000  0.000  0.987
   0.37008    -38.683566  0.002  0.747  0.239  0.000  0.000  0.000  0.000  0.000  0.000  0.988
   0.40372    -38.681146  0.000  0.322  0.665  0.000  0.000  0.000  0.000  0.000  0.000  0.990
   0.43737    -38.681796  0.000  0.087  0.902  0.000  0.000  0.000  0.000  0.000  0.000  0.990
   0.47101    -38.683612  0.000  0.031  0.957  0.000  0.000  0.000  0.000  0.000  0.000  0.991
   0.50465    -38.685834  0.000  0.015  0.974  0.000  0.000  0.000  0.000  0.000  0.000  0.990
   0.53830    -38.688258  0.000  0.008  0.980  0.000  0.000  0.000  0.000  0.000  0.000  0.991
   0.57194    -38.690792  0.000  0.005  0.983  0.000  0.000  0.000  0.000  0.000  0.000  0.990
   0.60559    -38.693410  0.000  0.003  0.984  0.000  0.000  0.000  0.000  0.000  0.000  0.990
   0.63923    -38.696082  0.000  0.002  0.986  0.000  0.000  0.000  0.000  0.000  0.000  0.989
   0.67287    -38.698781  0.000  0.001  0.985  0.000  0.000  0.000  0.000  0.000  0.000  0.990
   0.70652    -38.701496  0.002  0.001  0.986  0.000  0.000  0.000  0.000  0.000  0.000  0.989
   0.74016    -38.704187  0.002  0.001  0.986  0.000  0.000  0.000  0.000  0.000  0.000  0.989
   0.77380    -38.706851  0.002  0.000  0.986  0.000  0.000  0.000  0.000  0.000  0.000  0.989
   0.80745    -38.709464  0.002  0.000  0.987  0.000  0.000  0.000  0.000  0.000  0.000  0.989
   0.84109    -38.711998  0.002  0.000  0.986  0.000  0.000  0.000  0.000  0.000  0.000  0.988
   0.87473    -38.714457  0.002  0.000  0.985  0.000  0.000  0.000  0.000  0.000  0.000  0.989
   0.90838    -38.716808  0.002  0.000  0.986  0.000  0.000  0.000  0.000  0.000  0.000  0.988
   0.94202    -38.719050  0.002  0.000  0.985  0.000  0.000  0.000  0.000  0.000  0.000  0.987
   0.97567    -38.721148  0.002  0.000  0.986  0.000  0.000  0.000  0.000  0.000  0.000  0.988
   1.00931    -38.723097  0.002  0.000  0.985  0.000  0.000  0.000  0.000  0.000  0.000  0.987
   1.04295    -38.724875  0.002  0.000  0.985  0.000  0.000  0.000  0.000  0.000  0.000  0.988
   1.07660    -38.726491  0.002  0.000  0.985  0.000  0.000  0.000  0.000  0.000  0.000  0.987
   1.11024    -38.727915  0.002  0.000  0.985  0.000  0.000  0.000  0.000  0.000  0.000  0.987
   1.14388    -38.729130  0.002  0.000  0.985  0.000  0.000  0.000  0.000  0.000  0.000  0.987
   1.17753    -38.730159  0.002  0.000  0.984  0.000  0.000  0.000  0.000  0.000  0.000  0.987
   1.21117    -38.730954  0.002  0.000  0.985  0.000  0.000  0.000  0.000  0.000  0.000  0.987
   1.24481    -38.731532  0.002  0.000  0.985  0.000  0.000  0.000  0.000  0.000  0.000  0.987
   1.27846    -38.731884  0.002  0.000  0.985  0.000  0.000  0.000  0.000  0.000  0.000  0.987
   1.31210    -38.732000  0.002  0.000  0.985  0.000  0.000  0.000  0.000  0.000  0.000  0.987
   1.31210    -38.732000  0.002  0.000  0.985  0.000  0.000  0.000  0.000  0.000  0.000  0.987
   1.34574    -38.731884  0.002  0.000  0.985  0.000  0.000  0.000  0.000  0.000  0.000  0.987
   1.37939    -38.731532  0.002  0.000  0.985  0.000  0.000  0.000  0.000  0.000  0.000  0.987
   1.41303    -38.730953  0.002  0.000  0.985  0.000  0.000  0.000  0.000  0.000  0.000  0.987
   1.44668    -38.730159  0.002  0.000  0.984  0.000  0.000  0.000  0.000  0.000  0.000  0.987
   1.48032    -38.729130  0.002  0.000  0.985  0.000  0.000  0.000  0.000  0.000  0.000  0.987
   1.51396    -38.727915  0.002  0.000  0.985  0.000  0.000  0.000  0.000  0.000  0.000  0.987
   1.54761    -38.726491  0.002  0.000  0.985  0.000  0.000  0.000  0.000  0.000  0.000  0.987
   1.58125    -38.724868  0.002  0.000  0.985  0.000  0.000  0.000  0.000  0.000  0.000  0.988
   1.61489    -38.723086  0.002  0.000  0.985  0.000  0.000  0.000  0.000  0.000  0.000  0.987
   1.64854    -38.721135  0.002  0.000  0.986  0.000  0.000  0.000  0.000  0.000  0.000  0.988
   1.68218    -38.719038  0.002  0.000  0.985  0.000  0.000  0.000  0.000  0.000  0.000  0.987
   1.71582    -38.716799  0.002  0.000  0.986  0.000  0.000  0.000  0.000  0.000  0.000  0.988
   1.74947    -38.714446  0.002  0.000  0.986  0.000  0.000  0.000  0.000  0.000  0.000  0.989
   1.78311    -38.711984  0.002  0.000  0.986  0.000  0.000  0.000  0.000  0.000  0.000  0.988
   1.81676    -38.709446  0.002  0.000  0.986  0.000  0.000  0.000  0.000  0.000  0.000  0.989
   1.85040    -38.706831  0.002  0.000  0.986  0.000  0.000  0.000  0.000  0.000  0.000  0.989
   1.88404    -38.704161  0.002  0.000  0.986  0.000  0.000  0.000  0.000  0.000  0.000  0.989
   1.91769    -38.701462  0.002  0.000  0.987  0.000  0.000  0.000  0.000  0.000  0.000  0.989
   1.95133    -38.698747  0.000  0.001  0.986  0.000  0.000  0.000  0.000  0.000  0.000  0.990
   1.98497    -38.696035  0.000  0.001  0.987  0.000  0.000  0.000  0.000  0.000  0.000  0.989
   2.01862    -38.693346  0.000  0.002  0.986  0.000  0.000  0.000  0.000  0.000  0.000  0.990
   2.05226    -38.690709  0.000  0.003  0.985  0.000  0.000  0.000  0.000  0.000  0.000  0.990
   2.08590    -38.688148  0.000  0.005  0.983  0.000  0.000  0.000  0.000  0.000  0.000  0.991
   2.11955    -38.685685  0.000  0.009  0.979  0.000  0.000  0.000  0.000  0.000  0.000  0.990
   2.15319    -38.683399  0.000  0.021  0.967  0.000  0.000  0.000  0.000  0.000  0.000  0.989
   2.18684    -38.681451  0.000  0.065  0.924  0.000  0.000  0.000  0.000  0.000  0.000  0.990
   2.22048    -38.680583  0.000  0.296  0.692  0.000  0.000  0.000  0.000  0.000  0.000  0.990
   2.25412    -38.683112  0.002  0.772  0.213  0.000  0.000  0.000  0.000  0.000  0.000  0.989
   2.28777    -38.687792  0.002  0.914  0.072  0.000  0.000  0.000  0.000  0.000  0.000  0.987
   2.32141    -38.692599  0.002  0.949  0.036  0.000  0.000  0.000  0.000  0.000  0.000  0.987
   2.35505    -38.697104  0.002  0.962  0.023  0.000  0.000  0.000  0.000  0.000  0.000  0.987
   2.38870    -38.701211  0.002  0.968  0.017  0.000  0.000  0.000  0.000  0.000  0.000  0.987
   2.42234    -38.704837  0.002  0.971  0.013  0.000  0.000  0.000  0.000  0.000  0.000  0.987
   2.45598    -38.707989  0.002  0.973  0.011  0.000  0.000  0.000  0.000  0.000  0.000  0.986
   2.48963    -38.710561  0.002  0.974  0.010  0.000  0.000  0.000  0.000  0.000  0.000  0.986
   2.52327    -38.712590  0.002  0.975  0.009  0.000  0.000  0.000  0.000  0.000  0.000  0.986
   2.55692    -38.714049  0.002  0.975  0.009  0.000  0.000  0.000  0.000  0.000  0.000  0.986
   2.59056    -38.714948  0.002  0.976  0.008  0.000  0.000  0.000  0.000  0.000  0.000  0.986
   2.62420    -38.715243  0.002  0.976  0.008  0.000  0.000  0.000  0.000  0.000  0.000  0.986
 
# Band-Index:    4
   2.62420    -38.663744  0.000  0.008  0.981  0.000  0.000  0.000  0.000  0.000  0.000  0.990
   2.59056    -38.663856  0.000  0.008  0.981  0.000  0.000  0.000  0.000  0.000  0.000  0.990
   2.55692    -38.664153  0.000  0.009  0.981  0.000  0.000  0.000  0.000  0.000  0.000  0.990
   2.52327    -38.664666  0.000  0.009  0.980  0.000  0.000  0.000  0.000  0.000  0.000  0.991
   2.48963    -38.665379  0.000  0.010  0.979  0.000  0.000  0.000  0.000  0.000  0.000  0.990
   2.45598    -38.666291  0.000  0.011  0.978  0.000  0.000  0.000  0.000  0.000  0.000  0.990
   2.42234    -38.667373  0.000  0.014  0.976  0.000  0.000  0.000  0.000  0.000  0.000  0.990
   2.38870    -38.668627  0.000  0.017  0.972  0.000  0.000  0.000  0.000  0.000  0.000  0.990
   2.35505    -38.670044  0.000  0.023  0.966  0.000  0.000  0.000  0.000  0.000  0.000  0.990
   2.32141    -38.671583  0.000  0.036  0.952  0.000  0.000  0.000  0.000  0.000  0.000  0.990
   2.28777    -38.673126  0.000  0.072  0.918  0.000  0.000  0.000  0.000  0.000  0.000  0.989
   2.25412    -38.674268  0.000  0.213  0.775  0.000  0.000  0.000  0.000  0.000  0.000  0.989
   2.22048    -38.673018  0.000  0.690  0.297  0.000  0.000  0.000  0.000  0.000  0.000  0.987
   2.18684    -38.668166  0.000  0.922  0.065  0.000  0.000  0.000  0.000  0.000  0.000  0.989
   2.15319    -38.662006  0.000  0.965  0.021  0.000  0.000  0.000  0.000  0.000  0.000  0.989
   2.11955    -38.655358  0.000  0.978  0.009  0.000  0.000  0.000  0.000  0.000  0.000  0.989
   2.08590    -38.648424  0.000  0.983  0.005  0.000  0.000  0.000  0.000  0.000  0.000  0.990
   2.05226    -38.641251  0.000  0.985  0.003  0.000  0.000  0.000  0.000  0.000  0.000  0.990
   2.01862    -38.633940  0.000  0.987  0.002  0.000  0.000  0.000  0.000  0.000  0.000  0.988
   1.98497    -38.626549  0.000  0.988  0.001  0.000  0.000  0.000  0.000  0.000  0.000  0.989
   1.95133    -38.619092  0.000  0.988  0.001  0.000  0.000  0.000  0.000  0.000  0.000  0.989
   1.91769    -38.611654  0.000  0.989  0.000  0.000  0.000  0.000  0.000  0.000  0.000  0.990
   1.88404    -38.604266  0.000  0.990  0.000  0.000  0.000  0.000  0.000  0.000  0.000  0.990
   1.85040    -38.596985  0.000  0.990  0.000  0.000  0.000  0.000  0.000  0.000  0.000  0.990
   1.81676    -38.589862  0.000  0.991  0.000  0.000  0.000  0.000  0.000  0.000  0.000  0.991
   1.78311    -38.582942  0.000  0.991  0.000  0.000  0.000  0.000  0.000  0.000  0.000  0.991
   1.74947    -38.576257  0.000  0.991  0.000  0.000  0.000  0.000  0.000  0.000  0.000  0.991
   1.71582    -38.569880  0.000  0.992  0.000  0.000  0.000  0.000  0.000  0.000  0.000  0.992
   1.68218    -38.563830  0.000  0.992  0.000  0.000  0.000  0.000  0.000  0.000  0.000  0.992
   1.64854    -38.558180  0.000  0.992  0.000  0.000  0.000  0.000  0.000  0.000  0.000  0.992
   1.61489    -38.552935  0.000  0.993  0.000  0.000  0.000  0.000  0.000  0.000  0.000  0.993
   1.58125    -38.548136  0.000  0.993  0.000  0.000  0.000  0.000  0.000  0.000  0.000  0.993
   1.54761    -38.543842  0.000  0.993  0.000  0.000  0.000  0.000  0.000  0.000  0.000  0.993
   1.51396    -38.540080  0.000  0.993  0.000  0.000  0.000  0.000  0.000  0.000  0.000  0.993
   1.48032    -38.536825  0.000  0.993  0.000  0.000  0.000  0.000  0.000  0.000  0.000  0.994
   1.44668    -38.534146  0.000  0.992  0.000  0.001  0.000  0.000  0.000  0.000  0.000  0.994
   1.41303    -38.532039  0.000  0.989  0.000  0.005  0.000  0.000  0.000  0.000  0.000  0.994
   1.37939    -38.530541  0.000  0.937  0.000  0.057  0.000  0.000  0.000  0.000  0.000  0.994
   1.34574    -38.529898  0.000  0.135  0.000  0.859  0.000  0.000  0.000  0.000  0.000  0.994
   1.31210    -38.529810  0.000  0.050  0.000  0.944  0.000  0.000  0.000  0.000  0.000  0.994
   1.31210    -38.529810  0.000  0.050  0.000  0.944  0.000  0.000  0.000  0.000  0.000  0.994
   1.27846    -38.529898  0.000  0.135  0.000  0.859  0.000  0.000  0.000  0.000  0.000  0.994
   1.24481    -38.530541  0.000  0.937  0.000  0.057  0.000  0.000  0.000  0.000  0.000  0.994
   1.21117    -38.532038  0.000  0.989  0.000  0.005  0.000  0.000  0.000  0.000  0.000  0.994
   1.17753    -38.534144  0.000  0.992  0.000  0.001  0.000  0.000  0.000  0.000  0.000  0.994
   1.14388    -38.536813  0.000  0.993  0.000  0.000  0.000  0.000  0.000  0.000  0.000  0.994
   1.11024    -38.540069  0.000  0.993  0.000  0.000  0.000  0.000  0.000  0.000  0.000  0.993
   1.07660    -38.543843  0.000  0.993  0.000  0.000  0.000  0.000  0.000  0.000  0.000  0.993
   1.04295    -38.548140  0.000  0.993  0.000  0.000  0.000  0.000  0.000  0.000  0.000  0.993
   1.00931    -38.552947  0.000  0.993  0.000  0.000  0.000  0.000  0.000  0.000  0.000  0.993
   0.97567    -38.558199  0.000  0.992  0.000  0.000  0.000  0.000  0.000  0.000  0.000  0.992
   0.94202    -38.563842  0.000  0.992  0.000  0.000  0.000  0.000  0.000  0.000  0.000  0.992
   0.90838    -38.569882  0.000  0.992  0.000  0.000  0.000  0.000  0.000  0.000  0.000  0.992
   0.87473    -38.576247  0.000  0.991  0.000  0.000  0.000  0.000  0.000  0.000  0.000  0.991
   0.84109    -38.582919  0.000  0.991  0.000  0.000  0.000  0.000  0.000  0.000  0.000  0.991
   0.80745    -38.589829  0.000  0.990  0.000  0.000  0.000  0.000  0.000  0.000  0.000  0.991
   0.77380    -38.596947  0.000  0.990  0.000  0.000  0.000  0.000  0.000  0.000  0.000  0.990
   0.74016    -38.604222  0.000  0.989  0.001  0.000  0.000  0.000  0.000  0.000  0.000  0.990
   0.70652    -38.611605  0.000  0.989  0.001  0.000  0.000  0.000  0.000  0.000  0.000  0.990
   0.67287    -38.619037  0.000  0.988  0.001  0.000  0.000  0.000  0.000  0.000  0.000  0.989
   0.63923    -38.626480  0.000  0.987  0.002  0.000  0.000  0.000  0.000  0.000  0.000  0.989
   0.60559    -38.633859  0.000  0.985  0.003  0.000  0.000  0.000  0.000  0.000  0.000  0.988
   0.57194    -38.641142  0.000  0.983  0.005  0.000  0.000  0.000  0.000  0.000  0.000  0.990
   0.53830    -38.648283  0.000  0.980  0.008  0.000  0.000  0.000  0.000  0.000  0.000  0.990
   0.50465    -38.655193  0.000  0.973  0.015  0.000  0.000  0.000  0.000  0.000  0.000  0.989
   0.47101    -38.661786  0.000  0.956  0.031  0.000  0.000  0.000  0.000  0.000  0.000  0.989
   0.43737    -38.667822  0.000  0.900  0.087  0.000  0.000  0.000  0.000  0.000  0.000  0.989
   0.40372    -38.672463  0.000  0.664  0.324  0.000  0.000  0.000  0.000  0.000  0.000  0.988
   0.37008    -38.673818  0.000  0.239  0.750  0.000  0.000  0.000  0.000  0.000  0.000  0.989
   0.33644    -38.672872  0.000  0.086  0.904  0.000  0.000  0.000  0.000  0.000  0.000  0.989
   0.30279    -38.671430  0.000  0.043  0.946  0.000  0.000  0.000  0.000  0.000  0.000  0.990
   0.26915    -38.669950  0.000  0.027  0.962  0.000  0.000  0.000  0.000  0.000  0.000  0.990
   0.23551    -38.668563  0.000  0.019  0.971  0.000  0.000  0.000  0.000  0.000  0.000  0.990
   0.20186    -38.667335  0.000  0.015  0.975  0.000  0.000  0.000  0.000  0.000  0.000  0.990
   0.16822    -38.666271  0.000  0.012  0.977  0.000  0.000  0.000  0.000  0.000  0.000  0.990
   0.13457    -38.665366  0.000  0.011  0.979  0.000  0.000  0.000  0.000  0.000  0.000  0.990
   0.10093    -38.664662  0.000  0.009  0.980  0.000  0.000  0.000  0.000  0.000  0.000  0.991
   0.06729    -38.664150  0.000  0.009  0.981  0.000  0.000  0.000  0.000  0.000  0.000  0.990
   0.03364    -38.663854  0.000  0.008  0.981  0.000  0.000  0.000  0.000  0.000  0.000  0.990
   0.00000    -38.663744  0.000  0.008  0.981  0.000  0.000  0.000  0.000  0.000  0.000  0.990
 
# Band-Index:    5
   0.00000    -38.571898  0.000  0.000  0.000  0.992  0.000  0.000  0.000  0.000  0.000  0.992
   0.03364    -38.571842  0.000  0.000  0.000  0.992  0.000  0.000  0.000  0.000  0.000  0.992
   0.06729    -38.571636  0.000  0.000  0.000  0.992  0.000  0.000  0.000  0.000  0.000  0.992
   0.10093    -38.571297  0.000  0.000  0.000  0.992  0.000  0.000  0.000  0.000  0.000  0.992
   0.13457    -38.570831  0.000  0.000  0.000  0.992  0.000  0.000  0.000  0.000  0.000  0.992
   0.16822    -38.570244  0.000  0.000  0.000  0.992  0.000  0.000  0.000  0.000  0.000  0.992
   0.20186    -38.569517  0.000  0.000  0.000  0.992  0.000  0.000  0.000  0.000  0.000  0.992
   0.23551    -38.568670  0.000  0.000  0.000  0.992  0.000  0.000  0.000  0.000  0.000  0.992
   0.26915    -38.567707  0.000  0.000  0.000  0.992  0.000  0.000  0.000  0.000  0.000  0.992
   0.30279    -38.566643  0.000  0.000  0.000  0.992  0.000  0.000  0.000  0.000  0.000  0.992
   0.33644    -38.565468  0.000  0.000  0.000  0.993  0.000  0.000  0.000  0.000  0.000  0.993
   0.37008    -38.564197  0.000  0.000  0.000  0.993  0.000  0.000  0.000  0.000  0.000  0.993
   0.40372    -38.562852  0.000  0.000  0.000  0.993  0.000  0.000  0.000  0.000  0.000  0.993
   0.43737    -38.561436  0.000  0.000  0.000  0.993  0.000  0.000  0.000  0.000  0.000  0.993
   0.47101    -38.559927  0.000  0.000  0.000  0.993  0.000  0.000  0.000  0.000  0.000  0.993
   0.50465    -38.558353  0.000  0.000  0.000  0.993  0.000  0.000  0.000  0.000  0.000  0.993
   0.53830    -38.556749  0.000  0.000  0.000  0.993  0.000  0.000  0.000  0.000  0.000  0.993
   0.57194    -38.555105  0.000  0.000  0.000  0.993  0.000  0.000  0.000  0.000  0.000  0.993
   0.60559    -38.553431  0.000  0.000  0.000  0.993  0.000  0.000  0.000  0.000  0.000  0.993
   0.63923    -38.551747  0.000  0.000  0.000  0.993  0.000  0.000  0.000  0.000  0.000  0.993
   0.67287    -38.550053  0.000  0.000  0.000  0.993  0.000  0.000  0.000  0.000  0.000  0.993
   0.70652    -38.548357  0.000  0.000  0.000  0.993  0.000  0.000  0.000  0.000  0.000  0.993
   0.74016    -38.546674  0.000  0.000  0.000  0.993  0.000  0.000  0.000  0.000  0.000  0.993
   0.77380    -38.545024  0.000  0.000  0.000  0.993  0.000  0.000  0.000  0.000  0.000  0.993
   0.80745    -38.543411  0.000  0.000  0.000  0.993  0.000  0.000  0.000  0.000  0.000  0.993
   0.84109    -38.541837  0.000  0.000  0.000  0.994  0.000  0.000  0.000  0.000  0.000  0.994
   0.87473    -38.540330  0.000  0.000  0.000  0.994  0.000  0.000  0.000  0.000  0.000  0.994
   0.90838    -38.538892  0.000  0.000  0.000  0.994  0.000  0.000  0.000  0.000  0.000  0.994
   0.94202    -38.537529  0.000  0.000  0.000  0.994  0.000  0.000  0.000  0.000  0.000  0.994
   0.97567    -38.536267  0.000  0.000  0.000  0.994  0.000  0.000  0.000  0.000  0.000  0.994
   1.00931    -38.535087  0.000  0.000  0.000  0.994  0.000  0.000  0.000  0.000  0.000  0.994
   1.04295    -38.534009  0.000  0.000  0.000  0.994  0.000  0.000  0.000  0.000  0.000  0.994
   1.07660    -38.533047  0.000  0.000  0.000  0.994  0.000  0.000  0.000  0.000  0.000  0.994
   1.11024    -38.532202  0.000  0.000  0.000  0.994  0.000  0.000  0.000  0.000  0.000  0.994
   1.14388    -38.531469  0.000  0.000  0.000  0.993  0.000  0.000  0.000  0.000  0.000  0.994
   1.17753    -38.530866  0.000  0.001  0.000  0.993  0.000  0.000  0.000  0.000  0.000  0.994
   1.21117    -38.530388  0.000  0.005  0.000  0.989  0.000  0.000  0.000  0.000  0.000  0.994
   1.24481    -38.530027  0.000  0.057  0.000  0.937  0.000  0.000  0.000  0.000  0.000  0.994
   1.27846    -38.529549  0.000  0.859  0.000  0.135  0.000  0.000  0.000  0.000  0.000  0.994
   1.31210    -38.529264  0.000  0.944  0.000  0.050  0.000  0.000  0.000  0.000  0.000  0.994
   1.31210    -38.529264  0.000  0.944  0.000  0.050  0.000  0.000  0.000  0.000  0.000  0.994
   1.34574    -38.529550  0.000  0.859  0.000  0.135  0.000  0.000  0.000  0.000  0.000  0.994
   1.37939    -38.530026  0.000  0.057  0.000  0.937  0.000  0.000  0.000  0.000  0.000  0.994
   1.41303    -38.530387  0.000  0.005  0.000  0.989  0.000  0.000  0.000  0.000  0.000  0.994
   1.44668    -38.530865  0.000  0.001  0.000  0.993  0.000  0.000  0.000  0.000  0.000  0.994
   1.48032    -38.531468  0.000  0.000  0.000  0.993  0.000  0.000  0.000  0.000  0.000  0.994
   1.51396    -38.532200  0.000  0.000  0.000  0.994  0.000  0.000  0.000  0.000  0.000  0.994
   1.54761    -38.533043  0.000  0.000  0.000  0.994  0.000  0.000  0.000  0.000  0.000  0.994
   1.58125    -38.534005  0.000  0.000  0.000  0.994  0.000  0.000  0.000  0.000  0.000  0.994
   1.61489    -38.535082  0.000  0.000  0.000  0.994  0.000  0.000  0.000  0.000  0.000  0.994
   1.64854    -38.536261  0.000  0.000  0.000  0.994  0.000  0.000  0.000  0.000  0.000  0.994
   1.68218    -38.537517  0.000  0.000  0.000  0.994  0.000  0.000  0.000  0.000  0.000  0.994
   1.71582    -38.538883  0.000  0.000  0.000  0.994  0.000  0.000  0.000  0.000  0.000  0.994
   1.74947    -38.540321  0.000  0.000  0.000  0.994  0.000  0.000  0.000  0.000  0.000  0.994
   1.78311    -38.541828  0.000  0.000  0.000  0.994  0.000  0.000  0.000  0.000  0.000  0.994
   1.81676    -38.543411  0.000  0.000  0.000  0.993  0.000  0.000  0.000  0.000  0.000  0.993
   1.85040    -38.545023  0.000  0.000  0.000  0.993  0.000  0.000  0.000  0.000  0.000  0.993
   1.88404    -38.546673  0.000  0.000  0.000  0.993  0.000  0.000  0.000  0.000  0.000  0.993
   1.91769    -38.548349  0.000  0.000  0.000  0.993  0.000  0.000  0.000  0.000  0.000  0.993
   1.95133    -38.550055  0.000  0.000  0.000  0.993  0.000  0.000  0.000  0.000  0.000  0.993
   1.98497    -38.551750  0.000  0.000  0.000  0.993  0.000  0.000  0.000  0.000  0.000  0.993
   2.01862    -38.553433  0.000  0.000  0.000  0.993  0.000  0.000  0.000  0.000  0.000  0.993
   2.05226    -38.555108  0.000  0.000  0.000  0.993  0.000  0.000  0.000  0.000  0.000  0.993
   2.08590    -38.556755  0.000  0.000  0.000  0.993  0.000  0.000  0.000  0.000  0.000  0.993
   2.11955    -38.558360  0.000  0.000  0.000  0.993  0.000  0.000  0.000  0.000  0.000  0.993
   2.15319    -38.559920  0.000  0.000  0.000  0.993  0.000  0.000  0.000  0.000  0.000  0.993
   2.18684    -38.561423  0.000  0.000  0.000  0.993  0.000  0.000  0.000  0.000  0.000  0.993
   2.22048    -38.562846  0.000  0.000  0.000  0.993  0.000  0.000  0.000  0.000  0.000  0.993
   2.25412    -38.564196  0.000  0.000  0.000  0.993  0.000  0.000  0.000  0.000  0.000  0.993
   2.28777    -38.565466  0.000  0.000  0.000  0.993  0.000  0.000  0.000  0.000  0.000  0.993
   2.32141    -38.566648  0.000  0.000  0.000  0.992  0.000  0.000  0.000  0.000  0.000  0.992
   2.35505    -38.567707  0.000  0.000  0.000  0.992  0.000  0.000  0.000  0.000  0.000  0.992
   2.38870    -38.568668  0.000  0.000  0.000  0.992  0.000  0.000  0.000  0.000  0.000  0.992
   2.42234    -38.569515  0.000  0.000  0.000  0.992  0.000  0.000  0.000  0.000  0.000  0.992
   2.45598    -38.570240  0.000  0.000  0.000  0.992  0.000  0.000  0.000  0.000  0.000  0.992
   2.48963    -38.570832  0.000  0.000  0.000  0.992  0.000  0.000  0.000  0.000  0.000  0.992
   2.52327    -38.571295  0.000  0.000  0.000  0.992  0.000  0.000  0.000  0.000  0.000  0.992
   2.55692    -38.571635  0.000  0.000  0.000  0.992  0.000  0.000  0.000  0.000  0.000  0.992
   2.59056    -38.571841  0.000  0.000  0.000  0.992  0.000  0.000  0.000  0.000  0.000  0.992
   2.62420    -38.571898  0.000  0.000  0.000  0.992  0.000  0.000  0.000  0.000  0.000  0.992
 
# Band-Index:    6
   2.62420    -36.256669  0.000  0.010  0.979  0.000  0.000  0.000  0.000  0.000  0.000  0.989
   2.59056    -36.256700  0.000  0.009  0.979  0.000  0.000  0.000  0.000  0.000  0.000  0.989
   2.55692    -36.256718  0.000  0.009  0.979  0.000  0.000  0.000  0.000  0.000  0.000  0.989
   2.52327    -36.256765  0.000  0.009  0.979  0.000  0.000  0.000  0.000  0.000  0.000  0.989
   2.48963    -36.256833  0.000  0.008  0.980  0.000  0.000  0.000  0.000  0.000  0.000  0.989
   2.45598    -36.256934  0.000  0.007  0.982  0.000  0.000  0.000  0.000  0.000  0.000  0.989
   2.42234    -36.257039  0.000  0.006  0.982  0.000  0.000  0.000  0.000  0.000  0.000  0.988
   2.38870    -36.257167  0.000  0.005  0.983  0.000  0.000  0.000  0.000  0.000  0.000  0.989
   2.35505    -36.257329  0.000  0.004  0.983  0.000  0.000  0.000  0.000  0.000  0.000  0.989
   2.32141    -36.257522  0.000  0.004  0.985  0.000  0.000  0.000  0.000  0.000  0.000  0.988
   2.28777    -36.257715  0.000  0.003  0.985  0.000  0.000  0.000  0.000  0.000  0.000  0.989
   2.25412    -36.257942  0.000  0.002  0.986  0.000  0.000  0.000  0.000  0.000  0.000  0.990
   2.22048    -36.258186  0.000  0.002  0.986  0.000  0.000  0.000  0.000  0.000  0.000  0.991
   2.18684    -36.258438  0.000  0.002  0.987  0.000  0.000  0.000  0.000  0.000  0.000  0.990
   2.15319    -36.258671  0.000  0.001  0.987  0.000  0.000  0.000  0.000  0.000  0.000  0.991
   2.11955    -36.258911  0.000  0.001  0.987  0.000  0.000  0.000  0.000  0.000  0.000  0.990
   2.08590    -36.259158  0.000  0.001  0.987  0.000  0.000  0.000  0.000  0.000  0.000  0.991
   2.05226    -36.259385  0.000  0.001  0.987  0.000  0.000  0.000  0.000  0.000  0.000  0.990
   2.01862    -36.259614  0.002  0.000  0.987  0.000  0.000  0.000  0.000  0.000  0.000  0.990
   1.98497    -36.259836  0.002  0.000  0.987  0.000  0.000  0.000  0.000  0.000  0.000  0.990
   1.95133    -36.260042  0.002  0.000  0.988  0.000  0.000  0.000  0.000  0.000  0.000  0.990
   1.91769    -36.260223  0.002  0.000  0.987  0.000  0.000  0.000  0.000  0.000  0.000  0.990
   1.88404    -36.260385  0.002  0.000  0.988  0.000  0.000  0.000  0.000  0.000  0.000  0.990
   1.85040    -36.260535  0.002  0.000  0.987  0.000  0.000  0.000  0.000  0.000  0.000  0.990
   1.81676    -36.260668  0.002  0.000  0.987  0.000  0.000  0.000  0.000  0.000  0.000  0.990
   1.78311    -36.260765  0.002  0.000  0.988  0.000  0.000  0.000  0.000  0.000  0.000  0.990
   1.74947    -36.260857  0.002  0.000  0.987  0.000  0.000  0.000  0.000  0.000  0.000  0.989
   1.71582    -36.260937  0.002  0.000  0.988  0.000  0.000  0.000  0.000  0.000  0.000  0.990
   1.68218    -36.261002  0.002  0.000  0.987  0.000  0.000  0.000  0.000  0.000  0.000  0.989
   1.64854    -36.261054  0.002  0.000  0.988  0.000  0.000  0.000  0.000  0.000  0.000  0.990
   1.61489    -36.261090  0.002  0.000  0.987  0.000  0.000  0.000  0.000  0.000  0.000  0.989
   1.58125    -36.261109  0.002  0.000  0.988  0.000  0.000  0.000  0.000  0.000  0.000  0.990
   1.54761    -36.261144  0.002  0.000  0.987  0.000  0.000  0.000  0.000  0.000  0.000  0.989
   1.51396    -36.261164  0.002  0.000  0.987  0.000  0.000  0.000  0.000  0.000  0.000  0.989
   1.48032    -36.261171  0.002  0.000  0.988  0.000  0.000  0.000  0.000  0.000  0.000  0.990
   1.44668    -36.261198  0.002  0.000  0.988  0.000  0.000  0.000  0.000  0.000  0.000  0.990
   1.41303    -36.261200  0.002  0.000  0.987  0.000  0.000  0.000  0.000  0.000  0.000  0.989
   1.37939    -36.261207  0.002  0.000  0.987  0.000  0.000  0.000  0.000  0.000  0.000  0.989
   1.34574    -36.261214  0.002  0.000  0.987  0.000  0.000  0.000  0.000  0.000  0.000  0.989
   1.31210    -36.261214  0.002  0.000  0.987  0.000  0.000  0.000  0.000  0.000  0.000  0.989
   1.31210    -36.261214  0.002  0.000  0.987  0.000  0.000  0.000  0.000  0.000  0.000  0.989
   1.27846    -36.261214  0.002  0.000  0.987  0.000  0.000  0.000  0.000  0.000  0.000  0.989
   1.24481    -36.261207  0.002  0.000  0.987  0.000  0.000  0.000  0.000  0.000  0.000  0.989
   1.21117    -36.261200  0.002  0.000  0.987  0.000  0.000  0.000  0.000  0.000  0.000  0.989
   1.17753    -36.261199  0.002  0.000  0.988  0.000  0.000  0.000  0.000  0.000  0.000  0.990
   1.14388    -36.261173  0.002  0.000  0.988  0.000  0.000  0.000  0.000  0.000  0.000  0.990
   1.11024    -36.261166  0.002  0.000  0.987  0.000  0.000  0.000  0.000  0.000  0.000  0.989
   1.07660    -36.261142  0.002  0.000  0.987  0.000  0.000  0.000  0.000  0.000  0.000  0.989
   1.04295    -36.261111  0.002  0.000  0.988  0.000  0.000  0.000  0.000  0.000  0.000  0.990
   1.00931    -36.261096  0.002  0.000  0.987  0.000  0.000  0.000  0.000  0.000  0.000  0.989
   0.97567    -36.261067  0.002  0.000  0.988  0.000  0.000  0.000  0.000  0.000  0.000  0.990
   0.94202    -36.261018  0.002  0.000  0.987  0.000  0.000  0.000  0.000  0.000  0.000  0.989
   0.90838    -36.260958  0.002  0.000  0.988  0.000  0.000  0.000  0.000  0.000  0.000  0.990
   0.87473    -36.260882  0.002  0.000  0.987  0.000  0.000  0.000  0.000  0.000  0.000  0.989
   0.84109    -36.260793  0.002  0.000  0.988  0.000  0.000  0.000  0.000  0.000  0.000  0.990
   0.80745    -36.260691  0.002  0.000  0.987  0.000  0.000  0.000  0.000  0.000  0.000  0.990
   0.77380    -36.260563  0.002  0.000  0.987  0.000  0.000  0.000  0.000  0.000  0.000  0.990
   0.74016    -36.260418  0.002  0.000  0.987  0.000  0.000  0.000  0.000  0.000  0.000  0.990
   0.70652    -36.260258  0.002  0.000  0.987  0.000  0.000  0.000  0.000  0.000  0.000  0.990
   0.67287    -36.260076  0.002  0.001  0.988  0.000  0.000  0.000  0.000  0.000  0.000  0.990
   0.63923    -36.259879  0.002  0.001  0.987  0.000  0.000  0.000  0.000  0.000  0.000  0.990
   0.60559    -36.259663  0.002  0.001  0.987  0.000  0.000  0.000  0.000  0.000  0.000  0.990
   0.57194    -36.259441  0.000  0.001  0.987  0.000  0.000  0.000  0.000  0.000  0.000  0.990
   0.53830    -36.259206  0.000  0.001  0.986  0.000  0.000  0.000  0.000  0.000  0.000  0.991
   0.50465    -36.258957  0.000  0.002  0.987  0.000  0.000  0.000  0.000  0.000  0.000  0.990
   0.47101    -36.258724  0.000  0.002  0.986  0.000  0.000  0.000  0.000  0.000  0.000  0.990
   0.43737    -36.258496  0.000  0.002  0.986  0.000  0.000  0.000  0.000  0.000  0.000  0.990
   0.40372    -36.258257  0.000  0.003  0.985  0.000  0.000  0.000  0.000  0.000  0.000  0.991
   0.37008    -36.258016  0.000  0.003  0.985  0.000  0.000  0.000  0.000  0.000  0.000  0.991
   0.33644    -36.257796  0.000  0.004  0.984  0.000  0.000  0.000  0.000  0.000  0.000  0.991
   0.30279    -36.257601  0.000  0.004  0.984  0.000  0.000  0.000  0.000  0.000  0.000  0.988
   0.26915    -36.257405  0.000  0.005  0.983  0.000  0.000  0.000  0.000  0.000  0.000  0.989
   0.23551    -36.257235  0.000  0.006  0.982  0.000  0.000  0.000  0.000  0.000  0.000  0.989
   0.20186    -36.257108  0.000  0.007  0.982  0.000  0.000  0.000  0.000  0.000  0.000  0.988
   0.16822    -36.256990  0.000  0.007  0.981  0.000  0.000  0.000  0.000  0.000  0.000  0.989
   0.13457    -36.256877  0.000  0.008  0.980  0.000  0.000  0.000  0.000  0.000  0.000  0.989
   0.10093    -36.256792  0.000  0.009  0.979  0.000  0.000  0.000  0.000  0.000  0.000  0.989
   0.06729    -36.256727  0.000  0.009  0.979  0.000  0.000  0.000  0.000  0.000  0.000  0.989
   0.03364    -36.256702  0.000  0.009  0.979  0.000  0.000  0.000  0.000  0.000  0.000  0.989
   0.00000    -36.256669  0.000  0.010  0.979  0.000  0.000  0.000  0.000  0.000  0.000  0.989
 
# Band-Index:    7
   0.00000    -36.181118  0.002  0.972  0.010  0.000  0.000  0.000  0.000  0.000  0.000  0.984
   0.03364    -36.180793  0.002  0.972  0.010  0.000  0.000  0.000  0.000  0.000  0.000  0.984
   0.06729    -36.179785  0.002  0.973  0.009  0.000  0.000  0.000  0.000  0.000  0.000  0.984
   0.10093    -36.178164  0.002  0.973  0.009  0.000  0.000  0.000  0.000  0.000  0.000  0.984
   0.13457    -36.175918  0.002  0.974  0.008  0.000  0.000  0.000  0.000  0.000  0.000  0.984
   0.16822    -36.173061  0.002  0.975  0.008  0.000  0.000  0.000  0.000  0.000  0.000  0.984
   0.20186    -36.169541  0.002  0.976  0.007  0.000  0.000  0.000  0.000  0.000  0.000  0.984
   0.23551    -36.165466  0.002  0.977  0.006  0.000  0.000  0.000  0.000  0.000  0.000  0.985
   0.26915    -36.160834  0.002  0.978  0.005  0.000  0.000  0.000  0.000  0.000  0.000  0.985
   0.30279    -36.155677  0.002  0.979  0.004  0.000  0.000  0.000  0.000  0.000  0.000  0.985
   0.33644    -36.150025  0.002  0.980  0.004  0.000  0.000  0.000  0.000  0.000  0.000  0.985
   0.37008    -36.143888  0.002  0.981  0.003  0.000  0.000  0.000  0.000  0.000  0.000  0.986
   0.40372    -36.137333  0.002  0.981  0.003  0.000  0.000  0.000  0.000  0.000  0.000  0.986
   0.43737    -36.130393  0.002  0.982  0.002  0.000  0.000  0.000  0.000  0.000  0.000  0.987
   0.47101    -36.123087  0.002  0.983  0.002  0.000  0.000  0.000  0.000  0.000  0.000  0.987
   0.50465    -36.115498  0.002  0.984  0.002  0.000  0.000  0.000  0.000  0.000  0.000  0.987
   0.53830    -36.107685  0.002  0.985  0.001  0.000  0.000  0.000  0.000  0.000  0.000  0.988
   0.57194    -36.099656  0.002  0.985  0.001  0.000  0.000  0.000  0.000  0.000  0.000  0.988
   0.60559    -36.091508  0.002  0.986  0.001  0.000  0.000  0.000  0.000  0.000  0.000  0.989
   0.63923    -36.083263  0.000  0.986  0.001  0.000  0.000  0.000  0.000  0.000  0.000  0.989
   0.67287    -36.074964  0.000  0.987  0.001  0.000  0.000  0.000  0.000  0.000  0.000  0.990
   0.70652    -36.066690  0.000  0.988  0.000  0.000  0.000  0.000  0.000  0.000  0.000  0.990
   0.74016    -36.058469  0.000  0.988  0.000  0.000  0.000  0.000  0.000  0.000  0.000  0.991
   0.77380    -36.050377  0.000  0.989  0.000  0.000  0.000  0.000  0.000  0.000  0.000  0.989
   0.80745    -36.042458  0.000  0.989  0.000  0.000  0.000  0.000  0.000  0.000  0.000  0.990
   0.84109    -36.034780  0.000  0.990  0.000  0.000  0.000  0.000  0.000  0.000  0.000  0.990
   0.87473    -36.027367  0.000  0.990  0.000  0.000  0.000  0.000  0.000  0.000  0.000  0.990
   0.90838    -36.020301  0.000  0.991  0.000  0.000  0.000  0.000  0.000  0.000  0.000  0.991
   0.94202    -36.013593  0.000  0.991  0.000  0.000  0.000  0.000  0.000  0.000  0.000  0.991
   0.97567    -36.007322  0.000  0.992  0.000  0.000  0.000  0.000  0.000  0.000  0.000  0.992
   1.00931    -36.001483  0.000  0.992  0.000  0.000  0.000  0.000  0.000  0.000  0.000  0.992
   1.04295    -35.996136  0.000  0.992  0.000  0.000  0.000  0.000  0.000  0.000  0.000  0.992
   1.07660    -35.991359  0.000  0.993  0.000  0.000  0.000  0.000  0.000  0.000  0.000  0.993
   1.11024    -35.987164  0.000  0.993  0.000  0.000  0.000  0.000  0.000  0.000  0.000  0.993
   1.14388    -35.983551  0.000  0.993  0.000  0.000  0.000  0.000  0.000  0.000  0.000  0.993
   1.17753    -35.980588  0.000  0.993  0.000  0.000  0.000  0.000  0.000  0.000  0.000  0.993
   1.21117    -35.978242  0.000  0.993  0.000  0.000  0.000  0.000  0.000  0.000  0.000  0.993
   1.24481    -35.976555  0.000  0.992  0.000  0.001  0.000  0.000  0.000  0.000  0.000  0.994
   1.27846    -35.975546  0.000  0.953  0.000  0.041  0.000  0.000  0.000  0.000  0.000  0.994
   1.31210    -35.975330  0.000  0.053  0.000  0.941  0.000  0.000  0.000  0.000  0.000  0.994
   1.31210    -35.975330  0.000  0.053  0.000  0.941  0.000  0.000  0.000  0.000  0.000  0.994
   1.34574    -35.975546  0.000  0.953  0.000  0.041  0.000  0.000  0.000  0.000  0.000  0.994
   1.37939    -35.976554  0.000  0.992  0.000  0.001  0.000  0.000  0.000  0.000  0.000  0.994
   1.41303    -35.978241  0.000  0.993  0.000  0.000  0.000  0.000  0.000  0.000  0.000  0.993
   1.44668    -35.980587  0.000  0.993  0.000  0.000  0.000  0.000  0.000  0.000  0.000  0.993
   1.48032    -35.983559  0.000  0.993  0.000  0.000  0.000  0.000  0.000  0.000  0.000  0.993
   1.51396    -35.987178  0.000  0.993  0.000  0.000  0.000  0.000  0.000  0.000  0.000  0.993
   1.54761    -35.991351  0.000  0.993  0.000  0.000  0.000  0.000  0.000  0.000  0.000  0.993
   1.58125    -35.996120  0.000  0.992  0.000  0.000  0.000  0.000  0.000  0.000  0.000  0.992
   1.61489    -36.001458  0.000  0.992  0.000  0.000  0.000  0.000  0.000  0.000  0.000  0.992
   1.64854    -36.007289  0.000  0.992  0.000  0.000  0.000  0.000  0.000  0.000  0.000  0.992
   1.68218    -36.013571  0.000  0.991  0.000  0.000  0.000  0.000  0.000  0.000  0.000  0.991
   1.71582    -36.020298  0.000  0.991  0.000  0.000  0.000  0.000  0.000  0.000  0.000  0.991
   1.74947    -36.027393  0.000  0.990  0.000  0.000  0.000  0.000  0.000  0.000  0.000  0.990
   1.78311    -36.034822  0.000  0.990  0.000  0.000  0.000  0.000  0.000  0.000  0.000  0.990
   1.81676    -36.042514  0.000  0.989  0.000  0.000  0.000  0.000  0.000  0.000  0.000  0.990
   1.85040    -36.050431  0.000  0.989  0.000  0.000  0.000  0.000  0.000  0.000  0.000  0.989
   1.88404    -36.058529  0.000  0.988  0.000  0.000  0.000  0.000  0.000  0.000  0.000  0.991
   1.91769    -36.066748  0.000  0.988  0.000  0.000  0.000  0.000  0.000  0.000  0.000  0.990
   1.95133    -36.075027  0.000  0.987  0.000  0.000  0.000  0.000  0.000  0.000  0.000  0.990
   1.98497    -36.083337  0.000  0.987  0.000  0.000  0.000  0.000  0.000  0.000  0.000  0.989
   2.01862    -36.091568  0.002  0.986  0.000  0.000  0.000  0.000  0.000  0.000  0.000  0.989
   2.05226    -36.099726  0.002  0.986  0.001  0.000  0.000  0.000  0.000  0.000  0.000  0.988
   2.08590    -36.107758  0.002  0.985  0.001  0.000  0.000  0.000  0.000  0.000  0.000  0.988
   2.11955    -36.115562  0.002  0.984  0.001  0.000  0.000  0.000  0.000  0.000  0.000  0.987
   2.15319    -36.123137  0.002  0.984  0.001  0.000  0.000  0.000  0.000  0.000  0.000  0.987
   2.18684    -36.130429  0.002  0.983  0.002  0.000  0.000  0.000  0.000  0.000  0.000  0.987
   2.22048    -36.137369  0.002  0.982  0.002  0.000  0.000  0.000  0.000  0.000  0.000  0.986
   2.25412    -36.143931  0.002  0.981  0.003  0.000  0.000  0.000  0.000  0.000  0.000  0.986
   2.28777    -36.150068  0.002  0.980  0.003  0.000  0.000  0.000  0.000  0.000  0.000  0.985
   2.32141    -36.155720  0.002  0.979  0.004  0.000  0.000  0.000  0.000  0.000  0.000  0.985
   2.35505    -36.160855  0.002  0.978  0.005  0.000  0.000  0.000  0.000  0.000  0.000  0.985
   2.38870    -36.165481  0.002  0.977  0.005  0.000  0.000  0.000  0.000  0.000  0.000  0.985
   2.42234    -36.169538  0.002  0.976  0.006  0.000  0.000  0.000  0.000  0.000  0.000  0.984
   2.45598    -36.173074  0.002  0.975  0.007  0.000  0.000  0.000  0.000  0.000  0.000  0.984
   2.48963    -36.175932  0.002  0.974  0.008  0.000  0.000  0.000  0.000  0.000  0.000  0.984
   2.52327    -36.178172  0.002  0.973  0.009  0.000  0.000  0.000  0.000  0.000  0.000  0.984
   2.55692    -36.179789  0.002  0.973  0.009  0.000  0.000  0.000  0.000  0.000  0.000  0.984
   2.59056    -36.180795  0.002  0.972  0.010  0.000  0.000  0.000  0.000  0.000  0.000  0.984
   2.62420    -36.181118  0.002  0.972  0.010  0.000  0.000  0.000  0.000  0.000  0.000  0.984
 
# Band-Index:    8
   2.62420    -36.021399  0.000  0.000  0.000  0.992  0.000  0.000  0.000  0.000  0.000  0.992
   2.59056    -36.021337  0.000  0.000  0.000  0.992  0.000  0.000  0.000  0.000  0.000  0.992
   2.55692    -36.021107  0.000  0.000  0.000  0.992  0.000  0.000  0.000  0.000  0.000  0.992
   2.52327    -36.020735  0.000  0.000  0.000  0.992  0.000  0.000  0.000  0.000  0.000  0.992
   2.48963    -36.020226  0.000  0.000  0.000  0.992  0.000  0.000  0.000  0.000  0.000  0.992
   2.45598    -36.019584  0.000  0.000  0.000  0.992  0.000  0.000  0.000  0.000  0.000  0.992
   2.42234    -36.018792  0.000  0.000  0.000  0.992  0.000  0.000  0.000  0.000  0.000  0.992
   2.38870    -36.017854  0.000  0.000  0.000  0.992  0.000  0.000  0.000  0.000  0.000  0.992
   2.35505    -36.016801  0.000  0.000  0.000  0.992  0.000  0.000  0.000  0.000  0.000  0.992
   2.32141    -36.015637  0.000  0.000  0.000  0.992  0.000  0.000  0.000  0.000  0.000  0.992
   2.28777    -36.014338  0.000  0.000  0.000  0.992  0.000  0.000  0.000  0.000  0.000  0.992
   2.25412    -36.012942  0.000  0.000  0.000  0.992  0.000  0.000  0.000  0.000  0.000  0.992
   2.22048    -36.011465  0.000  0.000  0.000  0.992  0.000  0.000  0.000  0.000  0.000  0.992
   2.18684    -36.009905  0.000  0.000  0.000  0.992  0.000  0.000  0.000  0.000  0.000  0.992
   2.15319    -36.008255  0.000  0.000  0.000  0.992  0.000  0.000  0.000  0.000  0.000  0.992
   2.11955    -36.006534  0.000  0.000  0.000  0.992  0.000  0.000  0.000  0.000  0.000  0.992
   2.08590    -36.004776  0.000  0.000  0.000  0.992  0.000  0.000  0.000  0.000  0.000  0.992
   2.05226    -36.002967  0.000  0.000  0.000  0.992  0.000  0.000  0.000  0.000  0.000  0.992
   2.01862    -36.001134  0.000  0.000  0.000  0.992  0.000  0.000  0.000  0.000  0.000  0.992
   1.98497    -35.999293  0.000  0.000  0.000  0.993  0.000  0.000  0.000  0.000  0.000  0.993
   1.95133    -35.997437  0.000  0.000  0.000  0.993  0.000  0.000  0.000  0.000  0.000  0.993
   1.91769    -35.995571  0.000  0.000  0.000  0.993  0.000  0.000  0.000  0.000  0.000  0.993
   1.88404    -35.993730  0.000  0.000  0.000  0.993  0.000  0.000  0.000  0.000  0.000  0.993
   1.85040    -35.991927  0.000  0.000  0.000  0.993  0.000  0.000  0.000  0.000  0.000  0.993
   1.81676    -35.990164  0.000  0.000  0.000  0.993  0.000  0.000  0.000  0.000  0.000  0.993
   1.78311    -35.988441  0.000  0.000  0.000  0.993  0.000  0.000  0.000  0.000  0.000  0.993
   1.74947    -35.986795  0.000  0.000  0.000  0.993  0.000  0.000  0.000  0.000  0.000  0.993
   1.71582    -35.985229  0.000  0.000  0.000  0.993  0.000  0.000  0.000  0.000  0.000  0.993
   1.68218    -35.983741  0.000  0.000  0.000  0.993  0.000  0.000  0.000  0.000  0.000  0.993
   1.64854    -35.982380  0.000  0.000  0.000  0.993  0.000  0.000  0.000  0.000  0.000  0.993
   1.61489    -35.981094  0.000  0.000  0.000  0.993  0.000  0.000  0.000  0.000  0.000  0.993
   1.58125    -35.979919  0.000  0.000  0.000  0.993  0.000  0.000  0.000  0.000  0.000  0.993
   1.54761    -35.978872  0.000  0.000  0.000  0.993  0.000  0.000  0.000  0.000  0.000  0.993
   1.51396    -35.977955  0.000  0.000  0.000  0.993  0.000  0.000  0.000  0.000  0.000  0.993
   1.48032    -35.977161  0.000  0.000  0.000  0.993  0.000  0.000  0.000  0.000  0.000  0.994
   1.44668    -35.976504  0.000  0.000  0.000  0.993  0.000  0.000  0.000  0.000  0.000  0.994
   1.41303    -35.975987  0.000  0.000  0.000  0.993  0.000  0.000  0.000  0.000  0.000  0.994
   1.37939    -35.975619  0.000  0.001  0.000  0.993  0.000  0.000  0.000  0.000  0.000  0.994
   1.34574    -35.975391  0.000  0.041  0.000  0.953  0.000  0.000  0.000  0.000  0.000  0.994
   1.31210    -35.975192  0.000  0.941  0.000  0.053  0.000  0.000  0.000  0.000  0.000  0.994
   1.31210    -35.975192  0.000  0.941  0.000  0.053  0.000  0.000  0.000  0.000  0.000  0.994
   1.27846    -35.975391  0.000  0.041  0.000  0.953  0.000  0.000  0.000  0.000  0.000  0.994
   1.24481    -35.975618  0.000  0.001  0.000  0.993  0.000  0.000  0.000  0.000  0.000  0.994
   1.21117    -35.975986  0.000  0.000  0.000  0.993  0.000  0.000  0.000  0.000  0.000  0.994
   1.17753    -35.976502  0.000  0.000  0.000  0.993  0.000  0.000  0.000  0.000  0.000  0.994
   1.14388    -35.977152  0.000  0.000  0.000  0.993  0.000  0.000  0.000  0.000  0.000  0.994
   1.11024    -35.977952  0.000  0.000  0.000  0.993  0.000  0.000  0.000  0.000  0.000  0.993
   1.07660    -35.978871  0.000  0.000  0.000  0.993  0.000  0.000  0.000  0.000  0.000  0.993
   1.04295    -35.979916  0.000  0.000  0.000  0.993  0.000  0.000  0.000  0.000  0.000  0.993
   1.00931    -35.981092  0.000  0.000  0.000  0.993  0.000  0.000  0.000  0.000  0.000  0.993
   0.97567    -35.982379  0.000  0.000  0.000  0.993  0.000  0.000  0.000  0.000  0.000  0.993
   0.94202    -35.983760  0.000  0.000  0.000  0.993  0.000  0.000  0.000  0.000  0.000  0.993
   0.90838    -35.985247  0.000  0.000  0.000  0.993  0.000  0.000  0.000  0.000  0.000  0.993
   0.87473    -35.986822  0.000  0.000  0.000  0.993  0.000  0.000  0.000  0.000  0.000  0.993
   0.84109    -35.988467  0.000  0.000  0.000  0.993  0.000  0.000  0.000  0.000  0.000  0.993
   0.80745    -35.990183  0.000  0.000  0.000  0.993  0.000  0.000  0.000  0.000  0.000  0.993
   0.77380    -35.991944  0.000  0.000  0.000  0.993  0.000  0.000  0.000  0.000  0.000  0.993
   0.74016    -35.993747  0.000  0.000  0.000  0.993  0.000  0.000  0.000  0.000  0.000  0.993
   0.70652    -35.995599  0.000  0.000  0.000  0.993  0.000  0.000  0.000  0.000  0.000  0.993
   0.67287    -35.997452  0.000  0.000  0.000  0.993  0.000  0.000  0.000  0.000  0.000  0.993
   0.63923    -35.999318  0.000  0.000  0.000  0.993  0.000  0.000  0.000  0.000  0.000  0.993
   0.60559    -36.001157  0.000  0.000  0.000  0.992  0.000  0.000  0.000  0.000  0.000  0.992
   0.57194    -36.002989  0.000  0.000  0.000  0.992  0.000  0.000  0.000  0.000  0.000  0.992
   0.53830    -36.004785  0.000  0.000  0.000  0.992  0.000  0.000  0.000  0.000  0.000  0.992
   0.50465    -36.006538  0.000  0.000  0.000  0.992  0.000  0.000  0.000  0.000  0.000  0.992
   0.47101    -36.008265  0.000  0.000  0.000  0.992  0.000  0.000  0.000  0.000  0.000  0.992
   0.43737    -36.009918  0.000  0.000  0.000  0.992  0.000  0.000  0.000  0.000  0.000  0.992
   0.40372    -36.011460  0.000  0.000  0.000  0.992  0.000  0.000  0.000  0.000  0.000  0.992
   0.37008    -36.012936  0.000  0.000  0.000  0.992  0.000  0.000  0.000  0.000  0.000  0.992
   0.33644    -36.014331  0.000  0.000  0.000  0.992  0.000  0.000  0.000  0.000  0.000  0.992
   0.30279    -36.015626  0.000  0.000  0.000  0.992  0.000  0.000  0.000  0.000  0.000  0.992
   0.26915    -36.016789  0.000  0.000  0.000  0.992  0.000  0.000  0.000  0.000  0.000  0.992
   0.23551    -36.017847  0.000  0.000  0.000  0.992  0.000  0.000  0.000  0.000  0.000  0.992
   0.20186    -36.018777  0.000  0.000  0.000  0.992  0.000  0.000  0.000  0.000  0.000  0.992
   0.16822    -36.019580  0.000  0.000  0.000  0.992  0.000  0.000  0.000  0.000  0.000  0.992
   0.13457    -36.020226  0.000  0.000  0.000  0.992  0.000  0.000  0.000  0.000  0.000  0.992
   0.10093    -36.020730  0.000  0.000  0.000  0.992  0.000  0.000  0.000  0.000  0.000  0.992
   0.06729    -36.021105  0.000  0.000  0.000  0.992  0.000  0.000  0.000  0.000  0.000  0.992
   0.03364    -36.021337  0.000  0.000  0.000  0.992  0.000  0.000  0.000  0.000  0.000  0.992
   0.00000    -36.021399  0.000  0.000  0.000  0.992  0.000  0.000  0.000  0.000  0.000  0.992
 
# Band-Index:    9
   0.00000    -19.028705  0.775  0.011  0.001  0.000  0.000  0.012  0.000  0.000  0.006  0.806
   0.03364    -19.030343  0.775  0.011  0.001  0.000  0.000  0.012  0.000  0.000  0.006  0.806
   0.06729    -19.034557  0.775  0.011  0.001  0.000  0.000  0.013  0.000  0.000  0.006  0.806
   0.10093    -19.040794  0.774  0.009  0.001  0.000  0.000  0.013  0.000  0.000  0.006  0.807
   0.13457    -19.048654  0.775  0.010  0.001  0.000  0.000  0.014  0.000  0.000  0.007  0.806
   0.16822    -19.058181  0.774  0.009  0.002  0.000  0.000  0.015  0.000  0.000  0.006  0.806
   0.20186    -19.069097  0.773  0.009  0.002  0.000  0.000  0.014  0.000  0.000  0.007  0.804
   0.23551    -19.081872  0.772  0.009  0.002  0.000  0.000  0.013  0.000  0.000  0.006  0.804
   0.26915    -19.096610  0.772  0.009  0.002  0.000  0.000  0.013  0.000  0.000  0.006  0.803
   0.30279    -19.113518  0.772  0.009  0.002  0.000  0.000  0.012  0.000  0.000  0.006  0.801
   0.33644    -19.132739  0.771  0.010  0.003  0.000  0.000  0.011  0.000  0.000  0.005  0.799
   0.37008    -19.154405  0.769  0.010  0.003  0.000  0.000  0.009  0.000  0.000  0.004  0.796
   0.40372    -19.178533  0.769  0.010  0.003  0.000  0.000  0.008  0.000  0.000  0.004  0.794
   0.43737    -19.205000  0.767  0.011  0.003  0.000  0.000  0.007  0.000  0.000  0.003  0.792
   0.47101    -19.233653  0.767  0.010  0.003  0.000  0.000  0.006  0.000  0.000  0.003  0.789
   0.50465    -19.264412  0.765  0.011  0.003  0.000  0.000  0.005  0.000  0.000  0.003  0.787
   0.53830    -19.297088  0.763  0.011  0.003  0.000  0.000  0.005  0.000  0.000  0.002  0.784
   0.57194    -19.331355  0.763  0.010  0.002  0.000  0.000  0.004  0.000  0.000  0.002  0.782
   0.60559    -19.366978  0.760  0.010  0.002  0.000  0.000  0.003  0.000  0.000  0.002  0.779
   0.63923    -19.403775  0.760  0.009  0.002  0.000  0.000  0.003  0.000  0.000  0.001  0.777
   0.67287    -19.441230  0.759  0.009  0.002  0.000  0.000  0.002  0.000  0.000  0.001  0.774
   0.70652    -19.479198  0.758  0.008  0.002  0.000  0.000  0.002  0.000  0.000  0.001  0.771
   0.74016    -19.517333  0.756  0.008  0.002  0.000  0.000  0.001  0.000  0.000  0.001  0.770
   0.77380    -19.555336  0.756  0.007  0.002  0.000  0.000  0.001  0.000  0.000  0.001  0.768
   0.80745    -19.592862  0.755  0.007  0.002  0.000  0.000  0.001  0.000  0.000  0.000  0.765
   0.84109    -19.629666  0.754  0.006  0.002  0.000  0.000  0.001  0.000  0.000  0.000  0.763
   0.87473    -19.665339  0.753  0.005  0.002  0.000  0.000  0.000  0.000  0.000  0.000  0.761
   0.90838    -19.699658  0.753  0.005  0.002  0.000  0.000  0.000  0.000  0.000  0.000  0.759
   0.94202    -19.732313  0.752  0.004  0.002  0.000  0.000  0.000  0.000  0.000  0.000  0.758
   0.97567    -19.763106  0.751  0.004  0.001  0.000  0.000  0.000  0.000  0.000  0.000  0.756
   1.00931    -19.791771  0.751  0.002  0.000  0.000  0.000  0.000  0.000  0.000  0.000  0.755
   1.04295    -19.818018  0.749  0.002  0.000  0.000  0.000  0.000  0.000  0.000  0.000  0.754
   1.07660    -19.841769  0.751  0.002  0.000  0.000  0.000  0.000  0.000  0.000  0.000  0.753
   1.11024    -19.862733  0.749  0.002  0.000  0.000  0.000  0.000  0.000  0.000  0.000  0.751
   1.14388    -19.880748  0.750  0.000  0.000  0.000  0.000  0.000  0.000  0.000  0.000  0.750
   1.17753    -19.895702  0.749  0.000  0.000  0.000  0.000  0.000  0.000  0.000  0.000  0.750
   1.21117    -19.907440  0.749  0.000  0.000  0.000  0.000  0.000  0.000  0.000  0.000  0.750
   1.24481    -19.915890  0.749  0.000  0.000  0.000  0.000  0.000  0.000  0.000  0.000  0.749
   1.27846    -19.920987  0.748  0.000  0.000  0.000  0.000  0.000  0.000  0.000  0.000  0.748
   1.31210    -19.922690  0.748  0.000  0.000  0.000  0.000  0.000  0.000  0.000  0.000  0.748
   1.31210    -19.922690  0.748  0.000  0.000  0.000  0.000  0.000  0.000  0.000  0.000  0.748
   1.34574    -19.920987  0.748  0.000  0.000  0.000  0.000  0.000  0.000  0.000  0.000  0.748
   1.37939    -19.915890  0.749  0.000  0.000  0.000  0.000  0.000  0.000  0.000  0.000  0.749
   1.41303    -19.907441  0.749  0.000  0.000  0.000  0.000  0.000  0.000  0.000  0.000  0.750
   1.44668    -19.895707  0.749  0.000  0.000  0.000  0.000  0.000  0.000  0.000  0.000  0.750
   1.48032    -19.880762  0.750  0.000  0.000  0.000  0.000  0.000  0.000  0.000  0.000  0.750
   1.51396    -19.862764  0.749  0.002  0.000  0.000  0.000  0.000  0.000  0.000  0.000  0.751
   1.54761    -19.841825  0.751  0.002  0.000  0.000  0.000  0.000  0.000  0.000  0.000  0.753
   1.58125    -19.818123  0.749  0.002  0.000  0.000  0.000  0.000  0.000  0.000  0.000  0.754
   1.61489    -19.791946  0.751  0.002  0.000  0.000  0.000  0.000  0.000  0.000  0.000  0.755
   1.64854    -19.763374  0.751  0.004  0.001  0.000  0.000  0.000  0.000  0.000  0.000  0.756
   1.68218    -19.732695  0.753  0.004  0.002  0.000  0.000  0.000  0.000  0.000  0.000  0.758
   1.71582    -19.700185  0.753  0.004  0.002  0.000  0.000  0.000  0.000  0.000  0.000  0.760
   1.74947    -19.666071  0.753  0.005  0.002  0.000  0.000  0.000  0.000  0.000  0.000  0.761
   1.78311    -19.630656  0.754  0.006  0.002  0.000  0.000  0.001  0.000  0.000  0.000  0.763
   1.81676    -19.594166  0.755  0.007  0.002  0.000  0.000  0.001  0.000  0.000  0.000  0.765
   1.85040    -19.557034  0.757  0.007  0.002  0.000  0.000  0.001  0.000  0.000  0.001  0.767
   1.88404    -19.519501  0.757  0.007  0.002  0.000  0.000  0.001  0.000  0.000  0.001  0.770
   1.91769    -19.481930  0.758  0.008  0.002  0.000  0.000  0.002  0.000  0.000  0.001  0.772
   1.95133    -19.444623  0.759  0.008  0.003  0.000  0.000  0.002  0.000  0.000  0.001  0.774
   1.98497    -19.407924  0.760  0.009  0.003  0.000  0.000  0.003  0.000  0.000  0.001  0.776
   2.01862    -19.372008  0.761  0.009  0.003  0.000  0.000  0.003  0.000  0.000  0.002  0.779
   2.05226    -19.337363  0.763  0.010  0.003  0.000  0.000  0.004  0.000  0.000  0.002  0.781
   2.08590    -19.304189  0.764  0.010  0.003  0.000  0.000  0.005  0.000  0.000  0.002  0.783
   2.11955    -19.272685  0.766  0.010  0.003  0.000  0.000  0.005  0.000  0.000  0.003  0.786
   2.15319    -19.243175  0.766  0.010  0.003  0.000  0.000  0.006  0.000  0.000  0.003  0.788
   2.18684    -19.215767  0.766  0.009  0.003  0.000  0.000  0.007  0.000  0.000  0.003  0.792
   2.22048    -19.190456  0.769  0.010  0.003  0.000  0.000  0.008  0.000  0.000  0.004  0.794
   2.25412    -19.167291  0.769  0.009  0.002  0.000  0.000  0.010  0.000  0.000  0.004  0.795
   2.28777    -19.146267  0.770  0.009  0.002  0.000  0.000  0.011  0.000  0.000  0.005  0.797
   2.32141    -19.127259  0.771  0.009  0.002  0.000  0.000  0.011  0.000  0.000  0.006  0.799
   2.35505    -19.110049  0.772  0.009  0.002  0.000  0.000  0.012  0.000  0.000  0.006  0.801
   2.38870    -19.094492  0.774  0.009  0.002  0.000  0.000  0.013  0.000  0.000  0.006  0.803
   2.42234    -19.080439  0.773  0.009  0.001  0.000  0.000  0.013  0.000  0.000  0.006  0.804
   2.45598    -19.067880  0.774  0.009  0.001  0.000  0.000  0.013  0.000  0.000  0.006  0.805
   2.48963    -19.056440  0.774  0.009  0.002  0.000  0.000  0.013  0.000  0.000  0.006  0.805
   2.52327    -19.046478  0.775  0.010  0.002  0.000  0.000  0.013  0.000  0.000  0.006  0.805
   2.55692    -19.038034  0.775  0.011  0.002  0.000  0.000  0.013  0.000  0.000  0.006  0.806
   2.59056    -19.031599  0.775  0.011  0.001  0.000  0.000  0.012  0.000  0.000  0.006  0.805
   2.62420    -19.028705  0.775  0.011  0.001  0.000  0.000  0.012  0.000  0.000  0.006  0.806
 
# Band-Index:   10
   2.62420    -19.017012  0.775  0.012  0.002  0.000  0.000  0.013  0.000  0.000  0.006  0.807
   2.59056    -19.015718  0.774  0.012  0.001  0.000  0.000  0.013  0.000  0.000  0.005  0.806
   2.55692    -19.013666  0.775  0.012  0.002  0.000  0.000  0.012  0.000  0.000  0.006  0.805
   2.52327    -19.012731  0.774  0.013  0.002  0.000  0.000  0.012  0.000  0.000  0.005  0.806
   2.48963    -19.013260  0.774  0.013  0.002  0.000  0.000  0.011  0.000  0.000  0.005  0.806
   2.45598    -19.015264  0.775  0.013  0.003  0.000  0.000  0.011  0.000  0.000  0.005  0.806
   2.42234    -19.018580  0.774  0.013  0.003  0.000  0.000  0.011  0.000  0.000  0.004  0.805
   2.38870    -19.023211  0.774  0.013  0.003  0.000  0.000  0.010  0.000  0.000  0.004  0.804
   2.35505    -19.028973  0.774  0.012  0.003  0.000  0.000  0.010  0.000  0.000  0.004  0.804
   2.32141    -19.035596  0.774  0.012  0.004  0.000  0.000  0.010  0.000  0.000  0.004  0.804
   2.28777    -19.042529  0.773  0.011  0.005  0.000  0.000  0.010  0.000  0.000  0.004  0.803
   2.25412    -19.049493  0.772  0.009  0.005  0.000  0.000  0.010  0.000  0.000  0.004  0.803
   2.22048    -19.056225  0.772  0.009  0.006  0.000  0.000  0.011  0.000  0.000  0.004  0.802
   2.18684    -19.062481  0.771  0.008  0.007  0.000  0.000  0.011  0.000  0.000  0.004  0.802
   2.15319    -19.067827  0.771  0.007  0.007  0.000  0.000  0.011  0.000  0.000  0.005  0.802
   2.11955    -19.072252  0.771  0.006  0.009  0.000  0.000  0.011  0.000  0.000  0.005  0.801
   2.08590    -19.075713  0.771  0.005  0.009  0.000  0.000  0.011  0.000  0.000  0.004  0.801
   2.05226    -19.078001  0.771  0.004  0.011  0.000  0.000  0.011  0.000  0.000  0.004  0.801
   2.01862    -19.079250  0.771  0.004  0.012  0.000  0.000  0.010  0.000  0.000  0.004  0.801
   1.98497    -19.079379  0.770  0.003  0.012  0.000  0.000  0.010  0.000  0.000  0.004  0.800
   1.95133    -19.078445  0.770  0.003  0.014  0.000  0.000  0.009  0.000  0.000  0.004  0.799
   1.91769    -19.076481  0.770  0.002  0.014  0.000  0.000  0.009  0.000  0.000  0.003  0.799
   1.88404    -19.073534  0.770  0.002  0.016  0.000  0.000  0.008  0.000  0.000  0.003  0.799
   1.85040    -19.069781  0.769  0.001  0.017  0.000  0.000  0.008  0.000  0.000  0.003  0.799
   1.81676    -19.065314  0.769  0.001  0.018  0.000  0.000  0.007  0.000  0.000  0.003  0.798
   1.78311    -19.060108  0.769  0.001  0.019  0.000  0.000  0.007  0.000  0.000  0.002  0.798
   1.74947    -19.054504  0.768  0.001  0.020  0.000  0.000  0.005  0.000  0.000  0.002  0.798
   1.71582    -19.048587  0.768  0.000  0.021  0.000  0.000  0.005  0.000  0.000  0.002  0.797
   1.68218    -19.042434  0.768  0.000  0.022  0.000  0.000  0.004  0.000  0.000  0.002  0.797
   1.64854    -19.036286  0.768  0.000  0.023  0.000  0.000  0.004  0.000  0.000  0.002  0.797
   1.61489    -19.030064  0.769  0.000  0.024  0.000  0.000  0.003  0.000  0.000  0.002  0.797
   1.58125    -19.024047  0.769  0.000  0.025  0.000  0.000  0.002  0.000  0.000  0.001  0.797
   1.54761    -19.018471  0.768  0.000  0.025  0.000  0.000  0.002  0.000  0.000  0.000  0.797
   1.51396    -19.013412  0.768  0.000  0.026  0.000  0.000  0.002  0.000  0.000  0.000  0.797
   1.48032    -19.008819  0.768  0.000  0.027  0.000  0.000  0.001  0.000  0.000  0.000  0.797
   1.44668    -19.005029  0.768  0.000  0.027  0.000  0.000  0.000  0.000  0.000  0.000  0.796
   1.41303    -19.001895  0.768  0.000  0.027  0.000  0.000  0.000  0.000  0.000  0.000  0.796
   1.37939    -18.999651  0.768  0.000  0.027  0.000  0.000  0.000  0.000  0.000  0.000  0.795
   1.34574    -18.998303  0.768  0.000  0.027  0.000  0.000  0.000  0.000  0.000  0.000  0.795
   1.31210    -18.997835  0.768  0.000  0.027  0.000  0.000  0.000  0.000  0.000  0.000  0.795
   1.31210    -18.997835  0.768  0.000  0.027  0.000  0.000  0.000  0.000  0.000  0.000  0.795
   1.27846    -18.998303  0.768  0.000  0.027  0.000  0.000  0.000  0.000  0.000  0.000  0.795
   1.24481    -18.999651  0.768  0.000  0.027  0.000  0.000  0.000  0.000  0.000  0.000  0.795
   1.21117    -19.001897  0.768  0.000  0.027  0.000  0.000  0.000  0.000  0.000  0.000  0.796
   1.17753    -19.005035  0.768  0.000  0.027  0.000  0.000  0.000  0.000  0.000  0.000  0.796
   1.14388    -19.008838  0.768  0.000  0.027  0.000  0.000  0.001  0.000  0.000  0.000  0.797
   1.11024    -19.013453  0.768  0.000  0.026  0.000  0.000  0.002  0.000  0.000  0.000  0.797
   1.07660    -19.018537  0.768  0.000  0.025  0.000  0.000  0.002  0.000  0.000  0.000  0.797
   1.04295    -19.024174  0.769  0.000  0.025  0.000  0.000  0.002  0.000  0.000  0.000  0.797
   1.00931    -19.030267  0.769  0.000  0.024  0.000  0.000  0.004  0.000  0.000  0.002  0.797
   0.97567    -19.036590  0.768  0.000  0.023  0.000  0.000  0.004  0.000  0.000  0.002  0.797
   0.94202    -19.042885  0.768  0.000  0.022  0.000  0.000  0.004  0.000  0.000  0.002  0.797
   0.90838    -19.049217  0.768  0.000  0.021  0.000  0.000  0.005  0.000  0.000  0.002  0.797
   0.87473    -19.055364  0.768  0.001  0.020  0.000  0.000  0.006  0.000  0.000  0.002  0.797
   0.84109    -19.061260  0.769  0.001  0.019  0.000  0.000  0.006  0.000  0.000  0.002  0.798
   0.80745    -19.066830  0.769  0.001  0.018  0.000  0.000  0.007  0.000  0.000  0.003  0.798
   0.77380    -19.071727  0.770  0.001  0.017  0.000  0.000  0.008  0.000  0.000  0.003  0.798
   0.74016    -19.075986  0.770  0.002  0.016  0.000  0.000  0.009  0.000  0.000  0.003  0.799
   0.70652    -19.079522  0.770  0.002  0.015  0.000  0.000  0.009  0.000  0.000  0.003  0.799
   0.67287    -19.082175  0.770  0.002  0.014  0.000  0.000  0.010  0.000  0.000  0.003  0.799
   0.63923    -19.083905  0.770  0.003  0.013  0.000  0.000  0.010  0.000  0.000  0.004  0.799
   0.60559    -19.084676  0.771  0.003  0.011  0.000  0.000  0.011  0.000  0.000  0.004  0.800
   0.57194    -19.084428  0.771  0.004  0.011  0.000  0.000  0.011  0.000  0.000  0.004  0.801
   0.53830    -19.083244  0.772  0.005  0.009  0.000  0.000  0.011  0.000  0.000  0.004  0.801
   0.50465    -19.080959  0.771  0.005  0.009  0.000  0.000  0.011  0.000  0.000  0.005  0.801
   0.47101    -19.077774  0.771  0.006  0.007  0.000  0.000  0.012  0.000  0.000  0.005  0.801
   0.43737    -19.073655  0.772  0.007  0.007  0.000  0.000  0.011  0.000  0.000  0.005  0.801
   0.40372    -19.068534  0.772  0.008  0.007  0.000  0.000  0.010  0.000  0.000  0.004  0.801
   0.37008    -19.062739  0.772  0.009  0.005  0.000  0.000  0.010  0.000  0.000  0.004  0.801
   0.33644    -19.056390  0.773  0.009  0.005  0.000  0.000  0.010  0.000  0.000  0.004  0.802
   0.30279    -19.049629  0.773  0.011  0.004  0.000  0.000  0.009  0.000  0.000  0.004  0.801
   0.26915    -19.042658  0.773  0.012  0.004  0.000  0.000  0.009  0.000  0.000  0.004  0.802
   0.23551    -19.036035  0.773  0.012  0.003  0.000  0.000  0.009  0.000  0.000  0.004  0.802
   0.20186    -19.030076  0.774  0.013  0.003  0.000  0.000  0.009  0.000  0.000  0.004  0.803
   0.16822    -19.025078  0.773  0.013  0.002  0.000  0.000  0.010  0.000  0.000  0.004  0.804
   0.13457    -19.021125  0.774  0.013  0.002  0.000  0.000  0.010  0.000  0.000  0.005  0.804
   0.10093    -19.018460  0.774  0.013  0.002  0.000  0.000  0.011  0.000  0.000  0.005  0.805
   0.06729    -19.017161  0.774  0.013  0.002  0.000  0.000  0.012  0.000  0.000  0.005  0.806
   0.03364    -19.016979  0.774  0.012  0.002  0.000  0.000  0.012  0.000  0.000  0.005  0.807
   0.00000    -19.017012  0.775  0.012  0.002  0.000  0.000  0.013  0.000  0.000  0.006  0.807
 
# Band-Index:   11
   0.00000     -7.018395  0.063  0.361  0.085  0.000  0.000  0.025  0.005  0.000  0.073  0.612
   0.03364     -7.016978  0.063  0.361  0.087  0.000  0.000  0.025  0.005  0.000  0.072  0.612
   0.06729     -7.012636  0.064  0.360  0.086  0.000  0.000  0.025  0.005  0.000  0.071  0.613
   0.10093     -7.005108  0.065  0.361  0.086  0.000  0.000  0.025  0.005  0.000  0.070  0.612
   0.13457     -6.994007  0.066  0.361  0.087  0.000  0.000  0.026  0.006  0.000  0.067  0.612
   0.16822     -6.978885  0.067  0.360  0.086  0.000  0.000  0.026  0.006  0.000  0.066  0.613
   0.20186     -6.959287  0.070  0.361  0.089  0.000  0.000  0.027  0.005  0.000  0.064  0.614
   0.23551     -6.934822  0.071  0.359  0.091  0.000  0.000  0.027  0.005  0.000  0.062  0.616
   0.26915     -6.905217  0.072  0.357  0.094  0.000  0.000  0.027  0.005  0.000  0.061  0.617
   0.30279     -6.870384  0.075  0.354  0.099  0.000  0.000  0.026  0.005  0.000  0.061  0.618
   0.33644     -6.830515  0.075  0.348  0.106  0.000  0.000  0.025  0.004  0.000  0.061  0.620
   0.37008     -6.786225  0.075  0.340  0.115  0.000  0.000  0.024  0.004  0.000  0.062  0.623
   0.40372     -6.738772  0.077  0.331  0.128  0.000  0.000  0.022  0.004  0.000  0.063  0.623
   0.43737     -6.690366  0.077  0.313  0.147  0.000  0.000  0.018  0.003  0.000  0.066  0.626
   0.47101     -6.644459  0.077  0.290  0.174  0.000  0.000  0.015  0.004  0.000  0.069  0.628
   0.50465     -6.605610  0.076  0.258  0.208  0.000  0.000  0.010  0.005  0.000  0.071  0.629
   0.53830     -6.578379  0.077  0.221  0.247  0.000  0.000  0.007  0.009  0.000  0.071  0.632
   0.57194     -6.565723  0.078  0.185  0.285  0.000  0.000  0.004  0.014  0.000  0.068  0.634
   0.60559     -6.568378  0.080  0.151  0.320  0.000  0.000  0.003  0.021  0.000  0.061  0.636
   0.63923     -6.585499  0.082  0.119  0.350  0.000  0.000  0.003  0.028  0.000  0.053  0.637
   0.67287     -6.615452  0.086  0.095  0.372  0.000  0.000  0.003  0.034  0.000  0.045  0.637
   0.70652     -6.656290  0.090  0.074  0.390  0.000  0.000  0.003  0.042  0.000  0.036  0.636
   0.74016     -6.705939  0.093  0.059  0.402  0.000  0.000  0.003  0.048  0.000  0.028  0.634
   0.77380     -6.762348  0.097  0.046  0.410  0.000  0.000  0.003  0.053  0.000  0.021  0.631
   0.80745     -6.823574  0.101  0.037  0.416  0.000  0.000  0.002  0.058  0.000  0.017  0.629
   0.84109     -6.887835  0.104  0.028  0.418  0.000  0.000  0.002  0.063  0.000  0.012  0.627
   0.87473     -6.953530  0.109  0.022  0.420  0.000  0.000  0.002  0.066  0.000  0.009  0.625
   0.90838     -7.019243  0.110  0.017  0.418  0.000  0.000  0.002  0.069  0.000  0.006  0.623
   0.94202     -7.083725  0.113  0.013  0.418  0.000  0.000  0.000  0.071  0.000  0.004  0.621
   0.97567     -7.145884  0.116  0.010  0.416  0.000  0.000  0.000  0.074  0.000  0.002  0.621
   1.00931     -7.204764  0.118  0.008  0.414  0.000  0.000  0.000  0.075  0.000  0.002  0.619
   1.04295     -7.259532  0.121  0.007  0.412  0.000  0.000  0.000  0.076  0.000  0.001  0.617
   1.07660     -7.309470  0.123  0.004  0.410  0.000  0.000  0.000  0.078  0.000  0.001  0.616
   1.11024     -7.353956  0.125  0.003  0.408  0.000  0.000  0.000  0.079  0.000  0.000  0.615
   1.14388     -7.392463  0.127  0.002  0.406  0.000  0.000  0.000  0.079  0.000  0.000  0.615
   1.17753     -7.424555  0.126  0.002  0.404  0.000  0.000  0.000  0.080  0.000  0.000  0.613
   1.21117     -7.449877  0.127  0.000  0.404  0.000  0.000  0.000  0.080  0.000  0.000  0.613
   1.24481     -7.468158  0.128  0.000  0.402  0.000  0.000  0.000  0.080  0.000  0.000  0.613
   1.27846     -7.479203  0.128  0.000  0.402  0.000  0.000  0.000  0.081  0.000  0.000  0.611
   1.31210     -7.482898  0.128  0.000  0.402  0.000  0.000  0.000  0.081  0.000  0.000  0.611
   1.31210     -7.482898  0.128  0.000  0.402  0.000  0.000  0.000  0.081  0.000  0.000  0.611
   1.34574     -7.479202  0.128  0.000  0.402  0.000  0.000  0.000  0.081  0.000  0.000  0.611
   1.37939     -7.468155  0.128  0.000  0.402  0.000  0.000  0.000  0.080  0.000  0.000  0.613
   1.41303     -7.449870  0.127  0.000  0.404  0.000  0.000  0.000  0.080  0.000  0.000  0.613
   1.44668     -7.424541  0.126  0.002  0.404  0.000  0.000  0.000  0.080  0.000  0.000  0.613
   1.48032     -7.392436  0.127  0.002  0.406  0.000  0.000  0.000  0.079  0.000  0.000  0.615
   1.51396     -7.353905  0.125  0.003  0.408  0.000  0.000  0.000  0.079  0.000  0.000  0.615
   1.54761     -7.309372  0.123  0.004  0.410  0.000  0.000  0.000  0.078  0.000  0.000  0.616
   1.58125     -7.259350  0.121  0.007  0.412  0.000  0.000  0.000  0.076  0.000  0.001  0.616
   1.61489     -7.204426  0.118  0.008  0.414  0.000  0.000  0.001  0.075  0.000  0.001  0.619
   1.64854     -7.145275  0.116  0.012  0.416  0.000  0.000  0.001  0.074  0.000  0.001  0.621
   1.68218     -7.082661  0.113  0.013  0.418  0.000  0.000  0.001  0.072  0.000  0.002  0.622
   1.71582     -7.017430  0.109  0.016  0.420  0.000  0.000  0.003  0.070  0.000  0.003  0.624
   1.74947     -6.950532  0.109  0.023  0.420  0.000  0.000  0.003  0.067  0.000  0.004  0.626
   1.78311     -6.882994  0.105  0.028  0.420  0.000  0.000  0.004  0.064  0.000  0.007  0.626
   1.81676     -6.815935  0.101  0.035  0.420  0.000  0.000  0.004  0.061  0.000  0.008  0.628
   1.85040     -6.750546  0.098  0.045  0.416  0.000  0.000  0.006  0.057  0.000  0.011  0.632
   1.88404     -6.688071  0.094  0.056  0.412  0.000  0.000  0.007  0.052  0.000  0.013  0.632
   1.91769     -6.629769  0.089  0.069  0.404  0.000  0.000  0.008  0.047  0.000  0.016  0.635
   1.95133     -6.576860  0.086  0.084  0.393  0.000  0.000  0.010  0.042  0.000  0.020  0.635
   1.98497     -6.530455  0.081  0.104  0.381  0.000  0.000  0.011  0.036  0.000  0.024  0.636
   2.01862     -6.491473  0.078  0.126  0.364  0.000  0.000  0.012  0.030  0.000  0.027  0.636
   2.05226     -6.460574  0.074  0.149  0.345  0.000  0.000  0.013  0.025  0.000  0.031  0.637
   2.08590     -6.438419  0.073  0.173  0.322  0.000  0.000  0.020  0.017  0.000  0.033  0.638
   2.11955     -6.519178  0.085  0.354  0.090  0.000  0.000  0.034  0.006  0.000  0.080  0.650
   2.15319     -6.604143  0.084  0.355  0.089  0.000  0.000  0.033  0.006  0.000  0.080  0.645
   2.18684     -6.680504  0.081  0.355  0.085  0.000  0.000  0.033  0.006  0.000  0.080  0.642
   2.22048     -6.748214  0.081  0.355  0.084  0.000  0.000  0.033  0.006  0.000  0.078  0.638
   2.25412     -6.807329  0.078  0.355  0.083  0.000  0.000  0.032  0.007  0.000  0.077  0.634
   2.28777     -6.858002  0.078  0.356  0.082  0.000  0.000  0.031  0.007  0.000  0.077  0.631
   2.32141     -6.900494  0.076  0.357  0.081  0.000  0.000  0.031  0.007  0.000  0.076  0.628
   2.35505     -6.935176  0.075  0.358  0.082  0.000  0.000  0.029  0.006  0.000  0.074  0.625
   2.38870     -6.962542  0.071  0.360  0.082  0.000  0.000  0.029  0.006  0.000  0.074  0.622
   2.42234     -6.983222  0.070  0.360  0.083  0.000  0.000  0.028  0.006  0.000  0.073  0.619
   2.45598     -6.997994  0.069  0.359  0.082  0.000  0.000  0.028  0.006  0.000  0.073  0.617
   2.48963     -7.007784  0.065  0.361  0.083  0.000  0.000  0.026  0.006  0.000  0.072  0.616
   2.52327     -7.013653  0.065  0.361  0.084  0.000  0.000  0.026  0.005  0.000  0.072  0.614
   2.55692     -7.016724  0.064  0.360  0.084  0.000  0.000  0.026  0.005  0.000  0.072  0.614
   2.59056     -7.018049  0.064  0.360  0.085  0.000  0.000  0.025  0.005  0.000  0.072  0.611
   2.62420     -7.018395  0.063  0.361  0.085  0.000  0.000  0.025  0.005  0.000  0.073  0.612
 
# Band-Index:   12
   2.62420     -6.663676  0.054  0.407  0.109  0.000  0.000  0.005  0.003  0.000  0.024  0.601
   2.59056     -6.660099  0.054  0.405  0.109  0.000  0.000  0.005  0.003  0.000  0.024  0.601
   2.55692     -6.649688  0.054  0.403  0.113  0.000  0.000  0.005  0.003  0.000  0.024  0.603
   2.52327     -6.633314  0.053  0.400  0.116  0.000  0.000  0.005  0.003  0.000  0.025  0.603
   2.48963     -6.612193  0.053  0.394  0.122  0.000  0.000  0.005  0.002  0.000  0.027  0.603
   2.45598     -6.587684  0.052  0.386  0.132  0.000  0.000  0.005  0.002  0.000  0.028  0.605
   2.42234     -6.561145  0.053  0.376  0.142  0.000  0.000  0.006  0.001  0.000  0.030  0.609
   2.38870     -6.533879  0.053  0.366  0.153  0.000  0.000  0.006  0.001  0.000  0.031  0.611
   2.35505     -6.507105  0.053  0.354  0.166  0.000  0.000  0.007  0.002  0.000  0.033  0.614
   2.32141     -6.481973  0.054  0.338  0.180  0.000  0.000  0.007  0.001  0.000  0.034  0.615
   2.28777     -6.459574  0.054  0.322  0.197  0.000  0.000  0.009  0.002  0.000  0.035  0.618
   2.25412     -6.440960  0.055  0.301  0.215  0.000  0.000  0.009  0.003  0.000  0.037  0.621
   2.22048     -6.427149  0.057  0.278  0.236  0.000  0.000  0.010  0.005  0.000  0.037  0.626
   2.18684     -6.419114  0.061  0.255  0.258  0.000  0.000  0.010  0.007  0.000  0.037  0.628
   2.15319     -6.417747  0.064  0.230  0.279  0.000  0.000  0.011  0.011  0.000  0.037  0.630
   2.11955     -6.423818  0.066  0.204  0.301  0.000  0.000  0.011  0.015  0.000  0.035  0.633
   2.08590     -6.425233  0.081  0.358  0.095  0.000  0.000  0.026  0.008  0.000  0.082  0.649
   2.05226     -6.323824  0.085  0.357  0.094  0.000  0.000  0.032  0.006  0.000  0.083  0.656
   2.01862     -6.214092  0.084  0.358  0.098  0.000  0.000  0.031  0.006  0.000  0.084  0.662
   1.98497     -6.096784  0.085  0.360  0.101  0.000  0.000  0.030  0.005  0.000  0.085  0.666
   1.95133     -5.972448  0.083  0.361  0.105  0.000  0.000  0.030  0.005  0.000  0.086  0.671
   1.91769     -5.841811  0.083  0.365  0.109  0.000  0.000  0.027  0.005  0.000  0.088  0.676
   1.88404     -5.705881  0.080  0.367  0.115  0.000  0.000  0.025  0.004  0.000  0.091  0.681
   1.85040     -5.566255  0.076  0.372  0.119  0.000  0.000  0.021  0.004  0.000  0.095  0.686
   1.81676     -5.425931  0.069  0.379  0.122  0.000  0.000  0.016  0.003  0.000  0.103  0.690
   1.78311     -5.292029  0.057  0.397  0.117  0.000  0.000  0.008  0.002  0.000  0.117  0.698
   1.74947     -5.181946  0.033  0.440  0.091  0.000  0.000  0.004  0.002  0.000  0.137  0.707
   1.71582     -5.113172  0.014  0.494  0.055  0.000  0.000  0.010  0.002  0.000  0.145  0.718
   1.68218     -5.072830  0.005  0.523  0.033  0.000  0.000  0.021  0.003  0.000  0.142  0.728
   1.64854     -5.044102  0.002  0.536  0.024  0.000  0.000  0.029  0.002  0.000  0.141  0.733
   1.61489     -5.020525  0.000  0.543  0.015  0.000  0.000  0.035  0.001  0.000  0.142  0.740
   1.58125     -5.000015  0.000  0.549  0.012  0.000  0.000  0.039  0.001  0.000  0.143  0.744
   1.54761     -4.981910  0.000  0.551  0.008  0.000  0.000  0.043  0.001  0.000  0.145  0.749
   1.51396     -4.966032  0.000  0.553  0.007  0.000  0.000  0.046  0.000  0.000  0.146  0.753
   1.48032     -4.952380  0.000  0.555  0.004  0.000  0.000  0.049  0.000  0.000  0.148  0.757
   1.44668     -4.941041  0.000  0.556  0.002  0.000  0.000  0.051  0.000  0.000  0.149  0.760
   1.41303     -4.932104  0.000  0.556  0.002  0.000  0.000  0.053  0.000  0.000  0.149  0.761
   1.37939     -4.925668  0.000  0.555  0.000  0.002  0.000  0.054  0.000  0.000  0.150  0.764
   1.34574     -4.921820  0.000  0.546  0.000  0.010  0.003  0.054  0.000  0.002  0.148  0.764
   1.31210     -4.920576  0.000  0.530  0.000  0.028  0.007  0.053  0.000  0.002  0.144  0.765
   1.31210     -4.920576  0.000  0.530  0.000  0.028  0.007  0.053  0.000  0.002  0.144  0.765
   1.27846     -4.922087  0.000  0.548  0.000  0.008  0.003  0.054  0.000  0.000  0.148  0.764
   1.24481     -4.926777  0.000  0.556  0.000  0.002  0.000  0.055  0.000  0.000  0.151  0.764
   1.21117     -4.934639  0.000  0.556  0.002  0.000  0.000  0.053  0.000  0.000  0.150  0.761
   1.17753     -4.945609  0.000  0.555  0.002  0.000  0.000  0.052  0.000  0.000  0.150  0.760
   1.14388     -4.959619  0.000  0.553  0.006  0.000  0.000  0.049  0.000  0.000  0.149  0.757
   1.11024     -4.976586  0.000  0.551  0.007  0.000  0.000  0.047  0.001  0.000  0.148  0.753
   1.07660     -4.996381  0.000  0.548  0.008  0.000  0.000  0.044  0.001  0.000  0.148  0.750
   1.04295     -5.018848  0.000  0.544  0.013  0.000  0.000  0.040  0.002  0.000  0.146  0.745
   1.00931     -5.043769  0.000  0.541  0.016  0.000  0.000  0.037  0.003  0.000  0.144  0.739
   0.97567     -5.070856  0.000  0.536  0.022  0.000  0.000  0.032  0.004  0.000  0.140  0.735
   0.94202     -5.099739  0.000  0.529  0.028  0.000  0.000  0.028  0.006  0.000  0.137  0.730
   0.90838     -5.129979  0.000  0.520  0.037  0.000  0.000  0.026  0.008  0.000  0.133  0.723
   0.87473     -5.161067  0.000  0.509  0.046  0.000  0.000  0.022  0.010  0.000  0.128  0.717
   0.84109     -5.192947  0.004  0.492  0.065  0.000  0.000  0.020  0.012  0.000  0.118  0.711
   0.80745     -5.265652  0.080  0.388  0.150  0.000  0.000  0.044  0.003  0.000  0.026  0.693
   0.77380     -5.406061  0.085  0.392  0.134  0.000  0.000  0.044  0.007  0.000  0.024  0.686
   0.74016     -5.543011  0.088  0.390  0.126  0.000  0.000  0.046  0.008  0.000  0.024  0.682
   0.70652     -5.673752  0.090  0.386  0.120  0.000  0.000  0.047  0.010  0.000  0.025  0.678
   0.67287     -5.796993  0.089  0.381  0.119  0.000  0.000  0.048  0.010  0.000  0.026  0.674
   0.63923     -5.911447  0.088  0.376  0.119  0.000  0.000  0.049  0.011  0.000  0.027  0.671
   0.60559     -6.015669  0.088  0.367  0.124  0.000  0.000  0.049  0.012  0.000  0.029  0.669
   0.57194     -6.108091  0.085  0.357  0.133  0.000  0.000  0.047  0.013  0.000  0.032  0.666
   0.53830     -6.187376  0.082  0.344  0.144  0.000  0.000  0.045  0.013  0.000  0.036  0.663
   0.50465     -6.253266  0.077  0.334  0.156  0.000  0.000  0.040  0.011  0.000  0.043  0.660
   0.47101     -6.307389  0.072  0.326  0.165  0.000  0.000  0.034  0.009  0.000  0.050  0.655
   0.43737     -6.352835  0.066  0.324  0.169  0.000  0.000  0.028  0.007  0.000  0.056  0.651
   0.40372     -6.392730  0.063  0.328  0.167  0.000  0.000  0.023  0.005  0.000  0.059  0.645
   0.37008     -6.429259  0.059  0.335  0.163  0.000  0.000  0.019  0.004  0.000  0.060  0.640
   0.33644     -6.463577  0.058  0.343  0.156  0.000  0.000  0.015  0.003  0.000  0.060  0.635
   0.30279     -6.496111  0.057  0.352  0.149  0.000  0.000  0.013  0.002  0.000  0.058  0.630
   0.26915     -6.526858  0.054  0.361  0.140  0.000  0.000  0.010  0.002  0.000  0.054  0.625
   0.23551     -6.555574  0.054  0.370  0.133  0.000  0.000  0.009  0.002  0.000  0.049  0.619
   0.20186     -6.581888  0.054  0.378  0.128  0.000  0.000  0.008  0.002  0.000  0.045  0.616
   0.16822     -6.605350  0.054  0.386  0.122  0.000  0.000  0.007  0.002  0.000  0.040  0.612
   0.13457     -6.625474  0.053  0.393  0.118  0.000  0.000  0.006  0.003  0.000  0.035  0.607
   0.10093     -6.641775  0.053  0.399  0.114  0.000  0.000  0.006  0.003  0.000  0.030  0.605
   0.06729     -6.653803  0.054  0.402  0.110  0.000  0.000  0.005  0.003  0.000  0.027  0.602
   0.03364     -6.661186  0.054  0.405  0.109  0.000  0.000  0.005  0.003  0.000  0.024  0.601
   0.00000     -6.663676  0.054  0.407  0.109  0.000  0.000  0.005  0.003  0.000  0.024  0.601
 
# Band-Index:   13
   0.00000     -5.094351  0.001  0.111  0.471  0.000  0.000  0.054  0.047  0.000  0.050  0.735
   0.03364     -5.094787  0.001  0.111  0.471  0.000  0.000  0.053  0.047  0.000  0.049  0.734
   0.06729     -5.096176  0.001  0.113  0.471  0.000  0.000  0.052  0.048  0.000  0.046  0.733
   0.10093     -5.098775  0.001  0.116  0.470  0.000  0.000  0.051  0.049  0.000  0.043  0.730
   0.13457     -5.102939  0.001  0.120  0.468  0.000  0.000  0.049  0.051  0.000  0.037  0.726
   0.16822     -5.109076  0.001  0.124  0.464  0.000  0.000  0.047  0.053  0.000  0.030  0.722
   0.20186     -5.117545  0.001  0.131  0.460  0.000  0.000  0.044  0.056  0.000  0.023  0.717
   0.23551     -5.128645  0.001  0.139  0.454  0.000  0.000  0.041  0.059  0.000  0.017  0.712
   0.26915     -5.142537  0.002  0.149  0.445  0.000  0.000  0.037  0.062  0.000  0.011  0.707
   0.30279     -5.159216  0.002  0.159  0.433  0.000  0.000  0.034  0.064  0.000  0.006  0.703
   0.33644     -5.178479  0.002  0.173  0.419  0.000  0.000  0.031  0.067  0.000  0.003  0.698
   0.37008     -5.199892  0.003  0.188  0.403  0.000  0.000  0.026  0.070  0.000  0.000  0.693
   0.40372     -5.222749  0.004  0.206  0.381  0.000  0.000  0.023  0.072  0.000  0.000  0.689
   0.43737     -5.246059  0.004  0.229  0.357  0.000  0.000  0.020  0.072  0.000  0.002  0.683
   0.47101     -5.268554  0.004  0.253  0.331  0.000  0.000  0.016  0.072  0.000  0.006  0.681
   0.50465     -5.288755  0.004  0.280  0.300  0.000  0.000  0.013  0.070  0.000  0.012  0.680
   0.53830     -5.305127  0.003  0.309  0.267  0.000  0.000  0.011  0.067  0.000  0.022  0.677
   0.57194     -5.316224  0.003  0.337  0.232  0.000  0.000  0.008  0.062  0.000  0.033  0.676
   0.60559     -5.320960  0.003  0.366  0.198  0.000  0.000  0.006  0.057  0.000  0.046  0.678
   0.63923     -5.318771  0.002  0.396  0.169  0.000  0.000  0.006  0.051  0.000  0.059  0.681
   0.67287     -5.309686  0.002  0.421  0.138  0.000  0.000  0.006  0.044  0.000  0.072  0.685
   0.70652     -5.294264  0.001  0.444  0.113  0.000  0.000  0.006  0.038  0.000  0.085  0.688
   0.74016     -5.273404  0.001  0.464  0.092  0.000  0.000  0.008  0.031  0.000  0.096  0.692
   0.77380     -5.248101  0.001  0.483  0.070  0.000  0.000  0.010  0.026  0.000  0.106  0.699
   0.80745     -5.217882  0.004  0.505  0.046  0.000  0.000  0.011  0.025  0.000  0.111  0.703
   0.84109     -5.113838  0.079  0.417  0.129  0.000  0.000  0.035  0.011  0.000  0.025  0.695
   0.87473     -4.965065  0.076  0.411  0.149  0.000  0.000  0.035  0.008  0.000  0.022  0.699
   0.90838     -4.813825  0.072  0.408  0.165  0.000  0.000  0.032  0.006  0.000  0.020  0.704
   0.94202     -4.820661  0.000  0.000  0.000  0.580  0.110  0.000  0.000  0.070  0.000  0.760
   0.97567     -4.834180  0.000  0.000  0.000  0.578  0.117  0.000  0.000  0.067  0.000  0.761
   1.00931     -4.847583  0.000  0.000  0.000  0.575  0.123  0.000  0.000  0.064  0.000  0.763
   1.04295     -4.860527  0.000  0.000  0.000  0.570  0.129  0.000  0.000  0.063  0.000  0.761
   1.07660     -4.872698  0.000  0.000  0.000  0.567  0.135  0.000  0.000  0.060  0.000  0.763
   1.11024     -4.883817  0.000  0.000  0.000  0.565  0.139  0.000  0.000  0.059  0.000  0.763
   1.14388     -4.893634  0.000  0.000  0.000  0.563  0.143  0.000  0.000  0.057  0.000  0.763
   1.17753     -4.901946  0.000  0.000  0.000  0.560  0.146  0.000  0.000  0.056  0.000  0.763
   1.21117     -4.908580  0.000  0.000  0.000  0.559  0.149  0.000  0.000  0.055  0.000  0.765
   1.24481     -4.913398  0.000  0.002  0.000  0.556  0.150  0.000  0.000  0.055  0.000  0.764
   1.27846     -4.916285  0.000  0.008  0.000  0.549  0.149  0.000  0.000  0.054  0.003  0.764
   1.31210     -4.917199  0.000  0.028  0.000  0.530  0.144  0.002  0.000  0.052  0.007  0.765
   1.31210     -4.917199  0.000  0.028  0.000  0.530  0.144  0.002  0.000  0.052  0.007  0.765
   1.34574     -4.916555  0.000  0.010  0.000  0.547  0.148  0.001  0.000  0.054  0.003  0.764
   1.37939     -4.914500  0.000  0.002  0.000  0.556  0.150  0.000  0.000  0.055  0.000  0.764
   1.41303     -4.911037  0.000  0.000  0.000  0.558  0.150  0.000  0.000  0.055  0.000  0.763
   1.44668     -4.906237  0.000  0.000  0.000  0.560  0.147  0.000  0.000  0.056  0.000  0.764
   1.48032     -4.900174  0.000  0.000  0.000  0.561  0.145  0.000  0.000  0.056  0.000  0.763
   1.51396     -4.892938  0.000  0.000  0.000  0.563  0.142  0.000  0.000  0.057  0.000  0.763
   1.54761     -4.884631  0.000  0.000  0.000  0.565  0.139  0.000  0.000  0.059  0.000  0.763
   1.58125     -4.875376  0.000  0.000  0.000  0.568  0.135  0.000  0.000  0.060  0.000  0.763
   1.61489     -4.865308  0.000  0.000  0.000  0.570  0.131  0.000  0.000  0.061  0.000  0.762
   1.64854     -4.854572  0.000  0.000  0.000  0.573  0.126  0.000  0.000  0.063  0.000  0.762
   1.68218     -4.843323  0.000  0.000  0.000  0.575  0.120  0.000  0.000  0.065  0.000  0.761
   1.71582     -4.863012  0.055  0.440  0.129  0.000  0.000  0.050  0.008  0.000  0.030  0.714
   1.74947     -4.971550  0.040  0.489  0.087  0.000  0.000  0.056  0.011  0.000  0.033  0.715
   1.78311     -5.036003  0.019  0.524  0.058  0.000  0.000  0.050  0.014  0.000  0.048  0.716
   1.81676     -5.072145  0.011  0.534  0.052  0.000  0.000  0.040  0.017  0.000  0.057  0.712
   1.85040     -5.095824  0.006  0.529  0.057  0.000  0.000  0.034  0.020  0.000  0.059  0.707
   1.88404     -5.112734  0.004  0.521  0.070  0.000  0.000  0.029  0.024  0.000  0.056  0.702
   1.91769     -5.124606  0.004  0.508  0.084  0.000  0.000  0.024  0.028  0.000  0.052  0.697
   1.95133     -5.131933  0.003  0.491  0.103  0.000  0.000  0.021  0.033  0.000  0.045  0.695
   1.98497     -5.134851  0.003  0.472  0.124  0.000  0.000  0.019  0.037  0.000  0.039  0.694
   2.01862     -5.133486  0.001  0.450  0.148  0.000  0.000  0.017  0.042  0.000  0.032  0.692
   2.05226     -5.128123  0.001  0.425  0.175  0.000  0.000  0.017  0.046  0.000  0.026  0.692
   2.08590     -5.119290  0.001  0.396  0.204  0.000  0.000  0.018  0.050  0.000  0.021  0.692
   2.11955     -5.107760  0.001  0.369  0.234  0.000  0.000  0.020  0.054  0.000  0.018  0.696
   2.15319     -5.094560  0.001  0.338  0.265  0.000  0.000  0.024  0.057  0.000  0.016  0.698
   2.18684     -5.080868  0.001  0.305  0.294  0.000  0.000  0.027  0.058  0.000  0.017  0.705
   2.22048     -5.067977  0.001  0.274  0.324  0.000  0.000  0.033  0.061  0.000  0.018  0.709
   2.25412     -5.057267  0.000  0.242  0.350  0.000  0.000  0.038  0.062  0.000  0.022  0.716
   2.28777     -5.050061  0.000  0.212  0.377  0.000  0.000  0.044  0.063  0.000  0.028  0.724
   2.32141     -5.047362  0.000  0.183  0.402  0.000  0.000  0.049  0.063  0.000  0.034  0.730
   2.35505     -5.049329  0.000  0.157  0.422  0.000  0.000  0.053  0.061  0.000  0.040  0.735
   2.38870     -5.055000  0.000  0.140  0.440  0.000  0.000  0.054  0.059  0.000  0.044  0.737
   2.42234     -5.062760  0.000  0.128  0.450  0.000  0.000  0.055  0.056  0.000  0.046  0.737
   2.45598     -5.071079  0.000  0.120  0.459  0.000  0.000  0.054  0.053  0.000  0.048  0.736
   2.48963     -5.078856  0.001  0.115  0.464  0.000  0.000  0.054  0.051  0.000  0.049  0.737
   2.52327     -5.085405  0.001  0.114  0.468  0.000  0.000  0.054  0.049  0.000  0.050  0.736
   2.55692     -5.090307  0.001  0.110  0.470  0.000  0.000  0.054  0.048  0.000  0.050  0.735
   2.59056     -5.093333  0.001  0.111  0.471  0.000  0.000  0.054  0.047  0.000  0.050  0.735
   2.62420     -5.094351  0.001  0.111  0.471  0.000  0.000  0.054  0.047  0.000  0.050  0.735
 
# Band-Index:   14
   2.62420     -4.918537  0.001  0.130  0.502  0.000  0.000  0.052  0.011  0.000  0.028  0.726
   2.59056     -4.918664  0.001  0.131  0.502  0.000  0.000  0.052  0.011  0.000  0.028  0.726
   2.55692     -4.919029  0.001  0.134  0.500  0.000  0.000  0.050  0.012  0.000  0.027  0.724
   2.52327     -4.919618  0.001  0.137  0.496  0.000  0.000  0.048  0.012  0.000  0.025  0.721
   2.48963     -4.920342  0.002  0.142  0.493  0.000  0.000  0.046  0.013  0.000  0.022  0.718
   2.45598     -4.920988  0.002  0.148  0.489  0.000  0.000  0.042  0.013  0.000  0.020  0.714
   2.42234     -4.921052  0.001  0.154  0.486  0.000  0.000  0.039  0.014  0.000  0.017  0.711
   2.38870     -4.919637  0.002  0.157  0.484  0.000  0.000  0.034  0.015  0.000  0.015  0.709
   2.35505     -4.915348  0.002  0.157  0.484  0.000  0.000  0.032  0.017  0.000  0.015  0.706
   2.32141     -4.906600  0.002  0.153  0.485  0.000  0.000  0.030  0.020  0.000  0.016  0.707
   2.28777     -4.892323  0.002  0.145  0.489  0.000  0.000  0.031  0.024  0.000  0.018  0.709
   2.25412     -4.872412  0.002  0.138  0.491  0.000  0.000  0.031  0.029  0.000  0.021  0.713
   2.22048     -4.847419  0.002  0.133  0.492  0.000  0.000  0.033  0.033  0.000  0.022  0.716
   2.18684     -4.818025  0.002  0.131  0.493  0.000  0.000  0.033  0.038  0.000  0.024  0.718
   2.15319     -4.784801  0.002  0.129  0.494  0.000  0.000  0.034  0.041  0.000  0.023  0.721
   2.11955     -4.748173  0.001  0.127  0.495  0.000  0.000  0.033  0.045  0.000  0.023  0.724
   2.08590     -4.731242  0.000  0.000  0.000  0.602  0.043  0.000  0.000  0.108  0.000  0.755
   2.05226     -4.735582  0.000  0.000  0.000  0.602  0.049  0.000  0.000  0.104  0.000  0.755
   2.01862     -4.741218  0.000  0.000  0.000  0.600  0.055  0.000  0.000  0.100  0.000  0.755
   1.98497     -4.748082  0.000  0.000  0.000  0.599  0.062  0.000  0.000  0.094  0.000  0.755
   1.95133     -4.756085  0.000  0.000  0.000  0.597  0.070  0.000  0.000  0.090  0.000  0.757
   1.91769     -4.765095  0.000  0.000  0.000  0.595  0.077  0.000  0.000  0.086  0.000  0.758
   1.88404     -4.774972  0.000  0.000  0.000  0.593  0.084  0.000  0.000  0.082  0.000  0.758
   1.85040     -4.785576  0.000  0.000  0.000  0.589  0.090  0.000  0.000  0.079  0.000  0.758
   1.81676     -4.796730  0.000  0.000  0.000  0.585  0.097  0.000  0.000  0.076  0.000  0.758
   1.78311     -4.808259  0.000  0.000  0.000  0.583  0.103  0.000  0.000  0.073  0.000  0.759
   1.74947     -4.819989  0.000  0.000  0.000  0.580  0.109  0.000  0.000  0.070  0.000  0.760
   1.71582     -4.831731  0.000  0.000  0.000  0.578  0.115  0.000  0.000  0.067  0.000  0.761
   1.68218     -4.725140  0.060  0.415  0.161  0.000  0.000  0.041  0.005  0.000  0.034  0.716
   1.64854     -4.576939  0.055  0.399  0.189  0.000  0.000  0.034  0.003  0.000  0.037  0.720
   1.61489     -4.427393  0.051  0.384  0.224  0.000  0.000  0.028  0.002  0.000  0.037  0.724
   1.58125     -4.281706  0.044  0.358  0.266  0.000  0.000  0.023  0.001  0.000  0.035  0.727
   1.54761     -4.144715  0.034  0.314  0.334  0.000  0.000  0.018  0.000  0.000  0.032  0.732
   1.51396     -4.022291  0.026  0.241  0.434  0.000  0.000  0.012  0.000  0.000  0.025  0.736
   1.48032     -3.921483  0.015  0.142  0.558  0.000  0.000  0.007  0.001  0.000  0.018  0.740
   1.44668     -3.846795  0.007  0.057  0.662  0.000  0.000  0.004  0.003  0.000  0.010  0.745
   1.41303     -3.795730  0.004  0.016  0.717  0.000  0.000  0.002  0.003  0.000  0.006  0.745
   1.37939     -3.762685  0.000  0.002  0.738  0.000  0.000  0.001  0.002  0.000  0.002  0.746
   1.34574     -3.743916  0.000  0.000  0.745  0.000  0.000  0.000  0.000  0.000  0.000  0.748
   1.31210     -3.737800  0.000  0.000  0.746  0.000  0.000  0.000  0.000  0.000  0.000  0.746
   1.31210     -3.737800  0.000  0.000  0.746  0.000  0.000  0.000  0.000  0.000  0.000  0.746
   1.27846     -3.743893  0.000  0.000  0.745  0.000  0.000  0.000  0.000  0.000  0.000  0.748
   1.24481     -3.762311  0.000  0.002  0.740  0.000  0.000  0.001  0.002  0.000  0.002  0.747
   1.21117     -3.793703  0.002  0.010  0.724  0.000  0.000  0.001  0.003  0.000  0.004  0.746
   1.17753     -3.839912  0.007  0.034  0.688  0.000  0.000  0.003  0.004  0.000  0.007  0.743
   1.14388     -3.904694  0.013  0.096  0.614  0.000  0.000  0.006  0.003  0.000  0.010  0.739
   1.11024     -3.992122  0.024  0.191  0.500  0.000  0.000  0.009  0.000  0.000  0.013  0.736
   1.07660     -4.101827  0.034  0.281  0.386  0.000  0.000  0.014  0.000  0.000  0.014  0.731
   1.04295     -4.228672  0.045  0.343  0.303  0.000  0.000  0.018  0.001  0.000  0.015  0.725
   1.00931     -4.367044  0.054  0.376  0.249  0.000  0.000  0.022  0.002  0.000  0.016  0.721
   0.97567     -4.512637  0.061  0.396  0.213  0.000  0.000  0.026  0.003  0.000  0.018  0.715
   0.94202     -4.662353  0.066  0.404  0.185  0.000  0.000  0.029  0.005  0.000  0.019  0.708
   0.90838     -4.807402  0.000  0.000  0.000  0.583  0.102  0.000  0.000  0.074  0.000  0.761
   0.87473     -4.794805  0.000  0.000  0.000  0.587  0.095  0.000  0.000  0.079  0.000  0.760
   0.84109     -4.783259  0.000  0.000  0.000  0.589  0.087  0.000  0.000  0.083  0.000  0.759
   0.80745     -4.773157  0.000  0.000  0.000  0.591  0.078  0.000  0.000  0.090  0.000  0.759
   0.77380     -4.764850  0.000  0.000  0.000  0.593  0.070  0.000  0.000  0.096  0.000  0.758
   0.74016     -4.758630  0.000  0.000  0.000  0.594  0.061  0.000  0.000  0.103  0.000  0.758
   0.70652     -4.754698  0.000  0.000  0.000  0.595  0.053  0.000  0.000  0.110  0.000  0.758
   0.67287     -4.753100  0.000  0.000  0.000  0.595  0.046  0.000  0.000  0.116  0.000  0.757
   0.63923     -4.753752  0.000  0.000  0.000  0.595  0.040  0.000  0.000  0.122  0.000  0.757
   0.60559     -4.756413  0.000  0.000  0.000  0.594  0.034  0.000  0.000  0.129  0.000  0.757
   0.57194     -4.760698  0.000  0.000  0.000  0.593  0.030  0.000  0.000  0.134  0.000  0.757
   0.53830     -4.766122  0.000  0.000  0.000  0.592  0.025  0.000  0.000  0.139  0.000  0.756
   0.50465     -4.772151  0.000  0.000  0.000  0.590  0.021  0.000  0.000  0.143  0.000  0.754
   0.47101     -4.778256  0.000  0.000  0.000  0.590  0.019  0.000  0.000  0.145  0.000  0.754
   0.43737     -4.783940  0.000  0.000  0.000  0.589  0.016  0.000  0.000  0.147  0.000  0.754
   0.40372     -4.788776  0.000  0.000  0.000  0.589  0.015  0.000  0.000  0.148  0.000  0.752
   0.37008     -4.792426  0.000  0.000  0.000  0.588  0.014  0.000  0.000  0.149  0.000  0.751
   0.33644     -4.805370  0.000  0.160  0.467  0.000  0.000  0.049  0.017  0.000  0.038  0.734
   0.30279     -4.826635  0.000  0.157  0.470  0.000  0.000  0.050  0.016  0.000  0.038  0.732
   0.26915     -4.845926  0.001  0.152  0.475  0.000  0.000  0.051  0.015  0.000  0.037  0.731
   0.23551     -4.863115  0.001  0.148  0.479  0.000  0.000  0.051  0.013  0.000  0.037  0.732
   0.20186     -4.878073  0.001  0.142  0.484  0.000  0.000  0.052  0.013  0.000  0.036  0.729
   0.16822     -4.890688  0.001  0.140  0.489  0.000  0.000  0.052  0.013  0.000  0.035  0.728
   0.13457     -4.900903  0.001  0.136  0.493  0.000  0.000  0.052  0.012  0.000  0.033  0.727
   0.10093     -4.908727  0.001  0.132  0.496  0.000  0.000  0.052  0.012  0.000  0.031  0.725
   0.06729     -4.914219  0.001  0.132  0.500  0.000  0.000  0.052  0.012  0.000  0.030  0.726
   0.03364     -4.917468  0.001  0.130  0.502  0.000  0.000  0.052  0.011  0.000  0.028  0.726
   0.00000     -4.918537  0.001  0.130  0.502  0.000  0.000  0.052  0.011  0.000  0.028  0.726
 
# Band-Index:   15
   0.00000     -4.757797  0.000  0.000  0.000  0.600  0.001  0.000  0.000  0.142  0.000  0.743
   0.03364     -4.759270  0.000  0.000  0.000  0.600  0.001  0.000  0.000  0.142  0.000  0.743
   0.06729     -4.763318  0.000  0.000  0.000  0.600  0.002  0.000  0.000  0.142  0.000  0.744
   0.10093     -4.769057  0.000  0.000  0.000  0.598  0.003  0.000  0.000  0.142  0.000  0.744
   0.13457     -4.775484  0.000  0.000  0.000  0.597  0.004  0.000  0.000  0.144  0.000  0.745
   0.16822     -4.781744  0.000  0.000  0.000  0.596  0.006  0.000  0.000  0.145  0.000  0.746
   0.20186     -4.787198  0.000  0.000  0.000  0.594  0.006  0.000  0.000  0.146  0.000  0.746
   0.23551     -4.791421  0.000  0.000  0.000  0.593  0.007  0.000  0.000  0.148  0.000  0.748
   0.26915     -4.794140  0.000  0.000  0.000  0.591  0.009  0.000  0.000  0.148  0.000  0.748
   0.30279     -4.795220  0.000  0.000  0.000  0.590  0.010  0.000  0.000  0.148  0.000  0.750
   0.33644     -4.794619  0.000  0.000  0.000  0.590  0.012  0.000  0.000  0.149  0.000  0.750
   0.37008     -4.782224  0.000  0.166  0.463  0.000  0.000  0.048  0.019  0.000  0.037  0.733
   0.40372     -4.757308  0.000  0.169  0.461  0.000  0.000  0.047  0.020  0.000  0.037  0.735
   0.43737     -4.730642  0.000  0.171  0.459  0.000  0.000  0.047  0.021  0.000  0.037  0.734
   0.47101     -4.702229  0.000  0.173  0.457  0.000  0.000  0.045  0.024  0.000  0.036  0.735
   0.50465     -4.672047  0.000  0.172  0.457  0.000  0.000  0.044  0.026  0.000  0.036  0.737
   0.53830     -4.640042  0.000  0.174  0.457  0.000  0.000  0.042  0.028  0.000  0.034  0.737
   0.57194     -4.606138  0.000  0.173  0.458  0.000  0.000  0.041  0.031  0.000  0.034  0.738
   0.60559     -4.570254  0.000  0.172  0.459  0.000  0.000  0.039  0.034  0.000  0.033  0.740
   0.63923     -4.532301  0.000  0.170  0.460  0.000  0.000  0.039  0.037  0.000  0.032  0.741
   0.67287     -4.492196  0.000  0.170  0.461  0.000  0.000  0.037  0.040  0.000  0.031  0.741
   0.70652     -4.449870  0.000  0.168  0.465  0.000  0.000  0.034  0.044  0.000  0.031  0.743
   0.74016     -4.405276  0.000  0.168  0.467  0.000  0.000  0.033  0.047  0.000  0.029  0.743
   0.77380     -4.358412  0.000  0.168  0.469  0.000  0.000  0.031  0.048  0.000  0.028  0.744
   0.80745     -4.309312  0.001  0.168  0.468  0.000  0.000  0.029  0.051  0.000  0.027  0.744
   0.84109     -4.258071  0.001  0.170  0.468  0.000  0.000  0.027  0.053  0.000  0.025  0.746
   0.87473     -4.204840  0.001  0.176  0.467  0.000  0.000  0.025  0.054  0.000  0.024  0.746
   0.90838     -4.149832  0.001  0.186  0.464  0.000  0.000  0.023  0.055  0.000  0.022  0.749
   0.94202     -4.093283  0.001  0.198  0.455  0.000  0.000  0.020  0.054  0.000  0.019  0.748
   0.97567     -4.035405  0.001  0.218  0.440  0.000  0.000  0.018  0.053  0.000  0.017  0.749
   1.00931     -3.976285  0.002  0.250  0.413  0.000  0.000  0.016  0.051  0.000  0.014  0.750
   1.04295     -3.915610  0.006  0.299  0.372  0.000  0.000  0.015  0.048  0.000  0.012  0.749
   1.07660     -3.852312  0.006  0.376  0.302  0.000  0.000  0.013  0.043  0.000  0.009  0.749
   1.11024     -3.784349  0.009  0.484  0.201  0.000  0.000  0.012  0.036  0.000  0.005  0.749
   1.14388     -3.710563  0.012  0.598  0.100  0.000  0.000  0.010  0.026  0.000  0.003  0.749
   1.17753     -3.634863  0.012  0.678  0.036  0.000  0.000  0.008  0.017  0.000  0.001  0.750
   1.21117     -3.565698  0.007  0.718  0.008  0.000  0.000  0.004  0.009  0.000  0.001  0.751
   1.24481     -3.511002  0.005  0.741  0.002  0.000  0.000  0.002  0.004  0.000  0.000  0.753
   1.27846     -3.476172  0.000  0.749  0.000  0.002  0.000  0.001  0.001  0.000  0.000  0.754
   1.31210     -3.464317  0.000  0.717  0.000  0.036  0.000  0.000  0.000  0.000  0.000  0.754
   1.31210     -3.464317  0.000  0.717  0.000  0.036  0.000  0.000  0.000  0.000  0.000  0.754
   1.34574     -3.477258  0.000  0.749  0.000  0.002  0.000  0.000  0.001  0.000  0.001  0.754
   1.37939     -3.514897  0.005  0.737  0.002  0.000  0.000  0.003  0.004  0.000  0.002  0.753
   1.41303     -3.572652  0.007  0.709  0.016  0.000  0.000  0.005  0.010  0.000  0.004  0.751
   1.44668     -3.642631  0.008  0.648  0.062  0.000  0.000  0.009  0.018  0.000  0.005  0.750
   1.48032     -3.714512  0.008  0.543  0.156  0.000  0.000  0.010  0.028  0.000  0.003  0.751
   1.51396     -3.781029  0.007  0.425  0.269  0.000  0.000  0.011  0.037  0.000  0.003  0.749
   1.54761     -3.842131  0.006  0.332  0.355  0.000  0.000  0.012  0.044  0.000  0.001  0.748
   1.58125     -3.900662  0.002  0.271  0.409  0.000  0.000  0.012  0.051  0.000  0.002  0.748
   1.61489     -3.958557  0.002  0.231  0.440  0.000  0.000  0.014  0.055  0.000  0.004  0.747
   1.64854     -4.016589  0.002  0.205  0.461  0.000  0.000  0.015  0.058  0.000  0.005  0.746
   1.68218     -4.074918  0.001  0.186  0.471  0.000  0.000  0.017  0.061  0.000  0.007  0.746
   1.71582     -4.133392  0.001  0.173  0.480  0.000  0.000  0.018  0.063  0.000  0.009  0.743
   1.74947     -4.191764  0.001  0.163  0.484  0.000  0.000  0.020  0.063  0.000  0.009  0.742
   1.78311     -4.249746  0.001  0.156  0.488  0.000  0.000  0.022  0.065  0.000  0.011  0.743
   1.81676     -4.307020  0.001  0.149  0.490  0.000  0.000  0.023  0.064  0.000  0.013  0.740
   1.85040     -4.363301  0.001  0.143  0.490  0.000  0.000  0.025  0.063  0.000  0.014  0.739
   1.88404     -4.418312  0.001  0.140  0.491  0.000  0.000  0.026  0.062  0.000  0.016  0.737
   1.91769     -4.471804  0.001  0.137  0.491  0.000  0.000  0.028  0.061  0.000  0.018  0.735
   1.95133     -4.523527  0.001  0.134  0.491  0.000  0.000  0.029  0.059  0.000  0.019  0.733
   1.98497     -4.573262  0.001  0.130  0.493  0.000  0.000  0.031  0.056  0.000  0.020  0.732
   2.01862     -4.620799  0.001  0.130  0.493  0.000  0.000  0.032  0.054  0.000  0.021  0.730
   2.05226     -4.665936  0.001  0.129  0.492  0.000  0.000  0.032  0.051  0.000  0.022  0.728
   2.08590     -4.708468  0.001  0.128  0.492  0.000  0.000  0.033  0.048  0.000  0.022  0.726
   2.11955     -4.728230  0.000  0.000  0.000  0.603  0.036  0.000  0.000  0.114  0.000  0.753
   2.15319     -4.726542  0.000  0.000  0.000  0.603  0.030  0.000  0.000  0.119  0.000  0.752
   2.18684     -4.726127  0.000  0.000  0.000  0.603  0.025  0.000  0.000  0.124  0.000  0.752
   2.22048     -4.726887  0.000  0.000  0.000  0.604  0.021  0.000  0.000  0.128  0.000  0.752
   2.25412     -4.728678  0.000  0.000  0.000  0.602  0.016  0.000  0.000  0.133  0.000  0.750
   2.28777     -4.731315  0.000  0.000  0.000  0.602  0.013  0.000  0.000  0.136  0.000  0.750
   2.32141     -4.734576  0.000  0.000  0.000  0.602  0.009  0.000  0.000  0.138  0.000  0.750
   2.35505     -4.738214  0.000  0.000  0.000  0.602  0.007  0.000  0.000  0.140  0.000  0.749
   2.38870     -4.741996  0.000  0.000  0.000  0.601  0.006  0.000  0.000  0.141  0.000  0.747
   2.42234     -4.745696  0.000  0.000  0.000  0.600  0.004  0.000  0.000  0.142  0.000  0.746
   2.45598     -4.749121  0.000  0.000  0.000  0.601  0.003  0.000  0.000  0.143  0.000  0.746
   2.48963     -4.752109  0.000  0.000  0.000  0.600  0.002  0.000  0.000  0.142  0.000  0.745
   2.52327     -4.754539  0.000  0.000  0.000  0.601  0.002  0.000  0.000  0.142  0.000  0.744
   2.55692     -4.756332  0.000  0.000  0.000  0.600  0.001  0.000  0.000  0.142  0.000  0.744
   2.59056     -4.757429  0.000  0.000  0.000  0.600  0.001  0.000  0.000  0.142  0.000  0.743
   2.62420     -4.757797  0.000  0.000  0.000  0.600  0.001  0.000  0.000  0.142  0.000  0.743
 
# Band-Index:   16
   2.62420     -4.582597  0.000  0.000  0.000  0.645  0.008  0.000  0.000  0.082  0.000  0.736
   2.59056     -4.581777  0.000  0.000  0.000  0.645  0.008  0.000  0.000  0.083  0.000  0.736
   2.55692     -4.579311  0.000  0.000  0.000  0.646  0.008  0.000  0.000  0.081  0.000  0.735
   2.52327     -4.575192  0.000  0.000  0.000  0.646  0.010  0.000  0.000  0.080  0.000  0.736
   2.48963     -4.569400  0.000  0.000  0.000  0.646  0.011  0.000  0.000  0.078  0.000  0.735
   2.45598     -4.561905  0.000  0.000  0.000  0.645  0.012  0.000  0.000  0.077  0.000  0.734
   2.42234     -4.552627  0.000  0.000  0.000  0.646  0.013  0.000  0.000  0.075  0.000  0.735
   2.38870     -4.541492  0.000  0.000  0.000  0.645  0.015  0.000  0.000  0.074  0.000  0.734
   2.35505     -4.528377  0.000  0.000  0.000  0.645  0.016  0.000  0.000  0.073  0.000  0.733
   2.32141     -4.513144  0.000  0.000  0.000  0.644  0.018  0.000  0.000  0.072  0.000  0.734
   2.28777     -4.495633  0.000  0.000  0.000  0.644  0.019  0.000  0.000  0.071  0.000  0.735
   2.25412     -4.475694  0.000  0.000  0.000  0.643  0.019  0.000  0.000  0.071  0.000  0.734
   2.22048     -4.453195  0.000  0.000  0.000  0.643  0.020  0.000  0.000  0.071  0.000  0.735
   2.18684     -4.428033  0.000  0.000  0.000  0.643  0.021  0.000  0.000  0.072  0.000  0.735
   2.15319     -4.400142  0.000  0.000  0.000  0.643  0.020  0.000  0.000  0.073  0.000  0.736
   2.11955     -4.369512  0.000  0.000  0.000  0.643  0.020  0.000  0.000  0.073  0.000  0.738
   2.08590     -4.336178  0.000  0.000  0.000  0.644  0.020  0.000  0.000  0.074  0.000  0.737
   2.05226     -4.300206  0.000  0.000  0.000  0.645  0.020  0.000  0.000  0.074  0.000  0.739
   2.01862     -4.261716  0.000  0.000  0.000  0.648  0.018  0.000  0.000  0.073  0.000  0.740
   1.98497     -4.220858  0.000  0.000  0.000  0.649  0.018  0.000  0.000  0.073  0.000  0.741
   1.95133     -4.177811  0.000  0.000  0.000  0.653  0.018  0.000  0.000  0.072  0.000  0.742
   1.91769     -4.132810  0.000  0.000  0.000  0.656  0.016  0.000  0.000  0.071  0.000  0.743
   1.88404     -4.086127  0.000  0.000  0.000  0.660  0.016  0.000  0.000  0.068  0.000  0.744
   1.85040     -4.038042  0.000  0.000  0.000  0.665  0.015  0.000  0.000  0.067  0.000  0.746
   1.81676     -3.988895  0.000  0.000  0.000  0.671  0.014  0.000  0.000  0.063  0.000  0.748
   1.78311     -3.939057  0.000  0.000  0.000  0.676  0.013  0.000  0.000  0.060  0.000  0.749
   1.74947     -3.888946  0.000  0.000  0.000  0.682  0.012  0.000  0.000  0.055  0.000  0.749
   1.71582     -3.839021  0.000  0.000  0.000  0.687  0.011  0.000  0.000  0.051  0.000  0.748
   1.68218     -3.789772  0.000  0.000  0.000  0.695  0.010  0.000  0.000  0.047  0.000  0.750
   1.64854     -3.741759  0.000  0.000  0.000  0.702  0.008  0.000  0.000  0.041  0.000  0.752
   1.61489     -3.695552  0.000  0.000  0.000  0.708  0.007  0.000  0.000  0.035  0.000  0.751
   1.58125     -3.651762  0.000  0.000  0.000  0.716  0.006  0.000  0.000  0.030  0.000  0.752
   1.54761     -3.611029  0.000  0.000  0.000  0.723  0.005  0.000  0.000  0.024  0.000  0.753
   1.51396     -3.573995  0.000  0.000  0.000  0.729  0.004  0.000  0.000  0.019  0.000  0.753
   1.48032     -3.541302  0.000  0.000  0.000  0.738  0.003  0.000  0.000  0.014  0.000  0.755
   1.44668     -3.513563  0.000  0.000  0.000  0.744  0.002  0.000  0.000  0.009  0.000  0.754
   1.41303     -3.491332  0.000  0.000  0.000  0.748  0.001  0.000  0.000  0.005  0.000  0.754
   1.37939     -3.475082  0.000  0.000  0.000  0.752  0.000  0.000  0.000  0.002  0.000  0.754
   1.34574     -3.465164  0.000  0.002  0.000  0.751  0.000  0.000  0.000  0.001  0.000  0.755
   1.31210     -3.461737  0.000  0.036  0.000  0.717  0.000  0.000  0.000  0.000  0.000  0.753
   1.31210     -3.461737  0.000  0.036  0.000  0.717  0.000  0.000  0.000  0.000  0.000  0.753
   1.27846     -3.466286  0.000  0.002  0.000  0.751  0.001  0.000  0.000  0.000  0.000  0.755
   1.24481     -3.479490  0.000  0.000  0.000  0.749  0.003  0.000  0.000  0.003  0.000  0.755
   1.21117     -3.500884  0.000  0.000  0.000  0.741  0.006  0.000  0.000  0.006  0.000  0.753
   1.17753     -3.529685  0.000  0.000  0.000  0.733  0.010  0.000  0.000  0.011  0.000  0.754
   1.14388     -3.564907  0.000  0.000  0.000  0.725  0.015  0.000  0.000  0.015  0.000  0.755
   1.11024     -3.605459  0.000  0.000  0.000  0.715  0.020  0.000  0.000  0.021  0.000  0.756
   1.07660     -3.650218  0.000  0.000  0.000  0.703  0.025  0.000  0.000  0.025  0.000  0.753
   1.04295     -3.698086  0.000  0.000  0.000  0.693  0.030  0.000  0.000  0.030  0.000  0.754
   1.00931     -3.748030  0.000  0.000  0.000  0.684  0.035  0.000  0.000  0.034  0.000  0.754
   0.97567     -3.799090  0.000  0.000  0.000  0.675  0.040  0.000  0.000  0.038  0.000  0.753
   0.94202     -3.850395  0.000  0.000  0.000  0.667  0.044  0.000  0.000  0.041  0.000  0.752
   0.90838     -3.901169  0.000  0.000  0.000  0.662  0.048  0.000  0.000  0.043  0.000  0.751
   0.87473     -3.950705  0.000  0.000  0.000  0.656  0.050  0.000  0.000  0.044  0.000  0.750
   0.84109     -3.998396  0.000  0.000  0.000  0.651  0.053  0.000  0.000  0.044  0.000  0.748
   0.80745     -4.043723  0.000  0.000  0.000  0.649  0.055  0.000  0.000  0.044  0.000  0.748
   0.77380     -4.086269  0.000  0.000  0.000  0.647  0.057  0.000  0.000  0.043  0.000  0.746
   0.74016     -4.125734  0.000  0.000  0.000  0.645  0.058  0.000  0.000  0.040  0.000  0.743
   0.70652     -4.161952  0.000  0.000  0.000  0.646  0.058  0.000  0.000  0.039  0.000  0.743
   0.67287     -4.194919  0.000  0.000  0.000  0.647  0.057  0.000  0.000  0.036  0.000  0.740
   0.63923     -4.224784  0.000  0.000  0.000  0.651  0.055  0.000  0.000  0.035  0.000  0.740
   0.60559     -4.251837  0.000  0.000  0.000  0.652  0.052  0.000  0.000  0.033  0.000  0.739
   0.57194     -4.276525  0.000  0.000  0.000  0.654  0.049  0.000  0.000  0.033  0.000  0.736
   0.53830     -4.299356  0.000  0.000  0.000  0.657  0.045  0.000  0.000  0.033  0.000  0.735
   0.50465     -4.320862  0.000  0.000  0.000  0.659  0.041  0.000  0.000  0.034  0.000  0.735
   0.47101     -4.341554  0.000  0.000  0.000  0.661  0.036  0.000  0.000  0.036  0.000  0.734
   0.43737     -4.361854  0.000  0.000  0.000  0.662  0.033  0.000  0.000  0.040  0.000  0.734
   0.40372     -4.382076  0.000  0.000  0.000  0.662  0.028  0.000  0.000  0.042  0.000  0.734
   0.37008     -4.402445  0.000  0.000  0.000  0.662  0.024  0.000  0.000  0.047  0.000  0.733
   0.33644     -4.423058  0.000  0.000  0.000  0.661  0.020  0.000  0.000  0.051  0.000  0.732
   0.30279     -4.443900  0.000  0.000  0.000  0.660  0.017  0.000  0.000  0.056  0.000  0.732
   0.26915     -4.464846  0.000  0.000  0.000  0.658  0.014  0.000  0.000  0.060  0.000  0.733
   0.23551     -4.485677  0.000  0.000  0.000  0.657  0.012  0.000  0.000  0.065  0.000  0.734
   0.20186     -4.506058  0.000  0.000  0.000  0.655  0.011  0.000  0.000  0.069  0.000  0.734
   0.16822     -4.525536  0.000  0.000  0.000  0.652  0.009  0.000  0.000  0.073  0.000  0.734
   0.13457     -4.543508  0.000  0.000  0.000  0.650  0.008  0.000  0.000  0.076  0.000  0.734
   0.10093     -4.559204  0.000  0.000  0.000  0.648  0.008  0.000  0.000  0.079  0.000  0.736
   0.06729     -4.571654  0.000  0.000  0.000  0.647  0.008  0.000  0.000  0.081  0.000  0.735
   0.03364     -4.579766  0.000  0.000  0.000  0.645  0.008  0.000  0.000  0.082  0.000  0.735
   0.00000     -4.582597  0.000  0.000  0.000  0.645  0.008  0.000  0.000  0.082  0.000  0.736
 
# Band-Index:   17
   0.00000     -2.139950  0.002  0.020  0.064  0.000  0.000  0.198  0.295  0.000  0.265  0.846
   0.03364     -2.139556  0.002  0.020  0.064  0.000  0.000  0.198  0.295  0.000  0.266  0.846
   0.06729     -2.138367  0.002  0.020  0.064  0.000  0.000  0.197  0.295  0.000  0.266  0.846
   0.10093     -2.136384  0.002  0.020  0.064  0.000  0.000  0.196  0.296  0.000  0.267  0.847
   0.13457     -2.133601  0.002  0.020  0.062  0.000  0.000  0.196  0.297  0.000  0.268  0.846
   0.16822     -2.130014  0.003  0.020  0.062  0.000  0.000  0.195  0.298  0.000  0.269  0.847
   0.20186     -2.125613  0.003  0.020  0.060  0.000  0.000  0.193  0.300  0.000  0.271  0.847
   0.23551     -2.120386  0.003  0.020  0.057  0.000  0.000  0.192  0.303  0.000  0.272  0.847
   0.26915     -2.114328  0.003  0.020  0.057  0.000  0.000  0.190  0.305  0.000  0.274  0.848
   0.30279     -2.107427  0.003  0.020  0.055  0.000  0.000  0.189  0.308  0.000  0.275  0.850
   0.33644     -2.099674  0.003  0.020  0.053  0.000  0.000  0.187  0.312  0.000  0.276  0.850
   0.37008     -2.091077  0.003  0.019  0.050  0.000  0.000  0.185  0.316  0.000  0.277  0.852
   0.40372     -2.081655  0.003  0.019  0.048  0.000  0.000  0.183  0.321  0.000  0.277  0.852
   0.43737     -2.071444  0.003  0.019  0.046  0.000  0.000  0.182  0.327  0.000  0.277  0.853
   0.47101     -2.060496  0.003  0.019  0.043  0.000  0.000  0.180  0.333  0.000  0.276  0.854
   0.50465     -2.048900  0.003  0.017  0.041  0.000  0.000  0.177  0.341  0.000  0.274  0.855
   0.53830     -2.036771  0.003  0.017  0.040  0.000  0.000  0.175  0.350  0.000  0.272  0.856
   0.57194     -2.024243  0.003  0.016  0.038  0.000  0.000  0.172  0.359  0.000  0.269  0.857
   0.60559     -2.011498  0.002  0.016  0.037  0.000  0.000  0.170  0.370  0.000  0.264  0.860
   0.63923     -1.998747  0.002  0.016  0.035  0.000  0.000  0.166  0.382  0.000  0.259  0.861
   0.67287     -1.986240  0.002  0.014  0.034  0.000  0.000  0.162  0.397  0.000  0.253  0.861
   0.70652     -1.974280  0.002  0.014  0.034  0.000  0.000  0.156  0.412  0.000  0.245  0.864
   0.74016     -1.963228  0.002  0.013  0.033  0.000  0.000  0.149  0.432  0.000  0.235  0.864
   0.77380     -1.953517  0.002  0.011  0.035  0.000  0.000  0.141  0.453  0.000  0.223  0.865
   0.80745     -1.945668  0.002  0.011  0.034  0.000  0.000  0.132  0.478  0.000  0.208  0.866
   0.84109     -1.940292  0.002  0.011  0.036  0.000  0.000  0.121  0.507  0.000  0.190  0.868
   0.87473     -1.938108  0.002  0.011  0.037  0.000  0.000  0.107  0.540  0.000  0.170  0.867
   0.90838     -1.939885  0.002  0.011  0.041  0.000  0.000  0.092  0.576  0.000  0.146  0.868
   0.94202     -1.946374  0.002  0.013  0.043  0.000  0.000  0.075  0.616  0.000  0.120  0.868
   0.97567     -1.958153  0.002  0.012  0.047  0.000  0.000  0.057  0.655  0.000  0.092  0.867
   1.00931     -1.975408  0.002  0.014  0.048  0.000  0.000  0.042  0.691  0.000  0.067  0.866
   1.04295     -1.997766  0.002  0.014  0.050  0.000  0.000  0.027  0.724  0.000  0.045  0.864
   1.07660     -2.024221  0.002  0.016  0.050  0.000  0.000  0.017  0.750  0.000  0.028  0.862
   1.11024     -2.053211  0.002  0.014  0.048  0.000  0.000  0.009  0.771  0.000  0.015  0.862
   1.14388     -2.082827  0.002  0.013  0.046  0.000  0.000  0.005  0.787  0.000  0.008  0.862
   1.17753     -2.111001  0.002  0.010  0.044  0.000  0.000  0.002  0.800  0.000  0.003  0.862
   1.21117     -2.135675  0.003  0.006  0.040  0.000  0.000  0.001  0.810  0.000  0.001  0.862
   1.24481     -2.154952  0.003  0.004  0.038  0.000  0.000  0.000  0.817  0.000  0.000  0.862
   1.27846     -2.167242  0.003  0.000  0.036  0.000  0.000  0.000  0.822  0.000  0.000  0.862
   1.31210     -2.171465  0.003  0.000  0.036  0.000  0.000  0.000  0.823  0.000  0.000  0.863
   1.31210     -2.171465  0.003  0.000  0.036  0.000  0.000  0.000  0.823  0.000  0.000  0.863
   1.34574     -2.167237  0.003  0.000  0.036  0.000  0.000  0.000  0.822  0.000  0.000  0.862
   1.37939     -2.154864  0.003  0.004  0.038  0.000  0.000  0.000  0.817  0.000  0.000  0.862
   1.41303     -2.135214  0.003  0.006  0.040  0.000  0.000  0.000  0.811  0.000  0.000  0.862
   1.44668     -2.109505  0.002  0.010  0.044  0.000  0.000  0.001  0.801  0.000  0.001  0.861
   1.48032     -2.079107  0.002  0.012  0.049  0.000  0.000  0.003  0.791  0.000  0.002  0.861
   1.51396     -2.045453  0.002  0.014  0.054  0.000  0.000  0.006  0.780  0.000  0.004  0.861
   1.54761     -2.009983  0.002  0.016  0.058  0.000  0.000  0.011  0.767  0.000  0.007  0.862
   1.58125     -1.974150  0.002  0.016  0.062  0.000  0.000  0.018  0.752  0.000  0.011  0.863
   1.61489     -1.939426  0.002  0.016  0.066  0.000  0.000  0.028  0.734  0.000  0.019  0.865
   1.64854     -1.907294  0.002  0.015  0.070  0.000  0.000  0.041  0.709  0.000  0.029  0.867
   1.68218     -1.879190  0.002  0.013  0.072  0.000  0.000  0.057  0.680  0.000  0.043  0.867
   1.71582     -1.856407  0.003  0.013  0.072  0.000  0.000  0.076  0.644  0.000  0.061  0.869
   1.74947     -1.839932  0.003  0.013  0.072  0.000  0.000  0.098  0.603  0.000  0.081  0.871
   1.78311     -1.830319  0.004  0.013  0.072  0.000  0.000  0.120  0.559  0.000  0.105  0.872
   1.81676     -1.827643  0.004  0.014  0.070  0.000  0.000  0.139  0.515  0.000  0.129  0.872
   1.85040     -1.831554  0.006  0.014  0.068  0.000  0.000  0.158  0.474  0.000  0.152  0.871
   1.88404     -1.841403  0.006  0.016  0.066  0.000  0.000  0.173  0.437  0.000  0.174  0.871
   1.91769     -1.856370  0.007  0.015  0.064  0.000  0.000  0.186  0.405  0.000  0.193  0.869
   1.95133     -1.875544  0.008  0.017  0.063  0.000  0.000  0.195  0.377  0.000  0.211  0.869
   1.98497     -1.897971  0.007  0.017  0.061  0.000  0.000  0.202  0.354  0.000  0.226  0.867
   2.01862     -1.922702  0.008  0.017  0.059  0.000  0.000  0.207  0.335  0.000  0.238  0.866
   2.05226     -1.948793  0.009  0.016  0.059  0.000  0.000  0.210  0.320  0.000  0.249  0.864
   2.08590     -1.975327  0.009  0.016  0.058  0.000  0.000  0.212  0.308  0.000  0.258  0.862
   2.11955     -2.001437  0.009  0.014  0.058  0.000  0.000  0.212  0.300  0.000  0.265  0.860
   2.15319     -2.026349  0.009  0.014  0.057  0.000  0.000  0.213  0.293  0.000  0.270  0.859
   2.18684     -2.049388  0.009  0.014  0.057  0.000  0.000  0.212  0.289  0.000  0.274  0.856
   2.22048     -2.070024  0.009  0.014  0.058  0.000  0.000  0.212  0.286  0.000  0.277  0.856
   2.25412     -2.087897  0.008  0.014  0.058  0.000  0.000  0.210  0.284  0.000  0.279  0.852
   2.28777     -2.102821  0.007  0.015  0.057  0.000  0.000  0.208  0.285  0.000  0.279  0.852
   2.32141     -2.114782  0.007  0.015  0.058  0.000  0.000  0.206  0.286  0.000  0.278  0.851
   2.35505     -2.123926  0.006  0.016  0.059  0.000  0.000  0.205  0.286  0.000  0.277  0.849
   2.38870     -2.130535  0.005  0.016  0.060  0.000  0.000  0.203  0.287  0.000  0.276  0.847
   2.42234     -2.134993  0.005  0.017  0.062  0.000  0.000  0.202  0.289  0.000  0.273  0.848
   2.45598     -2.137733  0.004  0.017  0.063  0.000  0.000  0.200  0.291  0.000  0.271  0.847
   2.48963     -2.139202  0.003  0.018  0.063  0.000  0.000  0.200  0.292  0.000  0.269  0.845
   2.52327     -2.139836  0.003  0.020  0.064  0.000  0.000  0.199  0.294  0.000  0.267  0.847
   2.55692     -2.139998  0.002  0.020  0.064  0.000  0.000  0.198  0.294  0.000  0.267  0.846
   2.59056     -2.139979  0.002  0.020  0.064  0.000  0.000  0.198  0.295  0.000  0.265  0.845
   2.62420     -2.139950  0.002  0.020  0.064  0.000  0.000  0.198  0.295  0.000  0.265  0.846
 
# Band-Index:   18
   2.62420     -0.340910  0.000  0.000  0.000  0.034  0.687  0.000  0.000  0.242  0.000  0.963
   2.59056     -0.342786  0.000  0.000  0.000  0.034  0.687  0.000  0.000  0.242  0.000  0.962
   2.55692     -0.348385  0.000  0.000  0.000  0.034  0.686  0.000  0.000  0.242  0.000  0.963
   2.52327     -0.357668  0.000  0.000  0.000  0.034  0.685  0.000  0.000  0.241  0.000  0.962
   2.48963     -0.370558  0.000  0.000  0.000  0.034  0.684  0.000  0.000  0.242  0.000  0.960
   2.45598     -0.386941  0.000  0.000  0.000  0.034  0.682  0.000  0.000  0.242  0.000  0.959
   2.42234     -0.406671  0.000  0.000  0.000  0.034  0.680  0.000  0.000  0.243  0.000  0.958
   2.38870     -0.429597  0.000  0.000  0.000  0.036  0.679  0.000  0.000  0.243  0.000  0.957
   2.35505     -0.455530  0.000  0.000  0.000  0.036  0.676  0.000  0.000  0.244  0.000  0.955
   2.32141     -0.484269  0.000  0.000  0.000  0.036  0.673  0.000  0.000  0.244  0.000  0.953
   2.28777     -0.515586  0.000  0.000  0.000  0.036  0.669  0.000  0.000  0.245  0.000  0.950
   2.25412     -0.549251  0.000  0.000  0.000  0.038  0.665  0.000  0.000  0.246  0.000  0.950
   2.22048     -0.585073  0.000  0.006  0.000  0.036  0.618  0.004  0.034  0.231  0.016  0.946
   2.18684     -0.637671  0.007  0.079  0.015  0.000  0.000  0.069  0.499  0.000  0.242  0.912
   2.15319     -0.692136  0.008  0.078  0.015  0.000  0.000  0.071  0.488  0.000  0.245  0.909
   2.11955     -0.747294  0.008  0.078  0.017  0.000  0.000  0.075  0.476  0.000  0.249  0.905
   2.08590     -0.802728  0.008  0.078  0.017  0.000  0.000  0.080  0.463  0.000  0.254  0.901
   2.05226     -0.858049  0.009  0.080  0.017  0.000  0.000  0.084  0.446  0.000  0.260  0.897
   2.01862     -0.912872  0.009  0.080  0.019  0.000  0.000  0.092  0.427  0.000  0.267  0.894
   1.98497     -0.966789  0.011  0.082  0.017  0.000  0.000  0.101  0.405  0.000  0.276  0.893
   1.95133     -1.019332  0.012  0.082  0.017  0.000  0.000  0.111  0.380  0.000  0.287  0.889
   1.91769     -1.070006  0.012  0.084  0.017  0.000  0.000  0.125  0.350  0.000  0.300  0.888
   1.88404     -1.118245  0.012  0.086  0.015  0.000  0.000  0.141  0.316  0.000  0.316  0.887
   1.85040     -1.163439  0.013  0.086  0.013  0.000  0.000  0.160  0.278  0.000  0.335  0.885
   1.81676     -1.204962  0.013  0.088  0.011  0.000  0.000  0.182  0.236  0.000  0.355  0.885
   1.78311     -1.242266  0.013  0.088  0.008  0.000  0.000  0.207  0.193  0.000  0.377  0.885
   1.74947     -1.274997  0.012  0.086  0.006  0.000  0.000  0.231  0.150  0.000  0.399  0.887
   1.71582     -1.303146  0.012  0.085  0.004  0.000  0.000  0.255  0.112  0.000  0.420  0.888
   1.68218     -1.327072  0.011  0.081  0.004  0.000  0.000  0.278  0.079  0.000  0.439  0.889
   1.64854     -1.347481  0.010  0.077  0.002  0.000  0.000  0.296  0.052  0.000  0.455  0.891
   1.61489     -1.365257  0.007  0.071  0.002  0.000  0.000  0.311  0.033  0.000  0.468  0.894
   1.58125     -1.381289  0.006  0.065  0.002  0.000  0.000  0.322  0.021  0.000  0.480  0.896
   1.54761     -1.396323  0.005  0.059  0.002  0.000  0.000  0.330  0.011  0.000  0.490  0.898
   1.51396     -1.410829  0.004  0.051  0.002  0.000  0.001  0.337  0.006  0.000  0.499  0.900
   1.48032     -1.424924  0.001  0.045  0.002  0.000  0.002  0.341  0.003  0.001  0.507  0.903
   1.44668     -1.438344  0.000  0.036  0.002  0.000  0.006  0.342  0.001  0.003  0.512  0.905
   1.41303     -1.450422  0.000  0.030  0.002  0.000  0.016  0.338  0.000  0.011  0.508  0.906
   1.37939     -1.460176  0.000  0.024  0.000  0.002  0.027  0.332  0.000  0.017  0.503  0.906
   1.34574     -1.466555  0.000  0.020  0.000  0.002  0.028  0.333  0.000  0.018  0.506  0.906
   1.31210     -1.468779  0.000  0.020  0.000  0.002  0.026  0.334  0.000  0.017  0.508  0.907
   1.31210     -1.468779  0.000  0.020  0.000  0.002  0.026  0.334  0.000  0.017  0.508  0.907
   1.27846     -1.468244  0.000  0.020  0.000  0.000  0.005  0.348  0.000  0.003  0.529  0.908
   1.24481     -1.466736  0.000  0.022  0.000  0.000  0.001  0.350  0.000  0.000  0.532  0.907
   1.21117     -1.463941  0.000  0.026  0.002  0.000  0.000  0.348  0.001  0.000  0.529  0.906
   1.17753     -1.459316  0.000  0.028  0.004  0.000  0.000  0.346  0.003  0.000  0.523  0.904
   1.14388     -1.452114  0.000  0.034  0.006  0.000  0.000  0.342  0.008  0.000  0.514  0.904
   1.11024     -1.441398  0.000  0.038  0.010  0.000  0.000  0.336  0.016  0.000  0.501  0.901
   1.07660     -1.426081  0.000  0.044  0.014  0.000  0.000  0.327  0.030  0.000  0.483  0.900
   1.04295     -1.405103  0.000  0.052  0.020  0.000  0.000  0.315  0.051  0.000  0.459  0.898
   1.00931     -1.377615  0.000  0.058  0.026  0.000  0.000  0.300  0.078  0.000  0.431  0.897
   0.97567     -1.343209  0.000  0.066  0.033  0.000  0.000  0.281  0.111  0.000  0.401  0.895
   0.94202     -1.302016  0.002  0.072  0.041  0.000  0.000  0.262  0.149  0.000  0.369  0.893
   0.90838     -1.254686  0.002  0.078  0.047  0.000  0.000  0.244  0.186  0.000  0.339  0.893
   0.87473     -1.202203  0.002  0.082  0.053  0.000  0.000  0.226  0.222  0.000  0.312  0.894
   0.84109     -1.145706  0.002  0.086  0.057  0.000  0.000  0.209  0.254  0.000  0.287  0.894
   0.80745     -1.086337  0.002  0.090  0.059  0.000  0.000  0.194  0.285  0.000  0.267  0.897
   0.77380     -1.025168  0.000  0.092  0.062  0.000  0.000  0.181  0.311  0.000  0.251  0.899
   0.74016     -0.963178  0.000  0.094  0.062  0.000  0.000  0.168  0.335  0.000  0.239  0.901
   0.70652     -0.901233  0.000  0.096  0.062  0.000  0.000  0.157  0.356  0.000  0.229  0.904
   0.67287     -0.840217  0.000  0.086  0.056  0.006  0.066  0.131  0.333  0.033  0.197  0.910
   0.63923     -0.806616  0.000  0.000  0.000  0.055  0.591  0.000  0.000  0.288  0.000  0.935
   0.60559     -0.774517  0.000  0.000  0.000  0.051  0.600  0.000  0.000  0.286  0.000  0.937
   0.57194     -0.742655  0.000  0.000  0.000  0.047  0.608  0.000  0.000  0.284  0.000  0.939
   0.53830     -0.710872  0.000  0.000  0.000  0.043  0.616  0.000  0.000  0.282  0.000  0.941
   0.50465     -0.679070  0.000  0.000  0.000  0.040  0.624  0.000  0.000  0.279  0.000  0.943
   0.47101     -0.647240  0.000  0.000  0.000  0.036  0.632  0.000  0.000  0.277  0.000  0.944
   0.43737     -0.615419  0.000  0.000  0.000  0.034  0.639  0.000  0.000  0.274  0.000  0.946
   0.40372     -0.583754  0.000  0.000  0.000  0.034  0.646  0.000  0.000  0.270  0.000  0.950
   0.37008     -0.552463  0.000  0.000  0.000  0.032  0.652  0.000  0.000  0.267  0.000  0.951
   0.33644     -0.521838  0.000  0.000  0.000  0.032  0.658  0.000  0.000  0.263  0.000  0.954
   0.30279     -0.492235  0.000  0.000  0.000  0.030  0.663  0.000  0.000  0.260  0.000  0.954
   0.26915     -0.464059  0.000  0.000  0.000  0.030  0.669  0.000  0.000  0.256  0.000  0.955
   0.23551     -0.437752  0.000  0.000  0.000  0.032  0.672  0.000  0.000  0.253  0.000  0.959
   0.20186     -0.413766  0.000  0.000  0.000  0.032  0.677  0.000  0.000  0.251  0.000  0.960
   0.16822     -0.392552  0.000  0.000  0.000  0.032  0.679  0.000  0.000  0.248  0.000  0.959
   0.13457     -0.374521  0.000  0.000  0.000  0.032  0.682  0.000  0.000  0.245  0.000  0.960
   0.10093     -0.360067  0.000  0.000  0.000  0.032  0.684  0.000  0.000  0.244  0.000  0.961
   0.06729     -0.349507  0.000  0.000  0.000  0.034  0.686  0.000  0.000  0.242  0.000  0.963
   0.03364     -0.343075  0.000  0.000  0.000  0.034  0.687  0.000  0.000  0.242  0.000  0.964
   0.00000     -0.340910  0.000  0.000  0.000  0.034  0.687  0.000  0.000  0.242  0.000  0.963
 
# Band-Index:   19
   0.00000     -0.204520  0.002  0.091  0.000  0.000  0.000  0.067  0.563  0.000  0.228  0.951
   0.03364     -0.206290  0.002  0.091  0.000  0.000  0.000  0.067  0.562  0.000  0.228  0.952
   0.06729     -0.211566  0.002  0.091  0.002  0.000  0.000  0.067  0.560  0.000  0.228  0.950
   0.10093     -0.220301  0.002  0.091  0.004  0.000  0.000  0.067  0.557  0.000  0.228  0.949
   0.13457     -0.232374  0.002  0.093  0.006  0.000  0.000  0.068  0.554  0.000  0.227  0.950
   0.16822     -0.247660  0.003  0.093  0.008  0.000  0.000  0.068  0.548  0.000  0.227  0.947
   0.20186     -0.266011  0.003  0.095  0.012  0.000  0.000  0.069  0.543  0.000  0.226  0.945
   0.23551     -0.287342  0.003  0.095  0.014  0.000  0.000  0.071  0.536  0.000  0.224  0.945
   0.26915     -0.311593  0.002  0.096  0.018  0.000  0.000  0.073  0.528  0.000  0.223  0.942
   0.30279     -0.338747  0.002  0.096  0.024  0.000  0.000  0.076  0.519  0.000  0.221  0.940
   0.33644     -0.368820  0.002  0.098  0.028  0.000  0.000  0.079  0.510  0.000  0.219  0.937
   0.37008     -0.401883  0.002  0.098  0.032  0.000  0.000  0.083  0.500  0.000  0.217  0.934
   0.40372     -0.438052  0.002  0.100  0.038  0.000  0.000  0.088  0.489  0.000  0.215  0.932
   0.43737     -0.477425  0.002  0.100  0.042  0.000  0.000  0.093  0.478  0.000  0.214  0.929
   0.47101     -0.520079  0.001  0.102  0.046  0.000  0.000  0.099  0.466  0.000  0.212  0.927
   0.50465     -0.566042  0.001  0.102  0.050  0.000  0.000  0.106  0.453  0.000  0.211  0.922
   0.53830     -0.615266  0.000  0.102  0.054  0.000  0.000  0.113  0.440  0.000  0.210  0.919
   0.57194     -0.667575  0.000  0.102  0.058  0.000  0.000  0.120  0.426  0.000  0.211  0.915
   0.60559     -0.722738  0.000  0.100  0.060  0.000  0.000  0.129  0.411  0.000  0.213  0.913
   0.63923     -0.780393  0.000  0.100  0.062  0.000  0.000  0.137  0.394  0.000  0.217  0.910
   0.67287     -0.838994  0.000  0.012  0.008  0.053  0.516  0.017  0.043  0.257  0.025  0.930
   0.70652     -0.872308  0.000  0.000  0.000  0.064  0.574  0.000  0.000  0.292  0.000  0.931
   0.74016     -0.906374  0.000  0.000  0.000  0.068  0.567  0.000  0.000  0.293  0.000  0.929
   0.77380     -0.941525  0.000  0.000  0.000  0.070  0.560  0.000  0.000  0.296  0.000  0.926
   0.80745     -0.977925  0.000  0.000  0.000  0.074  0.552  0.000  0.000  0.298  0.000  0.925
   0.84109     -1.015667  0.000  0.000  0.000  0.076  0.546  0.000  0.000  0.299  0.000  0.923
   0.87473     -1.054760  0.000  0.000  0.000  0.076  0.541  0.000  0.000  0.302  0.000  0.919
   0.90838     -1.095101  0.000  0.000  0.000  0.076  0.536  0.000  0.000  0.305  0.000  0.917
   0.94202     -1.136463  0.000  0.000  0.000  0.074  0.532  0.000  0.000  0.309  0.000  0.915
   0.97567     -1.178485  0.000  0.000  0.000  0.072  0.529  0.000  0.000  0.312  0.000  0.914
   1.00931     -1.220661  0.000  0.000  0.000  0.068  0.527  0.000  0.000  0.316  0.000  0.912
   1.04295     -1.262337  0.000  0.000  0.000  0.064  0.526  0.000  0.000  0.322  0.000  0.912
   1.07660     -1.302719  0.000  0.000  0.000  0.057  0.525  0.000  0.000  0.326  0.000  0.910
   1.11024     -1.340884  0.000  0.000  0.000  0.051  0.526  0.000  0.000  0.332  0.000  0.909
   1.14388     -1.375805  0.000  0.000  0.000  0.045  0.527  0.000  0.000  0.337  0.000  0.910
   1.17753     -1.406402  0.000  0.000  0.000  0.037  0.529  0.000  0.000  0.342  0.000  0.907
   1.21117     -1.431599  0.000  0.000  0.000  0.030  0.530  0.000  0.000  0.346  0.000  0.908
   1.24481     -1.450410  0.000  0.000  0.000  0.026  0.531  0.000  0.000  0.349  0.001  0.908
   1.27846     -1.462014  0.000  0.000  0.000  0.022  0.528  0.003  0.000  0.349  0.005  0.908
   1.31210     -1.465877  0.000  0.002  0.000  0.020  0.508  0.017  0.000  0.335  0.026  0.906
   1.31210     -1.465877  0.000  0.002  0.000  0.020  0.508  0.017  0.000  0.335  0.026  0.906
   1.34574     -1.463731  0.000  0.002  0.000  0.020  0.507  0.018  0.000  0.334  0.027  0.908
   1.37939     -1.457349  0.000  0.002  0.000  0.022  0.508  0.018  0.000  0.333  0.027  0.907
   1.41303     -1.446870  0.000  0.000  0.000  0.022  0.520  0.011  0.000  0.337  0.016  0.908
   1.44668     -1.432457  0.000  0.000  0.000  0.026  0.533  0.003  0.000  0.340  0.005  0.908
   1.48032     -1.414308  0.000  0.000  0.000  0.028  0.540  0.001  0.000  0.338  0.002  0.908
   1.51396     -1.392693  0.000  0.000  0.000  0.030  0.545  0.000  0.000  0.333  0.000  0.909
   1.54761     -1.367894  0.000  0.000  0.000  0.032  0.550  0.000  0.000  0.328  0.000  0.909
   1.58125     -1.340207  0.000  0.000  0.000  0.036  0.554  0.000  0.000  0.321  0.000  0.912
   1.61489     -1.309907  0.000  0.000  0.000  0.038  0.559  0.000  0.000  0.315  0.000  0.912
   1.64854     -1.277265  0.000  0.000  0.000  0.040  0.565  0.000  0.000  0.309  0.000  0.914
   1.68218     -1.242532  0.000  0.000  0.000  0.040  0.570  0.000  0.000  0.304  0.000  0.914
   1.71582     -1.205950  0.000  0.000  0.000  0.042  0.576  0.000  0.000  0.298  0.000  0.916
   1.74947     -1.167750  0.000  0.000  0.000  0.043  0.582  0.000  0.000  0.292  0.000  0.917
   1.78311     -1.128149  0.000  0.000  0.000  0.044  0.588  0.000  0.000  0.286  0.000  0.920
   1.81676     -1.087362  0.000  0.000  0.000  0.044  0.594  0.000  0.000  0.281  0.000  0.921
   1.85040     -1.045596  0.000  0.000  0.000  0.044  0.601  0.000  0.000  0.278  0.000  0.922
   1.88404     -1.003065  0.000  0.000  0.000  0.044  0.607  0.000  0.000  0.273  0.000  0.924
   1.91769     -0.959981  0.000  0.000  0.000  0.044  0.613  0.000  0.000  0.269  0.000  0.927
   1.95133     -0.916562  0.000  0.000  0.000  0.044  0.619  0.000  0.000  0.265  0.000  0.929
   1.98497     -0.873031  0.000  0.000  0.000  0.044  0.625  0.000  0.000  0.262  0.000  0.932
   2.01862     -0.829609  0.000  0.000  0.000  0.042  0.631  0.000  0.000  0.259  0.000  0.932
   2.05226     -0.786536  0.000  0.000  0.000  0.042  0.636  0.000  0.000  0.257  0.000  0.935
   2.08590     -0.744054  0.000  0.000  0.000  0.042  0.642  0.000  0.000  0.255  0.000  0.939
   2.11955     -0.702406  0.000  0.000  0.000  0.040  0.648  0.000  0.000  0.252  0.000  0.940
   2.15319     -0.661852  0.000  0.000  0.000  0.040  0.652  0.000  0.000  0.250  0.000  0.943
   2.18684     -0.622634  0.000  0.000  0.000  0.040  0.657  0.000  0.000  0.249  0.000  0.946
   2.22048     -0.584238  0.007  0.075  0.013  0.002  0.044  0.063  0.475  0.016  0.224  0.918
   2.25412     -0.532458  0.006  0.081  0.013  0.000  0.000  0.066  0.517  0.000  0.237  0.920
   2.28777     -0.482636  0.006  0.081  0.011  0.000  0.000  0.065  0.524  0.000  0.236  0.924
   2.32141     -0.435309  0.005  0.083  0.009  0.000  0.000  0.065  0.532  0.000  0.235  0.928
   2.35505     -0.390997  0.005  0.085  0.009  0.000  0.000  0.065  0.538  0.000  0.233  0.933
   2.38870     -0.350228  0.003  0.085  0.007  0.000  0.000  0.065  0.543  0.000  0.232  0.935
   2.42234     -0.313527  0.002  0.087  0.005  0.000  0.000  0.065  0.548  0.000  0.232  0.939
   2.45598     -0.281436  0.002  0.087  0.005  0.000  0.000  0.066  0.553  0.000  0.230  0.942
   2.48963     -0.254391  0.003  0.089  0.002  0.000  0.000  0.066  0.555  0.000  0.230  0.945
   2.52327     -0.232858  0.002  0.089  0.002  0.000  0.000  0.066  0.558  0.000  0.229  0.947
   2.55692     -0.217204  0.002  0.091  0.000  0.000  0.000  0.066  0.561  0.000  0.228  0.949
   2.59056     -0.207709  0.002  0.091  0.000  0.000  0.000  0.066  0.562  0.000  0.228  0.950
   2.62420     -0.204520  0.002  0.091  0.000  0.000  0.000  0.067  0.563  0.000  0.228  0.951
 
# Band-Index:   20
   2.62420      2.088378  0.000  0.010  0.042  0.000  0.000  0.150  0.275  0.000  0.265  0.742
   2.59056      2.090246  0.000  0.010  0.042  0.000  0.000  0.151  0.274  0.000  0.264  0.743
   2.55692      2.095773  0.000  0.012  0.042  0.000  0.000  0.154  0.275  0.000  0.262  0.745
   2.52327      2.104723  0.000  0.012  0.044  0.000  0.000  0.159  0.274  0.000  0.258  0.747
   2.48963      2.116719  0.002  0.012  0.043  0.000  0.000  0.166  0.272  0.000  0.253  0.751
   2.45598      2.131259  0.003  0.012  0.044  0.000  0.000  0.176  0.270  0.000  0.247  0.753
   2.42234      2.147752  0.003  0.012  0.045  0.000  0.000  0.188  0.267  0.000  0.240  0.758
   2.38870      2.165540  0.006  0.012  0.048  0.000  0.000  0.204  0.262  0.000  0.232  0.761
   2.35505      2.183931  0.008  0.012  0.049  0.000  0.000  0.221  0.255  0.000  0.223  0.768
   2.32141      2.202273  0.009  0.012  0.051  0.000  0.000  0.241  0.245  0.000  0.215  0.773
   2.28777      2.220040  0.011  0.012  0.052  0.000  0.000  0.263  0.233  0.000  0.208  0.779
   2.25412      2.236814  0.015  0.010  0.054  0.000  0.000  0.286  0.219  0.000  0.201  0.787
   2.22048      2.252323  0.018  0.009  0.056  0.000  0.000  0.309  0.201  0.000  0.198  0.792
   2.18684      2.266463  0.020  0.009  0.058  0.000  0.000  0.331  0.182  0.000  0.196  0.799
   2.15319      2.279255  0.023  0.009  0.060  0.000  0.000  0.352  0.163  0.000  0.198  0.805
   2.11955      2.290785  0.025  0.009  0.060  0.000  0.000  0.370  0.143  0.000  0.203  0.810
   2.08590      2.301125  0.028  0.009  0.061  0.000  0.000  0.385  0.122  0.000  0.211  0.815
   2.05226      2.310311  0.028  0.008  0.063  0.000  0.000  0.397  0.103  0.000  0.222  0.819
   2.01862      2.318235  0.027  0.008  0.062  0.000  0.000  0.404  0.085  0.000  0.237  0.823
   1.98497      2.324642  0.026  0.008  0.062  0.000  0.000  0.408  0.068  0.000  0.254  0.826
   1.95133      2.329094  0.026  0.008  0.060  0.000  0.000  0.406  0.053  0.000  0.275  0.830
   1.91769      2.330959  0.023  0.010  0.058  0.000  0.000  0.403  0.040  0.000  0.298  0.834
   1.88404      2.329509  0.023  0.012  0.056  0.000  0.000  0.395  0.031  0.000  0.322  0.837
   1.85040      2.323851  0.021  0.015  0.050  0.000  0.000  0.384  0.022  0.000  0.345  0.840
   1.81676      2.312982  0.025  0.019  0.044  0.000  0.000  0.371  0.016  0.000  0.365  0.842
   1.78311      2.295535  0.038  0.026  0.036  0.000  0.000  0.353  0.012  0.000  0.377  0.838
   1.74947      2.269040  0.070  0.033  0.022  0.000  0.000  0.323  0.010  0.000  0.366  0.826
   1.71582      2.228399  0.143  0.048  0.010  0.000  0.000  0.271  0.008  0.000  0.312  0.790
   1.68218      2.166101  0.251  0.067  0.001  0.000  0.000  0.191  0.007  0.000  0.211  0.727
   1.64854      2.079913  0.353  0.075  0.003  0.000  0.000  0.117  0.006  0.000  0.116  0.668
   1.61489      1.976832  0.418  0.074  0.007  0.000  0.000  0.068  0.005  0.000  0.058  0.629
   1.58125      1.865242  0.456  0.067  0.010  0.000  0.000  0.039  0.005  0.000  0.028  0.608
   1.54761      1.751618  0.483  0.057  0.012  0.000  0.000  0.022  0.004  0.000  0.014  0.594
   1.51396      1.641272  0.503  0.047  0.012  0.000  0.000  0.012  0.004  0.000  0.007  0.583
   1.48032      1.538812  0.519  0.035  0.012  0.000  0.000  0.005  0.004  0.000  0.003  0.576
   1.44668      1.448363  0.531  0.024  0.008  0.000  0.000  0.002  0.003  0.000  0.001  0.571
   1.41303      1.373696  0.541  0.014  0.006  0.000  0.000  0.000  0.003  0.000  0.000  0.566
   1.37939      1.317920  0.549  0.006  0.006  0.000  0.000  0.000  0.003  0.000  0.000  0.564
   1.34574      1.283438  0.551  0.002  0.004  0.000  0.000  0.000  0.003  0.000  0.000  0.562
   1.31210      1.271770  0.555  0.000  0.004  0.000  0.000  0.000  0.003  0.000  0.000  0.562
   1.31210      1.271770  0.555  0.000  0.004  0.000  0.000  0.000  0.003  0.000  0.000  0.562
   1.27846      1.283378  0.551  0.002  0.004  0.000  0.000  0.000  0.003  0.000  0.000  0.562
   1.24481      1.317326  0.549  0.006  0.004  0.000  0.000  0.000  0.003  0.000  0.000  0.564
   1.21117      1.371039  0.539  0.014  0.006  0.000  0.000  0.002  0.003  0.000  0.002  0.568
   1.17753      1.440368  0.526  0.022  0.008  0.000  0.000  0.007  0.003  0.000  0.007  0.573
   1.14388      1.519860  0.508  0.029  0.009  0.000  0.000  0.017  0.003  0.000  0.016  0.582
   1.11024      1.603167  0.481  0.036  0.009  0.000  0.000  0.035  0.004  0.000  0.032  0.596
   1.07660      1.684210  0.444  0.039  0.007  0.000  0.000  0.062  0.004  0.000  0.057  0.614
   1.04295      1.758472  0.403  0.039  0.005  0.000  0.000  0.097  0.004  0.000  0.088  0.638
   1.00931      1.824051  0.359  0.038  0.005  0.000  0.000  0.134  0.004  0.000  0.120  0.660
   0.97567      1.881437  0.322  0.036  0.003  0.000  0.000  0.171  0.004  0.000  0.149  0.682
   0.94202      1.932294  0.288  0.033  0.003  0.000  0.000  0.203  0.004  0.000  0.173  0.703
   0.90838      1.978445  0.259  0.031  0.003  0.000  0.000  0.233  0.004  0.000  0.191  0.720
   0.87473      2.021314  0.237  0.028  0.003  0.000  0.000  0.259  0.004  0.000  0.203  0.734
   0.84109      2.061789  0.217  0.027  0.003  0.000  0.000  0.284  0.005  0.000  0.211  0.746
   0.80745      2.100256  0.201  0.025  0.003  0.000  0.000  0.307  0.005  0.000  0.216  0.758
   0.77380      2.136562  0.186  0.024  0.003  0.000  0.000  0.331  0.008  0.000  0.218  0.769
   0.74016      2.169998  0.171  0.024  0.003  0.000  0.000  0.354  0.010  0.000  0.218  0.781
   0.70652      2.199160  0.156  0.022  0.003  0.000  0.000  0.378  0.016  0.000  0.217  0.794
   0.67287      2.221841  0.140  0.022  0.002  0.000  0.000  0.398  0.025  0.000  0.216  0.804
   0.63923      2.235103  0.121  0.021  0.000  0.000  0.000  0.412  0.040  0.000  0.219  0.813
   0.60559      2.236168  0.100  0.018  0.000  0.000  0.000  0.415  0.061  0.000  0.225  0.821
   0.57194      2.224193  0.078  0.016  0.000  0.000  0.000  0.403  0.086  0.000  0.236  0.823
   0.53830      2.201599  0.062  0.012  0.001  0.000  0.000  0.380  0.111  0.000  0.251  0.820
   0.50465      2.173084  0.048  0.010  0.005  0.000  0.000  0.354  0.133  0.000  0.263  0.813
   0.47101      2.143358  0.039  0.008  0.007  0.000  0.000  0.327  0.150  0.000  0.274  0.806
   0.43737      2.115929  0.032  0.006  0.010  0.000  0.000  0.304  0.165  0.000  0.282  0.796
   0.40372      2.092946  0.027  0.005  0.012  0.000  0.000  0.282  0.178  0.000  0.287  0.789
   0.37008      2.075452  0.020  0.004  0.015  0.000  0.000  0.262  0.190  0.000  0.289  0.782
   0.33644      2.063655  0.018  0.004  0.017  0.000  0.000  0.243  0.202  0.000  0.290  0.776
   0.30279      2.057219  0.015  0.006  0.021  0.000  0.000  0.227  0.213  0.000  0.289  0.769
   0.26915      2.055416  0.012  0.006  0.024  0.000  0.000  0.211  0.224  0.000  0.287  0.763
   0.23551      2.057270  0.008  0.006  0.028  0.000  0.000  0.197  0.234  0.000  0.284  0.759
   0.20186      2.061685  0.004  0.008  0.032  0.000  0.000  0.184  0.244  0.000  0.281  0.754
   0.16822      2.067546  0.004  0.007  0.034  0.000  0.000  0.174  0.252  0.000  0.277  0.751
   0.13457      2.073849  0.003  0.010  0.036  0.000  0.000  0.165  0.260  0.000  0.274  0.748
   0.10093      2.079681  0.001  0.010  0.039  0.000  0.000  0.159  0.267  0.000  0.270  0.745
   0.06729      2.084349  0.000  0.010  0.040  0.000  0.000  0.153  0.271  0.000  0.267  0.745
   0.03364      2.087345  0.000  0.010  0.042  0.000  0.000  0.151  0.274  0.000  0.266  0.743
   0.00000      2.088378  0.000  0.010  0.042  0.000  0.000  0.150  0.275  0.000  0.265  0.742
 
# Band-Index:   21
   0.00000      3.133040  0.062  0.028  0.069  0.000  0.000  0.523  0.001  0.000  0.229  0.914
   0.03364      3.129899  0.062  0.028  0.068  0.000  0.000  0.521  0.002  0.000  0.228  0.913
   0.06729      3.120738  0.064  0.028  0.066  0.000  0.000  0.519  0.004  0.000  0.227  0.911
   0.10093      3.106051  0.068  0.027  0.065  0.000  0.000  0.515  0.008  0.000  0.225  0.908
   0.13457      3.086632  0.071  0.027  0.063  0.000  0.000  0.508  0.013  0.000  0.223  0.905
   0.16822      3.063334  0.074  0.026  0.059  0.000  0.000  0.499  0.020  0.000  0.221  0.900
   0.20186      3.036959  0.078  0.026  0.056  0.000  0.000  0.488  0.026  0.000  0.219  0.893
   0.23551      3.008123  0.081  0.025  0.054  0.000  0.000  0.475  0.033  0.000  0.219  0.886
   0.26915      2.977317  0.085  0.023  0.051  0.000  0.000  0.459  0.039  0.000  0.220  0.879
   0.30279      2.944936  0.089  0.022  0.048  0.000  0.000  0.441  0.046  0.000  0.222  0.868
   0.33644      2.911387  0.093  0.022  0.045  0.000  0.000  0.420  0.051  0.000  0.226  0.858
   0.37008      2.877158  0.096  0.019  0.043  0.000  0.000  0.396  0.058  0.000  0.233  0.847
   0.40372      2.843004  0.097  0.018  0.042  0.000  0.000  0.369  0.065  0.000  0.242  0.834
   0.43737      2.810077  0.098  0.018  0.040  0.000  0.000  0.338  0.074  0.000  0.252  0.821
   0.47101      2.780162  0.098  0.017  0.040  0.000  0.000  0.304  0.084  0.000  0.265  0.808
   0.50465      2.755877  0.095  0.013  0.041  0.000  0.000  0.267  0.100  0.000  0.280  0.795
   0.53830      2.740910  0.088  0.011  0.041  0.000  0.000  0.229  0.120  0.000  0.296  0.785
   0.57194      2.739891  0.075  0.011  0.042  0.000  0.001  0.195  0.145  0.001  0.310  0.780
   0.60559      2.722623  0.000  0.000  0.000  0.057  0.381  0.000  0.000  0.479  0.000  0.917
   0.63923      2.680907  0.000  0.000  0.000  0.055  0.387  0.000  0.000  0.474  0.000  0.915
   0.67287      2.639202  0.000  0.000  0.000  0.051  0.392  0.000  0.000  0.469  0.000  0.912
   0.70652      2.597804  0.000  0.000  0.000  0.048  0.397  0.000  0.000  0.464  0.000  0.911
   0.74016      2.557003  0.000  0.000  0.000  0.046  0.402  0.000  0.000  0.460  0.000  0.908
   0.77380      2.517060  0.000  0.000  0.000  0.044  0.407  0.000  0.000  0.456  0.000  0.906
   0.80745      2.478246  0.000  0.000  0.000  0.040  0.410  0.000  0.000  0.453  0.000  0.903
   0.84109      2.440819  0.000  0.000  0.000  0.038  0.414  0.000  0.000  0.449  0.000  0.900
   0.87473      2.404991  0.000  0.000  0.000  0.036  0.417  0.000  0.000  0.446  0.000  0.899
   0.90838      2.370978  0.000  0.000  0.000  0.035  0.420  0.000  0.000  0.443  0.000  0.898
   0.94202      2.338988  0.000  0.000  0.000  0.033  0.421  0.000  0.000  0.441  0.000  0.896
   0.97567      2.309196  0.000  0.000  0.000  0.031  0.424  0.000  0.000  0.439  0.000  0.894
   1.00931      2.281789  0.000  0.000  0.000  0.029  0.425  0.000  0.000  0.437  0.000  0.891
   1.04295      2.256893  0.000  0.000  0.000  0.029  0.427  0.000  0.000  0.435  0.000  0.891
   1.07660      2.234634  0.000  0.000  0.000  0.026  0.428  0.000  0.000  0.434  0.000  0.888
   1.11024      2.215122  0.000  0.000  0.000  0.026  0.429  0.000  0.000  0.433  0.000  0.888
   1.14388      2.198457  0.000  0.000  0.000  0.026  0.430  0.000  0.000  0.432  0.000  0.889
   1.17753      2.184709  0.000  0.000  0.000  0.024  0.430  0.000  0.000  0.431  0.000  0.886
   1.21117      2.173947  0.000  0.000  0.000  0.024  0.431  0.000  0.000  0.430  0.000  0.886
   1.24481      2.166212  0.000  0.000  0.000  0.024  0.431  0.001  0.000  0.429  0.001  0.886
   1.27846      2.161518  0.000  0.000  0.000  0.024  0.425  0.007  0.000  0.423  0.007  0.886
   1.31210      2.159900  0.000  0.002  0.000  0.022  0.411  0.021  0.000  0.408  0.022  0.886
   1.31210      2.159900  0.000  0.002  0.000  0.022  0.411  0.021  0.000  0.408  0.022  0.886
   1.34574      2.163421  0.000  0.012  0.000  0.012  0.212  0.219  0.000  0.211  0.220  0.885
   1.37939      2.167997  0.000  0.024  0.002  0.000  0.003  0.423  0.000  0.003  0.429  0.885
   1.41303      2.174749  0.000  0.024  0.005  0.000  0.000  0.420  0.000  0.000  0.432  0.882
   1.44668      2.184290  0.002  0.022  0.007  0.000  0.000  0.414  0.000  0.000  0.431  0.878
   1.48032      2.196764  0.005  0.022  0.012  0.000  0.000  0.406  0.000  0.000  0.429  0.875
   1.51396      2.212273  0.009  0.022  0.019  0.000  0.000  0.395  0.000  0.000  0.424  0.869
   1.54761      2.231061  0.015  0.022  0.024  0.000  0.000  0.383  0.000  0.000  0.416  0.859
   1.58125      2.253526  0.027  0.021  0.033  0.000  0.000  0.367  0.000  0.000  0.399  0.847
   1.61489      2.280643  0.051  0.025  0.042  0.000  0.000  0.344  0.000  0.000  0.365  0.828
   1.64854      2.314836  0.098  0.029  0.051  0.000  0.000  0.308  0.000  0.000  0.304  0.793
   1.68218      2.360901  0.182  0.042  0.056  0.000  0.000  0.253  0.001  0.000  0.205  0.739
   1.71582      2.422996  0.272  0.059  0.051  0.000  0.000  0.199  0.002  0.000  0.098  0.683
   1.74947      2.497194  0.323  0.074  0.040  0.000  0.000  0.177  0.003  0.000  0.041  0.656
   1.78311      2.575468  0.335  0.079  0.029  0.000  0.000  0.179  0.005  0.000  0.027  0.654
   1.81676      2.653306  0.325  0.082  0.020  0.000  0.000  0.193  0.006  0.000  0.035  0.662
   1.85040      2.729490  0.309  0.081  0.013  0.000  0.000  0.208  0.007  0.000  0.055  0.674
   1.88404      2.804269  0.291  0.079  0.008  0.000  0.000  0.219  0.008  0.001  0.080  0.689
   1.91769      2.872114  0.009  0.003  0.000  0.076  0.240  0.006  0.000  0.594  0.003  0.933
   1.95133      2.901083  0.000  0.000  0.000  0.080  0.238  0.000  0.000  0.622  0.000  0.940
   1.98497      2.926105  0.000  0.000  0.000  0.080  0.232  0.000  0.000  0.628  0.000  0.941
   2.01862      2.947970  0.000  0.000  0.000  0.080  0.229  0.000  0.000  0.633  0.000  0.942
   2.05226      2.967368  0.000  0.000  0.000  0.081  0.226  0.000  0.000  0.635  0.000  0.942
   2.08590      2.985024  0.000  0.000  0.000  0.081  0.227  0.000  0.000  0.634  0.000  0.942
   2.11955      3.001567  0.000  0.000  0.000  0.081  0.228  0.000  0.000  0.632  0.000  0.942
   2.15319      3.017465  0.000  0.000  0.000  0.081  0.231  0.000  0.000  0.629  0.000  0.942
   2.18684      3.033142  0.000  0.000  0.000  0.083  0.234  0.000  0.000  0.625  0.000  0.943
   2.22048      3.048840  0.000  0.000  0.000  0.084  0.238  0.000  0.000  0.620  0.000  0.942
   2.25412      3.064660  0.000  0.000  0.000  0.086  0.242  0.000  0.000  0.614  0.000  0.944
   2.28777      3.080591  0.000  0.000  0.000  0.086  0.247  0.000  0.000  0.609  0.000  0.942
   2.32141      3.096502  0.000  0.000  0.000  0.089  0.252  0.000  0.000  0.602  0.000  0.943
   2.35505      3.112179  0.000  0.000  0.000  0.091  0.256  0.001  0.000  0.595  0.000  0.944
   2.38870      3.127120  0.003  0.001  0.002  0.089  0.246  0.026  0.001  0.558  0.015  0.943
   2.42234      3.128601  0.062  0.023  0.061  0.000  0.002  0.483  0.014  0.004  0.261  0.913
   2.45598      3.127957  0.064  0.024  0.062  0.000  0.001  0.498  0.009  0.001  0.252  0.912
   2.48963      3.128692  0.064  0.026  0.066  0.000  0.000  0.508  0.005  0.001  0.244  0.913
   2.52327      3.130109  0.063  0.027  0.067  0.000  0.000  0.514  0.003  0.000  0.237  0.913
   2.55692      3.131572  0.062  0.027  0.069  0.000  0.000  0.519  0.002  0.000  0.232  0.913
   2.59056      3.132632  0.062  0.028  0.069  0.000  0.000  0.522  0.001  0.000  0.230  0.914
   2.62420      3.133040  0.062  0.028  0.069  0.000  0.000  0.523  0.001  0.000  0.229  0.914
 
# Band-Index:   22
   2.62420      3.187845  0.000  0.000  0.000  0.103  0.278  0.000  0.000  0.567  0.000  0.948
   2.59056      3.186400  0.000  0.000  0.000  0.103  0.277  0.000  0.000  0.568  0.000  0.947
   2.55692      3.182171  0.000  0.000  0.000  0.103  0.276  0.000  0.000  0.569  0.000  0.949
   2.52327      3.175301  0.000  0.000  0.000  0.101  0.274  0.000  0.000  0.571  0.000  0.947
   2.48963      3.166041  0.000  0.000  0.000  0.100  0.271  0.001  0.000  0.575  0.000  0.948
   2.45598      3.154726  0.000  0.000  0.000  0.098  0.268  0.001  0.000  0.578  0.000  0.946
   2.42234      3.141760  0.000  0.000  0.000  0.096  0.263  0.004  0.000  0.581  0.002  0.945
   2.38870      3.131838  0.058  0.022  0.055  0.006  0.014  0.445  0.019  0.034  0.259  0.913
   2.35505      3.137395  0.061  0.021  0.056  0.000  0.000  0.452  0.030  0.001  0.287  0.908
   2.32141      3.146716  0.059  0.019  0.054  0.000  0.000  0.431  0.041  0.000  0.301  0.907
   2.28777      3.160099  0.059  0.018  0.051  0.000  0.000  0.405  0.055  0.000  0.315  0.904
   2.25412      3.177705  0.057  0.017  0.050  0.000  0.000  0.377  0.072  0.000  0.328  0.901
   2.22048      3.199303  0.055  0.016  0.047  0.000  0.000  0.342  0.093  0.000  0.342  0.896
   2.18684      3.224021  0.056  0.014  0.045  0.000  0.000  0.302  0.114  0.000  0.356  0.890
   2.15319      3.249230  0.064  0.014  0.040  0.000  0.000  0.249  0.128  0.000  0.377  0.874
   2.11955      3.264207  0.107  0.025  0.024  0.000  0.000  0.172  0.100  0.000  0.398  0.827
   2.08590      3.235576  0.187  0.053  0.004  0.000  0.000  0.167  0.026  0.000  0.323  0.760
   2.05226      3.171563  0.214  0.064  0.001  0.000  0.000  0.206  0.012  0.000  0.246  0.743
   2.01862      3.099600  0.226  0.069  0.001  0.000  0.000  0.225  0.010  0.000  0.201  0.735
   1.98497      3.026001  0.243  0.072  0.003  0.000  0.000  0.232  0.010  0.000  0.167  0.724
   1.95133      2.952203  0.257  0.076  0.003  0.000  0.000  0.232  0.009  0.000  0.137  0.714
   1.91769      2.878539  0.265  0.075  0.005  0.002  0.007  0.222  0.008  0.017  0.104  0.709
   1.88404      2.839206  0.000  0.000  0.000  0.078  0.258  0.000  0.000  0.599  0.000  0.936
   1.85040      2.801397  0.000  0.000  0.000  0.077  0.271  0.000  0.000  0.586  0.000  0.933
   1.81676      2.758975  0.000  0.000  0.000  0.075  0.286  0.000  0.000  0.570  0.000  0.930
   1.78311      2.712263  0.000  0.000  0.000  0.073  0.301  0.000  0.000  0.552  0.000  0.927
   1.74947      2.661875  0.000  0.000  0.000  0.069  0.318  0.000  0.000  0.536  0.000  0.922
   1.71582      2.608731  0.000  0.000  0.000  0.065  0.334  0.000  0.000  0.519  0.000  0.918
   1.68218      2.553907  0.000  0.000  0.000  0.061  0.350  0.000  0.000  0.504  0.000  0.914
   1.64854      2.498591  0.000  0.000  0.000  0.057  0.363  0.000  0.000  0.490  0.000  0.909
   1.61489      2.444048  0.000  0.000  0.000  0.051  0.376  0.000  0.000  0.477  0.000  0.904
   1.58125      2.391495  0.000  0.000  0.000  0.047  0.388  0.000  0.000  0.466  0.000  0.901
   1.54761      2.342072  0.000  0.000  0.000  0.042  0.399  0.000  0.000  0.457  0.000  0.898
   1.51396      2.296895  0.000  0.000  0.000  0.038  0.408  0.000  0.000  0.450  0.000  0.895
   1.48032      2.256946  0.000  0.000  0.000  0.034  0.415  0.000  0.000  0.443  0.000  0.893
   1.44668      2.223050  0.000  0.000  0.000  0.030  0.421  0.000  0.000  0.438  0.000  0.890
   1.41303      2.195935  0.000  0.000  0.000  0.028  0.426  0.000  0.000  0.434  0.000  0.888
   1.37939      2.176181  0.000  0.000  0.000  0.026  0.427  0.003  0.000  0.429  0.003  0.888
   1.34574      2.164726  0.000  0.012  0.000  0.012  0.220  0.210  0.000  0.220  0.211  0.885
   1.31210      2.162883  0.000  0.022  0.000  0.002  0.021  0.409  0.000  0.021  0.410  0.886
   1.31210      2.162883  0.000  0.022  0.000  0.002  0.021  0.409  0.000  0.021  0.410  0.886
   1.27846      2.166718  0.000  0.024  0.000  0.000  0.007  0.423  0.000  0.007  0.424  0.884
   1.24481      2.178714  0.000  0.024  0.002  0.000  0.001  0.426  0.000  0.001  0.429  0.885
   1.21117      2.199931  0.003  0.026  0.005  0.000  0.000  0.422  0.000  0.000  0.425  0.882
   1.17753      2.232175  0.007  0.030  0.009  0.000  0.000  0.415  0.000  0.000  0.417  0.877
   1.14388      2.278100  0.017  0.037  0.014  0.000  0.000  0.401  0.000  0.000  0.404  0.871
   1.11024      2.340793  0.033  0.043  0.021  0.000  0.000  0.378  0.000  0.000  0.382  0.859
   1.07660      2.423190  0.059  0.056  0.028  0.000  0.000  0.348  0.000  0.000  0.352  0.842
   1.04295      2.526460  0.088  0.070  0.036  0.000  0.000  0.310  0.001  0.000  0.315  0.822
   1.00931      2.649096  0.120  0.086  0.043  0.000  0.000  0.270  0.001  0.000  0.278  0.798
   0.97567      2.786981  0.146  0.102  0.049  0.000  0.000  0.233  0.003  0.000  0.243  0.777
   0.94202      2.933753  0.164  0.117  0.052  0.000  0.000  0.202  0.007  0.000  0.215  0.757
   0.90838      3.079271  0.165  0.124  0.055  0.000  0.000  0.179  0.021  0.000  0.196  0.739
   0.87473      3.195931  0.115  0.102  0.052  0.000  0.000  0.174  0.094  0.000  0.200  0.737
   0.84109      3.213567  0.025  0.044  0.052  0.000  0.000  0.191  0.247  0.000  0.223  0.782
   0.80745      3.154483  0.008  0.025  0.051  0.000  0.000  0.195  0.282  0.000  0.244  0.805
   0.77380      3.076430  0.009  0.021  0.049  0.000  0.000  0.189  0.273  0.000  0.267  0.806
   0.74016      2.995423  0.012  0.018  0.047  0.000  0.000  0.180  0.257  0.000  0.287  0.803
   0.70652      2.918039  0.020  0.016  0.044  0.000  0.000  0.171  0.240  0.000  0.305  0.796
   0.67287      2.849353  0.031  0.014  0.043  0.000  0.000  0.163  0.221  0.000  0.317  0.788
   0.63923      2.794303  0.043  0.011  0.043  0.000  0.000  0.161  0.199  0.000  0.323  0.781
   0.60559      2.757209  0.060  0.009  0.044  0.000  0.000  0.171  0.173  0.000  0.320  0.777
   0.57194      2.764179  0.000  0.000  0.000  0.061  0.374  0.000  0.000  0.484  0.001  0.921
   0.53830      2.805065  0.000  0.000  0.000  0.063  0.368  0.000  0.000  0.491  0.000  0.922
   0.50465      2.845141  0.000  0.000  0.000  0.068  0.361  0.000  0.000  0.497  0.000  0.926
   0.47101      2.884099  0.000  0.000  0.000  0.070  0.354  0.000  0.000  0.503  0.000  0.927
   0.43737      2.921675  0.000  0.000  0.000  0.074  0.347  0.000  0.000  0.510  0.000  0.931
   0.40372      2.957650  0.000  0.000  0.000  0.078  0.339  0.000  0.000  0.516  0.000  0.934
   0.37008      2.991726  0.000  0.000  0.000  0.080  0.331  0.000  0.000  0.523  0.000  0.935
   0.33644      3.023671  0.000  0.000  0.000  0.084  0.324  0.000  0.000  0.529  0.000  0.937
   0.30279      3.053300  0.000  0.000  0.000  0.086  0.316  0.000  0.000  0.536  0.000  0.939
   0.26915      3.080418  0.000  0.000  0.000  0.090  0.309  0.000  0.000  0.542  0.000  0.942
   0.23551      3.104816  0.000  0.000  0.000  0.093  0.303  0.000  0.000  0.547  0.000  0.942
   0.20186      3.126331  0.000  0.000  0.000  0.095  0.297  0.000  0.000  0.552  0.000  0.943
   0.16822      3.144808  0.000  0.000  0.000  0.097  0.291  0.000  0.000  0.556  0.000  0.944
   0.13457      3.160137  0.000  0.000  0.000  0.099  0.287  0.000  0.000  0.560  0.000  0.945
   0.10093      3.172183  0.000  0.000  0.000  0.101  0.283  0.000  0.000  0.563  0.000  0.947
   0.06729      3.180855  0.000  0.000  0.000  0.103  0.280  0.000  0.000  0.565  0.000  0.948
   0.03364      3.186082  0.000  0.000  0.000  0.103  0.279  0.000  0.000  0.566  0.000  0.948
   0.00000      3.187845  0.000  0.000  0.000  0.103  0.278  0.000  0.000  0.567  0.000  0.948
 
# Band-Index:   23
   0.00000      4.173410  0.092  0.052  0.022  0.000  0.000  0.190  0.101  0.000  0.356  0.813
   0.03364      4.172622  0.093  0.052  0.022  0.000  0.000  0.187  0.103  0.000  0.356  0.813
   0.06729      4.170148  0.092  0.051  0.022  0.000  0.000  0.182  0.107  0.000  0.357  0.813
   0.10093      4.165567  0.093  0.050  0.023  0.000  0.000  0.173  0.115  0.000  0.358  0.812
   0.13457      4.158398  0.093  0.049  0.022  0.000  0.000  0.160  0.125  0.000  0.359  0.811
   0.16822      4.148209  0.094  0.047  0.022  0.000  0.000  0.146  0.139  0.000  0.359  0.808
   0.20186      4.134793  0.094  0.045  0.022  0.000  0.000  0.131  0.156  0.000  0.360  0.809
   0.23551      4.118245  0.094  0.042  0.021  0.000  0.000  0.114  0.177  0.000  0.358  0.809
   0.26915      4.098955  0.093  0.040  0.021  0.000  0.000  0.098  0.198  0.000  0.356  0.809
   0.30279      4.077652  0.093  0.037  0.021  0.000  0.000  0.084  0.221  0.000  0.353  0.810
   0.33644      4.055246  0.091  0.034  0.021  0.000  0.000  0.073  0.244  0.000  0.349  0.811
   0.37008      4.032677  0.088  0.031  0.022  0.000  0.000  0.064  0.265  0.000  0.344  0.815
   0.40372      4.010809  0.085  0.028  0.023  0.000  0.000  0.057  0.285  0.000  0.339  0.817
   0.43737      3.990358  0.081  0.025  0.024  0.000  0.000  0.054  0.302  0.000  0.335  0.820
   0.47101      3.971856  0.078  0.022  0.027  0.000  0.000  0.051  0.315  0.000  0.331  0.825
   0.50465      3.955623  0.076  0.022  0.027  0.000  0.000  0.050  0.325  0.000  0.329  0.829
   0.53830      3.941801  0.074  0.020  0.030  0.000  0.000  0.051  0.329  0.000  0.327  0.833
   0.57194      3.930360  0.074  0.021  0.031  0.000  0.000  0.055  0.326  0.000  0.327  0.834
   0.60559      3.920965  0.078  0.023  0.033  0.000  0.000  0.063  0.310  0.000  0.327  0.834
   0.63923      3.912541  0.091  0.031  0.032  0.000  0.000  0.080  0.272  0.000  0.325  0.830
   0.67287      3.901065  0.122  0.054  0.030  0.000  0.000  0.126  0.174  0.000  0.305  0.811
   0.70652      3.871072  0.182  0.112  0.030  0.000  0.000  0.218  0.029  0.000  0.207  0.779
   0.74016      3.805437  0.211  0.153  0.042  0.000  0.000  0.234  0.005  0.000  0.119  0.761
   0.77380      3.711453  0.219  0.167  0.053  0.000  0.000  0.200  0.023  0.000  0.096  0.758
   0.80745      3.598338  0.223  0.166  0.062  0.000  0.000  0.173  0.047  0.000  0.096  0.765
   0.84109      3.484553  0.200  0.142  0.072  0.000  0.000  0.169  0.114  0.000  0.102  0.798
   0.87473      3.432013  0.101  0.072  0.080  0.000  0.000  0.189  0.304  0.000  0.112  0.859
   0.90838      3.467434  0.037  0.032  0.084  0.000  0.000  0.193  0.419  0.000  0.105  0.871
   0.94202      3.525199  0.019  0.020  0.092  0.000  0.000  0.181  0.478  0.000  0.083  0.873
   0.97567      3.582413  0.014  0.015  0.099  0.000  0.000  0.161  0.527  0.000  0.058  0.874
   1.00931      3.634184  0.011  0.009  0.110  0.000  0.000  0.135  0.574  0.000  0.038  0.876
   1.04295      3.679385  0.009  0.006  0.118  0.000  0.000  0.103  0.618  0.000  0.024  0.879
   1.07660      3.717928  0.009  0.004  0.128  0.000  0.000  0.073  0.658  0.000  0.013  0.883
   1.11024      3.750072  0.009  0.002  0.136  0.000  0.000  0.045  0.690  0.000  0.006  0.887
   1.14388      3.776122  0.010  0.000  0.142  0.000  0.000  0.024  0.715  0.000  0.003  0.893
   1.17753      3.796442  0.008  0.000  0.146  0.000  0.000  0.010  0.730  0.000  0.001  0.898
   1.21117      3.811570  0.008  0.000  0.151  0.000  0.000  0.004  0.740  0.000  0.000  0.902
   1.24481      3.821891  0.008  0.000  0.151  0.000  0.000  0.000  0.743  0.000  0.000  0.903
   1.27846      3.827871  0.008  0.000  0.152  0.000  0.000  0.000  0.745  0.000  0.000  0.905
   1.31210      3.829848  0.008  0.000  0.152  0.000  0.000  0.000  0.745  0.000  0.000  0.905
   1.31210      3.829848  0.008  0.000  0.152  0.000  0.000  0.000  0.745  0.000  0.000  0.905
   1.34574      3.827868  0.008  0.000  0.152  0.000  0.000  0.000  0.745  0.000  0.000  0.905
   1.37939      3.822098  0.008  0.000  0.151  0.000  0.000  0.000  0.744  0.000  0.000  0.903
   1.41303      3.812831  0.008  0.000  0.151  0.000  0.000  0.000  0.742  0.000  0.000  0.902
   1.44668      3.800541  0.008  0.000  0.148  0.000  0.000  0.000  0.742  0.000  0.000  0.899
   1.48032      3.785911  0.008  0.000  0.147  0.000  0.000  0.000  0.740  0.000  0.000  0.895
   1.51396      3.769432  0.009  0.000  0.145  0.000  0.000  0.000  0.740  0.000  0.001  0.894
   1.54761      3.751474  0.008  0.000  0.141  0.000  0.000  0.000  0.738  0.000  0.002  0.891
   1.58125      3.732235  0.008  0.000  0.138  0.000  0.000  0.002  0.738  0.000  0.003  0.889
   1.61489      3.711754  0.008  0.002  0.135  0.000  0.000  0.004  0.735  0.000  0.005  0.888
   1.64854      3.690170  0.008  0.000  0.131  0.000  0.000  0.009  0.730  0.000  0.007  0.887
   1.68218      3.667764  0.007  0.000  0.127  0.000  0.000  0.014  0.725  0.000  0.011  0.885
   1.71582      3.644917  0.007  0.001  0.122  0.000  0.000  0.022  0.715  0.000  0.016  0.883
   1.74947      3.621998  0.006  0.002  0.117  0.000  0.000  0.030  0.704  0.000  0.024  0.881
   1.78311      3.599238  0.005  0.002  0.112  0.000  0.000  0.040  0.687  0.000  0.035  0.880
   1.81676      3.576584  0.007  0.002  0.106  0.000  0.000  0.052  0.664  0.000  0.050  0.880
   1.85040      3.553667  0.005  0.004  0.099  0.000  0.000  0.070  0.633  0.000  0.070  0.881
   1.88404      3.529816  0.007  0.004  0.093  0.000  0.000  0.091  0.592  0.000  0.095  0.884
   1.91769      3.504264  0.008  0.005  0.088  0.000  0.000  0.120  0.542  0.000  0.125  0.887
   1.95133      3.476423  0.010  0.007  0.080  0.000  0.000  0.152  0.485  0.000  0.156  0.890
   1.98497      3.446232  0.013  0.010  0.074  0.000  0.000  0.189  0.426  0.000  0.183  0.895
   2.01862      3.414452  0.016  0.012  0.069  0.000  0.000  0.232  0.366  0.000  0.203  0.900
   2.05226      3.383311  0.024  0.018  0.066  0.000  0.000  0.282  0.311  0.000  0.204  0.903
   2.08590      3.360166  0.043  0.029  0.061  0.000  0.000  0.352  0.248  0.000  0.165  0.896
   2.11955      3.373567  0.116  0.057  0.037  0.000  0.000  0.375  0.133  0.000  0.121  0.838
   2.15319      3.432594  0.153  0.067  0.020  0.000  0.000  0.325  0.070  0.000  0.167  0.802
   2.18684      3.504527  0.156  0.065  0.017  0.000  0.000  0.296  0.055  0.000  0.203  0.793
   2.22048      3.579095  0.155  0.066  0.015  0.000  0.000  0.278  0.051  0.000  0.231  0.793
   2.25412      3.653724  0.148  0.063  0.015  0.000  0.000  0.265  0.052  0.000  0.253  0.795
   2.28777      3.727141  0.143  0.061  0.015  0.000  0.000  0.254  0.055  0.000  0.271  0.799
   2.32141      3.798383  0.134  0.059  0.015  0.000  0.000  0.243  0.060  0.000  0.288  0.800
   2.35505      3.866522  0.129  0.059  0.016  0.000  0.000  0.234  0.064  0.000  0.302  0.804
   2.38870      3.930583  0.121  0.057  0.017  0.000  0.000  0.225  0.071  0.000  0.314  0.805
   2.42234      3.989506  0.115  0.057  0.017  0.000  0.000  0.217  0.077  0.000  0.325  0.807
   2.45598      4.042175  0.110  0.056  0.018  0.000  0.000  0.209  0.083  0.000  0.334  0.810
   2.48963      4.087442  0.103  0.055  0.020  0.000  0.000  0.202  0.089  0.000  0.342  0.810
   2.52327      4.124132  0.098  0.055  0.021  0.000  0.000  0.197  0.094  0.000  0.348  0.813
   2.55692      4.151199  0.095  0.054  0.021  0.000  0.000  0.193  0.098  0.000  0.352  0.813
   2.59056      4.167803  0.093  0.054  0.022  0.000  0.000  0.190  0.100  0.000  0.354  0.812
   2.62420      4.173410  0.092  0.052  0.022  0.000  0.000  0.190  0.101  0.000  0.356  0.813
 
# Band-Index:   24
   2.62420      4.599128  0.008  0.106  0.009  0.000  0.000  0.342  0.428  0.002  0.026  0.922
   2.59056      4.595272  0.008  0.106  0.009  0.000  0.000  0.341  0.429  0.000  0.027  0.921
   2.55692      4.583860  0.008  0.104  0.009  0.000  0.000  0.336  0.431  0.000  0.029  0.920
   2.52327      4.565041  0.008  0.105  0.009  0.000  0.000  0.328  0.434  0.000  0.031  0.914
   2.48963      4.539211  0.008  0.103  0.011  0.000  0.000  0.316  0.437  0.000  0.035  0.909
   2.45598      4.506967  0.008  0.102  0.011  0.000  0.000  0.304  0.440  0.000  0.040  0.906
   2.42234      4.469121  0.009  0.099  0.011  0.000  0.000  0.288  0.444  0.000  0.046  0.897
   2.38870      4.426481  0.009  0.097  0.013  0.000  0.000  0.271  0.447  0.000  0.053  0.890
   2.35505      4.380186  0.010  0.094  0.015  0.000  0.000  0.255  0.450  0.000  0.061  0.883
   2.32141      4.331374  0.009  0.091  0.015  0.000  0.000  0.238  0.452  0.000  0.071  0.876
   2.28777      4.281338  0.009  0.089  0.017  0.000  0.000  0.221  0.451  0.000  0.083  0.870
   2.25412      4.231368  0.009  0.085  0.019  0.000  0.000  0.205  0.449  0.000  0.096  0.864
   2.22048      4.182698  0.011  0.083  0.020  0.000  0.000  0.191  0.444  0.000  0.110  0.861
   2.18684      4.136611  0.011  0.081  0.022  0.000  0.000  0.180  0.436  0.000  0.128  0.856
   2.15319      4.094353  0.011  0.079  0.024  0.000  0.000  0.170  0.423  0.000  0.147  0.854
   2.11955      4.057127  0.011  0.076  0.024  0.000  0.000  0.164  0.406  0.000  0.170  0.853
   2.08590      4.026065  0.011  0.076  0.025  0.000  0.000  0.162  0.381  0.000  0.198  0.853
   2.05226      4.002356  0.013  0.076  0.025  0.000  0.000  0.164  0.350  0.000  0.228  0.854
   2.01862      3.986941  0.013  0.075  0.024  0.000  0.000  0.170  0.311  0.000  0.265  0.859
   1.98497      3.980562  0.015  0.075  0.022  0.000  0.000  0.182  0.266  0.000  0.304  0.864
   1.95133      3.983453  0.015  0.078  0.020  0.000  0.000  0.196  0.219  0.000  0.343  0.870
   1.91769      3.995187  0.015  0.079  0.018  0.000  0.000  0.215  0.173  0.000  0.380  0.877
   1.88404      4.014528  0.014  0.080  0.014  0.000  0.000  0.237  0.132  0.000  0.410  0.885
   1.85040      4.039494  0.011  0.081  0.012  0.000  0.000  0.262  0.098  0.000  0.428  0.891
   1.81676      4.067355  0.010  0.081  0.010  0.000  0.000  0.296  0.071  0.000  0.429  0.898
   1.78311      4.094418  0.007  0.080  0.009  0.000  0.000  0.349  0.051  0.000  0.405  0.904
   1.74947      4.115241  0.008  0.074  0.008  0.000  0.000  0.434  0.037  0.000  0.342  0.904
   1.71582      4.122769  0.010  0.062  0.011  0.000  0.000  0.555  0.025  0.000  0.237  0.900
   1.68218      4.114299  0.013  0.046  0.013  0.000  0.000  0.674  0.015  0.000  0.131  0.892
   1.64854      4.098045  0.014  0.032  0.016  0.000  0.000  0.748  0.007  0.000  0.069  0.884
   1.61489      4.084856  0.015  0.020  0.016  0.000  0.000  0.787  0.003  0.000  0.042  0.881
   1.58125      4.080066  0.012  0.014  0.015  0.000  0.000  0.807  0.001  0.000  0.032  0.880
   1.54761      4.084496  0.010  0.010  0.013  0.000  0.000  0.816  0.000  0.000  0.031  0.879
   1.51396      4.096803  0.007  0.006  0.013  0.000  0.000  0.821  0.000  0.000  0.035  0.883
   1.48032      4.114699  0.007  0.004  0.010  0.000  0.000  0.824  0.000  0.000  0.043  0.888
   1.44668      4.135523  0.004  0.002  0.009  0.000  0.000  0.826  0.000  0.000  0.053  0.895
   1.41303      4.156472  0.002  0.002  0.005  0.000  0.000  0.827  0.000  0.001  0.065  0.902
   1.37939      4.174349  0.002  0.000  0.002  0.000  0.000  0.828  0.000  0.001  0.078  0.911
   1.34574      4.186464  0.000  0.000  0.000  0.000  0.000  0.828  0.000  0.001  0.087  0.917
   1.31210      4.190799  0.000  0.000  0.000  0.000  0.017  0.665  0.000  0.164  0.073  0.920
   1.31210      4.190806  0.000  0.000  0.000  0.000  0.018  0.657  0.000  0.173  0.073  0.920
   1.27846      4.185641  0.000  0.000  0.000  0.000  0.000  0.827  0.000  0.000  0.089  0.917
   1.24481      4.171256  0.002  0.000  0.002  0.000  0.000  0.820  0.001  0.000  0.085  0.911
   1.21117      4.150338  0.002  0.000  0.006  0.000  0.000  0.811  0.004  0.000  0.081  0.903
   1.17753      4.126205  0.004  0.000  0.009  0.000  0.000  0.794  0.012  0.000  0.077  0.897
   1.14388      4.101800  0.005  0.000  0.013  0.000  0.000  0.770  0.027  0.000  0.076  0.892
   1.11024      4.079188  0.005  0.002  0.018  0.000  0.000  0.736  0.051  0.000  0.080  0.890
   1.07660      4.059394  0.005  0.002  0.023  0.000  0.000  0.692  0.083  0.000  0.086  0.892
   1.04295      4.042542  0.004  0.004  0.030  0.000  0.000  0.636  0.121  0.000  0.100  0.894
   1.00931      4.028014  0.004  0.006  0.034  0.000  0.000  0.566  0.165  0.000  0.120  0.894
   0.97567      4.014804  0.002  0.008  0.040  0.000  0.000  0.482  0.213  0.000  0.151  0.895
   0.94202      4.001831  0.002  0.011  0.043  0.000  0.000  0.388  0.262  0.000  0.188  0.895
   0.90838      3.988434  0.005  0.013  0.048  0.000  0.000  0.292  0.309  0.000  0.227  0.892
   0.87473      3.974858  0.004  0.015  0.051  0.000  0.000  0.210  0.351  0.000  0.258  0.890
   0.84109      3.962093  0.007  0.016  0.052  0.000  0.000  0.148  0.387  0.000  0.276  0.886
   0.80745      3.951409  0.006  0.014  0.054  0.000  0.000  0.107  0.421  0.000  0.282  0.885
   0.77380      3.944179  0.005  0.014  0.055  0.000  0.000  0.082  0.454  0.000  0.272  0.884
   0.74016      3.942702  0.002  0.019  0.058  0.000  0.000  0.079  0.487  0.000  0.238  0.884
   0.70652      3.954052  0.013  0.045  0.062  0.000  0.000  0.138  0.481  0.000  0.140  0.879
   0.67287      3.988852  0.055  0.089  0.057  0.000  0.000  0.271  0.348  0.000  0.035  0.858
   0.63923      4.034483  0.074  0.102  0.049  0.000  0.000  0.350  0.261  0.000  0.010  0.849
   0.60559      4.079390  0.078  0.101  0.047  0.000  0.000  0.393  0.229  0.000  0.005  0.851
   0.57194      4.121937  0.074  0.098  0.044  0.000  0.000  0.418  0.219  0.000  0.005  0.857
   0.53830      4.162605  0.068  0.094  0.042  0.000  0.000  0.434  0.219  0.000  0.004  0.863
   0.50465      4.201873  0.061  0.092  0.042  0.000  0.000  0.445  0.224  0.000  0.003  0.869
   0.47101      4.240034  0.057  0.090  0.041  0.000  0.000  0.450  0.233  0.000  0.003  0.874
   0.43737      4.277135  0.050  0.090  0.039  0.000  0.000  0.452  0.245  0.000  0.002  0.879
   0.40372      4.313276  0.044  0.090  0.039  0.000  0.000  0.450  0.260  0.000  0.001  0.884
   0.37008      4.348414  0.039  0.089  0.038  0.000  0.000  0.446  0.277  0.000  0.001  0.887
   0.33644      4.382497  0.034  0.089  0.035  0.000  0.000  0.440  0.295  0.000  0.000  0.893
   0.30279      4.415488  0.028  0.091  0.031  0.000  0.000  0.431  0.314  0.000  0.001  0.897
   0.26915      4.447205  0.024  0.092  0.027  0.000  0.000  0.420  0.334  0.000  0.002  0.900
   0.23551      4.477430  0.020  0.093  0.026  0.000  0.000  0.407  0.354  0.000  0.005  0.905
   0.20186      4.505779  0.017  0.094  0.022  0.000  0.000  0.394  0.373  0.000  0.008  0.908
   0.16822      4.531656  0.013  0.098  0.019  0.000  0.000  0.380  0.390  0.000  0.012  0.911
   0.13457      4.554442  0.010  0.099  0.015  0.000  0.000  0.368  0.403  0.000  0.016  0.914
   0.10093      4.573600  0.010  0.100  0.013  0.000  0.001  0.355  0.413  0.003  0.020  0.919
   0.06729      4.587623  0.010  0.102  0.011  0.000  0.001  0.346  0.419  0.005  0.024  0.920
   0.03364      4.596613  0.008  0.100  0.009  0.004  0.008  0.331  0.410  0.027  0.025  0.923
   0.00000      4.599176  0.008  0.104  0.009  0.000  0.001  0.340  0.426  0.005  0.026  0.922
