#K-Path          Energy     s    py    pz    px    dxy    dyz    dz2    dxz    dx2-y2    tot
# NKPTS & NBANDS:  80  20
# Band-Index:    1
   0.00000    -12.607383  0.641  0.004  0.011  0.014  0.005  0.004  0.000  0.012  0.002  0.692
   0.01451    -12.623723  0.641  0.004  0.010  0.015  0.005  0.004  0.000  0.011  0.002  0.691
   0.02902    -12.642605  0.640  0.004  0.010  0.014  0.005  0.003  0.000  0.010  0.002  0.690
   0.04353    -12.662109  0.639  0.005  0.010  0.015  0.005  0.003  0.000  0.011  0.002  0.689
   0.05805    -12.681727  0.639  0.005  0.009  0.015  0.005  0.003  0.000  0.010  0.002  0.687
   0.07256    -12.701256  0.639  0.005  0.009  0.016  0.005  0.003  0.000  0.010  0.001  0.686
   0.08707    -12.720598  0.638  0.005  0.009  0.016  0.004  0.003  0.000  0.008  0.001  0.685
   0.10158    -12.739688  0.639  0.005  0.009  0.016  0.004  0.003  0.000  0.008  0.001  0.684
   0.11609    -12.758477  0.637  0.005  0.008  0.017  0.004  0.003  0.000  0.008  0.001  0.682
   0.13060    -12.776930  0.637  0.004  0.007  0.017  0.004  0.002  0.000  0.007  0.001  0.681
   0.14511    -12.795011  0.637  0.004  0.007  0.017  0.004  0.002  0.000  0.007  0.001  0.681
   0.15963    -12.812695  0.636  0.004  0.007  0.017  0.004  0.002  0.000  0.007  0.001  0.679
   0.17414    -12.829954  0.637  0.005  0.007  0.018  0.003  0.002  0.000  0.007  0.001  0.679
   0.18865    -12.846761  0.636  0.005  0.005  0.018  0.003  0.002  0.000  0.006  0.001  0.677
   0.20316    -12.863093  0.635  0.005  0.004  0.018  0.003  0.002  0.000  0.006  0.001  0.676
   0.21767    -12.878931  0.635  0.005  0.004  0.018  0.003  0.002  0.000  0.006  0.001  0.675
   0.23218    -12.894258  0.634  0.005  0.003  0.017  0.003  0.002  0.000  0.005  0.001  0.675
   0.24669    -12.909044  0.635  0.005  0.003  0.018  0.003  0.002  0.000  0.005  0.001  0.674
   0.26120    -12.923276  0.633  0.005  0.003  0.018  0.003  0.002  0.000  0.005  0.001  0.673
   0.27572    -12.936935  0.634  0.005  0.003  0.018  0.003  0.002  0.000  0.005  0.001  0.672
   0.29023    -12.950006  0.634  0.005  0.003  0.018  0.003  0.001  0.000  0.004  0.001  0.672
   0.30474    -12.962474  0.633  0.005  0.003  0.018  0.002  0.001  0.000  0.004  0.001  0.671
   0.31925    -12.974321  0.633  0.005  0.003  0.019  0.002  0.001  0.000  0.004  0.001  0.671
   0.33376    -12.985535  0.633  0.005  0.001  0.019  0.002  0.001  0.000  0.004  0.001  0.670
   0.34827    -12.996103  0.633  0.005  0.001  0.019  0.002  0.001  0.000  0.003  0.001  0.669
   0.36278    -13.006012  0.633  0.007  0.001  0.021  0.002  0.001  0.000  0.003  0.001  0.669
   0.37730    -13.015251  0.632  0.007  0.001  0.021  0.002  0.001  0.000  0.003  0.001  0.668
   0.39181    -13.023810  0.632  0.007  0.001  0.021  0.002  0.001  0.000  0.003  0.001  0.667
   0.40632    -13.031679  0.632  0.008  0.001  0.022  0.002  0.001  0.000  0.003  0.001  0.667
   0.42083    -13.038849  0.631  0.008  0.001  0.022  0.002  0.001  0.000  0.002  0.001  0.667
   0.43534    -13.045311  0.631  0.008  0.001  0.022  0.002  0.001  0.000  0.002  0.000  0.667
   0.44985    -13.051059  0.632  0.008  0.001  0.022  0.001  0.001  0.000  0.002  0.000  0.665
   0.46436    -13.056085  0.632  0.008  0.000  0.022  0.001  0.001  0.000  0.002  0.000  0.665
   0.47888    -13.060384  0.632  0.008  0.000  0.022  0.001  0.001  0.000  0.002  0.000  0.665
   0.49339    -13.063952  0.633  0.008  0.000  0.022  0.001  0.001  0.000  0.002  0.000  0.666
   0.50790    -13.066784  0.633  0.008  0.000  0.023  0.001  0.000  0.000  0.001  0.000  0.665
   0.52241    -13.068875  0.633  0.008  0.000  0.022  0.001  0.000  0.000  0.001  0.000  0.665
   0.53692    -13.070225  0.631  0.008  0.000  0.022  0.001  0.000  0.000  0.001  0.000  0.665
   0.55143    -13.070832  0.631  0.008  0.000  0.022  0.001  0.000  0.000  0.001  0.000  0.665
   0.56594    -13.070695  0.631  0.008  0.000  0.022  0.002  0.000  0.000  0.002  0.000  0.665
   0.56594    -13.070695  0.631  0.008  0.000  0.022  0.002  0.000  0.000  0.002  0.000  0.665
   0.58046    -13.069813  0.631  0.008  0.000  0.022  0.002  0.000  0.000  0.002  0.000  0.665
   0.59497    -13.068186  0.632  0.008  0.000  0.022  0.002  0.000  0.000  0.002  0.000  0.665
   0.60948    -13.065818  0.632  0.008  0.000  0.022  0.002  0.000  0.000  0.002  0.000  0.664
   0.62399    -13.062709  0.633  0.008  0.000  0.023  0.002  0.000  0.000  0.001  0.000  0.664
   0.63850    -13.058862  0.633  0.008  0.000  0.023  0.001  0.000  0.000  0.001  0.000  0.664
   0.65301    -13.054280  0.632  0.008  0.000  0.023  0.001  0.000  0.000  0.001  0.000  0.664
   0.66752    -13.048969  0.632  0.008  0.001  0.022  0.001  0.000  0.000  0.001  0.000  0.665
   0.68203    -13.042934  0.632  0.008  0.001  0.022  0.001  0.000  0.000  0.001  0.000  0.665
   0.69655    -13.036180  0.634  0.008  0.001  0.022  0.001  0.000  0.000  0.001  0.000  0.665
   0.71106    -13.028716  0.633  0.008  0.001  0.022  0.001  0.000  0.000  0.001  0.000  0.665
   0.72557    -13.020549  0.632  0.008  0.001  0.022  0.001  0.000  0.000  0.001  0.000  0.666
   0.74008    -13.011686  0.633  0.008  0.001  0.022  0.001  0.001  0.000  0.002  0.000  0.667
   0.75459    -13.002139  0.633  0.008  0.001  0.022  0.001  0.001  0.000  0.002  0.000  0.666
   0.76910    -12.991919  0.633  0.007  0.001  0.021  0.001  0.001  0.000  0.002  0.000  0.667
   0.78361    -12.981035  0.634  0.007  0.001  0.021  0.001  0.001  0.000  0.002  0.000  0.668
   0.79813    -12.969500  0.634  0.007  0.002  0.021  0.001  0.001  0.000  0.002  0.000  0.668
   0.81264    -12.957326  0.634  0.007  0.002  0.021  0.001  0.001  0.000  0.002  0.000  0.670
   0.82715    -12.944529  0.636  0.005  0.003  0.019  0.001  0.001  0.000  0.002  0.000  0.669
   0.84166    -12.931122  0.634  0.005  0.003  0.019  0.001  0.001  0.000  0.002  0.000  0.670
   0.85617    -12.917122  0.636  0.005  0.003  0.019  0.002  0.001  0.000  0.003  0.001  0.671
   0.87068    -12.902545  0.635  0.005  0.003  0.018  0.002  0.001  0.000  0.003  0.001  0.672
   0.88519    -12.887410  0.637  0.005  0.004  0.018  0.002  0.001  0.000  0.003  0.001  0.672
   0.89971    -12.871735  0.636  0.005  0.004  0.018  0.002  0.001  0.000  0.003  0.001  0.673
   0.91422    -12.855537  0.638  0.005  0.004  0.018  0.002  0.001  0.000  0.003  0.001  0.674
   0.92873    -12.838844  0.637  0.005  0.006  0.018  0.002  0.001  0.000  0.003  0.001  0.676
   0.94324    -12.821677  0.638  0.005  0.006  0.018  0.002  0.001  0.000  0.004  0.001  0.675
   0.95775    -12.804058  0.639  0.005  0.007  0.018  0.002  0.001  0.000  0.004  0.001  0.677
   0.97226    -12.786011  0.639  0.005  0.007  0.017  0.002  0.001  0.000  0.005  0.001  0.678
   0.98677    -12.767569  0.639  0.005  0.008  0.017  0.002  0.001  0.000  0.005  0.001  0.679
   1.00128    -12.748762  0.640  0.005  0.008  0.017  0.002  0.001  0.000  0.005  0.001  0.680
   1.01580    -12.729624  0.640  0.005  0.009  0.017  0.002  0.001  0.000  0.005  0.001  0.681
   1.03031    -12.710201  0.640  0.005  0.009  0.017  0.002  0.002  0.000  0.006  0.001  0.682
   1.04482    -12.690546  0.641  0.005  0.009  0.016  0.002  0.002  0.000  0.006  0.001  0.683
   1.05933    -12.670745  0.641  0.005  0.010  0.016  0.003  0.002  0.000  0.006  0.001  0.684
   1.07384    -12.650951  0.643  0.005  0.010  0.016  0.003  0.002  0.000  0.007  0.001  0.686
   1.08835    -12.631498  0.644  0.005  0.010  0.016  0.003  0.002  0.000  0.008  0.001  0.688
   1.10286    -12.613482  0.643  0.004  0.011  0.015  0.004  0.003  0.000  0.008  0.002  0.690
   1.11738    -12.601810  0.642  0.005  0.011  0.015  0.005  0.003  0.000  0.010  0.001  0.690
   1.13189    -12.607383  0.641  0.004  0.011  0.014  0.005  0.004  0.000  0.012  0.002  0.692
 
# Band-Index:    2
   1.13189    -12.554718  0.646  0.004  0.011  0.014  0.003  0.002  0.000  0.007  0.001  0.690
   1.11738    -12.560610  0.646  0.004  0.011  0.014  0.004  0.003  0.000  0.008  0.002  0.690
   1.10286    -12.549027  0.644  0.004  0.011  0.013  0.005  0.003  0.000  0.011  0.001  0.694
   1.08835    -12.530864  0.645  0.003  0.012  0.013  0.006  0.004  0.000  0.011  0.001  0.696
   1.07384    -12.511036  0.645  0.003  0.012  0.010  0.006  0.004  0.000  0.012  0.002  0.698
   1.05933    -12.490633  0.646  0.004  0.012  0.011  0.006  0.004  0.000  0.013  0.002  0.698
   1.04482    -12.470003  0.647  0.004  0.012  0.010  0.006  0.004  0.000  0.014  0.002  0.699
   1.03031    -12.449300  0.647  0.004  0.013  0.010  0.007  0.005  0.000  0.014  0.002  0.701
   1.01580    -12.428614  0.647  0.004  0.013  0.010  0.007  0.005  0.000  0.014  0.002  0.702
   1.00128    -12.408012  0.649  0.004  0.014  0.010  0.007  0.005  0.000  0.015  0.002  0.703
   0.98677    -12.387545  0.650  0.002  0.014  0.008  0.007  0.005  0.000  0.015  0.002  0.705
   0.97226    -12.367259  0.650  0.002  0.015  0.008  0.007  0.005  0.000  0.015  0.002  0.707
   0.95775    -12.347199  0.650  0.002  0.015  0.008  0.007  0.005  0.000  0.016  0.002  0.708
   0.94324    -12.327405  0.651  0.002  0.015  0.008  0.007  0.005  0.000  0.017  0.002  0.709
   0.92873    -12.307916  0.652  0.002  0.015  0.008  0.008  0.005  0.000  0.017  0.002  0.711
   0.91422    -12.288773  0.653  0.002  0.015  0.008  0.008  0.005  0.000  0.017  0.002  0.712
   0.89971    -12.270014  0.654  0.002  0.016  0.007  0.009  0.006  0.000  0.018  0.003  0.713
   0.88519    -12.251675  0.655  0.002  0.016  0.006  0.009  0.006  0.000  0.018  0.003  0.713
   0.87068    -12.233793  0.654  0.002  0.016  0.006  0.009  0.006  0.000  0.018  0.003  0.715
   0.85617    -12.216407  0.655  0.002  0.016  0.006  0.009  0.007  0.000  0.019  0.003  0.717
   0.84166    -12.199552  0.657  0.002  0.015  0.006  0.009  0.007  0.000  0.019  0.003  0.718
   0.82715    -12.183263  0.657  0.002  0.016  0.006  0.009  0.007  0.000  0.019  0.003  0.719
   0.81264    -12.167573  0.656  0.002  0.016  0.005  0.009  0.007  0.000  0.020  0.003  0.720
   0.79813    -12.152517  0.658  0.002  0.016  0.005  0.009  0.007  0.000  0.020  0.003  0.722
   0.78361    -12.138126  0.659  0.002  0.016  0.005  0.009  0.007  0.000  0.021  0.003  0.722
   0.76910    -12.124432  0.660  0.002  0.016  0.005  0.009  0.007  0.000  0.021  0.003  0.723
   0.75459    -12.111465  0.659  0.001  0.016  0.004  0.010  0.007  0.000  0.021  0.003  0.722
   0.74008    -12.099256  0.661  0.001  0.016  0.004  0.010  0.007  0.000  0.021  0.003  0.724
   0.72557    -12.087831  0.660  0.001  0.017  0.004  0.010  0.007  0.000  0.021  0.003  0.725
   0.71106    -12.077216  0.662  0.001  0.017  0.004  0.010  0.007  0.000  0.021  0.003  0.726
   0.69655    -12.067433  0.662  0.001  0.017  0.004  0.010  0.007  0.000  0.022  0.003  0.725
   0.68203    -12.058511  0.663  0.001  0.017  0.003  0.010  0.007  0.000  0.022  0.003  0.727
   0.66752    -12.050467  0.663  0.001  0.017  0.003  0.010  0.007  0.000  0.022  0.003  0.727
   0.65301    -12.043321  0.663  0.001  0.017  0.004  0.010  0.007  0.000  0.022  0.003  0.730
   0.63850    -12.037092  0.664  0.001  0.017  0.004  0.010  0.007  0.000  0.022  0.003  0.729
   0.62399    -12.031793  0.664  0.001  0.017  0.003  0.010  0.007  0.000  0.021  0.003  0.729
   0.60948    -12.027439  0.663  0.001  0.017  0.003  0.011  0.008  0.000  0.022  0.003  0.729
   0.59497    -12.024042  0.664  0.001  0.018  0.003  0.011  0.008  0.000  0.022  0.003  0.729
   0.58046    -12.021610  0.665  0.001  0.018  0.003  0.011  0.008  0.000  0.022  0.003  0.730
   0.56594    -12.020148  0.666  0.002  0.018  0.004  0.011  0.008  0.000  0.022  0.003  0.730
   0.56594    -12.020148  0.666  0.002  0.018  0.004  0.011  0.008  0.000  0.022  0.003  0.730
   0.55143    -12.019665  0.666  0.001  0.018  0.003  0.011  0.007  0.000  0.021  0.003  0.729
   0.53692    -12.020160  0.665  0.001  0.018  0.003  0.010  0.007  0.000  0.021  0.003  0.729
   0.52241    -12.021634  0.665  0.001  0.017  0.003  0.010  0.007  0.000  0.021  0.003  0.730
   0.50790    -12.024084  0.666  0.001  0.017  0.003  0.010  0.007  0.000  0.021  0.003  0.729
   0.49339    -12.027507  0.665  0.001  0.017  0.004  0.010  0.007  0.000  0.020  0.003  0.729
   0.47888    -12.031893  0.664  0.001  0.017  0.004  0.010  0.007  0.000  0.021  0.003  0.727
   0.46436    -12.037236  0.664  0.001  0.017  0.004  0.010  0.007  0.000  0.021  0.003  0.726
   0.44985    -12.043523  0.665  0.001  0.017  0.003  0.009  0.007  0.000  0.020  0.003  0.727
   0.43534    -12.050740  0.664  0.001  0.017  0.004  0.009  0.007  0.000  0.020  0.003  0.727
   0.42083    -12.058874  0.664  0.001  0.017  0.004  0.009  0.007  0.000  0.020  0.003  0.725
   0.40632    -12.067900  0.664  0.001  0.017  0.004  0.009  0.006  0.000  0.019  0.003  0.724
   0.39181    -12.077802  0.662  0.001  0.017  0.004  0.009  0.006  0.000  0.019  0.003  0.723
   0.37730    -12.088557  0.664  0.002  0.017  0.005  0.008  0.006  0.000  0.019  0.002  0.723
   0.36278    -12.100141  0.662  0.002  0.016  0.005  0.008  0.006  0.000  0.018  0.002  0.723
   0.34827    -12.112530  0.663  0.002  0.016  0.005  0.008  0.006  0.000  0.018  0.002  0.720
   0.33376    -12.125692  0.661  0.002  0.016  0.006  0.008  0.006  0.000  0.018  0.002  0.719
   0.31925    -12.139600  0.661  0.002  0.016  0.006  0.008  0.006  0.000  0.017  0.002  0.719
   0.30474    -12.154224  0.661  0.002  0.016  0.006  0.007  0.006  0.000  0.017  0.002  0.717
   0.29023    -12.169529  0.659  0.002  0.015  0.006  0.007  0.006  0.000  0.017  0.002  0.717
   0.27572    -12.185484  0.659  0.002  0.015  0.007  0.007  0.005  0.000  0.015  0.002  0.715
   0.26120    -12.202053  0.658  0.002  0.017  0.007  0.007  0.005  0.000  0.015  0.002  0.714
   0.24669    -12.219203  0.659  0.002  0.016  0.007  0.007  0.005  0.000  0.015  0.002  0.713
   0.23218    -12.236892  0.657  0.002  0.016  0.007  0.007  0.005  0.000  0.014  0.002  0.711
   0.21767    -12.255085  0.657  0.003  0.016  0.008  0.006  0.005  0.000  0.014  0.002  0.709
   0.20316    -12.273745  0.655  0.003  0.016  0.008  0.006  0.005  0.000  0.014  0.002  0.708
   0.18865    -12.292831  0.656  0.003  0.016  0.008  0.006  0.005  0.000  0.013  0.002  0.707
   0.17414    -12.312305  0.655  0.003  0.015  0.009  0.006  0.005  0.000  0.013  0.002  0.706
   0.15963    -12.332124  0.654  0.003  0.015  0.010  0.006  0.004  0.000  0.012  0.002  0.705
   0.14511    -12.352249  0.653  0.003  0.014  0.010  0.005  0.004  0.000  0.012  0.001  0.703
   0.13060    -12.372636  0.652  0.003  0.014  0.010  0.005  0.003  0.000  0.011  0.001  0.701
   0.11609    -12.393242  0.652  0.003  0.014  0.010  0.005  0.003  0.000  0.011  0.001  0.701
   0.10158    -12.414021  0.651  0.003  0.013  0.010  0.005  0.003  0.000  0.010  0.001  0.699
   0.08707    -12.434922  0.650  0.003  0.013  0.011  0.004  0.003  0.000  0.010  0.001  0.698
   0.07256    -12.455886  0.649  0.003  0.013  0.013  0.004  0.003  0.000  0.009  0.001  0.697
   0.05805    -12.476840  0.648  0.003  0.013  0.013  0.004  0.003  0.000  0.009  0.001  0.695
   0.04353    -12.497670  0.648  0.004  0.012  0.014  0.003  0.003  0.000  0.009  0.001  0.694
   0.02902    -12.518174  0.647  0.004  0.012  0.014  0.003  0.002  0.000  0.008  0.001  0.692
   0.01451    -12.537829  0.647  0.004  0.012  0.015  0.003  0.002  0.000  0.008  0.001  0.690
   0.00000    -12.554718  0.646  0.004  0.011  0.014  0.003  0.002  0.000  0.007  0.001  0.690
 
# Band-Index:    3
   0.00000     -5.639685  0.096  0.045  0.091  0.139  0.120  0.027  0.000  0.082  0.040  0.644
   0.01451     -5.635509  0.096  0.045  0.091  0.138  0.122  0.028  0.000  0.085  0.041  0.647
   0.02902     -5.630688  0.095  0.045  0.091  0.135  0.123  0.030  0.000  0.089  0.041  0.651
   0.04353     -5.625242  0.095  0.045  0.091  0.133  0.125  0.031  0.000  0.093  0.041  0.655
   0.05805     -5.619196  0.094  0.044  0.092  0.131  0.126  0.032  0.000  0.096  0.042  0.658
   0.07256     -5.612572  0.094  0.042  0.092  0.129  0.128  0.033  0.001  0.099  0.043  0.661
   0.08707     -5.605395  0.093  0.042  0.092  0.127  0.129  0.034  0.001  0.103  0.043  0.665
   0.10158     -5.597684  0.092  0.042  0.094  0.124  0.129  0.035  0.002  0.105  0.043  0.668
   0.11609     -5.589460  0.093  0.040  0.095  0.122  0.131  0.036  0.003  0.108  0.043  0.671
   0.13060     -5.580744  0.092  0.039  0.097  0.119  0.132  0.036  0.004  0.110  0.044  0.673
   0.14511     -5.571554  0.091  0.039  0.099  0.116  0.134  0.037  0.005  0.111  0.045  0.677
   0.15963     -5.561913  0.089  0.037  0.100  0.113  0.135  0.037  0.006  0.112  0.045  0.677
   0.17414     -5.551850  0.087  0.037  0.105  0.111  0.137  0.037  0.007  0.111  0.046  0.679
   0.18865     -5.541412  0.086  0.036  0.111  0.107  0.141  0.036  0.008  0.108  0.047  0.678
   0.20316     -5.530773  0.082  0.035  0.121  0.103  0.146  0.032  0.009  0.096  0.049  0.672
   0.21767     -5.521169  0.081  0.037  0.143  0.110  0.146  0.015  0.009  0.043  0.049  0.632
   0.23218     -5.518902  0.108  0.053  0.113  0.162  0.086  0.001  0.017  0.003  0.029  0.573
   0.24669     -5.520130  0.119  0.058  0.091  0.175  0.065  0.005  0.022  0.015  0.022  0.572
   0.26120     -5.520769  0.123  0.060  0.082  0.179  0.056  0.008  0.024  0.023  0.019  0.575
   0.27572     -5.520419  0.125  0.061  0.075  0.183  0.051  0.009  0.027  0.029  0.017  0.578
   0.29023     -5.519037  0.127  0.062  0.070  0.184  0.047  0.011  0.030  0.034  0.016  0.582
   0.30474     -5.516659  0.128  0.062  0.064  0.186  0.044  0.013  0.033  0.039  0.015  0.584
   0.31925     -5.513340  0.132  0.062  0.059  0.187  0.041  0.015  0.035  0.044  0.014  0.588
   0.33376     -5.509160  0.132  0.063  0.053  0.188  0.039  0.016  0.038  0.049  0.013  0.590
   0.34827     -5.504213  0.134  0.063  0.048  0.190  0.036  0.019  0.040  0.055  0.012  0.594
   0.36278     -5.498601  0.137  0.063  0.042  0.190  0.034  0.020  0.043  0.060  0.012  0.599
   0.37730     -5.492438  0.138  0.064  0.037  0.191  0.032  0.021  0.047  0.065  0.011  0.604
   0.39181     -5.485847  0.138  0.064  0.031  0.193  0.030  0.024  0.049  0.070  0.010  0.609
   0.40632     -5.478956  0.142  0.063  0.026  0.192  0.028  0.025  0.052  0.075  0.009  0.614
   0.42083     -5.471893  0.142  0.063  0.021  0.192  0.026  0.026  0.055  0.080  0.009  0.618
   0.43534     -5.464790  0.143  0.065  0.017  0.193  0.026  0.028  0.058  0.084  0.009  0.621
   0.44985     -5.457779  0.143  0.065  0.012  0.193  0.024  0.029  0.062  0.089  0.008  0.626
   0.46436     -5.450987  0.146  0.065  0.010  0.193  0.023  0.031  0.066  0.091  0.008  0.631
   0.47888     -5.444539  0.146  0.064  0.006  0.193  0.022  0.031  0.068  0.094  0.007  0.633
   0.49339     -5.438560  0.147  0.064  0.006  0.193  0.022  0.031  0.071  0.095  0.007  0.634
   0.50790     -5.433165  0.146  0.064  0.003  0.192  0.022  0.032  0.074  0.095  0.007  0.636
   0.52241     -5.428468  0.146  0.064  0.003  0.192  0.021  0.032  0.077  0.094  0.007  0.637
   0.53692     -5.424580  0.147  0.064  0.003  0.190  0.021  0.031  0.078  0.092  0.007  0.637
   0.55143     -5.421604  0.146  0.064  0.006  0.190  0.022  0.030  0.081  0.089  0.007  0.636
   0.56594     -5.419637  0.146  0.063  0.008  0.191  0.022  0.028  0.082  0.086  0.007  0.634
   0.56594     -5.419637  0.146  0.063  0.008  0.191  0.022  0.028  0.082  0.086  0.007  0.634
   0.58046     -5.418767  0.145  0.062  0.010  0.190  0.023  0.027  0.083  0.081  0.008  0.632
   0.59497     -5.419064  0.145  0.063  0.014  0.189  0.024  0.025  0.084  0.076  0.008  0.628
   0.60948     -5.420587  0.142  0.063  0.019  0.189  0.026  0.023  0.083  0.070  0.009  0.624
   0.62399     -5.423368  0.142  0.064  0.023  0.188  0.027  0.021  0.083  0.064  0.009  0.620
   0.63850     -5.427420  0.141  0.062  0.029  0.188  0.029  0.019  0.082  0.057  0.010  0.616
   0.65301     -5.432720  0.138  0.062  0.033  0.186  0.031  0.017  0.080  0.050  0.010  0.611
   0.66752     -5.439221  0.137  0.062  0.040  0.185  0.034  0.015  0.078  0.044  0.011  0.606
   0.68203     -5.446844  0.136  0.061  0.046  0.185  0.037  0.013  0.074  0.037  0.012  0.603
   0.69655     -5.455486  0.132  0.061  0.051  0.183  0.041  0.011  0.072  0.032  0.013  0.598
   0.71106     -5.465018  0.131  0.061  0.057  0.182  0.044  0.009  0.068  0.027  0.014  0.595
   0.72557     -5.475299  0.128  0.060  0.062  0.181  0.047  0.007  0.064  0.023  0.015  0.591
   0.74008     -5.486174  0.127  0.060  0.066  0.180  0.051  0.007  0.060  0.019  0.017  0.589
   0.75459     -5.497488  0.124  0.060  0.071  0.180  0.054  0.006  0.056  0.016  0.018  0.586
   0.76910     -5.509085  0.122  0.060  0.075  0.178  0.058  0.005  0.053  0.015  0.019  0.584
   0.78361     -5.520812  0.119  0.058  0.080  0.176  0.061  0.004  0.049  0.013  0.020  0.584
   0.79813     -5.532526  0.118  0.058  0.082  0.175  0.065  0.004  0.045  0.013  0.021  0.584
   0.81264     -5.544101  0.116  0.058  0.084  0.175  0.068  0.004  0.041  0.013  0.022  0.584
   0.82715     -5.555417  0.115  0.058  0.087  0.172  0.072  0.004  0.038  0.014  0.024  0.584
   0.84166     -5.566366  0.113  0.056  0.089  0.171  0.075  0.005  0.034  0.014  0.025  0.584
   0.85617     -5.576866  0.111  0.056  0.091  0.170  0.078  0.006  0.030  0.016  0.026  0.585
   0.87068     -5.586834  0.111  0.056  0.092  0.168  0.081  0.006  0.027  0.018  0.027  0.588
   0.88519     -5.596208  0.110  0.056  0.094  0.167  0.084  0.006  0.025  0.020  0.028  0.589
   0.89971     -5.604923  0.108  0.056  0.094  0.166  0.087  0.007  0.022  0.022  0.029  0.591
   0.91422     -5.612938  0.108  0.055  0.094  0.164  0.090  0.008  0.020  0.025  0.030  0.593
   0.92873     -5.620219  0.105  0.055  0.095  0.163  0.093  0.009  0.017  0.029  0.031  0.597
   0.94324     -5.626736  0.105  0.053  0.095  0.161  0.096  0.010  0.015  0.031  0.032  0.599
   0.95775     -5.632469  0.104  0.053  0.095  0.160  0.097  0.011  0.013  0.034  0.032  0.603
   0.97226     -5.637404  0.102  0.052  0.095  0.158  0.100  0.013  0.012  0.038  0.033  0.605
   0.98677     -5.641533  0.102  0.052  0.095  0.157  0.102  0.014  0.010  0.042  0.034  0.607
   1.00128     -5.644856  0.101  0.052  0.095  0.156  0.105  0.015  0.007  0.046  0.035  0.611
   1.01580     -5.647368  0.101  0.052  0.095  0.153  0.106  0.016  0.006  0.050  0.036  0.615
   1.03031     -5.649079  0.100  0.051  0.093  0.152  0.109  0.018  0.005  0.054  0.036  0.618
   1.04482     -5.650000  0.100  0.049  0.093  0.150  0.111  0.019  0.004  0.058  0.037  0.621
   1.05933     -5.650137  0.099  0.049  0.093  0.149  0.112  0.020  0.003  0.062  0.037  0.626
   1.07384     -5.649510  0.098  0.049  0.093  0.147  0.114  0.022  0.002  0.066  0.038  0.630
   1.08835     -5.648130  0.098  0.048  0.093  0.145  0.116  0.023  0.001  0.070  0.038  0.633
   1.10286     -5.646021  0.097  0.048  0.091  0.143  0.117  0.024  0.001  0.074  0.039  0.637
   1.11738     -5.643198  0.097  0.048  0.091  0.141  0.119  0.026  0.000  0.078  0.040  0.640
   1.13189     -5.639685  0.096  0.045  0.091  0.139  0.120  0.027  0.000  0.082  0.040  0.644
 
# Band-Index:    4
   1.13189     -5.324830  0.125  0.059  0.087  0.177  0.070  0.011  0.003  0.034  0.023  0.587
   1.11738     -5.304480  0.125  0.059  0.085  0.176  0.069  0.012  0.003  0.036  0.023  0.590
   1.10286     -5.283503  0.124  0.058  0.085  0.176  0.069  0.013  0.003  0.038  0.023  0.592
   1.08835     -5.261984  0.126  0.058  0.084  0.177  0.069  0.013  0.002  0.040  0.023  0.594
   1.07384     -5.240023  0.126  0.058  0.084  0.176  0.069  0.014  0.002  0.043  0.023  0.595
   1.05933     -5.217717  0.126  0.058  0.082  0.175  0.068  0.016  0.003  0.046  0.022  0.598
   1.04482     -5.195185  0.127  0.059  0.083  0.176  0.066  0.016  0.003  0.050  0.022  0.600
   1.03031     -5.172540  0.127  0.059  0.082  0.175  0.065  0.018  0.003  0.053  0.022  0.603
   1.01580     -5.149911  0.129  0.059  0.080  0.174  0.063  0.019  0.004  0.057  0.021  0.606
   1.00128     -5.127432  0.130  0.058  0.080  0.173  0.062  0.020  0.005  0.061  0.021  0.609
   0.98677     -5.105240  0.130  0.058  0.078  0.173  0.059  0.022  0.007  0.066  0.020  0.611
   0.97226     -5.083481  0.131  0.058  0.076  0.173  0.056  0.024  0.008  0.070  0.018  0.615
   0.95775     -5.062305  0.131  0.057  0.076  0.171  0.054  0.025  0.009  0.076  0.018  0.617
   0.94324     -5.041847  0.132  0.057  0.076  0.169  0.051  0.027  0.011  0.082  0.017  0.620
   0.92873     -5.022251  0.132  0.057  0.074  0.169  0.047  0.029  0.013  0.087  0.016  0.625
   0.91422     -5.003644  0.133  0.055  0.074  0.166  0.043  0.032  0.017  0.093  0.014  0.628
   0.89971     -4.986144  0.133  0.054  0.076  0.163  0.040  0.033  0.020  0.098  0.014  0.632
   0.88519     -4.969830  0.132  0.054  0.076  0.161  0.037  0.035  0.023  0.104  0.012  0.634
   0.87068     -4.954770  0.132  0.052  0.078  0.158  0.034  0.037  0.025  0.110  0.011  0.636
   0.85617     -4.940998  0.132  0.052  0.081  0.154  0.030  0.038  0.028  0.114  0.010  0.639
   0.84166     -4.928514  0.130  0.050  0.085  0.151  0.028  0.039  0.032  0.118  0.009  0.642
   0.82715     -4.917285  0.130  0.048  0.088  0.147  0.024  0.040  0.035  0.121  0.008  0.644
   0.81264     -4.907258  0.128  0.046  0.095  0.141  0.023  0.041  0.037  0.123  0.008  0.645
   0.79813     -4.898360  0.126  0.045  0.102  0.137  0.021  0.041  0.041  0.123  0.007  0.644
   0.78361     -4.890516  0.127  0.043  0.111  0.131  0.020  0.041  0.044  0.122  0.006  0.644
   0.76910     -4.883668  0.125  0.042  0.121  0.125  0.018  0.040  0.047  0.119  0.006  0.640
   0.75459     -4.877800  0.122  0.038  0.134  0.117  0.017  0.038  0.051  0.113  0.006  0.636
   0.74008     -4.872982  0.121  0.037  0.147  0.109  0.016  0.035  0.054  0.105  0.005  0.631
   0.72557     -4.869401  0.120  0.034  0.164  0.101  0.016  0.032  0.058  0.094  0.005  0.625
   0.71106     -4.867422  0.120  0.030  0.183  0.092  0.015  0.027  0.063  0.080  0.005  0.616
   0.69655     -4.867623  0.120  0.028  0.203  0.080  0.016  0.022  0.070  0.065  0.005  0.606
   0.68203     -4.870809  0.119  0.022  0.223  0.069  0.018  0.016  0.076  0.048  0.006  0.598
   0.66752     -4.877851  0.116  0.019  0.241  0.058  0.022  0.011  0.082  0.032  0.007  0.590
   0.65301     -4.889427  0.113  0.016  0.256  0.050  0.029  0.006  0.088  0.018  0.010  0.587
   0.63850     -4.905711  0.108  0.014  0.264  0.044  0.038  0.004  0.090  0.010  0.012  0.588
   0.62399     -4.926263  0.102  0.013  0.269  0.040  0.048  0.002  0.091  0.006  0.016  0.589
   0.60948     -4.950234  0.098  0.013  0.268  0.041  0.059  0.002  0.089  0.006  0.020  0.592
   0.59497     -4.976647  0.092  0.013  0.264  0.040  0.068  0.003  0.087  0.008  0.022  0.598
   0.58046     -5.004617  0.088  0.014  0.258  0.044  0.075  0.004  0.083  0.012  0.025  0.603
   0.56594     -5.033427  0.085  0.014  0.252  0.044  0.083  0.005  0.080  0.016  0.028  0.609
   0.56594     -5.033427  0.085  0.014  0.252  0.044  0.083  0.005  0.080  0.016  0.028  0.609
   0.55143     -5.062540  0.081  0.016  0.247  0.048  0.089  0.007  0.076  0.022  0.030  0.614
   0.53692     -5.091537  0.079  0.016  0.240  0.049  0.094  0.009  0.072  0.027  0.032  0.619
   0.52241     -5.120114  0.078  0.018  0.232  0.052  0.099  0.011  0.068  0.033  0.033  0.624
   0.50790     -5.148051  0.076  0.017  0.227  0.054  0.103  0.013  0.064  0.039  0.034  0.630
   0.49339     -5.175189  0.074  0.018  0.220  0.056  0.107  0.015  0.061  0.046  0.035  0.634
   0.47888     -5.201403  0.074  0.020  0.212  0.058  0.111  0.017  0.057  0.052  0.036  0.640
   0.46436     -5.226618  0.074  0.020  0.204  0.061  0.114  0.019  0.055  0.059  0.037  0.645
   0.44985     -5.250789  0.074  0.021  0.199  0.061  0.118  0.021  0.052  0.066  0.039  0.650
   0.43534     -5.273894  0.074  0.021  0.191  0.064  0.120  0.025  0.049  0.073  0.040  0.655
   0.42083     -5.295942  0.074  0.023  0.183  0.067  0.122  0.027  0.046  0.080  0.041  0.661
   0.40632     -5.316943  0.077  0.023  0.175  0.069  0.124  0.029  0.043  0.087  0.041  0.666
   0.39181     -5.336937  0.076  0.023  0.166  0.072  0.125  0.031  0.040  0.093  0.042  0.671
   0.37730     -5.355976  0.077  0.025  0.159  0.075  0.127  0.033  0.038  0.100  0.042  0.676
   0.36278     -5.374114  0.079  0.026  0.151  0.077  0.128  0.036  0.035  0.106  0.042  0.680
   0.34827     -5.391408  0.080  0.026  0.144  0.080  0.129  0.037  0.033  0.111  0.043  0.684
   0.33376     -5.407916  0.081  0.028  0.136  0.083  0.129  0.039  0.031  0.117  0.042  0.687
   0.31925     -5.423698  0.083  0.029  0.129  0.087  0.129  0.040  0.029  0.122  0.043  0.689
   0.30474     -5.438806  0.084  0.030  0.123  0.090  0.128  0.041  0.026  0.125  0.043  0.692
   0.29023     -5.453284  0.087  0.031  0.116  0.094  0.127  0.042  0.024  0.129  0.042  0.694
   0.27572     -5.467164  0.087  0.033  0.110  0.097  0.126  0.045  0.022  0.133  0.042  0.694
   0.26120     -5.480456  0.090  0.034  0.101  0.102  0.124  0.046  0.020  0.137  0.041  0.695
   0.24669     -5.493103  0.094  0.036  0.093  0.109  0.117  0.048  0.019  0.143  0.039  0.696
   0.23218     -5.504676  0.104  0.041  0.070  0.125  0.098  0.051  0.020  0.153  0.033  0.695
   0.21767     -5.511080  0.132  0.060  0.039  0.178  0.039  0.037  0.024  0.111  0.013  0.634
   0.20316     -5.508480  0.131  0.062  0.060  0.187  0.041  0.019  0.021  0.057  0.013  0.592
   0.18865     -5.503164  0.128  0.062  0.071  0.185  0.048  0.014  0.019  0.042  0.016  0.583
   0.17414     -5.496368  0.126  0.061  0.076  0.184  0.052  0.012  0.017  0.036  0.017  0.580
   0.15963     -5.488262  0.124  0.061  0.079  0.182  0.055  0.011  0.015  0.032  0.018  0.579
   0.14511     -5.478905  0.123  0.061  0.082  0.181  0.058  0.010  0.014  0.030  0.019  0.579
   0.13060     -5.468335  0.124  0.061  0.084  0.181  0.060  0.010  0.012  0.029  0.020  0.579
   0.11609     -5.456576  0.123  0.061  0.084  0.180  0.061  0.009  0.011  0.028  0.020  0.579
   0.10158     -5.443667  0.123  0.061  0.086  0.180  0.064  0.010  0.009  0.029  0.021  0.580
   0.08707     -5.429647  0.122  0.060  0.087  0.179  0.065  0.010  0.008  0.028  0.021  0.580
   0.07256     -5.414552  0.122  0.060  0.087  0.179  0.066  0.010  0.007  0.029  0.021  0.580
   0.05805     -5.398436  0.124  0.060  0.088  0.178  0.067  0.010  0.006  0.029  0.023  0.582
   0.04353     -5.381344  0.123  0.060  0.088  0.177  0.068  0.010  0.006  0.030  0.023  0.582
   0.02902     -5.363338  0.123  0.060  0.086  0.177  0.068  0.011  0.005  0.031  0.023  0.585
   0.01451     -5.344476  0.123  0.059  0.087  0.177  0.069  0.011  0.004  0.033  0.023  0.586
   0.00000     -5.324830  0.125  0.059  0.087  0.177  0.070  0.011  0.003  0.034  0.023  0.587
 
# Band-Index:    5
   0.00000     -4.534748  0.000  0.097  0.000  0.032  0.045  0.421  0.000  0.140  0.136  0.873
   0.01451     -4.535830  0.000  0.097  0.000  0.032  0.045  0.421  0.000  0.140  0.137  0.872
   0.02902     -4.537060  0.000  0.097  0.000  0.032  0.045  0.420  0.000  0.140  0.137  0.871
   0.04353     -4.538430  0.000  0.097  0.000  0.032  0.045  0.420  0.000  0.140  0.137  0.871
   0.05805     -4.539931  0.000  0.097  0.000  0.032  0.045  0.419  0.000  0.140  0.136  0.872
   0.07256     -4.541550  0.000  0.099  0.000  0.032  0.045  0.419  0.000  0.140  0.136  0.871
   0.08707     -4.543277  0.000  0.099  0.000  0.032  0.045  0.418  0.000  0.139  0.136  0.870
   0.10158     -4.545100  0.000  0.099  0.000  0.032  0.045  0.418  0.000  0.139  0.136  0.870
   0.11609     -4.547004  0.000  0.099  0.000  0.032  0.045  0.418  0.000  0.139  0.135  0.869
   0.13060     -4.548978  0.000  0.099  0.000  0.032  0.045  0.418  0.000  0.139  0.135  0.871
   0.14511     -4.551005  0.000  0.098  0.000  0.032  0.045  0.418  0.000  0.140  0.135  0.870
   0.15963     -4.553076  0.000  0.098  0.000  0.032  0.045  0.418  0.000  0.140  0.135  0.870
   0.17414     -4.555175  0.000  0.100  0.000  0.034  0.045  0.418  0.000  0.139  0.134  0.870
   0.18865     -4.557288  0.000  0.100  0.000  0.034  0.044  0.418  0.000  0.139  0.134  0.870
   0.20316     -4.559400  0.000  0.100  0.000  0.034  0.044  0.418  0.000  0.140  0.135  0.868
   0.21767     -4.561499  0.000  0.100  0.000  0.034  0.044  0.418  0.000  0.140  0.135  0.868
   0.23218     -4.563572  0.000  0.099  0.000  0.034  0.044  0.418  0.000  0.140  0.133  0.868
   0.24669     -4.565604  0.000  0.099  0.000  0.034  0.044  0.419  0.000  0.139  0.133  0.870
   0.26120     -4.567583  0.000  0.099  0.000  0.034  0.044  0.419  0.000  0.140  0.133  0.870
   0.27572     -4.569497  0.000  0.099  0.000  0.034  0.044  0.420  0.000  0.140  0.133  0.870
   0.29023     -4.571335  0.000  0.098  0.000  0.033  0.044  0.421  0.000  0.141  0.132  0.870
   0.30474     -4.573086  0.000  0.098  0.000  0.033  0.044  0.421  0.000  0.141  0.132  0.870
   0.31925     -4.574739  0.000  0.098  0.000  0.033  0.044  0.422  0.000  0.140  0.132  0.870
   0.33376     -4.576284  0.000  0.098  0.000  0.033  0.044  0.422  0.000  0.141  0.132  0.870
   0.34827     -4.577712  0.000  0.097  0.000  0.033  0.044  0.423  0.000  0.141  0.132  0.871
   0.36278     -4.579013  0.000  0.097  0.000  0.033  0.044  0.423  0.000  0.141  0.131  0.871
   0.37730     -4.580185  0.000  0.097  0.000  0.033  0.044  0.425  0.000  0.142  0.131  0.869
   0.39181     -4.581217  0.000  0.097  0.000  0.033  0.043  0.425  0.000  0.142  0.131  0.869
   0.40632     -4.582108  0.000  0.096  0.000  0.033  0.043  0.426  0.000  0.142  0.131  0.870
   0.42083     -4.582846  0.000  0.096  0.000  0.033  0.043  0.427  0.000  0.142  0.131  0.870
   0.43534     -4.583431  0.000  0.096  0.000  0.033  0.043  0.427  0.000  0.142  0.130  0.871
   0.44985     -4.583858  0.000  0.094  0.000  0.031  0.043  0.428  0.000  0.143  0.130  0.871
   0.46436     -4.584126  0.000  0.093  0.000  0.030  0.043  0.429  0.000  0.143  0.130  0.872
   0.47888     -4.584233  0.000  0.093  0.000  0.030  0.043  0.430  0.000  0.143  0.130  0.872
   0.49339     -4.584179  0.000  0.093  0.000  0.030  0.043  0.431  0.000  0.144  0.130  0.871
   0.50790     -4.583963  0.000  0.093  0.000  0.030  0.043  0.431  0.000  0.144  0.130  0.871
   0.52241     -4.583587  0.000  0.093  0.000  0.030  0.043  0.431  0.000  0.144  0.130  0.871
   0.53692     -4.583053  0.000  0.093  0.000  0.030  0.043  0.432  0.000  0.144  0.130  0.873
   0.55143     -4.582365  0.000  0.092  0.000  0.030  0.043  0.432  0.000  0.145  0.129  0.873
   0.56594     -4.581526  0.000  0.090  0.000  0.030  0.043  0.433  0.000  0.145  0.129  0.874
   0.56594     -4.581526  0.000  0.090  0.000  0.030  0.043  0.433  0.000  0.145  0.129  0.874
   0.58046     -4.580540  0.000  0.090  0.000  0.030  0.043  0.433  0.000  0.146  0.129  0.872
   0.59497     -4.579414  0.000  0.091  0.000  0.030  0.044  0.433  0.000  0.147  0.128  0.873
   0.60948     -4.581676  0.017  0.049  0.084  0.149  0.156  0.046  0.007  0.170  0.046  0.725
   0.62399     -4.590664  0.015  0.048  0.077  0.147  0.162  0.054  0.007  0.173  0.052  0.737
   0.63850     -4.593727  0.012  0.047  0.073  0.144  0.171  0.057  0.011  0.179  0.056  0.747
   0.65301     -4.590175  0.011  0.045  0.074  0.137  0.180  0.056  0.016  0.181  0.058  0.757
   0.66752     -4.579810  0.010  0.041  0.080  0.127  0.190  0.052  0.026  0.180  0.058  0.763
   0.68203     -4.570120  0.000  0.089  0.000  0.030  0.047  0.429  0.000  0.153  0.125  0.875
   0.69655     -4.568230  0.000  0.089  0.000  0.030  0.044  0.435  0.000  0.148  0.129  0.875
   0.71106     -4.566272  0.000  0.089  0.000  0.030  0.044  0.436  0.000  0.147  0.129  0.876
   0.72557     -4.564258  0.000  0.089  0.000  0.030  0.044  0.437  0.000  0.147  0.130  0.876
   0.74008     -4.562199  0.000  0.089  0.000  0.030  0.044  0.437  0.000  0.146  0.130  0.875
   0.75459     -4.560109  0.000  0.090  0.000  0.030  0.044  0.437  0.000  0.146  0.131  0.875
   0.76910     -4.558001  0.000  0.090  0.000  0.030  0.044  0.437  0.000  0.146  0.131  0.876
   0.78361     -4.555889  0.000  0.088  0.000  0.028  0.044  0.437  0.000  0.147  0.131  0.876
   0.79813     -4.553785  0.000  0.088  0.000  0.028  0.044  0.436  0.000  0.146  0.131  0.876
   0.81264     -4.551705  0.000  0.088  0.000  0.028  0.044  0.436  0.000  0.146  0.132  0.876
   0.82715     -4.549662  0.000  0.089  0.000  0.029  0.044  0.436  0.000  0.146  0.132  0.876
   0.84166     -4.547667  0.000  0.089  0.000  0.029  0.044  0.435  0.000  0.145  0.132  0.877
   0.85617     -4.545739  0.000  0.089  0.000  0.029  0.044  0.435  0.000  0.145  0.133  0.877
   0.87068     -4.543889  0.000  0.089  0.000  0.029  0.044  0.435  0.000  0.146  0.133  0.877
   0.88519     -4.542129  0.000  0.090  0.000  0.029  0.044  0.434  0.000  0.145  0.133  0.877
   0.89971     -4.540472  0.000  0.089  0.000  0.029  0.044  0.434  0.000  0.145  0.133  0.877
   0.91422     -4.538929  0.000  0.089  0.000  0.029  0.044  0.433  0.000  0.144  0.134  0.877
   0.92873     -4.537513  0.000  0.089  0.000  0.029  0.044  0.432  0.000  0.144  0.135  0.876
   0.94324     -4.536235  0.000  0.090  0.000  0.029  0.044  0.432  0.000  0.144  0.135  0.876
   0.95775     -4.535102  0.000  0.090  0.000  0.029  0.044  0.431  0.000  0.144  0.135  0.876
   0.97226     -4.534122  0.000  0.090  0.000  0.029  0.044  0.430  0.000  0.144  0.135  0.876
   0.98677     -4.533305  0.000  0.091  0.000  0.030  0.044  0.429  0.000  0.143  0.135  0.875
   1.00128     -4.532659  0.000  0.093  0.000  0.032  0.045  0.429  0.000  0.143  0.135  0.875
   1.01580     -4.532183  0.000  0.093  0.000  0.032  0.045  0.428  0.000  0.143  0.135  0.875
   1.03031     -4.531883  0.000  0.093  0.000  0.032  0.045  0.427  0.000  0.142  0.136  0.874
   1.04482     -4.531762  0.000  0.094  0.000  0.032  0.046  0.426  0.000  0.142  0.137  0.875
   1.05933     -4.531820  0.000  0.094  0.000  0.032  0.046  0.426  0.000  0.142  0.137  0.874
   1.07384     -4.532058  0.000  0.094  0.000  0.032  0.046  0.425  0.000  0.141  0.136  0.873
   1.08835     -4.532473  0.000  0.094  0.000  0.032  0.046  0.424  0.000  0.141  0.136  0.873
   1.10286     -4.533063  0.000  0.094  0.000  0.032  0.045  0.423  0.000  0.141  0.136  0.872
   1.11738     -4.533825  0.000  0.096  0.000  0.032  0.045  0.423  0.000  0.141  0.136  0.874
   1.13189     -4.534748  0.000  0.097  0.000  0.032  0.045  0.421  0.000  0.140  0.136  0.873
 
# Band-Index:    6
   1.13189     -3.970398  0.011  0.019  0.130  0.055  0.061  0.046  0.304  0.141  0.020  0.787
   1.11738     -3.985608  0.012  0.017  0.129  0.053  0.069  0.049  0.294  0.148  0.023  0.792
   1.10286     -4.001141  0.012  0.017  0.127  0.050  0.076  0.051  0.283  0.155  0.026  0.798
   1.08835     -4.016854  0.012  0.016  0.126  0.048  0.085  0.053  0.272  0.161  0.028  0.801
   1.07384     -4.032617  0.013  0.014  0.125  0.045  0.094  0.055  0.263  0.166  0.031  0.805
   1.05933     -4.048308  0.013  0.014  0.124  0.041  0.103  0.057  0.253  0.171  0.035  0.811
   1.04482     -4.063819  0.014  0.012  0.123  0.038  0.113  0.058  0.244  0.174  0.037  0.813
   1.03031     -4.079054  0.015  0.011  0.123  0.036  0.122  0.059  0.234  0.177  0.040  0.816
   1.01580     -4.093929  0.015  0.011  0.123  0.033  0.132  0.060  0.225  0.179  0.044  0.819
   1.00128     -4.108393  0.015  0.009  0.124  0.029  0.143  0.060  0.216  0.181  0.048  0.822
   0.98677     -4.122406  0.015  0.009  0.123  0.027  0.154  0.060  0.208  0.180  0.051  0.826
   0.97226     -4.135975  0.015  0.007  0.124  0.022  0.164  0.060  0.199  0.180  0.054  0.829
   0.95775     -4.149139  0.015  0.007  0.126  0.020  0.175  0.059  0.190  0.179  0.058  0.831
   0.94324     -4.161992  0.015  0.006  0.127  0.016  0.185  0.059  0.182  0.177  0.061  0.834
   0.92873     -4.174695  0.016  0.006  0.129  0.016  0.195  0.058  0.175  0.175  0.065  0.834
   0.91422     -4.187486  0.018  0.004  0.131  0.014  0.205  0.057  0.167  0.172  0.068  0.834
   0.89971     -4.200690  0.018  0.003  0.133  0.012  0.213  0.056  0.159  0.168  0.071  0.834
   0.88519     -4.214677  0.020  0.003  0.136  0.012  0.219  0.054  0.152  0.164  0.073  0.832
   0.87068     -4.229900  0.021  0.005  0.136  0.013  0.224  0.053  0.145  0.160  0.075  0.828
   0.85617     -4.246810  0.021  0.005  0.140  0.015  0.226  0.051  0.138  0.154  0.075  0.825
   0.84166     -4.265802  0.022  0.005  0.141  0.017  0.226  0.050  0.132  0.150  0.075  0.820
   0.82715     -4.287139  0.023  0.007  0.143  0.022  0.224  0.049  0.126  0.145  0.074  0.813
   0.81264     -4.310915  0.024  0.009  0.144  0.027  0.220  0.047  0.119  0.141  0.073  0.804
   0.79813     -4.337008  0.022  0.011  0.144  0.034  0.215  0.046  0.112  0.138  0.072  0.796
   0.78361     -4.365111  0.022  0.014  0.145  0.042  0.211  0.046  0.105  0.136  0.071  0.790
   0.76910     -4.394756  0.022  0.017  0.141  0.050  0.205  0.046  0.097  0.135  0.069  0.783
   0.75459     -4.425345  0.022  0.019  0.136  0.058  0.202  0.046  0.089  0.136  0.067  0.777
   0.74008     -4.456172  0.019  0.023  0.130  0.069  0.199  0.046  0.079  0.138  0.067  0.771
   0.72557     -4.486415  0.016  0.026  0.122  0.078  0.196  0.048  0.070  0.143  0.066  0.770
   0.71106     -4.515100  0.015  0.029  0.113  0.090  0.194  0.051  0.059  0.149  0.065  0.768
   0.69655     -4.541090  0.013  0.035  0.101  0.102  0.192  0.055  0.048  0.156  0.066  0.766
   0.68203     -4.563093  0.011  0.039  0.089  0.113  0.186  0.063  0.037  0.159  0.068  0.765
   0.66752     -4.571922  0.000  0.091  0.000  0.028  0.039  0.442  0.000  0.140  0.134  0.874
   0.65301     -4.573641  0.000  0.091  0.000  0.030  0.041  0.439  0.000  0.143  0.132  0.873
   0.63850     -4.575259  0.000  0.090  0.000  0.030  0.042  0.438  0.000  0.144  0.131  0.875
   0.62399     -4.576764  0.000  0.090  0.000  0.030  0.041  0.438  0.000  0.143  0.131  0.874
   0.60948     -4.578150  0.000  0.092  0.000  0.028  0.039  0.443  0.000  0.138  0.134  0.873
   0.59497     -4.567622  0.019  0.049  0.094  0.148  0.142  0.053  0.009  0.149  0.049  0.712
   0.58046     -4.549339  0.021  0.050  0.104  0.148  0.135  0.047  0.013  0.138  0.046  0.701
   0.56594     -4.527531  0.023  0.049  0.116  0.147  0.128  0.043  0.018  0.125  0.043  0.690
   0.56594     -4.527531  0.023  0.049  0.116  0.147  0.128  0.043  0.018  0.125  0.043  0.690
   0.55143     -4.502796  0.025  0.047  0.125  0.144  0.122  0.037  0.024  0.112  0.041  0.681
   0.53692     -4.475615  0.026  0.048  0.134  0.142  0.116  0.033  0.031  0.101  0.039  0.672
   0.52241     -4.446408  0.024  0.046  0.144  0.140  0.110  0.030  0.039  0.090  0.037  0.665
   0.50790     -4.415547  0.025  0.048  0.152  0.140  0.105  0.026  0.049  0.079  0.036  0.659
   0.49339     -4.383363  0.025  0.046  0.160  0.137  0.101  0.023  0.059  0.070  0.034  0.653
   0.47888     -4.350174  0.024  0.046  0.165  0.136  0.095  0.020  0.071  0.061  0.031  0.649
   0.46436     -4.316292  0.025  0.045  0.171  0.133  0.090  0.017  0.084  0.053  0.030  0.647
   0.44985     -4.282008  0.024  0.043  0.176  0.131  0.084  0.015  0.099  0.045  0.028  0.646
   0.43534     -4.247618  0.023  0.043  0.180  0.129  0.079  0.012  0.114  0.037  0.027  0.645
   0.42083     -4.213415  0.022  0.042  0.184  0.128  0.073  0.010  0.130  0.031  0.025  0.645
   0.40632     -4.179680  0.021  0.041  0.186  0.124  0.068  0.008  0.149  0.025  0.023  0.645
   0.39181     -4.146694  0.020  0.042  0.187  0.123  0.062  0.007  0.168  0.019  0.020  0.646
   0.37730     -4.114735  0.019  0.040  0.189  0.119  0.057  0.005  0.189  0.015  0.019  0.650
   0.36278     -4.084060  0.018  0.040  0.190  0.117  0.050  0.004  0.210  0.011  0.017  0.655
   0.34827     -4.054901  0.017  0.038  0.190  0.113  0.044  0.002  0.232  0.007  0.015  0.659
   0.33376     -4.027478  0.015  0.038  0.190  0.111  0.039  0.002  0.255  0.005  0.013  0.664
   0.31925     -4.001970  0.013  0.036  0.189  0.107  0.033  0.001  0.278  0.003  0.011  0.668
   0.30474     -3.978528  0.013  0.035  0.186  0.104  0.028  0.000  0.299  0.002  0.009  0.675
   0.29023     -3.957267  0.009  0.033  0.183  0.100  0.024  0.000  0.320  0.001  0.008  0.680
   0.27572     -3.938266  0.008  0.033  0.181  0.097  0.019  0.000  0.340  0.001  0.006  0.686
   0.26120     -3.921577  0.006  0.031  0.179  0.095  0.016  0.000  0.358  0.002  0.006  0.694
   0.24669     -3.907230  0.006  0.031  0.176  0.093  0.013  0.001  0.373  0.004  0.004  0.700
   0.23218     -3.895222  0.005  0.031  0.174  0.090  0.010  0.002  0.386  0.006  0.003  0.707
   0.21767     -3.885543  0.004  0.028  0.171  0.087  0.008  0.004  0.396  0.011  0.002  0.711
   0.20316     -3.878173  0.003  0.028  0.168  0.085  0.007  0.005  0.403  0.015  0.003  0.717
   0.18865     -3.873061  0.003  0.028  0.166  0.082  0.007  0.007  0.407  0.021  0.002  0.723
   0.17414     -3.870170  0.002  0.028  0.163  0.080  0.007  0.010  0.408  0.028  0.002  0.729
   0.15963     -3.869426  0.004  0.026  0.158  0.079  0.008  0.012  0.408  0.036  0.003  0.733
   0.14511     -3.870755  0.004  0.025  0.156  0.077  0.010  0.015  0.404  0.045  0.003  0.738
   0.13060     -3.874059  0.004  0.025  0.152  0.076  0.012  0.018  0.397  0.054  0.004  0.745
   0.11609     -3.879232  0.004  0.025  0.150  0.073  0.015  0.021  0.391  0.063  0.005  0.748
   0.10158     -3.886146  0.004  0.023  0.147  0.071  0.019  0.024  0.382  0.074  0.006  0.752
   0.08707     -3.894652  0.006  0.023  0.145  0.070  0.024  0.028  0.371  0.084  0.007  0.759
   0.07256     -3.904611  0.007  0.022  0.141  0.067  0.028  0.031  0.361  0.095  0.010  0.763
   0.05805     -3.915857  0.007  0.022  0.140  0.064  0.034  0.034  0.350  0.105  0.011  0.769
   0.04353     -3.928223  0.007  0.022  0.137  0.064  0.040  0.038  0.339  0.114  0.013  0.774
   0.02902     -3.941546  0.009  0.020  0.134  0.061  0.047  0.041  0.328  0.124  0.016  0.780
   0.01451     -3.955657  0.011  0.019  0.133  0.058  0.054  0.044  0.315  0.133  0.018  0.783
   0.00000     -3.970398  0.011  0.019  0.130  0.055  0.061  0.046  0.304  0.141  0.020  0.787
 
# Band-Index:    7
   0.00000     -3.353385  0.007  0.017  0.099  0.052  0.000  0.047  0.452  0.142  0.000  0.816
   0.01451     -3.346559  0.008  0.016  0.091  0.049  0.000  0.050  0.454  0.152  0.000  0.823
   0.02902     -3.340883  0.009  0.016  0.086  0.049  0.000  0.054  0.455  0.162  0.000  0.829
   0.04353     -3.336219  0.009  0.016  0.082  0.046  0.000  0.057  0.455  0.171  0.000  0.835
   0.05805     -3.332452  0.010  0.016  0.076  0.046  0.000  0.059  0.453  0.179  0.000  0.839
   0.07256     -3.329489  0.010  0.016  0.072  0.045  0.000  0.062  0.450  0.186  0.000  0.843
   0.08707     -3.327272  0.011  0.016  0.070  0.045  0.001  0.064  0.446  0.193  0.000  0.846
   0.10158     -3.325770  0.011  0.016  0.067  0.047  0.002  0.066  0.442  0.198  0.000  0.847
   0.11609     -3.324985  0.011  0.015  0.065  0.046  0.003  0.067  0.439  0.202  0.001  0.849
   0.13060     -3.324966  0.013  0.015  0.064  0.046  0.004  0.068  0.436  0.203  0.001  0.849
   0.14511     -3.325782  0.013  0.015  0.062  0.046  0.006  0.068  0.433  0.203  0.002  0.848
   0.15963     -3.327537  0.012  0.015  0.062  0.049  0.008  0.066  0.432  0.201  0.003  0.847
   0.17414     -3.330345  0.013  0.015  0.062  0.048  0.012  0.066  0.432  0.197  0.004  0.846
   0.18865     -3.334311  0.013  0.015  0.060  0.048  0.017  0.063  0.433  0.191  0.005  0.846
   0.20316     -3.339530  0.010  0.015  0.059  0.048  0.022  0.062  0.436  0.184  0.007  0.842
   0.21767     -3.346053  0.011  0.015  0.059  0.046  0.027  0.058  0.440  0.176  0.009  0.843
   0.23218     -3.353886  0.011  0.015  0.060  0.045  0.034  0.056  0.445  0.167  0.010  0.842
   0.24669     -3.362951  0.011  0.015  0.059  0.043  0.039  0.053  0.451  0.157  0.013  0.840
   0.26120     -3.373118  0.012  0.013  0.056  0.043  0.046  0.049  0.460  0.148  0.015  0.841
   0.27572     -3.384206  0.012  0.013  0.055  0.041  0.052  0.046  0.469  0.139  0.017  0.842
   0.29023     -3.395980  0.010  0.012  0.052  0.038  0.058  0.044  0.478  0.131  0.019  0.843
   0.30474     -3.408185  0.010  0.012  0.049  0.036  0.063  0.041  0.489  0.124  0.020  0.846
   0.31925     -3.420566  0.010  0.010  0.046  0.034  0.066  0.039  0.499  0.118  0.022  0.848
   0.33376     -3.432873  0.011  0.010  0.045  0.032  0.070  0.038  0.509  0.113  0.022  0.850
   0.34827     -3.444888  0.011  0.010  0.042  0.030  0.072  0.037  0.520  0.110  0.023  0.852
   0.36278     -3.456421  0.011  0.008  0.039  0.028  0.073  0.036  0.529  0.108  0.024  0.855
   0.37730     -3.467330  0.011  0.008  0.036  0.024  0.075  0.035  0.537  0.106  0.024  0.858
   0.39181     -3.477501  0.011  0.008  0.035  0.022  0.075  0.035  0.545  0.105  0.025  0.860
   0.40632     -3.486858  0.011  0.006  0.033  0.020  0.075  0.035  0.550  0.105  0.025  0.864
   0.42083     -3.495351  0.011  0.006  0.032  0.020  0.076  0.035  0.554  0.105  0.025  0.866
   0.43534     -3.502958  0.011  0.006  0.029  0.018  0.076  0.035  0.558  0.107  0.025  0.867
   0.44985     -3.509673  0.011  0.006  0.029  0.018  0.076  0.037  0.559  0.109  0.026  0.868
   0.46436     -3.515508  0.012  0.006  0.028  0.016  0.076  0.037  0.559  0.111  0.025  0.869
   0.47888     -3.520486  0.014  0.006  0.028  0.016  0.076  0.038  0.557  0.113  0.026  0.870
   0.49339     -3.524646  0.014  0.006  0.027  0.016  0.076  0.039  0.553  0.116  0.025  0.870
   0.50790     -3.528034  0.013  0.006  0.027  0.016  0.078  0.040  0.547  0.118  0.026  0.872
   0.52241     -3.530718  0.013  0.006  0.029  0.016  0.078  0.041  0.540  0.121  0.026  0.870
   0.53692     -3.532792  0.013  0.006  0.029  0.018  0.081  0.042  0.529  0.124  0.027  0.868
   0.55143     -3.534393  0.015  0.006  0.033  0.019  0.084  0.043  0.513  0.126  0.028  0.866
   0.56594     -3.535747  0.015  0.008  0.038  0.023  0.089  0.043  0.490  0.128  0.029  0.861
   0.56594     -3.535747  0.015  0.008  0.038  0.023  0.089  0.043  0.490  0.128  0.029  0.861
   0.58046     -3.537251  0.014  0.009  0.045  0.028  0.097  0.042  0.456  0.127  0.032  0.852
   0.59497     -3.539653  0.016  0.011  0.057  0.035  0.112  0.041  0.401  0.123  0.037  0.836
   0.60948     -3.544382  0.019  0.016  0.080  0.049  0.138  0.037  0.314  0.110  0.046  0.810
   0.62399     -3.553652  0.017  0.023  0.111  0.071  0.175  0.029  0.198  0.089  0.059  0.772
   0.63850     -3.569003  0.016  0.030  0.141  0.090  0.209  0.022  0.096  0.065  0.069  0.735
   0.65301     -3.589339  0.015  0.033  0.157  0.102  0.226  0.016  0.041  0.046  0.076  0.710
   0.66752     -3.612288  0.014  0.036  0.167  0.108  0.229  0.012  0.019  0.036  0.076  0.696
   0.68203     -3.636007  0.011  0.037  0.174  0.110  0.225  0.010  0.016  0.029  0.075  0.687
   0.69655     -3.659379  0.011  0.038  0.178  0.112  0.217  0.009  0.018  0.026  0.072  0.681
   0.71106     -3.681653  0.011  0.038  0.180  0.114  0.207  0.008  0.024  0.024  0.069  0.675
   0.72557     -3.702235  0.008  0.039  0.183  0.115  0.194  0.007  0.032  0.023  0.064  0.670
   0.74008     -3.720600  0.008  0.039  0.188  0.119  0.180  0.007  0.042  0.022  0.060  0.664
   0.75459     -3.736253  0.006  0.040  0.190  0.121  0.165  0.007  0.052  0.021  0.055  0.658
   0.76910     -3.748699  0.007  0.040  0.193  0.122  0.148  0.007  0.064  0.020  0.050  0.653
   0.78361     -3.757455  0.005  0.041  0.197  0.123  0.132  0.007  0.076  0.021  0.044  0.646
   0.79813     -3.762098  0.006  0.041  0.200  0.124  0.113  0.006  0.090  0.020  0.038  0.641
   0.81264     -3.762289  0.007  0.041  0.205  0.128  0.096  0.007  0.104  0.019  0.032  0.637
   0.82715     -3.757839  0.005  0.043  0.208  0.129  0.079  0.006  0.119  0.019  0.027  0.634
   0.84166     -3.748759  0.006  0.043  0.212  0.127  0.064  0.007  0.135  0.019  0.022  0.631
   0.85617     -3.735277  0.007  0.042  0.213  0.126  0.050  0.006  0.151  0.020  0.017  0.632
   0.87068     -3.717837  0.006  0.042  0.215  0.123  0.038  0.007  0.168  0.021  0.013  0.633
   0.88519     -3.697044  0.007  0.040  0.216  0.120  0.029  0.007  0.185  0.022  0.009  0.637
   0.89971     -3.673581  0.008  0.039  0.216  0.117  0.021  0.007  0.203  0.023  0.007  0.642
   0.91422     -3.648170  0.008  0.039  0.213  0.113  0.016  0.008  0.221  0.026  0.005  0.648
   0.92873     -3.621523  0.008  0.036  0.211  0.108  0.012  0.009  0.239  0.029  0.004  0.656
   0.94324     -3.594271  0.008  0.036  0.207  0.104  0.009  0.011  0.257  0.032  0.003  0.666
   0.95775     -3.567017  0.008  0.033  0.204  0.098  0.007  0.011  0.276  0.035  0.002  0.676
   0.97226     -3.540270  0.008  0.033  0.197  0.095  0.006  0.013  0.295  0.039  0.002  0.688
   0.98677     -3.514481  0.007  0.030  0.190  0.089  0.004  0.015  0.315  0.045  0.001  0.699
   1.00128     -3.490025  0.007  0.029  0.183  0.085  0.003  0.017  0.335  0.051  0.001  0.710
   1.01580     -3.467206  0.006  0.027  0.174  0.080  0.002  0.019  0.354  0.058  0.001  0.723
   1.03031     -3.446241  0.007  0.026  0.164  0.076  0.002  0.022  0.373  0.067  0.001  0.737
   1.04482     -3.427252  0.006  0.023  0.155  0.072  0.002  0.025  0.390  0.076  0.001  0.750
   1.05933     -3.410306  0.005  0.022  0.143  0.066  0.001  0.029  0.407  0.087  0.000  0.763
   1.07384     -3.395368  0.005  0.020  0.134  0.063  0.001  0.033  0.420  0.097  0.000  0.775
   1.08835     -3.382345  0.007  0.020  0.124  0.060  0.001  0.036  0.431  0.108  0.000  0.786
   1.10286     -3.371116  0.006  0.019  0.115  0.057  0.001  0.040  0.441  0.119  0.000  0.798
   1.11738     -3.361516  0.006  0.017  0.105  0.053  0.001  0.044  0.448  0.131  0.000  0.806
   1.13189     -3.353385  0.007  0.017  0.099  0.052  0.000  0.047  0.452  0.142  0.000  0.816
 
# Band-Index:    8
   1.13189     -3.118399  0.000  0.109  0.000  0.035  0.121  0.167  0.000  0.053  0.368  0.855
   1.11738     -3.118012  0.000  0.108  0.000  0.038  0.111  0.176  0.001  0.043  0.378  0.853
   1.10286     -3.131127  0.014  0.002  0.070  0.012  0.111  0.081  0.301  0.234  0.040  0.870
   1.08835     -3.147833  0.016  0.002  0.065  0.010  0.106  0.081  0.316  0.239  0.036  0.872
   1.07384     -3.164727  0.015  0.002  0.060  0.008  0.099  0.082  0.332  0.241  0.034  0.874
   1.05933     -3.181636  0.015  0.002  0.055  0.008  0.094  0.083  0.346  0.245  0.031  0.879
   1.04482     -3.198396  0.015  0.002  0.050  0.006  0.089  0.083  0.362  0.247  0.030  0.883
   1.03031     -3.214869  0.014  0.000  0.043  0.006  0.085  0.084  0.378  0.249  0.029  0.888
   1.01580     -3.230955  0.014  0.000  0.038  0.004  0.082  0.084  0.392  0.251  0.027  0.891
   1.00128     -3.246593  0.013  0.000  0.033  0.004  0.078  0.084  0.406  0.250  0.026  0.896
   0.98677     -3.261758  0.013  0.000  0.028  0.002  0.076  0.084  0.420  0.250  0.026  0.898
   0.97226     -3.276456  0.013  0.000  0.024  0.001  0.074  0.083  0.432  0.248  0.025  0.901
   0.95775     -3.290711  0.013  0.000  0.021  0.001  0.073  0.082  0.443  0.246  0.025  0.903
   0.94324     -3.304552  0.011  0.000  0.019  0.000  0.071  0.081  0.454  0.243  0.023  0.903
   0.92873     -3.318009  0.011  0.000  0.016  0.000  0.071  0.080  0.463  0.239  0.023  0.904
   0.91422     -3.331108  0.011  0.000  0.014  0.000  0.070  0.079  0.472  0.236  0.023  0.905
   0.89971     -3.343868  0.011  0.000  0.012  0.000  0.070  0.078  0.480  0.232  0.023  0.907
   0.88519     -3.356293  0.011  0.000  0.011  0.000  0.068  0.076  0.487  0.228  0.023  0.905
   0.87068     -3.368385  0.010  0.000  0.009  0.000  0.068  0.075  0.495  0.224  0.023  0.906
   0.85617     -3.380137  0.010  0.000  0.009  0.000  0.068  0.073  0.502  0.219  0.023  0.905
   0.84166     -3.391536  0.010  0.000  0.008  0.000  0.067  0.072  0.508  0.215  0.023  0.904
   0.82715     -3.402560  0.010  0.000  0.008  0.000  0.068  0.070  0.514  0.211  0.023  0.905
   0.81264     -3.413190  0.010  0.000  0.008  0.000  0.067  0.069  0.520  0.206  0.022  0.902
   0.79813     -3.423394  0.010  0.000  0.006  0.000  0.068  0.067  0.527  0.201  0.022  0.902
   0.78361     -3.433142  0.008  0.000  0.006  0.000  0.067  0.067  0.533  0.198  0.022  0.903
   0.76910     -3.442395  0.008  0.000  0.006  0.000  0.067  0.065  0.539  0.193  0.022  0.902
   0.75459     -3.451108  0.008  0.000  0.006  0.000  0.067  0.063  0.546  0.188  0.022  0.902
   0.74008     -3.459226  0.008  0.000  0.005  0.000  0.067  0.062  0.551  0.183  0.022  0.902
   0.72557     -3.466678  0.008  0.000  0.005  0.000  0.068  0.060  0.557  0.178  0.023  0.901
   0.71106     -3.473362  0.008  0.000  0.005  0.001  0.069  0.058  0.562  0.172  0.023  0.898
   0.69655     -3.479127  0.008  0.000  0.007  0.001  0.071  0.056  0.566  0.166  0.023  0.899
   0.68203     -3.483726  0.006  0.000  0.007  0.003  0.074  0.053  0.567  0.159  0.025  0.895
   0.66752     -3.486712  0.006  0.001  0.010  0.004  0.081  0.050  0.561  0.149  0.027  0.890
   0.65301     -3.487234  0.006  0.003  0.017  0.009  0.095  0.045  0.539  0.134  0.032  0.881
   0.63850     -3.483718  0.004  0.006  0.034  0.019  0.122  0.038  0.483  0.113  0.040  0.861
   0.62399     -3.474000  0.004  0.013  0.059  0.039  0.165  0.028  0.381  0.085  0.054  0.828
   0.60948     -3.457190  0.003  0.020  0.089  0.058  0.211  0.020  0.265  0.061  0.070  0.795
   0.59497     -3.435015  0.005  0.024  0.108  0.071  0.245  0.015  0.177  0.046  0.082  0.774
   0.58046     -3.409853  0.004  0.026  0.118  0.079  0.268  0.014  0.123  0.039  0.089  0.761
   0.56594     -3.383280  0.006  0.028  0.124  0.083  0.285  0.012  0.088  0.036  0.095  0.756
   0.56594     -3.383280  0.006  0.028  0.124  0.083  0.285  0.012  0.088  0.036  0.095  0.756
   0.55143     -3.356187  0.007  0.028  0.127  0.084  0.297  0.012  0.066  0.035  0.099  0.756
   0.53692     -3.329087  0.007  0.027  0.128  0.085  0.308  0.012  0.050  0.036  0.102  0.757
   0.52241     -3.302316  0.007  0.027  0.128  0.085  0.317  0.013  0.039  0.038  0.106  0.759
   0.50790     -3.276107  0.007  0.027  0.126  0.084  0.324  0.013  0.030  0.040  0.108  0.763
   0.49339     -3.250637  0.007  0.027  0.124  0.083  0.331  0.014  0.024  0.043  0.111  0.768
   0.47888     -3.226044  0.008  0.026  0.125  0.082  0.337  0.016  0.019  0.046  0.112  0.770
   0.46436     -3.202440  0.006  0.026  0.123  0.082  0.342  0.017  0.016  0.050  0.114  0.775
   0.44985     -3.179912  0.006  0.026  0.119  0.079  0.346  0.018  0.013  0.053  0.116  0.780
   0.43534     -3.158532  0.006  0.026  0.117  0.078  0.350  0.020  0.012  0.058  0.118  0.784
   0.42083     -3.138352  0.007  0.024  0.114  0.076  0.351  0.021  0.011  0.061  0.120  0.788
   0.40632     -3.125707  0.000  0.088  0.000  0.030  0.131  0.159  0.000  0.051  0.411  0.868
   0.39181     -3.125674  0.000  0.087  0.000  0.030  0.133  0.159  0.000  0.052  0.406  0.868
   0.37730     -3.125611  0.000  0.087  0.000  0.030  0.134  0.161  0.000  0.053  0.404  0.868
   0.36278     -3.125521  0.000  0.087  0.000  0.030  0.133  0.162  0.000  0.054  0.402  0.868
   0.34827     -3.125405  0.000  0.088  0.000  0.030  0.133  0.164  0.000  0.055  0.400  0.867
   0.33376     -3.125264  0.000  0.088  0.000  0.030  0.133  0.166  0.000  0.055  0.399  0.869
   0.31925     -3.125102  0.000  0.088  0.000  0.030  0.131  0.167  0.000  0.055  0.397  0.868
   0.30474     -3.124919  0.000  0.088  0.000  0.030  0.131  0.169  0.000  0.056  0.394  0.868
   0.29023     -3.124716  0.000  0.089  0.000  0.029  0.130  0.170  0.000  0.056  0.392  0.869
   0.27572     -3.124498  0.000  0.090  0.000  0.029  0.130  0.171  0.000  0.057  0.391  0.867
   0.26120     -3.124266  0.000  0.090  0.000  0.029  0.129  0.172  0.000  0.057  0.389  0.868
   0.24669     -3.124020  0.000  0.092  0.000  0.031  0.128  0.173  0.000  0.057  0.387  0.867
   0.23218     -3.123763  0.000  0.092  0.000  0.031  0.128  0.174  0.000  0.058  0.385  0.867
   0.21767     -3.123492  0.000  0.091  0.000  0.031  0.128  0.175  0.000  0.058  0.383  0.866
   0.20316     -3.123214  0.000  0.093  0.000  0.031  0.126  0.175  0.000  0.058  0.381  0.866
   0.18865     -3.122927  0.000  0.093  0.000  0.031  0.126  0.176  0.000  0.058  0.379  0.864
   0.17414     -3.122630  0.000  0.095  0.000  0.031  0.126  0.176  0.000  0.058  0.378  0.864
   0.15963     -3.122323  0.000  0.095  0.000  0.031  0.125  0.176  0.000  0.058  0.376  0.864
   0.14511     -3.122008  0.000  0.097  0.000  0.033  0.124  0.177  0.000  0.058  0.374  0.862
   0.13060     -3.121686  0.000  0.097  0.000  0.033  0.124  0.176  0.000  0.059  0.373  0.862
   0.11609     -3.121354  0.000  0.099  0.000  0.033  0.123  0.176  0.000  0.058  0.372  0.862
   0.10158     -3.121015  0.000  0.100  0.000  0.033  0.123  0.175  0.000  0.058  0.370  0.862
   0.08707     -3.120666  0.000  0.102  0.000  0.033  0.123  0.175  0.000  0.058  0.369  0.859
   0.07256     -3.120307  0.000  0.102  0.000  0.033  0.122  0.174  0.000  0.057  0.368  0.859
   0.05805     -3.119939  0.000  0.104  0.000  0.035  0.122  0.172  0.000  0.056  0.367  0.858
   0.04353     -3.119563  0.000  0.105  0.000  0.035  0.122  0.171  0.000  0.057  0.368  0.856
   0.02902     -3.119180  0.000  0.107  0.000  0.035  0.121  0.170  0.000  0.056  0.367  0.857
   0.01451     -3.118793  0.000  0.107  0.000  0.035  0.121  0.169  0.000  0.055  0.368  0.856
   0.00000     -3.118399  0.000  0.109  0.000  0.035  0.121  0.167  0.000  0.053  0.368  0.855
 
# Band-Index:    9
   0.00000     -3.098948  0.015  0.004  0.077  0.014  0.133  0.076  0.271  0.233  0.042  0.865
   0.01451     -3.083794  0.015  0.004  0.077  0.016  0.143  0.075  0.256  0.230  0.046  0.862
   0.02902     -3.069434  0.014  0.006  0.080  0.016  0.153  0.075  0.241  0.228  0.049  0.861
   0.04353     -3.055981  0.013  0.006  0.080  0.018  0.165  0.074  0.225  0.224  0.054  0.861
   0.05805     -3.043530  0.013  0.006  0.083  0.019  0.176  0.074  0.209  0.222  0.058  0.860
   0.07256     -3.032161  0.013  0.006  0.083  0.021  0.189  0.073  0.192  0.219  0.062  0.860
   0.08707     -3.021945  0.013  0.008  0.083  0.023  0.203  0.071  0.176  0.216  0.067  0.859
   0.10158     -3.012941  0.011  0.008  0.084  0.025  0.217  0.071  0.160  0.213  0.072  0.859
   0.11609     -3.005197  0.011  0.008  0.084  0.025  0.231  0.069  0.143  0.207  0.076  0.858
   0.13060     -2.998757  0.012  0.008  0.084  0.027  0.245  0.067  0.128  0.202  0.081  0.857
   0.14511     -2.993644  0.012  0.010  0.084  0.029  0.261  0.065  0.113  0.196  0.086  0.855
   0.15963     -2.989879  0.012  0.010  0.085  0.033  0.274  0.062  0.099  0.188  0.090  0.855
   0.17414     -2.987463  0.012  0.012  0.085  0.035  0.288  0.060  0.088  0.179  0.096  0.851
   0.18865     -2.986380  0.012  0.012  0.085  0.037  0.301  0.057  0.077  0.170  0.100  0.850
   0.20316     -2.986605  0.010  0.012  0.088  0.039  0.313  0.053  0.067  0.160  0.103  0.848
   0.21767     -2.988110  0.010  0.014  0.088  0.041  0.323  0.050  0.058  0.152  0.107  0.846
   0.23218     -2.990864  0.009  0.014  0.089  0.046  0.332  0.048  0.051  0.142  0.110  0.842
   0.24669     -2.994832  0.009  0.016  0.092  0.047  0.339  0.044  0.045  0.133  0.112  0.839
   0.26120     -2.999999  0.010  0.016  0.092  0.049  0.345  0.042  0.039  0.126  0.114  0.835
   0.27572     -3.006361  0.010  0.018  0.094  0.053  0.350  0.039  0.034  0.118  0.116  0.832
   0.29023     -3.013923  0.009  0.018  0.096  0.055  0.354  0.036  0.030  0.110  0.118  0.828
   0.30474     -3.022697  0.009  0.019  0.098  0.058  0.356  0.035  0.027  0.104  0.118  0.824
   0.31925     -3.032700  0.008  0.021  0.100  0.060  0.358  0.033  0.023  0.098  0.118  0.819
   0.33376     -3.043952  0.008  0.021  0.103  0.062  0.360  0.031  0.020  0.092  0.120  0.815
   0.34827     -3.056470  0.007  0.021  0.104  0.065  0.361  0.029  0.017  0.087  0.119  0.811
   0.36278     -3.070272  0.007  0.023  0.106  0.067  0.361  0.026  0.015  0.082  0.119  0.806
   0.37730     -3.085360  0.006  0.023  0.108  0.069  0.360  0.025  0.014  0.076  0.119  0.804
   0.39181     -3.101747  0.008  0.023  0.110  0.072  0.360  0.023  0.012  0.072  0.118  0.798
   0.40632     -3.119414  0.008  0.025  0.112  0.072  0.362  0.020  0.011  0.068  0.114  0.793
   0.42083     -3.125705  0.000  0.088  0.000  0.028  0.139  0.155  0.000  0.052  0.405  0.868
   0.43534     -3.125671  0.000  0.088  0.000  0.030  0.137  0.154  0.000  0.051  0.408  0.869
   0.44985     -3.125602  0.000  0.088  0.000  0.030  0.138  0.151  0.000  0.050  0.410  0.868
   0.46436     -3.125497  0.000  0.089  0.000  0.031  0.138  0.150  0.000  0.050  0.411  0.868
   0.47888     -3.125356  0.000  0.089  0.000  0.031  0.138  0.148  0.000  0.050  0.413  0.867
   0.49339     -3.125178  0.000  0.089  0.000  0.031  0.139  0.147  0.000  0.049  0.414  0.866
   0.50790     -3.124961  0.000  0.091  0.000  0.031  0.139  0.144  0.000  0.048  0.415  0.866
   0.52241     -3.124707  0.000  0.092  0.000  0.031  0.138  0.143  0.000  0.047  0.416  0.867
   0.53692     -3.124415  0.000  0.092  0.000  0.031  0.139  0.141  0.000  0.047  0.417  0.866
   0.55143     -3.124088  0.000  0.092  0.000  0.031  0.139  0.140  0.000  0.047  0.417  0.865
   0.56594     -3.123727  0.000  0.092  0.000  0.031  0.139  0.137  0.000  0.046  0.418  0.865
   0.56594     -3.123727  0.000  0.092  0.000  0.031  0.139  0.137  0.000  0.046  0.418  0.865
   0.58046     -3.123334  0.000  0.095  0.000  0.031  0.139  0.136  0.000  0.045  0.418  0.864
   0.59497     -3.122910  0.000  0.095  0.000  0.031  0.139  0.135  0.000  0.045  0.418  0.863
   0.60948     -3.122460  0.000  0.095  0.000  0.031  0.140  0.134  0.000  0.045  0.419  0.863
   0.62399     -3.121985  0.000  0.097  0.000  0.033  0.140  0.131  0.000  0.044  0.419  0.861
   0.63850     -3.121488  0.000  0.097  0.000  0.033  0.140  0.130  0.000  0.043  0.418  0.862
   0.65301     -3.120973  0.000  0.097  0.000  0.033  0.140  0.129  0.000  0.043  0.418  0.860
   0.66752     -3.120447  0.000  0.099  0.000  0.034  0.139  0.129  0.000  0.043  0.418  0.861
   0.68203     -3.119911  0.000  0.100  0.000  0.034  0.139  0.127  0.000  0.042  0.418  0.859
   0.69655     -3.119374  0.000  0.102  0.000  0.034  0.139  0.126  0.000  0.042  0.416  0.859
   0.71106     -3.118839  0.000  0.102  0.000  0.034  0.139  0.126  0.000  0.042  0.416  0.859
   0.72557     -3.118310  0.000  0.104  0.000  0.036  0.139  0.125  0.000  0.042  0.415  0.857
   0.74008     -3.117793  0.000  0.104  0.000  0.036  0.138  0.125  0.000  0.042  0.414  0.857
   0.75459     -3.117294  0.000  0.106  0.000  0.036  0.137  0.124  0.000  0.041  0.412  0.855
   0.76910     -3.116819  0.000  0.106  0.000  0.036  0.137  0.125  0.000  0.041  0.412  0.855
   0.78361     -3.116372  0.000  0.108  0.000  0.036  0.137  0.124  0.000  0.041  0.410  0.856
   0.79813     -3.115959  0.000  0.108  0.000  0.036  0.136  0.124  0.000  0.042  0.408  0.853
   0.81264     -3.115583  0.000  0.110  0.000  0.038  0.135  0.125  0.000  0.042  0.406  0.853
   0.82715     -3.115250  0.000  0.110  0.000  0.037  0.135  0.126  0.000  0.042  0.404  0.853
   0.84166     -3.114960  0.000  0.110  0.000  0.037  0.134  0.126  0.000  0.042  0.402  0.852
   0.85617     -3.114721  0.000  0.112  0.000  0.037  0.133  0.127  0.000  0.043  0.400  0.852
   0.87068     -3.114534  0.000  0.112  0.000  0.037  0.133  0.128  0.000  0.043  0.398  0.851
   0.88519     -3.114399  0.000  0.114  0.000  0.037  0.132  0.130  0.000  0.044  0.396  0.851
   0.89971     -3.114318  0.000  0.113  0.000  0.037  0.131  0.131  0.000  0.044  0.394  0.850
   0.91422     -3.114290  0.000  0.113  0.000  0.037  0.131  0.133  0.000  0.045  0.391  0.851
   0.92873     -3.114316  0.000  0.115  0.000  0.039  0.129  0.135  0.000  0.045  0.389  0.849
   0.94324     -3.114392  0.000  0.115  0.000  0.039  0.129  0.136  0.000  0.045  0.386  0.850
   0.95775     -3.114517  0.000  0.114  0.000  0.039  0.128  0.138  0.000  0.046  0.384  0.851
   0.97226     -3.114686  0.000  0.114  0.000  0.039  0.128  0.141  0.000  0.047  0.382  0.850
   0.98677     -3.114899  0.000  0.117  0.000  0.039  0.126  0.143  0.000  0.048  0.379  0.850
   1.00128     -3.115149  0.000  0.116  0.000  0.038  0.126  0.145  0.000  0.048  0.378  0.850
   1.01580     -3.115436  0.000  0.116  0.000  0.038  0.125  0.147  0.000  0.049  0.375  0.850
   1.03031     -3.115751  0.000  0.115  0.000  0.038  0.125  0.150  0.000  0.051  0.373  0.850
   1.04482     -3.116091  0.000  0.113  0.000  0.038  0.125  0.152  0.000  0.052  0.372  0.851
   1.05933     -3.116450  0.000  0.113  0.000  0.038  0.124  0.154  0.000  0.052  0.371  0.852
   1.07384     -3.116825  0.000  0.112  0.000  0.038  0.124  0.157  0.000  0.053  0.368  0.852
   1.08835     -3.117210  0.000  0.112  0.000  0.038  0.124  0.158  0.000  0.054  0.367  0.852
   1.10286     -3.117601  0.000  0.112  0.000  0.036  0.125  0.159  0.000  0.057  0.365  0.853
   1.11738     -3.114762  0.014  0.007  0.072  0.012  0.133  0.066  0.285  0.245  0.030  0.866
   1.13189     -3.098948  0.015  0.004  0.077  0.014  0.133  0.076  0.271  0.233  0.042  0.865
 
# Band-Index:   10
   1.13189     -2.669924  0.030  0.004  0.015  0.015  0.391  0.028  0.204  0.085  0.131  0.903
   1.11738     -2.664854  0.031  0.004  0.015  0.015  0.390  0.029  0.203  0.086  0.131  0.903
   1.10286     -2.660013  0.029  0.006  0.014  0.017  0.390  0.029  0.201  0.089  0.131  0.907
   1.08835     -2.655400  0.029  0.006  0.014  0.017  0.389  0.030  0.199  0.092  0.131  0.907
   1.07384     -2.651012  0.029  0.006  0.014  0.019  0.387  0.031  0.197  0.095  0.130  0.910
   1.05933     -2.646829  0.029  0.006  0.012  0.020  0.385  0.032  0.195  0.098  0.129  0.909
   1.04482     -2.642832  0.030  0.006  0.012  0.021  0.382  0.035  0.194  0.102  0.128  0.912
   1.03031     -2.638994  0.030  0.008  0.012  0.023  0.379  0.036  0.193  0.107  0.127  0.911
   1.01580     -2.635284  0.030  0.008  0.012  0.023  0.375  0.037  0.192  0.111  0.126  0.914
   1.00128     -2.631673  0.031  0.008  0.012  0.026  0.370  0.038  0.192  0.116  0.124  0.914
   0.98677     -2.628131  0.031  0.008  0.010  0.025  0.365  0.040  0.192  0.120  0.123  0.916
   0.97226     -2.624630  0.031  0.008  0.010  0.027  0.360  0.041  0.192  0.125  0.121  0.915
   0.95775     -2.621144  0.031  0.008  0.010  0.027  0.354  0.044  0.193  0.130  0.119  0.917
   0.94324     -2.617650  0.032  0.008  0.010  0.029  0.348  0.045  0.194  0.135  0.116  0.917
   0.92873     -2.614130  0.032  0.010  0.010  0.029  0.341  0.047  0.195  0.141  0.114  0.918
   0.91422     -2.610568  0.032  0.010  0.009  0.029  0.335  0.049  0.196  0.146  0.112  0.917
   0.89971     -2.606953  0.034  0.010  0.009  0.031  0.327  0.050  0.197  0.152  0.110  0.919
   0.88519     -2.603276  0.034  0.010  0.007  0.031  0.320  0.053  0.198  0.159  0.108  0.918
   0.87068     -2.599533  0.035  0.010  0.007  0.033  0.312  0.055  0.200  0.164  0.104  0.920
   0.85617     -2.595720  0.035  0.010  0.007  0.033  0.304  0.057  0.200  0.171  0.101  0.918
   0.84166     -2.591838  0.035  0.010  0.007  0.033  0.296  0.060  0.202  0.178  0.099  0.920
   0.82715     -2.587887  0.035  0.012  0.007  0.035  0.286  0.062  0.203  0.185  0.096  0.918
   0.81264     -2.583871  0.035  0.012  0.007  0.035  0.278  0.065  0.204  0.192  0.093  0.919
   0.79813     -2.579796  0.035  0.012  0.007  0.035  0.269  0.067  0.204  0.200  0.090  0.918
   0.78361     -2.575667  0.036  0.012  0.006  0.037  0.259  0.070  0.204  0.208  0.087  0.918
   0.76910     -2.571493  0.038  0.012  0.006  0.037  0.250  0.072  0.205  0.216  0.083  0.918
   0.75459     -2.567285  0.037  0.012  0.007  0.039  0.240  0.075  0.204  0.225  0.080  0.917
   0.74008     -2.563055  0.037  0.012  0.007  0.039  0.230  0.078  0.204  0.234  0.077  0.917
   0.72557     -2.558823  0.037  0.012  0.007  0.039  0.220  0.081  0.203  0.243  0.073  0.917
   0.71106     -2.554603  0.037  0.014  0.008  0.041  0.209  0.085  0.202  0.253  0.070  0.917
   0.69655     -2.550423  0.039  0.014  0.008  0.041  0.199  0.088  0.200  0.264  0.067  0.915
   0.68203     -2.546313  0.039  0.014  0.008  0.043  0.187  0.092  0.198  0.274  0.063  0.915
   0.66752     -2.542312  0.038  0.014  0.008  0.043  0.176  0.095  0.195  0.286  0.059  0.914
   0.65301     -2.538463  0.040  0.014  0.008  0.044  0.165  0.099  0.192  0.297  0.055  0.913
   0.63850     -2.534827  0.039  0.014  0.008  0.044  0.153  0.104  0.189  0.310  0.052  0.913
   0.62399     -2.531472  0.039  0.014  0.008  0.044  0.142  0.108  0.184  0.324  0.047  0.912
   0.60948     -2.528478  0.041  0.016  0.009  0.046  0.130  0.112  0.179  0.337  0.044  0.911
   0.59497     -2.525946  0.040  0.016  0.007  0.046  0.119  0.117  0.173  0.351  0.040  0.909
   0.58046     -2.523983  0.039  0.016  0.007  0.048  0.109  0.122  0.166  0.366  0.036  0.909
   0.56594     -2.522715  0.040  0.016  0.007  0.048  0.099  0.126  0.159  0.379  0.033  0.908
   0.56594     -2.522715  0.040  0.016  0.007  0.048  0.099  0.126  0.159  0.379  0.033  0.908
   0.55143     -2.522278  0.039  0.016  0.007  0.048  0.090  0.131  0.150  0.394  0.030  0.906
   0.53692     -2.522813  0.040  0.016  0.008  0.048  0.083  0.136  0.141  0.408  0.027  0.906
   0.52241     -2.524457  0.039  0.016  0.008  0.048  0.076  0.140  0.131  0.421  0.025  0.905
   0.50790     -2.527335  0.038  0.016  0.008  0.048  0.072  0.144  0.121  0.432  0.024  0.903
   0.49339     -2.531546  0.039  0.016  0.007  0.048  0.070  0.147  0.110  0.443  0.024  0.902
   0.47888     -2.537154  0.038  0.016  0.007  0.046  0.069  0.150  0.100  0.451  0.023  0.900
   0.46436     -2.544179  0.037  0.016  0.007  0.046  0.071  0.152  0.090  0.458  0.024  0.898
   0.44985     -2.552583  0.036  0.014  0.007  0.044  0.075  0.154  0.080  0.462  0.025  0.899
   0.43534     -2.562286  0.035  0.014  0.007  0.044  0.082  0.154  0.071  0.463  0.027  0.898
   0.42083     -2.573155  0.035  0.014  0.005  0.042  0.088  0.154  0.064  0.463  0.029  0.897
   0.40632     -2.585014  0.037  0.014  0.005  0.040  0.098  0.154  0.058  0.460  0.032  0.895
   0.39181     -2.597658  0.037  0.012  0.004  0.038  0.108  0.151  0.053  0.455  0.036  0.894
   0.37730     -2.610858  0.038  0.012  0.003  0.036  0.119  0.149  0.049  0.448  0.039  0.894
   0.36278     -2.624366  0.036  0.012  0.005  0.034  0.131  0.146  0.047  0.439  0.044  0.893
   0.34827     -2.637925  0.037  0.010  0.004  0.030  0.143  0.143  0.046  0.430  0.048  0.893
   0.33376     -2.651278  0.037  0.010  0.004  0.028  0.156  0.139  0.048  0.417  0.052  0.891
   0.31925     -2.664168  0.037  0.008  0.004  0.026  0.170  0.134  0.050  0.404  0.057  0.891
   0.30474     -2.676349  0.038  0.008  0.003  0.024  0.184  0.129  0.054  0.388  0.062  0.890
   0.29023     -2.687589  0.039  0.008  0.005  0.022  0.199  0.123  0.060  0.370  0.066  0.890
   0.27572     -2.697678  0.038  0.006  0.004  0.020  0.214  0.116  0.067  0.350  0.071  0.888
   0.26120     -2.706437  0.039  0.006  0.006  0.018  0.229  0.109  0.077  0.329  0.076  0.888
   0.24669     -2.713726  0.039  0.006  0.006  0.016  0.245  0.101  0.088  0.306  0.082  0.887
   0.23218     -2.719447  0.038  0.004  0.008  0.014  0.260  0.094  0.099  0.282  0.086  0.886
   0.21767     -2.723554  0.038  0.004  0.008  0.012  0.275  0.085  0.112  0.257  0.092  0.884
   0.20316     -2.726060  0.037  0.004  0.010  0.010  0.291  0.077  0.125  0.232  0.097  0.885
   0.18865     -2.727024  0.037  0.004  0.012  0.010  0.305  0.069  0.138  0.208  0.102  0.884
   0.17414     -2.726557  0.035  0.002  0.013  0.008  0.318  0.061  0.151  0.185  0.106  0.883
   0.15963     -2.724807  0.036  0.002  0.015  0.008  0.330  0.054  0.163  0.165  0.111  0.884
   0.14511     -2.721953  0.036  0.002  0.015  0.008  0.342  0.048  0.173  0.146  0.114  0.885
   0.13060     -2.718188  0.034  0.002  0.015  0.009  0.353  0.043  0.182  0.130  0.118  0.886
   0.11609     -2.713703  0.034  0.002  0.015  0.009  0.361  0.039  0.190  0.117  0.121  0.887
   0.10158     -2.708684  0.032  0.002  0.015  0.009  0.369  0.035  0.195  0.106  0.123  0.889
   0.08707     -2.703299  0.033  0.002  0.016  0.009  0.374  0.032  0.200  0.098  0.125  0.892
   0.07256     -2.697693  0.033  0.002  0.016  0.009  0.379  0.030  0.203  0.092  0.128  0.893
   0.05805     -2.691991  0.030  0.004  0.016  0.011  0.383  0.029  0.206  0.087  0.129  0.896
   0.04353     -2.686293  0.030  0.004  0.016  0.011  0.387  0.028  0.206  0.085  0.130  0.897
   0.02902     -2.680679  0.030  0.004  0.016  0.013  0.389  0.028  0.206  0.083  0.130  0.899
   0.01451     -2.675208  0.030  0.004  0.017  0.013  0.390  0.028  0.205  0.084  0.131  0.902
   0.00000     -2.669924  0.030  0.004  0.015  0.015  0.391  0.028  0.204  0.085  0.131  0.903
 
# Band-Index:   11
   0.00000     -2.449929  0.000  0.129  0.000  0.042  0.075  0.286  0.000  0.095  0.223  0.851
   0.01451     -2.449210  0.000  0.125  0.000  0.042  0.076  0.287  0.000  0.095  0.227  0.853
   0.02902     -2.448001  0.000  0.123  0.000  0.040  0.078  0.286  0.000  0.095  0.232  0.855
   0.04353     -2.446336  0.000  0.121  0.000  0.040  0.079  0.286  0.000  0.095  0.236  0.857
   0.05805     -2.444240  0.000  0.119  0.000  0.040  0.081  0.284  0.000  0.095  0.241  0.859
   0.07256     -2.441740  0.000  0.117  0.000  0.038  0.082  0.283  0.000  0.094  0.245  0.859
   0.08707     -2.438867  0.000  0.115  0.000  0.039  0.084  0.281  0.000  0.094  0.250  0.861
   0.10158     -2.435649  0.000  0.113  0.000  0.039  0.085  0.279  0.000  0.093  0.255  0.862
   0.11609     -2.432114  0.000  0.111  0.000  0.037  0.086  0.276  0.000  0.091  0.260  0.863
   0.13060     -2.428292  0.000  0.112  0.000  0.037  0.088  0.273  0.000  0.090  0.266  0.864
   0.14511     -2.424207  0.000  0.110  0.000  0.037  0.090  0.268  0.000  0.090  0.271  0.865
   0.15963     -2.419894  0.000  0.111  0.000  0.037  0.092  0.265  0.000  0.088  0.276  0.866
   0.17414     -2.415382  0.000  0.108  0.000  0.036  0.094  0.261  0.000  0.086  0.281  0.867
   0.18865     -2.410687  0.000  0.108  0.000  0.036  0.096  0.256  0.000  0.085  0.286  0.867
   0.20316     -2.405837  0.000  0.107  0.000  0.035  0.098  0.251  0.000  0.084  0.293  0.868
   0.21767     -2.400861  0.000  0.107  0.000  0.035  0.099  0.247  0.000  0.082  0.298  0.868
   0.23218     -2.395783  0.000  0.108  0.000  0.035  0.101  0.241  0.000  0.080  0.304  0.869
   0.24669     -2.390622  0.000  0.108  0.000  0.035  0.103  0.235  0.000  0.078  0.309  0.869
   0.26120     -2.385402  0.000  0.108  0.000  0.035  0.105  0.229  0.000  0.076  0.316  0.870
   0.27572     -2.380143  0.000  0.106  0.000  0.035  0.107  0.223  0.000  0.074  0.321  0.869
   0.29023     -2.374865  0.000  0.109  0.000  0.036  0.109  0.216  0.000  0.072  0.327  0.869
   0.30474     -2.369589  0.000  0.109  0.000  0.036  0.111  0.210  0.000  0.069  0.333  0.869
   0.31925     -2.364327  0.000  0.110  0.000  0.036  0.113  0.204  0.000  0.067  0.338  0.868
   0.33376     -2.359099  0.000  0.110  0.000  0.036  0.114  0.197  0.000  0.065  0.344  0.866
   0.34827     -2.353921  0.000  0.110  0.000  0.036  0.116  0.189  0.000  0.062  0.349  0.867
   0.36278     -2.348805  0.000  0.113  0.000  0.038  0.118  0.182  0.000  0.060  0.355  0.865
   0.37730     -2.343769  0.000  0.113  0.000  0.038  0.120  0.175  0.000  0.058  0.360  0.865
   0.39181     -2.338825  0.000  0.116  0.000  0.039  0.122  0.168  0.000  0.055  0.365  0.864
   0.40632     -2.333988  0.000  0.117  0.000  0.039  0.124  0.159  0.000  0.053  0.371  0.864
   0.42083     -2.329266  0.000  0.118  0.000  0.039  0.125  0.152  0.000  0.050  0.376  0.862
   0.43534     -2.324672  0.000  0.121  0.000  0.041  0.127  0.144  0.000  0.048  0.380  0.861
   0.44985     -2.320221  0.000  0.123  0.000  0.041  0.128  0.137  0.000  0.045  0.385  0.859
   0.46436     -2.315926  0.000  0.126  0.000  0.041  0.130  0.128  0.000  0.043  0.389  0.857
   0.47888     -2.311797  0.000  0.128  0.000  0.043  0.131  0.120  0.000  0.040  0.392  0.856
   0.49339     -2.307850  0.000  0.130  0.000  0.043  0.132  0.113  0.000  0.038  0.395  0.853
   0.50790     -2.304097  0.000  0.136  0.000  0.046  0.133  0.104  0.000  0.035  0.399  0.851
   0.52241     -2.300551  0.000  0.138  0.000  0.046  0.134  0.097  0.000  0.033  0.401  0.848
   0.53692     -2.297236  0.000  0.142  0.000  0.048  0.135  0.088  0.000  0.029  0.404  0.844
   0.55143     -2.294169  0.000  0.147  0.000  0.048  0.135  0.081  0.000  0.027  0.406  0.843
   0.56594     -2.291373  0.000  0.151  0.000  0.050  0.135  0.072  0.000  0.024  0.407  0.838
   0.56594     -2.291373  0.000  0.151  0.000  0.050  0.135  0.072  0.000  0.024  0.407  0.838
   0.58046     -2.288873  0.000  0.156  0.000  0.053  0.136  0.064  0.000  0.022  0.407  0.835
   0.59497     -2.286701  0.000  0.161  0.000  0.053  0.135  0.056  0.000  0.018  0.406  0.831
   0.60948     -2.284895  0.000  0.167  0.000  0.055  0.135  0.048  0.000  0.016  0.405  0.827
   0.62399     -2.283494  0.000  0.172  0.000  0.057  0.134  0.041  0.000  0.014  0.403  0.822
   0.63850     -2.282547  0.000  0.178  0.000  0.059  0.133  0.034  0.000  0.011  0.399  0.817
   0.65301     -2.282109  0.000  0.186  0.000  0.062  0.132  0.028  0.000  0.009  0.394  0.811
   0.66752     -2.282255  0.000  0.194  0.000  0.064  0.130  0.023  0.000  0.007  0.388  0.806
   0.68203     -2.283049  0.000  0.201  0.000  0.067  0.127  0.019  0.000  0.006  0.379  0.800
   0.69655     -2.284569  0.000  0.210  0.000  0.071  0.124  0.017  0.000  0.005  0.369  0.794
   0.71106     -2.286899  0.000  0.216  0.000  0.073  0.119  0.018  0.000  0.006  0.358  0.788
   0.72557     -2.290091  0.000  0.224  0.000  0.075  0.114  0.020  0.000  0.006  0.343  0.782
   0.74008     -2.294202  0.000  0.229  0.000  0.077  0.109  0.025  0.000  0.009  0.328  0.777
   0.75459     -2.299258  0.000  0.235  0.000  0.079  0.104  0.034  0.000  0.011  0.310  0.774
   0.76910     -2.305244  0.000  0.239  0.000  0.079  0.098  0.045  0.000  0.016  0.293  0.770
   0.78361     -2.312103  0.000  0.240  0.000  0.081  0.092  0.060  0.000  0.020  0.277  0.770
   0.79813     -2.319733  0.000  0.240  0.000  0.080  0.087  0.076  0.000  0.025  0.260  0.769
   0.81264     -2.328002  0.000  0.239  0.000  0.080  0.082  0.093  0.000  0.032  0.246  0.769
   0.82715     -2.336754  0.000  0.236  0.000  0.078  0.077  0.112  0.000  0.038  0.232  0.772
   0.84166     -2.345819  0.000  0.231  0.000  0.077  0.074  0.129  0.000  0.043  0.221  0.775
   0.85617     -2.355040  0.000  0.226  0.000  0.075  0.071  0.147  0.000  0.049  0.211  0.779
   0.87068     -2.364264  0.000  0.220  0.000  0.073  0.069  0.163  0.000  0.054  0.204  0.782
   0.88519     -2.373356  0.000  0.213  0.000  0.070  0.066  0.179  0.000  0.059  0.198  0.788
   0.89971     -2.382195  0.000  0.208  0.000  0.070  0.065  0.193  0.000  0.064  0.194  0.792
   0.91422     -2.390685  0.000  0.200  0.000  0.068  0.065  0.205  0.000  0.068  0.191  0.798
   0.92873     -2.398749  0.000  0.195  0.000  0.065  0.063  0.218  0.000  0.073  0.189  0.801
   0.94324     -2.406322  0.000  0.188  0.000  0.063  0.063  0.228  0.000  0.076  0.189  0.807
   0.95775     -2.413349  0.000  0.181  0.000  0.060  0.064  0.237  0.000  0.079  0.189  0.812
   0.97226     -2.419795  0.000  0.176  0.000  0.058  0.064  0.245  0.000  0.082  0.190  0.815
   0.98677     -2.425636  0.000  0.172  0.000  0.057  0.065  0.253  0.000  0.084  0.191  0.819
   1.00128     -2.430851  0.000  0.164  0.000  0.055  0.065  0.259  0.000  0.086  0.193  0.823
   1.01580     -2.435434  0.000  0.160  0.000  0.053  0.066  0.265  0.000  0.088  0.195  0.827
   1.03031     -2.439380  0.000  0.156  0.000  0.051  0.067  0.270  0.000  0.090  0.198  0.830
   1.04482     -2.442692  0.000  0.150  0.000  0.051  0.068  0.274  0.000  0.091  0.201  0.834
   1.05933     -2.445377  0.000  0.146  0.000  0.049  0.069  0.277  0.000  0.093  0.204  0.838
   1.07384     -2.447448  0.000  0.142  0.000  0.047  0.070  0.280  0.000  0.093  0.208  0.841
   1.08835     -2.448916  0.000  0.138  0.000  0.046  0.072  0.282  0.000  0.094  0.211  0.843
   1.10286     -2.449806  0.000  0.135  0.000  0.044  0.073  0.284  0.000  0.095  0.215  0.845
   1.11738     -2.450136  0.000  0.131  0.000  0.044  0.073  0.285  0.000  0.095  0.219  0.848
   1.13189     -2.449929  0.000  0.129  0.000  0.042  0.075  0.286  0.000  0.095  0.223  0.851
 
# Band-Index:   12
   1.13189     -1.996471  0.000  0.090  0.000  0.030  0.167  0.075  0.000  0.024  0.505  0.890
   1.11738     -2.006404  0.000  0.087  0.000  0.028  0.167  0.079  0.000  0.026  0.505  0.893
   1.10286     -2.015789  0.000  0.083  0.000  0.028  0.167  0.083  0.000  0.027  0.507  0.896
   1.08835     -2.024631  0.000  0.079  0.000  0.026  0.167  0.088  0.000  0.029  0.507  0.899
   1.07384     -2.032947  0.000  0.077  0.000  0.026  0.167  0.093  0.000  0.031  0.506  0.900
   1.05933     -2.040739  0.000  0.074  0.000  0.025  0.166  0.099  0.000  0.033  0.506  0.903
   1.04482     -2.048016  0.000  0.069  0.000  0.023  0.167  0.106  0.000  0.035  0.505  0.906
   1.03031     -2.054781  0.000  0.065  0.000  0.023  0.167  0.113  0.000  0.037  0.503  0.908
   1.01580     -2.061037  0.000  0.063  0.000  0.021  0.166  0.122  0.000  0.040  0.501  0.911
   1.00128     -2.066782  0.000  0.059  0.000  0.021  0.165  0.131  0.000  0.043  0.499  0.913
   0.98677     -2.072013  0.000  0.054  0.000  0.018  0.164  0.140  0.000  0.046  0.496  0.917
   0.97226     -2.076715  0.000  0.049  0.000  0.015  0.163  0.150  0.000  0.049  0.492  0.920
   0.95775     -2.080877  0.000  0.045  0.000  0.015  0.161  0.162  0.000  0.053  0.487  0.922
   0.94324     -2.084472  0.000  0.041  0.000  0.013  0.160  0.173  0.000  0.057  0.482  0.927
   0.92873     -2.087474  0.000  0.037  0.000  0.011  0.158  0.186  0.000  0.061  0.476  0.929
   0.91422     -2.089833  0.000  0.032  0.000  0.011  0.155  0.200  0.000  0.067  0.468  0.934
   0.89971     -2.091501  0.000  0.027  0.000  0.009  0.153  0.215  0.000  0.072  0.459  0.935
   0.88519     -2.092407  0.000  0.023  0.000  0.007  0.149  0.232  0.000  0.077  0.450  0.940
   0.87068     -2.092468  0.000  0.020  0.000  0.007  0.146  0.250  0.000  0.083  0.438  0.944
   0.85617     -2.091584  0.000  0.016  0.000  0.005  0.141  0.267  0.000  0.089  0.424  0.945
   0.84166     -2.089637  0.000  0.013  0.000  0.004  0.137  0.287  0.000  0.096  0.410  0.947
   0.82715     -2.086495  0.000  0.013  0.000  0.004  0.131  0.306  0.000  0.102  0.392  0.947
   0.81264     -2.082015  0.000  0.011  0.000  0.004  0.125  0.326  0.000  0.109  0.374  0.948
   0.79813     -2.076053  0.000  0.013  0.000  0.004  0.118  0.345  0.000  0.115  0.353  0.948
   0.78361     -2.068476  0.000  0.015  0.000  0.004  0.111  0.362  0.000  0.121  0.330  0.946
   0.76910     -2.059174  0.000  0.020  0.000  0.007  0.103  0.379  0.000  0.126  0.307  0.943
   0.75459     -2.048075  0.000  0.026  0.000  0.009  0.095  0.391  0.000  0.131  0.284  0.937
   0.74008     -2.035145  0.000  0.035  0.000  0.011  0.089  0.400  0.000  0.134  0.262  0.932
   0.72557     -2.020401  0.000  0.045  0.000  0.015  0.082  0.406  0.000  0.137  0.240  0.924
   0.71106     -2.003886  0.000  0.054  0.000  0.018  0.079  0.407  0.000  0.143  0.217  0.917
   0.69655     -1.996533  0.018  0.010  0.026  0.032  0.298  0.063  0.162  0.210  0.093  0.910
   0.68203     -2.000999  0.016  0.010  0.026  0.035  0.299  0.065  0.159  0.202  0.098  0.909
   0.66752     -2.006034  0.017  0.012  0.026  0.035  0.302  0.064  0.156  0.197  0.100  0.907
   0.65301     -2.011561  0.018  0.012  0.026  0.037  0.305  0.062  0.154  0.191  0.101  0.906
   0.63850     -2.017486  0.019  0.012  0.026  0.037  0.309  0.061  0.154  0.183  0.103  0.905
   0.62399     -2.023693  0.020  0.013  0.026  0.040  0.313  0.058  0.154  0.176  0.104  0.902
   0.60948     -2.030040  0.021  0.013  0.027  0.040  0.315  0.055  0.155  0.167  0.105  0.901
   0.59497     -2.036363  0.022  0.015  0.027  0.042  0.319  0.052  0.158  0.159  0.106  0.898
   0.58046     -2.042479  0.023  0.015  0.028  0.043  0.321  0.049  0.161  0.149  0.107  0.896
   0.56594     -2.048179  0.024  0.015  0.030  0.045  0.323  0.046  0.166  0.139  0.108  0.893
   0.56594     -2.048179  0.024  0.015  0.030  0.045  0.323  0.046  0.166  0.139  0.108  0.893
   0.55143     -2.053243  0.026  0.015  0.032  0.045  0.324  0.043  0.171  0.128  0.108  0.891
   0.53692     -2.057432  0.027  0.015  0.033  0.048  0.323  0.039  0.179  0.117  0.108  0.889
   0.52241     -2.060512  0.030  0.015  0.034  0.048  0.322  0.035  0.187  0.106  0.107  0.887
   0.50790     -2.062254  0.031  0.017  0.035  0.050  0.319  0.032  0.196  0.096  0.106  0.885
   0.49339     -2.062451  0.033  0.018  0.039  0.053  0.313  0.030  0.205  0.087  0.105  0.883
   0.47888     -2.060925  0.035  0.018  0.041  0.055  0.307  0.026  0.215  0.080  0.103  0.879
   0.46436     -2.057541  0.038  0.018  0.045  0.055  0.299  0.024  0.225  0.073  0.100  0.877
   0.44985     -2.052207  0.040  0.020  0.046  0.058  0.289  0.023  0.234  0.069  0.096  0.874
   0.43534     -2.044876  0.041  0.020  0.050  0.060  0.277  0.022  0.242  0.066  0.093  0.871
   0.42083     -2.035543  0.042  0.020  0.054  0.062  0.265  0.022  0.250  0.064  0.089  0.870
   0.40632     -2.024234  0.045  0.022  0.057  0.065  0.252  0.021  0.257  0.064  0.085  0.866
   0.39181     -2.010995  0.045  0.022  0.061  0.067  0.238  0.021  0.263  0.064  0.080  0.864
   0.37730     -1.995892  0.046  0.023  0.065  0.070  0.225  0.022  0.268  0.066  0.075  0.861
   0.36278     -1.978993  0.048  0.025  0.070  0.072  0.210  0.023  0.272  0.067  0.070  0.855
   0.34827     -1.960362  0.048  0.025  0.074  0.074  0.196  0.023  0.275  0.070  0.066  0.853
   0.33376     -1.940070  0.048  0.025  0.080  0.077  0.182  0.024  0.279  0.072  0.062  0.849
   0.31925     -1.918180  0.047  0.027  0.084  0.079  0.168  0.025  0.281  0.074  0.056  0.844
   0.30474     -1.894761  0.047  0.027  0.093  0.082  0.155  0.026  0.282  0.077  0.052  0.840
   0.29023     -1.869893  0.046  0.028  0.099  0.085  0.140  0.027  0.283  0.079  0.047  0.834
   0.27572     -1.843705  0.044  0.028  0.107  0.088  0.126  0.027  0.284  0.081  0.043  0.829
   0.26120     -1.816409  0.042  0.028  0.119  0.089  0.111  0.028  0.286  0.083  0.038  0.823
   0.24669     -1.788450  0.037  0.029  0.132  0.090  0.093  0.029  0.291  0.082  0.033  0.816
   0.23218     -1.760945  0.028  0.025  0.151  0.095  0.066  0.033  0.299  0.079  0.034  0.808
   0.21767     -1.774797  0.000  0.131  0.000  0.044  0.146  0.071  0.000  0.023  0.446  0.864
   0.20316     -1.794073  0.000  0.130  0.000  0.044  0.149  0.068  0.000  0.023  0.451  0.865
   0.18865     -1.812691  0.000  0.128  0.000  0.042  0.152  0.066  0.000  0.021  0.456  0.865
   0.17414     -1.830649  0.000  0.126  0.000  0.042  0.153  0.064  0.000  0.021  0.462  0.869
   0.15963     -1.847949  0.000  0.123  0.000  0.040  0.155  0.063  0.000  0.021  0.467  0.870
   0.14511     -1.864594  0.000  0.119  0.000  0.040  0.156  0.062  0.000  0.021  0.472  0.871
   0.13060     -1.880597  0.000  0.118  0.000  0.039  0.158  0.062  0.000  0.020  0.476  0.873
   0.11609     -1.895946  0.000  0.115  0.000  0.039  0.159  0.061  0.000  0.020  0.481  0.874
   0.10158     -1.910656  0.000  0.111  0.000  0.037  0.161  0.062  0.000  0.020  0.485  0.876
   0.08707     -1.924733  0.000  0.109  0.000  0.037  0.162  0.062  0.000  0.021  0.489  0.879
   0.07256     -1.938188  0.000  0.106  0.000  0.035  0.163  0.062  0.000  0.021  0.492  0.881
   0.05805     -1.951032  0.000  0.104  0.000  0.035  0.164  0.064  0.000  0.021  0.496  0.882
   0.04353     -1.963270  0.000  0.099  0.000  0.032  0.164  0.066  0.000  0.021  0.498  0.885
   0.02902     -1.974916  0.000  0.097  0.000  0.032  0.165  0.069  0.000  0.022  0.501  0.885
   0.01451     -1.985980  0.000  0.094  0.000  0.030  0.166  0.072  0.000  0.023  0.502  0.888
   0.00000     -1.996471  0.000  0.090  0.000  0.030  0.167  0.075  0.000  0.024  0.505  0.890
 
# Band-Index:   13
   0.00000     -1.918918  0.036  0.007  0.078  0.018  0.277  0.073  0.084  0.220  0.091  0.884
   0.01451     -1.905870  0.035  0.007  0.082  0.020  0.275  0.073  0.083  0.218  0.091  0.883
   0.02902     -1.892030  0.035  0.007  0.084  0.021  0.273  0.072  0.083  0.216  0.090  0.881
   0.04353     -1.877501  0.033  0.007  0.086  0.021  0.270  0.071  0.086  0.215  0.088  0.879
   0.05805     -1.862407  0.032  0.007  0.088  0.023  0.266  0.070  0.090  0.212  0.087  0.880
   0.07256     -1.846871  0.031  0.007  0.090  0.024  0.261  0.070  0.097  0.209  0.086  0.877
   0.08707     -1.831024  0.031  0.009  0.094  0.026  0.255  0.068  0.107  0.204  0.084  0.877
   0.10158     -1.815001  0.029  0.010  0.097  0.027  0.248  0.067  0.118  0.200  0.081  0.876
   0.11609     -1.798945  0.028  0.010  0.099  0.027  0.240  0.064  0.133  0.194  0.079  0.875
   0.13060     -1.783027  0.025  0.010  0.101  0.030  0.230  0.062  0.151  0.188  0.075  0.874
   0.14511     -1.767452  0.023  0.010  0.107  0.031  0.216  0.060  0.172  0.180  0.071  0.871
   0.15963     -1.752549  0.019  0.011  0.114  0.034  0.199  0.057  0.198  0.171  0.066  0.868
   0.17414     -1.738942  0.013  0.013  0.125  0.037  0.175  0.053  0.229  0.158  0.058  0.862
   0.18865     -1.728224  0.008  0.014  0.144  0.045  0.136  0.046  0.268  0.140  0.045  0.847
   0.20316     -1.725110  0.001  0.022  0.172  0.063  0.081  0.037  0.307  0.112  0.027  0.821
   0.21767     -1.737131  0.015  0.028  0.173  0.082  0.057  0.029  0.313  0.090  0.019  0.804
   0.23218     -1.754852  0.000  0.140  0.000  0.040  0.153  0.069  0.001  0.028  0.430  0.861
   0.24669     -1.734276  0.000  0.138  0.000  0.044  0.144  0.075  0.000  0.026  0.432  0.861
   0.26120     -1.713039  0.000  0.140  0.000  0.047  0.142  0.078  0.000  0.026  0.426  0.859
   0.27572     -1.691159  0.000  0.142  0.000  0.047  0.140  0.081  0.000  0.027  0.420  0.859
   0.29023     -1.668644  0.000  0.145  0.000  0.049  0.138  0.084  0.000  0.029  0.415  0.857
   0.30474     -1.645504  0.000  0.149  0.000  0.049  0.136  0.086  0.000  0.029  0.409  0.857
   0.31925     -1.621751  0.000  0.151  0.000  0.051  0.133  0.089  0.000  0.030  0.402  0.854
   0.33376     -1.597399  0.000  0.152  0.000  0.051  0.130  0.091  0.000  0.031  0.398  0.854
   0.34827     -1.572478  0.000  0.150  0.000  0.055  0.110  0.091  0.005  0.033  0.407  0.853
   0.36278     -1.561231  0.019  0.009  0.045  0.027  0.109  0.022  0.586  0.067  0.039  0.923
   0.37730     -1.552217  0.017  0.009  0.045  0.026  0.101  0.020  0.614  0.060  0.034  0.926
   0.39181     -1.543600  0.016  0.009  0.043  0.024  0.093  0.018  0.640  0.054  0.032  0.927
   0.40632     -1.535360  0.013  0.009  0.043  0.024  0.084  0.016  0.663  0.049  0.029  0.931
   0.42083     -1.527472  0.013  0.006  0.043  0.021  0.077  0.015  0.684  0.045  0.026  0.934
   0.43534     -1.519917  0.014  0.006  0.043  0.021  0.072  0.013  0.704  0.040  0.025  0.934
   0.44985     -1.512674  0.013  0.006  0.040  0.020  0.067  0.012  0.720  0.036  0.022  0.937
   0.46436     -1.535063  0.000  0.202  0.000  0.067  0.034  0.306  0.000  0.102  0.101  0.813
   0.47888     -1.569343  0.000  0.195  0.000  0.065  0.033  0.318  0.000  0.106  0.100  0.818
   0.49339     -1.603072  0.000  0.189  0.000  0.062  0.034  0.328  0.000  0.110  0.100  0.822
   0.50790     -1.636174  0.000  0.182  0.000  0.061  0.034  0.337  0.000  0.113  0.102  0.827
   0.52241     -1.668601  0.000  0.174  0.000  0.059  0.035  0.345  0.000  0.114  0.104  0.831
   0.53692     -1.700309  0.000  0.167  0.000  0.056  0.036  0.352  0.000  0.117  0.107  0.837
   0.55143     -1.731251  0.000  0.160  0.000  0.054  0.037  0.360  0.000  0.120  0.111  0.841
   0.56594     -1.761379  0.000  0.152  0.000  0.052  0.038  0.368  0.000  0.123  0.116  0.847
   0.56594     -1.761379  0.000  0.152  0.000  0.052  0.038  0.368  0.000  0.123  0.116  0.847
   0.58046     -1.790643  0.000  0.145  0.000  0.049  0.040  0.375  0.000  0.124  0.120  0.852
   0.59497     -1.818988  0.000  0.135  0.000  0.045  0.042  0.381  0.000  0.127  0.127  0.860
   0.60948     -1.846353  0.000  0.128  0.000  0.042  0.044  0.389  0.000  0.129  0.134  0.866
   0.62399     -1.872671  0.000  0.118  0.000  0.039  0.046  0.395  0.000  0.132  0.142  0.872
   0.63850     -1.897867  0.000  0.109  0.000  0.035  0.050  0.402  0.000  0.133  0.151  0.879
   0.65301     -1.921859  0.000  0.097  0.000  0.033  0.053  0.406  0.000  0.134  0.162  0.885
   0.66752     -1.944555  0.000  0.087  0.000  0.029  0.057  0.411  0.000  0.135  0.174  0.895
   0.68203     -1.965858  0.000  0.077  0.000  0.025  0.061  0.414  0.000  0.136  0.189  0.901
   0.69655     -1.985665  0.000  0.066  0.000  0.021  0.063  0.419  0.000  0.132  0.208  0.909
   0.71106     -1.992677  0.018  0.010  0.026  0.030  0.285  0.074  0.166  0.203  0.101  0.912
   0.72557     -1.989480  0.018  0.010  0.026  0.028  0.285  0.072  0.169  0.209  0.097  0.913
   0.74008     -1.986948  0.017  0.010  0.026  0.028  0.282  0.072  0.174  0.212  0.095  0.914
   0.75459     -1.985074  0.018  0.008  0.025  0.026  0.279  0.073  0.179  0.213  0.094  0.915
   0.76910     -1.983846  0.018  0.008  0.027  0.023  0.276  0.073  0.182  0.215  0.093  0.916
   0.78361     -1.983224  0.018  0.008  0.027  0.023  0.275  0.073  0.186  0.216  0.091  0.917
   0.79813     -1.983160  0.018  0.008  0.029  0.021  0.272  0.073  0.190  0.217  0.091  0.918
   0.81264     -1.983588  0.020  0.008  0.028  0.021  0.270  0.072  0.193  0.218  0.090  0.918
   0.82715     -1.984436  0.021  0.006  0.029  0.019  0.268  0.072  0.196  0.217  0.090  0.919
   0.84166     -1.985615  0.021  0.006  0.029  0.017  0.267  0.073  0.197  0.218  0.089  0.918
   0.85617     -1.987033  0.022  0.006  0.031  0.017  0.266  0.073  0.198  0.218  0.088  0.917
   0.87068     -1.988585  0.022  0.006  0.032  0.015  0.265  0.073  0.197  0.218  0.088  0.918
   0.88519     -1.990162  0.025  0.006  0.034  0.015  0.265  0.072  0.195  0.218  0.088  0.916
   0.89971     -1.991648  0.025  0.006  0.035  0.015  0.265  0.073  0.194  0.218  0.088  0.915
   0.91422     -1.992922  0.026  0.004  0.037  0.013  0.265  0.072  0.190  0.218  0.088  0.915
   0.92873     -1.993867  0.026  0.004  0.038  0.013  0.266  0.072  0.185  0.217  0.088  0.913
   0.94324     -1.994358  0.027  0.004  0.040  0.013  0.266  0.073  0.180  0.218  0.088  0.911
   0.95775     -1.994279  0.030  0.004  0.043  0.013  0.267  0.072  0.174  0.218  0.088  0.908
   0.97226     -1.993511  0.030  0.004  0.045  0.014  0.269  0.073  0.166  0.219  0.089  0.907
   0.98677     -1.991948  0.031  0.004  0.047  0.014  0.270  0.072  0.159  0.219  0.089  0.904
   1.00128     -1.989492  0.031  0.004  0.051  0.014  0.272  0.073  0.150  0.219  0.090  0.902
   1.01580     -1.986055  0.033  0.004  0.052  0.014  0.273  0.072  0.140  0.220  0.090  0.900
   1.03031     -1.981567  0.033  0.004  0.056  0.014  0.275  0.073  0.132  0.220  0.090  0.897
   1.04482     -1.975976  0.033  0.004  0.060  0.014  0.276  0.073  0.122  0.220  0.090  0.895
   1.05933     -1.969248  0.033  0.004  0.062  0.015  0.277  0.073  0.114  0.221  0.090  0.892
   1.07384     -1.961376  0.035  0.004  0.065  0.015  0.278  0.073  0.105  0.221  0.091  0.890
   1.08835     -1.952363  0.036  0.006  0.070  0.017  0.279  0.074  0.098  0.221  0.091  0.890
   1.10286     -1.942245  0.036  0.006  0.072  0.018  0.279  0.073  0.092  0.221  0.091  0.888
   1.11738     -1.931074  0.036  0.007  0.076  0.018  0.278  0.073  0.087  0.220  0.091  0.886
   1.13189     -1.918918  0.036  0.007  0.078  0.018  0.277  0.073  0.084  0.220  0.091  0.884
 
# Band-Index:   14
   1.13189     -1.298447  0.015  0.030  0.106  0.090  0.134  0.012  0.378  0.036  0.044  0.849
   1.11738     -1.289234  0.014  0.031  0.104  0.089  0.134  0.011  0.394  0.032  0.045  0.851
   1.10286     -1.282188  0.012  0.030  0.102  0.089  0.134  0.009  0.408  0.027  0.045  0.855
   1.08835     -1.277076  0.011  0.028  0.100  0.088  0.134  0.007  0.422  0.023  0.045  0.858
   1.07384     -1.273699  0.008  0.028  0.098  0.085  0.133  0.006  0.436  0.020  0.044  0.861
   1.05933     -1.271858  0.008  0.029  0.095  0.084  0.132  0.005  0.448  0.017  0.044  0.864
   1.04482     -1.271395  0.007  0.029  0.093  0.083  0.131  0.005  0.459  0.015  0.044  0.865
   1.03031     -1.272164  0.007  0.027  0.091  0.082  0.130  0.004  0.470  0.014  0.043  0.868
   1.01580     -1.274030  0.006  0.027  0.089  0.080  0.128  0.005  0.482  0.013  0.043  0.871
   1.00128     -1.276877  0.006  0.027  0.087  0.078  0.126  0.004  0.493  0.012  0.042  0.874
   0.98677     -1.280591  0.006  0.024  0.083  0.076  0.124  0.004  0.503  0.011  0.041  0.876
   0.97226     -1.285068  0.006  0.024  0.080  0.074  0.122  0.003  0.514  0.011  0.041  0.879
   0.95775     -1.290209  0.006  0.024  0.077  0.072  0.119  0.004  0.525  0.012  0.040  0.881
   0.94324     -1.295918  0.005  0.022  0.075  0.070  0.117  0.004  0.536  0.013  0.039  0.884
   0.92873     -1.302116  0.006  0.022  0.073  0.068  0.114  0.005  0.548  0.013  0.038  0.888
   0.91422     -1.308710  0.006  0.022  0.071  0.066  0.111  0.004  0.559  0.014  0.037  0.890
   0.89971     -1.315630  0.006  0.020  0.069  0.063  0.108  0.005  0.571  0.014  0.036  0.894
   0.88519     -1.322791  0.006  0.020  0.066  0.061  0.105  0.005  0.583  0.015  0.035  0.896
   0.87068     -1.330125  0.006  0.020  0.064  0.059  0.102  0.005  0.595  0.015  0.035  0.901
   0.85617     -1.337572  0.006  0.018  0.062  0.057  0.099  0.006  0.607  0.016  0.033  0.903
   0.84166     -1.345068  0.007  0.018  0.058  0.054  0.095  0.006  0.620  0.017  0.032  0.907
   0.82715     -1.352559  0.006  0.016  0.056  0.050  0.092  0.005  0.633  0.017  0.031  0.909
   0.81264     -1.359995  0.006  0.016  0.056  0.048  0.088  0.006  0.646  0.018  0.030  0.913
   0.79813     -1.367335  0.006  0.015  0.054  0.046  0.085  0.006  0.659  0.018  0.029  0.917
   0.78361     -1.374540  0.007  0.013  0.051  0.043  0.081  0.006  0.672  0.017  0.027  0.919
   0.76910     -1.381586  0.007  0.013  0.051  0.041  0.077  0.006  0.684  0.018  0.026  0.922
   0.75459     -1.388445  0.007  0.011  0.049  0.036  0.074  0.006  0.698  0.018  0.025  0.925
   0.74008     -1.395107  0.006  0.011  0.049  0.034  0.071  0.006  0.709  0.018  0.024  0.928
   0.72557     -1.401565  0.006  0.011  0.047  0.032  0.068  0.006  0.721  0.017  0.023  0.930
   0.71106     -1.407818  0.006  0.009  0.045  0.029  0.065  0.006  0.732  0.017  0.022  0.934
   0.69655     -1.413876  0.006  0.009  0.043  0.027  0.062  0.006  0.743  0.017  0.021  0.935
   0.68203     -1.419751  0.007  0.009  0.043  0.025  0.059  0.006  0.752  0.017  0.020  0.937
   0.66752     -1.425465  0.007  0.008  0.043  0.024  0.056  0.006  0.761  0.017  0.018  0.939
   0.65301     -1.431043  0.007  0.006  0.041  0.022  0.054  0.005  0.768  0.017  0.018  0.942
   0.63850     -1.436513  0.009  0.006  0.041  0.020  0.053  0.005  0.774  0.017  0.017  0.943
   0.62399     -1.441906  0.008  0.007  0.041  0.020  0.051  0.005  0.779  0.017  0.017  0.944
   0.60948     -1.447259  0.008  0.007  0.040  0.018  0.050  0.005  0.783  0.017  0.017  0.944
   0.59497     -1.452606  0.008  0.007  0.040  0.018  0.049  0.007  0.785  0.019  0.016  0.946
   0.58046     -1.457981  0.008  0.007  0.038  0.018  0.048  0.007  0.786  0.019  0.016  0.947
   0.56594     -1.463417  0.008  0.007  0.038  0.017  0.048  0.007  0.786  0.019  0.016  0.946
   0.56594     -1.463417  0.008  0.007  0.038  0.017  0.048  0.007  0.786  0.019  0.016  0.946
   0.55143     -1.468949  0.008  0.005  0.038  0.017  0.049  0.007  0.784  0.021  0.016  0.947
   0.53692     -1.474607  0.008  0.007  0.038  0.018  0.050  0.007  0.780  0.022  0.017  0.946
   0.52241     -1.480419  0.008  0.007  0.038  0.018  0.051  0.008  0.775  0.023  0.017  0.944
   0.50790     -1.486412  0.010  0.006  0.040  0.017  0.053  0.008  0.767  0.026  0.018  0.945
   0.49339     -1.492613  0.010  0.006  0.040  0.017  0.055  0.009  0.759  0.028  0.018  0.942
   0.47888     -1.499041  0.011  0.006  0.040  0.017  0.059  0.010  0.748  0.030  0.020  0.940
   0.46436     -1.505723  0.011  0.006  0.040  0.020  0.062  0.011  0.735  0.033  0.021  0.939
   0.44985     -1.500369  0.000  0.210  0.000  0.069  0.036  0.288  0.000  0.096  0.108  0.809
   0.43534     -1.465870  0.000  0.222  0.000  0.074  0.046  0.243  0.000  0.081  0.137  0.803
   0.42083     -1.445179  0.000  0.210  0.000  0.070  0.130  0.018  0.000  0.006  0.389  0.823
   0.40632     -1.467955  0.000  0.174  0.000  0.057  0.129  0.075  0.000  0.025  0.384  0.844
   0.39181     -1.494520  0.000  0.167  0.000  0.056  0.127  0.090  0.000  0.030  0.379  0.847
   0.37730     -1.520962  0.000  0.162  0.000  0.053  0.128  0.094  0.000  0.031  0.380  0.850
   0.36278     -1.546969  0.000  0.159  0.000  0.051  0.131  0.094  0.000  0.031  0.383  0.852
   0.34827     -1.570641  0.020  0.014  0.045  0.024  0.141  0.027  0.552  0.072  0.024  0.920
   0.33376     -1.580514  0.021  0.011  0.047  0.028  0.135  0.027  0.525  0.082  0.042  0.919
   0.31925     -1.590813  0.024  0.011  0.047  0.030  0.147  0.031  0.492  0.091  0.047  0.916
   0.30474     -1.601545  0.026  0.011  0.047  0.030  0.160  0.033  0.457  0.099  0.052  0.915
   0.29023     -1.612681  0.029  0.010  0.045  0.031  0.174  0.036  0.421  0.110  0.056  0.913
   0.27572     -1.624144  0.033  0.010  0.043  0.030  0.189  0.040  0.385  0.119  0.062  0.912
   0.26120     -1.635767  0.036  0.010  0.041  0.032  0.207  0.044  0.346  0.130  0.067  0.912
   0.24669     -1.647161  0.042  0.011  0.033  0.031  0.227  0.047  0.306  0.140  0.074  0.913
   0.23218     -1.657280  0.053  0.011  0.022  0.033  0.250  0.050  0.262  0.150  0.081  0.914
   0.21767     -1.662934  0.069  0.014  0.007  0.042  0.271  0.052  0.214  0.156  0.089  0.914
   0.20316     -1.656207  0.080  0.021  0.014  0.065  0.252  0.048  0.188  0.142  0.083  0.890
   0.18865     -1.633903  0.075  0.028  0.049  0.082  0.201  0.040  0.198  0.122  0.066  0.861
   0.17414     -1.603789  0.067  0.031  0.072  0.091  0.167  0.037  0.210  0.112  0.055  0.843
   0.15963     -1.570860  0.061  0.032  0.089  0.096  0.149  0.035  0.219  0.105  0.049  0.834
   0.14511     -1.537076  0.055  0.032  0.099  0.099  0.138  0.033  0.226  0.099  0.045  0.829
   0.13060     -1.503479  0.052  0.032  0.107  0.099  0.132  0.031  0.234  0.094  0.043  0.826
   0.11609     -1.470846  0.047  0.034  0.112  0.099  0.129  0.029  0.244  0.089  0.042  0.824
   0.10158     -1.439842  0.041  0.035  0.114  0.099  0.127  0.028  0.256  0.083  0.042  0.825
   0.08707     -1.411038  0.037  0.033  0.115  0.099  0.127  0.026  0.271  0.077  0.042  0.827
   0.07256     -1.384881  0.033  0.032  0.114  0.099  0.128  0.023  0.287  0.070  0.042  0.831
   0.05805     -1.361666  0.028  0.032  0.115  0.097  0.130  0.020  0.306  0.062  0.043  0.834
   0.04353     -1.341497  0.024  0.033  0.113  0.095  0.131  0.018  0.325  0.055  0.043  0.838
   0.02902     -1.324349  0.021  0.032  0.110  0.095  0.132  0.016  0.343  0.048  0.044  0.843
   0.01451     -1.310068  0.019  0.030  0.109  0.093  0.134  0.014  0.361  0.043  0.044  0.846
   0.00000     -1.298447  0.015  0.030  0.106  0.090  0.134  0.012  0.378  0.036  0.044  0.849
 
# Band-Index:   15
   0.00000     -0.687989  0.047  0.024  0.272  0.070  0.041  0.029  0.188  0.086  0.014  0.768
   0.01451     -0.732961  0.049  0.021  0.263  0.068  0.042  0.028  0.206  0.083  0.014  0.775
   0.02902     -0.775859  0.049  0.021  0.254  0.065  0.043  0.028  0.225  0.082  0.015  0.781
   0.04353     -0.816093  0.048  0.019  0.247  0.060  0.046  0.027  0.245  0.080  0.015  0.788
   0.05805     -0.853170  0.046  0.019  0.237  0.057  0.049  0.027  0.265  0.080  0.016  0.796
   0.07256     -0.886668  0.046  0.016  0.228  0.052  0.052  0.027  0.286  0.079  0.018  0.804
   0.08707     -0.916364  0.045  0.016  0.222  0.047  0.056  0.026  0.304  0.080  0.018  0.813
   0.10158     -0.942176  0.044  0.014  0.212  0.043  0.060  0.027  0.319  0.081  0.020  0.821
   0.11609     -0.964181  0.042  0.012  0.207  0.039  0.063  0.028  0.332  0.084  0.022  0.829
   0.13060     -0.982578  0.041  0.011  0.200  0.034  0.067  0.029  0.341  0.088  0.023  0.834
   0.14511     -0.997619  0.040  0.009  0.196  0.032  0.071  0.030  0.346  0.093  0.024  0.841
   0.15963     -1.009573  0.041  0.009  0.192  0.027  0.075  0.033  0.348  0.099  0.025  0.846
   0.17414     -1.018688  0.039  0.008  0.190  0.023  0.078  0.035  0.345  0.105  0.026  0.851
   0.18865     -1.025177  0.039  0.006  0.187  0.021  0.081  0.037  0.341  0.114  0.027  0.855
   0.20316     -1.029207  0.039  0.006  0.187  0.018  0.084  0.040  0.333  0.122  0.028  0.858
   0.21767     -1.030908  0.041  0.004  0.187  0.016  0.087  0.043  0.322  0.131  0.030  0.858
   0.23218     -1.030390  0.043  0.004  0.186  0.013  0.090  0.046  0.311  0.140  0.031  0.860
   0.24669     -1.027699  0.043  0.003  0.186  0.010  0.094  0.048  0.296  0.150  0.033  0.863
   0.26120     -1.022912  0.043  0.001  0.188  0.008  0.095  0.049  0.280  0.161  0.035  0.862
   0.27572     -1.045967  0.000  0.260  0.000  0.088  0.020  0.254  0.000  0.088  0.065  0.775
   0.29023     -1.085199  0.000  0.257  0.000  0.085  0.021  0.261  0.000  0.088  0.065  0.777
   0.30474     -1.124313  0.000  0.252  0.000  0.085  0.021  0.268  0.000  0.090  0.065  0.779
   0.31925     -1.163244  0.000  0.248  0.000  0.083  0.021  0.275  0.000  0.092  0.065  0.783
   0.33376     -1.201945  0.000  0.243  0.000  0.080  0.021  0.282  0.000  0.094  0.065  0.786
   0.34827     -1.240367  0.000  0.237  0.000  0.079  0.021  0.290  0.000  0.097  0.065  0.789
   0.36278     -1.278459  0.000  0.232  0.000  0.078  0.021  0.298  0.000  0.100  0.064  0.792
   0.37730     -1.316157  0.000  0.226  0.000  0.075  0.021  0.308  0.000  0.103  0.062  0.795
   0.39181     -1.353354  0.000  0.219  0.000  0.073  0.020  0.321  0.000  0.108  0.059  0.800
   0.40632     -1.389725  0.000  0.208  0.000  0.069  0.016  0.346  0.000  0.115  0.049  0.805
   0.42083     -1.421337  0.000  0.168  0.000  0.056  0.013  0.413  0.000  0.137  0.039  0.828
   0.43534     -1.408488  0.000  0.154  0.000  0.052  0.096  0.197  0.000  0.066  0.286  0.851
   0.44985     -1.380839  0.000  0.163  0.000  0.054  0.104  0.161  0.000  0.054  0.311  0.848
   0.46436     -1.351987  0.000  0.168  0.000  0.056  0.105  0.153  0.000  0.051  0.314  0.846
   0.47888     -1.322526  0.000  0.170  0.000  0.058  0.104  0.151  0.000  0.050  0.312  0.844
   0.49339     -1.292582  0.000  0.174  0.000  0.058  0.103  0.151  0.000  0.050  0.308  0.842
   0.50790     -1.262214  0.000  0.177  0.000  0.058  0.101  0.151  0.000  0.050  0.303  0.843
   0.52241     -1.231458  0.000  0.179  0.000  0.060  0.099  0.152  0.000  0.050  0.298  0.840
   0.53692     -1.200348  0.000  0.183  0.000  0.061  0.098  0.154  0.000  0.052  0.293  0.839
   0.55143     -1.168914  0.000  0.186  0.000  0.062  0.096  0.156  0.000  0.052  0.287  0.838
   0.56594     -1.137185  0.000  0.189  0.000  0.063  0.094  0.156  0.000  0.052  0.282  0.837
   0.56594     -1.137185  0.000  0.189  0.000  0.063  0.094  0.156  0.000  0.052  0.282  0.837
   0.58046     -1.105192  0.000  0.192  0.000  0.063  0.092  0.158  0.000  0.052  0.277  0.835
   0.59497     -1.072967  0.000  0.195  0.000  0.066  0.091  0.159  0.000  0.054  0.271  0.834
   0.60948     -1.040542  0.000  0.197  0.000  0.066  0.089  0.161  0.000  0.054  0.266  0.832
   0.62399     -1.007957  0.000  0.199  0.000  0.066  0.087  0.162  0.000  0.054  0.261  0.832
   0.63850     -0.975237  0.000  0.202  0.000  0.068  0.085  0.163  0.000  0.055  0.255  0.829
   0.65301     -0.942428  0.000  0.207  0.000  0.069  0.084  0.163  0.000  0.055  0.250  0.827
   0.66752     -0.909571  0.000  0.210  0.000  0.071  0.082  0.164  0.000  0.054  0.245  0.826
   0.68203     -0.876712  0.000  0.213  0.000  0.071  0.080  0.164  0.000  0.055  0.240  0.824
   0.69655     -0.843898  0.000  0.218  0.000  0.074  0.078  0.164  0.000  0.055  0.235  0.821
   0.71106     -0.811185  0.000  0.219  0.000  0.073  0.077  0.165  0.000  0.054  0.230  0.819
   0.72557     -0.778625  0.000  0.224  0.000  0.075  0.075  0.165  0.000  0.055  0.224  0.818
   0.74008     -0.746284  0.000  0.227  0.000  0.075  0.073  0.164  0.000  0.054  0.220  0.816
   0.75459     -0.714231  0.000  0.231  0.000  0.078  0.071  0.163  0.000  0.055  0.215  0.815
   0.76910     -0.682538  0.000  0.236  0.000  0.078  0.070  0.163  0.000  0.054  0.210  0.811
   0.78361     -0.651292  0.000  0.240  0.000  0.081  0.068  0.162  0.000  0.054  0.204  0.808
   0.79813     -0.620579  0.000  0.244  0.000  0.083  0.066  0.161  0.000  0.053  0.199  0.807
   0.81264     -0.590502  0.000  0.249  0.000  0.083  0.064  0.159  0.000  0.054  0.195  0.804
   0.82715     -0.561170  0.000  0.254  0.000  0.086  0.063  0.158  0.000  0.052  0.189  0.801
   0.84166     -0.532705  0.000  0.258  0.000  0.087  0.062  0.157  0.000  0.052  0.183  0.799
   0.85617     -0.505240  0.000  0.264  0.000  0.087  0.060  0.154  0.000  0.051  0.179  0.796
   0.87068     -0.478921  0.000  0.269  0.000  0.090  0.058  0.153  0.000  0.051  0.173  0.793
   0.88519     -0.453907  0.000  0.274  0.000  0.092  0.056  0.151  0.000  0.050  0.168  0.791
   0.89971     -0.430365  0.000  0.279  0.000  0.094  0.054  0.149  0.000  0.049  0.162  0.788
   0.91422     -0.408473  0.000  0.283  0.000  0.095  0.053  0.146  0.000  0.048  0.156  0.784
   0.92873     -0.388438  0.000  0.290  0.000  0.097  0.050  0.144  0.000  0.048  0.151  0.780
   0.94324     -0.370454  0.000  0.295  0.000  0.099  0.048  0.143  0.000  0.047  0.145  0.777
   0.95775     -0.354720  0.000  0.300  0.000  0.101  0.046  0.141  0.000  0.047  0.139  0.774
   0.97226     -0.341437  0.000  0.305  0.000  0.103  0.045  0.139  0.000  0.046  0.134  0.771
   0.98677     -0.330807  0.000  0.308  0.000  0.104  0.042  0.139  0.000  0.045  0.128  0.766
   1.00128     -0.323024  0.000  0.311  0.000  0.108  0.040  0.138  0.000  0.043  0.122  0.763
   1.01580     -0.322136  0.034  0.006  0.308  0.113  0.042  0.062  0.090  0.083  0.022  0.757
   1.03031     -0.363501  0.038  0.024  0.314  0.084  0.044  0.037  0.101  0.102  0.015  0.756
   1.04482     -0.407138  0.039  0.024  0.309  0.081  0.043  0.035  0.110  0.099  0.015  0.756
   1.05933     -0.452501  0.040  0.024  0.304  0.081  0.042  0.033  0.119  0.096  0.014  0.756
   1.07384     -0.499140  0.041  0.025  0.299  0.079  0.041  0.032  0.131  0.094  0.014  0.756
   1.08835     -0.546541  0.045  0.026  0.292  0.078  0.041  0.031  0.143  0.091  0.013  0.759
   1.10286     -0.594190  0.046  0.026  0.286  0.077  0.040  0.030  0.156  0.089  0.013  0.761
   1.11738     -0.641531  0.046  0.024  0.279  0.075  0.040  0.029  0.171  0.087  0.014  0.764
   1.13189     -0.687989  0.047  0.024  0.272  0.070  0.041  0.029  0.188  0.086  0.014  0.768
 
# Band-Index:   16
   1.13189     -0.392503  0.000  0.328  0.000  0.110  0.027  0.152  0.000  0.051  0.080  0.746
   1.11738     -0.372708  0.000  0.328  0.000  0.110  0.028  0.148  0.000  0.050  0.084  0.746
   1.10286     -0.355662  0.000  0.329  0.000  0.109  0.029  0.144  0.000  0.049  0.087  0.748
   1.08835     -0.341546  0.000  0.329  0.000  0.109  0.030  0.141  0.000  0.047  0.091  0.749
   1.07384     -0.330492  0.000  0.328  0.000  0.109  0.032  0.139  0.000  0.047  0.096  0.751
   1.05933     -0.322594  0.000  0.328  0.000  0.108  0.034  0.137  0.000  0.047  0.100  0.752
   1.04482     -0.317911  0.000  0.326  0.000  0.106  0.035  0.136  0.000  0.046  0.105  0.755
   1.03031     -0.316447  0.000  0.324  0.000  0.104  0.037  0.134  0.000  0.047  0.110  0.758
   1.01580     -0.318045  0.000  0.338  0.011  0.075  0.042  0.110  0.003  0.070  0.109  0.760
   1.00128     -0.283045  0.033  0.031  0.320  0.078  0.048  0.035  0.086  0.114  0.016  0.758
   0.98677     -0.247008  0.032  0.028  0.320  0.079  0.050  0.038  0.079  0.118  0.017  0.760
   0.97226     -0.214185  0.031  0.027  0.322  0.078  0.052  0.040  0.072  0.123  0.017  0.762
   0.95775     -0.184842  0.030  0.027  0.321  0.077  0.055  0.042  0.067  0.128  0.018  0.765
   0.94324     -0.159166  0.029  0.027  0.320  0.077  0.057  0.044  0.061  0.134  0.020  0.770
   0.92873     -0.137309  0.028  0.027  0.318  0.076  0.061  0.046  0.057  0.141  0.020  0.771
   0.91422     -0.119368  0.027  0.025  0.316  0.075  0.063  0.049  0.052  0.147  0.021  0.774
   0.89971     -0.105387  0.029  0.024  0.312  0.072  0.066  0.051  0.048  0.154  0.022  0.777
   0.88519     -0.095315  0.028  0.024  0.310  0.072  0.069  0.053  0.044  0.159  0.023  0.781
   0.87068     -0.089100  0.028  0.023  0.305  0.069  0.072  0.055  0.040  0.165  0.025  0.783
   0.85617     -0.086643  0.027  0.023  0.301  0.068  0.075  0.057  0.038  0.172  0.025  0.786
   0.84166     -0.087809  0.029  0.023  0.296  0.066  0.078  0.059  0.035  0.177  0.026  0.790
   0.82715     -0.092442  0.029  0.021  0.294  0.065  0.082  0.061  0.033  0.181  0.027  0.792
   0.81264     -0.100372  0.029  0.021  0.289  0.063  0.084  0.062  0.031  0.186  0.029  0.794
   0.79813     -0.111412  0.031  0.021  0.285  0.061  0.087  0.063  0.029  0.190  0.029  0.795
   0.78361     -0.125368  0.032  0.021  0.282  0.061  0.089  0.065  0.027  0.193  0.030  0.798
   0.76910     -0.142040  0.031  0.019  0.278  0.058  0.092  0.065  0.026  0.197  0.031  0.798
   0.75459     -0.161218  0.034  0.019  0.275  0.056  0.095  0.067  0.024  0.199  0.031  0.800
   0.74008     -0.182706  0.035  0.019  0.270  0.055  0.097  0.067  0.024  0.202  0.032  0.802
   0.72557     -0.206284  0.036  0.017  0.268  0.053  0.100  0.068  0.023  0.205  0.033  0.802
   0.71106     -0.231743  0.036  0.017  0.265  0.051  0.102  0.069  0.023  0.206  0.034  0.802
   0.69655     -0.258876  0.039  0.017  0.262  0.049  0.104  0.070  0.022  0.208  0.035  0.805
   0.68203     -0.287466  0.040  0.015  0.258  0.047  0.107  0.070  0.023  0.210  0.035  0.805
   0.66752     -0.317313  0.041  0.015  0.255  0.045  0.109  0.070  0.022  0.212  0.036  0.806
   0.65301     -0.348211  0.042  0.015  0.253  0.043  0.111  0.071  0.023  0.213  0.037  0.807
   0.63850     -0.379963  0.043  0.013  0.250  0.041  0.112  0.071  0.024  0.214  0.037  0.809
   0.62399     -0.412376  0.044  0.013  0.247  0.038  0.115  0.072  0.026  0.217  0.038  0.809
   0.60948     -0.445267  0.045  0.011  0.245  0.036  0.117  0.073  0.028  0.218  0.039  0.813
   0.59497     -0.478455  0.048  0.011  0.242  0.034  0.119  0.074  0.030  0.219  0.040  0.813
   0.58046     -0.511772  0.049  0.011  0.239  0.031  0.121  0.074  0.032  0.220  0.041  0.816
   0.56594     -0.545052  0.050  0.009  0.235  0.029  0.123  0.074  0.035  0.223  0.041  0.819
   0.56594     -0.545052  0.050  0.009  0.235  0.029  0.123  0.074  0.035  0.223  0.041  0.819
   0.55143     -0.578145  0.051  0.009  0.232  0.026  0.125  0.075  0.038  0.224  0.041  0.821
   0.53692     -0.610901  0.051  0.007  0.229  0.024  0.126  0.075  0.042  0.224  0.042  0.823
   0.52241     -0.643183  0.051  0.007  0.227  0.022  0.128  0.076  0.047  0.225  0.042  0.826
   0.50790     -0.674862  0.052  0.007  0.224  0.020  0.129  0.075  0.052  0.227  0.043  0.828
   0.49339     -0.705817  0.053  0.005  0.222  0.018  0.129  0.076  0.058  0.227  0.043  0.831
   0.47888     -0.735924  0.053  0.005  0.219  0.016  0.130  0.076  0.066  0.227  0.044  0.835
   0.46436     -0.765090  0.053  0.005  0.217  0.014  0.131  0.076  0.073  0.227  0.044  0.837
   0.44985     -0.793187  0.054  0.003  0.214  0.011  0.131  0.076  0.082  0.226  0.044  0.841
   0.43534     -0.820132  0.053  0.003  0.212  0.009  0.130  0.076  0.093  0.225  0.044  0.843
   0.42083     -0.845828  0.053  0.003  0.209  0.007  0.130  0.075  0.104  0.224  0.043  0.846
   0.40632     -0.870182  0.053  0.003  0.207  0.007  0.128  0.074  0.116  0.220  0.043  0.850
   0.39181     -0.893106  0.053  0.001  0.204  0.005  0.127  0.073  0.130  0.218  0.042  0.853
   0.37730     -0.914523  0.051  0.001  0.202  0.005  0.125  0.072  0.144  0.214  0.042  0.855
   0.36278     -0.934352  0.051  0.001  0.201  0.003  0.123  0.070  0.160  0.209  0.041  0.856
   0.34827     -0.952518  0.050  0.001  0.198  0.003  0.120  0.068  0.176  0.204  0.040  0.860
   0.33376     -0.968943  0.048  0.002  0.196  0.003  0.117  0.066  0.193  0.197  0.038  0.860
   0.31925     -0.983566  0.048  0.001  0.194  0.003  0.113  0.064  0.211  0.191  0.037  0.861
   0.30474     -0.996324  0.047  0.001  0.191  0.003  0.110  0.061  0.228  0.183  0.037  0.862
   0.29023     -1.007162  0.047  0.001  0.189  0.006  0.106  0.059  0.247  0.174  0.035  0.864
   0.27572     -1.016028  0.044  0.003  0.188  0.005  0.103  0.058  0.264  0.165  0.032  0.863
   0.26120     -1.006630  0.000  0.266  0.000  0.087  0.024  0.254  0.000  0.080  0.061  0.772
   0.24669     -0.967322  0.000  0.270  0.000  0.090  0.021  0.246  0.000  0.080  0.062  0.770
   0.23218     -0.928055  0.000  0.275  0.000  0.092  0.021  0.239  0.000  0.079  0.063  0.766
   0.21767     -0.888909  0.000  0.279  0.000  0.091  0.021  0.233  0.000  0.077  0.063  0.766
   0.20316     -0.849967  0.000  0.282  0.000  0.093  0.022  0.227  0.000  0.076  0.063  0.763
   0.18865     -0.811306  0.000  0.286  0.000  0.096  0.022  0.221  0.000  0.073  0.063  0.761
   0.17414     -0.773031  0.000  0.290  0.000  0.096  0.021  0.215  0.000  0.072  0.064  0.760
   0.15963     -0.735235  0.000  0.294  0.000  0.098  0.021  0.210  0.000  0.070  0.063  0.757
   0.14511     -0.698041  0.000  0.298  0.000  0.100  0.022  0.204  0.000  0.068  0.063  0.756
   0.13060     -0.661568  0.000  0.303  0.000  0.100  0.022  0.199  0.000  0.067  0.065  0.753
   0.11609     -0.625955  0.000  0.306  0.000  0.102  0.021  0.193  0.000  0.064  0.065  0.753
   0.10158     -0.591351  0.000  0.310  0.000  0.102  0.022  0.188  0.000  0.063  0.066  0.751
   0.08707     -0.557921  0.000  0.313  0.000  0.104  0.023  0.181  0.000  0.060  0.068  0.749
   0.07256     -0.525835  0.000  0.316  0.000  0.106  0.023  0.176  0.000  0.059  0.069  0.749
   0.05805     -0.495285  0.000  0.320  0.000  0.106  0.023  0.171  0.000  0.057  0.071  0.748
   0.04353     -0.466463  0.000  0.321  0.000  0.107  0.024  0.166  0.000  0.055  0.073  0.747
   0.02902     -0.439590  0.000  0.324  0.000  0.108  0.025  0.161  0.000  0.054  0.075  0.747
   0.01451     -0.414865  0.000  0.327  0.000  0.108  0.026  0.157  0.000  0.053  0.077  0.746
   0.00000     -0.392503  0.000  0.328  0.000  0.110  0.027  0.152  0.000  0.051  0.080  0.746
 
# Band-Index:   17
   0.00000      1.194875  0.080  0.005  0.064  0.017  0.169  0.123  0.018  0.367  0.057  0.901
   0.01451      1.224608  0.079  0.005  0.068  0.018  0.168  0.122  0.017  0.363  0.056  0.899
   0.02902      1.256160  0.075  0.007  0.075  0.020  0.166  0.121  0.018  0.359  0.056  0.897
   0.04353      1.289315  0.074  0.007  0.079  0.022  0.164  0.120  0.018  0.354  0.056  0.895
   0.05805      1.323835  0.072  0.007  0.086  0.022  0.163  0.120  0.018  0.348  0.056  0.893
   0.07256      1.359459  0.068  0.007  0.093  0.024  0.160  0.121  0.018  0.341  0.057  0.893
   0.08707      1.395890  0.064  0.007  0.099  0.026  0.156  0.129  0.018  0.327  0.061  0.890
   0.10158      1.429189  0.000  0.162  0.000  0.058  0.034  0.364  0.000  0.088  0.147  0.854
   0.11609      1.457168  0.000  0.169  0.000  0.058  0.041  0.344  0.000  0.104  0.138  0.853
   0.13060      1.486147  0.000  0.173  0.000  0.057  0.042  0.339  0.000  0.106  0.136  0.853
   0.14511      1.515956  0.000  0.176  0.000  0.060  0.042  0.335  0.000  0.107  0.134  0.853
   0.15963      1.546394  0.000  0.180  0.000  0.060  0.042  0.332  0.000  0.106  0.132  0.851
   0.17414      1.577294  0.000  0.183  0.000  0.061  0.041  0.329  0.000  0.106  0.131  0.851
   0.18865      1.608495  0.000  0.186  0.000  0.063  0.041  0.327  0.000  0.105  0.130  0.852
   0.20316      1.639831  0.000  0.189  0.000  0.065  0.040  0.326  0.000  0.105  0.128  0.852
   0.21767      1.671148  0.000  0.192  0.000  0.064  0.040  0.324  0.000  0.103  0.127  0.851
   0.23218      1.702280  0.000  0.195  0.000  0.066  0.039  0.323  0.000  0.102  0.126  0.851
   0.24669      1.733093  0.000  0.198  0.000  0.068  0.037  0.323  0.000  0.099  0.126  0.851
   0.26120      1.763424  0.000  0.199  0.000  0.070  0.030  0.334  0.000  0.086  0.131  0.850
   0.27572      1.784908  0.020  0.008  0.181  0.031  0.179  0.111  0.014  0.270  0.071  0.886
   0.29023      1.796584  0.019  0.008  0.185  0.029  0.188  0.099  0.014  0.277  0.066  0.887
   0.30474      1.804619  0.018  0.008  0.187  0.029  0.192  0.096  0.014  0.276  0.066  0.886
   0.31925      1.809054  0.018  0.008  0.186  0.027  0.195  0.093  0.013  0.274  0.066  0.885
   0.33376      1.809988  0.019  0.008  0.188  0.027  0.199  0.092  0.013  0.271  0.067  0.884
   0.34827      1.807574  0.018  0.008  0.187  0.025  0.202  0.091  0.012  0.269  0.069  0.882
   0.36278      1.802007  0.020  0.008  0.187  0.024  0.205  0.089  0.012  0.266  0.069  0.881
   0.37730      1.793526  0.022  0.008  0.186  0.024  0.207  0.088  0.012  0.264  0.070  0.880
   0.39181      1.782376  0.023  0.006  0.183  0.022  0.210  0.088  0.011  0.262  0.070  0.880
   0.40632      1.768827  0.026  0.007  0.183  0.023  0.212  0.087  0.012  0.260  0.071  0.877
   0.42083      1.753148  0.027  0.007  0.180  0.021  0.215  0.086  0.011  0.258  0.072  0.878
   0.43534      1.735602  0.030  0.007  0.177  0.019  0.216  0.086  0.011  0.257  0.072  0.875
   0.44985      1.716447  0.031  0.005  0.175  0.018  0.219  0.085  0.010  0.256  0.073  0.874
   0.46436      1.695919  0.034  0.005  0.172  0.018  0.220  0.085  0.011  0.255  0.074  0.873
   0.47888      1.674249  0.035  0.005  0.169  0.016  0.222  0.085  0.011  0.254  0.074  0.874
   0.49339      1.651643  0.037  0.005  0.167  0.017  0.223  0.084  0.010  0.254  0.074  0.873
   0.50790      1.628297  0.041  0.005  0.164  0.015  0.224  0.084  0.011  0.254  0.075  0.872
   0.52241      1.604375  0.042  0.003  0.162  0.013  0.226  0.084  0.011  0.254  0.076  0.873
   0.53692      1.580037  0.044  0.003  0.159  0.013  0.226  0.084  0.010  0.254  0.076  0.872
   0.55143      1.555417  0.045  0.003  0.159  0.011  0.228  0.084  0.011  0.254  0.076  0.873
   0.56594      1.530644  0.046  0.003  0.157  0.011  0.229  0.085  0.011  0.255  0.076  0.874
   0.56594      1.530644  0.046  0.003  0.157  0.011  0.229  0.085  0.011  0.255  0.076  0.874
   0.58046      1.505819  0.048  0.003  0.155  0.009  0.230  0.085  0.010  0.255  0.077  0.873
   0.59497      1.481040  0.051  0.004  0.153  0.010  0.230  0.085  0.011  0.256  0.077  0.873
   0.60948      1.456386  0.051  0.004  0.150  0.010  0.230  0.085  0.011  0.257  0.077  0.873
   0.62399      1.431929  0.051  0.002  0.148  0.007  0.231  0.086  0.011  0.259  0.077  0.874
   0.63850      1.407718  0.052  0.001  0.148  0.006  0.230  0.086  0.011  0.260  0.077  0.875
   0.65301      1.383813  0.053  0.001  0.145  0.006  0.231  0.087  0.011  0.262  0.077  0.876
   0.66752      1.360241  0.055  0.001  0.144  0.004  0.231  0.088  0.012  0.264  0.077  0.875
   0.68203      1.337044  0.055  0.001  0.142  0.004  0.230  0.089  0.011  0.266  0.077  0.876
   0.69655      1.314238  0.055  0.001  0.140  0.004  0.230  0.090  0.012  0.269  0.076  0.878
   0.71106      1.291845  0.055  0.001  0.137  0.004  0.229  0.091  0.012  0.271  0.076  0.879
   0.72557      1.269880  0.057  0.001  0.136  0.004  0.229  0.091  0.013  0.274  0.077  0.880
   0.74008      1.248364  0.057  0.001  0.134  0.003  0.228  0.093  0.013  0.277  0.076  0.881
   0.75459      1.227312  0.059  0.001  0.132  0.003  0.227  0.094  0.013  0.280  0.076  0.882
   0.76910      1.206752  0.058  0.001  0.128  0.003  0.226  0.095  0.013  0.284  0.076  0.883
   0.78361      1.186722  0.059  0.001  0.125  0.003  0.224  0.096  0.013  0.288  0.075  0.885
   0.79813      1.167278  0.060  0.001  0.120  0.002  0.223  0.098  0.014  0.293  0.075  0.887
   0.81264      1.148493  0.062  0.001  0.116  0.002  0.222  0.100  0.014  0.298  0.074  0.888
   0.82715      1.130462  0.062  0.001  0.112  0.002  0.220  0.101  0.014  0.304  0.073  0.891
   0.84166      1.113308  0.064  0.001  0.106  0.002  0.218  0.104  0.014  0.310  0.073  0.893
   0.85617      1.097174  0.066  0.000  0.100  0.003  0.218  0.106  0.014  0.316  0.073  0.895
   0.87068      1.082236  0.066  0.000  0.094  0.003  0.216  0.107  0.014  0.322  0.072  0.899
   0.88519      1.068684  0.069  0.000  0.088  0.003  0.214  0.109  0.014  0.329  0.071  0.899
   0.89971      1.056729  0.071  0.000  0.082  0.004  0.212  0.112  0.014  0.336  0.071  0.902
   0.91422      1.046587  0.071  0.000  0.076  0.003  0.210  0.114  0.015  0.343  0.070  0.905
   0.92873      1.038460  0.074  0.000  0.069  0.003  0.208  0.116  0.015  0.349  0.069  0.907
   0.94324      1.032550  0.077  0.000  0.063  0.003  0.206  0.119  0.014  0.355  0.069  0.909
   0.95775      1.029031  0.077  0.000  0.059  0.003  0.203  0.120  0.015  0.361  0.068  0.910
   0.97226      1.028052  0.080  0.002  0.055  0.005  0.200  0.122  0.014  0.366  0.067  0.911
   0.98677      1.029726  0.081  0.002  0.050  0.005  0.198  0.124  0.015  0.371  0.066  0.912
   1.00128      1.034130  0.081  0.002  0.049  0.005  0.195  0.125  0.014  0.374  0.065  0.911
   1.01580      1.041315  0.084  0.002  0.047  0.007  0.192  0.126  0.015  0.376  0.065  0.912
   1.03031      1.051290  0.084  0.002  0.045  0.008  0.189  0.126  0.015  0.378  0.063  0.911
   1.04482      1.064044  0.084  0.002  0.046  0.008  0.186  0.127  0.015  0.379  0.062  0.910
   1.05933      1.079530  0.084  0.002  0.047  0.010  0.183  0.127  0.016  0.378  0.061  0.910
   1.07384      1.097683  0.084  0.002  0.047  0.010  0.180  0.126  0.016  0.377  0.060  0.907
   1.08835      1.118420  0.084  0.005  0.050  0.013  0.177  0.126  0.016  0.375  0.060  0.906
   1.10286      1.141619  0.083  0.005  0.054  0.015  0.175  0.125  0.016  0.374  0.059  0.905
   1.11738      1.167158  0.081  0.005  0.059  0.015  0.172  0.124  0.017  0.371  0.058  0.902
   1.13189      1.194875  0.080  0.005  0.064  0.017  0.169  0.123  0.018  0.367  0.057  0.901
 
# Band-Index:   18
   1.13189      1.279288  0.000  0.148  0.000  0.048  0.046  0.357  0.000  0.120  0.136  0.856
   1.11738      1.267049  0.000  0.147  0.000  0.049  0.045  0.359  0.000  0.121  0.135  0.855
   1.10286      1.257730  0.000  0.145  0.000  0.049  0.045  0.360  0.000  0.121  0.134  0.854
   1.08835      1.251496  0.000  0.144  0.000  0.049  0.044  0.361  0.000  0.121  0.132  0.854
   1.07384      1.248471  0.000  0.144  0.000  0.049  0.043  0.362  0.000  0.121  0.131  0.852
   1.05933      1.248746  0.000  0.147  0.000  0.049  0.043  0.363  0.000  0.121  0.129  0.852
   1.04482      1.252357  0.000  0.148  0.000  0.049  0.042  0.362  0.000  0.121  0.126  0.850
   1.03031      1.259294  0.000  0.150  0.000  0.051  0.041  0.362  0.000  0.121  0.124  0.849
   1.01580      1.269493  0.000  0.153  0.000  0.051  0.041  0.360  0.000  0.121  0.121  0.848
   1.00128      1.282842  0.000  0.155  0.000  0.052  0.040  0.359  0.000  0.120  0.119  0.845
   0.98677      1.299190  0.000  0.159  0.000  0.052  0.038  0.356  0.000  0.119  0.117  0.844
   0.97226      1.318337  0.000  0.163  0.000  0.054  0.038  0.354  0.000  0.118  0.114  0.842
   0.95775      1.340068  0.000  0.168  0.000  0.056  0.037  0.351  0.000  0.117  0.111  0.840
   0.94324      1.364142  0.000  0.172  0.000  0.058  0.036  0.348  0.000  0.116  0.109  0.838
   0.92873      1.390306  0.000  0.177  0.000  0.059  0.035  0.345  0.000  0.115  0.106  0.836
   0.91422      1.418303  0.000  0.180  0.000  0.059  0.035  0.342  0.000  0.114  0.105  0.837
   0.89971      1.447862  0.000  0.185  0.000  0.061  0.034  0.339  0.000  0.113  0.103  0.834
   0.88519      1.478740  0.000  0.189  0.000  0.063  0.033  0.335  0.000  0.112  0.101  0.834
   0.87068      1.510680  0.000  0.194  0.000  0.065  0.033  0.332  0.000  0.111  0.099  0.834
   0.85617      1.543435  0.000  0.197  0.000  0.067  0.032  0.329  0.000  0.110  0.097  0.832
   0.84166      1.576768  0.000  0.201  0.000  0.068  0.032  0.327  0.000  0.109  0.096  0.832
   0.82715      1.610446  0.000  0.204  0.000  0.068  0.031  0.324  0.000  0.108  0.095  0.832
   0.81264      1.644260  0.000  0.207  0.000  0.069  0.031  0.322  0.000  0.107  0.094  0.833
   0.79813      1.677992  0.000  0.212  0.000  0.071  0.031  0.319  0.000  0.107  0.094  0.832
   0.78361      1.711437  0.000  0.215  0.000  0.073  0.031  0.318  0.000  0.106  0.093  0.833
   0.76910      1.744403  0.000  0.218  0.000  0.072  0.031  0.316  0.000  0.106  0.092  0.834
   0.75459      1.776691  0.000  0.221  0.000  0.074  0.031  0.314  0.000  0.105  0.092  0.834
   0.74008      1.808125  0.000  0.221  0.000  0.073  0.031  0.313  0.000  0.105  0.091  0.835
   0.72557      1.838517  0.000  0.224  0.000  0.074  0.031  0.312  0.000  0.104  0.091  0.836
   0.71106      1.867707  0.000  0.227  0.000  0.074  0.030  0.310  0.000  0.103  0.092  0.837
   0.69655      1.895531  0.000  0.228  0.000  0.076  0.030  0.309  0.000  0.104  0.091  0.838
   0.68203      1.921834  0.000  0.229  0.000  0.075  0.030  0.308  0.000  0.103  0.091  0.840
   0.66752      1.946465  0.000  0.233  0.000  0.077  0.031  0.307  0.000  0.103  0.092  0.840
   0.65301      1.969289  0.000  0.233  0.000  0.077  0.031  0.307  0.000  0.102  0.092  0.842
   0.63850      1.990177  0.000  0.234  0.000  0.077  0.031  0.306  0.000  0.102  0.093  0.843
   0.62399      2.009016  0.000  0.234  0.000  0.079  0.031  0.306  0.000  0.102  0.093  0.844
   0.60948      2.025701  0.000  0.235  0.000  0.078  0.031  0.305  0.000  0.102  0.093  0.846
   0.59497      2.040142  0.000  0.235  0.000  0.078  0.031  0.304  0.000  0.102  0.095  0.847
   0.58046      2.052259  0.000  0.237  0.000  0.078  0.032  0.305  0.000  0.102  0.095  0.848
   0.56594      2.061992  0.000  0.236  0.000  0.078  0.031  0.305  0.000  0.102  0.095  0.848
   0.56594      2.061992  0.000  0.236  0.000  0.078  0.031  0.305  0.000  0.102  0.095  0.848
   0.55143      2.069295  0.000  0.236  0.000  0.078  0.032  0.304  0.000  0.102  0.097  0.849
   0.53692      2.074139  0.000  0.236  0.000  0.078  0.032  0.304  0.000  0.102  0.097  0.850
   0.52241      2.076507  0.000  0.236  0.000  0.078  0.033  0.304  0.000  0.102  0.098  0.851
   0.50790      2.076406  0.000  0.234  0.000  0.078  0.033  0.305  0.000  0.102  0.100  0.851
   0.49339      2.073856  0.000  0.235  0.000  0.078  0.033  0.304  0.000  0.102  0.100  0.851
   0.47888      2.068894  0.000  0.234  0.000  0.078  0.034  0.304  0.000  0.102  0.101  0.851
   0.46436      2.061562  0.000  0.232  0.000  0.076  0.034  0.305  0.000  0.102  0.103  0.851
   0.44985      2.051926  0.000  0.230  0.000  0.076  0.035  0.304  0.000  0.103  0.103  0.852
   0.43534      2.040061  0.000  0.230  0.000  0.078  0.034  0.305  0.000  0.102  0.104  0.853
   0.42083      2.026057  0.000  0.228  0.000  0.076  0.035  0.305  0.000  0.102  0.106  0.852
   0.40632      2.010010  0.000  0.225  0.000  0.076  0.036  0.306  0.000  0.103  0.107  0.852
   0.39181      1.992031  0.000  0.223  0.000  0.074  0.036  0.306  0.000  0.103  0.108  0.851
   0.37730      1.972222  0.000  0.223  0.000  0.074  0.037  0.307  0.000  0.104  0.109  0.851
   0.36278      1.950712  0.000  0.220  0.000  0.073  0.038  0.307  0.000  0.103  0.111  0.851
   0.34827      1.927621  0.000  0.217  0.000  0.073  0.038  0.307  0.000  0.104  0.112  0.852
   0.33376      1.903087  0.000  0.216  0.000  0.071  0.038  0.308  0.000  0.105  0.113  0.851
   0.31925      1.877239  0.000  0.213  0.000  0.069  0.039  0.308  0.000  0.105  0.114  0.850
   0.30474      1.850212  0.000  0.210  0.000  0.070  0.040  0.309  0.000  0.107  0.115  0.851
   0.29023      1.822151  0.000  0.207  0.000  0.069  0.042  0.308  0.000  0.110  0.116  0.850
   0.27572      1.793195  0.000  0.207  0.000  0.067  0.048  0.298  0.000  0.120  0.111  0.851
   0.26120      1.769691  0.023  0.013  0.177  0.027  0.193  0.078  0.015  0.310  0.051  0.886
   0.24669      1.750926  0.025  0.010  0.173  0.030  0.184  0.092  0.015  0.301  0.057  0.887
   0.23218      1.728863  0.026  0.010  0.169  0.030  0.180  0.094  0.015  0.302  0.057  0.887
   0.21767      1.703735  0.030  0.010  0.163  0.030  0.177  0.096  0.017  0.305  0.056  0.886
   0.20316      1.675813  0.035  0.010  0.159  0.031  0.174  0.098  0.017  0.309  0.056  0.887
   0.18865      1.645437  0.039  0.011  0.152  0.031  0.171  0.100  0.017  0.313  0.055  0.888
   0.17414      1.612976  0.041  0.011  0.144  0.029  0.169  0.101  0.017  0.317  0.054  0.887
   0.15963      1.578812  0.046  0.011  0.137  0.030  0.168  0.102  0.017  0.322  0.054  0.887
   0.14511      1.543331  0.051  0.009  0.131  0.030  0.166  0.103  0.018  0.327  0.053  0.889
   0.13060      1.506921  0.055  0.009  0.122  0.028  0.166  0.104  0.018  0.333  0.052  0.888
   0.11609      1.469975  0.058  0.009  0.115  0.026  0.166  0.104  0.018  0.340  0.051  0.889
   0.10158      1.432864  0.062  0.012  0.106  0.025  0.174  0.087  0.018  0.363  0.043  0.889
   0.08707      1.402459  0.000  0.164  0.000  0.052  0.052  0.326  0.000  0.129  0.129  0.854
   0.07256      1.377111  0.000  0.161  0.000  0.052  0.048  0.339  0.000  0.120  0.135  0.855
   0.05805      1.353397  0.000  0.158  0.000  0.052  0.047  0.344  0.000  0.119  0.135  0.855
   0.04353      1.331533  0.000  0.153  0.000  0.051  0.046  0.348  0.000  0.119  0.136  0.855
   0.02902      1.311746  0.000  0.152  0.000  0.051  0.047  0.351  0.000  0.119  0.137  0.856
   0.01451      1.294254  0.000  0.151  0.000  0.049  0.046  0.354  0.000  0.119  0.137  0.855
   0.00000      1.279288  0.000  0.148  0.000  0.048  0.046  0.357  0.000  0.120  0.136  0.856
 
# Band-Index:   19
   0.00000      4.733113  0.293  0.026  0.042  0.077  0.034  0.001  0.004  0.004  0.011  0.491
   0.01451      4.690212  0.294  0.026  0.041  0.076  0.034  0.001  0.004  0.003  0.012  0.492
   0.02902      4.647688  0.299  0.025  0.039  0.075  0.035  0.001  0.003  0.003  0.012  0.492
   0.04353      4.605919  0.304  0.025  0.037  0.074  0.035  0.001  0.003  0.003  0.011  0.493
   0.05805      4.565231  0.305  0.026  0.036  0.073  0.035  0.001  0.003  0.003  0.012  0.492
   0.07256      4.525968  0.310  0.024  0.034  0.073  0.036  0.001  0.003  0.002  0.012  0.493
   0.08707      4.488463  0.311  0.024  0.031  0.072  0.035  0.000  0.002  0.002  0.012  0.493
   0.10158      4.453063  0.316  0.025  0.030  0.072  0.036  0.000  0.002  0.002  0.012  0.494
   0.11609      4.420124  0.320  0.023  0.028  0.071  0.035  0.000  0.002  0.001  0.011  0.492
   0.13060      4.390013  0.322  0.024  0.026  0.070  0.034  0.000  0.002  0.001  0.011  0.493
   0.14511      4.363106  0.326  0.023  0.024  0.069  0.033  0.000  0.002  0.001  0.011  0.491
   0.15963      4.339777  0.330  0.022  0.022  0.068  0.032  0.000  0.002  0.001  0.011  0.491
   0.17414      4.320406  0.332  0.022  0.022  0.068  0.031  0.000  0.002  0.001  0.011  0.490
   0.18865      4.305373  0.336  0.023  0.021  0.069  0.030  0.000  0.002  0.001  0.010  0.489
   0.20316      4.295033  0.339  0.023  0.019  0.069  0.027  0.000  0.002  0.001  0.009  0.488
   0.21767      4.289731  0.340  0.022  0.020  0.068  0.026  0.000  0.002  0.001  0.008  0.488
   0.23218      4.289761  0.343  0.022  0.019  0.067  0.024  0.001  0.002  0.002  0.008  0.489
   0.24669      4.295391  0.343  0.022  0.020  0.068  0.021  0.001  0.002  0.002  0.007  0.488
   0.26120      4.306821  0.345  0.023  0.021  0.067  0.019  0.001  0.002  0.003  0.006  0.488
   0.27572      4.324187  0.345  0.023  0.025  0.068  0.018  0.001  0.002  0.004  0.006  0.489
   0.29023      4.347555  0.344  0.021  0.027  0.067  0.016  0.002  0.002  0.005  0.005  0.489
   0.30474      4.376919  0.342  0.021  0.030  0.067  0.013  0.002  0.002  0.007  0.005  0.492
   0.31925      4.412199  0.340  0.022  0.034  0.067  0.011  0.003  0.003  0.008  0.004  0.492
   0.33376      4.453247  0.338  0.022  0.039  0.068  0.010  0.003  0.003  0.009  0.004  0.494
   0.34827      4.499854  0.335  0.022  0.045  0.066  0.009  0.004  0.003  0.011  0.003  0.496
   0.36278      4.551761  0.331  0.022  0.051  0.066  0.007  0.004  0.003  0.012  0.003  0.497
   0.37730      4.608660  0.327  0.022  0.059  0.066  0.005  0.004  0.004  0.013  0.001  0.500
   0.39181      4.670214  0.322  0.022  0.065  0.066  0.004  0.005  0.004  0.014  0.001  0.503
   0.40632      4.736051  0.316  0.022  0.072  0.065  0.004  0.005  0.004  0.015  0.001  0.505
   0.42083      4.805768  0.313  0.021  0.079  0.064  0.003  0.005  0.004  0.016  0.001  0.507
   0.43534      4.878920  0.307  0.021  0.088  0.062  0.002  0.006  0.005  0.017  0.000  0.509
   0.44985      4.954984  0.301  0.021  0.095  0.062  0.002  0.006  0.005  0.017  0.000  0.511
   0.46436      5.033290  0.294  0.022  0.105  0.062  0.000  0.006  0.006  0.017  0.000  0.509
   0.47888      5.112837  0.284  0.020  0.113  0.061  0.000  0.005  0.006  0.017  0.000  0.508
   0.49339      5.191569  0.268  0.020  0.122  0.061  0.000  0.004  0.009  0.014  0.000  0.498
   0.50790      5.262805  0.224  0.020  0.120  0.063  0.005  0.003  0.015  0.009  0.002  0.460
   0.52241      5.303350  0.152  0.021  0.080  0.063  0.024  0.002  0.031  0.006  0.008  0.390
   0.53692      5.310941  0.140  0.021  0.056  0.063  0.033  0.004  0.038  0.011  0.011  0.377
   0.55143      5.309222  0.141  0.021  0.050  0.063  0.034  0.004  0.040  0.013  0.011  0.378
   0.56594      5.304312  0.144  0.021  0.051  0.063  0.033  0.005  0.039  0.013  0.011  0.381
   0.56594      5.304312  0.144  0.021  0.051  0.063  0.033  0.005  0.039  0.013  0.011  0.381
   0.58046      5.296617  0.146  0.021  0.055  0.064  0.031  0.004  0.039  0.012  0.010  0.383
   0.59497      5.284419  0.154  0.021  0.065  0.065  0.025  0.004  0.036  0.011  0.008  0.389
   0.60948      5.263487  0.170  0.021  0.083  0.065  0.018  0.003  0.030  0.008  0.006  0.404
   0.62399      5.227639  0.200  0.022  0.100  0.065  0.008  0.002  0.023  0.006  0.002  0.430
   0.63850      5.175127  0.235  0.021  0.109  0.066  0.002  0.002  0.016  0.006  0.000  0.457
   0.65301      5.111688  0.258  0.021  0.108  0.064  0.000  0.003  0.011  0.007  0.000  0.474
   0.66752      5.043540  0.275  0.021  0.102  0.064  0.000  0.003  0.009  0.008  0.000  0.482
   0.68203      4.974341  0.287  0.021  0.096  0.066  0.001  0.002  0.007  0.008  0.000  0.486
   0.69655      4.906042  0.295  0.021  0.088  0.065  0.002  0.002  0.006  0.008  0.000  0.488
   0.71106      4.839782  0.301  0.021  0.080  0.065  0.003  0.003  0.005  0.009  0.001  0.491
   0.72557      4.776313  0.307  0.023  0.072  0.067  0.003  0.003  0.005  0.008  0.001  0.489
   0.74008      4.716170  0.312  0.023  0.067  0.067  0.005  0.002  0.004  0.007  0.002  0.489
   0.75459      4.659777  0.318  0.023  0.060  0.067  0.006  0.002  0.004  0.007  0.002  0.487
   0.76910      4.607481  0.322  0.023  0.053  0.066  0.008  0.002  0.003  0.007  0.003  0.487
   0.78361      4.559581  0.325  0.023  0.049  0.068  0.008  0.002  0.003  0.006  0.003  0.485
   0.79813      4.516327  0.329  0.023  0.042  0.068  0.009  0.002  0.003  0.006  0.003  0.486
   0.81264      4.477932  0.332  0.023  0.038  0.068  0.010  0.002  0.002  0.005  0.003  0.484
   0.82715      4.444567  0.333  0.022  0.033  0.067  0.012  0.002  0.003  0.005  0.004  0.484
   0.84166      4.416365  0.336  0.022  0.029  0.068  0.013  0.001  0.003  0.004  0.004  0.482
   0.85617      4.393411  0.337  0.022  0.026  0.069  0.014  0.001  0.002  0.004  0.004  0.482
   0.87068      4.375752  0.338  0.024  0.025  0.070  0.016  0.001  0.002  0.003  0.006  0.481
   0.88519      4.363386  0.338  0.023  0.022  0.069  0.017  0.001  0.002  0.003  0.006  0.480
   0.89971      4.356272  0.339  0.023  0.019  0.070  0.018  0.001  0.002  0.002  0.006  0.481
   0.91422      4.354323  0.340  0.023  0.018  0.069  0.019  0.001  0.002  0.002  0.006  0.480
   0.92873      4.357403  0.338  0.022  0.020  0.070  0.020  0.001  0.001  0.002  0.007  0.481
   0.94324      4.365350  0.338  0.024  0.019  0.071  0.022  0.000  0.001  0.001  0.007  0.482
   0.95775      4.377958  0.335  0.024  0.019  0.071  0.022  0.000  0.001  0.001  0.007  0.481
   0.97226      4.394998  0.335  0.023  0.020  0.070  0.024  0.000  0.001  0.001  0.008  0.482
   0.98677      4.416204  0.332  0.023  0.022  0.071  0.025  0.000  0.001  0.001  0.008  0.482
   1.00128      4.441294  0.330  0.024  0.022  0.071  0.025  0.000  0.001  0.001  0.008  0.484
   1.01580      4.469978  0.327  0.024  0.024  0.072  0.026  0.000  0.001  0.000  0.008  0.484
   1.03031      4.501937  0.325  0.023  0.026  0.072  0.026  0.000  0.001  0.000  0.008  0.484
   1.04482      4.536847  0.322  0.025  0.026  0.073  0.027  0.000  0.001  0.000  0.009  0.486
   1.05933      4.574375  0.318  0.024  0.029  0.073  0.028  0.000  0.001  0.001  0.009  0.486
   1.07384      4.614178  0.317  0.025  0.032  0.075  0.028  0.000  0.002  0.001  0.009  0.485
   1.08835      4.655913  0.312  0.026  0.032  0.076  0.028  0.000  0.002  0.001  0.009  0.487
   1.10286      4.699202  0.311  0.026  0.035  0.077  0.029  0.000  0.002  0.001  0.010  0.487
   1.11738      4.743531  0.306  0.025  0.036  0.077  0.029  0.000  0.003  0.001  0.010  0.487
   1.13189      4.733113  0.293  0.026  0.042  0.077  0.034  0.001  0.004  0.004  0.011  0.491
 
# Band-Index:   20
   1.13189      4.789419  0.303  0.027  0.036  0.077  0.027  0.001  0.003  0.002  0.009  0.485
   1.11738      4.776733  0.290  0.025  0.042  0.078  0.032  0.002  0.004  0.005  0.010  0.487
   1.10286      4.819502  0.286  0.025  0.044  0.077  0.031  0.002  0.005  0.005  0.010  0.487
   1.08835      4.861992  0.282  0.027  0.045  0.078  0.030  0.002  0.005  0.006  0.010  0.485
   1.07384      4.903746  0.280  0.027  0.046  0.079  0.029  0.002  0.006  0.006  0.009  0.483
   1.05933      4.944464  0.275  0.026  0.047  0.080  0.028  0.003  0.006  0.007  0.010  0.481
   1.04482      4.983864  0.272  0.026  0.046  0.080  0.027  0.003  0.006  0.007  0.009  0.479
   1.03031      5.021689  0.267  0.028  0.048  0.081  0.026  0.003  0.007  0.008  0.009  0.474
   1.01580      5.057696  0.264  0.027  0.046  0.081  0.025  0.003  0.008  0.009  0.008  0.471
   1.00128      5.091669  0.259  0.027  0.048  0.082  0.025  0.003  0.009  0.010  0.009  0.467
   0.98677      5.123430  0.255  0.027  0.047  0.081  0.023  0.003  0.010  0.010  0.008  0.465
   0.97226      5.152824  0.249  0.027  0.046  0.080  0.023  0.004  0.011  0.011  0.008  0.461
   0.95775      5.179749  0.246  0.026  0.044  0.080  0.022  0.004  0.012  0.011  0.007  0.457
   0.94324      5.204148  0.240  0.027  0.046  0.080  0.023  0.004  0.014  0.013  0.007  0.453
   0.92873      5.226003  0.236  0.027  0.045  0.079  0.023  0.004  0.015  0.014  0.008  0.449
   0.91422      5.245346  0.230  0.027  0.043  0.079  0.023  0.004  0.017  0.014  0.008  0.445
   0.89971      5.262247  0.226  0.027  0.042  0.078  0.023  0.005  0.018  0.015  0.008  0.442
   0.88519      5.276821  0.220  0.026  0.040  0.076  0.024  0.005  0.020  0.015  0.008  0.439
   0.87068      5.289212  0.217  0.026  0.040  0.076  0.025  0.006  0.022  0.017  0.008  0.434
   0.85617      5.299589  0.213  0.026  0.038  0.076  0.026  0.006  0.023  0.017  0.009  0.433
   0.84166      5.308143  0.208  0.024  0.036  0.074  0.028  0.006  0.025  0.017  0.009  0.428
   0.82715      5.315075  0.205  0.024  0.036  0.073  0.029  0.006  0.026  0.018  0.009  0.425
   0.81264      5.320598  0.200  0.024  0.034  0.071  0.030  0.006  0.028  0.019  0.010  0.423
   0.79813      5.324924  0.197  0.024  0.033  0.071  0.031  0.007  0.029  0.020  0.010  0.420
   0.78361      5.328268  0.195  0.024  0.032  0.069  0.032  0.007  0.030  0.020  0.010  0.419
   0.76910      5.330840  0.191  0.024  0.030  0.068  0.034  0.007  0.031  0.020  0.011  0.416
   0.75459      5.332854  0.190  0.024  0.029  0.067  0.035  0.007  0.033  0.021  0.011  0.415
   0.74008      5.334526  0.189  0.022  0.029  0.065  0.036  0.007  0.034  0.021  0.012  0.415
   0.72557      5.336085  0.187  0.021  0.028  0.065  0.038  0.007  0.034  0.022  0.012  0.415
   0.71106      5.337793  0.187  0.021  0.027  0.065  0.039  0.007  0.035  0.023  0.013  0.415
   0.69655      5.339985  0.189  0.021  0.025  0.062  0.041  0.008  0.036  0.023  0.013  0.417
   0.68203      5.343115  0.191  0.021  0.023  0.061  0.042  0.008  0.035  0.023  0.014  0.421
   0.66752      5.347961  0.197  0.020  0.025  0.061  0.043  0.008  0.036  0.025  0.014  0.426
   0.65301      5.355975  0.208  0.020  0.025  0.058  0.043  0.009  0.034  0.025  0.014  0.438
   0.63850      5.370034  0.229  0.018  0.033  0.058  0.040  0.009  0.031  0.027  0.013  0.457
   0.62399      5.395105  0.260  0.018  0.049  0.056  0.034  0.009  0.025  0.026  0.011  0.489
   0.60948      5.434612  0.289  0.019  0.077  0.054  0.023  0.008  0.018  0.024  0.008  0.520
   0.59497      5.482138  0.307  0.017  0.106  0.053  0.013  0.007  0.015  0.021  0.004  0.545
   0.58046      5.521748  0.317  0.018  0.129  0.052  0.006  0.006  0.014  0.019  0.002  0.562
   0.56594      5.533133  0.321  0.017  0.140  0.051  0.001  0.007  0.014  0.020  0.000  0.573
   0.56594      5.533133  0.321  0.017  0.140  0.051  0.001  0.007  0.014  0.020  0.000  0.573
   0.55143      5.505472  0.319  0.017  0.138  0.053  0.000  0.007  0.012  0.022  0.000  0.572
   0.53692      5.450426  0.316  0.017  0.123  0.054  0.003  0.009  0.012  0.028  0.001  0.564
   0.52241      5.389467  0.301  0.018  0.089  0.055  0.014  0.011  0.018  0.034  0.005  0.547
   0.50790      5.355048  0.232  0.019  0.040  0.058  0.034  0.011  0.034  0.033  0.012  0.471
   0.49339      5.349161  0.192  0.020  0.030  0.061  0.039  0.010  0.039  0.028  0.013  0.429
   0.47888      5.350785  0.179  0.020  0.028  0.062  0.041  0.009  0.039  0.025  0.013  0.416
   0.46436      5.354463  0.175  0.020  0.028  0.062  0.040  0.008  0.040  0.024  0.014  0.411
   0.44985      5.358934  0.173  0.020  0.030  0.062  0.040  0.008  0.040  0.023  0.013  0.411
   0.43534      5.363736  0.172  0.022  0.030  0.065  0.040  0.008  0.039  0.023  0.013  0.409
   0.42083      5.368614  0.175  0.022  0.030  0.064  0.039  0.008  0.038  0.021  0.013  0.410
   0.40632      5.373397  0.176  0.023  0.031  0.065  0.038  0.007  0.038  0.021  0.013  0.411
   0.39181      5.377905  0.177  0.023  0.031  0.067  0.038  0.007  0.036  0.021  0.012  0.412
   0.37730      5.381967  0.181  0.023  0.033  0.067  0.037  0.007  0.036  0.021  0.012  0.413
   0.36278      5.385394  0.183  0.023  0.033  0.069  0.035  0.007  0.034  0.020  0.011  0.417
   0.34827      5.387987  0.186  0.023  0.035  0.069  0.034  0.007  0.034  0.020  0.011  0.418
   0.33376      5.389530  0.191  0.023  0.035  0.069  0.033  0.006  0.032  0.019  0.011  0.421
   0.31925      5.389790  0.194  0.025  0.037  0.072  0.032  0.006  0.030  0.018  0.010  0.423
   0.30474      5.388523  0.198  0.025  0.037  0.074  0.030  0.006  0.029  0.018  0.010  0.427
   0.29023      5.385478  0.203  0.025  0.038  0.074  0.030  0.006  0.028  0.018  0.010  0.430
   0.27572      5.380389  0.207  0.025  0.040  0.077  0.029  0.005  0.026  0.016  0.010  0.434
   0.26120      5.373006  0.214  0.024  0.041  0.076  0.028  0.005  0.024  0.015  0.009  0.438
   0.24669      5.363088  0.218  0.025  0.041  0.077  0.027  0.005  0.023  0.015  0.009  0.443
   0.23218      5.350418  0.225  0.027  0.042  0.079  0.026  0.005  0.020  0.013  0.009  0.447
   0.21767      5.334813  0.231  0.027  0.044  0.079  0.026  0.005  0.019  0.013  0.009  0.449
   0.20316      5.316134  0.237  0.027  0.045  0.079  0.025  0.004  0.017  0.012  0.008  0.454
   0.18865      5.294299  0.243  0.027  0.046  0.080  0.025  0.004  0.015  0.011  0.008  0.459
   0.17414      5.269285  0.248  0.028  0.045  0.080  0.025  0.003  0.013  0.009  0.008  0.462
   0.15963      5.241138  0.254  0.028  0.045  0.081  0.024  0.003  0.012  0.009  0.008  0.465
   0.14511      5.209961  0.260  0.028  0.047  0.082  0.025  0.002  0.011  0.008  0.009  0.468
   0.13060      5.175919  0.264  0.028  0.046  0.081  0.025  0.002  0.009  0.007  0.008  0.472
   0.11609      5.139249  0.270  0.026  0.046  0.080  0.025  0.002  0.008  0.006  0.008  0.475
   0.10158      5.100215  0.276  0.026  0.045  0.081  0.026  0.002  0.007  0.006  0.009  0.476
   0.08707      5.059127  0.279  0.027  0.046  0.080  0.026  0.001  0.006  0.004  0.009  0.479
   0.07256      5.016324  0.284  0.027  0.044  0.080  0.027  0.001  0.005  0.004  0.009  0.480
   0.05805      4.972157  0.289  0.027  0.043  0.079  0.027  0.001  0.004  0.003  0.009  0.482
   0.04353      4.927000  0.292  0.026  0.042  0.079  0.027  0.001  0.005  0.003  0.009  0.484
   0.02902      4.881225  0.296  0.026  0.041  0.078  0.027  0.001  0.004  0.002  0.009  0.484
   0.01451      4.835217  0.301  0.026  0.040  0.077  0.027  0.001  0.003  0.002  0.009  0.485
   0.00000      4.789419  0.303  0.027  0.037  0.077  0.027  0.001  0.003  0.002  0.009  0.485
