#K-Path          Energy     s    py    pz    px    dxy    dyz    dz2    dxz    dx2-y2    tot
# NKPTS & NBANDS:  80  20
# Band-Index:    1
   0.00000    -12.607500  0.640  0.004  0.011  0.014  0.005  0.004  0.000  0.012  0.002  0.693
   0.01451    -12.601951  0.642  0.005  0.011  0.015  0.005  0.003  0.000  0.010  0.001  0.690
   0.02902    -12.613572  0.643  0.004  0.011  0.015  0.004  0.003  0.000  0.008  0.002  0.689
   0.04353    -12.631557  0.643  0.005  0.010  0.016  0.003  0.002  0.000  0.008  0.001  0.687
   0.05805    -12.650994  0.643  0.005  0.010  0.016  0.003  0.002  0.000  0.007  0.001  0.686
   0.07256    -12.670780  0.642  0.005  0.010  0.016  0.003  0.002  0.000  0.006  0.001  0.685
   0.08707    -12.690575  0.641  0.005  0.009  0.016  0.002  0.002  0.000  0.006  0.001  0.683
   0.10158    -12.710226  0.640  0.005  0.009  0.017  0.002  0.002  0.000  0.006  0.001  0.682
   0.11609    -12.729647  0.640  0.005  0.009  0.017  0.002  0.001  0.000  0.005  0.001  0.681
   0.13060    -12.748783  0.640  0.005  0.008  0.017  0.002  0.001  0.000  0.005  0.001  0.680
   0.14511    -12.767588  0.639  0.005  0.008  0.017  0.002  0.001  0.000  0.005  0.001  0.679
   0.15963    -12.786029  0.638  0.005  0.007  0.017  0.002  0.001  0.000  0.005  0.001  0.678
   0.17414    -12.804074  0.639  0.005  0.007  0.018  0.002  0.001  0.000  0.004  0.001  0.677
   0.18865    -12.821693  0.638  0.005  0.006  0.018  0.002  0.001  0.000  0.004  0.001  0.675
   0.20316    -12.838859  0.637  0.005  0.006  0.018  0.002  0.001  0.000  0.003  0.001  0.676
   0.21767    -12.855551  0.638  0.005  0.004  0.018  0.002  0.001  0.000  0.003  0.001  0.674
   0.23218    -12.871749  0.636  0.005  0.004  0.018  0.002  0.001  0.000  0.003  0.001  0.673
   0.24669    -12.887423  0.637  0.005  0.004  0.018  0.002  0.001  0.000  0.003  0.001  0.672
   0.26120    -12.902558  0.635  0.005  0.003  0.018  0.002  0.001  0.000  0.003  0.001  0.672
   0.27572    -12.917134  0.636  0.005  0.003  0.019  0.002  0.001  0.000  0.003  0.001  0.671
   0.29023    -12.931134  0.634  0.005  0.003  0.019  0.001  0.001  0.000  0.002  0.000  0.670
   0.30474    -12.944541  0.636  0.005  0.003  0.019  0.001  0.001  0.000  0.002  0.000  0.669
   0.31925    -12.957338  0.634  0.007  0.002  0.021  0.001  0.001  0.000  0.002  0.000  0.670
   0.33376    -12.969512  0.634  0.007  0.002  0.021  0.001  0.001  0.000  0.002  0.000  0.668
   0.34827    -12.981047  0.634  0.007  0.001  0.021  0.001  0.001  0.000  0.002  0.000  0.668
   0.36278    -12.991931  0.633  0.007  0.001  0.021  0.001  0.001  0.000  0.002  0.000  0.666
   0.37730    -13.002151  0.633  0.008  0.001  0.022  0.001  0.001  0.000  0.002  0.000  0.666
   0.39181    -13.011698  0.632  0.008  0.001  0.022  0.001  0.001  0.000  0.002  0.000  0.667
   0.40632    -13.020560  0.632  0.008  0.001  0.022  0.001  0.000  0.000  0.001  0.000  0.666
   0.42083    -13.028728  0.633  0.008  0.001  0.022  0.001  0.000  0.000  0.001  0.000  0.665
   0.43534    -13.036192  0.634  0.008  0.001  0.022  0.001  0.000  0.000  0.001  0.000  0.665
   0.44985    -13.042946  0.632  0.008  0.001  0.022  0.001  0.000  0.000  0.001  0.000  0.665
   0.46436    -13.048981  0.632  0.008  0.001  0.022  0.001  0.000  0.000  0.001  0.000  0.666
   0.47888    -13.054292  0.632  0.008  0.000  0.023  0.001  0.000  0.000  0.001  0.000  0.664
   0.49339    -13.058874  0.633  0.008  0.000  0.023  0.001  0.000  0.000  0.001  0.000  0.664
   0.50790    -13.062721  0.633  0.008  0.000  0.023  0.002  0.000  0.000  0.001  0.000  0.664
   0.52241    -13.065831  0.632  0.008  0.000  0.022  0.002  0.000  0.000  0.002  0.000  0.664
   0.53692    -13.068199  0.632  0.008  0.000  0.022  0.002  0.000  0.000  0.002  0.000  0.665
   0.55143    -13.069825  0.632  0.008  0.000  0.022  0.002  0.000  0.000  0.002  0.000  0.665
   0.56594    -13.070707  0.631  0.008  0.000  0.022  0.002  0.000  0.000  0.002  0.000  0.665
   0.56594    -13.070707  0.631  0.008  0.000  0.022  0.002  0.000  0.000  0.002  0.000  0.665
   0.58046    -13.070845  0.631  0.008  0.000  0.022  0.001  0.000  0.000  0.001  0.000  0.665
   0.59497    -13.070238  0.631  0.008  0.000  0.022  0.001  0.000  0.000  0.001  0.000  0.665
   0.60948    -13.068888  0.633  0.008  0.000  0.022  0.001  0.000  0.000  0.001  0.000  0.665
   0.62399    -13.066797  0.633  0.008  0.000  0.023  0.001  0.000  0.000  0.001  0.000  0.665
   0.63850    -13.063966  0.633  0.008  0.000  0.022  0.001  0.001  0.000  0.002  0.000  0.666
   0.65301    -13.060398  0.632  0.008  0.000  0.022  0.001  0.001  0.000  0.002  0.000  0.665
   0.66752    -13.056100  0.632  0.008  0.000  0.022  0.001  0.001  0.000  0.002  0.000  0.665
   0.68203    -13.051073  0.632  0.008  0.001  0.022  0.001  0.001  0.000  0.002  0.000  0.665
   0.69655    -13.045325  0.631  0.008  0.001  0.022  0.001  0.001  0.000  0.002  0.000  0.667
   0.71106    -13.038863  0.632  0.008  0.001  0.022  0.002  0.001  0.000  0.002  0.001  0.667
   0.72557    -13.031694  0.632  0.008  0.001  0.022  0.002  0.001  0.000  0.003  0.001  0.667
   0.74008    -13.023825  0.632  0.007  0.001  0.021  0.002  0.001  0.000  0.003  0.001  0.667
   0.75459    -13.015266  0.632  0.007  0.001  0.021  0.002  0.001  0.000  0.003  0.001  0.668
   0.76910    -13.006028  0.633  0.007  0.001  0.021  0.002  0.001  0.000  0.003  0.001  0.669
   0.78361    -12.996119  0.633  0.005  0.001  0.019  0.002  0.001  0.000  0.003  0.001  0.669
   0.79813    -12.985552  0.633  0.005  0.001  0.019  0.002  0.001  0.000  0.004  0.001  0.669
   0.81264    -12.974338  0.633  0.005  0.003  0.019  0.002  0.001  0.000  0.004  0.001  0.671
   0.82715    -12.962491  0.633  0.005  0.003  0.018  0.002  0.001  0.000  0.004  0.001  0.671
   0.84166    -12.950024  0.634  0.005  0.003  0.018  0.003  0.001  0.000  0.004  0.001  0.672
   0.85617    -12.936953  0.634  0.005  0.003  0.018  0.003  0.002  0.000  0.005  0.001  0.672
   0.87068    -12.923294  0.633  0.005  0.003  0.018  0.003  0.002  0.000  0.005  0.001  0.673
   0.88519    -12.909063  0.635  0.005  0.003  0.018  0.003  0.002  0.000  0.005  0.001  0.674
   0.89971    -12.894277  0.634  0.005  0.003  0.017  0.003  0.002  0.000  0.005  0.001  0.674
   0.91422    -12.878952  0.635  0.005  0.004  0.018  0.003  0.002  0.000  0.006  0.001  0.675
   0.92873    -12.863114  0.635  0.005  0.004  0.018  0.003  0.002  0.000  0.006  0.001  0.676
   0.94324    -12.846783  0.636  0.005  0.005  0.018  0.003  0.002  0.000  0.006  0.001  0.677
   0.95775    -12.829977  0.637  0.005  0.007  0.018  0.003  0.002  0.000  0.007  0.001  0.679
   0.97226    -12.812719  0.636  0.004  0.007  0.017  0.004  0.002  0.000  0.007  0.001  0.679
   0.98677    -12.795036  0.637  0.005  0.007  0.017  0.004  0.002  0.000  0.007  0.001  0.681
   1.00128    -12.776956  0.637  0.005  0.007  0.017  0.004  0.002  0.000  0.007  0.001  0.680
   1.01580    -12.758505  0.637  0.005  0.008  0.017  0.004  0.003  0.000  0.008  0.001  0.682
   1.03031    -12.739718  0.639  0.005  0.009  0.016  0.004  0.003  0.000  0.008  0.001  0.684
   1.04482    -12.720630  0.638  0.005  0.009  0.016  0.004  0.003  0.000  0.009  0.001  0.684
   1.05933    -12.701292  0.638  0.005  0.009  0.016  0.005  0.003  0.000  0.010  0.001  0.686
   1.07384    -12.681768  0.639  0.005  0.009  0.015  0.005  0.003  0.000  0.010  0.002  0.688
   1.08835    -12.662156  0.640  0.005  0.010  0.015  0.005  0.003  0.000  0.010  0.002  0.689
   1.10286    -12.642663  0.640  0.004  0.010  0.014  0.005  0.003  0.000  0.010  0.002  0.689
   1.11738    -12.623801  0.641  0.004  0.010  0.015  0.005  0.004  0.000  0.011  0.002  0.692
   1.13189    -12.607500  0.640  0.004  0.011  0.014  0.005  0.004  0.000  0.012  0.002  0.693
 
# Band-Index:    2
   1.13189    -12.554620  0.647  0.004  0.011  0.014  0.003  0.002  0.000  0.007  0.001  0.691
   1.11738    -12.537770  0.647  0.004  0.012  0.015  0.003  0.002  0.000  0.008  0.001  0.691
   1.10286    -12.518134  0.648  0.004  0.012  0.014  0.003  0.002  0.000  0.008  0.001  0.692
   1.08835    -12.497641  0.649  0.004  0.012  0.014  0.003  0.003  0.000  0.009  0.001  0.693
   1.07384    -12.476817  0.648  0.003  0.013  0.013  0.004  0.003  0.000  0.009  0.001  0.695
   1.05933    -12.455867  0.649  0.003  0.013  0.013  0.004  0.003  0.000  0.009  0.001  0.697
   1.04482    -12.434907  0.649  0.003  0.013  0.011  0.004  0.003  0.000  0.010  0.001  0.698
   1.03031    -12.414008  0.651  0.003  0.013  0.010  0.005  0.003  0.000  0.010  0.001  0.700
   1.01580    -12.393231  0.652  0.003  0.014  0.010  0.005  0.003  0.000  0.011  0.001  0.701
   1.00128    -12.372626  0.652  0.003  0.014  0.010  0.005  0.003  0.000  0.011  0.001  0.701
   0.98677    -12.352240  0.653  0.003  0.014  0.010  0.005  0.004  0.000  0.012  0.001  0.703
   0.97226    -12.332117  0.654  0.003  0.015  0.010  0.006  0.004  0.000  0.012  0.002  0.705
   0.95775    -12.312299  0.655  0.003  0.015  0.009  0.006  0.005  0.000  0.013  0.002  0.706
   0.94324    -12.292826  0.656  0.003  0.016  0.008  0.006  0.005  0.000  0.013  0.002  0.707
   0.92873    -12.273741  0.655  0.003  0.016  0.008  0.006  0.005  0.000  0.014  0.002  0.708
   0.91422    -12.255081  0.657  0.003  0.016  0.008  0.006  0.005  0.000  0.014  0.002  0.709
   0.89971    -12.236889  0.657  0.002  0.016  0.007  0.007  0.005  0.000  0.014  0.002  0.711
   0.88519    -12.219200  0.659  0.002  0.016  0.007  0.007  0.005  0.000  0.015  0.002  0.714
   0.87068    -12.202051  0.659  0.002  0.017  0.007  0.007  0.005  0.000  0.015  0.002  0.714
   0.85617    -12.185482  0.659  0.002  0.015  0.007  0.007  0.005  0.000  0.015  0.002  0.715
   0.84166    -12.169528  0.659  0.002  0.015  0.006  0.007  0.006  0.000  0.017  0.002  0.717
   0.82715    -12.154223  0.661  0.002  0.016  0.006  0.007  0.006  0.000  0.017  0.002  0.717
   0.81264    -12.139600  0.660  0.002  0.016  0.006  0.008  0.006  0.000  0.017  0.002  0.719
   0.79813    -12.125692  0.661  0.002  0.016  0.006  0.008  0.006  0.000  0.018  0.002  0.719
   0.78361    -12.112530  0.663  0.002  0.016  0.005  0.008  0.006  0.000  0.018  0.002  0.720
   0.76910    -12.100142  0.662  0.002  0.016  0.005  0.008  0.006  0.000  0.018  0.002  0.723
   0.75459    -12.088558  0.664  0.002  0.017  0.005  0.008  0.006  0.000  0.019  0.002  0.723
   0.74008    -12.077803  0.662  0.001  0.017  0.004  0.009  0.006  0.000  0.019  0.003  0.724
   0.72557    -12.067902  0.664  0.001  0.017  0.004  0.009  0.006  0.000  0.019  0.003  0.724
   0.71106    -12.058876  0.664  0.001  0.017  0.004  0.009  0.007  0.000  0.020  0.003  0.725
   0.69655    -12.050743  0.664  0.001  0.017  0.004  0.009  0.007  0.000  0.020  0.003  0.727
   0.68203    -12.043526  0.665  0.001  0.017  0.003  0.009  0.007  0.000  0.020  0.003  0.727
   0.66752    -12.037240  0.664  0.001  0.017  0.004  0.010  0.007  0.000  0.021  0.003  0.726
   0.65301    -12.031897  0.664  0.001  0.017  0.004  0.010  0.007  0.000  0.021  0.003  0.727
   0.63850    -12.027511  0.666  0.001  0.017  0.004  0.010  0.007  0.000  0.020  0.003  0.729
   0.62399    -12.024088  0.666  0.001  0.017  0.003  0.010  0.007  0.000  0.021  0.003  0.729
   0.60948    -12.021638  0.665  0.001  0.017  0.003  0.010  0.007  0.000  0.021  0.003  0.730
   0.59497    -12.020165  0.665  0.001  0.018  0.003  0.010  0.007  0.000  0.021  0.003  0.729
   0.58046    -12.019670  0.666  0.001  0.018  0.003  0.011  0.007  0.000  0.021  0.003  0.729
   0.56594    -12.020154  0.666  0.002  0.018  0.004  0.011  0.008  0.000  0.022  0.003  0.730
   0.56594    -12.020154  0.666  0.002  0.018  0.004  0.011  0.008  0.000  0.022  0.003  0.730
   0.55143    -12.021615  0.665  0.001  0.018  0.003  0.011  0.008  0.000  0.022  0.003  0.730
   0.53692    -12.024048  0.664  0.001  0.018  0.003  0.011  0.008  0.000  0.022  0.003  0.730
   0.52241    -12.027446  0.663  0.001  0.017  0.003  0.011  0.008  0.000  0.022  0.003  0.729
   0.50790    -12.031799  0.664  0.001  0.017  0.003  0.010  0.007  0.000  0.021  0.003  0.729
   0.49339    -12.037099  0.664  0.001  0.017  0.004  0.010  0.007  0.000  0.022  0.003  0.729
   0.47888    -12.043328  0.662  0.001  0.017  0.004  0.010  0.007  0.000  0.022  0.003  0.730
   0.46436    -12.050474  0.663  0.001  0.017  0.003  0.010  0.007  0.000  0.022  0.003  0.727
   0.44985    -12.058518  0.663  0.001  0.017  0.003  0.010  0.007  0.000  0.022  0.003  0.727
   0.43534    -12.067441  0.662  0.001  0.017  0.004  0.010  0.007  0.000  0.022  0.003  0.725
   0.42083    -12.077223  0.662  0.001  0.017  0.004  0.010  0.007  0.000  0.021  0.003  0.726
   0.40632    -12.087839  0.660  0.001  0.017  0.004  0.010  0.007  0.000  0.021  0.003  0.725
   0.39181    -12.099263  0.661  0.001  0.016  0.004  0.010  0.007  0.000  0.021  0.003  0.724
   0.37730    -12.111473  0.659  0.001  0.016  0.004  0.010  0.007  0.000  0.021  0.003  0.722
   0.36278    -12.124440  0.659  0.002  0.016  0.005  0.009  0.007  0.000  0.021  0.003  0.723
   0.34827    -12.138134  0.659  0.002  0.016  0.005  0.009  0.007  0.000  0.021  0.003  0.722
   0.33376    -12.152525  0.658  0.002  0.016  0.005  0.009  0.007  0.000  0.020  0.003  0.722
   0.31925    -12.167581  0.656  0.002  0.016  0.005  0.009  0.007  0.000  0.020  0.003  0.720
   0.30474    -12.183271  0.657  0.002  0.016  0.006  0.009  0.007  0.000  0.019  0.003  0.719
   0.29023    -12.199559  0.657  0.002  0.015  0.006  0.009  0.007  0.000  0.019  0.003  0.719
   0.27572    -12.216414  0.655  0.002  0.016  0.006  0.009  0.007  0.000  0.019  0.003  0.717
   0.26120    -12.233800  0.654  0.002  0.016  0.006  0.009  0.006  0.000  0.018  0.003  0.715
   0.24669    -12.251681  0.655  0.002  0.016  0.006  0.009  0.006  0.000  0.018  0.003  0.713
   0.23218    -12.270019  0.654  0.002  0.016  0.007  0.009  0.006  0.000  0.018  0.003  0.713
   0.21767    -12.288778  0.653  0.002  0.015  0.008  0.008  0.005  0.000  0.017  0.002  0.712
   0.20316    -12.307921  0.652  0.002  0.015  0.008  0.008  0.005  0.000  0.017  0.002  0.711
   0.18865    -12.327408  0.651  0.002  0.015  0.008  0.007  0.005  0.000  0.017  0.002  0.709
   0.17414    -12.347202  0.649  0.002  0.015  0.008  0.007  0.005  0.000  0.016  0.002  0.708
   0.15963    -12.367261  0.651  0.002  0.015  0.008  0.007  0.005  0.000  0.015  0.002  0.707
   0.14511    -12.387545  0.650  0.002  0.014  0.008  0.007  0.005  0.000  0.015  0.002  0.705
   0.13060    -12.408010  0.649  0.004  0.014  0.010  0.007  0.005  0.000  0.015  0.002  0.703
   0.11609    -12.428611  0.647  0.004  0.013  0.010  0.007  0.005  0.000  0.014  0.002  0.702
   0.10158    -12.449293  0.647  0.004  0.013  0.010  0.007  0.005  0.000  0.014  0.002  0.701
   0.08707    -12.469993  0.646  0.004  0.012  0.010  0.006  0.004  0.000  0.014  0.002  0.700
   0.07256    -12.490617  0.646  0.004  0.012  0.011  0.006  0.004  0.000  0.013  0.002  0.698
   0.05805    -12.511011  0.645  0.003  0.012  0.010  0.006  0.004  0.000  0.012  0.002  0.697
   0.04353    -12.530824  0.646  0.003  0.012  0.013  0.005  0.004  0.000  0.011  0.001  0.696
   0.02902    -12.548955  0.645  0.004  0.011  0.013  0.005  0.003  0.000  0.011  0.001  0.693
   0.01451    -12.560487  0.645  0.004  0.011  0.014  0.004  0.003  0.000  0.008  0.002  0.690
   0.00000    -12.554620  0.647  0.004  0.011  0.014  0.003  0.002  0.000  0.007  0.001  0.691
 
# Band-Index:    3
   0.00000     -5.639610  0.096  0.045  0.091  0.138  0.120  0.027  0.000  0.082  0.040  0.645
   0.01451     -5.643123  0.097  0.048  0.091  0.141  0.119  0.026  0.000  0.078  0.040  0.640
   0.02902     -5.645947  0.097  0.048  0.091  0.144  0.117  0.024  0.001  0.074  0.039  0.637
   0.04353     -5.648057  0.098  0.048  0.093  0.145  0.116  0.023  0.001  0.070  0.038  0.633
   0.05805     -5.649436  0.098  0.049  0.093  0.148  0.114  0.022  0.002  0.066  0.038  0.630
   0.07256     -5.650064  0.099  0.049  0.093  0.149  0.112  0.020  0.003  0.062  0.037  0.627
   0.08707     -5.649928  0.100  0.049  0.093  0.150  0.111  0.019  0.004  0.058  0.037  0.621
   0.10158     -5.649007  0.100  0.051  0.093  0.152  0.108  0.018  0.005  0.054  0.036  0.618
   0.11609     -5.647297  0.101  0.052  0.095  0.153  0.106  0.016  0.006  0.050  0.036  0.615
   0.13060     -5.644785  0.101  0.052  0.095  0.156  0.105  0.015  0.007  0.046  0.035  0.612
   0.14511     -5.641462  0.102  0.052  0.095  0.157  0.102  0.014  0.010  0.042  0.034  0.607
   0.15963     -5.637334  0.102  0.052  0.095  0.158  0.100  0.013  0.012  0.038  0.033  0.604
   0.17414     -5.632401  0.104  0.053  0.095  0.160  0.097  0.011  0.013  0.034  0.032  0.603
   0.18865     -5.626668  0.105  0.053  0.095  0.161  0.096  0.010  0.015  0.031  0.032  0.599
   0.20316     -5.620152  0.105  0.055  0.095  0.163  0.093  0.009  0.017  0.029  0.031  0.597
   0.21767     -5.612872  0.108  0.055  0.094  0.164  0.090  0.008  0.020  0.025  0.030  0.593
   0.23218     -5.604858  0.108  0.056  0.094  0.166  0.087  0.007  0.022  0.022  0.029  0.591
   0.24669     -5.596144  0.110  0.056  0.094  0.167  0.084  0.006  0.025  0.020  0.028  0.589
   0.26120     -5.586772  0.111  0.056  0.092  0.168  0.081  0.006  0.027  0.018  0.027  0.588
   0.27572     -5.576805  0.111  0.056  0.091  0.170  0.078  0.006  0.030  0.016  0.026  0.585
   0.29023     -5.566307  0.113  0.056  0.089  0.171  0.075  0.005  0.034  0.014  0.025  0.584
   0.30474     -5.555359  0.115  0.058  0.087  0.172  0.072  0.004  0.038  0.014  0.023  0.585
   0.31925     -5.544046  0.116  0.058  0.084  0.175  0.068  0.004  0.041  0.013  0.022  0.583
   0.33376     -5.532474  0.118  0.058  0.082  0.175  0.065  0.004  0.045  0.013  0.021  0.584
   0.34827     -5.520761  0.120  0.058  0.080  0.176  0.061  0.004  0.049  0.013  0.020  0.584
   0.36278     -5.509037  0.122  0.060  0.075  0.178  0.058  0.005  0.053  0.015  0.019  0.584
   0.37730     -5.497443  0.124  0.060  0.071  0.180  0.054  0.006  0.056  0.016  0.018  0.586
   0.39181     -5.486132  0.127  0.060  0.066  0.180  0.051  0.007  0.060  0.019  0.017  0.589
   0.40632     -5.475260  0.128  0.060  0.062  0.181  0.047  0.007  0.064  0.023  0.015  0.591
   0.42083     -5.464982  0.131  0.061  0.057  0.182  0.044  0.009  0.068  0.027  0.014  0.595
   0.43534     -5.455454  0.132  0.061  0.051  0.183  0.041  0.011  0.071  0.032  0.013  0.598
   0.44985     -5.446815  0.136  0.061  0.046  0.185  0.037  0.013  0.074  0.037  0.012  0.603
   0.46436     -5.439195  0.137  0.062  0.040  0.185  0.034  0.015  0.078  0.044  0.011  0.606
   0.47888     -5.432697  0.138  0.062  0.033  0.186  0.031  0.017  0.080  0.050  0.010  0.611
   0.49339     -5.427401  0.142  0.062  0.029  0.188  0.029  0.019  0.082  0.057  0.010  0.616
   0.50790     -5.423353  0.142  0.064  0.023  0.188  0.027  0.021  0.083  0.064  0.009  0.620
   0.52241     -5.420574  0.142  0.063  0.019  0.189  0.026  0.023  0.083  0.070  0.009  0.624
   0.53692     -5.419055  0.145  0.063  0.014  0.189  0.024  0.025  0.084  0.076  0.008  0.628
   0.55143     -5.418761  0.145  0.062  0.010  0.190  0.023  0.027  0.083  0.081  0.008  0.632
   0.56594     -5.419634  0.146  0.064  0.008  0.191  0.022  0.028  0.082  0.086  0.007  0.633
   0.56594     -5.419634  0.146  0.064  0.008  0.191  0.022  0.028  0.082  0.086  0.007  0.633
   0.58046     -5.421604  0.146  0.064  0.006  0.190  0.022  0.030  0.081  0.089  0.007  0.636
   0.59497     -5.424583  0.147  0.064  0.003  0.190  0.021  0.031  0.078  0.092  0.007  0.636
   0.60948     -5.428473  0.146  0.064  0.003  0.192  0.021  0.032  0.077  0.094  0.007  0.637
   0.62399     -5.433173  0.146  0.064  0.003  0.192  0.022  0.032  0.074  0.095  0.007  0.635
   0.63850     -5.438571  0.147  0.064  0.006  0.193  0.022  0.031  0.071  0.095  0.007  0.634
   0.65301     -5.444553  0.146  0.064  0.006  0.193  0.022  0.031  0.068  0.094  0.007  0.633
   0.66752     -5.451003  0.146  0.065  0.010  0.193  0.023  0.031  0.066  0.091  0.008  0.630
   0.68203     -5.457797  0.143  0.065  0.012  0.193  0.024  0.029  0.062  0.089  0.008  0.626
   0.69655     -5.464810  0.143  0.065  0.017  0.193  0.026  0.028  0.058  0.084  0.009  0.621
   0.71106     -5.471915  0.142  0.063  0.021  0.192  0.026  0.026  0.055  0.080  0.009  0.617
   0.72557     -5.478979  0.142  0.063  0.026  0.193  0.028  0.025  0.052  0.075  0.009  0.613
   0.74008     -5.485872  0.138  0.064  0.031  0.193  0.030  0.024  0.049  0.070  0.010  0.609
   0.75459     -5.492464  0.138  0.064  0.037  0.191  0.032  0.021  0.047  0.065  0.011  0.605
   0.76910     -5.498628  0.137  0.063  0.042  0.190  0.034  0.020  0.043  0.060  0.012  0.600
   0.78361     -5.504240  0.134  0.063  0.048  0.189  0.036  0.019  0.040  0.055  0.012  0.595
   0.79813     -5.509187  0.132  0.063  0.054  0.187  0.039  0.016  0.038  0.049  0.013  0.592
   0.81264     -5.513366  0.132  0.061  0.059  0.187  0.041  0.015  0.035  0.044  0.014  0.588
   0.82715     -5.516684  0.128  0.062  0.063  0.186  0.044  0.013  0.033  0.039  0.015  0.584
   0.84166     -5.519061  0.127  0.062  0.070  0.184  0.047  0.011  0.030  0.034  0.016  0.581
   0.85617     -5.520440  0.125  0.060  0.074  0.182  0.051  0.009  0.027  0.029  0.017  0.578
   0.87068     -5.520785  0.124  0.060  0.081  0.180  0.056  0.008  0.024  0.023  0.019  0.576
   0.88519     -5.520137  0.119  0.058  0.092  0.176  0.064  0.005  0.022  0.016  0.022  0.573
   0.89971     -5.518881  0.108  0.054  0.112  0.162  0.085  0.001  0.017  0.003  0.029  0.573
   0.91422     -5.521067  0.080  0.037  0.143  0.110  0.146  0.014  0.009  0.043  0.048  0.632
   0.92873     -5.530676  0.082  0.034  0.121  0.103  0.146  0.032  0.009  0.096  0.049  0.671
   0.94324     -5.541323  0.086  0.036  0.111  0.107  0.140  0.036  0.008  0.108  0.047  0.678
   0.95775     -5.551765  0.087  0.038  0.105  0.110  0.137  0.037  0.007  0.112  0.046  0.678
   0.97226     -5.561831  0.090  0.037  0.100  0.114  0.136  0.037  0.006  0.112  0.045  0.677
   0.98677     -5.571473  0.091  0.039  0.099  0.116  0.133  0.037  0.005  0.111  0.045  0.676
   1.00128     -5.580665  0.092  0.039  0.097  0.119  0.132  0.037  0.004  0.110  0.044  0.673
   1.01580     -5.589381  0.093  0.040  0.095  0.122  0.131  0.036  0.003  0.108  0.043  0.671
   1.03031     -5.597606  0.092  0.042  0.094  0.124  0.130  0.035  0.002  0.105  0.043  0.668
   1.04482     -5.605317  0.093  0.042  0.092  0.126  0.129  0.034  0.001  0.103  0.043  0.664
   1.05933     -5.612495  0.094  0.042  0.092  0.129  0.128  0.033  0.001  0.100  0.043  0.661
   1.07384     -5.619120  0.094  0.044  0.092  0.131  0.126  0.032  0.000  0.096  0.042  0.658
   1.08835     -5.625166  0.095  0.045  0.091  0.133  0.125  0.031  0.000  0.093  0.041  0.655
   1.10286     -5.630612  0.095  0.045  0.091  0.135  0.123  0.030  0.000  0.089  0.041  0.651
   1.11738     -5.635434  0.096  0.045  0.091  0.138  0.122  0.028  0.000  0.085  0.041  0.648
   1.13189     -5.639610  0.096  0.045  0.091  0.138  0.120  0.027  0.000  0.082  0.040  0.645
 
# Band-Index:    4
   1.13189     -5.324833  0.125  0.059  0.087  0.177  0.070  0.011  0.003  0.034  0.023  0.587
   1.11738     -5.344482  0.123  0.059  0.087  0.178  0.070  0.011  0.004  0.033  0.023  0.586
   1.10286     -5.363346  0.123  0.060  0.086  0.177  0.068  0.011  0.005  0.031  0.023  0.585
   1.08835     -5.381355  0.123  0.060  0.088  0.177  0.068  0.010  0.006  0.030  0.023  0.582
   1.07384     -5.398449  0.124  0.060  0.088  0.178  0.067  0.010  0.006  0.029  0.023  0.582
   1.05933     -5.414568  0.122  0.060  0.087  0.179  0.066  0.010  0.007  0.029  0.021  0.581
   1.04482     -5.429665  0.122  0.060  0.087  0.179  0.065  0.010  0.008  0.028  0.021  0.580
   1.03031     -5.443688  0.123  0.061  0.086  0.180  0.064  0.010  0.009  0.028  0.021  0.580
   1.01580     -5.456599  0.123  0.061  0.085  0.180  0.061  0.009  0.011  0.028  0.020  0.578
   1.00128     -5.468360  0.124  0.061  0.084  0.181  0.060  0.010  0.012  0.029  0.020  0.579
   0.98677     -5.478933  0.123  0.061  0.082  0.181  0.058  0.010  0.014  0.030  0.019  0.578
   0.97226     -5.488293  0.124  0.061  0.079  0.182  0.056  0.011  0.015  0.032  0.018  0.580
   0.95775     -5.496402  0.126  0.061  0.076  0.183  0.052  0.012  0.017  0.036  0.017  0.580
   0.94324     -5.503204  0.127  0.061  0.070  0.185  0.048  0.014  0.019  0.042  0.016  0.583
   0.92873     -5.508528  0.131  0.063  0.060  0.187  0.041  0.019  0.021  0.056  0.013  0.592
   0.91422     -5.511135  0.132  0.060  0.039  0.178  0.039  0.037  0.024  0.111  0.013  0.634
   0.89971     -5.504652  0.104  0.041  0.070  0.124  0.099  0.051  0.020  0.153  0.033  0.695
   0.88519     -5.493051  0.093  0.036  0.092  0.108  0.118  0.048  0.019  0.143  0.039  0.696
   0.87068     -5.480396  0.090  0.034  0.101  0.101  0.124  0.046  0.020  0.137  0.041  0.696
   0.85617     -5.467100  0.087  0.033  0.110  0.098  0.126  0.045  0.022  0.133  0.042  0.694
   0.84166     -5.453218  0.087  0.031  0.116  0.094  0.127  0.042  0.024  0.129  0.042  0.693
   0.82715     -5.438738  0.084  0.029  0.123  0.089  0.128  0.041  0.026  0.125  0.043  0.691
   0.81264     -5.423630  0.083  0.029  0.130  0.086  0.129  0.040  0.029  0.122  0.043  0.689
   0.79813     -5.407848  0.080  0.028  0.136  0.083  0.129  0.039  0.031  0.117  0.042  0.687
   0.78361     -5.391340  0.080  0.026  0.145  0.080  0.129  0.037  0.033  0.111  0.043  0.684
   0.76910     -5.374047  0.079  0.026  0.151  0.077  0.128  0.036  0.035  0.106  0.042  0.680
   0.75459     -5.355911  0.077  0.025  0.159  0.075  0.127  0.033  0.038  0.100  0.042  0.675
   0.74008     -5.336873  0.076  0.023  0.166  0.072  0.125  0.031  0.040  0.093  0.042  0.671
   0.72557     -5.316881  0.077  0.023  0.175  0.069  0.124  0.029  0.043  0.087  0.041  0.666
   0.71106     -5.295881  0.074  0.023  0.183  0.067  0.122  0.027  0.046  0.080  0.041  0.661
   0.69655     -5.273835  0.074  0.021  0.191  0.064  0.120  0.025  0.049  0.073  0.040  0.655
   0.68203     -5.250732  0.074  0.021  0.199  0.061  0.118  0.021  0.052  0.066  0.039  0.649
   0.66752     -5.226563  0.074  0.020  0.204  0.061  0.114  0.019  0.055  0.059  0.037  0.645
   0.65301     -5.201350  0.074  0.020  0.212  0.058  0.111  0.017  0.057  0.052  0.036  0.640
   0.63850     -5.175138  0.075  0.018  0.220  0.056  0.107  0.015  0.061  0.046  0.035  0.634
   0.62399     -5.148003  0.076  0.017  0.227  0.053  0.103  0.013  0.064  0.039  0.034  0.629
   0.60948     -5.120068  0.078  0.018  0.232  0.052  0.099  0.011  0.068  0.033  0.033  0.624
   0.59497     -5.091493  0.079  0.016  0.240  0.049  0.094  0.009  0.072  0.027  0.032  0.619
   0.58046     -5.062498  0.081  0.016  0.247  0.048  0.089  0.007  0.076  0.022  0.030  0.614
   0.56594     -5.033388  0.085  0.014  0.252  0.044  0.083  0.005  0.080  0.016  0.028  0.609
   0.56594     -5.033388  0.085  0.014  0.252  0.044  0.083  0.005  0.080  0.016  0.028  0.609
   0.55143     -5.004580  0.088  0.014  0.258  0.044  0.075  0.004  0.083  0.012  0.025  0.603
   0.53692     -4.976612  0.092  0.013  0.264  0.040  0.068  0.003  0.086  0.008  0.022  0.598
   0.52241     -4.950200  0.098  0.013  0.268  0.041  0.058  0.002  0.089  0.006  0.020  0.592
   0.50790     -4.926229  0.102  0.013  0.269  0.040  0.048  0.002  0.091  0.006  0.016  0.589
   0.49339     -4.905676  0.108  0.014  0.264  0.044  0.038  0.004  0.090  0.010  0.012  0.588
   0.47888     -4.889390  0.113  0.016  0.256  0.050  0.029  0.006  0.087  0.018  0.010  0.587
   0.46436     -4.877808  0.116  0.019  0.241  0.058  0.022  0.011  0.082  0.032  0.007  0.590
   0.44985     -4.870761  0.119  0.022  0.223  0.069  0.018  0.016  0.076  0.048  0.006  0.598
   0.43534     -4.867568  0.120  0.028  0.203  0.080  0.016  0.022  0.070  0.065  0.005  0.606
   0.42083     -4.867361  0.121  0.030  0.183  0.092  0.015  0.027  0.064  0.080  0.005  0.616
   0.40632     -4.869336  0.120  0.034  0.164  0.101  0.016  0.032  0.058  0.094  0.005  0.625
   0.39181     -4.872914  0.121  0.037  0.147  0.109  0.016  0.035  0.054  0.105  0.005  0.631
   0.37730     -4.877731  0.122  0.038  0.134  0.117  0.017  0.038  0.051  0.113  0.006  0.636
   0.36278     -4.883598  0.125  0.042  0.121  0.125  0.018  0.040  0.047  0.119  0.006  0.640
   0.34827     -4.890445  0.127  0.043  0.111  0.131  0.020  0.041  0.044  0.122  0.006  0.644
   0.33376     -4.898290  0.126  0.045  0.102  0.137  0.021  0.041  0.041  0.123  0.007  0.644
   0.31925     -4.907189  0.128  0.046  0.095  0.141  0.023  0.041  0.038  0.123  0.008  0.645
   0.30474     -4.917217  0.130  0.048  0.088  0.147  0.024  0.040  0.035  0.121  0.008  0.644
   0.29023     -4.928448  0.130  0.050  0.085  0.151  0.028  0.039  0.032  0.118  0.009  0.642
   0.27572     -4.940935  0.132  0.052  0.081  0.154  0.030  0.038  0.028  0.114  0.010  0.639
   0.26120     -4.954710  0.132  0.052  0.078  0.158  0.034  0.037  0.025  0.110  0.011  0.636
   0.24669     -4.969773  0.132  0.054  0.076  0.161  0.037  0.035  0.023  0.104  0.012  0.634
   0.23218     -4.986090  0.133  0.054  0.076  0.163  0.040  0.033  0.020  0.098  0.014  0.632
   0.21767     -5.003594  0.133  0.055  0.074  0.166  0.044  0.032  0.017  0.093  0.014  0.628
   0.20316     -5.022205  0.132  0.057  0.074  0.169  0.047  0.029  0.013  0.087  0.016  0.625
   0.18865     -5.041805  0.132  0.057  0.076  0.169  0.051  0.027  0.011  0.082  0.017  0.620
   0.17414     -5.062266  0.131  0.057  0.076  0.170  0.054  0.025  0.009  0.076  0.018  0.617
   0.15963     -5.083447  0.131  0.058  0.076  0.173  0.056  0.024  0.008  0.070  0.018  0.615
   0.14511     -5.105209  0.130  0.058  0.078  0.174  0.059  0.022  0.007  0.066  0.020  0.611
   0.13060     -5.127406  0.130  0.058  0.080  0.173  0.062  0.020  0.005  0.061  0.021  0.609
   0.11609     -5.149889  0.129  0.059  0.080  0.174  0.063  0.019  0.004  0.057  0.021  0.606
   0.10158     -5.172521  0.127  0.059  0.082  0.175  0.065  0.018  0.003  0.053  0.022  0.602
   0.08707     -5.195169  0.127  0.059  0.083  0.176  0.066  0.016  0.003  0.050  0.022  0.600
   0.07256     -5.217705  0.126  0.058  0.082  0.175  0.068  0.016  0.003  0.046  0.022  0.598
   0.05805     -5.240015  0.126  0.058  0.084  0.176  0.069  0.014  0.002  0.043  0.023  0.595
   0.04353     -5.261979  0.126  0.058  0.084  0.177  0.069  0.013  0.002  0.040  0.023  0.594
   0.02902     -5.283500  0.124  0.058  0.085  0.175  0.069  0.013  0.003  0.038  0.023  0.592
   0.01451     -5.304480  0.125  0.059  0.085  0.176  0.069  0.012  0.003  0.036  0.023  0.590
   0.00000     -5.324833  0.125  0.059  0.087  0.177  0.070  0.011  0.003  0.034  0.023  0.587
 
# Band-Index:    5
   0.00000     -4.534514  0.000  0.097  0.000  0.032  0.045  0.421  0.000  0.140  0.136  0.873
   0.01451     -4.533590  0.000  0.096  0.000  0.032  0.045  0.423  0.000  0.141  0.136  0.873
   0.02902     -4.532827  0.000  0.095  0.000  0.032  0.045  0.423  0.000  0.141  0.136  0.872
   0.04353     -4.532237  0.000  0.094  0.000  0.032  0.046  0.424  0.000  0.141  0.136  0.873
   0.05805     -4.531822  0.000  0.094  0.000  0.032  0.046  0.425  0.000  0.141  0.136  0.873
   0.07256     -4.531583  0.000  0.094  0.000  0.032  0.046  0.426  0.000  0.142  0.137  0.874
   0.08707     -4.531525  0.000  0.094  0.000  0.032  0.046  0.426  0.000  0.142  0.137  0.874
   0.10158     -4.531645  0.000  0.093  0.000  0.032  0.045  0.427  0.000  0.142  0.135  0.874
   0.11609     -4.531945  0.000  0.093  0.000  0.032  0.045  0.428  0.000  0.143  0.135  0.875
   0.13060     -4.532421  0.000  0.093  0.000  0.031  0.044  0.429  0.000  0.143  0.135  0.875
   0.14511     -4.533067  0.000  0.091  0.000  0.030  0.044  0.429  0.000  0.143  0.135  0.875
   0.15963     -4.533884  0.000  0.090  0.000  0.029  0.044  0.430  0.000  0.144  0.135  0.876
   0.17414     -4.534864  0.000  0.090  0.000  0.029  0.044  0.431  0.000  0.144  0.135  0.876
   0.18865     -4.535997  0.000  0.090  0.000  0.029  0.044  0.432  0.000  0.144  0.135  0.876
   0.20316     -4.537276  0.000  0.089  0.000  0.029  0.044  0.432  0.000  0.144  0.135  0.876
   0.21767     -4.538691  0.000  0.089  0.000  0.029  0.044  0.433  0.000  0.144  0.134  0.877
   0.23218     -4.540235  0.000  0.089  0.000  0.029  0.044  0.434  0.000  0.145  0.133  0.876
   0.24669     -4.541892  0.000  0.090  0.000  0.029  0.044  0.434  0.000  0.145  0.133  0.876
   0.26120     -4.543652  0.000  0.089  0.000  0.029  0.044  0.435  0.000  0.146  0.133  0.877
   0.27572     -4.545503  0.000  0.089  0.000  0.029  0.044  0.435  0.000  0.145  0.133  0.877
   0.29023     -4.547432  0.000  0.089  0.000  0.029  0.044  0.435  0.000  0.145  0.132  0.877
   0.30474     -4.549426  0.000  0.089  0.000  0.029  0.044  0.436  0.000  0.146  0.132  0.876
   0.31925     -4.551470  0.000  0.088  0.000  0.028  0.044  0.436  0.000  0.146  0.132  0.877
   0.33376     -4.553551  0.000  0.088  0.000  0.028  0.044  0.436  0.000  0.146  0.131  0.876
   0.34827     -4.555655  0.000  0.089  0.000  0.028  0.044  0.437  0.000  0.147  0.131  0.876
   0.36278     -4.557768  0.000  0.090  0.000  0.030  0.044  0.437  0.000  0.146  0.131  0.876
   0.37730     -4.559876  0.000  0.090  0.000  0.030  0.044  0.437  0.000  0.146  0.130  0.875
   0.39181     -4.561967  0.000  0.089  0.000  0.030  0.044  0.437  0.000  0.146  0.130  0.875
   0.40632     -4.564027  0.000  0.089  0.000  0.030  0.044  0.437  0.000  0.147  0.130  0.875
   0.42083     -4.566042  0.000  0.089  0.000  0.030  0.044  0.436  0.000  0.147  0.129  0.876
   0.43534     -4.568000  0.000  0.089  0.000  0.030  0.044  0.435  0.000  0.148  0.129  0.875
   0.44985     -4.569891  0.000  0.089  0.000  0.030  0.047  0.429  0.000  0.153  0.125  0.875
   0.46436     -4.579625  0.010  0.041  0.080  0.127  0.190  0.052  0.026  0.180  0.058  0.763
   0.47888     -4.589986  0.011  0.045  0.074  0.137  0.180  0.056  0.016  0.181  0.058  0.757
   0.49339     -4.593534  0.012  0.047  0.073  0.144  0.171  0.057  0.011  0.179  0.056  0.747
   0.50790     -4.590471  0.015  0.048  0.077  0.147  0.162  0.054  0.007  0.173  0.052  0.737
   0.52241     -4.581483  0.016  0.049  0.084  0.149  0.156  0.046  0.007  0.170  0.046  0.725
   0.53692     -4.579189  0.000  0.091  0.000  0.030  0.044  0.433  0.000  0.147  0.128  0.873
   0.55143     -4.580315  0.000  0.090  0.000  0.030  0.043  0.433  0.000  0.146  0.129  0.872
   0.56594     -4.581301  0.000  0.090  0.000  0.030  0.043  0.433  0.000  0.145  0.129  0.874
   0.56594     -4.581301  0.000  0.090  0.000  0.030  0.043  0.433  0.000  0.145  0.129  0.874
   0.58046     -4.582141  0.000  0.092  0.000  0.030  0.043  0.432  0.000  0.145  0.129  0.873
   0.59497     -4.582830  0.000  0.093  0.000  0.030  0.043  0.432  0.000  0.144  0.130  0.873
   0.60948     -4.583364  0.000  0.093  0.000  0.030  0.043  0.431  0.000  0.144  0.130  0.871
   0.62399     -4.583740  0.000  0.093  0.000  0.030  0.043  0.431  0.000  0.144  0.130  0.871
   0.63850     -4.583957  0.000  0.093  0.000  0.030  0.043  0.431  0.000  0.144  0.130  0.871
   0.65301     -4.584011  0.000  0.093  0.000  0.030  0.043  0.430  0.000  0.143  0.130  0.872
   0.66752     -4.583904  0.000  0.093  0.000  0.030  0.043  0.429  0.000  0.143  0.130  0.872
   0.68203     -4.583636  0.000  0.094  0.000  0.031  0.043  0.428  0.000  0.143  0.130  0.871
   0.69655     -4.583209  0.000  0.096  0.000  0.033  0.043  0.427  0.000  0.142  0.130  0.871
   0.71106     -4.582624  0.000  0.096  0.000  0.033  0.043  0.427  0.000  0.142  0.131  0.870
   0.72557     -4.581886  0.000  0.096  0.000  0.033  0.043  0.426  0.000  0.142  0.131  0.870
   0.74008     -4.580995  0.000  0.097  0.000  0.033  0.043  0.425  0.000  0.142  0.131  0.869
   0.75459     -4.579963  0.000  0.097  0.000  0.033  0.044  0.425  0.000  0.142  0.131  0.870
   0.76910     -4.578792  0.000  0.097  0.000  0.033  0.044  0.423  0.000  0.141  0.131  0.871
   0.78361     -4.577490  0.000  0.097  0.000  0.033  0.044  0.423  0.000  0.141  0.132  0.871
   0.79813     -4.576062  0.000  0.098  0.000  0.033  0.044  0.422  0.000  0.141  0.132  0.870
   0.81264     -4.574517  0.000  0.098  0.000  0.033  0.044  0.422  0.000  0.140  0.132  0.870
   0.82715     -4.572864  0.000  0.098  0.000  0.033  0.044  0.421  0.000  0.141  0.132  0.870
   0.84166     -4.571112  0.000  0.098  0.000  0.033  0.044  0.421  0.000  0.141  0.132  0.870
   0.85617     -4.569274  0.000  0.099  0.000  0.034  0.044  0.420  0.000  0.140  0.133  0.869
   0.87068     -4.567359  0.000  0.099  0.000  0.034  0.044  0.419  0.000  0.140  0.133  0.870
   0.88519     -4.565380  0.000  0.099  0.000  0.034  0.044  0.419  0.000  0.139  0.133  0.870
   0.89971     -4.563348  0.000  0.099  0.000  0.034  0.044  0.418  0.000  0.140  0.133  0.869
   0.91422     -4.561274  0.000  0.100  0.000  0.034  0.044  0.418  0.000  0.140  0.135  0.868
   0.92873     -4.559174  0.000  0.100  0.000  0.034  0.044  0.418  0.000  0.140  0.135  0.868
   0.94324     -4.557061  0.000  0.100  0.000  0.034  0.044  0.418  0.000  0.139  0.134  0.870
   0.95775     -4.554948  0.000  0.100  0.000  0.034  0.045  0.418  0.000  0.139  0.134  0.870
   0.97226     -4.552849  0.000  0.098  0.000  0.032  0.045  0.418  0.000  0.140  0.135  0.870
   0.98677     -4.550777  0.000  0.098  0.000  0.032  0.045  0.418  0.000  0.140  0.135  0.870
   1.00128     -4.548749  0.000  0.099  0.000  0.032  0.045  0.418  0.000  0.139  0.135  0.871
   1.01580     -4.546775  0.000  0.099  0.000  0.032  0.045  0.418  0.000  0.139  0.135  0.869
   1.03031     -4.544870  0.000  0.099  0.000  0.032  0.045  0.418  0.000  0.139  0.136  0.870
   1.04482     -4.543047  0.000  0.099  0.000  0.032  0.045  0.418  0.000  0.139  0.136  0.870
   1.05933     -4.541319  0.000  0.099  0.000  0.032  0.045  0.419  0.000  0.140  0.136  0.871
   1.07384     -4.539699  0.000  0.097  0.000  0.032  0.045  0.419  0.000  0.140  0.136  0.872
   1.08835     -4.538197  0.000  0.097  0.000  0.032  0.045  0.420  0.000  0.140  0.137  0.871
   1.10286     -4.536826  0.000  0.097  0.000  0.032  0.045  0.420  0.000  0.140  0.137  0.871
   1.11738     -4.535596  0.000  0.097  0.000  0.032  0.045  0.421  0.000  0.140  0.137  0.872
   1.13189     -4.534514  0.000  0.097  0.000  0.032  0.045  0.421  0.000  0.140  0.136  0.873
 
# Band-Index:    6
   1.13189     -3.970276  0.011  0.019  0.130  0.055  0.061  0.046  0.304  0.141  0.020  0.787
   1.11738     -3.955532  0.011  0.019  0.133  0.058  0.054  0.044  0.315  0.133  0.018  0.783
   1.10286     -3.941416  0.009  0.020  0.134  0.061  0.047  0.041  0.327  0.124  0.016  0.780
   1.08835     -3.928089  0.007  0.022  0.137  0.064  0.040  0.038  0.339  0.114  0.013  0.774
   1.07384     -3.915719  0.007  0.022  0.140  0.064  0.034  0.034  0.350  0.105  0.011  0.769
   1.05933     -3.904468  0.007  0.022  0.141  0.067  0.028  0.031  0.361  0.095  0.010  0.763
   1.04482     -3.894503  0.006  0.023  0.145  0.070  0.024  0.028  0.371  0.084  0.007  0.759
   1.03031     -3.885992  0.004  0.023  0.147  0.071  0.019  0.024  0.382  0.074  0.006  0.752
   1.01580     -3.879072  0.004  0.025  0.150  0.073  0.015  0.021  0.390  0.063  0.005  0.748
   1.00128     -3.873894  0.004  0.025  0.152  0.076  0.012  0.018  0.398  0.054  0.004  0.745
   0.98677     -3.870584  0.004  0.025  0.156  0.077  0.010  0.015  0.404  0.045  0.003  0.738
   0.97226     -3.869249  0.004  0.026  0.158  0.079  0.008  0.012  0.407  0.036  0.003  0.733
   0.95775     -3.869988  0.002  0.028  0.162  0.080  0.007  0.010  0.408  0.028  0.002  0.729
   0.94324     -3.872875  0.003  0.028  0.166  0.082  0.007  0.007  0.407  0.021  0.002  0.723
   0.92873     -3.877982  0.003  0.028  0.168  0.085  0.007  0.005  0.403  0.015  0.003  0.717
   0.91422     -3.885347  0.004  0.028  0.171  0.087  0.008  0.004  0.396  0.011  0.002  0.711
   0.89971     -3.895023  0.005  0.031  0.174  0.090  0.010  0.002  0.386  0.006  0.003  0.707
   0.88519     -3.907027  0.006  0.031  0.176  0.093  0.013  0.001  0.373  0.004  0.004  0.700
   0.87068     -3.921372  0.006  0.031  0.179  0.095  0.016  0.000  0.358  0.002  0.006  0.694
   0.85617     -3.938058  0.008  0.033  0.181  0.097  0.019  0.000  0.340  0.001  0.006  0.686
   0.84166     -3.957057  0.009  0.033  0.183  0.100  0.024  0.000  0.320  0.001  0.008  0.681
   0.82715     -3.978317  0.013  0.035  0.186  0.104  0.028  0.000  0.299  0.002  0.009  0.675
   0.81264     -4.001759  0.013  0.036  0.189  0.107  0.033  0.001  0.278  0.003  0.011  0.668
   0.79813     -4.027267  0.015  0.038  0.190  0.111  0.039  0.002  0.255  0.005  0.013  0.664
   0.78361     -4.054691  0.017  0.038  0.190  0.113  0.044  0.002  0.232  0.007  0.015  0.659
   0.76910     -4.083851  0.018  0.040  0.190  0.117  0.050  0.004  0.210  0.011  0.017  0.655
   0.75459     -4.114528  0.018  0.040  0.189  0.119  0.057  0.005  0.189  0.015  0.019  0.650
   0.74008     -4.146488  0.020  0.042  0.187  0.123  0.062  0.007  0.168  0.019  0.020  0.646
   0.72557     -4.179475  0.021  0.041  0.186  0.124  0.068  0.008  0.148  0.025  0.023  0.645
   0.71106     -4.213212  0.022  0.043  0.184  0.128  0.073  0.010  0.130  0.031  0.025  0.645
   0.69655     -4.247417  0.023  0.043  0.180  0.129  0.079  0.012  0.114  0.037  0.027  0.645
   0.68203     -4.281809  0.024  0.043  0.176  0.132  0.084  0.015  0.099  0.045  0.028  0.646
   0.66752     -4.316095  0.025  0.045  0.171  0.133  0.090  0.017  0.084  0.053  0.030  0.647
   0.65301     -4.349978  0.024  0.046  0.165  0.136  0.095  0.020  0.071  0.061  0.031  0.649
   0.63850     -4.383169  0.025  0.046  0.160  0.137  0.101  0.023  0.059  0.070  0.034  0.653
   0.62399     -4.415353  0.025  0.048  0.152  0.140  0.105  0.026  0.049  0.079  0.036  0.659
   0.60948     -4.446216  0.024  0.046  0.144  0.141  0.110  0.030  0.039  0.090  0.037  0.665
   0.59497     -4.475422  0.026  0.048  0.135  0.142  0.117  0.033  0.031  0.101  0.039  0.672
   0.58046     -4.502603  0.025  0.047  0.125  0.144  0.122  0.037  0.024  0.112  0.041  0.681
   0.56594     -4.527339  0.023  0.049  0.116  0.147  0.128  0.043  0.018  0.125  0.043  0.690
   0.56594     -4.527339  0.023  0.049  0.116  0.147  0.128  0.043  0.018  0.125  0.043  0.690
   0.55143     -4.549146  0.021  0.050  0.104  0.148  0.135  0.047  0.013  0.138  0.046  0.701
   0.53692     -4.567429  0.019  0.049  0.094  0.148  0.142  0.053  0.009  0.149  0.049  0.712
   0.52241     -4.577924  0.000  0.091  0.000  0.029  0.039  0.443  0.000  0.138  0.134  0.873
   0.50790     -4.576537  0.000  0.090  0.000  0.030  0.041  0.438  0.000  0.143  0.131  0.874
   0.49339     -4.575031  0.000  0.090  0.000  0.030  0.042  0.438  0.000  0.144  0.131  0.875
   0.47888     -4.573413  0.000  0.091  0.000  0.030  0.041  0.439  0.000  0.143  0.132  0.873
   0.46436     -4.571694  0.000  0.091  0.000  0.029  0.039  0.442  0.000  0.140  0.134  0.874
   0.44985     -4.562912  0.011  0.039  0.089  0.113  0.186  0.063  0.037  0.159  0.068  0.764
   0.43534     -4.540915  0.013  0.035  0.101  0.102  0.192  0.055  0.048  0.156  0.066  0.765
   0.42083     -4.514927  0.015  0.029  0.113  0.090  0.194  0.051  0.059  0.149  0.065  0.769
   0.40632     -4.486244  0.016  0.027  0.122  0.078  0.196  0.048  0.070  0.143  0.066  0.770
   0.39181     -4.456001  0.019  0.023  0.130  0.069  0.198  0.046  0.079  0.138  0.067  0.771
   0.37730     -4.425173  0.022  0.019  0.136  0.058  0.202  0.046  0.089  0.136  0.067  0.777
   0.36278     -4.394582  0.022  0.017  0.141  0.050  0.205  0.046  0.097  0.135  0.069  0.783
   0.34827     -4.364936  0.022  0.014  0.145  0.042  0.211  0.046  0.105  0.136  0.071  0.789
   0.33376     -4.336831  0.022  0.011  0.144  0.035  0.215  0.046  0.112  0.138  0.072  0.796
   0.31925     -4.310737  0.024  0.009  0.144  0.027  0.220  0.047  0.119  0.141  0.073  0.804
   0.30474     -4.286963  0.023  0.007  0.143  0.022  0.224  0.049  0.126  0.145  0.074  0.813
   0.29023     -4.265629  0.022  0.005  0.141  0.017  0.226  0.050  0.132  0.150  0.075  0.820
   0.27572     -4.246643  0.021  0.005  0.140  0.015  0.226  0.051  0.138  0.154  0.075  0.825
   0.26120     -4.229739  0.021  0.005  0.136  0.013  0.224  0.053  0.145  0.160  0.075  0.828
   0.24669     -4.214523  0.020  0.003  0.136  0.012  0.219  0.054  0.152  0.165  0.073  0.832
   0.23218     -4.200544  0.018  0.003  0.133  0.012  0.213  0.056  0.159  0.168  0.071  0.834
   0.21767     -4.187347  0.018  0.004  0.131  0.014  0.205  0.057  0.167  0.172  0.068  0.834
   0.20316     -4.174564  0.015  0.006  0.129  0.016  0.195  0.058  0.174  0.175  0.065  0.834
   0.18865     -4.161866  0.015  0.006  0.127  0.016  0.185  0.059  0.182  0.177  0.061  0.834
   0.17414     -4.149018  0.015  0.007  0.126  0.020  0.175  0.059  0.190  0.179  0.058  0.831
   0.15963     -4.135858  0.015  0.007  0.124  0.022  0.164  0.060  0.199  0.180  0.054  0.829
   0.14511     -4.122293  0.015  0.009  0.123  0.027  0.154  0.060  0.207  0.180  0.051  0.826
   0.13060     -4.108282  0.015  0.009  0.124  0.029  0.143  0.060  0.216  0.181  0.048  0.822
   0.11609     -4.093819  0.015  0.011  0.123  0.033  0.132  0.060  0.225  0.179  0.044  0.819
   0.10158     -4.078944  0.015  0.011  0.123  0.036  0.122  0.059  0.234  0.177  0.040  0.816
   0.08707     -4.063709  0.014  0.012  0.123  0.038  0.113  0.058  0.244  0.175  0.037  0.813
   0.07256     -4.048197  0.013  0.014  0.124  0.041  0.103  0.057  0.253  0.171  0.035  0.811
   0.05805     -4.032505  0.013  0.014  0.125  0.045  0.094  0.055  0.263  0.166  0.031  0.805
   0.04353     -4.016741  0.012  0.016  0.126  0.048  0.085  0.053  0.272  0.162  0.028  0.801
   0.02902     -4.001026  0.012  0.017  0.127  0.050  0.076  0.051  0.283  0.155  0.026  0.798
   0.01451     -3.985490  0.012  0.017  0.129  0.053  0.069  0.049  0.294  0.148  0.023  0.793
   0.00000     -3.970276  0.011  0.019  0.130  0.055  0.061  0.046  0.304  0.141  0.020  0.787
 
# Band-Index:    7
   0.00000     -3.353401  0.007  0.017  0.099  0.052  0.000  0.047  0.452  0.142  0.000  0.815
   0.01451     -3.361536  0.006  0.017  0.106  0.053  0.001  0.044  0.447  0.131  0.000  0.807
   0.02902     -3.371141  0.006  0.019  0.115  0.057  0.001  0.040  0.440  0.119  0.000  0.798
   0.04353     -3.382378  0.007  0.020  0.124  0.060  0.001  0.036  0.431  0.108  0.000  0.787
   0.05805     -3.395409  0.005  0.020  0.134  0.063  0.001  0.033  0.420  0.097  0.000  0.776
   0.07256     -3.410358  0.005  0.022  0.143  0.066  0.001  0.029  0.406  0.087  0.000  0.763
   0.08707     -3.427314  0.006  0.023  0.155  0.072  0.002  0.025  0.391  0.076  0.001  0.750
   0.10158     -3.446315  0.007  0.026  0.164  0.076  0.002  0.022  0.373  0.067  0.001  0.737
   0.11609     -3.467292  0.006  0.027  0.174  0.080  0.002  0.019  0.354  0.058  0.001  0.724
   0.13060     -3.490124  0.007  0.029  0.183  0.085  0.003  0.017  0.335  0.051  0.001  0.709
   0.14511     -3.514592  0.007  0.030  0.190  0.089  0.004  0.015  0.315  0.045  0.001  0.699
   0.15963     -3.540393  0.008  0.033  0.197  0.095  0.006  0.013  0.295  0.039  0.002  0.688
   0.17414     -3.567153  0.008  0.033  0.204  0.098  0.007  0.011  0.277  0.035  0.002  0.676
   0.18865     -3.594420  0.008  0.036  0.208  0.104  0.009  0.011  0.257  0.032  0.003  0.666
   0.20316     -3.621684  0.008  0.036  0.211  0.108  0.012  0.009  0.239  0.029  0.004  0.657
   0.21767     -3.648345  0.008  0.039  0.213  0.113  0.016  0.008  0.221  0.025  0.005  0.648
   0.23218     -3.673767  0.008  0.039  0.216  0.117  0.021  0.007  0.203  0.023  0.007  0.642
   0.24669     -3.697242  0.007  0.040  0.216  0.120  0.029  0.007  0.185  0.022  0.009  0.637
   0.26120     -3.718046  0.006  0.042  0.215  0.123  0.038  0.007  0.168  0.021  0.013  0.633
   0.27572     -3.735496  0.007  0.042  0.213  0.126  0.050  0.006  0.151  0.020  0.017  0.632
   0.29023     -3.748984  0.006  0.043  0.212  0.127  0.064  0.007  0.135  0.019  0.022  0.631
   0.30474     -3.758069  0.005  0.043  0.208  0.129  0.079  0.006  0.119  0.019  0.027  0.634
   0.31925     -3.762520  0.007  0.041  0.205  0.128  0.096  0.007  0.104  0.019  0.032  0.637
   0.33376     -3.762328  0.006  0.041  0.201  0.124  0.113  0.006  0.090  0.020  0.038  0.641
   0.34827     -3.757682  0.005  0.041  0.197  0.123  0.132  0.007  0.076  0.021  0.044  0.646
   0.36278     -3.748922  0.007  0.040  0.193  0.122  0.148  0.007  0.064  0.021  0.050  0.653
   0.37730     -3.736471  0.006  0.040  0.190  0.121  0.165  0.007  0.052  0.021  0.055  0.658
   0.39181     -3.720812  0.008  0.039  0.188  0.119  0.180  0.007  0.042  0.022  0.061  0.664
   0.40632     -3.702442  0.008  0.039  0.183  0.115  0.194  0.007  0.032  0.023  0.064  0.670
   0.42083     -3.681855  0.011  0.038  0.180  0.114  0.207  0.008  0.024  0.024  0.069  0.676
   0.43534     -3.659578  0.011  0.038  0.178  0.112  0.217  0.009  0.018  0.027  0.072  0.681
   0.44985     -3.636202  0.011  0.037  0.174  0.110  0.225  0.010  0.015  0.030  0.075  0.688
   0.46436     -3.612481  0.014  0.035  0.168  0.108  0.229  0.012  0.019  0.036  0.076  0.696
   0.47888     -3.589527  0.015  0.033  0.157  0.102  0.226  0.016  0.041  0.046  0.076  0.710
   0.49339     -3.569179  0.017  0.030  0.141  0.090  0.209  0.022  0.096  0.064  0.069  0.735
   0.50790     -3.553801  0.017  0.023  0.111  0.071  0.175  0.029  0.197  0.089  0.059  0.772
   0.52241     -3.544493  0.019  0.016  0.080  0.049  0.138  0.037  0.313  0.110  0.046  0.809
   0.53692     -3.539733  0.016  0.011  0.057  0.035  0.113  0.041  0.400  0.123  0.038  0.836
   0.55143     -3.537309  0.014  0.009  0.045  0.028  0.097  0.042  0.456  0.127  0.032  0.851
   0.56594     -3.535792  0.015  0.008  0.038  0.023  0.089  0.043  0.490  0.128  0.030  0.860
   0.56594     -3.535792  0.015  0.008  0.038  0.023  0.089  0.043  0.490  0.128  0.030  0.860
   0.58046     -3.534430  0.015  0.006  0.033  0.019  0.084  0.043  0.513  0.126  0.028  0.866
   0.59497     -3.532824  0.013  0.006  0.029  0.018  0.081  0.042  0.529  0.124  0.027  0.868
   0.60948     -3.530748  0.013  0.006  0.029  0.016  0.078  0.041  0.540  0.121  0.026  0.870
   0.62399     -3.528062  0.013  0.006  0.027  0.016  0.078  0.040  0.547  0.118  0.026  0.871
   0.63850     -3.524674  0.014  0.006  0.027  0.016  0.076  0.039  0.553  0.116  0.025  0.870
   0.65301     -3.520515  0.014  0.006  0.028  0.016  0.076  0.038  0.557  0.113  0.026  0.869
   0.66752     -3.515537  0.012  0.006  0.028  0.016  0.076  0.037  0.559  0.111  0.025  0.869
   0.68203     -3.509704  0.011  0.006  0.029  0.018  0.076  0.037  0.559  0.109  0.026  0.868
   0.69655     -3.502990  0.011  0.006  0.029  0.018  0.076  0.035  0.558  0.106  0.025  0.867
   0.71106     -3.495386  0.011  0.006  0.032  0.020  0.076  0.035  0.554  0.105  0.025  0.866
   0.72557     -3.486895  0.011  0.006  0.033  0.020  0.075  0.035  0.550  0.105  0.025  0.864
   0.74008     -3.477540  0.011  0.008  0.035  0.022  0.075  0.035  0.545  0.105  0.025  0.860
   0.75459     -3.467370  0.011  0.008  0.036  0.024  0.075  0.035  0.537  0.106  0.024  0.858
   0.76910     -3.456463  0.011  0.008  0.039  0.028  0.073  0.036  0.529  0.108  0.024  0.855
   0.78361     -3.444931  0.011  0.010  0.042  0.030  0.072  0.037  0.520  0.110  0.024  0.852
   0.79813     -3.432917  0.011  0.010  0.045  0.032  0.070  0.038  0.509  0.113  0.022  0.850
   0.81264     -3.420610  0.010  0.010  0.046  0.034  0.066  0.039  0.499  0.118  0.022  0.848
   0.82715     -3.408230  0.010  0.012  0.049  0.036  0.062  0.041  0.489  0.124  0.020  0.846
   0.84166     -3.396024  0.010  0.012  0.052  0.038  0.058  0.044  0.478  0.131  0.019  0.844
   0.85617     -3.384249  0.012  0.013  0.055  0.041  0.052  0.046  0.469  0.139  0.018  0.842
   0.87068     -3.373160  0.012  0.013  0.056  0.043  0.046  0.049  0.460  0.147  0.015  0.842
   0.88519     -3.362991  0.011  0.015  0.058  0.043  0.040  0.053  0.451  0.157  0.013  0.841
   0.89971     -3.353924  0.011  0.015  0.060  0.045  0.034  0.055  0.445  0.166  0.011  0.842
   0.91422     -3.346088  0.011  0.015  0.059  0.046  0.027  0.058  0.440  0.175  0.009  0.843
   0.92873     -3.339563  0.010  0.015  0.059  0.048  0.022  0.061  0.436  0.183  0.007  0.843
   0.94324     -3.334341  0.013  0.015  0.060  0.048  0.017  0.063  0.433  0.191  0.005  0.846
   0.95775     -3.330372  0.013  0.015  0.062  0.048  0.012  0.066  0.432  0.197  0.004  0.846
   0.97226     -3.327561  0.012  0.015  0.062  0.049  0.008  0.066  0.432  0.200  0.003  0.847
   0.98677     -3.325804  0.013  0.015  0.062  0.046  0.006  0.067  0.433  0.203  0.002  0.848
   1.00128     -3.324984  0.013  0.015  0.064  0.046  0.004  0.068  0.436  0.203  0.001  0.849
   1.01580     -3.325000  0.011  0.015  0.065  0.046  0.003  0.067  0.440  0.202  0.001  0.849
   1.03031     -3.325783  0.011  0.016  0.067  0.047  0.002  0.066  0.442  0.197  0.000  0.847
   1.04482     -3.327283  0.011  0.016  0.070  0.045  0.001  0.064  0.447  0.193  0.000  0.846
   1.05933     -3.329499  0.010  0.016  0.072  0.045  0.000  0.062  0.450  0.186  0.000  0.843
   1.07384     -3.332461  0.010  0.016  0.076  0.046  0.000  0.059  0.453  0.179  0.000  0.839
   1.08835     -3.336228  0.009  0.016  0.082  0.046  0.000  0.057  0.455  0.171  0.000  0.835
   1.10286     -3.340893  0.009  0.016  0.086  0.049  0.000  0.054  0.455  0.162  0.000  0.829
   1.11738     -3.346571  0.008  0.016  0.091  0.049  0.000  0.050  0.455  0.152  0.000  0.823
   1.13189     -3.353401  0.007  0.017  0.099  0.052  0.000  0.047  0.452  0.142  0.000  0.815
 
# Band-Index:    8
   1.13189     -3.118250  0.000  0.109  0.000  0.035  0.121  0.167  0.000  0.053  0.368  0.855
   1.11738     -3.118644  0.000  0.107  0.000  0.035  0.121  0.169  0.000  0.055  0.368  0.856
   1.10286     -3.119030  0.000  0.107  0.000  0.035  0.121  0.170  0.000  0.056  0.367  0.857
   1.08835     -3.119413  0.000  0.105  0.000  0.035  0.122  0.171  0.000  0.057  0.368  0.856
   1.07384     -3.119788  0.000  0.104  0.000  0.035  0.122  0.172  0.000  0.056  0.367  0.859
   1.05933     -3.120155  0.000  0.102  0.000  0.034  0.122  0.174  0.000  0.057  0.368  0.859
   1.04482     -3.120514  0.000  0.102  0.000  0.033  0.123  0.175  0.000  0.058  0.369  0.859
   1.03031     -3.120863  0.000  0.100  0.000  0.033  0.123  0.175  0.000  0.058  0.370  0.861
   1.01580     -3.121202  0.000  0.099  0.000  0.033  0.123  0.176  0.000  0.058  0.372  0.862
   1.00128     -3.121534  0.000  0.097  0.000  0.033  0.124  0.176  0.000  0.059  0.373  0.861
   0.98677     -3.121855  0.000  0.097  0.000  0.033  0.124  0.177  0.000  0.058  0.374  0.862
   0.97226     -3.122169  0.000  0.095  0.000  0.031  0.125  0.176  0.000  0.058  0.376  0.864
   0.95775     -3.122476  0.000  0.095  0.000  0.031  0.126  0.176  0.000  0.058  0.378  0.864
   0.94324     -3.122773  0.000  0.093  0.000  0.031  0.126  0.176  0.000  0.058  0.379  0.864
   0.92873     -3.123060  0.000  0.093  0.000  0.031  0.126  0.175  0.000  0.058  0.381  0.866
   0.91422     -3.123338  0.000  0.091  0.000  0.031  0.128  0.175  0.000  0.058  0.383  0.866
   0.89971     -3.123608  0.000  0.092  0.000  0.031  0.128  0.174  0.000  0.058  0.385  0.867
   0.88519     -3.123866  0.000  0.092  0.000  0.031  0.128  0.173  0.000  0.057  0.387  0.867
   0.87068     -3.124111  0.000  0.090  0.000  0.029  0.129  0.172  0.000  0.057  0.389  0.868
   0.85617     -3.124343  0.000  0.090  0.000  0.029  0.130  0.171  0.000  0.057  0.390  0.867
   0.84166     -3.124561  0.000  0.089  0.000  0.029  0.130  0.170  0.000  0.056  0.392  0.868
   0.82715     -3.124764  0.000  0.088  0.000  0.030  0.131  0.169  0.000  0.056  0.394  0.868
   0.81264     -3.124947  0.000  0.088  0.000  0.030  0.131  0.167  0.000  0.055  0.397  0.868
   0.79813     -3.125110  0.000  0.088  0.000  0.030  0.133  0.165  0.000  0.055  0.399  0.869
   0.78361     -3.125251  0.000  0.088  0.000  0.030  0.133  0.164  0.000  0.055  0.400  0.868
   0.76910     -3.125367  0.000  0.087  0.000  0.030  0.133  0.162  0.000  0.054  0.402  0.868
   0.75459     -3.125457  0.000  0.087  0.000  0.030  0.134  0.161  0.000  0.053  0.404  0.868
   0.74008     -3.125520  0.000  0.087  0.000  0.030  0.133  0.159  0.000  0.052  0.406  0.868
   0.72557     -3.125553  0.000  0.088  0.000  0.030  0.130  0.159  0.000  0.050  0.411  0.868
   0.71106     -3.138371  0.007  0.024  0.114  0.076  0.352  0.021  0.011  0.061  0.120  0.789
   0.69655     -3.158556  0.006  0.026  0.116  0.078  0.350  0.020  0.012  0.058  0.118  0.784
   0.68203     -3.179941  0.006  0.026  0.119  0.079  0.346  0.018  0.013  0.053  0.116  0.780
   0.66752     -3.202473  0.006  0.026  0.123  0.082  0.342  0.017  0.016  0.050  0.114  0.775
   0.65301     -3.226081  0.008  0.026  0.123  0.082  0.337  0.016  0.019  0.046  0.112  0.770
   0.63850     -3.250678  0.007  0.027  0.124  0.083  0.330  0.014  0.024  0.043  0.111  0.767
   0.62399     -3.276151  0.007  0.027  0.126  0.084  0.324  0.013  0.030  0.040  0.108  0.763
   0.60948     -3.302362  0.007  0.027  0.128  0.085  0.317  0.013  0.039  0.038  0.106  0.759
   0.59497     -3.329134  0.007  0.027  0.128  0.085  0.308  0.012  0.050  0.036  0.102  0.756
   0.58046     -3.356233  0.007  0.028  0.127  0.084  0.297  0.012  0.066  0.036  0.099  0.756
   0.56594     -3.383323  0.006  0.028  0.124  0.083  0.285  0.012  0.089  0.036  0.095  0.756
   0.56594     -3.383323  0.006  0.028  0.124  0.083  0.285  0.012  0.089  0.036  0.095  0.756
   0.55143     -3.409886  0.004  0.026  0.118  0.079  0.268  0.014  0.123  0.039  0.089  0.762
   0.53692     -3.435031  0.005  0.024  0.108  0.071  0.245  0.015  0.178  0.046  0.082  0.772
   0.52241     -3.457179  0.003  0.020  0.088  0.058  0.211  0.020  0.265  0.061  0.070  0.795
   0.50790     -3.473956  0.004  0.013  0.059  0.039  0.165  0.028  0.381  0.085  0.054  0.830
   0.49339     -3.483652  0.004  0.006  0.034  0.019  0.121  0.038  0.483  0.113  0.040  0.862
   0.47888     -3.487162  0.006  0.003  0.017  0.009  0.095  0.045  0.539  0.134  0.032  0.881
   0.46436     -3.486641  0.006  0.001  0.010  0.004  0.081  0.050  0.561  0.149  0.027  0.890
   0.44985     -3.483657  0.006  0.000  0.007  0.003  0.074  0.053  0.567  0.159  0.025  0.895
   0.43534     -3.479060  0.008  0.000  0.007  0.001  0.071  0.055  0.566  0.166  0.023  0.899
   0.42083     -3.473297  0.008  0.000  0.005  0.001  0.069  0.058  0.562  0.172  0.023  0.898
   0.40632     -3.466615  0.008  0.000  0.005  0.000  0.068  0.060  0.557  0.178  0.023  0.901
   0.39181     -3.459164  0.008  0.000  0.005  0.000  0.067  0.062  0.551  0.183  0.022  0.902
   0.37730     -3.451046  0.008  0.000  0.006  0.000  0.067  0.063  0.546  0.188  0.022  0.902
   0.36278     -3.442333  0.008  0.000  0.006  0.000  0.067  0.065  0.540  0.193  0.022  0.902
   0.34827     -3.433080  0.008  0.000  0.006  0.000  0.067  0.067  0.533  0.198  0.022  0.903
   0.33376     -3.423332  0.010  0.000  0.006  0.000  0.068  0.067  0.527  0.201  0.022  0.902
   0.31925     -3.413127  0.010  0.000  0.008  0.000  0.067  0.069  0.520  0.206  0.022  0.903
   0.30474     -3.402498  0.010  0.000  0.008  0.000  0.068  0.070  0.514  0.211  0.023  0.905
   0.29023     -3.391473  0.010  0.000  0.008  0.000  0.067  0.072  0.508  0.215  0.023  0.904
   0.27572     -3.380074  0.010  0.000  0.009  0.000  0.068  0.073  0.502  0.219  0.023  0.905
   0.26120     -3.368322  0.010  0.000  0.009  0.000  0.068  0.075  0.495  0.224  0.023  0.906
   0.24669     -3.356230  0.011  0.000  0.011  0.000  0.068  0.076  0.487  0.228  0.023  0.905
   0.23218     -3.343805  0.011  0.000  0.012  0.000  0.070  0.078  0.480  0.232  0.023  0.907
   0.21767     -3.331046  0.011  0.000  0.014  0.000  0.070  0.079  0.472  0.236  0.023  0.905
   0.20316     -3.317948  0.011  0.000  0.016  0.000  0.071  0.080  0.463  0.239  0.023  0.904
   0.18865     -3.304492  0.011  0.000  0.019  0.000  0.071  0.081  0.454  0.243  0.023  0.903
   0.17414     -3.290654  0.013  0.000  0.021  0.001  0.073  0.082  0.443  0.246  0.025  0.902
   0.15963     -3.276403  0.013  0.000  0.024  0.001  0.074  0.083  0.432  0.248  0.025  0.901
   0.14511     -3.261708  0.013  0.000  0.028  0.002  0.076  0.084  0.420  0.250  0.026  0.898
   0.13060     -3.246547  0.013  0.000  0.033  0.004  0.078  0.084  0.406  0.250  0.026  0.897
   0.11609     -3.230915  0.014  0.000  0.038  0.004  0.082  0.084  0.393  0.251  0.027  0.892
   0.10158     -3.214835  0.014  0.000  0.043  0.005  0.085  0.084  0.378  0.249  0.029  0.888
   0.08707     -3.198367  0.014  0.002  0.050  0.006  0.089  0.083  0.363  0.247  0.030  0.883
   0.07256     -3.181613  0.015  0.002  0.055  0.008  0.094  0.083  0.347  0.245  0.031  0.878
   0.05805     -3.164710  0.015  0.002  0.060  0.008  0.099  0.082  0.332  0.242  0.034  0.875
   0.04353     -3.147820  0.016  0.002  0.065  0.010  0.106  0.081  0.317  0.239  0.036  0.871
   0.02902     -3.131117  0.014  0.002  0.070  0.012  0.111  0.081  0.301  0.234  0.040  0.869
   0.01451     -3.117865  0.000  0.108  0.000  0.038  0.110  0.176  0.001  0.042  0.378  0.854
   0.00000     -3.118250  0.000  0.109  0.000  0.035  0.121  0.167  0.000  0.053  0.368  0.855
 
# Band-Index:    9
   0.00000     -3.098943  0.015  0.004  0.077  0.014  0.133  0.076  0.271  0.233  0.042  0.865
   0.01451     -3.114754  0.014  0.007  0.072  0.012  0.134  0.066  0.285  0.245  0.029  0.866
   0.02902     -3.117453  0.000  0.112  0.000  0.036  0.125  0.159  0.000  0.057  0.364  0.853
   0.04353     -3.117062  0.000  0.112  0.000  0.038  0.124  0.158  0.000  0.054  0.367  0.852
   0.05805     -3.116678  0.000  0.112  0.000  0.038  0.124  0.157  0.000  0.053  0.368  0.852
   0.07256     -3.116303  0.000  0.113  0.000  0.038  0.124  0.154  0.000  0.052  0.371  0.852
   0.08707     -3.115944  0.000  0.113  0.000  0.038  0.125  0.152  0.000  0.052  0.372  0.850
   0.10158     -3.115604  0.000  0.115  0.000  0.038  0.125  0.150  0.000  0.051  0.373  0.850
   0.11609     -3.115289  0.000  0.116  0.000  0.038  0.125  0.147  0.000  0.049  0.375  0.850
   0.13060     -3.115003  0.000  0.116  0.000  0.038  0.126  0.145  0.000  0.048  0.378  0.850
   0.14511     -3.114753  0.000  0.117  0.000  0.039  0.126  0.143  0.000  0.048  0.379  0.850
   0.15963     -3.114540  0.000  0.114  0.000  0.039  0.127  0.141  0.000  0.047  0.382  0.850
   0.17414     -3.114371  0.000  0.114  0.000  0.039  0.128  0.138  0.000  0.046  0.384  0.850
   0.18865     -3.114246  0.000  0.115  0.000  0.039  0.129  0.136  0.000  0.045  0.386  0.850
   0.20316     -3.114170  0.000  0.115  0.000  0.039  0.129  0.135  0.000  0.045  0.389  0.849
   0.21767     -3.114144  0.000  0.114  0.000  0.037  0.131  0.133  0.000  0.045  0.391  0.851
   0.23218     -3.114172  0.000  0.113  0.000  0.037  0.131  0.131  0.000  0.044  0.394  0.851
   0.24669     -3.114254  0.000  0.114  0.000  0.037  0.132  0.130  0.000  0.044  0.396  0.851
   0.26120     -3.114388  0.000  0.112  0.000  0.037  0.133  0.128  0.000  0.043  0.398  0.852
   0.27572     -3.114575  0.000  0.112  0.000  0.037  0.133  0.127  0.000  0.043  0.400  0.852
   0.29023     -3.114814  0.000  0.111  0.000  0.037  0.134  0.126  0.000  0.042  0.402  0.852
   0.30474     -3.115103  0.000  0.110  0.000  0.037  0.135  0.126  0.000  0.042  0.404  0.853
   0.31925     -3.115437  0.000  0.110  0.000  0.038  0.135  0.125  0.000  0.042  0.406  0.853
   0.33376     -3.115812  0.000  0.108  0.000  0.036  0.136  0.124  0.000  0.042  0.408  0.853
   0.34827     -3.116226  0.000  0.108  0.000  0.036  0.137  0.124  0.000  0.041  0.410  0.856
   0.36278     -3.116672  0.000  0.106  0.000  0.036  0.137  0.125  0.000  0.041  0.411  0.855
   0.37730     -3.117147  0.000  0.106  0.000  0.036  0.137  0.124  0.000  0.041  0.412  0.857
   0.39181     -3.117646  0.000  0.104  0.000  0.036  0.138  0.125  0.000  0.042  0.414  0.857
   0.40632     -3.118163  0.000  0.104  0.000  0.036  0.139  0.125  0.000  0.042  0.415  0.857
   0.42083     -3.118692  0.000  0.102  0.000  0.034  0.139  0.126  0.000  0.042  0.415  0.859
   0.43534     -3.119226  0.000  0.102  0.000  0.034  0.139  0.126  0.000  0.042  0.416  0.859
   0.44985     -3.119763  0.000  0.100  0.000  0.034  0.139  0.127  0.000  0.042  0.418  0.859
   0.46436     -3.120298  0.000  0.100  0.000  0.034  0.139  0.129  0.000  0.043  0.418  0.861
   0.47888     -3.120825  0.000  0.098  0.000  0.033  0.140  0.129  0.000  0.043  0.418  0.860
   0.49339     -3.121340  0.000  0.097  0.000  0.033  0.140  0.130  0.000  0.043  0.418  0.862
   0.50790     -3.121836  0.000  0.097  0.000  0.033  0.140  0.131  0.000  0.044  0.419  0.861
   0.52241     -3.122310  0.000  0.095  0.000  0.031  0.140  0.134  0.000  0.045  0.419  0.863
   0.53692     -3.122760  0.000  0.095  0.000  0.031  0.139  0.135  0.000  0.045  0.418  0.863
   0.55143     -3.123184  0.000  0.095  0.000  0.031  0.139  0.136  0.000  0.045  0.418  0.864
   0.56594     -3.123577  0.000  0.093  0.000  0.031  0.139  0.137  0.000  0.046  0.418  0.865
   0.56594     -3.123577  0.000  0.093  0.000  0.031  0.139  0.137  0.000  0.046  0.418  0.865
   0.58046     -3.123938  0.000  0.092  0.000  0.031  0.139  0.139  0.000  0.047  0.417  0.864
   0.59497     -3.124264  0.000  0.092  0.000  0.031  0.139  0.141  0.000  0.047  0.417  0.866
   0.60948     -3.124556  0.000  0.092  0.000  0.031  0.138  0.143  0.000  0.047  0.416  0.867
   0.62399     -3.124810  0.000  0.091  0.000  0.031  0.138  0.144  0.000  0.048  0.415  0.867
   0.63850     -3.125027  0.000  0.090  0.000  0.031  0.139  0.146  0.000  0.049  0.414  0.866
   0.65301     -3.125204  0.000  0.089  0.000  0.031  0.138  0.148  0.000  0.050  0.413  0.867
   0.66752     -3.125345  0.000  0.089  0.000  0.031  0.138  0.150  0.000  0.050  0.411  0.868
   0.68203     -3.125449  0.000  0.088  0.000  0.030  0.138  0.151  0.000  0.050  0.410  0.867
   0.69655     -3.125518  0.000  0.088  0.000  0.030  0.137  0.154  0.000  0.051  0.408  0.868
   0.71106     -3.125552  0.000  0.088  0.000  0.028  0.139  0.155  0.000  0.052  0.405  0.868
   0.72557     -3.119428  0.008  0.025  0.112  0.072  0.362  0.020  0.011  0.068  0.114  0.794
   0.74008     -3.101756  0.008  0.023  0.110  0.072  0.360  0.023  0.012  0.072  0.118  0.798
   0.75459     -3.085365  0.006  0.023  0.108  0.069  0.360  0.025  0.014  0.076  0.119  0.803
   0.76910     -3.070272  0.007  0.023  0.106  0.067  0.361  0.026  0.015  0.082  0.119  0.806
   0.78361     -3.056465  0.007  0.021  0.104  0.065  0.361  0.029  0.017  0.087  0.119  0.812
   0.79813     -3.043942  0.008  0.021  0.103  0.062  0.360  0.031  0.020  0.092  0.120  0.816
   0.81264     -3.032686  0.008  0.021  0.100  0.060  0.358  0.033  0.023  0.098  0.119  0.818
   0.82715     -3.022679  0.009  0.019  0.098  0.058  0.356  0.035  0.027  0.104  0.118  0.824
   0.84166     -3.013900  0.009  0.018  0.096  0.055  0.354  0.036  0.030  0.110  0.118  0.828
   0.85617     -3.006335  0.010  0.018  0.094  0.053  0.350  0.039  0.034  0.118  0.116  0.833
   0.87068     -2.999969  0.010  0.016  0.092  0.049  0.345  0.042  0.039  0.126  0.114  0.835
   0.88519     -2.994799  0.009  0.016  0.092  0.048  0.339  0.044  0.045  0.133  0.112  0.838
   0.89971     -2.990829  0.009  0.014  0.089  0.046  0.332  0.048  0.051  0.142  0.110  0.842
   0.91422     -2.988073  0.010  0.014  0.088  0.041  0.323  0.050  0.058  0.152  0.107  0.845
   0.92873     -2.986568  0.010  0.012  0.088  0.039  0.313  0.053  0.067  0.160  0.103  0.848
   0.94324     -2.986343  0.012  0.012  0.085  0.037  0.301  0.057  0.077  0.170  0.100  0.850
   0.95775     -2.987428  0.012  0.012  0.085  0.035  0.288  0.060  0.088  0.179  0.096  0.852
   0.97226     -2.989846  0.012  0.010  0.085  0.031  0.274  0.062  0.099  0.188  0.090  0.854
   0.98677     -2.993614  0.012  0.010  0.084  0.029  0.261  0.064  0.114  0.196  0.086  0.855
   1.00128     -2.998731  0.012  0.008  0.084  0.027  0.245  0.067  0.128  0.202  0.081  0.857
   1.01580     -3.005175  0.011  0.008  0.084  0.025  0.231  0.069  0.143  0.208  0.076  0.859
   1.03031     -3.012922  0.011  0.008  0.084  0.023  0.217  0.071  0.160  0.213  0.072  0.859
   1.04482     -3.021930  0.013  0.008  0.083  0.023  0.203  0.071  0.176  0.216  0.067  0.859
   1.05933     -3.032149  0.013  0.006  0.083  0.021  0.189  0.073  0.192  0.219  0.062  0.860
   1.07384     -3.043520  0.013  0.006  0.083  0.019  0.176  0.074  0.209  0.222  0.058  0.861
   1.08835     -3.055974  0.013  0.006  0.080  0.018  0.165  0.074  0.225  0.224  0.054  0.861
   1.10286     -3.069428  0.014  0.006  0.080  0.016  0.153  0.075  0.241  0.228  0.049  0.861
   1.11738     -3.083789  0.015  0.004  0.077  0.016  0.143  0.075  0.256  0.230  0.046  0.862
   1.13189     -3.098943  0.015  0.004  0.077  0.014  0.133  0.076  0.271  0.233  0.042  0.865
 
# Band-Index:   10
   1.13189     -2.669887  0.030  0.004  0.015  0.015  0.391  0.028  0.204  0.085  0.131  0.903
   1.11738     -2.675179  0.030  0.004  0.017  0.013  0.390  0.028  0.205  0.084  0.131  0.902
   1.10286     -2.680658  0.030  0.004  0.016  0.013  0.389  0.028  0.206  0.083  0.130  0.899
   1.08835     -2.686280  0.030  0.004  0.016  0.011  0.387  0.028  0.206  0.085  0.129  0.897
   1.07384     -2.691987  0.030  0.004  0.016  0.011  0.383  0.029  0.205  0.087  0.129  0.895
   1.05933     -2.697698  0.033  0.002  0.016  0.009  0.379  0.030  0.203  0.092  0.128  0.894
   1.04482     -2.703312  0.033  0.002  0.016  0.009  0.374  0.032  0.200  0.098  0.125  0.891
   1.03031     -2.708707  0.032  0.002  0.015  0.009  0.369  0.035  0.195  0.106  0.123  0.889
   1.01580     -2.713734  0.034  0.002  0.015  0.009  0.361  0.039  0.190  0.117  0.121  0.887
   1.00128     -2.718227  0.034  0.002  0.015  0.009  0.353  0.043  0.182  0.130  0.118  0.886
   0.98677     -2.722001  0.036  0.002  0.015  0.008  0.343  0.048  0.173  0.146  0.114  0.886
   0.97226     -2.724862  0.036  0.002  0.015  0.008  0.331  0.054  0.163  0.165  0.111  0.884
   0.95775     -2.726618  0.035  0.002  0.013  0.008  0.318  0.061  0.151  0.185  0.106  0.883
   0.94324     -2.727091  0.037  0.004  0.012  0.010  0.305  0.069  0.139  0.208  0.102  0.884
   0.92873     -2.726131  0.037  0.004  0.010  0.010  0.291  0.077  0.125  0.232  0.097  0.885
   0.91422     -2.723627  0.038  0.004  0.008  0.012  0.275  0.085  0.112  0.257  0.092  0.884
   0.89971     -2.719522  0.038  0.004  0.008  0.014  0.260  0.094  0.099  0.282  0.086  0.886
   0.88519     -2.713801  0.039  0.006  0.006  0.016  0.245  0.101  0.088  0.306  0.082  0.886
   0.87068     -2.706512  0.039  0.006  0.006  0.018  0.229  0.109  0.077  0.329  0.076  0.888
   0.85617     -2.697751  0.038  0.006  0.004  0.020  0.214  0.116  0.067  0.350  0.071  0.888
   0.84166     -2.687661  0.039  0.008  0.005  0.022  0.199  0.123  0.060  0.370  0.066  0.890
   0.82715     -2.676419  0.038  0.008  0.003  0.024  0.184  0.129  0.053  0.388  0.062  0.890
   0.81264     -2.664235  0.037  0.008  0.004  0.026  0.170  0.134  0.050  0.404  0.057  0.891
   0.79813     -2.651342  0.037  0.010  0.004  0.028  0.156  0.139  0.048  0.417  0.052  0.892
   0.78361     -2.637986  0.037  0.010  0.004  0.030  0.143  0.143  0.046  0.430  0.048  0.893
   0.76910     -2.624423  0.036  0.012  0.005  0.034  0.131  0.146  0.047  0.439  0.044  0.893
   0.75459     -2.610911  0.038  0.012  0.003  0.036  0.119  0.149  0.049  0.448  0.039  0.894
   0.74008     -2.597706  0.037  0.012  0.004  0.038  0.108  0.151  0.052  0.455  0.036  0.894
   0.72557     -2.585057  0.037  0.014  0.005  0.040  0.098  0.154  0.058  0.460  0.032  0.895
   0.71106     -2.573192  0.035  0.014  0.005  0.042  0.088  0.154  0.064  0.463  0.029  0.897
   0.69655     -2.562316  0.035  0.014  0.007  0.044  0.082  0.154  0.071  0.463  0.027  0.898
   0.68203     -2.552606  0.036  0.014  0.007  0.044  0.075  0.154  0.080  0.462  0.025  0.899
   0.66752     -2.544194  0.037  0.016  0.007  0.046  0.071  0.152  0.090  0.458  0.024  0.898
   0.65301     -2.537161  0.038  0.016  0.007  0.046  0.069  0.150  0.100  0.451  0.023  0.900
   0.63850     -2.531544  0.039  0.016  0.007  0.048  0.070  0.147  0.110  0.443  0.024  0.902
   0.62399     -2.527324  0.038  0.016  0.006  0.048  0.072  0.144  0.121  0.432  0.024  0.903
   0.60948     -2.524437  0.039  0.016  0.008  0.048  0.076  0.140  0.131  0.421  0.025  0.905
   0.59497     -2.522784  0.040  0.016  0.008  0.048  0.083  0.136  0.141  0.408  0.027  0.906
   0.58046     -2.522241  0.039  0.016  0.007  0.048  0.090  0.131  0.150  0.394  0.030  0.906
   0.56594     -2.522669  0.040  0.016  0.007  0.048  0.099  0.126  0.159  0.379  0.033  0.908
   0.56594     -2.522669  0.040  0.016  0.007  0.048  0.099  0.126  0.159  0.379  0.033  0.908
   0.55143     -2.523929  0.039  0.016  0.007  0.047  0.109  0.122  0.166  0.366  0.036  0.909
   0.53692     -2.525885  0.040  0.016  0.007  0.046  0.119  0.117  0.173  0.351  0.040  0.909
   0.52241     -2.528411  0.040  0.016  0.009  0.046  0.130  0.112  0.179  0.337  0.044  0.912
   0.50790     -2.531398  0.039  0.014  0.008  0.044  0.142  0.108  0.184  0.324  0.047  0.912
   0.49339     -2.534748  0.039  0.014  0.008  0.044  0.153  0.104  0.189  0.310  0.052  0.913
   0.47888     -2.538379  0.040  0.014  0.008  0.044  0.165  0.099  0.192  0.298  0.055  0.913
   0.46436     -2.542224  0.038  0.014  0.008  0.043  0.176  0.095  0.195  0.286  0.059  0.914
   0.44985     -2.546221  0.039  0.014  0.008  0.043  0.187  0.092  0.198  0.274  0.063  0.915
   0.43534     -2.550328  0.039  0.014  0.008  0.041  0.199  0.088  0.200  0.264  0.067  0.915
   0.42083     -2.554505  0.037  0.014  0.008  0.041  0.209  0.085  0.202  0.253  0.070  0.917
   0.40632     -2.558721  0.037  0.012  0.007  0.039  0.220  0.081  0.203  0.243  0.073  0.917
   0.39181     -2.562952  0.037  0.012  0.007  0.039  0.230  0.078  0.203  0.234  0.077  0.917
   0.37730     -2.567179  0.037  0.012  0.007  0.039  0.240  0.075  0.204  0.225  0.080  0.917
   0.36278     -2.571386  0.038  0.012  0.006  0.037  0.250  0.072  0.205  0.216  0.084  0.918
   0.34827     -2.575558  0.036  0.012  0.006  0.037  0.259  0.070  0.204  0.208  0.087  0.918
   0.33376     -2.579686  0.035  0.012  0.007  0.035  0.269  0.067  0.204  0.200  0.090  0.918
   0.31925     -2.583761  0.035  0.012  0.007  0.035  0.278  0.065  0.204  0.192  0.093  0.919
   0.30474     -2.587776  0.035  0.012  0.007  0.035  0.286  0.062  0.203  0.185  0.096  0.918
   0.29023     -2.591727  0.035  0.010  0.007  0.033  0.296  0.060  0.202  0.178  0.099  0.919
   0.27572     -2.595609  0.035  0.010  0.007  0.033  0.304  0.057  0.200  0.171  0.101  0.918
   0.26120     -2.599423  0.035  0.010  0.007  0.033  0.312  0.055  0.200  0.164  0.104  0.920
   0.24669     -2.603167  0.034  0.010  0.007  0.031  0.320  0.053  0.198  0.159  0.108  0.918
   0.23218     -2.606844  0.034  0.010  0.009  0.031  0.327  0.050  0.197  0.152  0.110  0.919
   0.21767     -2.610460  0.032  0.010  0.009  0.029  0.335  0.049  0.196  0.146  0.112  0.917
   0.20316     -2.614024  0.032  0.010  0.010  0.029  0.341  0.047  0.194  0.141  0.114  0.918
   0.18865     -2.617547  0.032  0.009  0.010  0.029  0.348  0.045  0.194  0.135  0.116  0.917
   0.17414     -2.621044  0.031  0.008  0.010  0.027  0.354  0.044  0.193  0.130  0.119  0.917
   0.15963     -2.624532  0.031  0.008  0.010  0.027  0.360  0.041  0.192  0.125  0.121  0.915
   0.14511     -2.628037  0.031  0.008  0.010  0.025  0.365  0.040  0.192  0.120  0.123  0.916
   0.13060     -2.631583  0.031  0.008  0.012  0.026  0.370  0.038  0.192  0.116  0.124  0.914
   0.11609     -2.635197  0.030  0.008  0.012  0.023  0.375  0.037  0.192  0.111  0.126  0.914
   0.10158     -2.638912  0.030  0.008  0.012  0.023  0.379  0.036  0.193  0.107  0.127  0.911
   0.08707     -2.642755  0.030  0.006  0.012  0.021  0.382  0.035  0.194  0.102  0.128  0.912
   0.07256     -2.646758  0.029  0.006  0.012  0.019  0.385  0.032  0.195  0.099  0.129  0.909
   0.05805     -2.650947  0.029  0.006  0.014  0.019  0.387  0.031  0.197  0.095  0.130  0.910
   0.04353     -2.655341  0.029  0.006  0.014  0.017  0.389  0.030  0.199  0.092  0.131  0.907
   0.02902     -2.659961  0.029  0.006  0.014  0.017  0.390  0.029  0.201  0.089  0.131  0.907
   0.01451     -2.664809  0.031  0.004  0.015  0.015  0.391  0.029  0.203  0.087  0.131  0.903
   0.00000     -2.669887  0.030  0.004  0.015  0.015  0.391  0.028  0.204  0.085  0.131  0.903
 
# Band-Index:   11
   0.00000     -2.449977  0.000  0.129  0.000  0.042  0.075  0.286  0.000  0.095  0.223  0.851
   0.01451     -2.450184  0.000  0.131  0.000  0.044  0.073  0.285  0.000  0.095  0.219  0.848
   0.02902     -2.449855  0.000  0.135  0.000  0.044  0.073  0.284  0.000  0.095  0.215  0.845
   0.04353     -2.448965  0.000  0.138  0.000  0.046  0.072  0.282  0.000  0.094  0.212  0.843
   0.05805     -2.447497  0.000  0.142  0.000  0.047  0.070  0.280  0.000  0.093  0.208  0.840
   0.07256     -2.445427  0.000  0.146  0.000  0.049  0.069  0.277  0.000  0.093  0.204  0.838
   0.08707     -2.442742  0.000  0.150  0.000  0.051  0.068  0.274  0.000  0.091  0.201  0.833
   0.10158     -2.439431  0.000  0.156  0.000  0.051  0.067  0.270  0.000  0.090  0.198  0.830
   0.11609     -2.435485  0.000  0.160  0.000  0.053  0.066  0.265  0.000  0.089  0.195  0.828
   0.13060     -2.430903  0.000  0.164  0.000  0.055  0.065  0.259  0.000  0.086  0.193  0.823
   0.14511     -2.425689  0.000  0.171  0.000  0.057  0.065  0.253  0.000  0.084  0.191  0.819
   0.15963     -2.419849  0.000  0.176  0.000  0.058  0.064  0.245  0.000  0.082  0.190  0.815
   0.17414     -2.413404  0.000  0.181  0.000  0.060  0.064  0.237  0.000  0.079  0.189  0.811
   0.18865     -2.406378  0.000  0.188  0.000  0.063  0.063  0.228  0.000  0.076  0.189  0.807
   0.20316     -2.398806  0.000  0.195  0.000  0.065  0.063  0.218  0.000  0.073  0.189  0.801
   0.21767     -2.390744  0.000  0.200  0.000  0.068  0.065  0.205  0.000  0.068  0.191  0.798
   0.23218     -2.382254  0.000  0.208  0.000  0.070  0.065  0.193  0.000  0.064  0.194  0.792
   0.24669     -2.373416  0.000  0.213  0.000  0.070  0.066  0.179  0.000  0.059  0.199  0.788
   0.26120     -2.364326  0.000  0.220  0.000  0.073  0.069  0.163  0.000  0.054  0.204  0.782
   0.27572     -2.355104  0.000  0.226  0.000  0.075  0.071  0.147  0.000  0.049  0.211  0.779
   0.29023     -2.345884  0.000  0.231  0.000  0.077  0.074  0.129  0.000  0.043  0.221  0.775
   0.30474     -2.336821  0.000  0.236  0.000  0.078  0.077  0.112  0.000  0.038  0.232  0.772
   0.31925     -2.328072  0.000  0.239  0.000  0.080  0.082  0.093  0.000  0.032  0.246  0.769
   0.33376     -2.319806  0.000  0.240  0.000  0.080  0.087  0.076  0.000  0.025  0.260  0.769
   0.34827     -2.312178  0.000  0.240  0.000  0.081  0.092  0.060  0.000  0.020  0.277  0.770
   0.36278     -2.305322  0.000  0.239  0.000  0.079  0.098  0.045  0.000  0.016  0.293  0.770
   0.37730     -2.299339  0.000  0.235  0.000  0.079  0.104  0.034  0.000  0.011  0.311  0.773
   0.39181     -2.294286  0.000  0.229  0.000  0.077  0.109  0.025  0.000  0.009  0.328  0.778
   0.40632     -2.290178  0.000  0.223  0.000  0.075  0.114  0.020  0.000  0.006  0.343  0.782
   0.42083     -2.286989  0.000  0.216  0.000  0.073  0.119  0.018  0.000  0.006  0.358  0.788
   0.43534     -2.284661  0.000  0.210  0.000  0.071  0.124  0.017  0.000  0.005  0.369  0.794
   0.44985     -2.283143  0.000  0.201  0.000  0.067  0.127  0.019  0.000  0.006  0.379  0.801
   0.46436     -2.282350  0.000  0.194  0.000  0.064  0.130  0.023  0.000  0.007  0.388  0.806
   0.47888     -2.282206  0.000  0.186  0.000  0.062  0.132  0.028  0.000  0.009  0.394  0.811
   0.49339     -2.282645  0.000  0.178  0.000  0.059  0.133  0.034  0.000  0.011  0.400  0.817
   0.50790     -2.283592  0.000  0.172  0.000  0.057  0.134  0.041  0.000  0.014  0.403  0.822
   0.52241     -2.284992  0.000  0.166  0.000  0.055  0.135  0.048  0.000  0.016  0.405  0.827
   0.53692     -2.286798  0.000  0.161  0.000  0.053  0.135  0.056  0.000  0.018  0.406  0.831
   0.55143     -2.288970  0.000  0.156  0.000  0.052  0.136  0.064  0.000  0.022  0.407  0.835
   0.56594     -2.291469  0.000  0.151  0.000  0.050  0.135  0.072  0.000  0.024  0.407  0.838
   0.56594     -2.291469  0.000  0.151  0.000  0.050  0.135  0.072  0.000  0.024  0.407  0.838
   0.58046     -2.294265  0.000  0.147  0.000  0.048  0.135  0.081  0.000  0.027  0.406  0.843
   0.59497     -2.297331  0.000  0.142  0.000  0.048  0.135  0.088  0.000  0.029  0.404  0.845
   0.60948     -2.300644  0.000  0.138  0.000  0.046  0.134  0.097  0.000  0.033  0.401  0.848
   0.62399     -2.304189  0.000  0.136  0.000  0.045  0.133  0.104  0.000  0.035  0.399  0.851
   0.63850     -2.307941  0.000  0.130  0.000  0.043  0.132  0.113  0.000  0.038  0.395  0.853
   0.65301     -2.311887  0.000  0.128  0.000  0.043  0.131  0.120  0.000  0.040  0.392  0.856
   0.66752     -2.316014  0.000  0.126  0.000  0.041  0.130  0.129  0.000  0.043  0.389  0.857
   0.68203     -2.320308  0.000  0.123  0.000  0.041  0.128  0.137  0.000  0.045  0.385  0.859
   0.69655     -2.324757  0.000  0.121  0.000  0.041  0.127  0.144  0.000  0.048  0.380  0.861
   0.71106     -2.329350  0.000  0.118  0.000  0.039  0.125  0.152  0.000  0.050  0.376  0.862
   0.72557     -2.334070  0.000  0.117  0.000  0.039  0.124  0.159  0.000  0.053  0.371  0.864
   0.74008     -2.338905  0.000  0.116  0.000  0.039  0.122  0.168  0.000  0.055  0.365  0.864
   0.75459     -2.343848  0.000  0.113  0.000  0.038  0.120  0.175  0.000  0.058  0.360  0.865
   0.76910     -2.348882  0.000  0.113  0.000  0.038  0.118  0.182  0.000  0.060  0.355  0.865
   0.78361     -2.353995  0.000  0.110  0.000  0.036  0.116  0.189  0.000  0.062  0.350  0.867
   0.79813     -2.359172  0.000  0.110  0.000  0.036  0.114  0.197  0.000  0.065  0.345  0.867
   0.81264     -2.364398  0.000  0.110  0.000  0.036  0.113  0.204  0.000  0.067  0.338  0.868
   0.82715     -2.369658  0.000  0.109  0.000  0.036  0.111  0.209  0.000  0.069  0.333  0.869
   0.84166     -2.374933  0.000  0.108  0.000  0.036  0.109  0.216  0.000  0.072  0.327  0.870
   0.85617     -2.380209  0.000  0.106  0.000  0.035  0.107  0.223  0.000  0.074  0.321  0.869
   0.87068     -2.385466  0.000  0.107  0.000  0.035  0.106  0.229  0.000  0.076  0.316  0.870
   0.88519     -2.390685  0.000  0.108  0.000  0.035  0.103  0.235  0.000  0.078  0.309  0.870
   0.89971     -2.395844  0.000  0.108  0.000  0.035  0.101  0.241  0.000  0.080  0.304  0.869
   0.91422     -2.400921  0.000  0.107  0.000  0.035  0.099  0.247  0.000  0.082  0.298  0.868
   0.92873     -2.405895  0.000  0.107  0.000  0.035  0.098  0.251  0.000  0.084  0.293  0.868
   0.94324     -2.410744  0.000  0.108  0.000  0.036  0.096  0.256  0.000  0.085  0.287  0.867
   0.95775     -2.415437  0.000  0.108  0.000  0.036  0.094  0.261  0.000  0.086  0.281  0.867
   0.97226     -2.419948  0.000  0.109  0.000  0.037  0.092  0.265  0.000  0.088  0.276  0.866
   0.98677     -2.424260  0.000  0.110  0.000  0.037  0.090  0.268  0.000  0.090  0.271  0.865
   1.00128     -2.428344  0.000  0.112  0.000  0.037  0.088  0.273  0.000  0.090  0.266  0.865
   1.01580     -2.432165  0.000  0.111  0.000  0.037  0.087  0.276  0.000  0.091  0.260  0.864
   1.03031     -2.435699  0.000  0.113  0.000  0.039  0.086  0.279  0.000  0.093  0.255  0.863
   1.04482     -2.438917  0.000  0.115  0.000  0.039  0.084  0.281  0.000  0.094  0.250  0.862
   1.05933     -2.441789  0.000  0.117  0.000  0.038  0.082  0.283  0.000  0.094  0.245  0.859
   1.07384     -2.444289  0.000  0.119  0.000  0.040  0.081  0.284  0.000  0.095  0.241  0.859
   1.08835     -2.446385  0.000  0.121  0.000  0.040  0.079  0.286  0.000  0.095  0.236  0.857
   1.10286     -2.448050  0.000  0.123  0.000  0.040  0.078  0.286  0.000  0.095  0.232  0.855
   1.11738     -2.449258  0.000  0.124  0.000  0.042  0.076  0.287  0.000  0.095  0.228  0.853
   1.13189     -2.449977  0.000  0.129  0.000  0.042  0.075  0.286  0.000  0.095  0.223  0.851
 
# Band-Index:   12
   1.13189     -1.996678  0.000  0.090  0.000  0.030  0.167  0.075  0.000  0.024  0.504  0.890
   1.11738     -1.986187  0.000  0.094  0.000  0.030  0.166  0.072  0.000  0.023  0.502  0.887
   1.10286     -1.975123  0.000  0.097  0.000  0.032  0.165  0.069  0.000  0.022  0.501  0.885
   1.08835     -1.963477  0.000  0.099  0.000  0.032  0.164  0.066  0.000  0.021  0.498  0.885
   1.07384     -1.951239  0.000  0.104  0.000  0.035  0.164  0.064  0.000  0.021  0.496  0.882
   1.05933     -1.938394  0.000  0.106  0.000  0.035  0.163  0.062  0.000  0.021  0.492  0.881
   1.04482     -1.924939  0.000  0.109  0.000  0.037  0.162  0.062  0.000  0.021  0.489  0.879
   1.03031     -1.910860  0.000  0.111  0.000  0.037  0.161  0.062  0.000  0.020  0.485  0.876
   1.01580     -1.896150  0.000  0.116  0.000  0.039  0.159  0.061  0.000  0.020  0.481  0.874
   1.00128     -1.880800  0.000  0.118  0.000  0.039  0.158  0.062  0.000  0.020  0.476  0.873
   0.98677     -1.864796  0.000  0.119  0.000  0.040  0.156  0.062  0.000  0.021  0.472  0.871
   0.97226     -1.848150  0.000  0.123  0.000  0.040  0.155  0.063  0.000  0.021  0.467  0.870
   0.95775     -1.830848  0.000  0.126  0.000  0.042  0.153  0.064  0.000  0.021  0.462  0.869
   0.94324     -1.812889  0.000  0.128  0.000  0.042  0.152  0.066  0.000  0.021  0.456  0.866
   0.92873     -1.794269  0.000  0.130  0.000  0.044  0.149  0.068  0.000  0.023  0.451  0.865
   0.91422     -1.774992  0.000  0.131  0.000  0.044  0.146  0.071  0.000  0.023  0.446  0.864
   0.89971     -1.760831  0.028  0.025  0.151  0.095  0.066  0.033  0.298  0.079  0.034  0.808
   0.88519     -1.788354  0.037  0.029  0.132  0.090  0.093  0.029  0.291  0.082  0.033  0.816
   0.87068     -1.816325  0.042  0.028  0.119  0.089  0.111  0.028  0.286  0.083  0.038  0.823
   0.85617     -1.843629  0.044  0.028  0.107  0.088  0.126  0.027  0.284  0.081  0.043  0.830
   0.84166     -1.869824  0.046  0.028  0.099  0.085  0.141  0.027  0.283  0.079  0.047  0.835
   0.82715     -1.894696  0.047  0.027  0.092  0.082  0.155  0.026  0.282  0.077  0.052  0.841
   0.81264     -1.918118  0.047  0.027  0.084  0.079  0.168  0.025  0.281  0.074  0.056  0.844
   0.79813     -1.940011  0.048  0.025  0.080  0.077  0.182  0.024  0.279  0.072  0.062  0.849
   0.78361     -1.960306  0.048  0.025  0.074  0.074  0.196  0.023  0.276  0.070  0.066  0.853
   0.76910     -1.978939  0.048  0.025  0.070  0.072  0.210  0.023  0.272  0.067  0.070  0.855
   0.75459     -1.995841  0.046  0.023  0.065  0.070  0.225  0.022  0.268  0.066  0.075  0.861
   0.74008     -2.010948  0.045  0.022  0.060  0.067  0.238  0.021  0.263  0.064  0.080  0.864
   0.72557     -2.024190  0.045  0.022  0.057  0.065  0.252  0.021  0.257  0.064  0.085  0.866
   0.71106     -2.035503  0.042  0.020  0.054  0.062  0.265  0.022  0.250  0.064  0.089  0.870
   0.69655     -2.044841  0.041  0.020  0.050  0.060  0.277  0.022  0.242  0.066  0.093  0.872
   0.68203     -2.052176  0.040  0.020  0.046  0.058  0.289  0.023  0.234  0.069  0.096  0.874
   0.66752     -2.057516  0.038  0.018  0.045  0.055  0.299  0.024  0.225  0.073  0.100  0.877
   0.65301     -2.060906  0.035  0.018  0.041  0.055  0.307  0.026  0.215  0.080  0.103  0.879
   0.63850     -2.062438  0.033  0.018  0.039  0.053  0.313  0.030  0.205  0.087  0.105  0.883
   0.62399     -2.062247  0.031  0.017  0.035  0.050  0.319  0.032  0.196  0.096  0.106  0.885
   0.60948     -2.060511  0.030  0.015  0.034  0.048  0.322  0.035  0.187  0.106  0.107  0.887
   0.59497     -2.057438  0.027  0.015  0.033  0.048  0.323  0.039  0.179  0.117  0.108  0.889
   0.58046     -2.053254  0.026  0.015  0.032  0.045  0.324  0.043  0.171  0.128  0.108  0.891
   0.56594     -2.048197  0.024  0.015  0.030  0.045  0.323  0.046  0.166  0.139  0.108  0.893
   0.56594     -2.048197  0.024  0.015  0.030  0.045  0.323  0.046  0.166  0.139  0.108  0.893
   0.55143     -2.042502  0.023  0.015  0.028  0.043  0.321  0.049  0.161  0.149  0.107  0.896
   0.53692     -2.036391  0.022  0.015  0.027  0.042  0.319  0.052  0.158  0.159  0.106  0.898
   0.52241     -2.030072  0.021  0.013  0.027  0.040  0.315  0.055  0.155  0.167  0.105  0.901
   0.50790     -2.023729  0.020  0.013  0.026  0.040  0.313  0.058  0.154  0.176  0.104  0.902
   0.49339     -2.017526  0.019  0.012  0.026  0.037  0.309  0.061  0.154  0.183  0.103  0.905
   0.47888     -2.011604  0.018  0.012  0.026  0.037  0.305  0.062  0.154  0.191  0.101  0.906
   0.46436     -2.006079  0.017  0.012  0.026  0.035  0.302  0.064  0.156  0.197  0.100  0.907
   0.44985     -2.001047  0.016  0.010  0.026  0.035  0.299  0.065  0.159  0.202  0.098  0.909
   0.43534     -1.996583  0.018  0.010  0.026  0.032  0.299  0.063  0.162  0.210  0.093  0.910
   0.42083     -2.004027  0.000  0.054  0.000  0.018  0.079  0.407  0.000  0.143  0.217  0.917
   0.40632     -2.020547  0.000  0.045  0.000  0.015  0.082  0.406  0.000  0.137  0.240  0.924
   0.39181     -2.035295  0.000  0.035  0.000  0.011  0.089  0.400  0.000  0.134  0.262  0.932
   0.37730     -2.048229  0.000  0.026  0.000  0.009  0.095  0.391  0.000  0.131  0.284  0.937
   0.36278     -2.059333  0.000  0.020  0.000  0.007  0.103  0.379  0.000  0.126  0.307  0.944
   0.34827     -2.068640  0.000  0.015  0.000  0.004  0.111  0.362  0.000  0.121  0.330  0.946
   0.33376     -2.076220  0.000  0.013  0.000  0.004  0.118  0.345  0.000  0.115  0.353  0.948
   0.31925     -2.082186  0.000  0.011  0.000  0.004  0.125  0.326  0.000  0.109  0.374  0.948
   0.30474     -2.086670  0.000  0.012  0.000  0.004  0.131  0.306  0.000  0.102  0.392  0.947
   0.29023     -2.089815  0.000  0.013  0.000  0.004  0.137  0.287  0.000  0.096  0.410  0.947
   0.27572     -2.091765  0.000  0.016  0.000  0.005  0.141  0.267  0.000  0.089  0.424  0.945
   0.26120     -2.092651  0.000  0.020  0.000  0.007  0.146  0.250  0.000  0.083  0.438  0.944
   0.24669     -2.092593  0.000  0.023  0.000  0.007  0.149  0.232  0.000  0.077  0.450  0.940
   0.23218     -2.091689  0.000  0.027  0.000  0.009  0.153  0.215  0.000  0.072  0.459  0.936
   0.21767     -2.090024  0.000  0.032  0.000  0.011  0.155  0.200  0.000  0.067  0.468  0.934
   0.20316     -2.087666  0.000  0.037  0.000  0.011  0.158  0.186  0.000  0.061  0.476  0.929
   0.18865     -2.084666  0.000  0.041  0.000  0.013  0.160  0.173  0.000  0.057  0.482  0.927
   0.17414     -2.081072  0.000  0.045  0.000  0.015  0.161  0.162  0.000  0.053  0.487  0.922
   0.15963     -2.076912  0.000  0.049  0.000  0.015  0.163  0.150  0.000  0.049  0.492  0.920
   0.14511     -2.072211  0.000  0.054  0.000  0.018  0.164  0.140  0.000  0.046  0.496  0.917
   0.13060     -2.066982  0.000  0.059  0.000  0.021  0.165  0.131  0.000  0.043  0.499  0.913
   0.11609     -2.061238  0.000  0.063  0.000  0.021  0.166  0.122  0.000  0.040  0.501  0.912
   0.10158     -2.054983  0.000  0.065  0.000  0.023  0.167  0.114  0.000  0.037  0.503  0.908
   0.08707     -2.048219  0.000  0.069  0.000  0.023  0.167  0.106  0.000  0.035  0.505  0.906
   0.07256     -2.040943  0.000  0.074  0.000  0.025  0.166  0.099  0.000  0.033  0.506  0.903
   0.05805     -2.033151  0.000  0.077  0.000  0.026  0.167  0.094  0.000  0.031  0.506  0.900
   0.04353     -2.024837  0.000  0.079  0.000  0.026  0.167  0.088  0.000  0.029  0.507  0.898
   0.02902     -2.015995  0.000  0.083  0.000  0.028  0.167  0.083  0.000  0.027  0.507  0.896
   0.01451     -2.006611  0.000  0.087  0.000  0.028  0.167  0.079  0.000  0.026  0.505  0.893
   0.00000     -1.996678  0.000  0.090  0.000  0.030  0.167  0.075  0.000  0.024  0.504  0.890
 
# Band-Index:   13
   0.00000     -1.918949  0.036  0.007  0.078  0.018  0.277  0.073  0.084  0.220  0.091  0.884
   0.01451     -1.931107  0.036  0.007  0.076  0.018  0.278  0.073  0.087  0.220  0.091  0.886
   0.02902     -1.942281  0.036  0.006  0.072  0.018  0.279  0.073  0.092  0.220  0.091  0.888
   0.04353     -1.952401  0.036  0.006  0.070  0.017  0.279  0.074  0.098  0.221  0.091  0.890
   0.05805     -1.961417  0.035  0.004  0.065  0.015  0.278  0.073  0.105  0.221  0.091  0.890
   0.07256     -1.969291  0.033  0.004  0.062  0.015  0.277  0.073  0.114  0.221  0.090  0.892
   0.08707     -1.976021  0.033  0.004  0.060  0.014  0.276  0.073  0.122  0.220  0.090  0.895
   0.10158     -1.981615  0.033  0.004  0.056  0.014  0.275  0.073  0.132  0.220  0.090  0.897
   0.11609     -1.986105  0.033  0.004  0.052  0.014  0.273  0.072  0.140  0.220  0.090  0.900
   0.13060     -1.989543  0.031  0.004  0.051  0.014  0.272  0.073  0.149  0.219  0.090  0.902
   0.14511     -1.992001  0.031  0.004  0.047  0.014  0.270  0.072  0.158  0.219  0.089  0.904
   0.15963     -1.993565  0.030  0.004  0.045  0.014  0.269  0.073  0.166  0.219  0.089  0.907
   0.17414     -1.994334  0.030  0.004  0.043  0.013  0.267  0.072  0.174  0.218  0.088  0.908
   0.18865     -1.994414  0.027  0.004  0.040  0.013  0.266  0.073  0.180  0.218  0.088  0.910
   0.20316     -1.993924  0.026  0.004  0.038  0.013  0.266  0.072  0.185  0.217  0.088  0.913
   0.21767     -1.992979  0.026  0.004  0.037  0.013  0.265  0.072  0.190  0.218  0.088  0.915
   0.23218     -1.991706  0.025  0.006  0.035  0.015  0.265  0.073  0.194  0.218  0.088  0.915
   0.24669     -1.990220  0.025  0.006  0.034  0.015  0.265  0.072  0.195  0.218  0.088  0.916
   0.26120     -1.988644  0.022  0.006  0.032  0.015  0.265  0.073  0.197  0.218  0.088  0.918
   0.27572     -1.987091  0.022  0.006  0.031  0.017  0.266  0.073  0.198  0.218  0.088  0.917
   0.29023     -1.985674  0.021  0.006  0.029  0.017  0.267  0.073  0.197  0.218  0.089  0.918
   0.30474     -1.984494  0.021  0.006  0.029  0.019  0.268  0.072  0.196  0.217  0.090  0.919
   0.31925     -1.983646  0.020  0.008  0.028  0.021  0.270  0.072  0.193  0.218  0.090  0.919
   0.33376     -1.983217  0.018  0.008  0.029  0.021  0.272  0.073  0.190  0.217  0.091  0.918
   0.34827     -1.983281  0.018  0.008  0.027  0.023  0.275  0.073  0.186  0.216  0.091  0.917
   0.36278     -1.983902  0.018  0.008  0.027  0.023  0.276  0.073  0.183  0.215  0.093  0.916
   0.37730     -1.985129  0.018  0.008  0.025  0.026  0.279  0.073  0.179  0.213  0.094  0.915
   0.39181     -1.987002  0.017  0.010  0.026  0.028  0.282  0.072  0.174  0.212  0.095  0.914
   0.40632     -1.989533  0.018  0.010  0.026  0.028  0.285  0.072  0.169  0.209  0.097  0.913
   0.42083     -1.992728  0.018  0.010  0.026  0.030  0.285  0.074  0.166  0.203  0.101  0.912
   0.43534     -1.985802  0.000  0.066  0.000  0.021  0.063  0.419  0.000  0.132  0.208  0.908
   0.44985     -1.965992  0.000  0.077  0.000  0.025  0.061  0.415  0.000  0.136  0.189  0.901
   0.46436     -1.944686  0.000  0.087  0.000  0.029  0.057  0.411  0.000  0.135  0.174  0.894
   0.47888     -1.921987  0.000  0.097  0.000  0.033  0.053  0.406  0.000  0.134  0.162  0.885
   0.49339     -1.897993  0.000  0.109  0.000  0.035  0.050  0.402  0.000  0.133  0.151  0.879
   0.50790     -1.872795  0.000  0.118  0.000  0.039  0.046  0.395  0.000  0.132  0.142  0.872
   0.52241     -1.846475  0.000  0.128  0.000  0.042  0.044  0.389  0.000  0.129  0.134  0.866
   0.53692     -1.819108  0.000  0.135  0.000  0.045  0.042  0.382  0.000  0.127  0.127  0.859
   0.55143     -1.790762  0.000  0.145  0.000  0.049  0.040  0.375  0.000  0.124  0.120  0.852
   0.56594     -1.761497  0.000  0.152  0.000  0.052  0.038  0.368  0.000  0.123  0.116  0.847
   0.56594     -1.761497  0.000  0.152  0.000  0.052  0.038  0.368  0.000  0.123  0.116  0.847
   0.58046     -1.731368  0.000  0.160  0.000  0.054  0.037  0.360  0.000  0.120  0.111  0.842
   0.59497     -1.700425  0.000  0.167  0.000  0.056  0.036  0.352  0.000  0.117  0.107  0.837
   0.60948     -1.668716  0.000  0.174  0.000  0.059  0.035  0.345  0.000  0.114  0.104  0.831
   0.62399     -1.636288  0.000  0.182  0.000  0.061  0.033  0.337  0.000  0.113  0.102  0.827
   0.63850     -1.603184  0.000  0.189  0.000  0.063  0.034  0.328  0.000  0.110  0.100  0.822
   0.65301     -1.569454  0.000  0.194  0.000  0.065  0.033  0.318  0.000  0.106  0.100  0.818
   0.66752     -1.535171  0.000  0.202  0.000  0.067  0.034  0.306  0.000  0.102  0.101  0.812
   0.68203     -1.512761  0.013  0.006  0.040  0.020  0.067  0.012  0.720  0.036  0.022  0.937
   0.69655     -1.520003  0.014  0.006  0.043  0.021  0.072  0.013  0.704  0.040  0.025  0.935
   0.71106     -1.527557  0.013  0.006  0.043  0.021  0.077  0.015  0.684  0.044  0.026  0.934
   0.72557     -1.535445  0.013  0.009  0.043  0.024  0.084  0.016  0.663  0.049  0.029  0.931
   0.74008     -1.543684  0.016  0.009  0.043  0.024  0.093  0.018  0.640  0.054  0.032  0.928
   0.75459     -1.552300  0.017  0.009  0.045  0.026  0.101  0.020  0.614  0.060  0.034  0.926
   0.76910     -1.561314  0.019  0.009  0.045  0.027  0.109  0.022  0.586  0.067  0.039  0.922
   0.78361     -1.572652  0.000  0.150  0.000  0.054  0.111  0.091  0.004  0.033  0.406  0.853
   0.79813     -1.597576  0.000  0.153  0.000  0.051  0.130  0.092  0.000  0.031  0.398  0.854
   0.81264     -1.621931  0.000  0.151  0.000  0.051  0.133  0.089  0.000  0.030  0.402  0.855
   0.82715     -1.645686  0.000  0.149  0.000  0.049  0.136  0.086  0.000  0.029  0.409  0.857
   0.84166     -1.668828  0.000  0.146  0.000  0.049  0.138  0.084  0.000  0.029  0.414  0.857
   0.85617     -1.691346  0.000  0.142  0.000  0.047  0.140  0.081  0.000  0.027  0.420  0.859
   0.87068     -1.713228  0.000  0.140  0.000  0.047  0.142  0.078  0.000  0.026  0.426  0.859
   0.88519     -1.734467  0.000  0.138  0.000  0.044  0.144  0.075  0.000  0.026  0.432  0.861
   0.89971     -1.755044  0.000  0.140  0.000  0.040  0.153  0.068  0.001  0.028  0.430  0.861
   0.91422     -1.736993  0.015  0.028  0.173  0.082  0.057  0.029  0.313  0.090  0.019  0.804
   0.92873     -1.724986  0.001  0.022  0.172  0.063  0.081  0.037  0.307  0.112  0.027  0.822
   0.94324     -1.728153  0.008  0.014  0.144  0.045  0.137  0.046  0.268  0.140  0.045  0.847
   0.95775     -1.738906  0.013  0.013  0.125  0.037  0.175  0.053  0.230  0.158  0.058  0.862
   0.97226     -1.752532  0.019  0.011  0.114  0.034  0.199  0.057  0.198  0.171  0.066  0.867
   0.98677     -1.767446  0.023  0.010  0.106  0.031  0.216  0.060  0.173  0.180  0.071  0.872
   1.00128     -1.783029  0.025  0.010  0.101  0.030  0.230  0.062  0.151  0.188  0.075  0.875
   1.01580     -1.798952  0.028  0.010  0.099  0.027  0.240  0.064  0.133  0.194  0.079  0.875
   1.03031     -1.815012  0.030  0.010  0.097  0.027  0.248  0.067  0.118  0.200  0.082  0.876
   1.04482     -1.831039  0.031  0.009  0.093  0.026  0.255  0.068  0.106  0.204  0.084  0.877
   1.05933     -1.846889  0.032  0.007  0.090  0.024  0.261  0.070  0.097  0.209  0.086  0.877
   1.07384     -1.862427  0.032  0.007  0.088  0.023  0.266  0.070  0.090  0.212  0.087  0.880
   1.08835     -1.877524  0.033  0.007  0.086  0.021  0.270  0.071  0.085  0.215  0.088  0.879
   1.10286     -1.892055  0.035  0.007  0.084  0.021  0.273  0.072  0.083  0.216  0.090  0.880
   1.11738     -1.905898  0.035  0.007  0.082  0.020  0.275  0.073  0.083  0.218  0.091  0.883
   1.13189     -1.918949  0.036  0.007  0.078  0.018  0.277  0.073  0.084  0.220  0.091  0.884
 
# Band-Index:   14
   1.13189     -1.298554  0.015  0.030  0.106  0.090  0.134  0.012  0.378  0.036  0.044  0.849
   1.11738     -1.310167  0.019  0.030  0.109  0.093  0.133  0.014  0.361  0.042  0.044  0.846
   1.10286     -1.324440  0.021  0.032  0.110  0.095  0.132  0.016  0.343  0.048  0.044  0.843
   1.08835     -1.341578  0.024  0.033  0.113  0.095  0.131  0.018  0.325  0.055  0.043  0.838
   1.07384     -1.361737  0.028  0.032  0.115  0.097  0.130  0.020  0.306  0.062  0.043  0.834
   1.05933     -1.384941  0.033  0.032  0.114  0.099  0.128  0.023  0.287  0.070  0.042  0.831
   1.04482     -1.411089  0.037  0.033  0.115  0.099  0.127  0.026  0.271  0.077  0.042  0.827
   1.03031     -1.439885  0.041  0.035  0.114  0.099  0.127  0.028  0.256  0.083  0.042  0.825
   1.01580     -1.470882  0.047  0.034  0.112  0.099  0.129  0.029  0.244  0.089  0.042  0.824
   1.00128     -1.503512  0.052  0.032  0.107  0.099  0.132  0.031  0.234  0.094  0.043  0.826
   0.98677     -1.537108  0.055  0.032  0.099  0.099  0.138  0.033  0.226  0.099  0.045  0.829
   0.97226     -1.570898  0.061  0.032  0.089  0.096  0.149  0.035  0.219  0.105  0.049  0.833
   0.95775     -1.603842  0.067  0.031  0.072  0.091  0.167  0.037  0.210  0.112  0.055  0.843
   0.94324     -1.633988  0.075  0.028  0.049  0.082  0.201  0.040  0.198  0.122  0.065  0.860
   0.92873     -1.656343  0.080  0.021  0.014  0.065  0.252  0.048  0.188  0.142  0.083  0.892
   0.91422     -1.663083  0.069  0.014  0.007  0.042  0.271  0.052  0.214  0.156  0.089  0.914
   0.89971     -1.657407  0.053  0.011  0.022  0.033  0.250  0.050  0.262  0.150  0.081  0.914
   0.88519     -1.647270  0.042  0.011  0.033  0.031  0.227  0.047  0.306  0.140  0.074  0.914
   0.87068     -1.635864  0.036  0.010  0.041  0.032  0.207  0.044  0.346  0.130  0.067  0.913
   0.85617     -1.624235  0.033  0.010  0.043  0.030  0.189  0.040  0.385  0.119  0.062  0.912
   0.84166     -1.612768  0.029  0.010  0.045  0.031  0.174  0.036  0.421  0.110  0.056  0.913
   0.82715     -1.601630  0.026  0.011  0.047  0.030  0.160  0.033  0.457  0.099  0.052  0.915
   0.81264     -1.590897  0.024  0.011  0.047  0.030  0.147  0.031  0.492  0.091  0.047  0.916
   0.79813     -1.580597  0.021  0.011  0.047  0.028  0.135  0.027  0.525  0.082  0.042  0.919
   0.78361     -1.570725  0.020  0.014  0.045  0.024  0.140  0.027  0.553  0.073  0.024  0.920
   0.76910     -1.547140  0.000  0.159  0.000  0.051  0.131  0.094  0.000  0.031  0.383  0.852
   0.75459     -1.521129  0.000  0.162  0.000  0.053  0.128  0.095  0.000  0.031  0.380  0.849
   0.74008     -1.494681  0.000  0.167  0.000  0.056  0.127  0.090  0.000  0.030  0.379  0.847
   0.72557     -1.468102  0.000  0.173  0.000  0.057  0.129  0.076  0.000  0.025  0.384  0.844
   0.71106     -1.445250  0.000  0.210  0.000  0.071  0.130  0.017  0.000  0.006  0.389  0.823
   0.69655     -1.465955  0.000  0.222  0.000  0.075  0.046  0.244  0.000  0.082  0.137  0.803
   0.68203     -1.500471  0.000  0.210  0.000  0.069  0.036  0.289  0.000  0.096  0.108  0.808
   0.66752     -1.505811  0.011  0.006  0.040  0.020  0.062  0.011  0.735  0.033  0.021  0.939
   0.65301     -1.499130  0.011  0.006  0.040  0.017  0.059  0.010  0.748  0.030  0.020  0.940
   0.63850     -1.492703  0.010  0.006  0.040  0.017  0.055  0.009  0.759  0.028  0.018  0.942
   0.62399     -1.486503  0.010  0.006  0.040  0.017  0.053  0.008  0.767  0.026  0.018  0.945
   0.60948     -1.480510  0.008  0.007  0.038  0.018  0.051  0.008  0.775  0.023  0.017  0.944
   0.59497     -1.474700  0.008  0.007  0.038  0.018  0.050  0.007  0.780  0.022  0.017  0.946
   0.58046     -1.469044  0.008  0.005  0.038  0.017  0.049  0.007  0.784  0.021  0.016  0.947
   0.56594     -1.463513  0.008  0.007  0.038  0.017  0.048  0.007  0.786  0.019  0.016  0.946
   0.56594     -1.463513  0.008  0.007  0.038  0.017  0.048  0.007  0.786  0.019  0.016  0.946
   0.55143     -1.458078  0.008  0.007  0.038  0.018  0.048  0.007  0.786  0.019  0.016  0.947
   0.53692     -1.452705  0.008  0.007  0.040  0.018  0.049  0.007  0.785  0.019  0.016  0.946
   0.52241     -1.447360  0.008  0.007  0.040  0.018  0.050  0.005  0.783  0.017  0.017  0.944
   0.50790     -1.442009  0.008  0.007  0.041  0.020  0.051  0.005  0.779  0.017  0.017  0.944
   0.49339     -1.436618  0.009  0.006  0.041  0.020  0.053  0.005  0.774  0.017  0.017  0.943
   0.47888     -1.431150  0.007  0.006  0.041  0.022  0.054  0.005  0.768  0.017  0.018  0.942
   0.46436     -1.425574  0.007  0.008  0.043  0.024  0.056  0.006  0.761  0.017  0.018  0.939
   0.44985     -1.419862  0.007  0.009  0.043  0.025  0.059  0.006  0.752  0.017  0.020  0.936
   0.43534     -1.413990  0.006  0.009  0.043  0.027  0.062  0.006  0.743  0.017  0.021  0.935
   0.42083     -1.407934  0.006  0.009  0.045  0.029  0.065  0.006  0.732  0.017  0.022  0.934
   0.40632     -1.401683  0.006  0.011  0.047  0.032  0.068  0.006  0.721  0.017  0.023  0.930
   0.39181     -1.395228  0.006  0.011  0.049  0.034  0.071  0.006  0.709  0.018  0.024  0.928
   0.37730     -1.388568  0.007  0.011  0.049  0.036  0.074  0.006  0.698  0.018  0.025  0.925
   0.36278     -1.381711  0.007  0.013  0.051  0.041  0.077  0.006  0.684  0.018  0.026  0.922
   0.34827     -1.374668  0.007  0.013  0.051  0.043  0.081  0.006  0.672  0.017  0.027  0.919
   0.33376     -1.367464  0.006  0.015  0.054  0.046  0.085  0.006  0.659  0.018  0.029  0.917
   0.31925     -1.360127  0.006  0.016  0.056  0.048  0.088  0.006  0.646  0.018  0.030  0.913
   0.30474     -1.352693  0.006  0.016  0.056  0.050  0.092  0.005  0.633  0.017  0.031  0.909
   0.29023     -1.345204  0.007  0.018  0.058  0.054  0.095  0.006  0.620  0.017  0.032  0.907
   0.27572     -1.337710  0.006  0.018  0.062  0.057  0.099  0.006  0.607  0.016  0.033  0.903
   0.26120     -1.330265  0.006  0.020  0.064  0.059  0.102  0.005  0.595  0.015  0.035  0.901
   0.24669     -1.322932  0.006  0.020  0.066  0.061  0.105  0.005  0.583  0.015  0.035  0.896
   0.23218     -1.315772  0.006  0.020  0.069  0.063  0.108  0.005  0.571  0.014  0.036  0.894
   0.21767     -1.308853  0.006  0.022  0.071  0.066  0.111  0.004  0.559  0.014  0.037  0.890
   0.20316     -1.302259  0.006  0.022  0.073  0.068  0.114  0.005  0.548  0.013  0.038  0.888
   0.18865     -1.296063  0.005  0.022  0.075  0.070  0.117  0.004  0.537  0.013  0.039  0.884
   0.17414     -1.290353  0.006  0.024  0.077  0.072  0.119  0.004  0.525  0.012  0.040  0.881
   0.15963     -1.285212  0.006  0.024  0.080  0.074  0.122  0.003  0.514  0.011  0.041  0.879
   0.14511     -1.280735  0.006  0.024  0.083  0.076  0.124  0.004  0.503  0.011  0.041  0.876
   0.13060     -1.277020  0.006  0.027  0.087  0.078  0.126  0.004  0.493  0.012  0.042  0.874
   0.11609     -1.274171  0.006  0.027  0.089  0.080  0.128  0.005  0.482  0.013  0.043  0.871
   0.10158     -1.272304  0.007  0.027  0.091  0.082  0.130  0.004  0.470  0.014  0.043  0.868
   0.08707     -1.271533  0.007  0.029  0.093  0.083  0.131  0.005  0.459  0.015  0.044  0.865
   0.07256     -1.271992  0.008  0.029  0.095  0.084  0.132  0.005  0.448  0.017  0.044  0.864
   0.05805     -1.273829  0.008  0.028  0.098  0.085  0.133  0.006  0.436  0.020  0.044  0.861
   0.04353     -1.277203  0.011  0.028  0.100  0.088  0.134  0.007  0.422  0.023  0.045  0.858
   0.02902     -1.282308  0.012  0.030  0.102  0.089  0.134  0.009  0.408  0.027  0.045  0.854
   0.01451     -1.289349  0.014  0.031  0.104  0.089  0.134  0.011  0.394  0.032  0.045  0.851
   0.00000     -1.298554  0.015  0.030  0.106  0.090  0.134  0.012  0.378  0.036  0.044  0.849
 
# Band-Index:   15
   0.00000     -0.687982  0.047  0.024  0.272  0.070  0.041  0.029  0.187  0.086  0.014  0.768
   0.01451     -0.641520  0.046  0.024  0.279  0.075  0.040  0.029  0.171  0.087  0.014  0.764
   0.02902     -0.594175  0.046  0.026  0.286  0.077  0.040  0.030  0.156  0.089  0.013  0.761
   0.04353     -0.546524  0.045  0.026  0.292  0.078  0.041  0.031  0.143  0.091  0.013  0.759
   0.05805     -0.499121  0.041  0.025  0.299  0.079  0.041  0.032  0.131  0.094  0.014  0.756
   0.07256     -0.452480  0.040  0.024  0.304  0.081  0.042  0.033  0.119  0.096  0.014  0.755
   0.08707     -0.407116  0.039  0.024  0.309  0.081  0.043  0.035  0.110  0.099  0.015  0.756
   0.10158     -0.363478  0.038  0.024  0.314  0.084  0.044  0.037  0.101  0.102  0.015  0.756
   0.11609     -0.322122  0.034  0.006  0.305  0.113  0.042  0.064  0.090  0.081  0.023  0.757
   0.13060     -0.323226  0.000  0.311  0.000  0.108  0.040  0.138  0.000  0.043  0.122  0.763
   0.14511     -0.331008  0.000  0.308  0.000  0.104  0.042  0.139  0.000  0.045  0.128  0.766
   0.15963     -0.341637  0.000  0.305  0.000  0.103  0.045  0.139  0.000  0.046  0.134  0.771
   0.17414     -0.354918  0.000  0.300  0.000  0.101  0.046  0.141  0.000  0.047  0.139  0.774
   0.18865     -0.370649  0.000  0.295  0.000  0.099  0.048  0.143  0.000  0.047  0.145  0.777
   0.20316     -0.388631  0.000  0.290  0.000  0.097  0.050  0.144  0.000  0.048  0.151  0.780
   0.21767     -0.408663  0.000  0.283  0.000  0.095  0.053  0.146  0.000  0.048  0.156  0.784
   0.23218     -0.430554  0.000  0.279  0.000  0.094  0.054  0.149  0.000  0.049  0.162  0.788
   0.24669     -0.454092  0.000  0.274  0.000  0.092  0.056  0.151  0.000  0.050  0.168  0.790
   0.26120     -0.479105  0.000  0.269  0.000  0.090  0.058  0.153  0.000  0.051  0.173  0.793
   0.27572     -0.505421  0.000  0.263  0.000  0.087  0.060  0.154  0.000  0.051  0.179  0.796
   0.29023     -0.532884  0.000  0.258  0.000  0.087  0.062  0.157  0.000  0.052  0.183  0.799
   0.30474     -0.561347  0.000  0.254  0.000  0.086  0.063  0.158  0.000  0.052  0.189  0.801
   0.31925     -0.590676  0.000  0.249  0.000  0.083  0.064  0.159  0.000  0.054  0.195  0.803
   0.33376     -0.620752  0.000  0.244  0.000  0.083  0.066  0.161  0.000  0.053  0.199  0.807
   0.34827     -0.651463  0.000  0.241  0.000  0.081  0.068  0.162  0.000  0.054  0.204  0.808
   0.36278     -0.682707  0.000  0.236  0.000  0.078  0.070  0.163  0.000  0.054  0.210  0.811
   0.37730     -0.714399  0.000  0.231  0.000  0.078  0.071  0.163  0.000  0.055  0.215  0.815
   0.39181     -0.746450  0.000  0.227  0.000  0.075  0.073  0.164  0.000  0.054  0.220  0.817
   0.40632     -0.778791  0.000  0.224  0.000  0.075  0.075  0.165  0.000  0.055  0.224  0.818
   0.42083     -0.811350  0.000  0.219  0.000  0.073  0.077  0.165  0.000  0.054  0.230  0.819
   0.43534     -0.844063  0.000  0.218  0.000  0.074  0.078  0.164  0.000  0.055  0.235  0.821
   0.44985     -0.876875  0.000  0.213  0.000  0.071  0.080  0.164  0.000  0.055  0.240  0.825
   0.46436     -0.909735  0.000  0.210  0.000  0.071  0.082  0.164  0.000  0.054  0.245  0.826
   0.47888     -0.942591  0.000  0.207  0.000  0.069  0.084  0.163  0.000  0.055  0.250  0.827
   0.49339     -0.975400  0.000  0.202  0.000  0.068  0.085  0.163  0.000  0.055  0.255  0.828
   0.50790     -1.008120  0.000  0.199  0.000  0.066  0.087  0.162  0.000  0.054  0.261  0.832
   0.52241     -1.040706  0.000  0.197  0.000  0.066  0.089  0.161  0.000  0.054  0.266  0.832
   0.53692     -1.073130  0.000  0.195  0.000  0.066  0.091  0.159  0.000  0.054  0.271  0.833
   0.55143     -1.105357  0.000  0.192  0.000  0.063  0.092  0.158  0.000  0.052  0.277  0.835
   0.56594     -1.137350  0.000  0.189  0.000  0.063  0.094  0.156  0.000  0.052  0.282  0.836
   0.56594     -1.137350  0.000  0.189  0.000  0.063  0.094  0.156  0.000  0.052  0.282  0.836
   0.58046     -1.169080  0.000  0.186  0.000  0.061  0.096  0.156  0.000  0.052  0.287  0.838
   0.59497     -1.200515  0.000  0.182  0.000  0.061  0.098  0.154  0.000  0.052  0.293  0.840
   0.60948     -1.231626  0.000  0.179  0.000  0.060  0.099  0.152  0.000  0.050  0.298  0.840
   0.62399     -1.262385  0.000  0.177  0.000  0.058  0.101  0.151  0.000  0.050  0.303  0.843
   0.63850     -1.292755  0.000  0.174  0.000  0.058  0.103  0.151  0.000  0.050  0.308  0.842
   0.65301     -1.322701  0.000  0.170  0.000  0.058  0.104  0.150  0.000  0.050  0.312  0.845
   0.66752     -1.352167  0.000  0.168  0.000  0.056  0.105  0.153  0.000  0.051  0.314  0.846
   0.68203     -1.381026  0.000  0.162  0.000  0.054  0.104  0.161  0.000  0.054  0.312  0.848
   0.69655     -1.408694  0.000  0.155  0.000  0.052  0.096  0.196  0.000  0.066  0.286  0.851
   0.71106     -1.421558  0.000  0.169  0.000  0.056  0.013  0.413  0.000  0.137  0.039  0.829
   0.72557     -1.389873  0.000  0.209  0.000  0.069  0.016  0.345  0.000  0.115  0.049  0.805
   0.74008     -1.353490  0.000  0.219  0.000  0.073  0.020  0.321  0.000  0.108  0.059  0.800
   0.75459     -1.316289  0.000  0.226  0.000  0.075  0.021  0.308  0.000  0.103  0.062  0.795
   0.76910     -1.278590  0.000  0.231  0.000  0.078  0.021  0.297  0.000  0.100  0.064  0.792
   0.78361     -1.240497  0.000  0.238  0.000  0.078  0.021  0.290  0.000  0.097  0.065  0.789
   0.79813     -1.202075  0.000  0.243  0.000  0.080  0.021  0.282  0.000  0.094  0.065  0.786
   0.81264     -1.163375  0.000  0.248  0.000  0.083  0.021  0.275  0.000  0.092  0.065  0.784
   0.82715     -1.124445  0.000  0.252  0.000  0.085  0.021  0.268  0.000  0.090  0.065  0.779
   0.84166     -1.085332  0.000  0.257  0.000  0.085  0.021  0.261  0.000  0.088  0.065  0.777
   0.85617     -1.046101  0.000  0.259  0.000  0.088  0.020  0.254  0.000  0.088  0.065  0.776
   0.87068     -1.022950  0.043  0.001  0.188  0.008  0.095  0.049  0.280  0.161  0.035  0.862
   0.88519     -1.027741  0.043  0.003  0.186  0.010  0.094  0.048  0.296  0.150  0.033  0.863
   0.89971     -1.030436  0.043  0.004  0.186  0.013  0.090  0.046  0.311  0.140  0.031  0.860
   0.91422     -1.030958  0.041  0.004  0.187  0.016  0.087  0.043  0.322  0.131  0.030  0.858
   0.92873     -1.029259  0.039  0.006  0.187  0.018  0.084  0.040  0.333  0.122  0.028  0.858
   0.94324     -1.025231  0.039  0.006  0.187  0.021  0.081  0.037  0.341  0.114  0.027  0.855
   0.95775     -1.018744  0.039  0.008  0.190  0.023  0.078  0.035  0.345  0.105  0.026  0.851
   0.97226     -1.009628  0.041  0.009  0.192  0.027  0.075  0.033  0.348  0.099  0.025  0.846
   0.98677     -0.997673  0.040  0.009  0.196  0.032  0.071  0.030  0.346  0.093  0.024  0.841
   1.00128     -0.982629  0.041  0.011  0.200  0.034  0.067  0.029  0.341  0.088  0.023  0.834
   1.01580     -0.964227  0.042  0.012  0.207  0.039  0.063  0.028  0.332  0.084  0.022  0.829
   1.03031     -0.942217  0.044  0.014  0.212  0.043  0.060  0.027  0.319  0.081  0.020  0.820
   1.04482     -0.916398  0.045  0.016  0.222  0.047  0.056  0.026  0.304  0.080  0.018  0.813
   1.05933     -0.886695  0.046  0.016  0.228  0.052  0.052  0.027  0.286  0.079  0.018  0.804
   1.07384     -0.853189  0.046  0.019  0.237  0.057  0.049  0.027  0.265  0.080  0.016  0.796
   1.08835     -0.816105  0.048  0.019  0.247  0.060  0.046  0.027  0.245  0.080  0.015  0.788
   1.10286     -0.775863  0.049  0.021  0.254  0.065  0.043  0.028  0.225  0.082  0.015  0.781
   1.11738     -0.732959  0.049  0.021  0.263  0.068  0.042  0.028  0.206  0.083  0.014  0.775
   1.13189     -0.687982  0.047  0.024  0.272  0.070  0.041  0.029  0.187  0.086  0.014  0.768
 
# Band-Index:   16
   1.13189     -0.392692  0.000  0.328  0.000  0.110  0.027  0.152  0.000  0.051  0.080  0.746
   1.11738     -0.415051  0.000  0.327  0.000  0.108  0.026  0.157  0.000  0.053  0.077  0.746
   1.10286     -0.439772  0.000  0.325  0.000  0.108  0.025  0.161  0.000  0.054  0.075  0.748
   1.08835     -0.466641  0.000  0.321  0.000  0.107  0.024  0.166  0.000  0.055  0.073  0.747
   1.07384     -0.495459  0.000  0.320  0.000  0.106  0.023  0.171  0.000  0.057  0.071  0.748
   1.05933     -0.526006  0.000  0.316  0.000  0.106  0.023  0.176  0.000  0.059  0.069  0.749
   1.04482     -0.558088  0.000  0.312  0.000  0.104  0.023  0.181  0.000  0.060  0.068  0.748
   1.03031     -0.591514  0.000  0.310  0.000  0.102  0.022  0.188  0.000  0.063  0.066  0.751
   1.01580     -0.626115  0.000  0.306  0.000  0.102  0.021  0.193  0.000  0.064  0.065  0.753
   1.00128     -0.661724  0.000  0.303  0.000  0.100  0.022  0.199  0.000  0.067  0.065  0.753
   0.98677     -0.698194  0.000  0.298  0.000  0.100  0.022  0.204  0.000  0.068  0.064  0.756
   0.97226     -0.735385  0.000  0.294  0.000  0.098  0.021  0.210  0.000  0.070  0.063  0.757
   0.95775     -0.773179  0.000  0.290  0.000  0.096  0.021  0.215  0.000  0.072  0.064  0.760
   0.94324     -0.811451  0.000  0.286  0.000  0.096  0.022  0.221  0.000  0.073  0.063  0.761
   0.92873     -0.850110  0.000  0.282  0.000  0.093  0.022  0.227  0.000  0.076  0.063  0.764
   0.91422     -0.889049  0.000  0.279  0.000  0.091  0.021  0.233  0.000  0.077  0.063  0.766
   0.89971     -0.928194  0.000  0.275  0.000  0.092  0.021  0.239  0.000  0.079  0.063  0.766
   0.88519     -0.967459  0.000  0.270  0.000  0.090  0.021  0.246  0.000  0.080  0.062  0.770
   0.87068     -1.006765  0.000  0.266  0.000  0.087  0.024  0.254  0.000  0.080  0.061  0.772
   0.85617     -1.016061  0.044  0.003  0.188  0.005  0.103  0.058  0.264  0.165  0.032  0.863
   0.84166     -1.007191  0.047  0.001  0.189  0.006  0.106  0.059  0.247  0.174  0.035  0.864
   0.82715     -0.996349  0.047  0.001  0.191  0.003  0.110  0.061  0.228  0.183  0.037  0.862
   0.81264     -0.983586  0.048  0.001  0.194  0.003  0.113  0.064  0.211  0.191  0.037  0.861
   0.79813     -0.968960  0.048  0.002  0.196  0.003  0.117  0.066  0.193  0.197  0.038  0.860
   0.78361     -0.952530  0.050  0.001  0.198  0.003  0.120  0.068  0.176  0.204  0.040  0.860
   0.76910     -0.934361  0.051  0.001  0.201  0.003  0.123  0.070  0.160  0.209  0.041  0.856
   0.75459     -0.914528  0.051  0.001  0.202  0.005  0.125  0.072  0.144  0.214  0.042  0.855
   0.74008     -0.893107  0.053  0.001  0.204  0.005  0.127  0.073  0.130  0.218  0.042  0.853
   0.72557     -0.870181  0.053  0.003  0.207  0.007  0.128  0.074  0.116  0.220  0.043  0.850
   0.71106     -0.845824  0.053  0.003  0.209  0.007  0.130  0.075  0.104  0.224  0.043  0.846
   0.69655     -0.820126  0.053  0.003  0.212  0.009  0.130  0.076  0.093  0.225  0.044  0.843
   0.68203     -0.793178  0.054  0.003  0.214  0.011  0.131  0.076  0.082  0.226  0.044  0.841
   0.66752     -0.765080  0.053  0.005  0.217  0.014  0.131  0.076  0.073  0.227  0.044  0.837
   0.65301     -0.735912  0.053  0.005  0.219  0.016  0.130  0.076  0.066  0.227  0.044  0.835
   0.63850     -0.705803  0.053  0.005  0.222  0.018  0.129  0.076  0.058  0.227  0.043  0.831
   0.62399     -0.674847  0.052  0.007  0.224  0.020  0.129  0.075  0.052  0.227  0.043  0.828
   0.60948     -0.643167  0.051  0.007  0.227  0.022  0.128  0.076  0.047  0.225  0.042  0.826
   0.59497     -0.610884  0.051  0.007  0.229  0.024  0.126  0.075  0.042  0.224  0.042  0.823
   0.58046     -0.578128  0.051  0.009  0.232  0.026  0.125  0.075  0.038  0.224  0.041  0.821
   0.56594     -0.545034  0.050  0.009  0.235  0.029  0.123  0.074  0.035  0.223  0.041  0.819
   0.56594     -0.545034  0.050  0.009  0.235  0.029  0.123  0.074  0.035  0.223  0.041  0.819
   0.55143     -0.511754  0.049  0.011  0.239  0.031  0.121  0.074  0.032  0.220  0.041  0.815
   0.53692     -0.478437  0.048  0.011  0.242  0.034  0.119  0.074  0.030  0.219  0.040  0.813
   0.52241     -0.445248  0.045  0.011  0.245  0.036  0.117  0.073  0.028  0.218  0.039  0.813
   0.50790     -0.412357  0.044  0.013  0.247  0.038  0.115  0.072  0.026  0.217  0.038  0.809
   0.49339     -0.379945  0.043  0.013  0.250  0.041  0.112  0.071  0.024  0.214  0.037  0.809
   0.47888     -0.348193  0.042  0.015  0.253  0.043  0.111  0.071  0.023  0.213  0.037  0.807
   0.46436     -0.317295  0.041  0.015  0.255  0.045  0.109  0.070  0.022  0.212  0.036  0.806
   0.44985     -0.287449  0.040  0.015  0.258  0.047  0.107  0.070  0.023  0.210  0.035  0.805
   0.43534     -0.258859  0.039  0.017  0.263  0.049  0.104  0.070  0.022  0.208  0.035  0.805
   0.42083     -0.231727  0.036  0.017  0.265  0.051  0.102  0.069  0.023  0.206  0.034  0.802
   0.40632     -0.206268  0.036  0.017  0.268  0.053  0.100  0.068  0.023  0.205  0.033  0.803
   0.39181     -0.182690  0.035  0.019  0.270  0.055  0.097  0.067  0.024  0.202  0.032  0.802
   0.37730     -0.161203  0.034  0.019  0.275  0.056  0.095  0.067  0.024  0.199  0.031  0.800
   0.36278     -0.142025  0.031  0.019  0.278  0.058  0.092  0.065  0.026  0.197  0.031  0.798
   0.34827     -0.125354  0.032  0.021  0.282  0.061  0.089  0.065  0.027  0.193  0.030  0.798
   0.33376     -0.111398  0.031  0.021  0.285  0.061  0.087  0.063  0.029  0.190  0.029  0.795
   0.31925     -0.100358  0.029  0.021  0.289  0.063  0.084  0.062  0.031  0.186  0.029  0.794
   0.30474     -0.092428  0.029  0.021  0.294  0.065  0.082  0.061  0.033  0.181  0.027  0.792
   0.29023     -0.087794  0.029  0.023  0.296  0.066  0.078  0.059  0.035  0.177  0.026  0.790
   0.27572     -0.086627  0.027  0.023  0.301  0.068  0.075  0.057  0.038  0.172  0.025  0.786
   0.26120     -0.089084  0.028  0.023  0.305  0.069  0.072  0.055  0.040  0.165  0.025  0.784
   0.24669     -0.095298  0.028  0.024  0.310  0.072  0.069  0.053  0.044  0.159  0.023  0.780
   0.23218     -0.105370  0.029  0.024  0.312  0.072  0.066  0.051  0.048  0.154  0.022  0.777
   0.21767     -0.119349  0.027  0.025  0.316  0.075  0.063  0.049  0.052  0.147  0.021  0.774
   0.20316     -0.137289  0.028  0.027  0.318  0.076  0.061  0.046  0.057  0.141  0.020  0.770
   0.18865     -0.159146  0.029  0.027  0.320  0.077  0.057  0.044  0.061  0.134  0.020  0.770
   0.17414     -0.184821  0.030  0.027  0.320  0.077  0.055  0.042  0.067  0.128  0.018  0.765
   0.15963     -0.214164  0.031  0.027  0.322  0.078  0.052  0.040  0.072  0.123  0.017  0.762
   0.14511     -0.246986  0.032  0.028  0.320  0.079  0.050  0.038  0.079  0.118  0.017  0.760
   0.13060     -0.283023  0.033  0.031  0.320  0.078  0.048  0.035  0.086  0.114  0.016  0.758
   0.11609     -0.318240  0.000  0.338  0.013  0.072  0.043  0.108  0.003  0.071  0.108  0.761
   0.10158     -0.316650  0.000  0.323  0.000  0.104  0.037  0.134  0.000  0.047  0.110  0.758
   0.08707     -0.318113  0.000  0.326  0.000  0.106  0.035  0.136  0.000  0.046  0.105  0.755
   0.07256     -0.322795  0.000  0.328  0.000  0.108  0.034  0.137  0.000  0.047  0.100  0.752
   0.05805     -0.330692  0.000  0.328  0.000  0.109  0.032  0.139  0.000  0.047  0.096  0.751
   0.04353     -0.341744  0.000  0.329  0.000  0.109  0.030  0.141  0.000  0.047  0.091  0.749
   0.02902     -0.355857  0.000  0.329  0.000  0.109  0.029  0.144  0.000  0.049  0.087  0.748
   0.01451     -0.372900  0.000  0.328  0.000  0.110  0.028  0.148  0.000  0.050  0.084  0.746
   0.00000     -0.392692  0.000  0.328  0.000  0.110  0.027  0.152  0.000  0.051  0.080  0.746
 
# Band-Index:   17
   0.00000      1.194779  0.080  0.005  0.064  0.017  0.169  0.123  0.018  0.367  0.057  0.901
   0.01451      1.167061  0.081  0.005  0.059  0.015  0.172  0.124  0.017  0.371  0.058  0.902
   0.02902      1.141523  0.083  0.005  0.054  0.015  0.175  0.125  0.016  0.374  0.059  0.905
   0.04353      1.118323  0.084  0.005  0.050  0.013  0.177  0.126  0.016  0.375  0.060  0.906
   0.05805      1.097586  0.084  0.002  0.047  0.010  0.180  0.126  0.016  0.377  0.060  0.907
   0.07256      1.079433  0.084  0.002  0.047  0.010  0.183  0.127  0.016  0.378  0.061  0.910
   0.08707      1.063947  0.084  0.002  0.046  0.008  0.186  0.127  0.015  0.379  0.062  0.910
   0.10158      1.051193  0.084  0.002  0.045  0.008  0.189  0.126  0.015  0.378  0.063  0.911
   0.11609      1.041219  0.084  0.002  0.047  0.007  0.192  0.126  0.015  0.376  0.065  0.912
   0.13060      1.034034  0.081  0.002  0.049  0.005  0.195  0.125  0.014  0.374  0.065  0.911
   0.14511      1.029630  0.081  0.002  0.050  0.005  0.198  0.124  0.015  0.371  0.066  0.912
   0.15963      1.027956  0.080  0.002  0.055  0.005  0.200  0.122  0.014  0.366  0.067  0.911
   0.17414      1.028935  0.077  0.000  0.059  0.003  0.203  0.120  0.015  0.361  0.068  0.910
   0.18865      1.032454  0.077  0.000  0.063  0.003  0.206  0.118  0.014  0.355  0.069  0.909
   0.20316      1.038365  0.074  0.000  0.069  0.003  0.208  0.116  0.015  0.349  0.069  0.907
   0.21767      1.046492  0.071  0.000  0.076  0.003  0.210  0.114  0.015  0.343  0.070  0.905
   0.23218      1.056634  0.071  0.000  0.082  0.004  0.212  0.112  0.014  0.336  0.071  0.902
   0.24669      1.068590  0.069  0.000  0.088  0.003  0.214  0.109  0.014  0.329  0.071  0.899
   0.26120      1.082142  0.066  0.000  0.094  0.003  0.216  0.107  0.014  0.322  0.072  0.899
   0.27572      1.097081  0.066  0.000  0.100  0.003  0.218  0.106  0.014  0.316  0.073  0.895
   0.29023      1.113214  0.064  0.001  0.106  0.002  0.218  0.104  0.014  0.310  0.073  0.893
   0.30474      1.130369  0.062  0.001  0.112  0.002  0.220  0.101  0.014  0.304  0.073  0.891
   0.31925      1.148400  0.062  0.001  0.116  0.002  0.222  0.100  0.014  0.298  0.074  0.888
   0.33376      1.167185  0.060  0.001  0.120  0.002  0.223  0.098  0.014  0.293  0.075  0.887
   0.34827      1.186628  0.059  0.001  0.125  0.003  0.224  0.096  0.013  0.288  0.075  0.885
   0.36278      1.206658  0.058  0.001  0.128  0.003  0.226  0.095  0.013  0.284  0.076  0.884
   0.37730      1.227218  0.059  0.001  0.132  0.003  0.227  0.094  0.013  0.280  0.076  0.882
   0.39181      1.248270  0.057  0.001  0.134  0.003  0.228  0.092  0.013  0.277  0.076  0.881
   0.40632      1.269786  0.057  0.001  0.136  0.004  0.229  0.091  0.013  0.274  0.077  0.880
   0.42083      1.291750  0.055  0.001  0.137  0.004  0.229  0.091  0.012  0.271  0.076  0.879
   0.43534      1.314143  0.055  0.001  0.140  0.004  0.230  0.090  0.012  0.269  0.076  0.878
   0.44985      1.336948  0.055  0.001  0.142  0.004  0.230  0.089  0.011  0.266  0.077  0.876
   0.46436      1.360144  0.055  0.001  0.144  0.004  0.231  0.088  0.012  0.264  0.077  0.875
   0.47888      1.383716  0.053  0.001  0.145  0.006  0.231  0.087  0.011  0.262  0.077  0.876
   0.49339      1.407621  0.052  0.001  0.148  0.006  0.230  0.086  0.011  0.260  0.077  0.875
   0.50790      1.431831  0.051  0.002  0.148  0.007  0.231  0.086  0.011  0.259  0.077  0.874
   0.52241      1.456288  0.051  0.004  0.150  0.010  0.230  0.085  0.011  0.257  0.077  0.873
   0.53692      1.480942  0.051  0.004  0.153  0.010  0.230  0.085  0.011  0.256  0.077  0.873
   0.55143      1.505720  0.048  0.003  0.155  0.009  0.230  0.085  0.010  0.255  0.077  0.873
   0.56594      1.530545  0.046  0.003  0.157  0.011  0.229  0.085  0.011  0.255  0.076  0.874
   0.56594      1.530545  0.046  0.003  0.157  0.011  0.229  0.085  0.011  0.255  0.076  0.874
   0.58046      1.555318  0.045  0.003  0.159  0.011  0.228  0.084  0.011  0.254  0.076  0.873
   0.59497      1.579937  0.044  0.003  0.159  0.013  0.226  0.084  0.010  0.254  0.076  0.872
   0.60948      1.604276  0.042  0.003  0.162  0.013  0.226  0.084  0.011  0.254  0.076  0.873
   0.62399      1.628198  0.041  0.005  0.164  0.015  0.224  0.084  0.011  0.254  0.075  0.872
   0.63850      1.651544  0.037  0.005  0.167  0.017  0.223  0.084  0.010  0.254  0.074  0.873
   0.65301      1.674151  0.035  0.005  0.169  0.016  0.222  0.085  0.011  0.254  0.074  0.874
   0.66752      1.695820  0.034  0.005  0.172  0.018  0.220  0.085  0.011  0.255  0.074  0.873
   0.68203      1.716349  0.031  0.005  0.175  0.018  0.219  0.085  0.010  0.256  0.073  0.874
   0.69655      1.735504  0.030  0.007  0.177  0.019  0.216  0.086  0.011  0.257  0.072  0.875
   0.71106      1.753051  0.027  0.007  0.180  0.021  0.215  0.086  0.011  0.258  0.072  0.878
   0.72557      1.768731  0.026  0.007  0.183  0.023  0.212  0.087  0.012  0.260  0.071  0.877
   0.74008      1.782280  0.023  0.006  0.183  0.022  0.210  0.088  0.011  0.262  0.070  0.880
   0.75459      1.793431  0.022  0.008  0.186  0.024  0.207  0.088  0.012  0.264  0.070  0.880
   0.76910      1.801914  0.020  0.008  0.187  0.024  0.205  0.089  0.012  0.266  0.069  0.881
   0.78361      1.807481  0.018  0.008  0.187  0.025  0.202  0.091  0.012  0.269  0.069  0.882
   0.79813      1.809896  0.019  0.008  0.188  0.027  0.199  0.092  0.013  0.271  0.067  0.884
   0.81264      1.808962  0.018  0.008  0.186  0.027  0.195  0.093  0.013  0.274  0.066  0.885
   0.82715      1.804528  0.018  0.008  0.187  0.029  0.192  0.096  0.014  0.276  0.066  0.886
   0.84166      1.796493  0.019  0.008  0.185  0.029  0.188  0.099  0.014  0.277  0.066  0.886
   0.85617      1.784818  0.020  0.008  0.181  0.031  0.179  0.111  0.014  0.270  0.070  0.886
   0.87068      1.763441  0.000  0.199  0.000  0.070  0.030  0.335  0.000  0.086  0.131  0.850
   0.88519      1.733113  0.000  0.198  0.000  0.068  0.037  0.323  0.000  0.099  0.126  0.851
   0.89971      1.702302  0.000  0.195  0.000  0.066  0.039  0.323  0.000  0.102  0.126  0.851
   0.91422      1.671172  0.000  0.192  0.000  0.064  0.040  0.324  0.000  0.103  0.127  0.851
   0.92873      1.639858  0.000  0.189  0.000  0.065  0.040  0.326  0.000  0.105  0.128  0.852
   0.94324      1.608524  0.000  0.186  0.000  0.063  0.041  0.327  0.000  0.105  0.130  0.852
   0.95775      1.577326  0.000  0.183  0.000  0.061  0.041  0.329  0.000  0.106  0.131  0.851
   0.97226      1.546429  0.000  0.180  0.000  0.060  0.042  0.332  0.000  0.106  0.132  0.851
   0.98677      1.515994  0.000  0.176  0.000  0.060  0.042  0.335  0.000  0.107  0.134  0.853
   1.00128      1.486189  0.000  0.173  0.000  0.057  0.042  0.339  0.000  0.106  0.136  0.853
   1.01580      1.457214  0.000  0.169  0.000  0.058  0.041  0.344  0.000  0.104  0.138  0.853
   1.03031      1.429237  0.000  0.162  0.000  0.058  0.034  0.365  0.000  0.087  0.148  0.854
   1.04482      1.395796  0.064  0.007  0.099  0.026  0.156  0.128  0.018  0.327  0.061  0.890
   1.05933      1.359364  0.068  0.007  0.093  0.024  0.160  0.121  0.018  0.341  0.057  0.893
   1.07384      1.323740  0.072  0.007  0.086  0.022  0.163  0.120  0.018  0.348  0.056  0.893
   1.08835      1.289219  0.074  0.007  0.079  0.022  0.164  0.120  0.018  0.354  0.056  0.895
   1.10286      1.256064  0.075  0.007  0.075  0.020  0.166  0.121  0.018  0.359  0.056  0.897
   1.11738      1.224512  0.079  0.005  0.068  0.018  0.168  0.122  0.017  0.363  0.056  0.899
   1.13189      1.194779  0.080  0.005  0.064  0.017  0.169  0.123  0.018  0.367  0.057  0.901
 
# Band-Index:   18
   1.13189      1.279364  0.000  0.148  0.000  0.048  0.046  0.357  0.000  0.120  0.136  0.856
   1.11738      1.294327  0.000  0.151  0.000  0.049  0.046  0.354  0.000  0.119  0.137  0.855
   1.10286      1.311815  0.000  0.152  0.000  0.051  0.047  0.351  0.000  0.119  0.137  0.856
   1.08835      1.331598  0.000  0.153  0.000  0.051  0.046  0.348  0.000  0.119  0.136  0.854
   1.07384      1.353458  0.000  0.158  0.000  0.052  0.047  0.344  0.000  0.119  0.135  0.855
   1.05933      1.377168  0.000  0.161  0.000  0.052  0.048  0.339  0.000  0.120  0.135  0.855
   1.04482      1.402512  0.000  0.164  0.000  0.052  0.052  0.327  0.000  0.129  0.129  0.854
   1.03031      1.432770  0.062  0.014  0.106  0.025  0.174  0.086  0.018  0.364  0.042  0.889
   1.01580      1.469881  0.058  0.009  0.115  0.026  0.166  0.103  0.018  0.340  0.051  0.889
   1.00128      1.506828  0.055  0.009  0.122  0.028  0.166  0.104  0.018  0.333  0.052  0.888
   0.98677      1.543238  0.051  0.009  0.131  0.030  0.166  0.103  0.018  0.327  0.053  0.889
   0.97226      1.578720  0.046  0.011  0.137  0.030  0.168  0.102  0.017  0.322  0.054  0.887
   0.95775      1.612884  0.041  0.011  0.144  0.029  0.169  0.101  0.017  0.317  0.054  0.887
   0.94324      1.645346  0.039  0.011  0.152  0.031  0.171  0.100  0.017  0.313  0.055  0.888
   0.92873      1.675722  0.035  0.010  0.159  0.031  0.174  0.098  0.017  0.309  0.056  0.887
   0.91422      1.703645  0.030  0.010  0.163  0.030  0.177  0.096  0.017  0.305  0.056  0.886
   0.89971      1.728772  0.026  0.010  0.169  0.030  0.180  0.094  0.015  0.302  0.057  0.887
   0.88519      1.750836  0.025  0.010  0.173  0.030  0.184  0.091  0.015  0.301  0.057  0.887
   0.87068      1.769601  0.023  0.013  0.177  0.027  0.194  0.077  0.015  0.310  0.051  0.886
   0.85617      1.793210  0.000  0.207  0.000  0.067  0.048  0.298  0.000  0.120  0.111  0.851
   0.84166      1.822165  0.000  0.207  0.000  0.069  0.042  0.308  0.000  0.110  0.116  0.850
   0.82715      1.850225  0.000  0.210  0.000  0.070  0.040  0.309  0.000  0.107  0.115  0.851
   0.81264      1.877250  0.000  0.213  0.000  0.069  0.039  0.308  0.000  0.105  0.114  0.850
   0.79813      1.903097  0.000  0.216  0.000  0.071  0.038  0.308  0.000  0.105  0.113  0.851
   0.78361      1.927630  0.000  0.217  0.000  0.073  0.038  0.307  0.000  0.104  0.112  0.852
   0.76910      1.950721  0.000  0.220  0.000  0.073  0.038  0.307  0.000  0.103  0.111  0.851
   0.75459      1.972230  0.000  0.223  0.000  0.074  0.037  0.307  0.000  0.104  0.109  0.851
   0.74008      1.992040  0.000  0.223  0.000  0.074  0.036  0.306  0.000  0.103  0.108  0.851
   0.72557      2.010018  0.000  0.225  0.000  0.076  0.036  0.306  0.000  0.103  0.107  0.852
   0.71106      2.026065  0.000  0.228  0.000  0.076  0.035  0.305  0.000  0.102  0.106  0.852
   0.69655      2.040070  0.000  0.230  0.000  0.078  0.034  0.305  0.000  0.102  0.104  0.853
   0.68203      2.051935  0.000  0.230  0.000  0.076  0.035  0.304  0.000  0.102  0.103  0.852
   0.66752      2.061571  0.000  0.232  0.000  0.076  0.034  0.305  0.000  0.102  0.103  0.851
   0.65301      2.068903  0.000  0.234  0.000  0.078  0.034  0.304  0.000  0.102  0.101  0.851
   0.63850      2.073867  0.000  0.235  0.000  0.078  0.033  0.304  0.000  0.102  0.100  0.851
   0.62399      2.076417  0.000  0.234  0.000  0.078  0.033  0.305  0.000  0.102  0.100  0.851
   0.60948      2.076520  0.000  0.236  0.000  0.078  0.033  0.304  0.000  0.102  0.098  0.851
   0.59497      2.074153  0.000  0.236  0.000  0.078  0.032  0.304  0.000  0.102  0.097  0.850
   0.58046      2.069310  0.000  0.236  0.000  0.078  0.032  0.304  0.000  0.102  0.097  0.849
   0.56594      2.062008  0.000  0.236  0.000  0.078  0.031  0.305  0.000  0.102  0.095  0.848
   0.56594      2.062008  0.000  0.236  0.000  0.078  0.031  0.305  0.000  0.102  0.095  0.848
   0.55143      2.052277  0.000  0.237  0.000  0.078  0.032  0.305  0.000  0.102  0.095  0.848
   0.53692      2.040162  0.000  0.235  0.000  0.078  0.031  0.304  0.000  0.102  0.095  0.847
   0.52241      2.025722  0.000  0.235  0.000  0.078  0.031  0.305  0.000  0.102  0.093  0.846
   0.50790      2.009039  0.000  0.234  0.000  0.079  0.031  0.306  0.000  0.102  0.093  0.844
   0.49339      1.990202  0.000  0.234  0.000  0.077  0.031  0.306  0.000  0.102  0.093  0.843
   0.47888      1.969316  0.000  0.233  0.000  0.077  0.031  0.307  0.000  0.102  0.092  0.842
   0.46436      1.946495  0.000  0.233  0.000  0.077  0.031  0.307  0.000  0.103  0.092  0.840
   0.44985      1.921866  0.000  0.229  0.000  0.075  0.030  0.308  0.000  0.103  0.091  0.840
   0.43534      1.895565  0.000  0.228  0.000  0.076  0.030  0.309  0.000  0.104  0.091  0.838
   0.42083      1.867744  0.000  0.227  0.000  0.074  0.030  0.310  0.000  0.103  0.092  0.837
   0.40632      1.838556  0.000  0.224  0.000  0.074  0.031  0.312  0.000  0.104  0.091  0.836
   0.39181      1.808167  0.000  0.221  0.000  0.073  0.031  0.313  0.000  0.105  0.091  0.835
   0.37730      1.776735  0.000  0.221  0.000  0.074  0.031  0.314  0.000  0.105  0.092  0.834
   0.36278      1.744450  0.000  0.218  0.000  0.072  0.031  0.316  0.000  0.106  0.092  0.834
   0.34827      1.711487  0.000  0.215  0.000  0.073  0.031  0.318  0.000  0.106  0.093  0.833
   0.33376      1.678045  0.000  0.212  0.000  0.071  0.031  0.319  0.000  0.107  0.094  0.832
   0.31925      1.644316  0.000  0.207  0.000  0.069  0.031  0.322  0.000  0.107  0.094  0.834
   0.30474      1.610505  0.000  0.204  0.000  0.068  0.031  0.324  0.000  0.108  0.095  0.831
   0.29023      1.576830  0.000  0.201  0.000  0.068  0.032  0.327  0.000  0.109  0.096  0.832
   0.27572      1.543500  0.000  0.197  0.000  0.067  0.032  0.329  0.000  0.110  0.097  0.832
   0.26120      1.510749  0.000  0.194  0.000  0.065  0.033  0.332  0.000  0.111  0.099  0.834
   0.24669      1.478812  0.000  0.189  0.000  0.063  0.033  0.335  0.000  0.112  0.101  0.833
   0.23218      1.447937  0.000  0.185  0.000  0.061  0.034  0.339  0.000  0.113  0.103  0.834
   0.21767      1.418381  0.000  0.180  0.000  0.059  0.035  0.342  0.000  0.114  0.105  0.837
   0.20316      1.390386  0.000  0.177  0.000  0.059  0.035  0.345  0.000  0.115  0.106  0.836
   0.18865      1.364225  0.000  0.172  0.000  0.058  0.036  0.348  0.000  0.116  0.109  0.838
   0.17414      1.340154  0.000  0.168  0.000  0.056  0.037  0.350  0.000  0.117  0.111  0.840
   0.15963      1.318425  0.000  0.163  0.000  0.054  0.038  0.354  0.000  0.118  0.114  0.842
   0.14511      1.299279  0.000  0.159  0.000  0.052  0.038  0.356  0.000  0.119  0.117  0.844
   0.13060      1.282933  0.000  0.155  0.000  0.052  0.040  0.359  0.000  0.120  0.119  0.845
   0.11609      1.269585  0.000  0.154  0.000  0.051  0.041  0.360  0.000  0.121  0.121  0.848
   0.10158      1.259386  0.000  0.150  0.000  0.051  0.041  0.362  0.000  0.121  0.124  0.849
   0.08707      1.252448  0.000  0.148  0.000  0.049  0.042  0.362  0.000  0.121  0.126  0.850
   0.07256      1.248836  0.000  0.147  0.000  0.049  0.043  0.363  0.000  0.121  0.129  0.852
   0.05805      1.248559  0.000  0.144  0.000  0.049  0.043  0.362  0.000  0.121  0.131  0.852
   0.04353      1.251583  0.000  0.144  0.000  0.049  0.044  0.361  0.000  0.121  0.132  0.854
   0.02902      1.257813  0.000  0.145  0.000  0.049  0.045  0.360  0.000  0.121  0.134  0.854
   0.01451      1.267129  0.000  0.147  0.000  0.049  0.045  0.359  0.000  0.121  0.135  0.855
   0.00000      1.279364  0.000  0.148  0.000  0.048  0.046  0.357  0.000  0.120  0.136  0.856
 
# Band-Index:   19
   0.00000      4.733002  0.293  0.026  0.042  0.077  0.034  0.001  0.004  0.004  0.011  0.491
   0.01451      4.743673  0.306  0.025  0.036  0.077  0.029  0.000  0.003  0.001  0.010  0.487
   0.02902      4.699355  0.311  0.026  0.035  0.077  0.029  0.000  0.002  0.001  0.010  0.487
   0.04353      4.656073  0.312  0.026  0.032  0.076  0.028  0.000  0.002  0.001  0.009  0.487
   0.05805      4.614345  0.317  0.025  0.032  0.075  0.028  0.000  0.002  0.001  0.009  0.485
   0.07256      4.574548  0.318  0.024  0.029  0.073  0.028  0.000  0.001  0.001  0.009  0.486
   0.08707      4.537026  0.322  0.025  0.026  0.073  0.027  0.000  0.001  0.000  0.009  0.486
   0.10158      4.502120  0.325  0.023  0.026  0.072  0.026  0.000  0.001  0.000  0.008  0.484
   0.11609      4.470166  0.327  0.024  0.024  0.072  0.026  0.000  0.001  0.000  0.008  0.484
   0.13060      4.441487  0.330  0.024  0.022  0.071  0.025  0.000  0.001  0.001  0.008  0.484
   0.14511      4.416401  0.332  0.023  0.022  0.071  0.025  0.000  0.001  0.001  0.008  0.482
   0.15963      4.395199  0.335  0.023  0.020  0.070  0.024  0.000  0.001  0.001  0.008  0.482
   0.17414      4.378161  0.335  0.024  0.019  0.071  0.022  0.000  0.001  0.001  0.007  0.481
   0.18865      4.365556  0.338  0.024  0.019  0.071  0.022  0.000  0.001  0.001  0.007  0.482
   0.20316      4.357611  0.338  0.022  0.020  0.070  0.020  0.001  0.001  0.002  0.007  0.481
   0.21767      4.354533  0.340  0.023  0.018  0.069  0.019  0.001  0.002  0.002  0.006  0.480
   0.23218      4.356484  0.339  0.023  0.019  0.070  0.018  0.001  0.002  0.002  0.006  0.481
   0.24669      4.363599  0.339  0.023  0.022  0.069  0.017  0.001  0.002  0.003  0.006  0.480
   0.26120      4.375966  0.338  0.024  0.025  0.070  0.016  0.001  0.002  0.003  0.006  0.481
   0.27572      4.393625  0.337  0.022  0.026  0.069  0.014  0.001  0.002  0.004  0.004  0.482
   0.29023      4.416579  0.336  0.022  0.029  0.068  0.013  0.001  0.003  0.004  0.004  0.482
   0.30474      4.444782  0.333  0.022  0.033  0.067  0.012  0.002  0.003  0.005  0.004  0.484
   0.31925      4.478146  0.332  0.023  0.038  0.068  0.010  0.002  0.002  0.005  0.003  0.484
   0.33376      4.516541  0.329  0.023  0.042  0.068  0.009  0.002  0.003  0.006  0.003  0.486
   0.34827      4.559794  0.325  0.023  0.049  0.068  0.008  0.002  0.003  0.006  0.003  0.485
   0.36278      4.607694  0.322  0.023  0.053  0.066  0.008  0.002  0.003  0.007  0.003  0.487
   0.37730      4.659989  0.318  0.023  0.060  0.067  0.006  0.002  0.004  0.007  0.002  0.487
   0.39181      4.716381  0.312  0.023  0.067  0.067  0.005  0.002  0.004  0.007  0.002  0.489
   0.40632      4.776523  0.307  0.023  0.072  0.067  0.003  0.003  0.005  0.008  0.001  0.489
   0.42083      4.839991  0.301  0.021  0.080  0.065  0.003  0.003  0.005  0.009  0.001  0.491
   0.43534      4.906252  0.295  0.021  0.088  0.065  0.002  0.002  0.006  0.008  0.000  0.488
   0.44985      4.974550  0.287  0.021  0.096  0.066  0.001  0.002  0.007  0.008  0.000  0.486
   0.46436      5.043748  0.275  0.021  0.102  0.064  0.000  0.003  0.009  0.008  0.000  0.482
   0.47888      5.111893  0.258  0.021  0.108  0.064  0.000  0.003  0.011  0.007  0.000  0.474
   0.49339      5.175324  0.234  0.021  0.109  0.066  0.002  0.002  0.016  0.006  0.000  0.457
   0.50790      5.227810  0.200  0.022  0.100  0.065  0.008  0.002  0.023  0.006  0.002  0.430
   0.52241      5.263617  0.170  0.021  0.083  0.065  0.018  0.003  0.030  0.008  0.006  0.404
   0.53692      5.284508  0.154  0.021  0.065  0.064  0.025  0.004  0.036  0.011  0.008  0.389
   0.55143      5.296677  0.146  0.021  0.055  0.064  0.031  0.004  0.038  0.012  0.010  0.383
   0.56594      5.304349  0.144  0.021  0.051  0.063  0.033  0.005  0.039  0.013  0.011  0.381
   0.56594      5.304349  0.144  0.021  0.051  0.063  0.033  0.005  0.039  0.013  0.011  0.381
   0.58046      5.309237  0.142  0.021  0.050  0.063  0.034  0.004  0.040  0.013  0.011  0.378
   0.59497      5.310925  0.139  0.021  0.056  0.063  0.033  0.004  0.038  0.011  0.011  0.377
   0.60948      5.303261  0.152  0.021  0.081  0.063  0.024  0.002  0.031  0.006  0.008  0.390
   0.62399      5.262622  0.224  0.020  0.120  0.063  0.005  0.003  0.015  0.009  0.002  0.460
   0.63850      5.191374  0.268  0.020  0.122  0.061  0.000  0.004  0.009  0.014  0.000  0.498
   0.65301      5.112643  0.284  0.020  0.113  0.061  0.000  0.005  0.006  0.017  0.000  0.508
   0.66752      5.033097  0.294  0.022  0.105  0.062  0.000  0.006  0.006  0.017  0.000  0.509
   0.68203      4.954791  0.301  0.021  0.095  0.062  0.002  0.006  0.005  0.017  0.000  0.511
   0.69655      4.878727  0.307  0.021  0.088  0.062  0.002  0.006  0.005  0.017  0.000  0.509
   0.71106      4.805574  0.313  0.021  0.079  0.064  0.003  0.005  0.004  0.016  0.001  0.507
   0.72557      4.735856  0.316  0.022  0.072  0.065  0.004  0.005  0.004  0.015  0.001  0.505
   0.74008      4.670018  0.322  0.022  0.065  0.066  0.004  0.005  0.004  0.014  0.001  0.503
   0.75459      4.608463  0.327  0.022  0.059  0.066  0.005  0.004  0.004  0.013  0.001  0.501
   0.76910      4.551563  0.331  0.022  0.051  0.066  0.007  0.004  0.003  0.012  0.003  0.498
   0.78361      4.499655  0.335  0.022  0.045  0.066  0.009  0.004  0.003  0.011  0.003  0.496
   0.79813      4.453048  0.338  0.022  0.039  0.068  0.010  0.003  0.003  0.009  0.004  0.495
   0.81264      4.411999  0.340  0.022  0.034  0.067  0.011  0.003  0.003  0.008  0.004  0.492
   0.82715      4.376719  0.342  0.021  0.030  0.067  0.013  0.002  0.002  0.007  0.005  0.492
   0.84166      4.347356  0.344  0.021  0.027  0.067  0.016  0.002  0.002  0.005  0.005  0.489
   0.85617      4.323988  0.345  0.023  0.025  0.068  0.018  0.001  0.002  0.004  0.006  0.489
   0.87068      4.306624  0.345  0.023  0.021  0.067  0.019  0.001  0.002  0.003  0.006  0.488
   0.88519      4.295195  0.343  0.022  0.020  0.068  0.021  0.001  0.002  0.002  0.007  0.488
   0.89971      4.289567  0.343  0.022  0.019  0.067  0.024  0.001  0.002  0.002  0.008  0.489
   0.91422      4.289539  0.340  0.022  0.020  0.068  0.026  0.000  0.002  0.001  0.008  0.488
   0.92873      4.294844  0.339  0.023  0.019  0.069  0.027  0.000  0.002  0.001  0.009  0.488
   0.94324      4.305187  0.336  0.023  0.021  0.069  0.030  0.000  0.002  0.001  0.010  0.489
   0.95775      4.320223  0.332  0.022  0.022  0.068  0.031  0.000  0.002  0.001  0.011  0.490
   0.97226      4.339598  0.330  0.022  0.022  0.068  0.032  0.000  0.002  0.001  0.011  0.491
   0.98677      4.362932  0.326  0.023  0.024  0.069  0.033  0.000  0.002  0.001  0.011  0.491
   1.00128      4.389843  0.322  0.024  0.026  0.070  0.034  0.000  0.002  0.001  0.011  0.493
   1.01580      4.419960  0.320  0.023  0.028  0.071  0.035  0.000  0.002  0.001  0.011  0.492
   1.03031      4.452904  0.316  0.025  0.030  0.072  0.036  0.000  0.002  0.002  0.012  0.494
   1.04482      4.488310  0.311  0.024  0.031  0.072  0.035  0.000  0.002  0.002  0.012  0.493
   1.05933      4.525822  0.310  0.024  0.034  0.073  0.036  0.001  0.003  0.002  0.012  0.493
   1.07384      4.565091  0.305  0.026  0.036  0.073  0.035  0.001  0.003  0.003  0.012  0.493
   1.08835      4.605786  0.304  0.025  0.037  0.074  0.035  0.001  0.003  0.003  0.011  0.493
   1.10286      4.647562  0.299  0.025  0.039  0.075  0.035  0.001  0.003  0.003  0.012  0.492
   1.11738      4.690094  0.294  0.026  0.041  0.076  0.034  0.001  0.004  0.003  0.012  0.492
   1.13189      4.733002  0.293  0.026  0.042  0.077  0.034  0.001  0.004  0.004  0.011  0.491
 
# Band-Index:   20
   1.13189      4.789559  0.303  0.027  0.036  0.076  0.027  0.001  0.003  0.002  0.009  0.485
   1.11738      4.835349  0.301  0.026  0.040  0.077  0.027  0.001  0.003  0.002  0.009  0.485
   1.10286      4.881347  0.296  0.026  0.041  0.078  0.027  0.001  0.004  0.002  0.009  0.484
   1.08835      4.927113  0.292  0.026  0.042  0.079  0.027  0.001  0.005  0.003  0.009  0.484
   1.07384      4.972261  0.289  0.027  0.043  0.079  0.027  0.001  0.004  0.003  0.009  0.482
   1.05933      5.016418  0.284  0.027  0.044  0.080  0.027  0.001  0.005  0.004  0.009  0.480
   1.04482      5.059212  0.279  0.027  0.046  0.080  0.026  0.001  0.006  0.004  0.009  0.479
   1.03031      5.100290  0.276  0.026  0.045  0.081  0.026  0.002  0.007  0.006  0.009  0.476
   1.01580      5.139314  0.270  0.026  0.046  0.080  0.025  0.002  0.008  0.006  0.008  0.475
   1.00128      5.175974  0.264  0.028  0.046  0.081  0.025  0.002  0.009  0.007  0.008  0.472
   0.98677      5.210007  0.260  0.028  0.047  0.082  0.025  0.002  0.011  0.008  0.009  0.468
   0.97226      5.241176  0.254  0.028  0.045  0.081  0.024  0.003  0.012  0.009  0.008  0.465
   0.95775      5.269315  0.248  0.028  0.045  0.080  0.025  0.003  0.013  0.009  0.008  0.462
   0.94324      5.294322  0.243  0.027  0.046  0.080  0.025  0.004  0.015  0.011  0.008  0.459
   0.92873      5.316150  0.237  0.027  0.045  0.079  0.025  0.004  0.017  0.012  0.008  0.454
   0.91422      5.334824  0.231  0.027  0.044  0.079  0.026  0.005  0.019  0.013  0.009  0.449
   0.89971      5.350424  0.225  0.027  0.042  0.079  0.026  0.005  0.020  0.013  0.009  0.447
   0.88519      5.363090  0.218  0.025  0.041  0.077  0.027  0.005  0.023  0.015  0.009  0.443
   0.87068      5.373006  0.214  0.024  0.041  0.076  0.028  0.005  0.024  0.015  0.009  0.438
   0.85617      5.380387  0.207  0.025  0.040  0.077  0.029  0.005  0.026  0.016  0.010  0.434
   0.84166      5.385475  0.203  0.025  0.038  0.074  0.030  0.006  0.028  0.018  0.010  0.430
   0.82715      5.388520  0.198  0.025  0.037  0.074  0.030  0.006  0.029  0.018  0.010  0.427
   0.81264      5.389787  0.195  0.025  0.037  0.072  0.032  0.006  0.030  0.018  0.010  0.423
   0.79813      5.389527  0.191  0.023  0.035  0.069  0.033  0.006  0.032  0.019  0.011  0.421
   0.78361      5.387986  0.186  0.023  0.035  0.069  0.034  0.007  0.034  0.020  0.011  0.418
   0.76910      5.385395  0.183  0.023  0.033  0.069  0.035  0.007  0.034  0.020  0.011  0.417
   0.75459      5.381970  0.181  0.023  0.033  0.067  0.037  0.007  0.036  0.021  0.012  0.413
   0.74008      5.377911  0.177  0.023  0.031  0.067  0.038  0.007  0.036  0.021  0.012  0.412
   0.72557      5.373406  0.176  0.023  0.031  0.065  0.038  0.007  0.038  0.021  0.013  0.411
   0.71106      5.368627  0.175  0.022  0.030  0.064  0.039  0.008  0.038  0.021  0.013  0.410
   0.69655      5.363753  0.172  0.022  0.030  0.065  0.040  0.008  0.039  0.023  0.013  0.409
   0.68203      5.358957  0.173  0.020  0.029  0.062  0.040  0.008  0.040  0.023  0.013  0.411
   0.66752      5.354492  0.175  0.020  0.028  0.062  0.040  0.008  0.040  0.024  0.014  0.411
   0.65301      5.350821  0.179  0.020  0.028  0.062  0.041  0.009  0.039  0.025  0.013  0.417
   0.63850      5.349207  0.192  0.020  0.030  0.061  0.039  0.010  0.039  0.028  0.013  0.429
   0.62399      5.355092  0.232  0.019  0.040  0.058  0.034  0.011  0.034  0.033  0.012  0.470
   0.60948      5.389431  0.301  0.018  0.089  0.055  0.014  0.011  0.018  0.034  0.005  0.547
   0.59497      5.450340  0.316  0.017  0.123  0.054  0.003  0.009  0.012  0.028  0.001  0.564
   0.58046      5.505396  0.318  0.017  0.138  0.053  0.000  0.008  0.012  0.023  0.000  0.573
   0.56594      5.533102  0.321  0.017  0.140  0.051  0.001  0.007  0.014  0.020  0.000  0.573
   0.56594      5.533102  0.321  0.017  0.140  0.051  0.001  0.007  0.014  0.020  0.000  0.573
   0.55143      5.521766  0.317  0.018  0.129  0.052  0.006  0.006  0.014  0.019  0.002  0.562
   0.53692      5.482175  0.307  0.017  0.106  0.053  0.013  0.007  0.015  0.021  0.004  0.545
   0.52241      5.434637  0.289  0.019  0.077  0.054  0.023  0.008  0.018  0.024  0.008  0.521
   0.50790      5.395104  0.260  0.018  0.049  0.056  0.034  0.009  0.025  0.026  0.011  0.489
   0.49339      5.370021  0.229  0.018  0.033  0.058  0.040  0.009  0.031  0.027  0.013  0.457
   0.47888      5.355962  0.208  0.020  0.025  0.058  0.043  0.009  0.034  0.025  0.014  0.438
   0.46436      5.347953  0.197  0.020  0.025  0.061  0.043  0.008  0.036  0.025  0.014  0.426
   0.44985      5.343112  0.191  0.021  0.023  0.061  0.042  0.008  0.035  0.023  0.014  0.421
   0.43534      5.339988  0.189  0.021  0.025  0.062  0.041  0.008  0.036  0.023  0.013  0.417
   0.42083      5.337801  0.187  0.021  0.027  0.065  0.039  0.007  0.035  0.023  0.013  0.415
   0.40632      5.336097  0.187  0.021  0.028  0.065  0.038  0.007  0.034  0.022  0.012  0.415
   0.39181      5.334541  0.189  0.022  0.029  0.065  0.036  0.007  0.034  0.021  0.012  0.415
   0.37730      5.332873  0.190  0.023  0.029  0.067  0.035  0.007  0.033  0.021  0.011  0.415
   0.36278      5.330861  0.191  0.024  0.030  0.068  0.034  0.007  0.031  0.020  0.011  0.416
   0.34827      5.328290  0.195  0.024  0.032  0.069  0.032  0.007  0.030  0.020  0.010  0.419
   0.33376      5.324949  0.197  0.024  0.033  0.071  0.031  0.007  0.029  0.020  0.010  0.420
   0.31925      5.320623  0.200  0.024  0.034  0.071  0.030  0.006  0.028  0.019  0.010  0.423
   0.30474      5.315100  0.205  0.024  0.036  0.073  0.029  0.006  0.026  0.018  0.009  0.425
   0.29023      5.308168  0.208  0.024  0.036  0.074  0.028  0.006  0.025  0.017  0.009  0.428
   0.27572      5.299613  0.213  0.026  0.038  0.076  0.026  0.006  0.023  0.017  0.009  0.433
   0.26120      5.289235  0.217  0.026  0.040  0.076  0.025  0.006  0.022  0.017  0.008  0.434
   0.24669      5.276841  0.220  0.026  0.040  0.076  0.024  0.005  0.020  0.015  0.008  0.439
   0.23218      5.262264  0.226  0.027  0.042  0.078  0.023  0.005  0.018  0.015  0.008  0.442
   0.21767      5.245358  0.230  0.027  0.043  0.079  0.023  0.004  0.017  0.014  0.008  0.445
   0.20316      5.226010  0.236  0.027  0.045  0.079  0.023  0.004  0.015  0.014  0.008  0.449
   0.18865      5.204149  0.240  0.027  0.046  0.080  0.023  0.004  0.014  0.013  0.007  0.453
   0.17414      5.179744  0.246  0.026  0.044  0.080  0.022  0.004  0.012  0.011  0.007  0.457
   0.15963      5.152812  0.249  0.027  0.046  0.080  0.023  0.004  0.011  0.011  0.008  0.461
   0.14511      5.123409  0.255  0.027  0.047  0.081  0.023  0.003  0.010  0.010  0.008  0.465
   0.13060      5.091640  0.259  0.027  0.048  0.082  0.025  0.003  0.009  0.010  0.009  0.467
   0.11609      5.057658  0.264  0.027  0.046  0.081  0.025  0.003  0.008  0.009  0.008  0.471
   0.10158      5.021643  0.267  0.028  0.048  0.081  0.026  0.003  0.007  0.008  0.009  0.474
   0.08707      4.983809  0.272  0.026  0.046  0.080  0.027  0.003  0.006  0.007  0.009  0.479
   0.07256      4.944399  0.275  0.026  0.047  0.080  0.028  0.003  0.006  0.007  0.010  0.481
   0.05805      4.903671  0.280  0.027  0.046  0.079  0.029  0.002  0.006  0.006  0.009  0.483
   0.04353      4.861909  0.282  0.027  0.045  0.078  0.030  0.002  0.005  0.006  0.010  0.485
   0.02902      4.819411  0.286  0.026  0.044  0.077  0.031  0.002  0.005  0.005  0.010  0.487
   0.01451      4.776638  0.289  0.025  0.042  0.078  0.032  0.002  0.004  0.005  0.010  0.487
   0.00000      4.789559  0.303  0.027  0.036  0.076  0.027  0.001  0.003  0.002  0.009  0.485
