filename,parent,sse,msbi,msbi_shap,mpf,mpf_shap,pd_ratio,pd_ratio_shap
POSCAR_Ag2F6_3,Ag2F6_3,0.042023,0.17045765,0.014967993,0.08903865,-0.060504396,0.49999994,0.017881086
POSCAR_Ag2F6_3_st950,Ag2F6_3,0.036292,0.17045765,0.0158138,0.08903865,-0.060119174,0.49999994,0.017948003
POSCAR_Ag2F6_3_st975,Ag2F6_3,0.03876,0.17045765,0.015081379,0.08903865,-0.060745727,0.49999994,0.017935662
POSCAR_Ag2F6_3_x950,Ag2F6_3,0.003334,0.16760522,0.017429963,0.08903865,-0.058055434,0.49999994,0.018322747
POSCAR_Ag2F6_3_y950,Ag2F6_3,0.005466,0.17146482,0.017432185,0.08903865,-0.056906734,0.49999994,0.01888582
POSCAR_Ag2F6_3_y975,Ag2F6_3,0.00841,0.17096822,0.016278693,0.08903865,-0.05731189,0.49999994,0.018325113
POSCAR_Ag2F6_3_z025,Ag2F6_3,0.077982,0.16952601,0.015652033,0.08903865,-0.059181802,0.49999994,0.017964758
POSCAR_Ag2F6_3_z950,Ag2F6_3,0.015396,0.17228034,0.017155448,0.08903865,-0.05668861,0.49999994,0.018817741
POSCAR_Ag2F6_3_z975,Ag2F6_3,0.064037,0.17137635,0.015902422,0.08903865,-0.057834566,0.49999994,0.01823287
POSCAR_Al10Fe2_1,Al10Fe2_1,0.042896,8.702783e-06,-0.21446024,0.2730554,0.014384406,0.14285712,0.0028839165
POSCAR_Al10Fe2_1_st950,Al10Fe2_1,0.019014,8.702783e-06,-0.21800229,0.2730554,0.014454816,0.14285712,0.002552438
POSCAR_Al10Fe2_1_st975,Al10Fe2_1,0.042746,8.702783e-06,-0.21720394,0.2730554,0.01443432,0.14285712,0.002576578
POSCAR_Al10Fe2_1_x025,Al10Fe2_1,0.021152,8.666595e-06,-0.21726172,0.2730554,0.014372221,0.14285712,0.0031569193
POSCAR_Al10Fe2_1_x975,Al10Fe2_1,0.047069,8.739864e-06,-0.21292269,0.2730554,0.014169774,0.14285712,0.0023732665
POSCAR_Al10Fe2_1_y975,Al10Fe2_1,0.033551,8.84043e-06,-0.21212499,0.2730554,0.014329368,0.14285712,0.0026927672
POSCAR_Al10Fe2_1_z050,Al10Fe2_1,0.021833,9.047712e-06,-0.20906617,0.2730554,0.014201966,0.14285712,0.0025687302
POSCAR_Al2Fe2_2,Al2Fe2_2,0.082671,0.0014800074,-0.23850657,0.5,0.018829484,0.14285712,0.0006476484
POSCAR_Al2Fe2_2_st025,Al2Fe2_2,0.013031,0.0014800074,-0.23818953,0.5,0.018796114,0.14285712,0.000720514
POSCAR_Al2Fe2_2_st950,Al2Fe2_2,0.013366,0.0014800074,-0.23706223,0.5,0.018731799,0.14285712,0.00033622785
POSCAR_Al2Fe2_2_x025,Al2Fe2_2,0.027716,0.0014921911,-0.23862779,0.5,0.018978717,0.14285712,0.0006351865
POSCAR_Al2Fe2_2_x050,Al2Fe2_2,0.007001,0.0015041725,-0.23953784,0.5,0.01899843,0.14285712,0.0005695053
POSCAR_Al2Fe2_2_x950,Al2Fe2_2,0.010943,0.0020400558,-0.22844495,0.25172096,0.01713511,0.14285712,-0.0006609596
POSCAR_Al2Fe2_2_x975,Al2Fe2_2,0.031944,0.0014676222,-0.23884983,0.5,0.018818308,0.14285712,0.0006099205
POSCAR_Al2Fe2_2_y025,Al2Fe2_2,0.014834,0.0014717665,-0.2360499,0.5,0.018473918,0.14285712,0.00029826368
POSCAR_Al2Fe2_2_y950,Al2Fe2_2,0.005462,0.0014961001,-0.23903912,0.5,0.018897258,0.14285712,0.0005502001
POSCAR_Al2Fe2_2_z050,Al2Fe2_2,0.017962,0.0014712663,-0.23778696,0.5,0.01876397,0.14285712,0.0007725806
POSCAR_Al2Fe2_2_z950,Al2Fe2_2,0.00829,0.0014876378,-0.23844394,0.5,0.018602766,0.14285712,0.0001895251
POSCAR_Al2Fe2_2_z975,Al2Fe2_2,0.006618,0.0014839697,-0.24036826,0.5,0.019031532,0.14285712,0.0005470881
POSCAR_Al2Mn2_2,Al2Mn2_2,0.011028,1.5641076e-06,-0.22228606,0.5,0.015698206,0.16666664,-0.0002926746
POSCAR_Al2Mn2_2_st950,Al2Mn2_2,0.011499,1.5641076e-06,-0.22458798,0.5,0.01541978,0.16666664,-0.0003508373
POSCAR_Al2Mn2_2_st975,Al2Mn2_2,0.011657,1.5641076e-06,-0.22363524,0.5,0.015535505,0.16666664,-0.00035940408
POSCAR_Al2Mn2_2_x025,Al2Mn2_2,0.00999,1.5396605e-06,-0.22234195,0.5,0.015757736,0.16666664,-0.00030814667
POSCAR_Al2Mn2_2_x050,Al2Mn2_2,0.010084,1.515455e-06,-0.2222778,0.5,0.015613121,0.16666664,-0.00047990854
POSCAR_Al2Mn2_2_y025,Al2Mn2_2,0.009996,1.5390261e-06,-0.22234197,0.5,0.015757736,0.16666664,-0.00030814667
POSCAR_Al2Mn2_2_y050,Al2Mn2_2,0.01009,1.5141927e-06,-0.22227383,0.5,0.01561082,0.16666664,-0.00047861197
POSCAR_Al2Mn2_2_z025,Al2Mn2_2,0.010663,1.6136912e-06,-0.21544486,0.5,0.015682548,0.16666664,-0.0004247444
POSCAR_Al2Mn2_2_z050,Al2Mn2_2,0.009765,1.6628927e-06,-0.21610565,0.5,0.015430148,0.16666664,-0.00017362893
POSCAR_Al2Mn2_2_z950,Al2Mn2_2,0.010735,1.4639639e-06,-0.22431877,0.5,0.015765455,0.16666664,-0.00043133093
POSCAR_Al2Mn2_2_z975,Al2Mn2_2,0.010537,1.5141836e-06,-0.22336751,0.5,0.015756354,0.16666664,-0.00033579444
POSCAR_Al3Fe2_2,Al3Fe2_2,0.013452,0.0015788322,-0.22848998,0.39465696,0.017694863,0.14285712,9.174305e-05
POSCAR_Al3Fe2_2_st975,Al3Fe2_2,0.01104,0.0015788322,-0.22675551,0.39465696,0.017536107,0.14285712,-1.9618353e-06
POSCAR_Al3Fe2_2_x025,Al3Fe2_2,0.008255,0.0015640862,-0.22845365,0.39465696,0.017636858,0.14285712,0.000101721365
POSCAR_Al3Fe2_2_x050,Al3Fe2_2,0.007952,0.0015498447,-0.22831716,0.39465696,0.017538758,0.14285712,0.00015925412
POSCAR_Al3Fe2_2_x950,Al3Fe2_2,0.009013,0.0016066729,-0.22868787,0.39465696,0.017683743,0.14285712,0.000110022316
POSCAR_Al3Fe2_2_x975,Al3Fe2_2,0.008457,0.0015940827,-0.22869757,0.39465696,0.017710296,0.14285712,7.605066e-05
POSCAR_Al3Fe2_2_y025,Al3Fe2_2,0.011615,0.0015635946,-0.23025115,0.39465696,0.017879888,0.14285712,0.00017003954
POSCAR_Al3Fe2_2_y050,Al3Fe2_2,0.010364,0.0015488561,-0.23494512,0.39465696,0.018253231,0.14285712,0.00035548123
POSCAR_Al3Fe2_2_y975,Al3Fe2_2,0.010483,0.0015945608,-0.22738111,0.39465696,0.017639333,0.14285712,-0.00010145084
POSCAR_Al3Fe2_2_z025,Al3Fe2_2,0.007795,0.0016096024,-0.22860655,0.39465696,0.017766103,0.14285712,5.4789227e-05
POSCAR_Al3Fe2_2_z050,Al3Fe2_2,0.013742,0.0016390025,-0.22801453,0.39465696,0.017682627,0.14285712,0.0001224765
POSCAR_Al3Fe2_2_z950,Al3Fe2_2,0.00858,0.0015191912,-0.22810198,0.39465696,0.017723802,0.14285712,4.493395e-05
POSCAR_Al3Fe2_2_z975,Al3Fe2_2,0.008667,0.0015486653,-0.22865428,0.39465696,0.017779572,0.14285712,2.4271692e-05
POSCAR_Al5Mn2_1,Al5Mn2_1,0.015454,2.9866595e-05,-0.23277225,0.28703734,0.017439963,0.16666664,-0.0017605553
POSCAR_Al5Mn2_1_st025,Al5Mn2_1,0.013926,2.9866595e-05,-0.22792387,0.28703734,0.017335376,0.16666664,-0.0010386718
POSCAR_Al5Mn2_1_st050,Al5Mn2_1,0.015113,2.9866595e-05,-0.22057618,0.28703734,0.017010022,0.16666664,-0.00062315067
POSCAR_Al5Mn2_1_st975,Al5Mn2_1,0.015802,2.9866595e-05,-0.2342848,0.28703734,0.017499717,0.16666664,-0.002129017
POSCAR_Al5Mn2_1_x025,Al5Mn2_1,0.015286,2.9346429e-05,-0.23279011,0.28703734,0.016941186,0.16666664,-0.001552967
POSCAR_Al5Mn2_1_x050,Al5Mn2_1,0.015588,2.8838156e-05,-0.23334593,0.28703734,0.016703859,0.16666664,-0.0012579777
POSCAR_Al5Mn2_1_x950,Al5Mn2_1,0.014834,3.0942e-05,-0.23635733,0.28703734,0.01690593,0.16666664,-0.0017075074
POSCAR_Al5Mn2_1_x975,Al5Mn2_1,0.014906,3.0398518e-05,-0.23451014,0.28703734,0.016987508,0.16666664,-0.0019723673
POSCAR_Al5Mn2_1_y025,Al5Mn2_1,0.015101,3.0025341e-05,-0.23358338,0.28703734,0.017023502,0.16666664,-0.0016947292
POSCAR_Al5Mn2_1_y050,Al5Mn2_1,0.015316,3.0187859e-05,-0.23512633,0.28703734,0.016753174,0.16666664,-0.001722576
POSCAR_Al5Mn2_1_y950,Al5Mn2_1,0.014216,2.9562903e-05,-0.23702492,0.28703734,0.01663224,0.16666664,-0.0020678162
POSCAR_Al5Mn2_1_y975,Al5Mn2_1,0.01486,2.971223e-05,-0.23462234,0.28703734,0.0170583,0.16666664,-0.0018761612
POSCAR_Al5Mn2_1_z025,Al5Mn2_1,0.01486,3.0237314e-05,-0.23109894,0.28703734,0.017039843,0.16666664,-0.0011318857
POSCAR_Al5Mn2_1_z050,Al5Mn2_1,0.014306,3.0610398e-05,-0.23144858,0.28703734,0.01674011,0.16666664,-0.00043526842
POSCAR_Al5Mn2_1_z975,Al5Mn2_1,0.015625,2.9498628e-05,-0.23343047,0.28703734,0.017201357,0.16666664,-0.0019726017
POSCAR_As1V2_1,As1V2_1,0.010596,0.0020249558,-0.21333387,0.3550732,0.019273784,0.7499998,0.0075680087
POSCAR_As1V2_1_st050,As1V2_1,0.011958,0.0020249558,-0.21385834,0.5,0.019319361,0.7499998,0.007316112
POSCAR_As1V2_1_x025,As1V2_1,0.006343,0.0020056148,-0.2136953,0.5,0.019364906,0.7499998,0.007623552
POSCAR_As1V2_1_x050,As1V2_1,0.005809,0.0019867055,-0.21335952,0.5,0.019245185,0.7499998,0.007626714
POSCAR_As1V2_1_x950,As1V2_1,0.005735,0.002064894,-0.21314745,0.5,0.019370982,0.7499998,0.007529824
POSCAR_As1V2_1_x975,As1V2_1,0.006191,0.0020447194,-0.21302418,0.3550732,0.019319365,0.7499998,0.0076308222
POSCAR_As1V2_1_y025,As1V2_1,0.006241,0.002029407,-0.21302532,0.5,0.019299164,0.7499998,0.007628131
POSCAR_As1V2_1_y050,As1V2_1,0.005902,0.0020335312,-0.21314146,0.35196742,0.019114207,0.7499998,0.007689021
POSCAR_As1V2_1_y950,As1V2_1,0.006592,0.0020149832,-0.21311721,0.5,0.019380447,0.7499998,0.007475863
POSCAR_As1V2_1_y975,As1V2_1,0.005919,0.0020201558,-0.2137434,0.35196742,0.019285163,0.7499998,0.0076084333
POSCAR_As1V2_1_z025,As1V2_1,0.005736,0.0020399212,-0.21341789,0.34338284,0.019177241,0.7499998,0.0073815477
POSCAR_As1V2_1_z050,As1V2_1,0.006135,0.002054931,-0.21308665,0.33520707,0.019256461,0.7499998,0.007335382
POSCAR_As1V2_1_z950,As1V2_1,0.006102,0.0014712558,-0.1963763,0.16666667,0.00069375447,0.7499998,0.0061519537
POSCAR_As1V2_1_z975,As1V2_1,0.006598,0.0020100682,-0.21374778,0.5,0.019355904,0.7499998,0.0076601724
POSCAR_As2Cr2_1,As2Cr2_1,0.740445,0.3944287,0.03394678,0.25,0.04276446,0.5999999,0.014049083
POSCAR_As2Cr2_1_st025,As2Cr2_1,0.748907,0.3944287,0.033822786,0.25,0.04234824,0.5999999,0.013987243
POSCAR_As2Cr2_1_st950,As2Cr2_1,0.779899,0.3944287,0.034888975,0.25,0.043364894,0.5999999,0.013450116
POSCAR_As2Cr2_1_st975,As2Cr2_1,0.709517,0.3944287,0.03456073,0.25,0.04257498,0.5999999,0.013752553
POSCAR_As2Cr2_1_z025,As2Cr2_1,0.688894,0.39221802,0.034150194,0.25,0.04260888,0.5999999,0.013879941
POSCAR_As2Cr2_1_z050,As2Cr2_1,0.670694,0.38994727,0.03309987,0.25,0.042127572,0.5999999,0.0131944325
POSCAR_As2Cr2_1_z950,As2Cr2_1,0.868294,0.3986514,0.037512664,0.25,0.043302767,0.5999999,0.014149857
POSCAR_As2Cr2_1_z975,As2Cr2_1,0.805968,0.3965747,0.034792345,0.25,0.042977285,0.5999999,0.014135332
POSCAR_As2Cr2_4,As2Cr2_4,0.014335,0.0015399285,-0.21201667,0.25,0.018362572,0.5999999,0.007218977
POSCAR_As2Cr2_4_st025,As2Cr2_4,0.013762,0.0015399285,-0.21169662,0.25,0.018354248,0.5999999,0.0072525805
POSCAR_As2Cr2_4_st050,As2Cr2_4,0.012103,0.0015399285,-0.21100536,0.25,0.018238047,0.5999999,0.007245157
POSCAR_As2Cr2_4_st950,As2Cr2_4,0.018884,0.0015399285,-0.21342199,0.25,0.018226102,0.5999999,0.007240541
POSCAR_As2Cr2_4_st975,As2Cr2_4,0.015725,0.0015399285,-0.2124445,0.25,0.018290903,0.5999999,0.0072791474
POSCAR_As2Cr2_4_x025,As2Cr2_4,0.016136,0.0015498452,-0.2136205,0.25,0.018445473,0.5999999,0.0071404786
POSCAR_As2Cr2_4_x050,As2Cr2_4,0.013975,0.001560033,-0.21369506,0.25,0.017844807,0.5999999,0.007466916
POSCAR_As2Cr2_4_x950,As2Cr2_4,0.017682,0.0015209696,-0.21567674,0.25,0.016691692,0.5999999,0.007879038
POSCAR_As2Cr2_4_x975,As2Cr2_4,0.017416,0.001530298,-0.214526,0.25,0.017641341,0.5999999,0.007517253
POSCAR_As2Cr2_4_y025,As2Cr2_4,0.014218,0.0015635573,-0.21441267,0.25,0.018325275,0.5999999,0.00704537
POSCAR_As2Cr2_4_y050,As2Cr2_4,0.014009,0.0015876492,-0.21498512,0.25,0.017753748,0.5999999,0.0074459226
POSCAR_As2Cr2_4_y950,As2Cr2_4,0.017292,0.0014941891,-0.21416417,0.25,0.016762653,0.5999999,0.007943435
POSCAR_As2Cr2_4_y975,As2Cr2_4,0.01333,0.0015167949,-0.21365505,0.25,0.017751398,0.5999999,0.007660578
POSCAR_As2Cr2_4_z025,As2Cr2_4,0.01425,0.0015072984,-0.21223372,0.25,0.017662596,0.5999999,0.0076757893
POSCAR_As2Cr2_4_z050,As2Cr2_4,0.015783,0.0014757137,-0.21279667,0.25,0.015989996,0.5999999,0.007612554
POSCAR_As2Cr2_4_z975,As2Cr2_4,0.01708,0.0015736333,-0.21141014,0.25,0.018401897,0.5999999,0.0071641766
POSCAR_As2Mo2_1,As2Mo2_1,0.787982,0.40840688,0.064909786,0.25,0.05170086,0.5999999,0.020800088
POSCAR_As2Mo2_1_st025,As2Mo2_1,0.793091,0.40840688,0.06163009,0.25,0.049324475,0.5999999,0.019038597
POSCAR_As2Mo2_1_st050,As2Mo2_1,1.034625,0.40840688,0.061116528,0.25,0.047392104,0.5999999,0.019052884
POSCAR_As2Mo2_1_st950,As2Mo2_1,0.91958,0.40840688,0.065785736,0.25,0.054130856,0.5999999,0.021296125
POSCAR_As2Mo2_1_st975,As2Mo2_1,0.851399,0.40840688,0.0654775,0.25,0.052782048,0.5999999,0.021159822
POSCAR_As2Mo2_1_z025,As2Mo2_1,0.825663,0.4080372,0.063630275,0.25,0.050945833,0.5999999,0.020192893
POSCAR_As2Mo2_1_z050,As2Mo2_1,0.85641,0.4076437,0.061731867,0.25,0.050553214,0.5999999,0.01899976
POSCAR_As2Mo2_1_z950,As2Mo2_1,0.765184,0.4090798,0.06836209,0.25,0.0526794,0.5999999,0.021398427
POSCAR_As2Mo2_1_z975,As2Mo2_1,0.865291,0.40875396,0.06688899,0.25,0.053107448,0.5999999,0.021924661
POSCAR_As2Mo2_3,As2Mo2_3,0.669785,0.5948025,0.059803195,0.33333334,0.03520442,0.5999999,0.018316537
POSCAR_As2Mo2_3_st975,As2Mo2_3,0.083541,0.5948025,0.062041517,0.33333334,0.03585286,0.5999999,0.019425008
POSCAR_As2Mo2_3_x950,As2Mo2_3,0.750309,0.5828958,0.059091575,0.33333334,0.03411807,0.5999999,0.01641782
POSCAR_As2Mo2_3_x975,As2Mo2_3,0.77387,0.5888118,0.061010312,0.33333334,0.036926534,0.5999999,0.018643238
POSCAR_As2Mo2_3_y975,As2Mo2_3,0.7735,0.588811,0.06100584,0.33333334,0.037004303,0.5999999,0.018643333
POSCAR_As2Mo2_4,As2Mo2_4,0.013832,0.0010658331,-0.24454719,0.33333334,0.01987683,0.5999999,0.008570244
POSCAR_As2Mo2_4_st025,As2Mo2_4,0.012847,0.0010658331,-0.24231735,0.33333334,0.01988446,0.5999999,0.00852724
POSCAR_As2Mo2_4_st050,As2Mo2_4,0.015537,0.0010658331,-0.24087483,0.33333334,0.019876057,0.5999999,0.008368559
POSCAR_As2Mo2_4_st975,As2Mo2_4,0.014885,0.0010658331,-0.24629569,0.33333334,0.019954382,0.5999999,0.008530267
POSCAR_As2Mo2_4_x025,As2Mo2_4,0.014758,0.0010523763,-0.24462987,0.33333334,0.019893086,0.5999999,0.008595606
POSCAR_As2Mo2_4_y025,As2Mo2_4,0.013445,0.0010517464,-0.24468069,0.33333334,0.019756392,0.5999999,0.00863786
POSCAR_As2Mo2_4_z050,As2Mo2_4,0.013309,0.0015297891,-0.20969225,0.5469654,0.022653202,0.5999999,0.0074283145
POSCAR_As2Mo2_4_z950,As2Mo2_4,0.013513,0.0010098474,-0.24526666,0.33333334,0.019956622,0.5999999,0.008599561
POSCAR_As2Mo2_4_z975,As2Mo2_4,0.013802,0.0010380218,-0.24519287,0.33333334,0.01991214,0.5999999,0.008557537
POSCAR_As2Nb2_2,As2Nb2_2,0.014892,0.5555146,0.051892444,0.33333334,0.023110656,0.7499998,0.01435764
POSCAR_As2Nb2_2_y025,As2Nb2_2,0.005726,0.5617437,0.052505437,0.33333334,0.024015635,0.7499998,0.014950457
POSCAR_As2Ni2_1,As2Ni2_1,0.039255,0.7224368,0.07738021,0.33333334,0.036525123,0.33333328,0.007145396
POSCAR_As2Ni2_1_x025,As2Ni2_1,0.006353,0.72748053,0.07845976,0.33333334,0.040104255,0.33333328,0.0085520735
POSCAR_As2Ni2_1_x050,As2Ni2_1,0.006627,0.7325797,0.07344835,0.33333334,0.03683378,0.33333328,0.008621698
POSCAR_As2Ni2_1_y025,As2Ni2_1,0.00749,0.7274806,0.07845707,0.33333334,0.040100276,0.33333328,0.008552269
POSCAR_As2Ni2_1_y050,As2Ni2_1,0.007334,0.7325798,0.07351869,0.33333334,0.036843866,0.33333328,0.008592238
POSCAR_As2Ni2_1_z050,As2Ni2_1,0.015835,0.7024518,0.08033367,0.33333334,0.03878687,0.33333328,0.0067602415
POSCAR_As2Ru2_2,As2Ru2_2,0.418411,0.638443,0.07125059,0.33333334,0.033551246,0.42857137,0.023760114
POSCAR_As2Ru2_2_st025,As2Ru2_2,0.466105,0.638443,0.071654834,0.33333334,0.03423597,0.42857137,0.02409779
POSCAR_As2Ru2_2_st050,As2Ru2_2,0.453433,0.638443,0.07112774,0.33333334,0.03442292,0.42857137,0.02394392
POSCAR_As2Ru2_2_st950,As2Ru2_2,0.498606,0.638443,0.06995195,0.33333334,0.032248713,0.42857137,0.025465138
POSCAR_As2Ru2_2_st975,As2Ru2_2,0.454282,0.638443,0.070113376,0.33333334,0.032652438,0.42857137,0.023587389
POSCAR_As2Ru2_2_x950,As2Ru2_2,0.512908,0.62693423,0.062825695,0.33333334,0.032541256,0.42857137,0.02317591
POSCAR_As2Ru2_2_x975,As2Ru2_2,0.448862,0.63265294,0.06634242,0.33333334,0.032803908,0.42857137,0.02339201
POSCAR_As2Ru2_2_y950,As2Ru2_2,0.531928,0.62714624,0.06340044,0.33333334,0.032303095,0.42857137,0.02316145
POSCAR_As2Ru2_2_y975,As2Ru2_2,0.472193,0.63275737,0.06154247,0.33333334,0.0339057,0.42857137,0.023582287
POSCAR_As2Ru2_2_z025,As2Ru2_2,0.414503,0.62696654,0.06427533,0.33333334,0.03149586,0.42857137,0.023447182
POSCAR_As2Ru2_2_z950,As2Ru2_2,0.412548,0.66177285,0.07661075,0.33333334,0.035945777,0.42857137,0.02334385
POSCAR_As2Ru2_2_z975,As2Ru2_2,0.418625,0.65004814,0.07418063,0.33333334,0.034153763,0.42857137,0.02391715
POSCAR_As2V2_1,As2V2_1,0.656042,0.67974555,0.068841994,0.33333334,0.040512096,0.7499998,0.01846715
POSCAR_As2V2_1_st025,As2V2_1,0.663176,0.67974555,0.06815714,0.33333334,0.04050825,0.7499998,0.018811595
POSCAR_As2V2_1_st050,As2V2_1,0.646659,0.67974555,0.06754283,0.33333334,0.04033001,0.7499998,0.018983003
POSCAR_As2V2_1_st950,As2V2_1,0.603654,0.67974555,0.07010688,0.33333334,0.040875804,0.7499998,0.018768175
POSCAR_As2V2_1_st975,As2V2_1,0.692128,0.67974555,0.07001053,0.33333334,0.04059492,0.7499998,0.018555136
POSCAR_As2V2_1_x025,As2V2_1,0.671571,0.6847433,0.06869531,0.33333334,0.040497504,0.7499998,0.018608155
POSCAR_As2V2_1_x050,As2V2_1,0.641712,0.68980163,0.06758928,0.33333334,0.040777955,0.7499998,0.018190231
POSCAR_As2V2_1_x950,As2V2_1,0.664676,0.66996366,0.06795794,0.33333334,0.037626937,0.7499998,0.018005747
POSCAR_As2V2_1_x975,As2V2_1,0.658972,0.6748163,0.068809815,0.33333334,0.039479304,0.7499998,0.018017493
POSCAR_As2V2_1_y025,As2V2_1,0.62144,0.68571174,0.06859086,0.33333334,0.039211947,0.7499998,0.018049825
POSCAR_As2V2_1_y050,As2V2_1,0.566872,0.69170433,0.06918048,0.33333334,0.03827203,0.7499998,0.017969081
POSCAR_As2V2_1_y950,As2V2_1,0.569024,0.66793036,0.068155736,0.33333334,0.041350007,0.7499998,0.018518556
POSCAR_As2V2_1_y975,As2V2_1,0.672284,0.67381513,0.06887686,0.33333334,0.04052893,0.7499998,0.018518822
POSCAR_As2V2_1_z025,As2V2_1,0.642444,0.66887116,0.0678858,0.33333334,0.040250484,0.7499998,0.01899839
POSCAR_As2V2_1_z050,As2V2_1,0.68471,0.6580834,0.06617778,0.33333334,0.03967439,0.7499998,0.01938184
POSCAR_As2V2_1_z950,As2V2_1,0.602593,0.7017174,0.07147431,0.33333334,0.04089419,0.7499998,0.018457828
POSCAR_As2V2_1_z975,As2V2_1,0.661991,0.69069755,0.070247106,0.33333334,0.040687848,0.7499998,0.018705286
POSCAR_As2V2_2,As2V2_2,0.82987,0.40512404,0.056224447,0.25,0.059772935,0.7499998,0.011755329
POSCAR_As2V2_2_st025,As2V2_2,0.811532,0.40512404,0.053155087,0.25,0.05297801,0.7499998,0.011866387
POSCAR_As2V2_2_st050,As2V2_2,0.828835,0.40512404,0.052700475,0.25,0.051260635,0.7499998,0.012040716
POSCAR_As2V2_2_st950,As2V2_2,1.141372,0.40512404,0.06296962,0.25,0.06766724,0.7499998,0.013890524
POSCAR_As2V2_2_st975,As2V2_2,0.899129,0.40512404,0.058252983,0.25,0.06266506,0.7499998,0.011595219
POSCAR_As2V2_2_z025,As2V2_2,0.73057,0.4044879,0.0544985,0.25,0.05299596,0.7499998,0.01192447
POSCAR_As2V2_2_z050,As2V2_2,0.765801,0.40381855,0.052889347,0.25,0.051110964,0.7499998,0.013408638
POSCAR_As2V2_2_z950,As2V2_2,1.054532,0.4062993,0.057474326,0.25,0.062059544,0.7499998,0.016072888
POSCAR_As2V2_2_z975,As2V2_2,0.95361,0.40572754,0.054655753,0.25,0.060239255,0.7499998,0.013728151
POSCAR_As4Cr2_1,As4Cr2_1,0.333181,0.42849547,0.064223014,0.19814426,0.025143657,0.5999999,0.015261087
POSCAR_As4Cr2_1_st025,As4Cr2_1,0.334313,0.42849547,0.06366377,0.19814426,0.025717694,0.5999999,0.015386968
POSCAR_As4Cr2_1_st050,As4Cr2_1,0.392161,0.42849547,0.06378099,0.19814426,0.025979726,0.5999999,0.0154995145
POSCAR_As4Cr2_1_st950,As4Cr2_1,0.453544,0.42849547,0.06333395,0.19814426,0.02382881,0.5999999,0.015370262
POSCAR_As4Cr2_1_st975,As4Cr2_1,0.353122,0.42849547,0.063873015,0.19814426,0.024500273,0.5999999,0.015152563
POSCAR_As4Cr2_1_x025,As4Cr2_1,0.328265,0.423865,0.06407922,0.19814426,0.025259534,0.5999999,0.015429938
POSCAR_As4Cr2_1_x050,As4Cr2_1,0.339924,0.4192351,0.063562594,0.19814426,0.024848303,0.5999999,0.015653089
POSCAR_As4Cr2_1_x950,As4Cr2_1,0.366618,0.4377421,0.06451926,0.19814426,0.025402239,0.5999999,0.01555503
POSCAR_As4Cr2_1_x975,As4Cr2_1,0.351546,0.43312255,0.06466283,0.19814426,0.025341343,0.5999999,0.015388533
POSCAR_As4Cr2_1_y025,As4Cr2_1,0.328938,0.42693695,0.062093616,0.19814426,0.025001597,0.5999999,0.015309503
POSCAR_As4Cr2_1_y050,As4Cr2_1,0.329224,0.42543006,0.06282889,0.19814426,0.02493664,0.5999999,0.0152843585
POSCAR_As4Cr2_1_y950,As4Cr2_1,0.350698,0.43176934,0.06497649,0.19814426,0.024332142,0.5999999,0.015366144
POSCAR_As4Cr2_1_y975,As4Cr2_1,0.339696,0.4301061,0.06516999,0.19814426,0.024210058,0.5999999,0.0149564305
POSCAR_As4Cr2_1_z025,As4Cr2_1,0.321711,0.43470982,0.06708981,0.19814426,0.0247088,0.5999999,0.015239565
POSCAR_As4Cr2_1_z050,As4Cr2_1,0.32385,0.44092152,0.065959506,0.19814426,0.0247909,0.5999999,0.01533554
POSCAR_As4Cr2_1_z950,As4Cr2_1,0.405449,0.41608,0.06202912,0.19814426,0.024219092,0.5999999,0.015690032
POSCAR_As4Cr2_1_z975,As4Cr2_1,0.337858,0.42228368,0.06268443,0.19814426,0.024662558,0.5999999,0.015114304
POSCAR_As4Fe2_1,As4Fe2_1,0.90515,0.46093237,0.053809576,0.19361416,0.015915118,0.42857137,0.025297396
POSCAR_As4Fe2_1_st050,As4Fe2_1,0.728886,0.46093237,0.054662075,0.19361416,0.01641556,0.42857137,0.026619034
POSCAR_As4Fe2_1_st950,As4Fe2_1,0.572258,0.46093237,0.05364999,0.19361416,0.014418281,0.42857137,0.025502842
POSCAR_As4Fe2_1_st975,As4Fe2_1,0.679322,0.46093237,0.054040734,0.19361416,0.014737555,0.42857137,0.025682935
POSCAR_As4Fe2_1_x025,As4Fe2_1,0.812578,0.4555045,0.05428023,0.19361416,0.016558,0.42857137,0.025473382
POSCAR_As4Fe2_1_x050,As4Fe2_1,0.867575,0.45008975,0.05331053,0.19361416,0.017333478,0.42857137,0.025452578
POSCAR_As4Fe2_1_x950,As4Fe2_1,0.814144,0.47180888,0.05523622,0.19361416,0.014734498,0.42857137,0.025562366
POSCAR_As4Fe2_1_x975,As4Fe2_1,0.928886,0.4663688,0.054257616,0.19361416,0.015063942,0.42857137,0.025231022
POSCAR_As4Fe2_1_y025,As4Fe2_1,0.805026,0.4606254,0.054194145,0.19361416,0.016571261,0.42857137,0.02576615
POSCAR_As4Fe2_1_y050,As4Fe2_1,0.785912,0.4603439,0.05275334,0.19361416,0.017414294,0.42857137,0.025452947
POSCAR_As4Fe2_1_y975,As4Fe2_1,0.936586,0.46126541,0.054350317,0.19361416,0.015244584,0.42857137,0.025042884
POSCAR_As4Fe2_1_z025,As4Fe2_1,0.901474,0.46668866,0.055078674,0.19361416,0.015264925,0.42857137,0.025298558
POSCAR_As4Fe2_1_z050,As4Fe2_1,0.857287,0.47244838,0.058082018,0.19361416,0.01587234,0.42857137,0.026198057
POSCAR_As4Fe2_1_z950,As4Fe2_1,0.659143,0.44945157,0.054487783,0.19361416,0.015958793,0.42857137,0.025811821
POSCAR_As4Fe2_1_z975,As4Fe2_1,0.85141,0.45518482,0.050463084,0.19361416,0.01679697,0.42857137,0.024216508
POSCAR_As8Co2_1,As8Co2_1,0.288694,0.50585264,0.048363477,0.1040052,-0.060599763,0.37499994,0.016518692
POSCAR_As8Co2_1_st050,As8Co2_1,0.043281,0.50585264,0.048192553,0.1040052,-0.06096977,0.37499994,0.016504705
POSCAR_As8Co2_1_st975,As8Co2_1,0.112228,0.50585264,0.04750992,0.1040052,-0.060081303,0.37499994,0.016449388
POSCAR_As8Co2_1_x025,As8Co2_1,0.457247,0.5033668,0.04730342,0.1040052,-0.06073048,0.37499994,0.015364508
POSCAR_As8Co2_1_x975,As8Co2_1,0.084025,0.5083352,0.04831448,0.1040052,-0.06053001,0.37499994,0.016854946
POSCAR_As8Co2_1_y950,As8Co2_1,0.019287,0.5032085,0.045626,0.1040052,-0.0609135,0.37499994,0.01517378
POSCAR_As8Co2_1_y975,As8Co2_1,0.203653,0.50453055,0.046602216,0.1040052,-0.06109135,0.37499994,0.01532299
POSCAR_As8Co2_1_z950,As8Co2_1,0.048214,0.50351006,0.04953886,0.1040052,-0.06012404,0.37499994,0.016924568
POSCAR_As8Cr2_1,As8Cr2_1,0.404529,0.30220652,0.027476069,0.11326905,-0.019390555,0.5999999,0.01094016
POSCAR_As8Cr2_1_st025,As8Cr2_1,0.411602,0.30220652,0.027450353,0.11326905,-0.019573983,0.5999999,0.0110750925
POSCAR_As8Cr2_1_st050,As8Cr2_1,0.383978,0.30220652,0.027203226,0.11326905,-0.019839754,0.5999999,0.010874136
POSCAR_As8Cr2_1_st950,As8Cr2_1,0.49955,0.30220652,0.027229689,0.11326905,-0.019516828,0.5999999,0.0107161645
POSCAR_As8Cr2_1_st975,As8Cr2_1,0.447361,0.30220652,0.027178774,0.11326905,-0.019405512,0.5999999,0.010667367
POSCAR_As8Cr2_1_x050,As8Cr2_1,0.387395,0.3113508,0.028645966,0.11326905,-0.019772146,0.5999999,0.011027101
POSCAR_As8Cr2_1_x950,As8Cr2_1,0.464979,0.29284957,0.026639625,0.11326905,-0.019201042,0.5999999,0.0110355355
POSCAR_As8Cr2_1_x975,As8Cr2_1,0.433928,0.29755354,0.026664836,0.11326905,-0.019087432,0.5999999,0.010974078
POSCAR_As8Cr2_1_y050,As8Cr2_1,0.4057,0.29277465,0.02567012,0.11326905,-0.020066101,0.5999999,0.010903953
POSCAR_As8Cr2_1_y950,As8Cr2_1,0.415237,0.31181023,0.029885141,0.11326905,-0.019664275,0.5999999,0.01113206
POSCAR_As8Cr2_1_z025,As8Cr2_1,0.422807,0.30236846,0.028522532,0.11326905,-0.019516869,0.5999999,0.01144093
POSCAR_As8Cr2_1_z050,As8Cr2_1,0.416637,0.30258387,0.03022516,0.11326905,-0.019588014,0.5999999,0.011690432
POSCAR_As8Cr2_1_z950,As8Cr2_1,0.461758,0.30205244,0.02650811,0.11326905,-0.019801568,0.5999999,0.01078212
POSCAR_As8Cr2_1_z975,As8Cr2_1,0.415697,0.30210042,0.026954878,0.11326905,-0.01942985,0.5999999,0.010743062
POSCAR_As8Cr2_3,As8Cr2_3,0.961962,0.47929874,0.06043381,0.11935008,0.008269683,0.5999999,0.019219996
POSCAR_As8Cr2_3_st025,As8Cr2_3,0.91593,0.47929874,0.059935644,0.11935008,0.0076487744,0.5999999,0.018853907
POSCAR_As8Cr2_3_st050,As8Cr2_3,0.862373,0.47929874,0.05960256,0.11935008,0.0076314174,0.5999999,0.018648919
POSCAR_As8Cr2_3_st950,As8Cr2_3,1.164542,0.47929874,0.06320701,0.11935008,0.01521289,0.5999999,0.02024029
POSCAR_As8Cr2_3_st975,As8Cr2_3,1.113944,0.47929874,0.06153739,0.11935008,0.009773152,0.5999999,0.01970118
POSCAR_As8Cr2_3_x025,As8Cr2_3,0.965734,0.47681484,0.061454803,0.11935008,0.0089619225,0.5999999,0.019310191
POSCAR_As8Cr2_3_x050,As8Cr2_3,0.938739,0.4743324,0.05998853,0.11935008,0.0072275572,0.5999999,0.019063808
POSCAR_As8Cr2_3_x950,As8Cr2_3,1.02621,0.48425898,0.059833005,0.11935008,0.009384297,0.5999999,0.01901177
POSCAR_As8Cr2_3_x975,As8Cr2_3,0.999812,0.48178115,0.060319535,0.11935008,0.009162438,0.5999999,0.019078815
POSCAR_As8Cr2_3_y025,As8Cr2_3,0.924351,0.48286945,0.059909098,0.11935008,0.008071109,0.5999999,0.018863788
POSCAR_As8Cr2_3_y050,As8Cr2_3,0.879228,0.48641267,0.059497334,0.11935008,0.007351376,0.5999999,0.01867293
POSCAR_As8Cr2_3_y950,As8Cr2_3,1.126958,0.47208622,0.060420986,0.11935008,0.008894492,0.5999999,0.019052768
POSCAR_As8Cr2_3_y975,As8Cr2_3,1.048945,0.47570333,0.06109945,0.11935008,0.009702201,0.5999999,0.01921559
POSCAR_As8Cr2_3_z025,As8Cr2_3,0.937085,0.47821122,0.059490643,0.11935008,0.007976895,0.5999999,0.018811805
POSCAR_As8Cr2_3_z050,As8Cr2_3,0.916316,0.47714895,0.057229824,0.11935008,0.006339942,0.5999999,0.017864082
POSCAR_As8Cr2_3_z950,As8Cr2_3,1.006129,0.48154625,0.061433587,0.11935008,0.008590833,0.5999999,0.019618273
POSCAR_As8Cr2_3_z975,As8Cr2_3,0.983862,0.48041072,0.061101973,0.11935008,0.0076295035,0.5999999,0.019357933
POSCAR_B2Co2_5,B2Co2_5,0.376727,0.24740605,0.044077773,0.27456635,0.034571785,0.124999985,-0.0021411686
POSCAR_B2Co2_5_st950,B2Co2_5,0.313234,0.24740605,0.04386991,0.27456635,0.032880567,0.124999985,-0.0030622643
POSCAR_B2Co2_5_st975,B2Co2_5,0.355488,0.24740605,0.044026818,0.27456635,0.03369312,0.124999985,-0.0026786102
POSCAR_B2Co2_5_x025,B2Co2_5,0.32845,0.24734353,0.04401121,0.27456635,0.034137003,0.124999985,-0.00148889
POSCAR_B2Co2_5_x950,B2Co2_5,0.333602,0.24739967,0.043692533,0.27456635,0.034070134,0.124999985,-0.0022521368
POSCAR_B2Co2_5_x975,B2Co2_5,0.374887,0.2474253,0.044041086,0.27456635,0.03451472,0.124999985,-0.0021949424
POSCAR_B2Fe2_3,B2Fe2_3,0.563726,0.5693566,0.06226679,0.33333334,0.036710404,0.14285712,-0.00942483
POSCAR_B2Fe2_3_st025,B2Fe2_3,0.610973,0.5693566,0.061463356,0.33333334,0.035972126,0.14285712,-0.009671906
POSCAR_B2Fe2_3_st950,B2Fe2_3,0.362709,0.5693566,0.061110623,0.33333334,0.034380622,0.14285712,-0.0099530015
POSCAR_B2Fe2_3_st975,B2Fe2_3,0.482411,0.5693566,0.061961543,0.33333334,0.035900433,0.14285712,-0.008964113
POSCAR_B2Fe2_3_x025,B2Fe2_3,0.616364,0.5755203,0.06132187,0.33333334,0.038322847,0.14285712,-0.008503512
POSCAR_B2Fe2_3_x050,B2Fe2_3,0.702007,0.58174586,0.06323643,0.33333334,0.035082906,0.14285712,-0.005989462
POSCAR_B2Fe2_3_x950,B2Fe2_3,0.554147,0.557252,0.061963275,0.33333334,0.031844135,0.14285712,-0.0044109947
POSCAR_B2Fe2_3_x975,B2Fe2_3,0.555054,0.5632641,0.061434586,0.33333334,0.03575487,0.14285712,-0.007984489
POSCAR_B2Fe2_3_y025,B2Fe2_3,0.61682,0.5755216,0.061419018,0.33333334,0.03827646,0.14285712,-0.008438968
POSCAR_B2Fe2_3_y050,B2Fe2_3,0.702066,0.5817484,0.06337476,0.33333334,0.035081528,0.14285712,-0.005947463
POSCAR_B2Fe2_3_y950,B2Fe2_3,0.553765,0.5572493,0.061938666,0.33333334,0.03184041,0.14285712,-0.004432327
POSCAR_B2Fe2_3_y975,B2Fe2_3,0.554783,0.56326276,0.06133728,0.33333334,0.03575094,0.14285712,-0.008035284
POSCAR_B2Fe2_3_z025,B2Fe2_3,0.588646,0.5572077,0.06122743,0.33333334,0.033484355,0.14285712,-0.0075029046
POSCAR_B2Fe2_3_z050,B2Fe2_3,0.604649,0.5452851,0.060584713,0.33333334,0.030717028,0.14285712,-0.0064155175
POSCAR_B2Fe2_3_z975,B2Fe2_3,0.533515,0.581727,0.061984714,0.33333334,0.038537323,0.14285712,-0.009616073
POSCAR_B2Fe2_4,B2Fe2_4,0.095358,0.0078771785,-0.20925835,0.25,0.018614436,0.14285712,-0.0001099054
POSCAR_B2Fe2_4_st025,B2Fe2_4,0.075673,0.0078771785,-0.21132381,0.25,0.018760402,0.14285712,5.4822714e-05
POSCAR_B2Fe2_4_st050,B2Fe2_4,0.070493,0.0078771785,-0.20835426,0.25,0.020048808,0.14285712,-0.00010617167
POSCAR_B2Fe2_4_st950,B2Fe2_4,0.104923,0.0078771785,-0.20443101,0.25,0.018096715,0.14285712,-0.00042617982
POSCAR_B2Fe2_4_st975,B2Fe2_4,0.092619,0.0078771785,-0.20735691,0.25,0.018483847,0.14285712,-0.00029240033
POSCAR_B2Fe2_4_x025,B2Fe2_4,0.081666,0.007811619,-0.21211933,0.25,0.018897716,0.14285712,-3.1733907e-05
POSCAR_B2Fe2_4_x050,B2Fe2_4,0.061493,0.0077455663,-0.2113671,0.25,0.018842775,0.14285712,1.8357434e-05
POSCAR_B2Fe2_4_x950,B2Fe2_4,0.128782,0.008006601,-0.20668022,0.25,0.018572543,0.14285712,-0.0002497731
POSCAR_B2Fe2_4_y025,B2Fe2_4,0.103526,0.008009185,-0.20718114,0.25,0.018382076,0.14285712,0.00040101144
POSCAR_B2Fe2_4_y950,B2Fe2_4,0.108194,0.0076094624,-0.20565057,0.25,0.017848855,0.14285712,0.00018538497
POSCAR_B2Fe2_4_y975,B2Fe2_4,0.113119,0.0077438997,-0.20417728,0.25,0.01823973,0.14285712,0.00023710771
POSCAR_B2Fe2_4_z025,B2Fe2_4,0.112678,0.007810838,-0.20432483,0.25,0.018256271,0.14285712,0.0003734958
POSCAR_B2Fe2_4_z050,B2Fe2_4,0.155382,0.007746532,-0.20658255,0.25,0.01793837,0.14285712,0.00033011034
POSCAR_B2Fe2_4_z950,B2Fe2_4,0.124122,0.008016053,-0.20726414,0.25,0.01794939,0.14285712,0.00020381417
POSCAR_B2Fe2_5,B2Fe2_5,0.028123,0.00048231374,-0.17647777,0.00391533,-0.02529429,0.14285712,0.0024451728
POSCAR_B2Fe2_5_st975,B2Fe2_5,0.022168,0.00048231374,-0.17515184,0.00391533,-0.0249781,0.14285712,0.0022999013
POSCAR_B2Fe2_5_x025,B2Fe2_5,0.00625,0.00047763964,-0.17857097,0.00391533,-0.025535716,0.14285712,0.002566974
POSCAR_B2Fe2_5_x050,B2Fe2_5,0.003004,0.0004730066,-0.17870997,0.00391533,-0.02543471,0.14285712,0.0025325813
POSCAR_B2Fe2_5_y025,B2Fe2_5,0.015866,0.0004781488,-0.1780435,0.00391533,-0.025567269,0.14285712,0.0023903206
POSCAR_B2Fe2_5_y975,B2Fe2_5,0.003889,0.00048648892,-0.17659788,0.00391533,-0.025128718,0.14285712,0.0024112323
POSCAR_B2Fe2_5_z050,B2Fe2_5,0.02131,0.00049959455,-0.17843208,0.00391533,-0.025788588,0.14285712,0.002362244
POSCAR_B2Fe2_5_z950,B2Fe2_5,0.011978,0.00046413895,-0.17394009,0.00391533,-0.025194386,0.14285712,0.0022028203
POSCAR_B2Fe2_5_z975,B2Fe2_5,0.003187,0.00047333748,-0.17520988,0.00391533,-0.02553716,0.14285712,0.0022976692
POSCAR_B2Mo2_4,B2Mo2_4,1.006065,0.95391977,0.07013513,0.11997652,0.0048069726,0.19999996,-0.016494622
POSCAR_B2Mo2_4_st025,B2Mo2_4,1.109726,0.95391977,0.07032795,0.11997652,0.00581467,0.19999996,-0.01530813
POSCAR_B2Mo2_4_st050,B2Mo2_4,1.229069,0.95391977,0.07012323,0.11997652,0.0062321415,0.19999996,-0.015621998
POSCAR_B2Mo2_4_st950,B2Mo2_4,0.63117,0.95391977,0.07062878,0.11997652,0.0018419368,0.19999996,-0.016712544
POSCAR_B2Mo2_4_st975,B2Mo2_4,0.723919,0.95391977,0.06998816,0.11997652,0.0042728507,0.19999996,-0.016713912
POSCAR_B2Mo2_4_x025,B2Mo2_4,1.118716,0.9413447,0.06920993,0.11997652,0.00542593,0.19999996,-0.016136877
POSCAR_B2Mo2_4_x050,B2Mo2_4,1.141652,0.9289222,0.069983594,0.11997652,0.005121723,0.19999996,-0.014920095
POSCAR_B2Mo2_4_x950,B2Mo2_4,0.769616,0.9794762,0.070460685,0.11997652,0.0046430477,0.19999996,-0.014754094
POSCAR_B2Mo2_4_x975,B2Mo2_4,0.97157,0.9666349,0.06920694,0.11997652,0.005379651,0.19999996,-0.0149142025
POSCAR_B2Rh2_3,B2Rh2_3,0.080466,0.62032944,0.0532904,0.33333334,0.019086245,0.124999985,-0.0038779336
POSCAR_B2Rh2_3_x025,B2Rh2_3,0.064898,0.6262477,0.05675739,0.33333334,0.025625791,0.124999985,-0.0021833747
POSCAR_B2Rh2_3_x975,B2Rh2_3,0.047741,0.61447465,0.05678865,0.33333334,0.022871818,0.124999985,-0.0017682777
POSCAR_B2Rh2_3_y025,B2Rh2_3,0.064933,0.6262476,0.05680046,0.33333334,0.025609588,0.124999985,-0.0022421177
POSCAR_B2Rh2_3_y975,B2Rh2_3,0.047903,0.6144748,0.05676968,0.33333334,0.0229025,0.124999985,-0.0017325836
POSCAR_B2Rh2_3_z025,B2Rh2_3,0.076491,0.6086311,0.054385114,0.33333334,0.021356286,0.124999985,-0.002723902
POSCAR_B2Rh2_3_z050,B2Rh2_3,0.054821,0.59709287,0.053484306,0.33333334,0.022119302,0.124999985,-0.0024503863
POSCAR_B2Rh2_3_z975,B2Rh2_3,0.033449,0.63218045,0.053806324,0.33333334,0.018389136,0.124999985,-0.004728105
POSCAR_B8Co2_1,B8Co2_1,0.856716,0.0892232,0.03792346,0.30119252,0.030868582,0.124999985,0.004305212
POSCAR_B8Co2_1_st025,B8Co2_1,0.886153,0.0892232,0.038688872,0.30119252,0.031400602,0.124999985,0.0047345296
POSCAR_B8Co2_1_st050,B8Co2_1,0.910258,0.0892232,0.03768947,0.30119252,0.030575456,0.124999985,0.004847643
POSCAR_B8Co2_1_st950,B8Co2_1,0.5734,0.0892232,0.03361214,0.30119252,0.029076414,0.124999985,0.0034930175
POSCAR_B8Co2_1_st975,B8Co2_1,0.758484,0.0892232,0.03573706,0.30119252,0.029996715,0.124999985,0.0038794558
POSCAR_B8Co2_1_x025,B8Co2_1,0.881704,0.0879307,0.03851797,0.30119252,0.031100024,0.124999985,0.0044397684
POSCAR_B8Co2_1_x050,B8Co2_1,0.962534,0.08664894,0.038537275,0.30119252,0.03088697,0.124999985,0.004462176
POSCAR_B8Co2_1_x950,B8Co2_1,1.012796,0.09183654,0.03685452,0.30119252,0.030511996,0.124999985,0.004024998
POSCAR_B8Co2_1_x975,B8Co2_1,1.004073,0.090525486,0.03779705,0.30119252,0.030815324,0.124999985,0.0042498936
POSCAR_B8Co2_1_y025,B8Co2_1,0.923562,0.09034119,0.038855616,0.30119252,0.031251423,0.124999985,0.004589115
POSCAR_B8Co2_1_y050,B8Co2_1,0.915562,0.091449015,0.039029106,0.30119252,0.030989613,0.124999985,0.004742496
POSCAR_B8Co2_1_y950,B8Co2_1,0.894807,0.086959995,0.035066936,0.30119252,0.02959883,0.124999985,0.0037081707
POSCAR_B8Co2_1_y975,B8Co2_1,0.860125,0.088095844,0.036507163,0.30119252,0.030513335,0.124999985,0.004047703
POSCAR_B8Co2_1_z025,B8Co2_1,0.971693,0.0894023,0.038282465,0.30119252,0.031241436,0.124999985,0.004349993
POSCAR_B8Co2_1_z050,B8Co2_1,1.091584,0.089589745,0.036519904,0.30119252,0.031165099,0.124999985,0.0042159245
POSCAR_B8Co2_1_z950,B8Co2_1,0.935362,0.088892385,0.036905818,0.30119252,0.029944357,0.124999985,0.004116563
POSCAR_B8Co2_1_z975,B8Co2_1,0.863281,0.08905302,0.036995415,0.30119252,0.030243909,0.124999985,0.004130109
POSCAR_B8Fe2_1,B8Fe2_1,1.110495,0.08636704,0.035580795,0.3026954,0.031540085,0.14285712,0.009877204
POSCAR_B8Fe2_1_st025,B8Fe2_1,1.16602,0.08636704,0.034914013,0.3026954,0.031595312,0.14285712,0.010230639
POSCAR_B8Fe2_1_x025,B8Fe2_1,1.106394,0.08513131,0.03475045,0.3026954,0.031416457,0.14285712,0.009962169
POSCAR_B8Fe2_1_x050,B8Fe2_1,1.110746,0.08390534,0.035298627,0.3026954,0.0312792,0.14285712,0.010055432
POSCAR_B8Fe2_1_x950,B8Fe2_1,1.21222,0.08886409,0.03579195,0.3026954,0.031538308,0.14285712,0.009732308
POSCAR_B8Fe2_1_y025,B8Fe2_1,1.190714,0.0872603,0.035613187,0.3026954,0.031506132,0.14285712,0.009989428
POSCAR_B8Fe2_1_y050,B8Fe2_1,1.279622,0.088145785,0.035249826,0.3026954,0.031193474,0.14285712,0.010055659
POSCAR_B8Fe2_1_y950,B8Fe2_1,0.968312,0.08455988,0.03357948,0.3026954,0.031074343,0.14285712,0.0093079945
POSCAR_B8Fe2_1_y975,B8Fe2_1,1.049527,0.08546667,0.034820613,0.3026954,0.031525157,0.14285712,0.0095152315
POSCAR_B8Fe2_1_z050,B8Fe2_1,1.141833,0.08706689,0.034185246,0.3026954,0.03161265,0.14285712,0.009897141
POSCAR_B8Fe2_1_z950,B8Fe2_1,1.07354,0.08569508,0.034372702,0.3026954,0.030757232,0.14285712,0.009600926
POSCAR_B8Fe2_1_z975,B8Fe2_1,1.043657,0.08602724,0.034659673,0.3026954,0.031037398,0.14285712,0.009665926
POSCAR_Bi2Co2_1,Bi2Co2_1,0.592936,0.7445312,0.08124133,0.33333334,0.032963894,0.37499994,0.009791631
POSCAR_Bi2Co2_1_st025,Bi2Co2_1,0.648426,0.7445312,0.08138727,0.33333334,0.033370372,0.37499994,0.010152333
POSCAR_Bi2Co2_1_st050,Bi2Co2_1,0.67118,0.7445312,0.08066991,0.33333334,0.034089174,0.37499994,0.010548672
POSCAR_Bi2Co2_1_st950,Bi2Co2_1,0.409696,0.7445312,0.080975145,0.33333334,0.03012397,0.37499994,0.008145804
POSCAR_Bi2Co2_1_x025,Bi2Co2_1,0.776941,0.7493157,0.07817017,0.33333334,0.034381118,0.37499994,0.011944104
POSCAR_Bi2Co2_1_x050,Bi2Co2_1,0.714455,0.7541593,0.07319379,0.33333334,0.03136118,0.37499994,0.011134266
POSCAR_Bi2Co2_1_y025,Bi2Co2_1,0.776398,0.74932235,0.07866507,0.33333334,0.034461204,0.37499994,0.011284891
POSCAR_Bi2Co2_1_y050,Bi2Co2_1,0.713639,0.7541725,0.07473624,0.33333334,0.03245944,0.37499994,0.010815064
POSCAR_Bi2Co2_1_y975,Bi2Co2_1,0.792416,0.7398084,0.07716852,0.33333334,0.034511697,0.37499994,0.011426403
POSCAR_Bi2Co2_1_z025,Bi2Co2_1,0.577585,0.735025,0.07660892,0.33333334,0.032336682,0.37499994,0.010858045
POSCAR_Bi2Co2_1_z050,Bi2Co2_1,0.554729,0.72553253,0.07710921,0.33333334,0.032665823,0.37499994,0.011102413
POSCAR_Bi2Co2_1_z975,Bi2Co2_1,0.533839,0.7540427,0.0818232,0.33333334,0.032577757,0.37499994,0.009596791
POSCAR_Bi2Mn2_1,Bi2Mn2_1,0.538673,0.7537797,0.093259424,0.33333334,0.040371265,0.4999999,0.023546997
POSCAR_Bi2Mn2_1_st025,Bi2Mn2_1,0.47111,0.7537797,0.09178233,0.33333334,0.040233187,0.4999999,0.0237736
POSCAR_Bi2Mn2_1_st050,Bi2Mn2_1,0.412405,0.7537797,0.0908467,0.33333334,0.04009653,0.4999999,0.023926316
POSCAR_Bi2Mn2_1_st950,Bi2Mn2_1,0.713318,0.7537797,0.09617418,0.33333334,0.040164642,0.4999999,0.02430597
POSCAR_Bi2Mn2_1_st975,Bi2Mn2_1,0.619668,0.7537797,0.094825044,0.33333334,0.040287085,0.4999999,0.023908922
POSCAR_Bi2Mn2_1_x025,Bi2Mn2_1,0.534081,0.75845337,0.09032563,0.33333334,0.04011667,0.4999999,0.023958307
POSCAR_Bi2Mn2_1_x050,Bi2Mn2_1,0.530032,0.7631866,0.088952005,0.33333334,0.038437333,0.4999999,0.023353158
POSCAR_Bi2Mn2_1_x950,Bi2Mn2_1,0.658287,0.74464846,0.09138776,0.33333334,0.0391934,0.4999999,0.02358631
POSCAR_Bi2Mn2_1_x975,Bi2Mn2_1,0.589468,0.74917495,0.09135414,0.33333334,0.0404392,0.4999999,0.024017833
POSCAR_Bi2Mn2_1_y025,Bi2Mn2_1,0.533855,0.7584517,0.0903053,0.33333334,0.03985421,0.4999999,0.023882119
POSCAR_Bi2Mn2_1_y050,Bi2Mn2_1,0.529687,0.7631834,0.0890392,0.33333334,0.038378455,0.4999999,0.023345174
POSCAR_Bi2Mn2_1_y950,Bi2Mn2_1,0.658924,0.7446521,0.09198516,0.33333334,0.03972903,0.4999999,0.023661708
POSCAR_Bi2Mn2_1_y975,Bi2Mn2_1,0.590021,0.74917674,0.09135339,0.33333334,0.0406847,0.4999999,0.024089927
POSCAR_Bi2Mn2_1_z025,Bi2Mn2_1,0.515439,0.7444996,0.092603534,0.33333334,0.04057649,0.4999999,0.023876833
POSCAR_Bi2Mn2_1_z050,Bi2Mn2_1,0.493586,0.7352244,0.08850518,0.33333334,0.039566662,0.4999999,0.023158416
POSCAR_Bi2Mn2_1_z950,Bi2Mn2_1,0.596335,0.77232045,0.095367886,0.33333334,0.040022593,0.4999999,0.023930868
POSCAR_Bi2Mn2_1_z975,Bi2Mn2_1,0.56597,0.76305634,0.09408848,0.33333334,0.039885253,0.4999999,0.023804596
POSCAR_Bi2Nb2_2,Bi2Nb2_2,0.287973,0.52862954,0.047280975,0.33333334,0.023976047,0.7499998,0.014442414
POSCAR_Bi2Nb2_2_st950,Bi2Nb2_2,0.040135,0.52862954,0.046535727,0.33333334,0.02371634,0.7499998,0.014939496
POSCAR_Bi2Nb2_2_st975,Bi2Nb2_2,0.060698,0.52862954,0.04689964,0.33333334,0.023899548,0.7499998,0.014777423
POSCAR_Bi2Nb2_2_x025,Bi2Nb2_2,0.358313,0.53497523,0.046468053,0.33333334,0.025756372,0.7499998,0.01443449
POSCAR_Bi2Nb2_2_x050,Bi2Nb2_2,0.424535,0.54138243,0.04895123,0.33333334,0.024851996,0.7499998,0.01469801
POSCAR_Bi2Nb2_2_x950,Bi2Nb2_2,0.098641,0.51615894,0.04899528,0.33333334,0.022931023,0.7499998,0.01439103
POSCAR_Bi2Nb2_2_x975,Bi2Nb2_2,0.182908,0.52235436,0.05075016,0.33333334,0.025022887,0.7499998,0.014652182
POSCAR_Bi2Nb2_2_y950,Bi2Nb2_2,0.095601,0.5164944,0.047688626,0.33333334,0.023997951,0.7499998,0.014233665
POSCAR_Bi2Nb2_2_y975,Bi2Nb2_2,0.217696,0.5225201,0.04613016,0.33333334,0.0250849,0.7499998,0.014246822
POSCAR_Bi2Nb2_2_z950,Bi2Nb2_2,0.189276,0.5540975,0.048249297,0.33333334,0.024970604,0.7499998,0.014031272
POSCAR_Bi2Ru2_1,Bi2Ru2_1,0.674668,0.66158426,0.0656759,0.33333334,0.034213457,0.42857137,0.019504106
POSCAR_Bi2Ru2_1_st025,Bi2Ru2_1,0.575423,0.66158426,0.064065754,0.33333334,0.034917567,0.42857137,0.019126464
POSCAR_Bi2Ru2_1_st050,Bi2Ru2_1,0.498457,0.66158426,0.06338027,0.33333334,0.03534731,0.42857137,0.01927206
POSCAR_Bi2Ru2_1_st950,Bi2Ru2_1,0.583889,0.66158426,0.065035045,0.33333334,0.031591702,0.42857137,0.0194011
POSCAR_Bi2Ru2_1_x025,Bi2Ru2_1,0.619216,0.66744834,0.06618064,0.33333334,0.03202874,0.42857137,0.01884784
POSCAR_Bi2Ru2_1_x975,Bi2Ru2_1,0.579746,0.65577793,0.06470556,0.33333334,0.034057267,0.42857137,0.019200051
POSCAR_Bi2Ru2_1_y025,Bi2Ru2_1,0.612411,0.666987,0.06591435,0.33333334,0.035281464,0.42857137,0.01914887
POSCAR_Bi2Ru2_1_y050,Bi2Ru2_1,0.559903,0.6724547,0.06633263,0.33333334,0.03470935,0.42857137,0.018935824
POSCAR_Bi2Ru2_1_y950,Bi2Ru2_1,0.587023,0.65100914,0.06459156,0.33333334,0.029583955,0.42857137,0.018910805
POSCAR_Bi2Ru2_1_y975,Bi2Ru2_1,0.583827,0.6562553,0.06486454,0.33333334,0.030534727,0.42857137,0.018904919
POSCAR_Bi2Ru2_1_z050,Bi2Ru2_1,0.595172,0.6393863,0.05952117,0.33333334,0.032212544,0.42857137,0.019403273
POSCAR_Bi2Ru2_1_z975,Bi2Ru2_1,0.597237,0.6728366,0.06586108,0.33333334,0.03352101,0.42857137,0.019488508
POSCAR_Bi2Ti2_1,Bi2Ti2_1,0.451557,0.7071947,0.04952991,0.33333334,0.024908215,0.99999964,-0.05531552
POSCAR_Bi2Ti2_1_st025,Bi2Ti2_1,0.501986,0.7071947,0.048503462,0.33333334,0.024760937,0.99999964,-0.053064764
POSCAR_Bi2Ti2_1_st050,Bi2Ti2_1,0.496415,0.7071947,0.045469522,0.33333334,0.023647523,0.99999964,-0.052679706
POSCAR_Bi2Ti2_1_st975,Bi2Ti2_1,0.339911,0.7071947,0.049478922,0.33333334,0.02439771,0.99999964,-0.05705252
POSCAR_Bi2Ti2_1_x050,Bi2Ti2_1,0.492975,0.71757257,0.05020134,0.33333334,0.024922492,0.99999964,-0.054746445
POSCAR_Bi2Ti2_1_x975,Bi2Ti2_1,0.483644,0.7021002,0.048563596,0.33333334,0.024931855,0.99999964,-0.057413645
POSCAR_Bi2Ti2_1_y050,Bi2Ti2_1,0.523568,0.7177573,0.050406422,0.33333334,0.025078675,0.99999964,-0.05505463
POSCAR_Bi2Ti2_1_y950,Bi2Ti2_1,0.481416,0.6968823,0.048333578,0.33333334,0.024510495,0.99999964,-0.05738645
POSCAR_Bi2Ti2_1_z025,Bi2Ti2_1,0.483184,0.69686437,0.047643222,0.33333334,0.024536017,0.99999964,-0.055360872
POSCAR_Bi2Ti2_1_z050,Bi2Ti2_1,0.423308,0.68658745,0.045523446,0.33333334,0.024154693,0.99999964,-0.05648564
POSCAR_Bi2Ti2_1_z950,Bi2Ti2_1,0.516323,0.7279784,0.055084746,0.33333334,0.025886154,0.99999964,-0.050928973
POSCAR_Bi2Ti2_1_z975,Bi2Ti2_1,0.474665,0.7175693,0.05136131,0.33333334,0.02505361,0.99999964,-0.054640267
POSCAR_Bi2V2_1,Bi2V2_1,0.419469,0.75426644,0.076670736,0.33333334,0.034901533,0.7499998,0.018699246
POSCAR_Bi2V2_1_st025,Bi2V2_1,0.38807,0.75426644,0.07516207,0.33333334,0.034487102,0.7499998,0.018312097
POSCAR_Bi2V2_1_st050,Bi2V2_1,0.332646,0.75426644,0.074489206,0.33333334,0.034345128,0.7499998,0.018210493
POSCAR_Bi2V2_1_st950,Bi2V2_1,0.372945,0.75426644,0.08015844,0.33333334,0.03541062,0.7499998,0.02072795
POSCAR_Bi2V2_1_st975,Bi2V2_1,0.424795,0.75426644,0.07910142,0.33333334,0.035604876,0.7499998,0.019953405
POSCAR_Bi2V2_1_x025,Bi2V2_1,0.475882,0.7589366,0.07365169,0.33333334,0.03467145,0.7499998,0.018242085
POSCAR_Bi2V2_1_x050,Bi2V2_1,0.506242,0.76366645,0.07156688,0.33333334,0.03300501,0.7499998,0.018151054
POSCAR_Bi2V2_1_x950,Bi2V2_1,0.605668,0.7451424,0.0754373,0.33333334,0.034692194,0.7499998,0.01906287
POSCAR_Bi2V2_1_x975,Bi2V2_1,0.525496,0.7496652,0.07526513,0.33333334,0.035351582,0.7499998,0.01901083
POSCAR_Bi2V2_1_y025,Bi2V2_1,0.479773,0.7589299,0.0736974,0.33333334,0.034467805,0.7499998,0.018226448
POSCAR_Bi2V2_1_y050,Bi2V2_1,0.507048,0.7636538,0.07158136,0.33333334,0.033235762,0.7499998,0.01831624
POSCAR_Bi2V2_1_y950,Bi2V2_1,0.60076,0.74515766,0.0754537,0.33333334,0.03489878,0.7499998,0.019144934
POSCAR_Bi2V2_1_y975,Bi2V2_1,0.523657,0.74967253,0.07521361,0.33333334,0.03556076,0.7499998,0.018928684
POSCAR_Bi2V2_1_z050,Bi2V2_1,0.4218,0.73573476,0.07429687,0.33333334,0.034442283,0.7499998,0.018516773
POSCAR_Bi2V2_1_z950,Bi2V2_1,0.508228,0.77278167,0.078839675,0.33333334,0.035007928,0.7499998,0.019464191
POSCAR_Bi2V2_1_z975,Bi2V2_1,0.484407,0.7635305,0.07788423,0.33333334,0.03488675,0.7499998,0.019279609
POSCAR_Bi3Fe2_1,Bi3Fe2_1,0.913305,0.7295297,0.080502875,0.23587002,0.039548762,0.42857137,0.022636302
POSCAR_Bi3Fe2_1_st025,Bi3Fe2_1,0.685581,0.7295297,0.079677746,0.23587002,0.03932085,0.42857137,0.022738397
POSCAR_Bi3Fe2_1_st050,Bi3Fe2_1,0.829836,0.7295297,0.07769934,0.23587002,0.03855455,0.42857137,0.022594584
POSCAR_Bi3Fe2_1_x025,Bi3Fe2_1,0.891948,0.7339415,0.08012638,0.23587002,0.03972739,0.42857137,0.021921424
POSCAR_Bi3Fe2_1_x050,Bi3Fe2_1,0.866459,0.72623765,0.080098286,0.23587002,0.039834853,0.42857137,0.021483196
POSCAR_Bi3Fe2_1_x950,Bi3Fe2_1,0.824394,0.7207556,0.08070212,0.23587002,0.038264275,0.42857137,0.02225681
POSCAR_Bi3Fe2_1_x975,Bi3Fe2_1,0.82343,0.7251332,0.08027379,0.23587002,0.038535234,0.42857137,0.022158435
POSCAR_Bi3Mn2_1,Bi3Mn2_1,0.013378,5.317329e-05,-0.21154141,0.33581704,0.016088191,0.4999999,0.009842566
POSCAR_Bi3Mn2_1_st025,Bi3Mn2_1,0.012209,5.317329e-05,-0.21034324,0.33581704,0.01582576,0.4999999,0.00979824
POSCAR_Bi3Mn2_1_st050,Bi3Mn2_1,0.012213,5.317329e-05,-0.20941539,0.33581704,0.015764698,0.4999999,0.00978176
POSCAR_Bi3Mn2_1_st975,Bi3Mn2_1,0.014926,5.317329e-05,-0.21443126,0.33581704,0.016479904,0.4999999,0.009929865
POSCAR_Bi3Mn2_1_x025,Bi3Mn2_1,0.013256,5.252591e-05,-0.21409012,0.33581704,0.015935292,0.4999999,0.009838834
POSCAR_Bi3Mn2_1_x050,Bi3Mn2_1,0.012893,5.1885112e-05,-0.21746257,0.33581704,0.015738947,0.4999999,0.0098112235
POSCAR_Bi3Mn2_1_x950,Bi3Mn2_1,0.01258,5.4485594e-05,-0.2207892,0.33581704,0.016090885,0.4999999,0.009881466
POSCAR_Bi3Mn2_1_x975,Bi3Mn2_1,0.012234,5.3826723e-05,-0.21633098,0.33581704,0.015980458,0.4999999,0.0099547645
POSCAR_Bi3Mn2_1_y025,Bi3Mn2_1,0.01241,5.2352792e-05,-0.21405865,0.33581704,0.01590499,0.4999999,0.009837908
POSCAR_Bi3Mn2_1_y050,Bi3Mn2_1,0.011767,5.1540832e-05,-0.217443,0.33581704,0.015737439,0.4999999,0.009847752
POSCAR_Bi3Mn2_1_y950,Bi3Mn2_1,0.013761,5.483715e-05,-0.22077619,0.33581704,0.016120289,0.4999999,0.009884422
POSCAR_Bi3Mn2_1_y975,Bi3Mn2_1,0.01331,5.4001663e-05,-0.21626706,0.33581704,0.015999207,0.4999999,0.009931111
POSCAR_Bi3Mn2_1_z025,Bi3Mn2_1,0.012121,5.4646323e-05,-0.2140382,0.33581704,0.015894223,0.4999999,0.010156212
POSCAR_Bi3Mn2_1_z050,Bi3Mn2_1,0.013488,5.611473e-05,-0.21602444,0.33581704,0.015549671,0.4999999,0.010217215
POSCAR_Bi3Mn2_1_z950,Bi3Mn2_1,0.014484,5.0216895e-05,-0.21495776,0.33581704,0.015829602,0.4999999,0.010079304
POSCAR_Bi3Mn2_1_z975,Bi3Mn2_1,0.013743,5.169651e-05,-0.21244942,0.33581704,0.015953965,0.4999999,0.010077639
POSCAR_Bi4Cr2_1,Bi4Cr2_1,0.360679,0.53566986,0.05520513,0.18975608,0.013240296,0.5999999,0.012968033
POSCAR_Bi4Cr2_1_st025,Bi4Cr2_1,0.342845,0.53566986,0.05510665,0.18975608,0.013331163,0.5999999,0.012843677
POSCAR_Bi4Cr2_1_st050,Bi4Cr2_1,0.333781,0.53566986,0.05445554,0.18975608,0.013086725,0.5999999,0.01271539
POSCAR_Bi4Cr2_1_st950,Bi4Cr2_1,0.389584,0.53566986,0.056278255,0.18975608,0.013348404,0.5999999,0.012920633
POSCAR_Bi4Cr2_1_st975,Bi4Cr2_1,0.376517,0.53566986,0.055881478,0.18975608,0.013331342,0.5999999,0.013177855
POSCAR_Bi4Cr2_1_x025,Bi4Cr2_1,0.337625,0.5296037,0.055678617,0.18975608,0.012878515,0.5999999,0.013277744
POSCAR_Bi4Cr2_1_x050,Bi4Cr2_1,0.347104,0.5235454,0.055751067,0.18975608,0.012736935,0.5999999,0.013552705
POSCAR_Bi4Cr2_1_x950,Bi4Cr2_1,0.448353,0.5478044,0.0577291,0.18975608,0.014130558,0.5999999,0.012693257
POSCAR_Bi4Cr2_1_x975,Bi4Cr2_1,0.385774,0.54173857,0.056501523,0.18975608,0.01394517,0.5999999,0.013017737
POSCAR_Bi4Cr2_1_y025,Bi4Cr2_1,0.377488,0.534424,0.05589952,0.18975608,0.013441026,0.5999999,0.013070398
POSCAR_Bi4Cr2_1_y050,Bi4Cr2_1,0.431534,0.53322,0.05778453,0.18975608,0.014219936,0.5999999,0.013233766
POSCAR_Bi4Cr2_1_y950,Bi4Cr2_1,0.410331,0.5382883,0.059549093,0.18975608,0.0139923915,0.5999999,0.013369022
POSCAR_Bi4Cr2_1_y975,Bi4Cr2_1,0.373394,0.5369579,0.05577781,0.18975608,0.013439596,0.5999999,0.013065312
POSCAR_Bi4Cr2_1_z025,Bi4Cr2_1,0.382227,0.5430007,0.055096716,0.18975608,0.013911863,0.5999999,0.012757933
POSCAR_Bi4Cr2_1_z050,Bi4Cr2_1,0.39148,0.5503187,0.058395095,0.18975608,0.013391448,0.5999999,0.01267179
POSCAR_Bi4Cr2_1_z950,Bi4Cr2_1,0.434399,0.52099484,0.060537692,0.18975608,0.01524877,0.5999999,0.0146104265
POSCAR_Bi4Cr2_1_z975,Bi4Cr2_1,0.379068,0.5283324,0.056496155,0.18975608,0.013261437,0.5999999,0.013267122
POSCAR_Bi4Fe2_1,Bi4Fe2_1,0.855192,0.564285,0.05382051,0.18661635,0.010038172,0.42857137,0.023977032
POSCAR_Bi4Fe2_1_st025,Bi4Fe2_1,0.757542,0.564285,0.053438913,0.18661635,0.010367557,0.42857137,0.023357762
POSCAR_Bi4Fe2_1_st050,Bi4Fe2_1,0.671072,0.564285,0.053144142,0.18661635,0.010664236,0.42857137,0.02290199
POSCAR_Bi4Fe2_1_x025,Bi4Fe2_1,0.808639,0.5578036,0.053073183,0.18661635,0.010003227,0.42857137,0.023680514
POSCAR_Bi4Fe2_1_x050,Bi4Fe2_1,0.762203,0.5513331,0.052865915,0.18661635,0.009747712,0.42857137,0.02347248
POSCAR_Bi4Fe2_1_y950,Bi4Fe2_1,1.013633,0.564408,0.054954544,0.18661635,0.0098654935,0.42857137,0.02410046
POSCAR_Bi4Fe2_1_y975,Bi4Fe2_1,0.932403,0.5643359,0.054906797,0.18661635,0.010076091,0.42857137,0.02402481
POSCAR_Bi4Fe2_1_z025,Bi4Fe2_1,0.78712,0.57081306,0.054930255,0.18661635,0.010042366,0.42857137,0.023655713
POSCAR_Bi4Fe2_1_z050,Bi4Fe2_1,0.703457,0.57734215,0.055252634,0.18661635,0.009582912,0.42857137,0.023276322
POSCAR_Bi4Fe2_1_z950,Bi4Fe2_1,0.784679,0.55125624,0.054465953,0.18661635,0.009578556,0.42857137,0.024009818
POSCAR_Bi4Fe2_1_z975,Bi4Fe2_1,0.826068,0.55776393,0.053424824,0.18661635,0.009766198,0.42857137,0.023963189
POSCAR_Bi4V2_1,Bi4V2_1,0.011429,0.002094237,-0.19519143,0.31826687,0.019671252,0.7499998,0.0064640567
POSCAR_Bi4V2_1_st050,Bi4V2_1,0.017909,0.002094237,-0.19392085,0.31826687,0.01961899,0.7499998,0.0064739794
POSCAR_Bi4V2_1_x950,Bi4V2_1,0.022759,0.0021349292,-0.19833936,0.31826687,0.01975181,0.7499998,0.00667598
POSCAR_Bi4V2_1_y025,Bi4V2_1,0.014574,0.002076049,-0.19722113,0.31826687,0.019461,0.7499998,0.0063588982
POSCAR_Bi4V2_1_z025,Bi4V2_1,0.013703,0.0021324444,-0.1953583,0.31826687,0.019812034,0.7499998,0.0064652464
POSCAR_Bi4V2_1_z050,Bi4V2_1,0.011354,0.0021701197,-0.19718923,0.31826687,0.019549841,0.7499998,0.006385675
POSCAR_Bi4V2_1_z975,Bi4V2_1,0.015103,0.0020555055,-0.19808596,0.31826687,0.019493358,0.7499998,0.006415163
POSCAR_Bi4V2_2,Bi4V2_2,0.359371,0.5293746,0.047289204,0.19086798,0.011218076,0.7499998,0.011352468
POSCAR_Bi4V2_2_st025,Bi4V2_2,0.432471,0.5293746,0.04704795,0.19086798,0.011210402,0.7499998,0.011265983
POSCAR_Bi4V2_2_st050,Bi4V2_2,0.37699,0.5293746,0.046803936,0.19086798,0.011078722,0.7499998,0.011169532
POSCAR_Bi4V2_2_st950,Bi4V2_2,0.334925,0.5293746,0.048018925,0.19086798,0.011460304,0.7499998,0.011090202
POSCAR_Bi4V2_2_st975,Bi4V2_2,0.321199,0.5293746,0.047807097,0.19086798,0.011309451,0.7499998,0.0111269625
POSCAR_Bi4V2_2_x025,Bi4V2_2,0.456287,0.5233936,0.047742188,0.19086798,0.011452079,0.7499998,0.011835945
POSCAR_Bi4V2_2_x050,Bi4V2_2,0.432845,0.5174203,0.0475655,0.19086798,0.011308883,0.7499998,0.01168444
POSCAR_Bi4V2_2_x950,Bi4V2_2,0.400616,0.5413391,0.049880706,0.19086798,0.011295812,0.7499998,0.011054189
POSCAR_Bi4V2_2_x975,Bi4V2_2,0.3117,0.53535825,0.048253387,0.19086798,0.011347839,0.7499998,0.011220211
POSCAR_Bi4V2_2_y025,Bi4V2_2,0.350934,0.5278347,0.043472603,0.19086798,0.011666296,0.7499998,0.011002255
POSCAR_Bi4V2_2_y050,Bi4V2_2,0.307977,0.52634054,0.04318531,0.19086798,0.011837044,0.7499998,0.010949764
POSCAR_Bi4V2_2_y950,Bi4V2_2,0.303685,0.532592,0.044979192,0.19086798,0.011496417,0.7499998,0.011320262
POSCAR_Bi4V2_2_y975,Bi4V2_2,0.334222,0.5309604,0.04675912,0.19086798,0.01135756,0.7499998,0.0115103265
POSCAR_Bi4V2_2_z025,Bi4V2_2,0.359195,0.53691125,0.047173172,0.19086798,0.011111809,0.7499998,0.011083687
POSCAR_Bi4V2_2_z050,Bi4V2_2,0.34759,0.54442513,0.046377532,0.19086798,0.011646196,0.7499998,0.011139642
POSCAR_Bi4V2_2_z950,Bi4V2_2,0.343673,0.5142578,0.04437757,0.19086798,0.011401318,0.7499998,0.0111922175
POSCAR_Bi4V2_2_z975,Bi4V2_2,0.34966,0.52182126,0.043658897,0.19086798,0.011546856,0.7499998,0.011257484
POSCAR_Bi6Cr2_1,Bi6Cr2_1,0.551345,0.58496994,0.063373104,0.1203852,0.021732736,0.5999999,0.017097833
POSCAR_Bi6Cr2_1_st025,Bi6Cr2_1,0.496105,0.58496994,0.0631767,0.1203852,0.021389818,0.5999999,0.01707691
POSCAR_Bi6Cr2_1_x975,Bi6Cr2_1,0.66508,0.58573383,0.06292389,0.1203852,0.02097058,0.5999999,0.016735783
POSCAR_Bi6Cr2_1_z050,Bi6Cr2_1,0.588757,0.56772774,0.062433127,0.1203852,0.02104678,0.5999999,0.016931558
POSCAR_Bi6Cr2_3,Bi6Cr2_3,0.012729,0.0010249863,-0.20001622,0.18940488,0.005190768,0.5999999,0.007840747
POSCAR_Bi6Cr2_3_st025,Bi6Cr2_3,0.012414,0.0010249863,-0.1950164,0.18940488,0.0052132714,0.5999999,0.007624176
POSCAR_Bi6Cr2_3_st050,Bi6Cr2_3,0.011941,0.0010249863,-0.18507504,0.18940488,0.004770089,0.5999999,0.0071636965
POSCAR_Bi6Cr2_3_st950,Bi6Cr2_3,0.015894,0.0010249863,-0.20291924,0.18940488,0.0051708757,0.5999999,0.008095536
POSCAR_Bi6Cr2_3_st975,Bi6Cr2_3,0.013752,0.0010249863,-0.20100817,0.18940488,0.005178011,0.5999999,0.007944219
POSCAR_Bi6Cr2_3_x025,Bi6Cr2_3,0.013331,0.0010191202,-0.1985142,0.18940488,0.0051816907,0.5999999,0.007670723
POSCAR_Bi6Cr2_3_x050,Bi6Cr2_3,0.013885,0.0010132721,-0.1978801,0.18940488,0.0054192096,0.5999999,0.00777205
POSCAR_Bi6Cr2_3_x950,Bi6Cr2_3,0.016277,0.0010367701,-0.20198499,0.18940488,0.005145259,0.5999999,0.00799389
POSCAR_Bi6Cr2_3_y025,Bi6Cr2_3,0.014562,0.0010205684,-0.19851267,0.18940488,0.0051684417,0.5999999,0.0076729576
POSCAR_Bi6Cr2_3_y050,Bi6Cr2_3,0.01553,0.0010161728,-0.19808705,0.18940488,0.005417969,0.5999999,0.0077611026
POSCAR_Bi6Cr2_3_y950,Bi6Cr2_3,0.014142,0.0010339015,-0.20156766,0.18940488,0.00513036,0.5999999,0.007981055
POSCAR_Bi6Cr2_3_z025,Bi6Cr2_3,0.01368,0.0010350998,-0.19986172,0.18940488,0.005167472,0.5999999,0.007862761
POSCAR_Bi6Cr2_3_z050,Bi6Cr2_3,0.012119,0.0010448416,-0.20032407,0.18940488,0.00510534,0.5999999,0.007880323
POSCAR_Bi6Cr2_3_z950,Bi6Cr2_3,0.014829,0.001003579,-0.20236476,0.18940488,0.005270332,0.5999999,0.007932108
POSCAR_Bi6Cr2_3_z975,Bi6Cr2_3,0.013222,0.0010144848,-0.20072351,0.18940488,0.0051510166,0.5999999,0.007836834
POSCAR_Bi6Cr2_4,Bi6Cr2_4,0.25445,0.006267082,-0.16494143,0.17865093,0.0039267526,0.5999999,0.006281384
POSCAR_Bi6Cr2_4_st975,Bi6Cr2_4,0.244793,0.006267082,-0.1652143,0.17865093,0.00392336,0.5999999,0.0063115647
POSCAR_Bi6Cr2_4_x950,Bi6Cr2_4,0.251875,0.0061730808,-0.16864872,0.17865093,0.004178095,0.5999999,0.0063746735
POSCAR_Bi6Cr2_4_y975,Bi6Cr2_4,0.228663,0.0061928583,-0.1668763,0.17865093,0.003957622,0.5999999,0.0063328655
POSCAR_Bi6Cr2_4_z950,Bi6Cr2_4,0.282383,0.006514451,-0.16425997,0.17865093,0.004100204,0.5999999,0.0063073253
POSCAR_Bi6Fe2_1,Bi6Fe2_1,0.010559,0.0028508452,-0.16800126,0.09817567,-0.029883351,0.42857137,0.007880024
POSCAR_Bi6Fe2_1_st025,Bi6Fe2_1,0.010588,0.0028508452,-0.16680083,0.09817567,-0.029991481,0.42857137,0.0077933297
POSCAR_Bi6Fe2_1_st950,Bi6Fe2_1,0.013214,0.0028508452,-0.17157288,0.09817567,-0.029742513,0.42857137,0.007894687
POSCAR_Bi6Fe2_1_st975,Bi6Fe2_1,0.012786,0.0028508452,-0.16964634,0.09817567,-0.029891947,0.42857137,0.007930815
POSCAR_Bi6Fe2_1_x025,Bi6Fe2_1,0.010119,0.0028150051,-0.1680931,0.09817567,-0.030055584,0.42857137,0.0077468515
POSCAR_Bi6Fe2_1_x050,Bi6Fe2_1,0.009714,0.0027794838,-0.16725343,0.09817567,-0.030031478,0.42857137,0.00780115
POSCAR_Bi6Fe2_1_x975,Bi6Fe2_1,0.012079,0.0028869775,-0.1680227,0.09817567,-0.029883977,0.42857137,0.007949015
POSCAR_Bi6Fe2_1_y025,Bi6Fe2_1,0.010575,0.0028709052,-0.16746059,0.09817567,-0.030001603,0.42857137,0.0078134015
POSCAR_Bi6Fe2_1_y050,Bi6Fe2_1,0.010339,0.0028908344,-0.1673603,0.09817567,-0.030158112,0.42857137,0.007836867
POSCAR_Bi6Fe2_1_y950,Bi6Fe2_1,0.011384,0.0028104044,-0.17140555,0.09817567,-0.030004937,0.42857137,0.007782639
POSCAR_Bi6Fe2_1_y975,Bi6Fe2_1,0.010868,0.002830672,-0.17014079,0.09817567,-0.029867278,0.42857137,0.007859103
POSCAR_Bi6Fe2_1_z025,Bi6Fe2_1,0.010384,0.002866642,-0.16884531,0.09817567,-0.029820433,0.42857137,0.007894151
POSCAR_Bi6Fe2_1_z050,Bi6Fe2_1,0.0105,0.002882284,-0.17083843,0.09817567,-0.030142315,0.42857137,0.007832821
POSCAR_Bi6Fe2_1_z950,Bi6Fe2_1,0.009776,0.0028188247,-0.16868839,0.09817567,-0.030079562,0.42857137,0.0077325925
POSCAR_Bi6Fe2_1_z975,Bi6Fe2_1,0.011358,0.0028349028,-0.1680655,0.09817567,-0.030120708,0.42857137,0.007782503
POSCAR_Bi6Fe2_2,Bi6Fe2_2,0.408006,0.52786285,0.067016706,0.12814265,0.020740502,0.42857137,0.026612585
POSCAR_Bi6Fe2_2_st025,Bi6Fe2_2,0.394235,0.52786285,0.06691665,0.12814265,0.020295767,0.42857137,0.026141953
POSCAR_Bi6Fe2_2_st050,Bi6Fe2_2,0.390234,0.52786285,0.06651915,0.12814265,0.020573469,0.42857137,0.025529254
POSCAR_Bi6Fe2_2_st950,Bi6Fe2_2,0.449221,0.52786285,0.067822434,0.12814265,0.02210234,0.42857137,0.026786853
POSCAR_Bi6Fe2_2_st975,Bi6Fe2_2,0.429654,0.52786285,0.06723826,0.12814265,0.021456521,0.42857137,0.026536204
POSCAR_Bi6Fe2_2_x050,Bi6Fe2_2,0.457675,0.53299034,0.06348658,0.12814265,0.024452081,0.42857137,0.026298327
POSCAR_Bi6Fe2_2_x950,Bi6Fe2_2,0.430549,0.52293515,0.06383318,0.12814265,0.025001008,0.42857137,0.02732448
POSCAR_Bi6Fe2_2_y050,Bi6Fe2_2,0.457061,0.532909,0.06361531,0.12814265,0.024639487,0.42857137,0.026244786
POSCAR_Bi6Fe2_2_y950,Bi6Fe2_2,0.431323,0.52301735,0.06394313,0.12814265,0.025056709,0.42857137,0.027308876
POSCAR_Bi6Fe2_2_z025,Bi6Fe2_2,0.390808,0.5228309,0.06720162,0.12814265,0.01975254,0.42857137,0.02656703
POSCAR_Bi6Fe2_2_z050,Bi6Fe2_2,0.363301,0.5177245,0.06857091,0.12814265,0.022178585,0.42857137,0.025757046
POSCAR_Bi6Fe2_2_z950,Bi6Fe2_2,0.465296,0.53767955,0.06914903,0.12814265,0.025357854,0.42857137,0.025977906
POSCAR_Bi6Fe2_2_z975,Bi6Fe2_2,0.471911,0.53281444,0.06722364,0.12814265,0.020747386,0.42857137,0.02646936
POSCAR_Bi8Co2_1,Bi8Co2_1,0.425431,0.41537315,0.03550436,0.08953503,-0.082817726,0.37499994,0.0077157845
POSCAR_Bi8Co2_1_y025,Bi8Co2_1,0.399409,0.41745913,0.035111383,0.08953503,-0.0855032,0.37499994,0.007420821
POSCAR_Bi8Co2_1_y050,Bi8Co2_1,0.368957,0.4196034,0.03718939,0.08953503,-0.08235097,0.37499994,0.00800747
POSCAR_Bi8Cr2_1,Bi8Cr2_1,0.214417,0.29337093,0.03108976,0.16801621,0.00095472153,0.5999999,0.010757063
POSCAR_Bi8Cr2_1_st025,Bi8Cr2_1,0.194522,0.29337093,0.031145189,0.16801621,0.0008210772,0.5999999,0.010598857
POSCAR_Bi8Cr2_1_st050,Bi8Cr2_1,0.186748,0.29337093,0.031105684,0.16801621,0.00078628573,0.5999999,0.010600981
POSCAR_Bi8Cr2_1_st950,Bi8Cr2_1,0.248911,0.29337093,0.031037897,0.16801621,0.0008295219,0.5999999,0.010886696
POSCAR_Bi8Cr2_1_st975,Bi8Cr2_1,0.233235,0.29337093,0.03112631,0.16801621,0.0008901555,0.5999999,0.010856945
POSCAR_Bi8Cr2_1_x025,Bi8Cr2_1,0.216946,0.29476434,0.031030333,0.16801621,0.000774243,0.5999999,0.010803795
POSCAR_Bi8Cr2_1_x050,Bi8Cr2_1,0.244438,0.2961783,0.0339533,0.16801621,0.0035976456,0.5999999,0.011268964
POSCAR_Bi8Cr2_1_x950,Bi8Cr2_1,0.267878,0.29065654,0.032561097,0.16801621,0.0029506835,0.5999999,0.011017405
POSCAR_Bi8Cr2_1_x975,Bi8Cr2_1,0.227455,0.2920007,0.030684445,0.16801621,0.0006809463,0.5999999,0.010663363
POSCAR_Bi8Cr2_1_y025,Bi8Cr2_1,0.216027,0.29478016,0.031058675,0.16801621,0.0007983072,0.5999999,0.010770187
POSCAR_Bi8Cr2_1_y050,Bi8Cr2_1,0.24404,0.2962096,0.03397725,0.16801621,0.003591294,0.5999999,0.011275855
POSCAR_Bi8Cr2_1_y950,Bi8Cr2_1,0.26792,0.2906239,0.032496843,0.16801621,0.0029778422,0.5999999,0.011025924
POSCAR_Bi8Cr2_1_y975,Bi8Cr2_1,0.2292,0.29198456,0.030675666,0.16801621,0.0007070473,0.5999999,0.010662449
POSCAR_Bi8Cr2_1_z025,Bi8Cr2_1,0.220196,0.29062408,0.032094195,0.16801621,0.0031369403,0.5999999,0.010781132
POSCAR_Bi8Cr2_1_z050,Bi8Cr2_1,0.21199,0.2879454,0.031817574,0.16801621,0.0025348573,0.5999999,0.010823598
POSCAR_Bi8Cr2_1_z950,Bi8Cr2_1,0.264134,0.29906344,0.03377463,0.16801621,0.0027733252,0.5999999,0.011165173
POSCAR_Bi8Cr2_1_z975,Bi8Cr2_1,0.233519,0.2961846,0.033100255,0.16801621,0.0034098427,0.5999999,0.011096494
POSCAR_Bi8Fe2_1,Bi8Fe2_1,0.014465,0.0029910044,-0.21864451,0.1196928,0.005484809,0.42857137,0.008823296
POSCAR_Bi8Fe2_1_st025,Bi8Fe2_1,0.010905,0.0029910044,-0.21793309,0.1196928,0.0054481374,0.42857137,0.008809547
POSCAR_Bi8Fe2_1_st050,Bi8Fe2_1,0.010092,0.0029910044,-0.21637218,0.1196928,0.0054823314,0.42857137,0.0086638145
POSCAR_Bi8Fe2_1_st950,Bi8Fe2_1,0.014003,0.0029910044,-0.2136951,0.1196928,0.0058632693,0.42857137,0.008807293
POSCAR_Bi8Fe2_1_st975,Bi8Fe2_1,0.012232,0.0029910044,-0.21610492,0.1196928,0.0056083687,0.42857137,0.008844415
POSCAR_Bi8Fe2_1_x025,Bi8Fe2_1,0.010884,0.0029648964,-0.21831824,0.1196928,0.005500344,0.42857137,0.008817928
POSCAR_Bi8Fe2_1_x975,Bi8Fe2_1,0.013197,0.0030175052,-0.21879674,0.1196928,0.0054635997,0.42857137,0.008858288
POSCAR_Bi8Fe2_1_y025,Bi8Fe2_1,0.012982,0.0029979686,-0.21870352,0.1196928,0.0054124286,0.42857137,0.00882636
POSCAR_Bi8Fe2_1_y050,Bi8Fe2_1,0.012754,0.0030054227,-0.2183318,0.1196928,0.0053841122,0.42857137,0.008795518
POSCAR_Bi8Fe2_1_y950,Bi8Fe2_1,0.012697,0.0029786367,-0.21834473,0.1196928,0.005461989,0.42857137,0.008848566
POSCAR_Bi8Fe2_1_y975,Bi8Fe2_1,0.011313,0.0029845436,-0.21842565,0.1196928,0.005486785,0.42857137,0.008844762
POSCAR_Bi8Fe2_1_z025,Bi8Fe2_1,0.012259,0.0030107072,-0.218171,0.1196928,0.0055187377,0.42857137,0.008831396
POSCAR_Bi8Fe2_1_z050,Bi8Fe2_1,0.013003,0.0030306352,-0.21725203,0.1196928,0.0055125044,0.42857137,0.008726345
POSCAR_Bi8Fe2_1_z950,Bi8Fe2_1,0.010492,0.0029523922,-0.21469143,0.1196928,0.005712167,0.42857137,0.008762196
POSCAR_Bi8Fe2_1_z975,Bi8Fe2_1,0.010725,0.0029715423,-0.2160707,0.1196928,0.005594578,0.42857137,0.0087589305
POSCAR_Bi8Ru2_1,Bi8Ru2_1,0.377059,0.23836207,0.030181192,0.1308302,0.0069357012,0.42857137,0.017179765
POSCAR_Bi8Ru2_1_st025,Bi8Ru2_1,0.323275,0.23836207,0.029643893,0.1308302,0.0068217423,0.42857137,0.01692942
POSCAR_Bi8Ru2_1_st050,Bi8Ru2_1,0.265886,0.23836207,0.028686145,0.1308302,0.0067572086,0.42857137,0.016851094
POSCAR_Bi8Ru2_1_x025,Bi8Ru2_1,0.378504,0.24009663,0.029959638,0.1308302,0.0063282233,0.42857137,0.017242009
POSCAR_Bi8Ru2_1_x050,Bi8Ru2_1,0.359779,0.24182308,0.029779717,0.1308302,0.0066420687,0.42857137,0.017012876
POSCAR_Bi8Ru2_1_x975,Bi8Ru2_1,0.368747,0.2366208,0.031127326,0.1308302,0.006518502,0.42857137,0.01728705
POSCAR_Bi8Ru2_1_y050,Bi8Ru2_1,0.388722,0.23149878,0.031122245,0.1308302,0.0068838727,0.42857137,0.017156065
POSCAR_Bi8Ru2_1_y975,Bi8Ru2_1,0.297356,0.24181552,0.029809445,0.1308302,0.006788397,0.42857137,0.017171344
POSCAR_Bi8Ru2_1_z025,Bi8Ru2_1,0.380624,0.24006766,0.029984977,0.1308302,0.0064612045,0.42857137,0.017246889
POSCAR_Bi8Ru2_1_z050,Bi8Ru2_1,0.361625,0.24176538,0.029780885,0.1308302,0.006665894,0.42857137,0.017016686
POSCAR_Br4Cu2_1,Br4Cu2_1,0.154684,0.19526707,0.021262914,0.033287942,-0.06666012,0.49999994,0.012159114
POSCAR_Br4Cu2_1_st025,Br4Cu2_1,0.159842,0.19526707,0.021966243,0.033287942,-0.066283405,0.49999994,0.011787612
POSCAR_Br4Cu2_1_st050,Br4Cu2_1,0.150057,0.19526707,0.021979762,0.033287942,-0.065484054,0.49999994,0.01133776
POSCAR_Br4Cu2_1_st950,Br4Cu2_1,0.143837,0.19526707,0.022026876,0.033287942,-0.066474915,0.49999994,0.012379848
POSCAR_Br4Cu2_1_st975,Br4Cu2_1,0.133554,0.19526707,0.021634823,0.033287942,-0.06690838,0.49999994,0.012102499
POSCAR_Br4Cu2_1_x025,Br4Cu2_1,0.163033,0.19382359,0.021549972,0.033287942,-0.06698999,0.49999994,0.012344409
POSCAR_Br4Cu2_1_x050,Br4Cu2_1,0.19291,0.19245455,0.021593101,0.033287942,-0.06709529,0.49999994,0.011930366
POSCAR_Br4Cu2_1_x950,Br4Cu2_1,0.181216,0.19837207,0.021990515,0.033287942,-0.06657469,0.49999994,0.012173511
POSCAR_Br4Cu2_1_x975,Br4Cu2_1,0.157311,0.1967838,0.021286393,0.033287942,-0.06754404,0.49999994,0.012061817
POSCAR_Br4Cu2_1_y025,Br4Cu2_1,0.161023,0.19382243,0.021879878,0.033287942,-0.06653428,0.49999994,0.012445925
POSCAR_Br4Cu2_1_y050,Br4Cu2_1,0.189173,0.19245186,0.021922288,0.033287942,-0.06657736,0.49999994,0.0120175
POSCAR_Br4Cu2_1_y950,Br4Cu2_1,0.179152,0.19837317,0.022208462,0.033287942,-0.06621347,0.49999994,0.012251332
POSCAR_Br4Cu2_1_y975,Br4Cu2_1,0.157652,0.19678456,0.021484623,0.033287942,-0.067123316,0.49999994,0.012136562
POSCAR_Br4Cu2_1_z025,Br4Cu2_1,0.160296,0.19825815,0.021652399,0.033287942,-0.067202516,0.49999994,0.012343745
POSCAR_Br4Cu2_1_z050,Br4Cu2_1,0.20599,0.20129609,0.021531973,0.033287942,-0.06656057,0.49999994,0.012289888
POSCAR_Br4Cu2_1_z950,Br4Cu2_1,0.142029,0.18949959,0.022127666,0.033287942,-0.06635213,0.49999994,0.011953261
POSCAR_Br4Cu2_1_z975,Br4Cu2_1,0.136771,0.1923411,0.021813376,0.033287942,-0.06754331,0.49999994,0.012177477
POSCAR_Br4Mn2_1,Br4Mn2_1,0.335382,0.6934752,0.053325634,0.16151552,0.0023696946,0.8333332,-0.017838374
POSCAR_Br4Mn2_1_st025,Br4Mn2_1,0.419079,0.6934752,0.053967703,0.16151552,0.002492526,0.8333332,-0.017611057
POSCAR_Br4Mn2_1_st050,Br4Mn2_1,0.464174,0.6934752,0.05370356,0.16151552,0.0022332517,0.8333332,-0.017503327
POSCAR_Br4Mn2_1_st950,Br4Mn2_1,0.377484,0.6934752,0.05322909,0.16151552,0.0025103264,0.8333332,-0.017780682
POSCAR_Br4Mn2_1_st975,Br4Mn2_1,0.350945,0.6934752,0.053471558,0.16151552,0.0023661125,0.8333332,-0.018035786
POSCAR_Br4Mn2_1_x025,Br4Mn2_1,0.345816,0.6988023,0.05466592,0.16151552,0.0034614815,0.8333332,-0.017135803
POSCAR_Br4Mn2_1_x050,Br4Mn2_1,0.33822,0.70412475,0.055885043,0.16151552,0.0045394097,0.8333332,-0.017407615
POSCAR_Br4Mn2_1_x950,Br4Mn2_1,0.309725,0.68282205,0.056758203,0.16151552,0.0028717653,0.8333332,-0.019137336
POSCAR_Br4Mn2_1_x975,Br4Mn2_1,0.30576,0.68814707,0.053389367,0.16151552,0.0025501258,0.8333332,-0.019024312
POSCAR_Br4Mn2_1_y025,Br4Mn2_1,0.374995,0.6830202,0.05321336,0.16151552,0.0020979324,0.8333332,-0.0176047
POSCAR_Br4Mn2_1_y050,Br4Mn2_1,0.446626,0.6726419,0.053023178,0.16151552,0.0018954005,0.8333332,-0.018141234
POSCAR_Br4Mn2_1_y950,Br4Mn2_1,0.377984,0.71457946,0.056096766,0.16151552,0.0038059975,0.8333332,-0.01878284
POSCAR_Br4Mn2_1_y975,Br4Mn2_1,0.356352,0.7039981,0.05455761,0.16151552,0.0030826803,0.8333332,-0.018202588
POSCAR_Br4Mn2_1_z025,Br4Mn2_1,0.365554,0.6986384,0.053954717,0.16151552,0.0026998627,0.8333332,-0.019300375
POSCAR_Br4Mn2_1_z050,Br4Mn2_1,0.427812,0.70380056,0.057584833,0.16151552,0.0034231062,0.8333332,-0.019602356
POSCAR_Br4Mn2_1_z950,Br4Mn2_1,0.395241,0.68316466,0.053867485,0.16151552,0.0038178319,0.8333332,-0.017014941
POSCAR_Br4Mn2_1_z975,Br4Mn2_1,0.361785,0.6883156,0.05337364,0.16151552,0.0025588828,0.8333332,-0.01683462
POSCAR_Br4Mo2_1,Br4Mo2_1,0.222303,0.7262732,0.044288166,0.15899123,-0.0060041,0.9999998,-0.06945163
POSCAR_Br4Mo2_1_st025,Br4Mo2_1,0.200695,0.52299994,0.04090711,0.4810381,0.028581874,0.9999998,-0.06328222
POSCAR_Br4Mo2_1_st050,Br4Mo2_1,0.211194,0.52299994,0.04099796,0.4810381,0.028583096,0.9999998,-0.06390063
POSCAR_Br4Mo2_1_st950,Br4Mo2_1,0.316527,0.7262732,0.043993674,0.15899123,-0.0059462525,0.9999998,-0.069280334
POSCAR_Br4Mo2_1_st975,Br4Mo2_1,0.263263,0.7262732,0.04418451,0.15899123,-0.005913879,0.9999998,-0.069372915
POSCAR_Br4Mo2_1_x025,Br4Mo2_1,0.260876,0.7293838,0.045159698,0.15899123,-0.00557951,0.9999998,-0.07266651
POSCAR_Br4Mo2_1_x050,Br4Mo2_1,0.277433,0.7325296,0.045253135,0.15899123,-0.005208879,0.9999998,-0.073135585
POSCAR_Br4Mo2_1_x950,Br4Mo2_1,0.295501,0.7201677,0.044752207,0.15899123,-0.005724996,0.9999998,-0.06560671
POSCAR_Br4Mo2_1_x975,Br4Mo2_1,0.219377,0.7232002,0.04452508,0.15899123,-0.005842054,0.9999998,-0.06568842
POSCAR_Br4Mo2_1_y025,Br4Mo2_1,0.206503,0.51428777,0.040961828,0.48971513,0.0285898,0.9999998,-0.06320905
POSCAR_Br4Mo2_1_y050,Br4Mo2_1,0.191946,0.50565654,0.040991597,0.49844974,0.028662834,0.9999998,-0.06248691
POSCAR_Br4Mo2_1_y950,Br4Mo2_1,0.278704,0.7490614,0.04529272,0.15899123,-0.005638084,0.9999998,-0.072949335
POSCAR_Br4Mo2_1_y975,Br4Mo2_1,0.247912,0.7376311,0.044755697,0.15899123,-0.005847577,0.9999998,-0.07091043
POSCAR_Br4Mo2_1_z025,Br4Mo2_1,0.200175,0.54586357,0.041474327,0.5380202,0.030997299,0.9999998,-0.06263963
POSCAR_Br4Mo2_1_z050,Br4Mo2_1,0.204334,0.5689818,0.043024294,0.54187214,0.030897032,0.9999998,-0.063594416
POSCAR_Br4Mo2_1_z950,Br4Mo2_1,0.332765,0.709804,0.04355747,0.15899123,-0.00543656,0.9999998,-0.07261942
POSCAR_Br4Mo2_1_z975,Br4Mo2_1,0.284962,0.71804166,0.044276953,0.15899123,-0.0056442367,0.9999998,-0.071588285
POSCAR_Br4Ru2_1,Br4Ru2_1,0.470753,0.7080995,0.05966832,0.16092099,0.0040059877,0.7142856,0.011556637
POSCAR_Br4Ru2_1_st025,Br4Ru2_1,0.473866,0.7080995,0.060045756,0.16092099,0.00402553,0.7142856,0.011555137
POSCAR_Br4Ru2_1_st050,Br4Ru2_1,0.320171,0.7080995,0.061475836,0.16092099,0.0047927247,0.7142856,0.011881807
POSCAR_Br4Ru2_1_st950,Br4Ru2_1,0.655218,0.7080995,0.05924683,0.16092099,0.0042284494,0.7142856,0.0114746485
POSCAR_Br4Ru2_1_st975,Br4Ru2_1,0.556072,0.7080995,0.059598066,0.16092099,0.004199171,0.7142856,0.011588654
POSCAR_Br4Ru2_1_x025,Br4Ru2_1,0.473608,0.71370965,0.05719269,0.16092099,0.0048713535,0.7142856,0.011212734
POSCAR_Br4Ru2_1_x050,Br4Ru2_1,0.467284,0.719306,0.05811752,0.16092099,0.0047582616,0.7142856,0.011141912
POSCAR_Br4Ru2_1_x950,Br4Ru2_1,0.416363,0.6968528,0.055094134,0.16092099,0.002763334,0.7142856,0.011774727
POSCAR_Br4Ru2_1_x975,Br4Ru2_1,0.481224,0.7024792,0.05842989,0.16092099,0.0036736918,0.7142856,0.0117714
POSCAR_Br4Ru2_1_y025,Br4Ru2_1,0.487517,0.6979116,0.05939591,0.16092099,0.0037764134,0.7142856,0.011782836
POSCAR_Br4Ru2_1_y050,Br4Ru2_1,0.49405,0.6877942,0.059103213,0.16092099,0.0038927149,0.7142856,0.011903473
POSCAR_Br4Ru2_1_y950,Br4Ru2_1,0.502956,0.7286522,0.06235675,0.16092099,0.005340812,0.7142856,0.0112761585
POSCAR_Br4Ru2_1_y975,Br4Ru2_1,0.476405,0.7183494,0.061237227,0.16092099,0.0046911403,0.7142856,0.011420816
POSCAR_Br4Ru2_1_z025,Br4Ru2_1,0.485465,0.71270585,0.05874113,0.16092099,0.0036733188,0.7142856,0.011704808
POSCAR_Br4Ru2_1_z050,Br4Ru2_1,0.469932,0.71731323,0.056468565,0.16092099,0.0033673483,0.7142856,0.011570353
POSCAR_Br4Ru2_1_z950,Br4Ru2_1,0.499755,0.6989071,0.05687946,0.16092099,0.0052628834,0.7142856,0.011245903
POSCAR_Br4Ru2_1_z975,Br4Ru2_1,0.472305,0.7034984,0.056630228,0.16092099,0.005084037,0.7142856,0.0114026
POSCAR_Br4V2_1,Br4V2_1,0.206193,0.69391686,0.037295558,0.16244464,0.003655937,1.2499996,-0.07619666
POSCAR_Br4V2_1_st025,Br4V2_1,0.178227,0.69391686,0.03748347,0.16244464,0.0036510413,1.2499996,-0.07620925
POSCAR_Br4V2_1_st050,Br4V2_1,0.148294,0.69391686,0.03764937,0.16244464,0.0036856371,1.2499996,-0.075522706
POSCAR_Br4V2_1_st950,Br4V2_1,0.195345,0.69391686,0.03765564,0.16244464,0.003955496,1.2499996,-0.073847905
POSCAR_Br4V2_1_st975,Br4V2_1,0.238102,0.69391686,0.0373547,0.16244464,0.0037929283,1.2499996,-0.07553202
POSCAR_Br4V2_1_x025,Br4V2_1,0.20883,0.6994798,0.03811142,0.16244464,0.0045458633,1.2499996,-0.07739254
POSCAR_Br4V2_1_x050,Br4V2_1,0.211519,0.7050324,0.038150366,0.16244464,0.0045894883,1.2499996,-0.07827615
POSCAR_Br4V2_1_x950,Br4V2_1,0.193168,0.68277496,0.037739914,0.16244464,0.0033314095,1.2499996,-0.07796764
POSCAR_Br4V2_1_x975,Br4V2_1,0.200438,0.6883472,0.037480537,0.16244464,0.003218349,1.2499996,-0.07504587
POSCAR_Br4V2_1_y025,Br4V2_1,0.161579,0.6834116,0.037121516,0.16244464,0.0033903809,1.2499996,-0.07538314
POSCAR_Br4V2_1_y050,Br4V2_1,0.156447,0.6729802,0.03723147,0.16244464,0.0032435672,1.2499996,-0.07510542
POSCAR_Br4V2_1_y950,Br4V2_1,0.268834,0.71511304,0.038224194,0.16244464,0.0044680503,1.2499996,-0.07696457
POSCAR_Br4V2_1_y975,Br4V2_1,0.241776,0.7044872,0.038144544,0.16244464,0.004252487,1.2499996,-0.07676535
POSCAR_Br4V2_1_z025,Br4V2_1,0.210644,0.6988937,0.037593964,0.16244464,0.0033554146,1.2499996,-0.07518307
POSCAR_Br4V2_1_z050,Br4V2_1,0.210824,0.7038765,0.038248807,0.16244464,0.0033629278,1.2499996,-0.077274054
POSCAR_Br4V2_1_z950,Br4V2_1,0.190324,0.6839997,0.038038444,0.16244464,0.004597084,1.2499996,-0.0775318
POSCAR_Br4V2_1_z975,Br4V2_1,0.197918,0.68895054,0.037538987,0.16244464,0.004227608,1.2499996,-0.07646295
POSCAR_Br6Pd2_1,Br6Pd2_1,0.135049,0.09319692,0.015039818,0.09377897,-0.06420631,0.5555555,0.0096905315
POSCAR_Br6Pd2_1_st025,Br6Pd2_1,0.146259,0.09319692,0.014867687,0.09377897,-0.06409622,0.5555555,0.009770701
POSCAR_Br6Pd2_1_st050,Br6Pd2_1,0.146799,0.09319692,0.014880018,0.09377897,-0.06504965,0.5555555,0.009929403
POSCAR_Br6Pd2_1_st950,Br6Pd2_1,0.153696,0.09319692,0.014906622,0.09377897,-0.065589845,0.5555555,0.009780261
POSCAR_Br6Pd2_1_st975,Br6Pd2_1,0.134593,0.09319692,0.015037619,0.09377897,-0.06451636,0.5555555,0.009677171
POSCAR_Br6Pd2_1_x025,Br6Pd2_1,0.145872,0.09337571,0.014869449,0.09377897,-0.06412738,0.5555555,0.009499084
POSCAR_Br6Pd2_1_x050,Br6Pd2_1,0.160922,0.0935483,0.014623417,0.09377897,-0.06392608,0.5555555,0.009605165
POSCAR_Br6Pd2_1_x950,Br6Pd2_1,0.130234,0.09282051,0.015021763,0.09377897,-0.06471775,0.5555555,0.00988101
POSCAR_Br6Pd2_1_x975,Br6Pd2_1,0.12849,0.09301187,0.0151581885,0.09377897,-0.064128935,0.5555555,0.009951008
POSCAR_Br6Pd2_1_y025,Br6Pd2_1,0.144064,0.094236754,0.015032515,0.09377897,-0.063620046,0.5555555,0.009655321
POSCAR_Br6Pd2_1_y975,Br6Pd2_1,0.162667,0.09216704,0.014817466,0.09377897,-0.06446174,0.5555555,0.009671483
POSCAR_Br6Pd2_1_z025,Br6Pd2_1,0.165181,0.09198906,0.015047953,0.09377897,-0.06384566,0.5555555,0.009895646
POSCAR_Br6Pd2_1_z975,Br6Pd2_1,0.145692,0.094422646,0.01483229,0.09377897,-0.064126275,0.5555555,0.009475021
POSCAR_C1Co2_1,C1Co2_1,0.436221,1.3951159,0.07058102,0.4999585,0.05288406,0.24999997,-0.007204559
POSCAR_C1Co2_1_st025,C1Co2_1,0.53284,1.3951159,0.07134472,0.50004154,0.053715203,0.24999997,-0.007204937
POSCAR_C1Co2_1_st050,C1Co2_1,0.539864,1.3951159,0.07177416,0.4999585,0.05612701,0.24999997,-0.0066135367
POSCAR_C1Co2_1_st950,C1Co2_1,0.086892,1.3951159,0.07058621,0.4999585,0.051281057,0.24999997,-0.006837559
POSCAR_C1Co2_1_st975,C1Co2_1,0.248658,1.3951159,0.07052336,0.50004154,0.052271005,0.24999997,-0.0069085564
POSCAR_C1Co2_1_x025,C1Co2_1,0.484156,1.3747654,0.06961862,0.4999585,0.052818403,0.24999997,-0.00694677
POSCAR_C1Co2_1_x050,C1Co2_1,0.519205,1.3546965,0.06824584,0.50004154,0.053558256,0.24999997,-0.006210943
POSCAR_C1Co2_1_x950,C1Co2_1,0.47406,1.4365815,0.07256711,0.4999585,0.050968826,0.24999997,-0.005507374
POSCAR_C1Co2_1_x975,C1Co2_1,0.456843,1.4157287,0.07119585,0.50004154,0.052539833,0.24999997,-0.006989541
POSCAR_C2Cr2_3,C2Cr2_3,1.307269,0.40281695,0.05871378,0.25,0.051264,0.39999992,0.00524016
POSCAR_C2Cr2_3_st025,C2Cr2_3,1.366993,0.40281695,0.058634873,0.25,0.0506555,0.39999992,0.005230636
POSCAR_C2Cr2_3_st050,C2Cr2_3,1.316366,0.40281695,0.058444243,0.25,0.05463658,0.39999992,0.005102319
POSCAR_C2Cr2_3_st950,C2Cr2_3,0.917226,0.40281695,0.05831561,0.25,0.050015647,0.39999992,0.0047571203
POSCAR_C2Cr2_3_st975,C2Cr2_3,1.209059,0.40281695,0.058748916,0.25,0.050510954,0.39999992,0.005100869
POSCAR_C2Cr2_3_z025,C2Cr2_3,1.278276,0.40196422,0.054230455,0.25,0.04977548,0.39999992,0.007972849
POSCAR_C2Cr2_3_z050,C2Cr2_3,1.174445,0.40107155,0.053544037,0.25,0.048868958,0.39999992,0.008654608
POSCAR_C2Cr2_3_z950,C2Cr2_3,1.351724,0.4044036,0.061002873,0.25,0.050711572,0.39999992,0.005639512
POSCAR_C2Cr2_3_z975,C2Cr2_3,1.334564,0.40362996,0.060050298,0.25,0.050190452,0.39999992,0.0044114096
POSCAR_C2Cr2_5,C2Cr2_5,0.475645,0.6204242,0.07514729,0.33333334,0.03680666,0.39999992,0.022883272
POSCAR_C2Cr2_5_st025,C2Cr2_5,0.320549,0.6204242,0.07470704,0.33333334,0.03680007,0.39999992,0.023205133
POSCAR_C2Cr2_5_st050,C2Cr2_5,0.413066,0.6204242,0.075050026,0.33333334,0.039587446,0.39999992,0.02313496
POSCAR_C2Cr2_5_st950,C2Cr2_5,0.536925,0.6204242,0.07265147,0.33333334,0.034210388,0.39999992,0.020659387
POSCAR_C2Cr2_5_st975,C2Cr2_5,0.551807,0.6204242,0.07263435,0.33333334,0.034532126,0.39999992,0.021257741
POSCAR_C2Cr2_5_x025,C2Cr2_5,0.442196,0.6262948,0.07522265,0.33333334,0.03686552,0.39999992,0.023170358
POSCAR_C2Cr2_5_x050,C2Cr2_5,0.523403,0.63222116,0.07336489,0.33333334,0.03714358,0.39999992,0.024141528
POSCAR_C2Cr2_5_x950,C2Cr2_5,0.573522,0.6088871,0.07178789,0.33333334,0.0350599,0.39999992,0.02361556
POSCAR_C2Cr2_5_x975,C2Cr2_5,0.528646,0.61461854,0.0737585,0.33333334,0.037565637,0.39999992,0.02312968
POSCAR_C2Cr2_5_y050,C2Cr2_5,0.539763,0.6324082,0.07387299,0.33333334,0.03689288,0.39999992,0.023997674
POSCAR_C2Cr2_5_y950,C2Cr2_5,0.578519,0.6086917,0.07160788,0.33333334,0.036048338,0.39999992,0.02384269
POSCAR_C2Cr2_5_y975,C2Cr2_5,0.539686,0.6145218,0.07312639,0.33333334,0.037213974,0.39999992,0.022884473
POSCAR_C2Cr2_5_z025,C2Cr2_5,0.398282,0.6087268,0.07519955,0.33333334,0.0364942,0.39999992,0.023173826
POSCAR_C2Cr2_5_z050,C2Cr2_5,0.322922,0.5971894,0.07297457,0.33333334,0.03611818,0.39999992,0.023143336
POSCAR_C2Cr2_5_z950,C2Cr2_5,0.511611,0.6442679,0.076734394,0.33333334,0.03470567,0.39999992,0.020932266
POSCAR_C2Cr2_5_z975,C2Cr2_5,0.51569,0.63227415,0.07528152,0.33333334,0.034617025,0.39999992,0.021233473
POSCAR_C2Fe2_3,C2Fe2_3,0.860968,0.61950976,0.05495683,0.33333334,0.027994063,0.28571424,0.003543223
POSCAR_C2Fe2_3_st025,C2Fe2_3,0.948308,0.61950976,0.05378914,0.33333334,0.028115068,0.28571424,0.0031712765
POSCAR_C2Fe2_3_st050,C2Fe2_3,0.928366,0.61950976,0.05531769,0.33333334,0.03094547,0.28571424,0.0037070164
POSCAR_C2Fe2_3_st950,C2Fe2_3,0.55808,0.61950976,0.05616694,0.33333334,0.02762108,0.28571424,0.0024459332
POSCAR_C2Fe2_3_x050,C2Fe2_3,1.065433,0.63119686,0.06052979,0.33333334,0.028095491,0.28571424,0.0032373318
POSCAR_C2Fe2_3_x950,C2Fe2_3,0.760905,0.60808873,0.058594257,0.33333334,0.024684472,0.28571424,0.00409992
POSCAR_C2Fe2_3_x975,C2Fe2_3,0.823501,0.6137615,0.056908358,0.33333334,0.026285075,0.28571424,0.0042364616
POSCAR_C2Fe2_3_y050,C2Fe2_3,0.956478,0.6316747,0.06266986,0.33333334,0.025798436,0.28571424,0.0041351947
POSCAR_C2Fe2_3_y975,C2Fe2_3,0.840108,0.6135156,0.055431094,0.33333334,0.02819166,0.28571424,0.003981195
POSCAR_C2Fe2_3_z025,C2Fe2_3,1.032419,0.60777897,0.05524533,0.33333334,0.028031701,0.28571424,0.0045197434
POSCAR_C2Mo2_4,C2Mo2_4,0.014086,0.5813718,0.05437639,0.33333334,0.029859131,0.39999992,0.011206356
POSCAR_C2Sc2_4,C2Sc2_4,0.01058,0.23864108,0.03444345,0.25,0.02630684,0.9999995,-0.04311359
POSCAR_Cd2F6_3,Cd2F6_3,0.224365,0.34878528,0.026055364,0.16118531,0.0053679356,0.49999994,0.017337283
POSCAR_Cl4Co2_1,Cl4Co2_1,0.169452,0.1786607,0.018846951,0.03473537,-0.07165054,0.62499994,0.008060157
POSCAR_Cl4Co2_1_st025,Cl4Co2_1,0.13547,0.1786607,0.018939946,0.03473537,-0.071674466,0.62499994,0.0077928556
POSCAR_Cl4Co2_1_st050,Cl4Co2_1,0.139004,0.1786607,0.018856414,0.03473537,-0.06995174,0.62499994,0.0076730307
POSCAR_Cl4Co2_1_st950,Cl4Co2_1,0.268281,0.1786607,0.018576333,0.03473537,-0.072656274,0.62499994,0.00857011
POSCAR_Cl4Co2_1_st975,Cl4Co2_1,0.218257,0.1786607,0.018680276,0.03473537,-0.07187562,0.62499994,0.0084376065
POSCAR_Cl4Co2_1_x025,Cl4Co2_1,0.17436,0.17997283,0.01949045,0.03473537,-0.073054,0.62499994,0.008161529
POSCAR_Cl4Co2_1_x050,Cl4Co2_1,0.177316,0.18125756,0.019475197,0.03473537,-0.0708901,0.62499994,0.0086811995
POSCAR_Cl4Co2_1_x950,Cl4Co2_1,0.261022,0.1759535,0.019678453,0.03473537,-0.070926666,0.62499994,0.008794457
POSCAR_Cl4Co2_1_x975,Cl4Co2_1,0.213541,0.17732099,0.019429017,0.03473537,-0.07295601,0.62499994,0.008759217
POSCAR_Cl4Co2_1_y025,Cl4Co2_1,0.17403,0.17996487,0.0194378,0.03473537,-0.07307555,0.62499994,0.008148
POSCAR_Cl4Co2_1_y050,Cl4Co2_1,0.177033,0.18124157,0.019419417,0.03473537,-0.07090205,0.62499994,0.008667982
POSCAR_Cl4Co2_1_y950,Cl4Co2_1,0.261246,0.17596914,0.019606134,0.03473537,-0.07094502,0.62499994,0.008783491
POSCAR_Cl4Co2_1_y975,Cl4Co2_1,0.213865,0.17732885,0.019292383,0.03473537,-0.07300582,0.62499994,0.008747922
POSCAR_Cl4Co2_1_z025,Cl4Co2_1,0.158919,0.17600839,0.019799028,0.03473537,-0.07268805,0.62499994,0.008588014
POSCAR_Cl4Co2_1_z050,Cl4Co2_1,0.162487,0.17334193,0.019060731,0.03473537,-0.071732305,0.62499994,0.008624006
POSCAR_Cl4Co2_1_z950,Cl4Co2_1,0.199308,0.18158327,0.019803567,0.03473537,-0.0712448,0.62499994,0.008707294
POSCAR_Cl4Co2_1_z975,Cl4Co2_1,0.183003,0.18129462,0.019642,0.03473537,-0.072784714,0.62499994,0.008579929
POSCAR_Cl4Fe2_1,Cl4Fe2_1,0.116226,0.16398032,0.023840014,0.03494559,-0.06544807,0.7142856,0.006420245
POSCAR_Cl4Fe2_1_st025,Cl4Fe2_1,0.155493,0.16398032,0.023858268,0.03494559,-0.06508055,0.7142856,0.006408949
POSCAR_Cl4Fe2_1_st050,Cl4Fe2_1,0.147911,0.16398032,0.024371197,0.03494559,-0.06443636,0.7142856,0.0063491696
POSCAR_Cl4Fe2_1_st950,Cl4Fe2_1,0.133815,0.16398032,0.025001833,0.03494559,-0.06697676,0.7142856,0.007244079
POSCAR_Cl4Fe2_1_st975,Cl4Fe2_1,0.124982,0.16398032,0.024515532,0.03494559,-0.06559974,0.7142856,0.0069004423
POSCAR_Cl4Fe2_1_x025,Cl4Fe2_1,0.11544,0.16532373,0.025441019,0.03494559,-0.06842994,0.7142856,0.0065034097
POSCAR_Cl4Fe2_1_x050,Cl4Fe2_1,0.122498,0.16664276,0.024991272,0.03494559,-0.0676129,0.7142856,0.006867143
POSCAR_Cl4Fe2_1_x950,Cl4Fe2_1,0.163679,0.16122073,0.025649205,0.03494559,-0.067331694,0.7142856,0.00689187
POSCAR_Cl4Fe2_1_x975,Cl4Fe2_1,0.125528,0.1626126,0.025776166,0.03494559,-0.06821673,0.7142856,0.006717043
POSCAR_Cl4Fe2_1_y025,Cl4Fe2_1,0.115131,0.16532771,0.025590949,0.03494559,-0.06575234,0.7142856,0.0064195483
POSCAR_Cl4Fe2_1_y050,Cl4Fe2_1,0.123308,0.16665076,0.024920233,0.03494559,-0.06772162,0.7142856,0.0068657137
POSCAR_Cl4Fe2_1_y950,Cl4Fe2_1,0.161029,0.1612129,0.025668597,0.03494559,-0.067244254,0.7142856,0.006876168
POSCAR_Cl4Fe2_1_y975,Cl4Fe2_1,0.122935,0.16260867,0.025965894,0.03494559,-0.065592,0.7142856,0.006602061
POSCAR_Cl4Fe2_1_z025,Cl4Fe2_1,0.111928,0.16126335,0.025413861,0.03494559,-0.06601272,0.7142856,0.0064549437
POSCAR_Cl4Fe2_1_z050,Cl4Fe2_1,0.132348,0.15854545,0.025157774,0.03494559,-0.06772849,0.7142856,0.0066955397
POSCAR_Cl4Fe2_1_z950,Cl4Fe2_1,0.130768,0.16939446,0.02568305,0.03494559,-0.06778909,0.7142856,0.006706502
POSCAR_Cl4Fe2_1_z975,Cl4Fe2_1,0.117317,0.16669217,0.025726348,0.03494559,-0.066863805,0.7142856,0.0067951335
POSCAR_Cl4Fe2_2,Cl4Fe2_2,0.347015,0.7025296,0.06304983,0.16013409,0.008855272,0.7142856,0.01505276
POSCAR_Cl4Fe2_2_st025,Cl4Fe2_2,0.406956,0.7025296,0.062243324,0.16013409,0.00862748,0.7142856,0.01509217
POSCAR_Cl4Fe2_2_st050,Cl4Fe2_2,0.480547,0.7025296,0.061882857,0.16013409,0.008422584,0.7142856,0.015188345
POSCAR_Cl4Fe2_2_st950,Cl4Fe2_2,0.46032,0.7025296,0.064104415,0.16013409,0.009084656,0.7142856,0.0153097445
POSCAR_Cl4Fe2_2_st975,Cl4Fe2_2,0.405822,0.7025296,0.06427206,0.16013409,0.009180604,0.7142856,0.01532512
POSCAR_Cl4Fe2_2_x025,Cl4Fe2_2,0.303469,0.70759904,0.06281953,0.16013409,0.009252782,0.7142856,0.014845625
POSCAR_Cl4Fe2_2_x050,Cl4Fe2_2,0.299685,0.7126688,0.065963455,0.16013409,0.010321609,0.7142856,0.014972094
POSCAR_Cl4Fe2_2_x950,Cl4Fe2_2,0.388366,0.69240624,0.06411809,0.16013409,0.009550729,0.7142856,0.014707892
POSCAR_Cl4Fe2_2_x975,Cl4Fe2_2,0.36253,0.69746405,0.06335538,0.16013409,0.00904345,0.7142856,0.015166441
POSCAR_Cl4Fe2_2_y025,Cl4Fe2_2,0.342196,0.69233334,0.06194264,0.16013409,0.00857094,0.7142856,0.015193808
POSCAR_Cl4Fe2_2_y050,Cl4Fe2_2,0.406686,0.6822181,0.062198628,0.16013409,0.00876164,0.7142856,0.015296811
POSCAR_Cl4Fe2_2_y950,Cl4Fe2_2,0.379596,0.72313154,0.06472185,0.16013409,0.009878418,0.7142856,0.014840689
POSCAR_Cl4Fe2_2_y975,Cl4Fe2_2,0.367105,0.71279866,0.06383667,0.16013409,0.009060043,0.7142856,0.014797844
POSCAR_Cl4Fe2_2_z025,Cl4Fe2_2,0.344812,0.70768964,0.063194975,0.16013409,0.009011138,0.7142856,0.015286462
POSCAR_Cl4Fe2_2_z050,Cl4Fe2_2,0.392718,0.71283484,0.06433617,0.16013409,0.009609715,0.7142856,0.01513885
POSCAR_Cl4Fe2_2_z950,Cl4Fe2_2,0.412761,0.6921835,0.06567263,0.16013409,0.010169055,0.7142856,0.014884307
POSCAR_Cl4Fe2_2_z975,Cl4Fe2_2,0.362134,0.69735926,0.06280522,0.16013409,0.009223073,0.7142856,0.014816841
POSCAR_Cl4Mn2_1,Cl4Mn2_1,0.313239,0.7041171,0.060480762,0.1601505,0.004596292,0.8333332,-0.01401858
POSCAR_Cl4Mn2_1_st025,Cl4Mn2_1,0.275765,0.7041171,0.060891725,0.1601505,0.004832172,0.8333332,-0.013932289
POSCAR_Cl4Mn2_1_st050,Cl4Mn2_1,0.265435,0.7041171,0.06097289,0.1601505,0.0046708663,0.8333332,-0.013773183
POSCAR_Cl4Mn2_1_st950,Cl4Mn2_1,0.590347,0.7041171,0.0605378,0.1601505,0.0046379715,0.8333332,-0.015004819
POSCAR_Cl4Mn2_1_st975,Cl4Mn2_1,0.425822,0.7041171,0.060507372,0.1601505,0.0045070173,0.8333332,-0.0140825845
POSCAR_Cl4Mn2_1_x025,Cl4Mn2_1,0.324178,0.70943385,0.059815418,0.1601505,0.005846613,0.8333332,-0.014932124
POSCAR_Cl4Mn2_1_x050,Cl4Mn2_1,0.319282,0.71474475,0.05872504,0.1601505,0.0063167294,0.8333332,-0.015262363
POSCAR_Cl4Mn2_1_x950,Cl4Mn2_1,0.310436,0.6934813,0.05638196,0.1601505,0.0039127786,0.8333332,-0.015558808
POSCAR_Cl4Mn2_1_x975,Cl4Mn2_1,0.293794,0.6987983,0.058905147,0.1601505,0.0041678897,0.8333332,-0.013988113
POSCAR_Cl4Mn2_1_y025,Cl4Mn2_1,0.303635,0.69394815,0.060198907,0.1601505,0.0044404957,0.8333332,-0.013977383
POSCAR_Cl4Mn2_1_y050,Cl4Mn2_1,0.287445,0.6838555,0.060552858,0.1601505,0.004255063,0.8333332,-0.01405503
POSCAR_Cl4Mn2_1_y950,Cl4Mn2_1,0.458766,0.72465014,0.060731806,0.1601505,0.0051988848,0.8333332,-0.015622723
POSCAR_Cl4Mn2_1_y975,Cl4Mn2_1,0.374828,0.71435416,0.060999975,0.1601505,0.004968736,0.8333332,-0.015219627
POSCAR_Cl4Mn2_1_z025,Cl4Mn2_1,0.305167,0.709002,0.058841757,0.1601505,0.0043245913,0.8333332,-0.014464725
POSCAR_Cl4Mn2_1_z050,Cl4Mn2_1,0.281173,0.7138817,0.05816452,0.1601505,0.0043685394,0.8333332,-0.015887886
POSCAR_Cl4Mn2_1_z950,Cl4Mn2_1,0.363993,0.6943496,0.056177787,0.1601505,0.005842694,0.8333332,-0.0154821705
POSCAR_Cl4Mn2_1_z975,Cl4Mn2_1,0.329854,0.69923145,0.058772653,0.1601505,0.0053051803,0.8333332,-0.014447008
POSCAR_Cl4Nb2_1,Cl4Nb2_1,0.236079,0.6878386,0.047987252,0.16377735,0.00717907,1.2499996,-0.076648444
POSCAR_Cl4Nb2_1_st025,Cl4Nb2_1,0.193539,0.6878386,0.047283538,0.16377735,0.0070826076,1.2499996,-0.07681736
POSCAR_Cl4Nb2_1_st050,Cl4Nb2_1,0.162697,0.6878386,0.046753194,0.16377735,0.007251016,1.2499996,-0.07638744
POSCAR_Cl4Nb2_1_st950,Cl4Nb2_1,0.370204,0.6878386,0.049021747,0.16377735,0.0068809856,1.2499996,-0.07530592
POSCAR_Cl4Nb2_1_st975,Cl4Nb2_1,0.293543,0.6878386,0.048633505,0.16377735,0.007146911,1.2499996,-0.07604323
POSCAR_Cl4Nb2_1_x025,Cl4Nb2_1,0.222597,0.69367415,0.0484169,0.16377735,0.0073871864,1.2499996,-0.07928029
POSCAR_Cl4Nb2_1_x050,Cl4Nb2_1,0.210891,0.69947606,0.047852285,0.16377735,0.0073469467,1.2499996,-0.08021754
POSCAR_Cl4Nb2_1_x950,Cl4Nb2_1,0.272087,0.67607796,0.04761091,0.16377735,0.00721391,1.2499996,-0.07495091
POSCAR_Cl4Nb2_1_x975,Cl4Nb2_1,0.251996,0.6819722,0.0473359,0.16377735,0.0070927176,1.2499996,-0.076285765
POSCAR_Cl4Nb2_2,Cl4Nb2_2,0.148784,0.75064087,0.039954193,0.15878898,0.0008808014,1.2499996,-0.07403197
POSCAR_Cl4Nb2_2_st025,Cl4Nb2_2,0.115968,0.75064087,0.03979519,0.15878898,0.0007747695,1.2499996,-0.07458388
POSCAR_Cl4Nb2_2_st050,Cl4Nb2_2,0.086537,0.75064087,0.03978321,0.15878898,0.0007823497,1.2499996,-0.07477429
POSCAR_Cl4Nb2_2_st950,Cl4Nb2_2,0.249077,0.75064087,0.04054991,0.15878898,0.0011863639,1.2499996,-0.07215864
POSCAR_Cl4Nb2_2_st975,Cl4Nb2_2,0.192131,0.75064087,0.039843768,0.15878898,0.0009428975,1.2499996,-0.072925664
POSCAR_Cl4Nb2_2_x025,Cl4Nb2_2,0.135925,0.7554862,0.040001694,0.15878898,0.000726702,1.2499996,-0.076999016
POSCAR_Cl4Nb2_2_x050,Cl4Nb2_2,0.109074,0.7603316,0.04000964,0.15878898,0.00021461441,1.2499996,-0.0777514
POSCAR_Cl4Nb2_2_x950,Cl4Nb2_2,0.180548,0.7409648,0.039742626,0.15878898,-0.00045367138,1.2499996,-0.07432067
POSCAR_Cl4Nb2_2_x975,Cl4Nb2_2,0.163502,0.7457991,0.040214483,0.15878898,0.00036175636,1.2499996,-0.07509927
POSCAR_Cl4Nb2_2_y025,Cl4Nb2_2,0.137152,0.74237776,0.039943215,0.15878898,0.00059130305,1.2499996,-0.074575506
POSCAR_Cl4Nb2_2_y050,Cl4Nb2_2,0.126348,0.733176,0.0391796,0.15878898,0.00038994759,1.2499996,-0.07538449
POSCAR_Cl4Nb2_2_y950,Cl4Nb2_2,0.174528,0.74168086,0.041797824,0.15878898,0.000846942,1.2499996,-0.07625823
POSCAR_Cl4Nb2_2_y975,Cl4Nb2_2,0.161192,0.746162,0.0403626,0.15878898,0.0008657145,1.2499996,-0.07526856
POSCAR_Cl4Nb2_2_z025,Cl4Nb2_2,0.13724,0.7413557,0.039970417,0.15878898,0.0006057293,1.2499996,-0.07456289
POSCAR_Cl4Nb2_2_z050,Cl4Nb2_2,0.126539,0.7321458,0.039317224,0.15878898,0.00035582882,1.2499996,-0.07543367
POSCAR_Cl4Nb2_2_z950,Cl4Nb2_2,0.174297,0.74269795,0.04126107,0.15878898,0.0008136255,1.2499996,-0.07635503
POSCAR_Cl4Nb2_2_z975,Cl4Nb2_2,0.161077,0.74717814,0.040613074,0.15878898,0.00082518655,1.2499996,-0.07538409
POSCAR_Cl6Mn2_1,Cl6Mn2_1,0.340092,0.6075715,0.041616533,0.10581707,-0.055354804,0.8333332,-0.019042822
POSCAR_Cl6Mn2_1_st025,Cl6Mn2_1,0.33923,0.6075715,0.04129033,0.10581707,-0.05529361,0.8333332,-0.01944197
POSCAR_Cl6Mn2_1_st050,Cl6Mn2_1,0.32566,0.6075715,0.04130021,0.10581707,-0.05452004,0.8333332,-0.019498724
POSCAR_Cl6Mn2_1_st950,Cl6Mn2_1,0.33698,0.6075715,0.04129126,0.10581707,-0.054905586,0.8333332,-0.0192077
POSCAR_Cl6Mn2_1_st975,Cl6Mn2_1,0.328984,0.6075715,0.04176631,0.10581707,-0.055030942,0.8333332,-0.019377545
POSCAR_Cl6Nb2_1,Cl6Nb2_1,0.181156,0.6200423,0.035528474,0.09978829,-0.049188446,1.2499996,-0.04599794
POSCAR_Cl6Nb2_1_st025,Cl6Nb2_1,0.165758,0.6200423,0.03519339,0.09978829,-0.04861086,1.2499996,-0.047390826
POSCAR_Cl6Nb2_1_st050,Cl6Nb2_1,0.161641,0.6200423,0.034982204,0.09978829,-0.048893645,1.2499996,-0.046882063
POSCAR_Cl6Nb2_1_st950,Cl6Nb2_1,0.238798,0.6200423,0.036141034,0.09978829,-0.04947181,1.2499996,-0.04701125
POSCAR_Cl6Nb2_1_st975,Cl6Nb2_1,0.205939,0.6200423,0.036165666,0.09978829,-0.04955656,1.2499996,-0.046198197
POSCAR_Cl6Nb2_1_x975,Cl6Nb2_1,0.193386,0.6146064,0.036054213,0.09978829,-0.04967265,1.2499996,-0.045898102
POSCAR_Cl6Nb2_1_y975,Cl6Nb2_1,0.187295,0.61477166,0.03878048,0.09978829,-0.050272614,1.2499996,-0.043208268
POSCAR_Cl6Nb2_1_z025,Cl6Nb2_1,0.172583,0.6093209,0.037971254,0.09978829,-0.04961351,1.2499996,-0.042681117
POSCAR_Cl6Nb2_1_z050,Cl6Nb2_1,0.170124,0.59864825,0.035832483,0.09978829,-0.05011938,1.2499996,-0.042369083
POSCAR_Cl6Nb2_1_z950,Cl6Nb2_1,0.216265,0.6415767,0.04249365,0.09978829,-0.049681444,1.2499996,-0.043599233
POSCAR_Cl6Nb2_1_z975,Cl6Nb2_1,0.20183,0.63079906,0.03740376,0.09978829,-0.049954977,1.2499996,-0.045563858
POSCAR_Cl6Pd2_1,Cl6Pd2_1,0.140605,0.089938164,0.010845765,0.09292187,-0.062495794,0.5555555,0.010659045
POSCAR_Cl6Pd2_1_st025,Cl6Pd2_1,0.139208,0.089938164,0.01068694,0.09292187,-0.0616639,0.5555555,0.01058171
POSCAR_Cl6Pd2_1_st050,Cl6Pd2_1,0.157869,0.089938164,0.0102580795,0.09292187,-0.061452977,0.5555555,0.010489075
POSCAR_Cl6Pd2_1_st950,Cl6Pd2_1,0.154469,0.089938164,0.011446086,0.09292187,-0.06313387,0.5555555,0.010992798
POSCAR_Cl6Pd2_1_st975,Cl6Pd2_1,0.147246,0.089938164,0.011019696,0.09292187,-0.063452296,0.5555555,0.01075818
POSCAR_Cl6Pd2_1_z025,Cl6Pd2_1,0.134424,0.0890887,0.010861129,0.09292187,-0.06200569,0.5555555,0.010661519
POSCAR_Cl6Pd2_1_z050,Cl6Pd2_1,0.146978,0.088265754,0.010916434,0.09292187,-0.06146441,0.5555555,0.010729837
POSCAR_Cl6Pd2_1_z950,Cl6Pd2_1,0.161832,0.09171658,0.011125731,0.09292187,-0.06300845,0.5555555,0.010837711
POSCAR_Cl6Pd2_1_z975,Cl6Pd2_1,0.149897,0.09081416,0.010689606,0.09292187,-0.06254967,0.5555555,0.010657085
POSCAR_Cl6Pd2_2,Cl6Pd2_2,0.227563,0.6055288,0.048986178,0.106985845,-0.050660826,0.5555555,0.014631385
POSCAR_Cl6Pd2_2_st025,Cl6Pd2_2,0.230997,0.6055288,0.048741966,0.106985845,-0.05082552,0.5555555,0.014474071
POSCAR_Cl6Pd2_2_st050,Cl6Pd2_2,0.235349,0.6055288,0.04828633,0.106985845,-0.050527576,0.5555555,0.014528277
POSCAR_Cl6Pd2_2_st950,Cl6Pd2_2,0.393454,0.6055288,0.047816675,0.106985845,-0.050272148,0.5555555,0.014885045
POSCAR_Cl6Pd2_2_st975,Cl6Pd2_2,0.306476,0.6055288,0.048168592,0.106985845,-0.05103498,0.5555555,0.014803825
POSCAR_Cl6Pd2_2_y025,Cl6Pd2_2,0.253626,0.5994463,0.04724121,0.106985845,-0.0525639,0.5555555,0.014108577
POSCAR_Cl6Pd2_2_z025,Cl6Pd2_2,0.24689,0.6078131,0.052075524,0.106985845,-0.049868118,0.5555555,0.014699041
POSCAR_Cl6Pd2_2_z050,Cl6Pd2_2,0.222453,0.6103577,0.053102575,0.106985845,-0.048891164,0.5555555,0.01437839
POSCAR_Cl6Pd2_2_z950,Cl6Pd2_2,0.402267,0.6018152,0.04651208,0.106985845,-0.05091527,0.5555555,0.0143440245
POSCAR_Cl6Pd2_2_z975,Cl6Pd2_2,0.331124,0.6035232,0.04797386,0.106985845,-0.051469814,0.5555555,0.014695666
POSCAR_Cl6Ti2_1,Cl6Ti2_1,0.082741,0.014255962,-0.028447347,0.09395572,-0.03365926,1.6666662,-0.030386858
POSCAR_Cl6Ti2_1_st025,Cl6Ti2_1,0.071826,0.014255962,-0.028095637,0.09395572,-0.03340948,1.6666662,-0.03012775
POSCAR_Cl6Ti2_1_st050,Cl6Ti2_1,0.078844,0.014255962,-0.028492626,0.09395572,-0.032923568,1.6666662,-0.030438393
POSCAR_Cl6Ti2_1_st950,Cl6Ti2_1,0.121141,0.014255962,-0.029620262,0.09395572,-0.036247488,1.6666662,-0.029855277
POSCAR_Cl6Ti2_1_st975,Cl6Ti2_1,0.0986,0.014255962,-0.029353714,0.09395572,-0.034191385,1.6666662,-0.030276844
POSCAR_Cl6Ti2_1_z025,Cl6Ti2_1,0.067208,0.014255096,-0.028677478,0.09395572,-0.033724103,1.6666662,-0.02965921
POSCAR_Cl6Ti2_1_z050,Cl6Ti2_1,0.063883,0.014255581,-0.029159402,0.09395572,-0.03387803,1.6666662,-0.030082889
POSCAR_Cl6Ti2_1_z950,Cl6Ti2_1,0.124972,0.0142621985,-0.029626489,0.09395572,-0.034120876,1.6666662,-0.031482402
POSCAR_Cl6Ti2_1_z975,Cl6Ti2_1,0.100166,0.0142582925,-0.029057061,0.09395572,-0.033847816,1.6666662,-0.031042587
POSCAR_Cl6Zr2_1,Cl6Zr2_1,0.212412,0.0060114637,-0.0836396,0.09880043,-0.024595506,1.6666662,-0.031643003
POSCAR_Cl6Zr2_1_st025,Cl6Zr2_1,0.157286,0.0060114637,-0.08332713,0.09880043,-0.024464408,1.6666662,-0.03168143
POSCAR_Cl6Zr2_1_st050,Cl6Zr2_1,0.116923,0.0060114637,-0.08323943,0.09880043,-0.024357764,1.6666662,-0.031833164
POSCAR_Cl6Zr2_1_st975,Cl6Zr2_1,0.2861,0.0060114637,-0.08377392,0.09880043,-0.024709309,1.6666662,-0.0314264
POSCAR_Cl6Zr2_1_z025,Cl6Zr2_1,0.196574,0.0060126535,-0.08269796,0.09880043,-0.02455653,1.6666662,-0.031883318
POSCAR_Cl6Zr2_1_z050,Cl6Zr2_1,0.177064,0.006013938,-0.0807949,0.09880043,-0.024547417,1.6666662,-0.03201079
POSCAR_Cl6Zr2_1_z950,Cl6Zr2_1,0.256554,0.006009525,-0.08292423,0.09880043,-0.024352914,1.6666662,-0.03220062
POSCAR_Cl6Zr2_1_z975,Cl6Zr2_1,0.542894,0.006010407,-0.08293258,0.09880043,-0.024358565,1.6666662,-0.03213448
POSCAR_Co2F4_1,Co2F4_1,0.494358,0.7441643,0.065002225,0.15937993,0.0037260416,0.62499994,0.017502619
POSCAR_Co2F4_1_st025,Co2F4_1,0.346171,0.7441643,0.064271584,0.15937993,0.003959658,0.62499994,0.017767547
POSCAR_Co2F4_1_st050,Co2F4_1,0.335497,0.7441643,0.06357135,0.15937993,0.004178715,0.62499994,0.01803634
POSCAR_Co2F4_1_st950,Co2F4_1,0.50499,0.7441643,0.06773781,0.15937993,0.003931503,0.62499994,0.016901614
POSCAR_Co2F4_1_st975,Co2F4_1,0.566609,0.7441643,0.06597507,0.15937993,0.0033632487,0.62499994,0.016966917
POSCAR_Co2F4_1_x025,Co2F4_1,0.477174,0.74901056,0.065017454,0.15937993,0.004120364,0.62499994,0.017646719
POSCAR_Co2F4_1_x050,Co2F4_1,0.46945,0.7538577,0.064308695,0.15937993,0.0043133856,0.62499994,0.017601851
POSCAR_Co2F4_1_x950,Co2F4_1,0.31185,0.7344884,0.06245995,0.15937993,0.001906147,0.62499994,0.016503848
POSCAR_Co2F4_1_x975,Co2F4_1,0.337486,0.7393223,0.064226076,0.15937993,0.0024041624,0.62499994,0.016680866
POSCAR_Co2F4_1_y025,Co2F4_1,0.341145,0.7376915,0.064351544,0.15937993,0.0031923281,0.62499994,0.017178841
POSCAR_Co2F4_1_y050,Co2F4_1,0.321763,0.72827613,0.06330399,0.15937993,0.0029715137,0.62499994,0.017009897
POSCAR_Co2F4_1_y950,Co2F4_1,0.479961,0.7346773,0.0648267,0.15937993,0.00428397,0.62499994,0.016833888
POSCAR_Co2F4_1_y975,Co2F4_1,0.507519,0.73942417,0.06528842,0.15937993,0.0032937513,0.62499994,0.017233657
POSCAR_Co2F4_1_z025,Co2F4_1,0.340785,0.7346221,0.06354346,0.15937993,0.0034967568,0.62499994,0.017149284
POSCAR_Co2F4_1_z050,Co2F4_1,0.321023,0.72516024,0.06287034,0.15937993,0.002960697,0.62499994,0.017043564
POSCAR_Co2F4_1_z950,Co2F4_1,0.485982,0.73766935,0.065665655,0.15937993,0.0037314915,0.62499994,0.016924482
POSCAR_Co2F6_1,Co2F6_1,0.252775,0.2876277,0.022954294,0.09326386,-0.06844886,0.62499994,0.012012345
POSCAR_Co2F6_1_st025,Co2F6_1,0.232087,0.2876277,0.020950885,0.09326386,-0.07085709,0.62499994,0.011586933
POSCAR_Co2F6_1_st050,Co2F6_1,0.254027,0.2876277,0.019548101,0.09326386,-0.07209211,0.62499994,0.0113678165
POSCAR_Co2F6_1_st950,Co2F6_1,0.355064,0.2876277,0.023293896,0.09326386,-0.06804471,0.62499994,0.0115614375
POSCAR_Co2F6_1_st975,Co2F6_1,0.329482,0.2876277,0.023265608,0.09326386,-0.06757047,0.62499994,0.011493388
POSCAR_Co2F6_1_z025,Co2F6_1,0.259898,0.28289267,0.022162337,0.09326386,-0.07050309,0.62499994,0.0126099335
POSCAR_Co2F6_1_z050,Co2F6_1,0.268445,0.27816588,0.022478592,0.09326386,-0.070263445,0.62499994,0.012808276
POSCAR_Co2F6_1_z950,Co2F6_1,0.321827,0.29709506,0.022557473,0.09326386,-0.06638805,0.62499994,0.012077048
POSCAR_Co2F6_1_z975,Co2F6_1,0.283201,0.2923642,0.022742813,0.09326386,-0.06853269,0.62499994,0.012351734
POSCAR_Co2Ge2_1,Co2Ge2_1,0.424488,0.66607,0.06488634,0.33333334,0.029563421,0.24999997,-0.012437288
POSCAR_Co2Ge2_1_st025,Co2Ge2_1,0.448111,0.66607,0.06412622,0.33333334,0.029732417,0.24999997,-0.013171975
POSCAR_Co2Ge2_1_st975,Co2Ge2_1,0.397261,0.66607,0.062246703,0.33333334,0.030437294,0.24999997,-0.012848791
POSCAR_Co2Ge2_1_x025,Co2Ge2_1,0.443204,0.6719114,0.06672528,0.33333334,0.030998535,0.24999997,-0.011968143
POSCAR_Co2Ge2_1_x050,Co2Ge2_1,0.468445,0.6778004,0.06631368,0.33333334,0.03088177,0.24999997,-0.011155419
POSCAR_Co2Ge2_1_x950,Co2Ge2_1,0.432027,0.6545696,0.064114004,0.33333334,0.03077438,0.24999997,-0.011160267
POSCAR_Co2Ge2_1_x975,Co2Ge2_1,0.408616,0.66028595,0.06535924,0.33333334,0.031447157,0.24999997,-0.012223185
POSCAR_Co2Ge2_1_y025,Co2Ge2_1,0.449002,0.67145455,0.066858746,0.33333334,0.03153202,0.24999997,-0.012397437
POSCAR_Co2Ge2_1_y050,Co2Ge2_1,0.477012,0.67690927,0.06735639,0.33333334,0.031334504,0.24999997,-0.012461493
POSCAR_Co2Ge2_1_y975,Co2Ge2_1,0.404701,0.66076434,0.06552373,0.33333334,0.031095408,0.24999997,-0.011844087
POSCAR_Co2Ge2_1_z025,Co2Ge2_1,0.405355,0.654958,0.06214563,0.33333334,0.029838966,0.24999997,-0.012061418
POSCAR_Co2Ge2_1_z050,Co2Ge2_1,0.380359,0.64394975,0.058787767,0.33333334,0.0292487,0.24999997,-0.012424943
POSCAR_Co2Ge2_1_z950,Co2Ge2_1,0.079842,0.6885691,0.059763096,0.33333334,0.027715502,0.24999997,-0.012826841
POSCAR_Co2Ge2_1_z975,Co2Ge2_1,0.417956,0.6772769,0.06467417,0.33333334,0.029716559,0.24999997,-0.012975886
POSCAR_Co2N2_1,Co2N2_1,0.801542,0.75570995,0.04963069,0.083333336,-0.08791633,0.37499994,0.006547431
POSCAR_Co2N2_1_st975,Co2N2_1,0.676755,0.75570995,0.049294263,0.083333336,-0.086841,0.37499994,0.0062647015
POSCAR_Co2N2_1_x025,Co2N2_1,0.80015,0.7551404,0.04976688,0.083333336,-0.08846048,0.37499994,0.006982422
POSCAR_Co2N2_1_x050,Co2N2_1,0.775497,0.75289667,0.050130162,0.083333336,-0.087621324,0.37499994,0.0066419365
POSCAR_Co2N2_1_x950,Co2N2_1,0.705061,0.74375993,0.050524972,0.083333336,-0.083930455,0.37499994,0.0065686717
POSCAR_Co2N2_1_y025,Co2N2_1,0.811564,0.75339943,0.04943763,0.083333336,-0.08910744,0.37499994,0.0068056313
POSCAR_Co2N2_1_y050,Co2N2_1,0.766978,0.75110877,0.04987507,0.083333336,-0.088895634,0.37499994,0.0070796646
POSCAR_Co2N2_1_y950,Co2N2_1,0.714822,0.74544615,0.050476465,0.083333336,-0.08390471,0.37499994,0.00646896
POSCAR_Co2N2_1_y975,Co2N2_1,0.768119,0.75137436,0.050371986,0.083333336,-0.08528751,0.37499994,0.0067960056
POSCAR_Co2N2_1_z025,Co2N2_1,0.714222,0.75197697,0.050262604,0.083333336,-0.08694745,0.37499994,0.005753684
POSCAR_Co2N2_1_z050,Co2N2_1,0.585749,0.7482668,0.0506056,0.083333336,-0.086696304,0.37499994,0.005606389
POSCAR_Co2N6_1,Co2N6_1,0.016956,0.0037924792,-0.18751013,0.12929448,0.0029858327,0.37499994,0.008403759
POSCAR_Co2N6_1_st050,Co2N6_1,0.01304,0.0037924792,-0.18672109,0.12929448,0.0030337311,0.37499994,0.008443245
POSCAR_Co2N6_1_st975,Co2N6_1,0.022534,0.0037924792,-0.18831016,0.12929448,0.0027942383,0.37499994,0.008472996
POSCAR_Co2N6_1_x975,Co2N6_1,0.104351,0.003716154,-0.18959844,0.12929448,0.003018592,0.37499994,0.008562276
POSCAR_Co2N6_1_y025,Co2N6_1,0.011459,0.0037799221,-0.18854362,0.12929448,0.0030327013,0.37499994,0.008739037
POSCAR_Co2N6_1_y050,Co2N6_1,0.033065,0.0037678643,-0.19064388,0.12929448,0.0030017989,0.37499994,0.0088955425
POSCAR_Co2N6_1_y950,Co2N6_1,0.024477,0.0038191187,-0.1921164,0.12929448,0.002625676,0.37499994,0.008804428
POSCAR_Co2N6_1_y975,Co2N6_1,0.017137,0.0038055426,-0.18962555,0.12929448,0.0030064636,0.37499994,0.008551446
POSCAR_Co2N6_1_z025,Co2N6_1,0.005492,0.0037293185,-0.18812715,0.12929448,0.0028696505,0.37499994,0.008448154
POSCAR_Co2N6_1_z950,Co2N6_1,0.006442,0.00392064,-0.18599916,0.12929448,0.00298611,0.37499994,0.00876946
POSCAR_Co2O2_1,Co2O2_1,0.463,0.7713219,0.048338152,0.083333336,-0.09574805,0.49999994,0.018522736
POSCAR_Co2O2_1_st025,Co2O2_1,0.431608,0.7713219,0.04728358,0.083333336,-0.09904499,0.49999994,0.018445369
POSCAR_Co2O2_1_st050,Co2O2_1,0.400922,0.7713219,0.046119343,0.083333336,-0.09673165,0.49999994,0.018154027
POSCAR_Co2O2_1_st950,Co2O2_1,0.32049,0.7713219,0.051754434,0.083333336,-0.086264536,0.49999994,0.019376857
POSCAR_Co2O2_1_st975,Co2O2_1,0.427409,0.7713219,0.04881221,0.083333336,-0.09452595,0.49999994,0.018810065
POSCAR_Co2O2_1_x025,Co2O2_1,0.414121,0.7682204,0.049419038,0.083333336,-0.09576586,0.49999994,0.018699192
POSCAR_Co2O2_1_x050,Co2O2_1,0.408983,0.76508904,0.050125506,0.083333336,-0.095954314,0.49999994,0.018498749
POSCAR_Co2O2_1_x950,Co2O2_1,0.377742,0.75862765,0.051191334,0.083333336,-0.088715844,0.49999994,0.018149547
POSCAR_Co2O2_1_x975,Co2O2_1,0.413531,0.76490384,0.049003035,0.083333336,-0.09247554,0.49999994,0.018238688
POSCAR_Co2O2_1_y025,Co2O2_1,0.414639,0.7681,0.049437694,0.083333336,-0.09581569,0.49999994,0.018557886
POSCAR_Co2O2_1_y050,Co2O2_1,0.408888,0.7649678,0.050088767,0.083333336,-0.09588287,0.49999994,0.018296575
POSCAR_Co2O2_1_y950,Co2O2_1,0.377421,0.75874215,0.05132806,0.083333336,-0.0887924,0.49999994,0.01814428
POSCAR_Co2O2_1_y975,Co2O2_1,0.412977,0.7650208,0.048954673,0.083333336,-0.09248395,0.49999994,0.018082958
POSCAR_Co2O2_1_z025,Co2O2_1,0.430693,0.7681286,0.047686957,0.083333336,-0.096473806,0.49999994,0.017930783
POSCAR_Co2O2_1_z050,Co2O2_1,0.452675,0.7649796,0.048544314,0.083333336,-0.094947286,0.49999994,0.018086866
POSCAR_Co2O2_1_z950,Co2O2_1,0.373011,0.777865,0.05043213,0.083333336,-0.09299612,0.49999994,0.018593341
POSCAR_Co2O2_1_z975,Co2O2_1,0.382229,0.77456534,0.048637025,0.083333336,-0.09469593,0.49999994,0.018230144
POSCAR_Co2P2_4,Co2P2_4,0.153976,0.70756835,0.058843035,0.083333336,-0.05183632,0.37499994,0.024057401
POSCAR_Co2P2_4_st025,Co2P2_4,0.296743,0.70756835,0.058028385,0.083333336,-0.05272315,0.37499994,0.023464732
POSCAR_Co2P2_4_st975,Co2P2_4,0.060743,0.70756835,0.05908868,0.083333336,-0.051922094,0.37499994,0.024018805
POSCAR_Co2P2_4_x025,Co2P2_4,0.182046,0.7089667,0.058317125,0.083333336,-0.05206242,0.37499994,0.02391553
POSCAR_Co2P2_4_x050,Co2P2_4,0.22938,0.7103502,0.05858009,0.083333336,-0.04776843,0.37499994,0.024748491
POSCAR_Co2P2_4_x975,Co2P2_4,0.178526,0.7022594,0.059298567,0.083333336,-0.051802605,0.37499994,0.024117101
POSCAR_Co2P2_4_y025,Co2P2_4,0.184049,0.7091167,0.058165673,0.083333336,-0.0522922,0.37499994,0.023775134
POSCAR_Co2P2_4_y050,Co2P2_4,0.230508,0.7105031,0.058610253,0.083333336,-0.047908574,0.37499994,0.024768598
POSCAR_Co2P2_4_y950,Co2P2_4,0.1811,0.69675505,0.05928014,0.083333336,-0.047169976,0.37499994,0.025006518
POSCAR_Co2P2_4_y975,Co2P2_4,0.176419,0.70211625,0.05930235,0.083333336,-0.051738877,0.37499994,0.024116939
POSCAR_Co2P2_4_z050,Co2P2_4,0.281652,0.6938158,0.059384465,0.083333336,-0.051300902,0.37499994,0.023909504
POSCAR_Co2P2_4_z975,Co2P2_4,0.151389,0.714477,0.05827322,0.083333336,-0.05226515,0.37499994,0.02381368
POSCAR_Co2Pb2_4,Co2Pb2_4,0.01135,5.196197e-07,-0.2049622,0.500165,0.0151670575,0.24999997,-0.0002924657
POSCAR_Co2Pb2_4_st975,Co2Pb2_4,0.019632,5.196197e-07,-0.20879664,0.500165,0.015501734,0.24999997,-0.00096221943
POSCAR_Co2Pb2_4_x950,Co2Pb2_4,0.019873,5.381389e-07,-0.21073507,0.500165,0.015442847,0.24999997,-0.0012170897
POSCAR_Co2Pb2_4_y950,Co2Pb2_4,0.006202,5.18896e-07,-0.21259762,0.500165,0.01551491,0.24999997,-0.0011671258
POSCAR_Co2Pb2_4_y975,Co2Pb2_4,0.00553,5.1930965e-07,-0.21017167,0.500165,0.015370351,0.24999997,-0.00050412474
POSCAR_Co2Pb2_4_z025,Co2Pb2_4,0.041393,5.283678e-07,-0.2094013,0.500165,0.015166081,0.24999997,-0.000433936
POSCAR_Co2Pb2_4_z950,Co2Pb2_4,0.033744,5.0123583e-07,-0.2027212,0.500165,0.015124085,0.24999997,-0.001045042
POSCAR_Co2Pb3_1_st025,Co2Pb3_1,0.016076,0.0024334993,-0.21010025,0.23653169,0.016083257,0.24999997,-0.0018510631
POSCAR_Co2Pb3_1_st050,Co2Pb3_1,0.014646,0.0024334993,-0.21360411,0.23653169,0.01643198,0.24999997,-0.0016435512
POSCAR_Co2Pb3_1_st975,Co2Pb3_1,0.016771,0.0039473404,-0.20194377,0.30478802,0.016360253,0.24999997,-0.0021492916
POSCAR_Co2Pb3_1_x025,Co2Pb3_1,0.01703,0.003947689,-0.20685896,0.30478802,0.016875222,0.24999997,-0.0019465511
POSCAR_Co2Pb3_1_x050,Co2Pb3_1,0.01707,0.0039482,-0.20705552,0.30478802,0.016909007,0.24999997,-0.0019583527
POSCAR_Co2Pb3_1_x950,Co2Pb3_1,0.018434,0.0024725061,-0.20500138,0.23653169,0.0155957695,0.24999997,-0.0021083746
POSCAR_Co2Pb3_1_x975,Co2Pb3_1,0.017512,0.0024529546,-0.20565854,0.23653169,0.015609935,0.24999997,-0.002122877
POSCAR_Co2Pb3_1_y025,Co2Pb3_1,0.015126,0.00397798,-0.20640227,0.30478802,0.016814686,0.24999997,-0.0019101454
POSCAR_Co2Pb3_1_y050,Co2Pb3_1,0.014692,0.0040085944,-0.20566323,0.30478802,0.016705632,0.24999997,-0.0018876408
POSCAR_Co2Pb3_1_y950,Co2Pb3_1,0.01557,0.0024024313,-0.20295268,0.23653169,0.015624536,0.24999997,-0.0023951198
POSCAR_Co2Pb3_1_y975,Co2Pb3_1,0.016964,0.0024179805,-0.2045139,0.23653169,0.01564732,0.24999997,-0.0021031601
POSCAR_Co2Pb3_1_z025,Co2Pb3_1,0.015694,0.0024372796,-0.20924424,0.23653169,0.016209941,0.24999997,-0.001979346
POSCAR_Co2Pb3_1_z050,Co2Pb3_1,0.015914,0.0024408158,-0.20870103,0.23653169,0.016143078,0.24999997,-0.001854201
POSCAR_Co2Pb3_1_z950,Co2Pb3_1,0.016432,0.0040102378,-0.20148464,0.30478802,0.01624005,0.24999997,-0.0021580309
POSCAR_Co2Pb3_1_z975,Co2Pb3_1,0.017723,0.0039785216,-0.2040221,0.30478802,0.016555108,0.24999997,-0.0020855328
POSCAR_Co2S2_1,Co2S2_1,0.684412,0.70092183,0.07587361,0.33333334,0.036784653,0.49999994,0.024028832
POSCAR_Co2S2_1_st025,Co2S2_1,1.089573,0.70092183,0.0776846,0.33333334,0.03704739,0.49999994,0.024471942
POSCAR_Co2S2_1_st050,Co2S2_1,1.116118,0.70092183,0.08118133,0.33333334,0.03924792,0.49999994,0.023423461
POSCAR_Co2S2_1_st950,Co2S2_1,0.369147,0.70092183,0.073574096,0.33333334,0.036359932,0.49999994,0.0239915
POSCAR_Co2S2_1_y050,Co2S2_1,1.030444,0.71144974,0.07539433,0.33333334,0.037029516,0.49999994,0.023612117
POSCAR_Co2S2_1_z050,Co2S2_1,1.11311,0.6800703,0.08036086,0.33333334,0.040413987,0.49999994,0.024935698
POSCAR_Co2S2_1_z975,Co2S2_1,0.501541,0.7114293,0.07538476,0.33333334,0.036508735,0.49999994,0.024164123
POSCAR_Co2Sb3_1,Co2Sb3_1,0.012945,0.0015437022,-0.21096158,0.2843918,0.01807639,0.37499994,0.00671891
POSCAR_Co2Sb3_1_st025,Co2Sb3_1,0.012175,0.0015437022,-0.2110413,0.2843918,0.01805831,0.37499994,0.006758761
POSCAR_Co2Sb3_1_st050,Co2Sb3_1,0.012119,0.0015437022,-0.20992787,0.2843918,0.01799365,0.37499994,0.006781703
POSCAR_Co2Sb3_1_st950,Co2Sb3_1,0.011287,0.0015437022,-0.21208817,0.2843918,0.017756436,0.37499994,0.006800842
POSCAR_Co2Sb3_1_x025,Co2Sb3_1,0.007706,0.0015358559,-0.21090715,0.2843918,0.017934138,0.37499994,0.006713763
POSCAR_Co2Sb3_1_x050,Co2Sb3_1,0.008392,0.0015280944,-0.21072827,0.2843918,0.018064652,0.37499994,0.0067094304
POSCAR_Co2Sb3_1_x950,Co2Sb3_1,0.008238,0.0015596258,-0.2101816,0.2843918,0.017716477,0.37499994,0.006719495
POSCAR_Co2Sb3_1_x975,Co2Sb3_1,0.009078,0.0015516279,-0.21073854,0.2843918,0.01786316,0.37499994,0.006755885
POSCAR_Co2Sb3_1_y025,Co2Sb3_1,0.008434,0.0015444182,-0.21089016,0.2843918,0.017944567,0.37499994,0.0067331614
POSCAR_Co2Sb3_1_y050,Co2Sb3_1,0.008489,0.0015451772,-0.2107392,0.2843918,0.017994594,0.37499994,0.006720031
POSCAR_Co2Sb3_1_y950,Co2Sb3_1,0.007248,0.0015423937,-0.21021034,0.2843918,0.01764983,0.37499994,0.0066985963
POSCAR_Co2Sb3_1_y975,Co2Sb3_1,0.008295,0.0015430282,-0.2106847,0.2843918,0.01780892,0.37499994,0.0067474167
POSCAR_Co2Sb3_1_z025,Co2Sb3_1,0.00843,0.0015509347,-0.21098454,0.2843918,0.017956832,0.37499994,0.006759498
POSCAR_Co2Sb3_1_z050,Co2Sb3_1,0.01023,0.0015582397,-0.21031983,0.2843918,0.017907001,0.37499994,0.006744793
POSCAR_Co2Sb3_1_z950,Co2Sb3_1,0.008606,0.0015295043,-0.21126355,0.2843918,0.017930053,0.37499994,0.006732731
POSCAR_Co2Sb3_1_z975,Co2Sb3_1,0.00909,0.0015365544,-0.21079382,0.2843918,0.018065382,0.37499994,0.0067451997
POSCAR_Co2Se2_3,Co2Se2_3,0.223805,0.770552,0.04944451,0.083333336,-0.08289687,0.49999994,0.017320594
POSCAR_Co2Se2_3_st025,Co2Se2_3,0.300606,0.770552,0.04816911,0.083333336,-0.08476948,0.49999994,0.016704103
POSCAR_Co2Se2_3_st050,Co2Se2_3,0.284051,0.770552,0.04755427,0.083333336,-0.08560269,0.49999994,0.016428323
POSCAR_Co2Se2_3_st950,Co2Se2_3,0.263571,0.770552,0.05018202,0.083333336,-0.08099021,0.49999994,0.01761063
POSCAR_Co2Se2_3_st975,Co2Se2_3,0.274884,0.770552,0.04997397,0.083333336,-0.08177276,0.49999994,0.017386934
POSCAR_Co2Se2_3_x025,Co2Se2_3,0.400636,0.7694438,0.049023245,0.083333336,-0.08219217,0.49999994,0.017416885
POSCAR_Co2Se2_3_x050,Co2Se2_3,0.36939,0.7662572,0.05004123,0.083333336,-0.08316741,0.49999994,0.016863907
POSCAR_Co2Se2_3_x950,Co2Se2_3,0.269651,0.7594436,0.05232454,0.083333336,-0.07549238,0.49999994,0.018602954
POSCAR_Co2Se2_3_x975,Co2Se2_3,0.249915,0.7657672,0.050554957,0.083333336,-0.07814463,0.49999994,0.018418657
POSCAR_Co2Se2_3_y025,Co2Se2_3,0.400185,0.7689554,0.04911323,0.083333336,-0.0821779,0.49999994,0.017431304
POSCAR_Co2Se2_3_y050,Co2Se2_3,0.368886,0.76576823,0.05006033,0.083333336,-0.083129704,0.49999994,0.016867418
POSCAR_Co2Se2_3_y950,Co2Se2_3,0.269626,0.7599043,0.052304607,0.083333336,-0.075516,0.49999994,0.018590918
POSCAR_Co2Se2_3_y975,Co2Se2_3,0.24916,0.7662415,0.05054145,0.083333336,-0.07814117,0.49999994,0.018418096
POSCAR_Co2Se2_3_z025,Co2Se2_3,0.229524,0.7674152,0.049949195,0.083333336,-0.080897346,0.49999994,0.017456831
POSCAR_Co2Se2_3_z050,Co2Se2_3,0.239366,0.76432276,0.050461773,0.083333336,-0.080862224,0.49999994,0.01706488
POSCAR_Co2Se2_3_z950,Co2Se2_3,0.239172,0.7769816,0.050113536,0.083333336,-0.08325125,0.49999994,0.017629623
POSCAR_Co2Se2_3_z975,Co2Se2_3,0.450301,0.7737387,0.050209053,0.083333336,-0.08206333,0.49999994,0.017914314
POSCAR_Co2Se4_1,Co2Se4_1,0.702257,0.442876,0.050195,0.18327099,0.0064634494,0.49999994,0.019652186
POSCAR_Co2Se4_1_st025,Co2Se4_1,0.618155,0.442876,0.049441297,0.18327099,0.006174613,0.49999994,0.01880371
POSCAR_Co2Se4_1_st050,Co2Se4_1,0.572476,0.442876,0.049348213,0.18327099,0.0060304254,0.49999994,0.018794218
POSCAR_Co2Se4_1_st975,Co2Se4_1,0.694908,0.442876,0.049834736,0.18327099,0.0059583182,0.49999994,0.019922398
POSCAR_Co2Se4_1_x025,Co2Se4_1,0.72024,0.43447703,0.052105747,0.18327099,0.0078684045,0.49999994,0.019189885
POSCAR_Co2Se4_1_x050,Co2Se4_1,0.725259,0.4262315,0.050469473,0.18327099,0.0077176774,0.49999994,0.01916439
POSCAR_Co2Se4_1_x950,Co2Se4_1,0.6371,0.46012506,0.046383016,0.18327099,0.004355478,0.49999994,0.019086206
POSCAR_Co2Se4_1_x975,Co2Se4_1,0.672355,0.45142633,0.047507495,0.18327099,0.004236372,0.49999994,0.01909712
POSCAR_Co2Se4_1_y025,Co2Se4_1,0.713265,0.44718412,0.049726635,0.18327099,0.005564154,0.49999994,0.018906958
POSCAR_Co2Se4_1_y050,Co2Se4_1,0.68114,0.45147392,0.049494557,0.18327099,0.005137842,0.49999994,0.01844983
POSCAR_Co2Se4_1_y950,Co2Se4_1,0.66554,0.4342202,0.049398795,0.18327099,0.0067872205,0.49999994,0.019930007
POSCAR_Co2Se4_1_y975,Co2Se4_1,0.682238,0.4385534,0.050138228,0.18327099,0.0068976833,0.49999994,0.019770602
POSCAR_Co2Se4_1_z025,Co2Se4_1,0.634598,0.4470526,0.04832416,0.18327099,0.006010281,0.49999994,0.019452812
POSCAR_Co2Se4_1_z050,Co2Se4_1,0.558679,0.45126128,0.047891416,0.18327099,0.0062936977,0.49999994,0.019205535
POSCAR_Co2Se4_1_z950,Co2Se4_1,0.774911,0.43463698,0.05441208,0.18327099,0.007889833,0.49999994,0.020070447
POSCAR_Co2Se4_1_z975,Co2Se4_1,0.742814,0.43873596,0.052320536,0.18327099,0.0072349375,0.49999994,0.019808082
POSCAR_Co2Sn4_2,Co2Sn4_2,0.312815,0.71586066,0.05996849,0.16329299,0.007724578,0.24999997,0.0031020099
POSCAR_Co2Sn4_2_st050,Co2Sn4_2,0.376827,0.71586066,0.061666504,0.16329299,0.0075732893,0.24999997,0.004788179
POSCAR_Co2Sn4_2_x025,Co2Sn4_2,0.271046,0.7203603,0.061662793,0.16329299,0.007313241,0.24999997,0.0051967786
POSCAR_Co2Sn4_2_x050,Co2Sn4_2,0.008153,0.7248719,0.062550105,0.16329299,0.007553777,0.24999997,0.0056454767
POSCAR_Co2Sn4_2_x950,Co2Sn4_2,0.188268,0.7069111,0.060879253,0.16329299,0.011472014,0.24999997,0.0051366296
POSCAR_Co2Sn4_2_x975,Co2Sn4_2,0.196925,0.7113764,0.060656525,0.16329299,0.008881217,0.24999997,0.0036851626
POSCAR_Co2Sn4_2_z975,Co2Sn4_2,0.00659,0.70983124,0.059992574,0.16329299,0.0074573597,0.24999997,0.0032271384
POSCAR_Co2Tl3_1,Co2Tl3_1,0.013263,0.0027520687,-0.20059079,0.3054421,0.016163358,0.124999985,0.00536605
POSCAR_Co2Tl3_1_st025,Co2Tl3_1,0.011903,0.0027520687,-0.20458803,0.3054421,0.01647303,0.124999985,0.0056372606
POSCAR_Co2Tl3_1_st050,Co2Tl3_1,0.012161,0.0027520687,-0.20824046,0.3054421,0.01677417,0.124999985,0.005950869
POSCAR_Co2Tl3_1_st950,Co2Tl3_1,0.01392,0.0027520687,-0.19488102,0.3054421,0.015571274,0.124999985,0.005215977
POSCAR_Co2Tl3_1_st975,Co2Tl3_1,0.013037,0.0027520687,-0.1954365,0.3054421,0.01583425,0.124999985,0.0052721296
POSCAR_Co2Tl3_1_x025,Co2Tl3_1,0.012936,0.0027177243,-0.20238698,0.3054421,0.016150607,0.124999985,0.0055394312
POSCAR_Co2Tl3_1_x050,Co2Tl3_1,0.012624,0.0026838486,-0.20256095,0.3054421,0.016067958,0.124999985,0.0056907833
POSCAR_Co2Tl3_1_x950,Co2Tl3_1,0.013478,0.0028220997,-0.19762978,0.3054421,0.01599139,0.124999985,0.0053385054
POSCAR_Co2Tl3_1_x975,Co2Tl3_1,0.01384,0.0027868666,-0.20103839,0.3054421,0.016208425,0.124999985,0.0053160945
POSCAR_Co2Tl3_1_y025,Co2Tl3_1,0.012817,0.0027399575,-0.20441805,0.3054421,0.016476296,0.124999985,0.005543853
POSCAR_Co2Tl3_1_y050,Co2Tl3_1,0.012216,0.0027281127,-0.2043635,0.3054421,0.016396647,0.124999985,0.0056112222
POSCAR_Co2Tl3_1_y950,Co2Tl3_1,0.014423,0.0027770742,-0.1948706,0.3054421,0.01567949,0.124999985,0.0054579843
POSCAR_Co2Tl3_1_y975,Co2Tl3_1,0.013847,0.0027644427,-0.19934282,0.3054421,0.015922599,0.124999985,0.005328754
POSCAR_Co2Tl3_1_z025,Co2Tl3_1,0.013558,0.0027987265,-0.20436454,0.3054421,0.016473165,0.124999985,0.005542059
POSCAR_Co2Tl3_1_z050,Co2Tl3_1,0.013408,0.0028450568,-0.20412707,0.3054421,0.016418932,0.124999985,0.0056015598
POSCAR_Co2Tl3_1_z950,Co2Tl3_1,0.012303,0.0026578263,-0.19572036,0.3054421,0.015936805,0.124999985,0.005281792
POSCAR_Co2Tl3_1_z975,Co2Tl3_1,0.012766,0.0027050967,-0.19800605,0.3054421,0.016042646,0.124999985,0.005262537
POSCAR_Cr2F4_cluster1,Cr2F4_cluster1,0.105181,0.6592243,0.049091272,0.16019636,0.0043273526,0.9999998,-0.08452251
POSCAR_Cr2F4_cluster1_st025,Cr2F4_cluster1,0.099398,0.6592243,0.048737917,0.16019636,0.0041383244,0.9999998,-0.08457897
POSCAR_Cr2F4_cluster1_st050,Cr2F4_cluster1,0.095028,0.6592243,0.048424486,0.16019636,0.004167172,0.9999998,-0.08482847
POSCAR_Cr2F4_cluster1_st950,Cr2F4_cluster1,0.120983,0.6592243,0.05088101,0.16019636,0.0046571326,0.9999998,-0.084359184
POSCAR_Cr2F4_cluster1_st975,Cr2F4_cluster1,0.112398,0.6592243,0.04952642,0.16019636,0.0039049524,0.9999998,-0.084477656
POSCAR_Cr2F4_cluster2,Cr2F4_cluster2,0.01327,0.0008981976,-0.1384544,0.14800759,-0.0005920591,0.9999998,-0.034989886
POSCAR_Cr2F4_cluster2_st025,Cr2F4_cluster2,0.012463,0.0008981976,-0.13602835,0.14800759,-0.0005624344,0.9999998,-0.03569663
POSCAR_Cr2F4_cluster2_st050,Cr2F4_cluster2,0.011722,0.0008981976,-0.13570231,0.14800759,-0.00047163703,0.9999998,-0.03516749
POSCAR_Cr2F4_cluster2_st950,Cr2F4_cluster2,0.015228,0.0008981976,-0.14482185,0.14800759,-0.00070594024,0.9999998,-0.03574451
POSCAR_Cr2F4_cluster2_st975,Cr2F4_cluster2,0.014187,0.0008981976,-0.14013551,0.14800759,-0.00058341835,0.9999998,-0.03525144
POSCAR_Cr2F6_cluster1,Cr2F6_cluster1,0.09615,0.36064318,0.0197815,0.09636793,-0.05326834,0.9999998,-0.051923484
POSCAR_Cr2F6_cluster1_st025,Cr2F6_cluster1,0.177898,0.36064318,0.019568084,0.09636793,-0.053701002,0.9999998,-0.05091709
POSCAR_Cr2F6_cluster1_st050,Cr2F6_cluster1,0.167395,0.36064318,0.019289054,0.09636793,-0.05369719,0.9999998,-0.05063403
POSCAR_Cr2F6_cluster1_st950,Cr2F6_cluster1,0.088422,0.36064318,0.02254091,0.09636793,-0.051579762,0.9999998,-0.05288207
POSCAR_Cr2F6_cluster1_st975,Cr2F6_cluster1,0.090895,0.36064318,0.021312926,0.09636793,-0.051921014,0.9999998,-0.052536152
POSCAR_Cr2F6_cluster2,Cr2F6_cluster2,0.240743,0.6082065,0.038168255,0.10607178,-0.04896295,0.9999998,-0.059552893
POSCAR_Cr2F6_cluster2_st025,Cr2F6_cluster2,0.247271,0.6082065,0.037894968,0.10607178,-0.04816003,0.9999998,-0.05867718
POSCAR_Cr2F6_cluster2_st050,Cr2F6_cluster2,0.20913,0.6082065,0.037430517,0.10607178,-0.048547983,0.9999998,-0.057531375
POSCAR_Cr2F6_cluster2_st950,Cr2F6_cluster2,0.231945,0.6082065,0.03930922,0.10607178,-0.05098428,0.9999998,-0.05946758
POSCAR_Cr2F6_cluster2_st975,Cr2F6_cluster2,0.231566,0.6082065,0.038749572,0.10607178,-0.04938333,0.9999998,-0.060043126
POSCAR_Cr2F8_cluster1,Cr2F8_cluster1,0.267451,0.50756335,0.031223493,0.070844755,-0.05498403,0.9999998,-0.053432945
POSCAR_Cr2F8_cluster1_st025,Cr2F8_cluster1,0.256916,0.50756335,0.031322557,0.070844755,-0.053460725,0.9999998,-0.05281214
POSCAR_Cr2F8_cluster1_st050,Cr2F8_cluster1,0.236515,0.50756335,0.030961758,0.070844755,-0.05269644,0.9999998,-0.05290036
POSCAR_Cr2F8_cluster1_st950,Cr2F8_cluster1,0.282304,0.50756335,0.03197627,0.070844755,-0.057420015,0.9999998,-0.053497426
POSCAR_Cr2F8_cluster1_st975,Cr2F8_cluster1,0.274242,0.50756335,0.031339463,0.070844755,-0.056140862,0.9999998,-0.052516107
POSCAR_Cr2F8_cluster2,Cr2F8_cluster2,0.16939,0.66218877,0.03645917,0.06999743,-0.056667924,0.9999998,-0.05198464
POSCAR_Cr2F8_cluster2_st025,Cr2F8_cluster2,0.28095,0.66218877,0.036321025,0.06999743,-0.056255177,0.9999998,-0.052658945
POSCAR_Cr2F8_cluster2_st050,Cr2F8_cluster2,0.251695,0.66218877,0.03594306,0.06999743,-0.05638818,0.9999998,-0.053271912
POSCAR_Cr2F8_cluster2_st950,Cr2F8_cluster2,0.140859,0.66218877,0.037260078,0.06999743,-0.059447885,0.9999998,-0.05103391
POSCAR_Cr2F8_cluster2_st975,Cr2F8_cluster2,0.165917,0.66218877,0.03678123,0.06999743,-0.05884041,0.9999998,-0.051475853
POSCAR_Cr2Ga2_2,Cr2Ga2_2,0.010506,1.4358459e-06,-0.222263,0.50022876,0.016248008,0.19999996,-0.0032975217
POSCAR_Cr2Ga2_2_st050,Cr2Ga2_2,0.01023,1.4358459e-06,-0.21862678,0.50022876,0.01650576,0.19999996,-0.0029045942
POSCAR_Cr2Ga2_2_st950,Cr2Ga2_2,0.010769,1.4358459e-06,-0.22270657,0.50022876,0.016059292,0.19999996,-0.0037759482
POSCAR_Cr2Ga2_2_st975,Cr2Ga2_2,0.01086,1.4358459e-06,-0.22279729,0.50022876,0.016181732,0.19999996,-0.0034251146
POSCAR_Cr2Ga2_2_x025,Cr2Ga2_2,0.009524,1.4050178e-06,-0.22802821,0.50022876,0.01656722,0.19999996,-0.0025997877
POSCAR_Cr2Ga2_2_x050,Cr2Ga2_2,0.009367,1.3750439e-06,-0.22986138,0.50022876,0.016304372,0.19999996,-0.001978477
POSCAR_Cr2Ga2_2_x950,Cr2Ga2_2,0.009823,1.5000572e-06,-0.2304547,0.50022876,0.01604032,0.19999996,-0.0027325952
POSCAR_Cr2Ga2_2_x975,Cr2Ga2_2,0.01105,1.4675273e-06,-0.228493,0.50022876,0.016589716,0.19999996,-0.0026508952
POSCAR_Cr2Ga2_2_y025,Cr2Ga2_2,0.010361,1.4595126e-06,-0.22758374,0.50022876,0.016545797,0.19999996,-0.002692733
POSCAR_Cr2Ga2_2_y050,Cr2Ga2_2,0.010332,1.482922e-06,-0.22948416,0.50022876,0.016663225,0.19999996,-0.0026162786
POSCAR_Cr2Ga2_2_y950,Cr2Ga2_2,0.010809,1.3877757e-06,-0.2323934,0.50022876,0.016555155,0.19999996,-0.0023287144
POSCAR_Cr2Ga2_2_y975,Cr2Ga2_2,0.009944,1.4119304e-06,-0.22810721,0.50022876,0.016690543,0.19999996,-0.002595707
POSCAR_Cr2Ga2_2_z025,Cr2Ga2_2,0.010152,1.443245e-06,-0.22807643,0.50022876,0.016627347,0.19999996,-0.002549572
POSCAR_Cr2Ga2_2_z050,Cr2Ga2_2,0.010762,1.4505198e-06,-0.23129429,0.50022876,0.01601429,0.19999996,-0.002446056
POSCAR_Cr2Ga2_2_z950,Cr2Ga2_2,0.0106,1.420658e-06,-0.23060799,0.50022876,0.016341208,0.19999996,-0.0024045152
POSCAR_Cr2Ga2_2_z975,Cr2Ga2_2,0.009642,1.4283186e-06,-0.22850817,0.50022876,0.016564906,0.19999996,-0.0026463724
POSCAR_Cr2Ge2_3,Cr2Ge2_3,0.300033,0.47380486,0.056489184,0.33333334,0.02934103,0.39999992,0.019823013
POSCAR_Cr2Ge2_3_st025,Cr2Ge2_3,0.333745,0.47380486,0.056736138,0.33333334,0.029088596,0.39999992,0.020302217
POSCAR_Cr2Ge2_3_st950,Cr2Ge2_3,0.243668,0.47380486,0.05660346,0.33333334,0.029280135,0.39999992,0.018501714
POSCAR_Cr2Ge2_3_st975,Cr2Ge2_3,0.2724,0.47380486,0.05644423,0.33333334,0.029505607,0.39999992,0.019477773
POSCAR_Cr2Ge2_3_x025,Cr2Ge2_3,0.363134,0.48007736,0.054669105,0.33333334,0.032203764,0.39999992,0.021134067
POSCAR_Cr2Ge2_3_x050,Cr2Ge2_3,0.379563,0.48642373,0.05162846,0.33333334,0.030907143,0.39999992,0.02158673
POSCAR_Cr2Ge2_3_x950,Cr2Ge2_3,0.283957,0.4615154,0.052013855,0.33333334,0.029747939,0.39999992,0.020308487
POSCAR_Cr2Ge2_3_x975,Cr2Ge2_3,0.290315,0.46761465,0.05409429,0.33333334,0.032126963,0.39999992,0.020644516
POSCAR_Cr2Ge2_3_y025,Cr2Ge2_3,0.363382,0.48007748,0.054237254,0.33333334,0.032205813,0.39999992,0.021153886
POSCAR_Cr2Ge2_3_y050,Cr2Ge2_3,0.379737,0.4864239,0.05162577,0.33333334,0.030908927,0.39999992,0.021580363
POSCAR_Cr2Ge2_3_y950,Cr2Ge2_3,0.284277,0.4615151,0.051977247,0.33333334,0.02966851,0.39999992,0.020259742
POSCAR_Cr2Ge2_3_z025,Cr2Ge2_3,0.279053,0.46151084,0.056545813,0.33333334,0.02903066,0.39999992,0.019873457
POSCAR_Cr2Ge2_3_z950,Cr2Ge2_3,0.34879,0.4994275,0.05535412,0.33333334,0.029144635,0.39999992,0.019137846
POSCAR_Cr2Ge2_3_z975,Cr2Ge2_3,0.323491,0.48644307,0.05591112,0.33333334,0.02911914,0.39999992,0.019819552
POSCAR_Cr2Ge3_1,Cr2Ge3_1,0.013563,0.00056674937,-0.23895586,0.35480392,0.020155514,0.39999992,0.006120602
POSCAR_Cr2Ge3_1_st025,Cr2Ge3_1,0.014167,0.00056674937,-0.2362715,0.35480392,0.020215243,0.39999992,0.00618542
POSCAR_Cr2Ge3_1_st050,Cr2Ge3_1,0.014125,0.00056674937,-0.23490512,0.35480392,0.020281635,0.39999992,0.006212677
POSCAR_Cr2Ge3_1_st950,Cr2Ge3_1,0.015912,0.00056674937,-0.24109083,0.35480392,0.020237949,0.39999992,0.0058849817
POSCAR_Cr2Ge3_1_st975,Cr2Ge3_1,0.015279,0.00056674937,-0.24028786,0.35480392,0.020072814,0.39999992,0.0060688555
POSCAR_Cr2Ge3_1_x025,Cr2Ge3_1,0.015408,0.00055778667,-0.23878472,0.35480392,0.019983975,0.39999992,0.00608977
POSCAR_Cr2Ge3_1_x050,Cr2Ge3_1,0.014322,0.0005489085,-0.23731181,0.35480392,0.019369552,0.39999992,0.006014431
POSCAR_Cr2Ge3_1_x950,Cr2Ge3_1,0.015536,0.0005848964,-0.23890975,0.35480392,0.019277431,0.39999992,0.005962981
POSCAR_Cr2Ge3_1_x975,Cr2Ge3_1,0.014697,0.00057578884,-0.2401562,0.35480392,0.01992824,0.39999992,0.00603063
POSCAR_Cr2Ge3_1_y025,Cr2Ge3_1,0.015271,0.0005578241,-0.23871648,0.35480392,0.01995372,0.39999992,0.006076136
POSCAR_Cr2Ge3_1_y050,Cr2Ge3_1,0.014547,0.0005489827,-0.23726185,0.35480392,0.019346468,0.39999992,0.0060044895
POSCAR_Cr2Ge3_1_y950,Cr2Ge3_1,0.015622,0.0005848199,-0.23897369,0.35480392,0.0192934,0.39999992,0.005969473
POSCAR_Cr2Ge3_1_y975,Cr2Ge3_1,0.014634,0.00057575083,-0.24023364,0.35480392,0.019939318,0.39999992,0.006037199
POSCAR_Cr2Ge3_1_z025,Cr2Ge3_1,0.014866,0.000584665,-0.23873648,0.35480392,0.020126978,0.39999992,0.0060816426
POSCAR_Cr2Ge3_1_z050,Cr2Ge3_1,0.014262,0.00060247094,-0.23787472,0.35480392,0.019986108,0.39999992,0.0060846293
POSCAR_Cr2Ge3_1_z950,Cr2Ge3_1,0.014358,0.0005306301,-0.23992592,0.35480392,0.019971311,0.39999992,0.005977887
POSCAR_Cr2Ge3_1_z975,Cr2Ge3_1,0.01428,0.0005487341,-0.239763,0.35480392,0.020012949,0.39999992,0.0061172033
POSCAR_Cr2In2_5,Cr2In2_5,0.271204,0.9929365,0.071228005,0.15988167,0.00019756082,0.19999996,0.0015048654
POSCAR_Cr2In2_5_st025,Cr2In2_5,0.32293,0.9929365,0.07114764,0.14509417,-6.816497e-05,0.19999996,0.00220959
POSCAR_Cr2In2_5_st050,Cr2In2_5,0.27433,0.9929365,0.07138236,0.15988167,0.001114419,0.19999996,0.0023163485
POSCAR_Cr2In2_5_st950,Cr2In2_5,0.317689,0.9929365,0.070786804,0.15988167,0.00015591436,0.19999996,0.00077545614
POSCAR_Cr2In2_5_st975,Cr2In2_5,0.266227,0.9929365,0.071870536,0.15988167,-0.00023025445,0.19999996,0.0015381656
POSCAR_Cr2In2_5_x025,Cr2In2_5,0.270209,0.9959176,0.070979886,0.16387871,-0.00037883056,0.19999996,0.0010767126
POSCAR_Cr2In2_5_x050,Cr2In2_5,0.269453,0.99872315,0.07087821,0.16787574,0.00087359844,0.19999996,0.0011399626
POSCAR_Cr2In2_5_x975,Cr2In2_5,0.270263,0.9897849,0.071418926,0.14509417,-0.00045422677,0.19999996,0.0019472616
POSCAR_Cr2In2_5_y025,Cr2In2_5,0.355204,0.9947701,0.07121439,0.15988167,0.00037056702,0.19999996,0.0016774385
POSCAR_Cr2In2_5_y050,Cr2In2_5,0.349798,0.9965354,0.071209386,0.15988167,0.00066347077,0.19999996,0.0018123906
POSCAR_Cr2In2_5_y950,Cr2In2_5,0.328132,0.98908716,0.07197125,0.15988167,-0.0006152497,0.19999996,0.0015442261
POSCAR_Cr2In2_5_y975,Cr2In2_5,0.243662,0.99104017,0.071401395,0.15988167,-8.9896734e-05,0.19999996,0.0013498545
POSCAR_Cr2In2_5_z950,Cr2In2_5,0.367198,1.0018361,0.07185741,0.1527307,-0.00084332214,0.19999996,0.0020841097
POSCAR_Cr2In2_5_z975,Cr2In2_5,0.316578,0.997637,0.071705334,0.16398118,0.00092878495,0.19999996,0.001470742
POSCAR_Cr2In5_1,Cr2In5_1,0.020936,0.009764054,-0.16169746,0.10902594,-0.022141319,0.19999996,0.0015552848
POSCAR_Cr2In5_1_st025,Cr2In5_1,0.02057,0.009764054,-0.1616446,0.10902594,-0.022231175,0.19999996,0.0015162528
POSCAR_Cr2In5_1_st050,Cr2In5_1,0.020538,0.009764054,-0.16041309,0.10902594,-0.02227506,0.19999996,0.0016001168
POSCAR_Cr2In5_1_st950,Cr2In5_1,0.021587,0.009764054,-0.1614266,0.10902594,-0.021909738,0.19999996,0.0010059265
POSCAR_Cr2In5_1_st975,Cr2In5_1,0.021543,0.009764054,-0.16124697,0.10902594,-0.021953011,0.19999996,0.0011893851
POSCAR_Cr2In5_1_x025,Cr2In5_1,0.020785,0.010047506,-0.16234368,0.10902594,-0.021797087,0.19999996,0.0013853533
POSCAR_Cr2In5_1_x950,Cr2In5_1,0.024226,0.009212497,-0.15680268,0.10902594,-0.021751504,0.19999996,0.0010373254
POSCAR_Cr2In5_1_x975,Cr2In5_1,0.021703,0.009485614,-0.16041912,0.10902594,-0.021920912,0.19999996,0.0012994215
POSCAR_Cr2In5_1_y950,Cr2In5_1,0.019801,0.010134509,-0.16176479,0.10902594,-0.021611217,0.19999996,0.0013045978
POSCAR_Cr2In5_1_y975,Cr2In5_1,0.018936,0.009946501,-0.16100104,0.10902594,-0.021822248,0.19999996,0.001405687
POSCAR_Cr2In5_1_z050,Cr2In5_1,0.019938,0.009569966,-0.16054812,0.10902594,-0.022073831,0.19999996,0.0014628515
POSCAR_Cr2In5_1_z950,Cr2In5_1,0.028166,0.008040127,-0.19044778,0.20583607,0.008661286,0.19999996,0.0009430861
POSCAR_Cr2In8_2,Cr2In8_2,0.010506,1.3285916e-05,-0.20803821,0.1606139,0.0017446554,0.19999996,0.00083870435
POSCAR_Cr2In8_2_st025,Cr2In8_2,0.010629,1.3285916e-05,-0.20469794,0.1606139,0.0015783324,0.19999996,0.0010578511
POSCAR_Cr2In8_2_st050,Cr2In8_2,0.011453,1.3285916e-05,-0.19650058,0.1606139,0.0015621055,0.19999996,0.0018555787
POSCAR_Cr2In8_2_st950,Cr2In8_2,0.01035,1.3285916e-05,-0.21194021,0.1606139,0.0018193909,0.19999996,0.0006368956
POSCAR_Cr2In8_2_st975,Cr2In8_2,0.012265,1.3285916e-05,-0.21051687,0.1606139,0.0018410906,0.19999996,0.0006506761
POSCAR_Cr2In8_2_x025,Cr2In8_2,0.009672,1.33479725e-05,-0.20673583,0.1606139,0.0013612985,0.19999996,0.0008742796
POSCAR_Cr2In8_2_x050,Cr2In8_2,0.010291,1.3410884e-05,-0.20606072,0.1606139,0.001176557,0.19999996,0.0010337563
POSCAR_Cr2In8_2_x950,Cr2In8_2,0.010797,1.3165023e-05,-0.20928682,0.1606139,0.0018372701,0.19999996,0.00074098684
POSCAR_Cr2In8_2_x975,Cr2In8_2,0.011759,1.3224876e-05,-0.2087241,0.1606139,0.0018365044,0.19999996,0.00084213493
POSCAR_Cr2In8_2_y025,Cr2In8_2,0.011531,1.3139021e-05,-0.20556343,0.1606139,0.0017646804,0.19999996,0.0011112945
POSCAR_Cr2In8_2_y950,Cr2In8_2,0.0115,1.3582201e-05,-0.21098292,0.1606139,0.001764335,0.19999996,0.00048922683
POSCAR_Cr2In8_2_y975,Cr2In8_2,0.009909,1.3433692e-05,-0.21016651,0.1606139,0.0017434475,0.19999996,0.0006264981
POSCAR_Cr2In8_2_z025,Cr2In8_2,0.013678,1.3372596e-05,-0.2091179,0.1606139,0.0017850494,0.19999996,0.0008979978
POSCAR_Cr2In8_2_z050,Cr2In8_2,0.012439,1.3460946e-05,-0.20865458,0.1606139,0.0017309724,0.19999996,0.0008887262
POSCAR_Cr2In8_2_z950,Cr2In8_2,0.012149,1.3118318e-05,-0.2091897,0.1606139,0.0016037815,0.19999996,0.0009877038
POSCAR_Cr2In8_2_z975,Cr2In8_2,0.011524,1.3201092e-05,-0.20946693,0.1606139,0.001534264,0.19999996,0.00073409395
POSCAR_Cr2N2_7,Cr2N2_7,0.693497,0.645196,0.07417745,0.33333334,0.039825987,0.5999999,0.022558367
POSCAR_Cr2N2_7_st025,Cr2N2_7,0.577491,0.645196,0.075908154,0.33333334,0.041955233,0.5999999,0.023552282
POSCAR_Cr2N2_7_st050,Cr2N2_7,0.590475,0.645196,0.0762434,0.33333334,0.04383019,0.5999999,0.02400812
POSCAR_Cr2N2_7_st950,Cr2N2_7,0.834141,0.645196,0.074055925,0.33333334,0.039205004,0.5999999,0.022091452
POSCAR_Cr2N2_7_st975,Cr2N2_7,0.79372,0.645196,0.07371419,0.33333334,0.03968553,0.5999999,0.022212733
POSCAR_Cr2N2_7_x025,Cr2N2_7,0.756821,0.65094876,0.076730706,0.33333334,0.042198814,0.5999999,0.023890473
POSCAR_Cr2N2_7_x050,Cr2N2_7,0.794084,0.6567545,0.07579483,0.33333334,0.04252313,0.5999999,0.02385962
POSCAR_Cr2N2_7_x950,Cr2N2_7,0.750685,0.6338863,0.07001069,0.33333334,0.0410443,0.5999999,0.023317348
POSCAR_Cr2N2_7_x975,Cr2N2_7,0.745881,0.6395054,0.07512756,0.33333334,0.04160192,0.5999999,0.023609132
POSCAR_Cr2N2_7_y025,Cr2N2_7,0.75627,0.6509482,0.07675986,0.33333334,0.042128038,0.5999999,0.023893071
POSCAR_Cr2N2_7_y050,Cr2N2_7,0.793872,0.6567535,0.07578234,0.33333334,0.04251916,0.5999999,0.023857845
POSCAR_Cr2N2_7_y950,Cr2N2_7,0.750712,0.63388747,0.07001754,0.33333334,0.04104341,0.5999999,0.02333429
POSCAR_Cr2N2_7_y975,Cr2N2_7,0.746285,0.6395059,0.075126514,0.33333334,0.041657254,0.5999999,0.023607763
POSCAR_Cr2N2_7_z025,Cr2N2_7,0.53944,0.63381153,0.06963056,0.33333334,0.04022562,0.5999999,0.023339147
POSCAR_Cr2N2_7_z050,Cr2N2_7,0.509981,0.6225553,0.06567155,0.33333334,0.03961431,0.5999999,0.023483854
POSCAR_Cr2N2_7_z950,Cr2N2_7,0.869943,0.6683153,0.07519138,0.33333334,0.042400245,0.5999999,0.020599633
POSCAR_Cr2N2_7_z975,Cr2N2_7,0.812995,0.6567004,0.07481637,0.33333334,0.040086217,0.5999999,0.022092052
POSCAR_Cr2O2_2,Cr2O2_2,1.196253,1.0695853,0.079411976,0.49998158,0.035925817,0.79999983,0.017596778
POSCAR_Cr2O2_2_st025,Cr2O2_2,1.02415,1.0695853,0.077381626,0.49998158,0.034889426,0.79999983,0.017076146
POSCAR_Cr2O2_2_st050,Cr2O2_2,0.866297,1.0695853,0.07532547,0.49998158,0.03386879,0.79999983,0.016524166
POSCAR_Cr2O2_2_st950,Cr2O2_2,1.604422,1.0695853,0.0820102,0.49998158,0.03710513,0.79999983,0.019196082
POSCAR_Cr2O2_2_st975,Cr2O2_2,1.387752,1.0695853,0.07999634,0.49998158,0.035883278,0.79999983,0.017943349
POSCAR_Cr2O2_2_z025,Cr2O2_2,1.117426,1.0470464,0.079433426,0.49998155,0.036518745,0.79999983,0.01710829
POSCAR_Cr2O2_2_z050,Cr2O2_2,1.041263,1.0249155,0.075754255,0.49998152,0.034535512,0.79999983,0.017219279
POSCAR_Cr2O2_2_z950,Cr2O2_2,1.367022,1.115846,0.081146,0.4999816,0.03639834,0.79999983,0.020088516
POSCAR_Cr2O2_2_z975,Cr2O2_2,1.279056,1.0925225,0.080353685,0.49998158,0.03598888,0.79999983,0.018147195
POSCAR_Cr2O4_2,Cr2O4_2,0.708092,0.75204283,0.07527988,0.16019088,0.0067702597,0.79999983,0.015213368
POSCAR_Cr2O4_2_st025,Cr2O4_2,0.681212,0.75204283,0.07371725,0.16019088,0.005879445,0.79999983,0.015177486
POSCAR_Cr2O4_2_st050,Cr2O4_2,0.603868,0.75204283,0.0715946,0.16019088,0.0046383683,0.79999983,0.01550768
POSCAR_Cr2O4_2_st950,Cr2O4_2,0.756771,0.75204283,0.07734193,0.16019088,0.0063010957,0.79999983,0.016891196
POSCAR_Cr2O4_2_st975,Cr2O4_2,0.689517,0.75204283,0.075906955,0.16019088,0.005749757,0.79999983,0.015340327
POSCAR_Cr2O4_2_x025,Cr2O4_2,0.745481,0.75716895,0.07596483,0.16019088,0.007586375,0.79999983,0.016533047
POSCAR_Cr2O4_2_x050,Cr2O4_2,0.670347,0.76228774,0.074819855,0.16019088,0.0077511463,0.79999983,0.017140426
POSCAR_Cr2O4_2_x950,Cr2O4_2,0.743934,0.7417835,0.07131678,0.16019088,0.0037267758,0.79999983,0.014314321
POSCAR_Cr2O4_2_x975,Cr2O4_2,0.68139,0.7469131,0.07434501,0.16019088,0.005745743,0.79999983,0.014372128
POSCAR_Cr2O4_2_y025,Cr2O4_2,0.724233,0.7423941,0.07380438,0.16019088,0.006743007,0.79999983,0.014771174
POSCAR_Cr2O4_2_y050,Cr2O4_2,0.697255,0.73282135,0.0711174,0.16019088,0.0056274077,0.79999983,0.01433861
POSCAR_Cr2O4_2_y950,Cr2O4_2,0.641504,0.7434661,0.07629301,0.16019088,0.0069648186,0.79999983,0.016440585
POSCAR_Cr2O4_2_y975,Cr2O4_2,0.673865,0.7480314,0.075360924,0.16019088,0.0068805423,0.79999983,0.01599304
POSCAR_Cr2O4_2_z025,Cr2O4_2,0.724086,0.7429554,0.0741088,0.16019088,0.0071747657,0.79999983,0.014467975
POSCAR_Cr2O4_2_z050,Cr2O4_2,0.698544,0.7333925,0.07137282,0.16019088,0.0060041607,0.79999983,0.014068759
POSCAR_Cr2O4_2_z950,Cr2O4_2,0.640991,0.74292374,0.076284185,0.16019088,0.00691412,0.79999983,0.016437901
POSCAR_Cr2O4_2_z975,Cr2O4_2,0.673633,0.7474844,0.07569936,0.16019088,0.006874133,0.79999983,0.016066954
POSCAR_Cr2P18_1,Cr2P18_1,0.010693,0.00038084658,-0.16886258,0.083809376,-0.031261917,0.5999999,0.0065126712
POSCAR_Cr2P18_1_x025,Cr2P18_1,0.009612,0.00037775168,-0.16806057,0.083809376,-0.031129353,0.5999999,0.0065128957
POSCAR_Cr2P18_1_x050,Cr2P18_1,0.009259,0.00037474526,-0.16819808,0.083809376,-0.031110585,0.5999999,0.0064941924
POSCAR_Cr2P18_1_x950,Cr2P18_1,0.009284,0.00038730956,-0.17275326,0.083809376,-0.03198819,0.5999999,0.006719431
POSCAR_Cr2P18_1_x975,Cr2P18_1,0.009234,0.00038403194,-0.17082508,0.083809376,-0.031670954,0.5999999,0.006562093
POSCAR_Cr2P18_1_y025,Cr2P18_1,0.008596,0.00037988526,-0.16961333,0.083809376,-0.03121282,0.5999999,0.006549511
POSCAR_Cr2P18_1_y050,Cr2P18_1,0.009382,0.0003789836,-0.17234105,0.083809376,-0.031481136,0.5999999,0.0066586463
POSCAR_Cr2P18_1_y950,Cr2P18_1,0.009256,0.00038295932,-0.17124149,0.083809376,-0.031676166,0.5999999,0.006587817
POSCAR_Cr2P18_1_z025,Cr2P18_1,0.009201,0.00038496449,-0.17124717,0.083809376,-0.03163512,0.5999999,0.0065788627
POSCAR_Cr2P18_1_z050,Cr2P18_1,0.010014,0.0003890538,-0.1753335,0.083809376,-0.031815134,0.5999999,0.006637586
POSCAR_Cr2P18_1_z950,Cr2P18_1,0.00882,0.0003725292,-0.16932246,0.083809376,-0.031311724,0.5999999,0.006501908
POSCAR_Cr2P4_2,Cr2P4_2,0.305865,0.3711294,0.034678847,0.20319068,0.011844715,0.5999999,0.011869265
POSCAR_Cr2P4_2_st025,Cr2P4_2,0.292004,0.3711294,0.03413227,0.20319068,0.011508034,0.5999999,0.011271451
POSCAR_Cr2P4_2_st050,Cr2P4_2,0.286401,0.3711294,0.034229,0.20319068,0.011750651,0.5999999,0.010981291
POSCAR_Cr2P4_2_st950,Cr2P4_2,0.47218,0.3711294,0.03575718,0.20319068,0.012124324,0.5999999,0.012851285
POSCAR_Cr2P4_2_st975,Cr2P4_2,0.381183,0.3711294,0.034935538,0.20319068,0.011769018,0.5999999,0.012438821
POSCAR_Cr2P4_2_x025,Cr2P4_2,0.288408,0.3672142,0.035198715,0.20319068,0.011560757,0.5999999,0.011684006
POSCAR_Cr2P4_2_x050,Cr2P4_2,0.309122,0.36329728,0.03542596,0.20319068,0.011520964,0.5999999,0.011668351
POSCAR_Cr2P4_2_x950,Cr2P4_2,0.374571,0.37894106,0.034348354,0.20319068,0.011778958,0.5999999,0.012126925
POSCAR_Cr2P4_2_x975,Cr2P4_2,0.34604,0.37503955,0.034093138,0.20319068,0.012091786,0.5999999,0.01215329
POSCAR_Cr2P4_2_y025,Cr2P4_2,0.332749,0.36971316,0.035142463,0.20319068,0.01144769,0.5999999,0.011576328
POSCAR_Cr2P4_2_y050,Cr2P4_2,0.354754,0.36834735,0.0349416,0.20319068,0.011299491,0.5999999,0.011480203
POSCAR_Cr2P4_2_y950,Cr2P4_2,0.359357,0.37411624,0.03998221,0.20319068,0.010927318,0.5999999,0.012284121
POSCAR_Cr2P4_2_y975,Cr2P4_2,0.321514,0.3725969,0.03891478,0.20319068,0.011683295,0.5999999,0.012074503
POSCAR_Cr2P4_2_z025,Cr2P4_2,0.304193,0.37648833,0.03912849,0.20319068,0.011333983,0.5999999,0.011801803
POSCAR_Cr2P4_2_z050,Cr2P4_2,0.324849,0.38185203,0.03894993,0.20319068,0.010711484,0.5999999,0.011748496
POSCAR_Cr2P8_1,Cr2P8_1,1.258036,0.43818507,0.054642025,0.12986957,0.002401898,0.5999999,0.017551556
POSCAR_Cr2P8_1_st025,Cr2P8_1,1.137021,0.43818507,0.05443282,0.12986957,0.0016938444,0.5999999,0.01794723
POSCAR_Cr2P8_1_st050,Cr2P8_1,1.013441,0.43818507,0.054064825,0.12986957,0.001293696,0.5999999,0.018075302
POSCAR_Cr2P8_1_st950,Cr2P8_1,1.165241,0.43818507,0.055679604,0.12986957,0.0031120824,0.5999999,0.017352203
POSCAR_Cr2P8_1_st975,Cr2P8_1,1.180024,0.43818507,0.05478116,0.12986957,0.0026523173,0.5999999,0.017342925
POSCAR_Cr2P8_1_x025,Cr2P8_1,1.227193,0.43471622,0.05419861,0.12986957,0.0007147111,0.5999999,0.017940426
POSCAR_Cr2P8_1_x050,Cr2P8_1,1.183394,0.4312635,0.05397067,0.12986957,-0.0002630574,0.5999999,0.017713452
POSCAR_Cr2P8_1_x950,Cr2P8_1,1.274724,0.44515684,0.058333382,0.12986957,0.0038885956,0.5999999,0.018443184
POSCAR_Cr2P8_1_x975,Cr2P8_1,1.275212,0.44166654,0.055177104,0.12986957,0.0020433457,0.5999999,0.017996203
POSCAR_Cr2P8_1_y025,Cr2P8_1,1.199041,0.44232735,0.055335477,0.12986957,0.0016657811,0.5999999,0.018116325
POSCAR_Cr2P8_1_y050,Cr2P8_1,1.128046,0.44644046,0.058835007,0.12986957,0.0023952506,0.5999999,0.018279966
POSCAR_Cr2P8_1_y950,Cr2P8_1,1.172941,0.4298264,0.054753713,0.12986957,0.002407425,0.5999999,0.018218623
POSCAR_Cr2P8_1_y975,Cr2P8_1,1.304026,0.4340169,0.0550201,0.12986957,0.0021925995,0.5999999,0.018241147
POSCAR_Cr2P8_1_z025,Cr2P8_1,1.218012,0.43751305,0.05441565,0.12986957,0.0027690015,0.5999999,0.01800091
POSCAR_Cr2P8_1_z050,Cr2P8_1,1.177292,0.43685743,0.05494323,0.12986957,0.003864295,0.5999999,0.018526694
POSCAR_Cr2P8_1_z950,Cr2P8_1,1.294144,0.43957546,0.05328943,0.12986957,0.0003244105,0.5999999,0.016380195
POSCAR_Cr2P8_1_z975,Cr2P8_1,1.285479,0.4388728,0.053477947,0.12986957,0.0008528551,0.5999999,0.01657787
POSCAR_Cr2P8_2,Cr2P8_2,0.37644,0.27233407,0.030894166,0.12522192,0.020273061,0.5999999,0.015481029
POSCAR_Cr2P8_2_st025,Cr2P8_2,0.32007,0.27233407,0.030544318,0.12522192,0.019524565,0.5999999,0.015418174
POSCAR_Cr2P8_2_st050,Cr2P8_2,0.314122,0.27233407,0.030415041,0.12522192,0.018862192,0.5999999,0.015393688
POSCAR_Cr2P8_2_st950,Cr2P8_2,0.462207,0.27233407,0.030771812,0.12522192,0.01964181,0.5999999,0.015521372
POSCAR_Cr2P8_2_st975,Cr2P8_2,0.430155,0.27233407,0.030707715,0.12522192,0.019762643,0.5999999,0.01535181
POSCAR_Cr2P8_2_x025,Cr2P8_2,0.3588,0.27707106,0.030750593,0.12522192,0.019840041,0.5999999,0.015459909
POSCAR_Cr2P8_2_x050,Cr2P8_2,0.333003,0.2817626,0.031995602,0.12522192,0.019275703,0.5999999,0.015497441
POSCAR_Cr2P8_2_x950,Cr2P8_2,0.369035,0.26273453,0.030024389,0.12522192,0.01961719,0.5999999,0.014967106
POSCAR_Cr2P8_2_x975,Cr2P8_2,0.381908,0.26755425,0.030604945,0.12522192,0.01995923,0.5999999,0.015285969
POSCAR_Cr2P8_2_y025,Cr2P8_2,0.342493,0.26793402,0.03022409,0.12522192,0.019512132,0.5999999,0.015495656
POSCAR_Cr2P8_2_y050,Cr2P8_2,0.341045,0.26358622,0.027932717,0.12522192,0.018441033,0.5999999,0.014964234
POSCAR_Cr2P8_2_y950,Cr2P8_2,0.414385,0.28127986,0.031083051,0.12522192,0.019467391,0.5999999,0.01530287
POSCAR_Cr2P8_2_y975,Cr2P8_2,0.383121,0.27678367,0.030911852,0.12522192,0.019739332,0.5999999,0.015248658
POSCAR_Cr2P8_2_z025,Cr2P8_2,0.346543,0.27202857,0.030929651,0.12522192,0.019638779,0.5999999,0.015286331
POSCAR_Cr2P8_2_z050,Cr2P8_2,0.345603,0.27177775,0.030977247,0.12522192,0.01931751,0.5999999,0.015121682
POSCAR_Cr2P8_2_z950,Cr2P8_2,0.364473,0.27311775,0.02586827,0.12522192,0.017993392,0.5999999,0.01431736
POSCAR_Cr2P8_2_z975,Cr2P8_2,0.380539,0.2726964,0.028508753,0.12522192,0.019500924,0.5999999,0.0152507145
POSCAR_Cr2Pb13_1,Cr2Pb13_1,0.019629,0.005351168,-0.1795965,0.13854979,0.0021450147,0.39999992,0.007157227
POSCAR_Cr2Pb13_1_st025,Cr2Pb13_1,0.017472,0.005351168,-0.17927119,0.13854979,0.0021558015,0.39999992,0.0071787955
POSCAR_Cr2Pb13_1_st050,Cr2Pb13_1,0.014424,0.005351168,-0.1793563,0.13854979,0.0021867312,0.39999992,0.0071662525
POSCAR_Cr2Pb13_1_st950,Cr2Pb13_1,0.018682,0.005351168,-0.18051504,0.13854979,0.0021527023,0.39999992,0.007165909
POSCAR_Cr2Pb13_1_x025,Cr2Pb13_1,0.019133,0.005307381,-0.17941533,0.13854979,0.002203604,0.39999992,0.007092681
POSCAR_Cr2Pb13_1_x050,Cr2Pb13_1,0.018963,0.0052646403,-0.17933005,0.13854979,0.0021662174,0.39999992,0.007036401
POSCAR_Cr2Pb13_1_x975,Cr2Pb13_1,0.019137,0.0053960155,-0.1795128,0.13854979,0.002143809,0.39999992,0.007141952
POSCAR_Cr2Pb13_1_y025,Cr2Pb13_1,0.01845,0.0054164166,-0.17929065,0.13854979,0.002160851,0.39999992,0.00716284
POSCAR_Cr2Pb13_1_y050,Cr2Pb13_1,0.021467,0.005028215,-0.15443291,0.10563513,-0.029451152,0.39999992,0.006336319
POSCAR_Cr2Pb13_1_y950,Cr2Pb13_1,0.019999,0.005220397,-0.17928357,0.13854979,0.0021238974,0.39999992,0.0071218167
POSCAR_Cr2Pb13_1_y975,Cr2Pb13_1,0.020962,0.005285812,-0.17951113,0.13854979,0.0021280032,0.39999992,0.007145652
POSCAR_Cr2Pb13_1_z025,Cr2Pb13_1,0.018798,0.0053305244,-0.17921509,0.13854979,0.002137618,0.39999992,0.007153926
POSCAR_Cr2Pb13_1_z050,Cr2Pb13_1,0.015753,0.005310578,-0.17893645,0.13854979,0.0021698517,0.39999992,0.007117432
POSCAR_Cr2Pb13_1_z950,Cr2Pb13_1,0.022564,0.005394571,-0.17946279,0.13854979,0.0021239754,0.39999992,0.0070205564
POSCAR_Cr2Pb13_1_z975,Cr2Pb13_1,0.01935,0.005372516,-0.17973602,0.13854979,0.0021893287,0.39999992,0.0071098264
POSCAR_Cr2Pb8_2,Cr2Pb8_2,0.013435,0.0015237717,-0.17269096,0.16523993,0.0008870972,0.39999992,0.006706626
POSCAR_Cr2Pb8_2_st025,Cr2Pb8_2,0.011684,0.0015237717,-0.17247199,0.16523993,0.00090085797,0.39999992,0.0066080363
POSCAR_Cr2Pb8_2_st950,Cr2Pb8_2,0.016218,0.0015237717,-0.17308381,0.16523993,0.00082295854,0.39999992,0.006767943
POSCAR_Cr2Pb8_2_st975,Cr2Pb8_2,0.015046,0.0015237717,-0.17266023,0.16523993,0.00084721093,0.39999992,0.006651995
POSCAR_Cr2Pb8_2_x025,Cr2Pb8_2,0.012092,0.0015031685,-0.17224842,0.16523993,0.00089117594,0.39999992,0.006720627
POSCAR_Cr2Pb8_2_x050,Cr2Pb8_2,0.010814,0.0014827144,-0.17283249,0.16523993,0.00090059935,0.39999992,0.0066973614
POSCAR_Cr2Pb8_2_x950,Cr2Pb8_2,0.014205,0.0015653559,-0.17428496,0.16523993,0.0007055929,0.39999992,0.006613886
POSCAR_Cr2Pb8_2_x975,Cr2Pb8_2,0.014307,0.001544507,-0.17322858,0.16523993,0.00090925005,0.39999992,0.0066724117
POSCAR_Cr2Pb8_2_y025,Cr2Pb8_2,0.012365,0.0015398584,-0.1725123,0.16523993,0.00084935577,0.39999992,0.0067151748
POSCAR_Cr2Pb8_2_y050,Cr2Pb8_2,0.011306,0.0015558365,-0.17279455,0.16523993,0.00077742286,0.39999992,0.0067875683
POSCAR_Cr2Pb8_2_y950,Cr2Pb8_2,0.0151,0.0014913194,-0.17365554,0.16523993,0.00078918895,0.39999992,0.006857502
POSCAR_Cr2Pb8_2_y975,Cr2Pb8_2,0.014526,0.0015075878,-0.17243102,0.16523993,0.0008822517,0.39999992,0.006713309
POSCAR_Cr2Pb8_2_z025,Cr2Pb8_2,0.013568,0.0015282966,-0.17252018,0.16523993,0.00082891254,0.39999992,0.006714619
POSCAR_Cr2Pb8_2_z050,Cr2Pb8_2,0.011942,0.0015327993,-0.17273334,0.16523993,0.0007721703,0.39999992,0.0067646108
POSCAR_Cr2Pb8_2_z950,Cr2Pb8_2,0.014027,0.0015146687,-0.17356943,0.16523993,0.00077059254,0.39999992,0.006824173
POSCAR_Cr2Pb8_2_z975,Cr2Pb8_2,0.012793,0.0015192279,-0.17237933,0.16523993,0.00090231147,0.39999992,0.0067185834
POSCAR_Cr2S2_1,Cr2S2_1,0.766667,0.6989359,0.07701715,0.33333334,0.036169667,0.79999983,0.018942995
POSCAR_Cr2S2_1_st025,Cr2S2_1,0.71983,0.6989359,0.07686063,0.33333334,0.036130957,0.79999983,0.019439552
POSCAR_Cr2S2_1_st050,Cr2S2_1,0.677717,0.6989359,0.076033294,0.33333334,0.03594418,0.79999983,0.019139996
POSCAR_Cr2S2_1_st950,Cr2S2_1,0.902833,0.6989359,0.07809821,0.33333334,0.035935737,0.79999983,0.018898409
POSCAR_Cr2S2_1_st975,Cr2S2_1,0.82782,0.6989359,0.07753002,0.33333334,0.035788883,0.79999983,0.01904798
POSCAR_Cr2S2_1_x025,Cr2S2_1,0.719078,0.706601,0.07788721,0.33333334,0.03501141,0.79999983,0.019061182
POSCAR_Cr2S2_1_x050,Cr2S2_1,0.676615,0.7142857,0.078988604,0.33333334,0.03478061,0.79999983,0.01913421
POSCAR_Cr2S2_1_x950,Cr2S2_1,0.879047,0.6837063,0.07853998,0.33333334,0.03743372,0.79999983,0.01934573
POSCAR_Cr2S2_1_x975,Cr2S2_1,0.822587,0.69130063,0.07793367,0.33333334,0.03695262,0.79999983,0.0192539
POSCAR_Cr2S2_1_y025,Cr2S2_1,0.792498,0.7026528,0.07863791,0.33333334,0.037056066,0.79999983,0.01947638
POSCAR_Cr2S2_1_y050,Cr2S2_1,0.81904,0.7064468,0.07893692,0.33333334,0.036924787,0.79999983,0.019607618
POSCAR_Cr2S2_1_y950,Cr2S2_1,0.725002,0.6917605,0.0749418,0.33333334,0.03394612,0.79999983,0.019175572
POSCAR_Cr2S2_1_y975,Cr2S2_1,0.74726,0.69530284,0.07718743,0.33333334,0.034557845,0.79999983,0.018634183
POSCAR_Cr2S2_1_z025,Cr2S2_1,0.746748,0.6876524,0.07631845,0.33333334,0.03582935,0.79999983,0.01915895
POSCAR_Cr2S2_1_z050,Cr2S2_1,0.726215,0.67646414,0.07595562,0.33333334,0.0351645,0.79999983,0.018750735
POSCAR_Cr2S2_1_z950,Cr2S2_1,0.819967,0.7217512,0.08155694,0.33333334,0.0362613,0.79999983,0.019611357
POSCAR_Cr2S2_1_z975,Cr2S2_1,0.793052,0.7103055,0.07934252,0.33333334,0.036334805,0.79999983,0.01935866
POSCAR_Cr2S2_2,Cr2S2_2,0.586071,0.07215422,-0.02402696,0.33333334,0.025912188,0.79999983,0.012384961
POSCAR_Cr2S2_2_st025,Cr2S2_2,0.552744,0.07215422,-0.02565213,0.33333334,0.025493214,0.79999983,0.012334517
POSCAR_Cr2S2_2_st050,Cr2S2_2,0.524222,0.91786927,0.07309921,0.55613416,0.042136855,0.79999983,0.017897477
POSCAR_Cr2S2_2_st950,Cr2S2_2,0.81405,0.07215422,-0.024617346,0.33333334,0.028180383,0.79999983,0.013345891
POSCAR_Cr2S2_2_st975,Cr2S2_2,0.661331,0.07215422,-0.022865206,0.33333334,0.027475301,0.79999983,0.012936864
POSCAR_Cr2S2_2_z025,Cr2S2_2,0.569787,0.07102216,-0.051594216,0.33333334,0.022864174,0.79999983,0.0119023435
POSCAR_Cr2S2_2_z050,Cr2S2_2,0.55592,0.06989746,-0.053244434,0.33333334,0.022326004,0.79999983,0.011661153
POSCAR_Cr2S2_2_z950,Cr2S2_2,0.681751,0.074436285,0.042299177,0.33333334,0.035260376,0.79999983,0.01626058
POSCAR_Cr2S2_2_z975,Cr2S2_2,0.615927,0.07329262,0.04055054,0.33333334,0.034173574,0.79999983,0.015161525
POSCAR_Cr2S2_3,Cr2S2_3,0.020292,0.0073303515,-0.16635294,0.16666667,0.0055317795,0.79999983,0.0073251477
POSCAR_Cr2S2_3_st025,Cr2S2_3,0.019444,0.0073303515,-0.16596998,0.16666667,0.005495158,0.79999983,0.007355038
POSCAR_Cr2S2_3_st050,Cr2S2_3,0.018436,0.0073303515,-0.16568053,0.16666667,0.00536782,0.79999983,0.007325131
POSCAR_Cr2S2_3_st950,Cr2S2_3,0.023146,0.0073303515,-0.16774869,0.16666667,0.0054102917,0.79999983,0.0072697774
POSCAR_Cr2S2_3_st975,Cr2S2_3,0.021336,0.0073303515,-0.16667017,0.16666667,0.005535674,0.79999983,0.0073429216
POSCAR_Cr2S2_3_x025,Cr2S2_3,0.021069,0.0073864874,-0.16428831,0.16666667,0.0058319257,0.79999983,0.0072207223
POSCAR_Cr2S2_3_x050,Cr2S2_3,0.021758,0.0074407803,-0.16347553,0.16666667,0.005814015,0.79999983,0.007192879
POSCAR_Cr2S2_3_x950,Cr2S2_3,0.018661,0.007212307,-0.1670661,0.16666667,0.005850475,0.79999983,0.0073292633
POSCAR_Cr2S2_3_x975,Cr2S2_3,0.019457,0.0072723115,-0.16695027,0.16666667,0.005833771,0.79999983,0.0072509316
POSCAR_Cr2S2_3_y025,Cr2S2_3,0.019378,0.007266773,-0.16639683,0.16666667,0.005635614,0.79999983,0.0074631316
POSCAR_Cr2S2_3_y050,Cr2S2_3,0.018317,0.0072044125,-0.16622014,0.16666667,0.005679734,0.79999983,0.0073767276
POSCAR_Cr2S2_3_y950,Cr2S2_3,0.02336,0.0074610617,-0.16687405,0.16666667,0.005540538,0.79999983,0.0073897685
POSCAR_Cr2S2_3_y975,Cr2S2_3,0.020997,0.007395124,-0.16689909,0.16666667,0.005563816,0.79999983,0.0073759183
POSCAR_Cr2S2_3_z025,Cr2S2_3,0.019308,0.007337618,-0.16709265,0.16666667,0.0057855193,0.79999983,0.0072395266
POSCAR_Cr2S2_3_z050,Cr2S2_3,0.01779,0.007345181,-0.16636272,0.16666667,0.005780218,0.79999983,0.007295154
POSCAR_Cr2S2_3_z950,Cr2S2_3,0.022393,0.007316908,-0.16535978,0.16666667,0.0062188487,0.79999983,0.0072677336
POSCAR_Cr2S2_3_z975,Cr2S2_3,0.020954,0.007323431,-0.16545089,0.16666667,0.005919491,0.79999983,0.007137024
POSCAR_Cr2S2_5,Cr2S2_5,0.579189,0.07295522,0.012186273,0.33333334,0.032116115,0.79999983,0.015108352
POSCAR_Cr2S2_5_st025,Cr2S2_5,0.534906,0.07295522,0.011336511,0.33333334,0.032000773,0.79999983,0.015114413
POSCAR_Cr2S2_5_st050,Cr2S2_5,0.500436,0.91781986,0.0720116,0.99897546,0.043574136,0.79999983,0.018832492
POSCAR_Cr2S2_5_st950,Cr2S2_5,0.850929,0.07295522,0.014731349,0.33333334,0.034431137,0.79999983,0.015920535
POSCAR_Cr2S2_5_st975,Cr2S2_5,0.702008,0.07295522,0.013887341,0.33333334,0.033311456,0.79999983,0.015610538
POSCAR_Cr2S2_5_z025,Cr2S2_5,0.53061,0.071787976,-0.032967925,0.33333334,0.025569664,0.79999983,0.013504048
POSCAR_Cr2Sb2_1,Cr2Sb2_1,1.193991,0.73911697,0.09490695,0.33333334,0.044528797,0.5999999,0.022963008
POSCAR_Cr2Sb2_1_st025,Cr2Sb2_1,0.977622,0.73911697,0.09342386,0.33333334,0.04474133,0.5999999,0.022511464
POSCAR_Cr2Sb2_1_st050,Cr2Sb2_1,0.791015,0.73911697,0.09092691,0.33333334,0.044157647,0.5999999,0.02147797
POSCAR_Cr2Sb2_1_st950,Cr2Sb2_1,1.386081,0.73911697,0.09556668,0.33333334,0.044471875,0.5999999,0.023191562
POSCAR_Cr2Sb2_1_st975,Cr2Sb2_1,1.372512,0.73911697,0.09542241,0.33333334,0.044514503,0.5999999,0.02297358
POSCAR_Cr2Sb2_1_x050,Cr2Sb2_1,1.172253,0.7488794,0.09010421,0.33333334,0.041855477,0.5999999,0.022535942
POSCAR_Cr2Sb2_1_y050,Cr2Sb2_1,1.172031,0.7488806,0.09006767,0.33333334,0.041821577,0.5999999,0.022483934
POSCAR_Cr2Sb2_1_z025,Cr2Sb2_1,1.019118,0.7294825,0.0934418,0.33333334,0.044945553,0.5999999,0.023440469
POSCAR_Cr2Sb2_1_z050,Cr2Sb2_1,0.924203,0.7198673,0.09238903,0.33333334,0.044938255,0.5999999,0.024110487
POSCAR_Cr2Sb2_1_z950,Cr2Sb2_1,1.513067,0.75840795,0.09511893,0.33333334,0.04387897,0.5999999,0.022404687
POSCAR_Cr2Sb2_1_z975,Cr2Sb2_1,1.362404,0.74876183,0.095445074,0.33333334,0.044347122,0.5999999,0.02260948
POSCAR_Cr2Sb2_2,Cr2Sb2_2,0.010588,7.806492e-06,-0.22875407,0.5,0.017825263,0.5999999,0.008991687
POSCAR_Cr2Sb2_2_st950,Cr2Sb2_2,0.011874,7.806492e-06,-0.23501801,0.5,0.018405085,0.5999999,0.00886859
POSCAR_Cr2Sb2_2_st975,Cr2Sb2_2,0.013635,7.806492e-06,-0.23341192,0.5,0.018192148,0.5999999,0.008905119
POSCAR_Cr2Sb2_2_x025,Cr2Sb2_2,0.010785,7.998113e-06,-0.22907118,0.5,0.017870074,0.5999999,0.009156434
POSCAR_Cr2Sb2_2_x050,Cr2Sb2_2,0.011607,8.186836e-06,-0.22993849,0.5,0.017514475,0.5999999,0.009416991
POSCAR_Cr2Sb2_2_x950,Cr2Sb2_2,0.01248,7.4149893e-06,-0.23239416,0.5,0.017326105,0.5999999,0.009204122
POSCAR_Cr2Sb2_2_x975,Cr2Sb2_2,0.011071,7.6120764e-06,-0.23158832,0.5,0.017659672,0.5999999,0.008805787
POSCAR_Cr2Sb2_2_y025,Cr2Sb2_2,0.009855,7.803241e-06,-0.2267685,0.5,0.017714303,0.5999999,0.008832222
POSCAR_Cr2Sb2_2_y050,Cr2Sb2_2,0.009451,7.798782e-06,-0.22497757,0.5,0.017033348,0.5999999,0.008791862
POSCAR_Cr2Sb2_2_y950,Cr2Sb2_2,0.01449,7.809116e-06,-0.23354049,0.5,0.017932463,0.5999999,0.009420552
POSCAR_Cr2Sb2_2_y975,Cr2Sb2_2,0.01323,7.808471e-06,-0.23313749,0.5,0.018139966,0.5999999,0.008996885
POSCAR_Cr2Sb2_2_z025,Cr2Sb2_2,0.010561,7.616915e-06,-0.22893298,0.5,0.01753586,0.5999999,0.00908386
POSCAR_Cr2Sb2_2_z050,Cr2Sb2_2,0.008929,7.429212e-06,-0.22969852,0.5,0.017471643,0.5999999,0.009220223
POSCAR_Cr2Sb2_2_z950,Cr2Sb2_2,0.015638,8.18998e-06,-0.23124796,0.5,0.017982379,0.5999999,0.009252533
POSCAR_Cr2Sb2_2_z975,Cr2Sb2_2,0.01126,7.997628e-06,-0.22955246,0.5,0.017917736,0.5999999,0.0091555
POSCAR_Cr2Sb3_3,Cr2Sb3_3,0.789409,0.5858487,0.06877246,0.30230096,0.052215215,0.5999999,0.018395783
POSCAR_Cr2Sb3_3_st025,Cr2Sb3_3,0.701053,0.5858487,0.068440564,0.30230096,0.052102078,0.5999999,0.018203905
POSCAR_Cr2Sb3_3_st050,Cr2Sb3_3,0.671775,0.5858487,0.068079025,0.30230096,0.052036222,0.5999999,0.018159114
POSCAR_Cr2Sb3_3_st950,Cr2Sb3_3,0.866976,0.5858487,0.06790174,0.30230096,0.05074273,0.5999999,0.018577326
POSCAR_Cr2Sb3_3_st975,Cr2Sb3_3,0.845775,0.5858487,0.06908681,0.30230096,0.052285437,0.5999999,0.018600667
POSCAR_Cr2Sb3_3_x975,Cr2Sb3_3,0.792306,0.5946692,0.069305584,0.30230096,0.05236146,0.5999999,0.018887965
POSCAR_Cr2Sb3_3_z025,Cr2Sb3_3,0.767798,0.6033892,0.06986115,0.30230096,0.05246038,0.5999999,0.018241314
POSCAR_Cr2Sb3_3_z975,Cr2Sb3_3,0.782965,0.5683975,0.068413846,0.30230096,0.05203445,0.5999999,0.018616755
POSCAR_Cr2Sb4_1,Cr2Sb4_1,0.412857,0.4997932,0.05695069,0.19220278,0.019430472,0.5999999,0.013046185
POSCAR_Cr2Sb4_1_st025,Cr2Sb4_1,0.388459,0.4997932,0.056048173,0.19220278,0.01887937,0.5999999,0.012757343
POSCAR_Cr2Sb4_1_st050,Cr2Sb4_1,0.357756,0.4997932,0.054637663,0.19220278,0.018004749,0.5999999,0.012628711
POSCAR_Cr2Sb4_1_st950,Cr2Sb4_1,0.42505,0.4997932,0.05743517,0.19220278,0.019024419,0.5999999,0.012994357
POSCAR_Cr2Sb4_1_st975,Cr2Sb4_1,0.426412,0.4997932,0.057363406,0.19220278,0.019304257,0.5999999,0.012932823
POSCAR_Cr2Sb4_1_x025,Cr2Sb4_1,0.341858,0.49416605,0.057571627,0.19220278,0.019070419,0.5999999,0.0133790495
POSCAR_Cr2Sb4_1_x050,Cr2Sb4_1,0.30736,0.48854533,0.05765076,0.19220278,0.018376246,0.5999999,0.013278827
POSCAR_Cr2Sb4_1_x950,Cr2Sb4_1,0.389521,0.51104736,0.055284396,0.19220278,0.020123286,0.5999999,0.01278111
POSCAR_Cr2Sb4_1_x975,Cr2Sb4_1,0.437039,0.505422,0.05711044,0.19220278,0.019779272,0.5999999,0.0128671955
POSCAR_Cr2Sb4_1_y025,Cr2Sb4_1,0.436757,0.49850398,0.057724543,0.19220278,0.019269075,0.5999999,0.013079019
POSCAR_Cr2Sb4_1_y050,Cr2Sb4_1,0.426546,0.49725837,0.0588823,0.19220278,0.019424234,0.5999999,0.013178188
POSCAR_Cr2Sb4_1_y950,Cr2Sb4_1,0.364227,0.5025039,0.0623482,0.19220278,0.019159874,0.5999999,0.013533834
POSCAR_Cr2Sb4_1_y975,Cr2Sb4_1,0.379417,0.5011264,0.060591515,0.19220278,0.01988382,0.5999999,0.013334466
POSCAR_Cr2Sb4_1_z025,Cr2Sb4_1,0.411847,0.50673074,0.059512,0.19220278,0.02005001,0.5999999,0.013045845
POSCAR_Cr2Sb4_1_z050,Cr2Sb4_1,0.400375,0.5136595,0.06051365,0.19220278,0.018340211,0.5999999,0.01279619
POSCAR_Cr2Sb4_1_z950,Cr2Sb4_1,0.396021,0.48591575,0.062062707,0.19220278,0.019894902,0.5999999,0.0145918
POSCAR_Cr2Sb4_1_z975,Cr2Sb4_1,0.370469,0.4928528,0.058353577,0.19220278,0.01906086,0.5999999,0.013237204
POSCAR_Cr2Sb6_1,Cr2Sb6_1,0.536579,0.46622506,0.059916377,0.13563357,0.006058076,0.5999999,0.018791188
POSCAR_Cr2Sb6_1_st050,Cr2Sb6_1,0.508847,0.46622506,0.058995437,0.13563357,0.0064760894,0.5999999,0.018326364
POSCAR_Cr2Sb6_1_st950,Cr2Sb6_1,0.517994,0.46622506,0.06077123,0.13563357,0.006774987,0.5999999,0.018824816
POSCAR_Cr2Sb6_1_z025,Cr2Sb6_1,0.542872,0.47385117,0.060405042,0.13563357,0.0065489947,0.5999999,0.0186995
POSCAR_Cr2Sb8_1,Cr2Sb8_1,0.011811,0.00029266777,-0.21810795,0.14613867,0.00023689083,0.5999999,0.007910325
POSCAR_Cr2Sb8_1_st025,Cr2Sb8_1,0.011569,0.00029266777,-0.2163943,0.14613867,0.00037700965,0.5999999,0.007832441
POSCAR_Cr2Sb8_1_st950,Cr2Sb8_1,0.011308,0.00029266777,-0.22043417,0.14613867,-0.00011466162,0.5999999,0.008186619
POSCAR_Cr2Sb8_1_st975,Cr2Sb8_1,0.012222,0.00029266777,-0.21956608,0.14613867,9.0752845e-05,0.5999999,0.007954242
POSCAR_Cr2Sb8_1_x025,Cr2Sb8_1,0.01189,0.0002896716,-0.21797247,0.14613867,0.00025469076,0.5999999,0.007845209
POSCAR_Cr2Sb8_1_x050,Cr2Sb8_1,0.011517,0.00028674232,-0.2175572,0.14613867,0.0003267702,0.5999999,0.007796927
POSCAR_Cr2Sb8_1_x950,Cr2Sb8_1,0.012295,0.00029886016,-0.21950401,0.14613867,-6.771233e-05,0.5999999,0.007896015
POSCAR_Cr2Sb8_1_x975,Cr2Sb8_1,0.011689,0.00029573074,-0.21878563,0.14613867,9.183095e-05,0.5999999,0.007920452
POSCAR_Cr2Sb8_1_y025,Cr2Sb8_1,0.011011,0.00029417925,-0.21789286,0.14613867,0.00016829923,0.5999999,0.0078502465
POSCAR_Cr2Sb8_1_y050,Cr2Sb8_1,0.01063,0.0002957528,-0.21847185,0.14613867,0.0001335794,0.5999999,0.007798098
POSCAR_Cr2Sb8_1_y950,Cr2Sb8_1,0.012603,0.00028984397,-0.2160639,0.14613867,0.0004178395,0.5999999,0.0077809435
POSCAR_Cr2Sb8_1_y975,Cr2Sb8_1,0.012991,0.0002912216,-0.21864484,0.14613867,0.0001528881,0.5999999,0.0079138065
POSCAR_Cr2Sb8_1_z025,Cr2Sb8_1,0.012414,0.00029423696,-0.21811189,0.14613867,0.0002638936,0.5999999,0.007895144
POSCAR_Cr2Sb8_1_z050,Cr2Sb8_1,0.012375,0.00029584026,-0.21492076,0.14613867,0.0005330151,0.5999999,0.007540344
POSCAR_Cr2Sb8_1_z950,Cr2Sb8_1,0.009912,0.00028965544,-0.22020806,0.14613867,4.180949e-05,0.5999999,0.007870017
POSCAR_Cr2Sb8_1_z975,Cr2Sb8_1,0.010727,0.00029113848,-0.21887973,0.14613867,9.551871e-05,0.5999999,0.007892837
POSCAR_Cr2Se2_1,Cr2Se2_1,0.597532,0.6813267,0.080371946,0.33333334,0.037723128,0.79999983,0.019366844
POSCAR_Cr2Se2_1_st025,Cr2Se2_1,0.5341,0.6813267,0.08028996,0.33333334,0.03782102,0.79999983,0.018865624
POSCAR_Cr2Se2_1_st050,Cr2Se2_1,0.492965,0.77741593,0.08482383,0.5598926,0.043228947,0.79999983,0.020092687
POSCAR_Cr2Se2_1_st950,Cr2Se2_1,0.74998,0.6813267,0.082886286,0.33333334,0.037859727,0.79999983,0.020118872
POSCAR_Cr2Se2_1_st975,Cr2Se2_1,0.657581,0.6813267,0.08194257,0.33333334,0.037651975,0.79999983,0.01951821
POSCAR_Cr2Se2_1_z025,Cr2Se2_1,0.604224,0.6703042,0.079371735,0.33333334,0.03738821,0.79999983,0.019047638
POSCAR_Cr2Se2_1_z050,Cr2Se2_1,0.608072,0.65937054,0.07667506,0.33333334,0.03577318,0.79999983,0.018360678
POSCAR_Cr2Se2_1_z950,Cr2Se2_1,0.725104,0.7036004,0.08268879,0.33333334,0.037795607,0.79999983,0.019334929
POSCAR_Cr2Se2_1_z975,Cr2Se2_1,0.642033,0.69242877,0.08120398,0.33333334,0.037504587,0.79999983,0.019622779
POSCAR_Cr2Se2_2,Cr2Se2_2,0.580627,0.67912173,0.078511156,0.33333334,0.04052309,0.79999983,0.019330317
POSCAR_Cr2Se2_2_st025,Cr2Se2_2,0.518623,0.7788673,0.08873661,0.514882,0.052868947,0.79999983,0.021261841
POSCAR_Cr2Se2_2_st050,Cr2Se2_2,0.475171,0.7788673,0.08584337,0.514882,0.05121966,0.79999983,0.019938909
POSCAR_Cr2Se2_2_st950,Cr2Se2_2,0.736631,0.67912173,0.07964984,0.33333334,0.04050454,0.79999983,0.019380938
POSCAR_Cr2Se2_2_st975,Cr2Se2_2,0.639076,0.67912173,0.078863956,0.33333334,0.040411443,0.79999983,0.019370483
POSCAR_Cr2Se2_2_z025,Cr2Se2_2,0.58801,0.6680416,0.07964755,0.33333334,0.04139804,0.79999983,0.019082258
POSCAR_Cr2Se2_2_z050,Cr2Se2_2,0.592666,0.6570535,0.076142944,0.33333334,0.03973789,0.79999983,0.018320046
POSCAR_Cr2Se2_2_z950,Cr2Se2_2,0.712002,0.7015204,0.07991603,0.33333334,0.040285245,0.79999983,0.019255038
POSCAR_Cr2Se2_2_z975,Cr2Se2_2,0.628272,0.6902847,0.07889121,0.33333334,0.040509976,0.79999983,0.019601662
POSCAR_Cr2Se4_1,Cr2Se4_1,0.407761,0.39561462,0.030792205,0.18920894,0.013390516,0.79999983,0.0138697615
POSCAR_Cr2Se4_1_st025,Cr2Se4_1,0.379842,0.39561462,0.030291717,0.18920894,0.013173883,0.79999983,0.013811981
POSCAR_Cr2Se4_1_x050,Cr2Se4_1,0.32822,0.38141373,0.02882484,0.18920894,0.0151815815,0.79999983,0.014403341
POSCAR_Cr2Se4_1_x975,Cr2Se4_1,0.489549,0.4028887,0.044075653,0.18920894,0.014280736,0.79999983,0.014220614
POSCAR_Cr2Se4_1_y025,Cr2Se4_1,0.365456,0.39857426,0.03217115,0.18920894,0.012798544,0.79999983,0.013681283
POSCAR_Cr2Se4_1_y050,Cr2Se4_1,0.329719,0.40152296,0.038550556,0.18920894,0.013488149,0.79999983,0.013471294
POSCAR_Cr2Se4_1_z975,Cr2Se4_1,0.361447,0.39137757,0.03236954,0.18920894,0.014142019,0.79999983,0.014301778
POSCAR_Cr2Si4_1,Cr2Si4_1,0.01121,0.000709479,-0.22100718,0.3389905,0.017418448,0.39999992,0.005832821
POSCAR_Cr2Si4_1_st950,Cr2Si4_1,0.011303,0.000709479,-0.21647067,0.3389905,0.017347677,0.39999992,0.0055550565
POSCAR_Cr2Si4_1_st975,Cr2Si4_1,0.011416,0.000709479,-0.21857211,0.3389905,0.017351987,0.39999992,0.005785568
POSCAR_Cr2Si4_1_x025,Cr2Si4_1,0.010787,0.0007196329,-0.23041734,0.3389905,0.018052172,0.39999992,0.006226211
POSCAR_Cr2Si4_1_x050,Cr2Si4_1,0.009754,0.00072973635,-0.2401779,0.3389905,0.017897744,0.39999992,0.006420675
POSCAR_Cr2Si4_1_x950,Cr2Si4_1,0.010875,0.0006890758,-0.23232402,0.3389905,0.017224643,0.39999992,0.005976719
POSCAR_Cr2Si4_1_x975,Cr2Si4_1,0.011318,0.00069928815,-0.22733094,0.3389905,0.01780796,0.39999992,0.0060550855
POSCAR_Cr2Si4_1_y025,Cr2Si4_1,0.010686,0.0007049677,-0.23044956,0.3389905,0.018030636,0.39999992,0.006205355
POSCAR_Cr2Si4_1_y050,Cr2Si4_1,0.010079,0.0007006917,-0.23937969,0.3389905,0.017688086,0.39999992,0.0063818214
POSCAR_Cr2Si4_1_y950,Cr2Si4_1,0.010991,0.00071921747,-0.23239937,0.3389905,0.017353514,0.39999992,0.0059723635
POSCAR_Cr2Si4_1_y975,Cr2Si4_1,0.011407,0.0007142282,-0.22733048,0.3389905,0.017831009,0.39999992,0.0060755583
POSCAR_Cr2Si4_1_z025,Cr2Si4_1,0.010729,0.0007039636,-0.23383735,0.3389905,0.017558303,0.39999992,0.0060421685
POSCAR_Cr2Si4_1_z050,Cr2Si4_1,0.009669,0.0006985074,-0.23423369,0.3389905,0.017525258,0.39999992,0.0060710316
POSCAR_Cr2Si4_1_z950,Cr2Si4_1,0.010757,0.0007206882,-0.23024994,0.3389905,0.017342817,0.39999992,0.00590677
POSCAR_Cr2Si4_1_z975,Cr2Si4_1,0.011208,0.00071505364,-0.23378158,0.3389905,0.017592987,0.39999992,0.006059096
POSCAR_Cr2Sn2_2,Cr2Sn2_2,0.806262,0.7529838,0.0884311,0.33333334,0.038583715,0.39999992,0.010278771
POSCAR_Cr2Sn2_2_st025,Cr2Sn2_2,0.800343,0.7529838,0.08517393,0.33333334,0.037981506,0.39999992,0.010535854
POSCAR_Cr2Sn2_2_st050,Cr2Sn2_2,0.791652,0.7529838,0.08239461,0.33333334,0.03719077,0.39999992,0.010974177
POSCAR_Cr2Sn2_2_st950,Cr2Sn2_2,0.828002,0.7529838,0.08975659,0.33333334,0.037895557,0.39999992,0.009327523
POSCAR_Cr2Sn2_2_st975,Cr2Sn2_2,0.815727,0.7529838,0.089909285,0.33333334,0.038463272,0.39999992,0.010109965
POSCAR_Cr2Sn2_2_x025,Cr2Sn2_2,0.857399,0.75766665,0.08852454,0.33333334,0.04093063,0.39999992,0.01241503
POSCAR_Cr2Sn2_2_x050,Cr2Sn2_2,0.880422,0.76240915,0.08662998,0.33333334,0.03899386,0.39999992,0.011509076
POSCAR_Cr2Sn2_2_x950,Cr2Sn2_2,0.921353,0.7438345,0.09038106,0.33333334,0.040140785,0.39999992,0.012323285
POSCAR_Cr2Sn2_2_x975,Cr2Sn2_2,0.810025,0.74836993,0.09149954,0.33333334,0.041592844,0.39999992,0.013004414
POSCAR_Cr2Sn2_2_y025,Cr2Sn2_2,0.857376,0.75766677,0.08852359,0.33333334,0.040930875,0.39999992,0.0124193225
POSCAR_Cr2Sn2_2_y050,Cr2Sn2_2,0.880383,0.7624095,0.086638525,0.33333334,0.038963843,0.39999992,0.0115000205
POSCAR_Cr2Sn2_2_y950,Cr2Sn2_2,0.92127,0.74383414,0.09040192,0.33333334,0.040192153,0.39999992,0.0123349605
POSCAR_Cr2Sn2_2_y975,Cr2Sn2_2,0.810048,0.7483698,0.09150565,0.33333334,0.04160695,0.39999992,0.01300776
POSCAR_Cr2Sn2_2_z025,Cr2Sn2_2,0.75889,0.74368393,0.087754905,0.33333334,0.039016873,0.39999992,0.009967024
POSCAR_Cr2Sn2_2_z050,Cr2Sn2_2,0.713617,0.7343897,0.0843596,0.33333334,0.037767768,0.39999992,0.010689138
POSCAR_Cr2Sn2_2_z950,Cr2Sn2_2,0.918595,0.7715663,0.09056981,0.33333334,0.038423214,0.39999992,0.010702994
POSCAR_Cr2Te2_1,Cr2Te2_1,0.951238,0.71536154,0.081819095,0.33333334,0.03732241,0.79999983,0.016921777
POSCAR_Cr2Te2_1_st025,Cr2Te2_1,0.788954,0.71536154,0.08050157,0.33333334,0.03713855,0.79999983,0.01720576
POSCAR_Cr2Te2_1_st050,Cr2Te2_1,0.734561,0.786857,0.07754089,0.5447543,0.038934775,0.79999983,0.016748179
POSCAR_Cr2Te2_1_st950,Cr2Te2_1,1.341444,0.71536154,0.08410036,0.33333334,0.038043946,0.79999983,0.017574472
POSCAR_Cr2Te2_1_st975,Cr2Te2_1,1.137235,0.71536154,0.08310806,0.33333334,0.03814571,0.79999983,0.017428162
POSCAR_Cr2Te2_1_x025,Cr2Te2_1,0.961023,0.72068095,0.07781334,0.33333334,0.038653515,0.79999983,0.017025502
POSCAR_Cr2Te2_1_x050,Cr2Te2_1,0.937814,0.72606605,0.07703919,0.33333334,0.039196074,0.79999983,0.01701257
POSCAR_Cr2Te2_1_x950,Cr2Te2_1,0.921873,0.7049624,0.076572195,0.33333334,0.038276326,0.79999983,0.017013958
POSCAR_Cr2Te2_1_x975,Cr2Te2_1,0.93762,0.7101185,0.07646725,0.33333334,0.03785116,0.79999983,0.016975105
POSCAR_Cr2Te2_1_y025,Cr2Te2_1,0.961165,0.72067875,0.077818625,0.33333334,0.038653497,0.79999983,0.017027834
POSCAR_Cr2Te2_1_y050,Cr2Te2_1,0.938097,0.7260617,0.07703996,0.33333334,0.039196208,0.79999983,0.017011598
POSCAR_Cr2Te2_1_y950,Cr2Te2_1,0.921722,0.70496684,0.07637552,0.33333334,0.037916776,0.79999983,0.016891476
POSCAR_Cr2Te2_1_y975,Cr2Te2_1,0.937533,0.7101207,0.077060536,0.33333334,0.03774339,0.79999983,0.016971437
POSCAR_Cr2Te2_1_z025,Cr2Te2_1,0.785807,0.7048239,0.080409415,0.33333334,0.037262734,0.79999983,0.017387109
POSCAR_Cr2Te2_1_z050,Cr2Te2_1,0.719824,0.6943447,0.07855897,0.33333334,0.035672363,0.79999983,0.017357891
POSCAR_Cr2Te2_1_z950,Cr2Te2_1,1.133254,0.73657477,0.08522639,0.33333334,0.038912896,0.79999983,0.017635822
POSCAR_Cr2Te2_1_z975,Cr2Te2_1,1.109346,0.72594845,0.08312576,0.33333334,0.03870744,0.79999983,0.017481461
POSCAR_Cr2Te4_1,Cr2Te4_1,0.672071,0.42858234,0.0501379,0.18465762,0.01016251,0.79999983,0.013670277
POSCAR_Cr2Te4_1_st025,Cr2Te4_1,0.652577,0.42858234,0.04992786,0.18465762,0.010207375,0.79999983,0.013852093
POSCAR_Cr2Te4_1_st050,Cr2Te4_1,0.631671,0.42858234,0.04983523,0.18465762,0.010323677,0.79999983,0.013741843
POSCAR_Cr2Te4_1_st950,Cr2Te4_1,0.740517,0.42858234,0.051836614,0.18465762,0.01039417,0.79999983,0.013963382
POSCAR_Cr2Te4_1_st975,Cr2Te4_1,0.706529,0.42858234,0.050654467,0.18465762,0.0100094415,0.79999983,0.013799183
POSCAR_Cr2Te4_1_x025,Cr2Te4_1,0.672607,0.42086372,0.04744558,0.18465762,0.010003706,0.79999983,0.013466712
POSCAR_Cr2Te4_1_x050,Cr2Te4_1,0.677415,0.41327384,0.04413711,0.18465762,0.00954149,0.79999983,0.012778031
POSCAR_Cr2Te4_1_x950,Cr2Te4_1,0.672717,0.44439474,0.05691029,0.18465762,0.011120661,0.79999983,0.013654755
POSCAR_Cr2Te4_1_x975,Cr2Te4_1,0.673765,0.43642712,0.055238225,0.18465762,0.010731109,0.79999983,0.0136900395
POSCAR_Cr2Te4_1_y025,Cr2Te4_1,0.653562,0.43248057,0.054510217,0.18465762,0.010689235,0.79999983,0.013649069
POSCAR_Cr2Te4_1_y050,Cr2Te4_1,0.635,0.43637222,0.053311363,0.18465762,0.01075011,0.79999983,0.013409057
POSCAR_Cr2Te4_1_y950,Cr2Te4_1,0.736855,0.42078,0.04995436,0.18465762,0.010006684,0.79999983,0.013564362
POSCAR_Cr2Te4_1_y975,Cr2Te4_1,0.699736,0.42468098,0.049894456,0.18465762,0.010110042,0.79999983,0.01369953
POSCAR_Cr2Te4_1_z025,Cr2Te4_1,0.68251,0.43247792,0.054700658,0.18465762,0.011067439,0.79999983,0.013663039
POSCAR_Cr2Te4_1_z050,Cr2Te4_1,0.697668,0.436398,0.054498926,0.18465762,0.010737209,0.79999983,0.01375005
POSCAR_Cr2Te4_1_z950,Cr2Te4_1,0.699368,0.42088327,0.043158196,0.18465762,0.009072655,0.79999983,0.012332825
POSCAR_Cr2Te4_1_z975,Cr2Te4_1,0.686443,0.42471588,0.046418503,0.18465762,0.009644695,0.79999983,0.012925613
POSCAR_Cr2Te8_2,Cr2Te8_2,0.397148,0.52931917,0.045093525,0.09993104,-0.08431314,0.79999983,0.01079498
POSCAR_Cr2Te8_2_st975,Cr2Te8_2,0.359094,0.52931917,0.045398194,0.09993104,-0.08501014,0.79999983,0.010871646
POSCAR_Cu2F4_1,Cu2F4_1,0.511943,0.66528726,0.062836826,0.16090098,0.0075251404,0.49999994,0.026637081
POSCAR_Cu2F4_1_st025,Cu2F4_1,0.409828,0.66528726,0.06148188,0.16090098,0.00782981,0.49999994,0.027183235
POSCAR_Cu2F4_1_st050,Cu2F4_1,0.37305,0.66528726,0.060592968,0.16090098,0.008101555,0.49999994,0.027193578
POSCAR_Cu2F4_1_st950,Cu2F4_1,0.610869,0.66528726,0.06414181,0.16090098,0.0060022804,0.49999994,0.025413925
POSCAR_Cu2F4_1_st975,Cu2F4_1,0.564945,0.66528726,0.06391235,0.16090098,0.0068272827,0.49999994,0.025973752
POSCAR_Cu2F4_1_x025,Cu2F4_1,0.519037,0.6672447,0.06266219,0.16090098,0.008243642,0.49999994,0.0274011
POSCAR_Cu2F4_1_x050,Cu2F4_1,0.460814,0.6692216,0.062385034,0.16090098,0.0080155255,0.49999994,0.027551793
POSCAR_Cu2F4_1_x950,Cu2F4_1,0.437823,0.6614381,0.063499086,0.16090098,0.007231296,0.49999994,0.026043832
POSCAR_Cu2F4_1_x975,Cu2F4_1,0.455594,0.66335106,0.06326659,0.16090098,0.0074092695,0.49999994,0.026570244
POSCAR_Cu2F4_1_y025,Cu2F4_1,0.458266,0.67108154,0.062240113,0.16090098,0.0075860936,0.49999994,0.026707781
POSCAR_Cu2F4_1_y050,Cu2F4_1,0.435478,0.67686003,0.061879955,0.16090098,0.0071688695,0.49999994,0.026655816
POSCAR_Cu2F4_1_y950,Cu2F4_1,0.618937,0.6536714,0.063488126,0.16090098,0.007216938,0.49999994,0.026674965
POSCAR_Cu2F4_1_y975,Cu2F4_1,0.565551,0.65948206,0.063212804,0.16090098,0.0074793776,0.49999994,0.02689387
POSCAR_Cu2F4_1_z025,Cu2F4_1,0.459842,0.6575597,0.06238279,0.16090098,0.0076940884,0.49999994,0.026874477
POSCAR_Cu2F4_1_z050,Cu2F4_1,0.414444,0.6498767,0.061352905,0.16090098,0.007523136,0.49999994,0.026823226
POSCAR_Cu2F4_1_z950,Cu2F4_1,0.619591,0.6808498,0.063252345,0.16090098,0.00716958,0.49999994,0.026626542
POSCAR_Cu2F4_1_z975,Cu2F4_1,0.565312,0.6730529,0.06316372,0.16090098,0.007506794,0.49999994,0.026944371
POSCAR_Cu2F6_1,Cu2F6_1,0.466451,0.62344897,0.051200885,0.10717022,-0.0564805,0.49999994,0.016700786
POSCAR_Cu2F6_1_st025,Cu2F6_1,0.483293,0.62344897,0.05047573,0.10717022,-0.05527416,0.49999994,0.016642066
POSCAR_Cu2F6_1_st050,Cu2F6_1,0.407707,0.62344897,0.05065856,0.10717022,-0.05379002,0.49999994,0.016648484
POSCAR_Cu2F6_1_st950,Cu2F6_1,0.482003,0.62344897,0.051117644,0.10717022,-0.05876691,0.49999994,0.016329255
POSCAR_Cu2F6_1_st975,Cu2F6_1,0.431888,0.62344897,0.051093776,0.10717022,-0.056940835,0.49999994,0.016449584
POSCAR_Cu2F6_1_x025,Cu2F6_1,0.458007,0.6128951,0.04977809,0.10717022,-0.055689126,0.49999994,0.016579855
POSCAR_Cu2F6_1_x050,Cu2F6_1,0.548878,0.60244495,0.0477078,0.10717022,-0.05639225,0.49999994,0.016348587
POSCAR_Cu2F6_1_x950,Cu2F6_1,0.391016,0.6448343,0.05477625,0.10717022,-0.057707235,0.49999994,0.016687386
POSCAR_Cu2F6_1_x975,Cu2F6_1,0.468907,0.6340984,0.053229734,0.10717022,-0.05665046,0.49999994,0.016800515
POSCAR_Cu2F6_1_y025,Cu2F6_1,0.458993,0.6287878,0.050370067,0.10717022,-0.057871535,0.49999994,0.017359693
POSCAR_Cu2F6_1_y050,Cu2F6_1,0.468621,0.63417655,0.05136276,0.10717022,-0.05748808,0.49999994,0.017556397
POSCAR_Cu2F6_1_y950,Cu2F6_1,0.438,0.61295563,0.047169264,0.10717022,-0.057538234,0.49999994,0.01699405
POSCAR_Cu2F6_1_y975,Cu2F6_1,0.516522,0.6181686,0.04796865,0.10717022,-0.05791687,0.49999994,0.016990338
POSCAR_Cu2F6_1_z025,Cu2F6_1,0.459182,0.6287689,0.05037318,0.10717022,-0.057877183,0.49999994,0.017352827
POSCAR_Cu2F6_1_z050,Cu2F6_1,0.468616,0.63413894,0.051376157,0.10717022,-0.057483207,0.49999994,0.017560437
POSCAR_Cu2F6_1_z950,Cu2F6_1,0.438065,0.6129941,0.047200024,0.10717022,-0.057532705,0.49999994,0.016984006
POSCAR_Cu2F6_1_z975,Cu2F6_1,0.516376,0.6181877,0.04796708,0.10717022,-0.057892125,0.49999994,0.017002631
POSCAR_Cu2F6_2,Cu2F6_2,0.276801,0.4221741,0.033780023,0.0989126,-0.06682861,0.49999994,0.019039232
POSCAR_Cu2F6_2_st025,Cu2F6_2,0.241932,0.4221741,0.032875214,0.0989126,-0.067315035,0.49999994,0.01886284
POSCAR_Cu2F6_2_st050,Cu2F6_2,0.235077,0.4221741,0.03220972,0.0989126,-0.06886894,0.49999994,0.018172214
POSCAR_Cu2F6_2_st950,Cu2F6_2,0.322681,0.4221741,0.03591234,0.0989126,-0.06749416,0.49999994,0.018975029
POSCAR_Cu2F6_2_st975,Cu2F6_2,0.315344,0.4221741,0.035004564,0.0989126,-0.06805852,0.49999994,0.01896945
POSCAR_Cu2F6_2_x025,Cu2F6_2,0.266759,0.42565802,0.032643802,0.0989126,-0.07036672,0.49999994,0.019515105
POSCAR_Cu2F6_2_x975,Cu2F6_2,0.281126,0.41870663,0.03326017,0.0989126,-0.06957801,0.49999994,0.01960768
POSCAR_Cu2F6_2_y025,Cu2F6_2,0.266935,0.4256637,0.032546576,0.0989126,-0.07014922,0.49999994,0.01955371
POSCAR_Cu2F6_2_y975,Cu2F6_2,0.281804,0.41870084,0.033503253,0.0989126,-0.06873715,0.49999994,0.019779667
POSCAR_Cu2F6_2_z025,Cu2F6_2,0.245857,0.4152197,0.03448325,0.0989126,-0.06867852,0.49999994,0.018961493
POSCAR_Cu2F6_2_z050,Cu2F6_2,0.266588,0.40828058,0.03439997,0.0989126,-0.06865134,0.49999994,0.01862637
POSCAR_Cu2F6_2_z950,Cu2F6_2,0.315558,0.4360909,0.03747419,0.0989126,-0.06933502,0.49999994,0.019168705
POSCAR_Cu2F6_2_z975,Cu2F6_2,0.301667,0.42913446,0.03573831,0.0989126,-0.06931617,0.49999994,0.019103477
POSCAR_Cu2O2_1,Cu2O2_1,1.44026,1.0182096,0.07093914,0.5001944,0.029267987,0.39999995,0.014763907
POSCAR_Cu2O2_1_st025,Cu2O2_1,1.290062,1.0182096,0.07118825,0.5001944,0.029749481,0.39999995,0.0151710585
POSCAR_Cu2O2_1_st050,Cu2O2_1,1.114514,1.0182096,0.06973593,0.5001944,0.029090295,0.39999995,0.015811246
POSCAR_Cu2O2_1_st950,Cu2O2_1,1.633544,1.0182096,0.07015706,0.5001944,0.023684418,0.39999995,0.015280542
POSCAR_Cu2O2_1_st975,Cu2O2_1,1.590435,1.0182096,0.07075144,0.5001944,0.024489379,0.39999995,0.01506557
POSCAR_Cu2O2_1_z025,Cu2O2_1,1.346967,0.9958438,0.06998145,0.5001878,0.028605387,0.39999995,0.014849795
POSCAR_Cu2O2_1_z050,Cu2O2_1,1.235626,0.9739227,0.06873636,0.5001817,0.027968455,0.39999995,0.0142645445
POSCAR_Cu2O2_1_z950,Cu2O2_1,1.487449,1.0642433,0.07125052,0.50020874,0.02399709,0.39999995,0.015268356
POSCAR_Cu2O2_1_z975,Cu2O2_1,1.514487,1.0410126,0.071372084,0.5002013,0.028374443,0.39999995,0.015105122
POSCAR_Cu2O2_4,Cu2O2_4,0.389405,0.22339192,0.029827893,0.16666667,-0.0022917357,0.39999995,0.015982538
POSCAR_Cu2O2_4_st025,Cu2O2_4,0.386808,0.22339192,0.029783815,0.16666667,-0.002272197,0.39999995,0.015811207
POSCAR_Cu2O2_4_st050,Cu2O2_4,0.491667,0.22339192,0.030433431,0.16666667,-0.0021137455,0.39999995,0.015554385
POSCAR_Cu2O2_4_st950,Cu2O2_4,0.463614,0.22339192,0.029991996,0.16666667,-0.004054951,0.39999995,0.016012093
POSCAR_Cu2O2_4_st975,Cu2O2_4,0.409867,0.22339192,0.030195177,0.16666667,-0.0045556338,0.39999995,0.016229441
POSCAR_Cu2O2_4_z025,Cu2O2_4,0.358409,0.2192768,0.02885903,0.16666667,-0.00217236,0.39999995,0.016011564
POSCAR_Cu2O2_4_z050,Cu2O2_4,0.373594,0.21527238,0.028412765,0.16666667,-0.0023623279,0.39999995,0.015986754
POSCAR_Cu2O2_4_z950,Cu2O2_4,0.493897,0.23197022,0.032756682,0.16666667,-0.0029603771,0.39999995,0.016182076
POSCAR_Cu2O2_4_z975,Cu2O2_4,0.428455,0.22762169,0.032176413,0.16666667,-0.002144966,0.39999995,0.016156323
POSCAR_Cu2O2_6,Cu2O2_6,0.181269,0.7592433,0.055719122,0.083333336,-0.068025485,0.39999995,0.02351339
POSCAR_Cu2O2_6_st025,Cu2O2_6,0.135876,0.7592433,0.054856777,0.083333336,-0.068160586,0.39999995,0.023351628
POSCAR_Cu2O2_6_st050,Cu2O2_6,0.224184,0.7592433,0.053368624,0.083333336,-0.07243671,0.39999995,0.02346226
POSCAR_Cu2O2_6_st950,Cu2O2_6,0.314263,0.7592433,0.061307393,0.083333336,-0.049068477,0.39999995,0.02672487
POSCAR_Cu2O2_6_st975,Cu2O2_6,0.215536,0.7592433,0.05802845,0.083333336,-0.06091447,0.39999995,0.024975166
POSCAR_Cu2O2_6_x025,Cu2O2_6,0.17821,0.75713074,0.055656727,0.083333336,-0.06899852,0.39999995,0.02337476
POSCAR_Cu2O2_6_x050,Cu2O2_6,0.222453,0.75466394,0.056302916,0.083333336,-0.0688648,0.39999995,0.023336872
POSCAR_Cu2O2_6_x950,Cu2O2_6,0.237783,0.7473416,0.05954207,0.083333336,-0.06117959,0.39999995,0.024326669
POSCAR_Cu2O2_6_x975,Cu2O2_6,0.225412,0.75329465,0.05732986,0.083333336,-0.06681553,0.39999995,0.023426525
POSCAR_Cu2O2_6_y025,Cu2O2_6,0.184851,0.7568536,0.05565278,0.083333336,-0.06897424,0.39999995,0.02331515
POSCAR_Cu2O2_6_y050,Cu2O2_6,0.21776,0.754387,0.056247473,0.083333336,-0.06894669,0.39999995,0.02314884
POSCAR_Cu2O2_6_y975,Cu2O2_6,0.215067,0.7535635,0.057401124,0.083333336,-0.066781685,0.39999995,0.023531139
POSCAR_Cu2O2_6_z025,Cu2O2_6,0.185877,0.75567293,0.056251578,0.083333336,-0.06816936,0.39999995,0.023190504
POSCAR_Cu2O2_6_z050,Cu2O2_6,0.165575,0.75213104,0.055611327,0.083333336,-0.06637999,0.39999995,0.022728931
POSCAR_Cu2O2_6_z950,Cu2O2_6,0.256469,0.7664891,0.053430457,0.083333336,-0.072370015,0.39999995,0.02284403
POSCAR_Cu2O2_6_z975,Cu2O2_6,0.177062,0.76284695,0.054931045,0.083333336,-0.06960972,0.39999995,0.02375472
POSCAR_Cu2O4_1,Cu2O4_1,0.473159,0.2230914,0.029148828,0.20792527,0.023020048,0.39999995,0.020588903
POSCAR_Cu2O4_1_st025,Cu2O4_1,0.421394,0.2230914,0.030097777,0.20792527,0.021594478,0.39999995,0.020139
POSCAR_Cu2O4_1_st050,Cu2O4_1,0.355697,0.2230914,0.030682433,0.20792527,0.021612618,0.39999995,0.020475233
POSCAR_Cu2O4_1_st950,Cu2O4_1,0.498181,0.2230914,0.02702142,0.20792527,0.02305954,0.39999995,0.021276448
POSCAR_Cu2O4_1_st975,Cu2O4_1,0.502768,0.2230914,0.027732672,0.20792527,0.02344058,0.39999995,0.021296943
POSCAR_Cu2O4_1_x025,Cu2O4_1,0.482128,0.21884644,0.029563878,0.20792527,0.024777237,0.39999995,0.02131881
POSCAR_Cu2O4_1_x050,Cu2O4_1,0.478825,0.21467802,0.029963015,0.20792527,0.024520408,0.39999995,0.02155025
POSCAR_Cu2O4_1_x950,Cu2O4_1,0.450947,0.23180555,0.028735114,0.20792527,0.022231989,0.39999995,0.021235876
POSCAR_Cu2O4_1_x975,Cu2O4_1,0.454108,0.22741163,0.029733105,0.20792527,0.02259194,0.39999995,0.021350145
POSCAR_Cu2O4_1_y025,Cu2O4_1,0.498212,0.22483324,0.031074347,0.20792527,0.022095887,0.39999995,0.020530544
POSCAR_Cu2O4_1_y050,Cu2O4_1,0.494777,0.22657062,0.031416014,0.20792527,0.020980611,0.39999995,0.020448439
POSCAR_Cu2O4_1_y950,Cu2O4_1,0.366422,0.21960026,0.028973669,0.20792527,0.02413223,0.39999995,0.020991772
POSCAR_Cu2O4_1_y975,Cu2O4_1,0.425592,0.22134654,0.030142177,0.20792527,0.023748359,0.39999995,0.020839864
POSCAR_Cu2O4_1_z025,Cu2O4_1,0.379969,0.22564475,0.030438293,0.20792527,0.021819843,0.39999995,0.02024958
POSCAR_Cu2O4_1_z050,Cu2O4_1,0.328353,0.22822466,0.031577755,0.20792527,0.02109102,0.39999995,0.019838607
POSCAR_Cu2O4_1_z950,Cu2O4_1,0.646015,0.21807478,0.029905835,0.20792527,0.02443096,0.39999995,0.022301804
POSCAR_Cu2O4_1_z975,Cu2O4_1,0.565893,0.22056717,0.029799068,0.20792527,0.022752037,0.39999995,0.021561196
POSCAR_F10Zr2_1,F10Zr2_1,0.181246,0.2275254,0.0057306536,0.107757725,-0.020770898,1.6666662,-0.06009683
POSCAR_F4Fe2_2,F4Fe2_2,0.012848,0.00065799843,-0.18858671,0.13978629,0.00057222816,0.7142856,0.0076647154
POSCAR_F4Fe2_2_st025,F4Fe2_2,0.011052,0.00065799843,-0.18518916,0.13978629,0.0006300347,0.7142856,0.007569877
POSCAR_F4Fe2_2_st950,F4Fe2_2,0.016261,0.00065799843,-0.19036494,0.13978629,0.00063387793,0.7142856,0.007575509
POSCAR_F4Fe2_2_st975,F4Fe2_2,0.014646,0.00065799843,-0.18914033,0.13978629,0.00056317425,0.7142856,0.007674536
POSCAR_F4Fe2_2_x025,F4Fe2_2,0.012988,0.0006511381,-0.18953693,0.13978629,0.00026195307,0.7142856,0.007444598
POSCAR_F4Fe2_2_x050,F4Fe2_2,0.013462,0.00064451154,-0.1889045,0.13978629,0.000287012,0.7142856,0.0074441885
POSCAR_F4Fe2_2_x950,F4Fe2_2,0.015067,0.000672451,-0.18931305,0.13978629,0.0006947956,0.7142856,0.007691382
POSCAR_F4Fe2_2_x975,F4Fe2_2,0.013966,0.0006651002,-0.18861528,0.13978629,0.0006503969,0.7142856,0.0077087455
POSCAR_F4Fe2_2_y025,F4Fe2_2,0.012654,0.00065419637,-0.18746045,0.13978629,0.0005336217,0.7142856,0.007527627
POSCAR_F4Fe2_2_y050,F4Fe2_2,0.012154,0.00065050856,-0.18739694,0.13978629,0.00058500073,0.7142856,0.007536305
POSCAR_F4Fe2_2_y950,F4Fe2_2,0.014573,0.0006659614,-0.190891,0.13978629,0.0004752258,0.7142856,0.0075186947
POSCAR_F4Fe2_2_y975,F4Fe2_2,0.013155,0.0006619187,-0.19069506,0.13978629,0.00041067073,0.7142856,0.0074980925
POSCAR_F4Fe2_2_z025,F4Fe2_2,0.01256,0.00066881644,-0.18890975,0.13978629,0.00032493364,0.7142856,0.0073060896
POSCAR_F4Fe2_2_z050,F4Fe2_2,0.011973,0.00067958614,-0.18698786,0.13978629,0.00024347927,0.7142856,0.0073139947
POSCAR_F4Fe2_2_z950,F4Fe2_2,0.013903,0.0006362416,-0.19015405,0.13978629,0.00035147092,0.7142856,0.0074393013
POSCAR_F4Fe2_2_z975,F4Fe2_2,0.013303,0.00064713793,-0.18971583,0.13978629,0.0003659927,0.7142856,0.0074562337
POSCAR_F4Mn2_1,F4Mn2_1,0.293119,0.7562984,0.05971716,0.15864788,0.00703564,0.8333332,-0.004803648
POSCAR_F4Mn2_1_st025,F4Mn2_1,0.306416,0.7562984,0.058775995,0.15864788,0.007363609,0.8333332,-0.004394348
POSCAR_F4Mn2_1_st050,F4Mn2_1,0.323907,0.7562984,0.058004238,0.15864788,0.006916549,0.8333332,-0.0044486024
POSCAR_F4Mn2_1_st950,F4Mn2_1,0.304378,0.7562984,0.062425107,0.15864788,0.006982084,0.8333332,-0.005252765
POSCAR_F4Mn2_1_st975,F4Mn2_1,0.285417,0.7562984,0.061281655,0.15864788,0.006990059,0.8333332,-0.005303621
POSCAR_F4Mn2_1_x025,F4Mn2_1,0.280328,0.7612387,0.05836517,0.15864788,0.0070601264,0.8333332,-0.0047784997
POSCAR_F4Mn2_1_x050,F4Mn2_1,0.278836,0.76617587,0.06292011,0.15864788,0.0068798745,0.8333332,-0.0048510064
POSCAR_F4Mn2_1_x950,F4Mn2_1,0.317868,0.7464236,0.062001593,0.15864788,0.006435142,0.8333332,-0.0042342087
POSCAR_F4Mn2_1_x975,F4Mn2_1,0.315856,0.7513588,0.061456468,0.15864788,0.0064952765,0.8333332,-0.004166795
POSCAR_F4Mn2_1_y025,F4Mn2_1,0.317864,0.74744797,0.059869204,0.15864788,0.0074348827,0.8333332,-0.0039525623
POSCAR_F4Mn2_1_y050,F4Mn2_1,0.308016,0.7383462,0.05983452,0.15864788,0.006724772,0.8333332,-0.0032882686
POSCAR_F4Mn2_1_y950,F4Mn2_1,0.288104,0.7477835,0.06630149,0.15864788,0.006614797,0.8333332,-0.004764716
POSCAR_F4Mn2_1_y975,F4Mn2_1,0.283456,0.7520401,0.06123383,0.15864788,0.006831935,0.8333332,-0.0049879067
POSCAR_F4Mn2_1_z025,F4Mn2_1,0.317963,0.74713326,0.060420316,0.15864788,0.0074033183,0.8333332,-0.003578823
POSCAR_F4Mn2_1_z050,F4Mn2_1,0.308161,0.73803914,0.059887614,0.15864788,0.0067223166,0.8333332,-0.0032622535
POSCAR_F4Mn2_1_z950,F4Mn2_1,0.28794,0.74811983,0.06574644,0.15864788,0.0066556814,0.8333332,-0.004969082
POSCAR_F4Mn2_1_z975,F4Mn2_1,0.283335,0.75236946,0.061383214,0.15864788,0.006843626,0.8333332,-0.0051514115
POSCAR_F4Ni2_1,F4Ni2_1,0.333721,0.7505094,0.06982484,0.15894166,0.010827319,0.5555555,0.020171374
POSCAR_F4Ni2_1_st025,F4Ni2_1,0.37662,0.7505094,0.06630193,0.15894166,0.009277822,0.5555555,0.020123
POSCAR_F4Ni2_1_st050,F4Ni2_1,0.296474,0.7505094,0.064430416,0.15894166,0.008642764,0.5555555,0.020040428
POSCAR_F4Ni2_1_st950,F4Ni2_1,0.395285,0.7505094,0.073023185,0.15894166,0.0117591005,0.5555555,0.0197427
POSCAR_F4Ni2_1_st975,F4Ni2_1,0.354497,0.7505094,0.07169266,0.15894166,0.011927011,0.5555555,0.019795919
POSCAR_F4Ni2_1_x025,F4Ni2_1,0.305239,0.75535446,0.06828062,0.15894166,0.010448489,0.5555555,0.020470444
POSCAR_F4Ni2_1_x050,F4Ni2_1,0.351127,0.76019937,0.06739369,0.15894166,0.0098790005,0.5555555,0.021150721
POSCAR_F4Ni2_1_x950,F4Ni2_1,0.347092,0.7408332,0.06858524,0.15894166,0.008363009,0.5555555,0.01892921
POSCAR_F4Ni2_1_x975,F4Ni2_1,0.348669,0.7456677,0.07042238,0.15894166,0.010652693,0.5555555,0.019601928
POSCAR_F4Ni2_1_y025,F4Ni2_1,0.32208,0.7411937,0.06895829,0.15894166,0.010153235,0.5555555,0.019922802
POSCAR_F4Ni2_1_y050,F4Ni2_1,0.30777,0.73195416,0.06541546,0.15894166,0.009635751,0.5555555,0.019577725
POSCAR_F4Ni2_1_y950,F4Ni2_1,0.349959,0.74168795,0.07056496,0.15894166,0.012189048,0.5555555,0.019988578
POSCAR_F4Ni2_1_y975,F4Ni2_1,0.342912,0.74619055,0.07114708,0.15894166,0.012025854,0.5555555,0.019977514
POSCAR_F4Ni2_1_z025,F4Ni2_1,0.322083,0.74135995,0.0685135,0.15894166,0.0097954525,0.5555555,0.019776344
POSCAR_F4Ni2_1_z050,F4Ni2_1,0.307723,0.73210543,0.06507918,0.15894166,0.009229244,0.5555555,0.019425975
POSCAR_F4Ni2_1_z950,F4Ni2_1,0.349913,0.74148613,0.07096244,0.15894166,0.01244186,0.5555555,0.02011667
POSCAR_F4Ni2_1_z975,F4Ni2_1,0.342896,0.74599916,0.07159287,0.15894166,0.012384459,0.5555555,0.020138752
POSCAR_F4Sc2_1,F4Sc2_1,0.10209,0.7132521,0.03283235,0.16391508,0.0009965794,2.4999988,-0.078186765
POSCAR_F4Sc2_1_st950,F4Sc2_1,0.151468,0.7132521,0.033869807,0.16391508,0.0010380453,2.4999988,-0.07860182
POSCAR_F4Sc2_1_x050,F4Sc2_1,0.132357,0.7221605,0.032671455,0.16391508,0.00013873515,2.4999988,-0.080502674
POSCAR_F4Sc2_1_y950,F4Sc2_1,0.133882,0.6985578,0.03240878,0.16391508,0.0010172109,2.4999988,-0.08033995
POSCAR_F4Sc2_1_z950,F4Sc2_1,0.136885,0.701156,0.03270056,0.16391508,0.0009692214,2.4999988,-0.080379106
POSCAR_F4V2_1,F4V2_1,0.059059,0.75785667,0.041951265,0.15827972,0.007137209,1.2499996,-0.07374799
POSCAR_F4V2_1_st025,F4V2_1,0.048097,0.75785667,0.040916402,0.15827972,0.0069143185,1.2499996,-0.07591021
POSCAR_F4V2_1_st050,F4V2_1,0.03978,0.75785667,0.040535547,0.15827972,0.006405701,1.2499996,-0.0759213
POSCAR_F4V2_1_st950,F4V2_1,0.092803,0.75785667,0.044986308,0.15827972,0.007190209,1.2499996,-0.07204323
POSCAR_F4V2_1_st975,F4V2_1,0.073658,0.75785667,0.043516953,0.15827972,0.007136511,1.2499996,-0.07241649
POSCAR_F4V2_1_x025,F4V2_1,0.05615,0.7627672,0.042984102,0.15827972,0.006723546,1.2499996,-0.080294006
POSCAR_F4V2_1_x050,F4V2_1,0.053974,0.767675,0.04536547,0.15827972,0.0063419277,1.2499996,-0.08133708
POSCAR_F4V2_1_x950,F4V2_1,0.067773,0.74804324,0.043823697,0.15827972,0.0071722763,1.2499996,-0.07251289
POSCAR_F4V2_1_x975,F4V2_1,0.062847,0.7529474,0.043226898,0.15827972,0.0072615724,1.2499996,-0.071718365
POSCAR_F4V2_1_y025,F4V2_1,0.054711,0.7488034,0.04265581,0.15827972,0.0075642625,1.2499996,-0.070693366
POSCAR_F4V2_1_y050,F4V2_1,0.050881,0.7398206,0.041792173,0.15827972,0.007286349,1.2499996,-0.07211995
POSCAR_F4V2_1_y950,F4V2_1,0.069595,0.7495207,0.046589714,0.15827972,0.006967014,1.2499996,-0.07806181
POSCAR_F4V2_1_y975,F4V2_1,0.064013,0.75369406,0.04458268,0.15827972,0.007112707,1.2499996,-0.07748199
POSCAR_F4V2_1_z025,F4V2_1,0.054715,0.74882287,0.042732224,0.15827972,0.007550705,1.2499996,-0.07086877
POSCAR_F4V2_1_z050,F4V2_1,0.050886,0.73984426,0.041950826,0.15827972,0.007319037,1.2499996,-0.0722733
POSCAR_F4V2_1_z950,F4V2_1,0.069566,0.7495087,0.046230342,0.15827972,0.006945473,1.2499996,-0.07794857
POSCAR_F4V2_1_z975,F4V2_1,0.064001,0.7536811,0.04456086,0.15827972,0.00702867,1.2499996,-0.07739736
POSCAR_F4Y2_1,F4Y2_1,0.091759,0.72446036,0.02844901,0.16508298,0.0013568165,2.4999988,-0.08747546
POSCAR_F6Fe2_1,F6Fe2_1,0.233474,0.21387687,0.017659597,0.09059787,-0.08067127,0.7142856,0.009268669
POSCAR_F6Fe2_1_st025,F6Fe2_1,0.187757,0.21387687,0.017701866,0.09059787,-0.08064201,0.7142856,0.009113476
POSCAR_F6Fe2_1_st050,F6Fe2_1,0.171324,0.21387687,0.017661383,0.09059787,-0.08036114,0.7142856,0.008981835
POSCAR_F6Fe2_1_st950,F6Fe2_1,0.14875,0.21387687,0.022390481,0.09059787,-0.07585014,0.7142856,0.010282564
POSCAR_F6Fe2_1_st975,F6Fe2_1,0.189754,0.21387687,0.019848071,0.09059787,-0.0776423,0.7142856,0.0099645825
POSCAR_F6Fe2_1_x025,F6Fe2_1,0.233515,0.21565178,0.017094562,0.09059787,-0.08280041,0.7142856,0.00952272
POSCAR_F6Fe2_1_x975,F6Fe2_1,0.283464,0.21210687,0.016853902,0.09059787,-0.08185504,0.7142856,0.009687589
POSCAR_F6Fe2_1_y025,F6Fe2_1,0.233834,0.21566908,0.016938252,0.09059787,-0.08197373,0.7142856,0.009403405
POSCAR_F6Fe2_1_y975,F6Fe2_1,0.283898,0.2120895,0.017161744,0.09059787,-0.081076935,0.7142856,0.009505076
POSCAR_F6Fe2_1_z025,F6Fe2_1,0.217344,0.21031557,0.01871557,0.09059787,-0.08231534,0.7142856,0.009420465
POSCAR_F6Fe2_1_z050,F6Fe2_1,0.218743,0.20676152,0.01973933,0.09059787,-0.08056628,0.7142856,0.010235286
POSCAR_F6Fe2_1_z950,F6Fe2_1,0.22635,0.22100107,0.021373484,0.09059787,-0.078393824,0.7142856,0.011039668
POSCAR_F6Fe2_1_z975,F6Fe2_1,0.253407,0.21744047,0.019133875,0.09059787,-0.08240809,0.7142856,0.009103764
POSCAR_F6Fe2_2,F6Fe2_2,0.097835,0.48512858,0.049748402,0.086811125,-0.07892012,0.7142856,0.014141497
POSCAR_F6Fe2_2_st025,F6Fe2_2,0.091499,0.48512858,0.049201768,0.086811125,-0.07935493,0.7142856,0.014036119
POSCAR_F6Fe2_2_st050,F6Fe2_2,0.091545,0.48512858,0.04872264,0.086811125,-0.080382,0.7142856,0.013740893
POSCAR_F6Fe2_2_st950,F6Fe2_2,0.084241,0.48512858,0.050229885,0.086811125,-0.07519294,0.7142856,0.0139608495
POSCAR_F6Fe2_2_st975,F6Fe2_2,0.089631,0.48512858,0.0491638,0.086811125,-0.0767362,0.7142856,0.014118397
POSCAR_F6Fe2_2_x025,F6Fe2_2,0.143512,0.48968178,0.04951258,0.086811125,-0.07859404,0.7142856,0.014326956
POSCAR_F6Fe2_2_x975,F6Fe2_2,0.106792,0.48061198,0.05037455,0.086811125,-0.07791492,0.7142856,0.014281535
POSCAR_F6Fe2_2_y975,F6Fe2_2,0.107303,0.48065102,0.050372384,0.086811125,-0.078168504,0.7142856,0.014388231
POSCAR_F6Fe2_2_z025,F6Fe2_2,0.100927,0.47613642,0.049593616,0.086811125,-0.07825606,0.7142856,0.014201492
POSCAR_F6Fe2_2_z050,F6Fe2_2,0.10608,0.4672315,0.049539473,0.086811125,-0.07815264,0.7142856,0.014069481
POSCAR_F6Fe2_2_z950,F6Fe2_2,0.107626,0.50333345,0.048422612,0.086811125,-0.076027445,0.7142856,0.0137122115
POSCAR_F6Fe2_2_z975,F6Fe2_2,0.126776,0.49419796,0.048738264,0.086811125,-0.07682657,0.7142856,0.013917051
POSCAR_F6Mn2_1,F6Mn2_1,0.351904,0.35621884,0.022920894,0.09516572,-0.059302833,0.8333332,-0.014891132
POSCAR_F6Mn2_1_st025,F6Mn2_1,0.282707,0.35621884,0.02148481,0.09516572,-0.061187528,0.8333332,-0.015565208
POSCAR_F6Mn2_1_st050,F6Mn2_1,0.198437,0.35621884,0.020417495,0.09516572,-0.062421843,0.8333332,-0.016034776
POSCAR_F6Mn2_1_st950,F6Mn2_1,0.469212,0.35621884,0.02403167,0.09516572,-0.057968296,0.8333332,-0.015067513
POSCAR_F6Mn2_1_st975,F6Mn2_1,0.410341,0.35621884,0.02390995,0.09516572,-0.058167126,0.8333332,-0.01489281
POSCAR_F6Mn2_4,F6Mn2_4,0.3092,0.61589324,0.04676211,0.10484675,-0.04698417,0.8333332,-0.01277079
POSCAR_F6Mn2_4_st025,F6Mn2_4,0.281241,0.61589324,0.0458666,0.10484675,-0.048704132,0.8333332,-0.012988941
POSCAR_F6Mn2_4_st050,F6Mn2_4,0.227225,0.61589324,0.04542894,0.10484675,-0.049140062,0.8333332,-0.013000113
POSCAR_F6Mn2_4_st950,F6Mn2_4,0.347385,0.61589324,0.04725756,0.10484675,-0.047816344,0.8333332,-0.0135109285
POSCAR_F6Mn2_4_st975,F6Mn2_4,0.324333,0.61589324,0.047015283,0.10484675,-0.04617591,0.8333332,-0.013065396
POSCAR_F6Mn2_4_x025,F6Mn2_4,0.284003,0.6053946,0.045699496,0.10484675,-0.04828732,0.8333332,-0.012460843
POSCAR_F6Mn2_4_x050,F6Mn2_4,0.25624,0.5950069,0.04364374,0.10484675,-0.04913484,0.8333332,-0.012682901
POSCAR_F6Mn2_4_x950,F6Mn2_4,0.355257,0.63719046,0.048395943,0.10484675,-0.046753928,0.8333332,-0.013573226
POSCAR_F6Mn2_4_x975,F6Mn2_4,0.332731,0.62649477,0.04784787,0.10484675,-0.046827864,0.8333332,-0.012949587
POSCAR_F6Mn2_4_y025,F6Mn2_4,0.311035,0.6211949,0.04732286,0.10484675,-0.047792107,0.8333332,-0.011893638
POSCAR_F6Mn2_4_y050,F6Mn2_4,0.303624,0.6265461,0.047447518,0.10484675,-0.0485152,0.8333332,-0.012422686
POSCAR_F6Mn2_4_y950,F6Mn2_4,0.296187,0.60547274,0.04670284,0.10484675,-0.046337362,0.8333332,-0.012469966
POSCAR_F6Mn2_4_y975,F6Mn2_4,0.30399,0.6106496,0.04712548,0.10484675,-0.047182966,0.8333332,-0.012206529
POSCAR_F6Mn2_4_z025,F6Mn2_4,0.310752,0.6211981,0.0473234,0.10484675,-0.04778093,0.8333332,-0.011887278
POSCAR_F6Mn2_4_z050,F6Mn2_4,0.303156,0.6265526,0.04744861,0.10484675,-0.048514854,0.8333332,-0.012422662
POSCAR_F6Mn2_4_z950,F6Mn2_4,0.296662,0.6054662,0.046688236,0.10484675,-0.046334,0.8333332,-0.012516096
POSCAR_F6Mn2_4_z975,F6Mn2_4,0.304265,0.6106463,0.04712756,0.10484675,-0.04718415,0.8333332,-0.0122044515
POSCAR_F6Mn2_5,F6Mn2_5,0.304366,0.14419545,0.012296597,0.08724998,-0.061377425,0.8333332,-0.008237014
POSCAR_F6Mn2_5_st025,F6Mn2_5,0.251692,0.14419545,0.011332027,0.08724998,-0.061870735,0.8333332,-0.008842115
POSCAR_F6Mn2_5_st050,F6Mn2_5,0.18335,0.14419545,0.011068029,0.08724998,-0.061807852,0.8333332,-0.0092955325
POSCAR_F6Mn2_5_st950,F6Mn2_5,0.391678,0.14419545,0.014330409,0.08724998,-0.061101712,0.8333332,-0.008645277
POSCAR_F6Mn2_5_st975,F6Mn2_5,0.348624,0.14419545,0.013805616,0.08724998,-0.060786486,0.8333332,-0.008373985
POSCAR_F6Mn2_5_x025,F6Mn2_5,0.300625,0.14185889,0.01206484,0.08724998,-0.06162774,0.8333332,-0.0095350705
POSCAR_F6Mn2_5_x050,F6Mn2_5,0.415782,0.13957866,0.011909753,0.08724998,-0.06177713,0.8333332,-0.009557096
POSCAR_F6Mn2_5_x950,F6Mn2_5,0.313031,0.14904515,0.013260589,0.08724998,-0.053661156,0.8333332,-0.008631534
POSCAR_F6Mn2_5_x975,F6Mn2_5,0.309391,0.14659022,0.012828512,0.08724998,-0.05591081,0.8333332,-0.0076960553
POSCAR_F6Mn2_5_y025,F6Mn2_5,0.287407,0.1472485,0.012418175,0.08724998,-0.056624904,0.8333332,-0.008199428
POSCAR_F6Mn2_5_y050,F6Mn2_5,0.267272,0.15028617,0.012147444,0.08724998,-0.055598784,0.8333332,-0.009002068
POSCAR_F6Mn2_5_y950,F6Mn2_5,0.335127,0.13805076,0.012563921,0.08724998,-0.06251479,0.8333332,-0.0101962
POSCAR_F6Mn2_5_y975,F6Mn2_5,0.319909,0.14112887,0.011501934,0.08724998,-0.062996134,0.8333332,-0.008772136
POSCAR_F6Mn2_5_z025,F6Mn2_5,0.273843,0.14351068,0.010725673,0.08724998,-0.057817522,0.8333332,-0.007997089
POSCAR_F6Mn2_5_z050,F6Mn2_5,0.237265,0.1428459,0.011135096,0.08724998,-0.05675867,0.8333332,-0.0088335145
POSCAR_F6Mn2_5_z950,F6Mn2_5,0.353117,0.1456252,0.013812726,0.08724998,-0.06172035,0.8333332,-0.009534009
POSCAR_F6Mn2_5_z975,F6Mn2_5,0.330305,0.14490028,0.013214419,0.08724998,-0.060887016,0.8333332,-0.008515032
POSCAR_F6Mo2_2,F6Mo2_2,0.052113,0.38332272,0.01840442,0.097502954,-0.053623024,0.9999998,-0.041508745
POSCAR_F6Mo2_2_st025,F6Mo2_2,0.048822,0.38332272,0.019149875,0.097502954,-0.055400424,0.9999998,-0.040760156
POSCAR_F6Mo2_2_st050,F6Mo2_2,0.048616,0.38332272,0.019266557,0.097502954,-0.05340753,0.9999998,-0.038851
POSCAR_F6Mo2_2_st950,F6Mo2_2,0.058617,0.38332272,0.018730521,0.097502954,-0.05713818,0.9999998,-0.04244728
POSCAR_F6Mo2_2_st975,F6Mo2_2,0.056937,0.38332272,0.01806226,0.097502954,-0.057377953,0.9999998,-0.04130813
POSCAR_F6Mo2_2_x025,F6Mo2_2,0.082268,0.38660082,0.01810092,0.097502954,-0.052968875,0.9999998,-0.043849193
POSCAR_F6Mo2_2_x975,F6Mo2_2,0.080152,0.3800591,0.015196075,0.097502954,-0.054208297,0.9999998,-0.04606989
POSCAR_F6Mo2_2_y025,F6Mo2_2,0.065224,0.38658288,0.018515773,0.097502954,-0.052948415,0.9999998,-0.0438176
POSCAR_F6Mo2_2_y975,F6Mo2_2,0.087729,0.380051,0.014893709,0.097502954,-0.054335635,0.9999998,-0.046422996
POSCAR_F6Mo2_2_z025,F6Mo2_2,0.054119,0.37679347,0.018786518,0.097502954,-0.054603964,0.9999998,-0.044587754
POSCAR_F6Mo2_2_z050,F6Mo2_2,0.061962,0.37028697,0.020572597,0.097502954,-0.055783074,0.9999998,-0.044972677
POSCAR_F6Mo2_2_z950,F6Mo2_2,0.067844,0.39641443,0.02203874,0.097502954,-0.05593077,0.9999998,-0.046925716
POSCAR_F6Mo2_2_z975,F6Mo2_2,0.058834,0.3898661,0.020453934,0.097502954,-0.054133423,0.9999998,-0.042524323
POSCAR_F6Mo2_3,F6Mo2_3,0.094851,0.601366,0.040807888,0.10656814,-0.036269646,0.9999998,-0.047313645
POSCAR_F6Mo2_3_st025,F6Mo2_3,0.086362,0.601366,0.04031208,0.10656814,-0.035810456,0.9999998,-0.046689276
POSCAR_F6Mo2_3_st050,F6Mo2_3,0.081868,0.601366,0.040152464,0.10656814,-0.034822024,0.9999998,-0.046062544
POSCAR_F6Mo2_3_st950,F6Mo2_3,0.137466,0.601366,0.041854635,0.10656814,-0.036690608,0.9999998,-0.048297178
POSCAR_F6Mo2_3_st975,F6Mo2_3,0.11302,0.601366,0.04130577,0.10656814,-0.03635781,0.9999998,-0.04777223
POSCAR_F6Mo2_3_x025,F6Mo2_3,0.090114,0.6067677,0.038448036,0.10656814,-0.039697357,0.9999998,-0.051271144
POSCAR_F6Mo2_3_x050,F6Mo2_3,0.086409,0.61221915,0.035966262,0.10656814,-0.037796725,0.9999998,-0.050467685
POSCAR_F6Mo2_3_x950,F6Mo2_3,0.09104,0.5907461,0.03464186,0.10656814,-0.037911117,0.9999998,-0.051155776
POSCAR_F6Mo2_3_x975,F6Mo2_3,0.094378,0.5960225,0.03706947,0.10656814,-0.04004901,0.9999998,-0.05126069
POSCAR_F6Mo2_3_y025,F6Mo2_3,0.089819,0.6067695,0.038436078,0.10656814,-0.039636206,0.9999998,-0.05125638
POSCAR_F6Mo2_3_y050,F6Mo2_3,0.086355,0.6122228,0.035943054,0.10656814,-0.037682053,0.9999998,-0.050456345
POSCAR_F6Mo2_3_y950,F6Mo2_3,0.091117,0.59074247,0.03472272,0.10656814,-0.038063392,0.9999998,-0.051162064
POSCAR_F6Mo2_3_y975,F6Mo2_3,0.094457,0.5960207,0.037076533,0.10656814,-0.040141195,0.9999998,-0.051265806
POSCAR_F6Mo2_3_z025,F6Mo2_3,0.089803,0.59067523,0.038963888,0.10656814,-0.036415435,0.9999998,-0.04553158
POSCAR_F6Mo2_3_z050,F6Mo2_3,0.085206,0.58010775,0.038007386,0.10656814,-0.036138512,0.9999998,-0.04647661
POSCAR_F6Mo2_3_z950,F6Mo2_3,0.105749,0.6230854,0.042066272,0.10656814,-0.035176124,0.9999998,-0.04681096
POSCAR_F6Mo2_3_z975,F6Mo2_3,0.100282,0.61217225,0.041782442,0.10656814,-0.03557237,0.9999998,-0.04714404
POSCAR_F6Nb2_1,F6Nb2_1,0.260821,0.20637424,0.010846758,0.0903608,-0.044470906,1.2499996,-0.05091537
POSCAR_F6Nb2_1_st025,F6Nb2_1,0.243064,0.20637424,0.01100169,0.0903608,-0.044062436,1.2499996,-0.05104794
POSCAR_F6Nb2_1_st050,F6Nb2_1,0.217704,0.20637424,0.011104903,0.0903608,-0.043498587,1.2499996,-0.050894875
POSCAR_F6Pd2_1,F6Pd2_1,0.222446,0.5785904,0.04713804,0.10576693,-0.05571296,0.5555555,0.01663859
POSCAR_F6Pd2_1_st025,F6Pd2_1,0.202675,0.5785904,0.04648129,0.10576693,-0.057213534,0.5555555,0.016281243
POSCAR_F6Pd2_1_st050,F6Pd2_1,0.275348,0.5785904,0.0460375,0.10576693,-0.057223022,0.5555555,0.016102653
POSCAR_F6Pd2_1_st950,F6Pd2_1,0.228957,0.5785904,0.04883642,0.10576693,-0.053462237,0.5555555,0.016884666
POSCAR_F6Pd2_1_st975,F6Pd2_1,0.284915,0.5785904,0.048288442,0.10576693,-0.054228105,0.5555555,0.01705486
POSCAR_F6Pd2_2,F6Pd2_2,0.457163,0.6671392,0.05496807,0.11122108,-0.027926182,0.5555555,0.015894216
POSCAR_F6Pd2_2_st025,F6Pd2_2,0.370287,0.6671392,0.054508734,0.11122108,-0.027667057,0.5555555,0.015775822
POSCAR_F6Pd2_2_st050,F6Pd2_2,0.299999,0.6671392,0.05432533,0.11122108,-0.027426641,0.5555555,0.015774967
POSCAR_F6Pd2_2_st950,F6Pd2_2,0.639828,0.6671392,0.05632684,0.11122108,-0.029954303,0.5555555,0.015310973
POSCAR_F6Pd2_2_st975,F6Pd2_2,0.54731,0.6671392,0.05568777,0.11122108,-0.028305875,0.5555555,0.015620311
POSCAR_F6Pd2_2_x025,F6Pd2_2,0.439448,0.6560205,0.05408567,0.11122108,-0.027262596,0.5555555,0.015927177
POSCAR_F6Pd2_2_x050,F6Pd2_2,0.417334,0.6450065,0.053227276,0.11122108,-0.027234945,0.5555555,0.01585697
POSCAR_F6Pd2_2_x950,F6Pd2_2,0.481376,0.6896544,0.055529155,0.11122108,-0.02798861,0.5555555,0.015733548
POSCAR_F6Pd2_2_x975,F6Pd2_2,0.471052,0.6783537,0.05547254,0.11122108,-0.02729858,0.5555555,0.015704663
POSCAR_F6Pd2_2_y025,F6Pd2_2,0.414675,0.67239314,0.053109534,0.11122108,-0.02786446,0.5555555,0.016058074
POSCAR_F6Pd2_2_y050,F6Pd2_2,0.369583,0.6777131,0.05268951,0.11122108,-0.028690742,0.5555555,0.016094781
POSCAR_F6Pd2_2_y950,F6Pd2_2,0.535068,0.6568648,0.054235406,0.11122108,-0.027064681,0.5555555,0.015574399
POSCAR_F6Pd2_2_y975,F6Pd2_2,0.497614,0.66196,0.0547443,0.11122108,-0.027017957,0.5555555,0.015600353
POSCAR_F6Pd2_2_z025,F6Pd2_2,0.425405,0.6731173,0.05470325,0.11122108,-0.0265388,0.5555555,0.015535323
POSCAR_F6Pd2_2_z050,F6Pd2_2,0.392609,0.67914486,0.054143667,0.11122108,-0.026709478,0.5555555,0.015390655
POSCAR_F6Pd2_2_z950,F6Pd2_2,0.514248,0.6553715,0.052635465,0.11122108,-0.028913055,0.5555555,0.016253958
POSCAR_F6Pd2_2_z975,F6Pd2_2,0.48789,0.66122043,0.05330983,0.11122108,-0.02810293,0.5555555,0.016109874
POSCAR_F6Ru2_1,F6Ru2_1,0.110024,0.43772766,0.039493844,0.099996306,-0.06044039,0.7142856,0.013873265
POSCAR_F6Ru2_1_st025,F6Ru2_1,0.130467,0.43772766,0.039152347,0.099996306,-0.060759965,0.7142856,0.013761324
POSCAR_F6Ru2_1_st050,F6Ru2_1,0.129569,0.43772766,0.039387263,0.099996306,-0.060800202,0.7142856,0.013139847
POSCAR_F6Ru2_1_st950,F6Ru2_1,0.029317,0.43772766,0.03998636,0.099996306,-0.060582336,0.7142856,0.0139208315
POSCAR_F6Ru2_1_st975,F6Ru2_1,0.027542,0.43772766,0.039691813,0.099996306,-0.060537565,0.7142856,0.013906565
POSCAR_F6Ru2_1_x025,F6Ru2_1,0.161666,0.44150266,0.038407397,0.099996306,-0.060874723,0.7142856,0.013770579
POSCAR_F6Ru2_1_y025,F6Ru2_1,0.162713,0.4415039,0.03847835,0.099996306,-0.060867973,0.7142856,0.013786497
POSCAR_F6Ru2_1_z025,F6Ru2_1,0.15039,0.43020448,0.040031172,0.099996306,-0.061704762,0.7142856,0.014033918
POSCAR_F6Ru2_1_z050,F6Ru2_1,0.205619,0.42271122,0.039101824,0.099996306,-0.061347976,0.7142856,0.0138574205
POSCAR_F6Ru2_1_z950,F6Ru2_1,0.143853,0.45282423,0.041376777,0.099996306,-0.06133744,0.7142856,0.013879029
POSCAR_F6Ru2_1_z975,F6Ru2_1,0.115443,0.44527107,0.040869217,0.099996306,-0.06177324,0.7142856,0.013764399
POSCAR_F6Ru2_2,F6Ru2_2,0.297575,0.57965744,0.031575873,0.1041178,-0.067822024,0.7142856,0.0059986115
POSCAR_F6Ru2_2_st025,F6Ru2_2,0.272355,0.57965744,0.03139304,0.1041178,-0.0662036,0.7142856,0.0059823063
POSCAR_F6Ru2_2_st050,F6Ru2_2,0.256951,0.57965744,0.031574044,0.1041178,-0.06525806,0.7142856,0.005890906
POSCAR_F6Ru2_2_st950,F6Ru2_2,0.367202,0.57965744,0.032281574,0.1041178,-0.066964194,0.7142856,0.0058807232
POSCAR_F6Ru2_2_st975,F6Ru2_2,0.333808,0.57965744,0.03141071,0.1041178,-0.06869427,0.7142856,0.0057023563
POSCAR_F6Ru2_2_x025,F6Ru2_2,0.275953,0.56941205,0.031740706,0.1041178,-0.06646841,0.7142856,0.0059041292
POSCAR_F6Ru2_2_x050,F6Ru2_2,0.261758,0.55928266,0.03140382,0.1041178,-0.06664381,0.7142856,0.006120001
POSCAR_F6Ru2_2_x950,F6Ru2_2,0.339299,0.6004654,0.038086392,0.1041178,-0.068046965,0.7142856,0.006235797
POSCAR_F6Ru2_2_x975,F6Ru2_2,0.318618,0.59001136,0.034010798,0.1041178,-0.06815822,0.7142856,0.006025476
POSCAR_F6Ru2_2_y025,F6Ru2_2,0.301374,0.5848244,0.031624824,0.1041178,-0.068964586,0.7142856,0.0061333245
POSCAR_F6Ru2_2_y050,F6Ru2_2,0.303497,0.59003896,0.0301702,0.1041178,-0.06759335,0.7142856,0.0057628746
POSCAR_F6Ru2_2_y950,F6Ru2_2,0.341003,0.5694994,0.027972426,0.1041178,-0.06804494,0.7142856,0.005261188
POSCAR_F6Ru2_2_y975,F6Ru2_2,0.318739,0.5745463,0.029468767,0.1041178,-0.0695273,0.7142856,0.005857831
POSCAR_F6Ru2_2_z025,F6Ru2_2,0.299739,0.58484447,0.031526364,0.1041178,-0.06913643,0.7142856,0.0060692923
POSCAR_F6Ru2_2_z050,F6Ru2_2,0.301442,0.590079,0.03018819,0.1041178,-0.06762103,0.7142856,0.005777361
POSCAR_F6Ru2_2_z950,F6Ru2_2,0.34322,0.56945896,0.027996292,0.1041178,-0.06794359,0.7142856,0.005282151
POSCAR_F6Ru2_2_z975,F6Ru2_2,0.320465,0.5745261,0.029459681,0.1041178,-0.0693976,0.7142856,0.0058898265
POSCAR_F6Ti2_3,F6Ti2_3,0.053368,0.5479061,0.02716929,0.10109669,-0.04068342,1.6666662,-0.05562303
POSCAR_F6Ti2_3_st025,F6Ti2_3,0.04457,0.5479061,0.027011458,0.10109669,-0.0405695,1.6666662,-0.055128865
POSCAR_F6Ti2_3_st050,F6Ti2_3,0.038114,0.5479061,0.026994936,0.10109669,-0.040118914,1.6666662,-0.055086415
POSCAR_F6Ti2_3_st950,F6Ti2_3,0.081511,0.5479061,0.027664298,0.10109669,-0.04159673,1.6666662,-0.057601288
POSCAR_F6Ti2_3_st975,F6Ti2_3,0.065241,0.5479061,0.027566455,0.10109669,-0.04131862,1.6666662,-0.05695816
POSCAR_F6Ti2_3_x025,F6Ti2_3,0.051925,0.5381109,0.02611547,0.10109669,-0.040697943,1.6666662,-0.05627498
POSCAR_F6Ti2_3_x050,F6Ti2_3,0.0504,0.52843076,0.025918493,0.10109669,-0.04071085,1.6666662,-0.056813613
POSCAR_F6Ti2_3_x950,F6Ti2_3,0.056445,0.5678127,0.028641853,0.10109669,-0.04133424,1.6666662,-0.05761791
POSCAR_F6Ti2_3_x975,F6Ti2_3,0.054842,0.5578093,0.027080309,0.10109669,-0.041202333,1.6666662,-0.056197863
POSCAR_F6Ti2_3_y025,F6Ti2_3,0.05038,0.5525571,0.026296463,0.10109669,-0.040655788,1.6666662,-0.055249047
POSCAR_F6Ti2_3_y050,F6Ti2_3,0.047166,0.5572552,0.02686606,0.10109669,-0.041961733,1.6666662,-0.05502196
POSCAR_F6Ti2_3_y950,F6Ti2_3,0.061271,0.53877455,0.029093329,0.10109669,-0.042022873,1.6666662,-0.05729307
POSCAR_F6Ti2_3_y975,F6Ti2_3,0.057201,0.5433094,0.027373666,0.10109669,-0.041387077,1.6666662,-0.057037197
POSCAR_F6Ti2_3_z025,F6Ti2_3,0.048424,0.55315334,0.027472287,0.10109669,-0.040597986,1.6666662,-0.05558302
POSCAR_F6Ti2_3_z050,F6Ti2_3,0.0438,0.55843914,0.029191948,0.10109669,-0.040567745,1.6666662,-0.055517882
POSCAR_F6Ti2_3_z950,F6Ti2_3,0.062433,0.5375596,0.025663013,0.10109669,-0.04289569,1.6666662,-0.056588132
POSCAR_F6Ti2_3_z975,F6Ti2_3,0.058755,0.54270536,0.026329849,0.10109669,-0.041133832,1.6666662,-0.05553791
POSCAR_F6Ti2_4,F6Ti2_4,0.053219,0.00826482,-0.057076693,0.09338504,-0.031629786,1.6666662,-0.029433703
POSCAR_F6Ti2_4_st025,F6Ti2_4,0.043724,0.00826482,-0.056831293,0.09338504,-0.031509083,1.6666662,-0.029164787
POSCAR_F6Ti2_4_st050,F6Ti2_4,0.036728,0.00826482,-0.055805095,0.09338504,-0.031041201,1.6666662,-0.029150084
POSCAR_F6Ti2_4_st950,F6Ti2_4,0.082863,0.00826482,-0.060931537,0.09338504,-0.031568725,1.6666662,-0.029319124
POSCAR_F6Ti2_4_st975,F6Ti2_4,0.065801,0.00826482,-0.05831634,0.09338504,-0.03181185,1.6666662,-0.029264338
POSCAR_F6Ti2_4_z025,F6Ti2_4,0.060827,0.0082056075,-0.056202378,0.09338504,-0.03183333,1.6666662,-0.030602373
POSCAR_F6Ti2_4_z050,F6Ti2_4,0.064973,0.008146833,-0.054193504,0.09338504,-0.03167788,1.6666662,-0.03102177
POSCAR_F6Ti2_4_z950,F6Ti2_4,0.045705,0.008384513,-0.06184856,0.09338504,-0.032082576,1.6666662,-0.028989729
POSCAR_F6Ti2_4_z975,F6Ti2_4,0.04504,0.00832446,-0.05998708,0.09338504,-0.031874195,1.6666662,-0.029337248
POSCAR_F6Ti2_6,F6Ti2_6,0.011503,0.4925139,0.029208519,0.08715014,-0.04814149,1.6666662,-0.0510013
POSCAR_F6Ti2_6_st950,F6Ti2_6,0.029379,0.4925139,0.030433817,0.08715014,-0.046704236,1.6666662,-0.050176226
POSCAR_F6Ti2_6_st975,F6Ti2_6,0.018946,0.4925139,0.029460283,0.08715014,-0.048019968,1.6666662,-0.05003182
POSCAR_F6Ti2_6_z025,F6Ti2_6,0.018539,0.48296866,0.028950587,0.08715014,-0.04802608,1.6666662,-0.05169393
POSCAR_F6V2_1,F6V2_1,0.062806,0.32232517,0.022502873,0.09482178,-0.040041562,1.2499996,-0.049021557
POSCAR_F6V2_1_st025,F6V2_1,0.064526,0.32232517,0.02250015,0.09482178,-0.039578285,1.2499996,-0.047856346
POSCAR_F6V2_1_st050,F6V2_1,0.106271,0.32232517,0.022426939,0.09482178,-0.039203793,1.2499996,-0.04794051
POSCAR_F6V2_1_st975,F6V2_1,0.066604,0.32232517,0.021992268,0.09482178,-0.040134758,1.2499996,-0.050770726
POSCAR_F6V2_1_z025,F6V2_1,0.075403,0.31691968,0.022694916,0.09482178,-0.040349457,1.2499996,-0.052578002
POSCAR_F6V2_1_z050,F6V2_1,0.085086,0.3115283,0.022909818,0.09482178,-0.039886314,1.2499996,-0.053219784
POSCAR_F6V2_1_z950,F6V2_1,0.058891,0.33314866,0.023214353,0.09482178,-0.039941795,1.2499996,-0.05554008
POSCAR_F6V2_1_z975,F6V2_1,0.065114,0.32773742,0.022857402,0.09482178,-0.04053554,1.2499996,-0.053747572
POSCAR_F6V2_2,F6V2_2,0.083563,0.597415,0.03345355,0.1053905,-0.0409538,1.2499996,-0.055357482
POSCAR_F6V2_2_st025,F6V2_2,0.128444,0.597415,0.032764055,0.1053905,-0.041681442,1.2499996,-0.054648004
POSCAR_F6V2_2_st050,F6V2_2,0.146712,0.597415,0.03241087,0.1053905,-0.04173289,1.2499996,-0.05444369
POSCAR_F6V2_2_st950,F6V2_2,0.100358,0.597415,0.034195818,0.1053905,-0.041369006,1.2499996,-0.056895923
POSCAR_F6V2_2_st975,F6V2_2,0.087927,0.597415,0.03362324,0.1053905,-0.041414045,1.2499996,-0.05606539
POSCAR_F6V2_2_x025,F6V2_2,0.083547,0.5870234,0.03252328,0.1053905,-0.04161617,1.2499996,-0.055256873
POSCAR_F6V2_2_x050,F6V2_2,0.133017,0.57674366,0.031599134,0.1053905,-0.042108603,1.2499996,-0.05410616
POSCAR_F6V2_2_x950,F6V2_2,0.088794,0.6185016,0.034568854,0.1053905,-0.041697334,1.2499996,-0.05665602
POSCAR_F6V2_2_x975,F6V2_2,0.084662,0.60791063,0.034527864,0.1053905,-0.0409531,1.2499996,-0.05583546
POSCAR_F6V2_2_y025,F6V2_2,0.07599,0.6026721,0.032745242,0.1053905,-0.041828208,1.2499996,-0.056234576
POSCAR_F6V2_2_y950,F6V2_2,0.080503,0.5870803,0.02979508,0.1053905,-0.042318344,1.2499996,-0.05735318
POSCAR_F6V2_2_y975,F6V2_2,0.076656,0.5922148,0.032514,0.1053905,-0.04159981,1.2499996,-0.056850497
POSCAR_F6V2_2_z025,F6V2_2,0.076383,0.6026571,0.03273207,0.1053905,-0.041716665,1.2499996,-0.056225646
POSCAR_F6V2_2_z975,F6V2_2,0.076156,0.5922301,0.032502223,0.1053905,-0.041665714,1.2499996,-0.05690313
POSCAR_F6Zr2_2,F6Zr2_2,0.052726,0.20082274,0.0072114915,0.0891808,-0.03427718,1.6666662,-0.048601206
POSCAR_F6Zr2_2_st025,F6Zr2_2,0.03932,0.20082274,0.0072452333,0.0891808,-0.032902747,1.6666662,-0.04805495
POSCAR_F6Zr2_2_st050,F6Zr2_2,0.028866,0.20082274,0.0072976896,0.0891808,-0.032195725,1.6666662,-0.047945045
POSCAR_F6Zr2_2_st950,F6Zr2_2,0.093015,0.20082274,0.0058050356,0.0891808,-0.036348995,1.6666662,-0.049654737
POSCAR_F6Zr2_2_st975,F6Zr2_2,0.070452,0.20082274,0.0064838696,0.0891808,-0.0355438,1.6666662,-0.049613643
POSCAR_F6Zr2_2_z025,F6Zr2_2,0.048113,0.19725367,0.007169411,0.0891808,-0.0338709,1.6666662,-0.048983872
POSCAR_F6Zr2_2_z050,F6Zr2_2,0.050048,0.19370598,0.0070636105,0.0891808,-0.03172692,1.6666662,-0.04884943
POSCAR_F6Zr2_2_z950,F6Zr2_2,0.067087,0.20800585,0.00905458,0.0891808,-0.03271991,1.6666662,-0.05038961
POSCAR_F6Zr2_2_z975,F6Zr2_2,0.061152,0.2044085,0.008155612,0.0891808,-0.032778233,1.6666662,-0.049837463
POSCAR_F6Zr2_4,F6Zr2_4,0.031449,0.11990883,0.021997783,0.25133514,0.03370834,1.6666662,-0.06771837
POSCAR_F6Zr2_4_st025,F6Zr2_4,0.02609,0.11990883,0.021375732,0.25133514,0.033607513,1.6666662,-0.068429306
POSCAR_F6Zr2_4_st050,F6Zr2_4,0.021832,0.11990883,0.020978002,0.25133514,0.0337754,1.6666662,-0.068787605
POSCAR_F6Zr2_4_st950,F6Zr2_4,0.047639,0.11990883,0.021747772,0.25133514,0.034739435,1.6666662,-0.067436345
POSCAR_F6Zr2_4_st975,F6Zr2_4,0.038416,0.11990883,0.022088783,0.25133514,0.034362692,1.6666662,-0.067666784
POSCAR_F6Zr2_4_x050,F6Zr2_4,0.029004,0.23929545,0.020473782,0.21109872,0.0387158,1.6666662,-0.06292139
POSCAR_F6Zr2_4_x950,F6Zr2_4,0.0327,0.12044831,0.021622473,0.25133514,0.033645056,1.6666662,-0.06857393
POSCAR_F6Zr2_4_x975,F6Zr2_4,0.032291,0.120167494,0.021973725,0.25133514,0.03390981,1.6666662,-0.06837312
POSCAR_F6Zr2_4_y025,F6Zr2_4,0.029376,0.11990126,0.022146638,0.25133514,0.033947,1.6666662,-0.067533925
POSCAR_F6Zr2_4_y050,F6Zr2_4,0.027122,0.1198893,0.02191236,0.25133514,0.03415269,1.6666662,-0.06804247
POSCAR_F6Zr2_4_y950,F6Zr2_4,0.035112,0.2440421,0.02076361,0.21109872,0.03761425,1.6666662,-0.062773824
POSCAR_F6Zr2_4_y975,F6Zr2_4,0.033425,0.11991275,0.021950291,0.25133514,0.03372578,1.6666662,-0.06771529
POSCAR_F6Zr2_4_z025,F6Zr2_4,0.028325,0.12016175,0.021409864,0.25133514,0.03309014,1.6666662,-0.06951638
POSCAR_F6Zr2_4_z050,F6Zr2_4,0.025284,0.12041344,0.02136933,0.25133514,0.032999232,1.6666662,-0.06872271
POSCAR_F6Zr2_4_z950,F6Zr2_4,0.037187,0.23904161,0.020677198,0.21109872,0.039042022,1.6666662,-0.06316149
POSCAR_F6Zr2_4_z975,F6Zr2_4,0.034464,0.11965511,0.022166733,0.25133514,0.03455308,1.6666662,-0.067595184
POSCAR_F8Mn2_1,F8Mn2_1,0.211302,0.7009198,0.048772257,0.0718644,-0.06912772,0.8333332,-0.003363349
POSCAR_F8Mn2_1_st025,F8Mn2_1,0.197819,0.7009198,0.048885223,0.0718644,-0.068543576,0.8333332,-0.0034885225
POSCAR_F8Mn2_1_st050,F8Mn2_1,0.174841,0.7009198,0.048781186,0.0718644,-0.06772891,0.8333332,-0.0036500627
POSCAR_F8Mn2_1_st950,F8Mn2_1,0.183754,0.7009198,0.049242336,0.0718644,-0.07087339,0.8333332,-0.0037926587
POSCAR_F8Mn2_1_st975,F8Mn2_1,0.259269,0.7009198,0.048690133,0.0718644,-0.07106458,0.8333332,-0.003445937
POSCAR_F8Mn2_1_z025,F8Mn2_1,0.205075,0.69057333,0.048796058,0.0718644,-0.068360716,0.8333332,-0.003383658
POSCAR_F8Mn2_1_z050,F8Mn2_1,0.188645,0.6791415,0.04888504,0.0718644,-0.06868065,0.8333332,-0.0037710634
POSCAR_F8Mn2_1_z950,F8Mn2_1,0.197822,0.6880276,0.04916531,0.0718644,-0.07047408,0.8333332,-0.0038242645
POSCAR_F8Mn2_1_z975,F8Mn2_1,0.214593,0.6944423,0.048710875,0.0718644,-0.07023297,0.8333332,-0.0032339487
POSCAR_F8Nb2_3,F8Nb2_3,0.055362,0.6164215,0.035183467,0.07178847,-0.042105287,1.2499996,-0.044013582
POSCAR_F8Nb2_3_st025,F8Nb2_3,0.047892,0.6164215,0.03513485,0.07178847,-0.042045314,1.2499996,-0.04410908
POSCAR_F8Nb2_3_st050,F8Nb2_3,0.042285,0.6164215,0.035014946,0.07178847,-0.041504677,1.2499996,-0.04373746
POSCAR_F8Nb2_3_st950,F8Nb2_3,0.073882,0.6164215,0.034457352,0.07178847,-0.044539876,1.2499996,-0.04554286
POSCAR_F8Nb2_3_st975,F8Nb2_3,0.063556,0.6164215,0.03464141,0.07178847,-0.042861182,1.2499996,-0.044620365
POSCAR_F8Nb2_3_z025,F8Nb2_3,0.052194,0.6235017,0.03540386,0.07178847,-0.041508432,1.2499996,-0.043807063
POSCAR_F8Nb2_3_z050,F8Nb2_3,0.051058,0.61998403,0.035632443,0.07178847,-0.043620408,1.2499996,-0.041624792
POSCAR_F8Nb2_3_z950,F8Nb2_3,0.0638,0.6023429,0.033321332,0.07178847,-0.04468833,1.2499996,-0.042812943
POSCAR_F8Nb2_3_z975,F8Nb2_3,0.058388,0.609364,0.034582086,0.07178847,-0.041826736,1.2499996,-0.043844666
POSCAR_F8Ni2_1,F8Ni2_1,0.296438,0.70480806,0.051076114,0.070209615,-0.066569194,0.5555555,0.014569917
POSCAR_F8Ni2_1_st025,F8Ni2_1,0.329039,0.70480806,0.051016346,0.070209615,-0.06705013,0.5555555,0.014361259
POSCAR_F8Ni2_1_st050,F8Ni2_1,0.305795,0.70480806,0.050955046,0.070209615,-0.06688635,0.5555555,0.014094481
POSCAR_F8Ni2_1_st950,F8Ni2_1,0.261936,0.70480806,0.051624507,0.070209615,-0.06714536,0.5555555,0.01467125
POSCAR_F8Ni2_1_st975,F8Ni2_1,0.243888,0.70480806,0.051138785,0.070209615,-0.0676206,0.5555555,0.014601473
POSCAR_F8Ni2_1_z025,F8Ni2_1,0.295774,0.70200896,0.05041321,0.070209615,-0.06657074,0.5555555,0.014263389
POSCAR_F8Ni2_1_z050,F8Ni2_1,0.282403,0.69186985,0.050563443,0.070209615,-0.0666363,0.5555555,0.013288508
POSCAR_F8Ni2_1_z950,F8Ni2_1,0.291805,0.6999563,0.051367357,0.070209615,-0.06902341,0.5555555,0.013906468
POSCAR_F8Ni2_1_z975,F8Ni2_1,0.297299,0.70235336,0.05083732,0.070209615,-0.06750068,0.5555555,0.014664858
POSCAR_F8V2_1,F8V2_1,0.159775,0.4658322,0.03048721,0.06975288,-0.04829487,1.2499996,-0.05084215
POSCAR_F8V2_1_st025,F8V2_1,0.153575,0.4658322,0.03003834,0.06975288,-0.04760209,1.2499996,-0.051487096
POSCAR_F8V2_1_st050,F8V2_1,0.148281,0.4658322,0.028388869,0.06975288,-0.048715547,1.2499996,-0.053960893
POSCAR_F8V2_1_st950,F8V2_1,0.182574,0.4658322,0.031264875,0.06975288,-0.049471978,1.2499996,-0.049877755
POSCAR_F8V2_1_st975,F8V2_1,0.169177,0.4658322,0.031029811,0.06975288,-0.048669267,1.2499996,-0.050737787
POSCAR_F8V2_1_z025,F8V2_1,0.160037,0.4714569,0.030369664,0.06975288,-0.047791045,1.2499996,-0.05183616
POSCAR_F8V2_1_z050,F8V2_1,0.160604,0.47705817,0.029863939,0.06975288,-0.047193274,1.2499996,-0.052836053
POSCAR_F8V2_1_z950,F8V2_1,0.160103,0.45452976,0.03087782,0.06975288,-0.050284337,1.2499996,-0.051226266
POSCAR_F8V2_1_z975,F8V2_1,0.159814,0.4601883,0.030767903,0.06975288,-0.048970114,1.2499996,-0.051562108
POSCAR_Fe2Ga5_1,Fe2Ga5_1,0.013193,1.7704107e-05,-0.20719343,0.22234474,0.0127372565,0.14285712,-0.0009185778
POSCAR_Fe2Ga5_1_st975,Fe2Ga5_1,0.01726,1.7704107e-05,-0.20745659,0.22234474,0.012797253,0.14285712,-0.0009986149
POSCAR_Fe2Ga5_1_x025,Fe2Ga5_1,0.030495,1.7424207e-05,-0.20586535,0.22234474,0.0125655895,0.14285712,-0.0009295894
POSCAR_Fe2Ga5_1_x050,Fe2Ga5_1,0.008414,1.7148384e-05,-0.20736572,0.22234474,0.012533205,0.14285712,-0.00082473643
POSCAR_Fe2Ga5_1_x950,Fe2Ga5_1,0.009929,1.827533e-05,-0.21112047,0.22234474,0.012791528,0.14285712,-0.00042049002
POSCAR_Fe2Ga5_1_x975,Fe2Ga5_1,0.011001,1.7987892e-05,-0.20891693,0.22234474,0.012747124,0.14285712,-0.0008283097
POSCAR_Fe2Ga5_1_y025,Fe2Ga5_1,0.015222,1.7788181e-05,-0.20985664,0.22234474,0.01260213,0.14285712,-0.00050481485
POSCAR_Fe2Ga5_1_y050,Fe2Ga5_1,0.006595,1.7870148e-05,-0.2119746,0.22234474,0.012501835,0.14285712,-0.00023479588
POSCAR_Fe2Ga5_1_y950,Fe2Ga5_1,0.006837,1.7529737e-05,-0.20547533,0.22234474,0.012797573,0.14285712,-0.0007086518
POSCAR_Fe2Ga5_1_y975,Fe2Ga5_1,0.027718,1.7617947e-05,-0.2054025,0.22234474,0.0126832025,0.14285712,-0.0010058436
POSCAR_Fe2Ga5_1_z025,Fe2Ga5_1,0.006917,1.7899232e-05,-0.20662214,0.22234474,0.012623885,0.14285712,-0.0008471849
POSCAR_Fe2Ga5_1_z050,Fe2Ga5_1,0.004392,1.809109e-05,-0.20852987,0.22234474,0.012709248,0.14285712,-0.0007678661
POSCAR_Fe2Ga5_1_z950,Fe2Ga5_1,0.006575,1.7304119e-05,-0.2105601,0.22234474,0.012929765,0.14285712,-0.0004281265
POSCAR_Fe2Ga5_1_z975,Fe2Ga5_1,0.011075,1.7505728e-05,-0.2084988,0.22234474,0.012643882,0.14285712,-0.00092075724
POSCAR_Fe2Ge1_1,Fe2Ge1_1,0.033693,0.003132227,-0.19526826,0.16666667,0.004157055,0.28571424,0.0021793405
POSCAR_Fe2Ge1_1_st025,Fe2Ge1_1,0.032183,0.003132227,-0.1970803,0.16666667,0.0041895155,0.28571424,0.0023561344
POSCAR_Fe2Ge1_1_st050,Fe2Ge1_1,0.029721,0.003132227,-0.20020378,0.16666667,0.0039651548,0.28571424,0.0025594374
POSCAR_Fe2Ge1_1_st950,Fe2Ge1_1,0.035676,0.003132227,-0.18885711,0.16666667,0.003764999,0.28571424,0.0015595227
POSCAR_Fe2Ge1_1_st975,Fe2Ge1_1,0.035315,0.003132227,-0.19016117,0.16666667,0.0040673334,0.28571424,0.0020432093
POSCAR_Fe2Ge1_1_x025,Fe2Ge1_1,0.029778,0.003214884,-0.19877055,0.16666667,0.0038273982,0.28571424,0.002393429
POSCAR_Fe2Ge1_1_x050,Fe2Ge1_1,0.029667,0.0032971413,-0.2004432,0.16666667,0.003725512,0.28571424,0.0026064743
POSCAR_Fe2Ge1_1_x950,Fe2Ge1_1,0.026226,0.00296585,-0.19312091,0.16666667,0.0038238214,0.28571424,0.0021251112
POSCAR_Fe2Ge1_1_x975,Fe2Ge1_1,0.03074,0.0030492037,-0.19307165,0.16666667,0.0038920871,0.28571424,0.0020846778
POSCAR_Fe2Ge1_1_y025,Fe2Ge1_1,0.030725,0.0031370479,-0.19845249,0.16666667,0.0039428505,0.28571424,0.0023506572
POSCAR_Fe2Ge1_1_y050,Fe2Ge1_1,0.034187,0.0031412565,-0.20007013,0.16666667,0.003836789,0.28571424,0.0025375606
POSCAR_Fe2Ge1_1_y950,Fe2Ge1_1,0.024975,0.0031207013,-0.19325764,0.16666667,0.0038257586,0.28571424,0.0021538234
POSCAR_Fe2Ge1_1_y975,Fe2Ge1_1,0.029755,0.003126782,-0.19317627,0.16666667,0.003929267,0.28571424,0.0021006055
POSCAR_Fe2Ge1_1_z025,Fe2Ge1_1,0.026456,0.003045298,-0.19873105,0.16666667,0.003936611,0.28571424,0.0020496175
POSCAR_Fe2Ge1_1_z050,Fe2Ge1_1,0.021978,0.0029604915,-0.19890569,0.16666667,0.003808698,0.28571424,0.0024220678
POSCAR_Fe2Ge1_1_z950,Fe2Ge1_1,0.045156,0.003312264,-0.19935702,0.16666667,0.003779894,0.28571424,0.002312255
POSCAR_Fe2Ge1_1_z975,Fe2Ge1_1,0.03965,0.0032212352,-0.1981986,0.16666667,0.003878684,0.28571424,0.0022777985
POSCAR_Fe2Ge1_2,Fe2Ge1_2,0.016406,0.006186165,-0.1774543,0.60519046,0.025154117,0.28571424,0.0016570132
POSCAR_Fe2Ge1_2_st025,Fe2Ge1_2,0.015644,0.006186165,-0.18003961,0.60857415,0.02529264,0.28571424,0.001896885
POSCAR_Fe2Ge1_2_st050,Fe2Ge1_2,0.014895,0.006186165,-0.18521594,0.5,0.025371652,0.28571424,0.0019734185
POSCAR_Fe2Ge1_2_x050,Fe2Ge1_2,0.018319,0.0060246997,-0.18305099,0.63545,0.025180433,0.28571424,0.0021544725
POSCAR_Fe2Ge1_2_x950,Fe2Ge1_2,0.018879,0.006353139,-0.17707731,0.5,0.024764553,0.28571424,0.0017581829
POSCAR_Fe2Ge1_2_x975,Fe2Ge1_2,0.017839,0.0062689795,-0.17453395,0.5,0.024609957,0.28571424,0.0014412496
POSCAR_Fe2Ge1_2_y025,Fe2Ge1_2,0.015398,0.006354906,-0.1809196,0.59373087,0.025765108,0.28571424,0.0019804873
POSCAR_Fe2Ge1_2_y950,Fe2Ge1_2,0.017769,0.0058507137,-0.18656766,0.5,0.02380715,0.28571424,0.0015032563
POSCAR_Fe2Ge1_2_y975,Fe2Ge1_2,0.019666,0.0060180835,-0.1757815,0.5,0.024285382,0.28571424,0.001495558
POSCAR_Fe2Ge1_2_z025,Fe2Ge1_2,0.017105,0.0061006597,-0.18032375,0.5,0.024699774,0.28571424,0.0018191714
POSCAR_Fe2Ge1_2_z050,Fe2Ge1_2,0.018413,0.006016736,-0.18121015,0.5,0.024679594,0.28571424,0.0019189545
POSCAR_Fe2Ge2_1,Fe2Ge2_1,0.967852,0.6974468,0.07307938,0.33333334,0.031778466,0.28571424,-0.0026440227
POSCAR_Fe2Ge2_1_st025,Fe2Ge2_1,0.77872,0.6974468,0.073947534,0.33333334,0.032406505,0.28571424,-0.0013047705
POSCAR_Fe2Ge2_1_st050,Fe2Ge2_1,0.593408,0.6974468,0.07266614,0.33333334,0.03334758,0.28571424,-0.0010081134
POSCAR_Fe2Ge2_1_st950,Fe2Ge2_1,0.933279,0.6974468,0.06634068,0.33333334,0.027890291,0.28571424,-0.006081046
POSCAR_Fe2Ge2_1_st975,Fe2Ge2_1,0.858752,0.6974468,0.07107295,0.33333334,0.03047559,0.28571424,-0.0060341503
POSCAR_Fe2Ge2_1_x025,Fe2Ge2_1,0.896476,0.7027534,0.07916402,0.33333334,0.036899425,0.28571424,0.0021837254
POSCAR_Fe2Ge2_1_x050,Fe2Ge2_1,0.861764,0.70811355,0.078428544,0.33333334,0.035929695,0.28571424,0.0028345543
POSCAR_Fe2Ge2_1_x950,Fe2Ge2_1,1.004804,0.68703127,0.07375397,0.33333334,0.03571956,0.28571424,-0.000121603276
POSCAR_Fe2Ge2_1_x975,Fe2Ge2_1,0.854645,0.692203,0.079160534,0.33333334,0.037439108,0.28571424,0.0011120861
POSCAR_Fe2Ge2_1_y025,Fe2Ge2_1,0.896932,0.70275074,0.07918753,0.33333334,0.036879957,0.28571424,0.0022570747
POSCAR_Fe2Ge2_1_y050,Fe2Ge2_1,0.861249,0.70810837,0.07847703,0.33333334,0.03590513,0.28571424,0.0028504755
POSCAR_Fe2Ge2_1_y950,Fe2Ge2_1,1.004193,0.6870371,0.0737959,0.33333334,0.035742167,0.28571424,-7.450424e-05
POSCAR_Fe2Ge2_1_y975,Fe2Ge2_1,0.853975,0.69220585,0.07914438,0.33333334,0.037550423,0.28571424,0.0010622826
POSCAR_Fe2Ge2_1_z025,Fe2Ge2_1,0.707259,0.68692535,0.07328324,0.33333334,0.032076977,0.28571424,-0.0011516797
POSCAR_Fe2Ge2_1_z050,Fe2Ge2_1,0.709558,0.6764684,0.0741765,0.33333334,0.033584572,0.28571424,-0.0006230661
POSCAR_Fe2Ge2_1_z950,Fe2Ge2_1,1.009287,0.71864617,0.068877965,0.33333334,0.027489686,0.28571424,-0.0064593814
POSCAR_Fe2Ge2_1_z975,Fe2Ge2_1,0.990163,0.7080237,0.07531093,0.33333334,0.030597512,0.28571424,-0.0030712942
POSCAR_Fe2Ge4_2,Fe2Ge4_2,0.03755,0.00024076928,-0.23295718,0.3225705,0.020726621,0.28571424,0.0025598325
POSCAR_Fe2Ge4_2_st025,Fe2Ge4_2,0.02147,0.00024076928,-0.2340031,0.3225705,0.020958181,0.28571424,0.0025978151
POSCAR_Fe2Ge4_2_x950,Fe2Ge4_2,0.002911,0.00023252098,-0.23507442,0.3225705,0.02015526,0.28571424,0.002504338
POSCAR_Fe2Ge4_2_x975,Fe2Ge4_2,0.006958,0.00023667404,-0.23255703,0.3225705,0.020640533,0.28571424,0.0027102695
POSCAR_Fe2Ge4_2_y975,Fe2Ge4_2,0.015987,0.00024337943,-0.23463073,0.3225705,0.020682389,0.28571424,0.0027966592
POSCAR_Fe2Ge4_2_z025,Fe2Ge4_2,0.013674,0.00023929843,-0.2359578,0.3225705,0.02067394,0.28571424,0.002487001
POSCAR_Fe2Ge4_2_z950,Fe2Ge4_2,0.006149,0.00024378518,-0.23637089,0.3225705,0.020570623,0.28571424,0.002512669
POSCAR_Fe2I4_1,Fe2I4_1,0.229477,0.096598126,0.013336517,0.037725538,-0.06781072,0.7142856,0.0042116195
POSCAR_Fe2I4_1_st025,Fe2I4_1,0.196622,0.096598126,0.013506686,0.037725538,-0.06677189,0.7142856,0.004416772
POSCAR_Fe2I4_1_st050,Fe2I4_1,0.197388,0.096598126,0.014033986,0.037725538,-0.06660432,0.7142856,0.0044475095
POSCAR_Fe2I4_1_st950,Fe2I4_1,0.26021,0.096598126,0.013098413,0.037725538,-0.06778497,0.7142856,0.004093915
POSCAR_Fe2I4_1_st975,Fe2I4_1,0.238382,0.096598126,0.013139041,0.037725538,-0.06805009,0.7142856,0.004122508
POSCAR_Fe2I4_1_x025,Fe2I4_1,0.223218,0.097240366,0.014181587,0.037725538,-0.07000677,0.7142856,0.004296663
POSCAR_Fe2I4_1_x050,Fe2I4_1,0.217395,0.09675144,0.0141068455,0.037725538,-0.06885124,0.7142856,0.0044626836
POSCAR_Fe2I4_1_x950,Fe2I4_1,0.235387,0.09512475,0.013904572,0.037725538,-0.0695251,0.7142856,0.004423947
POSCAR_Fe2I4_1_x975,Fe2I4_1,0.233035,0.09586899,0.013765261,0.037725538,-0.07039581,0.7142856,0.004318438
POSCAR_Fe2I4_1_y025,Fe2I4_1,0.223375,0.09722598,0.014165864,0.037725538,-0.0699849,0.7142856,0.004296346
POSCAR_Fe2I4_1_y050,Fe2I4_1,0.217546,0.09672307,0.014100384,0.037725538,-0.06889305,0.7142856,0.004458689
POSCAR_Fe2I4_1_y950,Fe2I4_1,0.233503,0.09514291,0.013939035,0.037725538,-0.069517694,0.7142856,0.004425952
POSCAR_Fe2I4_1_y975,Fe2I4_1,0.233494,0.09587808,0.013776321,0.037725538,-0.07040788,0.7142856,0.0043340283
POSCAR_Fe2I4_1_z025,Fe2I4_1,0.22132,0.09516042,0.014161571,0.037725538,-0.07004201,0.7142856,0.004363012
POSCAR_Fe2I4_1_z050,Fe2I4_1,0.20871,0.093717,0.014145942,0.037725538,-0.068634264,0.7142856,0.004513679
POSCAR_Fe2I4_1_z950,Fe2I4_1,0.222561,0.09565583,0.014157879,0.037725538,-0.06970153,0.7142856,0.004317857
POSCAR_Fe2I4_1_z975,Fe2I4_1,0.225407,0.096713476,0.013819153,0.037725538,-0.06850118,0.7142856,0.004073025
POSCAR_Fe2N2_1,Fe2N2_1,0.259577,0.7758126,0.058128238,0.083333336,-0.081057765,0.42857137,0.023547739
POSCAR_Fe2N2_1_st025,Fe2N2_1,0.2213,0.7758126,0.05771978,0.083333336,-0.084607795,0.42857137,0.023869412
POSCAR_Fe2N2_1_st050,Fe2N2_1,0.18655,0.7758126,0.05580843,0.083333336,-0.08630988,0.42857137,0.023750909
POSCAR_Fe2N2_1_st950,Fe2N2_1,0.346473,0.7758126,0.06061442,0.083333336,-0.07094997,0.42857137,0.024588905
POSCAR_Fe2N2_1_st975,Fe2N2_1,0.301316,0.7758126,0.058713038,0.083333336,-0.07927209,0.42857137,0.02352946
POSCAR_Fe2N2_1_x025,Fe2N2_1,0.237276,0.7729079,0.058547027,0.083333336,-0.08145418,0.42857137,0.023556868
POSCAR_Fe2N2_1_x050,Fe2N2_1,0.222323,0.7696755,0.05972239,0.083333336,-0.082576334,0.42857137,0.023057582
POSCAR_Fe2N2_1_x950,Fe2N2_1,0.335378,0.7626769,0.05967911,0.083333336,-0.07785579,0.42857137,0.02310172
POSCAR_Fe2N2_1_x975,Fe2N2_1,0.296746,0.76917475,0.058792207,0.083333336,-0.08019521,0.42857137,0.023909764
POSCAR_Fe2N2_1_y025,Fe2N2_1,0.235468,0.7724867,0.05852424,0.083333336,-0.08143939,0.42857137,0.023549246
POSCAR_Fe2N2_1_y050,Fe2N2_1,0.220317,0.7692521,0.059716605,0.083333336,-0.08256081,0.42857137,0.023044655
POSCAR_Fe2N2_1_y950,Fe2N2_1,0.337073,0.7630764,0.05964967,0.083333336,-0.07804169,0.42857137,0.023061894
POSCAR_Fe2N2_1_y975,Fe2N2_1,0.298456,0.76958406,0.05874104,0.083333336,-0.08021304,0.42857137,0.023908084
POSCAR_Fe2N2_1_z025,Fe2N2_1,0.27759,0.77250564,0.058514323,0.083333336,-0.08186968,0.42857137,0.02369225
POSCAR_Fe2N2_1_z050,Fe2N2_1,0.29129,0.7692436,0.057639703,0.083333336,-0.08235902,0.42857137,0.023746371
POSCAR_Fe2N2_1_z950,Fe2N2_1,0.220171,0.7825839,0.059710264,0.083333336,-0.08138719,0.42857137,0.02374319
POSCAR_Fe2N2_1_z975,Fe2N2_1,0.23667,0.77917004,0.059465613,0.083333336,-0.08087987,0.42857137,0.024029609
POSCAR_Fe2O2_8,Fe2O2_8,0.885788,0.64620167,0.08122724,0.33333334,0.039748326,0.5714285,0.021989742
POSCAR_Fe2O2_8_st025,Fe2O2_8,0.788144,0.64620167,0.08246792,0.33333334,0.041210268,0.5714285,0.022291299
POSCAR_Fe2O2_8_st050,Fe2O2_8,0.813401,0.64620167,0.08293549,0.33333334,0.04115021,0.5714285,0.022429654
POSCAR_Fe2O2_8_st950,Fe2O2_8,1.097725,0.64620167,0.079665184,0.33333334,0.035497025,0.5714285,0.021238083
POSCAR_Fe2O2_8_st975,Fe2O2_8,0.989544,0.64620167,0.08106649,0.33333334,0.037157997,0.5714285,0.0218503
POSCAR_Fe2O2_8_z025,Fe2O2_8,0.880531,0.634749,0.07952619,0.33333334,0.040570494,0.5714285,0.02222614
POSCAR_Fe2O2_8_z050,Fe2O2_8,0.846462,0.6234252,0.075223275,0.33333334,0.039919853,0.5714285,0.02192467
POSCAR_Fe2O2_8_z950,Fe2O2_8,0.896546,0.6694584,0.07764266,0.33333334,0.033831,0.5714285,0.020715838
POSCAR_Fe2O2_8_z975,Fe2O2_8,0.872848,0.6577746,0.079783864,0.33333334,0.036291473,0.5714285,0.021370094
POSCAR_Fe2P2_1,Fe2P2_1,1.124083,0.66371405,0.08403292,0.33333334,0.037690725,0.42857137,0.020798499
POSCAR_Fe2P2_1_st025,Fe2P2_1,1.345244,0.66371405,0.08487758,0.33333334,0.037765697,0.42857137,0.020709002
POSCAR_Fe2P2_1_st050,Fe2P2_1,1.448071,0.66371405,0.08689818,0.33333334,0.038889617,0.42857137,0.019745072
POSCAR_Fe2P2_1_st950,Fe2P2_1,0.71169,0.66371405,0.080469094,0.33333334,0.036318578,0.42857137,0.019867266
POSCAR_Fe2P2_1_x025,Fe2P2_1,1.205387,0.6693238,0.08225717,0.33333334,0.038094446,0.42857137,0.021158446
POSCAR_Fe2P2_1_x050,Fe2P2_1,1.387792,0.6749863,0.07976422,0.33333334,0.03728655,0.42857137,0.020997692
POSCAR_Fe2P2_1_x975,Fe2P2_1,1.028874,0.6581661,0.07942037,0.33333334,0.03783909,0.42857137,0.020944305
POSCAR_Fe2P2_1_y025,Fe2P2_1,1.206184,0.66932297,0.08225091,0.33333334,0.038099624,0.42857137,0.021135733
POSCAR_Fe2P2_1_z025,Fe2P2_1,1.129257,0.65260375,0.08282724,0.33333334,0.037142437,0.42857137,0.02116296
POSCAR_Fe2P2_1_z050,Fe2P2_1,1.23177,0.6415985,0.080755234,0.33333334,0.036301333,0.42857137,0.02119178
POSCAR_Fe2P2_3,Fe2P2_3,0.464446,0.69053286,0.052316744,0.083333336,-0.087381974,0.42857137,0.012966652
POSCAR_Fe2P2_3_st025,Fe2P2_3,0.3371,0.69053286,0.052197773,0.083333336,-0.08692954,0.42857137,0.01310882
POSCAR_Fe2P2_3_st050,Fe2P2_3,0.237309,0.69053286,0.05175972,0.083333336,-0.08668818,0.42857137,0.012881275
POSCAR_Fe2P2_3_st950,Fe2P2_3,0.633067,0.69053286,0.051992327,0.083333336,-0.087531246,0.42857137,0.013042193
POSCAR_Fe2P2_3_st975,Fe2P2_3,0.589359,0.69053286,0.052267354,0.083333336,-0.08760191,0.42857137,0.013143306
POSCAR_Fe2P2_3_x025,Fe2P2_3,0.403457,0.69259393,0.05229932,0.083333336,-0.08766501,0.42857137,0.013044514
POSCAR_Fe2P2_3_x050,Fe2P2_3,0.354218,0.69463915,0.053120345,0.083333336,-0.0838981,0.42857137,0.013557844
POSCAR_Fe2P2_3_x950,Fe2P2_3,0.555201,0.67985183,0.056163784,0.083333336,-0.082658395,0.42857137,0.014283973
POSCAR_Fe2P2_3_x975,Fe2P2_3,0.519643,0.6852106,0.053381067,0.083333336,-0.08706856,0.42857137,0.013100249
POSCAR_Fe2P2_3_y025,Fe2P2_3,0.402897,0.69271815,0.052287348,0.083333336,-0.08765998,0.42857137,0.013053338
POSCAR_Fe2P2_3_y050,Fe2P2_3,0.355292,0.6947663,0.05305025,0.083333336,-0.08390941,0.42857137,0.013559957
POSCAR_Fe2P2_3_y950,Fe2P2_3,0.555913,0.6797366,0.055984233,0.083333336,-0.082639925,0.42857137,0.014251832
POSCAR_Fe2P2_3_y975,Fe2P2_3,0.520607,0.6850924,0.053423002,0.083333336,-0.08707624,0.42857137,0.013109377
POSCAR_Fe2P2_3_z025,Fe2P2_3,0.4473,0.6830083,0.053730104,0.083333336,-0.08599043,0.42857137,0.013189071
POSCAR_Fe2P2_3_z050,Fe2P2_3,0.4347,0.6755343,0.056100514,0.083333336,-0.085536234,0.42857137,0.013673422
POSCAR_Fe2P2_3_z950,Fe2P2_3,0.508691,0.7057089,0.052138317,0.083333336,-0.09001101,0.42857137,0.012931861
POSCAR_Fe2P2_3_z975,Fe2P2_3,0.48605,0.6981019,0.051813085,0.083333336,-0.08838754,0.42857137,0.012985326
POSCAR_Fe2P4_1,Fe2P4_1,0.697066,0.44909343,0.058151457,0.19383158,0.026697038,0.42857137,0.02753178
POSCAR_Fe2P4_1_st025,Fe2P4_1,0.52792,0.44909343,0.057982285,0.19383158,0.026834097,0.42857137,0.0280603
POSCAR_Fe2P4_1_y025,Fe2P4_1,0.721628,0.44918942,0.055367205,0.19383158,0.027118491,0.42857137,0.028285734
POSCAR_Fe2P4_1_y975,Fe2P4_1,0.686877,0.449017,0.058935598,0.19383158,0.026374394,0.42857137,0.027154528
POSCAR_Fe2P4_1_z025,Fe2P4_1,0.643531,0.45433164,0.060686022,0.19383158,0.02594518,0.42857137,0.02758601
POSCAR_Fe2P4_1_z050,Fe2P4_1,0.589619,0.45958114,0.065089226,0.19383158,0.026317142,0.42857137,0.028832704
POSCAR_Fe2P5_1,Fe2P5_1,0.574925,0.5211593,0.05812478,0.16143575,0.0010546966,0.42857137,0.022420598
POSCAR_Fe2P5_1_st025,Fe2P5_1,0.553404,0.5211593,0.058437448,0.16143575,0.0013411744,0.42857137,0.022536265
POSCAR_Fe2P5_1_st975,Fe2P5_1,0.612996,0.5211593,0.057913575,0.16143575,0.0010274253,0.42857137,0.022227706
POSCAR_Fe2P6_2,Fe2P6_2,0.565112,0.4310919,0.056391172,0.14283195,0.007443229,0.42857137,0.025174154
POSCAR_Fe2P6_2_st025,Fe2P6_2,0.56676,0.4310919,0.058369838,0.14283195,0.007320951,0.42857137,0.025898293
POSCAR_Fe2P6_2_st950,Fe2P6_2,0.571684,0.4310919,0.055837166,0.14283195,0.007123847,0.42857137,0.02486916
POSCAR_Fe2P6_2_st975,Fe2P6_2,0.545802,0.4310919,0.05620855,0.14283195,0.0074219313,0.42857137,0.02514164
POSCAR_Fe2P6_2_z025,Fe2P6_2,0.562025,0.4244308,0.057587687,0.14283195,0.009206721,0.42857137,0.02642582
POSCAR_Fe2P6_2_z975,Fe2P6_2,0.509917,0.43782234,0.056546867,0.14283195,0.0070437593,0.42857137,0.024880745
POSCAR_Fe2P8_1,Fe2P8_1,1.011183,0.45233384,0.06205629,0.12253112,0.019216692,0.42857137,0.021901553
POSCAR_Fe2P8_1_st025,Fe2P8_1,0.925677,0.45233384,0.062551245,0.12253112,0.01989103,0.42857137,0.022114677
POSCAR_Fe2P8_1_st050,Fe2P8_1,0.857658,0.45233384,0.06291954,0.12253112,0.02080131,0.42857137,0.022217572
POSCAR_Fe2P8_1_st975,Fe2P8_1,1.145645,0.45233384,0.06137446,0.12253112,0.018253827,0.42857137,0.021682492
POSCAR_Fe2P8_1_x025,Fe2P8_1,1.00309,0.44940862,0.06403279,0.12253112,0.019874558,0.42857137,0.022111988
POSCAR_Fe2P8_1_x050,Fe2P8_1,1.000337,0.44648674,0.06856827,0.12253112,0.022151088,0.42857137,0.023145335
POSCAR_Fe2P8_1_x950,Fe2P8_1,0.9856,0.45818055,0.06172536,0.12253112,0.018572817,0.42857137,0.022103908
POSCAR_Fe2P8_1_x975,Fe2P8_1,1.000008,0.45525903,0.06233175,0.12253112,0.018519696,0.42857137,0.022094045
POSCAR_Fe2P8_1_y025,Fe2P8_1,0.939211,0.4554346,0.06434255,0.12253112,0.019441247,0.42857137,0.022851983
POSCAR_Fe2P8_1_y050,Fe2P8_1,0.925572,0.45851487,0.06935113,0.12253112,0.022786327,0.42857137,0.023991344
POSCAR_Fe2P8_1_y950,Fe2P8_1,1.023402,0.44608095,0.061283518,0.12253112,0.01801248,0.42857137,0.021727124
POSCAR_Fe2P8_1_y975,Fe2P8_1,1.047139,0.44921505,0.061582226,0.12253112,0.018418942,0.42857137,0.021258045
POSCAR_Fe2P8_1_z025,Fe2P8_1,0.990514,0.4521541,0.061335467,0.12253112,0.019778645,0.42857137,0.02135658
POSCAR_Fe2P8_1_z050,Fe2P8_1,0.906559,0.451984,0.05945353,0.12253112,0.016989317,0.42857137,0.020539602
POSCAR_Fe2P8_1_z950,Fe2P8_1,1.05317,0.45272017,0.0688153,0.12253112,0.022206996,0.42857137,0.023472901
POSCAR_Fe2P8_1_z975,Fe2P8_1,1.050953,0.45252272,0.06743748,0.12253112,0.021399206,0.42857137,0.023150362
POSCAR_Fe2Pb2_1,Fe2Pb2_1,0.016176,0.0027865272,-0.22789578,0.43365866,0.018384911,0.28571424,0.0032747118
POSCAR_Fe2Pb2_1_st025,Fe2Pb2_1,0.014288,0.0027865272,-0.22412711,0.43365866,0.018941684,0.28571424,0.0033801934
POSCAR_Fe2Pb2_1_st050,Fe2Pb2_1,0.013964,0.0027865272,-0.22158778,0.43365866,0.019024162,0.28571424,0.0034015663
POSCAR_Fe2Pb2_1_st950,Fe2Pb2_1,0.017057,0.0027865272,-0.22373997,0.43365866,0.01776407,0.28571424,0.0028424007
POSCAR_Fe2Pb2_1_x025,Fe2Pb2_1,0.015253,0.0027548634,-0.22867917,0.43365866,0.018644009,0.28571424,0.0032054412
POSCAR_Fe2Pb2_1_x050,Fe2Pb2_1,0.014857,0.0027234768,-0.23132691,0.43365866,0.018666644,0.28571424,0.0032094563
POSCAR_Fe2Pb2_1_x950,Fe2Pb2_1,0.017254,0.0028505852,-0.22143568,0.43365866,0.018392362,0.28571424,0.0033874817
POSCAR_Fe2Pb2_1_x975,Fe2Pb2_1,0.014572,0.0028184438,-0.22229593,0.43365866,0.018465897,0.28571424,0.0033510374
POSCAR_Fe2Pb2_1_y025,Fe2Pb2_1,0.01522,0.0027688604,-0.23417705,0.43365866,0.018723024,0.28571424,0.0033534241
POSCAR_Fe2Pb2_1_y050,Fe2Pb2_1,0.015241,0.0027513022,-0.23391496,0.43365866,0.018804373,0.28571424,0.0033448727
POSCAR_Fe2Pb2_1_y950,Fe2Pb2_1,0.018215,0.002822141,-0.22079518,0.43365866,0.018391315,0.28571424,0.0032324078
POSCAR_Fe2Pb2_1_y975,Fe2Pb2_1,0.014636,0.0028042917,-0.22183129,0.43365866,0.018510638,0.28571424,0.0033014605
POSCAR_Fe2Pb2_1_z025,Fe2Pb2_1,0.014705,0.0028356554,-0.22437292,0.43365866,0.018810522,0.28571424,0.0033971576
POSCAR_Fe2Pb2_1_z050,Fe2Pb2_1,0.014618,0.0030671936,-0.23102787,0.55690676,0.023339363,0.28571424,0.0023845804
POSCAR_Fe2Pb2_1_z950,Fe2Pb2_1,0.016248,0.0026859576,-0.23112449,0.43365866,0.018261991,0.28571424,0.0032320386
POSCAR_Fe2Pb2_1_z975,Fe2Pb2_1,0.014827,0.0027366295,-0.23153418,0.43365866,0.018411808,0.28571424,0.0032887503
POSCAR_Fe2Pb4_2,Fe2Pb4_2,0.016761,0.002682669,-0.22126421,0.19071442,0.0059824414,0.28571424,0.0035415273
POSCAR_Fe2Pb4_2_st025,Fe2Pb4_2,0.013393,0.002682669,-0.22006842,0.19071442,0.005894777,0.28571424,0.0036109723
POSCAR_Fe2Pb4_2_st050,Fe2Pb4_2,0.011078,0.002682669,-0.22110744,0.19071442,0.0058546024,0.28571424,0.0036481675
POSCAR_Fe2Pb4_2_st950,Fe2Pb4_2,0.018192,0.002682669,-0.21438488,0.19071442,0.006149604,0.28571424,0.0030340045
POSCAR_Fe2Pb4_2_st975,Fe2Pb4_2,0.016739,0.002682669,-0.21845664,0.19071442,0.006112432,0.28571424,0.0032584576
POSCAR_Fe2Pb4_2_x025,Fe2Pb4_2,0.015081,0.0026955367,-0.22139211,0.19071442,0.005925259,0.28571424,0.0035375378
POSCAR_Fe2Pb4_2_x050,Fe2Pb4_2,0.014015,0.0027076257,-0.2210466,0.19071442,0.0059400704,0.28571424,0.003546601
POSCAR_Fe2Pb4_2_x950,Fe2Pb4_2,0.015249,0.0026545555,-0.21860544,0.19071442,0.0061750384,0.28571424,0.003477703
POSCAR_Fe2Pb4_2_x975,Fe2Pb4_2,0.017851,0.0026690117,-0.21884593,0.19071442,0.0060938043,0.28571424,0.0034787038
POSCAR_Fe2Pb4_2_y025,Fe2Pb4_2,0.015573,0.0026923672,-0.22064357,0.19071442,0.005987792,0.28571424,0.0036181032
POSCAR_Fe2Pb4_2_y050,Fe2Pb4_2,0.014791,0.0027017472,-0.22022921,0.19071442,0.0059491154,0.28571424,0.003663986
POSCAR_Fe2Pb4_2_y950,Fe2Pb4_2,0.016154,0.0026623213,-0.21878345,0.19071442,0.006102753,0.28571424,0.0033382191
POSCAR_Fe2Pb4_2_y975,Fe2Pb4_2,0.016779,0.0026726532,-0.2190677,0.19071442,0.0060381624,0.28571424,0.003321557
POSCAR_Fe2Pb4_2_z025,Fe2Pb4_2,0.01749,0.0026597318,-0.22108239,0.19071442,0.005926323,0.28571424,0.0035747283
POSCAR_Fe2Pb4_2_z050,Fe2Pb4_2,0.018749,0.0026371607,-0.22131033,0.19071442,0.0059382548,0.28571424,0.0035764885
POSCAR_Fe2Pb4_2_z950,Fe2Pb4_2,0.01814,0.00272961,-0.21903522,0.19071442,0.0060673044,0.28571424,0.0034367333
POSCAR_Fe2Pb4_2_z975,Fe2Pb4_2,0.016326,0.002705965,-0.2213693,0.19071442,0.0060598818,0.28571424,0.0035434766
POSCAR_Fe2S4_1,Fe2S4_1,0.440052,0.3159096,0.034214683,0.19620414,0.019987898,0.5714285,0.014123317
POSCAR_Fe2S4_1_st025,Fe2S4_1,0.443936,0.3159096,0.033530585,0.19620414,0.019759925,0.5714285,0.014000982
POSCAR_Fe2S4_1_st050,Fe2S4_1,0.444133,0.3159096,0.03270284,0.19620414,0.0196893,0.5714285,0.013371945
POSCAR_Fe2S4_1_st950,Fe2S4_1,0.481423,0.3159096,0.034558337,0.19620414,0.018954512,0.5714285,0.014635709
POSCAR_Fe2S4_1_st975,Fe2S4_1,0.435414,0.3159096,0.035165243,0.19620414,0.01916863,0.5714285,0.014586238
POSCAR_Fe2S4_1_x025,Fe2S4_1,0.453503,0.31007308,0.0337918,0.19620414,0.021636672,0.5714285,0.014559978
POSCAR_Fe2S4_1_x050,Fe2S4_1,0.46693,0.30433697,0.033999264,0.19620414,0.021544464,0.5714285,0.014724674
POSCAR_Fe2S4_1_x950,Fe2S4_1,0.419424,0.32787594,0.033688158,0.19620414,0.020445418,0.5714285,0.014327042
POSCAR_Fe2S4_1_x975,Fe2S4_1,0.426688,0.3218447,0.033862494,0.19620414,0.02005026,0.5714285,0.014160798
POSCAR_Fe2S4_1_y025,Fe2S4_1,0.427789,0.31843653,0.036393918,0.19620414,0.020705627,0.5714285,0.014712113
POSCAR_Fe2S4_1_y050,Fe2S4_1,0.418656,0.3209558,0.03631157,0.19620414,0.020050496,0.5714285,0.014438523
POSCAR_Fe2S4_1_y950,Fe2S4_1,0.478339,0.3108414,0.031889424,0.19620414,0.021397596,0.5714285,0.01367184
POSCAR_Fe2S4_1_y975,Fe2S4_1,0.456598,0.31337714,0.03249738,0.19620414,0.02166499,0.5714285,0.013759216
POSCAR_Fe2S4_1_z025,Fe2S4_1,0.444037,0.319281,0.033211242,0.19620414,0.02017475,0.5714285,0.014010907
POSCAR_Fe2S4_1_z050,Fe2S4_1,0.443206,0.32268065,0.03291008,0.19620414,0.020914242,0.5714285,0.014008559
POSCAR_Fe2S4_1_z950,Fe2S4_1,0.46549,0.30926588,0.039524708,0.19620414,0.021632267,0.5714285,0.015657222
POSCAR_Fe2S4_1_z975,Fe2S4_1,0.433768,0.31257,0.03697875,0.19620414,0.020823678,0.5714285,0.015323136
POSCAR_Fe2Se2_1,Fe2Se2_1,0.783086,0.69831836,0.088655986,0.33333334,0.046965815,0.5714285,0.023303201
POSCAR_Fe2Se2_1_st025,Fe2Se2_1,0.695129,0.69831836,0.08735677,0.33333334,0.046816666,0.5714285,0.022680074
POSCAR_Fe2Se2_1_st050,Fe2Se2_1,0.618414,0.69831836,0.086861685,0.33333334,0.046669435,0.5714285,0.02318032
POSCAR_Fe2Se2_1_st950,Fe2Se2_1,0.975839,0.69831836,0.09097466,0.33333334,0.046843704,0.5714285,0.022487756
POSCAR_Fe2Se2_1_st975,Fe2Se2_1,0.877149,0.69831836,0.089696154,0.33333334,0.04683417,0.5714285,0.02262665
POSCAR_Fe2Se2_1_x025,Fe2Se2_1,0.792916,0.7036182,0.08710098,0.33333334,0.048703607,0.5714285,0.023278862
POSCAR_Fe2Se2_1_x950,Fe2Se2_1,0.827462,0.6879157,0.08402592,0.33333334,0.047270745,0.5714285,0.02297869
POSCAR_Fe2Se2_1_x975,Fe2Se2_1,0.810135,0.693081,0.08699596,0.33333334,0.04845871,0.5714285,0.023377892
POSCAR_Fe2Se2_1_y025,Fe2Se2_1,0.793546,0.70361155,0.087096654,0.33333334,0.04873992,0.5714285,0.023303613
POSCAR_Fe2Se2_1_y050,Fe2Se2_1,0.70893,0.7089583,0.08571356,0.33333334,0.047277253,0.5714285,0.022721633
POSCAR_Fe2Se2_1_y950,Fe2Se2_1,0.820531,0.68792963,0.08401466,0.33333334,0.047269396,0.5714285,0.022967894
POSCAR_Fe2Se2_1_y975,Fe2Se2_1,0.809219,0.69308794,0.08695872,0.33333334,0.048471935,0.5714285,0.023390641
POSCAR_Fe2Se2_1_z025,Fe2Se2_1,0.772098,0.68781364,0.08748113,0.33333334,0.04708115,0.5714285,0.022723004
POSCAR_Fe2Se2_1_z050,Fe2Se2_1,0.632281,0.6773724,0.08743301,0.33333334,0.048699625,0.5714285,0.022660341
POSCAR_Fe2Se2_1_z950,Fe2Se2_1,0.821582,0.71948117,0.09378825,0.33333334,0.047045205,0.5714285,0.022801455
POSCAR_Fe2Se2_1_z975,Fe2Se2_1,0.86069,0.7088775,0.090787284,0.33333334,0.04694394,0.5714285,0.022528127
POSCAR_Fe2Se4_1,Fe2Se4_1,0.463144,0.37666318,0.029674586,0.18950976,0.009869139,0.5714285,0.011478166
POSCAR_Fe2Se4_1_st025,Fe2Se4_1,0.451868,0.37666318,0.029684681,0.18950976,0.009667914,0.5714285,0.011199794
POSCAR_Fe2Se4_1_st050,Fe2Se4_1,0.400561,0.37666318,0.029359028,0.18950976,0.009641032,0.5714285,0.010987879
POSCAR_Fe2Se4_1_st950,Fe2Se4_1,0.429921,0.37666318,0.03089868,0.18950976,0.010957057,0.5714285,0.012269413
POSCAR_Fe2Se4_1_st975,Fe2Se4_1,0.453523,0.37666318,0.029716887,0.18950976,0.01018568,0.5714285,0.011767937
POSCAR_Fe2Se4_1_x025,Fe2Se4_1,0.465244,0.3695859,0.03155221,0.18950976,0.01095878,0.5714285,0.012178029
POSCAR_Fe2Se4_1_x050,Fe2Se4_1,0.464712,0.3626354,0.03256835,0.18950976,0.011276949,0.5714285,0.012233324
POSCAR_Fe2Se4_1_x950,Fe2Se4_1,0.464481,0.39118963,0.029463641,0.18950976,0.009278945,0.5714285,0.012233855
POSCAR_Fe2Se4_1_x975,Fe2Se4_1,0.462569,0.3838653,0.029625371,0.18950976,0.008738831,0.5714285,0.011970149
POSCAR_Fe2Se4_1_y025,Fe2Se4_1,0.441982,0.37987307,0.030397283,0.18950976,0.008492491,0.5714285,0.011566321
POSCAR_Fe2Se4_1_y050,Fe2Se4_1,0.425202,0.38307288,0.030844864,0.18950976,0.008737427,0.5714285,0.012003673
POSCAR_Fe2Se4_1_y950,Fe2Se4_1,0.499109,0.3702244,0.029530127,0.18950976,0.011239863,0.5714285,0.011957735
POSCAR_Fe2Se4_1_y975,Fe2Se4_1,0.487885,0.373446,0.029019626,0.18950976,0.010161183,0.5714285,0.0115945265
POSCAR_Fe2Se4_1_z025,Fe2Se4_1,0.456044,0.38060477,0.027509497,0.18950976,0.009935192,0.5714285,0.011649273
POSCAR_Fe2Se4_1_z050,Fe2Se4_1,0.412051,0.38457465,0.029201392,0.18950976,0.010027095,0.5714285,0.011775555
POSCAR_Fe2Se4_1_z950,Fe2Se4_1,0.406915,0.36888158,0.035259496,0.18950976,0.011735948,0.5714285,0.013088436
POSCAR_Fe2Se4_1_z975,Fe2Se4_1,0.435,0.37275404,0.03217427,0.18950976,0.010891618,0.5714285,0.012333511
POSCAR_Fe2Se8_1,Fe2Se8_1,0.010332,0.0023265204,-0.19016327,0.14626521,0.0014682381,0.5714285,0.006770991
POSCAR_Fe2Se8_1_st950,Fe2Se8_1,0.011152,0.0023265204,-0.19674808,0.14626521,0.0015809301,0.5714285,0.00682417
POSCAR_Fe2Se8_1_st975,Fe2Se8_1,0.010772,0.0023265204,-0.19368269,0.14626521,0.001475648,0.5714285,0.0069094836
POSCAR_Fe2Se8_1_x025,Fe2Se8_1,0.011136,0.0022799827,-0.18862696,0.14626521,0.0014041687,0.5714285,0.006729486
POSCAR_Fe2Se8_1_x050,Fe2Se8_1,0.009204,0.0022343015,-0.1882835,0.14626521,0.0014507151,0.5714285,0.006732587
POSCAR_Fe2Se8_1_x950,Fe2Se8_1,0.012343,0.0024220857,-0.19593316,0.14626521,0.0015355491,0.5714285,0.006833788
POSCAR_Fe2Se8_1_x975,Fe2Se8_1,0.011887,0.002373896,-0.19413802,0.14626521,0.0014933805,0.5714285,0.0068383752
POSCAR_Fe2Se8_1_y025,Fe2Se8_1,0.010178,0.002330068,-0.19551545,0.14626521,0.001906299,0.5714285,0.0069508976
POSCAR_Fe2Se8_1_y050,Fe2Se8_1,0.010682,0.00233352,-0.19584712,0.14626521,0.0018851886,0.5714285,0.0069279615
POSCAR_Fe2Se8_1_y975,Fe2Se8_1,0.01063,0.002322878,-0.19553679,0.14626521,0.0019275891,0.5714285,0.0069645005
POSCAR_Fe2Se8_1_z025,Fe2Se8_1,0.010983,0.00236979,-0.19543606,0.14626521,0.0019271475,0.5714285,0.00695474
POSCAR_Fe2Se8_1_z050,Fe2Se8_1,0.012213,0.0024128526,-0.19615969,0.14626521,0.0019213969,0.5714285,0.0069272965
POSCAR_Fe2Se8_1_z975,Fe2Se8_1,0.010115,0.002283068,-0.19571131,0.14626521,0.0019022862,0.5714285,0.006967513
POSCAR_Fe2Si2_3,Fe2Si2_3,0.663874,0.49003053,0.04809968,0.33333334,0.0198457,0.28571424,0.0015466295
POSCAR_Fe2Si2_3_st025,Fe2Si2_3,0.885518,0.49003053,0.047500037,0.33333334,0.019182276,0.28571424,0.0012001483
POSCAR_Fe2Si2_3_st050,Fe2Si2_3,1.148281,0.49003053,0.04852728,0.33333334,0.019571617,0.28571424,0.0020325712
POSCAR_Fe2Si2_3_st950,Fe2Si2_3,0.387522,0.49003053,0.050021887,0.33333334,0.021945274,0.28571424,0.0030922943
POSCAR_Fe2Si2_3_st975,Fe2Si2_3,0.482542,0.49003053,0.04815488,0.33333334,0.020616729,0.28571424,0.0019089255
POSCAR_Fe2Si2_3_x025,Fe2Si2_3,0.75042,0.4962768,0.048560604,0.33333334,0.02217612,0.28571424,0.00229737
POSCAR_Fe2Si2_3_x050,Fe2Si2_3,0.892828,0.5025955,0.04748306,0.33333334,0.021134917,0.28571424,0.0036150445
POSCAR_Fe2Si2_3_x950,Fe2Si2_3,0.526684,0.4777897,0.048510335,0.33333334,0.02051962,0.28571424,0.0038981047
POSCAR_Fe2Si2_3_x975,Fe2Si2_3,0.596603,0.48386523,0.049145263,0.33333334,0.02197582,0.28571424,0.0026347677
POSCAR_Fe2Si2_3_y025,Fe2Si2_3,0.764984,0.4963567,0.0490624,0.33333334,0.022379797,0.28571424,0.0024502412
POSCAR_Fe2Si2_3_y050,Fe2Si2_3,0.91,0.50275373,0.047932815,0.33333334,0.021153923,0.28571424,0.0031072742
POSCAR_Fe2Si2_3_y950,Fe2Si2_3,0.556485,0.4776256,0.047871858,0.33333334,0.020544548,0.28571424,0.004254454
POSCAR_Fe2Si2_3_y975,Fe2Si2_3,0.586776,0.48378384,0.04864153,0.33333334,0.02179016,0.28571424,0.0024519681
POSCAR_Fe2Si2_3_z025,Fe2Si2_3,0.749432,0.47769764,0.047595438,0.33333334,0.018585235,0.28571424,0.0008189229
POSCAR_Fe2Si2_3_z050,Fe2Si2_3,0.847995,0.465688,0.04737614,0.33333334,0.018283514,0.28571424,0.0009525845
POSCAR_Fe2Si2_3_z950,Fe2Si2_3,0.543913,0.5156709,0.051224794,0.33333334,0.023742676,0.28571424,0.0034418986
POSCAR_Fe2Si2_3_z975,Fe2Si2_3,0.562156,0.50268817,0.04851492,0.33333334,0.021146903,0.28571424,0.0019146824
POSCAR_Fe2Si2_4,Fe2Si2_4,0.021775,0.00028510197,-0.23758404,0.33333334,0.018929608,0.28571424,0.002834946
POSCAR_Fe2Si2_4_st025,Fe2Si2_4,0.018361,0.00028510197,-0.23915087,0.33333334,0.019079497,0.28571424,0.0030258365
POSCAR_Fe2Si2_4_x050,Fe2Si2_4,0.002876,0.00027819455,-0.23786937,0.33333334,0.01915821,0.28571424,0.00289144
POSCAR_Fe2Si2_4_x950,Fe2Si2_4,0.002862,0.00029209355,-0.23854573,0.33333334,0.018775873,0.28571424,0.003006019
POSCAR_Fe2Si2_4_y025,Fe2Si2_4,0.023373,0.000281242,-0.23703708,0.33333334,0.019022116,0.28571424,0.0028009699
POSCAR_Fe2Si2_4_y050,Fe2Si2_4,0.00272,0.0002774077,-0.23759776,0.33333334,0.019098993,0.28571424,0.002861947
POSCAR_Fe2Si2_4_y950,Fe2Si2_4,0.002885,0.0002928866,-0.23879722,0.33333334,0.018807935,0.28571424,0.0030174085
POSCAR_Fe2Si2_4_y975,Fe2Si2_4,0.00964,0.00028898456,-0.2384407,0.33333334,0.018915145,0.28571424,0.0029644757
POSCAR_Fe2Si2_4_z025,Fe2Si2_4,0.004747,0.00029240217,-0.23918247,0.33333334,0.018891865,0.28571424,0.002906144
POSCAR_Fe2Si2_4_z050,Fe2Si2_4,0.007635,0.00029960467,-0.24081637,0.33333334,0.018873336,0.28571424,0.002931576
POSCAR_Fe2Si2_4_z975,Fe2Si2_4,0.010075,0.00027770625,-0.23643652,0.33333334,0.019170916,0.28571424,0.0027051193
POSCAR_Fe2Sn10_2,Fe2Sn10_2,0.017378,0.0009112386,-0.20205295,0.19476737,0.011705297,0.28571424,0.004539346
POSCAR_Fe2Sn10_2_st025,Fe2Sn10_2,0.010209,0.0009112386,-0.20139009,0.19476737,0.0116853835,0.28571424,0.004543412
POSCAR_Fe2Sn10_2_st975,Fe2Sn10_2,0.011509,0.0009112386,-0.20239195,0.19476737,0.011867989,0.28571424,0.00448251
POSCAR_Fe2Sn10_2_x025,Fe2Sn10_2,0.00447,0.0009220741,-0.20310825,0.19476737,0.01170022,0.28571424,0.004494009
POSCAR_Fe2Sn10_2_x950,Fe2Sn10_2,0.004398,0.0008894214,-0.20494878,0.19476737,0.011762944,0.28571424,0.0045624087
POSCAR_Fe2Sn10_2_x975,Fe2Sn10_2,0.052604,0.0009003508,-0.2031477,0.19476737,0.011694788,0.28571424,0.004489198
POSCAR_Fe2Sn10_2_y025,Fe2Sn10_2,0.00932,0.0009147012,-0.20313978,0.19476737,0.011696813,0.28571424,0.004497938
POSCAR_Fe2Sn10_2_y050,Fe2Sn10_2,0.011328,0.0009181523,-0.20377378,0.19476737,0.011614088,0.28571424,0.0045538754
POSCAR_Fe2Sn10_2_y950,Fe2Sn10_2,0.009996,0.00090428727,-0.20499733,0.19476737,0.011773204,0.28571424,0.0045497534
POSCAR_Fe2Sn10_2_y975,Fe2Sn10_2,0.016967,0.0009077666,-0.2031306,0.19476737,0.01169889,0.28571424,0.0044885846
POSCAR_Fe2Sn10_2_z025,Fe2Sn10_2,0.00716,0.00089698244,-0.2039434,0.19476737,0.011641516,0.28571424,0.0045567923
POSCAR_Fe2Sn10_2_z050,Fe2Sn10_2,0.006084,0.0008828875,-0.20763865,0.19476737,0.011671954,0.28571424,0.004778412
POSCAR_Fe2Sn10_2_z950,Fe2Sn10_2,0.010409,0.00094016007,-0.2036938,0.19476737,0.011730229,0.28571424,0.0044643325
POSCAR_Fe2Sn2_1,Fe2Sn2_1,0.907674,0.75949514,0.08478406,0.33333334,0.03880333,0.28571424,0.00660162
POSCAR_Fe2Sn2_1_st050,Fe2Sn2_1,0.625562,0.75949514,0.0839349,0.33333334,0.038936794,0.28571424,0.0072836117
POSCAR_Fe2Sn2_1_st975,Fe2Sn2_1,1.063757,0.75949514,0.08029008,0.33333334,0.035713766,0.28571424,0.0045455336
POSCAR_Fe2Sn2_1_z025,Fe2Sn2_1,0.854956,0.7503474,0.08489278,0.33333334,0.03911387,0.28571424,0.006680875
POSCAR_Fe2Sn2_1_z950,Fe2Sn2_1,1.214414,0.7777565,0.078611344,0.33333334,0.03464952,0.28571424,0.0048943646
POSCAR_Fe2Sn3_1,Fe2Sn3_1,0.031105,0.0013198762,-0.23844698,0.35004565,0.019226395,0.28571424,0.004046872
POSCAR_Fe2Sn3_1_st025,Fe2Sn3_1,0.032701,0.0013198762,-0.23745589,0.35004565,0.0191688,0.28571424,0.0041232426
POSCAR_Fe2Sn3_1_st050,Fe2Sn3_1,0.033459,0.0013198762,-0.23666103,0.35004565,0.019022293,0.28571424,0.0042315735
POSCAR_Fe2Sn3_1_st975,Fe2Sn3_1,0.024752,0.0013198762,-0.23626819,0.35004565,0.018804336,0.28571424,0.0038718607
POSCAR_Fe2Sn3_1_x025,Fe2Sn3_1,0.026797,0.0013179226,-0.23759009,0.35004565,0.018990016,0.28571424,0.004017725
POSCAR_Fe2Sn3_1_x050,Fe2Sn3_1,0.02625,0.001315969,-0.23417488,0.35004565,0.018877264,0.28571424,0.0040952503
POSCAR_Fe2Sn3_1_x975,Fe2Sn3_1,0.038668,0.0013218235,-0.23793769,0.35004565,0.019123515,0.28571424,0.003972133
POSCAR_Fe2Sn3_1_y025,Fe2Sn3_1,0.077003,0.0013181212,-0.23839846,0.35004565,0.01923999,0.28571424,0.0040566134
POSCAR_Fe2Sn3_1_y050,Fe2Sn3_1,0.038503,0.0013159892,-0.23842019,0.35004565,0.019221403,0.28571424,0.0040365946
POSCAR_Fe2Sn3_1_y975,Fe2Sn3_1,0.024814,0.0013212288,-0.23795794,0.35004565,0.018952036,0.28571424,0.003956891
POSCAR_Fe2Sn3_1_z025,Fe2Sn3_1,0.02949,0.0013232722,-0.23821917,0.35004565,0.01918332,0.28571424,0.004022358
POSCAR_Fe2Sn3_1_z050,Fe2Sn3_1,0.031457,0.0013264401,-0.23785186,0.35004565,0.019149072,0.28571424,0.0039881775
POSCAR_Fe2Sn3_1_z950,Fe2Sn3_1,0.031952,0.0013124094,-0.23891766,0.35004565,0.019157968,0.28571424,0.0040362687
POSCAR_Fe2Sn3_1_z975,Fe2Sn3_1,0.02595,0.001316254,-0.23900096,0.35004565,0.019197645,0.28571424,0.00402558
POSCAR_Fe2Sn4_3,Fe2Sn4_3,0.65794,0.50526613,0.051360466,0.18388756,0.009506307,0.28571424,0.0063142884
POSCAR_Fe2Sn4_3_st025,Fe2Sn4_3,0.621082,0.50526613,0.05161419,0.18388756,0.009218716,0.28571424,0.0064768046
POSCAR_Fe2Sn4_3_st050,Fe2Sn4_3,0.585978,0.50526613,0.051481552,0.18388756,0.009142919,0.28571424,0.006496998
POSCAR_Fe2Sn4_3_st950,Fe2Sn4_3,0.750705,0.50526613,0.052331083,0.18388756,0.009690902,0.28571424,0.0055635273
POSCAR_Fe2Sn4_3_st975,Fe2Sn4_3,0.696606,0.50526613,0.051772524,0.18388756,0.009603116,0.28571424,0.0060433093
POSCAR_Fe2Sn4_3_x025,Fe2Sn4_3,0.623912,0.49812064,0.051560163,0.18388756,0.0086054625,0.28571424,0.0051079164
POSCAR_Fe2Sn4_3_x050,Fe2Sn4_3,0.593179,0.49103013,0.05099281,0.18388756,0.0080101825,0.28571424,0.003860778
POSCAR_Fe2Sn4_3_x950,Fe2Sn4_3,0.723683,0.5197004,0.05590603,0.18388756,0.012139881,0.28571424,0.010319469
POSCAR_Fe2Sn4_3_x975,Fe2Sn4_3,0.692788,0.5124613,0.054798912,0.18388756,0.011781783,0.28571424,0.009041204
POSCAR_Fe2Sn4_3_y025,Fe2Sn4_3,0.620565,0.50801045,0.053861056,0.18388756,0.0102875,0.28571424,0.007542633
POSCAR_Fe2Sn4_3_y050,Fe2Sn4_3,0.580182,0.51080275,0.055770993,0.18388756,0.011282591,0.28571424,0.009736773
POSCAR_Fe2Sn4_3_y950,Fe2Sn4_3,0.744264,0.49993655,0.05474872,0.18388756,0.01099413,0.28571424,0.0072875423
POSCAR_Fe2Sn4_3_y975,Fe2Sn4_3,0.702621,0.50257355,0.05321217,0.18388756,0.010343798,0.28571424,0.0069630877
POSCAR_Fe2Sn4_3_z025,Fe2Sn4_3,0.688777,0.50968915,0.053860508,0.18388756,0.011087184,0.28571424,0.0077865715
POSCAR_Fe2Sn4_3_z050,Fe2Sn4_3,0.709362,0.51405215,0.054983348,0.18388756,0.011934245,0.28571424,0.009348042
POSCAR_Fe2Sn4_3_z950,Fe2Sn4_3,0.569504,0.49625075,0.050107513,0.18388756,0.008338443,0.28571424,0.0026750243
POSCAR_Fe2Sn4_3_z975,Fe2Sn4_3,0.618607,0.5007857,0.051582057,0.18388756,0.00895286,0.28571424,0.0049281735
POSCAR_Fe2Sn8_2,Fe2Sn8_2,0.014349,0.0005454635,-0.18606098,0.14475785,-0.00033672998,0.28571424,0.0054501262
POSCAR_Fe2Sn8_2_st025,Fe2Sn8_2,0.010924,0.0005454635,-0.18581639,0.14475785,-0.00022050693,0.28571424,0.0055069732
POSCAR_Fe2Sn8_2_x025,Fe2Sn8_2,0.010574,0.0005487121,-0.18529001,0.14475785,-0.0006810896,0.28571424,0.0055477517
POSCAR_Fe2Sn8_2_x950,Fe2Sn8_2,0.008603,0.000538898,-0.18498552,0.14475785,-0.00068336603,0.28571424,0.0053726444
POSCAR_Fe2Sn8_2_x975,Fe2Sn8_2,0.007351,0.0005421912,-0.18550056,0.14475785,-0.0006813239,0.28571424,0.0054636835
POSCAR_Fe2Sn8_2_y950,Fe2Sn8_2,0.011299,0.0005390938,-0.18510072,0.14475785,-0.00068060594,0.28571424,0.0054034237
POSCAR_Fe2Sn8_2_y975,Fe2Sn8_2,0.006448,0.0005422892,-0.1856201,0.14475785,-0.0006712258,0.28571424,0.0054577985
POSCAR_Fe2Sn8_2_z025,Fe2Sn8_2,0.005729,0.00053906406,-0.18556932,0.14475785,-0.00053979957,0.28571424,0.005518605
POSCAR_Fe2Sn8_2_z050,Fe2Sn8_2,0.008494,0.0005327161,-0.18549381,0.14475785,-0.00058108626,0.28571424,0.0056053265
POSCAR_Fe2Sn8_2_z950,Fe2Sn8_2,0.099564,0.0005583975,-0.18495484,0.14475785,-0.00047015434,0.28571424,0.0055870796
POSCAR_Fe2Sn8_2_z975,Fe2Sn8_2,0.006726,0.00055190973,-0.18497583,0.14475785,-0.0004549605,0.28571424,0.005588746
POSCAR_Fe2Te2_1,Fe2Te2_1,0.928636,0.7134843,0.08653657,0.33333334,0.044750057,0.5714285,0.020904778
POSCAR_Fe2Te2_1_st025,Fe2Te2_1,0.794361,0.7134843,0.08527814,0.33333334,0.0445063,0.5714285,0.020592745
POSCAR_Fe2Te2_1_st050,Fe2Te2_1,0.67724,0.7134843,0.083950564,0.33333334,0.04429232,0.5714285,0.020125596
POSCAR_Fe2Te2_1_st950,Fe2Te2_1,1.231977,0.7134843,0.08709827,0.33333334,0.04400575,0.5714285,0.021075323
POSCAR_Fe2Te2_1_st975,Fe2Te2_1,1.060975,0.7134843,0.08649458,0.33333334,0.044451904,0.5714285,0.020748435
POSCAR_Fe2Te2_1_x025,Fe2Te2_1,0.937695,0.71930647,0.08878276,0.33333334,0.044269577,0.5714285,0.020852733
POSCAR_Fe2Te2_1_x050,Fe2Te2_1,0.950267,0.72516966,0.08938148,0.33333334,0.0447532,0.5714285,0.021329613
POSCAR_Fe2Te2_1_y025,Fe2Te2_1,0.852307,0.71797305,0.087845095,0.33333334,0.04589327,0.5714285,0.020670693
POSCAR_Fe2Te2_1_y950,Fe2Te2_1,1.081198,0.7047779,0.08481275,0.33333334,0.04316425,0.5714285,0.020913294
POSCAR_Fe2Te2_1_y975,Fe2Te2_1,1.012211,0.7090831,0.08543009,0.33333334,0.043506447,0.5714285,0.020874698
POSCAR_Fe2Te2_1_z025,Fe2Te2_1,0.854222,0.70326036,0.084035106,0.33333334,0.044675168,0.5714285,0.020929452
POSCAR_Fe2Te2_1_z050,Fe2Te2_1,0.763478,0.69308364,0.08253189,0.33333334,0.044766165,0.5714285,0.020846443
POSCAR_Fe2Te2_1_z950,Fe2Te2_1,1.033696,0.73403704,0.091977626,0.33333334,0.046261963,0.5714285,0.021234382
POSCAR_Fe2Te2_1_z975,Fe2Te2_1,0.985148,0.7237464,0.08862365,0.33333334,0.044504482,0.5714285,0.020651815
POSCAR_Fe2Te4_1,Fe2Te4_1,0.362934,0.44546503,0.055263925,0.18404624,0.013850625,0.5714285,0.01638489
POSCAR_Fe2Te4_1_st025,Fe2Te4_1,0.357061,0.44546503,0.055035178,0.18404624,0.013975447,0.5714285,0.016050434
POSCAR_Fe2Te4_1_st050,Fe2Te4_1,0.30419,0.44546503,0.05434025,0.18404624,0.014183883,0.5714285,0.015755475
POSCAR_Fe2Te4_1_st950,Fe2Te4_1,0.530094,0.44546503,0.055475257,0.18404624,0.013841739,0.5714285,0.01657575
POSCAR_Fe2Te4_1_st975,Fe2Te4_1,0.411459,0.44546503,0.055300236,0.18404624,0.013837454,0.5714285,0.01652234
POSCAR_Fe2Te4_1_x025,Fe2Te4_1,0.344566,0.43716618,0.057858825,0.18404624,0.015689723,0.5714285,0.016920967
POSCAR_Fe2Te4_1_x050,Fe2Te4_1,0.329021,0.42901334,0.05736466,0.18404624,0.016081972,0.5714285,0.01732503
POSCAR_Fe2Te4_1_x950,Fe2Te4_1,0.434914,0.4624901,0.051026177,0.18404624,0.014044747,0.5714285,0.015691636
POSCAR_Fe2Te4_1_x975,Fe2Te4_1,0.396656,0.4539074,0.053590562,0.18404624,0.0134386895,0.5714285,0.01617803
POSCAR_Fe2Te4_1_y025,Fe2Te4_1,0.342595,0.44928217,0.05470444,0.18404624,0.012941161,0.5714285,0.016039243
POSCAR_Fe2Te4_1_y050,Fe2Te4_1,0.381224,0.45308536,0.053979058,0.18404624,0.012875129,0.5714285,0.015823273
POSCAR_Fe2Te4_1_y950,Fe2Te4_1,0.489238,0.43780217,0.056340043,0.18404624,0.015601423,0.5714285,0.016742956
POSCAR_Fe2Te4_1_y975,Fe2Te4_1,0.396082,0.4416372,0.055897504,0.18404624,0.014912709,0.5714285,0.016644541
POSCAR_Fe2Te4_1_z025,Fe2Te4_1,0.378912,0.4500277,0.054303873,0.18404624,0.014601401,0.5714285,0.01624417
POSCAR_Fe2Te4_1_z050,Fe2Te4_1,0.431177,0.4546167,0.054774076,0.18404624,0.014985884,0.5714285,0.016301785
POSCAR_Fe2Te4_1_z950,Fe2Te4_1,0.37669,0.43643737,0.060825564,0.18404624,0.016129902,0.5714285,0.018000301
POSCAR_Fe2Te4_1_z975,Fe2Te4_1,0.355334,0.4409333,0.058338832,0.18404624,0.015535712,0.5714285,0.017377866
POSCAR_Fe2Te6_1,Fe2Te6_1,0.561462,0.58268106,0.06476273,0.12202004,0.015443489,0.5714285,0.017831372
POSCAR_Fe2Te6_1_x025,Fe2Te6_1,0.524063,0.58616865,0.06534608,0.12202004,0.015645752,0.5714285,0.017761018
POSCAR_Fe2Tl3_1,Fe2Tl3_1,0.014976,0.0033959951,-0.22319415,0.308669,0.018137481,0.14285712,-0.0006180178
POSCAR_Fe2Tl3_1_st050,Fe2Tl3_1,0.011719,0.0033959951,-0.22395349,0.308669,0.01835893,0.14285712,-0.00036553232
POSCAR_Fe2Tl3_1_st950,Fe2Tl3_1,0.013138,0.0033959951,-0.21596241,0.308669,0.017466972,0.14285712,-0.00076184014
POSCAR_Fe2Tl3_1_st975,Fe2Tl3_1,0.012752,0.0033959951,-0.2194021,0.308669,0.017900731,0.14285712,-0.0007140465
POSCAR_Fe2Tl3_1_x050,Fe2Tl3_1,0.014245,0.0033543566,-0.22521633,0.308669,0.01820261,0.14285712,-0.00046445394
POSCAR_Fe2Tl3_1_x975,Fe2Tl3_1,0.013005,0.0034169469,-0.22165923,0.308669,0.018087924,0.14285712,-0.00067346374
POSCAR_Fe2Tl3_1_y025,Fe2Tl3_1,0.013808,0.0034166523,-0.22289121,0.308669,0.018114377,0.14285712,-0.000628063
POSCAR_Fe2Tl3_1_y950,Fe2Tl3_1,0.012803,0.0033527908,-0.22132419,0.308669,0.01796895,0.14285712,-0.00063684577
POSCAR_Fe2Tl3_1_y975,Fe2Tl3_1,0.016797,0.0033747118,-0.22197759,0.308669,0.017997576,0.14285712,-0.0006660027
POSCAR_Fe2Tl3_1_z025,Fe2Tl3_1,0.01172,0.0033961644,-0.22267462,0.308669,0.01812406,0.14285712,-0.0005225515
POSCAR_Fe2Tl3_1_z050,Fe2Tl3_1,0.013494,0.0033967714,-0.22464578,0.308669,0.01833147,0.14285712,-0.00041280498
POSCAR_Fe2Tl3_1_z950,Fe2Tl3_1,0.014759,0.0033970515,-0.21743879,0.308669,0.01778339,0.14285712,-0.00075104425
POSCAR_Fe2Tl3_1_z975,Fe2Tl3_1,0.014278,0.003396284,-0.2214628,0.308669,0.018066527,0.14285712,-0.00069676625
POSCAR_Ga2Ru2_4,Ga2Ru2_4,0.296751,0.49070218,0.04450783,0.33333334,0.015170568,0.14285712,-0.006658351
POSCAR_Ga2Ru2_4_st025,Ga2Ru2_4,0.243899,0.49070218,0.04501077,0.33333334,0.015170628,0.14285712,-0.005656342
POSCAR_Ga2Ru2_4_x025,Ga2Ru2_4,0.284841,0.4969887,0.040981654,0.33333334,0.015437625,0.14285712,-0.0055166245
POSCAR_Ga2Ru2_4_x050,Ga2Ru2_4,0.255782,0.503346,0.040338766,0.33333334,0.014028395,0.14285712,-0.004683553
POSCAR_Ga2Ru2_4_x950,Ga2Ru2_4,0.340839,0.47837603,0.03883707,0.33333334,0.011939665,0.14285712,-0.005536879
POSCAR_Ga2Ru2_4_x975,Ga2Ru2_4,0.271386,0.484495,0.03986287,0.33333334,0.014093336,0.14285712,-0.0066718473
POSCAR_Ga2Ru2_4_y025,Ga2Ru2_4,0.285189,0.49698788,0.04098223,0.33333334,0.015495889,0.14285712,-0.00552629
POSCAR_Ga2Ru2_4_y050,Ga2Ru2_4,0.25587,0.50334436,0.04032938,0.33333334,0.014069471,0.14285712,-0.0046908786
POSCAR_Ga2Ru2_4_y950,Ga2Ru2_4,0.340509,0.4783778,0.03857518,0.33333334,0.011531759,0.14285712,-0.0060552293
POSCAR_Ga2Ru2_4_y975,Ga2Ru2_4,0.271766,0.48449588,0.039874993,0.33333334,0.0140737975,0.14285712,-0.006625301
POSCAR_Ga2Ru2_4_z025,Ga2Ru2_4,0.315792,0.47836825,0.04389982,0.33333334,0.014116609,0.14285712,-0.0066491575
POSCAR_Ga2Ru2_4_z975,Ga2Ru2_4,0.184252,0.50336003,0.04417379,0.33333334,0.015132223,0.14285712,-0.007504083
POSCAR_Ga4Ti2_1,Ga4Ti2_1,0.017872,1.8876447e-06,-0.19081496,0.25009057,0.014546915,0.33333322,-0.0014859627
POSCAR_Ge2Mn2_2,Ge2Mn2_2,0.872173,0.7139841,0.08361282,0.33333334,0.04592886,0.33333328,0.008022694
POSCAR_Ge2Mn2_2_st025,Ge2Mn2_2,0.711603,0.7139841,0.083189376,0.33333334,0.04596967,0.33333328,0.008579196
POSCAR_Ge2Mn2_2_st050,Ge2Mn2_2,0.570749,0.7139841,0.08264017,0.33333334,0.04591274,0.33333328,0.009423039
POSCAR_Ge2Mn2_2_st950,Ge2Mn2_2,1.305334,0.7139841,0.08582139,0.33333334,0.04509709,0.33333328,0.00731755
POSCAR_Ge2Mn2_2_st975,Ge2Mn2_2,1.011471,0.7139841,0.08469104,0.33333334,0.045543853,0.33333328,0.00783446
POSCAR_Ge2Mn2_2_x025,Ge2Mn2_2,0.845483,0.7191232,0.08246214,0.33333334,0.045816552,0.33333328,0.009180806
POSCAR_Ge2Mn2_2_x050,Ge2Mn2_2,0.818675,0.72431684,0.08062755,0.33333334,0.044375375,0.33333328,0.009660076
POSCAR_Ge2Mn2_2_x975,Ge2Mn2_2,0.974748,0.7089087,0.0799154,0.33333334,0.04552822,0.33333328,0.008195778
POSCAR_Ge2Mn2_2_y025,Ge2Mn2_2,0.848769,0.71911633,0.08252483,0.33333334,0.046174716,0.33333328,0.0090391785
POSCAR_Ge2Mn2_2_y050,Ge2Mn2_2,0.821548,0.7243034,0.08068149,0.33333334,0.044150647,0.33333328,0.009630876
POSCAR_Ge2Mn2_2_y950,Ge2Mn2_2,1.057417,0.70392114,0.07782141,0.33333334,0.044406034,0.33333328,0.008644219
POSCAR_Ge2Mn2_2_y975,Ge2Mn2_2,0.970199,0.7089159,0.07982443,0.33333334,0.04532173,0.33333328,0.008348935
POSCAR_Ge2Mn2_2_z025,Ge2Mn2_2,0.8239,0.70379347,0.08153529,0.33333334,0.046442054,0.33333328,0.008544336
POSCAR_Ge2Mn2_2_z950,Ge2Mn2_2,0.788916,0.73446584,0.086564146,0.33333334,0.04561012,0.33333328,0.0082662
POSCAR_Ge2Mn2_2_z975,Ge2Mn2_2,0.754696,0.72421145,0.0858449,0.33333334,0.045495775,0.33333328,0.008579232
POSCAR_Ge2Mn2_3,Ge2Mn2_3,0.099559,0.0005174066,-0.22927743,0.71574074,0.02153195,0.33333328,0.0033761417
POSCAR_Ge2Mn2_3_st025,Ge2Mn2_3,0.092829,0.0005174066,-0.22592309,0.71574074,0.021595769,0.33333328,0.0034483369
POSCAR_Ge2Mn2_3_st975,Ge2Mn2_3,0.09481,0.0005174066,-0.23144564,1.0,0.021314245,0.33333328,0.003144297
POSCAR_Ge2Mn2_3_x950,Ge2Mn2_3,0.10182,0.00054420874,-0.23268265,0.68714744,0.02055831,0.33333328,0.0027971668
POSCAR_Ge2Mn2_3_x975,Ge2Mn2_3,0.095609,0.0005305881,-0.2310429,0.70523024,0.02169262,0.33333328,0.0030202714
POSCAR_Ge2Mn2_3_y050,Ge2Mn2_3,0.090781,0.00049287896,-0.23199148,0.7515278,0.02131145,0.33333328,0.0027611398
POSCAR_Ge2Mn2_3_y975,Ge2Mn2_3,0.109442,0.0005302769,-0.2320145,0.72331303,0.021354813,0.33333328,0.0031937258
POSCAR_Ge2Mn2_3_z975,Ge2Mn2_3,0.098331,0.0004921953,-0.23013371,0.73409307,0.02137534,0.33333328,0.0030244954
POSCAR_Ge2Mo2_2,Ge2Mo2_2,0.569971,0.5306675,0.04816001,0.33333334,0.022699978,0.39999992,0.009047503
POSCAR_Ge2Mo2_2_st050,Ge2Mo2_2,0.421867,0.5306675,0.04677994,0.33333334,0.021445986,0.39999992,0.010077225
POSCAR_Ge2Mo2_2_st950,Ge2Mo2_2,0.327894,0.5306675,0.049212493,0.33333334,0.02486457,0.39999992,0.00855904
POSCAR_Ge2Mo2_2_st975,Ge2Mo2_2,0.443044,0.5306675,0.04854045,0.33333334,0.024691701,0.39999992,0.008374704
POSCAR_Ge2Mo2_2_x025,Ge2Mo2_2,0.635887,0.5369289,0.057440925,0.33333334,0.02835968,0.39999992,0.011683376
POSCAR_Ge2Mo2_2_x050,Ge2Mo2_2,0.635864,0.543255,0.05617335,0.33333334,0.027664961,0.39999992,0.012114949
POSCAR_Ge2Mo2_2_x950,Ge2Mo2_2,0.462079,0.5183744,0.053727135,0.33333334,0.026371857,0.39999992,0.011838401
POSCAR_Ge2Mo2_2_x975,Ge2Mo2_2,0.550519,0.5244796,0.05557709,0.33333334,0.027655628,0.39999992,0.011529619
POSCAR_Ge2Mo2_2_y025,Ge2Mo2_2,0.635646,0.53692955,0.057457365,0.33333334,0.028360544,0.39999992,0.011718007
POSCAR_Ge2Mo2_2_y050,Ge2Mo2_2,0.635589,0.5432563,0.056135274,0.33333334,0.027692178,0.39999992,0.01212043
POSCAR_Ge2Mo2_2_y950,Ge2Mo2_2,0.461577,0.5183729,0.05353847,0.33333334,0.026371606,0.39999992,0.011829287
POSCAR_Ge2Mo2_2_y975,Ge2Mo2_2,0.551103,0.5244789,0.055590242,0.33333334,0.027628094,0.39999992,0.011530924
POSCAR_Ge2Mo2_2_z025,Ge2Mo2_2,0.474775,0.5183515,0.047145028,0.33333334,0.021836184,0.39999992,0.009725232
POSCAR_Ge2Mo2_2_z050,Ge2Mo2_2,0.365801,0.50631064,0.046679087,0.33333334,0.020714415,0.39999992,0.010179223
POSCAR_Ge2Mo2_2_z950,Ge2Mo2_2,0.564233,0.55611527,0.050571024,0.33333334,0.028160535,0.39999992,0.008124241
POSCAR_Ge2Mo2_2_z975,Ge2Mo2_2,0.584401,0.5432565,0.050229605,0.33333334,0.026624778,0.39999992,0.008605074
POSCAR_Ge2Ru2_2,Ge2Ru2_2,0.203586,0.46730903,0.046306007,0.33333334,0.017051144,0.28571424,0.0003786223
POSCAR_Ge2Ru2_2_st025,Ge2Ru2_2,0.279796,0.46730903,0.046764467,0.33333334,0.017131485,0.28571424,0.0006014074
POSCAR_Ge2Ru2_2_st050,Ge2Ru2_2,0.30688,0.46730903,0.047132544,0.33333334,0.017535737,0.28571424,0.0015724961
POSCAR_Ge2Ru2_2_st950,Ge2Ru2_2,0.136835,0.46730903,0.045762297,0.33333334,0.016906222,0.28571424,0.0003787193
POSCAR_Ge2Ru2_2_st975,Ge2Ru2_2,0.123461,0.46730903,0.046825618,0.33333334,0.01773662,0.28571424,0.00068412244
POSCAR_Ge2Ru2_2_x025,Ge2Ru2_2,0.243828,0.47357166,0.047172487,0.33333334,0.020434784,0.28571424,0.0016866659
POSCAR_Ge2Ru2_2_x050,Ge2Ru2_2,0.305911,0.47990927,0.044784535,0.33333334,0.01878307,0.28571424,0.0026616487
POSCAR_Ge2Ru2_2_x950,Ge2Ru2_2,0.208214,0.4550424,0.045486405,0.33333334,0.018533437,0.28571424,0.002762231
POSCAR_Ge2Ru2_2_x975,Ge2Ru2_2,0.179111,0.46112972,0.047667462,0.33333334,0.020940779,0.28571424,0.002093564
POSCAR_Ge2Ru2_2_y025,Ge2Ru2_2,0.244115,0.47357345,0.047203913,0.33333334,0.02045399,0.28571424,0.001760897
POSCAR_Ge2Ru2_2_y050,Ge2Ru2_2,0.3061,0.4799128,0.044883676,0.33333334,0.018882556,0.28571424,0.0028693217
POSCAR_Ge2Ru2_2_y950,Ge2Ru2_2,0.201745,0.4550387,0.04542025,0.33333334,0.018482028,0.28571424,0.0027277227
POSCAR_Ge2Ru2_2_y975,Ge2Ru2_2,0.179407,0.4611279,0.04766162,0.33333334,0.020910222,0.28571424,0.0020860191
POSCAR_Ge2Ru2_2_z025,Ge2Ru2_2,0.21286,0.4550378,0.047018692,0.33333334,0.017122904,0.28571424,0.0005221751
POSCAR_Ge2Ru2_2_z050,Ge2Ru2_2,0.238089,0.4431146,0.047296096,0.33333334,0.017465329,0.28571424,0.0008839319
POSCAR_Ge2Ru2_2_z950,Ge2Ru2_2,0.169089,0.49290943,0.04579195,0.33333334,0.01789651,0.28571424,0.00042595618
POSCAR_Ge2Ru2_2_z975,Ge2Ru2_2,0.173135,0.479932,0.046036195,0.33333334,0.017612299,0.28571424,0.000549969
POSCAR_Ge2V2_2,Ge2V2_2,0.013298,0.000787551,-0.18170065,0.25,0.015787642,0.49999988,0.00851656
POSCAR_Ge2V2_2_st950,Ge2V2_2,0.012515,0.000787551,-0.18701278,0.25,0.017016396,0.49999988,0.008363084
POSCAR_Ge2V2_2_x025,Ge2V2_2,0.012924,0.0007829961,-0.18795997,0.25,0.015794866,0.49999988,0.008807889
POSCAR_Ge2V2_2_x950,Ge2V2_2,0.012688,0.0007966049,-0.19143695,0.25,0.015959524,0.49999988,0.008786699
POSCAR_Ge2V2_2_x975,Ge2V2_2,0.013414,0.000792088,-0.1895078,0.25,0.016099151,0.49999988,0.008878779
POSCAR_Ge2V2_2_y025,Ge2V2_2,0.012934,0.00078294246,-0.18795694,0.25,0.015795263,0.49999988,0.008807848
POSCAR_Ge2V2_2_y950,Ge2V2_2,0.012749,0.00079671,-0.19174823,0.25,0.015983164,0.49999988,0.0087777125
POSCAR_Ge2V2_2_y975,Ge2V2_2,0.013488,0.0007921409,-0.18955301,0.25,0.016099514,0.49999988,0.008877535
POSCAR_Ge2V2_2_z025,Ge2V2_2,0.012469,0.00079644774,-0.18070497,0.25,0.015612539,0.49999988,0.008511295
POSCAR_Ge2V2_2_z050,Ge2V2_2,0.011599,0.0008048537,-0.17923063,0.25,0.015516412,0.49999988,0.00845325
POSCAR_Ge2V2_2_z950,Ge2V2_2,0.021388,0.0007682419,-0.18654773,0.25,0.01637741,0.49999988,0.008367531
POSCAR_Ge2V2_3,Ge2V2_3,0.013144,1.5659627e-06,-0.21896921,0.50027126,0.015949365,0.49999988,0.01038557
POSCAR_Ge2V2_3_st025,Ge2V2_3,0.012649,1.5659627e-06,-0.2180102,0.50027126,0.016077705,0.49999988,0.010188907
POSCAR_Ge2V2_3_st050,Ge2V2_3,0.011798,1.5659627e-06,-0.21586773,0.50027126,0.016003404,0.49999988,0.009869101
POSCAR_Ge2V2_3_st950,Ge2V2_3,0.013637,1.5659627e-06,-0.22091043,0.50027126,0.01599174,0.49999988,0.010722821
POSCAR_Ge2V2_3_st975,Ge2V2_3,0.013696,1.5659627e-06,-0.21987675,0.50027126,0.015970571,0.49999988,0.010516451
POSCAR_Ge2V2_3_x025,Ge2V2_3,0.012957,1.5620901e-06,-0.2189118,0.50027126,0.015972247,0.49999988,0.010307538
POSCAR_Ge2V2_3_x050,Ge2V2_3,0.012554,1.5579373e-06,-0.2185509,0.50027126,0.015982553,0.49999988,0.010180687
POSCAR_Ge2V2_3_x950,Ge2V2_3,0.01351,1.5727616e-06,-0.21912259,0.50027126,0.016029742,0.49999988,0.010607609
POSCAR_Ge2V2_3_x975,Ge2V2_3,0.01319,1.5695292e-06,-0.21988365,0.50027126,0.016077701,0.49999988,0.010459983
POSCAR_Ge2V2_3_y025,Ge2V2_3,0.012226,1.5460711e-06,-0.2179464,0.50027126,0.015944883,0.49999988,0.010360449
POSCAR_Ge2V2_3_y050,Ge2V2_3,0.011857,1.5261535e-06,-0.21755865,0.50027126,0.015936356,0.49999988,0.010230225
POSCAR_Ge2V2_3_y950,Ge2V2_3,0.013562,1.6055309e-06,-0.21995209,0.50027126,0.015979717,0.49999988,0.010632724
POSCAR_Ge2V2_3_y975,Ge2V2_3,0.01342,1.585795e-06,-0.22057931,0.50027126,0.016054489,0.49999988,0.0104732085
POSCAR_Ge2V2_3_z025,Ge2V2_3,0.012888,1.5889372e-06,-0.2184372,0.50027126,0.015987305,0.49999988,0.010505812
POSCAR_Ge2V2_3_z050,Ge2V2_3,0.012654,1.6106845e-06,-0.21841414,0.50027126,0.01596864,0.49999988,0.010572474
POSCAR_Ge2V2_3_z950,Ge2V2_3,0.013975,1.5162951e-06,-0.2178381,0.50027126,0.016094485,0.49999988,0.01029416
POSCAR_Ge2V2_3_z975,Ge2V2_3,0.013535,1.5417506e-06,-0.21899326,0.50027126,0.01586886,0.49999988,0.010375132
POSCAR_Ge4V2_1,Ge4V2_1,0.653949,0.32378143,0.043040227,0.43524912,0.03496522,0.49999988,0.017904544
POSCAR_Ge4V2_1_st025,Ge4V2_1,0.694515,0.32378143,0.043079607,0.43524912,0.035091467,0.49999988,0.01749841
POSCAR_Ge4V2_1_st050,Ge4V2_1,0.718225,0.56997585,0.06000971,0.20370723,0.01667519,0.49999988,0.020107199
POSCAR_Ge4V2_1_st950,Ge4V2_1,0.829845,0.32378143,0.042375114,0.43524912,0.03344002,0.49999988,0.017917452
POSCAR_Ge4V2_1_st975,Ge4V2_1,0.828141,0.32378143,0.04339863,0.43524912,0.035047803,0.49999988,0.018160136
POSCAR_I4Mn2_1,I4Mn2_1,0.414418,0.73950434,0.05433684,0.15843311,-0.0040874355,0.8333332,-0.031264186
POSCAR_I4Mn2_1_st025,I4Mn2_1,0.59273,0.73950434,0.05368381,0.15843311,-0.0038493301,0.8333332,-0.031084955
POSCAR_I4Mn2_1_st050,I4Mn2_1,0.516443,0.73950434,0.053616907,0.15843311,-0.0037709337,0.8333332,-0.030983321
POSCAR_I4Mn2_1_st950,I4Mn2_1,0.397,0.73950434,0.055026744,0.15843311,-0.004724952,0.8333332,-0.0321645
POSCAR_I4Mn2_1_st975,I4Mn2_1,0.378012,0.73950434,0.054749977,0.15843311,-0.0046908855,0.8333332,-0.0316245
POSCAR_I4Mn2_1_x025,I4Mn2_1,0.5629,0.7439687,0.054529317,0.15843311,-0.0038997664,0.8333332,-0.03144558
POSCAR_I4Mn2_1_x050,I4Mn2_1,0.516476,0.74844307,0.05424346,0.15843311,-0.003369387,0.8333332,-0.03148433
POSCAR_I4Mn2_1_x950,I4Mn2_1,0.507082,0.7306191,0.051278077,0.15843311,-0.004530952,0.8333332,-0.031888135
POSCAR_I4Mn2_1_x975,I4Mn2_1,0.653102,0.73505324,0.05163674,0.15843311,-0.0043618022,0.8333332,-0.03195985
POSCAR_I4Mn2_1_y025,I4Mn2_1,0.628649,0.7304365,0.053159885,0.15843311,-0.003855964,0.8333332,-0.031401098
POSCAR_I4Mn2_1_y050,I4Mn2_1,0.642855,0.7211584,0.05238503,0.15843311,-0.0034674604,0.8333332,-0.03223986
POSCAR_I4Mn2_1_y950,I4Mn2_1,0.351711,0.7295719,0.054214675,0.15843311,-0.0041319877,0.8333332,-0.03177673
POSCAR_I4Mn2_1_y975,I4Mn2_1,0.580285,0.7345445,0.053841032,0.15843311,-0.0038323367,0.8333332,-0.03147949
POSCAR_I4Mn2_1_z025,I4Mn2_1,0.628588,0.7301353,0.053167477,0.15843311,-0.003681935,0.8333332,-0.031199932
POSCAR_I4Mn2_1_z050,I4Mn2_1,0.642721,0.7208531,0.052416526,0.15843311,-0.0032913312,0.8333332,-0.031978432
POSCAR_I4Mn2_1_z950,I4Mn2_1,0.351158,0.729868,0.054159217,0.15843311,-0.0043178154,0.8333332,-0.03192255
POSCAR_I4Mn2_1_z975,I4Mn2_1,0.580291,0.73484105,0.053888984,0.15843311,-0.0040254234,0.8333332,-0.031647347
POSCAR_I4Nb2_1,I4Nb2_1,0.218281,0.7467114,0.045123685,0.15890883,0.0010107155,1.2499996,-0.07596875
POSCAR_I4Nb2_1_st025,I4Nb2_1,0.205958,0.7467114,0.044633653,0.15890883,0.00112084,1.2499996,-0.075201534
POSCAR_I4Nb2_1_st050,I4Nb2_1,0.176468,0.7467114,0.044433348,0.15890883,0.0011431576,1.2499996,-0.07481673
POSCAR_I4Nb2_1_st950,I4Nb2_1,0.31313,0.7467114,0.043773655,0.15890883,0.0002243266,1.2499996,-0.07742097
POSCAR_I4Nb2_1_st975,I4Nb2_1,0.259201,0.7467114,0.04393187,0.15890883,0.00043344137,1.2499996,-0.07701366
POSCAR_I4Nb2_1_x025,I4Nb2_1,0.219754,0.7515374,0.04453485,0.15890883,0.0012471293,1.2499996,-0.07623399
POSCAR_I4Nb2_1_x050,I4Nb2_1,0.253668,0.75636446,0.043887943,0.15890883,0.00071152847,1.2499996,-0.07824135
POSCAR_I4Nb2_1_x950,I4Nb2_1,0.220003,0.73707676,0.0443799,0.15890883,-0.00026231943,1.2499996,-0.07554485
POSCAR_I4Nb2_1_x975,I4Nb2_1,0.218603,0.7418899,0.044562917,0.15890883,0.00033067132,1.2499996,-0.07580437
POSCAR_I4Nb2_1_y025,I4Nb2_1,0.19973,0.7405602,0.044906985,0.15890883,0.0010091225,1.2499996,-0.07578772
POSCAR_I4Nb2_1_y050,I4Nb2_1,0.179192,0.7313132,0.0441406,0.15890883,0.0007875319,1.2499996,-0.074587606
POSCAR_I4Nb2_1_y950,I4Nb2_1,0.250973,0.7375127,0.04338203,0.15890883,0.000633556,1.2499996,-0.0759663
POSCAR_I4Nb2_1_y975,I4Nb2_1,0.235515,0.7421142,0.04412067,0.15890883,0.00081129075,1.2499996,-0.07605552
POSCAR_I4Nb2_1_z025,I4Nb2_1,0.200269,0.73732996,0.04435186,0.15890883,0.0007634425,1.2499996,-0.07577815
POSCAR_I4Nb2_1_z050,I4Nb2_1,0.180258,0.72802615,0.043568037,0.15890883,0.00055844017,1.2499996,-0.074922994
POSCAR_I4Nb2_1_z950,I4Nb2_1,0.249824,0.7406591,0.043806862,0.15890883,0.00081835163,1.2499996,-0.07604712
POSCAR_I4Nb2_1_z975,I4Nb2_1,0.234984,0.7452753,0.044568095,0.15890883,0.0010728587,1.2499996,-0.07631117
POSCAR_I4Ni2_1,I4Ni2_1,0.192964,0.13956672,0.021228565,0.035922017,-0.06485913,0.5555555,0.009444447
POSCAR_I4Ni2_1_st025,I4Ni2_1,0.164717,0.13956672,0.021399988,0.035922017,-0.06385576,0.5555555,0.009550808
POSCAR_I4Ni2_1_st050,I4Ni2_1,0.138204,0.13956672,0.021540035,0.035922017,-0.06321637,0.5555555,0.0095646065
POSCAR_I4Ni2_1_st950,I4Ni2_1,0.206028,0.13956672,0.020780096,0.035922017,-0.06595193,0.5555555,0.009287576
POSCAR_I4Ni2_1_st975,I4Ni2_1,0.212684,0.13956672,0.021193283,0.035922017,-0.06553421,0.5555555,0.009339464
POSCAR_I4Ni2_1_x025,I4Ni2_1,0.191067,0.1386916,0.020970747,0.035922017,-0.06549288,0.5555555,0.009706686
POSCAR_I4Ni2_1_x975,I4Ni2_1,0.20446,0.14046015,0.020782433,0.035922017,-0.06597036,0.5555555,0.00967641
POSCAR_I4Ni2_1_y025,I4Ni2_1,0.193626,0.13869414,0.020970646,0.035922017,-0.06551661,0.5555555,0.009723095
POSCAR_I4Ni2_1_y975,I4Ni2_1,0.200746,0.14045666,0.020799229,0.035922017,-0.06589956,0.5555555,0.00966878
POSCAR_I4Ni2_1_z025,I4Ni2_1,0.173823,0.14131747,0.021179464,0.035922017,-0.0636916,0.5555555,0.009380025
POSCAR_I4Ni2_1_z050,I4Ni2_1,0.167596,0.14303267,0.02105339,0.035922017,-0.06353866,0.5555555,0.0095459
POSCAR_I4Ni2_1_z950,I4Ni2_1,0.212358,0.13598943,0.020112881,0.035922017,-0.06368617,0.5555555,0.009537897
POSCAR_I4Ni2_1_z975,I4Ni2_1,0.205804,0.1377879,0.020922717,0.035922017,-0.06536391,0.5555555,0.009577485
POSCAR_I4Rh2_1,I4Rh2_1,0.333762,0.75105083,0.06816478,0.15293528,0.0069552483,0.62499994,0.015009459
POSCAR_I4Rh2_1_x025,I4Rh2_1,0.319593,0.75418895,0.070482336,0.15293528,0.007600439,0.62499994,0.015798418
POSCAR_I4Rh2_1_x050,I4Rh2_1,0.328146,0.75736207,0.07247321,0.15293528,0.008147972,0.62499994,0.016091276
POSCAR_I4Rh2_1_x950,I4Rh2_1,0.324707,0.7448911,0.068489805,0.15293528,0.006625689,0.62499994,0.014658293
POSCAR_I4Rh2_1_x975,I4Rh2_1,0.298322,0.7479506,0.06787902,0.15293528,0.006701756,0.62499994,0.014527606
POSCAR_I4Rh2_1_y025,I4Rh2_1,0.321026,0.7429693,0.067848235,0.15293528,0.0068417015,0.62499994,0.014623566
POSCAR_I4Rh2_1_y050,I4Rh2_1,0.30681,0.7349743,0.06819926,0.15293528,0.007634819,0.62499994,0.014825325
POSCAR_I4Rh2_1_y950,I4Rh2_1,0.312872,0.7416904,0.07185197,0.15293528,0.0075586825,0.62499994,0.015935408
POSCAR_I4Rh2_1_y975,I4Rh2_1,0.32213,0.7467204,0.07109603,0.15293528,0.00703595,0.62499994,0.01567897
POSCAR_I4Rh2_1_z025,I4Rh2_1,0.321186,0.7436651,0.06845719,0.15293528,0.0067907525,0.62499994,0.014663298
POSCAR_I4Rh2_1_z050,I4Rh2_1,0.307126,0.73568463,0.06813522,0.15293528,0.007497344,0.62499994,0.0148489475
POSCAR_I4Rh2_1_z950,I4Rh2_1,0.314737,0.7410042,0.07075287,0.15293528,0.0075996662,0.62499994,0.015850838
POSCAR_I4Rh2_1_z975,I4Rh2_1,0.322891,0.7460367,0.07027387,0.15293528,0.0070726518,0.62499994,0.01562852
POSCAR_I4Ti2_1,I4Ti2_1,0.080827,0.737064,0.043996878,0.15899643,0.005959683,1.6666662,-0.07628304
POSCAR_I4Ti2_1_st025,I4Ti2_1,0.060738,0.737064,0.043747146,0.15899643,0.0060261837,1.6666662,-0.07596028
POSCAR_I4Ti2_1_st050,I4Ti2_1,0.069459,0.737064,0.043710127,0.15899643,0.005984276,1.6666662,-0.07558031
POSCAR_I4Ti2_1_st975,I4Ti2_1,0.070806,0.737064,0.043141875,0.15899643,0.005583264,1.6666662,-0.076100685
POSCAR_I4Ti2_1_x025,I4Ti2_1,0.095834,0.7416546,0.043987185,0.15899643,0.0062733176,1.6666662,-0.07664882
POSCAR_I4Ti2_1_x050,I4Ti2_1,0.101853,0.7462524,0.04433464,0.15899643,0.0068600397,1.6666662,-0.077216364
POSCAR_I4Ti2_1_x950,I4Ti2_1,0.069829,0.72791857,0.04284774,0.15899643,0.005794536,1.6666662,-0.07253547
POSCAR_I4Ti2_1_x975,I4Ti2_1,0.059235,0.7324841,0.042701054,0.15899643,0.006344733,1.6666662,-0.07678761
POSCAR_I4Ti2_1_y025,I4Ti2_1,0.054266,0.7275213,0.044800203,0.15899643,0.0061591407,1.6666662,-0.07595042
POSCAR_I4Ti2_1_y050,I4Ti2_1,0.044192,0.7180656,0.044404812,0.15899643,0.006203201,1.6666662,-0.07654387
POSCAR_I4Ti2_1_y950,I4Ti2_1,0.056076,0.73048455,0.04321965,0.15899643,0.0063101994,1.6666662,-0.07692267
POSCAR_I4Ti2_1_y975,I4Ti2_1,0.055313,0.7355124,0.043772876,0.15899643,0.0062388335,1.6666662,-0.0767572
POSCAR_I4Ti2_1_z025,I4Ti2_1,0.053516,0.7310406,0.044790532,0.15899643,0.006216635,1.6666662,-0.0759559
POSCAR_I4Ti2_1_z050,I4Ti2_1,0.046923,0.72164226,0.044570185,0.15899643,0.0062525608,1.6666662,-0.076750755
POSCAR_I4Ti2_1_z950,I4Ti2_1,0.055599,0.7270391,0.04307715,0.15899643,0.0062695034,1.6666662,-0.07648375
POSCAR_I4Ti2_1_z975,I4Ti2_1,0.055284,0.7320579,0.043841317,0.15899643,0.006159167,1.6666662,-0.07658622
POSCAR_I6Nb2_1,I6Nb2_1,0.172142,0.6418062,0.041231446,0.1088191,-0.017779712,1.2499996,-0.06097796
POSCAR_I6Nb2_1_st025,I6Nb2_1,0.167922,0.6418062,0.041237224,0.1088191,-0.01767522,1.2499996,-0.061314266
POSCAR_I6Nb2_1_st050,I6Nb2_1,0.18972,0.6418062,0.041032307,0.1088191,-0.017594827,1.2499996,-0.061232332
POSCAR_I6Nb2_1_st950,I6Nb2_1,0.259746,0.6418062,0.041320443,0.1088191,-0.017918838,1.2499996,-0.061162315
POSCAR_I6Nb2_1_st975,I6Nb2_1,0.2289,0.6418062,0.041324493,0.1088191,-0.01787998,1.2499996,-0.061024837
POSCAR_I6Nb2_1_x025,I6Nb2_1,0.186125,0.64683706,0.0408481,0.1088191,-0.018270101,1.2499996,-0.06321766
POSCAR_I6Nb2_1_x975,I6Nb2_1,0.209331,0.63680905,0.040038988,0.1088191,-0.017741907,1.2499996,-0.060059816
POSCAR_I6Nb2_1_y025,I6Nb2_1,0.188243,0.6468393,0.040832587,0.1088191,-0.018264527,1.2499996,-0.063234
POSCAR_I6Nb2_1_y975,I6Nb2_1,0.208717,0.63680667,0.04004422,0.1088191,-0.01775585,1.2499996,-0.060013246
POSCAR_I6Nb2_1_z025,I6Nb2_1,0.160022,0.63177305,0.040274315,0.1088191,-0.017812617,1.2499996,-0.058359727
POSCAR_I6Nb2_1_z050,I6Nb2_1,0.175856,0.62174815,0.039584365,0.1088191,-0.018096413,1.2499996,-0.05741938
POSCAR_I6Nb2_1_z950,I6Nb2_1,0.266269,0.6618431,0.042139724,0.1088191,-0.018683387,1.2499996,-0.063769534
POSCAR_I6Nb2_1_z975,I6Nb2_1,0.223632,0.6518342,0.042086452,0.1088191,-0.018425908,1.2499996,-0.0635322
POSCAR_In6Mo2_1,In6Mo2_1,0.027712,0.0015363534,-0.2097519,0.41586128,0.018257074,0.19999996,0.0008448599
POSCAR_In6Mo2_1_x950,In6Mo2_1,0.026475,0.0015871252,-0.21002857,0.41586128,0.018153772,0.19999996,0.000954252
POSCAR_In6Mo2_1_y050,In6Mo2_1,0.026808,0.0015744228,-0.20505667,0.41586128,0.018319359,0.19999996,0.0007891782
POSCAR_In8Mn2_3,In8Mn2_3,0.30061,0.13316305,0.034359314,0.14819673,-0.0041015698,0.16666664,0.0063718227
POSCAR_In8Mn2_3_st025,In8Mn2_3,0.338828,0.13316305,0.0341222,0.14819673,-0.0046812585,0.16666664,0.0059512914
POSCAR_In8Mn2_3_st050,In8Mn2_3,0.324021,0.13316305,0.032546017,0.14819673,-0.0050385133,0.16666664,0.0056303553
POSCAR_In8Mn2_3_st950,In8Mn2_3,0.301508,0.13316305,0.033729475,0.14819673,-0.0043237978,0.16666664,0.0061095627
POSCAR_In8Mn2_3_st975,In8Mn2_3,0.285472,0.13316305,0.03416055,0.14819673,-0.0042866543,0.16666664,0.006231109
POSCAR_In8Mn2_3_x025,In8Mn2_3,0.35849,0.13450254,0.034125,0.14819673,-0.0047295247,0.16666664,0.006304654
POSCAR_In8Mn2_3_x050,In8Mn2_3,0.388345,0.13583763,0.034018233,0.14819673,-0.005433359,0.16666664,0.00592908
POSCAR_In8Mn2_3_x950,In8Mn2_3,0.326536,0.13047542,0.033552393,0.14819673,-0.005882259,0.16666664,0.0063343877
POSCAR_In8Mn2_3_x975,In8Mn2_3,0.287352,0.13182028,0.033767838,0.14819673,-0.0053031812,0.16666664,0.006259066
POSCAR_In8Mn2_3_y025,In8Mn2_3,0.358602,0.13451305,0.034142137,0.14819673,-0.004880029,0.16666664,0.0063330694
POSCAR_In8Mn2_3_y050,In8Mn2_3,0.389164,0.1358586,0.03415584,0.14819673,-0.0053370404,0.16666664,0.00621986
POSCAR_In8Mn2_3_y950,In8Mn2_3,0.326602,0.13045421,0.033586122,0.14819673,-0.005848544,0.16666664,0.006307196
POSCAR_In8Mn2_3_y975,In8Mn2_3,0.287483,0.1318097,0.033862296,0.14819673,-0.004997487,0.16666664,0.006513279
POSCAR_In8Mn2_3_z025,In8Mn2_3,0.290864,0.1304909,0.033665083,0.14819673,-0.0045271884,0.16666664,0.0061084824
POSCAR_In8Mn2_3_z050,In8Mn2_3,0.277931,0.12786178,0.033085003,0.14819673,-0.0044679744,0.16666664,0.006174282
POSCAR_In8Mn2_3_z975,In8Mn2_3,0.304418,0.13587677,0.034460735,0.14819673,-0.004404183,0.16666664,0.006425738
POSCAR_Mn2N2_2,Mn2N2_2,0.464386,0.7595386,0.053664412,0.083333336,-0.09491909,0.4999999,0.0156664
POSCAR_Mn2N2_2_st025,Mn2N2_2,0.472685,0.7595386,0.052176215,0.083333336,-0.09342796,0.4999999,0.015463853
POSCAR_Mn2N2_2_st050,Mn2N2_2,0.47309,0.7595386,0.05093834,0.083333336,-0.09334064,0.4999999,0.01590238
POSCAR_Mn2N2_2_st950,Mn2N2_2,0.5519,0.7595386,0.055473223,0.083333336,-0.089689024,0.4999999,0.015551129
POSCAR_Mn2N2_2_st975,Mn2N2_2,0.507699,0.7595386,0.054178406,0.083333336,-0.09266864,0.4999999,0.015443518
POSCAR_Mn2N2_2_x025,Mn2N2_2,0.46863,0.7569805,0.053283487,0.083333336,-0.09351841,0.4999999,0.015594235
POSCAR_Mn2N2_2_x050,Mn2N2_2,0.466563,0.75434834,0.053342793,0.083333336,-0.09373124,0.4999999,0.015558413
POSCAR_Mn2N2_2_x950,Mn2N2_2,0.513671,0.7502325,0.055609208,0.083333336,-0.091653846,0.4999999,0.015328124
POSCAR_Mn2N2_2_x975,Mn2N2_2,0.489043,0.75615877,0.05398692,0.083333336,-0.09268201,0.4999999,0.015390883
POSCAR_Mn2N2_2_y025,Mn2N2_2,0.470652,0.759517,0.053609207,0.083333336,-0.09465061,0.4999999,0.015770007
POSCAR_Mn2N2_2_y050,Mn2N2_2,0.469483,0.75688213,0.053364534,0.083333336,-0.095132045,0.4999999,0.015722498
POSCAR_Mn2N2_2_y950,Mn2N2_2,0.506079,0.7478609,0.055462312,0.083333336,-0.091360666,0.4999999,0.015362815
POSCAR_Mn2N2_2_y975,Mn2N2_2,0.477805,0.75370234,0.054230552,0.083333336,-0.09212474,0.4999999,0.015329031
POSCAR_Mn2N2_2_z025,Mn2N2_2,0.467926,0.75625306,0.05330167,0.083333336,-0.092119776,0.4999999,0.01521636
POSCAR_Mn2N2_2_z050,Mn2N2_2,0.465246,0.75299996,0.054141797,0.083333336,-0.09247085,0.4999999,0.015297416
POSCAR_Mn2N2_2_z950,Mn2N2_2,0.462139,0.7662285,0.052954767,0.083333336,-0.09016401,0.4999999,0.015922809
POSCAR_Mn2N2_2_z975,Mn2N2_2,0.469589,0.76286185,0.053733867,0.083333336,-0.092267536,0.4999999,0.015693776
POSCAR_Mn2N2_3,Mn2N2_3,0.951758,0.7571671,0.09680988,0.51653177,0.047453612,0.4999999,0.027130002
POSCAR_Mn2N2_3_st025,Mn2N2_3,0.950584,0.7571671,0.09434016,0.51653177,0.046957057,0.4999999,0.02652848
POSCAR_Mn2N2_3_st050,Mn2N2_3,0.943564,0.7571671,0.09346874,0.51653177,0.046497602,0.4999999,0.026425784
POSCAR_Mn2N2_3_st950,Mn2N2_3,1.061157,0.7571671,0.09388445,0.51653177,0.04403334,0.4999999,0.02705691
POSCAR_Mn2N2_3_st975,Mn2N2_3,0.968497,0.7571671,0.09535488,0.51653177,0.044706557,0.4999999,0.026877793
POSCAR_Mn2N2_3_z025,Mn2N2_3,1.030581,0.74051774,0.09548205,0.5160658,0.04737406,0.4999999,0.027086735
POSCAR_Mn2N2_3_z050,Mn2N2_3,1.077095,0.7242056,0.09175627,0.51505464,0.045672443,0.4999999,0.026849976
POSCAR_Mn2N2_3_z950,Mn2N2_3,1.008152,0.7914588,0.097057,0.5175488,0.045322165,0.4999999,0.027429415
POSCAR_Mn2N2_3_z975,Mn2N2_3,0.911785,0.7741494,0.098447144,0.5170253,0.047238313,0.4999999,0.027819743
POSCAR_Mn2N2_7,Mn2N2_7,0.012529,0.0037766544,-0.17025943,0.083333336,-0.036654424,0.4999999,0.010885486
POSCAR_Mn2N2_7_st025,Mn2N2_7,0.011816,0.0037766544,-0.1666296,0.083333336,-0.036409274,0.4999999,0.010915668
POSCAR_Mn2N2_7_st050,Mn2N2_7,0.011117,0.0037766544,-0.1656326,0.083333336,-0.036331706,0.4999999,0.010767749
POSCAR_Mn2N2_7_st950,Mn2N2_7,0.012034,0.0037766544,-0.17663203,0.083333336,-0.03433436,0.4999999,0.01080979
POSCAR_Mn2N2_7_st975,Mn2N2_7,0.013105,0.0037766544,-0.17163254,0.083333336,-0.036263384,0.4999999,0.010855544
POSCAR_Mn2N2_7_x025,Mn2N2_7,0.012438,0.0037188502,-0.17143928,0.083333336,-0.03654379,0.4999999,0.010579717
POSCAR_Mn2N2_7_x050,Mn2N2_7,0.013094,0.0036626447,-0.17120194,0.083333336,-0.036213856,0.4999999,0.010498391
POSCAR_Mn2N2_7_x950,Mn2N2_7,0.011777,0.003830996,-0.17574148,0.083333336,-0.035844214,0.4999999,0.010789711
POSCAR_Mn2N2_7_x975,Mn2N2_7,0.012624,0.0038348986,-0.17172855,0.083333336,-0.036618736,0.4999999,0.010883225
POSCAR_Mn2N2_7_y025,Mn2N2_7,0.012409,0.0038671698,-0.16886103,0.083333336,-0.036885362,0.4999999,0.010882652
POSCAR_Mn2N2_7_y050,Mn2N2_7,0.012113,0.0039044356,-0.17050238,0.083333336,-0.037201323,0.4999999,0.010873882
POSCAR_Mn2N2_7_y950,Mn2N2_7,0.013083,0.0035859814,-0.1771984,0.083333336,-0.036036175,0.4999999,0.01059308
POSCAR_Mn2N2_7_y975,Mn2N2_7,0.012997,0.0036807617,-0.17510813,0.083333336,-0.036151107,0.4999999,0.010617064
POSCAR_Mn2N2_7_z025,Mn2N2_7,0.01224,0.003739394,-0.17105253,0.083333336,-0.035827648,0.4999999,0.0107916705
POSCAR_Mn2N2_7_z050,Mn2N2_7,0.011831,0.0037031702,-0.1731308,0.083333336,-0.03585976,0.4999999,0.010489567
POSCAR_Mn2N2_7_z950,Mn2N2_7,0.012938,0.0038464428,-0.16886054,0.083333336,-0.038727313,0.4999999,0.010473103
POSCAR_Mn2N2_7_z975,Mn2N2_7,0.012873,0.0038149876,-0.1663331,0.083333336,-0.03777437,0.4999999,0.010734562
POSCAR_Mn2O2_5,Mn2O2_5,0.211714,0.77729595,0.048668247,0.083333336,-0.10542858,0.66666657,0.0063488455
POSCAR_Mn2O2_5_st025,Mn2O2_5,0.178723,0.77729595,0.047530465,0.083333336,-0.10368177,0.66666657,0.0061976123
POSCAR_Mn2O2_5_st050,Mn2O2_5,0.197917,0.77729595,0.047535457,0.083333336,-0.10297963,0.66666657,0.0065326374
POSCAR_Mn2O2_5_st950,Mn2O2_5,0.235928,0.77729595,0.050872218,0.083333336,-0.103238195,0.66666657,0.0063979398
POSCAR_Mn2O2_5_st975,Mn2O2_5,0.215359,0.77729595,0.05034487,0.083333336,-0.107236885,0.66666657,0.0062630735
POSCAR_Mn2O2_5_x025,Mn2O2_5,0.203283,0.77410495,0.04869027,0.083333336,-0.104624234,0.66666657,0.006423062
POSCAR_Mn2O2_5_x050,Mn2O2_5,0.19388,0.77057564,0.049993083,0.083333336,-0.103130735,0.66666657,0.006662561
POSCAR_Mn2O2_5_x950,Mn2O2_5,0.234062,0.76483023,0.052042764,0.083333336,-0.10403083,0.66666657,0.0068576047
POSCAR_Mn2O2_5_x975,Mn2O2_5,0.21409,0.77119297,0.049318273,0.083333336,-0.10577747,0.66666657,0.0064427145
POSCAR_Mn2O2_5_y025,Mn2O2_5,0.203245,0.77406657,0.048758462,0.083333336,-0.1045301,0.66666657,0.006403845
POSCAR_Mn2O2_5_y050,Mn2O2_5,0.193881,0.7705369,0.05005445,0.083333336,-0.1031395,0.66666657,0.0066484264
POSCAR_Mn2O2_5_y950,Mn2O2_5,0.234393,0.76486677,0.05203083,0.083333336,-0.104188316,0.66666657,0.0068417164
POSCAR_Mn2O2_5_y975,Mn2O2_5,0.213477,0.7712303,0.04928231,0.083333336,-0.10584502,0.66666657,0.0064936257
POSCAR_Mn2O2_5_z025,Mn2O2_5,0.238307,0.7744476,0.048814766,0.083333336,-0.10079765,0.66666657,0.0066610756
POSCAR_Mn2O2_5_z050,Mn2O2_5,0.221644,0.7716536,0.049067013,0.083333336,-0.09970201,0.66666657,0.0066383095
POSCAR_Mn2O2_5_z950,Mn2O2_5,0.190221,0.7831805,0.050822247,0.083333336,-0.107347816,0.66666657,0.0066903783
POSCAR_Mn2O2_5_z975,Mn2O2_5,0.200725,0.78020465,0.049803313,0.083333336,-0.10792049,0.66666657,0.0064250776
POSCAR_Mn2O2_6,Mn2O2_6,0.868847,0.6371266,0.0804979,0.33333334,0.041813467,0.66666657,0.021753201
POSCAR_Mn2O2_6_st025,Mn2O2_6,0.920812,0.6371266,0.08061646,0.33333334,0.04166797,0.66666657,0.021785209
POSCAR_Mn2O2_6_st050,Mn2O2_6,0.904706,0.6371266,0.08120258,0.33333334,0.041751653,0.66666657,0.021678273
POSCAR_Mn2O2_6_st950,Mn2O2_6,0.761793,0.6371266,0.08107189,0.33333334,0.038093828,0.66666657,0.021554545
POSCAR_Mn2O2_6_st975,Mn2O2_6,0.80736,0.6371266,0.080490336,0.33333334,0.03830801,0.66666657,0.02180007
POSCAR_Mn2O2_6_z025,Mn2O2_6,0.92597,0.62600714,0.07688439,0.33333334,0.040758193,0.66666657,0.021596057
POSCAR_Mn2O2_6_z050,Mn2O2_6,0.970816,0.6149621,0.07559417,0.33333334,0.04042643,0.66666657,0.021868424
POSCAR_Mn2O2_6_z950,Mn2O2_6,0.82362,0.659539,0.08287484,0.33333334,0.040421687,0.66666657,0.021355396
POSCAR_Mn2O2_6_z975,Mn2O2_6,0.808567,0.64830834,0.08341701,0.33333334,0.041877463,0.66666657,0.021870546
POSCAR_Mn2O2_7,Mn2O2_7,0.034442,0.013824494,-0.07092523,0.083333336,-0.053964876,0.66666657,0.006216843
POSCAR_Mn2O2_7_st025,Mn2O2_7,0.032553,0.013824494,-0.06622273,0.083333336,-0.052059527,0.66666657,0.0059521287
POSCAR_Mn2O2_7_st050,Mn2O2_7,0.030727,0.013824494,-0.06539824,0.083333336,-0.0518633,0.66666657,0.006103144
POSCAR_Mn2O2_7_st950,Mn2O2_7,0.032829,0.013824494,-0.07395057,0.083333336,-0.05234466,0.66666657,0.0062162383
POSCAR_Mn2O2_7_st975,Mn2O2_7,0.036557,0.013824494,-0.072459616,0.083333336,-0.05300077,0.66666657,0.006148742
POSCAR_Mn2O2_7_x025,Mn2O2_7,0.034154,0.01378623,-0.07237387,0.083333336,-0.054010764,0.66666657,0.006381938
POSCAR_Mn2O2_7_x050,Mn2O2_7,0.034203,0.013746265,-0.07306574,0.083333336,-0.052943233,0.66666657,0.006186913
POSCAR_Mn2O2_7_x950,Mn2O2_7,0.030398,0.013895261,-0.073156476,0.083333336,-0.05097836,0.66666657,0.0059872433
POSCAR_Mn2O2_7_x975,Mn2O2_7,0.032,0.013860894,-0.07116346,0.083333336,-0.05421098,0.66666657,0.00638337
POSCAR_Mn2O2_7_y025,Mn2O2_7,0.03385,0.013897174,-0.071222305,0.083333336,-0.05394708,0.66666657,0.0063373013
POSCAR_Mn2O2_7_y050,Mn2O2_7,0.035394,0.013965747,-0.07203691,0.083333336,-0.052930057,0.66666657,0.006176296
POSCAR_Mn2O2_7_y950,Mn2O2_7,0.031959,0.013666231,-0.07501493,0.083333336,-0.0509865,0.66666657,0.0059902924
POSCAR_Mn2O2_7_y975,Mn2O2_7,0.031225,0.013747561,-0.072026365,0.083333336,-0.054171097,0.66666657,0.0063819247
POSCAR_Mn2O2_7_z025,Mn2O2_7,0.034785,0.013786741,-0.068690896,0.083333336,-0.05386509,0.66666657,0.0062372205
POSCAR_Mn2O2_7_z050,Mn2O2_7,0.034461,0.013748342,-0.06927479,0.083333336,-0.04995585,0.66666657,0.005969867
POSCAR_Mn2O2_7_z975,Mn2O2_7,0.035895,0.01386158,-0.073813856,0.083333336,-0.053625163,0.66666657,0.006151537
POSCAR_Mn2O3_1,Mn2O3_1,0.024486,0.00081318396,-0.23152165,0.20272677,0.011745064,0.66666657,0.007720169
POSCAR_Mn2O3_1_st025,Mn2O3_1,0.022651,0.00081318396,-0.23164763,0.20272677,0.011771996,0.66666657,0.007662379
POSCAR_Mn2O3_1_st050,Mn2O3_1,0.020586,0.00081318396,-0.23113899,0.20272677,0.011842194,0.66666657,0.0077712876
POSCAR_Mn2O3_1_st950,Mn2O3_1,0.029015,0.00081318396,-0.2306365,0.20272677,0.011513335,0.66666657,0.0077920416
POSCAR_Mn2O3_1_st975,Mn2O3_1,0.026296,0.00081318396,-0.23104179,0.20272677,0.0115241045,0.66666657,0.0077807317
POSCAR_Mn2O3_1_x025,Mn2O3_1,0.024683,0.0008120107,-0.2318758,0.20272677,0.011886766,0.66666657,0.007722575
POSCAR_Mn2O3_1_x050,Mn2O3_1,0.024455,0.0008107871,-0.230963,0.20272677,0.011919052,0.66666657,0.0074512474
POSCAR_Mn2O3_1_x950,Mn2O3_1,0.023374,0.00081537326,-0.22937456,0.20272677,0.011294888,0.66666657,0.0073567266
POSCAR_Mn2O3_1_x975,Mn2O3_1,0.024101,0.00081430527,-0.23210835,0.20272677,0.011658246,0.66666657,0.007627388
POSCAR_Mn2O3_1_y025,Mn2O3_1,0.02246,0.0008011017,-0.23236258,0.20272677,0.011713481,0.66666657,0.007627389
POSCAR_Mn2O3_1_y050,Mn2O3_1,0.020102,0.00078929967,-0.23096202,0.20272677,0.011331876,0.66666657,0.007379814
POSCAR_Mn2O3_1_y950,Mn2O3_1,0.02892,0.00083821546,-0.23127063,0.20272677,0.011747684,0.66666657,0.0077249673
POSCAR_Mn2O3_1_y975,Mn2O3_1,0.026308,0.0008255531,-0.23138247,0.20272677,0.011883554,0.66666657,0.007668657
POSCAR_Mn2O3_1_z025,Mn2O3_1,0.024407,0.0008264803,-0.23137796,0.20272677,0.011826917,0.66666657,0.007627687
POSCAR_Mn2O3_1_z050,Mn2O3_1,0.024255,0.0008396217,-0.2281074,0.20272677,0.011680805,0.66666657,0.007291591
POSCAR_Mn2O3_1_z950,Mn2O3_1,0.025109,0.0007861474,-0.2288042,0.20272677,0.011373517,0.66666657,0.0076383194
POSCAR_Mn2O3_1_z975,Mn2O3_1,0.024819,0.00079973775,-0.23094752,0.20272677,0.011734105,0.66666657,0.0078087165
POSCAR_Mn2O4_1,Mn2O4_1,0.572136,0.7538506,0.077022485,0.15826717,0.0018727665,0.66666657,0.016663758
POSCAR_Mn2O4_1_st025,Mn2O4_1,0.486734,0.7538506,0.07564389,0.15826717,0.0021501856,0.66666657,0.016126303
POSCAR_Mn2O4_1_st050,Mn2O4_1,0.436854,0.7538506,0.074008025,0.15826717,0.001058753,0.66666657,0.01676275
POSCAR_Mn2O4_1_st950,Mn2O4_1,0.648348,0.7538506,0.07814541,0.15826717,0.0016552693,0.66666657,0.018466057
POSCAR_Mn2O4_1_st975,Mn2O4_1,0.679114,0.7538506,0.07695222,0.15826717,0.0014812048,0.66666657,0.016691152
POSCAR_Mn2O4_1_x025,Mn2O4_1,0.4994,0.7586693,0.07659327,0.15826717,0.0023404004,0.66666657,0.017101547
POSCAR_Mn2O4_1_x050,Mn2O4_1,0.504164,0.7634886,0.078561336,0.15826717,0.0019061537,0.66666657,0.017789725
POSCAR_Mn2O4_1_x950,Mn2O4_1,0.774428,0.7442293,0.077015854,0.15826717,0.0010855009,0.66666657,0.016398195
POSCAR_Mn2O4_1_x975,Mn2O4_1,0.663486,0.74903595,0.076762274,0.15826717,0.001409953,0.66666657,0.016363943
POSCAR_Mn2O4_1_y025,Mn2O4_1,0.561157,0.7454322,0.07661736,0.15826717,0.0019631826,0.66666657,0.016611481
POSCAR_Mn2O4_1_y050,Mn2O4_1,0.544665,0.73639894,0.07517302,0.15826717,0.0025148543,0.66666657,0.016182572
POSCAR_Mn2O4_1_y950,Mn2O4_1,0.573539,0.7451769,0.08236206,0.15826717,0.0012479078,0.66666657,0.017263772
POSCAR_Mn2O4_1_y975,Mn2O4_1,0.576471,0.74951375,0.07702443,0.15826717,0.0020549707,0.66666657,0.017220628
POSCAR_Mn2O4_1_z025,Mn2O4_1,0.562933,0.7447322,0.07663091,0.15826717,0.0019890477,0.66666657,0.016629463
POSCAR_Mn2O4_1_z050,Mn2O4_1,0.547244,0.735687,0.07516067,0.15826717,0.0025637713,0.66666657,0.016191712
POSCAR_Mn2O4_1_z950,Mn2O4_1,0.56612,0.74586254,0.08140602,0.15826717,0.001219646,0.66666657,0.017241966
POSCAR_Mn2O4_1_z975,Mn2O4_1,0.573526,0.75020075,0.07694546,0.15826717,0.0020636234,0.66666657,0.017175362
POSCAR_Mn2P2_4,Mn2P2_4,0.056519,0.00022522248,-0.2260778,0.33333334,0.016944604,0.4999999,0.0127090765
POSCAR_Mn2P2_4_st025,Mn2P2_4,0.054543,0.00022522248,-0.22515957,0.33333334,0.01691028,0.4999999,0.012735235
POSCAR_Mn2P2_4_st050,Mn2P2_4,0.051106,0.00022522248,-0.22416273,0.33333334,0.016971966,0.4999999,0.012722765
POSCAR_Mn2P2_4_st975,Mn2P2_4,0.058211,0.00022522248,-0.2271085,0.33333334,0.016876454,0.4999999,0.012870641
POSCAR_Mn2P2_4_x025,Mn2P2_4,0.056087,0.00023022029,-0.223603,0.33333334,0.016510125,0.4999999,0.012334463
POSCAR_Mn2P2_4_x050,Mn2P2_4,0.055626,0.00023535153,-0.22350504,0.33333334,0.015814401,0.4999999,0.012531958
POSCAR_Mn2P2_4_y025,Mn2P2_4,0.059016,0.00022764892,-0.22451767,0.33333334,0.016625687,0.4999999,0.012560869
POSCAR_Mn2P2_4_y050,Mn2P2_4,0.059056,0.00023018569,-0.22424668,0.33333334,0.015964674,0.4999999,0.012827176
POSCAR_Mn2P2_4_y950,Mn2P2_4,0.052415,0.00022072393,-0.22961079,0.33333334,0.01606876,0.4999999,0.01313401
POSCAR_Mn2P2_4_y975,Mn2P2_4,0.055611,0.0002229122,-0.22944969,0.33333334,0.01726763,0.4999999,0.012810761
POSCAR_Mn2P2_4_z950,Mn2P2_4,0.062197,0.00024043083,-0.22351694,0.33333334,0.016521905,0.4999999,0.012665231
POSCAR_Mn2P2_4_z975,Mn2P2_4,0.061294,0.00023267191,-0.2235311,0.33333334,0.016490478,0.4999999,0.012618671
POSCAR_Mn2Pb4_2,Mn2Pb4_2,0.018175,0.003189093,-0.23383678,0.33185223,0.019535514,0.33333328,0.0046797204
POSCAR_Mn2Pb4_2_st025,Mn2Pb4_2,0.015905,0.003189093,-0.2333429,0.33185223,0.019597605,0.33333328,0.0048547457
POSCAR_Mn2Pb4_2_st050,Mn2Pb4_2,0.012755,0.003189093,-0.23242387,0.33185223,0.01965174,0.33333328,0.0048974515
POSCAR_Mn2Pb4_2_st950,Mn2Pb4_2,0.017425,0.003189093,-0.23667334,0.33185223,0.019578936,0.33333328,0.004352593
POSCAR_Mn2Pb4_2_st975,Mn2Pb4_2,0.017675,0.003189093,-0.23484173,0.33185223,0.019489164,0.33333328,0.004519658
POSCAR_Mn2Pb4_2_x025,Mn2Pb4_2,0.017978,0.0031715392,-0.23177327,0.33185223,0.019510549,0.33333328,0.004649238
POSCAR_Mn2Pb4_2_x050,Mn2Pb4_2,0.01663,0.0031539036,-0.23104306,0.33185223,0.019541992,0.33333328,0.004486613
POSCAR_Mn2Pb4_2_x950,Mn2Pb4_2,0.016435,0.003213634,-0.23474628,0.33185223,0.019440679,0.33333328,0.0046904436
POSCAR_Mn2Pb4_2_x975,Mn2Pb4_2,0.017781,0.0032053657,-0.23446178,0.33185223,0.01950747,0.33333328,0.004711115
POSCAR_Mn2Pb4_2_y025,Mn2Pb4_2,0.017416,0.0032219905,-0.23380663,0.33185223,0.019483529,0.33333328,0.0047373697
POSCAR_Mn2Pb4_2_y050,Mn2Pb4_2,0.014851,0.0032507936,-0.23453172,0.33185223,0.019456912,0.33333328,0.004846659
POSCAR_Mn2Pb4_2_y950,Mn2Pb4_2,0.013563,0.0031226957,-0.2311945,0.33185223,0.019408982,0.33333328,0.0044089914
POSCAR_Mn2Pb4_2_y975,Mn2Pb4_2,0.01586,0.0031559842,-0.2309964,0.33185223,0.019428004,0.33333328,0.00455121
POSCAR_Mn2Pb4_2_z025,Mn2Pb4_2,0.014705,0.0031737906,-0.2316303,0.33185223,0.019438494,0.33333328,0.004776511
POSCAR_Mn2Pb4_2_z050,Mn2Pb4_2,0.013993,0.0031588925,-0.23186138,0.33185223,0.019617135,0.33333328,0.0047248965
POSCAR_Mn2Pb4_2_z950,Mn2Pb4_2,0.018945,0.003220887,-0.23594181,0.33185223,0.019473588,0.33333328,0.004402433
POSCAR_Mn2Pb4_2_z975,Mn2Pb4_2,0.017125,0.0032047941,-0.23468465,0.33185223,0.019501755,0.33333328,0.004517978
POSCAR_Mn2Pb8_1,Mn2Pb8_1,0.273185,0.284108,0.027660359,0.17660967,0.0007657283,0.33333328,0.009182982
POSCAR_Mn2Pb8_1_st050,Mn2Pb8_1,0.200637,0.284108,0.0269884,0.17660967,0.00059757836,0.33333328,0.009094647
POSCAR_Mn2Pb8_1_st975,Mn2Pb8_1,0.314496,0.284108,0.027815474,0.17660967,0.0007399658,0.33333328,0.009264091
POSCAR_Mn2Pb8_1_x025,Mn2Pb8_1,0.264118,0.28561792,0.027727846,0.17660967,0.0005890051,0.33333328,0.009457881
POSCAR_Mn2Pb8_1_x050,Mn2Pb8_1,0.259227,0.28712618,0.027740221,0.17660967,0.0003276365,0.33333328,0.009454828
POSCAR_Mn2Pb8_1_y025,Mn2Pb8_1,0.268265,0.28546762,0.027747441,0.17660967,0.0006119933,0.33333328,0.00945953
POSCAR_Mn2Pb8_1_y050,Mn2Pb8_1,0.262315,0.2868266,0.027709277,0.17660967,0.00030809472,0.33333328,0.009432111
POSCAR_Mn2Pb8_1_y975,Mn2Pb8_1,0.273848,0.2827489,0.02771829,0.17660967,0.0006942409,0.33333328,0.009382034
POSCAR_Mn2Pb8_1_z025,Mn2Pb8_1,0.242072,0.281257,0.027090834,0.17660967,0.00082881376,0.33333328,0.009121178
POSCAR_Mn2Pb8_1_z050,Mn2Pb8_1,0.213507,0.27844396,0.027510678,0.17660967,0.0007131649,0.33333328,0.009348906
POSCAR_Mn2Pb8_1_z975,Mn2Pb8_1,0.30763,0.2869966,0.027917206,0.17660967,0.0005420985,0.33333328,0.009365215
POSCAR_Mn2Pb8_2,Mn2Pb8_2,0.016577,0.0016408132,-0.22375317,0.21800107,0.015201622,0.33333328,0.0044415495
POSCAR_Mn2Pb8_2_st025,Mn2Pb8_2,0.011244,0.0016408132,-0.2209443,0.21800107,0.015183868,0.33333328,0.004528473
POSCAR_Mn2Pb8_2_st050,Mn2Pb8_2,0.010325,0.0019977721,-0.20178823,0.12008763,0.0054746545,0.33333328,0.004536118
POSCAR_Mn2Pb8_2_st950,Mn2Pb8_2,0.017582,0.0016408132,-0.22706431,0.21800107,0.015323015,0.33333328,0.004373134
POSCAR_Mn2Pb8_2_st975,Mn2Pb8_2,0.017072,0.0016408132,-0.22539864,0.21800107,0.015220469,0.33333328,0.00441166
POSCAR_Mn2Pb8_2_x025,Mn2Pb8_2,0.011696,0.001632276,-0.2248299,0.21800107,0.0152618205,0.33333328,0.0044590114
POSCAR_Mn2Pb8_2_x050,Mn2Pb8_2,0.011436,0.0016238393,-0.22578865,0.21800107,0.015276547,0.33333328,0.004448893
POSCAR_Mn2Pb8_2_x950,Mn2Pb8_2,0.016763,0.0016581638,-0.22341998,0.21800107,0.0151946945,0.33333328,0.004468575
POSCAR_Mn2Pb8_2_x975,Mn2Pb8_2,0.016405,0.0016494447,-0.22350922,0.21800107,0.015198269,0.33333328,0.0044653965
POSCAR_Mn2Pb8_2_y025,Mn2Pb8_2,0.008669,0.0016416077,-0.22235611,0.21800107,0.0151391495,0.33333328,0.0044626626
POSCAR_Mn2Pb8_2_y050,Mn2Pb8_2,0.009947,0.0022250542,-0.21113104,0.15098202,0.0011202964,0.33333328,0.0046055503
POSCAR_Mn2Pb8_2_y950,Mn2Pb8_2,0.008421,0.0016393396,-0.224701,0.21800107,0.015247169,0.33333328,0.0044653635
POSCAR_Mn2Pb8_2_y975,Mn2Pb8_2,0.016668,0.0016400577,-0.22511214,0.21800107,0.015246008,0.33333328,0.004452758
POSCAR_Mn2Pb8_2_z025,Mn2Pb8_2,0.015754,0.0016485389,-0.22143094,0.21800107,0.015199841,0.33333328,0.0045226747
POSCAR_Mn2Pb8_2_z050,Mn2Pb8_2,0.016464,0.0016560906,-0.21657306,0.21800107,0.015196149,0.33333328,0.0045586866
POSCAR_Mn2Pb8_2_z950,Mn2Pb8_2,0.008049,0.0016248658,-0.22615945,0.21800107,0.01510323,0.33333328,0.004415245
POSCAR_Mn2Pb8_2_z975,Mn2Pb8_2,0.008124,0.0016329197,-0.22483894,0.21800107,0.015164146,0.33333328,0.00446516
POSCAR_Mn2Pb8_3,Mn2Pb8_3,0.400374,0.17542271,0.021375591,0.14292392,0.0016039324,0.33333328,0.0075429613
POSCAR_Mn2Pb8_3_st025,Mn2Pb8_3,0.314582,0.17542271,0.021064887,0.14292392,0.0016416085,0.33333328,0.0076334607
POSCAR_Mn2Pb8_3_st050,Mn2Pb8_3,0.247109,0.17542271,0.020934658,0.14292392,0.0015588574,0.33333328,0.007608878
POSCAR_Mn2Pb8_3_st950,Mn2Pb8_3,0.630528,0.17542271,0.021673646,0.14292392,0.0013791224,0.33333328,0.0077750753
POSCAR_Mn2Pb8_3_st975,Mn2Pb8_3,0.511253,0.17542271,0.022028413,0.14292392,0.0014720897,0.33333328,0.00758391
POSCAR_Mn2Pb8_3_x025,Mn2Pb8_3,0.420591,0.17700242,0.021896258,0.14292392,0.0014221481,0.33333328,0.007701369
POSCAR_Mn2Pb8_3_x050,Mn2Pb8_3,0.393425,0.17857543,0.021924438,0.14292392,0.000996783,0.33333328,0.007945788
POSCAR_Mn2Pb8_3_x950,Mn2Pb8_3,0.427495,0.17224845,0.022735115,0.14292392,0.00090139883,0.33333328,0.0077430326
POSCAR_Mn2Pb8_3_x975,Mn2Pb8_3,0.416924,0.1738376,0.022641959,0.14292392,0.0012578478,0.33333328,0.0076440475
POSCAR_Mn2Pb8_3_y025,Mn2Pb8_3,0.421091,0.17698604,0.02187469,0.14292392,0.0015092308,0.33333328,0.0077081104
POSCAR_Mn2Pb8_3_y050,Mn2Pb8_3,0.39361,0.17854281,0.021907054,0.14292392,0.0010297985,0.33333328,0.007971081
POSCAR_Mn2Pb8_3_y950,Mn2Pb8_3,0.42692,0.1722816,0.02266527,0.14292392,0.00093534257,0.33333328,0.007851183
POSCAR_Mn2Pb8_3_y975,Mn2Pb8_3,0.416948,0.17385411,0.02266245,0.14292392,0.0012142766,0.33333328,0.0077426992
POSCAR_Mn2Pb8_3_z025,Mn2Pb8_3,0.327098,0.17229146,0.021892311,0.14292392,0.001466989,0.33333328,0.0074577127
POSCAR_Mn2Pb8_3_z050,Mn2Pb8_3,0.374231,0.1691968,0.021777196,0.14292392,0.0013907335,0.33333328,0.007377521
POSCAR_Mn2Pb8_3_z950,Mn2Pb8_3,0.413102,0.18178567,0.02155662,0.14292392,0.0015219079,0.33333328,0.0075440737
POSCAR_Mn2Pb8_3_z975,Mn2Pb8_3,0.485812,0.1785883,0.021682564,0.14292392,0.0019581497,0.33333328,0.0071809287
POSCAR_Mn2S2_1,Mn2S2_1,0.967254,0.66538876,0.08592173,0.33333334,0.047720376,0.66666657,0.02019253
POSCAR_Mn2S2_1_st025,Mn2S2_1,0.86834,0.66538876,0.08555223,0.33333334,0.047652967,0.66666657,0.020536253
POSCAR_Mn2S2_1_st050,Mn2S2_1,0.770237,0.66538876,0.08455344,0.33333334,0.04753366,0.66666657,0.020306418
POSCAR_Mn2S2_1_st950,Mn2S2_1,1.202184,0.66538876,0.08868003,0.33333334,0.048545733,0.66666657,0.019830031
POSCAR_Mn2S2_1_st975,Mn2S2_1,1.119096,0.66538876,0.086986914,0.33333334,0.048028916,0.66666657,0.019522732
POSCAR_Mn2S2_1_x025,Mn2S2_1,0.998846,0.6709856,0.08404173,0.33333334,0.04805845,0.66666657,0.01997531
POSCAR_Mn2S2_1_x050,Mn2S2_1,0.976887,0.67663515,0.08070187,0.33333334,0.043994613,0.66666657,0.021848306
POSCAR_Mn2S2_1_x950,Mn2S2_1,1.181304,0.6543902,0.07821026,0.33333334,0.043618407,0.66666657,0.022030188
POSCAR_Mn2S2_1_x975,Mn2S2_1,1.116772,0.6598539,0.08188668,0.33333334,0.04750099,0.66666657,0.019788178
POSCAR_Mn2S2_1_y025,Mn2S2_1,0.999573,0.67098325,0.08405543,0.33333334,0.048074167,0.66666657,0.019969149
POSCAR_Mn2S2_1_y050,Mn2S2_1,0.977227,0.6766307,0.080670774,0.33333334,0.0440224,0.66666657,0.021807
POSCAR_Mn2S2_1_y950,Mn2S2_1,1.178263,0.6543955,0.07826125,0.33333334,0.043607533,0.66666657,0.022041997
POSCAR_Mn2S2_1_y975,Mn2S2_1,1.116306,0.6598564,0.08189763,0.33333334,0.04770095,0.66666657,0.01982224
POSCAR_Mn2S2_1_z025,Mn2S2_1,0.993036,0.65430504,0.08317728,0.33333334,0.04726387,0.66666657,0.020684477
POSCAR_Mn2S2_1_z050,Mn2S2_1,0.996419,0.6433242,0.08019532,0.33333334,0.043406237,0.66666657,0.022708569
POSCAR_Mn2S2_1_z950,Mn2S2_1,0.938364,0.687829,0.08826051,0.33333334,0.044788368,0.66666657,0.02222947
POSCAR_Mn2S2_1_z975,Mn2S2_1,0.982941,0.67656666,0.087275125,0.33333334,0.048059013,0.66666657,0.019735744
POSCAR_Mn2S2_2,Mn2S2_2,0.199743,0.77408737,0.046248358,0.083333336,-0.08830315,0.66666657,0.0050423103
POSCAR_Mn2S2_2_st025,Mn2S2_2,0.165055,0.77408737,0.04587586,0.083333336,-0.08824876,0.66666657,0.004939712
POSCAR_Mn2S2_2_st050,Mn2S2_2,0.13561,0.77408737,0.045473408,0.083333336,-0.0890432,0.66666657,0.0046727424
POSCAR_Mn2S2_2_st950,Mn2S2_2,0.286896,0.77408737,0.046196215,0.083333336,-0.08881493,0.66666657,0.0054525947
POSCAR_Mn2S2_2_st975,Mn2S2_2,0.24013,0.77408737,0.04626468,0.083333336,-0.08875114,0.66666657,0.005548606
POSCAR_Mn2S2_2_x025,Mn2S2_2,0.186365,0.77076447,0.046885293,0.083333336,-0.088366725,0.66666657,0.0050858436
POSCAR_Mn2S2_2_x050,Mn2S2_2,0.172926,0.76743525,0.04755584,0.083333336,-0.08696965,0.66666657,0.005261708
POSCAR_Mn2S2_2_x950,Mn2S2_2,0.25601,0.76135856,0.048592083,0.083333336,-0.082952216,0.66666657,0.006317068
POSCAR_Mn2S2_2_x975,Mn2S2_2,0.220204,0.767651,0.046939913,0.083333336,-0.08727033,0.66666657,0.005776978
POSCAR_Mn2S2_2_y025,Mn2S2_2,0.186263,0.77066064,0.046945576,0.083333336,-0.08827807,0.66666657,0.005089369
POSCAR_Mn2S2_2_y050,Mn2S2_2,0.172812,0.76733136,0.047612544,0.083333336,-0.086962834,0.66666657,0.005287503
POSCAR_Mn2S2_2_y950,Mn2S2_2,0.25597,0.76145655,0.04878857,0.083333336,-0.082762696,0.66666657,0.006193451
POSCAR_Mn2S2_2_y975,Mn2S2_2,0.220301,0.76775193,0.04692902,0.083333336,-0.08726297,0.66666657,0.0057647666
POSCAR_Mn2S2_2_z025,Mn2S2_2,0.196748,0.7710865,0.04630438,0.083333336,-0.087984644,0.66666657,0.0050420174
POSCAR_Mn2S2_2_z050,Mn2S2_2,0.194354,0.7681354,0.046938155,0.083333336,-0.083086014,0.66666657,0.0053865826
POSCAR_Mn2S2_2_z950,Mn2S2_2,0.176706,0.7802628,0.04668841,0.083333336,-0.08943077,0.66666657,0.0052503683
POSCAR_Mn2S2_2_z975,Mn2S2_2,0.176928,0.777144,0.046697393,0.083333336,-0.08955375,0.66666657,0.005264684
POSCAR_Mn2S4_1,Mn2S4_1,0.527784,0.2868218,0.022249369,0.19806233,0.017797915,0.66666657,0.011181431
POSCAR_Mn2S4_1_st025,Mn2S4_1,0.488797,0.2868218,0.022386875,0.19806233,0.01758121,0.66666657,0.010787262
POSCAR_Mn2S4_1_st050,Mn2S4_1,0.44217,0.2868218,0.022308465,0.19806233,0.017438633,0.66666657,0.010604505
POSCAR_Mn2S4_1_st950,Mn2S4_1,0.599845,0.2868218,0.021670988,0.19806233,0.017466126,0.66666657,0.011658372
POSCAR_Mn2S4_1_st975,Mn2S4_1,0.564731,0.2868218,0.021060621,0.19806233,0.017586887,0.66666657,0.011528954
POSCAR_Mn2S4_1_x025,Mn2S4_1,0.515915,0.2814541,0.02118003,0.19806233,0.018191323,0.66666657,0.010909242
POSCAR_Mn2S4_1_x050,Mn2S4_1,0.506976,0.2761821,0.021732083,0.19806233,0.018311432,0.66666657,0.011276787
POSCAR_Mn2S4_1_x950,Mn2S4_1,0.562184,0.29783788,0.024345579,0.19806233,0.016818898,0.66666657,0.011924476
POSCAR_Mn2S4_1_x975,Mn2S4_1,0.54359,0.29228374,0.024013018,0.19806233,0.017278824,0.66666657,0.011518872
POSCAR_Mn2S4_1_y025,Mn2S4_1,0.506727,0.28963733,0.02437491,0.19806233,0.01685253,0.66666657,0.011062463
POSCAR_Mn2S4_1_y050,Mn2S4_1,0.479184,0.29244477,0.024580292,0.19806233,0.016545191,0.66666657,0.010963938
POSCAR_Mn2S4_1_y950,Mn2S4_1,0.489437,0.28117603,0.017682133,0.19806233,0.017798694,0.66666657,0.01121364
POSCAR_Mn2S4_1_y975,Mn2S4_1,0.51783,0.28400055,0.019730924,0.19806233,0.017791579,0.66666657,0.011298782
POSCAR_Mn2S4_1_z025,Mn2S4_1,0.47484,0.28943494,0.023457123,0.19806233,0.018002253,0.66666657,0.011196384
POSCAR_Mn2S4_1_z050,Mn2S4_1,0.403985,0.29207966,0.022584846,0.19806233,0.017331429,0.66666657,0.010780942
POSCAR_Mn2S4_1_z950,Mn2S4_1,0.528527,0.28170297,0.022211105,0.19806233,0.018328484,0.66666657,0.012191237
POSCAR_Mn2S4_1_z975,Mn2S4_1,0.529742,0.2842434,0.021430364,0.19806233,0.018315906,0.66666657,0.011407226
POSCAR_Mn2Sb4_1,Mn2Sb4_1,0.818977,0.48178875,0.0496948,0.19501095,0.009979577,0.4999999,0.016663428
POSCAR_Mn2Sb4_1_st025,Mn2Sb4_1,0.706491,0.48178875,0.04932697,0.19501095,0.010140748,0.4999999,0.016473066
POSCAR_Mn2Sb4_1_st050,Mn2Sb4_1,0.605451,0.48178875,0.049112964,0.19501095,0.01024239,0.4999999,0.016129605
POSCAR_Mn2Sb4_1_st950,Mn2Sb4_1,1.062185,0.48178875,0.0500948,0.19501095,0.009828155,0.4999999,0.0167546
POSCAR_Mn2Sb4_1_st975,Mn2Sb4_1,0.939252,0.48178875,0.04974488,0.19501095,0.009787709,0.4999999,0.016757421
POSCAR_Mn2Sb4_1_x025,Mn2Sb4_1,0.808715,0.47670022,0.049454708,0.19501095,0.009733864,0.4999999,0.016974438
POSCAR_Mn2Sb4_1_x050,Mn2Sb4_1,0.797272,0.4716096,0.049438607,0.19501095,0.009334644,0.4999999,0.017133664
POSCAR_Mn2Sb4_1_x950,Mn2Sb4_1,0.833113,0.4919418,0.049399827,0.19501095,0.009459526,0.4999999,0.016704297
POSCAR_Mn2Sb4_1_x975,Mn2Sb4_1,0.826735,0.48687083,0.04843809,0.19501095,0.0104371775,0.4999999,0.01647137
POSCAR_Mn2Sb4_1_y025,Mn2Sb4_1,0.757858,0.4796761,0.05028578,0.19501095,0.009468321,0.4999999,0.016469594
POSCAR_Mn2Sb4_1_y050,Mn2Sb4_1,0.698403,0.47762495,0.047518816,0.19501095,0.008857931,0.4999999,0.016585875
POSCAR_Mn2Sb4_1_y950,Mn2Sb4_1,0.932454,0.48619962,0.04903954,0.19501095,0.010246051,0.4999999,0.018377883
POSCAR_Mn2Sb4_1_y975,Mn2Sb4_1,0.877883,0.4839632,0.047757722,0.19501095,0.01001348,0.4999999,0.017574575
POSCAR_Mn2Sb4_1_z025,Mn2Sb4_1,0.759887,0.48901138,0.047321115,0.19501095,0.009942131,0.4999999,0.016981395
POSCAR_Mn2Sb4_1_z050,Mn2Sb4_1,0.685198,0.4962164,0.04893837,0.19501095,0.009653305,0.4999999,0.017150024
POSCAR_Mn2Sb4_1_z950,Mn2Sb4_1,0.878569,0.46731412,0.05035086,0.19501095,0.009990713,0.4999999,0.01833507
POSCAR_Mn2Sb4_1_z975,Mn2Sb4_1,0.857894,0.47455427,0.050592326,0.19501095,0.009026629,0.4999999,0.016731376
POSCAR_Mn2Sb6_1,Mn2Sb6_1,0.486999,0.44954097,0.06414978,0.13773398,0.006755125,0.4999999,0.023332486
POSCAR_Mn2Sb6_1_z025,Mn2Sb6_1,0.47626,0.44223344,0.06335708,0.13773398,0.006817681,0.4999999,0.023406805
POSCAR_Mn2Sb6_1_z975,Mn2Sb6_1,0.492984,0.45692578,0.06415892,0.13773398,0.0069780187,0.4999999,0.023139223
POSCAR_Mn2Se2_1,Mn2Se2_1,0.162089,0.7745079,0.050025526,0.083333336,-0.084953755,0.66666657,0.007823981
POSCAR_Mn2Se2_1_st025,Mn2Se2_1,0.132934,0.7745079,0.050097704,0.083333336,-0.08455028,0.66666657,0.007942329
POSCAR_Mn2Se2_1_st050,Mn2Se2_1,0.108786,0.7745079,0.049924508,0.083333336,-0.0842102,0.66666657,0.0078145815
POSCAR_Mn2Se2_1_st950,Mn2Se2_1,0.237709,0.7745079,0.050361905,0.083333336,-0.08661321,0.66666657,0.0076663774
POSCAR_Mn2Se2_1_st975,Mn2Se2_1,0.196829,0.7745079,0.049982782,0.083333336,-0.08603657,0.66666657,0.007593608
POSCAR_Mn2Se2_1_x025,Mn2Se2_1,0.150117,0.7710448,0.04983635,0.083333336,-0.08368845,0.66666657,0.0072730314
POSCAR_Mn2Se2_1_x050,Mn2Se2_1,0.1483,0.76768076,0.050381564,0.083333336,-0.083365746,0.66666657,0.0072903433
POSCAR_Mn2Se2_1_x950,Mn2Se2_1,0.24244,0.7618242,0.05239015,0.083333336,-0.07862848,0.66666657,0.007671486
POSCAR_Mn2Se2_1_x975,Mn2Se2_1,0.181692,0.7681089,0.05005437,0.083333336,-0.083480194,0.66666657,0.0075137243
POSCAR_Mn2Se2_1_y025,Mn2Se2_1,0.151874,0.77108055,0.049888972,0.083333336,-0.08346066,0.66666657,0.007278821
POSCAR_Mn2Se2_1_y050,Mn2Se2_1,0.148647,0.76772213,0.050389282,0.083333336,-0.08335465,0.66666657,0.007312974
POSCAR_Mn2Se2_1_y950,Mn2Se2_1,0.242018,0.7617843,0.05230418,0.083333336,-0.07865919,0.66666657,0.007724196
POSCAR_Mn2Se2_1_y975,Mn2Se2_1,0.179805,0.76807386,0.050006587,0.083333336,-0.08365133,0.66666657,0.0075379615
POSCAR_Mn2Se2_1_z025,Mn2Se2_1,0.160485,0.7715467,0.049667694,0.083333336,-0.08439696,0.66666657,0.007397034
POSCAR_Mn2Se2_1_z050,Mn2Se2_1,0.158003,0.76863617,0.05057333,0.083333336,-0.07969838,0.66666657,0.0074180136
POSCAR_Mn2Se2_1_z950,Mn2Se2_1,0.161759,0.7806063,0.048958257,0.083333336,-0.087361224,0.66666657,0.007140223
POSCAR_Mn2Se2_1_z975,Mn2Se2_1,0.152707,0.77752554,0.0489678,0.083333336,-0.08692448,0.66666657,0.0071214866
POSCAR_Mn2Se2_2,Mn2Se2_2,0.881407,0.6729859,0.07999091,0.33333334,0.042266857,0.66666657,0.01812155
POSCAR_Mn2Se2_2_st025,Mn2Se2_2,0.761868,0.6729859,0.07948519,0.33333334,0.0425448,0.66666657,0.017859424
POSCAR_Mn2Se2_2_st050,Mn2Se2_2,0.653381,0.6729859,0.077820964,0.33333334,0.042632103,0.66666657,0.017281942
POSCAR_Mn2Se2_2_st950,Mn2Se2_2,1.145264,0.6729859,0.082999825,0.33333334,0.04245292,0.66666657,0.018252615
POSCAR_Mn2Se2_2_st975,Mn2Se2_2,1.010103,0.6729859,0.08161749,0.33333334,0.04224256,0.66666657,0.018336691
POSCAR_Mn2Se2_2_x025,Mn2Se2_2,0.891434,0.6785161,0.078563325,0.33333334,0.043927424,0.66666657,0.018183023
POSCAR_Mn2Se2_2_x050,Mn2Se2_2,0.855656,0.68409896,0.07588948,0.33333334,0.04185363,0.66666657,0.018130748
POSCAR_Mn2Se2_2_x950,Mn2Se2_2,0.888547,0.6621203,0.07671068,0.33333334,0.04270371,0.66666657,0.018639835
POSCAR_Mn2Se2_2_x975,Mn2Se2_2,1.052786,0.6675175,0.08011317,0.33333334,0.044906966,0.66666657,0.018885922
POSCAR_Mn2Se2_2_y025,Mn2Se2_2,0.893912,0.6785182,0.07858565,0.33333334,0.043822285,0.66666657,0.018185573
POSCAR_Mn2Se2_2_y050,Mn2Se2_2,0.856305,0.6841032,0.07587453,0.33333334,0.041921362,0.66666657,0.018130578
POSCAR_Mn2Se2_2_y950,Mn2Se2_2,0.889027,0.66211605,0.07674387,0.33333334,0.042712264,0.66666657,0.018643092
POSCAR_Mn2Se2_2_y975,Mn2Se2_2,1.052282,0.6675154,0.0800894,0.33333334,0.045085028,0.66666657,0.018894615
POSCAR_Mn2Se2_2_z025,Mn2Se2_2,0.925731,0.662026,0.07822127,0.33333334,0.04220302,0.66666657,0.017878296
POSCAR_Mn2Se2_2_z050,Mn2Se2_2,0.900524,0.6511597,0.07507621,0.33333334,0.040893286,0.66666657,0.017524537
POSCAR_Mn2Se2_2_z950,Mn2Se2_2,0.838312,0.69514996,0.08206806,0.33333334,0.041508764,0.66666657,0.017879296
POSCAR_Mn2Se2_2_z975,Mn2Se2_2,0.84266,0.6840305,0.081237465,0.33333334,0.041676898,0.66666657,0.018407745
POSCAR_Mn2Se2_3,Mn2Se2_3,0.660164,0.61215574,0.060300186,0.16666667,-0.008944421,0.66666657,0.0089055495
POSCAR_Mn2Se2_3_st025,Mn2Se2_3,0.553977,0.61215574,0.058516428,0.16666667,-0.008585647,0.66666657,0.008106738
POSCAR_Mn2Se2_3_st050,Mn2Se2_3,0.466886,0.61215574,0.057802793,0.16666667,-0.007980465,0.66666657,0.008275287
POSCAR_Mn2Se2_3_st950,Mn2Se2_3,0.938997,0.61215574,0.061493,0.16666667,-0.009394939,0.66666657,0.00931182
POSCAR_Mn2Se2_3_st975,Mn2Se2_3,0.788173,0.61215574,0.060967043,0.16666667,-0.009132997,0.66666657,0.009205365
POSCAR_Mn2Se2_3_x025,Mn2Se2_3,0.72059,0.6058059,0.060535718,0.16666667,-0.008797364,0.66666657,0.009259216
POSCAR_Mn2Se2_3_x050,Mn2Se2_3,0.720459,0.5996132,0.06061185,0.16666667,-0.008019832,0.66666657,0.009418522
POSCAR_Mn2Se2_3_x950,Mn2Se2_3,0.696602,0.6253286,0.06152907,0.16666667,-0.008001633,0.66666657,0.009278799
POSCAR_Mn2Se2_3_x975,Mn2Se2_3,0.65806,0.61866325,0.0603109,0.16666667,-0.008558986,0.66666657,0.00914469
POSCAR_Mn2Se2_3_y025,Mn2Se2_3,0.619431,0.6238353,0.06114441,0.16666667,-0.008706774,0.66666657,0.009082228
POSCAR_Mn2Se2_3_y050,Mn2Se2_3,0.614925,0.6356058,0.06409409,0.16666667,-0.008791775,0.66666657,0.009594626
POSCAR_Mn2Se2_3_y950,Mn2Se2_3,0.795893,0.58912843,0.059951954,0.16666667,-0.008469391,0.66666657,0.009130174
POSCAR_Mn2Se2_3_y975,Mn2Se2_3,0.734165,0.6005817,0.060276065,0.16666667,-0.0089510325,0.66666657,0.009112447
POSCAR_Mn2Se2_3_z025,Mn2Se2_3,0.563233,0.6069606,0.058118474,0.16666667,-0.00871804,0.66666657,0.008483573
POSCAR_Mn2Se2_3_z050,Mn2Se2_3,0.503862,0.6017791,0.057211768,0.16666667,-0.008257207,0.66666657,0.0085219825
POSCAR_Mn2Se2_3_z950,Mn2Se2_3,0.878258,0.62257123,0.061522067,0.16666667,-0.009073242,0.66666657,0.0094252415
POSCAR_Mn2Se2_3_z975,Mn2Se2_3,0.750771,0.61736065,0.061023086,0.16666667,-0.009027174,0.66666657,0.009262178
POSCAR_Mn2Se4_1,Mn2Se4_1,0.433695,0.34501106,0.026087748,0.19123058,0.009920798,0.66666657,0.011031635
POSCAR_Mn2Se4_1_st025,Mn2Se4_1,0.387577,0.34501106,0.026026,0.19123058,0.009817507,0.66666657,0.010897911
POSCAR_Mn2Se4_1_st050,Mn2Se4_1,0.399513,0.34501106,0.02540508,0.19123058,0.009697608,0.66666657,0.010804541
POSCAR_Mn2Se4_1_st950,Mn2Se4_1,0.520944,0.34501106,0.02666202,0.19123058,0.010576042,0.66666657,0.011241051
POSCAR_Mn2Se4_1_st975,Mn2Se4_1,0.47961,0.34501106,0.026544126,0.19123058,0.010143497,0.66666657,0.011217739
POSCAR_Mn2Se4_1_x025,Mn2Se4_1,0.429056,0.33845478,0.02569739,0.19123058,0.0096868975,0.66666657,0.010890824
POSCAR_Mn2Se4_1_x050,Mn2Se4_1,0.420021,0.3320196,0.02666757,0.19123058,0.010178724,0.66666657,0.011459892
POSCAR_Mn2Se4_1_x950,Mn2Se4_1,0.436283,0.35847992,0.027165826,0.19123058,0.009105161,0.66666657,0.011320801
POSCAR_Mn2Se4_1_x975,Mn2Se4_1,0.435457,0.3516868,0.026603723,0.19123058,0.00951696,0.66666657,0.011342536
POSCAR_Mn2Se4_1_y025,Mn2Se4_1,0.434736,0.34843937,0.026758729,0.19123058,0.008819723,0.66666657,0.011070563
POSCAR_Mn2Se4_1_y050,Mn2Se4_1,0.428954,0.351858,0.027301518,0.19123058,0.008361364,0.66666657,0.01112245
POSCAR_Mn2Se4_1_y950,Mn2Se4_1,0.475777,0.3381373,0.024878483,0.19123058,0.010812194,0.66666657,0.010860385
POSCAR_Mn2Se4_1_y975,Mn2Se4_1,0.428592,0.341576,0.026044697,0.19123058,0.010527524,0.66666657,0.010914403
POSCAR_Mn2Se4_1_z025,Mn2Se4_1,0.393701,0.3482125,0.02600541,0.19123058,0.010255028,0.66666657,0.011084416
POSCAR_Mn2Se4_1_z050,Mn2Se4_1,0.417475,0.35144624,0.026078325,0.19123058,0.009513922,0.66666657,0.010847649
POSCAR_Mn2Se4_1_z950,Mn2Se4_1,0.511353,0.3387197,0.026718048,0.19123058,0.0102079725,0.66666657,0.011664263
POSCAR_Mn2Se4_1_z975,Mn2Se4_1,0.480513,0.3418455,0.026568301,0.19123058,0.0097359745,0.66666657,0.011141844
POSCAR_Mn2Sn3_1,Mn2Sn3_1,0.022539,0.00076958287,-0.23257554,0.3506468,0.019050794,0.33333328,0.0041452157
POSCAR_Mn2Sn3_1_st025,Mn2Sn3_1,0.018339,0.00076958287,-0.22553253,0.3506468,0.018678943,0.33333328,0.004275053
POSCAR_Mn2Sn3_1_st050,Mn2Sn3_1,0.013471,0.00076958287,-0.22306323,0.3506468,0.018532027,0.33333328,0.004371151
POSCAR_Mn2Sn3_1_st950,Mn2Sn3_1,0.025482,0.00076958287,-0.23759827,0.3506468,0.019283408,0.33333328,0.0039989287
POSCAR_Mn2Sn3_1_x025,Mn2Sn3_1,0.020608,0.0007568396,-0.23052053,0.3506468,0.018916769,0.33333328,0.004048644
POSCAR_Mn2Sn3_1_x050,Mn2Sn3_1,0.018867,0.0007442378,-0.23240598,0.3506468,0.01882047,0.33333328,0.0037918042
POSCAR_Mn2Sn3_1_x950,Mn2Sn3_1,0.021188,0.0007954528,-0.23609403,0.3506468,0.018920392,0.33333328,0.0037544328
POSCAR_Mn2Sn3_1_y025,Mn2Sn3_1,0.020612,0.00075738935,-0.23051968,0.3506468,0.018914413,0.33333328,0.0040243072
POSCAR_Mn2Sn3_1_y050,Mn2Sn3_1,0.018813,0.000745332,-0.23248164,0.3506468,0.018834447,0.33333328,0.0038093836
POSCAR_Mn2Sn3_1_y950,Mn2Sn3_1,0.021099,0.0007943387,-0.23596977,0.3506468,0.018883267,0.33333328,0.0037741356
POSCAR_Mn2Sn3_1_z025,Mn2Sn3_1,0.021315,0.000794612,-0.23061574,0.3506468,0.019069752,0.33333328,0.004157695
POSCAR_Mn2Sn3_1_z050,Mn2Sn3_1,0.01986,0.0008195506,-0.2279755,0.3506468,0.019062368,0.33333328,0.0041714874
POSCAR_Mn2Sn3_1_z950,Mn2Sn3_1,0.020445,0.000719314,-0.23336999,0.3506468,0.018995296,0.33333328,0.00398442
POSCAR_Mn2Sn3_1_z975,Mn2Sn3_1,0.022518,0.00074447825,-0.23252875,0.3506468,0.019117163,0.33333328,0.0040841876
POSCAR_Mn2Te2_1,Mn2Te2_1,0.650019,0.6924799,0.083509445,0.33333334,0.045801066,0.66666657,0.019656442
POSCAR_Mn2Te2_1_st025,Mn2Te2_1,0.548578,0.6924799,0.078972094,0.33333334,0.04390643,0.66666657,0.017520456
POSCAR_Mn2Te2_1_st050,Mn2Te2_1,0.467186,0.6924799,0.07706771,0.33333334,0.043228384,0.66666657,0.017212454
POSCAR_Mn2Te2_1_st950,Mn2Te2_1,0.935289,0.6924799,0.08746614,0.33333334,0.046634797,0.66666657,0.02237026
POSCAR_Mn2Te2_1_st975,Mn2Te2_1,0.776702,0.6924799,0.08569574,0.33333334,0.046423543,0.66666657,0.021549463
POSCAR_Mn2Te2_1_x025,Mn2Te2_1,0.720659,0.6978324,0.08157245,0.33333334,0.046480123,0.66666657,0.019253163
POSCAR_Mn2Te2_1_x050,Mn2Te2_1,0.710735,0.7032384,0.08001321,0.33333334,0.044668797,0.66666657,0.019122321
POSCAR_Mn2Te2_1_x950,Mn2Te2_1,0.936933,0.6819723,0.07984873,0.33333334,0.045418337,0.66666657,0.01990358
POSCAR_Mn2Te2_1_x975,Mn2Te2_1,0.801303,0.68719006,0.08191763,0.33333334,0.047125656,0.66666657,0.019800311
POSCAR_Mn2Te2_1_y025,Mn2Te2_1,0.721698,0.69783455,0.08146666,0.33333334,0.04638939,0.66666657,0.019167803
POSCAR_Mn2Te2_1_y050,Mn2Te2_1,0.710821,0.7032426,0.07995998,0.33333334,0.044570226,0.66666657,0.019046683
POSCAR_Mn2Te2_1_y950,Mn2Te2_1,0.93675,0.68196774,0.08014376,0.33333334,0.04581796,0.66666657,0.020003613
POSCAR_Mn2Te2_1_y975,Mn2Te2_1,0.799947,0.68718785,0.082021214,0.33333334,0.047173835,0.66666657,0.019882223
POSCAR_Mn2Te2_1_z025,Mn2Te2_1,0.67557,0.68186444,0.08015687,0.33333334,0.045122642,0.66666657,0.018352576
POSCAR_Mn2Te2_1_z050,Mn2Te2_1,0.725824,0.6713193,0.07919129,0.33333334,0.044954203,0.66666657,0.018067993
POSCAR_Mn2Te2_1_z950,Mn2Te2_1,0.955288,0.7138845,0.08879748,0.33333334,0.046310425,0.66666657,0.021607995
POSCAR_Mn2Te2_1_z975,Mn2Te2_1,0.803063,0.70315653,0.08596287,0.33333334,0.045916416,0.66666657,0.020921445
POSCAR_Mn2Te3_1,Mn2Te3_1,0.024746,0.00032757898,-0.20296046,0.2207227,0.021467155,0.66666657,0.00755547
POSCAR_Mn2Te3_1_st050,Mn2Te3_1,0.023125,0.00032757898,-0.20064892,0.2207227,0.021207532,0.66666657,0.007400003
POSCAR_Mn2Te3_1_x050,Mn2Te3_1,0.022641,0.00032353058,-0.20439489,0.2207227,0.020874893,0.66666657,0.007932129
POSCAR_Mn2Te3_1_x950,Mn2Te3_1,0.024438,0.00033165413,-0.2094746,0.2207227,0.020805392,0.66666657,0.0080024
POSCAR_Mn2Te3_1_x975,Mn2Te3_1,0.024909,0.00032961386,-0.20635787,0.2207227,0.020942226,0.66666657,0.007964611
POSCAR_Mn2Te3_1_y050,Mn2Te3_1,0.022783,0.0003235039,-0.20484805,0.2207227,0.02111417,0.66666657,0.0079554655
POSCAR_Mn2Te3_1_y950,Mn2Te3_1,0.024819,0.00033168378,-0.20947479,0.2207227,0.020810297,0.66666657,0.008004457
POSCAR_Mn2Te3_1_y975,Mn2Te3_1,0.025373,0.00032962835,-0.20633213,0.2207227,0.020937467,0.66666657,0.007964428
POSCAR_Mn2Te3_1_z025,Mn2Te3_1,0.024754,0.00033161705,-0.20781548,0.2207227,0.020920912,0.66666657,0.007917734
POSCAR_Mn2Te3_1_z975,Mn2Te3_1,0.025602,0.00032346084,-0.20294826,0.2207227,0.021461079,0.66666657,0.007796037
POSCAR_Mn2Te4_1,Mn2Te4_1,0.398752,0.40355748,0.04637079,0.1857579,0.008358193,0.66666657,0.0106268665
POSCAR_Mn2Te4_1_st025,Mn2Te4_1,0.392111,0.40355748,0.046059355,0.1857579,0.008672036,0.66666657,0.010412877
POSCAR_Mn2Te4_1_st050,Mn2Te4_1,0.348485,0.40355748,0.046145063,0.1857579,0.008805341,0.66666657,0.010369856
POSCAR_Mn2Te4_1_st950,Mn2Te4_1,0.442836,0.40355748,0.047914125,0.1857579,0.008041539,0.66666657,0.011007043
POSCAR_Mn2Te4_1_st975,Mn2Te4_1,0.400682,0.40355748,0.046952188,0.1857579,0.008090714,0.66666657,0.010713416
POSCAR_Mn2Te4_1_x025,Mn2Te4_1,0.395198,0.39584926,0.03330513,0.1857579,0.0072705224,0.66666657,0.009795573
POSCAR_Mn2Te4_1_x050,Mn2Te4_1,0.40939,0.3882849,0.030914342,0.1857579,0.008132467,0.66666657,0.010343771
POSCAR_Mn2Te4_1_x950,Mn2Te4_1,0.458795,0.41939792,0.04771952,0.1857579,0.006697214,0.66666657,0.0106840655
POSCAR_Mn2Te4_1_x975,Mn2Te4_1,0.422493,0.41140786,0.04761504,0.1857579,0.0073100845,0.66666657,0.010642019
POSCAR_Mn2Te4_1_y025,Mn2Te4_1,0.393297,0.40762398,0.046638653,0.1857579,0.0072240676,0.66666657,0.010381367
POSCAR_Mn2Te4_1_y050,Mn2Te4_1,0.386326,0.4116775,0.047266398,0.1857579,0.006319866,0.66666657,0.010233147
POSCAR_Mn2Te4_1_y950,Mn2Te4_1,0.375161,0.39539996,0.032213118,0.1857579,0.008029202,0.66666657,0.010160192
POSCAR_Mn2Te4_1_y975,Mn2Te4_1,0.404514,0.39948156,0.034459796,0.1857579,0.007400832,0.66666657,0.0099385325
POSCAR_Mn2Te4_1_z025,Mn2Te4_1,0.435286,0.40728286,0.04609758,0.1857579,0.009403087,0.66666657,0.010744441
POSCAR_Mn2Te4_1_z050,Mn2Te4_1,0.449525,0.41104063,0.047642358,0.1857579,0.008419153,0.66666657,0.010341994
POSCAR_Mn2Te4_1_z950,Mn2Te4_1,0.280623,0.3962205,0.03519232,0.1857579,0.0078990385,0.66666657,0.010913227
POSCAR_Mn2Te4_1_z975,Mn2Te4_1,0.344643,0.3998686,0.037510775,0.1857579,0.0072338297,0.66666657,0.010234745
POSCAR_Mn2Te8_1,Mn2Te8_1,0.431439,0.46616247,0.057662,0.11031707,-0.02628896,0.66666657,0.013047653
POSCAR_Mn2Te8_1_st025,Mn2Te8_1,0.370025,0.46616247,0.057577178,0.11031707,-0.026084816,0.66666657,0.012911636
POSCAR_Mn2Te8_1_st950,Mn2Te8_1,0.457919,0.46616247,0.05840669,0.11031707,-0.026871327,0.66666657,0.013355954
POSCAR_Mn2Te8_1_st975,Mn2Te8_1,0.457613,0.46616247,0.05790621,0.11031707,-0.026988689,0.66666657,0.013208986
POSCAR_Mn2Te8_1_x025,Mn2Te8_1,0.398912,0.47009766,0.058209945,0.11031707,-0.026276365,0.66666657,0.012983236
POSCAR_Mn2Te8_1_x050,Mn2Te8_1,0.355818,0.47405475,0.05967908,0.11031707,-0.026701726,0.66666657,0.013351427
POSCAR_Mn2Te8_1_x950,Mn2Te8_1,0.474472,0.45837575,0.05785258,0.11031707,-0.027401142,0.66666657,0.013052044
POSCAR_Mn2Te8_1_y025,Mn2Te8_1,0.401971,0.46894047,0.059745986,0.11031707,-0.026285635,0.66666657,0.013357595
POSCAR_Mn2Te8_1_y050,Mn2Te8_1,0.409631,0.47176278,0.06027952,0.11031707,-0.026451105,0.66666657,0.013565655
POSCAR_Mn2Te8_1_y950,Mn2Te8_1,0.42839,0.46075857,0.0555311,0.11031707,-0.027724463,0.66666657,0.012950829
POSCAR_Mn2Te8_1_y975,Mn2Te8_1,0.442316,0.4634335,0.055772524,0.11031707,-0.027461076,0.66666657,0.012740668
POSCAR_Mn2Te8_1_z025,Mn2Te8_1,0.421302,0.45954984,0.05472588,0.11031707,-0.027235849,0.66666657,0.012312116
POSCAR_Mn2Te8_1_z050,Mn2Te8_1,0.384184,0.4530657,0.051458742,0.11031707,-0.028417239,0.66666657,0.01239087
POSCAR_Mn2Te8_1_z950,Mn2Te8_1,0.413174,0.47977573,0.06016224,0.11031707,-0.027352493,0.66666657,0.013592844
POSCAR_Mn2Te8_1_z975,Mn2Te8_1,0.419145,0.47290426,0.059748147,0.11031707,-0.027178125,0.66666657,0.013444274
POSCAR_Mn2Te8_2,Mn2Te8_2,0.011201,0.0016300326,-0.1887035,0.15588541,0.0010082616,0.66666657,0.0060878494
POSCAR_Mn2Te8_2_st025,Mn2Te8_2,0.011463,0.0016300326,-0.18813287,0.15588541,0.0010192064,0.66666657,0.0061232
POSCAR_Mn2Te8_2_st050,Mn2Te8_2,0.011347,0.0016300326,-0.1884185,0.15588541,0.0010099676,0.66666657,0.006133503
POSCAR_Mn2Te8_2_st950,Mn2Te8_2,0.012551,0.0016300326,-0.19206157,0.15588541,0.0011253946,0.66666657,0.006197814
POSCAR_Mn2Te8_2_st975,Mn2Te8_2,0.012137,0.0016300326,-0.19029208,0.15588541,0.0011301276,0.66666657,0.0061182743
POSCAR_Mn2Te8_2_x025,Mn2Te8_2,0.011947,0.0016415104,-0.1890704,0.15588541,0.0008411109,0.66666657,0.006004754
POSCAR_Mn2Te8_2_x050,Mn2Te8_2,0.011119,0.0016529841,-0.18912697,0.15588541,0.0007998713,0.66666657,0.0059846547
POSCAR_Mn2Te8_2_x950,Mn2Te8_2,0.013089,0.0016071013,-0.19108725,0.15588541,0.0010163225,0.66666657,0.006009805
POSCAR_Mn2Te8_2_x975,Mn2Te8_2,0.012938,0.0016185597,-0.18971582,0.15588541,0.0008999338,0.66666657,0.0060263984
POSCAR_Mn2Te8_2_y025,Mn2Te8_2,0.012666,0.0016290869,-0.18921,0.15588541,0.0008674701,0.66666657,0.006005754
POSCAR_Mn2Te8_2_y050,Mn2Te8_2,0.012101,0.0016280441,-0.18966596,0.15588541,0.00091763126,0.66666657,0.005950504
POSCAR_Mn2Te8_2_y950,Mn2Te8_2,0.011969,0.0016316245,-0.19003268,0.15588541,0.0008049289,0.66666657,0.0060346364
POSCAR_Mn2Te8_2_y975,Mn2Te8_2,0.012379,0.0016308791,-0.18964082,0.15588541,0.00086541846,0.66666657,0.006043565
POSCAR_Mn2Te8_2_z025,Mn2Te8_2,0.011019,0.0016193861,-0.188414,0.15588541,0.0010095543,0.66666657,0.0060974625
POSCAR_Mn2Te8_2_z050,Mn2Te8_2,0.009484,0.0016086168,-0.18833669,0.15588541,0.001023599,0.66666657,0.006100505
POSCAR_Mn2Te8_2_z950,Mn2Te8_2,0.011532,0.0016509026,-0.19034865,0.15588541,0.0009663466,0.66666657,0.0060714306
POSCAR_Mn2Te8_2_z975,Mn2Te8_2,0.01167,0.0016405426,-0.18931329,0.15588541,0.0009853608,0.66666657,0.0061109676
POSCAR_Mn2Te8_3,Mn2Te8_3,0.277213,0.013025886,-0.10906425,0.10380553,-0.044015147,0.66666657,0.007509909
POSCAR_Mn2Te8_3_st025,Mn2Te8_3,0.254819,0.013025886,-0.10829525,0.10380553,-0.04382769,0.66666657,0.007297463
POSCAR_Mn2Te8_3_st050,Mn2Te8_3,0.23221,0.013025886,-0.107266404,0.10380553,-0.04366988,0.66666657,0.0072300816
POSCAR_Mn2Te8_3_st950,Mn2Te8_3,0.318266,0.013025886,-0.110193364,0.10380553,-0.044384524,0.66666657,0.007712277
POSCAR_Mn2Te8_3_st975,Mn2Te8_3,0.298851,0.013025886,-0.10947976,0.10380553,-0.044009108,0.66666657,0.007649382
POSCAR_Mn2Te8_3_x025,Mn2Te8_3,0.271849,0.013156014,-0.11018622,0.10380553,-0.043679673,0.66666657,0.0073661483
POSCAR_Mn2Te8_3_y025,Mn2Te8_3,0.279321,0.013120002,-0.115188114,0.10380553,-0.043856725,0.66666657,0.0074887406
POSCAR_Mn2Tl13_1,Mn2Tl13_1,0.019475,0.009247274,-0.14788043,0.10859139,-0.017116057,0.16666664,0.0021413197
POSCAR_Mn2Tl13_1_st025,Mn2Tl13_1,0.016683,0.009247274,-0.14720976,0.10859139,-0.017074235,0.16666664,0.0021214923
POSCAR_Mn2Tl13_1_st050,Mn2Tl13_1,0.015521,0.009247274,-0.14724682,0.10859139,-0.017104853,0.16666664,0.0020730356
POSCAR_Mn2Tl13_1_st975,Mn2Tl13_1,0.023312,0.009247274,-0.14859691,0.10859139,-0.01710075,0.16666664,0.0021564362
POSCAR_Mn2Tl13_1_x025,Mn2Tl13_1,0.01952,0.009224074,-0.14726152,0.10859139,-0.017359432,0.16666664,0.0021638325
POSCAR_Mn2Tl13_1_x975,Mn2Tl13_1,0.020524,0.009271982,-0.14987767,0.10859139,-0.017443782,0.16666664,0.002323076
POSCAR_Mn2Tl13_1_y025,Mn2Tl13_1,0.018102,0.009265542,-0.14848372,0.10859139,-0.017012572,0.16666664,0.0021755127
POSCAR_Mn2Tl13_1_y050,Mn2Tl13_1,0.016684,0.009284959,-0.1492322,0.10859139,-0.017478205,0.16666664,0.0022599285
POSCAR_Mn2Tl13_1_y975,Mn2Tl13_1,0.020976,0.009230229,-0.14781365,0.10859139,-0.017388009,0.16666664,0.0021218483
POSCAR_Mn2Tl13_1_z025,Mn2Tl13_1,0.019277,0.009254206,-0.14740562,0.10859139,-0.016981995,0.16666664,0.0021995849
POSCAR_Mn2Tl13_1_z950,Mn2Tl13_1,0.021443,0.0092374915,-0.14948843,0.10859139,-0.017315472,0.16666664,0.002187649
POSCAR_Mn2Tl13_1_z975,Mn2Tl13_1,0.021036,0.009241679,-0.14918749,0.10859139,-0.017416714,0.16666664,0.0021716154
POSCAR_Mo2N2_2,Mo2N2_2,0.579884,0.63914233,0.06977334,0.33333334,0.034664292,0.5999999,0.02331419
POSCAR_Mo2N2_2_st050,Mo2N2_2,0.746576,0.63914233,0.07068306,0.33333334,0.035253312,0.5999999,0.023265315
POSCAR_Mo2N2_2_x025,Mo2N2_2,0.756857,0.6449465,0.07122685,0.33333334,0.036884435,0.5999999,0.024097385
POSCAR_Mo2N2_2_x050,Mo2N2_2,0.759437,0.6508037,0.07308809,0.33333334,0.037384227,0.5999999,0.024140755
POSCAR_Mo2N2_2_x950,Mo2N2_2,0.797902,0.6277298,0.06480474,0.33333334,0.03593362,0.5999999,0.023465607
POSCAR_Mo2N2_2_y025,Mo2N2_2,0.756629,0.6449294,0.07152957,0.33333334,0.037550222,0.5999999,0.024128264
POSCAR_Mo2N2_2_y050,Mo2N2_2,0.759736,0.65077,0.073326826,0.33333334,0.038126037,0.5999999,0.024184372
POSCAR_Mo2N2_2_y950,Mo2N2_2,0.804037,0.6277654,0.06449663,0.33333334,0.035045873,0.5999999,0.023419125
POSCAR_Mo2N2_2_z975,Mo2N2_2,0.599695,0.65073675,0.0737154,0.33333334,0.034623336,0.5999999,0.023216503
POSCAR_Mo2N2_4,Mo2N2_4,0.31212,0.7604893,0.052889295,0.083333336,-0.0876336,0.5999999,0.011914508
POSCAR_Mo2N2_4_st025,Mo2N2_4,0.24554,0.7604893,0.05155998,0.083333336,-0.087467365,0.5999999,0.011930191
POSCAR_Mo2N2_4_st050,Mo2N2_4,0.19,0.7604893,0.050126567,0.083333336,-0.0879826,0.5999999,0.012204425
POSCAR_Mo2N2_4_st975,Mo2N2_4,0.394983,0.7604893,0.053233087,0.083333336,-0.08594366,0.5999999,0.011774778
POSCAR_Mo2N2_4_x025,Mo2N2_4,0.299043,0.75982076,0.051971704,0.083333336,-0.08675751,0.5999999,0.011968818
POSCAR_Mo2N2_4_x050,Mo2N2_4,0.286123,0.757763,0.05380396,0.083333336,-0.08502082,0.5999999,0.011853807
POSCAR_Mo2N2_4_x950,Mo2N2_4,0.373207,0.74866664,0.05442378,0.083333336,-0.081746385,0.5999999,0.011473453
POSCAR_Mo2N2_4_x975,Mo2N2_4,0.342742,0.75463843,0.052225716,0.083333336,-0.08710185,0.5999999,0.011964083
POSCAR_Mo2N2_4_y025,Mo2N2_4,0.29575,0.75862676,0.05214699,0.083333336,-0.08675139,0.5999999,0.011954707
POSCAR_Mo2N2_4_y050,Mo2N2_4,0.284022,0.7565602,0.053881414,0.083333336,-0.08500402,0.5999999,0.011855361
POSCAR_Mo2N2_4_y950,Mo2N2_4,0.375913,0.7497898,0.05437789,0.083333336,-0.08175009,0.5999999,0.011466237
POSCAR_Mo2N2_4_y975,Mo2N2_4,0.347447,0.7557926,0.0521444,0.083333336,-0.08709777,0.5999999,0.011967511
POSCAR_Mo2N2_4_z025,Mo2N2_4,0.28572,0.7564813,0.052619815,0.083333336,-0.08620688,0.5999999,0.012001753
POSCAR_Mo2N2_4_z050,Mo2N2_4,0.257576,0.75248957,0.052777387,0.083333336,-0.08356503,0.5999999,0.01184433
POSCAR_Mo2N2_4_z950,Mo2N2_4,0.397349,0.76856863,0.051607717,0.083333336,-0.091978274,0.5999999,0.011880785
POSCAR_Mo2N2_4_z975,Mo2N2_4,0.351974,0.76451707,0.052836876,0.083333336,-0.08772477,0.5999999,0.011711772
POSCAR_Mo2O3_1,Mo2O3_1,1.443962,0.6262857,0.064349875,0.20766574,0.017937098,0.79999983,0.020289507
POSCAR_Mo2O3_1_st025,Mo2O3_1,1.017224,0.6262857,0.06433693,0.20766574,0.01789639,0.79999983,0.020226521
POSCAR_Mo2O3_1_st050,Mo2O3_1,0.660925,0.6262857,0.06437874,0.20766574,0.017906377,0.79999983,0.020289097
POSCAR_Mo2O3_1_st950,Mo2O3_1,1.366798,0.6262857,0.0642284,0.20766574,0.017429354,0.79999983,0.020159433
POSCAR_Mo2O3_1_st975,Mo2O3_1,1.546168,0.6262857,0.064100266,0.20766574,0.017238908,0.79999983,0.020276409
POSCAR_Mo2O3_1_x025,Mo2O3_1,1.452999,0.6147796,0.06376392,0.20766574,0.018552467,0.79999983,0.020307094
POSCAR_Mo2O3_1_x050,Mo2O3_1,1.456187,0.6034722,0.060076285,0.20766574,0.017888334,0.79999983,0.020273838
POSCAR_Mo2O3_1_x950,Mo2O3_1,1.400024,0.64987874,0.07529313,0.20766574,0.018267522,0.79999983,0.02109249
POSCAR_Mo2O3_1_x975,Mo2O3_1,1.426924,0.6379869,0.06964466,0.20766574,0.017770369,0.79999983,0.020614685
POSCAR_Mo2O4_2,Mo2O4_2,0.731615,0.7321642,0.06815084,0.15834235,0.0024829616,0.79999983,0.018503759
POSCAR_Mo2O4_2_st025,Mo2O4_2,0.668252,0.7321642,0.0663421,0.15834235,0.0030632697,0.79999983,0.018697262
POSCAR_Mo2O4_2_st050,Mo2O4_2,0.613307,0.7321642,0.06596389,0.15834235,0.002930425,0.79999983,0.01898022
POSCAR_Mo2O4_2_st950,Mo2O4_2,0.886503,0.7321642,0.07273062,0.15834235,0.0036104433,0.79999983,0.018749995
POSCAR_Mo2O4_2_st975,Mo2O4_2,0.809936,0.7321642,0.06989183,0.15834235,0.0029575925,0.79999983,0.018268378
POSCAR_Mo2O4_2_x025,Mo2O4_2,0.681421,0.7362263,0.06709814,0.15834235,0.0031116018,0.79999983,0.018581491
POSCAR_Mo2O4_2_x050,Mo2O4_2,0.613316,0.7402912,0.07125415,0.15834235,0.003922117,0.79999983,0.019673605
POSCAR_Mo2O4_2_x950,Mo2O4_2,0.746447,0.7240605,0.06985611,0.15834235,0.0034856843,0.79999983,0.018440958
POSCAR_Mo2O4_2_x975,Mo2O4_2,0.749344,0.7281078,0.06896162,0.15834235,0.0028533684,0.79999983,0.01855845
POSCAR_Mo2O4_2_y025,Mo2O4_2,0.705532,0.72365403,0.067267284,0.15834235,0.0026488039,0.79999983,0.018535897
POSCAR_Mo2O4_2_y050,Mo2O4_2,0.671588,0.71520287,0.06689679,0.15834235,0.0031469043,0.79999983,0.01851996
POSCAR_Mo2O4_2_y950,Mo2O4_2,0.773406,0.74933434,0.070467755,0.15834235,0.0032594767,0.79999983,0.018674731
POSCAR_Mo2O4_2_y975,Mo2O4_2,0.753762,0.7407267,0.06961564,0.15834235,0.00300417,0.79999983,0.018518412
POSCAR_Mo2O4_2_z025,Mo2O4_2,0.722261,0.7366405,0.0688405,0.15834235,0.0030850605,0.79999983,0.018765021
POSCAR_Mo2O4_2_z050,Mo2O4_2,0.699674,0.74111134,0.06959646,0.15834235,0.0035600234,0.79999983,0.01871722
POSCAR_Mo2O4_2_z950,Mo2O4_2,0.722865,0.72321135,0.07465864,0.15834235,0.0037591904,0.79999983,0.01857798
POSCAR_Mo2O4_2_z975,Mo2O4_2,0.731223,0.7276864,0.06887742,0.15834235,0.003091838,0.79999983,0.018314732
POSCAR_Mo2P4_4,Mo2P4_4,0.476362,0.38058597,0.02667009,0.20200989,0.008615775,0.5999999,0.013749815
POSCAR_Mo2P4_4_st950,Mo2P4_4,0.442223,0.38058597,0.02856082,0.20200989,0.008406118,0.5999999,0.014855689
POSCAR_Mo2P4_4_st975,Mo2P4_4,0.465529,0.38058597,0.027333593,0.20200989,0.008548746,0.5999999,0.014300932
POSCAR_Mo2P4_4_x050,Mo2P4_4,0.349607,0.37287185,0.027563673,0.20200989,0.009194748,0.5999999,0.013802884
POSCAR_Mo2P4_4_x950,Mo2P4_4,0.392774,0.3882665,0.030075857,0.20200989,0.008813553,0.5999999,0.014337935
POSCAR_Mo2P4_4_x975,Mo2P4_4,0.455044,0.38443217,0.028322497,0.20200989,0.008307368,0.5999999,0.014000798
POSCAR_Mo2P4_4_y025,Mo2P4_4,0.440591,0.37953058,0.0269417,0.20200989,0.0090799555,0.5999999,0.013862624
POSCAR_Mo2P4_4_y050,Mo2P4_4,0.432413,0.37852067,0.027328173,0.20200989,0.009935191,0.5999999,0.013048238
POSCAR_Mo2P4_4_y950,Mo2P4_4,0.507009,0.38283694,0.030682238,0.20200989,0.008843575,0.5999999,0.014500566
POSCAR_Mo2P4_4_y975,Mo2P4_4,0.491332,0.38168782,0.02821575,0.20200989,0.00837565,0.5999999,0.013962266
POSCAR_Mo2P4_4_z025,Mo2P4_4,0.473236,0.38552123,0.030329982,0.20200989,0.008652703,0.5999999,0.014179489
POSCAR_Mo2P4_4_z050,Mo2P4_4,0.477571,0.39046526,0.030785538,0.20200989,0.00907483,0.5999999,0.014691708
POSCAR_Mo2P4_4_z975,Mo2P4_4,0.481543,0.37566403,0.027153108,0.20200989,0.009303308,0.5999999,0.014029121
POSCAR_Mo2P8_1,Mo2P8_1,0.196501,0.39811623,0.04116565,0.15312037,0.005027312,0.5999999,0.015627522
POSCAR_Mo2P8_1_st025,Mo2P8_1,0.234051,0.39811623,0.04111203,0.15312037,0.0051386184,0.5999999,0.015668143
POSCAR_Mo2P8_1_st050,Mo2P8_1,0.280115,0.39811623,0.041150644,0.15312037,0.005101827,0.5999999,0.015632069
POSCAR_Mo2P8_1_st950,Mo2P8_1,0.239577,0.39811623,0.04174532,0.15312037,0.005290051,0.5999999,0.016130362
POSCAR_Mo2P8_1_st975,Mo2P8_1,0.22951,0.39811623,0.04125166,0.15312037,0.0051787756,0.5999999,0.015675487
POSCAR_Mo2P8_1_x025,Mo2P8_1,0.190387,0.39363012,0.038427748,0.15312037,0.004842672,0.5999999,0.015499671
POSCAR_Mo2P8_1_x050,Mo2P8_1,0.306738,0.3891369,0.035650592,0.15312037,0.0045192,0.5999999,0.015287164
POSCAR_Mo2P8_1_x950,Mo2P8_1,0.21123,0.4070507,0.05257694,0.15312037,0.0058937646,0.5999999,0.016353028
POSCAR_Mo2P8_1_x975,Mo2P8_1,0.192415,0.40259117,0.0507381,0.15312037,0.0056279777,0.5999999,0.016175942
POSCAR_Mo2P8_1_y975,Mo2P8_1,0.214951,0.39588252,0.037836604,0.15312037,0.0036475083,0.5999999,0.016363828
POSCAR_Mo2P8_1_z975,Mo2P8_1,0.214249,0.39587998,0.0379542,0.15312037,0.003623775,0.5999999,0.016359499
POSCAR_Mo2Sb2_2,Mo2Sb2_2,1.222819,0.74057686,0.08493105,0.33333334,0.042705536,0.5999999,0.018457552
POSCAR_Mo2Sb2_2_st025,Mo2Sb2_2,1.179225,0.74057686,0.0806496,0.33333334,0.041922063,0.5999999,0.017257186
POSCAR_Mo2Sb2_2_st050,Mo2Sb2_2,1.162559,0.74057686,0.07769147,0.33333334,0.041224055,0.5999999,0.016452841
POSCAR_Mo2Sb2_2_st950,Mo2Sb2_2,1.330672,0.74057686,0.08848891,0.33333334,0.043360867,0.5999999,0.01981592
POSCAR_Mo2Sb2_2_st975,Mo2Sb2_2,1.271594,0.74057686,0.08801665,0.33333334,0.043499827,0.5999999,0.019633621
POSCAR_Mo2Sb2_2_x025,Mo2Sb2_2,1.208829,0.7455078,0.08586368,0.33333334,0.040710773,0.5999999,0.018316057
POSCAR_Mo2Sb2_2_x050,Mo2Sb2_2,1.197117,0.75048983,0.08588301,0.33333334,0.039113354,0.5999999,0.018060321
POSCAR_Mo2Sb2_2_x950,Mo2Sb2_2,1.263536,0.7309058,0.08821478,0.33333334,0.040194098,0.5999999,0.018837595
POSCAR_Mo2Sb2_2_x975,Mo2Sb2_2,1.236153,0.7357063,0.08585474,0.33333334,0.04173418,0.5999999,0.01865054
POSCAR_Mo2Sb2_2_y025,Mo2Sb2_2,1.261591,0.7453163,0.0870265,0.33333334,0.041686732,0.5999999,0.017846115
POSCAR_Mo2Sb2_2_y050,Mo2Sb2_2,1.210688,0.7501151,0.0881415,0.33333334,0.039303895,0.5999999,0.018005006
POSCAR_Mo2Sb2_2_y950,Mo2Sb2_2,1.278745,0.7313115,0.086460896,0.33333334,0.04000066,0.5999999,0.018806588
POSCAR_Mo2Sb2_2_y975,Mo2Sb2_2,1.245622,0.7359055,0.08431704,0.33333334,0.041207276,0.5999999,0.018629447
POSCAR_Mo2Sb2_2_z025,Mo2Sb2_2,1.198107,0.7309737,0.0822569,0.33333334,0.041991867,0.5999999,0.018330557
POSCAR_Mo2Sb2_2_z050,Mo2Sb2_2,1.169259,0.72138846,0.080605894,0.33333334,0.041832004,0.5999999,0.019073863
POSCAR_Mo2Sb2_2_z950,Mo2Sb2_2,1.270415,0.75980115,0.08675325,0.33333334,0.04262162,0.5999999,0.019044898
POSCAR_Mo2Sb2_2_z975,Mo2Sb2_2,1.255148,0.75018907,0.08634242,0.33333334,0.04280142,0.5999999,0.018990884
POSCAR_Mo2Se2_1,Mo2Se2_1,0.89678,0.8612407,0.0869781,0.5364077,0.047568336,0.79999983,0.022187823
POSCAR_Mo2Se2_1_st025,Mo2Se2_1,0.814212,0.8612407,0.084744394,0.5364077,0.047457345,0.79999983,0.020840278
POSCAR_Mo2Se2_1_st050,Mo2Se2_1,0.734877,0.8612407,0.08295813,0.5364077,0.04610193,0.79999983,0.019214455
POSCAR_Mo2Se2_1_st950,Mo2Se2_1,1.037507,0.8612407,0.08879652,0.5364077,0.047673438,0.79999983,0.022342496
POSCAR_Mo2Se2_1_st975,Mo2Se2_1,0.975994,0.8612407,0.087926745,0.5056251,0.04714258,0.79999983,0.022534668
POSCAR_Mo2Se2_1_z025,Mo2Se2_1,0.885288,0.84397525,0.084036976,0.5353874,0.045617018,0.79999983,0.020960918
POSCAR_Mo2Se2_1_z050,Mo2Se2_1,0.859288,0.82699966,0.08087509,0.5344215,0.044195175,0.79999983,0.018374147
POSCAR_Mo2Se2_1_z950,Mo2Se2_1,0.874903,0.8966125,0.086976916,0.5077203,0.044918314,0.79999983,0.022347597
POSCAR_Mo2Se2_1_z975,Mo2Se2_1,0.8931,0.8787892,0.087399036,0.50664246,0.046455935,0.79999983,0.0223815
POSCAR_Mo2Sn4_1,Mo2Sn4_1,0.05732,0.0005534534,-0.22418363,0.32384163,0.017877383,0.39999992,0.004627982
POSCAR_Mo2Sn4_1_x025,Mo2Sn4_1,0.005779,0.0005514313,-0.22463796,0.32384163,0.017843198,0.39999992,0.0047681755
POSCAR_Mo2Sn4_1_x050,Mo2Sn4_1,0.005198,0.0005495756,-0.22874023,0.32384163,0.017492084,0.39999992,0.0046249055
POSCAR_Mo2Sn4_1_y050,Mo2Sn4_1,0.005108,0.0005596573,-0.22802953,0.32384163,0.017559525,0.39999992,0.0045111524
POSCAR_Mo2Sn4_1_y950,Mo2Sn4_1,0.004465,0.0005475219,-0.22805347,0.32384163,0.017628882,0.39999992,0.0044476995
POSCAR_Mo2Sn4_1_z025,Mo2Sn4_1,0.005554,0.00055259315,-0.22751176,0.32384163,0.017989794,0.39999992,0.004906887
POSCAR_Mo2Sn4_1_z050,Mo2Sn4_1,0.005669,0.00055187405,-0.22863635,0.32384163,0.017481,0.39999992,0.004619074
POSCAR_Mo2Sn4_1_z975,Mo2Sn4_1,0.005089,0.0005544599,-0.22601148,0.32384163,0.017865274,0.39999992,0.0046780463
POSCAR_Mo2Sn5_1,Mo2Sn5_1,0.011958,0.0018932451,-0.21470673,0.30993718,0.018025406,0.39999992,0.0065555605
POSCAR_Mo2Sn5_1_st025,Mo2Sn5_1,0.011758,0.0018932451,-0.21401171,0.30993718,0.01794417,0.39999992,0.006532607
POSCAR_Mo2Sn5_1_st050,Mo2Sn5_1,0.011218,0.0018932451,-0.21408732,0.30993718,0.017896444,0.39999992,0.006541489
POSCAR_Mo2Sn5_1_st975,Mo2Sn5_1,0.01105,0.0018932451,-0.21690826,0.30993718,0.018282004,0.39999992,0.0066556567
POSCAR_Mo2Sn5_1_x025,Mo2Sn5_1,0.012221,0.0018724073,-0.21442354,0.30993718,0.018002635,0.39999992,0.00654193
POSCAR_Mo2Sn5_1_x050,Mo2Sn5_1,0.011792,0.0018518947,-0.21413128,0.30993718,0.017985675,0.39999992,0.0065273643
POSCAR_Mo2Sn5_1_z050,Mo2Sn5_1,0.013093,0.001826315,-0.2064703,0.2519825,0.01751266,0.39999992,0.006304054
POSCAR_Mo2Te2_1,Mo2Te2_1,0.911697,0.72177255,0.079893425,0.33333334,0.045344446,0.79999983,0.017982703
POSCAR_Mo2Te2_1_st025,Mo2Te2_1,0.827894,0.72177255,0.07555419,0.33333334,0.043052133,0.79999983,0.016877532
POSCAR_Mo2Te2_1_st050,Mo2Te2_1,0.753871,0.85113025,0.08669879,0.54275423,0.050190397,0.79999983,0.018119961
POSCAR_Mo2Te2_1_st950,Mo2Te2_1,1.100611,0.72177255,0.08314809,0.33333334,0.0451933,0.79999983,0.019130128
POSCAR_Mo2Te2_1_st975,Mo2Te2_1,1.005254,0.72177255,0.08182616,0.33333334,0.045353007,0.79999983,0.018771283
POSCAR_Mo2Te2_1_z025,Mo2Te2_1,0.866522,0.71260285,0.07587199,0.33333334,0.043932173,0.79999983,0.017347835
POSCAR_Mo2Te2_1_z050,Mo2Te2_1,0.813679,0.7033986,0.075317815,0.33333334,0.04267299,0.79999983,0.01705329
POSCAR_Mo2Te2_1_z950,Mo2Te2_1,0.966295,0.7399629,0.08263156,0.33333334,0.045761444,0.79999983,0.019209638
POSCAR_Mo2Te2_1_z975,Mo2Te2_1,0.946142,0.7308965,0.08110841,0.33333334,0.045343354,0.79999983,0.018488633
POSCAR_N2V2_1,N2V2_1,1.108168,0.4033078,0.06292321,0.25,0.06586169,0.7499998,0.015864562
POSCAR_N2V2_1_st025,N2V2_1,1.102387,0.4033078,0.06269839,0.25,0.065525584,0.7499998,0.015722428
POSCAR_N2V2_1_st050,N2V2_1,1.469193,0.4033078,0.061058946,0.25,0.06721328,0.7499998,0.015177075
POSCAR_N2V2_1_st975,N2V2_1,1.416518,0.4033078,0.062447537,0.25,0.06532254,0.7499998,0.015926044
POSCAR_N2V2_1_z025,N2V2_1,1.153033,0.40251094,0.05943448,0.25,0.06186524,0.7499998,0.01684314
POSCAR_N2V2_1_z950,N2V2_1,1.222391,0.40478906,0.06130955,0.25,0.0625775,0.7499998,0.016480304
POSCAR_N2V2_1_z975,N2V2_1,1.134111,0.404067,0.06431328,0.25,0.06564207,0.7499998,0.016689781
POSCAR_N2V2_7,N2V2_7,0.120901,0.794215,0.04988417,0.083333336,-0.07811341,0.7499998,0.009841625
POSCAR_N2V2_7_st025,N2V2_7,0.119577,0.794215,0.049038004,0.083333336,-0.07987031,0.7499998,0.0094703445
POSCAR_N2V2_7_st050,N2V2_7,0.121726,0.794215,0.048359234,0.083333336,-0.08064377,0.7499998,0.009042406
POSCAR_N2V2_7_st975,N2V2_7,0.139245,0.794215,0.050021965,0.083333336,-0.075844824,0.7499998,0.009515077
POSCAR_N2V2_7_x025,N2V2_7,0.149414,0.79011977,0.04952925,0.083333336,-0.078378834,0.7499998,0.009622485
POSCAR_N2V2_7_x050,N2V2_7,0.176155,0.7860005,0.05005502,0.083333336,-0.07689392,0.7499998,0.009610388
POSCAR_N2V2_7_x950,N2V2_7,0.171011,0.7817097,0.050089695,0.083333336,-0.07517992,0.7499998,0.009413273
POSCAR_N2V2_7_x975,N2V2_7,0.143762,0.78793764,0.049517002,0.083333336,-0.0766367,0.7499998,0.009348262
POSCAR_N2V2_7_y025,N2V2_7,0.150702,0.79006934,0.04953429,0.083333336,-0.07835919,0.7499998,0.009622412
POSCAR_N2V2_7_y050,N2V2_7,0.17773,0.7859491,0.049998395,0.083333336,-0.076927006,0.7499998,0.009602947
POSCAR_N2V2_7_y950,N2V2_7,0.169259,0.7817585,0.050089583,0.083333336,-0.075180426,0.7499998,0.009413459
POSCAR_N2V2_7_y975,N2V2_7,0.142571,0.78798676,0.049517535,0.083333336,-0.07663673,0.7499998,0.009345736
POSCAR_N2V2_7_z025,N2V2_7,0.09989,0.79211575,0.04903795,0.083333336,-0.07890416,0.7499998,0.009267083
POSCAR_N2V2_7_z050,N2V2_7,0.081571,0.79008377,0.048561372,0.083333336,-0.07888138,0.7499998,0.009101237
POSCAR_N2V2_7_z950,N2V2_7,0.18963,0.79864305,0.05029201,0.083333336,-0.075251415,0.7499998,0.009451936
POSCAR_N2V2_7_z975,N2V2_7,0.152506,0.7963883,0.049789403,0.083333336,-0.07607905,0.7499998,0.009778141
POSCAR_N4Nb2_4,N4Nb2_4,0.222894,0.69021994,0.07604698,0.20948781,0.027150663,0.7499998,0.01858282
POSCAR_N4Nb2_4_st025,N4Nb2_4,0.261911,0.69021994,0.07507149,0.20948781,0.027106838,0.7499998,0.018596107
POSCAR_N4Nb2_4_st050,N4Nb2_4,0.255789,0.69021994,0.074501984,0.20948781,0.026748922,0.7499998,0.018408803
POSCAR_N4Nb2_4_st950,N4Nb2_4,0.30315,0.69021994,0.07832359,0.20948781,0.02753353,0.7499998,0.018429855
POSCAR_N4Nb2_4_st975,N4Nb2_4,0.262719,0.69021994,0.0771193,0.20948781,0.02738647,0.7499998,0.018290741
POSCAR_N4Nb2_4_x025,N4Nb2_4,0.298641,0.69559443,0.0754553,0.20948781,0.027429426,0.7499998,0.018955259
POSCAR_N4Nb2_4_x050,N4Nb2_4,0.31756,0.70102215,0.074133955,0.20948781,0.025865411,0.7499998,0.01860117
POSCAR_N4Nb2_4_x950,N4Nb2_4,0.330481,0.67966706,0.07423681,0.20948781,0.027226822,0.7499998,0.018248342
POSCAR_N4Nb2_4_x975,N4Nb2_4,0.258821,0.6849077,0.07575118,0.20948781,0.028433966,0.7499998,0.01874384
POSCAR_N4Nb2_4_y025,N4Nb2_4,0.299383,0.6955954,0.0756835,0.20948781,0.027848708,0.7499998,0.018884763
POSCAR_N4Nb2_4_y050,N4Nb2_4,0.318358,0.70102406,0.074550025,0.20948781,0.02624808,0.7499998,0.018509943
POSCAR_N4Nb2_4_y950,N4Nb2_4,0.329706,0.67966515,0.07386102,0.20948781,0.026817776,0.7499998,0.018361418
POSCAR_N4Nb2_4_y975,N4Nb2_4,0.258611,0.6849067,0.07575434,0.20948781,0.028267171,0.7499998,0.018802876
POSCAR_N4Nb2_4_z025,N4Nb2_4,0.214071,0.6795626,0.075630434,0.20948781,0.027784357,0.7499998,0.017813493
POSCAR_N4Nb2_4_z050,N4Nb2_4,0.195665,0.6689782,0.075356014,0.20948781,0.027552905,0.7499998,0.017563535
POSCAR_N4Nb2_4_z950,N4Nb2_4,0.230358,0.7117163,0.07848799,0.20948781,0.02633084,0.7499998,0.018483648
POSCAR_N4Nb2_4_z975,N4Nb2_4,0.224973,0.7009411,0.07703263,0.20948781,0.026716916,0.7499998,0.018581463
POSCAR_Nb2Se2_2,Nb2Se2_2,0.462368,0.715913,0.07060053,0.33333334,0.03578203,0.99999976,-0.057533637
POSCAR_Nb2Se2_2_st025,Nb2Se2_2,0.382535,0.715913,0.0697935,0.33333334,0.03612829,0.99999976,-0.05805656
POSCAR_Nb2Se2_2_st050,Nb2Se2_2,0.335034,0.715913,0.06851923,0.33333334,0.03600194,0.99999976,-0.05614242
POSCAR_Nb2Se2_2_st950,Nb2Se2_2,0.684349,0.715913,0.072309956,0.33333334,0.035853565,0.99999976,-0.057067573
POSCAR_Nb2Se2_2_st975,Nb2Se2_2,0.561601,0.715913,0.07110716,0.33333334,0.035647403,0.99999976,-0.057634335
POSCAR_Nb2Se2_2_x025,Nb2Se2_2,0.45016,0.7210244,0.06918621,0.33333334,0.036340043,0.99999976,-0.060190327
POSCAR_Nb2Se2_2_x050,Nb2Se2_2,0.444516,0.7261906,0.06822848,0.33333334,0.036046382,0.99999976,-0.058199186
POSCAR_Nb2Se2_2_x950,Nb2Se2_2,0.580014,0.7058914,0.061973825,0.33333334,0.03408827,0.99999976,-0.06247358
POSCAR_Nb2Se2_2_x975,Nb2Se2_2,0.52018,0.7108655,0.06562563,0.33333334,0.035563555,0.99999976,-0.061398957
POSCAR_Nb2Se2_2_y025,Nb2Se2_2,0.451367,0.7210313,0.069294356,0.33333334,0.036629144,0.99999976,-0.060229067
POSCAR_Nb2Se2_2_y050,Nb2Se2_2,0.44584,0.7262041,0.068240814,0.33333334,0.036083087,0.99999976,-0.058166828
POSCAR_Nb2Se2_2_y950,Nb2Se2_2,0.578925,0.7058764,0.061914086,0.33333334,0.03393169,0.99999976,-0.06243715
POSCAR_Nb2Se2_2_y975,Nb2Se2_2,0.519049,0.7108582,0.065522976,0.33333334,0.035274774,0.99999976,-0.061370153
POSCAR_Nb2Se2_2_z025,Nb2Se2_2,0.442399,0.70576274,0.0658568,0.33333334,0.034910902,0.99999976,-0.059694123
POSCAR_Nb2Se2_2_z050,Nb2Se2_2,0.420528,0.6956562,0.06351343,0.33333334,0.034650955,0.99999976,-0.06117641
POSCAR_Nb2Se2_2_z950,Nb2Se2_2,0.486074,0.7363076,0.07333535,0.33333334,0.035813928,0.99999976,-0.05706136
POSCAR_Nb2Se2_2_z975,Nb2Se2_2,0.47799,0.7260978,0.073461115,0.33333334,0.036191918,0.99999976,-0.056572482
POSCAR_Nb2Te2_4,Nb2Te2_4,0.628306,0.7447266,0.06701344,0.33333334,0.025134891,0.99999976,-0.05764116
POSCAR_Nb2Te2_4_st025,Nb2Te2_4,0.60209,0.7447266,0.06532045,0.33333334,0.024845995,0.99999976,-0.058200415
POSCAR_Nb2Te2_4_st050,Nb2Te2_4,0.542621,0.7447266,0.064371936,0.33333334,0.02472979,0.99999976,-0.05746879
POSCAR_Nb2Te2_4_st950,Nb2Te2_4,0.79053,0.7447266,0.07168899,0.33333334,0.025650151,0.99999976,-0.060365297
POSCAR_Nb2Te2_4_st975,Nb2Te2_4,0.665194,0.7447266,0.06979928,0.33333334,0.02550415,0.99999976,-0.06051151
POSCAR_Nb2Te2_4_x025,Nb2Te2_4,0.664511,0.7495159,0.06676482,0.33333334,0.026113048,0.99999976,-0.06197699
POSCAR_Nb2Te2_4_x050,Nb2Te2_4,0.638597,0.75436354,0.06476105,0.33333334,0.025245138,0.99999976,-0.062058978
POSCAR_Nb2Te2_4_x950,Nb2Te2_4,0.68954,0.73535985,0.06429542,0.33333334,0.024685355,0.99999976,-0.06508613
POSCAR_Nb2Te2_4_x975,Nb2Te2_4,0.630268,0.7400048,0.06749894,0.33333334,0.026326189,0.99999976,-0.06393353
POSCAR_Nb2Te2_4_y025,Nb2Te2_4,0.665748,0.7495073,0.066694744,0.33333334,0.025889836,0.99999976,-0.06211845
POSCAR_Nb2Te2_4_y050,Nb2Te2_4,0.640583,0.75434685,0.06468015,0.33333334,0.025069442,0.99999976,-0.062404774
POSCAR_Nb2Te2_4_y950,Nb2Te2_4,0.690825,0.7353784,0.06460136,0.33333334,0.024985066,0.99999976,-0.063481145
POSCAR_Nb2Te2_4_y975,Nb2Te2_4,0.630725,0.7400138,0.067661785,0.33333334,0.026574537,0.99999976,-0.06370159
POSCAR_Nb2Te2_4_z025,Nb2Te2_4,0.591742,0.7352251,0.06287724,0.33333334,0.024185183,0.99999976,-0.058111534
POSCAR_Nb2Te2_4_z050,Nb2Te2_4,0.565268,0.7257373,0.062551804,0.33333334,0.024207978,0.99999976,-0.057930086
POSCAR_Nb2Te2_4_z950,Nb2Te2_4,0.627079,0.76373535,0.0697382,0.33333334,0.025068646,0.99999976,-0.05829432
POSCAR_Nb2Te2_4_z975,Nb2Te2_4,0.621767,0.75423306,0.0682655,0.33333334,0.025122834,0.99999976,-0.058036525
POSCAR_Ni2O2_5,Ni2O2_5,0.674205,0.6456092,0.07195976,0.33333334,0.03125789,0.4444444,0.026749667
POSCAR_Ni2O2_5_st025,Ni2O2_5,0.618544,0.6456092,0.0713893,0.33333334,0.031440284,0.4444444,0.026959255
POSCAR_Ni2O2_5_st050,Ni2O2_5,0.558133,0.6456092,0.07359074,0.33333334,0.03717694,0.4444444,0.027727313
POSCAR_Ni2O2_5_st950,Ni2O2_5,0.771302,0.6456092,0.07174417,0.33333334,0.03099318,0.4444444,0.026734432
POSCAR_Ni2O2_5_st975,Ni2O2_5,0.742822,0.6456092,0.07121892,0.33333334,0.030893933,0.4444444,0.026787508
POSCAR_Ni2O2_5_x025,Ni2O2_5,0.670308,0.65135866,0.07055625,0.33333334,0.03237895,0.4444444,0.026676914
POSCAR_Ni2O2_5_x050,Ni2O2_5,0.640898,0.6571612,0.068658285,0.33333334,0.032299172,0.4444444,0.02666322
POSCAR_Ni2O2_5_x950,Ni2O2_5,0.718918,0.63430595,0.06368152,0.33333334,0.031013975,0.4444444,0.026519312
POSCAR_Ni2O2_5_x975,Ni2O2_5,0.704648,0.6399218,0.06885019,0.33333334,0.032031108,0.4444444,0.02677301
POSCAR_Ni2O2_5_y025,Ni2O2_5,0.670335,0.65135866,0.07056552,0.33333334,0.03226011,0.4444444,0.026615188
POSCAR_Ni2O2_5_y050,Ni2O2_5,0.640825,0.6571612,0.06864626,0.33333334,0.032270383,0.4444444,0.02660699
POSCAR_Ni2O2_5_y950,Ni2O2_5,0.71923,0.6343061,0.061925806,0.33333334,0.03034791,0.4444444,0.026364041
POSCAR_Ni2O2_5_y975,Ni2O2_5,0.704988,0.63992184,0.068637826,0.33333334,0.032084595,0.4444444,0.02700763
POSCAR_Ni2O2_5_z025,Ni2O2_5,0.647516,0.63423043,0.06713114,0.33333334,0.030539438,0.4444444,0.02682846
POSCAR_Ni2O2_5_z050,Ni2O2_5,0.504468,0.6229794,0.06444915,0.33333334,0.031887695,0.4444444,0.027658992
POSCAR_Ni2O2_5_z950,Ni2O2_5,0.720425,0.66871536,0.07312651,0.33333334,0.034586497,0.4444444,0.025718352
POSCAR_Ni2O2_5_z975,Ni2O2_5,0.704549,0.6571073,0.07255055,0.33333334,0.03454499,0.4444444,0.025865022
POSCAR_Ni2O4_1,Ni2O4_1,0.346446,0.2382676,0.014181451,0.20530589,0.013455884,0.4444444,0.019306589
POSCAR_Ni2O4_1_st025,Ni2O4_1,0.327731,0.2382676,0.015331705,0.20530589,0.0136995725,0.4444444,0.019785492
POSCAR_Ni2O4_1_st050,Ni2O4_1,0.302493,0.2382676,0.016073909,0.20530589,0.013001302,0.4444444,0.0195085
POSCAR_Ni2O4_1_st950,Ni2O4_1,0.331593,0.2382676,0.014443731,0.20530589,0.014496582,0.4444444,0.021075731
POSCAR_Ni2O4_1_st975,Ni2O4_1,0.323627,0.2382676,0.014507487,0.20530589,0.014452732,0.4444444,0.02018812
POSCAR_Ni2O4_1_x025,Ni2O4_1,0.36699,0.23387612,0.014642526,0.20530589,0.01382845,0.4444444,0.019964797
POSCAR_Ni2O4_1_x050,Ni2O4_1,0.377253,0.22956032,0.015620628,0.20530589,0.013862361,0.4444444,0.020377629
POSCAR_Ni2O4_1_x950,Ni2O4_1,0.26499,0.2472716,0.0142287,0.20530589,0.012711162,0.4444444,0.019043904
POSCAR_Ni2O4_1_x975,Ni2O4_1,0.320077,0.24273334,0.013407717,0.20530589,0.013377283,0.4444444,0.019216923
POSCAR_Ni2O4_1_y025,Ni2O4_1,0.399804,0.24043943,0.017502211,0.20530589,0.013548343,0.4444444,0.01937293
POSCAR_Ni2O4_1_y050,Ni2O4_1,0.414298,0.2426062,0.018623607,0.20530589,0.0138929095,0.4444444,0.019457323
POSCAR_Ni2O4_1_y950,Ni2O4_1,0.206254,0.23391593,0.011682695,0.20530589,0.013725158,0.4444444,0.019902261
POSCAR_Ni2O4_1_y975,Ni2O4_1,0.27304,0.23609246,0.012394312,0.20530589,0.013447019,0.4444444,0.019489206
POSCAR_Ni2O4_1_z025,Ni2O4_1,0.243854,0.2405376,0.013623147,0.20530589,0.013168922,0.4444444,0.019216785
POSCAR_Ni2O4_1_z050,Ni2O4_1,0.202171,0.24283563,0.013392023,0.20530589,0.01265468,0.4444444,0.019266399
POSCAR_Ni2O4_1_z950,Ni2O4_1,0.507733,0.23382276,0.020621354,0.20530589,0.015222236,0.4444444,0.021037737
POSCAR_Ni2O4_1_z975,Ni2O4_1,0.446597,0.23602836,0.017468741,0.20530589,0.014131093,0.4444444,0.019615745
POSCAR_Ni2O4_2,Ni2O4_2,0.336583,0.23760422,0.023214314,0.20527332,0.013323733,0.4444444,0.021833226
POSCAR_Ni2O4_2_st025,Ni2O4_2,0.317546,0.23760422,0.024057694,0.20527332,0.0131853735,0.4444444,0.022060797
POSCAR_Ni2O4_2_st050,Ni2O4_2,0.292721,0.23760422,0.024718918,0.20527332,0.0129019385,0.4444444,0.021880323
POSCAR_Ni2O4_2_st950,Ni2O4_2,0.323947,0.23760422,0.022794569,0.20527332,0.013446659,0.4444444,0.023112115
POSCAR_Ni2O4_2_st975,Ni2O4_2,0.347432,0.23760422,0.022876065,0.20527332,0.01351589,0.4444444,0.021910485
POSCAR_Ni2O4_2_x025,Ni2O4_2,0.356151,0.23320822,0.023630375,0.20527332,0.013896573,0.4444444,0.022341521
POSCAR_Ni2O4_2_x050,Ni2O4_2,0.36545,0.2288887,0.02438244,0.20527332,0.014174071,0.4444444,0.02273535
POSCAR_Ni2O4_2_x950,Ni2O4_2,0.258231,0.24661979,0.023399552,0.20527332,0.012491674,0.4444444,0.021153878
POSCAR_Ni2O4_2_x975,Ni2O4_2,0.31081,0.24207531,0.023128208,0.20527332,0.013126816,0.4444444,0.021262111
POSCAR_Ni2O4_2_y025,Ni2O4_2,0.392305,0.23978682,0.025426857,0.20527332,0.013439608,0.4444444,0.02183479
POSCAR_Ni2O4_2_y050,Ni2O4_2,0.409224,0.2419646,0.02669136,0.20527332,0.013884675,0.4444444,0.021914857
POSCAR_Ni2O4_2_y950,Ni2O4_2,0.197409,0.23323178,0.021486055,0.20527332,0.013747537,0.4444444,0.022242162
POSCAR_Ni2O4_2_y975,Ni2O4_2,0.262714,0.23541857,0.021341475,0.20527332,0.0138471825,0.4444444,0.021861112
POSCAR_Ni2O4_2_z025,Ni2O4_2,0.25158,0.23986845,0.023346942,0.20527332,0.01313372,0.4444444,0.021810919
POSCAR_Ni2O4_2_z050,Ni2O4_2,0.197509,0.24216062,0.024189375,0.20527332,0.012252562,0.4444444,0.022048758
POSCAR_Ni2O4_2_z950,Ni2O4_2,0.502922,0.23317063,0.02854915,0.20527332,0.014370093,0.4444444,0.02306708
POSCAR_Ni2O4_2_z975,Ni2O4_2,0.438923,0.23537065,0.02535796,0.20527332,0.01380966,0.4444444,0.022121554
POSCAR_Ni2P4_1,Ni2P4_1,0.083516,0.44827402,0.05161571,0.18490042,0.01831372,0.33333328,0.008450298
POSCAR_Ni2P4_1_st025,Ni2P4_1,0.209359,0.44827402,0.051996194,0.18490042,0.018487612,0.33333328,0.009044253
POSCAR_Ni2P4_1_x025,Ni2P4_1,0.020287,0.4401881,0.052781552,0.18490042,0.018332921,0.33333328,0.010281559
POSCAR_Ni2P4_1_y025,Ni2P4_1,0.030735,0.45173013,0.05086132,0.18490042,0.01793488,0.33333328,0.00779742
POSCAR_Ni2P4_1_z025,Ni2P4_1,0.020887,0.45297652,0.051685087,0.18490042,0.018526958,0.33333328,0.00839219
POSCAR_Ni2P8_1,Ni2P8_1,0.953765,0.45936537,0.054885566,0.12175619,0.02346469,0.33333328,-0.006895236
POSCAR_Ni2P8_1_st025,Ni2P8_1,0.822679,0.45936537,0.055131245,0.12175619,0.023535965,0.33333328,-0.0061839363
POSCAR_Ni2P8_1_st050,Ni2P8_1,0.711113,0.45936537,0.055604495,0.12175619,0.023622498,0.33333328,-0.0051889247
POSCAR_Ni2P8_1_st950,Ni2P8_1,0.853656,0.45936537,0.052835397,0.12175619,0.022864433,0.33333328,-0.008390356
POSCAR_Ni2P8_1_x025,Ni2P8_1,0.848588,0.46252313,0.054506846,0.12175619,0.022496596,0.33333328,-0.0065015377
POSCAR_Ni2P8_1_x050,Ni2P8_1,0.750589,0.46566042,0.05480852,0.12175619,0.021885788,0.33333328,-0.0057746363
POSCAR_Ni2P8_1_x975,Ni2P8_1,0.955907,0.4561897,0.05423701,0.12175619,0.022697419,0.33333328,-0.0069333776
POSCAR_Ni2P8_1_y025,Ni2P8_1,0.91561,0.45679888,0.054402277,0.12175619,0.022388078,0.33333328,-0.0069708615
POSCAR_Ni2P8_1_y050,Ni2P8_1,0.858492,0.45423773,0.05404636,0.12175619,0.022445735,0.33333328,-0.0067267446
POSCAR_Ni2P8_1_z025,Ni2P8_1,0.915946,0.45877466,0.053782504,0.12175619,0.023155937,0.33333328,-0.0071902745
POSCAR_Ni2P8_1_z050,Ni2P8_1,0.799391,0.45820078,0.051490255,0.12175619,0.021903012,0.33333328,-0.007491367
POSCAR_Ni2P8_1_z950,Ni2P8_1,0.847307,0.46059483,0.053852428,0.12175619,0.021631684,0.33333328,-0.0076288343
POSCAR_Ni2Pb1_1,Ni2Pb1_1,0.012007,0.001096951,-0.18386872,0.33333334,0.017118264,0.2222222,-0.007099902
POSCAR_Ni2Pb2_1,Ni2Pb2_1,0.012211,0.79200584,0.06833274,0.33333334,0.024712969,0.2222222,-0.012628264
POSCAR_Ni2S4_2,Ni2S4_2,0.573737,0.3279024,0.03025639,0.19386336,0.013369422,0.4444444,0.021148099
POSCAR_Ni2S4_2_st025,Ni2S4_2,0.521309,0.3279024,0.030247757,0.19386336,0.014651927,0.4444444,0.020734454
POSCAR_Ni2S4_2_st050,Ni2S4_2,0.468718,0.3279024,0.030447746,0.19386336,0.014584531,0.4444444,0.020364169
POSCAR_Ni2S4_2_st950,Ni2S4_2,0.464109,0.3279024,0.030534511,0.19386336,0.0129029425,0.4444444,0.02040019
POSCAR_Ni2S4_2_st975,Ni2S4_2,0.451419,0.3279024,0.030328233,0.19386336,0.013202134,0.4444444,0.020704376
POSCAR_Ni2S4_2_x025,Ni2S4_2,0.569878,0.32180426,0.02896143,0.19386336,0.0144589795,0.4444444,0.021517437
POSCAR_Ni2S4_2_x050,Ni2S4_2,0.560382,0.3158133,0.02845138,0.19386336,0.014598944,0.4444444,0.021317884
POSCAR_Ni2S4_2_x950,Ni2S4_2,0.410274,0.34041265,0.030632077,0.19386336,0.012656336,0.4444444,0.0206224
POSCAR_Ni2S4_2_x975,Ni2S4_2,0.570384,0.334106,0.02938762,0.19386336,0.013225236,0.4444444,0.020409461
POSCAR_Ni2S4_2_y025,Ni2S4_2,0.592972,0.33093375,0.030939015,0.19386336,0.0131274685,0.4444444,0.021005066
POSCAR_Ni2S4_2_y050,Ni2S4_2,0.57507,0.33395594,0.030933378,0.19386336,0.013075611,0.4444444,0.0207347
POSCAR_Ni2S4_2_y950,Ni2S4_2,0.485096,0.32182285,0.025502875,0.19386336,0.013774252,0.4444444,0.020846222
POSCAR_Ni2S4_2_y975,Ni2S4_2,0.531872,0.32486454,0.027249023,0.19386336,0.013652233,0.4444444,0.021214046
POSCAR_Ni2S4_2_z025,Ni2S4_2,0.490033,0.33103523,0.029025123,0.19386336,0.013908485,0.4444444,0.020756017
POSCAR_Ni2S4_2_z050,Ni2S4_2,0.416932,0.33419892,0.028398138,0.19386336,0.013764563,0.4444444,0.020649595
POSCAR_Ni2S4_2_z950,Ni2S4_2,0.702495,0.32174394,0.031448744,0.19386336,0.013992753,0.4444444,0.022281159
POSCAR_Ni2S4_2_z975,Ni2S4_2,0.653921,0.32480407,0.029876197,0.19386336,0.013658118,0.4444444,0.021378456
POSCAR_Ni2Sb4_1,Ni2Sb4_1,0.039721,0.6126131,0.048874192,0.17540456,0.0026849038,0.33333328,-0.005872381
POSCAR_Ni2Se2_1,Ni2Se2_1,0.83688,0.69486326,0.079047546,0.33333334,0.037990198,0.4444444,0.024552902
POSCAR_Ni2Se2_1_st025,Ni2Se2_1,0.743515,0.69486326,0.077374026,0.33333334,0.038237665,0.4444444,0.024629645
POSCAR_Ni2Se2_1_st050,Ni2Se2_1,0.644537,0.69486326,0.07547345,0.33333334,0.038229987,0.4444444,0.024029553
POSCAR_Ni2Se2_1_st950,Ni2Se2_1,1.225128,0.69486326,0.08097483,0.33333334,0.037227057,0.4444444,0.025831124
POSCAR_Ni2Se2_1_st975,Ni2Se2_1,1.00538,0.69486326,0.08083381,0.33333334,0.038023513,0.4444444,0.025192607
POSCAR_Ni2Se2_1_x025,Ni2Se2_1,0.81315,0.7001932,0.07769265,0.33333334,0.03981582,0.4444444,0.025912708
POSCAR_Ni2Se2_1_x050,Ni2Se2_1,0.77751,0.7055765,0.07609488,0.33333334,0.038593046,0.4444444,0.025228798
POSCAR_Ni2Se2_1_x950,Ni2Se2_1,0.958008,0.68440014,0.07544713,0.33333334,0.038829993,0.4444444,0.025900187
POSCAR_Ni2Se2_1_x975,Ni2Se2_1,0.892725,0.68959576,0.0774315,0.33333334,0.039824452,0.4444444,0.02632206
POSCAR_Ni2Se2_1_y025,Ni2Se2_1,0.813093,0.7001941,0.07767219,0.33333334,0.03980371,0.4444444,0.02590103
POSCAR_Ni2Se2_1_y050,Ni2Se2_1,0.777199,0.70557827,0.076089635,0.33333334,0.038578406,0.4444444,0.025222018
POSCAR_Ni2Se2_1_y950,Ni2Se2_1,0.957887,0.68439835,0.07543979,0.33333334,0.038817216,0.4444444,0.025910199
POSCAR_Ni2Se2_1_y975,Ni2Se2_1,0.892579,0.68959486,0.07744944,0.33333334,0.039817918,0.4444444,0.026330078
POSCAR_Ni2Se2_1_z025,Ni2Se2_1,0.783518,0.6842926,0.07683286,0.33333334,0.037797872,0.4444444,0.02440237
POSCAR_Ni2Se2_1_z050,Ni2Se2_1,0.71695,0.6737895,0.07557142,0.33333334,0.03820011,0.4444444,0.024105323
POSCAR_Ni2Se2_1_z950,Ni2Se2_1,0.970994,0.7161699,0.08369089,0.33333334,0.03774898,0.4444444,0.024996383
POSCAR_Ni2Se2_1_z975,Ni2Se2_1,0.896083,0.7054923,0.081559606,0.33333334,0.038064986,0.4444444,0.025053091
POSCAR_Ni2Se2_2,Ni2Se2_2,0.842635,0.69480914,0.0818592,0.33333334,0.04164957,0.4444444,0.027792895
POSCAR_Ni2Se2_2_st025,Ni2Se2_2,0.752813,0.69480914,0.08029704,0.33333334,0.04156507,0.4444444,0.027706293
POSCAR_Ni2Se2_2_st050,Ni2Se2_2,0.654443,0.69480914,0.078253634,0.33333334,0.04174688,0.4444444,0.027176533
POSCAR_Ni2Se2_2_st950,Ni2Se2_2,1.227872,0.69480914,0.083618,0.33333334,0.041414447,0.4444444,0.029382627
POSCAR_Ni2Se2_2_st975,Ni2Se2_2,1.008051,0.69480914,0.08377221,0.33333334,0.04189254,0.4444444,0.028858041
POSCAR_Ni2Se2_2_x025,Ni2Se2_2,0.816108,0.70011497,0.07763614,0.33333334,0.041149344,0.4444444,0.02787735
POSCAR_Ni2Se2_2_x050,Ni2Se2_2,0.780337,0.70547473,0.0756682,0.33333334,0.039791685,0.4444444,0.026914464
POSCAR_Ni2Se2_2_x950,Ni2Se2_2,0.957378,0.6843955,0.07552084,0.33333334,0.040524587,0.4444444,0.027449029
POSCAR_Ni2Se2_2_x975,Ni2Se2_2,0.89206,0.68956614,0.07691913,0.33333334,0.041259605,0.4444444,0.02773161
POSCAR_Ni2Se2_2_y025,Ni2Se2_2,0.815769,0.7001649,0.07678873,0.33333334,0.04132872,0.4444444,0.027426427
POSCAR_Ni2Se2_2_y050,Ni2Se2_2,0.778519,0.7055731,0.07584424,0.33333334,0.04014778,0.4444444,0.026724191
POSCAR_Ni2Se2_2_y950,Ni2Se2_2,0.959926,0.68429154,0.075624056,0.33333334,0.040343314,0.4444444,0.02764397
POSCAR_Ni2Se2_2_y975,Ni2Se2_2,0.893733,0.6895148,0.07761902,0.33333334,0.040910564,0.4444444,0.028176302
POSCAR_Ni2Se2_2_z025,Ni2Se2_2,0.780499,0.6842374,0.08077682,0.33333334,0.04186864,0.4444444,0.027665818
POSCAR_Ni2Se2_2_z050,Ni2Se2_2,0.719796,0.67373323,0.08029204,0.33333334,0.043830767,0.4444444,0.02699238
POSCAR_Ni2Se2_2_z950,Ni2Se2_2,0.973669,0.7161181,0.085309505,0.33333334,0.041805334,0.4444444,0.028737817
POSCAR_Ni2Se2_2_z975,Ni2Se2_2,0.898471,0.70543927,0.0837132,0.33333334,0.041864876,0.4444444,0.028705943
POSCAR_Ni2Se3_1,Ni2Se3_1,0.385811,0.07318715,0.026801199,0.114888,0.005039651,0.4444444,0.016196366
POSCAR_Ni2Se3_1_st025,Ni2Se3_1,0.34654,0.07318715,0.026430123,0.114888,0.005515783,0.4444444,0.016174495
POSCAR_Ni2Se3_1_st050,Ni2Se3_1,0.303956,0.07318715,0.026274396,0.114888,0.005509463,0.4444444,0.016177505
POSCAR_Ni2Se3_1_st975,Ni2Se3_1,0.420565,0.07318715,0.026730362,0.114888,0.005011182,0.4444444,0.016526699
POSCAR_Ni2Se3_1_x025,Ni2Se3_1,0.382784,0.072497055,0.01535787,0.114888,0.0049711973,0.4444444,0.015697794
POSCAR_Ni2Se3_1_x050,Ni2Se3_1,0.381181,0.071805045,-0.009987403,0.114888,0.0046221036,0.4444444,0.014812487
POSCAR_Ni2Se3_1_x975,Ni2Se3_1,0.378029,0.07386606,0.027033562,0.114888,0.005382749,0.4444444,0.01633787
POSCAR_Ni2Se4_1,Ni2Se4_1,0.393757,0.39209902,0.034776606,0.18719417,0.013412254,0.4444444,0.024370447
POSCAR_Ni2Se4_1_st025,Ni2Se4_1,0.368172,0.39209902,0.03453722,0.18719417,0.013051418,0.4444444,0.024349332
POSCAR_Ni2Se4_1_st050,Ni2Se4_1,0.343238,0.39209902,0.034077536,0.18719417,0.012948288,0.4444444,0.024311457
POSCAR_Ni2Se4_1_st950,Ni2Se4_1,0.444257,0.39209902,0.035909355,0.18719417,0.013316499,0.4444444,0.025323374
POSCAR_Ni2Se4_1_st975,Ni2Se4_1,0.419452,0.39209902,0.035359517,0.18719417,0.013820554,0.4444444,0.0245851
POSCAR_Ni2Se4_1_x025,Ni2Se4_1,0.409182,0.38469073,0.034653407,0.18719417,0.013000411,0.4444444,0.024356777
POSCAR_Ni2Se4_1_x050,Ni2Se4_1,0.428654,0.37741762,0.034024674,0.18719417,0.013263384,0.4444444,0.024566863
POSCAR_Ni2Se4_1_x950,Ni2Se4_1,0.378078,0.4073128,0.04621831,0.18719417,0.012475421,0.4444444,0.024659598
POSCAR_Ni2Se4_1_x975,Ni2Se4_1,0.383195,0.39964053,0.038025886,0.18719417,0.013056447,0.4444444,0.023955764
POSCAR_Ni2Se4_1_y025,Ni2Se4_1,0.38905,0.39586145,0.03601571,0.18719417,0.0117957285,0.4444444,0.023877893
POSCAR_Ni2Se4_1_y050,Ni2Se4_1,0.385454,0.39961258,0.039041318,0.18719417,0.011378407,0.4444444,0.023822708
POSCAR_Ni2Se4_1_y950,Ni2Se4_1,0.446877,0.3845534,0.031942334,0.18719417,0.014164302,0.4444444,0.024378616
POSCAR_Ni2Se4_1_y975,Ni2Se4_1,0.407211,0.38832852,0.033974186,0.18719417,0.013584333,0.4444444,0.02410049
POSCAR_Ni2Se4_1_z025,Ni2Se4_1,0.362399,0.395824,0.035417642,0.18719417,0.013104406,0.4444444,0.024340393
POSCAR_Ni2Se4_1_z050,Ni2Se4_1,0.357915,0.39957976,0.038829055,0.18719417,0.012978931,0.4444444,0.024646578
POSCAR_Ni2Se4_1_z950,Ni2Se4_1,0.468986,0.38475797,0.0363635,0.18719417,0.01362928,0.4444444,0.025132058
POSCAR_Ni2Se4_1_z975,Ni2Se4_1,0.429374,0.38840893,0.034972686,0.18719417,0.012980355,0.4444444,0.024806835
POSCAR_Ni2Te2_1,Ni2Te2_1,1.434773,0.7403124,0.0762348,0.33333334,0.03548598,0.4444444,0.02362997
POSCAR_Ni2Te2_1_st025,Ni2Te2_1,1.28336,0.7403124,0.078719266,0.33333334,0.03727434,0.4444444,0.023511305
POSCAR_Ni2Te2_1_st050,Ni2Te2_1,1.060744,0.7403124,0.07906027,0.33333334,0.037610076,0.4444444,0.02314453
POSCAR_Ni2Te2_1_x950,Ni2Te2_1,0.174927,0.7309022,0.07252411,0.33333334,0.034150466,0.4444444,0.023288364
POSCAR_Ni2Te2_1_x975,Ni2Te2_1,0.02328,0.73556787,0.07229679,0.33333334,0.036031954,0.4444444,0.023831164
POSCAR_Ni2Te2_1_y025,Ni2Te2_1,1.418214,0.7451767,0.073089994,0.33333334,0.035566542,0.4444444,0.023624927
POSCAR_Ni2Te2_1_y975,Ni2Te2_1,0.009559,0.7355159,0.07430733,0.33333334,0.035926916,0.4444444,0.023818482
POSCAR_Ni2Te2_1_z025,Ni2Te2_1,1.425784,0.7307058,0.07830981,0.33333334,0.036737107,0.4444444,0.023644328
POSCAR_Ni2Te2_1_z050,Ni2Te2_1,1.36277,0.7211172,0.07711303,0.33333334,0.037044715,0.4444444,0.0235216
POSCAR_O2Rh2_7,O2Rh2_7,0.01109,1.9454365e-06,-0.19022043,0.33333334,0.018248193,0.49999994,0.012826607
POSCAR_O2Rh2_7_x025,O2Rh2_7,0.015809,2.0108203e-06,-0.18961872,0.33333334,0.018335227,0.49999994,0.012811719
POSCAR_O2Rh2_7_x050,O2Rh2_7,0.012441,2.0757343e-06,-0.19424413,0.33333334,0.017730705,0.49999994,0.013001053
POSCAR_O2Rh2_7_x975,O2Rh2_7,0.013436,1.8796361e-06,-0.19426972,0.33333334,0.017397609,0.49999994,0.013117587
POSCAR_O2Rh2_7_y025,O2Rh2_7,0.011592,1.9061177e-06,-0.19526683,0.33333334,0.017681925,0.49999994,0.013035356
POSCAR_O2Rh2_7_y050,O2Rh2_7,0.011414,1.8674008e-06,-0.19789264,0.33333334,0.017173825,0.49999994,0.013012458
POSCAR_O2Rh2_7_z025,O2Rh2_7,0.011422,1.919487e-06,-0.19166332,0.33333334,0.017632889,0.49999994,0.012985122
POSCAR_O2Rh2_7_z050,O2Rh2_7,0.011578,1.8936415e-06,-0.18906519,0.33333334,0.017064806,0.49999994,0.012582976
POSCAR_O2Rh2_7_z950,O2Rh2_7,0.014018,1.9975307e-06,-0.19527134,0.33333334,0.018018821,0.49999994,0.013590274
POSCAR_O2Rh2_7_z975,O2Rh2_7,0.009933,1.9714614e-06,-0.1918002,0.33333334,0.018504757,0.49999994,0.013321003
POSCAR_O2Sc2_2,O2Sc2_2,0.032929,0.764737,0.03627734,0.083333336,-0.044066258,1.999999,-0.042633627
POSCAR_O2Sc2_2_st025,O2Sc2_2,0.026133,0.764737,0.036079187,0.083333336,-0.042190097,1.999999,-0.043868404
POSCAR_O2Sc2_2_st050,O2Sc2_2,0.020832,0.764737,0.035880722,0.083333336,-0.041563515,1.999999,-0.045165442
POSCAR_O2Sc2_2_st950,O2Sc2_2,0.052511,0.764737,0.039076217,0.083333336,-0.048395522,1.999999,-0.041339155
POSCAR_O2Sc2_2_st975,O2Sc2_2,0.041516,0.764737,0.03727094,0.083333336,-0.046957105,1.999999,-0.04285881
POSCAR_O2Sc2_2_x025,O2Sc2_2,0.038216,0.76218003,0.03728715,0.083333336,-0.04271853,1.999999,-0.042327918
POSCAR_O2Sc2_2_x050,O2Sc2_2,0.042143,0.75968826,0.037772253,0.083333336,-0.04177429,1.999999,-0.04291477
POSCAR_O2Sc2_2_x950,O2Sc2_2,0.061808,0.7524221,0.039949812,0.083333336,-0.042394932,1.999999,-0.042084634
POSCAR_O2Sc2_2_x975,O2Sc2_2,0.045378,0.7585284,0.037152167,0.083333336,-0.043709368,1.999999,-0.04256083
POSCAR_O2Sc2_2_y025,O2Sc2_2,0.03817,0.7622145,0.03729139,0.083333336,-0.0427142,1.999999,-0.042328395
POSCAR_O2Sc2_2_y050,O2Sc2_2,0.042109,0.75972265,0.03773725,0.083333336,-0.041773457,1.999999,-0.042909216
POSCAR_O2Sc2_2_y950,O2Sc2_2,0.061831,0.75239,0.03995038,0.083333336,-0.042394932,1.999999,-0.042084426
POSCAR_O2Sc2_2_y975,O2Sc2_2,0.045415,0.7584951,0.03715546,0.083333336,-0.04371248,1.999999,-0.04255722
POSCAR_O2Sc2_2_z025,O2Sc2_2,0.031106,0.7610356,0.036638893,0.083333336,-0.04294943,1.999999,-0.041908305
POSCAR_O2Sc2_2_z050,O2Sc2_2,0.029945,0.7573616,0.03649374,0.083333336,-0.041592557,1.999999,-0.043034825
POSCAR_O2Sc2_2_z950,O2Sc2_2,0.038085,0.77224,0.037266556,0.083333336,-0.050896153,1.999999,-0.04063554
POSCAR_O2Sc2_2_z975,O2Sc2_2,0.035475,0.7684701,0.03697732,0.083333336,-0.04598158,1.999999,-0.04017283
POSCAR_O2Ti2_7,O2Ti2_7,0.386138,0.5486345,0.036476154,0.33333334,0.019769397,1.3333329,-0.09385615
POSCAR_O2Ti2_7_st050,O2Ti2_7,0.359156,0.5486345,0.035758987,0.33333334,0.021070559,1.3333329,-0.094097346
POSCAR_O2Ti2_7_x050,O2Ti2_7,0.442819,0.56115735,0.039620187,0.33333334,0.022014344,1.3333329,-0.09110607
POSCAR_O2Ti2_7_x950,O2Ti2_7,0.127142,0.5364086,0.038506676,0.33333334,0.019746343,1.3333329,-0.09449874
POSCAR_O2Ti2_7_y950,O2Ti2_7,0.129463,0.5364118,0.03850315,0.33333334,0.019782018,1.3333329,-0.094490185
POSCAR_O2Ti2_7_z050,O2Ti2_7,0.017214,0.5243682,0.034889553,0.33333334,0.020953583,1.3333329,-0.09418314
POSCAR_O2Ti2_7_z950,O2Ti2_7,0.468335,0.5738974,0.038517576,0.33333334,0.024418212,1.3333329,-0.09408819
POSCAR_O2V2_3,O2V2_3,0.165086,0.64692825,0.058375802,0.33333334,0.033069212,0.99999976,-0.0327388
POSCAR_O2V2_3_st025,O2V2_3,0.173899,0.64692825,0.0615023,0.33333334,0.034265805,0.99999976,-0.036283575
POSCAR_O2V2_3_st050,O2V2_3,0.171421,0.64692825,0.061382074,0.33333334,0.034104716,0.99999976,-0.037171185
POSCAR_O2V2_3_st950,O2V2_3,0.206362,0.64692825,0.05905833,0.33333334,0.031076591,0.99999976,-0.029178925
POSCAR_O2V2_3_st975,O2V2_3,0.167102,0.64692825,0.058856532,0.33333334,0.031616725,0.99999976,-0.030942481
POSCAR_O2V2_3_x025,O2V2_3,0.187283,0.652664,0.05818351,0.33333334,0.03428627,0.99999976,-0.034392774
POSCAR_O2V2_3_x050,O2V2_3,0.189096,0.6584525,0.05601363,0.33333334,0.033941437,0.99999976,-0.03461552
POSCAR_O2V2_3_x950,O2V2_3,0.191131,0.635652,0.05147925,0.33333334,0.032154955,0.99999976,-0.035282567
POSCAR_O2V2_3_x975,O2V2_3,0.167874,0.6412545,0.056218907,0.33333334,0.033740886,0.99999976,-0.034894258
POSCAR_O2V2_3_y025,O2V2_3,0.187356,0.6526719,0.058179967,0.33333334,0.03459994,0.99999976,-0.03449659
POSCAR_O2V2_3_y050,O2V2_3,0.189299,0.6584678,0.05601767,0.33333334,0.034014348,0.99999976,-0.03471536
POSCAR_O2V2_3_y950,O2V2_3,0.191456,0.6356349,0.051448792,0.33333334,0.03198032,0.99999976,-0.03521543
POSCAR_O2V2_3_y975,O2V2_3,0.166228,0.64124614,0.056128785,0.33333334,0.033464104,0.99999976,-0.03484762
POSCAR_O2V2_3_z025,O2V2_3,0.14565,0.6355679,0.057106204,0.33333334,0.03298756,0.99999976,-0.035499435
POSCAR_O2V2_3_z050,O2V2_3,0.149227,0.62433356,0.05230053,0.33333334,0.032402955,0.99999976,-0.034451928
POSCAR_O2V2_3_z950,O2V2_3,0.177744,0.6699926,0.060330614,0.33333334,0.032368705,0.99999976,-0.02889107
POSCAR_O2V2_3_z975,O2V2_3,0.182294,0.6584063,0.060486034,0.33333334,0.03388538,0.99999976,-0.031310655
POSCAR_O2Y2_1,O2Y2_1,0.074901,0.7690554,0.025449924,0.083333336,-0.04542411,1.999999,-0.05173937
POSCAR_O2Y2_4,O2Y2_4,0.065278,1.2328625,0.04376129,0.5001133,0.02145084,1.999999,-0.108090974
POSCAR_O4Rh2_1,O4Rh2_1,0.805695,0.7558677,0.06488457,0.15890612,0.0052586477,0.49999994,0.018203052
POSCAR_O4Rh2_1_x025,O4Rh2_1,0.679234,0.76108474,0.069189,0.15890612,0.006612603,0.49999994,0.019413508
POSCAR_O4Rh2_1_x050,O4Rh2_1,0.685899,0.7662915,0.06745048,0.15890612,0.0074257315,0.49999994,0.02035052
POSCAR_O4Rh2_1_x950,O4Rh2_1,0.920269,0.7454178,0.0640972,0.15890612,0.0053127347,0.49999994,0.01738405
POSCAR_O4Rh2_1_x975,O4Rh2_1,0.918702,0.7506441,0.06333779,0.15890612,0.0057773725,0.49999994,0.017852098
POSCAR_O4Rh2_1_y025,O4Rh2_1,0.8219,0.7466119,0.06489133,0.15890612,0.005293199,0.49999994,0.01832931
POSCAR_O4Rh2_1_y050,O4Rh2_1,0.833896,0.73742193,0.064438835,0.15890612,0.0053239744,0.49999994,0.01835594
POSCAR_O4Rh2_1_y950,O4Rh2_1,0.766671,0.75857717,0.06997903,0.15890612,0.0068263,0.49999994,0.018793715
POSCAR_O4Rh2_1_y975,O4Rh2_1,0.778887,0.76268804,0.06584562,0.15890612,0.006061107,0.49999994,0.01856736
POSCAR_O4Rh2_1_z025,O4Rh2_1,0.824833,0.7577234,0.06251716,0.15890612,0.0055144867,0.49999994,0.018442953
POSCAR_O4Rh2_1_z050,O4Rh2_1,0.83577,0.74871355,0.06258838,0.15890612,0.0054744747,0.49999994,0.018370382
POSCAR_O4Rh2_1_z950,O4Rh2_1,0.782566,0.74774724,0.06733104,0.15890612,0.0071526365,0.49999994,0.019283377
POSCAR_O4Rh2_1_z975,O4Rh2_1,0.774288,0.7518042,0.0684947,0.15890612,0.00559571,0.49999994,0.018150918
POSCAR_O4Ru2_1,O4Ru2_1,0.457507,0.7605044,0.070754856,0.15875192,0.015508136,0.5714285,0.019370131
POSCAR_O4Ru2_1_st025,O4Ru2_1,0.455033,0.7605044,0.06762053,0.15875192,0.012800634,0.5714285,0.019356165
POSCAR_O4Ru2_1_st050,O4Ru2_1,0.417026,0.7605044,0.06539833,0.15875192,0.012555592,0.5714285,0.01943531
POSCAR_O4Ru2_1_st950,O4Ru2_1,0.585621,0.7605044,0.07184607,0.15875192,0.015492138,0.5714285,0.019144531
POSCAR_O4Ru2_1_st975,O4Ru2_1,0.513337,0.7605044,0.07210409,0.15875192,0.016580218,0.5714285,0.01956929
POSCAR_O4Ru2_1_x025,O4Ru2_1,0.510883,0.7655743,0.072936684,0.15875192,0.014348748,0.5714285,0.019875951
POSCAR_O4Ru2_1_x050,O4Ru2_1,0.527345,0.7706374,0.07392746,0.15875192,0.014813413,0.5714285,0.020373533
POSCAR_O4Ru2_1_x950,O4Ru2_1,0.562709,0.7503591,0.071018994,0.15875192,0.013887753,0.5714285,0.01797659
POSCAR_O4Ru2_1_x975,O4Ru2_1,0.475318,0.7554314,0.071309544,0.15875192,0.015430021,0.5714285,0.018356508
POSCAR_O4Ru2_1_y025,O4Ru2_1,0.457431,0.75136024,0.07108231,0.15875192,0.014612293,0.5714285,0.019389106
POSCAR_O4Ru2_1_y050,O4Ru2_1,0.423666,0.74228406,0.06919483,0.15875192,0.0134949,0.5714285,0.018558148
POSCAR_O4Ru2_1_y950,O4Ru2_1,0.4348,0.7524588,0.076092176,0.15875192,0.016376257,0.5714285,0.019925516
POSCAR_O4Ru2_1_y975,O4Ru2_1,0.41386,0.75655705,0.0750912,0.15875192,0.016283706,0.5714285,0.019478435
POSCAR_O4Ru2_1_z025,O4Ru2_1,0.457426,0.7515179,0.071204424,0.15875192,0.014719557,0.5714285,0.019394519
POSCAR_O4Ru2_1_z050,O4Ru2_1,0.423708,0.7424438,0.06942423,0.15875192,0.013462614,0.5714285,0.018572045
POSCAR_O4Ru2_1_z950,O4Ru2_1,0.43482,0.75230354,0.07694994,0.15875192,0.016528165,0.5714285,0.020107813
POSCAR_O4Ru2_1_z975,O4Ru2_1,0.414017,0.7564016,0.07510106,0.15875192,0.016253294,0.5714285,0.019479442
POSCAR_O4Ru2_2,O4Ru2_2,0.174484,0.007348883,-0.16159306,0.14088707,0.0034135536,0.5714285,0.0082024755
POSCAR_O4Ru2_2_st025,O4Ru2_2,0.197028,0.007348883,-0.16117431,0.14088707,0.003428182,0.5714285,0.008345982
POSCAR_O4Ru2_2_st050,O4Ru2_2,0.169602,0.007348883,-0.16084197,0.14088707,0.00340965,0.5714285,0.008380861
POSCAR_O4Ru2_2_st950,O4Ru2_2,0.183597,0.007348883,-0.161279,0.14088707,0.003136566,0.5714285,0.008087934
POSCAR_O4Ru2_2_x025,O4Ru2_2,0.194143,0.007415317,-0.16138801,0.14088707,0.002998427,0.5714285,0.007948348
POSCAR_O4Ru2_2_x050,O4Ru2_2,0.233842,0.007478954,-0.16068326,0.14088707,0.0030550878,0.5714285,0.007918591
POSCAR_O4Ru2_2_x950,O4Ru2_2,0.12712,0.0072070584,-0.16340849,0.14088707,0.0033061346,0.5714285,0.008163377
POSCAR_O4Ru2_2_x975,O4Ru2_2,0.16295,0.007279512,-0.16303945,0.14088707,0.0034034322,0.5714285,0.008116063
POSCAR_O4Ru2_2_y025,O4Ru2_2,0.150857,0.0072316085,-0.16207454,0.14088707,0.0032766836,0.5714285,0.008205658
POSCAR_O4Ru2_2_y050,O4Ru2_2,0.139239,0.0071172835,-0.16254112,0.14088707,0.003349278,0.5714285,0.008253945
POSCAR_O4Ru2_2_y975,O4Ru2_2,0.206032,0.007469184,-0.16190603,0.14088707,0.0030929798,0.5714285,0.007921864
POSCAR_O4Ru2_2_z025,O4Ru2_2,0.154323,0.0073983795,-0.16274115,0.14088707,0.0031301286,0.5714285,0.008034439
POSCAR_O4Ru2_2_z050,O4Ru2_2,0.11933,0.0074451026,-0.16254307,0.14088707,0.0031121813,0.5714285,0.008108001
POSCAR_O4Ru2_2_z975,O4Ru2_2,0.228276,0.0072965766,-0.16289693,0.14088707,0.0028974372,0.5714285,0.007873627
POSCAR_O4V2_1,O4V2_1,0.455559,0.7536577,0.05302885,0.16007343,0.002572578,0.99999976,-0.072820336
POSCAR_O4V2_1_st025,O4V2_1,0.395176,0.7536577,0.05179151,0.16007343,0.0018001331,0.99999976,-0.0707641
POSCAR_O4V2_1_st050,O4V2_1,0.34917,0.7536577,0.049851026,0.16007343,0.0011743333,0.99999976,-0.06959414
POSCAR_O4V2_1_st950,O4V2_1,0.602315,0.7536577,0.054443445,0.16007343,0.001658246,0.99999976,-0.07113528
POSCAR_O4V2_1_st975,O4V2_1,0.555924,0.7536577,0.05382197,0.16007343,0.0020994882,0.99999976,-0.07148172
POSCAR_O4V2_1_x025,O4V2_1,0.478558,0.75880384,0.052527357,0.16007343,0.0027025386,0.99999976,-0.07721308
POSCAR_O4V2_1_x050,O4V2_1,0.431568,0.763942,0.051386725,0.16007343,0.0027701522,0.99999976,-0.07873598
POSCAR_O4V2_1_x950,O4V2_1,0.594741,0.7433564,0.052656796,0.16007343,0.00088371057,0.99999976,-0.06716004
POSCAR_O4V2_1_x975,O4V2_1,0.520441,0.74850726,0.05325418,0.16007343,0.0022935797,0.99999976,-0.07094717
POSCAR_O4V2_1_y025,O4V2_1,0.456344,0.74406344,0.052565817,0.16007343,0.0022503233,0.99999976,-0.07005458
POSCAR_O4V2_1_y050,O4V2_1,0.438834,0.73454374,0.051189054,0.16007343,0.0024908418,0.99999976,-0.06847889
POSCAR_O4V2_1_y950,O4V2_1,0.436874,0.745114,0.05412242,0.16007343,0.0027510298,0.99999976,-0.0751503
POSCAR_O4V2_1_y975,O4V2_1,0.435226,0.749601,0.053524338,0.16007343,0.0029025965,0.99999976,-0.07534634
POSCAR_O4V2_1_z025,O4V2_1,0.456199,0.74449956,0.05246569,0.16007343,0.0022418136,0.99999976,-0.0700551
POSCAR_O4V2_1_z050,O4V2_1,0.438552,0.73498684,0.050921366,0.16007343,0.0025150103,0.99999976,-0.06843969
POSCAR_O4V2_1_z950,O4V2_1,0.437073,0.74469244,0.0542443,0.16007343,0.002754621,0.99999976,-0.07516004
POSCAR_O4V2_1_z975,O4V2_1,0.435425,0.74917555,0.053614397,0.16007343,0.002907545,0.99999976,-0.07536364
POSCAR_O4V2_3,O4V2_3,0.046177,0.37093672,0.029452404,0.023941364,-0.050134297,0.99999976,-0.02411659
POSCAR_O4V2_3_st025,O4V2_3,0.079231,0.37093672,0.028464686,0.023941364,-0.047706887,0.99999976,-0.024832299
POSCAR_O4V2_3_st050,O4V2_3,0.079743,0.37093672,0.028163485,0.023941364,-0.04703957,0.99999976,-0.024822477
POSCAR_O4V2_3_st950,O4V2_3,0.093629,0.37093672,0.030671645,0.023941364,-0.053117935,0.99999976,-0.02390813
POSCAR_O4V2_3_st975,O4V2_3,0.038961,0.37093672,0.02984424,0.023941364,-0.05053476,0.99999976,-0.023653124
POSCAR_O4V2_3_x025,O4V2_3,0.159159,0.37431616,0.029663816,0.023941364,-0.05000362,0.99999976,-0.02617238
POSCAR_O4V2_3_x050,O4V2_3,0.30224,0.37765372,0.027691355,0.023941364,-0.05124503,0.99999976,-0.027688218
POSCAR_O4V2_3_x950,O4V2_3,0.282184,0.36405453,0.029050233,0.023941364,-0.05260379,0.99999976,-0.027969707
POSCAR_O4V2_3_x975,O4V2_3,0.139146,0.36751595,0.030358002,0.023941364,-0.049661763,0.99999976,-0.025785068
POSCAR_O4V2_3_y025,O4V2_3,0.138788,0.3743055,0.029684538,0.023941364,-0.049878664,0.99999976,-0.02616484
POSCAR_O4V2_3_y050,O4V2_3,0.281493,0.37763274,0.027589476,0.023941364,-0.0512443,0.99999976,-0.027525654
POSCAR_O4V2_3_y950,O4V2_3,0.301316,0.36407703,0.029116655,0.023941364,-0.052727725,0.99999976,-0.0280508
POSCAR_O4V2_3_y975,O4V2_3,0.158877,0.367527,0.030440561,0.023941364,-0.05031469,0.99999976,-0.025728002
POSCAR_O4V2_3_z025,O4V2_3,0.079703,0.36414412,0.031180574,0.023941364,-0.050254017,0.99999976,-0.025767956
POSCAR_O4V2_3_z050,O4V2_3,0.10088,0.3573534,0.031662904,0.023941364,-0.050143454,0.99999976,-0.027300935
POSCAR_O4V2_3_z950,O4V2_3,0.068956,0.3844783,0.03265767,0.023941364,-0.05152533,0.99999976,-0.026922802
POSCAR_O4V2_3_z975,O4V2_3,0.035874,0.37771904,0.030733867,0.023941364,-0.050350036,0.99999976,-0.025017252
POSCAR_O4Y2_5,O4Y2_5,0.039677,0.7588344,0.03274389,0.15818626,-0.0009787827,1.999999,-0.089265935
POSCAR_O5Ru2_1,O5Ru2_1,0.02266,0.0008255747,-0.1662849,0.10559178,-0.02996963,0.5714285,0.00767444
POSCAR_O5Ru2_1_st025,O5Ru2_1,0.02341,0.0008255747,-0.16696905,0.10559178,-0.030097432,0.5714285,0.007628789
POSCAR_O5Ru2_1_st975,O5Ru2_1,0.023231,0.0008255747,-0.16640982,0.10559178,-0.029631754,0.5714285,0.0075989193
POSCAR_O5Ru2_1_x025,O5Ru2_1,0.027822,0.0008125763,-0.16530809,0.10559178,-0.02991958,0.5714285,0.0076396884
POSCAR_O5Ru2_1_x050,O5Ru2_1,0.033094,0.0007998929,-0.16508517,0.10559178,-0.030217875,0.5714285,0.0076158037
POSCAR_O5Ru2_1_x950,O5Ru2_1,0.008402,0.0008525582,-0.16686298,0.10559178,-0.030103706,0.5714285,0.007551829
POSCAR_O5Ru2_1_x975,O5Ru2_1,0.019727,0.00083889836,-0.1685608,0.10559178,-0.030897565,0.5714285,0.007702564
POSCAR_O5Ru2_1_y025,O5Ru2_1,0.012375,0.00083232677,-0.16686964,0.10559178,-0.030237965,0.5714285,0.007652778
POSCAR_O5Ru2_1_y050,O5Ru2_1,0.015752,0.00083876634,-0.16799052,0.10559178,-0.030277414,0.5714285,0.0076048328
POSCAR_O5Ru2_1_y950,O5Ru2_1,0.035731,0.00081107335,-0.16467169,0.10559178,-0.030443594,0.5714285,0.007626355
POSCAR_O5Ru2_1_y975,O5Ru2_1,0.039154,0.00081849535,-0.16504867,0.10559178,-0.030691262,0.5714285,0.007538401
POSCAR_O5Ru2_1_z025,O5Ru2_1,0.042374,0.0008316519,-0.16763157,0.10559178,-0.03051894,0.5714285,0.0076381406
POSCAR_O5Ru2_1_z050,O5Ru2_1,0.043244,0.0008373991,-0.16799606,0.10559178,-0.030501625,0.5714285,0.0077421586
POSCAR_O5Ru2_1_z975,O5Ru2_1,0.013914,0.00081915606,-0.16609523,0.10559178,-0.030168276,0.5714285,0.007606139
POSCAR_O6Rh2_1,O6Rh2_1,0.190579,0.68953395,0.07319022,0.1115135,0.010797621,0.49999994,0.022140143
POSCAR_O6Rh2_1_x025,O6Rh2_1,0.211679,0.6947945,0.07097188,0.1115135,0.011210204,0.49999994,0.02252383
POSCAR_O6Rh2_1_x050,O6Rh2_1,0.240807,0.7000852,0.0701831,0.1115135,0.013356411,0.49999994,0.023099702
POSCAR_O6Rh2_1_y025,O6Rh2_1,0.211985,0.69478303,0.07095451,0.1115135,0.011191758,0.49999994,0.02256973
POSCAR_O6Rh2_1_y050,O6Rh2_1,0.23939,0.70006216,0.07013091,0.1115135,0.013429008,0.49999994,0.02310551
POSCAR_O6Rh2_1_z025,O6Rh2_1,0.19606,0.6790536,0.0735487,0.1115135,0.010365521,0.49999994,0.022150679
POSCAR_O6Rh2_1_z050,O6Rh2_1,0.219455,0.668571,0.073529795,0.1115135,0.011239431,0.49999994,0.022233872
POSCAR_O6Rh2_1_z950,O6Rh2_1,0.123817,0.710432,0.07655498,0.1115135,0.013003689,0.49999994,0.022679137
POSCAR_O6Rh2_1_z975,O6Rh2_1,0.168298,0.69999826,0.07452043,0.1115135,0.01091914,0.49999994,0.022114467
POSCAR_O6Ru2_2,O6Ru2_2,0.38763,0.4944209,0.04512341,0.084888116,-0.067661956,0.5714285,0.012171317
POSCAR_O6Ru2_2_st025,O6Ru2_2,0.330648,0.4944209,0.044831537,0.084888116,-0.0672464,0.5714285,0.012235464
POSCAR_O6Ru2_2_st050,O6Ru2_2,0.24926,0.4944209,0.0447494,0.084888116,-0.06757257,0.5714285,0.01262426
POSCAR_O6Ru2_2_st950,O6Ru2_2,0.324683,0.4944209,0.046137527,0.084888116,-0.062409543,0.5714285,0.012406558
POSCAR_O6Ru2_2_st975,O6Ru2_2,0.406688,0.4944209,0.04613314,0.084888116,-0.06548455,0.5714285,0.012601192
POSCAR_O6Ru2_2_z025,O6Ru2_2,0.393943,0.48665124,0.046122313,0.084888116,-0.06609409,0.5714285,0.011806522
POSCAR_O6Ru2_2_z050,O6Ru2_2,0.354108,0.47893542,0.046366237,0.084888116,-0.06577701,0.5714285,0.011824043
POSCAR_O6Ru2_2_z950,O6Ru2_2,0.268789,0.5100849,0.047885135,0.084888116,-0.06314579,0.5714285,0.012879682
POSCAR_O6Ru2_2_z975,O6Ru2_2,0.342504,0.5022354,0.045681223,0.084888116,-0.0674419,0.5714285,0.012185956
POSCAR_P1Ru2_1,P1Ru2_1,0.011545,0.0017984194,-0.17015672,0.16666667,-4.9240167e-05,0.42857137,0.008657973
POSCAR_P1Ru2_1_st050,P1Ru2_1,0.032721,0.0017984194,-0.16874726,0.16666667,-3.0696217e-05,0.42857137,0.00849827
POSCAR_P2Ru2_2,P2Ru2_2,0.44534,0.6174462,0.058838602,0.33333334,0.027574308,0.42857137,0.02058303
POSCAR_P2Ru2_2_st025,P2Ru2_2,0.409804,0.6174462,0.05920681,0.33333334,0.028092971,0.42857137,0.019939478
POSCAR_P2Ru2_2_st950,P2Ru2_2,0.348722,0.6174462,0.05609543,0.33333334,0.02649356,0.42857137,0.020474384
POSCAR_P2Ru2_2_st975,P2Ru2_2,0.505294,0.6174462,0.057139605,0.33333334,0.027047003,0.42857137,0.02051719
POSCAR_P2Ru2_2_x025,P2Ru2_2,0.481789,0.6233971,0.060462087,0.33333334,0.030350601,0.42857137,0.02103862
POSCAR_P2Ru2_2_x050,P2Ru2_2,0.492988,0.6294024,0.063713476,0.33333334,0.031833056,0.42857137,0.021005524
POSCAR_P2Ru2_2_x950,P2Ru2_2,0.587903,0.60574436,0.057963412,0.33333334,0.0280374,0.42857137,0.021191707
POSCAR_P2Ru2_2_x975,P2Ru2_2,0.518551,0.6115588,0.059041634,0.33333334,0.028608752,0.42857137,0.021284513
POSCAR_P2Ru2_2_y025,P2Ru2_2,0.47543,0.6233666,0.060427744,0.33333334,0.029764945,0.42857137,0.020889435
POSCAR_P2Ru2_2_y050,P2Ru2_2,0.488761,0.62934244,0.06077273,0.33333334,0.030686464,0.42857137,0.020435868
POSCAR_P2Ru2_2_y950,P2Ru2_2,0.593917,0.6058083,0.058314774,0.33333334,0.028144252,0.42857137,0.021370351
POSCAR_P2Ru2_2_y975,P2Ru2_2,0.525025,0.6115903,0.059403613,0.33333334,0.02926009,0.42857137,0.021434223
POSCAR_P2Ru2_2_z025,P2Ru2_2,0.440628,0.6057154,0.058518436,0.33333334,0.027028352,0.42857137,0.020077266
POSCAR_P2Ru2_2_z050,P2Ru2_2,0.413021,0.5941485,0.056555107,0.33333334,0.027307428,0.42857137,0.020028085
POSCAR_P2Ru2_2_z950,P2Ru2_2,0.462929,0.64136875,0.067047775,0.33333334,0.028758647,0.42857137,0.021314746
POSCAR_P2V2_1,P2V2_1,0.491453,0.5737935,0.057440788,0.33333334,0.030725341,0.7499998,0.019067205
POSCAR_P2V2_1_st025,P2V2_1,0.4604,0.5737935,0.05829914,0.33333334,0.031020334,0.7499998,0.015468812
POSCAR_P2V2_1_st050,P2V2_1,0.40082,0.5737935,0.057630077,0.33333334,0.030925913,0.7499998,0.015232927
POSCAR_P2V2_1_st950,P2V2_1,0.373347,0.5737935,0.05654636,0.33333334,0.030948782,0.7499998,0.019212257
POSCAR_P2V2_1_st975,P2V2_1,0.495891,0.5737935,0.056525033,0.33333334,0.030940864,0.7499998,0.019658051
POSCAR_P2V2_1_x025,P2V2_1,0.462547,0.57993627,0.05929637,0.33333334,0.03305399,0.7499998,0.019139882
POSCAR_P2V2_1_x050,P2V2_1,0.475496,0.5861382,0.058218278,0.33333334,0.0318464,0.7499998,0.018463423
POSCAR_P2V2_1_x950,P2V2_1,0.574952,0.56172156,0.05370901,0.33333334,0.027897883,0.7499998,0.019518146
POSCAR_P2V2_1_x975,P2V2_1,0.536927,0.5677188,0.057701476,0.33333334,0.030988637,0.7499998,0.018849077
POSCAR_P2V2_1_y025,P2V2_1,0.462158,0.57994336,0.059294187,0.33333334,0.03317702,0.7499998,0.019168414
POSCAR_P2V2_1_y050,P2V2_1,0.475035,0.5861521,0.058099438,0.33333334,0.031964805,0.7499998,0.018452967
POSCAR_P2V2_1_y950,P2V2_1,0.573452,0.56170666,0.05366812,0.33333334,0.02778381,0.7499998,0.019468654
POSCAR_P2V2_1_y975,P2V2_1,0.536883,0.5677115,0.057696175,0.33333334,0.030923923,0.7499998,0.018845905
POSCAR_P2V2_1_z025,P2V2_1,0.455718,0.56167436,0.05624752,0.33333334,0.029336207,0.7499998,0.01604829
POSCAR_P2V2_1_z050,P2V2_1,0.420151,0.54977584,0.054452583,0.33333334,0.026851378,0.7499998,0.015698299
POSCAR_P2V2_1_z950,P2V2_1,0.502257,0.5986714,0.05730973,0.33333334,0.030598413,0.7499998,0.020321716
POSCAR_P2V2_1_z975,P2V2_1,0.509197,0.58612794,0.058110315,0.33333334,0.031185089,0.7499998,0.01947113
POSCAR_P2V2_2,P2V2_2,1.02775,0.4037183,0.06609001,0.25,0.06547611,0.7499998,0.013948962
POSCAR_P2V2_2_st025,P2V2_2,1.09113,0.4037183,0.06234174,0.25,0.06012274,0.7499998,0.011536535
POSCAR_P2V2_2_st050,P2V2_2,0.761339,0.4037183,0.061105143,0.25,0.058748476,0.7499998,0.01149716
POSCAR_P2V2_2_st950,P2V2_2,0.967397,0.4037183,0.06677822,0.25,0.06643397,0.7499998,0.016551837
POSCAR_P2V2_2_st975,P2V2_2,1.048812,0.4037183,0.06605365,0.25,0.065895215,0.7499998,0.015948936
POSCAR_P2V2_2_z025,P2V2_2,0.954763,0.40295345,0.064564206,0.25,0.063763395,0.7499998,0.015781237
POSCAR_P2V2_2_z050,P2V2_2,0.850392,0.40215135,0.060151894,0.25,0.06170435,0.7499998,0.013956731
POSCAR_P2V2_2_z950,P2V2_2,1.059441,0.40513805,0.06627768,0.25,0.064751625,0.7499998,0.0190619
POSCAR_P2V2_2_z975,P2V2_2,1.072633,0.4044463,0.06710393,0.25,0.06659083,0.7499998,0.015705103
POSCAR_P2Zr2_2,P2Zr2_2,0.300662,0.4041146,0.03681741,0.25,0.046367753,0.99999964,-0.049683094
POSCAR_P2Zr2_2_x050,P2Zr2_2,0.006065,0.40487188,0.034892894,0.25,0.04506051,0.99999964,-0.05520426
POSCAR_P2Zr2_2_z025,P2Zr2_2,0.286616,0.4033247,0.033656172,0.25,0.04494136,0.99999964,-0.054127045
POSCAR_P2Zr2_2_z050,P2Zr2_2,0.274689,0.40249574,0.0314824,0.25,0.045480166,0.99999964,-0.054114614
POSCAR_P8V2_2,P8V2_2,0.298856,0.30163458,0.032825213,0.17789276,0.01233457,0.7499998,0.010757154
POSCAR_P8V2_2_st025,P8V2_2,0.260195,0.30163458,0.032317307,0.17789276,0.011982153,0.7499998,0.010790679
POSCAR_P8V2_2_st050,P8V2_2,0.226192,0.30163458,0.03179633,0.17789276,0.011643951,0.7499998,0.010847782
POSCAR_P8V2_2_st950,P8V2_2,0.333165,0.30163458,0.032933213,0.17789276,0.014165752,0.7499998,0.011283821
POSCAR_P8V2_2_st975,P8V2_2,0.324673,0.30163458,0.032768812,0.17789276,0.013965256,0.7499998,0.01079518
POSCAR_P8V2_2_x025,P8V2_2,0.272046,0.30041212,0.032577064,0.17789276,0.012096924,0.7499998,0.010713538
POSCAR_P8V2_2_x050,P8V2_2,0.273072,0.2991807,0.032514837,0.17789276,0.012216875,0.7499998,0.010784668
POSCAR_P8V2_2_x950,P8V2_2,0.399545,0.30404738,0.034031797,0.17789276,0.0136957355,0.7499998,0.010945529
POSCAR_P8V2_2_x975,P8V2_2,0.348475,0.30284676,0.033497307,0.17789276,0.01330323,0.7499998,0.010796781
POSCAR_P8V2_2_y025,P8V2_2,0.285515,0.30100647,0.032620404,0.17789276,0.011910015,0.7499998,0.010729599
POSCAR_P8V2_2_y050,P8V2_2,0.258216,0.30039802,0.032586146,0.17789276,0.0119952625,0.7499998,0.010807455
POSCAR_P8V2_2_y950,P8V2_2,0.338707,0.30295202,0.033609014,0.17789276,0.01380713,0.7499998,0.011046548
POSCAR_P8V2_2_y975,P8V2_2,0.29797,0.3022829,0.033384293,0.17789276,0.013728709,0.7499998,0.010780378
POSCAR_P8V2_2_z025,P8V2_2,0.318808,0.30349144,0.03333486,0.17789276,0.012155045,0.7499998,0.010859322
POSCAR_P8V2_2_z050,P8V2_2,0.333799,0.3053496,0.033977505,0.17789276,0.01264882,0.7499998,0.011078641
POSCAR_P8V2_2_z950,P8V2_2,0.263208,0.2979317,0.032590162,0.17789276,0.0134766055,0.7499998,0.010585533
POSCAR_P8V2_2_z975,P8V2_2,0.2771,0.2997807,0.032764383,0.17789276,0.012878501,0.7499998,0.010549909
POSCAR_P8Zr2_1,P8Zr2_1,0.020595,0.40922508,0.035433635,0.13234021,0.012841926,0.99999964,-0.04624748
POSCAR_P8Zr2_1_x025,P8Zr2_1,0.008054,0.41351542,0.034940217,0.13234021,0.012241543,0.99999964,-0.046164844
POSCAR_P8Zr2_1_x050,P8Zr2_1,0.005879,0.41779333,0.0350888,0.13234021,0.01211014,0.99999964,-0.04612806
POSCAR_P8Zr2_1_x975,P8Zr2_1,0.002156,0.40492594,0.033848867,0.13234021,0.012126584,0.99999964,-0.043451544
POSCAR_P8Zr2_1_y025,P8Zr2_1,0.003667,0.40458432,0.03412019,0.13234021,0.012366118,0.99999964,-0.04661231
POSCAR_P8Zr2_1_y050,P8Zr2_1,0.005164,0.39998886,0.027411742,0.13234021,0.01172881,0.99999964,-0.04639568
POSCAR_P8Zr2_1_y975,P8Zr2_1,0.011545,0.41390726,0.034459174,0.13234021,0.011857344,0.99999964,-0.042835463
POSCAR_P8Zr2_1_z975,P8Zr2_1,0.002078,0.40886098,0.036563173,0.13234021,0.013567713,0.99999964,-0.047580052
POSCAR_Pb10Ru2_1,Pb10Ru2_1,0.0253,0.0031897,-0.18501891,0.18930167,0.006046224,0.28571424,0.0027488018
POSCAR_Pb10Ru2_1_st025,Pb10Ru2_1,0.020063,0.0031897,-0.18499862,0.18930167,0.006057527,0.28571424,0.0027169408
POSCAR_Pb10Ru2_1_x025,Pb10Ru2_1,0.023198,0.003208963,-0.185499,0.18930167,0.005995125,0.28571424,0.002770368
POSCAR_Pb10Ru2_1_x050,Pb10Ru2_1,0.015567,0.003228467,-0.18577263,0.18930167,0.00598105,0.28571424,0.0027831343
POSCAR_Pb10Ru2_1_x975,Pb10Ru2_1,0.02501,0.0031707068,-0.1868298,0.18930167,0.0060229343,0.28571424,0.0028466582
POSCAR_Pb10Ru2_1_y025,Pb10Ru2_1,0.033355,0.0031922215,-0.1855586,0.18930167,0.0059861946,0.28571424,0.0027714195
POSCAR_Pb10Ru2_1_y050,Pb10Ru2_1,0.014851,0.0031947896,-0.18590397,0.18930167,0.0059683765,0.28571424,0.0027819015
POSCAR_Pb10Ru2_1_y975,Pb10Ru2_1,0.024356,0.003187223,-0.18687862,0.18930167,0.00601361,0.28571424,0.002855168
POSCAR_Pb10Ru2_1_z025,Pb10Ru2_1,0.029342,0.0031682216,-0.18935643,0.18930167,0.0061471583,0.28571424,0.0031529015
POSCAR_Pb2Ru2_2,Pb2Ru2_2,0.406638,0.74767447,0.071709916,0.33333334,0.026719807,0.28571424,-0.0038588422
POSCAR_Pb2Ru2_2_st975,Pb2Ru2_2,0.252668,0.74767447,0.07151635,0.33333334,0.025500204,0.28571424,-0.0045194854
POSCAR_Pb2Ru2_2_x975,Pb2Ru2_2,0.347314,0.76302296,0.07111795,0.33333334,0.02401787,0.28571424,-0.004149493
POSCAR_Pb2Ru2_2_y025,Pb2Ru2_2,0.502266,0.7326287,0.068570755,0.33333334,0.024165068,0.28571424,-0.0037299385
POSCAR_Pb2Ru2_2_y050,Pb2Ru2_2,0.608572,0.71780664,0.06929976,0.33333334,0.023765901,0.28571424,-0.0031827393
POSCAR_Pb2Ru2_2_z025,Pb2Ru2_2,0.598885,0.77816194,0.07298411,0.33333334,0.02863691,0.28571424,-0.0029229927
POSCAR_Pb2Ru2_2_z950,Pb2Ru2_2,0.005118,0.68730193,0.067636155,0.33333334,0.02471936,0.28571424,-0.0037060645
POSCAR_Pb2Ru2_2_z975,Pb2Ru2_2,0.406592,0.7173788,0.068774976,0.33333334,0.025065511,0.28571424,-0.0037453866
POSCAR_Pb2Ru2_3,Pb2Ru2_3,0.013193,0.0008712898,-0.20992061,0.42780036,0.016353702,0.28571424,0.0019966005
POSCAR_Pb2Ru2_3_x025,Pb2Ru2_3,0.005109,0.00086624577,-0.20942184,0.42780036,0.016146475,0.28571424,0.002051576
POSCAR_Pb2Ru2_3_x050,Pb2Ru2_3,0.005597,0.0008613354,-0.20938307,0.42780036,0.015898187,0.28571424,0.0019166367
POSCAR_Pb2Ru2_3_x950,Pb2Ru2_3,0.008969,0.00088177284,-0.2061,0.42780036,0.016008776,0.28571424,0.0017585896
POSCAR_Pb2Ru2_3_x975,Pb2Ru2_3,0.006693,0.00087646616,-0.20897225,0.42780036,0.016261423,0.28571424,0.0019205345
POSCAR_Pb2Ru2_3_y025,Pb2Ru2_3,0.007665,0.00087518786,-0.20859836,0.42780036,0.016188258,0.28571424,0.0021238693
POSCAR_Pb2Ru2_3_y050,Pb2Ru2_3,0.007335,0.0008791303,-0.20833051,0.42780036,0.016026016,0.28571424,0.0024060446
POSCAR_Pb2Ru2_3_y950,Pb2Ru2_3,0.008948,0.0008636394,-0.20195295,0.42780036,0.015639711,0.28571424,0.0015191461
POSCAR_Pb2Ru2_3_y975,Pb2Ru2_3,0.005712,0.00086743926,-0.2044874,0.42780036,0.0158771,0.28571424,0.0017512944
POSCAR_Pb2Ru2_3_z050,Pb2Ru2_3,0.005304,0.0008741296,-0.20843439,0.42780036,0.015995728,0.28571424,0.0022165887
POSCAR_Pb2Ru2_3_z950,Pb2Ru2_3,0.003965,0.00086921256,-0.20425858,0.42780036,0.015370627,0.28571424,0.0017694568
POSCAR_Pb2Ru2_3_z975,Pb2Ru2_3,0.005401,0.00087015104,-0.20863226,0.42780036,0.016026918,0.28571424,0.0020674812
POSCAR_Pb2Sc2_3,Pb2Sc2_3,0.048118,0.41640308,0.03173521,0.33333334,0.016753526,0.9999995,-0.029395705
POSCAR_Pb2Sc2_3_st025,Pb2Sc2_3,0.022034,0.41640308,0.031778786,0.33333334,0.017174173,0.9999995,-0.029726697
POSCAR_Pb2Sc2_3_x025,Pb2Sc2_3,0.014521,0.42252174,0.028785521,0.33333334,0.01714535,0.9999995,-0.029382631
POSCAR_Pb2Sc2_3_x050,Pb2Sc2_3,0.018017,0.4287238,0.025261933,0.33333334,0.015422823,0.9999995,-0.031819783
POSCAR_Pb2Sc2_3_x950,Pb2Sc2_3,0.02229,0.4044472,0.025867147,0.33333334,0.015650073,0.9999995,-0.031158939
POSCAR_Pb2Sc2_3_y025,Pb2Sc2_3,0.014721,0.42252353,0.028186027,0.33333334,0.01714001,0.9999995,-0.029314939
POSCAR_Pb2Sc2_3_y050,Pb2Sc2_3,0.071596,0.4287272,0.025292737,0.33333334,0.01550591,0.9999995,-0.03170235
POSCAR_Pb2Sc2_3_y950,Pb2Sc2_3,0.022476,0.40444332,0.025901582,0.33333334,0.015585808,0.9999995,-0.03189158
POSCAR_Pb2Sc2_3_y975,Pb2Sc2_3,0.007063,0.41037372,0.028605029,0.33333334,0.016942836,0.9999995,-0.02889544
POSCAR_Pb2Sc2_3_z025,Pb2Sc2_3,0.027458,0.40445367,0.032258112,0.33333334,0.017295836,0.9999995,-0.029573683
POSCAR_Pb2Sc2_3_z050,Pb2Sc2_3,0.023607,0.3929003,0.028720839,0.33333334,0.018817995,0.9999995,-0.02801635
POSCAR_Pb2Sc2_3_z950,Pb2Sc2_3,0.011254,0.44152626,0.032714546,0.33333334,0.015948204,0.9999995,-0.029332165
POSCAR_Pb2Sc2_3_z975,Pb2Sc2_3,0.014312,0.42875782,0.03231343,0.33333334,0.016256573,0.9999995,-0.029350165
POSCAR_Pb3Ru2_1,Pb3Ru2_1,0.01756,0.00039957694,-0.20529528,0.33986554,0.016997544,0.28571424,0.0030900892
POSCAR_Pb3Ru2_1_st025,Pb3Ru2_1,0.019067,0.00039957694,-0.20271687,0.33986554,0.016683051,0.28571424,0.0033644333
POSCAR_Pb3Ru2_1_st050,Pb3Ru2_1,0.017522,0.00039957694,-0.20270759,0.33986554,0.01657204,0.28571424,0.0035133243
POSCAR_Pb3Ru2_1_x950,Pb3Ru2_1,0.032608,0.00040711457,-0.20826057,0.33986554,0.017321555,0.28571424,0.002627243
POSCAR_Pb3Ru2_1_y050,Pb3Ru2_1,0.018545,0.0003864784,-0.20662943,0.33986554,0.0170047,0.28571424,0.0029816113
POSCAR_Pb3Ru2_1_y950,Pb3Ru2_1,0.019069,0.00041299534,-0.20806241,0.33986554,0.017374337,0.28571424,0.002982993
POSCAR_Pb3Ru2_1_y975,Pb3Ru2_1,0.018102,0.0004062487,-0.20760235,0.33986554,0.017233446,0.28571424,0.0030219285
POSCAR_Pb3Ru2_1_z025,Pb3Ru2_1,0.017102,0.0004099179,-0.20540097,0.33986554,0.017203517,0.28571424,0.0031971023
POSCAR_Rh2S4_1,Rh2S4_1,0.581592,0.32901654,0.034375228,0.19274864,0.013498881,0.49999994,0.019419959
POSCAR_Rh2S4_1_x025,Rh2S4_1,0.595836,0.32263795,0.03452721,0.19274864,0.01366817,0.49999994,0.01929644
POSCAR_Rh2S4_1_x050,Rh2S4_1,0.614293,0.31638065,0.033802174,0.19274864,0.014065217,0.49999994,0.019194834
POSCAR_Rh2S4_1_x950,Rh2S4_1,0.568757,0.34213147,0.03504011,0.19274864,0.012592958,0.49999994,0.019515857
POSCAR_Rh2S4_1_x975,Rh2S4_1,0.577591,0.33551502,0.03483187,0.19274864,0.013415254,0.49999994,0.019448163
POSCAR_Rh2S4_1_y025,Rh2S4_1,0.58132,0.33232138,0.034627203,0.19274864,0.013481435,0.49999994,0.019335369
POSCAR_Rh2S4_1_y050,Rh2S4_1,0.577724,0.33561468,0.034643237,0.19274864,0.012797978,0.49999994,0.019374635
POSCAR_Rh2S4_1_y950,Rh2S4_1,0.586318,0.32238382,0.034124944,0.19274864,0.0133555215,0.49999994,0.019667007
POSCAR_Rh2S4_1_y975,Rh2S4_1,0.575523,0.32570302,0.034793135,0.19274864,0.013480585,0.49999994,0.019463684
POSCAR_Rh2S4_1_z025,Rh2S4_1,0.51732,0.33216348,0.0343928,0.19274864,0.0135930255,0.49999994,0.01924987
POSCAR_Rh2S4_1_z050,Rh2S4_1,0.460461,0.33534375,0.033940174,0.19274864,0.013806262,0.49999994,0.019277668
POSCAR_Rh2S4_1_z950,Rh2S4_1,0.747066,0.32283652,0.035192393,0.19274864,0.01331298,0.49999994,0.019653352
POSCAR_Rh2S4_1_z975,Rh2S4_1,0.657629,0.32590634,0.034600202,0.19274864,0.013073772,0.49999994,0.01947381
POSCAR_Rh2Tl2_1,Rh2Tl2_1,0.324027,0.7920099,0.07264948,0.33333334,0.023190584,0.124999985,-0.016711859
POSCAR_Rh2Tl2_1_z975,Rh2Tl2_1,0.240681,0.79675215,0.068285264,0.33333334,0.019847319,0.124999985,-0.018811263
POSCAR_Ru2S2_1,Ru2S2_1,0.360078,0.72325397,0.047489274,0.083333336,-0.06818122,0.5714285,0.011866046
POSCAR_Ru2S2_1_st025,Ru2S2_1,0.355894,0.72325397,0.047931157,0.083333336,-0.068286724,0.5714285,0.011989403
POSCAR_Ru2S2_1_st050,Ru2S2_1,0.316975,0.72325397,0.04794123,0.083333336,-0.06909509,0.5714285,0.012246168
POSCAR_Ru2S2_1_st950,Ru2S2_1,0.243569,0.72325397,0.04744302,0.083333336,-0.067489475,0.5714285,0.011793297
POSCAR_Ru2S2_1_st975,Ru2S2_1,0.35725,0.72325397,0.04744689,0.083333336,-0.06793564,0.5714285,0.011811164
POSCAR_Ru2S2_1_x025,Ru2S2_1,0.385328,0.72379977,0.047246356,0.083333336,-0.06842446,0.5714285,0.011974449
POSCAR_Ru2S2_1_x050,Ru2S2_1,0.408007,0.7239478,0.047689002,0.083333336,-0.067138486,0.5714285,0.011667404
POSCAR_Ru2S2_1_x950,Ru2S2_1,0.287407,0.7124,0.048447642,0.083333336,-0.064972125,0.5714285,0.011489195
POSCAR_Ru2S2_1_x975,Ru2S2_1,0.347269,0.7177739,0.048067782,0.083333336,-0.06776353,0.5714285,0.011811328
POSCAR_Ru2S2_1_y025,Ru2S2_1,0.386419,0.7233986,0.047230136,0.083333336,-0.06846264,0.5714285,0.011950247
POSCAR_Ru2S2_1_y050,Ru2S2_1,0.40962,0.7235421,0.04771001,0.083333336,-0.06715158,0.5714285,0.011644793
POSCAR_Ru2S2_1_y950,Ru2S2_1,0.286791,0.71277165,0.048416253,0.083333336,-0.06511242,0.5714285,0.011471923
POSCAR_Ru2S2_1_y975,Ru2S2_1,0.345198,0.718158,0.048077658,0.083333336,-0.06775642,0.5714285,0.011852047
POSCAR_Ru2S2_1_z025,Ru2S2_1,0.382235,0.7175801,0.049103737,0.083333336,-0.06888749,0.5714285,0.01203939
POSCAR_Ru2S2_1_z050,Ru2S2_1,0.340731,0.7119096,0.048794568,0.083333336,-0.06860635,0.5714285,0.011942585
POSCAR_Ru2S2_1_z950,Ru2S2_1,0.341094,0.7346039,0.047327634,0.083333336,-0.06970618,0.5714285,0.011973616
POSCAR_Ru2S2_1_z975,Ru2S2_1,0.384746,0.72892916,0.04796706,0.083333336,-0.06927307,0.5714285,0.012052599
POSCAR_Ru2S2_2,Ru2S2_2,0.351852,0.748525,0.07396506,0.16666667,0.009796223,0.5714285,0.020381307
POSCAR_Ru2S2_2_st025,Ru2S2_2,0.49776,0.748525,0.07398664,0.16666667,0.0100262165,0.5714285,0.019825218
POSCAR_Ru2S2_2_st050,Ru2S2_2,0.554971,0.748525,0.07325112,0.16666667,0.010472903,0.5714285,0.019769736
POSCAR_Ru2S2_2_st950,Ru2S2_2,0.27415,0.748525,0.07375149,0.16666667,0.009027182,0.5714285,0.020539917
POSCAR_Ru2S2_2_st975,Ru2S2_2,0.336661,0.748525,0.07382454,0.16666667,0.009137532,0.5714285,0.020449692
POSCAR_Ru2S2_2_x025,Ru2S2_2,0.436715,0.7428274,0.07467642,0.16666667,0.010080491,0.5714285,0.02003482
POSCAR_Ru2S2_2_x050,Ru2S2_2,0.532862,0.7372423,0.07488747,0.16666667,0.010424947,0.5714285,0.020201499
POSCAR_Ru2S2_2_x950,Ru2S2_2,0.371944,0.7558007,0.07286964,0.16666667,0.009849476,0.5714285,0.021117216
POSCAR_Ru2S2_2_x975,Ru2S2_2,0.347329,0.75278616,0.07316549,0.16666667,0.009227569,0.5714285,0.021118531
POSCAR_Ru2S2_2_y025,Ru2S2_2,0.37715,0.7597113,0.07257514,0.16666667,0.009218864,0.5714285,0.020902582
POSCAR_Ru2S2_2_y050,Ru2S2_2,0.393543,0.76951575,0.072797135,0.16666667,0.009883333,0.5714285,0.021211013
POSCAR_Ru2S2_2_y950,Ru2S2_2,0.416363,0.7230557,0.072596855,0.16666667,0.009994608,0.5714285,0.020077622
POSCAR_Ru2S2_2_y975,Ru2S2_2,0.381273,0.73579985,0.07291288,0.16666667,0.0098941745,0.5714285,0.02002165
POSCAR_Ru2S2_2_z025,Ru2S2_2,0.375996,0.7415793,0.07361342,0.16666667,0.0096185785,0.5714285,0.020336295
POSCAR_Ru2S2_2_z050,Ru2S2_2,0.402052,0.7346616,0.07223562,0.16666667,0.010079193,0.5714285,0.020277783
POSCAR_Ru2S2_2_z950,Ru2S2_2,0.293573,0.7624791,0.073955595,0.16666667,0.009556857,0.5714285,0.020221867
POSCAR_Ru2S2_2_z975,Ru2S2_2,0.326359,0.75549346,0.07376614,0.16666667,0.009606694,0.5714285,0.020320537
POSCAR_Ru2S8_1,Ru2S8_1,0.379438,0.38336003,0.025135769,0.094524264,-0.06907619,0.5714285,0.013942919
POSCAR_Ru2S8_1_st025,Ru2S8_1,0.309007,0.38336003,0.02499357,0.094524264,-0.06761538,0.5714285,0.013764203
POSCAR_Ru2S8_1_st050,Ru2S8_1,0.274678,0.38336003,0.024880568,0.094524264,-0.067153856,0.5714285,0.0134845525
POSCAR_Ru2S8_1_x025,Ru2S8_1,0.425533,0.3818028,0.02547588,0.094524264,-0.06798011,0.5714285,0.0143336
POSCAR_Ru2S8_1_x050,Ru2S8_1,0.028072,0.3803268,0.028523494,0.094524264,-0.06987588,0.5714285,0.014459216
POSCAR_Ru2S8_1_y025,Ru2S8_1,0.341291,0.3874882,0.025534581,0.094524264,-0.06683601,0.5714285,0.0145029025
POSCAR_Ru2S8_1_y050,Ru2S8_1,0.361069,0.3916389,0.028085982,0.094524264,-0.06921368,0.5714285,0.014683056
POSCAR_Ru2S8_1_z025,Ru2S8_1,0.021024,0.38088766,0.02501304,0.094524264,-0.06972771,0.5714285,0.013707664
POSCAR_Ru2S8_1_z050,Ru2S8_1,0.33792,0.37850246,0.025371037,0.094524264,-0.0671506,0.5714285,0.014246712
POSCAR_Ru2Si1_1,Ru2Si1_1,0.074692,0.00031305916,-0.18002778,0.16666667,0.0045221997,0.28571424,0.0002128604
POSCAR_Ru2Si1_1_x950,Ru2Si1_1,0.002271,0.0003165859,-0.18623443,0.16666667,0.003915082,0.28571424,0.00026538456
POSCAR_Ru2Si1_1_x975,Ru2Si1_1,0.001481,0.00031483438,-0.18441868,0.16666667,0.004536393,0.28571424,0.0003200567
POSCAR_Ru2Si1_1_z950,Ru2Si1_1,0.005693,0.00031648626,-0.18682688,0.16666667,0.004044564,0.28571424,0.00045538714
POSCAR_Ru2Si1_1_z975,Ru2Si1_1,0.009538,0.00031484393,-0.18453729,0.16666667,0.004276549,0.28571424,0.00021980716
POSCAR_Ru2Sn2_3,Ru2Sn2_3,0.499649,0.78674674,0.07236118,0.33333334,0.024144389,0.28571424,-0.0074739847
POSCAR_Ru2Sn2_3_st050,Ru2Sn2_3,0.879461,0.78674674,0.0735629,0.33333334,0.026438065,0.28571424,-0.0053353803
POSCAR_Ru2Sn2_3_st975,Ru2Sn2_3,0.040538,0.78674674,0.069997914,0.33333334,0.02313534,0.28571424,-0.008186168
POSCAR_Ru2Sn2_3_x025,Ru2Sn2_3,0.484741,0.7909783,0.07092999,0.33333334,0.02684704,0.28571424,-0.0045647817
POSCAR_Ru2Sn2_3_x050,Ru2Sn2_3,0.519583,0.7778746,0.06986152,0.33333334,0.025272787,0.28571424,-0.0019995705
POSCAR_Ru2Sn2_3_x950,Ru2Sn2_3,0.213915,0.77852184,0.070471235,0.33333334,0.02558296,0.28571424,-0.0022119097
POSCAR_Ru2Sn2_3_x975,Ru2Sn2_3,0.448273,0.7825914,0.07131198,0.33333334,0.027005207,0.28571424,-0.004683966
POSCAR_Ru2Sn2_3_y025,Ru2Sn2_3,0.478463,0.79097706,0.07097163,0.33333334,0.026851984,0.28571424,-0.0045989472
POSCAR_Ru2Sn2_3_y050,Ru2Sn2_3,0.519533,0.7780937,0.06988633,0.33333334,0.02527244,0.28571424,-0.0020060132
POSCAR_Ru2Sn2_3_y950,Ru2Sn2_3,0.21474,0.77852446,0.070423685,0.33333334,0.025592174,0.28571424,-0.0021930074
POSCAR_Ru2Sn2_3_y975,Ru2Sn2_3,0.447558,0.7825927,0.071324974,0.33333334,0.02701169,0.28571424,-0.0046754973
POSCAR_Ru2Sn2_3_z025,Ru2Sn2_3,0.731623,0.7783438,0.07293756,0.33333334,0.0251498,0.28571424,-0.007208457
POSCAR_Ru2Sn2_3_z050,Ru2Sn2_3,1.112079,0.76991755,0.07484674,0.33333334,0.0263579,0.28571424,-0.006366847
POSCAR_Ru2Sn2_3_z950,Ru2Sn2_3,0.102044,0.78619117,0.06845541,0.33333334,0.020723848,0.28571424,-0.008374208
POSCAR_Ru2Sn2_3_z975,Ru2Sn2_3,0.23489,0.79511887,0.07020535,0.33333334,0.022268469,0.28571424,-0.007959676
POSCAR_S2Ti2_2,S2Ti2_2,0.469563,0.5810898,0.04566498,0.33333334,0.025743756,1.3333329,-0.068893924
POSCAR_S2Ti2_2_st025,S2Ti2_2,0.413374,0.5810898,0.045828424,0.33333334,0.02594754,1.3333329,-0.06503835
POSCAR_S2Ti2_2_st050,S2Ti2_2,0.159491,0.5810898,0.044409405,0.33333334,0.025062604,1.3333329,-0.0632054
POSCAR_S2Ti2_2_st975,S2Ti2_2,0.100746,0.5810898,0.046136,0.33333334,0.025975011,1.3333329,-0.066957325
POSCAR_S2Ti2_2_x050,S2Ti2_2,0.528627,0.5933805,0.04216223,0.33333334,0.025233254,1.3333329,-0.068007454
POSCAR_S2Ti2_2_x950,S2Ti2_2,0.138243,0.5690664,0.042358667,0.33333334,0.024617711,1.3333329,-0.06473183
POSCAR_S2Ti2_2_x975,S2Ti2_2,0.425437,0.57504004,0.043960005,0.33333334,0.02602345,1.3333329,-0.067606196
POSCAR_S2Ti2_2_y050,S2Ti2_2,0.526371,0.593384,0.042025298,0.33333334,0.02523086,1.3333329,-0.068159506
POSCAR_S2Ti2_2_y950,S2Ti2_2,0.13999,0.56906205,0.04245917,0.33333334,0.024587091,1.3333329,-0.064546846
POSCAR_S2Ti2_2_y975,S2Ti2_2,0.425363,0.57503796,0.043989588,0.33333334,0.025835758,1.3333329,-0.06760635
POSCAR_S2V2_2,S2V2_2,0.694501,0.40423506,0.0525857,0.25,0.05130948,0.99999976,-0.05402697
POSCAR_S2V2_2_st025,S2V2_2,0.586575,0.40423506,0.049471356,0.25,0.048805878,0.99999976,-0.05681256
POSCAR_S2V2_2_st050,S2V2_2,0.48561,0.40423506,0.047827866,0.25,0.04730542,0.99999976,-0.05607167
POSCAR_S2V2_2_st950,S2V2_2,0.908369,0.40423506,0.056398995,0.25,0.056049883,0.99999976,-0.061185636
POSCAR_S2V2_2_st975,S2V2_2,0.823342,0.40423506,0.055526856,0.25,0.0556994,0.99999976,-0.05941901
POSCAR_S2V2_2_z025,S2V2_2,0.665911,0.4035027,0.052052695,0.25,0.050631285,0.99999976,-0.05347359
POSCAR_S2V2_3,S2V2_3,0.280236,0.07762262,0.035715472,0.25,0.028079983,0.99999976,-0.03168957
POSCAR_S2V2_3_st025,S2V2_3,0.25693,0.07762262,0.035175532,0.25,0.027756842,0.99999976,-0.033220805
POSCAR_S2V2_3_st050,S2V2_3,0.22552,0.07762262,0.035221405,0.25,0.027446851,0.99999976,-0.033598635
POSCAR_S2V2_3_st950,S2V2_3,0.212622,0.07762262,0.03601246,0.25,0.028560085,0.99999976,-0.030889532
POSCAR_S2V2_3_st975,S2V2_3,0.213162,0.07762262,0.03614644,0.25,0.028226877,0.99999976,-0.03091209
POSCAR_S2V2_3_x975,S2V2_3,0.299189,0.07784371,0.035902742,0.25,0.02727954,0.99999976,-0.031281285
POSCAR_S2V2_3_y025,S2V2_3,0.297145,0.077394955,0.03535771,0.25,0.026988674,0.99999976,-0.031857237
POSCAR_S2V2_3_y050,S2V2_3,0.313463,0.07716079,0.03560854,0.25,0.02600718,0.99999976,-0.03292314
POSCAR_S2V2_3_y950,S2V2_3,0.250747,0.07805837,0.03627566,0.25,0.026515558,0.99999976,-0.031454742
POSCAR_S2V2_3_y975,S2V2_3,0.298823,0.077843755,0.035902742,0.25,0.02727954,0.99999976,-0.031281285
POSCAR_S2V2_3_z025,S2V2_3,0.277154,0.0780446,0.035673775,0.25,0.028334092,0.99999976,-0.0321809
POSCAR_S2V2_3_z050,S2V2_3,0.26909,0.07841468,0.035743166,0.25,0.028342605,0.99999976,-0.031867445
POSCAR_S2V2_3_z950,S2V2_3,0.279729,0.076613,0.03545131,0.25,0.027763061,0.99999976,-0.0314891
POSCAR_S2V2_3_z975,S2V2_3,0.281579,0.077146254,0.035517465,0.25,0.027726552,0.99999976,-0.031581882
POSCAR_S2V2_4,S2V2_4,0.383382,0.6744967,0.06865309,0.33333334,0.027795237,0.99999976,-0.046139594
POSCAR_S2V2_4_st025,S2V2_4,0.358039,0.6744967,0.06695934,0.33333334,0.027552703,0.99999976,-0.046805814
POSCAR_S2V2_4_st050,S2V2_4,0.341216,0.6744967,0.06451892,0.33333334,0.027285783,0.99999976,-0.050826963
POSCAR_S2V2_4_st950,S2V2_4,0.462744,0.6744967,0.07035886,0.33333334,0.026900433,0.99999976,-0.047627762
POSCAR_S2V2_4_st975,S2V2_4,0.418266,0.6744967,0.07093673,0.33333334,0.027656564,0.99999976,-0.045864113
POSCAR_S2V2_4_x025,S2V2_4,0.417616,0.68001616,0.06634005,0.33333334,0.028063992,0.99999976,-0.04836991
POSCAR_S2V2_4_x050,S2V2_4,0.442621,0.6855878,0.062501006,0.33333334,0.026685135,0.99999976,-0.048923913
POSCAR_S2V2_4_x950,S2V2_4,0.426573,0.6636516,0.0586832,0.33333334,0.02623268,0.99999976,-0.052212954
POSCAR_S2V2_4_x975,S2V2_4,0.404962,0.6690388,0.06267416,0.33333334,0.02759707,0.99999976,-0.05196271
POSCAR_S2V2_4_y025,S2V2_4,0.417019,0.6800133,0.06627354,0.33333334,0.028042596,0.99999976,-0.048331603
POSCAR_S2V2_4_y050,S2V2_4,0.44223,0.6855823,0.06250215,0.33333334,0.026669381,0.99999976,-0.04891531
POSCAR_S2V2_4_y950,S2V2_4,0.427157,0.66365755,0.05877157,0.33333334,0.026301032,0.99999976,-0.05235983
POSCAR_S2V2_4_y975,S2V2_4,0.405654,0.6690417,0.06266204,0.33333334,0.027611716,0.99999976,-0.05194602
POSCAR_S2V2_4_z025,S2V2_4,0.341999,0.6635621,0.06324269,0.33333334,0.028394874,0.99999976,-0.049728222
POSCAR_S2V2_4_z050,S2V2_4,0.306377,0.6527193,0.060075637,0.33333334,0.026443169,0.99999976,-0.052191474
POSCAR_S2V2_4_z950,S2V2_4,0.485448,0.6966046,0.07249818,0.33333334,0.027647566,0.99999976,-0.043311276
POSCAR_Sb2Ti2_1,Sb2Ti2_1,0.321482,0.7038025,0.06159231,0.33333334,0.032370426,0.99999964,-0.051848345
POSCAR_Sb2Ti2_1_st025,Sb2Ti2_1,0.460162,0.7038025,0.060319304,0.33333334,0.03246721,0.99999964,-0.051677864
POSCAR_Sb2Ti2_1_st050,Sb2Ti2_1,0.539832,0.7038025,0.059728596,0.33333334,0.03238511,0.99999964,-0.048979726
POSCAR_Sb2Ti2_1_st950,Sb2Ti2_1,0.072141,0.7038025,0.065229475,0.33333334,0.033569813,0.99999964,-0.046895653
POSCAR_Sb2Ti2_1_st975,Sb2Ti2_1,0.245702,0.7038025,0.06356446,0.33333334,0.033236858,0.99999964,-0.04830917
POSCAR_Sb2Ti2_1_x025,Sb2Ti2_1,0.344457,0.7091319,0.058135092,0.33333334,0.030776322,0.99999964,-0.051564664
POSCAR_Sb2Ti2_1_x050,Sb2Ti2_1,0.437036,0.7145105,0.06038958,0.33333334,0.030787943,0.99999964,-0.052486874
POSCAR_Sb2Ti2_1_x950,Sb2Ti2_1,0.266054,0.69332844,0.062213533,0.33333334,0.030690936,0.99999964,-0.051240824
POSCAR_Sb2Ti2_1_x975,Sb2Ti2_1,0.293917,0.6985315,0.062051706,0.33333334,0.031429373,0.99999964,-0.051407374
POSCAR_Sb2Ti2_1_y025,Sb2Ti2_1,0.30148,0.708956,0.061911684,0.33333334,0.031483937,0.99999964,-0.051848985
POSCAR_Sb2Ti2_1_y950,Sb2Ti2_1,0.270183,0.6936988,0.05903153,0.33333334,0.031252123,0.99999964,-0.051251136
POSCAR_Sb2Ti2_1_y975,Sb2Ti2_1,0.297011,0.6987137,0.058297038,0.33333334,0.030889193,0.99999964,-0.051365886
POSCAR_Sb2Ti2_1_z025,Sb2Ti2_1,0.290419,0.6934038,0.05994599,0.33333334,0.032547884,0.99999964,-0.052087605
POSCAR_Sb2Ti2_1_z050,Sb2Ti2_1,0.222081,0.68306226,0.05902535,0.33333334,0.03269928,0.99999964,-0.051251233
POSCAR_Sb2Ti2_1_z950,Sb2Ti2_1,0.307408,0.72473466,0.066611454,0.33333334,0.033530947,0.99999964,-0.047470804
POSCAR_Sb2Ti2_1_z975,Sb2Ti2_1,0.298994,0.7142494,0.064122245,0.33333334,0.033046488,0.99999964,-0.04904622
POSCAR_Sc2Te2_1,Sc2Te2_1,0.015685,0.657522,0.049385868,0.33333334,0.028721092,1.999999,-0.07216904
POSCAR_Sc2Te2_1_x950,Sc2Te2_1,0.016334,0.64640373,0.04479251,0.33333334,0.028561944,1.999999,-0.07460774
POSCAR_Sc2Te2_1_x975,Sc2Te2_1,0.039029,0.6519273,0.048103064,0.33333334,0.029709898,1.999999,-0.07434488
POSCAR_Sc2Te2_1_y050,Sc2Te2_1,0.014685,0.66889757,0.046868563,0.33333334,0.029523063,1.999999,-0.073349304
POSCAR_Sc2Te2_1_y950,Sc2Te2_1,0.016774,0.6463937,0.0447066,0.33333334,0.028581759,1.999999,-0.074611284
POSCAR_Sc2Te2_1_y975,Sc2Te2_1,0.039192,0.65192235,0.047957286,0.33333334,0.029677829,1.999999,-0.07438084
POSCAR_Sc2Te2_1_z025,Sc2Te2_1,0.021933,0.64631623,0.04657826,0.33333334,0.026804872,1.999999,-0.072861575
POSCAR_Sc2Te2_1_z050,Sc2Te2_1,0.00218,0.63522315,0.04278419,0.33333334,0.025063178,1.999999,-0.073182136
POSCAR_Se2Ti2_1,Se2Ti2_1,0.311818,0.58444184,0.044560872,0.33333334,0.024166703,1.3333329,-0.06377106
POSCAR_Se2Ti2_1_st025,Se2Ti2_1,0.194757,0.58444184,0.041743733,0.33333334,0.021484792,1.3333329,-0.07063664
POSCAR_Se2Ti2_1_st050,Se2Ti2_1,0.100333,0.58444184,0.040823195,0.33333334,0.02021498,1.3333329,-0.0706999
POSCAR_Se2Ti2_1_st950,Se2Ti2_1,0.183486,0.58444184,0.04862821,0.33333334,0.025701912,1.3333329,-0.059457917
POSCAR_Se2Ti2_1_st975,Se2Ti2_1,0.378571,0.58444184,0.04704756,0.33333334,0.025154868,1.3333329,-0.060615636
POSCAR_Se2Ti2_1_x950,Se2Ti2_1,0.375377,0.57243985,0.039767757,0.33333334,0.021076227,1.3333329,-0.061084226
POSCAR_Se2Ti2_4,Se2Ti2_4,0.79497,0.4038485,0.042924028,0.25,0.050182305,1.3333329,-0.07245454
POSCAR_Se2V2_1,Se2V2_1,0.48376,0.6842672,0.060454007,0.33333334,0.030989524,0.99999976,-0.06017076
POSCAR_Se2V2_1_st025,Se2V2_1,0.40477,0.6842672,0.06032977,0.33333334,0.031170644,0.99999976,-0.060251333
POSCAR_Se2V2_1_st050,Se2V2_1,0.313742,0.6842672,0.05995439,0.33333334,0.03128147,0.99999976,-0.059886936
POSCAR_Se2V2_1_st950,Se2V2_1,0.620299,0.6842672,0.062829405,0.33333334,0.030605188,0.99999976,-0.058406226
POSCAR_Se2V2_1_st975,Se2V2_1,0.548979,0.6842672,0.061679043,0.33333334,0.030698607,0.99999976,-0.05972563
POSCAR_Se2V2_1_x975,Se2V2_1,0.521842,0.6788987,0.05981161,0.33333334,0.03256615,0.99999976,-0.063319065
POSCAR_Se2V2_1_y025,Se2V2_1,0.457764,0.68969786,0.059885904,0.33333334,0.032587178,0.99999976,-0.06294292
POSCAR_Se2V2_1_y050,Se2V2_1,0.447925,0.69518113,0.058087043,0.33333334,0.031208368,0.99999976,-0.06168899
POSCAR_Se2V2_1_y950,Se2V2_1,0.555061,0.67360026,0.057654,0.33333334,0.031366937,0.99999976,-0.062210552
POSCAR_Se2V2_1_y975,Se2V2_1,0.521777,0.6788982,0.059791323,0.33333334,0.03254255,0.99999976,-0.06335224
POSCAR_Se2V2_1_z025,Se2V2_1,0.440108,0.67350197,0.06024405,0.33333334,0.031120423,0.99999976,-0.060350064
POSCAR_Se2V2_1_z050,Se2V2_1,0.393787,0.6628167,0.059613682,0.33333334,0.03244113,0.99999976,-0.05967034
POSCAR_Se2V2_1_z950,Se2V2_1,0.552343,0.7060008,0.06667305,0.33333334,0.032329883,0.99999976,-0.054113504
POSCAR_Se2V2_1_z975,Se2V2_1,0.52079,0.69510347,0.062434375,0.33333334,0.031090984,0.99999976,-0.058304094
POSCAR_Te2V2_1,Te2V2_1,0.324742,0.7091998,0.06454332,0.33333334,0.030845832,0.99999976,-0.056379374
POSCAR_Te2V2_1_st025,Te2V2_1,0.275048,0.7091998,0.064310946,0.33333334,0.030868117,0.99999976,-0.053331003
POSCAR_Te2V2_1_st050,Te2V2_1,0.252865,0.7091998,0.06293935,0.33333334,0.03053562,0.99999976,-0.049095206
POSCAR_Te2V2_1_st950,Te2V2_1,0.539842,0.7091998,0.06319831,0.33333334,0.029561553,0.99999976,-0.06224539
POSCAR_Te2V2_1_st975,Te2V2_1,0.406371,0.7091998,0.06291308,0.33333334,0.029644039,0.99999976,-0.06228721
POSCAR_Te2V2_1_x025,Te2V2_1,0.324768,0.7143852,0.065430455,0.33333334,0.0313542,0.99999976,-0.055409674
POSCAR_Te2V2_1_x050,Te2V2_1,0.321039,0.719625,0.06478399,0.33333334,0.030584408,0.99999976,-0.055442363
POSCAR_Te2V2_1_x950,Te2V2_1,0.449707,0.6990287,0.059716813,0.33333334,0.029419376,0.99999976,-0.0626172
POSCAR_Te2V2_1_x975,Te2V2_1,0.371775,0.7040778,0.062460504,0.33333334,0.030768475,0.99999976,-0.05979865
POSCAR_Te2V2_1_y025,Te2V2_1,0.325107,0.71438646,0.06542394,0.33333334,0.031339675,0.99999976,-0.05542995
POSCAR_Te2V2_1_y050,Te2V2_1,0.321422,0.7196275,0.064759955,0.33333334,0.030560194,0.99999976,-0.055441678
POSCAR_Te2V2_1_y950,Te2V2_1,0.449801,0.6990263,0.059733007,0.33333334,0.029420108,0.99999976,-0.06266352
POSCAR_Te4Ti2_1,Te4Ti2_1,0.050102,0.008085301,-0.12699553,0.13504896,0.002681111,1.3333329,-0.03253451
POSCAR_Te4Ti2_1_st025,Te4Ti2_1,0.041442,0.008085301,-0.12627594,0.13504896,0.0026909583,1.3333329,-0.032461375
POSCAR_Te4Ti2_1_st050,Te4Ti2_1,0.033743,0.008085301,-0.12558264,0.13504896,0.0026802248,1.3333329,-0.032416735
POSCAR_Te4Ti2_1_st950,Te4Ti2_1,0.025488,0.008085301,-0.12814242,0.13504896,0.0027102304,1.3333329,-0.032448787
POSCAR_Te4V2_1,Te4V2_1,0.320503,0.5584417,0.05011355,0.16143514,0.004366844,0.99999976,-0.04795497
POSCAR_Te4V2_1_st025,Te4V2_1,0.254652,0.5584417,0.049727935,0.16143514,0.004750175,0.99999976,-0.04734486
POSCAR_Te4V2_1_st050,Te4V2_1,0.219358,0.5584417,0.048515122,0.16143514,0.0047276323,0.99999976,-0.049756385
POSCAR_Te4V2_1_st950,Te4V2_1,0.359068,0.5584417,0.050981257,0.16143514,0.0042821066,0.99999976,-0.048667103
POSCAR_Te4V2_1_st975,Te4V2_1,0.329458,0.5584417,0.050687224,0.16143514,0.0042996462,0.99999976,-0.048016403
POSCAR_Tl2Zr2_1,Tl2Zr2_1,0.208771,0.42659843,0.03203573,0.33333334,0.016264023,0.33333322,0.003706633
POSCAR_Tl2Zr2_1_st050,Tl2Zr2_1,0.13405,0.42659843,0.03254273,0.33333334,0.017267859,0.33333322,0.0050478936
