filename,parent,sse,d_CC_1,d_MM_1,mpf,msbi,pd_ratio,dimension
POSCAR_Ag2F6_3,Ag2F6_3,0.042023,3.98477059158997,3.98477059158997,0.0890386474700971,0.1704576407432547,0.499999950000005,3
POSCAR_Ag2F6_3_st950,Ag2F6_3,0.036292,3.7855320620104864,3.7855320620104864,0.0890386474700971,0.1704576407432547,0.499999950000005,3
POSCAR_Ag2F6_3_st975,Ag2F6_3,0.03876,3.885151326800236,3.885151326800236,0.0890386474700971,0.170457640743255,0.499999950000005,3
POSCAR_Ag2F6_3_x950,Ag2F6_3,0.003334,3.9558309511533474,3.9558309511533474,0.0890386474700971,0.1676052158490165,0.499999950000005,3
POSCAR_Ag2F6_3_y950,Ag2F6_3,0.005466,3.887439681045063,3.887439681045063,0.0890386474700971,0.1714648121575116,0.499999950000005,3
POSCAR_Ag2F6_3_y975,Ag2F6_3,0.00841,3.93577118786929,3.93577118786929,0.0890386474700971,0.1709682191393949,0.499999950000005,3
POSCAR_Ag2F6_3_z025,Ag2F6_3,0.077982,4.034489554332996,4.034489554332996,0.0890386474700971,0.1695260098610145,0.499999950000005,3
POSCAR_Ag2F6_3_z950,Ag2F6_3,0.015396,3.887290801901064,3.887290801901064,0.0890386474700971,0.1722803388980187,0.499999950000005,3
POSCAR_Ag2F6_3_z975,Ag2F6_3,0.064037,3.935696203426519,3.935696203426519,0.0890386474700971,0.1713763452619615,0.499999950000005,3
POSCAR_Al10Fe2_1,Al10Fe2_1,0.042896,6.054099737767579,4.051378558691246,0.2730553927453741,8.702782981970793e-06,0.1428571224489825,3
POSCAR_Al10Fe2_1_st950,Al10Fe2_1,0.019014,5.751394750879215,3.8488096307566826,0.2730553927453739,8.702782981968506e-06,0.1428571224489825,3
POSCAR_Al10Fe2_1_st975,Al10Fe2_1,0.042746,5.902747244323405,3.9500940947239647,0.2730553927453737,8.702782981968316e-06,0.1428571224489825,3
POSCAR_Al10Fe2_1_x025,Al10Fe2_1,0.021152,6.055529082669246,4.096307247278491,0.2730553927453742,8.666594676914059e-06,0.1428571224489825,3
POSCAR_Al10Fe2_1_x975,Al10Fe2_1,0.047069,6.0291262209166,3.950094094759151,0.2730553927453741,8.739863478396568e-06,0.1428571224489825,3
POSCAR_Al10Fe2_1_y975,Al10Fe2_1,0.033551,6.030040556608535,3.993899566112365,0.2730553927453742,8.840430628132347e-06,0.1428571224489825,3
POSCAR_Al10Fe2_1_z050,Al10Fe2_1,0.021833,6.307909880650923,4.051378558634946,0.2730553927453741,9.047711983287633e-06,0.1428571224489825,3
POSCAR_Al2Fe2_2,Al2Fe2_2,0.082671,2.8255991389549844,2.8255991389549844,0.5000000000000001,0.0014800074848314,0.1428571224489825,3
POSCAR_Al2Fe2_2_st025,Al2Fe2_2,0.013031,2.896239117428847,2.896239117428847,0.4999999999999999,0.0014800074848389,0.1428571224489825,3
POSCAR_Al2Fe2_2_st950,Al2Fe2_2,0.013366,2.684319182007224,2.684319182007224,0.5000000000000001,0.001480007484839,0.1428571224489825,3
POSCAR_Al2Fe2_2_x025,Al2Fe2_2,0.027716,2.8369430426832745,2.8369430426832745,0.5000000000000001,0.0014921911128115,0.1428571224489825,3
POSCAR_Al2Fe2_2_x050,Al2Fe2_2,0.007001,2.8371655686479405,2.8371655686479405,0.5000000000000001,0.0015041724674566,0.1428571224489825,3
POSCAR_Al2Fe2_2_x950,Al2Fe2_2,0.010943,2.750178359164253,2.750178359164253,0.2517209749275415,0.0020400558860151,0.1428571224489825,3
POSCAR_Al2Fe2_2_x975,Al2Fe2_2,0.031944,2.7877308549679305,2.7877308549679305,0.5000000000000001,0.001467622194453,0.1428571224489825,3
POSCAR_Al2Fe2_2_y025,Al2Fe2_2,0.014834,2.826939043170166,2.826939043170166,0.5000000000000001,0.0014717665615823,0.1428571224489825,3
POSCAR_Al2Fe2_2_y950,Al2Fe2_2,0.005462,2.789473044856618,2.789473044856618,0.5,0.0014961001289996,0.1428571224489825,3
POSCAR_Al2Fe2_2_z050,Al2Fe2_2,0.017962,2.8893746509648905,2.8893746509648905,0.5000000000000001,0.0014712662866381,0.1428571224489825,3
POSCAR_Al2Fe2_2_z950,Al2Fe2_2,0.00829,2.7123239382716515,2.7123239382716515,0.5,0.0014876377264195,0.1428571224489825,3
POSCAR_Al2Fe2_2_z975,Al2Fe2_2,0.006618,2.768789244466872,2.768789244466872,0.5000000000000001,0.0014839696873771,0.1428571224489825,3
POSCAR_Al2Mn2_2,Al2Mn2_2,0.011028,3.134982287301256,3.134982287301256,0.5000000000000001,1.5641076366869837e-06,0.1666666388888935,3
POSCAR_Al2Mn2_2_st950,Al2Mn2_2,0.011499,2.978233172936194,2.978233172936194,0.5000000000000001,1.56410763668655e-06,0.1666666388888935,3
POSCAR_Al2Mn2_2_st975,Al2Mn2_2,0.011657,3.0566077301187247,3.0566077301187247,0.4999999999999999,1.5641076366874072e-06,0.1666666388888935,3
POSCAR_Al2Mn2_2_x025,Al2Mn2_2,0.00999,3.1349822872509114,3.1349822872509114,0.4999999999999999,1.539660463392107e-06,0.1666666388888935,3
POSCAR_Al2Mn2_2_x050,Al2Mn2_2,0.010084,3.134982287211868,3.134982287211868,0.5000000000000001,1.5154550289542509e-06,0.1666666388888935,3
POSCAR_Al2Mn2_2_y025,Al2Mn2_2,0.009996,3.1349822873105,3.1349822873105,0.5000000000000001,1.539026167686092e-06,0.1666666388888935,3
POSCAR_Al2Mn2_2_y050,Al2Mn2_2,0.01009,3.134982287329551,3.134982287329551,0.5000000000000001,1.5141927196438217e-06,0.1666666388888935,3
POSCAR_Al2Mn2_2_z025,Al2Mn2_2,0.010663,3.213356844526717,3.213356844526717,0.5000000000000003,1.6136911604829388e-06,0.1666666388888935,3
POSCAR_Al2Mn2_2_z050,Al2Mn2_2,0.009765,3.291731401713573,3.242718771321642,0.5000000000000002,1.662892762931446e-06,0.1666666388888935,3
POSCAR_Al2Mn2_2_z950,Al2Mn2_2,0.010735,2.9782331728778444,2.9782331728778444,0.5,1.4639639616653303e-06,0.1666666388888935,3
POSCAR_Al2Mn2_2_z975,Al2Mn2_2,0.010537,3.056607730108694,3.056607730108694,0.5000000000000001,1.5141835856283975e-06,0.1666666388888935,3
POSCAR_Al3Fe2_2,Al3Fe2_2,0.013452,2.4834581377373945,2.4834581377373945,0.3946569700348506,0.0015788321718256,0.1428571224489825,3
POSCAR_Al3Fe2_2_st975,Al3Fe2_2,0.01104,2.4213716842939546,2.4213716842939546,0.39465697003485,0.0015788321718198,0.1428571224489825,3
POSCAR_Al3Fe2_2_x025,Al3Fe2_2,0.008255,2.483458219869988,2.483458219869988,0.3946569700348507,0.0015640862384864,0.1428571224489825,3
POSCAR_Al3Fe2_2_x050,Al3Fe2_2,0.007952,2.4834583044818395,2.4834583044818395,0.3946569700348506,0.0015498447463983,0.1428571224489825,3
POSCAR_Al3Fe2_2_x950,Al3Fe2_2,0.009013,2.4834579809960786,2.4834579809960786,0.3946569700348506,0.0016066728925849,0.1428571224489825,3
POSCAR_Al3Fe2_2_x975,Al3Fe2_2,0.008457,2.4834580581270784,2.4834580581270784,0.3946569700348507,0.0015940826744197,0.1428571224489825,3
POSCAR_Al3Fe2_2_y025,Al3Fe2_2,0.011615,2.5455843563693823,2.5455843563693823,0.3946569700348507,0.0015635945401049,0.1428571224489825,3
POSCAR_Al3Fe2_2_y050,Al3Fe2_2,0.010364,2.6077105769555384,2.6077105769555384,0.3946569700348507,0.0015488561083428,0.1428571224489825,3
POSCAR_Al3Fe2_2_y975,Al3Fe2_2,0.010483,2.421331921179612,2.421331921179612,0.3946569700348507,0.0015945607918441,0.1428571224489825,3
POSCAR_Al3Fe2_2_z025,Al3Fe2_2,0.007795,2.4834182934884548,2.4834182934884548,0.3946569700348507,0.0016096023454366,0.1428571224489825,3
POSCAR_Al3Fe2_2_z050,Al3Fe2_2,0.013742,2.48337845079314,2.48337845079314,0.3946569700348507,0.0016390024531773,0.1428571224489825,3
POSCAR_Al3Fe2_2_z950,Al3Fe2_2,0.00858,2.483537830982129,2.483537830982129,0.3946569700348507,0.0015191912347792,0.1428571224489825,3
POSCAR_Al3Fe2_2_z975,Al3Fe2_2,0.008667,2.483497983583041,2.483497983583041,0.3946569700348506,0.00154866533577,0.1428571224489825,3
POSCAR_Al5Mn2_1,Al5Mn2_1,0.015454,3.2416731088885187,3.2416731088885187,0.2870373401774825,2.986659483628469e-05,0.1666666388888935,3
POSCAR_Al5Mn2_1_st025,Al5Mn2_1,0.013926,3.3227149366107307,3.3227149366107307,0.2870373401774824,2.986659483628436e-05,0.1666666388888935,3
POSCAR_Al5Mn2_1_st050,Al5Mn2_1,0.015113,3.4037567643329445,3.4037567643329445,0.2870373401774824,2.986659483628401e-05,0.1666666388888935,3
POSCAR_Al5Mn2_1_st975,Al5Mn2_1,0.015802,3.1606312811663058,3.1606312811663058,0.2870373401774823,2.9866594836284e-05,0.1666666388888935,3
POSCAR_Al5Mn2_1_x025,Al5Mn2_1,0.015286,3.250552838933031,3.250552838933031,0.2870373401774824,2.9346429396178224e-05,0.1666666388888935,3
POSCAR_Al5Mn2_1_x050,Al5Mn2_1,0.015588,3.2516494756304817,3.2516494756304817,0.2870373401774824,2.883815642002117e-05,0.1666666388888935,3
POSCAR_Al5Mn2_1_x950,Al5Mn2_1,0.014834,3.152014788804524,3.152014788804524,0.2870373401774823,3.094199772220422e-05,0.1666666388888935,3
POSCAR_Al5Mn2_1_x975,Al5Mn2_1,0.014906,3.196939352609185,3.196939352609185,0.2870373401774824,3.039851774252367e-05,0.1666666388888935,3
POSCAR_Al5Mn2_1_y025,Al5Mn2_1,0.015101,3.24256355758094,3.24256355758094,0.2870373401774824,3.002534145701556e-05,0.1666666388888935,3
POSCAR_Al5Mn2_1_y050,Al5Mn2_1,0.015316,3.24265531301424,3.24265531301424,0.2870373401774824,3.0187859204005816e-05,0.1666666388888935,3
POSCAR_Al5Mn2_1_y950,Al5Mn2_1,0.014216,3.11464575622011,3.11464575622011,0.2870373401774824,2.9562902576592783e-05,0.1666666388888935,3
POSCAR_Al5Mn2_1_y975,Al5Mn2_1,0.01486,3.1816255322823315,3.1816255322823315,0.2870373401774823,2.9712229075070025e-05,0.1666666388888935,3
POSCAR_Al5Mn2_1_z025,Al5Mn2_1,0.01486,3.262508819681506,3.262508819681506,0.2870373401774824,3.0237314056260045e-05,0.1666666388888935,3
POSCAR_Al5Mn2_1_z050,Al5Mn2_1,0.014306,3.27556203773241,3.27556203773241,0.2870373401774824,3.061039660241903e-05,0.1666666388888935,3
POSCAR_Al5Mn2_1_z975,Al5Mn2_1,0.015625,3.2067439285075587,3.2067439285075587,0.2870373401774824,2.949862807760588e-05,0.1666666388888935,3
POSCAR_As1V2_1,As1V2_1,0.010596,2.826201531867102,2.826201531867102,0.3550732241674879,0.0020249559135061,0.7499998125000469,2
POSCAR_As1V2_1_st050,As1V2_1,0.011958,2.9675116084604607,2.9675116084604607,0.5,0.0020249559135113,0.7499998125000469,2
POSCAR_As1V2_1_x025,As1V2_1,0.006343,2.837769872694673,2.837769872694673,0.4999999999999999,0.0020056148123723,0.7499998125000469,2
POSCAR_As1V2_1_x050,As1V2_1,0.005809,2.848976184595464,2.848976184595464,0.5,0.0019867053813029,0.7499998125000469,2
POSCAR_As1V2_1_x950,As1V2_1,0.005735,2.752404201321988,2.752404201321988,0.5,0.0020648939703008,0.7499998125000469,2
POSCAR_As1V2_1_x975,As1V2_1,0.006191,2.7887998476500675,2.7887998476500675,0.355073224164874,0.0020447194884877,0.7499998125000469,2
POSCAR_As1V2_1_y025,As1V2_1,0.006241,2.8375993797657544,2.8375993797657544,0.5000000000000003,0.0020294069823813,0.7499998125000469,2
POSCAR_As1V2_1_y050,As1V2_1,0.005902,2.84911402705175,2.84911402705175,0.3519674163755247,0.0020335311986079,0.7499998125000469,2
POSCAR_As1V2_1_y950,As1V2_1,0.006592,2.751235853226922,2.751235853226922,0.5000000000000001,0.0020149831615533,0.7499998125000469,2
POSCAR_As1V2_1_y975,As1V2_1,0.005919,2.7884499363200743,2.7884499363200743,0.3519674163731144,0.0020201556802379,0.7499998125000469,2
POSCAR_As1V2_1_z025,As1V2_1,0.005736,2.8479384755934896,2.8479384755934896,0.3433828452410362,0.002039921267181,0.7499998125000469,2
POSCAR_As1V2_1_z050,As1V2_1,0.006135,2.8698849752789,2.8698849752789,0.3352070632110194,0.0020549308287745,0.7499998125000469,2
POSCAR_As1V2_1_z950,As1V2_1,0.006102,2.7116828470434307,2.7116828470434307,0.1666666666666666,0.0014712558247998,0.7499998125000469,3
POSCAR_As1V2_1_z975,As1V2_1,0.006598,2.791147783583419,2.791147783583419,0.4999999999999998,0.0020100680919285,0.7499998125000469,2
POSCAR_As2Cr2_1,As2Cr2_1,0.740445,4.170863954365909,3.114746388579818,0.25,0.3944287149528502,0.599999880000024,3
POSCAR_As2Cr2_1_st025,As2Cr2_1,0.748907,4.275135553225036,3.192615048294313,0.25,0.3944287149528513,0.599999880000024,3
POSCAR_As2Cr2_1_st950,As2Cr2_1,0.779899,3.962320756647596,2.959009069150828,0.25,0.3944287149528513,0.599999880000024,3
POSCAR_As2Cr2_1_st975,As2Cr2_1,0.709517,4.066592355506741,3.0368777288653224,0.25,0.3944287149528513,0.599999880000024,3
POSCAR_As2Cr2_1_z025,As2Cr2_1,0.688894,4.268526132739935,3.114746388592282,0.2499999999999999,0.3922180240533093,0.599999880000024,3
POSCAR_As2Cr2_1_z050,As2Cr2_1,0.670694,4.361861591349202,3.114746388592282,0.2499999999999998,0.3899472511716264,0.599999880000024,3
POSCAR_As2Cr2_1_z950,As2Cr2_1,0.868294,3.976031782665405,3.1147463885922826,0.2499999999999999,0.3986513992069236,0.599999880000024,3
POSCAR_As2Cr2_1_z975,As2Cr2_1,0.805968,4.073361910752075,3.1147463885922826,0.2499999999999999,0.3965747090893971,0.599999880000024,3
POSCAR_As2Cr2_4,As2Cr2_4,0.014335,4.765279785290642,3.060692458020663,0.2499999999999999,0.0015399285254997,0.599999880000024,3
POSCAR_As2Cr2_4_st025,As2Cr2_4,0.013762,4.884411779922864,3.13720976947118,0.2499999999999999,0.0015399285254993,0.599999880000024,3
POSCAR_As2Cr2_4_st050,As2Cr2_4,0.012103,5.003543774555131,3.213727080921696,0.25,0.0015399285254994,0.599999880000024,3
POSCAR_As2Cr2_4_st950,As2Cr2_4,0.018884,4.52701579602607,2.9076578351196303,0.2499999999999999,0.0015399285254994,0.599999880000024,3
POSCAR_As2Cr2_4_st975,As2Cr2_4,0.015725,4.646147790658334,2.9841751465701463,0.25,0.0015399285254994,0.599999880000024,3
POSCAR_As2Cr2_4_x025,As2Cr2_4,0.016136,4.765283439522617,3.060692457965378,0.2499999999999999,0.0015498452236985,0.599999880000024,3
POSCAR_As2Cr2_4_x050,As2Cr2_4,0.013975,4.765052205280198,3.060692457965378,0.25,0.0015600329932669,0.599999880000024,3
POSCAR_As2Cr2_4_x950,As2Cr2_4,0.017682,4.751630843352817,2.9080088081980784,0.2499999999999999,0.0015209695457306,0.599999880000024,3
POSCAR_As2Cr2_4_x975,As2Cr2_4,0.017416,4.75840562460972,2.984535355821671,0.2499999999999999,0.001530298084254,0.599999880000024,3
POSCAR_As2Cr2_4_y025,As2Cr2_4,0.014218,4.773968030329017,3.061061903345337,0.2499999999999999,0.0015635573019436,0.599999880000024,3
POSCAR_As2Cr2_4_y050,As2Cr2_4,0.014009,4.782791254381033,3.061061903345337,0.2499999999999999,0.0015876492124862,0.599999880000024,3
POSCAR_As2Cr2_4_y950,As2Cr2_4,0.017292,4.734650049932811,2.90765783515888,0.2499999999999999,0.0014941890923457,0.599999880000024,3
POSCAR_As2Cr2_4_y975,As2Cr2_4,0.01333,4.749902463212015,2.984175146587122,0.2499999999999999,0.0015167949580857,0.599999880000024,3
POSCAR_As2Cr2_4_z025,As2Cr2_4,0.01425,4.869032981820017,3.060692457965378,0.25,0.0015072983900488,0.599999880000024,3
POSCAR_As2Cr2_4_z050,As2Cr2_4,0.015783,4.973103198838879,3.060692457965378,0.25,0.001475713714721,0.599999880000024,3
POSCAR_As2Cr2_4_z975,As2Cr2_4,0.01708,4.661864775799922,3.060692457965378,0.25,0.001573633319642,0.599999880000024,3
POSCAR_As2Mo2_1,As2Mo2_1,0.787982,3.304634428980127,3.304634428980127,0.25,0.4084068759993272,0.599999880000024,3
POSCAR_As2Mo2_1_st025,As2Mo2_1,0.793091,3.387250289704628,3.387250289704628,0.25,0.4084068759993272,0.599999880000024,3
POSCAR_As2Mo2_1_st050,As2Mo2_1,1.034625,3.4698661504291324,3.4698661504291324,0.25,0.4084068759993272,0.599999880000024,3
POSCAR_As2Mo2_1_st950,As2Mo2_1,0.91958,3.139402707531119,3.139402707531119,0.2499999999999999,0.4084068759993273,0.599999880000024,3
POSCAR_As2Mo2_1_st975,As2Mo2_1,0.851399,3.222018568255623,3.222018568255623,0.25,0.4084068759993272,0.599999880000024,3
POSCAR_As2Mo2_1_z025,As2Mo2_1,0.825663,3.3505838534937538,3.3505838534937538,0.25,0.4080371893271742,0.599999880000024,3
POSCAR_As2Mo2_1_z050,As2Mo2_1,0.85641,3.3976193848781167,3.3976193848781167,0.2499999999999999,0.4076436995987472,0.599999880000024,3
POSCAR_As2Mo2_1_z950,As2Mo2_1,0.765184,3.1647953684106,3.1647953684106,0.2499999999999999,0.409079783481764,0.599999880000024,3
POSCAR_As2Mo2_1_z975,As2Mo2_1,0.865291,3.2345851360848368,3.2345851360848368,0.25,0.4087539591535322,0.599999880000024,3
POSCAR_As2Mo2_3,As2Mo2_3,0.669785,3.339091232457581,3.339091232457581,0.3333333333333333,0.5948024975682373,0.599999880000024,3
POSCAR_As2Mo2_3_st975,As2Mo2_3,0.083541,3.2556139516461418,3.2556139516461418,0.3333333333333333,0.5948024975682373,0.599999880000024,3
POSCAR_As2Mo2_3_x950,As2Mo2_3,0.750309,3.339091232129728,3.327827227512405,0.3333333333333331,0.5828958278179659,0.599999880000024,3
POSCAR_As2Mo2_3_x975,As2Mo2_3,0.77387,3.339091232301512,3.339091232301512,0.3333333333333333,0.5888117928284783,0.599999880000024,3
POSCAR_As2Mo2_3_y975,As2Mo2_3,0.7735,3.3390912324521502,3.3390912324521502,0.3333333333333334,0.5888109800729538,0.599999880000024,3
POSCAR_As2Mo2_4,As2Mo2_4,0.013832,3.083937865684994,3.083937865684994,0.3333333333333334,0.0010658331742363,0.599999880000024,3
POSCAR_As2Mo2_4_st025,As2Mo2_4,0.012847,3.1610363123271057,3.1610363123271057,0.3333333333333334,0.0010658331742356,0.599999880000024,3
POSCAR_As2Mo2_4_st050,As2Mo2_4,0.015537,3.23813475896923,3.23813475896923,0.3333333333333333,0.0010658331742356,0.599999880000024,3
POSCAR_As2Mo2_4_st975,As2Mo2_4,0.014885,3.006839419042856,3.006839419042856,0.3333333333333333,0.0010658331742357,0.599999880000024,3
POSCAR_As2Mo2_4_x025,As2Mo2_4,0.014758,3.1075169736572583,3.1075169736572583,0.3333333333333333,0.0010523763503119,0.599999880000024,3
POSCAR_As2Mo2_4_y025,As2Mo2_4,0.013445,3.1080679871113817,3.1080679871113817,0.3333333333333332,0.0010517464210818,0.599999880000024,3
POSCAR_As2Mo2_4_z050,As2Mo2_4,0.013309,3.144426771118921,3.144426771118921,0.5469654320599328,0.0015297890210386,0.599999880000024,2
POSCAR_As2Mo2_4_z950,As2Mo2_4,0.013513,3.0252780213092665,3.0252780213092665,0.3333333333333332,0.0010098473855105,0.599999880000024,3
POSCAR_As2Mo2_4_z975,As2Mo2_4,0.013802,3.0543726474674835,3.0543726474674835,0.3333333333333332,0.0010380217449321,0.599999880000024,3
POSCAR_As2Nb2_2,As2Nb2_2,0.014892,3.549709831847792,3.4263075196004174,0.3333333333333333,0.5555145897890197,0.7499998125000469,3
POSCAR_As2Nb2_2_y025,As2Nb2_2,0.005726,3.549709831872602,3.4263075195682973,0.3333333333333331,0.5617436755808288,0.7499998125000469,3
POSCAR_As2Ni2_1,As2Ni2_1,0.039255,2.553287746040754,2.553287746040754,0.3333333333333333,0.7224367652800988,0.3333332962963004,3
POSCAR_As2Ni2_1_x025,As2Ni2_1,0.006353,2.553287746035088,2.553287746035088,0.3333333333333332,0.7274805048065933,0.3333332962963004,3
POSCAR_As2Ni2_1_x050,As2Ni2_1,0.006627,2.553287746035103,2.553287746035103,0.3333333333333333,0.7325796845901469,0.3333332962963004,3
POSCAR_As2Ni2_1_y025,As2Ni2_1,0.00749,2.553287746631485,2.553287746631485,0.3333333333333333,0.7274805825614166,0.3333332962963004,3
POSCAR_As2Ni2_1_y050,As2Ni2_1,0.007334,2.5532877472343936,2.5532877472343936,0.3333333333333333,0.7325798190962317,0.3333332962963004,3
POSCAR_As2Ni2_1_z050,As2Ni2_1,0.015835,2.6809521321552494,2.6809521321552494,0.3333333333333334,0.7024518486276774,0.3333332962963004,3
POSCAR_As2Ru2_2,As2Ru2_2,0.418411,3.0646792565053764,3.0646792565053764,0.3333333333333333,0.6384429960153447,0.4285713673469475,3
POSCAR_As2Ru2_2_st025,As2Ru2_2,0.466105,3.1412962379180125,3.1412962379180125,0.3333333333333333,0.6384429960153448,0.4285713673469475,3
POSCAR_As2Ru2_2_st050,As2Ru2_2,0.453433,3.217913219330648,3.217913219330648,0.3333333333333332,0.6384429960153446,0.4285713673469475,3
POSCAR_As2Ru2_2_st950,As2Ru2_2,0.498606,2.9114452936801096,2.9114452936801096,0.3333333333333334,0.6384429960153444,0.4285713673469475,3
POSCAR_As2Ru2_2_st975,As2Ru2_2,0.454282,2.988062275092745,2.988062275092745,0.3333333333333333,0.6384429960153448,0.4285713673469475,3
POSCAR_As2Ru2_2_x950,As2Ru2_2,0.512908,3.0646792565510848,3.0646792565510848,0.3333333333333333,0.6269342219610243,0.4285713673469475,3
POSCAR_As2Ru2_2_x975,As2Ru2_2,0.448862,3.0646792565330725,3.0646792565330725,0.3333333333333333,0.6326529515450044,0.4285713673469475,3
POSCAR_As2Ru2_2_y950,As2Ru2_2,0.531928,3.064679254128474,3.064679254128474,0.3333333333333333,0.6271462735033657,0.4285713673469475,3
POSCAR_As2Ru2_2_y975,As2Ru2_2,0.472193,3.064679255321702,3.064679255321702,0.3333333333333334,0.6327573626938501,0.4285713673469475,3
POSCAR_As2Ru2_2_z025,As2Ru2_2,0.414503,3.1412962367612423,3.1412962367612423,0.3333333333333333,0.626966539065588,0.4285713673469475,3
POSCAR_As2Ru2_2_z950,As2Ru2_2,0.412548,2.911445296023272,2.911445296023272,0.3333333333333333,0.6617728488325402,0.4285713673469475,3
POSCAR_As2Ru2_2_z975,As2Ru2_2,0.418625,2.988062276269116,2.988062276269116,0.3333333333333332,0.6500481544670698,0.4285713673469475,3
POSCAR_As2V2_1,As2V2_1,0.656042,3.008388538806123,3.008388538806123,0.3333333333333334,0.6797455454831156,0.7499998125000469,3
POSCAR_As2V2_1_st025,As2V2_1,0.663176,3.0835982522762864,3.0835982522762864,0.3333333333333333,0.6797455454831155,0.7499998125000469,3
POSCAR_As2V2_1_st050,As2V2_1,0.646659,3.15880796574644,3.15880796574644,0.3333333333333333,0.6797455454831157,0.7499998125000469,3
POSCAR_As2V2_1_st950,As2V2_1,0.603654,2.8579691118658266,2.8579691118658266,0.3333333333333332,0.6797455454831156,0.7499998125000469,3
POSCAR_As2V2_1_st975,As2V2_1,0.692128,2.9331788253359785,2.9331788253359785,0.3333333333333334,0.6797455454831155,0.7499998125000469,3
POSCAR_As2V2_1_x025,As2V2_1,0.671571,3.008388538788326,3.008388538788326,0.3333333333333333,0.684743295479994,0.7499998125000469,3
POSCAR_As2V2_1_x050,As2V2_1,0.641712,3.008388538792514,3.008388538792514,0.3333333333333333,0.6898016476555066,0.7499998125000469,3
POSCAR_As2V2_1_x950,As2V2_1,0.664676,3.008388538775768,3.008388538775768,0.3333333333333333,0.6699636864071983,0.7499998125000469,3
POSCAR_As2V2_1_x975,As2V2_1,0.658972,3.0083885387799527,3.0083885387799527,0.3333333333333333,0.6748163033249708,0.7499998125000469,3
POSCAR_As2V2_1_y025,As2V2_1,0.62144,3.008388538792329,3.008388538792329,0.3333333333333333,0.6857117683973843,0.7499998125000469,3
POSCAR_As2V2_1_y050,As2V2_1,0.566872,3.008388538800538,3.008388538800538,0.3333333333333332,0.691704313602367,0.7499998125000469,3
POSCAR_As2V2_1_y950,As2V2_1,0.569024,3.0083885387678144,3.0083885387678144,0.3333333333333333,0.6679303863610367,0.7499998125000469,3
POSCAR_As2V2_1_y975,As2V2_1,0.672284,3.008388538775967,3.008388538775967,0.3333333333333332,0.6738151079072133,0.7499998125000469,3
POSCAR_As2V2_1_z025,As2V2_1,0.642444,3.083598252285113,3.083598252285113,0.3333333333333333,0.6688711380376594,0.7499998125000469,3
POSCAR_As2V2_1_z050,As2V2_1,0.68471,3.1588079657361274,3.1588079657361274,0.3333333333333333,0.6580833519505856,0.7499998125000469,3
POSCAR_As2V2_1_z950,As2V2_1,0.602593,2.85796911188218,2.85796911188218,0.3333333333333333,0.7017173798564605,0.7499998125000469,3
POSCAR_As2V2_1_z975,As2V2_1,0.661991,2.933178825333149,2.933178825333149,0.3333333333333333,0.6906975608087209,0.7499998125000469,3
POSCAR_As2V2_2,As2V2_2,0.82987,3.4670585682674444,3.4670585682674444,0.2499999999999999,0.4051240241146671,0.7499998125000469,3
POSCAR_As2V2_2_st025,As2V2_2,0.811532,3.553735032474129,3.553735032474129,0.25,0.4051240241146672,0.7499998125000469,3
POSCAR_As2V2_2_st050,As2V2_2,0.828835,3.640411496680816,3.640411496680816,0.25,0.4051240241146672,0.7499998125000469,3
POSCAR_As2V2_2_st950,As2V2_2,1.141372,3.293705639854071,3.293705639854071,0.25,0.4051240241146672,0.7499998125000469,3
POSCAR_As2V2_2_st975,As2V2_2,0.899129,3.380382104060757,3.380382104060757,0.2499999999999999,0.4051240241146671,0.7499998125000469,3
POSCAR_As2V2_2_z025,As2V2_2,0.73057,3.523819870434337,3.508465653721857,0.2499999999999999,0.4044879211557087,0.7499998125000469,3
POSCAR_As2V2_2_z050,As2V2_2,0.765801,3.578833423465721,3.5084656537218564,0.2499999999999999,0.4038185551010086,0.7499998125000469,3
POSCAR_As2V2_2_z950,As2V2_2,1.054532,3.316247279827788,3.316247279827788,0.25,0.4062992868338074,0.7499998125000469,3
POSCAR_As2V2_2_z975,As2V2_2,0.95361,3.3915240243865807,3.3915240243865807,0.2499999999999999,0.4057275320384928,0.7499998125000469,3
POSCAR_As4Cr2_1,As4Cr2_1,0.333181,4.646965263049616,3.009728844548027,0.1981442606395011,0.4284954525686936,0.599999880000024,3
POSCAR_As4Cr2_1_st025,As4Cr2_1,0.334313,4.763139394625845,3.084972065661728,0.1981442606395011,0.4284954525686907,0.599999880000024,3
POSCAR_As4Cr2_1_st050,As4Cr2_1,0.392161,4.879313526202086,3.1602152867754283,0.1981442606395012,0.4284954525686903,0.599999880000024,3
POSCAR_As4Cr2_1_st950,As4Cr2_1,0.453544,4.414616999897125,2.8592424023206253,0.1981442606395011,0.4284954525686906,0.599999880000024,3
POSCAR_As4Cr2_1_st975,As4Cr2_1,0.353122,4.530791131473365,2.934485623434326,0.1981442606395012,0.4284954525686905,0.599999880000024,3
POSCAR_As4Cr2_1_x025,As4Cr2_1,0.328265,4.659282354593453,3.0849720656841733,0.198144260639501,0.4238649777022562,0.599999880000024,3
POSCAR_As4Cr2_1_x050,As4Cr2_1,0.339924,4.671869883909904,3.16021528681794,0.198144260639501,0.4192351153852782,0.599999880000024,3
POSCAR_As4Cr2_1_x950,As4Cr2_1,0.366618,4.623150991970935,2.8592424022828977,0.1981442606395011,0.4377420991983691,0.599999880000024,3
POSCAR_As4Cr2_1_x975,As4Cr2_1,0.351546,4.634920765310294,2.9344856234166583,0.1981442606395011,0.433122556883514,0.599999880000024,3
POSCAR_As4Cr2_1_y025,As4Cr2_1,0.328938,4.692116525797673,3.009728844550426,0.198144260639501,0.4269369595795835,0.599999880000024,3
POSCAR_As4Cr2_1_y050,As4Cr2_1,0.329224,4.737936420255687,3.0097288445504256,0.1981442606395011,0.4254300738014137,0.599999880000024,3
POSCAR_As4Cr2_1_y950,As4Cr2_1,0.350698,4.55874780700686,3.009728844550426,0.198144260639501,0.43176933252438,0.599999880000024,3
POSCAR_As4Cr2_1_y975,As4Cr2_1,0.339696,4.602502310118898,3.009728844550426,0.198144260639501,0.4301061115767585,0.599999880000024,3
POSCAR_As4Cr2_1_z025,As4Cr2_1,0.321711,4.706506214277543,3.009728844550426,0.1981442606395011,0.4347098077821884,0.599999880000024,3
POSCAR_As4Cr2_1_z050,As4Cr2_1,0.32385,4.766746000424843,3.009728844550426,0.1981442606395011,0.4409215170300674,0.599999880000024,3
POSCAR_As4Cr2_1_z950,As4Cr2_1,0.405449,4.530089764338494,3.0097288445504256,0.198144260639501,0.416080008125989,0.599999880000024,3
POSCAR_As4Cr2_1_z975,As4Cr2_1,0.337858,4.588150353360558,3.009728844550426,0.198144260639501,0.4222836689364661,0.599999880000024,3
POSCAR_As4Fe2_1,As4Fe2_1,0.90515,4.49143571813353,2.995572339268065,0.1936141546360005,0.4609323683111505,0.4285713673469475,3
POSCAR_As4Fe2_1_st050,As4Fe2_1,0.728886,4.716007504040177,3.1453509562314683,0.1936141546359999,0.4609323683111549,0.4285713673469475,3
POSCAR_As4Fe2_1_st950,As4Fe2_1,0.572258,4.266863932226825,2.845793722304661,0.193614154636,0.4609323683111549,0.4285713673469475,3
POSCAR_As4Fe2_1_st975,As4Fe2_1,0.679322,4.379149825180162,2.920683030786364,0.1936141546359999,0.4609323683111551,0.4285713673469475,3
POSCAR_As4Fe2_1_x025,As4Fe2_1,0.812578,4.5040441959749735,3.07046164775257,0.1936141546360006,0.4555045029727405,0.4285713673469475,3
POSCAR_As4Fe2_1_x050,As4Fe2_1,0.867575,4.516927844770923,3.14535095619042,0.1936141546360005,0.4500897550864567,0.4285713673469475,3
POSCAR_As4Fe2_1_x950,As4Fe2_1,0.814144,4.467053544820395,2.8457937223390224,0.1936141546360006,0.4718088900626261,0.4285713673469475,3
POSCAR_As4Fe2_1_x975,As4Fe2_1,0.928886,4.479104735093118,2.920683030776872,0.1936141546360005,0.4663687827351642,0.4285713673469475,3
POSCAR_As4Fe2_1_y025,As4Fe2_1,0.805026,4.534175645258314,2.9955723393147213,0.1936141546360006,0.4606254092317934,0.4285713673469475,3
POSCAR_As4Fe2_1_y050,As4Fe2_1,0.785912,4.577557061305924,2.9955723393147213,0.1936141546360005,0.4603438986041477,0.4285713673469475,3
POSCAR_As4Fe2_1_y975,As4Fe2_1,0.936586,4.449355766137253,2.9955723393147213,0.1936141546360006,0.4612654000690568,0.4285713673469475,3
POSCAR_As4Fe2_1_z025,As4Fe2_1,0.901474,4.549184857461826,2.9955723393147213,0.1936141546360005,0.4666886482447976,0.4285713673469475,3
POSCAR_As4Fe2_1_z050,As4Fe2_1,0.857287,4.607609412299634,2.995572339314721,0.1936141546360005,0.4724483878771076,0.4285713673469475,3
POSCAR_As4Fe2_1_z950,As4Fe2_1,0.659143,4.378070284152002,2.9955723393147213,0.1936141546360006,0.4494515685809708,0.4285713673469475,3
POSCAR_As4Fe2_1_z975,As4Fe2_1,0.85141,4.434388382368335,2.9955723393147213,0.1936141546360005,0.4551848128199618,0.4285713673469475,3
POSCAR_As8Co2_1,As8Co2_1,0.288694,4.306104550181982,4.306104550181982,0.1040051991066453,0.5058526175620562,0.3749999531250059,3
POSCAR_As8Co2_1_st050,As8Co2_1,0.043281,4.521409777691075,4.521409777691075,0.104005199106645,0.505852617562058,0.3749999531250059,3
POSCAR_As8Co2_1_st975,As8Co2_1,0.112228,4.198451936427426,4.198451936427426,0.104005199106645,0.5058526175620577,0.3749999531250059,3
POSCAR_As8Co2_1_x025,As8Co2_1,0.457247,4.306103194445748,4.306103194445748,0.1040051991066453,0.5033668452034107,0.3749999531250059,3
POSCAR_As8Co2_1_x975,As8Co2_1,0.084025,4.306105905963742,4.306105905963742,0.1040051991066453,0.5083351774704679,0.3749999531250059,3
POSCAR_As8Co2_1_y950,As8Co2_1,0.019287,4.232046981130804,4.232046981130804,0.1040051991066453,0.5032085094133021,0.3749999531250059,3
POSCAR_As8Co2_1_y975,As8Co2_1,0.203653,4.268761559161182,4.268761559161182,0.1040051991066453,0.5045305622530689,0.3749999531250059,3
POSCAR_As8Co2_1_z950,As8Co2_1,0.048214,4.1673655189527805,4.1673655189527805,0.1040051991066452,0.5035100635423452,0.3749999531250059,3
POSCAR_As8Cr2_1,As8Cr2_1,0.404529,4.644286421034277,4.644286421034277,0.1132690558799755,0.3022065307921722,0.599999880000024,3
POSCAR_As8Cr2_1_st025,As8Cr2_1,0.411602,4.760393581560141,4.760393581560141,0.1132690558799759,0.3022065307921706,0.599999880000024,3
POSCAR_As8Cr2_1_st050,As8Cr2_1,0.383978,4.876500742085999,4.876500742085999,0.1132690558799759,0.3022065307921705,0.599999880000024,3
POSCAR_As8Cr2_1_st950,As8Cr2_1,0.49955,4.41207209998257,4.41207209998257,0.1132690558799759,0.3022065307921706,0.599999880000024,3
POSCAR_As8Cr2_1_st975,As8Cr2_1,0.447361,4.528179260508428,4.528179260508428,0.1132690558799759,0.3022065307921705,0.599999880000024,3
POSCAR_As8Cr2_1_x050,As8Cr2_1,0.387395,4.71117892282262,4.71117892282262,0.1132690558799755,0.311350783089115,0.599999880000024,3
POSCAR_As8Cr2_1_x950,As8Cr2_1,0.464979,4.539288973935099,4.539288973935099,0.1132690558799756,0.292849558926806,0.599999880000024,3
POSCAR_As8Cr2_1_x975,As8Cr2_1,0.433928,4.59606797924671,4.59606797924671,0.1132690558799755,0.2975535360162616,0.599999880000024,3
POSCAR_As8Cr2_1_y050,As8Cr2_1,0.4057,4.659798393994363,4.659798393994363,0.1132690558799756,0.2927746343008887,0.599999880000024,3
POSCAR_As8Cr2_1_y950,As8Cr2_1,0.415237,4.589905503972518,4.589905503972518,0.1132690558799756,0.3118102206451154,0.599999880000024,3
POSCAR_As8Cr2_1_z025,As8Cr2_1,0.422807,4.7001734214408994,4.7001734214408994,0.1132690558799755,0.3023684482318653,0.599999880000024,3
POSCAR_As8Cr2_1_z050,As8Cr2_1,0.416637,4.756761122800006,4.756761122800006,0.1132690558799756,0.302583867664278,0.599999880000024,3
POSCAR_As8Cr2_1_z950,As8Cr2_1,0.461758,4.534717826887058,4.534717826887058,0.1132690558799755,0.3020524383411332,0.599999880000024,3
POSCAR_As8Cr2_1_z975,As8Cr2_1,0.415697,4.589125721366921,4.589125721366921,0.1132690558799756,0.3021004178852077,0.599999880000024,3
POSCAR_As8Cr2_3,As8Cr2_3,0.961962,4.7967073941674165,4.7967073941674165,0.1193500832959792,0.479298730644499,0.599999880000024,3
POSCAR_As8Cr2_3_st025,As8Cr2_3,0.91593,4.916625079021611,4.916625079021611,0.119350083295979,0.4792987306444969,0.599999880000024,3
POSCAR_As8Cr2_3_st050,As8Cr2_3,0.862373,5.036542763875798,5.036542763875798,0.119350083295979,0.4792987306444971,0.599999880000024,3
POSCAR_As8Cr2_3_st950,As8Cr2_3,1.164542,4.556872024459056,4.556872024459056,0.119350083295979,0.4792987306444969,0.599999880000024,3
POSCAR_As8Cr2_3_st975,As8Cr2_3,1.113944,4.6767897093132405,4.6767897093132405,0.119350083295979,0.4792987306444969,0.599999880000024,3
POSCAR_As8Cr2_3_x025,As8Cr2_3,0.965734,4.796706486113568,4.796706486113568,0.1193500832959793,0.4768148459932144,0.599999880000024,3
POSCAR_As8Cr2_3_x050,As8Cr2_3,0.938739,4.796705578068093,4.796705578068093,0.1193500832959792,0.4743323996509476,0.599999880000024,3
POSCAR_As8Cr2_3_x950,As8Cr2_3,1.02621,4.7967092103186175,4.7967092103186175,0.1193500832959793,0.4842589752028536,0.599999880000024,3
POSCAR_As8Cr2_3_x975,As8Cr2_3,0.999812,4.79670830223883,4.79670830223883,0.1193500832959792,0.4817811455403948,0.599999880000024,3
POSCAR_As8Cr2_3_y025,As8Cr2_3,0.924351,4.8361470006302,4.8361470006302,0.1193500832959792,0.4828694443707426,0.599999880000024,3
POSCAR_As8Cr2_3_y050,As8Cr2_3,0.879228,4.876230006014936,4.876230006014936,0.1193500832959793,0.4864126817062646,0.599999880000024,3
POSCAR_As8Cr2_3_y950,As8Cr2_3,1.126958,4.719822631635664,4.719822631635664,0.1193500832959792,0.472086226618408,0.599999880000024,3
POSCAR_As8Cr2_3_y975,As8Cr2_3,1.048945,4.75792718661229,4.75792718661229,0.1193500832959792,0.4757033164367396,0.599999880000024,3
POSCAR_As8Cr2_3_z025,As8Cr2_3,0.937085,4.877837615272161,4.877837615272161,0.1193500832959793,0.4782112193107958,0.599999880000024,3
POSCAR_As8Cr2_3_z050,As8Cr2_3,0.916316,4.959595025887203,4.959595025887203,0.1193500832959792,0.4771489547468939,0.599999880000024,3
POSCAR_As8Cr2_3_z950,As8Cr2_3,1.006129,4.636459965023168,4.636459965023168,0.1193500832959793,0.4815462658822847,0.599999880000024,3
POSCAR_As8Cr2_3_z975,As8Cr2_3,0.983862,4.716236730069431,4.716236730069431,0.1193500832959792,0.4804107272897708,0.599999880000024,3
POSCAR_B2Co2_5,B2Co2_5,0.376727,2.4765275777543194,2.4765275777543194,0.2745663417980515,0.2474060495710481,0.1249999843750019,3
POSCAR_B2Co2_5_st950,B2Co2_5,0.313234,2.3527011988665976,2.3527011988665976,0.2745663417980513,0.247406049571048,0.1249999843750019,3
POSCAR_B2Co2_5_st975,B2Co2_5,0.355488,2.414614388310455,2.414614388310455,0.2745663417980513,0.2474060495710479,0.1249999843750019,3
POSCAR_B2Co2_5_x025,B2Co2_5,0.32845,2.4911061351171173,2.4911061351171173,0.2745663417980516,0.2473435281901908,0.1249999843750019,3
POSCAR_B2Co2_5_x950,B2Co2_5,0.333602,2.439813613097252,2.4370317543471027,0.2745663417980516,0.2473996774134179,0.1249999843750019,3
POSCAR_B2Co2_5_x975,B2Co2_5,0.374887,2.457972540478321,2.457972540478321,0.2745663417980517,0.2474253013906532,0.1249999843750019,3
POSCAR_B2Fe2_3,B2Fe2_3,0.563726,2.77616342512632,2.7440980649902027,0.3333333333333332,0.5693566473275614,0.1428571224489825,3
POSCAR_B2Fe2_3_st025,B2Fe2_3,0.610973,2.8455675107544804,2.812700516614957,0.3333333333333333,0.5693566473275614,0.1428571224489825,3
POSCAR_B2Fe2_3_st950,B2Fe2_3,0.362709,2.6373552538700067,2.6068931617406927,0.3333333333333334,0.5693566473275611,0.1428571224489825,3
POSCAR_B2Fe2_3_st975,B2Fe2_3,0.482411,2.706759339498165,2.6754956133654475,0.3333333333333333,0.5693566473275612,0.1428571224489825,3
POSCAR_B2Fe2_3_x025,B2Fe2_3,0.616364,2.7761634255224146,2.774351230197581,0.3333333333333333,0.5755202792798486,0.1428571224489825,3
POSCAR_B2Fe2_3_x050,B2Fe2_3,0.702007,2.776163425910948,2.774351230197581,0.3333333333333334,0.5817458781035355,0.1428571224489825,3
POSCAR_B2Fe2_3_x950,B2Fe2_3,0.554147,2.776163424356972,2.6354372892106315,0.3333333333333334,0.5572519709085929,0.1428571224489825,3
POSCAR_B2Fe2_3_x975,B2Fe2_3,0.555054,2.7761634247454268,2.7047909021612586,0.3333333333333333,0.5632640780192493,0.1428571224489825,3
POSCAR_B2Fe2_3_y025,B2Fe2_3,0.61682,2.776163425626539,2.774144515011252,0.3333333333333333,0.575521561565792,0.1428571224489825,3
POSCAR_B2Fe2_3_y050,B2Fe2_3,0.702066,2.7761634261192127,2.774144515011252,0.3333333333333335,0.5817484054354134,0.1428571224489825,3
POSCAR_B2Fe2_3_y950,B2Fe2_3,0.553765,2.776163424148774,2.6356336687199406,0.3333333333333332,0.5572493039299401,0.1428571224489825,3
POSCAR_B2Fe2_3_y975,B2Fe2_3,0.554783,2.776163424641319,2.704992449527192,0.3333333333333334,0.563262760764791,0.1428571224489825,3
POSCAR_B2Fe2_3_z025,B2Fe2_3,0.588646,2.8455675098761914,2.7440980649750246,0.3333333333333333,0.5572076923739274,0.1428571224489825,3
POSCAR_B2Fe2_3_z050,B2Fe2_3,0.604649,2.9149715946185903,2.744098064975024,0.3333333333333333,0.5452850860487871,0.1428571224489825,3
POSCAR_B2Fe2_3_z975,B2Fe2_3,0.533515,2.706759340391686,2.706759340391686,0.3333333333333334,0.5817270304494646,0.1428571224489825,3
POSCAR_B2Fe2_4,B2Fe2_4,0.095358,2.6824111292101973,2.6824111292101973,0.25,0.0078771784874405,0.1428571224489825,3
POSCAR_B2Fe2_4_st025,B2Fe2_4,0.075673,2.7494714074404505,2.7494714074404505,0.25,0.0078771784874364,0.1428571224489825,3
POSCAR_B2Fe2_4_st050,B2Fe2_4,0.070493,2.8165316856707068,2.8165316856707068,0.25,0.0078771784874365,0.1428571224489825,3
POSCAR_B2Fe2_4_st950,B2Fe2_4,0.104923,2.5482905727496865,2.5482905727496865,0.2499999999999999,0.0078771784874365,0.1428571224489825,3
POSCAR_B2Fe2_4_st975,B2Fe2_4,0.092619,2.615350850979941,2.615350850979941,0.25,0.0078771784874365,0.1428571224489825,3
POSCAR_B2Fe2_4_x025,B2Fe2_4,0.081666,2.7123804602546167,2.7123804602546167,0.25,0.0078116191893499,0.1428571224489825,3
POSCAR_B2Fe2_4_x050,B2Fe2_4,0.061493,2.7427547878177188,2.7427547878177188,0.2499999999999999,0.007745566435369,0.1428571224489825,3
POSCAR_B2Fe2_4_x950,B2Fe2_4,0.128782,2.623742781547388,2.623742781547388,0.25,0.0080066007099835,0.1428571224489825,3
POSCAR_B2Fe2_4_y025,B2Fe2_4,0.103526,2.68762615423656,2.68762615423656,0.2499999999999999,0.0080091851027133,0.1428571224489825,3
POSCAR_B2Fe2_4_y950,B2Fe2_4,0.108194,2.6093204166858746,2.6093204166858746,0.25,0.0076094622516161,0.1428571224489825,3
POSCAR_B2Fe2_4_y975,B2Fe2_4,0.113119,2.6454837679592123,2.6454837679592123,0.25,0.007743899777063,0.1428571224489825,3
POSCAR_B2Fe2_4_z025,B2Fe2_4,0.112678,2.682567269408543,2.682567269408543,0.25,0.0078108382442928,0.1428571224489825,3
POSCAR_B2Fe2_4_z050,B2Fe2_4,0.155382,2.6830374699165804,2.6830374699165804,0.2499999999999999,0.0077465320135836,0.1428571224489825,3
POSCAR_B2Fe2_4_z950,B2Fe2_4,0.124122,2.613935716293307,2.613935716293307,0.25,0.0080160526848183,0.1428571224489825,3
POSCAR_B2Fe2_5,B2Fe2_5,0.028123,2.6786158775085296,2.6786158775085296,0.0039153300605409,0.0004823137447685,0.1428571224489825,3
POSCAR_B2Fe2_5_st975,B2Fe2_5,0.022168,2.611650480570809,2.611650480570809,0.003915330060541,0.0004823137447714,0.1428571224489825,3
POSCAR_B2Fe2_5_x025,B2Fe2_5,0.00625,2.677944770627464,2.677944770627464,0.0039153300605409,0.000477639625199,0.1428571224489825,3
POSCAR_B2Fe2_5_x050,B2Fe2_5,0.003004,2.677308569014058,2.677308569014058,0.0039153300605409,0.000473006602959,0.1428571224489825,3
POSCAR_B2Fe2_5_y025,B2Fe2_5,0.015866,2.6937381106541847,2.6937381106541847,0.0039153300605409,0.0004781488074058,0.1428571224489825,3
POSCAR_B2Fe2_5_y975,B2Fe2_5,0.003889,2.6520368368464977,2.6520368368464977,0.0039153300605409,0.0004864889325169,0.1428571224489825,3
POSCAR_B2Fe2_5_z050,B2Fe2_5,0.02131,2.750158273769152,2.750158273769152,0.0039153300605409,0.0004995945457287,0.1428571224489825,3
POSCAR_B2Fe2_5_z950,B2Fe2_5,0.011978,2.5736369084157174,2.5736369084157174,0.0039153300605408,0.0004641389476227,0.1428571224489825,3
POSCAR_B2Fe2_5_z975,B2Fe2_5,0.003187,2.6260585598162764,2.6260585598162764,0.0039153300605409,0.0004733374844951,0.1428571224489825,3
POSCAR_B2Mo2_4,B2Mo2_4,1.006065,2.9390547000720173,2.9390547000720173,0.1199765168164354,0.953919750625796,0.199999960000008,3
POSCAR_B2Mo2_4_st025,B2Mo2_4,1.109726,3.012531067573822,3.012531067573822,0.1199765168164361,0.9539197506257944,0.199999960000008,3
POSCAR_B2Mo2_4_st050,B2Mo2_4,1.229069,3.0860074350756235,3.0860074350756235,0.1199765168164361,0.953919750625794,0.199999960000008,3
POSCAR_B2Mo2_4_st950,B2Mo2_4,0.63117,2.7921019650684205,2.7921019650684205,0.1199765168164361,0.953919750625794,0.199999960000008,3
POSCAR_B2Mo2_4_st975,B2Mo2_4,0.723919,2.8655783325702204,2.8655783325702204,0.1199765168164361,0.9539197506257936,0.199999960000008,3
POSCAR_B2Mo2_4_x025,B2Mo2_4,1.118716,2.9577122062758168,2.9577122062758168,0.1199765168164354,0.941344676827241,0.199999960000008,3
POSCAR_B2Mo2_4_x050,B2Mo2_4,1.141652,2.976709315105324,2.976709315105324,0.1199765168164354,0.9289221883481884,0.199999960000008,3
POSCAR_B2Mo2_4_x950,B2Mo2_4,0.769616,2.902784569858935,2.8004019647888234,0.1199765168164353,0.979476222112125,0.199999960000008,3
POSCAR_B2Mo2_4_x975,B2Mo2_4,0.97157,2.920743304578485,2.87409675336041,0.1199765168164354,0.9666349183124204,0.199999960000008,3
POSCAR_B2Rh2_3,B2Rh2_3,0.080466,2.683973096847748,2.683973096847748,0.3333333333333333,0.6203294610753571,0.1249999843750019,3
POSCAR_B2Rh2_3_x025,B2Rh2_3,0.064898,2.683973096782969,2.683973096782969,0.3333333333333332,0.6262477258124476,0.1249999843750019,3
POSCAR_B2Rh2_3_x975,B2Rh2_3,0.047741,2.68397309687364,2.68397309687364,0.3333333333333333,0.6144746432186254,0.1249999843750019,3
POSCAR_B2Rh2_3_y025,B2Rh2_3,0.064933,2.6839730983394703,2.6839730983394703,0.3333333333333333,0.6262475920376583,0.1249999843750019,3
POSCAR_B2Rh2_3_y975,B2Rh2_3,0.047903,2.683973095358985,2.683973095358985,0.3333333333333332,0.6144747533113298,0.1249999843750019,3
POSCAR_B2Rh2_3_z025,B2Rh2_3,0.076491,2.7510724228347527,2.7510724228347527,0.3333333333333333,0.6086310706215838,0.1249999843750019,3
POSCAR_B2Rh2_3_z050,B2Rh2_3,0.054821,2.818171748876717,2.818171748876717,0.3333333333333333,0.5970928551371587,0.1249999843750019,3
POSCAR_B2Rh2_3_z975,B2Rh2_3,0.033449,2.616873770909113,2.616873770909113,0.3333333333333332,0.632180465094061,0.1249999843750019,3
POSCAR_B8Co2_1,B8Co2_1,0.856716,3.8299079630615247,2.8929826124481828,0.3011925142359903,0.0892231996073898,0.1249999843750019,3
POSCAR_B8Co2_1_st025,B8Co2_1,0.886153,3.9256556621380585,2.9653071777593865,0.3011925142359902,0.089223199607388,0.1249999843750019,3
POSCAR_B8Co2_1_st050,B8Co2_1,0.910258,4.021403361214597,3.037631743070592,0.30119251423599,0.089223199607388,0.1249999843750019,3
POSCAR_B8Co2_1_st950,B8Co2_1,0.5734,3.638412564908444,2.7483334818257736,0.3011925142359902,0.0892231996073879,0.1249999843750019,3
POSCAR_B8Co2_1_st975,B8Co2_1,0.758484,3.734160263984982,2.820658047136978,0.3011925142359899,0.0892231996073879,0.1249999843750019,3
POSCAR_B8Co2_1_x025,B8Co2_1,0.881704,3.8437111846703087,2.9653071777352964,0.3011925142359903,0.0879307038111637,0.1249999843750019,3
POSCAR_B8Co2_1_x050,B8Co2_1,0.962534,3.857803951496275,3.037631743092254,0.3011925142359903,0.0866489380162181,0.1249999843750019,3
POSCAR_B8Co2_1_x950,B8Co2_1,1.012796,3.803182884731324,2.7483334818644347,0.3011925142359903,0.091836544611934,0.1249999843750019,3
POSCAR_B8Co2_1_x975,B8Co2_1,1.004073,3.816397489737308,2.820658047121387,0.3011925142359903,0.0905254892786689,0.1249999843750019,3
POSCAR_B8Co2_1_y025,B8Co2_1,0.923562,3.866113528987238,2.892982612478344,0.3011925142359903,0.0903411909481447,0.1249999843750019,3
POSCAR_B8Co2_1_y050,B8Co2_1,0.915562,3.9028647092231066,2.892982612478345,0.3011925142359902,0.0914490153123477,0.1249999843750019,3
POSCAR_B8Co2_1_y950,B8Co2_1,0.894807,3.759196496233144,2.892982612478344,0.3011925142359903,0.0869599967338722,0.1249999843750019,3
POSCAR_B8Co2_1_y975,B8Co2_1,0.860125,3.7942636305799855,2.892982612478344,0.3011925142359902,0.0880958410866939,0.1249999843750019,3
POSCAR_B8Co2_1_z025,B8Co2_1,0.971693,3.876365975680697,2.892982612478344,0.3011925142359902,0.0894023050692926,0.1249999843750019,3
POSCAR_B8Co2_1_z050,B8Co2_1,1.091584,3.9234004873608295,2.892982612478345,0.3011925142359902,0.0895897467083018,0.1249999843750019,3
POSCAR_B8Co2_1_z950,B8Co2_1,0.935362,3.738807131594085,2.892982612478345,0.3011925142359902,0.0888923820175713,0.1249999843750019,3
POSCAR_B8Co2_1_z975,B8Co2_1,0.863281,3.784047683228758,2.892982612478345,0.3011925142359903,0.0890530224673921,0.1249999843750019,3
POSCAR_B8Fe2_1,B8Fe2_1,1.110495,3.868751126593271,2.902615759672935,0.3026953905664695,0.0863670443124354,0.1428571224489825,3
POSCAR_B8Fe2_1_st025,B8Fe2_1,1.16602,3.965469904758097,2.9751811536647588,0.3026953905664696,0.0863670443124346,0.1428571224489825,3
POSCAR_B8Fe2_1_x025,B8Fe2_1,1.106394,3.882505135195058,2.9751811536754564,0.3026953905664695,0.0851313076453253,0.1428571224489825,3
POSCAR_B8Fe2_1_x050,B8Fe2_1,1.110746,3.89654844676986,3.047746547662667,0.3026953905664695,0.0839053374945931,0.1428571224489825,3
POSCAR_B8Fe2_1_x950,B8Fe2_1,1.21222,3.842123380620831,2.7574849717138377,0.3026953905664695,0.0888640901512306,0.1428571224489825,3
POSCAR_B8Fe2_1_y025,B8Fe2_1,1.190714,3.905181696599189,2.902615759688246,0.3026953905664694,0.0872602986584885,0.1428571224489825,3
POSCAR_B8Fe2_1_y050,B8Fe2_1,1.279622,3.942163255078178,2.9026157596882465,0.3026953905664695,0.088145782495694,0.1428571224489825,3
POSCAR_B8Fe2_1_y950,B8Fe2_1,0.968312,3.797606140437173,2.9026157596882465,0.3026953905664695,0.0845598834398341,0.1428571224489825,3
POSCAR_B8Fe2_1_y975,B8Fe2_1,1.049527,3.832887256003288,2.902615759688246,0.3026953905664694,0.0854666682224757,0.1428571224489825,3
POSCAR_B8Fe2_1_z050,B8Fe2_1,1.141833,3.9638529126961934,2.9026157596882465,0.3026953905664695,0.0870668924372965,0.1428571224489825,3
POSCAR_B8Fe2_1_z950,B8Fe2_1,1.07354,3.776069294281217,2.9026157596882465,0.3026953905664695,0.0856950830985049,0.1428571224489825,3
POSCAR_B8Fe2_1_z975,B8Fe2_1,1.043657,3.8220966057428623,2.902615759688246,0.3026953905664695,0.0860272426455595,0.1428571224489825,3
POSCAR_Bi2Co2_1,Bi2Co2_1,0.592936,2.81103022729045,2.81103022729045,0.3333333333333332,0.7445312312197276,0.3749999531250059,3
POSCAR_Bi2Co2_1_st025,Bi2Co2_1,0.648426,2.881305982972698,2.881305982972698,0.3333333333333333,0.7445312312197282,0.3749999531250059,3
POSCAR_Bi2Co2_1_st050,Bi2Co2_1,0.67118,2.9515817386549594,2.9515817386549594,0.3333333333333334,0.7445312312197283,0.3749999531250059,3
POSCAR_Bi2Co2_1_st950,Bi2Co2_1,0.409696,2.670478715925915,2.670478715925915,0.3333333333333334,0.7445312312197283,0.3749999531250059,3
POSCAR_Bi2Co2_1_x025,Bi2Co2_1,0.776941,2.8110302271607845,2.8110302271607845,0.3333333333333332,0.749315667169594,0.3749999531250059,3
POSCAR_Bi2Co2_1_x050,Bi2Co2_1,0.714455,2.811030227025641,2.811030227025641,0.3333333333333332,0.7541592638070252,0.3749999531250059,3
POSCAR_Bi2Co2_1_y025,Bi2Co2_1,0.776398,2.811030227495739,2.811030227495739,0.3333333333333332,0.7493223292744035,0.3749999531250059,3
POSCAR_Bi2Co2_1_y050,Bi2Co2_1,0.713639,2.811030227695562,2.811030227695562,0.3333333333333333,0.7541724775225371,0.3749999531250059,3
POSCAR_Bi2Co2_1_y975,Bi2Co2_1,0.792416,2.811030227096321,2.811030227096321,0.3333333333333332,0.7398083966449162,0.3749999531250059,3
POSCAR_Bi2Co2_1_z025,Bi2Co2_1,0.577585,2.881305982886456,2.881305982886456,0.3333333333333333,0.7350249622313312,0.3749999531250059,3
POSCAR_Bi2Co2_1_z050,Bi2Co2_1,0.554729,2.951581738526985,2.951581738526985,0.3333333333333333,0.7255325378429056,0.3749999531250059,3
POSCAR_Bi2Co2_1_z975,Bi2Co2_1,0.533839,2.740754471655598,2.740754471655598,0.3333333333333333,0.7540426653171504,0.3749999531250059,3
POSCAR_Bi2Mn2_1,Bi2Mn2_1,0.538673,2.995376174673821,2.995376174673821,0.3333333333333333,0.7537797375773437,0.4999999166666805,3
POSCAR_Bi2Mn2_1_st025,Bi2Mn2_1,0.47111,3.070260579040666,3.070260579040666,0.3333333333333333,0.7537797375773441,0.4999999166666805,3
POSCAR_Bi2Mn2_1_st050,Bi2Mn2_1,0.412405,3.1451449834075134,3.1451449834075134,0.3333333333333334,0.7537797375773436,0.4999999166666805,3
POSCAR_Bi2Mn2_1_st950,Bi2Mn2_1,0.713318,2.8456073659401304,2.8456073659401304,0.3333333333333333,0.7537797375773442,0.4999999166666805,3
POSCAR_Bi2Mn2_1_st975,Bi2Mn2_1,0.619668,2.920491770306976,2.920491770306976,0.3333333333333332,0.7537797375773442,0.4999999166666805,3
POSCAR_Bi2Mn2_1_x025,Bi2Mn2_1,0.534081,2.995376179115121,2.995376179115121,0.3333333333333333,0.7584533478910683,0.4999999166666805,3
POSCAR_Bi2Mn2_1_x050,Bi2Mn2_1,0.530032,2.995376183587446,2.995376183587446,0.3333333333333333,0.7631865793896077,0.4999999166666805,3
POSCAR_Bi2Mn2_1_x950,Bi2Mn2_1,0.658287,2.995376165984009,2.995376165984009,0.3333333333333333,0.744648473431007,0.4999999166666805,3
POSCAR_Bi2Mn2_1_x975,Bi2Mn2_1,0.589468,2.9953761703134085,2.9953761703134085,0.3333333333333333,0.7491749532664042,0.4999999166666805,3
POSCAR_Bi2Mn2_1_y025,Bi2Mn2_1,0.533855,2.9953761779614623,2.9953761779614623,0.3333333333333333,0.7584517091503348,0.4999999166666805,3
POSCAR_Bi2Mn2_1_y050,Bi2Mn2_1,0.529687,2.995376181280601,2.995376181280601,0.3333333333333332,0.7631834317685003,0.4999999166666805,3
POSCAR_Bi2Mn2_1_y950,Bi2Mn2_1,0.658924,2.9953761682927453,2.9953761682927453,0.3333333333333332,0.7446521119049386,0.4999999166666805,3
POSCAR_Bi2Mn2_1_y975,Bi2Mn2_1,0.590021,2.9953761714675333,2.9953761714675333,0.3333333333333332,0.7491767150160942,0.4999999166666805,3
POSCAR_Bi2Mn2_1_z025,Bi2Mn2_1,0.515439,3.0702605714824465,3.0702605714824465,0.3333333333333333,0.744499607071901,0.4999999166666805,3
POSCAR_Bi2Mn2_1_z050,Bi2Mn2_1,0.493586,3.1451449684079047,3.1451449684079047,0.3333333333333333,0.7352244214846391,0.4999999166666805,3
POSCAR_Bi2Mn2_1_z950,Bi2Mn2_1,0.596335,2.845607381548958,2.845607381548958,0.3333333333333332,0.7723204643269509,0.4999999166666805,3
POSCAR_Bi2Mn2_1_z975,Bi2Mn2_1,0.56597,2.9204917780421646,2.9204917780421646,0.3333333333333333,0.7630563261197749,0.4999999166666805,3
POSCAR_Bi2Nb2_2,Bi2Nb2_2,0.287973,4.02863905292686,3.670987842701002,0.3333333333333333,0.5286295193283946,0.7499998125000469,3
POSCAR_Bi2Nb2_2_st950,Bi2Nb2_2,0.040135,3.8272071002805306,3.487438450565952,0.3333333333333334,0.5286295193283943,0.7499998125000469,3
POSCAR_Bi2Nb2_2_st975,Bi2Nb2_2,0.060698,3.927923076603701,3.5792131466334776,0.3333333333333333,0.5286295193283946,0.7499998125000469,3
POSCAR_Bi2Nb2_2_x025,Bi2Nb2_2,0.358313,4.028639050028229,3.670987842702053,0.3333333333333333,0.5349752026062867,0.7499998125000469,3
POSCAR_Bi2Nb2_2_x050,Bi2Nb2_2,0.424535,4.028639047132701,3.670987842702053,0.3333333333333332,0.5413824465566419,0.7499998125000469,3
POSCAR_Bi2Nb2_2_x950,Bi2Nb2_2,0.098641,4.028639058730315,3.5207686458567493,0.3333333333333332,0.5161589230424636,0.7499998125000469,3
POSCAR_Bi2Nb2_2_x975,Bi2Nb2_2,0.182908,4.028639055827035,3.6134204523500513,0.3333333333333333,0.522354344067621,0.7499998125000469,3
POSCAR_Bi2Nb2_2_y950,Bi2Nb2_2,0.095601,4.028639052555046,3.487438450549371,0.3333333333333333,0.5164943653395837,0.7499998125000469,3
POSCAR_Bi2Nb2_2_y975,Bi2Nb2_2,0.217696,4.028639052739833,3.579213146600684,0.3333333333333332,0.5225201113918837,0.7499998125000469,3
POSCAR_Bi2Nb2_2_z950,Bi2Nb2_2,0.189276,3.8272070948731294,3.670987842702053,0.3333333333333334,0.5540974688226573,0.7499998125000469,3
POSCAR_Bi2Ru2_1,Bi2Ru2_1,0.674668,3.270880253827096,3.270880253827096,0.3333333333333333,0.6615842747286829,0.4285713673469475,3
POSCAR_Bi2Ru2_1_st025,Bi2Ru2_1,0.575423,3.352652260172768,3.352652260172768,0.3333333333333334,0.6615842747286826,0.4285713673469475,3
POSCAR_Bi2Ru2_1_st050,Bi2Ru2_1,0.498457,3.434424266518447,3.434424266518447,0.3333333333333332,0.6615842747286826,0.4285713673469475,3
POSCAR_Bi2Ru2_1_st950,Bi2Ru2_1,0.583889,3.107336241135736,3.107336241135736,0.3333333333333333,0.6615842747286826,0.4285713673469475,3
POSCAR_Bi2Ru2_1_x025,Bi2Ru2_1,0.619216,3.2708802165490165,3.2708802165490165,0.3333333333333333,0.6674483547191369,0.4285713673469475,3
POSCAR_Bi2Ru2_1_x975,Bi2Ru2_1,0.579746,3.2708802912956867,3.2708802912956867,0.3333333333333334,0.6557779072493011,0.4285713673469475,3
POSCAR_Bi2Ru2_1_y025,Bi2Ru2_1,0.612411,3.2708802524764025,3.2708802524764025,0.3333333333333333,0.6669870097913961,0.4285713673469475,3
POSCAR_Bi2Ru2_1_y050,Bi2Ru2_1,0.559903,3.270880251144942,3.270880251144942,0.3333333333333335,0.6724547026830946,0.4285713673469475,3
POSCAR_Bi2Ru2_1_y950,Bi2Ru2_1,0.587023,3.270880256474859,3.270880256474859,0.3333333333333333,0.6510091536367886,0.4285713673469475,3
POSCAR_Bi2Ru2_1_y975,Bi2Ru2_1,0.583827,3.2708802551413614,3.2708802551413614,0.3333333333333333,0.6562553036728173,0.4285713673469475,3
POSCAR_Bi2Ru2_1_z050,Bi2Ru2_1,0.595172,3.434424344404881,3.434424344404881,0.3333333333333334,0.6393863045516123,0.4285713673469475,3
POSCAR_Bi2Ru2_1_z975,Bi2Ru2_1,0.597237,3.189108208913676,3.189108208913676,0.3333333333333334,0.6728366201704328,0.4285713673469475,3
POSCAR_Bi2Ti2_1,Bi2Ti2_1,0.451557,3.1989129230496616,3.1989129230496616,0.3333333333333333,0.7071946865809804,0.9999996666667778,3
POSCAR_Bi2Ti2_1_st025,Bi2Ti2_1,0.501986,3.2788857461258725,3.2788857461258725,0.3333333333333332,0.7071946865809804,0.9999996666667778,3
POSCAR_Bi2Ti2_1_st050,Bi2Ti2_1,0.496415,3.3588585692021136,3.3588585692021136,0.3333333333333333,0.7071946865809803,0.9999996666667778,3
POSCAR_Bi2Ti2_1_st975,Bi2Ti2_1,0.339911,3.118940099973391,3.118940099973391,0.3333333333333333,0.7071946865809804,0.9999996666667778,3
POSCAR_Bi2Ti2_1_x050,Bi2Ti2_1,0.492975,3.198912934704398,3.198912934704398,0.3333333333333333,0.7175725907772832,0.9999996666667778,3
POSCAR_Bi2Ti2_1_x975,Bi2Ti2_1,0.483644,3.1989129172295487,3.1989129172295487,0.3333333333333333,0.7021002154172223,0.9999996666667778,3
POSCAR_Bi2Ti2_1_y050,Bi2Ti2_1,0.523568,3.1989129227566973,3.1989129227566973,0.3333333333333334,0.7177572628528495,0.9999996666667778,3
POSCAR_Bi2Ti2_1_y950,Bi2Ti2_1,0.481416,3.198912923326701,3.198912923326701,0.3333333333333334,0.6968823153810115,0.9999996666667778,3
POSCAR_Bi2Ti2_1_z025,Bi2Ti2_1,0.483184,3.2788857404626155,3.2788857404626155,0.3333333333333332,0.6968643805500155,0.9999996666667778,3
POSCAR_Bi2Ti2_1_z050,Bi2Ti2_1,0.423308,3.3588585578970043,3.3588585578970043,0.3333333333333333,0.6865874570915257,0.9999996666667778,3
POSCAR_Bi2Ti2_1_z950,Bi2Ti2_1,0.516323,3.038967288280128,3.038967288280128,0.3333333333333332,0.7279783936617406,0.9999996666667778,3
POSCAR_Bi2Ti2_1_z975,Bi2Ti2_1,0.474665,3.118940105678277,3.118940105678277,0.3333333333333332,0.7175692741998853,0.9999996666667778,3
POSCAR_Bi2V2_1,Bi2V2_1,0.419469,2.9735266821851822,2.9735266821851822,0.3333333333333334,0.7542664187533457,0.7499998125000469,3
POSCAR_Bi2V2_1_st025,Bi2V2_1,0.38807,3.0478648492398115,3.0478648492398115,0.3333333333333332,0.7542664187533455,0.7499998125000469,3
POSCAR_Bi2V2_1_st050,Bi2V2_1,0.332646,3.122203016294442,3.122203016294442,0.3333333333333333,0.7542664187533457,0.7499998125000469,3
POSCAR_Bi2V2_1_st950,Bi2V2_1,0.372945,2.824850348075924,2.824850348075924,0.3333333333333334,0.7542664187533459,0.7499998125000469,3
POSCAR_Bi2V2_1_st975,Bi2V2_1,0.424795,2.899188515130553,2.899188515130553,0.3333333333333333,0.7542664187533458,0.7499998125000469,3
POSCAR_Bi2V2_1_x025,Bi2V2_1,0.475882,2.9735266878419533,2.9735266878419533,0.3333333333333333,0.7589365775268543,0.7499998125000469,3
POSCAR_Bi2V2_1_x050,Bi2V2_1,0.506242,2.973526693591792,2.973526693591792,0.3333333333333334,0.763666438722827,0.7499998125000469,3
POSCAR_Bi2V2_1_x950,Bi2V2_1,0.605668,2.9735266711368915,2.9735266711368915,0.3333333333333333,0.7451424055486947,0.7499998125000469,3
POSCAR_Bi2V2_1_x975,Bi2V2_1,0.525496,2.973526676614509,2.973526676614509,0.3333333333333333,0.7496651928301016,0.7499998125000469,3
POSCAR_Bi2V2_1_y025,Bi2V2_1,0.479773,2.973526689368437,2.973526689368437,0.3333333333333333,0.7589299213564177,0.7499998125000469,3
POSCAR_Bi2V2_1_y050,Bi2V2_1,0.507048,2.9735266966585296,2.9735266966585296,0.3333333333333333,0.7636538246990183,0.7499998125000469,3
POSCAR_Bi2V2_1_y950,Bi2V2_1,0.60076,2.973526668125166,2.973526668125166,0.3333333333333333,0.7451576588556745,0.7499998125000469,3
POSCAR_Bi2V2_1_y975,Bi2V2_1,0.523657,2.9735266751017626,2.9735266751017626,0.3333333333333333,0.7496725104551514,0.7499998125000469,3
POSCAR_Bi2V2_1_z050,Bi2V2_1,0.4218,3.122202991342761,3.122202991342761,0.3333333333333333,0.7357347852971062,0.7499998125000469,3
POSCAR_Bi2V2_1_z950,Bi2V2_1,0.508228,2.824850374196412,2.824850374196412,0.3333333333333333,0.7727816876008007,0.7499998125000469,3
POSCAR_Bi2V2_1_z975,Bi2V2_1,0.484407,2.899188528031664,2.899188528031664,0.3333333333333332,0.7635304939304794,0.7499998125000469,3
POSCAR_Bi3Fe2_1,Bi3Fe2_1,0.913305,3.0588644230969733,3.0588644230969733,0.2358700159895041,0.7295296713780447,0.4285713673469475,3
POSCAR_Bi3Fe2_1_st025,Bi3Fe2_1,0.685581,3.1353360336744056,3.1353360336744056,0.2358700159895038,0.7295296713780435,0.4285713673469475,3
POSCAR_Bi3Fe2_1_st050,Bi3Fe2_1,0.829836,3.211807644251831,3.211807644251831,0.2358700159895038,0.7295296713780437,0.4285713673469475,3
POSCAR_Bi3Fe2_1_x025,Bi3Fe2_1,0.891948,3.0588644231019164,3.0588644231019164,0.2358700159895039,0.7339415083319205,0.4285713673469475,3
POSCAR_Bi3Fe2_1_x050,Bi3Fe2_1,0.866459,3.058864423108143,3.058864423108143,0.235870015989504,0.7262376833060341,0.4285713673469475,3
POSCAR_Bi3Fe2_1_x950,Bi3Fe2_1,0.824394,3.058864423084748,3.058864423084748,0.2358700159895039,0.7207555608845624,0.4285713673469475,3
POSCAR_Bi3Fe2_1_x975,Bi3Fe2_1,0.82343,3.058864423090219,3.058864423090219,0.2358700159895039,0.7251331633416694,0.4285713673469475,3
POSCAR_Bi3Mn2_1,Bi3Mn2_1,0.013378,3.595339732657262,3.595339732657262,0.335817036908986,5.317329033614207e-05,0.4999999166666805,3
POSCAR_Bi3Mn2_1_st025,Bi3Mn2_1,0.012209,3.685223225973694,3.685223225973694,0.335817036908986,5.317329033613946e-05,0.4999999166666805,3
POSCAR_Bi3Mn2_1_st050,Bi3Mn2_1,0.012213,3.775106719290126,3.775106719290126,0.335817036908986,5.317329033613696e-05,0.4999999166666805,3
POSCAR_Bi3Mn2_1_st975,Bi3Mn2_1,0.014926,3.50545623934083,3.50545623934083,0.3358170369089859,5.3173290336141285e-05,0.4999999166666805,3
POSCAR_Bi3Mn2_1_x025,Bi3Mn2_1,0.013256,3.598846771081788,3.598846771081788,0.3358170369089859,5.252590871211882e-05,0.4999999166666805,3
POSCAR_Bi3Mn2_1_x050,Bi3Mn2_1,0.012893,3.600197395149944,3.600197395149944,0.3358170369089859,5.188511276387033e-05,0.4999999166666805,3
POSCAR_Bi3Mn2_1_x950,Bi3Mn2_1,0.01258,3.4785674377507667,3.4785674377507667,0.335817036908986,5.448559490696929e-05,0.4999999166666805,3
POSCAR_Bi3Mn2_1_x975,Bi3Mn2_1,0.012234,3.536410138344188,3.536410138344188,0.335817036908986,5.382672402870884e-05,0.4999999166666805,3
POSCAR_Bi3Mn2_1_y025,Bi3Mn2_1,0.01241,3.5961751396540675,3.5961751396540675,0.3358170369089859,5.235279176310839e-05,0.4999999166666805,3
POSCAR_Bi3Mn2_1_y050,Bi3Mn2_1,0.011767,3.597516942367028,3.597516942367028,0.3358170369089859,5.154083085611162e-05,0.4999999166666805,3
POSCAR_Bi3Mn2_1_y950,Bi3Mn2_1,0.013761,3.481090938729952,3.481090938729952,0.335817036908986,5.483715139856064e-05,0.4999999166666805,3
POSCAR_Bi3Mn2_1_y975,Bi3Mn2_1,0.01331,3.5390033187486805,3.5390033187486805,0.3358170369089859,5.400166344916297e-05,0.4999999166666805,3
POSCAR_Bi3Mn2_1_z025,Bi3Mn2_1,0.012121,3.625439400477225,3.625439400477225,0.3358170369089859,5.46463222096888e-05,0.4999999166666805,3
POSCAR_Bi3Mn2_1_z050,Bi3Mn2_1,0.013488,3.6560377964120754,3.6560377964120754,0.3358170369089858,5.611473222467561e-05,0.4999999166666805,3
POSCAR_Bi3Mn2_1_z950,Bi3Mn2_1,0.014484,3.5366873050561503,3.5366873050561503,0.3358170369089858,5.021689371691361e-05,0.4999999166666805,3
POSCAR_Bi3Mn2_1_z975,Bi3Mn2_1,0.013743,3.565751422761314,3.565751422761314,0.3358170369089859,5.169650650959315e-05,0.4999999166666805,3
POSCAR_Bi4Cr2_1,Bi4Cr2_1,0.360679,5.280756096687725,3.455141928496581,0.1897560817252264,0.5356698517903691,0.599999880000024,3
POSCAR_Bi4Cr2_1_st025,Bi4Cr2_1,0.342845,5.412774999104947,3.541520476708996,0.1897560817252268,0.5356698517903599,0.599999880000024,3
POSCAR_Bi4Cr2_1_st050,Bi4Cr2_1,0.333781,5.544793901522142,3.627899024921411,0.1897560817252269,0.5356698517903598,0.599999880000024,3
POSCAR_Bi4Cr2_1_st950,Bi4Cr2_1,0.389584,5.0167182918533655,3.2823848320717524,0.1897560817252269,0.5356698517903603,0.599999880000024,3
POSCAR_Bi4Cr2_1_st975,Bi4Cr2_1,0.376517,5.14873719427056,3.368763380284167,0.1897560817252269,0.5356698517903595,0.599999880000024,3
POSCAR_Bi4Cr2_1_x025,Bi4Cr2_1,0.337625,5.295003998793645,3.5415204766895303,0.1897560817252264,0.5296037401925835,0.599999880000024,3
POSCAR_Bi4Cr2_1_x050,Bi4Cr2_1,0.347104,5.309564507692688,3.627899024896584,0.1897560817252264,0.5235454126291524,0.599999880000024,3
POSCAR_Bi4Cr2_1_x950,Bi4Cr2_1,0.448353,5.2532082314090776,3.2823848320683435,0.1897560817252264,0.5478043971746962,0.599999880000024,3
POSCAR_Bi4Cr2_1_x975,Bi4Cr2_1,0.385774,5.266823338410427,3.3687633802753965,0.1897560817252263,0.5417385643575384,0.599999880000024,3
POSCAR_Bi4Cr2_1_y025,Bi4Cr2_1,0.377488,5.332672192755291,3.4551419284824507,0.1897560817252263,0.534423993514826,0.599999880000024,3
POSCAR_Bi4Cr2_1_y050,Bi4Cr2_1,0.431534,5.385350881769602,3.4551419284824507,0.1897560817252263,0.533219970006351,0.599999880000024,3
POSCAR_Bi4Cr2_1_y950,Bi4Cr2_1,0.410331,5.179303076147948,3.4551419284824507,0.1897560817252263,0.5382883175401032,0.599999880000024,3
POSCAR_Bi4Cr2_1_y975,Bi4Cr2_1,0.373394,5.2296253051670005,3.4551419284824507,0.1897560817252263,0.5369578925822562,0.599999880000024,3
POSCAR_Bi4Cr2_1_z025,Bi4Cr2_1,0.382227,5.347564558648138,3.4551419284824507,0.1897560817252264,0.5430006719730852,0.599999880000024,3
POSCAR_Bi4Cr2_1_z050,Bi4Cr2_1,0.39148,5.415168015235229,3.4551419284824507,0.1897560817252264,0.5503186903081436,0.599999880000024,3
POSCAR_Bi4Cr2_1_z950,Bi4Cr2_1,0.434399,5.149647555580127,3.4551419284824507,0.1897560817252264,0.5209948245099918,0.599999880000024,3
POSCAR_Bi4Cr2_1_z975,Bi4Cr2_1,0.379068,5.214773184486792,3.4551419284824503,0.1897560817252265,0.5283323824888865,0.599999880000024,3
POSCAR_Bi4Fe2_1,Bi4Fe2_1,0.855192,5.211883575125237,3.402967818992671,0.1866163487966685,0.5642849729009624,0.4285713673469475,3
POSCAR_Bi4Fe2_1_st025,Bi4Fe2_1,0.757542,5.342180664503393,3.488042014467488,0.1866163487966685,0.5642849729009627,0.4285713673469475,3
POSCAR_Bi4Fe2_1_st050,Bi4Fe2_1,0.671072,5.472477753881525,3.5731162099423046,0.1866163487966685,0.5642849729009624,0.4285713673469475,3
POSCAR_Bi4Fe2_1_x025,Bi4Fe2_1,0.808639,5.225891225315302,3.488042014483664,0.1866163487966685,0.5578035508222617,0.4285713673469475,3
POSCAR_Bi4Fe2_1_x050,Bi4Fe2_1,0.762203,5.240206677015063,3.573116209951486,0.1866163487966685,0.5513331026002798,0.4285713673469475,3
POSCAR_Bi4Fe2_1_y950,Bi4Fe2_1,1.013633,5.107676641056455,3.40296781901571,0.1866163487966685,0.5644080292064306,0.4285713673469475,3
POSCAR_Bi4Fe2_1_y975,Bi4Fe2_1,0.932403,5.15937446349887,3.40296781901571,0.1866163487966685,0.564335856730876,0.4285713673469475,3
POSCAR_Bi4Fe2_1_z025,Bi4Fe2_1,0.78712,5.275824053290519,3.40296781901571,0.1866163487966685,0.5708130502437482,0.4285713673469475,3
POSCAR_Bi4Fe2_1_z050,Bi4Fe2_1,0.703457,5.340551015737901,3.4029678190157098,0.1866163487966685,0.5773421813487108,0.4285713673469475,3
POSCAR_Bi4Fe2_1_z950,Bi4Fe2_1,0.784679,5.086480347960581,3.40296781901571,0.1866163487966685,0.5512562399226207,0.4285713673469475,3
POSCAR_Bi4Fe2_1_z975,Bi4Fe2_1,0.826068,5.148758882513426,3.4029678190157098,0.1866163487966685,0.5577639261581013,0.4285713673469475,3
POSCAR_Bi4V2_1,Bi4V2_1,0.011429,2.9472419839008897,2.9472419839008897,0.318266880353125,0.0020942368644066,0.7499998125000469,3
POSCAR_Bi4V2_1_st050,Bi4V2_1,0.017909,3.0946040830959247,3.0946040830959247,0.3182668803531256,0.0020942368644093,0.7499998125000469,3
POSCAR_Bi4V2_1_x950,Bi4V2_1,0.022759,2.87765496376022,2.87765496376022,0.318266880353125,0.0021349291304204,0.7499998125000469,3
POSCAR_Bi4V2_1_y025,Bi4V2_1,0.014574,2.985269862866221,2.985269862866221,0.3182668803531251,0.0020760491721986,0.7499998125000469,3
POSCAR_Bi4V2_1_z025,Bi4V2_1,0.013703,2.947340789953861,2.947340789953861,0.318266880353125,0.0021324444810136,0.7499998125000469,3
POSCAR_Bi4V2_1_z050,Bi4V2_1,0.011354,2.9474131212278416,2.9474131212278416,0.318266880353125,0.002170119687582,0.7499998125000469,3
POSCAR_Bi4V2_1_z975,Bi4V2_1,0.015103,2.947143187878984,2.947143187878984,0.318266880353125,0.0020555056115203,0.7499998125000469,3
POSCAR_Bi4V2_2,Bi4V2_2,0.359371,5.328160748791601,3.462438287764169,0.1908679823260852,0.529374606116247,0.7499998125000469,3
POSCAR_Bi4V2_2_st025,Bi4V2_2,0.432471,5.461364767511416,3.548999244958274,0.1908679823260848,0.529374606116255,0.7499998125000469,3
POSCAR_Bi4V2_2_st050,Bi4V2_2,0.37699,5.594568786231208,3.6355602021523774,0.1908679823260848,0.5293746061162551,0.7499998125000469,3
POSCAR_Bi4V2_2_st950,Bi4V2_2,0.334925,5.061752711352043,3.289316373375961,0.1908679823260848,0.5293746061162553,0.7499998125000469,3
POSCAR_Bi4V2_2_st975,Bi4V2_2,0.321199,5.194956730071835,3.375877330570065,0.1908679823260848,0.529374606116255,0.7499998125000469,3
POSCAR_Bi4V2_2_x025,Bi4V2_2,0.456287,5.342371362763137,3.548999244957808,0.1908679823260852,0.5233935802363938,0.7499998125000469,3
POSCAR_Bi4V2_2_x050,Bi4V2_2,0.432845,5.356893758259443,3.635560202125094,0.1908679823260851,0.5174202776091243,0.7499998125000469,3
POSCAR_Bi4V2_2_x950,Bi4V2_2,0.400616,5.300684841113135,3.2893163733560424,0.1908679823260852,0.5413391278632048,0.7499998125000469,3
POSCAR_Bi4V2_2_x975,Bi4V2_2,0.3117,5.3142644176804925,3.375877330523327,0.1908679823260852,0.5353582537363393,0.7499998125000469,3
POSCAR_Bi4V2_2_y025,Bi4V2_2,0.350934,5.377952729549125,3.4624382877905684,0.1908679823260852,0.5278346929191794,0.7499998125000469,3
POSCAR_Bi4V2_2_y050,Bi4V2_2,0.307977,5.428500422753379,3.4624382877905684,0.1908679823260851,0.5263405515085408,0.7499998125000469,3
POSCAR_Bi4V2_2_y950,Bi4V2_2,0.303685,5.23092991938113,3.4624382877905684,0.1908679823260852,0.5325920052134447,0.7499998125000469,3
POSCAR_Bi4V2_2_y975,Bi4V2_2,0.334222,5.2791458638838415,3.4624382877905684,0.1908679823260851,0.5309603992853835,0.7499998125000469,3
POSCAR_Bi4V2_2_z025,Bi4V2_2,0.359195,5.398313793575834,3.462438287790568,0.1908679823260852,0.5369112645068321,0.7499998125000469,3
POSCAR_Bi4V2_2_z050,Bi4V2_2,0.34759,5.469265640694994,3.4624382877905684,0.1908679823260852,0.5444251167840566,0.7499998125000469,3
POSCAR_Bi4V2_2_z950,Bi4V2_2,0.343673,5.190380258421954,3.462438287790568,0.1908679823260852,0.5142577592472682,0.7499998125000469,3
POSCAR_Bi4V2_2_z975,Bi4V2_2,0.34966,5.258838474699807,3.4624382877905684,0.1908679823260852,0.52182125328119,0.7499998125000469,3
POSCAR_Bi6Cr2_1,Bi6Cr2_1,0.551345,4.010726718779432,4.010726718779432,0.1203851985730723,0.5849699605887015,0.599999880000024,3
POSCAR_Bi6Cr2_1_st025,Bi6Cr2_1,0.496105,4.110994886748949,4.110994886748949,0.1203851985730718,0.5849699605887065,0.599999880000024,3
POSCAR_Bi6Cr2_1_x975,Bi6Cr2_1,0.66508,4.010574224581384,4.010574224581384,0.1203851985730723,0.5857338418749894,0.599999880000024,3
POSCAR_Bi6Cr2_1_z050,Bi6Cr2_1,0.588757,4.129812691894733,4.129812691894733,0.1203851985730723,0.5677277352942032,0.599999880000024,3
POSCAR_Bi6Cr2_3,Bi6Cr2_3,0.012729,3.237090529045077,3.237090529045077,0.189404876039132,0.0010249862821503,0.599999880000024,3
POSCAR_Bi6Cr2_3_st025,Bi6Cr2_3,0.012414,3.318017792271199,3.318017792271199,0.1894048760391312,0.0010249862821507,0.599999880000024,3
POSCAR_Bi6Cr2_3_st050,Bi6Cr2_3,0.011941,3.3989450554973284,3.3989450554973284,0.1894048760391313,0.0010249862821507,0.599999880000024,3
POSCAR_Bi6Cr2_3_st950,Bi6Cr2_3,0.015894,3.07523600259282,3.07523600259282,0.1894048760391312,0.0010249862821507,0.599999880000024,3
POSCAR_Bi6Cr2_3_st975,Bi6Cr2_3,0.013752,3.1561632658189467,3.1561632658189467,0.1894048760391313,0.0010249862821507,0.599999880000024,3
POSCAR_Bi6Cr2_3_x025,Bi6Cr2_3,0.013331,3.2782218697747774,3.2782218697747774,0.1894048760391319,0.001019120243725,0.599999880000024,3
POSCAR_Bi6Cr2_3_x050,Bi6Cr2_3,0.013885,3.3206620551575208,3.3206620551575208,0.189404876039132,0.0010132721006774,0.599999880000024,3
POSCAR_Bi6Cr2_3_x950,Bi6Cr2_3,0.016277,3.158957263538472,3.158957263538472,0.189404876039132,0.0010367700217005,0.599999880000024,3
POSCAR_Bi6Cr2_3_y025,Bi6Cr2_3,0.014562,3.278229397493179,3.278229397493179,0.189404876039132,0.0010205683826728,0.599999880000024,3
POSCAR_Bi6Cr2_3_y050,Bi6Cr2_3,0.01553,3.3206779515520526,3.3206779515520526,0.1894048760391319,0.0010161728390679,0.599999880000024,3
POSCAR_Bi6Cr2_3_y950,Bi6Cr2_3,0.014142,3.1589448985728303,3.1589448985728303,0.189404876039132,0.0010339014676239,0.599999880000024,3
POSCAR_Bi6Cr2_3_z025,Bi6Cr2_3,0.01368,3.2370903884109143,3.2370903884109143,0.189404876039132,0.0010350998202106,0.599999880000024,3
POSCAR_Bi6Cr2_3_z050,Bi6Cr2_3,0.012119,3.237090249008676,3.237090249008676,0.1894048760391319,0.0010448415686018,0.599999880000024,3
POSCAR_Bi6Cr2_3_z950,Bi6Cr2_3,0.014829,3.237090814116258,3.237090814116258,0.1894048760391319,0.0010035789634598,0.599999880000024,3
POSCAR_Bi6Cr2_3_z975,Bi6Cr2_3,0.013222,3.237090670964692,3.237090670964692,0.1894048760391319,0.0010144847568061,0.599999880000024,3
POSCAR_Bi6Cr2_4,Bi6Cr2_4,0.25445,5.024436332820711,4.795067136709271,0.1786509232195411,0.0062670819189689,0.599999880000024,3
POSCAR_Bi6Cr2_4_st975,Bi6Cr2_4,0.244793,4.898825424500201,4.67519045829154,0.1786509232195403,0.0062670819189685,0.599999880000024,3
POSCAR_Bi6Cr2_4_x950,Bi6Cr2_4,0.251875,4.973601292603747,4.579785620817876,0.1786509232195411,0.0061730808102139,0.599999880000024,3
POSCAR_Bi6Cr2_4_y975,Bi6Cr2_4,0.228663,4.998203777782563,4.675190458317697,0.1786509232195412,0.0061928583904474,0.599999880000024,3
POSCAR_Bi6Cr2_4_z950,Bi6Cr2_4,0.282383,4.880011769212156,4.7950671366997,0.1786509232195412,0.0065144507813983,0.599999880000024,3
POSCAR_Bi6Fe2_1,Bi6Fe2_1,0.010559,5.267116473587788,3.410917555055946,0.0981756663091757,0.0028508453251276,0.4285713673469475,3
POSCAR_Bi6Fe2_1_st025,Bi6Fe2_1,0.010588,5.398794385427489,3.496190493932345,0.0981756663091761,0.0028508453251216,0.4285713673469475,3
POSCAR_Bi6Fe2_1_st950,Bi6Fe2_1,0.013214,5.003760649908403,3.240371677303149,0.0981756663091761,0.0028508453251218,0.4285713673469475,3
POSCAR_Bi6Fe2_1_st975,Bi6Fe2_1,0.012786,5.135438561748098,3.3256446161795474,0.0981756663091761,0.0028508453251218,0.4285713673469475,3
POSCAR_Bi6Fe2_1_x025,Bi6Fe2_1,0.010119,5.271393853771881,3.496190493944709,0.0981756663091756,0.0028150050928971,0.4285713673469475,3
POSCAR_Bi6Fe2_1_x050,Bi6Fe2_1,0.009714,5.275770181270117,3.581463432762884,0.0981756663091756,0.0027794837228397,0.4285713673469475,3
POSCAR_Bi6Fe2_1_x975,Bi6Fe2_1,0.012079,5.26293828194964,3.325644616208361,0.0981756663091757,0.0028869775777333,0.4285713673469475,3
POSCAR_Bi6Fe2_1_y025,Bi6Fe2_1,0.010575,5.393497661496642,3.410917555026535,0.0981756663091756,0.0028709052906305,0.4285713673469475,3
POSCAR_Bi6Fe2_1_y050,Bi6Fe2_1,0.010339,5.433675439271052,3.410917555026535,0.0981756663091756,0.002890834326428,0.4285713673469475,3
POSCAR_Bi6Fe2_1_y950,Bi6Fe2_1,0.011384,5.018054384092735,3.410917555026536,0.0981756663091756,0.0028104044344886,0.4285713673469475,3
POSCAR_Bi6Fe2_1_y975,Bi6Fe2_1,0.010868,5.141938694583286,3.410917555026535,0.0981756663091757,0.0028306720844236,0.4285713673469475,3
POSCAR_Bi6Fe2_1_z025,Bi6Fe2_1,0.010384,5.269325100724698,3.410917555026535,0.0981756663091756,0.002866642125855,0.4285713673469475,3
POSCAR_Bi6Fe2_1_z050,Bi6Fe2_1,0.0105,5.272637473068517,3.410917555026535,0.0981756663091757,0.0028822840343302,0.4285713673469475,3
POSCAR_Bi6Fe2_1_z950,Bi6Fe2_1,0.009776,5.1703475996235655,3.410917555026536,0.0981756663091756,0.0028188247552618,0.4285713673469475,3
POSCAR_Bi6Fe2_1_z975,Bi6Fe2_1,0.011358,5.266012980461739,3.410917555026536,0.0981756663091757,0.0028349027771131,0.4285713673469475,3
POSCAR_Bi6Fe2_2,Bi6Fe2_2,0.408006,4.89250534128024,4.89250534128024,0.1281426614908218,0.5278628657687886,0.4285713673469475,3
POSCAR_Bi6Fe2_2_st025,Bi6Fe2_2,0.394235,5.014817974812262,5.014817974812262,0.1281426614908223,0.5278628657687829,0.4285713673469475,3
POSCAR_Bi6Fe2_2_st050,Bi6Fe2_2,0.390234,5.137130608344267,5.137130608344267,0.1281426614908223,0.5278628657687832,0.4285713673469475,3
POSCAR_Bi6Fe2_2_st950,Bi6Fe2_2,0.449221,4.647880074216242,4.647880074216242,0.1281426614908224,0.5278628657687828,0.4285713673469475,3
POSCAR_Bi6Fe2_2_st975,Bi6Fe2_2,0.429654,4.770192707748249,4.770192707748249,0.1281426614908223,0.5278628657687828,0.4285713673469475,3
POSCAR_Bi6Fe2_2_x050,Bi6Fe2_2,0.457675,4.896591529897987,4.896591529897987,0.1281426614908218,0.5329903236991609,0.4285713673469475,3
POSCAR_Bi6Fe2_2_x950,Bi6Fe2_2,0.430549,4.762909315576827,4.762909315576827,0.1281426614908219,0.5229351245550866,0.4285713673469475,3
POSCAR_Bi6Fe2_2_y050,Bi6Fe2_2,0.457061,4.9009266456049145,4.9009266456049145,0.1281426614908218,0.5329089990274594,0.4285713673469475,3
POSCAR_Bi6Fe2_2_y950,Bi6Fe2_2,0.431323,4.758651391531207,4.758651391531207,0.1281426614908218,0.5230173213787565,0.4285713673469475,3
POSCAR_Bi6Fe2_2_z025,Bi6Fe2_2,0.390808,4.885704313591831,4.885704313591831,0.1281426614908218,0.5228308904205964,0.4285713673469475,3
POSCAR_Bi6Fe2_2_z050,Bi6Fe2_2,0.363301,4.8745646683029005,4.8745646683029005,0.1281426614908218,0.5177245088652913,0.4285713673469475,3
POSCAR_Bi6Fe2_2_z950,Bi6Fe2_2,0.465296,4.785532130357444,4.785532130357444,0.1281426614908218,0.5376795341447896,0.4285713673469475,3
POSCAR_Bi6Fe2_2_z975,Bi6Fe2_2,0.471911,4.838627922294595,4.838627922294595,0.1281426614908218,0.5328144283047247,0.4285713673469475,3
POSCAR_Bi8Co2_1,Bi8Co2_1,0.425431,4.940213357874938,4.940213357874938,0.0895350244546011,0.4153731547050258,0.3749999531250059,3
POSCAR_Bi8Co2_1_y025,Bi8Co2_1,0.399409,5.002151438010306,5.002151438010306,0.0895350244546011,0.4174591406023827,0.3749999531250059,3
POSCAR_Bi8Co2_1_y050,Bi8Co2_1,0.368957,5.064834778816219,5.064834778816219,0.0895350244546011,0.4196034053488751,0.3749999531250059,3
POSCAR_Bi8Cr2_1,Bi8Cr2_1,0.214417,5.038432644336316,5.038432644336316,0.1680162121500326,0.2933709196420504,0.599999880000024,3
POSCAR_Bi8Cr2_1_st025,Bi8Cr2_1,0.194522,5.164393460444727,5.164393460444727,0.168016212150033,0.293370919642052,0.599999880000024,3
POSCAR_Bi8Cr2_1_st050,Bi8Cr2_1,0.186748,5.290354276553136,5.290354276553136,0.168016212150033,0.293370919642052,0.599999880000024,3
POSCAR_Bi8Cr2_1_st950,Bi8Cr2_1,0.248911,4.7865110121195045,4.7865110121195045,0.168016212150033,0.2933709196420518,0.599999880000024,3
POSCAR_Bi8Cr2_1_st975,Bi8Cr2_1,0.233235,4.912471828227912,4.912471828227912,0.168016212150033,0.2933709196420519,0.599999880000024,3
POSCAR_Bi8Cr2_1_x025,Bi8Cr2_1,0.216946,5.080180010109144,5.080180010109144,0.1680162121500325,0.2947643410661124,0.599999880000024,3
POSCAR_Bi8Cr2_1_x050,Bi8Cr2_1,0.244438,5.1225404541908,5.1225404541908,0.1680162121500325,0.2961783019035555,0.599999880000024,3
POSCAR_Bi8Cr2_1_x950,Bi8Cr2_1,0.267878,4.899022277120689,4.899022277120689,0.1680162121500325,0.2906565375384868,0.599999880000024,3
POSCAR_Bi8Cr2_1_x975,Bi8Cr2_1,0.227455,4.9683231560954,4.9683231560954,0.1680162121500326,0.2920007243889375,0.599999880000024,3
POSCAR_Bi8Cr2_1_y025,Bi8Cr2_1,0.216027,5.07943363373222,5.07943363373222,0.1680162121500326,0.2947801596860271,0.599999880000024,3
POSCAR_Bi8Cr2_1_y050,Bi8Cr2_1,0.24404,5.121841247212472,5.121841247212472,0.1680162121500325,0.2962095980722353,0.599999880000024,3
POSCAR_Bi8Cr2_1_y950,Bi8Cr2_1,0.26792,4.902771689800598,4.902771689800598,0.1680162121500325,0.2906238898645096,0.599999880000024,3
POSCAR_Bi8Cr2_1_y975,Bi8Cr2_1,0.2292,4.972049896376967,4.972049896376967,0.1680162121500326,0.2919845675558549,0.599999880000024,3
POSCAR_Bi8Cr2_1_z025,Bi8Cr2_1,0.220196,5.027174832490771,5.027174832490771,0.1680162121500325,0.2906240764256124,0.599999880000024,3
POSCAR_Bi8Cr2_1_z050,Bi8Cr2_1,0.21199,5.012547938368042,5.012547938368042,0.1680162121500325,0.2879453796372165,0.599999880000024,3
POSCAR_Bi8Cr2_1_z950,Bi8Cr2_1,0.264134,4.954596811228504,4.954596811228504,0.1680162121500325,0.2990634587032129,0.599999880000024,3
POSCAR_Bi8Cr2_1_z975,Bi8Cr2_1,0.233519,4.995374597733041,4.995374597733041,0.1680162121500325,0.2961846137995224,0.599999880000024,3
POSCAR_Bi8Fe2_1,Bi8Fe2_1,0.014465,2.702546331884601,2.702546331884601,0.1196928058079022,0.0029910043753723,0.4285713673469475,3
POSCAR_Bi8Fe2_1_st025,Bi8Fe2_1,0.010905,2.770109990181709,2.770109990181709,0.1196928058079022,0.0029910043753729,0.4285713673469475,3
POSCAR_Bi8Fe2_1_st050,Bi8Fe2_1,0.010092,2.837673648478824,2.837673648478824,0.1196928058079023,0.0029910043753727,0.4285713673469475,3
POSCAR_Bi8Fe2_1_st950,Bi8Fe2_1,0.014003,2.567419015290364,2.567419015290364,0.1196928058079022,0.0029910043753727,0.4285713673469475,3
POSCAR_Bi8Fe2_1_st975,Bi8Fe2_1,0.012232,2.634982673587481,2.634982673587481,0.1196928058079022,0.002991004375373,0.4285713673469475,3
POSCAR_Bi8Fe2_1_x025,Bi8Fe2_1,0.010884,2.703746449049253,2.703746449049253,0.1196928058079022,0.0029648963975666,0.4285713673469475,3
POSCAR_Bi8Fe2_1_x975,Bi8Fe2_1,0.013197,2.7015339059520014,2.7015339059520014,0.1196928058079021,0.0030175052370723,0.4285713673469475,3
POSCAR_Bi8Fe2_1_y025,Bi8Fe2_1,0.012982,2.702984117527555,2.702984117527555,0.1196928058079021,0.0029979686931587,0.4285713673469475,3
POSCAR_Bi8Fe2_1_y050,Bi8Fe2_1,0.012754,2.7036779113480613,2.7036779113480613,0.1196928058079022,0.0030054225991855,0.4285713673469475,3
POSCAR_Bi8Fe2_1_y950,Bi8Fe2_1,0.012697,2.702439210028983,2.702439210028983,0.1196928058079021,0.0029786366584441,0.4285713673469475,3
POSCAR_Bi8Fe2_1_y975,Bi8Fe2_1,0.011313,2.702364678837651,2.702364678837651,0.1196928058079021,0.0029845435105563,0.4285713673469475,3
POSCAR_Bi8Fe2_1_z025,Bi8Fe2_1,0.012259,2.768904463735057,2.768904463735057,0.1196928058079021,0.0030107071888545,0.4285713673469475,3
POSCAR_Bi8Fe2_1_z050,Bi8Fe2_1,0.013003,2.835663894033581,2.835663894033581,0.1196928058079022,0.0030306351023041,0.4285713673469475,3
POSCAR_Bi8Fe2_1_z950,Bi8Fe2_1,0.010492,2.5711580621636667,2.5711580621636667,0.1196928058079021,0.0029523923003252,0.4285713673469475,3
POSCAR_Bi8Fe2_1_z975,Bi8Fe2_1,0.010725,2.6366197980965747,2.6366197980965747,0.1196928058079022,0.0029715422597228,0.4285713673469475,3
POSCAR_Bi8Ru2_1,Bi8Ru2_1,0.377059,4.728449387046764,4.728449387046764,0.1308301981708706,0.2383620727121018,0.4285713673469475,3
POSCAR_Bi8Ru2_1_st025,Bi8Ru2_1,0.323275,4.84666062172293,4.84666062172293,0.130830198170871,0.2383620727121042,0.4285713673469475,3
POSCAR_Bi8Ru2_1_st050,Bi8Ru2_1,0.265886,4.9648718563991,4.9648718563991,0.130830198170871,0.2383620727121041,0.4285713673469475,3
POSCAR_Bi8Ru2_1_x025,Bi8Ru2_1,0.378504,4.787940274663613,4.787940274663613,0.1308301981708706,0.2400966331678319,0.4285713673469475,3
POSCAR_Bi8Ru2_1_x050,Bi8Ru2_1,0.359779,4.848142430504315,4.848142430504315,0.1308301981708706,0.2418230757792399,0.4285713673469475,3
POSCAR_Bi8Ru2_1_x975,Bi8Ru2_1,0.368747,4.669696952003859,4.669696952003859,0.1308301981708707,0.2366207966342053,0.4285713673469475,3
POSCAR_Bi8Ru2_1_y050,Bi8Ru2_1,0.388722,4.728449496088926,4.728449496088926,0.1308301981708706,0.231498772900587,0.4285713673469475,3
POSCAR_Bi8Ru2_1_y975,Bi8Ru2_1,0.297356,4.728449332700793,4.728449332700793,0.1308301981708706,0.2418155221906377,0.4285713673469475,3
POSCAR_Bi8Ru2_1_z025,Bi8Ru2_1,0.380624,4.78789890139381,4.78789890139381,0.1308301981708706,0.2400676545939312,0.4285713673469475,3
POSCAR_Bi8Ru2_1_z050,Bi8Ru2_1,0.361625,4.84805970062325,4.84805970062325,0.1308301981708706,0.241765382425534,0.4285713673469475,3
POSCAR_Br4Cu2_1,Br4Cu2_1,0.154684,3.984839600819242,3.984839600819242,0.0332879418476944,0.1952670669192035,0.499999950000005,3
POSCAR_Br4Cu2_1_st025,Br4Cu2_1,0.159842,4.084460590839729,4.084460590839729,0.0332879418476943,0.1952670669192067,0.499999950000005,3
POSCAR_Br4Cu2_1_st050,Br4Cu2_1,0.150057,4.184081580860212,4.184081580860212,0.0332879418476943,0.1952670669192067,0.499999950000005,3
POSCAR_Br4Cu2_1_st950,Br4Cu2_1,0.143837,3.7855976207782858,3.7855976207782858,0.0332879418476943,0.1952670669192067,0.499999950000005,3
POSCAR_Br4Cu2_1_st975,Br4Cu2_1,0.133554,3.885218610798768,3.885218610798768,0.0332879418476943,0.1952670669192065,0.499999950000005,3
POSCAR_Br4Cu2_1_x025,Br4Cu2_1,0.163033,3.985009373178048,3.985009373178048,0.0332879418476944,0.19382358925528,0.499999950000005,3
POSCAR_Br4Cu2_1_x050,Br4Cu2_1,0.19291,3.985652878294773,3.985652878294773,0.0332879418476944,0.1924545464011201,0.499999950000005,3
POSCAR_Br4Cu2_1_x950,Br4Cu2_1,0.181216,3.760464181960223,3.760464181960223,0.0332879418476944,0.1983720711020243,0.499999950000005,3
POSCAR_Br4Cu2_1_x975,Br4Cu2_1,0.157311,3.872788505226359,3.872788505226359,0.0332879418476944,0.1967837897163999,0.499999950000005,3
POSCAR_Br4Cu2_1_y025,Br4Cu2_1,0.161023,3.986433942877152,3.986433942877152,0.0332879418476944,0.193822427198169,0.499999950000005,3
POSCAR_Br4Cu2_1_y050,Br4Cu2_1,0.189173,3.9871191896111897,3.9871191896111897,0.0332879418476944,0.1924518654900771,0.499999950000005,3
POSCAR_Br4Cu2_1_y950,Br4Cu2_1,0.179152,3.7591688548887134,3.7591688548887134,0.0332879418476944,0.1983731728854654,0.499999950000005,3
POSCAR_Br4Cu2_1_y975,Br4Cu2_1,0.157652,3.8714490760452143,3.8714490760452143,0.0332879418476944,0.1967845579099065,0.499999950000005,3
POSCAR_Br4Cu2_1_z025,Br4Cu2_1,0.160296,3.971362890183746,3.971362890183746,0.0332879418476944,0.1982581448327687,0.499999950000005,3
POSCAR_Br4Cu2_1_z050,Br4Cu2_1,0.20599,3.9593947595519055,3.9593947595519055,0.0332879418476944,0.2012960956823972,0.499999950000005,3
POSCAR_Br4Cu2_1_z950,Br4Cu2_1,0.142029,3.865843177291541,3.865843177291541,0.0332879418476944,0.1894995814849729,0.499999950000005,3
POSCAR_Br4Cu2_1_z975,Br4Cu2_1,0.136771,3.926685880099323,3.926685880099323,0.0332879418476944,0.192341111039628,0.499999950000005,3
POSCAR_Br4Mn2_1,Br4Mn2_1,0.335382,4.995159935998189,4.014749493096441,0.1615155190560983,0.6934751721723285,0.8333331944444675,3
POSCAR_Br4Mn2_1_st025,Br4Mn2_1,0.419079,5.120038934398146,4.115118230423851,0.1615155190560983,0.6934751721723282,0.8333331944444675,3
POSCAR_Br4Mn2_1_st050,Br4Mn2_1,0.464174,5.244917932798101,4.215486967751263,0.1615155190560983,0.6934751721723286,0.8333331944444675,3
POSCAR_Br4Mn2_1_st950,Br4Mn2_1,0.377484,4.74540193919828,3.8140120184416175,0.1615155190560982,0.6934751721723282,0.8333331944444675,3
POSCAR_Br4Mn2_1_st975,Br4Mn2_1,0.350945,4.870280937598236,3.91438075576903,0.1615155190560983,0.6934751721723288,0.8333331944444675,3
POSCAR_Br4Mn2_1_x025,Br4Mn2_1,0.345816,5.015524042132286,4.115118230432058,0.1615155190560983,0.6988022954243643,0.8333331944444675,3
POSCAR_Br4Mn2_1_x050,Br4Mn2_1,0.33822,5.036305636946479,4.215486967732837,0.1615155190560983,0.7041247468625063,0.8333331944444675,3
POSCAR_Br4Mn2_1_x950,Br4Mn2_1,0.309725,4.955704670894626,3.814012018429725,0.1615155190560983,0.6828220263713498,0.8333331944444675,3
POSCAR_Br4Mn2_1_x975,Br4Mn2_1,0.30576,4.975218444983163,3.914380755730503,0.1615155190560983,0.6881470924488695,0.8333331944444675,3
POSCAR_Br4Mn2_1_y025,Br4Mn2_1,0.374995,5.045177366321603,4.014749493131282,0.1615155190560983,0.6830201984730417,0.8333331944444675,3
POSCAR_Br4Mn2_1_y050,Br4Mn2_1,0.446626,5.095920900119933,4.014749493131281,0.1615155190560983,0.6726418900285378,0.8333331944444675,3
POSCAR_Br4Mn2_1_y950,Br4Mn2_1,0.377984,4.89739205240761,4.014749493131282,0.1615155190560983,0.7145794554037332,0.8333331944444675,3
POSCAR_Br4Mn2_1_y975,Br4Mn2_1,0.356352,4.945890638186062,4.014749493131282,0.1615155190560983,0.703998079755558,0.8333331944444675,3
POSCAR_Br4Mn2_1_z025,Br4Mn2_1,0.365554,5.050619042788142,4.014749493131282,0.1615155190560983,0.6986384073994035,0.8333331944444675,3
POSCAR_Br4Mn2_1_z050,Br4Mn2_1,0.427812,5.1068232316487645,4.014749493131282,0.1615155190560983,0.7038005676819289,0.8333331944444675,3
POSCAR_Br4Mn2_1_z950,Br4Mn2_1,0.395241,4.88657810245886,4.014749493131281,0.1615155190560982,0.6831646635644775,0.8333331944444675,3
POSCAR_Br4Mn2_1_z975,Br4Mn2_1,0.361785,4.940471002984976,4.014749493131282,0.1615155190560982,0.6883155973207823,0.8333331944444675,3
POSCAR_Br4Mo2_1,Br4Mo2_1,0.222303,5.477680196746955,3.921844574234834,0.1589912279557772,0.7262731600195399,0.99999980000004,3
POSCAR_Br4Mo2_1_st025,Br4Mo2_1,0.200695,5.614622201665648,4.019890688590705,0.4810380910397513,0.5229999670556229,0.99999980000004,2
POSCAR_Br4Mo2_1_st050,Br4Mo2_1,0.211194,5.751564206584324,4.117936802946575,0.4810380910397514,0.5229999670556231,0.99999980000004,2
POSCAR_Br4Mo2_1_st950,Br4Mo2_1,0.316527,5.203796186909625,3.7257523455230928,0.1589912279557775,0.7262731600195363,0.99999980000004,3
POSCAR_Br4Mo2_1_st975,Br4Mo2_1,0.263263,5.3407381918283,3.8237984598789634,0.1589912279557774,0.7262731600195357,0.99999980000004,3
POSCAR_Br4Mo2_1_x025,Br4Mo2_1,0.260876,5.495318351105673,4.019890688615489,0.1589912279557772,0.7293838373344296,0.99999980000004,3
POSCAR_Br4Mo2_1_x050,Br4Mo2_1,0.277433,5.51333388983317,4.117936802930569,0.1589912279557772,0.7325295521292371,0.99999980000004,3
POSCAR_Br4Mo2_1_x950,Br4Mo2_1,0.295501,5.443550636258862,3.7257523455704886,0.1589912279557772,0.7201677039442534,0.99999980000004,3
POSCAR_Br4Mo2_1_x975,Br4Mo2_1,0.219377,5.460423083833001,3.823798459885489,0.1589912279557772,0.7232002040632647,0.99999980000004,3
POSCAR_Br4Mo2_1_y025,Br4Mo2_1,0.206503,5.531570881184296,3.921844574200488,0.4897151318416687,0.5142877862623142,0.99999980000004,2
POSCAR_Br4Mo2_1_y050,Br4Mo2_1,0.191946,5.586254126705213,3.9218445742004886,0.4984497542686478,0.5056565352933952,0.99999980000004,2
POSCAR_Br4Mo2_1_y950,Br4Mo2_1,0.278704,5.3723715640179135,3.9218445742004886,0.1589912279557772,0.7490614205276919,0.99999980000004,3
POSCAR_Br4Mo2_1_y975,Br4Mo2_1,0.247912,5.424605694490187,3.921844574200488,0.1589912279557772,0.7376310695451392,0.99999980000004,3
POSCAR_Br4Mo2_1_z025,Br4Mo2_1,0.200175,5.544109741068064,3.9218445742004886,0.5380202177883416,0.5458635541498273,0.99999980000004,2
POSCAR_Br4Mo2_1_z050,Br4Mo2_1,0.204334,5.6113639372883,3.921844574200488,0.5418721345053159,0.5689818457630127,0.99999980000004,2
POSCAR_Br4Mo2_1_z950,Br4Mo2_1,0.332765,5.347417616632754,3.9218445742004886,0.1589912279557772,0.7098039945401019,0.99999980000004,3
POSCAR_Br4Mo2_1_z975,Br4Mo2_1,0.284962,5.412105670295672,3.921844574200488,0.1589912279557772,0.7180416815293521,0.99999980000004,3
POSCAR_Br4Ru2_1,Br4Ru2_1,0.470753,5.007926223525896,4.197459755916638,0.1609209880802053,0.7080994935501219,0.7142856122449125,3
POSCAR_Br4Ru2_1_st025,Br4Ru2_1,0.473866,5.133124379114018,4.302396249814552,0.1609209880802053,0.7080994935501242,0.7142856122449125,3
POSCAR_Br4Ru2_1_st050,Br4Ru2_1,0.320171,5.258322534702167,4.40733274371247,0.1609209880802053,0.7080994935501241,0.7142856122449125,3
POSCAR_Br4Ru2_1_st950,Br4Ru2_1,0.655218,4.75752991234958,3.987586768120804,0.1609209880802053,0.7080994935501246,0.7142856122449125,3
POSCAR_Br4Ru2_1_st975,Br4Ru2_1,0.556072,4.882728067937727,4.092523262018721,0.1609209880802053,0.7080994935501245,0.7142856122449125,3
POSCAR_Br4Ru2_1_x025,Br4Ru2_1,0.473608,5.030106775661099,4.302396249812463,0.1609209880802053,0.7137096711970752,0.7142856122449125,3
POSCAR_Br4Ru2_1_x050,Br4Ru2_1,0.467284,5.052734562744008,4.407332743756695,0.1609209880802053,0.7193059825791014,0.7142856122449125,3
POSCAR_Br4Ru2_1_x950,Br4Ru2_1,0.416363,4.964930679360368,3.987586768079837,0.1609209880802053,0.696852793573723,0.7142856122449125,3
POSCAR_Br4Ru2_1_x975,Br4Ru2_1,0.481224,4.986198874808987,4.092523262024067,0.1609209880802053,0.702479190638889,0.7142856122449125,3
POSCAR_Br4Ru2_1_y025,Br4Ru2_1,0.487517,5.058231003375707,4.197459755868231,0.1609209880802053,0.697911623042901,0.7142856122449125,3
POSCAR_Br4Ru2_1_y050,Br4Ru2_1,0.49405,5.109264531165271,4.197459755868231,0.1609209880802053,0.6877942112120684,0.7142856122449125,3
POSCAR_Br4Ru2_1_y950,Br4Ru2_1,0.502956,4.909592186898943,4.197459755868231,0.1609209880802053,0.7286521507585416,0.7142856122449125,3
POSCAR_Br4Ru2_1_y975,Br4Ru2_1,0.476405,4.958372372021299,4.197459755868231,0.1609209880802053,0.7183493815556034,0.7142856122449125,3
POSCAR_Br4Ru2_1_z025,Br4Ru2_1,0.485465,5.0616153678313625,4.197459755868231,0.1609209880802053,0.712705858270745,0.7142856122449125,3
POSCAR_Br4Ru2_1_z050,Br4Ru2_1,0.469932,5.116046530293712,4.197459755868231,0.1609209880802053,0.7173132323960146,0.7142856122449125,3
POSCAR_Br4Ru2_1_z950,Br4Ru2_1,0.499755,4.902871159518903,4.197459755868231,0.1609209880802053,0.6989070610454982,0.7142856122449125,3
POSCAR_Br4Ru2_1_z975,Br4Ru2_1,0.472305,4.955003217472649,4.197459755868231,0.1609209880802053,0.7034984031716004,0.7142856122449125,3
POSCAR_Br4V2_1,Br4V2_1,0.206193,4.920549333135142,4.037079244891546,0.1624446401668107,0.6939168651054948,1.249999687500078,3
POSCAR_Br4V2_1_st025,Br4V2_1,0.178227,5.043563066463508,4.138006226013833,0.1624446401668106,0.6939168651054968,1.249999687500078,3
POSCAR_Br4V2_1_st050,Br4V2_1,0.148294,5.166576799791888,4.238933207136124,0.1624446401668106,0.693916865105497,1.249999687500078,3
POSCAR_Br4V2_1_st950,Br4V2_1,0.195345,4.674521866478374,3.835225282646968,0.1624446401668107,0.6939168651054965,1.249999687500078,3
POSCAR_Br4V2_1_st975,Br4V2_1,0.238102,4.797535599806752,3.936152263769257,0.1624446401668107,0.6939168651054968,1.249999687500078,3
POSCAR_Br4V2_1_x025,Br4V2_1,0.20883,4.941459834994826,4.138006225992162,0.1624446401668106,0.6994798425919104,1.249999687500078,3
POSCAR_Br4V2_1_x050,Br4V2_1,0.211519,4.962795257821724,4.238933207184652,0.1624446401668107,0.705032390586369,1.249999687500078,3
POSCAR_Br4V2_1_x950,Br4V2_1,0.193168,4.88002483028646,3.83522528261469,0.1624446401668106,0.6827749837260382,1.249999687500078,3
POSCAR_Br4V2_1_x975,Br4V2_1,0.200438,4.900069192128428,3.936152263807181,0.1624446401668106,0.6883472288249516,1.249999687500078,3
POSCAR_Br4V2_1_y025,Br4V2_1,0.161579,4.969472167937721,4.037079244899671,0.1624446401668106,0.6834115784783584,1.249999687500078,3
POSCAR_Br4V2_1_y050,Br4V2_1,0.156447,5.019108959796643,4.037079244899672,0.1624446401668106,0.6729802065377906,1.249999687500078,3
POSCAR_Br4V2_1_y950,Br4V2_1,0.268834,4.824932089464623,4.037079244899672,0.1624446401668106,0.7151130339398782,1.249999687500078,3
POSCAR_Br4V2_1_y975,Br4V2_1,0.241776,4.8723619618023095,4.037079244899672,0.1624446401668107,0.70448721126994,1.249999687500078,3
POSCAR_Br4V2_1_z025,Br4V2_1,0.210644,4.9746826064859615,4.037079244899671,0.1624446401668107,0.6988937466723867,1.249999687500078,3
POSCAR_Br4V2_1_z050,Br4V2_1,0.210824,5.029548697585914,4.037079244899672,0.1624446401668107,0.7038765237126572,1.249999687500078,3
POSCAR_Br4V2_1_z950,Br4V2_1,0.190324,4.814579780471619,4.037079244899672,0.1624446401668107,0.6839997039065102,1.249999687500078,3
POSCAR_Br4V2_1_z975,Br4V2_1,0.197918,4.867173329091199,4.037079244899672,0.1624446401668107,0.6889505532963305,1.249999687500078,3
POSCAR_Br6Pd2_1,Br6Pd2_1,0.135049,3.76729919506343,3.76729919506343,0.0937789647757399,0.0931969202870523,0.5555554938271674,3
POSCAR_Br6Pd2_1_st025,Br6Pd2_1,0.146259,3.8614816749400185,3.8614816749400185,0.0937789647757401,0.0931969202870512,0.5555554938271674,3
POSCAR_Br6Pd2_1_st050,Br6Pd2_1,0.146799,3.955664154816604,3.955664154816604,0.0937789647757402,0.0931969202870514,0.5555554938271674,3
POSCAR_Br6Pd2_1_st950,Br6Pd2_1,0.153696,3.5789342353102622,3.5789342353102622,0.0937789647757401,0.0931969202870513,0.5555554938271674,3
POSCAR_Br6Pd2_1_st975,Br6Pd2_1,0.134593,3.673116715186848,3.673116715186848,0.0937789647757401,0.0931969202870512,0.5555554938271674,3
POSCAR_Br6Pd2_1_x025,Br6Pd2_1,0.145872,3.839115820959804,3.839115820959804,0.0937789647757399,0.0933757089270929,0.5555554938271674,3
POSCAR_Br6Pd2_1_x050,Br6Pd2_1,0.160922,3.9113382327842254,3.9113382327842254,0.0937789647757399,0.0935483012331312,0.5555554938271674,3
POSCAR_Br6Pd2_1_x950,Br6Pd2_1,0.130234,3.624979637330767,3.624979637330767,0.0937789647757398,0.0928205137274062,0.5555554938271674,3
POSCAR_Br6Pd2_1_x975,Br6Pd2_1,0.12849,3.695912010124641,3.695912010124641,0.0937789647757399,0.0930118704155011,0.5555554938271674,3
POSCAR_Br6Pd2_1_y025,Br6Pd2_1,0.144064,3.782205159259152,3.782205159259152,0.0937789647757399,0.0942367511675484,0.5555554938271674,3
POSCAR_Br6Pd2_1_y975,Br6Pd2_1,0.162667,3.7320871152971566,3.7320871152971566,0.0937789647757399,0.0921670452785299,0.5555554938271674,3
POSCAR_Br6Pd2_1_z025,Br6Pd2_1,0.165181,3.754524553998056,3.754524553998056,0.0937789647757399,0.0919890651716973,0.5555554938271674,3
POSCAR_Br6Pd2_1_z975,Br6Pd2_1,0.145692,3.759353323859703,3.759353323859703,0.0937789647757398,0.0944226471860535,0.5555554938271674,3
POSCAR_C1Co2_1,C1Co2_1,0.436221,2.439897406010378,2.439897406010378,0.4999584813657193,1.3951158957795071,0.2499999687500039,2
POSCAR_C1Co2_1_st025,C1Co2_1,0.53284,2.5008948411606435,2.5008948411606435,0.5000415255306142,1.3951158957795076,0.2499999687500039,2
POSCAR_C1Co2_1_st050,C1Co2_1,0.539864,2.561892276310904,2.561892276310904,0.4999584813657195,1.3951158957795078,0.2499999687500039,2
POSCAR_C1Co2_1_st950,C1Co2_1,0.086892,2.3179025357098646,2.3179025357098646,0.4999584813657193,1.3951158957795076,0.2499999687500039,2
POSCAR_C1Co2_1_st975,C1Co2_1,0.248658,2.378899970860125,2.378899970860125,0.5000415255306139,1.3951158957795082,0.2499999687500039,2
POSCAR_C1Co2_1_x025,C1Co2_1,0.484156,2.4401105033042367,2.4401105033042367,0.4999584813657531,1.3747653909653617,0.2499999687500039,2
POSCAR_C1Co2_1_x050,C1Co2_1,0.519205,2.4407304707640454,2.4407304707640454,0.5000415255339125,1.3546965598191345,0.2499999687500039,2
POSCAR_C1Co2_1_x950,C1Co2_1,0.47406,2.4406920445570126,2.419296603197441,0.4999584813616869,1.4365815163130562,0.2499999687500039,2
POSCAR_C1Co2_1_x975,C1Co2_1,0.456843,2.440091285397988,2.440091285397988,0.5000415255310812,1.4157286759078778,0.2499999687500039,2
POSCAR_C2Cr2_3,C2Cr2_3,1.307269,2.810505461920024,2.726027856044911,0.25,0.4028169610757223,0.399999920000016,3
POSCAR_C2Cr2_3_st025,C2Cr2_3,1.366993,2.880768098468036,2.7941785524460334,0.25,0.4028169610757221,0.399999920000016,3
POSCAR_C2Cr2_3_st050,C2Cr2_3,1.316366,2.9510307350160363,2.862329248847156,0.2500000000000001,0.4028169610757222,0.399999920000016,3
POSCAR_C2Cr2_3_st950,C2Cr2_3,0.917226,2.6699801888240327,2.589726463242665,0.2499999999999999,0.4028169610757223,0.399999920000016,3
POSCAR_C2Cr2_3_st975,C2Cr2_3,1.209059,2.7402428253720337,2.657877159643788,0.2500000000000001,0.4028169610757222,0.399999920000016,3
POSCAR_C2Cr2_3_z025,C2Cr2_3,1.278276,2.85682363377814,2.7260278560181472,0.25,0.4019642121511527,0.399999920000016,3
POSCAR_C2Cr2_3_z050,C2Cr2_3,1.174445,2.903478945090654,2.7260278560181472,0.2499999999999999,0.4010715385752141,0.399999920000016,3
POSCAR_C2Cr2_3_z950,C2Cr2_3,1.351724,2.6868729926303567,2.6868729926303567,0.25,0.4044035997917518,0.399999920000016,3
POSCAR_C2Cr2_3_z975,C2Cr2_3,1.334564,2.7485918031375007,2.726027856018147,0.2499999999999999,0.4036299668729711,0.399999920000016,3
POSCAR_C2Cr2_5,C2Cr2_5,0.475645,2.6152116438576605,2.6152116438576605,0.3333333333333333,0.6204242273692063,0.399999920000016,3
POSCAR_C2Cr2_5_st025,C2Cr2_5,0.320549,2.6805919349541,2.6805919349541,0.3333333333333333,0.6204242273692068,0.399999920000016,3
POSCAR_C2Cr2_5_st050,C2Cr2_5,0.413066,2.745972226050542,2.745972226050542,0.3333333333333333,0.6204242273692064,0.399999920000016,3
POSCAR_C2Cr2_5_st950,C2Cr2_5,0.536925,2.4844510616647764,2.4844510616647764,0.3333333333333333,0.6204242273692067,0.399999920000016,3
POSCAR_C2Cr2_5_st975,C2Cr2_5,0.551807,2.549831352761217,2.549831352761217,0.3333333333333333,0.6204242273692061,0.399999920000016,3
POSCAR_C2Cr2_5_x025,C2Cr2_5,0.442196,2.615211643502409,2.615211643502409,0.3333333333333333,0.62629478322399,0.399999920000016,3
POSCAR_C2Cr2_5_x050,C2Cr2_5,0.523403,2.615211643154175,2.615211643154175,0.3333333333333333,0.6322211601395888,0.399999920000016,3
POSCAR_C2Cr2_5_x950,C2Cr2_5,0.573522,2.615211644574457,2.615211644574457,0.3333333333333332,0.6088870682862225,0.399999920000016,3
POSCAR_C2Cr2_5_x975,C2Cr2_5,0.528646,2.615211644212548,2.615211644212548,0.3333333333333333,0.6146185361257333,0.399999920000016,3
POSCAR_C2Cr2_5_y050,C2Cr2_5,0.539763,2.61521164381411,2.61521164381411,0.3333333333333333,0.6324081870461323,0.399999920000016,3
POSCAR_C2Cr2_5_y950,C2Cr2_5,0.578519,2.615211643897416,2.615211643897416,0.3333333333333333,0.6086916736344724,0.399999920000016,3
POSCAR_C2Cr2_5_y975,C2Cr2_5,0.539686,2.615211643876167,2.615211643876167,0.3333333333333333,0.6145218139634673,0.399999920000016,3
POSCAR_C2Cr2_5_z025,C2Cr2_5,0.398282,2.680591935324281,2.680591935324281,0.3333333333333334,0.6087268082529681,0.399999920000016,3
POSCAR_C2Cr2_5_z050,C2Cr2_5,0.322922,2.7459722267968134,2.7459722267968134,0.3333333333333334,0.5971894478549816,0.399999920000016,3
POSCAR_C2Cr2_5_z950,C2Cr2_5,0.511611,2.484451060928443,2.484451060928443,0.3333333333333334,0.644267934789442,0.399999920000016,3
POSCAR_C2Cr2_5_z975,C2Cr2_5,0.51569,2.549831352389813,2.549831352389813,0.3333333333333333,0.6322741402571144,0.399999920000016,3
POSCAR_C2Fe2_3,C2Fe2_3,0.860968,2.5788775508547688,2.5788775508547688,0.3333333333333332,0.6195097573867507,0.285714244897965,3
POSCAR_C2Fe2_3_st025,C2Fe2_3,0.948308,2.64334948962614,2.64334948962614,0.3333333333333333,0.6195097573867507,0.285714244897965,3
POSCAR_C2Fe2_3_st050,C2Fe2_3,0.928366,2.707821428397509,2.707821428397509,0.3333333333333335,0.6195097573867508,0.285714244897965,3
POSCAR_C2Fe2_3_st950,C2Fe2_3,0.55808,2.449933673312032,2.449933673312032,0.3333333333333334,0.6195097573867508,0.285714244897965,3
POSCAR_C2Fe2_3_x050,C2Fe2_3,1.065433,2.578877542049814,2.578877542049814,0.3333333333333333,0.6311968491863622,0.285714244897965,3
POSCAR_C2Fe2_3_x950,C2Fe2_3,0.760905,2.5788775596653366,2.5788775596653366,0.3333333333333332,0.6080887332393137,0.285714244897965,3
POSCAR_C2Fe2_3_x975,C2Fe2_3,0.823501,2.578877555260197,2.578877555260197,0.3333333333333332,0.6137614850423864,0.285714244897965,3
POSCAR_C2Fe2_3_y050,C2Fe2_3,0.956478,2.5788775265773696,2.5788775265773696,0.3333333333333333,0.6316747056329931,0.285714244897965,3
POSCAR_C2Fe2_3_y975,C2Fe2_3,0.840108,2.57887756300037,2.57887756300037,0.3333333333333333,0.6135155905793146,0.285714244897965,3
POSCAR_C2Fe2_3_z025,C2Fe2_3,1.032419,2.643349506156937,2.643349506156937,0.3333333333333332,0.6077789468040634,0.285714244897965,3
POSCAR_C2Mo2_4,C2Mo2_4,0.014086,2.8769690291585945,2.8769690291585945,0.3333333333333332,0.5813718054927873,0.399999920000016,3
POSCAR_C2Sc2_4,C2Sc2_4,0.01058,3.154937481531421,3.154937481531421,0.25,0.2386410784765692,0.99999950000025,3
POSCAR_Cd2F6_3,Cd2F6_3,0.224365,3.658333470906373,3.658333470906373,0.1611853053822809,0.3487852864615919,0.499999950000005,3
POSCAR_Cl4Co2_1,Cl4Co2_1,0.169452,3.8726870049972586,3.8726870049972586,0.0347353692879259,0.1786607100635682,0.6249999218750099,3
POSCAR_Cl4Co2_1_st025,Cl4Co2_1,0.13547,3.96950418012219,3.96950418012219,0.0347353692879259,0.1786607100635681,0.6249999218750099,3
POSCAR_Cl4Co2_1_st050,Cl4Co2_1,0.139004,4.066321355247123,4.066321355247123,0.0347353692879259,0.1786607100635682,0.6249999218750099,3
POSCAR_Cl4Co2_1_st950,Cl4Co2_1,0.268281,3.6790526547473967,3.6790526547473967,0.0347353692879258,0.1786607100635681,0.6249999218750099,3
POSCAR_Cl4Co2_1_st975,Cl4Co2_1,0.218257,3.775869829872327,3.775869829872327,0.0347353692879259,0.1786607100635682,0.6249999218750099,3
POSCAR_Cl4Co2_1_x025,Cl4Co2_1,0.17436,3.8744911365069705,3.8744911365069705,0.0347353692879259,0.1799728220130288,0.6249999218750099,3
POSCAR_Cl4Co2_1_x050,Cl4Co2_1,0.177316,3.875029139116009,3.875029139116009,0.0347353692879259,0.1812575593262023,0.6249999218750099,3
POSCAR_Cl4Co2_1_x950,Cl4Co2_1,0.261022,3.706832278971848,3.706832278971848,0.0347353692879259,0.1759535099450673,0.6249999218750099,3
POSCAR_Cl4Co2_1_x975,Cl4Co2_1,0.213541,3.790203664590576,3.790203664590576,0.0347353692879258,0.1773209925594027,0.6249999218750099,3
POSCAR_Cl4Co2_1_y025,Cl4Co2_1,0.17403,3.872853979677043,3.872853979677043,0.0347353692879259,0.1799648673224549,0.6249999218750099,3
POSCAR_Cl4Co2_1_y050,Cl4Co2_1,0.177033,3.873376654173188,3.873376654173188,0.0347353692879259,0.1812415768852203,0.6249999218750099,3
POSCAR_Cl4Co2_1_y950,Cl4Co2_1,0.261246,3.70625479443635,3.70625479443635,0.0347353692879259,0.1759691401762538,0.6249999218750099,3
POSCAR_Cl4Co2_1_y975,Cl4Co2_1,0.213865,3.789575704213735,3.789575704213735,0.0347353692879259,0.1773288593894298,0.6249999218750099,3
POSCAR_Cl4Co2_1_z025,Cl4Co2_1,0.158919,3.8865896870509,3.8865896870509,0.0347353692879259,0.1760083825924855,0.6249999218750099,3
POSCAR_Cl4Co2_1_z050,Cl4Co2_1,0.162487,3.900531438600277,3.900531438600277,0.0347353692879259,0.1733419356476472,0.6249999218750099,3
POSCAR_Cl4Co2_1_z950,Cl4Co2_1,0.199308,3.737010775741159,3.737010775741159,0.0347353692879258,0.1815832774188278,0.6249999218750099,3
POSCAR_Cl4Co2_1_z975,Cl4Co2_1,0.183003,3.804583793073488,3.804583793073488,0.0347353692879259,0.181294626361968,0.6249999218750099,3
POSCAR_Cl4Fe2_1,Cl4Fe2_1,0.116226,4.00182014836971,4.00182014836971,0.0349455875682703,0.1639803196832892,0.7142856122449125,3
POSCAR_Cl4Fe2_1_st025,Cl4Fe2_1,0.155493,4.101865652078953,4.101865652078953,0.0349455875682703,0.1639803196832892,0.7142856122449125,3
POSCAR_Cl4Fe2_1_st050,Cl4Fe2_1,0.147911,4.201911155788196,4.201911155788196,0.0349455875682703,0.1639803196832893,0.7142856122449125,3
POSCAR_Cl4Fe2_1_st950,Cl4Fe2_1,0.133815,3.801729140951224,3.801729140951224,0.0349455875682703,0.1639803196832893,0.7142856122449125,3
POSCAR_Cl4Fe2_1_st975,Cl4Fe2_1,0.124982,3.901774644660468,3.901774644660468,0.0349455875682703,0.1639803196832892,0.7142856122449125,3
POSCAR_Cl4Fe2_1_x025,Cl4Fe2_1,0.11544,4.003166596181945,4.003166596181945,0.0349455875682703,0.1653237318076493,0.7142856122449125,3
POSCAR_Cl4Fe2_1_x050,Cl4Fe2_1,0.122498,4.003605112342986,4.003605112342986,0.0349455875682703,0.1666427622306056,0.7142856122449125,3
POSCAR_Cl4Fe2_1_x950,Cl4Fe2_1,0.163679,3.841135914518215,3.841135914518215,0.0349455875682703,0.1612207335766267,0.7142856122449125,3
POSCAR_Cl4Fe2_1_x975,Cl4Fe2_1,0.125528,3.9207347679548,3.9207347679548,0.0349455875682703,0.1626126004929929,0.7142856122449125,3
POSCAR_Cl4Fe2_1_y025,Cl4Fe2_1,0.115131,4.001927483874541,4.001927483874541,0.0349455875682703,0.1653277099395123,0.7142856122449125,3
POSCAR_Cl4Fe2_1_y050,Cl4Fe2_1,0.123308,4.002375510115683,4.002375510115683,0.0349455875682703,0.1666507502906372,0.7142856122449125,3
POSCAR_Cl4Fe2_1_y950,Cl4Fe2_1,0.161029,3.842392798398967,3.842392798398967,0.0349455875682703,0.1612129013344173,0.7142856122449125,3
POSCAR_Cl4Fe2_1_y975,Cl4Fe2_1,0.122935,3.921988246761458,3.921988246761458,0.0349455875682703,0.1626086612312592,0.7142856122449125,3
POSCAR_Cl4Fe2_1_z025,Cl4Fe2_1,0.111928,4.020994294620889,4.020994294620889,0.0349455875682703,0.1612633455528131,0.7142856122449125,3
POSCAR_Cl4Fe2_1_z050,Cl4Fe2_1,0.132348,4.041880226944387,4.041880226944387,0.0349455875682703,0.1585454470642994,0.7142856122449125,3
POSCAR_Cl4Fe2_1_z950,Cl4Fe2_1,0.130768,3.858994880707015,3.858994880707015,0.0349455875682703,0.1693944686009471,0.7142856122449125,3
POSCAR_Cl4Fe2_1_z975,Cl4Fe2_1,0.117317,3.931009981166077,3.931009981166077,0.0349455875682703,0.1666921673156541,0.7142856122449125,3
POSCAR_Cl4Fe2_2,Cl4Fe2_2,0.347015,4.622953646919934,3.661157121259483,0.1601340872902955,0.7025295942368158,0.7142856122449125,3
POSCAR_Cl4Fe2_2_st025,Cl4Fe2_2,0.406956,4.7385274880929416,3.7526860492909706,0.1601340872902956,0.7025295942368193,0.7142856122449125,3
POSCAR_Cl4Fe2_2_st050,Cl4Fe2_2,0.480547,4.85410132926594,3.8442149773224576,0.1601340872902957,0.7025295942368193,0.7142856122449125,3
POSCAR_Cl4Fe2_2_st950,Cl4Fe2_2,0.46032,4.391805964573945,3.478099265196509,0.1601340872902956,0.7025295942368196,0.7142856122449125,3
POSCAR_Cl4Fe2_2_st975,Cl4Fe2_2,0.405822,4.507379805746944,3.569628193227997,0.1601340872902956,0.7025295942368193,0.7142856122449125,3
POSCAR_Cl4Fe2_2_x025,Cl4Fe2_2,0.303469,4.641218875178579,3.7526860492631857,0.1601340872902954,0.7075990446587049,0.7142856122449125,3
POSCAR_Cl4Fe2_2_x050,Cl4Fe2_2,0.299685,4.659861082096328,3.8442149772769487,0.1601340872902955,0.7126687639404663,0.7142856122449125,3
POSCAR_Cl4Fe2_2_x950,Cl4Fe2_2,0.388366,4.587572044586242,3.478099265221981,0.1601340872902954,0.6924062413761362,0.7142856122449125,3
POSCAR_Cl4Fe2_2_x975,Cl4Fe2_2,0.36253,4.6050698829743855,3.569628193235716,0.1601340872902955,0.6974640403080377,0.7142856122449125,3
POSCAR_Cl4Fe2_2_y025,Cl4Fe2_2,0.342196,4.670200355590101,3.66115712124945,0.1601340872902955,0.6923333390365053,0.7142856122449125,3
POSCAR_Cl4Fe2_2_y050,Cl4Fe2_2,0.406686,4.718123231705553,3.661157121249451,0.1601340872902955,0.6822181040358565,0.7142856122449125,3
POSCAR_Cl4Fe2_2_y950,Cl4Fe2_2,0.379596,4.530573046220339,3.66115712124945,0.1601340872902955,0.723131554673389,0.7142856122449125,3
POSCAR_Cl4Fe2_2_y975,Cl4Fe2_2,0.367105,4.576404047948744,3.661157121249451,0.1601340872902955,0.7127986495999893,0.7142856122449125,3
POSCAR_Cl4Fe2_2_z025,Cl4Fe2_2,0.344812,4.673902427033036,3.66115712124945,0.1601340872902955,0.7076896294357641,0.7142856122449125,3
POSCAR_Cl4Fe2_2_z050,Cl4Fe2_2,0.392718,4.725539720903183,3.661157121249451,0.1601340872902955,0.7128348361393818,0.7142856122449125,3
POSCAR_Cl4Fe2_2_z950,Cl4Fe2_2,0.412761,4.523214378290097,3.661157121249451,0.1601340872902955,0.692183480537421,0.7142856122449125,3
POSCAR_Cl4Fe2_2_z975,Cl4Fe2_2,0.362134,4.572716394747617,3.661157121249451,0.1601340872902955,0.6973592704976442,0.7142856122449125,3
POSCAR_Cl4Mn2_1,Cl4Mn2_1,0.313239,4.701380145127081,3.8238511089375673,0.1601505027776584,0.7041171239480332,0.8333331944444675,3
POSCAR_Cl4Mn2_1_st025,Cl4Mn2_1,0.275765,4.81891464875526,3.9194473866610062,0.1601505027776584,0.7041171239480332,0.8333331944444675,3
POSCAR_Cl4Mn2_1_st050,Cl4Mn2_1,0.265435,4.936449152383437,4.015043664384446,0.1601505027776584,0.7041171239480335,0.8333331944444675,3
POSCAR_Cl4Mn2_1_st950,Cl4Mn2_1,0.590347,4.466311137870728,3.632658553490689,0.1601505027776584,0.7041171239480332,0.8333331944444675,3
POSCAR_Cl4Mn2_1_st975,Cl4Mn2_1,0.425822,4.583845641498905,3.728254831214128,0.1601505027776585,0.7041171239480336,0.8333331944444675,3
POSCAR_Cl4Mn2_1_x025,Cl4Mn2_1,0.324178,4.721008792866758,3.919447386668879,0.1601505027776584,0.7094338276746299,0.8333331944444675,3
POSCAR_Cl4Mn2_1_x050,Cl4Mn2_1,0.319282,4.741037825704289,4.015043664397387,0.1601505027776584,0.7147447273243935,0.8333331944444675,3
POSCAR_Cl4Mn2_1_x950,Cl4Mn2_1,0.310436,4.66334412521799,3.632658553483352,0.1601505027776584,0.6934813551717309,0.8333331944444675,3
POSCAR_Cl4Mn2_1_x975,Cl4Mn2_1,0.293794,4.682156918061074,3.72825483121186,0.1601505027776584,0.6987983144077705,0.8333331944444675,3
POSCAR_Cl4Mn2_1_y025,Cl4Mn2_1,0.303635,4.74919438070188,3.8238511089403695,0.1601505027776584,0.6939481424275208,0.8333331944444675,3
POSCAR_Cl4Mn2_1_y050,Cl4Mn2_1,0.287445,4.7976948752976085,3.8238511089403695,0.1601505027776583,0.6838554966135262,0.8333331944444675,3
POSCAR_Cl4Mn2_1_y950,Cl4Mn2_1,0.458766,4.607895597544897,3.823851108940369,0.1601505027776584,0.7246501596049427,0.8333331944444675,3
POSCAR_Cl4Mn2_1_y975,Cl4Mn2_1,0.374828,4.654273318838562,3.823851108940369,0.1601505027776584,0.7143541360871613,0.8333331944444675,3
POSCAR_Cl4Mn2_1_z025,Cl4Mn2_1,0.305167,4.752380160104199,3.823851108940369,0.1601505027776584,0.7090020132210434,0.8333331944444675,3
POSCAR_Cl4Mn2_1_z050,Cl4Mn2_1,0.281173,4.804077764443044,3.823851108940369,0.1601505027776584,0.71388168265493,0.8333331944444675,3
POSCAR_Cl4Mn2_1_z950,Cl4Mn2_1,0.363993,4.601565345169369,3.8238511089403695,0.1601505027776584,0.6943496092344164,0.8333331944444675,3
POSCAR_Cl4Mn2_1_z975,Cl4Mn2_1,0.329854,4.651100667135999,3.8238511089403695,0.1601505027776584,0.6992314356463352,0.8333331944444675,3
POSCAR_Cl4Nb2_1,Cl4Nb2_1,0.236079,3.066501966411088,3.066501966411088,0.163777354387711,0.6878386245767842,1.249999687500078,3
POSCAR_Cl4Nb2_1_st025,Cl4Nb2_1,0.193539,3.1431645155713803,3.1431645155713803,0.1637773543877112,0.6878386245767895,1.249999687500078,3
POSCAR_Cl4Nb2_1_st050,Cl4Nb2_1,0.162697,3.2198270647316574,3.2198270647316574,0.1637773543877113,0.6878386245767895,1.249999687500078,3
POSCAR_Cl4Nb2_1_st950,Cl4Nb2_1,0.370204,2.9131768680905474,2.9131768680905474,0.1637773543877113,0.6878386245767895,1.249999687500078,3
POSCAR_Cl4Nb2_1_st975,Cl4Nb2_1,0.293543,2.9898394172508254,2.9898394172508254,0.1637773543877113,0.6878386245767895,1.249999687500078,3
POSCAR_Cl4Nb2_1_x025,Cl4Nb2_1,0.222597,3.0665981544415133,3.0665981544415133,0.163777354387711,0.6936741718389859,1.249999687500078,3
POSCAR_Cl4Nb2_1_x050,Cl4Nb2_1,0.210891,3.0669055156509817,3.0669055156509817,0.163777354387711,0.6994760670262664,1.249999687500078,3
POSCAR_Cl4Nb2_1_x950,Cl4Nb2_1,0.272087,3.066943145798916,3.066943145798916,0.163777354387711,0.6760779684394542,1.249999687500078,3
POSCAR_Cl4Nb2_1_x975,Cl4Nb2_1,0.251996,3.066616971455041,3.066616971455041,0.163777354387711,0.6819722185047131,1.249999687500078,3
POSCAR_Cl4Nb2_2,Cl4Nb2_2,0.148784,4.792508893285177,4.045825187720284,0.1587889768105453,0.7506408399820862,1.249999687500078,3
POSCAR_Cl4Nb2_2_st025,Cl4Nb2_2,0.115968,4.912321615617306,4.1469708174132895,0.1587889768105454,0.7506408399820856,1.249999687500078,3
POSCAR_Cl4Nb2_2_st050,Cl4Nb2_2,0.086537,5.032134337949435,4.248116447106299,0.1587889768105453,0.7506408399820858,1.249999687500078,3
POSCAR_Cl4Nb2_2_st950,Cl4Nb2_2,0.249077,4.552883448620919,3.8435339283342698,0.1587889768105453,0.7506408399820861,1.249999687500078,3
POSCAR_Cl4Nb2_2_st975,Cl4Nb2_2,0.192131,4.672696170953048,3.944679558027277,0.1587889768105454,0.7506408399820859,1.249999687500078,3
POSCAR_Cl4Nb2_2_x025,Cl4Nb2_2,0.135925,4.81405965630842,4.146970817440471,0.1587889768105453,0.7554861815143178,1.249999687500078,3
POSCAR_Cl4Nb2_2_x050,Cl4Nb2_2,0.109074,4.836043217521067,4.248116447151211,0.1587889768105454,0.7603315517571795,1.249999687500078,3
POSCAR_Cl4Nb2_2_x950,Cl4Nb2_2,0.180548,4.750729203070093,3.843533928308248,0.1587889768105454,0.740964796018494,1.249999687500078,3
POSCAR_Cl4Nb2_2_x975,Cl4Nb2_2,0.163502,4.771396792788862,3.9446795580189873,0.1587889768105454,0.7457991078849684,1.249999687500078,3
POSCAR_Cl4Nb2_2_y025,Cl4Nb2_2,0.137152,4.842197559135848,4.045825187729728,0.1587889768105454,0.7423777630006304,1.249999687500078,3
POSCAR_Cl4Nb2_2_y050,Cl4Nb2_2,0.126348,4.892589723194976,4.045825187729727,0.1587889768105454,0.733176004294964,1.249999687500078,3
POSCAR_Cl4Nb2_2_y950,Cl4Nb2_2,0.174528,4.695331078551472,4.045825187729728,0.1587889768105453,0.7416808529364304,1.249999687500078,3
POSCAR_Cl4Nb2_2_y975,Cl4Nb2_2,0.161192,4.743545833098279,4.045825187729727,0.1587889768105453,0.7461619944214017,1.249999687500078,3
POSCAR_Cl4Nb2_2_z025,Cl4Nb2_2,0.13724,4.842018372393027,4.045825187729728,0.1587889768105454,0.7413557403005142,1.249999687500078,3
POSCAR_Cl4Nb2_2_z050,Cl4Nb2_2,0.126539,4.892230799904825,4.045825187729728,0.1587889768105454,0.7321458074387872,1.249999687500078,3
POSCAR_Cl4Nb2_2_z950,Cl4Nb2_2,0.174297,4.695687404824222,4.045825187729727,0.1587889768105454,0.7426979679395377,1.249999687500078,3
POSCAR_Cl4Nb2_2_z975,Cl4Nb2_2,0.161077,4.743724372324087,4.045825187729728,0.1587889768105454,0.7471781547552172,1.249999687500078,3
POSCAR_Cl6Mn2_1,Cl6Mn2_1,0.340092,4.39073205845817,4.39073205845817,0.1058170727525441,0.6075714700482209,0.8333331944444675,3
POSCAR_Cl6Mn2_1_st025,Cl6Mn2_1,0.33923,4.500500359919624,4.500500359919624,0.105817072752544,0.6075714700482205,0.8333331944444675,3
POSCAR_Cl6Mn2_1_st050,Cl6Mn2_1,0.32566,4.6102686613810775,4.6102686613810775,0.105817072752544,0.6075714700482205,0.8333331944444675,3
POSCAR_Cl6Mn2_1_st950,Cl6Mn2_1,0.33698,4.17119545553526,4.17119545553526,0.105817072752544,0.6075714700482205,0.8333331944444675,3
POSCAR_Cl6Mn2_1_st975,Cl6Mn2_1,0.328984,4.280963756996715,4.280963756996715,0.105817072752544,0.607571470048221,0.8333331944444675,3
POSCAR_Cl6Nb2_1,Cl6Nb2_1,0.181156,3.122267355636531,3.122267355636531,0.0997882942908384,0.6200422943645478,1.249999687500078,3
POSCAR_Cl6Nb2_1_st025,Cl6Nb2_1,0.165758,3.200324039527468,3.200324039527468,0.0997882942908388,0.620042294364551,1.249999687500078,3
POSCAR_Cl6Nb2_1_st050,Cl6Nb2_1,0.161641,3.278380723418381,3.278380723418381,0.0997882942908388,0.620042294364551,1.249999687500078,3
POSCAR_Cl6Nb2_1_st950,Cl6Nb2_1,0.238798,2.9661539878547263,2.9661539878547263,0.0997882942908388,0.6200422943645514,1.249999687500078,3
POSCAR_Cl6Nb2_1_st975,Cl6Nb2_1,0.205939,3.044210671745641,3.044210671745641,0.0997882942908388,0.6200422943645513,1.249999687500078,3
POSCAR_Cl6Nb2_1_x975,Cl6Nb2_1,0.193386,3.1223868166840174,3.1223868166840174,0.0997882942908384,0.6146064025269882,1.249999687500078,3
POSCAR_Cl6Nb2_1_y975,Cl6Nb2_1,0.187295,3.121899760195993,3.121899760195993,0.0997882942908384,0.6147716874651675,1.249999687500078,3
POSCAR_Cl6Nb2_1_z025,Cl6Nb2_1,0.172583,3.2001977241614243,3.2001977241614243,0.0997882942908384,0.6093208789824102,1.249999687500078,3
POSCAR_Cl6Nb2_1_z050,Cl6Nb2_1,0.170124,3.2788690887754863,3.2788690887754863,0.0997882942908384,0.5986482751971501,1.249999687500078,3
POSCAR_Cl6Nb2_1_z950,Cl6Nb2_1,0.216265,2.968862467965891,2.968862467965891,0.0997882942908384,0.6415767007071098,1.249999687500078,3
POSCAR_Cl6Nb2_1_z975,Cl6Nb2_1,0.20183,3.0451348738710378,3.0451348738710378,0.0997882942908384,0.6307990388178148,1.249999687500078,3
POSCAR_Cl6Pd2_1,Cl6Pd2_1,0.140605,3.575394778176166,3.575394778176166,0.0929218671365521,0.0899381657154753,0.5555554938271674,3
POSCAR_Cl6Pd2_1_st025,Cl6Pd2_1,0.139208,3.66477964763057,3.66477964763057,0.0929218671365521,0.0899381657154753,0.5555554938271674,3
POSCAR_Cl6Pd2_1_st050,Cl6Pd2_1,0.157869,3.754164517084975,3.754164517084975,0.0929218671365521,0.0899381657154754,0.5555554938271674,3
POSCAR_Cl6Pd2_1_st950,Cl6Pd2_1,0.154469,3.3966250392673576,3.3966250392673576,0.0929218671365521,0.0899381657154754,0.5555554938271674,3
POSCAR_Cl6Pd2_1_st975,Cl6Pd2_1,0.147246,3.486009908721762,3.486009908721762,0.0929218671365521,0.0899381657154753,0.5555554938271674,3
POSCAR_Cl6Pd2_1_z025,Cl6Pd2_1,0.134424,3.607930797542561,3.607930797542561,0.0929218671365521,0.089088701597224,0.5555554938271674,3
POSCAR_Cl6Pd2_1_z050,Cl6Pd2_1,0.146978,3.642140805238947,3.642140805238947,0.0929218671365521,0.0882657549357986,0.5555554938271674,3
POSCAR_Cl6Pd2_1_z950,Cl6Pd2_1,0.161832,3.5155282300521384,3.5155282300521384,0.0929218671365521,0.091716582233119,0.5555554938271674,3
POSCAR_Cl6Pd2_1_z975,Cl6Pd2_1,0.149897,3.544578844585561,3.544578844585561,0.0929218671365521,0.0908141592411961,0.5555554938271674,3
POSCAR_Cl6Pd2_2,Cl6Pd2_2,0.227563,4.350510443991959,4.350510443991959,0.1069858469455535,0.6055287614334517,0.5555554938271674,3
POSCAR_Cl6Pd2_2_st025,Cl6Pd2_2,0.230997,4.459273205091758,4.459273205091758,0.1069858469455535,0.6055287614334517,0.5555554938271674,3
POSCAR_Cl6Pd2_2_st050,Cl6Pd2_2,0.235349,4.568035966191558,4.568035966191558,0.1069858469455535,0.6055287614334517,0.5555554938271674,3
POSCAR_Cl6Pd2_2_st950,Cl6Pd2_2,0.393454,4.132984921792362,4.132984921792362,0.1069858469455535,0.6055287614334517,0.5555554938271674,3
POSCAR_Cl6Pd2_2_st975,Cl6Pd2_2,0.306476,4.24174768289216,4.24174768289216,0.1069858469455535,0.6055287614334517,0.5555554938271674,3
POSCAR_Cl6Pd2_2_y025,Cl6Pd2_2,0.253626,4.46690229678396,4.46690229678396,0.1069858469455535,0.5994462706437823,0.5555554938271674,3
POSCAR_Cl6Pd2_2_z025,Cl6Pd2_2,0.24689,4.345057187779212,4.345057187779212,0.1069858469455535,0.6078131168539846,0.5555554938271674,3
POSCAR_Cl6Pd2_2_z050,Cl6Pd2_2,0.222453,4.34124162455159,4.34124162455159,0.1069858469455535,0.6103577231728025,0.5555554938271674,3
POSCAR_Cl6Pd2_2_z950,Cl6Pd2_2,0.402267,4.366303647980079,4.366303647980079,0.1069858469455535,0.6018151951053224,0.5555554938271674,3
POSCAR_Cl6Pd2_2_z975,Cl6Pd2_2,0.331124,4.3575952447318524,4.3575952447318524,0.1069858469455535,0.6035232134160814,0.5555554938271674,3
POSCAR_Cl6Ti2_1,Cl6Ti2_1,0.082741,3.6690451396989214,3.6690451396989214,0.0939557203316987,0.0142559626195792,1.666666111111296,3
POSCAR_Cl6Ti2_1_st025,Cl6Ti2_1,0.071826,3.760771268191396,3.760771268191396,0.0939557203316987,0.0142559626195791,1.666666111111296,3
POSCAR_Cl6Ti2_1_st050,Cl6Ti2_1,0.078844,3.852497396683869,3.852497396683869,0.0939557203316987,0.0142559626195791,1.666666111111296,3
POSCAR_Cl6Ti2_1_st950,Cl6Ti2_1,0.121141,3.485592882713977,3.485592882713977,0.0939557203316987,0.0142559626195791,1.666666111111296,3
POSCAR_Cl6Ti2_1_st975,Cl6Ti2_1,0.0986,3.5773190112064515,3.5773190112064515,0.0939557203316987,0.0142559626195792,1.666666111111296,3
POSCAR_Cl6Ti2_1_z025,Cl6Ti2_1,0.067208,3.738131543108461,3.738131543108461,0.0939557203316987,0.0142550961362811,1.666666111111296,3
POSCAR_Cl6Ti2_1_z050,Cl6Ti2_1,0.063883,3.80762425372685,3.80762425372685,0.0939557203316987,0.0142555810285242,1.666666111111296,3
POSCAR_Cl6Ti2_1_z950,Cl6Ti2_1,0.124972,3.532186479681896,3.532186479681896,0.0939557203316988,0.014262198903658,1.666666111111296,3
POSCAR_Cl6Ti2_1_z975,Cl6Ti2_1,0.100166,3.6003884329645937,3.6003884329645937,0.0939557203316987,0.0142582923217383,1.666666111111296,3
POSCAR_Cl6Zr2_1,Cl6Zr2_1,0.212412,3.822997129721098,3.822997129721098,0.0988004252893645,0.0060114636603936,1.666666111111296,3
POSCAR_Cl6Zr2_1_st025,Cl6Zr2_1,0.157286,3.918572057964124,3.918572057964124,0.0988004252893645,0.0060114636603936,1.666666111111296,3
POSCAR_Cl6Zr2_1_st050,Cl6Zr2_1,0.116923,4.014146986207153,4.014146986207153,0.0988004252893645,0.0060114636603936,1.666666111111296,3
POSCAR_Cl6Zr2_1_st975,Cl6Zr2_1,0.2861,3.727422201478072,3.727422201478072,0.0988004252893645,0.0060114636603936,1.666666111111296,3
POSCAR_Cl6Zr2_1_z025,Cl6Zr2_1,0.196574,3.8945876597791913,3.8945876597791913,0.0988004252893645,0.0060126533990532,1.666666111111296,3
POSCAR_Cl6Zr2_1_z050,Cl6Zr2_1,0.177064,3.966605885482841,3.966605885482841,0.0988004252893645,0.0060139382022916,1.666666111111296,3
POSCAR_Cl6Zr2_1_z950,Cl6Zr2_1,0.256554,3.681198820971188,3.681198820971188,0.0988004252893645,0.0060095252539246,1.666666111111296,3
POSCAR_Cl6Zr2_1_z975,Cl6Zr2_1,0.542894,3.751858778476188,3.751858778476188,0.0988004252893645,0.0060104072982366,1.666666111111296,3
POSCAR_Co2F4_1,Co2F4_1,0.494358,3.760911838353136,3.1190020846324296,0.159379928325103,0.7441642759666729,0.6249999218750099,3
POSCAR_Co2F4_1_st025,Co2F4_1,0.346171,3.854934634311945,3.19697713674824,0.1593799283251028,0.744164275966673,0.6249999218750099,3
POSCAR_Co2F4_1_st050,Co2F4_1,0.335497,3.948957430270772,3.274952188864051,0.1593799283251029,0.7441642759666731,0.6249999218750099,3
POSCAR_Co2F4_1_st950,Co2F4_1,0.50499,3.572866246435461,2.963051980400808,0.1593799283251028,0.7441642759666732,0.6249999218750099,3
POSCAR_Co2F4_1_st975,Co2F4_1,0.566609,3.666889042394288,3.0410270325166184,0.1593799283251028,0.744164275966673,0.6249999218750099,3
POSCAR_Co2F4_1_x025,Co2F4_1,0.477174,3.77724183740262,3.1969771367583624,0.159379928325103,0.7490105867365563,0.6249999218750099,3
POSCAR_Co2F4_1_x050,Co2F4_1,0.46945,3.793902138921075,3.2749521889110174,0.159379928325103,0.7538576800775593,0.6249999218750099,3
POSCAR_Co2F4_1_x950,Co2F4_1,0.31185,3.729260016103968,2.96305198040044,0.159379928325103,0.734488451476096,0.6249999218750099,3
POSCAR_Co2F4_1_x975,Co2F4_1,0.337486,3.74491646267642,3.041027032553081,0.159379928325103,0.7393223039328197,0.6249999218750099,3
POSCAR_Co2F4_1_y025,Co2F4_1,0.341145,3.800226417614845,3.119002084605722,0.159379928325103,0.7376915267645838,0.6249999218750099,3
POSCAR_Co2F4_1_y050,Co2F4_1,0.321763,3.840094242047568,3.119002084605722,0.1593799283251029,0.7282761080436634,0.6249999218750099,3
POSCAR_Co2F4_1_y950,Co2F4_1,0.479961,3.684013015483868,3.1190020846057216,0.1593799283251029,0.7346772885774576,0.6249999218750099,3
POSCAR_Co2F4_1_y975,Co2F4_1,0.507519,3.722168034911858,3.119002084605722,0.159379928325103,0.739424184648118,0.6249999218750099,3
POSCAR_Co2F4_1_z025,Co2F4_1,0.340785,3.8000211060303495,3.119002084605722,0.159379928325103,0.7346221319873643,0.6249999218750099,3
POSCAR_Co2F4_1_z050,Co2F4_1,0.321023,3.8396829039542095,3.119002084605722,0.159379928325103,0.7251602242596135,0.6249999218750099,3
POSCAR_Co2F4_1_z950,Co2F4_1,0.485982,3.684421025475807,3.119002084605722,0.1593799283251029,0.7376693395209969,0.6249999218750099,3
POSCAR_Co2F6_1,Co2F6_1,0.252775,3.700023878489645,3.700023878489645,0.0932638570714034,0.2876276865825684,0.6249999218750099,3
POSCAR_Co2F6_1_st025,Co2F6_1,0.232087,3.7925244754518856,3.7925244754518856,0.0932638570714034,0.2876276865825684,0.6249999218750099,3
POSCAR_Co2F6_1_st050,Co2F6_1,0.254027,3.885025072414128,3.885025072414128,0.0932638570714034,0.2876276865825685,0.6249999218750099,3
POSCAR_Co2F6_1_st950,Co2F6_1,0.355064,3.515022684565163,3.515022684565163,0.0932638570714034,0.2876276865825683,0.6249999218750099,3
POSCAR_Co2F6_1_st975,Co2F6_1,0.329482,3.607523281527405,3.607523281527405,0.0932638570714034,0.2876276865825684,0.6249999218750099,3
POSCAR_Co2F6_1_z025,Co2F6_1,0.259898,3.717827566481323,3.717827566481323,0.0932638570714035,0.2828926649106386,0.6249999218750099,3
POSCAR_Co2F6_1_z050,Co2F6_1,0.268445,3.7230596511109337,3.7230596511109337,0.0932638570714035,0.278165877279199,0.6249999218750099,3
POSCAR_Co2F6_1_z950,Co2F6_1,0.321827,3.6038385950235408,3.6038385950235408,0.0932638570714034,0.2970950562389533,0.6249999218750099,3
POSCAR_Co2F6_1_z975,Co2F6_1,0.283201,3.651631335496439,3.651631335496439,0.0932638570714034,0.2923642064372956,0.6249999218750099,3
POSCAR_Co2Ge2_1,Co2Ge2_1,0.424488,2.8020106267680465,2.8020106267680465,0.3333333333333333,0.666069985271733,0.2499999687500039,3
POSCAR_Co2Ge2_1_st025,Co2Ge2_1,0.448111,2.872060892437232,2.872060892437232,0.3333333333333333,0.6660699852717332,0.2499999687500039,3
POSCAR_Co2Ge2_1_st975,Co2Ge2_1,0.397261,2.7319603610988303,2.7319603610988303,0.3333333333333334,0.6660699852717331,0.2499999687500039,3
POSCAR_Co2Ge2_1_x025,Co2Ge2_1,0.443204,2.8020106270103,2.8020106270103,0.3333333333333333,0.6719114441347751,0.2499999687500039,3
POSCAR_Co2Ge2_1_x050,Co2Ge2_1,0.468445,2.802010627237057,2.802010627237057,0.3333333333333334,0.677800425142584,0.2499999687500039,3
POSCAR_Co2Ge2_1_x950,Co2Ge2_1,0.432027,2.802010626330081,2.802010626330081,0.3333333333333335,0.6545696193364338,0.2499999687500039,3
POSCAR_Co2Ge2_1_x975,Co2Ge2_1,0.408616,2.802010626556812,2.802010626556812,0.3333333333333333,0.6602859453337375,0.2499999687500039,3
POSCAR_Co2Ge2_1_y025,Co2Ge2_1,0.449002,2.802010627804139,2.802010627804139,0.3333333333333333,0.6714545340735698,0.2499999687500039,3
POSCAR_Co2Ge2_1_y050,Co2Ge2_1,0.477012,2.8020106288251814,2.8020106288251814,0.3333333333333333,0.676909246709869,0.2499999687500039,3
POSCAR_Co2Ge2_1_y975,Co2Ge2_1,0.404701,2.8020106257634203,2.8020106257634203,0.3333333333333333,0.6607643371466295,0.2499999687500039,3
POSCAR_Co2Ge2_1_z025,Co2Ge2_1,0.405355,2.872060891181298,2.872060891181298,0.3333333333333332,0.6549579917406763,0.2499999687500039,3
POSCAR_Co2Ge2_1_z050,Co2Ge2_1,0.380359,2.942111155629534,2.942111155629534,0.3333333333333333,0.6439497698952116,0.2499999687500039,3
POSCAR_Co2Ge2_1_z950,Co2Ge2_1,0.079842,2.661910097939681,2.661910097939681,0.3333333333333332,0.6885691120576309,0.2499999687500039,3
POSCAR_Co2Ge2_1_z975,Co2Ge2_1,0.417956,2.7319603623363333,2.7319603623363333,0.3333333333333332,0.6772769212749269,0.2499999687500039,3
POSCAR_Co2N2_1,Co2N2_1,0.801542,3.12885107782312,2.91958238562782,0.0833333333333333,0.755709936266582,0.3749999531250059,3
POSCAR_Co2N2_1_st975,Co2N2_1,0.676755,3.050629800877537,2.8465928259871243,0.0833333333333333,0.7557099362665847,0.3749999531250059,3
POSCAR_Co2N2_1_x025,Co2N2_1,0.80015,3.12893934368524,2.9195823856402514,0.0833333333333333,0.7551404356592976,0.3749999531250059,3
POSCAR_Co2N2_1_x050,Co2N2_1,0.775497,3.1292212368131467,2.9195823856402514,0.0833333333333333,0.7528966433594433,0.3749999531250059,3
POSCAR_Co2N2_1_x950,Co2N2_1,0.705061,3.103394982805099,2.8035377673089847,0.0833333333333333,0.7437599350339228,0.3749999531250059,3
POSCAR_Co2N2_1_y025,Co2N2_1,0.811564,3.1478894882970025,2.9510923866462955,0.0833333333333333,0.7533994352753776,0.3749999531250059,3
POSCAR_Co2N2_1_y050,Co2N2_1,0.766978,3.1477558028584136,2.951092386646296,0.0833333333333333,0.7511087896534883,0.3749999531250059,3
POSCAR_Co2N2_1_y950,Co2N2_1,0.714822,3.0859363013456744,2.7736032663604018,0.0833333333333333,0.7454461229448256,0.3749999531250059,3
POSCAR_Co2N2_1_y975,Co2N2_1,0.768119,3.1070862968730726,2.846592826000663,0.0833333333333333,0.7513743535276954,0.3749999531250059,3
POSCAR_Co2N2_1_z025,Co2N2_1,0.714222,3.185213692478557,2.9195823856402514,0.0833333333333333,0.7519769465125041,0.3749999531250059,3
POSCAR_Co2N2_1_z050,Co2N2_1,0.585749,3.241963742054467,2.919582385640252,0.0833333333333333,0.7482668091599043,0.3749999531250059,3
POSCAR_Co2N6_1,Co2N6_1,0.016956,5.273064823226911,3.022210452172998,0.1292944782159589,0.003792479131752,0.3749999531250059,3
POSCAR_Co2N6_1_st050,Co2N6_1,0.01304,5.5367180643882765,3.173320974781648,0.1292944782159608,0.0037924791317532,0.3749999531250059,3
POSCAR_Co2N6_1_st975,Co2N6_1,0.022534,5.141238202646254,2.946655190868673,0.1292944782159608,0.003792479131753,0.3749999531250059,3
POSCAR_Co2N6_1_x975,Co2N6_1,0.104351,5.25928718029144,2.982077755829082,0.1292944782159589,0.0037161540416572,0.3749999531250059,3
POSCAR_Co2N6_1_y025,Co2N6_1,0.011459,5.273130130566173,3.058541287970991,0.1292944782159589,0.0037799220633149,0.3749999531250059,3
POSCAR_Co2N6_1_y050,Co2N6_1,0.033065,5.273324280345935,3.058541287970991,0.1292944782159588,0.0037678643214386,0.3749999531250059,3
POSCAR_Co2N6_1_y950,Co2N6_1,0.024477,5.253379573391405,2.908033753690847,0.1292944782159588,0.0038191188182183,0.3749999531250059,3
POSCAR_Co2N6_1_y975,Co2N6_1,0.017137,5.266821722416236,2.9845609577379726,0.1292944782159589,0.0038055425069476,0.3749999531250059,3
POSCAR_Co2N6_1_z025,Co2N6_1,0.005492,5.391045509790761,3.022210452184615,0.1292944782159588,0.0037293185575235,0.3749999531250059,3
POSCAR_Co2N6_1_z950,Co2N6_1,0.006442,5.038083130305599,3.022210452184615,0.1292944782159589,0.0039206399302985,0.3749999531250059,3
POSCAR_Co2O2_1,Co2O2_1,0.463,3.2346681456614177,3.2346681456614177,0.0833333333333333,0.771321907686779,0.4999999375000079,3
POSCAR_Co2O2_1_st025,Co2O2_1,0.431608,3.3155348493029533,3.3155348493029533,0.0833333333333333,0.7713219076867789,0.4999999375000079,3
POSCAR_Co2O2_1_st050,Co2O2_1,0.400922,3.3964015529444893,3.3964015529444893,0.0833333333333333,0.771321907686779,0.4999999375000079,3
POSCAR_Co2O2_1_st950,Co2O2_1,0.32049,3.072934738378347,3.072934738378347,0.0833333333333333,0.771321907686779,0.4999999375000079,3
POSCAR_Co2O2_1_st975,Co2O2_1,0.427409,3.153801442019883,3.153801442019883,0.0833333333333333,0.7713219076867788,0.4999999375000079,3
POSCAR_Co2O2_1_x025,Co2O2_1,0.414121,3.236246027560459,3.236246027560459,0.0833333333333333,0.7682204447041764,0.4999999375000079,3
POSCAR_Co2O2_1_x050,Co2O2_1,0.408983,3.236591934390244,3.236591934390244,0.0833333333333333,0.7650890545124449,0.4999999375000079,3
POSCAR_Co2O2_1_x950,Co2O2_1,0.377742,3.182962287436554,3.1035266605696448,0.0833333333333333,0.7586276784103844,0.4999999375000079,3
POSCAR_Co2O2_1_x975,Co2O2_1,0.413531,3.2094226962044834,3.1851984148582626,0.0833333333333333,0.764903815933837,0.4999999375000079,3
POSCAR_Co2O2_1_y025,Co2O2_1,0.414639,3.236697491072355,3.236697491072355,0.0833333333333333,0.7681000312751151,0.4999999375000079,3
POSCAR_Co2O2_1_y050,Co2O2_1,0.408888,3.237039409008313,3.237039409008313,0.0833333333333333,0.7649678250093814,0.4999999375000079,3
POSCAR_Co2O2_1_y950,Co2O2_1,0.377421,3.1825429446982305,3.102677816859281,0.0833333333333333,0.7587421274791352,0.4999999375000079,3
POSCAR_Co2O2_1_y975,Co2O2_1,0.412977,3.208985419265747,3.1843272331231147,0.0833333333333333,0.765020805943343,0.4999999375000079,3
POSCAR_Co2O2_1_z025,Co2O2_1,0.430693,3.288366332339514,3.265976649386948,0.0833333333333333,0.7681285527107029,0.4999999375000079,3
POSCAR_Co2O2_1_z050,Co2O2_1,0.452675,3.34249629932457,3.265976649386949,0.0833333333333333,0.7649796107601413,0.4999999375000079,3
POSCAR_Co2O2_1_z950,Co2O2_1,0.373011,3.128655865017497,3.128655865017497,0.0833333333333333,0.7778649834627649,0.4999999375000079,3
POSCAR_Co2O2_1_z975,Co2O2_1,0.382229,3.18142360291008,3.18142360291008,0.0833333333333333,0.7745653271580861,0.4999999375000079,3
POSCAR_Co2P2_4,Co2P2_4,0.153976,3.9911531976483032,2.806200376076481,0.0833333333333333,0.7075683569067476,0.3749999531250059,3
POSCAR_Co2P2_4_st025,Co2P2_4,0.296743,4.090932027589514,2.876355385478393,0.0833333333333333,0.7075683569067475,0.3749999531250059,3
POSCAR_Co2P2_4_st975,Co2P2_4,0.060743,3.8913743677070975,2.736045366674569,0.0833333333333333,0.7075683569067478,0.3749999531250059,3
POSCAR_Co2P2_4_x025,Co2P2_4,0.182046,3.99201190825374,2.8071624833386144,0.0833333333333333,0.7089666973999521,0.3749999531250059,3
POSCAR_Co2P2_4_x050,Co2P2_4,0.22938,3.9922218486538985,2.8071624833386144,0.0833333333333333,0.7103501871168205,0.3749999531250059,3
POSCAR_Co2P2_4_x975,Co2P2_4,0.178526,3.9749732469967975,2.7360453666861173,0.0833333333333333,0.7022594165927472,0.3749999531250059,3
POSCAR_Co2P2_4_y025,Co2P2_4,0.184049,3.991225374665624,2.8062003760831646,0.0833333333333333,0.7091167122803563,0.3749999531250059,3
POSCAR_Co2P2_4_y050,Co2P2_4,0.230508,3.991434888855437,2.806200376083164,0.0833333333333333,0.7105030771391494,0.3749999531250059,3
POSCAR_Co2P2_4_y950,Co2P2_4,0.1811,3.960034624319772,2.666804359151421,0.0833333333333333,0.6967550721271001,0.3749999531250059,3
POSCAR_Co2P2_4_y975,Co2P2_4,0.176419,3.975743763683348,2.736983421245012,0.0833333333333333,0.7021162579246382,0.3749999531250059,3
POSCAR_Co2P2_4_z050,Co2P2_4,0.281652,4.158520591813302,2.8062003760831646,0.0833333333333333,0.6938158475907306,0.3749999531250059,3
POSCAR_Co2P2_4_z975,Co2P2_4,0.151389,3.907974344495672,2.8062003760831646,0.0833333333333333,0.7144769972027002,0.3749999531250059,3
POSCAR_Co2Pb2_4,Co2Pb2_4,0.01135,3.417431575523648,3.417431575523648,0.5001649610540968,5.196196838155481e-07,0.2499999687500039,3
POSCAR_Co2Pb2_4_st975,Co2Pb2_4,0.019632,3.3319957861355585,3.3319957861355585,0.500164961054099,5.196196838274434e-07,0.2499999687500039,3
POSCAR_Co2Pb2_4_x950,Co2Pb2_4,0.019873,3.329530296151615,3.329530296151615,0.5001649610540968,5.381389117023497e-07,0.2499999687500039,3
POSCAR_Co2Pb2_4_y950,Co2Pb2_4,0.006202,3.336761192162524,3.336761192162524,0.5001649610540968,5.188960038440725e-07,0.2499999687500039,3
POSCAR_Co2Pb2_4_y975,Co2Pb2_4,0.00553,3.3768024854138927,3.3768024854138927,0.5001649610540968,5.193096276741127e-07,0.2499999687500039,3
POSCAR_Co2Pb2_4_z025,Co2Pb2_4,0.041393,3.4174186133358413,3.4174186133358413,0.5001649610540968,5.283678362396796e-07,0.2499999687500039,3
POSCAR_Co2Pb2_4_z950,Co2Pb2_4,0.033744,3.381718429034772,3.381718429034772,0.5001649610540968,5.012358236388546e-07,0.2499999687500039,3
POSCAR_Co2Pb3_1_st025,Co2Pb3_1,0.016076,2.650905058098295,2.650905058098295,0.2365316876137815,0.0024334992940017,0.2499999687500039,3
POSCAR_Co2Pb3_1_st050,Co2Pb3_1,0.014646,2.7155612790275216,2.7155612790275216,0.2365316876137816,0.0024334992940017,0.2499999687500039,3
POSCAR_Co2Pb3_1_st975,Co2Pb3_1,0.016771,2.5215926162398405,2.5215926162398405,0.3047880341080261,0.0039473406008443,0.2499999687500039,3
POSCAR_Co2Pb3_1_x025,Co2Pb3_1,0.01703,2.614079970110357,2.614079970110357,0.3047880341080249,0.0039476893459498,0.2499999687500039,3
POSCAR_Co2Pb3_1_x050,Co2Pb3_1,0.01707,2.642177706374256,2.642177706374256,0.3047880341080248,0.0039481999112004,0.2499999687500039,3
POSCAR_Co2Pb3_1_x950,Co2Pb3_1,0.018434,2.511469810367333,2.511469810367333,0.2365316876137811,0.0024725060919622,0.2499999687500039,3
POSCAR_Co2Pb3_1_x975,Co2Pb3_1,0.017512,2.550092812657928,2.550092812657928,0.2365316876137811,0.0024529547662219,0.2499999687500039,3
POSCAR_Co2Pb3_1_y025,Co2Pb3_1,0.015126,2.606482297300189,2.606482297300189,0.3047880341080249,0.0039779798841926,0.2499999687500039,3
POSCAR_Co2Pb3_1_y050,Co2Pb3_1,0.014692,2.626999835348292,2.626999835348292,0.3047880341080249,0.004008594630797,0.2499999687500039,3
POSCAR_Co2Pb3_1_y950,Co2Pb3_1,0.01557,2.54666114021585,2.54666114021585,0.2365316876137811,0.0024024312882605,0.2499999687500039,3
POSCAR_Co2Pb3_1_y975,Co2Pb3_1,0.016964,2.566306174292209,2.566306174292209,0.2365316876137811,0.0024179804653921,0.2499999687500039,3
POSCAR_Co2Pb3_1_z025,Co2Pb3_1,0.015694,2.594606947996433,2.594606947996433,0.2365316876137811,0.0024372796421636,0.2499999687500039,3
POSCAR_Co2Pb3_1_z050,Co2Pb3_1,0.015914,2.6001494675567547,2.6001494675567547,0.2365316876137811,0.0024408157438599,0.2499999687500039,3
POSCAR_Co2Pb3_1_z950,Co2Pb3_1,0.016432,2.552780405327968,2.552780405327968,0.3047880341080248,0.0040102377375835,0.2499999687500039,3
POSCAR_Co2Pb3_1_z975,Co2Pb3_1,0.017723,2.569445242039869,2.569445242039869,0.3047880341080249,0.0039785214372127,0.2499999687500039,3
POSCAR_Co2S2_1,Co2S2_1,0.684412,2.5985704120071,2.5985704120071,0.3333333333333333,0.7009218146961682,0.4999999375000079,3
POSCAR_Co2S2_1_st025,Co2S2_1,1.089573,2.663534672307291,2.663534672307291,0.3333333333333333,0.7009218146961679,0.4999999375000079,3
POSCAR_Co2S2_1_st050,Co2S2_1,1.116118,2.728498932607468,2.728498932607468,0.3333333333333332,0.700921814696168,0.4999999375000079,3
POSCAR_Co2S2_1_st950,Co2S2_1,0.369147,2.468641891406757,2.468641891406757,0.3333333333333333,0.7009218146961682,0.4999999375000079,3
POSCAR_Co2S2_1_y050,Co2S2_1,1.030444,2.598570358533374,2.598570358533374,0.3333333333333333,0.7114497140965255,0.4999999375000079,3
POSCAR_Co2S2_1_z050,Co2S2_1,1.11311,2.728498976535218,2.728498976535218,0.3333333333333333,0.6800702660653125,0.4999999375000079,3
POSCAR_Co2S2_1_z975,Co2S2_1,0.501541,2.5336061297860826,2.5336061297860826,0.3333333333333333,0.7114293211176559,0.4999999375000079,3
POSCAR_Co2Sb3_1,Co2Sb3_1,0.012945,3.883322718638287,3.883322718638287,0.2843917826592074,0.0015437022247324,0.3749999531250059,3
POSCAR_Co2Sb3_1_st025,Co2Sb3_1,0.012175,3.980405786604284,3.980405786604284,0.2843917826592075,0.001543702224731,0.3749999531250059,3
POSCAR_Co2Sb3_1_st050,Co2Sb3_1,0.012119,4.077488854570242,4.077488854570242,0.2843917826592074,0.001543702224731,0.3749999531250059,3
POSCAR_Co2Sb3_1_st950,Co2Sb3_1,0.011287,3.6891565827064094,3.6891565827064094,0.2843917826592073,0.001543702224731,0.3749999531250059,3
POSCAR_Co2Sb3_1_x025,Co2Sb3_1,0.007706,3.883576603394305,3.883576603394305,0.2843917826592074,0.0015358558983187,0.3749999531250059,3
POSCAR_Co2Sb3_1_x050,Co2Sb3_1,0.008392,3.884155484306313,3.884155484306313,0.2843917826592075,0.0015280944303353,0.3749999531250059,3
POSCAR_Co2Sb3_1_x950,Co2Sb3_1,0.008238,3.81723600515875,3.81723600515875,0.2843917826592074,0.0015596258736878,0.3749999531250059,3
POSCAR_Co2Sb3_1_x975,Co2Sb3_1,0.009078,3.854060543729117,3.854060543729117,0.2843917826592075,0.0015516278314463,0.3749999531250059,3
POSCAR_Co2Sb3_1_y025,Co2Sb3_1,0.008434,3.892135487024405,3.892135487024405,0.2843917826592075,0.0015444181196841,0.3749999531250059,3
POSCAR_Co2Sb3_1_y050,Co2Sb3_1,0.008489,3.8927763014603456,3.8927763014603456,0.2843917826592074,0.0015451771843506,0.3749999531250059,3
POSCAR_Co2Sb3_1_y950,Co2Sb3_1,0.007248,3.8091159360286255,3.8091159360286255,0.2843917826592074,0.0015423936630252,0.3749999531250059,3
POSCAR_Co2Sb3_1_y975,Co2Sb3_1,0.008295,3.8457519502364574,3.8457519502364574,0.2843917826592074,0.0015430281410261,0.3749999531250059,3
POSCAR_Co2Sb3_1_z025,Co2Sb3_1,0.00843,3.942571931750195,3.942571931750195,0.2843917826592074,0.0015509347639077,0.3749999531250059,3
POSCAR_Co2Sb3_1_z050,Co2Sb3_1,0.01023,4.002377453171495,4.002377453171495,0.2843917826592075,0.0015582397128832,0.3749999531250059,3
POSCAR_Co2Sb3_1_z950,Co2Sb3_1,0.008606,3.766597982282835,3.766597982282835,0.2843917826592075,0.0015295042615828,0.3749999531250059,3
POSCAR_Co2Sb3_1_z975,Co2Sb3_1,0.00909,3.8246556679031087,3.8246556679031087,0.2843917826592074,0.0015365543800071,0.3749999531250059,3
POSCAR_Co2Se2_3,Co2Se2_3,0.223805,3.994524630229944,3.994524630229944,0.0833333333333333,0.7705520000311228,0.4999999375000079,3
POSCAR_Co2Se2_3_st025,Co2Se2_3,0.300606,4.094387745985714,4.094387745985714,0.0833333333333333,0.7705520000311208,0.4999999375000079,3
POSCAR_Co2Se2_3_st050,Co2Se2_3,0.284051,4.194250861741463,4.194250861741463,0.0833333333333333,0.7705520000311207,0.4999999375000079,3
POSCAR_Co2Se2_3_st950,Co2Se2_3,0.263571,3.794798398718468,3.794798398718468,0.0833333333333333,0.7705520000311208,0.4999999375000079,3
POSCAR_Co2Se2_3_st975,Co2Se2_3,0.274884,3.894661514474216,3.894661514474216,0.0833333333333333,0.7705520000311205,0.4999999375000079,3
POSCAR_Co2Se2_3_x025,Co2Se2_3,0.400636,3.994705026448,3.994705026448,0.0833333333333333,0.7694437914494806,0.4999999375000079,3
POSCAR_Co2Se2_3_x050,Co2Se2_3,0.36939,3.995170274688251,3.995170274688251,0.0833333333333333,0.7662572213576849,0.4999999375000079,3
POSCAR_Co2Se2_3_x950,Co2Se2_3,0.269651,3.929791875898198,3.838415816749922,0.0833333333333333,0.7594435649253357,0.4999999375000079,3
POSCAR_Co2Se2_3_x975,Co2Se2_3,0.249915,3.962415586843489,3.9394267593538665,0.0833333333333333,0.7657672099879148,0.4999999375000079,3
POSCAR_Co2Se2_3_y025,Co2Se2_3,0.400185,3.996095769397882,3.996095769397882,0.0833333333333333,0.7689554114793219,0.4999999375000079,3
POSCAR_Co2Se2_3_y050,Co2Se2_3,0.368886,3.99657131997188,3.99657131997188,0.0833333333333333,0.765768225515641,0.4999999375000079,3
POSCAR_Co2Se2_3_y950,Co2Se2_3,0.269626,3.9284882380831263,3.838160827621008,0.0833333333333333,0.7599043262572477,0.4999999375000079,3
POSCAR_Co2Se2_3_y975,Co2Se2_3,0.24916,3.9610736247823417,3.939165059995733,0.0833333333333333,0.7662415152767225,0.4999999375000079,3
POSCAR_Co2Se2_3_z025,Co2Se2_3,0.229524,4.060748709110749,4.038907548101735,0.0833333333333333,0.7674152406332991,0.4999999375000079,3
POSCAR_Co2Se2_3_z050,Co2Se2_3,0.239366,4.127506124955544,4.038907548101735,0.0833333333333333,0.7643227490695224,0.4999999375000079,3
POSCAR_Co2Se2_3_z950,Co2Se2_3,0.239172,3.863785958843793,3.863785958843793,0.0833333333333333,0.7769815681093756,0.4999999375000079,3
POSCAR_Co2Se2_3_z975,Co2Se2_3,0.450301,3.9288608578623374,3.9288608578623374,0.0833333333333333,0.7737387084042836,0.4999999375000079,3
POSCAR_Co2Se4_1,Co2Se4_1,0.702257,4.253458933558662,3.764366050740674,0.1832709964774061,0.4428760214440108,0.4999999375000079,3
POSCAR_Co2Se4_1_st025,Co2Se4_1,0.618155,4.359795406897598,3.858475202009191,0.1832709964774065,0.4428760214440068,0.4999999375000079,3
POSCAR_Co2Se4_1_st050,Co2Se4_1,0.572476,4.466131880236564,3.952584353277709,0.1832709964774065,0.4428760214440068,0.4999999375000079,3
POSCAR_Co2Se4_1_st975,Co2Se4_1,0.694908,4.147122460219667,3.670256899472158,0.1832709964774064,0.4428760214440069,0.4999999375000079,3
POSCAR_Co2Se4_1_x025,Co2Se4_1,0.72024,4.274489340409077,3.858475202039888,0.1832709964774061,0.434477030151095,0.4999999375000079,3
POSCAR_Co2Se4_1_x050,Co2Se4_1,0.725259,4.295932228905599,3.952584353321333,0.1832709964774061,0.4262315181059176,0.4999999375000079,3
POSCAR_Co2Se4_1_x950,Co2Se4_1,0.6371,4.212660154183659,3.5761477481955346,0.1832709964774061,0.460125046928168,0.4999999375000079,3
POSCAR_Co2Se4_1_x975,Co2Se4_1,0.672355,4.232847156542549,3.6702568994769664,0.1832709964774061,0.4514263187905844,0.4999999375000079,3
POSCAR_Co2Se4_1_y025,Co2Se4_1,0.713265,4.28975018404333,3.7643660507584,0.1832709964774061,0.4471841036819318,0.4999999375000079,3
POSCAR_Co2Se4_1_y050,Co2Se4_1,0.68114,4.326621881213574,3.7643660507584,0.183270996477406,0.451473918040129,0.4999999375000079,3
POSCAR_Co2Se4_1_y950,Co2Se4_1,0.66554,4.182676686348489,3.7643660507584,0.1832709964774061,0.4342201837073514,0.4999999375000079,3
POSCAR_Co2Se4_1_y975,Co2Se4_1,0.682238,4.217763112968898,3.764366050758399,0.1832709964774061,0.4385533903425603,0.4999999375000079,3
POSCAR_Co2Se4_1_z025,Co2Se4_1,0.634598,4.3033041714578575,3.764366050758399,0.183270996477406,0.4470525910534398,0.4999999375000079,3
POSCAR_Co2Se4_1_z050,Co2Se4_1,0.558679,4.353788260214444,3.7643660507584,0.1832709964774061,0.4512612672067964,0.4999999375000079,3
POSCAR_Co2Se4_1_z950,Co2Se4_1,0.774911,4.155776666793991,3.764366050758399,0.1832709964774061,0.4346369717318099,0.4999999375000079,3
POSCAR_Co2Se4_1_z975,Co2Se4_1,0.742814,4.204275268928613,3.7643660507584,0.1832709964774061,0.4387359564001861,0.4999999375000079,3
POSCAR_Co2Sn4_2,Co2Sn4_2,0.312815,4.699884092733023,3.458319070343089,0.1632929836820991,0.7158606495926292,0.2499999687500039,3
POSCAR_Co2Sn4_2_st050,Co2Sn4_2,0.376827,4.934878297369665,3.631235023860244,0.1632929836820991,0.7158606495926277,0.2499999687500039,3
POSCAR_Co2Sn4_2_x025,Co2Sn4_2,0.271046,4.715957096880088,3.544777047082654,0.1632929836820991,0.7203602623109981,0.2499999687500039,3
POSCAR_Co2Sn4_2_x050,Co2Sn4_2,0.008153,4.732370379973363,3.63123502385784,0.1632929836820992,0.7248719032882276,0.2499999687500039,3
POSCAR_Co2Sn4_2_x950,Co2Sn4_2,0.188268,4.668772904300136,3.285403116857091,0.1632929836820991,0.7069110843151737,0.2499999687500039,3
POSCAR_Co2Sn4_2_x975,Co2Sn4_2,0.196925,4.684154870275966,3.3718610936322846,0.1632929836820991,0.7113764166410064,0.2499999687500039,3
POSCAR_Co2Sn4_2_z975,Co2Sn4_2,0.00659,4.649407649704615,3.458319070307472,0.1632929836820991,0.7098312556504376,0.2499999687500039,3
POSCAR_Co2Tl3_1,Co2Tl3_1,0.013263,2.569285661240371,2.569285661240371,0.3054420925092163,0.0027520687304934,0.1249999843750019,3
POSCAR_Co2Tl3_1_st025,Co2Tl3_1,0.011903,2.6335178027713897,2.6335178027713897,0.3054420925092174,0.0027520687304901,0.1249999843750019,3
POSCAR_Co2Tl3_1_st050,Co2Tl3_1,0.012161,2.6977499443024,2.6977499443024,0.3054420925092174,0.0027520687304902,0.1249999843750019,3
POSCAR_Co2Tl3_1_st950,Co2Tl3_1,0.01392,2.4408213781783608,2.4408213781783608,0.3054420925092173,0.0027520687304904,0.1249999843750019,3
POSCAR_Co2Tl3_1_st975,Co2Tl3_1,0.013037,2.505053519709372,2.505053519709372,0.3054420925092174,0.0027520687304903,0.1249999843750019,3
POSCAR_Co2Tl3_1_x025,Co2Tl3_1,0.012936,2.5692856685028804,2.5692856685028804,0.3054420925092164,0.0027177242697612,0.1249999843750019,3
POSCAR_Co2Tl3_1_x050,Co2Tl3_1,0.012624,2.569285675842492,2.569285675842492,0.3054420925092164,0.0026838487166595,0.1249999843750019,3
POSCAR_Co2Tl3_1_x950,Co2Tl3_1,0.013478,2.569285647047985,2.569285647047985,0.3054420925092163,0.0028220997581237,0.1249999843750019,3
POSCAR_Co2Tl3_1_x975,Co2Tl3_1,0.01384,2.569285654105628,2.569285654105628,0.3054420925092164,0.002786866647576,0.1249999843750019,3
POSCAR_Co2Tl3_1_y025,Co2Tl3_1,0.012817,2.598365256097688,2.598365256097688,0.3054420925092164,0.0027399574337938,0.1249999843750019,3
POSCAR_Co2Tl3_1_y050,Co2Tl3_1,0.012216,2.627669389658261,2.627669389658261,0.3054420925092163,0.0027281127584655,0.1249999843750019,3
POSCAR_Co2Tl3_1_y950,Co2Tl3_1,0.014423,2.480315858189224,2.480315858189224,0.3054420925092163,0.0027770742250519,0.1249999843750019,3
POSCAR_Co2Tl3_1_y975,Co2Tl3_1,0.013847,2.525586489134742,2.525586489134742,0.3054420925092164,0.0027644426445299,0.1249999843750019,3
POSCAR_Co2Tl3_1_z025,Co2Tl3_1,0.013558,2.589866006748064,2.589866006748064,0.3054420925092163,0.0027987266532853,0.1249999843750019,3
POSCAR_Co2Tl3_1_z050,Co2Tl3_1,0.013408,2.6088296237381554,2.6088296237381554,0.3054420925092163,0.0028450568468832,0.1249999843750019,3
POSCAR_Co2Tl3_1_z950,Co2Tl3_1,0.012303,2.499228466121227,2.499228466121227,0.3054420925092164,0.0026578263902184,0.1249999843750019,3
POSCAR_Co2Tl3_1_z975,Co2Tl3_1,0.012766,2.5341360319330835,2.5341360319330835,0.3054420925092163,0.0027050968252907,0.1249999843750019,3
POSCAR_Cr2F4_cluster1,Cr2F4_cluster1,0.105181,3.723961895467701,3.553165274742594,0.1601963630228834,0.6592242644856852,0.99999980000004,3
POSCAR_Cr2F4_cluster1_st025,Cr2F4_cluster1,0.099398,3.817060942854393,3.641994406611159,0.1601963630228834,0.659224264485685,0.99999980000004,3
POSCAR_Cr2F4_cluster1_st050,Cr2F4_cluster1,0.095028,3.910159990241086,3.730823538479724,0.1601963630228834,0.6592242644856856,0.99999980000004,3
POSCAR_Cr2F4_cluster1_st950,Cr2F4_cluster1,0.120983,3.537763800694316,3.375507011005464,0.1601963630228834,0.6592242644856852,0.99999980000004,3
POSCAR_Cr2F4_cluster1_st975,Cr2F4_cluster1,0.112398,3.630862848081009,3.464336142874029,0.1601963630228834,0.6592242644856854,0.99999980000004,3
POSCAR_Cr2F4_cluster2,Cr2F4_cluster2,0.01327,3.443921280919064,3.443921280919064,0.1480075857451581,0.0008981975635202,0.99999980000004,3
POSCAR_Cr2F4_cluster2_st025,Cr2F4_cluster2,0.012463,3.5300193129420387,3.5300193129420387,0.1480075857451582,0.0008981975635202,0.99999980000004,3
POSCAR_Cr2F4_cluster2_st050,Cr2F4_cluster2,0.011722,3.616117344965016,3.616117344965016,0.1480075857451582,0.0008981975635202,0.99999980000004,3
POSCAR_Cr2F4_cluster2_st950,Cr2F4_cluster2,0.015228,3.27172521687311,3.27172521687311,0.1480075857451582,0.0008981975635202,0.99999980000004,3
POSCAR_Cr2F4_cluster2_st975,Cr2F4_cluster2,0.014187,3.3578232488960857,3.3578232488960857,0.1480075857451582,0.0008981975635202,0.99999980000004,3
POSCAR_Cr2F6_cluster1,Cr2F6_cluster1,0.09615,3.717618561504716,3.717618561504716,0.0963679302762778,0.3606431796451876,0.99999980000004,3
POSCAR_Cr2F6_cluster1_st025,Cr2F6_cluster1,0.177898,3.810559025542333,3.810559025542333,0.0963679302762779,0.3606431796451878,0.99999980000004,3
POSCAR_Cr2F6_cluster1_st050,Cr2F6_cluster1,0.167395,3.903499489579951,3.903499489579951,0.0963679302762778,0.3606431796451876,0.99999980000004,3
POSCAR_Cr2F6_cluster1_st950,Cr2F6_cluster1,0.088422,3.53173763342948,3.53173763342948,0.0963679302762779,0.3606431796451878,0.99999980000004,3
POSCAR_Cr2F6_cluster1_st975,Cr2F6_cluster1,0.090895,3.624678097467097,3.624678097467097,0.0963679302762779,0.3606431796451875,0.99999980000004,3
POSCAR_Cr2F6_cluster2,Cr2F6_cluster2,0.240743,3.6303543381000623,3.6303543381000623,0.1060717790632822,0.6082064846816301,0.99999980000004,3
POSCAR_Cr2F6_cluster2_st025,Cr2F6_cluster2,0.247271,3.721113196552564,3.721113196552564,0.1060717790632822,0.6082064846816299,0.99999980000004,3
POSCAR_Cr2F6_cluster2_st050,Cr2F6_cluster2,0.20913,3.811872055005066,3.811872055005066,0.1060717790632821,0.60820648468163,0.99999980000004,3
POSCAR_Cr2F6_cluster2_st950,Cr2F6_cluster2,0.231945,3.448836621195059,3.448836621195059,0.1060717790632821,0.60820648468163,0.99999980000004,3
POSCAR_Cr2F6_cluster2_st975,Cr2F6_cluster2,0.231566,3.539595479647561,3.539595479647561,0.1060717790632822,0.6082064846816296,0.99999980000004,3
POSCAR_Cr2F8_cluster1,Cr2F8_cluster1,0.267451,3.513873077846876,3.513873077846876,0.0708447556351874,0.5075633798118904,0.99999980000004,3
POSCAR_Cr2F8_cluster1_st025,Cr2F8_cluster1,0.256916,3.601719904793048,3.601719904793048,0.0708447556351873,0.5075633798118881,0.99999980000004,3
POSCAR_Cr2F8_cluster1_st050,Cr2F8_cluster1,0.236515,3.689566731739221,3.689566731739221,0.0708447556351873,0.5075633798118883,0.99999980000004,3
POSCAR_Cr2F8_cluster1_st950,Cr2F8_cluster1,0.282304,3.338179423954532,3.338179423954532,0.0708447556351873,0.507563379811888,0.99999980000004,3
POSCAR_Cr2F8_cluster1_st975,Cr2F8_cluster1,0.274242,3.426026250900703,3.426026250900703,0.0708447556351873,0.507563379811888,0.99999980000004,3
POSCAR_Cr2F8_cluster2,Cr2F8_cluster2,0.16939,3.5710873532800367,3.5710873532800367,0.0699974279069892,0.6621887702635674,0.99999980000004,3
POSCAR_Cr2F8_cluster2_st025,Cr2F8_cluster2,0.28095,3.6603645371120375,3.6603645371120375,0.0699974279069892,0.6621887702635678,0.99999980000004,3
POSCAR_Cr2F8_cluster2_st050,Cr2F8_cluster2,0.251695,3.7496417209440382,3.7496417209440382,0.0699974279069892,0.6621887702635677,0.99999980000004,3
POSCAR_Cr2F8_cluster2_st950,Cr2F8_cluster2,0.140859,3.392532985616034,3.392532985616034,0.0699974279069893,0.6621887702635676,0.99999980000004,3
POSCAR_Cr2F8_cluster2_st975,Cr2F8_cluster2,0.165917,3.481810169448036,3.481810169448036,0.0699974279069892,0.6621887702635676,0.99999980000004,3
POSCAR_Cr2Ga2_2,Cr2Ga2_2,0.010506,3.063967115382043,3.063967115382043,0.5002287486493889,1.4358458731773909e-06,0.199999960000008,3
POSCAR_Cr2Ga2_2_st050,Cr2Ga2_2,0.01023,3.2171654711511453,3.2171654711511453,0.5002287486493889,1.435845873177681e-06,0.199999960000008,3
POSCAR_Cr2Ga2_2_st950,Cr2Ga2_2,0.010769,2.910768759612941,2.910768759612941,0.500228748649389,1.4358458731777348e-06,0.199999960000008,3
POSCAR_Cr2Ga2_2_st975,Cr2Ga2_2,0.01086,2.987367937497492,2.987367937497492,0.5002287486493889,1.4358458731774428e-06,0.199999960000008,3
POSCAR_Cr2Ga2_2_x025,Cr2Ga2_2,0.009524,3.090637973129196,3.090637973129196,0.500228748649389,1.4050177966359975e-06,0.199999960000008,3
POSCAR_Cr2Ga2_2_x050,Cr2Ga2_2,0.009367,3.0922369068192,3.0922369068192,0.5002287486493889,1.3750438371695811e-06,0.199999960000008,3
POSCAR_Cr2Ga2_2_x950,Cr2Ga2_2,0.009823,2.9885990614031672,2.9885990614031672,0.5002287486493888,1.5000572930333166e-06,0.199999960000008,3
POSCAR_Cr2Ga2_2_x975,Cr2Ga2_2,0.01105,3.025967780212734,3.025967780212734,0.5002287486493888,1.467527311335699e-06,0.199999960000008,3
POSCAR_Cr2Ga2_2_y025,Cr2Ga2_2,0.010361,3.1025178581575465,3.1025178581575465,0.5002287486493888,1.459512701569774e-06,0.199999960000008,3
POSCAR_Cr2Ga2_2_y050,Cr2Ga2_2,0.010332,3.141537382720623,3.141537382720623,0.5002287486493889,1.4829220385839866e-06,0.199999960000008,3
POSCAR_Cr2Ga2_2_y950,Cr2Ga2_2,0.010809,2.988344325109785,2.988344325109785,0.5002287486493889,1.3877756361675389e-06,0.199999960000008,3
POSCAR_Cr2Ga2_2_y975,Cr2Ga2_2,0.009944,3.025903071715176,3.025903071715176,0.5002287486493889,1.4119303331773374e-06,0.199999960000008,3
POSCAR_Cr2Ga2_2_z025,Cr2Ga2_2,0.010152,3.064496123864758,3.064496123864758,0.5002287486493889,1.4432449766332877e-06,0.199999960000008,3
POSCAR_Cr2Ga2_2_z050,Cr2Ga2_2,0.010762,3.066118801762073,3.066118801762073,0.5002287486493887,1.4505198318630486e-06,0.199999960000008,3
POSCAR_Cr2Ga2_2_z950,Cr2Ga2_2,0.0106,3.0140436129896107,3.0140436129896107,0.500228748649389,1.4206579647880676e-06,0.199999960000008,3
POSCAR_Cr2Ga2_2_z975,Cr2Ga2_2,0.009642,3.051767085645172,3.051767085645172,0.5002287486493889,1.4283185137695634e-06,0.199999960000008,3
POSCAR_Cr2Ge2_3,Cr2Ge2_3,0.300033,3.9173636055007193,3.219150153776891,0.3333333333333333,0.473804857201559,0.399999920000016,3
POSCAR_Cr2Ge2_3_st025,Cr2Ge2_3,0.333745,4.0152976956382735,3.299628907621313,0.3333333333333333,0.4738048572015589,0.399999920000016,3
POSCAR_Cr2Ge2_3_st950,Cr2Ge2_3,0.243668,3.721495425225717,3.058192646088046,0.3333333333333333,0.473804857201559,0.399999920000016,3
POSCAR_Cr2Ge2_3_st975,Cr2Ge2_3,0.2724,3.819429515363235,3.1386713999324685,0.3333333333333335,0.473804857201559,0.399999920000016,3
POSCAR_Cr2Ge2_3_x025,Cr2Ge2_3,0.363134,3.91736360552258,3.2192638982778665,0.3333333333333332,0.4800773634760661,0.399999920000016,3
POSCAR_Cr2Ge2_3_x050,Cr2Ge2_3,0.379563,3.917363605549148,3.2192638982778665,0.3333333333333333,0.486423732985313,0.399999920000016,3
POSCAR_Cr2Ge2_3_x950,Cr2Ge2_3,0.283957,3.917363605445115,3.0581926460514866,0.3333333333333332,0.4615154106491574,0.399999920000016,3
POSCAR_Cr2Ge2_3_x975,Cr2Ge2_3,0.290315,3.917363605470564,3.138671399913355,0.3333333333333331,0.4676146504649341,0.399999920000016,3
POSCAR_Cr2Ge2_3_y025,Cr2Ge2_3,0.363382,3.917363605492272,3.219150153775224,0.3333333333333332,0.4800774697452147,0.399999920000016,3
POSCAR_Cr2Ge2_3_y050,Cr2Ge2_3,0.379737,3.917363605488208,3.219150153775224,0.3333333333333332,0.4864239053701824,0.399999920000016,3
POSCAR_Cr2Ge2_3_y950,Cr2Ge2_3,0.284277,3.917363605504765,3.0583007034004104,0.3333333333333333,0.4615150868257132,0.399999920000016,3
POSCAR_Cr2Ge2_3_z025,Cr2Ge2_3,0.279053,4.015297695633321,3.219150153775225,0.3333333333333333,0.4615108417112433,0.399999920000016,3
POSCAR_Cr2Ge2_3_z950,Cr2Ge2_3,0.34879,3.721495425273392,3.219150153775224,0.3333333333333333,0.4994274979347655,0.399999920000016,3
POSCAR_Cr2Ge2_3_z975,Cr2Ge2_3,0.323491,3.819429515409734,3.219150153775224,0.3333333333333333,0.4864430784705547,0.399999920000016,3
POSCAR_Cr2Ge3_1,Cr2Ge3_1,0.013563,2.95291305982917,2.95291305982917,0.354803931204001,0.0005667493598092,0.399999920000016,3
POSCAR_Cr2Ge3_1_st025,Cr2Ge3_1,0.014167,3.026735886324897,3.026735886324897,0.3548039312040008,0.0005667493598092,0.399999920000016,3
POSCAR_Cr2Ge3_1_st050,Cr2Ge3_1,0.014125,3.100558712820628,3.100558712820628,0.3548039312040008,0.0005667493598092,0.399999920000016,3
POSCAR_Cr2Ge3_1_st950,Cr2Ge3_1,0.015912,2.805267406837709,2.805267406837709,0.3548039312040008,0.0005667493598092,0.399999920000016,3
POSCAR_Cr2Ge3_1_st975,Cr2Ge3_1,0.015279,2.8790902333334376,2.8790902333334376,0.3548039312040009,0.0005667493598092,0.399999920000016,3
POSCAR_Cr2Ge3_1_x025,Cr2Ge3_1,0.015408,2.979822487291803,2.979822487291803,0.3548039312040009,0.0005577866758355,0.399999920000016,3
POSCAR_Cr2Ge3_1_x050,Cr2Ge3_1,0.014322,3.006933126723592,3.006933126723592,0.3548039312040009,0.0005489084686214,0.399999920000016,3
POSCAR_Cr2Ge3_1_x950,Cr2Ge3_1,0.015536,2.899720206023435,2.899720206023435,0.3548039312040009,0.0005848964204734,0.399999920000016,3
POSCAR_Cr2Ge3_1_x975,Cr2Ge3_1,0.014697,2.926210395373825,2.926210395373825,0.3548039312040009,0.0005757888399294,0.399999920000016,3
POSCAR_Cr2Ge3_1_y025,Cr2Ge3_1,0.015271,2.9797374301001973,2.9797374301001973,0.3548039312040009,0.0005578240958092,0.399999920000016,3
POSCAR_Cr2Ge3_1_y050,Cr2Ge3_1,0.014547,3.006761510660754,3.006761510660754,0.3548039312040009,0.0005489827220356,0.399999920000016,3
POSCAR_Cr2Ge3_1_y950,Cr2Ge3_1,0.015622,2.8998855770410072,2.8998855770410072,0.3548039312040009,0.0005848199056358,0.399999920000016,3
POSCAR_Cr2Ge3_1_y975,Cr2Ge3_1,0.014634,2.9262938918298755,2.9262938918298755,0.354803931204001,0.0005757508533466,0.399999920000016,3
POSCAR_Cr2Ge3_1_z025,Cr2Ge3_1,0.014866,2.9733863926415003,2.9733863926415003,0.354803931204001,0.000584664981702,0.399999920000016,3
POSCAR_Cr2Ge3_1_z050,Cr2Ge3_1,0.014262,2.994215152305592,2.994215152305592,0.3548039312040009,0.0006024709192861,0.399999920000016,3
POSCAR_Cr2Ge3_1_z950,Cr2Ge3_1,0.014358,2.913062520420421,2.913062520420421,0.3548039312040009,0.000530630090873,0.399999920000016,3
POSCAR_Cr2Ge3_1_z975,Cr2Ge3_1,0.01428,2.932802597319196,2.932802597319196,0.354803931204001,0.0005487341050904,0.399999920000016,3
POSCAR_Cr2In2_5,Cr2In2_5,0.271204,2.809125247426376,2.809125247426376,0.1598816608766466,0.992936516003901,0.199999960000008,2
POSCAR_Cr2In2_5_st025,Cr2In2_5,0.32293,2.879353378612002,2.879353378612002,0.1450941667505359,0.9929365160038996,0.199999960000008,2
POSCAR_Cr2In2_5_st050,Cr2In2_5,0.27433,2.94958150979766,2.94958150979766,0.1598816608766466,0.9929365160038996,0.199999960000008,2
POSCAR_Cr2In2_5_st950,Cr2In2_5,0.317689,2.6686689850550263,2.6686689850550263,0.1598816608766466,0.9929365160038994,0.199999960000008,2
POSCAR_Cr2In2_5_st975,Cr2In2_5,0.266227,2.7388971162406843,2.7388971162406843,0.1598816608766466,0.9929365160038988,0.199999960000008,2
POSCAR_Cr2In2_5_x025,Cr2In2_5,0.270209,2.815006571485701,2.815006571485701,0.1638787023963346,0.9959176242594648,0.199999960000008,2
POSCAR_Cr2In2_5_x050,Cr2In2_5,0.269453,2.821126833059506,2.821126833059506,0.1678757439212716,0.998723146118563,0.199999960000008,2
POSCAR_Cr2In2_5_x975,Cr2In2_5,0.270263,2.780269441248437,2.780269441248437,0.1450941667484794,0.9897849008519992,0.199999960000008,2
POSCAR_Cr2In2_5_y025,Cr2In2_5,0.355204,2.8151085733412367,2.8151085733412367,0.1598816608760583,0.9947701202470502,0.199999960000008,2
POSCAR_Cr2In2_5_y050,Cr2In2_5,0.349798,2.818874246180674,2.818874246180674,0.159881660875676,0.9965354374209632,0.199999960000008,2
POSCAR_Cr2In2_5_y950,Cr2In2_5,0.328132,2.764881168752434,2.764881168752434,0.1598816608763508,0.9890871425443128,0.199999960000008,2
POSCAR_Cr2In2_5_y975,Cr2In2_5,0.243662,2.786699528414626,2.786699528414626,0.1598816608759316,0.9910401917927965,0.199999960000008,2
POSCAR_Cr2In2_5_z950,Cr2In2_5,0.367198,2.726439326528084,2.726439326528084,0.1527307018391203,1.0018361096997306,0.199999960000008,2
POSCAR_Cr2In2_5_z975,Cr2In2_5,0.316578,2.767579678854171,2.767579678854171,0.1639811906435486,0.9976369463175228,0.199999960000008,2
POSCAR_Cr2In5_1,Cr2In5_1,0.020936,2.9749462906180666,2.9749462906180666,0.1090259414536415,0.009764054223156,0.199999960000008,3
POSCAR_Cr2In5_1_st025,Cr2In5_1,0.02057,3.0493199478835447,3.0493199478835447,0.1090259414536415,0.0097640542231565,0.199999960000008,3
POSCAR_Cr2In5_1_st050,Cr2In5_1,0.020538,3.1236936051489983,3.1236936051489983,0.1090259414536414,0.0097640542231565,0.199999960000008,3
POSCAR_Cr2In5_1_st950,Cr2In5_1,0.021587,2.8261989760871886,2.8261989760871886,0.1090259414536414,0.0097640542231566,0.199999960000008,3
POSCAR_Cr2In5_1_st975,Cr2In5_1,0.021543,2.9005726333526405,2.9005726333526405,0.1090259414536414,0.0097640542231565,0.199999960000008,3
POSCAR_Cr2In5_1_x025,Cr2In5_1,0.020785,3.0523895258275435,3.0523895258275435,0.1090259414536415,0.0100475057280729,0.199999960000008,3
POSCAR_Cr2In5_1_x950,Cr2In5_1,0.024226,2.8201190174924,2.8201190174924,0.1090259414536415,0.0092124969568998,0.199999960000008,3
POSCAR_Cr2In5_1_x975,Cr2In5_1,0.021703,2.8975222606085738,2.8975222606085738,0.1090259414536415,0.0094856137238532,0.199999960000008,3
POSCAR_Cr2In5_1_y950,Cr2In5_1,0.019801,2.9786542046848155,2.9786542046848155,0.1090259414536415,0.0101345091390315,0.199999960000008,3
POSCAR_Cr2In5_1_y975,Cr2In5_1,0.018936,2.976794095891225,2.976794095891225,0.1090259414536415,0.0099465013042991,0.199999960000008,3
POSCAR_Cr2In5_1_z050,Cr2In5_1,0.019938,2.9725169997668,2.9725169997668,0.1090259414536415,0.0095699664119311,0.199999960000008,3
POSCAR_Cr2In5_1_z950,Cr2In5_1,0.028166,2.977391304503094,2.977391304503094,0.2058360680052489,0.0080401271654768,0.199999960000008,3
POSCAR_Cr2In8_2,Cr2In8_2,0.010506,3.211847914054464,3.211847914054464,0.160613892339107,1.3285915988131737e-05,0.199999960000008,3
POSCAR_Cr2In8_2_st025,Cr2In8_2,0.010629,3.292144111905818,3.292144111905818,0.1606138923391066,1.328591598814454e-05,0.199999960000008,3
POSCAR_Cr2In8_2_st050,Cr2In8_2,0.011453,3.37244030975718,3.37244030975718,0.1606138923391066,1.328591598814538e-05,0.199999960000008,3
POSCAR_Cr2In8_2_st950,Cr2In8_2,0.01035,3.051255518351734,3.051255518351734,0.1606138923391066,1.328591598814642e-05,0.199999960000008,3
POSCAR_Cr2In8_2_st975,Cr2In8_2,0.012265,3.1315517162030955,3.1315517162030955,0.1606138923391066,1.3285915988144816e-05,0.199999960000008,3
POSCAR_Cr2In8_2_x025,Cr2In8_2,0.009672,3.2118474890668383,3.2118474890668383,0.160613892339107,1.3347972279217262e-05,0.199999960000008,3
POSCAR_Cr2In8_2_x050,Cr2In8_2,0.010291,3.2118470640924484,3.2118470640924484,0.1606138923391071,1.3410883774901049e-05,0.199999960000008,3
POSCAR_Cr2In8_2_x950,Cr2In8_2,0.010797,3.2118487640162363,3.2118487640162363,0.160613892339107,1.316502279512214e-05,0.199999960000008,3
POSCAR_Cr2In8_2_x975,Cr2In8_2,0.011759,3.211848339028732,3.211848339028732,0.160613892339107,1.3224875889709436e-05,0.199999960000008,3
POSCAR_Cr2In8_2_y025,Cr2In8_2,0.011531,3.29213847671382,3.29213847671382,0.1606138923391071,1.3139020699786422e-05,0.199999960000008,3
POSCAR_Cr2In8_2_y950,Cr2In8_2,0.0115,3.0512667890652025,3.0512667890652025,0.1606138923391071,1.3582200824092468e-05,0.199999960000008,3
POSCAR_Cr2In8_2_y975,Cr2In8_2,0.009909,3.131557351519336,3.131557351519336,0.1606138923391071,1.3433692614134851e-05,0.199999960000008,3
POSCAR_Cr2In8_2_z025,Cr2In8_2,0.013678,3.211853974328656,3.211853974328656,0.160613892339107,1.3372596414619748e-05,0.199999960000008,3
POSCAR_Cr2In8_2_z050,Cr2In8_2,0.012439,3.2118600347441832,3.2118600347441832,0.160613892339107,1.346094613772323e-05,0.199999960000008,3
POSCAR_Cr2In8_2_z950,Cr2In8_2,0.012149,3.21183579387688,3.21183579387688,0.160613892339107,1.311831763576836e-05,0.199999960000008,3
POSCAR_Cr2In8_2_z975,Cr2In8_2,0.011524,3.211841853895,3.211841853895,0.1606138923391071,1.320109162889025e-05,0.199999960000008,3
POSCAR_Cr2N2_7,Cr2N2_7,0.693497,2.536689491100542,2.536689491100542,0.3333333333333333,0.6451960028581614,0.599999880000024,3
POSCAR_Cr2N2_7_st025,Cr2N2_7,0.577491,2.60010672837806,2.60010672837806,0.3333333333333333,0.6451960028581616,0.599999880000024,3
POSCAR_Cr2N2_7_st050,Cr2N2_7,0.590475,2.6635239656555747,2.6635239656555747,0.3333333333333333,0.6451960028581614,0.599999880000024,3
POSCAR_Cr2N2_7_st950,Cr2N2_7,0.834141,2.4098550165455195,2.4098550165455195,0.3333333333333333,0.6451960028581614,0.599999880000024,3
POSCAR_Cr2N2_7_st975,Cr2N2_7,0.79372,2.473272253823034,2.473272253823034,0.3333333333333333,0.6451960028581618,0.599999880000024,3
POSCAR_Cr2N2_7_x025,Cr2N2_7,0.756821,2.5366894920298173,2.5366894920298173,0.3333333333333333,0.650948748739948,0.599999880000024,3
POSCAR_Cr2N2_7_x050,Cr2N2_7,0.794084,2.536689492992284,2.536689492992284,0.3333333333333333,0.6567545139171709,0.599999880000024,3
POSCAR_Cr2N2_7_x950,Cr2N2_7,0.750685,2.536689489299348,2.536689489299348,0.3333333333333334,0.6338862645201268,0.599999880000024,3
POSCAR_Cr2N2_7_x975,Cr2N2_7,0.745881,2.536689490183356,2.536689490183356,0.3333333333333334,0.63950536900173,0.599999880000024,3
POSCAR_Cr2N2_7_y025,Cr2N2_7,0.75627,2.536689491040873,2.536689491040873,0.3333333333333333,0.650948205479227,0.599999880000024,3
POSCAR_Cr2N2_7_y050,Cr2N2_7,0.793872,2.5366894909886124,2.5366894909886124,0.3333333333333333,0.6567534674871964,0.599999880000024,3
POSCAR_Cr2N2_7_y950,Cr2N2_7,0.750712,2.5366894911998754,2.5366894911998754,0.3333333333333333,0.6338874636874711,0.599999880000024,3
POSCAR_Cr2N2_7_y975,Cr2N2_7,0.746285,2.5366894911465057,2.5366894911465057,0.3333333333333335,0.6395059505253349,0.599999880000024,3
POSCAR_Cr2N2_7_z025,Cr2N2_7,0.53944,2.600106727510612,2.600106727510612,0.3333333333333333,0.6338115137615321,0.599999880000024,3
POSCAR_Cr2N2_7_z050,Cr2N2_7,0.509981,2.6635239639494466,2.6635239639494466,0.3333333333333333,0.6225552862693594,0.599999880000024,3
POSCAR_Cr2N2_7_z950,Cr2N2_7,0.869943,2.409855018331471,2.409855018331471,0.3333333333333333,0.6683152888866974,0.599999880000024,3
POSCAR_Cr2N2_7_z975,Cr2N2_7,0.812995,2.473272254699847,2.473272254699847,0.3333333333333332,0.6567003709622302,0.599999880000024,3
POSCAR_Cr2O2_2,Cr2O2_2,1.196253,3.413334372713166,3.1114348885513103,0.4999815736731036,1.0695853389230303,0.799999840000032,2
POSCAR_Cr2O2_2_st025,Cr2O2_2,1.02415,3.498667732030996,3.1892207607650924,0.4999815736731036,1.0695853389230303,0.799999840000032,2
POSCAR_Cr2O2_2_st050,Cr2O2_2,0.866297,3.5840010913488243,3.267006632978876,0.4999815736731036,1.06958533892303,0.799999840000032,2
POSCAR_Cr2O2_2_st950,Cr2O2_2,1.604422,3.242667654077508,2.955863144123744,0.4999815736731037,1.0695853389230303,0.799999840000032,2
POSCAR_Cr2O2_2_st975,Cr2O2_2,1.387752,3.3280010133953364,3.033649016337528,0.4999815736731037,1.06958533892303,0.799999840000032,2
POSCAR_Cr2O2_2_z025,Cr2O2_2,1.117426,3.465981049526736,3.111434888529624,0.499981553070182,1.0470463723664916,0.799999840000032,2
POSCAR_Cr2O2_2_z050,Cr2O2_2,1.041263,3.519111951522276,3.111434888529624,0.4999815336744464,1.024915442423603,0.799999840000032,2
POSCAR_Cr2O2_2_z950,Cr2O2_2,1.367022,3.309585915827441,3.111434888529624,0.4999816189562307,1.115846010822625,0.799999840000032,2
POSCAR_Cr2O2_2_z975,Cr2O2_2,1.279056,3.3611946744090515,3.111434888529624,0.4999815955927034,1.092522547817967,0.799999840000032,2
POSCAR_Cr2O4_2,Cr2O4_2,0.708092,3.488159288689209,2.994705368636056,0.1601908877253788,0.752042828898167,0.799999840000032,3
POSCAR_Cr2O4_2_st025,Cr2O4_2,0.681212,3.575363270906452,3.069573002851957,0.1601908877253789,0.7520428288981691,0.799999840000032,3
POSCAR_Cr2O4_2_st050,Cr2O4_2,0.603868,3.662567253123682,3.144440637067859,0.1601908877253788,0.752042828898169,0.799999840000032,3
POSCAR_Cr2O4_2_st950,Cr2O4_2,0.756771,3.3137513242547603,2.8449701002042533,0.1601908877253788,0.7520428288981691,0.799999840000032,3
POSCAR_Cr2O4_2_st975,Cr2O4_2,0.689517,3.40095530647199,2.9198377344201543,0.1601908877253788,0.752042828898169,0.799999840000032,3
POSCAR_Cr2O4_2_x025,Cr2O4_2,0.745481,3.5043662345656466,3.0695730028808965,0.1601908877253787,0.7571689202047639,0.799999840000032,3
POSCAR_Cr2O4_2_x050,Cr2O4_2,0.670347,3.52089658672762,3.14444063711228,0.1601908877253787,0.7622877307479285,0.799999840000032,3
POSCAR_Cr2O4_2_x950,Cr2O4_2,0.743934,3.4567337208826543,2.844970100187167,0.1601908877253787,0.7417834709908325,0.799999840000032,3
POSCAR_Cr2O4_2_x975,Cr2O4_2,0.68139,3.472280277739897,2.9198377344185493,0.1601908877253787,0.7469130592639663,0.799999840000032,3
POSCAR_Cr2O4_2_y025,Cr2O4_2,0.724233,3.524004589415737,2.9947053686495138,0.1601908877253787,0.7423940609218354,0.799999840000032,3
POSCAR_Cr2O4_2_y050,Cr2O4_2,0.697255,3.560360970208668,2.9947053686495138,0.1601908877253788,0.7328213601574063,0.799999840000032,3
POSCAR_Cr2O4_2_y950,Cr2O4_2,0.641504,3.4180606226387305,2.9947053686495138,0.1601908877253787,0.7434660939004878,0.799999840000032,3
POSCAR_Cr2O4_2_y975,Cr2O4_2,0.673865,3.452839116807792,2.994705368649514,0.1601908877253788,0.7480313527689915,0.799999840000032,3
POSCAR_Cr2O4_2_z025,Cr2O4_2,0.724086,3.5239940584248504,2.994705368649514,0.1601908877253787,0.7429553674390594,0.799999840000032,3
POSCAR_Cr2O4_2_z050,Cr2O4_2,0.698544,3.5603381819591005,2.994705368649514,0.1601908877253787,0.7333924931952227,0.799999840000032,3
POSCAR_Cr2O4_2_z950,Cr2O4_2,0.640991,3.4180833820910945,2.994705368649514,0.1601908877253787,0.7429237270016785,0.799999840000032,3
POSCAR_Cr2O4_2_z975,Cr2O4_2,0.673633,3.452849693018631,2.9947053686495138,0.1601908877253787,0.7474843856768368,0.799999840000032,3
POSCAR_Cr2P18_1,Cr2P18_1,0.010693,4.985731394479874,4.985731394479874,0.0838093743175859,0.0003808465824971,0.599999880000024,3
POSCAR_Cr2P18_1_x025,Cr2P18_1,0.009612,5.028333138046768,5.028333138046768,0.083809374317586,0.0003777516925175,0.599999880000024,3
POSCAR_Cr2P18_1_x050,Cr2P18_1,0.009259,5.072303782671531,5.072303782671531,0.083809374317586,0.0003747452573403,0.599999880000024,3
POSCAR_Cr2P18_1_x950,Cr2P18_1,0.009284,4.904776145898586,4.904776145898586,0.083809374317586,0.0003873095542994,0.599999880000024,3
POSCAR_Cr2P18_1_x975,Cr2P18_1,0.009234,4.94453393518736,4.94453393518736,0.083809374317586,0.0003840319284845,0.599999880000024,3
POSCAR_Cr2P18_1_y025,Cr2P18_1,0.008596,5.014457500093771,5.014457500093771,0.083809374317586,0.0003798852599841,0.599999880000024,3
POSCAR_Cr2P18_1_y050,Cr2P18_1,0.009382,5.043924352222399,5.043924352222399,0.083809374317586,0.0003789835918612,0.599999880000024,3
POSCAR_Cr2P18_1_y950,Cr2P18_1,0.009256,4.930552877495429,4.930552877495429,0.083809374317586,0.0003829593183963,0.599999880000024,3
POSCAR_Cr2P18_1_z025,Cr2P18_1,0.009201,5.040729485597938,5.040729485597938,0.083809374317586,0.0003849644748988,0.599999880000024,3
POSCAR_Cr2P18_1_z050,Cr2P18_1,0.010014,5.096924516658599,5.096924516658599,0.083809374317586,0.0003890537980176,0.599999880000024,3
POSCAR_Cr2P18_1_z950,Cr2P18_1,0.00882,4.8794870464652265,4.8794870464652265,0.083809374317586,0.0003725292157899,0.599999880000024,3
POSCAR_Cr2P4_2,Cr2P4_2,0.305865,4.40121517255295,2.839950725180369,0.2031906776298394,0.3711294033333606,0.599999880000024,3
POSCAR_Cr2P4_2_st025,Cr2P4_2,0.292004,4.511245551866788,2.910949493309878,0.2031906776298392,0.3711294033333623,0.599999880000024,3
POSCAR_Cr2P4_2_st050,Cr2P4_2,0.286401,4.621275931180613,2.9819482614393875,0.2031906776298393,0.3711294033333623,0.599999880000024,3
POSCAR_Cr2P4_2_st950,Cr2P4_2,0.47218,4.1811544139253165,2.69795318892135,0.2031906776298393,0.3711294033333622,0.599999880000024,3
POSCAR_Cr2P4_2_st975,Cr2P4_2,0.381183,4.2911847932391405,2.76895195705086,0.2031906776298393,0.3711294033333622,0.599999880000024,3
POSCAR_Cr2P4_2_x025,Cr2P4_2,0.288408,4.412796018352566,2.9109494932883737,0.2031906776298395,0.3672141916795166,0.599999880000024,3
POSCAR_Cr2P4_2_x050,Cr2P4_2,0.309122,4.424631417646915,2.981948261422237,0.2031906776298394,0.3632972778022117,0.599999880000024,3
POSCAR_Cr2P4_2_x950,Cr2P4_2,0.374571,4.378825175906491,2.697953188886781,0.2031906776298395,0.3789410614371518,0.599999880000024,3
POSCAR_Cr2P4_2_x975,Cr2P4_2,0.34604,4.389890894902792,2.7689519570206453,0.2031906776298395,0.3750395402030972,0.599999880000024,3
POSCAR_Cr2P4_2_y025,Cr2P4_2,0.332749,4.444129440583096,2.8399507251545097,0.2031906776298395,0.3697131429480736,0.599999880000024,3
POSCAR_Cr2P4_2_y050,Cr2P4_2,0.354754,4.487677829290137,2.8399507251545097,0.2031906776298395,0.3683473598875851,0.599999880000024,3
POSCAR_Cr2P4_2_y950,Cr2P4_2,0.359357,4.317364357046721,2.8399507251545097,0.2031906776298394,0.3741162545538009,0.599999880000024,3
POSCAR_Cr2P4_2_y975,Cr2P4_2,0.321514,4.358953754138834,2.8399507251545093,0.2031906776298394,0.3725969009096452,0.599999880000024,3
POSCAR_Cr2P4_2_z025,Cr2P4_2,0.304193,4.457541171540273,2.8399507251545093,0.2031906776298395,0.3764883220218303,0.599999880000024,3
POSCAR_Cr2P4_2_z050,Cr2P4_2,0.324849,4.514529209423928,2.8399507251545093,0.2031906776298395,0.3818520329093972,0.599999880000024,3
POSCAR_Cr2P8_1,Cr2P8_1,1.258036,4.470551399842366,4.470551399842366,0.1298695633498443,0.4381850747554945,0.599999880000024,3
POSCAR_Cr2P8_1_st025,Cr2P8_1,1.137021,4.582315184838422,4.582315184838422,0.1298695633498453,0.4381850747554912,0.599999880000024,3
POSCAR_Cr2P8_1_st050,Cr2P8_1,1.013441,4.694078969834482,4.694078969834482,0.1298695633498453,0.438185074755491,0.599999880000024,3
POSCAR_Cr2P8_1_st950,Cr2P8_1,1.165241,4.247023829850246,4.247023829850246,0.1298695633498453,0.4381850747554911,0.599999880000024,3
POSCAR_Cr2P8_1_st975,Cr2P8_1,1.180024,4.358787614846305,4.358787614846305,0.1298695633498453,0.4381850747554912,0.599999880000024,3
POSCAR_Cr2P8_1_x025,Cr2P8_1,1.227193,4.4705518105713535,4.4705518105713535,0.1298695633498443,0.434716215142672,0.599999880000024,3
POSCAR_Cr2P8_1_x050,Cr2P8_1,1.183394,4.470552221303056,4.470552221303056,0.1298695633498444,0.4312635023430048,0.599999880000024,3
POSCAR_Cr2P8_1_x950,Cr2P8_1,1.274724,4.470550578392886,4.470550578392886,0.1298695633498443,0.4451568336506802,0.599999880000024,3
POSCAR_Cr2P8_1_x975,Cr2P8_1,1.275212,4.470550989116269,4.470550989116269,0.1298695633498443,0.4416665535626345,0.599999880000024,3
POSCAR_Cr2P8_1_y025,Cr2P8_1,1.199041,4.506902764197109,4.506902764197109,0.1298695633498444,0.4423273442389097,0.599999880000024,3
POSCAR_Cr2P8_1_y050,Cr2P8_1,1.128046,4.543850111135242,4.543850111135242,0.1298695633498444,0.4464404442125805,0.599999880000024,3
POSCAR_Cr2P8_1_y950,Cr2P8_1,1.172941,4.3996954669343085,4.3996954669343085,0.1298695633498443,0.4298264016764309,0.599999880000024,3
POSCAR_Cr2P8_1_y975,Cr2P8_1,1.304026,4.434810673588763,4.434810673588763,0.1298695633498444,0.4340169093581694,0.599999880000024,3
POSCAR_Cr2P8_1_z025,Cr2P8_1,1.218012,4.546566478745808,4.546566478745808,0.1298695633498443,0.4375130528688045,0.599999880000024,3
POSCAR_Cr2P8_1_z050,Cr2P8_1,1.177292,4.623162197570768,4.623162197570768,0.1298695633498443,0.436857428209388,0.599999880000024,3
POSCAR_Cr2P8_1_z950,Cr2P8_1,1.294144,4.320385522376571,4.320385522376571,0.1298695633498444,0.4395754551391964,0.599999880000024,3
POSCAR_Cr2P8_1_z975,Cr2P8_1,1.285479,4.395147087895604,4.395147087895604,0.1298695633498444,0.4388728143684653,0.599999880000024,3
POSCAR_Cr2P8_2,Cr2P8_2,0.37644,4.353159909435838,4.353159909435838,0.1252219231402923,0.2723340713869109,0.599999880000024,3
POSCAR_Cr2P8_2_st025,Cr2P8_2,0.32007,4.461988907171752,4.461988907171752,0.1252219231402926,0.2723340713869093,0.599999880000024,3
POSCAR_Cr2P8_2_st050,Cr2P8_2,0.314122,4.570817904907649,4.570817904907649,0.1252219231402926,0.272334071386909,0.599999880000024,3
POSCAR_Cr2P8_2_st950,Cr2P8_2,0.462207,4.135501913964062,4.135501913964062,0.1252219231402926,0.2723340713869092,0.599999880000024,3
POSCAR_Cr2P8_2_st975,Cr2P8_2,0.430155,4.24433091169996,4.24433091169996,0.1252219231402926,0.2723340713869092,0.599999880000024,3
POSCAR_Cr2P8_2_x025,Cr2P8_2,0.3588,4.382631717224983,4.382631717224983,0.1252219231402923,0.2770710539638866,0.599999880000024,3
POSCAR_Cr2P8_2_x050,Cr2P8_2,0.333003,4.412428469954303,4.412428469954303,0.1252219231402923,0.281762592639922,0.599999880000024,3
POSCAR_Cr2P8_2_x950,Cr2P8_2,0.369035,4.253375602475184,4.253375602475184,0.1252219231402923,0.2627345406698037,0.599999880000024,3
POSCAR_Cr2P8_2_x975,Cr2P8_2,0.381908,4.303907694875154,4.303907694875154,0.1252219231402923,0.2675542569535921,0.599999880000024,3
POSCAR_Cr2P8_2_y025,Cr2P8_2,0.342493,4.358275975324996,4.358275975324996,0.1252219231402923,0.2679340178260435,0.599999880000024,3
POSCAR_Cr2P8_2_y050,Cr2P8_2,0.341045,4.3614531971001735,4.3614531971001735,0.1252219231402923,0.2635862310581057,0.599999880000024,3
POSCAR_Cr2P8_2_y950,Cr2P8_2,0.414385,4.303236913711451,4.303236913711451,0.1252219231402923,0.281279851980094,0.599999880000024,3
POSCAR_Cr2P8_2_y975,Cr2P8_2,0.383121,4.328055676384219,4.328055676384219,0.1252219231402923,0.2767836837025813,0.599999880000024,3
POSCAR_Cr2P8_2_z025,Cr2P8_2,0.346543,4.407773246165077,4.407773246165077,0.1252219231402923,0.2720285738742895,0.599999880000024,3
POSCAR_Cr2P8_2_z050,Cr2P8_2,0.345603,4.463043636830577,4.463043636830577,0.1252219231402924,0.2717777415142504,0.599999880000024,3
POSCAR_Cr2P8_2_z950,Cr2P8_2,0.364473,4.24600550848301,4.24600550848301,0.1252219231402923,0.2731177631531004,0.599999880000024,3
POSCAR_Cr2P8_2_z975,Cr2P8_2,0.380539,4.299228666462881,4.299228666462881,0.1252219231402923,0.2726964036874664,0.599999880000024,3
POSCAR_Cr2Pb13_1,Cr2Pb13_1,0.019629,5.519022247248682,5.519022247248682,0.1385497919916514,0.0053511682810173,0.399999920000016,3
POSCAR_Cr2Pb13_1_st025,Cr2Pb13_1,0.017472,5.656997803429921,5.656997803429921,0.1385497919916518,0.0053511682810167,0.399999920000016,3
POSCAR_Cr2Pb13_1_st050,Cr2Pb13_1,0.014424,5.79497335961114,5.79497335961114,0.1385497919916517,0.0053511682810168,0.399999920000016,3
POSCAR_Cr2Pb13_1_st950,Cr2Pb13_1,0.018682,5.243071134886268,5.243071134886268,0.1385497919916518,0.0053511682810168,0.399999920000016,3
POSCAR_Cr2Pb13_1_x025,Cr2Pb13_1,0.019133,5.5471108539826846,5.5471108539826846,0.1385497919916514,0.0053073810682127,0.399999920000016,3
POSCAR_Cr2Pb13_1_x050,Cr2Pb13_1,0.018963,5.575621531808948,5.575621531808948,0.1385497919916514,0.0052646401675567,0.399999920000016,3
POSCAR_Cr2Pb13_1_x975,Cr2Pb13_1,0.019137,5.491362188300102,5.491362188300102,0.1385497919916514,0.0053960156503347,0.399999920000016,3
POSCAR_Cr2Pb13_1_y025,Cr2Pb13_1,0.01845,5.521579794921144,5.521579794921144,0.1385497919916514,0.0054164166869564,0.399999920000016,3
POSCAR_Cr2Pb13_1_y050,Cr2Pb13_1,0.021467,5.524217528691732,5.524217528691732,0.1056351286438543,0.0050282146960648,0.399999920000016,3
POSCAR_Cr2Pb13_1_y950,Cr2Pb13_1,0.019999,5.514148152860559,5.514148152860559,0.1385497919916514,0.0052203968206757,0.399999920000016,3
POSCAR_Cr2Pb13_1_y975,Cr2Pb13_1,0.020962,5.51654499713767,5.51654499713767,0.1385497919916514,0.0052858123053243,0.399999920000016,3
POSCAR_Cr2Pb13_1_z025,Cr2Pb13_1,0.018798,5.626839656972302,5.626839656972302,0.1385497919916514,0.0053305243667049,0.399999920000016,3
POSCAR_Cr2Pb13_1_z050,Cr2Pb13_1,0.015753,5.735108771281917,5.735108771281917,0.1385497919916514,0.0053105778893408,0.399999920000016,3
POSCAR_Cr2Pb13_1_z950,Cr2Pb13_1,0.022564,5.304852594032343,5.304852594032343,0.1385497919916514,0.0053945710822101,0.399999920000016,3
POSCAR_Cr2Pb13_1_z975,Cr2Pb13_1,0.01935,5.41168354011308,5.41168354011308,0.1385497919916514,0.0053725157934945,0.399999920000016,3
POSCAR_Cr2Pb8_2,Cr2Pb8_2,0.013435,4.829156841292948,4.829156841292948,0.16523992440019,0.0015237717031085,0.399999920000016,3
POSCAR_Cr2Pb8_2_st025,Cr2Pb8_2,0.011684,4.949885762325304,4.949885762325304,0.1652399244001902,0.0015237717031057,0.399999920000016,3
POSCAR_Cr2Pb8_2_st950,Cr2Pb8_2,0.016218,4.587698999228331,4.587698999228331,0.1652399244001902,0.0015237717031058,0.399999920000016,3
POSCAR_Cr2Pb8_2_st975,Cr2Pb8_2,0.015046,4.708427920260656,4.708427920260656,0.1652399244001902,0.0015237717031057,0.399999920000016,3
POSCAR_Cr2Pb8_2_x025,Cr2Pb8_2,0.012092,4.82915687792786,4.82915687792786,0.16523992440019,0.0015031684784354,0.399999920000016,3
POSCAR_Cr2Pb8_2_x050,Cr2Pb8_2,0.010814,4.829156915867958,4.829156915867958,0.16523992440019,0.0014827144109011,0.399999920000016,3
POSCAR_Cr2Pb8_2_x950,Cr2Pb8_2,0.014205,4.829156771965876,4.829156771965876,0.16523992440019,0.0015653559269372,0.399999920000016,3
POSCAR_Cr2Pb8_2_x975,Cr2Pb8_2,0.014307,4.829156805976784,4.829156805976784,0.1652399244001899,0.0015445070237439,0.399999920000016,3
POSCAR_Cr2Pb8_2_y025,Cr2Pb8_2,0.012365,4.889913280337083,4.889913280337083,0.16523992440019,0.0015398584621862,0.399999920000016,3
POSCAR_Cr2Pb8_2_y050,Cr2Pb8_2,0.011306,4.951403967757518,4.951403967757518,0.16523992440019,0.0015558365171016,0.399999920000016,3
POSCAR_Cr2Pb8_2_y950,Cr2Pb8_2,0.0151,4.709960024269424,4.709960024269424,0.16523992440019,0.0014913194330589,0.399999920000016,3
POSCAR_Cr2Pb8_2_y975,Cr2Pb8_2,0.014526,4.7691627124877005,4.7691627124877005,0.16523992440019,0.001507587830557,0.399999920000016,3
POSCAR_Cr2Pb8_2_z025,Cr2Pb8_2,0.013568,4.889882068815544,4.889882068815544,0.1652399244001899,0.0015282965901927,0.399999920000016,3
POSCAR_Cr2Pb8_2_z050,Cr2Pb8_2,0.011942,4.951341557610035,4.951341557610035,0.1652399244001899,0.0015327993141817,0.399999920000016,3
POSCAR_Cr2Pb8_2_z950,Cr2Pb8_2,0.014027,4.710022427981605,4.710022427981605,0.16523992440019,0.0015146686831484,0.399999920000016,3
POSCAR_Cr2Pb8_2_z975,Cr2Pb8_2,0.012793,4.769193922761152,4.769193922761152,0.16523992440019,0.0015192279011895,0.399999920000016,3
POSCAR_Cr2S2_1,Cr2S2_1,0.766667,3.020069547538258,3.020069547538258,0.3333333333333334,0.6989359103459499,0.799999840000032,3
POSCAR_Cr2S2_1_st025,Cr2S2_1,0.71983,3.095571286226705,3.095571286226705,0.3333333333333333,0.698935910345949,0.799999840000032,3
POSCAR_Cr2S2_1_st050,Cr2S2_1,0.677717,3.171073024915162,3.171073024915162,0.3333333333333333,0.6989359103459494,0.799999840000032,3
POSCAR_Cr2S2_1_st950,Cr2S2_1,0.902833,2.869066070161337,2.869066070161337,0.3333333333333333,0.6989359103459494,0.799999840000032,3
POSCAR_Cr2S2_1_st975,Cr2S2_1,0.82782,2.944567808849793,2.944567808849793,0.3333333333333333,0.6989359103459494,0.799999840000032,3
POSCAR_Cr2S2_1_x025,Cr2S2_1,0.719078,3.0200695378609224,3.0200695378609224,0.3333333333333333,0.7066010496356622,0.799999840000032,3
POSCAR_Cr2S2_1_x050,Cr2S2_1,0.676615,3.0200695282325465,3.0200695282325465,0.3333333333333333,0.7142856576357873,0.799999840000032,3
POSCAR_Cr2S2_1_x950,Cr2S2_1,0.879047,3.0200695669676816,3.0200695669676816,0.3333333333333333,0.6837062605214709,0.799999840000032,3
POSCAR_Cr2S2_1_x975,Cr2S2_1,0.822587,3.0200695572284846,3.0200695572284846,0.3333333333333334,0.6913006514586786,0.799999840000032,3
POSCAR_Cr2S2_1_y025,Cr2S2_1,0.792498,3.0200695474764,3.0200695474764,0.3333333333333334,0.7026528396006428,0.799999840000032,3
POSCAR_Cr2S2_1_y050,Cr2S2_1,0.81904,3.0200695474307424,3.0200695474307424,0.3333333333333333,0.70644684990979,0.799999840000032,3
POSCAR_Cr2S2_1_y950,Cr2S2_1,0.725002,3.0200695476384625,3.0200695476384625,0.3333333333333334,0.6917605093714759,0.799999840000032,3
POSCAR_Cr2S2_1_y975,Cr2S2_1,0.74726,3.0200695475802606,3.0200695475802606,0.3333333333333333,0.6953028421638427,0.799999840000032,3
POSCAR_Cr2S2_1_z025,Cr2S2_1,0.746748,3.095571295986064,3.095571295986064,0.3333333333333333,0.6876524261341628,0.799999840000032,3
POSCAR_Cr2S2_1_z050,Cr2S2_1,0.726215,3.1710730444240367,3.1710730444240367,0.3333333333333333,0.6764641606561792,0.799999840000032,3
POSCAR_Cr2S2_1_z950,Cr2S2_1,0.819967,2.869066050749595,2.869066050749595,0.3333333333333333,0.7217511914005145,0.799999840000032,3
POSCAR_Cr2S2_1_z975,Cr2S2_1,0.793052,2.944567799146618,2.944567799146618,0.3333333333333332,0.710305486026728,0.799999840000032,3
POSCAR_Cr2S2_2,Cr2S2_2,0.586071,3.703331708893947,3.688760657919653,0.3333333333333332,0.0721542168026115,0.799999840000032,3
POSCAR_Cr2S2_2_st025,Cr2S2_2,0.552744,3.795915001616287,3.780979674367644,0.3333333333333332,0.0721542168026065,0.799999840000032,3
POSCAR_Cr2S2_2_st050,Cr2S2_2,0.524222,3.888498294338637,3.873198690815636,0.5561341936207276,0.9178692824062156,0.799999840000032,2
POSCAR_Cr2S2_2_st950,Cr2S2_2,0.81405,3.5181651234492426,3.504322625023669,0.3333333333333333,0.0721542168026065,0.799999840000032,3
POSCAR_Cr2S2_2_st975,Cr2S2_2,0.661331,3.610748416171591,3.5965416414716613,0.3333333333333332,0.0721542168026064,0.799999840000032,3
POSCAR_Cr2S2_2_z025,Cr2S2_2,0.569787,3.768858041036976,3.688760657964742,0.3333333333333333,0.0710221582926042,0.799999840000032,3
POSCAR_Cr2S2_2_z050,Cr2S2_2,0.55592,3.8348418346272326,3.688760657964742,0.3333333333333333,0.0698974590837939,0.799999840000032,3
POSCAR_Cr2S2_2_z950,Cr2S2_2,0.681751,3.573751907930714,3.573751907930714,0.3333333333333333,0.0744362828306247,0.799999840000032,3
POSCAR_Cr2S2_2_z975,Cr2S2_2,0.615927,3.6382875552393217,3.6382875552393217,0.3333333333333334,0.0732926222702366,0.799999840000032,3
POSCAR_Cr2S2_3,Cr2S2_3,0.020292,3.8759816315611615,3.482195756570075,0.1666666666666666,0.0073303513494198,0.799999840000032,3
POSCAR_Cr2S2_3_st025,Cr2S2_3,0.019444,3.972881172350205,3.569250650484326,0.1666666666666666,0.0073303513494212,0.799999840000032,3
POSCAR_Cr2S2_3_st050,Cr2S2_3,0.018436,4.069780713139236,3.6563055443985775,0.1666666666666666,0.0073303513494212,0.799999840000032,3
POSCAR_Cr2S2_3_st950,Cr2S2_3,0.023146,3.682182549983117,3.308085968741571,0.1666666666666667,0.0073303513494211,0.799999840000032,3
POSCAR_Cr2S2_3_st975,Cr2S2_3,0.021336,3.779082090772147,3.395140862655823,0.1666666666666666,0.0073303513494211,0.799999840000032,3
POSCAR_Cr2S2_3_x025,Cr2S2_3,0.021069,3.875746439867123,3.511125748811332,0.1666666666666666,0.0073864873794425,0.799999840000032,3
POSCAR_Cr2S2_3_x050,Cr2S2_3,0.021758,3.8755113235552567,3.511125748811332,0.1666666666666666,0.0074407805050028,0.799999840000032,3
POSCAR_Cr2S2_3_x950,Cr2S2_3,0.018661,3.876452241197992,3.3080859687273625,0.1666666666666666,0.0072123066869898,0.799999840000032,3
POSCAR_Cr2S2_3_x975,Cr2S2_3,0.019457,3.876216898702306,3.3951408626784896,0.1666666666666666,0.0072723112993668,0.799999840000032,3
POSCAR_Cr2S2_3_y025,Cr2S2_3,0.019378,3.896062733836389,3.482195756531908,0.1666666666666666,0.0072667729825695,0.799999840000032,3
POSCAR_Cr2S2_3_y050,Cr2S2_3,0.018317,3.9165386701937215,3.482195756531908,0.1666666666666667,0.0072044124550276,0.799999840000032,3
POSCAR_Cr2S2_3_y950,Cr2S2_3,0.02336,3.8370286040045087,3.3355694614006643,0.1666666666666666,0.0074610618553816,0.799999840000032,3
POSCAR_Cr2S2_3_y975,Cr2S2_3,0.020997,3.856301531576535,3.423347605105505,0.1666666666666666,0.0073951241415239,0.799999840000032,3
POSCAR_Cr2S2_3_z025,Cr2S2_3,0.019308,3.953432691355742,3.482195756531908,0.1666666666666666,0.0073376181637568,0.799999840000032,3
POSCAR_Cr2S2_3_z050,Cr2S2_3,0.01779,4.031264359753741,3.482195756531908,0.1666666666666666,0.0073451810214252,0.799999840000032,3
POSCAR_Cr2S2_3_z950,Cr2S2_3,0.022393,3.72231625529358,3.482195756531908,0.1666666666666666,0.0073169079959132,0.799999840000032,3
POSCAR_Cr2S2_3_z975,Cr2S2_3,0.020954,3.798934459557173,3.482195756531908,0.1666666666666666,0.0073234309222205,0.799999840000032,3
POSCAR_Cr2S2_5,Cr2S2_5,0.579189,3.69649193827208,3.688921584443022,0.3333333333333333,0.0729552233868016,0.799999840000032,3
POSCAR_Cr2S2_5_st025,Cr2S2_5,0.534906,3.7889042367289263,3.7811446240540967,0.3333333333333333,0.072955223386799,0.799999840000032,3
POSCAR_Cr2S2_5_st050,Cr2S2_5,0.500436,3.88131653518573,3.873367663665173,0.9989754714221202,0.9178198352619832,0.799999840000032,2
POSCAR_Cr2S2_5_st950,Cr2S2_5,0.850929,3.511667341358517,3.5044755052208703,0.3333333333333333,0.0729552233867991,0.799999840000032,3
POSCAR_Cr2S2_5_st975,Cr2S2_5,0.702008,3.60407963981532,3.5966985448319457,0.3333333333333333,0.072955223386799,0.799999840000032,3
POSCAR_Cr2S2_5_z025,Cr2S2_5,0.53061,3.759330360799147,3.688921584448956,0.3333333333333333,0.0717879755531161,0.799999840000032,3
POSCAR_Cr2Sb2_1,Cr2Sb2_1,1.193991,2.9306944888083293,2.9306944888083293,0.3333333333333333,0.7391169522595908,0.599999880000024,3
POSCAR_Cr2Sb2_1_st025,Cr2Sb2_1,0.977622,3.0039618510285138,3.0039618510285138,0.3333333333333334,0.7391169522595911,0.599999880000024,3
POSCAR_Cr2Sb2_1_st050,Cr2Sb2_1,0.791015,3.0772292132487222,3.0772292132487222,0.3333333333333333,0.7391169522595907,0.599999880000024,3
POSCAR_Cr2Sb2_1_st950,Cr2Sb2_1,1.386081,2.784159764367891,2.784159764367891,0.3333333333333333,0.739116952259591,0.599999880000024,3
POSCAR_Cr2Sb2_1_st975,Cr2Sb2_1,1.372512,2.8574271265880995,2.8574271265880995,0.3333333333333333,0.739116952259591,0.599999880000024,3
POSCAR_Cr2Sb2_1_x050,Cr2Sb2_1,1.172253,2.9306944673106643,2.9306944673106643,0.3333333333333334,0.7488793995091808,0.599999880000024,3
POSCAR_Cr2Sb2_1_y050,Cr2Sb2_1,1.172031,2.9306945146272736,2.9306945146272736,0.3333333333333333,0.748880617901571,0.599999880000024,3
POSCAR_Cr2Sb2_1_z025,Cr2Sb2_1,1.019118,3.003961848850036,3.003961848850036,0.3333333333333333,0.7294824999337243,0.599999880000024,3
POSCAR_Cr2Sb2_1_z050,Cr2Sb2_1,0.924203,3.077229208913593,3.077229208913593,0.3333333333333332,0.7198672757255946,0.599999880000024,3
POSCAR_Cr2Sb2_1_z950,Cr2Sb2_1,1.513067,2.784159768731457,2.784159768731457,0.3333333333333333,0.7584079434578468,0.599999880000024,3
POSCAR_Cr2Sb2_1_z975,Cr2Sb2_1,1.362404,2.857427128783712,2.857427128783712,0.3333333333333333,0.7487618559701279,0.599999880000024,3
POSCAR_Cr2Sb2_2,Cr2Sb2_2,0.010588,3.999318101960308,3.314497388914513,0.5,7.806492122379177e-06,0.599999880000024,3
POSCAR_Cr2Sb2_2_st950,Cr2Sb2_2,0.011874,3.79935219686229,3.1487725194687872,0.4999999999999999,7.806492122379764e-06,0.599999880000024,3
POSCAR_Cr2Sb2_2_st975,Cr2Sb2_2,0.013635,3.899335149411297,3.2316349541916503,0.4999999999999998,7.806492122379761e-06,0.599999880000024,3
POSCAR_Cr2Sb2_2_x025,Cr2Sb2_2,0.010785,4.002212824733587,3.314497388895429,0.4999999999999999,7.998112845083704e-06,0.599999880000024,3
POSCAR_Cr2Sb2_2_x050,Cr2Sb2_2,0.011607,4.006828775095334,3.314497388895429,0.5,8.186835798888902e-06,0.599999880000024,3
POSCAR_Cr2Sb2_2_x950,Cr2Sb2_2,0.01248,3.998705069010805,3.15865584460834,0.4999999999999998,7.414989501988134e-06,0.599999880000024,3
POSCAR_Cr2Sb2_2_x975,Cr2Sb2_2,0.011071,3.998148345413017,3.2417783668537243,0.4999999999999999,7.612076254957983e-06,0.599999880000024,3
POSCAR_Cr2Sb2_2_y025,Cr2Sb2_2,0.009855,3.996349195692961,3.3249008890667087,0.4999999999999999,7.803241014025553e-06,0.599999880000024,3
POSCAR_Cr2Sb2_2_y050,Cr2Sb2_2,0.009451,3.993810833104291,3.324900889066708,0.4999999999999999,7.79878115696479e-06,0.599999880000024,3
POSCAR_Cr2Sb2_2_y950,Cr2Sb2_2,0.01449,4.006543578103567,3.148772519479985,0.4999999999999998,7.809116273806493e-06,0.599999880000024,3
POSCAR_Cr2Sb2_2_y975,Cr2Sb2_2,0.01323,4.002716593782283,3.231634954187963,0.5,7.808471312537353e-06,0.599999880000024,3
POSCAR_Cr2Sb2_2_z025,Cr2Sb2_2,0.010561,4.101520447591084,3.314497388895429,0.4999999999999999,7.61691508281728e-06,0.599999880000024,3
POSCAR_Cr2Sb2_2_z050,Cr2Sb2_2,0.008929,4.205754822146729,3.314497388895429,0.4999999999999999,7.429212050889781e-06,0.599999880000024,3
POSCAR_Cr2Sb2_2_z950,Cr2Sb2_2,0.015638,3.801661833875255,3.314497388895428,0.5000000000000001,8.189980093840583e-06,0.599999880000024,3
POSCAR_Cr2Sb2_2_z975,Cr2Sb2_2,0.01126,3.899307569241553,3.314497388895428,0.5,7.99762838408884e-06,0.599999880000024,3
POSCAR_Cr2Sb3_3,Cr2Sb3_3,0.789409,2.782329753817487,2.782329753817487,0.3023009524156034,0.5858486931732474,0.599999880000024,3
POSCAR_Cr2Sb3_3_st025,Cr2Sb3_3,0.701053,2.851887997662922,2.851887997662922,0.3023009524156029,0.5858486931732447,0.599999880000024,3
POSCAR_Cr2Sb3_3_st050,Cr2Sb3_3,0.671775,2.9214462415083595,2.9214462415083595,0.302300952415603,0.5858486931732446,0.599999880000024,3
POSCAR_Cr2Sb3_3_st950,Cr2Sb3_3,0.866976,2.6432132661266112,2.6432132661266112,0.302300952415603,0.5858486931732448,0.599999880000024,3
POSCAR_Cr2Sb3_3_st975,Cr2Sb3_3,0.845775,2.712771509972048,2.712771509972048,0.3023009524156029,0.5858486931732445,0.599999880000024,3
POSCAR_Cr2Sb3_3_x975,Cr2Sb3_3,0.792306,2.7823874754311784,2.7823874754311784,0.3023009524156034,0.5946691932080673,0.599999880000024,3
POSCAR_Cr2Sb3_3_z025,Cr2Sb3_3,0.767798,2.852001830251143,2.852001830251143,0.3023009524156034,0.6033891814670944,0.599999880000024,3
POSCAR_Cr2Sb3_3_z975,Cr2Sb3_3,0.782965,2.7128951692508325,2.7128951692508325,0.3023009524156034,0.5683975244264401,0.599999880000024,3
POSCAR_Cr2Sb4_1,Cr2Sb4_1,0.412857,5.071149529544587,3.320476854137129,0.1922027706941465,0.4997932086614893,0.599999880000024,3
POSCAR_Cr2Sb4_1_st025,Cr2Sb4_1,0.388459,5.197928267783199,3.4034887754905565,0.1922027706941465,0.4997932086614878,0.599999880000024,3
POSCAR_Cr2Sb4_1_st050,Cr2Sb4_1,0.357756,5.324707006021814,3.4865006968439856,0.1922027706941465,0.4997932086614879,0.599999880000024,3
POSCAR_Cr2Sb4_1_st950,Cr2Sb4_1,0.42505,4.817592053067356,3.154453011430272,0.1922027706941465,0.4997932086614882,0.599999880000024,3
POSCAR_Cr2Sb4_1_st975,Cr2Sb4_1,0.426412,4.94437079130597,3.2374649327837006,0.1922027706941465,0.4997932086614878,0.599999880000024,3
POSCAR_Cr2Sb4_1_x025,Cr2Sb4_1,0.341858,5.084870755831504,3.403488775471899,0.1922027706941466,0.4941660479714733,0.599999880000024,3
POSCAR_Cr2Sb4_1_x050,Cr2Sb4_1,0.30736,5.098892806316806,3.4865006968126684,0.1922027706941466,0.4885453345809281,0.599999880000024,3
POSCAR_Cr2Sb4_1_x950,Cr2Sb4_1,0.389521,5.044619314610407,3.154453011449591,0.1922027706941466,0.511047349750755,0.599999880000024,3
POSCAR_Cr2Sb4_1_x975,Cr2Sb4_1,0.437039,5.057731575817956,3.23746493279036,0.1922027706941466,0.5054220044548687,0.599999880000024,3
POSCAR_Cr2Sb4_1_y025,Cr2Sb4_1,0.436757,5.120677066017636,3.320476854131129,0.1922027706941466,0.4985039880149808,0.599999880000024,3
POSCAR_Cr2Sb4_1_y050,Cr2Sb4_1,0.426546,5.17093543552035,3.3204768541311296,0.1922027706941465,0.4972583606679656,0.599999880000024,3
POSCAR_Cr2Sb4_1_y950,Cr2Sb4_1,0.364227,4.974373953169424,3.3204768541311296,0.1922027706941465,0.5025038550247796,0.599999880000024,3
POSCAR_Cr2Sb4_1_y975,Cr2Sb4_1,0.379417,5.022374447230639,3.3204768541311296,0.1922027706941465,0.5011264160441898,0.599999880000024,3
POSCAR_Cr2Sb4_1_z025,Cr2Sb4_1,0.411847,5.135594737894307,3.3204768541311296,0.1922027706941466,0.5067307229916971,0.599999880000024,3
POSCAR_Cr2Sb4_1_z050,Cr2Sb4_1,0.400375,5.200803329812373,3.3204768541311296,0.1922027706941466,0.5136595043412833,0.599999880000024,3
POSCAR_Cr2Sb4_1_z950,Cr2Sb4_1,0.396021,4.944668304194334,3.3204768541311296,0.1922027706941466,0.4859157516451229,0.599999880000024,3
POSCAR_Cr2Sb4_1_z975,Cr2Sb4_1,0.370469,5.007497178560179,3.320476854131129,0.1922027706941466,0.4928528085884468,0.599999880000024,3
POSCAR_Cr2Sb6_1,Cr2Sb6_1,0.536579,4.66348548426998,4.66348548426998,0.1356335781726019,0.4662250571354563,0.599999880000024,3
POSCAR_Cr2Sb6_1_st050,Cr2Sb6_1,0.508847,4.896659758483483,4.896659758483483,0.1356335781726023,0.4662250571354515,0.599999880000024,3
POSCAR_Cr2Sb6_1_st950,Cr2Sb6_1,0.517994,4.430311210056482,4.430311210056482,0.1356335781726023,0.4662250571354513,0.599999880000024,3
POSCAR_Cr2Sb6_1_z025,Cr2Sb6_1,0.542872,4.717088185483687,4.717088185483687,0.135633578172602,0.4738511731407187,0.599999880000024,3
POSCAR_Cr2Sb8_1,Cr2Sb8_1,0.011811,3.063852495263302,3.063852495263302,0.1461386686000077,0.0002926677676628,0.599999880000024,3
POSCAR_Cr2Sb8_1_st025,Cr2Sb8_1,0.011569,3.140448807644908,3.140448807644908,0.1461386686000085,0.0002926677676614,0.599999880000024,3
POSCAR_Cr2Sb8_1_st950,Cr2Sb8_1,0.011308,2.9106598705001585,2.9106598705001585,0.1461386686000085,0.0002926677676613,0.599999880000024,3
POSCAR_Cr2Sb8_1_st975,Cr2Sb8_1,0.012222,2.9872561828817417,2.9872561828817417,0.1461386686000085,0.0002926677676613,0.599999880000024,3
POSCAR_Cr2Sb8_1_x025,Cr2Sb8_1,0.01189,3.106692822212486,3.106692822212486,0.1461386686000077,0.0002896715968059,0.599999880000024,3
POSCAR_Cr2Sb8_1_x050,Cr2Sb8_1,0.011517,3.1499896911188623,3.1499896911188623,0.1461386686000077,0.0002867423264717,0.599999880000024,3
POSCAR_Cr2Sb8_1_x950,Cr2Sb8_1,0.012295,2.9796200272737106,2.9796200272737106,0.1461386686000077,0.0002988601713739,0.599999880000024,3
POSCAR_Cr2Sb8_1_x975,Cr2Sb8_1,0.011689,3.0214881296936684,3.0214881296936684,0.1461386686000076,0.0002957307526099,0.599999880000024,3
POSCAR_Cr2Sb8_1_y025,Cr2Sb8_1,0.011011,3.0618924122471896,3.0618924122471896,0.1461386686000077,0.0002941792381481,0.599999880000024,3
POSCAR_Cr2Sb8_1_y050,Cr2Sb8_1,0.01063,3.060453801958261,3.060453801958261,0.1461386686000077,0.0002957528063943,0.599999880000024,3
POSCAR_Cr2Sb8_1_y950,Cr2Sb8_1,0.012603,3.069332817490677,3.069332817490677,0.1461386686000077,0.0002898439567257,0.599999880000024,3
POSCAR_Cr2Sb8_1_y975,Cr2Sb8_1,0.012991,3.066333050983384,3.066333050983384,0.1461386686000077,0.0002912215986551,0.599999880000024,3
POSCAR_Cr2Sb8_1_z025,Cr2Sb8_1,0.012414,3.100341771271365,3.100341771271365,0.1461386686000077,0.0002942369654376,0.599999880000024,3
POSCAR_Cr2Sb8_1_z050,Cr2Sb8_1,0.012375,3.1373742817079475,3.1373742817079475,0.1461386686000077,0.0002958402540858,0.599999880000024,3
POSCAR_Cr2Sb8_1_z950,Cr2Sb8_1,0.009912,2.9925828372116943,2.9925828372116943,0.1461386686000077,0.0002896554344468,0.599999880000024,3
POSCAR_Cr2Sb8_1_z975,Cr2Sb8_1,0.010727,3.0279260931762053,3.0279260931762053,0.1461386686000077,0.0002911384717844,0.599999880000024,3
POSCAR_Cr2Se2_1,Cr2Se2_1,0.597532,3.2022366843588257,3.2022366843588257,0.3333333333333333,0.6813266799148333,0.799999840000032,3
POSCAR_Cr2Se2_1_st025,Cr2Se2_1,0.5341,3.282292601467796,3.282292601467796,0.3333333333333332,0.6813266799148332,0.799999840000032,3
POSCAR_Cr2Se2_1_st050,Cr2Se2_1,0.492965,3.3623485185767663,3.3623485185767663,0.5598926144072294,0.7774159052626209,0.799999840000032,2
POSCAR_Cr2Se2_1_st950,Cr2Se2_1,0.74998,3.042124850140884,3.042124850140884,0.3333333333333333,0.6813266799148329,0.799999840000032,3
POSCAR_Cr2Se2_1_st975,Cr2Se2_1,0.657581,3.122180767249855,3.122180767249855,0.3333333333333333,0.681326679914833,0.799999840000032,3
POSCAR_Cr2Se2_1_z025,Cr2Se2_1,0.604224,3.2822957926874605,3.2822957926874605,0.3333333333333333,0.6703041880002464,0.799999840000032,3
POSCAR_Cr2Se2_1_z050,Cr2Se2_1,0.608072,3.362354901550757,3.362354901550757,0.3333333333333332,0.6593705415008944,0.799999840000032,3
POSCAR_Cr2Se2_1_z950,Cr2Se2_1,0.725104,3.042118469563263,3.042118469563263,0.3333333333333333,0.7036004228028798,0.799999840000032,3
POSCAR_Cr2Se2_1_z975,Cr2Se2_1,0.642033,3.122177576646391,3.122177576646391,0.3333333333333332,0.6924287751191762,0.799999840000032,3
POSCAR_Cr2Se2_2,Cr2Se2_2,0.580627,3.2249243511604897,3.2249243511604897,0.3333333333333333,0.6791217538679889,0.799999840000032,3
POSCAR_Cr2Se2_2_st025,Cr2Se2_2,0.518623,3.3055474599395134,3.3055474599395134,0.5148820506256854,0.7788673240319165,0.799999840000032,2
POSCAR_Cr2Se2_2_st050,Cr2Se2_2,0.475171,3.386170568718527,3.386170568718527,0.514882050625685,0.7788673240319166,0.799999840000032,2
POSCAR_Cr2Se2_2_st950,Cr2Se2_2,0.736631,3.063678133602476,3.063678133602476,0.3333333333333334,0.6791217538679889,0.799999840000032,3
POSCAR_Cr2Se2_2_st975,Cr2Se2_2,0.639076,3.144301242381488,3.144301242381488,0.3333333333333333,0.6791217538679891,0.799999840000032,3
POSCAR_Cr2Se2_2_z025,Cr2Se2_2,0.58801,3.3055506210102257,3.3055506210102257,0.3333333333333333,0.668041592785811,0.799999840000032,3
POSCAR_Cr2Se2_2_z050,Cr2Se2_2,0.592666,3.3861769009249896,3.3861769009249896,0.3333333333333334,0.6570534635808931,0.799999840000032,3
POSCAR_Cr2Se2_2_z950,Cr2Se2_2,0.712002,3.0636718447561218,3.0636718447561218,0.3333333333333335,0.7015203806717817,0.799999840000032,3
POSCAR_Cr2Se2_2_z975,Cr2Se2_2,0.628272,3.144298092136338,3.144298092136338,0.3333333333333334,0.6902847047544884,0.799999840000032,3
POSCAR_Cr2Se4_1,Cr2Se4_1,0.407761,4.536340415048966,3.930800314530337,0.1892089371187242,0.3956146325712674,0.799999840000032,3
POSCAR_Cr2Se4_1_st025,Cr2Se4_1,0.379842,4.64974892542515,4.029070322393596,0.1892089371187241,0.3956146325712654,0.799999840000032,3
POSCAR_Cr2Se4_1_x050,Cr2Se4_1,0.32822,4.579557393351126,4.127340330288403,0.1892089371187243,0.3814137216577936,0.799999840000032,3
POSCAR_Cr2Se4_1_x975,Cr2Se4_1,0.489549,4.515376082018812,3.832530306689237,0.1892089371187242,0.4028886954319493,0.799999840000032,3
POSCAR_Cr2Se4_1_y025,Cr2Se4_1,0.365456,4.573860374048381,3.930800314522356,0.1892089371187243,0.3985742747908337,0.799999840000032,3
POSCAR_Cr2Se4_1_y050,Cr2Se4_1,0.329719,4.611995240773212,3.930800314522356,0.1892089371187242,0.4015229593166293,0.799999840000032,3
POSCAR_Cr2Se4_1_z975,Cr2Se4_1,0.361447,4.481679423633463,3.930800314522356,0.1892089371187242,0.3913775742779523,0.799999840000032,3
POSCAR_Cr2Si4_1,Cr2Si4_1,0.01121,2.5448044080144454,2.5448044080144454,0.3389905122286253,0.000709478957657,0.399999920000016,3
POSCAR_Cr2Si4_1_st950,Cr2Si4_1,0.011303,2.41756418761372,2.41756418761372,0.3389905122286242,0.0007094789576542,0.399999920000016,3
POSCAR_Cr2Si4_1_st975,Cr2Si4_1,0.011416,2.481184297814081,2.481184297814081,0.338990512228624,0.0007094789576542,0.399999920000016,3
POSCAR_Cr2Si4_1_x025,Cr2Si4_1,0.010787,2.577117953289341,2.577117953289341,0.3389905122286253,0.0007196328696357,0.399999920000016,3
POSCAR_Cr2Si4_1_x050,Cr2Si4_1,0.009754,2.610502865837665,2.610502865837665,0.3389905122286253,0.0007297363297865,0.399999920000016,3
POSCAR_Cr2Si4_1_x950,Cr2Si4_1,0.010875,2.483557312587126,2.483557312587126,0.3389905122286252,0.000689075780181,0.399999920000016,3
POSCAR_Cr2Si4_1_x975,Cr2Si4_1,0.011318,2.5136035489728217,2.5136035489728217,0.3389905122286253,0.000699288126914,0.399999920000016,3
POSCAR_Cr2Si4_1_y025,Cr2Si4_1,0.010686,2.5772110440471963,2.5772110440471963,0.3389905122286252,0.0007049676975484,0.399999920000016,3
POSCAR_Cr2Si4_1_y050,Cr2Si4_1,0.010079,2.610688932000353,2.610688932000353,0.3389905122286252,0.000700691705362,0.399999920000016,3
POSCAR_Cr2Si4_1_y950,Cr2Si4_1,0.010991,2.483371261922518,2.483371261922518,0.3389905122286252,0.0007192174860925,0.399999920000016,3
POSCAR_Cr2Si4_1_y975,Cr2Si4_1,0.011407,2.5135104591105684,2.5135104591105684,0.3389905122286252,0.0007142281977462,0.399999920000016,3
POSCAR_Cr2Si4_1_z025,Cr2Si4_1,0.010729,2.544803117722496,2.544803117722496,0.3389905122286253,0.0007039636481892,0.399999920000016,3
POSCAR_Cr2Si4_1_z050,Cr2Si4_1,0.009669,2.5448018274663022,2.5448018274663022,0.3389905122286252,0.0006985073872123,0.399999920000016,3
POSCAR_Cr2Si4_1_z950,Cr2Si4_1,0.010757,2.544806988502071,2.544806988502071,0.3389905122286253,0.0007206881925328,0.399999920000016,3
POSCAR_Cr2Si4_1_z975,Cr2Si4_1,0.011208,2.5448056982403795,2.5448056982403795,0.3389905122286253,0.0007150536386162,0.399999920000016,3
POSCAR_Cr2Sn2_2,Cr2Sn2_2,0.806262,2.891885201927558,2.891885201927558,0.3333333333333333,0.7529838236401379,0.399999920000016,3
POSCAR_Cr2Sn2_2_st025,Cr2Sn2_2,0.800343,2.964182331975731,2.964182331975731,0.3333333333333332,0.752983823640138,0.399999920000016,3
POSCAR_Cr2Sn2_2_st050,Cr2Sn2_2,0.791652,3.03647946202392,3.03647946202392,0.3333333333333332,0.7529838236401383,0.399999920000016,3
POSCAR_Cr2Sn2_2_st950,Cr2Sn2_2,0.828002,2.747290941831166,2.747290941831166,0.3333333333333332,0.7529838236401382,0.399999920000016,3
POSCAR_Cr2Sn2_2_st975,Cr2Sn2_2,0.815727,2.819588071879355,2.819588071879355,0.3333333333333333,0.7529838236401385,0.399999920000016,3
POSCAR_Cr2Sn2_2_x025,Cr2Sn2_2,0.857399,2.8918852020506542,2.8918852020506542,0.3333333333333335,0.7576666240885888,0.399999920000016,3
POSCAR_Cr2Sn2_2_x050,Cr2Sn2_2,0.880422,2.891885202182518,2.891885202182518,0.3333333333333333,0.7624091515210152,0.399999920000016,3
POSCAR_Cr2Sn2_2_x950,Cr2Sn2_2,0.921353,2.8918852016702656,2.8918852016702656,0.3333333333333333,0.7438344929213015,0.399999920000016,3
POSCAR_Cr2Sn2_2_x975,Cr2Sn2_2,0.810025,2.891885201794529,2.891885201794529,0.3333333333333334,0.748369954157414,0.399999920000016,3
POSCAR_Cr2Sn2_2_y025,Cr2Sn2_2,0.857376,2.891885202095974,2.891885202095974,0.3333333333333334,0.7576667919430417,0.399999920000016,3
POSCAR_Cr2Sn2_2_y050,Cr2Sn2_2,0.880383,2.891885202274369,2.891885202274369,0.3333333333333333,0.7624094844540009,0.399999920000016,3
POSCAR_Cr2Sn2_2_y950,Cr2Sn2_2,0.92127,2.891885201583278,2.891885201583278,0.3333333333333334,0.7438341495426765,0.399999920000016,3
POSCAR_Cr2Sn2_2_y975,Cr2Sn2_2,0.810048,2.891885201750428,2.891885201750428,0.3333333333333335,0.7483697836908738,0.399999920000016,3
POSCAR_Cr2Sn2_2_z025,Cr2Sn2_2,0.75889,2.964182331691837,2.964182331691837,0.3333333333333333,0.7436839167604951,0.399999920000016,3
POSCAR_Cr2Sn2_2_z050,Cr2Sn2_2,0.713617,3.0364794614210577,3.0364794614210577,0.3333333333333333,0.7343897045903265,0.399999920000016,3
POSCAR_Cr2Sn2_2_z950,Cr2Sn2_2,0.918595,2.7472909424591414,2.7472909424591414,0.3333333333333333,0.77156627752514,0.399999920000016,3
POSCAR_Cr2Te2_1,Cr2Te2_1,0.951238,3.250076778357992,3.250076778357992,0.3333333333333333,0.7153615625512296,0.799999840000032,3
POSCAR_Cr2Te2_1_st025,Cr2Te2_1,0.788954,3.331328697816962,3.331328697816962,0.3333333333333333,0.7153615625512312,0.799999840000032,3
POSCAR_Cr2Te2_1_st050,Cr2Te2_1,0.734561,3.4125806172759128,3.4125806172759128,0.5447543519136859,0.7868569822964787,0.799999840000032,2
POSCAR_Cr2Te2_1_st950,Cr2Te2_1,1.341444,3.087572939440112,3.087572939440112,0.3333333333333333,0.7153615625512317,0.799999840000032,3
POSCAR_Cr2Te2_1_st975,Cr2Te2_1,1.137235,3.168824858899062,3.168824858899062,0.3333333333333334,0.7153615625512313,0.799999840000032,3
POSCAR_Cr2Te2_1_x025,Cr2Te2_1,0.961023,3.250076763367144,3.250076763367144,0.3333333333333334,0.7206809319668042,0.799999840000032,3
POSCAR_Cr2Te2_1_x050,Cr2Te2_1,0.937814,3.2500767485216,3.2500767485216,0.3333333333333333,0.726066024156328,0.799999840000032,3
POSCAR_Cr2Te2_1_x950,Cr2Te2_1,0.921873,3.2500768087949568,3.2500768087949568,0.3333333333333332,0.704962391404566,0.799999840000032,3
POSCAR_Cr2Te2_1_x975,Cr2Te2_1,0.93762,3.250076793503833,3.250076793503833,0.3333333333333333,0.7101184470784346,0.799999840000032,3
POSCAR_Cr2Te2_1_y025,Cr2Te2_1,0.961165,3.2500767613743617,3.2500767613743617,0.3333333333333333,0.7206787591477654,0.799999840000032,3
POSCAR_Cr2Te2_1_y050,Cr2Te2_1,0.938097,3.250076744567451,3.250076744567451,0.3333333333333333,0.7260617222001271,0.799999840000032,3
POSCAR_Cr2Te2_1_y950,Cr2Te2_1,0.921722,3.2500768128747297,3.2500768128747297,0.3333333333333334,0.7049668601829493,0.799999840000032,3
POSCAR_Cr2Te2_1_y975,Cr2Te2_1,0.937533,3.250076795527991,3.250076795527991,0.3333333333333333,0.7101206616879333,0.799999840000032,3
POSCAR_Cr2Te2_1_z025,Cr2Te2_1,0.785807,3.33132873023986,3.33132873023986,0.3333333333333333,0.7048239257907799,0.799999840000032,3
POSCAR_Cr2Te2_1_z050,Cr2Te2_1,0.719824,3.412580682565106,3.412580682565106,0.3333333333333332,0.6943447126794557,0.799999840000032,3
POSCAR_Cr2Te2_1_z950,Cr2Te2_1,1.133254,3.087572876250465,3.087572876250465,0.3333333333333333,0.7365747739116781,0.799999840000032,3
POSCAR_Cr2Te2_1_z975,Cr2Te2_1,1.109346,3.168824827017349,3.168824827017349,0.3333333333333333,0.7259484584231269,0.799999840000032,3
POSCAR_Cr2Te4_1,Cr2Te4_1,0.672071,5.096875777717438,4.238048418203988,0.184657620317485,0.4285823493541834,0.799999840000032,3
POSCAR_Cr2Te4_1_st025,Cr2Te4_1,0.652577,5.22429767216042,4.343999628659088,0.1846576203174856,0.4285823493541847,0.799999840000032,3
POSCAR_Cr2Te4_1_st050,Cr2Te4_1,0.631671,5.351719566603356,4.449950839114186,0.1846576203174855,0.4285823493541849,0.799999840000032,3
POSCAR_Cr2Te4_1_st950,Cr2Te4_1,0.740517,4.842031988831608,4.026145997293788,0.1846576203174854,0.4285823493541852,0.799999840000032,3
POSCAR_Cr2Te4_1_st975,Cr2Te4_1,0.706529,4.969453883274546,4.132097207748888,0.1846576203174854,0.4285823493541849,0.799999840000032,3
POSCAR_Cr2Te4_1_x025,Cr2Te4_1,0.672607,5.119104452654032,4.343999628633169,0.184657620317485,0.4208637261056151,0.799999840000032,3
POSCAR_Cr2Te4_1_x050,Cr2Te4_1,0.677415,5.141783270553529,4.449950839134024,0.1846576203174851,0.4132738380161236,0.799999840000032,3
POSCAR_Cr2Te4_1_x950,Cr2Te4_1,0.672717,5.053792495224182,4.026145997330733,0.184657620317485,0.4443947456066697,0.799999840000032,3
POSCAR_Cr2Te4_1_x975,Cr2Te4_1,0.673765,5.075103160420259,4.132097207731526,0.184657620317485,0.4364271028949291,0.799999840000032,3
POSCAR_Cr2Te4_1_y025,Cr2Te4_1,0.653562,5.135198688663334,4.238048418232378,0.184657620317485,0.432480561598469,0.799999840000032,3
POSCAR_Cr2Te4_1_y050,Cr2Te4_1,0.635,5.174173617678776,4.238048418232378,0.184657620317485,0.436372221024765,0.799999840000032,3
POSCAR_Cr2Te4_1_y950,Cr2Te4_1,0.736855,5.022245460266005,4.2380484182323785,0.184657620317485,0.4207800010790359,0.799999840000032,3
POSCAR_Cr2Te4_1_y975,Cr2Te4_1,0.699736,5.059219701737085,4.2380484182323785,0.184657620317485,0.4246809693534822,0.799999840000032,3
POSCAR_Cr2Te4_1_z025,Cr2Te4_1,0.68251,5.164696215756874,4.2380484182323785,0.184657620317485,0.4324779072230061,0.799999840000032,3
POSCAR_Cr2Te4_1_z050,Cr2Te4_1,0.697668,5.233280571952895,4.2380484182323785,0.184657620317485,0.4363979865426106,0.799999840000032,3
POSCAR_Cr2Te4_1_z950,Cr2Te4_1,0.699368,4.963651557600316,4.2380484182323785,0.184657620317485,0.4208832631210445,0.799999840000032,3
POSCAR_Cr2Te4_1_z975,Cr2Te4_1,0.686443,5.029850158917125,4.2380484182323785,0.1846576203174849,0.4247158708124818,0.799999840000032,3
POSCAR_Cr2Te8_2,Cr2Te8_2,0.397148,4.749555214601975,4.749555214601975,0.0999310411325511,0.5293191669041911,0.799999840000032,3
POSCAR_Cr2Te8_2_st975,Cr2Te8_2,0.359094,4.630816334236908,4.630816334236908,0.0999310411325515,0.5293191669041907,0.799999840000032,3
POSCAR_Cu2F4_1,Cu2F4_1,0.511943,3.5564322367773613,3.2601209640667297,0.1609009868282921,0.6652872289429625,0.499999950000005,3
POSCAR_Cu2F4_1_st025,Cu2F4_1,0.409828,3.6453430426968056,3.3416239881683976,0.1609009868282921,0.6652872289429616,0.499999950000005,3
POSCAR_Cu2F4_1_st050,Cu2F4_1,0.37305,3.7342538486162407,3.423127012270067,0.1609009868282921,0.6652872289429616,0.499999950000005,3
POSCAR_Cu2F4_1_st950,Cu2F4_1,0.610869,3.378610624938503,3.0971149158633926,0.1609009868282921,0.6652872289429617,0.499999950000005,3
POSCAR_Cu2F4_1_st975,Cu2F4_1,0.564945,3.4675214308579383,3.1786179399650623,0.1609009868282921,0.6652872289429616,0.499999950000005,3
POSCAR_Cu2F4_1_x025,Cu2F4_1,0.519037,3.5729009969996275,3.341623988215211,0.1609009868282921,0.6672447021305127,0.499999950000005,3
POSCAR_Cu2F4_1_x050,Cu2F4_1,0.460814,3.5897380465502304,3.4231270122874538,0.1609009868282921,0.6692216011347804,0.499999950000005,3
POSCAR_Cu2F4_1_x950,Cu2F4_1,0.437823,3.524680693093561,3.097114915903117,0.1609009868282921,0.6614381229274331,0.499999950000005,3
POSCAR_Cu2F4_1_x975,Cu2F4_1,0.455594,3.54035700736351,3.1786179399707595,0.160900986828292,0.6633510644078626,0.499999950000005,3
POSCAR_Cu2F4_1_y025,Cu2F4_1,0.458266,3.5942791302244106,3.2601209640430016,0.160900986828292,0.6710815472728415,0.499999950000005,3
POSCAR_Cu2F4_1_y050,Cu2F4_1,0.435478,3.632652497825761,3.2601209640430016,0.1609009868282921,0.6768600130987381,0.499999950000005,3
POSCAR_Cu2F4_1_y950,Cu2F4_1,0.618937,3.4823862953564526,3.2601209640430016,0.1609009868282921,0.6536714100123576,0.499999950000005,3
POSCAR_Cu2F4_1_y975,Cu2F4_1,0.565551,3.519128803552181,3.2601209640430016,0.160900986828292,0.6594820749804826,0.499999950000005,3
POSCAR_Cu2F4_1_z025,Cu2F4_1,0.459842,3.5917854892159653,3.2601209640430024,0.160900986828292,0.657559679129533,0.499999950000005,3
POSCAR_Cu2F4_1_z050,Cu2F4_1,0.414444,3.6277140098654286,3.2601209640430024,0.1609009868282921,0.649876701256622,0.499999950000005,3
POSCAR_Cu2F4_1_z950,Cu2F4_1,0.619591,3.487511577299113,3.2601209640430024,0.160900986828292,0.6808497719960794,0.499999950000005,3
POSCAR_Cu2F4_1_z975,Cu2F4_1,0.565312,3.521671577507017,3.2601209640430024,0.160900986828292,0.6730529139493163,0.499999950000005,3
POSCAR_Cu2F6_1,Cu2F6_1,0.466451,3.5210233351861,3.5210233351861,0.1071702151465169,0.6234489908165856,0.499999950000005,3
POSCAR_Cu2F6_1_st025,Cu2F6_1,0.483293,3.609048918565736,3.609048918565736,0.1071702151465168,0.6234489908165842,0.499999950000005,3
POSCAR_Cu2F6_1_st050,Cu2F6_1,0.407707,3.697074501945387,3.697074501945387,0.1071702151465168,0.6234489908165843,0.499999950000005,3
POSCAR_Cu2F6_1_st950,Cu2F6_1,0.482003,3.344972168426778,3.344972168426778,0.1071702151465168,0.6234489908165842,0.499999950000005,3
POSCAR_Cu2F6_1_st975,Cu2F6_1,0.431888,3.432997751806431,3.432997751806431,0.1071702151465168,0.6234489908165841,0.499999950000005,3
POSCAR_Cu2F6_1_x025,Cu2F6_1,0.458007,3.556401924259423,3.556401924259423,0.1071702151465169,0.6128950790577405,0.499999950000005,3
POSCAR_Cu2F6_1_x050,Cu2F6_1,0.548878,3.59229258088638,3.59229258088638,0.1071702151465169,0.6024449188595703,0.499999950000005,3
POSCAR_Cu2F6_1_x950,Cu2F6_1,0.391016,3.4518651111610343,3.4518651111610343,0.1071702151465169,0.6448342748918182,0.499999950000005,3
POSCAR_Cu2F6_1_x975,Cu2F6_1,0.468907,3.4861724034361283,3.4861724034361283,0.1071702151465169,0.6340984135772302,0.499999950000005,3
POSCAR_Cu2F6_1_y025,Cu2F6_1,0.458993,3.5216241061491105,3.5216241061491105,0.1071702151465169,0.6287878142263689,0.499999950000005,3
POSCAR_Cu2F6_1_y050,Cu2F6_1,0.468621,3.52227479651925,3.52227479651925,0.1071702151465169,0.6341765318453909,0.499999950000005,3
POSCAR_Cu2F6_1_y950,Cu2F6_1,0.438,3.417293748574968,3.417293748574968,0.1071702151465169,0.6129556311008961,0.499999950000005,3
POSCAR_Cu2F6_1_y975,Cu2F6_1,0.516522,3.468724025004284,3.468724025004284,0.1071702151465169,0.6181686016995585,0.499999950000005,3
POSCAR_Cu2F6_1_z025,Cu2F6_1,0.459182,3.521377069909872,3.521377069909872,0.1071702151465169,0.6287688989094066,0.499999950000005,3
POSCAR_Cu2F6_1_z050,Cu2F6_1,0.468616,3.522026967913665,3.522026967913665,0.1071702151465169,0.6341389302043859,0.499999950000005,3
POSCAR_Cu2F6_1_z950,Cu2F6_1,0.438065,3.4175500523471696,3.4175500523471696,0.1071702151465169,0.6129940833988557,0.499999950000005,3
POSCAR_Cu2F6_1_z975,Cu2F6_1,0.516376,3.4689753639416168,3.4689753639416168,0.1071702151465169,0.6181877301830982,0.499999950000005,3
POSCAR_Cu2F6_2,Cu2F6_2,0.276801,3.5822505859258333,3.5822505859258333,0.0989125943161476,0.4221741105273756,0.499999950000005,3
POSCAR_Cu2F6_2_st025,Cu2F6_2,0.241932,3.671806850573991,3.671806850573991,0.0989125943161476,0.4221741105273757,0.499999950000005,3
POSCAR_Cu2F6_2_st050,Cu2F6_2,0.235077,3.761363115222138,3.761363115222138,0.0989125943161476,0.4221741105273762,0.499999950000005,3
POSCAR_Cu2F6_2_st950,Cu2F6_2,0.322681,3.403138056629554,3.403138056629554,0.0989125943161475,0.4221741105273758,0.499999950000005,3
POSCAR_Cu2F6_2_st975,Cu2F6_2,0.315344,3.4926943212777,3.4926943212777,0.0989125943161475,0.4221741105273756,0.499999950000005,3
POSCAR_Cu2F6_2_x025,Cu2F6_2,0.266759,3.5828607822862684,3.5828607822862684,0.0989125943161475,0.4256580043118854,0.499999950000005,3
POSCAR_Cu2F6_2_x975,Cu2F6_2,0.281126,3.5401356072015657,3.5401356072015657,0.0989125943161475,0.4187066345277282,0.499999950000005,3
POSCAR_Cu2F6_2_y025,Cu2F6_2,0.266935,3.582767804242778,3.582767804242778,0.0989125943161475,0.4256637158395535,0.499999950000005,3
POSCAR_Cu2F6_2_y975,Cu2F6_2,0.281804,3.5402291233828374,3.5402291233828374,0.0989125943161475,0.4187008344351129,0.499999950000005,3
POSCAR_Cu2F6_2_z025,Cu2F6_2,0.245857,3.588460587869176,3.588460587869176,0.0989125943161476,0.4152197046522266,0.499999950000005,3
POSCAR_Cu2F6_2_z050,Cu2F6_2,0.266588,3.59497441751156,3.59497441751156,0.0989125943161476,0.4082805852828562,0.499999950000005,3
POSCAR_Cu2F6_2_z950,Cu2F6_2,0.315558,3.4890536717019245,3.4890536717019245,0.0989125943161475,0.43609087690518,0.499999950000005,3
POSCAR_Cu2F6_2_z975,Cu2F6_2,0.301667,3.5353617714070817,3.5353617714070817,0.0989125943161475,0.429134472592763,0.499999950000005,3
POSCAR_Cu2O2_1,Cu2O2_1,1.44026,3.24376882208402,2.9037135228978648,0.5001943494140936,1.0182096249959398,0.399999960000004,2
POSCAR_Cu2O2_1_st025,Cu2O2_1,1.290062,3.3248630426361205,2.976306360970311,0.5001943494140936,1.0182096249959398,0.399999960000004,2
POSCAR_Cu2O2_1_st050,Cu2O2_1,1.114514,3.40595726318822,3.0488991990427583,0.5001943494140935,1.0182096249959398,0.399999960000004,2
POSCAR_Cu2O2_1_st950,Cu2O2_1,1.633544,3.081580380979819,2.758527846752971,0.5001943494140935,1.0182096249959396,0.399999960000004,2
POSCAR_Cu2O2_1_st975,Cu2O2_1,1.590435,3.162674601531919,2.8311206848254176,0.5001943494140934,1.0182096249959398,0.399999960000004,2
POSCAR_Cu2O2_1_z025,Cu2O2_1,1.346967,3.295617409225633,2.9037135229083177,0.5001878245802197,0.9958438495154468,0.399999960000004,2
POSCAR_Cu2O2_1_z050,Cu2O2_1,1.235626,3.3479189688869395,2.9037135229083177,0.5001816924904622,0.9739227214983588,0.399999960000004,2
POSCAR_Cu2O2_1_z950,Cu2O2_1,1.487449,3.1415200827324443,2.9037135229083177,0.5002087299474424,1.0642433066653183,0.399999960000004,2
POSCAR_Cu2O2_1_z975,Cu2O2_1,1.514487,3.192395278146188,2.9037135229083177,0.5002013039921673,1.0410126465842864,0.399999960000004,2
POSCAR_Cu2O2_4,Cu2O2_4,0.389405,2.7924722778253743,2.7924722778253743,0.1666666666666666,0.2233919161671631,0.399999960000004,3
POSCAR_Cu2O2_4_st025,Cu2O2_4,0.386808,2.862284084771014,2.862284084771014,0.1666666666666666,0.2233919161671594,0.399999960000004,3
POSCAR_Cu2O2_4_st050,Cu2O2_4,0.491667,2.9320958917166493,2.9320958917166493,0.1666666666666666,0.2233919161671595,0.399999960000004,3
POSCAR_Cu2O2_4_st950,Cu2O2_4,0.463614,2.65284866393411,2.65284866393411,0.1666666666666666,0.2233919161671594,0.399999960000004,3
POSCAR_Cu2O2_4_st975,Cu2O2_4,0.409867,2.7226604708797453,2.7226604708797453,0.1666666666666666,0.2233919161671592,0.399999960000004,3
POSCAR_Cu2O2_4_z025,Cu2O2_4,0.358409,2.826663654907584,2.826663654907584,0.1666666666666666,0.2192767940509909,0.399999960000004,3
POSCAR_Cu2O2_4_z050,Cu2O2_4,0.373594,2.8612756771296946,2.8612756771296946,0.1666666666666666,0.2152723880607067,0.399999960000004,3
POSCAR_Cu2O2_4_z950,Cu2O2_4,0.493897,2.725414591059071,2.725414591059071,0.1666666666666666,0.2319702190619065,0.399999960000004,3
POSCAR_Cu2O2_4_z975,Cu2O2_4,0.428455,2.758717186373647,2.758717186373647,0.1666666666666666,0.2276216930311442,0.399999960000004,3
POSCAR_Cu2O2_6,Cu2O2_6,0.181269,3.2742198933515048,3.095294784891782,0.0833333333333333,0.7592433383168148,0.399999960000004,3
POSCAR_Cu2O2_6_st025,Cu2O2_6,0.135876,3.3560753906852843,3.172677154514076,0.0833333333333333,0.7592433383168157,0.399999960000004,3
POSCAR_Cu2O2_6_st050,Cu2O2_6,0.224184,3.437930888019072,3.2500595241363706,0.0833333333333333,0.7592433383168156,0.399999960000004,3
POSCAR_Cu2O2_6_st950,Cu2O2_6,0.314263,3.110508898683922,2.940530045647193,0.0833333333333333,0.7592433383168156,0.399999960000004,3
POSCAR_Cu2O2_6_st975,Cu2O2_6,0.215536,3.1923643960177093,3.017912415269488,0.0833333333333333,0.7592433383168157,0.399999960000004,3
POSCAR_Cu2O2_6_x025,Cu2O2_6,0.17821,3.274904394191882,3.0962646113240297,0.0833333333333333,0.757130756400857,0.399999960000004,3
POSCAR_Cu2O2_6_x050,Cu2O2_6,0.222453,3.275201675357511,3.0962646113240297,0.0833333333333333,0.7546639571904268,0.399999960000004,3
POSCAR_Cu2O2_6_x950,Cu2O2_6,0.237783,3.226541848532726,2.949163146646643,0.0833333333333333,0.7473415653169039,0.399999960000004,3
POSCAR_Cu2O2_6_x975,Cu2O2_6,0.225412,3.250077244219157,3.0267727030820875,0.0833333333333333,0.753294640684187,0.399999960000004,3
POSCAR_Cu2O2_6_y025,Cu2O2_6,0.184851,3.2742623653583527,3.104382259617532,0.0833333333333333,0.7568535680071294,0.399999960000004,3
POSCAR_Cu2O2_6_y050,Cu2O2_6,0.21776,3.2744665330488703,3.104382259617532,0.0833333333333333,0.7543870382349052,0.399999960000004,3
POSCAR_Cu2O2_6_y975,Cu2O2_6,0.215067,3.250674134155055,3.0188579960809143,0.0833333333333333,0.7535635051815551,0.399999960000004,3
POSCAR_Cu2O2_6_z025,Cu2O2_6,0.185877,3.3318883995808712,3.0952947849025723,0.0833333333333333,0.755672947982279,0.399999960000004,3
POSCAR_Cu2O2_6_z050,Cu2O2_6,0.165575,3.389963617743849,3.095294784902572,0.0833333333333333,0.7521310377439868,0.399999960000004,3
POSCAR_Cu2O2_6_z950,Cu2O2_6,0.256469,3.160191923172817,3.095294784902572,0.0833333333333333,0.7664890636991498,0.399999960000004,3
POSCAR_Cu2O2_6_z975,Cu2O2_6,0.177062,3.2169799716887577,3.0952947849025723,0.0833333333333333,0.7628469424838068,0.399999960000004,3
POSCAR_Cu2O4_1,Cu2O4_1,0.473159,3.312835649983134,3.2508413446026063,0.207925279097657,0.2230913887685009,0.399999960000004,3
POSCAR_Cu2O4_1_st025,Cu2O4_1,0.421394,3.3956565412327,3.3321123782176705,0.2079252790976578,0.2230913887684973,0.399999960000004,3
POSCAR_Cu2O4_1_st050,Cu2O4_1,0.355697,3.4784774324822765,3.4133834118327364,0.2079252790976577,0.2230913887684975,0.399999960000004,3
POSCAR_Cu2O4_1_st950,Cu2O4_1,0.498181,3.147193867483965,3.088299277372475,0.2079252790976578,0.2230913887684975,0.399999960000004,3
POSCAR_Cu2O4_1_st975,Cu2O4_1,0.502768,3.230014758733544,3.1695703109875417,0.2079252790976578,0.2230913887684975,0.399999960000004,3
POSCAR_Cu2O4_1_x025,Cu2O4_1,0.482128,3.329201407828396,3.329201407828396,0.207925279097657,0.2188464349537442,0.399999960000004,3
POSCAR_Cu2O4_1_x050,Cu2O4_1,0.478825,3.3459804399550284,3.3459804399550284,0.207925279097657,0.2146780262310573,0.399999960000004,3
POSCAR_Cu2O4_1_x950,Cu2O4_1,0.450947,3.281368535512597,3.088299277321254,0.2079252790976569,0.2318055477014536,0.399999960000004,3
POSCAR_Cu2O4_1_x975,Cu2O4_1,0.454108,3.2968893209369874,3.169570311028405,0.2079252790976569,0.2274116320024777,0.399999960000004,3
POSCAR_Cu2O4_1_y025,Cu2O4_1,0.498212,3.338845866532764,3.2508413446281947,0.2079252790976569,0.2248332370959827,0.399999960000004,3
POSCAR_Cu2O4_1_y050,Cu2O4_1,0.494777,3.365381286933073,3.2508413446281943,0.2079252790976569,0.226570622858417,0.399999960000004,3
POSCAR_Cu2O4_1_y950,Cu2O4_1,0.366422,3.262440822481825,3.2508413446281947,0.207925279097657,0.2196002673961709,0.399999960000004,3
POSCAR_Cu2O4_1_y975,Cu2O4_1,0.425592,3.287363103923187,3.2508413446281947,0.2079252790976569,0.2213465440397924,0.399999960000004,3
POSCAR_Cu2O4_1_z025,Cu2O4_1,0.379969,3.354011654071237,3.2508413446281947,0.2079252790976569,0.225644754955933,0.399999960000004,3
POSCAR_Cu2O4_1_z050,Cu2O4_1,0.328353,3.3956865180591715,3.2508413446281947,0.2079252790976569,0.2282246652823725,0.399999960000004,3
POSCAR_Cu2O4_1_z950,Cu2O4_1,0.646015,3.2320562565083666,3.2320562565083666,0.207925279097657,0.2180747886885913,0.399999960000004,3
POSCAR_Cu2O4_1_z975,Cu2O4_1,0.565893,3.272177338342166,3.2508413446281947,0.2079252790976569,0.220567163593043,0.399999960000004,3
POSCAR_F10Zr2_1,F10Zr2_1,0.181246,3.579184310060172,3.579184310060172,0.1077577255847091,0.2275253977751469,1.666666111111296,3
POSCAR_F4Fe2_2,F4Fe2_2,0.012848,3.23830286408723,3.23830286408723,0.1397862910858197,0.0006579984190923,0.7142856122449125,3
POSCAR_F4Fe2_2_st025,F4Fe2_2,0.011052,3.3192604356893813,3.3192604356893813,0.1397862910858194,0.0006579984190929,0.7142856122449125,3
POSCAR_F4Fe2_2_st950,F4Fe2_2,0.016261,3.076387720882841,3.076387720882841,0.1397862910858194,0.0006579984190929,0.7142856122449125,3
POSCAR_F4Fe2_2_st975,F4Fe2_2,0.014646,3.1573452924850214,3.1573452924850214,0.1397862910858194,0.0006579984190928,0.7142856122449125,3
POSCAR_F4Fe2_2_x025,F4Fe2_2,0.012988,3.240637324007078,3.240637324007078,0.1397862910858197,0.0006511380510912,0.7142856122449125,3
POSCAR_F4Fe2_2_x050,F4Fe2_2,0.013462,3.2432037841667647,3.2432037841667647,0.1397862910858197,0.0006445115230053,0.7142856122449125,3
POSCAR_F4Fe2_2_x950,F4Fe2_2,0.015067,3.2343319044292267,3.2343319044292267,0.1397862910858197,0.0006724510048994,0.7142856122449125,3
POSCAR_F4Fe2_2_x975,F4Fe2_2,0.013966,3.2362009064468262,3.2362009064468262,0.1397862910858197,0.000665100171691,0.7142856122449125,3
POSCAR_F4Fe2_2_y025,F4Fe2_2,0.012654,3.255757407042121,3.255757407042121,0.1397862910858197,0.0006541963506354,0.7142856122449125,3
POSCAR_F4Fe2_2_y050,F4Fe2_2,0.012154,3.273344532149519,3.273344532149519,0.1397862910858197,0.0006505085433472,0.7142856122449125,3
POSCAR_F4Fe2_2_y950,F4Fe2_2,0.014573,3.1497095217116127,3.1497095217116127,0.1397862910858197,0.0006659613953377,0.7142856122449125,3
POSCAR_F4Fe2_2_y975,F4Fe2_2,0.013155,3.197297311310962,3.197297311310962,0.1397862910858197,0.0006619187186961,0.7142856122449125,3
POSCAR_F4Fe2_2_z025,F4Fe2_2,0.01256,3.276290793643716,3.276290793643716,0.1397862910858197,0.0006688164498913,0.7142856122449125,3
POSCAR_F4Fe2_2_z050,F4Fe2_2,0.011973,3.307777939440894,3.307777939440894,0.1397862910858197,0.0006795861356945,0.7142856122449125,3
POSCAR_F4Fe2_2_z950,F4Fe2_2,0.013903,3.1163128468845707,3.1163128468845707,0.1397862910858197,0.0006362415903462,0.7142856122449125,3
POSCAR_F4Fe2_2_z975,F4Fe2_2,0.013303,3.177126056780329,3.177126056780329,0.1397862910858197,0.000647137931033,0.7142856122449125,3
POSCAR_F4Mn2_1,F4Mn2_1,0.293119,3.885712599751538,3.348692150734091,0.1586478831748544,0.7562984325773892,0.8333331944444675,3
POSCAR_F4Mn2_1_st025,F4Mn2_1,0.306416,3.982855414745325,3.4324094545024426,0.1586478831748544,0.7562984325773894,0.8333331944444675,3
POSCAR_F4Mn2_1_st050,F4Mn2_1,0.323907,4.079998229739114,3.516126758270796,0.1586478831748544,0.7562984325773889,0.8333331944444675,3
POSCAR_F4Mn2_1_st950,F4Mn2_1,0.304378,3.69142696976396,3.1812575431973857,0.1586478831748544,0.7562984325773893,0.8333331944444675,3
POSCAR_F4Mn2_1_st975,F4Mn2_1,0.285417,3.788569784757749,3.264974846965739,0.1586478831748544,0.7562984325773892,0.8333331944444675,3
POSCAR_F4Mn2_1_x025,F4Mn2_1,0.280328,3.9039271533278153,3.4324094545481096,0.1586478831748544,0.7612386646530024,0.8333331944444675,3
POSCAR_F4Mn2_1_x050,F4Mn2_1,0.278836,3.9225039385998777,3.516126758254186,0.1586478831748544,0.7661758793456545,0.8333331944444675,3
POSCAR_F4Mn2_1_x950,F4Mn2_1,0.317868,3.850390648339869,3.181257543229969,0.1586478831748544,0.7464236140527535,0.8333331944444675,3
POSCAR_F4Mn2_1_x975,F4Mn2_1,0.315856,3.8678653953689386,3.264974846936002,0.1586478831748544,0.751358796496534,0.8333331944444675,3
POSCAR_F4Mn2_1_y025,F4Mn2_1,0.317864,3.925575774402368,3.348692150742078,0.1586478831748544,0.7474479453075044,0.8333331944444675,3
POSCAR_F4Mn2_1_y050,F4Mn2_1,0.308016,3.9660076584976247,3.348692150742078,0.1586478831748544,0.7383462411325306,0.8333331944444675,3
POSCAR_F4Mn2_1_y950,F4Mn2_1,0.288104,3.807763570019696,3.348692150742078,0.1586478831748543,0.7477834738038168,0.8333331944444675,3
POSCAR_F4Mn2_1_y975,F4Mn2_1,0.283456,3.846435816357911,3.348692150742078,0.1586478831748543,0.7520400627794311,0.8333331944444675,3
POSCAR_F4Mn2_1_z025,F4Mn2_1,0.317963,3.925540921258933,3.348692150742078,0.1586478831748543,0.747133262670369,0.8333331944444675,3
POSCAR_F4Mn2_1_z050,F4Mn2_1,0.308161,3.96593794785728,3.348692150742078,0.1586478831748544,0.738039134181988,0.8333331944444675,3
POSCAR_F4Mn2_1_z950,F4Mn2_1,0.28794,3.8078331988803713,3.348692150742078,0.1586478831748543,0.7481198543508712,0.8333331944444675,3
POSCAR_F4Mn2_1_z975,F4Mn2_1,0.283335,3.84647064940355,3.348692150742078,0.1586478831748544,0.7523694510632365,0.8333331944444675,3
POSCAR_F4Ni2_1,F4Ni2_1,0.333721,3.651435716136924,3.082511108053715,0.1589416618020188,0.7505093602580556,0.5555554938271674,3
POSCAR_F4Ni2_1_st025,F4Ni2_1,0.37662,3.742721609040347,3.159573885755058,0.1589416618020187,0.7505093602580551,0.5555554938271674,3
POSCAR_F4Ni2_1_st050,F4Ni2_1,0.296474,3.8340075019437694,3.2366366634564017,0.1589416618020188,0.7505093602580551,0.5555554938271674,3
POSCAR_F4Ni2_1_st950,F4Ni2_1,0.395285,3.4688639303300777,2.9283855526510294,0.1589416618020188,0.7505093602580553,0.5555554938271674,3
POSCAR_F4Ni2_1_st975,F4Ni2_1,0.354497,3.560149823233501,3.005448330352373,0.1589416618020187,0.7505093602580551,0.5555554938271674,3
POSCAR_F4Ni2_1_x025,F4Ni2_1,0.305239,3.667866091138853,3.159573885760014,0.1589416618020188,0.7553544520086656,0.5555554938271674,3
POSCAR_F4Ni2_1_x050,F4Ni2_1,0.351127,3.6846261629935126,3.2366366634882886,0.1589416618020188,0.7601993865185738,0.5555554938271674,3
POSCAR_F4Ni2_1_x950,F4Ni2_1,0.347092,3.619581925866749,2.9283855526750675,0.1589416618020187,0.7408332278391648,0.5555554938271674,3
POSCAR_F4Ni2_1_x975,F4Ni2_1,0.348669,3.635339508318508,3.005448330303341,0.1589416618020187,0.7456676844392182,0.5555554938271674,3
POSCAR_F4Ni2_1_y025,F4Ni2_1,0.32208,3.6892144759324537,3.082511108031615,0.1589416618020188,0.7411937348880554,0.5555554938271674,3
POSCAR_F4Ni2_1_y050,F4Ni2_1,0.30777,3.727529094217466,3.0825111080316154,0.1589416618020187,0.7319541768951556,0.5555554938271674,3
POSCAR_F4Ni2_1_y950,F4Ni2_1,0.349959,3.5775534350798224,3.082511108031615,0.1589416618020187,0.7416879320959907,0.5555554938271674,3
POSCAR_F4Ni2_1_y975,F4Ni2_1,0.342912,3.614209618383994,3.0825111080316154,0.1589416618020187,0.7461905719709484,0.5555554938271674,3
POSCAR_F4Ni2_1_z025,F4Ni2_1,0.322083,3.689225773135916,3.082511108031615,0.1589416618020188,0.741359920183521,0.5555554938271674,3
POSCAR_F4Ni2_1_z050,F4Ni2_1,0.307723,3.7275516335064727,3.0825111080316154,0.1589416618020188,0.7321054479138043,0.5555554938271674,3
POSCAR_F4Ni2_1_z950,F4Ni2_1,0.349913,3.577530689295894,3.0825111080316154,0.1589416618020188,0.7414861482589322,0.5555554938271674,3
POSCAR_F4Ni2_1_z975,F4Ni2_1,0.342896,3.614198269527429,3.082511108031615,0.1589416618020188,0.7459991389338744,0.5555554938271674,3
POSCAR_F4Sc2_1,F4Sc2_1,0.10209,4.135162410182824,2.993923978276221,0.1639150851240212,0.713252133831522,2.499998750000625,3
POSCAR_F4Sc2_1_st950,F4Sc2_1,0.151468,3.92840428967366,2.84422777936241,0.1639150851240211,0.7132521338315211,2.499998750000625,3
POSCAR_F4Sc2_1_x050,F4Sc2_1,0.132357,4.162810145957644,3.143620177178898,0.1639150851240212,0.7221605002375491,2.499998750000625,3
POSCAR_F4Sc2_1_y950,F4Sc2_1,0.133882,4.046957756481618,2.993923978294204,0.1639150851240212,0.6985578130032315,2.499998750000625,3
POSCAR_F4Sc2_1_z950,F4Sc2_1,0.136885,4.046269108043182,2.993923978294204,0.1639150851240212,0.7011560151848889,2.499998750000625,3
POSCAR_F4V2_1,F4V2_1,0.059059,3.8519829871055866,3.3292575916421336,0.1582797165460236,0.7578566380884464,1.249999687500078,3
POSCAR_F4V2_1_st025,F4V2_1,0.048097,3.9482825617832265,3.412489031433187,0.1582797165460237,0.7578566380884464,1.249999687500078,3
POSCAR_F4V2_1_st050,F4V2_1,0.03978,4.044582136460866,3.4957204712242413,0.1582797165460236,0.7578566380884467,1.249999687500078,3
POSCAR_F4V2_1_st950,F4V2_1,0.092803,3.6593838377503074,3.162794712060027,0.1582797165460236,0.7578566380884462,1.249999687500078,3
POSCAR_F4V2_1_st975,F4V2_1,0.073658,3.7556834124279472,3.2460261518510807,0.1582797165460237,0.7578566380884465,1.249999687500078,3
POSCAR_F4V2_1_x025,F4V2_1,0.05615,3.8701317389714913,3.41248903138678,0.1582797165460236,0.7627671759803922,1.249999687500078,3
POSCAR_F4V2_1_x050,F4V2_1,0.053974,3.888641147569955,3.495720471184036,0.1582797165460236,0.7676749808387859,1.249999687500078,3
POSCAR_F4V2_1_x950,F4V2_1,0.067773,3.816787930504735,3.162794712095118,0.1582797165460236,0.748043225113666,1.249999687500078,3
POSCAR_F4V2_1_x975,F4V2_1,0.062847,3.834200013401545,3.246026151892373,0.1582797165460236,0.7529473657123418,1.249999687500078,3
POSCAR_F4V2_1_y025,F4V2_1,0.054711,3.891517640370516,3.329257591689628,0.1582797165460236,0.7488034044819294,1.249999687500078,3
POSCAR_F4V2_1_y050,F4V2_1,0.050881,3.931616317351446,3.329257591689628,0.1582797165460236,0.7398205948325477,1.249999687500078,3
POSCAR_F4V2_1_y950,F4V2_1,0.069595,3.774676388142048,3.329257591689628,0.1582797165460236,0.7495207217375021,1.249999687500078,3
POSCAR_F4V2_1_y975,F4V2_1,0.064013,3.8130299014729903,3.329257591689628,0.1582797165460236,0.7536940834261223,1.249999687500078,3
POSCAR_F4V2_1_z025,F4V2_1,0.054715,3.891356479512968,3.329257591689628,0.1582797165460236,0.7488228735906848,1.249999687500078,3
POSCAR_F4V2_1_z050,F4V2_1,0.050886,3.931293344503149,3.329257591689628,0.1582797165460236,0.7398442802610594,1.249999687500078,3
POSCAR_F4V2_1_z950,F4V2_1,0.069566,3.774996380650204,3.329257591689628,0.1582797165460236,0.7495086930413736,1.249999687500078,3
POSCAR_F4V2_1_z975,F4V2_1,0.064001,3.813190318755669,3.329257591689628,0.1582797165460236,0.7536811243956325,1.249999687500078,3
POSCAR_F4Y2_1,F4Y2_1,0.091759,4.399113512190506,3.2764144425007173,0.1650829689877678,0.7244603785380627,2.499998750000625,3
POSCAR_F6Fe2_1,F6Fe2_1,0.233474,3.779221379809965,3.779221379809965,0.0905978674895365,0.2138768776621766,0.7142856122449125,3
POSCAR_F6Fe2_1_st025,F6Fe2_1,0.187757,3.873701914305231,3.873701914305231,0.0905978674895366,0.213876877662181,0.7142856122449125,3
POSCAR_F6Fe2_1_st050,F6Fe2_1,0.171324,3.968182448800481,3.968182448800481,0.0905978674895366,0.2138768776621812,0.7142856122449125,3
POSCAR_F6Fe2_1_st950,F6Fe2_1,0.14875,3.590260310819482,3.590260310819482,0.0905978674895366,0.2138768776621811,0.7142856122449125,3
POSCAR_F6Fe2_1_st975,F6Fe2_1,0.189754,3.684740845314732,3.684740845314732,0.0905978674895366,0.2138768776621812,0.7142856122449125,3
POSCAR_F6Fe2_1_x025,F6Fe2_1,0.233515,3.780657784120124,3.780657784120124,0.0905978674895365,0.2156517824426722,0.7142856122449125,3
POSCAR_F6Fe2_1_x975,F6Fe2_1,0.283464,3.7335966251030097,3.7335966251030097,0.0905978674895365,0.2121068647746505,0.7142856122449125,3
POSCAR_F6Fe2_1_y025,F6Fe2_1,0.233834,3.780526967559279,3.780526967559279,0.0905978674895365,0.2156690765911315,0.7142856122449125,3
POSCAR_F6Fe2_1_y975,F6Fe2_1,0.283898,3.733590914664726,3.733590914664726,0.0905978674895365,0.2120894901653236,0.7142856122449125,3
POSCAR_F6Fe2_1_z025,F6Fe2_1,0.217344,3.782455300768755,3.782455300768755,0.0905978674895365,0.210315568825316,0.7142856122449125,3
POSCAR_F6Fe2_1_z050,F6Fe2_1,0.218743,3.786899226608372,3.786899226608372,0.0905978674895365,0.206761518471038,0.7142856122449125,3
POSCAR_F6Fe2_1_z950,F6Fe2_1,0.22635,3.683997374078654,3.683997374078654,0.0905978674895365,0.2210010803056939,0.7142856122449125,3
POSCAR_F6Fe2_1_z975,F6Fe2_1,0.253407,3.7316842472150658,3.7316842472150658,0.0905978674895365,0.2174404775431482,0.7142856122449125,3
POSCAR_F6Fe2_2,F6Fe2_2,0.097835,2.7427017008567605,2.7427017008567605,0.0868111271376368,0.4851285912367852,0.7142856122449125,3
POSCAR_F6Fe2_2_st025,F6Fe2_2,0.091499,2.811269243378179,2.811269243378179,0.0868111271376368,0.4851285912367852,0.7142856122449125,3
POSCAR_F6Fe2_2_st050,F6Fe2_2,0.091545,2.8798367858995984,2.8798367858995984,0.0868111271376368,0.4851285912367853,0.7142856122449125,3
POSCAR_F6Fe2_2_st950,F6Fe2_2,0.084241,2.605566615813923,2.605566615813923,0.0868111271376368,0.4851285912367856,0.7142856122449125,3
POSCAR_F6Fe2_2_st975,F6Fe2_2,0.089631,2.6741341583353413,2.6741341583353413,0.0868111271376368,0.4851285912367853,0.7142856122449125,3
POSCAR_F6Fe2_2_x025,F6Fe2_2,0.143512,2.742784847085797,2.742784847085797,0.0868111271376368,0.4896817682009358,0.7142856122449125,3
POSCAR_F6Fe2_2_x975,F6Fe2_2,0.106792,2.742829460343643,2.742829460343643,0.0868111271376368,0.480611984896312,0.7142856122449125,3
POSCAR_F6Fe2_2_y975,F6Fe2_2,0.107303,2.742834657070155,2.742834657070155,0.0868111271376368,0.4806510212757592,0.7142856122449125,3
POSCAR_F6Fe2_2_z025,F6Fe2_2,0.100927,2.8116277421887976,2.8116277421887976,0.0868111271376368,0.4761364189059203,0.7142856122449125,3
POSCAR_F6Fe2_2_z050,F6Fe2_2,0.10608,2.881142300602829,2.881142300602829,0.0868111271376368,0.4672315080260846,0.7142856122449125,3
POSCAR_F6Fe2_2_z950,F6Fe2_2,0.107626,2.606801507956011,2.606801507956011,0.0868111271376368,0.503333467751342,0.7142856122449125,3
POSCAR_F6Fe2_2_z975,F6Fe2_2,0.126776,2.674409679430973,2.674409679430973,0.0868111271376368,0.4941979568363849,0.7142856122449125,3
POSCAR_F6Mn2_1,F6Mn2_1,0.351904,3.718134174670401,3.718134174670401,0.0951657220542275,0.3562188415794255,0.8333331944444675,3
POSCAR_F6Mn2_1_st025,F6Mn2_1,0.282707,3.811087529037162,3.811087529037162,0.0951657220542275,0.3562188415794255,0.8333331944444675,3
POSCAR_F6Mn2_1_st050,F6Mn2_1,0.198437,3.904040883403922,3.904040883403922,0.0951657220542275,0.3562188415794257,0.8333331944444675,3
POSCAR_F6Mn2_1_st950,F6Mn2_1,0.469212,3.532227465936881,3.532227465936881,0.0951657220542276,0.3562188415794254,0.8333331944444675,3
POSCAR_F6Mn2_1_st975,F6Mn2_1,0.410341,3.6251808203036417,3.6251808203036417,0.0951657220542275,0.3562188415794255,0.8333331944444675,3
POSCAR_F6Mn2_4,F6Mn2_4,0.3092,3.6335076950430327,3.6335076950430327,0.1048467507705889,0.6158932367180544,0.8333331944444675,3
POSCAR_F6Mn2_4_st025,F6Mn2_4,0.281241,3.7243453874191097,3.7243453874191097,0.1048467507705889,0.6158932367180546,0.8333331944444675,3
POSCAR_F6Mn2_4_st050,F6Mn2_4,0.227225,3.815183079795185,3.815183079795185,0.1048467507705889,0.6158932367180542,0.8333331944444675,3
POSCAR_F6Mn2_4_st950,F6Mn2_4,0.347385,3.451832310290882,3.451832310290882,0.1048467507705889,0.6158932367180544,0.8333331944444675,3
POSCAR_F6Mn2_4_st975,F6Mn2_4,0.324333,3.542670002666958,3.542670002666958,0.104846750770589,0.6158932367180545,0.8333331944444675,3
POSCAR_F6Mn2_4_x025,F6Mn2_4,0.284003,3.6715325533805694,3.6715325533805694,0.1048467507705889,0.6053946229328637,0.8333331944444675,3
POSCAR_F6Mn2_4_x050,F6Mn2_4,0.25624,3.7100920659782046,3.7100920659782046,0.1048467507705889,0.5950068995145945,0.8333331944444675,3
POSCAR_F6Mn2_4_x950,F6Mn2_4,0.355257,3.559130246224473,3.559130246224473,0.1048467507705889,0.6371904560038916,0.8333331944444675,3
POSCAR_F6Mn2_4_x975,F6Mn2_4,0.332731,3.5960344514645906,3.5960344514645906,0.1048467507705889,0.6264947836503942,0.8333331944444675,3
POSCAR_F6Mn2_4_y025,F6Mn2_4,0.311035,3.660179010532659,3.660179010532659,0.1048467507705889,0.6211948915928921,0.8333331944444675,3
POSCAR_F6Mn2_4_y050,F6Mn2_4,0.303624,3.687107731872448,3.687107731872448,0.1048467507705889,0.6265460921889043,0.8333331944444675,3
POSCAR_F6Mn2_4_y950,F6Mn2_4,0.296187,3.580960232383383,3.580960232383383,0.1048467507705889,0.6054727380808484,0.8333331944444675,3
POSCAR_F6Mn2_4_y975,F6Mn2_4,0.30399,3.6070994952735664,3.6070994952735664,0.1048467507705889,0.6106495623796239,0.8333331944444675,3
POSCAR_F6Mn2_4_z025,F6Mn2_4,0.310752,3.660183391786776,3.660183391786776,0.1048467507705889,0.621198142806753,0.8333331944444675,3
POSCAR_F6Mn2_4_z050,F6Mn2_4,0.303156,3.687116577239254,3.687116577239254,0.104846750770589,0.6265525693274956,0.8333331944444675,3
POSCAR_F6Mn2_4_z950,F6Mn2_4,0.296662,3.5809517295471185,3.5809517295471185,0.1048467507705889,0.6054661746989539,0.8333331944444675,3
POSCAR_F6Mn2_4_z975,F6Mn2_4,0.304265,3.607095199642592,3.607095199642592,0.1048467507705889,0.6106462895206571,0.8333331944444675,3
POSCAR_F6Mn2_5,F6Mn2_5,0.304366,3.8699789997900207,3.8699789997900207,0.0872499767880481,0.1441954495337429,0.8333331944444675,3
POSCAR_F6Mn2_5_st025,F6Mn2_5,0.251692,3.966728474784771,3.966728474784771,0.087249976788048,0.144195449533743,0.8333331944444675,3
POSCAR_F6Mn2_5_st050,F6Mn2_5,0.18335,4.0634779497795215,4.0634779497795215,0.0872499767880481,0.144195449533743,0.8333331944444675,3
POSCAR_F6Mn2_5_st950,F6Mn2_5,0.391678,3.67648004980052,3.67648004980052,0.0872499767880481,0.1441954495337429,0.8333331944444675,3
POSCAR_F6Mn2_5_st975,F6Mn2_5,0.348624,3.7732295247952696,3.7732295247952696,0.0872499767880481,0.1441954495337429,0.8333331944444675,3
POSCAR_F6Mn2_5_x025,F6Mn2_5,0.300625,3.869979002058153,3.869979002058153,0.0872499767880481,0.14185888734309,0.8333331944444675,3
POSCAR_F6Mn2_5_x050,F6Mn2_5,0.415782,3.869979004313016,3.869979004313016,0.087249976788048,0.1395786618913987,0.8333331944444675,3
POSCAR_F6Mn2_5_x950,F6Mn2_5,0.313031,3.869978995362168,3.6813530168869377,0.0872499767880481,0.1490451474607589,0.8333331944444675,3
POSCAR_F6Mn2_5_x975,F6Mn2_5,0.309391,3.869978997582731,3.778230727926093,0.087249976788048,0.1465902197076637,0.8333331944444675,3
POSCAR_F6Mn2_5_y025,F6Mn2_5,0.287407,3.920365087665676,3.87510843886512,0.087249976788048,0.1472485008272883,0.8333331944444675,3
POSCAR_F6Mn2_5_y050,F6Mn2_5,0.267272,3.971332399071456,3.875108438865119,0.0872499767880481,0.1502861632889628,0.8333331944444675,3
POSCAR_F6Mn2_5_y950,F6Mn2_5,0.335127,3.771043418236279,3.771043418236279,0.0872499767880481,0.1380507655958679,0.8333331944444675,3
POSCAR_F6Mn2_5_y975,F6Mn2_5,0.319909,3.8201971335872864,3.8201971335872864,0.0872499767880481,0.1411288643212008,0.8333331944444675,3
POSCAR_F6Mn2_5_z025,F6Mn2_5,0.273843,3.916939047578333,3.87510843886512,0.0872499767880481,0.1435106794266646,0.8333331944444675,3
POSCAR_F6Mn2_5_z050,F6Mn2_5,0.237265,3.964481832924663,3.87510843886512,0.0872499767880481,0.1428458930293049,0.8333331944444675,3
POSCAR_F6Mn2_5_z950,F6Mn2_5,0.353117,3.777893770746396,3.777893770746396,0.0872499767880481,0.1456251988759047,0.8333331944444675,3
POSCAR_F6Mn2_5_z975,F6Mn2_5,0.330305,3.823623160325551,3.823623160325551,0.0872499767880481,0.1449002825041497,0.8333331944444675,3
POSCAR_F6Mo2_2,F6Mo2_2,0.052113,3.9735071541924607,3.9735071541924607,0.0975029506991308,0.3833227284715417,0.99999980000004,3
POSCAR_F6Mo2_2_st025,F6Mo2_2,0.048822,4.072844833047263,4.072844833047263,0.0975029506991308,0.3833227284715403,0.99999980000004,3
POSCAR_F6Mo2_2_st050,F6Mo2_2,0.048616,4.172182511902076,4.172182511902076,0.0975029506991308,0.3833227284715402,0.99999980000004,3
POSCAR_F6Mo2_2_st950,F6Mo2_2,0.058617,3.7748317964828297,3.7748317964828297,0.0975029506991308,0.3833227284715405,0.99999980000004,3
POSCAR_F6Mo2_2_st975,F6Mo2_2,0.056937,3.8741694753376414,3.8741694753376414,0.0975029506991308,0.3833227284715403,0.99999980000004,3
POSCAR_F6Mo2_2_x025,F6Mo2_2,0.082268,3.974875401634408,3.974875401634408,0.0975029506991308,0.386600812458993,0.99999980000004,3
POSCAR_F6Mo2_2_x975,F6Mo2_2,0.080152,3.927371746630332,3.927371746630332,0.0975029506991308,0.3800590844167812,0.99999980000004,3
POSCAR_F6Mo2_2_y025,F6Mo2_2,0.065224,3.9735043808012858,3.9735043808012858,0.0975029506991308,0.3865828811643876,0.99999980000004,3
POSCAR_F6Mo2_2_y975,F6Mo2_2,0.087729,3.882679775714389,3.882679775714389,0.0975029506991308,0.3800509775640103,0.99999980000004,3
POSCAR_F6Mo2_2_z025,F6Mo2_2,0.054119,3.981384974227421,3.981384974227421,0.0975029506991308,0.376793472811579,0.99999980000004,3
POSCAR_F6Mo2_2_z050,F6Mo2_2,0.061962,3.989820657195245,3.989820657195245,0.0975029506991308,0.3702869627630046,0.99999980000004,3
POSCAR_F6Mo2_2_z950,F6Mo2_2,0.067844,3.868993921311037,3.868993921311037,0.0975029506991308,0.3964144282219254,0.99999980000004,3
POSCAR_F6Mo2_2_z975,F6Mo2_2,0.058834,3.920928561089536,3.920928561089536,0.0975029506991308,0.3898661140434092,0.99999980000004,3
POSCAR_F6Mo2_3,F6Mo2_3,0.094851,3.8896370405862086,3.8896370405862086,0.1065681441832882,0.6013659857617534,0.99999980000004,3
POSCAR_F6Mo2_3_st025,F6Mo2_3,0.086362,3.986877966600863,3.986877966600863,0.1065681441832882,0.6013659857617535,0.99999980000004,3
POSCAR_F6Mo2_3_st050,F6Mo2_3,0.081868,4.084118892615519,4.084118892615519,0.1065681441832882,0.6013659857617534,0.99999980000004,3
POSCAR_F6Mo2_3_st950,F6Mo2_3,0.137466,3.695155188556898,3.695155188556898,0.1065681441832881,0.6013659857617533,0.99999980000004,3
POSCAR_F6Mo2_3_st975,F6Mo2_3,0.11302,3.7923961145715537,3.7923961145715537,0.1065681441832882,0.6013659857617535,0.99999980000004,3
POSCAR_F6Mo2_3_x025,F6Mo2_3,0.090114,3.890335360711424,3.890335360711424,0.1065681441832882,0.6067676915925195,0.99999980000004,3
POSCAR_F6Mo2_3_x050,F6Mo2_3,0.086409,3.8910536537045033,3.8910536537045033,0.1065681441832882,0.6122191650127953,0.99999980000004,3
POSCAR_F6Mo2_3_x950,F6Mo2_3,0.09104,3.77828838095817,3.77828838095817,0.1065681441832882,0.5907460987074156,0.99999980000004,3
POSCAR_F6Mo2_3_x975,F6Mo2_3,0.094378,3.8334068727413246,3.8334068727413246,0.1065681441832882,0.5960224962503964,0.99999980000004,3
POSCAR_F6Mo2_3_y025,F6Mo2_3,0.089819,3.889875559784743,3.889875559784743,0.1065681441832882,0.6067694995983104,0.99999980000004,3
POSCAR_F6Mo2_3_y050,F6Mo2_3,0.086355,3.890587341682493,3.890587341682493,0.1065681441832882,0.6122227798592692,0.99999980000004,3
POSCAR_F6Mo2_3_y950,F6Mo2_3,0.091117,3.7787309570402137,3.7787309570402137,0.1065681441832882,0.5907424833763896,0.99999980000004,3
POSCAR_F6Mo2_3_y975,F6Mo2_3,0.094457,3.833854832988621,3.833854832988621,0.1065681441832882,0.5960206881098794,0.99999980000004,3
POSCAR_F6Mo2_3_z025,F6Mo2_3,0.089803,3.930398412191793,3.930398412191793,0.1065681441832882,0.5906752155163791,0.99999980000004,3
POSCAR_F6Mo2_3_z050,F6Mo2_3,0.085206,3.9717323501218127,3.9717323501218127,0.1065681441832882,0.5801077252223501,0.99999980000004,3
POSCAR_F6Mo2_3_z950,F6Mo2_3,0.105749,3.809905248280901,3.809905248280901,0.1065681441832882,0.6230853634759779,0.99999980000004,3
POSCAR_F6Mo2_3_z975,F6Mo2_3,0.100282,3.849466423842901,3.849466423842901,0.1065681441832882,0.6121722595489705,0.99999980000004,3
POSCAR_F6Nb2_1,F6Nb2_1,0.260821,4.09934281700138,4.09934281700138,0.0903607955453372,0.2063742388962491,1.249999687500078,3
POSCAR_F6Nb2_1_st025,F6Nb2_1,0.243064,4.201826387426393,4.201826387426393,0.090360795545337,0.2063742388962449,1.249999687500078,3
POSCAR_F6Nb2_1_st050,F6Nb2_1,0.217704,4.304309957851427,4.304309957851427,0.0903607955453371,0.2063742388962448,1.249999687500078,3
POSCAR_F6Pd2_1,F6Pd2_1,0.222446,3.7111373994031935,3.7111373994031935,0.1057669268308305,0.5785904198505939,0.5555554938271674,3
POSCAR_F6Pd2_1_st025,F6Pd2_1,0.202675,3.803915834388236,3.803915834388236,0.1057669268308307,0.5785904198505998,0.5555554938271674,3
POSCAR_F6Pd2_1_st050,F6Pd2_1,0.275348,3.8966942693733153,3.8966942693733153,0.1057669268308307,0.5785904198505997,0.5555554938271674,3
POSCAR_F6Pd2_1_st950,F6Pd2_1,0.228957,3.525580529433,3.525580529433,0.1057669268308307,0.5785904198506004,0.5555554938271674,3
POSCAR_F6Pd2_1_st975,F6Pd2_1,0.284915,3.618358964418079,3.618358964418079,0.1057669268308307,0.5785904198505997,0.5555554938271674,3
POSCAR_F6Pd2_2,F6Pd2_2,0.457163,3.651025362500846,3.651025362500846,0.1112210816701249,0.6671391884676834,0.5555554938271674,3
POSCAR_F6Pd2_2_st025,F6Pd2_2,0.370287,3.742300996563369,3.742300996563369,0.1112210816701251,0.6671391884676837,0.5555554938271674,3
POSCAR_F6Pd2_2_st050,F6Pd2_2,0.299999,3.8335766306258905,3.8335766306258905,0.1112210816701251,0.6671391884676838,0.5555554938271674,3
POSCAR_F6Pd2_2_st950,F6Pd2_2,0.639828,3.468474094375805,3.468474094375805,0.1112210816701251,0.6671391884676838,0.5555554938271674,3
POSCAR_F6Pd2_2_st975,F6Pd2_2,0.54731,3.559749728438325,3.559749728438325,0.1112210816701251,0.6671391884676837,0.5555554938271674,3
POSCAR_F6Pd2_2_x025,F6Pd2_2,0.439448,3.6896085898744655,3.6896085898744655,0.1112210816701249,0.6560205124923544,0.5555554938271674,3
POSCAR_F6Pd2_2_x050,F6Pd2_2,0.417334,3.728730985624602,3.728730985624602,0.1112210816701249,0.6450064935041894,0.5555554938271674,3
POSCAR_F6Pd2_2_x950,F6Pd2_2,0.481376,3.5755459866244768,3.5755459866244768,0.1112210816701249,0.6896544358401474,0.5555554938271674,3
POSCAR_F6Pd2_2_x975,F6Pd2_2,0.471052,3.6129985768208406,3.6129985768208406,0.1112210816701249,0.6783537178558718,0.5555554938271674,3
POSCAR_F6Pd2_2_y025,F6Pd2_2,0.414675,3.704495839650981,3.704495839650981,0.1112210816701249,0.6723931218517591,0.5555554938271674,3
POSCAR_F6Pd2_2_y050,F6Pd2_2,0.369583,3.758968941333338,3.758968941333338,0.111221081670125,0.6777130710158967,0.5555554938271674,3
POSCAR_F6Pd2_2_y950,F6Pd2_2,0.535068,3.5472727955340324,3.5472727955340324,0.1112210816701249,0.6568648222818751,0.5555554938271674,3
POSCAR_F6Pd2_2_y975,F6Pd2_2,0.497614,3.598602203331336,3.598602203331336,0.1112210816701249,0.6619600345918535,0.5555554938271674,3
POSCAR_F6Pd2_2_z025,F6Pd2_2,0.425405,3.65128375020849,3.65128375020849,0.1112210816701249,0.6731172835490267,0.5555554938271674,3
POSCAR_F6Pd2_2_z050,F6Pd2_2,0.392609,3.6520322183819793,3.6520322183819793,0.1112210816701249,0.6791448852924298,0.5555554938271674,3
POSCAR_F6Pd2_2_z950,F6Pd2_2,0.514248,3.64833554305758,3.64833554305758,0.1112210816701249,0.6553715083687827,0.5555554938271674,3
POSCAR_F6Pd2_2_z975,F6Pd2_2,0.48789,3.651257159267833,3.651257159267833,0.1112210816701249,0.661220457343813,0.5555554938271674,3
POSCAR_F6Ru2_1,F6Ru2_1,0.110024,3.9919608432321736,3.9919608432321736,0.0999963074598741,0.4377276686252517,0.7142856122449125,3
POSCAR_F6Ru2_1_st025,F6Ru2_1,0.130467,4.091759864312963,4.091759864312963,0.099996307459874,0.437727668625247,0.7142856122449125,3
POSCAR_F6Ru2_1_st050,F6Ru2_1,0.129569,4.191558885393768,4.191558885393768,0.0999963074598739,0.4377276686252471,0.7142856122449125,3
POSCAR_F6Ru2_1_st950,F6Ru2_1,0.029317,3.7923628010705497,3.7923628010705497,0.0999963074598739,0.4377276686252469,0.7142856122449125,3
POSCAR_F6Ru2_1_st975,F6Ru2_1,0.027542,3.892161822151355,3.892161822151355,0.0999963074598739,0.4377276686252467,0.7142856122449125,3
POSCAR_F6Ru2_1_x025,F6Ru2_1,0.161666,3.9924279265319575,3.9924279265319575,0.0999963074598741,0.4415026711796118,0.7142856122449125,3
POSCAR_F6Ru2_1_y025,F6Ru2_1,0.162713,3.993078636281998,3.993078636281998,0.0999963074598741,0.4415039230237137,0.7142856122449125,3
POSCAR_F6Ru2_1_z025,F6Ru2_1,0.15039,4.000408268674433,4.000408268674433,0.0999963074598741,0.4302044700575974,0.7142856122449125,3
POSCAR_F6Ru2_1_z050,F6Ru2_1,0.205619,4.010130212981185,4.010130212981185,0.0999963074598741,0.4227112144273497,0.7142856122449125,3
POSCAR_F6Ru2_1_z950,F6Ru2_1,0.143853,3.885471776181924,3.885471776181924,0.0999963074598741,0.4528242274563822,0.7142856122449125,3
POSCAR_F6Ru2_1_z975,F6Ru2_1,0.115443,3.938393968484277,3.938393968484277,0.0999963074598741,0.4452710623137467,0.7142856122449125,3
POSCAR_F6Ru2_2,F6Ru2_2,0.297575,3.9487444760851735,3.9487444760851735,0.1041178007858964,0.5796574442803842,0.7142856122449125,3
POSCAR_F6Ru2_2_st025,F6Ru2_2,0.272355,4.047463087987305,4.047463087987305,0.1041178007858968,0.5796574442803886,0.7142856122449125,3
POSCAR_F6Ru2_2_st050,F6Ru2_2,0.256951,4.146181699889435,4.146181699889435,0.1041178007858968,0.5796574442803886,0.7142856122449125,3
POSCAR_F6Ru2_2_st950,F6Ru2_2,0.367202,3.751307252280916,3.751307252280916,0.1041178007858968,0.5796574442803882,0.7142856122449125,3
POSCAR_F6Ru2_2_st975,F6Ru2_2,0.333808,3.850025864183048,3.850025864183048,0.1041178007858967,0.5796574442803887,0.7142856122449125,3
POSCAR_F6Ru2_2_x025,F6Ru2_2,0.275953,3.989391516815609,3.989391516815609,0.1041178007858964,0.5694120400227032,0.7142856122449125,3
POSCAR_F6Ru2_2_x050,F6Ru2_2,0.261758,4.0306170840644615,4.0306170840644615,0.1041178007858964,0.5592826814776984,0.7142856122449125,3
POSCAR_F6Ru2_2_x950,F6Ru2_2,0.339299,3.869258645451111,3.869258645451111,0.1041178007858964,0.6004654432546337,0.7142856122449125,3
POSCAR_F6Ru2_2_x975,F6Ru2_2,0.318618,3.9086940105215615,3.9086940105215615,0.1041178007858964,0.5900113709926832,0.7142856122449125,3
POSCAR_F6Ru2_2_y025,F6Ru2_2,0.301374,3.951092847881025,3.951092847881025,0.1041178007858964,0.5848243665978892,0.7142856122449125,3
POSCAR_F6Ru2_2_y050,F6Ru2_2,0.303497,3.951883017397703,3.951883017397703,0.1041178007858964,0.5900389471250268,0.7142856122449125,3
POSCAR_F6Ru2_2_y950,F6Ru2_2,0.341003,3.835445676629502,3.835445676629502,0.1041178007858964,0.5694993564136079,0.7142856122449125,3
POSCAR_F6Ru2_2_y975,F6Ru2_2,0.318739,3.8921328325037874,3.8921328325037874,0.1041178007858964,0.5745462736777861,0.7142856122449125,3
POSCAR_F6Ru2_2_z025,F6Ru2_2,0.299739,3.950227166882399,3.950227166882399,0.1041178007858964,0.5848444466483659,0.7142856122449125,3
POSCAR_F6Ru2_2_z050,F6Ru2_2,0.301442,3.9509894581880265,3.9509894581880265,0.1041178007858964,0.5900789933800449,0.7142856122449125,3
POSCAR_F6Ru2_2_z950,F6Ru2_2,0.34322,3.8362650988605256,3.8362650988605256,0.1041178007858964,0.5694589421730019,0.7142856122449125,3
POSCAR_F6Ru2_2_z975,F6Ru2_2,0.320465,3.892961631618392,3.892961631618392,0.1041178007858964,0.5745261011743449,0.7142856122449125,3
POSCAR_F6Ti2_3,F6Ti2_3,0.053368,3.768403806273541,3.768403806273541,0.1010966924423648,0.5479060820059503,1.666666111111296,3
POSCAR_F6Ti2_3_st025,F6Ti2_3,0.04457,3.862613901430363,3.862613901430363,0.1010966924423652,0.5479060820059547,1.666666111111296,3
POSCAR_F6Ti2_3_st050,F6Ti2_3,0.038114,3.956823996587201,3.956823996587201,0.1010966924423652,0.5479060820059549,1.666666111111296,3
POSCAR_F6Ti2_3_st950,F6Ti2_3,0.081511,3.579983615959849,3.579983615959849,0.1010966924423652,0.547906082005955,1.666666111111296,3
POSCAR_F6Ti2_3_st975,F6Ti2_3,0.065241,3.6741937111166862,3.6741937111166862,0.1010966924423652,0.5479060820059549,1.666666111111296,3
POSCAR_F6Ti2_3_x025,F6Ti2_3,0.051925,3.807522778647726,3.807522778647726,0.1010966924423648,0.5381108953251685,1.666666111111296,3
POSCAR_F6Ti2_3_x050,F6Ti2_3,0.0504,3.847195094301165,3.847195094301165,0.1010966924423648,0.5284307827011605,1.666666111111296,3
POSCAR_F6Ti2_3_x950,F6Ti2_3,0.056445,3.691896001496296,3.691896001496296,0.1010966924423648,0.5678126727067722,1.666666111111296,3
POSCAR_F6Ti2_3_x975,F6Ti2_3,0.054842,3.729855587800784,3.729855587800784,0.1010966924423648,0.5578092983743037,1.666666111111296,3
POSCAR_F6Ti2_3_y025,F6Ti2_3,0.05038,3.768617125508992,3.768617125508992,0.1010966924423648,0.5525570849674393,1.666666111111296,3
POSCAR_F6Ti2_3_y050,F6Ti2_3,0.047166,3.76926249269743,3.76926249269743,0.1010966924423648,0.5572552362722825,1.666666111111296,3
POSCAR_F6Ti2_3_y950,F6Ti2_3,0.061271,3.6996138023297296,3.6996138023297296,0.1010966924423648,0.5387745750706214,1.666666111111296,3
POSCAR_F6Ti2_3_y975,F6Ti2_3,0.057201,3.7529369594076094,3.7529369594076094,0.1010966924423648,0.5433094065788714,1.666666111111296,3
POSCAR_F6Ti2_3_z025,F6Ti2_3,0.048424,3.809412062208879,3.809412062208879,0.1010966924423648,0.5531533549991521,1.666666111111296,3
POSCAR_F6Ti2_3_z050,F6Ti2_3,0.0438,3.811978652748281,3.811978652748281,0.1010966924423648,0.5584391364564716,1.666666111111296,3
POSCAR_F6Ti2_3_z950,F6Ti2_3,0.062433,3.659717785500224,3.659717785500224,0.1010966924423648,0.5375596072239918,1.666666111111296,3
POSCAR_F6Ti2_3_z975,F6Ti2_3,0.058755,3.713536554421918,3.713536554421918,0.1010966924423648,0.5427053452998861,1.666666111111296,3
POSCAR_F6Ti2_4,F6Ti2_4,0.053219,3.189681535972258,3.189681535972258,0.0933850423388373,0.0082648205292473,1.666666111111296,3
POSCAR_F6Ti2_4_st025,F6Ti2_4,0.043724,3.2694235743715847,3.2694235743715847,0.0933850423388377,0.0082648205292476,1.666666111111296,3
POSCAR_F6Ti2_4_st050,F6Ti2_4,0.036728,3.3491656127708915,3.3491656127708915,0.0933850423388377,0.0082648205292477,1.666666111111296,3
POSCAR_F6Ti2_4_st950,F6Ti2_4,0.082863,3.030197459173664,3.030197459173664,0.0933850423388377,0.0082648205292477,1.666666111111296,3
POSCAR_F6Ti2_4_st975,F6Ti2_4,0.065801,3.109939497572971,3.109939497572971,0.0933850423388377,0.0082648205292476,1.666666111111296,3
POSCAR_F6Ti2_4_z025,F6Ti2_4,0.060827,3.2477118810826284,3.2477118810826284,0.0933850423388374,0.008205607130121,1.666666111111296,3
POSCAR_F6Ti2_4_z050,F6Ti2_4,0.064973,3.306104683558844,3.306104683558844,0.0933850423388374,0.0081468327848175,1.666666111111296,3
POSCAR_F6Ti2_4_z950,F6Ti2_4,0.045705,3.074583815193765,3.074583815193765,0.0933850423388374,0.0083845123069108,1.666666111111296,3
POSCAR_F6Ti2_4_z975,F6Ti2_4,0.04504,3.131922652724071,3.131922652724071,0.0933850423388374,0.0083244601237473,1.666666111111296,3
POSCAR_F6Ti2_6,F6Ti2_6,0.011503,2.856827757024304,2.856827757024304,0.0871501406568534,0.4925139009819245,1.666666111111296,3
POSCAR_F6Ti2_6_st950,F6Ti2_6,0.029379,2.71398636917311,2.71398636917311,0.0871501406568538,0.4925139009819326,1.666666111111296,3
POSCAR_F6Ti2_6_st975,F6Ti2_6,0.018946,2.785407063098717,2.785407063098717,0.0871501406568538,0.4925139009819322,1.666666111111296,3
POSCAR_F6Ti2_6_z025,F6Ti2_6,0.018539,2.928105652096268,2.928105652096268,0.0871501406568534,0.4829686457040362,1.666666111111296,3
POSCAR_F6V2_1,F6V2_1,0.062806,3.797503275660166,3.797503275660166,0.0948217782340167,0.3223251567301826,1.249999687500078,3
POSCAR_F6V2_1_st025,F6V2_1,0.064526,3.8924408575516702,3.8924408575516702,0.0948217782340166,0.3223251567301824,1.249999687500078,3
POSCAR_F6V2_1_st050,F6V2_1,0.106271,3.987378439443174,3.987378439443174,0.0948217782340167,0.3223251567301824,1.249999687500078,3
POSCAR_F6V2_1_st975,F6V2_1,0.066604,3.7025656937686624,3.7025656937686624,0.0948217782340166,0.3223251567301825,1.249999687500078,3
POSCAR_F6V2_1_z025,F6V2_1,0.075403,3.802471661499197,3.802471661499197,0.0948217782340166,0.316919671858021,1.249999687500078,3
POSCAR_F6V2_1_z050,F6V2_1,0.085086,3.808673843661301,3.808673843661301,0.0948217782340167,0.3115282945932028,1.249999687500078,3
POSCAR_F6V2_1_z950,F6V2_1,0.058891,3.699729089097556,3.699729089097556,0.0948217782340167,0.3331486580600556,1.249999687500078,3
POSCAR_F6V2_1_z975,F6V2_1,0.065114,3.748548285644196,3.748548285644196,0.0948217782340167,0.3277374209158634,1.249999687500078,3
POSCAR_F6V2_2,F6V2_2,0.083563,3.697786739324541,3.697786739324541,0.1053904952445422,0.5974149876057332,1.249999687500078,3
POSCAR_F6V2_2_st025,F6V2_2,0.128444,3.7902314078076538,3.7902314078076538,0.1053904952445422,0.5974149876057335,1.249999687500078,3
POSCAR_F6V2_2_st050,F6V2_2,0.146712,3.882676076290768,3.882676076290768,0.1053904952445422,0.5974149876057334,1.249999687500078,3
POSCAR_F6V2_2_st950,F6V2_2,0.100358,3.512897402358313,3.512897402358313,0.1053904952445422,0.5974149876057335,1.249999687500078,3
POSCAR_F6V2_2_st975,F6V2_2,0.087927,3.6053420708414254,3.6053420708414254,0.1053904952445422,0.5974149876057333,1.249999687500078,3
POSCAR_F6V2_2_x025,F6V2_2,0.083547,3.735536095486426,3.735536095486426,0.1053904952445423,0.5870233966611988,1.249999687500078,3
POSCAR_F6V2_2_x050,F6V2_2,0.133017,3.773825990485423,3.773825990485423,0.1053904952445422,0.5767436639219586,1.249999687500078,3
POSCAR_F6V2_2_x950,F6V2_2,0.088794,3.6239769688515193,3.6239769688515193,0.1053904952445422,0.6185016120719408,1.249999687500078,3
POSCAR_F6V2_2_x975,F6V2_2,0.084662,3.660594644719781,3.660594644719781,0.1053904952445422,0.6079106159272041,1.249999687500078,3
POSCAR_F6V2_2_y025,F6V2_2,0.07599,3.698351326150605,3.698351326150605,0.1053904952445422,0.6026721085772523,1.249999687500078,3
POSCAR_F6V2_2_y950,F6V2_2,0.080503,3.590905108654415,3.590905108654415,0.1053904952445422,0.5870802861799241,1.249999687500078,3
POSCAR_F6V2_2_y975,F6V2_2,0.076656,3.64433176279249,3.64433176279249,0.1053904952445422,0.5922148047258013,1.249999687500078,3
POSCAR_F6V2_2_z025,F6V2_2,0.076383,3.699052896357017,3.699052896357017,0.1053904952445422,0.6026570855548374,1.249999687500078,3
POSCAR_F6V2_2_z975,F6V2_2,0.076156,3.643654460187864,3.643654460187864,0.1053904952445422,0.592230097173457,1.249999687500078,3
POSCAR_F6Zr2_2,F6Zr2_2,0.052726,4.109605366678575,4.109605366678575,0.089180796855306,0.2008227429650245,1.666666111111296,3
POSCAR_F6Zr2_2_st025,F6Zr2_2,0.03932,4.212345500845538,4.212345500845538,0.0891807968553059,0.2008227429650217,1.666666111111296,3
POSCAR_F6Zr2_2_st050,F6Zr2_2,0.028866,4.315085635012503,4.315085635012503,0.0891807968553059,0.2008227429650218,1.666666111111296,3
POSCAR_F6Zr2_2_st950,F6Zr2_2,0.093015,3.904125098344645,3.904125098344645,0.0891807968553059,0.2008227429650218,1.666666111111296,3
POSCAR_F6Zr2_2_st975,F6Zr2_2,0.070452,4.00686523251161,4.00686523251161,0.0891807968553059,0.2008227429650217,1.666666111111296,3
POSCAR_F6Zr2_2_z025,F6Zr2_2,0.048113,4.116732000582265,4.116732000582265,0.089180796855306,0.1972536688229593,1.666666111111296,3
POSCAR_F6Zr2_2_z050,F6Zr2_2,0.050048,4.125373590013168,4.125373590013168,0.089180796855306,0.1937059711281148,1.666666111111296,3
POSCAR_F6Zr2_2_z950,F6Zr2_2,0.067087,4.099926886210577,4.099926886210577,0.089180796855306,0.2080058405735603,1.666666111111296,3
POSCAR_F6Zr2_2_z975,F6Zr2_2,0.061152,4.104001580473028,4.104001580473028,0.089180796855306,0.2044084974859541,1.666666111111296,3
POSCAR_F6Zr2_4,F6Zr2_4,0.031449,3.8451046374415743,3.686407138503089,0.2513351459742275,0.1199088326867009,1.666666111111296,3
POSCAR_F6Zr2_4_st025,F6Zr2_4,0.02609,3.9412322533775854,3.7785673169656655,0.2513351459742277,0.1199088326867082,1.666666111111296,3
POSCAR_F6Zr2_4_st050,F6Zr2_4,0.021832,4.037359869313627,3.870727495428244,0.2513351459742277,0.1199088326867082,1.666666111111296,3
POSCAR_F6Zr2_4_st950,F6Zr2_4,0.047639,3.6528494055694702,3.502086781577934,0.2513351459742277,0.1199088326867084,1.666666111111296,3
POSCAR_F6Zr2_4_st975,F6Zr2_4,0.038416,3.748977021505509,3.594246960040512,0.2513351459742276,0.1199088326867082,1.666666111111296,3
POSCAR_F6Zr2_4_x050,F6Zr2_4,0.029004,3.8693935635935417,3.8693935635935417,0.2110987127510644,0.2392954589730112,1.666666111111296,3
POSCAR_F6Zr2_4_x950,F6Zr2_4,0.0327,3.82173825269285,3.50208678156705,0.2513351459742275,0.1204483163458942,1.666666111111296,3
POSCAR_F6Zr2_4_x975,F6Zr2_4,0.032291,3.833305057386778,3.5942469600283937,0.2513351459742275,0.1201674960770183,1.666666111111296,3
POSCAR_F6Zr2_4_y025,F6Zr2_4,0.029376,3.847163365682913,3.6864071384925183,0.2513351459742275,0.1199012589692892,1.666666111111296,3
POSCAR_F6Zr2_4_y050,F6Zr2_4,0.027122,3.849241982424267,3.6864071384925183,0.2513351459742275,0.1198892982334397,1.666666111111296,3
POSCAR_F6Zr2_4_y950,F6Zr2_4,0.035112,3.841046974114805,3.6864071384925183,0.2110987127510644,0.244042095632205,1.666666111111296,3
POSCAR_F6Zr2_4_y975,F6Zr2_4,0.033425,3.8430658296829217,3.6864071384925183,0.2513351459742275,0.1199127538200903,1.666666111111296,3
POSCAR_F6Zr2_4_z025,F6Zr2_4,0.028325,3.92741443783114,3.686407138492518,0.2513351459742275,0.1201617489415091,1.666666111111296,3
POSCAR_F6Zr2_4_z050,F6Zr2_4,0.025284,4.010004652065563,3.6864071384925183,0.2513351459742275,0.1204134376806732,1.666666111111296,3
POSCAR_F6Zr2_4_z950,F6Zr2_4,0.037187,3.681401449839514,3.681401449839514,0.2110987127510644,0.2390416179519215,1.666666111111296,3
POSCAR_F6Zr2_4_z975,F6Zr2_4,0.034464,3.763093651399444,3.6864071384925183,0.2513351459742274,0.1196551095969425,1.666666111111296,3
POSCAR_F8Mn2_1,F8Mn2_1,0.211302,3.5397868883689503,3.5397868883689503,0.0718643977852104,0.7009198324001431,0.8333331944444675,3
POSCAR_F8Mn2_1_st025,F8Mn2_1,0.197819,3.6282815605781744,3.6282815605781744,0.0718643977852104,0.7009198324001431,0.8333331944444675,3
POSCAR_F8Mn2_1_st050,F8Mn2_1,0.174841,3.716776232787399,3.716776232787399,0.0718643977852104,0.700919832400143,0.8333331944444675,3
POSCAR_F8Mn2_1_st950,F8Mn2_1,0.183754,3.362797543950504,3.362797543950504,0.0718643977852104,0.700919832400143,0.8333331944444675,3
POSCAR_F8Mn2_1_st975,F8Mn2_1,0.259269,3.451292216159727,3.451292216159727,0.0718643977852104,0.7009198324001429,0.8333331944444675,3
POSCAR_F8Mn2_1_z025,F8Mn2_1,0.205075,3.5622771778706244,3.5622771778706244,0.0718643977852104,0.6905733238925706,0.8333331944444675,3
POSCAR_F8Mn2_1_z050,F8Mn2_1,0.188645,3.5854585344404137,3.5854585344404137,0.0718643977852104,0.6791415348039405,0.8333331944444675,3
POSCAR_F8Mn2_1_z950,F8Mn2_1,0.197822,3.437260886317831,3.437260886317831,0.0718643977852104,0.6880276229296702,0.8333331944444675,3
POSCAR_F8Mn2_1_z975,F8Mn2_1,0.214593,3.4882430195290413,3.4882430195290413,0.0718643977852105,0.6944422562951765,0.8333331944444675,3
POSCAR_F8Nb2_3,F8Nb2_3,0.055362,3.822363542221137,3.822363542221137,0.0717884680403963,0.6164215281264945,1.249999687500078,3
POSCAR_F8Nb2_3_st025,F8Nb2_3,0.047892,3.9179226307766646,3.9179226307766646,0.0717884680403963,0.6164215281264944,1.249999687500078,3
POSCAR_F8Nb2_3_st050,F8Nb2_3,0.042285,4.013481719332194,4.013481719332194,0.0717884680403964,0.6164215281264949,1.249999687500078,3
POSCAR_F8Nb2_3_st950,F8Nb2_3,0.073882,3.63124536511008,3.63124536511008,0.0717884680403963,0.6164215281264945,1.249999687500078,3
POSCAR_F8Nb2_3_st975,F8Nb2_3,0.063556,3.7268044536656086,3.7268044536656086,0.0717884680403963,0.6164215281264944,1.249999687500078,3
POSCAR_F8Nb2_3_z025,F8Nb2_3,0.052194,3.848091000868526,3.848091000868526,0.0717884680403964,0.623501732267093,1.249999687500078,3
POSCAR_F8Nb2_3_z050,F8Nb2_3,0.051058,3.875044938089344,3.875044938089344,0.0717884680403964,0.6199840603935748,1.249999687500078,3
POSCAR_F8Nb2_3_z950,F8Nb2_3,0.0638,3.713837008200958,3.713837008200958,0.0717884680403964,0.6023429221156912,1.249999687500078,3
POSCAR_F8Nb2_3_z975,F8Nb2_3,0.058388,3.7695864303674544,3.7695864303674544,0.0717884680403963,0.6093640012199232,1.249999687500078,3
POSCAR_F8Ni2_1,F8Ni2_1,0.296438,3.586125665067736,3.586125665067736,0.0702096123578145,0.7048080811281137,0.5555554938271674,3
POSCAR_F8Ni2_1_st025,F8Ni2_1,0.329039,3.675778806694429,3.675778806694429,0.0702096123578145,0.7048080811281137,0.5555554938271674,3
POSCAR_F8Ni2_1_st050,F8Ni2_1,0.305795,3.7654319483211225,3.7654319483211225,0.0702096123578145,0.7048080811281133,0.5555554938271674,3
POSCAR_F8Ni2_1_st950,F8Ni2_1,0.261936,3.406819381814349,3.406819381814349,0.0702096123578145,0.7048080811281136,0.5555554938271674,3
POSCAR_F8Ni2_1_st975,F8Ni2_1,0.243888,3.496472523441042,3.496472523441042,0.0702096123578145,0.7048080811281132,0.5555554938271674,3
POSCAR_F8Ni2_1_z025,F8Ni2_1,0.295774,3.611803219067696,3.611803219067696,0.0702096123578145,0.7020089665919444,0.5555554938271674,3
POSCAR_F8Ni2_1_z050,F8Ni2_1,0.282403,3.637641384645411,3.637641384645411,0.0702096123578145,0.6918698256050058,0.5555554938271674,3
POSCAR_F8Ni2_1_z950,F8Ni2_1,0.291805,3.483407638195741,3.483407638195741,0.0702096123578145,0.6999562942862856,0.5555554938271674,3
POSCAR_F8Ni2_1_z975,F8Ni2_1,0.297299,3.5344811110518566,3.5344811110518566,0.0702096123578145,0.7023533678210714,0.5555554938271674,3
POSCAR_F8V2_1,F8V2_1,0.159775,3.565299762282521,3.565299762282521,0.069752877749059,0.465832189471757,1.249999687500078,3
POSCAR_F8V2_1_st025,F8V2_1,0.153575,3.6544322563396063,3.6544322563396063,0.0697528777490589,0.4658321894717634,1.249999687500078,3
POSCAR_F8V2_1_st050,F8V2_1,0.148281,3.743564750396673,3.743564750396673,0.0697528777490589,0.4658321894717634,1.249999687500078,3
POSCAR_F8V2_1_st950,F8V2_1,0.182574,3.387034774168416,3.387034774168416,0.069752877749059,0.4658321894717634,1.249999687500078,3
POSCAR_F8V2_1_st975,F8V2_1,0.169177,3.4761672682254807,3.4761672682254807,0.0697528777490589,0.4658321894717637,1.249999687500078,3
POSCAR_F8V2_1_z025,F8V2_1,0.160037,3.629371877584134,3.629371877584134,0.069752877749059,0.4714568911343187,1.249999687500078,3
POSCAR_F8V2_1_z050,F8V2_1,0.160604,3.6942704198330687,3.6942704198330687,0.069752877749059,0.4770581833952332,1.249999687500078,3
POSCAR_F8V2_1_z950,F8V2_1,0.160103,3.439818944155133,3.439818944155133,0.069752877749059,0.4545297590142688,1.249999687500078,3
POSCAR_F8V2_1_z975,F8V2_1,0.159814,3.5020994335810465,3.5020994335810465,0.069752877749059,0.4601882936601419,1.249999687500078,3
POSCAR_Fe2Ga5_1,Fe2Ga5_1,0.013193,4.283594571739912,4.046911421535633,0.222344745015563,1.7704107299002178e-05,0.1428571224489825,3
POSCAR_Fe2Ga5_1_st975,Fe2Ga5_1,0.01726,4.176504707446369,3.9457386359972415,0.222344745015563,1.7704107299166363e-05,0.1428571224489825,3
POSCAR_Fe2Ga5_1_x025,Fe2Ga5_1,0.030495,4.292942871173668,4.046911421483364,0.222344745015563,1.742420718029971e-05,0.1428571224489825,3
POSCAR_Fe2Ga5_1_x050,Fe2Ga5_1,0.008414,4.30236109422902,4.046911421483364,0.222344745015563,1.7148383608988686e-05,0.1428571224489825,3
POSCAR_Fe2Ga5_1_x950,Fe2Ga5_1,0.009929,4.210276302792783,3.849913296397041,0.222344745015563,1.8275329427439168e-05,0.1428571224489825,3
POSCAR_Fe2Ga5_1_x975,Fe2Ga5_1,0.011001,4.2470492273578415,3.951226804139611,0.2223447450155629,1.7987891040950306e-05,0.1428571224489825,3
POSCAR_Fe2Ga5_1_y025,Fe2Ga5_1,0.015222,4.284431134865796,4.0525403119795,0.222344745015563,1.778818175166557e-05,0.1428571224489825,3
POSCAR_Fe2Ga5_1_y050,Fe2Ga5_1,0.006595,4.283887547277897,4.0525403119795,0.222344745015563,1.7870148390219925e-05,0.1428571224489825,3
POSCAR_Fe2Ga5_1_y950,Fe2Ga5_1,0.006837,4.266923547035975,3.844565850459458,0.222344745015563,1.7529738029089696e-05,0.1428571224489825,3
POSCAR_Fe2Ga5_1_y975,Fe2Ga5_1,0.027718,4.275223891593126,3.945738635971412,0.222344745015563,1.761794798859712e-05,0.1428571224489825,3
POSCAR_Fe2Ga5_1_z025,Fe2Ga5_1,0.006917,4.354702321713186,4.046911421483365,0.222344745015563,1.7899232718540486e-05,0.1428571224489825,3
POSCAR_Fe2Ga5_1_z050,Fe2Ga5_1,0.004392,4.42523853113697,4.046911421483365,0.222344745015563,1.8091090881092267e-05,0.1428571224489825,3
POSCAR_Fe2Ga5_1_z950,Fe2Ga5_1,0.006575,4.105253418859877,4.046911421483365,0.222344745015563,1.7304119666759675e-05,0.1428571224489825,3
POSCAR_Fe2Ga5_1_z975,Fe2Ga5_1,0.011075,4.194321667821824,4.046911421483365,0.222344745015563,1.7505728193996573e-05,0.1428571224489825,3
POSCAR_Fe2Ge1_1,Fe2Ge1_1,0.033693,2.504749958216681,2.504749958216681,0.1666666666666666,0.0031322270190021,0.285714244897965,3
POSCAR_Fe2Ge1_1_st025,Fe2Ge1_1,0.032183,2.5673687071720983,2.5673687071720983,0.1666666666666667,0.0031322270190021,0.285714244897965,3
POSCAR_Fe2Ge1_1_st050,Fe2Ge1_1,0.029721,2.629987456127516,2.629987456127516,0.1666666666666667,0.0031322270190022,0.285714244897965,3
POSCAR_Fe2Ge1_1_st950,Fe2Ge1_1,0.035676,2.379512460305848,2.379512460305848,0.1666666666666667,0.0031322270190021,0.285714244897965,3
POSCAR_Fe2Ge1_1_st975,Fe2Ge1_1,0.035315,2.442131209261264,2.442131209261264,0.1666666666666666,0.0031322270190021,0.285714244897965,3
POSCAR_Fe2Ge1_1_x025,Fe2Ge1_1,0.029778,2.5360064874188257,2.5360064874188257,0.1666666666666666,0.0032148841571208,0.285714244897965,3
POSCAR_Fe2Ge1_1_x050,Fe2Ge1_1,0.029667,2.567582049134702,2.567582049134702,0.1666666666666666,0.0032971412205856,0.285714244897965,3
POSCAR_Fe2Ge1_1_x950,Fe2Ge1_1,0.026226,2.443215910389668,2.443215910389668,0.1666666666666666,0.0029658501000441,0.285714244897965,3
POSCAR_Fe2Ge1_1_x975,Fe2Ge1_1,0.03074,2.4737787202349883,2.4737787202349883,0.1666666666666666,0.0030492037665253,0.285714244897965,3
POSCAR_Fe2Ge1_1_y025,Fe2Ge1_1,0.030725,2.536388271542986,2.536388271542986,0.1666666666666666,0.0031370479016244,0.285714244897965,3
POSCAR_Fe2Ge1_1_y050,Fe2Ge1_1,0.034187,2.568401597259001,2.568401597259001,0.1666666666666667,0.0031412565077993,0.285714244897965,3
POSCAR_Fe2Ge1_1_y950,Fe2Ge1_1,0.024975,2.44245865045924,2.44245865045924,0.1666666666666666,0.0031207012701282,0.285714244897965,3
POSCAR_Fe2Ge1_1_y975,Fe2Ge1_1,0.029755,2.4734689419665146,2.4734689419665146,0.1666666666666666,0.0031267819201069,0.285714244897965,3
POSCAR_Fe2Ge1_1_z025,Fe2Ge1_1,0.026456,2.504752251368389,2.504752251368389,0.1666666666666666,0.0030452979359098,0.285714244897965,3
POSCAR_Fe2Ge1_1_z050,Fe2Ge1_1,0.021978,2.504751676960666,2.504751676960666,0.1666666666666666,0.0029604915344986,0.285714244897965,3
POSCAR_Fe2Ge1_1_z950,Fe2Ge1_1,0.045156,2.504478897651892,2.504478897651892,0.1666666666666666,0.0033122640009071,0.285714244897965,3
POSCAR_Fe2Ge1_1_z975,Fe2Ge1_1,0.03965,2.504642469036258,2.504642469036258,0.1666666666666666,0.0032212351347945,0.285714244897965,3
POSCAR_Fe2Ge1_2,Fe2Ge1_2,0.016406,2.569602219655701,2.569602219655701,0.6051904614885043,0.0061861651449846,0.285714244897965,2
POSCAR_Fe2Ge1_2_st025,Fe2Ge1_2,0.015644,2.6338422751471,2.6338422751471,0.6085741292374529,0.0061861651449751,0.285714244897965,2
POSCAR_Fe2Ge1_2_st050,Fe2Ge1_2,0.014895,2.6980823306384925,2.6980823306384925,0.5000000000000001,0.0061861651449753,0.285714244897965,2
POSCAR_Fe2Ge1_2_x050,Fe2Ge1_2,0.018319,2.619512297115009,2.619512297115009,0.6354499845610821,0.0060246994984395,0.285714244897965,2
POSCAR_Fe2Ge1_2_x950,Fe2Ge1_2,0.018879,2.520474668098547,2.520474668098547,0.4999999999999999,0.0063531388445299,0.285714244897965,2
POSCAR_Fe2Ge1_2_x975,Fe2Ge1_2,0.017839,2.54493777887282,2.54493777887282,0.5,0.0062689794986589,0.285714244897965,2
POSCAR_Fe2Ge1_2_y025,Fe2Ge1_2,0.015398,2.5838197600539217,2.5838197600539217,0.5937308577949025,0.0063549060235995,0.285714244897965,2
POSCAR_Fe2Ge1_2_y950,Fe2Ge1_2,0.017769,2.5420052847497603,2.5420052847497603,0.4999999999999999,0.0058507138347332,0.285714244897965,2
POSCAR_Fe2Ge1_2_y975,Fe2Ge1_2,0.019666,2.55566253752898,2.55566253752898,0.4999999999999998,0.0060180834070993,0.285714244897965,2
POSCAR_Fe2Ge1_2_z025,Fe2Ge1_2,0.017105,2.595091025003234,2.595091025003234,0.4999999999999998,0.0061006598421836,0.285714244897965,2
POSCAR_Fe2Ge1_2_z050,Fe2Ge1_2,0.018413,2.6207588712623413,2.6207588712623413,0.4999999999999999,0.0060167357921299,0.285714244897965,2
POSCAR_Fe2Ge2_1,Fe2Ge2_1,0.967852,2.818755929728784,2.818755929728784,0.3333333333333333,0.6974468437882706,0.285714244897965,3
POSCAR_Fe2Ge2_1_st025,Fe2Ge2_1,0.77872,2.889224827972003,2.889224827972003,0.3333333333333333,0.6974468437882705,0.285714244897965,3
POSCAR_Fe2Ge2_1_st050,Fe2Ge2_1,0.593408,2.959693726215224,2.959693726215224,0.3333333333333333,0.6974468437882706,0.285714244897965,3
POSCAR_Fe2Ge2_1_st950,Fe2Ge2_1,0.933279,2.677818133242345,2.677818133242345,0.3333333333333331,0.6974468437882703,0.285714244897965,3
POSCAR_Fe2Ge2_1_st975,Fe2Ge2_1,0.858752,2.7482870314855643,2.7482870314855643,0.3333333333333332,0.6974468437882705,0.285714244897965,3
POSCAR_Fe2Ge2_1_x025,Fe2Ge2_1,0.896476,2.81875592976196,2.81875592976196,0.3333333333333333,0.7027534068026978,0.285714244897965,3
POSCAR_Fe2Ge2_1_x050,Fe2Ge2_1,0.861764,2.818755929770942,2.818755929770942,0.3333333333333334,0.7081135687038583,0.285714244897965,3
POSCAR_Fe2Ge2_1_x950,Fe2Ge2_1,1.004804,2.8187559297351426,2.8187559297351426,0.3333333333333333,0.687031278351088,0.285714244897965,3
POSCAR_Fe2Ge2_1_x975,Fe2Ge2_1,0.854645,2.8187559297440594,2.8187559297440594,0.3333333333333332,0.6922029932134861,0.285714244897965,3
POSCAR_Fe2Ge2_1_y025,Fe2Ge2_1,0.896932,2.818755929885559,2.818755929885559,0.3333333333333333,0.7027507318322141,0.285714244897965,3
POSCAR_Fe2Ge2_1_y050,Fe2Ge2_1,0.861249,2.8187559300217666,2.8187559300217666,0.3333333333333333,0.7081083810177459,0.285714244897965,3
POSCAR_Fe2Ge2_1_y950,Fe2Ge2_1,1.004193,2.818755929498821,2.818755929498821,0.3333333333333334,0.6870370828280931,0.285714244897965,3
POSCAR_Fe2Ge2_1_y975,Fe2Ge2_1,0.853975,2.818755929624086,2.818755929624086,0.3333333333333332,0.6922058226995611,0.285714244897965,3
POSCAR_Fe2Ge2_1_z025,Fe2Ge2_1,0.707259,2.889224827836575,2.889224827836575,0.3333333333333332,0.6869253636826802,0.285714244897965,3
POSCAR_Fe2Ge2_1_z050,Fe2Ge2_1,0.709558,2.959693725923808,2.959693725923808,0.3333333333333331,0.6764683831282667,0.285714244897965,3
POSCAR_Fe2Ge2_1_z950,Fe2Ge2_1,1.009287,2.6778181335480684,2.6778181335480684,0.3333333333333332,0.7186461662450702,0.285714244897965,3
POSCAR_Fe2Ge2_1_z975,Fe2Ge2_1,0.990163,2.7482870316233963,2.7482870316233963,0.3333333333333332,0.7080237137235461,0.285714244897965,3
POSCAR_Fe2Ge4_2,Fe2Ge4_2,0.03755,2.686360351788374,2.686360351788374,0.3225704987394647,0.0002407692818244,0.285714244897965,3
POSCAR_Fe2Ge4_2_st025,Fe2Ge4_2,0.02147,2.7535193605831205,2.7535193605831205,0.3225704987394643,0.0002407692818234,0.285714244897965,3
POSCAR_Fe2Ge4_2_x950,Fe2Ge4_2,0.002911,2.6214110715790944,2.6214110715790944,0.3225704987394648,0.0002325209833961,0.285714244897965,3
POSCAR_Fe2Ge4_2_x975,Fe2Ge4_2,0.006958,2.653337487765272,2.653337487765272,0.3225704987394649,0.0002366740336984,0.285714244897965,3
POSCAR_Fe2Ge4_2_y975,Fe2Ge4_2,0.015987,2.653289028478848,2.653289028478848,0.3225704987394647,0.0002433794330487,0.285714244897965,3
POSCAR_Fe2Ge4_2_z025,Fe2Ge4_2,0.013674,2.686355448661163,2.686355448661163,0.3225704987394646,0.0002392984276054,0.285714244897965,3
POSCAR_Fe2Ge4_2_z950,Fe2Ge4_2,0.006149,2.6863701581920743,2.6863701581920743,0.3225704987394647,0.0002437851785272,0.285714244897965,3
POSCAR_Fe2I4_1,Fe2I4_1,0.229477,4.475695626046718,4.475695626046718,0.0377255382189414,0.0965981275559799,0.7142856122449125,3
POSCAR_Fe2I4_1_st025,Fe2I4_1,0.196622,4.5875880166978975,4.5875880166978975,0.0377255382189413,0.0965981275559809,0.7142856122449125,3
POSCAR_Fe2I4_1_st050,Fe2I4_1,0.197388,4.699480407349065,4.699480407349065,0.0377255382189413,0.0965981275559808,0.7142856122449125,3
POSCAR_Fe2I4_1_st950,Fe2I4_1,0.26021,4.251910844744393,4.251910844744393,0.0377255382189413,0.0965981275559809,0.7142856122449125,3
POSCAR_Fe2I4_1_st975,Fe2I4_1,0.238382,4.363803235395561,4.363803235395561,0.0377255382189413,0.0965981275559809,0.7142856122449125,3
POSCAR_Fe2I4_1_x025,Fe2I4_1,0.223218,4.476122580993843,4.476122580993843,0.0377255382189414,0.0972403660273375,0.7142856122449125,3
POSCAR_Fe2I4_1_x050,Fe2I4_1,0.217395,4.476457429420853,4.476457429420853,0.0377255382189414,0.0967514395377314,0.7142856122449125,3
POSCAR_Fe2I4_1_x950,Fe2I4_1,0.235387,4.294801294315612,4.294801294315612,0.0377255382189414,0.0951247518313921,0.7142856122449125,3
POSCAR_Fe2I4_1_x975,Fe2I4_1,0.233035,4.384416147480639,4.384416147480639,0.0377255382189414,0.0958689928611473,0.7142856122449125,3
POSCAR_Fe2I4_1_y025,Fe2I4_1,0.223375,4.475604736872358,4.475604736872358,0.0377255382189414,0.0972259756139349,0.7142856122449125,3
POSCAR_Fe2I4_1_y050,Fe2I4_1,0.217546,4.475893483354916,4.475893483354916,0.0377255382189414,0.0967230743779117,0.7142856122449125,3
POSCAR_Fe2I4_1_y950,Fe2I4_1,0.233503,4.295070861689629,4.295070861689629,0.0377255382189414,0.095142908394936,0.7142856122449125,3
POSCAR_Fe2I4_1_y975,Fe2I4_1,0.233494,4.384784785406885,4.384784785406885,0.0377255382189414,0.0958780764419161,0.7142856122449125,3
POSCAR_Fe2I4_1_z025,Fe2I4_1,0.22132,4.496760710704829,4.496760710704829,0.0377255382189414,0.095160414390022,0.7142856122449125,3
POSCAR_Fe2I4_1_z050,Fe2I4_1,0.20871,4.519747263103874,4.519747263103874,0.0377255382189414,0.093717003403208,0.7142856122449125,3
POSCAR_Fe2I4_1_z950,Fe2I4_1,0.222561,4.314454564181308,4.314454564181308,0.0377255382189414,0.0956558257408517,0.7142856122449125,3
POSCAR_Fe2I4_1_z975,Fe2I4_1,0.225407,4.39508938820436,4.39508938820436,0.0377255382189414,0.0967134737722143,0.7142856122449125,3
POSCAR_Fe2N2_1,Fe2N2_1,0.259577,3.173034101128858,3.173034101128858,0.0833333333333333,0.7758126077900543,0.4285713673469475,3
POSCAR_Fe2N2_1_st025,Fe2N2_1,0.2213,3.25235995365708,3.25235995365708,0.0833333333333333,0.7758126077900542,0.4285713673469475,3
POSCAR_Fe2N2_1_st050,Fe2N2_1,0.18655,3.3316858061853023,3.3316858061853023,0.0833333333333333,0.7758126077900545,0.4285713673469475,3
POSCAR_Fe2N2_1_st950,Fe2N2_1,0.346473,3.014382396072415,3.014382396072415,0.0833333333333333,0.7758126077900545,0.4285713673469475,3
POSCAR_Fe2N2_1_st975,Fe2N2_1,0.301316,3.0937082486006364,3.0937082486006364,0.0833333333333333,0.7758126077900545,0.4285713673469475,3
POSCAR_Fe2N2_1_x025,Fe2N2_1,0.237276,3.173149328792172,3.173149328792172,0.0833333333333333,0.772907929799774,0.4285713673469475,3
POSCAR_Fe2N2_1_x050,Fe2N2_1,0.222323,3.1734970464304264,3.1734970464304264,0.0833333333333333,0.769675497515147,0.4285713673469475,3
POSCAR_Fe2N2_1_x950,Fe2N2_1,0.335378,3.1198693588972466,3.098105011310032,0.0833333333333333,0.762676884398218,0.4285713673469475,3
POSCAR_Fe2N2_1_x975,Fe2N2_1,0.296746,3.146743541590866,3.146743541590866,0.0833333333333333,0.7691747522590288,0.4285713673469475,3
POSCAR_Fe2N2_1_y025,Fe2N2_1,0.235468,3.17443871423858,3.17443871423858,0.0833333333333333,0.7724866958308056,0.4285713673469475,3
POSCAR_Fe2N2_1_y050,Fe2N2_1,0.220317,3.174789122054626,3.174789122054626,0.0833333333333333,0.7692521092721661,0.4285713673469475,3
POSCAR_Fe2N2_1_y950,Fe2N2_1,0.337073,3.118672802189647,3.097640293293995,0.0833333333333333,0.7630764325256582,0.4285713673469475,3
POSCAR_Fe2N2_1_y975,Fe2N2_1,0.298456,3.1455020103549582,3.1455020103549582,0.0833333333333333,0.7695840798715091,0.4285713673469475,3
POSCAR_Fe2N2_1_z025,Fe2N2_1,0.27759,3.2247059906117,3.2247059906117,0.0833333333333333,0.7725056174324739,0.4285713673469475,3
POSCAR_Fe2N2_1_z050,Fe2N2_1,0.29129,3.276808774962752,3.2604027242770304,0.0833333333333333,0.7692435805893065,0.4285713673469475,3
POSCAR_Fe2N2_1_z950,Fe2N2_1,0.220171,3.071069826357888,3.071069826357888,0.0833333333333333,0.7825838656274036,0.4285713673469475,3
POSCAR_Fe2N2_1_z975,Fe2N2_1,0.23667,3.121814503014785,3.121814503014785,0.0833333333333333,0.779170032064275,0.4285713673469475,3
POSCAR_Fe2O2_8,Fe2O2_8,0.885788,2.64506251529518,2.64506251529518,0.3333333333333334,0.64620168598606,0.57142848979593,3
POSCAR_Fe2O2_8_st025,Fe2O2_8,0.788144,2.7111890781775587,2.7111890781775587,0.3333333333333333,0.6462016859860596,0.57142848979593,3
POSCAR_Fe2O2_8_st050,Fe2O2_8,0.813401,2.777315641059939,2.777315641059939,0.3333333333333332,0.6462016859860596,0.57142848979593,3
POSCAR_Fe2O2_8_st950,Fe2O2_8,1.097725,2.5128093895304207,2.5128093895304207,0.3333333333333333,0.6462016859860599,0.57142848979593,3
POSCAR_Fe2O2_8_st975,Fe2O2_8,0.989544,2.5789359524128,2.5789359524128,0.3333333333333333,0.6462016859860598,0.57142848979593,3
POSCAR_Fe2O2_8_z025,Fe2O2_8,0.880531,2.711188891032821,2.711188891032821,0.3333333333333333,0.6347490064194389,0.57142848979593,3
POSCAR_Fe2O2_8_z050,Fe2O2_8,0.846462,2.7773152668335603,2.7773152668335603,0.3333333333333334,0.6234251612041948,0.57142848979593,3
POSCAR_Fe2O2_8_z950,Fe2O2_8,0.896546,2.5128097640652856,2.5128097640652856,0.3333333333333333,0.6694583658224486,0.57142848979593,3
POSCAR_Fe2O2_8_z975,Fe2O2_8,0.872848,2.5789361396422623,2.5789361396422623,0.3333333333333333,0.6577746440332655,0.57142848979593,3
POSCAR_Fe2P2_1,Fe2P2_1,1.124083,2.7612702952476003,2.7612702952476003,0.3333333333333333,0.6637140262693696,0.4285713673469475,3
POSCAR_Fe2P2_1_st025,Fe2P2_1,1.345244,2.8303020526287987,2.8303020526287987,0.3333333333333332,0.6637140262693698,0.4285713673469475,3
POSCAR_Fe2P2_1_st050,Fe2P2_1,1.448071,2.8993338100099884,2.8993338100099884,0.3333333333333333,0.6637140262693697,0.4285713673469475,3
POSCAR_Fe2P2_1_st950,Fe2P2_1,0.71169,2.623206780485228,2.623206780485228,0.3333333333333332,0.6637140262693694,0.4285713673469475,3
POSCAR_Fe2P2_1_x025,Fe2P2_1,1.205387,2.7612702904665234,2.7612702904665234,0.3333333333333333,0.6693237821706575,0.4285713673469475,3
POSCAR_Fe2P2_1_x050,Fe2P2_1,1.387792,2.761270285689584,2.761270285689584,0.3333333333333333,0.6749863072101966,0.4285713673469475,3
POSCAR_Fe2P2_1_x975,Fe2P2_1,1.028874,2.761270300021981,2.761270300021981,0.3333333333333333,0.6581661364199616,0.4285713673469475,3
POSCAR_Fe2P2_1_y025,Fe2P2_1,1.206184,2.7612703030000905,2.7612703030000905,0.3333333333333332,0.6693229709942596,0.4285713673469475,3
POSCAR_Fe2P2_1_z025,Fe2P2_1,1.129257,2.8303020496453746,2.8303020496453746,0.3333333333333333,0.6526037608808463,0.4285713673469475,3
POSCAR_Fe2P2_1_z050,Fe2P2_1,1.23177,2.899333804047602,2.899333804047602,0.3333333333333332,0.641598511324231,0.4285713673469475,3
POSCAR_Fe2P2_3,Fe2P2_3,0.464446,4.398341007069656,2.905455039696504,0.0833333333333333,0.6905328410193782,0.4285713673469475,3
POSCAR_Fe2P2_3_st025,Fe2P2_3,0.3371,4.508299532246394,2.978091415688916,0.0833333333333333,0.6905328410193784,0.4285713673469475,3
POSCAR_Fe2P2_3_st050,Fe2P2_3,0.237309,4.618258057423136,3.050727791681328,0.0833333333333333,0.6905328410193786,0.4285713673469475,3
POSCAR_Fe2P2_3_st950,Fe2P2_3,0.633067,4.17842395671617,2.760182287711679,0.0833333333333333,0.6905328410193786,0.4285713673469475,3
POSCAR_Fe2P2_3_st975,Fe2P2_3,0.589359,4.288382481892912,2.832818663704091,0.0833333333333333,0.6905328410193783,0.4285713673469475,3
POSCAR_Fe2P2_3_x025,Fe2P2_3,0.403457,4.40127823693208,2.9059452272515904,0.0833333333333333,0.692593903078526,0.4285713673469475,3
POSCAR_Fe2P2_3_x050,Fe2P2_3,0.354218,4.401478750027418,2.9059452272515904,0.0833333333333333,0.6946391491888293,0.4285713673469475,3
POSCAR_Fe2P2_3_x950,Fe2P2_3,0.555201,4.371146510729536,2.760182287711896,0.0833333333333333,0.6798518481788127,0.4285713673469475,3
POSCAR_Fe2P2_3_x975,Fe2P2_3,0.519643,4.386486014670759,2.8328186637199204,0.0833333333333333,0.6852105762835397,0.4285713673469475,3
POSCAR_Fe2P2_3_y025,Fe2P2_3,0.402897,4.402321723050141,2.905455039728185,0.0833333333333333,0.6927181638412898,0.4285713673469475,3
POSCAR_Fe2P2_3_y050,Fe2P2_3,0.355292,4.402470351628942,2.905455039728185,0.0833333333333333,0.6947663106185495,0.4285713673469475,3
POSCAR_Fe2P2_3_y950,Fe2P2_3,0.555913,4.37019820040831,2.760647965866675,0.0833333333333333,0.6797366073103284,0.4285713673469475,3
POSCAR_Fe2P2_3_y975,Fe2P2_3,0.520607,4.385463588571945,2.833296596534027,0.0833333333333333,0.6850923929329029,0.4285713673469475,3
POSCAR_Fe2P2_3_z025,Fe2P2_3,0.4473,4.492587875573082,2.905455039728185,0.0833333333333333,0.6830083013991404,0.4285713673469475,3
POSCAR_Fe2P2_3_z050,Fe2P2_3,0.4347,4.587154759626927,2.905455039728185,0.0833333333333333,0.675534301457411,0.4285713673469475,3
POSCAR_Fe2P2_3_z950,Fe2P2_3,0.508691,4.210893194676353,2.9054550397281846,0.0833333333333333,0.7057089227596313,0.4285713673469475,3
POSCAR_Fe2P2_3_z975,Fe2P2_3,0.48605,4.304435174769109,2.9054550397281846,0.0833333333333333,0.6981018889490187,0.4285713673469475,3
POSCAR_Fe2P4_1,Fe2P4_1,0.697066,4.069366681899739,2.735110049651033,0.1938315772381931,0.4490934457459875,0.4285713673469475,3
POSCAR_Fe2P4_1_st025,Fe2P4_1,0.52792,4.171100848947237,2.803487800892309,0.1938315772381931,0.4490934457459842,0.4285713673469475,3
POSCAR_Fe2P4_1_y025,Fe2P4_1,0.721628,4.109081528432324,2.7351100496182315,0.193831577238193,0.4491894257654215,0.4285713673469475,3
POSCAR_Fe2P4_1_y975,Fe2P4_1,0.686877,4.030258062183564,2.7351100496182315,0.193831577238193,0.449016991559939,0.4285713673469475,3
POSCAR_Fe2P4_1_z025,Fe2P4_1,0.643531,4.120941822465872,2.735110049618232,0.1938315772381931,0.4543316298130697,0.4285713673469475,3
POSCAR_Fe2P4_1_z050,Fe2P4_1,0.589619,4.173136423734955,2.7351100496182315,0.193831577238193,0.4595811372100022,0.4285713673469475,3
POSCAR_Fe2P5_1,Fe2P5_1,0.574925,4.013024877362112,2.6638444039732736,0.1614357474219327,0.5211592791373297,0.4285713673469475,3
POSCAR_Fe2P5_1_st025,Fe2P5_1,0.553404,4.113350499296156,2.7304405140726056,0.1614357474219328,0.5211592791373211,0.4285713673469475,3
POSCAR_Fe2P5_1_st975,Fe2P5_1,0.612996,3.912699255428051,2.5972482938739416,0.1614357474219328,0.5211592791373212,0.4285713673469475,3
POSCAR_Fe2P6_2,Fe2P6_2,0.565112,3.789660584521727,3.789660584521727,0.1428319563142382,0.4310919079483892,0.4285713673469475,3
POSCAR_Fe2P6_2_st025,Fe2P6_2,0.56676,3.884402099134781,3.884402099134781,0.1428319563142375,0.4310919079483927,0.4285713673469475,3
POSCAR_Fe2P6_2_st950,Fe2P6_2,0.571684,3.6001775552956503,3.6001775552956503,0.1428319563142375,0.4310919079483925,0.4285713673469475,3
POSCAR_Fe2P6_2_st975,Fe2P6_2,0.545802,3.694919069908694,3.694919069908694,0.1428319563142375,0.4310919079483927,0.4285713673469475,3
POSCAR_Fe2P6_2_z025,Fe2P6_2,0.562025,3.842058419662886,3.842058419662886,0.1428319563142382,0.4244307877341643,0.4285713673469475,3
POSCAR_Fe2P6_2_z975,Fe2P6_2,0.509917,3.737961090619379,3.737961090619379,0.1428319563142383,0.4378223512928082,0.4285713673469475,3
POSCAR_Fe2P8_1,Fe2P8_1,1.011183,4.291309881087009,4.291309881087009,0.1225311247244226,0.4523338290798036,0.4285713673469475,3
POSCAR_Fe2P8_1_st025,Fe2P8_1,0.925677,4.398592628114207,4.398592628114207,0.1225311247244223,0.4523338290798029,0.4285713673469475,3
POSCAR_Fe2P8_1_st050,Fe2P8_1,0.857658,4.505875375141382,4.505875375141382,0.1225311247244223,0.4523338290798029,0.4285713673469475,3
POSCAR_Fe2P8_1_st975,Fe2P8_1,1.145645,4.184027134059854,4.184027134059854,0.1225311247244223,0.4523338290798029,0.4285713673469475,3
POSCAR_Fe2P8_1_x025,Fe2P8_1,1.00309,4.291308779714825,4.291308779714825,0.1225311247244225,0.4494086112025889,0.4285713673469475,3
POSCAR_Fe2P8_1_x050,Fe2P8_1,1.000337,4.29130767836688,4.29130767836688,0.1225311247244226,0.4464867320173218,0.4285713673469475,3
POSCAR_Fe2P8_1_x950,Fe2P8_1,0.9856,4.291312083843064,4.291312083843064,0.1225311247244226,0.4581805592267783,0.4285713673469475,3
POSCAR_Fe2P8_1_x975,Fe2P8_1,1.000008,4.291310982452918,4.291310982452918,0.1225311247244225,0.4552590157363111,0.4285713673469475,3
POSCAR_Fe2P8_1_y025,Fe2P8_1,0.939211,4.326204293867294,4.326204293867294,0.1225311247244226,0.4554345883340976,0.4285713673469475,3
POSCAR_Fe2P8_1_y050,Fe2P8_1,0.925572,4.361671783393002,4.361671783393002,0.1225311247244226,0.4585148817776521,0.4285713673469475,3
POSCAR_Fe2P8_1_y950,Fe2P8_1,1.023402,4.223296872423246,4.223296872423246,0.1225311247244226,0.4460809450757658,0.4285713673469475,3
POSCAR_Fe2P8_1_y975,Fe2P8_1,1.047139,4.2570026375202605,4.2570026375202605,0.1225311247244226,0.4492150607637136,0.4285713673469475,3
POSCAR_Fe2P8_1_z025,Fe2P8_1,0.990514,4.3642792196539455,4.3642792196539455,0.1225311247244226,0.4521540881598323,0.4285713673469475,3
POSCAR_Fe2P8_1_z050,Fe2P8_1,0.906559,4.437806904672812,4.437806904672812,0.1225311247244226,0.4519839892899883,0.4285713673469475,3
POSCAR_Fe2P8_1_z950,Fe2P8_1,1.05317,4.147163908825883,4.147163908825883,0.1225311247244226,0.452720154159165,0.4285713673469475,3
POSCAR_Fe2P8_1_z975,Fe2P8_1,1.050953,4.218927860114226,4.218927860114226,0.1225311247244226,0.4525227185882815,0.4285713673469475,3
POSCAR_Fe2Pb2_1,Fe2Pb2_1,0.016176,2.6601224161629364,2.6601224161629364,0.4336586651002359,0.0027865272584858,0.285714244897965,3
POSCAR_Fe2Pb2_1_st025,Fe2Pb2_1,0.014288,2.7266254765670044,2.7266254765670044,0.4336586651002367,0.0027865272584959,0.285714244897965,3
POSCAR_Fe2Pb2_1_st050,Fe2Pb2_1,0.013964,2.793128536971078,2.793128536971078,0.4336586651002367,0.002786527258496,0.285714244897965,3
POSCAR_Fe2Pb2_1_st950,Fe2Pb2_1,0.017057,2.527116295354784,2.527116295354784,0.4336586651002367,0.002786527258496,0.285714244897965,3
POSCAR_Fe2Pb2_1_x025,Fe2Pb2_1,0.015253,2.660174996373076,2.660174996373076,0.4336586651002359,0.0027548633420882,0.285714244897965,3
POSCAR_Fe2Pb2_1_x050,Fe2Pb2_1,0.014857,2.660298612785405,2.660298612785405,0.4336586651002359,0.0027234768450343,0.285714244897965,3
POSCAR_Fe2Pb2_1_x950,Fe2Pb2_1,0.017254,2.6602303754044008,2.6602303754044008,0.433658665100236,0.0028505851664133,0.285714244897965,3
POSCAR_Fe2Pb2_1_x975,Fe2Pb2_1,0.014572,2.660140876329459,2.660140876329459,0.4336586651002359,0.002818443738329,0.285714244897965,3
POSCAR_Fe2Pb2_1_y025,Fe2Pb2_1,0.01522,2.6970012044145126,2.6970012044145126,0.4336586651002361,0.0027688603961366,0.285714244897965,3
POSCAR_Fe2Pb2_1_y050,Fe2Pb2_1,0.015241,2.7342606644448386,2.7342606644448386,0.4336586651002359,0.0027513022808377,0.285714244897965,3
POSCAR_Fe2Pb2_1_y950,Fe2Pb2_1,0.018215,2.587618338636452,2.587618338636452,0.433658665100236,0.0028221409890996,0.285714244897965,3
POSCAR_Fe2Pb2_1_y975,Fe2Pb2_1,0.014636,2.623655654276942,2.623655654276942,0.433658665100236,0.0028042915949972,0.285714244897965,3
POSCAR_Fe2Pb2_1_z025,Fe2Pb2_1,0.014705,2.6901713747980867,2.6901713747980867,0.433658665100236,0.0028356553979624,0.285714244897965,3
POSCAR_Fe2Pb2_1_z050,Fe2Pb2_1,0.014618,2.720686899086884,2.720686899086884,0.5569067609538815,0.0030671934795798,0.285714244897965,2
POSCAR_Fe2Pb2_1_z950,Fe2Pb2_1,0.016248,2.601470480681359,2.601470480681359,0.4336586651002359,0.0026859574810519,0.285714244897965,3
POSCAR_Fe2Pb2_1_z975,Fe2Pb2_1,0.014827,2.630556012079306,2.630556012079306,0.433658665100236,0.0027366295260341,0.285714244897965,3
POSCAR_Fe2Pb4_2,Fe2Pb4_2,0.016761,2.584466636487522,2.584466636487522,0.1907144187127946,0.00268266906096,0.285714244897965,3
POSCAR_Fe2Pb4_2_st025,Fe2Pb4_2,0.013393,2.649078302399676,2.649078302399676,0.190714418712794,0.0026826690609574,0.285714244897965,3
POSCAR_Fe2Pb4_2_st050,Fe2Pb4_2,0.011078,2.713689968311864,2.713689968311864,0.190714418712794,0.0026826690609575,0.285714244897965,3
POSCAR_Fe2Pb4_2_st950,Fe2Pb4_2,0.018192,2.4552433046631146,2.4552433046631146,0.190714418712794,0.0026826690609575,0.285714244897965,3
POSCAR_Fe2Pb4_2_st975,Fe2Pb4_2,0.016739,2.5198549705753024,2.5198549705753024,0.1907144187127941,0.0026826690609575,0.285714244897965,3
POSCAR_Fe2Pb4_2_x025,Fe2Pb4_2,0.015081,2.617182012104962,2.617182012104962,0.1907144187127945,0.0026955366094145,0.285714244897965,3
POSCAR_Fe2Pb4_2_x050,Fe2Pb4_2,0.014015,2.6502741191193864,2.6502741191193864,0.1907144187127945,0.0027076258138768,0.285714244897965,3
POSCAR_Fe2Pb4_2_x950,Fe2Pb4_2,0.015249,2.5194242655222245,2.5194242655222245,0.1907144187127946,0.0026545555095265,0.285714244897965,3
POSCAR_Fe2Pb4_2_x975,Fe2Pb4_2,0.017851,2.5521424800486354,2.5521424800486354,0.1907144187127945,0.002669011822239,0.285714244897965,3
POSCAR_Fe2Pb4_2_y025,Fe2Pb4_2,0.015573,2.6152482833582824,2.6152482833582824,0.1907144187127946,0.0026923672850814,0.285714244897965,3
POSCAR_Fe2Pb4_2_y050,Fe2Pb4_2,0.014791,2.6463962556449343,2.6463962556449343,0.1907144187127946,0.0027017472237896,0.285714244897965,3
POSCAR_Fe2Pb4_2_y950,Fe2Pb4_2,0.016154,2.5240557694960213,2.5240557694960213,0.1907144187127946,0.0026623214117611,0.285714244897965,3
POSCAR_Fe2Pb4_2_y975,Fe2Pb4_2,0.016779,2.5540645599477982,2.5540645599477982,0.1907144187127946,0.0026726531074822,0.285714244897965,3
POSCAR_Fe2Pb4_2_z025,Fe2Pb4_2,0.01749,2.585963172110847,2.585963172110847,0.1907144187127946,0.0026597318117706,0.285714244897965,3
POSCAR_Fe2Pb4_2_z050,Fe2Pb4_2,0.018749,2.586843218778527,2.586843218778527,0.1907144187127946,0.0026371608242339,0.285714244897965,3
POSCAR_Fe2Pb4_2_z950,Fe2Pb4_2,0.01814,2.581480804785378,2.581480804785378,0.1907144187127946,0.0027296101746351,0.285714244897965,3
POSCAR_Fe2Pb4_2_z975,Fe2Pb4_2,0.016326,2.5829725126471748,2.5829725126471748,0.1907144187127946,0.0027059649168755,0.285714244897965,3
POSCAR_Fe2S4_1,Fe2S4_1,0.440052,4.263399843704566,3.797078926202104,0.1962041380943616,0.3159096089434735,0.57142848979593,3
POSCAR_Fe2S4_1_st025,Fe2S4_1,0.443936,4.369984839797179,3.892005899357156,0.196204138094361,0.3159096089434795,0.57142848979593,3
POSCAR_Fe2S4_1_st050,Fe2S4_1,0.444133,4.4765698358897925,3.986932872512209,0.196204138094361,0.3159096089434794,0.57142848979593,3
POSCAR_Fe2S4_1_st950,Fe2S4_1,0.481423,4.050229851519336,3.607224979891998,0.196204138094361,0.3159096089434793,0.57142848979593,3
POSCAR_Fe2S4_1_st975,Fe2S4_1,0.435414,4.15681484761195,3.702151953047051,0.196204138094361,0.3159096089434794,0.57142848979593,3
POSCAR_Fe2S4_1_x025,Fe2S4_1,0.453503,4.284734768014813,3.8920058993374367,0.1962041380943617,0.3100730717030481,0.57142848979593,3
POSCAR_Fe2S4_1_x050,Fe2S4_1,0.46693,4.306486931128944,3.986932872535927,0.1962041380943617,0.3043369771869311,0.57142848979593,3
POSCAR_Fe2S4_1_x950,Fe2S4_1,0.419424,4.222006888714265,3.607224979842043,0.1962041380943617,0.3278759531445374,0.57142848979593,3
POSCAR_Fe2S4_1_x975,Fe2S4_1,0.426688,4.242488452826371,3.702151953040493,0.1962041380943617,0.3218446968167576,0.57142848979593,3
POSCAR_Fe2S4_1_y025,Fe2S4_1,0.427789,4.297929337044739,3.7970789262389872,0.1962041380943617,0.3184365313328686,0.57142848979593,3
POSCAR_Fe2S4_1_y050,Fe2S4_1,0.418656,4.333026019818107,3.7970789262389872,0.1962041380943616,0.3209558099912992,0.57142848979593,3
POSCAR_Fe2S4_1_y950,Fe2S4_1,0.478339,4.196098204252412,3.7970789262389872,0.1962041380943617,0.3108414152833293,0.57142848979593,3
POSCAR_Fe2S4_1_y975,Fe2S4_1,0.456598,4.229451431544022,3.7970789262389872,0.1962041380943617,0.3133771539667243,0.57142848979593,3
POSCAR_Fe2S4_1_z025,Fe2S4_1,0.444037,4.314947968358094,3.7970789262389872,0.1962041380943617,0.3192810163727902,0.57142848979593,3
POSCAR_Fe2S4_1_z050,Fe2S4_1,0.443206,4.3671377706890535,3.7970789262389872,0.1962041380943617,0.3226806654361229,0.57142848979593,3
POSCAR_Fe2S4_1_z950,Fe2S4_1,0.46549,4.162323693736085,3.797078926238987,0.1962041380943617,0.3092658948230194,0.57142848979593,3
POSCAR_Fe2S4_1_z975,Fe2S4_1,0.433768,4.212516953289418,3.797078926238987,0.1962041380943616,0.3125699969566534,0.57142848979593,3
POSCAR_Fe2Se2_1,Fe2Se2_1,0.783086,2.957919017724564,2.957919017724564,0.3333333333333333,0.698318369076936,0.57142848979593,3
POSCAR_Fe2Se2_1_st025,Fe2Se2_1,0.695129,3.031866993167678,3.031866993167678,0.3333333333333333,0.6983183690769362,0.57142848979593,3
POSCAR_Fe2Se2_1_st050,Fe2Se2_1,0.618414,3.105814968610792,3.105814968610792,0.3333333333333333,0.6983183690769361,0.57142848979593,3
POSCAR_Fe2Se2_1_st950,Fe2Se2_1,0.975839,2.8100230668383355,2.8100230668383355,0.3333333333333333,0.6983183690769359,0.57142848979593,3
POSCAR_Fe2Se2_1_st975,Fe2Se2_1,0.877149,2.8839710422814493,2.8839710422814493,0.3333333333333333,0.698318369076936,0.57142848979593,3
POSCAR_Fe2Se2_1_x025,Fe2Se2_1,0.792916,2.957919039368471,2.957919039368471,0.3333333333333333,0.7036182361942681,0.57142848979593,3
POSCAR_Fe2Se2_1_x950,Fe2Se2_1,0.827462,2.9579189756737825,2.9579189756737825,0.3333333333333333,0.6879156784331514,0.57142848979593,3
POSCAR_Fe2Se2_1_x975,Fe2Se2_1,0.810135,2.9579189964812738,2.9579189964812738,0.3333333333333333,0.6930810436426093,0.57142848979593,3
POSCAR_Fe2Se2_1_y025,Fe2Se2_1,0.793546,2.9579190165217017,2.9579190165217017,0.3333333333333333,0.7036115395513746,0.57142848979593,3
POSCAR_Fe2Se2_1_y050,Fe2Se2_1,0.70893,2.9579190153372363,2.9579190153372363,0.3333333333333332,0.70895833675541,0.57142848979593,3
POSCAR_Fe2Se2_1_y950,Fe2Se2_1,0.820531,2.957919020115283,2.957919020115283,0.3333333333333333,0.6879296108435861,0.57142848979593,3
POSCAR_Fe2Se2_1_y975,Fe2Se2_1,0.809219,2.9579190189107227,2.9579190189107227,0.3333333333333332,0.6930879238792188,0.57142848979593,3
POSCAR_Fe2Se2_1_z025,Fe2Se2_1,0.772098,3.0318669731007235,3.0318669731007235,0.3333333333333333,0.6878136438497935,0.57142848979593,3
POSCAR_Fe2Se2_1_z050,Fe2Se2_1,0.632281,3.105814928839304,3.105814928839304,0.3333333333333333,0.6773724107538499,0.57142848979593,3
POSCAR_Fe2Se2_1_z950,Fe2Se2_1,0.821582,2.810023108150035,2.810023108150035,0.3333333333333333,0.7194811599827861,0.57142848979593,3
POSCAR_Fe2Se2_1_z975,Fe2Se2_1,0.86069,2.883971062702693,2.883971062702693,0.3333333333333333,0.7088774757390828,0.57142848979593,3
POSCAR_Fe2Se4_1,Fe2Se4_1,0.463144,4.537276963665509,4.029575866496356,0.1895097650701502,0.3766631887580108,0.57142848979593,3
POSCAR_Fe2Se4_1_st025,Fe2Se4_1,0.451868,4.65070888775717,4.130315263158763,0.1895097650701506,0.376663188758007,0.57142848979593,3
POSCAR_Fe2Se4_1_st050,Fe2Se4_1,0.400561,4.764140811848808,4.231054659821174,0.1895097650701507,0.376663188758007,0.57142848979593,3
POSCAR_Fe2Se4_1_st950,Fe2Se4_1,0.429921,4.310413115482255,3.828097073171538,0.1895097650701506,0.3766631887580068,0.57142848979593,3
POSCAR_Fe2Se4_1_st975,Fe2Se4_1,0.453523,4.4238450395738935,3.928836469833947,0.1895097650701507,0.3766631887580069,0.57142848979593,3
POSCAR_Fe2Se4_1_x025,Fe2Se4_1,0.465244,4.559850525373919,4.13031526319583,0.1895097650701502,0.369585904217886,0.57142848979593,3
POSCAR_Fe2Se4_1_x050,Fe2Se4_1,0.464712,4.582866441276628,4.23105465983233,0.1895097650701502,0.362635417249134,0.57142848979593,3
POSCAR_Fe2Se4_1_x950,Fe2Se4_1,0.464481,4.493483439047898,3.828097073186406,0.1895097650701502,0.3911896243173432,0.57142848979593,3
POSCAR_Fe2Se4_1_x975,Fe2Se4_1,0.462569,4.515152390893374,3.9288364698228855,0.1895097650701502,0.3838652873862067,0.57142848979593,3
POSCAR_Fe2Se4_1_y025,Fe2Se4_1,0.441982,4.574175347918764,4.029575866459349,0.1895097650701502,0.3798730728165003,0.57142848979593,3
POSCAR_Fe2Se4_1_y050,Fe2Se4_1,0.425202,4.611678690176251,4.029575866459349,0.1895097650701502,0.3830728950418492,0.57142848979593,3
POSCAR_Fe2Se4_1_y950,Fe2Se4_1,0.499109,4.46535481088539,4.02957586645935,0.1895097650701502,0.3702243945672461,0.57142848979593,3
POSCAR_Fe2Se4_1_y975,Fe2Se4_1,0.487885,4.500998415469331,4.029575866459349,0.1895097650701502,0.373445988596056,0.57142848979593,3
POSCAR_Fe2Se4_1_z025,Fe2Se4_1,0.456044,4.592117527722894,4.02957586645935,0.1895097650701502,0.3806047594283714,0.57142848979593,3
POSCAR_Fe2Se4_1_z050,Fe2Se4_1,0.412051,4.647641087034593,4.029575866459349,0.1895097650701502,0.3845746656150317,0.57142848979593,3
POSCAR_Fe2Se4_1_z950,Fe2Se4_1,0.406915,4.429745972484958,4.02957586645935,0.1895097650701502,0.3688815917579053,0.57142848979593,3
POSCAR_Fe2Se4_1_z975,Fe2Se4_1,0.435,4.483144459177621,4.02957586645935,0.1895097650701502,0.3727540421922751,0.57142848979593,3
POSCAR_Fe2Se8_1,Fe2Se8_1,0.010332,3.563730063889354,3.563730063889354,0.1462652081098284,0.0023265205078905,0.57142848979593,3
POSCAR_Fe2Se8_1_st950,Fe2Se8_1,0.011152,3.385543560694906,3.385543560694906,0.1462652081098288,0.0023265205078874,0.57142848979593,3
POSCAR_Fe2Se8_1_st975,Fe2Se8_1,0.010772,3.474636812292141,3.474636812292141,0.1462652081098288,0.0023265205078873,0.57142848979593,3
POSCAR_Fe2Se8_1_x025,Fe2Se8_1,0.011136,3.6528233130323433,3.6528233130323433,0.1462652081098284,0.0022799825954306,0.57142848979593,3
POSCAR_Fe2Se8_1_x050,Fe2Se8_1,0.009204,3.7419165625732327,3.7419165625732327,0.1462652081098283,0.0022343016066461,0.57142848979593,3
POSCAR_Fe2Se8_1_x950,Fe2Se8_1,0.012343,3.385543566840569,3.385543566840569,0.1462652081098283,0.002422085842384,0.57142848979593,3
POSCAR_Fe2Se8_1_x975,Fe2Se8_1,0.011887,3.474636815160447,3.474636815160447,0.1462652081098284,0.0023738961633979,0.57142848979593,3
POSCAR_Fe2Se8_1_y025,Fe2Se8_1,0.010178,3.56373005275806,3.56373005275806,0.1462652081098284,0.002330068025069,0.57142848979593,3
POSCAR_Fe2Se8_1_y050,Fe2Se8_1,0.010682,3.5637300419318536,3.5637300419318536,0.1462652081098283,0.0023335198731767,0.57142848979593,3
POSCAR_Fe2Se8_1_y975,Fe2Se8_1,0.01063,3.56373007526292,3.56373007526292,0.1462652081098283,0.0023228780610596,0.57142848979593,3
POSCAR_Fe2Se8_1_z025,Fe2Se8_1,0.010983,3.5637300778234344,3.5637300778234344,0.1462652081098284,0.0023697900505413,0.57142848979593,3
POSCAR_Fe2Se8_1_z050,Fe2Se8_1,0.012213,3.563730091899724,3.563730091899724,0.1462652081098284,0.0024128526856767,0.57142848979593,3
POSCAR_Fe2Se8_1_z975,Fe2Se8_1,0.010115,3.563730050034656,3.563730050034656,0.1462652081098284,0.0022830678638912,0.57142848979593,3
POSCAR_Fe2Si2_3,Fe2Si2_3,0.663874,3.5070200685327504,2.971993520084425,0.3333333333333335,0.4900305251420792,0.285714244897965,3
POSCAR_Fe2Si2_3_st025,Fe2Si2_3,0.885518,3.594695570246073,3.0462933580865355,0.3333333333333333,0.4900305251420794,0.285714244897965,3
POSCAR_Fe2Si2_3_st050,Fe2Si2_3,1.148281,3.682371071959393,3.120593196088647,0.3333333333333333,0.4900305251420794,0.285714244897965,3
POSCAR_Fe2Si2_3_st950,Fe2Si2_3,0.387522,3.3316690651061167,2.823393844080204,0.3333333333333332,0.4900305251420794,0.285714244897965,3
POSCAR_Fe2Si2_3_st975,Fe2Si2_3,0.482542,3.4193445668194355,2.8976936820823145,0.3333333333333333,0.4900305251420794,0.285714244897965,3
POSCAR_Fe2Si2_3_x025,Fe2Si2_3,0.75042,3.507020065942333,2.9864546700983645,0.3333333333333334,0.4962767815904112,0.285714244897965,3
POSCAR_Fe2Si2_3_x050,Fe2Si2_3,0.892828,3.5070200633441746,2.9864546700983645,0.3333333333333334,0.5025954762568383,0.285714244897965,3
POSCAR_Fe2Si2_3_x950,Fe2Si2_3,0.526684,3.5070200737524595,2.824490165907913,0.3333333333333334,0.4777897141071363,0.285714244897965,3
POSCAR_Fe2Si2_3_x975,Fe2Si2_3,0.596603,3.507020071146474,2.898818854447561,0.3333333333333333,0.4838652434580185,0.285714244897965,3
POSCAR_Fe2Si2_3_y025,Fe2Si2_3,0.764984,3.5070200611810587,2.9731475430873404,0.3333333333333333,0.4963567073875071,0.285714244897965,3
POSCAR_Fe2Si2_3_y050,Fe2Si2_3,0.91,3.507020053824801,2.9731475430873404,0.3333333333333334,0.5027537377819362,0.285714244897965,3
POSCAR_Fe2Si2_3_y950,Fe2Si2_3,0.556485,3.5070200832845426,2.837131936597768,0.3333333333333332,0.4776256086258418,0.285714244897965,3
POSCAR_Fe2Si2_3_y975,Fe2Si2_3,0.586776,3.5070200759109293,2.9117933033480665,0.3333333333333334,0.4837838536732044,0.285714244897965,3
POSCAR_Fe2Si2_3_z025,Fe2Si2_3,0.749432,3.5946955802146743,2.9719935200369245,0.3333333333333333,0.4776976344862267,0.285714244897965,3
POSCAR_Fe2Si2_3_z050,Fe2Si2_3,0.847995,3.682371091897727,2.9719935200369245,0.3333333333333334,0.4656879979944517,0.285714244897965,3
POSCAR_Fe2Si2_3_z950,Fe2Si2_3,0.543913,3.3316690451878093,2.9719935200369245,0.3333333333333332,0.515670876936894,0.285714244897965,3
POSCAR_Fe2Si2_3_z975,Fe2Si2_3,0.562156,3.419344556833836,2.9719935200369245,0.3333333333333333,0.5026881587764613,0.285714244897965,3
POSCAR_Fe2Si2_4,Fe2Si2_4,0.021775,2.7401435201303075,2.7401435201303075,0.3333333333333332,0.0002851019544168,0.285714244897965,3
POSCAR_Fe2Si2_4_st025,Fe2Si2_4,0.018361,2.8086471081335445,2.8086471081335445,0.3333333333333332,0.0002851019544164,0.285714244897965,3
POSCAR_Fe2Si2_4_x050,Fe2Si2_4,0.002876,2.786066117473886,2.786066117473886,0.3333333333333332,0.0002781945578123,0.285714244897965,3
POSCAR_Fe2Si2_4_x950,Fe2Si2_4,0.002862,2.695735157733848,2.695735157733848,0.3333333333333334,0.0002920935621563,0.285714244897965,3
POSCAR_Fe2Si2_4_y025,Fe2Si2_4,0.023373,2.7629371739252444,2.7629371739252444,0.3333333333333333,0.0002812420241515,0.285714244897965,3
POSCAR_Fe2Si2_4_y050,Fe2Si2_4,0.00272,2.78610019791132,2.78610019791132,0.3333333333333333,0.0002774077108964,0.285714244897965,3
POSCAR_Fe2Si2_4_y950,Fe2Si2_4,0.002885,2.6957016503796067,2.6957016503796067,0.3333333333333332,0.0002928866159851,0.285714244897965,3
POSCAR_Fe2Si2_4_y975,Fe2Si2_4,0.00964,2.717728530346934,2.717728530346934,0.3333333333333333,0.0002889845534078,0.285714244897965,3
POSCAR_Fe2Si2_4_z025,Fe2Si2_4,0.004747,2.7636428387712377,2.7636428387712377,0.3333333333333333,0.0002924021683656,0.285714244897965,3
POSCAR_Fe2Si2_4_z050,Fe2Si2_4,0.007635,2.7875168922412845,2.7875168922412845,0.3333333333333332,0.0002996046781151,0.285714244897965,3
POSCAR_Fe2Si2_4_z975,Fe2Si2_4,0.010075,2.717028659528024,2.717028659528024,0.3333333333333334,0.0002777062378792,0.285714244897965,3
POSCAR_Fe2Sn10_2,Fe2Sn10_2,0.017378,5.046755013050366,5.046755013050366,0.1947673762272306,0.0009112385892414,0.285714244897965,3
POSCAR_Fe2Sn10_2_st025,Fe2Sn10_2,0.010209,5.172923888376622,5.172923888376622,0.1947673762272309,0.0009112385892401,0.285714244897965,3
POSCAR_Fe2Sn10_2_st975,Fe2Sn10_2,0.011509,4.920586137724104,4.920586137724104,0.1947673762272308,0.0009112385892401,0.285714244897965,3
POSCAR_Fe2Sn10_2_x025,Fe2Sn10_2,0.00447,5.110215077356986,5.110215077356986,0.1947673762272305,0.0009220740977136,0.285714244897965,3
POSCAR_Fe2Sn10_2_x950,Fe2Sn10_2,0.004398,4.922240353779086,4.922240353779086,0.1947673762272305,0.0008894213941509,0.285714244897965,3
POSCAR_Fe2Sn10_2_x975,Fe2Sn10_2,0.052604,4.984086691648786,4.984086691648786,0.1947673762272306,0.0009003508131959,0.285714244897965,3
POSCAR_Fe2Sn10_2_y025,Fe2Sn10_2,0.00932,5.110256436591178,5.110256436591178,0.1947673762272305,0.0009147012150451,0.285714244897965,3
POSCAR_Fe2Sn10_2_y050,Fe2Sn10_2,0.011328,5.1745204544944965,5.1745204544944965,0.1947673762272306,0.0009181522781655,0.285714244897965,3
POSCAR_Fe2Sn10_2_y950,Fe2Sn10_2,0.009996,4.922157655999206,4.922157655999206,0.1947673762272306,0.0009042872439572,0.285714244897965,3
POSCAR_Fe2Sn10_2_y975,Fe2Sn10_2,0.016967,4.984045332484835,4.984045332484835,0.1947673762272305,0.0009077665655811,0.285714244897965,3
POSCAR_Fe2Sn10_2_z025,Fe2Sn10_2,0.00716,5.046744246649031,5.046744246649031,0.1947673762272305,0.0008969824252779,0.285714244897965,3
POSCAR_Fe2Sn10_2_z050,Fe2Sn10_2,0.006084,5.046733480245623,5.046733480245623,0.1947673762272305,0.0008828875258272,0.285714244897965,3
POSCAR_Fe2Sn10_2_z950,Fe2Sn10_2,0.010409,5.04677654606135,5.04677654606135,0.1947673762272305,0.0009401600897666,0.285714244897965,3
POSCAR_Fe2Sn2_1,Fe2Sn2_1,0.907674,2.7403631059810767,2.7403631059810767,0.3333333333333333,0.7594951343828951,0.285714244897965,3
POSCAR_Fe2Sn2_1_st050,Fe2Sn2_1,0.625562,2.877381261280155,2.877381261280155,0.3333333333333332,0.7594951343828953,0.285714244897965,3
POSCAR_Fe2Sn2_1_st975,Fe2Sn2_1,1.063757,2.671854028331573,2.671854028331573,0.3333333333333333,0.7594951343828954,0.285714244897965,3
POSCAR_Fe2Sn2_1_z025,Fe2Sn2_1,0.854956,2.808872158070936,2.808872158070936,0.3333333333333333,0.7503473754067672,0.285714244897965,3
POSCAR_Fe2Sn2_1_z950,Fe2Sn2_1,1.214414,2.603345001847219,2.603345001847219,0.3333333333333333,0.777756488306642,0.285714244897965,3
POSCAR_Fe2Sn3_1,Fe2Sn3_1,0.031105,2.750941117389884,2.750941117389884,0.3500456483177886,0.00131987613972,0.285714244897965,3
POSCAR_Fe2Sn3_1_st025,Fe2Sn3_1,0.032701,2.819714645324638,2.819714645324638,0.3500456483177889,0.001319876139721,0.285714244897965,3
POSCAR_Fe2Sn3_1_st050,Fe2Sn3_1,0.033459,2.888488173259385,2.888488173259385,0.3500456483177888,0.001319876139721,0.285714244897965,3
POSCAR_Fe2Sn3_1_st975,Fe2Sn3_1,0.024752,2.682167589455144,2.682167589455144,0.3500456483177888,0.001319876139721,0.285714244897965,3
POSCAR_Fe2Sn3_1_x025,Fe2Sn3_1,0.026797,2.8073174773319707,2.8073174773319707,0.3500456483177885,0.0013179225928457,0.285714244897965,3
POSCAR_Fe2Sn3_1_x050,Fe2Sn3_1,0.02625,2.864506544909636,2.864506544909636,0.3500456483177885,0.001315969043138,0.285714244897965,3
POSCAR_Fe2Sn3_1_x975,Fe2Sn3_1,0.038668,2.6954284602261174,2.6954284602261174,0.3500456483177884,0.001321823407746,0.285714244897965,3
POSCAR_Fe2Sn3_1_y025,Fe2Sn3_1,0.077003,2.749407767104346,2.749407767104346,0.3500456483177886,0.0013181212474502,0.285714244897965,3
POSCAR_Fe2Sn3_1_y050,Fe2Sn3_1,0.038503,2.748412052671025,2.748412052671025,0.3500456483177885,0.0013159891245839,0.285714244897965,3
POSCAR_Fe2Sn3_1_y975,Fe2Sn3_1,0.024814,2.75301120530003,2.75301120530003,0.3500456483177885,0.0013212287504171,0.285714244897965,3
POSCAR_Fe2Sn3_1_z025,Fe2Sn3_1,0.02949,2.765743149992214,2.765743149992214,0.3500456483177885,0.0013232722473954,0.285714244897965,3
POSCAR_Fe2Sn3_1_z050,Fe2Sn3_1,0.031457,2.780901130430093,2.780901130430093,0.3500456483177884,0.0013264400857569,0.285714244897965,3
POSCAR_Fe2Sn3_1_z950,Fe2Sn3_1,0.031952,2.72242797996846,2.72242797996846,0.3500456483177884,0.0013124094350173,0.285714244897965,3
POSCAR_Fe2Sn3_1_z975,Fe2Sn3_1,0.02595,2.736500808729,2.736500808729,0.3500456483177885,0.0013162540566146,0.285714244897965,3
POSCAR_Fe2Sn4_3,Fe2Sn4_3,0.65794,4.845793591937796,3.5713493619243653,0.1838875613900542,0.5052661374501788,0.285714244897965,3
POSCAR_Fe2Sn4_3_st025,Fe2Sn4_3,0.621082,4.966938431736254,3.6606330959724738,0.1838875613900547,0.5052661374501729,0.285714244897965,3
POSCAR_Fe2Sn4_3_st050,Fe2Sn4_3,0.585978,5.0880832715347,3.749916830020584,0.1838875613900547,0.5052661374501729,0.285714244897965,3
POSCAR_Fe2Sn4_3_st950,Fe2Sn4_3,0.750705,4.603503912340918,3.3927818938281464,0.1838875613900547,0.5052661374501731,0.285714244897965,3
POSCAR_Fe2Sn4_3_st975,Fe2Sn4_3,0.696606,4.724648752139364,3.482065627876256,0.1838875613900547,0.505266137450173,0.285714244897965,3
POSCAR_Fe2Sn4_3_x025,Fe2Sn4_3,0.623912,4.862365768559796,3.660633095996205,0.1838875613900542,0.4981206419681181,0.285714244897965,3
POSCAR_Fe2Sn4_3_x050,Fe2Sn4_3,0.593179,4.87929265531109,3.7499168300278702,0.1838875613900542,0.491030126221595,0.285714244897965,3
POSCAR_Fe2Sn4_3_x950,Fe2Sn4_3,0.723683,4.813727944385678,3.3927818938013683,0.1838875613900542,0.5197004290713592,0.285714244897965,3
POSCAR_Fe2Sn4_3_x975,Fe2Sn4_3,0.692788,4.829579776772166,3.482065627833033,0.1838875613900542,0.5124613274646054,0.285714244897965,3
POSCAR_Fe2Sn4_3_y025,Fe2Sn4_3,0.620565,4.898401300978222,3.571349361964539,0.1838875613900541,0.5080104485168867,0.285714244897965,3
POSCAR_Fe2Sn4_3_y050,Fe2Sn4_3,0.580182,4.951732832469696,3.57134936196454,0.1838875613900542,0.5108027480976832,0.285714244897965,3
POSCAR_Fe2Sn4_3_y950,Fe2Sn4_3,0.744264,4.742845654612188,3.57134936196454,0.1838875613900541,0.499936545693486,0.285714244897965,3
POSCAR_Fe2Sn4_3_y975,Fe2Sn4_3,0.702621,4.79393353468862,3.571349361964539,0.1838875613900541,0.502573560680801,0.285714244897965,3
POSCAR_Fe2Sn4_3_z025,Fe2Sn4_3,0.688777,4.898675416145863,3.57134936196454,0.1838875613900542,0.5096891510857902,0.285714244897965,3
POSCAR_Fe2Sn4_3_z050,Fe2Sn4_3,0.709362,4.952278444017511,3.571349361964539,0.1838875613900542,0.5140521643036897,0.285714244897965,3
POSCAR_Fe2Sn4_3_z950,Fe2Sn4_3,0.569504,4.742289733270621,3.57134936196454,0.1838875613900542,0.4962507420618868,0.285714244897965,3
POSCAR_Fe2Sn4_3_z975,Fe2Sn4_3,0.618607,4.793656839645035,3.571349361964539,0.1838875613900542,0.5007856885606239,0.285714244897965,3
POSCAR_Fe2Sn8_2,Fe2Sn8_2,0.014349,4.500990785620268,4.500990785620268,0.1447578507266337,0.0005454634973164,0.285714244897965,3
POSCAR_Fe2Sn8_2_st025,Fe2Sn8_2,0.010924,4.613515555260809,4.613515555260809,0.1447578507266337,0.0005454634973161,0.285714244897965,3
POSCAR_Fe2Sn8_2_x025,Fe2Sn8_2,0.010574,4.557645215193543,4.557645215193543,0.1447578507266338,0.0005487120833932,0.285714244897965,3
POSCAR_Fe2Sn8_2_x950,Fe2Sn8_2,0.008603,4.389846237942041,4.389846237942041,0.1447578507266337,0.0005388979798858,0.285714244897965,3
POSCAR_Fe2Sn8_2_x975,Fe2Sn8_2,0.007351,4.445048715241003,4.445048715241003,0.1447578507266338,0.0005421912122783,0.285714244897965,3
POSCAR_Fe2Sn8_2_y950,Fe2Sn8_2,0.011299,4.390007332377563,4.390007332377563,0.1447578507266338,0.0005390938153162,0.285714244897965,3
POSCAR_Fe2Sn8_2_y975,Fe2Sn8_2,0.006448,4.445129281173157,4.445129281173157,0.1447578507266338,0.00054228924065,0.285714244897965,3
POSCAR_Fe2Sn8_2_z025,Fe2Sn8_2,0.005729,4.500990716280221,4.500990716280221,0.1447578507266337,0.000539064058376,0.285714244897965,3
POSCAR_Fe2Sn8_2_z050,Fe2Sn8_2,0.008494,4.50099064710991,4.50099064710991,0.1447578507266337,0.0005327161102166,0.285714244897965,3
POSCAR_Fe2Sn8_2_z950,Fe2Sn8_2,0.099564,4.500990924822218,4.500990924822218,0.1447578507266338,0.0005583975237907,0.285714244897965,3
POSCAR_Fe2Sn8_2_z975,Fe2Sn8_2,0.006726,4.500990855136369,4.500990855136369,0.1447578507266337,0.0005519097126858,0.285714244897965,3
POSCAR_Fe2Te2_1,Fe2Te2_1,0.928636,3.099398715681901,3.099398715681901,0.3333333333333332,0.7134842875261473,0.57142848979593,3
POSCAR_Fe2Te2_1_st025,Fe2Te2_1,0.794361,3.176883683573923,3.176883683573923,0.3333333333333334,0.7134842875261472,0.57142848979593,3
POSCAR_Fe2Te2_1_st050,Fe2Te2_1,0.67724,3.25436865146597,3.25436865146597,0.3333333333333335,0.7134842875261473,0.57142848979593,3
POSCAR_Fe2Te2_1_st950,Fe2Te2_1,1.231977,2.9444287798977817,2.9444287798977817,0.3333333333333333,0.7134842875261473,0.57142848979593,3
POSCAR_Fe2Te2_1_st975,Fe2Te2_1,1.060975,3.021913747789829,3.021913747789829,0.3333333333333333,0.7134842875261473,0.57142848979593,3
POSCAR_Fe2Te2_1_x025,Fe2Te2_1,0.937695,3.099398717517853,3.099398717517853,0.3333333333333333,0.7193064743916964,0.57142848979593,3
POSCAR_Fe2Te2_1_x050,Fe2Te2_1,0.950267,3.099398719375128,3.099398719375128,0.3333333333333332,0.7251696675889335,0.57142848979593,3
POSCAR_Fe2Te2_1_y025,Fe2Te2_1,0.852307,3.099398719069143,3.099398719069143,0.3333333333333333,0.7179730412060014,0.57142848979593,3
POSCAR_Fe2Te2_1_y950,Fe2Te2_1,1.081198,3.099398709182897,3.099398709182897,0.3333333333333332,0.7047779013335781,0.57142848979593,3
POSCAR_Fe2Te2_1_y975,Fe2Te2_1,1.012211,3.099398712389661,3.099398712389661,0.3333333333333333,0.7090830769148029,0.57142848979593,3
POSCAR_Fe2Te2_1_z025,Fe2Te2_1,0.854222,3.176883678477739,3.176883678477739,0.3333333333333332,0.7032603425951827,0.57142848979593,3
POSCAR_Fe2Te2_1_z050,Fe2Te2_1,0.763478,3.2543686414718893,3.2543686414718893,0.3333333333333332,0.6930836524030385,0.57142848979593,3
POSCAR_Fe2Te2_1_z950,Fe2Te2_1,1.033696,2.9444287905521267,2.9444287905521267,0.3333333333333332,0.7340370171893997,0.57142848979593,3
POSCAR_Fe2Te2_1_z975,Fe2Te2_1,0.985148,3.021913753055589,3.021913753055589,0.3333333333333332,0.7237464114455536,0.57142848979593,3
POSCAR_Fe2Te4_1,Fe2Te4_1,0.362934,4.916449630777854,4.288979344086077,0.1840462349116369,0.4454650153586266,0.57142848979593,3
POSCAR_Fe2Te4_1_st025,Fe2Te4_1,0.357061,5.03936087154727,4.396203827688229,0.1840462349116362,0.445465015358631,0.57142848979593,3
POSCAR_Fe2Te4_1_st050,Fe2Te4_1,0.30419,5.162272112316717,4.5034283112903815,0.1840462349116362,0.4454650153586311,0.57142848979593,3
POSCAR_Fe2Te4_1_st950,Fe2Te4_1,0.530094,4.670627149238934,4.074530376881772,0.1840462349116362,0.4454650153586308,0.57142848979593,3
POSCAR_Fe2Te4_1_st975,Fe2Te4_1,0.411459,4.793538390008379,4.181754860483924,0.1840462349116361,0.4454650153586312,0.57142848979593,3
POSCAR_Fe2Te4_1_x025,Fe2Te4_1,0.344566,4.940024915474554,4.396203827737757,0.1840462349116368,0.4371661753538196,0.57142848979593,3
POSCAR_Fe2Te4_1_x050,Fe2Te4_1,0.329021,4.964067355825185,4.5034283112971965,0.1840462349116369,0.4290133494166809,0.57142848979593,3
POSCAR_Fe2Te4_1_x950,Fe2Te4_1,0.434914,4.87072752732309,4.074530376859342,0.1840462349116369,0.4624901143529034,0.57142848979593,3
POSCAR_Fe2Te4_1_x975,Fe2Te4_1,0.396656,4.893348253692322,4.18175486051878,0.1840462349116369,0.4539073873151336,0.57142848979593,3
POSCAR_Fe2Te4_1_y025,Fe2Te4_1,0.342595,4.957257561592691,4.28897934407827,0.1840462349116369,0.4492821784882719,0.57142848979593,3
POSCAR_Fe2Te4_1_y050,Fe2Te4_1,0.381224,4.998727685970207,4.28897934407827,0.1840462349116369,0.4530853636659585,0.57142848979593,3
POSCAR_Fe2Te4_1_y950,Fe2Te4_1,0.489238,4.836887119921872,4.288979344078269,0.1840462349116369,0.4378021699679392,0.57142848979593,3
POSCAR_Fe2Te4_1_y975,Fe2Te4_1,0.396082,4.876320518374159,4.28897934407827,0.1840462349116369,0.4416371736369426,0.57142848979593,3
POSCAR_Fe2Te4_1_z025,Fe2Te4_1,0.378912,4.975929473325185,4.28897934407827,0.1840462349116369,0.4500277069900111,0.57142848979593,3
POSCAR_Fe2Te4_1_z050,Fe2Te4_1,0.431177,5.036150082127563,4.288979344078269,0.1840462349116368,0.454616705459461,0.57142848979593,3
POSCAR_Fe2Te4_1_z950,Fe2Te4_1,0.37669,4.799822058203349,4.28897934407827,0.1840462349116368,0.4364373735995777,0.57142848979593,3
POSCAR_Fe2Te4_1_z975,Fe2Te4_1,0.355334,4.85773776507618,4.28897934407827,0.1840462349116369,0.4409332828335857,0.57142848979593,3
POSCAR_Fe2Te6_1,Fe2Te6_1,0.561462,4.753943801172715,4.753943801172715,0.1220200413927292,0.5826810670224127,0.57142848979593,3
POSCAR_Fe2Te6_1_x025,Fe2Te6_1,0.524063,4.80689242419832,4.80689242419832,0.1220200413927292,0.5861686593996049,0.57142848979593,3
POSCAR_Fe2Tl3_1,Fe2Tl3_1,0.014976,2.650692055381769,2.650692055381769,0.3086690000547981,0.0033959951549342,0.1428571224489825,3
POSCAR_Fe2Tl3_1_st050,Fe2Tl3_1,0.011719,2.783226658150848,2.783226658150848,0.3086690000547988,0.0033959951549311,0.1428571224489825,3
POSCAR_Fe2Tl3_1_st950,Fe2Tl3_1,0.013138,2.518157452612672,2.518157452612672,0.3086690000547988,0.003395995154931,0.1428571224489825,3
POSCAR_Fe2Tl3_1_st975,Fe2Tl3_1,0.012752,2.584424753997216,2.584424753997216,0.3086690000547988,0.0033959951549311,0.1428571224489825,3
POSCAR_Fe2Tl3_1_x050,Fe2Tl3_1,0.014245,2.708779607202402,2.708779607202402,0.3086690000547981,0.0033543566824605,0.1428571224489825,3
POSCAR_Fe2Tl3_1_x975,Fe2Tl3_1,0.013005,2.6101059026895945,2.6101059026895945,0.3086690000547981,0.0034169469230349,0.1428571224489825,3
POSCAR_Fe2Tl3_1_y025,Fe2Tl3_1,0.013808,2.650692182032035,2.650692182032035,0.3086690000547982,0.0034166523656851,0.1428571224489825,3
POSCAR_Fe2Tl3_1_y950,Fe2Tl3_1,0.012803,2.6506918129173087,2.6506918129173087,0.3086690000547981,0.0033527908152733,0.1428571224489825,3
POSCAR_Fe2Tl3_1_y975,Fe2Tl3_1,0.016797,2.6506919323523044,2.6506919323523044,0.3086690000547981,0.0033747118692931,0.1428571224489825,3
POSCAR_Fe2Tl3_1_z025,Fe2Tl3_1,0.01172,2.6765107134489567,2.6765107134489567,0.3086690000547981,0.0033961643462496,0.1428571224489825,3
POSCAR_Fe2Tl3_1_z050,Fe2Tl3_1,0.013494,2.697114220373126,2.697114220373126,0.308669000054798,0.0033967714189948,0.1428571224489825,3
POSCAR_Fe2Tl3_1_z950,Fe2Tl3_1,0.014759,2.5762692124911952,2.5762692124911952,0.3086690000547981,0.0033970514485174,0.1428571224489825,3
POSCAR_Fe2Tl3_1_z975,Fe2Tl3_1,0.014278,2.6133564664707287,2.6133564664707287,0.3086690000547982,0.0033962840489995,0.1428571224489825,3
POSCAR_Ga2Ru2_4,Ga2Ru2_4,0.296751,3.657001681818359,3.1080206835669166,0.3333333333333332,0.4907021940075937,0.1428571224489825,3
POSCAR_Ga2Ru2_4_st025,Ga2Ru2_4,0.243899,3.7484267238638416,3.185721200656089,0.3333333333333333,0.4907021940075936,0.1428571224489825,3
POSCAR_Ga2Ru2_4_x025,Ga2Ru2_4,0.284841,3.6570016819416375,3.1080206835877537,0.3333333333333333,0.4969887175809736,0.1428571224489825,3
POSCAR_Ga2Ru2_4_x050,Ga2Ru2_4,0.255782,3.657001682066736,3.108020683587753,0.3333333333333333,0.5033460103871344,0.1428571224489825,3
POSCAR_Ga2Ru2_4_x950,Ga2Ru2_4,0.340839,3.657001681586199,2.95276833984485,0.3333333333333333,0.4783760432859881,0.1428571224489825,3
POSCAR_Ga2Ru2_4_x975,Ga2Ru2_4,0.271386,3.657001681701369,3.0304727698487017,0.3333333333333333,0.4844950246772109,0.1428571224489825,3
POSCAR_Ga2Ru2_4_y025,Ga2Ru2_4,0.285189,3.657001682921487,3.1081771997524648,0.3333333333333334,0.4969878704230952,0.1428571224489825,3
POSCAR_Ga2Ru2_4_y050,Ga2Ru2_4,0.25587,3.65700168403604,3.1081771997524643,0.3333333333333335,0.5033443371716416,0.1428571224489825,3
POSCAR_Ga2Ru2_4_y950,Ga2Ru2_4,0.340509,3.657001679655305,2.95261964943437,0.3333333333333334,0.4783777945500655,0.1428571224489825,3
POSCAR_Ga2Ru2_4_y975,Ga2Ru2_4,0.271766,3.6570016807311183,3.030320166511061,0.3333333333333333,0.4844958913812803,0.1428571224489825,3
POSCAR_Ga2Ru2_4_z025,Ga2Ru2_4,0.315792,3.748426722678623,3.108020683587753,0.3333333333333333,0.4783682673200042,0.1428571224489825,3
POSCAR_Ga2Ru2_4_z975,Ga2Ru2_4,0.184252,3.5655766409838354,3.1080206835877533,0.3333333333333333,0.5033600402133109,0.1428571224489825,3
POSCAR_Ga4Ti2_1,Ga4Ti2_1,0.017872,2.925993366840328,2.925993366840328,0.2500905705930518,1.887644628397808e-06,0.3333332222222592,3
POSCAR_Ge2Mn2_2,Ge2Mn2_2,0.872173,2.8837771886399217,2.8837771886399217,0.3333333333333333,0.7139840919151034,0.333333277777787,3
POSCAR_Ge2Mn2_2_st025,Ge2Mn2_2,0.711603,2.9558716183559195,2.9558716183559195,0.3333333333333333,0.7139840919151033,0.333333277777787,3
POSCAR_Ge2Mn2_2_st050,Ge2Mn2_2,0.570749,3.0279660480719173,3.0279660480719173,0.3333333333333333,0.7139840919151034,0.333333277777787,3
POSCAR_Ge2Mn2_2_st950,Ge2Mn2_2,1.305334,2.7395883292079253,2.7395883292079253,0.3333333333333333,0.7139840919151033,0.333333277777787,3
POSCAR_Ge2Mn2_2_st975,Ge2Mn2_2,1.011471,2.811682758923924,2.811682758923924,0.3333333333333332,0.7139840919151035,0.333333277777787,3
POSCAR_Ge2Mn2_2_x025,Ge2Mn2_2,0.845483,2.883777178688499,2.883777178688499,0.3333333333333333,0.7191231959596888,0.333333277777787,3
POSCAR_Ge2Mn2_2_x050,Ge2Mn2_2,0.818675,2.8837771688095084,2.8837771688095084,0.3333333333333333,0.7243168373540622,0.333333277777787,3
POSCAR_Ge2Mn2_2_x975,Ge2Mn2_2,0.974748,2.883777198589145,2.883777198589145,0.3333333333333333,0.7089086552782903,0.333333277777787,3
POSCAR_Ge2Mn2_2_y025,Ge2Mn2_2,0.848769,2.8837771833937103,2.8837771833937103,0.3333333333333333,0.7191163014086397,0.333333277777787,3
POSCAR_Ge2Mn2_2_y050,Ge2Mn2_2,0.821548,2.883777178173945,2.883777178173945,0.3333333333333332,0.7243034195047088,0.333333277777787,3
POSCAR_Ge2Mn2_2_y950,Ge2Mn2_2,1.057417,2.883777199062394,2.883777199062394,0.3333333333333334,0.7039211447510672,0.333333277777787,3
POSCAR_Ge2Mn2_2_y975,Ge2Mn2_2,0.970199,2.883777193837933,2.883777193837933,0.3333333333333333,0.7089159027811627,0.333333277777787,3
POSCAR_Ge2Mn2_2_z025,Ge2Mn2_2,0.8239,2.955871633570144,2.955871633570144,0.3333333333333334,0.7037934541073848,0.333333277777787,3
POSCAR_Ge2Mn2_2_z950,Ge2Mn2_2,0.788916,2.7395882989296334,2.7395882989296334,0.3333333333333333,0.7344658525560239,0.333333277777787,3
POSCAR_Ge2Mn2_2_z975,Ge2Mn2_2,0.754696,2.811682743750519,2.811682743750519,0.3333333333333333,0.7242114526390341,0.333333277777787,3
POSCAR_Ge2Mn2_3,Ge2Mn2_3,0.099559,3.0968698485316817,3.0968698485316817,0.7157407379951981,0.0005174066266495,0.333333277777787,2
POSCAR_Ge2Mn2_3_st025,Ge2Mn2_3,0.092829,3.174291594744974,3.174291594744974,0.7157407379951988,0.0005174066266495,0.333333277777787,2
POSCAR_Ge2Mn2_3_st975,Ge2Mn2_3,0.09481,3.019448102318389,3.019448102318389,1.0,0.0005174066266495,0.333333277777787,2
POSCAR_Ge2Mn2_3_x950,Ge2Mn2_3,0.10182,3.0113341372894737,3.0113341372894737,0.6871474092101784,0.0005442087316253,0.333333277777787,2
POSCAR_Ge2Mn2_3_x975,Ge2Mn2_3,0.095609,3.0535695144527697,3.0535695144527697,0.7052302357775218,0.0005305881061367,0.333333277777787,2
POSCAR_Ge2Mn2_3_y050,Ge2Mn2_3,0.090781,3.09722813231188,3.09722813231188,0.7515277748957712,0.0004928789808416,0.333333277777787,2
POSCAR_Ge2Mn2_3_y975,Ge2Mn2_3,0.109442,3.0681831983510848,3.0681831983510848,0.7233130623348213,0.0005302769363239,0.333333277777787,2
POSCAR_Ge2Mn2_3_z975,Ge2Mn2_3,0.098331,3.0397657036995853,3.0397657036995853,0.7340930646141507,0.000492195291855,0.333333277777787,2
POSCAR_Ge2Mo2_2,Ge2Mo2_2,0.569971,3.57198859827084,3.289259134381571,0.3333333333333333,0.5306675012303804,0.399999920000016,3
POSCAR_Ge2Mo2_2_st050,Ge2Mo2_2,0.421867,3.750588028184384,3.4537220911006496,0.3333333333333332,0.5306675012303802,0.399999920000016,3
POSCAR_Ge2Mo2_2_st950,Ge2Mo2_2,0.327894,3.3933891683572988,3.124796177662492,0.3333333333333333,0.5306675012303805,0.399999920000016,3
POSCAR_Ge2Mo2_2_st975,Ge2Mo2_2,0.443044,3.482688883314069,3.2070276560220314,0.3333333333333333,0.5306675012303804,0.399999920000016,3
POSCAR_Ge2Mo2_2_x025,Ge2Mo2_2,0.635887,3.571988598271143,3.289443180044516,0.3333333333333332,0.536928897742101,0.399999920000016,3
POSCAR_Ge2Mo2_2_x050,Ge2Mo2_2,0.635864,3.57198859829432,3.289443180044516,0.3333333333333333,0.5432549597939278,0.399999920000016,3
POSCAR_Ge2Mo2_2_x950,Ge2Mo2_2,0.462079,3.571988598202492,3.1247961776528745,0.3333333333333333,0.5183743742156528,0.399999920000016,3
POSCAR_Ge2Mo2_2_x975,Ge2Mo2_2,0.550519,3.571988598225229,3.207027656009508,0.3333333333333333,0.5244796168766692,0.399999920000016,3
POSCAR_Ge2Mo2_2_y025,Ge2Mo2_2,0.635646,3.5719885982568376,3.289259134366143,0.3333333333333333,0.5369295769253861,0.399999920000016,3
POSCAR_Ge2Mo2_2_y050,Ge2Mo2_2,0.635589,3.571988598265592,3.2892591343661426,0.3333333333333333,0.543256279448249,0.399999920000016,3
POSCAR_Ge2Mo2_2_y950,Ge2Mo2_2,0.461577,3.571988598230749,3.124971021099264,0.3333333333333332,0.5183729086472354,0.399999920000016,3
POSCAR_Ge2Mo2_2_y975,Ge2Mo2_2,0.551103,3.5719885982394164,3.207207100546864,0.3333333333333333,0.524478901160428,0.399999920000016,3
POSCAR_Ge2Mo2_2_z025,Ge2Mo2_2,0.474775,3.661288313207711,3.289259134366143,0.3333333333333333,0.5183514913137445,0.399999920000016,3
POSCAR_Ge2Mo2_2_z050,Ge2Mo2_2,0.365801,3.750588028117411,3.2892591343661426,0.3333333333333334,0.5063106272286004,0.399999920000016,3
POSCAR_Ge2Mo2_2_z950,Ge2Mo2_2,0.564233,3.393389168429269,3.289259134366143,0.3333333333333333,0.5561152925595891,0.399999920000016,3
POSCAR_Ge2Mo2_2_z975,Ge2Mo2_2,0.584401,3.4826888833386382,3.2892591343661426,0.3333333333333333,0.5432565442154644,0.399999920000016,3
POSCAR_Ge2Ru2_2,Ge2Ru2_2,0.203586,3.7461594508920855,3.0391013184480915,0.3333333333333333,0.4673090269432673,0.285714244897965,3
POSCAR_Ge2Ru2_2_st025,Ge2Ru2_2,0.279796,3.839813437164361,3.115078851409294,0.3333333333333335,0.4673090269432675,0.285714244897965,3
POSCAR_Ge2Ru2_2_st050,Ge2Ru2_2,0.30688,3.9334674234366633,3.191056384370497,0.3333333333333333,0.4673090269432673,0.285714244897965,3
POSCAR_Ge2Ru2_2_st950,Ge2Ru2_2,0.136835,3.558851478347457,2.8871462525256866,0.3333333333333333,0.4673090269432673,0.285714244897965,3
POSCAR_Ge2Ru2_2_st975,Ge2Ru2_2,0.123461,3.6525054646197592,2.9631237854868897,0.3333333333333333,0.4673090269432675,0.285714244897965,3
POSCAR_Ge2Ru2_2_x025,Ge2Ru2_2,0.243828,3.74615945092883,3.039452820397674,0.3333333333333333,0.4735716673638037,0.285714244897965,3
POSCAR_Ge2Ru2_2_x050,Ge2Ru2_2,0.305911,3.7461594509627,3.039452820397673,0.3333333333333333,0.4799092802058142,0.285714244897965,3
POSCAR_Ge2Ru2_2_x950,Ge2Ru2_2,0.208214,3.746159450827456,2.8871462525662093,0.3333333333333333,0.4550423811477515,0.285714244897965,3
POSCAR_Ge2Ru2_2_x975,Ge2Ru2_2,0.179111,3.746159450861208,2.9631237855258465,0.3333333333333333,0.461129732351242,0.285714244897965,3
POSCAR_Ge2Ru2_2_y025,Ge2Ru2_2,0.244115,3.7461594509119367,3.0391013184854847,0.3333333333333334,0.4735734406074029,0.285714244897965,3
POSCAR_Ge2Ru2_2_y050,Ge2Ru2_2,0.3061,3.746159450928901,3.0391013184854847,0.3333333333333334,0.4799127745442942,0.285714244897965,3
POSCAR_Ge2Ru2_2_y950,Ge2Ru2_2,0.201745,3.7461594508612,2.887480179330157,0.3333333333333333,0.4550386940372242,0.285714244897965,3
POSCAR_Ge2Ru2_2_y975,Ge2Ru2_2,0.179407,3.7461594508780864,2.9634664998639115,0.3333333333333334,0.4611279108220709,0.285714244897965,3
POSCAR_Ge2Ru2_2_z025,Ge2Ru2_2,0.21286,3.839813437132903,3.0391013184854847,0.3333333333333333,0.4550378063908325,0.285714244897965,3
POSCAR_Ge2Ru2_2_z050,Ge2Ru2_2,0.238089,3.933467423320844,3.0391013184854847,0.3333333333333334,0.4431146092884925,0.285714244897965,3
POSCAR_Ge2Ru2_2_z950,Ge2Ru2_2,0.169089,3.558851478469289,3.0391013184854847,0.3333333333333333,0.492909442375444,0.285714244897965,3
POSCAR_Ge2Ru2_2_z975,Ge2Ru2_2,0.173135,3.652505464657133,3.0391013184854847,0.3333333333333333,0.4799320124213257,0.285714244897965,3
POSCAR_Ge2V2_2,Ge2V2_2,0.013298,3.5701961137944385,3.5701961137944385,0.25,0.0007875510089843,0.4999998750000312,3
POSCAR_Ge2V2_2_st950,Ge2V2_2,0.012515,3.3916863081047204,3.3916863081047204,0.2499999999999999,0.0007875510089874,0.4999998750000312,3
POSCAR_Ge2V2_2_x025,Ge2V2_2,0.012924,3.576524427636929,3.576524427636929,0.25,0.0007829961231177,0.4999998750000312,3
POSCAR_Ge2V2_2_x950,Ge2V2_2,0.012688,3.505443129832592,3.505443129832592,0.25,0.0007966049263831,0.4999998750000312,3
POSCAR_Ge2V2_2_x975,Ge2V2_2,0.013414,3.5407974363326544,3.5407974363326544,0.25,0.0007920879780075,0.4999998750000312,3
POSCAR_Ge2V2_2_y025,Ge2V2_2,0.012934,3.5771703893313305,3.5771703893313305,0.25,0.000782942484728,0.4999998750000312,3
POSCAR_Ge2V2_2_y950,Ge2V2_2,0.012749,3.5048542375629417,3.5048542375629417,0.2500000000000001,0.0007967100273385,0.4999998750000312,3
POSCAR_Ge2V2_2_y975,Ge2V2_2,0.013488,3.540179638021143,3.540179638021143,0.2499999999999999,0.0007921409011786,0.4999998750000312,3
POSCAR_Ge2V2_2_z025,Ge2V2_2,0.012469,3.6233407830982514,3.6233407830982514,0.25,0.0007964477419487,0.4999998750000312,3
POSCAR_Ge2V2_2_z050,Ge2V2_2,0.011599,3.677000968949326,3.677000968949326,0.25,0.0008048536614103,0.4999998750000312,3
POSCAR_Ge2V2_2_z950,Ge2V2_2,0.021388,3.465547962356588,3.465547962356588,0.25,0.00076824190636,0.4999998750000312,3
POSCAR_Ge2V2_3,Ge2V2_3,0.013144,2.920883628019455,2.920883628019455,0.5002712520677491,1.5659627376111778e-06,0.4999998750000312,3
POSCAR_Ge2V2_3_st025,Ge2V2_3,0.012649,2.9939057187199447,2.9939057187199447,0.50027125206775,1.5659627376158003e-06,0.4999998750000312,3
POSCAR_Ge2V2_3_st050,Ge2V2_3,0.011798,3.066927809420432,3.066927809420432,0.50027125206775,1.5659627376159083e-06,0.4999998750000312,3
POSCAR_Ge2V2_3_st950,Ge2V2_3,0.013637,2.774839446618486,2.774839446618486,0.50027125206775,1.5659627376162878e-06,0.4999998750000312,3
POSCAR_Ge2V2_3_st975,Ge2V2_3,0.013696,2.847861537318972,2.847861537318972,0.50027125206775,1.5659627376161243e-06,0.4999998750000312,3
POSCAR_Ge2V2_3_x025,Ge2V2_3,0.012957,2.957932494199252,2.957932494199252,0.5002712520677491,1.5620900824960723e-06,0.4999998750000312,3
POSCAR_Ge2V2_3_x050,Ge2V2_3,0.012554,2.99547938370153,2.99547938370153,0.5002712520677493,1.557937215200981e-06,0.4999998750000312,3
POSCAR_Ge2V2_3_x950,Ge2V2_3,0.01351,2.8483574391595448,2.8483574391595448,0.500271252067749,1.5727615654445894e-06,0.4999998750000312,3
POSCAR_Ge2V2_3_x975,Ge2V2_3,0.01319,2.884351976088891,2.884351976088891,0.5002712520677493,1.5695291637987129e-06,0.4999998750000312,3
POSCAR_Ge2V2_3_y025,Ge2V2_3,0.012226,2.957367600688616,2.957367600688616,0.5002712520677494,1.5460710353442757e-06,0.4999998750000312,3
POSCAR_Ge2V2_3_y050,Ge2V2_3,0.011857,2.9943498717917474,2.9943498717917474,0.5002712520677493,1.5261534804107895e-06,0.4999998750000312,3
POSCAR_Ge2V2_3_y950,Ge2V2_3,0.013562,2.849486878150401,2.849486878150401,0.5002712520677491,1.6055308892596974e-06,0.4999998750000312,3
POSCAR_Ge2V2_3_y975,Ge2V2_3,0.01342,2.884916858876608,2.884916858876608,0.5002712520677493,1.585794957508313e-06,0.4999998750000312,3
POSCAR_Ge2V2_3_z025,Ge2V2_3,0.012888,2.920883624189757,2.920883624189757,0.5002712520677493,1.588937097249756e-06,0.4999998750000312,3
POSCAR_Ge2V2_3_z050,Ge2V2_3,0.012654,2.92088362037066,2.92088362037066,0.5002712520677491,1.6106845551598204e-06,0.4999998750000312,3
POSCAR_Ge2V2_3_z950,Ge2V2_3,0.013975,2.9208836356474808,2.9208836356474808,0.5002712520677491,1.5162951782742029e-06,0.4999998750000312,3
POSCAR_Ge2V2_3_z975,Ge2V2_3,0.013535,2.9208836318281675,2.9208836318281675,0.5002712520677491,1.5417506302422818e-06,0.4999998750000312,3
POSCAR_Ge4V2_1,Ge4V2_1,0.653949,2.7951477736625816,2.7951477736625816,0.435249119837737,0.3237814203998198,0.4999998750000312,3
POSCAR_Ge4V2_1_st025,Ge4V2_1,0.694515,2.865026468004152,2.865026468004152,0.4352491198377382,0.3237814203998202,0.4999998750000312,3
POSCAR_Ge4V2_1_st050,Ge4V2_1,0.718225,2.934905162345716,2.934905162345716,0.2037072382957916,0.569975853464256,0.4999998750000312,3
POSCAR_Ge4V2_1_st950,Ge4V2_1,0.829845,2.655390384979458,2.655390384979458,0.4352491198377382,0.3237814203998201,0.4999998750000312,3
POSCAR_Ge4V2_1_st975,Ge4V2_1,0.828141,2.725269079321022,2.725269079321022,0.4352491198377383,0.3237814203998203,0.4999998750000312,3
POSCAR_I4Mn2_1,I4Mn2_1,0.414418,5.448750595194917,4.344023178612322,0.1584331140738987,0.7395043142748444,0.8333331944444675,3
POSCAR_I4Mn2_1_st025,I4Mn2_1,0.59273,5.58496936007479,4.45262375807763,0.1584331140738986,0.7395043142748451,0.8333331944444675,3
POSCAR_I4Mn2_1_st050,I4Mn2_1,0.516443,5.721188124954663,4.561224337542938,0.1584331140738986,0.7395043142748445,0.8333331944444675,3
POSCAR_I4Mn2_1_st950,I4Mn2_1,0.397,5.1763130654351714,4.126822019681707,0.1584331140738987,0.7395043142748449,0.8333331944444675,3
POSCAR_I4Mn2_1_st975,I4Mn2_1,0.378012,5.312531830315045,4.235422599147015,0.1584331140738987,0.7395043142748446,0.8333331944444675,3
POSCAR_I4Mn2_1_x025,I4Mn2_1,0.5629,5.470616224637091,4.452623758081278,0.1584331140738987,0.743968733195281,0.8333331944444675,3
POSCAR_I4Mn2_1_x050,I4Mn2_1,0.516476,5.492931428205441,4.5612243374954575,0.1584331140738987,0.748443061603429,0.8333331944444675,3
POSCAR_I4Mn2_1_x950,I4Mn2_1,0.507082,5.4063897658383295,4.126822019638746,0.1584331140738986,0.7306190716115553,0.8333331944444675,3
POSCAR_I4Mn2_1_x975,I4Mn2_1,0.653102,5.427339973675348,4.235422599152922,0.1584331140738987,0.7350532258219091,0.8333331944444675,3
POSCAR_I4Mn2_1_y025,I4Mn2_1,0.628649,5.506390290022852,4.344023178567101,0.1584331140738986,0.7304365311690102,0.8333331944444675,3
POSCAR_I4Mn2_1_y050,I4Mn2_1,0.642855,5.564834242073784,4.3440231785671015,0.1584331140738987,0.721158382903388,0.8333331944444675,3
POSCAR_I4Mn2_1_y950,I4Mn2_1,0.351711,5.335969736026013,4.3440231785671015,0.1584331140738987,0.7295718878978187,0.8333331944444675,3
POSCAR_I4Mn2_1_y975,I4Mn2_1,0.580285,5.3919409499044,4.3440231785671015,0.1584331140738987,0.7345445317106378,0.8333331944444675,3
POSCAR_I4Mn2_1_z025,I4Mn2_1,0.628588,5.506512227771843,4.3440231785671015,0.1584331140738986,0.7301353320714528,0.8333331944444675,3
POSCAR_I4Mn2_1_z050,I4Mn2_1,0.642721,5.565060144135432,4.3440231785671015,0.1584331140738987,0.7208530935691149,0.8333331944444675,3
POSCAR_I4Mn2_1_z950,I4Mn2_1,0.351158,5.335745694658331,4.3440231785671015,0.1584331140738987,0.7298680001206483,0.8333331944444675,3
POSCAR_I4Mn2_1_z975,I4Mn2_1,0.580291,5.391819555269874,4.3440231785671015,0.1584331140738986,0.7348410672091058,0.8333331944444675,3
POSCAR_I4Nb2_1,I4Nb2_1,0.218281,5.43741388272516,4.5401767994848194,0.1589088297863577,0.7467113734283843,1.249999687500078,3
POSCAR_I4Nb2_1_st025,I4Nb2_1,0.205958,5.573349229793301,4.653681219471938,0.1589088297863577,0.7467113734283894,1.249999687500078,3
POSCAR_I4Nb2_1_st050,I4Nb2_1,0.176468,5.709284576861431,4.76718563945906,0.1589088297863577,0.7467113734283896,1.249999687500078,3
POSCAR_I4Nb2_1_st950,I4Nb2_1,0.31313,5.165543188588913,4.3131679595105785,0.1589088297863577,0.7467113734283892,1.249999687500078,3
POSCAR_I4Nb2_1_st975,I4Nb2_1,0.259201,5.301478535657043,4.426672379497699,0.1589088297863576,0.7467113734283896,1.249999687500078,3
POSCAR_I4Nb2_1_x025,I4Nb2_1,0.219754,5.46133304353736,4.653681219483964,0.1589088297863578,0.751537409402422,1.249999687500078,3
POSCAR_I4Nb2_1_x050,I4Nb2_1,0.253668,5.485734603352292,4.76718563949577,0.1589088297863578,0.7563644382961116,1.249999687500078,3
POSCAR_I4Nb2_1_x950,I4Nb2_1,0.220003,5.391048312641679,4.3131679595485535,0.1589088297863578,0.7370767667074645,1.249999687500078,3
POSCAR_I4Nb2_1_x975,I4Nb2_1,0.218603,5.413983514694767,4.426672379460359,0.1589088297863577,0.7418898957247936,1.249999687500078,3
POSCAR_I4Nb2_1_y025,I4Nb2_1,0.19973,5.494075581990806,4.540176799472162,0.1589088297863577,0.7405601925743158,1.249999687500078,3
POSCAR_I4Nb2_1_y050,I4Nb2_1,0.179192,5.551536788351156,4.540176799472162,0.1589088297863578,0.7313132352564116,1.249999687500078,3
POSCAR_I4Nb2_1_y950,I4Nb2_1,0.250973,5.326590703536348,4.540176799472161,0.1589088297863578,0.7375126950620466,1.249999687500078,3
POSCAR_I4Nb2_1_y975,I4Nb2_1,0.235515,5.381576944209177,4.540176799472161,0.1589088297863577,0.7421141993089927,1.249999687500078,3
POSCAR_I4Nb2_1_z025,I4Nb2_1,0.200269,5.493827339523649,4.540176799472162,0.1589088297863578,0.7373299739284258,1.249999687500078,3
POSCAR_I4Nb2_1_z050,I4Nb2_1,0.180258,5.551039216858097,4.540176799472161,0.1589088297863578,0.728026178222926,1.249999687500078,3
POSCAR_I4Nb2_1_z950,I4Nb2_1,0.249824,5.327083335102172,4.540176799472162,0.1589088297863578,0.7406590920958034,1.249999687500078,3
POSCAR_I4Nb2_1_z975,I4Nb2_1,0.234984,5.381823954067281,4.540176799472162,0.1589088297863578,0.7452753042037452,1.249999687500078,3
POSCAR_I4Ni2_1,I4Ni2_1,0.192964,4.320709730983612,4.320709730983612,0.0359220181771419,0.1395667187566476,0.5555554938271674,3
POSCAR_I4Ni2_1_st025,I4Ni2_1,0.164717,4.428727474258189,4.428727474258189,0.0359220181771416,0.1395667187566581,0.5555554938271674,3
POSCAR_I4Ni2_1_st050,I4Ni2_1,0.138204,4.536745217532779,4.536745217532779,0.0359220181771416,0.139566718756658,0.5555554938271674,3
POSCAR_I4Ni2_1_st950,I4Ni2_1,0.206028,4.104674244434419,4.104674244434419,0.0359220181771416,0.1395667187566582,0.5555554938271674,3
POSCAR_I4Ni2_1_st975,I4Ni2_1,0.212684,4.212691987709009,4.212691987709009,0.0359220181771416,0.1395667187566582,0.5555554938271674,3
POSCAR_I4Ni2_1_x025,I4Ni2_1,0.191067,4.321501445830379,4.321501445830379,0.035922018177142,0.1386916027956668,0.5555554938271674,3
POSCAR_I4Ni2_1_x975,I4Ni2_1,0.20446,4.222648437063975,4.222648437063975,0.0359220181771419,0.1404601482429225,0.5555554938271674,3
POSCAR_I4Ni2_1_y025,I4Ni2_1,0.193626,4.320798534612381,4.320798534612381,0.0359220181771419,0.1386941441010709,0.5555554938271674,3
POSCAR_I4Ni2_1_y975,I4Ni2_1,0.200746,4.217133958628282,4.217133958628282,0.035922018177142,0.1404566641208012,0.5555554938271674,3
POSCAR_I4Ni2_1_z025,I4Ni2_1,0.173823,4.322595069506148,4.322595069506148,0.0359220181771419,0.1413174745541203,0.5555554938271674,3
POSCAR_I4Ni2_1_z050,I4Ni2_1,0.167596,4.326381379748158,4.326381379748158,0.035922018177142,0.1430326664142208,0.5555554938271674,3
POSCAR_I4Ni2_1_z950,I4Ni2_1,0.212358,4.171983043856178,4.171983043856178,0.035922018177142,0.1359894311587358,0.5555554938271674,3
POSCAR_I4Ni2_1_z975,I4Ni2_1,0.205804,4.2474226092724745,4.2474226092724745,0.0359220181771419,0.1377878986918013,0.5555554938271674,3
POSCAR_I4Rh2_1,I4Rh2_1,0.333762,5.425745140831829,3.9816409747230974,0.152935287898524,0.7510508293209421,0.6249999218750099,3
POSCAR_I4Rh2_1_x025,I4Rh2_1,0.319593,5.444190195902595,4.08118199912916,0.1529352878985239,0.7541889300477956,0.6249999218750099,3
POSCAR_I4Rh2_1_x050,I4Rh2_1,0.328146,5.463026110628429,4.180723023459144,0.152935287898524,0.7573620621183128,0.6249999218750099,3
POSCAR_I4Rh2_1_x950,I4Rh2_1,0.324707,5.39004357516309,3.782558925939215,0.152935287898524,0.7448910964306864,0.6249999218750099,3
POSCAR_I4Rh2_1_x975,I4Rh2_1,0.298322,5.407694944923715,3.882099950369213,0.1529352878985239,0.7479505891593035,0.6249999218750099,3
POSCAR_I4Rh2_1_y025,I4Rh2_1,0.321026,5.484679340323447,3.9816409746991854,0.1529352878985239,0.7429692806976066,0.6249999218750099,3
POSCAR_I4Rh2_1_y050,I4Rh2_1,0.30681,5.544418604189878,3.981640974699186,0.1529352878985239,0.734974346010751,0.6249999218750099,3
POSCAR_I4Rh2_1_y950,I4Rh2_1,0.312872,5.310398783969076,3.9816409746991854,0.1529352878985239,0.7416903722942265,0.6249999218750099,3
POSCAR_I4Rh2_1_y975,I4Rh2_1,0.32213,5.367642523428469,3.981640974699186,0.1529352878985239,0.7467203447841166,0.6249999218750099,3
POSCAR_I4Rh2_1_z025,I4Rh2_1,0.321186,5.4850294313726735,3.981640974699186,0.1529352878985239,0.7436651035016447,0.6249999218750099,3
POSCAR_I4Rh2_1_z050,I4Rh2_1,0.307126,5.545119737095902,3.981640974699186,0.1529352878985239,0.7356846133228537,0.6249999218750099,3
POSCAR_I4Rh2_1_z950,I4Rh2_1,0.314737,5.309702231664961,3.9816409746991854,0.1529352878985239,0.7410042521805117,0.6249999218750099,3
POSCAR_I4Rh2_1_z975,I4Rh2_1,0.322891,5.367293573889918,3.9816409746991854,0.152935287898524,0.7460367083378268,0.6249999218750099,3
POSCAR_I4Ti2_1,I4Ti2_1,0.080827,5.4707981022734105,4.385383423674822,0.1589964387983844,0.7370639774328193,1.666666111111296,3
POSCAR_I4Ti2_1_st025,I4Ti2_1,0.060738,5.607568054830237,4.495018009266692,0.1589964387983845,0.7370639774328285,1.666666111111296,3
POSCAR_I4Ti2_1_st050,I4Ti2_1,0.069459,5.744338007387074,4.604652594858564,0.1589964387983845,0.7370639774328284,1.666666111111296,3
POSCAR_I4Ti2_1_st975,I4Ti2_1,0.070806,5.334028149716571,4.275748838082952,0.1589964387983845,0.7370639774328287,1.666666111111296,3
POSCAR_I4Ti2_1_x025,I4Ti2_1,0.095834,5.492952914572366,4.495018009243077,0.1589964387983843,0.7416545595923751,1.666666111111296,3
POSCAR_I4Ti2_1_x050,I4Ti2_1,0.101853,5.515562846594783,4.604652594875825,0.1589964387983843,0.7462523904466446,1.666666111111296,3
POSCAR_I4Ti2_1_x950,I4Ti2_1,0.069829,5.427876013908838,4.166114252444802,0.1589964387983843,0.7279185912036226,1.666666111111296,3
POSCAR_I4Ti2_1_x975,I4Ti2_1,0.059235,5.449103960786268,4.275748838077594,0.1589964387983843,0.7324841032889874,1.666666111111296,3
POSCAR_I4Ti2_1_y025,I4Ti2_1,0.054266,5.528602972552775,4.38538342371034,0.1589964387983843,0.727521311071603,1.666666111111296,3
POSCAR_I4Ti2_1_y050,I4Ti2_1,0.044192,5.587215167197268,4.385383423710341,0.1589964387983843,0.7180656039268417,1.666666111111296,3
POSCAR_I4Ti2_1_y950,I4Ti2_1,0.056076,5.35771449454436,4.38538342371034,0.1589964387983843,0.7304845594770112,1.666666111111296,3
POSCAR_I4Ti2_1_y975,I4Ti2_1,0.055313,5.413826416513286,4.385383423710341,0.1589964387983843,0.7355123735750189,1.666666111111296,3
POSCAR_I4Ti2_1_z025,I4Ti2_1,0.053516,5.528662289966748,4.38538342371034,0.1589964387983843,0.7310406128832092,1.666666111111296,3
POSCAR_I4Ti2_1_z050,I4Ti2_1,0.046923,5.58733390416967,4.385383423710341,0.1589964387983844,0.7216422641765837,1.666666111111296,3
POSCAR_I4Ti2_1_z950,I4Ti2_1,0.055599,5.357596288782634,4.385383423710341,0.1589964387983843,0.7270391148038466,1.666666111111296,3
POSCAR_I4Ti2_1_z975,I4Ti2_1,0.055284,5.413767231323878,4.385383423710341,0.1589964387983844,0.7320579545602096,1.666666111111296,3
POSCAR_I6Nb2_1,I6Nb2_1,0.172142,5.331481604533781,5.331481604533781,0.1088190964582716,0.641806162831891,1.249999687500078,3
POSCAR_I6Nb2_1_st025,I6Nb2_1,0.167922,5.46476864464709,5.46476864464709,0.1088190964582718,0.6418061628318954,1.249999687500078,3
POSCAR_I6Nb2_1_st050,I6Nb2_1,0.18972,5.598055684760434,5.598055684760434,0.1088190964582718,0.6418061628318954,1.249999687500078,3
POSCAR_I6Nb2_1_st950,I6Nb2_1,0.259746,5.064907524307059,5.064907524307059,0.1088190964582718,0.6418061628318952,1.249999687500078,3
POSCAR_I6Nb2_1_st975,I6Nb2_1,0.2289,5.198194564420402,5.198194564420402,0.1088190964582718,0.6418061628318955,1.249999687500078,3
POSCAR_I6Nb2_1_x025,I6Nb2_1,0.186125,5.332497787006042,5.332497787006042,0.1088190964582717,0.646837059685422,1.249999687500078,3
POSCAR_I6Nb2_1_x975,I6Nb2_1,0.209331,5.2694605380842106,5.2694605380842106,0.1088190964582716,0.6368090586287766,1.249999687500078,3
POSCAR_I6Nb2_1_y025,I6Nb2_1,0.188243,5.33222028454263,5.33222028454263,0.1088190964582716,0.6468393243881964,1.249999687500078,3
POSCAR_I6Nb2_1_y975,I6Nb2_1,0.208717,5.269699421988735,5.269699421988735,0.1088190964582716,0.6368066568057694,1.249999687500078,3
POSCAR_I6Nb2_1_z025,I6Nb2_1,0.160022,5.344465399047212,5.344465399047212,0.1088190964582716,0.6317730766045877,1.249999687500078,3
POSCAR_I6Nb2_1_z050,I6Nb2_1,0.175856,5.355391581837831,5.355391581837831,0.1088190964582716,0.6217481452378851,1.249999687500078,3
POSCAR_I6Nb2_1_z950,I6Nb2_1,0.266269,5.191409071436624,5.191409071436624,0.1088190964582716,0.6618431310931215,1.249999687500078,3
POSCAR_I6Nb2_1_z975,I6Nb2_1,0.223632,5.261013270952744,5.261013270952744,0.1088190964582716,0.6518341695854216,1.249999687500078,3
POSCAR_In6Mo2_1,In6Mo2_1,0.027712,4.626548570655719,4.626548570655719,0.41586128780262,0.0015363534326001,0.199999960000008,3
POSCAR_In6Mo2_1_x950,In6Mo2_1,0.026475,4.550072671533242,4.550072671533242,0.4158612878026201,0.0015871252855473,0.199999960000008,3
POSCAR_In6Mo2_1_y050,In6Mo2_1,0.026808,4.656862300404568,4.656862300404568,0.4158612878026199,0.0015744227887497,0.199999960000008,3
POSCAR_In8Mn2_3,In8Mn2_3,0.30061,4.460547138027213,4.460547138027213,0.1481967335091972,0.1331630453289484,0.1666666388888935,3
POSCAR_In8Mn2_3_st025,In8Mn2_3,0.338828,4.572060816477934,4.572060816477934,0.1481967335091981,0.1331630453289455,0.1666666388888935,3
POSCAR_In8Mn2_3_st050,In8Mn2_3,0.324021,4.683574494928616,4.683574494928616,0.1481967335091981,0.1331630453289455,0.1666666388888935,3
POSCAR_In8Mn2_3_st950,In8Mn2_3,0.301508,4.23751978112589,4.23751978112589,0.1481967335091981,0.1331630453289455,0.1666666388888935,3
POSCAR_In8Mn2_3_st975,In8Mn2_3,0.285472,4.349033459576572,4.349033459576572,0.1481967335091981,0.1331630453289454,0.1666666388888935,3
POSCAR_In8Mn2_3_x025,In8Mn2_3,0.35849,4.51651094716972,4.51651094716972,0.1481967335091973,0.1345025392906234,0.1666666388888935,3
POSCAR_In8Mn2_3_x050,In8Mn2_3,0.388345,4.573146470625207,4.573146470625207,0.1481967335091973,0.1358376297108207,0.1666666388888935,3
POSCAR_In8Mn2_3_x950,In8Mn2_3,0.326536,4.3507380367056,4.3507380367056,0.1481967335091973,0.130475423663796,0.1666666388888935,3
POSCAR_In8Mn2_3_x975,In8Mn2_3,0.287352,4.405280643389972,4.405280643389972,0.1481967335091973,0.1318202736648721,0.1666666388888935,3
POSCAR_In8Mn2_3_y025,In8Mn2_3,0.358602,4.51678561265821,4.51678561265821,0.1481967335091973,0.1345130539499925,0.1666666388888935,3
POSCAR_In8Mn2_3_y050,In8Mn2_3,0.389164,4.573695680041817,4.573695680041817,0.1481967335091973,0.1358585894580838,0.1666666388888935,3
POSCAR_In8Mn2_3_y950,In8Mn2_3,0.326602,4.3501888439746255,4.3501888439746255,0.1481967335091973,0.1304542193132604,0.1666666388888935,3
POSCAR_In8Mn2_3_y975,In8Mn2_3,0.287483,4.405005978789395,4.405005978789395,0.1481967335091972,0.1318096976817589,0.1666666388888935,3
POSCAR_In8Mn2_3_z025,In8Mn2_3,0.290864,4.460547131933256,4.460547131933256,0.1481967335091973,0.1304909002793957,0.1666666388888935,3
POSCAR_In8Mn2_3_z050,In8Mn2_3,0.277931,4.46054712584518,4.46054712584518,0.1481967335091973,0.1278617829586858,0.1666666388888935,3
POSCAR_In8Mn2_3_z975,In8Mn2_3,0.304418,4.460547144197401,4.460547144197401,0.1481967335091973,0.1358767794133677,0.1666666388888935,3
POSCAR_Mn2N2_2,Mn2N2_2,0.464386,3.349894738790639,3.19923138926614,0.0833333333333333,0.7595386199113994,0.4999999166666805,3
POSCAR_Mn2N2_2_st025,Mn2N2_2,0.472685,3.433642107260404,3.2792121739977933,0.0833333333333333,0.7595386199113998,0.4999999166666805,3
POSCAR_Mn2N2_2_st050,Mn2N2_2,0.47309,3.517389475730171,3.359192958729447,0.0833333333333333,0.7595386199114,0.4999999166666805,3
POSCAR_Mn2N2_2_st950,Mn2N2_2,0.5519,3.1824000018511067,3.039269819802833,0.0833333333333333,0.7595386199113995,0.4999999166666805,3
POSCAR_Mn2N2_2_st975,Mn2N2_2,0.507699,3.2661473703208723,3.1192506045344865,0.0833333333333333,0.7595386199113995,0.4999999166666805,3
POSCAR_Mn2N2_2_x025,Mn2N2_2,0.46863,3.3622605897795745,3.199231389277477,0.0833333333333333,0.7569804700755639,0.4999999166666805,3
POSCAR_Mn2N2_2_x050,Mn2N2_2,0.466563,3.3625651190493406,3.199231389277477,0.0833333333333333,0.7543483140675922,0.4999999166666805,3
POSCAR_Mn2N2_2_x950,Mn2N2_2,0.513671,3.301090576799109,3.052285491843202,0.0833333333333333,0.7502325095541515,0.4999999166666805,3
POSCAR_Mn2N2_2_x975,Mn2N2_2,0.489043,3.325156372407795,3.132608794262831,0.0833333333333332,0.756158781655534,0.4999999166666805,3
POSCAR_Mn2N2_2_y025,Mn2N2_2,0.470652,3.349999384097787,3.212932096682217,0.0833333333333333,0.7595170021633073,0.4999999166666805,3
POSCAR_Mn2N2_2_y050,Mn2N2_2,0.469483,3.3503139131328545,3.212932096682217,0.0833333333333333,0.756882140300643,0.4999999166666805,3
POSCAR_Mn2N2_2_y950,Mn2N2_2,0.506079,3.3126975790923376,3.0392698198220702,0.0833333333333333,0.7478608855667853,0.4999999166666805,3
POSCAR_Mn2N2_2_y975,Mn2N2_2,0.477805,3.3370995263828305,3.119250604524776,0.0833333333333333,0.7537023700784083,0.4999999166666805,3
POSCAR_Mn2N2_2_z025,Mn2N2_2,0.467926,3.40879295347538,3.199231389277477,0.0833333333333333,0.7562530722491005,0.4999999166666805,3
POSCAR_Mn2N2_2_z050,Mn2N2_2,0.465246,3.4681166948169344,3.199231389277477,0.0833333333333333,0.7529999520101972,0.4999999166666805,3
POSCAR_Mn2N2_2_z950,Mn2N2_2,0.462139,3.2334677354201955,3.199231389277477,0.0833333333333333,0.7662285016323352,0.4999999166666805,3
POSCAR_Mn2N2_2_z975,Mn2N2_2,0.469589,3.2914448944153243,3.199231389277477,0.0833333333333333,0.7628618265831645,0.4999999166666805,3
POSCAR_Mn2N2_3,Mn2N2_3,0.951758,2.744961518815401,2.744961518815401,0.5165317678920206,0.7571671224283286,0.4999999166666805,2
POSCAR_Mn2N2_3_st025,Mn2N2_3,0.950584,2.8135855567857857,2.8135855567857857,0.5165317678920205,0.7571671224283284,0.4999999166666805,2
POSCAR_Mn2N2_3_st050,Mn2N2_3,0.943564,2.8822095947561714,2.8822095947561714,0.5165317678920207,0.7571671224283286,0.4999999166666805,2
POSCAR_Mn2N2_3_st950,Mn2N2_3,1.061157,2.607713442874632,2.607713442874632,0.5165317678920207,0.7571671224283285,0.4999999166666805,2
POSCAR_Mn2N2_3_st975,Mn2N2_3,0.968497,2.6763374808450155,2.6763374808450155,0.5165317678920206,0.7571671224283285,0.4999999166666805,2
POSCAR_Mn2N2_3_z025,Mn2N2_3,1.030581,2.7997777906304866,2.7997777906304866,0.5160657622577087,0.7405177592305063,0.4999999166666805,2
POSCAR_Mn2N2_3_z050,Mn2N2_3,1.077095,2.855124431788946,2.855124431788946,0.5150546577861018,0.7242055984345154,0.4999999166666805,2
POSCAR_Mn2N2_3_z950,Mn2N2_3,1.008152,2.637052063758986,2.637052063758986,0.5175487779520981,0.7914587743366271,0.4999999166666805,2
POSCAR_Mn2N2_3_z975,Mn2N2_3,0.911785,2.6907080313582896,2.6907080313582896,0.5170252885067287,0.7741493901797357,0.4999999166666805,2
POSCAR_Mn2N2_7,Mn2N2_7,0.012529,3.302461386768885,3.20607381034493,0.0833333333333333,0.0037766543319912,0.4999999166666805,3
POSCAR_Mn2N2_7_st025,Mn2N2_7,0.011816,3.3850229214381065,3.286225655603553,0.0833333333333333,0.0037766543319914,0.4999999166666805,3
POSCAR_Mn2N2_7_st050,Mn2N2_7,0.011117,3.4675844561073297,3.366377500862177,0.0833333333333333,0.0037766543319912,0.4999999166666805,3
POSCAR_Mn2N2_7_st950,Mn2N2_7,0.012034,3.1373383174304403,3.045770119827684,0.0833333333333333,0.0037766543319914,0.4999999166666805,3
POSCAR_Mn2N2_7_st975,Mn2N2_7,0.013105,3.2198998520996627,3.125921965086308,0.0833333333333333,0.0037766543319914,0.4999999166666805,3
POSCAR_Mn2N2_7_x025,Mn2N2_7,0.012438,3.3221357337409647,3.20607381035145,0.0833333333333333,0.0037188502515457,0.4999999166666805,3
POSCAR_Mn2N2_7_x050,Mn2N2_7,0.013094,3.341119666631542,3.20607381035145,0.0833333333333333,0.0036626445840838,0.4999999166666805,3
POSCAR_Mn2N2_7_x950,Mn2N2_7,0.011777,3.26424858630954,3.0698386669869784,0.0833333333333333,0.0038309961189225,0.4999999166666805,3
POSCAR_Mn2N2_7_x975,Mn2N2_7,0.012624,3.283163445688333,3.1506238950190566,0.0833333333333333,0.0038348984893012,0.4999999166666805,3
POSCAR_Mn2N2_7_y025,Mn2N2_7,0.012409,3.3022153786566446,3.2314091231185835,0.0833333333333333,0.0038671699465592,0.4999999166666805,3
POSCAR_Mn2N2_7_y050,Mn2N2_7,0.012113,3.30245097407068,3.231409123118584,0.0833333333333333,0.0039044354731431,0.4999999166666805,3
POSCAR_Mn2N2_7_y950,Mn2N2_7,0.013083,3.283056697879966,3.045770119842905,0.0833333333333333,0.0035859814137564,0.4999999166666805,3
POSCAR_Mn2N2_7_y975,Mn2N2_7,0.012997,3.3014286431872653,3.125921965054636,0.0833333333333333,0.003680761598279,0.4999999166666805,3
POSCAR_Mn2N2_7_z025,Mn2N2_7,0.01224,3.36481175727166,3.2060738103514503,0.0833333333333333,0.0037393940701529,0.4999999166666805,3
POSCAR_Mn2N2_7_z050,Mn2N2_7,0.011831,3.4104110882665863,3.20607381035145,0.0833333333333333,0.0037031701119734,0.4999999166666805,3
POSCAR_Mn2N2_7_z950,Mn2N2_7,0.012938,3.1761230540657523,3.1761230540657523,0.0833333333333333,0.003846442905028,0.4999999166666805,3
POSCAR_Mn2N2_7_z975,Mn2N2_7,0.012873,3.2390924403819192,3.20607381035145,0.0833333333333333,0.0038149875031156,0.4999999166666805,3
POSCAR_Mn2O2_5,Mn2O2_5,0.211714,3.3530004422728235,3.3530004422728235,0.0833333333333333,0.7772959304088837,0.6666665555555741,3
POSCAR_Mn2O2_5_st025,Mn2O2_5,0.178723,3.436825453329644,3.436825453329644,0.0833333333333333,0.7772959304088839,0.6666665555555741,3
POSCAR_Mn2O2_5_st050,Mn2O2_5,0.197917,3.5206504643864647,3.5206504643864647,0.0833333333333333,0.7772959304088839,0.6666665555555741,3
POSCAR_Mn2O2_5_st950,Mn2O2_5,0.235928,3.1853504201591814,3.1853504201591814,0.0833333333333333,0.7772959304088836,0.6666665555555741,3
POSCAR_Mn2O2_5_st975,Mn2O2_5,0.215359,3.269175431216003,3.269175431216003,0.0833333333333333,0.7772959304088841,0.6666665555555741,3
POSCAR_Mn2O2_5_x025,Mn2O2_5,0.203283,3.3531580914409607,3.3531580914409607,0.0833333333333333,0.7741049511237591,0.6666665555555741,3
POSCAR_Mn2O2_5_x050,Mn2O2_5,0.19388,3.3535098241047825,3.3535098241047825,0.0833333333333333,0.7705756672575683,0.6666665555555741,3
POSCAR_Mn2O2_5_x950,Mn2O2_5,0.234062,3.294416167934004,3.294416167934004,0.0833333333333333,0.7648302384374293,0.6666665555555741,3
POSCAR_Mn2O2_5_x975,Mn2O2_5,0.21409,3.3234347742132786,3.3234347742132786,0.0833333333333333,0.7711929863646954,0.6666665555555741,3
POSCAR_Mn2O2_5_y025,Mn2O2_5,0.203245,3.3532977030217466,3.3532977030217466,0.0833333333333333,0.7740665926162106,0.6666665555555741,3
POSCAR_Mn2O2_5_y050,Mn2O2_5,0.193881,3.3536393563979736,3.3536393563979736,0.0833333333333333,0.7705369009949267,0.6666665555555741,3
POSCAR_Mn2O2_5_y950,Mn2O2_5,0.234393,3.2943594547785926,3.2943594547785926,0.0833333333333333,0.7648667721384904,0.6666665555555741,3
POSCAR_Mn2O2_5_y975,Mn2O2_5,0.213477,3.323331022661156,3.323331022661156,0.0833333333333333,0.7712302677135364,0.6666665555555741,3
POSCAR_Mn2O2_5_z025,Mn2O2_5,0.238307,3.4069406257788826,3.4069406257788826,0.0833333333333333,0.7744476337779398,0.6666665555555741,3
POSCAR_Mn2O2_5_z050,Mn2O2_5,0.221644,3.461341356599661,3.461341356599661,0.0833333333333333,0.7716535900042913,0.6666665555555741,3
POSCAR_Mn2O2_5_z950,Mn2O2_5,0.190221,3.246545904564611,3.246545904564611,0.0833333333333333,0.7831804629642918,0.6666665555555741,3
POSCAR_Mn2O2_5_z975,Mn2O2_5,0.200725,3.2995433929391145,3.2995433929391145,0.0833333333333333,0.7802046498460004,0.6666665555555741,3
POSCAR_Mn2O2_6,Mn2O2_6,0.868847,2.7094550120442995,2.7094550120442995,0.3333333333333333,0.6371266283235535,0.6666665555555741,3
POSCAR_Mn2O2_6_st025,Mn2O2_6,0.920812,2.7771913873454066,2.7771913873454066,0.3333333333333333,0.6371266283235532,0.6666665555555741,3
POSCAR_Mn2O2_6_st050,Mn2O2_6,0.904706,2.844927762646515,2.844927762646515,0.3333333333333333,0.6371266283235535,0.6666665555555741,3
POSCAR_Mn2O2_6_st950,Mn2O2_6,0.761793,2.573982261442085,2.573982261442085,0.3333333333333333,0.6371266283235535,0.6666665555555741,3
POSCAR_Mn2O2_6_st975,Mn2O2_6,0.80736,2.641718636743193,2.641718636743193,0.3333333333333333,0.6371266283235533,0.6666665555555741,3
POSCAR_Mn2O2_6_z025,Mn2O2_6,0.92597,2.773898965043929,2.773898965043929,0.3333333333333332,0.6260071372432682,0.6666665555555741,3
POSCAR_Mn2O2_6_z050,Mn2O2_6,0.970816,2.838866791876752,2.838866791876752,0.3333333333333332,0.6149621166266306,0.6666665555555741,3
POSCAR_Mn2O2_6_z950,Mn2O2_6,0.82362,2.5822952994746644,2.5822952994746644,0.3333333333333333,0.6595389863706304,0.6666665555555741,3
POSCAR_Mn2O2_6_z975,Mn2O2_6,0.808567,2.645573216504198,2.645573216504198,0.3333333333333332,0.6483083295343789,0.6666665555555741,3
POSCAR_Mn2O2_7,Mn2O2_7,0.034442,3.291494525631508,3.291494525631508,0.0833333333333333,0.0138244933663145,0.6666665555555741,3
POSCAR_Mn2O2_7_st025,Mn2O2_7,0.032553,3.373781888772295,3.373781888772295,0.0833333333333333,0.0138244933663144,0.6666665555555741,3
POSCAR_Mn2O2_7_st050,Mn2O2_7,0.030727,3.4560692519130827,3.4560692519130827,0.0833333333333333,0.0138244933663144,0.6666665555555741,3
POSCAR_Mn2O2_7_st950,Mn2O2_7,0.032829,3.1269197993499307,3.1269197993499307,0.0833333333333333,0.0138244933663146,0.6666665555555741,3
POSCAR_Mn2O2_7_st975,Mn2O2_7,0.036557,3.2092071624907192,3.2092071624907192,0.0833333333333333,0.0138244933663143,0.6666665555555741,3
POSCAR_Mn2O2_7_x025,Mn2O2_7,0.034154,3.2964460307268544,3.2964460307268544,0.0833333333333333,0.0137862304147771,0.6666665555555741,3
POSCAR_Mn2O2_7_x050,Mn2O2_7,0.034203,3.3019391108274667,3.3019391108274667,0.0833333333333333,0.0137462654196675,0.6666665555555741,3
POSCAR_Mn2O2_7_x950,Mn2O2_7,0.030398,3.258193960254037,3.212732753468613,0.0833333333333333,0.0138952615620953,0.6666665555555741,3
POSCAR_Mn2O2_7_x975,Mn2O2_7,0.032,3.276416589213188,3.276416589213188,0.0833333333333333,0.013860894097355,0.6666665555555741,3
POSCAR_Mn2O2_7_y025,Mn2O2_7,0.03385,3.3000641141362808,3.3000641141362808,0.0833333333333333,0.0138971744696504,0.6666665555555741,3
POSCAR_Mn2O2_7_y050,Mn2O2_7,0.035394,3.3056002935474087,3.3056002935474087,0.0833333333333333,0.013965747526492,0.6666665555555741,3
POSCAR_Mn2O2_7_y950,Mn2O2_7,0.031959,3.2548705298051765,3.211043918222878,0.0833333333333333,0.0136662307207834,0.6666665555555741,3
POSCAR_Mn2O2_7_y975,Mn2O2_7,0.031225,3.2729673457864115,3.2729673457864115,0.0833333333333333,0.0137475605970941,0.6666665555555741,3
POSCAR_Mn2O2_7_z025,Mn2O2_7,0.034785,3.350569421364627,3.350569421364627,0.0833333333333333,0.0137867402870904,0.6666665555555741,3
POSCAR_Mn2O2_7_z050,Mn2O2_7,0.034461,3.410044655407363,3.380046229791621,0.0833333333333333,0.0137483420601209,0.6666665555555741,3
POSCAR_Mn2O2_7_z975,Mn2O2_7,0.035895,3.232841914917059,3.232841914917059,0.0833333333333333,0.0138615798169124,0.6666665555555741,3
POSCAR_Mn2O3_1,Mn2O3_1,0.024486,2.9280188616373986,2.9280188616373986,0.2027267662824066,0.0008131839831677,0.6666665555555741,3
POSCAR_Mn2O3_1_st025,Mn2O3_1,0.022651,3.001219333178333,3.001219333178333,0.2027267662824066,0.0008131839831678,0.6666665555555741,3
POSCAR_Mn2O3_1_st050,Mn2O3_1,0.020586,3.0744198047192675,3.0744198047192675,0.2027267662824066,0.0008131839831677,0.6666665555555741,3
POSCAR_Mn2O3_1_st950,Mn2O3_1,0.029015,2.781617918555528,2.781617918555528,0.2027267662824066,0.0008131839831677,0.6666665555555741,3
POSCAR_Mn2O3_1_st975,Mn2O3_1,0.026296,2.8548183900964625,2.8548183900964625,0.2027267662824066,0.0008131839831678,0.6666665555555741,3
POSCAR_Mn2O3_1_x025,Mn2O3_1,0.024683,2.9385801416313595,2.9385801416313595,0.2027267662824066,0.0008120107457833,0.6666665555555741,3
POSCAR_Mn2O3_1_x050,Mn2O3_1,0.024455,2.9493122508654936,2.9493122508654936,0.2027267662824066,0.0008107871099084,0.6666665555555741,3
POSCAR_Mn2O3_1_x950,Mn2O3_1,0.023374,2.907416205867094,2.907416205867094,0.2027267662824066,0.0008153732862516,0.6666665555555741,3
POSCAR_Mn2O3_1_x975,Mn2O3_1,0.024101,2.917630266033073,2.917630266033073,0.2027267662824066,0.0008143052684046,0.6666665555555741,3
POSCAR_Mn2O3_1_y025,Mn2O3_1,0.02246,2.941710989667675,2.941710989667675,0.2027267662824066,0.0008011016569668,0.6666665555555741,3
POSCAR_Mn2O3_1_y050,Mn2O3_1,0.020102,2.944460133478723,2.944460133478723,0.2027267662824066,0.0007892996737061,0.6666665555555741,3
POSCAR_Mn2O3_1_y950,Mn2O3_1,0.02892,2.888004474420787,2.888004474420787,0.2027267662824066,0.0008382154859388,0.6666665555555741,3
POSCAR_Mn2O3_1_y975,Mn2O3_1,0.026308,2.908578592656833,2.908578592656833,0.2027267662824066,0.0008255531095435,0.6666665555555741,3
POSCAR_Mn2O3_1_z025,Mn2O3_1,0.024407,2.9713183822863782,2.9713183822863782,0.2027267662824066,0.0008264802699863,0.6666665555555741,3
POSCAR_Mn2O3_1_z050,Mn2O3_1,0.024255,3.014828944306624,3.014828944306624,0.2027267662824066,0.0008396216978289,0.6666665555555741,3
POSCAR_Mn2O3_1_z950,Mn2O3_1,0.025109,2.8084621945097914,2.8084621945097914,0.2027267662824066,0.0007861473543167,0.6666665555555741,3
POSCAR_Mn2O3_1_z975,Mn2O3_1,0.024819,2.873597512311606,2.873597512311606,0.2027267662824067,0.0007997377447452,0.6666665555555741,3
POSCAR_Mn2O4_1,Mn2O4_1,0.572136,3.47053370327785,2.946606235721412,0.1582671740884647,0.7538505548834238,0.6666665555555741,3
POSCAR_Mn2O4_1_st025,Mn2O4_1,0.486734,3.557297045859796,3.020271391614447,0.1582671740884647,0.7538505548834237,0.6666665555555741,3
POSCAR_Mn2O4_1_st050,Mn2O4_1,0.436854,3.6440603884417415,3.093936547507482,0.1582671740884647,0.7538505548834236,0.6666665555555741,3
POSCAR_Mn2O4_1_st950,Mn2O4_1,0.648348,3.2970070181139564,2.7992759239353413,0.1582671740884647,0.7538505548834237,0.6666665555555741,3
POSCAR_Mn2O4_1_st975,Mn2O4_1,0.679114,3.383770360695902,2.872941079828376,0.1582671740884647,0.7538505548834238,0.6666665555555741,3
POSCAR_Mn2O4_1_x025,Mn2O4_1,0.4994,3.486328933300726,3.020271391576589,0.1582671740884647,0.7586693116094111,0.6666665555555741,3
POSCAR_Mn2O4_1_x050,Mn2O4_1,0.504164,3.5024402840828426,3.093936547505285,0.1582671740884647,0.7634886180594563,0.6666665555555741,3
POSCAR_Mn2O4_1_x950,Mn2O4_1,0.774428,3.4399089368630973,2.7992759238905056,0.1582671740884647,0.7442293008669676,0.6666665555555741,3
POSCAR_Mn2O4_1_x975,Mn2O4_1,0.663486,3.4550589295141645,2.8729410798192,0.1582671740884647,0.749035943006274,0.6666665555555741,3
POSCAR_Mn2O4_1_y025,Mn2O4_1,0.561157,3.506364376912855,2.946606235747895,0.1582671740884647,0.7454322089628419,0.6666665555555741,3
POSCAR_Mn2O4_1_y050,Mn2O4_1,0.544665,3.542703896618824,2.946606235747895,0.1582671740884647,0.7363989477905009,0.6666665555555741,3
POSCAR_Mn2O4_1_y950,Mn2O4_1,0.573539,3.4004630072467124,2.946606235747895,0.1582671740884647,0.7451769001355711,0.6666665555555741,3
POSCAR_Mn2O4_1_y975,Mn2O4_1,0.576471,3.4352277982349646,2.946606235747895,0.1582671740884647,0.7495137448494409,0.6666665555555741,3
POSCAR_Mn2O4_1_z025,Mn2O4_1,0.562933,3.506349982040685,2.946606235747895,0.1582671740884647,0.744732212162031,0.6666665555555741,3
POSCAR_Mn2O4_1_z050,Mn2O4_1,0.547244,3.5426749996752163,2.946606235747895,0.1582671740884647,0.7356870307242575,0.6666665555555741,3
POSCAR_Mn2O4_1_z950,Mn2O4_1,0.56612,3.400491435260347,2.9466062357478946,0.1582671740884647,0.7458625365508406,0.6666665555555741,3
POSCAR_Mn2O4_1_z975,Mn2O4_1,0.573526,3.435242075951209,2.946606235747895,0.1582671740884647,0.7502007758800335,0.6666665555555741,3
POSCAR_Mn2P2_4,Mn2P2_4,0.056519,4.740518429042379,2.788573968857272,0.3333333333333333,0.0002252224854481,0.4999999166666805,3
POSCAR_Mn2P2_4_st025,Mn2P2_4,0.054543,4.859031389768438,2.858288318078704,0.3333333333333333,0.0002252224854481,0.4999999166666805,3
POSCAR_Mn2P2_4_st050,Mn2P2_4,0.051106,4.977544350494498,2.928002667300136,0.3333333333333334,0.0002252224854481,0.4999999166666805,3
POSCAR_Mn2P2_4_st975,Mn2P2_4,0.058211,4.622005468316322,2.71885961963584,0.3333333333333333,0.0002252224854481,0.4999999166666805,3
POSCAR_Mn2P2_4_x025,Mn2P2_4,0.056087,4.750798118878556,2.788573968822764,0.3333333333333333,0.000230220297071,0.4999999166666805,3
POSCAR_Mn2P2_4_x050,Mn2P2_4,0.055626,4.752642988073949,2.788573968822764,0.3333333333333333,0.0002353515263062,0.4999999166666805,3
POSCAR_Mn2P2_4_y025,Mn2P2_4,0.059016,4.740519538259329,2.790168492744688,0.3333333333333333,0.0002276489243109,0.4999999166666805,3
POSCAR_Mn2P2_4_y050,Mn2P2_4,0.059056,4.7405206553870505,2.790168492744688,0.3333333333333333,0.0002301856815775,0.4999999166666805,3
POSCAR_Mn2P2_4_y950,Mn2P2_4,0.052415,4.712742484097768,2.649145270398072,0.3333333333333332,0.0002207239286205,0.4999999166666805,3
POSCAR_Mn2P2_4_y975,Mn2P2_4,0.055611,4.732025609068377,2.71885961965721,0.3333333333333333,0.0002229121973334,0.4999999166666805,3
POSCAR_Mn2P2_4_z950,Mn2P2_4,0.062197,4.524310971433543,2.788573968822764,0.3333333333333333,0.0002404308351028,0.4999999166666805,3
POSCAR_Mn2P2_4_z975,Mn2P2_4,0.061294,4.63228994152171,2.788573968822764,0.3333333333333333,0.0002326719048665,0.4999999166666805,3
POSCAR_Mn2Pb4_2,Mn2Pb4_2,0.018175,2.92355957510208,2.92355957510208,0.3318522264577762,0.003189092892249,0.333333277777787,3
POSCAR_Mn2Pb4_2_st025,Mn2Pb4_2,0.015905,2.996648564479627,2.996648564479627,0.3318522264577773,0.0031890928922498,0.333333277777787,3
POSCAR_Mn2Pb4_2_st050,Mn2Pb4_2,0.012755,3.0697375538571765,3.0697375538571765,0.3318522264577773,0.0031890928922499,0.333333277777787,3
POSCAR_Mn2Pb4_2_st950,Mn2Pb4_2,0.017425,2.77738159634697,2.77738159634697,0.3318522264577772,0.0031890928922498,0.333333277777787,3
POSCAR_Mn2Pb4_2_st975,Mn2Pb4_2,0.017675,2.850470585724522,2.850470585724522,0.3318522264577772,0.0031890928922497,0.333333277777787,3
POSCAR_Mn2Pb4_2_x025,Mn2Pb4_2,0.017978,2.923584323274948,2.923584323274948,0.3318522264577762,0.0031715391495583,0.333333277777787,3
POSCAR_Mn2Pb4_2_x050,Mn2Pb4_2,0.01663,2.923623857767155,2.923623857767155,0.3318522264577762,0.0031539037153401,0.333333277777787,3
POSCAR_Mn2Pb4_2_x950,Mn2Pb4_2,0.016435,2.923554438990239,2.923554438990239,0.3318522264577762,0.0032136341313777,0.333333277777787,3
POSCAR_Mn2Pb4_2_x975,Mn2Pb4_2,0.017781,2.923549613620807,2.923549613620807,0.3318522264577762,0.0032053656566995,0.333333277777787,3
POSCAR_Mn2Pb4_2_y025,Mn2Pb4_2,0.017416,2.938926051146359,2.938926051146359,0.3318522264577762,0.0032219904735921,0.333333277777787,3
POSCAR_Mn2Pb4_2_y050,Mn2Pb4_2,0.014851,2.954538065557846,2.954538065557846,0.3318522264577762,0.0032507935583379,0.333333277777787,3
POSCAR_Mn2Pb4_2_y950,Mn2Pb4_2,0.013563,2.8935788229963184,2.8935788229963184,0.3318522264577761,0.0031226956429874,0.333333277777787,3
POSCAR_Mn2Pb4_2_y975,Mn2Pb4_2,0.01586,2.9084425292741662,2.9084425292741662,0.3318522264577762,0.0031559841312192,0.333333277777787,3
POSCAR_Mn2Pb4_2_z025,Mn2Pb4_2,0.014705,2.981538392325939,2.981538392325939,0.331852226457776,0.0031737906366322,0.333333277777787,3
POSCAR_Mn2Pb4_2_z050,Mn2Pb4_2,0.013993,3.039804969564005,3.039804969564005,0.331852226457776,0.0031588926191603,0.333333277777787,3
POSCAR_Mn2Pb4_2_z950,Mn2Pb4_2,0.018945,2.8085364186874093,2.8085364186874093,0.3318522264577761,0.0032208868226297,0.333333277777787,3
POSCAR_Mn2Pb4_2_z975,Mn2Pb4_2,0.017125,2.8658859826929324,2.8658859826929324,0.3318522264577762,0.0032047940351226,0.333333277777787,3
POSCAR_Mn2Pb8_1,Mn2Pb8_1,0.273185,5.783094985762031,5.783094985762031,0.1766096697772117,0.2841080241140377,0.333333277777787,3
POSCAR_Mn2Pb8_1_st050,Mn2Pb8_1,0.200637,6.072249735050134,6.072249735050134,0.1766096697772117,0.2841080241140378,0.333333277777787,3
POSCAR_Mn2Pb8_1_st975,Mn2Pb8_1,0.314496,5.63851761111798,5.63851761111798,0.1766096697772118,0.2841080241140377,0.333333277777787,3
POSCAR_Mn2Pb8_1_x025,Mn2Pb8_1,0.264118,5.827251354990568,5.827251354990568,0.1766096697772117,0.2856179246717608,0.333333277777787,3
POSCAR_Mn2Pb8_1_x050,Mn2Pb8_1,0.259227,5.872155973916735,5.872155973916735,0.1766096697772118,0.287126175177294,0.333333277777787,3
POSCAR_Mn2Pb8_1_y025,Mn2Pb8_1,0.268265,5.827537963851582,5.827537963851582,0.1766096697772117,0.2854676305181995,0.333333277777787,3
POSCAR_Mn2Pb8_1_y050,Mn2Pb8_1,0.262315,5.872733461778179,5.872733461778179,0.1766096697772117,0.2868266118037625,0.333333277777787,3
POSCAR_Mn2Pb8_1_y975,Mn2Pb8_1,0.273848,5.73942200896419,5.73942200896419,0.1766096697772118,0.2827489189798997,0.333333277777787,3
POSCAR_Mn2Pb8_1_z025,Mn2Pb8_1,0.242072,5.840261582291755,5.840261582291755,0.1766096697772117,0.2812570063805922,0.333333277777787,3
POSCAR_Mn2Pb8_1_z050,Mn2Pb8_1,0.213507,5.898264855616166,5.898264855616166,0.1766096697772117,0.2784439649605456,0.333333277777787,3
POSCAR_Mn2Pb8_1_z975,Mn2Pb8_1,0.30763,5.72679012212873,5.72679012212873,0.1766096697772117,0.286996592006025,0.333333277777787,3
POSCAR_Mn2Pb8_2,Mn2Pb8_2,0.016577,3.2009983200785115,3.2009983200785115,0.2180010734020625,0.0016408131562233,0.333333277777787,3
POSCAR_Mn2Pb8_2_st025,Mn2Pb8_2,0.011244,3.2810232780804687,3.2810232780804687,0.2180010734020626,0.0016408131562218,0.333333277777787,3
POSCAR_Mn2Pb8_2_st050,Mn2Pb8_2,0.010325,3.3610482360824308,3.3610482360824308,0.1200876309020419,0.0019977722260648,0.333333277777787,3
POSCAR_Mn2Pb8_2_st950,Mn2Pb8_2,0.017582,3.040948404074579,3.040948404074579,0.2180010734020625,0.0016408131562216,0.333333277777787,3
POSCAR_Mn2Pb8_2_st975,Mn2Pb8_2,0.017072,3.1209733620765423,3.1209733620765423,0.2180010734020626,0.0016408131562218,0.333333277777787,3
POSCAR_Mn2Pb8_2_x025,Mn2Pb8_2,0.011696,3.2006208974752486,3.2006208974752486,0.2180010734020625,0.0016322760263808,0.333333277777787,3
POSCAR_Mn2Pb8_2_x050,Mn2Pb8_2,0.011436,3.2002442348407785,3.2002442348407785,0.2180010734020624,0.0016238392949939,0.333333277777787,3
POSCAR_Mn2Pb8_2_x950,Mn2Pb8_2,0.016763,3.2017554441253195,3.2017554441253195,0.2180010734020624,0.0016581638011548,0.333333277777787,3
POSCAR_Mn2Pb8_2_x975,Mn2Pb8_2,0.016405,3.201376502386632,3.201376502386632,0.2180010734020624,0.0016494446849555,0.333333277777787,3
POSCAR_Mn2Pb8_2_y025,Mn2Pb8_2,0.008669,3.2271162266427385,3.2271162266427385,0.2180010734020625,0.0016416077513198,0.333333277777787,3
POSCAR_Mn2Pb8_2_y050,Mn2Pb8_2,0.009947,3.25438862429636,3.25438862429636,0.1509820296535473,0.0022250542584714,0.333333277777787,3
POSCAR_Mn2Pb8_2_y950,Mn2Pb8_2,0.008421,3.152339496755683,3.152339496755683,0.2180010734020625,0.0016393395698247,0.333333277777787,3
POSCAR_Mn2Pb8_2_y975,Mn2Pb8_2,0.016668,3.1760633861209016,3.1760633861209016,0.2180010734020624,0.0016400577096872,0.333333277777787,3
POSCAR_Mn2Pb8_2_z025,Mn2Pb8_2,0.015754,3.2564419378916565,3.2564419378916565,0.2180010734020624,0.0016485388260287,0.333333277777787,3
POSCAR_Mn2Pb8_2_z050,Mn2Pb8_2,0.016464,3.312991057330038,3.312991057330038,0.2180010734020625,0.0016560906443559,0.333333277777787,3
POSCAR_Mn2Pb8_2_z950,Mn2Pb8_2,0.008049,3.093664162587692,3.093664162587692,0.2180010734020624,0.0016248658279348,0.333333277777787,3
POSCAR_Mn2Pb8_2_z975,Mn2Pb8_2,0.008124,3.146718639675231,3.146718639675231,0.2180010734020625,0.0016329197074446,0.333333277777787,3
POSCAR_Mn2Pb8_3,Mn2Pb8_3,0.400374,4.7312705148450895,4.7312705148450895,0.1429239189263945,0.1754227158182444,0.333333277777787,3
POSCAR_Mn2Pb8_3_st025,Mn2Pb8_3,0.314582,4.849552277716217,4.849552277716217,0.1429239189263944,0.1754227158182444,0.333333277777787,3
POSCAR_Mn2Pb8_3_st050,Mn2Pb8_3,0.247109,4.967834040587344,4.967834040587344,0.1429239189263944,0.1754227158182445,0.333333277777787,3
POSCAR_Mn2Pb8_3_st950,Mn2Pb8_3,0.630528,4.494706989102834,4.494706989102834,0.1429239189263944,0.1754227158182442,0.333333277777787,3
POSCAR_Mn2Pb8_3_st975,Mn2Pb8_3,0.511253,4.612988751973962,4.612988751973962,0.1429239189263944,0.1754227158182444,0.333333277777787,3
POSCAR_Mn2Pb8_3_x025,Mn2Pb8_3,0.420591,4.79071660318241,4.79071660318241,0.1429239189263944,0.1770024181884579,0.333333277777787,3
POSCAR_Mn2Pb8_3_x050,Mn2Pb8_3,0.393425,4.850875499195115,4.850875499195115,0.1429239189263944,0.1785754233281515,0.333333277777787,3
POSCAR_Mn2Pb8_3_x950,Mn2Pb8_3,0.427495,4.614626621798524,4.614626621798524,0.1429239189263944,0.1722484574100668,0.333333277777787,3
POSCAR_Mn2Pb8_3_x975,Mn2Pb8_3,0.416924,4.672564440072867,4.672564440072867,0.1429239189263944,0.1738376029605228,0.333333277777787,3
POSCAR_Mn2Pb8_3_y025,Mn2Pb8_3,0.421091,4.790836975499444,4.790836975499444,0.1429239189263944,0.1769860413187867,0.333333277777787,3
POSCAR_Mn2Pb8_3_y050,Mn2Pb8_3,0.39361,4.851116191437642,4.851116191437642,0.1429239189263945,0.1785428137025526,0.333333277777787,3
POSCAR_Mn2Pb8_3_y950,Mn2Pb8_3,0.42692,4.614385940674993,4.614385940674993,0.1429239189263944,0.1722815957885368,0.333333277777787,3
POSCAR_Mn2Pb8_3_y975,Mn2Pb8_3,0.416948,4.672444069113119,4.672444069113119,0.1429239189263944,0.1738541123107855,0.333333277777787,3
POSCAR_Mn2Pb8_3_z025,Mn2Pb8_3,0.327098,4.731270494354609,4.731270494354609,0.1429239189263944,0.1722914631135833,0.333333277777787,3
POSCAR_Mn2Pb8_3_z050,Mn2Pb8_3,0.374231,4.731270475552442,4.731270475552442,0.1429239189263944,0.1691967973179133,0.333333277777787,3
POSCAR_Mn2Pb8_3_z950,Mn2Pb8_3,0.413102,4.731270560825761,4.731270560825761,0.1429239189263945,0.1817856731114497,0.333333277777787,3
POSCAR_Mn2Pb8_3_z975,Mn2Pb8_3,0.485812,4.731270536991251,4.731270536991251,0.1429239189263945,0.1785882942421697,0.333333277777787,3
POSCAR_Mn2S2_1,Mn2S2_1,0.967254,3.05032365699358,3.05032365699358,0.3333333333333333,0.6653887887731641,0.6666665555555741,3
POSCAR_Mn2S2_1_st025,Mn2S2_1,0.86834,3.1265817484184195,3.1265817484184195,0.3333333333333333,0.6653887887731642,0.6666665555555741,3
POSCAR_Mn2S2_1_st050,Mn2S2_1,0.770237,3.2028398398432603,3.2028398398432603,0.3333333333333333,0.6653887887731639,0.6666665555555741,3
POSCAR_Mn2S2_1_st950,Mn2S2_1,1.202184,2.897807474143901,2.897807474143901,0.3333333333333333,0.6653887887731642,0.6666665555555741,3
POSCAR_Mn2S2_1_st975,Mn2S2_1,1.119096,2.974065565568741,2.974065565568741,0.3333333333333334,0.6653887887731641,0.6666665555555741,3
POSCAR_Mn2S2_1_x025,Mn2S2_1,0.998846,3.0503237018300133,3.0503237018300133,0.3333333333333332,0.6709855944382537,0.6666665555555741,3
POSCAR_Mn2S2_1_x050,Mn2S2_1,0.976887,3.0503237471854034,3.0503237471854034,0.3333333333333334,0.6766351726645254,0.6666665555555741,3
POSCAR_Mn2S2_1_x950,Mn2S2_1,1.181304,3.050323568952632,3.050323568952632,0.3333333333333332,0.6543902370320921,0.6666665555555741,3
POSCAR_Mn2S2_1_x975,Mn2S2_1,1.116772,3.0503236127136266,3.0503236127136266,0.3333333333333334,0.6598538607765103,0.6666665555555741,3
POSCAR_Mn2S2_1_y025,Mn2S2_1,0.999573,3.050323671057326,3.050323671057326,0.3333333333333333,0.6709832440904233,0.6666665555555741,3
POSCAR_Mn2S2_1_y050,Mn2S2_1,0.977227,3.050323685811817,3.050323685811817,0.3333333333333332,0.6766306775352047,0.6666665555555741,3
POSCAR_Mn2S2_1_y950,Mn2S2_1,1.178263,3.050323631013792,3.050323631013792,0.3333333333333334,0.6543955156542112,0.6666665555555741,3
POSCAR_Mn2S2_1_y975,Mn2S2_1,1.116306,3.050323643658288,3.050323643658288,0.3333333333333333,0.6598564073681565,0.6666665555555741,3
POSCAR_Mn2S2_1_z025,Mn2S2_1,0.993036,3.1265816910381696,3.1265816910381696,0.3333333333333333,0.6543050173785262,0.6666665555555741,3
POSCAR_Mn2S2_1_z050,Mn2S2_1,0.996419,3.202839726836076,3.202839726836076,0.3333333333333332,0.6433241909588049,0.6666665555555741,3
POSCAR_Mn2S2_1_z950,Mn2S2_1,0.938364,2.897807594531589,2.897807594531589,0.3333333333333333,0.6878290237825869,0.6666665555555741,3
POSCAR_Mn2S2_1_z975,Mn2S2_1,0.982941,2.974065624771949,2.974065624771949,0.3333333333333333,0.67656668308093,0.6666665555555741,3
POSCAR_Mn2S2_2,Mn2S2_2,0.199743,4.002923858923626,4.002923858923626,0.0833333333333333,0.774087396234889,0.6666665555555741,3
POSCAR_Mn2S2_2_st025,Mn2S2_2,0.165055,4.102996955396716,4.102996955396716,0.0833333333333333,0.7740873962348889,0.6666665555555741,3
POSCAR_Mn2S2_2_st050,Mn2S2_2,0.13561,4.203070051869807,4.203070051869807,0.0833333333333333,0.774087396234889,0.6666665555555741,3
POSCAR_Mn2S2_2_st950,Mn2S2_2,0.286896,3.802777665977444,3.802777665977444,0.0833333333333333,0.7740873962348889,0.6666665555555741,3
POSCAR_Mn2S2_2_st975,Mn2S2_2,0.24013,3.902850762450535,3.902850762450535,0.0833333333333333,0.7740873962348889,0.6666665555555741,3
POSCAR_Mn2S2_2_x025,Mn2S2_2,0.186365,4.004009898448115,4.004009898448115,0.0833333333333333,0.770764467238776,0.6666665555555741,3
POSCAR_Mn2S2_2_x050,Mn2S2_2,0.172926,4.004440892542938,4.004440892542938,0.0833333333333333,0.7674352587980445,0.6666665555555741,3
POSCAR_Mn2S2_2_x950,Mn2S2_2,0.25601,3.93590046606338,3.88875738598669,0.0833333333333333,0.7613585448390783,0.6666665555555741,3
POSCAR_Mn2S2_2_x975,Mn2S2_2,0.220204,3.9694844219508254,3.9694844219508254,0.0833333333333333,0.7676510393757071,0.6666665555555741,3
POSCAR_Mn2S2_2_y025,Mn2S2_2,0.186263,4.004089338801309,4.004089338801309,0.0833333333333333,0.7706606648677223,0.6666665555555741,3
POSCAR_Mn2S2_2_y050,Mn2S2_2,0.172812,4.0045193575019296,4.0045193575019296,0.0833333333333333,0.7673313869300115,0.6666665555555741,3
POSCAR_Mn2S2_2_y950,Mn2S2_2,0.25597,3.9358335523100862,3.88856383673235,0.0833333333333333,0.7614565526612725,0.6666665555555741,3
POSCAR_Mn2S2_2_y975,Mn2S2_2,0.220301,3.9694108147494136,3.9694108147494136,0.0833333333333333,0.7677519152804183,0.6666665555555741,3
POSCAR_Mn2S2_2_z025,Mn2S2_2,0.196748,4.068422757917733,4.068422757917733,0.0833333333333333,0.7710865333480624,0.6666665555555741,3
POSCAR_Mn2S2_2_z050,Mn2S2_2,0.194354,4.134462731175841,4.093225091340506,0.0833333333333333,0.768135435806532,0.6666665555555741,3
POSCAR_Mn2S2_2_z950,Mn2S2_2,0.176706,3.873658845354778,3.873658845354778,0.0833333333333333,0.7802628090981889,0.6666665555555741,3
POSCAR_Mn2S2_2_z975,Mn2S2_2,0.176928,3.9379930325665535,3.9379930325665535,0.0833333333333333,0.7771439938810075,0.6666665555555741,3
POSCAR_Mn2S4_1,Mn2S4_1,0.527784,4.407231321486211,3.954242536505981,0.1980623310609237,0.2868218157763988,0.6666665555555741,3
POSCAR_Mn2S4_1_st025,Mn2S4_1,0.488797,4.517412104523365,4.053098599918631,0.1980623310609238,0.2868218157763985,0.6666665555555741,3
POSCAR_Mn2S4_1_st050,Mn2S4_1,0.44217,4.627592887560522,4.15195466333128,0.1980623310609238,0.2868218157763987,0.6666665555555741,3
POSCAR_Mn2S4_1_st950,Mn2S4_1,0.599845,4.186869755411901,3.7565304096806815,0.1980623310609237,0.2868218157763986,0.6666665555555741,3
POSCAR_Mn2S4_1_st975,Mn2S4_1,0.564731,4.2970505384490565,3.855386473093332,0.1980623310609237,0.2868218157763987,0.6666665555555741,3
POSCAR_Mn2S4_1_x025,Mn2S4_1,0.515915,4.429616788303039,4.05309859989482,0.1980623310609238,0.2814540904202132,0.6666665555555741,3
POSCAR_Mn2S4_1_x050,Mn2S4_1,0.506976,4.452438342269409,4.151954663331278,0.1980623310609237,0.2761820745298011,0.6666665555555741,3
POSCAR_Mn2S4_1_x950,Mn2S4_1,0.562184,4.363795362995255,3.7565304096854426,0.1980623310609238,0.2978378787353979,0.6666665555555741,3
POSCAR_Mn2S4_1_x975,Mn2S4_1,0.54359,4.385288620009629,3.8553864731218974,0.1980623310609238,0.2922837335494017,0.6666665555555741,3
POSCAR_Mn2S4_1_y025,Mn2S4_1,0.506727,4.442352477411317,3.954242536458356,0.1980623310609238,0.2896373360108646,0.6666665555555741,3
POSCAR_Mn2S4_1_y050,Mn2S4_1,0.479184,4.478055188934575,3.954242536458356,0.1980623310609238,0.2924447581200552,0.6666665555555741,3
POSCAR_Mn2S4_1_y950,Mn2S4_1,0.489437,4.33878993310302,3.954242536458356,0.1980623310609237,0.2811760339280474,0.6666665555555741,3
POSCAR_Mn2S4_1_y975,Mn2S4_1,0.51783,4.372705734186623,3.954242536458356,0.1980623310609238,0.2840005476309586,0.6666665555555741,3
POSCAR_Mn2S4_1_z025,Mn2S4_1,0.47484,4.460761039859063,3.954242536458356,0.1980623310609238,0.2894349473540689,0.6666665555555741,3
POSCAR_Mn2S4_1_z050,Mn2S4_1,0.403985,4.514954304368744,3.954242536458356,0.1980623310609238,0.2920796456640492,0.6666665555555741,3
POSCAR_Mn2S4_1_z950,Mn2S4_1,0.528527,4.302261289106484,3.954242536458356,0.1980623310609238,0.281702955933171,0.6666665555555741,3
POSCAR_Mn2S4_1_z975,Mn2S4_1,0.529742,4.354389620748341,3.954242536458356,0.1980623310609238,0.2842433933288648,0.6666665555555741,3
POSCAR_Mn2Sb4_1,Mn2Sb4_1,0.818977,5.180634019727648,3.2826447871135573,0.1950109449165301,0.4817887431058847,0.4999999166666805,3
POSCAR_Mn2Sb4_1_st025,Mn2Sb4_1,0.706491,5.310149870220839,3.364710906791396,0.19501094491653,0.4817887431058848,0.4999999166666805,3
POSCAR_Mn2Sb4_1_st050,Mn2Sb4_1,0.605451,5.43966572071403,3.4467770264692352,0.1950109449165301,0.4817887431058849,0.4999999166666805,3
POSCAR_Mn2Sb4_1_st950,Mn2Sb4_1,1.062185,4.921602318741265,3.118512547757879,0.1950109449165301,0.4817887431058849,0.4999999166666805,3
POSCAR_Mn2Sb4_1_st975,Mn2Sb4_1,0.939252,5.051118169234457,3.2005786674357184,0.19501094491653,0.4817887431058846,0.4999999166666805,3
POSCAR_Mn2Sb4_1_x025,Mn2Sb4_1,0.808715,5.193772978530789,3.3647109068310965,0.1950109449165301,0.4767002082735929,0.4999999166666805,3
POSCAR_Mn2Sb4_1_x050,Mn2Sb4_1,0.797272,5.207201877875246,3.4467770264660422,0.19501094491653,0.4716095937269657,0.4999999166666805,3
POSCAR_Mn2Sb4_1_x950,Mn2Sb4_1,0.833113,5.155234742494594,3.118512547726412,0.1950109449165301,0.49194182157237,0.4999999166666805,3
POSCAR_Mn2Sb4_1_x975,Mn2Sb4_1,0.826735,5.167787213013984,3.200578667461308,0.1950109449165301,0.4868708149983843,0.4999999166666805,3
POSCAR_Mn2Sb4_1_y025,Mn2Sb4_1,0.757858,5.230187191973886,3.2826447870962023,0.19501094491653,0.479676108283353,0.4999999166666805,3
POSCAR_Mn2Sb4_1_y050,Mn2Sb4_1,0.698403,5.280481577504896,3.282644787096202,0.1950109449165301,0.4776249609319503,0.4999999166666805,3
POSCAR_Mn2Sb4_1_y950,Mn2Sb4_1,0.932454,5.083837688585745,3.2826447870962023,0.1950109449165301,0.4861996214913954,0.4999999166666805,3
POSCAR_Mn2Sb4_1_y975,Mn2Sb4_1,0.877883,5.131843532281425,3.2826447870962023,0.1950109449165301,0.4839632057870019,0.4999999166666805,3
POSCAR_Mn2Sb4_1_z025,Mn2Sb4_1,0.759887,5.248380091342588,3.2826447870962023,0.19501094491653,0.489011386379022,0.4999999166666805,3
POSCAR_Mn2Sb4_1_z050,Mn2Sb4_1,0.685198,5.31690361067947,3.2826447870962023,0.19501094491653,0.4962164007537735,0.4999999166666805,3
POSCAR_Mn2Sb4_1_z950,Mn2Sb4_1,0.878569,5.047599075688336,3.2826447870962023,0.19501094491653,0.4673141367805902,0.4999999166666805,3
POSCAR_Mn2Sb4_1_z975,Mn2Sb4_1,0.857894,5.113696294767853,3.282644787096202,0.19501094491653,0.4745542608138682,0.4999999166666805,3
POSCAR_Mn2Sb6_1,Mn2Sb6_1,0.486999,4.812255276323516,4.812255276323516,0.1377339770489399,0.4495409588583003,0.4999999166666805,3
POSCAR_Mn2Sb6_1_z025,Mn2Sb6_1,0.47626,4.878615778518987,4.878615778518987,0.1377339770489398,0.4422334446037145,0.4999999166666805,3
POSCAR_Mn2Sb6_1_z975,Mn2Sb6_1,0.492984,4.746745009399695,4.746745009399695,0.1377339770489399,0.4569257841632431,0.4999999166666805,3
POSCAR_Mn2Se2_1,Mn2Se2_1,0.162089,4.203286021183026,4.203286021183026,0.0833333333333333,0.7745078619291007,0.6666665555555741,3
POSCAR_Mn2Se2_1_st025,Mn2Se2_1,0.132934,4.308368171712602,4.308368171712602,0.0833333333333333,0.7745078619291005,0.6666665555555741,3
POSCAR_Mn2Se2_1_st050,Mn2Se2_1,0.108786,4.413450322242178,4.413450322242178,0.0833333333333333,0.7745078619291005,0.6666665555555741,3
POSCAR_Mn2Se2_1_st950,Mn2Se2_1,0.237709,3.993121720123876,3.993121720123876,0.0833333333333333,0.7745078619291007,0.6666665555555741,3
POSCAR_Mn2Se2_1_st975,Mn2Se2_1,0.196829,4.098203870653451,4.098203870653451,0.0833333333333333,0.7745078619291006,0.6666665555555741,3
POSCAR_Mn2Se2_1_x025,Mn2Se2_1,0.150117,4.206508324378437,4.206508324378437,0.0833333333333333,0.7710447627974839,0.6666665555555741,3
POSCAR_Mn2Se2_1_x050,Mn2Se2_1,0.1483,4.206951453764379,4.206951453764379,0.0833333333333333,0.7676807795127664,0.6666665555555741,3
POSCAR_Mn2Se2_1_x950,Mn2Se2_1,0.24244,4.133328969868936,4.094849909609954,0.0833333333333333,0.7618242077016673,0.6666665555555741,3
POSCAR_Mn2Se2_1_x975,Mn2Se2_1,0.181692,4.1687734601282,4.1687734601282,0.0833333333333333,0.7681088797214686,0.6666665555555741,3
POSCAR_Mn2Se2_1_y025,Mn2Se2_1,0.151874,4.205278872948314,4.205278872948314,0.0833333333333333,0.7710805537465338,0.6666665555555741,3
POSCAR_Mn2Se2_1_y050,Mn2Se2_1,0.148647,4.205716517886803,4.205716517886803,0.0833333333333333,0.7677221400407537,0.6666665555555741,3
POSCAR_Mn2Se2_1_y950,Mn2Se2_1,0.242018,4.134421641771965,4.095589003638055,0.0833333333333333,0.7617843178068064,0.6666665555555741,3
POSCAR_Mn2Se2_1_y975,Mn2Se2_1,0.179805,4.16993138530556,4.16993138530556,0.0833333333333333,0.7680738793763324,0.6666665555555741,3
POSCAR_Mn2Se2_1_z025,Mn2Se2_1,0.160485,4.271927017571783,4.271927017571783,0.0833333333333333,0.7715467351414904,0.6666665555555741,3
POSCAR_Mn2Se2_1_z050,Mn2Se2_1,0.158003,4.341137606415684,4.309787660672815,0.0833333333333333,0.7686361525404037,0.6666665555555741,3
POSCAR_Mn2Se2_1_z950,Mn2Se2_1,0.161759,4.067827904649401,4.067827904649401,0.0833333333333333,0.7806063271186119,0.6666665555555741,3
POSCAR_Mn2Se2_1_z975,Mn2Se2_1,0.152707,4.135242981422191,4.135242981422191,0.0833333333333333,0.7775255496812421,0.6666665555555741,3
POSCAR_Mn2Se2_2,Mn2Se2_2,0.881407,3.165963063713821,3.165963063713821,0.3333333333333332,0.6729858954681527,0.6666665555555741,3
POSCAR_Mn2Se2_2_st025,Mn2Se2_2,0.761868,3.245112140306665,3.245112140306665,0.3333333333333332,0.6729858954681528,0.6666665555555741,3
POSCAR_Mn2Se2_2_st050,Mn2Se2_2,0.653381,3.324261216899512,3.324261216899512,0.3333333333333332,0.6729858954681528,0.6666665555555741,3
POSCAR_Mn2Se2_2_st950,Mn2Se2_2,1.145264,3.007664910528129,3.007664910528129,0.3333333333333334,0.672985895468153,0.6666665555555741,3
POSCAR_Mn2Se2_2_st975,Mn2Se2_2,1.010103,3.0868139871209745,3.0868139871209745,0.3333333333333333,0.6729858954681527,0.6666665555555741,3
POSCAR_Mn2Se2_2_x025,Mn2Se2_2,0.891434,3.165963063410856,3.165963063410856,0.3333333333333334,0.6785160742943633,0.6666665555555741,3
POSCAR_Mn2Se2_2_x050,Mn2Se2_2,0.855656,3.1659630631025,3.1659630631025,0.3333333333333333,0.6840989396197831,0.6666665555555741,3
POSCAR_Mn2Se2_2_x950,Mn2Se2_2,0.888547,3.165963064383439,3.165963064383439,0.3333333333333332,0.6621202942739289,0.6666665555555741,3
POSCAR_Mn2Se2_2_x975,Mn2Se2_2,1.052786,3.1659630640513226,3.1659630640513226,0.3333333333333333,0.6675174976033041,0.6666665555555741,3
POSCAR_Mn2Se2_2_y025,Mn2Se2_2,0.893912,3.165963064996112,3.165963064996112,0.3333333333333332,0.6785182025787021,0.6666665555555741,3
POSCAR_Mn2Se2_2_y050,Mn2Se2_2,0.856305,3.165963066266641,3.165963066266641,0.3333333333333332,0.6841031965642058,0.6666665555555741,3
POSCAR_Mn2Se2_2_y950,Mn2Se2_2,0.889027,3.1659630611938216,3.1659630611938216,0.3333333333333333,0.6621160413323771,0.6666665555555741,3
POSCAR_Mn2Se2_2_y975,Mn2Se2_2,1.052282,3.1659630624597,3.1659630624597,0.3333333333333333,0.6675153703020595,0.6666665555555741,3
POSCAR_Mn2Se2_2_z025,Mn2Se2_2,0.925731,3.245112139346507,3.245112139346507,0.3333333333333332,0.6620259998720229,0.6666665555555741,3
POSCAR_Mn2Se2_2_z050,Mn2Se2_2,0.900524,3.324261215021418,3.324261215021418,0.3333333333333333,0.6511597163863383,0.6666665555555741,3
POSCAR_Mn2Se2_2_z950,Mn2Se2_2,0.838312,3.007664912456764,3.007664912456764,0.3333333333333332,0.6951499642023862,0.6666665555555741,3
POSCAR_Mn2Se2_2_z975,Mn2Se2_2,0.84266,3.086813988063732,3.086813988063732,0.3333333333333332,0.6840304680168594,0.6666665555555741,3
POSCAR_Mn2Se2_3,Mn2Se2_3,0.660164,3.2964993355062,3.2964993355062,0.1666666666666666,0.6121557277147605,0.6666665555555741,3
POSCAR_Mn2Se2_3_st025,Mn2Se2_3,0.553977,3.3789118188938545,3.3789118188938545,0.1666666666666666,0.612155727714761,0.6666665555555741,3
POSCAR_Mn2Se2_3_st050,Mn2Se2_3,0.466886,3.461324302281509,3.461324302281509,0.1666666666666666,0.6121557277147606,0.6666665555555741,3
POSCAR_Mn2Se2_3_st950,Mn2Se2_3,0.938997,3.131674368730889,3.131674368730889,0.1666666666666667,0.6121557277147612,0.6666665555555741,3
POSCAR_Mn2Se2_3_st975,Mn2Se2_3,0.788173,3.2140868521185446,3.2140868521185446,0.1666666666666666,0.6121557277147608,0.6666665555555741,3
POSCAR_Mn2Se2_3_x025,Mn2Se2_3,0.72059,3.2965134002315337,3.2965134002315337,0.1666666666666666,0.6058058946710784,0.6666665555555741,3
POSCAR_Mn2Se2_3_x050,Mn2Se2_3,0.720459,3.2965594239865217,3.2965594239865217,0.1666666666666667,0.5996131970581314,0.6666665555555741,3
POSCAR_Mn2Se2_3_x950,Mn2Se2_3,0.696602,3.2965670838253818,3.2965670838253818,0.1666666666666666,0.6253286203085405,0.6666665555555741,3
POSCAR_Mn2Se2_3_x975,Mn2Se2_3,0.65806,3.296517230211895,3.296517230211895,0.1666666666666666,0.6186632798960178,0.6666665555555741,3
POSCAR_Mn2Se2_3_y025,Mn2Se2_3,0.619431,3.3014069479942663,3.3014069479942663,0.1666666666666666,0.6238353143128658,0.6666665555555741,3
POSCAR_Mn2Se2_3_y050,Mn2Se2_3,0.614925,3.306459330649268,3.306459330649268,0.1666666666666667,0.6356058356382163,0.6666665555555741,3
POSCAR_Mn2Se2_3_y950,Mn2Se2_3,0.795893,3.287120995559065,3.287120995559065,0.1666666666666666,0.5891284367850432,0.6666665555555741,3
POSCAR_Mn2Se2_3_y975,Mn2Se2_3,0.734165,3.2917371406857465,3.2917371406857465,0.1666666666666667,0.6005817011645664,0.6666665555555741,3
POSCAR_Mn2Se2_3_z025,Mn2Se2_3,0.563233,3.37413426394132,3.37413426394132,0.1666666666666666,0.6069606168064682,0.6666665555555741,3
POSCAR_Mn2Se2_3_z050,Mn2Se2_3,0.503862,3.451875274747544,3.451875274747544,0.1666666666666666,0.6017790752671299,0.6666665555555741,3
POSCAR_Mn2Se2_3_z950,Mn2Se2_3,0.878258,3.141579173299024,3.141579173299024,0.1666666666666666,0.6225712445127898,0.6666665555555741,3
POSCAR_Mn2Se2_3_z975,Mn2Se2_3,0.750771,3.2189781648997062,3.2189781648997062,0.1666666666666666,0.6173606232838267,0.6666665555555741,3
POSCAR_Mn2Se4_1,Mn2Se4_1,0.433695,4.670056556201945,4.177564096225495,0.1912305849700225,0.3450110581734281,0.6666665555555741,3
POSCAR_Mn2Se4_1_st025,Mn2Se4_1,0.387577,4.786807970106993,4.282003198631132,0.1912305849700225,0.3450110581734282,0.6666665555555741,3
POSCAR_Mn2Se4_1_st050,Mn2Se4_1,0.399513,4.903559384012042,4.38644230103677,0.1912305849700225,0.3450110581734282,0.6666665555555741,3
POSCAR_Mn2Se4_1_st950,Mn2Se4_1,0.520944,4.436553728391848,3.968685891414221,0.1912305849700225,0.345011058173428,0.6666665555555741,3
POSCAR_Mn2Se4_1_st975,Mn2Se4_1,0.47961,4.553305142296897,4.073124993819858,0.1912305849700225,0.3450110581734281,0.6666665555555741,3
POSCAR_Mn2Se4_1_x025,Mn2Se4_1,0.429056,4.693615659877073,4.2820031985966684,0.1912305849700225,0.338454795989932,0.6666665555555741,3
POSCAR_Mn2Se4_1_x050,Mn2Se4_1,0.420021,4.717635218523874,4.386442301062486,0.1912305849700225,0.332019610549808,0.6666665555555741,3
POSCAR_Mn2Se4_1_x950,Mn2Se4_1,0.436283,4.624347725711962,3.968685891399368,0.1912305849700224,0.3584799180265612,0.6666665555555741,3
POSCAR_Mn2Se4_1_x975,Mn2Se4_1,0.435457,4.646964910519876,4.073124993865115,0.1912305849700225,0.3516868095430959,0.6666665555555741,3
POSCAR_Mn2Se4_1_y025,Mn2Se4_1,0.434736,4.707482270032896,4.177564096230922,0.1912305849700224,0.3484393645203124,0.6666665555555741,3
POSCAR_Mn2Se4_1_y050,Mn2Se4_1,0.428954,4.745525964447402,4.177564096230922,0.1912305849700225,0.3518579885903696,0.6666665555555741,3
POSCAR_Mn2Se4_1_y950,Mn2Se4_1,0.475777,4.597119194090147,4.177564096230922,0.1912305849700225,0.3381373087431209,0.6666665555555741,3
POSCAR_Mn2Se4_1_y975,Mn2Se4_1,0.428592,4.633263798355612,4.177564096230922,0.1912305849700225,0.3415760008547631,0.6666665555555741,3
POSCAR_Mn2Se4_1_z025,Mn2Se4_1,0.393701,4.726729981365237,4.177564096230922,0.1912305849700225,0.3482125227516276,0.6666665555555741,3
POSCAR_Mn2Se4_1_z050,Mn2Se4_1,0.417475,4.784106887258811,4.177564096230922,0.1912305849700225,0.3514462396551647,0.6666665555555741,3
POSCAR_Mn2Se4_1_z950,Mn2Se4_1,0.511353,4.558924765986442,4.177564096230922,0.1912305849700225,0.3387197053745195,0.6666665555555741,3
POSCAR_Mn2Se4_1_z975,Mn2Se4_1,0.480513,4.614112533670205,4.177564096230922,0.1912305849700224,0.3418455120723459,0.6666665555555741,3
POSCAR_Mn2Sn3_1,Mn2Sn3_1,0.022539,3.282813269288953,3.282813269288953,0.3506467901211477,0.0007695828848911,0.333333277777787,3
POSCAR_Mn2Sn3_1_st025,Mn2Sn3_1,0.018339,3.364883601021177,3.364883601021177,0.3506467901211477,0.0007695828848911,0.333333277777787,3
POSCAR_Mn2Sn3_1_st050,Mn2Sn3_1,0.013471,3.4469539327534005,3.4469539327534005,0.3506467901211477,0.0007695828848911,0.333333277777787,3
POSCAR_Mn2Sn3_1_st950,Mn2Sn3_1,0.025482,3.1186726058245053,3.1186726058245053,0.3506467901211476,0.0007695828848911,0.333333277777787,3
POSCAR_Mn2Sn3_1_x025,Mn2Sn3_1,0.020608,3.2830786367017524,3.2830786367017524,0.3506467901211478,0.0007568395624233,0.333333277777787,3
POSCAR_Mn2Sn3_1_x050,Mn2Sn3_1,0.018867,3.283872099760433,3.283872099760433,0.3506467901211477,0.0007442378145573,0.333333277777787,3
POSCAR_Mn2Sn3_1_x950,Mn2Sn3_1,0.021188,3.1601741340429785,3.1601741340429785,0.3506467901211478,0.0007954527719424,0.333333277777787,3
POSCAR_Mn2Sn3_1_y025,Mn2Sn3_1,0.020612,3.285380255008728,3.285380255008728,0.3506467901211476,0.0007573893494966,0.333333277777787,3
POSCAR_Mn2Sn3_1_y050,Mn2Sn3_1,0.018813,3.2861977300106555,3.2861977300106555,0.3506467901211477,0.00074533200062,0.333333277777787,3
POSCAR_Mn2Sn3_1_y950,Mn2Sn3_1,0.021099,3.1579791419748924,3.1579791419748924,0.3506467901211477,0.000794338726333,0.333333277777787,3
POSCAR_Mn2Sn3_1_z025,Mn2Sn3_1,0.021315,3.3017197710715345,3.3017197710715345,0.3506467901211477,0.0007946119816911,0.333333277777787,3
POSCAR_Mn2Sn3_1_z050,Mn2Sn3_1,0.01986,3.3209815637783304,3.3209815637783304,0.3506467901211478,0.0008195505983686,0.333333277777787,3
POSCAR_Mn2Sn3_1_z950,Mn2Sn3_1,0.020445,3.246090854475145,3.246090854475145,0.3506467901211477,0.0007193139737507,0.333333277777787,3
POSCAR_Mn2Sn3_1_z975,Mn2Sn3_1,0.022518,3.2642682320667937,3.2642682320667937,0.3506467901211477,0.0007444782350041,0.333333277777787,3
POSCAR_Mn2Te2_1,Mn2Te2_1,0.650019,3.299184507135104,3.299184507135104,0.3333333333333333,0.6924798910987978,0.6666665555555741,3
POSCAR_Mn2Te2_1_st025,Mn2Te2_1,0.548578,3.381664119813482,3.381664119813482,0.3333333333333332,0.6924798910987978,0.6666665555555741,3
POSCAR_Mn2Te2_1_st050,Mn2Te2_1,0.467186,3.4641437324918605,3.4641437324918605,0.3333333333333333,0.6924798910987978,0.6666665555555741,3
POSCAR_Mn2Te2_1_st950,Mn2Te2_1,0.935289,3.1342252817783494,3.1342252817783494,0.3333333333333333,0.6924798910987978,0.6666665555555741,3
POSCAR_Mn2Te2_1_st975,Mn2Te2_1,0.776702,3.216704894456728,3.216704894456728,0.3333333333333333,0.6924798910987977,0.6666665555555741,3
POSCAR_Mn2Te2_1_x025,Mn2Te2_1,0.720659,3.2991845050281867,3.2991845050281867,0.3333333333333332,0.6978323816931195,0.6666665555555741,3
POSCAR_Mn2Te2_1_x050,Mn2Te2_1,0.710735,3.2991845029788047,3.2991845029788047,0.3333333333333333,0.7032384388403125,0.6666665555555741,3
POSCAR_Mn2Te2_1_x950,Mn2Te2_1,0.936933,3.2991845116709144,3.2991845116709144,0.3333333333333333,0.6819723392623407,0.6666665555555741,3
POSCAR_Mn2Te2_1_x975,Mn2Te2_1,0.801303,3.2991845093742347,3.2991845093742347,0.3333333333333331,0.6871900718125468,0.6666665555555741,3
POSCAR_Mn2Te2_1_y025,Mn2Te2_1,0.721698,3.299184512825415,3.299184512825415,0.3333333333333334,0.6978345215951204,0.6666665555555741,3
POSCAR_Mn2Te2_1_y050,Mn2Te2_1,0.710821,3.29918451857948,3.29918451857948,0.3333333333333332,0.7032426065387217,0.6666665555555741,3
POSCAR_Mn2Te2_1_y950,Mn2Te2_1,0.93675,3.2991844960950307,3.2991844960950307,0.3333333333333333,0.6819677455878933,0.6666665555555741,3
POSCAR_Mn2Te2_1_y975,Mn2Te2_1,0.799947,3.299184501583192,3.299184501583192,0.3333333333333332,0.6871878251888776,0.6666665555555741,3
POSCAR_Mn2Te2_1_z025,Mn2Te2_1,0.67557,3.381664116406372,3.381664116406372,0.3333333333333333,0.6818644687123877,0.6666665555555741,3
POSCAR_Mn2Te2_1_z050,Mn2Te2_1,0.725824,3.4641437257822245,3.4641437257822245,0.3333333333333333,0.6713193316924323,0.6666665555555741,3
POSCAR_Mn2Te2_1_z950,Mn2Te2_1,0.955288,3.134225288830707,3.134225288830707,0.3333333333333333,0.7138844806002996,0.6666665555555741,3
POSCAR_Mn2Te2_1_z975,Mn2Te2_1,0.803063,3.2167048979491764,3.2167048979491764,0.3333333333333332,0.703156501586036,0.6666665555555741,3
POSCAR_Mn2Te3_1,Mn2Te3_1,0.024746,4.149653851775748,4.07349986812749,0.2207227007860819,0.0003275789926664,0.6666665555555741,3
POSCAR_Mn2Te3_1_st050,Mn2Te3_1,0.023125,4.357136544364528,4.277174861533863,0.2207227007860814,0.0003275789926664,0.6666665555555741,3
POSCAR_Mn2Te3_1_x050,Mn2Te3_1,0.022641,4.192823433189871,4.073499868183542,0.2207227007860819,0.000323530590452,0.6666665555555741,3
POSCAR_Mn2Te3_1_x950,Mn2Te3_1,0.024438,4.084699002025929,3.871253189571919,0.2207227007860819,0.0003316541193054,0.6666665555555741,3
POSCAR_Mn2Te3_1_x975,Mn2Te3_1,0.024909,4.116738941001232,3.973128273497613,0.220722700786082,0.0003296138715961,0.6666665555555741,3
POSCAR_Mn2Te3_1_y050,Mn2Te3_1,0.022783,4.188861206720348,4.075003357423303,0.2207227007860819,0.000323503880365,0.6666665555555741,3
POSCAR_Mn2Te3_1_y950,Mn2Te3_1,0.024819,4.084545530346782,3.8698248747305017,0.220722700786082,0.0003316837914893,0.6666665555555741,3
POSCAR_Mn2Te3_1_y975,Mn2Te3_1,0.025373,4.116661941831689,3.9716623714570223,0.2207227007860819,0.0003296283499279,0.6666665555555741,3
POSCAR_Mn2Te3_1_z025,Mn2Te3_1,0.024754,4.187208066478291,4.073499868183542,0.2207227007860819,0.0003316170549245,0.6666665555555741,3
POSCAR_Mn2Te3_1_z975,Mn2Te3_1,0.025602,4.095399220586452,4.073499868183542,0.2207227007860819,0.0003234608365395,0.6666665555555741,3
POSCAR_Mn2Te4_1,Mn2Te4_1,0.398752,5.067060954366203,4.503808835066689,0.1857578988169481,0.4035574868668147,0.6666665555555741,3
POSCAR_Mn2Te4_1_st025,Mn2Te4_1,0.392111,5.193737478225359,4.616404055943356,0.1857578988169481,0.4035574868668148,0.6666665555555741,3
POSCAR_Mn2Te4_1_st050,Mn2Te4_1,0.348485,5.320414002084513,4.728999276820023,0.1857578988169481,0.4035574868668148,0.6666665555555741,3
POSCAR_Mn2Te4_1_st950,Mn2Te4_1,0.442836,4.813707906647894,4.278618393313355,0.1857578988169481,0.4035574868668149,0.6666665555555741,3
POSCAR_Mn2Te4_1_st975,Mn2Te4_1,0.400682,4.940384430507048,4.391213614190021,0.1857578988169481,0.4035574868668148,0.6666665555555741,3
POSCAR_Mn2Te4_1_x025,Mn2Te4_1,0.395198,5.092312305081184,4.616404055962872,0.1857578988169481,0.3958492455059107,0.6666665555555741,3
POSCAR_Mn2Te4_1_x050,Mn2Te4_1,0.40939,5.118057943090304,4.72899927678395,0.1857578988169481,0.3882848966581382,0.6666665555555741,3
POSCAR_Mn2Te4_1_x950,Mn2Te4_1,0.458795,5.018070816128291,4.278618393299753,0.1857578988169481,0.4193979244778954,0.6666665555555741,3
POSCAR_Mn2Te4_1_x975,Mn2Te4_1,0.422493,5.042311316868422,4.3912136142207725,0.1857578988169481,0.4114078499197367,0.6666665555555741,3
POSCAR_Mn2Te4_1_y025,Mn2Te4_1,0.393297,5.108497489066051,4.503808835041792,0.1857578988169481,0.4076239764828048,0.6666665555555741,3
POSCAR_Mn2Te4_1_y050,Mn2Te4_1,0.386326,5.150611780767336,4.503808835041792,0.1857578988169481,0.4116775094029444,0.6666665555555741,3
POSCAR_Mn2Te4_1_y950,Mn2Te4_1,0.375161,4.986288466609664,4.503808835041792,0.1857578988169481,0.3953999670624676,0.6666665555555741,3
POSCAR_Mn2Te4_1_y975,Mn2Te4_1,0.404514,5.026318938746535,4.503808835041792,0.1857578988169481,0.3994815667724573,0.6666665555555741,3
POSCAR_Mn2Te4_1_z025,Mn2Te4_1,0.435286,5.128034141126253,4.503808835041792,0.1857578988169481,0.4072828723697442,0.6666665555555741,3
POSCAR_Mn2Te4_1_z050,Mn2Te4_1,0.449525,5.189769890066438,4.503808835041792,0.1857578988169481,0.4110406358927994,0.6666665555555741,3
POSCAR_Mn2Te4_1_z950,Mn2Te4_1,0.280623,4.947514689811804,4.503808835041792,0.1857578988169481,0.3962205023424743,0.6666665555555741,3
POSCAR_Mn2Te4_1_z975,Mn2Te4_1,0.344643,5.00687818899917,4.503808835041792,0.1857578988169481,0.39986859974141,0.6666665555555741,3
POSCAR_Mn2Te8_1,Mn2Te8_1,0.431439,4.719537437764601,4.719537437764601,0.110317069496579,0.4661624592206962,0.6666665555555741,3
POSCAR_Mn2Te8_1_st025,Mn2Te8_1,0.370025,4.837525873708716,4.837525873708716,0.110317069496579,0.4661624592206958,0.6666665555555741,3
POSCAR_Mn2Te8_1_st950,Mn2Te8_1,0.457919,4.48356056587637,4.48356056587637,0.110317069496579,0.4661624592206959,0.6666665555555741,3
POSCAR_Mn2Te8_1_st975,Mn2Te8_1,0.457613,4.601549001820486,4.601549001820486,0.110317069496579,0.4661624592206959,0.6666665555555741,3
POSCAR_Mn2Te8_1_x025,Mn2Te8_1,0.398912,4.78193987310828,4.78193987310828,0.110317069496579,0.4700976746141811,0.6666665555555741,3
POSCAR_Mn2Te8_1_x050,Mn2Te8_1,0.355818,4.84504996984597,4.84504996984597,0.110317069496579,0.4740547412315097,0.6666665555555741,3
POSCAR_Mn2Te8_1_x950,Mn2Te8_1,0.474472,4.596970500870008,4.596970500870008,0.110317069496579,0.4583757483592979,0.6666665555555741,3
POSCAR_Mn2Te8_1_y025,Mn2Te8_1,0.401971,4.71954571752343,4.71954571752343,0.110317069496579,0.4689404788445446,0.6666665555555741,3
POSCAR_Mn2Te8_1_y050,Mn2Te8_1,0.409631,4.719553998124003,4.719553998124003,0.110317069496579,0.4717627732443639,0.6666665555555741,3
POSCAR_Mn2Te8_1_y950,Mn2Te8_1,0.42839,4.719520880638182,4.719520880638182,0.110317069496579,0.4607585532290995,0.6666665555555741,3
POSCAR_Mn2Te8_1_y975,Mn2Te8_1,0.442316,4.719529158780531,4.719529158780531,0.110317069496579,0.4634334973144312,0.6666665555555741,3
POSCAR_Mn2Te8_1_z025,Mn2Te8_1,0.421302,4.775841943379454,4.775841943379454,0.110317069496579,0.4595498439714266,0.6666665555555741,3
POSCAR_Mn2Te8_1_z050,Mn2Te8_1,0.384184,4.832856592341906,4.832856592341906,0.110317069496579,0.4530656881149534,0.6666665555555741,3
POSCAR_Mn2Te8_1_z950,Mn2Te8_1,0.413174,4.609162628864841,4.609162628864841,0.110317069496579,0.4797757182759503,0.6666665555555741,3
POSCAR_Mn2Te8_1_z975,Mn2Te8_1,0.419145,4.663968794575178,4.663968794575178,0.110317069496579,0.4729042734233398,0.6666665555555741,3
POSCAR_Mn2Te8_2,Mn2Te8_2,0.011201,3.866864556577195,3.866864556577195,0.1558854150593251,0.0016300326068081,0.6666665555555741,3
POSCAR_Mn2Te8_2_st025,Mn2Te8_2,0.011463,3.963536170491625,3.963536170491625,0.155885415059325,0.0016300326068081,0.6666665555555741,3
POSCAR_Mn2Te8_2_st050,Mn2Te8_2,0.011347,4.060207784406055,4.060207784406055,0.155885415059325,0.0016300326068081,0.6666665555555741,3
POSCAR_Mn2Te8_2_st950,Mn2Te8_2,0.012551,3.673521328748336,3.673521328748336,0.1558854150593251,0.0016300326068081,0.6666665555555741,3
POSCAR_Mn2Te8_2_st975,Mn2Te8_2,0.012137,3.770192942662765,3.770192942662765,0.1558854150593251,0.001630032606808,0.6666665555555741,3
POSCAR_Mn2Te8_2_x025,Mn2Te8_2,0.011947,3.86686303287851,3.86686303287851,0.1558854150593251,0.0016415104488043,0.6666665555555741,3
POSCAR_Mn2Te8_2_x050,Mn2Te8_2,0.011119,3.866861512145116,3.866861512145116,0.1558854150593251,0.0016529840559481,0.6666665555555741,3
POSCAR_Mn2Te8_2_x950,Mn2Te8_2,0.013089,3.8668676128448185,3.8668676128448185,0.155885415059325,0.0016071012649799,0.6666665555555741,3
POSCAR_Mn2Te8_2_x975,Mn2Te8_2,0.012938,3.866866083228331,3.866866083228331,0.1558854150593251,0.0016185596651795,0.6666665555555741,3
POSCAR_Mn2Te8_2_y025,Mn2Te8_2,0.012666,3.8668661170278393,3.8668661170278393,0.155885415059325,0.0016290869249127,0.6666665555555741,3
POSCAR_Mn2Te8_2_y050,Mn2Te8_2,0.012101,3.866867680211632,3.866867680211632,0.1558854150593251,0.0016280440937465,0.6666665555555741,3
POSCAR_Mn2Te8_2_y950,Mn2Te8_2,0.011969,3.866861443849683,3.866861443849683,0.1558854150593251,0.0016316245702473,0.6666665555555741,3
POSCAR_Mn2Te8_2_y975,Mn2Te8_2,0.012379,3.8668629988468615,3.8668629988468615,0.155885415059325,0.0016308790871699,0.6666665555555741,3
POSCAR_Mn2Te8_2_z025,Mn2Te8_2,0.011019,3.9635361393518016,3.9635361393518016,0.1558854150593251,0.001619386129086,0.6666665555555741,3
POSCAR_Mn2Te8_2_z050,Mn2Te8_2,0.009484,4.060207727442726,4.060207727442726,0.1558854150593251,0.0016086167958091,0.6666665555555741,3
POSCAR_Mn2Te8_2_z950,Mn2Te8_2,0.011532,3.673521408628969,3.673521408628969,0.1558854150593251,0.001650902528019,0.6666665555555741,3
POSCAR_Mn2Te8_2_z975,Mn2Te8_2,0.01167,3.770192979514713,3.770192979514713,0.1558854150593251,0.0016405426726764,0.6666665555555741,3
POSCAR_Mn2Te8_3,Mn2Te8_3,0.277213,3.897552612141901,3.897552612141901,0.1038055279874612,0.0130258864702192,0.6666665555555741,3
POSCAR_Mn2Te8_3_st025,Mn2Te8_3,0.254819,3.994991427445448,3.994991427445448,0.1038055279874613,0.0130258864702192,0.6666665555555741,3
POSCAR_Mn2Te8_3_st050,Mn2Te8_3,0.23221,4.092430242748996,4.092430242748996,0.1038055279874613,0.0130258864702193,0.6666665555555741,3
POSCAR_Mn2Te8_3_st950,Mn2Te8_3,0.318266,3.702674981534806,3.702674981534806,0.1038055279874613,0.0130258864702192,0.6666665555555741,3
POSCAR_Mn2Te8_3_st975,Mn2Te8_3,0.298851,3.800113796838353,3.800113796838353,0.1038055279874612,0.0130258864702193,0.6666665555555741,3
POSCAR_Mn2Te8_3_x025,Mn2Te8_3,0.271849,3.9469386695121456,3.9469386695121456,0.1038055279874613,0.013156013631433,0.6666665555555741,3
POSCAR_Mn2Te8_3_y025,Mn2Te8_3,0.279321,3.946969622244049,3.946969622244049,0.1038055279874613,0.0131200018427123,0.6666665555555741,3
POSCAR_Mn2Tl13_1,Mn2Tl13_1,0.019475,5.863949786302756,5.83636755544415,0.1085913962808934,0.0092472745192041,0.1666666388888935,3
POSCAR_Mn2Tl13_1_st025,Mn2Tl13_1,0.016683,6.010548530960334,5.982276744330253,0.1085913962808937,0.0092472745191986,0.1666666388888935,3
POSCAR_Mn2Tl13_1_st050,Mn2Tl13_1,0.015521,6.157147275617903,6.128185933216357,0.1085913962808937,0.0092472745191986,0.1666666388888935,3
POSCAR_Mn2Tl13_1_st975,Mn2Tl13_1,0.023312,5.717351041645195,5.690458366558046,0.1085913962808937,0.0092472745191985,0.1666666388888935,3
POSCAR_Mn2Tl13_1_x025,Mn2Tl13_1,0.01952,5.8882630832182254,5.8882630832182254,0.1085913962808934,0.009224073988171,0.1666666388888935,3
POSCAR_Mn2Tl13_1_x975,Mn2Tl13_1,0.020524,5.840118518619114,5.690458366544246,0.1085913962808934,0.0092719819543656,0.1666666388888935,3
POSCAR_Mn2Tl13_1_y025,Mn2Tl13_1,0.018102,5.925331482237429,5.836367555464648,0.1085913962808934,0.0092655424591668,0.1666666388888935,3
POSCAR_Mn2Tl13_1_y050,Mn2Tl13_1,0.016684,5.988160285902227,5.836367555464648,0.1085913962808934,0.009284959164474,0.1666666388888935,3
POSCAR_Mn2Tl13_1_y975,Mn2Tl13_1,0.020976,5.804061110576053,5.804061110576053,0.1085913962808934,0.0092302286452608,0.1666666388888935,3
POSCAR_Mn2Tl13_1_z025,Mn2Tl13_1,0.019277,5.926382687058314,5.836367555464647,0.1085913962808934,0.0092542058337762,0.1666666388888935,3
POSCAR_Mn2Tl13_1_z950,Mn2Tl13_1,0.021443,5.74245683209096,5.74245683209096,0.1085913962808934,0.009237491340283,0.1666666388888935,3
POSCAR_Mn2Tl13_1_z975,Mn2Tl13_1,0.021036,5.802629289229399,5.802629289229399,0.1085913962808934,0.0092416792125358,0.1666666388888935,3
POSCAR_Mo2N2_2,Mo2N2_2,0.579884,2.70243529496843,2.70243529496843,0.3333333333333333,0.6391423440094558,0.599999880000024,3
POSCAR_Mo2N2_2_st050,Mo2N2_2,0.746576,2.837557059716852,2.837557059716852,0.3333333333333333,0.6391423440094559,0.599999880000024,3
POSCAR_Mo2N2_2_x025,Mo2N2_2,0.756857,2.702435295117435,2.702435295117435,0.3333333333333334,0.6449465166049049,0.599999880000024,3
POSCAR_Mo2N2_2_x050,Mo2N2_2,0.759437,2.702435295245217,2.702435295245217,0.3333333333333333,0.6508037009626638,0.599999880000024,3
POSCAR_Mo2N2_2_x950,Mo2N2_2,0.797902,2.702435294735144,2.702435294735144,0.3333333333333334,0.6277297722262198,0.599999880000024,3
POSCAR_Mo2N2_2_y025,Mo2N2_2,0.756629,2.7024352949998445,2.7024352949998445,0.3333333333333333,0.6449294174980036,0.599999880000024,3
POSCAR_Mo2N2_2_y050,Mo2N2_2,0.759736,2.7024352950100154,2.7024352950100154,0.3333333333333334,0.6507700139488608,0.599999880000024,3
POSCAR_Mo2N2_2_y950,Mo2N2_2,0.804037,2.7024352949702606,2.7024352949702606,0.3333333333333333,0.627765391521671,0.599999880000024,3
POSCAR_Mo2N2_2_z975,Mo2N2_2,0.599695,2.634874412709029,2.634874412709029,0.3333333333333332,0.6507367503946532,0.599999880000024,3
POSCAR_Mo2N2_4,Mo2N2_4,0.31212,3.4542609753072724,3.2226942150275533,0.0833333333333333,0.76048928902456,0.599999880000024,3
POSCAR_Mo2N2_4_st025,Mo2N2_4,0.24554,3.540617499689968,3.303261570403241,0.0833333333333333,0.7604892890245574,0.599999880000024,3
POSCAR_Mo2N2_4_st050,Mo2N2_4,0.19,3.62697402407265,3.383828925778931,0.0833333333333333,0.7604892890245575,0.599999880000024,3
POSCAR_Mo2N2_4_st975,Mo2N2_4,0.394983,3.367904450924603,3.142126859651865,0.0833333333333333,0.7604892890245573,0.599999880000024,3
POSCAR_Mo2N2_4_x025,Mo2N2_4,0.299043,3.454349826022109,3.222898255422733,0.0833333333333333,0.7598207663136933,0.599999880000024,3
POSCAR_Mo2N2_4_x050,Mo2N2_4,0.286123,3.454646492756261,3.222898255422733,0.0833333333333333,0.7577630234779507,0.599999880000024,3
POSCAR_Mo2N2_4_x950,Mo2N2_4,0.373207,3.409928000963717,3.061702454544209,0.0833333333333333,0.7486666506920577,0.599999880000024,3
POSCAR_Mo2N2_4_x975,Mo2N2_4,0.342742,3.433938201864253,3.142273571684933,0.0833333333333333,0.7546384367789634,0.599999880000024,3
POSCAR_Mo2N2_4_y025,Mo2N2_4,0.29575,3.4587440037745587,3.222844688925494,0.0833333333333333,0.758626769298346,0.599999880000024,3
POSCAR_Mo2N2_4_y050,Mo2N2_4,0.284022,3.4590809688733293,3.222844688925494,0.0833333333333333,0.7565602228907008,0.599999880000024,3
POSCAR_Mo2N2_4_y950,Mo2N2_4,0.375913,3.4058256922732726,3.061753342689064,0.0833333333333333,0.7497897646618964,0.599999880000024,3
POSCAR_Mo2N2_4_y975,Mo2N2_4,0.347447,3.429710610100961,3.142325799030701,0.0833333333333333,0.7557926370708894,0.599999880000024,3
POSCAR_Mo2N2_4_z025,Mo2N2_4,0.28572,3.5159722328597645,3.2226942150043514,0.0833333333333333,0.7564812744552798,0.599999880000024,3
POSCAR_Mo2N2_4_z050,Mo2N2_4,0.257576,3.578104538067572,3.2226942150043514,0.0833333333333333,0.7524895669671121,0.599999880000024,3
POSCAR_Mo2N2_4_z950,Mo2N2_4,0.397349,3.3321950171251715,3.2226942150043514,0.0833333333333333,0.7685686609570473,0.599999880000024,3
POSCAR_Mo2N2_4_z975,Mo2N2_4,0.351974,3.392993739370901,3.2226942150043514,0.0833333333333333,0.7645170785971114,0.599999880000024,3
POSCAR_Mo2O3_1,Mo2O3_1,1.443962,2.7181953684497007,2.7181953684497007,0.2076657427139085,0.6262856659874575,0.799999840000032,3
POSCAR_Mo2O3_1_st025,Mo2O3_1,1.017224,2.7861502526609594,2.7861502526609594,0.2076657427139079,0.626285665987455,0.799999840000032,3
POSCAR_Mo2O3_1_st050,Mo2O3_1,0.660925,2.8541051368722026,2.8541051368722026,0.207665742713908,0.6262856659874553,0.799999840000032,3
POSCAR_Mo2O3_1_st950,Mo2O3_1,1.366798,2.5822856000272303,2.5822856000272303,0.2076657427139079,0.6262856659874554,0.799999840000032,3
POSCAR_Mo2O3_1_st975,Mo2O3_1,1.546168,2.650240484238473,2.650240484238473,0.207665742713908,0.6262856659874554,0.799999840000032,3
POSCAR_Mo2O3_1_x025,Mo2O3_1,1.452999,2.7181953687360205,2.7181953687360205,0.2076657427139085,0.6147795714789541,0.799999840000032,3
POSCAR_Mo2O3_1_x050,Mo2O3_1,1.456187,2.718195369023784,2.718195369023784,0.2076657427139085,0.6034721763368878,0.799999840000032,3
POSCAR_Mo2O3_1_x950,Mo2O3_1,1.400024,2.7181953679183044,2.7181953679183044,0.2076657427139085,0.6498787337056816,0.799999840000032,3
POSCAR_Mo2O3_1_x975,Mo2O3_1,1.426924,2.7181953681832827,2.7181953681832827,0.2076657427139085,0.6379868937697432,0.799999840000032,3
POSCAR_Mo2O4_2,Mo2O4_2,0.731615,3.68340614398026,3.23491622089368,0.1583423453315329,0.7321641926443864,0.799999840000032,3
POSCAR_Mo2O4_2_st025,Mo2O4_2,0.668252,3.7754912975797694,3.3157891264160213,0.158342345331533,0.7321641926443859,0.799999840000032,3
POSCAR_Mo2O4_2_st050,Mo2O4_2,0.613307,3.867576451179276,3.3966620319383645,0.1583423453315331,0.7321641926443863,0.799999840000032,3
POSCAR_Mo2O4_2_st950,Mo2O4_2,0.886503,3.49923583678125,3.073170409848996,0.1583423453315331,0.732164192644386,0.799999840000032,3
POSCAR_Mo2O4_2_st975,Mo2O4_2,0.809936,3.591320990380757,3.1540433153713376,0.158342345331533,0.7321641926443861,0.799999840000032,3
POSCAR_Mo2O4_2_x025,Mo2O4_2,0.681421,3.700464154813226,3.3157891264321657,0.1583423453315329,0.7362263185286302,0.799999840000032,3
POSCAR_Mo2O4_2_x050,Mo2O4_2,0.613316,3.717883590256247,3.3966620319616063,0.1583423453315329,0.7402911928075708,0.799999840000032,3
POSCAR_Mo2O4_2_x950,Mo2O4_2,0.746447,3.6503945557431448,3.073170409842171,0.1583423453315329,0.7240604489525835,0.799999840000032,3
POSCAR_Mo2O4_2_x975,Mo2O4_2,0.749344,3.666714601930072,3.154043315371612,0.1583423453315329,0.7281078369385389,0.799999840000032,3
POSCAR_Mo2O4_2_y025,Mo2O4_2,0.705532,3.7208317708718552,3.2349162209010385,0.1583423453315329,0.7236540199289322,0.799999840000032,3
POSCAR_Mo2O4_2_y050,Mo2O4_2,0.671588,3.7588159912577934,3.2349162209010385,0.1583423453315329,0.71520285566478,0.799999840000032,3
POSCAR_Mo2O4_2_y950,Mo2O4_2,0.773406,3.610299899274918,3.2349162209010385,0.1583423453315329,0.7493343062854168,0.799999840000032,3
POSCAR_Mo2O4_2_y975,Mo2O4_2,0.753762,3.646556309750369,3.2349162209010385,0.1583423453315329,0.7407267043099707,0.799999840000032,3
POSCAR_Mo2O4_2_z025,Mo2O4_2,0.722261,3.7217514393042745,3.2349162209010385,0.1583423453315329,0.7366405155073573,0.799999840000032,3
POSCAR_Mo2O4_2_z050,Mo2O4_2,0.699674,3.760638202874684,3.2349162209010385,0.1583423453315329,0.7411113619384948,0.799999840000032,3
POSCAR_Mo2O4_2_z950,Mo2O4_2,0.722865,3.608408762912035,3.234916220901038,0.158342345331533,0.723211375650619,0.799999840000032,3
POSCAR_Mo2O4_2_z975,Mo2O4_2,0.731223,3.645619402755893,3.234916220901038,0.1583423453315329,0.7276864037293916,0.799999840000032,3
POSCAR_Mo2P4_4,Mo2P4_4,0.476362,4.46905577110258,2.7882762386038467,0.2020098793242949,0.3805859774895574,0.599999880000024,3
POSCAR_Mo2P4_4_st950,Mo2P4_4,0.442223,4.245602982547458,2.6488624266736536,0.2020098793242951,0.3805859774895576,0.599999880000024,3
POSCAR_Mo2P4_4_st975,Mo2P4_4,0.465529,4.357329376825024,2.7185693326387503,0.2020098793242952,0.3805859774895576,0.599999880000024,3
POSCAR_Mo2P4_4_x050,Mo2P4_4,0.349607,4.491283883783396,2.927690050574592,0.202009879324295,0.3728718383164778,0.599999880000024,3
POSCAR_Mo2P4_4_x950,Mo2P4_4,0.392774,4.4478090533613015,2.648862426657956,0.2020098793242949,0.3882664966405314,0.599999880000024,3
POSCAR_Mo2P4_4_x975,Mo2P4_4,0.455044,4.458308845748122,2.7185693326621285,0.202009879324295,0.384432155067289,0.599999880000024,3
POSCAR_Mo2P4_4_y025,Mo2P4_4,0.440591,4.512898777405654,2.7882762385663,0.2020098793242949,0.3795305867744262,0.599999880000024,3
POSCAR_Mo2P4_4_y050,Mo2P4_4,0.432413,4.557387137619251,2.7882762385663,0.202009879324295,0.3785206739739873,0.599999880000024,3
POSCAR_Mo2P4_4_y950,Mo2P4_4,0.507009,4.383382994651517,2.7882762385663,0.202009879324295,0.382836934206283,0.599999880000024,3
POSCAR_Mo2P4_4_y975,Mo2P4_4,0.491332,4.425877297516142,2.7882762385663,0.2020098793242949,0.3816878087500022,0.599999880000024,3
POSCAR_Mo2P4_4_z025,Mo2P4_4,0.473236,4.526742932476527,2.7882762385663,0.2020098793242949,0.385521237941708,0.599999880000024,3
POSCAR_Mo2P4_4_z050,Mo2P4_4,0.477571,4.585101983584189,2.7882762385663,0.202009879324295,0.3904652623819989,0.599999880000024,3
POSCAR_Mo2P4_4_z975,Mo2P4_4,0.481543,4.4120668541194,2.7882762385663,0.202009879324295,0.3756640279803778,0.599999880000024,3
POSCAR_Mo2P8_1,Mo2P8_1,0.196501,4.133422396690822,4.133422396690822,0.1531203691151995,0.3981162181214995,0.599999880000024,3
POSCAR_Mo2P8_1_st025,Mo2P8_1,0.234051,4.236757956608085,4.236757956608085,0.153120369115199,0.3981162181215035,0.599999880000024,3
POSCAR_Mo2P8_1_st050,Mo2P8_1,0.280115,4.340093516525355,4.340093516525355,0.153120369115199,0.3981162181215036,0.599999880000024,3
POSCAR_Mo2P8_1_st950,Mo2P8_1,0.239577,3.926751276856273,3.926751276856273,0.1531203691151991,0.3981162181215034,0.599999880000024,3
POSCAR_Mo2P8_1_st975,Mo2P8_1,0.22951,4.0300868367735445,4.0300868367735445,0.1531203691151991,0.3981162181215034,0.599999880000024,3
POSCAR_Mo2P8_1_x025,Mo2P8_1,0.190387,4.133422397035579,4.133422397035579,0.1531203691151995,0.3936301126869612,0.599999880000024,3
POSCAR_Mo2P8_1_x050,Mo2P8_1,0.306738,4.133422397334744,4.133422397334744,0.1531203691151995,0.3891369199003984,0.599999880000024,3
POSCAR_Mo2P8_1_x950,Mo2P8_1,0.21123,4.133422396138354,4.133422396138354,0.1531203691151995,0.4070506993397033,0.599999880000024,3
POSCAR_Mo2P8_1_x975,Mo2P8_1,0.192415,4.133422396437384,4.133422396437384,0.1531203691151995,0.402591161385246,0.599999880000024,3
POSCAR_Mo2P8_1_y975,Mo2P8_1,0.214951,4.082088571336275,4.082088571336275,0.1531203691151995,0.3958825198299811,0.599999880000024,3
POSCAR_Mo2P8_1_z975,Mo2P8_1,0.214249,4.082077870271754,4.082077870271754,0.1531203691151995,0.3958799887621252,0.599999880000024,3
POSCAR_Mo2Sb2_2,Mo2Sb2_2,1.222819,2.9676708823915843,2.9676708823915843,0.3333333333333334,0.7405768366615686,0.599999880000024,3
POSCAR_Mo2Sb2_2_st025,Mo2Sb2_2,1.179225,3.0418626544513714,3.0418626544513714,0.3333333333333334,0.7405768366615685,0.599999880000024,3
POSCAR_Mo2Sb2_2_st050,Mo2Sb2_2,1.162559,3.1160544265111616,3.1160544265111616,0.3333333333333334,0.7405768366615686,0.599999880000024,3
POSCAR_Mo2Sb2_2_st950,Mo2Sb2_2,1.330672,2.819287338272003,2.819287338272003,0.3333333333333333,0.7405768366615685,0.599999880000024,3
POSCAR_Mo2Sb2_2_st975,Mo2Sb2_2,1.271594,2.893479110331792,2.893479110331792,0.3333333333333333,0.740576836661569,0.599999880000024,3
POSCAR_Mo2Sb2_2_x025,Mo2Sb2_2,1.208829,2.9676708825004385,2.9676708825004385,0.3333333333333333,0.7455077587470369,0.599999880000024,3
POSCAR_Mo2Sb2_2_x050,Mo2Sb2_2,1.197117,2.9676708826232456,2.9676708826232456,0.3333333333333333,0.750489821655476,0.599999880000024,3
POSCAR_Mo2Sb2_2_x950,Mo2Sb2_2,1.263536,2.967670882146641,2.967670882146641,0.3333333333333333,0.7309057724182898,0.599999880000024,3
POSCAR_Mo2Sb2_2_x975,Mo2Sb2_2,1.236153,2.9676708822621363,2.9676708822621363,0.3333333333333333,0.7357063137952143,0.599999880000024,3
POSCAR_Mo2Sb2_2_y025,Mo2Sb2_2,1.261591,2.967670882419305,2.967670882419305,0.3333333333333333,0.7453162995186332,0.599999880000024,3
POSCAR_Mo2Sb2_2_y050,Mo2Sb2_2,1.210688,2.9676708824588784,2.9676708824588784,0.3333333333333332,0.750115083375884,0.599999880000024,3
POSCAR_Mo2Sb2_2_y950,Mo2Sb2_2,1.278745,2.967670882302599,2.967670882302599,0.3333333333333333,0.7313115145046293,0.599999880000024,3
POSCAR_Mo2Sb2_2_y975,Mo2Sb2_2,1.245622,2.967670882341165,2.967670882341165,0.3333333333333333,0.7359055416374354,0.599999880000024,3
POSCAR_Mo2Sb2_2_z025,Mo2Sb2_2,1.198107,3.0418626542935137,3.0418626542935137,0.3333333333333333,0.7309737138709448,0.599999880000024,3
POSCAR_Mo2Sb2_2_z050,Mo2Sb2_2,1.169259,3.116054426208708,3.116054426208708,0.3333333333333333,0.7213884386745136,0.599999880000024,3
POSCAR_Mo2Sb2_2_z950,Mo2Sb2_2,1.270415,2.8192873386089614,2.8192873386089614,0.3333333333333333,0.7598011248861117,0.599999880000024,3
POSCAR_Mo2Sb2_2_z975,Mo2Sb2_2,1.255148,2.893479110468503,2.893479110468503,0.3333333333333333,0.7501890530941236,0.599999880000024,3
POSCAR_Mo2Se2_1,Mo2Se2_1,0.89678,3.23463501627972,3.23463501627972,0.5364076966511381,0.8612406940018591,0.799999840000032,2
POSCAR_Mo2Se2_1_st025,Mo2Se2_1,0.814212,3.3155008916866904,3.3155008916866904,0.5364076966511379,0.8612406940018594,0.799999840000032,2
POSCAR_Mo2Se2_1_st050,Mo2Se2_1,0.734877,3.396366767093684,3.396366767093684,0.5364076966511377,0.8612406940018593,0.799999840000032,2
POSCAR_Mo2Se2_1_st950,Mo2Se2_1,1.037507,3.0729032654657136,3.0729032654657136,0.5364076966511376,0.8612406940018591,0.799999840000032,2
POSCAR_Mo2Se2_1_st975,Mo2Se2_1,0.975994,3.153769140872706,3.153769140872706,0.5056251434142738,0.8612406940018592,0.799999840000032,2
POSCAR_Mo2Se2_1_z025,Mo2Se2_1,0.885288,3.300696137332156,3.300696137332156,0.5353874103495382,0.8439752234240195,0.799999840000032,2
POSCAR_Mo2Se2_1_z050,Mo2Se2_1,0.859288,3.367646238822947,3.367646238822947,0.5344214968785004,0.8269996426134598,0.799999840000032,2
POSCAR_Mo2Se2_1_z950,Mo2Se2_1,0.874903,3.105405895030744,3.105405895030744,0.5077203056572723,0.8966125267142225,0.799999840000032,2
POSCAR_Mo2Se2_1_z975,Mo2Se2_1,0.8931,3.169518462234204,3.169518462234204,0.5066424900066357,0.8787891956441486,0.799999840000032,2
POSCAR_Mo2Sn4_1,Mo2Sn4_1,0.05732,2.811411204084985,2.811411204084985,0.323841643428639,0.0005534534152867,0.399999920000016,3
POSCAR_Mo2Sn4_1_x025,Mo2Sn4_1,0.005779,2.8472565791924924,2.8472565791924924,0.3238416434286391,0.0005514313028931,0.399999920000016,3
POSCAR_Mo2Sn4_1_x050,Mo2Sn4_1,0.005198,2.8843799419601472,2.8843799419601472,0.3238416434286391,0.0005495756113056,0.399999920000016,3
POSCAR_Mo2Sn4_1_y050,Mo2Sn4_1,0.005108,2.811403330081643,2.811403330081643,0.3238416434286391,0.0005596572737115,0.399999920000016,3
POSCAR_Mo2Sn4_1_y950,Mo2Sn4_1,0.004465,2.811419078158549,2.811419078158549,0.3238416434286391,0.0005475219014506,0.399999920000016,3
POSCAR_Mo2Sn4_1_z025,Mo2Sn4_1,0.005554,2.8471659337463424,2.8471659337463424,0.323841643428639,0.0005525931396533,0.399999920000016,3
POSCAR_Mo2Sn4_1_z050,Mo2Sn4_1,0.005669,2.884198772235751,2.884198772235751,0.3238416434286389,0.0005518740323253,0.399999920000016,3
POSCAR_Mo2Sn4_1_z975,Mo2Sn4_1,0.005089,2.776983952062884,2.776983952062884,0.323841643428639,0.0005544599458008,0.399999920000016,3
POSCAR_Mo2Sn5_1,Mo2Sn5_1,0.011958,3.696542901491848,3.696542901491848,0.3099371703897197,0.0018932451139815,0.399999920000016,3
POSCAR_Mo2Sn5_1_st025,Mo2Sn5_1,0.011758,3.7889564740291584,3.7889564740291584,0.3099371703897206,0.0018932451139865,0.399999920000016,3
POSCAR_Mo2Sn5_1_st050,Mo2Sn5_1,0.011218,3.881370046566456,3.881370046566456,0.3099371703897206,0.0018932451139864,0.399999920000016,3
POSCAR_Mo2Sn5_1_st975,Mo2Sn5_1,0.01105,3.6041293289545657,3.6041293289545657,0.3099371703897207,0.0018932451139864,0.399999920000016,3
POSCAR_Mo2Sn5_1_x025,Mo2Sn5_1,0.012221,3.696669545348103,3.696669545348103,0.3099371703897197,0.0018724073185396,0.399999920000016,3
POSCAR_Mo2Sn5_1_x050,Mo2Sn5_1,0.011792,3.697022974240922,3.697022974240922,0.3099371703897197,0.0018518946595615,0.399999920000016,3
POSCAR_Mo2Sn5_1_z050,Mo2Sn5_1,0.013093,3.8274219923100254,3.8274219923100254,0.2519825064543743,0.0018263150038163,0.399999920000016,3
POSCAR_Mo2Te2_1,Mo2Te2_1,0.911697,3.2839290376153705,3.2839290376153705,0.3333333333333332,0.721772568011962,0.799999840000032,3
POSCAR_Mo2Te2_1_st025,Mo2Te2_1,0.827894,3.366027263555776,3.366027263555776,0.3333333333333333,0.7217725680119619,0.799999840000032,3
POSCAR_Mo2Te2_1_st050,Mo2Te2_1,0.753871,3.448125489496162,3.448125489496162,0.5427542543152105,0.8511302173949593,0.799999840000032,2
POSCAR_Mo2Te2_1_st950,Mo2Te2_1,1.100611,3.119732585734622,3.119732585734622,0.3333333333333332,0.721772568011962,0.799999840000032,3
POSCAR_Mo2Te2_1_st975,Mo2Te2_1,1.005254,3.2018308116750074,3.2018308116750074,0.3333333333333332,0.7217725680119618,0.799999840000032,3
POSCAR_Mo2Te2_1_z025,Mo2Te2_1,0.866522,3.353417545258869,3.353417545258869,0.3333333333333333,0.712602859565079,0.799999840000032,3
POSCAR_Mo2Te2_1_z050,Mo2Te2_1,0.813679,3.4238951898257417,3.4238951898257417,0.3333333333333333,0.7033985791130719,0.799999840000032,3
POSCAR_Mo2Te2_1_z950,Mo2Te2_1,0.966295,3.148180505235484,3.148180505235484,0.3333333333333333,0.7399628575649296,0.799999840000032,3
POSCAR_Mo2Te2_1_z975,Mo2Te2_1,0.946142,3.2154937947542765,3.2154937947542765,0.3333333333333332,0.7308964663386398,0.799999840000032,3
POSCAR_N2V2_1,N2V2_1,1.108168,2.805652622559065,2.758310941693109,0.25,0.403307791669258,0.7499998125000469,3
POSCAR_N2V2_1_st025,N2V2_1,1.102387,2.875793938123053,2.8272687152354368,0.25,0.403307791669258,0.7499998125000469,3
POSCAR_N2V2_1_st050,N2V2_1,1.469193,2.9459352536870296,2.8962264887777653,0.25,0.4033077916692583,0.7499998125000469,3
POSCAR_N2V2_1_st975,N2V2_1,1.416518,2.7355113069951,2.6893531681507814,0.2499999999999999,0.403307791669258,0.7499998125000469,3
POSCAR_N2V2_1_z025,N2V2_1,1.153033,2.8519163256651607,2.7583109417353966,0.25,0.4025109322257318,0.7499998125000469,3
POSCAR_N2V2_1_z950,N2V2_1,1.222391,2.682412917378758,2.682412917378758,0.2500000000000001,0.4047890676700368,0.7499998125000469,3
POSCAR_N2V2_1_z975,N2V2_1,1.134111,2.7439326293324147,2.7439326293324147,0.25,0.4040670006624394,0.7499998125000469,3
POSCAR_N2V2_7,N2V2_7,0.120901,3.133969146552783,3.133969146552783,0.0833333333333333,0.7942150051757949,0.7499998125000469,3
POSCAR_N2V2_7_st025,N2V2_7,0.119577,3.2123183752165865,3.2123183752165865,0.0833333333333333,0.7942150051757944,0.7499998125000469,3
POSCAR_N2V2_7_st050,N2V2_7,0.121726,3.290667603880407,3.290667603880407,0.0833333333333333,0.7942150051757939,0.7499998125000469,3
POSCAR_N2V2_7_st975,N2V2_7,0.139245,3.0556199178889485,3.0556199178889485,0.0833333333333333,0.7942150051757942,0.7499998125000469,3
POSCAR_N2V2_7_x025,N2V2_7,0.149414,3.134114644234499,3.134114644234499,0.0833333333333333,0.7901197541113654,0.7499998125000469,3
POSCAR_N2V2_7_x050,N2V2_7,0.176155,3.13451829982071,3.13451829982071,0.0833333333333333,0.7860004840329153,0.7499998125000469,3
POSCAR_N2V2_7_x950,N2V2_7,0.171011,3.074196039949708,3.074196039949708,0.0833333333333333,0.781709652748465,0.7499998125000469,3
POSCAR_N2V2_7_x975,N2V2_7,0.143762,3.10404362902053,3.10404362902053,0.0833333333333333,0.7879376643060366,0.7499998125000469,3
POSCAR_N2V2_7_y025,N2V2_7,0.150702,3.1347582536078336,3.1347582536078336,0.0833333333333333,0.790069369480834,0.7499998125000469,3
POSCAR_N2V2_7_y050,N2V2_7,0.17773,3.1351360112084423,3.1351360112084423,0.0833333333333333,0.7859491220978667,0.7499998125000469,3
POSCAR_N2V2_7_y950,N2V2_7,0.169259,3.0736641167563463,3.0736641167563463,0.0833333333333333,0.7817584639299132,0.7499998125000469,3
POSCAR_N2V2_7_y975,N2V2_7,0.142571,3.103442330874884,3.103442330874884,0.0833333333333333,0.7879867708743538,0.7499998125000469,3
POSCAR_N2V2_7_z025,N2V2_7,0.09989,3.181639021049405,3.181639021049405,0.0833333333333333,0.7921157496266468,0.7499998125000469,3
POSCAR_N2V2_7_z050,N2V2_7,0.081571,3.2297570628710064,3.2297570628710064,0.0833333333333333,0.790083777985072,0.7499998125000469,3
POSCAR_N2V2_7_z950,N2V2_7,0.18963,3.040058032628677,3.040058032628677,0.0833333333333333,0.7986430453644396,0.7499998125000469,3
POSCAR_N2V2_7_z975,N2V2_7,0.152506,3.0867682029395542,3.0867682029395542,0.0833333333333333,0.7963883435247667,0.7499998125000469,3
POSCAR_N4Nb2_4,N4Nb2_4,0.222894,3.850300771562375,3.128005055293241,0.2094878087939198,0.6902199339396897,0.7499998125000469,3
POSCAR_N4Nb2_4_st025,N4Nb2_4,0.261911,3.946558290851434,3.206205181675572,0.2094878087939188,0.6902199339396918,0.7499998125000469,3
POSCAR_N4Nb2_4_st050,N4Nb2_4,0.255789,4.042815810140495,3.284405308057903,0.2094878087939188,0.6902199339396917,0.7499998125000469,3
POSCAR_N4Nb2_4_st950,N4Nb2_4,0.30315,3.657785732984257,2.971604802528579,0.2094878087939188,0.6902199339396917,0.7499998125000469,3
POSCAR_N4Nb2_4_st975,N4Nb2_4,0.262719,3.754043252273316,3.0498049289109104,0.2094878087939189,0.6902199339396915,0.7499998125000469,3
POSCAR_N4Nb2_4_x025,N4Nb2_4,0.298641,3.8503007716356414,3.1281133315991068,0.2094878087939197,0.6955944566220058,0.7499998125000469,3
POSCAR_N4Nb2_4_x050,N4Nb2_4,0.31756,3.850300771685127,3.1281133315991068,0.2094878087939198,0.7010221319157446,0.7499998125000469,3
POSCAR_N4Nb2_4_x950,N4Nb2_4,0.330481,3.8503007714877433,2.9716510438274906,0.2094878087939198,0.6796670582898439,0.7499998125000469,3
POSCAR_N4Nb2_4_x975,N4Nb2_4,0.258821,3.850300771536952,3.049852387104588,0.2094878087939198,0.6849076636392919,0.7499998125000469,3
POSCAR_N4Nb2_4_y025,N4Nb2_4,0.299383,3.8503007723989735,3.1280537302815663,0.2094878087939197,0.6955954037472426,0.7499998125000469,3
POSCAR_N4Nb2_4_y050,N4Nb2_4,0.318358,3.850300773220545,3.128053730281567,0.2094878087939197,0.701024028415493,0.7499998125000469,3
POSCAR_N4Nb2_4_y950,N4Nb2_4,0.329706,3.850300769987317,2.971707665049437,0.2094878087939198,0.6796651714301907,0.7499998125000469,3
POSCAR_N4Nb2_4_y975,N4Nb2_4,0.258611,3.850300770782364,3.049910498367602,0.2094878087939197,0.6849067189298456,0.7499998125000469,3
POSCAR_N4Nb2_4_z025,N4Nb2_4,0.214071,3.946558289980556,3.1280050553139005,0.2094878087939199,0.6795626083864318,0.7499998125000469,3
POSCAR_N4Nb2_4_z050,N4Nb2_4,0.195665,4.042815808433977,3.1280050553139005,0.2094878087939198,0.6689782207214416,0.7499998125000469,3
POSCAR_N4Nb2_4_z950,N4Nb2_4,0.230358,3.657785734727956,3.1280050553139005,0.2094878087939198,0.7117163139122705,0.7499998125000469,3
POSCAR_N4Nb2_4_z975,N4Nb2_4,0.224973,3.754043253151812,3.1280050553139005,0.2094878087939198,0.7009411095652494,0.7499998125000469,3
POSCAR_Nb2Se2_2,Nb2Se2_2,0.462368,3.0049453422330688,3.0049453422330688,0.3333333333333333,0.7159129786575845,0.9999997500000624,3
POSCAR_Nb2Se2_2_st025,Nb2Se2_2,0.382535,3.080068975788904,3.080068975788904,0.3333333333333333,0.7159129786575844,0.9999997500000624,3
POSCAR_Nb2Se2_2_st050,Nb2Se2_2,0.335034,3.155192609344731,3.155192609344731,0.3333333333333333,0.7159129786575845,0.9999997500000624,3
POSCAR_Nb2Se2_2_st950,Nb2Se2_2,0.684349,2.8546980751214224,2.8546980751214224,0.3333333333333333,0.7159129786575847,0.9999997500000624,3
POSCAR_Nb2Se2_2_st975,Nb2Se2_2,0.561601,2.9298217086772502,2.9298217086772502,0.3333333333333332,0.7159129786575845,0.9999997500000624,3
POSCAR_Nb2Se2_2_x025,Nb2Se2_2,0.45016,3.004945342220628,3.004945342220628,0.3333333333333333,0.7210243989478943,0.9999997500000624,3
POSCAR_Nb2Se2_2_x050,Nb2Se2_2,0.444516,3.0049453422150463,3.0049453422150463,0.3333333333333333,0.7261906548606077,0.9999997500000624,3
POSCAR_Nb2Se2_2_x950,Nb2Se2_2,0.580014,3.0049453422373857,3.0049453422373857,0.3333333333333332,0.7058913531782562,0.9999997500000624,3
POSCAR_Nb2Se2_2_x975,Nb2Se2_2,0.52018,3.0049453422317973,3.0049453422317973,0.3333333333333332,0.7108654964758498,0.9999997500000624,3
POSCAR_Nb2Se2_2_y025,Nb2Se2_2,0.451367,3.004945341797294,3.004945341797294,0.3333333333333333,0.7210313125223872,0.9999997500000624,3
POSCAR_Nb2Se2_2_y050,Nb2Se2_2,0.44584,3.00494534141808,3.00494534141808,0.3333333333333332,0.7262040930465965,0.9999997500000624,3
POSCAR_Nb2Se2_2_y950,Nb2Se2_2,0.578925,3.0049453432331905,3.0049453432331905,0.3333333333333333,0.7058764383575389,0.9999997500000624,3
POSCAR_Nb2Se2_2_y975,Nb2Se2_2,0.519049,3.004945342704844,3.004945342704844,0.3333333333333333,0.7108582129387166,0.9999997500000624,3
POSCAR_Nb2Se2_2_z025,Nb2Se2_2,0.442399,3.080068976260754,3.080068976260754,0.3333333333333333,0.7057627553218306,0.9999997500000624,3
POSCAR_Nb2Se2_2_z050,Nb2Se2_2,0.420528,3.155192610341838,3.155192610341838,0.3333333333333335,0.6956562024794535,0.9999997500000624,3
POSCAR_Nb2Se2_2_z950,Nb2Se2_2,0.486074,2.8546980743117274,2.8546980743117274,0.3333333333333333,0.7363076070546727,0.9999997500000624,3
POSCAR_Nb2Se2_2_z975,Nb2Se2_2,0.47799,2.929821708242072,2.929821708242072,0.3333333333333333,0.7260978163132364,0.9999997500000624,3
POSCAR_Nb2Te2_4,Nb2Te2_4,0.628306,3.02992460078659,3.02992460078659,0.3333333333333333,0.7447265887382104,0.9999997500000624,3
POSCAR_Nb2Te2_4_st025,Nb2Te2_4,0.60209,3.105672715806251,3.105672715806251,0.3333333333333333,0.7447265887382103,0.9999997500000624,3
POSCAR_Nb2Te2_4_st050,Nb2Te2_4,0.542621,3.181420830825916,3.181420830825916,0.3333333333333333,0.7447265887382102,0.9999997500000624,3
POSCAR_Nb2Te2_4_st950,Nb2Te2_4,0.79053,2.8784283707472573,2.8784283707472573,0.3333333333333333,0.7447265887382101,0.9999997500000624,3
POSCAR_Nb2Te2_4_st975,Nb2Te2_4,0.665194,2.9541764857669217,2.9541764857669217,0.3333333333333332,0.74472658873821,0.9999997500000624,3
POSCAR_Nb2Te2_4_x025,Nb2Te2_4,0.664511,3.0299246009110923,3.0299246009110923,0.3333333333333333,0.7495159133874931,0.9999997500000624,3
POSCAR_Nb2Te2_4_x050,Nb2Te2_4,0.638597,3.029924601061439,3.029924601061439,0.3333333333333333,0.7543635279824978,0.9999997500000624,3
POSCAR_Nb2Te2_4_x950,Nb2Te2_4,0.68954,3.0299246004836133,3.0299246004836133,0.3333333333333333,0.7353598757374735,0.9999997500000624,3
POSCAR_Nb2Te2_4_x975,Nb2Te2_4,0.630268,3.0299246006221794,3.0299246006221794,0.3333333333333333,0.7400047502754126,0.9999997500000624,3
POSCAR_Nb2Te2_4_y025,Nb2Te2_4,0.665748,3.029924600775336,3.029924600775336,0.3333333333333333,0.7495073351328673,0.9999997500000624,3
POSCAR_Nb2Te2_4_y050,Nb2Te2_4,0.640583,3.0299246007886094,3.0299246007886094,0.3333333333333333,0.7543468478451204,0.9999997500000624,3
POSCAR_Nb2Te2_4_y950,Nb2Te2_4,0.690825,3.0299246007511864,3.0299246007511864,0.3333333333333334,0.7353783581796646,0.9999997500000624,3
POSCAR_Nb2Te2_4_y975,Nb2Te2_4,0.630725,3.0299246007566234,3.0299246007566234,0.3333333333333333,0.7400137801650457,0.9999997500000624,3
POSCAR_Nb2Te2_4_z025,Nb2Te2_4,0.591742,3.1056727156366004,3.1056727156366004,0.3333333333333333,0.7352250917041866,0.9999997500000624,3
POSCAR_Nb2Te2_4_z050,Nb2Te2_4,0.565268,3.181420830511604,3.181420830511604,0.3333333333333332,0.7257372449509897,0.9999997500000624,3
POSCAR_Nb2Te2_4_z950,Nb2Te2_4,0.627079,2.878428371081064,2.878428371081064,0.3333333333333333,0.7637353668200801,0.9999997500000624,3
POSCAR_Nb2Te2_4_z975,Nb2Te2_4,0.621767,2.954176485946056,2.954176485946056,0.3333333333333332,0.754233060344548,0.9999997500000624,3
POSCAR_Ni2O2_5,Ni2O2_5,0.674205,2.4906984234747576,2.4906984234747576,0.3333333333333333,0.6456091704701669,0.4444443950617339,3
POSCAR_Ni2O2_5_st025,Ni2O2_5,0.618544,2.552965884061627,2.552965884061627,0.3333333333333333,0.6456091704701669,0.4444443950617339,3
POSCAR_Ni2O2_5_st050,Ni2O2_5,0.558133,2.615233344648496,2.615233344648496,0.3333333333333333,0.6456091704701667,0.4444443950617339,3
POSCAR_Ni2O2_5_st950,Ni2O2_5,0.771302,2.36616350230102,2.36616350230102,0.3333333333333332,0.645609170470167,0.4444443950617339,3
POSCAR_Ni2O2_5_st975,Ni2O2_5,0.742822,2.4284309628878886,2.4284309628878886,0.3333333333333333,0.6456091704701669,0.4444443950617339,3
POSCAR_Ni2O2_5_x025,Ni2O2_5,0.670308,2.490698451772066,2.490698451772066,0.3333333333333333,0.6513586538828835,0.4444443950617339,3
POSCAR_Ni2O2_5_x050,Ni2O2_5,0.640898,2.490698480201694,2.490698480201694,0.3333333333333333,0.6571611558828064,0.4444443950617339,3
POSCAR_Ni2O2_5_x950,Ni2O2_5,0.718918,2.490698367134112,2.490698367134112,0.3333333333333335,0.6343059590438654,0.4444443950617339,3
POSCAR_Ni2O2_5_x975,Ni2O2_5,0.704648,2.490698395238263,2.490698395238263,0.3333333333333333,0.6399217994180871,0.4444443950617339,3
POSCAR_Ni2O2_5_y025,Ni2O2_5,0.670335,2.4906985050580244,2.4906985050580244,0.3333333333333333,0.6513586376613762,0.4444443950617339,3
POSCAR_Ni2O2_5_y050,Ni2O2_5,0.640825,2.490698587404829,2.490698587404829,0.3333333333333333,0.6571611623085728,0.4444443950617339,3
POSCAR_Ni2O2_5_y950,Ni2O2_5,0.71923,2.4906982624556737,2.4906982624556737,0.3333333333333333,0.6343061013643354,0.4444443950617339,3
POSCAR_Ni2O2_5_y975,Ni2O2_5,0.704988,2.4906983425834177,2.4906983425834177,0.3333333333333333,0.6399218528819157,0.4444443950617339,3
POSCAR_Ni2O2_5_z025,Ni2O2_5,0.647516,2.552965775092459,2.552965775092459,0.3333333333333333,0.6342304130492954,0.4444443950617339,3
POSCAR_Ni2O2_5_z050,Ni2O2_5,0.504468,2.615233127785348,2.615233127785348,0.3333333333333333,0.6229793935052514,0.4444443950617339,3
POSCAR_Ni2O2_5_z950,Ni2O2_5,0.720425,2.3661637237038726,2.3661637237038726,0.3333333333333334,0.668715379707571,0.4444443950617339,3
POSCAR_Ni2O2_5_z975,Ni2O2_5,0.704549,2.4284310729915783,2.4284310729915783,0.3333333333333334,0.6571072721545868,0.4444443950617339,3
POSCAR_Ni2O4_1,Ni2O4_1,0.346446,3.410552112131508,3.0643048159687925,0.2053058942253042,0.2382675960326943,0.4444443950617339,3
POSCAR_Ni2O4_1_st025,Ni2O4_1,0.327731,3.495815914934802,3.140912436368012,0.2053058942253045,0.2382675960326945,0.4444443950617339,3
POSCAR_Ni2O4_1_st050,Ni2O4_1,0.302493,3.5810797177380898,3.2175200567672326,0.2053058942253045,0.2382675960326945,0.4444443950617339,3
POSCAR_Ni2O4_1_st950,Ni2O4_1,0.331593,3.2400245065249385,2.9110895751703527,0.2053058942253045,0.2382675960326944,0.4444443950617339,3
POSCAR_Ni2O4_1_st975,Ni2O4_1,0.323627,3.3252883093282266,2.987697195569573,0.2053058942253045,0.2382675960326945,0.4444443950617339,3
POSCAR_Ni2O4_1_x025,Ni2O4_1,0.36699,3.42791334151374,3.1409124364097125,0.2053058942253041,0.2338761208811521,0.4444443950617339,3
POSCAR_Ni2O4_1_x050,Ni2O4_1,0.377253,3.44561283843064,3.2175200567464954,0.2053058942253042,0.2295603183702945,0.4444443950617339,3
POSCAR_Ni2O4_1_x950,Ni2O4_1,0.26499,3.3768652236415773,2.9110895751992607,0.2053058942253041,0.2472716044082774,0.4444443950617339,3
POSCAR_Ni2O4_1_x975,Ni2O4_1,0.320077,3.393534341938456,2.987697195536096,0.2053058942253042,0.2427333456125921,0.4444443950617339,3
POSCAR_Ni2O4_1_y025,Ni2O4_1,0.399804,3.437065599475595,3.064304815972878,0.2053058942253042,0.240439428720438,0.4444443950617339,3
POSCAR_Ni2O4_1_y050,Ni2O4_1,0.414298,3.4640235266598896,3.064304815972878,0.2053058942253042,0.242606185737872,0.4444443950617339,3
POSCAR_Ni2O4_1_y950,Ni2O4_1,0.206254,3.3589003790189937,3.064304815972878,0.2053058942253042,0.2339159253004687,0.4444443950617339,3
POSCAR_Ni2O4_1_y975,Ni2O4_1,0.27304,3.3844935096127458,3.064304815972878,0.2053058942253042,0.2360924647537115,0.4444443950617339,3
POSCAR_Ni2O4_1_z025,Ni2O4_1,0.243854,3.4526010530087987,3.064304815972878,0.2053058942253042,0.2405376002782424,0.4444443950617339,3
POSCAR_Ni2O4_1_z050,Ni2O4_1,0.202171,3.4951638860488536,3.064304815972878,0.2053058942253042,0.2428356312611399,0.4444443950617339,3
POSCAR_Ni2O4_1_z950,Ni2O4_1,0.507733,3.3280735838240125,3.0643048159728776,0.2053058942253041,0.2338227577266046,0.4444443950617339,3
POSCAR_Ni2O4_1_z975,Ni2O4_1,0.446597,3.36903630520919,3.064304815972878,0.2053058942253041,0.2360283599874768,0.4444443950617339,3
POSCAR_Ni2O4_2,Ni2O4_2,0.336583,3.415425402003311,3.074980109753963,0.2052733226900089,0.2376042099321739,0.4444443950617339,3
POSCAR_Ni2O4_2_st025,Ni2O4_2,0.317546,3.500811037053424,3.151854612497812,0.2052733226900086,0.2376042099321761,0.4444443950617339,3
POSCAR_Ni2O4_2_st050,Ni2O4_2,0.292721,3.586196672103507,3.228729115241661,0.2052733226900086,0.2376042099321764,0.4444443950617339,3
POSCAR_Ni2O4_2_st950,Ni2O4_2,0.323947,3.244654131903173,2.9212311042662646,0.2052733226900086,0.2376042099321762,0.4444443950617339,3
POSCAR_Ni2O4_2_st975,Ni2O4_2,0.347432,3.3300397669532567,2.998105607010113,0.2052733226900086,0.2376042099321761,0.4444443950617339,3
POSCAR_Ni2O4_2_x025,Ni2O4_2,0.356151,3.432869600813542,3.151854612458528,0.205273322690009,0.233208223373071,0.4444443950617339,3
POSCAR_Ni2O4_2_x050,Ni2O4_2,0.36545,3.4506534730074843,3.22872911520141,0.205273322690009,0.2288887007350555,0.4444443950617339,3
POSCAR_Ni2O4_2_x950,Ni2O4_2,0.258231,3.3815769489708662,2.921231104229879,0.2052733226900089,0.2466197867260815,0.4444443950617339,3
POSCAR_Ni2O4_2_x975,Ni2O4_2,0.31081,3.3983261073219526,2.9981056069727616,0.2052733226900089,0.2420753051652749,0.4444443950617339,3
POSCAR_Ni2O4_2_y025,Ni2O4_2,0.392305,3.4418242889232453,3.0749801097156446,0.205273322690009,0.2397868168732616,0.4444443950617339,3
POSCAR_Ni2O4_2_y050,Ni2O4_2,0.409224,3.468666933958052,3.0749801097156446,0.2052733226900089,0.2419645973570441,0.4444443950617339,3
POSCAR_Ni2O4_2_y950,Ni2O4_2,0.197409,3.364000515770495,3.0749801097156446,0.2052733226900089,0.2332317887502314,0.4444443950617339,3
POSCAR_Ni2O4_2_y975,Ni2O4_2,0.262714,3.38948064181168,3.0749801097156446,0.205273322690009,0.2354185663012618,0.4444443950617339,3
POSCAR_Ni2O4_2_z025,Ni2O4_2,0.25158,3.457628616240953,3.0749801097156446,0.205273322690009,0.2398684434638562,0.4444443950617339,3
POSCAR_Ni2O4_2_z050,Ni2O4_2,0.197509,3.5003465932704634,3.0749801097156446,0.2052733226900089,0.2421606130027231,0.4444443950617339,3
POSCAR_Ni2O4_2_z950,Ni2O4_2,0.502922,3.3326412491096056,3.0749801097156446,0.205273322690009,0.2331706252636627,0.4444443950617339,3
POSCAR_Ni2O4_2_z975,Ni2O4_2,0.438923,3.373756268459783,3.0749801097156446,0.205273322690009,0.2353706499286162,0.4444443950617339,3
POSCAR_Ni2P4_1,Ni2P4_1,0.083516,3.8877436947456094,3.312385006573014,0.1849004203245794,0.4482740167478888,0.3333332962963004,3
POSCAR_Ni2P4_1_st025,Ni2P4_1,0.209359,3.9849372871142585,3.39519463173734,0.184900420324579,0.4482740167478978,0.3333332962963004,3
POSCAR_Ni2P4_1_x025,Ni2P4_1,0.020287,3.905559892069901,3.395194631780847,0.1849004203245794,0.4401881005887159,0.3333332962963004,3
POSCAR_Ni2P4_1_y025,Ni2P4_1,0.030735,3.919889973531422,3.312385006595947,0.1849004203245794,0.4517301403297484,0.3333332962963004,3
POSCAR_Ni2P4_1_z025,Ni2P4_1,0.020887,3.935719986919065,3.312385006595947,0.1849004203245795,0.4529765312270568,0.3333332962963004,3
POSCAR_Ni2P8_1,Ni2P8_1,0.953765,4.303246043600597,4.303246043600597,0.1217561899062158,0.4593653660845337,0.3333332962963004,3
POSCAR_Ni2P8_1_st025,Ni2P8_1,0.822679,4.41082719469062,4.41082719469062,0.1217561899062156,0.4593653660845381,0.3333332962963004,3
POSCAR_Ni2P8_1_st050,Ni2P8_1,0.711113,4.518408345780634,4.518408345780634,0.1217561899062157,0.4593653660845381,0.3333332962963004,3
POSCAR_Ni2P8_1_st950,Ni2P8_1,0.853656,4.088083741420573,4.088083741420573,0.1217561899062157,0.459365366084538,0.3333332962963004,3
POSCAR_Ni2P8_1_x025,Ni2P8_1,0.848588,4.338018122354826,4.338018122354826,0.1217561899062157,0.4625231203202216,0.3333332962963004,3
POSCAR_Ni2P8_1_x050,Ni2P8_1,0.750589,4.373362831369977,4.373362831369977,0.1217561899062157,0.4656604216172779,0.3333332962963004,3
POSCAR_Ni2P8_1_x975,Ni2P8_1,0.955907,4.269060587437019,4.269060587437019,0.1217561899062157,0.4561896951641775,0.3333332962963004,3
POSCAR_Ni2P8_1_y025,Ni2P8_1,0.91561,4.303245812563522,4.303245812563522,0.1217561899062157,0.4567988797233121,0.3333332962963004,3
POSCAR_Ni2P8_1_y050,Ni2P8_1,0.858492,4.3032455815708905,4.3032455815708905,0.1217561899062157,0.4542377166564051,0.3333332962963004,3
POSCAR_Ni2P8_1_z025,Ni2P8_1,0.915946,4.376634703752433,4.376634703752433,0.1217561899062157,0.4587746513445204,0.3333332962963004,3
POSCAR_Ni2P8_1_z050,Ni2P8_1,0.799391,4.450581095693048,4.450581095693048,0.1217561899062157,0.4582007972825536,0.3333332962963004,3
POSCAR_Ni2P8_1_z950,Ni2P8_1,0.847307,4.15825981592292,4.15825981592292,0.1217561899062157,0.4605948422669923,0.3333332962963004,3
POSCAR_Ni2Pb1_1,Ni2Pb1_1,0.012007,2.6263643563505843,2.6263643563505843,0.3333333333333332,0.0010969509318922,0.2222221975308669,3
POSCAR_Ni2Pb2_1,Ni2Pb2_1,0.012211,2.46787403227792,2.46787403227792,0.3333333333333333,0.7920058400100702,0.2222221975308669,3
POSCAR_Ni2S4_2,Ni2S4_2,0.573737,4.153841656227272,3.679183329366563,0.1938633568582209,0.3279024133790989,0.4444443950617339,3
POSCAR_Ni2S4_2_st025,Ni2S4_2,0.521309,4.257687697632937,3.7711629126007264,0.1938633568582216,0.3279024133790927,0.4444443950617339,3
POSCAR_Ni2S4_2_st050,Ni2S4_2,0.468718,4.361533739038619,3.8631424958348894,0.1938633568582215,0.327902413379093,0.4444443950617339,3
POSCAR_Ni2S4_2_st950,Ni2S4_2,0.464109,3.9461495734158936,3.495224162898235,0.1938633568582215,0.3279024133790928,0.4444443950617339,3
POSCAR_Ni2S4_2_st975,Ni2S4_2,0.451419,4.049995614821574,3.5872037461323987,0.1938633568582216,0.3279024133790928,0.4444443950617339,3
POSCAR_Ni2S4_2_x025,Ni2S4_2,0.569878,4.17439742125539,3.771162912598356,0.1938633568582209,0.3218042486271817,0.4444443950617339,3
POSCAR_Ni2S4_2_x050,Ni2S4_2,0.560382,4.195356501018946,3.863142495844672,0.1938633568582209,0.3158133059115188,0.4444443950617339,3
POSCAR_Ni2S4_2_x950,Ni2S4_2,0.410274,4.113964134029149,3.4952241628593947,0.1938633568582209,0.3404126401048233,0.4444443950617339,3
POSCAR_Ni2S4_2_x975,Ni2S4_2,0.570384,4.133695222562952,3.5872037461057094,0.1938633568582209,0.3341059852801272,0.4444443950617339,3
POSCAR_Ni2S4_2_y025,Ni2S4_2,0.592972,4.187176040621024,3.6791833293520417,0.1938633568582209,0.3309337351954488,0.4444443950617339,3
POSCAR_Ni2S4_2_y050,Ni2S4_2,0.57507,4.221060771954202,3.679183329352042,0.1938633568582209,0.3339559528280101,0.4444443950617339,3
POSCAR_Ni2S4_2_y950,Ni2S4_2,0.485096,4.088877546551897,3.679183329352042,0.1938633568582209,0.3218228426792739,0.4444443950617339,3
POSCAR_Ni2S4_2_y975,Ni2S4_2,0.531872,4.121070973694547,3.6791833293520417,0.1938633568582209,0.3248645424624388,0.4444443950617339,3
POSCAR_Ni2S4_2_z025,Ni2S4_2,0.490033,4.204601190494898,3.679183329352042,0.1938633568582209,0.3310352188027627,0.4444443950617339,3
POSCAR_Ni2S4_2_z050,Ni2S4_2,0.416932,4.255986135034977,3.679183329352042,0.1938633568582208,0.334198931257934,0.4444443950617339,3
POSCAR_Ni2S4_2_z950,Ni2S4_2,0.702495,4.054292491308463,3.679183329352042,0.1938633568582209,0.3217439477939273,0.4444443950617339,3
POSCAR_Ni2S4_2_z975,Ni2S4_2,0.653921,4.103730739593137,3.679183329352042,0.1938633568582209,0.3248040821443043,0.4444443950617339,3
POSCAR_Ni2Sb4_1,Ni2Sb4_1,0.039721,4.520091616012393,3.7526617556974,0.1754045697948622,0.6126130604122184,0.3333332962963004,3
POSCAR_Ni2Se2_1,Ni2Se2_1,0.83688,2.856178049202013,2.856178049202013,0.3333333333333333,0.694863257272231,0.4444443950617339,3
POSCAR_Ni2Se2_1_st025,Ni2Se2_1,0.743515,2.9275825004320626,2.9275825004320626,0.3333333333333333,0.694863257272231,0.4444443950617339,3
POSCAR_Ni2Se2_1_st050,Ni2Se2_1,0.644537,2.998986951662112,2.998986951662112,0.3333333333333333,0.6948632572722314,0.4444443950617339,3
POSCAR_Ni2Se2_1_st950,Ni2Se2_1,1.225128,2.7133691467419125,2.7133691467419125,0.3333333333333332,0.6948632572722314,0.4444443950617339,3
POSCAR_Ni2Se2_1_st975,Ni2Se2_1,1.00538,2.7847735979719617,2.7847735979719617,0.3333333333333333,0.6948632572722312,0.4444443950617339,3
POSCAR_Ni2Se2_1_x025,Ni2Se2_1,0.81315,2.856178048978697,2.856178048978697,0.3333333333333333,0.7001931995938225,0.4444443950617339,3
POSCAR_Ni2Se2_1_x050,Ni2Se2_1,0.77751,2.8561780488066963,2.8561780488066963,0.3333333333333333,0.7055765009650815,0.4444443950617339,3
POSCAR_Ni2Se2_1_x950,Ni2Se2_1,0.958008,2.856178049679825,2.856178049679825,0.3333333333333333,0.6844001614961288,0.4444443950617339,3
POSCAR_Ni2Se2_1_x975,Ni2Se2_1,0.892725,2.856178049415272,2.856178049415272,0.3333333333333332,0.689595774279765,0.4444443950617339,3
POSCAR_Ni2Se2_1_y025,Ni2Se2_1,0.813093,2.8561780488392943,2.8561780488392943,0.3333333333333333,0.7001940964926762,0.4444443950617339,3
POSCAR_Ni2Se2_1_y050,Ni2Se2_1,0.777199,2.856178048500896,2.856178048500896,0.3333333333333333,0.7055782833838786,0.4444443950617339,3
POSCAR_Ni2Se2_1_y950,Ni2Se2_1,0.957887,2.856178049877701,2.856178049877701,0.3333333333333333,0.6843983365122251,0.4444443950617339,3
POSCAR_Ni2Se2_1_y975,Ni2Se2_1,0.892579,2.856178049527696,2.856178049527696,0.3333333333333333,0.6895948667053672,0.4444443950617339,3
POSCAR_Ni2Se2_1_z025,Ni2Se2_1,0.783518,2.9275825009839287,2.9275825009839287,0.3333333333333334,0.6842926159283518,0.4444443950617339,3
POSCAR_Ni2Se2_1_z050,Ni2Se2_1,0.71695,2.9989869528084325,2.9989869528084325,0.3333333333333332,0.6737894730390883,0.4444443950617339,3
POSCAR_Ni2Se2_1_z950,Ni2Se2_1,0.970994,2.713369145650109,2.713369145650109,0.3333333333333333,0.71616990609684,0.4444443950617339,3
POSCAR_Ni2Se2_1_z975,Ni2Se2_1,0.896083,2.784773597402977,2.784773597402977,0.3333333333333334,0.7054922923730748,0.4444443950617339,3
POSCAR_Ni2Se2_2,Ni2Se2_2,0.842635,2.856885042285532,2.856885042285532,0.3333333333333332,0.694809116700826,0.4444443950617339,3
POSCAR_Ni2Se2_2_st025,Ni2Se2_2,0.752813,2.9283071683426707,2.9283071683426707,0.3333333333333333,0.6948091167008261,0.4444443950617339,3
POSCAR_Ni2Se2_2_st050,Ni2Se2_2,0.654443,2.9997292943998093,2.9997292943998093,0.3333333333333332,0.6948091167008259,0.4444443950617339,3
POSCAR_Ni2Se2_2_st950,Ni2Se2_2,1.227872,2.714040790171256,2.714040790171256,0.3333333333333333,0.6948091167008261,0.4444443950617339,3
POSCAR_Ni2Se2_2_st975,Ni2Se2_2,1.008051,2.785462916228395,2.785462916228395,0.3333333333333333,0.6948091167008259,0.4444443950617339,3
POSCAR_Ni2Se2_2_x025,Ni2Se2_2,0.816108,2.8568850856597825,2.8568850856597825,0.3333333333333332,0.7001149923603333,0.4444443950617339,3
POSCAR_Ni2Se2_2_x050,Ni2Se2_2,0.780337,2.856885130234598,2.856885130234598,0.3333333333333332,0.7054747399070108,0.4444443950617339,3
POSCAR_Ni2Se2_2_x950,Ni2Se2_2,0.957378,2.856884959161794,2.856884959161794,0.3333333333333332,0.6843954749398813,0.4444443950617339,3
POSCAR_Ni2Se2_2_x975,Ni2Se2_2,0.89206,2.856885000123412,2.856885000123412,0.3333333333333333,0.6895661601402805,0.4444443950617339,3
POSCAR_Ni2Se2_2_y025,Ni2Se2_2,0.815769,2.8568849953903057,2.8568849953903057,0.3333333333333334,0.7001648953441938,0.4444443950617339,3
POSCAR_Ni2Se2_2_y050,Ni2Se2_2,0.778519,2.8568849503565805,2.8568849503565805,0.3333333333333332,0.7055730541879071,0.4444443950617339,3
POSCAR_Ni2Se2_2_y950,Ni2Se2_2,0.959926,2.8568851416836947,2.8568851416836947,0.3333333333333333,0.6842915141507399,0.4444443950617339,3
POSCAR_Ni2Se2_2_y975,Ni2Se2_2,0.893733,2.856885091053902,2.856885091053902,0.3333333333333334,0.6895148425290194,0.4444443950617339,3
POSCAR_Ni2Se2_2_z025,Ni2Se2_2,0.780499,2.9283071741785496,2.9283071741785496,0.3333333333333333,0.6842373979788465,0.4444443950617339,3
POSCAR_Ni2Se2_2_z050,Ni2Se2_2,0.719796,2.99972930753113,2.99972930753113,0.3333333333333332,0.6737332429644117,0.4444443950617339,3
POSCAR_Ni2Se2_2_z950,Ni2Se2_2,0.973669,2.714040783363584,2.714040783363584,0.3333333333333333,0.7161181162672025,0.4444443950617339,3
POSCAR_Ni2Se2_2_z975,Ni2Se2_2,0.898471,2.785462911976267,2.785462911976267,0.3333333333333332,0.7054392945552338,0.4444443950617339,3
POSCAR_Ni2Se3_1,Ni2Se3_1,0.385811,3.856345857631358,2.738375198712583,0.114888000220217,0.0731871523116147,0.4444443950617339,3
POSCAR_Ni2Se3_1_st025,Ni2Se3_1,0.34654,3.9527545040721535,2.806834578680397,0.1148880002202179,0.0731871523116251,0.4444443950617339,3
POSCAR_Ni2Se3_1_st050,Ni2Se3_1,0.303956,4.04916315051294,2.875293958648212,0.1148880002202179,0.0731871523116251,0.4444443950617339,3
POSCAR_Ni2Se3_1_st975,Ni2Se3_1,0.420565,3.759937211190586,2.669915818744768,0.1148880002202179,0.0731871523116251,0.4444443950617339,3
POSCAR_Ni2Se3_1_x025,Ni2Se3_1,0.382784,3.864387217025224,2.8068345786876376,0.114888000220217,0.0724970529924508,0.4444443950617339,3
POSCAR_Ni2Se3_1_x050,Ni2Se3_1,0.381181,3.872543236778489,2.875293958645145,0.114888000220217,0.0718050472477391,0.4444443950617339,3
POSCAR_Ni2Se3_1_x975,Ni2Se3_1,0.378029,3.843159634435417,2.669915818800809,0.1148880002202171,0.0738660618578904,0.4444443950617339,3
POSCAR_Ni2Se4_1,Ni2Se4_1,0.393757,4.424441051907672,3.906459841074691,0.1871941633339587,0.3920990158349638,0.4444443950617339,3
POSCAR_Ni2Se4_1_st025,Ni2Se4_1,0.368172,4.535052078205361,4.004121337101559,0.1871941633339595,0.3920990158349555,0.4444443950617339,3
POSCAR_Ni2Se4_1_st050,Ni2Se4_1,0.343238,4.645663104503054,4.101782833128426,0.1871941633339594,0.3920990158349555,0.4444443950617339,3
POSCAR_Ni2Se4_1_st950,Ni2Se4_1,0.444257,4.203218999312286,3.711136849020956,0.1871941633339595,0.3920990158349552,0.4444443950617339,3
POSCAR_Ni2Se4_1_st975,Ni2Se4_1,0.419452,4.313830025609978,3.808798345047824,0.1871941633339594,0.3920990158349555,0.4444443950617339,3
POSCAR_Ni2Se4_1_x025,Ni2Se4_1,0.409182,4.446204542411162,4.00412133712639,0.1871941633339587,0.3846907436731085,0.4444443950617339,3
POSCAR_Ni2Se4_1_x050,Ni2Se4_1,0.428654,4.468395469559126,4.1017828331050605,0.1871941633339587,0.3774176230265462,0.4444443950617339,3
POSCAR_Ni2Se4_1_x950,Ni2Se4_1,0.378078,4.382221729191237,3.711136848990293,0.1871941633339587,0.4073128152974652,0.4444443950617339,3
POSCAR_Ni2Se4_1_x975,Ni2Se4_1,0.383195,4.4031113361472425,3.808798345069009,0.1871941633339587,0.3996405436654362,0.4444443950617339,3
POSCAR_Ni2Se4_1_y025,Ni2Se4_1,0.38905,4.4601979596908246,3.9064598410476736,0.1871941633339587,0.3958614537135537,0.4444443950617339,3
POSCAR_Ni2Se4_1_y050,Ni2Se4_1,0.385454,4.496542750591326,3.9064598410476736,0.1871941633339587,0.3996125853111235,0.4444443950617339,3
POSCAR_Ni2Se4_1_y950,Ni2Se4_1,0.446877,4.354748573624248,3.906459841047673,0.1871941633339587,0.3845534149518869,0.4444443950617339,3
POSCAR_Ni2Se4_1_y975,Ni2Se4_1,0.407211,4.389286394742983,3.906459841047673,0.1871941633339587,0.3883285187730981,0.4444443950617339,3
POSCAR_Ni2Se4_1_z025,Ni2Se4_1,0.362399,4.4783874549475255,3.906459841047673,0.1871941633339587,0.3958239969564966,0.4444443950617339,3
POSCAR_Ni2Se4_1_z050,Ni2Se4_1,0.357915,4.533000026235491,3.9064598410476736,0.1871941633339587,0.3995797548652759,0.4444443950617339,3
POSCAR_Ni2Se4_1_z950,Ni2Se4_1,0.468986,4.318646300644859,3.9064598410476736,0.1871941633339587,0.3847579766979085,0.4444443950617339,3
POSCAR_Ni2Se4_1_z975,Ni2Se4_1,0.429374,4.371185481428447,3.906459841047673,0.1871941633339587,0.3884089152256255,0.4444443950617339,3
POSCAR_Ni2Te2_1,Ni2Te2_1,1.434773,2.6746932263124803,2.6746932263124803,0.3333333333333333,0.7403124005738962,0.4444443950617339,3
POSCAR_Ni2Te2_1_st025,Ni2Te2_1,1.28336,2.741560556970276,2.741560556970276,0.3333333333333333,0.7403124005738961,0.4444443950617339,3
POSCAR_Ni2Te2_1_st050,Ni2Te2_1,1.060744,2.808427887628088,2.808427887628088,0.3333333333333333,0.7403124005738962,0.4444443950617339,3
POSCAR_Ni2Te2_1_x950,Ni2Te2_1,0.174927,2.6746932262635985,2.6746932262635985,0.3333333333333333,0.7309022187181146,0.4444443950617339,3
POSCAR_Ni2Te2_1_x975,Ni2Te2_1,0.02328,2.674693226277404,2.674693226277404,0.3333333333333333,0.7355678849894005,0.4444443950617339,3
POSCAR_Ni2Te2_1_y025,Ni2Te2_1,1.418214,2.67469322632034,2.67469322632034,0.3333333333333333,0.7451766914620397,0.4444443950617339,3
POSCAR_Ni2Te2_1_y975,Ni2Te2_1,0.009559,2.6746932262621104,2.6746932262621104,0.3333333333333332,0.7355158712768356,0.4444443950617339,3
POSCAR_Ni2Te2_1_z025,Ni2Te2_1,1.425784,2.7415605569205708,2.7415605569205708,0.3333333333333333,0.7307057965315638,0.4444443950617339,3
POSCAR_Ni2Te2_1_z050,Ni2Te2_1,1.36277,2.808427887549918,2.808427887549918,0.3333333333333333,0.7211172282221217,0.4444443950617339,3
POSCAR_O2Rh2_7,O2Rh2_7,0.01109,3.2705426448370143,3.236841239639867,0.3333333333333332,1.9454365635434854e-06,0.4999999375000079,3
POSCAR_O2Rh2_7_x025,O2Rh2_7,0.015809,3.270806194626412,3.258684631831976,0.3333333333333332,2.010820311448128e-06,0.4999999375000079,3
POSCAR_O2Rh2_7_x050,O2Rh2_7,0.012441,3.271570162795028,3.258684631831976,0.3333333333333333,2.075734400756989e-06,0.4999999375000079,3
POSCAR_O2Rh2_7_x975,O2Rh2_7,0.013436,3.268672088743403,3.15592020867416,0.3333333333333335,1.8796361278384968e-06,0.4999999375000079,3
POSCAR_O2Rh2_7_y025,O2Rh2_7,0.011592,3.2891268429839493,3.2368412396281743,0.3333333333333333,1.9061178017900608e-06,0.4999999375000079,3
POSCAR_O2Rh2_7_y050,O2Rh2_7,0.011414,3.2903882947875625,3.2368412396281743,0.3333333333333335,1.8674008085168983e-06,0.4999999375000079,3
POSCAR_O2Rh2_7_z025,O2Rh2_7,0.011422,3.3324377816152104,3.2368412396281743,0.3333333333333332,1.919486915716477e-06,0.4999999375000079,3
POSCAR_O2Rh2_7_z050,O2Rh2_7,0.011578,3.376209687563932,3.2368412396281743,0.3333333333333332,1.8936414918377749e-06,0.4999999375000079,3
POSCAR_O2Rh2_7_z950,O2Rh2_7,0.014018,3.1479273090322737,3.1479273090322737,0.3333333333333333,1.997530658137242e-06,0.4999999375000079,3
POSCAR_O2Rh2_7_z975,O2Rh2_7,0.009933,3.209031647806098,3.209031647806098,0.3333333333333332,1.971461490456482e-06,0.4999999375000079,3
POSCAR_O2Sc2_2,O2Sc2_2,0.032929,3.5857749191816115,3.452610281708984,0.0833333333333333,0.7647369806761611,1.9999990000005,3
POSCAR_O2Sc2_2_st025,O2Sc2_2,0.026133,3.675419292161147,3.538925538751708,0.0833333333333333,0.7647369806761607,1.9999990000005,3
POSCAR_O2Sc2_2_st050,O2Sc2_2,0.020832,3.765063665140688,3.625240795794433,0.0833333333333333,0.764736980676161,1.9999990000005,3
POSCAR_O2Sc2_2_st950,O2Sc2_2,0.052511,3.4064861732225262,3.2799797676235336,0.0833333333333333,0.764736980676161,1.9999990000005,3
POSCAR_O2Sc2_2_st975,O2Sc2_2,0.041516,3.4961305462020675,3.36629502466626,0.0833333333333333,0.7647369806761607,1.9999990000005,3
POSCAR_O2Sc2_2_x025,O2Sc2_2,0.038216,3.586878706982402,3.45261028173049,0.0833333333333333,0.7621800584233996,1.9999990000005,3
POSCAR_O2Sc2_2_x050,O2Sc2_2,0.042143,3.587218775212909,3.45261028173049,0.0833333333333333,0.7596882374985173,1.9999990000005,3
POSCAR_O2Sc2_2_x950,O2Sc2_2,0.061808,3.5326047862550176,3.280466149676569,0.0833333333333333,0.7524220795704722,1.9999990000005,3
POSCAR_O2Sc2_2_x975,O2Sc2_2,0.045378,3.5592445008821345,3.366794206236515,0.0833333333333333,0.7585283872975705,1.9999990000005,3
POSCAR_O2Sc2_2_y025,O2Sc2_2,0.03817,3.5867139965675308,3.453122262796444,0.0833333333333333,0.7622144938388549,1.9999990000005,3
POSCAR_O2Sc2_2_y050,O2Sc2_2,0.042109,3.587048180992414,3.453122262796444,0.0833333333333333,0.7597226223397876,1.9999990000005,3
POSCAR_O2Sc2_2_y950,O2Sc2_2,0.061831,3.5327629821384705,3.2799797676061635,0.0833333333333333,0.752390013660848,1.9999990000005,3
POSCAR_O2Sc2_2_y975,O2Sc2_2,0.045415,3.5594030723575605,3.3662950246683367,0.0833333333333332,0.7584950765724943,1.9999990000005,3
POSCAR_O2Sc2_2_z025,O2Sc2_2,0.031106,3.64797819230066,3.4526102817304896,0.0833333333333333,0.7610356462087255,1.9999990000005,3
POSCAR_O2Sc2_2_z050,O2Sc2_2,0.029945,3.7106358237430808,3.45261028173049,0.0833333333333333,0.7573616149001291,1.9999990000005,3
POSCAR_O2Sc2_2_z950,O2Sc2_2,0.038085,3.462829210781881,3.45261028173049,0.0833333333333333,0.7722400105594631,1.9999990000005,3
POSCAR_O2Sc2_2_z975,O2Sc2_2,0.035475,3.5240500641997583,3.45261028173049,0.0833333333333333,0.7684700943140955,1.9999990000005,3
POSCAR_O2Ti2_7,O2Ti2_7,0.386138,2.946482112942817,2.791594265534468,0.3333333333333333,0.548634557037053,1.333332888889037,3
POSCAR_O2Ti2_7_st050,O2Ti2_7,0.359156,3.093806218589957,2.931173978811192,0.3333333333333333,0.5486345570370531,1.333332888889037,3
POSCAR_O2Ti2_7_x050,O2Ti2_7,0.442819,2.9464821194272184,2.8227477869739497,0.3333333333333334,0.5611573167154531,1.333332888889037,3
POSCAR_O2Ti2_7_x950,O2Ti2_7,0.127142,2.946482106437956,2.681915108346789,0.3333333333333333,0.5364086260278509,1.333332888889037,3
POSCAR_O2Ti2_7_y950,O2Ti2_7,0.129463,2.946482138892141,2.6816103976222667,0.3333333333333334,0.5364118204776667,1.333332888889037,3
POSCAR_O2Ti2_7_z050,O2Ti2_7,0.017214,3.093806238058651,2.7915942655020114,0.3333333333333333,0.5243682402701496,1.333332888889037,3
POSCAR_O2Ti2_7_z950,O2Ti2_7,0.468335,2.7991579878759065,2.7915942655020114,0.3333333333333333,0.5738974145780004,1.333332888889037,3
POSCAR_O2V2_3,O2V2_3,0.165086,2.646601199068123,2.646601199068123,0.3333333333333333,0.6469282745961998,0.9999997500000624,3
POSCAR_O2V2_3_st025,O2V2_3,0.173899,2.7127662290448256,2.7127662290448256,0.3333333333333333,0.6469282745961996,0.9999997500000624,3
POSCAR_O2V2_3_st050,O2V2_3,0.171421,2.7789312590215287,2.7789312590215287,0.3333333333333333,0.6469282745961996,0.9999997500000624,3
POSCAR_O2V2_3_st950,O2V2_3,0.206362,2.514271139114716,2.514271139114716,0.3333333333333333,0.6469282745961997,0.9999997500000624,3
POSCAR_O2V2_3_st975,O2V2_3,0.167102,2.58043616909142,2.58043616909142,0.3333333333333333,0.6469282745961994,0.9999997500000624,3
POSCAR_O2V2_3_x025,O2V2_3,0.187283,2.6466011992496647,2.6466011992496647,0.3333333333333333,0.6526639778262616,0.9999997500000624,3
POSCAR_O2V2_3_x050,O2V2_3,0.189096,2.646601199416394,2.646601199416394,0.3333333333333333,0.6584525313959915,0.9999997500000624,3
POSCAR_O2V2_3_x950,O2V2_3,0.191131,2.6466011987526974,2.6466011987526974,0.3333333333333333,0.6356520275934981,0.9999997500000624,3
POSCAR_O2V2_3_x975,O2V2_3,0.167874,2.6466011989178164,2.6466011989178164,0.3333333333333333,0.6412544929377173,0.9999997500000624,3
POSCAR_O2V2_3_y025,O2V2_3,0.187356,2.646601199976587,2.646601199976587,0.3333333333333333,0.6526718693762429,0.9999997500000624,3
POSCAR_O2V2_3_y050,O2V2_3,0.189299,2.646601200878921,2.646601200878921,0.3333333333333333,0.6584678368296102,0.9999997500000624,3
POSCAR_O2V2_3_y950,O2V2_3,0.191456,2.6466011973249124,2.6466011973249124,0.3333333333333332,0.6356349044235088,0.9999997500000624,3
POSCAR_O2V2_3_y975,O2V2_3,0.166228,2.646601198199585,2.646601198199585,0.3333333333333332,0.6412461460922491,0.9999997500000624,3
POSCAR_O2V2_3_z025,O2V2_3,0.14565,2.71276622800574,2.71276622800574,0.3333333333333333,0.6355678891011834,0.9999997500000624,3
POSCAR_O2V2_3_z050,O2V2_3,0.149227,2.778931256939121,2.778931256939121,0.3333333333333333,0.6243335715173567,0.9999997500000624,3
POSCAR_O2V2_3_z950,O2V2_3,0.177744,2.514271141225891,2.514271141225891,0.3333333333333333,0.6699925973219221,0.9999997500000624,3
POSCAR_O2V2_3_z975,O2V2_3,0.182294,2.580436170173225,2.580436170173225,0.3333333333333333,0.658406299744554,0.9999997500000624,3
POSCAR_O2Y2_1,O2Y2_1,0.074901,3.813569763869752,3.799768258324105,0.0833333333333333,0.7690554027976689,1.9999990000005,3
POSCAR_O2Y2_4,O2Y2_4,0.065278,3.8574570407645847,3.672143244914284,0.5001133230047339,1.2328624280154836,1.9999990000005,2
POSCAR_O4Rh2_1,O4Rh2_1,0.805695,3.557558903187564,3.129596762115405,0.1589061169240725,0.7558677154360308,0.4999999375000079,3
POSCAR_O4Rh2_1_x025,O4Rh2_1,0.679234,3.574937717781696,3.207836681191068,0.1589061169240725,0.7610847327581293,0.4999999375000079,3
POSCAR_O4Rh2_1_x050,O4Rh2_1,0.685899,3.592658482878267,3.286076600215245,0.1589061169240725,0.7662915019492228,0.4999999375000079,3
POSCAR_O4Rh2_1_x950,O4Rh2_1,0.920269,3.5238472630964,2.973116924018551,0.1589061169240725,0.7454177530854003,0.4999999375000079,3
POSCAR_O4Rh2_1_x975,O4Rh2_1,0.918702,3.5405270745267563,3.0513568430427247,0.1589061169240725,0.7506440860269092,0.4999999375000079,3
POSCAR_O4Rh2_1_y025,O4Rh2_1,0.8219,3.593571803476471,3.129596762066894,0.1589061169240725,0.7466118750645007,0.4999999375000079,3
POSCAR_O4Rh2_1_y050,O4Rh2_1,0.833896,3.630103428547599,3.129596762066894,0.1589061169240726,0.7374219250307177,0.4999999375000079,3
POSCAR_O4Rh2_1_y950,O4Rh2_1,0.766671,3.487153330438821,3.129596762066894,0.1589061169240725,0.7585771956057162,0.4999999375000079,3
POSCAR_O4Rh2_1_y975,O4Rh2_1,0.778887,3.522080639450147,3.129596762066894,0.1589061169240725,0.7626880200000905,0.4999999375000079,3
POSCAR_O4Rh2_1_z025,O4Rh2_1,0.824833,3.593808661438726,3.129596762066894,0.1589061169240725,0.7577234047385003,0.4999999375000079,3
POSCAR_O4Rh2_1_z050,O4Rh2_1,0.83577,3.63057821739848,3.129596762066894,0.1589061169240725,0.7487135537006746,0.4999999375000079,3
POSCAR_O4Rh2_1_z950,O4Rh2_1,0.782566,3.486683397667865,3.129596762066894,0.1589061169240725,0.7477472705425182,0.4999999375000079,3
POSCAR_O4Rh2_1_z975,O4Rh2_1,0.774288,3.521844993235942,3.129596762066894,0.1589061169240725,0.7518041898505088,0.4999999375000079,3
POSCAR_O4Ru2_1,O4Ru2_1,0.457507,3.594847366273385,3.150223281402893,0.1587519147962759,0.760504404073229,0.57142848979593,3
POSCAR_O4Ru2_1_st025,O4Ru2_1,0.455033,3.684718550430211,3.2289788634379657,0.1587519147962758,0.7605044040732344,0.57142848979593,3
POSCAR_O4Ru2_1_st050,O4Ru2_1,0.417026,3.774589734587047,3.307734445473039,0.1587519147962759,0.7605044040732337,0.57142848979593,3
POSCAR_O4Ru2_1_st950,O4Ru2_1,0.585621,3.415104997959709,2.9927121173327484,0.1587519147962758,0.7605044040732338,0.57142848979593,3
POSCAR_O4Ru2_1_st975,O4Ru2_1,0.513337,3.5049761821165424,3.071467699367822,0.1587519147962758,0.7605044040732337,0.57142848979593,3
POSCAR_O4Ru2_1_x025,O4Ru2_1,0.510883,3.612273855294372,3.2289788634767254,0.1587519147962758,0.7655742777084608,0.57142848979593,3
POSCAR_O4Ru2_1_x050,O4Ru2_1,0.527345,3.630043886085687,3.307734445456646,0.1587519147962758,0.7706373837201594,0.57142848979593,3
POSCAR_O4Ru2_1_x950,O4Ru2_1,0.562709,3.561045088577367,2.992712117336965,0.1587519147962758,0.7503591411177193,0.57142848979593,3
POSCAR_O4Ru2_1_x975,O4Ru2_1,0.475318,3.5777694391374326,3.071467699416885,0.1587519147962759,0.7554313946845924,0.57142848979593,3
POSCAR_O4Ru2_1_y025,O4Ru2_1,0.457431,3.631425186146605,3.150223281396806,0.1587519147962758,0.7513602647712829,0.57142848979593,3
POSCAR_O4Ru2_1_y050,O4Ru2_1,0.423666,3.668527994815312,3.150223281396806,0.1587519147962759,0.742284067721688,0.57142848979593,3
POSCAR_O4Ru2_1_y950,O4Ru2_1,0.4348,3.5233318616523355,3.150223281396806,0.1587519147962759,0.7524588263412244,0.57142848979593,3
POSCAR_O4Ru2_1_y975,O4Ru2_1,0.41386,3.5588107229628467,3.150223281396806,0.1587519147962759,0.7565570684171804,0.57142848979593,3
POSCAR_O4Ru2_1_z025,O4Ru2_1,0.457426,3.631423377964141,3.150223281396806,0.1587519147962759,0.7515178950514558,0.57142848979593,3
POSCAR_O4Ru2_1_z050,O4Ru2_1,0.423708,3.668524341962664,3.150223281396806,0.1587519147962759,0.7424437992271034,0.57142848979593,3
POSCAR_O4Ru2_1_z950,O4Ru2_1,0.43482,3.523335360677463,3.150223281396806,0.1587519147962759,0.7523035147315584,0.57142848979593,3
POSCAR_O4Ru2_1_z975,O4Ru2_1,0.414017,3.558812492681408,3.150223281396806,0.1587519147962758,0.7564016241005916,0.57142848979593,3
POSCAR_O4Ru2_2,O4Ru2_2,0.174484,3.0677736655297365,3.0677736655297365,0.1408870620000072,0.0073488830709205,0.57142848979593,3
POSCAR_O4Ru2_2_st025,O4Ru2_2,0.197028,3.144468007167965,3.144468007167965,0.1408870620000074,0.007348883070924,0.57142848979593,3
POSCAR_O4Ru2_2_st050,O4Ru2_2,0.169602,3.221162348806209,3.221162348806209,0.1408870620000074,0.007348883070924,0.57142848979593,3
POSCAR_O4Ru2_2_st950,O4Ru2_2,0.183597,2.914384982253236,2.914384982253236,0.1408870620000074,0.007348883070924,0.57142848979593,3
POSCAR_O4Ru2_2_x025,O4Ru2_2,0.194143,3.067870041977016,3.067870041977016,0.1408870620000073,0.0074153171097625,0.57142848979593,3
POSCAR_O4Ru2_2_x050,O4Ru2_2,0.233842,3.0681434898129383,3.0681434898129383,0.1408870620000073,0.007478953975584,0.57142848979593,3
POSCAR_O4Ru2_2_x950,O4Ru2_2,0.12712,3.068112162947124,3.068112162947124,0.1408870620000072,0.0072070581730288,0.57142848979593,3
POSCAR_O4Ru2_2_x975,O4Ru2_2,0.16295,3.067854377188099,3.067854377188099,0.1408870620000072,0.0072795120706174,0.57142848979593,3
POSCAR_O4Ru2_2_y025,O4Ru2_2,0.150857,3.084533731013924,3.084533731013924,0.1408870620000072,0.0072316083863463,0.57142848979593,3
POSCAR_O4Ru2_2_y050,O4Ru2_2,0.139239,3.101416683148714,3.101416683148714,0.1408870620000072,0.0071172834015494,0.57142848979593,3
POSCAR_O4Ru2_2_y975,O4Ru2_2,0.206032,3.021120373709472,3.021120373709472,0.1408870620000072,0.0074691841407693,0.57142848979593,3
POSCAR_O4Ru2_2_z025,O4Ru2_2,0.154323,3.097910731902768,3.097910731902768,0.1408870620000072,0.0073983796552467,0.57142848979593,3
POSCAR_O4Ru2_2_z050,O4Ru2_2,0.11933,3.12845374672148,3.12845374672148,0.1408870620000072,0.0074451024948697,0.57142848979593,3
POSCAR_O4Ru2_2_z975,O4Ru2_2,0.228276,3.0079391369423623,3.0079391369423623,0.1408870620000072,0.0072965766268346,0.57142848979593,3
POSCAR_O4V2_1,O4V2_1,0.455559,3.533942608818885,3.049573310789687,0.1600734355997397,0.7536577248720796,0.9999997500000624,3
POSCAR_O4V2_1_st025,O4V2_1,0.395176,3.622291174039351,3.125812643559429,0.16007343559974,0.7536577248720706,0.9999997500000624,3
POSCAR_O4V2_1_st050,O4V2_1,0.34917,3.710639739259823,3.202051976329172,0.16007343559974,0.7536577248720702,0.9999997500000624,3
POSCAR_O4V2_1_st950,O4V2_1,0.602315,3.357245478377935,2.8970946452502018,0.1600734355997399,0.7536577248720704,0.9999997500000624,3
POSCAR_O4V2_1_st975,O4V2_1,0.555924,3.445594043598408,2.9733339780199444,0.1600734355997399,0.7536577248720704,0.9999997500000624,3
POSCAR_O4V2_1_x025,O4V2_1,0.478558,3.5505568482566656,3.125812643584388,0.1600734355997397,0.7588038380872949,0.9999997500000624,3
POSCAR_O4V2_1_x050,O4V2_1,0.431568,3.567501073015005,3.202051976281559,0.1600734355997398,0.7639420105347305,0.9999997500000624,3
POSCAR_O4V2_1_x950,O4V2_1,0.594741,3.501722780652802,2.897094645292829,0.1600734355997398,0.7433563788540575,0.9999997500000624,3
POSCAR_O4V2_1_x975,O4V2_1,0.520441,3.517663030456395,2.9733339779900234,0.1600734355997398,0.7485072814187288,0.9999997500000624,3
POSCAR_O4V2_1_y025,O4V2_1,0.456344,3.570157450029784,3.049573310787194,0.1600734355997397,0.7440634579048729,0.9999997500000624,3
POSCAR_O4V2_1_y050,O4V2_1,0.438834,3.6068893586802258,3.049573310787194,0.1600734355997397,0.7345437576123857,0.9999997500000624,3
POSCAR_O4V2_1_y950,O4V2_1,0.436874,3.4631287828020567,3.049573310787194,0.1600734355997397,0.7451140229984702,0.9999997500000624,3
POSCAR_O4V2_1_y975,O4V2_1,0.435226,3.4982608934222728,3.049573310787194,0.1600734355997397,0.7496010102440425,0.9999997500000624,3
POSCAR_O4V2_1_z025,O4V2_1,0.456199,3.570156370706876,3.049573310787194,0.1600734355997397,0.7444995921023077,0.9999997500000624,3
POSCAR_O4V2_1_z050,O4V2_1,0.438552,3.606887245013208,3.049573310787194,0.1600734355997397,0.7349868616238053,0.9999997500000624,3
POSCAR_O4V2_1_z950,O4V2_1,0.437073,3.463131080184985,3.049573310787194,0.1600734355997397,0.7446924311346826,0.9999997500000624,3
POSCAR_O4V2_1_z975,O4V2_1,0.435425,3.4982620186908093,3.049573310787194,0.1600734355997397,0.7491755398042033,0.9999997500000624,3
POSCAR_O4V2_3,O4V2_3,0.046177,3.4738687747931563,3.4738687747931563,0.023941364656827,0.3709367142482639,0.9999997500000624,3
POSCAR_O4V2_3_st025,O4V2_3,0.079231,3.560715494162983,3.560715494162983,0.023941364656827,0.3709367142482639,0.9999997500000624,3
POSCAR_O4V2_3_st050,O4V2_3,0.079743,3.647562213532813,3.647562213532813,0.023941364656827,0.3709367142482639,0.9999997500000624,3
POSCAR_O4V2_3_st950,O4V2_3,0.093629,3.300175336053497,3.300175336053497,0.023941364656827,0.3709367142482639,0.9999997500000624,3
POSCAR_O4V2_3_st975,O4V2_3,0.038961,3.387022055423327,3.387022055423327,0.023941364656827,0.3709367142482638,0.9999997500000624,3
POSCAR_O4V2_3_x025,O4V2_3,0.159159,3.474132615693774,3.474132615693774,0.023941364656827,0.374316156274622,0.9999997500000624,3
POSCAR_O4V2_3_x050,O4V2_3,0.30224,3.474723470187313,3.474723470187313,0.023941364656827,0.3776537136838269,0.9999997500000624,3
POSCAR_O4V2_3_x950,O4V2_3,0.282184,3.3193103038239475,3.3193103038239475,0.023941364656827,0.3640545213199739,0.9999997500000624,3
POSCAR_O4V2_3_x975,O4V2_3,0.139146,3.3960752292234804,3.3960752292234804,0.023941364656827,0.3675159558504744,0.9999997500000624,3
POSCAR_O4V2_3_y025,O4V2_3,0.138788,3.474356378455945,3.474356378455945,0.023941364656827,0.3743054765485676,0.9999997500000624,3
POSCAR_O4V2_3_y050,O4V2_3,0.281493,3.474941789209028,3.474941789209028,0.023941364656827,0.3776327370056961,0.9999997500000624,3
POSCAR_O4V2_3_y950,O4V2_3,0.301316,3.319202842064726,3.319202842064726,0.023941364656827,0.3640770192062714,0.9999997500000624,3
POSCAR_O4V2_3_y975,O4V2_3,0.158877,3.3959073982704964,3.3959073982704964,0.023941364656827,0.3675270163179883,0.9999997500000624,3
POSCAR_O4V2_3_z025,O4V2_3,0.079703,3.4828058864492726,3.4828058864492726,0.023941364656827,0.3641441262085371,0.9999997500000624,3
POSCAR_O4V2_3_z050,O4V2_3,0.10088,3.493239751208938,3.493239751208938,0.023941364656827,0.3573533786136671,0.9999997500000624,3
POSCAR_O4V2_3_z950,O4V2_3,0.068956,3.35583568012917,3.35583568012917,0.023941364656827,0.3844782963290157,0.9999997500000624,3
POSCAR_O4V2_3_z975,O4V2_3,0.035874,3.41614526824746,3.41614526824746,0.023941364656827,0.3777190368509171,0.9999997500000624,3
POSCAR_O4Y2_5,O4Y2_5,0.039677,4.143147995446187,3.616855670968817,0.1581862618516199,0.7588344013979029,1.9999990000005,3
POSCAR_O5Ru2_1,O5Ru2_1,0.02266,3.1245273171941297,3.1245273171941297,0.1055917778903346,0.0008255747024816,0.57142848979593,3
POSCAR_O5Ru2_1_st025,O5Ru2_1,0.02341,3.202640500123978,3.202640500123978,0.1055917778903345,0.0008255747024775,0.57142848979593,3
POSCAR_O5Ru2_1_st975,O5Ru2_1,0.023231,3.046414134264272,3.046414134264272,0.1055917778903345,0.0008255747024775,0.57142848979593,3
POSCAR_O5Ru2_1_x025,O5Ru2_1,0.027822,3.1245273281306725,3.1245273281306725,0.1055917778903346,0.0008125763549746,0.57142848979593,3
POSCAR_O5Ru2_1_x050,O5Ru2_1,0.033094,3.124527339305969,3.124527339305969,0.1055917778903346,0.0007998928831378,0.57142848979593,3
POSCAR_O5Ru2_1_x950,O5Ru2_1,0.008402,3.124527296020781,3.124527296020781,0.1055917778903346,0.0008525581517528,0.57142848979593,3
POSCAR_O5Ru2_1_x975,O5Ru2_1,0.019727,3.1245273064880985,3.1245273064880985,0.1055917778903346,0.0008388983495955,0.57142848979593,3
POSCAR_O5Ru2_1_y025,O5Ru2_1,0.012375,3.146045686002309,3.146045686002309,0.1055917778903346,0.0008323267910748,0.57142848979593,3
POSCAR_O5Ru2_1_y050,O5Ru2_1,0.015752,3.164701913922792,3.164701913922792,0.1055917778903346,0.0008387663328316,0.57142848979593,3
POSCAR_O5Ru2_1_y950,O5Ru2_1,0.035731,3.041301737112652,3.041301737112652,0.1055917778903346,0.0008110733461058,0.57142848979593,3
POSCAR_O5Ru2_1_y975,O5Ru2_1,0.039154,3.082441580279185,3.082441580279185,0.1055917778903346,0.0008184953366785,0.57142848979593,3
POSCAR_O5Ru2_1_z025,O5Ru2_1,0.042374,3.1605433766402418,3.1605433766402418,0.1055917778903346,0.0008316518941219,0.57142848979593,3
POSCAR_O5Ru2_1_z050,O5Ru2_1,0.043244,3.1974368881751487,3.1974368881751487,0.1055917778903346,0.0008373990786542,0.57142848979593,3
POSCAR_O5Ru2_1_z975,O5Ru2_1,0.013914,3.067858949197493,3.067858949197493,0.1055917778903346,0.0008191560443316,0.57142848979593,3
POSCAR_O6Rh2_1,O6Rh2_1,0.190579,3.4835890128847065,3.4835890128847065,0.1115135021949791,0.6895339469663212,0.4999999375000079,3
POSCAR_O6Rh2_1_x025,O6Rh2_1,0.211679,3.484247964707184,3.484247964707184,0.1115135021949791,0.6947944890010337,0.4999999375000079,3
POSCAR_O6Rh2_1_x050,O6Rh2_1,0.240807,3.48593807932856,3.48593807932856,0.1115135021949791,0.7000852032463258,0.4999999375000079,3
POSCAR_O6Rh2_1_y025,O6Rh2_1,0.211985,3.484812367826713,3.484812367826713,0.1115135021949791,0.6947830546126478,0.4999999375000079,3
POSCAR_O6Rh2_1_y050,O6Rh2_1,0.23939,3.4864850775394283,3.4864850775394283,0.1115135021949791,0.7000621594344864,0.4999999375000079,3
POSCAR_O6Rh2_1_z025,O6Rh2_1,0.19606,3.4892165451111983,3.4892165451111983,0.1115135021949791,0.6790535931098144,0.4999999375000079,3
POSCAR_O6Rh2_1_z050,O6Rh2_1,0.219455,3.495500488626265,3.495500488626265,0.1115135021949791,0.6685709700184321,0.4999999375000079,3
POSCAR_O6Rh2_1_z950,O6Rh2_1,0.123817,3.393301184138769,3.393301184138769,0.1115135021949791,0.710432004349722,0.4999999375000079,3
POSCAR_O6Rh2_1_z975,O6Rh2_1,0.168298,3.438162593300427,3.438162593300427,0.1115135021949791,0.6999982455888256,0.4999999375000079,3
POSCAR_O6Ru2_2,O6Ru2_2,0.38763,2.773074354184703,2.773074354184703,0.0848881154610412,0.4944208958677901,0.57142848979593,3
POSCAR_O6Ru2_2_st025,O6Ru2_2,0.330648,2.842401213039307,2.842401213039307,0.084888115461041,0.4944208958677881,0.57142848979593,3
POSCAR_O6Ru2_2_st050,O6Ru2_2,0.24926,2.9117280718939247,2.9117280718939247,0.084888115461041,0.4944208958677881,0.57142848979593,3
POSCAR_O6Ru2_2_st950,O6Ru2_2,0.324683,2.634420636475454,2.634420636475454,0.084888115461041,0.4944208958677878,0.57142848979593,3
POSCAR_O6Ru2_2_st975,O6Ru2_2,0.406688,2.703747495330073,2.703747495330073,0.084888115461041,0.494420895867788,0.57142848979593,3
POSCAR_O6Ru2_2_z025,O6Ru2_2,0.393943,2.8313204199639346,2.8313204199639346,0.0848881154610412,0.486651234999484,0.57142848979593,3
POSCAR_O6Ru2_2_z050,O6Ru2_2,0.354108,2.8903778764807693,2.8903778764807693,0.0848881154610412,0.4789354271441303,0.57142848979593,3
POSCAR_O6Ru2_2_z950,O6Ru2_2,0.268789,2.659228926546944,2.659228926546944,0.0848881154610412,0.5100849424632808,0.57142848979593,3
POSCAR_O6Ru2_2_z975,O6Ru2_2,0.342504,2.715691887549183,2.715691887549183,0.0848881154610412,0.5022353970884494,0.57142848979593,3
POSCAR_P1Ru2_1,P1Ru2_1,0.011545,2.7652163463028963,2.7652163463028963,0.1666666666666666,0.0017984193553188,0.4285713673469475,3
POSCAR_P1Ru2_1_st050,P1Ru2_1,0.032721,2.9034771636180388,2.9034771636180388,0.1666666666666666,0.0017984193553292,0.4285713673469475,3
POSCAR_P2Ru2_2,P2Ru2_2,0.44534,3.0218648356510984,3.0218648356510984,0.3333333333333332,0.6174462070335371,0.4285713673469475,3
POSCAR_P2Ru2_2_st025,P2Ru2_2,0.409804,3.097411456542376,3.097411456542376,0.3333333333333333,0.6174462070335371,0.4285713673469475,3
POSCAR_P2Ru2_2_st950,P2Ru2_2,0.348722,2.870771593868544,2.870771593868544,0.3333333333333333,0.6174462070335373,0.4285713673469475,3
POSCAR_P2Ru2_2_st975,P2Ru2_2,0.505294,2.9463182147598213,2.9463182147598213,0.3333333333333333,0.617446207033537,0.4285713673469475,3
POSCAR_P2Ru2_2_x025,P2Ru2_2,0.481789,3.0218648356196414,3.0218648356196414,0.3333333333333333,0.6233971181441226,0.4285713673469475,3
POSCAR_P2Ru2_2_x050,P2Ru2_2,0.492988,3.021864835602204,3.021864835602204,0.3333333333333334,0.6294024205672746,0.4285713673469475,3
POSCAR_P2Ru2_2_x950,P2Ru2_2,0.587903,3.0218648356864417,3.0218648356864417,0.3333333333333333,0.6057443780269386,0.4285713673469475,3
POSCAR_P2Ru2_2_x975,P2Ru2_2,0.518551,3.021864835661761,3.021864835661761,0.3333333333333333,0.6115588103555586,0.4285713673469475,3
POSCAR_P2Ru2_2_y025,P2Ru2_2,0.47543,3.0218648350396515,3.0218648350396515,0.3333333333333334,0.6233665918398139,0.4285713673469475,3
POSCAR_P2Ru2_2_y050,P2Ru2_2,0.488761,3.021864834461266,3.021864834461266,0.3333333333333334,0.6293424140410407,0.4285713673469475,3
POSCAR_P2Ru2_2_y950,P2Ru2_2,0.593917,3.021864836903568,3.021864836903568,0.3333333333333335,0.6058083394113924,0.4285713673469475,3
POSCAR_P2Ru2_2_y975,P2Ru2_2,0.525025,3.021864836260808,3.021864836260808,0.3333333333333334,0.611590327263978,0.4285713673469475,3
POSCAR_P2Ru2_2_z025,P2Ru2_2,0.440628,3.097411457200236,3.097411457200236,0.3333333333333334,0.6057153938063188,0.4285713673469475,3
POSCAR_P2Ru2_2_z050,P2Ru2_2,0.413021,3.172958078726455,3.172958078726455,0.3333333333333334,0.5941484916363908,0.4285713673469475,3
POSCAR_P2Ru2_2_z950,P2Ru2_2,0.462929,2.870771592619308,2.870771592619308,0.3333333333333334,0.641368723975405,0.4285713673469475,3
POSCAR_P2V2_1,P2V2_1,0.491453,3.187684022944985,3.187684022944985,0.3333333333333333,0.5737934698272014,0.7499998125000469,3
POSCAR_P2V2_1_st025,P2V2_1,0.4604,3.26737612351861,3.26737612351861,0.3333333333333333,0.5737934698272015,0.7499998125000469,3
POSCAR_P2V2_1_st050,P2V2_1,0.40082,3.3470682240922347,3.3470682240922347,0.3333333333333333,0.5737934698272015,0.7499998125000469,3
POSCAR_P2V2_1_st950,P2V2_1,0.373347,3.028299821797736,3.028299821797736,0.3333333333333333,0.5737934698272014,0.7499998125000469,3
POSCAR_P2V2_1_st975,P2V2_1,0.495891,3.1079919223713603,3.1079919223713603,0.3333333333333335,0.5737934698272014,0.7499998125000469,3
POSCAR_P2V2_1_x025,P2V2_1,0.462547,3.1876840302149803,3.1876840302149803,0.3333333333333333,0.5799362748411954,0.7499998125000469,3
POSCAR_P2V2_1_x050,P2V2_1,0.475496,3.1876840375287454,3.1876840375287454,0.3333333333333333,0.586138204125365,0.7499998125000469,3
POSCAR_P2V2_1_x950,P2V2_1,0.574952,3.1876840086493785,3.043206652390797,0.3333333333333333,0.5617215807672962,0.7499998125000469,3
POSCAR_P2V2_1_x975,P2V2_1,0.536927,3.187684015775297,3.1232910380221064,0.3333333333333333,0.5677187989381507,0.7499998125000469,3
POSCAR_P2V2_1_y025,P2V2_1,0.462158,3.187684023529238,3.187684023529238,0.3333333333333333,0.5799433556171574,0.7499998125000469,3
POSCAR_P2V2_1_y050,P2V2_1,0.475035,3.1876840241243354,3.1876840241243354,0.3333333333333333,0.5861520839473267,0.7499998125000469,3
POSCAR_P2V2_1_y950,P2V2_1,0.573452,3.187684021922081,3.0446445318631845,0.3333333333333333,0.5617066376995983,0.7499998125000469,3
POSCAR_P2V2_1_y975,P2V2_1,0.536883,3.187684022428112,3.1247667564500192,0.3333333333333333,0.567711451882432,0.7499998125000469,3
POSCAR_P2V2_1_z025,P2V2_1,0.455718,3.2673761158373407,3.201741731448623,0.3333333333333334,0.5616743656253953,0.7499998125000469,3
POSCAR_P2V2_1_z050,P2V2_1,0.420151,3.347068208786739,3.201741731448623,0.3333333333333333,0.5497758268561332,0.7499998125000469,3
POSCAR_P2V2_1_z950,P2V2_1,0.502257,3.028299837634179,3.028299837634179,0.3333333333333333,0.598671385920065,0.7499998125000469,3
POSCAR_P2V2_1_z975,P2V2_1,0.509197,3.10799193022585,3.10799193022585,0.3333333333333334,0.5861279375260605,0.7499998125000469,3
POSCAR_P2V2_2,P2V2_2,1.02775,3.278200093087818,3.25044213767421,0.2499999999999999,0.4037183026775272,0.7499998125000469,3
POSCAR_P2V2_2_st025,P2V2_2,1.09113,3.360155095414993,3.331703191116065,0.2499999999999999,0.4037183026775272,0.7499998125000469,3
POSCAR_P2V2_2_st050,P2V2_2,0.761339,3.442110097742188,3.4129642445579207,0.25,0.4037183026775272,0.7499998125000469,3
POSCAR_P2V2_2_st950,P2V2_2,0.967397,3.114290088433408,3.087920030790499,0.2499999999999999,0.4037183026775272,0.7499998125000469,3
POSCAR_P2V2_2_st975,P2V2_2,1.048812,3.196245090760603,3.1691810842323545,0.25,0.4037183026775272,0.7499998125000469,3
POSCAR_P2V2_2_z025,P2V2_2,0.954763,3.332235070907304,3.250442137662052,0.2499999999999999,0.4029534557392206,0.7499998125000469,3
POSCAR_P2V2_2_z050,P2V2_2,0.850392,3.3854172639593387,3.250442137662052,0.2499999999999999,0.4021513568209826,0.7499998125000469,3
POSCAR_P2V2_2_z950,P2V2_2,1.059441,3.1348232145343538,3.1348232145343538,0.2499999999999999,0.4051380379604334,0.7499998125000469,3
POSCAR_P2V2_2_z975,P2V2_2,1.072633,3.2063938825212794,3.2063938825212794,0.25,0.4044463012631532,0.7499998125000469,3
POSCAR_P2Zr2_2,P2Zr2_2,0.300662,3.568077544884168,3.5463160111634875,0.25,0.4041145934030835,0.9999996666667778,3
POSCAR_P2Zr2_2_x050,P2Zr2_2,0.006065,3.574171152365843,3.553962473953178,0.2499999999999999,0.4048718938621828,0.9999996666667778,3
POSCAR_P2Zr2_2_z025,P2Zr2_2,0.286616,3.625121426278876,3.546316011168533,0.25,0.4033247082232605,0.9999996666667778,3
POSCAR_P2Zr2_2_z050,P2Zr2_2,0.274689,3.682837935477431,3.546316011168533,0.25,0.4024957355249177,0.9999996666667778,3
POSCAR_P8V2_2,P8V2_2,0.298856,4.128905917255905,4.128905917255905,0.1778927530008406,0.3016345763192105,0.7499998125000469,3
POSCAR_P8V2_2_st025,P8V2_2,0.260195,4.23212856518732,4.23212856518732,0.1778927530008403,0.3016345763192103,0.7499998125000469,3
POSCAR_P8V2_2_st050,P8V2_2,0.226192,4.335351213118719,4.335351213118719,0.1778927530008403,0.3016345763192102,0.7499998125000469,3
POSCAR_P8V2_2_st950,P8V2_2,0.333165,3.922460621393127,3.922460621393127,0.1778927530008404,0.3016345763192105,0.7499998125000469,3
POSCAR_P8V2_2_st975,P8V2_2,0.324673,4.025683269324524,4.025683269324524,0.1778927530008403,0.3016345763192103,0.7499998125000469,3
POSCAR_P8V2_2_x025,P8V2_2,0.272046,4.12881655643216,4.12881655643216,0.1778927530008406,0.3004121228468344,0.7499998125000469,3
POSCAR_P8V2_2_x050,P8V2_2,0.273072,4.128954259071181,4.128954259071181,0.1778927530008406,0.2991806751129153,0.7499998125000469,3
POSCAR_P8V2_2_x950,P8V2_2,0.399545,4.129765733110801,4.129765733110801,0.1778927530008406,0.3040473850918828,0.7499998125000469,3
POSCAR_P8V2_2_x975,P8V2_2,0.348475,4.1292223269082,4.1292223269082,0.1778927530008406,0.3028467740459925,0.7499998125000469,3
POSCAR_P8V2_2_y025,P8V2_2,0.285515,4.181083101703739,4.181083101703739,0.1778927530008406,0.301006465429472,0.7499998125000469,3
POSCAR_P8V2_2_y050,P8V2_2,0.258216,4.234105378264076,4.234105378264076,0.1778927530008406,0.3003980358855339,0.7499998125000469,3
POSCAR_P8V2_2_y950,P8V2_2,0.338707,4.027217684206004,4.027217684206004,0.1778927530008406,0.3029520181772634,0.7499998125000469,3
POSCAR_P8V2_2_y975,P8V2_2,0.29797,4.077606266490605,4.077606266490605,0.1778927530008406,0.3022829101356137,0.7499998125000469,3
POSCAR_P8V2_2_z025,P8V2_2,0.318808,4.180906248329477,4.180906248329477,0.1778927530008406,0.3034914523657076,0.7499998125000469,3
POSCAR_P8V2_2_z050,P8V2_2,0.333799,4.233528288804473,4.233528288804473,0.1778927530008406,0.3053495877924229,0.7499998125000469,3
POSCAR_P8V2_2_z950,P8V2_2,0.263208,4.026866436672641,4.026866436672641,0.1778927530008406,0.2979316947459433,0.7499998125000469,3
POSCAR_P8V2_2_z975,P8V2_2,0.2771,4.077551081324804,4.077551081324804,0.1778927530008406,0.2997807064168244,0.7499998125000469,3
POSCAR_P8Zr2_1,P8Zr2_1,0.020595,4.544245721260627,4.544245721260627,0.1323402081375986,0.4092250674014009,0.9999996666667778,3
POSCAR_P8Zr2_1_x025,P8Zr2_1,0.008054,4.576686942102103,4.576686942102103,0.1323402081375986,0.413515429042403,0.9999996666667778,3
POSCAR_P8Zr2_1_x050,P8Zr2_1,0.005879,4.609692350650107,4.609692350650107,0.1323402081375986,0.4177933340826217,0.9999996666667778,3
POSCAR_P8Zr2_1_x975,P8Zr2_1,0.002156,4.512380856608886,4.512380856608886,0.1323402081375986,0.4049259278184287,0.9999996666667778,3
POSCAR_P8Zr2_1_y025,P8Zr2_1,0.003667,4.544242828260665,4.544242828260665,0.1323402081375986,0.4045843231135675,0.9999996666667778,3
POSCAR_P8Zr2_1_y050,P8Zr2_1,0.005164,4.54423993543094,4.54423993543094,0.1323402081375986,0.3999888651434321,0.9999996666667778,3
POSCAR_P8Zr2_1_y975,P8Zr2_1,0.011545,4.544248614375878,4.544248614375878,0.1323402081375986,0.4139072528406384,0.9999996666667778,3
POSCAR_P8Zr2_1_z975,P8Zr2_1,0.002078,4.463085210671058,4.463085210671058,0.1323402081375986,0.4088609954699609,0.9999996666667778,3
POSCAR_Pb10Ru2_1,Pb10Ru2_1,0.0253,5.2297619587077815,5.2297619587077815,0.1893016632403655,0.0031896998510769,0.285714244897965,3
POSCAR_Pb10Ru2_1_st025,Pb10Ru2_1,0.020063,5.360506007675505,5.360506007675505,0.1893016632403653,0.0031896998510753,0.285714244897965,3
POSCAR_Pb10Ru2_1_x025,Pb10Ru2_1,0.023198,5.295659509687279,5.295659509687279,0.1893016632403655,0.0032089629319404,0.285714244897965,3
POSCAR_Pb10Ru2_1_x050,Pb10Ru2_1,0.015567,5.362347724083924,5.362347724083924,0.1893016632403655,0.00322846689795,0.285714244897965,3
POSCAR_Pb10Ru2_1_x975,Pb10Ru2_1,0.02501,5.164685336136155,5.164685336136155,0.1893016632403656,0.0031707067991006,0.285714244897965,3
POSCAR_Pb10Ru2_1_y025,Pb10Ru2_1,0.033355,5.295424230053901,5.295424230053901,0.1893016632403655,0.0031922215984376,0.285714244897965,3
POSCAR_Pb10Ru2_1_y050,Pb10Ru2_1,0.014851,5.36187726937321,5.36187726937321,0.1893016632403655,0.0031947895515891,0.285714244897965,3
POSCAR_Pb10Ru2_1_y975,Pb10Ru2_1,0.024356,5.164920614826825,5.164920614826825,0.1893016632403655,0.00318722303551,0.285714244897965,3
POSCAR_Pb10Ru2_1_z025,Pb10Ru2_1,0.029342,5.229756852109682,5.229756852109682,0.1893016632403655,0.0031682215701524,0.285714244897965,3
POSCAR_Pb2Ru2_2,Pb2Ru2_2,0.406638,2.506005036931016,2.506005036931016,0.3333333333333333,0.7476744715676573,0.285714244897965,3
POSCAR_Pb2Ru2_2_st975,Pb2Ru2_2,0.252668,2.443354911007737,2.443354911007737,0.3333333333333333,0.7476744715676574,0.285714244897965,3
POSCAR_Pb2Ru2_2_x975,Pb2Ru2_2,0.347314,2.506005062267888,2.506005062267888,0.3333333333333333,0.7630229575586635,0.285714244897965,3
POSCAR_Pb2Ru2_2_y025,Pb2Ru2_2,0.502266,2.50600504082511,2.50600504082511,0.3333333333333334,0.7326287276403747,0.285714244897965,3
POSCAR_Pb2Ru2_2_y050,Pb2Ru2_2,0.608572,2.5060050447376865,2.5060050447376865,0.3333333333333333,0.7178066541902083,0.285714244897965,3
POSCAR_Pb2Ru2_2_z025,Pb2Ru2_2,0.598885,2.5686551842802707,2.5686551842802707,0.3333333333333333,0.7781619716938664,0.285714244897965,3
POSCAR_Pb2Ru2_2_z950,Pb2Ru2_2,0.005118,2.380704742222852,2.380704742222852,0.3333333333333333,0.6873019262244778,0.285714244897965,3
POSCAR_Pb2Ru2_2_z975,Pb2Ru2_2,0.406592,2.4433548895616144,2.4433548895616144,0.3333333333333333,0.7173787767519588,0.285714244897965,3
POSCAR_Pb2Ru2_3,Pb2Ru2_3,0.013193,2.722901560986798,2.722901560986798,0.4278003470896804,0.0008712898188228,0.285714244897965,3
POSCAR_Pb2Ru2_3_x025,Pb2Ru2_3,0.005109,2.722916745494314,2.722916745494314,0.4278003470896803,0.0008662457598479,0.285714244897965,3
POSCAR_Pb2Ru2_3_x050,Pb2Ru2_3,0.005597,2.723007601328468,2.723007601328468,0.4278003470896804,0.000861335379095,0.285714244897965,3
POSCAR_Pb2Ru2_3_x950,Pb2Ru2_3,0.008969,2.723098204861925,2.723098204861925,0.4278003470896803,0.0008817728233044,0.285714244897965,3
POSCAR_Pb2Ru2_3_x975,Pb2Ru2_3,0.006693,2.722962049153156,2.722962049153156,0.4278003470896803,0.0008764661651264,0.285714244897965,3
POSCAR_Pb2Ru2_3_y025,Pb2Ru2_3,0.007665,2.76739176803656,2.76739176803656,0.4278003470896802,0.0008751878740179,0.285714244897965,3
POSCAR_Pb2Ru2_3_y050,Pb2Ru2_3,0.007335,2.8122505661454555,2.8122505661454555,0.4278003470896803,0.0008791303167458,0.285714244897965,3
POSCAR_Pb2Ru2_3_y950,Pb2Ru2_3,0.008948,2.6351014445179803,2.6351014445179803,0.4278003470896803,0.0008636394070693,0.285714244897965,3
POSCAR_Pb2Ru2_3_y975,Pb2Ru2_3,0.005712,2.67879831004465,2.67879831004465,0.4278003470896802,0.0008674392702148,0.285714244897965,3
POSCAR_Pb2Ru2_3_z050,Pb2Ru2_3,0.005304,2.771402664927688,2.771402664927688,0.4278003470896803,0.0008741296151956,0.285714244897965,3
POSCAR_Pb2Ru2_3_z950,Pb2Ru2_3,0.003965,2.676253787723952,2.676253787723952,0.4278003470896804,0.0008692125780336,0.285714244897965,3
POSCAR_Pb2Ru2_3_z975,Pb2Ru2_3,0.005401,2.699339913371858,2.699339913371858,0.4278003470896804,0.0008701510572318,0.285714244897965,3
POSCAR_Pb2Sc2_3,Pb2Sc2_3,0.048118,4.846631574191266,3.545195432081337,0.3333333333333335,0.4164030937648255,0.99999950000025,3
POSCAR_Pb2Sc2_3_st025,Pb2Sc2_3,0.022034,4.967797363546047,3.6338253178833697,0.3333333333333333,0.4164030937648253,0.99999950000025,3
POSCAR_Pb2Sc2_3_x025,Pb2Sc2_3,0.014521,4.846631571864064,3.5458390288079853,0.3333333333333333,0.4225217471206619,0.99999950000025,3
POSCAR_Pb2Sc2_3_x050,Pb2Sc2_3,0.018017,4.846631569525824,3.5458390288079853,0.3333333333333333,0.4287238048736879,0.99999950000025,3
POSCAR_Pb2Sc2_3_x950,Pb2Sc2_3,0.02229,4.846631578957778,3.3679356605209363,0.3333333333333333,0.4044472046044149,0.99999950000025,3
POSCAR_Pb2Sc2_3_y025,Pb2Sc2_3,0.014721,4.846631573162617,3.545195432085205,0.3333333333333334,0.4225235189084464,0.99999950000025,3
POSCAR_Pb2Sc2_3_y050,Pb2Sc2_3,0.071596,4.846631572116262,3.545195432085205,0.3333333333333333,0.4287272230476241,0.99999950000025,3
POSCAR_Pb2Sc2_3_y950,Pb2Sc2_3,0.022476,4.846631576340629,3.368547077368264,0.3333333333333332,0.4044433214266186,0.99999950000025,3
POSCAR_Pb2Sc2_3_y975,Pb2Sc2_3,0.007063,4.846631575274801,3.4571930531314106,0.3333333333333333,0.4103737159001461,0.99999950000025,3
POSCAR_Pb2Sc2_3_z025,Pb2Sc2_3,0.027458,4.967797366980043,3.545195432085205,0.3333333333333333,0.404453663061313,0.99999950000025,3
POSCAR_Pb2Sc2_3_z050,Pb2Sc2_3,0.023607,5.088963159754239,3.545195432085205,0.3333333333333333,0.392900292926384,0.99999950000025,3
POSCAR_Pb2Sc2_3_z950,Pb2Sc2_3,0.011254,4.604299988668497,3.545195432085205,0.3333333333333333,0.4415262720959831,0.99999950000025,3
POSCAR_Pb2Sc2_3_z975,Pb2Sc2_3,0.014312,4.725465781411365,3.545195432085205,0.3333333333333333,0.4287578038372298,0.99999950000025,3
POSCAR_Pb3Ru2_1,Pb3Ru2_1,0.01756,3.32297157126177,3.32297157126177,0.339865524977279,0.0003995769423707,0.285714244897965,3
POSCAR_Pb3Ru2_1_st025,Pb3Ru2_1,0.019067,3.406045860543346,3.406045860543346,0.3398655249772796,0.0003995769423709,0.285714244897965,3
POSCAR_Pb3Ru2_1_st050,Pb3Ru2_1,0.017522,3.48912014982489,3.48912014982489,0.3398655249772797,0.0003995769423709,0.285714244897965,3
POSCAR_Pb3Ru2_1_x950,Pb3Ru2_1,0.032608,3.199741764121216,3.199741764121216,0.3398655249772789,0.000407114576177,0.285714244897965,3
POSCAR_Pb3Ru2_1_y050,Pb3Ru2_1,0.018545,3.323786756238297,3.323786756238297,0.339865524977279,0.000386478419477,0.285714244897965,3
POSCAR_Pb3Ru2_1_y950,Pb3Ru2_1,0.019069,3.229954815344727,3.229954815344727,0.3398655249772789,0.0004129953368499,0.285714244897965,3
POSCAR_Pb3Ru2_1_y975,Pb3Ru2_1,0.018102,3.287221847637553,3.287221847637553,0.339865524977279,0.000406248687299,0.285714244897965,3
POSCAR_Pb3Ru2_1_z025,Pb3Ru2_1,0.017102,3.3437812798743427,3.3437812798743427,0.339865524977279,0.0004099178943154,0.285714244897965,3
POSCAR_Rh2S4_1,Rh2S4_1,0.581592,4.037814756396368,3.818448545540009,0.1927486304651342,0.3290165382164798,0.4999999375000079,3
POSCAR_Rh2S4_1_x025,Rh2S4_1,0.595836,4.057547694264809,3.913909759178757,0.1927486304651342,0.32263794516162,0.4999999375000079,3
POSCAR_Rh2S4_1_x050,Rh2S4_1,0.614293,4.077743819666731,4.009370972861468,0.1927486304651342,0.3163806599033532,0.4999999375000079,3
POSCAR_Rh2S4_1_x950,Rh2S4_1,0.568757,3.9997657043293073,3.6275261182251777,0.1927486304651341,0.3421314655909691,0.4999999375000079,3
POSCAR_Rh2S4_1_x975,Rh2S4_1,0.577591,4.01855182953311,3.72298733190789,0.1927486304651342,0.3355150281326028,0.4999999375000079,3
POSCAR_Rh2S4_1_y025,Rh2S4_1,0.58132,4.070081273194095,3.818448545496044,0.1927486304651342,0.3323213681137419,0.4999999375000079,3
POSCAR_Rh2S4_1_y050,Rh2S4_1,0.577724,4.10295585532145,3.818448545496045,0.1927486304651342,0.33561469233882,0.4999999375000079,3
POSCAR_Rh2S4_1_y950,Rh2S4_1,0.586318,3.975164868315344,3.818448545496044,0.1927486304651342,0.3223838276843479,0.4999999375000079,3
POSCAR_Rh2S4_1_y975,Rh2S4_1,0.575523,4.006170997390481,3.818448545496045,0.1927486304651343,0.3257030225295527,0.4999999375000079,3
POSCAR_Rh2S4_1_z025,Rh2S4_1,0.51732,4.087614978925735,3.818448545496044,0.1927486304651342,0.3321634911487246,0.4999999375000079,3
POSCAR_Rh2S4_1_z050,Rh2S4_1,0.460461,4.138023203988946,3.818448545496044,0.1927486304651342,0.3353437411565153,0.4999999375000079,3
POSCAR_Rh2S4_1_z950,Rh2S4_1,0.747066,3.94013025482966,3.818448545496044,0.1927486304651342,0.3228365132777531,0.4999999375000079,3
POSCAR_Rh2S4_1_z975,Rh2S4_1,0.657629,3.988645310125833,3.818448545496045,0.1927486304651341,0.3259063454865951,0.4999999375000079,3
POSCAR_Rh2Tl2_1,Rh2Tl2_1,0.324027,2.6124214877194345,2.6124214877194345,0.3333333333333332,0.7920098855771716,0.1249999843750019,3
POSCAR_Rh2Tl2_1_z975,Rh2Tl2_1,0.240681,2.5471109513689663,2.5471109513689663,0.3333333333333334,0.7967521634503287,0.1249999843750019,3
POSCAR_Ru2S2_1,Ru2S2_1,0.360078,4.139870864140972,3.1863402513545744,0.0833333333333333,0.7232539713883129,0.57142848979593,3
POSCAR_Ru2S2_1_st025,Ru2S2_1,0.355894,4.243367635744491,3.2659987576384384,0.0833333333333333,0.7232539713883122,0.57142848979593,3
POSCAR_Ru2S2_1_st050,Ru2S2_1,0.316975,4.346864407348016,3.345657263922304,0.0833333333333333,0.723253971388312,0.57142848979593,3
POSCAR_Ru2S2_1_st950,Ru2S2_1,0.243569,3.9328773209339176,3.027023238786845,0.0833333333333333,0.723253971388312,0.57142848979593,3
POSCAR_Ru2S2_1_st975,Ru2S2_1,0.35725,4.036374092537444,3.106681745070712,0.0833333333333333,0.723253971388312,0.57142848979593,3
POSCAR_Ru2S2_1_x025,Ru2S2_1,0.385328,4.139941214570743,3.1875455469878884,0.0833333333333333,0.7237997592666234,0.57142848979593,3
POSCAR_Ru2S2_1_x050,Ru2S2_1,0.408007,4.140181322487946,3.187545546987889,0.0833333333333333,0.7239477950744982,0.57142848979593,3
POSCAR_Ru2S2_1_x950,Ru2S2_1,0.287407,4.101580199531938,3.0280795070980195,0.0833333333333333,0.7123999912436304,0.57142848979593,3
POSCAR_Ru2S2_1_x975,Ru2S2_1,0.347269,4.121152662637826,3.1077658099452226,0.0833333333333333,0.717773943703912,0.57142848979593,3
POSCAR_Ru2S2_1_y025,Ru2S2_1,0.386419,4.141409817821454,3.187452112792679,0.0833333333333333,0.7233986312557549,0.57142848979593,3
POSCAR_Ru2S2_1_y050,Ru2S2_1,0.40962,4.141675484290591,3.187452112792679,0.0833333333333333,0.7235421029416195,0.57142848979593,3
POSCAR_Ru2S2_1_y950,Ru2S2_1,0.286791,4.100245417675979,3.028168269652771,0.0833333333333333,0.7127716412249134,0.57142848979593,3
POSCAR_Ru2S2_1_y975,Ru2S2_1,0.345198,4.119764197879877,3.1078569083384213,0.0833333333333333,0.7181580304806011,0.57142848979593,3
POSCAR_Ru2S2_1_z025,Ru2S2_1,0.382235,4.223185009963541,3.186340251377624,0.0833333333333333,0.7175800973810073,0.57142848979593,3
POSCAR_Ru2S2_1_z050,Ru2S2_1,0.340731,4.306884846296484,3.186340251377624,0.0833333333333333,0.7119096152268651,0.57142848979593,3
POSCAR_Ru2S2_1_z950,Ru2S2_1,0.341094,3.974496552252112,3.186340251377624,0.0833333333333333,0.7346038742229735,0.57142848979593,3
POSCAR_Ru2S2_1_z975,Ru2S2_1,0.384746,4.056966170757894,3.186340251377624,0.0833333333333333,0.7289291687713731,0.57142848979593,3
POSCAR_Ru2S2_2,Ru2S2_2,0.351852,2.846932101266565,2.846932101266565,0.1666666666666666,0.7485250042905812,0.57142848979593,3
POSCAR_Ru2S2_2_st025,Ru2S2_2,0.49776,2.9181054037982266,2.9181054037982266,0.1666666666666666,0.7485250042905824,0.57142848979593,3
POSCAR_Ru2S2_2_st050,Ru2S2_2,0.554971,2.9892787063298907,2.9892787063298907,0.1666666666666666,0.748525004290582,0.57142848979593,3
POSCAR_Ru2S2_2_st950,Ru2S2_2,0.27415,2.704585496203235,2.704585496203235,0.1666666666666667,0.748525004290582,0.57142848979593,3
POSCAR_Ru2S2_2_st975,Ru2S2_2,0.336661,2.7757587987349,2.7757587987349,0.1666666666666666,0.7485250042905819,0.57142848979593,3
POSCAR_Ru2S2_2_x025,Ru2S2_2,0.436715,2.846985639084263,2.846985639084263,0.1666666666666666,0.7428273952310042,0.57142848979593,3
POSCAR_Ru2S2_2_x050,Ru2S2_2,0.532862,2.847072853444167,2.847072853444167,0.1666666666666666,0.7372423032554447,0.57142848979593,3
POSCAR_Ru2S2_2_x950,Ru2S2_2,0.371944,2.8469260614841785,2.8469260614841785,0.1666666666666666,0.7558006966969737,0.57142848979593,3
POSCAR_Ru2S2_2_x975,Ru2S2_2,0.347329,2.8469122418096227,2.8469122418096227,0.1666666666666666,0.7527861451091813,0.57142848979593,3
POSCAR_Ru2S2_2_y025,Ru2S2_2,0.37715,2.8537337218060337,2.8537337218060337,0.1666666666666666,0.7597113141561233,0.57142848979593,3
POSCAR_Ru2S2_2_y050,Ru2S2_2,0.393543,2.860719477172321,2.860719477172321,0.1666666666666666,0.769515737286478,0.57142848979593,3
POSCAR_Ru2S2_2_y950,Ru2S2_2,0.416363,2.833886531973844,2.833886531973844,0.1666666666666666,0.7230557302796513,0.57142848979593,3
POSCAR_Ru2S2_2_y975,Ru2S2_2,0.381273,2.840315938337515,2.840315938337515,0.1666666666666666,0.7357998266774631,0.57142848979593,3
POSCAR_Ru2S2_2_z025,Ru2S2_2,0.375996,2.9114345364558094,2.9114345364558094,0.1666666666666666,0.7415793097449009,0.57142848979593,3
POSCAR_Ru2S2_2_z050,Ru2S2_2,0.402052,2.9760803543740963,2.9760803543740963,0.1666666666666666,0.7346615526280349,0.57142848979593,3
POSCAR_Ru2S2_2_z950,Ru2S2_2,0.293573,2.7183981831292914,2.7183981831292914,0.1666666666666666,0.7624791023016269,0.57142848979593,3
POSCAR_Ru2S2_2_z975,Ru2S2_2,0.326359,2.7825830200005304,2.7825830200005304,0.1666666666666666,0.7554934617218495,0.57142848979593,3
POSCAR_Ru2S8_1,Ru2S8_1,0.379438,4.0847271680238135,4.0847271680238135,0.0945242621584779,0.3833600138669945,0.57142848979593,3
POSCAR_Ru2S8_1_st025,Ru2S8_1,0.309007,4.186845347224377,4.186845347224377,0.0945242621584782,0.3833600138669972,0.57142848979593,3
POSCAR_Ru2S8_1_st050,Ru2S8_1,0.274678,4.288963526424974,4.288963526424974,0.0945242621584782,0.3833600138669971,0.57142848979593,3
POSCAR_Ru2S8_1_x025,Ru2S8_1,0.425533,4.136100990432282,4.136100990432282,0.0945242621584778,0.3818027900125541,0.57142848979593,3
POSCAR_Ru2S8_1_x050,Ru2S8_1,0.028072,4.188089687128389,4.188089687128389,0.0945242621584779,0.3803268216368132,0.57142848979593,3
POSCAR_Ru2S8_1_y025,Ru2S8_1,0.341291,4.136101916207766,4.136101916207766,0.0945242621584779,0.3874881895490615,0.57142848979593,3
POSCAR_Ru2S8_1_y050,Ru2S8_1,0.361069,4.18809153823572,4.18809153823572,0.0945242621584779,0.391638901529072,0.57142848979593,3
POSCAR_Ru2S8_1_z025,Ru2S8_1,0.021024,4.084727163668571,4.084727163668571,0.0945242621584779,0.3808876481535732,0.57142848979593,3
POSCAR_Ru2S8_1_z050,Ru2S8_1,0.33792,4.08472715934736,4.08472715934736,0.0945242621584779,0.3785024542373077,0.57142848979593,3
POSCAR_Ru2Si1_1,Ru2Si1_1,0.074692,2.797612027909152,2.797612027909152,0.1666666666666667,0.0003130591631528,0.285714244897965,3
POSCAR_Ru2Si1_1_x950,Ru2Si1_1,0.002271,2.72873564194977,2.72873564194977,0.1666666666666666,0.000316585912074,0.285714244897965,3
POSCAR_Ru2Si1_1_x975,Ru2Si1_1,0.001481,2.7629465288503203,2.7629465288503203,0.1666666666666667,0.0003148343683372,0.285714244897965,3
POSCAR_Ru2Si1_1_z950,Ru2Si1_1,0.005693,2.733616180388292,2.733616180388292,0.1666666666666666,0.0003164862648636,0.285714244897965,3
POSCAR_Ru2Si1_1_z975,Ru2Si1_1,0.009538,2.767823002004645,2.767823002004645,0.1666666666666666,0.0003148439312504,0.285714244897965,3
POSCAR_Ru2Sn2_3,Ru2Sn2_3,0.499649,2.569529224507223,2.569529224507223,0.3333333333333333,0.7867467689508301,0.285714244897965,3
POSCAR_Ru2Sn2_3_st050,Ru2Sn2_3,0.879461,2.6980056857325705,2.6980056857325705,0.3333333333333332,0.7867467689508302,0.285714244897965,3
POSCAR_Ru2Sn2_3_st975,Ru2Sn2_3,0.040538,2.5052909938945294,2.5052909938945294,0.3333333333333332,0.7867467689508301,0.285714244897965,3
POSCAR_Ru2Sn2_3_x025,Ru2Sn2_3,0.484741,2.569529224531843,2.569529224531843,0.3333333333333332,0.7909783149967499,0.285714244897965,3
POSCAR_Ru2Sn2_3_x050,Ru2Sn2_3,0.519583,2.569529224536616,2.569529224536616,0.3333333333333333,0.777874580041691,0.285714244897965,3
POSCAR_Ru2Sn2_3_x950,Ru2Sn2_3,0.213915,2.56952922451753,2.56952922451753,0.3333333333333333,0.778521856192735,0.285714244897965,3
POSCAR_Ru2Sn2_3_x975,Ru2Sn2_3,0.448273,2.5695292245223005,2.5695292245223005,0.3333333333333334,0.7825914109364015,0.285714244897965,3
POSCAR_Ru2Sn2_3_y025,Ru2Sn2_3,0.478463,2.5695292244467245,2.5695292244467245,0.3333333333333334,0.7909770851327275,0.285714244897965,3
POSCAR_Ru2Sn2_3_y050,Ru2Sn2_3,0.519533,2.5695292243664376,2.5695292243664376,0.3333333333333334,0.7780936984985788,0.285714244897965,3
POSCAR_Ru2Sn2_3_y950,Ru2Sn2_3,0.21474,2.5695292246879484,2.5695292246879484,0.3333333333333333,0.7785244699006859,0.285714244897965,3
POSCAR_Ru2Sn2_3_y975,Ru2Sn2_3,0.447558,2.5695292246074795,2.5695292246074795,0.3333333333333334,0.7825926934004924,0.285714244897965,3
POSCAR_Ru2Sn2_3_z025,Ru2Sn2_3,0.731623,2.6337674551708847,2.6337674551708847,0.3333333333333334,0.7783438124841093,0.285714244897965,3
POSCAR_Ru2Sn2_3_z050,Ru2Sn2_3,1.112079,2.6980056858647345,2.6980056858647345,0.3333333333333335,0.7699175605697419,0.285714244897965,3
POSCAR_Ru2Sn2_3_z950,Ru2Sn2_3,0.102044,2.4410527631396164,2.4410527631396164,0.3333333333333334,0.7861911429539892,0.285714244897965,3
POSCAR_Ru2Sn2_3_z975,Ru2Sn2_3,0.23489,2.505290993833314,2.505290993833314,0.3333333333333334,0.7951188760943784,0.285714244897965,3
POSCAR_S2Ti2_2,S2Ti2_2,0.469563,3.2439497278583627,3.2439497278583627,0.3333333333333332,0.5810897928021793,1.333332888889037,3
POSCAR_S2Ti2_2_st025,S2Ti2_2,0.413374,3.3250484710548225,3.3250484710548225,0.3333333333333333,0.5810897928021796,1.333332888889037,3
POSCAR_S2Ti2_2_st050,S2Ti2_2,0.159491,3.406147214251281,3.406147214251281,0.3333333333333333,0.5810897928021791,1.333332888889037,3
POSCAR_S2Ti2_2_st975,S2Ti2_2,0.100746,3.162850984661904,3.162850984661904,0.3333333333333332,0.5810897928021794,1.333332888889037,3
POSCAR_S2Ti2_2_x050,S2Ti2_2,0.528627,3.243949728796222,3.243949728796222,0.3333333333333332,0.5933804963992518,1.333332888889037,3
POSCAR_S2Ti2_2_x950,S2Ti2_2,0.138243,3.243949726876808,3.141645240522174,0.3333333333333334,0.5690664055438726,1.333332888889037,3
POSCAR_S2Ti2_2_x975,S2Ti2_2,0.425437,3.2439497273565205,3.224320115307001,0.3333333333333333,0.5750400614673615,1.333332888889037,3
POSCAR_S2Ti2_2_y050,S2Ti2_2,0.526371,3.243949727661661,3.243949727661661,0.3333333333333333,0.5933840063581277,1.333332888889037,3
POSCAR_S2Ti2_2_y950,S2Ti2_2,0.13999,3.24394972801102,3.1424394363358243,0.3333333333333333,0.5690620247207623,1.333332888889037,3
POSCAR_S2Ti2_2_y975,S2Ti2_2,0.425363,3.2439497279236704,3.2251352108923905,0.3333333333333333,0.5750379740284823,1.333332888889037,3
POSCAR_S2V2_2,S2V2_2,0.694501,3.4025584657834704,3.4025584657834704,0.25,0.4042350576164399,0.9999997500000624,3
POSCAR_S2V2_2_st025,S2V2_2,0.586575,3.4876224274280627,3.4876224274280627,0.2500000000000001,0.4042350576164398,0.9999997500000624,3
POSCAR_S2V2_2_st050,S2V2_2,0.48561,3.57268638907265,3.57268638907265,0.2499999999999999,0.4042350576164399,0.9999997500000624,3
POSCAR_S2V2_2_st950,S2V2_2,0.908369,3.2324305424943027,3.2324305424943027,0.25,0.4042350576164398,0.9999997500000624,3
POSCAR_S2V2_2_st975,S2V2_2,0.823342,3.31749450413889,3.31749450413889,0.25,0.4042350576164398,0.9999997500000624,3
POSCAR_S2V2_2_z025,S2V2_2,0.665911,3.457540731207944,3.419553929700263,0.25,0.4035026884691576,0.9999997500000624,3
POSCAR_S2V2_3,S2V2_3,0.280236,3.889784738612976,3.607537527788649,0.25,0.0776226198810582,0.9999997500000624,3
POSCAR_S2V2_3_st025,S2V2_3,0.25693,3.987029357078317,3.697725965983365,0.25,0.0776226198810631,0.9999997500000624,3
POSCAR_S2V2_3_st050,S2V2_3,0.22552,4.084273975543642,3.787914404178082,0.25,0.077622619881063,0.9999997500000624,3
POSCAR_S2V2_3_st950,S2V2_3,0.212622,3.695295501682342,3.427160651399217,0.25,0.0776226198810633,0.9999997500000624,3
POSCAR_S2V2_3_st975,S2V2_3,0.213162,3.7925401201476654,3.517349089593933,0.25,0.0776226198810631,0.9999997500000624,3
POSCAR_S2V2_3_x975,S2V2_3,0.299189,3.864961077506165,3.517349089588227,0.25,0.0778437134475757,0.9999997500000624,3
POSCAR_S2V2_3_y025,S2V2_3,0.297145,3.8926130821686047,3.607537527785337,0.2499999999999999,0.077394957428654,0.9999997500000624,3
POSCAR_S2V2_3_y050,S2V2_3,0.313463,3.892939320902898,3.607537527785336,0.25,0.0771607914197668,0.9999997500000624,3
POSCAR_S2V2_3_y950,S2V2_3,0.250747,3.838087486096657,3.427369283127812,0.25,0.0780583706905765,0.9999997500000624,3
POSCAR_S2V2_3_y975,S2V2_3,0.298823,3.864905518742188,3.517563211694548,0.25,0.0778437580587449,0.9999997500000624,3
POSCAR_S2V2_3_z025,S2V2_3,0.277154,3.959473250664879,3.607537527785336,0.25,0.0780446029693352,0.9999997500000624,3
POSCAR_S2V2_3_z050,S2V2_3,0.26909,4.029632624917705,3.607537527785336,0.25,0.0784146770017158,0.9999997500000624,3
POSCAR_S2V2_3_z950,S2V2_3,0.279729,3.75192507560672,3.607537527785337,0.25,0.0766130040700077,0.9999997500000624,3
POSCAR_S2V2_3_z975,S2V2_3,0.281579,3.82059285494452,3.607537527785336,0.25,0.0771462559507046,0.9999997500000624,3
POSCAR_S2V2_4,S2V2_4,0.383382,2.968796390408145,2.968796390408145,0.3333333333333332,0.6744967363827319,0.9999997500000624,3
POSCAR_S2V2_4_st025,S2V2_4,0.358039,3.043016300168349,3.043016300168349,0.3333333333333334,0.6744967363827319,0.9999997500000624,3
POSCAR_S2V2_4_st050,S2V2_4,0.341216,3.117236209928552,3.117236209928552,0.3333333333333333,0.6744967363827321,0.9999997500000624,3
POSCAR_S2V2_4_st950,S2V2_4,0.462744,2.8203565708877374,2.8203565708877374,0.3333333333333332,0.674496736382732,0.9999997500000624,3
POSCAR_S2V2_4_st975,S2V2_4,0.418266,2.894576480647941,2.894576480647941,0.3333333333333333,0.6744967363827318,0.9999997500000624,3
POSCAR_S2V2_4_x025,S2V2_4,0.417616,2.968796389934749,2.968796389934749,0.3333333333333332,0.680016130606552,0.9999997500000624,3
POSCAR_S2V2_4_x050,S2V2_4,0.442621,2.968796389483797,2.968796389483797,0.3333333333333332,0.685587845033053,0.9999997500000624,3
POSCAR_S2V2_4_x950,S2V2_4,0.426573,2.9687963912902413,2.9687963912902413,0.3333333333333332,0.6636515740420328,0.9999997500000624,3
POSCAR_S2V2_4_x975,S2V2_4,0.404962,2.968796390837971,2.968796390837971,0.3333333333333332,0.6690387487859623,0.9999997500000624,3
POSCAR_S2V2_4_y025,S2V2_4,0.417019,2.9687963904496484,2.9687963904496484,0.3333333333333333,0.6800132924435438,0.9999997500000624,3
POSCAR_S2V2_4_y050,S2V2_4,0.44223,2.968796390515279,2.968796390515279,0.3333333333333331,0.6855822839635485,0.9999997500000624,3
POSCAR_S2V2_4_y950,S2V2_4,0.427157,2.968796390265478,2.968796390265478,0.3333333333333332,0.6636575725407186,0.9999997500000624,3
POSCAR_S2V2_4_y975,S2V2_4,0.405654,2.9687963903247505,2.9687963903247505,0.3333333333333332,0.6690416965199266,0.9999997500000624,3
POSCAR_S2V2_4_z025,S2V2_4,0.341999,3.0430163005404465,3.0430163005404465,0.3333333333333333,0.6635621330409123,0.9999997500000624,3
POSCAR_S2V2_4_z050,S2V2_4,0.306377,3.117236210698036,3.117236210698036,0.3333333333333332,0.6527193016289738,0.9999997500000624,3
POSCAR_S2V2_4_z950,S2V2_4,0.485448,2.820356570138467,2.820356570138467,0.3333333333333332,0.696604630835391,0.9999997500000624,3
POSCAR_Sb2Ti2_1,Sb2Ti2_1,0.321482,3.106844887372032,3.106844887372032,0.3333333333333333,0.703802507402145,0.9999996666667778,3
POSCAR_Sb2Ti2_1_st025,Sb2Ti2_1,0.460162,3.1845160095563325,3.1845160095563325,0.3333333333333333,0.703802507402145,0.9999996666667778,3
POSCAR_Sb2Ti2_1_st050,Sb2Ti2_1,0.539832,3.2621871317406343,3.2621871317406343,0.3333333333333333,0.7038025074021448,0.9999996666667778,3
POSCAR_Sb2Ti2_1_st950,Sb2Ti2_1,0.072141,2.9515026430034306,2.9515026430034306,0.3333333333333333,0.7038025074021448,0.9999996666667778,3
POSCAR_Sb2Ti2_1_st975,Sb2Ti2_1,0.245702,3.029173765187731,3.029173765187731,0.3333333333333333,0.7038025074021446,0.9999996666667778,3
POSCAR_Sb2Ti2_1_x025,Sb2Ti2_1,0.344457,3.1068448887073146,3.1068448887073146,0.3333333333333333,0.7091319157847567,0.9999996666667778,3
POSCAR_Sb2Ti2_1_x050,Sb2Ti2_1,0.437036,3.1068448900684067,3.1068448900684067,0.3333333333333332,0.714510522886146,0.9999996666667778,3
POSCAR_Sb2Ti2_1_x950,Sb2Ti2_1,0.266054,3.10684488468162,3.10684488468162,0.3333333333333333,0.6933284608171648,0.9999996666667778,3
POSCAR_Sb2Ti2_1_x975,Sb2Ti2_1,0.293917,3.106844886013919,3.106844886013919,0.3333333333333333,0.6985315072807355,0.9999996666667778,3
POSCAR_Sb2Ti2_1_y025,Sb2Ti2_1,0.30148,3.106844887754691,3.106844887754691,0.3333333333333332,0.7089559743831868,0.9999996666667778,3
POSCAR_Sb2Ti2_1_y950,Sb2Ti2_1,0.270183,3.1068448865687213,3.1068448865687213,0.3333333333333332,0.6936988343870927,0.9999996666667778,3
POSCAR_Sb2Ti2_1_y975,Sb2Ti2_1,0.297011,3.1068448869604928,3.1068448869604928,0.3333333333333333,0.6987137390887312,0.9999996666667778,3
POSCAR_Sb2Ti2_1_z025,Sb2Ti2_1,0.290419,3.1845160078107466,3.1845160078107466,0.3333333333333332,0.6934037595244854,0.9999996666667778,3
POSCAR_Sb2Ti2_1_z050,Sb2Ti2_1,0.222081,3.262187128272542,3.262187128272542,0.3333333333333332,0.6830622590698047,0.9999996666667778,3
POSCAR_Sb2Ti2_1_z950,Sb2Ti2_1,0.307408,2.951502646518607,2.951502646518607,0.3333333333333332,0.7247346424638299,0.9999996666667778,3
POSCAR_Sb2Ti2_1_z975,Sb2Ti2_1,0.298994,3.0291737669582512,3.0291737669582512,0.3333333333333332,0.7142493934279579,0.9999996666667778,3
POSCAR_Sc2Te2_1,Sc2Te2_1,0.015685,3.505155830179924,3.505155830179924,0.3333333333333333,0.6575220407127025,1.9999990000005,3
POSCAR_Sc2Te2_1_x950,Sc2Te2_1,0.016334,3.505155812699709,3.505155812699709,0.3333333333333334,0.646403757424273,1.9999990000005,3
POSCAR_Sc2Te2_1_x975,Sc2Te2_1,0.039029,3.505155821399983,3.505155821399983,0.3333333333333333,0.651927279095537,1.9999990000005,3
POSCAR_Sc2Te2_1_y050,Sc2Te2_1,0.014685,3.505155832662944,3.505155832662944,0.3333333333333334,0.6688975462175873,1.9999990000005,3
POSCAR_Sc2Te2_1_y950,Sc2Te2_1,0.016774,3.505155827684166,3.505155827684166,0.3333333333333333,0.6463937381803667,1.9999990000005,3
POSCAR_Sc2Te2_1_y975,Sc2Te2_1,0.039192,3.505155828924684,3.505155828924684,0.3333333333333333,0.6519223205108572,1.9999990000005,3
POSCAR_Sc2Te2_1_z025,Sc2Te2_1,0.021933,3.592784715917974,3.592784715917974,0.3333333333333333,0.6463162427101182,1.9999990000005,3
POSCAR_Sc2Te2_1_z050,Sc2Te2_1,0.00218,3.680413601746217,3.680413601746217,0.3333333333333333,0.6352231695558525,1.9999990000005,3
POSCAR_Se2Ti2_1,Se2Ti2_1,0.311818,3.405829460897294,3.405829460897294,0.3333333333333333,0.5844418590409699,1.333332888889037,3
POSCAR_Se2Ti2_1_st025,Se2Ti2_1,0.194757,3.4909751974197385,3.4909751974197385,0.3333333333333333,0.5844418590409697,1.333332888889037,3
POSCAR_Se2Ti2_1_st050,Se2Ti2_1,0.100333,3.576120933942172,3.576120933942172,0.3333333333333335,0.5844418590409697,1.333332888889037,3
POSCAR_Se2Ti2_1_st950,Se2Ti2_1,0.183486,3.23553798785244,3.23553798785244,0.3333333333333333,0.5844418590409695,1.333332888889037,3
POSCAR_Se2Ti2_1_st975,Se2Ti2_1,0.378571,3.3206837243748746,3.3206837243748746,0.3333333333333332,0.5844418590409698,1.333332888889037,3
POSCAR_Se2Ti2_1_x950,Se2Ti2_1,0.375377,3.405829460932584,3.3200777295520267,0.3333333333333333,0.5724398518469331,1.333332888889037,3
POSCAR_Se2Ti2_4,Se2Ti2_4,0.79497,3.468829360474376,3.454687217030064,0.2499999999999999,0.4038485022069628,1.333332888889037,3
POSCAR_Se2V2_1,Se2V2_1,0.48376,3.069015318390553,3.069015318390553,0.3333333333333333,0.6842672324252965,0.9999997500000624,3
POSCAR_Se2V2_1_st025,Se2V2_1,0.40477,3.1457407013503462,3.1457407013503462,0.3333333333333334,0.6842672324252965,0.9999997500000624,3
POSCAR_Se2V2_1_st050,Se2V2_1,0.313742,3.2224660843101107,3.2224660843101107,0.3333333333333334,0.6842672324252965,0.9999997500000624,3
POSCAR_Se2V2_1_st950,Se2V2_1,0.620299,2.9155645524710527,2.9155645524710527,0.3333333333333333,0.6842672324252966,0.9999997500000624,3
POSCAR_Se2V2_1_st975,Se2V2_1,0.548979,2.9922899354308177,2.9922899354308177,0.3333333333333333,0.6842672324252961,0.9999997500000624,3
POSCAR_Se2V2_1_x975,Se2V2_1,0.521842,3.0690153178796526,3.0690153178796526,0.3333333333333333,0.6788986914917624,0.9999997500000624,3
POSCAR_Se2V2_1_y025,Se2V2_1,0.457764,3.0690153205144903,3.0690153205144903,0.3333333333333333,0.6896978857852009,0.9999997500000624,3
POSCAR_Se2V2_1_y050,Se2V2_1,0.447925,3.0690153227407704,3.0690153227407704,0.3333333333333333,0.6951811020819475,0.9999997500000624,3
POSCAR_Se2V2_1_y950,Se2V2_1,0.555061,3.0690153145692567,3.0690153145692567,0.3333333333333334,0.6736002808245913,0.9999997500000624,3
POSCAR_Se2V2_1_y975,Se2V2_1,0.521777,3.069015316428734,3.069015316428734,0.3333333333333333,0.6788982295138748,0.9999997500000624,3
POSCAR_Se2V2_1_z025,Se2V2_1,0.440108,3.1457406988325936,3.1457406988325936,0.3333333333333333,0.6735019661652193,0.9999997500000624,3
POSCAR_Se2V2_1_z050,Se2V2_1,0.393787,3.2224660793445965,3.2224660793445965,0.3333333333333334,0.6628166952283132,0.9999997500000624,3
POSCAR_Se2V2_1_z950,Se2V2_1,0.552343,2.9155645578144216,2.9155645578144216,0.3333333333333333,0.7060007828126615,0.9999997500000624,3
POSCAR_Se2V2_1_z975,Se2V2_1,0.52079,2.992289938035225,2.992289938035225,0.3333333333333332,0.6951034427374574,0.9999997500000624,3
POSCAR_Te2V2_1,Te2V2_1,0.324742,3.1618968737009143,3.1618968737009143,0.3333333333333334,0.7091997735571149,0.9999997500000624,3
POSCAR_Te2V2_1_st025,Te2V2_1,0.275048,3.2409442955434336,3.2409442955434336,0.3333333333333334,0.7091997735571149,0.9999997500000624,3
POSCAR_Te2V2_1_st050,Te2V2_1,0.252865,3.3199917173859568,3.3199917173859568,0.3333333333333333,0.709199773557115,0.9999997500000624,3
POSCAR_Te2V2_1_st950,Te2V2_1,0.539842,3.003802030015866,3.003802030015866,0.3333333333333333,0.709199773557115,0.9999997500000624,3
POSCAR_Te2V2_1_st975,Te2V2_1,0.406371,3.0828494518583884,3.0828494518583884,0.3333333333333334,0.7091997735571149,0.9999997500000624,3
POSCAR_Te2V2_1_x025,Te2V2_1,0.324768,3.1618968736492388,3.1618968736492388,0.3333333333333334,0.7143852191327477,0.9999997500000624,3
POSCAR_Te2V2_1_x050,Te2V2_1,0.321039,3.1618968736023145,3.1618968736023145,0.3333333333333333,0.7196250103481406,0.9999997500000624,3
POSCAR_Te2V2_1_x950,Te2V2_1,0.449707,3.161896873801834,3.161896873801834,0.3333333333333333,0.6990286869704094,0.9999997500000624,3
POSCAR_Te2V2_1_x975,Te2V2_1,0.371775,3.1618968737490003,3.1618968737490003,0.3333333333333334,0.7040777897154442,0.9999997500000624,3
POSCAR_Te2V2_1_y025,Te2V2_1,0.325107,3.161896873683566,3.161896873683566,0.3333333333333333,0.7143864614037553,0.9999997500000624,3
POSCAR_Te2V2_1_y050,Te2V2_1,0.321422,3.16189687366905,3.16189687366905,0.3333333333333332,0.7196275148101685,0.9999997500000624,3
POSCAR_Te2V2_1_y950,Te2V2_1,0.449801,3.1618968737274336,3.1618968737274336,0.3333333333333332,0.6990262595959671,0.9999997500000624,3
POSCAR_Te4Ti2_1,Te4Ti2_1,0.050102,4.185687659270911,4.185687659270911,0.1350489622152299,0.0080853014384855,1.333332888889037,3
POSCAR_Te4Ti2_1_st025,Te4Ti2_1,0.041442,4.290329850752682,4.290329850752682,0.1350489622152298,0.0080853014384842,1.333332888889037,3
POSCAR_Te4Ti2_1_st050,Te4Ti2_1,0.033743,4.394972042234454,4.394972042234454,0.1350489622152298,0.0080853014384842,1.333332888889037,3
POSCAR_Te4Ti2_1_st950,Te4Ti2_1,0.025488,3.976403276307362,3.976403276307362,0.1350489622152298,0.0080853014384841,1.333332888889037,3
POSCAR_Te4V2_1,Te4V2_1,0.320503,2.92411852588569,2.92411852588569,0.1614351400199369,0.5584417132702933,0.9999997500000624,3
POSCAR_Te4V2_1_st025,Te4V2_1,0.254652,2.9972214890328264,2.9972214890328264,0.1614351400199363,0.5584417132702985,0.9999997500000624,3
POSCAR_Te4V2_1_st050,Te4V2_1,0.219358,3.0703244521799684,3.0703244521799684,0.1614351400199363,0.5584417132702985,0.9999997500000624,3
POSCAR_Te4V2_1_st950,Te4V2_1,0.359068,2.7779125995914007,2.7779125995914007,0.1614351400199363,0.5584417132702988,0.9999997500000624,3
POSCAR_Te4V2_1_st975,Te4V2_1,0.329458,2.851015562738542,2.851015562738542,0.1614351400199362,0.5584417132702985,0.9999997500000624,3
POSCAR_Tl2Zr2_1,Tl2Zr2_1,0.208771,4.725341840711718,3.5187076497102425,0.3333333333333333,0.4265984302220895,0.3333332222222592,3
POSCAR_Tl2Zr2_1_st050,Tl2Zr2_1,0.13405,4.961608932747281,3.694643032195754,0.3333333333333333,0.4265984302220892,0.3333332222222592,3
