filename,sse_dft,sse_pred
POSCAR_Ag2F6_3,0.042023,0.20982120859368075
POSCAR_Ag2F6_3_st950,0.036292,0.22523112102524334
POSCAR_Ag2F6_3_st975,0.03876,0.2122975412446104
POSCAR_Ag2F6_3_x950,0.003334,0.23002243073141612
POSCAR_Ag2F6_3_y950,0.005466,0.2534816198245795
POSCAR_Ag2F6_3_y975,0.00841,0.23535223038144568
POSCAR_Ag2F6_3_z025,0.077982,0.21824843855813753
POSCAR_Ag2F6_3_z950,0.015396,0.2500723316283296
POSCAR_Ag2F6_3_z975,0.064037,0.22925218763935107
POSCAR_Al10Fe2_1,0.042896,0.09575084373742622
POSCAR_Al10Fe2_1_st950,0.019014,0.09395631187798122
POSCAR_Al10Fe2_1_st975,0.042746,0.09558632801268893
POSCAR_Al10Fe2_1_x025,0.021152,0.09594445411366609
POSCAR_Al10Fe2_1_x975,0.047069,0.10018037527595536
POSCAR_Al10Fe2_1_y975,0.033551,0.09656896855593777
POSCAR_Al10Fe2_1_z050,0.021833,0.09396543713486284
POSCAR_Al2Fe2_2,0.082671,0.03373851823899135
POSCAR_Al2Fe2_2_st025,0.013031,0.03365532043076006
POSCAR_Al2Fe2_2_st950,0.013366,0.03465078888030247
POSCAR_Al2Fe2_2_x025,0.027716,0.033036905416356704
POSCAR_Al2Fe2_2_x050,0.007001,0.030578767297371866
POSCAR_Al2Fe2_2_x950,0.010943,0.022510597403901083
POSCAR_Al2Fe2_2_x975,0.031944,0.034638053045234415
POSCAR_Al2Fe2_2_y025,0.014834,0.03336147272422829
POSCAR_Al2Fe2_2_y950,0.005462,0.03399989618044529
POSCAR_Al2Fe2_2_z050,0.017962,0.035869440904762906
POSCAR_Al2Fe2_2_z950,0.00829,0.0306313900814301
POSCAR_Al2Fe2_2_z975,0.006618,0.030812753093975024
POSCAR_Al2Mn2_2,0.011028,0.03938161783368126
POSCAR_Al2Mn2_2_st950,0.011499,0.04522964217818675
POSCAR_Al2Mn2_2_st975,0.011657,0.04071357643290408
POSCAR_Al2Mn2_2_x025,0.00999,0.03754099650388713
POSCAR_Al2Mn2_2_x050,0.010084,0.03827667562769111
POSCAR_Al2Mn2_2_y025,0.009996,0.03754099650388713
POSCAR_Al2Mn2_2_y050,0.01009,0.03838238171470338
POSCAR_Al2Mn2_2_z025,0.010663,0.03167117970380413
POSCAR_Al2Mn2_2_z050,0.009765,0.03409986103513987
POSCAR_Al2Mn2_2_z950,0.010735,0.040318293803648285
POSCAR_Al2Mn2_2_z975,0.010537,0.0375990372838954
POSCAR_Al3Fe2_2,0.013452,0.013732622506379782
POSCAR_Al3Fe2_2_st975,0.01104,0.014865925757491722
POSCAR_Al3Fe2_2_x025,0.008255,0.014187527594190463
POSCAR_Al3Fe2_2_x050,0.007952,0.014251999969251219
POSCAR_Al3Fe2_2_x950,0.009013,0.014159289816255692
POSCAR_Al3Fe2_2_x975,0.008457,0.013895303283803633
POSCAR_Al3Fe2_2_y025,0.011615,0.014420868598313714
POSCAR_Al3Fe2_2_y050,0.010364,0.014519586443915235
POSCAR_Al3Fe2_2_y975,0.010483,0.013479115460387369
POSCAR_Al3Fe2_2_z025,0.007795,0.014001533402709593
POSCAR_Al3Fe2_2_z050,0.013742,0.014527485567779178
POSCAR_Al3Fe2_2_z950,0.00858,0.017216428799364192
POSCAR_Al3Fe2_2_z975,0.008667,0.015184697838436428
POSCAR_Al5Mn2_1,0.015454,0.03556290603682415
POSCAR_Al5Mn2_1_st025,0.013926,0.03716493191654416
POSCAR_Al5Mn2_1_st050,0.015113,0.03462639121798399
POSCAR_Al5Mn2_1_st975,0.015802,0.037457678706177194
POSCAR_Al5Mn2_1_x025,0.015286,0.02952012400927541
POSCAR_Al5Mn2_1_x050,0.015588,0.027501710181950887
POSCAR_Al5Mn2_1_x950,0.014834,0.029371023394197195
POSCAR_Al5Mn2_1_x975,0.014906,0.030732788373489816
POSCAR_Al5Mn2_1_y025,0.015101,0.02966960669198245
POSCAR_Al5Mn2_1_y050,0.015316,0.02500128076453279
POSCAR_Al5Mn2_1_y950,0.014216,0.02713356041809544
POSCAR_Al5Mn2_1_y975,0.01486,0.029724190776802124
POSCAR_Al5Mn2_1_z025,0.01486,0.02860244833820874
POSCAR_Al5Mn2_1_z050,0.014306,0.032444198973778975
POSCAR_Al5Mn2_1_z975,0.015625,0.03209530640064204
POSCAR_As1V2_1,0.010596,0.0387467939971596
POSCAR_As1V2_1_st050,0.011958,0.0369641236922679
POSCAR_As1V2_1_x025,0.006343,0.03758369328044484
POSCAR_As1V2_1_x050,0.005809,0.03681037910879974
POSCAR_As1V2_1_x950,0.005735,0.039578026657146485
POSCAR_As1V2_1_x975,0.006191,0.038682105802843175
POSCAR_As1V2_1_y025,0.006241,0.03698770733583526
POSCAR_As1V2_1_y050,0.005902,0.03596169081685839
POSCAR_As1V2_1_y950,0.006592,0.039945312489713704
POSCAR_As1V2_1_y975,0.005919,0.03889534649272135
POSCAR_As1V2_1_z025,0.005736,0.039421552842077545
POSCAR_As1V2_1_z050,0.006135,0.03897190731618414
POSCAR_As1V2_1_z950,0.006102,0.042387138058918035
POSCAR_As1V2_1_z975,0.006598,0.037669878661835285
POSCAR_As2Cr2_1,0.740445,0.5159719847592814
POSCAR_As2Cr2_1_st025,0.748907,0.5123827026497582
POSCAR_As2Cr2_1_st950,0.779899,0.5303086121326266
POSCAR_As2Cr2_1_st975,0.709517,0.5163259486143807
POSCAR_As2Cr2_1_z025,0.688894,0.5155611285026531
POSCAR_As2Cr2_1_z050,0.670694,0.5058650806738113
POSCAR_As2Cr2_1_z950,0.868294,0.5318079452048424
POSCAR_As2Cr2_1_z975,0.805968,0.5247622232829989
POSCAR_As2Cr2_4,0.014335,0.05427905961442425
POSCAR_As2Cr2_4_st025,0.013762,0.05415920535102522
POSCAR_As2Cr2_4_st050,0.012103,0.05376609053956394
POSCAR_As2Cr2_4_st950,0.018884,0.053833319890464464
POSCAR_As2Cr2_4_st975,0.015725,0.05321327461023279
POSCAR_As2Cr2_4_x025,0.016136,0.04608309071394538
POSCAR_As2Cr2_4_x050,0.013975,0.04711451797507694
POSCAR_As2Cr2_4_x950,0.017682,0.07476198547359847
POSCAR_As2Cr2_4_x975,0.017416,0.07393325681577462
POSCAR_As2Cr2_4_y025,0.014218,0.0462623468926956
POSCAR_As2Cr2_4_y050,0.014009,0.04657218787202729
POSCAR_As2Cr2_4_y950,0.017292,0.07616410409077855
POSCAR_As2Cr2_4_y975,0.01333,0.07491307669823337
POSCAR_As2Cr2_4_z025,0.01425,0.07831386338034989
POSCAR_As2Cr2_4_z050,0.015783,0.08466136189700588
POSCAR_As2Cr2_4_z975,0.01708,0.04984995441557296
POSCAR_As2Mo2_1,0.787982,0.7512344523746143
POSCAR_As2Mo2_1_st025,0.793091,0.673078799614692
POSCAR_As2Mo2_1_st050,1.034625,0.6287061157835917
POSCAR_As2Mo2_1_st950,0.91958,0.8064299874090074
POSCAR_As2Mo2_1_st975,0.851399,0.7892078341665888
POSCAR_As2Mo2_1_z025,0.825663,0.7240600862015996
POSCAR_As2Mo2_1_z050,0.85641,0.6817161640556214
POSCAR_As2Mo2_1_z950,0.765184,0.8060426668343983
POSCAR_As2Mo2_1_z975,0.865291,0.788459832549891
POSCAR_As2Mo2_3,0.669785,0.5862552364220995
POSCAR_As2Mo2_3_st975,0.083541,0.6546717129702199
POSCAR_As2Mo2_3_x950,0.750309,0.6423819845723578
POSCAR_As2Mo2_3_x975,0.77387,0.6383183347044847
POSCAR_As2Mo2_3_y975,0.7735,0.6373620551376243
POSCAR_As2Mo2_4,0.013832,0.028139833490354236
POSCAR_As2Mo2_4_st025,0.012847,0.028551560282897976
POSCAR_As2Mo2_4_st050,0.015537,0.028795430279149905
POSCAR_As2Mo2_4_st975,0.014885,0.028112715645478008
POSCAR_As2Mo2_4_x025,0.014758,0.027141836173788028
POSCAR_As2Mo2_4_y025,0.013445,0.029850980052738386
POSCAR_As2Mo2_4_z050,0.013309,0.01752982734366587
POSCAR_As2Mo2_4_z950,0.013513,0.026784681316522785
POSCAR_As2Mo2_4_z975,0.013802,0.026464088487327807
POSCAR_As2Nb2_2,0.014892,0.4155899863220595
POSCAR_As2Nb2_2_y025,0.005726,0.44122803053249204
POSCAR_As2Ni2_1,0.039255,0.5786684476996448
POSCAR_As2Ni2_1_x025,0.006353,0.6284774198683036
POSCAR_As2Ni2_1_x050,0.006627,0.5842470454803125
POSCAR_As2Ni2_1_y025,0.00749,0.6278508778284463
POSCAR_As2Ni2_1_y050,0.007334,0.5851832428113091
POSCAR_As2Ni2_1_z050,0.015835,0.6892577721950143
POSCAR_As2Ru2_2,0.418411,0.6096377774136866
POSCAR_As2Ru2_2_st025,0.466105,0.6123022597380213
POSCAR_As2Ru2_2_st050,0.453433,0.5919793033802492
POSCAR_As2Ru2_2_st950,0.498606,0.5787005041703858
POSCAR_As2Ru2_2_st975,0.454282,0.5815138811674069
POSCAR_As2Ru2_2_x950,0.512908,0.6029068131827626
POSCAR_As2Ru2_2_x975,0.448862,0.5963139849450286
POSCAR_As2Ru2_2_y950,0.531928,0.6080311837260113
POSCAR_As2Ru2_2_y975,0.472193,0.5961252206355189
POSCAR_As2Ru2_2_z025,0.414503,0.5799217951990399
POSCAR_As2Ru2_2_z950,0.412548,0.6421512533415124
POSCAR_As2Ru2_2_z975,0.418625,0.6462364499887004
POSCAR_As2V2_1,0.656042,0.6137239032120366
POSCAR_As2V2_1_st025,0.663176,0.5963979003106279
POSCAR_As2V2_1_st050,0.646659,0.5811170564010778
POSCAR_As2V2_1_st950,0.603654,0.644158220247465
POSCAR_As2V2_1_st975,0.692128,0.6406490521550194
POSCAR_As2V2_1_x025,0.671571,0.6064020742332243
POSCAR_As2V2_1_x050,0.641712,0.5998761288301859
POSCAR_As2V2_1_x950,0.664676,0.5930193884180436
POSCAR_As2V2_1_x975,0.658972,0.6036523543794335
POSCAR_As2V2_1_y025,0.62144,0.6019270372300637
POSCAR_As2V2_1_y050,0.566872,0.6117857699688001
POSCAR_As2V2_1_y950,0.569024,0.6145498232160933
POSCAR_As2V2_1_y975,0.672284,0.6066962708990526
POSCAR_As2V2_1_z025,0.642444,0.5905093302086326
POSCAR_As2V2_1_z050,0.68471,0.5732816574251686
POSCAR_As2V2_1_z950,0.602593,0.6655416608416205
POSCAR_As2V2_1_z975,0.661991,0.6421768148612245
POSCAR_As2V2_2,0.82987,0.6499453591620155
POSCAR_As2V2_2_st025,0.811532,0.5229541559239965
POSCAR_As2V2_2_st050,0.828835,0.4938605300018181
POSCAR_As2V2_2_st950,1.141372,0.8550627798047705
POSCAR_As2V2_2_st975,0.899129,0.7186193442158227
POSCAR_As2V2_2_z025,0.73057,0.5361732674602966
POSCAR_As2V2_2_z050,0.765801,0.5080591968159047
POSCAR_As2V2_2_z950,1.054532,0.7223810309896213
POSCAR_As2V2_2_z975,0.95361,0.6643082137099106
POSCAR_As4Cr2_1,0.333181,0.548034486453253
POSCAR_As4Cr2_1_st025,0.334313,0.5519110895052006
POSCAR_As4Cr2_1_st050,0.392161,0.5566782908799803
POSCAR_As4Cr2_1_st950,0.453544,0.5404841858187182
POSCAR_As4Cr2_1_st975,0.353122,0.5451043788620555
POSCAR_As4Cr2_1_x025,0.328265,0.5537871923343597
POSCAR_As4Cr2_1_x050,0.339924,0.5634112976053826
POSCAR_As4Cr2_1_x950,0.366618,0.5556959030621575
POSCAR_As4Cr2_1_x975,0.351546,0.5521839038778792
POSCAR_As4Cr2_1_y025,0.328938,0.559497308936261
POSCAR_As4Cr2_1_y050,0.329224,0.5685437002172085
POSCAR_As4Cr2_1_y950,0.350698,0.5566210735834585
POSCAR_As4Cr2_1_y975,0.339696,0.5315485118154439
POSCAR_As4Cr2_1_z025,0.321711,0.5423641783988986
POSCAR_As4Cr2_1_z050,0.32385,0.5633416584992121
POSCAR_As4Cr2_1_z950,0.405449,0.596282046550934
POSCAR_As4Cr2_1_z975,0.337858,0.5661865617414042
POSCAR_As4Fe2_1,0.90515,0.5292048891602376
POSCAR_As4Fe2_1_st050,0.728886,0.5325756887964423
POSCAR_As4Fe2_1_st950,0.572258,0.5511428475671933
POSCAR_As4Fe2_1_st975,0.679322,0.5521017598785349
POSCAR_As4Fe2_1_x025,0.812578,0.5292949184076128
POSCAR_As4Fe2_1_x050,0.867575,0.5195397037812483
POSCAR_As4Fe2_1_x950,0.814144,0.5470248947883574
POSCAR_As4Fe2_1_x975,0.928886,0.5319760361598685
POSCAR_As4Fe2_1_y025,0.805026,0.5321471409544325
POSCAR_As4Fe2_1_y050,0.785912,0.512525161048341
POSCAR_As4Fe2_1_y975,0.936586,0.5347787772972128
POSCAR_As4Fe2_1_z025,0.901474,0.5289919874790991
POSCAR_As4Fe2_1_z050,0.857287,0.5717188292293851
POSCAR_As4Fe2_1_z950,0.659143,0.5567948891998761
POSCAR_As4Fe2_1_z975,0.85141,0.4970731382709398
POSCAR_As8Co2_1,0.288694,0.3820360460147168
POSCAR_As8Co2_1_st050,0.043281,0.3774019335433883
POSCAR_As8Co2_1_st975,0.112228,0.3675610391510333
POSCAR_As8Co2_1_x025,0.457247,0.3683521802925975
POSCAR_As8Co2_1_x975,0.084025,0.3814105333598545
POSCAR_As8Co2_1_y950,0.019287,0.34163685551825185
POSCAR_As8Co2_1_y975,0.203653,0.35062356282402485
POSCAR_As8Co2_1_z950,0.048214,0.4261034929727041
POSCAR_As8Cr2_1,0.404529,0.3702522541529803
POSCAR_As8Cr2_1_st025,0.411602,0.36433017147147645
POSCAR_As8Cr2_1_st050,0.383978,0.35892813438683346
POSCAR_As8Cr2_1_st950,0.49955,0.3745967203852871
POSCAR_As8Cr2_1_st975,0.447361,0.36931464695811794
POSCAR_As8Cr2_1_x050,0.387395,0.3690343317390547
POSCAR_As8Cr2_1_x950,0.464979,0.371989832440187
POSCAR_As8Cr2_1_x975,0.433928,0.37008749512330047
POSCAR_As8Cr2_1_y050,0.4057,0.36876614024552545
POSCAR_As8Cr2_1_y950,0.415237,0.37850159497692754
POSCAR_As8Cr2_1_z025,0.422807,0.37514846930632223
POSCAR_As8Cr2_1_z050,0.416637,0.3865368416765412
POSCAR_As8Cr2_1_z950,0.461758,0.37369547131170344
POSCAR_As8Cr2_1_z975,0.415697,0.37180787440113233
POSCAR_As8Cr2_3,0.961962,0.6951960348071052
POSCAR_As8Cr2_3_st025,0.91593,0.6770576675755184
POSCAR_As8Cr2_3_st050,0.862373,0.6661551954268413
POSCAR_As8Cr2_3_st950,1.164542,0.7854158791712517
POSCAR_As8Cr2_3_st975,1.113944,0.7273654172126829
POSCAR_As8Cr2_3_x025,0.965734,0.7111661949062318
POSCAR_As8Cr2_3_x050,0.938739,0.68618148415308
POSCAR_As8Cr2_3_x950,1.02621,0.6830085264344705
POSCAR_As8Cr2_3_x975,0.999812,0.6907088353206918
POSCAR_As8Cr2_3_y025,0.924351,0.6816162271389022
POSCAR_As8Cr2_3_y050,0.879228,0.6685231673109268
POSCAR_As8Cr2_3_y950,1.126958,0.6893166729561969
POSCAR_As8Cr2_3_y975,1.048945,0.704888094442583
POSCAR_As8Cr2_3_z025,0.937085,0.669172820463991
POSCAR_As8Cr2_3_z050,0.916316,0.6175360004266279
POSCAR_As8Cr2_3_z950,1.006129,0.7172174674021028
POSCAR_As8Cr2_3_z975,0.983862,0.7010352291891467
POSCAR_B2Co2_5,0.376727,0.40376961160629643
POSCAR_B2Co2_5_st950,0.313234,0.39115045711721436
POSCAR_B2Co2_5_st975,0.355488,0.393946411248358
POSCAR_B2Co2_5_x025,0.32845,0.406144902007449
POSCAR_B2Co2_5_x950,0.333602,0.3958886945044689
POSCAR_B2Co2_5_x975,0.374887,0.40304370914509247
POSCAR_B2Fe2_3,0.563726,0.653213539931755
POSCAR_B2Fe2_3_st025,0.610973,0.6130022121475966
POSCAR_B2Fe2_3_st950,0.362709,0.636661931003475
POSCAR_B2Fe2_3_st975,0.482411,0.6611383355499885
POSCAR_B2Fe2_3_x025,0.616364,0.6941476361780611
POSCAR_B2Fe2_3_x050,0.702007,0.7377781714594361
POSCAR_B2Fe2_3_x950,0.554147,0.7201591830557121
POSCAR_B2Fe2_3_x975,0.555054,0.6952015643153566
POSCAR_B2Fe2_3_y025,0.61682,0.69458433604054
POSCAR_B2Fe2_3_y050,0.702066,0.7394183571086512
POSCAR_B2Fe2_3_y950,0.553765,0.7196900977721592
POSCAR_B2Fe2_3_y975,0.554783,0.6949975704942155
POSCAR_B2Fe2_3_z025,0.588646,0.6492713287554233
POSCAR_B2Fe2_3_z050,0.604649,0.6273444732022169
POSCAR_B2Fe2_3_z975,0.533515,0.6804266720886905
POSCAR_B2Fe2_4,0.095358,0.06236493492923357
POSCAR_B2Fe2_4_st025,0.075673,0.05885726411811475
POSCAR_B2Fe2_4_st050,0.070493,0.05717351300599902
POSCAR_B2Fe2_4_st950,0.104923,0.08457415362176558
POSCAR_B2Fe2_4_st975,0.092619,0.06521188630716429
POSCAR_B2Fe2_4_x025,0.081666,0.05726372164057715
POSCAR_B2Fe2_4_x050,0.061493,0.055581554359981925
POSCAR_B2Fe2_4_x950,0.128782,0.06571278452090959
POSCAR_B2Fe2_4_y025,0.103526,0.060338406123502254
POSCAR_B2Fe2_4_y950,0.108194,0.05814941669657775
POSCAR_B2Fe2_4_y975,0.113119,0.05419179466774688
POSCAR_B2Fe2_4_z025,0.112678,0.0598522213444422
POSCAR_B2Fe2_4_z050,0.155382,0.05988105546415374
POSCAR_B2Fe2_4_z950,0.124122,0.05849259503458412
POSCAR_B2Fe2_5,0.028123,0.09722485710184203
POSCAR_B2Fe2_5_st975,0.022168,0.10471058643233863
POSCAR_B2Fe2_5_x025,0.00625,0.09722005125644544
POSCAR_B2Fe2_5_x050,0.003004,0.09759651355344424
POSCAR_B2Fe2_5_y025,0.015866,0.09588557034307704
POSCAR_B2Fe2_5_y975,0.003889,0.10026917964080355
POSCAR_B2Fe2_5_z050,0.02131,0.09648168478172767
POSCAR_B2Fe2_5_z950,0.011978,0.10277359326622482
POSCAR_B2Fe2_5_z975,0.003187,0.09995463427597474
POSCAR_B2Mo2_4,1.006065,0.6354757452224298
POSCAR_B2Mo2_4_st025,1.109726,0.6422973724233103
POSCAR_B2Mo2_4_st050,1.229069,0.6435958387113164
POSCAR_B2Mo2_4_st950,0.63117,0.6525396839155079
POSCAR_B2Mo2_4_st975,0.723919,0.6337710169736532
POSCAR_B2Mo2_4_x025,1.118716,0.6192316712862782
POSCAR_B2Mo2_4_x050,1.141652,0.6537648946569409
POSCAR_B2Mo2_4_x950,0.769616,0.649465110067397
POSCAR_B2Mo2_4_x975,0.97157,0.6206575579802465
POSCAR_B2Rh2_3,0.080466,0.31814962006554603
POSCAR_B2Rh2_3_x025,0.064898,0.40485715778443415
POSCAR_B2Rh2_3_x975,0.047741,0.41676839559071743
POSCAR_B2Rh2_3_y025,0.064933,0.4046345527681032
POSCAR_B2Rh2_3_y975,0.047903,0.4173154155365425
POSCAR_B2Rh2_3_z025,0.076491,0.33818960623420485
POSCAR_B2Rh2_3_z050,0.054821,0.34242107482764705
POSCAR_B2Rh2_3_z975,0.033449,0.30033575466012624
POSCAR_B8Co2_1,0.856716,0.629369291718805
POSCAR_B8Co2_1_st025,0.886153,0.6384357036636189
POSCAR_B8Co2_1_st050,0.910258,0.5990655306706092
POSCAR_B8Co2_1_st950,0.5734,0.6073381331903394
POSCAR_B8Co2_1_st975,0.758484,0.6098221594993081
POSCAR_B8Co2_1_x025,0.881704,0.6274611069222532
POSCAR_B8Co2_1_x050,0.962534,0.6230915657697118
POSCAR_B8Co2_1_x950,1.012796,0.6278777849820165
POSCAR_B8Co2_1_x975,1.004073,0.6315972261723464
POSCAR_B8Co2_1_y025,0.923562,0.6405158647226273
POSCAR_B8Co2_1_y050,0.915562,0.6482040927077437
POSCAR_B8Co2_1_y950,0.894807,0.5913004957856591
POSCAR_B8Co2_1_y975,0.860125,0.6092483532315309
POSCAR_B8Co2_1_z025,0.971693,0.6334834623107917
POSCAR_B8Co2_1_z050,1.091584,0.6202528804111902
POSCAR_B8Co2_1_z950,0.935362,0.6206429499049465
POSCAR_B8Co2_1_z975,0.863281,0.6202743696087933
POSCAR_B8Fe2_1,1.110495,0.7133862055395481
POSCAR_B8Fe2_1_st025,1.16602,0.7067115644043174
POSCAR_B8Fe2_1_x025,1.106394,0.7072493601016627
POSCAR_B8Fe2_1_x050,1.110746,0.7039667762834712
POSCAR_B8Fe2_1_x950,1.21222,0.7175011115803968
POSCAR_B8Fe2_1_y025,1.190714,0.7161869784403058
POSCAR_B8Fe2_1_y050,1.279622,0.708207882568036
POSCAR_B8Fe2_1_y950,0.968312,0.6893268893598733
POSCAR_B8Fe2_1_y975,1.049527,0.7018110796049979
POSCAR_B8Fe2_1_z050,1.141833,0.7007085097692671
POSCAR_B8Fe2_1_z950,1.07354,0.7011095113671361
POSCAR_B8Fe2_1_z975,1.043657,0.7023188620361692
POSCAR_Bi2Co2_1,0.592936,0.6473375607807882
POSCAR_Bi2Co2_1_st025,0.648426,0.6509992666203582
POSCAR_Bi2Co2_1_st050,0.67118,0.6319421722226101
POSCAR_Bi2Co2_1_st950,0.409696,0.6449937946522015
POSCAR_Bi2Co2_1_x025,0.776941,0.6765398900369549
POSCAR_Bi2Co2_1_x050,0.714455,0.632958139670331
POSCAR_Bi2Co2_1_y025,0.776398,0.6816576109920351
POSCAR_Bi2Co2_1_y050,0.713639,0.6656642265732234
POSCAR_Bi2Co2_1_y975,0.792416,0.655456294641289
POSCAR_Bi2Co2_1_z025,0.577585,0.6059495036305224
POSCAR_Bi2Co2_1_z050,0.554729,0.6000006095277399
POSCAR_Bi2Co2_1_z975,0.533839,0.6618275073467753
POSCAR_Bi2Mn2_1,0.538673,0.8124309513882505
POSCAR_Bi2Mn2_1_st025,0.47111,0.762377276377989
POSCAR_Bi2Mn2_1_st050,0.412405,0.7324515388335775
POSCAR_Bi2Mn2_1_st950,0.713318,0.8889271222235815
POSCAR_Bi2Mn2_1_st975,0.619668,0.8558344117463191
POSCAR_Bi2Mn2_1_x025,0.534081,0.8409978130629105
POSCAR_Bi2Mn2_1_x050,0.530032,0.8592226655379195
POSCAR_Bi2Mn2_1_x950,0.658287,0.9016865203924848
POSCAR_Bi2Mn2_1_x975,0.589468,0.8572379391630897
POSCAR_Bi2Mn2_1_y025,0.533855,0.8387895745225613
POSCAR_Bi2Mn2_1_y050,0.529687,0.8605393538248011
POSCAR_Bi2Mn2_1_y950,0.658924,0.9191821335757364
POSCAR_Bi2Mn2_1_y975,0.590021,0.8586347510358715
POSCAR_Bi2Mn2_1_z025,0.515439,0.7848207392265626
POSCAR_Bi2Mn2_1_z050,0.493586,0.736819324774465
POSCAR_Bi2Mn2_1_z950,0.596335,0.855572922055082
POSCAR_Bi2Mn2_1_z975,0.56597,0.8346681398199556
POSCAR_Bi2Nb2_2,0.287973,0.3413231156000887
POSCAR_Bi2Nb2_2_st950,0.040135,0.3261959705110652
POSCAR_Bi2Nb2_2_st975,0.060698,0.3301687348889207
POSCAR_Bi2Nb2_2_x025,0.358313,0.36487969299955425
POSCAR_Bi2Nb2_2_x050,0.424535,0.3832687618870526
POSCAR_Bi2Nb2_2_x950,0.098641,0.35827904452417514
POSCAR_Bi2Nb2_2_x975,0.182908,0.35357125240341536
POSCAR_Bi2Nb2_2_y950,0.095601,0.3735053152137974
POSCAR_Bi2Nb2_2_y975,0.217696,0.35911372964690735
POSCAR_Bi2Nb2_2_z950,0.189276,0.3463207683190045
POSCAR_Bi2Ru2_1,0.674668,0.5408956908388064
POSCAR_Bi2Ru2_1_st025,0.575423,0.5239123778136973
POSCAR_Bi2Ru2_1_st050,0.498457,0.5135949493214921
POSCAR_Bi2Ru2_1_st950,0.583889,0.5285569958236945
POSCAR_Bi2Ru2_1_x025,0.619216,0.53441147896611
POSCAR_Bi2Ru2_1_x975,0.579746,0.5266254834866086
POSCAR_Bi2Ru2_1_y025,0.612411,0.5359747486796262
POSCAR_Bi2Ru2_1_y050,0.559903,0.5396554737978556
POSCAR_Bi2Ru2_1_y950,0.587023,0.5207936257222623
POSCAR_Bi2Ru2_1_y975,0.583827,0.5233688459860985
POSCAR_Bi2Ru2_1_z050,0.595172,0.49658054208946195
POSCAR_Bi2Ru2_1_z975,0.597237,0.5479476996811355
POSCAR_Bi2Ti2_1,0.451557,0.3133365984073345
POSCAR_Bi2Ti2_1_st025,0.501986,0.3026746252112797
POSCAR_Bi2Ti2_1_st050,0.496415,0.24955968701840897
POSCAR_Bi2Ti2_1_st975,0.339911,0.29845719977740093
POSCAR_Bi2Ti2_1_x050,0.492975,0.3463820342630764
POSCAR_Bi2Ti2_1_x975,0.483644,0.34825535963992454
POSCAR_Bi2Ti2_1_y050,0.523568,0.34806685897777273
POSCAR_Bi2Ti2_1_y950,0.481416,0.3521748939384066
POSCAR_Bi2Ti2_1_z025,0.483184,0.3024972174205231
POSCAR_Bi2Ti2_1_z050,0.423308,0.2619000444693389
POSCAR_Bi2Ti2_1_z950,0.516323,0.3440584948268922
POSCAR_Bi2Ti2_1_z975,0.474665,0.321795233435765
POSCAR_Bi2V2_1,0.419469,0.5512882126298256
POSCAR_Bi2V2_1_st025,0.38807,0.5194673817961062
POSCAR_Bi2V2_1_st050,0.332646,0.5021035835055095
POSCAR_Bi2V2_1_st950,0.372945,0.6139564338371793
POSCAR_Bi2V2_1_st975,0.424795,0.598395860583269
POSCAR_Bi2V2_1_x025,0.475882,0.5649792299015696
POSCAR_Bi2V2_1_x050,0.506242,0.5623167316990759
POSCAR_Bi2V2_1_x950,0.605668,0.6190650706207327
POSCAR_Bi2V2_1_x975,0.525496,0.583752513373361
POSCAR_Bi2V2_1_y025,0.479773,0.5655086509593831
POSCAR_Bi2V2_1_y050,0.507048,0.5623078176848263
POSCAR_Bi2V2_1_y950,0.60076,0.6196381198851795
POSCAR_Bi2V2_1_y975,0.523657,0.5838710971239804
POSCAR_Bi2V2_1_z050,0.4218,0.512698797687928
POSCAR_Bi2V2_1_z950,0.508228,0.5921532308456151
POSCAR_Bi2V2_1_z975,0.484407,0.5818087360131663
POSCAR_Bi3Fe2_1,0.913305,0.8191718179186511
POSCAR_Bi3Fe2_1_st025,0.685581,0.7957568418069644
POSCAR_Bi3Fe2_1_st050,0.829836,0.7623955754638082
POSCAR_Bi3Fe2_1_x025,0.891948,0.8113211713739582
POSCAR_Bi3Fe2_1_x050,0.866459,0.8083502943301065
POSCAR_Bi3Fe2_1_x950,0.824394,0.8277853094219748
POSCAR_Bi3Fe2_1_x975,0.82343,0.8259146608450695
POSCAR_Bi3Mn2_1,0.013378,0.056339637235574086
POSCAR_Bi3Mn2_1_st025,0.012209,0.054386806927183735
POSCAR_Bi3Mn2_1_st050,0.012213,0.054864365155596714
POSCAR_Bi3Mn2_1_st975,0.014926,0.05887335623217602
POSCAR_Bi3Mn2_1_x025,0.013256,0.057184086646730074
POSCAR_Bi3Mn2_1_x050,0.012893,0.05129587630779621
POSCAR_Bi3Mn2_1_x950,0.01258,0.057644409279022965
POSCAR_Bi3Mn2_1_x975,0.012234,0.05945998030350454
POSCAR_Bi3Mn2_1_y025,0.01241,0.05718660126552214
POSCAR_Bi3Mn2_1_y050,0.011767,0.05211008814311758
POSCAR_Bi3Mn2_1_y950,0.013761,0.05711469773668596
POSCAR_Bi3Mn2_1_y975,0.01331,0.05822403551729781
POSCAR_Bi3Mn2_1_z025,0.012121,0.058948462507242894
POSCAR_Bi3Mn2_1_z050,0.013488,0.05642644459263105
POSCAR_Bi3Mn2_1_z950,0.014484,0.05410930453796481
POSCAR_Bi3Mn2_1_z975,0.013743,0.056561652065143686
POSCAR_Bi4Cr2_1,0.360679,0.4914264639908681
POSCAR_Bi4Cr2_1_st025,0.342845,0.48607436910539226
POSCAR_Bi4Cr2_1_st050,0.333781,0.47098320471220345
POSCAR_Bi4Cr2_1_st950,0.389584,0.5177214892881162
POSCAR_Bi4Cr2_1_st975,0.376517,0.5087357124897262
POSCAR_Bi4Cr2_1_x025,0.337625,0.4988138711942948
POSCAR_Bi4Cr2_1_x050,0.347104,0.49895535748676745
POSCAR_Bi4Cr2_1_x950,0.448353,0.523950784446285
POSCAR_Bi4Cr2_1_x975,0.385774,0.5059372870641403
POSCAR_Bi4Cr2_1_y025,0.377488,0.4898421846764674
POSCAR_Bi4Cr2_1_y050,0.431534,0.5170376281520274
POSCAR_Bi4Cr2_1_y950,0.410331,0.4898602492340081
POSCAR_Bi4Cr2_1_y975,0.373394,0.49871510203706904
POSCAR_Bi4Cr2_1_z025,0.382227,0.47909431155736976
POSCAR_Bi4Cr2_1_z050,0.39148,0.4718951243151479
POSCAR_Bi4Cr2_1_z950,0.434399,0.5701637022663192
POSCAR_Bi4Cr2_1_z975,0.379068,0.5068157364719876
POSCAR_Bi4Fe2_1,0.855192,0.5015792683888252
POSCAR_Bi4Fe2_1_st025,0.757542,0.4865887933811524
POSCAR_Bi4Fe2_1_st050,0.671072,0.48058359796525807
POSCAR_Bi4Fe2_1_x025,0.808639,0.48680530408786044
POSCAR_Bi4Fe2_1_x050,0.762203,0.48264449562028516
POSCAR_Bi4Fe2_1_y950,1.013633,0.5002014318465778
POSCAR_Bi4Fe2_1_y975,0.932403,0.5007592036443472
POSCAR_Bi4Fe2_1_z025,0.78712,0.48955801585480896
POSCAR_Bi4Fe2_1_z050,0.703457,0.477632053342841
POSCAR_Bi4Fe2_1_z950,0.784679,0.49616649604484
POSCAR_Bi4Fe2_1_z975,0.826068,0.49551771176103293
POSCAR_Bi4V2_1,0.011429,0.054075593987534094
POSCAR_Bi4V2_1_st050,0.017909,0.05187820697959946
POSCAR_Bi4V2_1_x950,0.022759,0.05542842077638038
POSCAR_Bi4V2_1_y025,0.014574,0.055349430788712344
POSCAR_Bi4V2_1_z025,0.013703,0.05383279476108539
POSCAR_Bi4V2_1_z050,0.011354,0.05534348979404868
POSCAR_Bi4V2_1_z975,0.015103,0.055552431991092575
POSCAR_Bi4V2_2,0.359371,0.33681104588875954
POSCAR_Bi4V2_2_st025,0.432471,0.3291959778563119
POSCAR_Bi4V2_2_st050,0.37699,0.32341948898180767
POSCAR_Bi4V2_2_st950,0.334925,0.35185878137097787
POSCAR_Bi4V2_2_st975,0.321199,0.34606658094686027
POSCAR_Bi4V2_2_x025,0.456287,0.346627832254659
POSCAR_Bi4V2_2_x050,0.432845,0.3420935483006317
POSCAR_Bi4V2_2_x950,0.400616,0.35591910775231606
POSCAR_Bi4V2_2_x975,0.3117,0.3393363565625451
POSCAR_Bi4V2_2_y025,0.350934,0.3361789344083476
POSCAR_Bi4V2_2_y050,0.307977,0.33702558895196527
POSCAR_Bi4V2_2_y950,0.303685,0.3511747977914416
POSCAR_Bi4V2_2_y975,0.334222,0.3429373988475621
POSCAR_Bi4V2_2_z025,0.359195,0.3356895563558367
POSCAR_Bi4V2_2_z050,0.34759,0.3509306358250048
POSCAR_Bi4V2_2_z950,0.343673,0.3470620812004503
POSCAR_Bi4V2_2_z975,0.34966,0.34133249565961676
POSCAR_Bi6Cr2_1,0.551345,0.5336628694258789
POSCAR_Bi6Cr2_1_st025,0.496105,0.5267064952923447
POSCAR_Bi6Cr2_1_x975,0.66508,0.5180332395692097
POSCAR_Bi6Cr2_1_z050,0.588757,0.5243857100693213
POSCAR_Bi6Cr2_3,0.012729,0.06457392314612403
POSCAR_Bi6Cr2_3_st025,0.012414,0.06401610853730232
POSCAR_Bi6Cr2_3_st050,0.011941,0.06406917498995275
POSCAR_Bi6Cr2_3_st950,0.015894,0.06622013192107373
POSCAR_Bi6Cr2_3_st975,0.013752,0.06625699267705783
POSCAR_Bi6Cr2_3_x025,0.013331,0.06480349314689816
POSCAR_Bi6Cr2_3_x050,0.013885,0.06349212919799424
POSCAR_Bi6Cr2_3_x950,0.016277,0.06575226431838531
POSCAR_Bi6Cr2_3_y025,0.014562,0.06484359790518249
POSCAR_Bi6Cr2_3_y050,0.01553,0.0637636568671303
POSCAR_Bi6Cr2_3_y950,0.014142,0.0654830453202514
POSCAR_Bi6Cr2_3_z025,0.01368,0.0637448799133634
POSCAR_Bi6Cr2_3_z050,0.012119,0.06388361919042317
POSCAR_Bi6Cr2_3_z950,0.014829,0.06688748881350304
POSCAR_Bi6Cr2_3_z975,0.013222,0.06411668812929369
POSCAR_Bi6Cr2_4,0.25445,0.06643835971177796
POSCAR_Bi6Cr2_4_st975,0.244793,0.06728307785129342
POSCAR_Bi6Cr2_4_x950,0.251875,0.06757314394231259
POSCAR_Bi6Cr2_4_y975,0.228663,0.06494560199746964
POSCAR_Bi6Cr2_4_z950,0.282383,0.06913627974702372
POSCAR_Bi6Fe2_1,0.010559,0.03394920147878652
POSCAR_Bi6Fe2_1_st025,0.010588,0.03221278194961816
POSCAR_Bi6Fe2_1_st950,0.013214,0.03457200894574294
POSCAR_Bi6Fe2_1_st975,0.012786,0.03438552677164026
POSCAR_Bi6Fe2_1_x025,0.010119,0.034140499017209
POSCAR_Bi6Fe2_1_x050,0.009714,0.03478484808601009
POSCAR_Bi6Fe2_1_x975,0.012079,0.033450817777912575
POSCAR_Bi6Fe2_1_y025,0.010575,0.03357475911514019
POSCAR_Bi6Fe2_1_y050,0.010339,0.033199042092708894
POSCAR_Bi6Fe2_1_y950,0.011384,0.033051529585470765
POSCAR_Bi6Fe2_1_y975,0.010868,0.03463632269470826
POSCAR_Bi6Fe2_1_z025,0.010384,0.03346006134324093
POSCAR_Bi6Fe2_1_z050,0.0105,0.03284824903155706
POSCAR_Bi6Fe2_1_z950,0.009776,0.03484015004352442
POSCAR_Bi6Fe2_1_z975,0.011358,0.03448593345667941
POSCAR_Bi6Fe2_2,0.408006,0.5542269182396897
POSCAR_Bi6Fe2_2_st025,0.394235,0.5484288365664751
POSCAR_Bi6Fe2_2_st050,0.390234,0.537236687094964
POSCAR_Bi6Fe2_2_st950,0.449221,0.5683809826415174
POSCAR_Bi6Fe2_2_st975,0.429654,0.5583194641970443
POSCAR_Bi6Fe2_2_x050,0.457675,0.608150991056009
POSCAR_Bi6Fe2_2_x950,0.430549,0.6203062641064934
POSCAR_Bi6Fe2_2_y050,0.457061,0.609284162469827
POSCAR_Bi6Fe2_2_y950,0.431323,0.621856018187841
POSCAR_Bi6Fe2_2_z025,0.390808,0.5532344423995138
POSCAR_Bi6Fe2_2_z050,0.363301,0.575088721524316
POSCAR_Bi6Fe2_2_z950,0.465296,0.5798932123027439
POSCAR_Bi6Fe2_2_z975,0.471911,0.5557564988236374
POSCAR_Bi8Co2_1,0.425431,0.2956552587942366
POSCAR_Bi8Co2_1_y025,0.399409,0.28166827396876193
POSCAR_Bi8Co2_1_y050,0.368957,0.31227494883549484
POSCAR_Bi8Cr2_1,0.214417,0.2399609066113043
POSCAR_Bi8Cr2_1_st025,0.194522,0.2359048672766558
POSCAR_Bi8Cr2_1_st050,0.186748,0.23554154543298542
POSCAR_Bi8Cr2_1_st950,0.248911,0.24576656993629906
POSCAR_Bi8Cr2_1_st975,0.233235,0.24386415472985834
POSCAR_Bi8Cr2_1_x025,0.216946,0.24510232885761365
POSCAR_Bi8Cr2_1_x050,0.244438,0.2804065453961268
POSCAR_Bi8Cr2_1_x950,0.267878,0.2680356421949321
POSCAR_Bi8Cr2_1_x975,0.227455,0.24364524852943983
POSCAR_Bi8Cr2_1_y025,0.216027,0.24607201748333601
POSCAR_Bi8Cr2_1_y050,0.24404,0.280990328378215
POSCAR_Bi8Cr2_1_y950,0.26792,0.26763939895403244
POSCAR_Bi8Cr2_1_y975,0.2292,0.24377189916109793
POSCAR_Bi8Cr2_1_z025,0.220196,0.2607055211733877
POSCAR_Bi8Cr2_1_z050,0.21199,0.2598321097124053
POSCAR_Bi8Cr2_1_z950,0.264134,0.27201704304430274
POSCAR_Bi8Cr2_1_z975,0.233519,0.27398656494664564
POSCAR_Bi8Fe2_1,0.014465,0.015135207527567614
POSCAR_Bi8Fe2_1_st025,0.010905,0.014483988474354769
POSCAR_Bi8Fe2_1_st050,0.010092,0.014197084310147073
POSCAR_Bi8Fe2_1_st950,0.014003,0.01507797271150986
POSCAR_Bi8Fe2_1_st975,0.012232,0.015080251327401513
POSCAR_Bi8Fe2_1_x025,0.010884,0.015021652639680066
POSCAR_Bi8Fe2_1_x975,0.013197,0.015329765751133349
POSCAR_Bi8Fe2_1_y025,0.012982,0.015284431553943599
POSCAR_Bi8Fe2_1_y050,0.012754,0.015249319930468862
POSCAR_Bi8Fe2_1_y950,0.012697,0.0148199471861436
POSCAR_Bi8Fe2_1_y975,0.011313,0.014798597184938438
POSCAR_Bi8Fe2_1_z025,0.012259,0.014491516432342554
POSCAR_Bi8Fe2_1_z050,0.013003,0.01431260525063748
POSCAR_Bi8Fe2_1_z950,0.010492,0.01511027540322469
POSCAR_Bi8Fe2_1_z975,0.010725,0.015293332927654104
POSCAR_Bi8Ru2_1,0.377059,0.363817447068757
POSCAR_Bi8Ru2_1_st025,0.323275,0.3609469611312962
POSCAR_Bi8Ru2_1_st050,0.265886,0.3459539913277555
POSCAR_Bi8Ru2_1_x025,0.378504,0.3655763016308611
POSCAR_Bi8Ru2_1_x050,0.359779,0.35566039925405724
POSCAR_Bi8Ru2_1_x975,0.368747,0.36289375753995484
POSCAR_Bi8Ru2_1_y050,0.388722,0.3727449192381645
POSCAR_Bi8Ru2_1_y975,0.297356,0.3504531327059192
POSCAR_Bi8Ru2_1_z025,0.380624,0.3655652696425766
POSCAR_Bi8Ru2_1_z050,0.361625,0.3561496364869735
POSCAR_Br4Cu2_1,0.154684,0.1902002299730944
POSCAR_Br4Cu2_1_st025,0.159842,0.19106882503325384
POSCAR_Br4Cu2_1_st050,0.150057,0.19188602528192972
POSCAR_Br4Cu2_1_st950,0.143837,0.19766220284291666
POSCAR_Br4Cu2_1_st975,0.133554,0.19191413158207557
POSCAR_Br4Cu2_1_x025,0.163033,0.20028947907394717
POSCAR_Br4Cu2_1_x050,0.19291,0.19902857616588296
POSCAR_Br4Cu2_1_x950,0.181216,0.20407096462504326
POSCAR_Br4Cu2_1_x975,0.157311,0.1985832857375018
POSCAR_Br4Cu2_1_y025,0.161023,0.20316944486808305
POSCAR_Br4Cu2_1_y050,0.189173,0.20163957220396497
POSCAR_Br4Cu2_1_y950,0.179152,0.20646173119920536
POSCAR_Br4Cu2_1_y975,0.157652,0.20069942508039793
POSCAR_Br4Cu2_1_z025,0.160296,0.19746042881547898
POSCAR_Br4Cu2_1_z050,0.20599,0.19936271085536664
POSCAR_Br4Cu2_1_z950,0.142029,0.20655956790674077
POSCAR_Br4Cu2_1_z975,0.136771,0.19731329904232597
POSCAR_Br4Mn2_1,0.335382,0.34750506212275073
POSCAR_Br4Mn2_1_st025,0.419079,0.351639574138801
POSCAR_Br4Mn2_1_st050,0.464174,0.3456182048950467
POSCAR_Br4Mn2_1_st950,0.377484,0.34909951112858695
POSCAR_Br4Mn2_1_st975,0.350945,0.3479933267189319
POSCAR_Br4Mn2_1_x025,0.345816,0.3615932802324428
POSCAR_Br4Mn2_1_x050,0.33822,0.37635142107272623
POSCAR_Br4Mn2_1_x950,0.309725,0.3608130994530429
POSCAR_Br4Mn2_1_x975,0.30576,0.35401626692952287
POSCAR_Br4Mn2_1_y025,0.374995,0.3472096664381918
POSCAR_Br4Mn2_1_y050,0.446626,0.34485608740876295
POSCAR_Br4Mn2_1_y950,0.377984,0.3642830491376562
POSCAR_Br4Mn2_1_y975,0.356352,0.3549133430525862
POSCAR_Br4Mn2_1_z025,0.365554,0.3534418553093003
POSCAR_Br4Mn2_1_z050,0.427812,0.3654302843112039
POSCAR_Br4Mn2_1_z950,0.395241,0.36547927955443343
POSCAR_Br4Mn2_1_z975,0.361785,0.34975599641037297
POSCAR_Br4Mo2_1,0.222303,0.27022740989369426
POSCAR_Br4Mo2_1_st025,0.200695,0.2945406625961595
POSCAR_Br4Mo2_1_st050,0.211194,0.2958387266216586
POSCAR_Br4Mo2_1_st950,0.316527,0.27397304564883224
POSCAR_Br4Mo2_1_st975,0.263263,0.27081116573005015
POSCAR_Br4Mo2_1_x025,0.260876,0.2731872698520633
POSCAR_Br4Mo2_1_x050,0.277433,0.2738800831234643
POSCAR_Br4Mo2_1_x950,0.295501,0.2656668005400625
POSCAR_Br4Mo2_1_x975,0.219377,0.2655272119362168
POSCAR_Br4Mo2_1_y025,0.206503,0.29161532738820245
POSCAR_Br4Mo2_1_y050,0.191946,0.2941651019996584
POSCAR_Br4Mo2_1_y950,0.278704,0.27198261450012656
POSCAR_Br4Mo2_1_y975,0.247912,0.27149021147298313
POSCAR_Br4Mo2_1_z025,0.200175,0.29969267938654054
POSCAR_Br4Mo2_1_z050,0.204334,0.29970790575618983
POSCAR_Br4Mo2_1_z950,0.332765,0.2695328904634411
POSCAR_Br4Mo2_1_z975,0.284962,0.26976077804877713
POSCAR_Br4Ru2_1,0.470753,0.3645377942218653
POSCAR_Br4Ru2_1_st025,0.473866,0.3686381763587375
POSCAR_Br4Ru2_1_st050,0.320171,0.37988124120916555
POSCAR_Br4Ru2_1_st950,0.655218,0.365239797419638
POSCAR_Br4Ru2_1_st975,0.556072,0.36524244209777723
POSCAR_Br4Ru2_1_x025,0.473608,0.37647383383060373
POSCAR_Br4Ru2_1_x050,0.467284,0.3775948481612759
POSCAR_Br4Ru2_1_x950,0.416363,0.35568380625533536
POSCAR_Br4Ru2_1_x975,0.481224,0.3548522360170329
POSCAR_Br4Ru2_1_y025,0.487517,0.3601308206567514
POSCAR_Br4Ru2_1_y050,0.49405,0.357294427159389
POSCAR_Br4Ru2_1_y950,0.502956,0.373028480068334
POSCAR_Br4Ru2_1_y975,0.476405,0.3689494919709371
POSCAR_Br4Ru2_1_z025,0.485465,0.36125840559836025
POSCAR_Br4Ru2_1_z050,0.469932,0.365495756838153
POSCAR_Br4Ru2_1_z950,0.499755,0.3808414817097878
POSCAR_Br4Ru2_1_z975,0.472305,0.37548561930155455
POSCAR_Br4V2_1,0.206193,0.16472296780794707
POSCAR_Br4V2_1_st025,0.178227,0.16751043658023756
POSCAR_Br4V2_1_st050,0.148294,0.1699990362925504
POSCAR_Br4V2_1_st950,0.195345,0.17372287034125578
POSCAR_Br4V2_1_st975,0.238102,0.1683876431602858
POSCAR_Br4V2_1_x025,0.20883,0.16971596076426623
POSCAR_Br4V2_1_x050,0.211519,0.16854899977069102
POSCAR_Br4V2_1_x950,0.193168,0.16676464770073987
POSCAR_Br4V2_1_x975,0.200438,0.16592305496568527
POSCAR_Br4V2_1_y025,0.161579,0.1646643603019303
POSCAR_Br4V2_1_y050,0.156447,0.1659173659918275
POSCAR_Br4V2_1_y950,0.268834,0.1683430713827048
POSCAR_Br4V2_1_y975,0.241776,0.16640299147149457
POSCAR_Br4V2_1_z025,0.210644,0.16419503262700955
POSCAR_Br4V2_1_z050,0.210824,0.16944388548414335
POSCAR_Br4V2_1_z950,0.190324,0.17172002973390596
POSCAR_Br4V2_1_z975,0.197918,0.16763002495414359
POSCAR_Br6Pd2_1,0.135049,0.2046615277293529
POSCAR_Br6Pd2_1_st025,0.146259,0.20087962707717802
POSCAR_Br6Pd2_1_st050,0.146799,0.19943162508313092
POSCAR_Br6Pd2_1_st950,0.153696,0.20756617207964778
POSCAR_Br6Pd2_1_st975,0.134593,0.20869408344741977
POSCAR_Br6Pd2_1_x025,0.145872,0.20226202345151922
POSCAR_Br6Pd2_1_x050,0.160922,0.20016465584993334
POSCAR_Br6Pd2_1_x950,0.130234,0.20747659608373245
POSCAR_Br6Pd2_1_x975,0.12849,0.20705690413231348
POSCAR_Br6Pd2_1_y025,0.144064,0.20437747995706854
POSCAR_Br6Pd2_1_y975,0.162667,0.2052792655012241
POSCAR_Br6Pd2_1_z025,0.165181,0.20618553755168886
POSCAR_Br6Pd2_1_z975,0.145692,0.20511614351404367
POSCAR_C1Co2_1,0.436221,0.5959484406895215
POSCAR_C1Co2_1_st025,0.53284,0.5984344985358375
POSCAR_C1Co2_1_st050,0.539864,0.6234673597526479
POSCAR_C1Co2_1_st950,0.086892,0.6051482611422763
POSCAR_C1Co2_1_st975,0.248658,0.6029971709496469
POSCAR_C1Co2_1_x025,0.484156,0.5852643053133396
POSCAR_C1Co2_1_x050,0.519205,0.5804801917773209
POSCAR_C1Co2_1_x950,0.47406,0.6374801559204606
POSCAR_C1Co2_1_x975,0.456843,0.6136496160973808
POSCAR_C2Cr2_3,1.307269,0.7970225108506007
POSCAR_C2Cr2_3_st025,1.366993,0.7871181103746391
POSCAR_C2Cr2_3_st050,1.316366,0.7889935356796046
POSCAR_C2Cr2_3_st950,0.917226,0.8039902524820175
POSCAR_C2Cr2_3_st975,1.209059,0.80956277122693
POSCAR_C2Cr2_3_z025,1.278276,0.7799483757461046
POSCAR_C2Cr2_3_z050,1.174445,0.7524827568945109
POSCAR_C2Cr2_3_z950,1.351724,0.8222942901871042
POSCAR_C2Cr2_3_z975,1.334564,0.7985023158217143
POSCAR_C2Cr2_5,0.475645,0.738734101574049
POSCAR_C2Cr2_5_st025,0.320549,0.7199363573604516
POSCAR_C2Cr2_5_st050,0.413066,0.7325985594066542
POSCAR_C2Cr2_5_st950,0.536925,0.6869634703846133
POSCAR_C2Cr2_5_st975,0.551807,0.6961574398824598
POSCAR_C2Cr2_5_x025,0.442196,0.750352737709267
POSCAR_C2Cr2_5_x050,0.523403,0.8060991966542417
POSCAR_C2Cr2_5_x950,0.573522,0.8052799228006987
POSCAR_C2Cr2_5_x975,0.528646,0.7742511131889429
POSCAR_C2Cr2_5_y050,0.539763,0.8178717114259396
POSCAR_C2Cr2_5_y950,0.578519,0.8008941176109338
POSCAR_C2Cr2_5_y975,0.539686,0.7576799138583675
POSCAR_C2Cr2_5_z025,0.398282,0.7339790021930945
POSCAR_C2Cr2_5_z050,0.322922,0.7348394889306122
POSCAR_C2Cr2_5_z950,0.511611,0.7084612121736519
POSCAR_C2Cr2_5_z975,0.51569,0.7024579473161698
POSCAR_C2Fe2_3,0.860968,0.5919550024004057
POSCAR_C2Fe2_3_st025,0.948308,0.5697990327727246
POSCAR_C2Fe2_3_st050,0.928366,0.6079808389395143
POSCAR_C2Fe2_3_st950,0.55808,0.6058985707355704
POSCAR_C2Fe2_3_x050,1.065433,0.607235064881093
POSCAR_C2Fe2_3_x950,0.760905,0.6168391424927553
POSCAR_C2Fe2_3_x975,0.823501,0.6097236620858482
POSCAR_C2Fe2_3_y050,0.956478,0.6284743307833963
POSCAR_C2Fe2_3_y975,0.840108,0.5937759647572212
POSCAR_C2Fe2_3_z025,1.032419,0.5917094727690025
POSCAR_C2Mo2_4,0.014086,0.5255492042087214
POSCAR_C2Sc2_4,0.01058,0.22824693233016707
POSCAR_Cd2F6_3,0.224365,0.2982381252938597
POSCAR_Cl4Co2_1,0.169452,0.1508578497277378
POSCAR_Cl4Co2_1_st025,0.13547,0.151583988028407
POSCAR_Cl4Co2_1_st050,0.139004,0.15543038069250714
POSCAR_Cl4Co2_1_st950,0.268281,0.15038842706764904
POSCAR_Cl4Co2_1_st975,0.218257,0.15066265272460608
POSCAR_Cl4Co2_1_x025,0.17436,0.15373689761584794
POSCAR_Cl4Co2_1_x050,0.177316,0.1610576305422566
POSCAR_Cl4Co2_1_x950,0.261022,0.16373744705477347
POSCAR_Cl4Co2_1_x975,0.213541,0.15423060844997966
POSCAR_Cl4Co2_1_y025,0.17403,0.15287731744053143
POSCAR_Cl4Co2_1_y050,0.177033,0.16013066749796198
POSCAR_Cl4Co2_1_y950,0.261246,0.1629050039439136
POSCAR_Cl4Co2_1_y975,0.213865,0.1531708543176512
POSCAR_Cl4Co2_1_z025,0.158919,0.15374145093119396
POSCAR_Cl4Co2_1_z050,0.162487,0.15866169253295595
POSCAR_Cl4Co2_1_z950,0.199308,0.16322428974260184
POSCAR_Cl4Co2_1_z975,0.183003,0.15358544414664624
POSCAR_Cl4Fe2_1,0.116226,0.1910047864205122
POSCAR_Cl4Fe2_1_st025,0.155493,0.19289838351695776
POSCAR_Cl4Fe2_1_st050,0.147911,0.19790643825132925
POSCAR_Cl4Fe2_1_st950,0.133815,0.1965879545040516
POSCAR_Cl4Fe2_1_st975,0.124982,0.19308340778612348
POSCAR_Cl4Fe2_1_x025,0.11544,0.1930411076708566
POSCAR_Cl4Fe2_1_x050,0.122498,0.19631980327573084
POSCAR_Cl4Fe2_1_x950,0.163679,0.1995036426177389
POSCAR_Cl4Fe2_1_x975,0.125528,0.1955477535881225
POSCAR_Cl4Fe2_1_y025,0.115131,0.19752662397352932
POSCAR_Cl4Fe2_1_y050,0.123308,0.19747249022443544
POSCAR_Cl4Fe2_1_y950,0.161029,0.19749031981278714
POSCAR_Cl4Fe2_1_y975,0.122935,0.19867635571208364
POSCAR_Cl4Fe2_1_z025,0.111928,0.19649985432535347
POSCAR_Cl4Fe2_1_z050,0.132348,0.19873689311821935
POSCAR_Cl4Fe2_1_z950,0.130768,0.19665208914494595
POSCAR_Cl4Fe2_1_z975,0.117317,0.1923801808934293
POSCAR_Cl4Fe2_2,0.347015,0.4479805846120842
POSCAR_Cl4Fe2_2_st025,0.406956,0.4373264639344237
POSCAR_Cl4Fe2_2_st050,0.480547,0.4277359731609618
POSCAR_Cl4Fe2_2_st950,0.46032,0.46455424634025827
POSCAR_Cl4Fe2_2_st975,0.405822,0.46726204502476615
POSCAR_Cl4Fe2_2_x025,0.303469,0.4439059488896856
POSCAR_Cl4Fe2_2_x050,0.299685,0.44700220324088935
POSCAR_Cl4Fe2_2_x950,0.388366,0.4368297567101662
POSCAR_Cl4Fe2_2_x975,0.36253,0.4484771643881752
POSCAR_Cl4Fe2_2_y025,0.342196,0.4396676865114439
POSCAR_Cl4Fe2_2_y050,0.406686,0.4378029119074761
POSCAR_Cl4Fe2_2_y950,0.379596,0.46638291805956633
POSCAR_Cl4Fe2_2_y975,0.367105,0.4573293016784682
POSCAR_Cl4Fe2_2_z025,0.344812,0.44533675516913823
POSCAR_Cl4Fe2_2_z050,0.392718,0.45792852305506676
POSCAR_Cl4Fe2_2_z950,0.412761,0.45669330798500807
POSCAR_Cl4Fe2_2_z975,0.362134,0.44953564138345875
POSCAR_Cl4Mn2_1,0.313239,0.36392850369266067
POSCAR_Cl4Mn2_1_st025,0.275765,0.3676498137539921
POSCAR_Cl4Mn2_1_st050,0.265435,0.3666310762643805
POSCAR_Cl4Mn2_1_st950,0.590347,0.3641463488925541
POSCAR_Cl4Mn2_1_st975,0.425822,0.36390419829592335
POSCAR_Cl4Mn2_1_x025,0.324178,0.37096580290656017
POSCAR_Cl4Mn2_1_x050,0.319282,0.38535737273987936
POSCAR_Cl4Mn2_1_x950,0.310436,0.36802236023399093
POSCAR_Cl4Mn2_1_x975,0.293794,0.3668949162920243
POSCAR_Cl4Mn2_1_y025,0.303635,0.36457603336910993
POSCAR_Cl4Mn2_1_y050,0.287445,0.36423997384857865
POSCAR_Cl4Mn2_1_y950,0.458766,0.3659257584812542
POSCAR_Cl4Mn2_1_y975,0.374828,0.3604284798535503
POSCAR_Cl4Mn2_1_z025,0.305167,0.3657031479200831
POSCAR_Cl4Mn2_1_z050,0.281173,0.3780094502348733
POSCAR_Cl4Mn2_1_z950,0.363993,0.37032656977286754
POSCAR_Cl4Mn2_1_z975,0.329854,0.36236736126307073
POSCAR_Cl4Nb2_1,0.236079,0.26295861148094946
POSCAR_Cl4Nb2_1_st025,0.193539,0.2521782533768646
POSCAR_Cl4Nb2_1_st050,0.162697,0.247365519738463
POSCAR_Cl4Nb2_1_st950,0.370204,0.2821865110992188
POSCAR_Cl4Nb2_1_st975,0.293543,0.2762911141954126
POSCAR_Cl4Nb2_1_x025,0.222597,0.2612721893844816
POSCAR_Cl4Nb2_1_x050,0.210891,0.2637316351336787
POSCAR_Cl4Nb2_1_x950,0.272087,0.2715689932641408
POSCAR_Cl4Nb2_1_x975,0.251996,0.2658215687245291
POSCAR_Cl4Nb2_2,0.148784,0.175035610338362
POSCAR_Cl4Nb2_2_st025,0.115968,0.17162534891190448
POSCAR_Cl4Nb2_2_st050,0.086537,0.16998467571133455
POSCAR_Cl4Nb2_2_st950,0.249077,0.18198840275478267
POSCAR_Cl4Nb2_2_st975,0.192131,0.1788463814544301
POSCAR_Cl4Nb2_2_x025,0.135925,0.1745560834210361
POSCAR_Cl4Nb2_2_x050,0.109074,0.1679142376765095
POSCAR_Cl4Nb2_2_x950,0.180548,0.16903373941534283
POSCAR_Cl4Nb2_2_x975,0.163502,0.1744247613208459
POSCAR_Cl4Nb2_2_y025,0.137152,0.17334626752837695
POSCAR_Cl4Nb2_2_y050,0.126348,0.16950185257048703
POSCAR_Cl4Nb2_2_y950,0.174528,0.17206242561306412
POSCAR_Cl4Nb2_2_y975,0.161192,0.17698865458657984
POSCAR_Cl4Nb2_2_z025,0.13724,0.1737072428416467
POSCAR_Cl4Nb2_2_z050,0.126539,0.16929764240018927
POSCAR_Cl4Nb2_2_z950,0.174297,0.1728477955558668
POSCAR_Cl4Nb2_2_z975,0.161077,0.17836300924618143
POSCAR_Cl6Mn2_1,0.340092,0.2805413599673884
POSCAR_Cl6Mn2_1_st025,0.33923,0.2744887390879583
POSCAR_Cl6Mn2_1_st050,0.32566,0.2722425963697115
POSCAR_Cl6Mn2_1_st950,0.33698,0.26806361968663833
POSCAR_Cl6Mn2_1_st975,0.328984,0.279784565995872
POSCAR_Cl6Nb2_1,0.181156,0.18585627653219475
POSCAR_Cl6Nb2_1_st025,0.165758,0.17701309824459496
POSCAR_Cl6Nb2_1_st050,0.161641,0.17075255103136036
POSCAR_Cl6Nb2_1_st950,0.238798,0.18648785711061022
POSCAR_Cl6Nb2_1_st975,0.205939,0.1871991241307426
POSCAR_Cl6Nb2_1_x975,0.193386,0.18566089604281671
POSCAR_Cl6Nb2_1_y975,0.187295,0.23000478667473237
POSCAR_Cl6Nb2_1_z025,0.172583,0.22279501006488983
POSCAR_Cl6Nb2_1_z050,0.170124,0.20973914729778526
POSCAR_Cl6Nb2_1_z950,0.216265,0.241551579680139
POSCAR_Cl6Nb2_1_z975,0.20183,0.19416334344699432
POSCAR_Cl6Pd2_1,0.140605,0.19496994632221964
POSCAR_Cl6Pd2_1_st025,0.139208,0.1938826120802476
POSCAR_Cl6Pd2_1_st050,0.157869,0.18948945011424015
POSCAR_Cl6Pd2_1_st950,0.154469,0.19995844687964834
POSCAR_Cl6Pd2_1_st975,0.147246,0.19330741796997483
POSCAR_Cl6Pd2_1_z025,0.134424,0.19389753195594217
POSCAR_Cl6Pd2_1_z050,0.146978,0.19515459378022584
POSCAR_Cl6Pd2_1_z950,0.161832,0.19316624789315975
POSCAR_Cl6Pd2_1_z975,0.149897,0.19333601389908173
POSCAR_Cl6Pd2_2,0.227563,0.33471003120191506
POSCAR_Cl6Pd2_2_st025,0.230997,0.32811999223138066
POSCAR_Cl6Pd2_2_st050,0.235349,0.3200138945630682
POSCAR_Cl6Pd2_2_st950,0.393454,0.31502148608421926
POSCAR_Cl6Pd2_2_st975,0.306476,0.3209112812185867
POSCAR_Cl6Pd2_2_y025,0.253626,0.29663490298004913
POSCAR_Cl6Pd2_2_z025,0.24689,0.3414412415810904
POSCAR_Cl6Pd2_2_z050,0.222453,0.3414621862525099
POSCAR_Cl6Pd2_2_z950,0.402267,0.2945144234231895
POSCAR_Cl6Pd2_2_z975,0.331124,0.30928594803096354
POSCAR_Cl6Ti2_1,0.082741,0.17067061902267675
POSCAR_Cl6Ti2_1_st025,0.071826,0.16920528504204715
POSCAR_Cl6Ti2_1_st050,0.078844,0.1636626566886752
POSCAR_Cl6Ti2_1_st950,0.121141,0.1665981841660888
POSCAR_Cl6Ti2_1_st975,0.0986,0.1701394722610038
POSCAR_Cl6Ti2_1_z025,0.067208,0.17289305040254585
POSCAR_Cl6Ti2_1_z050,0.063883,0.17314538271248342
POSCAR_Cl6Ti2_1_z950,0.124972,0.1684505671024398
POSCAR_Cl6Ti2_1_z975,0.100166,0.1669081609231844
POSCAR_Cl6Zr2_1,0.212412,0.09720484579428372
POSCAR_Cl6Zr2_1_st025,0.157286,0.09675029386104453
POSCAR_Cl6Zr2_1_st050,0.116923,0.0961116969711169
POSCAR_Cl6Zr2_1_st975,0.2861,0.09798332562287329
POSCAR_Cl6Zr2_1_z025,0.196574,0.09850271612952835
POSCAR_Cl6Zr2_1_z050,0.177064,0.10447893383976509
POSCAR_Cl6Zr2_1_z950,0.256554,0.09432878661482735
POSCAR_Cl6Zr2_1_z975,0.542894,0.09577075362037167
POSCAR_Co2F4_1,0.494358,0.40971534418920436
POSCAR_Co2F4_1_st025,0.346171,0.3994261962085203
POSCAR_Co2F4_1_st050,0.335497,0.3898810591397439
POSCAR_Co2F4_1_st950,0.50499,0.456908347669993
POSCAR_Co2F4_1_st975,0.566609,0.4189979215617354
POSCAR_Co2F4_1_x025,0.477174,0.4105719216358242
POSCAR_Co2F4_1_x050,0.46945,0.4095277716573325
POSCAR_Co2F4_1_x950,0.31185,0.41876094925114743
POSCAR_Co2F4_1_x975,0.337486,0.4042464070684353
POSCAR_Co2F4_1_y025,0.341145,0.403489838849773
POSCAR_Co2F4_1_y050,0.321763,0.4004969815056133
POSCAR_Co2F4_1_y950,0.479961,0.4199059186898778
POSCAR_Co2F4_1_y975,0.507519,0.41472113655815956
POSCAR_Co2F4_1_z025,0.340785,0.40341544686274733
POSCAR_Co2F4_1_z050,0.321023,0.3989774641100162
POSCAR_Co2F4_1_z950,0.485982,0.4201692596063633
POSCAR_Co2F6_1,0.252775,0.25834923581744146
POSCAR_Co2F6_1_st025,0.232087,0.23445073523891533
POSCAR_Co2F6_1_st050,0.254027,0.21523374213753302
POSCAR_Co2F6_1_st950,0.355064,0.281473913385665
POSCAR_Co2F6_1_st975,0.329482,0.27454235757897166
POSCAR_Co2F6_1_z025,0.259898,0.26005890186441044
POSCAR_Co2F6_1_z050,0.268445,0.26465698598558657
POSCAR_Co2F6_1_z950,0.321827,0.2890050323587057
POSCAR_Co2F6_1_z975,0.283201,0.27185249329344385
POSCAR_Co2Ge2_1,0.424488,0.4766813699507355
POSCAR_Co2Ge2_1_st025,0.448111,0.45377839033568684
POSCAR_Co2Ge2_1_st975,0.397261,0.4344228636726948
POSCAR_Co2Ge2_1_x025,0.443204,0.5095313413145335
POSCAR_Co2Ge2_1_x050,0.468445,0.4984289103577187
POSCAR_Co2Ge2_1_x950,0.432027,0.4878794356266351
POSCAR_Co2Ge2_1_x975,0.408616,0.5038540737709786
POSCAR_Co2Ge2_1_y025,0.449002,0.5259736759048298
POSCAR_Co2Ge2_1_y050,0.477012,0.5227262842500316
POSCAR_Co2Ge2_1_y975,0.404701,0.5039329516429809
POSCAR_Co2Ge2_1_z025,0.405355,0.4672795690518727
POSCAR_Co2Ge2_1_z050,0.380359,0.4468999403828019
POSCAR_Co2Ge2_1_z950,0.079842,0.3805103288797937
POSCAR_Co2Ge2_1_z975,0.417956,0.46365674606955987
POSCAR_Co2N2_1,0.801542,0.29177689607311036
POSCAR_Co2N2_1_st975,0.676755,0.2829466333630868
POSCAR_Co2N2_1_x025,0.80015,0.295753815869768
POSCAR_Co2N2_1_x050,0.775497,0.30020800771212036
POSCAR_Co2N2_1_x950,0.705061,0.3057642535643981
POSCAR_Co2N2_1_y025,0.811564,0.29208714789279566
POSCAR_Co2N2_1_y050,0.766978,0.29477643584985097
POSCAR_Co2N2_1_y950,0.714822,0.3035546774185718
POSCAR_Co2N2_1_y975,0.768119,0.30595672579198857
POSCAR_Co2N2_1_z025,0.714222,0.29021203001329937
POSCAR_Co2N2_1_z050,0.585749,0.2884987311560868
POSCAR_Co2N6_1,0.016956,0.06259705893531978
POSCAR_Co2N6_1_st050,0.01304,0.06072205045539037
POSCAR_Co2N6_1_st975,0.022534,0.06602245876960935
POSCAR_Co2N6_1_x975,0.104351,0.06395779070843753
POSCAR_Co2N6_1_y025,0.011459,0.06248496853993207
POSCAR_Co2N6_1_y050,0.033065,0.0628779656334162
POSCAR_Co2N6_1_y950,0.024477,0.06740750456970188
POSCAR_Co2N6_1_y975,0.017137,0.06372457988605468
POSCAR_Co2N6_1_z025,0.005492,0.06431753480670736
POSCAR_Co2N6_1_z950,0.006442,0.06455204721404352
POSCAR_Co2O2_1,0.463,0.2832171510276853
POSCAR_Co2O2_1_st025,0.431608,0.2654292502700294
POSCAR_Co2O2_1_st050,0.400922,0.2520652172047166
POSCAR_Co2O2_1_st950,0.32049,0.35094504728040893
POSCAR_Co2O2_1_st975,0.427409,0.29727591726403535
POSCAR_Co2O2_1_x025,0.414121,0.28390557787951864
POSCAR_Co2O2_1_x050,0.408983,0.27919146341559953
POSCAR_Co2O2_1_x950,0.377742,0.3005128961466977
POSCAR_Co2O2_1_x975,0.413531,0.2805668092878032
POSCAR_Co2O2_1_y025,0.414639,0.2832924036925103
POSCAR_Co2O2_1_y050,0.408888,0.27777505216121817
POSCAR_Co2O2_1_y950,0.377421,0.3024196780065231
POSCAR_Co2O2_1_y975,0.412977,0.28026955014946214
POSCAR_Co2O2_1_z025,0.430693,0.26250553400577137
POSCAR_Co2O2_1_z050,0.452675,0.270438221321453
POSCAR_Co2O2_1_z950,0.373011,0.303619880224546
POSCAR_Co2O2_1_z975,0.382229,0.2892299459638508
POSCAR_Co2P2_4,0.153976,0.4743143754436092
POSCAR_Co2P2_4_st025,0.296743,0.45657872212071604
POSCAR_Co2P2_4_st975,0.060743,0.47874269058472624
POSCAR_Co2P2_4_x025,0.182046,0.47200255361413235
POSCAR_Co2P2_4_x050,0.22938,0.47046647429747646
POSCAR_Co2P2_4_x975,0.178526,0.477609768654428
POSCAR_Co2P2_4_y025,0.184049,0.46846814041196144
POSCAR_Co2P2_4_y050,0.230508,0.4712438774663329
POSCAR_Co2P2_4_y950,0.1811,0.4780562949489956
POSCAR_Co2P2_4_y975,0.176419,0.4785458519608101
POSCAR_Co2P2_4_z050,0.281652,0.4751697732649378
POSCAR_Co2P2_4_z975,0.151389,0.46129524480991163
POSCAR_Co2Pb2_4,0.01135,0.0427547951192881
POSCAR_Co2Pb2_4_st975,0.019632,0.044622455106296234
POSCAR_Co2Pb2_4_x950,0.019873,0.043165257088207606
POSCAR_Co2Pb2_4_y950,0.006202,0.051887647988529254
POSCAR_Co2Pb2_4_y975,0.00553,0.04851944215226803
POSCAR_Co2Pb2_4_z025,0.041393,0.043993734752061704
POSCAR_Co2Pb2_4_z950,0.033744,0.03905298932014619
POSCAR_Co2Pb3_1_st025,0.016076,0.01625847522125265
POSCAR_Co2Pb3_1_st050,0.014646,0.015783848129110965
POSCAR_Co2Pb3_1_st975,0.016771,0.022541408311079498
POSCAR_Co2Pb3_1_x025,0.01703,0.021039209182750637
POSCAR_Co2Pb3_1_x050,0.01707,0.020494489205801884
POSCAR_Co2Pb3_1_x950,0.018434,0.01695949394347635
POSCAR_Co2Pb3_1_x975,0.017512,0.01669149212163302
POSCAR_Co2Pb3_1_y025,0.015126,0.022884589256467622
POSCAR_Co2Pb3_1_y050,0.014692,0.02435825323914729
POSCAR_Co2Pb3_1_y950,0.01557,0.01617602423872696
POSCAR_Co2Pb3_1_y975,0.016964,0.016171802080861695
POSCAR_Co2Pb3_1_z025,0.015694,0.016630791616008316
POSCAR_Co2Pb3_1_z050,0.015914,0.016357350263781226
POSCAR_Co2Pb3_1_z950,0.016432,0.02190201437397865
POSCAR_Co2Pb3_1_z975,0.017723,0.021871469316183254
POSCAR_Co2S2_1,0.684412,0.6614375061144997
POSCAR_Co2S2_1_st025,1.089573,0.7059316114749545
POSCAR_Co2S2_1_st050,1.116118,0.798736212647875
POSCAR_Co2S2_1_st950,0.369147,0.6145688946341971
POSCAR_Co2S2_1_y050,1.030444,0.7072597396523633
POSCAR_Co2S2_1_z050,1.11311,0.7743304830464786
POSCAR_Co2S2_1_z975,0.501541,0.6345416475790102
POSCAR_Co2Sb3_1,0.012945,0.020449301986044607
POSCAR_Co2Sb3_1_st025,0.012175,0.020870275709484607
POSCAR_Co2Sb3_1_st050,0.012119,0.020657329545485423
POSCAR_Co2Sb3_1_st950,0.011287,0.020783221365867376
POSCAR_Co2Sb3_1_x025,0.007706,0.020838666249111515
POSCAR_Co2Sb3_1_x050,0.008392,0.02082098591232723
POSCAR_Co2Sb3_1_x950,0.008238,0.02200366883278145
POSCAR_Co2Sb3_1_x975,0.009078,0.021153044318136006
POSCAR_Co2Sb3_1_y025,0.008434,0.02089536071459467
POSCAR_Co2Sb3_1_y050,0.008489,0.020911633446005926
POSCAR_Co2Sb3_1_y950,0.007248,0.0219961403362988
POSCAR_Co2Sb3_1_y975,0.008295,0.021151036710804948
POSCAR_Co2Sb3_1_z025,0.00843,0.02138303096995859
POSCAR_Co2Sb3_1_z050,0.01023,0.02247232793529467
POSCAR_Co2Sb3_1_z950,0.008606,0.02100589663602443
POSCAR_Co2Sb3_1_z975,0.00909,0.020904513372090375
POSCAR_Co2Se2_3,0.223805,0.2859141940544478
POSCAR_Co2Se2_3_st025,0.300606,0.27057477610378017
POSCAR_Co2Se2_3_st050,0.284051,0.25601428298119855
POSCAR_Co2Se2_3_st950,0.263571,0.30027960273879006
POSCAR_Co2Se2_3_st975,0.274884,0.2936197212695706
POSCAR_Co2Se2_3_x025,0.400636,0.2823424690859514
POSCAR_Co2Se2_3_x050,0.36939,0.2803055842441052
POSCAR_Co2Se2_3_x950,0.269651,0.31735100099040225
POSCAR_Co2Se2_3_x975,0.249915,0.30107523499668776
POSCAR_Co2Se2_3_y025,0.400185,0.28252764277135844
POSCAR_Co2Se2_3_y050,0.368886,0.280719682818784
POSCAR_Co2Se2_3_y950,0.269626,0.31742857047313605
POSCAR_Co2Se2_3_y975,0.24916,0.3011927665533333
POSCAR_Co2Se2_3_z025,0.229524,0.2876669286442933
POSCAR_Co2Se2_3_z050,0.239366,0.2837835971876589
POSCAR_Co2Se2_3_z950,0.239172,0.28734653050137565
POSCAR_Co2Se2_3_z975,0.450301,0.2923589208023834
POSCAR_Co2Se4_1,0.702257,0.4815036304757407
POSCAR_Co2Se4_1_st025,0.618155,0.4639266872668455
POSCAR_Co2Se4_1_st050,0.572476,0.4549542385768124
POSCAR_Co2Se4_1_st975,0.694908,0.48531249723776465
POSCAR_Co2Se4_1_x025,0.72024,0.5064553726037391
POSCAR_Co2Se4_1_x050,0.725259,0.5148846065155581
POSCAR_Co2Se4_1_x950,0.6371,0.43717227879742965
POSCAR_Co2Se4_1_x975,0.672355,0.4477053819167351
POSCAR_Co2Se4_1_y025,0.713265,0.4585932239862602
POSCAR_Co2Se4_1_y050,0.68114,0.4461020493632214
POSCAR_Co2Se4_1_y950,0.66554,0.49559978725730697
POSCAR_Co2Se4_1_y975,0.682238,0.49634766639142786
POSCAR_Co2Se4_1_z025,0.634598,0.460794871409889
POSCAR_Co2Se4_1_z050,0.558679,0.44821934928701584
POSCAR_Co2Se4_1_z950,0.774911,0.5330151912367364
POSCAR_Co2Se4_1_z975,0.742814,0.5036573856456984
POSCAR_Co2Sn4_2,0.312815,0.43586762440923804
POSCAR_Co2Sn4_2_st050,0.376827,0.4660405886356475
POSCAR_Co2Sn4_2_x025,0.271046,0.45921318246362086
POSCAR_Co2Sn4_2_x050,0.008153,0.45806960222317433
POSCAR_Co2Sn4_2_x950,0.188268,0.48816469457259015
POSCAR_Co2Sn4_2_x975,0.196925,0.4616397484289189
POSCAR_Co2Sn4_2_z975,0.00659,0.4383980847186252
POSCAR_Co2Tl3_1,0.013263,0.027238382208273966
POSCAR_Co2Tl3_1_st025,0.011903,0.02719800483559185
POSCAR_Co2Tl3_1_st050,0.012161,0.027041031272418827
POSCAR_Co2Tl3_1_st950,0.01392,0.026500980431026236
POSCAR_Co2Tl3_1_st975,0.013037,0.026900344924924307
POSCAR_Co2Tl3_1_x025,0.012936,0.027220558170359278
POSCAR_Co2Tl3_1_x050,0.012624,0.02719275206042942
POSCAR_Co2Tl3_1_x950,0.013478,0.026530410752560997
POSCAR_Co2Tl3_1_x975,0.01384,0.027545697670272512
POSCAR_Co2Tl3_1_y025,0.012817,0.027205771736819102
POSCAR_Co2Tl3_1_y050,0.012216,0.026889621047101683
POSCAR_Co2Tl3_1_y950,0.014423,0.026817180733867005
POSCAR_Co2Tl3_1_y975,0.013847,0.027400068990314837
POSCAR_Co2Tl3_1_z025,0.013558,0.027273141268131462
POSCAR_Co2Tl3_1_z050,0.013408,0.02731668330916282
POSCAR_Co2Tl3_1_z950,0.012303,0.027425476874404064
POSCAR_Co2Tl3_1_z975,0.012766,0.02750606640098876
POSCAR_Cr2F4_cluster1,0.105181,0.2783796514383171
POSCAR_Cr2F4_cluster1_st025,0.099398,0.27353334946308056
POSCAR_Cr2F4_cluster1_st050,0.095028,0.2712333346457624
POSCAR_Cr2F4_cluster1_st950,0.120983,0.3017874291996177
POSCAR_Cr2F4_cluster1_st975,0.112398,0.2844397824660186
POSCAR_Cr2F4_cluster2,0.01327,0.052334873876360356
POSCAR_Cr2F4_cluster2_st025,0.012463,0.053001045053520976
POSCAR_Cr2F4_cluster2_st050,0.011722,0.05264132467085015
POSCAR_Cr2F4_cluster2_st950,0.015228,0.05131792312791909
POSCAR_Cr2F4_cluster2_st975,0.014187,0.05200659215083741
POSCAR_Cr2F6_cluster1,0.09615,0.1234579294179204
POSCAR_Cr2F6_cluster1_st025,0.177898,0.11583154136878716
POSCAR_Cr2F6_cluster1_st050,0.167395,0.11285991211034317
POSCAR_Cr2F6_cluster1_st950,0.088422,0.15677664418007245
POSCAR_Cr2F6_cluster1_st975,0.090895,0.14124788046713196
POSCAR_Cr2F6_cluster2,0.240743,0.13663359884052728
POSCAR_Cr2F6_cluster2_st025,0.247271,0.13178369039021895
POSCAR_Cr2F6_cluster2_st050,0.20913,0.12784179291049108
POSCAR_Cr2F6_cluster2_st950,0.231945,0.14988669570743823
POSCAR_Cr2F6_cluster2_st975,0.231566,0.14511172042682952
POSCAR_Cr2F8_cluster1,0.267451,0.1719149880384132
POSCAR_Cr2F8_cluster1_st025,0.256916,0.17077718356655452
POSCAR_Cr2F8_cluster1_st050,0.236515,0.1628609701169941
POSCAR_Cr2F8_cluster1_st950,0.282304,0.17473270577360656
POSCAR_Cr2F8_cluster1_st975,0.274242,0.17483444417343383
POSCAR_Cr2F8_cluster2,0.16939,0.17996122021836214
POSCAR_Cr2F8_cluster2_st025,0.28095,0.16964508156109712
POSCAR_Cr2F8_cluster2_st050,0.251695,0.16077242612023046
POSCAR_Cr2F8_cluster2_st950,0.140859,0.18991560917731734
POSCAR_Cr2F8_cluster2_st975,0.165917,0.18661434779157973
POSCAR_Cr2Ga2_2,0.010506,0.03254385504635678
POSCAR_Cr2Ga2_2_st050,0.01023,0.0188576248076765
POSCAR_Cr2Ga2_2_st950,0.010769,0.04104320203030656
POSCAR_Cr2Ga2_2_st975,0.01086,0.04006128785757472
POSCAR_Cr2Ga2_2_x025,0.009524,0.03320555518978899
POSCAR_Cr2Ga2_2_x050,0.009367,0.03288914820195019
POSCAR_Cr2Ga2_2_x950,0.009823,0.04505437639356578
POSCAR_Cr2Ga2_2_x975,0.01105,0.03743711110061498
POSCAR_Cr2Ga2_2_y025,0.010361,0.03316460307787107
POSCAR_Cr2Ga2_2_y050,0.010332,0.020400802180139958
POSCAR_Cr2Ga2_2_y950,0.010809,0.04669445234027959
POSCAR_Cr2Ga2_2_y975,0.009944,0.041691812722865824
POSCAR_Cr2Ga2_2_z025,0.010152,0.035877412584286957
POSCAR_Cr2Ga2_2_z050,0.010762,0.038163580179042436
POSCAR_Cr2Ga2_2_z950,0.0106,0.03791416318303072
POSCAR_Cr2Ga2_2_z975,0.009642,0.03522820246446591
POSCAR_Cr2Ge2_3,0.300033,0.48697753028366
POSCAR_Cr2Ge2_3_st025,0.333745,0.4836964815016491
POSCAR_Cr2Ge2_3_st950,0.243668,0.49786019738568976
POSCAR_Cr2Ge2_3_st975,0.2724,0.49191159026118736
POSCAR_Cr2Ge2_3_x025,0.363134,0.5233665510213927
POSCAR_Cr2Ge2_3_x050,0.379563,0.5447552800482215
POSCAR_Cr2Ge2_3_x950,0.283957,0.5212687752602528
POSCAR_Cr2Ge2_3_x975,0.290315,0.5116888104750794
POSCAR_Cr2Ge2_3_y025,0.363382,0.523270624135356
POSCAR_Cr2Ge2_3_y050,0.379737,0.5449570631800748
POSCAR_Cr2Ge2_3_y950,0.284277,0.5172529778111774
POSCAR_Cr2Ge2_3_z025,0.279053,0.4793812545989354
POSCAR_Cr2Ge2_3_z950,0.34879,0.49038808763270225
POSCAR_Cr2Ge2_3_z975,0.323491,0.4889993482563525
POSCAR_Cr2Ge3_1,0.013563,0.013853600126516877
POSCAR_Cr2Ge3_1_st025,0.014167,0.013719670551578675
POSCAR_Cr2Ge3_1_st050,0.014125,0.013333571033339053
POSCAR_Cr2Ge3_1_st950,0.015912,0.014663688231292429
POSCAR_Cr2Ge3_1_st975,0.015279,0.01431231406163031
POSCAR_Cr2Ge3_1_x025,0.015408,0.013941403138350683
POSCAR_Cr2Ge3_1_x050,0.014322,0.014054095244104291
POSCAR_Cr2Ge3_1_x950,0.015536,0.014967332887514367
POSCAR_Cr2Ge3_1_x975,0.014697,0.01452878403195193
POSCAR_Cr2Ge3_1_y025,0.015271,0.014268289654356102
POSCAR_Cr2Ge3_1_y050,0.014547,0.014402820716113212
POSCAR_Cr2Ge3_1_y950,0.015622,0.014407272228601251
POSCAR_Cr2Ge3_1_y975,0.014634,0.01418515610385556
POSCAR_Cr2Ge3_1_z025,0.014866,0.014261095003305307
POSCAR_Cr2Ge3_1_z050,0.014262,0.014307558316973069
POSCAR_Cr2Ge3_1_z950,0.014358,0.013858674308572566
POSCAR_Cr2Ge3_1_z975,0.01428,0.013703732994100826
POSCAR_Cr2In2_5,0.271204,0.5180098863880026
POSCAR_Cr2In2_5_st025,0.32293,0.517259165860894
POSCAR_Cr2In2_5_st050,0.27433,0.5196342182104174
POSCAR_Cr2In2_5_st950,0.317689,0.5197301516120917
POSCAR_Cr2In2_5_st975,0.266227,0.5251193667799586
POSCAR_Cr2In2_5_x025,0.270209,0.5313257296973468
POSCAR_Cr2In2_5_x050,0.269453,0.537119606698904
POSCAR_Cr2In2_5_x975,0.270263,0.5172385037064864
POSCAR_Cr2In2_5_y025,0.355204,0.5186247643999964
POSCAR_Cr2In2_5_y050,0.349798,0.5184060523926293
POSCAR_Cr2In2_5_y950,0.328132,0.5459078644837753
POSCAR_Cr2In2_5_y975,0.243662,0.5235503861502907
POSCAR_Cr2In2_5_z950,0.367198,0.5317339026506552
POSCAR_Cr2In2_5_z975,0.316578,0.5304821009239411
POSCAR_Cr2In5_1,0.020936,0.04703802567961756
POSCAR_Cr2In5_1_st025,0.02057,0.04439106438298449
POSCAR_Cr2In5_1_st050,0.020538,0.04336883761569666
POSCAR_Cr2In5_1_st950,0.021587,0.046905363922204714
POSCAR_Cr2In5_1_st975,0.021543,0.04682772117598696
POSCAR_Cr2In5_1_x025,0.020785,0.04074637273744212
POSCAR_Cr2In5_1_x950,0.024226,0.05334123658289086
POSCAR_Cr2In5_1_x975,0.021703,0.048260136062085984
POSCAR_Cr2In5_1_y950,0.019801,0.04379218210851019
POSCAR_Cr2In5_1_y975,0.018936,0.04674310956124642
POSCAR_Cr2In5_1_z050,0.019938,0.04817862209525761
POSCAR_Cr2In5_1_z950,0.028166,0.05232209530159283
POSCAR_Cr2In8_2,0.010506,0.04518615131833423
POSCAR_Cr2In8_2_st025,0.010629,0.04815796504234961
POSCAR_Cr2In8_2_st050,0.011453,0.04636362189318562
POSCAR_Cr2In8_2_st950,0.01035,0.05016848184095084
POSCAR_Cr2In8_2_st975,0.012265,0.04687754203984669
POSCAR_Cr2In8_2_x025,0.009672,0.04611809932756417
POSCAR_Cr2In8_2_x050,0.010291,0.04555914369927773
POSCAR_Cr2In8_2_x950,0.010797,0.04601071399503005
POSCAR_Cr2In8_2_x975,0.011759,0.04589784300403248
POSCAR_Cr2In8_2_y025,0.011531,0.045251110191815457
POSCAR_Cr2In8_2_y950,0.0115,0.05244776616166728
POSCAR_Cr2In8_2_y975,0.009909,0.04821980802301002
POSCAR_Cr2In8_2_z025,0.013678,0.04621151805006748
POSCAR_Cr2In8_2_z050,0.012439,0.04535096740429495
POSCAR_Cr2In8_2_z950,0.012149,0.044651647376544146
POSCAR_Cr2In8_2_z975,0.011524,0.04633432092671069
POSCAR_Cr2N2_7,0.693497,0.6428812516981828
POSCAR_Cr2N2_7_st025,0.577491,0.6611978697927869
POSCAR_Cr2N2_7_st050,0.590475,0.6739616332345235
POSCAR_Cr2N2_7_st950,0.834141,0.6613664589960623
POSCAR_Cr2N2_7_st975,0.79372,0.6580987940732511
POSCAR_Cr2N2_7_x025,0.756821,0.7166580677933914
POSCAR_Cr2N2_7_x050,0.794084,0.7607729691395108
POSCAR_Cr2N2_7_x950,0.750685,0.775778392216286
POSCAR_Cr2N2_7_x975,0.745881,0.7334338816674685
POSCAR_Cr2N2_7_y025,0.75627,0.7157099694216523
POSCAR_Cr2N2_7_y050,0.793872,0.7607500481546774
POSCAR_Cr2N2_7_y950,0.750712,0.7761314562310188
POSCAR_Cr2N2_7_y975,0.746285,0.7341402949505542
POSCAR_Cr2N2_7_z025,0.53944,0.6412265517297211
POSCAR_Cr2N2_7_z050,0.509981,0.6214474642571087
POSCAR_Cr2N2_7_z950,0.869943,0.6106572620222352
POSCAR_Cr2N2_7_z975,0.812995,0.6455677305601332
POSCAR_Cr2O2_2,1.196253,0.5934807597571323
POSCAR_Cr2O2_2_st025,1.02415,0.5448046696476901
POSCAR_Cr2O2_2_st050,0.866297,0.5181178424395828
POSCAR_Cr2O2_2_st950,1.604422,0.663293461515144
POSCAR_Cr2O2_2_st975,1.387752,0.6028105850986301
POSCAR_Cr2O2_2_z025,1.117426,0.5924819784578174
POSCAR_Cr2O2_2_z050,1.041263,0.5232109464052708
POSCAR_Cr2O2_2_z950,1.367022,0.6361397515614513
POSCAR_Cr2O2_2_z975,1.279056,0.6116934734375324
POSCAR_Cr2O4_2,0.708092,0.6134846476449444
POSCAR_Cr2O4_2_st025,0.681212,0.5689098291474443
POSCAR_Cr2O4_2_st050,0.603868,0.5395581357807915
POSCAR_Cr2O4_2_st950,0.756771,0.6805537214015522
POSCAR_Cr2O4_2_st975,0.689517,0.6324237339283508
POSCAR_Cr2O4_2_x025,0.745481,0.6324733260778748
POSCAR_Cr2O4_2_x050,0.670347,0.6256438311443966
POSCAR_Cr2O4_2_x950,0.743934,0.5786753896452452
POSCAR_Cr2O4_2_x975,0.68139,0.6084227628267022
POSCAR_Cr2O4_2_y025,0.724233,0.5860035360468657
POSCAR_Cr2O4_2_y050,0.697255,0.5538217489194974
POSCAR_Cr2O4_2_y950,0.641504,0.6497364691968855
POSCAR_Cr2O4_2_y975,0.673865,0.6328564699433602
POSCAR_Cr2O4_2_z025,0.724086,0.5924083797158303
POSCAR_Cr2O4_2_z050,0.698544,0.5595318809692911
POSCAR_Cr2O4_2_z950,0.640991,0.649116826316552
POSCAR_Cr2O4_2_z975,0.673633,0.6361633665700451
POSCAR_Cr2P18_1,0.010693,0.0220652112420069
POSCAR_Cr2P18_1_x025,0.009612,0.02207185028802538
POSCAR_Cr2P18_1_x050,0.009259,0.021555030064733725
POSCAR_Cr2P18_1_x950,0.009284,0.02278887758658374
POSCAR_Cr2P18_1_x975,0.009234,0.02215577187297505
POSCAR_Cr2P18_1_y025,0.008596,0.022043889808117625
POSCAR_Cr2P18_1_y050,0.009382,0.02073951666568916
POSCAR_Cr2P18_1_y950,0.009256,0.02321081328062032
POSCAR_Cr2P18_1_z025,0.009201,0.021212812339397473
POSCAR_Cr2P18_1_z050,0.010014,0.02048717236151141
POSCAR_Cr2P18_1_z950,0.00882,0.021896312918393328
POSCAR_Cr2P4_2,0.305865,0.45473634844759336
POSCAR_Cr2P4_2_st025,0.292004,0.42696970080044766
POSCAR_Cr2P4_2_st050,0.286401,0.4148309432519183
POSCAR_Cr2P4_2_st950,0.47218,0.4522338649394598
POSCAR_Cr2P4_2_st975,0.381183,0.466082958996888
POSCAR_Cr2P4_2_x025,0.288408,0.4476922572725474
POSCAR_Cr2P4_2_x050,0.309122,0.44944646949968936
POSCAR_Cr2P4_2_x950,0.374571,0.4610349740439084
POSCAR_Cr2P4_2_x975,0.34604,0.4560809748353882
POSCAR_Cr2P4_2_y025,0.332749,0.447778663366942
POSCAR_Cr2P4_2_y050,0.354754,0.44397203210964215
POSCAR_Cr2P4_2_y950,0.359357,0.45017713860994935
POSCAR_Cr2P4_2_y975,0.321514,0.46186749484832207
POSCAR_Cr2P4_2_z025,0.304193,0.4488932879656864
POSCAR_Cr2P4_2_z050,0.324849,0.4383322287270862
POSCAR_Cr2P8_1,1.258036,0.6153059548167138
POSCAR_Cr2P8_1_st025,1.137021,0.6101204950422867
POSCAR_Cr2P8_1_st050,1.013441,0.6039663249081735
POSCAR_Cr2P8_1_st950,1.165241,0.6425650362161203
POSCAR_Cr2P8_1_st975,1.180024,0.6215077336981534
POSCAR_Cr2P8_1_x025,1.227193,0.6038375445314081
POSCAR_Cr2P8_1_x050,1.183394,0.5917084884590507
POSCAR_Cr2P8_1_x950,1.274724,0.6471322751646417
POSCAR_Cr2P8_1_x975,1.275212,0.625247647775405
POSCAR_Cr2P8_1_y025,1.199041,0.6140574101859946
POSCAR_Cr2P8_1_y050,1.128046,0.6195739161774665
POSCAR_Cr2P8_1_y950,1.172941,0.6315142879585739
POSCAR_Cr2P8_1_y975,1.304026,0.6271770063000339
POSCAR_Cr2P8_1_z025,1.218012,0.6204669895744841
POSCAR_Cr2P8_1_z050,1.177292,0.6304301336676063
POSCAR_Cr2P8_1_z950,1.294144,0.5816761441085954
POSCAR_Cr2P8_1_z975,1.285479,0.5881262514477448
POSCAR_Cr2P8_2,0.37644,0.5407694005870493
POSCAR_Cr2P8_2_st025,0.32007,0.5318018553156233
POSCAR_Cr2P8_2_st050,0.314122,0.5123803791632979
POSCAR_Cr2P8_2_st950,0.462207,0.5378419576714712
POSCAR_Cr2P8_2_st975,0.430155,0.5395959800559473
POSCAR_Cr2P8_2_x025,0.3588,0.5293620313356124
POSCAR_Cr2P8_2_x050,0.333003,0.5173794681896267
POSCAR_Cr2P8_2_x950,0.369035,0.5195074945887374
POSCAR_Cr2P8_2_x975,0.381908,0.5324107106333394
POSCAR_Cr2P8_2_y025,0.342493,0.5244616531407357
POSCAR_Cr2P8_2_y050,0.341045,0.4921172075987901
POSCAR_Cr2P8_2_y950,0.414385,0.5349190087351358
POSCAR_Cr2P8_2_y975,0.383121,0.5301486046531223
POSCAR_Cr2P8_2_z025,0.346543,0.5357314911516377
POSCAR_Cr2P8_2_z050,0.345603,0.5246471494119493
POSCAR_Cr2P8_2_z950,0.364473,0.480789381789328
POSCAR_Cr2P8_2_z975,0.380539,0.5081475923622951
POSCAR_Cr2Pb13_1,0.019629,0.03592694032479555
POSCAR_Cr2Pb13_1_st025,0.017472,0.03669131536945232
POSCAR_Cr2Pb13_1_st050,0.014424,0.03645091495964914
POSCAR_Cr2Pb13_1_st950,0.018682,0.03452971131887324
POSCAR_Cr2Pb13_1_x025,0.019133,0.03681146232495548
POSCAR_Cr2Pb13_1_x050,0.018963,0.03660732146795504
POSCAR_Cr2Pb13_1_x975,0.019137,0.03764728676593049
POSCAR_Cr2Pb13_1_y025,0.01845,0.038128537612264625
POSCAR_Cr2Pb13_1_y050,0.021467,0.0371289109863618
POSCAR_Cr2Pb13_1_y950,0.019999,0.03797735389861829
POSCAR_Cr2Pb13_1_y975,0.020962,0.036148135226520536
POSCAR_Cr2Pb13_1_z025,0.018798,0.03672740461946714
POSCAR_Cr2Pb13_1_z050,0.015753,0.038577398455105126
POSCAR_Cr2Pb13_1_z950,0.022564,0.03687055484253233
POSCAR_Cr2Pb13_1_z975,0.01935,0.03602107299248765
POSCAR_Cr2Pb8_2,0.013435,0.07450679692091437
POSCAR_Cr2Pb8_2_st025,0.011684,0.07403579418732859
POSCAR_Cr2Pb8_2_st950,0.016218,0.06626977060660255
POSCAR_Cr2Pb8_2_st975,0.015046,0.07189359385849199
POSCAR_Cr2Pb8_2_x025,0.012092,0.0812356927510771
POSCAR_Cr2Pb8_2_x050,0.010814,0.08196713806186141
POSCAR_Cr2Pb8_2_x950,0.014205,0.06963564102055773
POSCAR_Cr2Pb8_2_x975,0.014307,0.07062848768784476
POSCAR_Cr2Pb8_2_y025,0.012365,0.0711461821443602
POSCAR_Cr2Pb8_2_y050,0.011306,0.07094866084345038
POSCAR_Cr2Pb8_2_y950,0.0151,0.06706964552633862
POSCAR_Cr2Pb8_2_y975,0.014526,0.07554129853219067
POSCAR_Cr2Pb8_2_z025,0.013568,0.07086523269234123
POSCAR_Cr2Pb8_2_z050,0.011942,0.07100482902677994
POSCAR_Cr2Pb8_2_z950,0.014027,0.0668278104535408
POSCAR_Cr2Pb8_2_z975,0.012793,0.07571142479942775
POSCAR_Cr2S2_1,0.766667,0.8342621669865001
POSCAR_Cr2S2_1_st025,0.71983,0.8261283669354262
POSCAR_Cr2S2_1_st050,0.677717,0.7983376333973442
POSCAR_Cr2S2_1_st950,0.902833,0.8417454209379385
POSCAR_Cr2S2_1_st975,0.82782,0.843818630900107
POSCAR_Cr2S2_1_x025,0.719078,0.831240542849367
POSCAR_Cr2S2_1_x050,0.676615,0.8130606987587677
POSCAR_Cr2S2_1_x950,0.879047,0.8634774307823376
POSCAR_Cr2S2_1_x975,0.822587,0.8545154875245655
POSCAR_Cr2S2_1_y025,0.792498,0.8649363924557912
POSCAR_Cr2S2_1_y050,0.81904,0.8583426772938326
POSCAR_Cr2S2_1_y950,0.725002,0.799569579562638
POSCAR_Cr2S2_1_y975,0.74726,0.814293122627964
POSCAR_Cr2S2_1_z025,0.746748,0.8209649097237323
POSCAR_Cr2S2_1_z050,0.726215,0.7999307746985631
POSCAR_Cr2S2_1_z950,0.819967,0.868709958114783
POSCAR_Cr2S2_1_z975,0.793052,0.8615944476706657
POSCAR_Cr2S2_2,0.586071,0.47972322302714826
POSCAR_Cr2S2_2_st025,0.552744,0.4553009262593231
POSCAR_Cr2S2_2_st050,0.524222,0.6138838170243256
POSCAR_Cr2S2_2_st950,0.81405,0.5489636719774608
POSCAR_Cr2S2_2_st975,0.661331,0.5256741093837194
POSCAR_Cr2S2_2_z025,0.569787,0.423180455355938
POSCAR_Cr2S2_2_z050,0.55592,0.40693746918902113
POSCAR_Cr2S2_2_z950,0.681751,0.6306726479726026
POSCAR_Cr2S2_2_z975,0.615927,0.6114734769227174
POSCAR_Cr2S2_3,0.020292,0.12471204813686784
POSCAR_Cr2S2_3_st025,0.019444,0.12426816738625476
POSCAR_Cr2S2_3_st050,0.018436,0.12123838720822362
POSCAR_Cr2S2_3_st950,0.023146,0.11976040683600049
POSCAR_Cr2S2_3_st975,0.021336,0.1236878928227981
POSCAR_Cr2S2_3_x025,0.021069,0.1256532169991129
POSCAR_Cr2S2_3_x050,0.021758,0.12358274717352329
POSCAR_Cr2S2_3_x950,0.018661,0.12214476347499469
POSCAR_Cr2S2_3_x975,0.019457,0.12024088789649028
POSCAR_Cr2S2_3_y025,0.019378,0.12600265693691165
POSCAR_Cr2S2_3_y050,0.018317,0.12308729047027246
POSCAR_Cr2S2_3_y950,0.02336,0.12655346086205982
POSCAR_Cr2S2_3_y975,0.020997,0.12288911969124003
POSCAR_Cr2S2_3_z025,0.019308,0.12031418126244106
POSCAR_Cr2S2_3_z050,0.01779,0.11795237113726965
POSCAR_Cr2S2_3_z950,0.022393,0.12293235859393788
POSCAR_Cr2S2_3_z975,0.020954,0.11959211844724486
POSCAR_Cr2S2_5,0.579189,0.5254031995034286
POSCAR_Cr2S2_5_st025,0.534906,0.5092565025920653
POSCAR_Cr2S2_5_st050,0.500436,0.57812067601544
POSCAR_Cr2S2_5_st950,0.850929,0.6000583209996809
POSCAR_Cr2S2_5_st975,0.702008,0.563330462671032
POSCAR_Cr2S2_5_z025,0.53061,0.4824231158429979
POSCAR_Cr2Sb2_1,1.193991,0.8904508494131196
POSCAR_Cr2Sb2_1_st025,0.977622,0.859160176145036
POSCAR_Cr2Sb2_1_st050,0.791015,0.8001463591846996
POSCAR_Cr2Sb2_1_st950,1.386081,0.9167679080606568
POSCAR_Cr2Sb2_1_st975,1.372512,0.9033602986188156
POSCAR_Cr2Sb2_1_x050,1.172253,0.894569934938029
POSCAR_Cr2Sb2_1_y050,1.172031,0.8927552896752096
POSCAR_Cr2Sb2_1_z025,1.019118,0.8772661016853205
POSCAR_Cr2Sb2_1_z050,0.924203,0.8613716151434058
POSCAR_Cr2Sb2_1_z950,1.513067,0.9024461580540571
POSCAR_Cr2Sb2_1_z975,1.362404,0.8988975947529769
POSCAR_Cr2Sb2_2,0.010588,0.07489613316952619
POSCAR_Cr2Sb2_2_st950,0.011874,0.07948752846250372
POSCAR_Cr2Sb2_2_st975,0.013635,0.07758319998513988
POSCAR_Cr2Sb2_2_x025,0.010785,0.08002136432149504
POSCAR_Cr2Sb2_2_x050,0.011607,0.08647755570436119
POSCAR_Cr2Sb2_2_x950,0.01248,0.0814890367069885
POSCAR_Cr2Sb2_2_x975,0.011071,0.07381452521406164
POSCAR_Cr2Sb2_2_y025,0.009855,0.06297592206366968
POSCAR_Cr2Sb2_2_y050,0.009451,0.06262533613763344
POSCAR_Cr2Sb2_2_y950,0.01449,0.0880276349431493
POSCAR_Cr2Sb2_2_y975,0.01323,0.08168109806236068
POSCAR_Cr2Sb2_2_z025,0.010561,0.07773931477135898
POSCAR_Cr2Sb2_2_z050,0.008929,0.07993406343827542
POSCAR_Cr2Sb2_2_z950,0.015638,0.08148830768490567
POSCAR_Cr2Sb2_2_z975,0.01126,0.07669917232161994
POSCAR_Cr2Sb3_3,0.789409,0.6356870290639139
POSCAR_Cr2Sb3_3_st025,0.701053,0.6268257513408519
POSCAR_Cr2Sb3_3_st050,0.671775,0.6194500000581521
POSCAR_Cr2Sb3_3_st950,0.866976,0.6369856866224435
POSCAR_Cr2Sb3_3_st975,0.845775,0.644946567447646
POSCAR_Cr2Sb3_3_x975,0.792306,0.6617388526477535
POSCAR_Cr2Sb3_3_z025,0.767798,0.6402036069039018
POSCAR_Cr2Sb3_3_z975,0.782965,0.6419449992100548
POSCAR_Cr2Sb4_1,0.412857,0.5123740217079215
POSCAR_Cr2Sb4_1_st025,0.388459,0.49216924338932694
POSCAR_Cr2Sb4_1_st050,0.357756,0.4600640154180327
POSCAR_Cr2Sb4_1_st950,0.42505,0.5141536643383546
POSCAR_Cr2Sb4_1_st975,0.426412,0.5225652953689361
POSCAR_Cr2Sb4_1_x025,0.341858,0.5148139168679573
POSCAR_Cr2Sb4_1_x050,0.30736,0.4966154610705189
POSCAR_Cr2Sb4_1_x950,0.389521,0.5211727061982115
POSCAR_Cr2Sb4_1_x975,0.437039,0.5304296960045443
POSCAR_Cr2Sb4_1_y025,0.436757,0.513050026748168
POSCAR_Cr2Sb4_1_y050,0.426546,0.5235266007487146
POSCAR_Cr2Sb4_1_y950,0.364227,0.5065225181164945
POSCAR_Cr2Sb4_1_y975,0.379417,0.5216726372339349
POSCAR_Cr2Sb4_1_z025,0.411847,0.5121094819594856
POSCAR_Cr2Sb4_1_z050,0.400375,0.48887056906594384
POSCAR_Cr2Sb4_1_z950,0.396021,0.5702724260896863
POSCAR_Cr2Sb4_1_z975,0.370469,0.5149717067650568
POSCAR_Cr2Sb6_1,0.536579,0.5380790931519513
POSCAR_Cr2Sb6_1_st050,0.508847,0.5213764439242797
POSCAR_Cr2Sb6_1_st950,0.517994,0.5568532194735307
POSCAR_Cr2Sb6_1_z025,0.542872,0.5528702823692263
POSCAR_Cr2Sb8_1,0.011811,0.0144944668696999
POSCAR_Cr2Sb8_1_st025,0.011569,0.013789017116599222
POSCAR_Cr2Sb8_1_st950,0.011308,0.015204118785348001
POSCAR_Cr2Sb8_1_st975,0.012222,0.01436688920685609
POSCAR_Cr2Sb8_1_x025,0.01189,0.014223860426140975
POSCAR_Cr2Sb8_1_x050,0.011517,0.013839990587286527
POSCAR_Cr2Sb8_1_x950,0.012295,0.014714129686962878
POSCAR_Cr2Sb8_1_x975,0.011689,0.014231129576283764
POSCAR_Cr2Sb8_1_y025,0.011011,0.014656201377720206
POSCAR_Cr2Sb8_1_y050,0.01063,0.01241352877377197
POSCAR_Cr2Sb8_1_y950,0.012603,0.015197592873280054
POSCAR_Cr2Sb8_1_y975,0.012991,0.014296512660819369
POSCAR_Cr2Sb8_1_z025,0.012414,0.014389028038575384
POSCAR_Cr2Sb8_1_z050,0.012375,0.019350440116211266
POSCAR_Cr2Sb8_1_z950,0.009912,0.014307534511855678
POSCAR_Cr2Sb8_1_z975,0.010727,0.014472016078326454
POSCAR_Cr2Se2_1,0.597532,0.7298563869997174
POSCAR_Cr2Se2_1_st025,0.5341,0.7193524473628078
POSCAR_Cr2Se2_1_st050,0.492965,0.6269063469364778
POSCAR_Cr2Se2_1_st950,0.74998,0.7890616403755594
POSCAR_Cr2Se2_1_st975,0.657581,0.7563067863748898
POSCAR_Cr2Se2_1_z025,0.604224,0.707077931107101
POSCAR_Cr2Se2_1_z050,0.608072,0.6641474745025122
POSCAR_Cr2Se2_1_z950,0.725104,0.7622749699209965
POSCAR_Cr2Se2_1_z975,0.642033,0.7588306722175632
POSCAR_Cr2Se2_2,0.580627,0.7264344812047425
POSCAR_Cr2Se2_2_st025,0.518623,0.782736784913209
POSCAR_Cr2Se2_2_st050,0.475171,0.6885458947015327
POSCAR_Cr2Se2_2_st950,0.736631,0.7731091620999787
POSCAR_Cr2Se2_2_st975,0.639076,0.7386025450332043
POSCAR_Cr2Se2_2_z025,0.58801,0.7303973965974341
POSCAR_Cr2Se2_2_z050,0.592666,0.6832966736936632
POSCAR_Cr2Se2_2_z950,0.712002,0.7606341464251208
POSCAR_Cr2Se2_2_z975,0.628272,0.7427208092962483
POSCAR_Cr2Se4_1,0.407761,0.4644752166364128
POSCAR_Cr2Se4_1_st025,0.379842,0.4537588396221626
POSCAR_Cr2Se4_1_x050,0.32822,0.49531507729291224
POSCAR_Cr2Se4_1_x975,0.489549,0.481044569000679
POSCAR_Cr2Se4_1_y025,0.365456,0.45462217012494394
POSCAR_Cr2Se4_1_y050,0.329719,0.45512190577057493
POSCAR_Cr2Se4_1_z975,0.361447,0.49264939323707124
POSCAR_Cr2Si4_1,0.01121,0.01796036968828762
POSCAR_Cr2Si4_1_st950,0.011303,0.014999588551286136
POSCAR_Cr2Si4_1_st975,0.011416,0.015987415135660918
POSCAR_Cr2Si4_1_x025,0.010787,0.01310062600231897
POSCAR_Cr2Si4_1_x050,0.009754,0.01407599543818251
POSCAR_Cr2Si4_1_x950,0.010875,0.013865481092831443
POSCAR_Cr2Si4_1_x975,0.011318,0.012502973753016174
POSCAR_Cr2Si4_1_y025,0.010686,0.013102148897541886
POSCAR_Cr2Si4_1_y050,0.010079,0.014022969053037012
POSCAR_Cr2Si4_1_y950,0.010991,0.013709524831555011
POSCAR_Cr2Si4_1_y975,0.011407,0.01254521766437282
POSCAR_Cr2Si4_1_z025,0.010729,0.014201730819237162
POSCAR_Cr2Si4_1_z050,0.009669,0.014108942242953035
POSCAR_Cr2Si4_1_z950,0.010757,0.013815057321795289
POSCAR_Cr2Si4_1_z975,0.011208,0.014768906772618577
POSCAR_Cr2Sn2_2,0.806262,0.7822678548285799
POSCAR_Cr2Sn2_2_st025,0.800343,0.7098779774739833
POSCAR_Cr2Sn2_2_st050,0.791652,0.6505348695263167
POSCAR_Cr2Sn2_2_st950,0.828002,0.8070660321588562
POSCAR_Cr2Sn2_2_st975,0.815727,0.8153732248752633
POSCAR_Cr2Sn2_2_x025,0.857399,0.8894983097774806
POSCAR_Cr2Sn2_2_x050,0.880422,0.8739665717581866
POSCAR_Cr2Sn2_2_x950,0.921353,0.9555417652185956
POSCAR_Cr2Sn2_2_x975,0.810025,0.9267300965286355
POSCAR_Cr2Sn2_2_y025,0.857376,0.8894975214175161
POSCAR_Cr2Sn2_2_y050,0.880383,0.8737848605374327
POSCAR_Cr2Sn2_2_y950,0.92127,0.9570701933198609
POSCAR_Cr2Sn2_2_y975,0.810048,0.9266776029367513
POSCAR_Cr2Sn2_2_z025,0.75889,0.7544643904257572
POSCAR_Cr2Sn2_2_z050,0.713617,0.709666307106307
POSCAR_Cr2Sn2_2_z950,0.918595,0.8384611013274215
POSCAR_Cr2Te2_1,0.951238,0.7037549719506523
POSCAR_Cr2Te2_1_st025,0.788954,0.6804330849239886
POSCAR_Cr2Te2_1_st050,0.734561,0.5341842362564426
POSCAR_Cr2Te2_1_st950,1.341444,0.749182894785279
POSCAR_Cr2Te2_1_st975,1.137235,0.7280759546841475
POSCAR_Cr2Te2_1_x025,0.961023,0.7202611055018092
POSCAR_Cr2Te2_1_x050,0.937814,0.7356314430005866
POSCAR_Cr2Te2_1_x950,0.921873,0.7411961040107508
POSCAR_Cr2Te2_1_x975,0.93762,0.7178839349267576
POSCAR_Cr2Te2_1_y025,0.961165,0.7202611055018092
POSCAR_Cr2Te2_1_y050,0.938097,0.7356314430005866
POSCAR_Cr2Te2_1_y950,0.921722,0.7347602467083942
POSCAR_Cr2Te2_1_y975,0.937533,0.7155916537256392
POSCAR_Cr2Te2_1_z025,0.785807,0.687591675746961
POSCAR_Cr2Te2_1_z050,0.719824,0.6709383883765366
POSCAR_Cr2Te2_1_z950,1.133254,0.7574505282033954
POSCAR_Cr2Te2_1_z975,1.109346,0.7279525428694577
POSCAR_Cr2Te4_1,0.672071,0.5162831361798454
POSCAR_Cr2Te4_1_st025,0.652577,0.5115842420198153
POSCAR_Cr2Te4_1_st050,0.631671,0.5099456411737359
POSCAR_Cr2Te4_1_st950,0.740517,0.5462585970157303
POSCAR_Cr2Te4_1_st975,0.706529,0.5272425723096349
POSCAR_Cr2Te4_1_x025,0.672607,0.4882639194096063
POSCAR_Cr2Te4_1_x050,0.677415,0.4546071338670796
POSCAR_Cr2Te4_1_x950,0.672717,0.5351628695896733
POSCAR_Cr2Te4_1_x975,0.673765,0.5331959984132097
POSCAR_Cr2Te4_1_y025,0.653562,0.5232534755142941
POSCAR_Cr2Te4_1_y050,0.635,0.505510357439382
POSCAR_Cr2Te4_1_y950,0.736855,0.5261616735241077
POSCAR_Cr2Te4_1_y975,0.699736,0.5204691622201372
POSCAR_Cr2Te4_1_z025,0.68251,0.5274069189664723
POSCAR_Cr2Te4_1_z050,0.697668,0.520322120186727
POSCAR_Cr2Te4_1_z950,0.699368,0.43206820332572526
POSCAR_Cr2Te4_1_z975,0.686443,0.46739263084107924
POSCAR_Cr2Te8_2,0.397148,0.35201104131157024
POSCAR_Cr2Te8_2_st975,0.359094,0.35765531000033113
POSCAR_Cu2F4_1,0.511943,0.4649880559915995
POSCAR_Cu2F4_1_st025,0.409828,0.44641749061654706
POSCAR_Cu2F4_1_st050,0.37305,0.43603709790044254
POSCAR_Cu2F4_1_st950,0.610869,0.515886105507291
POSCAR_Cu2F4_1_st975,0.564945,0.4878208030080732
POSCAR_Cu2F4_1_x025,0.519037,0.4557956985131846
POSCAR_Cu2F4_1_x050,0.460814,0.4531285139065
POSCAR_Cu2F4_1_x950,0.437823,0.49110195354079766
POSCAR_Cu2F4_1_x975,0.455594,0.4784236254025262
POSCAR_Cu2F4_1_y025,0.458266,0.4623346866440699
POSCAR_Cu2F4_1_y050,0.435478,0.45844316424359516
POSCAR_Cu2F4_1_y950,0.618937,0.4727487519932762
POSCAR_Cu2F4_1_y975,0.565551,0.4695437441021065
POSCAR_Cu2F4_1_z025,0.459842,0.4598933836379581
POSCAR_Cu2F4_1_z050,0.414444,0.45445946080102667
POSCAR_Cu2F4_1_z950,0.619591,0.4792181431202402
POSCAR_Cu2F4_1_z975,0.565312,0.4742206762588168
POSCAR_Cu2F6_1,0.466451,0.28495587561947966
POSCAR_Cu2F6_1_st025,0.483293,0.2724649871384009
POSCAR_Cu2F6_1_st050,0.407707,0.267447957143407
POSCAR_Cu2F6_1_st950,0.482003,0.29707259514345496
POSCAR_Cu2F6_1_st975,0.431888,0.29321142502258
POSCAR_Cu2F6_1_x025,0.458007,0.277966273290297
POSCAR_Cu2F6_1_x050,0.548878,0.2607596437932095
POSCAR_Cu2F6_1_x950,0.391016,0.2900644315489618
POSCAR_Cu2F6_1_x975,0.468907,0.28746850344562846
POSCAR_Cu2F6_1_y025,0.458993,0.2700233687737629
POSCAR_Cu2F6_1_y050,0.468621,0.3039569534094972
POSCAR_Cu2F6_1_y950,0.438,0.3157898049451354
POSCAR_Cu2F6_1_y975,0.516522,0.2745422037424759
POSCAR_Cu2F6_1_z025,0.459182,0.26986651817284835
POSCAR_Cu2F6_1_z050,0.468616,0.3039242183314317
POSCAR_Cu2F6_1_z950,0.438065,0.3158607618922983
POSCAR_Cu2F6_1_z975,0.516376,0.27489453703731326
POSCAR_Cu2F6_2,0.276801,0.22489275195150824
POSCAR_Cu2F6_2_st025,0.241932,0.21582515946940312
POSCAR_Cu2F6_2_st050,0.235077,0.19749756851211644
POSCAR_Cu2F6_2_st950,0.322681,0.24675902301925987
POSCAR_Cu2F6_2_st975,0.315344,0.23522499129198013
POSCAR_Cu2F6_2_x025,0.266759,0.24074644948810792
POSCAR_Cu2F6_2_x975,0.281126,0.24981005093608372
POSCAR_Cu2F6_2_y025,0.266935,0.24013507523270156
POSCAR_Cu2F6_2_y975,0.281804,0.25580716929835196
POSCAR_Cu2F6_2_z025,0.245857,0.22429322179888342
POSCAR_Cu2F6_2_z050,0.266588,0.22534431462259014
POSCAR_Cu2F6_2_z950,0.315558,0.25263468963540103
POSCAR_Cu2F6_2_z975,0.301667,0.2310763450215881
POSCAR_Cu2O2_1,1.44026,0.5642031389867058
POSCAR_Cu2O2_1_st025,1.290062,0.548074898953992
POSCAR_Cu2O2_1_st050,1.114514,0.5139733950016471
POSCAR_Cu2O2_1_st950,1.633544,0.5813088456282489
POSCAR_Cu2O2_1_st975,1.590435,0.5806156299038033
POSCAR_Cu2O2_1_z025,1.346967,0.5478501326531313
POSCAR_Cu2O2_1_z050,1.235626,0.5320198715386164
POSCAR_Cu2O2_1_z950,1.487449,0.5958970069226387
POSCAR_Cu2O2_1_z975,1.514487,0.5879054257192422
POSCAR_Cu2O2_4,0.389405,0.3546103232648963
POSCAR_Cu2O2_4_st025,0.386808,0.34938847056225447
POSCAR_Cu2O2_4_st050,0.491667,0.34708145158130704
POSCAR_Cu2O2_4_st950,0.463614,0.35630866922293036
POSCAR_Cu2O2_4_st975,0.409867,0.3660859193212619
POSCAR_Cu2O2_4_z025,0.358409,0.3536052005915995
POSCAR_Cu2O2_4_z050,0.373594,0.3510510352834854
POSCAR_Cu2O2_4_z950,0.493897,0.3747068910367807
POSCAR_Cu2O2_4_z975,0.428455,0.37010588384298143
POSCAR_Cu2O2_6,0.181269,0.37298742416464137
POSCAR_Cu2O2_6_st025,0.135876,0.3567484528736621
POSCAR_Cu2O2_6_st050,0.224184,0.3260334470771967
POSCAR_Cu2O2_6_st950,0.314263,0.5459937835776658
POSCAR_Cu2O2_6_st975,0.215536,0.4422832669654506
POSCAR_Cu2O2_6_x025,0.17821,0.36704378627578654
POSCAR_Cu2O2_6_x050,0.222453,0.36761747277724605
POSCAR_Cu2O2_6_x950,0.237783,0.44443132226802007
POSCAR_Cu2O2_6_x975,0.225412,0.39058466019962707
POSCAR_Cu2O2_6_y025,0.184851,0.36623370566681995
POSCAR_Cu2O2_6_y050,0.21776,0.36633577360819175
POSCAR_Cu2O2_6_y975,0.215067,0.39174239893013474
POSCAR_Cu2O2_6_z025,0.185877,0.37092480970186686
POSCAR_Cu2O2_6_z050,0.165575,0.35855259049885674
POSCAR_Cu2O2_6_z950,0.256469,0.35509802047014405
POSCAR_Cu2O2_6_z975,0.177062,0.37322595919754004
POSCAR_Cu2O4_1,0.473159,0.5210228491249511
POSCAR_Cu2O4_1_st025,0.421394,0.5128610111949534
POSCAR_Cu2O4_1_st050,0.355697,0.5087513150187533
POSCAR_Cu2O4_1_st950,0.498181,0.5496108410564755
POSCAR_Cu2O4_1_st975,0.502768,0.5381603460281236
POSCAR_Cu2O4_1_x025,0.482128,0.5305301834857223
POSCAR_Cu2O4_1_x050,0.478825,0.5334264719474122
POSCAR_Cu2O4_1_x950,0.450947,0.5402345634995179
POSCAR_Cu2O4_1_x975,0.454108,0.5320877341555964
POSCAR_Cu2O4_1_y025,0.498212,0.5178214612567927
POSCAR_Cu2O4_1_y050,0.494777,0.5123262684043176
POSCAR_Cu2O4_1_y950,0.366422,0.5335228989979892
POSCAR_Cu2O4_1_y975,0.425592,0.5260688611314166
POSCAR_Cu2O4_1_z025,0.379969,0.5221357679344473
POSCAR_Cu2O4_1_z050,0.328353,0.5181505040283594
POSCAR_Cu2O4_1_z950,0.646015,0.5587396913838348
POSCAR_Cu2O4_1_z975,0.565893,0.5305498155991729
POSCAR_F10Zr2_1,0.181246,0.10212670459642664
POSCAR_F4Fe2_2,0.012848,0.048421530521379215
POSCAR_F4Fe2_2_st025,0.011052,0.0461575767050985
POSCAR_F4Fe2_2_st950,0.016261,0.0535170428094393
POSCAR_F4Fe2_2_st975,0.014646,0.0499946163760934
POSCAR_F4Fe2_2_x025,0.012988,0.04699933459534722
POSCAR_F4Fe2_2_x050,0.013462,0.0468978877932999
POSCAR_F4Fe2_2_x950,0.015067,0.04985632456716452
POSCAR_F4Fe2_2_x975,0.013966,0.048621598551929324
POSCAR_F4Fe2_2_y025,0.012654,0.04774080574535023
POSCAR_F4Fe2_2_y050,0.012154,0.04719973610025025
POSCAR_F4Fe2_2_y950,0.014573,0.04548857446409281
POSCAR_F4Fe2_2_y975,0.013155,0.04562236802280867
POSCAR_F4Fe2_2_z025,0.01256,0.04338058258191109
POSCAR_F4Fe2_2_z050,0.011973,0.04282297038343363
POSCAR_F4Fe2_2_z950,0.013903,0.050001935469864624
POSCAR_F4Fe2_2_z975,0.013303,0.04838772852706862
POSCAR_F4Mn2_1,0.293119,0.3997369394408416
POSCAR_F4Mn2_1_st025,0.306416,0.38916064323979815
POSCAR_F4Mn2_1_st050,0.323907,0.37956187888574033
POSCAR_F4Mn2_1_st950,0.304378,0.43397502955823064
POSCAR_F4Mn2_1_st975,0.285417,0.4210153508232492
POSCAR_F4Mn2_1_x025,0.280328,0.38868623848889033
POSCAR_F4Mn2_1_x050,0.278836,0.39122591755295466
POSCAR_F4Mn2_1_x950,0.317868,0.4269637045044867
POSCAR_F4Mn2_1_x975,0.315856,0.4197146314017875
POSCAR_F4Mn2_1_y025,0.317864,0.3964586284323527
POSCAR_F4Mn2_1_y050,0.308016,0.4039395685378146
POSCAR_F4Mn2_1_y950,0.288104,0.4137315870745453
POSCAR_F4Mn2_1_y975,0.283456,0.40941647797211217
POSCAR_F4Mn2_1_z025,0.317963,0.40813986327773444
POSCAR_F4Mn2_1_z050,0.308161,0.4046160187680264
POSCAR_F4Mn2_1_z950,0.28794,0.4038811204450126
POSCAR_F4Mn2_1_z975,0.283335,0.40201976427382496
POSCAR_F4Ni2_1,0.333721,0.4475887419982814
POSCAR_F4Ni2_1_st025,0.37662,0.4050700266654466
POSCAR_F4Ni2_1_st050,0.296474,0.3821866144659167
POSCAR_F4Ni2_1_st950,0.395285,0.5130334689077671
POSCAR_F4Ni2_1_st975,0.354497,0.4835608568427303
POSCAR_F4Ni2_1_x025,0.305239,0.4399838785483436
POSCAR_F4Ni2_1_x050,0.351127,0.43201592682391127
POSCAR_F4Ni2_1_x950,0.347092,0.4466642603110007
POSCAR_F4Ni2_1_x975,0.348669,0.45722582040829673
POSCAR_F4Ni2_1_y025,0.32208,0.436922526823886
POSCAR_F4Ni2_1_y050,0.30777,0.41692682298958206
POSCAR_F4Ni2_1_y950,0.349959,0.4695451630872437
POSCAR_F4Ni2_1_y975,0.342912,0.4605213595825523
POSCAR_F4Ni2_1_z025,0.322083,0.4246029261103498
POSCAR_F4Ni2_1_z050,0.307723,0.4071147174319032
POSCAR_F4Ni2_1_z950,0.349913,0.4812843667668208
POSCAR_F4Ni2_1_z975,0.342896,0.4744449231952222
POSCAR_F4Sc2_1,0.10209,0.1414728203609389
POSCAR_F4Sc2_1_st950,0.151468,0.15173673061997653
POSCAR_F4Sc2_1_x050,0.132357,0.12399746220957836
POSCAR_F4Sc2_1_y950,0.133882,0.1387017040474191
POSCAR_F4Sc2_1_z950,0.136885,0.1386558082896375
POSCAR_F4V2_1,0.059059,0.17319859109709604
POSCAR_F4V2_1_st025,0.048097,0.153626717505107
POSCAR_F4V2_1_st050,0.03978,0.15323937289037282
POSCAR_F4V2_1_st950,0.092803,0.2070543824207079
POSCAR_F4V2_1_st975,0.073658,0.19231226344711944
POSCAR_F4V2_1_x025,0.05615,0.14086142349148512
POSCAR_F4V2_1_x050,0.053974,0.14005597431734942
POSCAR_F4V2_1_x950,0.067773,0.19376177534074948
POSCAR_F4V2_1_x975,0.062847,0.18922579850944088
POSCAR_F4V2_1_y025,0.054711,0.18273268407086485
POSCAR_F4V2_1_y050,0.050881,0.1769393487639447
POSCAR_F4V2_1_y950,0.069595,0.16969170743101816
POSCAR_F4V2_1_y975,0.064013,0.1659659954957322
POSCAR_F4V2_1_z025,0.054715,0.18345360474242559
POSCAR_F4V2_1_z050,0.050886,0.17847202568652037
POSCAR_F4V2_1_z950,0.069566,0.16893708222982137
POSCAR_F4V2_1_z975,0.064001,0.1655370026307472
POSCAR_F4Y2_1,0.091759,0.12624582737046997
POSCAR_F6Fe2_1,0.233474,0.17786279170903754
POSCAR_F6Fe2_1_st025,0.187757,0.17248369992104937
POSCAR_F6Fe2_1_st050,0.171324,0.17085133944477815
POSCAR_F6Fe2_1_st950,0.14875,0.23234420479532925
POSCAR_F6Fe2_1_st975,0.189754,0.2046247451926863
POSCAR_F6Fe2_1_x025,0.233515,0.17944227231630103
POSCAR_F6Fe2_1_x975,0.283464,0.19095112717253102
POSCAR_F6Fe2_1_y025,0.233834,0.18189872692672762
POSCAR_F6Fe2_1_y975,0.283898,0.19269811141666568
POSCAR_F6Fe2_1_z025,0.217344,0.17401240783122934
POSCAR_F6Fe2_1_z050,0.218743,0.19634829936204432
POSCAR_F6Fe2_1_z950,0.22635,0.2264377809283758
POSCAR_F6Fe2_1_z975,0.253407,0.17997805849959292
POSCAR_F6Fe2_2,0.097835,0.30482568959312023
POSCAR_F6Fe2_2_st025,0.091499,0.2956652693920457
POSCAR_F6Fe2_2_st050,0.091545,0.284502346701818
POSCAR_F6Fe2_2_st950,0.084241,0.3274227056037018
POSCAR_F6Fe2_2_st975,0.089631,0.3165998354407007
POSCAR_F6Fe2_2_x025,0.143512,0.3029094773028992
POSCAR_F6Fe2_2_x975,0.106792,0.31303765591631383
POSCAR_F6Fe2_2_y975,0.107303,0.3128383436243657
POSCAR_F6Fe2_2_z025,0.100927,0.2995438588596156
POSCAR_F6Fe2_2_z050,0.10608,0.29350573605127145
POSCAR_F6Fe2_2_z950,0.107626,0.3134046214317804
POSCAR_F6Fe2_2_z975,0.126776,0.30941564346143585
POSCAR_F6Mn2_1,0.351904,0.2648602723789355
POSCAR_F6Mn2_1_st025,0.282707,0.24159358221247587
POSCAR_F6Mn2_1_st050,0.198437,0.22632667550620658
POSCAR_F6Mn2_1_st950,0.469212,0.2919438224258439
POSCAR_F6Mn2_1_st975,0.410341,0.2830187567172371
POSCAR_F6Mn2_4,0.3092,0.31347990833216566
POSCAR_F6Mn2_4_st025,0.281241,0.28643923268816207
POSCAR_F6Mn2_4_st050,0.227225,0.27140907300763806
POSCAR_F6Mn2_4_st950,0.347385,0.33903847062316533
POSCAR_F6Mn2_4_st975,0.324333,0.3305388683369069
POSCAR_F6Mn2_4_x025,0.284003,0.3010614515039643
POSCAR_F6Mn2_4_x050,0.25624,0.28680807487764415
POSCAR_F6Mn2_4_x950,0.355257,0.31912423319214417
POSCAR_F6Mn2_4_x975,0.332731,0.31491554516825965
POSCAR_F6Mn2_4_y025,0.311035,0.3085957094924295
POSCAR_F6Mn2_4_y050,0.303624,0.29667788020600183
POSCAR_F6Mn2_4_y950,0.296187,0.3244711012257801
POSCAR_F6Mn2_4_y975,0.30399,0.32085640289008904
POSCAR_F6Mn2_4_z025,0.310752,0.30887141016420566
POSCAR_F6Mn2_4_z050,0.303156,0.29667788020600183
POSCAR_F6Mn2_4_z950,0.296662,0.3244711012257801
POSCAR_F6Mn2_4_z975,0.304265,0.32085640289008904
POSCAR_F6Mn2_5,0.304366,0.2695377986219988
POSCAR_F6Mn2_5_st025,0.251692,0.25440739628206116
POSCAR_F6Mn2_5_st050,0.18335,0.2447250279266171
POSCAR_F6Mn2_5_st950,0.391678,0.3070918129592897
POSCAR_F6Mn2_5_st975,0.348624,0.2911092841446451
POSCAR_F6Mn2_5_x025,0.300625,0.2683135625153346
POSCAR_F6Mn2_5_x050,0.415782,0.2649266695724446
POSCAR_F6Mn2_5_x950,0.313031,0.29852473077064545
POSCAR_F6Mn2_5_x975,0.309391,0.27974242900747315
POSCAR_F6Mn2_5_y025,0.287407,0.26992258200485814
POSCAR_F6Mn2_5_y050,0.267272,0.2733744060284421
POSCAR_F6Mn2_5_y950,0.335127,0.28339570402413844
POSCAR_F6Mn2_5_y975,0.319909,0.25900735507624617
POSCAR_F6Mn2_5_z025,0.273843,0.2558542305306105
POSCAR_F6Mn2_5_z050,0.237265,0.2626647642847567
POSCAR_F6Mn2_5_z950,0.353117,0.29636132584975405
POSCAR_F6Mn2_5_z975,0.330305,0.2818732795897424
POSCAR_F6Mo2_2,0.052113,0.13178824729299682
POSCAR_F6Mo2_2_st025,0.048822,0.13269000805212397
POSCAR_F6Mo2_2_st050,0.048616,0.14634633850048165
POSCAR_F6Mo2_2_st950,0.058617,0.12494844918470434
POSCAR_F6Mo2_2_st975,0.056937,0.11973351017890087
POSCAR_F6Mo2_2_x025,0.082268,0.14426662372889598
POSCAR_F6Mo2_2_x975,0.080152,0.14270095330310273
POSCAR_F6Mo2_2_y025,0.065224,0.14553766434504975
POSCAR_F6Mo2_2_y975,0.087729,0.1434761519570983
POSCAR_F6Mo2_2_z025,0.054119,0.14158915268940878
POSCAR_F6Mo2_2_z050,0.061962,0.1538543100398787
POSCAR_F6Mo2_2_z950,0.067844,0.14152889620032036
POSCAR_F6Mo2_2_z975,0.058834,0.13273524094779893
POSCAR_F6Mo2_3,0.094851,0.20554308994573578
POSCAR_F6Mo2_3_st025,0.086362,0.1971807896853961
POSCAR_F6Mo2_3_st050,0.081868,0.19718742149473878
POSCAR_F6Mo2_3_st950,0.137466,0.2171188895473604
POSCAR_F6Mo2_3_st975,0.11302,0.20997144759285571
POSCAR_F6Mo2_3_x025,0.090114,0.17881012014686373
POSCAR_F6Mo2_3_x050,0.086409,0.19539310490868006
POSCAR_F6Mo2_3_x950,0.09104,0.19767391916524993
POSCAR_F6Mo2_3_x975,0.094378,0.17817032664051957
POSCAR_F6Mo2_3_y025,0.089819,0.17877312573377288
POSCAR_F6Mo2_3_y050,0.086355,0.19531965096629494
POSCAR_F6Mo2_3_y950,0.091117,0.19767655423814728
POSCAR_F6Mo2_3_y975,0.094457,0.1781913397311182
POSCAR_F6Mo2_3_z025,0.089803,0.1916655368152711
POSCAR_F6Mo2_3_z050,0.085206,0.19362267075613657
POSCAR_F6Mo2_3_z950,0.105749,0.21429902689186292
POSCAR_F6Mo2_3_z975,0.100282,0.21182927607798044
POSCAR_F6Nb2_1,0.260821,0.08709121018936165
POSCAR_F6Nb2_1_st025,0.243064,0.08700823883594344
POSCAR_F6Nb2_1_st050,0.217704,0.09011624321109642
POSCAR_F6Pd2_1,0.222446,0.29362321705596073
POSCAR_F6Pd2_1_st025,0.202675,0.2741234280317309
POSCAR_F6Pd2_1_st050,0.275348,0.26704072125672695
POSCAR_F6Pd2_1_st950,0.228957,0.3396387862784291
POSCAR_F6Pd2_1_st975,0.284915,0.3232951226435205
POSCAR_F6Pd2_2,0.457163,0.30483890632339494
POSCAR_F6Pd2_2_st025,0.370287,0.295996362568098
POSCAR_F6Pd2_2_st050,0.299999,0.2938529727138796
POSCAR_F6Pd2_2_st950,0.639828,0.3353037114966401
POSCAR_F6Pd2_2_st975,0.54731,0.32316117088407237
POSCAR_F6Pd2_2_x025,0.439448,0.29639081306102816
POSCAR_F6Pd2_2_x050,0.417334,0.29340268488129884
POSCAR_F6Pd2_2_x950,0.481376,0.32026997122031314
POSCAR_F6Pd2_2_x975,0.471052,0.31359335080666395
POSCAR_F6Pd2_2_y025,0.414675,0.2960753504444458
POSCAR_F6Pd2_2_y050,0.369583,0.28447990839994497
POSCAR_F6Pd2_2_y950,0.535068,0.32434871014066596
POSCAR_F6Pd2_2_y975,0.497614,0.31918306439147454
POSCAR_F6Pd2_2_z025,0.425405,0.3069372044121438
POSCAR_F6Pd2_2_z050,0.392609,0.3040909635221232
POSCAR_F6Pd2_2_z950,0.514248,0.29532653231005446
POSCAR_F6Pd2_2_z975,0.48789,0.30617817034679645
POSCAR_F6Ru2_1,0.110024,0.23720929573134236
POSCAR_F6Ru2_1_st025,0.130467,0.2299008574759203
POSCAR_F6Ru2_1_st050,0.129569,0.2307270040429367
POSCAR_F6Ru2_1_st950,0.029317,0.24754710475356778
POSCAR_F6Ru2_1_st975,0.027542,0.24338005028422954
POSCAR_F6Ru2_1_x025,0.161666,0.24490966133630415
POSCAR_F6Ru2_1_y025,0.162713,0.24433687179479152
POSCAR_F6Ru2_1_z025,0.15039,0.23912186274317607
POSCAR_F6Ru2_1_z050,0.205619,0.24653321110820783
POSCAR_F6Ru2_1_z950,0.143853,0.2509271178748236
POSCAR_F6Ru2_1_z975,0.115443,0.24328302672614763
POSCAR_F6Ru2_2,0.297575,0.14688831485640524
POSCAR_F6Ru2_2_st025,0.272355,0.14837696653382915
POSCAR_F6Ru2_2_st050,0.256951,0.15220630427889337
POSCAR_F6Ru2_2_st950,0.367202,0.15615424251710314
POSCAR_F6Ru2_2_st975,0.333808,0.1431305566479646
POSCAR_F6Ru2_2_x025,0.275953,0.14154691174583864
POSCAR_F6Ru2_2_x050,0.261758,0.14043393173069207
POSCAR_F6Ru2_2_x950,0.339299,0.1568904207958931
POSCAR_F6Ru2_2_x975,0.318618,0.14830933317931552
POSCAR_F6Ru2_2_y025,0.301374,0.15669944168331335
POSCAR_F6Ru2_2_y050,0.303497,0.1669778643864767
POSCAR_F6Ru2_2_y950,0.341003,0.15838085556012763
POSCAR_F6Ru2_2_y975,0.318739,0.15008112099071905
POSCAR_F6Ru2_2_z025,0.299739,0.15804242500047963
POSCAR_F6Ru2_2_z050,0.301442,0.16702282274455385
POSCAR_F6Ru2_2_z950,0.34322,0.1586564848669816
POSCAR_F6Ru2_2_z975,0.320465,0.14814090986206843
POSCAR_F6Ti2_3,0.053368,0.09919938141166651
POSCAR_F6Ti2_3_st025,0.04457,0.09798466663072111
POSCAR_F6Ti2_3_st050,0.038114,0.09957585309251837
POSCAR_F6Ti2_3_st950,0.081511,0.10617686679508347
POSCAR_F6Ti2_3_st975,0.065241,0.10034480243314585
POSCAR_F6Ti2_3_x025,0.051925,0.09290168847643286
POSCAR_F6Ti2_3_x050,0.0504,0.08991521872116794
POSCAR_F6Ti2_3_x950,0.056445,0.09242613798964724
POSCAR_F6Ti2_3_x975,0.054842,0.09477894928246437
POSCAR_F6Ti2_3_y025,0.05038,0.09530570030716273
POSCAR_F6Ti2_3_y050,0.047166,0.0882855035115168
POSCAR_F6Ti2_3_y950,0.061271,0.09209785285637202
POSCAR_F6Ti2_3_y975,0.057201,0.09421810797479908
POSCAR_F6Ti2_3_z025,0.048424,0.09849465874015496
POSCAR_F6Ti2_3_z050,0.0438,0.09363591778963608
POSCAR_F6Ti2_3_z950,0.062433,0.0902078396531864
POSCAR_F6Ti2_3_z975,0.058755,0.09774617910128931
POSCAR_F6Ti2_4,0.053219,0.11989905464929673
POSCAR_F6Ti2_4_st025,0.043724,0.11939506355507866
POSCAR_F6Ti2_4_st050,0.036728,0.11590779375346462
POSCAR_F6Ti2_4_st950,0.082863,0.12442341676914569
POSCAR_F6Ti2_4_st975,0.065801,0.12046981128656839
POSCAR_F6Ti2_4_z025,0.060827,0.1251695833523135
POSCAR_F6Ti2_4_z050,0.064973,0.12755446489865427
POSCAR_F6Ti2_4_z950,0.045705,0.11325253187833463
POSCAR_F6Ti2_4_z975,0.04504,0.11227033256613943
POSCAR_F6Ti2_6,0.011503,0.11853979935183745
POSCAR_F6Ti2_6_st950,0.029379,0.14531119682354815
POSCAR_F6Ti2_6_st975,0.018946,0.13009659427888287
POSCAR_F6Ti2_6_z025,0.018539,0.11402416510740039
POSCAR_F6V2_1,0.062806,0.11710517810576324
POSCAR_F6V2_1_st025,0.064526,0.12031288330607667
POSCAR_F6V2_1_st050,0.106271,0.11998538937093367
POSCAR_F6V2_1_st975,0.066604,0.1121467226078658
POSCAR_F6V2_1_z025,0.075403,0.11807857316397664
POSCAR_F6V2_1_z050,0.085086,0.11778514398572935
POSCAR_F6V2_1_z950,0.058891,0.11709001188839459
POSCAR_F6V2_1_z975,0.065114,0.11790230135444918
POSCAR_F6V2_2,0.083563,0.13342683643716735
POSCAR_F6V2_2_st025,0.128444,0.12388944181192359
POSCAR_F6V2_2_st050,0.146712,0.1184640941886085
POSCAR_F6V2_2_st950,0.100358,0.14433208188024838
POSCAR_F6V2_2_st975,0.087927,0.1384295350091544
POSCAR_F6V2_2_x025,0.083547,0.12627097561404785
POSCAR_F6V2_2_x050,0.133017,0.11441512816795835
POSCAR_F6V2_2_x950,0.088794,0.13056440212515052
POSCAR_F6V2_2_x975,0.084662,0.1333274696160849
POSCAR_F6V2_2_y025,0.07599,0.12809042027772538
POSCAR_F6V2_2_y950,0.080503,0.14387230348478133
POSCAR_F6V2_2_y975,0.076656,0.13418854598911295
POSCAR_F6V2_2_z025,0.076383,0.12709159194171743
POSCAR_F6V2_2_z975,0.076156,0.13490625655375868
POSCAR_F6Zr2_2,0.052726,0.10989301036215458
POSCAR_F6Zr2_2_st025,0.03932,0.11548237647690758
POSCAR_F6Zr2_2_st050,0.028866,0.11730201178485451
POSCAR_F6Zr2_2_st950,0.093015,0.09957647223925652
POSCAR_F6Zr2_2_st975,0.070452,0.10276223736616857
POSCAR_F6Zr2_2_z025,0.048113,0.11200196883412182
POSCAR_F6Zr2_2_z050,0.050048,0.11253068837745353
POSCAR_F6Zr2_2_z950,0.067087,0.12135170742772093
POSCAR_F6Zr2_2_z975,0.061152,0.11472934702683371
POSCAR_F6Zr2_4,0.031449,0.22243893574790677
POSCAR_F6Zr2_4_st025,0.02609,0.21657030746927758
POSCAR_F6Zr2_4_st050,0.021832,0.21297909488969713
POSCAR_F6Zr2_4_st950,0.047639,0.23026861706056803
POSCAR_F6Zr2_4_st975,0.038416,0.22566275827592833
POSCAR_F6Zr2_4_x050,0.029004,0.26279741068249846
POSCAR_F6Zr2_4_x950,0.0327,0.22271510054885107
POSCAR_F6Zr2_4_x975,0.032291,0.22342330257177495
POSCAR_F6Zr2_4_y025,0.029376,0.22312520576977854
POSCAR_F6Zr2_4_y050,0.027122,0.21996068972067492
POSCAR_F6Zr2_4_y950,0.035112,0.2619212966759006
POSCAR_F6Zr2_4_y975,0.033425,0.2214074074406047
POSCAR_F6Zr2_4_z025,0.028325,0.2133597583201173
POSCAR_F6Zr2_4_z050,0.025284,0.21236215838130892
POSCAR_F6Zr2_4_z950,0.037187,0.2663290101336878
POSCAR_F6Zr2_4_z975,0.034464,0.2288235683082744
POSCAR_F8Mn2_1,0.211302,0.2755934551493327
POSCAR_F8Mn2_1_st025,0.197819,0.2749535462550084
POSCAR_F8Mn2_1_st050,0.174841,0.26968321982313914
POSCAR_F8Mn2_1_st950,0.183754,0.28238112594529235
POSCAR_F8Mn2_1_st975,0.259269,0.27674679409022973
POSCAR_F8Mn2_1_z025,0.205075,0.2796286559625304
POSCAR_F8Mn2_1_z050,0.188645,0.28137767020659177
POSCAR_F8Mn2_1_z950,0.197822,0.28426997624089445
POSCAR_F8Mn2_1_z975,0.214593,0.28129225788570905
POSCAR_F8Nb2_3,0.055362,0.19068337995373016
POSCAR_F8Nb2_3_st025,0.047892,0.18196442554081366
POSCAR_F8Nb2_3_st050,0.042285,0.17865365932654673
POSCAR_F8Nb2_3_st950,0.073882,0.19055951047011385
POSCAR_F8Nb2_3_st975,0.063556,0.1923092466419742
POSCAR_F8Nb2_3_z025,0.052194,0.18886522157766913
POSCAR_F8Nb2_3_z050,0.051058,0.18989842119283848
POSCAR_F8Nb2_3_z950,0.0638,0.1874386929074691
POSCAR_F8Nb2_3_z975,0.058388,0.18755298003581475
POSCAR_F8Ni2_1,0.296438,0.2352293075737539
POSCAR_F8Ni2_1_st025,0.329039,0.22708482665158092
POSCAR_F8Ni2_1_st050,0.305795,0.22159129707860645
POSCAR_F8Ni2_1_st950,0.261936,0.24433646294234074
POSCAR_F8Ni2_1_st975,0.243888,0.24065034596282944
POSCAR_F8Ni2_1_z025,0.295774,0.23047872924267068
POSCAR_F8Ni2_1_z050,0.282403,0.2317110235055321
POSCAR_F8Ni2_1_z950,0.291805,0.24387188015029856
POSCAR_F8Ni2_1_z975,0.297299,0.23971449693729907
POSCAR_F8V2_1,0.159775,0.1739523646394114
POSCAR_F8V2_1_st025,0.153575,0.16185129108151733
POSCAR_F8V2_1_st050,0.148281,0.13474893458963852
POSCAR_F8V2_1_st950,0.182574,0.19112364727035172
POSCAR_F8V2_1_st975,0.169177,0.1861969574410704
POSCAR_F8V2_1_z025,0.160037,0.169242558496666
POSCAR_F8V2_1_z050,0.160604,0.1616796957946308
POSCAR_F8V2_1_z950,0.160103,0.17996529240009598
POSCAR_F8V2_1_z975,0.159814,0.17685599253639078
POSCAR_Fe2Ga5_1,0.013193,0.02695235107087578
POSCAR_Fe2Ga5_1_st975,0.01726,0.02950184205612932
POSCAR_Fe2Ga5_1_x025,0.030495,0.027762880024089005
POSCAR_Fe2Ga5_1_x050,0.008414,0.026673920980132697
POSCAR_Fe2Ga5_1_x950,0.009929,0.031750761954019616
POSCAR_Fe2Ga5_1_x975,0.011001,0.026916431142918286
POSCAR_Fe2Ga5_1_y025,0.015222,0.028233368828368615
POSCAR_Fe2Ga5_1_y050,0.006595,0.03170153760031632
POSCAR_Fe2Ga5_1_y950,0.006837,0.029226801869430063
POSCAR_Fe2Ga5_1_y975,0.027718,0.02751526866042511
POSCAR_Fe2Ga5_1_z025,0.006917,0.02558601850077388
POSCAR_Fe2Ga5_1_z050,0.004392,0.03021034367192465
POSCAR_Fe2Ga5_1_z950,0.006575,0.03366816349291354
POSCAR_Fe2Ga5_1_z975,0.011075,0.028249669656915284
POSCAR_Fe2Ge1_1,0.033693,0.05654537221043261
POSCAR_Fe2Ge1_1_st025,0.032183,0.05953709008394103
POSCAR_Fe2Ge1_1_st050,0.029721,0.06219199477762742
POSCAR_Fe2Ge1_1_st950,0.035676,0.048423915914828156
POSCAR_Fe2Ge1_1_st975,0.035315,0.05178076524390449
POSCAR_Fe2Ge1_1_x025,0.029778,0.056633170601082694
POSCAR_Fe2Ge1_1_x050,0.029667,0.058363707027167644
POSCAR_Fe2Ge1_1_x950,0.026226,0.05037237594916958
POSCAR_Fe2Ge1_1_x975,0.03074,0.05101029725599468
POSCAR_Fe2Ge1_1_y025,0.030725,0.0560353504268027
POSCAR_Fe2Ge1_1_y050,0.034187,0.05602560782602817
POSCAR_Fe2Ge1_1_y950,0.024975,0.05113175422197964
POSCAR_Fe2Ge1_1_y975,0.029755,0.05110097886670597
POSCAR_Fe2Ge1_1_z025,0.026456,0.055731589789202125
POSCAR_Fe2Ge1_1_z050,0.021978,0.05413382022978782
POSCAR_Fe2Ge1_1_z950,0.045156,0.05367894243611412
POSCAR_Fe2Ge1_1_z975,0.03965,0.05440618518842702
POSCAR_Fe2Ge1_2,0.016406,0.09209722144374012
POSCAR_Fe2Ge1_2_st025,0.015644,0.09309105338411777
POSCAR_Fe2Ge1_2_st050,0.014895,0.09050112170097768
POSCAR_Fe2Ge1_2_x050,0.018319,0.09204102413041745
POSCAR_Fe2Ge1_2_x950,0.018879,0.0965880942566691
POSCAR_Fe2Ge1_2_x975,0.017839,0.09398806038969662
POSCAR_Fe2Ge1_2_y025,0.015398,0.09644326546521434
POSCAR_Fe2Ge1_2_y950,0.017769,0.08062831076419602
POSCAR_Fe2Ge1_2_y975,0.019666,0.09203504780187785
POSCAR_Fe2Ge1_2_z025,0.017105,0.09227536853081789
POSCAR_Fe2Ge1_2_z050,0.018413,0.0920532850528972
POSCAR_Fe2Ge2_1,0.967852,0.6260143694632969
POSCAR_Fe2Ge2_1_st025,0.77872,0.6530010734962893
POSCAR_Fe2Ge2_1_st050,0.593408,0.6186193664594144
POSCAR_Fe2Ge2_1_st950,0.933279,0.4783958675748789
POSCAR_Fe2Ge2_1_st975,0.858752,0.5725775304173462
POSCAR_Fe2Ge2_1_x025,0.896476,0.8024724869912127
POSCAR_Fe2Ge2_1_x050,0.861764,0.8110858485763327
POSCAR_Fe2Ge2_1_x950,1.004804,0.758484563798598
POSCAR_Fe2Ge2_1_x975,0.854645,0.8170380566908196
POSCAR_Fe2Ge2_1_y025,0.896932,0.8039105585124352
POSCAR_Fe2Ge2_1_y050,0.861249,0.8106412283165441
POSCAR_Fe2Ge2_1_y950,1.004193,0.7596745824869089
POSCAR_Fe2Ge2_1_y975,0.853975,0.8172074356512229
POSCAR_Fe2Ge2_1_z025,0.707259,0.6377269401928165
POSCAR_Fe2Ge2_1_z050,0.709558,0.6490232914256856
POSCAR_Fe2Ge2_1_z950,1.009287,0.46026474627055447
POSCAR_Fe2Ge2_1_z975,0.990163,0.6334029777860876
POSCAR_Fe2Ge4_2,0.03755,0.03161361861573036
POSCAR_Fe2Ge4_2_st025,0.02147,0.03165431925162448
POSCAR_Fe2Ge4_2_x950,0.002911,0.020316991376597943
POSCAR_Fe2Ge4_2_x975,0.006958,0.019896911798861036
POSCAR_Fe2Ge4_2_y975,0.015987,0.020193622970965223
POSCAR_Fe2Ge4_2_z025,0.013674,0.020302441720520058
POSCAR_Fe2Ge4_2_z950,0.006149,0.0204092099062503
POSCAR_Fe2I4_1,0.229477,0.14507952889091946
POSCAR_Fe2I4_1_st025,0.196622,0.1486608160324641
POSCAR_Fe2I4_1_st050,0.197388,0.15424591814638733
POSCAR_Fe2I4_1_st950,0.26021,0.1461055667693412
POSCAR_Fe2I4_1_st975,0.238382,0.144855744582619
POSCAR_Fe2I4_1_x025,0.223218,0.14532201616125412
POSCAR_Fe2I4_1_x050,0.217395,0.14939791686890036
POSCAR_Fe2I4_1_x950,0.235387,0.14991310692727822
POSCAR_Fe2I4_1_x975,0.233035,0.14345144464450454
POSCAR_Fe2I4_1_y025,0.223375,0.14568572790207282
POSCAR_Fe2I4_1_y050,0.217546,0.149331935166239
POSCAR_Fe2I4_1_y950,0.233503,0.14981917904150122
POSCAR_Fe2I4_1_y975,0.233494,0.14356746740834397
POSCAR_Fe2I4_1_z025,0.22132,0.14721776402851056
POSCAR_Fe2I4_1_z050,0.20871,0.14785055448730733
POSCAR_Fe2I4_1_z950,0.222561,0.15059179305120662
POSCAR_Fe2I4_1_z975,0.225407,0.14694236272533312
POSCAR_Fe2N2_1,0.259577,0.3954489692355473
POSCAR_Fe2N2_1_st025,0.2213,0.38797777792066995
POSCAR_Fe2N2_1_st050,0.18655,0.3600145001505716
POSCAR_Fe2N2_1_st950,0.346473,0.46484126298967304
POSCAR_Fe2N2_1_st975,0.301316,0.41456865755943173
POSCAR_Fe2N2_1_x025,0.237276,0.3867885713989895
POSCAR_Fe2N2_1_x050,0.222323,0.4019673416546305
POSCAR_Fe2N2_1_x950,0.335378,0.40966557041359364
POSCAR_Fe2N2_1_x975,0.296746,0.3943430273070511
POSCAR_Fe2N2_1_y025,0.235468,0.3869155208301903
POSCAR_Fe2N2_1_y050,0.220317,0.4022913140178149
POSCAR_Fe2N2_1_y950,0.337073,0.4090711874408809
POSCAR_Fe2N2_1_y975,0.298456,0.3938998300398002
POSCAR_Fe2N2_1_z025,0.27759,0.39274017210192586
POSCAR_Fe2N2_1_z050,0.29129,0.3838166899462864
POSCAR_Fe2N2_1_z950,0.220171,0.413754279812838
POSCAR_Fe2N2_1_z975,0.23667,0.4133053464383766
POSCAR_Fe2O2_8,0.885788,0.8410028607427817
POSCAR_Fe2O2_8_st025,0.788144,0.8637343411580843
POSCAR_Fe2O2_8_st050,0.813401,0.8771272802066321
POSCAR_Fe2O2_8_st950,1.097725,0.8167850655455027
POSCAR_Fe2O2_8_st975,0.989544,0.8345466015169748
POSCAR_Fe2O2_8_z025,0.880531,0.8550863590834737
POSCAR_Fe2O2_8_z050,0.846462,0.8364009015755263
POSCAR_Fe2O2_8_z950,0.896546,0.7548479426352955
POSCAR_Fe2O2_8_z975,0.872848,0.798338011239581
POSCAR_Fe2P2_1,1.124083,0.7274914359058939
POSCAR_Fe2P2_1_st025,1.345244,0.755348280903106
POSCAR_Fe2P2_1_st050,1.448071,0.8178327695600658
POSCAR_Fe2P2_1_st950,0.71169,0.6487373111348765
POSCAR_Fe2P2_1_x025,1.205387,0.7573286663210727
POSCAR_Fe2P2_1_x050,1.387792,0.790000353381834
POSCAR_Fe2P2_1_x975,1.028874,0.7176114403976448
POSCAR_Fe2P2_1_y025,1.206184,0.7581769987404801
POSCAR_Fe2P2_1_z025,1.129257,0.7341253616719716
POSCAR_Fe2P2_1_z050,1.23177,0.7322970758568452
POSCAR_Fe2P2_3,0.464446,0.27910918926971734
POSCAR_Fe2P2_3_st025,0.3371,0.28438491314892284
POSCAR_Fe2P2_3_st050,0.237309,0.2833276891012673
POSCAR_Fe2P2_3_st950,0.633067,0.27324916455870124
POSCAR_Fe2P2_3_st975,0.589359,0.278389114233607
POSCAR_Fe2P2_3_x025,0.403457,0.2778521278457269
POSCAR_Fe2P2_3_x050,0.354218,0.28788561828695597
POSCAR_Fe2P2_3_x950,0.555201,0.31564320525623196
POSCAR_Fe2P2_3_x975,0.519643,0.28501818351434643
POSCAR_Fe2P2_3_y025,0.402897,0.27777278731573135
POSCAR_Fe2P2_3_y050,0.355292,0.2875782757377273
POSCAR_Fe2P2_3_y950,0.555913,0.31332136991309245
POSCAR_Fe2P2_3_y975,0.520607,0.28523417109378835
POSCAR_Fe2P2_3_z025,0.4473,0.29244576608657075
POSCAR_Fe2P2_3_z050,0.4347,0.3213882586085657
POSCAR_Fe2P2_3_z950,0.508691,0.27621512155407973
POSCAR_Fe2P2_3_z975,0.48605,0.2731657264152318
POSCAR_Fe2P4_1,0.697066,0.6225936196161157
POSCAR_Fe2P4_1_st025,0.52792,0.6169567894115657
POSCAR_Fe2P4_1_y025,0.721628,0.6142275029355827
POSCAR_Fe2P4_1_y975,0.686877,0.6335761388860448
POSCAR_Fe2P4_1_z025,0.643531,0.648146824333572
POSCAR_Fe2P4_1_z050,0.589619,0.7115002892239819
POSCAR_Fe2P5_1,0.574925,0.4803903592662186
POSCAR_Fe2P5_1_st025,0.553404,0.48190456506088286
POSCAR_Fe2P5_1_st975,0.612996,0.4791120143702273
POSCAR_Fe2P6_2,0.565112,0.5896979750478036
POSCAR_Fe2P6_2_st025,0.56676,0.6328982573231041
POSCAR_Fe2P6_2_st950,0.571684,0.5863105480716528
POSCAR_Fe2P6_2_st975,0.545802,0.5884219627505205
POSCAR_Fe2P6_2_z025,0.562025,0.6391316282992194
POSCAR_Fe2P6_2_z975,0.509917,0.5739383640569959
POSCAR_Fe2P8_1,1.011183,0.6232664492766751
POSCAR_Fe2P8_1_st025,0.925677,0.630454757142359
POSCAR_Fe2P8_1_st050,0.857658,0.6374463934962727
POSCAR_Fe2P8_1_st975,1.145645,0.6112309800348906
POSCAR_Fe2P8_1_x025,1.00309,0.6489159186145845
POSCAR_Fe2P8_1_x050,1.000337,0.7511551058077605
POSCAR_Fe2P8_1_x950,0.9856,0.6293735916229476
POSCAR_Fe2P8_1_x975,1.000008,0.6245210354410737
POSCAR_Fe2P8_1_y025,0.939211,0.673089791647964
POSCAR_Fe2P8_1_y050,0.925572,0.7827306936039238
POSCAR_Fe2P8_1_y950,1.023402,0.5954149304358767
POSCAR_Fe2P8_1_y975,1.047139,0.5927186038045618
POSCAR_Fe2P8_1_z025,0.990514,0.5952051950780942
POSCAR_Fe2P8_1_z050,0.906559,0.5661175247960962
POSCAR_Fe2P8_1_z950,1.05317,0.7735174406402886
POSCAR_Fe2P8_1_z975,1.050953,0.7385149031955712
POSCAR_Fe2Pb2_1,0.016176,0.028377176272711482
POSCAR_Fe2Pb2_1_st025,0.014288,0.047714584446434116
POSCAR_Fe2Pb2_1_st050,0.013964,0.04736710038457795
POSCAR_Fe2Pb2_1_st950,0.017057,0.018030371090826128
POSCAR_Fe2Pb2_1_x025,0.015253,0.027272211047103742
POSCAR_Fe2Pb2_1_x050,0.014857,0.016939936205946925
POSCAR_Fe2Pb2_1_x950,0.017254,0.0496998946570173
POSCAR_Fe2Pb2_1_x975,0.014572,0.048282070112102275
POSCAR_Fe2Pb2_1_y025,0.01522,0.017090978382291056
POSCAR_Fe2Pb2_1_y050,0.015241,0.01621128550430513
POSCAR_Fe2Pb2_1_y950,0.018215,0.05082374976957558
POSCAR_Fe2Pb2_1_y975,0.014636,0.049198100777999756
POSCAR_Fe2Pb2_1_z025,0.014705,0.04998992498957385
POSCAR_Fe2Pb2_1_z050,0.014618,0.03202977115593692
POSCAR_Fe2Pb2_1_z950,0.016248,0.014317481935017275
POSCAR_Fe2Pb2_1_z975,0.014827,0.016193731164366457
POSCAR_Fe2Pb4_2,0.016761,0.014069723107779599
POSCAR_Fe2Pb4_2_st025,0.013393,0.01369351289881125
POSCAR_Fe2Pb4_2_st050,0.011078,0.013325260866681113
POSCAR_Fe2Pb4_2_st950,0.018192,0.01328922545212594
POSCAR_Fe2Pb4_2_st975,0.016739,0.014167647673060524
POSCAR_Fe2Pb4_2_x025,0.015081,0.01440473933553421
POSCAR_Fe2Pb4_2_x050,0.014015,0.015131638626897278
POSCAR_Fe2Pb4_2_x950,0.015249,0.015200024357942156
POSCAR_Fe2Pb4_2_x975,0.017851,0.01446176839664239
POSCAR_Fe2Pb4_2_y025,0.015573,0.01474805196854653
POSCAR_Fe2Pb4_2_y050,0.014791,0.015246605427493468
POSCAR_Fe2Pb4_2_y950,0.016154,0.014077114118345923
POSCAR_Fe2Pb4_2_y975,0.016779,0.014097586702717721
POSCAR_Fe2Pb4_2_z025,0.01749,0.013963333572366093
POSCAR_Fe2Pb4_2_z050,0.018749,0.013987470100822118
POSCAR_Fe2Pb4_2_z950,0.01814,0.015479939101572504
POSCAR_Fe2Pb4_2_z975,0.016326,0.015229692731221699
POSCAR_Fe2S4_1,0.440052,0.5313919368159491
POSCAR_Fe2S4_1_st025,0.443936,0.5114783519531378
POSCAR_Fe2S4_1_st050,0.444133,0.4875887339841221
POSCAR_Fe2S4_1_st950,0.481423,0.544323632539594
POSCAR_Fe2S4_1_st975,0.435414,0.5479002209057592
POSCAR_Fe2S4_1_x025,0.453503,0.5487202508762538
POSCAR_Fe2S4_1_x050,0.46693,0.5519814035036866
POSCAR_Fe2S4_1_x950,0.419424,0.5251690444606711
POSCAR_Fe2S4_1_x975,0.426688,0.5283270241544028
POSCAR_Fe2S4_1_y025,0.427789,0.5441513381887365
POSCAR_Fe2S4_1_y050,0.418656,0.5241213199498338
POSCAR_Fe2S4_1_y950,0.478339,0.5423515883534389
POSCAR_Fe2S4_1_y975,0.456598,0.5335370668520212
POSCAR_Fe2S4_1_z025,0.444037,0.5178003843391604
POSCAR_Fe2S4_1_z050,0.443206,0.5129994046068992
POSCAR_Fe2S4_1_z950,0.46549,0.6147119627149612
POSCAR_Fe2S4_1_z975,0.433768,0.5852786771729983
POSCAR_Fe2Se2_1,0.783086,0.8911535488750678
POSCAR_Fe2Se2_1_st025,0.695129,0.8477907274529041
POSCAR_Fe2Se2_1_st050,0.618414,0.8263334819103313
POSCAR_Fe2Se2_1_st950,0.975839,0.9736252101164052
POSCAR_Fe2Se2_1_st975,0.877149,0.9258560022371083
POSCAR_Fe2Se2_1_x025,0.792916,0.9214931418111806
POSCAR_Fe2Se2_1_x950,0.827462,0.9500774176616816
POSCAR_Fe2Se2_1_x975,0.810135,0.9340549741686072
POSCAR_Fe2Se2_1_y025,0.793546,0.9222434993194643
POSCAR_Fe2Se2_1_y050,0.70893,0.9390194989779073
POSCAR_Fe2Se2_1_y950,0.820531,0.9491293035034488
POSCAR_Fe2Se2_1_y975,0.809219,0.933619800082481
POSCAR_Fe2Se2_1_z025,0.772098,0.8514379154608215
POSCAR_Fe2Se2_1_z050,0.632281,0.8243486763566842
POSCAR_Fe2Se2_1_z950,0.821582,0.9604250986253802
POSCAR_Fe2Se2_1_z975,0.86069,0.9253247357478737
POSCAR_Fe2Se4_1,0.463144,0.4177404466481249
POSCAR_Fe2Se4_1_st025,0.451868,0.4062908904729117
POSCAR_Fe2Se4_1_st050,0.400561,0.39983347640348094
POSCAR_Fe2Se4_1_st950,0.429921,0.46489513507898167
POSCAR_Fe2Se4_1_st975,0.453523,0.4346610944450571
POSCAR_Fe2Se4_1_x025,0.465244,0.4469878106687377
POSCAR_Fe2Se4_1_x050,0.464712,0.45861544791980025
POSCAR_Fe2Se4_1_x950,0.464481,0.41363595588914864
POSCAR_Fe2Se4_1_x975,0.462569,0.4129591958207352
POSCAR_Fe2Se4_1_y025,0.441982,0.4114769353190837
POSCAR_Fe2Se4_1_y050,0.425202,0.4162584758994649
POSCAR_Fe2Se4_1_y950,0.499109,0.45095408298425427
POSCAR_Fe2Se4_1_y975,0.487885,0.4309107996849104
POSCAR_Fe2Se4_1_z025,0.456044,0.40463889589213964
POSCAR_Fe2Se4_1_z050,0.412051,0.4021489437448812
POSCAR_Fe2Se4_1_z950,0.406915,0.5048269194753784
POSCAR_Fe2Se4_1_z975,0.435,0.4546826852105066
POSCAR_Fe2Se8_1,0.010332,0.02905843127423429
POSCAR_Fe2Se8_1_st950,0.011152,0.030524325879905827
POSCAR_Fe2Se8_1_st975,0.010772,0.029888980602114822
POSCAR_Fe2Se8_1_x025,0.011136,0.0298170109055704
POSCAR_Fe2Se8_1_x050,0.009204,0.030268667953362978
POSCAR_Fe2Se8_1_x950,0.012343,0.029347909005306164
POSCAR_Fe2Se8_1_x975,0.011887,0.028972496208866154
POSCAR_Fe2Se8_1_y025,0.010178,0.027315658424914454
POSCAR_Fe2Se8_1_y050,0.010682,0.02799496761356951
POSCAR_Fe2Se8_1_y975,0.01063,0.02696338252347525
POSCAR_Fe2Se8_1_z025,0.010983,0.026728781290110533
POSCAR_Fe2Se8_1_z050,0.012213,0.027966870706523532
POSCAR_Fe2Se8_1_z975,0.010115,0.02752390678073961
POSCAR_Fe2Si2_3,0.663874,0.411598301003437
POSCAR_Fe2Si2_3_st025,0.885518,0.3957779848057756
POSCAR_Fe2Si2_3_st050,1.148281,0.4057817672307453
POSCAR_Fe2Si2_3_st950,0.387522,0.4531696124552958
POSCAR_Fe2Si2_3_st975,0.482542,0.41237264431593756
POSCAR_Fe2Si2_3_x025,0.75042,0.4583378023859249
POSCAR_Fe2Si2_3_x050,0.892828,0.48682857822936065
POSCAR_Fe2Si2_3_x950,0.526684,0.4907967292062003
POSCAR_Fe2Si2_3_x975,0.596603,0.4645846883389474
POSCAR_Fe2Si2_3_y025,0.764984,0.4698588581243046
POSCAR_Fe2Si2_3_y050,0.91,0.4946603435814116
POSCAR_Fe2Si2_3_y950,0.556485,0.4811162694256035
POSCAR_Fe2Si2_3_y975,0.586776,0.4555948109031368
POSCAR_Fe2Si2_3_z025,0.749432,0.39110771508745196
POSCAR_Fe2Si2_3_z050,0.847995,0.3832411128096834
POSCAR_Fe2Si2_3_z950,0.543913,0.46697263696670605
POSCAR_Fe2Si2_3_z975,0.562156,0.4204075995094315
POSCAR_Fe2Si2_4,0.021775,0.023551439427228572
POSCAR_Fe2Si2_4_st025,0.018361,0.02510863030096184
POSCAR_Fe2Si2_4_x050,0.002876,0.025277038899929972
POSCAR_Fe2Si2_4_x950,0.002862,0.024789694670835697
POSCAR_Fe2Si2_4_y025,0.023373,0.024348190841850706
POSCAR_Fe2Si2_4_y050,0.00272,0.025042302329653748
POSCAR_Fe2Si2_4_y950,0.002885,0.024698752521436385
POSCAR_Fe2Si2_4_y975,0.00964,0.023971689854942146
POSCAR_Fe2Si2_4_z025,0.004747,0.024697266972376803
POSCAR_Fe2Si2_4_z050,0.007635,0.024996235059351474
POSCAR_Fe2Si2_4_z975,0.010075,0.022966815484669167
POSCAR_Fe2Sn10_2,0.017378,0.028664159477756957
POSCAR_Fe2Sn10_2_st025,0.010209,0.026536894288095955
POSCAR_Fe2Sn10_2_st975,0.011509,0.028724477494256922
POSCAR_Fe2Sn10_2_x025,0.00447,0.024451979173870132
POSCAR_Fe2Sn10_2_x950,0.004398,0.025508549095847984
POSCAR_Fe2Sn10_2_x975,0.052604,0.025211773182141878
POSCAR_Fe2Sn10_2_y025,0.00932,0.024430231757465958
POSCAR_Fe2Sn10_2_y050,0.011328,0.024096172128877803
POSCAR_Fe2Sn10_2_y950,0.009996,0.02525023947402443
POSCAR_Fe2Sn10_2_y975,0.016967,0.024992115004827613
POSCAR_Fe2Sn10_2_z025,0.00716,0.024178483542964504
POSCAR_Fe2Sn10_2_z050,0.006084,0.024971211042676668
POSCAR_Fe2Sn10_2_z950,0.010409,0.02484354001963159
POSCAR_Fe2Sn2_1,0.907674,0.9177125569508748
POSCAR_Fe2Sn2_1_st050,0.625562,0.881195100025265
POSCAR_Fe2Sn2_1_st975,1.063757,0.8083059031791888
POSCAR_Fe2Sn2_1_z025,0.854956,0.9034757819756863
POSCAR_Fe2Sn2_1_z950,1.214414,0.7794721685605187
POSCAR_Fe2Sn3_1,0.031105,0.019234369855173947
POSCAR_Fe2Sn3_1_st025,0.032701,0.018371480098418904
POSCAR_Fe2Sn3_1_st050,0.033459,0.01791465027076727
POSCAR_Fe2Sn3_1_st975,0.024752,0.019440030805493027
POSCAR_Fe2Sn3_1_x025,0.026797,0.02039338736483323
POSCAR_Fe2Sn3_1_x050,0.02625,0.028144577056231957
POSCAR_Fe2Sn3_1_x975,0.038668,0.019483255975997444
POSCAR_Fe2Sn3_1_y025,0.077003,0.019264033958599804
POSCAR_Fe2Sn3_1_y050,0.038503,0.01977392939596528
POSCAR_Fe2Sn3_1_y975,0.024814,0.01979699975437477
POSCAR_Fe2Sn3_1_z025,0.02949,0.018379749561064362
POSCAR_Fe2Sn3_1_z050,0.031457,0.018563363809054125
POSCAR_Fe2Sn3_1_z950,0.031952,0.020633150406340655
POSCAR_Fe2Sn3_1_z975,0.02595,0.019631851769207412
POSCAR_Fe2Sn4_3,0.65794,0.48505699510540456
POSCAR_Fe2Sn4_3_st025,0.621082,0.48132980885479054
POSCAR_Fe2Sn4_3_st050,0.585978,0.4740693909643425
POSCAR_Fe2Sn4_3_st950,0.750705,0.48501254288753154
POSCAR_Fe2Sn4_3_st975,0.696606,0.48543481742746775
POSCAR_Fe2Sn4_3_x025,0.623912,0.46869781308271535
POSCAR_Fe2Sn4_3_x050,0.593179,0.4432946122287018
POSCAR_Fe2Sn4_3_x950,0.723683,0.5558789772060115
POSCAR_Fe2Sn4_3_x975,0.692788,0.537104830840199
POSCAR_Fe2Sn4_3_y025,0.620565,0.5138350658929287
POSCAR_Fe2Sn4_3_y050,0.580182,0.5274169835320839
POSCAR_Fe2Sn4_3_y950,0.744264,0.5027550233317014
POSCAR_Fe2Sn4_3_y975,0.702621,0.5015031742451591
POSCAR_Fe2Sn4_3_z025,0.688777,0.518627264936656
POSCAR_Fe2Sn4_3_z050,0.709362,0.5413948939504784
POSCAR_Fe2Sn4_3_z950,0.569504,0.436378686178533
POSCAR_Fe2Sn4_3_z975,0.618607,0.4719623196238308
POSCAR_Fe2Sn8_2,0.014349,0.03164806684533026
POSCAR_Fe2Sn8_2_st025,0.010924,0.04097202022368269
POSCAR_Fe2Sn8_2_x025,0.010574,0.036914393300205114
POSCAR_Fe2Sn8_2_x950,0.008603,0.03077975454663686
POSCAR_Fe2Sn8_2_x975,0.007351,0.03277160745869897
POSCAR_Fe2Sn8_2_y950,0.011299,0.030498940886007672
POSCAR_Fe2Sn8_2_y975,0.006448,0.032653064452601
POSCAR_Fe2Sn8_2_z025,0.005729,0.04070440872244705
POSCAR_Fe2Sn8_2_z050,0.008494,0.046900687410998704
POSCAR_Fe2Sn8_2_z950,0.099564,0.03625232695424799
POSCAR_Fe2Sn8_2_z975,0.006726,0.03693225285306119
POSCAR_Fe2Te2_1,0.928636,0.867485410671789
POSCAR_Fe2Te2_1_st025,0.794361,0.8307493226050324
POSCAR_Fe2Te2_1_st050,0.67724,0.7931555560208373
POSCAR_Fe2Te2_1_st950,1.231977,0.9043648094830955
POSCAR_Fe2Te2_1_st975,1.060975,0.878864888224277
POSCAR_Fe2Te2_1_x025,0.937695,0.8833994022501294
POSCAR_Fe2Te2_1_x050,0.950267,0.919503957167224
POSCAR_Fe2Te2_1_y025,0.852307,0.8732655131361341
POSCAR_Fe2Te2_1_y950,1.081198,0.8787124996722477
POSCAR_Fe2Te2_1_y975,1.012211,0.8740867393637872
POSCAR_Fe2Te2_1_z025,0.854222,0.84053122032309
POSCAR_Fe2Te2_1_z050,0.763478,0.8137060698820313
POSCAR_Fe2Te2_1_z950,1.033696,0.9815884327914605
POSCAR_Fe2Te2_1_z975,0.985148,0.8916356357768307
POSCAR_Fe2Te4_1,0.362934,0.5050329129072233
POSCAR_Fe2Te4_1_st025,0.357061,0.4963384130331609
POSCAR_Fe2Te4_1_st050,0.30419,0.4848648984034088
POSCAR_Fe2Te4_1_st950,0.530094,0.5098584789088676
POSCAR_Fe2Te4_1_st975,0.411459,0.5084247634611758
POSCAR_Fe2Te4_1_x025,0.344566,0.5419997981297205
POSCAR_Fe2Te4_1_x050,0.329021,0.5602306456770647
POSCAR_Fe2Te4_1_x950,0.434914,0.4623456298665252
POSCAR_Fe2Te4_1_x975,0.396656,0.48896818135276215
POSCAR_Fe2Te4_1_y025,0.342595,0.49022320520641527
POSCAR_Fe2Te4_1_y050,0.381224,0.4826485541328331
POSCAR_Fe2Te4_1_y950,0.489238,0.5370618783560878
POSCAR_Fe2Te4_1_y975,0.396082,0.522240717003117
POSCAR_Fe2Te4_1_z025,0.378912,0.492481823166893
POSCAR_Fe2Te4_1_z050,0.431177,0.4978602264015032
POSCAR_Fe2Te4_1_z950,0.37669,0.5853835952233564
POSCAR_Fe2Te4_1_z975,0.355334,0.5501490494944807
POSCAR_Fe2Te6_1,0.561462,0.5422738026298115
POSCAR_Fe2Te6_1_x025,0.524063,0.5407656123149283
POSCAR_Fe2Tl3_1,0.014976,0.018561200883285504
POSCAR_Fe2Tl3_1_st050,0.011719,0.017993336699000027
POSCAR_Fe2Tl3_1_st950,0.013138,0.01837659756770109
POSCAR_Fe2Tl3_1_st975,0.012752,0.018077326888856573
POSCAR_Fe2Tl3_1_x050,0.014245,0.018043695886736044
POSCAR_Fe2Tl3_1_x975,0.013005,0.019293443566069223
POSCAR_Fe2Tl3_1_y025,0.013808,0.018976392149242963
POSCAR_Fe2Tl3_1_y950,0.012803,0.018039642319712102
POSCAR_Fe2Tl3_1_y975,0.016797,0.018512879458154694
POSCAR_Fe2Tl3_1_z025,0.01172,0.01853129177425017
POSCAR_Fe2Tl3_1_z050,0.013494,0.01810974432425923
POSCAR_Fe2Tl3_1_z950,0.014759,0.019062061546249152
POSCAR_Fe2Tl3_1_z975,0.014278,0.019168202661487783
POSCAR_Ga2Ru2_4,0.296751,0.30779229696284904
POSCAR_Ga2Ru2_4_st025,0.243899,0.31696807811744476
POSCAR_Ga2Ru2_4_x025,0.284841,0.3014679450862996
POSCAR_Ga2Ru2_4_x050,0.255782,0.3173070431498211
POSCAR_Ga2Ru2_4_x950,0.340839,0.2889273867238637
POSCAR_Ga2Ru2_4_x975,0.271386,0.2715366250562127
POSCAR_Ga2Ru2_4_y025,0.285189,0.30162336518474736
POSCAR_Ga2Ru2_4_y050,0.25587,0.3177129779738017
POSCAR_Ga2Ru2_4_y950,0.340509,0.2781432309739629
POSCAR_Ga2Ru2_4_y975,0.271766,0.271904349133945
POSCAR_Ga2Ru2_4_z025,0.315792,0.2962457807712425
POSCAR_Ga2Ru2_4_z975,0.184252,0.3036360189882795
POSCAR_Ga4Ti2_1,0.017872,0.037377600952016275
POSCAR_Ge2Mn2_2,0.872173,0.7541366357443633
POSCAR_Ge2Mn2_2_st025,0.711603,0.7370817689595075
POSCAR_Ge2Mn2_2_st050,0.570749,0.7221126166785994
POSCAR_Ge2Mn2_2_st950,1.305334,0.8242047216075454
POSCAR_Ge2Mn2_2_st975,1.011471,0.7885269814735829
POSCAR_Ge2Mn2_2_x025,0.845483,0.7649677607502449
POSCAR_Ge2Mn2_2_x050,0.818675,0.7854135007064145
POSCAR_Ge2Mn2_2_x975,0.974748,0.7657109204165192
POSCAR_Ge2Mn2_2_y025,0.848769,0.7615113492034772
POSCAR_Ge2Mn2_2_y050,0.821548,0.7852346407158451
POSCAR_Ge2Mn2_2_y950,1.057417,0.7920413054501163
POSCAR_Ge2Mn2_2_y975,0.970199,0.7681641322194124
POSCAR_Ge2Mn2_2_z025,0.8239,0.7360515077095079
POSCAR_Ge2Mn2_2_z950,0.788916,0.8012437847886955
POSCAR_Ge2Mn2_2_z975,0.754696,0.7800380612318908
POSCAR_Ge2Mn2_3,0.099559,0.1571495202435801
POSCAR_Ge2Mn2_3_st025,0.092829,0.14869720817232213
POSCAR_Ge2Mn2_3_st975,0.09481,0.16348450086627983
POSCAR_Ge2Mn2_3_x950,0.10182,0.16280953531558368
POSCAR_Ge2Mn2_3_x975,0.095609,0.16646004390459318
POSCAR_Ge2Mn2_3_y050,0.090781,0.15784610776504499
POSCAR_Ge2Mn2_3_y975,0.109442,0.16420734012981078
POSCAR_Ge2Mn2_3_z975,0.098331,0.15659130186960932
POSCAR_Ge2Mo2_2,0.569971,0.39973033903541466
POSCAR_Ge2Mo2_2_st050,0.421867,0.36743305751874844
POSCAR_Ge2Mo2_2_st950,0.327894,0.43779983743288414
POSCAR_Ge2Mo2_2_st975,0.443044,0.4123126687201364
POSCAR_Ge2Mo2_2_x025,0.635887,0.5650604276109891
POSCAR_Ge2Mo2_2_x050,0.635864,0.5830049128731314
POSCAR_Ge2Mo2_2_x950,0.462079,0.5769312422659695
POSCAR_Ge2Mo2_2_x975,0.550519,0.5492189231938464
POSCAR_Ge2Mo2_2_y025,0.635646,0.5674502427673096
POSCAR_Ge2Mo2_2_y050,0.635589,0.5830976848823022
POSCAR_Ge2Mo2_2_y950,0.461577,0.5761104955266285
POSCAR_Ge2Mo2_2_y975,0.551103,0.548266542248591
POSCAR_Ge2Mo2_2_z025,0.474775,0.3846499728894145
POSCAR_Ge2Mo2_2_z050,0.365801,0.37702371794648726
POSCAR_Ge2Mo2_2_z950,0.564233,0.42102603142181516
POSCAR_Ge2Mo2_2_z975,0.584401,0.43259480695881836
POSCAR_Ge2Ru2_2,0.203586,0.32177162075679716
POSCAR_Ge2Ru2_2_st025,0.279796,0.3243069332153665
POSCAR_Ge2Ru2_2_st050,0.30688,0.329054194191835
POSCAR_Ge2Ru2_2_st950,0.136835,0.30698085322019186
POSCAR_Ge2Ru2_2_st975,0.123461,0.3328244023423179
POSCAR_Ge2Ru2_2_x025,0.243828,0.36947719584223365
POSCAR_Ge2Ru2_2_x050,0.305911,0.38052989532193465
POSCAR_Ge2Ru2_2_x950,0.208214,0.39317873861965513
POSCAR_Ge2Ru2_2_x975,0.179111,0.3814697936379315
POSCAR_Ge2Ru2_2_y025,0.244115,0.3699322900344738
POSCAR_Ge2Ru2_2_y050,0.3061,0.38181574752471525
POSCAR_Ge2Ru2_2_y950,0.201745,0.39075573563020516
POSCAR_Ge2Ru2_2_y975,0.179407,0.3814767433215894
POSCAR_Ge2Ru2_2_z025,0.21286,0.3265651418089171
POSCAR_Ge2Ru2_2_z050,0.238089,0.3273540673265248
POSCAR_Ge2Ru2_2_z950,0.169089,0.3143459435078814
POSCAR_Ge2Ru2_2_z975,0.173135,0.31200480592664126
POSCAR_Ge2V2_2,0.013298,0.05319721956942201
POSCAR_Ge2V2_2_st950,0.012515,0.04781000862993711
POSCAR_Ge2V2_2_x025,0.012924,0.030818596987337115
POSCAR_Ge2V2_2_x950,0.012688,0.037462561835049174
POSCAR_Ge2V2_2_x975,0.013414,0.033944888959949585
POSCAR_Ge2V2_2_y025,0.012934,0.0308307347461927
POSCAR_Ge2V2_2_y950,0.012749,0.03748651238885556
POSCAR_Ge2V2_2_y975,0.013488,0.03395328310160565
POSCAR_Ge2V2_2_z025,0.012469,0.05456226948702009
POSCAR_Ge2V2_2_z050,0.011599,0.054827802413780165
POSCAR_Ge2V2_2_z950,0.021388,0.05001975865349251
POSCAR_Ge2V2_3,0.013144,0.10354951494905175
POSCAR_Ge2V2_3_st025,0.012649,0.09697735268296223
POSCAR_Ge2V2_3_st050,0.011798,0.07186840898031484
POSCAR_Ge2V2_3_st950,0.013637,0.10861444955728697
POSCAR_Ge2V2_3_st975,0.013696,0.1037568976674198
POSCAR_Ge2V2_3_x025,0.012957,0.09897412070325165
POSCAR_Ge2V2_3_x050,0.012554,0.09311828128894156
POSCAR_Ge2V2_3_x950,0.01351,0.10891929146411457
POSCAR_Ge2V2_3_x975,0.01319,0.10528589852572666
POSCAR_Ge2V2_3_y025,0.012226,0.10033909157652726
POSCAR_Ge2V2_3_y050,0.011857,0.09446817597427726
POSCAR_Ge2V2_3_y950,0.013562,0.10732010953203287
POSCAR_Ge2V2_3_y975,0.01342,0.10398012414500181
POSCAR_Ge2V2_3_z025,0.012888,0.10851532766682037
POSCAR_Ge2V2_3_z050,0.012654,0.111795534237567
POSCAR_Ge2V2_3_z950,0.013975,0.09385347985787826
POSCAR_Ge2V2_3_z975,0.013535,0.09824056793579904
POSCAR_Ge4V2_1,0.653949,0.4953955952183275
POSCAR_Ge4V2_1_st025,0.694515,0.4951886393649002
POSCAR_Ge4V2_1_st050,0.718225,0.5205834268000329
POSCAR_Ge4V2_1_st950,0.829845,0.4758427746878146
POSCAR_Ge4V2_1_st975,0.828141,0.5072859797770747
POSCAR_I4Mn2_1,0.414418,0.31804935069167334
POSCAR_I4Mn2_1_st025,0.59273,0.308405025141558
POSCAR_I4Mn2_1_st050,0.516443,0.30378235315666446
POSCAR_I4Mn2_1_st950,0.397,0.33145050005995147
POSCAR_I4Mn2_1_st975,0.378012,0.3236091949289861
POSCAR_I4Mn2_1_x025,0.5629,0.32086410656249365
POSCAR_I4Mn2_1_x050,0.516476,0.3215015353890266
POSCAR_I4Mn2_1_x950,0.507082,0.3103174171852557
POSCAR_I4Mn2_1_x975,0.653102,0.31535865157189924
POSCAR_I4Mn2_1_y025,0.628649,0.31114557285807176
POSCAR_I4Mn2_1_y050,0.642855,0.30981423095539945
POSCAR_I4Mn2_1_y950,0.351711,0.32576319810892246
POSCAR_I4Mn2_1_y975,0.580285,0.32427674196824846
POSCAR_I4Mn2_1_z025,0.628588,0.31005900059019786
POSCAR_I4Mn2_1_z050,0.642721,0.30867965209385073
POSCAR_I4Mn2_1_z950,0.351158,0.32610447131569886
POSCAR_I4Mn2_1_z975,0.580291,0.3251958601670439
POSCAR_I4Nb2_1,0.218281,0.21518193512697478
POSCAR_I4Nb2_1_st025,0.205958,0.21431326551027305
POSCAR_I4Nb2_1_st050,0.176468,0.21107417020899374
POSCAR_I4Nb2_1_st950,0.31313,0.20063096221044444
POSCAR_I4Nb2_1_st975,0.259201,0.19973149247876695
POSCAR_I4Nb2_1_x025,0.219754,0.2165177673222258
POSCAR_I4Nb2_1_x050,0.253668,0.20639463496722976
POSCAR_I4Nb2_1_x950,0.220003,0.21131438635142144
POSCAR_I4Nb2_1_x975,0.218603,0.21029864850976251
POSCAR_I4Nb2_1_y025,0.19973,0.2157144674698536
POSCAR_I4Nb2_1_y050,0.179192,0.21250505398645533
POSCAR_I4Nb2_1_y950,0.250973,0.20424001308160375
POSCAR_I4Nb2_1_y975,0.235515,0.2049798626859644
POSCAR_I4Nb2_1_z025,0.200269,0.21254614612850004
POSCAR_I4Nb2_1_z050,0.180258,0.20877443384587907
POSCAR_I4Nb2_1_z950,0.249824,0.2058596660244
POSCAR_I4Nb2_1_z975,0.234984,0.2078066543896999
POSCAR_I4Ni2_1,0.192964,0.1808707517151512
POSCAR_I4Ni2_1_st025,0.164717,0.18182950278854307
POSCAR_I4Ni2_1_st050,0.138204,0.182030492408932
POSCAR_I4Ni2_1_st950,0.206028,0.17085098265277163
POSCAR_I4Ni2_1_st975,0.212684,0.17469818840508206
POSCAR_I4Ni2_1_x025,0.191067,0.18048169463628308
POSCAR_I4Ni2_1_x975,0.20446,0.17655329193649466
POSCAR_I4Ni2_1_y025,0.193626,0.18065311289893735
POSCAR_I4Ni2_1_y975,0.200746,0.17645213088861808
POSCAR_I4Ni2_1_z025,0.173823,0.1861047768818168
POSCAR_I4Ni2_1_z050,0.167596,0.1906801171005018
POSCAR_I4Ni2_1_z950,0.212358,0.18779056619431933
POSCAR_I4Ni2_1_z975,0.205804,0.18310949161811926
POSCAR_I4Rh2_1,0.333762,0.4674995150285591
POSCAR_I4Rh2_1_x025,0.319593,0.5009000840838018
POSCAR_I4Rh2_1_x050,0.328146,0.5112454415350892
POSCAR_I4Rh2_1_x950,0.324707,0.46150552583204946
POSCAR_I4Rh2_1_x975,0.298322,0.4568062617298622
POSCAR_I4Rh2_1_y025,0.321026,0.45439622863725343
POSCAR_I4Rh2_1_y050,0.30681,0.46191883515727034
POSCAR_I4Rh2_1_y950,0.312872,0.5031326580791566
POSCAR_I4Rh2_1_y975,0.32213,0.49669409085841704
POSCAR_I4Rh2_1_z025,0.321186,0.4574675255860601
POSCAR_I4Rh2_1_z050,0.307126,0.4646973394941466
POSCAR_I4Rh2_1_z950,0.314737,0.49848533511181237
POSCAR_I4Rh2_1_z975,0.322891,0.4922086800029807
POSCAR_I4Ti2_1,0.080827,0.21281069737007435
POSCAR_I4Ti2_1_st025,0.060738,0.20856733266246608
POSCAR_I4Ti2_1_st050,0.069459,0.20800933203805755
POSCAR_I4Ti2_1_st975,0.070806,0.20435910365267496
POSCAR_I4Ti2_1_x025,0.095834,0.21028670949447098
POSCAR_I4Ti2_1_x050,0.101853,0.21188757845242556
POSCAR_I4Ti2_1_x950,0.069829,0.21741752435654635
POSCAR_I4Ti2_1_x975,0.059235,0.21789070919392098
POSCAR_I4Ti2_1_y025,0.054266,0.2198594423789455
POSCAR_I4Ti2_1_y050,0.044192,0.22140600692150014
POSCAR_I4Ti2_1_y950,0.056076,0.20723177753614552
POSCAR_I4Ti2_1_y975,0.055313,0.2106472547457409
POSCAR_I4Ti2_1_z025,0.053516,0.21971976492623246
POSCAR_I4Ti2_1_z050,0.046923,0.2229723430438224
POSCAR_I4Ti2_1_z950,0.055599,0.205648902501484
POSCAR_I4Ti2_1_z975,0.055284,0.21069741975177803
POSCAR_I6Nb2_1,0.172142,0.18991890584116938
POSCAR_I6Nb2_1_st025,0.167922,0.19004835931397837
POSCAR_I6Nb2_1_st050,0.18972,0.18660160051345925
POSCAR_I6Nb2_1_st950,0.259746,0.19084872729934302
POSCAR_I6Nb2_1_st975,0.2289,0.19204544340642793
POSCAR_I6Nb2_1_x025,0.186125,0.19510413161169374
POSCAR_I6Nb2_1_x975,0.209331,0.1920631859724801
POSCAR_I6Nb2_1_y025,0.188243,0.19491310061532532
POSCAR_I6Nb2_1_y975,0.208717,0.19220249343155055
POSCAR_I6Nb2_1_z025,0.160022,0.19295562045145498
POSCAR_I6Nb2_1_z050,0.175856,0.19100535344861724
POSCAR_I6Nb2_1_z950,0.266269,0.18339351381137176
POSCAR_I6Nb2_1_z975,0.223632,0.1949571266446569
POSCAR_In6Mo2_1,0.027712,0.026403661207808904
POSCAR_In6Mo2_1_x950,0.026475,0.0493659955878035
POSCAR_In6Mo2_1_y050,0.026808,0.025410558538652678
POSCAR_In8Mn2_3,0.30061,0.3756823448740093
POSCAR_In8Mn2_3_st025,0.338828,0.3669878112154301
POSCAR_In8Mn2_3_st050,0.324021,0.3405196621291804
POSCAR_In8Mn2_3_st950,0.301508,0.35079687570577933
POSCAR_In8Mn2_3_st975,0.285472,0.35957449554518867
POSCAR_In8Mn2_3_x025,0.35849,0.3699331841496519
POSCAR_In8Mn2_3_x050,0.388345,0.3615221943943166
POSCAR_In8Mn2_3_x950,0.326536,0.35241966267939107
POSCAR_In8Mn2_3_x975,0.287352,0.36430647694124535
POSCAR_In8Mn2_3_y025,0.358602,0.3693809321852611
POSCAR_In8Mn2_3_y050,0.389164,0.3635935992787259
POSCAR_In8Mn2_3_y950,0.326602,0.3532022279512501
POSCAR_In8Mn2_3_y975,0.287483,0.36567135867599343
POSCAR_In8Mn2_3_z025,0.290864,0.37087760361217514
POSCAR_In8Mn2_3_z050,0.277931,0.36716937438514796
POSCAR_In8Mn2_3_z975,0.304418,0.37178324666654144
POSCAR_Mn2N2_2,0.464386,0.30626665279314635
POSCAR_Mn2N2_2_st025,0.472685,0.2885326409470946
POSCAR_Mn2N2_2_st050,0.47309,0.2770427291154748
POSCAR_Mn2N2_2_st950,0.5519,0.3422220754362347
POSCAR_Mn2N2_2_st975,0.507699,0.3138576977628257
POSCAR_Mn2N2_2_x025,0.46863,0.3020682243402724
POSCAR_Mn2N2_2_x050,0.466563,0.2993389944141455
POSCAR_Mn2N2_2_x950,0.513671,0.33022330734725985
POSCAR_Mn2N2_2_x975,0.489043,0.3055217502511496
POSCAR_Mn2N2_2_y025,0.470652,0.30697316625017046
POSCAR_Mn2N2_2_y050,0.469483,0.30196889596813176
POSCAR_Mn2N2_2_y950,0.506079,0.3290804739676169
POSCAR_Mn2N2_2_y975,0.477805,0.30600963447735247
POSCAR_Mn2N2_2_z025,0.467926,0.30109716247992957
POSCAR_Mn2N2_2_z050,0.465246,0.30050204192878976
POSCAR_Mn2N2_2_z950,0.462139,0.32550087615590495
POSCAR_Mn2N2_2_z975,0.469589,0.3165912070915418
POSCAR_Mn2N2_3,0.951758,0.9015491799452945
POSCAR_Mn2N2_3_st025,0.950584,0.8662294570173338
POSCAR_Mn2N2_3_st050,0.943564,0.847273316130057
POSCAR_Mn2N2_3_st950,1.061157,0.8793988103904333
POSCAR_Mn2N2_3_st975,0.968497,0.887725478102066
POSCAR_Mn2N2_3_z025,1.030581,0.8775982541816587
POSCAR_Mn2N2_3_z050,1.077095,0.8464961005454378
POSCAR_Mn2N2_3_z950,1.008152,0.9424337946451046
POSCAR_Mn2N2_3_z975,0.911785,0.9475720424908819
POSCAR_Mn2N2_7,0.012529,0.07275675968470853
POSCAR_Mn2N2_7_st025,0.011816,0.06990795045202107
POSCAR_Mn2N2_7_st050,0.011117,0.06710445166155815
POSCAR_Mn2N2_7_st950,0.012034,0.0863561790231046
POSCAR_Mn2N2_7_st975,0.013105,0.07590951951006884
POSCAR_Mn2N2_7_x025,0.012438,0.07146419164323006
POSCAR_Mn2N2_7_x050,0.013094,0.07095944896121727
POSCAR_Mn2N2_7_x950,0.011777,0.07448713770465844
POSCAR_Mn2N2_7_x975,0.012624,0.07255723227665267
POSCAR_Mn2N2_7_y025,0.012409,0.0727181136683748
POSCAR_Mn2N2_7_y050,0.012113,0.06505513039499107
POSCAR_Mn2N2_7_y950,0.013083,0.07371765162502728
POSCAR_Mn2N2_7_y975,0.012997,0.07191472063885211
POSCAR_Mn2N2_7_z025,0.01224,0.06823733919500921
POSCAR_Mn2N2_7_z050,0.011831,0.06994416370167185
POSCAR_Mn2N2_7_z950,0.012938,0.0702115045144937
POSCAR_Mn2N2_7_z975,0.012873,0.07419069655128949
POSCAR_Mn2O2_5,0.211714,0.23016273074634835
POSCAR_Mn2O2_5_st025,0.178723,0.21871645103832726
POSCAR_Mn2O2_5_st050,0.197917,0.21884085083530502
POSCAR_Mn2O2_5_st950,0.235928,0.25581828953895763
POSCAR_Mn2O2_5_st975,0.215359,0.24722855357437856
POSCAR_Mn2O2_5_x025,0.203283,0.22386688826030643
POSCAR_Mn2O2_5_x050,0.19388,0.24042650826394668
POSCAR_Mn2O2_5_x950,0.234062,0.2569781494275829
POSCAR_Mn2O2_5_x975,0.21409,0.23094149305837694
POSCAR_Mn2O2_5_y025,0.203245,0.22427323495932225
POSCAR_Mn2O2_5_y050,0.193881,0.24079204404623727
POSCAR_Mn2O2_5_y950,0.234393,0.25650409850696554
POSCAR_Mn2O2_5_y975,0.213477,0.23043100545090642
POSCAR_Mn2O2_5_z025,0.238307,0.234600023174972
POSCAR_Mn2O2_5_z050,0.221644,0.23393488596497247
POSCAR_Mn2O2_5_z950,0.190221,0.2512196075954297
POSCAR_Mn2O2_5_z975,0.200725,0.2426852257121879
POSCAR_Mn2O2_6,0.868847,0.7702555020318822
POSCAR_Mn2O2_6_st025,0.920812,0.7697715846423294
POSCAR_Mn2O2_6_st050,0.904706,0.7825561318474117
POSCAR_Mn2O2_6_st950,0.761793,0.7912346195638382
POSCAR_Mn2O2_6_st975,0.80736,0.7747369853376876
POSCAR_Mn2O2_6_z025,0.92597,0.7565287724454334
POSCAR_Mn2O2_6_z050,0.970816,0.748908388228569
POSCAR_Mn2O2_6_z950,0.82362,0.7557041609443107
POSCAR_Mn2O2_6_z975,0.808567,0.7716341125470652
POSCAR_Mn2O2_7,0.034442,0.1982164595264156
POSCAR_Mn2O2_7_st025,0.032553,0.19306051218586984
POSCAR_Mn2O2_7_st050,0.030727,0.19172727354074637
POSCAR_Mn2O2_7_st950,0.032829,0.20742454357567272
POSCAR_Mn2O2_7_st975,0.036557,0.20397246004142874
POSCAR_Mn2O2_7_x025,0.034154,0.19658694618687436
POSCAR_Mn2O2_7_x050,0.034203,0.19455101999843163
POSCAR_Mn2O2_7_x950,0.030398,0.20759864428814948
POSCAR_Mn2O2_7_x975,0.032,0.20460034154806542
POSCAR_Mn2O2_7_y025,0.03385,0.20059036152562604
POSCAR_Mn2O2_7_y050,0.035394,0.19846756740790972
POSCAR_Mn2O2_7_y950,0.031959,0.19893078736429431
POSCAR_Mn2O2_7_y975,0.031225,0.20046632271968873
POSCAR_Mn2O2_7_z025,0.034785,0.19645076743070225
POSCAR_Mn2O2_7_z050,0.034461,0.1884158632177134
POSCAR_Mn2O2_7_z975,0.035895,0.2024425585122426
POSCAR_Mn2O3_1,0.024486,0.07571514201196201
POSCAR_Mn2O3_1_st025,0.022651,0.06802355569797099
POSCAR_Mn2O3_1_st050,0.020586,0.06580212500588599
POSCAR_Mn2O3_1_st950,0.029015,0.08188378699797337
POSCAR_Mn2O3_1_st975,0.026296,0.07895432705961772
POSCAR_Mn2O3_1_x025,0.024683,0.08079275574892561
POSCAR_Mn2O3_1_x050,0.024455,0.07794792183658972
POSCAR_Mn2O3_1_x950,0.023374,0.06429903696306834
POSCAR_Mn2O3_1_x975,0.024101,0.06674345550703832
POSCAR_Mn2O3_1_y025,0.02246,0.06526301362973407
POSCAR_Mn2O3_1_y050,0.020102,0.06052711432252022
POSCAR_Mn2O3_1_y950,0.02892,0.08533326967966331
POSCAR_Mn2O3_1_y975,0.026308,0.08207890526528501
POSCAR_Mn2O3_1_z025,0.024407,0.07060938740143637
POSCAR_Mn2O3_1_z050,0.024255,0.06611428054552033
POSCAR_Mn2O3_1_z950,0.025109,0.08385399596001415
POSCAR_Mn2O3_1_z975,0.024819,0.08010043051116991
POSCAR_Mn2O4_1,0.572136,0.6322729258378119
POSCAR_Mn2O4_1_st025,0.486734,0.5994331974344922
POSCAR_Mn2O4_1_st050,0.436854,0.5698608468963473
POSCAR_Mn2O4_1_st950,0.648348,0.6688427437812426
POSCAR_Mn2O4_1_st975,0.679114,0.6421650397751459
POSCAR_Mn2O4_1_x025,0.4994,0.6192476636900776
POSCAR_Mn2O4_1_x050,0.504164,0.6067622506256084
POSCAR_Mn2O4_1_x950,0.774428,0.6458686929079542
POSCAR_Mn2O4_1_x975,0.663486,0.6380443161070427
POSCAR_Mn2O4_1_y025,0.561157,0.6278246854727452
POSCAR_Mn2O4_1_y050,0.544665,0.6128271486980172
POSCAR_Mn2O4_1_y950,0.573539,0.6339985960728286
POSCAR_Mn2O4_1_y975,0.576471,0.6239441435732057
POSCAR_Mn2O4_1_z025,0.562933,0.6282184375564338
POSCAR_Mn2O4_1_z050,0.547244,0.612990018930775
POSCAR_Mn2O4_1_z950,0.56612,0.6336410461678986
POSCAR_Mn2O4_1_z975,0.573526,0.6252840067813686
POSCAR_Mn2P2_4,0.056519,0.16097949358731342
POSCAR_Mn2P2_4_st025,0.054543,0.1578035085454621
POSCAR_Mn2P2_4_st050,0.051106,0.15754453432997018
POSCAR_Mn2P2_4_st975,0.058211,0.1638058794089188
POSCAR_Mn2P2_4_x025,0.056087,0.15113545240150802
POSCAR_Mn2P2_4_x050,0.055626,0.1518763867400832
POSCAR_Mn2P2_4_y025,0.059016,0.15142943111181925
POSCAR_Mn2P2_4_y050,0.059056,0.1509393580861185
POSCAR_Mn2P2_4_y950,0.052415,0.1698376529047118
POSCAR_Mn2P2_4_y975,0.055611,0.16709705690847085
POSCAR_Mn2P2_4_z950,0.062197,0.15611395630715483
POSCAR_Mn2P2_4_z975,0.061294,0.15349844788965739
POSCAR_Mn2Pb4_2,0.018175,0.020840502585941497
POSCAR_Mn2Pb4_2_st025,0.015905,0.02069434188577623
POSCAR_Mn2Pb4_2_st050,0.012755,0.020292641088182985
POSCAR_Mn2Pb4_2_st950,0.017425,0.021679802113015487
POSCAR_Mn2Pb4_2_st975,0.017675,0.02140375858855772
POSCAR_Mn2Pb4_2_x025,0.017978,0.020440849975460605
POSCAR_Mn2Pb4_2_x050,0.01663,0.020699764763371143
POSCAR_Mn2Pb4_2_x950,0.016435,0.021092641268146455
POSCAR_Mn2Pb4_2_x975,0.017781,0.021106906485334042
POSCAR_Mn2Pb4_2_y025,0.017416,0.020367852472051654
POSCAR_Mn2Pb4_2_y050,0.014851,0.020402966541478676
POSCAR_Mn2Pb4_2_y950,0.013563,0.020332586096652686
POSCAR_Mn2Pb4_2_y975,0.01586,0.020916068833468467
POSCAR_Mn2Pb4_2_z025,0.014705,0.02077382471310427
POSCAR_Mn2Pb4_2_z050,0.013993,0.02139985264221169
POSCAR_Mn2Pb4_2_z950,0.018945,0.02109209878937785
POSCAR_Mn2Pb4_2_z975,0.017125,0.02112470227996925
POSCAR_Mn2Pb8_1,0.273185,0.25854342350472387
POSCAR_Mn2Pb8_1_st050,0.200637,0.2527154746394856
POSCAR_Mn2Pb8_1_st975,0.314496,0.26664110179063305
POSCAR_Mn2Pb8_1_x025,0.264118,0.2652457581424473
POSCAR_Mn2Pb8_1_x050,0.259227,0.26295984792597993
POSCAR_Mn2Pb8_1_y025,0.268265,0.2656334594961398
POSCAR_Mn2Pb8_1_y050,0.262315,0.2627784930046882
POSCAR_Mn2Pb8_1_y975,0.273848,0.269958233096056
POSCAR_Mn2Pb8_1_z025,0.242072,0.2546742239250442
POSCAR_Mn2Pb8_1_z050,0.213507,0.2568256236467735
POSCAR_Mn2Pb8_1_z975,0.30763,0.2623559754732701
POSCAR_Mn2Pb8_2,0.016577,0.04807784229761605
POSCAR_Mn2Pb8_2_st025,0.011244,0.048049522742426055
POSCAR_Mn2Pb8_2_st050,0.010325,0.03346749733417276
POSCAR_Mn2Pb8_2_st950,0.017582,0.04727726696316673
POSCAR_Mn2Pb8_2_st975,0.017072,0.047622517853026014
POSCAR_Mn2Pb8_2_x025,0.011696,0.04351151271072445
POSCAR_Mn2Pb8_2_x050,0.011436,0.04029852808399274
POSCAR_Mn2Pb8_2_x950,0.016763,0.05390679739912148
POSCAR_Mn2Pb8_2_x975,0.016405,0.049965196179587945
POSCAR_Mn2Pb8_2_y025,0.008669,0.04795218299888063
POSCAR_Mn2Pb8_2_y050,0.009947,0.024721531798552205
POSCAR_Mn2Pb8_2_y950,0.008421,0.047880845081544644
POSCAR_Mn2Pb8_2_y975,0.016668,0.04542770881509938
POSCAR_Mn2Pb8_2_z025,0.015754,0.049270435417055176
POSCAR_Mn2Pb8_2_z050,0.016464,0.05170687824532304
POSCAR_Mn2Pb8_2_z950,0.008049,0.043484309156882804
POSCAR_Mn2Pb8_2_z975,0.008124,0.045747893459795685
POSCAR_Mn2Pb8_3,0.400374,0.2926029969912974
POSCAR_Mn2Pb8_3_st025,0.314582,0.2902161222009737
POSCAR_Mn2Pb8_3_st050,0.247109,0.2910414683535712
POSCAR_Mn2Pb8_3_st950,0.630528,0.2928752357747577
POSCAR_Mn2Pb8_3_st975,0.511253,0.3026380110394185
POSCAR_Mn2Pb8_3_x025,0.420591,0.292670259150648
POSCAR_Mn2Pb8_3_x050,0.393425,0.29235181089807816
POSCAR_Mn2Pb8_3_x950,0.427495,0.31212934394367053
POSCAR_Mn2Pb8_3_x975,0.416924,0.3060229887250568
POSCAR_Mn2Pb8_3_y025,0.421091,0.29118388659121164
POSCAR_Mn2Pb8_3_y050,0.39361,0.2921976182131399
POSCAR_Mn2Pb8_3_y950,0.42692,0.3125893316199528
POSCAR_Mn2Pb8_3_y975,0.416948,0.3075455991212541
POSCAR_Mn2Pb8_3_z025,0.327098,0.29425432414063607
POSCAR_Mn2Pb8_3_z050,0.374231,0.29372346928048726
POSCAR_Mn2Pb8_3_z950,0.413102,0.29786984870921607
POSCAR_Mn2Pb8_3_z975,0.485812,0.2845144407320278
POSCAR_Mn2S2_1,0.967254,0.7048839433013047
POSCAR_Mn2S2_1_st025,0.86834,0.6911021293070868
POSCAR_Mn2S2_1_st050,0.770237,0.6687116862293007
POSCAR_Mn2S2_1_st950,1.202184,0.7713632304787584
POSCAR_Mn2S2_1_st975,1.119096,0.7323134415270196
POSCAR_Mn2S2_1_x025,0.998846,0.7207239722299117
POSCAR_Mn2S2_1_x050,0.976887,0.8259619766025837
POSCAR_Mn2S2_1_x950,1.181304,0.8223059665739255
POSCAR_Mn2S2_1_x975,1.116772,0.7123254982502957
POSCAR_Mn2S2_1_y025,0.999573,0.7205469932473337
POSCAR_Mn2S2_1_y050,0.977227,0.8231498894800138
POSCAR_Mn2S2_1_y950,1.178263,0.8258491499991192
POSCAR_Mn2S2_1_y975,1.116306,0.7161546874912186
POSCAR_Mn2S2_1_z025,0.993036,0.6901390513011313
POSCAR_Mn2S2_1_z050,0.996419,0.760055491803713
POSCAR_Mn2S2_1_z950,0.938364,0.8767596828131293
POSCAR_Mn2S2_1_z975,0.982941,0.7291720099285279
POSCAR_Mn2S2_2,0.199743,0.22250192291344847
POSCAR_Mn2S2_2_st025,0.165055,0.2197156436973371
POSCAR_Mn2S2_2_st050,0.13561,0.2080871292488549
POSCAR_Mn2S2_2_st950,0.286896,0.22284061186488838
POSCAR_Mn2S2_2_st975,0.24013,0.22185478392480612
POSCAR_Mn2S2_2_x025,0.186365,0.2405116983809734
POSCAR_Mn2S2_2_x050,0.172926,0.2441070928659888
POSCAR_Mn2S2_2_x950,0.25601,0.260678967475693
POSCAR_Mn2S2_2_x975,0.220204,0.24754065686324053
POSCAR_Mn2S2_2_y025,0.186263,0.24096659384501748
POSCAR_Mn2S2_2_y050,0.172812,0.2446935498439376
POSCAR_Mn2S2_2_y950,0.25597,0.2617298169064508
POSCAR_Mn2S2_2_y975,0.220301,0.24699694645210607
POSCAR_Mn2S2_2_z025,0.196748,0.22560818452195663
POSCAR_Mn2S2_2_z050,0.194354,0.23987148646541123
POSCAR_Mn2S2_2_z950,0.176706,0.23303320327914978
POSCAR_Mn2S2_2_z975,0.176928,0.23318301071849468
POSCAR_Mn2S4_1,0.527784,0.44693866785185726
POSCAR_Mn2S4_1_st025,0.488797,0.43062652367568627
POSCAR_Mn2S4_1_st050,0.44217,0.4217295586084575
POSCAR_Mn2S4_1_st950,0.599845,0.4662582994554583
POSCAR_Mn2S4_1_st975,0.564731,0.4539297899972866
POSCAR_Mn2S4_1_x025,0.515915,0.46149896191858036
POSCAR_Mn2S4_1_x050,0.506976,0.46720562629426204
POSCAR_Mn2S4_1_x950,0.562184,0.4426916239942063
POSCAR_Mn2S4_1_x975,0.54359,0.44014854156589717
POSCAR_Mn2S4_1_y025,0.506727,0.4342746921451003
POSCAR_Mn2S4_1_y050,0.479184,0.42762835588712383
POSCAR_Mn2S4_1_y950,0.489437,0.4500521254196373
POSCAR_Mn2S4_1_y975,0.51783,0.45640798331125915
POSCAR_Mn2S4_1_z025,0.47484,0.4385199431863133
POSCAR_Mn2S4_1_z050,0.403985,0.42979681852445367
POSCAR_Mn2S4_1_z950,0.528527,0.4866824146856002
POSCAR_Mn2S4_1_z975,0.529742,0.46390081366392794
POSCAR_Mn2Sb4_1,0.818977,0.39759357568283005
POSCAR_Mn2Sb4_1_st025,0.706491,0.38899207800906893
POSCAR_Mn2Sb4_1_st050,0.605451,0.3817546110919225
POSCAR_Mn2Sb4_1_st950,1.062185,0.3917171893432505
POSCAR_Mn2Sb4_1_st975,0.939252,0.39435088323773393
POSCAR_Mn2Sb4_1_x025,0.808715,0.39175261893881197
POSCAR_Mn2Sb4_1_x050,0.797272,0.38663980757168365
POSCAR_Mn2Sb4_1_x950,0.833113,0.39005835525188587
POSCAR_Mn2Sb4_1_x975,0.826735,0.3865096582535001
POSCAR_Mn2Sb4_1_y025,0.757858,0.39144416036795876
POSCAR_Mn2Sb4_1_y050,0.698403,0.38666293121668316
POSCAR_Mn2Sb4_1_y950,0.932454,0.42303814201718853
POSCAR_Mn2Sb4_1_y975,0.877883,0.4079200843533621
POSCAR_Mn2Sb4_1_z025,0.759887,0.39817700008850115
POSCAR_Mn2Sb4_1_z050,0.685198,0.4094559999809236
POSCAR_Mn2Sb4_1_z950,0.878569,0.4193257955818077
POSCAR_Mn2Sb4_1_z975,0.857894,0.3917035457469173
POSCAR_Mn2Sb6_1,0.486999,0.5817398236044993
POSCAR_Mn2Sb6_1_z025,0.47626,0.5839168800113023
POSCAR_Mn2Sb6_1_z975,0.492984,0.5840932974041192
POSCAR_Mn2Se2_1,0.162089,0.26681285369848146
POSCAR_Mn2Se2_1_st025,0.132934,0.2646207751678799
POSCAR_Mn2Se2_1_st050,0.108786,0.25897279276547547
POSCAR_Mn2Se2_1_st950,0.237709,0.2658633416667893
POSCAR_Mn2Se2_1_st975,0.196829,0.26531734834728915
POSCAR_Mn2Se2_1_x025,0.150117,0.2648703456721506
POSCAR_Mn2Se2_1_x050,0.1483,0.26318509401593243
POSCAR_Mn2Se2_1_x950,0.24244,0.29098335449781587
POSCAR_Mn2Se2_1_x975,0.181692,0.2668733473771862
POSCAR_Mn2Se2_1_y025,0.151874,0.2649089668317927
POSCAR_Mn2Se2_1_y050,0.148647,0.2637634327349362
POSCAR_Mn2Se2_1_y950,0.242018,0.2905056142060247
POSCAR_Mn2Se2_1_y975,0.179805,0.2661700149197201
POSCAR_Mn2Se2_1_z025,0.160485,0.25407063834073007
POSCAR_Mn2Se2_1_z050,0.158003,0.25891702755926754
POSCAR_Mn2Se2_1_z950,0.161759,0.24747543530988358
POSCAR_Mn2Se2_1_z975,0.152707,0.24831719566337523
POSCAR_Mn2Se2_2,0.881407,0.6435826672426376
POSCAR_Mn2Se2_2_st025,0.761868,0.6336194855834956
POSCAR_Mn2Se2_2_st050,0.653381,0.6054356876624822
POSCAR_Mn2Se2_2_st950,1.145264,0.7381744968527088
POSCAR_Mn2Se2_2_st975,1.010103,0.6907987433240691
POSCAR_Mn2Se2_2_x025,0.891434,0.7029675163824283
POSCAR_Mn2Se2_2_x050,0.855656,0.722329115644399
POSCAR_Mn2Se2_2_x950,0.888547,0.7600559953597005
POSCAR_Mn2Se2_2_x975,1.052786,0.7235810892064726
POSCAR_Mn2Se2_2_y025,0.893912,0.70205708437947
POSCAR_Mn2Se2_2_y050,0.856305,0.7222615212740161
POSCAR_Mn2Se2_2_y950,0.889027,0.7605245169593486
POSCAR_Mn2Se2_2_y975,1.052282,0.7226539484976068
POSCAR_Mn2Se2_2_z025,0.925731,0.6291054920892695
POSCAR_Mn2Se2_2_z050,0.900524,0.5951192649843231
POSCAR_Mn2Se2_2_z950,0.838312,0.6980776756027295
POSCAR_Mn2Se2_2_z975,0.84266,0.6767809349750119
POSCAR_Mn2Se2_3,0.660164,0.4507415996840113
POSCAR_Mn2Se2_3_st025,0.553977,0.4220492020385579
POSCAR_Mn2Se2_3_st050,0.466886,0.41295976429863346
POSCAR_Mn2Se2_3_st950,0.938997,0.48283252666093057
POSCAR_Mn2Se2_3_st975,0.788173,0.46822814643128435
POSCAR_Mn2Se2_3_x025,0.72059,0.4522248172958054
POSCAR_Mn2Se2_3_x050,0.720459,0.45548052399422495
POSCAR_Mn2Se2_3_x950,0.696602,0.4596808223347634
POSCAR_Mn2Se2_3_x975,0.65806,0.4556015912294682
POSCAR_Mn2Se2_3_y025,0.619431,0.45302523132553635
POSCAR_Mn2Se2_3_y050,0.614925,0.45166725279834996
POSCAR_Mn2Se2_3_y950,0.795893,0.4564234114657168
POSCAR_Mn2Se2_3_y975,0.734165,0.4550685795625883
POSCAR_Mn2Se2_3_z025,0.563233,0.4241637285139356
POSCAR_Mn2Se2_3_z050,0.503862,0.41837325174775486
POSCAR_Mn2Se2_3_z950,0.878258,0.4704017749772416
POSCAR_Mn2Se2_3_z975,0.750771,0.4641585164791616
POSCAR_Mn2Se4_1,0.433695,0.4222433110171526
POSCAR_Mn2Se4_1_st025,0.387577,0.41561246630662385
POSCAR_Mn2Se4_1_st050,0.399513,0.40832549251255346
POSCAR_Mn2Se4_1_st950,0.520944,0.44936392910906847
POSCAR_Mn2Se4_1_st975,0.47961,0.4341276279382905
POSCAR_Mn2Se4_1_x025,0.429056,0.4260019208565243
POSCAR_Mn2Se4_1_x050,0.420021,0.44141886146450837
POSCAR_Mn2Se4_1_x950,0.436283,0.4213580360549021
POSCAR_Mn2Se4_1_x975,0.435457,0.42073745691002573
POSCAR_Mn2Se4_1_y025,0.434736,0.41582961260412127
POSCAR_Mn2Se4_1_y050,0.428954,0.41081800389017004
POSCAR_Mn2Se4_1_y950,0.475777,0.43446707978203436
POSCAR_Mn2Se4_1_y975,0.428592,0.4284850937461053
POSCAR_Mn2Se4_1_z025,0.393701,0.4220925006014762
POSCAR_Mn2Se4_1_z050,0.417475,0.4186701317387495
POSCAR_Mn2Se4_1_z950,0.511353,0.447022023179049
POSCAR_Mn2Se4_1_z975,0.480513,0.4275834060690751
POSCAR_Mn2Sn3_1,0.022539,0.022196657995332606
POSCAR_Mn2Sn3_1_st025,0.018339,0.02164808471282173
POSCAR_Mn2Sn3_1_st050,0.013471,0.02172397888850514
POSCAR_Mn2Sn3_1_st950,0.025482,0.022934254399677667
POSCAR_Mn2Sn3_1_x025,0.020608,0.021902848033816244
POSCAR_Mn2Sn3_1_x050,0.018867,0.02266167064384416
POSCAR_Mn2Sn3_1_x950,0.021188,0.025883464111962136
POSCAR_Mn2Sn3_1_y025,0.020612,0.02187735383490126
POSCAR_Mn2Sn3_1_y050,0.018813,0.022702133629273313
POSCAR_Mn2Sn3_1_y950,0.021099,0.025872968784355726
POSCAR_Mn2Sn3_1_z025,0.021315,0.0243569066100884
POSCAR_Mn2Sn3_1_z050,0.01986,0.024611086434728775
POSCAR_Mn2Sn3_1_z950,0.020445,0.02147654042770268
POSCAR_Mn2Sn3_1_z975,0.022518,0.021782541235508258
POSCAR_Mn2Te2_1,0.650019,0.6795826025606372
POSCAR_Mn2Te2_1_st025,0.548578,0.5830248736819252
POSCAR_Mn2Te2_1_st050,0.467186,0.5425867436081394
POSCAR_Mn2Te2_1_st950,0.935289,0.8005639703155025
POSCAR_Mn2Te2_1_st975,0.776702,0.7468360062097427
POSCAR_Mn2Te2_1_x025,0.720659,0.7276741956890284
POSCAR_Mn2Te2_1_x050,0.710735,0.7335893811453279
POSCAR_Mn2Te2_1_x950,0.936933,0.7590028555491038
POSCAR_Mn2Te2_1_x975,0.801303,0.7398365694875065
POSCAR_Mn2Te2_1_y025,0.721698,0.7252033428285489
POSCAR_Mn2Te2_1_y050,0.710821,0.7310587620262547
POSCAR_Mn2Te2_1_y950,0.93675,0.7623044863445553
POSCAR_Mn2Te2_1_y975,0.799947,0.7423737791930246
POSCAR_Mn2Te2_1_z025,0.67557,0.6127797395010154
POSCAR_Mn2Te2_1_z050,0.725824,0.5835196316294451
POSCAR_Mn2Te2_1_z950,0.955288,0.7646578679445667
POSCAR_Mn2Te2_1_z975,0.803063,0.730713773093461
POSCAR_Mn2Te3_1,0.024746,0.11197144046301846
POSCAR_Mn2Te3_1_st050,0.023125,0.11089482581174569
POSCAR_Mn2Te3_1_x050,0.022641,0.11789926959484502
POSCAR_Mn2Te3_1_x950,0.024438,0.10570695424839688
POSCAR_Mn2Te3_1_x975,0.024909,0.11118214529231131
POSCAR_Mn2Te3_1_y050,0.022783,0.1196494130192752
POSCAR_Mn2Te3_1_y950,0.024819,0.10566832434311453
POSCAR_Mn2Te3_1_y975,0.025373,0.11108648156517974
POSCAR_Mn2Te3_1_z025,0.024754,0.10594122822506766
POSCAR_Mn2Te3_1_z975,0.025602,0.11498960907195736
POSCAR_Mn2Te4_1,0.398752,0.4473931020171025
POSCAR_Mn2Te4_1_st025,0.392111,0.4437477341147132
POSCAR_Mn2Te4_1_st050,0.348485,0.4354635582517424
POSCAR_Mn2Te4_1_st950,0.442836,0.4663428638900414
POSCAR_Mn2Te4_1_st975,0.400682,0.45271946049508105
POSCAR_Mn2Te4_1_x025,0.395198,0.4259939312231401
POSCAR_Mn2Te4_1_x050,0.40939,0.4396076394544431
POSCAR_Mn2Te4_1_x950,0.458795,0.4377265361925846
POSCAR_Mn2Te4_1_x975,0.422493,0.4377586679591796
POSCAR_Mn2Te4_1_y025,0.393297,0.4281128656247333
POSCAR_Mn2Te4_1_y050,0.386326,0.4176744126010768
POSCAR_Mn2Te4_1_y950,0.375161,0.44339312733086417
POSCAR_Mn2Te4_1_y975,0.404514,0.4325138964734633
POSCAR_Mn2Te4_1_z025,0.435286,0.44660181756240586
POSCAR_Mn2Te4_1_z050,0.449525,0.4473938978705407
POSCAR_Mn2Te4_1_z950,0.280623,0.4507013999020444
POSCAR_Mn2Te4_1_z975,0.344643,0.4327570857142275
POSCAR_Mn2Te8_1,0.431439,0.49748646008320524
POSCAR_Mn2Te8_1_st025,0.370025,0.495924360415964
POSCAR_Mn2Te8_1_st950,0.457919,0.5079768397961865
POSCAR_Mn2Te8_1_st975,0.457613,0.4979308681816523
POSCAR_Mn2Te8_1_x025,0.398912,0.5001644776754807
POSCAR_Mn2Te8_1_x050,0.355818,0.5251115717648924
POSCAR_Mn2Te8_1_x950,0.474472,0.5028334180726204
POSCAR_Mn2Te8_1_y025,0.401971,0.5232265306652856
POSCAR_Mn2Te8_1_y050,0.409631,0.5335711639289064
POSCAR_Mn2Te8_1_y950,0.42839,0.47131562960292717
POSCAR_Mn2Te8_1_y975,0.442316,0.4701138878816355
POSCAR_Mn2Te8_1_z025,0.421302,0.4650430162888466
POSCAR_Mn2Te8_1_z050,0.384184,0.44166735625507625
POSCAR_Mn2Te8_1_z950,0.413174,0.5291874914392557
POSCAR_Mn2Te8_1_z975,0.419145,0.5254951860332403
POSCAR_Mn2Te8_2,0.011201,0.02246236919413148
POSCAR_Mn2Te8_2_st025,0.011463,0.02266734167720274
POSCAR_Mn2Te8_2_st050,0.011347,0.024498620132592876
POSCAR_Mn2Te8_2_st950,0.012551,0.022643562387746237
POSCAR_Mn2Te8_2_st975,0.012137,0.024181210815165874
POSCAR_Mn2Te8_2_x025,0.011947,0.020080334649992107
POSCAR_Mn2Te8_2_x050,0.011119,0.019939788162955174
POSCAR_Mn2Te8_2_x950,0.013089,0.020695116621551393
POSCAR_Mn2Te8_2_x975,0.012938,0.020899318403608726
POSCAR_Mn2Te8_2_y025,0.012666,0.01994596970504525
POSCAR_Mn2Te8_2_y050,0.012101,0.01973038557605732
POSCAR_Mn2Te8_2_y950,0.011969,0.020917104352649714
POSCAR_Mn2Te8_2_y975,0.012379,0.020945995342891377
POSCAR_Mn2Te8_2_z025,0.011019,0.02205130567062162
POSCAR_Mn2Te8_2_z050,0.009484,0.02205096133552236
POSCAR_Mn2Te8_2_z950,0.011532,0.02570754674913273
POSCAR_Mn2Te8_2_z975,0.01167,0.023640175063316622
POSCAR_Mn2Te8_3,0.277213,0.25550206494808436
POSCAR_Mn2Te8_3_st025,0.254819,0.2517715953031325
POSCAR_Mn2Te8_3_st050,0.23221,0.24620550383918013
POSCAR_Mn2Te8_3_st950,0.318266,0.2619153790418169
POSCAR_Mn2Te8_3_st975,0.298851,0.2591162842472182
POSCAR_Mn2Te8_3_x025,0.271849,0.2558606353060872
POSCAR_Mn2Te8_3_y025,0.279321,0.25038017827319203
POSCAR_Mn2Tl13_1,0.019475,0.04985320172044936
POSCAR_Mn2Tl13_1_st025,0.016683,0.05069230209574679
POSCAR_Mn2Tl13_1_st050,0.015521,0.055573159420826246
POSCAR_Mn2Tl13_1_st975,0.023312,0.05048213217443202
POSCAR_Mn2Tl13_1_x025,0.01952,0.05101439709183765
POSCAR_Mn2Tl13_1_x975,0.020524,0.05363808019302242
POSCAR_Mn2Tl13_1_y025,0.018102,0.050980310553316276
POSCAR_Mn2Tl13_1_y050,0.016684,0.05374242090425411
POSCAR_Mn2Tl13_1_y975,0.020976,0.051254372188353686
POSCAR_Mn2Tl13_1_z025,0.019277,0.05177020881498209
POSCAR_Mn2Tl13_1_z950,0.021443,0.050470125299832885
POSCAR_Mn2Tl13_1_z975,0.021036,0.05107825528636127
POSCAR_Mo2N2_2,0.579884,0.5763257817731131
POSCAR_Mo2N2_2_st050,0.746576,0.6171455714652132
POSCAR_Mo2N2_2_x025,0.756857,0.6565382410026992
POSCAR_Mo2N2_2_x050,0.759437,0.7171043800398174
POSCAR_Mo2N2_2_x950,0.797902,0.6920427335822925
POSCAR_Mo2N2_2_y025,0.756629,0.6692610310303938
POSCAR_Mo2N2_2_y050,0.759736,0.7277844107739481
POSCAR_Mo2N2_2_y950,0.804037,0.6776820366368367
POSCAR_Mo2N2_2_z975,0.599695,0.5700226722420726
POSCAR_Mo2N2_4,0.31212,0.3043251108209248
POSCAR_Mo2N2_4_st025,0.24554,0.2901120172134406
POSCAR_Mo2N2_4_st050,0.19,0.2724791882127933
POSCAR_Mo2N2_4_st975,0.394983,0.3089719458667027
POSCAR_Mo2N2_4_x025,0.299043,0.29482454262155056
POSCAR_Mo2N2_4_x050,0.286123,0.3234506694113203
POSCAR_Mo2N2_4_x950,0.373207,0.33276450700337357
POSCAR_Mo2N2_4_x975,0.342742,0.29787432200522274
POSCAR_Mo2N2_4_y025,0.29575,0.2962821969218424
POSCAR_Mo2N2_4_y050,0.284022,0.32365204649456036
POSCAR_Mo2N2_4_y950,0.375913,0.3326800889065575
POSCAR_Mo2N2_4_y975,0.347447,0.29750027679388114
POSCAR_Mo2N2_4_z025,0.28572,0.2913609031951034
POSCAR_Mo2N2_4_z050,0.257576,0.30090539385573994
POSCAR_Mo2N2_4_z950,0.397349,0.29462793325287007
POSCAR_Mo2N2_4_z975,0.351974,0.30255898131682496
POSCAR_Mo2O3_1,1.443962,0.7334130549203122
POSCAR_Mo2O3_1_st025,1.017224,0.7366311621214998
POSCAR_Mo2O3_1_st050,0.660925,0.733924838209481
POSCAR_Mo2O3_1_st950,1.366798,0.7285253642409519
POSCAR_Mo2O3_1_st975,1.546168,0.7233422171276823
POSCAR_Mo2O3_1_x025,1.452999,0.7342935939506859
POSCAR_Mo2O3_1_x050,1.456187,0.6707578684925548
POSCAR_Mo2O3_1_x950,1.400024,0.7701613504614682
POSCAR_Mo2O3_1_x975,1.426924,0.7453145560292057
POSCAR_Mo2O4_2,0.731615,0.5183495857010972
POSCAR_Mo2O4_2_st025,0.668252,0.49123013244172953
POSCAR_Mo2O4_2_st050,0.613307,0.47904985268821304
POSCAR_Mo2O4_2_st950,0.886503,0.6129810801812549
POSCAR_Mo2O4_2_st975,0.809936,0.554077109437393
POSCAR_Mo2O4_2_x025,0.681421,0.5000610126272651
POSCAR_Mo2O4_2_x050,0.613316,0.518636748909952
POSCAR_Mo2O4_2_x950,0.746447,0.5620653662259767
POSCAR_Mo2O4_2_x975,0.749344,0.5315471037078691
POSCAR_Mo2O4_2_y025,0.705532,0.5078133974663895
POSCAR_Mo2O4_2_y050,0.671588,0.5098410560590346
POSCAR_Mo2O4_2_y950,0.773406,0.5494353132093678
POSCAR_Mo2O4_2_y975,0.753762,0.5334274453506938
POSCAR_Mo2O4_2_z025,0.722261,0.5193449782098004
POSCAR_Mo2O4_2_z050,0.699674,0.5220391633020081
POSCAR_Mo2O4_2_z950,0.722865,0.54053423312958
POSCAR_Mo2O4_2_z975,0.731223,0.5267892040654533
POSCAR_Mo2P4_4,0.476362,0.4566025931611383
POSCAR_Mo2P4_4_st950,0.442223,0.45659657435765244
POSCAR_Mo2P4_4_st975,0.465529,0.4710152182826955
POSCAR_Mo2P4_4_x050,0.349607,0.4595376146510569
POSCAR_Mo2P4_4_x950,0.392774,0.48104568570686324
POSCAR_Mo2P4_4_x975,0.455044,0.4686282282222178
POSCAR_Mo2P4_4_y025,0.440591,0.4614171746315868
POSCAR_Mo2P4_4_y050,0.432413,0.43927093451495447
POSCAR_Mo2P4_4_y950,0.507009,0.478983393887379
POSCAR_Mo2P4_4_y975,0.491332,0.46453664356343455
POSCAR_Mo2P4_4_z025,0.473236,0.4734060352714975
POSCAR_Mo2P4_4_z050,0.477571,0.4848438410375199
POSCAR_Mo2P4_4_z975,0.481543,0.4694601665427908
POSCAR_Mo2P8_1,0.196501,0.4012430268006599
POSCAR_Mo2P8_1_st025,0.234051,0.3972380334360613
POSCAR_Mo2P8_1_st050,0.280115,0.3928225802471265
POSCAR_Mo2P8_1_st950,0.239577,0.3934511112793863
POSCAR_Mo2P8_1_st975,0.22951,0.38981702062144247
POSCAR_Mo2P8_1_x025,0.190387,0.3930425411183856
POSCAR_Mo2P8_1_x050,0.306738,0.3822644805385856
POSCAR_Mo2P8_1_x950,0.21123,0.42504630225951934
POSCAR_Mo2P8_1_x975,0.192415,0.41603483236075234
POSCAR_Mo2P8_1_y975,0.214951,0.4164321209571842
POSCAR_Mo2P8_1_z975,0.214249,0.4178395436280482
POSCAR_Mo2Sb2_2,1.222819,0.8194763070557722
POSCAR_Mo2Sb2_2_st025,1.179225,0.7414782100754573
POSCAR_Mo2Sb2_2_st050,1.162559,0.6784336222181252
POSCAR_Mo2Sb2_2_st950,1.330672,0.9180265716114616
POSCAR_Mo2Sb2_2_st975,1.271594,0.898719803718788
POSCAR_Mo2Sb2_2_x025,1.208829,0.8449668184368319
POSCAR_Mo2Sb2_2_x050,1.197117,0.8346558429203432
POSCAR_Mo2Sb2_2_x950,1.263536,0.8582780853079663
POSCAR_Mo2Sb2_2_x975,1.236153,0.836461235829134
POSCAR_Mo2Sb2_2_y025,1.261591,0.8160695039734767
POSCAR_Mo2Sb2_2_y050,1.210688,0.8270680125827662
POSCAR_Mo2Sb2_2_y950,1.278745,0.8745610901490057
POSCAR_Mo2Sb2_2_y975,1.245622,0.8577935148824888
POSCAR_Mo2Sb2_2_z025,1.198107,0.7857832064417792
POSCAR_Mo2Sb2_2_z050,1.169259,0.7537606660060592
POSCAR_Mo2Sb2_2_z950,1.270415,0.8933399299878586
POSCAR_Mo2Sb2_2_z975,1.255148,0.8692901460966987
POSCAR_Mo2Se2_1,0.89678,0.7349010803241529
POSCAR_Mo2Se2_1_st025,0.814212,0.6854149316364528
POSCAR_Mo2Se2_1_st050,0.734877,0.631075303986618
POSCAR_Mo2Se2_1_st950,1.037507,0.7897762201555852
POSCAR_Mo2Se2_1_st975,0.975994,0.7588890922003106
POSCAR_Mo2Se2_1_z025,0.885288,0.6533266471011805
POSCAR_Mo2Se2_1_z050,0.859288,0.5989100180784491
POSCAR_Mo2Se2_1_z950,0.874903,0.7546344912653147
POSCAR_Mo2Se2_1_z975,0.8931,0.7470520519955371
POSCAR_Mo2Sn4_1,0.05732,0.02022793290879819
POSCAR_Mo2Sn4_1_x025,0.005779,0.013672877078414322
POSCAR_Mo2Sn4_1_x050,0.005198,0.01401538049599589
POSCAR_Mo2Sn4_1_y050,0.005108,0.013963916363906074
POSCAR_Mo2Sn4_1_y950,0.004465,0.013783167089631608
POSCAR_Mo2Sn4_1_z025,0.005554,0.01391013999228603
POSCAR_Mo2Sn4_1_z050,0.005669,0.014017517808687287
POSCAR_Mo2Sn4_1_z975,0.005089,0.013789353569709385
POSCAR_Mo2Sn5_1,0.011958,0.014499214892791224
POSCAR_Mo2Sn5_1_st025,0.011758,0.014566569240432788
POSCAR_Mo2Sn5_1_st050,0.011218,0.014606664355249687
POSCAR_Mo2Sn5_1_st975,0.01105,0.01419943377320528
POSCAR_Mo2Sn5_1_x025,0.012221,0.014229357127546461
POSCAR_Mo2Sn5_1_x050,0.011792,0.014367746666699367
POSCAR_Mo2Sn5_1_z050,0.013093,0.012942112023381495
POSCAR_Mo2Te2_1,0.911697,0.7783799515333498
POSCAR_Mo2Te2_1_st025,0.827894,0.700360055249998
POSCAR_Mo2Te2_1_st050,0.753871,0.6887073347683653
POSCAR_Mo2Te2_1_st950,1.100611,0.8658972137074584
POSCAR_Mo2Te2_1_st975,1.005254,0.8251411636167137
POSCAR_Mo2Te2_1_z025,0.866522,0.7223843495390433
POSCAR_Mo2Te2_1_z050,0.813679,0.7166613727582298
POSCAR_Mo2Te2_1_z950,0.966295,0.8287948362867618
POSCAR_Mo2Te2_1_z975,0.946142,0.8102432938728205
POSCAR_N2V2_1,1.108168,0.9000653639573257
POSCAR_N2V2_1_st025,1.102387,0.8903067404490295
POSCAR_N2V2_1_st050,1.469193,0.8376166846956903
POSCAR_N2V2_1_st975,1.416518,0.8962718516309953
POSCAR_N2V2_1_z025,1.153033,0.8639042901405081
POSCAR_N2V2_1_z950,1.222391,0.8842153058979113
POSCAR_N2V2_1_z975,1.134111,0.9509156425355567
POSCAR_N2V2_7,0.120901,0.29916800639070096
POSCAR_N2V2_7_st025,0.119577,0.2861987266448718
POSCAR_N2V2_7_st050,0.121726,0.27396812508907237
POSCAR_N2V2_7_st975,0.139245,0.30002142327211034
POSCAR_N2V2_7_x025,0.149414,0.3005682906953473
POSCAR_N2V2_7_x050,0.176155,0.3177915987113801
POSCAR_N2V2_7_x950,0.171011,0.30628338297319907
POSCAR_N2V2_7_x975,0.143762,0.29661000377514507
POSCAR_N2V2_7_y025,0.150702,0.3006342356484191
POSCAR_N2V2_7_y050,0.17773,0.31709516665707577
POSCAR_N2V2_7_y950,0.169259,0.30628338297319907
POSCAR_N2V2_7_y975,0.142571,0.29661000377514507
POSCAR_N2V2_7_z025,0.09989,0.28648610665282237
POSCAR_N2V2_7_z050,0.081571,0.2712807030789123
POSCAR_N2V2_7_z950,0.18963,0.31647540767978066
POSCAR_N2V2_7_z975,0.152506,0.30843967035758635
POSCAR_N4Nb2_4,0.222894,0.473736508599448
POSCAR_N4Nb2_4_st025,0.261911,0.4472520832654065
POSCAR_N4Nb2_4_st050,0.255789,0.4369636295302689
POSCAR_N4Nb2_4_st950,0.30315,0.5221628613353471
POSCAR_N4Nb2_4_st975,0.262719,0.49584699032103813
POSCAR_N4Nb2_4_x025,0.298641,0.5027825846363287
POSCAR_N4Nb2_4_x050,0.31756,0.5188223059028192
POSCAR_N4Nb2_4_x950,0.330481,0.5430002771988582
POSCAR_N4Nb2_4_x975,0.258821,0.5128920019048168
POSCAR_N4Nb2_4_y025,0.299383,0.506605049396369
POSCAR_N4Nb2_4_y050,0.318358,0.523471843747856
POSCAR_N4Nb2_4_y950,0.329706,0.5354816230733357
POSCAR_N4Nb2_4_y975,0.258611,0.5149661420778067
POSCAR_N4Nb2_4_z025,0.214071,0.4578852956333062
POSCAR_N4Nb2_4_z050,0.195665,0.44731373670633556
POSCAR_N4Nb2_4_z950,0.230358,0.48798206933312277
POSCAR_N4Nb2_4_z975,0.224973,0.4770324897700925
POSCAR_Nb2Se2_2,0.462368,0.48680269421636724
POSCAR_Nb2Se2_2_st025,0.382535,0.4670097069375115
POSCAR_Nb2Se2_2_st050,0.335034,0.44759376583541616
POSCAR_Nb2Se2_2_st950,0.684349,0.5353273456001003
POSCAR_Nb2Se2_2_st975,0.561601,0.5014505153907103
POSCAR_Nb2Se2_2_x025,0.45016,0.5113555086801511
POSCAR_Nb2Se2_2_x050,0.444516,0.5436029845097365
POSCAR_Nb2Se2_2_x950,0.580014,0.49767038350022286
POSCAR_Nb2Se2_2_x975,0.52018,0.4973078069381503
POSCAR_Nb2Se2_2_y025,0.451367,0.5150361457519314
POSCAR_Nb2Se2_2_y050,0.44584,0.5449707081747962
POSCAR_Nb2Se2_2_y950,0.578925,0.49530234990808863
POSCAR_Nb2Se2_2_y975,0.519049,0.4929459802985356
POSCAR_Nb2Se2_2_z025,0.442399,0.4425302255376188
POSCAR_Nb2Se2_2_z050,0.420528,0.413697519158045
POSCAR_Nb2Se2_2_z950,0.486074,0.5134562150216586
POSCAR_Nb2Se2_2_z975,0.47799,0.5222046126545843
POSCAR_Nb2Te2_4,0.628306,0.4130612075776805
POSCAR_Nb2Te2_4_st025,0.60209,0.38280773927634576
POSCAR_Nb2Te2_4_st050,0.542621,0.3601051845014231
POSCAR_Nb2Te2_4_st950,0.79053,0.485410170639421
POSCAR_Nb2Te2_4_st975,0.665194,0.4569180410503083
POSCAR_Nb2Te2_4_x025,0.664511,0.45150404777021846
POSCAR_Nb2Te2_4_x050,0.638597,0.45981804240918456
POSCAR_Nb2Te2_4_x950,0.68954,0.47438774712575177
POSCAR_Nb2Te2_4_x975,0.630268,0.45972840981529006
POSCAR_Nb2Te2_4_y025,0.665748,0.4485096508183983
POSCAR_Nb2Te2_4_y050,0.640583,0.45742965647374667
POSCAR_Nb2Te2_4_y950,0.690825,0.48409956198967047
POSCAR_Nb2Te2_4_y975,0.630725,0.4643234498392047
POSCAR_Nb2Te2_4_z025,0.591742,0.38394256924022147
POSCAR_Nb2Te2_4_z050,0.565268,0.3643579304776063
POSCAR_Nb2Te2_4_z950,0.627079,0.468519320834062
POSCAR_Nb2Te2_4_z975,0.621767,0.43991288838487225
POSCAR_Ni2O2_5,0.674205,0.5711754824070311
POSCAR_Ni2O2_5_st025,0.618544,0.5309311203557059
POSCAR_Ni2O2_5_st050,0.558133,0.5618679653033796
POSCAR_Ni2O2_5_st950,0.771302,0.5662726019696372
POSCAR_Ni2O2_5_st975,0.742822,0.5633459006348303
POSCAR_Ni2O2_5_x025,0.670308,0.5538968684410285
POSCAR_Ni2O2_5_x050,0.640898,0.5842432966739973
POSCAR_Ni2O2_5_x950,0.718918,0.5877929635860142
POSCAR_Ni2O2_5_x975,0.704648,0.5797178158464483
POSCAR_Ni2O2_5_y025,0.670335,0.5537332369760353
POSCAR_Ni2O2_5_y050,0.640825,0.5835780618191413
POSCAR_Ni2O2_5_y950,0.71923,0.5596880072836314
POSCAR_Ni2O2_5_y975,0.704988,0.5718101903198962
POSCAR_Ni2O2_5_z025,0.647516,0.5536366735089836
POSCAR_Ni2O2_5_z050,0.504468,0.5573854658371338
POSCAR_Ni2O2_5_z950,0.720425,0.5427798294015166
POSCAR_Ni2O2_5_z975,0.704549,0.5429642483784973
POSCAR_Ni2O4_1,0.346446,0.36473468461126646
POSCAR_Ni2O4_1_st025,0.327731,0.3640544702659243
POSCAR_Ni2O4_1_st050,0.302493,0.35366753023753167
POSCAR_Ni2O4_1_st950,0.331593,0.4328406040780591
POSCAR_Ni2O4_1_st975,0.323627,0.39720161058204784
POSCAR_Ni2O4_1_x025,0.36699,0.37691134063881904
POSCAR_Ni2O4_1_x050,0.377253,0.3973560446745357
POSCAR_Ni2O4_1_x950,0.26499,0.3857349409726945
POSCAR_Ni2O4_1_x975,0.320077,0.3789911784122105
POSCAR_Ni2O4_1_y025,0.399804,0.39101633998046803
POSCAR_Ni2O4_1_y050,0.414298,0.39558502976729026
POSCAR_Ni2O4_1_y950,0.206254,0.3723478332778183
POSCAR_Ni2O4_1_y975,0.27304,0.3592645624989983
POSCAR_Ni2O4_1_z025,0.243854,0.36046261016038206
POSCAR_Ni2O4_1_z050,0.202171,0.3645121400675796
POSCAR_Ni2O4_1_z950,0.507733,0.45382921475585286
POSCAR_Ni2O4_1_z975,0.446597,0.40424514529740746
POSCAR_Ni2O4_2,0.336583,0.43176247750545005
POSCAR_Ni2O4_2_st025,0.317546,0.4211735818143186
POSCAR_Ni2O4_2_st050,0.292721,0.4014649815608343
POSCAR_Ni2O4_2_st950,0.323947,0.4918312199141418
POSCAR_Ni2O4_2_st975,0.347432,0.4574382109804434
POSCAR_Ni2O4_2_x025,0.356151,0.4520257639227678
POSCAR_Ni2O4_2_x050,0.36545,0.4662813983486869
POSCAR_Ni2O4_2_x950,0.258231,0.44682893265391654
POSCAR_Ni2O4_2_x975,0.31081,0.4391942148928153
POSCAR_Ni2O4_2_y025,0.392305,0.4406275157126405
POSCAR_Ni2O4_2_y050,0.409224,0.45221076445424063
POSCAR_Ni2O4_2_y950,0.197409,0.45677831064209484
POSCAR_Ni2O4_2_y975,0.262714,0.4453477585644428
POSCAR_Ni2O4_2_z025,0.25158,0.4307608525454581
POSCAR_Ni2O4_2_z050,0.197509,0.4396508204815691
POSCAR_Ni2O4_2_z950,0.502922,0.5041513384039874
POSCAR_Ni2O4_2_z975,0.438923,0.4657019450177635
POSCAR_Ni2P4_1,0.083516,0.432780290939208
POSCAR_Ni2P4_1_st025,0.209359,0.43683102206724356
POSCAR_Ni2P4_1_x025,0.020287,0.45905110538347144
POSCAR_Ni2P4_1_y025,0.030735,0.4297950927692329
POSCAR_Ni2P4_1_z025,0.020887,0.43004759716052277
POSCAR_Ni2P8_1,0.953765,0.4921583538111579
POSCAR_Ni2P8_1_st025,0.822679,0.49903058873016953
POSCAR_Ni2P8_1_st050,0.711113,0.5080487452025095
POSCAR_Ni2P8_1_st950,0.853656,0.4546927951471317
POSCAR_Ni2P8_1_x025,0.848588,0.4998676165475696
POSCAR_Ni2P8_1_x050,0.750589,0.4993797021263303
POSCAR_Ni2P8_1_x975,0.955907,0.47993310043563353
POSCAR_Ni2P8_1_y025,0.91561,0.4932606475247681
POSCAR_Ni2P8_1_y050,0.858492,0.487179677566967
POSCAR_Ni2P8_1_z025,0.915946,0.46806967511139086
POSCAR_Ni2P8_1_z050,0.799391,0.43108672104841367
POSCAR_Ni2P8_1_z950,0.847307,0.4868607571855608
POSCAR_Ni2Pb1_1,0.012007,0.04145213022549519
POSCAR_Ni2Pb2_1,0.012211,0.3372914271775108
POSCAR_Ni2S4_2,0.573737,0.4145305540784626
POSCAR_Ni2S4_2_st025,0.521309,0.40772931678683744
POSCAR_Ni2S4_2_st050,0.468718,0.40258890551893445
POSCAR_Ni2S4_2_st950,0.464109,0.3683655684559987
POSCAR_Ni2S4_2_st975,0.451419,0.3931085716510508
POSCAR_Ni2S4_2_x025,0.569878,0.43089407035910177
POSCAR_Ni2S4_2_x050,0.560382,0.4416667891167214
POSCAR_Ni2S4_2_x950,0.410274,0.3916927247011765
POSCAR_Ni2S4_2_x975,0.570384,0.3765511647443292
POSCAR_Ni2S4_2_y025,0.592972,0.40167115611020215
POSCAR_Ni2S4_2_y050,0.57507,0.3952372086669813
POSCAR_Ni2S4_2_y950,0.485096,0.3803204686680135
POSCAR_Ni2S4_2_y975,0.531872,0.40626696383813826
POSCAR_Ni2S4_2_z025,0.490033,0.3949944760222191
POSCAR_Ni2S4_2_z050,0.416932,0.3972278605918614
POSCAR_Ni2S4_2_z950,0.702495,0.4638116480193871
POSCAR_Ni2S4_2_z975,0.653921,0.43035843661982925
POSCAR_Ni2Sb4_1,0.039721,0.32614737402361027
POSCAR_Ni2Se2_1,0.83688,0.6964826934643271
POSCAR_Ni2Se2_1_st025,0.743515,0.6553916207625633
POSCAR_Ni2Se2_1_st050,0.644537,0.612950704666408
POSCAR_Ni2Se2_1_st950,1.225128,0.7403332242052036
POSCAR_Ni2Se2_1_st975,1.00538,0.7499793678483767
POSCAR_Ni2Se2_1_x025,0.81315,0.7373539480518598
POSCAR_Ni2Se2_1_x050,0.77751,0.7369978352042719
POSCAR_Ni2Se2_1_x950,0.958008,0.7678302936043483
POSCAR_Ni2Se2_1_x975,0.892725,0.750227304654771
POSCAR_Ni2Se2_1_y025,0.813093,0.7378219758457604
POSCAR_Ni2Se2_1_y050,0.777199,0.736986164470392
POSCAR_Ni2Se2_1_y950,0.957887,0.7679922165735973
POSCAR_Ni2Se2_1_y975,0.892579,0.7501420237617606
POSCAR_Ni2Se2_1_z025,0.783518,0.6435137648909243
POSCAR_Ni2Se2_1_z050,0.71695,0.6125951580382674
POSCAR_Ni2Se2_1_z950,0.970994,0.7393121039650967
POSCAR_Ni2Se2_1_z975,0.896083,0.7396123042978844
POSCAR_Ni2Se2_2,0.842635,0.7986911247719525
POSCAR_Ni2Se2_2_st025,0.752813,0.7487840801875584
POSCAR_Ni2Se2_2_st050,0.654443,0.6908895404955535
POSCAR_Ni2Se2_2_st950,1.227872,0.863941985853593
POSCAR_Ni2Se2_2_st975,1.008051,0.865816339082754
POSCAR_Ni2Se2_2_x025,0.816108,0.7786236827561926
POSCAR_Ni2Se2_2_x050,0.780337,0.7661532977113672
POSCAR_Ni2Se2_2_x950,0.957378,0.7979655294921448
POSCAR_Ni2Se2_2_x975,0.89206,0.7751169890638214
POSCAR_Ni2Se2_2_y025,0.815769,0.7605696161650506
POSCAR_Ni2Se2_2_y050,0.778519,0.7621979616936063
POSCAR_Ni2Se2_2_y950,0.959926,0.8031900426270799
POSCAR_Ni2Se2_2_y975,0.893733,0.7901900010514704
POSCAR_Ni2Se2_2_z025,0.780499,0.7588732591187343
POSCAR_Ni2Se2_2_z050,0.719796,0.7175727088213453
POSCAR_Ni2Se2_2_z950,0.973669,0.8471145995439273
POSCAR_Ni2Se2_2_z975,0.898471,0.8466742050609497
POSCAR_Ni2Se3_1,0.385811,0.34172559570866684
POSCAR_Ni2Se3_1_st025,0.34654,0.34189759083423893
POSCAR_Ni2Se3_1_st050,0.303956,0.3329141724395488
POSCAR_Ni2Se3_1_st975,0.420565,0.33808986219022336
POSCAR_Ni2Se3_1_x025,0.382784,0.3294634012846172
POSCAR_Ni2Se3_1_x050,0.381181,0.29644989671402694
POSCAR_Ni2Se3_1_x975,0.378029,0.33368009912528246
POSCAR_Ni2Se4_1,0.393757,0.4817218778699094
POSCAR_Ni2Se4_1_st025,0.368172,0.46562548941014525
POSCAR_Ni2Se4_1_st050,0.343238,0.4572852320997132
POSCAR_Ni2Se4_1_st950,0.444257,0.5169087521924532
POSCAR_Ni2Se4_1_st975,0.419452,0.500204729174847
POSCAR_Ni2Se4_1_x025,0.409182,0.4931799197015456
POSCAR_Ni2Se4_1_x050,0.428654,0.4999610727836751
POSCAR_Ni2Se4_1_x950,0.378078,0.47877182773006255
POSCAR_Ni2Se4_1_x975,0.383195,0.46193494254871126
POSCAR_Ni2Se4_1_y025,0.38905,0.4639320121245909
POSCAR_Ni2Se4_1_y050,0.385454,0.4588634356484475
POSCAR_Ni2Se4_1_y950,0.446877,0.49173386895208754
POSCAR_Ni2Se4_1_y975,0.407211,0.4855288021388474
POSCAR_Ni2Se4_1_z025,0.362399,0.46828421722011965
POSCAR_Ni2Se4_1_z050,0.357915,0.4679244697841339
POSCAR_Ni2Se4_1_z950,0.468986,0.5311263087178922
POSCAR_Ni2Se4_1_z975,0.429374,0.5019906538821769
POSCAR_Ni2Te2_1,1.434773,0.5658205270118504
POSCAR_Ni2Te2_1_st025,1.28336,0.6251356987257985
POSCAR_Ni2Te2_1_st050,1.060744,0.6370524589091456
POSCAR_Ni2Te2_1_x950,0.174927,0.5747764144560111
POSCAR_Ni2Te2_1_x975,0.02328,0.5633126068188398
POSCAR_Ni2Te2_1_y025,1.418214,0.5646290398831335
POSCAR_Ni2Te2_1_y975,0.009559,0.5608463793397434
POSCAR_Ni2Te2_1_z025,1.425784,0.6274421766546873
POSCAR_Ni2Te2_1_z050,1.36277,0.6183710724046914
POSCAR_O2Rh2_7,0.01109,0.14176066115763078
POSCAR_O2Rh2_7_x025,0.015809,0.14126739917715028
POSCAR_O2Rh2_7_x050,0.012441,0.15167174601127195
POSCAR_O2Rh2_7_x975,0.013436,0.14577482568855532
POSCAR_O2Rh2_7_y025,0.011592,0.1540731253651627
POSCAR_O2Rh2_7_y050,0.011414,0.15503264751519993
POSCAR_O2Rh2_7_z025,0.011422,0.14210711956946503
POSCAR_O2Rh2_7_z050,0.011578,0.13842057512490635
POSCAR_O2Rh2_7_z950,0.014018,0.14505482873733036
POSCAR_O2Rh2_7_z975,0.009933,0.14145220275991155
POSCAR_O2Sc2_2,0.032929,0.15670723676512494
POSCAR_O2Sc2_2_st025,0.026133,0.15440484999281046
POSCAR_O2Sc2_2_st050,0.020832,0.1502650626778335
POSCAR_O2Sc2_2_st950,0.052511,0.1769226476707839
POSCAR_O2Sc2_2_st975,0.041516,0.16307457483242213
POSCAR_O2Sc2_2_x025,0.038216,0.16595047648701633
POSCAR_O2Sc2_2_x050,0.042143,0.1681026868744851
POSCAR_O2Sc2_2_x950,0.061808,0.18427514922547528
POSCAR_O2Sc2_2_x975,0.045378,0.16186084396460076
POSCAR_O2Sc2_2_y025,0.03817,0.16590703096337187
POSCAR_O2Sc2_2_y050,0.042109,0.16802402184550766
POSCAR_O2Sc2_2_y950,0.061831,0.18417937448178653
POSCAR_O2Sc2_2_y975,0.045415,0.1618669416458705
POSCAR_O2Sc2_2_z025,0.031106,0.16023860530730324
POSCAR_O2Sc2_2_z050,0.029945,0.1608847664264727
POSCAR_O2Sc2_2_z950,0.038085,0.16843182967892076
POSCAR_O2Sc2_2_z975,0.035475,0.17560362454010128
POSCAR_O2Ti2_7,0.386138,0.2546670521204858
POSCAR_O2Ti2_7_st050,0.359156,0.2373690112437297
POSCAR_O2Ti2_7_x050,0.442819,0.28532149236747056
POSCAR_O2Ti2_7_x950,0.127142,0.2962291579005871
POSCAR_O2Ti2_7_y950,0.129463,0.2963094020165956
POSCAR_O2Ti2_7_z050,0.017214,0.24383485769508953
POSCAR_O2Ti2_7_z950,0.468335,0.2871754202958127
POSCAR_O2V2_3,0.165086,0.4053151469889961
POSCAR_O2V2_3_st025,0.173899,0.4708499191359949
POSCAR_O2V2_3_st050,0.171421,0.476165752584203
POSCAR_O2V2_3_st950,0.206362,0.4337734846614164
POSCAR_O2V2_3_st975,0.167102,0.40485979337787936
POSCAR_O2V2_3_x025,0.187283,0.44693169501980823
POSCAR_O2V2_3_x050,0.189096,0.47320568116370093
POSCAR_O2V2_3_x950,0.191131,0.45921520682871103
POSCAR_O2V2_3_x975,0.167874,0.447219657387142
POSCAR_O2V2_3_y025,0.187356,0.44882907152041435
POSCAR_O2V2_3_y050,0.189299,0.474471143549913
POSCAR_O2V2_3_y950,0.191456,0.45759728747728073
POSCAR_O2V2_3_y975,0.166228,0.44408119126628653
POSCAR_O2V2_3_z025,0.14565,0.4470837228837297
POSCAR_O2V2_3_z050,0.149227,0.4311590461179997
POSCAR_O2V2_3_z950,0.177744,0.3998876695092991
POSCAR_O2V2_3_z975,0.182294,0.4077704235271536
POSCAR_O2Y2_1,0.074901,0.13212195072183427
POSCAR_O2Y2_4,0.065278,0.14242612730427998
POSCAR_O4Rh2_1,0.805695,0.4233023841009291
POSCAR_O4Rh2_1_x025,0.679234,0.4475140789187358
POSCAR_O4Rh2_1_x050,0.685899,0.46864200880914775
POSCAR_O4Rh2_1_x950,0.920269,0.4420740282518016
POSCAR_O4Rh2_1_x975,0.918702,0.43402787760516814
POSCAR_O4Rh2_1_y025,0.8219,0.4197777372366964
POSCAR_O4Rh2_1_y050,0.833896,0.4065234011094225
POSCAR_O4Rh2_1_y950,0.766671,0.45061303606721853
POSCAR_O4Rh2_1_y975,0.778887,0.4383594100867367
POSCAR_O4Rh2_1_z025,0.824833,0.4278410900467864
POSCAR_O4Rh2_1_z050,0.83577,0.41767449287605984
POSCAR_O4Rh2_1_z950,0.782566,0.4634308732316462
POSCAR_O4Rh2_1_z975,0.774288,0.4208000281080393
POSCAR_O4Ru2_1,0.457507,0.5661421781649131
POSCAR_O4Ru2_1_st025,0.455033,0.5150692580364393
POSCAR_O4Ru2_1_st050,0.417026,0.4844900303577539
POSCAR_O4Ru2_1_st950,0.585621,0.586675549302585
POSCAR_O4Ru2_1_st975,0.513337,0.5894779516003952
POSCAR_O4Ru2_1_x025,0.510883,0.5539927256034175
POSCAR_O4Ru2_1_x050,0.527345,0.5478747268067261
POSCAR_O4Ru2_1_x950,0.562709,0.5508555438505539
POSCAR_O4Ru2_1_x975,0.475318,0.5707011287286806
POSCAR_O4Ru2_1_y025,0.457431,0.5550189507425536
POSCAR_O4Ru2_1_y050,0.423666,0.522484305933143
POSCAR_O4Ru2_1_y950,0.4348,0.5881707941947276
POSCAR_O4Ru2_1_y975,0.41386,0.5745949811249539
POSCAR_O4Ru2_1_z025,0.457426,0.5557794381540482
POSCAR_O4Ru2_1_z050,0.423708,0.524776737352914
POSCAR_O4Ru2_1_z950,0.43482,0.6015856599652009
POSCAR_O4Ru2_1_z975,0.414017,0.5744075158765345
POSCAR_O4Ru2_2,0.174484,0.10422753639048378
POSCAR_O4Ru2_2_st025,0.197028,0.10199181490309682
POSCAR_O4Ru2_2_st050,0.169602,0.10172414916613168
POSCAR_O4Ru2_2_st950,0.183597,0.11472701674703914
POSCAR_O4Ru2_2_x025,0.194143,0.10483854988225035
POSCAR_O4Ru2_2_x050,0.233842,0.10393637858586022
POSCAR_O4Ru2_2_x950,0.12712,0.1034272112296112
POSCAR_O4Ru2_2_x975,0.16295,0.10210750302988326
POSCAR_O4Ru2_2_y025,0.150857,0.10039956874531356
POSCAR_O4Ru2_2_y050,0.139239,0.09903032331159772
POSCAR_O4Ru2_2_y975,0.206032,0.10488911850872773
POSCAR_O4Ru2_2_z025,0.154323,0.10007347972628143
POSCAR_O4Ru2_2_z050,0.11933,0.09974717577188803
POSCAR_O4Ru2_2_z975,0.228276,0.10415943754735003
POSCAR_O4V2_1,0.455559,0.26096998218723166
POSCAR_O4V2_1_st025,0.395176,0.24121951406353195
POSCAR_O4V2_1_st050,0.34917,0.22367464850768934
POSCAR_O4V2_1_st950,0.602315,0.3119291734931719
POSCAR_O4V2_1_st975,0.555924,0.2838571718052593
POSCAR_O4V2_1_x025,0.478558,0.2506072964505454
POSCAR_O4V2_1_x050,0.431568,0.24263567677379402
POSCAR_O4V2_1_x950,0.594741,0.26565543938427444
POSCAR_O4V2_1_x975,0.520441,0.27032095199952205
POSCAR_O4V2_1_y025,0.456344,0.2534613250475983
POSCAR_O4V2_1_y050,0.438834,0.24735103296305613
POSCAR_O4V2_1_y950,0.436874,0.27092543692312654
POSCAR_O4V2_1_y975,0.435226,0.26758971540448945
POSCAR_O4V2_1_z025,0.456199,0.25170117344771314
POSCAR_O4V2_1_z050,0.438552,0.24571845739883086
POSCAR_O4V2_1_z950,0.437073,0.27315609170039495
POSCAR_O4V2_1_z975,0.435425,0.2696732803691099
POSCAR_O4V2_3,0.046177,0.18653438881223144
POSCAR_O4V2_3_st025,0.079231,0.1787553368247667
POSCAR_O4V2_3_st050,0.079743,0.1794925819968482
POSCAR_O4V2_3_st950,0.093629,0.19721463325900035
POSCAR_O4V2_3_st975,0.038961,0.191794679499866
POSCAR_O4V2_3_x025,0.159159,0.18204382864177424
POSCAR_O4V2_3_x050,0.30224,0.19263550290252607
POSCAR_O4V2_3_x950,0.282184,0.20517448657221277
POSCAR_O4V2_3_x975,0.139146,0.18882252451305326
POSCAR_O4V2_3_y025,0.138788,0.18125140176830312
POSCAR_O4V2_3_y050,0.281493,0.19082154311268623
POSCAR_O4V2_3_y950,0.301316,0.20597704065005343
POSCAR_O4V2_3_y975,0.158877,0.19040266179915283
POSCAR_O4V2_3_z025,0.079703,0.18539979892460032
POSCAR_O4V2_3_z050,0.10088,0.19013553577844258
POSCAR_O4V2_3_z950,0.068956,0.1919481894912771
POSCAR_O4V2_3_z975,0.035874,0.18617603886217948
POSCAR_O4Y2_5,0.039677,0.07866436943450734
POSCAR_O5Ru2_1,0.02266,0.11019733490852086
POSCAR_O5Ru2_1_st025,0.02341,0.09806135078953143
POSCAR_O5Ru2_1_st975,0.023231,0.11549211118355297
POSCAR_O5Ru2_1_x025,0.027822,0.11093200669858572
POSCAR_O5Ru2_1_x050,0.033094,0.10761202836037065
POSCAR_O5Ru2_1_x950,0.008402,0.11579765027526703
POSCAR_O5Ru2_1_x975,0.019727,0.11101077467846043
POSCAR_O5Ru2_1_y025,0.012375,0.10596069537620258
POSCAR_O5Ru2_1_y050,0.015752,0.10210669482896356
POSCAR_O5Ru2_1_y950,0.035731,0.11031699729477958
POSCAR_O5Ru2_1_y975,0.039154,0.10864128500902508
POSCAR_O5Ru2_1_z025,0.042374,0.10131087676014182
POSCAR_O5Ru2_1_z050,0.043244,0.0965447570087955
POSCAR_O5Ru2_1_z975,0.013914,0.11333556045115353
POSCAR_O6Rh2_1,0.190579,0.4514951950083087
POSCAR_O6Rh2_1_x025,0.211679,0.4968326425064308
POSCAR_O6Rh2_1_x050,0.240807,0.5268678879162526
POSCAR_O6Rh2_1_y025,0.211985,0.49735765640049245
POSCAR_O6Rh2_1_y050,0.23939,0.5265659245456057
POSCAR_O6Rh2_1_z025,0.19606,0.46036456441631607
POSCAR_O6Rh2_1_z050,0.219455,0.46360496960592995
POSCAR_O6Rh2_1_z950,0.123817,0.5194622285247045
POSCAR_O6Rh2_1_z975,0.168298,0.4785832650583805
POSCAR_O6Ru2_2,0.38763,0.2984368588376126
POSCAR_O6Ru2_2_st025,0.330648,0.2951416615821244
POSCAR_O6Ru2_2_st050,0.24926,0.2941091365158727
POSCAR_O6Ru2_2_st950,0.324683,0.3222986471279027
POSCAR_O6Ru2_2_st975,0.406688,0.31923805896665935
POSCAR_O6Ru2_2_z025,0.393943,0.3138834303661346
POSCAR_O6Ru2_2_z050,0.354108,0.3138068664130835
POSCAR_O6Ru2_2_z950,0.268789,0.31616638381192075
POSCAR_O6Ru2_2_z975,0.342504,0.3039206704210045
POSCAR_P1Ru2_1,0.011545,0.07279438199813962
POSCAR_P1Ru2_1_st050,0.032721,0.07763122344575969
POSCAR_P2Ru2_2,0.44534,0.41377869408368134
POSCAR_P2Ru2_2_st025,0.409804,0.4209314207137354
POSCAR_P2Ru2_2_st950,0.348722,0.3433469991029272
POSCAR_P2Ru2_2_st975,0.505294,0.37148556466970095
POSCAR_P2Ru2_2_x025,0.481789,0.49857377017217275
POSCAR_P2Ru2_2_x050,0.492988,0.55387518637417
POSCAR_P2Ru2_2_x950,0.587903,0.5050857041317321
POSCAR_P2Ru2_2_x975,0.518551,0.47017352489488234
POSCAR_P2Ru2_2_y025,0.47543,0.49014991592018703
POSCAR_P2Ru2_2_y050,0.488761,0.5162771757942672
POSCAR_P2Ru2_2_y950,0.593917,0.5142151668528282
POSCAR_P2Ru2_2_y975,0.525025,0.4818647869019924
POSCAR_P2Ru2_2_z025,0.440628,0.4004522828408527
POSCAR_P2Ru2_2_z050,0.413021,0.38320729218901906
POSCAR_P2Ru2_2_z950,0.462929,0.4445933682576144
POSCAR_P2V2_1,0.491453,0.45493023845280495
POSCAR_P2V2_1_st025,0.4604,0.47457015628841254
POSCAR_P2V2_1_st050,0.40082,0.4557256598592151
POSCAR_P2V2_1_st950,0.373347,0.4414815251208809
POSCAR_P2V2_1_st975,0.495891,0.4319403172699114
POSCAR_P2V2_1_x025,0.462547,0.5297266620981262
POSCAR_P2V2_1_x050,0.475496,0.5632007846691004
POSCAR_P2V2_1_x950,0.574952,0.48141201076972145
POSCAR_P2V2_1_x975,0.536927,0.5011834102291346
POSCAR_P2V2_1_y025,0.462158,0.5309264916757339
POSCAR_P2V2_1_y050,0.475035,0.5619468696121388
POSCAR_P2V2_1_y950,0.573452,0.47934650846838006
POSCAR_P2V2_1_y975,0.536883,0.4999139036336377
POSCAR_P2V2_1_z025,0.455718,0.4379101584089725
POSCAR_P2V2_1_z050,0.420151,0.4200688063332056
POSCAR_P2V2_1_z950,0.502257,0.4480600382769755
POSCAR_P2V2_1_z975,0.509197,0.45377957963411203
POSCAR_P2V2_2,1.02775,0.918564746831176
POSCAR_P2V2_2_st025,1.09113,0.7860938947519905
POSCAR_P2V2_2_st050,0.761339,0.7442155486675881
POSCAR_P2V2_2_st950,0.967397,0.9440022189729539
POSCAR_P2V2_2_st975,1.048812,0.9251788920834402
POSCAR_P2V2_2_z025,0.954763,0.9088950776946902
POSCAR_P2V2_2_z050,0.850392,0.7894450019193493
POSCAR_P2V2_2_z950,1.059441,0.9340593172969883
POSCAR_P2V2_2_z975,1.072633,0.9459995578184508
POSCAR_P2Zr2_2,0.300662,0.42497472351938614
POSCAR_P2Zr2_2_x050,0.006065,0.395637963456087
POSCAR_P2Zr2_2_z025,0.286616,0.40100939846466654
POSCAR_P2Zr2_2_z050,0.274689,0.3524674534548879
POSCAR_P8V2_2,0.298856,0.4591388091067346
POSCAR_P8V2_2_st025,0.260195,0.4484099771386544
POSCAR_P8V2_2_st050,0.226192,0.4356171878437342
POSCAR_P8V2_2_st950,0.333165,0.48095086137218857
POSCAR_P8V2_2_st975,0.324673,0.474372469204683
POSCAR_P8V2_2_x025,0.272046,0.453755822011908
POSCAR_P8V2_2_x050,0.273072,0.4545950434152544
POSCAR_P8V2_2_x950,0.399545,0.4754700788279137
POSCAR_P8V2_2_x975,0.348475,0.46688859578640474
POSCAR_P8V2_2_y025,0.285515,0.4544969297992188
POSCAR_P8V2_2_y050,0.258216,0.4404524863886436
POSCAR_P8V2_2_y950,0.338707,0.47499396057636684
POSCAR_P8V2_2_y975,0.29797,0.4710868299343204
POSCAR_P8V2_2_z025,0.318808,0.45777190849315885
POSCAR_P8V2_2_z050,0.333799,0.4607719525469733
POSCAR_P8V2_2_z950,0.263208,0.47105789462827574
POSCAR_P8V2_2_z975,0.2771,0.465020993500821
POSCAR_P8Zr2_1,0.020595,0.3157738745198377
POSCAR_P8Zr2_1_x025,0.008054,0.31279334111613843
POSCAR_P8Zr2_1_x050,0.005879,0.3136885899210439
POSCAR_P8Zr2_1_x975,0.002156,0.3064469977143231
POSCAR_P8Zr2_1_y025,0.003667,0.3150386056706805
POSCAR_P8Zr2_1_y050,0.005164,0.3062957278228456
POSCAR_P8Zr2_1_y975,0.011545,0.2999235033341381
POSCAR_P8Zr2_1_z975,0.002078,0.3359242550925667
POSCAR_Pb10Ru2_1,0.0253,0.0181177399559266
POSCAR_Pb10Ru2_1_st025,0.020063,0.019107814134064427
POSCAR_Pb10Ru2_1_x025,0.023198,0.01630821409221833
POSCAR_Pb10Ru2_1_x050,0.015567,0.01664145584325974
POSCAR_Pb10Ru2_1_x975,0.02501,0.016377290714205055
POSCAR_Pb10Ru2_1_y025,0.033355,0.01630167708384766
POSCAR_Pb10Ru2_1_y050,0.014851,0.016490804802989728
POSCAR_Pb10Ru2_1_y975,0.024356,0.01634520440674769
POSCAR_Pb10Ru2_1_z025,0.029342,0.018270097063316112
POSCAR_Pb2Ru2_2,0.406638,0.39845953558664426
POSCAR_Pb2Ru2_2_st975,0.252668,0.38604804292875716
POSCAR_Pb2Ru2_2_x975,0.347314,0.39679235286067555
POSCAR_Pb2Ru2_2_y025,0.502266,0.3967269937664831
POSCAR_Pb2Ru2_2_y050,0.608572,0.4012228828224645
POSCAR_Pb2Ru2_2_z025,0.598885,0.4458242370264525
POSCAR_Pb2Ru2_2_z950,0.005118,0.3843308435843481
POSCAR_Pb2Ru2_2_z975,0.406592,0.383096759756282
POSCAR_Pb2Ru2_3,0.013193,0.02737210416532156
POSCAR_Pb2Ru2_3_x025,0.005109,0.02486840395454538
POSCAR_Pb2Ru2_3_x050,0.005597,0.016158533630871216
POSCAR_Pb2Ru2_3_x950,0.008969,0.02581134880701527
POSCAR_Pb2Ru2_3_x975,0.006693,0.027402351441079137
POSCAR_Pb2Ru2_3_y025,0.007665,0.023928103540117353
POSCAR_Pb2Ru2_3_y050,0.007335,0.02036262208040589
POSCAR_Pb2Ru2_3_y950,0.008948,0.02111019088994209
POSCAR_Pb2Ru2_3_y975,0.005712,0.02455743731525416
POSCAR_Pb2Ru2_3_z050,0.005304,0.023378237547372272
POSCAR_Pb2Ru2_3_z950,0.003965,0.014864780356846416
POSCAR_Pb2Ru2_3_z975,0.005401,0.023741014431395195
POSCAR_Pb2Sc2_3,0.048118,0.19359851133800024
POSCAR_Pb2Sc2_3_st025,0.022034,0.1937206207231494
POSCAR_Pb2Sc2_3_x025,0.014521,0.19653897320269784
POSCAR_Pb2Sc2_3_x050,0.018017,0.18596319885778043
POSCAR_Pb2Sc2_3_x950,0.02229,0.19339596194981157
POSCAR_Pb2Sc2_3_y025,0.014721,0.19649418909864588
POSCAR_Pb2Sc2_3_y050,0.071596,0.18636950615031078
POSCAR_Pb2Sc2_3_y950,0.022476,0.19093464251193965
POSCAR_Pb2Sc2_3_y975,0.007063,0.19494247397238604
POSCAR_Pb2Sc2_3_z025,0.027458,0.19481769894215653
POSCAR_Pb2Sc2_3_z050,0.023607,0.20715531660320613
POSCAR_Pb2Sc2_3_z950,0.011254,0.19257400701267968
POSCAR_Pb2Sc2_3_z975,0.014312,0.19132623570941515
POSCAR_Pb3Ru2_1,0.01756,0.02920379390376522
POSCAR_Pb3Ru2_1_st025,0.019067,0.028392859562950977
POSCAR_Pb3Ru2_1_st050,0.017522,0.027132490613237876
POSCAR_Pb3Ru2_1_x950,0.032608,0.028715855244659978
POSCAR_Pb3Ru2_1_y050,0.018545,0.028043273438995965
POSCAR_Pb3Ru2_1_y950,0.019069,0.032079385701315584
POSCAR_Pb3Ru2_1_y975,0.018102,0.03074642255843912
POSCAR_Pb3Ru2_1_z025,0.017102,0.02846148488761575
POSCAR_Rh2S4_1,0.581592,0.5149869267970241
POSCAR_Rh2S4_1_x025,0.595836,0.5117076670391786
POSCAR_Rh2S4_1_x050,0.614293,0.5147493699612051
POSCAR_Rh2S4_1_x950,0.568757,0.5174412328786094
POSCAR_Rh2S4_1_x975,0.577591,0.5154066486022417
POSCAR_Rh2S4_1_y025,0.58132,0.5134092371483415
POSCAR_Rh2S4_1_y050,0.577724,0.5143244348551513
POSCAR_Rh2S4_1_y950,0.586318,0.5031518514095351
POSCAR_Rh2S4_1_y975,0.575523,0.5094887792032775
POSCAR_Rh2S4_1_z025,0.51732,0.5144097427116652
POSCAR_Rh2S4_1_z050,0.460461,0.5142772788500907
POSCAR_Rh2S4_1_z950,0.747066,0.5197572067232237
POSCAR_Rh2S4_1_z975,0.657629,0.5143877744186027
POSCAR_Rh2Tl2_1,0.324027,0.4453096810136674
POSCAR_Rh2Tl2_1_z975,0.240681,0.3528393023667181
POSCAR_Ru2S2_1,0.360078,0.27117412729662604
POSCAR_Ru2S2_1_st025,0.355894,0.27730900033465417
POSCAR_Ru2S2_1_st050,0.316975,0.27599662346867687
POSCAR_Ru2S2_1_st950,0.243569,0.26775400645617864
POSCAR_Ru2S2_1_st975,0.35725,0.26965992887320506
POSCAR_Ru2S2_1_x025,0.385328,0.269834207493488
POSCAR_Ru2S2_1_x050,0.408007,0.27396638524291833
POSCAR_Ru2S2_1_x950,0.287407,0.28569535542129887
POSCAR_Ru2S2_1_x975,0.347269,0.2741577066195362
POSCAR_Ru2S2_1_y025,0.386419,0.2695961427479737
POSCAR_Ru2S2_1_y050,0.40962,0.2734479619019575
POSCAR_Ru2S2_1_y950,0.286791,0.2853672290687483
POSCAR_Ru2S2_1_y975,0.345198,0.2741018203410158
POSCAR_Ru2S2_1_z025,0.382235,0.2841142736821271
POSCAR_Ru2S2_1_z050,0.340731,0.28789995211804653
POSCAR_Ru2S2_1_z950,0.341094,0.2744611496852322
POSCAR_Ru2S2_1_z975,0.384746,0.2778910044758372
POSCAR_Ru2S2_2,0.351852,0.5654639016946111
POSCAR_Ru2S2_2_st025,0.49776,0.5651677275474819
POSCAR_Ru2S2_2_st050,0.554971,0.5638405179665259
POSCAR_Ru2S2_2_st950,0.27415,0.5580289715846464
POSCAR_Ru2S2_2_st975,0.336661,0.5609374433757792
POSCAR_Ru2S2_2_x025,0.436715,0.5737206062523758
POSCAR_Ru2S2_2_x050,0.532862,0.5788170416419455
POSCAR_Ru2S2_2_x950,0.371944,0.551880571376815
POSCAR_Ru2S2_2_x975,0.347329,0.5530587656079287
POSCAR_Ru2S2_2_y025,0.37715,0.5528373875043741
POSCAR_Ru2S2_2_y050,0.393543,0.5539187128967726
POSCAR_Ru2S2_2_y950,0.416363,0.5632454715713967
POSCAR_Ru2S2_2_y975,0.381273,0.5630168117318095
POSCAR_Ru2S2_2_z025,0.375996,0.5603283537025694
POSCAR_Ru2S2_2_z050,0.402052,0.5578088720569117
POSCAR_Ru2S2_2_z950,0.293573,0.5738345153440678
POSCAR_Ru2S2_2_z975,0.326359,0.5648764270240049
POSCAR_Ru2S8_1,0.379438,0.3049432109031512
POSCAR_Ru2S8_1_st025,0.309007,0.323314599867523
POSCAR_Ru2S8_1_st050,0.274678,0.3115974213580456
POSCAR_Ru2S8_1_x025,0.425533,0.3274576199874591
POSCAR_Ru2S8_1_x050,0.028072,0.3713254451047131
POSCAR_Ru2S8_1_y025,0.341291,0.3397857588556669
POSCAR_Ru2S8_1_y050,0.361069,0.38490622410966063
POSCAR_Ru2S8_1_z025,0.021024,0.3096969940361271
POSCAR_Ru2S8_1_z050,0.33792,0.3221715224460726
POSCAR_Ru2Si1_1,0.074692,0.05033262561246258
POSCAR_Ru2Si1_1_x950,0.002271,0.05318034448765083
POSCAR_Ru2Si1_1_x975,0.001481,0.05362550785362699
POSCAR_Ru2Si1_1_z950,0.005693,0.053673991811773916
POSCAR_Ru2Si1_1_z975,0.009538,0.0512097114971394
POSCAR_Ru2Sn2_3,0.499649,0.4225509554378535
POSCAR_Ru2Sn2_3_st050,0.879461,0.46827487048134714
POSCAR_Ru2Sn2_3_st975,0.040538,0.38805768801884616
POSCAR_Ru2Sn2_3_x025,0.484741,0.494693961579982
POSCAR_Ru2Sn2_3_x050,0.519583,0.5227908783527234
POSCAR_Ru2Sn2_3_x950,0.213915,0.5449685694457089
POSCAR_Ru2Sn2_3_x975,0.448273,0.5142684245701701
POSCAR_Ru2Sn2_3_y025,0.478463,0.49466264875327165
POSCAR_Ru2Sn2_3_y050,0.519533,0.5226359655630095
POSCAR_Ru2Sn2_3_y950,0.21474,0.5446887046489155
POSCAR_Ru2Sn2_3_y975,0.447558,0.513770098278278
POSCAR_Ru2Sn2_3_z025,0.731623,0.4375442762417057
POSCAR_Ru2Sn2_3_z050,1.112079,0.4694718178032627
POSCAR_Ru2Sn2_3_z950,0.102044,0.3477556420725787
POSCAR_Ru2Sn2_3_z975,0.23489,0.38540522091638063
POSCAR_S2Ti2_2,0.469563,0.3059896685553776
POSCAR_S2Ti2_2_st025,0.413374,0.316746519160926
POSCAR_S2Ti2_2_st050,0.159491,0.29097300206647925
POSCAR_S2Ti2_2_st975,0.100746,0.3240900498649439
POSCAR_S2Ti2_2_x050,0.528627,0.35489529148863697
POSCAR_S2Ti2_2_x950,0.138243,0.3620603271535546
POSCAR_S2Ti2_2_x975,0.425437,0.3267407617261765
POSCAR_S2Ti2_2_y050,0.526371,0.3558513598230599
POSCAR_S2Ti2_2_y950,0.13999,0.36048898084838443
POSCAR_S2Ti2_2_y975,0.425363,0.32595488390259336
POSCAR_S2V2_2,0.694501,0.6674200157448409
POSCAR_S2V2_2_st025,0.586575,0.5729251398897486
POSCAR_S2V2_2_st050,0.48561,0.5348852018925437
POSCAR_S2V2_2_st950,0.908369,0.7859254917593896
POSCAR_S2V2_2_st975,0.823342,0.7682022788291488
POSCAR_S2V2_2_z025,0.665911,0.6605846611363593
POSCAR_S2V2_3,0.280236,0.2802613077408502
POSCAR_S2V2_3_st025,0.25693,0.27055342738774324
POSCAR_S2V2_3_st050,0.22552,0.2654142934895146
POSCAR_S2V2_3_st950,0.212622,0.292948187978015
POSCAR_S2V2_3_st975,0.213162,0.28653226437784496
POSCAR_S2V2_3_x975,0.299189,0.2761031681179343
POSCAR_S2V2_3_y025,0.297145,0.2640924465987762
POSCAR_S2V2_3_y050,0.313463,0.26579872773590857
POSCAR_S2V2_3_y950,0.250747,0.2900597833251805
POSCAR_S2V2_3_y975,0.298823,0.2761031681179343
POSCAR_S2V2_3_z025,0.277154,0.2776525868066654
POSCAR_S2V2_3_z050,0.26909,0.28347603821883854
POSCAR_S2V2_3_z950,0.279729,0.2727972204014214
POSCAR_S2V2_3_z975,0.281579,0.2741124836459693
POSCAR_S2V2_4,0.383382,0.5171828423161143
POSCAR_S2V2_4_st025,0.358039,0.4735465130062242
POSCAR_S2V2_4_st050,0.341216,0.4175772536288392
POSCAR_S2V2_4_st950,0.462744,0.5520115258343994
POSCAR_S2V2_4_st975,0.418266,0.567887118377968
POSCAR_S2V2_4_x025,0.417616,0.4965545262164277
POSCAR_S2V2_4_x050,0.442621,0.500457724043296
POSCAR_S2V2_4_x950,0.426573,0.5098169312335891
POSCAR_S2V2_4_x975,0.404962,0.4938870221680523
POSCAR_S2V2_4_y025,0.417019,0.4955867588170191
POSCAR_S2V2_4_y050,0.44223,0.4998111017511482
POSCAR_S2V2_4_y950,0.427157,0.5117764118056064
POSCAR_S2V2_4_y975,0.405654,0.4938299803380938
POSCAR_S2V2_4_z025,0.341999,0.4770757676824277
POSCAR_S2V2_4_z050,0.306377,0.44332165508919796
POSCAR_S2V2_4_z950,0.485448,0.5860003526453123
POSCAR_Sb2Ti2_1,0.321482,0.4212166324085481
POSCAR_Sb2Ti2_1_st025,0.460162,0.3973538916578537
POSCAR_Sb2Ti2_1_st050,0.539832,0.3895866981270081
POSCAR_Sb2Ti2_1_st950,0.072141,0.4940089242420009
POSCAR_Sb2Ti2_1_st975,0.245702,0.46085383760028914
POSCAR_Sb2Ti2_1_x025,0.344457,0.43737948797152426
POSCAR_Sb2Ti2_1_x050,0.437036,0.44825056746842795
POSCAR_Sb2Ti2_1_x950,0.266054,0.4456402127296313
POSCAR_Sb2Ti2_1_x975,0.293917,0.42074317722789123
POSCAR_Sb2Ti2_1_y025,0.30148,0.410940453503242
POSCAR_Sb2Ti2_1_y950,0.270183,0.4611200384539252
POSCAR_Sb2Ti2_1_y975,0.297011,0.445664700484781
POSCAR_Sb2Ti2_1_z025,0.290419,0.3995856041093703
POSCAR_Sb2Ti2_1_z050,0.222081,0.3869518574132693
POSCAR_Sb2Ti2_1_z950,0.307408,0.48995218717291056
POSCAR_Sb2Ti2_1_z975,0.298994,0.4534668157542715
POSCAR_Sc2Te2_1,0.015685,0.23664222083668882
POSCAR_Sc2Te2_1_x950,0.016334,0.26903130561132726
POSCAR_Sc2Te2_1_x975,0.039029,0.26346151161121495
POSCAR_Sc2Te2_1_y050,0.014685,0.2688687738256753
POSCAR_Sc2Te2_1_y950,0.016774,0.26715144440716226
POSCAR_Sc2Te2_1_y975,0.039192,0.261025087641262
POSCAR_Sc2Te2_1_z025,0.021933,0.20933388803394024
POSCAR_Sc2Te2_1_z050,0.00218,0.1912353175777538
POSCAR_Se2Ti2_1,0.311818,0.27293756631728844
POSCAR_Se2Ti2_1_st025,0.194757,0.22328015924642758
POSCAR_Se2Ti2_1_st050,0.100333,0.2131452606492297
POSCAR_Se2Ti2_1_st950,0.183486,0.35830888964819757
POSCAR_Se2Ti2_1_st975,0.378571,0.33066021746072427
POSCAR_Se2Ti2_1_x950,0.375377,0.27953193266030196
POSCAR_Se2Ti2_4,0.79497,0.461355662962777
POSCAR_Se2V2_1,0.48376,0.38776195026697163
POSCAR_Se2V2_1_st025,0.40477,0.3866790483628775
POSCAR_Se2V2_1_st050,0.313742,0.38341646728548406
POSCAR_Se2V2_1_st950,0.620299,0.445212316454303
POSCAR_Se2V2_1_st975,0.548979,0.418620542786807
POSCAR_Se2V2_1_x975,0.521842,0.4128395510513861
POSCAR_Se2V2_1_y025,0.457764,0.4119976566240733
POSCAR_Se2V2_1_y050,0.447925,0.4361654953618278
POSCAR_Se2V2_1_y950,0.555061,0.43924628805400334
POSCAR_Se2V2_1_y975,0.521777,0.4125131817128348
POSCAR_Se2V2_1_z025,0.440108,0.38181872699631275
POSCAR_Se2V2_1_z050,0.393787,0.37425414043194494
POSCAR_Se2V2_1_z950,0.552343,0.4660672013176147
POSCAR_Se2V2_1_z975,0.52079,0.4175745941767462
POSCAR_Te2V2_1,0.324742,0.40063937814464323
POSCAR_Te2V2_1_st025,0.275048,0.40088028536122655
POSCAR_Te2V2_1_st050,0.252865,0.383998770413123
POSCAR_Te2V2_1_st950,0.539842,0.37251706190976475
POSCAR_Te2V2_1_st975,0.406371,0.36550532425318416
POSCAR_Te2V2_1_x025,0.324768,0.433529858022381
POSCAR_Te2V2_1_x050,0.321039,0.4462020490977092
POSCAR_Te2V2_1_x950,0.449707,0.4080153057860838
POSCAR_Te2V2_1_x975,0.371775,0.4128231298459022
POSCAR_Te2V2_1_y025,0.325107,0.43328004490904287
POSCAR_Te2V2_1_y050,0.321422,0.4455390122045252
POSCAR_Te2V2_1_y950,0.449801,0.40769306095007185
POSCAR_Te4Ti2_1,0.050102,0.047097019595166795
POSCAR_Te4Ti2_1_st025,0.041442,0.04648876099501367
POSCAR_Te4Ti2_1_st050,0.033743,0.04615461938562615
POSCAR_Te4Ti2_1_st950,0.025488,0.04755119759671616
POSCAR_Te4V2_1,0.320503,0.37405387728480016
POSCAR_Te4V2_1_st025,0.254652,0.3656360781823241
POSCAR_Te4V2_1_st050,0.219358,0.3465965080926503
POSCAR_Te4V2_1_st950,0.359068,0.3869457058368569
POSCAR_Te4V2_1_st975,0.329458,0.3836701387079736
POSCAR_Tl2Zr2_1,0.208771,0.2045815512446349
POSCAR_Tl2Zr2_1_st050,0.13405,0.21728914773030522
