#K-Path(1/A)   Spin-Up(eV)   Spin-down(eV)
# NKPTS & NBANDS: 280  30
# Band-Index:    1
   0.00000    -20.412664    -20.412596
   0.02931    -20.411351    -20.411296
   0.05862    -20.407353    -20.407351
   0.08793    -20.400772    -20.400849
   0.11724    -20.391570    -20.391762
   0.14655    -20.379850    -20.380185
   0.17586    -20.365575    -20.366087
   0.20517    -20.348857    -20.349580
   0.23448    -20.329804    -20.330775
   0.26379    -20.308406    -20.309664
   0.29310    -20.284893    -20.286459
   0.32241    -20.259287    -20.261191
   0.35172    -20.231731    -20.234001
   0.38103    -20.202423    -20.205095
   0.41034    -20.171486    -20.174587
   0.43965    -20.139016    -20.142568
   0.46896    -20.105183    -20.109212
   0.49827    -20.070300    -20.074833
   0.52758    -20.034462    -20.039516
   0.55689    -19.997887    -20.003489
   0.58620    -19.960835    -19.966996
   0.61551    -19.923523    -19.930256
   0.64482    -19.886162    -19.893468
   0.67413    -19.849082    -19.856982
   0.70344    -19.812427    -19.820913
   0.73275    -19.776492    -19.785578
   0.76206    -19.741549    -19.751221
   0.79137    -19.707923    -19.718174
   0.82068    -19.675751    -19.686558
   0.84999    -19.645312    -19.656656
   0.87930    -19.616885    -19.628739
   0.90861    -19.590803    -19.603135
   0.93792    -19.567175    -19.579942
   0.96723    -19.546189    -19.559343
   0.99654    -19.528099    -19.541586
   1.02585    -19.513055    -19.526825
   1.05516    -19.501219    -19.515216
   1.08447    -19.492700    -19.506862
   1.11378    -19.487493    -19.501757
   1.14309    -19.485770    -19.500071
   1.14309    -19.500453    -19.486024
   1.17240    -19.502127    -19.487729
   1.20171    -19.507162    -19.492864
   1.23102    -19.515580    -19.501444
   1.26033    -19.527185    -19.513275
   1.28964    -19.541923    -19.528297
   1.31895    -19.559703    -19.546409
   1.34826    -19.580266    -19.567360
   1.37757    -19.603422    -19.590950
   1.40688    -19.629038    -19.617045
   1.43619    -19.656941    -19.645460
   1.46550    -19.686804    -19.675858
   1.49481    -19.718369    -19.707984
   1.52412    -19.751420    -19.741607
   1.55343    -19.785764    -19.776537
   1.58274    -19.821086    -19.812460
   1.61205    -19.857108    -19.849078
   1.64136    -19.893692    -19.886248
   1.67067    -19.930471    -19.923604
   1.69998    -19.967208    -19.960914
   1.72929    -20.003714    -19.997980
   1.75860    -20.039686    -20.034505
   1.78791    -20.074968    -20.070305
   1.81722    -20.109387    -20.105223
   1.84653    -20.142704    -20.139016
   1.87584    -20.174690    -20.171452
   1.90515    -20.205215    -20.202404
   1.93446    -20.234148    -20.231734
   1.96377    -20.261266    -20.259228
   1.99308    -20.286523    -20.284820
   2.02239    -20.309696    -20.308310
   2.05170    -20.330775    -20.329674
   2.08101    -20.349635    -20.348776
   2.11032    -20.366117    -20.365469
   2.13963    -20.380256    -20.379787
   2.16894    -20.391897    -20.391575
   2.19825    -20.400985    -20.400777
   2.22756    -20.407464    -20.407333
   2.25687    -20.411386    -20.411305
   2.28618    -20.412664    -20.412596
   2.28618    -20.412664    -20.412596
   2.30253    -20.412080    -20.412012
   2.31888    -20.410323    -20.410256
   2.33523    -20.407401    -20.407332
   2.35158    -20.403308    -20.403242
   2.36793    -20.398051    -20.397985
   2.38428    -20.391634    -20.391567
   2.40063    -20.384084    -20.384019
   2.41698    -20.375382    -20.375315
   2.43333    -20.365512    -20.365445
   2.44968    -20.354504    -20.354437
   2.46603    -20.342368    -20.342301
   2.48238    -20.329111    -20.329045
   2.49873    -20.314745    -20.314678
   2.51508    -20.299234    -20.299168
   2.53143    -20.282643    -20.282576
   2.54778    -20.264996    -20.264928
   2.56413    -20.246315    -20.246247
   2.58048    -20.226593    -20.226526
   2.59683    -20.205837    -20.205770
   2.61318    -20.184070    -20.184004
   2.62953    -20.161290    -20.161221
   2.64588    -20.137540    -20.137471
   2.66222    -20.112856    -20.112787
   2.67857    -20.087219    -20.087153
   2.69492    -20.060700    -20.060634
   2.71127    -20.033299    -20.033233
   2.72762    -20.005075    -20.005009
   2.74397    -19.975989    -19.975922
   2.76032    -19.946080    -19.946015
   2.77667    -19.915422    -19.915356
   2.79302    -19.884009    -19.883941
   2.80937    -19.851893    -19.851822
   2.82572    -19.819131    -19.819059
   2.84207    -19.785741    -19.785673
   2.85842    -19.751765    -19.751695
   2.87477    -19.717242    -19.717167
   2.89112    -19.682258    -19.682176
   2.90747    -19.646974    -19.646869
   2.92382    -19.616853    -19.616535
   2.92382    -18.719038    -18.719957
   2.96991    -18.720085    -18.721023
   3.01599    -18.723177    -18.724237
   3.06207    -18.728478    -18.729777
   3.10815    -18.736061    -18.737579
   3.15423    -18.746080    -18.747891
   3.20031    -18.758901    -18.761097
   3.24639    -18.774913    -18.777550
   3.29248    -18.794783    -18.797825
   3.33856    -18.819093    -18.822472
   3.38464    -18.848836    -18.852434
   3.43072    -18.884642    -18.888335
   3.47680    -18.926899    -18.930511
   3.52288    -18.975659    -18.979059
   3.56896    -19.030606    -19.033690
   3.61504    -19.091091    -19.093810
   3.66113    -19.156407    -19.158728
   3.70721    -19.225721    -19.227670
   3.75329    -19.298270    -19.299878
   3.79937    -19.373198    -19.374498
   3.84545    -19.449742    -19.450766
   3.89153    -19.527195    -19.527985
   3.93761    -19.604769    -19.605362
   3.98370    -19.681862    -19.682283
   4.02978    -19.757770    -19.758061
   4.07586    -19.831936    -19.832117
   4.12194    -19.903751    -19.903847
   4.16802    -19.972527    -19.972563
   4.21410    -20.037701    -20.037688
   4.26018    -20.098853    -20.098803
   4.30627    -20.155681    -20.155613
   4.35235    -20.207553    -20.207479
   4.39843    -20.254295    -20.254215
   4.44451    -20.295413    -20.295330
   4.49059    -20.330722    -20.330639
   4.53667    -20.359955    -20.359876
   4.58275    -20.382937    -20.382865
   4.62884    -20.399453    -20.399384
   4.67492    -20.409343    -20.409276
   4.72100    -20.412664    -20.412596
   4.72100    -20.412664    -20.412596
   4.75469    -20.410771    -20.410689
   4.78838    -20.405028    -20.404898
   4.82207    -20.395574    -20.395374
   4.85576    -20.382379    -20.382086
   4.88945    -20.365510    -20.365120
   4.92314    -20.345082    -20.344605
   4.95683    -20.321108    -20.320575
   4.99052    -20.293790    -20.293257
   5.02421    -20.263289    -20.262837
   5.05790    -20.229718    -20.229470
   5.09159    -20.193320    -20.193448
   5.12528    -20.154217    -20.154970
   5.15896    -20.112580    -20.114251
   5.19265    -20.068697    -20.071666
   5.22634    -20.022867    -20.027621
   5.26003    -19.975419    -19.982546
   5.29372    -19.926539    -19.936778
   5.32741    -19.876674    -19.890912
   5.36110    -19.826140    -19.845444
   5.39479    -19.775198    -19.800852
   5.42848    -19.724342    -19.757835
   5.46217    -19.673989    -19.717008
   5.49586    -19.624568    -19.678981
   5.52955    -19.576455    -19.644246
   5.56324    -19.530139    -19.613277
   5.59693    -19.485898    -19.586237
   5.63062    -19.444405    -19.563421
   5.66431    -19.405766    -19.544560
   5.69800    -19.370295    -19.529337
   5.73169    -19.338346    -19.517476
   5.76538    -19.309942    -19.508393
   5.79907    -19.285216    -19.501635
   5.83276    -19.264203    -19.496792
   5.86645    -19.246744    -19.493367
   5.90014    -19.232790    -19.491071
   5.93383    -19.222120    -19.489555
   5.96752    -19.214583    -19.488610
   6.00121    -19.210189    -19.488161
   6.03490    -19.208696    -19.487995
   6.03490    -19.487749    -19.208229
   6.06820    -19.487910    -19.209753
   6.10151    -19.488380    -19.214285
   6.13482    -19.489344    -19.222015
   6.16813    -19.490929    -19.233013
   6.20143    -19.493313    -19.247364
   6.23474    -19.496799    -19.265217
   6.26805    -19.501877    -19.286794
   6.30135    -19.508844    -19.312027
   6.33466    -19.518130    -19.340852
   6.36797    -19.530365    -19.373329
   6.40127    -19.545966    -19.409246
   6.43458    -19.565387    -19.448422
   6.46789    -19.588731    -19.490359
   6.50119    -19.616199    -19.534820
   6.53450    -19.647646    -19.581405
   6.56781    -19.682787    -19.629667
   6.60112    -19.721168    -19.679199
   6.63442    -19.762263    -19.729601
   6.66773    -19.805361    -19.780323
   6.70104    -19.849968    -19.831103
   6.73434    -19.895352    -19.881407
   6.76765    -19.941118    -19.931053
   6.80096    -19.986669    -19.979615
   6.83426    -20.031517    -20.026769
   6.86757    -20.075237    -20.072211
   6.90088    -20.117473    -20.115697
   6.93418    -20.157798    -20.156908
   6.96749    -20.195932    -20.195640
   7.00080    -20.231697    -20.231783
   7.03410    -20.264718    -20.265015
   7.06741    -20.294914    -20.295295
   7.10072    -20.321848    -20.322223
   7.13403    -20.345542    -20.345861
   7.16733    -20.365856    -20.366092
   7.20064    -20.382588    -20.382734
   7.23395    -20.395710    -20.395769
   7.26725    -20.405110    -20.405102
   7.30056    -20.410760    -20.410707
   7.33387    -20.412664    -20.412596
   7.33387    -20.412664    -20.412596
   7.37705    -20.409940    -20.409875
   7.42023    -20.401773    -20.401707
   7.46341    -20.388131    -20.388064
   7.50659    -20.369128    -20.369060
   7.54977    -20.344847    -20.344780
   7.59295    -20.315464    -20.315397
   7.63614    -20.281181    -20.281121
   7.67932    -20.242151    -20.242082
   7.72250    -20.198533    -20.198466
   7.76568    -20.150693    -20.150633
   7.80886    -20.098880    -20.098812
   7.85204    -20.043224    -20.043156
   7.89522    -19.984175    -19.984108
   7.93840    -19.922096    -19.922019
   7.98158    -19.857260    -19.857193
   8.02477    -19.790234    -19.790169
   8.06795    -19.721377    -19.721314
   8.11113    -19.651109    -19.651048
   8.15431    -19.579829    -19.579761
   8.19749    -19.508080    -19.508011
   8.24067    -19.436216    -19.436146
   8.28385    -19.364741    -19.364670
   8.32703    -19.294253    -19.294180
   8.37022    -19.225058    -19.224986
   8.41340    -19.157758    -19.157688
   8.45658    -19.092757    -19.092686
   8.49976    -19.030557    -19.030487
   8.54294    -18.971498    -18.971431
   8.58612    -18.916018    -18.915947
   8.62930    -18.864552    -18.864478
   8.67248    -18.817584    -18.817509
   8.71566    -18.775169    -18.775093
   8.75885    -18.737826    -18.737752
   8.80203    -18.705774    -18.705700
   8.84521    -18.679174    -18.679104
   8.88839    -18.658277    -18.658204
   8.93157    -18.643332    -18.643262
   8.97475    -18.634366    -18.634287
   9.01793    -18.631367    -18.631290
 
# Band-Index:    2
   9.01793    -18.470020    -18.469968
   8.97475    -18.469952    -18.469900
   8.93157    -18.469710    -18.469648
   8.88839    -18.469348    -18.469292
   8.84521    -18.468955    -18.468884
   8.80203    -18.468438    -18.468352
   8.75885    -18.467895    -18.467821
   8.71566    -18.467277    -18.467237
   8.67248    -18.466850    -18.466779
   8.62930    -18.466495    -18.466409
   8.58612    -18.466433    -18.466364
   8.54294    -18.466526    -18.466463
   8.49976    -18.466878    -18.466800
   8.45658    -18.467605    -18.467526
   8.41340    -18.468574    -18.468506
   8.37022    -18.470078    -18.470001
   8.32703    -18.472058    -18.471983
   8.28385    -18.474538    -18.474432
   8.24067    -18.477431    -18.477344
   8.19749    -18.480812    -18.480728
   8.15431    -18.484633    -18.484553
   8.11113    -18.488781    -18.488707
   8.06795    -18.493355    -18.493283
   8.02477    -18.498265    -18.498182
   7.98158    -18.503421    -18.503340
   7.93840    -18.508832    -18.508740
   7.89522    -18.514305    -18.514211
   7.85204    -18.519721    -18.519638
   7.80886    -18.525180    -18.525110
   7.76568    -18.530526    -18.530459
   7.72250    -18.535698    -18.535630
   7.67932    -18.540598    -18.540532
   7.63614    -18.545109    -18.545050
   7.59295    -18.549181    -18.549128
   7.54977    -18.552759    -18.552698
   7.50659    -18.555752    -18.555689
   7.46341    -18.558062    -18.558012
   7.42023    -18.559667    -18.559611
   7.37705    -18.560624    -18.560588
   7.33387    -18.560953    -18.560907
   7.33387    -18.560953    -18.560907
   7.30056    -18.562118    -18.561492
   7.26725    -18.565573    -18.563195
   7.23395    -18.571277    -18.566002
   7.20064    -18.579097    -18.569822
   7.16733    -18.588896    -18.574566
   7.13403    -18.600573    -18.580213
   7.10072    -18.614027    -18.586753
   7.06741    -18.628940    -18.593953
   7.03410    -18.645147    -18.601762
   7.00080    -18.662354    -18.610013
   6.96749    -18.680408    -18.618685
   6.93418    -18.699045    -18.627665
   6.90088    -18.717977    -18.636807
   6.86757    -18.736905    -18.645993
   6.83426    -18.755529    -18.655107
   6.80096    -18.773535    -18.664016
   6.76765    -18.790509    -18.672555
   6.73434    -18.806164    -18.680664
   6.70104    -18.820067    -18.688156
   6.66773    -18.831810    -18.694883
   6.63442    -18.841012    -18.700759
   6.60112    -18.847330    -18.705714
   6.56781    -18.850391    -18.709608
   6.53450    -18.850055    -18.712496
   6.50119    -18.846050    -18.714167
   6.46789    -18.838385    -18.714538
   6.43458    -18.827327    -18.713660
   6.40127    -18.813227    -18.711439
   6.36797    -18.796803    -18.708085
   6.33466    -18.778768    -18.703690
   6.30135    -18.759945    -18.698455
   6.26805    -18.741102    -18.692557
   6.23474    -18.723017    -18.686342
   6.20143    -18.706554    -18.680321
   6.16813    -18.692188    -18.674693
   6.13482    -18.680483    -18.669884
   6.10151    -18.671824    -18.666189
   6.06820    -18.666561    -18.663915
   6.03490    -18.664746    -18.663098
   6.03490    -18.661991    -18.663511
   6.00121    -18.662825    -18.665291
   5.96752    -18.665250    -18.670562
   5.93383    -18.669144    -18.679187
   5.90014    -18.674250    -18.690869
   5.86645    -18.680263    -18.705227
   5.83276    -18.686851    -18.721809
   5.79907    -18.693506    -18.739885
   5.76538    -18.699927    -18.758875
   5.73169    -18.705788    -18.777965
   5.69800    -18.710771    -18.796308
   5.66431    -18.714729    -18.813191
   5.63062    -18.717359    -18.827673
   5.59693    -18.718787    -18.839293
   5.56324    -18.718800    -18.847502
   5.52955    -18.717518    -18.852073
   5.49586    -18.714906    -18.852922
   5.46217    -18.711128    -18.850240
   5.42848    -18.706263    -18.844272
   5.39479    -18.700397    -18.835347
   5.36110    -18.693667    -18.823849
   5.32741    -18.686140    -18.810119
   5.29372    -18.677909    -18.794534
   5.26003    -18.669176    -18.777551
   5.22634    -18.660023    -18.759484
   5.19265    -18.650618    -18.740712
   5.15896    -18.641069    -18.721551
   5.12528    -18.631461    -18.702278
   5.09159    -18.622096    -18.683344
   5.05790    -18.612897    -18.664851
   5.02421    -18.604152    -18.647226
   4.99052    -18.595922    -18.630661
   4.95683    -18.588314    -18.615384
   4.92314    -18.581446    -18.601627
   4.88945    -18.575427    -18.589607
   4.85576    -18.570427    -18.579575
   4.82207    -18.566334    -18.571506
   4.78838    -18.563402    -18.565685
   4.75469    -18.561547    -18.562091
   4.72100    -18.560953    -18.560907
   4.72100    -18.560953    -18.560907
   4.67492    -18.561625    -18.561587
   4.62884    -18.563658    -18.563602
   4.58275    -18.566963    -18.566894
   4.53667    -18.571294    -18.571202
   4.49059    -18.576604    -18.576496
   4.44451    -18.582718    -18.582574
   4.39843    -18.589612    -18.589426
   4.35235    -18.596965    -18.596737
   4.30627    -18.604716    -18.604427
   4.26018    -18.612510    -18.612142
   4.21410    -18.620279    -18.619812
   4.16802    -18.627768    -18.627187
   4.12194    -18.634799    -18.634071
   4.07586    -18.641064    -18.640169
   4.02978    -18.646468    -18.645390
   3.98370    -18.650867    -18.649585
   3.93761    -18.654008    -18.652485
   3.89153    -18.655833    -18.654045
   3.84545    -18.656211    -18.654129
   3.79937    -18.654960    -18.652537
   3.75329    -18.651954    -18.649187
   3.70721    -18.647046    -18.643916
   3.66113    -18.639930    -18.636421
   3.61504    -18.630441    -18.626541
   3.56896    -18.618324    -18.614080
   3.52288    -18.603394    -18.598868
   3.47680    -18.585450    -18.580761
   3.43072    -18.564800    -18.560091
   3.38464    -18.541856    -18.537319
   3.33856    -18.517443    -18.513241
   3.29248    -18.492712    -18.488937
   3.24639    -18.468517    -18.465243
   3.20031    -18.446025    -18.443268
   3.15423    -18.425958    -18.423676
   3.10815    -18.409008    -18.407071
   3.06207    -18.395482    -18.393816
   3.01599    -18.385538    -18.384199
   2.96991    -18.379610    -18.378409
   2.92382    -18.377628    -18.376459
   2.92382    -19.604028    -19.604228
   2.90747    -19.573531    -19.573516
   2.89112    -19.537148    -19.537114
   2.87477    -19.500389    -19.500343
   2.85842    -19.463296    -19.463249
   2.84207    -19.425991    -19.425942
   2.82572    -19.388548    -19.388499
   2.80937    -19.351136    -19.351083
   2.79302    -19.313634    -19.313581
   2.77667    -19.276227    -19.276172
   2.76032    -19.238988    -19.238937
   2.74397    -19.201961    -19.201911
   2.72762    -19.165246    -19.165192
   2.71127    -19.128861    -19.128806
   2.69492    -19.092886    -19.092838
   2.67857    -19.057413    -19.057368
   2.66222    -19.022566    -19.022521
   2.64588    -18.988428    -18.988386
   2.62953    -18.954958    -18.954914
   2.61318    -18.922334    -18.922291
   2.59683    -18.890619    -18.890575
   2.58048    -18.859964    -18.859921
   2.56413    -18.830261    -18.830211
   2.54778    -18.801746    -18.801693
   2.53143    -18.774491    -18.774438
   2.51508    -18.748508    -18.748451
   2.49873    -18.723969    -18.723913
   2.48238    -18.700893    -18.700842
   2.46603    -18.679361    -18.679312
   2.44968    -18.659449    -18.659400
   2.43333    -18.641208    -18.641160
   2.41698    -18.624708    -18.624660
   2.40063    -18.610039    -18.609991
   2.38428    -18.597156    -18.597111
   2.36793    -18.586179    -18.586135
   2.35158    -18.577161    -18.577117
   2.33523    -18.570110    -18.570066
   2.31888    -18.565032    -18.564989
   2.30253    -18.561973    -18.561930
   2.28618    -18.560953    -18.560907
   2.28618    -18.560953    -18.560907
   2.25687    -18.560522    -18.561068
   2.22756    -18.559267    -18.561562
   2.19825    -18.557162    -18.562372
   2.16894    -18.554194    -18.563473
   2.13963    -18.550401    -18.564878
   2.11032    -18.545699    -18.566479
   2.08101    -18.540242    -18.568389
   2.05170    -18.534061    -18.570600
   2.02239    -18.527040    -18.572956
   1.99308    -18.519532    -18.575734
   1.96377    -18.511273    -18.578647
   1.93446    -18.502472    -18.581830
   1.90515    -18.493057    -18.585129
   1.87584    -18.483194    -18.588643
   1.84653    -18.472945    -18.592356
   1.81722    -18.462358    -18.596228
   1.78791    -18.451476    -18.600221
   1.75860    -18.440332    -18.604270
   1.72929    -18.428978    -18.608351
   1.69998    -18.417613    -18.612538
   1.67067    -18.406283    -18.616781
   1.64136    -18.395123    -18.621109
   1.61205    -18.384002    -18.625306
   1.58274    -18.373053    -18.629407
   1.55343    -18.362488    -18.633482
   1.52412    -18.352181    -18.637354
   1.49481    -18.342298    -18.641058
   1.46550    -18.332965    -18.644633
   1.43619    -18.324200    -18.648000
   1.40688    -18.316041    -18.651106
   1.37757    -18.308523    -18.653920
   1.34826    -18.301806    -18.656495
   1.31895    -18.295857    -18.658747
   1.28964    -18.290716    -18.660666
   1.26033    -18.286493    -18.662285
   1.23102    -18.283190    -18.663561
   1.20171    -18.280798    -18.664472
   1.17240    -18.279284    -18.664961
   1.14309    -18.278813    -18.665157
   1.14309    -18.666292    -18.279883
   1.11378    -18.666149    -18.280410
   1.08447    -18.665566    -18.281809
   1.05516    -18.664640    -18.284183
   1.02585    -18.663382    -18.287525
   0.99654    -18.661722    -18.291690
   0.96723    -18.659752    -18.296768
   0.93792    -18.657512    -18.302734
   0.90861    -18.654958    -18.309478
   0.87930    -18.652151    -18.316989
   0.84999    -18.648992    -18.325095
   0.82068    -18.645592    -18.333828
   0.79137    -18.641931    -18.343071
   0.76206    -18.638174    -18.352901
   0.73275    -18.634232    -18.363120
   0.70344    -18.630181    -18.373722
   0.67413    -18.625974    -18.384540
   0.64482    -18.621801    -18.395698
   0.61551    -18.617513    -18.406903
   0.58620    -18.613207    -18.418163
   0.55689    -18.608945    -18.429440
   0.52758    -18.604707    -18.440631
   0.49827    -18.600654    -18.451787
   0.46896    -18.596664    -18.462663
   0.43965    -18.592782    -18.473243
   0.41034    -18.589035    -18.483463
   0.38103    -18.585452    -18.493261
   0.35172    -18.582033    -18.502556
   0.32241    -18.578870    -18.511370
   0.29310    -18.575909    -18.519587
   0.26379    -18.573183    -18.527165
   0.23448    -18.570703    -18.534055
   0.20517    -18.568483    -18.540238
   0.17586    -18.566514    -18.545635
   0.14655    -18.564925    -18.550349
   0.11724    -18.563559    -18.554187
   0.08793    -18.562422    -18.557119
   0.05862    -18.561635    -18.559253
   0.02931    -18.561155    -18.560531
   0.00000    -18.560953    -18.560907
 
# Band-Index:    3
   0.00000     -9.726114     -9.725726
   0.02931     -9.724137     -9.723860
   0.05862     -9.718191     -9.718262
   0.08793     -9.708316     -9.708965
   0.11724     -9.694549     -9.696014
   0.14655     -9.676946     -9.679466
   0.17586     -9.655592     -9.659411
   0.20517     -9.630585     -9.635955
   0.23448     -9.602038     -9.609220
   0.26379     -9.570089     -9.579347
   0.29310     -9.534886     -9.546497
   0.32241     -9.496600     -9.510847
   0.35172     -9.455419     -9.472592
   0.38103     -9.411562     -9.431963
   0.41034     -9.365247     -9.389180
   0.43965     -9.316720     -9.344498
   0.46896     -9.266248     -9.298185
   0.49827     -9.214113     -9.250525
   0.52758     -9.160616     -9.201817
   0.55689     -9.106083     -9.152377
   0.58620     -9.050836     -9.102514
   0.61551     -8.995222     -9.052558
   0.64482     -8.939604     -9.002846
   0.67413     -8.884352     -8.953712
   0.70344     -8.829842     -8.905495
   0.73275     -8.776456     -8.858523
   0.76206     -8.724582     -8.813132
   0.79137     -8.674601     -8.769655
   0.82068     -8.626895     -8.728442
   0.84999     -8.581825     -8.689935
   0.87930     -8.539744     -8.654985
   0.90861     -8.500981     -8.626912
   0.93792     -8.465832     -8.613124
   0.96723     -8.434567     -8.607299
   0.99654     -8.407407     -8.603536
   1.02585     -8.384543     -8.600729
   1.05516     -8.366154     -8.598627
   1.08447     -8.352480     -8.597149
   1.11378     -8.343910     -8.596268
   1.14309     -8.340961     -8.595973
   1.14309     -8.598963     -8.340603
   1.17240     -8.599274     -8.343548
   1.20171     -8.600227     -8.352111
   1.23102     -8.601839     -8.365767
   1.26033     -8.604166     -8.384116
   1.28964     -8.607354     -8.406919
   1.31895     -8.611802     -8.434002
   1.34826     -8.618864     -8.465180
   1.37757     -8.633039     -8.500236
   1.40688     -8.658915     -8.538912
   1.43619     -8.692530     -8.580916
   1.46550     -8.730388     -8.625923
   1.49481     -8.771242     -8.673587
   1.52412     -8.814499     -8.723543
   1.55343     -8.859739     -8.775411
   1.58274     -8.906600     -8.828806
   1.61205     -8.954735     -8.883342
   1.64136     -9.003802     -8.938636
   1.67067     -9.053454     -8.994300
   1.69998     -9.103360     -9.049967
   1.72929     -9.153180     -9.105271
   1.75860     -9.202586     -9.159866
   1.78791     -9.251256     -9.213414
   1.81722     -9.298878     -9.265598
   1.84653     -9.345157     -9.316115
   1.87584     -9.389806     -9.364681
   1.90515     -9.432559     -9.411033
   1.93446     -9.473166     -9.454926
   1.96377     -9.511384     -9.496125
   1.99308     -9.547009     -9.534433
   2.02239     -9.579833     -9.569647
   2.05170     -9.609688     -9.601615
   2.08101     -9.636401     -9.630170
   2.11032     -9.659836     -9.655180
   2.13963     -9.679877     -9.676542
   2.16894     -9.696413     -9.694149
   2.19825     -9.709359     -9.707922
   2.22756     -9.718650     -9.717802
   2.25687     -9.724242     -9.723740
   2.28618     -9.726114     -9.725726
   2.28618     -9.726114     -9.725726
   2.30253     -9.724284     -9.723897
   2.31888     -9.718824     -9.718437
   2.33523     -9.709730     -9.709342
   2.35158     -9.697025     -9.696637
   2.36793     -9.680751     -9.680361
   2.38428     -9.660954     -9.660563
   2.40063     -9.637679     -9.637287
   2.41698     -9.610992     -9.610596
   2.43333     -9.580963     -9.580563
   2.44968     -9.547671     -9.547266
   2.46603     -9.511206     -9.510795
   2.48238     -9.471651     -9.471234
   2.49873     -9.429115     -9.428694
   2.51508     -9.383702     -9.383270
   2.53143     -9.335528     -9.335081
   2.54778     -9.284696     -9.284234
   2.56413     -9.231349     -9.230865
   2.58048     -9.175615     -9.175111
   2.59683     -9.117604     -9.117069
   2.61318     -9.057476     -9.056898
   2.62953     -8.995384     -8.994743
   2.64588     -8.931503     -8.930755
   2.66222     -8.866061     -8.865104
   2.67857     -8.799605     -8.798044
   2.69492     -8.739920     -8.733542
   2.71127     -8.729174     -8.726076
   2.72762     -8.726712     -8.724223
   2.74397     -8.724861     -8.722596
   2.76032     -8.723244     -8.721099
   2.77667     -8.721787     -8.719726
   2.79302     -8.720477     -8.718473
   2.80937     -8.719312     -8.717351
   2.82572     -8.718286     -8.716359
   2.84207     -8.717414     -8.715511
   2.85842     -8.716690     -8.714808
   2.87477     -8.716119     -8.714255
   2.89112     -8.715709     -8.713853
   2.90747     -8.715464     -8.713612
   2.92382     -8.715382     -8.713532
   2.92382     -7.970622     -7.970783
   2.96991     -7.981333     -7.981471
   3.01599     -8.011093     -8.011424
   3.06207     -8.054548     -8.055693
   3.10815     -8.106194     -8.108905
   3.15423     -8.161801     -8.166696
   3.20031     -8.218523     -8.226000
   3.24639     -8.274512     -8.284762
   3.29248     -8.328613     -8.341692
   3.33856     -8.380135     -8.395978
   3.38464     -8.428726     -8.447202
   3.43072     -8.474236     -8.495166
   3.47680     -8.516688     -8.539865
   3.52288     -8.556222     -8.581431
   3.56896     -8.593067     -8.620077
   3.61504     -8.627508     -8.656100
   3.66113     -8.659873     -8.689838
   3.70721     -8.690535     -8.721685
   3.75329     -8.719923     -8.752088
   3.79937     -8.748539     -8.781575
   3.84545     -8.776997     -8.810779
   3.89153     -8.806107     -8.840493
   3.93761     -8.836934     -8.871726
   3.98370     -8.870929     -8.905787
   4.02978     -8.909982     -8.944295
   4.07586     -8.956282     -8.989065
   4.12194     -9.011749     -9.041681
   4.16802     -9.076963     -9.102781
   4.21410     -9.150445     -9.171442
   4.26018     -9.229027     -9.245246
   4.30627     -9.309010     -9.321023
   4.35235     -9.387055     -9.395643
   4.39843     -9.460510     -9.466429
   4.44451     -9.527344     -9.531235
   4.49059     -9.586036     -9.588417
   4.53667     -9.635427     -9.636713
   4.58275     -9.674668     -9.675180
   4.62884     -9.703119     -9.703121
   4.67492     -9.720343     -9.720048
   4.72100     -9.726114     -9.725726
   4.72100     -9.726114     -9.725726
   4.75469     -9.722405     -9.721940
   4.78838     -9.711334     -9.710681
   4.82207     -9.692949     -9.692122
   4.85576     -9.667398     -9.666661
   4.88945     -9.634868     -9.634832
   4.92314     -9.595610     -9.597376
   4.95683     -9.549914     -9.555232
   4.99052     -9.498124     -9.509576
   5.02421     -9.440639     -9.461823
   5.05790     -9.377911     -9.413607
   5.09159     -9.310446     -9.366678
   5.12528     -9.238791     -9.322715
   5.15896     -9.163573     -9.283126
   5.19265     -9.085437     -9.248784
   5.22634     -9.005147     -9.219977
   5.26003     -8.923574     -9.196460
   5.29372     -8.841897     -9.177620
   5.32741     -8.763124     -9.162678
   5.36110     -8.712142     -9.150815
   5.39479     -8.703470     -9.141280
   5.42848     -8.701082     -9.133416
   5.46217     -8.700212     -9.126670
   5.49586     -8.700225     -9.120578
   5.52955     -8.700916     -9.114790
   5.56324     -8.702177     -9.109019
   5.59693     -8.703912     -9.103074
   5.63062     -8.706038     -9.096842
   5.66431     -8.708469     -9.090268
   5.69800     -8.711113     -9.083369
   5.73169     -8.713881     -9.076227
   5.76538     -8.716682     -9.068976
   5.79907     -8.719427     -9.061790
   5.83276     -8.722030     -9.054883
   5.86645     -8.724405     -9.048490
   5.90014     -8.726477     -9.042848
   5.93383     -8.728173     -9.038185
   5.96752     -8.729429     -9.034698
   6.00121     -8.730205     -9.032541
   6.03490     -8.730467     -9.031810
   6.03490     -9.032935     -8.729186
   6.06820     -9.033310     -8.728914
   6.10151     -9.034423     -8.728102
   6.13482     -9.036247     -8.726785
   6.16813     -9.038739     -8.725015
   6.20143     -9.041828     -8.722857
   6.23474     -9.045429     -8.720386
   6.26805     -9.049445     -8.717687
   6.30135     -9.053747     -8.714839
   6.33466     -9.058223     -8.711930
   6.36797     -9.062773     -8.709053
   6.40127     -9.067323     -8.706294
   6.43458     -9.071830     -8.703744
   6.46789     -9.076298     -8.701479
   6.50119     -9.080786     -8.699586
   6.53450     -9.085418     -8.698126
   6.56781     -9.090370     -8.697170
   6.60112     -9.095920     -8.696770
   6.63442     -9.102414     -8.696960
   6.66773     -9.110308     -8.697773
   6.70104     -9.120168     -8.699387
   6.73434     -9.132680     -8.757699
   6.76765     -9.148654     -8.840928
   6.80096     -9.168965     -8.924197
   6.83426     -9.194451     -9.006604
   6.86757     -9.225751     -9.087371
   6.90088     -9.263048     -9.165748
   6.93418     -9.305886     -9.241042
   6.96749     -9.353128     -9.312626
   7.00080     -9.403141     -9.379921
   7.03410     -9.454059     -9.442392
   7.06741     -9.504047     -9.499572
   7.10072     -9.551480     -9.551032
   7.13403     -9.594986     -9.596397
   7.16733     -9.633453     -9.635340
   7.20064     -9.666002     -9.667583
   7.23395     -9.691960     -9.692896
   7.26725     -9.710829     -9.711094
   7.30056     -9.722275     -9.722059
   7.33387     -9.726114     -9.725726
   7.33387     -9.726114     -9.725726
   7.37705     -9.722211     -9.721820
   7.42023     -9.710513     -9.710121
   7.46341     -9.691072     -9.690671
   7.50659     -9.663944     -9.663529
   7.54977     -9.629248     -9.628813
   7.59295     -9.587122     -9.586661
   7.63614     -9.537733     -9.537237
   7.67932     -9.481258     -9.480724
   7.72250     -9.417920     -9.417335
   7.76568     -9.347958     -9.347311
   7.80886     -9.271627     -9.270901
   7.85204     -9.189191     -9.188364
   7.89522     -9.100965     -9.100005
   7.93840     -9.007260     -9.006118
   7.98158     -8.908427     -8.907031
   8.02477     -8.804884     -8.803108
   8.06795     -8.697181     -8.694780
   8.11113     -8.586303     -8.582702
   8.15431     -8.475206     -8.468691
   8.19749     -8.378557     -8.367592
   8.24067     -8.314664     -8.308470
   8.28385     -8.261494     -8.257743
   8.32703     -8.209421     -8.206853
   8.37022     -8.157086     -8.155259
   8.41340     -8.104528     -8.103268
   8.45658     -8.052142     -8.051440
   8.49976     -8.000523     -8.000582
   8.54294     -7.955722     -7.962011
   8.58612     -8.028334     -8.029056
   8.62930     -8.096804     -8.097236
   8.67248     -8.159763     -8.160090
   8.71566     -8.216453     -8.216726
   8.75885     -8.266389     -8.266627
   8.80203     -8.309194     -8.309408
   8.84521     -8.344579     -8.344776
   8.88839     -8.372318     -8.372504
   8.93157     -8.392253     -8.392431
   8.97475     -8.404258     -8.404433
   9.01793     -8.408268     -8.408442
 
# Band-Index:    4
   9.01793     -8.178524     -8.178663
   8.97475     -8.174726     -8.174870
   8.93157     -8.163352     -8.163510
   8.88839     -8.144460     -8.144648
   8.84521     -8.118159     -8.118397
   8.80203     -8.084589     -8.084904
   8.75885     -8.043945     -8.044393
   8.71566     -7.996532     -7.997232
   8.67248     -7.942943     -7.944301
   8.62930     -7.887788     -7.892193
   8.58612     -7.903361     -7.904384
   8.54294     -7.950230     -7.944215
   8.49976     -7.881060     -7.880720
   8.45658     -7.813159     -7.813318
   8.41340     -7.786678     -7.787566
   8.37022     -7.853793     -7.855463
   8.32703     -7.966884     -7.969193
   8.28385     -8.088695     -8.092032
   8.24067     -8.208806     -8.214437
   8.19749     -8.314646     -8.324902
   8.15431     -8.382758     -8.388419
   8.11113     -8.430568     -8.433171
   8.06795     -8.472103     -8.473369
   8.02477     -8.509829     -8.510330
   7.98158     -8.544318     -8.544298
   7.93840     -8.575781     -8.575378
   7.89522     -8.604344     -8.603630
   7.85204     -8.630113     -8.629132
   7.80886     -8.653201     -8.651995
   7.76568     -8.673724     -8.672318
   7.72250     -8.691800     -8.690222
   7.67932     -8.707558     -8.705828
   7.63614     -8.721118     -8.719250
   7.59295     -8.732597     -8.730615
   7.54977     -8.742108     -8.740029
   7.50659     -8.749746     -8.747588
   7.46341     -8.755594     -8.753370
   7.42023     -8.759720     -8.757452
   7.37705     -8.762174     -8.759875
   7.33387     -8.762986     -8.760683
   7.33387     -8.762986     -8.760683
   7.30056     -8.762334     -8.760343
   7.26725     -8.760335     -8.759335
   7.23395     -8.756887     -8.757678
   7.20064     -8.751790     -8.755409
   7.16733     -8.744755     -8.752570
   7.13403     -8.735363     -8.749224
   7.10072     -8.723042     -8.745439
   7.06741     -8.707021     -8.741301
   7.03410     -8.686285     -8.736891
   7.00080     -8.659619     -8.732311
   6.96749     -8.625615     -8.727657
   6.93418     -8.582870     -8.723027
   6.90088     -8.530213     -8.718528
   6.86757     -8.467005     -8.714249
   6.83426     -8.393320     -8.710285
   6.80096     -8.309903     -8.706722
   6.76765     -8.218006     -8.703610
   6.73434     -8.119235     -8.700977
   6.70104     -8.015398     -8.674861
   6.66773     -7.908631     -8.594414
   6.63442     -7.801909     -8.516472
   6.60112     -7.700543     -8.442087
   6.56781     -7.617335     -8.372092
   6.53450     -7.581618     -8.307216
   6.50119     -7.610015     -8.248012
   6.46789     -7.672810     -8.194887
   6.43458     -7.746154     -8.148037
   6.40127     -7.821016     -8.107530
   6.36797     -7.893711     -8.073437
   6.33466     -7.962334     -8.046288
   6.30135     -8.025698     -8.029578
   6.26805     -8.082971     -8.040096
   6.23474     -8.133549     -8.078625
   6.20143     -8.176966     -8.119190
   6.16813     -8.212876     -8.154345
   6.13482     -8.241019     -8.182408
   6.10151     -8.261227     -8.202743
   6.06820     -8.273393     -8.215046
   6.03490     -8.277453     -8.219163
   6.03490     -8.211649     -8.278630
   6.00121     -8.207765     -8.274549
   5.96752     -8.196181     -8.262339
   5.93383     -8.177127     -8.242084
   5.90014     -8.151090     -8.213934
   5.86645     -8.119157     -8.178089
   5.83276     -8.084287     -8.134825
   5.79907     -8.055725     -8.084476
   5.76538     -8.049245     -8.027452
   5.73169     -8.062864     -7.964258
   5.69800     -8.087298     -7.895527
   5.66431     -8.119248     -7.822100
   5.63062     -8.157874     -7.745169
   5.59693     -8.202964     -7.666914
   5.56324     -8.254382     -7.592820
   5.52955     -8.311890     -7.543618
   5.49586     -8.375071     -7.571172
   5.46217     -8.443337     -7.659587
   5.42848     -8.515823     -7.764531
   5.39479     -8.591100     -7.872906
   5.36110     -8.663553     -7.980424
   5.32741     -8.696227     -8.084752
   5.29372     -8.702708     -8.184114
   5.26003     -8.706965     -8.276959
   5.22634     -8.711090     -8.361863
   5.19265     -8.715392     -8.437669
   5.15896     -8.719904     -8.503589
   5.12528     -8.724583     -8.559392
   5.09159     -8.729351     -8.605485
   5.05790     -8.734118     -8.642770
   5.02421     -8.738800     -8.672470
   4.99052     -8.743294     -8.695869
   4.95683     -8.747505     -8.714161
   4.92314     -8.751351     -8.728363
   4.88945     -8.754749     -8.739266
   4.85576     -8.757632     -8.747487
   4.82207     -8.759939     -8.753474
   4.78838     -8.761621     -8.757545
   4.75469     -8.762644     -8.759907
   4.72100     -8.762986     -8.760683
   4.72100     -8.762986     -8.760683
   4.67492     -8.762183     -8.759758
   4.62884     -8.759735     -8.756960
   4.58275     -8.755550     -8.752162
   4.53667     -8.749438     -8.745158
   4.49059     -8.741138     -8.735624
   4.44451     -8.730215     -8.723072
   4.39843     -8.716048     -8.706784
   4.35235     -8.697691     -8.685718
   4.30627     -8.673784     -8.658420
   4.26018     -8.642369     -8.622931
   4.21410     -8.600875     -8.576898
   4.16802     -8.546389     -8.517962
   4.12194     -8.476580     -8.444565
   4.07586     -8.390815     -8.356645
   4.02978     -8.290607     -8.255785
   3.98370     -8.178815     -8.144571
   3.93761     -8.058678     -8.025912
   3.89153     -7.933267     -7.902738
   3.84545     -7.805540     -7.778064
   3.79937     -7.678787     -7.655520
   3.75329     -7.557855     -7.540662
   3.70721     -7.452408     -7.443886
   3.66113     -7.382675     -7.383114
   3.61504     -7.366141     -7.369613
   3.56896     -7.385431     -7.387967
   3.52288     -7.416776     -7.417983
   3.47680     -7.449349     -7.449549
   3.43072     -7.478921     -7.478494
   3.38464     -7.503677     -7.502998
   3.33856     -7.522830     -7.522247
   3.29248     -7.536135     -7.535944
   3.24639     -7.543697     -7.544108
   3.20031     -7.545918     -7.547022
   3.15423     -7.543464     -7.545180
   3.10815     -7.537234     -7.539240
   3.06207     -7.528298     -7.530044
   3.01599     -7.518025     -7.518919
   2.96991     -7.508754     -7.508666
   2.92382     -7.504692     -7.504201
   2.92382     -7.798813     -7.797596
   2.90747     -7.822423     -7.821430
   2.89112     -7.875463     -7.874750
   2.87477     -7.939629     -7.939091
   2.85842     -8.008401     -8.007973
   2.84207     -8.079449     -8.079098
   2.82572     -8.151732     -8.151441
   2.80937     -8.224676     -8.224436
   2.79302     -8.297875     -8.297687
   2.77667     -8.371036     -8.370907
   2.76032     -8.443903     -8.443848
   2.74397     -8.516232     -8.516289
   2.72762     -8.587739     -8.588008
   2.71127     -8.657848     -8.658711
   2.69492     -8.718698     -8.722817
   2.67857     -8.729453     -8.728735
   2.66222     -8.732103     -8.730758
   2.64588     -8.734266     -8.732688
   2.62953     -8.736319     -8.734612
   2.61318     -8.738328     -8.736532
   2.59683     -8.740309     -8.738445
   2.58048     -8.742263     -8.740345
   2.56413     -8.744177     -8.742216
   2.54778     -8.746052     -8.744047
   2.53143     -8.747874     -8.745829
   2.51508     -8.749634     -8.747554
   2.49873     -8.751323     -8.749210
   2.48238     -8.752926     -8.750785
   2.46603     -8.754438     -8.752271
   2.44968     -8.755851     -8.753660
   2.43333     -8.757154     -8.754942
   2.41698     -8.758341     -8.756109
   2.40063     -8.759405     -8.757155
   2.38428     -8.760339     -8.758073
   2.36793     -8.761139     -8.758861
   2.35158     -8.761800     -8.759511
   2.33523     -8.762317     -8.760021
   2.31888     -8.762688     -8.760388
   2.30253     -8.762912     -8.760610
   2.28618     -8.762986     -8.760683
   2.28618     -8.762986     -8.760683
   2.25687     -8.762718     -8.760028
   2.22756     -8.761911     -8.758059
   2.19825     -8.760574     -8.754746
   2.16894     -8.758710     -8.750063
   2.13963     -8.756337     -8.743953
   2.11032     -8.753459     -8.736358
   2.08101     -8.750107     -8.727216
   2.05170     -8.746297     -8.716444
   2.02239     -8.742053     -8.703951
   1.99308     -8.737402     -8.689659
   1.96377     -8.732376     -8.673450
   1.93446     -8.727007     -8.655234
   1.90515     -8.721322     -8.634900
   1.87584     -8.715365     -8.612349
   1.84653     -8.709173     -8.587484
   1.81722     -8.702779     -8.560210
   1.78791     -8.696227     -8.530434
   1.75860     -8.689557     -8.498066
   1.72929     -8.682808     -8.463036
   1.69998     -8.676026     -8.425284
   1.67067     -8.669250     -8.384744
   1.64136     -8.662518     -8.341390
   1.61205     -8.655864     -8.295170
   1.58274     -8.649322     -8.246094
   1.55343     -8.642917     -8.194150
   1.52412     -8.636653     -8.139364
   1.49481     -8.630510     -8.081780
   1.46550     -8.624395     -8.021484
   1.43619     -8.618018     -7.958692
   1.40688     -8.610418     -7.901450
   1.37757     -8.598366     -7.958407
   1.34826     -8.578144     -8.016751
   1.31895     -8.554578     -8.068624
   1.28964     -8.532408     -8.113502
   1.26033     -8.513237     -8.151056
   1.23102     -8.497733     -8.180986
   1.20171     -8.486321     -8.202970
   1.17240     -8.479327     -8.216557
   1.14309     -8.476970     -8.221184
   1.14309     -8.221900     -8.478038
   1.11378     -8.217287     -8.480415
   1.08447     -8.203737     -8.487464
   1.05516     -8.181796     -8.498978
   1.02585     -8.151921     -8.514670
   0.99654     -8.114438     -8.534179
   0.96723     -8.069647     -8.556987
   0.93792     -8.017931     -8.581741
   0.90861     -7.960003     -8.602303
   0.87930     -7.906538     -8.612112
   0.84999     -7.958556     -8.618327
   0.82068     -8.020890     -8.624005
   0.79137     -8.081047     -8.629718
   0.76206     -8.138597     -8.635597
   0.73275     -8.193411     -8.641676
   0.70344     -8.245430     -8.647943
   0.67413     -8.294621     -8.654369
   0.64482     -8.340968     -8.660929
   0.61551     -8.384479     -8.667580
   0.58620     -8.425184     -8.674285
   0.55689     -8.463113     -8.681003
   0.52758     -8.498323     -8.687694
   0.49827     -8.530874     -8.694313
   0.46896     -8.560832     -8.700818
   0.43965     -8.588286     -8.707170
   0.41034     -8.613325     -8.713323
   0.38103     -8.636041     -8.719243
   0.35172     -8.656532     -8.724892
   0.32241     -8.674903     -8.730232
   0.29310     -8.691249     -8.735231
   0.26379     -8.705675     -8.739855
   0.23448     -8.718283     -8.744078
   0.20517     -8.729159     -8.747866
   0.17586     -8.738394     -8.751200
   0.14655     -8.746072     -8.754059
   0.11724     -8.752249     -8.756422
   0.08793     -8.756983     -8.758276
   0.05862     -8.760331     -8.759610
   0.02931     -8.762326     -8.760415
   0.00000     -8.762986     -8.760683
 
# Band-Index:    5
   0.00000     -6.486751     -6.489395
   0.02931     -6.486626     -6.489120
   0.05862     -6.486286     -6.488319
   0.08793     -6.485823     -6.487069
   0.11724     -6.485418     -6.485505
   0.14655     -6.485339     -6.483825
   0.17586     -6.486003     -6.482319
   0.20517     -6.488011     -6.481382
   0.23448     -6.492216     -6.481554
   0.26379     -6.499754     -6.483528
   0.29310     -6.512065     -6.488218
   0.32241     -6.530723     -6.496715
   0.35172     -6.557110     -6.510190
   0.38103     -6.592121     -6.529711
   0.41034     -6.636019     -6.555964
   0.43965     -6.688538     -6.589259
   0.46896     -6.749079     -6.629961
   0.49827     -6.816841     -6.678856
   0.52758     -6.890896     -6.736574
   0.55689     -6.970247     -6.802662
   0.58620     -7.053823     -6.875756
   0.61551     -7.140541     -6.954276
   0.64482     -7.229296     -7.036665
   0.67413     -7.319013     -7.121496
   0.70344     -7.408639     -7.207440
   0.73275     -7.497177     -7.293279
   0.76206     -7.583679     -7.377897
   0.79137     -7.667252     -7.460288
   0.82068     -7.747019     -7.539534
   0.84999     -7.821888     -7.614812
   0.87930     -7.878816     -7.685383
   0.90861     -7.822177     -7.750589
   0.93792     -7.752665     -7.809835
   0.96723     -7.680765     -7.862584
   0.99654     -7.607215     -7.908346
   1.02585     -7.532745     -7.946653
   1.05516     -7.458638     -7.977071
   1.08447     -7.387777     -7.999182
   1.11378     -7.328145     -8.012618
   1.14309     -7.301437     -8.017130
   1.14309     -8.016815     -7.300308
   1.17240     -8.012302     -7.327367
   1.20171     -7.998856     -7.387494
   1.23102     -7.976740     -7.458727
   1.26033     -7.946308     -7.533122
   1.28964     -7.907979     -7.607842
   1.31895     -7.862204     -7.681637
   1.34826     -7.809435     -7.753822
   1.37757     -7.750171     -7.823855
   1.40688     -7.684951     -7.884064
   1.43619     -7.614366     -7.821966
   1.46550     -7.539077     -7.746660
   1.49481     -7.459819     -7.666745
   1.52412     -7.377415     -7.583101
   1.55343     -7.292779     -7.496557
   1.58274     -7.206916     -7.407996
   1.61205     -7.120936     -7.318362
   1.64136     -7.036033     -7.228650
   1.67067     -6.953500     -7.139907
   1.69998     -6.874697     -7.053211
   1.72929     -6.801056     -6.969665
   1.75860     -6.734011     -6.890359
   1.78791     -6.674863     -6.816361
   1.81722     -6.624390     -6.748670
   1.84653     -6.582517     -6.688215
   1.87584     -6.548753     -6.635803
   1.90515     -6.522695     -6.592040
   1.93446     -6.503788     -6.557203
   1.96377     -6.491065     -6.531041
   1.99308     -6.483287     -6.512667
   2.02239     -6.479184     -6.500662
   2.05170     -6.477679     -6.493446
   2.08101     -6.477875     -6.489560
   2.11032     -6.479086     -6.487836
   2.13963     -6.480798     -6.487418
   2.16894     -6.482630     -6.487700
   2.19825     -6.484301     -6.488264
   2.22756     -6.485619     -6.488838
   2.25687     -6.486461     -6.489246
   2.28618     -6.486751     -6.489395
   2.28618     -6.486751     -6.489395
   2.30253     -6.487118     -6.489751
   2.31888     -6.488227     -6.490825
   2.33523     -6.490097     -6.492639
   2.35158     -6.492757     -6.495224
   2.36793     -6.496254     -6.498629
   2.38428     -6.500646     -6.502911
   2.40063     -6.505999     -6.508142
   2.41698     -6.512395     -6.514404
   2.43333     -6.519923     -6.521792
   2.44968     -6.528684     -6.530409
   2.46603     -6.538786     -6.540366
   2.48238     -6.550343     -6.551780
   2.49873     -6.563479     -6.564776
   2.51508     -6.578305     -6.579467
   2.53143     -6.594959     -6.595992
   2.54778     -6.613544     -6.614461
   2.56413     -6.634195     -6.635002
   2.58048     -6.657012     -6.657721
   2.59683     -6.682087     -6.682710
   2.61318     -6.709518     -6.710062
   2.62953     -6.739371     -6.739850
   2.64588     -6.771727     -6.772147
   2.66222     -6.806620     -6.806987
   2.67857     -6.844079     -6.844399
   2.69492     -6.884128     -6.884413
   2.71127     -6.926753     -6.927010
   2.72762     -6.971933     -6.972167
   2.74397     -7.019611     -7.019830
   2.76032     -7.069724     -7.069932
   2.77667     -7.122174     -7.122378
   2.79302     -7.176833     -7.177040
   2.80937     -7.233532     -7.233752
   2.82572     -7.292042     -7.292285
   2.84207     -7.352030     -7.352308
   2.85842     -7.412956     -7.413295
   2.87477     -7.473812     -7.474250
   2.89112     -7.532307     -7.532912
   2.90747     -7.581940     -7.582824
   2.92382     -7.604413     -7.605520
   2.92382     -7.374157     -7.374852
   2.96991     -7.369760     -7.376498
   3.01599     -7.362454     -7.380186
   3.06207     -7.358249     -7.384277
   3.10815     -7.356632     -7.387690
   3.15423     -7.355552     -7.389582
   3.20031     -7.353490     -7.389253
   3.24639     -7.349388     -7.386095
   3.29248     -7.342419     -7.379551
   3.33856     -7.331862     -7.369099
   3.38464     -7.317078     -7.354275
   3.43072     -7.297480     -7.334703
   3.47680     -7.272584     -7.310184
   3.52288     -7.242058     -7.280835
   3.56896     -7.205760     -7.247169
   3.61504     -7.163899     -7.209969
   3.66113     -7.117564     -7.168883
   3.70721     -7.072560     -7.121173
   3.75329     -7.026509     -7.065357
   3.79937     -6.967648     -7.003092
   3.84545     -6.900456     -6.937087
   3.89153     -6.832121     -6.870450
   3.93761     -6.779835     -6.806902
   3.98370     -6.732955     -6.749864
   4.02978     -6.691722     -6.700686
   4.07586     -6.655861     -6.658757
   4.12194     -6.624823     -6.622995
   4.16802     -6.598041     -6.592568
   4.21410     -6.575063     -6.566979
   4.26018     -6.555559     -6.545930
   4.30627     -6.539228     -6.529152
   4.35235     -6.525779     -6.516277
   4.39843     -6.514926     -6.506824
   4.44451     -6.506326     -6.500169
   4.49059     -6.499678     -6.495698
   4.53667     -6.494671     -6.492821
   4.58275     -6.491052     -6.491062
   4.62884     -6.488610     -6.490051
   4.67492     -6.487207     -6.489544
   4.72100     -6.486751     -6.489395
   4.72100     -6.486751     -6.489395
   4.75469     -6.486932     -6.489586
   4.78838     -6.487521     -6.490209
   4.82207     -6.488653     -6.491379
   4.85576     -6.490563     -6.493299
   4.88945     -6.493605     -6.496266
   4.92314     -6.498289     -6.500690
   4.95683     -6.505300     -6.507102
   4.99052     -6.515499     -6.516168
   5.02421     -6.529916     -6.528700
   5.05790     -6.549587     -6.545621
   5.09159     -6.575380     -6.567909
   5.12528     -6.607814     -6.596518
   5.15896     -6.647025     -6.632282
   5.19265     -6.692843     -6.675772
   5.22634     -6.744974     -6.727282
   5.26003     -6.803067     -6.786729
   5.29372     -6.866744     -6.853634
   5.32741     -6.935600     -6.927147
   5.36110     -7.009129     -7.006020
   5.39479     -7.086707     -7.088601
   5.42848     -7.167573     -7.172543
   5.46217     -7.250837     -7.253496
   5.49586     -7.335515     -7.318362
   5.52955     -7.420572     -7.322918
   5.56324     -7.504931     -7.251521
   5.59693     -7.587528     -7.156481
   5.63062     -7.667316     -7.059134
   5.66431     -7.743202     -6.965627
   5.69800     -7.813891     -6.878697
   5.73169     -7.877459     -6.799862
   5.76538     -7.929463     -6.729786
   5.79907     -7.959544     -6.668450
   5.83276     -7.964731     -6.615369
   5.86645     -7.959909     -6.569903
   5.90014     -7.953577     -6.531628
   5.93383     -7.948077     -6.500613
   5.96752     -7.944037     -6.477687
   6.00121     -7.941590     -6.465684
   6.03490     -7.940773     -6.464309
   6.03490     -6.465543     -7.932283
   6.06820     -6.466756     -7.933212
   6.10151     -6.477744     -7.936017
   6.13482     -6.499457     -7.940759
   6.16813     -6.529050     -7.947487
   6.20143     -6.565728     -7.956057
   6.23474     -6.609502     -7.965451
   6.26805     -6.660914     -7.969039
   6.30135     -6.720732     -7.941753
   6.33466     -6.789546     -7.885394
   6.36797     -6.867354     -7.817875
   6.40127     -6.953192     -7.743835
   6.43458     -7.044810     -7.664929
   6.46789     -7.137820     -7.582269
   6.50119     -7.222421     -7.496872
   6.53450     -7.274077     -7.409765
   6.56781     -7.262573     -7.321969
   6.60112     -7.204282     -7.234536
   6.63442     -7.128461     -7.148496
   6.66773     -7.047968     -7.064820
   6.70104     -6.968246     -6.984407
   6.73434     -6.892288     -6.908023
   6.76765     -6.822118     -6.836340
   6.80096     -6.759086     -6.769916
   6.83426     -6.703972     -6.709294
   6.86757     -6.657035     -6.655103
   6.90088     -6.618025     -6.608123
   6.93418     -6.586319     -6.569310
   6.96749     -6.561068     -6.539441
   7.00080     -6.541309     -6.518416
   7.03410     -6.526084     -6.504877
   7.06741     -6.514522     -6.496797
   7.10072     -6.505859     -6.492292
   7.13403     -6.499459     -6.489999
   7.16733     -6.494822     -6.489027
   7.20064     -6.491533     -6.488786
   7.23395     -6.489275     -6.488900
   7.26725     -6.487822     -6.489129
   7.30056     -6.487009     -6.489321
   7.33387     -6.486751     -6.489395
   7.33387     -6.486751     -6.489395
   7.37705     -6.486721     -6.489357
   7.42023     -6.486671     -6.489285
   7.46341     -6.486706     -6.489280
   7.50659     -6.486990     -6.489512
   7.54977     -6.487798     -6.490246
   7.59295     -6.489493     -6.491851
   7.63614     -6.492589     -6.494830
   7.67932     -6.497730     -6.499828
   7.72250     -6.505750     -6.507667
   7.76568     -6.517717     -6.519413
   7.80886     -6.534898     -6.536328
   7.85204     -6.558809     -6.559933
   7.89522     -6.591230     -6.592028
   7.93840     -6.634486     -6.634957
   7.98158     -6.692583     -6.692785
   8.02477     -6.769341     -6.769406
   8.06795     -6.859687     -6.859698
   8.11113     -6.956750     -6.956739
   8.15431     -7.057094     -7.057071
   8.19749     -7.158686     -7.158655
   8.24067     -7.259826     -7.259791
   8.28385     -7.358585     -7.358544
   8.32703     -7.451720     -7.451679
   8.37022     -7.530080     -7.530106
   8.41340     -7.556771     -7.557273
   8.45658     -7.581965     -7.581373
   8.49976     -7.663325     -7.662445
   8.54294     -7.740194     -7.738898
   8.58612     -7.810887     -7.808269
   8.62930     -7.847128     -7.841560
   8.67248     -7.809860     -7.807577
   8.71566     -7.771586     -7.770123
   8.75885     -7.737130     -7.736042
   8.80203     -7.707216     -7.706361
   8.84521     -7.682277     -7.681596
   8.88839     -7.662614     -7.662052
   8.93157     -7.648444     -7.647961
   8.97475     -7.639895     -7.639456
   9.01793     -7.637035     -7.636610
 
# Band-Index:    6
   9.01793     -6.186303     -6.185377
   8.97475     -6.189877     -6.188957
   8.93157     -6.200374     -6.199468
   8.88839     -6.217157     -6.216274
   8.84521     -6.239411     -6.238815
   8.80203     -6.372577     -6.372573
   8.75885     -6.512655     -6.512739
   8.71566     -6.655345     -6.655521
   8.67248     -6.799142     -6.799413
   8.62930     -6.942884     -6.943253
   8.58612     -7.085490     -7.085960
   8.54294     -7.225574     -7.226144
   8.49976     -7.360468     -7.361114
   8.45658     -7.481783     -7.482341
   8.41340     -7.495001     -7.494210
   8.37022     -7.406682     -7.406076
   8.32703     -7.315715     -7.315191
   8.28385     -7.223511     -7.223050
   8.24067     -7.131326     -7.130924
   8.19749     -7.040486     -7.040151
   8.15431     -6.952469     -6.952215
   8.11113     -6.868703     -6.868557
   8.06795     -6.790187     -6.790196
   8.02477     -6.716341     -6.716567
   7.98158     -6.642791     -6.643311
   7.93840     -6.566432     -6.567386
   7.89522     -6.492361     -6.494200
   7.85204     -6.425320     -6.429028
   7.80886     -6.368174     -6.375413
   7.76568     -6.323485     -6.335202
   7.72250     -6.291738     -6.306197
   7.67932     -6.268554     -6.284298
   7.63614     -6.250120     -6.267015
   7.59295     -6.235093     -6.253280
   7.54977     -6.223076     -6.242586
   7.50659     -6.213878     -6.234561
   7.46341     -6.207256     -6.228843
   7.42023     -6.202893     -6.225080
   7.37705     -6.200443     -6.222958
   7.33387     -6.199656     -6.222268
   7.33387     -6.199656     -6.222268
   7.30056     -6.199383     -6.223066
   7.26725     -6.198761     -6.225594
   7.23395     -6.198350     -6.230276
   7.20064     -6.198976     -6.237675
   7.16733     -6.201373     -6.248291
   7.13403     -6.205828     -6.262317
   7.10072     -6.212166     -6.279498
   7.06741     -6.219978     -6.299062
   7.03410     -6.228809     -6.319642
   7.00080     -6.238228     -6.339361
   6.96749     -6.247812     -6.356206
   6.93418     -6.257175     -6.368880
   6.90088     -6.265972     -6.377361
   6.86757     -6.273930     -6.382562
   6.83426     -6.280852     -6.385643
   6.80096     -6.286624     -6.387585
   6.76765     -6.291190     -6.389156
   6.73434     -6.294546     -6.390930
   6.70104     -6.296719     -6.393260
   6.66773     -6.297771     -6.396228
   6.63442     -6.297858     -6.399639
   6.60112     -6.297306     -6.403043
   6.56781     -6.296783     -6.405869
   6.53450     -6.297510     -6.407549
   6.50119     -6.301233     -6.407628
   6.46789     -6.309483     -6.405810
   6.43458     -6.322352     -6.401966
   6.40127     -6.338450     -6.396106
   6.36797     -6.356083     -6.388370
   6.33466     -6.373918     -6.378979
   6.30135     -6.391071     -6.368249
   6.26805     -6.406964     -6.356567
   6.23474     -6.421215     -6.344419
   6.20143     -6.433563     -6.332375
   6.16813     -6.443811     -6.321087
   6.13482     -6.451763     -6.311258
   6.10151     -6.457020     -6.303594
   6.06820     -6.457564     -6.298709
   6.03490     -6.455175     -6.297030
   6.03490     -6.296399     -6.454527
   6.00121     -6.298298     -6.457027
   5.96752     -6.303809     -6.456251
   5.93383     -6.312420     -6.450975
   5.90014     -6.323401     -6.443107
   5.86645     -6.335926     -6.432996
   5.83276     -6.349177     -6.420834
   5.79907     -6.362404     -6.406812
   5.76538     -6.374955     -6.391175
   5.73169     -6.386264     -6.374278
   5.69800     -6.395852     -6.356611
   5.66431     -6.403314     -6.338895
   5.63062     -6.408308     -6.322110
   5.59693     -6.410588     -6.307525
   5.56324     -6.410000     -6.296414
   5.52955     -6.406530     -6.289424
   5.49586     -6.400364     -6.286165
   5.46217     -6.391905     -6.285520
   5.42848     -6.381793     -6.286316
   5.39479     -6.370860     -6.287656
   5.36110     -6.360020     -6.288958
   5.32741     -6.350056     -6.289825
   5.29372     -6.341401     -6.289994
   5.26003     -6.334013     -6.289255
   5.22634     -6.327403     -6.287427
   5.19265     -6.320854     -6.284371
   5.15896     -6.313558     -6.280006
   5.12528     -6.304792     -6.274363
   5.09159     -6.294076     -6.267608
   5.05790     -6.281312     -6.260077
   5.02421     -6.266897     -6.252237
   4.99052     -6.251665     -6.244623
   4.95683     -6.236718     -6.237757
   4.92314     -6.223296     -6.232069
   4.88945     -6.212574     -6.227804
   4.85576     -6.205371     -6.224977
   4.82207     -6.201555     -6.223365
   4.78838     -6.200074     -6.222607
   4.75469     -6.199698     -6.222332
   4.72100     -6.199656     -6.222268
   4.72100     -6.199656     -6.222268
   4.67492     -6.199760     -6.223425
   4.62884     -6.200198     -6.226858
   4.58275     -6.201332     -6.232507
   4.53667     -6.203737     -6.240236
   4.49059     -6.208183     -6.249817
   4.44451     -6.215541     -6.260929
   4.39843     -6.226918     -6.273222
   4.35235     -6.244160     -6.286454
   4.30627     -6.269783     -6.300781
   4.26018     -6.305123     -6.317531
   4.21410     -6.350021     -6.343199
   4.16802     -6.403686     -6.390283
   4.12194     -6.464936     -6.451625
   4.07586     -6.532262     -6.519269
   4.02978     -6.603984     -6.589708
   3.98370     -6.678366     -6.660085
   3.93761     -6.753692     -6.727974
   3.89153     -6.828087     -6.792361
   3.84545     -6.887804     -6.853395
   3.79937     -6.945728     -6.910263
   3.75329     -7.002877     -6.959361
   3.70721     -7.052912     -6.991937
   3.66113     -7.063355     -6.991174
   3.61504     -7.015014     -6.944690
   3.56896     -6.934214     -6.867898
   3.52288     -6.854840     -6.792070
   3.47680     -6.804376     -6.756635
   3.43072     -6.789062     -6.758327
   3.38464     -6.793229     -6.772332
   3.33856     -6.806823     -6.792018
   3.29248     -6.827416     -6.816832
   3.24639     -6.859547     -6.849513
   3.20031     -6.920059     -6.899422
   3.15423     -7.000643     -6.971724
   3.10815     -7.081180     -7.051746
   3.06207     -7.153313     -7.128068
   3.01599     -7.210257     -7.193552
   2.96991     -7.245390     -7.240148
   2.92382     -7.256689     -7.257658
   2.92382     -6.154749     -6.162648
   2.90747     -6.154833     -6.162751
   2.89112     -6.155084     -6.163059
   2.87477     -6.155498     -6.163568
   2.85842     -6.156068     -6.164275
   2.84207     -6.156788     -6.165171
   2.82572     -6.157649     -6.166247
   2.80937     -6.158643     -6.167498
   2.79302     -6.159752     -6.168906
   2.77667     -6.160971     -6.170466
   2.76032     -6.162281     -6.172161
   2.74397     -6.163669     -6.173975
   2.72762     -6.165117     -6.175895
   2.71127     -6.166611     -6.177904
   2.69492     -6.168134     -6.179988
   2.67857     -6.169673     -6.182131
   2.66222     -6.171217     -6.184318
   2.64588     -6.172753     -6.186540
   2.62953     -6.174271     -6.188780
   2.61318     -6.175765     -6.191031
   2.59683     -6.177232     -6.193278
   2.58048     -6.178673     -6.195516
   2.56413     -6.180086     -6.197731
   2.54778     -6.181482     -6.199922
   2.53143     -6.182872     -6.202085
   2.51508     -6.184263     -6.204201
   2.49873     -6.185666     -6.206280
   2.48238     -6.187079     -6.208293
   2.46603     -6.188514     -6.210236
   2.44968     -6.189961     -6.212092
   2.43333     -6.191409     -6.213846
   2.41698     -6.192836     -6.215482
   2.40063     -6.194216     -6.216982
   2.38428     -6.195506     -6.218324
   2.36793     -6.196683     -6.219494
   2.35158     -6.197704     -6.220476
   2.33523     -6.198537     -6.221257
   2.31888     -6.199153     -6.221819
   2.30253     -6.199530     -6.222158
   2.28618     -6.199656     -6.222268
   2.28618     -6.199656     -6.222268
   2.25687     -6.200233     -6.222295
   2.22756     -6.202289     -6.222441
   2.19825     -6.206767     -6.222964
   2.16894     -6.214834     -6.224236
   2.13963     -6.227250     -6.226719
   2.11032     -6.244038     -6.230810
   2.08101     -6.264816     -6.236687
   2.05170     -6.289113     -6.244151
   2.02239     -6.316480     -6.252565
   1.99308     -6.346549     -6.260915
   1.96377     -6.378949     -6.267995
   1.93446     -6.413391     -6.272737
   1.90515     -6.449670     -6.274520
   1.87584     -6.487797     -6.273275
   1.84653     -6.527882     -6.269321
   1.81722     -6.569697     -6.263160
   1.78791     -6.612380     -6.255337
   1.75860     -6.655011     -6.246372
   1.72929     -6.697159     -6.236770
   1.69998     -6.738695     -6.227028
   1.67067     -6.779508     -6.217666
   1.64136     -6.819442     -6.209246
   1.61205     -6.858316     -6.202346
   1.58274     -6.895939     -6.197546
   1.55343     -6.932108     -6.195314
   1.52412     -6.966637     -6.195877
   1.49481     -6.999348     -6.199170
   1.46550     -7.030073     -6.232797
   1.43619     -7.058655     -6.312190
   1.40688     -7.084949     -6.393452
   1.37757     -7.108823     -6.476191
   1.34826     -7.130168     -6.560022
   1.31895     -7.148873     -6.644467
   1.28964     -7.164853     -6.728951
   1.26033     -7.178031     -6.812650
   1.23102     -7.188344     -6.894175
   1.20171     -7.195744     -6.970584
   1.17240     -7.200199     -7.033852
   1.14309     -7.201685     -7.061962
   1.14309     -7.060087     -7.199842
   1.11378     -7.032316     -7.198360
   1.08447     -6.969510     -7.193923
   1.05516     -6.893418     -7.186551
   1.02585     -6.812111     -7.176284
   0.99654     -6.728573     -7.163161
   0.96723     -6.644215     -7.147245
   0.93792     -6.559874     -7.128614
   0.90861     -6.476143     -7.107353
   0.87930     -6.393492     -7.083568
   0.84999     -6.312356     -7.057371
   0.82068     -6.233463     -7.028897
   0.79137     -6.200197     -6.998279
   0.76206     -6.196373     -6.965680
   0.73275     -6.195410     -6.931256
   0.70344     -6.197232     -6.895193
   0.67413     -6.201606     -6.857658
   0.64482     -6.208068     -6.818833
   0.61551     -6.216050     -6.778875
   0.58620     -6.224958     -6.737894
   0.55689     -6.234228     -6.695924
   0.52758     -6.243334     -6.652926
   0.49827     -6.251765     -6.608978
   0.46896     -6.259003     -6.564851
   0.43965     -6.264512     -6.522061
   0.41034     -6.267723     -6.481790
   0.38103     -6.268110     -6.444279
   0.35172     -6.265328     -6.409242
   0.32241     -6.259426     -6.376458
   0.29310     -6.250970     -6.346001
   0.26379     -6.240974     -6.318181
   0.23448     -6.230614     -6.293449
   0.20517     -6.220949     -6.272284
   0.17586     -6.212803     -6.255118
   0.14655     -6.206682     -6.242167
   0.11724     -6.202730     -6.233195
   0.08793     -6.200654     -6.227542
   0.05862     -6.199849     -6.224327
   0.02931     -6.199667     -6.222745
   0.00000     -6.199656     -6.222268
 
# Band-Index:    7
   0.00000     -6.144223     -6.118099
   0.02931     -6.144207     -6.118904
   0.05862     -6.144007     -6.121143
   0.08793     -6.143196     -6.124343
   0.11724     -6.141140     -6.127769
   0.14655     -6.137220     -6.130624
   0.17586     -6.131068     -6.132343
   0.20517     -6.122635     -6.132825
   0.23448     -6.112044     -6.132329
   0.26379     -6.099457     -6.131264
   0.29310     -6.085048     -6.129961
   0.32241     -6.068947     -6.128502
   0.35172     -6.051269     -6.126667
   0.38103     -6.032115     -6.123963
   0.41034     -6.011579     -6.119738
   0.43965     -5.989756     -6.113362
   0.46896     -5.966725     -6.104394
   0.49827     -5.942589     -6.092649
   0.52758     -5.917455     -6.078149
   0.55689     -5.891461     -6.061086
   0.58620     -5.864938     -6.041750
   0.61551     -5.850579     -6.020496
   0.64482     -5.869865     -5.997764
   0.67413     -5.889922     -5.974125
   0.70344     -5.940065     -5.950389
   0.73275     -6.008482     -5.927795
   0.76206     -6.080485     -5.908250
   0.79137     -6.155055     -5.894304
   0.82068     -6.204864     -5.888007
   0.84999     -6.212843     -5.889118
   0.87930     -6.221409     -5.895341
   0.90861     -6.230331     -5.904202
   0.93792     -6.239135     -5.913953
   0.96723     -6.247415     -5.923520
   0.99654     -6.254856     -5.932260
   1.02585     -6.261225     -5.939779
   1.05516     -6.266339     -5.945824
   1.08447     -6.270077     -5.950238
   1.11378     -6.272350     -5.952921
   1.14309     -6.273114     -5.953821
   1.14309     -5.952215     -6.271685
   1.17240     -5.951314     -6.270923
   1.20171     -5.948629     -6.268654
   1.23102     -5.944215     -6.264930
   1.26033     -5.938164     -6.259832
   1.28964     -5.930643     -6.253492
   1.31895     -5.921899     -6.246092
   1.34826     -5.912325     -6.237868
   1.37757     -5.902565     -6.229143
   1.40688     -5.893702     -6.220344
   1.43619     -5.887489     -6.211982
   1.46550     -5.886419     -6.204634
   1.49481     -5.892801     -6.155378
   1.52412     -5.906858     -6.080544
   1.55343     -5.926515     -6.008475
   1.58274     -5.949210     -5.940128
   1.61205     -5.973029     -5.890054
   1.64136     -5.996742     -5.869562
   1.67067     -6.019533     -5.850233
   1.69998     -6.040852     -5.862911
   1.72929     -6.060261     -5.888903
   1.75860     -6.077411     -5.914387
   1.78791     -6.092025     -5.938951
   1.81722     -6.103938     -5.962441
   1.84653     -6.113157     -5.984728
   1.87584     -6.119916     -6.005690
   1.90515     -6.124712     -6.025214
   1.93446     -6.128227     -6.043172
   1.96377     -6.131156     -6.059429
   1.99308     -6.134058     -6.073841
   2.02239     -6.137221     -6.086255
   2.05170     -6.140652     -6.096536
   2.08101     -6.144100     -6.104591
   2.11032     -6.147124     -6.110448
   2.13963     -6.149161     -6.114306
   2.16894     -6.149697     -6.116532
   2.19825     -6.148657     -6.117612
   2.22756     -6.146698     -6.118008
   2.25687     -6.144923     -6.118096
   2.28618     -6.144223     -6.118099
   2.28618     -6.144223     -6.118099
   2.30253     -6.144063     -6.117935
   2.31888     -6.143578     -6.117441
   2.33523     -6.142753     -6.116610
   2.35158     -6.141568     -6.115429
   2.36793     -6.139997     -6.113889
   2.38428     -6.138006     -6.111975
   2.40063     -6.135563     -6.109668
   2.41698     -6.132625     -6.106943
   2.43333     -6.129163     -6.103792
   2.44968     -6.125151     -6.100192
   2.46603     -6.120570     -6.096125
   2.48238     -6.115412     -6.091579
   2.49873     -6.109682     -6.086546
   2.51508     -6.103389     -6.081010
   2.53143     -6.096557     -6.074992
   2.54778     -6.089211     -6.068496
   2.56413     -6.081389     -6.061538
   2.58048     -6.073124     -6.054146
   2.59683     -6.064462     -6.046337
   2.61318     -6.055458     -6.038157
   2.62953     -6.046154     -6.029648
   2.64588     -6.036614     -6.020860
   2.66222     -6.026899     -6.011849
   2.67857     -6.017075     -6.002684
   2.69492     -6.007213     -5.993438
   2.71127     -5.997393     -5.984186
   2.72762     -5.987700     -5.975014
   2.74397     -5.978222     -5.966008
   2.76032     -5.969056     -5.957269
   2.77667     -5.960307     -5.948900
   2.79302     -5.952078     -5.941006
   2.80937     -5.944474     -5.933694
   2.82572     -5.937603     -5.927077
   2.84207     -5.931575     -5.921260
   2.85842     -5.926488     -5.916343
   2.87477     -5.922429     -5.912413
   2.89112     -5.919470     -5.909548
   2.90747     -5.917671     -5.907806
   2.92382     -5.917067     -5.907221
   2.92382     -6.963393     -6.964696
   2.96991     -6.958875     -6.959745
   3.01599     -6.946002     -6.945546
   3.06207     -6.926518     -6.923722
   3.10815     -6.902434     -6.895925
   3.15423     -6.875022     -6.862158
   3.20031     -6.841974     -6.816443
   3.24639     -6.788008     -6.748700
   3.29248     -6.709807     -6.669119
   3.33856     -6.632140     -6.595575
   3.38464     -6.578003     -6.551012
   3.43072     -6.576745     -6.564840
   3.47680     -6.615989     -6.620940
   3.52288     -6.646274     -6.662009
   3.56896     -6.652852     -6.665503
   3.61504     -6.646108     -6.654595
   3.66113     -6.632710     -6.638570
   3.70721     -6.614916     -6.619341
   3.75329     -6.593308     -6.597206
   3.79937     -6.567887     -6.572125
   3.84545     -6.538476     -6.544049
   3.89153     -6.505114     -6.513235
   3.93761     -6.468407     -6.480457
   3.98370     -6.429784     -6.447116
   4.02978     -6.391367     -6.415003
   4.07586     -6.355376     -6.385694
   4.12194     -6.323348     -6.359801
   4.16802     -6.295792     -6.335999
   4.21410     -6.272301     -6.307389
   4.26018     -6.251932     -6.267124
   4.30627     -6.233486     -6.227600
   4.35235     -6.215887     -6.194859
   4.39843     -6.199207     -6.169578
   4.44451     -6.184524     -6.151057
   4.49059     -6.172280     -6.138106
   4.53667     -6.162324     -6.129423
   4.58275     -6.154512     -6.123851
   4.62884     -6.148837     -6.120471
   4.67492     -6.145384     -6.118666
   4.72100     -6.144223     -6.118099
   4.72100     -6.144223     -6.118099
   4.75469     -6.145027     -6.117805
   4.78838     -6.147195     -6.116815
   4.82207     -6.149957     -6.114819
   4.85576     -6.152103     -6.111383
   4.88945     -6.152509     -6.106048
   4.92314     -6.150973     -6.098472
   4.95683     -6.148083     -6.088497
   4.99052     -6.144672     -6.076169
   5.02421     -6.141491     -6.061667
   5.05790     -6.139149     -6.045298
   5.09159     -6.138096     -6.027472
   5.12528     -6.138593     -6.008695
   5.15896     -6.140662     -5.989704
   5.19265     -6.144018     -5.971657
   5.22634     -6.148037     -5.956573
   5.26003     -6.151744     -5.947855
   5.29372     -6.153895     -5.949804
   5.32741     -6.153180     -5.963860
   5.36110     -6.148448     -5.986386
   5.39479     -6.138866     -6.012570
   5.42848     -6.123905     -6.039020
   5.46217     -6.103240     -6.063451
   5.49586     -6.076656     -6.083904
   5.52955     -6.044022     -6.098376
   5.56324     -6.005354     -6.105041
   5.59693     -5.960922     -6.102878
   5.63062     -5.911456     -6.092132
   5.66431     -5.858474     -6.074071
   5.69800     -5.805026     -6.050759
   5.73169     -5.757032     -6.025122
   5.76538     -5.722837     -6.000744
   5.79907     -5.705713     -5.980694
   5.83276     -5.700598     -5.966067
   5.86645     -5.701880     -5.956102
   5.90014     -5.706240     -5.949545
   5.93383     -5.711646     -5.945413
   5.96752     -5.716638     -5.943087
   6.00121     -5.720117     -5.942107
   6.03490     -5.721361     -5.941895
   6.03490     -5.943311     -5.722498
   6.06820     -5.943922     -5.721707
   6.10151     -5.945899     -5.719582
   6.13482     -5.949612     -5.716844
   6.16813     -5.955659     -5.714606
   6.20143     -5.965028     -5.714333
   6.23474     -5.979172     -5.717962
   6.26805     -5.999571     -5.728229
   6.30135     -6.026299     -5.748697
   6.33466     -6.056896     -5.781828
   6.36797     -6.087229     -5.825729
   6.40127     -6.113328     -5.875074
   6.43458     -6.132106     -5.924881
   6.46789     -6.141295     -5.971869
   6.50119     -6.139693     -6.014115
   6.53450     -6.127912     -6.050553
   6.56781     -6.108145     -6.080647
   6.60112     -6.082828     -6.104236
   6.63442     -6.053902     -6.121421
   6.66773     -6.022986     -6.132577
   6.70104     -5.992214     -6.138375
   6.73434     -5.965850     -6.139781
   6.76765     -5.951594     -6.137995
   6.80096     -5.953729     -6.134267
   6.83426     -5.966973     -6.129748
   6.86757     -5.985316     -6.125378
   6.90088     -6.005621     -6.121798
   6.93418     -6.026344     -6.119374
   6.96749     -6.046623     -6.118211
   7.00080     -6.065905     -6.118207
   7.03410     -6.083750     -6.119072
   7.06741     -6.099802     -6.120416
   7.10072     -6.113705     -6.121779
   7.13403     -6.125106     -6.122721
   7.16733     -6.133691     -6.122925
   7.20064     -6.139355     -6.122295
   7.23395     -6.142450     -6.121047
   7.26725     -6.143764     -6.119622
   7.30056     -6.144158     -6.118514
   7.33387     -6.144223     -6.118099
   7.33387     -6.144223     -6.118099
   7.37705     -6.145174     -6.119175
   7.42023     -6.148038     -6.122433
   7.46341     -6.152903     -6.128006
   7.50659     -6.160016     -6.136172
   7.54977     -6.169848     -6.147381
   7.59295     -6.183190     -6.162295
   7.63614     -6.201010     -6.181694
   7.67932     -6.224105     -6.206248
   7.72250     -6.252163     -6.235916
   7.76568     -6.282065     -6.268874
   7.80886     -6.309562     -6.301150
   7.85204     -6.334585     -6.329981
   7.89522     -6.358362     -6.355871
   7.93840     -6.381247     -6.379832
   7.98158     -6.403086     -6.402209
   8.02477     -6.423562     -6.422943
   8.06795     -6.442278     -6.441747
   8.11113     -6.458821     -6.458290
   8.15431     -6.472779     -6.472206
   8.19749     -6.483764     -6.483125
   8.24067     -6.491412     -6.490706
   8.28385     -6.495412     -6.494644
   8.32703     -6.495510     -6.494691
   8.37022     -6.491515     -6.490654
   8.41340     -6.483318     -6.482439
   8.45658     -6.470912     -6.470017
   8.49976     -6.454388     -6.453494
   8.54294     -6.433983     -6.433099
   8.58612     -6.410096     -6.409227
   8.62930     -6.383301     -6.382447
   8.67248     -6.354370     -6.353528
   8.71566     -6.324270     -6.323434
   8.75885     -6.294164     -6.293326
   8.80203     -6.265352     -6.264503
   8.84521     -6.237160     -6.236799
   8.88839     -6.110711     -6.110539
   8.93157     -5.999608     -5.999383
   8.97475     -5.917373     -5.917129
   9.01793     -5.885431     -5.885190
 
# Band-Index:    8
   9.01793     -5.543366     -5.543687
   8.97475     -5.540121     -5.540492
   8.93157     -5.534012     -5.534450
   8.88839     -5.528113     -5.528595
   8.84521     -5.522463     -5.522991
   8.80203     -5.516744     -5.517343
   8.75885     -5.511018     -5.511746
   8.71566     -5.505911     -5.506858
   8.67248     -5.503146     -5.504330
   8.62930     -5.505914     -5.506954
   8.58612     -5.515405     -5.515919
   8.54294     -5.529152     -5.529287
   8.49976     -5.545121     -5.545081
   8.45658     -5.562253     -5.562148
   8.41340     -5.579852     -5.579732
   8.37022     -5.597293     -5.597168
   8.32703     -5.613939     -5.613811
   8.28385     -5.629084     -5.628945
   8.24067     -5.641992     -5.641832
   8.19749     -5.651856     -5.651669
   8.15431     -5.657887     -5.657665
   8.11113     -5.659364     -5.659102
   8.06795     -5.655778     -5.655471
   8.02477     -5.647007     -5.646669
   7.98158     -5.633649     -5.633306
   7.93840     -5.617475     -5.617181
   7.89522     -5.602578     -5.602385
   7.85204     -5.596941     -5.596780
   7.80886     -5.605138     -5.604865
   7.76568     -5.620510     -5.620201
   7.72250     -5.637094     -5.636857
   7.67932     -5.652625     -5.652521
   7.63614     -5.666374     -5.666422
   7.59295     -5.678159     -5.678367
   7.54977     -5.688003     -5.688357
   7.50659     -5.695974     -5.696448
   7.46341     -5.702131     -5.702694
   7.42023     -5.706510     -5.707138
   7.37705     -5.709132     -5.709799
   7.33387     -5.710001     -5.710682
   7.33387     -5.710001     -5.710682
   7.30056     -5.709046     -5.710790
   7.26725     -5.706190     -5.711098
   7.23395     -5.701496     -5.711528
   7.20064     -5.695084     -5.711951
   7.16733     -5.687150     -5.712213
   7.13403     -5.678006     -5.712136
   7.10072     -5.668178     -5.711531
   7.06741     -5.658528     -5.710218
   7.03410     -5.650598     -5.708041
   7.00080     -5.647105     -5.704902
   6.96749     -5.652094     -5.700752
   6.93418     -5.668964     -5.695632
   6.90088     -5.697099     -5.689666
   6.86757     -5.732495     -5.683058
   6.83426     -5.770343     -5.676096
   6.80096     -5.805254     -5.669101
   6.76765     -5.830125     -5.662384
   6.73434     -5.839882     -5.656231
   6.70104     -5.840226     -5.650831
   6.66773     -5.840499     -5.646252
   6.63442     -5.844589     -5.642439
   6.60112     -5.851597     -5.639221
   6.56781     -5.859407     -5.636362
   6.53450     -5.866526     -5.633597
   6.50119     -5.872158     -5.630647
   6.46789     -5.875916     -5.627235
   6.43458     -5.877586     -5.623101
   6.40127     -5.876933     -5.618249
   6.36797     -5.873641     -5.614224
   6.33466     -5.867316     -5.614284
   6.30135     -5.857917     -5.618101
   6.26805     -5.846983     -5.623316
   6.23474     -5.838865     -5.628668
   6.20143     -5.838730     -5.633586
   6.16813     -5.847787     -5.637757
   6.13482     -5.862459     -5.641034
   6.10151     -5.877523     -5.643366
   6.06820     -5.888487     -5.644759
   6.03490     -5.892467     -5.645223
   6.03490     -5.646591     -5.892890
   6.00121     -5.646159     -5.888855
   5.96752     -5.644866     -5.877503
   5.93383     -5.642713     -5.861395
   5.90014     -5.639678     -5.844871
   5.86645     -5.635768     -5.833264
   5.83276     -5.631038     -5.830973
   5.79907     -5.625646     -5.838109
   5.76538     -5.619989     -5.849795
   5.73169     -5.615086     -5.860532
   5.69800     -5.613291     -5.867702
   5.66431     -5.614415     -5.871016
   5.63062     -5.615311     -5.870855
   5.59693     -5.615529     -5.867583
   5.56324     -5.615490     -5.861400
   5.52955     -5.615602     -5.852357
   5.49586     -5.616230     -5.840523
   5.46217     -5.617718     -5.826125
   5.42848     -5.620374     -5.809973
   5.39479     -5.624423     -5.794951
   5.36110     -5.629945     -5.788412
   5.32741     -5.636861     -5.790542
   5.29372     -5.644929     -5.789034
   5.26003     -5.653791     -5.776768
   5.22634     -5.663004     -5.755046
   5.19265     -5.672123     -5.729395
   5.15896     -5.680729     -5.705125
   5.12528     -5.688460     -5.686175
   5.09159     -5.695085     -5.674626
   5.05790     -5.700462     -5.670240
   5.02421     -5.704575     -5.671229
   4.99052     -5.707502     -5.675534
   4.95683     -5.709382     -5.681499
   4.92314     -5.710420     -5.688000
   4.88945     -5.710829     -5.694292
   4.85576     -5.710824     -5.699894
   4.82207     -5.710596     -5.704494
   4.78838     -5.710305     -5.707897
   4.75469     -5.710083     -5.709982
   4.72100     -5.710001     -5.710682
   4.72100     -5.710001     -5.710682
   4.67492     -5.709050     -5.710018
   4.62884     -5.706185     -5.708003
   4.58275     -5.701406     -5.704564
   4.53667     -5.694712     -5.699581
   4.49059     -5.686100     -5.692889
   4.44451     -5.675562     -5.684287
   4.39843     -5.663126     -5.673589
   4.35235     -5.648887     -5.660735
   4.30627     -5.633233     -5.646026
   4.26018     -5.617400     -5.630636
   4.21410     -5.605523     -5.618119
   4.16802     -5.608774     -5.616942
   4.12194     -5.630137     -5.632106
   4.07586     -5.655667     -5.653839
   4.02978     -5.677108     -5.672870
   3.98370     -5.691684     -5.685146
   3.93761     -5.699536     -5.689759
   3.89153     -5.703950     -5.688756
   3.84545     -5.713769     -5.690871
   3.79937     -5.741518     -5.715703
   3.75329     -5.788043     -5.763146
   3.70721     -5.846776     -5.821743
   3.66113     -5.913736     -5.887372
   3.61504     -5.986757     -5.958332
   3.56896     -6.063879     -6.033084
   3.52288     -6.142139     -6.109118
   3.47680     -6.215122     -6.180918
   3.43072     -6.265730     -6.233825
   3.38464     -6.261477     -6.237183
   3.33856     -6.200226     -6.182034
   3.29248     -6.113344     -6.098032
   3.24639     -6.018534     -6.004508
   3.20031     -5.924906     -5.909666
   3.15423     -5.875479     -5.866866
   3.10815     -5.891624     -5.888649
   3.06207     -5.910154     -5.907661
   3.01599     -5.924196     -5.921476
   2.96991     -5.932795     -5.929802
   2.92382     -5.935683     -5.932582
   2.92382     -5.750342     -5.733665
   2.90747     -5.750284     -5.733686
   2.89112     -5.750113     -5.733750
   2.87477     -5.749839     -5.733860
   2.85842     -5.749477     -5.734014
   2.84207     -5.749041     -5.734215
   2.82572     -5.748547     -5.734463
   2.80937     -5.748019     -5.734754
   2.79302     -5.747463     -5.735073
   2.77667     -5.746893     -5.735416
   2.76032     -5.746310     -5.735761
   2.74397     -5.745711     -5.736088
   2.72762     -5.745088     -5.736374
   2.71127     -5.744427     -5.736592
   2.69492     -5.743714     -5.736718
   2.67857     -5.742932     -5.736729
   2.66222     -5.742064     -5.736605
   2.64588     -5.741092     -5.736326
   2.62953     -5.740004     -5.735876
   2.61318     -5.738793     -5.735248
   2.59683     -5.737448     -5.734436
   2.58048     -5.735973     -5.733443
   2.56413     -5.734366     -5.732275
   2.54778     -5.732646     -5.730948
   2.53143     -5.730834     -5.729486
   2.51508     -5.728935     -5.727905
   2.49873     -5.726994     -5.726241
   2.48238     -5.725021     -5.724513
   2.46603     -5.723056     -5.722761
   2.44968     -5.721126     -5.721020
   2.43333     -5.719264     -5.719322
   2.41698     -5.717502     -5.717700
   2.40063     -5.715869     -5.716188
   2.38428     -5.714393     -5.714809
   2.36793     -5.713100     -5.713598
   2.35158     -5.712010     -5.712574
   2.33523     -5.711145     -5.711756
   2.31888     -5.710512     -5.711163
   2.30253     -5.710129     -5.710803
   2.28618     -5.710001     -5.710682
   2.28618     -5.710001     -5.710682
   2.25687     -5.709989     -5.709766
   2.22756     -5.709947     -5.707029
   2.19825     -5.709851     -5.702546
   2.16894     -5.709635     -5.696450
   2.13963     -5.709221     -5.688927
   2.11032     -5.708493     -5.680254
   2.08101     -5.707296     -5.670834
   2.05170     -5.705433     -5.661238
   2.02239     -5.702681     -5.652327
   1.99308     -5.698825     -5.645423
   1.96377     -5.693684     -5.642435
   1.93446     -5.687189     -5.645611
   1.90515     -5.679430     -5.656297
   1.87584     -5.670716     -5.673804
   1.84653     -5.661614     -5.696099
   1.81722     -5.652951     -5.721155
   1.78791     -5.645823     -5.747478
   1.75860     -5.641493     -5.773993
   1.72929     -5.641177     -5.799878
   1.69998     -5.645637     -5.824193
   1.67067     -5.654778     -5.832686
   1.64136     -5.667613     -5.806443
   1.61205     -5.682573     -5.866038
   1.58274     -5.697823     -5.896214
   1.55343     -5.711310     -5.906968
   1.52412     -5.720546     -5.912494
   1.49481     -5.722614     -5.913714
   1.46550     -5.715265     -5.911258
   1.43619     -5.698698     -5.905892
   1.40688     -5.675373     -5.898448
   1.37757     -5.648317     -5.889729
   1.34826     -5.621675     -5.880454
   1.31895     -5.608415     -5.871239
   1.28964     -5.609131     -5.862601
   1.26033     -5.611949     -5.854973
   1.23102     -5.614580     -5.848695
   1.20171     -5.616580     -5.844022
   1.17240     -5.617813     -5.841144
   1.14309     -5.618231     -5.840176
   1.14309     -5.841243     -5.616340
   1.11378     -5.842203     -5.615927
   1.08447     -5.845045     -5.614701
   1.05516     -5.849655     -5.612715
   1.02585     -5.855856     -5.610116
   0.99654     -5.863389     -5.607387
   0.96723     -5.871917     -5.607157
   0.93792     -5.881023     -5.621977
   0.90861     -5.890188     -5.649057
   0.87930     -5.898805     -5.676176
   0.84999     -5.906170     -5.699500
   0.82068     -5.911492     -5.716073
   0.79137     -5.913948     -5.723451
   0.76206     -5.912779     -5.721421
   0.73275     -5.907368     -5.712207
   0.70344     -5.896870     -5.698706
   0.67413     -5.866936     -5.683395
   0.64482     -5.808168     -5.668335
   0.61551     -5.834751     -5.655360
   0.58620     -5.825034     -5.646051
   0.55689     -5.800669     -5.641425
   0.52758     -5.774790     -5.641594
   0.49827     -5.748274     -5.645823
   0.46896     -5.721932     -5.652897
   0.43965     -5.696837     -5.661549
   0.41034     -5.674476     -5.670674
   0.38103     -5.656873     -5.679437
   0.35172     -5.646064     -5.687269
   0.32241     -5.642752     -5.693853
   0.29310     -5.645595     -5.699088
   0.26379     -5.652361     -5.703038
   0.23448     -5.661136     -5.705873
   0.20517     -5.670602     -5.707804
   0.17586     -5.679907     -5.709057
   0.14655     -5.688477     -5.709825
   0.11724     -5.695917     -5.710268
   0.08793     -5.701949     -5.710504
   0.05862     -5.706386     -5.710618
   0.02931     -5.709096     -5.710668
   0.00000     -5.710001     -5.710682
 
# Band-Index:    9
   0.00000     -5.328984     -5.328220
   0.02931     -5.330718     -5.328703
   0.05862     -5.335874     -5.330149
   0.08793     -5.344343     -5.332546
   0.11724     -5.355935     -5.335880
   0.14655     -5.370371     -5.340118
   0.17586     -5.387277     -5.345232
   0.20517     -5.406156     -5.351185
   0.23448     -5.426322     -5.357936
   0.26379     -5.446814     -5.365443
   0.29310     -5.466216     -5.373663
   0.32241     -5.482509     -5.382550
   0.35172     -5.493378     -5.392065
   0.38103     -5.497461     -5.402182
   0.41034     -5.495636     -5.412868
   0.43965     -5.491431     -5.424085
   0.46896     -5.500501     -5.435769
   0.49827     -5.538215     -5.447804
   0.52758     -5.584691     -5.459955
   0.55689     -5.635248     -5.471909
   0.58620     -5.689222     -5.483383
   0.61551     -5.746365     -5.494319
   0.64482     -5.806287     -5.504853
   0.67413     -5.779665     -5.515144
   0.70344     -5.750876     -5.525263
   0.73275     -5.721938     -5.535168
   0.76206     -5.693061     -5.544789
   0.79137     -5.664450     -5.554015
   0.82068     -5.636334     -5.562746
   0.84999     -5.608960     -5.570836
   0.87930     -5.582604     -5.578103
   0.90861     -5.557567     -5.584110
   0.93792     -5.534189     -5.586910
   0.96723     -5.512822     -5.575525
   0.99654     -5.493841     -5.548063
   1.02585     -5.477628     -5.517766
   1.05516     -5.464548     -5.487864
   1.08447     -5.454936     -5.459430
   1.11378     -5.449053     -5.433502
   1.14309     -5.447071     -5.416772
   1.14309     -5.416421     -5.446541
   1.17240     -5.432906     -5.448527
   1.20171     -5.458693     -5.454432
   1.23102     -5.487048     -5.464073
   1.26033     -5.516914     -5.477186
   1.28964     -5.547251     -5.493434
   1.31895     -5.575173     -5.512444
   1.34826     -5.588106     -5.533830
   1.37757     -5.585741     -5.557210
   1.40688     -5.579801     -5.582227
   1.43619     -5.572544     -5.608542
   1.46550     -5.564439     -5.635849
   1.49481     -5.555691     -5.663869
   1.52412     -5.546437     -5.692350
   1.55343     -5.536786     -5.721069
   1.58274     -5.526841     -5.749801
   1.61205     -5.516688     -5.778346
   1.64136     -5.506352     -5.805758
   1.67067     -5.495762     -5.745689
   1.69998     -5.484769     -5.688412
   1.72929     -5.473243     -5.634236
   1.75860     -5.461253     -5.583313
   1.78791     -5.449075     -5.536038
   1.81722     -5.437022     -5.495844
   1.84653     -5.425317     -5.487553
   1.87584     -5.414075     -5.493113
   1.90515     -5.403362     -5.495499
   1.93446     -5.393213     -5.491728
   1.96377     -5.383657     -5.481056
   1.99308     -5.374729     -5.464905
   2.02239     -5.366466     -5.445614
   2.05170     -5.358920     -5.425215
   2.08101     -5.352128     -5.405125
   2.11032     -5.346133     -5.386312
   2.13963     -5.340984     -5.369466
   2.16894     -5.336711     -5.355077
   2.19825     -5.333351     -5.343525
   2.22756     -5.330933     -5.335084
   2.25687     -5.329474     -5.329946
   2.28618     -5.328984     -5.328220
   2.28618     -5.328984     -5.328220
   2.30253     -5.328992     -5.328226
   2.31888     -5.329010     -5.328247
   2.33523     -5.329039     -5.328279
   2.35158     -5.329082     -5.328328
   2.36793     -5.329139     -5.328392
   2.38428     -5.329211     -5.328477
   2.40063     -5.329303     -5.328587
   2.41698     -5.329421     -5.328726
   2.43333     -5.329570     -5.328907
   2.44968     -5.329768     -5.329149
   2.46603     -5.330038     -5.329486
   2.48238     -5.330431     -5.329984
   2.49873     -5.331044     -5.330777
   2.51508     -5.332118     -5.332198
   2.53143     -5.334313     -5.335123
   2.54778     -5.339431     -5.341589
   2.56413     -5.349651     -5.353065
   2.58048     -5.363555     -5.367678
   2.59683     -5.378774     -5.383444
   2.61318     -5.394276     -5.399499
   2.62953     -5.409634     -5.415451
   2.64588     -5.424629     -5.431092
   2.66222     -5.439109     -5.446278
   2.67857     -5.452975     -5.460901
   2.69492     -5.466143     -5.474876
   2.71127     -5.478538     -5.488124
   2.72762     -5.490106     -5.500583
   2.74397     -5.500797     -5.512192
   2.76032     -5.510574     -5.522907
   2.77667     -5.519414     -5.532690
   2.79302     -5.527303     -5.541502
   2.80937     -5.534233     -5.549318
   2.82572     -5.540203     -5.556114
   2.84207     -5.545225     -5.561880
   2.85842     -5.549306     -5.566605
   2.87477     -5.552458     -5.570282
   2.89112     -5.554700     -5.572905
   2.90747     -5.556041     -5.574480
   2.92382     -5.556487     -5.575005
   2.92382     -5.516340     -5.519623
   2.96991     -5.514461     -5.517617
   3.01599     -5.523081     -5.519637
   3.06207     -5.617429     -5.613814
   3.10815     -5.712936     -5.709567
   3.15423     -5.801878     -5.803670
   3.20031     -5.821129     -5.828693
   3.24639     -5.791948     -5.796921
   3.29248     -5.756193     -5.760300
   3.33856     -5.718178     -5.721529
   3.38464     -5.679899     -5.682288
   3.43072     -5.643130     -5.644271
   3.47680     -5.609769     -5.609363
   3.52288     -5.582114     -5.579893
   3.56896     -5.563251     -5.559169
   3.61504     -5.556894     -5.551695
   3.66113     -5.564350     -5.559966
   3.70721     -5.580965     -5.579352
   3.75329     -5.598889     -5.601310
   3.79937     -5.609833     -5.616662
   3.84545     -5.604488     -5.610809
   3.89153     -5.581800     -5.581440
   3.93761     -5.552816     -5.546362
   3.98370     -5.525590     -5.513031
   4.02978     -5.506081     -5.486823
   4.07586     -5.507255     -5.500417
   4.12194     -5.521832     -5.518185
   4.16802     -5.531080     -5.525207
   4.21410     -5.520649     -5.513427
   4.26018     -5.494975     -5.489449
   4.30627     -5.466204     -5.462559
   4.35235     -5.438708     -5.436473
   4.39843     -5.413662     -5.412389
   4.44451     -5.391489     -5.390797
   4.49059     -5.372473     -5.372051
   4.53667     -5.356812     -5.356431
   4.58275     -5.344620     -5.344144
   4.62884     -5.335924     -5.335309
   4.67492     -5.330718     -5.329993
   4.72100     -5.328984     -5.328220
   4.72100     -5.328984     -5.328220
   4.75469     -5.329423     -5.329913
   4.78838     -5.330735     -5.334976
   4.82207     -5.332933     -5.343368
   4.85576     -5.336035     -5.355011
   4.88945     -5.340069     -5.369762
   4.92314     -5.345074     -5.387407
   4.95683     -5.351103     -5.407614
   4.99052     -5.358245     -5.429906
   5.02421     -5.366586     -5.453609
   5.05790     -5.376229     -5.477925
   5.09159     -5.387263     -5.502332
   5.12528     -5.399702     -5.527434
   5.15896     -5.413444     -5.555116
   5.19265     -5.428223     -5.586297
   5.22634     -5.443637     -5.619625
   5.26003     -5.459201     -5.652965
   5.29372     -5.474443     -5.684399
   5.32741     -5.488986     -5.711738
   5.36110     -5.502581     -5.730179
   5.39479     -5.515122     -5.731396
   5.42848     -5.526657     -5.718333
   5.46217     -5.537311     -5.699941
   5.49586     -5.547268     -5.680116
   5.52955     -5.556679     -5.660388
   5.56324     -5.565645     -5.641548
   5.59693     -5.574154     -5.624089
   5.63062     -5.582029     -5.608379
   5.66431     -5.588593     -5.594714
   5.69800     -5.591092     -5.583348
   5.73169     -5.581652     -5.574441
   5.76538     -5.553336     -5.567632
   5.79907     -5.507631     -5.561042
   5.83276     -5.455181     -5.550904
   5.86645     -5.416123     -5.535137
   5.90014     -5.408961     -5.518737
   5.93383     -5.411661     -5.508839
   5.96752     -5.414909     -5.504266
   6.00121     -5.417142     -5.502195
   6.03490     -5.417921     -5.501580
   6.03490     -5.501579     -5.415062
   6.06820     -5.502194     -5.414413
   6.10151     -5.504114     -5.412525
   6.13482     -5.507707     -5.409641
   6.16813     -5.514093     -5.406559
   6.20143     -5.524520     -5.408338
   6.23474     -5.534946     -5.439543
   6.26805     -5.542315     -5.487439
   6.30135     -5.549724     -5.530935
   6.33466     -5.559262     -5.561417
   6.36797     -5.571057     -5.575815
   6.40127     -5.584840     -5.577260
   6.43458     -5.600350     -5.572632
   6.46789     -5.617298     -5.565771
   6.50119     -5.635334     -5.557990
   6.53450     -5.653910     -5.549767
   6.56781     -5.672196     -5.541290
   6.60112     -5.688822     -5.532570
   6.63442     -5.701536     -5.523503
   6.66773     -5.707136     -5.513906
   6.70104     -5.702788     -5.503577
   6.73434     -5.688215     -5.492355
   6.76765     -5.665357     -5.480183
   6.80096     -5.636346     -5.467132
   6.83426     -5.602745     -5.453397
   6.86757     -5.565970     -5.439269
   6.90088     -5.529234     -5.425113
   6.93418     -5.506152     -5.411285
   6.96749     -5.495124     -5.398119
   7.00080     -5.479020     -5.385874
   7.03410     -5.457747     -5.374721
   7.06741     -5.434566     -5.364764
   7.10072     -5.411832     -5.356033
   7.13403     -5.390892     -5.348537
   7.16733     -5.372493     -5.342257
   7.20064     -5.357067     -5.337165
   7.23395     -5.344873     -5.333235
   7.26725     -5.336073     -5.330441
   7.30056     -5.330762     -5.328774
   7.33387     -5.328984     -5.328220
   7.33387     -5.328984     -5.328220
   7.37705     -5.330732     -5.329963
   7.42023     -5.335957     -5.335182
   7.46341     -5.344621     -5.343828
   7.50659     -5.356632     -5.355811
   7.54977     -5.371825     -5.370958
   7.59295     -5.389935     -5.388997
   7.63614     -5.410556     -5.409526
   7.67932     -5.433115     -5.431972
   7.72250     -5.456786     -5.455501
   7.76568     -5.480205     -5.478741
   7.80886     -5.500515     -5.498805
   7.85204     -5.511174     -5.509184
   7.89522     -5.504948     -5.502844
   7.93840     -5.485937     -5.483775
   7.98158     -5.462057     -5.459659
   8.02477     -5.438226     -5.435151
   8.06795     -5.418869     -5.413803
   8.11113     -5.411646     -5.404225
   8.15431     -5.418379     -5.414366
   8.19749     -5.428673     -5.426218
   8.24067     -5.438596     -5.436819
   8.28385     -5.447190     -5.445735
   8.32703     -5.454111     -5.452770
   8.37022     -5.459215     -5.457839
   8.41340     -5.462568     -5.461007
   8.45658     -5.464501     -5.462594
   8.49976     -5.465740     -5.463345
   8.54294     -5.467242     -5.464321
   8.58612     -5.469188     -5.465763
   8.62930     -5.469756     -5.465876
   8.67248     -5.466079     -5.462212
   8.71566     -5.458878     -5.455428
   8.75885     -5.451153     -5.448094
   8.80203     -5.444664     -5.441866
   8.84521     -5.440357     -5.437706
   8.88839     -5.439076     -5.436464
   8.93157     -5.441575     -5.438912
   8.97475     -5.447003     -5.444246
   9.01793     -5.450240     -5.447444
 
# Band-Index:   10
   9.01793     -5.222150     -5.221861
   8.97475     -5.206904     -5.207186
   8.93157     -5.197891     -5.201601
   8.88839     -5.228468     -5.231251
   8.84521     -5.261918     -5.264598
   8.80203     -5.294728     -5.297477
   8.75885     -5.324881     -5.327784
   8.71566     -5.351228     -5.354342
   8.67248     -5.373119     -5.376470
   8.62930     -5.390066     -5.393642
   8.58612     -5.401601     -5.405321
   8.54294     -5.407344     -5.411017
   8.49976     -5.407601     -5.410992
   8.45658     -5.403725     -5.406759
   8.41340     -5.397464     -5.400225
   8.37022     -5.390294     -5.392901
   8.32703     -5.383319     -5.385887
   8.28385     -5.377508     -5.380154
   8.24067     -5.373850     -5.376723
   8.19749     -5.373404     -5.376789
   8.15431     -5.376785     -5.381467
   8.11113     -5.381286     -5.389038
   8.06795     -5.376742     -5.381729
   8.02477     -5.363792     -5.366360
   7.98158     -5.347929     -5.349404
   7.93840     -5.330756     -5.331578
   7.89522     -5.312814     -5.313193
   7.85204     -5.294445     -5.294497
   7.80886     -5.275937     -5.275756
   7.76568     -5.257566     -5.257220
   7.72250     -5.239631     -5.239188
   7.67932     -5.222455     -5.221954
   7.63614     -5.206353     -5.205834
   7.59295     -5.191643     -5.191135
   7.54977     -5.178629     -5.178155
   7.50659     -5.167585     -5.167154
   7.46341     -5.158743     -5.158352
   7.42023     -5.152282     -5.151931
   7.37705     -5.148351     -5.148025
   7.33387     -5.147031     -5.146719
   7.33387     -5.147031     -5.146719
   7.30056     -5.149457     -5.147325
   7.26725     -5.156749     -5.149174
   7.23395     -5.168935     -5.152298
   7.20064     -5.186045     -5.156764
   7.16733     -5.208088     -5.162660
   7.13403     -5.235002     -5.170077
   7.10072     -5.266612     -5.179091
   7.06741     -5.302541     -5.189702
   7.03410     -5.342120     -5.201793
   7.00080     -5.384279     -5.215085
   6.96749     -5.427189     -5.229159
   6.93418     -5.465995     -5.243520
   6.90088     -5.482422     -5.257696
   6.86757     -5.476703     -5.271293
   6.83426     -5.464438     -5.284052
   6.80096     -5.450031     -5.295810
   6.76765     -5.435225     -5.306489
   6.73434     -5.421048     -5.316060
   6.70104     -5.408229     -5.324516
   6.66773     -5.397344     -5.331870
   6.63442     -5.388871     -5.338156
   6.60112     -5.383225     -5.343437
   6.56781     -5.380783     -5.347840
   6.53450     -5.381853     -5.351544
   6.50119     -5.386690     -5.354779
   6.46789     -5.395444     -5.357802
   6.43458     -5.408102     -5.360885
   6.40127     -5.424356     -5.364275
   6.36797     -5.443380     -5.368174
   6.33466     -5.463517     -5.372664
   6.30135     -5.481894     -5.377657
   6.26805     -5.494508     -5.382719
   6.23474     -5.498436     -5.386203
   6.20143     -5.493595     -5.376850
   6.16813     -5.478871     -5.352505
   6.13482     -5.456504     -5.338880
   6.10151     -5.434571     -5.333109
   6.06820     -5.419257     -5.330764
   6.03490     -5.413813     -5.330121
   6.03490     -5.325792     -5.413585
   6.00121     -5.326488     -5.418876
   5.96752     -5.328985     -5.433707
   5.93383     -5.335074     -5.454494
   5.90014     -5.349550     -5.473880
   5.86645     -5.372571     -5.484360
   5.83276     -5.378573     -5.486645
   5.79907     -5.373523     -5.482856
   5.76538     -5.366515     -5.473378
   5.73169     -5.359718     -5.459389
   5.69800     -5.354220     -5.443279
   5.66431     -5.350632     -5.427418
   5.63062     -5.348979     -5.413403
   5.59693     -5.348812     -5.402115
   5.56324     -5.349488     -5.393943
   5.52955     -5.350385     -5.388955
   5.49586     -5.350955     -5.387054
   5.46217     -5.350750     -5.388031
   5.42848     -5.349409     -5.391579
   5.39479     -5.346679     -5.397323
   5.36110     -5.342410     -5.404760
   5.32741     -5.336530     -5.413278
   5.29372     -5.328994     -5.422045
   5.26003     -5.319780     -5.429911
   5.22634     -5.308846     -5.435187
   5.19265     -5.296188     -5.435436
   5.15896     -5.281896     -5.427546
   5.12528     -5.266230     -5.409306
   5.09159     -5.249675     -5.381865
   5.05790     -5.232915     -5.349098
   5.02421     -5.216700     -5.314774
   4.99052     -5.201689     -5.281443
   4.95683     -5.188350     -5.250663
   4.92314     -5.176926     -5.223328
   4.88945     -5.167467     -5.199933
   4.85576     -5.159928     -5.180735
   4.82207     -5.154202     -5.165813
   4.78838     -5.150193     -5.155187
   4.75469     -5.147819     -5.148832
   4.72100     -5.147031     -5.146719
   4.72100     -5.147031     -5.146719
   4.67492     -5.149567     -5.148747
   4.62884     -5.157174     -5.154859
   4.58275     -5.169811     -5.165066
   4.53667     -5.187375     -5.179380
   4.49059     -5.209615     -5.197761
   4.44451     -5.236036     -5.220051
   4.39843     -5.265843     -5.245892
   4.35235     -5.297856     -5.274604
   4.30627     -5.330513     -5.305166
   4.26018     -5.362016     -5.336239
   4.21410     -5.390898     -5.366598
   4.16802     -5.416553     -5.395592
   4.12194     -5.439173     -5.423423
   4.07586     -5.457710     -5.450763
   4.02978     -5.461978     -5.471676
   3.98370     -5.448854     -5.455347
   3.93761     -5.433284     -5.437060
   3.89153     -5.420414     -5.422468
   3.84545     -5.411682     -5.412652
   3.79937     -5.407291     -5.407794
   3.75329     -5.406481     -5.407142
   3.70721     -5.407307     -5.408631
   3.66113     -5.406037     -5.408029
   3.61504     -5.397688     -5.399449
   3.56896     -5.380806     -5.381365
   3.52288     -5.362269     -5.361720
   3.47680     -5.353631     -5.352237
   3.43072     -5.359291     -5.357190
   3.38464     -5.374135     -5.371828
   3.33856     -5.393155     -5.391146
   3.29248     -5.413672     -5.412290
   3.24639     -5.434161     -5.433575
   3.20031     -5.453654     -5.453933
   3.15423     -5.471401     -5.472524
   3.10815     -5.486789     -5.488676
   3.06207     -5.499292     -5.501828
   3.01599     -5.507949     -5.511165
   2.96991     -5.431253     -5.428630
   2.92382     -5.372020     -5.369917
   2.92382     -5.327078     -5.325847
   2.90747     -5.327078     -5.325847
   2.89112     -5.327080     -5.325849
   2.87477     -5.327081     -5.325853
   2.85842     -5.327082     -5.325856
   2.84207     -5.327079     -5.325855
   2.82572     -5.327076     -5.325854
   2.80937     -5.327071     -5.325852
   2.79302     -5.327066     -5.325848
   2.77667     -5.327054     -5.325838
   2.76032     -5.327039     -5.325823
   2.74397     -5.327017     -5.325801
   2.72762     -5.326985     -5.325767
   2.71127     -5.326939     -5.325719
   2.69492     -5.326875     -5.325651
   2.67857     -5.326784     -5.325554
   2.66222     -5.326657     -5.325417
   2.64588     -5.326473     -5.325222
   2.62953     -5.326201     -5.324934
   2.61318     -5.325779     -5.324493
   2.59683     -5.325075     -5.323775
   2.58048     -5.323761     -5.322491
   2.56413     -5.320899     -5.319867
   2.54778     -5.314244     -5.314032
   2.53143     -5.302491     -5.303230
   2.51508     -5.287945     -5.289049
   2.49873     -5.272538     -5.273654
   2.48238     -5.257065     -5.258063
   2.46603     -5.241906     -5.242739
   2.44968     -5.227309     -5.227963
   2.43333     -5.213466     -5.213949
   2.41698     -5.200552     -5.200874
   2.40063     -5.188726     -5.188900
   2.38428     -5.178134     -5.178178
   2.36793     -5.168913     -5.168848
   2.35158     -5.161189     -5.161033
   2.33523     -5.155064     -5.154837
   2.31888     -5.150622     -5.150347
   2.30253     -5.147933     -5.147627
   2.28618     -5.147031     -5.146719
   2.28618     -5.147031     -5.146719
   2.25687     -5.146820     -5.148026
   2.22756     -5.146177     -5.151952
   2.19825     -5.145109     -5.158501
   2.16894     -5.143615     -5.167668
   2.13963     -5.141703     -5.179461
   2.11032     -5.139375     -5.193882
   2.08101     -5.136652     -5.210950
   2.05170     -5.133530     -5.230672
   2.02239     -5.130025     -5.253060
   1.99308     -5.126154     -5.278139
   1.96377     -5.122703     -5.305918
   1.93446     -5.157408     -5.336420
   1.90515     -5.191812     -5.369610
   1.87584     -5.225193     -5.405332
   1.84653     -5.256804     -5.442482
   1.81722     -5.285790     -5.465881
   1.78791     -5.311218     -5.458734
   1.75860     -5.332136     -5.446627
   1.72929     -5.347756     -5.433403
   1.69998     -5.357684     -5.419661
   1.67067     -5.362123     -5.405568
   1.64136     -5.361873     -5.391154
   1.61205     -5.358085     -5.376358
   1.58274     -5.352020     -5.361111
   1.55343     -5.344784     -5.345303
   1.52412     -5.337274     -5.328824
   1.49481     -5.330185     -5.311554
   1.46550     -5.324059     -5.293373
   1.43619     -5.319315     -5.274168
   1.40688     -5.316301     -5.253855
   1.37757     -5.315329     -5.232433
   1.34826     -5.316663     -5.210219
   1.31895     -5.320544     -5.189896
   1.28964     -5.327171     -5.183554
   1.26033     -5.336710     -5.185624
   1.23102     -5.349232     -5.188236
   1.20171     -5.364677     -5.190296
   1.17240     -5.382521     -5.191579
   1.14309     -5.396330     -5.192015
   1.14309     -5.190067     -5.397117
   1.11378     -5.189637     -5.383042
   1.08447     -5.188365     -5.364984
   1.05516     -5.186327     -5.349338
   1.02585     -5.183790     -5.336619
   0.99654     -5.182129     -5.326893
   0.96723     -5.190714     -5.320089
   0.93792     -5.212018     -5.316065
   0.90861     -5.234457     -5.314616
   0.87930     -5.255991     -5.315508
   0.84999     -5.276372     -5.318480
   0.82068     -5.295622     -5.323227
   0.79137     -5.313814     -5.329391
   0.76206     -5.331069     -5.336553
   0.73275     -5.347504     -5.344172
   0.70344     -5.363238     -5.351549
   0.67413     -5.378382     -5.357788
   0.64482     -5.393036     -5.361771
   0.61551     -5.407279     -5.362250
   0.58620     -5.421142     -5.358043
   0.55689     -5.434575     -5.348350
   0.52758     -5.447331     -5.332948
   0.49827     -5.458541     -5.312218
   0.46896     -5.463108     -5.286937
   0.43965     -5.440391     -5.258063
   0.41034     -5.404501     -5.226534
   0.38103     -5.369255     -5.193206
   0.35172     -5.336303     -5.158840
   0.32241     -5.305949     -5.124152
   0.29310     -5.278256     -5.125656
   0.26379     -5.253236     -5.129562
   0.23448     -5.230891     -5.133099
   0.20517     -5.211198     -5.136247
   0.17586     -5.194151     -5.139000
   0.14655     -5.179745     -5.141346
   0.11724     -5.167963     -5.143270
   0.08793     -5.158802     -5.144774
   0.05862     -5.152264     -5.145851
   0.02931     -5.148340     -5.146503
   0.00000     -5.147031     -5.146719
 
# Band-Index:   11
   0.00000     -4.878026     -4.879543
   0.02931     -4.878696     -4.882127
   0.05862     -4.880692     -4.889798
   0.08793     -4.883972     -4.902342
   0.11724     -4.888473     -4.919423
   0.14655     -4.894108     -4.940606
   0.17586     -4.900781     -4.965392
   0.20517     -4.908390     -4.993245
   0.23448     -4.916824     -5.023599
   0.26379     -4.925978     -5.055904
   0.29310     -4.935745     -5.089592
   0.32241     -4.946019     -5.121334
   0.35172     -4.956703     -5.116787
   0.38103     -4.967718     -5.111881
   0.41034     -4.978983     -5.106682
   0.43965     -4.990433     -5.101219
   0.46896     -5.002011     -5.095521
   0.49827     -5.013683     -5.089619
   0.52758     -5.025404     -5.083544
   0.55689     -5.037150     -5.077337
   0.58620     -5.048868     -5.071040
   0.61551     -5.060522     -5.064691
   0.64482     -5.072055     -5.058338
   0.67413     -5.083403     -5.052023
   0.70344     -5.094496     -5.045804
   0.73275     -5.105255     -5.039725
   0.76206     -5.115614     -5.033835
   0.79137     -5.125491     -5.028186
   0.82068     -5.134816     -5.022823
   0.84999     -5.143493     -5.017787
   0.87930     -5.151430     -5.013123
   0.90861     -5.158467     -5.008864
   0.93792     -5.164227     -5.005045
   0.96723     -5.166533     -5.001697
   0.99654     -5.153717     -4.998838
   1.02585     -5.128218     -4.996485
   1.05516     -5.099401     -4.994645
   1.08447     -5.068689     -4.993330
   1.11378     -5.036446     -4.992539
   1.14309     -5.004196     -4.992273
   1.14309     -4.991388     -5.004112
   1.17240     -4.991622     -5.035084
   1.20171     -4.992331     -5.067205
   1.23102     -4.993521     -5.097828
   1.26033     -4.995209     -5.126607
   1.28964     -4.997404     -5.152403
   1.31895     -5.000116     -5.167354
   1.34826     -5.003345     -5.165927
   1.37757     -5.007081     -5.160297
   1.40688     -5.011308     -5.153289
   1.43619     -5.015996     -5.145365
   1.46550     -5.021108     -5.136686
   1.49481     -5.026598     -5.127358
   1.52412     -5.032416     -5.117469
   1.55343     -5.038510     -5.107100
   1.58274     -5.044816     -5.096323
   1.61205     -5.051277     -5.085219
   1.64136     -5.057832     -5.073860
   1.67067     -5.064417     -5.062305
   1.69998     -5.070979     -5.050636
   1.72929     -5.077466     -5.038898
   1.75860     -5.083829     -5.027135
   1.78791     -5.090019     -5.015391
   1.81722     -5.096006     -5.003701
   1.84653     -5.101757     -4.992103
   1.87584     -5.107244     -4.980635
   1.90515     -5.112447     -4.969354
   1.93446     -5.117346     -4.958327
   1.96377     -5.121849     -4.947626
   1.99308     -5.088107     -4.937338
   2.02239     -5.054405     -4.927555
   2.05170     -5.022097     -4.918393
   2.08101     -4.991734     -4.909950
   2.11032     -4.963880     -4.902330
   2.13963     -4.939095     -4.895649
   2.16894     -4.917907     -4.890006
   2.19825     -4.900825     -4.885498
   2.22756     -4.888278     -4.882215
   2.25687     -4.880608     -4.880217
   2.28618     -4.878026     -4.879543
   2.28618     -4.878026     -4.879543
   2.30253     -4.878033     -4.879553
   2.31888     -4.878059     -4.879576
   2.33523     -4.878098     -4.879613
   2.35158     -4.878153     -4.879665
   2.36793     -4.878222     -4.879730
   2.38428     -4.878303     -4.879808
   2.40063     -4.878400     -4.879897
   2.41698     -4.878506     -4.879998
   2.43333     -4.878621     -4.880106
   2.44968     -4.878745     -4.880222
   2.46603     -4.878876     -4.880345
   2.48238     -4.879016     -4.880473
   2.49873     -4.879158     -4.880605
   2.51508     -4.879305     -4.880739
   2.53143     -4.879456     -4.880876
   2.54778     -4.879609     -4.881015
   2.56413     -4.879761     -4.881150
   2.58048     -4.879913     -4.881286
   2.59683     -4.880066     -4.881416
   2.61318     -4.880219     -4.881541
   2.62953     -4.880373     -4.881662
   2.64588     -4.880529     -4.881780
   2.66222     -4.880690     -4.881892
   2.67857     -4.880858     -4.882000
   2.69492     -4.881044     -4.882108
   2.71127     -4.881249     -4.882215
   2.72762     -4.881492     -4.882328
   2.74397     -4.881793     -4.882455
   2.76032     -4.882192     -4.882607
   2.77667     -4.882753     -4.882813
   2.79302     -4.883606     -4.883124
   2.80937     -4.885007     -4.883660
   2.82572     -4.887450     -4.884781
   2.84207     -4.891573     -4.887561
   2.85842     -4.897284     -4.893299
   2.87477     -4.903240     -4.900077
   2.89112     -4.908133     -4.905593
   2.90747     -4.911256     -4.909060
   2.92382     -4.912328     -4.910236
   2.92382     -5.277236     -5.273065
   2.96991     -5.219400     -5.215076
   3.01599     -5.133774     -5.127285
   3.06207     -5.053741     -5.040643
   3.10815     -5.002513     -4.978326
   3.15423     -4.997007     -4.975187
   3.20031     -5.015187     -4.996353
   3.24639     -5.043652     -5.026035
   3.29248     -5.078240     -5.061129
   3.33856     -5.116574     -5.099775
   3.38464     -5.156163     -5.139650
   3.43072     -5.193180     -5.176972
   3.47680     -5.221240     -5.205472
   3.52288     -5.233333     -5.218548
   3.56896     -5.231005     -5.217449
   3.61504     -5.222133     -5.209487
   3.66113     -5.211925     -5.199837
   3.70721     -5.202597     -5.190802
   3.75329     -5.194783     -5.183073
   3.79937     -5.188196     -5.176410
   3.84545     -5.181973     -5.170055
   3.89153     -5.174983     -5.163033
   3.93761     -5.166160     -5.154473
   3.98370     -5.154767     -5.143776
   4.02978     -5.140539     -5.130693
   4.07586     -5.123649     -5.115293
   4.12194     -5.104536     -5.097823
   4.16802     -5.083746     -5.078653
   4.21410     -5.061831     -5.058184
   4.26018     -5.039276     -5.036806
   4.30627     -5.016486     -5.014893
   4.35235     -4.993820     -4.992826
   4.39843     -4.971651     -4.971050
   4.44451     -4.950415     -4.950114
   4.49059     -4.930677     -4.930670
   4.53667     -4.913096     -4.913439
   4.58275     -4.898402     -4.899145
   4.62884     -4.887296     -4.888431
   4.67492     -4.880377     -4.881793
   4.72100     -4.878026     -4.879543
   4.72100     -4.878026     -4.879543
   4.75469     -4.880689     -4.880243
   4.78838     -4.888491     -4.882314
   4.82207     -4.900898     -4.885710
   4.85576     -4.917091     -4.890350
   4.88945     -4.936034     -4.896133
   4.92314     -4.956598     -4.902938
   4.95683     -4.977648     -4.910634
   4.99052     -4.998172     -4.919111
   5.02421     -5.017374     -4.928236
   5.05790     -5.034738     -4.937892
   5.09159     -5.050048     -4.947976
   5.12528     -5.063299     -4.958377
   5.15896     -5.074615     -4.968993
   5.19265     -5.084154     -4.979724
   5.22634     -5.092067     -4.990486
   5.26003     -5.098478     -5.001178
   5.29372     -5.103505     -5.011704
   5.32741     -5.107337     -5.021976
   5.36110     -5.110649     -5.031899
   5.39479     -5.118365     -5.041379
   5.42848     -5.145627     -5.050350
   5.46217     -5.177219     -5.058740
   5.49586     -5.204901     -5.066512
   5.52955     -5.228323     -5.073643
   5.56324     -5.247930     -5.080141
   5.59693     -5.264137     -5.086041
   5.63062     -5.277221     -5.091398
   5.66431     -5.287208     -5.096280
   5.69800     -5.294106     -5.100732
   5.73169     -5.298136     -5.104809
   5.76538     -5.299683     -5.108518
   5.79907     -5.298931     -5.111841
   5.83276     -5.295082     -5.114734
   5.86645     -5.284810     -5.117145
   5.90014     -5.261056     -5.119033
   5.93383     -5.224667     -5.120383
   5.96752     -5.189161     -5.121236
   6.00121     -5.164607     -5.121689
   6.03490     -5.155909     -5.121828
   6.03490     -5.119904     -5.154633
   6.06820     -5.119733     -5.162374
   6.10151     -5.119204     -5.184339
   6.13482     -5.118288     -5.216419
   6.16813     -5.116943     -5.250178
   6.20143     -5.115142     -5.273851
   6.23474     -5.112870     -5.284230
   6.26805     -5.110132     -5.286799
   6.30135     -5.106915     -5.285311
   6.33466     -5.103230     -5.281247
   6.36797     -5.099081     -5.275146
   6.40127     -5.094451     -5.267188
   6.43458     -5.089323     -5.257329
   6.46789     -5.083657     -5.245333
   6.50119     -5.077426     -5.230826
   6.53450     -5.070599     -5.213221
   6.56781     -5.063167     -5.191812
   6.60112     -5.055128     -5.165885
   6.63442     -5.046506     -5.135051
   6.66773     -5.037345     -5.103889
   6.70104     -5.027712     -5.094714
   6.73434     -5.017680     -5.092074
   6.76765     -5.007340     -5.088977
   6.80096     -4.996780     -5.084785
   6.83426     -4.986089     -5.079318
   6.86757     -4.975355     -5.072440
   6.90088     -4.964689     -5.063997
   6.93418     -4.954176     -5.053799
   6.96749     -4.943919     -5.041650
   7.00080     -4.934024     -5.027436
   7.03410     -4.924588     -5.011161
   7.06741     -4.915728     -4.993070
   7.10072     -4.907543     -4.973673
   7.13403     -4.900149     -4.953765
   7.16733     -4.893662     -4.934326
   7.20064     -4.888183     -4.916427
   7.23395     -4.883808     -4.901136
   7.26725     -4.880617     -4.889421
   7.30056     -4.878677     -4.882058
   7.33387     -4.878026     -4.879543
   7.33387     -4.878026     -4.879543
   7.37705     -4.880321     -4.881840
   7.42023     -4.887165     -4.888681
   7.46341     -4.898412     -4.899936
   7.50659     -4.913830     -4.915362
   7.54977     -4.933052     -4.934602
   7.59295     -4.955589     -4.957170
   7.63614     -4.980811     -4.982432
   7.67932     -5.007938     -5.009598
   7.72250     -5.036027     -5.037729
   7.76568     -5.064033     -5.065755
   7.80886     -5.090848     -5.092557
   7.85204     -5.115377     -5.117027
   7.89522     -5.136669     -5.138205
   7.93840     -5.153945     -5.155303
   7.98158     -5.166557     -5.167678
   8.02477     -5.173856     -5.174690
   8.06795     -5.175133     -5.175639
   8.11113     -5.169841     -5.170011
   8.15431     -5.158206     -5.158081
   8.19749     -5.141679     -5.141320
   8.24067     -5.122509     -5.122000
   8.28385     -5.102953     -5.102344
   8.32703     -5.084705     -5.084032
   8.37022     -5.068799     -5.068081
   8.41340     -5.055708     -5.054949
   8.45658     -5.045507     -5.044707
   8.49976     -5.038048     -5.037196
   8.54294     -5.033101     -5.032183
   8.58612     -5.030474     -5.029466
   8.62930     -5.030106     -5.028980
   8.67248     -5.032200     -5.030924
   8.71566     -5.037295     -5.035829
   8.75885     -5.046610     -5.044915
   8.80203     -5.062283     -5.060326
   8.84521     -5.087389     -5.085192
   8.88839     -5.124115     -5.121754
   8.93157     -5.168550     -5.165488
   8.97475     -5.175422     -5.176128
   9.01793     -5.167003     -5.168442
 
# Band-Index:   12
   9.01793     -4.833063     -4.834987
   8.97475     -4.825264     -4.827331
   8.93157     -4.800194     -4.802585
   8.88839     -4.754261     -4.756967
   8.84521     -4.686397     -4.689286
   8.80203     -4.601040     -4.604079
   8.75885     -4.505398     -4.508782
   8.71566     -4.405790     -4.410005
   8.67248     -4.306792     -4.313024
   8.62930     -4.212161     -4.224679
   8.58612     -4.153003     -4.167862
   8.54294     -4.144204     -4.149948
   8.49976     -4.140005     -4.143168
   8.45658     -4.138092     -4.140173
   8.41340     -4.137753     -4.139245
   8.37022     -4.138648     -4.139706
   8.32703     -4.140539     -4.141169
   8.28385     -4.143338     -4.143442
   8.24067     -4.147045     -4.146405
   8.19749     -4.151398     -4.149818
   8.15431     -4.155114     -4.152665
   8.11113     -4.155633     -4.152661
   8.06795     -4.150780     -4.147665
   8.02477     -4.140659     -4.138215
   7.98158     -4.128737     -4.128691
   7.93840     -4.118793     -4.121410
   7.89522     -4.110361     -4.114660
   7.85204     -4.101982     -4.107371
   7.80886     -4.093070     -4.099251
   7.76568     -4.083469     -4.090280
   7.72250     -4.073291     -4.080578
   7.67932     -4.062718     -4.070380
   7.63614     -4.052040     -4.059946
   7.59295     -4.041590     -4.049637
   7.54977     -4.031770     -4.039850
   7.50659     -4.023003     -4.031036
   7.46341     -4.015675     -4.023626
   7.42023     -4.010147     -4.017994
   7.37705     -4.006703     -4.014490
   7.33387     -4.005548     -4.013296
   7.33387     -4.005548     -4.013296
   7.30056     -4.008309     -4.016422
   7.26725     -4.016426     -4.025966
   7.23395     -4.029303     -4.042392
   7.20064     -4.046039     -4.066318
   7.16733     -4.065573     -4.098427
   7.13403     -4.086809     -4.139273
   7.10072     -4.108765     -4.189141
   7.06741     -4.130585     -4.247862
   7.03410     -4.151610     -4.314741
   7.00080     -4.171310     -4.388530
   6.96749     -4.189325     -4.467505
   6.93418     -4.205396     -4.549632
   6.90088     -4.219311     -4.632686
   6.86757     -4.230963     -4.714546
   6.83426     -4.240279     -4.793177
   6.80096     -4.247212     -4.866869
   6.76765     -4.251747     -4.934263
   6.73434     -4.253894     -4.994345
   6.70104     -4.253673     -5.046065
   6.66773     -4.251130     -5.082420
   6.63442     -4.246345     -5.088330
   6.60112     -4.239442     -5.086732
   6.56781     -4.230640     -5.083025
   6.53450     -4.220333     -5.077732
   6.50119     -4.209509     -5.071008
   6.46789     -4.202707     -5.062971
   6.43458     -4.225882     -5.053777
   6.40127     -4.279675     -5.043611
   6.36797     -4.334310     -5.032719
   6.33466     -4.382887     -5.021377
   6.30135     -4.423033     -5.009899
   6.26805     -4.453475     -4.998610
   6.23474     -4.473544     -4.987845
   6.20143     -4.483089     -4.977940
   6.16813     -4.482572     -4.969194
   6.13482     -4.473489     -4.961900
   6.10151     -4.459104     -4.956336
   6.06820     -4.445243     -4.952812
   6.03490     -4.439329     -4.951592
   6.03490     -4.951099     -4.436211
   6.00121     -4.952520     -4.442333
   5.96752     -4.956627     -4.456300
   5.93383     -4.963083     -4.469951
   5.90014     -4.971519     -4.477187
   5.86645     -4.981577     -4.474749
   5.83276     -4.992898     -4.461264
   5.79907     -5.005094     -4.436453
   5.76538     -5.017781     -4.400761
   5.73169     -5.030566     -4.355295
   5.69800     -5.043072     -4.302218
   5.66431     -5.054976     -4.247170
   5.63062     -5.065985     -4.213898
   5.59693     -5.075875     -4.217122
   5.56324     -5.084456     -4.229083
   5.52955     -5.091576     -4.241618
   5.49586     -5.097075     -4.253015
   5.46217     -5.100669     -4.262654
   5.42848     -5.101255     -4.270222
   5.39479     -5.089824     -4.275510
   5.36110     -5.050507     -4.278365
   5.32741     -4.998036     -4.278672
   5.29372     -4.937257     -4.276375
   5.26003     -4.869178     -4.271434
   5.22634     -4.794747     -4.263858
   5.19265     -4.715294     -4.253675
   5.15896     -4.632497     -4.240954
   5.12528     -4.548371     -4.225810
   5.09159     -4.465146     -4.208416
   5.05790     -4.385098     -4.189009
   5.02421     -4.310390     -4.167911
   4.99052     -4.242833     -4.145527
   4.95683     -4.183707     -4.122397
   4.92314     -4.133611     -4.099215
   4.88945     -4.092547     -4.076819
   4.85576     -4.060142     -4.056227
   4.82207     -4.035754     -4.038542
   4.78838     -4.018808     -4.024898
   4.75469     -4.008836     -4.016258
   4.72100     -4.005548     -4.013296
   4.72100     -4.005548     -4.013296
   4.67492     -4.008950     -4.016872
   4.62884     -4.019179     -4.027441
   4.58275     -4.036142     -4.044508
   4.53667     -4.059663     -4.067500
   4.49059     -4.089430     -4.095816
   4.44451     -4.124877     -4.128829
   4.39843     -4.165118     -4.165732
   4.35235     -4.208728     -4.205315
   4.30627     -4.253812     -4.245915
   4.26018     -4.298057     -4.285480
   4.21410     -4.339199     -4.322012
   4.16802     -4.375338     -4.353798
   4.12194     -4.405166     -4.379769
   4.07586     -4.428066     -4.399452
   4.02978     -4.443972     -4.412895
   3.98370     -4.453211     -4.420495
   3.93761     -4.456284     -4.422786
   3.89153     -4.453839     -4.420421
   3.84545     -4.446558     -4.414069
   3.79937     -4.435197     -4.404398
   3.75329     -4.420607     -4.392211
   3.70721     -4.403938     -4.378573
   3.66113     -4.386719     -4.364922
   3.61504     -4.371108     -4.353375
   3.56896     -4.360061     -4.346809
   3.52288     -4.357304     -4.348836
   3.47680     -4.366897     -4.363302
   3.43072     -4.392145     -4.393175
   3.38464     -4.434303     -4.439356
   3.33856     -4.492088     -4.500364
   3.29248     -4.562353     -4.573124
   3.24639     -4.641193     -4.654047
   3.20031     -4.724409     -4.739595
   3.15423     -4.806115     -4.825063
   3.10815     -4.871464     -4.893288
   3.06207     -4.897143     -4.908170
   3.01599     -4.898677     -4.903202
   2.96991     -4.896169     -4.898429
   2.92382     -4.895000     -4.896693
   2.92382     -4.874741     -4.879996
   2.90747     -4.874549     -4.879908
   2.89112     -4.873903     -4.879598
   2.87477     -4.872543     -4.878855
   2.85842     -4.869814     -4.876943
   2.84207     -4.864481     -4.871638
   2.82572     -4.855300     -4.861109
   2.80937     -4.842281     -4.846764
   2.79302     -4.826156     -4.829783
   2.77667     -4.807545     -4.810637
   2.76032     -4.786821     -4.789568
   2.74397     -4.764236     -4.766752
   2.72762     -4.739979     -4.742326
   2.71127     -4.714186     -4.716424
   2.69492     -4.687006     -4.689171
   2.67857     -4.658560     -4.660683
   2.66222     -4.628983     -4.631082
   2.64588     -4.598384     -4.600490
   2.62953     -4.566877     -4.568989
   2.61318     -4.534579     -4.536717
   2.59683     -4.501607     -4.503784
   2.58048     -4.468084     -4.470313
   2.56413     -4.434131     -4.436415
   2.54778     -4.399882     -4.402254
   2.53143     -4.365487     -4.367973
   2.51508     -4.331104     -4.333722
   2.49873     -4.296904     -4.299690
   2.48238     -4.263115     -4.266077
   2.46603     -4.229935     -4.233120
   2.44968     -4.197634     -4.201089
   2.43333     -4.166519     -4.170284
   2.41698     -4.136924     -4.141056
   2.40063     -4.109224     -4.113793
   2.38428     -4.083855     -4.088924
   2.36793     -4.061276     -4.066892
   2.35158     -4.041962     -4.048169
   2.33523     -4.026368     -4.033156
   2.31888     -4.014909     -4.022195
   2.30253     -4.007898     -4.015532
   2.28618     -4.005548     -4.013296
   2.28618     -4.005548     -4.013296
   2.25687     -4.006449     -4.013847
   2.22756     -4.009132     -4.015476
   2.19825     -4.013498     -4.018193
   2.16894     -4.019383     -4.021999
   2.13963     -4.026593     -4.026893
   2.11032     -4.034880     -4.032876
   2.08101     -4.044010     -4.039971
   2.05170     -4.053739     -4.048152
   2.02239     -4.063829     -4.057430
   1.99308     -4.074190     -4.067831
   1.96377     -4.084976     -4.079324
   1.93446     -4.097710     -4.091938
   1.90515     -4.119219     -4.105702
   1.87584     -4.154297     -4.120714
   1.84653     -4.194600     -4.137338
   1.81722     -4.235182     -4.157776
   1.78791     -4.273812     -4.192169
   1.75860     -4.309248     -4.235234
   1.72929     -4.340872     -4.277457
   1.69998     -4.368540     -4.317606
   1.67067     -4.392480     -4.355813
   1.64136     -4.413166     -4.392472
   1.61205     -4.431223     -4.428039
   1.58274     -4.447334     -4.462944
   1.55343     -4.462150     -4.497554
   1.52412     -4.476249     -4.532160
   1.49481     -4.490074     -4.566983
   1.46550     -4.503914     -4.602163
   1.43619     -4.517898     -4.637778
   1.40688     -4.531998     -4.673844
   1.37757     -4.546057     -4.710324
   1.34826     -4.559818     -4.747153
   1.31895     -4.572919     -4.784202
   1.28964     -4.584962     -4.821323
   1.26033     -4.595545     -4.858348
   1.23102     -4.604260     -4.895075
   1.20171     -4.610759     -4.931299
   1.17240     -4.614775     -4.966781
   1.14309     -4.616134     -4.998880
   1.14309     -5.001499     -4.619238
   1.11378     -4.968129     -4.617860
   1.08447     -4.932536     -4.613795
   1.05516     -4.896226     -4.607210
   1.02585     -4.859421     -4.598393
   0.99654     -4.822326     -4.587694
   0.96723     -4.785130     -4.575516
   0.93792     -4.748014     -4.562282
   0.90861     -4.711119     -4.548383
   0.87930     -4.674565     -4.534178
   0.84999     -4.638422     -4.519926
   0.82068     -4.602732     -4.505801
   0.79137     -4.567472     -4.491814
   0.76206     -4.532570     -4.477850
   0.73275     -4.497880     -4.463625
   0.70344     -4.463183     -4.448699
   0.67413     -4.428178     -4.432505
   0.64482     -4.392492     -4.414395
   0.61551     -4.355689     -4.393697
   0.58620     -4.317292     -4.369798
   0.55689     -4.276848     -4.342243
   0.52758     -4.234045     -4.310851
   0.49827     -4.189180     -4.275849
   0.46896     -4.150450     -4.238021
   0.43965     -4.130873     -4.198990
   0.41034     -4.114579     -4.161764
   0.38103     -4.099592     -4.131322
   0.35172     -4.085732     -4.110706
   0.32241     -4.072972     -4.096258
   0.29310     -4.061304     -4.084162
   0.26379     -4.050734     -4.072994
   0.23448     -4.041264     -4.062385
   0.20517     -4.032899     -4.052333
   0.17586     -4.025648     -4.042981
   0.14655     -4.019512     -4.034554
   0.11724     -4.014478     -4.027255
   0.08793     -4.010567     -4.021306
   0.05862     -4.007771     -4.016911
   0.02931     -4.006106     -4.014209
   0.00000     -4.005548     -4.013296
 
# Band-Index:   13
   0.00000     -3.893435     -3.889005
   0.02931     -3.893639     -3.889816
   0.05862     -3.894244     -3.892270
   0.08793     -3.895260     -3.896436
   0.11724     -3.896696     -3.902446
   0.14655     -3.898578     -3.910496
   0.17586     -3.900976     -3.920855
   0.20517     -3.904038     -3.933891
   0.23448     -3.908086     -3.950054
   0.26379     -3.913769     -3.969801
   0.29310     -3.922419     -3.993458
   0.32241     -3.936556     -4.020784
   0.35172     -3.959935     -4.050047
   0.38103     -3.995051     -4.076525
   0.41034     -4.039612     -4.094918
   0.43965     -4.088404     -4.106306
   0.46896     -4.135461     -4.113713
   0.49827     -4.162748     -4.118511
   0.52758     -4.182325     -4.121174
   0.55689     -4.202165     -4.121838
   0.58620     -4.222675     -4.120533
   0.61551     -4.243883     -4.117202
   0.64482     -4.265737     -4.111799
   0.67413     -4.288153     -4.104266
   0.70344     -4.311031     -4.094560
   0.73275     -4.334257     -4.082641
   0.76206     -4.357665     -4.068493
   0.79137     -4.381105     -4.052111
   0.82068     -4.404375     -4.033507
   0.84999     -4.427240     -4.012733
   0.87930     -4.449456     -3.989878
   0.90861     -4.470729     -3.965075
   0.93792     -4.490750     -3.938507
   0.96723     -4.509184     -3.910525
   0.99654     -4.525666     -3.881659
   1.02585     -4.539820     -3.852772
   1.05516     -4.551291     -3.825250
   1.08447     -4.559748     -3.801406
   1.11378     -4.564935     -3.784561
   1.14309     -4.566681     -3.778369
   1.14309     -3.775901     -4.569459
   1.17240     -3.782061     -4.567705
   1.20171     -3.798805     -4.562518
   1.23102     -3.822558     -4.554049
   1.26033     -3.849984     -4.542568
   1.28964     -3.878788     -4.528398
   1.31895     -3.907553     -4.511903
   1.34826     -3.935410     -4.493457
   1.37757     -3.961824     -4.473420
   1.40688     -3.986486     -4.452146
   1.43619     -4.009172     -4.429944
   1.46550     -4.029758     -4.407105
   1.49481     -4.048196     -4.383877
   1.52412     -4.064439     -4.360485
   1.55343     -4.078482     -4.337133
   1.58274     -4.090343     -4.313979
   1.61205     -4.100047     -4.291166
   1.64136     -4.107648     -4.268817
   1.67067     -4.113186     -4.247009
   1.69998     -4.116753     -4.225820
   1.72929     -4.118413     -4.205234
   1.75860     -4.118225     -4.185037
   1.78791     -4.116245     -4.163851
   1.81722     -4.112517     -4.132403
   1.84653     -4.106920     -4.086315
   1.87584     -4.098854     -4.037852
   1.90515     -4.085312     -3.993157
   1.93446     -4.059906     -3.957656
   1.96377     -4.029001     -3.933839
   1.99308     -4.000415     -3.919362
   2.02239     -3.975929     -3.910440
   2.05170     -3.955636     -3.904533
   2.08101     -3.939099     -3.900290
   2.11032     -3.925792     -3.897050
   2.13963     -3.915244     -3.894509
   2.16894     -3.907067     -3.892504
   2.19825     -3.900967     -3.890969
   2.22756     -3.896738     -3.889876
   2.25687     -3.894252     -3.889222
   2.28618     -3.893435     -3.889005
   2.28618     -3.893435     -3.889005
   2.30253     -3.893671     -3.889360
   2.31888     -3.894378     -3.890391
   2.33523     -3.895497     -3.891976
   2.35158     -3.896966     -3.893980
   2.36793     -3.898747     -3.896293
   2.38428     -3.900801     -3.898834
   2.40063     -3.903097     -3.901556
   2.41698     -3.905607     -3.904419
   2.43333     -3.908308     -3.907409
   2.44968     -3.911173     -3.910505
   2.46603     -3.914173     -3.913687
   2.48238     -3.917271     -3.916928
   2.49873     -3.920428     -3.920194
   2.51508     -3.923606     -3.923455
   2.53143     -3.926760     -3.926668
   2.54778     -3.929836     -3.929787
   2.56413     -3.932788     -3.932766
   2.58048     -3.935559     -3.935552
   2.59683     -3.938083     -3.938080
   2.61318     -3.940303     -3.940293
   2.62953     -3.942152     -3.942127
   2.64588     -3.943562     -3.943515
   2.66222     -3.944460     -3.944381
   2.67857     -3.944779     -3.944661
   2.69492     -3.944442     -3.944276
   2.71127     -3.943374     -3.943153
   2.72762     -3.941502     -3.941218
   2.74397     -3.938756     -3.938399
   2.76032     -3.935073     -3.934632
   2.77667     -3.930400     -3.929860
   2.79302     -3.924700     -3.924048
   2.80937     -3.917971     -3.917186
   2.82572     -3.910247     -3.909304
   2.84207     -3.901666     -3.900533
   2.85842     -3.892490     -3.891130
   2.87477     -3.883240     -3.881610
   2.89112     -3.874828     -3.872897
   2.90747     -3.868668     -3.866473
   2.92382     -3.866359     -3.864052
   2.92382     -3.342299     -3.340509
   2.96991     -3.345910     -3.343961
   3.01599     -3.355943     -3.353606
   3.06207     -3.370423     -3.367679
   3.10815     -3.386970     -3.384046
   3.15423     -3.403330     -3.400782
   3.20031     -3.417619     -3.416699
   3.24639     -3.428878     -3.432473
   3.29248     -3.443340     -3.451769
   3.33856     -3.473039     -3.474305
   3.38464     -3.497575     -3.491697
   3.43072     -3.512438     -3.498094
   3.47680     -3.522808     -3.493167
   3.52288     -3.541255     -3.482045
   3.56896     -3.577896     -3.515204
   3.61504     -3.627768     -3.576244
   3.66113     -3.681412     -3.633927
   3.70721     -3.733212     -3.686449
   3.75329     -3.780339     -3.732711
   3.79937     -3.821379     -3.772113
   3.84545     -3.855744     -3.804582
   3.89153     -3.883415     -3.830619
   3.93761     -3.904796     -3.851252
   3.98370     -3.920610     -3.867966
   4.02978     -3.931762     -3.882327
   4.07586     -3.939229     -3.895461
   4.12194     -3.943905     -3.907640
   4.16802     -3.946485     -3.918399
   4.21410     -3.947402     -3.926994
   4.26018     -3.946828     -3.932776
   4.30627     -3.944754     -3.935356
   4.35235     -3.941113     -3.934654
   4.39843     -3.935930     -3.930936
   4.44451     -3.929352     -3.924771
   4.49059     -3.921744     -3.917018
   4.53667     -3.913675     -3.908706
   4.58275     -3.905923     -3.900904
   4.62884     -3.899392     -3.894565
   4.67492     -3.894985     -3.890432
   4.72100     -3.893435     -3.889005
   4.72100     -3.893435     -3.889005
   4.75469     -3.894520     -3.889470
   4.78838     -3.897810     -3.890836
   4.82207     -3.903317     -3.892978
   4.85576     -3.911065     -3.895782
   4.88945     -3.921000     -3.899141
   4.92314     -3.932966     -3.902991
   4.95683     -3.946663     -3.907299
   4.99052     -3.961681     -3.912080
   5.02421     -3.977553     -3.917393
   5.05790     -3.993798     -3.923323
   5.09159     -4.010000     -3.929968
   5.12528     -4.025795     -3.937347
   5.15896     -4.040930     -3.945371
   5.19265     -4.055238     -3.953787
   5.22634     -4.068648     -3.962196
   5.26003     -4.081179     -3.970127
   5.29372     -4.092936     -3.977133
   5.32741     -4.104109     -3.982876
   5.36110     -4.114963     -3.987147
   5.39479     -4.125839     -3.989889
   5.42848     -4.137139     -3.991196
   5.46217     -4.149320     -3.991372
   5.49586     -4.162839     -3.991236
   5.52955     -4.178148     -3.994691
   5.56324     -4.195629     -4.025364
   5.59693     -4.215536     -4.085459
   5.63062     -4.237951     -4.140859
   5.66431     -4.262702     -4.157313
   5.69800     -4.289370     -4.146761
   5.73169     -4.317317     -4.131134
   5.76538     -4.345729     -4.114856
   5.79907     -4.373719     -4.099470
   5.83276     -4.400416     -4.086171
   5.86645     -4.425002     -4.076520
   5.90014     -4.446756     -4.073511
   5.93383     -4.464977     -4.082460
   5.96752     -4.478912     -4.104425
   6.00121     -4.487754     -4.127787
   6.03490     -4.490798     -4.137783
   6.03490     -4.138865     -4.493614
   6.06820     -4.130252     -4.491998
   6.10151     -4.109687     -4.486969
   6.13482     -4.088419     -4.478154
   6.16813     -4.076011     -4.465214
   6.20143     -4.074638     -4.448066
   6.23474     -4.080928     -4.426921
   6.26805     -4.091748     -4.402263
   6.30135     -4.105266     -4.374786
   6.33466     -4.120288     -4.345357
   6.36797     -4.135775     -4.314927
   6.40127     -4.150196     -4.284462
   6.43458     -4.158139     -4.254841
   6.46789     -4.132060     -4.226766
   6.50119     -4.076477     -4.200725
   6.53450     -4.028018     -4.176966
   6.56781     -4.007483     -4.155513
   6.60112     -4.000466     -4.136214
   6.63442     -3.995417     -4.118786
   6.66773     -3.989920     -4.102877
   6.70104     -3.983394     -4.088123
   6.73434     -3.975749     -4.074169
   6.76765     -3.967167     -4.060699
   6.80096     -3.958030     -4.047462
   6.83426     -3.948863     -4.034276
   6.86757     -3.940212     -4.021023
   6.90088     -3.932529     -4.007681
   6.93418     -3.926028     -3.994286
   6.96749     -3.920687     -3.980950
   7.00080     -3.916318     -3.967842
   7.03410     -3.912664     -3.955160
   7.06741     -3.909483     -3.943115
   7.10072     -3.906594     -3.931889
   7.13403     -3.903894     -3.921641
   7.16733     -3.901347     -3.912512
   7.20064     -3.898958     -3.904606
   7.23395     -3.896811     -3.898084
   7.26725     -3.895046     -3.893156
   7.30056     -3.893851     -3.890059
   7.33387     -3.893435     -3.889005
   7.33387     -3.893435     -3.889005
   7.37705     -3.894742     -3.890286
   7.42023     -3.898512     -3.893974
   7.46341     -3.904270     -3.899620
   7.50659     -3.911331     -3.906555
   7.54977     -3.918921     -3.914038
   7.59295     -3.926294     -3.921353
   7.63614     -3.932862     -3.927939
   7.67932     -3.938370     -3.933560
   7.72250     -3.943236     -3.938676
   7.76568     -3.949406     -3.945343
   7.80886     -3.962082     -3.959035
   7.85204     -3.988206     -3.986775
   7.89522     -4.024417     -4.024560
   7.93840     -4.059459     -4.061311
   7.98158     -4.085536     -4.089841
   8.02477     -4.099568     -4.106020
   8.06795     -4.104203     -4.111059
   8.11113     -4.102288     -4.108739
   8.15431     -4.093457     -4.099144
   8.19749     -4.075140     -4.079748
   8.24067     -4.044510     -4.047998
   8.28385     -4.000180     -4.002790
   8.32703     -3.942138     -3.944149
   8.37022     -3.870997     -3.872729
   8.41340     -3.852721     -3.850382
   8.45658     -3.903589     -3.900441
   8.49976     -3.965723     -3.961367
   8.54294     -4.038095     -4.030966
   8.58612     -4.118239     -4.101729
   8.62930     -4.161186     -4.146734
   8.67248     -4.185543     -4.177377
   8.71566     -4.230624     -4.225506
   8.75885     -4.300626     -4.298019
   8.80203     -4.382602     -4.381556
   8.84521     -4.464308     -4.464148
   8.88839     -4.538559     -4.538938
   8.93157     -4.599485     -4.600213
   8.97475     -4.640559     -4.641510
   9.01793     -4.655256     -4.656288
 
# Band-Index:   14
   9.01793     -4.146220     -4.145220
   8.97475     -4.145009     -4.144028
   8.93157     -4.141372     -4.140450
   8.88839     -4.135245     -4.134441
   8.84521     -4.126255     -4.125677
   8.80203     -4.113101     -4.112961
   8.75885     -4.091825     -4.092564
   8.71566     -4.052479     -4.054578
   8.67248     -3.983773     -3.986606
   8.62930     -3.890585     -3.893135
   8.58612     -3.784589     -3.786559
   8.54294     -3.672807     -3.674080
   8.49976     -3.597490     -3.596840
   8.45658     -3.693346     -3.693933
   8.41340     -3.787394     -3.788151
   8.37022     -3.813348     -3.810717
   8.32703     -3.785993     -3.783698
   8.28385     -3.769810     -3.767613
   8.24067     -3.763742     -3.761560
   8.19749     -3.766206     -3.763995
   8.15431     -3.775304     -3.773035
   8.11113     -3.789033     -3.786688
   8.06795     -3.805403     -3.802972
   8.02477     -3.822517     -3.820002
   7.98158     -3.838506     -3.835927
   7.93840     -3.851248     -3.848686
   7.89522     -3.857503     -3.855161
   7.85204     -3.850777     -3.849114
   7.80886     -3.820914     -3.820256
   7.76568     -3.765884     -3.765788
   7.72250     -3.694631     -3.694690
   7.67932     -3.615041     -3.615113
   7.63614     -3.532465     -3.532517
   7.59295     -3.451466     -3.451497
   7.54977     -3.376557     -3.376571
   7.50659     -3.312254     -3.312260
   7.46341     -3.262506     -3.262507
   7.42023     -3.229215     -3.229217
   7.37705     -3.211171     -3.211174
   7.33387     -3.205607     -3.205610
   7.33387     -3.205607     -3.205610
   7.30056     -3.209852     -3.201176
   7.26725     -3.222535     -3.188166
   7.23395     -3.243408     -3.167619
   7.20064     -3.271864     -3.142425
   7.16733     -3.306890     -3.124052
   7.13403     -3.347131     -3.132148
   7.10072     -3.390982     -3.153205
   7.06741     -3.436671     -3.174772
   7.03410     -3.482378     -3.193084
   7.00080     -3.526395     -3.206687
   6.96749     -3.567217     -3.215110
   6.93418     -3.603700     -3.218488
   6.90088     -3.635187     -3.217343
   6.86757     -3.661689     -3.212452
   6.83426     -3.683944     -3.204724
   6.80096     -3.703409     -3.195186
   6.76765     -3.722111     -3.184921
   6.73434     -3.742402     -3.175088
   6.70104     -3.766684     -3.166927
   6.66773     -3.797001     -3.161744
   6.63442     -3.834673     -3.160972
   6.60112     -3.879634     -3.166066
   6.56781     -3.928967     -3.178388
   6.53450     -3.969528     -3.198722
   6.50119     -3.984092     -3.226665
   6.46789     -3.986820     -3.260564
   6.43458     -3.986327     -3.298306
   6.40127     -3.984634     -3.338422
   6.36797     -3.982600     -3.380520
   6.33466     -3.980861     -3.425004
   6.30135     -3.980091     -3.472530
   6.26805     -3.981095     -3.523248
   6.23474     -3.984710     -3.576333
   6.20143     -3.991312     -3.629917
   6.16813     -3.999452     -3.681265
   6.13482     -4.005577     -3.727037
   6.10151     -4.008031     -3.763557
   6.06820     -4.008446     -3.787277
   6.03490     -4.008412     -3.795520
   6.03490     -3.792453     -4.009678
   6.00121     -3.784687     -4.009440
   5.96752     -3.762290     -4.007577
   5.93383     -3.727673     -4.000423
   5.90014     -3.684169     -3.985874
   5.86645     -3.635332     -3.970079
   5.83276     -3.584402     -3.958915
   5.79907     -3.533835     -3.953266
   5.76538     -3.484966     -3.951959
   5.73169     -3.437950     -3.953551
   5.69800     -3.392150     -3.956899
   5.66431     -3.346807     -3.961109
   5.63062     -3.301563     -3.965365
   5.59693     -3.256908     -3.968482
   5.56324     -3.214388     -3.965903
   5.52955     -3.176521     -3.933830
   5.49586     -3.146227     -3.878271
   5.46217     -3.125534     -3.825269
   5.42848     -3.114609     -3.780126
   5.39479     -3.112118     -3.743969
   5.36110     -3.116129     -3.716237
   5.32741     -3.124723     -3.695291
   5.29372     -3.136186     -3.678849
   5.26003     -3.148985     -3.664410
   5.22634     -3.161754     -3.649569
   5.19265     -3.173253     -3.632258
   5.15896     -3.182331     -3.610882
   5.12528     -3.187959     -3.584470
   5.09159     -3.189221     -3.552725
   5.05790     -3.185404     -3.516041
   5.02421     -3.176165     -3.475423
   4.99052     -3.161710     -3.432320
   4.95683     -3.143230     -3.388507
   4.92314     -3.124162     -3.345884
   4.88945     -3.118009     -3.306355
   4.85576     -3.139714     -3.271687
   4.82207     -3.166454     -3.243370
   4.78838     -3.187713     -3.222534
   4.75469     -3.201068     -3.209857
   4.72100     -3.205607     -3.205610
   4.72100     -3.205607     -3.205610
   4.67492     -3.209479     -3.209589
   4.62884     -3.222465     -3.222933
   4.58275     -3.247149     -3.248314
   4.53667     -3.284220     -3.286532
   4.49059     -3.331198     -3.335264
   4.44451     -3.383726     -3.390376
   4.39843     -3.437159     -3.447467
   4.35235     -3.487452     -3.502731
   4.30627     -3.531605     -3.553325
   4.26018     -3.567644     -3.597295
   4.21410     -3.594573     -3.633450
   4.16802     -3.612012     -3.660912
   4.12194     -3.620133     -3.678934
   4.07586     -3.619512     -3.686831
   4.02978     -3.611034     -3.684251
   3.98370     -3.595830     -3.671629
   3.93761     -3.575196     -3.650339
   3.89153     -3.550569     -3.622444
   3.84545     -3.523507     -3.590288
   3.79937     -3.495754     -3.556381
   3.75329     -3.469196     -3.523505
   3.70721     -3.445839     -3.494929
   3.66113     -3.427426     -3.474424
   3.61504     -3.414297     -3.465356
   3.56896     -3.403148     -3.468104
   3.52288     -3.386707     -3.449183
   3.47680     -3.380084     -3.386639
   3.43072     -3.399522     -3.358170
   3.38464     -3.416157     -3.380190
   3.33856     -3.424672     -3.389919
   3.29248     -3.420479     -3.384168
   3.24639     -3.386580     -3.359315
   3.20031     -3.340087     -3.321059
   3.15423     -3.293242     -3.279823
   3.10815     -3.251742     -3.243339
   3.06207     -3.220040     -3.216307
   3.01599     -3.199997     -3.199754
   2.96991     -3.190041     -3.191641
   2.92382     -3.187190     -3.189317
   2.92382     -3.723006     -3.725106
   2.90747     -3.718530     -3.720519
   2.89112     -3.705883     -3.707611
   2.87477     -3.686696     -3.688124
   2.85842     -3.662413     -3.663577
   2.84207     -3.634024     -3.634968
   2.82572     -3.602130     -3.602891
   2.80937     -3.567109     -3.567721
   2.79302     -3.529212     -3.529703
   2.77667     -3.488627     -3.489016
   2.76032     -3.445517     -3.445821
   2.74397     -3.400030     -3.400260
   2.72762     -3.352322     -3.352489
   2.71127     -3.302550     -3.302662
   2.69492     -3.250901     -3.250964
   2.67857     -3.197564     -3.197584
   2.66222     -3.142755     -3.142740
   2.64588     -3.086695     -3.086645
   2.62953     -3.029636     -3.029549
   2.61318     -2.971857     -2.971726
   2.59683     -2.913638     -2.913446
   2.58048     -2.855372     -2.855020
   2.56413     -2.812989     -2.811490
   2.54778     -2.850598     -2.850314
   2.53143     -2.888251     -2.888092
   2.51508     -2.924658     -2.924560
   2.49873     -2.959603     -2.959542
   2.48238     -2.992902     -2.992871
   2.46603     -3.024386     -3.024375
   2.44968     -3.053881     -3.053885
   2.43333     -3.081219     -3.081232
   2.41698     -3.106233     -3.106251
   2.40063     -3.128758     -3.128779
   2.38428     -3.148644     -3.148664
   2.36793     -3.165746     -3.165763
   2.35158     -3.179934     -3.179947
   2.33523     -3.191093     -3.191101
   2.31888     -3.199133     -3.199140
   2.30253     -3.203985     -3.203989
   2.28618     -3.205607     -3.205610
   2.28618     -3.205607     -3.205610
   2.25687     -3.202744     -3.211492
   2.22756     -3.194347     -3.229014
   2.19825     -3.181234     -3.257766
   2.16894     -3.166858     -3.296917
   2.13963     -3.173765     -3.345212
   2.11032     -3.220690     -3.401049
   2.08101     -3.280457     -3.462544
   2.05170     -3.344302     -3.527522
   2.02239     -3.408653     -3.593436
   1.99308     -3.470710     -3.657074
   1.96377     -3.528092     -3.714077
   1.93446     -3.579065     -3.759018
   1.90515     -3.622711     -3.788021
   1.87584     -3.659002     -3.802260
   1.84653     -3.688524     -3.805822
   1.81722     -3.712173     -3.801961
   1.78791     -3.730826     -3.792425
   1.75860     -3.745211     -3.778042
   1.72929     -3.755827     -3.759201
   1.69998     -3.762988     -3.736136
   1.67067     -3.766856     -3.709057
   1.64136     -3.767493     -3.678217
   1.61205     -3.764919     -3.643948
   1.58274     -3.759161     -3.606679
   1.55343     -3.750300     -3.566922
   1.52412     -3.738497     -3.525264
   1.49481     -3.724033     -3.482364
   1.46550     -3.707304     -3.438928
   1.43619     -3.688824     -3.395702
   1.40688     -3.669191     -3.353452
   1.37757     -3.649080     -3.312960
   1.34826     -3.629201     -3.275023
   1.31895     -3.610268     -3.240576
   1.28964     -3.592979     -3.234652
   1.26033     -3.577988     -3.256698
   1.23102     -3.565880     -3.274100
   1.20171     -3.557124     -3.286559
   1.17240     -3.551975     -3.294041
   1.14309     -3.550316     -3.296532
   1.14309     -3.296548     -3.554447
   1.11378     -3.294092     -3.555476
   1.08447     -3.286744     -3.559274
   1.05516     -3.274578     -3.566731
   1.02585     -3.257871     -3.577870
   0.99654     -3.238681     -3.592174
   0.96723     -3.244506     -3.608970
   0.93792     -3.276835     -3.627531
   0.90861     -3.314256     -3.647119
   0.87930     -3.354532     -3.666992
   0.84999     -3.396674     -3.686434
   0.82068     -3.439841     -3.704765
   0.79137     -3.483243     -3.721383
   0.76206     -3.526127     -3.735780
   0.73275     -3.567781     -3.747562
   0.70344     -3.607546     -3.756452
   0.67413     -3.644835     -3.762281
   0.64482     -3.679133     -3.764970
   0.61551     -3.710018     -3.764489
   0.58620     -3.737155     -3.760811
   0.55689     -3.760283     -3.753864
   0.52758     -3.779196     -3.743487
   0.49827     -3.793652     -3.729355
   0.46896     -3.803241     -3.710959
   0.43965     -3.807110     -3.687573
   0.41034     -3.803464     -3.658299
   0.38103     -3.788994     -3.622226
   0.35172     -3.759639     -3.578753
   0.32241     -3.714386     -3.527912
   0.29310     -3.657191     -3.470607
   0.26379     -3.593460     -3.408598
   0.23448     -3.527500     -3.344263
   0.20517     -3.462499     -3.280412
   0.17586     -3.401005     -3.220643
   0.14655     -3.345173     -3.173706
   0.11724     -3.296885     -3.166804
   0.08793     -3.257745     -3.181204
   0.05862     -3.229000     -3.194335
   0.02931     -3.211485     -3.202743
   0.00000     -3.205607     -3.205610
 
# Band-Index:   15
   0.00000     -3.005205     -3.005155
   0.02931     -3.003010     -3.011372
   0.05862     -2.996363     -3.029641
   0.08793     -2.985184     -3.058631
   0.11724     -2.969473     -3.094030
   0.14655     -2.949412     -3.112121
   0.17586     -2.925283     -3.092739
   0.20517     -2.897435     -3.061420
   0.23448     -2.866243     -3.025039
   0.26379     -2.832091     -2.985164
   0.29310     -2.795381     -2.942591
   0.32241     -2.756482     -2.897884
   0.35172     -2.715776     -2.851546
   0.38103     -2.673616     -2.804000
   0.41034     -2.630343     -2.755628
   0.43965     -2.586285     -2.706780
   0.46896     -2.541748     -2.657772
   0.49827     -2.497054     -2.608915
   0.52758     -2.452586     -2.560489
   0.55689     -2.444405     -2.512798
   0.58620     -2.504948     -2.466664
   0.61551     -2.568522     -2.479720
   0.64482     -2.633591     -2.535012
   0.67413     -2.698974     -2.593536
   0.70344     -2.763647     -2.654461
   0.73275     -2.826705     -2.717197
   0.76206     -2.887390     -2.781200
   0.79137     -2.945052     -2.845915
   0.82068     -2.999187     -2.910828
   0.84999     -3.049352     -2.975396
   0.87930     -3.095220     -3.039134
   0.90861     -3.136485     -3.101498
   0.93792     -3.172755     -3.161905
   0.96723     -3.202413     -3.219684
   0.99654     -3.204677     -3.273979
   1.02585     -3.181634     -3.323606
   1.05516     -3.161303     -3.366828
   1.08447     -3.146213     -3.401172
   1.11378     -3.136972     -3.423544
   1.14309     -3.133863     -3.431326
   1.14309     -3.435840     -3.134291
   1.17240     -3.427469     -3.137429
   1.20171     -3.403818     -3.146762
   1.23102     -3.368245     -3.162076
   1.26033     -3.324081     -3.182988
   1.28964     -3.273790     -3.208758
   1.31895     -3.219018     -3.206241
   1.34826     -3.160884     -3.174288
   1.37757     -3.100204     -3.137305
   1.40688     -3.037630     -3.095622
   1.43619     -2.973723     -3.049429
   1.46550     -2.909007     -2.998978
   1.49481     -2.843999     -2.944592
   1.52412     -2.779216     -2.886689
   1.55343     -2.715184     -2.825786
   1.58274     -2.652464     -2.762526
   1.61205     -2.591605     -2.697675
   1.64136     -2.533287     -2.632149
   1.67067     -2.478905     -2.566985
   1.69998     -2.469151     -2.503461
   1.72929     -2.514105     -2.443893
   1.75860     -2.561503     -2.453902
   1.78791     -2.609768     -2.497909
   1.81722     -2.658511     -2.542441
   1.84653     -2.707427     -2.586872
   1.87584     -2.756193     -2.630847
   1.90515     -2.804490     -2.674046
   1.93446     -2.851969     -2.716141
   1.96377     -2.898246     -2.756786
   1.99308     -2.942885     -2.795622
   2.02239     -2.985408     -2.832284
   2.05170     -3.025233     -2.866387
   2.08101     -3.061568     -2.897535
   2.11032     -3.092843     -2.925343
   2.13963     -3.112182     -2.949439
   2.16894     -3.094073     -2.969473
   2.19825     -3.058677     -2.985162
   2.22756     -3.029690     -2.996326
   2.25687     -3.011422     -3.002963
   2.28618     -3.005205     -3.005155
   2.28618     -3.005205     -3.005155
   2.30253     -3.002582     -3.002537
   2.31888     -2.994800     -2.994770
   2.33523     -2.982101     -2.982096
   2.35158     -2.964859     -2.964885
   2.36793     -2.943524     -2.943588
   2.38428     -2.918591     -2.918701
   2.40063     -2.890559     -2.890719
   2.41698     -2.859907     -2.860123
   2.43333     -2.827079     -2.827353
   2.44968     -2.792479     -2.792815
   2.46603     -2.756472     -2.756870
   2.48238     -2.719380     -2.719844
   2.49873     -2.681492     -2.682025
   2.51508     -2.643086     -2.643683
   2.53143     -2.681969     -2.681961
   2.54778     -2.738810     -2.738907
   2.56413     -2.795303     -2.796588
   2.58048     -2.771314     -2.771423
   2.59683     -2.730786     -2.730704
   2.61318     -2.689509     -2.689333
   2.62953     -2.647742     -2.647489
   2.64588     -2.605677     -2.605352
   2.66222     -2.563504     -2.563109
   2.67857     -2.521422     -2.520953
   2.69492     -2.479640     -2.479094
   2.71127     -2.438375     -2.437749
   2.72762     -2.397867     -2.397156
   2.74397     -2.358374     -2.357572
   2.76032     -2.320178     -2.319282
   2.77667     -2.283588     -2.282601
   2.79302     -2.248942     -2.247861
   2.80937     -2.216608     -2.215428
   2.82572     -2.186991     -2.185708
   2.84207     -2.160526     -2.159133
   2.85842     -2.137685     -2.136180
   2.87477     -2.118990     -2.117364
   2.89112     -2.105001     -2.103260
   2.90747     -2.096288     -2.094456
   2.92382     -2.093323     -2.091456
   2.92382     -3.008633     -3.005515
   2.96991     -3.012507     -3.010433
   3.01599     -3.022652     -3.024000
   3.06207     -3.035634     -3.043108
   3.10815     -3.048712     -3.064382
   3.15423     -3.062046     -3.086528
   3.20031     -3.078158     -3.110826
   3.24639     -3.100330     -3.139620
   3.29248     -3.131497     -3.174946
   3.33856     -3.172945     -3.217884
   3.38464     -3.222981     -3.268352
   3.43072     -3.276272     -3.325022
   3.47680     -3.319548     -3.324027
   3.52288     -3.312640     -3.279298
   3.56896     -3.266076     -3.224452
   3.61504     -3.205004     -3.161642
   3.66113     -3.134901     -3.093867
   3.70721     -3.058841     -3.024771
   3.75329     -2.979340     -2.959753
   3.79937     -2.899702     -2.905215
   3.84545     -2.834265     -2.862002
   3.89153     -2.802754     -2.828673
   3.93761     -2.784685     -2.804673
   3.98370     -2.774665     -2.789527
   4.02978     -2.771725     -2.782557
   4.07586     -2.775198     -2.782945
   4.12194     -2.784403     -2.789812
   4.16802     -2.798628     -2.802277
   4.21410     -2.817134     -2.819465
   4.26018     -2.839148     -2.840508
   4.30627     -2.863827     -2.864489
   4.35235     -2.890188     -2.890373
   4.39843     -2.917110     -2.916993
   4.44451     -2.943175     -2.942898
   4.49059     -2.966677     -2.966358
   4.53667     -2.985632     -2.985355
   4.58275     -2.998247     -2.998060
   4.62884     -3.004124     -3.004019
   4.67492     -3.005335     -3.005275
   4.72100     -3.005205     -3.005155
   4.72100     -3.005205     -3.005155
   4.75469     -3.008806     -3.000363
   4.78838     -3.019199     -2.986165
   4.82207     -3.035065     -2.963164
   4.85576     -3.053243     -2.932358
   4.88945     -3.062193     -2.895049
   4.92314     -3.037895     -2.852620
   4.95683     -2.994140     -2.806401
   4.99052     -2.943636     -2.757620
   5.02421     -2.889606     -2.707399
   5.05790     -2.833639     -2.656765
   5.09159     -2.776961     -2.606767
   5.12528     -2.720679     -2.558724
   5.15896     -2.665925     -2.515982
   5.19265     -2.614192     -2.498785
   5.22634     -2.570155     -2.527552
   5.26003     -2.569819     -2.569180
   5.29372     -2.613449     -2.613978
   5.32741     -2.664218     -2.659455
   5.36110     -2.717252     -2.703964
   5.39479     -2.770715     -2.746329
   5.42848     -2.822863     -2.786106
   5.46217     -2.871880     -2.823907
   5.49586     -2.916381     -2.861453
   5.52955     -2.956289     -2.901201
   5.56324     -2.993181     -2.945656
   5.59693     -3.029338     -2.996676
   5.63062     -3.066518     -3.055078
   5.66431     -3.105387     -3.120623
   5.69800     -3.145481     -3.192193
   5.73169     -3.185478     -3.268074
   5.76538     -3.223513     -3.346032
   5.79907     -3.257731     -3.423314
   5.83276     -3.286823     -3.496503
   5.86645     -3.310290     -3.561571
   5.90014     -3.328337     -3.614563
   5.93383     -3.341508     -3.653156
   5.96752     -3.350412     -3.677871
   6.00121     -3.355549     -3.691132
   6.03490     -3.357222     -3.695259
   6.03490     -3.695403     -3.355934
   6.06820     -3.690499     -3.354712
   6.10151     -3.675087     -3.350981
   6.13482     -3.647607     -3.344526
   6.16813     -3.606955     -3.334996
   6.20143     -3.553909     -3.321922
   6.23474     -3.491268     -3.304764
   6.26805     -3.422724     -3.283066
   6.30135     -3.351811     -3.256699
   6.33466     -3.281461     -3.226131
   6.36797     -3.213988     -3.192509
   6.40127     -3.151098     -3.157240
   6.43458     -3.093861     -3.121338
   6.46789     -3.042614     -3.084886
   6.50119     -2.996906     -3.046893
   6.53450     -2.955437     -3.005693
   6.56781     -2.916253     -2.959992
   6.60112     -2.877157     -2.909707
   6.63442     -2.836225     -2.855840
   6.66773     -2.792294     -2.799826
   6.70104     -2.745201     -2.743123
   6.73434     -2.695679     -2.687021
   6.76765     -2.645068     -2.632733
   6.80096     -2.594991     -2.582266
   6.83426     -2.547360     -2.569691
   6.86757     -2.507677     -2.615916
   6.90088     -2.515635     -2.668130
   6.93418     -2.559070     -2.722804
   6.96749     -2.607467     -2.778771
   7.00080     -2.657550     -2.834999
   7.03410     -2.708133     -2.890405
   7.06741     -2.758253     -2.943765
   7.10072     -2.806894     -2.993405
   7.13403     -2.852972     -3.035962
   7.16733     -2.895273     -3.059829
   7.20064     -2.932479     -3.052560
   7.23395     -2.963222     -3.034872
   7.26725     -2.986202     -3.019102
   7.30056     -3.000405     -3.008743
   7.33387     -3.005205     -3.005155
   7.33387     -3.005205     -3.005155
   7.37705     -3.007928     -3.007882
   7.42023     -3.014256     -3.014219
   7.46341     -3.020055     -3.020032
   7.50659     -3.022011     -3.022001
   7.54977     -3.019376     -3.019379
   7.59295     -3.013095     -3.013110
   7.63614     -3.004487     -3.004515
   7.67932     -2.994687     -2.994721
   7.72250     -2.984548     -2.984591
   7.76568     -2.974715     -2.974768
   7.80886     -2.965636     -2.965695
   7.85204     -2.957609     -2.957676
   7.89522     -2.950839     -2.950912
   7.93840     -2.945410     -2.945487
   7.98158     -2.941292     -2.941370
   8.02477     -2.938337     -2.938417
   8.06795     -2.936263     -2.936343
   8.11113     -2.934644     -2.934725
   8.15431     -2.932943     -2.933036
   8.19749     -2.930668     -2.930812
   8.24067     -2.928692     -2.929115
   8.28385     -2.969249     -2.970025
   8.32703     -3.079437     -3.079882
   8.37022     -3.196117     -3.196672
   8.41340     -3.314640     -3.315437
   8.45658     -3.433174     -3.434383
   8.49976     -3.542935     -3.545546
   8.54294     -3.471333     -3.472247
   8.58612     -3.353380     -3.353876
   8.62930     -3.230915     -3.231098
   8.67248     -3.108157     -3.107981
   8.71566     -2.990599     -2.989936
   8.75885     -2.887245     -2.885927
   8.80203     -2.810356     -2.808445
   8.84521     -2.763690     -2.761603
   8.88839     -2.737358     -2.735328
   8.93157     -2.722283     -2.720330
   8.97475     -2.714283     -2.712378
   9.01793     -2.711756     -2.709868
 
# Band-Index:   16
   9.01793     -2.353213     -2.352787
   8.97475     -2.366414     -2.366141
   8.93157     -2.404842     -2.404951
   8.88839     -2.464464     -2.465033
   8.84521     -2.537103     -2.538074
   8.80203     -2.608783     -2.609860
   8.75885     -2.664594     -2.665305
   8.71566     -2.703576     -2.703820
   8.67248     -2.733764     -2.733696
   8.62930     -2.760390     -2.760137
   8.58612     -2.785573     -2.785210
   8.54294     -2.809863     -2.809439
   8.49976     -2.833123     -2.832668
   8.45658     -2.854856     -2.854390
   8.41340     -2.874387     -2.873921
   8.37022     -2.890998     -2.890525
   8.32703     -2.903861     -2.903324
   8.28385     -2.909330     -2.908347
   8.24067     -2.845664     -2.844952
   8.19749     -2.741676     -2.741199
   8.15431     -2.641581     -2.641138
   8.11113     -2.548292     -2.547867
   8.06795     -2.463235     -2.462837
   8.02477     -2.387485     -2.387130
   7.98158     -2.321861     -2.321561
   7.93840     -2.266849     -2.266613
   7.89522     -2.222486     -2.222316
   7.85204     -2.188425     -2.188311
   7.80886     -2.163934     -2.163866
   7.76568     -2.147954     -2.147917
   7.72250     -2.139222     -2.139204
   7.67932     -2.136354     -2.136341
   7.63614     -2.137932     -2.137916
   7.59295     -2.142563     -2.142536
   7.54977     -2.148950     -2.148907
   7.50659     -2.155919     -2.155861
   7.46341     -2.162455     -2.162382
   7.42023     -2.167734     -2.167648
   7.37705     -2.171137     -2.171050
   7.33387     -2.172319     -2.172231
   7.33387     -2.172319     -2.172231
   7.30056     -2.174487     -2.174290
   7.26725     -2.180900     -2.180376
   7.23395     -2.191198     -2.190107
   7.20064     -2.204936     -2.203033
   7.16733     -2.221668     -2.218732
   7.13403     -2.241002     -2.236886
   7.10072     -2.262761     -2.257406
   7.06741     -2.286912     -2.280355
   7.03410     -2.313567     -2.305918
   7.00080     -2.342960     -2.334400
   6.96749     -2.375250     -2.366065
   6.93418     -2.410292     -2.401149
   6.90088     -2.445614     -2.439730
   6.86757     -2.451256     -2.481589
   6.83426     -2.415303     -2.523993
   6.80096     -2.377257     -2.514661
   6.76765     -2.342015     -2.474795
   6.73434     -2.310533     -2.438483
   6.70104     -2.283264     -2.407431
   6.66773     -2.260469     -2.382176
   6.63442     -2.242292     -2.362984
   6.60112     -2.228713     -2.349883
   6.56781     -2.219578     -2.342740
   6.53450     -2.214563     -2.341224
   6.50119     -2.213260     -2.344871
   6.46789     -2.215166     -2.353041
   6.43458     -2.219868     -2.365061
   6.40127     -2.226946     -2.380133
   6.36797     -2.236043     -2.397470
   6.33466     -2.246760     -2.416252
   6.30135     -2.258649     -2.435691
   6.26805     -2.271172     -2.454993
   6.23474     -2.283742     -2.473422
   6.20143     -2.295762     -2.490308
   6.16813     -2.306613     -2.505029
   6.13482     -2.315731     -2.517060
   6.10151     -2.322628     -2.525972
   6.06820     -2.326928     -2.531452
   6.03490     -2.328389     -2.533303
   6.03490     -2.536549     -2.331593
   6.00121     -2.534643     -2.330089
   5.96752     -2.528993     -2.325662
   5.93383     -2.519814     -2.318576
   5.90014     -2.507414     -2.309209
   5.86645     -2.492234     -2.298075
   5.83276     -2.474817     -2.285777
   5.79907     -2.455781     -2.272942
   5.76538     -2.435827     -2.260223
   5.73169     -2.415699     -2.248219
   5.69800     -2.396190     -2.237462
   5.66431     -2.378121     -2.228378
   5.63062     -2.362310     -2.221254
   5.59693     -2.349576     -2.216323
   5.56324     -2.340718     -2.213872
   5.52955     -2.336450     -2.214338
   5.49586     -2.337400     -2.218331
   5.46217     -2.344058     -2.226477
   5.42848     -2.356758     -2.239238
   5.39479     -2.375619     -2.256817
   5.36110     -2.400559     -2.279192
   5.32741     -2.431187     -2.306144
   5.29372     -2.466528     -2.337293
   5.26003     -2.502118     -2.371972
   5.22634     -2.501116     -2.408482
   5.19265     -2.463492     -2.437640
   5.15896     -2.424691     -2.426469
   5.12528     -2.388559     -2.395103
   5.09159     -2.355609     -2.363238
   5.05790     -2.325845     -2.333455
   5.02421     -2.299065     -2.306099
   4.99052     -2.275008     -2.281112
   4.95683     -2.253383     -2.258350
   4.92314     -2.233996     -2.237748
   4.88945     -2.216777     -2.219364
   4.85576     -2.201843     -2.203424
   4.82207     -2.189487     -2.190296
   4.78838     -2.180148     -2.180436
   4.75469     -2.174308     -2.174309
   4.72100     -2.172319     -2.172231
   4.72100     -2.172319     -2.172231
   4.67492     -2.173860     -2.173755
   4.62884     -2.178277     -2.178137
   4.58275     -2.184939     -2.184771
   4.53667     -2.193245     -2.193073
   4.49059     -2.202861     -2.202719
   4.44451     -2.213862     -2.213770
   4.39843     -2.226767     -2.226704
   4.35235     -2.242411     -2.242293
   4.30627     -2.261831     -2.261485
   4.26018     -2.286134     -2.285269
   4.21410     -2.316369     -2.314575
   4.16802     -2.353412     -2.350153
   4.12194     -2.397893     -2.392514
   4.07586     -2.450113     -2.441891
   4.02978     -2.509926     -2.498101
   3.98370     -2.576714     -2.560571
   3.93761     -2.649310     -2.628285
   3.89153     -2.725630     -2.699782
   3.84545     -2.798456     -2.773005
   3.79937     -2.844642     -2.844790
   3.75329     -2.880286     -2.909735
   3.70721     -2.915019     -2.963130
   3.66113     -2.946424     -3.004204
   3.61504     -2.970736     -3.030528
   3.56896     -2.985093     -3.039696
   3.52288     -2.988725     -3.032766
   3.47680     -2.982769     -3.013565
   3.43072     -2.968965     -2.986101
   3.38464     -2.948436     -2.953230
   3.33856     -2.921386     -2.916762
   3.29248     -2.887891     -2.878074
   3.24639     -2.849230     -2.838574
   3.20031     -2.808290     -2.799832
   3.15423     -2.768475     -2.763410
   3.10815     -2.732654     -2.730725
   3.06207     -2.702874     -2.703047
   3.01599     -2.680558     -2.681697
   2.96991     -2.666727     -2.668080
   2.92382     -2.662037     -2.663380
   2.92382     -2.019819     -2.021868
   2.90747     -2.020708     -2.022732
   2.89112     -2.023496     -2.025456
   2.87477     -2.028445     -2.030326
   2.85842     -2.035795     -2.037613
   2.84207     -2.045703     -2.047467
   2.82572     -2.058227     -2.059943
   2.80937     -2.073330     -2.075005
   2.79302     -2.090944     -2.092583
   2.77667     -2.110959     -2.112560
   2.76032     -2.133252     -2.134816
   2.74397     -2.157698     -2.159213
   2.72762     -2.184154     -2.185615
   2.71127     -2.212473     -2.213879
   2.69492     -2.242512     -2.243863
   2.67857     -2.274127     -2.275418
   2.66222     -2.307174     -2.308402
   2.64588     -2.341499     -2.342665
   2.62953     -2.376951     -2.378046
   2.61318     -2.413376     -2.414400
   2.59683     -2.450614     -2.451568
   2.58048     -2.488505     -2.489388
   2.56413     -2.526878     -2.527684
   2.54778     -2.565555     -2.566291
   2.53143     -2.604351     -2.605018
   2.51508     -2.626219     -2.626173
   2.49873     -2.572039     -2.571975
   2.48238     -2.519754     -2.519677
   2.46603     -2.469765     -2.469680
   2.44968     -2.422457     -2.422366
   2.43333     -2.378209     -2.378115
   2.41698     -2.337396     -2.337300
   2.40063     -2.300374     -2.300276
   2.38428     -2.267487     -2.267388
   2.36793     -2.239068     -2.238969
   2.35158     -2.215392     -2.215294
   2.33523     -2.196708     -2.196610
   2.31888     -2.183200     -2.183109
   2.30253     -2.175047     -2.174959
   2.28618     -2.172319     -2.172231
   2.28618     -2.172319     -2.172231
   2.25687     -2.171623     -2.171631
   2.22756     -2.169596     -2.169871
   2.19825     -2.166463     -2.167107
   2.16894     -2.162537     -2.163577
   2.13963     -2.158265     -2.159628
   2.11032     -2.154196     -2.155725
   2.08101     -2.150950     -2.152466
   2.05170     -2.149156     -2.150525
   2.02239     -2.149480     -2.150711
   1.99308     -2.152572     -2.153932
   1.96377     -2.159033     -2.161156
   1.93446     -2.169413     -2.173369
   1.90515     -2.184163     -2.191474
   1.87584     -2.203633     -2.216202
   1.84653     -2.228053     -2.247990
   1.81722     -2.257522     -2.286901
   1.78791     -2.291998     -2.332552
   1.75860     -2.331312     -2.383895
   1.72929     -2.375052     -2.406714
   1.69998     -2.421565     -2.364529
   1.67067     -2.418379     -2.321946
   1.64136     -2.375306     -2.280290
   1.61205     -2.332699     -2.239869
   1.58274     -2.291616     -2.200905
   1.55343     -2.252339     -2.163593
   1.52412     -2.215060     -2.128111
   1.49481     -2.179946     -2.094631
   1.46550     -2.147138     -2.063298
   1.43619     -2.116765     -2.034254
   1.40688     -2.088939     -2.007621
   1.37757     -2.063787     -1.983528
   1.34826     -2.041395     -1.962068
   1.31895     -2.021825     -1.943312
   1.28964     -2.005150     -1.927332
   1.26033     -1.991438     -1.914191
   1.23102     -1.980729     -1.903930
   1.20171     -1.973052     -1.896576
   1.17240     -1.968440     -1.892158
   1.14309     -1.966908     -1.890694
   1.14309     -1.889360     -1.965512
   1.11378     -1.890839     -1.967056
   1.08447     -1.895277     -1.971688
   1.05516     -1.902636     -1.979373
   1.02585     -1.912912     -1.990102
   0.99654     -1.926067     -2.003832
   0.96723     -1.942067     -2.020531
   0.93792     -1.960849     -2.040133
   0.90861     -1.982342     -2.062566
   0.87930     -2.006470     -2.087762
   0.84999     -2.033135     -2.115626
   0.82068     -2.062219     -2.146050
   0.79137     -2.093597     -2.178918
   0.76206     -2.127131     -2.214102
   0.73275     -2.162669     -2.251463
   0.70344     -2.200053     -2.290852
   0.67413     -2.239078     -2.332070
   0.64482     -2.279578     -2.374933
   0.61551     -2.321345     -2.418956
   0.58620     -2.364139     -2.425454
   0.55689     -2.407425     -2.377742
   0.52758     -2.386516     -2.333679
   0.49827     -2.334763     -2.294163
   0.46896     -2.288947     -2.259501
   0.43965     -2.249902     -2.229878
   0.41034     -2.217955     -2.205287
   0.38103     -2.193050     -2.185639
   0.35172     -2.174758     -2.170710
   0.32241     -2.162358     -2.160154
   0.29310     -2.154949     -2.153514
   0.26379     -2.151555     -2.150251
   0.23448     -2.151226     -2.149777
   0.20517     -2.153020     -2.151410
   0.17586     -2.156162     -2.154523
   0.14655     -2.159945     -2.158457
   0.11724     -2.163793     -2.162606
   0.08793     -2.167259     -2.166451
   0.05862     -2.169986     -2.169543
   0.02931     -2.171725     -2.171544
   0.00000     -2.172319     -2.172231
 
# Band-Index:   17
   0.00000     -0.071093     -0.069532
   0.02931     -0.075926     -0.069894
   0.05862     -0.090230     -0.070962
   0.08793     -0.113614     -0.072741
   0.11724     -0.145446     -0.075219
   0.14655     -0.184772     -0.078368
   0.17586     -0.230525     -0.082179
   0.20517     -0.281426     -0.086616
   0.23448     -0.335987     -0.091649
   0.26379     -0.392629     -0.097246
   0.29310     -0.449633     -0.103367
   0.32241     -0.505251     -0.109974
   0.35172     -0.557736     -0.117023
   0.38103     -0.605483     -0.124475
   0.41034     -0.647080     -0.132280
   0.43965     -0.681474     -0.140402
   0.46896     -0.708014     -0.148768
   0.49827     -0.726516     -0.157369
   0.52758     -0.737195     -0.166126
   0.55689     -0.740633     -0.175043
   0.58620     -0.737649     -0.184007
   0.61551     -0.729157     -0.193010
   0.64482     -0.716130     -0.201986
   0.67413     -0.699507     -0.210855
   0.70344     -0.680172     -0.219597
   0.73275     -0.658935     -0.228125
   0.76206     -0.636524     -0.236394
   0.79137     -0.613583     -0.244337
   0.82068     -0.590668     -0.251936
   0.84999     -0.568267     -0.259090
   0.87930     -0.546831     -0.265741
   0.90861     -0.526741     -0.271822
   0.93792     -0.508315     -0.277321
   0.96723     -0.491817     -0.282177
   0.99654     -0.477485     -0.286365
   1.02585     -0.465493     -0.289841
   1.05516     -0.456029     -0.292570
   1.08447     -0.449189     -0.294539
   1.11378     -0.445048     -0.295730
   1.14309     -0.443662     -0.296114
   1.14309     -0.298297     -0.438511
   1.17240     -0.297893     -0.439925
   1.20171     -0.296712     -0.444144
   1.23102     -0.294739     -0.451131
   1.26033     -0.291999     -0.460804
   1.28964     -0.288512     -0.473011
   1.31895     -0.284315     -0.487609
   1.34826     -0.279438     -0.504400
   1.37757     -0.273912     -0.523132
   1.40688     -0.267797     -0.543552
   1.43619     -0.261135     -0.565310
   1.46550     -0.253966     -0.588034
   1.49481     -0.246358     -0.611269
   1.52412     -0.238398     -0.634521
   1.55343     -0.230098     -0.657226
   1.58274     -0.221530     -0.678745
   1.61205     -0.212777     -0.698333
   1.64136     -0.203873     -0.715189
   1.67067     -0.194837     -0.728397
   1.69998     -0.185819     -0.737055
   1.72929     -0.176830     -0.740167
   1.75860     -0.167926     -0.736812
   1.78791     -0.159149     -0.726160
   1.81722     -0.150527     -0.707650
   1.84653     -0.142125     -0.681052
   1.87584     -0.133973     -0.646567
   1.90515     -0.126149     -0.604861
   1.93446     -0.118700     -0.556998
   1.96377     -0.111611     -0.504378
   1.99308     -0.104990     -0.448643
   2.02239     -0.098842     -0.391490
   2.05170     -0.093250     -0.334778
   2.08101     -0.088208     -0.280120
   2.11032     -0.083764     -0.229152
   2.13963     -0.079966     -0.183342
   2.16894     -0.076793     -0.143955
   2.19825     -0.074313     -0.112092
   2.22756     -0.072530     -0.088677
   2.25687     -0.071457     -0.074338
   2.28618     -0.071093     -0.069532
   2.28618     -0.071093     -0.069532
   2.30253     -0.072017     -0.070453
   2.31888     -0.074770     -0.073217
   2.33523     -0.079353     -0.077815
   2.35158     -0.085749     -0.084236
   2.36793     -0.093943     -0.092461
   2.38428     -0.103920     -0.102473
   2.40063     -0.115647     -0.114248
   2.41698     -0.129089     -0.127743
   2.43333     -0.144218     -0.142928
   2.44968     -0.160991     -0.159762
   2.46603     -0.179356     -0.178197
   2.48238     -0.199275     -0.198193
   2.49873     -0.220682     -0.219673
   2.51508     -0.243511     -0.242591
   2.53143     -0.267710     -0.266874
   2.54778     -0.293179     -0.292448
   2.56413     -0.319842     -0.319212
   2.58048     -0.347640     -0.347084
   2.59683     -0.376410     -0.375959
   2.61318     -0.406081     -0.405740
   2.62953     -0.436526     -0.436300
   2.64588     -0.467621     -0.467506
   2.66222     -0.499199     -0.499212
   2.67857     -0.531112     -0.531252
   2.69492     -0.563182     -0.563457
   2.71127     -0.595197     -0.595618
   2.72762     -0.626937     -0.627495
   2.74397     -0.658144     -0.658839
   2.76032     -0.688539     -0.689375
   2.77667     -0.717805     -0.718792
   2.79302     -0.745612     -0.746735
   2.80937     -0.771569     -0.772830
   2.82572     -0.795270     -0.796662
   2.84207     -0.816319     -0.817824
   2.85842     -0.834273     -0.835885
   2.87477     -0.848721     -0.850438
   2.89112     -0.859335     -0.861110
   2.90747     -0.865827     -0.867650
   2.92382     -0.868012     -0.869850
   2.92382     -1.920894     -1.924060
   2.96991     -1.918199     -1.921589
   3.01599     -1.910593     -1.914799
   3.06207     -1.899323     -1.905223
   3.10815     -1.885837     -1.894629
   3.15423     -1.871381     -1.884373
   3.20031     -1.856775     -1.875173
   3.24639     -1.842324     -1.867053
   3.29248     -1.827952     -1.859612
   3.33856     -1.813313     -1.852109
   3.38464     -1.797959     -1.843742
   3.43072     -1.781243     -1.833594
   3.47680     -1.762456     -1.820743
   3.52288     -1.740790     -1.804224
   3.56896     -1.715357     -1.782999
   3.61504     -1.685217     -1.755969
   3.66113     -1.649436     -1.722028
   3.70721     -1.607149     -1.680099
   3.75329     -1.557701     -1.629322
   3.79937     -1.500716     -1.569216
   3.84545     -1.436156     -1.499774
   3.89153     -1.364322     -1.421530
   3.93761     -1.285807     -1.335486
   3.98370     -1.201401     -1.242951
   4.02978     -1.112060     -1.145417
   4.07586     -1.018874     -1.044452
   4.12194     -0.923039     -0.941608
   4.16802     -0.825825     -0.838398
   4.21410     -0.728628     -0.736347
   4.26018     -0.632952     -0.636918
   4.30627     -0.540294     -0.541525
   4.35235     -0.452138     -0.451533
   4.39843     -0.370027     -0.368306
   4.44451     -0.295396     -0.293145
   4.49059     -0.229687     -0.227269
   4.53667     -0.174077     -0.171785
   4.58275     -0.129698     -0.127618
   4.62884     -0.097336     -0.095526
   4.67492     -0.077702     -0.076041
   4.72100     -0.071093     -0.069532
   4.72100     -0.071093     -0.069532
   4.75469     -0.072398     -0.075261
   4.78838     -0.076279     -0.092443
   4.82207     -0.082673     -0.120825
   4.85576     -0.091480     -0.160124
   4.88945     -0.102553     -0.209827
   4.92314     -0.115701     -0.269310
   4.95683     -0.130710     -0.337772
   4.99052     -0.147285     -0.414301
   5.02421     -0.165094     -0.497817
   5.05790     -0.183786     -0.587166
   5.09159     -0.202984     -0.681119
   5.12528     -0.222201     -0.778359
   5.15896     -0.240976     -0.877574
   5.19265     -0.258816     -0.977350
   5.22634     -0.275184     -1.076310
   5.26003     -0.289560     -1.173056
   5.29372     -0.301434     -1.266138
   5.32741     -0.310368     -1.354113
   5.36110     -0.315958     -1.435411
   5.39479     -0.317916     -1.508412
   5.42848     -0.316129     -1.571351
   5.46217     -0.310578     -1.622411
   5.49586     -0.301438     -1.659939
   5.52955     -0.288989     -1.682706
   5.56324     -0.273680     -1.690270
   5.59693     -0.255983     -1.683057
   5.63062     -0.236507     -1.662396
   5.66431     -0.215886     -1.630282
   5.69800     -0.194715     -1.589154
   5.73169     -0.173632     -1.541727
   5.76538     -0.153191     -1.490706
   5.79907     -0.133909     -1.438750
   5.83276     -0.116262     -1.388318
   5.86645     -0.100636     -1.341617
   5.90014     -0.087398     -1.300613
   5.93383     -0.076810     -1.266942
   5.96752     -0.069091     -1.241918
   6.00121     -0.064405     -1.226513
   6.03490     -0.062839     -1.221306
   6.03490     -1.219195     -0.061264
   6.06820     -1.223621     -0.062820
   6.10151     -1.236695     -0.067448
   6.13482     -1.257876     -0.075066
   6.16813     -1.286252     -0.085502
   6.20143     -1.320587     -0.098536
   6.23474     -1.359344     -0.113878
   6.26805     -1.400747     -0.131190
   6.30135     -1.442763     -0.150035
   6.33466     -1.483220     -0.169972
   6.36797     -1.519900     -0.190483
   6.40127     -1.550561     -0.211008
   6.43458     -1.573165     -0.230977
   6.46789     -1.585954     -0.249782
   6.50119     -1.587651     -0.266835
   6.53450     -1.577533     -0.281594
   6.56781     -1.555439     -0.293587
   6.60112     -1.521758     -0.302417
   6.63442     -1.477253     -0.307776
   6.66773     -1.422886     -0.309517
   6.70104     -1.359735     -0.307638
   6.73434     -1.288858     -0.302269
   6.76765     -1.211349     -0.293657
   6.80096     -1.128286     -0.282189
   6.83426     -1.040781     -0.268241
   6.86757     -0.950038     -0.252374
   6.90088     -0.857362     -0.235063
   6.93418     -0.764101     -0.216808
   6.96749     -0.671656     -0.198122
   7.00080     -0.581458     -0.179445
   7.03410     -0.494921     -0.161231
   7.06741     -0.413422     -0.143867
   7.10072     -0.338228     -0.127711
   7.13403     -0.270551     -0.113074
   7.16733     -0.211489     -0.100244
   7.20064     -0.161938     -0.089439
   7.23395     -0.122625     -0.080829
   7.26725     -0.094127     -0.074583
   7.30056     -0.076885     -0.070799
   7.33387     -0.071093     -0.069532
   7.33387     -0.071093     -0.069532
   7.37705     -0.076719     -0.075130
   7.42023     -0.093366     -0.091835
   7.46341     -0.120651     -0.119110
   7.50659     -0.157745     -0.156255
   7.54977     -0.203738     -0.202272
   7.59295     -0.257471     -0.256041
   7.63614     -0.317653     -0.316306
   7.67932     -0.382926     -0.381681
   7.72250     -0.451875     -0.450760
   7.76568     -0.523134     -0.522159
   7.80886     -0.595377     -0.594582
   7.85204     -0.667471     -0.666885
   7.89522     -0.738454     -0.738099
   7.93840     -0.807587     -0.807454
   7.98158     -0.874540     -0.874617
   8.02477     -0.939249     -0.939552
   8.06795     -1.001974     -1.002463
   8.11113     -1.063140     -1.063794
   8.15431     -1.123292     -1.124082
   8.19749     -1.182962     -1.183846
   8.24067     -1.242603     -1.243547
   8.28385     -1.302538     -1.303514
   8.32703     -1.362957     -1.363927
   8.37022     -1.423837     -1.424788
   8.41340     -1.485052     -1.485990
   8.45658     -1.546308     -1.547204
   8.49976     -1.607134     -1.608002
   8.54294     -1.666994     -1.667838
   8.58612     -1.725241     -1.726068
   8.62930     -1.781142     -1.781978
   8.67248     -1.833927     -1.834789
   8.71566     -1.882754     -1.883688
   8.75885     -1.926817     -1.927881
   8.80203     -1.965292     -1.966531
   8.84521     -1.997424     -1.998904
   8.88839     -2.022580     -2.024369
   8.93157     -2.040366     -2.042522
   8.97475     -2.050755     -2.053246
   9.01793     -2.054127     -2.056764
 
# Band-Index:   18
   9.01793      2.424032      2.423856
   8.97475      2.447639      2.447457
   8.93157      2.493667      2.492736
   8.88839      2.484249      2.483295
   8.84521      2.470394      2.469449
   8.80203      2.452844      2.451919
   8.75885      2.431930      2.431028
   8.71566      2.407932      2.407053
   8.67248      2.381226      2.380375
   8.62930      2.352262      2.351434
   8.58612      2.321508      2.320703
   8.54294      2.289497      2.288719
   8.49976      2.256816      2.256082
   8.45658      2.224112      2.223419
   8.41340      2.192042      2.191353
   8.37022      2.161295      2.160636
   8.32703      2.132554      2.131913
   8.28385      2.106592      2.105979
   8.24067      2.084080      2.083456
   8.19749      2.065672      2.065033
   8.15431      2.051971      2.051290
   8.11113      2.043455      2.042735
   8.06795      2.040495      2.039718
   8.02477      2.043345      2.042508
   7.98158      2.052090      2.051159
   7.93840      2.066586      2.065578
   7.89522      2.086578      2.085494
   7.85204      2.111646      2.110450
   7.80886      2.141066      2.139771
   7.76568      2.174052      2.172672
   7.72250      2.209668      2.208226
   7.67932      2.246837      2.245325
   7.63614      2.284355      2.282787
   7.59295      2.320925      2.319292
   7.54977      2.355146      2.353486
   7.50659      2.385635      2.383923
   7.46341      2.410628      2.408173
   7.42023      2.346482      2.346400
   7.37705      2.297773      2.297775
   7.33387      2.281306      2.281316
   7.33387      2.281306      2.281316
   7.30056      2.291229      2.291187
   7.26725      2.320685      2.318481
   7.23395      2.369012      2.347017
   7.20064      2.430369      2.335082
   7.16733      2.424952      2.294955
   7.13403      2.416188      2.242576
   7.10072      2.406203      2.181821
   7.06741      2.395256      2.114603
   7.03410      2.383568      2.042399
   7.00080      2.371394      1.966509
   6.96749      2.358974      1.888243
   6.93418      2.346583      1.808859
   6.90088      2.334470      1.729586
   6.86757      2.322903      1.651636
   6.83426      2.312129      1.576154
   6.80096      2.302333      1.504338
   6.76765      2.293832      1.437270
   6.73434      2.286729      1.376027
   6.70104      2.281201      1.321649
   6.66773      2.277335      1.275127
   6.63442      2.275182      1.237311
   6.60112      2.274755      1.208942
   6.56781      2.276018      1.190579
   6.53450      2.278855      1.182567
   6.50119      2.283134      1.185013
   6.46789      2.288692      1.197695
   6.43458      2.295339      1.220078
   6.40127      2.302818      1.251294
   6.36797      2.310868      1.290116
   6.33466      2.319227      1.335025
   6.30135      2.327617      1.384179
   6.26805      2.335750      1.435547
   6.23474      2.343411      1.486871
   6.20143      2.350319      1.535770
   6.16813      2.356282      1.579897
   6.13482      2.361116      1.617005
   6.10151      2.364678      1.645107
   6.06820      2.366856      1.662633
   6.03490      2.367593      1.668594
   6.03490      1.670918      2.368587
   6.00121      1.664266      2.367866
   5.96752      1.644725      2.365711
   5.93383      1.613404      2.362181
   5.90014      1.572059      2.357389
   5.86645      1.522900      2.351473
   5.83276      1.468415      2.344609
   5.79907      1.411278      2.337031
   5.76538      1.354101      2.328940
   5.73169      1.299421      2.320609
   5.69800      1.249582      2.312299
   5.66431      1.206612      2.304270
   5.63062      1.172284      2.296824
   5.59693      1.147936      2.290186
   5.56324      1.134540      2.284604
   5.52955      1.132688      2.280317
   5.49586      1.142523      2.277435
   5.46217      1.163858      2.276129
   5.42848      1.196162      2.276459
   5.39479      1.238679      2.278496
   5.36110      1.290407      2.282205
   5.32741      1.350225      2.287581
   5.29372      1.416973      2.294508
   5.26003      1.489362      2.302823
   5.22634      1.566167      2.312368
   5.19265      1.646096      2.322934
   5.15896      1.727918      2.334288
   5.12528      1.810425      2.346174
   5.09159      1.892355      2.358352
   5.05790      1.972530      2.370575
   5.02421      2.049731      2.382526
   4.99052      2.122776      2.393985
   4.95683      2.190453      2.404712
   4.92314      2.251455      2.414427
   4.88945      2.304245      2.422709
   4.85576      2.345558      2.425091
   4.82207      2.357216      2.369934
   4.78838      2.321956      2.321233
   4.75469      2.291878      2.291370
   4.72100      2.281306      2.281316
   4.72100      2.281306      2.281316
   4.67492      2.300438      2.299851
   4.62884      2.354974      2.351006
   4.58275      2.389650      2.380574
   4.53667      2.359491      2.352818
   4.49059      2.317363      2.311275
   4.44451      2.267745      2.262076
   4.39843      2.212290      2.207206
   4.35235      2.152401      2.148335
   4.30627      2.089416      2.086905
   4.26018      2.024668      2.024371
   4.21410      1.959417      1.962020
   4.16802      1.894941      1.901122
   4.12194      1.832449      1.842895
   4.07586      1.773144      1.788381
   4.02978      1.718103      1.738471
   3.98370      1.668269      1.693926
   3.93761      1.624435      1.655313
   3.89153      1.587207      1.622981
   3.84545      1.556962      1.597081
   3.79937      1.533873      1.577539
   3.75329      1.517851      1.564097
   3.70721      1.508595      1.556347
   3.66113      1.505569      1.553687
   3.61504      1.508057      1.555396
   3.56896      1.515159      1.560635
   3.52288      1.525869      1.568484
   3.47680      1.539054      1.577950
   3.43072      1.553509      1.588028
   3.38464      1.568030      1.597714
   3.33856      1.581482      1.606105
   3.29248      1.592838      1.612418
   3.24639      1.601411      1.616209
   3.20031      1.606794      1.617302
   3.15423      1.609116      1.615958
   3.10815      1.608904      1.612818
   3.06207      1.607092      1.608841
   3.01599      1.604742      1.605043
   2.96991      1.602861      1.602340
   2.92382      1.602152      1.601366
   2.92382      1.951793      1.952936
   2.90747      1.952679      1.953816
   2.89112      1.955335      1.956445
   2.87477      1.959708      1.960799
   2.85842      1.965795      1.966825
   2.84207      1.973531      1.974512
   2.82572      1.982846      1.983777
   2.80937      1.993657      1.994519
   2.79302      2.005888      2.006668
   2.77667      2.019431      2.020126
   2.76032      2.034176      2.034773
   2.74397      2.050000      2.050498
   2.72762      2.066786      2.067181
   2.71127      2.084410      2.084697
   2.69492      2.102757      2.102914
   2.67857      2.121672      2.121704
   2.66222      2.141015      2.140927
   2.64588      2.160668      2.160456
   2.62953      2.180493      2.180174
   2.61318      2.200367      2.199929
   2.59683      2.220162      2.219604
   2.58048      2.239745      2.239073
   2.56413      2.259008      2.258258
   2.54778      2.277831      2.276965
   2.53143      2.296117      2.295122
   2.51508      2.313731      2.312630
   2.49873      2.330581      2.329361
   2.48238      2.346563      2.345235
   2.46603      2.361605      2.360151
   2.44968      2.375587      2.373991
   2.43333      2.388414      2.386624
   2.41698      2.399818      2.397590
   2.40063      2.401192      2.398709
   2.38428      2.371701      2.371245
   2.36793      2.344731      2.344559
   2.35158      2.322217      2.322145
   2.33523      2.304455      2.304429
   2.31888      2.291635      2.291631
   2.30253      2.283894      2.283901
   2.28618      2.281306      2.281316
   2.28618      2.281306      2.281316
   2.25687      2.289100      2.288736
   2.22756      2.312281      2.310796
   2.19825      2.350295      2.346998
   2.16894      2.385464      2.396313
   2.13963      2.354692      2.438732
   2.11032      2.319048      2.439054
   2.08101      2.280105      2.437534
   2.05170      2.239155      2.435635
   2.02239      2.197502      2.433486
   1.99308      2.156257      2.431091
   1.96377      2.116654      2.428519
   1.93446      2.079640      2.425745
   1.90515      2.046073      2.422866
   1.87584      2.016633      2.419836
   1.84653      1.991829      2.416674
   1.81722      1.971999      2.413439
   1.78791      1.957324      2.410130
   1.75860      1.947804      2.406790
   1.72929      1.943315      2.403414
   1.69998      1.943546      2.400016
   1.67067      1.948140      2.396623
   1.64136      1.956621      2.393207
   1.61205      1.968526      2.389898
   1.58274      1.983281      2.386671
   1.55343      2.000303      2.383522
   1.52412      2.019007      2.380496
   1.49481      2.038827      2.377621
   1.46550      2.059223      2.374868
   1.43619      2.079679      2.372288
   1.40688      2.099687      2.369911
   1.37757      2.118816      2.367737
   1.34826      2.136635      2.365781
   1.31895      2.152819      2.364065
   1.28964      2.167043      2.362593
   1.26033      2.179036      2.361371
   1.23102      2.188596      2.360415
   1.20171      2.195543      2.359728
   1.17240      2.199745      2.359324
   1.14309      2.201159      2.359180
   1.14309      2.361085      2.195718
   1.11378      2.361210      2.194348
   1.08447      2.361627      2.190238
   1.05516      2.362315      2.183473
   1.02585      2.363270      2.174146
   0.99654      2.364491      2.162405
   0.96723      2.365966      2.148478
   0.93792      2.367675      2.132604
   0.90861      2.369619      2.115095
   0.87930      2.371769      2.096288
   0.84999      2.374155      2.076580
   0.82068      2.376746      2.056407
   0.79137      2.379513      2.036282
   0.76206      2.382392      2.016711
   0.73275      2.385411      1.998232
   0.70344      2.388543      1.981407
   0.67413      2.391780      1.966834
   0.64482      2.395078      1.955069
   0.61551      2.398445      1.946683
   0.58620      2.401841      1.942183
   0.55689      2.405235      1.942031
   0.52758      2.408653      1.946569
   0.49827      2.411996      1.956101
   0.46896      2.415301      1.970782
   0.43965      2.418518      1.990590
   0.41034      2.421667      2.015363
   0.38103      2.424694      2.044768
   0.35172      2.427590      2.078303
   0.32241      2.430334      2.115267
   0.29310      2.432913      2.154836
   0.26379      2.435302      2.195992
   0.23448      2.437480      2.237637
   0.20517      2.439430      2.278536
   0.17586      2.441066      2.317450
   0.14655      2.441530      2.353034
   0.11724      2.396760      2.383423
   0.08793      2.347129      2.350255
   0.05862      2.310842      2.312299
   0.02931      2.288740      2.289116
   0.00000      2.281306      2.281316
 
# Band-Index:   19
   0.00000      2.446529      2.444966
   0.02931      2.446390      2.440973
   0.05862      2.445989      2.429252
   0.08793      2.445342      2.410351
   0.11724      2.444605      2.403742
   0.14655      2.461070      2.468206
   0.17586      2.534067      2.545300
   0.20517      2.618377      2.633064
   0.23448      2.711997      2.730207
   0.26379      2.813726      2.835476
   0.29310      2.922354      2.947605
   0.32241      3.036930      3.065584
   0.35172      3.156418      3.188338
   0.38103      3.279928      3.314939
   0.41034      3.406671      3.444580
   0.43965      3.535897      3.576498
   0.46896      3.666916      3.709994
   0.49827      3.798923      3.844271
   0.52758      3.931186      3.978600
   0.55689      4.062858      4.112154
   0.58620      4.192684      4.243700
   0.61551      4.319071      4.371680
   0.64482      4.439754      4.493915
   0.67413      4.550923      4.606749
   0.70344      4.647017      4.704913
   0.73275      4.719775      4.780605
   0.76206      4.759666      4.824848
   0.79137      4.760545      4.831573
   0.82068      4.725204      4.802901
   0.84999      4.663877      4.748211
   0.87930      4.588068      4.678547
   0.90861      4.506811      4.602839
   0.93792      4.426369      4.527352
   0.96723      4.350940      4.456309
   0.99654      4.283412      4.392590
   1.02585      4.225829      4.338210
   1.05516      4.179670      4.294607
   1.08447      4.145983      4.262788
   1.11378      4.125497      4.243437
   1.14309      4.118626      4.236948
   1.14309      4.225296      4.108003
   1.17240      4.231817      4.114893
   1.20171      4.251244      4.135421
   1.23102      4.283177      4.169159
   1.26033      4.326945      4.215407
   1.28964      4.381513      4.273091
   1.31895      4.445423      4.340720
   1.34826      4.516670      4.416264
   1.37757      4.592363      4.496832
   1.40688      4.668306      4.578250
   1.43619      4.738280      4.654306
   1.46550      4.793472      4.716080
   1.49481      4.822971      4.752219
   1.52412      4.817411      4.752509
   1.55343      4.774534      4.714010
   1.58274      4.700084      4.642535
   1.61205      4.602909      4.547451
   1.64136      4.490753      4.436981
   1.67067      4.369093      4.316885
   1.69998      4.241552      4.190938
   1.72929      4.110364      4.061464
   1.75860      3.977105      3.930087
   1.78791      3.843001      3.798045
   1.81722      3.708899      3.666208
   1.84653      3.575577      3.535357
   1.87584      3.443799      3.406267
   1.90515      3.314273      3.279637
   1.93446      3.187770      3.156222
   1.96377      3.065072      3.036795
   1.99308      2.947213      2.922343
   2.02239      2.835131      2.813769
   2.05170      2.729926      2.712122
   2.08101      2.632822      2.618588
   2.11032      2.545087      2.534438
   2.13963      2.467973      2.462222
   2.16894      2.403171      2.443434
   2.19825      2.411807      2.443870
   2.22756      2.430810      2.444447
   2.25687      2.442579      2.444826
   2.28618      2.446529      2.444966
   2.28618      2.446529      2.444966
   2.30253      2.445799      2.444229
   2.31888      2.443601      2.442056
   2.33523      2.439953      2.438449
   2.35158      2.434884      2.433455
   2.36793      2.428441      2.427149
   2.38428      2.420757      2.419787
   2.40063      2.413564      2.414684
   2.41698      2.440075      2.440999
   2.43333      2.479226      2.479779
   2.44968      2.522196      2.522628
   2.46603      2.568507      2.568882
   2.48238      2.617846      2.618190
   2.49873      2.669930      2.670254
   2.51508      2.724534      2.724851
   2.53143      2.781356      2.781665
   2.54778      2.840159      2.840457
   2.56413      2.900700      2.900995
   2.58048      2.962802      2.963097
   2.59683      3.026278      3.026575
   2.61318      3.090954      3.091254
   2.62953      3.156707      3.157004
   2.64588      3.223342      3.223647
   2.66222      3.290743      3.291058
   2.67857      3.358830      3.359164
   2.69492      3.427451      3.427800
   2.71127      3.496546      3.496911
   2.72762      3.566033      3.566419
   2.74397      3.635846      3.636258
   2.76032      3.705942      3.706390
   2.77667      3.776220      3.776707
   2.79302      3.846672      3.847203
   2.80937      3.917201      3.917798
   2.82572      3.987723      3.988402
   2.84207      4.058165      4.058954
   2.85842      4.128281      4.129237
   2.87477      4.197686      4.198917
   2.89112      4.265124      4.266839
   2.90747      4.326142      4.328885
   2.92382      4.358222      4.362326
   2.92382      4.346300      4.338192
   2.96991      4.304550      4.300260
   3.01599      4.255949      4.253354
   3.06207      4.229699      4.227675
   3.10815      4.230168      4.228293
   3.15423      4.258538      4.256574
   3.20031      4.314343      4.312132
   3.24639      4.395800      4.393260
   3.29248      4.499813      4.496956
   3.33856      4.622229      4.619148
   3.38464      4.757904      4.754767
   3.43072      4.901027      4.898073
   3.47680      5.045254      5.042765
   3.52288      5.183813      5.182084
   3.56896      5.309789      5.309052
   3.61504      5.416546      5.416858
   3.66113      5.498050      5.499150
   3.70721      5.549171      5.550412
   3.75329      5.566019      5.566583
   3.79937      5.546090      5.545361
   3.84545      5.488428      5.486211
   3.89153      5.393964      5.390435
   3.93761      5.265581      5.261076
   3.98370      5.107304      5.102195
   4.02978      4.923768      4.918364
   4.07586      4.720069      4.714647
   4.12194      4.500962      4.495752
   4.16802      4.271457      4.266611
   4.21410      4.036054      4.031721
   4.26018      3.799089      3.795397
   4.30627      3.564785      3.561833
   4.35235      3.337422      3.335318
   4.39843      3.121303      3.120125
   4.44451      2.920811      2.920656
   4.49059      2.740512      2.741523
   4.53667      2.585324      2.587898
   4.58275      2.462926      2.468849
   4.62884      2.429232      2.430894
   4.67492      2.441689      2.440480
   4.72100      2.446529      2.444966
   4.72100      2.446529      2.444966
   4.75469      2.441787      2.444115
   4.78838      2.428899      2.441640
   4.82207      2.421691      2.437865
   4.85576      2.471400      2.444254
   4.88945      2.559795      2.523551
   4.92314      2.667566      2.622695
   4.95683      2.790444      2.735727
   4.99052      2.925804      2.860661
   5.02421      3.071598      2.995769
   5.05790      3.225845      3.139348
   5.09159      3.386834      3.289808
   5.12528      3.553037      3.445711
   5.15896      3.723069      3.605703
   5.19265      3.895622      3.768484
   5.22634      4.069418      3.932709
   5.26003      4.243280      4.097093
   5.29372      4.416136      4.260370
   5.32741      4.586629      4.420953
   5.36110      4.753377      4.577048
   5.39479      4.914659      4.726389
   5.42848      5.067900      4.865656
   5.46217      5.209534      4.990509
   5.49586      5.334173      5.095287
   5.52955      5.434392      5.174102
   5.56324      5.502616      5.223574
   5.59693      5.536329      5.245642
   5.63062      5.540556      5.246428
   5.66431      5.524585      5.233436
   5.69800      5.496465      5.212767
   5.73169      5.461363      5.188413
   5.76538      5.422866      5.163175
   5.79907      5.383358      5.138800
   5.83276      5.344626      5.116338
   5.86645      5.308286      5.096531
   5.90014      5.275834      5.079839
   5.93383      5.248737      5.066610
   5.96752      5.228294      5.057042
   6.00121      5.215519      5.051217
   6.03490      5.211190      5.049279
   6.03490      5.058223      5.219974
   6.06820      5.060097      5.224135
   6.10151      5.065649      5.236341
   6.13482      5.074752      5.255880
   6.16813      5.087220      5.281703
   6.20143      5.102777      5.312491
   6.23474      5.120976      5.346728
   6.26805      5.141089      5.382656
   6.30135      5.162280      5.418511
   6.33466      5.183215      5.452146
   6.36797      5.201783      5.480613
   6.40127      5.215051      5.500000
   6.43458      5.218861      5.504890
   6.46789      5.207879      5.488556
   6.50119      5.176334      5.444800
   6.53450      5.120091      5.371263
   6.56781      5.038557      5.270770
   6.60112      4.934567      5.148927
   6.63442      4.812591      5.011315
   6.66773      4.677183      4.862422
   6.70104      4.531971      4.705368
   6.73434      4.379952      4.542675
   6.76765      4.223267      4.376022
   6.80096      4.063717      4.206887
   6.83426      3.902803      4.036547
   6.86757      3.741853      3.866165
   6.90088      3.582196      3.696983
   6.93418      3.425200      3.530317
   6.96749      3.272104      3.367412
   7.00080      3.124240      3.209621
   7.03410      2.983171      3.058610
   7.06741      2.850317      2.915964
   7.10072      2.727483      2.783733
   7.13403      2.616272      2.663975
   7.16733      2.518451      2.559392
   7.20064      2.437659      2.474796
   7.23395      2.438715      2.427054
   7.26725      2.443014      2.429311
   7.30056      2.445649      2.440515
   7.33387      2.446529      2.444966
   7.33387      2.446529      2.444966
   7.37705      2.442493      2.440896
   7.42023      2.430527      2.429090
   7.46341      2.426601      2.427508
   7.50659      2.533704      2.533920
   7.54977      2.666387      2.666550
   7.59295      2.820717      2.820861
   7.63614      2.993134      2.993269
   7.67932      3.180079      3.180209
   7.72250      3.378055      3.378182
   7.76568      3.583650      3.583775
   7.80886      3.793483      3.793606
   7.85204      4.004191      4.004311
   7.89522      4.212276      4.212392
   7.93840      4.414102      4.414220
   7.98158      4.605773      4.605880
   8.02477      4.782754      4.782859
   8.06795      4.940393      4.940468
   8.11113      5.073611      5.073644
   8.15431      5.177114      5.177112
   8.19749      5.245636      5.245572
   8.24067      5.274699      5.274562
   8.28385      5.261139      5.260929
   8.32703      5.203418      5.203151
   8.37022      5.102744      5.102450
   8.41340      4.962520      4.962219
   8.45658      4.787824      4.787531
   8.49976      4.585150      4.584867
   8.54294      4.361552      4.361280
   8.58612      4.124086      4.123825
   8.62930      3.879660      3.879409
   8.67248      3.634887      3.634648
   8.71566      3.396295      3.396066
   8.75885      3.170186      3.169966
   8.80203      2.962941      2.962731
   8.84521      2.780991      2.780790
   8.88839      2.630728      2.630537
   8.93157      2.518699      2.518490
   8.97475      2.500880      2.499917
   9.01793      2.502806      2.501846
 
# Band-Index:   20
   9.01793      8.183584      8.183651
   8.97475      8.147898      8.147959
   8.93157      8.047073      8.047121
   8.88839      7.896333      7.896368
   8.84521      7.713247      7.713275
   8.80203      7.513229      7.513256
   8.75885      7.308190      7.308222
   8.71566      7.106882      7.106923
   8.67248      6.915642      6.915697
   8.62930      6.739094      6.739166
   8.58612      6.580595      6.580687
   8.54294      6.442609      6.442723
   8.49976      6.326877      6.327014
   8.45658      6.234551      6.234711
   8.41340      6.166292      6.166467
   8.37022      6.122287      6.122466
   8.32703      6.102356      6.102520
   8.28385      6.105967      6.106090
   8.24067      6.132279      6.132343
   8.19749      6.180159      6.180166
   8.15431      6.248232      6.248195
   8.11113      6.334917      6.334852
   8.06795      6.438428      6.438353
   8.02477      6.556890      6.556821
   7.98158      6.688277      6.688218
   7.93840      6.830461      6.830411
   7.89522      6.981213      6.981182
   7.85204      7.138211      7.138200
   7.80886      7.298916      7.298931
   7.76568      7.460810      7.460848
   7.72250      7.621098      7.621174
   7.67932      7.776824      7.776951
   7.63614      7.924528      7.925163
   7.59295      7.792843      7.793264
   7.54977      7.632968      7.633321
   7.50659      7.497638      7.497957
   7.46341      7.389367      7.389663
   7.42023      7.310314      7.310599
   7.37705      7.262175      7.262446
   7.33387      7.246008      7.246283
   7.33387      7.246008      7.246283
   7.30056      7.243998      7.244956
   7.26725      7.237794      7.240796
   7.23395      7.226782      7.233122
   7.20064      7.210143      7.221024
   7.16733      7.187010      7.203520
   7.13403      7.156667      7.179782
   7.10072      7.118673      7.149266
   7.06741      7.073074      7.111922
   7.03410      7.020150      7.067963
   7.00080      6.960602      7.018008
   6.96749      6.895196      6.962728
   6.93418      6.824949      6.903036
   6.90088      6.751081      6.840031
   6.86757      6.674718      6.774662
   6.83426      6.597169      6.708025
   6.80096      6.519687      6.641074
   6.76765      6.443834      6.575000
   6.73434      6.371140      6.510907
   6.70104      6.303456      6.450048
   6.66773      6.243108      6.394075
   6.63442      6.192875      6.344981
   6.60112      6.156367      6.305606
   6.56781      6.137880      6.279928
   6.53450      6.141578      6.272952
   6.50119      6.169989      6.289777
   6.46789      6.221890      6.332396
   6.43458      6.292530      6.397719
   6.40127      6.375440      6.478795
   6.36797      6.464318      6.567995
   6.33466      6.554013      6.659077
   6.30135      6.640607      6.747495
   6.26805      6.721169      6.830020
   6.23474      6.793457      6.904236
   6.20143      6.855865      6.968466
   6.16813      6.907411      7.021663
   6.13482      6.947573      7.063223
   6.10151      6.976189      7.092913
   6.06820      6.993256      7.110656
   6.03490      6.998940      7.116571
   6.03490      7.121921      7.004265
   6.00121      7.116079      6.998612
   5.96752      7.098458      6.981530
   5.93383      7.068812      6.952748
   5.90014      7.027007      6.912097
   5.86645      6.973090      6.859571
   5.83276      6.907294      6.795395
   5.79907      6.830525      6.720448
   5.76538      6.744082      6.636052
   5.73169      6.650097      6.544300
   5.69800      6.551398      6.447886
   5.66431      6.452105      6.350518
   5.63062      6.358708      6.257614
   5.59693      6.279939      6.176032
   5.56324      6.225785      6.113929
   5.52955      6.202524      6.078486
   5.49586      6.208332      6.072126
   5.46217      6.236185      6.091795
   5.42848      6.279350      6.131972
   5.39479      6.332820      6.187136
   5.36110      6.393497      6.253087
   5.32741      6.459163      6.326591
   5.29372      6.528246      6.405241
   5.26003      6.599411      6.487049
   5.22634      6.671481      6.570346
   5.19265      6.743339      6.653609
   5.15896      6.813860      6.735405
   5.12528      6.881970      6.814420
   5.09159      6.946328      6.889142
   5.05790      7.005966      6.958454
   5.02421      7.059775      7.021151
   4.99052      7.106864      7.076282
   4.95683      7.146601      7.123166
   4.92314      7.178732      7.161529
   4.88945      7.203417      7.191509
   4.85576      7.221263      7.213716
   4.82207      7.233349      7.229209
   4.78838      7.240804      7.239110
   4.75469      7.244779      7.244557
   4.72100      7.246008      7.246283
   4.72100      7.246008      7.246283
   4.67492      7.252981      7.253449
   4.62884      7.272083      7.273150
   4.58275      7.297759      7.299792
   4.53667      7.320867      7.324155
   4.49059      7.330134      7.334771
   4.44451      7.315987      7.321808
   4.39843      7.274475      7.281097
   4.35235      7.208094      7.215118
   4.30627      7.122938      7.130029
   4.26018      7.025658      7.032548
   4.21410      6.922048      6.928525
   4.16802      6.816663      6.822541
   4.12194      6.713058      6.718136
   4.07586      6.613944      6.618011
   4.02978      6.521173      6.523994
   3.98370      6.436091      6.437425
   3.93761      6.359464      6.359051
   3.89153      6.291460      6.289039
   3.84545      6.231684      6.227059
   3.79937      6.179022      6.172210
   3.75329      6.131707      6.123139
   3.70721      6.087200      6.077729
   3.66113      6.043065      6.033778
   3.61504      5.996885      5.988682
   3.56896      5.946334      5.939705
   3.52288      5.888902      5.883988
   3.47680      5.822107      5.818818
   3.43072      5.743722      5.741864
   3.38464      5.652287      5.651606
   3.33856      5.547295      5.547530
   3.29248      5.429417      5.430316
   3.24639      5.300611      5.301950
   3.20031      5.163757      5.165353
   3.15423      5.022568      5.024305
   3.10815      4.881310      4.883153
   3.06207      4.744673      4.746710
   3.01599      4.617753      4.620317
   2.96991      4.507670      4.511865
   2.92382      4.445253      4.453238
   2.92382      4.488552      4.484724
   2.90747      4.520828      4.518363
   2.89112      4.582444      4.581010
   2.87477      4.650873      4.649924
   2.85842      4.721660      4.720986
   2.84207      4.793636      4.793134
   2.82572      4.866421      4.866037
   2.80937      4.939773      4.939478
   2.79302      5.013724      5.013500
   2.77667      5.088141      5.087969
   2.76032      5.163052      5.162931
   2.74397      5.238440      5.238360
   2.72762      5.314344      5.314298
   2.71127      5.390776      5.390762
   2.69492      5.467774      5.467785
   2.67857      5.545332      5.545363
   2.66222      5.623458      5.623512
   2.64588      5.702132      5.702206
   2.62953      5.781407      5.781503
   2.61318      5.861235      5.861348
   2.59683      5.941627      5.941754
   2.58048      6.022551      6.022693
   2.56413      6.104073      6.104249
   2.54778      6.185988      6.186167
   2.53143      6.268260      6.268448
   2.51508      6.350838      6.351030
   2.49873      6.433539      6.433733
   2.48238      6.516182      6.516391
   2.46603      6.598540      6.598749
   2.44968      6.680283      6.680494
   2.43333      6.760943      6.761160
   2.41698      6.839958      6.840182
   2.40063      6.916538      6.916770
   2.38428      6.989635      6.989868
   2.36793      7.057787      7.058032
   2.35158      7.119115      7.119367
   2.33523      7.171284      7.171542
   2.31888      7.211568      7.211835
   2.30253      7.237188      7.237458
   2.28618      7.246008      7.246283
   2.28618      7.246008      7.246283
   2.25687      7.253660      7.253369
   2.22756      7.276483      7.274556
   2.19825      7.314124      7.309596
   2.16894      7.365991      7.358082
   2.13963      7.431312      7.419460
   2.11032      7.509217      7.493104
   2.08101      7.598747      7.578274
   2.05170      7.698869      7.674165
   2.02239      7.808727      7.780051
   1.99308      7.926750      7.894165
   1.96377      7.825198      7.802614
   1.93446      7.704766      7.678515
   1.90515      7.576794      7.546691
   1.87584      7.442154      7.408066
   1.84653      7.301820      7.263639
   1.81722      7.156935      7.114581
   1.78791      7.008760      6.962160
   1.75860      6.858704      6.807804
   1.72929      6.708502      6.653246
   1.69998      6.560094      6.500449
   1.67067      6.415997      6.351958
   1.64136      6.279518      6.211142
   1.61205      6.155254      6.082724
   1.58274      6.049654      5.973423
   1.55343      5.971497      5.892469
   1.52412      5.930775      5.850329
   1.49481      5.934257      5.853808
   1.46550      5.980662      5.900902
   1.43619      6.061609      5.982334
   1.40688      6.167013      6.087492
   1.37757      6.288694      6.207976
   1.34826      6.420892      6.337890
   1.31895      6.559534      6.472943
   1.28964      6.701251      6.609399
   1.26033      6.842091      6.742793
   1.23102      6.976822      6.867322
   1.20171      7.096365      6.973943
   1.17240      7.184262      7.048793
   1.14309      7.217882      7.076325
   1.14309      7.073762      7.215453
   1.11378      7.046248      7.181870
   1.08447      6.971276      7.093848
   1.05516      6.864721      6.974368
   1.02585      6.740097      6.839534
   0.99654      6.606576      6.698562
   0.96723      6.470072      6.556808
   0.93792      6.334865      6.418006
   0.90861      6.204798      6.285654
   0.87930      6.084233      6.163898
   0.84999      5.979055      6.058476
   0.82068      5.897801      5.977704
   0.79137      5.851217      5.931799
   0.76206      5.848651      5.929197
   0.73275      5.891858      5.970936
   0.70344      5.973774      6.050006
   0.67413      6.083820      6.156327
   0.64482      6.212724      6.281073
   0.61551      6.353815      6.417828
   0.58620      6.502454      6.562083
   0.55689      6.655298      6.710555
   0.52758      6.809886      6.860809
   0.49827      6.964131      7.010770
   0.46896      7.116417      7.158834
   0.43965      7.265315      7.303585
   0.41034      7.409572      7.443782
   0.38103      7.548005      7.578272
   0.35172      7.679630      7.706115
   0.32241      7.803284      7.826261
   0.29310      7.891793      7.925557
   0.26379      7.780379      7.809891
   0.23448      7.674545      7.699978
   0.20517      7.578543      7.599685
   0.17586      7.493279      7.510035
   0.14655      7.419491      7.431945
   0.11724      7.358009      7.366499
   0.08793      7.309443      7.314535
   0.05862      7.274336      7.276814
   0.02931      7.253099      7.253933
   0.00000      7.246008      7.246283
 
# Band-Index:   21
   0.00000      8.495663      8.495775
   0.02931      8.489688      8.490002
   0.05862      8.471874      8.472793
   0.08793      8.442222      8.444169
   0.11724      8.400812      8.404173
   0.14655      8.347899      8.353056
   0.17586      8.283700      8.291018
   0.20517      8.208337      8.218121
   0.23448      8.122274      8.134815
   0.26379      8.026034      8.041513
   0.29310      7.923550      7.941596
   0.32241      8.020189      8.055527
   0.35172      8.151116      8.189049
   0.38103      8.289158      8.328934
   0.41034      8.433515      8.474500
   0.43965      8.583622      8.625236
   0.46896      8.738785      8.780484
   0.49827      8.898563      8.939894
   0.52758      9.062452      9.102983
   0.55689      9.229952      9.269345
   0.58620      9.400699      9.438687
   0.61551      9.574195      9.610578
   0.64482      9.750022      9.784691
   0.67413      9.927613      9.960531
   0.70344     10.105646     10.136857
   0.73275     10.278815     10.307844
   0.76206     10.345991     10.342069
   0.79137     10.160400     10.145266
   0.82068      9.952000      9.935060
   0.84999      9.743984      9.725757
   0.87930      9.538945      9.519220
   0.90861      9.338069      9.316325
   0.93792      9.142517      9.118010
   0.96723      8.953731      8.925364
   0.99654      8.773656      8.739897
   1.02585      8.605410      8.564142
   1.05516      8.454257      8.402773
   1.08447      8.328934      8.264522
   1.11378      8.242882      8.165418
   1.14309      8.211639      8.128094
   1.14309      8.131592      8.215300
   1.17240      8.168929      8.246575
   1.20171      8.268062      8.332669
   1.23102      8.406321      8.458020
   1.26033      8.567763      8.609259
   1.28964      8.743606      8.777618
   1.31895      8.929231      8.957875
   1.34826      9.122112      9.146931
   1.37757      9.320750      9.342861
   1.40688      9.524100      9.544288
   1.43619      9.731322      9.750168
   1.46550      9.941972      9.959853
   1.49481     10.155366     10.172409
   1.52412     10.368464     10.381457
   1.55343     10.317794     10.289337
   1.58274     10.138551     10.108396
   1.61205      9.959932      9.927972
   1.64136      9.783138      9.749348
   1.67067      9.608521      9.572960
   1.69998      9.436339      9.399136
   1.72929      9.266845      9.228208
   1.75860      9.100403      9.060600
   1.78791      8.937317      8.896687
   1.81722      8.778060      8.737022
   1.84653      8.622942      8.581969
   1.87584      8.472365      8.431997
   1.90515      8.326904      8.287717
   1.93446      8.187089      8.149690
   1.96377      8.053694      8.018722
   1.99308      7.937836      7.919372
   2.02239      8.040545      8.024994
   2.05170      8.134003      8.121512
   2.08101      8.217509      8.207812
   2.11032      8.290537      8.283356
   2.13963      8.352734      8.347724
   2.16894      8.403984      8.400782
   2.19825      8.444001      8.442231
   2.22756      8.472693      8.471958
   2.25687      8.489945      8.489837
   2.28618      8.495663      8.495775
   2.28618      8.495663      8.495775
   2.30253      8.505978      8.506079
   2.31888      8.535909      8.536013
   2.33523      8.583433      8.583536
   2.35158      8.645799      8.645909
   2.36793      8.720214      8.720332
   2.38428      8.804271      8.804393
   2.40063      8.896128      8.896261
   2.41698      8.994373      8.994523
   2.43333      9.097775      9.097935
   2.44968      9.205563      9.205732
   2.46603      9.317108      9.317291
   2.48238      9.431973      9.432159
   2.49873      9.549662      9.549843
   2.51508      9.669934      9.670139
   2.53143      9.792469      9.792690
   2.54778      9.917253      9.917500
   2.56413     10.043882     10.044148
   2.58048     10.172339     10.172606
   2.59683     10.302653     10.302927
   2.61318     10.434397     10.434689
   2.62953     10.567590     10.567902
   2.64588     10.702117     10.702449
   2.66222     10.837998     10.838372
   2.67857     10.974881     10.975278
   2.69492     11.112816     11.113239
   2.71127     11.251704     11.252154
   2.72762     11.391430     11.391907
   2.74397     11.531938     11.532436
   2.76032     11.673018     11.673548
   2.77667     11.814592     11.815155
   2.79302     11.956532     11.957134
   2.80937     12.098551     12.099193
   2.82572     12.241020     12.241696
   2.84207     12.383258     12.383986
   2.85842     12.525453     12.526243
   2.87477     12.667384     12.668265
   2.89112     12.808850     12.809863
   2.90747     12.949415     12.950764
   2.92382     13.076540     13.087552
   2.92382     11.646104     11.637795
   2.96991     11.618465     11.612187
   3.01599     11.577280     11.570655
   3.06207     11.538307     11.530220
   3.10815     11.504295     11.494379
   3.15423     11.476252     11.464387
   3.20031     11.455272     11.441509
   3.24639     11.442096     11.426713
   3.29248     11.437333     11.420832
   3.33856     11.441764     11.424813
   3.38464     11.455921     11.439309
   3.43072     11.480400     11.464864
   3.47680     11.515870     11.501999
   3.52288     11.563023     11.551167
   3.56896     11.622786     11.613060
   3.61504     11.696029     11.688303
   3.66113     11.783635     11.777552
   3.70721     11.885327     11.880111
   3.75329     11.971644     11.966116
   3.79937     11.820175     11.820716
   3.84545     11.600495     11.600919
   3.89153     11.356408     11.356551
   3.93761     11.096732     11.096610
   3.98370     10.827682     10.827280
   4.02978     10.554273     10.553558
   4.07586     10.280784     10.279708
   4.12194     10.011302     10.009832
   4.16802      9.749742      9.747841
   4.21410      9.500004      9.497634
   4.26018      9.266640      9.263825
   4.30627      9.054495      9.051271
   4.35235      8.869486      8.865988
   4.39843      8.717777      8.714233
   4.44451      8.605072      8.601817
   4.49059      8.532943      8.530325
   4.53667      8.496659      8.494877
   4.58275      8.485662      8.484673
   4.62884      8.487831      8.487436
   4.67492      8.493259      8.493236
   4.72100      8.495663      8.495775
   4.72100      8.495663      8.495775
   4.75469      8.500151      8.500000
   4.78838      8.513607      8.512713
   4.82207      8.536954      8.534895
   4.85576      8.570888      8.567325
   4.88945      8.616485      8.611167
   4.92314      8.674179      8.667014
   4.95683      8.744451      8.735450
   4.99052      8.827170      8.816447
   5.02421      8.921738      8.909534
   5.05790      9.027261      9.013865
   5.09159      9.142605      9.128349
   5.12528      9.266606      9.251854
   5.15896      9.397830      9.382959
   5.19265      9.535043      9.520421
   5.22634      9.676832      9.662825
   5.26003      9.821794      9.808766
   5.29372      9.968517      9.956847
   5.32741     10.115410     10.105492
   5.36110     10.260836     10.253128
   5.39479     10.402858     10.397922
   5.42848     10.539021     10.537571
   5.46217     10.665621     10.668697
   5.49586     10.775164     10.784594
   5.52955     10.842986     10.863018
   5.56324     10.801417     10.834264
   5.59693     10.665911     10.703507
   5.63062     10.509301     10.549626
   5.66431     10.354265     10.397259
   5.69800     10.207348     10.253141
   5.73169     10.071664     10.120347
   5.76538      9.949297     10.000886
   5.79907      9.841658      9.896101
   5.83276      9.749664      9.806822
   5.86645      9.673708      9.733358
   5.90014      9.613568      9.675409
   5.93383      9.568559      9.632206
   5.96752      9.537589      9.602594
   6.00121      9.519560      9.585405
   6.03490      9.513649      9.579779
   6.03490      9.574349      9.508359
   6.06820      9.580207      9.514569
   6.10151      9.598167      9.533552
   6.13482      9.628915      9.565934
   6.16813      9.673414      9.612587
   6.20143      9.732560      9.674305
   6.23474      9.806921      9.751552
   6.26805      9.896500      9.844231
   6.30135     10.000869      9.951829
   6.33466     10.118888     10.073146
   6.36797     10.248727     10.206295
   6.40127     10.387603     10.348469
   6.43458     10.530994     10.495219
   6.46789     10.670082     10.638028
   6.50119     10.784331     10.757296
   6.53450     10.834521     10.814905
   6.56781     10.799353     10.787415
   6.60112     10.707114     10.700943
   6.63442     10.586266     10.584308
   6.66773     10.450462     10.451710
   6.70104     10.306340     10.310083
   6.73434     10.157796     10.163508
   6.76765     10.007486     10.014739
   6.80096      9.857407      9.865832
   6.83426      9.709283      9.718540
   6.86757      9.564608      9.574374
   6.90088      9.424805      9.434761
   6.93418      9.291197      9.301024
   6.96749      9.165006      9.174423
   7.00080      9.047507      9.056234
   7.03410      8.939884      8.947693
   7.06741      8.843176      8.849891
   7.10072      8.758157      8.763684
   7.13403      8.685376      8.689692
   7.16733      8.624986      8.628145
   7.20064      8.576852      8.578976
   7.23395      8.540506      8.541770
   7.26725      8.515326      8.515955
   7.30056      8.500577      8.500807
   7.33387      8.495663      8.495775
   7.33387      8.495663      8.495775
   7.37705      8.482478      8.482576
   7.42023      8.443251      8.443345
   7.46341      8.379297      8.379365
   7.50659      8.292799      8.292859
   7.54977      8.186314      8.186348
   7.59295      8.062751      8.062723
   7.63614      7.975217      7.975007
   7.67932      8.175333      8.175628
   7.72250      8.391958      8.392311
   7.76568      8.621653      8.622036
   7.80886      8.861327      8.861744
   7.85204      9.107948      9.108395
   7.89522      9.358273      9.358742
   7.93840      9.609092      9.609590
   7.98158      9.856922      9.857476
   8.02477     10.097914     10.098504
   8.06795     10.328202     10.328830
   8.11113     10.543498     10.544149
   8.15431     10.739696     10.740344
   8.19749     10.912891     10.913503
   8.24067     11.059044     11.059572
   8.28385     11.175192     11.175551
   8.32703     11.213836     11.213697
   8.37022     11.084929     11.084724
   8.41340     10.963833     10.963616
   8.45658     10.853991     10.853759
   8.49976     10.753586     10.753331
   8.54294     10.661430     10.661143
   8.58612     10.577000     10.576672
   8.62930     10.500156     10.499774
   8.67248     10.430941     10.430488
   8.71566     10.369476     10.368933
   8.75885     10.315871     10.315210
   8.80203     10.270248     10.269437
   8.84521     10.232714     10.231710
   8.88839     10.203378     10.202139
   8.93157     10.182320     10.180834
   8.97475     10.169638     10.167946
   9.01793     10.165402     10.163629
 
# Band-Index:   22
   9.01793     10.911692     10.913763
   8.97475     10.917758     10.919669
   8.93157     10.935637     10.937164
   8.88839     10.964497     10.965584
   8.84521     11.003197     11.003890
   8.80203     11.050277     11.050642
   8.75885     11.103759     11.103854
   8.71566     11.161222     11.161083
   8.67248     11.219335     11.218994
   8.62930     11.274424     11.273907
   8.58612     11.322199     11.321531
   8.54294     11.358464     11.357695
   8.49976     11.379448     11.378676
   8.45658     11.382627     11.381955
   8.41340     11.366636     11.366172
   8.37022     11.329988     11.329810
   8.32703     11.276518     11.276574
   8.28385     11.381673     11.381462
   8.24067     11.555875     11.555655
   8.19749     11.752517     11.752288
   8.15431     11.969403     11.969157
   8.11113     12.203526     12.203241
   8.06795     12.451342     12.450984
   8.02477     12.709373     12.708826
   7.98158     12.973727     12.971502
   7.93840     13.082785     13.082076
   7.89522     13.155211     13.154868
   7.85204     13.238958     13.238724
   7.80886     13.334371     13.334197
   7.76568     13.441417     13.441283
   7.72250     13.559616     13.559515
   7.67932     13.687992     13.687916
   7.63614     13.824991     13.824939
   7.59295     13.968113     13.968077
   7.54977     14.113450     14.113426
   7.50659     14.255231     14.255214
   7.46341     14.385268     14.385254
   7.42023     14.492603     14.492591
   7.37705     14.564551     14.564531
   7.33387     14.589998     14.589977
   7.33387     14.589998     14.589977
   7.30056     14.583757     14.583747
   7.26725     14.564636     14.564620
   7.23395     14.531793     14.531718
   7.20064     14.484035     14.483769
   7.16733     14.420046     14.419361
   7.13403     14.338868     14.337438
   7.10072     14.240095     14.237542
   7.06741     14.124139     14.120107
   7.03410     13.992311     13.986503
   7.00080     13.846014     13.838265
   6.96749     13.687323     13.677579
   6.93418     13.518023     13.506328
   6.90088     13.340113     13.326590
   6.86757     13.155309     13.140107
   6.83426     12.965175     12.948494
   6.80096     12.771227     12.753213
   6.76765     12.574766     12.555551
   6.73434     12.377300     12.356971
   6.70104     12.180349     12.158951
   6.66773     11.986223     11.963764
   6.63442     11.797956     11.774449
   6.60112     11.621347     11.596906
   6.56781     11.468777     11.443828
   6.53450     11.367217     11.342305
   6.50119     11.343386     11.316688
   6.46789     11.374216     11.341711
   6.43458     11.418913     11.377861
   6.40127     11.456202     11.405279
   6.36797     11.477712     11.416675
   6.33466     11.481190     11.410735
   6.30135     11.467865     11.389391
   6.26805     11.441095     11.356365
   6.23474     11.405326     11.316113
   6.20143     11.365163     11.273021
   6.16813     11.325215     11.231375
   6.13482     11.289538     11.194862
   6.10151     11.261469     11.166474
   6.06820     11.243558     11.148492
   6.03490     11.237467     11.142384
   6.03490     11.147257     11.243049
   6.00121     11.152330     11.247955
   5.96752     11.167036     11.262080
   5.93383     11.189847     11.283726
   5.90014     11.218193     11.310097
   5.86645     11.248882     11.337711
   5.83276     11.278243     11.362628
   5.79907     11.302274     11.380676
   5.76538     11.317038     11.387917
   5.73169     11.319019     11.381064
   5.69800     11.305599     11.357932
   5.66431     11.275526     11.317857
   5.63062     11.229952     11.262583
   5.59693     11.174433     11.198337
   5.56324     11.131313     11.149764
   5.52955     11.174280     11.196685
   5.49586     11.319604     11.345040
   5.46217     11.500726     11.526109
   5.42848     11.694040     11.718517
   5.39479     11.892985     11.916326
   5.36110     12.094802     12.116909
   5.32741     12.297928     12.318769
   5.29372     12.500879     12.520392
   5.26003     12.702477     12.720565
   5.22634     12.901697     12.918226
   5.19265     13.097197     13.112038
   5.15896     13.287632     13.300636
   5.12528     13.471570     13.482608
   5.09159     13.647257     13.656236
   5.05790     13.812773     13.819665
   5.02421     13.965829     13.970703
   4.99052     14.104264     14.107339
   4.95683     14.226079     14.227683
   4.92314     14.329748     14.330298
   4.88945     14.414720     14.414655
   4.85576     14.481269     14.480961
   4.82207     14.530571     14.530267
   4.78838     14.564213     14.564024
   4.75469     14.583670     14.583597
   4.72100     14.589998     14.589977
   4.72100     14.589998     14.589977
   4.67492     14.565268     14.565207
   4.62884     14.495324     14.495170
   4.58275     14.391063     14.390828
   4.53667     14.264858     14.264598
   4.49059     14.127457     14.127245
   4.44451     13.986930     13.986834
   4.39843     13.848867     13.848939
   4.35235     13.716980     13.717265
   4.30627     13.593546     13.594079
   4.26018     13.479994     13.480797
   4.21410     13.376836     13.377918
   4.16802     13.284149     13.285539
   4.12194     13.201647     13.203385
   4.07586     13.128041     13.130256
   4.02978     13.054421     13.057644
   3.98370     12.876972     12.878015
   3.93761     12.674974     12.675563
   3.89153     12.486010     12.486385
   3.84545     12.313062     12.313320
   3.79937     12.159070     12.159727
   3.75329     12.059637     12.067950
   3.70721     12.173773     12.185730
   3.66113     12.269443     12.289374
   3.61504     12.314913     12.344364
   3.56896     12.318570     12.354504
   3.52288     12.294435     12.332664
   3.47680     12.254430     12.292144
   3.43072     12.207019     12.242709
   3.38464     12.157819     12.190610
   3.33856     12.109802     12.139096
   3.29248     12.063867     12.089277
   3.24639     12.019050     12.040431
   3.20031     11.974099     11.991584
   3.15423     11.927801     11.941735
   3.10815     11.879579     11.890448
   3.06207     11.829880     11.838242
   3.01599     11.779620     11.786125
   2.96991     11.731531     11.737495
   2.92382     11.701767     11.709709
   2.92382     13.103664     13.094189
   2.90747     13.229790     13.229979
   2.89112     13.367289     13.367830
   2.87477     13.503597     13.504285
   2.85842     13.638371     13.639166
   2.84207     13.771262     13.772140
   2.82572     13.902061     13.903026
   2.80937     14.030509     14.031558
   2.79302     14.156331     14.157476
   2.77667     14.279234     14.280499
   2.76032     14.399019     14.400442
   2.74397     14.515283     14.516941
   2.72762     14.627747     14.629812
   2.71127     14.735786     14.738759
   2.69492     14.836147     14.842949
   2.67857     14.875486     14.882208
   2.66222     14.856228     14.858928
   2.64588     14.834358     14.836079
   2.62953     14.812905     14.814170
   2.61318     14.792269     14.793258
   2.59683     14.772565     14.773362
   2.58048     14.753836     14.754490
   2.56413     14.736106     14.736648
   2.54778     14.719384     14.719834
   2.53143     14.703674     14.704045
   2.51508     14.688980     14.689283
   2.49873     14.675302     14.675552
   2.48238     14.662648     14.662852
   2.46603     14.651016     14.651179
   2.44968     14.640406     14.640532
   2.43333     14.630811     14.630906
   2.41698     14.622231     14.622300
   2.40063     14.614665     14.614712
   2.38428     14.608117     14.608145
   2.36793     14.602577     14.602591
   2.35158     14.598044     14.598047
   2.33523     14.594515     14.594509
   2.31888     14.592005     14.591989
   2.30253     14.590503     14.590482
   2.28618     14.589998     14.589977
   2.28618     14.589998     14.589977
   2.25687     14.583111     14.583056
   2.22756     14.562029     14.561921
   2.19825     14.525805     14.525685
   2.16894     14.473136     14.473143
   2.13963     14.402592     14.402978
   2.11032     14.313072     14.314183
   2.08101     14.204191     14.206390
   2.05170     14.076518     14.080138
   2.02239     13.931265     13.936543
   1.99308     13.770264     13.777302
   1.96377     13.595743     13.604522
   1.93446     13.409817     13.420227
   1.90515     13.214404     13.226289
   1.87584     13.011306     13.024469
   1.84653     12.802105     12.816331
   1.81722     12.588160     12.603250
   1.78791     12.370557     12.386318
   1.75860     12.150270     12.166521
   1.72929     11.928068     11.944675
   1.69998     11.704887     11.721723
   1.67067     11.481241     11.498215
   1.64136     11.257711     11.274782
   1.61205     11.034916     11.052060
   1.58274     10.813157     10.830426
   1.55343     10.593897     10.611386
   1.52412     10.506519     10.484452
   1.49481     10.686146     10.661902
   1.46550     10.869237     10.846022
   1.43619     11.052731     11.030421
   1.40688     11.235794     11.214059
   1.37757     11.417728     11.396110
   1.34826     11.596881     11.574827
   1.31895     11.771852     11.748671
   1.28964     11.940101     11.914958
   1.26033     12.097649     12.069602
   1.23102     12.238585     12.206710
   1.20171     12.354080     12.317829
   1.17240     12.431993     12.391938
   1.14309     12.459820     12.418189
   1.14309     12.415035     12.456044
   1.11378     12.389132     12.428645
   1.08447     12.316142     12.352007
   1.05516     12.206254     12.237901
   1.02585     12.070255     12.098182
   0.99654     11.916787     11.941885
   0.96723     11.751594     11.774772
   0.93792     11.578586     11.600640
   0.90861     11.400658     11.422255
   0.87930     11.219625     11.241286
   0.84999     11.037196     11.059293
   0.82068     10.854648     10.877339
   0.79137     10.674804     10.697559
   0.76206     10.520974     10.534413
   0.73275     10.623068     10.605474
   0.70344     10.834267     10.816420
   0.67413     11.053452     11.035825
   0.64482     11.275218     11.257744
   0.61551     11.497985     11.480653
   0.58620     11.721106     11.703959
   0.55689     11.943837     11.926964
   0.52758     12.165451     12.148950
   0.49827     12.385129     12.369146
   0.46896     12.602082     12.586799
   0.43965     12.815172     12.800770
   0.41034     13.023346     13.010029
   0.38103     13.225288     13.213262
   0.35172     13.419389     13.408857
   0.32241     13.603809     13.594932
   0.29310     13.776716     13.769604
   0.26379     13.936127     13.930781
   0.23448     14.079897     14.076222
   0.20517     14.206300     14.204061
   0.17586     14.314179     14.313041
   0.14655     14.403037     14.402623
   0.11724     14.473237     14.473200
   0.08793     14.525766     14.525855
   0.05862     14.561973     14.562041
   0.02931     14.583083     14.583095
   0.00000     14.589998     14.589977
 
# Band-Index:   23
   0.00000     15.979272     15.979343
   0.02931     15.970983     15.970368
   0.05862     15.947037     15.944516
   0.08793     15.909988     15.904740
   0.11724     15.863374     15.855073
   0.14655     15.810921     15.799703
   0.17586     15.755881     15.742211
   0.20517     15.700482     15.684955
   0.23448     15.645837     15.628995
   0.26379     15.592238     15.574428
   0.29310     15.539262     15.520519
   0.32241     15.486536     15.466596
   0.35172     15.433851     15.412220
   0.38103     15.381126     15.357159
   0.41034     15.328746     15.301781
   0.43965     15.277208     15.246655
   0.46896     15.227018     15.192350
   0.49827     15.178818     15.139670
   0.52758     15.132853     15.088931
   0.55689     15.089435     15.040586
   0.58620     15.048926     14.995065
   0.61551     15.011404     14.952531
   0.64482     14.976938     14.913118
   0.67413     14.945576     14.876927
   0.70344     14.916966     14.843640
   0.73275     14.891091     14.813307
   0.76206     14.867780     14.785765
   0.79137     14.846630     14.760670
   0.82068     14.827128     14.737622
   0.84999     14.808716     14.716190
   0.87930     14.789535     14.695001
   0.90861     14.764734     14.671034
   0.93792     14.715680     14.633002
   0.96723     14.611071     14.549793
   0.99654     14.473123     14.419145
   1.02585     14.333167     14.278168
   1.05516     14.205270     14.146609
   1.08447     14.100290     14.037110
   1.11378     14.029935     13.962843
   1.14309     14.004952     13.936263
   1.14309     13.925998     13.994814
   1.17240     13.953360     14.020446
   1.20171     14.029818     14.092627
   1.23102     14.142853     14.200547
   1.26033     14.279961     14.332897
   1.28964     14.431031     14.480370
   1.31895     14.584233     14.634495
   1.34826     14.677077     14.764029
   1.37757     14.699862     14.798333
   1.40688     14.716414     14.813142
   1.43619     14.733621     14.827351
   1.46550     14.752666     14.842927
   1.49481     14.773994     14.860461
   1.52412     14.797879     14.880281
   1.55343     14.824494     14.902569
   1.58274     14.854143     14.927697
   1.61205     14.886835     14.955696
   1.64136     14.922636     14.986644
   1.67067     14.961595     15.020657
   1.69998     15.003767     15.057811
   1.72929     15.048988     15.098019
   1.75860     15.096926     15.141021
   1.78791     15.147500     15.186831
   1.81722     15.200125     15.234972
   1.84653     15.254230     15.284988
   1.87584     15.309103     15.336298
   1.90515     15.364112     15.388357
   1.93446     15.418740     15.440698
   1.96377     15.472730     15.493026
   1.99308     15.526082     15.545212
   2.02239     15.579324     15.597537
   2.05170     15.633207     15.650438
   2.08101     15.688399     15.704297
   2.11032     15.744878     15.758892
   2.13963     15.801597     15.813123
   2.16894     15.856237     15.864816
   2.19825     15.905322     15.910815
   2.22756     15.944734     15.947451
   2.25687     15.970367     15.971141
   2.28618     15.979272     15.979343
   2.28618     15.979272     15.979343
   2.30253     15.977875     15.977951
   2.31888     15.973698     15.973794
   2.33523     15.966713     15.966840
   2.35158     15.956918     15.957075
   2.36793     15.944215     15.944408
   2.38428     15.928553     15.928782
   2.40063     15.909820     15.910083
   2.41698     15.887879     15.888172
   2.43333     15.862532     15.862850
   2.44968     15.833578     15.833914
   2.46603     15.800787     15.801135
   2.48238     15.763929     15.764279
   2.49873     15.722747     15.723095
   2.51508     15.677152     15.677489
   2.53143     15.626782     15.627099
   2.54778     15.571474     15.571752
   2.56413     15.511068     15.511296
   2.58048     15.445524     15.445687
   2.59683     15.374835     15.374904
   2.61318     15.298998     15.298928
   2.62953     15.218174     15.217877
   2.64588     15.132435     15.131740
   2.66222     15.042356     15.040748
   2.67857     14.951187     14.945629
   2.69492     14.914963     14.909399
   2.71127     14.936381     14.934724
   2.72762     14.962265     14.961603
   2.74397     14.989711     14.989550
   2.76032     15.018319     15.018501
   2.77667     15.047952     15.048416
   2.79302     15.078553     15.079281
   2.80937     15.110063     15.111061
   2.82572     15.142449     15.143748
   2.84207     15.175641     15.177298
   2.85842     15.209558     15.211690
   2.87477     15.244059     15.246907
   2.89112     15.278694     15.282807
   2.90747     15.311896     15.319173
   2.92382     15.331854     15.349431
   2.92382     13.738683     13.734834
   2.96991     13.699865     13.696047
   3.01599     13.622567     13.617896
   3.06207     13.530139     13.524185
   3.10815     13.431980     13.424545
   3.15423     13.335963     13.326659
   3.20031     13.248722     13.236826
   3.24639     13.175071     13.159557
   3.29248     13.116904     13.096430
   3.33856     13.072983     13.046165
   3.38464     13.039416     13.004965
   3.43072     13.010477     12.967789
   3.47680     12.980266     12.930371
   3.52288     12.944896     12.891408
   3.56896     12.905041     12.854362
   3.61504     12.866729     12.826788
   3.66113     12.839075     12.815253
   3.70721     12.829096     12.819952
   3.75329     12.836742     12.836418
   3.79937     12.857457     12.860706
   3.84545     12.887166     12.891128
   3.89153     12.923484     12.927074
   3.93761     12.966237     12.969141
   3.98370     13.016852     13.018859
   4.02978     13.112305     13.111781
   4.07586     13.331268     13.331485
   4.12194     13.569683     13.570157
   4.16802     13.817724     13.818366
   4.21410     14.072715     14.073478
   4.26018     14.331854     14.332765
   4.30627     14.591332     14.592395
   4.35235     14.846468     14.847711
   4.39843     15.091022     15.092473
   4.44451     15.317632     15.319267
   4.49059     15.518191     15.519911
   4.53667     15.685563     15.687169
   4.58275     15.815437     15.816687
   4.62884     15.907001     15.907745
   4.67492     15.961311     15.961581
   4.72100     15.979272     15.979343
   4.72100     15.979272     15.979343
   4.75469     15.969189     15.970047
   4.78838     15.940442     15.943461
   4.82207     15.897091     15.903147
   4.85576     15.844451     15.853816
   4.88945     15.787594     15.799949
   4.92314     15.730289     15.744817
   4.95683     15.674438     15.689932
   4.99052     15.619799     15.634820
   5.02421     15.564189     15.577292
   5.05790     15.504153     15.514225
   5.09159     15.436037     15.442661
   5.12528     15.357379     15.361109
   5.15896     15.267336     15.269498
   5.19265     15.167201     15.169486
   5.22634     15.058976     15.062972
   5.26003     14.944895     14.951880
   5.29372     14.827128     14.837981
   5.32741     14.707165     14.722407
   5.36110     14.586828     14.606602
   5.39479     14.467497     14.491611
   5.42848     14.350444     14.378337
   5.46217     14.237559     14.268310
   5.49586     14.130206     14.162535
   5.52955     14.030367     14.062764
   5.56324     13.940254     13.970953
   5.59693     13.861608     13.888751
   5.63062     13.796234     13.818041
   5.66431     13.744885     13.759891
   5.69800     13.708356     13.715688
   5.73169     13.685819     13.685289
   5.76538     13.675646     13.667787
   5.79907     13.675145     13.661075
   5.83276     13.681752     13.662899
   5.86645     13.692343     13.670181
   5.90014     13.704237     13.680068
   5.93383     13.715444     13.690245
   5.96752     13.724403     13.698804
   6.00121     13.730090     13.704387
   6.03490     13.732053     13.706344
   6.03490     13.709674     13.735378
   6.06820     13.704911     13.730699
   6.10151     13.690868     13.716843
   6.13482     13.668255     13.694269
   6.16813     13.638618     13.664181
   6.20143     13.604343     13.628583
   6.23474     13.568606     13.590268
   6.26805     13.534904     13.552436
   6.30135     13.508009     13.519748
   6.33466     13.492667     13.497131
   6.36797     13.492624     13.488857
   6.40127     13.510810     13.498652
   6.43458     13.548136     13.528395
   6.46789     13.604380     13.578681
   6.50119     13.677188     13.647636
   6.53450     13.764181     13.733008
   6.56781     13.862713     13.831978
   6.60112     13.969853     13.941332
   6.63442     14.083608     14.058652
   6.66773     14.202024     14.181578
   6.70104     14.323599     14.308194
   6.73434     14.447013     14.436776
   6.76765     14.571090     14.565816
   6.80096     14.694415     14.693595
   6.83426     14.816338     14.819110
   6.86757     14.935697     14.940981
   6.90088     15.051555     15.058041
   6.93418     15.162833     15.169056
   6.96749     15.268590     15.273163
   7.00080     15.368060     15.369787
   7.03410     15.460891     15.459162
   7.06741     15.547139     15.542101
   7.10072     15.627550     15.620113
   7.13403     15.702860     15.694390
   7.16733     15.773349     15.765293
   7.20064     15.838123     15.831619
   7.23395     15.894806     15.890477
   7.26725     15.939817     15.937677
   7.30056     15.969099     15.968577
   7.33387     15.979272     15.979343
   7.33387     15.979272     15.979343
   7.37705     15.963003     15.963112
   7.42023     15.913141     15.913314
   7.46341     15.827417     15.827597
   7.50659     15.703791     15.703928
   7.54977     15.542623     15.542685
   7.59295     15.347497     15.347496
   7.63614     15.124348     15.124311
   7.67932     14.879878     14.879829
   7.72250     14.620362     14.620320
   7.76568     14.351032     14.351008
   7.80886     14.076069     14.076080
   7.85204     13.798848     13.798914
   7.89522     13.521826     13.522003
   7.93840     13.247127     13.247675
   7.98158     13.024083     13.026173
   8.02477     12.972425     12.972876
   8.06795     12.932056     12.932456
   8.11113     12.900905     12.901674
   8.15431     12.875837     12.879177
   8.19749     12.765001     12.768370
   8.24067     12.612886     12.614655
   8.28385     12.496196     12.497865
   8.32703     12.417977     12.419892
   8.37022     12.378533     12.380863
   8.41340     12.376635     12.379450
   8.45658     12.410760     12.414077
   8.49976     12.479507     12.483369
   8.54294     12.580792     12.585432
   8.58612     12.709762     12.715954
   8.62930     12.847718     12.858358
   8.67248     12.897003     12.901696
   8.71566     12.868771     12.870189
   8.75885     12.787220     12.787527
   8.80203     12.633967     12.633793
   8.84521     12.419844     12.419493
   8.88839     12.191589     12.191113
   8.93157     11.994716     11.994082
   8.97475     11.862119     11.861319
   9.01793     11.815287     11.814414
 
# Band-Index:   24
   9.01793     13.318435     13.320052
   8.97475     13.321961     13.323645
   8.93157     13.334044     13.335958
   8.88839     13.361328     13.363721
   8.84521     13.417727     13.421311
   8.80203     13.526022     13.535093
   8.75885     13.470423     13.475546
   8.71566     13.267044     13.267812
   8.67248     13.078525     13.075389
   8.62930     12.959280     12.950008
   8.58612     12.936253     12.931358
   8.54294     12.923142     12.919768
   8.49976     12.909432     12.906769
   8.45658     12.895467     12.893179
   8.41340     12.882335     12.880279
   8.37022     12.871219     12.869330
   8.32703     12.863142     12.861355
   8.28385     12.859373     12.857578
   8.24067     12.860921     12.858861
   8.19749     12.870054     12.866321
   8.15431     12.961772     12.958041
   8.11113     13.177916     13.176802
   8.06795     13.423627     13.422960
   8.02477     13.692030     13.691536
   7.98158     13.977484     13.977082
   7.93840     14.273843     14.273505
   7.89522     14.574454     14.574175
   7.85204     14.872371     14.872147
   7.80886     15.160577     15.160422
   7.76568     15.432392     15.432345
   7.72250     15.681549     15.681683
   7.67932     15.903458     15.903965
   7.63614     16.095518     16.096871
   7.59295     16.256436     16.260159
   7.54977     16.380758     16.392682
   7.50659     16.432820     16.458137
   7.46341     16.407637     16.424356
   7.42023     16.369160     16.381739
   7.37705     16.340340     16.351365
   7.33387     16.329793     16.340425
   7.33387     16.329793     16.340425
   7.30056     16.326955     16.338541
   7.26725     16.317971     16.332150
   7.23395     16.301591     16.319147
   7.20064     16.276875     16.297329
   7.16733     16.244161     16.265863
   7.13403     16.205462     16.226117
   7.10072     16.163904     16.181195
   7.06741     16.122886     16.134895
   7.03410     16.085389     16.090923
   7.00080     16.052786     16.051550
   6.96749     16.025473     16.017958
   6.93418     16.002643     15.989887
   6.90088     15.983180     15.966481
   6.86757     15.965718     15.946414
   6.83426     15.948907     15.928232
   6.80096     15.931622     15.910654
   6.76765     15.913156     15.892793
   6.73434     15.892983     15.873955
   6.70104     15.870794     15.853653
   6.66773     15.846644     15.831796
   6.63442     15.820498     15.808205
   6.60112     15.792851     15.783257
   6.56781     15.763944     15.757108
   6.53450     15.734372     15.730279
   6.50119     15.704841     15.703463
   6.46789     15.676093     15.677399
   6.43458     15.649004     15.653061
   6.40127     15.624520     15.631501
   6.36797     15.603506     15.613752
   6.33466     15.586881     15.600950
   6.30135     15.575428     15.594098
   6.26805     15.569699     15.593977
   6.23474     15.569808     15.600836
   6.20143     15.575271     15.614169
   6.16813     15.584958     15.632588
   6.13482     15.596959     15.653568
   6.10151     15.608644     15.673394
   6.06820     15.617089     15.687679
   6.03490     15.620233     15.692966
   6.03490     15.702203     15.627748
   6.00121     15.696939     15.624488
   5.96752     15.682357     15.615404
   5.93383     15.661595     15.602434
   5.90014     15.638579     15.588177
   5.86645     15.616792     15.575108
   5.83276     15.598852     15.565198
   5.79907     15.586462     15.559843
   5.76538     15.580496     15.559813
   5.73169     15.581036     15.565252
   5.69800     15.587814     15.576047
   5.66431     15.600024     15.591612
   5.63062     15.616930     15.611400
   5.59693     15.637498     15.634560
   5.56324     15.660659     15.660191
   5.52955     15.685670     15.687632
   5.49586     15.711650     15.716069
   5.46217     15.737871     15.744782
   5.42848     15.763827     15.773235
   5.39479     15.789139     15.800971
   5.36110     15.813757     15.827837
   5.32741     15.837929     15.853947
   5.29372     15.862144     15.879600
   5.26003     15.887305     15.905483
   5.22634     15.914967     15.932859
   5.19265     15.947131     15.963425
   5.15896     15.986355     15.999450
   5.12528     16.035307     16.043530
   5.09159     16.095590     16.097612
   5.05790     16.167219     16.162511
   5.02421     16.247815     16.236911
   4.99052     16.333130     16.317838
   4.95683     16.414750     16.400703
   4.92314     16.451796     16.469534
   4.88945     16.424302     16.441993
   4.85576     16.392180     16.406511
   4.82207     16.365472     16.377949
   4.78838     16.345806     16.357193
   4.75469     16.333803     16.344613
   4.72100     16.329793     16.340425
   4.72100     16.329793     16.340425
   4.67492     16.338204     16.350478
   4.62884     16.357220     16.374728
   4.58275     16.365236     16.389298
   4.53667     16.329076     16.349973
   4.49059     16.242920     16.255184
   4.44451     16.126085     16.132776
   4.39843     15.988326     15.992050
   4.35235     15.830476     15.832608
   4.30627     15.650564     15.651823
   4.26018     15.448109     15.448840
   4.21410     15.224801     15.225157
   4.16802     14.985528     14.985544
   4.12194     14.737067     14.736746
   4.07586     14.487099     14.486379
   4.02978     14.243615     14.242402
   3.98370     14.014277     14.012450
   3.93761     13.806120     13.803554
   3.89153     13.625111     13.621730
   3.84545     13.475998     13.471958
   3.79937     13.361893     13.357961
   3.75329     13.284274     13.282333
   3.70721     13.242192     13.245209
   3.66113     13.232574     13.243440
   3.61504     13.249259     13.268719
   3.56896     13.284889     13.310998
   3.52288     13.333854     13.362948
   3.47680     13.393745     13.422048
   3.43072     13.462926     13.487883
   3.38464     13.538248     13.559083
   3.33856     13.614595     13.631749
   3.29248     13.687042     13.701446
   3.24639     13.751859     13.764305
   3.20031     13.805257     13.816336
   3.15423     13.845059     13.855017
   3.10815     13.869466     13.878221
   3.06207     13.877584     13.884945
   3.01599     13.869009     13.874842
   2.96991     13.845186     13.849906
   2.92382     13.824828     13.829433
   2.92382     15.381643     15.365615
   2.90747     15.402255     15.396531
   2.89112     15.437441     15.434885
   2.87477     15.475318     15.474047
   2.85842     15.514303     15.513766
   2.84207     15.553969     15.553939
   2.82572     15.594107     15.594473
   2.80937     15.634571     15.635273
   2.79302     15.675257     15.676264
   2.77667     15.716054     15.717346
   2.76032     15.756841     15.758413
   2.74397     15.797499     15.799350
   2.72762     15.837906     15.840042
   2.71127     15.877942     15.880372
   2.69492     15.917484     15.920215
   2.67857     15.956343     15.959400
   2.66222     15.994374     15.997780
   2.64588     16.031417     16.035192
   2.62953     16.067297     16.071473
   2.61318     16.101811     16.106418
   2.59683     16.134755     16.139829
   2.58048     16.165891     16.171471
   2.56413     16.195012     16.201147
   2.54778     16.221823     16.228530
   2.53143     16.246081     16.253381
   2.51508     16.267571     16.275480
   2.49873     16.286097     16.294605
   2.48238     16.301535     16.310610
   2.46603     16.313871     16.323452
   2.44968     16.323172     16.333179
   2.43333     16.329660     16.339995
   2.41698     16.333667     16.344230
   2.40063     16.335618     16.346315
   2.38428     16.336000     16.346758
   2.36793     16.335281     16.346046
   2.35158     16.333938     16.344678
   2.33523     16.332401     16.343102
   2.31888     16.331029     16.341693
   2.30253     16.330097     16.340736
   2.28618     16.329793     16.340425
   2.28618     16.329793     16.340425
   2.25687     16.332120     16.342266
   2.22756     16.338913     16.347606
   2.19825     16.349391     16.355618
   2.16894     16.362289     16.364965
   2.13963     16.375592     16.373650
   2.11032     16.386453     16.379309
   2.08101     16.391528     16.379987
   2.05170     16.388859     16.375575
   2.02239     16.379859     16.368231
   1.99308     16.368446     16.361046
   1.96377     16.358788     16.356933
   1.93446     16.353684     16.357721
   1.90515     16.354588     16.364305
   1.87584     16.361638     16.376581
   1.84653     16.374246     16.393869
   1.81722     16.391423     16.415186
   1.78791     16.411841     16.439218
   1.75860     16.433773     16.464199
   1.72929     16.454824     16.487190
   1.69998     16.461486     16.482608
   1.67067     16.388333     16.402125
   1.64136     16.284421     16.300104
   1.61205     16.167379     16.185421
   1.58274     16.039161     16.059612
   1.55343     15.901104     15.923962
   1.52412     15.754643     15.779878
   1.49481     15.601081     15.628688
   1.46550     15.441631     15.471638
   1.43619     15.277753     15.310265
   1.40688     15.111131     15.146434
   1.37757     14.944254     14.983489
   1.34826     14.785478     14.841843
   1.31895     14.700774     14.799491
   1.28964     14.683201     14.788663
   1.26033     14.674240     14.782199
   1.23102     14.668336     14.777891
   1.20171     14.664316     14.774923
   1.17240     14.662158     14.773396
   1.14309     14.661329     14.772773
   1.14309     14.775098     14.664747
   1.11378     14.775813     14.665718
   1.08447     14.778442     14.669151
   1.05516     14.783129     14.675315
   1.02585     14.790673     14.685393
   0.99654     14.803541     14.703237
   0.96723     14.829583     14.742331
   0.93792     14.895897     14.835641
   0.90861     15.021795     14.978137
   0.87930     15.173906     15.136715
   0.84999     15.332200     15.298741
   0.82068     15.490112     15.459533
   0.79137     15.644795     15.616767
   0.76206     15.794091     15.768468
   0.73275     15.936426     15.913129
   0.70344     16.070038     16.048967
   0.67413     16.192848     16.173786
   0.64482     16.301276     16.283438
   0.61551     16.387230     16.367835
   0.58620     16.433397     16.408121
   0.55689     16.438149     16.409741
   0.52758     16.423338     16.395532
   0.49827     16.401932     16.376372
   0.46896     16.379008     16.356558
   0.43965     16.357289     16.338588
   0.41034     16.338440     16.324054
   0.38103     16.323706     16.314172
   0.35172     16.313821     16.309584
   0.32241     16.308967     16.310281
   0.29310     16.308815     16.315608
   0.26379     16.312411     16.324127
   0.23448     16.318171     16.333705
   0.20517     16.324335     16.342138
   0.17586     16.329353     16.347736
   0.14655     16.332344     16.349883
   0.11724     16.333263     16.349088
   0.08793     16.332650     16.346518
   0.05862     16.331364     16.343522
   0.02931     16.330215     16.341237
   0.00000     16.329793     16.340425
 
# Band-Index:   25
   0.00000     16.776932     16.743287
   0.02931     16.778258     16.744694
   0.05862     16.782027     16.748779
   0.08793     16.787565     16.755027
   0.11724     16.794026     16.762800
   0.14655     16.800787     16.771578
   0.17586     16.808011     16.781422
   0.20517     16.816201     16.792728
   0.23448     16.825801     16.805872
   0.26379     16.836472     16.820385
   0.29310     16.846744     16.834473
   0.32241     16.854794     16.845892
   0.35172     16.858581     16.852254
   0.38103     16.856143     16.851431
   0.41034     16.845774     16.841712
   0.43965     16.826080     16.821793
   0.46896     16.796040     16.790734
   0.49827     16.755320     16.748273
   0.52758     16.704619     16.694958
   0.55689     16.647038     16.633281
   0.58620     16.594006     16.572671
   0.61551     16.565962     16.534756
   0.64482     16.560300     16.524148
   0.67413     16.559348     16.521742
   0.70344     16.555082     16.517524
   0.73275     16.545064     16.508441
   0.76206     16.528984     16.493876
   0.79137     16.507613     16.474365
   0.82068     16.482217     16.450983
   0.84999     16.454226     16.425009
   0.87930     16.425021     16.397719
   0.90861     16.395893     16.370351
   0.93792     16.367915     16.343942
   0.96723     16.342019     16.319404
   0.99654     16.318949     16.297476
   1.02585     16.299303     16.278757
   1.05516     16.283552     16.263721
   1.08447     16.272065     16.252742
   1.11378     16.265078     16.246058
   1.14309     16.262740     16.243819
   1.14309     16.256523     16.275108
   1.17240     16.258752     16.277440
   1.20171     16.265377     16.284370
   1.23102     16.276250     16.295756
   1.26033     16.291137     16.311365
   1.28964     16.309656     16.330822
   1.31895     16.331336     16.353660
   1.34826     16.355572     16.379273
   1.37757     16.381622     16.406916
   1.40688     16.408553     16.435647
   1.43619     16.435276     16.464337
   1.46550     16.460561     16.491701
   1.49481     16.483070     16.516304
   1.52412     16.501423     16.536622
   1.55343     16.514303     16.551158
   1.58274     16.520797     16.558802
   1.61205     16.520506     16.558980
   1.64136     16.513749     16.551880
   1.67067     16.502387     16.539002
   1.69998     16.503756     16.529064
   1.72929     16.567843     16.577558
   1.75860     16.630330     16.637473
   1.78791     16.679184     16.684884
   1.81722     16.713771     16.718762
   1.84653     16.734387     16.739443
   1.87584     16.742057     16.747978
   1.90515     16.738539     16.746017
   1.93446     16.726238     16.735702
   1.96377     16.708330     16.719779
   1.99308     16.688472     16.701244
   2.02239     16.671293     16.683775
   2.05170     16.661417     16.670877
   2.08101     16.662823     16.665943
   2.11032     16.675716     16.670208
   2.13963     16.696688     16.682331
   2.16894     16.720757     16.698913
   2.19825     16.743427     16.716038
   2.22756     16.761514     16.730482
   2.25687     16.773016     16.739992
   2.28618     16.776932     16.743287
   2.28618     16.776932     16.743287
   2.30253     16.777932     16.744067
   2.31888     16.780888     16.746375
   2.33523     16.785806     16.750204
   2.35158     16.792683     16.755541
   2.36793     16.801504     16.762367
   2.38428     16.812255     16.770675
   2.40063     16.824913     16.780471
   2.41698     16.839475     16.791798
   2.43333     16.855895     16.804711
   2.44968     16.874121     16.819294
   2.46603     16.894081     16.835658
   2.48238     16.915562     16.853839
   2.49873     16.938192     16.873849
   2.51508     16.961429     16.895625
   2.53143     16.984698     16.919064
   2.54778     17.007880     16.944003
   2.56413     17.031202     16.970221
   2.58048     17.055014     16.997541
   2.59683     17.079445     17.025640
   2.61318     17.104485     17.054246
   2.62953     17.130076     17.083179
   2.64588     17.156087     17.112233
   2.66222     17.182450     17.141238
   2.67857     17.208890     17.170012
   2.69492     17.235313     17.198382
   2.71127     17.261580     17.226197
   2.72762     17.287550     17.253368
   2.74397     17.313107     17.279773
   2.76032     17.338047     17.305173
   2.77667     17.362264     17.329437
   2.79302     17.385568     17.352410
   2.80937     17.407825     17.373881
   2.82572     17.428975     17.393771
   2.84207     17.448458     17.411509
   2.85842     17.466115     17.426889
   2.87477     17.481546     17.439574
   2.89112     17.493884     17.449153
   2.90747     17.502073     17.455067
   2.92382     17.504978     17.457072
   2.92382     16.841679     16.869117
   2.96991     16.698797     16.699602
   3.01599     16.535392     16.532657
   3.06207     16.389373     16.384440
   3.10815     16.263472     16.256913
   3.15423     16.155721     16.147984
   3.20031     16.062314     16.053782
   3.24639     15.979613     15.970556
   3.29248     15.905112     15.895708
   3.33856     15.838149     15.828521
   3.38464     15.780134     15.770386
   3.43072     15.735891     15.726176
   3.47680     15.712910     15.703410
   3.52288     15.720008     15.710979
   3.56896     15.766603     15.758196
   3.61504     15.858422     15.850710
   3.66113     15.996155     15.989067
   3.70721     16.175077     16.168371
   3.75329     16.385349     16.378738
   3.79937     16.613795     16.606873
   3.84545     16.845320     16.837468
   3.89153     17.063179     17.051910
   3.93761     17.171449     17.162260
   3.98370     17.135461     17.133521
   4.02978     17.101196     17.100361
   4.07586     17.072460     17.071728
   4.12194     17.048268     17.047156
   4.16802     17.026375     17.024443
   4.21410     17.003434     17.000112
   4.26018     16.976061     16.970686
   4.30627     16.940690     16.932425
   4.35235     16.895488     16.883409
   4.39843     16.840528     16.823566
   4.44451     16.779357     16.756175
   4.49059     16.720324     16.688778
   4.53667     16.680693     16.638476
   4.58275     16.683636     16.637048
   4.62884     16.722702     16.682150
   4.67492     16.761692     16.726333
   4.72100     16.776932     16.743287
   4.72100     16.776932     16.743287
   4.75469     16.772048     16.737109
   4.78838     16.754658     16.717137
   4.82207     16.720325     16.681143
   4.85576     16.668497     16.629113
   4.88945     16.603491     16.564121
   4.92314     16.538677     16.504040
   4.95683     16.537982     16.541143
   4.99052     16.585304     16.596961
   5.02421     16.643367     16.659131
   5.05790     16.707463     16.726462
   5.09159     16.776090     16.798065
   5.12528     16.848297     16.873152
   5.15896     16.922897     16.950570
   5.19265     16.998814     17.029234
   5.22634     17.074586     17.107644
   5.26003     17.148405     17.183930
   5.29372     17.217951     17.255652
   5.32741     17.280198     17.319580
   5.36110     17.331375     17.371534
   5.39479     17.367438     17.406887
   5.42848     17.385303     17.422054
   5.46217     17.384326     17.416635
   5.49586     17.367504     17.394514
   5.52955     17.339019     17.360727
   5.56324     17.302744     17.319603
   5.59693     17.261278     17.273946
   5.63062     17.216066     17.225299
   5.66431     17.167766     17.174441
   5.69800     17.116569     17.121698
   5.73169     17.062303     17.067093
   5.76538     17.004982     17.010806
   5.79907     16.944980     16.953345
   5.83276     16.883141     16.895578
   5.86645     16.821153     16.839100
   5.90014     16.761688     16.786234
   5.93383     16.708346     16.739935
   5.96752     16.665241     16.703350
   6.00121     16.637052     16.679859
   6.03490     16.627178     16.671720
   6.03490     16.657876     16.613602
   6.06820     16.666721     16.624344
   6.10151     16.692496     16.655274
   6.13482     16.732285     16.702119
   6.16813     16.782532     16.759879
   6.20143     16.839645     16.823895
   6.23474     16.900452     16.890317
   6.26805     16.962572     16.956446
   6.30135     17.024697     17.020893
   6.33466     17.086085     17.083001
   6.36797     17.146613     17.142861
   6.40127     17.206504     17.200911
   6.43458     17.266134     17.257741
   6.46789     17.325893     17.313909
   6.50119     17.385783     17.369520
   6.53450     17.445664     17.424457
   6.56781     17.504733     17.477871
   6.60112     17.561669     17.528328
   6.63442     17.614229     17.573420
   6.66773     17.658983     17.609542
   6.70104     17.690899     17.631650
   6.73434     17.703340     17.633757
   6.76765     17.689477     17.610879
   6.80096     17.646613     17.562818
   6.83426     17.579733     17.495003
   6.86757     17.498100     17.414916
   6.90088     17.409390     17.328777
   6.93418     17.318728     17.241096
   6.96749     17.229514     17.155000
   7.00080     17.144326     17.072966
   7.03410     17.065184     16.996950
   7.06741     16.993779     16.928688
   7.10072     16.931555     16.869776
   7.13403     16.879765     16.821697
   7.16733     16.839300     16.785604
   7.20064     16.810385     16.761794
   7.23395     16.792110     16.748970
   7.26725     16.782291     16.744061
   7.30056     16.778045     16.743199
   7.33387     16.776932     16.743287
   7.33387     16.776932     16.743287
   7.37705     16.763042     16.730733
   7.42023     16.721137     16.691692
   7.46341     16.655673     16.627019
   7.50659     16.587252     16.553994
   7.54977     16.576609     16.559585
   7.59295     16.613848     16.606922
   7.63614     16.658485     16.655132
   7.67932     16.702457     16.700689
   7.72250     16.745237     16.744262
   7.76568     16.787618     16.787064
   7.80886     16.830573     16.830252
   7.85204     16.875005     16.874801
   7.89522     16.921342     16.921197
   7.93840     16.969958     16.969850
   7.98158     17.021133     17.021093
   8.02477     17.074246     17.074225
   8.06795     17.129653     17.129664
   8.11113     17.186633     17.186661
   8.15431     17.244260     17.244269
   8.19749     17.301147     17.301147
   8.24067     17.353282     17.353174
   8.28385     17.388183     17.387780
   8.32703     17.355756     17.354814
   8.37022     17.166976     17.166199
   8.41340     16.861956     16.861536
   8.45658     16.498962     16.498743
   8.49976     16.102017     16.101869
   8.54294     15.685249     15.685097
   8.58612     15.260505     15.260318
   8.62930     14.839191     14.838901
   8.67248     14.434380     14.433840
   8.71566     14.065375     14.064152
   8.75885     13.764407     13.759872
   8.80203     13.717069     13.709007
   8.84521     13.935415     13.932933
   8.88839     14.166361     14.165172
   8.93157     14.398034     14.397428
   8.97475     14.618049     14.617893
   9.01793     14.748572     14.748922
 
# Band-Index:   26
   9.01793     15.076016     15.074836
   8.97475     15.207136     15.206430
   8.93157     15.429400     15.428970
   8.88839     15.664877     15.664630
   8.84521     15.903198     15.903105
   8.80203     16.141674     16.141721
   8.75885     16.379463     16.379649
   8.71566     16.615726     16.616097
   8.67248     16.849608     16.850189
   8.62930     17.081095     17.081972
   8.58612     17.308390     17.309814
   8.54294     17.529876     17.532559
   8.49976     17.734208     17.743968
   8.45658     17.761119     17.766703
   8.41340     17.713761     17.716885
   8.37022     17.682730     17.685414
   8.32703     17.720701     17.723135
   8.28385     17.862846     17.864452
   8.24067     18.018675     18.019750
   8.19749     18.140117     18.140924
   8.15431     18.219485     18.220139
   8.11113     18.258921     18.259482
   8.06795     18.262819     18.263311
   8.02477     18.235973     18.236392
   7.98158     18.182971     18.183336
   7.93840     18.107550     18.107843
   7.89522     18.014243     18.014518
   7.85204     17.906461     17.906741
   7.80886     17.787959     17.788276
   7.76568     17.663240     17.663657
   7.72250     17.536285     17.536932
   7.67932     17.412185     17.413213
   7.63614     17.296211     17.297927
   7.59295     17.193412     17.196209
   7.54977     17.107760     17.112286
   7.50659     17.041408     17.048572
   7.46341     16.994126     17.005030
   7.42023     16.964333     16.979904
   7.37705     16.949561     16.969316
   7.33387     16.945591     16.966996
   7.33387     16.945591     16.966996
   7.30056     16.952427     16.973821
   7.26725     16.972082     16.993398
   7.23395     17.002428     17.023475
   7.20064     17.040993     17.061491
   7.16733     17.085710     17.105338
   7.13403     17.135146     17.153596
   7.10072     17.188453     17.205461
   7.06741     17.245196     17.260539
   7.03410     17.305220     17.318709
   7.00080     17.368576     17.380030
   6.96749     17.434952     17.444131
   6.93418     17.504186     17.510857
   6.90088     17.575785     17.579685
   6.86757     17.648686     17.649659
   6.83426     17.721774     17.719798
   6.80096     17.794511     17.789311
   6.76765     17.868347     17.859052
   6.73434     17.943595     17.929902
   6.70104     18.018014     18.000855
   6.66773     18.088879     18.069631
   6.63442     18.153467     18.133269
   6.60112     18.209585     18.189299
   6.56781     18.255173     18.235495
   6.53450     18.288652     18.270085
   6.50119     18.309393     18.292193
   6.46789     18.317247     18.301305
   6.43458     18.312529     18.297351
   6.40127     18.296814     18.281548
   6.36797     18.272165     18.255786
   6.33466     18.241422     18.223058
   6.30135     18.207644     18.186782
   6.26805     18.173816     18.150396
   6.23474     18.142504     18.116848
   6.20143     18.115321     18.087956
   6.16813     18.093418     18.064916
   6.13482     18.077079     18.047917
   6.10151     18.065987     18.036501
   6.06820     18.059615     18.030000
   6.03490     18.057569     18.027924
   6.03490     18.043233     18.072627
   6.00121     18.042525     18.071791
   5.96752     18.040626     18.069547
   5.93383     18.038305     18.066732
   5.90014     18.036204     18.064045
   5.86645     18.034893     18.062112
   5.83276     18.034471     18.061061
   5.79907     18.034563     18.060557
   5.76538     18.034180     18.059659
   5.73169     18.032278     18.057372
   5.69800     18.027694     18.052535
   5.66431     18.019328     18.044021
   5.63062     18.006816     18.031359
   5.59693     17.989829     18.014111
   5.56324     17.968943     17.992725
   5.52955     17.945573     17.968539
   5.49586     17.922342     17.944263
   5.46217     17.902590     17.923659
   5.42848     17.890302     17.911583
   5.39479     17.887232     17.910825
   5.36110     17.891492     17.919976
   5.32741     17.896828     17.932581
   5.29372     17.893998     17.938704
   5.26003     17.872813     17.926255
   5.22634     17.826531     17.884979
   5.19265     17.756737     17.814878
   5.15896     17.671559     17.726227
   5.12528     17.579365     17.629729
   5.09159     17.486037     17.532273
   5.05790     17.395335     17.437901
   5.02421     17.309543     17.348928
   4.99052     17.230331     17.267024
   4.95683     17.158852     17.193359
   4.92314     17.096102     17.128866
   4.88945     17.043002     17.074398
   4.85576     17.000716     17.030885
   4.82207     16.970631     16.999174
   4.78838     16.953423     16.979334
   4.75469     16.946836     16.969669
   4.72100     16.945591     16.966996
   4.72100     16.945591     16.966996
   4.67492     16.955029     16.976628
   4.62884     16.982595     17.004604
   4.58275     17.026435     17.048734
   4.53667     17.084505     17.106720
   4.49059     17.155095     17.176649
   4.44451     17.236019     17.256309
   4.39843     17.323623     17.342172
   4.35235     17.412648     17.429151
   4.30627     17.495222     17.509545
   4.26018     17.564193     17.576164
   4.21410     17.613575     17.622923
   4.16802     17.639909     17.646508
   4.12194     17.639261     17.643161
   4.07586     17.606997     17.608572
   4.02978     17.536417     17.536420
   3.98370     17.423069     17.423043
   3.93761     17.271577     17.278270
   3.89153     17.233688     17.242402
   3.84545     17.285193     17.290714
   3.79937     17.343661     17.348534
   3.75329     17.405147     17.409948
   3.70721     17.466206     17.471158
   3.66113     17.522002     17.527151
   3.61504     17.565000     17.570288
   3.56896     17.584872     17.590132
   3.52288     17.572311     17.577301
   3.47680     17.527144     17.531639
   3.43072     17.461588     17.465478
   3.38464     17.392025     17.395330
   3.33856     17.330607     17.333431
   3.29248     17.284514     17.287049
   3.24639     17.256759     17.259222
   3.20031     17.246524     17.249112
   3.15423     17.248555     17.251409
   3.10815     17.251679     17.254732
   3.06207     17.234949     17.237682
   3.01599     17.170249     17.171530
   2.96991     17.046344     17.044183
   2.92382     16.913198     16.884352
   2.92382     17.592904     17.633146
   2.90747     17.594020     17.633376
   2.89112     17.596712     17.633850
   2.87477     17.599769     17.634212
   2.85842     17.601848     17.633669
   2.84207     17.601920     17.631644
   2.82572     17.598851     17.627055
   2.80937     17.591685     17.618905
   2.79302     17.579426     17.606087
   2.77667     17.561341     17.587830
   2.76032     17.537205     17.563758
   2.74397     17.507457     17.534328
   2.72762     17.473052     17.500582
   2.71127     17.435290     17.463771
   2.69492     17.395323     17.425102
   2.67857     17.354099     17.385580
   2.66222     17.312404     17.345982
   2.64588     17.270927     17.306859
   2.62953     17.230188     17.268911
   2.61318     17.190600     17.232394
   2.59683     17.152551     17.197607
   2.58048     17.116359     17.164764
   2.56413     17.082597     17.134151
   2.54778     17.051806     17.105841
   2.53143     17.024649     17.079989
   2.51508     17.001730     17.056773
   2.49873     16.983109     17.036205
   2.48238     16.968477     17.018526
   2.46603     16.957326     17.003709
   2.44968     16.949233     16.991712
   2.43333     16.943821     16.982444
   2.41698     16.940676     16.975673
   2.40063     16.939328     16.971039
   2.38428     16.939360     16.968241
   2.36793     16.940283     16.966802
   2.35158     16.941671     16.966298
   2.33523     16.943152     16.966343
   2.31888     16.944441     16.966631
   2.30253     16.945295     16.966893
   2.28618     16.945591     16.966996
   2.28618     16.945591     16.966996
   2.25687     16.948262     16.969873
   2.22756     16.956221     16.978431
   2.19825     16.969387     16.992503
   2.16894     16.987547     17.011827
   2.13963     17.010402     17.036113
   2.11032     17.037609     17.065066
   2.08101     17.068804     17.098379
   2.05170     17.103646     17.135809
   2.02239     17.141928     17.177157
   1.99308     17.183326     17.222100
   1.96377     17.227785     17.270427
   1.93446     17.274962     17.321558
   1.90515     17.324351     17.374575
   1.87584     17.374711     17.427741
   1.84653     17.424038     17.478446
   1.81722     17.469565     17.523311
   1.78791     17.508273     17.558954
   1.75860     17.537974     17.583433
   1.72929     17.558471     17.597505
   1.69998     17.571914     17.604522
   1.67067     17.581768     17.608858
   1.64136     17.591930     17.614900
   1.61205     17.605788     17.626219
   1.58274     17.625782     17.645222
   1.55343     17.653389     17.673221
   1.52412     17.688999     17.710374
   1.49481     17.732150     17.755963
   1.46550     17.781873     17.808788
   1.43619     17.836744     17.867243
   1.40688     17.895187     17.929619
   1.37757     17.955468     17.994075
   1.34826     18.015711     18.058650
   1.31895     18.074022     18.121338
   1.28964     18.128388     18.179994
   1.26033     18.176728     18.232357
   1.23102     18.217025     18.276185
   1.20171     18.247435     18.309375
   1.17240     18.266352     18.330083
   1.14309     18.272737     18.337086
   1.14309     18.320033     18.256293
   1.11378     18.313075     18.249937
   1.08447     18.292693     18.231298
   1.05516     18.260085     18.201404
   1.02585     18.216943     18.161704
   0.99654     18.165344     18.114037
   0.96723     18.107497     18.060392
   0.93792     18.045585     18.002766
   0.90861     17.981736     17.943158
   0.87930     17.917963     17.883473
   0.84999     17.856171     17.825525
   0.82068     17.798136     17.770975
   0.79137     17.745589     17.721426
   0.76206     17.700009     17.678178
   0.73275     17.662535     17.642137
   0.70344     17.633771     17.613663
   0.67413     17.613391     17.592195
   0.64482     17.599955     17.576135
   0.61551     17.590770     17.562760
   0.58620     17.582010     17.548433
   0.55689     17.569225     17.529201
   0.52758     17.548162     17.501698
   0.49827     17.515753     17.463947
   0.46896     17.471804     17.416553
   0.43965     17.418479     17.361884
   0.41034     17.359318     17.303244
   0.38103     17.297887     17.243903
   0.35172     17.237176     17.186618
   0.32241     17.179453     17.133553
   0.29310     17.126347     17.086247
   0.26379     17.078951     17.045647
   0.23448     17.038037     17.012343
   0.20517     17.004295     16.986887
   0.17586     16.978328     16.969658
   0.14655     16.960330     16.960278
   0.11724     16.949989     16.957729
   0.08793     16.945600     16.959523
   0.05862     16.944767     16.962962
   0.02931     16.945255     16.965883
   0.00000     16.945591     16.966996
 
# Band-Index:   27
   0.00000     17.774516     17.775535
   0.02931     17.781258     17.782656
   0.05862     17.801089     17.803605
   0.08793     17.832430     17.836674
   0.11724     17.873183     17.879562
   0.14655     17.920513     17.929181
   0.17586     17.971378     17.982237
   0.20517     18.022595     18.035339
   0.23448     18.071072     18.085259
   0.26379     18.114013     18.129160
   0.29310     18.149208     18.164883
   0.32241     18.175850     18.191751
   0.35172     18.194273     18.210196
   0.38103     18.206495     18.222235
   0.41034     18.215894     18.231078
   0.43965     18.227147     18.241054
   0.46896     18.245704     18.257088
   0.49827     18.276931     18.284116
   0.52758     18.325030     18.326343
   0.55689     18.391551     18.385909
   0.58620     18.475670     18.462891
   0.61551     18.574758     18.555326
   0.64482     18.685866     18.660574
   0.67413     18.806337     18.776013
   0.70344     18.933720     18.899114
   0.73275     19.065983     19.027739
   0.76206     19.201174     19.159841
   0.79137     19.337313     19.293421
   0.82068     19.472270     19.426391
   0.84999     19.603687     19.556509
   0.87930     19.728806     19.681215
   0.90861     19.844562     19.797718
   0.93792     19.947686     19.903068
   0.96723     20.035236     19.994535
   0.99654     20.105171     20.070014
   1.02585     20.157110     20.128626
   1.05516     20.192506     20.170914
   1.08447     20.214259     20.198653
   1.11378     20.225645     20.214096
   1.14309     20.229120     20.219004
   1.14309     20.226525     20.235090
   1.17240     20.221715     20.231755
   1.20171     20.206476     20.220694
   1.23102     20.178968     20.199361
   1.26033     20.136855     20.164364
   1.28964     20.078285     20.112693
   1.31895     20.002659     20.042805
   1.34826     19.910893     19.955111
   1.37757     19.805131     19.851695
   1.40688     19.688153     19.735560
   1.43619     19.562944     19.610014
   1.46550     19.432353     19.478194
   1.49481     19.298901     19.342826
   1.52412     19.164877     19.206318
   1.55343     19.032335     19.070761
   1.58274     18.903266     18.938136
   1.61205     18.779652     18.810345
   1.64136     18.663584     18.689347
   1.67067     18.557464     18.577451
   1.69998     18.463926     18.477284
   1.72929     18.385643     18.391783
   1.75860     18.324732     18.323711
   1.78791     18.281523     18.274359
   1.81722     18.254021     18.242453
   1.84653     18.238138     18.223983
   1.87584     18.228785     18.213409
   1.90515     18.220768     18.204959
   1.93446     18.209615     18.193753
   1.96377     18.191998     18.176262
   1.99308     18.165781     18.150370
   2.02239     18.130368     18.115582
   2.05170     18.086614     18.072902
   2.08101     18.036658     18.024523
   2.11032     17.983400     17.973314
   2.13963     17.930000     17.922311
   2.16894     17.879951     17.874801
   2.19825     17.836591     17.833848
   2.22756     17.803069     17.802320
   2.25687     17.781769     17.782335
   2.28618     17.774516     17.775535
   2.28618     17.774516     17.775535
   2.30253     17.774559     17.775577
   2.31888     17.774691     17.775709
   2.33523     17.774926     17.775946
   2.35158     17.775257     17.776276
   2.36793     17.775665     17.776690
   2.38428     17.776177     17.777209
   2.40063     17.776798     17.777840
   2.41698     17.777540     17.778591
   2.43333     17.778396     17.779459
   2.44968     17.779370     17.780447
   2.46603     17.780461     17.781554
   2.48238     17.781667     17.782779
   2.49873     17.782980     17.784111
   2.51508     17.784424     17.785573
   2.53143     17.785954     17.787125
   2.54778     17.787567     17.788754
   2.56413     17.789279     17.790480
   2.58048     17.791108     17.792318
   2.59683     17.793092     17.794304
   2.61318     17.795270     17.796470
   2.62953     17.797737     17.798907
   2.64588     17.800613     17.801731
   2.66222     17.804122     17.805156
   2.67857     17.808530     17.809440
   2.69492     17.814257     17.814995
   2.71127     17.821909     17.822422
   2.72762     17.832264     17.832517
   2.74397     17.846432     17.846411
   2.76032     17.865373     17.865131
   2.77667     17.889946     17.889574
   2.79302     17.920402     17.919981
   2.80937     17.956406     17.955949
   2.82572     17.997164     17.996577
   2.84207     18.041595     18.040734
   2.85842     18.088762     18.087346
   2.87477     18.137822     18.135390
   2.89112     18.188080     18.183574
   2.90747     18.237647     18.228094
   2.92382     18.272030     18.252272
   2.92382     18.147977     18.185784
   2.96991     18.117077     18.125957
   3.01599     18.129316     18.133907
   3.06207     18.216965     18.221344
   3.10815     18.352237     18.359093
   3.15423     18.486195     18.497497
   3.20031     18.578213     18.594484
   3.24639     18.612643     18.632196
   3.29248     18.599959     18.620509
   3.33856     18.561193     18.581523
   3.38464     18.514189     18.533927
   3.43072     18.474554     18.493834
   3.47680     18.458393     18.477696
   3.52288     18.482310     18.502499
   3.56896     18.555376     18.577745
   3.61504     18.665720     18.691956
   3.66113     18.771911     18.802020
   3.70721     18.816644     18.845060
   3.75329     18.798356     18.822464
   3.79937     18.751360     18.772374
   3.84545     18.695188     18.714124
   3.89153     18.638337     18.655614
   3.93761     18.585196     18.600865
   3.98370     18.538295     18.552132
   4.02978     18.498809     18.510438
   4.07586     18.466989     18.476051
   4.12194     18.443266     18.449600
   4.16802     18.430878     18.434619
   4.21410     18.436525     18.438151
   4.26018     18.469249     18.469552
   4.30627     18.534902     18.534780
   4.35235     18.633745     18.634086
   4.39843     18.758416     18.760434
   4.44451     18.886224     18.899334
   4.49059     18.673478     18.676753
   4.53667     18.376920     18.377865
   4.58275     18.126728     18.127357
   4.62884     17.935857     17.936605
   4.67492     17.815594     17.816530
   4.72100     17.774516     17.775535
   4.72100     17.774516     17.775535
   4.75469     17.783212     17.783838
   4.78838     17.808435     17.807925
   4.82207     17.847111     17.844897
   4.85576     17.895530     17.891271
   4.88945     17.949413     17.943006
   4.92314     18.004873     17.996429
   4.95683     18.058749     18.048541
   4.99052     18.108498     18.096915
   5.02421     18.152368     18.139820
   5.05790     18.189496     18.176312
   5.09159     18.219619     18.205977
   5.12528     18.243783     18.229612
   5.15896     18.264820     18.249957
   5.19265     18.288158     18.273064
   5.22634     18.322261     18.309404
   5.26003     18.376035     18.369872
   5.29372     18.452487     18.455901
   5.32741     18.546456     18.558967
   5.36110     18.649743     18.669184
   5.39479     18.754497     18.778161
   5.42848     18.853776     18.878426
   5.46217     18.940640     18.962507
   5.49586     19.008574     19.024519
   5.52955     19.052673     19.062233
   5.56324     19.071604     19.077289
   5.59693     19.067243     19.072577
   5.63062     19.043076     19.050883
   5.66431     19.003735     19.015508
   5.69800     18.953948     18.969901
   5.73169     18.898066     18.917513
   5.76538     18.840147     18.861888
   5.79907     18.783561     18.806222
   5.83276     18.730326     18.752668
   5.86645     18.682272     18.703327
   5.90014     18.640611     18.659799
   5.93383     18.606602     18.623738
   5.96752     18.581206     18.596522
   6.00121     18.565429     18.579486
   6.03490     18.560077     18.573682
   6.03490     18.613049     18.602357
   6.06820     18.617281     18.606249
   6.10151     18.630242     18.618203
   6.13482     18.650721     18.637071
   6.16813     18.677501     18.661754
   6.20143     18.709014     18.690864
   6.23474     18.743673     18.723095
   6.26805     18.779730     18.757048
   6.30135     18.816041     18.792064
   6.33466     18.851094     18.827132
   6.36797     18.883307     18.861009
   6.40127     18.910831     18.891823
   6.43458     18.931535     18.916826
   6.46789     18.942404     18.931501
   6.50119     18.939327     18.929551
   6.53450     18.917072     18.904237
   6.56781     18.871189     18.852926
   6.60112     18.802376     18.780588
   6.63442     18.717931     18.696579
   6.66773     18.627029     18.609689
   6.70104     18.538345     18.527419
   6.73434     18.459301     18.455844
   6.76765     18.395420     18.398806
   6.80096     18.348076     18.356447
   6.83426     18.312977     18.324491
   6.86757     18.282912     18.296592
   6.90088     18.251597     18.267069
   6.93418     18.215950     18.232891
   6.96749     18.175299     18.193162
   7.00080     18.130299     18.148335
   7.03410     18.082456     18.099858
   7.06741     18.033105     18.049110
   7.10072     17.984004     17.998038
   7.13403     17.936533     17.948184
   7.16733     17.892261     17.901343
   7.20064     17.852851     17.859408
   7.23395     17.819953     17.824256
   7.26725     17.795207     17.797737
   7.30056     17.779743     17.781140
   7.33387     17.774516     17.775535
   7.33387     17.774516     17.775535
   7.37705     17.815699     17.816580
   7.42023     17.936334     17.936910
   7.46341     18.128034     18.128305
   7.50659     18.380055     18.380064
   7.54977     18.681846     18.681528
   7.59295     19.019930     19.012437
   7.63614     18.945744     18.945379
   7.67932     18.876944     18.876808
   7.72250     18.830917     18.830846
   7.76568     18.808223     18.808183
   7.80886     18.806568     18.806544
   7.85204     18.822548     18.822536
   7.89522     18.850764     18.850764
   7.93840     18.885468     18.885484
   7.98158     18.920319     18.920364
   8.02477     18.948497     18.948584
   8.06795     18.963079     18.963228
   8.11113     18.957491     18.957717
   8.15431     18.926176     18.926482
   8.19749     18.865479     18.865823
   8.24067     18.774407     18.774715
   8.28385     18.654717     18.654857
   8.32703     18.509759     18.509584
   8.37022     18.343933     18.343230
   8.41340     18.161457     18.159805
   8.45658     17.968168     17.963724
   8.49976     17.843686     17.834840
   8.54294     17.889118     17.887224
   8.58612     17.944155     17.943423
   8.62930     17.997947     17.997644
   8.67248     18.048400     18.048361
   8.71566     18.094808     18.094938
   8.75885     18.136432     18.136601
   8.80203     18.172280     18.172492
   8.84521     18.202596     18.202845
   8.88839     18.226795     18.227074
   8.93157     18.243854     18.244136
   8.97475     18.254040     18.254338
   9.01793     18.257548     18.257847
 
# Band-Index:   28
   9.01793     20.262815     20.260985
   8.97475     20.252053     20.250257
   8.93157     20.220222     20.218505
   8.88839     20.168422     20.166806
   8.84521     20.098661     20.097173
   8.80203     20.014001     20.012644
   8.75885     19.918016     19.916781
   8.71566     19.815401     19.814215
   8.67248     19.710209     19.709182
   8.62930     19.608892     19.607981
   8.58612     19.516974     19.516063
   8.54294     19.442422     19.441524
   8.49976     19.391195     19.390365
   8.45658     19.369715     19.368891
   8.41340     19.383850     19.383005
   8.37022     19.437894     19.437062
   8.32703     19.535029     19.534231
   8.28385     19.677021     19.676289
   8.24067     19.864657     19.864059
   8.19749     20.097707     20.097278
   8.15431     20.374797     20.374562
   8.11113     20.693720     20.693653
   8.06795     21.051032     21.051125
   8.02477     21.442980     21.443241
   7.98158     21.865549     21.866045
   7.93840     22.309974     22.309287
   7.89522     22.109701     22.109590
   7.85204     21.635495     21.635538
   7.80886     21.155270     21.155313
   7.76568     20.687516     20.687565
   7.72250     20.236988     20.237085
   7.67932     19.807151     19.807330
   7.63614     19.401781     19.402195
   7.59295     19.038334     19.045935
   7.54977     19.132538     19.133044
   7.50659     19.233420     19.233725
   7.46341     19.326113     19.326353
   7.42023     19.400638     19.400858
   7.37705     19.449113     19.449296
   7.33387     19.465737     19.465898
   7.33387     19.465737     19.465898
   7.30056     19.463946     19.464289
   7.26725     19.458147     19.459005
   7.23395     19.448243     19.450004
   7.20064     19.433835     19.436972
   7.16733     19.414332     19.419420
   7.13403     19.389455     19.397170
   7.10072     19.358968     19.370087
   7.06741     19.322902     19.338293
   7.03410     19.282707     19.303328
   7.00080     19.239437     19.266219
   6.96749     19.195495     19.229289
   6.93418     19.153661     19.195053
   6.90088     19.117349     19.166532
   6.86757     19.089335     19.145791
   6.83426     19.071756     19.134244
   6.80096     19.065002     19.131635
   6.76765     19.067931     19.136505
   6.73434     19.078471     19.146723
   6.70104     19.094497     19.160159
   6.66773     19.114836     19.175463
   6.63442     19.139489     19.192153
   6.60112     19.170848     19.211847
   6.56781     19.213110     19.238553
   6.53450     19.269548     19.277905
   6.50119     19.337966     19.332419
   6.46789     19.411964     19.398167
   6.43458     19.485044     19.467870
   6.40127     19.553065     19.535716
   6.36797     19.613454     19.597768
   6.33466     19.665028     19.651864
   6.30135     19.707630     19.697161
   6.26805     19.741696     19.733641
   6.23474     19.768360     19.762200
   6.20143     19.788422     19.783589
   6.16813     19.803270     19.799257
   6.13482     19.813816     19.810246
   6.10151     19.820822     19.817450
   6.06820     19.824813     19.821513
   6.03490     19.826190     19.822893
   6.03490     19.795906     19.798330
   6.00121     19.796923     19.799300
   5.96752     19.799781     19.802048
   5.93383     19.803822     19.806018
   5.90014     19.808091     19.810415
   5.86645     19.811177     19.814000
   5.83276     19.811378     19.815216
   5.79907     19.806952     19.812389
   5.76538     19.795774     19.803301
   5.73169     19.776625     19.786428
   5.69800     19.748506     19.760209
   5.66431     19.711126     19.723556
   5.63062     19.665272     19.676292
   5.59693     19.612746     19.619179
   5.56324     19.556479     19.554309
   5.52955     19.501028     19.486041
   5.49586     19.450579     19.420172
   5.46217     19.407437     19.362278
   5.42848     19.371457     19.314957
   5.39479     19.341434     19.277523
   5.36110     19.316405     19.248207
   5.32741     19.296183     19.226001
   5.29372     19.281062     19.210722
   5.26003     19.271670     19.202827
   5.22634     19.268775     19.203001
   5.19265     19.272569     19.211396
   5.15896     19.282969     19.227698
   5.12528     19.299021     19.250582
   5.09159     19.319378     19.278252
   5.05790     19.342061     19.308233
   5.02421     19.365073     19.338162
   4.99052     19.387250     19.366581
   4.95683     19.406924     19.391679
   4.92314     19.423610     19.412884
   4.88945     19.437400     19.430291
   4.85576     19.448084     19.443772
   4.82207     19.456032     19.453769
   4.78838     19.461528     19.460657
   4.75469     19.464653     19.464569
   4.72100     19.465737     19.465898
   4.72100     19.465737     19.465898
   4.67492     19.447380     19.447469
   4.62884     19.392624     19.392427
   4.58275     19.304963     19.304196
   4.53667     19.189932     19.188067
   4.49059     19.057311     19.052336
   4.44451     19.038550     19.022997
   4.39843     19.395142     19.390067
   4.35235     19.789898     19.786169
   4.30627     20.204522     20.201477
   4.26018     20.631775     20.629497
   4.21410     21.062369     21.061555
   4.16802     21.479477     21.483225
   4.12194     21.776721     21.810318
   4.07586     21.616446     21.646799
   4.02978     21.348618     21.377188
   3.98370     21.052642     21.079870
   3.93761     20.744466     20.769257
   3.89153     20.434640     20.455995
   3.84545     20.131788     20.149022
   3.79937     19.844663     19.857211
   3.75329     19.585808     19.592765
   3.70721     19.378927     19.379317
   3.66113     19.263353     19.260104
   3.61504     19.244448     19.243486
   3.56896     19.273391     19.275168
   3.52288     19.315480     19.318786
   3.47680     19.355269     19.359216
   3.43072     19.383396     19.387453
   3.38464     19.392933     19.396822
   3.33856     19.378156     19.381852
   3.29248     19.334858     19.338916
   3.24639     19.258766     19.264187
   3.20031     19.136636     19.142119
   3.15423     18.969176     18.972536
   3.10815     18.785922     18.787653
   3.06207     18.607300     18.607640
   3.01599     18.444656     18.442997
   2.96991     18.306285     18.299924
   2.92382     18.227118     18.191824
   2.92382     18.317047     18.340566
   2.90747     18.351629     18.364923
   2.89112     18.401791     18.410006
   2.87477     18.453123     18.459175
   2.85842     18.504403     18.509279
   2.84207     18.555209     18.559303
   2.82572     18.605457     18.609006
   2.80937     18.654741     18.657850
   2.79302     18.703061     18.705814
   2.77667     18.750305     18.752763
   2.76032     18.796375     18.798581
   2.74397     18.841199     18.843183
   2.72762     18.884695     18.886482
   2.71127     18.926812     18.928426
   2.69492     18.967494     18.968954
   2.67857     19.006689     19.008008
   2.66222     19.044350     19.045539
   2.64588     19.080453     19.081527
   2.62953     19.114861     19.115832
   2.61318     19.147766     19.148646
   2.59683     19.179063     19.179859
   2.58048     19.208729     19.209444
   2.56413     19.236775     19.237426
   2.54778     19.263160     19.263748
   2.53143     19.287886     19.288422
   2.51508     19.310840     19.311325
   2.49873     19.332283     19.332716
   2.48238     19.352105     19.352498
   2.46603     19.370310     19.370664
   2.44968     19.386891     19.387215
   2.43333     19.401861     19.402158
   2.41698     19.415231     19.415505
   2.40063     19.427139     19.427396
   2.38428     19.437385     19.437629
   2.36793     19.445996     19.446225
   2.35158     19.453033     19.453252
   2.33523     19.458642     19.458843
   2.31888     19.462530     19.462708
   2.30253     19.464955     19.465116
   2.28618     19.465737     19.465898
   2.28618     19.465737     19.465898
   2.25687     19.465530     19.465492
   2.22756     19.465407     19.464725
   2.19825     19.465875     19.464126
   2.16894     19.468321     19.464977
   2.13963     19.474287     19.468804
   2.11032     19.486036     19.477812
   2.08101     19.505819     19.494214
   2.05170     19.536809     19.521196
   2.02239     19.581831     19.561647
   1.99308     19.643015     19.617842
   1.96377     19.722230     19.691836
   1.93446     19.819622     19.784019
   1.90515     19.935049     19.894394
   1.87584     20.066788     20.021362
   1.84653     20.213142     20.163243
   1.81722     20.371813     20.317729
   1.78791     20.540458     20.482429
   1.75860     20.716533     20.654730
   1.72929     20.897309     20.831839
   1.69998     21.079637     21.010537
   1.67067     21.259813     21.187035
   1.64136     21.433438     21.356843
   1.61205     21.594629     21.513965
   1.58274     21.733951     21.648605
   1.55343     21.818023     21.725581
   1.52412     21.803612     21.708041
   1.49481     21.762924     21.667713
   1.46550     21.719907     21.625793
   1.43619     21.678037     21.585413
   1.40688     21.638504     21.547623
   1.37757     21.601954     21.512992
   1.34826     21.568878     21.481907
   1.31895     21.539684     21.454699
   1.28964     21.514642     21.431526
   1.26033     21.493895     21.412427
   1.23102     21.477572     21.397452
   1.20171     21.465828     21.386701
   1.17240     21.458732     21.380214
   1.14309     21.456380     21.378065
   1.14309     21.400021     21.477243
   1.11378     21.401832     21.479271
   1.08447     21.407199     21.485297
   1.05516     21.416057     21.495267
   1.02585     21.428430     21.509197
   0.99654     21.444484     21.527197
   0.96723     21.464517     21.549415
   0.93792     21.488817     21.575975
   0.90861     21.517538     21.606868
   0.87930     21.550356     21.641705
   0.84999     21.586723     21.679859
   0.82068     21.625754     21.720410
   0.79137     21.665907     21.761735
   0.76206     21.702910     21.799265
   0.73275     21.715502     21.809407
   0.70344     21.646816     21.733389
   0.67413     21.516900     21.598095
   0.64482     21.361415     21.438266
   0.61551     21.192207     21.265127
   0.58620     21.015997     21.085177
   0.55689     20.837479     20.902989
   0.52758     20.660502     20.722319
   0.49827     20.488279     20.546312
   0.46896     20.323651     20.377733
   0.43965     20.169194     20.219096
   0.41034     20.027261     20.072703
   0.38103     19.900195     19.940891
   0.35172     19.789571     19.825256
   0.32241     19.696751     19.727258
   0.29310     19.622214     19.647560
   0.26379     19.565354     19.585755
   0.23448     19.524145     19.540007
   0.20517     19.496535     19.508437
   0.17586     19.479370     19.487926
   0.14655     19.469806     19.475641
   0.11724     19.465669     19.469382
   0.08793     19.464466     19.466595
   0.05862     19.464914     19.465944
   0.02931     19.465499     19.465866
   0.00000     19.465737     19.465898
 
# Band-Index:   29
   0.00000     22.648038     22.648156
   0.02931     22.646543     22.647154
   0.05862     22.642153     22.644232
   0.08793     22.634707     22.639206
   0.11724     22.624261     22.632084
   0.14655     22.610612     22.622601
   0.17586     22.594078     22.610976
   0.20517     22.574538     22.596993
   0.23448     22.551740     22.580286
   0.26379     22.525983     22.560996
   0.29310     22.496831     22.538533
   0.32241     22.464434     22.512891
   0.35172     22.428709     22.483789
   0.38103     22.389685     22.451109
   0.41034     22.347485     22.414853
   0.43965     22.302410     22.375217
   0.46896     22.254792     22.332481
   0.49827     22.204881     22.286827
   0.52758     22.153457     22.239118
   0.55689     22.101007     22.189820
   0.58620     22.048045     22.139411
   0.61551     21.995425     22.088794
   0.64482     21.944077     22.038838
   0.67413     21.896007     21.991423
   0.70344     21.857884     21.952645
   0.73275     21.859729     21.951651
   0.76206     21.916784     22.010380
   0.79137     21.969906     22.067648
   0.82068     21.999595     22.101309
   0.84999     22.007080     22.112038
   0.87930     21.999146     22.106330
   0.90861     21.983764     22.091901
   0.93792     21.969355     22.076954
   0.96723     21.962321     22.067675
   0.99654     21.966684     22.068065
   1.02585     21.983077     22.079145
   1.05516     22.007840     22.098114
   1.08447     22.033812     22.118979
   1.11378     22.053059     22.134837
   1.14309     22.059994     22.140603
   1.14309     22.165302     22.087878
   1.17240     22.156758     22.078051
   1.20171     22.134089     22.051622
   1.23102     22.104707     22.016583
   1.26033     22.077870     21.983314
   1.28964     22.060274     21.959747
   1.31895     22.054768     21.949670
   1.34826     22.060601     21.952765
   1.37757     22.073495     21.964772
   1.40688     22.086778     21.978807
   1.43619     22.092339     21.986475
   1.46550     22.081781     21.979094
   1.49481     22.047913     21.949149
   1.52412     21.988746     21.894022
   1.55343     21.926742     21.833119
   1.58274     21.936659     21.840504
   1.61205     21.980170     21.884131
   1.64136     22.029230     21.934205
   1.67067     22.079934     21.986494
   1.69998     22.130877     22.039595
   1.72929     22.181392     22.092812
   1.75860     22.230973     22.145611
   1.78791     22.278895     22.197332
   1.81722     22.324653     22.247444
   1.84653     22.367799     22.295501
   1.87584     22.408003     22.341144
   1.90515     22.444801     22.383870
   1.93446     22.478114     22.423506
   1.96377     22.507981     22.459968
   1.99308     22.534377     22.493062
   2.02239     22.557549     22.522877
   2.05170     22.577614     22.549372
   2.08101     22.594810     22.572628
   2.11032     22.609435     22.592792
   2.13963     22.621351     22.609607
   2.16894     22.630954     22.623362
   2.19825     22.638383     22.634109
   2.22756     22.643790     22.641941
   2.25687     22.646920     22.646541
   2.28618     22.648038     22.648156
   2.28618     22.648038     22.648156
   2.30253     22.642538     22.642654
   2.31888     22.626323     22.626437
   2.33523     22.600046     22.600154
   2.35158     22.565014     22.565124
   2.36793     22.522610     22.522719
   2.38428     22.474373     22.474483
   2.40063     22.421769     22.421876
   2.41698     22.366453     22.366559
   2.43333     22.309894     22.309998
   2.44968     22.253317     22.253417
   2.46603     22.197900     22.197995
   2.48238     22.144707     22.144797
   2.49873     22.094674     22.094758
   2.51508     22.048643     22.048721
   2.53143     22.007319     22.007390
   2.54778     21.971310     21.971377
   2.56413     21.941151     21.941211
   2.58048     21.917272     21.917323
   2.59683     21.900010     21.900053
   2.61318     21.889611     21.889644
   2.62953     21.886246     21.886266
   2.64588     21.889993     21.890001
   2.66222     21.900884     21.900878
   2.67857     21.918866     21.918852
   2.69492     21.943819     21.943789
   2.71127     21.975599     21.975552
   2.72762     22.014004     22.013936
   2.74397     22.058804     22.058716
   2.76032     22.109739     22.109628
   2.77667     22.166501     22.166358
   2.79302     22.228815     22.228629
   2.80937     22.296314     22.296080
   2.82572     22.368692     22.368394
   2.84207     22.445616     22.445232
   2.85842     22.526739     22.526230
   2.87477     22.611751     22.611037
   2.89112     22.700248     22.699137
   2.90747     22.791807     22.789545
   2.92382     22.878051     22.863880
   2.92382     19.616938     19.651927
   2.96991     19.577251     19.590493
   3.01599     19.514306     19.520781
   3.06207     19.455238     19.457786
   3.10815     19.411121     19.409396
   3.15423     19.396829     19.389337
   3.20031     19.436973     19.422895
   3.24639     19.551042     19.534008
   3.29248     19.712214     19.695227
   3.33856     19.877138     19.859883
   3.38464     20.020643     20.003015
   3.43072     20.136874     20.119410
   3.47680     20.231285     20.214586
   3.52288     20.313399     20.297826
   3.56896     20.391266     20.376904
   3.61504     20.470154     20.456987
   3.66113     20.554432     20.542398
   3.70721     20.648338     20.637298
   3.75329     20.756103     20.745893
   3.79937     20.882773     20.873238
   3.84545     21.034227     21.025186
   3.89153     21.216664     21.208103
   3.93761     21.435751     21.428001
   3.98370     21.692697     21.686661
   4.02978     21.974561     21.971765
   4.07586     22.154324     22.150898
   4.12194     21.997754     21.981782
   4.16802     22.100818     22.110345
   4.21410     22.244407     22.255361
   4.26018     22.349878     22.359576
   4.30627     22.419427     22.427379
   4.35235     22.462639     22.468907
   4.39843     22.490156     22.494941
   4.44451     22.511557     22.515097
   4.49059     22.533672     22.536188
   4.53667     22.559869     22.561545
   4.58275     22.589520     22.590532
   4.62884     22.618357     22.618879
   4.67492     22.640092     22.640313
   4.72100     22.648038     22.648156
   4.72100     22.648038     22.648156
   4.75469     22.641368     22.641033
   4.78838     22.622925     22.621307
   4.82207     22.596497     22.592974
   4.85576     22.567684     22.561869
   4.88945     22.542226     22.533952
   4.92314     22.525210     22.514482
   4.95683     22.521015     22.507954
   4.99052     22.532360     22.517107
   5.02421     22.560507     22.543131
   5.05790     22.604946     22.585338
   5.09159     22.663195     22.640913
   5.12528     22.730523     22.704526
   5.15896     22.799300     22.767420
   5.19265     22.856978     22.814896
   5.22634     22.884056     22.824483
   5.26003     22.856420     22.773596
   5.29372     22.766026     22.663812
   5.32741     22.631313     22.517889
   5.36110     22.474354     22.355480
   5.39479     22.309024     22.188064
   5.42848     22.143847     22.022704
   5.46217     21.984952     21.864703
   5.49586     21.837311     21.718484
   5.52955     21.704997     21.587917
   5.56324     21.590905     21.475973
   5.59693     21.496484     21.384433
   5.63062     21.421414     21.313406
   5.66431     21.364192     21.261666
   5.69800     21.322673     21.227030
   5.73169     21.294163     21.206462
   5.76538     21.276304     21.197030
   5.79907     21.266923     21.195952
   5.83276     21.263852     21.200542
   5.86645     21.265262     21.208652
   5.90014     21.269196     21.218132
   5.93383     21.274140     21.227374
   5.96752     21.278690     21.234968
   6.00121     21.281723     21.239815
   6.03490     21.282835     21.241532
   6.03490     21.254100     21.295556
   6.06820     21.251192     21.292931
   6.10151     21.242822     21.285444
   6.13482     21.229623     21.273849
   6.16813     21.213025     21.259707
   6.20143     21.194798     21.244912
   6.23474     21.177091     21.231729
   6.26805     21.162224     21.222468
   6.30135     21.152784     21.219566
   6.33466     21.151522     21.225469
   6.36797     21.160809     21.242088
   6.40127     21.182949     21.271203
   6.43458     21.219947     21.314422
   6.46789     21.273412     21.373098
   6.50119     21.344162     21.448027
   6.53450     21.432227     21.539368
   6.56781     21.536752     21.646444
   6.60112     21.656041     21.767680
   6.63442     21.787752     21.900692
   6.66773     21.929181     22.042570
   6.70104     22.076907     22.189511
   6.73434     22.226584     22.336460
   6.76765     22.371101     22.474903
   6.80096     22.497429     22.589255
   6.83426     22.585085     22.658081
   6.86757     22.620256     22.674700
   6.90088     22.614292     22.656567
   6.93418     22.588117     22.623226
   6.96749     22.556730     22.587210
   7.00080     22.528503     22.555459
   7.03410     22.508647     22.532487
   7.06741     22.499596     22.520386
   7.10072     22.502561     22.520184
   7.13403     22.516620     22.530939
   7.16733     22.539521     22.550463
   7.20064     22.568112     22.575764
   7.23395     22.597758     22.602427
   7.26725     22.623783     22.626037
   7.30056     22.641751     22.642422
   7.33387     22.648038     22.648156
   7.33387     22.648038     22.648156
   7.37705     22.645027     22.645143
   7.42023     22.635949     22.636063
   7.46341     22.621631     22.621756
   7.50659     22.602737     22.602872
   7.54977     22.580119     22.580278
   7.59295     22.554947     22.555122
   7.63614     22.528396     22.528593
   7.67932     22.501844     22.502065
   7.72250     22.476671     22.476920
   7.76568     22.454334     22.454618
   7.80886     22.436673     22.437026
   7.85204     22.426799     22.427339
   7.89522     22.440170     22.441973
   7.93840     22.365973     22.368572
   7.98158     22.390198     22.389967
   8.02477     22.407522     22.407115
   8.06795     22.429741     22.429137
   8.11113     22.458014     22.457159
   8.15431     22.490501     22.489292
   8.19749     22.519041     22.517525
   8.24067     22.514672     22.513321
   8.28385     22.403803     22.403641
   8.32703     22.189227     22.189961
   8.37022     21.966649     21.967763
   8.41340     21.774450     21.775765
   8.45658     21.618417     21.619886
   8.49976     21.495333     21.496937
   8.54294     21.399505     21.401232
   8.58612     21.325453     21.327293
   8.62930     21.268389     21.270352
   8.67248     21.224132     21.226209
   8.71566     21.190231     21.192440
   8.75885     21.163710     21.166071
   8.80203     21.144022     21.146544
   8.84521     21.128900     21.131573
   8.88839     21.118330     21.121164
   8.93157     21.111033     21.113986
   8.97475     21.106784     21.109819
   9.01793     21.105402     21.108466
 
# Band-Index:   30
   9.01793     24.453257     24.442178
   8.97475     24.460602     24.449163
   8.93157     24.482527     24.469846
   8.88839     24.518815     24.503373
   8.84521     24.568601     24.546751
   8.80203     24.629142     24.587210
   8.75885     24.605932     24.542825
   8.71566     24.381849     24.355888
   8.67248     24.160135     24.144666
   8.62930     23.951626     23.940468
   8.58612     23.757818     23.748934
   8.54294     23.579468     23.571974
   8.49976     23.417118     23.410601
   8.45658     23.271521     23.265773
   8.41340     23.144167     23.139104
   8.37022     23.038748     23.034392
   8.32703     22.966505     22.963032
   8.28385     22.968419     22.966407
   8.24067     23.138039     23.137866
   8.19749     23.469962     23.470915
   8.15431     23.830532     23.854293
   8.11113     23.938541     23.938864
   8.06795     24.080026     24.095214
   8.02477     23.690485     23.690319
   7.98158     23.186836     23.186301
   7.93840     22.698981     22.696894
   7.89522     22.792947     22.791158
   7.85204     23.284094     23.283409
   7.80886     23.791249     23.790720
   7.76568     24.307778     24.307195
   7.72250     24.826539     24.825816
   7.67932     25.298061     25.301037
   7.63614     25.246375     25.246288
   7.59295     25.102366     25.102497
   7.54977     24.939763     24.940098
   7.50659     24.777553     24.778014
   7.46341     24.631728     24.632249
   7.42023     24.516183     24.516726
   7.37705     24.441998     24.442549
   7.33387     24.416486     24.417038
   7.33387     24.416486     24.417038
   7.30056     24.430785     24.431751
   7.26725     24.471924     24.474213
   7.23395     24.534006     24.538853
   7.20064     24.604638     24.614311
   7.16733     24.653169     24.673047
   7.13403     24.614918     24.648016
   7.10072     24.481645     24.522339
   7.06741     24.307651     24.354110
   7.03410     24.118930     24.171071
   7.00080     23.925710     23.983291
   6.96749     23.733991     23.796327
   6.93418     23.549121     23.614692
   6.90088     23.378422     23.444085
   6.86757     23.234326     23.294218
   6.83426     23.134259     23.180858
   6.80096     23.086127     23.117669
   6.76765     23.073369     23.094882
   6.73434     23.073722     23.089028
   6.70104     23.074157     23.084385
   6.66773     23.069302     23.074263
   6.63442     23.057755     23.056787
   6.60112     23.040429     23.032780
   6.56781     23.019491     23.004525
   6.53450     22.998087     22.975275
   6.50119     22.979832     22.948669
   6.46789     22.968380     22.928293
   6.43458     22.966764     22.917015
   6.40127     22.977176     22.916755
   6.36797     23.000482     22.928063
   6.33466     23.036682     22.950599
   6.30135     23.084274     22.982569
   6.26805     23.141422     23.021909
   6.23474     23.205550     23.065852
   6.20143     23.273461     23.111164
   6.16813     23.341936     23.154833
   6.13482     23.406946     23.193660
   6.10151     23.463202     23.224541
   6.06820     23.503107     23.244522
   6.03490     23.517887     23.251449
   6.03490     23.295395     23.557881
   6.00121     23.287689     23.544212
   5.96752     23.265442     23.506633
   5.93383     23.230644     23.452182
   5.90014     23.186345     23.387494
   5.86645     23.136030     23.317756
   5.83276     23.083172     23.247112
   5.79907     23.031852     23.179721
   5.76538     22.985785     23.119118
   5.73169     22.948998     23.069211
   5.69800     22.924788     23.032904
   5.66431     22.915553     23.012252
   5.63062     22.922992     23.008632
   5.59693     22.946570     23.021281
   5.56324     22.984476     23.048220
   5.52955     23.033829     23.086428
   5.49586     23.090660     23.132007
   5.46217     23.150527     23.180591
   5.42848     23.208926     23.227877
   5.39479     23.261495     23.269723
   5.36110     23.304742     23.302767
   5.32741     23.338213     23.326098
   5.29372     23.369302     23.345257
   5.26003     23.418181     23.377909
   5.22634     23.506986     23.449762
   5.19265     23.634945     23.568682
   5.15896     23.786565     23.719784
   5.12528     23.950078     23.887668
   5.09159     24.118631     24.062877
   5.05790     24.287984     24.239818
   5.02421     24.453208     24.412730
   4.99052     24.607310     24.574150
   4.95683     24.731846     24.705699
   4.92314     24.774728     24.757825
   4.88945     24.722381     24.713472
   4.85576     24.636432     24.631917
   4.82207     24.550198     24.548236
   4.78838     24.479095     24.478628
   4.75469     24.432608     24.432920
   4.72100     24.416486     24.417038
   4.72100     24.416486     24.417038
   4.67492     24.445585     24.446286
   4.62884     24.529289     24.530389
   4.58275     24.657425     24.659044
   4.53667     24.816611     24.818662
   4.49059     24.993812     24.996054
   4.44451     25.178562     25.180809
   4.39843     25.360796     25.364195
   4.35235     25.291192     25.297255
   4.30627     24.786597     24.790226
   4.26018     24.276288     24.279275
   4.21410     23.780001     23.781592
   4.16802     23.311496     23.310540
   4.12194     22.894168     22.888435
   4.07586     22.642027     22.625319
   4.02978     22.791904     22.773358
   3.98370     23.014445     22.996264
   3.93761     23.150029     23.131016
   3.89153     23.170666     23.150981
   3.84545     23.086619     23.067212
   3.79937     22.925416     22.907273
   3.75329     22.714611     22.698331
   3.70721     22.474135     22.459952
   3.66113     22.216608     22.204454
   3.61504     21.949579     21.939120
   3.56896     21.678382     21.669140
   3.52288     21.408420     21.399837
   3.47680     21.146857     21.138338
   3.43072     20.903221     20.894112
   3.38464     20.689341     20.678887
   3.33856     20.513792     20.501465
   3.29248     20.375267     20.361369
   3.24639     20.262939     20.248575
   3.20031     20.165768     20.152141
   3.15423     20.076375     20.064243
   3.10815     19.991268     19.980729
   3.06207     19.909579     19.900011
   3.01599     19.831140     19.821046
   2.96991     19.758715     19.743739
   2.92382     19.716531     19.680418
   2.92382     22.895622     22.909881
   2.90747     22.984416     22.986765
   2.89112     23.083642     23.084835
   2.87477     23.184859     23.185646
   2.85842     23.287708     23.288284
   2.84207     23.391887     23.392323
   2.82572     23.497277     23.497607
   2.80937     23.603073     23.603309
   2.79302     23.709804     23.709958
   2.77667     23.816329     23.816386
   2.76032     23.922642     23.922629
   2.74397     24.028264     24.028156
   2.72762     24.133026     24.132807
   2.71127     24.236650     24.236302
   2.69492     24.338783     24.338283
   2.67857     24.439120     24.438427
   2.66222     24.537370     24.536445
   2.64588     24.632392     24.631191
   2.62953     24.724449     24.722900
   2.61318     24.812548     24.810556
   2.59683     24.896066     24.893527
   2.58048     24.973838     24.970636
   2.56413     25.047354     25.042885
   2.54778     25.111216     25.105512
   2.53143     25.174662     25.152331
   2.51508     25.084586     25.084478
   2.49873     25.005395     25.005814
   2.48238     24.929722     24.930226
   2.46603     24.857727     24.858293
   2.44968     24.789725     24.790321
   2.43333     24.726000     24.726609
   2.41698     24.666872     24.667485
   2.40063     24.612713     24.613322
   2.38428     24.563957     24.564558
   2.36793     24.521100     24.521690
   2.35158     24.484735     24.485314
   2.33523     24.455504     24.456072
   2.31888     24.434047     24.434607
   2.30253     24.420911     24.421465
   2.28618     24.416486     24.417038
   2.28618     24.416486     24.417038
   2.25687     24.427902     24.428169
   2.22756     24.461487     24.460915
   2.19825     24.515009     24.513071
   2.16894     24.584970     24.581147
   2.13963     24.666559     24.660223
   2.11032     24.754209     24.892685
   2.08101     24.782435     24.757145
   2.05170     24.647440     24.621531
   2.02239     24.511293     24.482231
   1.99308     24.378807     24.345960
   1.96377     24.253296     24.216254
   1.93446     24.136307     24.094876
   1.90515     24.029036     23.983183
   1.87584     23.931759     23.881642
   1.84653     23.843934     23.789902
   1.81722     23.764402     23.707093
   1.78791     23.691110     23.631353
   1.75860     23.621621     23.560369
   1.72929     23.553380     23.491583
   1.69998     23.484069     23.422528
   1.67067     23.412078     23.351343
   1.64136     23.336458     23.276809
   1.61205     23.257730     23.199153
   1.58274     23.176549     23.118873
   1.55343     23.094284     23.037228
   1.52412     23.012213     22.955429
   1.49481     22.931698     22.874823
   1.46550     22.853549     22.796214
   1.43619     22.778725     22.720630
   1.40688     22.708042     22.648985
   1.37757     22.642212     22.582120
   1.34826     22.582262     22.521164
   1.31895     22.529071     22.467086
   1.28964     22.483473     22.420797
   1.26033     22.446257     22.383169
   1.23102     22.418128     22.354999
   1.20171     22.399436     22.336684
   1.17240     22.389601     22.327469
   1.14309     22.386745     22.324941
   1.14309     22.374620     22.434293
   1.11378     22.374911     22.434957
   1.08447     22.378574     22.439397
   1.05516     22.390562     22.451986
   1.02585     22.413548     22.475137
   0.99654     22.447702     22.509041
   0.96723     22.492089     22.552864
   0.93792     22.545546     22.605540
   0.90861     22.606925     22.665999
   0.87930     22.674996     22.733074
   0.84999     22.748569     22.805663
   0.82068     22.826226     22.882451
   0.79137     22.906915     22.962509
   0.76206     22.989033     23.044332
   0.73275     23.071370     23.126793
   0.70344     23.152716     23.208698
   0.67413     23.231781     23.288712
   0.64482     23.307485     23.365629
   0.61551     23.379381     23.438787
   0.58620     23.447699     23.508107
   0.55689     23.513651     23.574455
   0.52758     23.579401     23.639728
   0.49827     23.647493     23.706316
   0.46896     23.720671     23.776962
   0.43965     23.801273     23.854147
   0.41034     23.891187     23.939977
   0.38103     23.991191     24.035478
   0.35172     24.101545     24.141135
   0.32241     24.221538     24.256405
   0.29310     24.349712     24.379999
   0.26379     24.483054     24.509020
   0.23448     24.616069     24.638308
   0.20517     24.727288     24.746827
   0.17586     24.730948     24.738425
   0.14655     24.653768     24.662089
   0.11724     24.578245     24.583591
   0.08793     24.511577     24.514816
   0.05862     24.460023     24.461778
   0.02931     24.427543     24.428398
   0.00000     24.416486     24.417038
