#K-Path          Energy     s    py    pz    px    dxy    dyz    dz2    dxz    dx2-y2    tot
# NKPTS & NBANDS:  80  48
# Band-Index:    1
   0.00000    -13.487067  0.664  0.002  0.004  0.000  0.005  0.028  0.003  0.001  0.027  0.732
   0.03304    -13.488995  0.664  0.002  0.004  0.000  0.005  0.027  0.003  0.001  0.026  0.732
   0.06608    -13.494825  0.664  0.003  0.004  0.000  0.005  0.027  0.003  0.001  0.026  0.731
   0.09912    -13.504689  0.661  0.004  0.004  0.000  0.005  0.026  0.003  0.001  0.026  0.731
   0.13215    -13.518770  0.661  0.006  0.005  0.000  0.005  0.025  0.003  0.001  0.025  0.729
   0.16519    -13.537265  0.659  0.008  0.005  0.000  0.005  0.023  0.003  0.001  0.024  0.728
   0.19823    -13.560330  0.659  0.009  0.004  0.000  0.004  0.022  0.003  0.001  0.024  0.725
   0.23127    -13.588045  0.657  0.009  0.005  0.000  0.003  0.020  0.003  0.001  0.023  0.723
   0.26431    -13.620401  0.656  0.011  0.005  0.000  0.003  0.018  0.003  0.001  0.022  0.721
   0.29735    -13.657298  0.653  0.012  0.005  0.000  0.003  0.017  0.003  0.001  0.021  0.717
   0.33039    -13.698553  0.651  0.013  0.006  0.000  0.003  0.015  0.003  0.001  0.021  0.714
   0.36342    -13.743917  0.650  0.013  0.007  0.000  0.003  0.013  0.003  0.001  0.020  0.711
   0.39646    -13.793072  0.648  0.014  0.007  0.000  0.003  0.012  0.002  0.001  0.019  0.708
   0.42950    -13.845651  0.647  0.016  0.007  0.000  0.002  0.011  0.002  0.001  0.019  0.704
   0.46254    -13.901235  0.647  0.016  0.007  0.000  0.002  0.010  0.001  0.001  0.018  0.701
   0.49558    -13.959370  0.645  0.015  0.007  0.000  0.002  0.010  0.001  0.001  0.017  0.698
   0.52862    -14.019586  0.644  0.015  0.007  0.000  0.002  0.008  0.001  0.001  0.016  0.694
   0.56165    -14.081390  0.642  0.015  0.007  0.000  0.002  0.007  0.001  0.001  0.016  0.691
   0.59469    -14.144281  0.641  0.014  0.006  0.000  0.002  0.007  0.001  0.001  0.015  0.687
   0.62773    -14.207764  0.640  0.013  0.006  0.000  0.001  0.006  0.001  0.001  0.014  0.684
   0.66077    -14.271345  0.639  0.013  0.006  0.000  0.001  0.006  0.001  0.001  0.013  0.680
   0.69381    -14.334547  0.639  0.013  0.006  0.000  0.001  0.004  0.001  0.001  0.014  0.677
   0.72685    -14.396909  0.639  0.012  0.006  0.000  0.001  0.004  0.001  0.000  0.013  0.673
   0.75989    -14.457993  0.638  0.011  0.005  0.000  0.001  0.004  0.001  0.000  0.013  0.671
   0.79292    -14.517385  0.637  0.010  0.004  0.000  0.001  0.003  0.001  0.000  0.012  0.668
   0.82596    -14.574696  0.637  0.009  0.004  0.000  0.001  0.003  0.001  0.000  0.012  0.666
   0.85900    -14.629565  0.636  0.008  0.002  0.000  0.001  0.003  0.001  0.000  0.011  0.663
   0.89204    -14.681659  0.637  0.007  0.002  0.000  0.001  0.003  0.001  0.000  0.011  0.661
   0.92508    -14.730669  0.635  0.004  0.002  0.000  0.001  0.002  0.001  0.000  0.010  0.659
   0.95812    -14.776316  0.636  0.003  0.002  0.000  0.001  0.002  0.001  0.000  0.010  0.657
   0.99116    -14.818353  0.636  0.003  0.002  0.000  0.000  0.001  0.001  0.000  0.010  0.656
   1.02419    -14.856551  0.635  0.002  0.000  0.000  0.000  0.001  0.000  0.000  0.010  0.654
   1.05723    -14.890713  0.637  0.002  0.000  0.000  0.000  0.001  0.000  0.000  0.009  0.653
   1.09027    -14.920663  0.636  0.001  0.000  0.000  0.000  0.001  0.000  0.000  0.009  0.652
   1.12331    -14.946252  0.636  0.001  0.000  0.000  0.000  0.001  0.000  0.000  0.009  0.651
   1.15635    -14.967355  0.636  0.001  0.000  0.000  0.000  0.001  0.000  0.000  0.009  0.650
   1.18939    -14.983875  0.636  0.000  0.000  0.000  0.000  0.001  0.000  0.000  0.009  0.649
   1.22243    -14.995729  0.636  0.000  0.000  0.000  0.000  0.001  0.000  0.000  0.009  0.649
   1.25546    -15.002864  0.636  0.000  0.000  0.000  0.000  0.001  0.000  0.000  0.010  0.649
   1.28850    -15.005248  0.636  0.000  0.000  0.000  0.000  0.001  0.000  0.000  0.010  0.649
   1.28850    -15.005248  0.636  0.000  0.000  0.000  0.000  0.001  0.000  0.000  0.010  0.649
   1.32159    -15.002738  0.636  0.000  0.000  0.000  0.000  0.001  0.000  0.000  0.010  0.649
   1.35468    -14.995224  0.636  0.000  0.000  0.000  0.000  0.001  0.000  0.000  0.010  0.649
   1.38778    -14.982738  0.636  0.000  0.000  0.000  0.000  0.001  0.000  0.000  0.009  0.649
   1.42087    -14.965337  0.636  0.000  0.000  0.001  0.000  0.001  0.000  0.000  0.009  0.650
   1.45396    -14.943101  0.635  0.000  0.000  0.001  0.000  0.001  0.000  0.000  0.009  0.650
   1.48705    -14.916136  0.637  0.000  0.000  0.001  0.000  0.001  0.000  0.000  0.009  0.650
   1.52014    -14.884568  0.637  0.000  0.000  0.002  0.000  0.001  0.000  0.000  0.009  0.652
   1.55323    -14.848550  0.636  0.000  0.000  0.002  0.000  0.001  0.000  0.002  0.009  0.654
   1.58632    -14.808267  0.637  0.000  0.002  0.003  0.000  0.001  0.000  0.002  0.009  0.655
   1.61941    -14.763927  0.637  0.000  0.002  0.004  0.000  0.001  0.001  0.002  0.009  0.657
   1.65250    -14.715766  0.636  0.000  0.002  0.007  0.000  0.001  0.001  0.002  0.009  0.658
   1.68560    -14.664055  0.637  0.000  0.002  0.007  0.001  0.001  0.001  0.002  0.008  0.660
   1.71869    -14.609092  0.637  0.000  0.002  0.008  0.001  0.001  0.001  0.003  0.008  0.662
   1.75178    -14.551208  0.637  0.000  0.004  0.009  0.001  0.001  0.001  0.003  0.008  0.665
   1.78487    -14.490777  0.638  0.000  0.004  0.010  0.001  0.001  0.001  0.004  0.009  0.668
   1.81796    -14.428197  0.639  0.000  0.005  0.011  0.001  0.001  0.001  0.004  0.009  0.671
   1.85105    -14.363908  0.640  0.000  0.006  0.012  0.001  0.001  0.001  0.005  0.008  0.674
   1.88414    -14.298383  0.641  0.000  0.006  0.013  0.001  0.001  0.001  0.006  0.008  0.677
   1.91723    -14.232136  0.641  0.000  0.006  0.014  0.001  0.001  0.001  0.007  0.008  0.680
   1.95033    -14.165705  0.643  0.000  0.006  0.015  0.001  0.001  0.001  0.008  0.008  0.683
   1.98342    -14.099667  0.644  0.000  0.006  0.015  0.001  0.000  0.001  0.009  0.008  0.687
   2.01651    -14.034628  0.645  0.000  0.006  0.016  0.001  0.000  0.001  0.011  0.008  0.690
   2.04960    -13.971218  0.647  0.000  0.006  0.016  0.001  0.000  0.002  0.013  0.008  0.694
   2.08269    -13.910082  0.648  0.000  0.006  0.017  0.001  0.000  0.002  0.016  0.007  0.698
   2.11578    -13.851882  0.649  0.000  0.006  0.016  0.002  0.000  0.003  0.019  0.008  0.703
   2.14887    -13.797293  0.651  0.000  0.006  0.016  0.002  0.000  0.003  0.022  0.008  0.706
   2.18196    -13.746987  0.652  0.000  0.005  0.013  0.003  0.001  0.003  0.026  0.007  0.710
   2.21505    -13.701607  0.653  0.000  0.005  0.011  0.003  0.001  0.003  0.030  0.008  0.715
   2.24815    -13.661707  0.656  0.000  0.005  0.009  0.003  0.001  0.003  0.035  0.008  0.719
   2.28124    -13.627604  0.657  0.000  0.004  0.006  0.003  0.001  0.004  0.041  0.007  0.723
   2.31433    -13.599183  0.656  0.000  0.004  0.006  0.004  0.001  0.004  0.046  0.007  0.727
   2.34742    -13.575827  0.656  0.000  0.004  0.005  0.004  0.001  0.004  0.050  0.008  0.730
   2.38051    -13.556630  0.656  0.000  0.004  0.004  0.004  0.000  0.004  0.053  0.008  0.732
   2.41360    -13.540766  0.658  0.000  0.003  0.003  0.004  0.000  0.004  0.055  0.008  0.733
   2.44669    -13.527728  0.657  0.000  0.003  0.002  0.004  0.000  0.004  0.056  0.008  0.735
   2.47978    -13.517353  0.659  0.000  0.003  0.002  0.005  0.000  0.004  0.057  0.008  0.736
   2.51287    -13.509716  0.659  0.000  0.002  0.002  0.005  0.001  0.004  0.058  0.008  0.738
   2.54597    -13.505010  0.659  0.000  0.002  0.002  0.005  0.001  0.004  0.058  0.008  0.739
   2.57906    -13.503422  0.660  0.000  0.002  0.002  0.005  0.001  0.004  0.058  0.008  0.739
 
# Band-Index:    2
   2.57906    -13.410665  0.633  0.000  0.020  0.043  0.000  0.000  0.000  0.000  0.000  0.697
   2.54597    -13.411809  0.633  0.000  0.020  0.043  0.000  0.000  0.000  0.000  0.000  0.696
   2.51287    -13.415301  0.634  0.000  0.020  0.042  0.000  0.000  0.000  0.000  0.000  0.696
   2.47978    -13.421273  0.634  0.000  0.020  0.041  0.000  0.000  0.000  0.000  0.000  0.697
   2.44669    -13.429830  0.633  0.000  0.020  0.041  0.000  0.000  0.000  0.000  0.000  0.696
   2.41360    -13.440920  0.634  0.000  0.020  0.040  0.000  0.000  0.000  0.000  0.000  0.695
   2.38051    -13.454194  0.634  0.000  0.021  0.038  0.000  0.000  0.000  0.000  0.001  0.695
   2.34742    -13.468907  0.633  0.000  0.021  0.036  0.000  0.000  0.000  0.002  0.001  0.695
   2.31433    -13.483922  0.632  0.000  0.022  0.034  0.001  0.000  0.000  0.004  0.001  0.695
   2.28124    -13.497954  0.632  0.000  0.022  0.030  0.001  0.000  0.000  0.007  0.001  0.695
   2.24815    -13.509943  0.631  0.000  0.023  0.026  0.001  0.000  0.000  0.010  0.001  0.694
   2.21505    -13.519269  0.630  0.000  0.025  0.023  0.001  0.000  0.001  0.013  0.001  0.696
   2.18196    -13.525687  0.632  0.000  0.026  0.021  0.001  0.000  0.001  0.016  0.001  0.696
   2.14887    -13.529149  0.632  0.000  0.027  0.018  0.002  0.000  0.001  0.017  0.001  0.696
   2.11578    -13.529666  0.632  0.000  0.028  0.015  0.002  0.000  0.001  0.018  0.001  0.696
   2.08269    -13.527261  0.631  0.000  0.029  0.012  0.002  0.000  0.001  0.019  0.001  0.697
   2.04960    -13.521965  0.632  0.000  0.030  0.010  0.002  0.000  0.001  0.019  0.001  0.697
   2.01651    -13.513819  0.632  0.000  0.032  0.009  0.002  0.000  0.001  0.019  0.001  0.696
   1.98342    -13.502875  0.633  0.000  0.033  0.008  0.002  0.000  0.001  0.019  0.001  0.697
   1.95033    -13.489215  0.633  0.000  0.034  0.006  0.002  0.000  0.001  0.018  0.001  0.698
   1.91723    -13.472945  0.634  0.000  0.036  0.005  0.002  0.000  0.001  0.017  0.001  0.698
   1.88414    -13.454204  0.634  0.000  0.037  0.004  0.001  0.000  0.001  0.016  0.001  0.699
   1.85105    -13.433174  0.635  0.000  0.039  0.004  0.001  0.000  0.001  0.015  0.001  0.698
   1.81796    -13.410069  0.636  0.000  0.040  0.003  0.001  0.000  0.001  0.014  0.001  0.698
   1.78487    -13.385144  0.637  0.000  0.042  0.002  0.001  0.000  0.001  0.013  0.001  0.699
   1.75178    -13.358696  0.638  0.000  0.043  0.002  0.001  0.000  0.001  0.012  0.001  0.700
   1.71869    -13.331066  0.639  0.000  0.046  0.001  0.001  0.000  0.001  0.011  0.001  0.701
   1.68560    -13.302634  0.640  0.000  0.048  0.001  0.001  0.000  0.001  0.010  0.001  0.701
   1.65250    -13.273817  0.642  0.000  0.047  0.001  0.001  0.000  0.001  0.008  0.001  0.702
   1.61941    -13.245069  0.643  0.000  0.049  0.001  0.001  0.000  0.001  0.007  0.001  0.703
   1.58632    -13.216874  0.645  0.000  0.050  0.001  0.001  0.000  0.001  0.006  0.001  0.704
   1.55323    -13.189739  0.646  0.000  0.052  0.001  0.000  0.000  0.001  0.005  0.001  0.706
   1.52014    -13.164182  0.647  0.000  0.053  0.000  0.000  0.000  0.000  0.004  0.000  0.706
   1.48705    -13.140719  0.648  0.000  0.054  0.000  0.000  0.000  0.000  0.003  0.000  0.708
   1.45396    -13.119851  0.650  0.000  0.053  0.000  0.000  0.000  0.000  0.002  0.000  0.708
   1.42087    -13.102048  0.651  0.000  0.055  0.000  0.000  0.000  0.000  0.001  0.000  0.709
   1.38778    -13.087724  0.652  0.000  0.055  0.000  0.000  0.000  0.000  0.001  0.000  0.710
   1.35468    -13.077227  0.652  0.000  0.056  0.000  0.000  0.000  0.000  0.000  0.000  0.710
   1.32159    -13.070819  0.653  0.000  0.056  0.000  0.000  0.000  0.000  0.000  0.000  0.711
   1.28850    -13.068666  0.653  0.000  0.056  0.000  0.000  0.000  0.000  0.000  0.000  0.711
   1.28850    -13.068666  0.653  0.000  0.056  0.000  0.000  0.000  0.000  0.000  0.000  0.711
   1.25546    -13.070487  0.653  0.000  0.056  0.000  0.000  0.000  0.000  0.000  0.000  0.711
   1.22243    -13.075900  0.652  0.000  0.056  0.000  0.000  0.000  0.000  0.000  0.000  0.710
   1.18939    -13.084774  0.653  0.000  0.056  0.000  0.000  0.000  0.000  0.000  0.000  0.709
   1.15635    -13.096892  0.651  0.000  0.054  0.000  0.000  0.001  0.000  0.000  0.000  0.708
   1.12331    -13.111969  0.651  0.000  0.054  0.000  0.000  0.001  0.000  0.000  0.000  0.708
   1.09027    -13.129659  0.651  0.000  0.055  0.000  0.000  0.001  0.000  0.000  0.000  0.706
   1.05723    -13.149571  0.649  0.001  0.053  0.000  0.000  0.001  0.000  0.000  0.000  0.706
   1.02419    -13.171287  0.648  0.001  0.052  0.000  0.000  0.002  0.000  0.000  0.000  0.704
   0.99116    -13.194371  0.647  0.001  0.050  0.000  0.000  0.002  0.000  0.000  0.000  0.703
   0.95812    -13.218381  0.646  0.001  0.050  0.000  0.000  0.003  0.000  0.000  0.000  0.701
   0.92508    -13.242891  0.645  0.001  0.050  0.000  0.000  0.003  0.000  0.000  0.000  0.701
   0.89204    -13.267482  0.644  0.001  0.048  0.000  0.000  0.004  0.000  0.000  0.000  0.699
   0.85900    -13.291768  0.644  0.002  0.046  0.000  0.000  0.004  0.000  0.000  0.000  0.698
   0.82596    -13.315392  0.642  0.002  0.044  0.000  0.000  0.005  0.000  0.000  0.000  0.697
   0.79292    -13.338026  0.642  0.003  0.043  0.000  0.001  0.005  0.000  0.000  0.000  0.696
   0.75989    -13.359386  0.641  0.004  0.041  0.000  0.001  0.006  0.000  0.000  0.001  0.695
   0.72685    -13.379225  0.640  0.004  0.039  0.000  0.001  0.006  0.000  0.000  0.001  0.693
   0.69381    -13.397337  0.641  0.005  0.038  0.000  0.001  0.006  0.000  0.000  0.001  0.694
   0.66077    -13.413556  0.639  0.006  0.036  0.000  0.001  0.007  0.000  0.000  0.001  0.693
   0.62773    -13.427754  0.639  0.007  0.035  0.000  0.001  0.007  0.000  0.000  0.001  0.692
   0.59469    -13.439843  0.638  0.010  0.033  0.000  0.001  0.007  0.000  0.000  0.001  0.692
   0.56165    -13.449784  0.638  0.011  0.032  0.000  0.001  0.008  0.000  0.000  0.001  0.692
   0.52862    -13.457558  0.638  0.013  0.030  0.000  0.001  0.008  0.000  0.000  0.001  0.692
   0.49558    -13.463201  0.638  0.014  0.029  0.000  0.001  0.008  0.000  0.000  0.001  0.692
   0.46254    -13.466775  0.639  0.015  0.029  0.000  0.001  0.008  0.000  0.000  0.002  0.693
   0.42950    -13.468382  0.637  0.017  0.027  0.000  0.001  0.008  0.000  0.000  0.002  0.693
   0.39646    -13.468161  0.638  0.018  0.026  0.000  0.001  0.008  0.000  0.000  0.002  0.693
   0.36342    -13.466281  0.638  0.021  0.025  0.000  0.001  0.008  0.000  0.000  0.002  0.693
   0.33039    -13.462940  0.637  0.023  0.025  0.000  0.001  0.007  0.000  0.000  0.002  0.694
   0.29735    -13.458370  0.637  0.025  0.024  0.000  0.001  0.007  0.000  0.000  0.002  0.694
   0.26431    -13.452830  0.636  0.027  0.024  0.000  0.001  0.006  0.000  0.000  0.002  0.696
   0.23127    -13.446612  0.636  0.030  0.023  0.000  0.000  0.005  0.000  0.000  0.002  0.695
   0.19823    -13.440040  0.636  0.030  0.021  0.000  0.000  0.004  0.000  0.000  0.001  0.696
   0.16519    -13.433470  0.634  0.033  0.020  0.000  0.000  0.003  0.000  0.000  0.001  0.695
   0.13215    -13.427298  0.635  0.035  0.021  0.000  0.000  0.002  0.000  0.000  0.001  0.697
   0.09912    -13.421935  0.634  0.039  0.021  0.000  0.000  0.001  0.000  0.000  0.000  0.695
   0.06608    -13.417769  0.635  0.040  0.021  0.000  0.000  0.001  0.000  0.000  0.000  0.695
   0.03304    -13.415126  0.633  0.041  0.021  0.000  0.000  0.000  0.000  0.000  0.000  0.695
   0.00000    -13.414222  0.634  0.041  0.021  0.000  0.000  0.000  0.000  0.000  0.000  0.696
 
# Band-Index:    3
   0.00000     -7.179834  0.127  0.169  0.042  0.002  0.001  0.110  0.046  0.028  0.138  0.663
   0.03304     -7.177927  0.126  0.169  0.042  0.002  0.001  0.109  0.046  0.028  0.139  0.663
   0.06608     -7.172315  0.125  0.167  0.042  0.002  0.001  0.106  0.046  0.028  0.144  0.664
   0.09912     -7.163298  0.123  0.166  0.044  0.002  0.001  0.101  0.046  0.028  0.152  0.667
   0.13215     -7.151362  0.120  0.164  0.046  0.004  0.000  0.095  0.047  0.029  0.164  0.669
   0.16519     -7.137181  0.119  0.160  0.050  0.004  0.000  0.087  0.049  0.029  0.179  0.674
   0.19823     -7.121546  0.114  0.153  0.053  0.004  0.001  0.079  0.050  0.029  0.196  0.680
   0.23127     -7.105337  0.109  0.147  0.057  0.006  0.003  0.069  0.052  0.028  0.216  0.687
   0.26431     -7.089440  0.104  0.140  0.062  0.006  0.005  0.059  0.053  0.027  0.238  0.695
   0.29735     -7.074670  0.098  0.131  0.066  0.008  0.009  0.049  0.056  0.026  0.260  0.704
   0.33039     -7.061715  0.092  0.121  0.072  0.008  0.014  0.042  0.058  0.025  0.282  0.714
   0.36342     -7.051101  0.088  0.110  0.078  0.008  0.020  0.034  0.061  0.022  0.302  0.723
   0.39646     -7.043209  0.083  0.100  0.083  0.008  0.026  0.028  0.063  0.018  0.322  0.732
   0.42950     -7.038294  0.079  0.090  0.090  0.010  0.031  0.024  0.066  0.014  0.337  0.740
   0.46254     -7.036546  0.077  0.081  0.096  0.008  0.036  0.020  0.068  0.010  0.350  0.746
   0.49558     -7.038115  0.075  0.072  0.104  0.008  0.040  0.018  0.070  0.007  0.359  0.752
   0.52862     -7.043163  0.073  0.063  0.112  0.008  0.043  0.017  0.072  0.004  0.365  0.757
   0.56165     -7.051845  0.072  0.056  0.120  0.006  0.045  0.015  0.074  0.002  0.367  0.759
   0.59469     -7.064320  0.073  0.048  0.129  0.006  0.045  0.016  0.076  0.001  0.366  0.759
   0.62773     -7.080748  0.074  0.042  0.138  0.004  0.045  0.015  0.078  0.002  0.361  0.759
   0.66077     -7.101242  0.076  0.036  0.148  0.004  0.044  0.015  0.080  0.003  0.353  0.758
   0.69381     -7.125868  0.075  0.032  0.160  0.004  0.042  0.015  0.081  0.006  0.341  0.755
   0.72685     -7.154625  0.078  0.028  0.168  0.002  0.039  0.014  0.083  0.010  0.328  0.750
   0.75989     -7.187420  0.082  0.023  0.178  0.002  0.036  0.015  0.084  0.014  0.312  0.745
   0.79292     -7.224048  0.085  0.019  0.186  0.002  0.033  0.014  0.085  0.019  0.294  0.739
   0.82596     -7.264176  0.088  0.016  0.196  0.002  0.030  0.013  0.087  0.024  0.277  0.731
   0.85900     -7.307340  0.093  0.014  0.204  0.000  0.027  0.013  0.087  0.027  0.258  0.723
   0.89204     -7.352924  0.096  0.011  0.210  0.000  0.025  0.012  0.087  0.030  0.241  0.714
   0.92508     -7.400191  0.100  0.009  0.218  0.000  0.022  0.011  0.089  0.033  0.224  0.707
   0.95812     -7.448263  0.104  0.007  0.224  0.000  0.020  0.011  0.089  0.034  0.208  0.697
   0.99116     -7.496176  0.108  0.007  0.228  0.000  0.018  0.010  0.090  0.035  0.194  0.688
   1.02419     -7.542884  0.110  0.004  0.234  0.000  0.016  0.009  0.089  0.036  0.180  0.679
   1.05723     -7.587320  0.113  0.004  0.238  0.000  0.014  0.009  0.089  0.037  0.169  0.673
   1.09027     -7.628415  0.116  0.003  0.239  0.000  0.013  0.008  0.090  0.037  0.159  0.665
   1.12331     -7.665158  0.117  0.001  0.242  0.000  0.012  0.007  0.090  0.037  0.151  0.660
   1.15635     -7.696613  0.120  0.001  0.244  0.000  0.011  0.007  0.089  0.037  0.144  0.655
   1.18939     -7.721981  0.121  0.000  0.244  0.000  0.010  0.007  0.090  0.037  0.139  0.651
   1.22243     -7.740586  0.123  0.000  0.246  0.000  0.010  0.006  0.090  0.037  0.135  0.648
   1.25546     -7.751953  0.122  0.000  0.246  0.000  0.010  0.006  0.090  0.037  0.134  0.646
   1.28850     -7.755770  0.122  0.000  0.246  0.000  0.009  0.006  0.090  0.037  0.133  0.646
   1.28850     -7.755770  0.122  0.000  0.246  0.000  0.009  0.006  0.090  0.037  0.133  0.646
   1.32159     -7.750952  0.122  0.000  0.246  0.000  0.009  0.006  0.090  0.038  0.133  0.646
   1.35468     -7.736633  0.123  0.000  0.246  0.000  0.009  0.006  0.089  0.040  0.134  0.648
   1.38778     -7.713187  0.121  0.000  0.246  0.001  0.009  0.006  0.088  0.044  0.134  0.649
   1.42087     -7.681251  0.121  0.000  0.246  0.001  0.008  0.006  0.087  0.050  0.135  0.654
   1.45396     -7.641706  0.119  0.000  0.245  0.001  0.007  0.006  0.084  0.057  0.136  0.659
   1.48705     -7.595658  0.117  0.000  0.244  0.002  0.006  0.006  0.082  0.068  0.137  0.664
   1.52014     -7.544433  0.115  0.000  0.242  0.004  0.005  0.005  0.079  0.083  0.138  0.671
   1.55323     -7.489539  0.111  0.000  0.239  0.005  0.004  0.005  0.074  0.102  0.137  0.679
   1.58632     -7.432636  0.108  0.000  0.236  0.008  0.003  0.005  0.068  0.126  0.135  0.687
   1.61941     -7.375471  0.103  0.000  0.232  0.010  0.002  0.003  0.061  0.154  0.132  0.696
   1.65250     -7.319804  0.098  0.000  0.226  0.015  0.001  0.003  0.052  0.188  0.125  0.707
   1.68560     -7.267269  0.092  0.000  0.218  0.021  0.001  0.002  0.043  0.225  0.117  0.720
   1.71869     -7.219239  0.087  0.000  0.208  0.026  0.002  0.002  0.032  0.266  0.106  0.731
   1.75178     -7.176686  0.082  0.000  0.198  0.033  0.005  0.001  0.023  0.306  0.094  0.741
   1.78487     -7.140088  0.075  0.000  0.186  0.040  0.009  0.001  0.015  0.344  0.080  0.752
   1.81796     -7.109433  0.071  0.000  0.176  0.047  0.013  0.001  0.009  0.377  0.066  0.762
   1.85105     -7.084300  0.066  0.000  0.167  0.054  0.019  0.002  0.003  0.403  0.054  0.769
   1.88414     -7.063976  0.063  0.000  0.160  0.060  0.025  0.002  0.001  0.422  0.044  0.774
   1.91723     -7.047594  0.058  0.000  0.152  0.063  0.031  0.002  0.001  0.435  0.035  0.780
   1.95033     -7.034230  0.056  0.000  0.147  0.069  0.037  0.003  0.003  0.441  0.027  0.783
   1.98342     -7.022988  0.055  0.000  0.141  0.070  0.042  0.003  0.006  0.443  0.021  0.784
   2.01651     -7.013082  0.056  0.000  0.137  0.075  0.046  0.003  0.011  0.440  0.017  0.783
   2.04960     -7.003888  0.054  0.002  0.136  0.076  0.048  0.003  0.017  0.433  0.014  0.783
   2.08269     -6.995163  0.056  0.002  0.136  0.078  0.049  0.003  0.025  0.422  0.011  0.782
   2.11578     -6.987403  0.060  0.002  0.136  0.078  0.047  0.002  0.036  0.405  0.011  0.778
   2.14887     -6.982730  0.071  0.002  0.136  0.084  0.039  0.001  0.053  0.375  0.011  0.771
   2.18196     -6.986246  0.086  0.002  0.129  0.096  0.025  0.000  0.080  0.322  0.011  0.755
   2.21505     -7.005011  0.108  0.004  0.113  0.119  0.011  0.003  0.110  0.243  0.013  0.725
   2.24815     -7.039845  0.126  0.004  0.094  0.147  0.004  0.007  0.130  0.173  0.013  0.696
   2.28124     -7.083128  0.136  0.004  0.079  0.163  0.003  0.010  0.139  0.130  0.012  0.675
   2.31433     -7.127606  0.139  0.004  0.070  0.174  0.003  0.012  0.143  0.108  0.011  0.662
   2.34742     -7.169410  0.143  0.004  0.064  0.178  0.004  0.013  0.145  0.095  0.010  0.655
   2.38051     -7.206745  0.145  0.004  0.060  0.181  0.003  0.013  0.146  0.089  0.010  0.652
   2.41360     -7.238796  0.147  0.003  0.058  0.182  0.003  0.014  0.147  0.086  0.009  0.649
   2.44669     -7.265185  0.146  0.002  0.056  0.183  0.003  0.014  0.148  0.084  0.009  0.648
   2.47978     -7.285761  0.148  0.002  0.056  0.183  0.003  0.014  0.149  0.083  0.009  0.648
   2.51287     -7.300462  0.149  0.002  0.054  0.182  0.003  0.014  0.149  0.083  0.008  0.646
   2.54597     -7.309281  0.149  0.002  0.054  0.182  0.003  0.014  0.149  0.083  0.008  0.646
   2.57906     -7.312223  0.149  0.002  0.054  0.183  0.003  0.014  0.150  0.083  0.008  0.646
 
# Band-Index:    4
   2.57906     -6.297708  0.033  0.000  0.092  0.024  0.377  0.099  0.001  0.205  0.022  0.852
   2.54597     -6.313022  0.033  0.000  0.092  0.033  0.356  0.095  0.001  0.212  0.018  0.842
   2.51287     -6.354712  0.034  0.001  0.092  0.053  0.310  0.087  0.000  0.228  0.012  0.819
   2.47978     -6.412969  0.035  0.002  0.093  0.075  0.263  0.076  0.001  0.241  0.008  0.794
   2.44669     -6.478284  0.033  0.004  0.092  0.092  0.227  0.066  0.001  0.250  0.005  0.772
   2.41360     -6.544089  0.034  0.004  0.091  0.106  0.201  0.059  0.001  0.258  0.005  0.756
   2.38051     -6.606303  0.035  0.003  0.088  0.117  0.182  0.053  0.001  0.263  0.004  0.746
   2.34742     -6.662297  0.037  0.003  0.084  0.125  0.168  0.050  0.001  0.266  0.003  0.736
   2.31433     -6.710016  0.038  0.003  0.078  0.134  0.159  0.048  0.002  0.263  0.003  0.727
   2.28124     -6.747136  0.040  0.003  0.067  0.147  0.152  0.048  0.004  0.250  0.003  0.716
   2.24815     -6.769759  0.047  0.004  0.052  0.165  0.146  0.051  0.012  0.217  0.003  0.698
   2.21505     -6.771020  0.062  0.004  0.032  0.190  0.137  0.055  0.031  0.156  0.005  0.673
   2.18196     -6.744050  0.081  0.004  0.017  0.211  0.122  0.059  0.060  0.088  0.009  0.651
   2.14887     -6.690771  0.094  0.006  0.011  0.220  0.110  0.061  0.085  0.043  0.014  0.643
   2.11578     -6.619715  0.100  0.005  0.010  0.220  0.105  0.064  0.101  0.023  0.020  0.646
   2.08269     -6.537880  0.100  0.005  0.011  0.213  0.107  0.067  0.112  0.012  0.027  0.655
   2.04960     -6.449894  0.095  0.005  0.011  0.203  0.116  0.072  0.120  0.007  0.040  0.670
   2.01651     -6.359882  0.085  0.006  0.008  0.187  0.124  0.078  0.128  0.004  0.068  0.690
   1.98342     -6.275121  0.064  0.007  0.003  0.156  0.107  0.072  0.146  0.005  0.165  0.724
   1.95033     -6.233554  0.010  0.016  0.022  0.056  0.001  0.011  0.181  0.027  0.513  0.835
   1.91723     -6.262946  0.008  0.016  0.051  0.028  0.044  0.003  0.161  0.047  0.512  0.869
   1.88414     -6.305189  0.010  0.014  0.055  0.031  0.078  0.005  0.157  0.067  0.451  0.872
   1.85105     -6.348909  0.013  0.014  0.053  0.039  0.099  0.009  0.155  0.095  0.397  0.871
   1.81796     -6.391840  0.013  0.012  0.049  0.046  0.113  0.010  0.150  0.130  0.348  0.871
   1.78487     -6.432786  0.013  0.012  0.043  0.055  0.123  0.011  0.142  0.172  0.302  0.872
   1.75178     -6.470870  0.010  0.012  0.037  0.062  0.130  0.013  0.132  0.220  0.258  0.874
   1.71869     -6.505463  0.010  0.010  0.030  0.072  0.134  0.013  0.119  0.271  0.218  0.878
   1.68560     -6.536211  0.007  0.010  0.024  0.079  0.135  0.013  0.106  0.323  0.182  0.881
   1.65250     -6.563037  0.007  0.010  0.017  0.085  0.134  0.013  0.092  0.373  0.151  0.883
   1.61941     -6.586100  0.005  0.008  0.015  0.091  0.131  0.013  0.080  0.418  0.124  0.886
   1.58632     -6.605702  0.005  0.008  0.009  0.095  0.129  0.013  0.068  0.458  0.104  0.888
   1.55323     -6.622218  0.002  0.008  0.007  0.098  0.125  0.013  0.058  0.492  0.086  0.892
   1.52014     -6.636007  0.002  0.008  0.005  0.102  0.121  0.012  0.051  0.520  0.072  0.893
   1.48705     -6.647394  0.002  0.006  0.003  0.102  0.118  0.012  0.045  0.543  0.061  0.895
   1.45396     -6.656642  0.002  0.006  0.003  0.104  0.115  0.012  0.039  0.562  0.054  0.896
   1.42087     -6.663965  0.000  0.006  0.003  0.106  0.113  0.012  0.035  0.576  0.048  0.897
   1.38778     -6.669517  0.000  0.006  0.002  0.106  0.111  0.012  0.032  0.585  0.043  0.897
   1.35468     -6.673409  0.000  0.006  0.002  0.106  0.109  0.011  0.030  0.593  0.040  0.898
   1.32159     -6.675716  0.000  0.006  0.002  0.106  0.108  0.011  0.029  0.597  0.038  0.898
   1.28850     -6.676482  0.000  0.006  0.002  0.106  0.108  0.011  0.029  0.598  0.038  0.898
   1.28850     -6.676482  0.000  0.006  0.002  0.106  0.108  0.011  0.029  0.598  0.038  0.898
   1.25546     -6.676394  0.000  0.006  0.002  0.106  0.108  0.011  0.028  0.598  0.038  0.898
   1.22243     -6.676127  0.000  0.006  0.002  0.106  0.108  0.011  0.028  0.599  0.038  0.898
   1.18939     -6.675690  0.000  0.006  0.002  0.106  0.108  0.011  0.028  0.600  0.038  0.899
   1.15635     -6.675089  0.000  0.006  0.002  0.106  0.107  0.011  0.027  0.601  0.038  0.899
   1.12331     -6.674337  0.000  0.006  0.002  0.106  0.107  0.010  0.026  0.603  0.038  0.899
   1.09027     -6.673445  0.000  0.006  0.002  0.106  0.106  0.010  0.025  0.605  0.038  0.899
   1.05723     -6.672420  0.000  0.006  0.002  0.104  0.104  0.010  0.024  0.609  0.037  0.900
   1.02419     -6.671270  0.000  0.006  0.002  0.104  0.103  0.009  0.023  0.612  0.036  0.900
   0.99116     -6.669997  0.000  0.007  0.002  0.104  0.102  0.010  0.021  0.616  0.035  0.900
   0.95812     -6.668598  0.000  0.007  0.005  0.104  0.101  0.010  0.020  0.621  0.034  0.900
   0.92508     -6.667060  0.000  0.007  0.005  0.104  0.099  0.009  0.018  0.627  0.031  0.899
   0.89204     -6.665363  0.000  0.007  0.005  0.102  0.097  0.009  0.016  0.633  0.028  0.899
   0.85900     -6.663486  0.001  0.007  0.007  0.102  0.094  0.009  0.015  0.640  0.025  0.899
   0.82596     -6.661399  0.001  0.005  0.009  0.102  0.090  0.008  0.013  0.647  0.022  0.899
   0.79292     -6.659075  0.001  0.006  0.009  0.102  0.087  0.009  0.011  0.655  0.018  0.897
   0.75989     -6.656492  0.001  0.006  0.011  0.100  0.084  0.009  0.009  0.662  0.014  0.898
   0.72685     -6.653637  0.001  0.006  0.013  0.100  0.080  0.010  0.007  0.669  0.010  0.897
   0.69381     -6.650520  0.002  0.004  0.015  0.100  0.077  0.010  0.006  0.675  0.006  0.896
   0.66077     -6.647177  0.003  0.004  0.018  0.098  0.073  0.012  0.004  0.679  0.003  0.896
   0.62773     -6.643683  0.004  0.004  0.021  0.098  0.069  0.014  0.003  0.682  0.002  0.894
   0.59469     -6.640154  0.006  0.002  0.023  0.096  0.066  0.016  0.002  0.682  0.001  0.895
   0.56165     -6.636747  0.006  0.002  0.025  0.096  0.064  0.019  0.001  0.680  0.000  0.894
   0.52862     -6.633658  0.007  0.002  0.026  0.094  0.062  0.022  0.001  0.677  0.001  0.892
   0.49558     -6.631119  0.007  0.002  0.027  0.094  0.062  0.026  0.001  0.671  0.001  0.891
   0.46254     -6.629385  0.008  0.002  0.027  0.094  0.063  0.031  0.001  0.663  0.002  0.890
   0.42950     -6.628710  0.009  0.001  0.026  0.094  0.066  0.035  0.001  0.652  0.002  0.887
   0.39646     -6.629333  0.009  0.003  0.024  0.096  0.070  0.041  0.001  0.640  0.002  0.886
   0.36342     -6.631434  0.010  0.004  0.022  0.096  0.077  0.046  0.002  0.625  0.001  0.883
   0.33039     -6.635078  0.011  0.005  0.018  0.098  0.085  0.052  0.004  0.608  0.001  0.882
   0.29735     -6.640168  0.012  0.007  0.014  0.100  0.094  0.056  0.006  0.589  0.001  0.880
   0.26431     -6.646416  0.010  0.007  0.012  0.102  0.104  0.061  0.009  0.570  0.003  0.877
   0.23127     -6.653371  0.011  0.008  0.008  0.102  0.113  0.063  0.013  0.550  0.006  0.876
   0.19823     -6.660492  0.010  0.008  0.006  0.104  0.121  0.065  0.017  0.531  0.011  0.875
   0.16519     -6.667255  0.010  0.008  0.004  0.104  0.129  0.066  0.022  0.515  0.016  0.874
   0.13215     -6.673227  0.010  0.008  0.002  0.104  0.134  0.065  0.026  0.501  0.022  0.875
   0.09912     -6.678105  0.009  0.008  0.002  0.105  0.138  0.064  0.029  0.490  0.027  0.874
   0.06608     -6.681691  0.009  0.006  0.002  0.106  0.140  0.064  0.032  0.483  0.031  0.873
   0.03304     -6.683876  0.009  0.006  0.002  0.106  0.142  0.064  0.033  0.479  0.034  0.874
   0.00000     -6.684612  0.009  0.006  0.000  0.106  0.142  0.063  0.034  0.477  0.035  0.874
 
# Band-Index:    5
   0.00000     -6.395400  0.032  0.028  0.064  0.002  0.084  0.035  0.193  0.233  0.164  0.836
   0.03304     -6.394589  0.032  0.029  0.063  0.002  0.085  0.035  0.194  0.231  0.164  0.836
   0.06608     -6.392086  0.033  0.030  0.062  0.000  0.087  0.036  0.196  0.225  0.161  0.832
   0.09912     -6.387667  0.034  0.035  0.062  0.000  0.090  0.038  0.199  0.216  0.155  0.828
   0.13215     -6.380954  0.035  0.040  0.060  0.000  0.094  0.040  0.203  0.203  0.148  0.823
   0.16519     -6.371416  0.037  0.046  0.058  0.000  0.099  0.042  0.208  0.187  0.137  0.816
   0.19823     -6.358382  0.039  0.055  0.054  0.000  0.104  0.045  0.215  0.167  0.124  0.806
   0.23127     -6.341114  0.042  0.066  0.050  0.000  0.110  0.049  0.222  0.145  0.107  0.795
   0.26431     -6.318918  0.046  0.078  0.047  0.001  0.116  0.053  0.231  0.122  0.088  0.782
   0.29735     -6.291328  0.049  0.091  0.043  0.003  0.119  0.055  0.242  0.100  0.067  0.768
   0.33039     -6.258281  0.051  0.106  0.038  0.003  0.121  0.056  0.253  0.080  0.046  0.754
   0.36342     -6.220239  0.053  0.119  0.033  0.005  0.118  0.054  0.267  0.063  0.027  0.740
   0.39646     -6.178181  0.053  0.131  0.030  0.005  0.112  0.049  0.284  0.049  0.012  0.727
   0.42950     -6.133484  0.053  0.141  0.027  0.007  0.102  0.042  0.305  0.037  0.003  0.718
   0.46254     -6.087707  0.051  0.146  0.025  0.007  0.090  0.032  0.328  0.028  0.001  0.712
   0.49558     -6.042337  0.050  0.149  0.023  0.009  0.077  0.024  0.352  0.021  0.006  0.710
   0.52862     -5.998648  0.045  0.148  0.021  0.009  0.067  0.016  0.374  0.016  0.016  0.715
   0.56165     -5.957666  0.040  0.141  0.019  0.011  0.061  0.012  0.393  0.014  0.033  0.726
   0.59469     -5.920493  0.035  0.128  0.017  0.011  0.069  0.011  0.402  0.014  0.058  0.745
   0.62773     -5.888969  0.026  0.110  0.015  0.011  0.099  0.015  0.388  0.019  0.093  0.775
   0.66077     -5.865770  0.015  0.087  0.013  0.008  0.158  0.032  0.337  0.027  0.135  0.812
   0.69381     -5.852107  0.009  0.065  0.011  0.008  0.219  0.053  0.271  0.034  0.174  0.844
   0.72685     -5.846208  0.004  0.054  0.009  0.006  0.252  0.067  0.225  0.037  0.207  0.863
   0.75989     -5.845761  0.003  0.046  0.009  0.006  0.263  0.073  0.197  0.036  0.239  0.872
   0.79292     -5.849251  0.002  0.042  0.007  0.006  0.260  0.073  0.179  0.033  0.270  0.876
   0.82596     -5.855721  0.003  0.040  0.007  0.006  0.250  0.071  0.168  0.029  0.302  0.878
   0.85900     -5.864476  0.004  0.037  0.007  0.006  0.234  0.068  0.159  0.026  0.333  0.877
   0.89204     -5.874942  0.004  0.037  0.006  0.007  0.217  0.064  0.152  0.022  0.365  0.876
   0.92508     -5.886607  0.005  0.037  0.006  0.008  0.198  0.060  0.145  0.019  0.396  0.874
   0.95812     -5.898983  0.006  0.036  0.006  0.008  0.180  0.057  0.138  0.015  0.426  0.871
   0.99116     -5.911615  0.007  0.037  0.005  0.008  0.162  0.053  0.132  0.013  0.454  0.871
   1.02419     -5.924072  0.008  0.037  0.005  0.008  0.145  0.050  0.125  0.010  0.479  0.868
   1.05723     -5.935959  0.009  0.036  0.005  0.008  0.131  0.047  0.119  0.008  0.502  0.866
   1.09027     -5.946927  0.009  0.038  0.005  0.008  0.118  0.044  0.115  0.007  0.523  0.865
   1.12331     -5.956676  0.009  0.037  0.002  0.008  0.108  0.042  0.110  0.007  0.540  0.864
   1.15635     -5.964961  0.011  0.036  0.002  0.008  0.099  0.040  0.106  0.006  0.554  0.863
   1.18939     -5.971590  0.011  0.037  0.002  0.008  0.093  0.038  0.102  0.005  0.564  0.862
   1.22243     -5.976420  0.011  0.038  0.002  0.008  0.088  0.038  0.100  0.005  0.572  0.861
   1.25546     -5.979354  0.011  0.038  0.002  0.008  0.085  0.038  0.099  0.004  0.576  0.861
   1.28850     -5.980339  0.011  0.038  0.002  0.008  0.084  0.037  0.098  0.004  0.578  0.861
   1.28850     -5.980339  0.011  0.038  0.002  0.008  0.084  0.037  0.098  0.004  0.578  0.861
   1.32159     -5.979919  0.011  0.038  0.002  0.008  0.086  0.038  0.098  0.004  0.577  0.861
   1.35468     -5.978690  0.011  0.036  0.002  0.008  0.089  0.038  0.099  0.005  0.573  0.862
   1.38778     -5.976733  0.011  0.036  0.002  0.008  0.095  0.038  0.101  0.005  0.568  0.864
   1.42087     -5.974192  0.011  0.034  0.002  0.008  0.103  0.039  0.101  0.005  0.559  0.865
   1.45396     -5.971256  0.011  0.034  0.002  0.008  0.114  0.040  0.104  0.006  0.549  0.867
   1.48705     -5.968166  0.009  0.032  0.002  0.008  0.128  0.040  0.106  0.007  0.535  0.869
   1.52014     -5.965197  0.009  0.031  0.002  0.008  0.144  0.042  0.108  0.008  0.519  0.871
   1.55323     -5.962647  0.009  0.029  0.004  0.008  0.163  0.042  0.110  0.009  0.500  0.873
   1.58632     -5.960817  0.009  0.027  0.004  0.008  0.184  0.043  0.111  0.011  0.479  0.876
   1.61941     -5.959994  0.009  0.025  0.005  0.008  0.207  0.045  0.110  0.014  0.456  0.878
   1.65250     -5.960441  0.009  0.023  0.005  0.007  0.232  0.047  0.109  0.017  0.432  0.879
   1.68560     -5.962403  0.009  0.021  0.007  0.006  0.258  0.049  0.105  0.020  0.405  0.882
   1.71869     -5.966128  0.010  0.019  0.007  0.007  0.286  0.053  0.099  0.024  0.378  0.881
   1.75178     -5.971941  0.013  0.017  0.009  0.008  0.315  0.057  0.090  0.026  0.348  0.880
   1.78487     -5.980420  0.015  0.015  0.009  0.010  0.348  0.064  0.075  0.028  0.312  0.876
   1.81796     -5.992778  0.018  0.012  0.013  0.017  0.384  0.075  0.053  0.028  0.268  0.869
   1.85105     -6.011803  0.029  0.010  0.017  0.030  0.418  0.092  0.025  0.023  0.207  0.853
   1.88414     -6.043266  0.046  0.006  0.025  0.060  0.430  0.115  0.002  0.013  0.122  0.821
   1.91723     -6.093330  0.069  0.003  0.035  0.103  0.397  0.129  0.004  0.002  0.035  0.780
   1.95033     -6.151327  0.084  0.004  0.065  0.113  0.343  0.114  0.001  0.004  0.048  0.777
   1.98342     -6.152615  0.039  0.014  0.082  0.037  0.149  0.038  0.032  0.020  0.450  0.862
   2.01651     -6.120076  0.025  0.020  0.066  0.021  0.056  0.016  0.026  0.024  0.626  0.881
   2.04960     -6.090983  0.017  0.025  0.049  0.014  0.009  0.008  0.004  0.034  0.728  0.890
   2.08269     -6.073657  0.012  0.029  0.029  0.011  0.006  0.003  0.004  0.052  0.747  0.895
   2.11578     -6.068199  0.009  0.031  0.014  0.008  0.040  0.002  0.027  0.069  0.697  0.899
   2.14887     -6.069769  0.006  0.031  0.008  0.008  0.077  0.002  0.049  0.081  0.636  0.898
   2.18196     -6.074578  0.005  0.031  0.006  0.006  0.104  0.003  0.063  0.089  0.588  0.898
   2.21505     -6.080728  0.003  0.030  0.004  0.006  0.125  0.004  0.072  0.095  0.554  0.898
   2.24815     -6.087305  0.003  0.031  0.002  0.006  0.139  0.005  0.078  0.100  0.529  0.896
   2.28124     -6.093819  0.003  0.032  0.002  0.006  0.149  0.006  0.081  0.104  0.511  0.896
   2.31433     -6.099970  0.003  0.031  0.002  0.006  0.156  0.007  0.083  0.108  0.497  0.895
   2.34742     -6.105543  0.003  0.031  0.002  0.006  0.160  0.008  0.084  0.113  0.486  0.894
   2.38051     -6.110358  0.003  0.032  0.000  0.006  0.160  0.009  0.085  0.118  0.479  0.893
   2.41360     -6.114222  0.003  0.033  0.000  0.006  0.157  0.010  0.085  0.124  0.473  0.893
   2.44669     -6.116899  0.002  0.033  0.000  0.006  0.149  0.011  0.086  0.133  0.468  0.892
   2.47978     -6.118072  0.004  0.034  0.000  0.008  0.134  0.012  0.087  0.147  0.465  0.894
   2.51287     -6.117438  0.004  0.035  0.000  0.009  0.111  0.015  0.089  0.167  0.462  0.893
   2.54597     -6.115373  0.004  0.036  0.002  0.010  0.086  0.019  0.090  0.191  0.457  0.896
   2.57906     -6.114061  0.006  0.037  0.002  0.010  0.075  0.022  0.090  0.203  0.454  0.899
 
# Band-Index:    6
   2.57906     -5.643719  0.000  0.012  0.090  0.367  0.000  0.000  0.000  0.000  0.000  0.469
   2.54597     -5.627848  0.000  0.012  0.084  0.345  0.027  0.013  0.000  0.000  0.010  0.496
   2.51287     -5.591159  0.001  0.012  0.065  0.272  0.121  0.053  0.001  0.002  0.064  0.591
   2.47978     -5.564712  0.001  0.008  0.030  0.123  0.262  0.087  0.020  0.039  0.215  0.786
   2.44669     -5.566470  0.001  0.004  0.017  0.040  0.301  0.079  0.056  0.082  0.313  0.893
   2.41360     -5.583092  0.002  0.004  0.022  0.016  0.295  0.065  0.083  0.096  0.340  0.920
   2.38051     -5.607438  0.002  0.004  0.027  0.008  0.283  0.053  0.105  0.099  0.344  0.926
   2.34742     -5.637250  0.002  0.004  0.035  0.005  0.273  0.045  0.128  0.097  0.339  0.924
   2.31433     -5.671340  0.002  0.004  0.042  0.006  0.265  0.037  0.149  0.090  0.326  0.921
   2.28124     -5.708759  0.004  0.004  0.049  0.005  0.260  0.031  0.171  0.084  0.307  0.916
   2.24815     -5.748622  0.005  0.004  0.055  0.006  0.260  0.027  0.194  0.077  0.283  0.910
   2.21505     -5.790040  0.005  0.002  0.060  0.006  0.265  0.025  0.219  0.071  0.250  0.903
   2.18196     -5.832020  0.005  0.002  0.063  0.007  0.277  0.023  0.247  0.065  0.208  0.898
   2.14887     -5.873216  0.006  0.002  0.063  0.007  0.297  0.021  0.280  0.062  0.150  0.894
   2.11578     -5.911343  0.006  0.002  0.062  0.009  0.326  0.021  0.322  0.064  0.078  0.888
   2.08269     -5.942191  0.005  0.004  0.051  0.010  0.351  0.018  0.363  0.072  0.012  0.886
   2.04960     -5.960310  0.003  0.007  0.033  0.013  0.340  0.013  0.384  0.083  0.011  0.887
   2.01651     -5.964506  0.000  0.012  0.018  0.016  0.287  0.007  0.382  0.087  0.076  0.888
   1.98342     -5.958344  0.001  0.017  0.011  0.023  0.218  0.002  0.387  0.084  0.143  0.889
   1.95033     -5.943716  0.005  0.018  0.006  0.039  0.141  0.001  0.413  0.077  0.184  0.882
   1.91723     -5.918424  0.010  0.019  0.006  0.061  0.058  0.010  0.459  0.064  0.184  0.870
   1.88414     -5.878553  0.018  0.017  0.005  0.087  0.006  0.039  0.492  0.043  0.141  0.852
   1.85105     -5.827028  0.024  0.017  0.007  0.096  0.015  0.078  0.494  0.024  0.091  0.847
   1.81796     -5.773639  0.023  0.014  0.008  0.089  0.054  0.113  0.483  0.011  0.060  0.853
   1.78487     -5.725603  0.017  0.013  0.006  0.075  0.099  0.138  0.471  0.004  0.044  0.867
   1.75178     -5.685823  0.011  0.015  0.006  0.061  0.142  0.155  0.454  0.001  0.035  0.881
   1.71869     -5.654770  0.008  0.014  0.004  0.048  0.186  0.168  0.430  0.003  0.031  0.890
   1.68560     -5.631812  0.003  0.016  0.002  0.038  0.228  0.174  0.400  0.008  0.029  0.898
   1.65250     -5.615892  0.002  0.017  0.002  0.030  0.271  0.176  0.363  0.015  0.027  0.902
   1.61941     -5.605794  0.001  0.017  0.000  0.024  0.314  0.175  0.320  0.025  0.027  0.905
   1.58632     -5.600264  0.001  0.018  0.000  0.019  0.355  0.173  0.277  0.037  0.026  0.905
   1.55323     -5.598076  0.001  0.018  0.000  0.017  0.393  0.169  0.236  0.047  0.025  0.905
   1.52014     -5.598121  0.001  0.018  0.000  0.013  0.426  0.166  0.200  0.056  0.024  0.905
   1.48705     -5.599472  0.002  0.018  0.000  0.010  0.454  0.161  0.170  0.065  0.023  0.905
   1.45396     -5.601424  0.003  0.018  0.000  0.010  0.478  0.159  0.146  0.071  0.021  0.908
   1.42087     -5.603479  0.003  0.017  0.000  0.008  0.497  0.157  0.128  0.075  0.020  0.907
   1.38778     -5.605311  0.003  0.016  0.000  0.008  0.511  0.156  0.115  0.078  0.018  0.908
   1.35468     -5.606725  0.004  0.016  0.002  0.006  0.521  0.155  0.106  0.080  0.017  0.908
   1.32159     -5.607610  0.004  0.016  0.002  0.006  0.526  0.154  0.101  0.082  0.017  0.908
   1.28850     -5.607912  0.004  0.016  0.002  0.006  0.528  0.154  0.099  0.083  0.017  0.908
   1.28850     -5.607912  0.004  0.016  0.002  0.006  0.528  0.154  0.099  0.083  0.017  0.908
   1.25546     -5.607595  0.004  0.016  0.002  0.006  0.526  0.154  0.101  0.081  0.017  0.908
   1.22243     -5.606691  0.004  0.016  0.002  0.006  0.521  0.155  0.106  0.080  0.017  0.908
   1.18939     -5.605333  0.004  0.018  0.002  0.006  0.512  0.157  0.114  0.077  0.017  0.906
   1.15635     -5.603745  0.004  0.018  0.002  0.006  0.499  0.159  0.125  0.074  0.018  0.906
   1.12331     -5.602252  0.004  0.019  0.000  0.006  0.482  0.162  0.140  0.070  0.019  0.903
   1.09027     -5.601267  0.004  0.021  0.000  0.006  0.462  0.164  0.158  0.064  0.019  0.901
   1.05723     -5.601287  0.005  0.023  0.000  0.006  0.437  0.168  0.179  0.059  0.020  0.899
   1.02419     -5.602853  0.007  0.026  0.000  0.006  0.410  0.171  0.204  0.052  0.020  0.896
   0.99116     -5.606513  0.008  0.029  0.003  0.006  0.381  0.174  0.228  0.046  0.019  0.892
   0.95812     -5.612766  0.009  0.033  0.003  0.006  0.351  0.176  0.250  0.041  0.019  0.887
   0.92508     -5.622017  0.010  0.037  0.003  0.006  0.322  0.177  0.271  0.035  0.018  0.880
   0.89204     -5.634545  0.011  0.042  0.003  0.006  0.295  0.177  0.288  0.031  0.016  0.873
   0.85900     -5.650473  0.013  0.049  0.003  0.006  0.271  0.177  0.299  0.028  0.015  0.863
   0.82596     -5.669763  0.017  0.058  0.005  0.006  0.251  0.177  0.304  0.026  0.012  0.853
   0.79292     -5.692183  0.019  0.064  0.006  0.006  0.236  0.176  0.299  0.025  0.009  0.842
   0.75989     -5.717252  0.022  0.073  0.008  0.006  0.230  0.178  0.285  0.025  0.006  0.833
   0.72685     -5.744111  0.025  0.078  0.009  0.006  0.238  0.184  0.255  0.028  0.002  0.824
   0.69381     -5.771232  0.026  0.081  0.010  0.004  0.268  0.199  0.201  0.034  0.000  0.823
   0.66077     -5.796191  0.022  0.077  0.012  0.002  0.324  0.221  0.126  0.045  0.005  0.834
   0.62773     -5.816940  0.018  0.069  0.012  0.002  0.378  0.238  0.061  0.058  0.014  0.849
   0.59469     -5.834223  0.015  0.066  0.014  0.000  0.400  0.245  0.030  0.067  0.017  0.855
   0.56165     -5.849940  0.015  0.071  0.016  0.000  0.397  0.245  0.021  0.071  0.014  0.850
   0.52862     -5.864704  0.015  0.079  0.018  0.000  0.381  0.241  0.021  0.074  0.009  0.837
   0.49558     -5.877932  0.016  0.091  0.021  0.002  0.356  0.233  0.024  0.074  0.004  0.820
   0.46254     -5.888503  0.018  0.105  0.025  0.003  0.328  0.220  0.029  0.073  0.002  0.800
   0.42950     -5.895233  0.016  0.119  0.028  0.003  0.298  0.205  0.034  0.071  0.000  0.777
   0.39646     -5.897139  0.018  0.136  0.032  0.003  0.270  0.187  0.039  0.068  0.000  0.753
   0.36342     -5.893509  0.018  0.153  0.035  0.003  0.244  0.168  0.043  0.063  0.000  0.729
   0.33039     -5.883924  0.019  0.170  0.040  0.004  0.220  0.149  0.045  0.059  0.000  0.706
   0.29735     -5.868258  0.019  0.188  0.045  0.004  0.198  0.130  0.045  0.053  0.000  0.682
   0.26431     -5.846674  0.018  0.207  0.049  0.005  0.178  0.111  0.044  0.047  0.001  0.658
   0.23127     -5.819655  0.015  0.227  0.055  0.005  0.157  0.093  0.041  0.040  0.000  0.634
   0.19823     -5.788055  0.013  0.249  0.058  0.006  0.137  0.075  0.037  0.034  0.000  0.608
   0.16519     -5.753169  0.011  0.271  0.065  0.006  0.114  0.059  0.031  0.027  0.000  0.582
   0.13215     -5.716874  0.009  0.295  0.069  0.007  0.089  0.042  0.024  0.020  0.000  0.555
   0.09912     -5.681808  0.006  0.320  0.076  0.005  0.061  0.027  0.017  0.013  0.000  0.526
   0.06608     -5.651546  0.003  0.345  0.082  0.006  0.033  0.013  0.009  0.006  0.000  0.498
   0.03304     -5.630510  0.001  0.364  0.086  0.007  0.010  0.004  0.003  0.002  0.000  0.476
   0.00000     -5.622885  0.000  0.372  0.087  0.007  0.000  0.000  0.000  0.000  0.000  0.467
 
# Band-Index:    7
   0.00000     -5.234943  0.030  0.038  0.000  0.000  0.581  0.007  0.006  0.032  0.218  0.913
   0.03304     -5.230471  0.029  0.040  0.001  0.000  0.570  0.006  0.004  0.031  0.226  0.908
   0.06608     -5.218791  0.026  0.048  0.002  0.000  0.540  0.004  0.001  0.027  0.247  0.899
   0.09912     -5.203675  0.023  0.055  0.004  0.000  0.499  0.004  0.003  0.023  0.279  0.891
   0.13215     -5.188490  0.021  0.055  0.006  0.000  0.454  0.008  0.012  0.019  0.313  0.889
   0.16519     -5.174971  0.018  0.052  0.006  0.000  0.409  0.018  0.029  0.016  0.342  0.892
   0.19823     -5.163294  0.019  0.048  0.005  0.000  0.368  0.029  0.049  0.013  0.364  0.895
   0.23127     -5.152744  0.018  0.045  0.004  0.000  0.331  0.043  0.068  0.012  0.378  0.899
   0.26431     -5.142291  0.018  0.043  0.006  0.000  0.300  0.057  0.083  0.010  0.384  0.901
   0.29735     -5.130854  0.018  0.043  0.006  0.002  0.273  0.072  0.093  0.009  0.384  0.901
   0.33039     -5.117372  0.020  0.045  0.005  0.002  0.250  0.089  0.100  0.008  0.380  0.897
   0.36342     -5.100805  0.021  0.048  0.007  0.002  0.228  0.107  0.101  0.007  0.372  0.893
   0.39646     -5.080136  0.021  0.052  0.007  0.003  0.209  0.129  0.100  0.007  0.358  0.887
   0.42950     -5.054424  0.024  0.059  0.007  0.003  0.191  0.155  0.095  0.006  0.339  0.879
   0.46254     -5.022957  0.024  0.069  0.009  0.003  0.174  0.187  0.089  0.005  0.311  0.869
   0.49558     -4.985553  0.024  0.077  0.012  0.003  0.156  0.225  0.086  0.005  0.271  0.861
   0.52862     -4.943441  0.021  0.087  0.021  0.001  0.131  0.274  0.102  0.006  0.203  0.846
   0.56165     -4.906312  0.029  0.099  0.081  0.002  0.044  0.267  0.224  0.011  0.038  0.795
   0.59469     -4.895666  0.059  0.102  0.124  0.003  0.008  0.158  0.264  0.015  0.020  0.753
   0.62773     -4.895705  0.068  0.096  0.132  0.003  0.008  0.132  0.247  0.020  0.043  0.746
   0.66077     -4.901396  0.071  0.087  0.134  0.003  0.012  0.124  0.231  0.025  0.060  0.748
   0.69381     -4.913134  0.073  0.073  0.137  0.003  0.021  0.118  0.218  0.033  0.074  0.751
   0.72685     -4.931383  0.074  0.061  0.135  0.003  0.035  0.114  0.209  0.042  0.085  0.757
   0.75989     -4.955855  0.073  0.049  0.132  0.003  0.052  0.108  0.204  0.051  0.093  0.767
   0.79292     -4.985401  0.071  0.039  0.124  0.003  0.070  0.103  0.207  0.060  0.099  0.776
   0.82596     -5.018283  0.069  0.030  0.118  0.003  0.085  0.097  0.216  0.068  0.100  0.787
   0.85900     -5.052562  0.067  0.023  0.110  0.003  0.098  0.091  0.231  0.076  0.099  0.797
   0.89204     -5.086428  0.063  0.018  0.101  0.003  0.105  0.087  0.251  0.082  0.096  0.808
   0.92508     -5.118398  0.060  0.013  0.095  0.003  0.108  0.085  0.278  0.087  0.090  0.818
   0.95812     -5.147400  0.057  0.011  0.086  0.002  0.107  0.084  0.308  0.089  0.084  0.828
   0.99116     -5.172794  0.054  0.008  0.080  0.002  0.102  0.085  0.340  0.091  0.077  0.839
   1.02419     -5.194326  0.050  0.005  0.074  0.002  0.095  0.086  0.372  0.090  0.070  0.847
   1.05723     -5.212058  0.048  0.005  0.069  0.000  0.087  0.089  0.403  0.089  0.063  0.853
   1.09027     -5.226265  0.047  0.003  0.065  0.000  0.078  0.092  0.431  0.087  0.057  0.861
   1.12331     -5.237346  0.045  0.002  0.060  0.000  0.070  0.095  0.455  0.085  0.052  0.865
   1.15635     -5.245725  0.042  0.002  0.058  0.000  0.063  0.098  0.475  0.083  0.048  0.871
   1.18939     -5.251802  0.041  0.002  0.056  0.000  0.057  0.100  0.490  0.081  0.046  0.873
   1.22243     -5.255901  0.040  0.002  0.054  0.000  0.053  0.101  0.501  0.080  0.044  0.876
   1.25546     -5.258266  0.040  0.002  0.054  0.000  0.051  0.102  0.508  0.079  0.042  0.877
   1.28850     -5.259037  0.039  0.002  0.054  0.000  0.050  0.103  0.510  0.079  0.042  0.878
   1.28850     -5.259037  0.039  0.002  0.054  0.000  0.050  0.103  0.510  0.079  0.042  0.878
   1.32159     -5.259013  0.039  0.002  0.054  0.000  0.051  0.102  0.507  0.080  0.042  0.877
   1.35468     -5.258898  0.040  0.002  0.054  0.000  0.053  0.101  0.499  0.082  0.043  0.877
   1.38778     -5.258540  0.041  0.002  0.056  0.002  0.056  0.098  0.486  0.087  0.045  0.873
   1.42087     -5.257683  0.044  0.002  0.058  0.002  0.060  0.095  0.468  0.093  0.047  0.870
   1.45396     -5.255956  0.046  0.002  0.060  0.004  0.067  0.091  0.441  0.102  0.050  0.865
   1.48705     -5.252859  0.049  0.004  0.063  0.006  0.076  0.084  0.409  0.113  0.055  0.858
   1.52014     -5.247767  0.053  0.004  0.067  0.008  0.087  0.078  0.368  0.126  0.060  0.850
   1.55323     -5.239969  0.058  0.006  0.071  0.010  0.100  0.069  0.320  0.142  0.066  0.840
   1.58632     -5.228765  0.061  0.008  0.074  0.014  0.116  0.059  0.266  0.158  0.071  0.830
   1.61941     -5.213638  0.068  0.010  0.078  0.018  0.133  0.050  0.210  0.174  0.078  0.818
   1.65250     -5.194501  0.074  0.012  0.083  0.022  0.150  0.040  0.154  0.189  0.083  0.808
   1.68560     -5.171980  0.079  0.014  0.085  0.028  0.166  0.030  0.103  0.199  0.087  0.794
   1.71869     -5.147645  0.087  0.014  0.088  0.036  0.183  0.020  0.061  0.204  0.088  0.782
   1.75178     -5.124147  0.091  0.016  0.090  0.045  0.200  0.010  0.029  0.203  0.086  0.770
   1.78487     -5.105049  0.098  0.016  0.088  0.053  0.215  0.003  0.010  0.192  0.081  0.757
   1.81796     -5.093988  0.103  0.016  0.084  0.064  0.229  0.001  0.008  0.172  0.073  0.747
   1.85105     -5.093083  0.103  0.016  0.076  0.073  0.239  0.009  0.022  0.143  0.062  0.742
   1.88414     -5.101532  0.100  0.014  0.067  0.077  0.244  0.029  0.047  0.113  0.050  0.743
   1.91723     -5.116150  0.094  0.014  0.061  0.077  0.245  0.055  0.077  0.086  0.040  0.749
   1.95033     -5.133348  0.086  0.014  0.052  0.074  0.244  0.084  0.108  0.062  0.032  0.758
   1.98342     -5.150598  0.077  0.014  0.048  0.069  0.241  0.112  0.135  0.045  0.025  0.767
   2.01651     -5.166623  0.071  0.014  0.044  0.065  0.236  0.137  0.157  0.032  0.021  0.776
   2.04960     -5.181021  0.063  0.014  0.042  0.062  0.230  0.159  0.175  0.022  0.016  0.783
   2.08269     -5.193851  0.058  0.014  0.040  0.059  0.222  0.178  0.188  0.015  0.013  0.788
   2.11578     -5.205401  0.053  0.014  0.041  0.057  0.214  0.192  0.199  0.010  0.009  0.793
   2.14887     -5.216058  0.048  0.016  0.041  0.059  0.203  0.205  0.207  0.006  0.007  0.793
   2.18196     -5.226275  0.045  0.016  0.042  0.062  0.192  0.213  0.214  0.003  0.005  0.791
   2.21505     -5.236596  0.040  0.016  0.045  0.068  0.179  0.219  0.217  0.001  0.003  0.788
   2.24815     -5.247747  0.038  0.017  0.046  0.076  0.162  0.219  0.219  0.001  0.002  0.780
   2.28124     -5.260768  0.032  0.017  0.050  0.088  0.145  0.213  0.219  0.003  0.002  0.770
   2.31433     -5.277216  0.028  0.017  0.057  0.106  0.124  0.199  0.213  0.007  0.004  0.753
   2.34742     -5.299332  0.023  0.018  0.063  0.127  0.099  0.176  0.203  0.016  0.008  0.731
   2.38051     -5.329878  0.016  0.017  0.073  0.157  0.070  0.142  0.185  0.031  0.015  0.703
   2.41360     -5.371013  0.012  0.014  0.080  0.190  0.037  0.097  0.162  0.054  0.028  0.673
   2.44669     -5.421323  0.008  0.010  0.086  0.207  0.006  0.048  0.143  0.088  0.061  0.658
   2.47978     -5.469779  0.005  0.006  0.078  0.164  0.019  0.008  0.138  0.145  0.161  0.721
   2.51287     -5.493776  0.003  0.001  0.041  0.052  0.132  0.016  0.126  0.187  0.311  0.871
   2.54597     -5.497624  0.003  0.000  0.023  0.008  0.203  0.035  0.110  0.188  0.361  0.933
   2.57906     -5.497643  0.003  0.000  0.018  0.000  0.220  0.041  0.104  0.186  0.370  0.945
 
# Band-Index:    8
   2.57906     -4.866354  0.054  0.026  0.012  0.036  0.005  0.349  0.260  0.052  0.053  0.847
   2.54597     -4.862778  0.054  0.026  0.013  0.038  0.004  0.347  0.254  0.054  0.051  0.844
   2.51287     -4.850965  0.054  0.026  0.020  0.048  0.004  0.338  0.237  0.061  0.046  0.833
   2.47978     -4.827938  0.053  0.024  0.027  0.063  0.002  0.324  0.209  0.072  0.037  0.815
   2.44669     -4.789865  0.050  0.022  0.040  0.085  0.001  0.304  0.169  0.088  0.030  0.789
   2.41360     -4.734316  0.045  0.023  0.051  0.109  0.001  0.286  0.121  0.105  0.024  0.764
   2.38051     -4.663166  0.036  0.023  0.059  0.127  0.007  0.282  0.074  0.117  0.022  0.748
   2.34742     -4.585182  0.025  0.028  0.060  0.124  0.028  0.312  0.033  0.116  0.023  0.751
   2.31433     -4.518483  0.011  0.040  0.048  0.088  0.073  0.389  0.014  0.091  0.028  0.785
   2.28124     -4.482199  0.003  0.052  0.036  0.043  0.123  0.458  0.027  0.054  0.034  0.831
   2.24815     -4.472159  0.000  0.060  0.031  0.018  0.146  0.483  0.045  0.033  0.034  0.854
   2.21505     -4.474412  0.000  0.066  0.028  0.009  0.153  0.494  0.053  0.024  0.033  0.862
   2.18196     -4.481712  0.000  0.070  0.027  0.007  0.152  0.501  0.055  0.022  0.031  0.865
   2.14887     -4.491189  0.000  0.072  0.026  0.004  0.148  0.510  0.053  0.022  0.030  0.864
   2.11578     -4.501646  0.002  0.074  0.025  0.004  0.141  0.520  0.048  0.022  0.027  0.865
   2.08269     -4.512544  0.002  0.076  0.023  0.005  0.133  0.530  0.042  0.025  0.026  0.864
   2.04960     -4.523600  0.002  0.078  0.023  0.007  0.125  0.541  0.035  0.027  0.023  0.861
   2.01651     -4.534554  0.002  0.078  0.022  0.010  0.114  0.551  0.028  0.030  0.022  0.858
   1.98342     -4.544911  0.003  0.078  0.021  0.012  0.104  0.560  0.022  0.032  0.021  0.854
   1.95033     -4.553617  0.004  0.076  0.019  0.020  0.090  0.569  0.016  0.033  0.018  0.848
   1.91723     -4.558611  0.008  0.072  0.017  0.030  0.076  0.575  0.013  0.031  0.016  0.840
   1.88414     -4.556589  0.012  0.070  0.013  0.042  0.062  0.578  0.012  0.026  0.013  0.830
   1.85105     -4.543696  0.018  0.066  0.009  0.055  0.051  0.581  0.010  0.017  0.010  0.819
   1.81796     -4.517950  0.025  0.064  0.007  0.066  0.045  0.582  0.008  0.008  0.007  0.811
   1.78487     -4.482353  0.032  0.062  0.005  0.064  0.045  0.590  0.006  0.002  0.006  0.814
   1.75178     -4.445037  0.033  0.062  0.006  0.054  0.051  0.600  0.010  0.001  0.009  0.827
   1.71869     -4.414233  0.031  0.062  0.009  0.035  0.061  0.608  0.021  0.002  0.014  0.843
   1.68560     -4.392845  0.027  0.060  0.011  0.023  0.071  0.610  0.034  0.004  0.020  0.860
   1.65250     -4.379148  0.022  0.058  0.013  0.014  0.080  0.607  0.045  0.006  0.024  0.872
   1.61941     -4.370392  0.021  0.054  0.012  0.009  0.088  0.605  0.053  0.007  0.029  0.879
   1.58632     -4.364534  0.017  0.052  0.012  0.005  0.093  0.603  0.059  0.009  0.031  0.885
   1.55323     -4.360357  0.016  0.048  0.012  0.005  0.099  0.601  0.063  0.010  0.034  0.887
   1.52014     -4.357196  0.016  0.046  0.012  0.002  0.102  0.600  0.064  0.012  0.036  0.891
   1.48705     -4.354701  0.015  0.044  0.011  0.002  0.105  0.600  0.066  0.013  0.037  0.893
   1.45396     -4.352693  0.015  0.042  0.010  0.002  0.109  0.600  0.067  0.014  0.039  0.897
   1.42087     -4.351085  0.015  0.040  0.010  0.000  0.111  0.599  0.068  0.015  0.040  0.898
   1.38778     -4.349845  0.015  0.038  0.008  0.000  0.112  0.600  0.068  0.016  0.041  0.900
   1.35468     -4.348959  0.015  0.038  0.008  0.000  0.113  0.599  0.068  0.016  0.042  0.901
   1.32159     -4.348425  0.015  0.036  0.008  0.000  0.114  0.599  0.068  0.016  0.042  0.900
   1.28850     -4.348247  0.015  0.036  0.008  0.000  0.114  0.599  0.068  0.017  0.043  0.900
   1.28850     -4.348247  0.015  0.036  0.008  0.000  0.114  0.599  0.068  0.017  0.043  0.900
   1.25546     -4.349291  0.015  0.036  0.008  0.000  0.114  0.598  0.068  0.016  0.043  0.900
   1.22243     -4.352442  0.015  0.038  0.008  0.000  0.115  0.595  0.068  0.016  0.043  0.899
   1.18939     -4.357748  0.015  0.040  0.008  0.000  0.115  0.591  0.068  0.015  0.044  0.898
   1.15635     -4.365286  0.015  0.042  0.011  0.000  0.116  0.584  0.067  0.014  0.045  0.895
   1.12331     -4.375149  0.015  0.046  0.011  0.000  0.117  0.575  0.067  0.012  0.047  0.892
   1.09027     -4.387428  0.016  0.050  0.012  0.000  0.119  0.564  0.067  0.011  0.048  0.887
   1.05723     -4.402193  0.016  0.054  0.013  0.002  0.121  0.550  0.066  0.009  0.050  0.883
   1.02419     -4.419469  0.019  0.060  0.013  0.002  0.124  0.536  0.065  0.007  0.052  0.877
   0.99116     -4.439206  0.019  0.066  0.014  0.002  0.128  0.518  0.064  0.006  0.054  0.873
   0.95812     -4.461250  0.019  0.073  0.016  0.002  0.133  0.500  0.064  0.004  0.056  0.866
   0.92508     -4.485349  0.019  0.080  0.015  0.002  0.140  0.480  0.062  0.003  0.057  0.860
   0.89204     -4.511149  0.019  0.086  0.016  0.002  0.149  0.461  0.061  0.001  0.058  0.856
   0.85900     -4.538280  0.021  0.090  0.015  0.002  0.159  0.444  0.059  0.001  0.060  0.851
   0.82596     -4.566435  0.018  0.094  0.014  0.002  0.169  0.429  0.055  0.001  0.062  0.848
   0.79292     -4.595579  0.017  0.098  0.013  0.003  0.181  0.416  0.050  0.001  0.066  0.847
   0.75989     -4.626154  0.017  0.101  0.013  0.003  0.190  0.405  0.042  0.001  0.073  0.845
   0.72685     -4.659211  0.017  0.102  0.011  0.003  0.195  0.394  0.032  0.002  0.087  0.844
   0.69381     -4.696245  0.019  0.103  0.010  0.003  0.194  0.377  0.022  0.002  0.107  0.841
   0.66077     -4.738430  0.023  0.105  0.009  0.003  0.189  0.353  0.014  0.002  0.138  0.839
   0.62773     -4.785507  0.029  0.105  0.009  0.003  0.183  0.314  0.009  0.001  0.180  0.835
   0.59469     -4.834886  0.040  0.105  0.011  0.003  0.179  0.251  0.009  0.001  0.232  0.833
   0.56165     -4.877330  0.071  0.107  0.049  0.004  0.149  0.101  0.072  0.001  0.245  0.797
   0.52862     -4.892983  0.076  0.115  0.102  0.003  0.073  0.057  0.218  0.003  0.110  0.759
   0.49558     -4.900374  0.071  0.117  0.107  0.003  0.066  0.069  0.259  0.004  0.066  0.760
   0.46254     -4.907553  0.066  0.118  0.103  0.003  0.071  0.074  0.280  0.003  0.047  0.765
   0.42950     -4.915289  0.063  0.118  0.100  0.003  0.078  0.079  0.298  0.002  0.033  0.772
   0.39646     -4.923788  0.059  0.116  0.096  0.002  0.085  0.082  0.313  0.002  0.023  0.779
   0.36342     -4.933228  0.056  0.113  0.092  0.002  0.091  0.086  0.330  0.002  0.014  0.788
   0.33039     -4.943808  0.052  0.111  0.087  0.002  0.095  0.090  0.349  0.002  0.008  0.796
   0.29735     -4.955705  0.049  0.104  0.083  0.003  0.097  0.096  0.369  0.003  0.003  0.807
   0.26431     -4.968999  0.046  0.098  0.078  0.003  0.095  0.103  0.393  0.003  0.002  0.819
   0.23127     -4.983576  0.043  0.088  0.071  0.003  0.087  0.113  0.421  0.004  0.006  0.834
   0.19823     -4.999000  0.040  0.074  0.066  0.003  0.076  0.124  0.451  0.004  0.015  0.852
   0.16519     -5.014432  0.037  0.058  0.059  0.003  0.060  0.136  0.483  0.004  0.034  0.873
   0.13215     -5.028692  0.034  0.041  0.053  0.002  0.043  0.148  0.511  0.005  0.061  0.896
   0.09912     -5.040573  0.031  0.024  0.047  0.002  0.027  0.157  0.531  0.004  0.092  0.918
   0.06608     -5.049246  0.028  0.011  0.041  0.002  0.017  0.163  0.543  0.004  0.121  0.931
   0.03304     -5.054422  0.027  0.003  0.038  0.002  0.012  0.166  0.547  0.003  0.142  0.942
   0.00000     -5.056130  0.027  0.000  0.038  0.002  0.010  0.166  0.548  0.003  0.149  0.944
 
# Band-Index:    9
   0.00000     -4.081657  0.017  0.098  0.473  0.003  0.000  0.000  0.000  0.000  0.000  0.592
   0.03304     -4.078678  0.018  0.097  0.473  0.003  0.000  0.000  0.000  0.000  0.001  0.594
   0.06608     -4.069818  0.018  0.095  0.471  0.003  0.002  0.000  0.003  0.000  0.003  0.596
   0.09912     -4.055326  0.018  0.093  0.466  0.003  0.004  0.001  0.007  0.001  0.008  0.603
   0.13215     -4.035788  0.018  0.087  0.457  0.003  0.010  0.003  0.014  0.003  0.016  0.612
   0.16519     -4.012727  0.020  0.077  0.430  0.005  0.023  0.015  0.026  0.005  0.033  0.636
   0.19823     -3.990556  0.025  0.060  0.351  0.005  0.058  0.072  0.049  0.008  0.070  0.699
   0.23127     -3.978335  0.036  0.033  0.210  0.005  0.110  0.201  0.077  0.009  0.120  0.803
   0.26431     -3.977903  0.044  0.020  0.124  0.005  0.140  0.285  0.089  0.009  0.144  0.861
   0.29735     -3.983265  0.047  0.016  0.091  0.005  0.154  0.312  0.093  0.008  0.154  0.883
   0.33039     -3.991319  0.050  0.015  0.078  0.005  0.162  0.313  0.094  0.009  0.160  0.888
   0.36342     -4.000918  0.056  0.016  0.070  0.005  0.170  0.301  0.095  0.010  0.167  0.891
   0.39646     -4.011436  0.058  0.019  0.066  0.005  0.177  0.283  0.096  0.011  0.174  0.889
   0.42950     -4.022288  0.063  0.021  0.063  0.005  0.183  0.259  0.097  0.012  0.182  0.886
   0.46254     -4.032707  0.068  0.027  0.061  0.005  0.189  0.230  0.098  0.013  0.190  0.881
   0.49558     -4.041554  0.074  0.034  0.059  0.006  0.192  0.197  0.099  0.015  0.201  0.875
   0.52862     -4.047148  0.080  0.044  0.056  0.006  0.193  0.159  0.099  0.016  0.211  0.866
   0.56165     -4.047042  0.089  0.058  0.052  0.006  0.190  0.120  0.098  0.019  0.221  0.854
   0.59469     -4.037946  0.097  0.078  0.048  0.006  0.181  0.081  0.096  0.020  0.230  0.836
   0.62773     -4.015967  0.106  0.103  0.044  0.006  0.166  0.046  0.090  0.020  0.235  0.817
   0.66077     -3.977417  0.112  0.132  0.041  0.006  0.145  0.021  0.081  0.021  0.233  0.793
   0.69381     -3.920106  0.118  0.165  0.039  0.004  0.120  0.008  0.069  0.021  0.223  0.768
   0.72685     -3.844361  0.122  0.199  0.037  0.004  0.096  0.008  0.055  0.021  0.204  0.745
   0.75989     -3.752984  0.120  0.227  0.037  0.004  0.073  0.020  0.040  0.021  0.178  0.725
   0.79292     -3.650473  0.116  0.253  0.039  0.006  0.054  0.041  0.027  0.023  0.147  0.706
   0.82596     -3.542264  0.107  0.275  0.041  0.005  0.036  0.069  0.017  0.027  0.113  0.692
   0.85900     -3.434385  0.096  0.289  0.043  0.008  0.021  0.103  0.012  0.035  0.077  0.684
   0.89204     -3.332848  0.079  0.295  0.045  0.009  0.010  0.139  0.015  0.048  0.042  0.684
   0.92508     -3.241928  0.062  0.295  0.042  0.012  0.003  0.172  0.025  0.062  0.017  0.690
   0.95812     -3.162302  0.044  0.293  0.038  0.012  0.003  0.195  0.037  0.075  0.006  0.703
   0.99116     -3.091750  0.031  0.289  0.031  0.012  0.005  0.207  0.049  0.086  0.006  0.720
   1.02419     -3.027706  0.023  0.288  0.025  0.013  0.010  0.214  0.058  0.092  0.014  0.736
   1.05723     -2.968774  0.016  0.286  0.019  0.011  0.017  0.219  0.064  0.095  0.025  0.750
   1.09027     -2.914794  0.013  0.285  0.014  0.009  0.023  0.223  0.067  0.095  0.036  0.764
   1.12331     -2.866452  0.009  0.284  0.010  0.007  0.028  0.228  0.069  0.093  0.048  0.778
   1.15635     -2.824846  0.006  0.282  0.007  0.004  0.034  0.236  0.070  0.090  0.058  0.790
   1.18939     -2.791159  0.005  0.282  0.005  0.002  0.039  0.242  0.071  0.087  0.066  0.800
   1.22243     -2.766392  0.005  0.280  0.004  0.002  0.043  0.248  0.071  0.083  0.072  0.806
   1.25546     -2.751261  0.003  0.280  0.002  0.000  0.045  0.251  0.070  0.081  0.075  0.811
   1.28850     -2.746174  0.003  0.280  0.002  0.000  0.047  0.253  0.070  0.080  0.077  0.812
   1.28850     -2.746174  0.003  0.280  0.002  0.000  0.047  0.253  0.070  0.080  0.077  0.812
   1.32159     -2.748236  0.003  0.280  0.002  0.000  0.046  0.252  0.070  0.081  0.076  0.812
   1.35468     -2.754395  0.003  0.280  0.002  0.000  0.046  0.249  0.071  0.083  0.074  0.810
   1.38778     -2.764641  0.003  0.279  0.002  0.002  0.045  0.245  0.072  0.087  0.071  0.806
   1.42087     -2.779706  0.006  0.272  0.004  0.009  0.040  0.230  0.076  0.099  0.065  0.802
   1.45396     -2.807203  0.012  0.217  0.008  0.065  0.034  0.154  0.088  0.140  0.052  0.771
   1.48705     -2.902009  0.029  0.043  0.021  0.289  0.061  0.006  0.063  0.142  0.029  0.681
   1.52014     -3.051339  0.036  0.016  0.023  0.335  0.066  0.001  0.050  0.100  0.027  0.656
   1.55323     -3.211070  0.040  0.012  0.028  0.343  0.062  0.003  0.050  0.077  0.026  0.644
   1.58632     -3.371845  0.044  0.012  0.030  0.343  0.059  0.005  0.056  0.061  0.027  0.638
   1.61941     -3.528084  0.047  0.012  0.033  0.333  0.057  0.008  0.067  0.052  0.028  0.636
   1.65250     -3.674279  0.047  0.010  0.037  0.319  0.057  0.011  0.081  0.046  0.031  0.638
   1.68560     -3.804015  0.043  0.010  0.043  0.298  0.059  0.017  0.100  0.044  0.034  0.649
   1.71869     -3.909758  0.037  0.012  0.052  0.269  0.062  0.030  0.124  0.044  0.039  0.668
   1.75178     -3.984423  0.031  0.014  0.061  0.231  0.067  0.054  0.146  0.050  0.044  0.693
   1.78487     -4.025316  0.024  0.016  0.073  0.194  0.067  0.081  0.160  0.058  0.049  0.722
   1.81796     -4.035825  0.022  0.019  0.084  0.164  0.065  0.102  0.164  0.068  0.052  0.741
   1.85105     -4.022046  0.020  0.019  0.096  0.146  0.059  0.111  0.162  0.081  0.054  0.751
   1.88414     -3.989395  0.021  0.019  0.110  0.138  0.051  0.110  0.155  0.093  0.056  0.754
   1.91723     -3.942308  0.022  0.019  0.124  0.134  0.044  0.104  0.146  0.105  0.057  0.754
   1.95033     -3.885128  0.022  0.017  0.137  0.135  0.036  0.095  0.137  0.115  0.056  0.752
   1.98342     -3.822938  0.019  0.017  0.149  0.141  0.031  0.087  0.130  0.120  0.053  0.748
   2.01651     -3.762523  0.015  0.015  0.159  0.152  0.025  0.081  0.124  0.122  0.047  0.742
   2.04960     -3.714975  0.010  0.013  0.163  0.173  0.021  0.076  0.117  0.121  0.035  0.728
   2.08269     -3.702674  0.004  0.009  0.157  0.207  0.015  0.065  0.102  0.132  0.017  0.707
   2.11578     -3.747651  0.010  0.008  0.148  0.225  0.009  0.046  0.073  0.160  0.009  0.690
   2.14887     -3.831073  0.017  0.008  0.144  0.227  0.006  0.034  0.060  0.173  0.010  0.682
   2.18196     -3.929973  0.023  0.008  0.141  0.226  0.005  0.029  0.061  0.174  0.011  0.680
   2.21505     -4.034622  0.030  0.006  0.137  0.222  0.007  0.027  0.072  0.167  0.012  0.681
   2.24815     -4.138301  0.034  0.007  0.131  0.210  0.015  0.030  0.095  0.152  0.012  0.688
   2.28124     -4.230739  0.038  0.012  0.121  0.182  0.041  0.053  0.132  0.121  0.014  0.713
   2.31433     -4.294507  0.035  0.020  0.104  0.126  0.093  0.125  0.173  0.074  0.021  0.767
   2.34742     -4.321050  0.027  0.027  0.086  0.074  0.140  0.212  0.188  0.035  0.026  0.815
   2.38051     -4.324216  0.023  0.028  0.079  0.048  0.163  0.259  0.191  0.017  0.028  0.838
   2.41360     -4.316805  0.021  0.028  0.077  0.037  0.174  0.278  0.197  0.009  0.027  0.849
   2.44669     -4.304144  0.019  0.026  0.075  0.032  0.180  0.285  0.208  0.005  0.024  0.857
   2.47978     -4.288370  0.020  0.026  0.069  0.030  0.185  0.286  0.226  0.003  0.021  0.862
   2.51287     -4.271014  0.020  0.024  0.052  0.027  0.192  0.288  0.253  0.001  0.017  0.875
   2.54597     -4.255158  0.020  0.024  0.022  0.022  0.204  0.299  0.289  0.000  0.013  0.898
   2.57906     -4.247943  0.022  0.025  0.000  0.020  0.213  0.309  0.313  0.000  0.012  0.913
 
# Band-Index:   10
   2.57906     -4.122356  0.018  0.008  0.472  0.098  0.000  0.000  0.000  0.000  0.000  0.596
   2.54597     -4.109047  0.020  0.010  0.448  0.094  0.008  0.010  0.023  0.001  0.000  0.612
   2.51287     -4.075201  0.020  0.012  0.410  0.091  0.019  0.022  0.060  0.002  0.001  0.638
   2.47978     -4.028697  0.020  0.012  0.386  0.091  0.023  0.027  0.087  0.004  0.004  0.655
   2.44669     -3.973563  0.020  0.014  0.370  0.092  0.023  0.026  0.105  0.007  0.007  0.666
   2.41360     -3.912071  0.020  0.016  0.359  0.095  0.022  0.024  0.116  0.010  0.012  0.674
   2.38051     -3.846111  0.019  0.017  0.348  0.098  0.019  0.022  0.123  0.015  0.019  0.682
   2.34742     -3.777746  0.020  0.019  0.336  0.104  0.017  0.021  0.126  0.021  0.025  0.687
   2.31433     -3.709562  0.017  0.021  0.326  0.110  0.015  0.022  0.126  0.028  0.032  0.695
   2.28124     -3.644943  0.017  0.023  0.311  0.114  0.013  0.023  0.123  0.037  0.039  0.703
   2.24815     -3.588182  0.018  0.027  0.297  0.118  0.012  0.026  0.117  0.050  0.047  0.712
   2.21505     -3.544141  0.019  0.029  0.279  0.120  0.012  0.030  0.107  0.069  0.056  0.722
   2.18196     -3.516967  0.022  0.033  0.259  0.119  0.011  0.034  0.094  0.093  0.066  0.733
   2.14887     -3.507408  0.029  0.034  0.241  0.114  0.012  0.035  0.078  0.123  0.075  0.741
   2.11578     -3.507764  0.039  0.037  0.221  0.107  0.013  0.029  0.054  0.164  0.083  0.746
   2.08269     -3.492834  0.048  0.038  0.195  0.115  0.011  0.015  0.022  0.215  0.081  0.740
   2.04960     -3.439002  0.045  0.038  0.172  0.138  0.011  0.008  0.007  0.244  0.066  0.728
   2.01651     -3.362616  0.039  0.038  0.159  0.148  0.012  0.007  0.007  0.256  0.057  0.725
   1.98342     -3.280359  0.037  0.041  0.150  0.151  0.013  0.006  0.009  0.266  0.055  0.726
   1.95033     -3.198149  0.035  0.046  0.141  0.149  0.014  0.003  0.011  0.277  0.054  0.731
   1.91723     -3.118499  0.031  0.055  0.131  0.142  0.013  0.000  0.016  0.292  0.055  0.736
   1.88414     -3.045168  0.024  0.087  0.109  0.120  0.007  0.011  0.027  0.303  0.056  0.747
   1.85105     -2.995013  0.007  0.211  0.043  0.045  0.022  0.150  0.047  0.209  0.041  0.776
   1.81796     -2.973716  0.000  0.271  0.012  0.015  0.046  0.251  0.049  0.120  0.027  0.791
   1.78487     -2.958368  0.000  0.284  0.004  0.010  0.055  0.276  0.048  0.092  0.024  0.794
   1.75178     -2.943204  0.000  0.288  0.003  0.008  0.059  0.284  0.048  0.081  0.024  0.795
   1.71869     -2.927261  0.000  0.291  0.002  0.008  0.060  0.286  0.049  0.073  0.027  0.796
   1.68560     -2.910359  0.000  0.293  0.002  0.008  0.061  0.286  0.049  0.069  0.030  0.797
   1.65250     -2.892525  0.000  0.294  0.002  0.008  0.061  0.285  0.049  0.065  0.033  0.798
   1.61941     -2.873890  0.000  0.296  0.002  0.007  0.062  0.284  0.050  0.062  0.038  0.800
   1.58632     -2.854600  0.000  0.295  0.002  0.009  0.062  0.284  0.049  0.058  0.042  0.800
   1.55323     -2.834740  0.000  0.294  0.001  0.011  0.063  0.284  0.048  0.054  0.047  0.802
   1.52014     -2.813902  0.000  0.290  0.001  0.018  0.068  0.285  0.044  0.045  0.052  0.803
   1.48705     -2.788033  0.000  0.264  0.002  0.058  0.083  0.280  0.029  0.024  0.054  0.795
   1.45396     -2.718910  0.010  0.089  0.011  0.261  0.126  0.133  0.002  0.059  0.035  0.729
   1.42087     -2.600495  0.011  0.030  0.013  0.282  0.141  0.060  0.014  0.149  0.027  0.730
   1.38778     -2.494966  0.005  0.022  0.012  0.234  0.165  0.050  0.021  0.228  0.025  0.764
   1.35468     -2.416509  0.005  0.016  0.011  0.169  0.194  0.051  0.027  0.309  0.024  0.805
   1.32159     -2.369479  0.003  0.011  0.010  0.114  0.216  0.053  0.032  0.374  0.025  0.839
   1.28850     -2.354021  0.004  0.009  0.011  0.092  0.225  0.055  0.034  0.400  0.024  0.853
   1.28850     -2.354021  0.004  0.009  0.011  0.092  0.225  0.055  0.034  0.400  0.024  0.853
   1.25546     -2.358577  0.003  0.014  0.010  0.102  0.220  0.055  0.032  0.385  0.025  0.847
   1.22243     -2.371793  0.003  0.026  0.010  0.128  0.207  0.056  0.028  0.345  0.025  0.828
   1.18939     -2.392613  0.002  0.045  0.010  0.162  0.189  0.058  0.022  0.288  0.025  0.801
   1.15635     -2.419999  0.001  0.071  0.008  0.194  0.166  0.062  0.017  0.224  0.029  0.772
   1.12331     -2.453673  0.002  0.107  0.008  0.216  0.139  0.065  0.010  0.158  0.036  0.742
   1.09027     -2.495021  0.006  0.158  0.007  0.218  0.109  0.068  0.007  0.091  0.050  0.713
   1.05723     -2.548298  0.014  0.236  0.006  0.180  0.077  0.068  0.007  0.034  0.070  0.691
   1.02419     -2.619343  0.026  0.311  0.005  0.111  0.054  0.062  0.018  0.005  0.094  0.688
   0.99116     -2.707667  0.036  0.341  0.008  0.052  0.046  0.059  0.039  0.010  0.112  0.703
   0.95812     -2.804164  0.039  0.333  0.010  0.021  0.048  0.065  0.062  0.027  0.120  0.725
   0.92508     -2.898225  0.035  0.306  0.016  0.009  0.049  0.085  0.085  0.047  0.116  0.746
   0.89204     -2.981796  0.027  0.273  0.027  0.004  0.046  0.114  0.104  0.065  0.102  0.760
   0.85900     -3.051341  0.018  0.242  0.043  0.003  0.040  0.147  0.114  0.078  0.079  0.767
   0.82596     -3.107837  0.014  0.217  0.064  0.002  0.032  0.174  0.118  0.086  0.057  0.766
   0.79292     -3.154486  0.011  0.195  0.090  0.004  0.024  0.192  0.116  0.089  0.039  0.762
   0.75989     -3.194720  0.012  0.176  0.118  0.004  0.018  0.202  0.112  0.088  0.027  0.757
   0.72685     -3.231524  0.012  0.157  0.150  0.004  0.012  0.204  0.105  0.084  0.018  0.748
   0.69381     -3.267356  0.014  0.139  0.183  0.006  0.008  0.199  0.097  0.078  0.012  0.738
   0.66077     -3.304143  0.016  0.124  0.217  0.006  0.005  0.189  0.090  0.071  0.009  0.728
   0.62773     -3.343208  0.018  0.110  0.253  0.008  0.004  0.176  0.082  0.062  0.008  0.718
   0.59469     -3.385295  0.020  0.099  0.283  0.009  0.003  0.161  0.074  0.054  0.007  0.709
   0.56165     -3.430575  0.020  0.090  0.311  0.009  0.002  0.146  0.067  0.047  0.006  0.699
   0.52862     -3.478773  0.022  0.083  0.336  0.009  0.002  0.132  0.060  0.039  0.006  0.689
   0.49558     -3.529316  0.022  0.079  0.357  0.007  0.001  0.120  0.054  0.033  0.006  0.680
   0.46254     -3.581449  0.022  0.076  0.373  0.007  0.001  0.111  0.048  0.027  0.005  0.673
   0.42950     -3.634304  0.024  0.076  0.387  0.007  0.001  0.103  0.043  0.021  0.005  0.666
   0.39646     -3.687024  0.024  0.076  0.397  0.006  0.001  0.098  0.037  0.016  0.004  0.660
   0.36342     -3.738713  0.022  0.077  0.402  0.005  0.002  0.098  0.032  0.013  0.003  0.655
   0.33039     -3.788438  0.023  0.078  0.405  0.005  0.002  0.102  0.026  0.009  0.002  0.653
   0.29735     -3.835077  0.024  0.079  0.397  0.004  0.005  0.116  0.022  0.006  0.003  0.656
   0.26431     -3.876922  0.026  0.078  0.371  0.003  0.012  0.155  0.019  0.004  0.006  0.671
   0.23127     -3.910281  0.031  0.068  0.290  0.002  0.036  0.250  0.025  0.000  0.024  0.726
   0.19823     -3.928578  0.039  0.045  0.153  0.001  0.083  0.386  0.049  0.000  0.069  0.826
   0.16519     -3.933106  0.043  0.029  0.078  0.002  0.114  0.450  0.066  0.002  0.101  0.884
   0.13215     -3.932466  0.043  0.022  0.054  0.002  0.124  0.468  0.074  0.003  0.113  0.904
   0.09912     -3.930692  0.044  0.020  0.047  0.002  0.126  0.474  0.078  0.003  0.117  0.910
   0.06608     -3.929038  0.044  0.018  0.043  0.002  0.127  0.478  0.079  0.004  0.120  0.914
   0.03304     -3.927941  0.043  0.018  0.043  0.002  0.127  0.479  0.080  0.004  0.121  0.914
   0.00000     -3.927562  0.043  0.018  0.043  0.002  0.127  0.480  0.080  0.004  0.121  0.915
 
# Band-Index:   11
   0.00000     -2.852982  0.097  0.049  0.162  0.000  0.008  0.134  0.036  0.166  0.109  0.761
   0.03304     -2.851345  0.092  0.049  0.155  0.031  0.008  0.125  0.035  0.155  0.101  0.750
   0.06608     -2.847923  0.076  0.050  0.133  0.116  0.006  0.104  0.031  0.126  0.083  0.724
   0.09912     -2.845650  0.058  0.050  0.104  0.223  0.004  0.076  0.026  0.090  0.061  0.692
   0.13215     -2.846211  0.042  0.048  0.080  0.316  0.002  0.053  0.021  0.059  0.043  0.663
   0.16519     -2.849482  0.030  0.046  0.061  0.383  0.000  0.037  0.018  0.038  0.032  0.645
   0.19823     -2.854568  0.022  0.044  0.048  0.425  0.000  0.028  0.016  0.025  0.025  0.634
   0.23127     -2.860524  0.017  0.042  0.040  0.452  0.000  0.023  0.014  0.017  0.023  0.627
   0.26431     -2.866531  0.014  0.041  0.034  0.468  0.001  0.020  0.014  0.011  0.023  0.625
   0.29735     -2.871921  0.013  0.039  0.027  0.477  0.002  0.020  0.014  0.009  0.024  0.622
   0.33039     -2.876146  0.010  0.036  0.025  0.482  0.003  0.020  0.015  0.006  0.026  0.624
   0.36342     -2.878765  0.009  0.034  0.022  0.484  0.004  0.020  0.015  0.006  0.028  0.624
   0.39646     -2.879442  0.009  0.033  0.020  0.485  0.006  0.021  0.016  0.006  0.031  0.626
   0.42950     -2.877966  0.008  0.030  0.017  0.484  0.008  0.023  0.017  0.006  0.034  0.629
   0.46254     -2.874207  0.008  0.026  0.016  0.482  0.011  0.025  0.018  0.007  0.038  0.631
   0.49558     -2.868167  0.007  0.024  0.013  0.479  0.014  0.026  0.020  0.010  0.040  0.636
   0.52862     -2.859972  0.007  0.019  0.012  0.479  0.018  0.027  0.022  0.012  0.042  0.639
   0.56165     -2.849820  0.006  0.017  0.009  0.476  0.023  0.029  0.024  0.017  0.044  0.644
   0.59469     -2.837901  0.006  0.014  0.006  0.472  0.028  0.031  0.026  0.022  0.046  0.651
   0.62773     -2.824298  0.005  0.010  0.003  0.469  0.033  0.033  0.028  0.027  0.047  0.656
   0.66077     -2.808904  0.005  0.007  0.003  0.464  0.039  0.036  0.028  0.033  0.047  0.664
   0.69381     -2.791412  0.005  0.007  0.002  0.459  0.045  0.038  0.029  0.040  0.047  0.670
   0.72685     -2.771451  0.005  0.007  0.002  0.451  0.051  0.041  0.028  0.046  0.046  0.676
   0.75989     -2.748737  0.005  0.006  0.004  0.443  0.058  0.042  0.027  0.054  0.046  0.685
   0.79292     -2.723136  0.005  0.006  0.006  0.432  0.065  0.045  0.026  0.062  0.044  0.692
   0.82596     -2.694710  0.006  0.008  0.009  0.419  0.073  0.047  0.025  0.072  0.043  0.701
   0.85900     -2.663613  0.006  0.008  0.009  0.403  0.083  0.049  0.025  0.085  0.040  0.710
   0.89204     -2.629995  0.007  0.010  0.010  0.384  0.094  0.050  0.026  0.102  0.037  0.722
   0.92508     -2.593803  0.009  0.015  0.011  0.357  0.106  0.050  0.028  0.124  0.034  0.734
   0.95812     -2.554507  0.011  0.025  0.012  0.320  0.118  0.047  0.032  0.153  0.030  0.751
   0.99116     -2.510533  0.017  0.051  0.013  0.262  0.129  0.041  0.039  0.188  0.029  0.772
   1.02419     -2.458741  0.025  0.110  0.014  0.176  0.132  0.031  0.047  0.221  0.032  0.788
   1.05723     -2.397030  0.034  0.203  0.013  0.080  0.120  0.023  0.048  0.228  0.038  0.788
   1.09027     -2.331169  0.033  0.282  0.012  0.028  0.100  0.018  0.041  0.213  0.041  0.771
   1.12331     -2.272027  0.027  0.320  0.011  0.035  0.080  0.017  0.032  0.187  0.035  0.746
   1.15635     -2.226469  0.019  0.325  0.011  0.088  0.060  0.014  0.022  0.150  0.026  0.714
   1.18939     -2.195429  0.011  0.317  0.010  0.164  0.038  0.010  0.013  0.102  0.016  0.683
   1.22243     -2.176446  0.005  0.309  0.010  0.237  0.019  0.005  0.006  0.052  0.008  0.652
   1.25546     -2.166485  0.001  0.306  0.009  0.288  0.005  0.001  0.002  0.014  0.002  0.630
   1.28850     -2.163428  0.000  0.304  0.009  0.308  0.000  0.000  0.000  0.000  0.000  0.621
   1.28850     -2.163428  0.000  0.304  0.009  0.308  0.000  0.000  0.000  0.000  0.000  0.621
   1.32159     -2.168727  0.001  0.292  0.009  0.297  0.005  0.001  0.001  0.020  0.002  0.632
   1.35468     -2.183554  0.004  0.261  0.012  0.272  0.021  0.005  0.005  0.072  0.006  0.659
   1.38778     -2.205617  0.008  0.226  0.016  0.236  0.041  0.011  0.010  0.135  0.012  0.693
   1.42087     -2.233167  0.013  0.194  0.019  0.202  0.057  0.016  0.014  0.193  0.017  0.724
   1.45396     -2.265435  0.014  0.168  0.023  0.175  0.069  0.020  0.016  0.237  0.022  0.746
   1.48705     -2.302194  0.017  0.149  0.028  0.157  0.075  0.022  0.019  0.267  0.026  0.761
   1.52014     -2.343330  0.020  0.133  0.035  0.145  0.079  0.025  0.018  0.285  0.030  0.770
   1.55323     -2.388698  0.023  0.121  0.040  0.138  0.079  0.027  0.019  0.297  0.033  0.774
   1.58632     -2.438100  0.023  0.109  0.046  0.134  0.077  0.028  0.018  0.303  0.035  0.777
   1.61941     -2.491308  0.026  0.100  0.054  0.131  0.074  0.031  0.018  0.305  0.037  0.777
   1.65250     -2.548064  0.028  0.094  0.061  0.131  0.071  0.033  0.017  0.302  0.039  0.775
   1.68560     -2.608104  0.030  0.087  0.068  0.132  0.067  0.035  0.016  0.297  0.040  0.771
   1.71869     -2.671155  0.030  0.082  0.078  0.133  0.064  0.039  0.014  0.288  0.040  0.768
   1.75178     -2.736920  0.032  0.077  0.085  0.135  0.061  0.045  0.012  0.277  0.040  0.764
   1.78487     -2.804946  0.034  0.075  0.092  0.136  0.060  0.056  0.010  0.259  0.039  0.760
   1.81796     -2.874067  0.033  0.081  0.095  0.134  0.065  0.085  0.007  0.225  0.034  0.757
   1.85105     -2.938344  0.029  0.134  0.074  0.107  0.085  0.187  0.006  0.128  0.017  0.766
   1.88414     -2.974723  0.010  0.251  0.015  0.036  0.096  0.327  0.024  0.026  0.001  0.790
   1.91723     -2.988704  0.005  0.279  0.003  0.015  0.087  0.339  0.032  0.029  0.002  0.794
   1.95033     -2.996802  0.004  0.282  0.001  0.011  0.083  0.336  0.035  0.038  0.004  0.793
   1.98342     -3.002024  0.004  0.284  0.003  0.009  0.079  0.332  0.035  0.043  0.004  0.792
   2.01651     -3.004947  0.004  0.284  0.002  0.007  0.078  0.328  0.036  0.046  0.005  0.791
   2.04960     -3.005677  0.004  0.283  0.003  0.007  0.076  0.325  0.035  0.049  0.006  0.789
   2.08269     -3.004242  0.004  0.284  0.004  0.005  0.075  0.321  0.036  0.051  0.007  0.788
   2.11578     -3.000699  0.004  0.284  0.005  0.004  0.074  0.316  0.035  0.053  0.010  0.786
   2.14887     -2.995277  0.004  0.286  0.006  0.004  0.072  0.312  0.034  0.053  0.011  0.783
   2.18196     -2.988326  0.002  0.288  0.006  0.002  0.071  0.309  0.033  0.053  0.013  0.780
   2.21505     -2.980092  0.002  0.293  0.006  0.002  0.070  0.307  0.031  0.049  0.014  0.777
   2.24815     -2.970526  0.002  0.300  0.006  0.005  0.068  0.305  0.028  0.045  0.015  0.774
   2.28124     -2.959396  0.002  0.307  0.006  0.005  0.066  0.302  0.025  0.042  0.016  0.772
   2.31433     -2.946472  0.002  0.312  0.006  0.005  0.064  0.298  0.024  0.037  0.018  0.768
   2.34742     -2.931655  0.002  0.316  0.006  0.005  0.062  0.294  0.023  0.034  0.021  0.766
   2.38051     -2.915005  0.002  0.319  0.006  0.006  0.061  0.290  0.023  0.032  0.024  0.765
   2.41360     -2.896737  0.004  0.318  0.006  0.006  0.060  0.287  0.024  0.030  0.027  0.765
   2.44669     -2.877269  0.004  0.314  0.008  0.006  0.061  0.285  0.026  0.029  0.032  0.767
   2.47978     -2.857389  0.005  0.304  0.010  0.006  0.062  0.289  0.030  0.028  0.037  0.773
   2.51287     -2.838615  0.007  0.287  0.012  0.005  0.065  0.298  0.035  0.027  0.045  0.783
   2.54597     -2.823935  0.007  0.266  0.016  0.004  0.069  0.312  0.040  0.029  0.053  0.795
   2.57906     -2.818066  0.010  0.254  0.016  0.003  0.072  0.320  0.043  0.029  0.056  0.804
 
# Band-Index:   12
   2.57906     -2.688486  0.000  0.565  0.007  0.034  0.000  0.000  0.000  0.000  0.000  0.608
   2.54597     -2.681715  0.000  0.551  0.008  0.034  0.002  0.009  0.003  0.002  0.005  0.615
   2.51287     -2.664427  0.003  0.523  0.012  0.033  0.007  0.023  0.011  0.004  0.013  0.630
   2.47978     -2.641603  0.007  0.497  0.019  0.032  0.010  0.031  0.019  0.006  0.021  0.643
   2.44669     -2.616694  0.011  0.472  0.027  0.030  0.012  0.033  0.027  0.009  0.029  0.652
   2.41360     -2.591949  0.017  0.446  0.037  0.030  0.013  0.030  0.037  0.015  0.036  0.659
   2.38051     -2.569163  0.022  0.415  0.052  0.029  0.012  0.025  0.046  0.022  0.042  0.667
   2.34742     -2.549987  0.030  0.377  0.070  0.028  0.012  0.019  0.058  0.033  0.046  0.674
   2.31433     -2.535665  0.040  0.331  0.093  0.028  0.010  0.013  0.071  0.047  0.047  0.681
   2.28124     -2.526123  0.051  0.281  0.119  0.026  0.009  0.009  0.084  0.062  0.047  0.690
   2.24815     -2.518925  0.059  0.233  0.148  0.025  0.008  0.006  0.097  0.075  0.042  0.694
   2.21505     -2.509143  0.066  0.196  0.174  0.027  0.007  0.005  0.108  0.081  0.036  0.696
   2.18196     -2.491019  0.068  0.168  0.195  0.029  0.006  0.003  0.117  0.079  0.029  0.695
   2.14887     -2.460599  0.066  0.155  0.214  0.033  0.005  0.002  0.124  0.071  0.022  0.691
   2.11578     -2.417503  0.063  0.152  0.225  0.038  0.005  0.002  0.126  0.061  0.019  0.689
   2.08269     -2.364539  0.057  0.157  0.232  0.043  0.005  0.001  0.124  0.051  0.016  0.686
   2.04960     -2.305874  0.051  0.171  0.235  0.047  0.006  0.001  0.119  0.042  0.015  0.686
   2.01651     -2.245320  0.043  0.190  0.231  0.051  0.007  0.001  0.112  0.035  0.015  0.685
   1.98342     -2.185552  0.038  0.213  0.224  0.054  0.007  0.001  0.102  0.028  0.016  0.684
   1.95033     -2.128142  0.032  0.240  0.212  0.057  0.007  0.001  0.093  0.022  0.018  0.683
   1.91723     -2.073972  0.028  0.268  0.200  0.060  0.006  0.001  0.082  0.016  0.020  0.682
   1.88414     -2.023627  0.023  0.297  0.183  0.066  0.004  0.002  0.073  0.011  0.022  0.681
   1.85105     -1.977721  0.019  0.328  0.161  0.071  0.002  0.002  0.064  0.008  0.024  0.679
   1.81796     -1.936973  0.016  0.362  0.135  0.073  0.001  0.002  0.056  0.008  0.025  0.679
   1.78487     -1.902147  0.013  0.393  0.108  0.076  0.001  0.002  0.048  0.009  0.027  0.677
   1.75178     -1.873877  0.013  0.422  0.081  0.077  0.003  0.002  0.041  0.015  0.027  0.680
   1.71869     -1.852440  0.009  0.445  0.056  0.078  0.006  0.003  0.035  0.022  0.027  0.682
   1.68560     -1.837612  0.008  0.461  0.038  0.079  0.009  0.004  0.030  0.031  0.025  0.687
   1.65250     -1.828769  0.008  0.471  0.025  0.079  0.014  0.004  0.026  0.040  0.022  0.690
   1.61941     -1.825055  0.007  0.477  0.014  0.081  0.018  0.005  0.024  0.047  0.020  0.694
   1.58632     -1.825458  0.007  0.478  0.010  0.085  0.021  0.006  0.021  0.053  0.016  0.697
   1.55323     -1.828925  0.008  0.476  0.006  0.093  0.023  0.007  0.019  0.057  0.012  0.699
   1.52014     -1.834335  0.007  0.470  0.004  0.102  0.024  0.007  0.016  0.060  0.009  0.701
   1.48705     -1.840484  0.007  0.461  0.002  0.119  0.024  0.007  0.014  0.060  0.005  0.701
   1.45396     -1.846041  0.006  0.446  0.003  0.142  0.022  0.007  0.013  0.058  0.003  0.700
   1.42087     -1.849663  0.006  0.427  0.003  0.175  0.019  0.005  0.010  0.051  0.001  0.697
   1.38778     -1.850256  0.005  0.400  0.001  0.222  0.014  0.004  0.007  0.039  0.000  0.692
   1.35468     -1.847758  0.003  0.371  0.001  0.274  0.007  0.003  0.004  0.022  0.000  0.686
   1.32159     -1.844023  0.002  0.346  0.001  0.319  0.002  0.000  0.001  0.007  0.000  0.680
   1.28850     -1.842228  0.002  0.336  0.001  0.338  0.000  0.000  0.000  0.000  0.000  0.677
   1.28850     -1.842228  0.002  0.336  0.001  0.338  0.000  0.000  0.000  0.000  0.000  0.677
   1.25546     -1.848784  0.002  0.326  0.001  0.345  0.000  0.000  0.000  0.001  0.000  0.678
   1.22243     -1.867598  0.003  0.299  0.002  0.364  0.003  0.000  0.001  0.006  0.001  0.679
   1.18939     -1.895995  0.003  0.254  0.001  0.393  0.008  0.001  0.002  0.017  0.001  0.682
   1.15635     -1.929561  0.004  0.199  0.001  0.422  0.016  0.002  0.003  0.039  0.002  0.689
   1.12331     -1.963121  0.003  0.142  0.002  0.437  0.029  0.004  0.004  0.077  0.002  0.701
   1.09027     -1.992738  0.002  0.099  0.004  0.427  0.045  0.009  0.005  0.126  0.002  0.717
   1.05723     -2.017192  0.000  0.070  0.005  0.396  0.062  0.012  0.007  0.178  0.003  0.735
   1.02419     -2.037213  0.000  0.053  0.006  0.358  0.079  0.017  0.007  0.227  0.005  0.753
   0.99116     -2.054144  0.000  0.046  0.009  0.317  0.094  0.019  0.008  0.270  0.005  0.768
   0.95812     -2.069277  0.000  0.042  0.014  0.279  0.107  0.020  0.008  0.303  0.006  0.781
   0.92508     -2.083833  0.002  0.041  0.021  0.245  0.116  0.019  0.008  0.331  0.007  0.789
   0.89204     -2.099172  0.003  0.039  0.034  0.214  0.124  0.017  0.007  0.350  0.007  0.795
   0.85900     -2.117015  0.006  0.039  0.056  0.185  0.126  0.012  0.006  0.359  0.007  0.796
   0.82596     -2.139311  0.006  0.040  0.088  0.159  0.124  0.007  0.006  0.355  0.007  0.793
   0.79292     -2.167343  0.008  0.042  0.127  0.133  0.119  0.002  0.009  0.340  0.006  0.785
   0.75989     -2.200243  0.009  0.048  0.160  0.110  0.112  0.002  0.014  0.321  0.005  0.780
   0.72685     -2.234866  0.010  0.053  0.179  0.092  0.106  0.006  0.022  0.309  0.003  0.778
   0.69381     -2.267397  0.010  0.059  0.181  0.078  0.105  0.012  0.029  0.308  0.002  0.783
   0.66077     -2.294783  0.008  0.062  0.170  0.069  0.107  0.019  0.036  0.318  0.001  0.792
   0.62773     -2.315282  0.008  0.062  0.152  0.064  0.112  0.026  0.043  0.337  0.002  0.803
   0.59469     -2.328439  0.005  0.059  0.130  0.059  0.120  0.031  0.050  0.361  0.002  0.816
   0.56165     -2.334845  0.005  0.052  0.108  0.058  0.128  0.034  0.056  0.388  0.003  0.832
   0.52862     -2.335765  0.004  0.044  0.087  0.057  0.137  0.037  0.062  0.415  0.004  0.845
   0.49558     -2.332753  0.001  0.037  0.067  0.057  0.144  0.036  0.066  0.442  0.006  0.857
   0.46254     -2.327321  0.001  0.028  0.052  0.057  0.150  0.035  0.070  0.468  0.008  0.869
   0.42950     -2.320792  0.000  0.022  0.038  0.057  0.154  0.032  0.072  0.494  0.009  0.879
   0.39646     -2.314336  0.000  0.015  0.027  0.057  0.156  0.027  0.073  0.521  0.010  0.888
   0.36342     -2.309230  0.001  0.011  0.017  0.056  0.153  0.020  0.074  0.551  0.010  0.894
   0.33039     -2.307831  0.002  0.012  0.010  0.055  0.139  0.009  0.073  0.586  0.008  0.896
   0.29735     -2.317616  0.010  0.029  0.018  0.056  0.095  0.001  0.064  0.593  0.011  0.878
   0.26431     -2.356977  0.031  0.067  0.069  0.072  0.026  0.032  0.039  0.444  0.033  0.813
   0.23127     -2.423407  0.044  0.076  0.103  0.099  0.004  0.067  0.026  0.297  0.054  0.770
   0.19823     -2.496115  0.049  0.068  0.108  0.135  0.002  0.082  0.021  0.221  0.062  0.748
   0.16519     -2.565008  0.048  0.055  0.102  0.185  0.002  0.081  0.017  0.173  0.064  0.731
   0.13215     -2.624798  0.044  0.043  0.085  0.257  0.003  0.073  0.014  0.132  0.057  0.708
   0.09912     -2.671834  0.032  0.032  0.062  0.355  0.003  0.053  0.010  0.089  0.043  0.680
   0.06608     -2.704059  0.017  0.026  0.034  0.466  0.001  0.028  0.005  0.045  0.023  0.647
   0.03304     -2.721847  0.005  0.021  0.013  0.552  0.000  0.008  0.001  0.012  0.006  0.619
   0.00000     -2.727371  0.000  0.020  0.006  0.583  0.000  0.000  0.000  0.000  0.000  0.609
 
# Band-Index:   13
   0.00000     -2.253534  0.001  0.000  0.019  0.062  0.178  0.056  0.074  0.469  0.039  0.898
   0.03304     -2.253651  0.001  0.000  0.020  0.062  0.178  0.056  0.074  0.468  0.039  0.897
   0.06608     -2.254019  0.001  0.000  0.020  0.063  0.179  0.057  0.074  0.463  0.039  0.896
   0.09912     -2.254646  0.001  0.002  0.022  0.063  0.179  0.059  0.074  0.455  0.039  0.895
   0.13215     -2.255511  0.001  0.002  0.026  0.064  0.180  0.062  0.074  0.442  0.039  0.892
   0.16519     -2.256471  0.002  0.006  0.031  0.066  0.181  0.068  0.072  0.421  0.040  0.887
   0.19823     -2.257030  0.004  0.010  0.042  0.067  0.182  0.078  0.071  0.387  0.042  0.879
   0.23127     -2.255527  0.007  0.020  0.060  0.069  0.177  0.095  0.067  0.319  0.048  0.863
   0.26431     -2.245731  0.017  0.050  0.105  0.074  0.152  0.133  0.053  0.175  0.063  0.821
   0.29735     -2.210765  0.031  0.107  0.167  0.074  0.080  0.163  0.028  0.029  0.079  0.759
   0.33039     -2.151925  0.035  0.143  0.185  0.064  0.031  0.154  0.017  0.035  0.073  0.737
   0.36342     -2.091004  0.033  0.163  0.187  0.055  0.013  0.142  0.015  0.068  0.063  0.737
   0.39646     -2.038034  0.029  0.176  0.184  0.049  0.005  0.132  0.015  0.094  0.053  0.738
   0.42950     -1.996686  0.025  0.185  0.183  0.044  0.002  0.125  0.016  0.115  0.044  0.740
   0.46254     -1.967961  0.022  0.192  0.180  0.042  0.003  0.119  0.017  0.133  0.037  0.743
   0.49558     -1.951073  0.017  0.194  0.175  0.041  0.007  0.114  0.019  0.149  0.029  0.745
   0.52862     -1.943981  0.015  0.191  0.172  0.041  0.013  0.110  0.021  0.163  0.024  0.750
   0.56165     -1.943936  0.013  0.187  0.168  0.041  0.020  0.106  0.023  0.175  0.018  0.753
   0.59469     -1.947987  0.012  0.181  0.167  0.043  0.027  0.103  0.026  0.184  0.015  0.756
   0.62773     -1.953359  0.011  0.171  0.169  0.043  0.035  0.100  0.029  0.189  0.012  0.759
   0.66077     -1.957575  0.011  0.163  0.178  0.044  0.040  0.096  0.033  0.188  0.009  0.762
   0.69381     -1.958374  0.011  0.153  0.196  0.044  0.041  0.093  0.037  0.178  0.008  0.762
   0.72685     -1.953439  0.012  0.145  0.224  0.042  0.039  0.090  0.042  0.158  0.007  0.758
   0.75989     -1.940087  0.013  0.137  0.269  0.036  0.033  0.084  0.046  0.128  0.006  0.750
   0.79292     -1.915448  0.014  0.128  0.325  0.027  0.024  0.075  0.050  0.091  0.005  0.738
   0.82596     -1.877632  0.016  0.116  0.386  0.018  0.014  0.063  0.051  0.057  0.004  0.725
   0.85900     -1.827122  0.016  0.104  0.439  0.012  0.007  0.050  0.050  0.033  0.005  0.715
   0.89204     -1.766486  0.017  0.090  0.480  0.007  0.005  0.038  0.047  0.018  0.004  0.709
   0.92508     -1.698900  0.017  0.080  0.511  0.007  0.002  0.029  0.043  0.011  0.005  0.705
   0.95812     -1.627137  0.016  0.068  0.537  0.007  0.002  0.021  0.039  0.007  0.005  0.703
   0.99116     -1.553452  0.015  0.058  0.560  0.007  0.002  0.016  0.034  0.005  0.005  0.702
   1.02419     -1.479713  0.014  0.049  0.581  0.007  0.001  0.012  0.029  0.004  0.005  0.703
   1.05723     -1.407615  0.013  0.041  0.601  0.007  0.001  0.009  0.025  0.002  0.005  0.702
   1.09027     -1.338819  0.010  0.032  0.619  0.007  0.001  0.006  0.020  0.002  0.004  0.702
   1.12331     -1.275116  0.010  0.024  0.637  0.007  0.001  0.004  0.014  0.002  0.003  0.702
   1.15635     -1.218482  0.006  0.019  0.652  0.008  0.001  0.002  0.010  0.001  0.003  0.703
   1.18939     -1.171097  0.003  0.014  0.666  0.006  0.000  0.001  0.006  0.001  0.002  0.702
   1.22243     -1.135165  0.003  0.011  0.677  0.006  0.000  0.001  0.003  0.000  0.001  0.702
   1.25546     -1.112669  0.000  0.009  0.683  0.006  0.000  0.000  0.000  0.000  0.000  0.702
   1.28850     -1.105000  0.000  0.009  0.685  0.006  0.000  0.000  0.000  0.000  0.000  0.701
   1.28850     -1.105000  0.000  0.009  0.685  0.006  0.000  0.000  0.000  0.000  0.000  0.701
   1.32159     -1.115804  0.001  0.009  0.665  0.011  0.001  0.001  0.001  0.012  0.004  0.704
   1.35468     -1.141955  0.004  0.008  0.631  0.016  0.004  0.002  0.002  0.034  0.008  0.712
   1.38778     -1.174189  0.008  0.008  0.603  0.023  0.008  0.002  0.002  0.052  0.010  0.719
   1.42087     -1.208080  0.008  0.008  0.584  0.031  0.013  0.002  0.002  0.065  0.010  0.723
   1.45396     -1.242567  0.011  0.008  0.568  0.036  0.018  0.002  0.003  0.075  0.008  0.729
   1.48705     -1.277769  0.011  0.010  0.554  0.039  0.024  0.002  0.004  0.084  0.006  0.732
   1.52014     -1.313974  0.012  0.010  0.539  0.039  0.030  0.002  0.005  0.095  0.004  0.736
   1.55323     -1.351295  0.014  0.009  0.524  0.039  0.037  0.002  0.006  0.105  0.003  0.740
   1.58632     -1.389629  0.015  0.012  0.508  0.037  0.045  0.001  0.009  0.118  0.002  0.746
   1.61941     -1.428631  0.018  0.016  0.488  0.032  0.053  0.001  0.010  0.132  0.002  0.750
   1.65250     -1.467771  0.018  0.024  0.465  0.027  0.060  0.001  0.012  0.148  0.001  0.756
   1.68560     -1.506412  0.021  0.035  0.437  0.020  0.067  0.000  0.013  0.166  0.002  0.760
   1.71869     -1.543907  0.022  0.051  0.403  0.015  0.072  0.000  0.013  0.182  0.004  0.763
   1.75178     -1.579811  0.025  0.074  0.365  0.009  0.075  0.000  0.013  0.197  0.006  0.766
   1.78487     -1.614077  0.027  0.102  0.325  0.005  0.075  0.000  0.013  0.209  0.011  0.766
   1.81796     -1.647148  0.027  0.132  0.283  0.005  0.071  0.000  0.012  0.216  0.016  0.763
   1.85105     -1.679927  0.028  0.165  0.245  0.005  0.064  0.001  0.011  0.218  0.021  0.757
   1.88414     -1.713552  0.030  0.197  0.210  0.007  0.053  0.003  0.010  0.215  0.026  0.751
   1.91723     -1.749169  0.030  0.226  0.179  0.011  0.042  0.005  0.010  0.207  0.030  0.741
   1.95033     -1.787683  0.029  0.255  0.151  0.018  0.030  0.009  0.010  0.196  0.034  0.731
   1.98342     -1.829576  0.028  0.282  0.129  0.024  0.019  0.014  0.010  0.181  0.037  0.723
   2.01651     -1.874641  0.026  0.305  0.107  0.028  0.011  0.020  0.010  0.166  0.040  0.715
   2.04960     -1.921859  0.024  0.326  0.088  0.032  0.007  0.028  0.011  0.154  0.041  0.711
   2.08269     -1.969485  0.023  0.338  0.075  0.033  0.006  0.037  0.011  0.145  0.041  0.709
   2.11578     -2.015489  0.022  0.344  0.064  0.032  0.008  0.047  0.012  0.140  0.040  0.711
   2.14887     -2.057899  0.022  0.341  0.059  0.030  0.012  0.058  0.013  0.142  0.037  0.715
   2.18196     -2.094918  0.025  0.328  0.061  0.025  0.015  0.068  0.016  0.150  0.035  0.722
   2.21505     -2.124843  0.029  0.301  0.068  0.021  0.018  0.080  0.020  0.164  0.032  0.731
   2.24815     -2.146038  0.032  0.264  0.082  0.016  0.021  0.090  0.027  0.184  0.029  0.744
   2.28124     -2.157285  0.041  0.217  0.097  0.012  0.022  0.097  0.035  0.207  0.029  0.758
   2.31433     -2.158552  0.051  0.169  0.116  0.008  0.022  0.103  0.044  0.230  0.029  0.770
   2.34742     -2.151494  0.060  0.125  0.133  0.006  0.022  0.105  0.054  0.248  0.032  0.783
   2.38051     -2.138973  0.065  0.091  0.146  0.004  0.021  0.107  0.061  0.261  0.034  0.791
   2.41360     -2.124083  0.071  0.066  0.156  0.004  0.020  0.106  0.067  0.270  0.038  0.797
   2.44669     -2.109336  0.076  0.049  0.161  0.002  0.019  0.106  0.071  0.274  0.040  0.799
   2.47978     -2.096514  0.078  0.038  0.166  0.002  0.018  0.106  0.074  0.276  0.043  0.801
   2.51287     -2.086751  0.082  0.031  0.168  0.002  0.017  0.105  0.075  0.278  0.044  0.804
   2.54597     -2.080682  0.083  0.026  0.170  0.002  0.017  0.105  0.076  0.279  0.045  0.804
   2.57906     -2.078632  0.083  0.026  0.170  0.002  0.017  0.105  0.077  0.278  0.045  0.803
 
# Band-Index:   14
   2.57906     -1.751137  0.030  0.002  0.008  0.014  0.252  0.009  0.046  0.547  0.000  0.909
   2.54597     -1.750267  0.030  0.002  0.008  0.014  0.252  0.009  0.046  0.546  0.001  0.908
   2.51287     -1.747627  0.030  0.002  0.008  0.014  0.252  0.009  0.045  0.544  0.001  0.907
   2.47978     -1.743117  0.030  0.004  0.010  0.014  0.252  0.009  0.045  0.541  0.001  0.906
   2.44669     -1.736594  0.031  0.004  0.011  0.016  0.252  0.008  0.044  0.536  0.001  0.901
   2.41360     -1.727903  0.031  0.005  0.013  0.016  0.252  0.008  0.043  0.529  0.001  0.898
   2.38051     -1.716885  0.031  0.007  0.015  0.018  0.253  0.007  0.041  0.521  0.001  0.897
   2.34742     -1.703387  0.031  0.009  0.017  0.021  0.254  0.006  0.040  0.513  0.002  0.893
   2.31433     -1.687236  0.030  0.011  0.019  0.025  0.256  0.006  0.040  0.503  0.002  0.891
   2.28124     -1.668230  0.030  0.011  0.022  0.027  0.258  0.005  0.040  0.492  0.002  0.888
   2.24815     -1.646093  0.029  0.013  0.022  0.034  0.262  0.004  0.040  0.481  0.002  0.887
   2.21505     -1.620442  0.029  0.015  0.024  0.038  0.266  0.003  0.042  0.467  0.002  0.886
   2.18196     -1.590740  0.027  0.015  0.024  0.047  0.270  0.002  0.043  0.452  0.001  0.883
   2.14887     -1.556263  0.025  0.016  0.025  0.056  0.272  0.003  0.047  0.436  0.001  0.881
   2.11578     -1.516093  0.022  0.016  0.024  0.069  0.275  0.003  0.052  0.418  0.000  0.879
   2.08269     -1.469226  0.022  0.016  0.022  0.084  0.274  0.003  0.058  0.395  0.000  0.874
   2.04960     -1.414787  0.020  0.015  0.021  0.101  0.270  0.004  0.066  0.371  0.000  0.869
   2.01651     -1.352442  0.016  0.016  0.020  0.122  0.259  0.005  0.074  0.344  0.001  0.861
   1.98342     -1.282769  0.016  0.016  0.020  0.141  0.245  0.006  0.083  0.318  0.003  0.850
   1.95033     -1.207391  0.015  0.017  0.022  0.161  0.226  0.006  0.091  0.293  0.006  0.840
   1.91723     -1.128730  0.015  0.017  0.024  0.176  0.206  0.007  0.100  0.272  0.011  0.828
   1.88414     -1.049525  0.016  0.017  0.025  0.190  0.183  0.006  0.106  0.253  0.018  0.818
   1.85105     -0.972397  0.016  0.016  0.028  0.202  0.161  0.007  0.111  0.239  0.027  0.808
   1.81796     -0.899549  0.017  0.015  0.032  0.208  0.140  0.007  0.114  0.227  0.038  0.799
   1.78487     -0.832662  0.017  0.014  0.035  0.213  0.121  0.007  0.116  0.217  0.051  0.793
   1.75178     -0.772950  0.018  0.013  0.038  0.216  0.102  0.008  0.117  0.209  0.065  0.787
   1.71869     -0.721253  0.018  0.013  0.041  0.218  0.086  0.008  0.116  0.204  0.080  0.781
   1.68560     -0.678120  0.018  0.011  0.044  0.217  0.071  0.009  0.113  0.200  0.095  0.778
   1.65250     -0.644009  0.017  0.010  0.047  0.217  0.058  0.010  0.110  0.196  0.110  0.776
   1.61941     -0.619338  0.015  0.008  0.051  0.215  0.047  0.011  0.105  0.193  0.124  0.773
   1.58632     -0.604544  0.013  0.008  0.056  0.213  0.038  0.012  0.100  0.193  0.137  0.772
   1.55323     -0.600109  0.011  0.008  0.061  0.211  0.030  0.013  0.094  0.193  0.149  0.771
   1.52014     -0.606483  0.009  0.007  0.065  0.206  0.025  0.014  0.088  0.195  0.159  0.769
   1.48705     -0.623883  0.007  0.006  0.069  0.203  0.019  0.016  0.083  0.198  0.166  0.769
   1.45396     -0.652027  0.005  0.006  0.072  0.197  0.017  0.017  0.078  0.205  0.173  0.767
   1.42087     -0.689681  0.005  0.006  0.070  0.190  0.014  0.018  0.073  0.215  0.178  0.770
   1.38778     -0.733990  0.006  0.006  0.064  0.182  0.012  0.019  0.069  0.230  0.182  0.771
   1.35468     -0.779466  0.009  0.006  0.045  0.175  0.011  0.020  0.068  0.252  0.189  0.775
   1.32159     -0.816508  0.012  0.006  0.018  0.169  0.012  0.022  0.069  0.276  0.196  0.780
   1.28850     -0.831521  0.013  0.006  0.000  0.168  0.013  0.023  0.069  0.289  0.202  0.784
   1.28850     -0.831521  0.013  0.006  0.000  0.168  0.013  0.023  0.069  0.289  0.202  0.784
   1.25546     -0.825278  0.013  0.006  0.000  0.170  0.012  0.022  0.068  0.288  0.201  0.782
   1.22243     -0.806921  0.013  0.008  0.002  0.177  0.012  0.021  0.068  0.284  0.197  0.781
   1.18939     -0.777495  0.012  0.010  0.003  0.186  0.011  0.019  0.066  0.279  0.192  0.780
   1.15635     -0.738513  0.009  0.012  0.005  0.199  0.010  0.016  0.065  0.273  0.185  0.778
   1.12331     -0.691724  0.008  0.014  0.008  0.213  0.009  0.014  0.063  0.268  0.177  0.777
   1.09027     -0.638920  0.007  0.014  0.011  0.228  0.008  0.012  0.062  0.262  0.168  0.776
   1.05723     -0.581829  0.006  0.016  0.013  0.244  0.009  0.010  0.061  0.259  0.159  0.775
   1.02419     -0.522055  0.005  0.014  0.013  0.259  0.008  0.009  0.061  0.255  0.148  0.773
   0.99116     -0.461066  0.005  0.014  0.016  0.276  0.008  0.007  0.060  0.253  0.137  0.774
   0.95812     -0.400227  0.002  0.014  0.016  0.291  0.008  0.007  0.060  0.252  0.125  0.774
   0.92508     -0.340823  0.002  0.012  0.018  0.305  0.009  0.006  0.061  0.252  0.111  0.775
   0.89204     -0.284082  0.001  0.010  0.018  0.319  0.009  0.007  0.061  0.252  0.097  0.775
   0.85900     -0.231237  0.001  0.008  0.018  0.332  0.010  0.008  0.062  0.253  0.082  0.775
   0.82596     -0.183508  0.001  0.008  0.018  0.344  0.011  0.009  0.064  0.255  0.065  0.775
   0.79292     -0.142128  0.001  0.006  0.017  0.356  0.012  0.012  0.066  0.255  0.050  0.774
   0.75989     -0.108302  0.000  0.004  0.015  0.366  0.014  0.015  0.068  0.255  0.035  0.775
   0.72685     -0.083143  0.002  0.004  0.015  0.373  0.015  0.020  0.071  0.255  0.022  0.774
   0.69381     -0.067602  0.002  0.002  0.015  0.377  0.016  0.025  0.073  0.251  0.011  0.773
   0.66077     -0.062296  0.002  0.002  0.013  0.380  0.016  0.030  0.076  0.248  0.004  0.770
   0.62773     -0.067461  0.002  0.000  0.013  0.378  0.017  0.037  0.079  0.242  0.001  0.769
   0.59469     -0.082864  0.002  0.000  0.011  0.374  0.017  0.044  0.082  0.235  0.002  0.768
   0.56165     -0.107807  0.002  0.000  0.011  0.367  0.016  0.050  0.084  0.228  0.007  0.765
   0.52862     -0.141134  0.002  0.002  0.009  0.359  0.016  0.057  0.087  0.220  0.013  0.763
   0.49558     -0.181405  0.003  0.003  0.009  0.348  0.015  0.063  0.089  0.211  0.022  0.762
   0.46254     -0.226979  0.003  0.003  0.009  0.337  0.015  0.069  0.090  0.204  0.031  0.760
   0.42950     -0.276157  0.003  0.005  0.007  0.325  0.015  0.075  0.092  0.198  0.041  0.761
   0.39646     -0.327358  0.003  0.006  0.007  0.313  0.014  0.083  0.093  0.192  0.050  0.761
   0.36342     -0.379193  0.003  0.008  0.007  0.300  0.015  0.090  0.094  0.188  0.057  0.763
   0.33039     -0.430486  0.003  0.010  0.007  0.288  0.016  0.097  0.094  0.185  0.065  0.767
   0.29735     -0.480244  0.003  0.010  0.007  0.276  0.018  0.105  0.095  0.182  0.072  0.770
   0.26431     -0.527589  0.004  0.010  0.006  0.265  0.021  0.113  0.094  0.180  0.078  0.774
   0.23127     -0.571721  0.004  0.012  0.006  0.255  0.024  0.121  0.095  0.179  0.084  0.777
   0.19823     -0.611869  0.004  0.011  0.006  0.244  0.027  0.128  0.094  0.179  0.089  0.782
   0.16519     -0.647302  0.004  0.011  0.005  0.235  0.030  0.134  0.094  0.178  0.093  0.785
   0.13215     -0.677349  0.004  0.010  0.005  0.229  0.032  0.139  0.094  0.178  0.096  0.790
   0.09912     -0.701404  0.004  0.010  0.004  0.223  0.035  0.144  0.095  0.177  0.099  0.792
   0.06608     -0.718967  0.004  0.010  0.004  0.218  0.037  0.147  0.095  0.178  0.101  0.794
   0.03304     -0.729662  0.004  0.010  0.004  0.216  0.038  0.149  0.095  0.178  0.102  0.796
   0.00000     -0.733257  0.004  0.010  0.004  0.214  0.039  0.149  0.095  0.178  0.103  0.797
 
# Band-Index:   15
   0.00000      1.273326  0.015  0.002  0.024  0.056  0.442  0.054  0.040  0.042  0.114  0.788
   0.03304      1.271627  0.012  0.002  0.024  0.056  0.443  0.053  0.039  0.041  0.114  0.788
   0.06608      1.266448  0.012  0.002  0.024  0.056  0.447  0.051  0.040  0.041  0.113  0.788
   0.09912      1.257571  0.011  0.005  0.025  0.054  0.452  0.048  0.040  0.041  0.110  0.785
   0.13215      1.244662  0.010  0.005  0.025  0.054  0.460  0.043  0.039  0.040  0.107  0.785
   0.16519      1.227354  0.008  0.006  0.027  0.053  0.468  0.037  0.039  0.039  0.104  0.782
   0.19823      1.205396  0.004  0.010  0.028  0.052  0.479  0.030  0.039  0.038  0.100  0.780
   0.23127      1.178846  0.003  0.011  0.026  0.051  0.487  0.023  0.039  0.038  0.097  0.776
   0.26431      1.148330  0.001  0.013  0.025  0.051  0.494  0.016  0.039  0.037  0.095  0.772
   0.29735      1.115266  0.001  0.015  0.024  0.049  0.499  0.009  0.039  0.036  0.094  0.768
   0.33039      1.081895  0.000  0.017  0.023  0.047  0.500  0.005  0.039  0.036  0.097  0.764
   0.36342      1.051020  0.002  0.016  0.020  0.045  0.499  0.002  0.037  0.037  0.101  0.760
   0.39646      1.025467  0.003  0.015  0.016  0.044  0.494  0.001  0.035  0.039  0.111  0.760
   0.42950      1.007419  0.003  0.015  0.015  0.042  0.485  0.000  0.032  0.041  0.124  0.759
   0.46254      0.997885  0.005  0.015  0.013  0.039  0.474  0.000  0.028  0.044  0.142  0.760
   0.49558      0.996551  0.006  0.013  0.014  0.036  0.457  0.000  0.024  0.047  0.166  0.763
   0.52862      1.001966  0.006  0.014  0.013  0.033  0.437  0.000  0.020  0.049  0.195  0.766
   0.56165      1.012121  0.006  0.011  0.013  0.029  0.413  0.001  0.016  0.051  0.227  0.770
   0.59469      1.025069  0.006  0.009  0.014  0.025  0.386  0.004  0.012  0.053  0.261  0.773
   0.62773      1.039434  0.007  0.009  0.014  0.021  0.360  0.009  0.008  0.055  0.292  0.778
   0.66077      1.054594  0.008  0.008  0.014  0.019  0.335  0.014  0.006  0.058  0.317  0.781
   0.69381      1.070513  0.008  0.009  0.014  0.015  0.316  0.020  0.004  0.063  0.336  0.785
   0.72685      1.087390  0.009  0.008  0.013  0.013  0.302  0.026  0.001  0.069  0.344  0.788
   0.75989      1.105357  0.010  0.007  0.013  0.013  0.293  0.030  0.000  0.077  0.346  0.792
   0.79292      1.124315  0.013  0.008  0.012  0.013  0.288  0.032  0.000  0.088  0.342  0.795
   0.82596      1.143895  0.014  0.008  0.011  0.013  0.286  0.032  0.000  0.101  0.334  0.800
   0.85900      1.163484  0.015  0.011  0.010  0.013  0.284  0.030  0.003  0.115  0.324  0.802
   0.89204      1.182269  0.016  0.011  0.009  0.013  0.283  0.025  0.006  0.132  0.312  0.806
   0.92508      1.199310  0.015  0.013  0.005  0.014  0.278  0.019  0.014  0.150  0.298  0.808
   0.95812      1.213649  0.017  0.016  0.004  0.014  0.269  0.013  0.027  0.168  0.283  0.811
   0.99116      1.224514  0.018  0.017  0.003  0.014  0.255  0.007  0.045  0.186  0.266  0.811
   1.02419      1.231581  0.020  0.019  0.002  0.014  0.238  0.003  0.070  0.200  0.247  0.814
   1.05723      1.235135  0.021  0.020  0.001  0.014  0.218  0.001  0.098  0.212  0.228  0.814
   1.09027      1.235978  0.020  0.020  0.001  0.014  0.200  0.000  0.127  0.221  0.210  0.814
   1.12331      1.235126  0.021  0.017  0.000  0.012  0.186  0.000  0.154  0.227  0.194  0.814
   1.15635      1.233504  0.022  0.016  0.000  0.012  0.173  0.001  0.178  0.232  0.181  0.815
   1.18939      1.231785  0.022  0.014  0.002  0.010  0.166  0.001  0.197  0.235  0.172  0.815
   1.22243      1.230379  0.021  0.010  0.002  0.010  0.160  0.002  0.210  0.236  0.165  0.817
   1.25546      1.229487  0.021  0.010  0.002  0.010  0.158  0.002  0.219  0.237  0.161  0.819
   1.28850      1.229182  0.021  0.010  0.002  0.010  0.157  0.002  0.221  0.238  0.159  0.818
   1.28850      1.229182  0.021  0.010  0.002  0.010  0.157  0.002  0.221  0.238  0.159  0.818
   1.32159      1.230767  0.021  0.010  0.002  0.010  0.154  0.002  0.221  0.238  0.161  0.819
   1.35468      1.235085  0.021  0.010  0.002  0.014  0.144  0.003  0.221  0.241  0.163  0.819
   1.38778      1.240892  0.021  0.011  0.002  0.018  0.127  0.003  0.222  0.244  0.168  0.817
   1.42087      1.246247  0.025  0.014  0.005  0.023  0.102  0.004  0.225  0.246  0.173  0.814
   1.45396      1.248667  0.029  0.015  0.007  0.028  0.071  0.006  0.230  0.244  0.180  0.808
   1.48705      1.245347  0.036  0.016  0.009  0.034  0.038  0.009  0.236  0.235  0.189  0.802
   1.52014      1.233691  0.045  0.019  0.012  0.038  0.012  0.013  0.241  0.216  0.197  0.793
   1.55323      1.212221  0.058  0.020  0.014  0.039  0.001  0.017  0.240  0.191  0.207  0.787
   1.58632      1.181241  0.067  0.022  0.016  0.039  0.004  0.021  0.233  0.163  0.215  0.779
   1.61941      1.142561  0.073  0.024  0.017  0.036  0.016  0.021  0.223  0.135  0.226  0.772
   1.65250      1.098637  0.079  0.024  0.017  0.032  0.030  0.022  0.212  0.111  0.237  0.766
   1.68560      1.051914  0.085  0.026  0.018  0.027  0.044  0.021  0.203  0.090  0.248  0.761
   1.71869      1.004611  0.089  0.029  0.016  0.022  0.052  0.021  0.196  0.074  0.260  0.757
   1.75178      0.958717  0.091  0.029  0.016  0.017  0.055  0.020  0.193  0.060  0.271  0.752
   1.78487      0.915978  0.092  0.031  0.015  0.014  0.054  0.018  0.192  0.050  0.279  0.746
   1.81796      0.877931  0.095  0.032  0.013  0.010  0.051  0.018  0.194  0.041  0.284  0.740
   1.85105      0.845846  0.095  0.034  0.012  0.008  0.045  0.017  0.198  0.035  0.288  0.734
   1.88414      0.820702  0.098  0.034  0.011  0.008  0.038  0.017  0.205  0.029  0.287  0.726
   1.91723      0.803148  0.099  0.034  0.012  0.008  0.031  0.016  0.213  0.026  0.282  0.721
   1.95033      0.793522  0.098  0.034  0.014  0.010  0.024  0.015  0.223  0.024  0.274  0.716
   1.98342      0.791826  0.098  0.035  0.014  0.011  0.018  0.015  0.235  0.022  0.263  0.711
   2.01651      0.797773  0.098  0.033  0.016  0.014  0.014  0.015  0.248  0.023  0.249  0.709
   2.04960      0.810802  0.096  0.033  0.020  0.017  0.010  0.014  0.262  0.023  0.234  0.710
   2.08269      0.830109  0.094  0.031  0.024  0.018  0.009  0.014  0.278  0.024  0.217  0.709
   2.11578      0.854685  0.093  0.031  0.028  0.020  0.008  0.014  0.294  0.027  0.199  0.711
   2.14887      0.883341  0.090  0.027  0.032  0.021  0.010  0.014  0.311  0.030  0.180  0.716
   2.18196      0.914782  0.088  0.025  0.038  0.021  0.010  0.014  0.329  0.032  0.162  0.720
   2.21505      0.947669  0.085  0.023  0.042  0.022  0.012  0.013  0.348  0.036  0.145  0.727
   2.24815      0.980720  0.083  0.019  0.048  0.021  0.014  0.014  0.365  0.040  0.129  0.734
   2.28124      1.012779  0.080  0.017  0.052  0.020  0.018  0.014  0.382  0.042  0.115  0.740
   2.31433      1.042890  0.077  0.013  0.056  0.020  0.020  0.014  0.399  0.044  0.102  0.747
   2.34742      1.070310  0.076  0.010  0.058  0.017  0.022  0.015  0.413  0.047  0.092  0.751
   2.38051      1.094532  0.075  0.009  0.062  0.017  0.024  0.014  0.425  0.048  0.083  0.756
   2.41360      1.115224  0.073  0.006  0.064  0.016  0.026  0.015  0.436  0.049  0.076  0.760
   2.44669      1.132218  0.072  0.004  0.066  0.014  0.027  0.016  0.444  0.049  0.071  0.764
   2.47978      1.145433  0.071  0.003  0.066  0.014  0.029  0.015  0.450  0.050  0.068  0.767
   2.51287      1.154857  0.071  0.002  0.067  0.014  0.030  0.016  0.455  0.050  0.065  0.769
   2.54597      1.160500  0.071  0.000  0.068  0.014  0.030  0.016  0.457  0.050  0.064  0.771
   2.57906      1.162370  0.071  0.000  0.068  0.013  0.030  0.016  0.458  0.050  0.064  0.771
 
# Band-Index:   16
   2.57906      1.934205  0.025  0.002  0.000  0.002  0.488  0.102  0.028  0.143  0.100  0.889
   2.54597      1.933004  0.024  0.000  0.000  0.002  0.485  0.102  0.029  0.141  0.102  0.888
   2.51287      1.929385  0.024  0.000  0.000  0.003  0.478  0.103  0.031  0.137  0.109  0.886
   2.47978      1.923315  0.024  0.000  0.000  0.003  0.467  0.105  0.033  0.129  0.119  0.883
   2.44669      1.914751  0.026  0.001  0.001  0.004  0.449  0.108  0.037  0.119  0.134  0.878
   2.41360      1.903666  0.025  0.001  0.001  0.005  0.427  0.111  0.043  0.106  0.153  0.872
   2.38051      1.890073  0.025  0.001  0.001  0.007  0.399  0.113  0.051  0.092  0.175  0.866
   2.34742      1.874055  0.027  0.002  0.001  0.008  0.366  0.118  0.060  0.076  0.199  0.860
   2.31433      1.855791  0.026  0.002  0.002  0.011  0.330  0.122  0.072  0.059  0.226  0.853
   2.28124      1.835570  0.027  0.005  0.004  0.012  0.291  0.127  0.085  0.044  0.253  0.846
   2.24815      1.813795  0.029  0.007  0.004  0.013  0.250  0.131  0.101  0.030  0.278  0.842
   2.21505      1.790964  0.029  0.008  0.006  0.013  0.210  0.136  0.117  0.018  0.300  0.836
   2.18196      1.767637  0.029  0.010  0.008  0.013  0.172  0.140  0.135  0.009  0.317  0.832
   2.14887      1.744392  0.029  0.013  0.007  0.013  0.136  0.145  0.152  0.003  0.330  0.831
   2.11578      1.721785  0.027  0.015  0.009  0.013  0.105  0.149  0.169  0.001  0.339  0.829
   2.08269      1.700309  0.026  0.018  0.011  0.013  0.078  0.153  0.185  0.000  0.342  0.828
   2.04960      1.680377  0.026  0.020  0.013  0.012  0.056  0.157  0.199  0.003  0.342  0.827
   2.01651      1.662318  0.023  0.022  0.015  0.014  0.038  0.160  0.211  0.006  0.338  0.829
   1.98342      1.646378  0.022  0.025  0.016  0.013  0.024  0.164  0.223  0.011  0.331  0.830
   1.95033      1.632728  0.021  0.027  0.018  0.015  0.014  0.167  0.232  0.017  0.324  0.832
   1.91723      1.621482  0.018  0.027  0.018  0.014  0.007  0.170  0.239  0.023  0.315  0.835
   1.88414      1.612700  0.015  0.029  0.020  0.016  0.002  0.173  0.245  0.029  0.306  0.835
   1.85105      1.606389  0.014  0.031  0.020  0.018  0.001  0.174  0.249  0.035  0.296  0.836
   1.81796      1.602513  0.011  0.031  0.020  0.022  0.002  0.173  0.252  0.040  0.286  0.838
   1.78487      1.600972  0.009  0.031  0.020  0.025  0.006  0.172  0.252  0.046  0.277  0.839
   1.75178      1.601611  0.008  0.032  0.019  0.028  0.013  0.169  0.251  0.049  0.268  0.839
   1.71869      1.604199  0.006  0.031  0.019  0.034  0.023  0.164  0.247  0.053  0.260  0.839
   1.68560      1.608432  0.007  0.031  0.018  0.042  0.039  0.155  0.241  0.056  0.250  0.839
   1.65250      1.599148  0.003  0.008  0.004  0.022  0.545  0.059  0.026  0.146  0.059  0.871
   1.61941      1.580157  0.004  0.006  0.005  0.019  0.540  0.075  0.041  0.121  0.060  0.871
   1.58632      1.566362  0.006  0.005  0.007  0.015  0.523  0.097  0.067  0.093  0.060  0.870
   1.55323      1.558451  0.007  0.003  0.009  0.012  0.484  0.123  0.107  0.064  0.062  0.869
   1.52014      1.556065  0.005  0.002  0.011  0.010  0.418  0.152  0.166  0.038  0.068  0.869
   1.48705      1.557102  0.004  0.002  0.012  0.010  0.328  0.179  0.235  0.018  0.081  0.868
   1.45396      1.558372  0.002  0.002  0.010  0.014  0.239  0.195  0.294  0.007  0.098  0.864
   1.42087      1.557675  0.005  0.003  0.010  0.024  0.172  0.197  0.332  0.002  0.115  0.859
   1.38778      1.554942  0.009  0.003  0.008  0.034  0.131  0.191  0.349  0.001  0.127  0.854
   1.35468      1.551435  0.016  0.002  0.006  0.040  0.110  0.184  0.353  0.001  0.135  0.848
   1.32159      1.548630  0.020  0.002  0.006  0.046  0.100  0.179  0.354  0.002  0.139  0.845
   1.28850      1.547570  0.021  0.002  0.006  0.046  0.097  0.177  0.354  0.002  0.140  0.843
   1.28850      1.547570  0.021  0.002  0.006  0.046  0.097  0.177  0.354  0.002  0.140  0.843
   1.25546      1.547243  0.020  0.002  0.006  0.046  0.098  0.180  0.354  0.002  0.138  0.843
   1.22243      1.545935  0.017  0.002  0.006  0.042  0.101  0.189  0.353  0.001  0.131  0.845
   1.18939      1.542941  0.016  0.002  0.009  0.039  0.104  0.204  0.351  0.000  0.119  0.844
   1.15635      1.537821  0.012  0.005  0.012  0.036  0.103  0.221  0.349  0.000  0.105  0.843
   1.12331      1.530843  0.014  0.005  0.013  0.032  0.098  0.241  0.346  0.001  0.090  0.840
   1.09027      1.523056  0.015  0.008  0.013  0.032  0.085  0.259  0.342  0.004  0.075  0.835
   1.05723      1.515944  0.018  0.011  0.015  0.033  0.066  0.278  0.340  0.008  0.059  0.830
   1.02419      1.510952  0.022  0.014  0.015  0.035  0.044  0.295  0.336  0.016  0.046  0.825
   0.99116      1.508960  0.026  0.019  0.015  0.039  0.022  0.309  0.328  0.028  0.037  0.821
   0.95812      1.509851  0.032  0.019  0.012  0.046  0.008  0.318  0.310  0.042  0.032  0.821
   0.92508      1.512278  0.038  0.020  0.010  0.054  0.006  0.321  0.283  0.057  0.033  0.822
   0.89204      1.513754  0.043  0.020  0.007  0.064  0.022  0.310  0.245  0.071  0.042  0.825
   0.85900      1.511307  0.048  0.017  0.006  0.077  0.059  0.285  0.195  0.084  0.060  0.829
   0.82596      1.502990  0.048  0.015  0.004  0.088  0.111  0.247  0.144  0.091  0.087  0.834
   0.79292      1.489138  0.047  0.015  0.003  0.092  0.160  0.210  0.101  0.094  0.117  0.837
   0.75989      1.471810  0.043  0.014  0.003  0.092  0.198  0.180  0.068  0.093  0.148  0.840
   0.72685      1.453511  0.038  0.014  0.003  0.090  0.222  0.157  0.046  0.092  0.179  0.843
   0.69381      1.436546  0.032  0.015  0.004  0.087  0.232  0.141  0.031  0.088  0.211  0.846
   0.66077      1.422933  0.029  0.015  0.006  0.084  0.232  0.129  0.020  0.085  0.246  0.847
   0.62773      1.414389  0.026  0.015  0.006  0.082  0.224  0.119  0.012  0.081  0.284  0.848
   0.59469      1.412175  0.021  0.015  0.008  0.082  0.210  0.109  0.006  0.078  0.322  0.849
   0.56165      1.416940  0.018  0.013  0.008  0.081  0.193  0.098  0.002  0.076  0.358  0.852
   0.52862      1.428636  0.016  0.014  0.010  0.083  0.178  0.087  0.001  0.075  0.390  0.852
   0.49558      1.446615  0.013  0.012  0.010  0.086  0.165  0.076  0.000  0.074  0.417  0.854
   0.46254      1.469838  0.012  0.012  0.010  0.090  0.155  0.066  0.001  0.074  0.437  0.855
   0.42950      1.497109  0.009  0.012  0.010  0.093  0.147  0.056  0.003  0.073  0.455  0.858
   0.39646      1.527187  0.008  0.010  0.008  0.096  0.144  0.046  0.006  0.072  0.468  0.861
   0.36342      1.558909  0.007  0.010  0.008  0.096  0.142  0.038  0.011  0.070  0.481  0.864
   0.33039      1.591192  0.006  0.010  0.008  0.096  0.143  0.029  0.017  0.068  0.492  0.869
   0.29735      1.623059  0.006  0.007  0.008  0.094  0.146  0.022  0.024  0.065  0.502  0.874
   0.26431      1.653637  0.005  0.006  0.008  0.091  0.150  0.015  0.034  0.060  0.511  0.880
   0.23127      1.682142  0.002  0.006  0.006  0.087  0.155  0.009  0.044  0.056  0.519  0.885
   0.19823      1.707903  0.002  0.006  0.006  0.081  0.160  0.004  0.055  0.051  0.526  0.892
   0.16519      1.730362  0.000  0.004  0.006  0.074  0.165  0.002  0.066  0.046  0.531  0.898
   0.13215      1.749096  0.000  0.004  0.006  0.068  0.169  0.001  0.076  0.042  0.535  0.903
   0.09912      1.763824  0.000  0.004  0.004  0.063  0.172  0.002  0.084  0.038  0.538  0.906
   0.06608      1.774397  0.000  0.004  0.004  0.059  0.174  0.003  0.091  0.036  0.539  0.911
   0.03304      1.780750  0.000  0.004  0.004  0.056  0.175  0.004  0.095  0.034  0.540  0.911
   0.00000      1.782867  0.000  0.004  0.004  0.056  0.175  0.004  0.096  0.034  0.540  0.913
 
# Band-Index:   17
   0.00000      2.078100  0.081  0.000  0.006  0.100  0.020  0.250  0.155  0.236  0.013  0.858
   0.03304      2.076494  0.081  0.000  0.006  0.098  0.020  0.249  0.156  0.235  0.014  0.857
   0.06608      2.071826  0.081  0.000  0.006  0.096  0.018  0.249  0.161  0.232  0.016  0.858
   0.09912      2.064531  0.080  0.001  0.006  0.092  0.016  0.248  0.169  0.226  0.021  0.857
   0.13215      2.055245  0.079  0.002  0.006  0.086  0.013  0.246  0.179  0.220  0.028  0.858
   0.16519      2.044690  0.078  0.005  0.006  0.078  0.010  0.243  0.190  0.212  0.037  0.856
   0.19823      2.033578  0.077  0.005  0.006  0.071  0.007  0.240  0.201  0.203  0.048  0.857
   0.23127      2.022490  0.073  0.007  0.006  0.064  0.006  0.236  0.211  0.192  0.061  0.859
   0.26431      2.011743  0.071  0.010  0.006  0.056  0.004  0.238  0.217  0.180  0.075  0.860
   0.29735      2.001240  0.069  0.011  0.008  0.050  0.004  0.249  0.216  0.165  0.090  0.865
   0.33039      1.990209  0.065  0.013  0.008  0.046  0.004  0.273  0.206  0.148  0.105  0.870
   0.36342      1.977131  0.062  0.015  0.008  0.043  0.007  0.313  0.185  0.128  0.117  0.877
   0.39646      1.960386  0.061  0.016  0.008  0.041  0.013  0.362  0.157  0.105  0.123  0.884
   0.42950      1.939683  0.060  0.016  0.007  0.039  0.020  0.402  0.132  0.085  0.126  0.888
   0.46254      1.916270  0.059  0.017  0.006  0.037  0.028  0.426  0.117  0.071  0.127  0.885
   0.49558      1.891679  0.058  0.019  0.006  0.037  0.035  0.432  0.110  0.062  0.127  0.883
   0.52862      1.866858  0.056  0.019  0.004  0.035  0.041  0.426  0.110  0.057  0.129  0.880
   0.56165      1.842221  0.054  0.022  0.005  0.035  0.049  0.413  0.113  0.053  0.131  0.875
   0.59469      1.817910  0.050  0.025  0.005  0.033  0.057  0.394  0.119  0.051  0.134  0.870
   0.62773      1.793998  0.047  0.027  0.008  0.033  0.066  0.372  0.125  0.048  0.137  0.864
   0.66077      1.770622  0.043  0.033  0.008  0.033  0.077  0.347  0.131  0.047  0.141  0.859
   0.69381      1.748051  0.039  0.035  0.008  0.036  0.091  0.316  0.136  0.044  0.146  0.854
   0.72685      1.726801  0.035  0.039  0.009  0.039  0.111  0.282  0.138  0.042  0.152  0.847
   0.75989      1.707720  0.032  0.042  0.009  0.041  0.139  0.242  0.135  0.039  0.161  0.843
   0.79292      1.692137  0.030  0.044  0.010  0.050  0.178  0.193  0.124  0.037  0.173  0.838
   0.82596      1.681840  0.028  0.044  0.010  0.062  0.225  0.139  0.102  0.036  0.188  0.834
   0.85900      1.678461  0.030  0.041  0.010  0.079  0.273  0.086  0.072  0.038  0.202  0.832
   0.89204      1.682162  0.036  0.037  0.008  0.097  0.308  0.046  0.043  0.044  0.209  0.830
   0.92508      1.691066  0.043  0.035  0.006  0.114  0.324  0.022  0.022  0.050  0.211  0.828
   0.95812      1.702384  0.053  0.031  0.005  0.125  0.326  0.011  0.010  0.056  0.206  0.824
   0.99116      1.713709  0.065  0.027  0.005  0.135  0.319  0.007  0.005  0.060  0.199  0.822
   1.02419      1.723414  0.075  0.024  0.005  0.142  0.312  0.006  0.002  0.064  0.190  0.818
   1.05723      1.730599  0.087  0.020  0.005  0.144  0.304  0.005  0.001  0.067  0.180  0.814
   1.09027      1.734997  0.100  0.016  0.005  0.144  0.300  0.007  0.001  0.069  0.168  0.811
   1.12331      1.736920  0.113  0.013  0.006  0.140  0.298  0.008  0.001  0.071  0.156  0.808
   1.15635      1.737129  0.125  0.008  0.006  0.137  0.301  0.012  0.002  0.073  0.141  0.807
   1.18939      1.736570  0.134  0.006  0.005  0.131  0.308  0.017  0.004  0.074  0.128  0.807
   1.22243      1.735982  0.142  0.003  0.007  0.124  0.316  0.021  0.007  0.075  0.116  0.809
   1.25546      1.735664  0.145  0.000  0.006  0.120  0.321  0.025  0.010  0.075  0.108  0.812
   1.28850      1.735579  0.147  0.000  0.006  0.119  0.323  0.026  0.011  0.075  0.104  0.812
   1.28850      1.735579  0.147  0.000  0.006  0.119  0.323  0.026  0.011  0.075  0.104  0.812
   1.32159      1.732012  0.145  0.000  0.007  0.119  0.326  0.024  0.009  0.075  0.106  0.811
   1.35468      1.721832  0.141  0.000  0.006  0.121  0.332  0.018  0.004  0.072  0.111  0.807
   1.38778      1.706611  0.131  0.002  0.008  0.123  0.338  0.010  0.000  0.068  0.120  0.802
   1.42087      1.688807  0.120  0.004  0.010  0.124  0.333  0.005  0.003  0.066  0.134  0.799
   1.45396      1.671321  0.100  0.008  0.010  0.122  0.309  0.008  0.022  0.063  0.154  0.798
   1.48705      1.656464  0.077  0.014  0.012  0.113  0.262  0.025  0.062  0.061  0.177  0.803
   1.52014      1.644873  0.054  0.018  0.013  0.101  0.205  0.052  0.111  0.061  0.197  0.812
   1.55323      1.635664  0.034  0.023  0.013  0.088  0.153  0.081  0.155  0.059  0.214  0.820
   1.58632      1.627740  0.022  0.026  0.016  0.072  0.111  0.107  0.190  0.058  0.225  0.828
   1.61941      1.620541  0.014  0.029  0.016  0.060  0.079  0.129  0.214  0.058  0.236  0.834
   1.65250      1.614046  0.010  0.029  0.017  0.050  0.055  0.145  0.231  0.057  0.245  0.836
   1.68560      1.622491  0.002  0.010  0.002  0.025  0.540  0.050  0.018  0.165  0.061  0.873
   1.71869      1.649234  0.003  0.012  0.001  0.027  0.538  0.040  0.012  0.184  0.056  0.875
   1.75178      1.678830  0.003  0.015  0.001  0.027  0.535  0.032  0.009  0.200  0.052  0.875
   1.78487      1.710794  0.003  0.018  0.001  0.028  0.531  0.026  0.007  0.214  0.046  0.877
   1.81796      1.744778  0.006  0.020  0.001  0.030  0.528  0.021  0.006  0.226  0.041  0.878
   1.85105      1.780530  0.006  0.023  0.000  0.031  0.525  0.017  0.007  0.236  0.033  0.880
   1.88414      1.817863  0.007  0.026  0.000  0.032  0.522  0.014  0.008  0.246  0.026  0.880
   1.91723      1.856653  0.007  0.030  0.000  0.031  0.519  0.010  0.010  0.255  0.018  0.883
   1.95033      1.896829  0.010  0.034  0.000  0.031  0.515  0.007  0.011  0.262  0.011  0.883
   1.98342      1.938346  0.010  0.038  0.001  0.033  0.510  0.005  0.014  0.268  0.006  0.884
   2.01651      1.981156  0.011  0.044  0.001  0.031  0.502  0.003  0.016  0.272  0.002  0.887
   2.04960      2.025184  0.014  0.052  0.002  0.031  0.492  0.003  0.019  0.273  0.002  0.886
   2.08269      2.070268  0.014  0.060  0.002  0.030  0.477  0.004  0.021  0.271  0.006  0.886
   2.11578      2.116068  0.015  0.070  0.002  0.028  0.458  0.009  0.023  0.266  0.016  0.888
   2.14887      2.162007  0.015  0.080  0.002  0.026  0.433  0.015  0.024  0.256  0.032  0.886
   2.18196      2.207210  0.016  0.092  0.003  0.025  0.402  0.025  0.026  0.241  0.056  0.887
   2.21505      2.250590  0.016  0.103  0.003  0.021  0.367  0.039  0.026  0.223  0.087  0.887
   2.24815      2.291002  0.017  0.114  0.003  0.017  0.327  0.056  0.026  0.201  0.124  0.887
   2.28124      2.327507  0.016  0.122  0.005  0.013  0.286  0.076  0.027  0.179  0.165  0.888
   2.31433      2.359574  0.016  0.128  0.004  0.008  0.245  0.094  0.028  0.156  0.209  0.889
   2.34742      2.387087  0.016  0.133  0.004  0.006  0.206  0.110  0.029  0.135  0.253  0.892
   2.38051      2.410227  0.016  0.132  0.002  0.004  0.173  0.123  0.031  0.116  0.295  0.892
   2.41360      2.429298  0.017  0.130  0.002  0.002  0.145  0.132  0.033  0.100  0.334  0.897
   2.44669      2.444598  0.017  0.128  0.002  0.002  0.122  0.138  0.036  0.087  0.368  0.898
   2.47978      2.456343  0.016  0.124  0.002  0.002  0.104  0.142  0.038  0.077  0.396  0.901
   2.51287      2.464669  0.016  0.122  0.002  0.000  0.092  0.143  0.040  0.071  0.416  0.904
   2.54597      2.469647  0.017  0.120  0.002  0.000  0.085  0.144  0.041  0.066  0.429  0.905
   2.57906      2.471303  0.017  0.120  0.002  0.000  0.083  0.144  0.042  0.064  0.434  0.906
 
# Band-Index:   18
   2.57906      2.937170  0.056  0.106  0.002  0.004  0.006  0.355  0.103  0.005  0.224  0.864
   2.54597      2.937337  0.056  0.106  0.002  0.004  0.006  0.354  0.104  0.005  0.225  0.863
   2.51287      2.937824  0.056  0.104  0.002  0.004  0.005  0.352  0.106  0.005  0.228  0.865
   2.47978      2.938570  0.054  0.102  0.002  0.006  0.004  0.350  0.110  0.005  0.232  0.865
   2.44669      2.939301  0.051  0.099  0.004  0.007  0.003  0.348  0.114  0.005  0.234  0.866
   2.41360      2.939300  0.046  0.096  0.005  0.011  0.002  0.351  0.121  0.005  0.232  0.867
   2.38051      2.937112  0.040  0.095  0.005  0.014  0.002  0.357  0.127  0.005  0.224  0.868
   2.34742      2.930433  0.034  0.093  0.006  0.019  0.003  0.370  0.133  0.008  0.203  0.867
   2.31433      2.916623  0.024  0.096  0.007  0.025  0.005  0.387  0.139  0.010  0.171  0.864
   2.28124      2.894305  0.019  0.099  0.006  0.031  0.007  0.405  0.142  0.013  0.133  0.854
   2.24815      2.865037  0.016  0.103  0.007  0.034  0.009  0.422  0.143  0.014  0.096  0.843
   2.21505      2.832834  0.013  0.110  0.005  0.035  0.009  0.434  0.142  0.014  0.068  0.831
   2.18196      2.801801  0.013  0.116  0.005  0.034  0.010  0.443  0.141  0.013  0.049  0.823
   2.14887      2.774574  0.013  0.122  0.005  0.029  0.011  0.448  0.141  0.010  0.038  0.818
   2.11578      2.752234  0.013  0.128  0.004  0.027  0.012  0.451  0.142  0.008  0.031  0.815
   2.08269      2.734876  0.013  0.133  0.004  0.023  0.012  0.451  0.144  0.006  0.027  0.814
   2.04960      2.722125  0.013  0.137  0.004  0.021  0.014  0.449  0.147  0.005  0.026  0.816
   2.01651      2.713447  0.013  0.139  0.003  0.017  0.015  0.446  0.151  0.005  0.026  0.816
   1.98342      2.708287  0.010  0.143  0.005  0.014  0.016  0.442  0.155  0.004  0.027  0.816
   1.95033      2.706137  0.011  0.144  0.004  0.013  0.016  0.438  0.159  0.004  0.029  0.818
   1.91723      2.706493  0.011  0.144  0.004  0.011  0.017  0.434  0.164  0.004  0.030  0.820
   1.88414      2.708866  0.010  0.145  0.004  0.009  0.016  0.429  0.169  0.004  0.033  0.821
   1.85105      2.712722  0.011  0.147  0.003  0.009  0.016  0.424  0.174  0.004  0.035  0.824
   1.81796      2.717512  0.011  0.147  0.003  0.009  0.015  0.419  0.177  0.005  0.038  0.825
   1.78487      2.722611  0.010  0.149  0.003  0.006  0.015  0.415  0.181  0.006  0.041  0.825
   1.75178      2.727314  0.008  0.150  0.002  0.006  0.014  0.411  0.184  0.006  0.043  0.825
   1.71869      2.730830  0.007  0.151  0.002  0.008  0.013  0.407  0.185  0.006  0.045  0.825
   1.68560      2.732299  0.006  0.153  0.002  0.008  0.013  0.404  0.185  0.005  0.047  0.823
   1.65250      2.730824  0.005  0.156  0.002  0.008  0.014  0.400  0.184  0.005  0.048  0.822
   1.61941      2.725550  0.005  0.158  0.002  0.010  0.014  0.398  0.180  0.004  0.048  0.820
   1.58632      2.715839  0.004  0.160  0.002  0.010  0.016  0.396  0.173  0.003  0.048  0.815
   1.55323      2.701479  0.007  0.163  0.002  0.012  0.018  0.394  0.164  0.003  0.047  0.810
   1.52014      2.682987  0.012  0.165  0.002  0.012  0.021  0.392  0.152  0.002  0.047  0.805
   1.48705      2.661760  0.015  0.167  0.002  0.012  0.027  0.389  0.139  0.002  0.046  0.799
   1.45396      2.640000  0.021  0.168  0.002  0.010  0.034  0.387  0.126  0.002  0.046  0.796
   1.42087      2.620169  0.024  0.168  0.002  0.010  0.043  0.384  0.114  0.002  0.046  0.795
   1.38778      2.604273  0.025  0.170  0.002  0.010  0.052  0.380  0.106  0.004  0.046  0.795
   1.35468      2.593275  0.026  0.170  0.000  0.012  0.061  0.377  0.100  0.004  0.046  0.796
   1.32159      2.587093  0.025  0.170  0.000  0.012  0.067  0.375  0.097  0.004  0.045  0.797
   1.28850      2.585134  0.024  0.170  0.000  0.012  0.069  0.374  0.096  0.006  0.045  0.797
   1.28850      2.585134  0.024  0.170  0.000  0.012  0.069  0.374  0.096  0.006  0.045  0.797
   1.25546      2.582685  0.024  0.167  0.003  0.012  0.067  0.372  0.100  0.005  0.044  0.794
   1.22243      2.576510  0.022  0.160  0.009  0.011  0.065  0.363  0.111  0.005  0.041  0.785
   1.18939      2.569238  0.021  0.152  0.014  0.009  0.061  0.351  0.129  0.004  0.037  0.777
   1.15635      2.563313  0.019  0.142  0.020  0.008  0.056  0.338  0.153  0.004  0.034  0.772
   1.12331      2.560081  0.018  0.130  0.026  0.006  0.050  0.327  0.180  0.004  0.031  0.772
   1.09027      2.559764  0.018  0.119  0.030  0.004  0.044  0.316  0.210  0.004  0.031  0.775
   1.05723      2.561817  0.019  0.108  0.034  0.004  0.038  0.306  0.241  0.004  0.030  0.783
   1.02419      2.565314  0.019  0.097  0.038  0.001  0.033  0.297  0.271  0.005  0.031  0.794
   0.99116      2.569215  0.020  0.087  0.039  0.001  0.028  0.289  0.300  0.007  0.031  0.804
   0.95812      2.572510  0.023  0.078  0.042  0.001  0.023  0.282  0.328  0.008  0.029  0.815
   0.92508      2.574249  0.024  0.072  0.041  0.001  0.019  0.274  0.354  0.011  0.027  0.825
   0.89204      2.573514  0.027  0.066  0.041  0.001  0.016  0.266  0.378  0.014  0.024  0.833
   0.85900      2.569383  0.030  0.060  0.042  0.001  0.013  0.257  0.399  0.018  0.020  0.841
   0.82596      2.560934  0.032  0.057  0.042  0.000  0.010  0.249  0.418  0.022  0.017  0.846
   0.79292      2.547259  0.033  0.052  0.041  0.000  0.008  0.241  0.433  0.026  0.012  0.850
   0.75989      2.527547  0.036  0.051  0.041  0.000  0.006  0.233  0.444  0.032  0.008  0.850
   0.72685      2.501247  0.040  0.049  0.041  0.002  0.004  0.223  0.450  0.037  0.005  0.851
   0.69381      2.468237  0.044  0.047  0.037  0.002  0.002  0.214  0.451  0.043  0.004  0.844
   0.66077      2.429069  0.048  0.046  0.035  0.002  0.001  0.205  0.448  0.050  0.003  0.838
   0.62773      2.385134  0.056  0.043  0.033  0.002  0.000  0.195  0.439  0.057  0.003  0.829
   0.59469      2.338652  0.063  0.040  0.031  0.002  0.000  0.186  0.426  0.064  0.004  0.816
   0.56165      2.292498  0.072  0.038  0.027  0.000  0.001  0.179  0.410  0.071  0.006  0.806
   0.52862      2.249864  0.080  0.036  0.023  0.000  0.003  0.176  0.392  0.078  0.008  0.796
   0.49558      2.213937  0.088  0.032  0.020  0.000  0.005  0.179  0.371  0.081  0.009  0.786
   0.46254      2.187784  0.097  0.029  0.016  0.000  0.008  0.192  0.347  0.082  0.008  0.780
   0.42950      2.174493  0.104  0.026  0.015  0.000  0.010  0.221  0.318  0.077  0.007  0.777
   0.39646      2.177164  0.109  0.024  0.011  0.001  0.012  0.266  0.283  0.066  0.004  0.779
   0.36342      2.198054  0.114  0.024  0.011  0.001  0.012  0.318  0.251  0.053  0.005  0.787
   0.33039      2.237130  0.112  0.024  0.012  0.001  0.009  0.358  0.230  0.041  0.008  0.798
   0.29735      2.292037  0.109  0.024  0.016  0.001  0.006  0.380  0.225  0.034  0.012  0.809
   0.26431      2.359176  0.106  0.025  0.018  0.003  0.003  0.387  0.235  0.029  0.017  0.821
   0.23127      2.434214  0.101  0.025  0.022  0.002  0.001  0.383  0.256  0.027  0.022  0.836
   0.19823      2.512174  0.093  0.022  0.026  0.002  0.000  0.373  0.284  0.026  0.026  0.853
   0.16519      2.587744  0.087  0.020  0.028  0.002  0.001  0.360  0.316  0.026  0.030  0.870
   0.13215      2.655856  0.082  0.017  0.029  0.002  0.001  0.346  0.348  0.026  0.035  0.886
   0.09912      2.712348  0.076  0.012  0.030  0.004  0.003  0.334  0.377  0.027  0.038  0.902
   0.06608      2.754301  0.074  0.008  0.029  0.004  0.003  0.325  0.400  0.027  0.041  0.914
   0.03304      2.780000  0.072  0.006  0.030  0.004  0.004  0.320  0.414  0.028  0.042  0.919
   0.00000      2.788640  0.071  0.006  0.030  0.004  0.004  0.318  0.419  0.028  0.043  0.922
 
# Band-Index:   19
   0.00000      4.236217  0.084  0.084  0.089  0.071  0.000  0.000  0.000  0.000  0.000  0.330
   0.03304      4.231565  0.087  0.085  0.090  0.067  0.000  0.000  0.004  0.000  0.001  0.337
   0.06608      4.217108  0.094  0.089  0.085  0.061  0.000  0.002  0.018  0.003  0.002  0.356
   0.09912      4.192123  0.107  0.095  0.079  0.051  0.000  0.003  0.042  0.005  0.005  0.386
   0.13215      4.157442  0.120  0.096  0.069  0.038  0.000  0.004  0.075  0.009  0.009  0.423
   0.16519      4.116620  0.133  0.098  0.058  0.030  0.000  0.005  0.114  0.011  0.014  0.462
   0.19823      4.074948  0.144  0.095  0.046  0.023  0.000  0.005  0.153  0.013  0.018  0.498
   0.23127      4.037285  0.151  0.090  0.037  0.018  0.000  0.006  0.188  0.015  0.021  0.526
   0.26431      4.006806  0.155  0.086  0.028  0.017  0.000  0.007  0.216  0.016  0.026  0.550
   0.29735      3.985124  0.159  0.082  0.023  0.015  0.000  0.008  0.237  0.015  0.028  0.568
   0.33039      3.972929  0.163  0.078  0.019  0.012  0.000  0.010  0.250  0.015  0.030  0.578
   0.36342      3.970572  0.166  0.076  0.016  0.011  0.000  0.011  0.256  0.015  0.033  0.584
   0.39646      3.978454  0.169  0.074  0.013  0.011  0.000  0.011  0.255  0.015  0.036  0.583
   0.42950      3.997236  0.173  0.074  0.012  0.009  0.000  0.012  0.249  0.013  0.038  0.581
   0.46254      4.027951  0.174  0.075  0.011  0.009  0.000  0.012  0.237  0.012  0.041  0.572
   0.49558      4.072007  0.177  0.077  0.012  0.009  0.001  0.012  0.220  0.011  0.043  0.561
   0.52862      4.131119  0.179  0.082  0.013  0.007  0.001  0.010  0.198  0.010  0.046  0.547
   0.56165      4.207174  0.180  0.086  0.014  0.008  0.001  0.009  0.174  0.008  0.049  0.530
   0.59469      4.301910  0.178  0.094  0.017  0.008  0.001  0.008  0.148  0.007  0.051  0.513
   0.62773      4.416486  0.173  0.101  0.020  0.007  0.001  0.007  0.122  0.006  0.054  0.495
   0.66077      4.550151  0.159  0.108  0.031  0.007  0.002  0.007  0.095  0.005  0.064  0.476
   0.69381      4.595093  0.202  0.052  0.069  0.062  0.000  0.015  0.035  0.015  0.057  0.508
   0.72685      4.559805  0.212  0.055  0.068  0.063  0.000  0.017  0.035  0.015  0.051  0.515
   0.75989      4.514769  0.214  0.058  0.069  0.060  0.000  0.018  0.034  0.015  0.049  0.517
   0.79292      4.460299  0.216  0.059  0.070  0.059  0.000  0.020  0.031  0.015  0.047  0.518
   0.82596      4.396470  0.214  0.063  0.072  0.056  0.000  0.022  0.029  0.015  0.047  0.518
   0.85900      4.323564  0.214  0.065  0.075  0.054  0.001  0.024  0.027  0.015  0.047  0.518
   0.89204      4.242068  0.212  0.066  0.076  0.050  0.001  0.026  0.023  0.014  0.047  0.517
   0.92508      4.152683  0.211  0.069  0.078  0.047  0.002  0.028  0.021  0.014  0.047  0.514
   0.95812      4.056399  0.207  0.069  0.080  0.043  0.002  0.030  0.018  0.013  0.046  0.510
   0.99116      3.954552  0.202  0.068  0.083  0.042  0.003  0.031  0.016  0.012  0.045  0.503
   1.02419      3.848919  0.196  0.068  0.084  0.040  0.004  0.032  0.014  0.012  0.044  0.493
   1.05723      3.741739  0.185  0.067  0.089  0.039  0.005  0.031  0.011  0.010  0.041  0.477
   1.09027      3.635700  0.172  0.064  0.092  0.038  0.006  0.030  0.009  0.008  0.038  0.457
   1.12331      3.533953  0.157  0.063  0.098  0.039  0.005  0.027  0.007  0.006  0.031  0.432
   1.15635      3.440168  0.141  0.060  0.102  0.039  0.005  0.023  0.005  0.005  0.024  0.403
   1.18939      3.358662  0.125  0.058  0.110  0.038  0.003  0.016  0.003  0.002  0.016  0.374
   1.22243      3.294451  0.112  0.055  0.118  0.039  0.002  0.008  0.001  0.001  0.008  0.346
   1.25546      3.252870  0.104  0.053  0.123  0.039  0.000  0.002  0.000  0.000  0.003  0.324
   1.28850      3.238403  0.101  0.053  0.125  0.039  0.000  0.000  0.000  0.000  0.000  0.318
   1.28850      3.238403  0.101  0.053  0.125  0.039  0.000  0.000  0.000  0.000  0.000  0.318
   1.32159      3.249583  0.102  0.053  0.123  0.039  0.000  0.000  0.001  0.001  0.000  0.322
   1.35468      3.282562  0.110  0.052  0.120  0.042  0.000  0.002  0.005  0.002  0.003  0.334
   1.38778      3.336035  0.122  0.049  0.114  0.044  0.000  0.003  0.010  0.005  0.005  0.354
   1.42087      3.408693  0.136  0.047  0.108  0.048  0.000  0.005  0.014  0.007  0.009  0.376
   1.45396      3.499782  0.153  0.043  0.101  0.054  0.001  0.006  0.017  0.009  0.012  0.399
   1.48705      3.609101  0.168  0.041  0.096  0.062  0.002  0.006  0.018  0.010  0.016  0.421
   1.52014      3.736501  0.182  0.039  0.091  0.070  0.002  0.008  0.016  0.011  0.020  0.438
   1.55323      3.881233  0.188  0.038  0.086  0.080  0.003  0.009  0.015  0.012  0.021  0.452
   1.58632      4.041516  0.189  0.039  0.085  0.088  0.005  0.010  0.013  0.011  0.022  0.461
   1.61941      4.214483  0.182  0.039  0.084  0.096  0.006  0.012  0.012  0.011  0.022  0.466
   1.65250      4.396359  0.168  0.042  0.085  0.102  0.008  0.014  0.011  0.011  0.022  0.466
   1.68560      4.582592  0.141  0.046  0.089  0.103  0.011  0.015  0.013  0.012  0.024  0.453
   1.71869      4.726162  0.273  0.047  0.048  0.101  0.000  0.011  0.030  0.014  0.030  0.552
   1.75178      4.768210  0.300  0.040  0.042  0.114  0.003  0.010  0.029  0.010  0.016  0.562
   1.78487      4.767873  0.295  0.036  0.036  0.122  0.006  0.007  0.031  0.007  0.012  0.551
   1.81796      4.722266  0.279  0.032  0.033  0.124  0.009  0.004  0.031  0.006  0.022  0.539
   1.85105      4.639259  0.261  0.027  0.031  0.121  0.012  0.002  0.030  0.004  0.041  0.530
   1.88414      4.531692  0.244  0.026  0.028  0.116  0.014  0.002  0.030  0.003  0.065  0.528
   1.91723      4.411014  0.233  0.022  0.026  0.109  0.015  0.001  0.031  0.002  0.090  0.532
   1.95033      4.285431  0.224  0.021  0.025  0.102  0.015  0.001  0.033  0.001  0.115  0.537
   1.98342      4.160481  0.220  0.019  0.023  0.095  0.015  0.001  0.033  0.001  0.139  0.545
   2.01651      4.039960  0.215  0.016  0.021  0.087  0.013  0.001  0.035  0.002  0.160  0.552
   2.04960      3.926633  0.213  0.016  0.017  0.081  0.011  0.001  0.037  0.002  0.181  0.559
   2.08269      3.822703  0.210  0.015  0.016  0.077  0.008  0.002  0.037  0.002  0.198  0.566
   2.11578      3.730159  0.211  0.012  0.014  0.073  0.005  0.001  0.038  0.003  0.211  0.569
   2.14887      3.651085  0.211  0.011  0.013  0.068  0.003  0.002  0.038  0.005  0.219  0.570
   2.18196      3.588018  0.212  0.008  0.013  0.069  0.002  0.001  0.036  0.007  0.219  0.567
   2.21505      3.544323  0.213  0.006  0.012  0.073  0.001  0.001  0.035  0.011  0.207  0.558
   2.24815      3.524457  0.211  0.005  0.013  0.078  0.003  0.002  0.032  0.016  0.183  0.546
   2.28124      3.533452  0.209  0.003  0.017  0.088  0.008  0.006  0.030  0.023  0.146  0.532
   2.31433      3.574969  0.203  0.003  0.023  0.099  0.013  0.012  0.028  0.030  0.105  0.517
   2.34742      3.648743  0.196  0.003  0.030  0.110  0.017  0.020  0.028  0.035  0.069  0.509
   2.38051      3.749905  0.185  0.004  0.037  0.120  0.020  0.026  0.028  0.038  0.042  0.501
   2.41360      3.870347  0.173  0.007  0.048  0.125  0.021  0.028  0.026  0.037  0.024  0.489
   2.44669      3.999543  0.160  0.011  0.060  0.125  0.019  0.027  0.022  0.033  0.014  0.470
   2.47978      4.123625  0.141  0.022  0.073  0.116  0.015  0.021  0.017  0.025  0.007  0.439
   2.51287      4.224992  0.118  0.043  0.087  0.098  0.009  0.013  0.010  0.014  0.003  0.392
   2.54597      4.288074  0.094  0.064  0.096  0.077  0.003  0.004  0.002  0.004  0.001  0.344
   2.57906      4.308606  0.084  0.075  0.099  0.067  0.000  0.000  0.000  0.000  0.000  0.325
 
# Band-Index:   20
   2.57906      4.820646  0.219  0.002  0.074  0.147  0.023  0.026  0.052  0.059  0.011  0.614
   2.54597      4.806722  0.198  0.022  0.072  0.133  0.021  0.021  0.049  0.052  0.010  0.580
   2.51287      4.784841  0.156  0.062  0.073  0.100  0.014  0.013  0.040  0.039  0.008  0.506
   2.47978      4.782592  0.117  0.099  0.075  0.069  0.008  0.005  0.032  0.025  0.006  0.437
   2.44669      4.806930  0.091  0.121  0.079  0.050  0.005  0.002  0.026  0.015  0.004  0.393
   2.41360      4.853572  0.074  0.133  0.082  0.037  0.004  0.004  0.023  0.009  0.004  0.366
   2.38051      4.917326  0.063  0.139  0.084  0.028  0.005  0.007  0.020  0.006  0.003  0.357
   2.34742      4.994228  0.056  0.140  0.086  0.022  0.008  0.011  0.019  0.004  0.004  0.352
   2.31433      5.081167  0.053  0.141  0.087  0.021  0.012  0.017  0.019  0.003  0.005  0.355
   2.28124      5.175372  0.049  0.138  0.089  0.016  0.016  0.022  0.020  0.002  0.007  0.359
   2.24815      5.274028  0.050  0.133  0.089  0.017  0.020  0.027  0.021  0.001  0.009  0.369
   2.21505      5.374015  0.052  0.127  0.090  0.015  0.026  0.032  0.023  0.001  0.013  0.380
   2.18196      5.471698  0.058  0.120  0.092  0.016  0.031  0.036  0.026  0.001  0.020  0.398
   2.14887      5.562825  0.067  0.110  0.091  0.017  0.035  0.039  0.030  0.000  0.028  0.420
   2.11578      5.642660  0.083  0.101  0.092  0.021  0.038  0.041  0.036  0.000  0.040  0.451
   2.08269      5.706482  0.102  0.094  0.091  0.023  0.040  0.040  0.043  0.001  0.057  0.489
   2.04960      5.750244  0.125  0.086  0.087  0.030  0.037  0.038  0.053  0.002  0.076  0.534
   2.01651      5.770554  0.142  0.084  0.083  0.037  0.031  0.033  0.064  0.004  0.098  0.574
   1.98342      5.763316  0.145  0.084  0.078  0.044  0.023  0.028  0.074  0.007  0.114  0.598
   1.95033      5.723316  0.128  0.081  0.076  0.048  0.017  0.023  0.078  0.011  0.118  0.582
   1.91723      5.649097  0.101  0.076  0.080  0.052  0.016  0.020  0.071  0.015  0.107  0.538
   1.88414      5.546147  0.081  0.071  0.084  0.056  0.017  0.020  0.059  0.016  0.088  0.492
   1.85105      5.421269  0.075  0.064  0.089  0.064  0.018  0.020  0.045  0.016  0.070  0.462
   1.81796      5.278714  0.083  0.058  0.092  0.075  0.019  0.020  0.033  0.016  0.054  0.449
   1.78487      5.120822  0.102  0.052  0.092  0.086  0.017  0.020  0.023  0.014  0.041  0.449
   1.75178      4.949871  0.128  0.047  0.091  0.098  0.015  0.019  0.016  0.012  0.032  0.458
   1.71869      4.769525  0.179  0.037  0.085  0.109  0.014  0.018  0.010  0.010  0.026  0.489
   1.68560      4.654911  0.326  0.034  0.046  0.099  0.002  0.014  0.018  0.011  0.049  0.600
   1.65250      4.564473  0.310  0.036  0.049  0.088  0.002  0.017  0.014  0.013  0.068  0.598
   1.61941      4.465519  0.306  0.034  0.047  0.081  0.005  0.021  0.009  0.015  0.087  0.604
   1.58632      4.364562  0.307  0.032  0.046  0.073  0.008  0.024  0.004  0.016  0.104  0.615
   1.55323      4.266310  0.312  0.029  0.042  0.066  0.013  0.029  0.002  0.017  0.122  0.631
   1.52014      4.174346  0.321  0.025  0.038  0.060  0.018  0.034  0.001  0.019  0.139  0.653
   1.48705      4.091475  0.330  0.022  0.031  0.051  0.024  0.039  0.003  0.020  0.156  0.678
   1.45396      4.019828  0.342  0.018  0.023  0.045  0.030  0.046  0.007  0.021  0.172  0.706
   1.42087      3.960797  0.352  0.017  0.018  0.040  0.034  0.052  0.013  0.023  0.186  0.732
   1.38778      3.915069  0.359  0.014  0.012  0.033  0.039  0.058  0.019  0.025  0.197  0.755
   1.35468      3.882732  0.364  0.012  0.007  0.030  0.042  0.063  0.023  0.025  0.206  0.773
   1.32159      3.863535  0.368  0.012  0.002  0.028  0.043  0.065  0.027  0.026  0.211  0.785
   1.28850      3.857178  0.369  0.012  0.002  0.026  0.044  0.066  0.028  0.026  0.213  0.788
   1.28850      3.857178  0.369  0.012  0.002  0.026  0.044  0.066  0.028  0.026  0.213  0.788
   1.25546      3.866046  0.368  0.012  0.003  0.026  0.044  0.066  0.028  0.027  0.210  0.784
   1.22243      3.892735  0.363  0.018  0.008  0.026  0.045  0.064  0.026  0.027  0.200  0.774
   1.18939      3.937422  0.351  0.023  0.011  0.026  0.046  0.062  0.023  0.027  0.187  0.755
   1.15635      4.000243  0.339  0.033  0.019  0.026  0.047  0.059  0.019  0.027  0.169  0.735
   1.12331      4.081105  0.323  0.042  0.025  0.025  0.047  0.055  0.015  0.028  0.149  0.710
   1.09027      4.179551  0.307  0.052  0.033  0.025  0.049  0.051  0.011  0.028  0.128  0.683
   1.05723      4.294703  0.287  0.063  0.042  0.025  0.050  0.047  0.008  0.029  0.108  0.657
   1.02419      4.425329  0.270  0.071  0.050  0.025  0.052  0.042  0.006  0.029  0.089  0.633
   0.99116      4.569889  0.253  0.082  0.057  0.024  0.053  0.037  0.004  0.030  0.071  0.612
   0.95812      4.726608  0.235  0.092  0.064  0.026  0.054  0.032  0.003  0.031  0.056  0.593
   0.92508      4.893415  0.217  0.100  0.070  0.025  0.055  0.029  0.002  0.032  0.043  0.574
   0.89204      5.067741  0.195  0.109  0.075  0.026  0.055  0.027  0.003  0.032  0.031  0.554
   0.85900      5.244837  0.160  0.122  0.083  0.027  0.053  0.025  0.004  0.030  0.021  0.525
   0.82596      5.382317  0.052  0.183  0.072  0.023  0.017  0.024  0.015  0.009  0.023  0.419
   0.79292      5.252010  0.117  0.170  0.038  0.009  0.002  0.010  0.033  0.002  0.039  0.420
   0.75989      5.063638  0.147  0.152  0.033  0.009  0.003  0.007  0.045  0.003  0.042  0.439
   0.72685      4.879465  0.163  0.138  0.026  0.007  0.003  0.005  0.060  0.004  0.043  0.454
   0.69381      4.708705  0.183  0.124  0.019  0.010  0.002  0.006  0.079  0.006  0.039  0.468
   0.66077      4.626978  0.231  0.055  0.053  0.065  0.000  0.014  0.041  0.017  0.032  0.510
   0.62773      4.646274  0.216  0.050  0.061  0.066  0.001  0.015  0.039  0.017  0.041  0.502
   0.59469      4.661027  0.209  0.048  0.060  0.064  0.002  0.014  0.039  0.017  0.042  0.495
   0.56165      4.671614  0.202  0.045  0.061  0.062  0.003  0.015  0.039  0.017  0.042  0.488
   0.52862      4.679438  0.196  0.045  0.061  0.063  0.004  0.014  0.039  0.018  0.040  0.478
   0.49558      4.685835  0.188  0.042  0.060  0.063  0.005  0.015  0.039  0.018  0.039  0.470
   0.46254      4.691922  0.179  0.044  0.061  0.062  0.006  0.016  0.039  0.018  0.036  0.462
   0.42950      4.698539  0.171  0.042  0.062  0.066  0.007  0.015  0.040  0.019  0.035  0.453
   0.39646      4.706214  0.161  0.040  0.061  0.067  0.007  0.016  0.040  0.019  0.033  0.445
   0.36342      4.715213  0.150  0.041  0.060  0.071  0.008  0.016  0.040  0.018  0.031  0.437
   0.33039      4.725651  0.141  0.040  0.060  0.077  0.008  0.014  0.041  0.018  0.029  0.429
   0.29735      4.737733  0.128  0.043  0.058  0.083  0.007  0.013  0.043  0.016  0.028  0.420
   0.26431      4.752117  0.117  0.043  0.058  0.090  0.007  0.012  0.045  0.015  0.025  0.414
   0.23127      4.770462  0.108  0.047  0.056  0.096  0.007  0.011  0.049  0.013  0.022  0.409
   0.19823      4.796084  0.103  0.053  0.052  0.102  0.006  0.011  0.055  0.011  0.019  0.410
   0.16519      4.834427  0.100  0.061  0.050  0.102  0.005  0.011  0.062  0.010  0.015  0.417
   0.13215      4.892559  0.104  0.074  0.047  0.098  0.005  0.013  0.067  0.008  0.012  0.432
   0.09912      4.977126  0.113  0.092  0.050  0.089  0.006  0.017  0.070  0.008  0.010  0.452
   0.06608      5.091249  0.125  0.108  0.053  0.076  0.006  0.023  0.069  0.008  0.007  0.476
   0.03304      5.231539  0.147  0.121  0.060  0.055  0.008  0.034  0.070  0.008  0.005  0.508
   0.00000      5.350995  0.228  0.110  0.072  0.000  0.011  0.061  0.094  0.011  0.005  0.592
 
# Band-Index:   21
   0.00000      5.469228  0.004  0.183  0.072  0.134  0.000  0.000  0.000  0.000  0.000  0.393
   0.03304      5.571617  0.199  0.035  0.097  0.017  0.043  0.077  0.033  0.031  0.052  0.584
   0.06608      5.583498  0.213  0.004  0.074  0.006  0.068  0.076  0.033  0.045  0.066  0.587
   0.09912      5.594554  0.208  0.003  0.072  0.012  0.069  0.073  0.032  0.045  0.063  0.577
   0.13215      5.612416  0.200  0.003  0.070  0.021  0.069  0.069  0.031  0.042  0.057  0.563
   0.16519      5.639690  0.190  0.004  0.069  0.031  0.069  0.065  0.029  0.040  0.050  0.547
   0.19823      5.678566  0.178  0.004  0.071  0.044  0.069  0.060  0.026  0.036  0.042  0.531
   0.23127      5.730523  0.165  0.004  0.072  0.056  0.068  0.055  0.025  0.034  0.035  0.514
   0.26431      5.796051  0.152  0.005  0.071  0.070  0.067  0.050  0.022  0.032  0.029  0.498
   0.29735      5.874576  0.137  0.005  0.071  0.082  0.067  0.045  0.020  0.029  0.024  0.480
   0.33039      5.964598  0.123  0.007  0.073  0.091  0.068  0.041  0.019  0.028  0.020  0.465
   0.36342      6.063830  0.111  0.008  0.073  0.095  0.068  0.038  0.017  0.026  0.017  0.452
   0.39646      6.169278  0.098  0.008  0.075  0.098  0.070  0.035  0.016  0.026  0.014  0.440
   0.42950      6.277081  0.086  0.011  0.075  0.099  0.073  0.033  0.013  0.026  0.013  0.429
   0.46254      6.382082  0.075  0.012  0.079  0.092  0.077  0.031  0.012  0.025  0.012  0.416
   0.49558      6.476892  0.064  0.014  0.082  0.077  0.084  0.030  0.012  0.027  0.013  0.402
   0.52862      6.550232  0.050  0.012  0.088  0.056  0.094  0.029  0.010  0.029  0.016  0.385
   0.56165      6.584611  0.041  0.007  0.101  0.029  0.105  0.027  0.010  0.034  0.018  0.371
   0.59469      6.559059  0.044  0.010  0.113  0.012  0.108  0.025  0.010  0.039  0.017  0.380
   0.62773      6.469561  0.066  0.031  0.120  0.012  0.101  0.021  0.010  0.042  0.010  0.412
   0.66077      6.335935  0.094  0.055  0.117  0.017  0.089  0.019  0.008  0.042  0.004  0.447
   0.69381      6.177300  0.120  0.073  0.111  0.022  0.082  0.018  0.006  0.042  0.001  0.475
   0.72685      6.004468  0.144  0.087  0.105  0.023  0.076  0.017  0.006  0.041  0.000  0.500
   0.75989      5.824123  0.171  0.092  0.098  0.025  0.072  0.016  0.004  0.041  0.003  0.522
   0.79292      5.643449  0.207  0.090  0.089  0.024  0.072  0.016  0.003  0.042  0.008  0.549
   0.82596      5.520167  0.276  0.094  0.051  0.008  0.055  0.003  0.013  0.032  0.027  0.557
   0.85900      5.656136  0.167  0.164  0.037  0.002  0.019  0.007  0.016  0.010  0.030  0.454
   0.89204      5.811455  0.129  0.185  0.038  0.005  0.016  0.009  0.013  0.008  0.023  0.425
   0.92508      5.929723  0.099  0.194  0.038  0.007  0.016  0.011  0.009  0.007  0.016  0.398
   0.95812      5.996652  0.070  0.190  0.037  0.014  0.017  0.010  0.008  0.006  0.012  0.368
   0.99116      6.013039  0.049  0.180  0.040  0.024  0.017  0.010  0.007  0.005  0.010  0.340
   1.02419      5.992051  0.033  0.164  0.044  0.033  0.016  0.008  0.006  0.004  0.008  0.316
   1.05723      5.949645  0.021  0.151  0.047  0.042  0.014  0.006  0.005  0.003  0.007  0.296
   1.09027      5.898429  0.014  0.136  0.050  0.050  0.011  0.005  0.004  0.002  0.006  0.280
   1.12331      5.846797  0.008  0.126  0.054  0.057  0.008  0.004  0.004  0.001  0.005  0.266
   1.15635      5.799985  0.005  0.117  0.058  0.061  0.005  0.002  0.002  0.001  0.003  0.255
   1.18939      5.761203  0.002  0.111  0.060  0.065  0.003  0.001  0.001  0.000  0.002  0.247
   1.22243      5.732398  0.001  0.107  0.061  0.069  0.002  0.000  0.001  0.000  0.001  0.240
   1.25546      5.714713  0.000  0.104  0.061  0.071  0.000  0.000  0.000  0.000  0.000  0.237
   1.28850      5.708755  0.000  0.101  0.064  0.071  0.000  0.000  0.000  0.000  0.000  0.237
   1.28850      5.708755  0.000  0.101  0.064  0.071  0.000  0.000  0.000  0.000  0.000  0.237
   1.32159      5.714953  0.000  0.101  0.062  0.072  0.000  0.000  0.000  0.000  0.000  0.237
   1.35468      5.733263  0.000  0.099  0.062  0.074  0.002  0.000  0.000  0.000  0.000  0.239
   1.38778      5.762861  0.002  0.095  0.060  0.078  0.004  0.000  0.002  0.000  0.001  0.244
   1.42087      5.802309  0.002  0.090  0.058  0.084  0.005  0.001  0.003  0.002  0.002  0.248
   1.45396      5.849494  0.004  0.083  0.056  0.093  0.007  0.001  0.004  0.002  0.004  0.254
   1.48705      5.901490  0.006  0.076  0.052  0.101  0.010  0.002  0.006  0.002  0.006  0.261
   1.52014      5.954433  0.008  0.066  0.051  0.113  0.012  0.002  0.007  0.003  0.009  0.269
   1.55323      6.003374  0.011  0.056  0.046  0.126  0.013  0.002  0.007  0.004  0.014  0.280
   1.58632      6.042177  0.012  0.045  0.045  0.141  0.013  0.002  0.009  0.004  0.021  0.292
   1.61941      6.063375  0.016  0.035  0.043  0.155  0.010  0.002  0.009  0.004  0.033  0.310
   1.65250      6.058504  0.027  0.025  0.046  0.168  0.006  0.001  0.010  0.004  0.055  0.343
   1.68560      6.022919  0.046  0.019  0.053  0.168  0.004  0.001  0.010  0.004  0.086  0.391
   1.71869      5.967175  0.074  0.016  0.065  0.153  0.004  0.002  0.010  0.004  0.117  0.446
   1.75178      5.915187  0.104  0.016  0.076  0.134  0.007  0.005  0.012  0.004  0.137  0.494
   1.78487      5.886700  0.138  0.016  0.086  0.110  0.013  0.010  0.014  0.003  0.139  0.530
   1.81796      5.886020  0.165  0.016  0.095  0.087  0.021  0.016  0.014  0.003  0.122  0.540
   1.85105      5.903834  0.173  0.015  0.103  0.063  0.031  0.022  0.012  0.002  0.094  0.518
   1.88414      5.929146  0.160  0.011  0.111  0.044  0.042  0.027  0.007  0.003  0.062  0.467
   1.91723      5.957849  0.128  0.005  0.117  0.028  0.052  0.030  0.003  0.004  0.031  0.398
   1.95033      5.992059  0.086  0.003  0.119  0.018  0.057  0.031  0.005  0.007  0.010  0.333
   1.98342      6.033329  0.053  0.007  0.114  0.013  0.056  0.030  0.016  0.012  0.005  0.306
   2.01651      6.076426  0.046  0.013  0.106  0.012  0.049  0.027  0.034  0.015  0.015  0.321
   2.04960      6.113912  0.058  0.020  0.099  0.015  0.043  0.024  0.052  0.018  0.029  0.360
   2.08269      6.142700  0.078  0.025  0.091  0.017  0.039  0.022  0.068  0.021  0.043  0.404
   2.11578      6.163874  0.098  0.028  0.085  0.019  0.037  0.022  0.079  0.023  0.054  0.446
   2.14887      6.179847  0.115  0.029  0.081  0.020  0.037  0.022  0.089  0.023  0.062  0.478
   2.18196      6.192572  0.128  0.028  0.078  0.018  0.039  0.023  0.096  0.024  0.069  0.503
   2.21505      6.203109  0.135  0.024  0.075  0.018  0.043  0.024  0.102  0.024  0.072  0.520
   2.24815      6.211829  0.140  0.023  0.073  0.019  0.046  0.026  0.107  0.025  0.074  0.531
   2.28124      6.218680  0.142  0.020  0.073  0.016  0.050  0.027  0.111  0.026  0.076  0.542
   2.31433      6.223276  0.142  0.020  0.071  0.016  0.054  0.028  0.111  0.026  0.077  0.546
   2.34742      6.224682  0.141  0.020  0.073  0.016  0.056  0.029  0.110  0.026  0.077  0.548
   2.38051      6.220332  0.137  0.022  0.079  0.020  0.058  0.030  0.103  0.025  0.076  0.549
   2.41360      6.201290  0.125  0.035  0.091  0.035  0.052  0.029  0.079  0.023  0.070  0.538
   2.44669      6.136036  0.094  0.072  0.105  0.094  0.030  0.021  0.027  0.016  0.044  0.500
   2.47978      6.000770  0.061  0.106  0.095  0.145  0.011  0.011  0.003  0.011  0.016  0.458
   2.51287      5.849139  0.039  0.129  0.078  0.154  0.005  0.006  0.001  0.007  0.006  0.422
   2.54597      5.730674  0.017  0.152  0.067  0.148  0.001  0.002  0.000  0.003  0.002  0.390
   2.57906      5.684524  0.006  0.162  0.061  0.144  0.000  0.000  0.000  0.000  0.000  0.374
 
# Band-Index:   22
   2.57906      6.288139  0.142  0.000  0.030  0.022  0.074  0.030  0.163  0.031  0.073  0.566
   2.54597      6.289626  0.142  0.000  0.030  0.024  0.073  0.030  0.163  0.032  0.072  0.566
   2.51287      6.295354  0.141  0.001  0.028  0.030  0.071  0.028  0.164  0.031  0.069  0.564
   2.47978      6.311773  0.136  0.006  0.021  0.053  0.065  0.025  0.162  0.031  0.059  0.558
   2.44669      6.364519  0.118  0.026  0.018  0.115  0.046  0.016  0.136  0.027  0.034  0.537
   2.41360      6.492044  0.096  0.051  0.042  0.186  0.024  0.009  0.083  0.021  0.008  0.519
   2.38051      6.659703  0.095  0.054  0.062  0.213  0.016  0.007  0.056  0.019  0.001  0.522
   2.34742      6.826892  0.098  0.050  0.074  0.228  0.015  0.008  0.045  0.017  0.000  0.532
   2.31433      6.976871  0.104  0.042  0.081  0.234  0.015  0.007  0.040  0.016  0.002  0.542
   2.28124      7.101103  0.111  0.035  0.083  0.239  0.017  0.008  0.038  0.013  0.002  0.547
   2.24815      7.195681  0.117  0.031  0.086  0.238  0.018  0.010  0.037  0.011  0.005  0.550
   2.21505      7.260487  0.121  0.030  0.084  0.234  0.018  0.011  0.034  0.009  0.007  0.548
   2.18196      7.297757  0.126  0.034  0.083  0.228  0.017  0.011  0.031  0.006  0.008  0.545
   2.14887      7.310527  0.128  0.043  0.079  0.225  0.014  0.012  0.027  0.004  0.008  0.541
   2.11578      7.301801  0.129  0.054  0.075  0.227  0.011  0.013  0.021  0.002  0.008  0.540
   2.08269      7.273556  0.126  0.062  0.067  0.240  0.009  0.013  0.014  0.001  0.008  0.540
   2.04960      7.224168  0.118  0.063  0.056  0.263  0.006  0.013  0.007  0.001  0.011  0.540
   2.01651      7.148140  0.106  0.054  0.044  0.287  0.007  0.012  0.004  0.002  0.018  0.534
   1.98342      7.043570  0.090  0.042  0.033  0.298  0.010  0.010  0.003  0.001  0.029  0.517
   1.95033      6.917822  0.078  0.034  0.025  0.292  0.013  0.008  0.004  0.001  0.040  0.492
   1.91723      6.783527  0.062  0.024  0.020  0.276  0.017  0.005  0.006  0.001  0.051  0.462
   1.88414      6.654210  0.050  0.017  0.017  0.250  0.022  0.004  0.006  0.001  0.057  0.425
   1.85105      6.542450  0.041  0.013  0.019  0.214  0.028  0.003  0.007  0.000  0.060  0.385
   1.81796      6.457607  0.040  0.008  0.022  0.178  0.034  0.003  0.006  0.000  0.061  0.353
   1.78487      6.403016  0.048  0.007  0.029  0.141  0.039  0.005  0.007  0.001  0.061  0.337
   1.75178      6.376757  0.063  0.006  0.037  0.110  0.042  0.006  0.007  0.001  0.063  0.337
   1.71869      6.376783  0.086  0.007  0.046  0.084  0.043  0.007  0.008  0.002  0.069  0.353
   1.68560      6.406126  0.112  0.009  0.055  0.066  0.040  0.007  0.009  0.004  0.081  0.381
   1.65250      6.470755  0.130  0.009  0.064  0.059  0.032  0.006  0.010  0.006  0.091  0.409
   1.61941      6.567876  0.139  0.011  0.068  0.061  0.024  0.005  0.012  0.009  0.094  0.424
   1.58632      6.685680  0.145  0.012  0.067  0.061  0.018  0.005  0.016  0.011  0.092  0.427
   1.55323      6.814008  0.148  0.014  0.064  0.059  0.015  0.005  0.020  0.014  0.086  0.425
   1.52014      6.947251  0.150  0.018  0.061  0.053  0.015  0.006  0.024  0.016  0.081  0.423
   1.48705      7.082327  0.152  0.019  0.058  0.046  0.017  0.008  0.030  0.019  0.076  0.424
   1.45396      7.216587  0.156  0.018  0.055  0.037  0.020  0.010  0.037  0.021  0.072  0.427
   1.42087      7.346335  0.161  0.017  0.055  0.027  0.024  0.013  0.043  0.024  0.069  0.433
   1.38778      7.465706  0.167  0.015  0.052  0.020  0.029  0.017  0.051  0.027  0.066  0.442
   1.35468      7.565703  0.172  0.009  0.053  0.011  0.034  0.021  0.057  0.030  0.065  0.453
   1.32159      7.634184  0.179  0.005  0.052  0.006  0.038  0.024  0.062  0.032  0.065  0.464
   1.28850      7.658853  0.181  0.004  0.052  0.002  0.041  0.024  0.065  0.033  0.064  0.469
   1.28850      7.658853  0.181  0.004  0.052  0.002  0.041  0.024  0.065  0.033  0.064  0.469
   1.25546      7.645640  0.180  0.007  0.052  0.003  0.039  0.024  0.064  0.033  0.064  0.466
   1.22243      7.608282  0.175  0.011  0.052  0.007  0.036  0.024  0.060  0.030  0.066  0.459
   1.18939      7.552332  0.169  0.016  0.051  0.010  0.031  0.023  0.054  0.028  0.069  0.452
   1.15635      7.483979  0.163  0.024  0.053  0.012  0.026  0.022  0.049  0.025  0.073  0.447
   1.12331      7.408241  0.157  0.032  0.054  0.015  0.020  0.023  0.042  0.022  0.080  0.445
   1.09027      7.328395  0.153  0.042  0.055  0.016  0.016  0.022  0.035  0.018  0.089  0.444
   1.05723      7.246142  0.148  0.051  0.057  0.015  0.011  0.021  0.029  0.015  0.099  0.449
   1.02419      7.162477  0.143  0.062  0.058  0.015  0.009  0.020  0.022  0.013  0.112  0.452
   0.99116      7.079682  0.136  0.070  0.060  0.014  0.008  0.017  0.016  0.010  0.123  0.454
   0.95812      7.003712  0.125  0.079  0.060  0.012  0.012  0.015  0.011  0.009  0.132  0.454
   0.92508      6.942688  0.110  0.090  0.055  0.011  0.016  0.012  0.009  0.008  0.135  0.446
   0.89204      6.900043  0.097  0.105  0.048  0.007  0.021  0.010  0.007  0.009  0.133  0.436
   0.85900      6.872535  0.087  0.120  0.041  0.003  0.024  0.009  0.007  0.008  0.127  0.427
   0.82596      6.855737  0.080  0.137  0.035  0.001  0.027  0.009  0.005  0.007  0.118  0.423
   0.79292      6.847509  0.078  0.154  0.031  0.000  0.028  0.009  0.004  0.006  0.107  0.419
   0.75989      6.847339  0.079  0.171  0.028  0.003  0.030  0.009  0.003  0.006  0.093  0.421
   0.72685      6.854883  0.082  0.188  0.024  0.009  0.030  0.009  0.002  0.006  0.077  0.426
   0.69381      6.869077  0.090  0.203  0.024  0.019  0.028  0.009  0.001  0.005  0.060  0.440
   0.66077      6.888337  0.105  0.221  0.025  0.036  0.023  0.008  0.002  0.006  0.042  0.463
   0.62773      6.913091  0.123  0.233  0.031  0.059  0.015  0.006  0.002  0.008  0.022  0.497
   0.59469      6.951311  0.140  0.233  0.045  0.078  0.010  0.003  0.005  0.012  0.006  0.533
   0.56165      7.014364  0.140  0.215  0.069  0.079  0.015  0.001  0.010  0.020  0.001  0.550
   0.52862      7.094897  0.127  0.194  0.090  0.064  0.027  0.000  0.014  0.026  0.005  0.548
   0.49558      7.172079  0.115  0.184  0.101  0.049  0.037  0.001  0.018  0.029  0.010  0.546
   0.46254      7.229441  0.108  0.189  0.108  0.034  0.043  0.002  0.021  0.031  0.015  0.551
   0.42950      7.257799  0.103  0.197  0.110  0.025  0.045  0.005  0.023  0.029  0.019  0.557
   0.39646      7.254077  0.101  0.207  0.112  0.021  0.045  0.008  0.023  0.027  0.020  0.562
   0.36342      7.218697  0.098  0.214  0.110  0.020  0.043  0.011  0.023  0.023  0.020  0.566
   0.33039      7.152825  0.098  0.220  0.111  0.021  0.041  0.016  0.022  0.020  0.018  0.564
   0.29735      7.057408  0.098  0.223  0.112  0.024  0.037  0.019  0.020  0.018  0.015  0.563
   0.26431      6.933640  0.096  0.222  0.110  0.027  0.034  0.023  0.019  0.015  0.012  0.560
   0.23127      6.783787  0.096  0.220  0.107  0.033  0.030  0.025  0.017  0.013  0.009  0.551
   0.19823      6.611559  0.098  0.214  0.104  0.037  0.027  0.027  0.017  0.011  0.006  0.542
   0.16519      6.421965  0.097  0.207  0.100  0.044  0.025  0.028  0.017  0.010  0.005  0.531
   0.13215      6.220783  0.095  0.199  0.091  0.048  0.022  0.028  0.018  0.010  0.004  0.518
   0.09912      6.014182  0.096  0.191  0.084  0.056  0.020  0.026  0.020  0.009  0.004  0.504
   0.06608      5.808958  0.089  0.179  0.074  0.066  0.020  0.023  0.023  0.010  0.005  0.487
   0.03304      5.619119  0.090  0.141  0.039  0.067  0.042  0.015  0.023  0.024  0.024  0.466
   0.00000      5.581637  0.204  0.006  0.052  0.004  0.081  0.067  0.032  0.053  0.076  0.575
 
# Band-Index:   23
   0.00000      7.954995  0.020  0.074  0.104  0.144  0.000  0.000  0.000  0.000  0.000  0.340
   0.03304      7.960573  0.020  0.071  0.104  0.142  0.000  0.000  0.000  0.000  0.001  0.341
   0.06608      7.977114  0.020  0.070  0.103  0.143  0.000  0.001  0.000  0.001  0.004  0.343
   0.09912      8.004081  0.020  0.065  0.103  0.143  0.001  0.003  0.001  0.002  0.008  0.344
   0.13215      8.040503  0.020  0.056  0.101  0.147  0.001  0.004  0.001  0.003  0.012  0.347
   0.16519      8.084710  0.022  0.049  0.098  0.150  0.002  0.007  0.001  0.005  0.018  0.350
   0.19823      8.133720  0.022  0.040  0.096  0.153  0.002  0.009  0.002  0.006  0.023  0.354
   0.23127      8.181917  0.023  0.035  0.089  0.159  0.003  0.011  0.002  0.007  0.028  0.357
   0.26431      8.219346  0.022  0.034  0.080  0.167  0.006  0.013  0.002  0.007  0.031  0.359
   0.29735      8.231619  0.024  0.040  0.064  0.171  0.009  0.013  0.002  0.005  0.033  0.362
   0.33039      8.206428  0.025  0.053  0.046  0.174  0.014  0.012  0.004  0.004  0.032  0.363
   0.36342      8.144727  0.029  0.069  0.031  0.172  0.016  0.012  0.007  0.002  0.030  0.366
   0.39646      8.060725  0.031  0.087  0.019  0.169  0.019  0.011  0.009  0.001  0.026  0.371
   0.42950      7.971420  0.034  0.103  0.011  0.165  0.019  0.012  0.010  0.001  0.023  0.380
   0.46254      7.890304  0.037  0.118  0.007  0.163  0.020  0.013  0.013  0.003  0.022  0.393
   0.49558      7.826046  0.038  0.128  0.004  0.160  0.019  0.013  0.015  0.005  0.022  0.406
   0.52862      7.783476  0.039  0.125  0.006  0.165  0.018  0.013  0.019  0.008  0.025  0.419
   0.56165      7.766418  0.037  0.111  0.011  0.177  0.017  0.013  0.023  0.010  0.029  0.429
   0.59469      7.778408  0.037  0.087  0.016  0.196  0.015  0.015  0.027  0.011  0.033  0.436
   0.62773      7.819332  0.035  0.062  0.024  0.216  0.013  0.016  0.032  0.011  0.036  0.445
   0.66077      7.882253  0.035  0.043  0.029  0.231  0.012  0.018  0.036  0.010  0.039  0.453
   0.69381      7.952849  0.036  0.033  0.032  0.236  0.010  0.022  0.039  0.009  0.042  0.460
   0.72685      8.006896  0.038  0.033  0.034  0.220  0.007  0.029  0.042  0.006  0.048  0.457
   0.75989      8.011395  0.038  0.042  0.038  0.179  0.006  0.037  0.041  0.004  0.048  0.434
   0.79292      7.958699  0.036  0.050  0.043  0.143  0.009  0.040  0.037  0.003  0.039  0.397
   0.82596      7.877435  0.032  0.048  0.046  0.126  0.012  0.037  0.033  0.002  0.030  0.368
   0.85900      7.797510  0.032  0.044  0.048  0.122  0.016  0.031  0.031  0.002  0.024  0.348
   0.89204      7.740684  0.035  0.038  0.049  0.122  0.019  0.024  0.030  0.002  0.020  0.337
   0.92508      7.722297  0.037  0.035  0.048  0.123  0.022  0.018  0.029  0.002  0.018  0.333
   0.95812      7.750478  0.041  0.042  0.047  0.125  0.025  0.012  0.027  0.004  0.018  0.340
   0.99116      7.824137  0.044  0.053  0.045  0.130  0.025  0.007  0.022  0.005  0.019  0.349
   1.02419      7.932369  0.047  0.068  0.043  0.135  0.023  0.003  0.017  0.005  0.019  0.360
   1.05723      8.057260  0.048  0.081  0.039  0.145  0.019  0.001  0.011  0.004  0.019  0.366
   1.09027      8.179515  0.045  0.091  0.033  0.154  0.014  0.000  0.006  0.003  0.016  0.365
   1.12331      8.283866  0.041  0.098  0.027  0.164  0.008  0.000  0.003  0.001  0.012  0.354
   1.15635      8.362163  0.033  0.101  0.021  0.167  0.005  0.001  0.002  0.000  0.010  0.338
   1.18939      8.413546  0.026  0.102  0.014  0.163  0.002  0.001  0.000  0.000  0.006  0.317
   1.22243      8.442351  0.020  0.104  0.012  0.157  0.001  0.000  0.000  0.000  0.003  0.297
   1.25546      8.455357  0.016  0.106  0.009  0.152  0.000  0.000  0.000  0.000  0.001  0.283
   1.28850      8.458825  0.014  0.108  0.008  0.151  0.000  0.000  0.000  0.000  0.000  0.278
   1.28850      8.458825  0.014  0.108  0.008  0.151  0.000  0.000  0.000  0.000  0.000  0.278
   1.32159      8.452291  0.015  0.107  0.008  0.151  0.000  0.000  0.001  0.000  0.000  0.284
   1.35468      8.428955  0.018  0.106  0.010  0.156  0.000  0.001  0.003  0.001  0.002  0.300
   1.38778      8.383080  0.023  0.109  0.015  0.160  0.002  0.001  0.005  0.001  0.003  0.319
   1.42087      8.314207  0.027  0.110  0.017  0.156  0.006  0.002  0.008  0.001  0.005  0.333
   1.45396      8.227758  0.030  0.113  0.020  0.149  0.011  0.002  0.010  0.001  0.006  0.345
   1.48705      8.132369  0.034  0.118  0.024  0.135  0.017  0.003  0.013  0.002  0.008  0.354
   1.52014      8.038015  0.036  0.124  0.028  0.119  0.023  0.003  0.016  0.002  0.010  0.358
   1.55323      7.955008  0.039  0.132  0.031  0.100  0.027  0.003  0.020  0.003  0.012  0.362
   1.58632      7.893051  0.038  0.140  0.032  0.081  0.029  0.003  0.023  0.005  0.012  0.365
   1.61941      7.859751  0.038  0.151  0.035  0.068  0.029  0.002  0.026  0.008  0.012  0.368
   1.65250      7.858797  0.037  0.159  0.037  0.057  0.028  0.002  0.028  0.011  0.011  0.371
   1.68560      7.888481  0.036  0.169  0.035  0.053  0.025  0.002  0.031  0.014  0.010  0.376
   1.71869      7.940982  0.037  0.178  0.032  0.051  0.021  0.003  0.033  0.017  0.010  0.385
   1.75178      8.001916  0.041  0.193  0.029  0.049  0.015  0.004  0.037  0.020  0.009  0.395
   1.78487      8.049796  0.044  0.211  0.023  0.044  0.009  0.007  0.042  0.022  0.009  0.410
   1.81796      8.060397  0.047  0.230  0.022  0.034  0.005  0.011  0.044  0.020  0.011  0.424
   1.85105      8.023417  0.052  0.240  0.026  0.024  0.003  0.013  0.043  0.017  0.014  0.429
   1.88414      7.952283  0.056  0.243  0.030  0.015  0.002  0.014  0.040  0.014  0.016  0.431
   1.91723      7.869343  0.060  0.236  0.032  0.014  0.003  0.014  0.036  0.012  0.019  0.427
   1.95033      7.793834  0.062  0.229  0.032  0.021  0.003  0.013  0.034  0.010  0.022  0.423
   1.98342      7.741229  0.059  0.213  0.028  0.032  0.005  0.010  0.031  0.008  0.027  0.416
   2.01651      7.723154  0.054  0.196  0.022  0.056  0.009  0.009  0.029  0.007  0.030  0.413
   2.04960      7.742766  0.049  0.177  0.015  0.089  0.013  0.007  0.024  0.005  0.031  0.411
   2.08269      7.790910  0.044  0.168  0.010  0.114  0.017  0.006  0.020  0.005  0.029  0.412
   2.11578      7.853727  0.043  0.167  0.008  0.123  0.018  0.005  0.015  0.005  0.026  0.408
   2.14887      7.921832  0.042  0.172  0.008  0.115  0.018  0.004  0.012  0.005  0.026  0.400
   2.18196      7.989246  0.041  0.176  0.011  0.101  0.017  0.002  0.010  0.005  0.027  0.392
   2.21505      8.049416  0.042  0.176  0.017  0.087  0.015  0.001  0.008  0.003  0.031  0.381
   2.24815      8.095701  0.040  0.170  0.027  0.075  0.012  0.001  0.007  0.003  0.036  0.370
   2.28124      8.125439  0.041  0.159  0.037  0.065  0.009  0.001  0.006  0.002  0.039  0.358
   2.31433      8.142291  0.040  0.145  0.049  0.063  0.007  0.001  0.005  0.002  0.037  0.349
   2.34742      8.153220  0.038  0.133  0.058  0.067  0.005  0.002  0.005  0.002  0.034  0.345
   2.38051      8.163772  0.036  0.125  0.067  0.075  0.004  0.001  0.004  0.002  0.028  0.342
   2.41360      8.176236  0.032  0.117  0.076  0.084  0.003  0.001  0.003  0.001  0.022  0.340
   2.44669      8.190337  0.028  0.114  0.081  0.096  0.002  0.000  0.002  0.001  0.015  0.340
   2.47978      8.204432  0.023  0.113  0.089  0.104  0.001  0.000  0.002  0.000  0.009  0.340
   2.51287      8.216460  0.019  0.112  0.091  0.112  0.001  0.000  0.000  0.000  0.004  0.340
   2.54597      8.224543  0.017  0.112  0.094  0.116  0.000  0.000  0.000  0.000  0.001  0.339
   2.57906      8.227390  0.016  0.112  0.095  0.118  0.000  0.000  0.000  0.000  0.000  0.338
 
# Band-Index:   24
   2.57906      9.591963  0.173  0.030  0.084  0.144  0.017  0.018  0.029  0.019  0.080  0.594
   2.54597      9.582548  0.170  0.030  0.086  0.143  0.017  0.018  0.028  0.019  0.078  0.589
   2.51287      9.555371  0.158  0.032  0.089  0.145  0.017  0.019  0.029  0.019  0.072  0.576
   2.47978      9.513187  0.141  0.034  0.092  0.145  0.015  0.018  0.030  0.018  0.064  0.557
   2.44669      9.459520  0.122  0.036  0.098  0.146  0.014  0.018  0.032  0.019  0.054  0.538
   2.41360      9.398131  0.105  0.038  0.103  0.146  0.013  0.018  0.034  0.018  0.044  0.520
   2.38051      9.333121  0.089  0.041  0.110  0.141  0.013  0.019  0.037  0.019  0.035  0.502
   2.34742      9.269043  0.077  0.041  0.115  0.134  0.011  0.018  0.040  0.020  0.029  0.488
   2.31433      9.207158  0.068  0.039  0.114  0.124  0.007  0.019  0.040  0.029  0.032  0.472
   2.28124      9.118173  0.047  0.045  0.071  0.103  0.007  0.012  0.023  0.043  0.054  0.407
   2.24815      8.992920  0.035  0.042  0.051  0.094  0.008  0.007  0.018  0.047  0.063  0.368
   2.21505      8.866492  0.033  0.039  0.043  0.092  0.008  0.006  0.021  0.051  0.069  0.360
   2.18196      8.747778  0.031  0.033  0.040  0.085  0.008  0.004  0.026  0.055  0.074  0.356
   2.14887      8.641494  0.031  0.027  0.038  0.077  0.008  0.002  0.032  0.059  0.079  0.352
   2.11578      8.553607  0.034  0.023  0.034  0.066  0.008  0.001  0.038  0.063  0.081  0.349
   2.08269      8.490706  0.037  0.019  0.033  0.057  0.010  0.000  0.043  0.067  0.082  0.346
   2.04960      8.457049  0.040  0.014  0.030  0.051  0.011  0.000  0.048  0.070  0.079  0.345
   2.01651      8.452171  0.041  0.011  0.029  0.051  0.012  0.002  0.051  0.071  0.075  0.344
   1.98342      8.471323  0.042  0.006  0.032  0.055  0.011  0.003  0.052  0.073  0.070  0.345
   1.95033      8.507467  0.040  0.004  0.035  0.061  0.010  0.005  0.052  0.074  0.064  0.347
   1.91723      8.552414  0.038  0.005  0.044  0.067  0.010  0.007  0.049  0.073  0.058  0.348
   1.88414      8.597444  0.033  0.009  0.056  0.070  0.011  0.008  0.044  0.071  0.049  0.350
   1.85105      8.637018  0.026  0.018  0.077  0.066  0.015  0.011  0.038  0.065  0.040  0.355
   1.81796      8.677711  0.020  0.035  0.097  0.051  0.023  0.014  0.036  0.054  0.031  0.361
   1.78487      8.735656  0.014  0.055  0.109  0.035  0.029  0.017  0.040  0.044  0.027  0.372
   1.75178      8.815130  0.011  0.068  0.111  0.024  0.032  0.019  0.050  0.037  0.026  0.380
   1.71869      8.906603  0.008  0.071  0.111  0.016  0.034  0.021  0.062  0.033  0.027  0.384
   1.68560      8.999828  0.007  0.063  0.108  0.012  0.035  0.020  0.077  0.032  0.029  0.384
   1.65250      9.088757  0.004  0.050  0.105  0.011  0.037  0.020  0.092  0.031  0.032  0.382
   1.61941      9.170910  0.003  0.036  0.102  0.007  0.037  0.020  0.107  0.030  0.035  0.378
   1.58632      9.245716  0.004  0.022  0.096  0.007  0.037  0.019  0.122  0.029  0.037  0.373
   1.55323      9.312913  0.004  0.012  0.090  0.006  0.036  0.019  0.134  0.028  0.040  0.370
   1.52014      9.371302  0.005  0.004  0.081  0.005  0.032  0.019  0.148  0.026  0.044  0.365
   1.48705      9.398830  0.044  0.010  0.006  0.050  0.027  0.023  0.073  0.007  0.067  0.310
   1.45396      9.365202  0.039  0.009  0.002  0.067  0.036  0.023  0.058  0.007  0.056  0.300
   1.42087      9.330531  0.033  0.017  0.001  0.087  0.035  0.021  0.048  0.006  0.045  0.296
   1.38778      9.297619  0.024  0.039  0.001  0.115  0.029  0.016  0.035  0.004  0.031  0.295
   1.35468      9.270730  0.014  0.070  0.001  0.146  0.017  0.009  0.019  0.002  0.017  0.296
   1.32159      9.253826  0.004  0.099  0.001  0.173  0.005  0.003  0.005  0.001  0.005  0.298
   1.28850      9.248240  0.002  0.110  0.001  0.186  0.000  0.000  0.000  0.000  0.000  0.299
   1.28850      9.248240  0.002  0.110  0.001  0.186  0.000  0.000  0.000  0.000  0.000  0.299
   1.25546      9.231802  0.005  0.103  0.003  0.147  0.001  0.002  0.022  0.002  0.018  0.306
   1.22243      9.194943  0.010  0.089  0.007  0.090  0.004  0.006  0.056  0.007  0.044  0.313
   1.18939      9.150811  0.013  0.080  0.009  0.046  0.007  0.008  0.079  0.011  0.062  0.315
   1.15635      9.104748  0.015  0.074  0.014  0.017  0.009  0.008  0.093  0.014  0.069  0.316
   1.12331      9.060076  0.016  0.067  0.019  0.004  0.011  0.009  0.100  0.016  0.070  0.312
   1.09027      9.019622  0.016  0.059  0.023  0.005  0.012  0.009  0.101  0.017  0.067  0.310
   1.05723      8.985237  0.016  0.051  0.027  0.017  0.010  0.010  0.100  0.016  0.059  0.308
   1.02419      8.957316  0.016  0.045  0.030  0.037  0.010  0.010  0.095  0.014  0.048  0.305
   0.99116      8.934367  0.015  0.036  0.033  0.067  0.009  0.011  0.087  0.012  0.037  0.303
   0.95812      8.910328  0.009  0.025  0.029  0.124  0.009  0.013  0.068  0.008  0.021  0.304
   0.92508      8.861709  0.002  0.012  0.019  0.216  0.013  0.017  0.039  0.002  0.005  0.327
   0.89204      8.773697  0.002  0.009  0.029  0.227  0.017  0.023  0.036  0.003  0.006  0.353
   0.85900      8.672760  0.004  0.011  0.036  0.216  0.017  0.026  0.038  0.006  0.007  0.362
   0.82596      8.571370  0.005  0.016  0.042  0.200  0.018  0.028  0.038  0.008  0.008  0.362
   0.79292      8.478514  0.007  0.024  0.046  0.171  0.019  0.033  0.036  0.008  0.008  0.350
   0.75989      8.409634  0.009  0.037  0.049  0.119  0.018  0.044  0.035  0.008  0.015  0.333
   0.72685      8.381430  0.013  0.053  0.050  0.062  0.015  0.059  0.038  0.006  0.031  0.323
   0.69381      8.383233  0.020  0.055  0.051  0.028  0.012  0.068  0.045  0.005  0.052  0.332
   0.66077      8.392010  0.024  0.051  0.055  0.016  0.010  0.071  0.048  0.003  0.068  0.346
   0.62773      8.401670  0.027  0.048  0.060  0.011  0.010  0.071  0.050  0.001  0.080  0.359
   0.59469      8.415833  0.027  0.049  0.067  0.010  0.008  0.070  0.050  0.000  0.086  0.369
   0.56165      8.439429  0.029  0.052  0.075  0.012  0.008  0.067  0.047  0.000  0.088  0.379
   0.52862      8.476011  0.033  0.059  0.083  0.012  0.007  0.064  0.045  0.001  0.086  0.390
   0.49558      8.526715  0.035  0.067  0.091  0.016  0.006  0.061  0.042  0.003  0.080  0.402
   0.46254      8.589746  0.038  0.076  0.100  0.019  0.004  0.057  0.039  0.005  0.072  0.413
   0.42950      8.660390  0.043  0.086  0.114  0.023  0.004  0.053  0.038  0.009  0.060  0.426
   0.39646      8.731831  0.046  0.092  0.126  0.026  0.004  0.046  0.037  0.011  0.049  0.441
   0.36342      8.797934  0.054  0.101  0.137  0.027  0.005  0.039  0.037  0.014  0.040  0.455
   0.33039      8.859533  0.057  0.115  0.138  0.028  0.008  0.031  0.039  0.015  0.035  0.465
   0.29735      8.927623  0.063  0.130  0.128  0.025  0.011  0.024  0.039  0.014  0.036  0.471
   0.26431      9.011656  0.066  0.147  0.115  0.026  0.014  0.018  0.039  0.013  0.042  0.475
   0.23127      9.109542  0.069  0.157  0.102  0.023  0.015  0.016  0.037  0.010  0.049  0.481
   0.19823      9.213293  0.075  0.166  0.093  0.022  0.015  0.015  0.036  0.009  0.057  0.491
   0.16519      9.315462  0.082  0.172  0.090  0.019  0.015  0.016  0.035  0.009  0.066  0.504
   0.13215      9.410274  0.089  0.177  0.085  0.015  0.016  0.017  0.035  0.010  0.074  0.518
   0.09912      9.492730  0.099  0.181  0.082  0.013  0.016  0.018  0.034  0.010  0.082  0.535
   0.06608      9.557712  0.106  0.184  0.078  0.011  0.016  0.019  0.035  0.010  0.089  0.550
   0.03304      9.599825  0.112  0.186  0.077  0.008  0.018  0.020  0.035  0.010  0.093  0.562
   0.00000      9.614484  0.116  0.188  0.076  0.008  0.018  0.021  0.036  0.010  0.095  0.566
 
# Band-Index:   25
   0.00000     10.476584  0.006  0.101  0.135  0.084  0.000  0.000  0.000  0.000  0.000  0.328
   0.03304     10.458298  0.007  0.100  0.126  0.087  0.001  0.001  0.000  0.000  0.001  0.324
   0.06608     10.400674  0.008  0.093  0.106  0.090  0.004  0.004  0.002  0.000  0.006  0.315
   0.09912     10.304793  0.009  0.087  0.086  0.090  0.010  0.009  0.003  0.001  0.010  0.305
   0.13215     10.181055  0.009  0.082  0.071  0.087  0.014  0.013  0.005  0.001  0.015  0.298
   0.16519     10.042318  0.011  0.081  0.061  0.079  0.018  0.018  0.006  0.001  0.020  0.294
   0.19823      9.899732  0.011  0.082  0.055  0.070  0.021  0.022  0.006  0.001  0.026  0.291
   0.23127      9.762566  0.010  0.085  0.051  0.060  0.021  0.025  0.006  0.001  0.033  0.292
   0.26431      9.639345  0.007  0.089  0.047  0.051  0.022  0.028  0.006  0.002  0.040  0.291
   0.29735      9.539203  0.006  0.092  0.047  0.043  0.020  0.029  0.006  0.001  0.047  0.292
   0.33039      9.471937  0.004  0.093  0.057  0.037  0.017  0.029  0.007  0.002  0.053  0.298
   0.36342      9.443043  0.003  0.087  0.075  0.035  0.013  0.027  0.009  0.004  0.056  0.309
   0.39646      9.444939  0.004  0.078  0.099  0.037  0.010  0.026  0.010  0.006  0.055  0.326
   0.42950      9.457528  0.005  0.070  0.122  0.037  0.007  0.024  0.012  0.008  0.054  0.340
   0.46254      9.459940  0.005  0.064  0.139  0.035  0.005  0.022  0.015  0.009  0.052  0.349
   0.49558      9.439892  0.006  0.060  0.152  0.034  0.005  0.019  0.017  0.010  0.048  0.354
   0.52862      9.395193  0.008  0.057  0.158  0.034  0.007  0.016  0.019  0.010  0.043  0.355
   0.56165      9.329969  0.010  0.057  0.161  0.034  0.009  0.013  0.021  0.011  0.038  0.353
   0.59469      9.250384  0.010  0.054  0.163  0.037  0.012  0.011  0.024  0.010  0.031  0.348
   0.62773      9.162953  0.010  0.050  0.160  0.038  0.014  0.009  0.028  0.010  0.024  0.344
   0.66077      9.075230  0.009  0.044  0.159  0.038  0.017  0.007  0.034  0.010  0.019  0.339
   0.69381      8.997061  0.011  0.035  0.156  0.038  0.019  0.007  0.043  0.009  0.016  0.332
   0.72685      8.939308  0.011  0.023  0.147  0.036  0.018  0.009  0.057  0.008  0.017  0.326
   0.75989      8.907930  0.015  0.015  0.136  0.032  0.016  0.014  0.071  0.007  0.020  0.324
   0.79292      8.899431  0.016  0.009  0.125  0.029  0.012  0.019  0.083  0.008  0.024  0.324
   0.82596      8.904683  0.018  0.009  0.115  0.023  0.007  0.022  0.095  0.009  0.027  0.323
   0.85900      8.915695  0.019  0.011  0.105  0.017  0.004  0.023  0.105  0.011  0.031  0.326
   0.89204      8.930012  0.021  0.014  0.099  0.006  0.003  0.024  0.114  0.014  0.039  0.334
   0.92508      8.957114  0.023  0.017  0.095  0.009  0.004  0.028  0.116  0.015  0.048  0.354
   0.95812      9.025332  0.018  0.010  0.076  0.086  0.009  0.030  0.090  0.010  0.042  0.372
   0.99116      9.124095  0.014  0.008  0.063  0.122  0.013  0.029  0.073  0.006  0.037  0.366
   1.02419      9.235117  0.015  0.008  0.059  0.124  0.017  0.028  0.066  0.004  0.039  0.358
   1.05723      9.357205  0.015  0.011  0.061  0.108  0.022  0.026  0.063  0.004  0.043  0.353
   1.09027      9.490242  0.016  0.018  0.062  0.077  0.030  0.025  0.064  0.004  0.046  0.344
   1.12331      9.619382  0.015  0.033  0.048  0.024  0.043  0.028  0.075  0.007  0.045  0.319
   1.15635      9.661067  0.012  0.043  0.008  0.025  0.037  0.026  0.096  0.008  0.027  0.286
   1.18939      9.594862  0.018  0.034  0.003  0.069  0.019  0.022  0.103  0.005  0.033  0.307
   1.22243      9.516539  0.021  0.023  0.004  0.064  0.009  0.021  0.119  0.005  0.053  0.322
   1.25546      9.455875  0.026  0.011  0.006  0.031  0.005  0.024  0.148  0.006  0.083  0.338
   1.28850      9.431145  0.029  0.000  0.008  0.000  0.003  0.026  0.169  0.008  0.103  0.347
   1.28850      9.431145  0.029  0.000  0.008  0.000  0.003  0.026  0.169  0.008  0.103  0.347
   1.32159      9.436424  0.028  0.007  0.008  0.003  0.002  0.024  0.167  0.009  0.098  0.345
   1.35468      9.449117  0.022  0.017  0.015  0.011  0.001  0.022  0.163  0.010  0.085  0.346
   1.38778      9.461395  0.016  0.021  0.026  0.016  0.004  0.020  0.160  0.013  0.069  0.346
   1.42087      9.463996  0.011  0.018  0.038  0.018  0.012  0.018  0.159  0.017  0.055  0.348
   1.45396      9.450196  0.008  0.009  0.053  0.014  0.023  0.019  0.157  0.021  0.046  0.350
   1.48705      9.418664  0.003  0.004  0.065  0.016  0.037  0.019  0.144  0.026  0.035  0.350
   1.52014      9.431048  0.042  0.023  0.004  0.048  0.032  0.022  0.066  0.010  0.055  0.303
   1.55323      9.460197  0.042  0.037  0.009  0.042  0.024  0.020  0.072  0.010  0.052  0.307
   1.58632      9.486034  0.040  0.053  0.013  0.036  0.018  0.017  0.078  0.010  0.047  0.313
   1.61941      9.507471  0.036  0.070  0.018  0.031  0.012  0.015  0.084  0.011  0.039  0.316
   1.65250      9.523234  0.030  0.080  0.026  0.025  0.007  0.011  0.091  0.012  0.031  0.318
   1.68560      9.531392  0.028  0.081  0.036  0.016  0.005  0.008  0.103  0.015  0.025  0.318
   1.71869      9.521599  0.031  0.052  0.054  0.004  0.004  0.006  0.116  0.026  0.024  0.317
   1.75178      9.459481  0.037  0.015  0.072  0.023  0.014  0.005  0.089  0.033  0.042  0.328
   1.78487      9.382629  0.033  0.016  0.080  0.033  0.024  0.006  0.071  0.026  0.044  0.334
   1.81796      9.332652  0.028  0.024  0.097  0.035  0.034  0.005  0.062  0.017  0.037  0.340
   1.85105      9.324414  0.024  0.033  0.119  0.036  0.040  0.005  0.057  0.009  0.026  0.349
   1.88414      9.354378  0.015  0.042  0.144  0.037  0.041  0.004  0.057  0.004  0.015  0.360
   1.91723      9.401070  0.010  0.046  0.162  0.037  0.036  0.005  0.059  0.002  0.012  0.367
   1.95033      9.444682  0.006  0.047  0.174  0.037  0.030  0.005  0.060  0.004  0.012  0.373
   1.98342      9.477101  0.006  0.046  0.178  0.034  0.024  0.005  0.059  0.005  0.015  0.374
   2.01651      9.495196  0.005  0.046  0.184  0.034  0.018  0.006  0.057  0.009  0.018  0.375
   2.04960      9.495544  0.006  0.046  0.186  0.034  0.014  0.007  0.054  0.011  0.020  0.376
   2.08269      9.474539  0.005  0.046  0.186  0.033  0.012  0.008  0.051  0.013  0.020  0.377
   2.11578      9.431230  0.008  0.048  0.184  0.036  0.010  0.009  0.049  0.015  0.020  0.377
   2.14887      9.370424  0.011  0.049  0.178  0.040  0.009  0.011  0.046  0.016  0.017  0.377
   2.18196      9.303592  0.015  0.048  0.170  0.046  0.010  0.012  0.044  0.017  0.014  0.377
   2.21505      9.246697  0.021  0.048  0.158  0.056  0.013  0.012  0.043  0.015  0.010  0.376
   2.24815      9.216049  0.023  0.052  0.145  0.067  0.016  0.011  0.041  0.014  0.008  0.376
   2.28124      9.227383  0.019  0.061  0.116  0.073  0.022  0.007  0.031  0.012  0.009  0.349
   2.31433      9.313283  0.011  0.078  0.066  0.062  0.023  0.000  0.010  0.022  0.028  0.297
   2.34742      9.454369  0.012  0.087  0.058  0.060  0.021  0.001  0.006  0.024  0.030  0.300
   2.38051      9.608236  0.012  0.097  0.061  0.060  0.019  0.001  0.005  0.021  0.027  0.305
   2.41360      9.762982  0.013  0.106  0.069  0.061  0.017  0.001  0.005  0.016  0.021  0.310
   2.44669      9.909955  0.013  0.114  0.080  0.064  0.013  0.001  0.005  0.012  0.016  0.316
   2.47978     10.038986  0.013  0.118  0.093  0.068  0.009  0.001  0.003  0.008  0.012  0.324
   2.51287     10.138686  0.009  0.119  0.111  0.075  0.004  0.000  0.002  0.004  0.006  0.331
   2.54597     10.200047  0.009  0.115  0.127  0.081  0.001  0.000  0.000  0.001  0.001  0.338
   2.57906     10.220331  0.008  0.114  0.134  0.083  0.000  0.000  0.000  0.000  0.000  0.339
 
# Band-Index:   26
   2.57906     10.719569  0.004  0.045  0.164  0.046  0.000  0.000  0.000  0.000  0.000  0.259
   2.54597     10.720715  0.006  0.042  0.168  0.049  0.001  0.000  0.000  0.000  0.000  0.266
   2.51287     10.727644  0.014  0.034  0.180  0.055  0.003  0.000  0.000  0.000  0.001  0.288
   2.47978     10.744333  0.024  0.032  0.191  0.063  0.004  0.001  0.001  0.000  0.004  0.320
   2.44669     10.768127  0.037  0.030  0.201  0.069  0.004  0.002  0.001  0.000  0.007  0.352
   2.41360     10.791921  0.048  0.033  0.205  0.074  0.005  0.003  0.002  0.000  0.010  0.380
   2.38051     10.808597  0.056  0.036  0.205  0.077  0.006  0.004  0.003  0.001  0.012  0.401
   2.34742     10.813438  0.063  0.041  0.202  0.078  0.006  0.006  0.003  0.001  0.013  0.416
   2.31433     10.804951  0.067  0.046  0.196  0.078  0.008  0.006  0.004  0.002  0.014  0.423
   2.28124     10.784696  0.070  0.052  0.187  0.078  0.010  0.008  0.006  0.003  0.014  0.424
   2.24815     10.756574  0.073  0.054  0.174  0.075  0.013  0.009  0.006  0.003  0.014  0.421
   2.21505     10.726014  0.074  0.057  0.162  0.074  0.014  0.011  0.008  0.003  0.013  0.415
   2.18196     10.699246  0.076  0.060  0.149  0.073  0.016  0.012  0.009  0.004  0.011  0.407
   2.14887     10.682262  0.079  0.063  0.133  0.069  0.018  0.015  0.010  0.004  0.009  0.396
   2.11578     10.678883  0.078  0.063  0.118  0.064  0.018  0.019  0.012  0.004  0.007  0.382
   2.08269     10.687440  0.077  0.061  0.102  0.059  0.015  0.023  0.015  0.003  0.006  0.359
   2.04960     10.681338  0.061  0.018  0.078  0.068  0.002  0.020  0.024  0.002  0.016  0.287
   2.01651     10.480553  0.030  0.040  0.056  0.103  0.020  0.002  0.019  0.023  0.036  0.330
   1.98342     10.249168  0.028  0.050  0.054  0.096  0.023  0.002  0.021  0.023  0.040  0.335
   1.95033     10.041770  0.028  0.054  0.051  0.083  0.022  0.001  0.026  0.020  0.044  0.330
   1.91723      9.871112  0.026  0.059  0.048  0.073  0.019  0.002  0.035  0.018  0.046  0.326
   1.88414      9.746306  0.024  0.065  0.050  0.061  0.014  0.002  0.046  0.015  0.047  0.323
   1.85105      9.665851  0.020  0.072  0.052  0.055  0.011  0.003  0.056  0.011  0.045  0.326
   1.81796      9.618479  0.017  0.080  0.052  0.054  0.009  0.004  0.061  0.008  0.041  0.328
   1.78487      9.593149  0.017  0.092  0.047  0.055  0.009  0.005  0.060  0.006  0.040  0.332
   1.75178      9.585987  0.018  0.097  0.042  0.069  0.011  0.007  0.044  0.004  0.046  0.339
   1.71869      9.620787  0.028  0.066  0.048  0.092  0.016  0.010  0.014  0.012  0.065  0.352
   1.68560      9.722252  0.036  0.041  0.056  0.083  0.012  0.010  0.023  0.025  0.067  0.353
   1.65250      9.847428  0.037  0.046  0.058  0.076  0.010  0.010  0.027  0.028  0.064  0.356
   1.61941      9.980128  0.037  0.063  0.054  0.071  0.009  0.011  0.026  0.028  0.059  0.359
   1.58632     10.112722  0.036  0.094  0.045  0.063  0.010  0.011  0.022  0.026  0.050  0.358
   1.55323     10.231960  0.032  0.164  0.025  0.042  0.011  0.009  0.016  0.019  0.035  0.352
   1.52014     10.307260  0.027  0.263  0.016  0.011  0.006  0.004  0.007  0.005  0.017  0.359
   1.48705     10.331559  0.027  0.295  0.039  0.006  0.004  0.001  0.004  0.001  0.015  0.392
   1.45396     10.337584  0.032  0.276  0.073  0.009  0.007  0.000  0.006  0.002  0.023  0.426
   1.42087     10.343301  0.036  0.231  0.101  0.011  0.016  0.000  0.014  0.004  0.038  0.452
   1.38778     10.354454  0.044  0.164  0.125  0.011  0.029  0.002  0.030  0.007  0.057  0.467
   1.35468     10.368891  0.050  0.095  0.140  0.008  0.040  0.005  0.048  0.010  0.076  0.476
   1.32159     10.380649  0.057  0.044  0.148  0.008  0.047  0.007  0.064  0.012  0.092  0.478
   1.28850     10.385056  0.060  0.024  0.150  0.006  0.049  0.007  0.070  0.013  0.098  0.480
   1.28850     10.385056  0.060  0.024  0.150  0.006  0.049  0.007  0.070  0.013  0.098  0.480
   1.25546     10.342215  0.058  0.029  0.147  0.023  0.046  0.007  0.062  0.011  0.092  0.475
   1.22243     10.226040  0.052  0.035  0.138  0.061  0.038  0.006  0.047  0.008  0.080  0.467
   1.18939     10.071768  0.049  0.030  0.126  0.113  0.027  0.005  0.036  0.005  0.068  0.457
   1.15635      9.932123  0.049  0.017  0.106  0.192  0.009  0.001  0.030  0.002  0.051  0.457
   1.12331      9.914716  0.045  0.023  0.055  0.205  0.005  0.003  0.048  0.004  0.020  0.409
   1.09027      9.995813  0.040  0.043  0.039  0.135  0.024  0.006  0.065  0.009  0.015  0.377
   1.05723     10.052834  0.034  0.075  0.048  0.040  0.046  0.010  0.070  0.016  0.026  0.368
   1.02419     10.007802  0.021  0.092  0.057  0.002  0.052  0.018  0.049  0.019  0.035  0.345
   0.99116      9.915529  0.017  0.088  0.056  0.006  0.050  0.021  0.033  0.018  0.038  0.327
   0.95812      9.822010  0.018  0.086  0.055  0.012  0.048  0.020  0.022  0.017  0.042  0.317
   0.92508      9.741989  0.019  0.085  0.053  0.016  0.048  0.018  0.013  0.017  0.046  0.313
   0.89204      9.683844  0.020  0.083  0.049  0.023  0.047  0.015  0.006  0.017  0.051  0.309
   0.85900      9.653935  0.021  0.083  0.047  0.028  0.046  0.012  0.003  0.017  0.054  0.311
   0.82596      9.656633  0.024  0.080  0.045  0.037  0.044  0.009  0.001  0.015  0.057  0.315
   0.79292      9.693782  0.025  0.079  0.046  0.047  0.044  0.009  0.002  0.015  0.057  0.320
   0.75989      9.765089  0.027  0.076  0.047  0.055  0.043  0.009  0.003  0.013  0.056  0.328
   0.72685      9.869148  0.026  0.076  0.047  0.064  0.043  0.010  0.005  0.011  0.055  0.336
   0.69381     10.003585  0.026  0.078  0.047  0.072  0.045  0.012  0.006  0.010  0.050  0.344
   0.66077     10.163948  0.024  0.082  0.047  0.080  0.047  0.015  0.006  0.009  0.045  0.355
   0.62773     10.340636  0.025  0.086  0.046  0.092  0.050  0.018  0.005  0.008  0.038  0.367
   0.59469     10.508712  0.026  0.084  0.044  0.111  0.053  0.021  0.006  0.012  0.025  0.381
   0.56165     10.610061  0.042  0.070  0.052  0.120  0.047  0.020  0.010  0.016  0.010  0.387
   0.52862     10.625265  0.058  0.065  0.067  0.109  0.036  0.014  0.011  0.017  0.005  0.382
   0.49558     10.610223  0.065  0.068  0.083  0.094  0.030  0.012  0.010  0.014  0.005  0.382
   0.46254     10.600192  0.068  0.072  0.096  0.083  0.027  0.011  0.008  0.011  0.007  0.382
   0.42950     10.609114  0.067  0.075  0.113  0.074  0.024  0.009  0.007  0.009  0.010  0.385
   0.39646     10.639194  0.065  0.078  0.127  0.066  0.020  0.008  0.006  0.007  0.013  0.390
   0.36342     10.685138  0.063  0.078  0.143  0.058  0.017  0.007  0.006  0.005  0.015  0.392
   0.33039     10.738391  0.061  0.082  0.155  0.053  0.013  0.007  0.005  0.005  0.017  0.396
   0.29735     10.790118  0.057  0.083  0.169  0.046  0.010  0.006  0.004  0.003  0.018  0.399
   0.26431     10.832541  0.054  0.084  0.179  0.042  0.008  0.006  0.004  0.003  0.018  0.397
   0.23127     10.859698  0.049  0.085  0.189  0.035  0.005  0.004  0.003  0.003  0.016  0.389
   0.19823     10.868387  0.043  0.083  0.194  0.028  0.004  0.003  0.003  0.003  0.014  0.376
   0.16519     10.859209  0.037  0.079  0.196  0.022  0.003  0.002  0.002  0.001  0.012  0.356
   0.13215     10.836936  0.028  0.074  0.193  0.018  0.003  0.001  0.002  0.001  0.008  0.328
   0.09912     10.809829  0.017  0.065  0.185  0.018  0.002  0.000  0.001  0.001  0.005  0.297
   0.06608     10.787676  0.009  0.056  0.173  0.020  0.001  0.000  0.000  0.000  0.002  0.264
   0.03304     10.776902  0.003  0.049  0.156  0.026  0.000  0.000  0.000  0.000  0.000  0.237
   0.00000     10.774773  0.002  0.047  0.149  0.028  0.000  0.000  0.000  0.000  0.000  0.228
 
# Band-Index:   27
   0.00000     12.150154  0.014  0.006  0.015  0.155  0.000  0.000  0.000  0.000  0.000  0.191
   0.03304     12.137548  0.014  0.005  0.016  0.149  0.003  0.000  0.000  0.000  0.001  0.189
   0.06608     12.110080  0.014  0.005  0.019  0.133  0.008  0.000  0.001  0.000  0.001  0.184
   0.09912     12.082751  0.014  0.007  0.018  0.121  0.010  0.000  0.001  0.000  0.002  0.176
   0.13215     12.063654  0.013  0.009  0.018  0.109  0.012  0.000  0.000  0.001  0.003  0.168
   0.16519     12.056811  0.012  0.015  0.019  0.097  0.012  0.000  0.000  0.001  0.004  0.163
   0.19823     12.064257  0.011  0.022  0.021  0.087  0.013  0.000  0.000  0.001  0.004  0.161
   0.23127     12.085667  0.011  0.031  0.026  0.076  0.012  0.000  0.000  0.001  0.004  0.165
   0.26431     12.117681  0.012  0.042  0.033  0.067  0.012  0.000  0.000  0.002  0.005  0.174
   0.29735     12.154071  0.012  0.054  0.042  0.059  0.012  0.000  0.000  0.002  0.004  0.187
   0.33039     12.185544  0.011  0.071  0.052  0.054  0.015  0.000  0.000  0.003  0.005  0.214
   0.36342     12.189916  0.013  0.103  0.068  0.053  0.024  0.003  0.001  0.002  0.009  0.277
   0.39646     12.087749  0.014  0.144  0.070  0.044  0.039  0.021  0.004  0.000  0.022  0.357
   0.42950     11.882640  0.019  0.144  0.066  0.036  0.038  0.027  0.006  0.001  0.027  0.362
   0.46254     11.649663  0.025  0.137  0.066  0.033  0.034  0.025  0.008  0.002  0.031  0.357
   0.49558     11.411618  0.030  0.128  0.069  0.028  0.029  0.021  0.009  0.002  0.033  0.349
   0.52862     11.185039  0.041  0.114  0.074  0.019  0.022  0.015  0.012  0.003  0.035  0.335
   0.56165     11.002385  0.058  0.091  0.082  0.008  0.009  0.006  0.019  0.007  0.032  0.313
   0.59469     10.916676  0.073  0.062  0.082  0.013  0.002  0.001  0.026  0.014  0.021  0.292
   0.62773     10.907637  0.074  0.044  0.071  0.024  0.004  0.001  0.031  0.020  0.013  0.279
   0.66077     10.918255  0.071  0.032  0.057  0.024  0.009  0.001  0.036  0.022  0.011  0.262
   0.69381     10.925743  0.067  0.025  0.043  0.018  0.015  0.002  0.041  0.022  0.012  0.245
   0.72685     10.922776  0.064  0.021  0.032  0.010  0.022  0.003  0.045  0.021  0.016  0.232
   0.75989     10.907066  0.060  0.017  0.023  0.002  0.028  0.004  0.049  0.019  0.021  0.226
   0.79292     10.878269  0.056  0.017  0.015  0.001  0.034  0.006  0.052  0.017  0.026  0.225
   0.82596     10.836650  0.054  0.015  0.009  0.007  0.039  0.008  0.055  0.015  0.031  0.236
   0.85900     10.782384  0.052  0.016  0.005  0.018  0.041  0.010  0.056  0.013  0.034  0.248
   0.89204     10.715347  0.051  0.013  0.002  0.039  0.042  0.012  0.057  0.012  0.034  0.264
   0.92508     10.635426  0.047  0.013  0.002  0.065  0.040  0.014  0.056  0.009  0.031  0.280
   0.95812     10.543314  0.043  0.013  0.002  0.097  0.036  0.016  0.052  0.007  0.025  0.292
   0.99116     10.442160  0.038  0.009  0.002  0.132  0.030  0.018  0.047  0.006  0.017  0.302
   1.02419     10.343057  0.031  0.009  0.004  0.168  0.022  0.022  0.035  0.005  0.009  0.303
   1.05723     10.290547  0.014  0.024  0.015  0.163  0.020  0.029  0.020  0.007  0.011  0.303
   1.09027     10.341676  0.006  0.058  0.031  0.103  0.032  0.030  0.028  0.012  0.020  0.321
   1.12331     10.434790  0.007  0.075  0.032  0.080  0.039  0.027  0.040  0.014  0.025  0.341
   1.15635     10.528799  0.010  0.087  0.028  0.077  0.041  0.023  0.050  0.015  0.029  0.357
   1.18939     10.614046  0.011  0.101  0.021  0.082  0.039  0.019  0.053  0.013  0.030  0.370
   1.22243     10.692215  0.013  0.127  0.015  0.099  0.033  0.014  0.047  0.010  0.027  0.381
   1.25546     10.769884  0.008  0.177  0.012  0.128  0.018  0.007  0.024  0.004  0.016  0.392
   1.28850     10.818394  0.000  0.231  0.013  0.157  0.000  0.000  0.000  0.000  0.000  0.400
   1.28850     10.818394  0.000  0.231  0.013  0.157  0.000  0.000  0.000  0.000  0.000  0.400
   1.32159     10.814103  0.005  0.216  0.015  0.153  0.000  0.000  0.003  0.001  0.009  0.401
   1.35468     10.803777  0.016  0.177  0.026  0.145  0.001  0.002  0.009  0.004  0.027  0.408
   1.38778     10.785149  0.028  0.131  0.048  0.145  0.004  0.005  0.013  0.009  0.044  0.425
   1.42087     10.743663  0.033  0.088  0.074  0.144  0.008  0.011  0.015  0.016  0.053  0.441
   1.45396     10.670333  0.034  0.053  0.092  0.135  0.011  0.015  0.020  0.023  0.059  0.446
   1.48705     10.573830  0.036  0.029  0.105  0.131  0.011  0.018  0.025  0.028  0.062  0.445
   1.52014     10.476728  0.036  0.031  0.112  0.116  0.007  0.019  0.030  0.026  0.062  0.440
   1.55323     10.415724  0.032  0.090  0.084  0.081  0.007  0.018  0.030  0.015  0.049  0.405
   1.58632     10.388853  0.033  0.111  0.051  0.055  0.012  0.020  0.030  0.009  0.040  0.358
   1.61941     10.372605  0.034  0.093  0.032  0.046  0.021  0.024  0.030  0.006  0.039  0.322
   1.65250     10.362715  0.038  0.065  0.018  0.043  0.027  0.028  0.032  0.005  0.039  0.295
   1.68560     10.362395  0.043  0.036  0.011  0.042  0.032  0.033  0.033  0.003  0.038  0.273
   1.71869     10.375350  0.047  0.016  0.007  0.044  0.034  0.036  0.033  0.002  0.036  0.258
   1.75178     10.403117  0.052  0.006  0.006  0.044  0.033  0.039  0.033  0.003  0.031  0.247
   1.78487     10.444542  0.054  0.004  0.007  0.044  0.030  0.040  0.033  0.002  0.026  0.242
   1.81796     10.496436  0.055  0.011  0.010  0.043  0.028  0.041  0.034  0.002  0.019  0.240
   1.85105     10.554308  0.056  0.020  0.013  0.042  0.024  0.042  0.033  0.001  0.013  0.246
   1.88414     10.612693  0.057  0.032  0.018  0.041  0.021  0.042  0.033  0.002  0.008  0.253
   1.91723     10.665234  0.058  0.048  0.027  0.037  0.020  0.041  0.031  0.002  0.004  0.268
   1.95033     10.705252  0.060  0.064  0.037  0.038  0.019  0.040  0.027  0.003  0.002  0.291
   1.98342     10.727408  0.066  0.077  0.050  0.040  0.020  0.036  0.023  0.005  0.000  0.320
   2.01651     10.732003  0.069  0.093  0.066  0.047  0.025  0.031  0.018  0.009  0.000  0.358
   2.04960     10.769982  0.041  0.114  0.063  0.101  0.045  0.010  0.006  0.034  0.020  0.434
   2.08269     11.009553  0.025  0.065  0.056  0.126  0.033  0.002  0.010  0.037  0.031  0.386
   2.11578     11.276688  0.023  0.055  0.056  0.135  0.030  0.002  0.009  0.039  0.031  0.381
   2.14887     11.546777  0.021  0.048  0.056  0.142  0.029  0.002  0.010  0.042  0.031  0.381
   2.18196     11.813934  0.017  0.041  0.055  0.150  0.029  0.002  0.010  0.044  0.032  0.380
   2.21505     12.070085  0.011  0.052  0.065  0.168  0.029  0.000  0.007  0.034  0.034  0.397
   2.24815     12.114584  0.009  0.056  0.048  0.077  0.003  0.005  0.004  0.004  0.004  0.211
   2.28124     12.112088  0.008  0.064  0.037  0.064  0.003  0.004  0.002  0.003  0.004  0.192
   2.31433     12.097683  0.008  0.071  0.031  0.049  0.004  0.003  0.001  0.003  0.004  0.176
   2.34742     12.077029  0.009  0.081  0.024  0.037  0.005  0.002  0.001  0.002  0.005  0.165
   2.38051     12.056149  0.009  0.091  0.019  0.027  0.005  0.001  0.000  0.001  0.005  0.160
   2.41360     12.039739  0.010  0.101  0.017  0.017  0.006  0.001  0.000  0.001  0.004  0.158
   2.44669     12.030231  0.012  0.110  0.019  0.011  0.005  0.001  0.000  0.000  0.003  0.163
   2.47978     12.027985  0.014  0.118  0.017  0.008  0.006  0.000  0.000  0.000  0.002  0.166
   2.51287     12.031829  0.014  0.129  0.019  0.003  0.004  0.000  0.000  0.000  0.002  0.172
   2.54597     12.038666  0.016  0.139  0.018  0.003  0.002  0.000  0.000  0.000  0.001  0.178
   2.57906     12.042381  0.016  0.144  0.017  0.002  0.000  0.000  0.000  0.000  0.000  0.179
 
# Band-Index:   28
   2.57906     12.362187  0.022  0.000  0.000  0.001  0.126  0.009  0.041  0.011  0.047  0.257
   2.54597     12.392566  0.021  0.005  0.001  0.003  0.122  0.010  0.040  0.010  0.046  0.259
   2.51287     12.473991  0.021  0.015  0.003  0.009  0.114  0.010  0.039  0.008  0.045  0.262
   2.47978     12.586758  0.019  0.020  0.009  0.017  0.105  0.010  0.036  0.006  0.045  0.270
   2.44669     12.710086  0.020  0.021  0.017  0.033  0.095  0.012  0.034  0.005  0.046  0.279
   2.41360     12.820513  0.018  0.015  0.025  0.057  0.084  0.012  0.031  0.005  0.047  0.296
   2.38051     12.884373  0.017  0.006  0.037  0.089  0.070  0.011  0.027  0.012  0.048  0.318
   2.34742     12.858124  0.015  0.001  0.043  0.126  0.052  0.006  0.021  0.030  0.046  0.339
   2.31433     12.732931  0.014  0.006  0.045  0.144  0.038  0.002  0.016  0.045  0.039  0.349
   2.28124     12.544144  0.013  0.016  0.047  0.149  0.032  0.001  0.012  0.050  0.035  0.354
   2.24815     12.320223  0.014  0.021  0.046  0.147  0.029  0.002  0.012  0.052  0.032  0.356
   2.21505     12.106966  0.020  0.024  0.040  0.068  0.002  0.008  0.010  0.022  0.000  0.193
   2.18196     12.076953  0.020  0.032  0.056  0.092  0.001  0.008  0.009  0.011  0.001  0.232
   2.14887     12.038479  0.027  0.025  0.065  0.103  0.002  0.009  0.010  0.013  0.000  0.255
   2.11578     11.994096  0.034  0.018  0.073  0.112  0.003  0.010  0.012  0.015  0.001  0.277
   2.08269     11.950813  0.043  0.009  0.084  0.124  0.004  0.010  0.012  0.018  0.003  0.306
   2.04960     11.916599  0.053  0.006  0.096  0.133  0.006  0.008  0.012  0.020  0.005  0.340
   2.01651     11.898918  0.063  0.006  0.111  0.141  0.008  0.008  0.010  0.022  0.009  0.380
   1.98342     11.902275  0.074  0.014  0.128  0.144  0.010  0.008  0.008  0.023  0.014  0.423
   1.95033     11.926061  0.084  0.027  0.141  0.143  0.011  0.009  0.006  0.023  0.018  0.460
   1.91723     11.965110  0.091  0.043  0.149  0.138  0.013  0.012  0.004  0.023  0.020  0.494
   1.88414     12.012705  0.096  0.060  0.155  0.130  0.012  0.016  0.004  0.020  0.022  0.516
   1.85105     12.063222  0.100  0.076  0.157  0.121  0.011  0.021  0.003  0.019  0.022  0.529
   1.81796     12.112884  0.100  0.092  0.156  0.113  0.010  0.025  0.003  0.018  0.019  0.536
   1.78487     12.158810  0.101  0.105  0.153  0.105  0.008  0.028  0.001  0.018  0.015  0.536
   1.75178     12.196958  0.102  0.121  0.148  0.095  0.007  0.027  0.001  0.018  0.009  0.527
   1.71869     12.218358  0.099  0.135  0.138  0.083  0.007  0.022  0.000  0.018  0.003  0.506
   1.68560     12.203087  0.096  0.147  0.116  0.064  0.006  0.011  0.003  0.016  0.002  0.460
   1.65250     12.124816  0.084  0.143  0.083  0.041  0.008  0.002  0.012  0.011  0.012  0.396
   1.61941     11.984666  0.070  0.120  0.052  0.025  0.011  0.000  0.025  0.007  0.033  0.347
   1.58632     11.811051  0.063  0.094  0.035  0.021  0.015  0.000  0.036  0.004  0.054  0.320
   1.55323     11.628939  0.059  0.068  0.021  0.017  0.019  0.000  0.047  0.002  0.073  0.305
   1.52014     11.455349  0.055  0.043  0.012  0.016  0.023  0.000  0.058  0.001  0.089  0.297
   1.48705     11.303181  0.055  0.023  0.003  0.011  0.030  0.001  0.068  0.002  0.101  0.294
   1.45396     11.183207  0.052  0.009  0.001  0.007  0.038  0.004  0.078  0.003  0.107  0.298
   1.42087     11.103686  0.049  0.001  0.006  0.003  0.050  0.008  0.084  0.005  0.106  0.316
   1.38778     11.065016  0.047  0.000  0.024  0.006  0.063  0.012  0.083  0.006  0.102  0.346
   1.35468     11.051684  0.050  0.001  0.042  0.011  0.073  0.013  0.079  0.004  0.102  0.378
   1.32159     11.045380  0.056  0.003  0.050  0.011  0.079  0.012  0.077  0.003  0.106  0.398
   1.28850     11.042511  0.060  0.000  0.054  0.008  0.080  0.013  0.077  0.002  0.109  0.403
   1.28850     11.042511  0.060  0.000  0.054  0.008  0.080  0.013  0.077  0.002  0.109  0.403
   1.25546     11.100946  0.055  0.044  0.056  0.024  0.064  0.008  0.059  0.001  0.100  0.410
   1.22243     11.199573  0.059  0.068  0.060  0.028  0.050  0.005  0.048  0.002  0.101  0.417
   1.18939     11.289166  0.067  0.066  0.057  0.022  0.041  0.004  0.043  0.006  0.109  0.419
   1.15635     11.366151  0.074  0.058  0.053  0.018  0.033  0.005  0.043  0.013  0.116  0.414
   1.12331     11.438618  0.079  0.045  0.047  0.019  0.028  0.005  0.042  0.021  0.118  0.407
   1.09027     11.514784  0.080  0.035  0.043  0.027  0.024  0.005  0.040  0.029  0.114  0.396
   1.05723     11.599553  0.079  0.025  0.040  0.039  0.020  0.003  0.037  0.038  0.104  0.387
   1.02419     11.694615  0.075  0.019  0.038  0.057  0.018  0.003  0.032  0.049  0.088  0.379
   0.99116     11.799180  0.070  0.013  0.037  0.077  0.016  0.002  0.027  0.063  0.068  0.372
   0.95812     11.910705  0.063  0.009  0.037  0.098  0.016  0.002  0.022  0.078  0.048  0.372
   0.92508     12.025810  0.055  0.004  0.034  0.118  0.016  0.002  0.018  0.095  0.030  0.374
   0.89204     12.141235  0.043  0.001  0.029  0.125  0.018  0.003  0.017  0.124  0.016  0.376
   0.85900     12.162571  0.052  0.089  0.123  0.040  0.018  0.015  0.007  0.115  0.008  0.469
   0.82596     12.108967  0.060  0.093  0.127  0.053  0.018  0.016  0.006  0.097  0.013  0.481
   0.79292     12.063960  0.060  0.098  0.122  0.054  0.022  0.016  0.006  0.088  0.018  0.483
   0.75989     12.033510  0.061  0.100  0.116  0.048  0.025  0.016  0.006  0.081  0.023  0.476
   0.72685     12.021278  0.058  0.102  0.107  0.041  0.029  0.015  0.008  0.073  0.025  0.461
   0.69381     12.028667  0.057  0.104  0.096  0.032  0.033  0.015  0.009  0.067  0.026  0.437
   0.66077     12.054697  0.054  0.102  0.087  0.022  0.034  0.013  0.011  0.060  0.024  0.407
   0.62773     12.096053  0.049  0.100  0.078  0.014  0.033  0.012  0.013  0.054  0.020  0.375
   0.59469     12.147311  0.047  0.096  0.070  0.010  0.031  0.010  0.013  0.046  0.015  0.339
   0.56165     12.201306  0.042  0.091  0.065  0.007  0.027  0.010  0.014  0.037  0.010  0.305
   0.52862     12.249942  0.038  0.086  0.061  0.005  0.021  0.009  0.013  0.029  0.006  0.270
   0.49558     12.286050  0.034  0.078  0.057  0.007  0.015  0.009  0.012  0.020  0.004  0.239
   0.46254     12.306431  0.028  0.070  0.052  0.010  0.010  0.011  0.010  0.015  0.002  0.210
   0.42950     12.314338  0.023  0.062  0.045  0.013  0.006  0.014  0.009  0.011  0.001  0.186
   0.39646     12.327130  0.021  0.056  0.031  0.008  0.006  0.025  0.009  0.009  0.005  0.171
   0.36342     12.417331  0.016  0.089  0.022  0.004  0.024  0.047  0.010  0.006  0.016  0.233
   0.33039     12.588532  0.014  0.108  0.025  0.004  0.036  0.054  0.009  0.004  0.019  0.276
   0.29735     12.764579  0.015  0.110  0.025  0.006  0.041  0.056  0.008  0.002  0.019  0.282
   0.26431     12.927943  0.018  0.108  0.023  0.003  0.046  0.057  0.009  0.001  0.019  0.285
   0.23127     13.065038  0.024  0.108  0.022  0.000  0.052  0.050  0.014  0.001  0.021  0.294
   0.19823     13.125186  0.031  0.090  0.025  0.006  0.063  0.022  0.024  0.018  0.026  0.305
   0.16519     13.070807  0.031  0.057  0.021  0.020  0.071  0.005  0.032  0.031  0.026  0.295
   0.13215     12.960155  0.031  0.036  0.015  0.026  0.079  0.002  0.037  0.030  0.025  0.280
   0.09912     12.833431  0.033  0.023  0.009  0.024  0.088  0.003  0.039  0.027  0.024  0.269
   0.06608     12.713637  0.033  0.013  0.005  0.017  0.099  0.005  0.042  0.023  0.025  0.261
   0.03304     12.623288  0.035  0.005  0.003  0.007  0.109  0.007  0.044  0.022  0.025  0.257
   0.00000     12.588288  0.035  0.004  0.000  0.000  0.114  0.007  0.046  0.022  0.026  0.254
 
# Band-Index:   29
   0.00000     14.113353  0.041  0.062  0.000  0.002  0.020  0.169  0.020  0.019  0.013  0.349
   0.03304     14.072790  0.036  0.061  0.003  0.009  0.022  0.156  0.017  0.018  0.012  0.334
   0.06608     13.968035  0.028  0.061  0.007  0.016  0.026  0.130  0.012  0.019  0.010  0.309
   0.09912     13.829344  0.021  0.059  0.011  0.023  0.030  0.108  0.008  0.022  0.008  0.288
   0.13215     13.678649  0.014  0.055  0.014  0.026  0.033  0.094  0.006  0.028  0.006  0.273
   0.16519     13.532593  0.008  0.046  0.017  0.030  0.035  0.080  0.005  0.039  0.003  0.263
   0.19823     13.421783  0.002  0.026  0.023  0.038  0.040  0.056  0.007  0.068  0.002  0.264
   0.23127     13.393782  0.001  0.020  0.038  0.037  0.047  0.023  0.014  0.101  0.006  0.288
   0.26431     13.401575  0.004  0.029  0.051  0.026  0.049  0.011  0.015  0.118  0.006  0.312
   0.29735     13.389680  0.003  0.036  0.062  0.019  0.049  0.009  0.013  0.129  0.005  0.325
   0.33039     13.348624  0.005  0.033  0.070  0.015  0.047  0.010  0.011  0.135  0.004  0.329
   0.36342     13.285582  0.004  0.030  0.075  0.015  0.046  0.013  0.009  0.138  0.002  0.330
   0.39646     13.212462  0.004  0.025  0.077  0.014  0.043  0.017  0.008  0.137  0.001  0.328
   0.42950     13.141074  0.004  0.022  0.081  0.016  0.039  0.021  0.007  0.136  0.003  0.326
   0.46254     13.081818  0.005  0.017  0.085  0.014  0.033  0.025  0.006  0.134  0.004  0.325
   0.49558     13.042595  0.004  0.016  0.090  0.014  0.028  0.029  0.004  0.133  0.004  0.324
   0.52862     13.025409  0.009  0.015  0.094  0.014  0.021  0.032  0.002  0.132  0.004  0.324
   0.56165     13.022162  0.016  0.014  0.096  0.021  0.016  0.030  0.001  0.138  0.002  0.335
   0.59469     13.013097  0.024  0.015  0.091  0.041  0.013  0.023  0.001  0.148  0.001  0.358
   0.62773     12.975176  0.033  0.015  0.073  0.075  0.012  0.015  0.003  0.155  0.002  0.386
   0.66077     12.903096  0.038  0.015  0.058  0.108  0.014  0.010  0.005  0.155  0.004  0.407
   0.69381     12.808912  0.040  0.014  0.047  0.131  0.014  0.009  0.007  0.150  0.005  0.415
   0.72685     12.703998  0.041  0.012  0.041  0.144  0.015  0.008  0.009  0.145  0.005  0.417
   0.75989     12.594439  0.041  0.011  0.036  0.152  0.015  0.007  0.010  0.139  0.003  0.417
   0.79292     12.482980  0.044  0.008  0.035  0.157  0.016  0.007  0.011  0.132  0.002  0.412
   0.82596     12.370551  0.047  0.007  0.036  0.157  0.016  0.006  0.012  0.122  0.003  0.407
   0.85900     12.257339  0.055  0.008  0.039  0.159  0.014  0.006  0.012  0.102  0.007  0.401
   0.89204     12.218843  0.064  0.091  0.135  0.055  0.012  0.015  0.007  0.091  0.004  0.474
   0.92508     12.265619  0.053  0.087  0.125  0.036  0.015  0.012  0.011  0.117  0.001  0.457
   0.95812     12.297174  0.044  0.083  0.114  0.022  0.018  0.010  0.016  0.135  0.001  0.444
   0.99116     12.309954  0.035  0.082  0.101  0.012  0.021  0.008  0.021  0.151  0.002  0.435
   1.02419     12.305525  0.028  0.081  0.088  0.007  0.025  0.008  0.025  0.164  0.003  0.427
   1.05723     12.286455  0.020  0.081  0.075  0.005  0.025  0.010  0.026  0.177  0.002  0.421
   1.09027     12.252921  0.017  0.081  0.061  0.004  0.023  0.016  0.026  0.187  0.001  0.417
   1.12331     12.203463  0.012  0.080  0.047  0.007  0.020  0.026  0.024  0.193  0.001  0.411
   1.15635     12.139972  0.012  0.070  0.032  0.010  0.018  0.041  0.021  0.197  0.002  0.403
   1.18939     12.071983  0.013  0.052  0.020  0.010  0.019  0.057  0.019  0.201  0.005  0.397
   1.22243     12.013826  0.019  0.034  0.009  0.010  0.020  0.069  0.017  0.205  0.009  0.393
   1.25546     11.976566  0.022  0.018  0.004  0.009  0.022  0.078  0.015  0.208  0.012  0.390
   1.28850     11.964078  0.023  0.014  0.002  0.008  0.023  0.080  0.015  0.209  0.014  0.389
   1.28850     11.964078  0.023  0.014  0.002  0.008  0.023  0.080  0.015  0.209  0.014  0.389
   1.32159     11.971237  0.022  0.013  0.003  0.013  0.022  0.078  0.015  0.207  0.013  0.387
   1.35468     11.994499  0.019  0.014  0.005  0.022  0.022  0.071  0.016  0.200  0.011  0.386
   1.38778     12.036836  0.016  0.015  0.009  0.039  0.023  0.062  0.019  0.190  0.010  0.382
   1.42087     12.098123  0.011  0.014  0.015  0.056  0.025  0.052  0.022  0.177  0.009  0.380
   1.45396     12.174043  0.007  0.010  0.020  0.070  0.027  0.044  0.026  0.166  0.010  0.382
   1.48705     12.257865  0.005  0.006  0.026  0.081  0.030  0.037  0.030  0.154  0.011  0.381
   1.52014     12.342285  0.004  0.005  0.032  0.087  0.032  0.033  0.035  0.143  0.014  0.384
   1.55323     12.420660  0.003  0.006  0.038  0.089  0.033  0.033  0.039  0.131  0.017  0.389
   1.58632     12.487478  0.005  0.010  0.049  0.089  0.027  0.041  0.039  0.115  0.020  0.399
   1.61941     12.537408  0.010  0.015  0.069  0.086  0.010  0.072  0.035  0.090  0.027  0.415
   1.65250     12.576477  0.010  0.019  0.074  0.063  0.000  0.112  0.031  0.058  0.036  0.404
   1.68560     12.634811  0.011  0.039  0.059  0.032  0.001  0.133  0.027  0.037  0.036  0.373
   1.71869     12.719578  0.015  0.068  0.050  0.014  0.006  0.139  0.019  0.027  0.025  0.361
   1.75178     12.811863  0.019  0.083  0.052  0.009  0.010  0.139  0.013  0.026  0.016  0.365
   1.78487     12.898680  0.022  0.076  0.065  0.008  0.008  0.127  0.011  0.040  0.012  0.367
   1.81796     12.967520  0.019  0.047  0.084  0.008  0.003  0.098  0.014  0.066  0.014  0.353
   1.85105     13.009931  0.013  0.022  0.093  0.007  0.001  0.073  0.019  0.087  0.018  0.334
   1.88414     13.032749  0.010  0.013  0.094  0.008  0.001  0.062  0.019  0.092  0.021  0.321
   1.91723     13.046409  0.006  0.013  0.092  0.009  0.002  0.056  0.019  0.090  0.022  0.313
   1.95033     13.059437  0.005  0.015  0.090  0.011  0.004  0.055  0.018  0.085  0.023  0.308
   1.98342     13.078265  0.007  0.018  0.087  0.013  0.006  0.055  0.018  0.078  0.023  0.305
   2.01651     13.107196  0.007  0.020  0.085  0.015  0.010  0.054  0.017  0.071  0.022  0.302
   2.04960     13.148320  0.007  0.023  0.084  0.017  0.015  0.054  0.017  0.064  0.021  0.301
   2.08269     13.201584  0.008  0.022  0.081  0.021  0.019  0.053  0.017  0.058  0.018  0.297
   2.11578     13.264664  0.011  0.021  0.082  0.021  0.025  0.054  0.016  0.052  0.015  0.294
   2.14887     13.332671  0.011  0.019  0.080  0.021  0.030  0.056  0.015  0.046  0.013  0.291
   2.18196     13.397888  0.009  0.017  0.081  0.021  0.038  0.057  0.014  0.042  0.010  0.287
   2.21505     13.450345  0.008  0.017  0.077  0.019  0.044  0.058  0.011  0.038  0.008  0.283
   2.24815     13.480550  0.006  0.021  0.068  0.018  0.051  0.057  0.009  0.037  0.008  0.276
   2.28124     13.484932  0.005  0.030  0.056  0.015  0.055  0.052  0.009  0.039  0.007  0.269
   2.31433     13.472845  0.004  0.043  0.041  0.013  0.054  0.043  0.008  0.048  0.005  0.258
   2.34742     13.474658  0.004  0.053  0.027  0.020  0.045  0.029  0.006  0.069  0.001  0.253
   2.38051     13.531835  0.007  0.050  0.019  0.041  0.031  0.016  0.003  0.095  0.000  0.263
   2.41360     13.642819  0.013  0.040  0.016  0.061  0.022  0.007  0.004  0.115  0.004  0.282
   2.44669     13.770067  0.022  0.028  0.013  0.071  0.017  0.005  0.007  0.132  0.008  0.306
   2.47978     13.883862  0.036  0.018  0.012  0.071  0.016  0.009  0.011  0.149  0.013  0.337
   2.51287     13.966469  0.051  0.009  0.005  0.069  0.016  0.019  0.016  0.165  0.019  0.369
   2.54597     14.012529  0.062  0.003  0.001  0.064  0.018  0.030  0.019  0.176  0.023  0.396
   2.57906     14.026670  0.065  0.000  0.000  0.064  0.018  0.034  0.020  0.179  0.024  0.405
 
# Band-Index:   30
   2.57906     14.863789  0.000  0.155  0.040  0.139  0.000  0.000  0.000  0.000  0.000  0.333
   2.54597     14.832304  0.009  0.136  0.034  0.121  0.007  0.020  0.003  0.004  0.002  0.337
   2.51287     14.778681  0.030  0.110  0.025  0.099  0.016  0.051  0.009  0.015  0.005  0.357
   2.47978     14.748583  0.049  0.094  0.016  0.082  0.020  0.073  0.015  0.030  0.007  0.388
   2.44669     14.750310  0.067  0.091  0.010  0.076  0.020  0.082  0.020  0.044  0.007  0.418
   2.41360     14.764631  0.082  0.107  0.010  0.076  0.013  0.076  0.022  0.051  0.005  0.442
   2.38051     14.755494  0.090  0.147  0.015  0.072  0.006  0.058  0.016  0.047  0.002  0.452
   2.34742     14.696383  0.085  0.188  0.019  0.054  0.002  0.040  0.007  0.036  0.001  0.432
   2.31433     14.601490  0.071  0.210  0.020  0.035  0.001  0.033  0.001  0.028  0.002  0.401
   2.28124     14.499795  0.057  0.219  0.015  0.023  0.003  0.035  0.000  0.022  0.005  0.381
   2.24815     14.408349  0.045  0.222  0.010  0.019  0.006  0.045  0.002  0.019  0.008  0.375
   2.21505     14.330457  0.036  0.223  0.006  0.017  0.012  0.059  0.003  0.016  0.010  0.382
   2.18196     14.258986  0.031  0.218  0.008  0.015  0.019  0.075  0.003  0.013  0.011  0.391
   2.14887     14.183168  0.028  0.209  0.010  0.012  0.024  0.090  0.003  0.010  0.012  0.399
   2.11578     14.095899  0.028  0.198  0.011  0.008  0.029  0.102  0.004  0.009  0.012  0.402
   2.08269     13.995886  0.026  0.187  0.011  0.007  0.032  0.110  0.005  0.007  0.013  0.400
   2.04960     13.885472  0.025  0.177  0.010  0.007  0.035  0.114  0.006  0.006  0.013  0.396
   2.01651     13.768128  0.025  0.169  0.010  0.008  0.038  0.116  0.008  0.007  0.012  0.391
   1.98342     13.647178  0.023  0.159  0.009  0.005  0.041  0.116  0.011  0.006  0.012  0.386
   1.95033     13.525451  0.022  0.152  0.008  0.006  0.044  0.115  0.014  0.007  0.012  0.380
   1.91723     13.405378  0.020  0.144  0.004  0.006  0.047  0.113  0.017  0.010  0.012  0.373
   1.88414     13.289308  0.017  0.132  0.003  0.006  0.051  0.106  0.022  0.013  0.013  0.364
   1.85105     13.180185  0.013  0.116  0.002  0.006  0.055  0.093  0.029  0.022  0.016  0.352
   1.81796     13.082513  0.008  0.082  0.007  0.005  0.059  0.068  0.041  0.041  0.020  0.333
   1.78487     12.998360  0.004  0.045  0.020  0.008  0.061  0.041  0.052  0.064  0.025  0.316
   1.75178     12.917800  0.002  0.026  0.024  0.009  0.068  0.032  0.058  0.071  0.025  0.315
   1.71869     12.834127  0.002  0.022  0.018  0.013  0.081  0.041  0.060  0.064  0.023  0.325
   1.68560     12.753837  0.001  0.027  0.010  0.014  0.093  0.060  0.058  0.052  0.018  0.336
   1.65250     12.686171  0.002  0.028  0.011  0.009  0.099  0.089  0.053  0.037  0.014  0.343
   1.61941     12.640100  0.005  0.025  0.024  0.006  0.093  0.132  0.045  0.017  0.014  0.358
   1.58632     12.621722  0.010  0.023  0.042  0.009  0.078  0.160  0.039  0.005  0.013  0.380
   1.55323     12.620320  0.012  0.020  0.048  0.013  0.073  0.167  0.038  0.003  0.013  0.388
   1.52014     12.627064  0.014  0.019  0.048  0.014  0.072  0.165  0.042  0.004  0.013  0.390
   1.48705     12.640479  0.013  0.019  0.048  0.011  0.074  0.159  0.048  0.005  0.013  0.391
   1.45396     12.660596  0.015  0.016  0.048  0.008  0.075  0.152  0.054  0.008  0.013  0.393
   1.42087     12.686859  0.018  0.016  0.050  0.006  0.075  0.144  0.061  0.012  0.013  0.394
   1.38778     12.717584  0.022  0.014  0.053  0.005  0.074  0.136  0.067  0.019  0.012  0.398
   1.35468     12.749092  0.025  0.013  0.055  0.003  0.072  0.129  0.074  0.028  0.010  0.406
   1.32159     12.774498  0.027  0.010  0.054  0.002  0.070  0.125  0.079  0.036  0.010  0.414
   1.28850     12.784595  0.028  0.010  0.054  0.002  0.070  0.123  0.081  0.039  0.009  0.419
   1.28850     12.784595  0.028  0.010  0.054  0.002  0.070  0.123  0.081  0.039  0.009  0.419
   1.25546     12.781009  0.027  0.010  0.053  0.002  0.071  0.122  0.080  0.039  0.010  0.415
   1.22243     12.774771  0.024  0.014  0.046  0.003  0.073  0.120  0.076  0.038  0.011  0.405
   1.18939     12.775925  0.021  0.019  0.038  0.005  0.073  0.118  0.072  0.035  0.012  0.392
   1.15635     12.794179  0.016  0.025  0.030  0.004  0.072  0.120  0.067  0.030  0.014  0.378
   1.12331     12.834392  0.012  0.037  0.023  0.004  0.069  0.121  0.062  0.026  0.016  0.369
   1.09027     12.892444  0.007  0.049  0.020  0.001  0.063  0.121  0.058  0.025  0.018  0.363
   1.05723     12.955057  0.004  0.056  0.023  0.001  0.058  0.114  0.054  0.027  0.022  0.362
   1.02419     13.007983  0.002  0.058  0.030  0.004  0.054  0.103  0.052  0.030  0.028  0.364
   0.99116     13.047849  0.001  0.058  0.036  0.007  0.052  0.091  0.052  0.034  0.037  0.369
   0.95812     13.085648  0.002  0.054  0.038  0.009  0.051  0.078  0.054  0.034  0.047  0.369
   0.92508     13.136409  0.003  0.048  0.043  0.007  0.048  0.069  0.054  0.034  0.056  0.362
   0.89204     13.206509  0.005  0.040  0.049  0.007  0.043  0.065  0.052  0.030  0.060  0.351
   0.85900     13.289813  0.009  0.029  0.058  0.006  0.037  0.065  0.048  0.026  0.060  0.338
   0.82596     13.371911  0.012  0.018  0.070  0.006  0.030  0.068  0.042  0.021  0.056  0.325
   0.79292     13.437041  0.014  0.012  0.083  0.005  0.023  0.073  0.037  0.018  0.051  0.314
   0.75989     13.474626  0.015  0.008  0.090  0.008  0.016  0.078  0.031  0.015  0.046  0.307
   0.72685     13.482786  0.013  0.007  0.091  0.014  0.011  0.079  0.027  0.014  0.043  0.298
   0.69381     13.468212  0.010  0.007  0.087  0.026  0.009  0.079  0.023  0.012  0.041  0.295
   0.66077     13.445076  0.010  0.007  0.074  0.048  0.007  0.076  0.021  0.013  0.042  0.295
   0.62773     13.434811  0.011  0.006  0.051  0.084  0.008  0.067  0.020  0.018  0.043  0.309
   0.59469     13.460116  0.018  0.006  0.027  0.122  0.010  0.054  0.017  0.033  0.043  0.332
   0.56165     13.526133  0.026  0.007  0.015  0.148  0.010  0.042  0.013  0.051  0.040  0.354
   0.52862     13.619089  0.035  0.007  0.011  0.161  0.010  0.036  0.010  0.065  0.036  0.367
   0.49558     13.725269  0.041  0.006  0.008  0.168  0.009  0.032  0.006  0.073  0.031  0.375
   0.46254     13.837021  0.049  0.005  0.010  0.172  0.008  0.030  0.003  0.077  0.027  0.380
   0.42950     13.950761  0.058  0.005  0.011  0.178  0.006  0.030  0.001  0.076  0.022  0.386
   0.39646     14.065434  0.066  0.006  0.013  0.183  0.005  0.031  0.000  0.074  0.016  0.395
   0.36342     14.181839  0.074  0.011  0.017  0.187  0.004  0.032  0.000  0.068  0.012  0.403
   0.33039     14.301506  0.083  0.017  0.020  0.186  0.003  0.035  0.001  0.061  0.008  0.416
   0.29735     14.423721  0.086  0.031  0.022  0.179  0.001  0.040  0.004  0.058  0.004  0.428
   0.26431     14.540188  0.086  0.048  0.024  0.158  0.001  0.046  0.010  0.062  0.002  0.435
   0.23127     14.631261  0.080  0.057  0.022  0.122  0.002  0.056  0.018  0.077  0.000  0.432
   0.19823     14.677144  0.067  0.057  0.016  0.082  0.007  0.066  0.026  0.100  0.000  0.420
   0.16519     14.681243  0.056  0.050  0.010  0.056  0.014  0.074  0.031  0.123  0.000  0.414
   0.13215     14.664063  0.049  0.047  0.009  0.044  0.021  0.076  0.030  0.136  0.001  0.411
   0.09912     14.644194  0.044  0.043  0.011  0.042  0.026  0.070  0.027  0.139  0.003  0.407
   0.06608     14.636177  0.036  0.044  0.016  0.052  0.029  0.056  0.022  0.134  0.005  0.394
   0.03304     14.654955  0.025  0.051  0.023  0.074  0.029  0.031  0.013  0.114  0.005  0.364
   0.00000     14.702672  0.000  0.090  0.048  0.159  0.000  0.000  0.000  0.000  0.000  0.299
 
# Band-Index:   31
   0.00000     14.733326  0.036  0.003  0.000  0.002  0.072  0.020  0.013  0.232  0.013  0.391
   0.03304     14.821995  0.014  0.042  0.023  0.085  0.042  0.002  0.003  0.121  0.009  0.343
   0.06608     14.943600  0.010  0.051  0.024  0.111  0.038  0.000  0.001  0.103  0.009  0.348
   0.09912     15.059630  0.010  0.056  0.021  0.132  0.038  0.001  0.000  0.098  0.007  0.366
   0.13215     15.142948  0.014  0.060  0.017  0.155  0.037  0.002  0.000  0.099  0.004  0.388
   0.16519     15.169632  0.018  0.057  0.014  0.169  0.036  0.001  0.003  0.093  0.000  0.390
   0.19823     15.143735  0.019  0.044  0.014  0.157  0.029  0.000  0.007  0.084  0.001  0.357
   0.23127     15.103396  0.015  0.035  0.013  0.124  0.019  0.001  0.015  0.073  0.004  0.302
   0.26431     15.077926  0.016  0.043  0.010  0.085  0.009  0.001  0.021  0.056  0.010  0.255
   0.29735     15.068175  0.023  0.059  0.011  0.060  0.002  0.001  0.023  0.038  0.015  0.234
   0.33039     15.070814  0.032  0.075  0.012  0.046  0.001  0.001  0.023  0.023  0.020  0.231
   0.36342     15.089486  0.039  0.086  0.014  0.036  0.003  0.002  0.021  0.015  0.023  0.237
   0.39646     15.129768  0.044  0.091  0.016  0.030  0.004  0.003  0.019  0.010  0.025  0.241
   0.42950     15.193862  0.047  0.092  0.018  0.027  0.006  0.005  0.016  0.008  0.025  0.244
   0.46254     15.278513  0.044  0.088  0.023  0.026  0.006  0.007  0.013  0.006  0.026  0.240
   0.49558     15.374818  0.039  0.080  0.027  0.029  0.005  0.009  0.010  0.005  0.025  0.233
   0.52862     15.469057  0.032  0.069  0.031  0.035  0.002  0.011  0.009  0.004  0.025  0.224
   0.56165     15.545296  0.025  0.057  0.039  0.044  0.000  0.014  0.012  0.003  0.025  0.220
   0.59469     15.590682  0.021  0.044  0.047  0.050  0.001  0.017  0.015  0.002  0.025  0.224
   0.62773     15.599384  0.020  0.037  0.054  0.053  0.004  0.018  0.023  0.001  0.027  0.236
   0.66077     15.566674  0.022  0.044  0.059  0.036  0.006  0.019  0.038  0.001  0.034  0.262
   0.69381     15.428358  0.017  0.135  0.031  0.013  0.007  0.009  0.067  0.006  0.064  0.348
   0.72685     15.181087  0.016  0.157  0.020  0.019  0.011  0.014  0.058  0.008  0.064  0.368
   0.75989     14.946339  0.019  0.163  0.023  0.017  0.012  0.022  0.052  0.008  0.062  0.377
   0.79292     14.742417  0.023  0.165  0.031  0.011  0.012  0.031  0.046  0.008  0.060  0.387
   0.82596     14.571979  0.026  0.166  0.039  0.008  0.012  0.040  0.039  0.007  0.057  0.394
   0.85900     14.429896  0.027  0.168  0.045  0.006  0.012  0.049  0.031  0.006  0.057  0.402
   0.89204     14.305058  0.027  0.167  0.053  0.008  0.012  0.055  0.022  0.006  0.055  0.407
   0.92508     14.184619  0.026  0.161  0.065  0.014  0.012  0.055  0.015  0.006  0.053  0.405
   0.95812     14.061880  0.024  0.147  0.081  0.022  0.011  0.047  0.009  0.004  0.048  0.396
   0.99116     13.942317  0.024  0.128  0.105  0.027  0.010  0.034  0.007  0.003  0.041  0.381
   1.02419     13.837131  0.023  0.105  0.133  0.031  0.010  0.020  0.005  0.003  0.033  0.364
   1.05723     13.751621  0.021  0.085  0.160  0.028  0.009  0.010  0.004  0.003  0.025  0.346
   1.09027     13.681176  0.019  0.072  0.176  0.022  0.009  0.004  0.003  0.003  0.018  0.325
   1.12331     13.617017  0.015  0.065  0.182  0.014  0.008  0.001  0.002  0.002  0.013  0.301
   1.15635     13.553429  0.011  0.063  0.180  0.008  0.007  0.001  0.001  0.001  0.008  0.279
   1.18939     13.490466  0.008  0.064  0.171  0.003  0.005  0.001  0.001  0.000  0.005  0.257
   1.22243     13.433693  0.005  0.067  0.156  0.001  0.002  0.000  0.001  0.000  0.002  0.236
   1.25546     13.392668  0.005  0.070  0.142  0.000  0.001  0.000  0.000  0.000  0.000  0.219
   1.28850     13.377468  0.004  0.071  0.135  0.000  0.000  0.000  0.000  0.000  0.000  0.211
   1.28850     13.377468  0.004  0.071  0.135  0.000  0.000  0.000  0.000  0.000  0.000  0.211
   1.32159     13.401142  0.006  0.070  0.134  0.000  0.000  0.000  0.002  0.005  0.000  0.217
   1.35468     13.465885  0.011  0.066  0.131  0.001  0.002  0.002  0.005  0.017  0.001  0.236
   1.38778     13.558804  0.016  0.059  0.128  0.001  0.004  0.003  0.008  0.032  0.002  0.254
   1.42087     13.667764  0.023  0.053  0.119  0.003  0.006  0.004  0.011  0.046  0.003  0.271
   1.45396     13.781120  0.033  0.042  0.101  0.008  0.012  0.007  0.014  0.063  0.003  0.282
   1.48705     13.867469  0.051  0.010  0.065  0.045  0.036  0.017  0.012  0.074  0.002  0.312
   1.52014     13.858554  0.056  0.008  0.071  0.108  0.059  0.023  0.007  0.061  0.010  0.402
   1.55323     13.815272  0.053  0.019  0.070  0.129  0.061  0.022  0.007  0.062  0.021  0.446
   1.58632     13.792554  0.053  0.021  0.064  0.137  0.061  0.019  0.008  0.070  0.031  0.464
   1.61941     13.811505  0.049  0.015  0.056  0.140  0.058  0.015  0.011  0.078  0.041  0.466
   1.65250     13.879657  0.044  0.009  0.047  0.138  0.058  0.012  0.015  0.084  0.049  0.455
   1.68560     13.997128  0.038  0.005  0.038  0.131  0.058  0.011  0.019  0.084  0.054  0.438
   1.71869     14.161107  0.032  0.006  0.029  0.123  0.060  0.009  0.023  0.079  0.054  0.417
   1.75178     14.367351  0.026  0.013  0.021  0.111  0.062  0.009  0.025  0.072  0.051  0.393
   1.78487     14.609850  0.020  0.025  0.016  0.100  0.066  0.010  0.027  0.063  0.046  0.371
   1.81796     14.880633  0.016  0.038  0.011  0.087  0.068  0.011  0.029  0.055  0.036  0.351
   1.85105     15.166677  0.010  0.063  0.013  0.071  0.069  0.012  0.028  0.047  0.024  0.336
   1.88414     15.411386  0.004  0.120  0.044  0.028  0.045  0.008  0.024  0.029  0.006  0.309
   1.91723     15.497753  0.002  0.122  0.065  0.011  0.014  0.007  0.018  0.008  0.010  0.258
   1.95033     15.516925  0.004  0.105  0.058  0.012  0.006  0.008  0.014  0.006  0.010  0.220
   1.98342     15.506889  0.004  0.083  0.047  0.017  0.003  0.009  0.007  0.007  0.009  0.189
   2.01651     15.469912  0.011  0.062  0.037  0.029  0.002  0.010  0.002  0.008  0.009  0.170
   2.04960     15.406055  0.022  0.041  0.028  0.044  0.002  0.011  0.002  0.009  0.009  0.169
   2.08269     15.321574  0.040  0.024  0.020  0.060  0.004  0.013  0.008  0.007  0.009  0.185
   2.11578     15.229969  0.059  0.016  0.014  0.072  0.006  0.014  0.018  0.005  0.008  0.214
   2.14887     15.146648  0.078  0.013  0.011  0.080  0.007  0.017  0.031  0.003  0.007  0.246
   2.18196     15.083517  0.092  0.015  0.009  0.085  0.007  0.020  0.046  0.002  0.006  0.281
   2.21505     15.046683  0.100  0.017  0.009  0.087  0.006  0.022  0.062  0.001  0.006  0.313
   2.24815     15.037512  0.102  0.020  0.009  0.093  0.003  0.024  0.074  0.002  0.006  0.334
   2.28124     15.054735  0.096  0.018  0.013  0.097  0.001  0.027  0.081  0.003  0.007  0.339
   2.31433     15.093374  0.075  0.019  0.016  0.090  0.002  0.032  0.079  0.005  0.007  0.326
   2.34742     15.143608  0.047  0.034  0.025  0.070  0.008  0.042  0.063  0.006  0.007  0.303
   2.38051     15.202932  0.023  0.072  0.040  0.056  0.022  0.047  0.035  0.005  0.007  0.305
   2.41360     15.279249  0.014  0.111  0.049  0.064  0.030  0.044  0.013  0.002  0.007  0.337
   2.44669     15.354795  0.017  0.124  0.044  0.080  0.035  0.045  0.004  0.001  0.009  0.362
   2.47978     15.390043  0.021  0.108  0.029  0.080  0.038  0.053  0.003  0.003  0.012  0.348
   2.51287     15.360283  0.028  0.071  0.015  0.055  0.043  0.070  0.004  0.006  0.015  0.306
   2.54597     15.291855  0.037  0.026  0.005  0.022  0.051  0.094  0.005  0.010  0.017  0.270
   2.57906     15.253020  0.045  0.002  0.000  0.002  0.056  0.110  0.007  0.012  0.018  0.254
 
# Band-Index:   32
   2.57906     15.921099  0.035  0.018  0.016  0.002  0.029  0.135  0.042  0.003  0.042  0.324
   2.54597     15.922337  0.036  0.019  0.017  0.004  0.029  0.129  0.041  0.003  0.042  0.321
   2.51287     15.923490  0.038  0.021  0.024  0.011  0.028  0.107  0.037  0.002  0.041  0.310
   2.47978     15.926225  0.042  0.020  0.026  0.008  0.027  0.088  0.034  0.001  0.043  0.289
   2.44669     15.933403  0.048  0.021  0.017  0.037  0.023  0.093  0.022  0.002  0.028  0.296
   2.41360     15.807901  0.059  0.020  0.014  0.136  0.030  0.045  0.042  0.010  0.003  0.358
   2.38051     15.710134  0.055  0.027  0.012  0.117  0.046  0.069  0.039  0.016  0.003  0.386
   2.34742     15.676916  0.044  0.034  0.010  0.079  0.057  0.103  0.031  0.022  0.002  0.381
   2.31433     15.694872  0.034  0.035  0.006  0.040  0.049  0.126  0.027  0.017  0.003  0.340
   2.28124     15.713837  0.032  0.037  0.004  0.017  0.033  0.118  0.029  0.007  0.010  0.286
   2.24815     15.717678  0.034  0.039  0.003  0.010  0.023  0.095  0.034  0.004  0.015  0.256
   2.21505     15.721163  0.039  0.044  0.005  0.009  0.019  0.071  0.043  0.003  0.015  0.253
   2.18196     15.735910  0.047  0.055  0.009  0.012  0.018  0.052  0.057  0.004  0.013  0.266
   2.14887     15.765047  0.057  0.064  0.013  0.016  0.019  0.038  0.071  0.004  0.009  0.293
   2.11578     15.806786  0.071  0.073  0.021  0.027  0.020  0.027  0.084  0.003  0.004  0.328
   2.08269     15.858511  0.085  0.073  0.025  0.041  0.023  0.021  0.095  0.002  0.001  0.366
   2.04960     15.917753  0.100  0.068  0.024  0.062  0.025  0.016  0.100  0.002  0.000  0.398
   2.01651     15.977797  0.108  0.053  0.023  0.083  0.024  0.013  0.095  0.006  0.002  0.409
   1.98342     16.020716  0.109  0.035  0.018  0.103  0.022  0.011  0.082  0.012  0.008  0.397
   1.95033     16.011909  0.090  0.015  0.014  0.111  0.025  0.011  0.053  0.021  0.020  0.361
   1.91723     15.847069  0.029  0.012  0.010  0.100  0.054  0.016  0.016  0.027  0.041  0.304
   1.88414     15.592924  0.015  0.025  0.036  0.094  0.028  0.014  0.021  0.011  0.054  0.298
   1.85105     15.468003  0.011  0.081  0.075  0.076  0.004  0.008  0.023  0.000  0.049  0.325
   1.81796     15.369055  0.012  0.090  0.084  0.087  0.003  0.006  0.027  0.005  0.049  0.361
   1.78487     15.244735  0.016  0.087  0.081  0.096  0.002  0.004  0.032  0.013  0.049  0.383
   1.75178     15.096989  0.022  0.078  0.083  0.098  0.001  0.003  0.034  0.020  0.046  0.385
   1.71869     14.938120  0.028  0.071  0.086  0.091  0.000  0.003  0.033  0.026  0.041  0.379
   1.68560     14.778357  0.030  0.067  0.090  0.079  0.000  0.003  0.031  0.032  0.036  0.370
   1.65250     14.623491  0.032  0.064  0.101  0.067  0.000  0.003  0.029  0.037  0.030  0.365
   1.61941     14.475983  0.033  0.064  0.112  0.056  0.001  0.003  0.026  0.041  0.026  0.360
   1.58632     14.336133  0.030  0.065  0.122  0.044  0.001  0.002  0.022  0.044  0.022  0.355
   1.55323     14.203488  0.027  0.067  0.136  0.037  0.001  0.001  0.019  0.044  0.020  0.353
   1.52014     14.080466  0.019  0.071  0.159  0.041  0.003  0.000  0.015  0.033  0.017  0.360
   1.48705     13.993250  0.014  0.060  0.185  0.083  0.019  0.004  0.006  0.006  0.015  0.392
   1.45396     13.972694  0.019  0.018  0.165  0.097  0.033  0.007  0.002  0.001  0.007  0.350
   1.42087     13.941873  0.015  0.004  0.153  0.084  0.024  0.005  0.001  0.000  0.004  0.291
   1.38778     13.889929  0.011  0.002  0.146  0.073  0.015  0.002  0.001  0.000  0.002  0.253
   1.35468     13.835798  0.009  0.001  0.141  0.070  0.007  0.001  0.000  0.000  0.001  0.232
   1.32159     13.796326  0.007  0.003  0.138  0.068  0.002  0.000  0.000  0.000  0.000  0.220
   1.28850     13.781988  0.006  0.004  0.138  0.067  0.000  0.000  0.000  0.000  0.000  0.215
   1.28850     13.781988  0.006  0.004  0.138  0.067  0.000  0.000  0.000  0.000  0.000  0.215
   1.25546     13.805819  0.007  0.004  0.134  0.067  0.000  0.003  0.001  0.000  0.000  0.217
   1.22243     13.874187  0.012  0.004  0.126  0.066  0.001  0.009  0.005  0.000  0.001  0.224
   1.18939     13.978745  0.018  0.006  0.117  0.063  0.002  0.017  0.009  0.000  0.001  0.232
   1.15635     14.107880  0.025  0.008  0.110  0.055  0.004  0.026  0.014  0.002  0.001  0.247
   1.12331     14.246411  0.035  0.014  0.102  0.043  0.008  0.035  0.021  0.005  0.002  0.264
   1.09027     14.363605  0.048  0.035  0.079  0.017  0.017  0.045  0.032  0.015  0.001  0.290
   1.05723     14.403734  0.051  0.063  0.054  0.002  0.025  0.049  0.040  0.026  0.000  0.313
   1.02419     14.404146  0.048  0.064  0.055  0.005  0.025  0.046  0.043  0.026  0.000  0.311
   0.99116     14.422042  0.045  0.053  0.061  0.004  0.021  0.041  0.047  0.022  0.000  0.298
   0.95812     14.474387  0.045  0.041  0.069  0.003  0.016  0.036  0.050  0.019  0.000  0.282
   0.92508     14.566705  0.045  0.032  0.071  0.002  0.013  0.033  0.050  0.016  0.002  0.268
   0.89204     14.696519  0.044  0.031  0.066  0.002  0.011  0.036  0.048  0.014  0.006  0.260
   0.85900     14.851960  0.044  0.032  0.061  0.002  0.011  0.040  0.044  0.012  0.010  0.254
   0.82596     15.017837  0.042  0.033  0.054  0.002  0.013  0.044  0.039  0.010  0.013  0.250
   0.79292     15.180424  0.040  0.032  0.049  0.007  0.016  0.047  0.032  0.008  0.014  0.246
   0.75989     15.327820  0.036  0.028  0.049  0.017  0.019  0.046  0.025  0.005  0.015  0.243
   0.72685     15.451290  0.030  0.027  0.049  0.036  0.021  0.043  0.016  0.002  0.015  0.238
   0.69381     15.557206  0.017  0.045  0.036  0.063  0.024  0.036  0.001  0.001  0.016  0.242
   0.66077     15.755220  0.007  0.138  0.007  0.047  0.020  0.018  0.021  0.004  0.046  0.309
   0.62773     16.012040  0.017  0.155  0.013  0.020  0.011  0.014  0.019  0.003  0.048  0.300
   0.59469     16.148397  0.062  0.126  0.026  0.022  0.011  0.009  0.026  0.011  0.017  0.310
   0.56165     16.146907  0.077  0.093  0.036  0.050  0.021  0.003  0.038  0.019  0.002  0.340
   0.52862     16.101430  0.073  0.070  0.041  0.067  0.027  0.002  0.041  0.024  0.000  0.344
   0.49558     16.042880  0.069  0.053  0.043  0.072  0.027  0.002  0.041  0.027  0.001  0.334
   0.46254     15.979161  0.065  0.042  0.039  0.071  0.027  0.003  0.039  0.032  0.003  0.321
   0.42950     15.912823  0.061  0.036  0.036  0.068  0.027  0.003  0.037  0.039  0.006  0.310
   0.39646     15.847110  0.060  0.032  0.030  0.061  0.027  0.003  0.035  0.046  0.008  0.305
   0.36342     15.787304  0.061  0.033  0.027  0.055  0.030  0.002  0.034  0.054  0.011  0.306
   0.33039     15.740412  0.062  0.040  0.026  0.047  0.033  0.001  0.033  0.060  0.013  0.313
   0.29735     15.713872  0.059  0.051  0.028  0.037  0.035  0.001  0.030  0.063  0.014  0.318
   0.26431     15.712576  0.054  0.063  0.034  0.027  0.033  0.000  0.028  0.061  0.014  0.316
   0.23127     15.735270  0.045  0.073  0.047  0.019  0.026  0.000  0.023  0.055  0.014  0.301
   0.19823     15.776363  0.030  0.074  0.067  0.019  0.016  0.000  0.017  0.044  0.013  0.280
   0.16519     15.707901  0.083  0.006  0.026  0.030  0.028  0.004  0.021  0.015  0.090  0.303
   0.13215     15.615990  0.088  0.003  0.023  0.021  0.023  0.002  0.025  0.027  0.089  0.300
   0.09912     15.551977  0.087  0.004  0.019  0.016  0.020  0.002  0.028  0.044  0.087  0.307
   0.06608     15.509769  0.086  0.004  0.018  0.012  0.020  0.002  0.031  0.057  0.087  0.317
   0.03304     15.485245  0.084  0.004  0.018  0.012  0.020  0.002  0.033  0.064  0.086  0.323
   0.00000     15.477132  0.084  0.004  0.018  0.012  0.020  0.001  0.034  0.066  0.086  0.326
 
# Band-Index:   33
   0.00000     16.198735  0.004  0.123  0.122  0.098  0.000  0.000  0.000  0.000  0.000  0.345
   0.03304     16.175731  0.004  0.118  0.121  0.095  0.000  0.000  0.000  0.000  0.000  0.341
   0.06608     16.111375  0.007  0.110  0.122  0.088  0.000  0.000  0.001  0.002  0.001  0.330
   0.09912     16.019193  0.009  0.097  0.117  0.073  0.001  0.001  0.003  0.007  0.003  0.311
   0.13215     15.920066  0.012  0.083  0.109  0.051  0.003  0.001  0.006  0.016  0.006  0.287
   0.16519     15.836191  0.018  0.075  0.092  0.030  0.008  0.001  0.011  0.029  0.010  0.272
   0.19823     15.829013  0.078  0.009  0.030  0.044  0.037  0.006  0.015  0.009  0.087  0.313
   0.23127     15.975937  0.073  0.011  0.029  0.054  0.046  0.010  0.009  0.009  0.080  0.321
   0.26431     16.146800  0.065  0.014  0.027  0.063  0.054  0.014  0.005  0.010  0.072  0.327
   0.29735     16.339738  0.062  0.012  0.028  0.071  0.059  0.015  0.003  0.010  0.066  0.327
   0.33039     16.540816  0.069  0.007  0.052  0.077  0.044  0.002  0.015  0.004  0.071  0.341
   0.36342     16.679947  0.059  0.013  0.106  0.046  0.009  0.012  0.056  0.009  0.053  0.363
   0.39646     16.784122  0.057  0.013  0.115  0.041  0.007  0.015  0.064  0.008  0.047  0.369
   0.42950     16.873398  0.059  0.010  0.121  0.042  0.008  0.016  0.062  0.006  0.046  0.369
   0.46254     16.940184  0.055  0.008  0.126  0.047  0.015  0.015  0.053  0.003  0.046  0.370
   0.49558     16.971259  0.049  0.009  0.121  0.061  0.030  0.014  0.035  0.002  0.052  0.372
   0.52862     16.929485  0.024  0.037  0.083  0.105  0.046  0.010  0.011  0.005  0.070  0.386
   0.56165     16.722615  0.007  0.084  0.020  0.127  0.034  0.003  0.046  0.011  0.059  0.391
   0.59469     16.452700  0.020  0.077  0.010  0.134  0.028  0.002  0.073  0.019  0.036  0.400
   0.62773     16.264492  0.058  0.055  0.021  0.122  0.018  0.004  0.079  0.027  0.004  0.390
   0.66077     16.158984  0.058  0.064  0.035  0.094  0.008  0.008  0.063  0.023  0.004  0.358
   0.69381     16.049394  0.045  0.066  0.049  0.093  0.005  0.008  0.052  0.020  0.012  0.351
   0.72685     15.934174  0.033  0.066  0.067  0.100  0.007  0.005  0.042  0.016  0.020  0.357
   0.75989     15.821957  0.023  0.063  0.085  0.106  0.008  0.005  0.034  0.012  0.026  0.363
   0.79292     15.714032  0.019  0.058  0.101  0.107  0.011  0.008  0.025  0.009  0.028  0.367
   0.82596     15.605993  0.020  0.052  0.113  0.102  0.013  0.013  0.019  0.007  0.028  0.365
   0.85900     15.492850  0.021  0.043  0.121  0.096  0.013  0.020  0.014  0.005  0.025  0.360
   0.89204     15.371540  0.023  0.036  0.127  0.088  0.013  0.026  0.011  0.003  0.022  0.352
   0.92508     15.241060  0.027  0.028  0.129  0.083  0.012  0.030  0.009  0.002  0.018  0.341
   0.95812     15.101951  0.027  0.023  0.132  0.080  0.011  0.033  0.008  0.002  0.015  0.329
   0.99116     14.956192  0.025  0.016  0.131  0.079  0.009  0.034  0.006  0.001  0.012  0.315
   1.02419     14.808449  0.022  0.014  0.130  0.081  0.007  0.032  0.004  0.002  0.009  0.301
   1.05723     14.673388  0.014  0.020  0.124  0.085  0.008  0.029  0.001  0.006  0.006  0.292
   1.09027     14.603346  0.016  0.049  0.091  0.068  0.016  0.029  0.003  0.022  0.003  0.299
   1.12331     14.627710  0.027  0.063  0.069  0.037  0.023  0.034  0.009  0.034  0.001  0.303
   1.15635     14.683115  0.039  0.060  0.067  0.018  0.024  0.035  0.010  0.039  0.000  0.295
   1.18939     14.736475  0.048  0.053  0.076  0.007  0.022  0.033  0.010  0.039  0.001  0.291
   1.22243     14.778524  0.055  0.048  0.105  0.002  0.018  0.028  0.008  0.034  0.002  0.302
   1.25546     14.810259  0.054  0.052  0.168  0.010  0.012  0.018  0.005  0.022  0.002  0.344
   1.28850     14.829693  0.046  0.070  0.290  0.028  0.000  0.000  0.000  0.000  0.000  0.435
   1.28850     14.829693  0.046  0.070  0.290  0.028  0.000  0.000  0.000  0.000  0.000  0.435
   1.32159     14.799970  0.058  0.028  0.163  0.025  0.015  0.019  0.003  0.023  0.003  0.336
   1.35468     14.751965  0.060  0.007  0.105  0.030  0.022  0.029  0.005  0.034  0.003  0.294
   1.38778     14.693540  0.055  0.007  0.077  0.037  0.024  0.033  0.006  0.039  0.001  0.281
   1.42087     14.631944  0.046  0.017  0.068  0.042  0.023  0.032  0.008  0.039  0.001  0.275
   1.45396     14.588289  0.039  0.027  0.070  0.039  0.017  0.028  0.009  0.036  0.000  0.263
   1.48705     14.587029  0.036  0.030  0.083  0.029  0.009  0.020  0.010  0.029  0.000  0.245
   1.52014     14.632723  0.034  0.030  0.097  0.021  0.005  0.013  0.011  0.023  0.000  0.236
   1.55323     14.712370  0.036  0.028  0.105  0.019  0.005  0.010  0.011  0.022  0.001  0.236
   1.58632     14.813105  0.037  0.028  0.108  0.016  0.005  0.008  0.012  0.022  0.002  0.240
   1.61941     14.926521  0.041  0.026  0.109  0.015  0.006  0.008  0.013  0.024  0.003  0.245
   1.65250     15.046925  0.042  0.026  0.104  0.015  0.007  0.007  0.014  0.026  0.004  0.248
   1.68560     15.170109  0.044  0.026  0.099  0.016  0.007  0.007  0.016  0.027  0.005  0.248
   1.71869     15.293190  0.048  0.024  0.089  0.017  0.007  0.007  0.019  0.028  0.007  0.245
   1.75178     15.415334  0.052  0.019  0.075  0.021  0.006  0.007  0.025  0.028  0.007  0.240
   1.78487     15.539102  0.060  0.011  0.057  0.030  0.004  0.006  0.034  0.029  0.008  0.241
   1.81796     15.669257  0.068  0.004  0.036  0.048  0.003  0.006  0.047  0.029  0.011  0.254
   1.85105     15.804418  0.075  0.004  0.023  0.071  0.002  0.004  0.060  0.029  0.013  0.282
   1.88414     15.932485  0.081  0.012  0.014  0.087  0.002  0.004  0.075  0.027  0.012  0.315
   1.91723     16.048010  0.076  0.029  0.008  0.090  0.012  0.006  0.092  0.022  0.005  0.341
   1.95033     16.260420  0.020  0.050  0.000  0.070  0.051  0.013  0.067  0.024  0.011  0.308
   1.98342     16.590922  0.007  0.055  0.001  0.064  0.062  0.015  0.046  0.026  0.011  0.286
   2.01651     16.939708  0.002  0.061  0.007  0.059  0.063  0.016  0.038  0.025  0.008  0.276
   2.04960     17.269848  0.002  0.068  0.029  0.045  0.054  0.013  0.026  0.024  0.012  0.272
   2.08269     17.361171  0.050  0.027  0.110  0.008  0.009  0.004  0.046  0.015  0.025  0.296
   2.11578     17.285339  0.049  0.018  0.117  0.008  0.002  0.009  0.059  0.020  0.020  0.298
   2.14887     17.144868  0.021  0.013  0.090  0.013  0.017  0.027  0.053  0.043  0.008  0.283
   2.18196     16.903621  0.008  0.018  0.038  0.022  0.063  0.044  0.024  0.061  0.004  0.283
   2.21505     16.630592  0.015  0.022  0.025  0.027  0.080  0.045  0.011  0.062  0.010  0.295
   2.24815     16.379690  0.019  0.021  0.022  0.032  0.084  0.041  0.006  0.060  0.017  0.301
   2.28124     16.176463  0.024  0.020  0.022  0.034  0.080  0.032  0.001  0.050  0.028  0.292
   2.31433     16.045448  0.029  0.018  0.021  0.030  0.063  0.031  0.001  0.032  0.039  0.266
   2.34742     15.986848  0.032  0.021  0.019  0.018  0.045  0.047  0.006  0.013  0.046  0.247
   2.38051     15.964653  0.036  0.020  0.017  0.009  0.036  0.063  0.016  0.004  0.047  0.251
   2.41360     15.951054  0.039  0.019  0.019  0.005  0.032  0.072  0.026  0.001  0.048  0.262
   2.44669     15.949526  0.049  0.015  0.022  0.106  0.024  0.013  0.048  0.004  0.021  0.300
   2.47978     16.071025  0.008  0.036  0.126  0.051  0.007  0.054  0.001  0.006  0.003  0.292
   2.51287     16.029323  0.013  0.055  0.143  0.097  0.002  0.029  0.001  0.004  0.002  0.349
   2.54597     16.023228  0.011  0.077  0.154  0.135  0.000  0.006  0.000  0.001  0.000  0.385
   2.57906     16.026183  0.010  0.085  0.156  0.147  0.000  0.000  0.000  0.000  0.000  0.398
 
# Band-Index:   34
   2.57906     16.355990  0.056  0.013  0.025  0.149  0.000  0.000  0.000  0.000  0.000  0.244
   2.54597     16.322074  0.056  0.014  0.025  0.148  0.001  0.002  0.004  0.000  0.000  0.251
   2.51287     16.228590  0.057  0.013  0.020  0.148  0.005  0.006  0.015  0.002  0.001  0.268
   2.47978     16.098399  0.064  0.008  0.018  0.159  0.007  0.010  0.029  0.006  0.003  0.303
   2.44669     16.168397  0.019  0.014  0.114  0.048  0.004  0.050  0.002  0.010  0.004  0.268
   2.41360     16.295685  0.023  0.012  0.110  0.034  0.004  0.044  0.005  0.011  0.008  0.251
   2.38051     16.434752  0.028  0.013  0.106  0.027  0.004  0.035  0.013  0.011  0.013  0.251
   2.34742     16.570519  0.033  0.015  0.107  0.021  0.005  0.028  0.024  0.011  0.019  0.262
   2.31433     16.696793  0.044  0.019  0.107  0.015  0.005  0.020  0.035  0.010  0.025  0.281
   2.28124     16.814174  0.053  0.022  0.106  0.012  0.008  0.013  0.046  0.008  0.030  0.298
   2.24815     16.926796  0.061  0.026  0.106  0.009  0.011  0.008  0.052  0.006  0.033  0.313
   2.21505     17.039795  0.070  0.030  0.104  0.006  0.018  0.005  0.052  0.003  0.034  0.324
   2.18196     17.161839  0.079  0.037  0.091  0.009  0.033  0.003  0.042  0.000  0.035  0.330
   2.14887     17.330980  0.070  0.049  0.041  0.016  0.073  0.015  0.012  0.011  0.026  0.312
   2.11578     17.589520  0.038  0.057  0.012  0.025  0.075  0.023  0.004  0.025  0.012  0.270
   2.08269     17.653007  0.012  0.062  0.018  0.051  0.044  0.004  0.044  0.024  0.004  0.262
   2.04960     17.458875  0.065  0.004  0.088  0.020  0.016  0.002  0.060  0.013  0.025  0.295
   2.01651     17.437071  0.065  0.010  0.100  0.008  0.018  0.002  0.045  0.011  0.041  0.302
   1.98342     17.412220  0.064  0.018  0.100  0.007  0.026  0.004  0.036  0.008  0.051  0.314
   1.95033     17.394906  0.067  0.025  0.101  0.004  0.035  0.007  0.030  0.004  0.058  0.333
   1.91723     17.394060  0.071  0.034  0.097  0.009  0.040  0.007  0.027  0.003  0.060  0.348
   1.88414     17.398475  0.070  0.041  0.087  0.016  0.042  0.007  0.023  0.005  0.057  0.348
   1.85105     17.406153  0.063  0.046  0.074  0.024  0.041  0.006  0.020  0.008  0.047  0.331
   1.81796     17.433913  0.056  0.055  0.063  0.028  0.040  0.006  0.018  0.008  0.037  0.309
   1.78487     17.495321  0.051  0.055  0.057  0.030  0.040  0.008  0.018  0.005  0.027  0.288
   1.75178     17.558785  0.067  0.016  0.128  0.010  0.046  0.019  0.041  0.009  0.003  0.341
   1.71869     17.340841  0.048  0.051  0.206  0.008  0.041  0.013  0.036  0.040  0.001  0.446
   1.68560     17.066014  0.043  0.069  0.201  0.012  0.042  0.011  0.031  0.040  0.000  0.449
   1.65250     16.776338  0.038  0.080  0.194  0.015  0.039  0.009  0.028  0.037  0.000  0.443
   1.61941     16.483291  0.038  0.090  0.192  0.016  0.035  0.008  0.024  0.033  0.001  0.435
   1.58632     16.196159  0.038  0.099  0.190  0.016  0.029  0.006  0.020  0.029  0.001  0.426
   1.55323     15.923431  0.038  0.106  0.190  0.015  0.022  0.005  0.017  0.025  0.002  0.420
   1.52014     15.673297  0.040  0.112  0.194  0.014  0.017  0.005  0.015  0.021  0.002  0.416
   1.48705     15.453615  0.039  0.116  0.202  0.013  0.011  0.004  0.012  0.018  0.002  0.416
   1.45396     15.270903  0.040  0.118  0.209  0.011  0.008  0.004  0.009  0.015  0.001  0.417
   1.42087     15.128291  0.039  0.116  0.214  0.010  0.005  0.005  0.007  0.014  0.001  0.414
   1.38778     15.023564  0.041  0.105  0.209  0.010  0.005  0.008  0.006  0.016  0.001  0.402
   1.35468     14.949325  0.044  0.083  0.185  0.010  0.009  0.014  0.004  0.021  0.002  0.373
   1.32159     14.896015  0.052  0.052  0.128  0.007  0.016  0.023  0.005  0.031  0.004  0.320
   1.28850     14.864982  0.070  0.002  0.002  0.002  0.030  0.043  0.008  0.054  0.007  0.214
   1.28850     14.864982  0.070  0.002  0.002  0.002  0.030  0.043  0.008  0.054  0.007  0.214
   1.25546     14.895350  0.057  0.025  0.124  0.022  0.018  0.025  0.004  0.031  0.005  0.311
   1.22243     14.959582  0.052  0.033  0.186  0.037  0.013  0.017  0.001  0.020  0.004  0.361
   1.18939     15.055560  0.049  0.035  0.212  0.045  0.011  0.014  0.002  0.015  0.004  0.385
   1.15635     15.186703  0.048  0.037  0.219  0.048  0.012  0.013  0.004  0.013  0.005  0.398
   1.12331     15.352895  0.047  0.039  0.217  0.048  0.014  0.014  0.006  0.013  0.006  0.404
   1.09027     15.549951  0.050  0.037  0.211  0.047  0.018  0.014  0.009  0.014  0.007  0.407
   1.05723     15.770218  0.051  0.037  0.204  0.042  0.021  0.016  0.011  0.017  0.008  0.408
   1.02419     16.004074  0.054  0.033  0.195  0.038  0.024  0.016  0.015  0.019  0.010  0.405
   0.99116     16.241930  0.060  0.029  0.187  0.031  0.025  0.017  0.017  0.022  0.011  0.399
   0.95812     16.476304  0.065  0.024  0.179  0.026  0.025  0.015  0.019  0.026  0.011  0.390
   0.92508     16.702650  0.068  0.020  0.171  0.020  0.024  0.014  0.021  0.029  0.011  0.377
   0.89204     16.917941  0.071  0.015  0.168  0.014  0.021  0.013  0.023  0.032  0.010  0.367
   0.85900     17.117385  0.070  0.011  0.165  0.010  0.018  0.010  0.024  0.034  0.009  0.354
   0.82596     17.289912  0.071  0.010  0.166  0.009  0.016  0.008  0.025  0.034  0.008  0.346
   0.79292     17.413178  0.071  0.013  0.166  0.009  0.017  0.005  0.025  0.032  0.009  0.347
   0.75989     17.458835  0.073  0.021  0.163  0.014  0.025  0.002  0.024  0.025  0.015  0.363
   0.72685     17.416351  0.071  0.033  0.158  0.020  0.043  0.002  0.023  0.018  0.021  0.390
   0.69381     17.308437  0.065  0.041  0.145  0.023  0.062  0.003  0.024  0.014  0.024  0.403
   0.66077     17.182916  0.059  0.039  0.139  0.025  0.074  0.006  0.029  0.012  0.025  0.405
   0.62773     17.083984  0.054  0.029  0.136  0.021  0.074  0.010  0.038  0.009  0.024  0.391
   0.59469     17.039373  0.052  0.020  0.131  0.012  0.061  0.014  0.054  0.007  0.020  0.368
   0.56165     17.050842  0.052  0.023  0.116  0.002  0.034  0.017  0.086  0.005  0.009  0.344
   0.52862     17.140878  0.034  0.072  0.051  0.025  0.003  0.011  0.131  0.005  0.003  0.335
   0.49558     17.320645  0.008  0.084  0.013  0.082  0.015  0.010  0.112  0.002  0.022  0.349
   0.46254     17.375235  0.005  0.052  0.011  0.100  0.046  0.018  0.070  0.006  0.025  0.335
   0.42950     17.245735  0.012  0.031  0.014  0.088  0.065  0.027  0.038  0.017  0.021  0.314
   0.39646     17.034789  0.017  0.025  0.015  0.075  0.071  0.036  0.023  0.024  0.021  0.309
   0.36342     16.805083  0.016  0.027  0.021  0.058  0.070  0.047  0.021  0.030  0.018  0.311
   0.33039     16.609447  0.011  0.040  0.072  0.018  0.034  0.060  0.052  0.041  0.004  0.332
   0.29735     16.494344  0.024  0.042  0.092  0.015  0.015  0.047  0.053  0.036  0.013  0.340
   0.26431     16.404226  0.028  0.054  0.090  0.016  0.015  0.043  0.041  0.035  0.012  0.335
   0.23127     16.338701  0.036  0.070  0.084  0.017  0.017  0.038  0.029  0.034  0.008  0.334
   0.19823     16.309876  0.046  0.094  0.073  0.020  0.020  0.032  0.020  0.028  0.005  0.340
   0.16519     16.325324  0.059  0.118  0.063  0.025  0.020  0.023  0.015  0.020  0.003  0.345
   0.13215     16.377319  0.065  0.138  0.053  0.029  0.016  0.014  0.010  0.013  0.002  0.342
   0.09912     16.446506  0.069  0.151  0.048  0.030  0.011  0.008  0.007  0.008  0.001  0.335
   0.06608     16.512658  0.070  0.164  0.046  0.032  0.006  0.003  0.003  0.004  0.000  0.328
   0.03304     16.559559  0.068  0.169  0.047  0.033  0.002  0.001  0.001  0.000  0.000  0.322
   0.00000     16.576474  0.068  0.172  0.047  0.034  0.000  0.000  0.000  0.000  0.000  0.320
 
# Band-Index:   35
   0.00000     17.964356  0.036  0.026  0.006  0.012  0.037  0.029  0.061  0.074  0.057  0.337
   0.03304     17.953238  0.036  0.025  0.006  0.014  0.037  0.029  0.062  0.072  0.057  0.338
   0.06608     17.922438  0.036  0.024  0.009  0.017  0.038  0.028  0.063  0.066  0.057  0.338
   0.09912     17.879380  0.033  0.024  0.013  0.024  0.038  0.026  0.064  0.057  0.058  0.336
   0.13215     17.834814  0.033  0.022  0.018  0.031  0.039  0.024  0.066  0.048  0.059  0.337
   0.16519     17.800211  0.033  0.020  0.025  0.034  0.038  0.023  0.067  0.038  0.059  0.336
   0.19823     17.785300  0.032  0.018  0.032  0.039  0.037  0.020  0.067  0.031  0.058  0.336
   0.23127     17.796204  0.032  0.018  0.043  0.043  0.037  0.019  0.065  0.027  0.056  0.338
   0.26431     17.834203  0.033  0.016  0.053  0.044  0.036  0.016  0.061  0.024  0.054  0.339
   0.29735     17.895428  0.032  0.014  0.067  0.045  0.037  0.015  0.055  0.024  0.053  0.341
   0.33039     17.971470  0.032  0.013  0.081  0.047  0.038  0.013  0.048  0.024  0.053  0.346
   0.36342     18.050428  0.031  0.011  0.095  0.044  0.039  0.012  0.040  0.023  0.055  0.352
   0.39646     18.118406  0.034  0.008  0.108  0.042  0.043  0.011  0.033  0.021  0.056  0.355
   0.42950     18.161740  0.038  0.008  0.113  0.034  0.042  0.010  0.026  0.018  0.053  0.340
   0.46254     18.118302  0.035  0.069  0.015  0.016  0.036  0.001  0.031  0.051  0.010  0.264
   0.49558     18.043333  0.028  0.060  0.014  0.031  0.095  0.002  0.008  0.050  0.022  0.311
   0.52862     18.031554  0.026  0.061  0.037  0.036  0.111  0.005  0.011  0.029  0.040  0.354
   0.56165     17.997176  0.029  0.067  0.052  0.027  0.096  0.007  0.012  0.015  0.050  0.355
   0.59469     17.948692  0.034  0.073  0.056  0.018  0.078  0.009  0.011  0.008  0.049  0.340
   0.62773     17.895789  0.035  0.077  0.053  0.018  0.065  0.011  0.009  0.005  0.043  0.315
   0.66077     17.847195  0.035  0.079  0.046  0.016  0.056  0.013  0.008  0.004  0.032  0.286
   0.69381     17.814889  0.030  0.081  0.036  0.017  0.049  0.015  0.005  0.003  0.020  0.255
   0.72685     17.813582  0.024  0.085  0.027  0.017  0.041  0.016  0.003  0.002  0.011  0.223
   0.75989     17.847456  0.018  0.076  0.031  0.019  0.025  0.018  0.001  0.002  0.009  0.200
   0.79292     17.899948  0.021  0.055  0.040  0.031  0.015  0.019  0.001  0.002  0.011  0.194
   0.82596     17.977408  0.022  0.039  0.047  0.054  0.018  0.018  0.001  0.001  0.010  0.209
   0.85900     17.994421  0.012  0.059  0.099  0.129  0.067  0.019  0.006  0.002  0.006  0.401
   0.89204     17.783931  0.017  0.057  0.079  0.107  0.043  0.013  0.006  0.004  0.008  0.335
   0.92508     17.537064  0.028  0.051  0.064  0.101  0.027  0.009  0.004  0.006  0.010  0.301
   0.95812     17.288596  0.039  0.045  0.050  0.098  0.017  0.006  0.002  0.007  0.013  0.278
   0.99116     17.058735  0.052  0.044  0.035  0.096  0.010  0.003  0.001  0.009  0.015  0.265
   1.02419     16.859760  0.061  0.046  0.023  0.099  0.006  0.001  0.001  0.010  0.017  0.262
   1.05723     16.698672  0.066  0.051  0.014  0.102  0.004  0.000  0.000  0.010  0.018  0.265
   1.09027     16.579467  0.066  0.061  0.006  0.112  0.003  0.000  0.000  0.010  0.018  0.275
   1.12331     16.504478  0.062  0.076  0.003  0.125  0.002  0.000  0.000  0.009  0.017  0.294
   1.15635     16.473466  0.049  0.098  0.002  0.142  0.002  0.001  0.000  0.006  0.014  0.314
   1.18939     16.480563  0.034  0.119  0.003  0.161  0.001  0.001  0.000  0.004  0.009  0.333
   1.22243     16.511449  0.019  0.141  0.007  0.176  0.001  0.001  0.000  0.002  0.005  0.350
   1.25546     16.544528  0.005  0.154  0.010  0.188  0.000  0.000  0.000  0.000  0.001  0.359
   1.28850     16.558595  0.000  0.160  0.011  0.192  0.000  0.000  0.000  0.000  0.000  0.363
   1.28850     16.558595  0.000  0.160  0.011  0.192  0.000  0.000  0.000  0.000  0.000  0.363
   1.32159     16.541128  0.008  0.154  0.010  0.183  0.001  0.001  0.000  0.000  0.002  0.362
   1.35468     16.502483  0.031  0.137  0.011  0.160  0.002  0.004  0.000  0.001  0.008  0.353
   1.38778     16.471422  0.054  0.114  0.010  0.133  0.003  0.006  0.000  0.001  0.014  0.335
   1.42087     16.471530  0.076  0.090  0.012  0.104  0.003  0.008  0.001  0.001  0.019  0.316
   1.45396     16.512885  0.089  0.070  0.019  0.080  0.003  0.011  0.001  0.000  0.023  0.299
   1.48705     16.594849  0.095  0.054  0.027  0.063  0.002  0.013  0.002  0.000  0.026  0.283
   1.52014     16.712002  0.096  0.043  0.037  0.050  0.002  0.013  0.002  0.000  0.027  0.271
   1.55323     16.858191  0.092  0.037  0.045  0.040  0.001  0.014  0.002  0.000  0.027  0.261
   1.58632     17.028050  0.087  0.034  0.054  0.036  0.001  0.015  0.002  0.000  0.027  0.253
   1.61941     17.216942  0.078  0.034  0.060  0.034  0.001  0.014  0.002  0.000  0.025  0.251
   1.65250     17.419546  0.065  0.039  0.068  0.037  0.003  0.013  0.002  0.000  0.022  0.250
   1.68560     17.622943  0.050  0.057  0.077  0.040  0.010  0.013  0.001  0.003  0.013  0.265
   1.71869     17.717562  0.029  0.099  0.082  0.036  0.028  0.008  0.006  0.012  0.006  0.303
   1.75178     17.637262  0.018  0.098  0.150  0.027  0.020  0.001  0.007  0.044  0.025  0.390
   1.78487     17.794697  0.041  0.027  0.224  0.013  0.014  0.014  0.031  0.045  0.015  0.422
   1.81796     17.888091  0.036  0.005  0.199  0.039  0.006  0.014  0.027  0.036  0.016  0.374
   1.85105     17.876462  0.023  0.005  0.152  0.069  0.013  0.011  0.020  0.033  0.013  0.339
   1.88414     17.834878  0.013  0.009  0.119  0.087  0.021  0.010  0.015  0.035  0.014  0.323
   1.91723     17.831685  0.008  0.012  0.102  0.098  0.023  0.007  0.012  0.039  0.023  0.326
   1.95033     17.885759  0.008  0.014  0.098  0.100  0.024  0.005  0.011  0.039  0.041  0.343
   1.98342     17.976471  0.012  0.016  0.108  0.096  0.022  0.004  0.013  0.036  0.062  0.367
   2.01651     18.061536  0.019  0.020  0.124  0.075  0.019  0.003  0.015  0.029  0.088  0.393
   2.04960     18.049822  0.038  0.034  0.098  0.034  0.032  0.010  0.011  0.017  0.079  0.351
   2.08269     17.885521  0.048  0.025  0.052  0.014  0.074  0.029  0.001  0.021  0.035  0.300
   2.11578     17.952110  0.029  0.033  0.075  0.027  0.061  0.013  0.020  0.030  0.037  0.325
   2.14887     18.103333  0.029  0.036  0.120  0.017  0.040  0.011  0.013  0.033  0.071  0.369
   2.18196     18.134918  0.030  0.035  0.136  0.010  0.028  0.018  0.017  0.032  0.077  0.383
   2.21505     18.090631  0.029  0.037  0.121  0.010  0.021  0.024  0.029  0.031  0.067  0.370
   2.24815     18.004256  0.029  0.040  0.101  0.014  0.017  0.026  0.042  0.033  0.057  0.357
   2.28124     17.904164  0.032  0.041  0.077  0.014  0.015  0.024  0.056  0.036  0.053  0.351
   2.31433     17.814872  0.038  0.042  0.058  0.016  0.012  0.022  0.069  0.042  0.053  0.348
   2.34742     17.754582  0.044  0.040  0.042  0.015  0.010  0.018  0.079  0.047  0.055  0.350
   2.38051     17.732189  0.047  0.035  0.031  0.014  0.007  0.016  0.086  0.052  0.058  0.347
   2.41360     17.745529  0.048  0.031  0.022  0.015  0.006  0.017  0.088  0.058  0.059  0.343
   2.44669     17.783417  0.049  0.025  0.015  0.014  0.003  0.018  0.089  0.062  0.059  0.333
   2.47978     17.830394  0.051  0.019  0.010  0.011  0.002  0.020  0.091  0.065  0.057  0.325
   2.51287     17.871959  0.053  0.011  0.006  0.008  0.001  0.022  0.094  0.068  0.053  0.317
   2.54597     17.898791  0.056  0.006  0.002  0.007  0.000  0.022  0.098  0.071  0.051  0.312
   2.57906     17.907780  0.057  0.004  0.002  0.004  0.000  0.022  0.100  0.071  0.049  0.310
 
# Band-Index:   36
   2.57906     18.857588  0.009  0.020  0.000  0.066  0.052  0.117  0.245  0.012  0.016  0.541
   2.54597     18.895225  0.011  0.020  0.000  0.067  0.052  0.113  0.243  0.012  0.017  0.536
   2.51287     19.001093  0.014  0.018  0.001  0.071  0.053  0.104  0.234  0.010  0.019  0.524
   2.47978     19.155979  0.019  0.016  0.006  0.073  0.054  0.087  0.218  0.009  0.025  0.507
   2.44669     19.319246  0.033  0.014  0.042  0.068  0.057  0.051  0.171  0.010  0.045  0.491
   2.41360     19.388229  0.059  0.025  0.139  0.049  0.042  0.007  0.070  0.016  0.071  0.475
   2.38051     19.361404  0.070  0.032  0.169  0.045  0.027  0.000  0.033  0.018  0.076  0.469
   2.34742     19.304672  0.078  0.035  0.164  0.044  0.020  0.000  0.024  0.021  0.080  0.467
   2.31433     19.237402  0.085  0.035  0.149  0.045  0.015  0.000  0.022  0.025  0.084  0.462
   2.28124     19.169640  0.089  0.035  0.121  0.051  0.011  0.000  0.022  0.030  0.088  0.451
   2.24815     19.109827  0.092  0.038  0.088  0.059  0.008  0.002  0.024  0.035  0.087  0.432
   2.21505     19.062404  0.085  0.036  0.052  0.069  0.003  0.003  0.029  0.039  0.078  0.399
   2.18196     19.009262  0.051  0.021  0.013  0.105  0.001  0.018  0.048  0.022  0.035  0.316
   2.14887     18.757721  0.010  0.020  0.036  0.064  0.035  0.056  0.048  0.015  0.051  0.335
   2.11578     18.545654  0.019  0.011  0.081  0.057  0.025  0.054  0.036  0.022  0.099  0.405
   2.08269     18.450123  0.017  0.011  0.085  0.067  0.022  0.049  0.024  0.021  0.085  0.379
   2.04960     18.397177  0.024  0.032  0.033  0.070  0.028  0.041  0.011  0.012  0.017  0.267
   2.01651     18.398551  0.044  0.058  0.027  0.038  0.029  0.032  0.007  0.002  0.020  0.257
   1.98342     18.470089  0.048  0.067  0.060  0.021  0.026  0.025  0.011  0.001  0.043  0.302
   1.95033     18.549336  0.044  0.070  0.083  0.020  0.031  0.022  0.016  0.003  0.045  0.332
   1.91723     18.587826  0.036  0.075  0.095  0.024  0.045  0.019  0.020  0.007  0.035  0.357
   1.88414     18.556493  0.031  0.079  0.097  0.034  0.064  0.016  0.022  0.016  0.020  0.380
   1.85105     18.461995  0.023  0.085  0.084  0.050  0.082  0.011  0.021  0.022  0.007  0.389
   1.81796     18.343207  0.012  0.088  0.059  0.078  0.089  0.005  0.013  0.021  0.000  0.368
   1.78487     18.228115  0.006  0.072  0.049  0.091  0.068  0.001  0.006  0.012  0.007  0.313
   1.75178     18.083095  0.014  0.045  0.048  0.076  0.035  0.004  0.003  0.005  0.023  0.256
   1.71869     17.923329  0.028  0.017  0.029  0.056  0.017  0.005  0.004  0.000  0.048  0.207
   1.68560     17.984871  0.021  0.046  0.027  0.040  0.025  0.005  0.008  0.003  0.045  0.223
   1.65250     18.187379  0.016  0.058  0.036  0.041  0.025  0.006  0.008  0.003  0.040  0.231
   1.61941     18.422969  0.010  0.061  0.039  0.043  0.023  0.007  0.007  0.002  0.041  0.232
   1.58632     18.675895  0.008  0.061  0.044  0.043  0.020  0.007  0.006  0.002  0.046  0.237
   1.55323     18.935688  0.008  0.059  0.048  0.041  0.018  0.008  0.005  0.001  0.054  0.243
   1.52014     19.190374  0.012  0.055  0.053  0.041  0.016  0.010  0.004  0.002  0.066  0.258
   1.48705     19.423349  0.023  0.051  0.057  0.039  0.017  0.012  0.004  0.001  0.083  0.287
   1.45396     19.611008  0.048  0.044  0.061  0.035  0.022  0.020  0.003  0.003  0.105  0.338
   1.42087     19.586723  0.080  0.023  0.009  0.055  0.108  0.070  0.001  0.054  0.017  0.416
   1.38778     19.277254  0.101  0.020  0.008  0.044  0.121  0.067  0.001  0.055  0.030  0.447
   1.35468     19.016366  0.120  0.013  0.009  0.032  0.130  0.070  0.001  0.056  0.036  0.466
   1.32159     18.839233  0.136  0.007  0.007  0.019  0.135  0.073  0.001  0.057  0.041  0.478
   1.28850     18.775748  0.142  0.004  0.008  0.016  0.138  0.075  0.001  0.058  0.043  0.480
   1.28850     18.775748  0.142  0.004  0.008  0.016  0.138  0.075  0.001  0.058  0.043  0.480
   1.25546     18.808524  0.141  0.005  0.009  0.017  0.138  0.072  0.001  0.056  0.045  0.484
   1.22243     18.895897  0.139  0.010  0.015  0.019  0.139  0.064  0.001  0.052  0.051  0.490
   1.18939     19.011489  0.134  0.017  0.023  0.022  0.138  0.051  0.001  0.048  0.062  0.498
   1.15635     19.125880  0.127  0.023  0.034  0.023  0.134  0.036  0.002  0.042  0.077  0.495
   1.12331     19.212259  0.109  0.029  0.046  0.022  0.119  0.021  0.002  0.033  0.089  0.471
   1.09027     19.240539  0.075  0.038  0.054  0.026  0.092  0.008  0.002  0.024  0.088  0.407
   1.05723     19.180628  0.036  0.044  0.057  0.034  0.059  0.001  0.003  0.013  0.071  0.318
   1.02419     19.036802  0.013  0.044  0.052  0.045  0.036  0.000  0.003  0.007  0.049  0.248
   0.99116     18.845680  0.005  0.043  0.046  0.050  0.026  0.001  0.003  0.004  0.033  0.210
   0.95812     18.639395  0.005  0.041  0.039  0.054  0.021  0.003  0.003  0.002  0.022  0.190
   0.92508     18.437953  0.006  0.040  0.036  0.052  0.020  0.005  0.003  0.002  0.016  0.179
   0.89204     18.254928  0.012  0.041  0.031  0.049  0.018  0.007  0.003  0.001  0.011  0.173
   0.85900     18.103667  0.017  0.053  0.014  0.028  0.018  0.006  0.004  0.001  0.011  0.152
   0.82596     18.141366  0.010  0.087  0.069  0.097  0.099  0.012  0.010  0.002  0.009  0.398
   0.79292     18.191143  0.022  0.080  0.075  0.107  0.130  0.015  0.012  0.006  0.013  0.459
   0.75989     18.218793  0.035  0.054  0.082  0.099  0.128  0.017  0.016  0.016  0.020  0.467
   0.72685     18.281834  0.040  0.030  0.094  0.083  0.104  0.018  0.019  0.024  0.025  0.438
   0.69381     18.360640  0.039  0.018  0.102  0.069  0.080  0.017  0.021  0.030  0.029  0.407
   0.66077     18.416774  0.039  0.011  0.104  0.061  0.062  0.014  0.021  0.032  0.033  0.378
   0.62773     18.428253  0.042  0.008  0.101  0.055  0.046  0.010  0.018  0.032  0.039  0.349
   0.59469     18.393070  0.044  0.006  0.096  0.046  0.035  0.008  0.012  0.031  0.044  0.322
   0.56165     18.323471  0.049  0.006  0.092  0.032  0.026  0.008  0.005  0.029  0.047  0.298
   0.52862     18.241930  0.051  0.009  0.100  0.017  0.021  0.010  0.001  0.023  0.056  0.288
   0.49558     18.193245  0.046  0.018  0.114  0.009  0.036  0.012  0.008  0.012  0.073  0.327
   0.46254     18.189096  0.032  0.034  0.110  0.018  0.070  0.010  0.015  0.013  0.092  0.395
   0.42950     18.345474  0.019  0.112  0.006  0.016  0.044  0.001  0.052  0.041  0.059  0.351
   0.39646     18.620736  0.013  0.114  0.004  0.021  0.035  0.001  0.064  0.035  0.062  0.352
   0.36342     18.911247  0.012  0.109  0.004  0.024  0.040  0.001  0.071  0.031  0.069  0.363
   0.33039     19.195865  0.015  0.094  0.016  0.027  0.054  0.000  0.078  0.028  0.081  0.393
   0.29735     19.406616  0.067  0.031  0.114  0.042  0.064  0.014  0.058  0.012  0.081  0.481
   0.26431     19.481210  0.084  0.027  0.166  0.038  0.047  0.021  0.031  0.003  0.054  0.471
   0.23127     19.530695  0.077  0.033  0.181  0.035  0.047  0.017  0.025  0.003  0.042  0.460
   0.19823     19.564327  0.069  0.037  0.182  0.030  0.056  0.014  0.026  0.003  0.034  0.449
   0.16519     19.573119  0.062  0.041  0.165  0.024  0.076  0.011  0.030  0.004  0.027  0.440
   0.13215     19.547815  0.058  0.045  0.125  0.016  0.112  0.011  0.040  0.007  0.022  0.436
   0.09912     19.491255  0.060  0.044  0.079  0.008  0.152  0.010  0.053  0.015  0.019  0.441
   0.06608     19.425430  0.063  0.041  0.045  0.004  0.183  0.010  0.065  0.025  0.018  0.456
   0.03304     19.375735  0.066  0.039  0.027  0.005  0.202  0.010  0.072  0.034  0.018  0.470
   0.00000     19.357574  0.065  0.038  0.022  0.004  0.209  0.010  0.075  0.036  0.018  0.476
 
# Band-Index:   37
   0.00000     19.801249  0.016  0.062  0.191  0.096  0.000  0.000  0.000  0.000  0.000  0.366
   0.03304     19.810633  0.017  0.062  0.189  0.091  0.004  0.000  0.003  0.005  0.000  0.372
   0.06608     19.838643  0.020  0.061  0.174  0.081  0.019  0.000  0.011  0.018  0.000  0.387
   0.09912     19.886843  0.025  0.062  0.144  0.068  0.044  0.001  0.022  0.032  0.000  0.401
   0.13215     19.960347  0.029  0.065  0.100  0.054  0.079  0.001  0.034  0.042  0.000  0.406
   0.16519     20.053088  0.027  0.075  0.058  0.040  0.111  0.003  0.041  0.046  0.001  0.400
   0.19823     20.106197  0.016  0.093  0.025  0.028  0.114  0.004  0.043  0.043  0.016  0.383
   0.23127     20.007179  0.005  0.114  0.008  0.022  0.074  0.006  0.050  0.031  0.044  0.354
   0.26431     19.788136  0.007  0.121  0.007  0.018  0.043  0.009  0.051  0.025  0.051  0.333
   0.29735     19.545292  0.033  0.119  0.037  0.018  0.009  0.022  0.028  0.017  0.032  0.317
   0.33039     19.427297  0.096  0.057  0.112  0.036  0.009  0.043  0.008  0.003  0.035  0.398
   0.36342     19.390785  0.105  0.045  0.097  0.041  0.016  0.051  0.014  0.005  0.046  0.421
   0.39646     19.380503  0.108  0.043  0.074  0.043  0.015  0.066  0.016  0.007  0.054  0.428
   0.42950     19.385280  0.107  0.035  0.055  0.044  0.010  0.102  0.014  0.007  0.067  0.444
   0.46254     19.379834  0.091  0.017  0.042  0.029  0.018  0.155  0.009  0.007  0.082  0.452
   0.49558     19.399566  0.079  0.013  0.035  0.019  0.027  0.171  0.007  0.013  0.082  0.445
   0.52862     19.496154  0.085  0.018  0.027  0.019  0.029  0.182  0.006  0.017  0.076  0.456
   0.56165     19.633319  0.106  0.037  0.010  0.026  0.040  0.174  0.002  0.031  0.055  0.479
   0.59469     19.715363  0.102  0.042  0.006  0.030  0.066  0.134  0.000  0.044  0.034  0.456
   0.62773     19.767271  0.088  0.041  0.010  0.030  0.076  0.120  0.001  0.037  0.031  0.435
   0.66077     19.833894  0.072  0.039  0.022  0.032  0.075  0.113  0.005  0.024  0.034  0.419
   0.69381     19.895609  0.039  0.032  0.050  0.030  0.052  0.090  0.032  0.003  0.033  0.361
   0.72685     19.800165  0.023  0.028  0.050  0.029  0.017  0.042  0.048  0.006  0.016  0.260
   0.75989     19.631086  0.032  0.028  0.045  0.030  0.017  0.030  0.036  0.010  0.016  0.242
   0.79292     19.475439  0.044  0.033  0.034  0.026  0.026  0.024  0.026  0.012  0.019  0.244
   0.82596     19.403051  0.056  0.046  0.024  0.026  0.046  0.019  0.019  0.012  0.022  0.267
   0.85900     19.452650  0.057  0.064  0.020  0.031  0.064  0.016  0.013  0.011  0.024  0.296
   0.89204     19.598486  0.057  0.074  0.022  0.037  0.068  0.016  0.009  0.008  0.024  0.314
   0.92508     19.794969  0.054  0.078  0.023  0.045  0.060  0.016  0.007  0.006  0.025  0.315
   0.95812     20.005774  0.061  0.068  0.023  0.056  0.036  0.017  0.005  0.003  0.029  0.298
   0.99116     20.157895  0.103  0.020  0.011  0.071  0.014  0.019  0.003  0.013  0.052  0.306
   1.02419     20.136817  0.115  0.010  0.005  0.067  0.077  0.024  0.001  0.027  0.048  0.375
   1.05723     20.104867  0.094  0.011  0.001  0.072  0.078  0.031  0.001  0.025  0.025  0.341
   1.09027     20.136428  0.059  0.014  0.006  0.080  0.049  0.037  0.000  0.019  0.008  0.269
   1.12331     20.201245  0.032  0.016  0.021  0.078  0.021  0.046  0.001  0.013  0.026  0.255
   1.15635     20.168799  0.067  0.029  0.043  0.045  0.023  0.053  0.003  0.013  0.094  0.370
   1.18939     20.037101  0.114  0.033  0.053  0.022  0.040  0.044  0.004  0.013  0.141  0.463
   1.22243     19.917707  0.145  0.028  0.057  0.010  0.051  0.036  0.005  0.013  0.163  0.508
   1.25546     19.843998  0.160  0.025  0.060  0.005  0.059  0.030  0.005  0.012  0.173  0.530
   1.28850     19.819587  0.166  0.024  0.060  0.004  0.061  0.029  0.005  0.013  0.176  0.539
   1.28850     19.819587  0.166  0.024  0.060  0.004  0.061  0.029  0.005  0.013  0.176  0.539
   1.32159     19.820044  0.162  0.024  0.061  0.005  0.060  0.028  0.005  0.012  0.175  0.532
   1.35468     19.817507  0.150  0.026  0.063  0.008  0.055  0.026  0.004  0.010  0.172  0.513
   1.38778     19.798923  0.124  0.029  0.065  0.014  0.045  0.021  0.004  0.008  0.164  0.476
   1.42087     19.743173  0.090  0.039  0.067  0.021  0.033  0.010  0.004  0.005  0.152  0.419
   1.45396     19.924895  0.069  0.035  0.009  0.052  0.086  0.049  0.002  0.054  0.029  0.388
   1.48705     20.211259  0.070  0.042  0.004  0.044  0.047  0.042  0.003  0.055  0.021  0.329
   1.52014     20.357757  0.084  0.049  0.006  0.040  0.007  0.019  0.005  0.047  0.023  0.282
   1.55323     20.315173  0.073  0.049  0.013  0.064  0.003  0.003  0.007  0.038  0.020  0.271
   1.58632     20.155920  0.060  0.045  0.018  0.080  0.015  0.003  0.007  0.033  0.015  0.276
   1.61941     19.954199  0.054  0.041  0.018  0.086  0.027  0.006  0.009  0.031  0.013  0.284
   1.65250     19.740077  0.051  0.038  0.017  0.086  0.033  0.010  0.010  0.029  0.013  0.289
   1.68560     19.529891  0.054  0.035  0.013  0.082  0.038  0.014  0.011  0.028  0.013  0.291
   1.71869     19.341381  0.056  0.034  0.009  0.074  0.038  0.019  0.013  0.027  0.016  0.287
   1.75178     19.203563  0.058  0.033  0.008  0.060  0.032  0.023  0.016  0.026  0.021  0.275
   1.78487     19.160680  0.055  0.031  0.015  0.040  0.021  0.025  0.020  0.026  0.029  0.262
   1.81796     19.234077  0.042  0.031  0.033  0.027  0.011  0.023  0.027  0.031  0.035  0.261
   1.85105     19.374487  0.028  0.037  0.051  0.027  0.015  0.017  0.037  0.041  0.037  0.289
   1.88414     19.512938  0.021  0.041  0.061  0.031  0.032  0.007  0.048  0.062  0.035  0.338
   1.91723     19.618574  0.029  0.044  0.056  0.032  0.056  0.000  0.055  0.090  0.031  0.395
   1.95033     19.694775  0.062  0.041  0.028  0.043  0.052  0.009  0.045  0.153  0.047  0.483
   1.98342     19.390798  0.042  0.013  0.021  0.025  0.089  0.031  0.002  0.092  0.069  0.380
   2.01651     19.046918  0.041  0.013  0.031  0.022  0.096  0.030  0.001  0.093  0.088  0.417
   2.04960     18.794780  0.052  0.018  0.045  0.024  0.090  0.021  0.001  0.097  0.117  0.463
   2.08269     18.735466  0.059  0.031  0.029  0.044  0.067  0.006  0.001  0.086  0.095  0.417
   2.11578     18.831465  0.058  0.033  0.016  0.061  0.043  0.001  0.008  0.073  0.066  0.362
   2.14887     18.951275  0.072  0.037  0.018  0.060  0.025  0.000  0.012  0.071  0.070  0.364
   2.18196     19.090219  0.040  0.051  0.030  0.016  0.051  0.036  0.019  0.055  0.066  0.366
   2.21505     19.436558  0.013  0.042  0.011  0.044  0.048  0.050  0.033  0.031  0.024  0.296
   2.24815     19.800284  0.010  0.042  0.010  0.050  0.044  0.056  0.027  0.029  0.014  0.281
   2.28124     20.147701  0.009  0.042  0.010  0.061  0.038  0.072  0.012  0.029  0.008  0.281
   2.31433     20.343410  0.011  0.024  0.005  0.109  0.026  0.116  0.032  0.019  0.001  0.346
   2.34742     20.166314  0.014  0.020  0.008  0.103  0.027  0.099  0.116  0.004  0.001  0.392
   2.38051     19.925014  0.018  0.022  0.018  0.092  0.025  0.095  0.139  0.002  0.000  0.411
   2.41360     19.705437  0.026  0.030  0.055  0.078  0.016  0.092  0.123  0.002  0.002  0.421
   2.44669     19.590555  0.048  0.045  0.149  0.050  0.005  0.054  0.038  0.006  0.026  0.418
   2.47978     19.599414  0.058  0.051  0.176  0.035  0.013  0.025  0.006  0.007  0.046  0.415
   2.51287     19.656521  0.058  0.058  0.171  0.028  0.018  0.015  0.001  0.006  0.052  0.408
   2.54597     19.747446  0.052  0.071  0.168  0.028  0.018  0.009  0.000  0.004  0.045  0.398
   2.57906     19.834095  0.021  0.109  0.210  0.040  0.000  0.000  0.000  0.000  0.000  0.380
 
# Band-Index:   38
   2.57906     19.947734  0.117  0.012  0.036  0.002  0.062  0.024  0.000  0.006  0.156  0.416
   2.54597     20.065619  0.085  0.046  0.079  0.017  0.043  0.016  0.000  0.003  0.108  0.398
   2.51287     20.243897  0.075  0.056  0.081  0.026  0.037  0.015  0.000  0.002  0.094  0.386
   2.47978     20.427975  0.070  0.057  0.075  0.037  0.033  0.015  0.000  0.003  0.084  0.372
   2.44669     20.597406  0.066  0.054  0.065  0.051  0.028  0.017  0.001  0.005  0.070  0.357
   2.41360     20.736594  0.060  0.046  0.053  0.069  0.025  0.018  0.005  0.007  0.058  0.341
   2.38051     20.824315  0.044  0.031  0.036  0.090  0.027  0.014  0.013  0.010  0.053  0.319
   2.34742     20.767502  0.007  0.050  0.009  0.103  0.014  0.010  0.019  0.003  0.045  0.258
   2.31433     20.552268  0.007  0.048  0.008  0.099  0.004  0.007  0.039  0.002  0.031  0.245
   2.28124     20.321323  0.010  0.028  0.014  0.096  0.040  0.007  0.021  0.017  0.025  0.262
   2.24815     20.073521  0.013  0.030  0.018  0.085  0.052  0.011  0.020  0.018  0.024  0.270
   2.21505     19.842142  0.014  0.034  0.020  0.076  0.058  0.015  0.020  0.015  0.024  0.279
   2.18196     19.660860  0.018  0.043  0.020  0.070  0.059  0.021  0.022  0.009  0.026  0.289
   2.14887     19.576705  0.026  0.054  0.017  0.062  0.051  0.028  0.029  0.003  0.028  0.295
   2.11578     19.603938  0.029  0.060  0.012  0.060  0.039  0.035  0.032  0.003  0.024  0.293
   2.08269     19.697867  0.031  0.060  0.011  0.058  0.035  0.041  0.030  0.005  0.019  0.288
   2.04960     19.810636  0.037  0.054  0.012  0.052  0.043  0.044  0.018  0.012  0.015  0.288
   2.01651     19.870226  0.056  0.036  0.021  0.031  0.100  0.030  0.010  0.065  0.012  0.363
   1.98342     19.802215  0.041  0.038  0.041  0.021  0.105  0.008  0.050  0.087  0.012  0.401
   1.95033     19.777244  0.018  0.010  0.038  0.011  0.110  0.019  0.016  0.021  0.030  0.269
   1.91723     20.036933  0.069  0.016  0.008  0.034  0.029  0.026  0.012  0.063  0.038  0.296
   1.88414     20.146282  0.075  0.031  0.005  0.039  0.017  0.022  0.009  0.060  0.030  0.290
   1.85105     20.274596  0.070  0.039  0.008  0.044  0.021  0.015  0.004  0.062  0.034  0.296
   1.81796     20.454049  0.059  0.046  0.014  0.049  0.024  0.010  0.003  0.057  0.035  0.297
   1.78487     20.663803  0.045  0.049  0.021  0.056  0.026  0.009  0.002  0.050  0.035  0.291
   1.75178     20.876601  0.031  0.051  0.026  0.062  0.031  0.009  0.002  0.040  0.031  0.282
   1.71869     21.059882  0.019  0.049  0.027  0.067  0.040  0.013  0.003  0.027  0.028  0.274
   1.68560     21.171036  0.018  0.043  0.027  0.073  0.054  0.023  0.003  0.013  0.028  0.281
   1.65250     21.179186  0.032  0.032  0.025  0.072  0.066  0.037  0.004  0.005  0.035  0.311
   1.61941     21.105581  0.050  0.027  0.022  0.070  0.074  0.049  0.004  0.006  0.043  0.345
   1.58632     20.999900  0.058  0.024  0.021  0.072  0.082  0.055  0.003  0.009  0.046  0.367
   1.55323     20.910235  0.046  0.024  0.022  0.086  0.087  0.056  0.003  0.011  0.039  0.375
   1.52014     20.896999  0.031  0.024  0.022  0.112  0.078  0.039  0.004  0.013  0.034  0.357
   1.48705     20.818196  0.129  0.011  0.015  0.080  0.118  0.010  0.004  0.005  0.088  0.463
   1.45396     20.729976  0.123  0.022  0.009  0.059  0.088  0.011  0.003  0.005  0.062  0.383
   1.42087     20.747626  0.086  0.030  0.005  0.055  0.058  0.009  0.002  0.005  0.033  0.286
   1.38778     20.830988  0.050  0.036  0.003  0.058  0.032  0.006  0.001  0.004  0.014  0.204
   1.35468     20.931025  0.023  0.039  0.003  0.059  0.014  0.002  0.000  0.002  0.004  0.149
   1.32159     21.006195  0.010  0.039  0.004  0.061  0.003  0.001  0.000  0.000  0.001  0.120
   1.28850     21.033493  0.006  0.042  0.004  0.061  0.000  0.000  0.000  0.000  0.000  0.111
   1.28850     21.033493  0.006  0.042  0.004  0.061  0.000  0.000  0.000  0.000  0.000  0.111
   1.25546     21.000410  0.009  0.042  0.003  0.060  0.003  0.000  0.000  0.000  0.000  0.116
   1.22243     20.908698  0.015  0.042  0.003  0.058  0.011  0.001  0.000  0.002  0.002  0.134
   1.18939     20.782127  0.035  0.047  0.002  0.048  0.026  0.001  0.000  0.003  0.008  0.170
   1.15635     20.676385  0.070  0.059  0.003  0.029  0.049  0.005  0.001  0.007  0.034  0.256
   1.12331     20.714316  0.096  0.082  0.011  0.005  0.063  0.022  0.002  0.009  0.081  0.372
   1.09027     20.827827  0.050  0.105  0.016  0.028  0.056  0.030  0.003  0.002  0.051  0.341
   1.05723     20.722324  0.020  0.117  0.028  0.053  0.083  0.018  0.003  0.002  0.015  0.337
   1.02419     20.530856  0.016  0.124  0.033  0.044  0.124  0.013  0.003  0.009  0.011  0.378
   0.99116     20.376304  0.026  0.120  0.033  0.028  0.212  0.009  0.003  0.029  0.022  0.481
   0.95812     20.407803  0.056  0.078  0.026  0.033  0.201  0.005  0.002  0.041  0.051  0.493
   0.92508     20.497827  0.046  0.070  0.027  0.037  0.177  0.002  0.002  0.040  0.058  0.460
   0.89204     20.565054  0.031  0.070  0.029  0.041  0.157  0.003  0.003  0.038  0.054  0.426
   0.85900     20.578129  0.018  0.068  0.031  0.045  0.134  0.012  0.002  0.035  0.047  0.392
   0.82596     20.523592  0.016  0.066  0.030  0.047  0.108  0.026  0.002  0.031  0.040  0.368
   0.79292     20.411113  0.025  0.062  0.028  0.047  0.087  0.043  0.002  0.029  0.035  0.355
   0.75989     20.265744  0.036  0.056  0.024  0.046  0.072  0.057  0.003  0.027  0.032  0.352
   0.72685     20.117173  0.049  0.054  0.016  0.042  0.060  0.062  0.005  0.031  0.026  0.345
   0.69381     20.023014  0.040  0.046  0.013  0.037  0.024  0.029  0.036  0.038  0.007  0.270
   0.66077     20.056244  0.015  0.038  0.030  0.034  0.005  0.020  0.076  0.025  0.001  0.245
   0.62773     20.072399  0.010  0.041  0.031  0.037  0.009  0.027  0.088  0.023  0.003  0.267
   0.59469     20.028956  0.014  0.024  0.016  0.035  0.024  0.081  0.035  0.048  0.019  0.296
   0.56165     19.807906  0.009  0.021  0.016  0.028  0.064  0.019  0.013  0.055  0.017  0.239
   0.52862     19.684861  0.028  0.042  0.004  0.035  0.064  0.000  0.017  0.064  0.005  0.262
   0.49558     19.602548  0.035  0.050  0.004  0.036  0.061  0.000  0.022  0.059  0.004  0.272
   0.46254     19.555047  0.022  0.044  0.003  0.027  0.074  0.005  0.024  0.053  0.004  0.257
   0.42950     19.604955  0.007  0.026  0.004  0.012  0.089  0.045  0.019  0.041  0.015  0.256
   0.39646     19.777900  0.006  0.016  0.006  0.014  0.088  0.068  0.016  0.031  0.021  0.269
   0.36342     20.026311  0.008  0.017  0.007  0.022  0.085  0.072  0.015  0.026  0.020  0.268
   0.33039     20.315536  0.005  0.018  0.006  0.027  0.083  0.069  0.017  0.024  0.017  0.267
   0.29735     20.610459  0.006  0.019  0.006  0.029  0.099  0.059  0.023  0.017  0.019  0.278
   0.26431     20.690839  0.016  0.064  0.008  0.022  0.114  0.009  0.041  0.029  0.027  0.329
   0.23127     20.599054  0.021  0.068  0.014  0.031  0.069  0.008  0.052  0.021  0.041  0.324
   0.19823     20.569460  0.014  0.075  0.011  0.036  0.017  0.007  0.060  0.008  0.072  0.302
   0.16519     20.640669  0.006  0.074  0.009  0.045  0.003  0.004  0.052  0.006  0.087  0.287
   0.13215     20.694285  0.010  0.055  0.015  0.050  0.007  0.002  0.041  0.010  0.085  0.275
   0.09912     20.684180  0.017  0.033  0.018  0.048  0.008  0.001  0.035  0.020  0.080  0.262
   0.06608     20.635557  0.027  0.015  0.018  0.040  0.010  0.001  0.037  0.032  0.076  0.257
   0.03304     20.587716  0.035  0.004  0.020  0.033  0.009  0.002  0.040  0.041  0.074  0.256
   0.00000     20.568523  0.036  0.000  0.020  0.030  0.009  0.002  0.043  0.045  0.073  0.256
 
# Band-Index:   39
   0.00000     20.867785  0.000  0.074  0.144  0.135  0.000  0.000  0.000  0.000  0.000  0.355
   0.03304     20.875871  0.003  0.075  0.140  0.132  0.000  0.001  0.000  0.003  0.000  0.354
   0.06608     20.901177  0.007  0.075  0.126  0.124  0.001  0.003  0.001  0.012  0.000  0.351
   0.09912     20.945364  0.014  0.077  0.107  0.110  0.001  0.007  0.002  0.026  0.001  0.347
   0.13215     21.005628  0.018  0.083  0.088  0.093  0.001  0.011  0.003  0.041  0.001  0.340
   0.16519     21.069806  0.024  0.089  0.070  0.076  0.001  0.016  0.005  0.055  0.002  0.339
   0.19823     21.117144  0.027  0.094  0.056  0.063  0.001  0.025  0.006  0.064  0.001  0.336
   0.23127     21.103698  0.024  0.091  0.039  0.044  0.005  0.047  0.010  0.064  0.000  0.323
   0.26431     20.935285  0.015  0.067  0.021  0.033  0.016  0.069  0.006  0.051  0.004  0.282
   0.29735     20.789284  0.021  0.096  0.009  0.017  0.057  0.023  0.010  0.070  0.013  0.319
   0.33039     20.753823  0.026  0.087  0.007  0.016  0.077  0.017  0.013  0.069  0.017  0.328
   0.36342     20.663519  0.029  0.078  0.008  0.017  0.076  0.020  0.020  0.064  0.016  0.330
   0.39646     20.542471  0.032  0.070  0.009  0.018  0.073  0.024  0.030  0.058  0.015  0.331
   0.42950     20.412335  0.035  0.063  0.012  0.019  0.072  0.030  0.040  0.050  0.012  0.332
   0.46254     20.288358  0.034  0.052  0.015  0.022  0.071  0.035  0.051  0.042  0.011  0.332
   0.49558     20.182783  0.031  0.045  0.018  0.024  0.068  0.039  0.062  0.034  0.009  0.328
   0.52862     20.106712  0.024  0.039  0.022  0.026  0.060  0.039  0.075  0.024  0.009  0.319
   0.56165     20.069607  0.013  0.038  0.027  0.030  0.046  0.031  0.085  0.016  0.010  0.296
   0.59469     20.077604  0.007  0.022  0.036  0.018  0.053  0.011  0.064  0.002  0.024  0.236
   0.62773     20.349725  0.018  0.004  0.022  0.016  0.047  0.077  0.007  0.021  0.040  0.252
   0.66077     20.694140  0.023  0.006  0.018  0.019  0.040  0.086  0.007  0.019  0.037  0.257
   0.69381     21.057890  0.029  0.010  0.016  0.022  0.036  0.090  0.007  0.015  0.037  0.261
   0.72685     21.421947  0.039  0.013  0.010  0.024  0.036  0.093  0.008  0.011  0.042  0.277
   0.75989     21.675537  0.045  0.021  0.022  0.046  0.062  0.019  0.023  0.037  0.073  0.347
   0.79292     21.806009  0.044  0.020  0.025  0.046  0.061  0.014  0.028  0.045  0.080  0.362
   0.82596     21.935447  0.049  0.027  0.022  0.041  0.059  0.027  0.022  0.042  0.089  0.378
   0.85900     22.056874  0.061  0.036  0.023  0.035  0.047  0.047  0.012  0.034  0.093  0.389
   0.89204     22.175038  0.068  0.051  0.027  0.031  0.031  0.055  0.006  0.021  0.093  0.386
   0.92508     22.274182  0.065  0.072  0.032  0.026  0.026  0.038  0.001  0.009  0.098  0.369
   0.95812     22.265274  0.058  0.096  0.040  0.009  0.044  0.006  0.000  0.002  0.110  0.364
   0.99116     22.056331  0.056  0.100  0.039  0.004  0.063  0.007  0.002  0.007  0.112  0.391
   1.02419     21.734276  0.062  0.095  0.040  0.007  0.071  0.022  0.003  0.013  0.107  0.419
   1.05723     21.403666  0.072  0.087  0.041  0.013  0.076  0.025  0.003  0.018  0.100  0.441
   1.09027     21.178744  0.058  0.087  0.053  0.046  0.082  0.011  0.002  0.018  0.064  0.420
   1.12331     21.234988  0.021  0.098  0.049  0.086  0.060  0.002  0.001  0.009  0.016  0.339
   1.15635     21.379187  0.010  0.098  0.045  0.098  0.038  0.002  0.001  0.004  0.007  0.305
   1.18939     21.513583  0.007  0.097  0.044  0.108  0.022  0.001  0.000  0.003  0.003  0.286
   1.22243     21.620360  0.002  0.095  0.044  0.117  0.009  0.001  0.000  0.002  0.001  0.271
   1.25546     21.690006  0.001  0.094  0.044  0.121  0.003  0.000  0.000  0.000  0.000  0.263
   1.28850     21.714440  0.000  0.094  0.043  0.123  0.000  0.000  0.000  0.000  0.000  0.260
   1.28850     21.714440  0.000  0.094  0.043  0.123  0.000  0.000  0.000  0.000  0.000  0.260
   1.32159     21.679538  0.001  0.093  0.043  0.121  0.003  0.001  0.000  0.001  0.001  0.265
   1.35468     21.587108  0.006  0.087  0.043  0.120  0.011  0.003  0.000  0.004  0.001  0.273
   1.38778     21.460128  0.007  0.078  0.042  0.117  0.021  0.006  0.001  0.006  0.002  0.281
   1.42087     21.314874  0.009  0.070  0.040  0.118  0.032  0.009  0.001  0.008  0.003  0.289
   1.45396     21.161382  0.007  0.060  0.040  0.119  0.046  0.015  0.002  0.009  0.002  0.303
   1.48705     21.017180  0.007  0.052  0.043  0.115  0.073  0.027  0.002  0.008  0.001  0.330
   1.52014     21.070000  0.083  0.023  0.039  0.096  0.165  0.020  0.003  0.003  0.064  0.498
   1.55323     21.388001  0.065  0.017  0.034  0.110  0.165  0.015  0.003  0.005  0.070  0.485
   1.58632     21.708093  0.053  0.012  0.035  0.118  0.153  0.009  0.002  0.000  0.074  0.458
   1.61941     21.940923  0.057  0.010  0.035  0.116  0.124  0.005  0.002  0.004  0.083  0.436
   1.65250     22.038752  0.078  0.011  0.030  0.102  0.085  0.014  0.003  0.024  0.093  0.438
   1.68560     22.068913  0.094  0.013  0.022  0.086  0.068  0.032  0.004  0.040  0.094  0.453
   1.71869     22.100214  0.090  0.015  0.015  0.078  0.071  0.039  0.010  0.044  0.082  0.442
   1.75178     22.072717  0.074  0.031  0.022  0.060  0.062  0.021  0.037  0.059  0.038  0.406
   1.78487     21.860891  0.030  0.022  0.012  0.041  0.109  0.009  0.003  0.028  0.057  0.312
   1.81796     21.499383  0.018  0.023  0.016  0.030  0.101  0.014  0.004  0.034  0.042  0.284
   1.85105     21.093363  0.014  0.023  0.018  0.025  0.098  0.021  0.005  0.037  0.035  0.275
   1.88414     20.682803  0.010  0.027  0.020  0.021  0.098  0.027  0.007  0.036  0.030  0.275
   1.91723     20.315755  0.002  0.040  0.024  0.021  0.084  0.036  0.018  0.022  0.016  0.263
   1.95033     20.140888  0.017  0.055  0.023  0.035  0.026  0.042  0.044  0.011  0.001  0.255
   1.98342     20.060432  0.013  0.059  0.026  0.042  0.008  0.040  0.067  0.011  0.004  0.272
   2.01651     19.990320  0.005  0.064  0.033  0.036  0.012  0.025  0.113  0.034  0.004  0.327
   2.04960     20.038584  0.029  0.050  0.030  0.020  0.069  0.015  0.105  0.078  0.008  0.405
   2.08269     20.150592  0.038  0.048  0.025  0.022  0.079  0.022  0.087  0.074  0.010  0.404
   2.11578     20.284349  0.041  0.049  0.020  0.027  0.077  0.028  0.073  0.064  0.015  0.394
   2.14887     20.434082  0.039  0.049  0.018  0.035  0.073  0.035  0.060  0.052  0.021  0.380
   2.18196     20.590782  0.038  0.050  0.014  0.042  0.069  0.043  0.043  0.040  0.027  0.366
   2.21505     20.736860  0.032  0.050  0.013  0.051  0.066  0.054  0.024  0.027  0.029  0.346
   2.24815     20.827070  0.017  0.042  0.007  0.063  0.070  0.074  0.019  0.011  0.021  0.322
   2.28124     20.745938  0.004  0.024  0.004  0.068  0.068  0.060  0.103  0.001  0.002  0.336
   2.31433     20.672639  0.012  0.016  0.020  0.035  0.091  0.008  0.108  0.026  0.003  0.321
   2.34742     20.840976  0.027  0.033  0.033  0.064  0.044  0.033  0.050  0.031  0.001  0.316
   2.38051     20.950594  0.012  0.099  0.032  0.071  0.001  0.040  0.012  0.012  0.014  0.292
   2.41360     20.981256  0.007  0.122  0.043  0.071  0.001  0.026  0.002  0.009  0.024  0.304
   2.44669     20.944450  0.006  0.135  0.058  0.068  0.001  0.016  0.000  0.008  0.021  0.318
   2.47978     20.893243  0.006  0.141  0.078  0.069  0.001  0.010  0.000  0.006  0.012  0.325
   2.51287     20.855529  0.004  0.145  0.095  0.071  0.000  0.005  0.000  0.003  0.006  0.329
   2.54597     20.835260  0.002  0.147  0.107  0.071  0.000  0.001  0.000  0.001  0.001  0.333
   2.57906     20.829117  0.002  0.147  0.112  0.072  0.000  0.000  0.000  0.000  0.000  0.333
 
# Band-Index:   40
   2.57906     22.637920  0.010  0.036  0.024  0.093  0.000  0.000  0.000  0.000  0.000  0.162
   2.54597     22.581154  0.011  0.036  0.024  0.089  0.004  0.000  0.001  0.003  0.001  0.169
   2.51287     22.425629  0.013  0.038  0.024  0.079  0.014  0.001  0.005  0.009  0.004  0.186
   2.47978     22.202430  0.014  0.040  0.025  0.066  0.026  0.002  0.008  0.016  0.008  0.207
   2.44669     21.940135  0.017  0.046  0.026  0.051  0.037  0.003  0.010  0.023  0.011  0.225
   2.41360     21.659842  0.021  0.052  0.028  0.033  0.049  0.004  0.012  0.028  0.013  0.240
   2.38051     21.383962  0.027  0.066  0.028  0.013  0.055  0.007  0.010  0.029  0.015  0.250
   2.34742     21.181185  0.047  0.085  0.032  0.008  0.036  0.019  0.001  0.018  0.026  0.276
   2.31433     21.120093  0.060  0.078  0.033  0.033  0.015  0.027  0.015  0.012  0.037  0.315
   2.28124     21.093779  0.063  0.065  0.035  0.047  0.007  0.012  0.065  0.016  0.038  0.346
   2.24815     21.149277  0.046  0.041  0.028  0.070  0.005  0.003  0.141  0.014  0.018  0.364
   2.21505     21.336078  0.026  0.030  0.024  0.086  0.013  0.020  0.131  0.008  0.005  0.341
   2.18196     21.530009  0.017  0.030  0.027  0.091  0.015  0.027  0.102  0.007  0.002  0.321
   2.14887     21.681588  0.013  0.032  0.039  0.091  0.017  0.032  0.074  0.008  0.001  0.307
   2.11578     21.767758  0.014  0.033  0.055  0.087  0.018  0.037  0.046  0.009  0.003  0.303
   2.08269     21.782249  0.018  0.034  0.074  0.079  0.017  0.043  0.023  0.009  0.007  0.305
   2.04960     21.739120  0.026  0.035  0.087  0.069  0.018  0.049  0.008  0.009  0.011  0.313
   2.01651     21.664365  0.036  0.037  0.092  0.058  0.018  0.056  0.001  0.008  0.017  0.323
   1.98342     21.583705  0.046  0.038  0.091  0.048  0.020  0.059  0.002  0.009  0.021  0.332
   1.95033     21.519944  0.054  0.038  0.083  0.039  0.022  0.059  0.011  0.011  0.026  0.342
   1.91723     21.495906  0.059  0.041  0.074  0.031  0.023  0.054  0.027  0.015  0.027  0.351
   1.88414     21.527503  0.061  0.042  0.067  0.024  0.023  0.049  0.046  0.020  0.026  0.357
   1.85105     21.614396  0.064  0.041  0.058  0.021  0.023  0.043  0.061  0.024  0.024  0.359
   1.81796     21.745589  0.065  0.041  0.053  0.018  0.022  0.037  0.074  0.029  0.020  0.361
   1.78487     21.908928  0.069  0.042  0.049  0.015  0.018  0.031  0.084  0.038  0.015  0.362
   1.75178     22.101084  0.052  0.027  0.033  0.016  0.062  0.029  0.053  0.007  0.057  0.334
   1.71869     22.305437  0.061  0.036  0.038  0.010  0.033  0.028  0.080  0.026  0.031  0.344
   1.68560     22.522878  0.060  0.040  0.037  0.009  0.027  0.027  0.086  0.030  0.026  0.341
   1.65250     22.741526  0.055  0.051  0.036  0.007  0.021  0.032  0.085  0.022  0.023  0.333
   1.61941     22.919721  0.038  0.094  0.030  0.005  0.016  0.053  0.064  0.023  0.020  0.345
   1.58632     23.044328  0.035  0.117  0.024  0.014  0.007  0.055  0.035  0.068  0.018  0.374
   1.55323     23.196240  0.034  0.115  0.025  0.024  0.001  0.046  0.027  0.081  0.018  0.368
   1.52014     23.369886  0.029  0.111  0.024  0.034  0.001  0.037  0.024  0.082  0.017  0.357
   1.48705     23.546408  0.027  0.105  0.025  0.042  0.004  0.031  0.021  0.078  0.015  0.348
   1.45396     23.714606  0.026  0.099  0.026  0.050  0.009  0.028  0.018  0.073  0.014  0.342
   1.42087     23.865465  0.025  0.088  0.029  0.055  0.014  0.029  0.015  0.065  0.015  0.335
   1.38778     23.970018  0.040  0.052  0.057  0.053  0.021  0.037  0.009  0.040  0.029  0.341
   1.35468     23.888330  0.071  0.010  0.094  0.013  0.054  0.038  0.004  0.028  0.059  0.372
   1.32159     23.759075  0.076  0.011  0.092  0.004  0.070  0.036  0.003  0.031  0.063  0.387
   1.28850     23.708608  0.078  0.010  0.092  0.000  0.075  0.036  0.003  0.033  0.063  0.393
   1.28850     23.708608  0.078  0.010  0.092  0.000  0.075  0.036  0.003  0.033  0.063  0.393
   1.25546     23.741414  0.077  0.010  0.090  0.001  0.075  0.036  0.004  0.034  0.065  0.394
   1.22243     23.827855  0.073  0.013  0.088  0.006  0.073  0.035  0.005  0.040  0.069  0.403
   1.18939     23.918819  0.057  0.028  0.069  0.033  0.066  0.034  0.009  0.050  0.070  0.412
   1.15635     23.874145  0.026  0.054  0.027  0.085  0.032  0.042  0.013  0.029  0.037  0.344
   1.12331     23.735393  0.023  0.052  0.021  0.097  0.015  0.053  0.015  0.018  0.025  0.319
   1.09027     23.570312  0.022  0.046  0.019  0.103  0.008  0.062  0.017  0.016  0.020  0.313
   1.05723     23.393221  0.024  0.038  0.018  0.107  0.002  0.070  0.021  0.018  0.018  0.315
   1.02419     23.215545  0.028  0.030  0.017  0.108  0.002  0.073  0.026  0.022  0.013  0.318
   0.99116     23.056985  0.030  0.020  0.018  0.108  0.006  0.059  0.036  0.027  0.009  0.313
   0.95812     22.932653  0.040  0.021  0.024  0.088  0.014  0.012  0.055  0.028  0.006  0.288
   0.92508     22.775801  0.063  0.030  0.031  0.059  0.008  0.029  0.059  0.021  0.009  0.310
   0.89204     22.585502  0.078  0.036  0.031  0.047  0.003  0.060  0.056  0.019  0.009  0.342
   0.85900     22.403953  0.087  0.043  0.031  0.043  0.002  0.085  0.048  0.021  0.007  0.367
   0.82596     22.243554  0.090  0.047  0.028  0.041  0.007  0.105  0.035  0.025  0.009  0.386
   0.79292     22.065347  0.076  0.036  0.026  0.038  0.017  0.115  0.025  0.024  0.016  0.374
   0.75989     21.798131  0.047  0.019  0.036  0.034  0.019  0.096  0.022  0.030  0.017  0.320
   0.72685     21.609320  0.039  0.022  0.058  0.052  0.044  0.005  0.026  0.060  0.040  0.346
   0.69381     21.557095  0.040  0.027  0.060  0.053  0.048  0.000  0.014  0.059  0.037  0.341
   0.66077     21.556060  0.041  0.031  0.070  0.053  0.044  0.001  0.005  0.059  0.028  0.332
   0.62773     21.589721  0.041  0.034  0.077  0.049  0.039  0.005  0.001  0.052  0.019  0.320
   0.59469     21.648942  0.038  0.040  0.083  0.049  0.034  0.010  0.001  0.042  0.011  0.308
   0.56165     21.730737  0.033  0.046  0.086  0.048  0.031  0.017  0.003  0.030  0.006  0.304
   0.52862     21.823172  0.029  0.055  0.082  0.053  0.033  0.022  0.008  0.019  0.002  0.304
   0.49558     21.898941  0.023  0.063  0.073  0.058  0.035  0.025  0.016  0.010  0.001  0.304
   0.46254     21.923862  0.021  0.069  0.057  0.063  0.039  0.023  0.027  0.004  0.000  0.303
   0.42950     21.878651  0.022  0.072  0.043  0.064  0.040  0.019  0.038  0.001  0.000  0.299
   0.39646     21.771578  0.027  0.069  0.036  0.064  0.037  0.016  0.046  0.000  0.000  0.297
   0.36342     21.627755  0.033  0.066  0.035  0.065  0.031  0.012  0.051  0.001  0.002  0.298
   0.33039     21.479226  0.041  0.061  0.036  0.067  0.019  0.009  0.051  0.005  0.005  0.297
   0.29735     21.367203  0.047  0.055  0.039  0.072  0.008  0.006  0.041  0.014  0.010  0.292
   0.26431     21.331380  0.045  0.040  0.039  0.078  0.011  0.002  0.020  0.022  0.017  0.274
   0.23127     21.414061  0.035  0.013  0.028  0.082  0.024  0.015  0.003  0.010  0.025  0.234
   0.19823     21.595434  0.032  0.013  0.030  0.083  0.017  0.024  0.002  0.003  0.029  0.232
   0.16519     21.752556  0.034  0.022  0.036  0.081  0.007  0.018  0.016  0.001  0.035  0.254
   0.13215     21.899396  0.033  0.037  0.037  0.070  0.004  0.013  0.036  0.001  0.043  0.273
   0.09912     22.079923  0.027  0.053  0.034  0.058  0.002  0.010  0.048  0.001  0.046  0.279
   0.06608     22.284716  0.022  0.066  0.030  0.052  0.001  0.007  0.044  0.000  0.038  0.262
   0.03304     22.468204  0.016  0.078  0.029  0.052  0.001  0.003  0.022  0.000  0.018  0.219
   0.00000     22.550413  0.012  0.085  0.029  0.054  0.000  0.000  0.000  0.000  0.000  0.183
 
# Band-Index:   41
   0.00000     23.237062  0.032  0.000  0.004  0.004  0.021  0.048  0.386  0.022  0.235  0.751
   0.03304     23.288449  0.030  0.003  0.005  0.008  0.024  0.048  0.363  0.022  0.214  0.718
   0.06608     23.372676  0.030  0.007  0.006  0.013  0.043  0.052  0.323  0.016  0.177  0.665
   0.09912     23.258444  0.015  0.008  0.011  0.021  0.064  0.062  0.097  0.022  0.046  0.344
   0.13215     22.980746  0.014  0.007  0.015  0.022  0.063  0.054  0.062  0.029  0.023  0.292
   0.16519     22.745677  0.017  0.008  0.024  0.030  0.064  0.044  0.062  0.029  0.021  0.299
   0.19823     22.623651  0.023  0.010  0.037  0.051  0.059  0.030  0.061  0.027  0.024  0.319
   0.23127     22.640952  0.026  0.016  0.049  0.073  0.048  0.018  0.055  0.023  0.026  0.335
   0.26431     22.757680  0.027  0.025  0.054  0.090  0.039  0.013  0.051  0.023  0.024  0.346
   0.29735     22.924400  0.027  0.036  0.058  0.099  0.032  0.011  0.048  0.027  0.022  0.358
   0.33039     23.100505  0.025  0.044  0.068  0.104  0.021  0.013  0.041  0.031  0.017  0.362
   0.36342     23.231626  0.022  0.044  0.087  0.099  0.009  0.018  0.027  0.031  0.010  0.347
   0.39646     23.243562  0.020  0.036  0.110  0.077  0.001  0.023  0.010  0.025  0.004  0.306
   0.42950     23.145537  0.023  0.028  0.112  0.060  0.002  0.020  0.004  0.020  0.002  0.269
   0.46254     23.014434  0.024  0.025  0.096  0.056  0.004  0.015  0.007  0.016  0.002  0.240
   0.49558     22.884900  0.022  0.028  0.070  0.061  0.007  0.008  0.009  0.012  0.003  0.220
   0.52862     22.749251  0.023  0.031  0.047  0.068  0.010  0.006  0.008  0.008  0.003  0.204
   0.56165     22.594167  0.023  0.036  0.033  0.074  0.010  0.007  0.004  0.007  0.005  0.196
   0.59469     22.428443  0.024  0.040  0.023  0.075  0.010  0.008  0.000  0.009  0.005  0.197
   0.62773     22.282365  0.027  0.042  0.017  0.076  0.008  0.010  0.000  0.016  0.005  0.200
   0.66077     22.191207  0.030  0.045  0.011  0.069  0.007  0.010  0.002  0.029  0.004  0.208
   0.69381     22.172132  0.031  0.048  0.008  0.060  0.009  0.010  0.004  0.046  0.003  0.220
   0.72685     22.217024  0.026  0.054  0.010  0.047  0.010  0.009  0.005  0.061  0.004  0.225
   0.75989     22.318843  0.017  0.053  0.013  0.030  0.009  0.005  0.008  0.068  0.007  0.208
   0.79292     22.510823  0.004  0.044  0.018  0.011  0.004  0.007  0.009  0.060  0.013  0.169
   0.82596     22.815735  0.001  0.034  0.021  0.002  0.001  0.024  0.011  0.052  0.019  0.169
   0.85900     23.158157  0.018  0.035  0.023  0.007  0.002  0.044  0.009  0.073  0.019  0.230
   0.89204     23.403018  0.067  0.021  0.016  0.078  0.040  0.084  0.004  0.126  0.007  0.443
   0.92508     23.416504  0.052  0.008  0.009  0.085  0.074  0.259  0.001  0.016  0.032  0.538
   0.95812     23.302718  0.078  0.022  0.012  0.049  0.027  0.324  0.005  0.005  0.031  0.551
   0.99116     23.415372  0.089  0.027  0.020  0.033  0.007  0.274  0.017  0.003  0.023  0.492
   1.02419     23.627203  0.083  0.027  0.022  0.029  0.005  0.241  0.022  0.006  0.019  0.454
   1.05723     23.855193  0.077  0.029  0.023  0.027  0.007  0.229  0.021  0.009  0.016  0.438
   1.09027     24.069254  0.071  0.030  0.026  0.023  0.012  0.222  0.018  0.016  0.014  0.431
   1.12331     24.224529  0.099  0.007  0.054  0.021  0.002  0.181  0.013  0.014  0.039  0.430
   1.15635     24.156926  0.082  0.018  0.055  0.017  0.031  0.060  0.002  0.039  0.040  0.343
   1.18939     24.109767  0.042  0.051  0.022  0.061  0.013  0.050  0.001  0.003  0.004  0.248
   1.22243     24.180787  0.024  0.074  0.008  0.080  0.015  0.034  0.002  0.008  0.001  0.245
   1.25546     24.254164  0.021  0.087  0.007  0.080  0.010  0.015  0.001  0.007  0.001  0.230
   1.28850     24.285999  0.020  0.098  0.007  0.078  0.000  0.000  0.000  0.000  0.000  0.204
   1.28850     24.285999  0.020  0.098  0.007  0.078  0.000  0.000  0.000  0.000  0.000  0.204
   1.32159     24.249739  0.019  0.095  0.006  0.070  0.017  0.008  0.002  0.029  0.002  0.250
   1.35468     24.173852  0.024  0.097  0.005  0.056  0.031  0.011  0.005  0.062  0.004  0.295
   1.38778     24.171906  0.054  0.060  0.040  0.009  0.045  0.013  0.004  0.074  0.032  0.335
   1.42087     24.325276  0.063  0.025  0.039  0.021  0.047  0.021  0.013  0.159  0.042  0.431
   1.45396     24.236270  0.042  0.014  0.012  0.045  0.057  0.037  0.023  0.183  0.012  0.424
   1.48705     24.054923  0.052  0.018  0.013  0.038  0.045  0.021  0.033  0.179  0.010  0.408
   1.52014     23.829345  0.062  0.023  0.014  0.029  0.040  0.010  0.042  0.172  0.010  0.405
   1.55323     23.583216  0.071  0.027  0.014  0.025  0.043  0.006  0.047  0.166  0.011  0.408
   1.58632     23.339972  0.075  0.035  0.013  0.021  0.051  0.005  0.044  0.172  0.011  0.426
   1.61941     23.150942  0.072  0.065  0.006  0.016  0.079  0.016  0.020  0.195  0.006  0.475
   1.65250     23.117055  0.044  0.102  0.002  0.018  0.116  0.041  0.002  0.146  0.001  0.470
   1.68560     23.101615  0.020  0.082  0.008  0.027  0.108  0.056  0.004  0.072  0.005  0.384
   1.71869     22.921465  0.009  0.036  0.016  0.035  0.056  0.084  0.005  0.029  0.014  0.285
   1.75178     22.676732  0.014  0.010  0.018  0.044  0.021  0.118  0.003  0.017  0.021  0.267
   1.78487     22.547849  0.023  0.008  0.013  0.054  0.017  0.137  0.001  0.010  0.025  0.289
   1.81796     22.499236  0.027  0.018  0.011  0.052  0.023  0.124  0.001  0.007  0.020  0.283
   1.85105     22.457253  0.031  0.031  0.010  0.049  0.023  0.103  0.002  0.006  0.012  0.265
   1.88414     22.424956  0.034  0.037  0.009  0.042  0.020  0.079  0.003  0.007  0.009  0.243
   1.91723     22.427292  0.039  0.041  0.013  0.039  0.015  0.056  0.003  0.010  0.006  0.220
   1.95033     22.489214  0.040  0.041  0.016  0.034  0.010  0.036  0.002  0.015  0.005  0.202
   1.98342     22.623368  0.040  0.041  0.022  0.032  0.006  0.021  0.001  0.018  0.005  0.186
   2.01651     22.819978  0.038  0.040  0.034  0.030  0.002  0.013  0.000  0.018  0.004  0.177
   2.04960     23.047928  0.035  0.042  0.051  0.027  0.001  0.008  0.001  0.014  0.002  0.180
   2.08269     23.262716  0.032  0.046  0.074  0.028  0.002  0.009  0.001  0.010  0.000  0.202
   2.11578     23.408767  0.025  0.062  0.088  0.038  0.006  0.022  0.003  0.017  0.002  0.261
   2.14887     23.341278  0.013  0.084  0.039  0.063  0.002  0.062  0.075  0.041  0.029  0.409
   2.18196     23.114439  0.014  0.083  0.030  0.059  0.004  0.057  0.105  0.046  0.045  0.442
   2.21505     22.877812  0.016  0.082  0.031  0.050  0.004  0.044  0.110  0.048  0.052  0.438
   2.24815     22.658291  0.016  0.084  0.032  0.043  0.003  0.031  0.112  0.050  0.058  0.428
   2.28124     22.470067  0.018  0.083  0.033  0.034  0.003  0.018  0.112  0.048  0.066  0.416
   2.31433     22.328104  0.021  0.079  0.036  0.022  0.003  0.009  0.111  0.045  0.073  0.398
   2.34742     22.253450  0.022  0.065  0.034  0.015  0.005  0.008  0.109  0.040  0.074  0.374
   2.38051     22.280463  0.021  0.042  0.029  0.012  0.007  0.014  0.110  0.037  0.064  0.341
   2.41360     22.432045  0.021  0.023  0.020  0.014  0.009  0.026  0.108  0.039  0.048  0.307
   2.44669     22.678189  0.018  0.013  0.013  0.015  0.010  0.038  0.105  0.044  0.035  0.292
   2.47978     22.966801  0.017  0.008  0.008  0.015  0.009  0.052  0.104  0.053  0.026  0.295
   2.51287     23.255880  0.020  0.005  0.006  0.012  0.008  0.070  0.108  0.066  0.021  0.315
   2.54597     23.500790  0.027  0.001  0.002  0.007  0.006  0.096  0.121  0.083  0.019  0.362
   2.57906     23.611839  0.032  0.000  0.000  0.000  0.004  0.119  0.135  0.096  0.018  0.406
 
# Band-Index:   42
   2.57906     24.234109  0.000  0.013  0.008  0.034  0.000  0.000  0.000  0.000  0.000  0.054
   2.54597     24.287097  0.014  0.010  0.007  0.026  0.010  0.025  0.016  0.007  0.004  0.119
   2.51287     24.348326  0.036  0.009  0.009  0.016  0.056  0.056  0.036  0.011  0.012  0.240
   2.47978     24.331257  0.046  0.011  0.016  0.010  0.134  0.062  0.056  0.013  0.015  0.364
   2.44669     24.240695  0.045  0.016  0.027  0.008  0.199  0.050  0.076  0.020  0.014  0.453
   2.41360     24.116435  0.037  0.016  0.037  0.008  0.231  0.036  0.088  0.029  0.014  0.498
   2.38051     24.000133  0.033  0.016  0.048  0.010  0.242  0.025  0.089  0.035  0.014  0.515
   2.34742     23.922561  0.030  0.015  0.065  0.011  0.239  0.019  0.080  0.038  0.016  0.514
   2.31433     23.894439  0.025  0.014  0.083  0.010  0.224  0.015  0.061  0.039  0.021  0.494
   2.28124     23.897378  0.022  0.011  0.103  0.011  0.196  0.012  0.038  0.037  0.029  0.462
   2.24815     23.890761  0.018  0.009  0.126  0.014  0.157  0.010  0.018  0.034  0.037  0.424
   2.21505     23.844135  0.020  0.008  0.143  0.016  0.118  0.008  0.014  0.029  0.039  0.395
   2.18196     23.761110  0.024  0.005  0.147  0.018  0.084  0.007  0.026  0.023  0.039  0.375
   2.14887     23.675032  0.030  0.003  0.127  0.021  0.060  0.016  0.065  0.018  0.045  0.382
   2.11578     23.731103  0.021  0.028  0.049  0.055  0.035  0.068  0.142  0.035  0.062  0.493
   2.08269     23.960733  0.012  0.049  0.026  0.073  0.023  0.093  0.133  0.047  0.052  0.508
   2.04960     24.202378  0.005  0.060  0.020  0.089  0.015  0.094  0.095  0.072  0.034  0.484
   2.01651     24.390285  0.003  0.071  0.025  0.103  0.006  0.056  0.038  0.115  0.018  0.434
   1.98342     24.482502  0.015  0.077  0.027  0.111  0.008  0.013  0.015  0.130  0.020  0.416
   1.95033     24.439241  0.042  0.075  0.020  0.106  0.017  0.003  0.007  0.111  0.032  0.414
   1.91723     24.268597  0.065  0.077  0.015  0.091  0.026  0.010  0.004  0.084  0.042  0.413
   1.88414     24.046928  0.082  0.081  0.014  0.075  0.033  0.013  0.003  0.068  0.048  0.418
   1.85105     23.826156  0.094  0.091  0.015  0.062  0.041  0.012  0.003  0.061  0.050  0.424
   1.81796     23.640063  0.101  0.104  0.014  0.046  0.050  0.011  0.002  0.057  0.046  0.431
   1.78487     23.516714  0.098  0.119  0.014  0.030  0.061  0.014  0.002  0.056  0.037  0.431
   1.75178     23.468985  0.086  0.124  0.014  0.020  0.072  0.027  0.002  0.058  0.025  0.429
   1.71869     23.490129  0.070  0.110  0.017  0.019  0.070  0.048  0.001  0.061  0.020  0.415
   1.68560     23.602852  0.051  0.064  0.020  0.034  0.037  0.085  0.003  0.046  0.024  0.366
   1.65250     23.812566  0.045  0.039  0.021  0.051  0.019  0.133  0.005  0.021  0.026  0.362
   1.61941     24.013985  0.055  0.043  0.014  0.058  0.023  0.184  0.007  0.011  0.020  0.415
   1.58632     24.176295  0.064  0.051  0.012  0.055  0.036  0.218  0.009  0.008  0.012  0.462
   1.55323     24.317362  0.071  0.055  0.010  0.046  0.046  0.237  0.011  0.010  0.008  0.493
   1.52014     24.443916  0.080  0.058  0.011  0.036  0.051  0.241  0.014  0.016  0.005  0.508
   1.48705     24.538687  0.090  0.052  0.022  0.022  0.036  0.208  0.015  0.028  0.006  0.480
   1.45396     24.525199  0.089  0.035  0.051  0.007  0.014  0.113  0.006  0.031  0.020  0.366
   1.42087     24.397988  0.043  0.017  0.036  0.033  0.063  0.094  0.002  0.045  0.004  0.335
   1.38778     24.435559  0.028  0.013  0.008  0.054  0.105  0.098  0.006  0.136  0.006  0.451
   1.35468     24.453536  0.026  0.015  0.004  0.051  0.125  0.105  0.005  0.151  0.009  0.492
   1.32159     24.443186  0.028  0.013  0.005  0.045  0.148  0.112  0.005  0.177  0.012  0.544
   1.28850     24.430530  0.027  0.010  0.004  0.039  0.168  0.122  0.007  0.204  0.013  0.594
   1.28850     24.430530  0.027  0.010  0.004  0.039  0.168  0.122  0.007  0.204  0.013  0.594
   1.25546     24.440934  0.026  0.020  0.004  0.038  0.152  0.110  0.006  0.193  0.010  0.561
   1.22243     24.450535  0.027  0.030  0.007  0.035  0.128  0.106  0.006  0.179  0.006  0.522
   1.18939     24.434460  0.028  0.035  0.008  0.030  0.103  0.117  0.006  0.158  0.004  0.489
   1.15635     24.374651  0.032  0.040  0.010  0.024  0.077  0.135  0.007  0.128  0.002  0.455
   1.12331     24.277105  0.034  0.046  0.007  0.020  0.080  0.043  0.004  0.176  0.011  0.422
   1.09027     24.275678  0.076  0.030  0.018  0.038  0.052  0.018  0.010  0.231  0.026  0.497
   1.05723     24.204543  0.075  0.035  0.009  0.056  0.050  0.013  0.014  0.271  0.011  0.536
   1.02419     24.077691  0.075  0.040  0.005  0.067  0.047  0.008  0.015  0.273  0.003  0.534
   0.99116     23.927908  0.077  0.044  0.006  0.073  0.041  0.005  0.015  0.256  0.001  0.518
   0.95812     23.776364  0.079  0.050  0.010  0.071  0.030  0.001  0.015  0.238  0.003  0.499
   0.92508     23.663339  0.075  0.080  0.014  0.037  0.007  0.013  0.012  0.205  0.022  0.466
   0.89204     23.624524  0.018  0.025  0.012  0.068  0.033  0.013  0.028  0.005  0.020  0.222
   0.85900     23.420767  0.092  0.014  0.010  0.138  0.055  0.026  0.027  0.054  0.008  0.423
   0.82596     23.358583  0.118  0.025  0.016  0.137  0.055  0.038  0.023  0.058  0.014  0.482
   0.79292     23.385647  0.128  0.036  0.023  0.126  0.059  0.048  0.021  0.040  0.023  0.505
   0.75989     23.497270  0.126  0.050  0.028  0.113  0.067  0.055  0.022  0.025  0.032  0.517
   0.72685     23.677704  0.115  0.063  0.031  0.100  0.076  0.061  0.022  0.016  0.039  0.523
   0.69381     23.901042  0.097  0.075  0.036  0.090  0.082  0.064  0.023  0.012  0.041  0.523
   0.66077     24.137642  0.075  0.086  0.044  0.083  0.082  0.069  0.026  0.014  0.039  0.519
   0.62773     24.350613  0.052  0.094  0.052  0.075  0.070  0.072  0.035  0.021  0.035  0.509
   0.59469     24.491643  0.024  0.093  0.064  0.069  0.040  0.068  0.052  0.039  0.030  0.479
   0.56165     24.533020  0.006  0.080  0.066  0.064  0.011  0.049  0.070  0.060  0.024  0.430
   0.52862     24.500768  0.001  0.069  0.056  0.064  0.005  0.027  0.077  0.070  0.020  0.392
   0.49558     24.411344  0.006  0.062  0.044  0.065  0.022  0.012  0.079  0.068  0.020  0.378
   0.46254     24.269562  0.011  0.056  0.040  0.065  0.042  0.006  0.077  0.062  0.020  0.378
   0.42950     24.102846  0.015  0.047  0.045  0.055  0.058  0.004  0.073  0.053  0.021  0.371
   0.39646     23.960458  0.014  0.033  0.059  0.034  0.072  0.006  0.065  0.039  0.022  0.345
   0.36342     23.905009  0.012  0.021  0.080  0.012  0.079  0.012  0.058  0.022  0.020  0.318
   0.33039     23.906608  0.016  0.018  0.070  0.007  0.083  0.017  0.090  0.012  0.024  0.339
   0.29735     23.861513  0.022  0.019  0.041  0.010  0.083  0.024  0.162  0.009  0.041  0.412
   0.26431     23.773426  0.028  0.017  0.023  0.010  0.079  0.031  0.217  0.010  0.058  0.473
   0.23127     23.690379  0.031  0.014  0.014  0.011  0.074  0.036  0.250  0.015  0.071  0.515
   0.19823     23.632480  0.032  0.011  0.009  0.008  0.067  0.039  0.271  0.023  0.085  0.544
   0.16519     23.595521  0.033  0.010  0.004  0.007  0.057  0.041  0.281  0.033  0.100  0.567
   0.13215     23.562238  0.034  0.010  0.004  0.006  0.043  0.040  0.285  0.041  0.115  0.576
   0.09912     23.522390  0.031  0.010  0.003  0.004  0.024  0.038  0.254  0.054  0.111  0.531
   0.06608     23.630374  0.017  0.014  0.006  0.008  0.031  0.052  0.036  0.060  0.006  0.229
   0.03304     23.911815  0.017  0.012  0.004  0.010  0.041  0.064  0.018  0.057  0.001  0.225
   0.00000     24.134575  0.032  0.000  0.000  0.004  0.068  0.106  0.024  0.088  0.002  0.324
 
# Band-Index:   43
   0.00000     24.251898  0.000  0.033  0.007  0.013  0.000  0.000  0.000  0.000  0.000  0.055
   0.03304     24.435192  0.017  0.020  0.006  0.010  0.023  0.039  0.005  0.032  0.001  0.150
   0.06608     24.609247  0.026  0.014  0.008  0.008  0.020  0.038  0.003  0.034  0.002  0.155
   0.09912     24.711349  0.040  0.010  0.017  0.007  0.012  0.030  0.003  0.028  0.006  0.156
   0.13215     24.736697  0.052  0.006  0.032  0.013  0.009  0.023  0.006  0.019  0.012  0.175
   0.16519     24.710633  0.056  0.005  0.050  0.017  0.009  0.022  0.011  0.012  0.019  0.200
   0.19823     24.661256  0.050  0.003  0.067  0.017  0.010  0.024  0.018  0.007  0.025  0.225
   0.23127     24.598940  0.042  0.003  0.084  0.014  0.010  0.029  0.029  0.007  0.032  0.248
   0.26431     24.527220  0.033  0.004  0.094  0.010  0.007  0.037  0.050  0.007  0.039  0.281
   0.29735     24.463606  0.028  0.007  0.088  0.007  0.003  0.047  0.093  0.008  0.050  0.331
   0.33039     24.460619  0.028  0.013  0.059  0.009  0.002  0.052  0.155  0.008  0.064  0.394
   0.36342     24.558151  0.030  0.022  0.032  0.014  0.008  0.051  0.188  0.008  0.065  0.418
   0.39646     24.720971  0.030  0.030  0.017  0.018  0.012  0.048  0.182  0.008  0.060  0.405
   0.42950     24.905692  0.030  0.040  0.008  0.021  0.016  0.051  0.157  0.010  0.050  0.382
   0.46254     25.056139  0.031  0.059  0.006  0.026  0.035  0.074  0.087  0.006  0.028  0.352
   0.49558     25.062803  0.037  0.061  0.038  0.023  0.073  0.080  0.016  0.000  0.009  0.339
   0.52862     25.037214  0.047  0.051  0.043  0.031  0.100  0.059  0.016  0.003  0.007  0.358
   0.56165     25.033817  0.054  0.036  0.033  0.041  0.106  0.034  0.032  0.013  0.005  0.354
   0.59469     25.044282  0.050  0.019  0.030  0.048  0.084  0.011  0.054  0.034  0.007  0.336
   0.62773     25.096948  0.039  0.009  0.034  0.054  0.054  0.001  0.073  0.053  0.015  0.329
   0.66077     25.190190  0.031  0.008  0.037  0.054  0.039  0.000  0.083  0.060  0.024  0.337
   0.69381     25.294095  0.024  0.008  0.039  0.052  0.038  0.000  0.083  0.058  0.040  0.346
   0.72685     25.364428  0.021  0.013  0.040  0.043  0.050  0.003  0.077  0.050  0.069  0.366
   0.75989     25.309005  0.017  0.031  0.039  0.023  0.071  0.030  0.058  0.037  0.112  0.416
   0.79292     25.051695  0.019  0.055  0.031  0.010  0.076  0.083  0.035  0.029  0.125  0.462
   0.82596     24.676287  0.024  0.068  0.025  0.011  0.068  0.119  0.023  0.031  0.112  0.481
   0.85900     24.267730  0.034  0.074  0.020  0.015  0.057  0.142  0.018  0.039  0.097  0.495
   0.89204     23.886256  0.056  0.075  0.016  0.018  0.034  0.149  0.023  0.063  0.081  0.516
   0.92508     23.983953  0.025  0.024  0.015  0.047  0.015  0.030  0.044  0.001  0.036  0.236
   0.95812     24.311681  0.020  0.029  0.016  0.042  0.022  0.027  0.046  0.001  0.040  0.243
   0.99116     24.594063  0.021  0.031  0.018  0.046  0.042  0.026  0.048  0.000  0.048  0.280
   1.02419     24.786593  0.023  0.033  0.024  0.048  0.077  0.025  0.045  0.002  0.055  0.334
   1.05723     24.866057  0.024  0.031  0.036  0.049  0.115  0.026  0.039  0.021  0.051  0.393
   1.09027     24.887482  0.025  0.032  0.037  0.057  0.141  0.033  0.038  0.082  0.031  0.478
   1.12331     24.945222  0.032  0.035  0.025  0.072  0.149  0.060  0.044  0.166  0.011  0.591
   1.15635     25.070735  0.041  0.037  0.014  0.076  0.145  0.108  0.049  0.207  0.002  0.677
   1.18939     25.234724  0.048  0.040  0.008  0.071  0.139  0.158  0.052  0.213  0.000  0.730
   1.22243     25.396496  0.050  0.043  0.005  0.062  0.139  0.201  0.055  0.215  0.001  0.770
   1.25546     25.516897  0.050  0.046  0.002  0.055  0.143  0.231  0.056  0.220  0.001  0.804
   1.28850     25.562000  0.049  0.048  0.002  0.052  0.144  0.242  0.057  0.223  0.001  0.820
   1.28850     25.562000  0.049  0.048  0.002  0.052  0.144  0.242  0.057  0.223  0.001  0.820
   1.32159     25.522779  0.051  0.051  0.002  0.051  0.145  0.238  0.056  0.211  0.001  0.806
   1.35468     25.415178  0.053  0.056  0.003  0.047  0.145  0.226  0.055  0.183  0.002  0.771
   1.38778     25.265207  0.050  0.062  0.005  0.042  0.151  0.218  0.053  0.142  0.005  0.729
   1.42087     25.111248  0.043  0.065  0.009  0.041  0.162  0.209  0.047  0.095  0.010  0.682
   1.45396     25.021160  0.022  0.056  0.030  0.041  0.166  0.163  0.032  0.052  0.025  0.588
   1.48705     25.091197  0.014  0.034  0.064  0.033  0.125  0.071  0.012  0.038  0.037  0.429
   1.52014     25.241230  0.022  0.030  0.066  0.029  0.081  0.033  0.005  0.050  0.030  0.345
   1.55323     25.231852  0.028  0.046  0.029  0.034  0.032  0.026  0.012  0.049  0.030  0.285
   1.58632     25.017555  0.036  0.047  0.016  0.030  0.010  0.033  0.017  0.040  0.033  0.265
   1.61941     24.791933  0.050  0.048  0.012  0.030  0.004  0.055  0.017  0.042  0.029  0.287
   1.65250     24.670778  0.065  0.044  0.009  0.041  0.002  0.088  0.014  0.051  0.025  0.341
   1.68560     24.740201  0.069  0.032  0.008  0.061  0.010  0.111  0.012  0.061  0.028  0.396
   1.71869     24.997154  0.058  0.023  0.011  0.078  0.031  0.117  0.011  0.063  0.032  0.425
   1.75178     25.358826  0.043  0.019  0.016  0.081  0.050  0.128  0.015  0.044  0.036  0.433
   1.78487     25.606589  0.023  0.041  0.028  0.047  0.038  0.147  0.030  0.010  0.025  0.385
   1.81796     25.540614  0.019  0.059  0.029  0.028  0.016  0.129  0.031  0.039  0.011  0.361
   1.85105     25.408842  0.019  0.063  0.030  0.027  0.008  0.134  0.033  0.045  0.007  0.365
   1.88414     25.269483  0.020  0.062  0.030  0.025  0.006  0.146  0.035  0.042  0.004  0.371
   1.91723     25.136901  0.025  0.056  0.030  0.025  0.007  0.168  0.039  0.029  0.001  0.382
   1.95033     25.024598  0.033  0.041  0.023  0.030  0.015  0.203  0.060  0.009  0.001  0.416
   1.98342     24.889271  0.034  0.012  0.030  0.055  0.049  0.173  0.135  0.004  0.029  0.519
   2.01651     24.681319  0.032  0.002  0.052  0.053  0.066  0.084  0.151  0.030  0.054  0.525
   2.04960     24.532848  0.030  0.003  0.064  0.052  0.062  0.024  0.098  0.080  0.050  0.465
   2.08269     24.510707  0.025  0.004  0.059  0.053  0.055  0.008  0.052  0.116  0.041  0.413
   2.11578     24.625758  0.019  0.001  0.045  0.050  0.047  0.005  0.026  0.131  0.033  0.361
   2.14887     24.859935  0.015  0.002  0.033  0.047  0.035  0.006  0.013  0.130  0.026  0.306
   2.18196     24.920991  0.042  0.053  0.028  0.037  0.063  0.002  0.082  0.028  0.019  0.351
   2.21505     24.798266  0.045  0.049  0.034  0.039  0.068  0.001  0.088  0.028  0.019  0.372
   2.24815     24.700094  0.046  0.043  0.039  0.042  0.061  0.003  0.087  0.025  0.024  0.370
   2.28124     24.643896  0.049  0.036  0.044  0.041  0.048  0.004  0.078  0.022  0.032  0.358
   2.31433     24.625256  0.053  0.033  0.045  0.039  0.037  0.007  0.065  0.023  0.040  0.341
   2.34742     24.629098  0.061  0.028  0.039  0.036  0.031  0.009  0.058  0.028  0.046  0.336
   2.38051     24.646685  0.070  0.023  0.031  0.032  0.032  0.009  0.056  0.035  0.050  0.340
   2.41360     24.676741  0.079  0.014  0.023  0.031  0.045  0.009  0.062  0.043  0.054  0.358
   2.44669     24.721392  0.085  0.007  0.016  0.027  0.078  0.007  0.074  0.051  0.055  0.400
   2.47978     24.781164  0.087  0.002  0.010  0.021  0.145  0.008  0.090  0.057  0.053  0.472
   2.51287     24.845724  0.087  0.000  0.009  0.013  0.228  0.019  0.099  0.053  0.047  0.555
   2.54597     24.892938  0.090  0.000  0.008  0.005  0.285  0.032  0.100  0.048  0.044  0.612
   2.57906     24.908784  0.098  0.000  0.010  0.002  0.287  0.036  0.100  0.052  0.048  0.629
 
# Band-Index:   44
   2.57906     24.973802  0.122  0.002  0.008  0.014  0.150  0.023  0.011  0.100  0.095  0.527
   2.54597     24.998269  0.116  0.008  0.013  0.018  0.128  0.016  0.015  0.111  0.091  0.514
   2.51287     25.077734  0.087  0.019  0.017  0.026  0.104  0.014  0.019  0.119  0.070  0.473
   2.47978     25.204550  0.055  0.032  0.021  0.034  0.074  0.028  0.020  0.113  0.047  0.423
   2.44669     25.340578  0.038  0.042  0.020  0.042  0.048  0.055  0.020  0.103  0.031  0.400
   2.41360     25.451768  0.035  0.047  0.020  0.047  0.034  0.086  0.018  0.093  0.022  0.401
   2.38051     25.527968  0.033  0.050  0.025  0.049  0.031  0.106  0.016  0.086  0.016  0.415
   2.34742     25.575447  0.036  0.056  0.029  0.047  0.031  0.113  0.016  0.083  0.013  0.426
   2.31433     25.606268  0.038  0.060  0.035  0.046  0.029  0.107  0.017  0.085  0.011  0.431
   2.28124     25.631802  0.041  0.062  0.043  0.046  0.025  0.093  0.018  0.090  0.009  0.427
   2.24815     25.640423  0.033  0.049  0.046  0.050  0.017  0.078  0.015  0.111  0.004  0.405
   2.21505     25.479187  0.015  0.010  0.029  0.051  0.016  0.035  0.003  0.143  0.004  0.307
   2.18196     25.166651  0.016  0.005  0.026  0.048  0.030  0.014  0.002  0.144  0.013  0.298
   2.14887     25.048167  0.047  0.056  0.021  0.037  0.058  0.007  0.068  0.043  0.015  0.353
   2.11578     25.160297  0.044  0.055  0.018  0.033  0.044  0.012  0.060  0.038  0.019  0.323
   2.08269     25.245866  0.043  0.052  0.017  0.028  0.032  0.024  0.051  0.034  0.024  0.304
   2.04960     25.282635  0.046  0.047  0.014  0.024  0.024  0.041  0.043  0.023  0.032  0.298
   2.01651     25.254535  0.050  0.044  0.017  0.015  0.026  0.053  0.041  0.011  0.047  0.306
   1.98342     25.222588  0.046  0.039  0.029  0.010  0.046  0.029  0.074  0.004  0.076  0.354
   1.95033     25.363161  0.029  0.022  0.037  0.037  0.079  0.023  0.149  0.008  0.094  0.477
   1.91723     25.635841  0.021  0.015  0.028  0.053  0.091  0.060  0.163  0.008  0.086  0.529
   1.88414     25.934029  0.019  0.017  0.022  0.060  0.100  0.091  0.156  0.009  0.079  0.552
   1.85105     26.228280  0.015  0.020  0.017  0.061  0.107  0.124  0.143  0.012  0.072  0.572
   1.81796     26.421242  0.022  0.040  0.007  0.068  0.009  0.104  0.017  0.130  0.051  0.448
   1.78487     26.015952  0.039  0.049  0.002  0.063  0.029  0.012  0.001  0.166  0.019  0.382
   1.75178     25.935588  0.032  0.066  0.017  0.022  0.019  0.016  0.011  0.134  0.005  0.322
   1.71869     26.012028  0.034  0.056  0.028  0.014  0.035  0.015  0.010  0.110  0.006  0.309
   1.68560     26.058329  0.039  0.039  0.044  0.010  0.049  0.005  0.007  0.095  0.010  0.300
   1.65250     26.031908  0.040  0.020  0.064  0.010  0.056  0.000  0.005  0.077  0.019  0.294
   1.61941     25.932568  0.041  0.008  0.078  0.011  0.055  0.002  0.005  0.059  0.032  0.290
   1.58632     25.786365  0.039  0.005  0.081  0.013  0.054  0.006  0.008  0.040  0.047  0.292
   1.55323     25.644693  0.036  0.012  0.068  0.015  0.046  0.013  0.016  0.016  0.067  0.292
   1.52014     25.674873  0.031  0.040  0.024  0.031  0.025  0.019  0.024  0.009  0.078  0.283
   1.48705     25.852684  0.029  0.052  0.011  0.041  0.031  0.023  0.020  0.020  0.074  0.301
   1.45396     26.042504  0.027  0.055  0.011  0.045  0.037  0.029  0.016  0.028  0.068  0.315
   1.42087     26.235475  0.025  0.055  0.012  0.047  0.038  0.033  0.011  0.032  0.062  0.316
   1.38778     26.440715  0.021  0.057  0.016  0.049  0.034  0.036  0.008  0.035  0.053  0.308
   1.35468     26.662471  0.019  0.058  0.018  0.050  0.027  0.037  0.006  0.033  0.043  0.292
   1.32159     26.895464  0.014  0.066  0.022  0.054  0.018  0.030  0.005  0.027  0.029  0.264
   1.28850     27.067615  0.000  0.090  0.026  0.074  0.000  0.000  0.000  0.000  0.000  0.190
   1.28850     27.067615  0.000  0.090  0.026  0.074  0.000  0.000  0.000  0.000  0.000  0.190
   1.25546     26.892378  0.015  0.064  0.022  0.054  0.019  0.028  0.010  0.026  0.028  0.267
   1.22243     26.653841  0.020  0.055  0.022  0.051  0.028  0.034  0.015  0.033  0.038  0.296
   1.18939     26.429401  0.023  0.050  0.022  0.051  0.032  0.035  0.020  0.036  0.043  0.312
   1.15635     26.230805  0.025  0.044  0.022  0.054  0.033  0.035  0.025  0.039  0.044  0.320
   1.12331     26.060816  0.025  0.040  0.024  0.051  0.029  0.034  0.029  0.043  0.042  0.316
   1.09027     25.916252  0.024  0.034  0.031  0.040  0.021  0.034  0.030  0.042  0.037  0.295
   1.05723     25.802155  0.025  0.025  0.047  0.024  0.021  0.037  0.024  0.033  0.031  0.267
   1.02419     25.749431  0.030  0.014  0.064  0.010  0.039  0.043  0.013  0.017  0.032  0.264
   0.99116     25.777436  0.035  0.008  0.070  0.011  0.063  0.048  0.004  0.007  0.038  0.284
   0.95812     25.856330  0.038  0.006  0.067  0.021  0.077  0.055  0.001  0.003  0.043  0.310
   0.92508     25.947452  0.039  0.006  0.057  0.037  0.079  0.063  0.002  0.004  0.041  0.328
   0.89204     26.023006  0.037  0.012  0.044  0.054  0.070  0.073  0.005  0.006  0.034  0.335
   0.85900     26.062245  0.036  0.018  0.030  0.070  0.051  0.085  0.012  0.005  0.023  0.330
   0.82596     26.056971  0.034  0.025  0.018  0.080  0.027  0.100  0.020  0.008  0.011  0.323
   0.79292     26.031935  0.031  0.037  0.010  0.077  0.008  0.121  0.023  0.013  0.007  0.330
   0.75989     26.069785  0.028  0.056  0.007  0.058  0.010  0.150  0.013  0.015  0.034  0.371
   0.72685     26.243386  0.026  0.059  0.017  0.026  0.036  0.134  0.002  0.016  0.095  0.411
   0.69381     26.416203  0.027  0.044  0.039  0.007  0.052  0.064  0.002  0.026  0.121  0.381
   0.66077     26.397862  0.030  0.042  0.049  0.011  0.033  0.015  0.015  0.020  0.084  0.302
   0.62773     26.227755  0.029  0.047  0.041  0.019  0.041  0.006  0.038  0.033  0.051  0.304
   0.59469     26.030634  0.026  0.042  0.037  0.025  0.051  0.003  0.061  0.049  0.038  0.331
   0.56165     25.836413  0.023  0.034  0.034  0.026  0.047  0.001  0.088  0.056  0.033  0.343
   0.52862     25.638639  0.021  0.026  0.036  0.021  0.033  0.001  0.116  0.048  0.035  0.340
   0.49558     25.447038  0.021  0.019  0.050  0.012  0.022  0.001  0.130  0.036  0.040  0.330
   0.46254     25.354477  0.016  0.021  0.077  0.000  0.030  0.019  0.072  0.017  0.030  0.283
   0.42950     25.465687  0.011  0.037  0.059  0.000  0.035  0.052  0.015  0.009  0.015  0.232
   0.39646     25.636194  0.007  0.044  0.026  0.001  0.040  0.067  0.001  0.022  0.012  0.221
   0.36342     25.778610  0.006  0.042  0.004  0.006  0.055  0.076  0.001  0.063  0.014  0.267
   0.33039     25.870698  0.004  0.037  0.006  0.009  0.087  0.067  0.006  0.133  0.017  0.369
   0.29735     25.863056  0.017  0.037  0.030  0.032  0.151  0.018  0.022  0.194  0.021  0.520
   0.26431     25.745789  0.030  0.034  0.031  0.052  0.148  0.014  0.032  0.158  0.022  0.519
   0.23127     25.625623  0.031  0.036  0.028  0.056  0.141  0.018  0.035  0.132  0.025  0.498
   0.19823     25.516916  0.032  0.041  0.025  0.054  0.137  0.022  0.034  0.107  0.026  0.476
   0.16519     25.422054  0.035  0.046  0.026  0.052  0.135  0.026  0.032  0.081  0.028  0.458
   0.13215     25.352319  0.043  0.048  0.027  0.051  0.138  0.029  0.030  0.056  0.030  0.451
   0.09912     25.333314  0.060  0.046  0.028  0.048  0.142  0.030  0.028  0.038  0.031  0.453
   0.06608     25.376977  0.073  0.039  0.023  0.037  0.153  0.032  0.031  0.043  0.035  0.466
   0.03304     25.435884  0.072  0.019  0.008  0.013  0.184  0.040  0.046  0.095  0.053  0.530
   0.00000     25.448626  0.068  0.004  0.000  0.002  0.196  0.044  0.056  0.129  0.068  0.568
 
# Band-Index:   45
   0.00000     25.786687  0.189  0.008  0.014  0.019  0.089  0.032  0.021  0.026  0.046  0.445
   0.03304     25.694137  0.088  0.021  0.024  0.038  0.059  0.016  0.021  0.054  0.046  0.366
   0.06608     25.751923  0.069  0.008  0.013  0.020  0.091  0.019  0.034  0.101  0.071  0.430
   0.09912     25.921915  0.057  0.013  0.010  0.016  0.103  0.019  0.036  0.111  0.080  0.443
   0.13215     26.154559  0.048  0.019  0.009  0.016  0.104  0.019  0.035  0.105  0.083  0.435
   0.16519     26.420267  0.037  0.025  0.010  0.024  0.100  0.027  0.036  0.105  0.073  0.436
   0.19823     26.485130  0.013  0.002  0.064  0.063  0.017  0.123  0.018  0.077  0.000  0.380
   0.23127     26.319627  0.019  0.004  0.057  0.061  0.010  0.128  0.016  0.056  0.008  0.354
   0.26431     26.168719  0.024  0.005  0.038  0.066  0.009  0.127  0.017  0.041  0.010  0.339
   0.29735     26.067422  0.038  0.004  0.027  0.085  0.015  0.116  0.024  0.010  0.011  0.329
   0.33039     26.122323  0.047  0.009  0.042  0.098  0.092  0.054  0.034  0.066  0.014  0.458
   0.36342     26.281740  0.038  0.009  0.071  0.063  0.170  0.012  0.030  0.177  0.016  0.587
   0.39646     26.256087  0.031  0.002  0.079  0.042  0.152  0.024  0.024  0.231  0.017  0.602
   0.42950     26.225940  0.030  0.009  0.055  0.045  0.160  0.037  0.027  0.232  0.017  0.611
   0.46254     26.250047  0.026  0.014  0.038  0.045  0.169  0.041  0.028  0.232  0.016  0.612
   0.49558     26.308770  0.023  0.022  0.027  0.045  0.172  0.044  0.030  0.229  0.013  0.606
   0.52862     26.387259  0.020  0.028  0.020  0.049  0.158  0.049  0.026  0.230  0.005  0.582
   0.56165     26.452041  0.019  0.030  0.011  0.054  0.111  0.043  0.006  0.235  0.003  0.512
   0.59469     26.490823  0.020  0.028  0.011  0.046  0.105  0.023  0.001  0.233  0.019  0.488
   0.62773     26.556995  0.016  0.025  0.010  0.042  0.148  0.013  0.005  0.256  0.020  0.533
   0.66077     26.652086  0.007  0.028  0.008  0.037  0.185  0.011  0.010  0.272  0.012  0.571
   0.69381     26.784483  0.006  0.034  0.007  0.046  0.169  0.034  0.005  0.267  0.004  0.571
   0.72685     26.871869  0.004  0.026  0.020  0.059  0.162  0.052  0.006  0.279  0.002  0.608
   0.75989     26.922891  0.001  0.019  0.037  0.048  0.163  0.036  0.012  0.280  0.005  0.603
   0.79292     26.969996  0.000  0.014  0.050  0.031  0.150  0.022  0.018  0.272  0.011  0.570
   0.82596     27.031487  0.000  0.011  0.055  0.017  0.121  0.014  0.025  0.249  0.015  0.511
   0.85900     27.129200  0.000  0.012  0.050  0.012  0.082  0.015  0.031  0.209  0.016  0.427
   0.89204     27.263273  0.003  0.011  0.035  0.019  0.038  0.023  0.033  0.150  0.018  0.327
   0.92508     27.324883  0.010  0.004  0.041  0.064  0.043  0.021  0.020  0.140  0.024  0.367
   0.95812     27.249160  0.011  0.001  0.066  0.081  0.077  0.012  0.008  0.187  0.018  0.461
   0.99116     27.174750  0.009  0.002  0.076  0.081  0.089  0.009  0.004  0.193  0.014  0.478
   1.02419     27.142766  0.010  0.003  0.083  0.074  0.090  0.007  0.003  0.179  0.011  0.462
   1.05723     27.176286  0.010  0.008  0.091  0.062  0.081  0.006  0.005  0.152  0.008  0.425
   1.09027     27.284359  0.011  0.014  0.096  0.048  0.064  0.004  0.011  0.122  0.005  0.374
   1.12331     27.449868  0.011  0.022  0.092  0.037  0.044  0.001  0.015  0.097  0.003  0.324
   1.15635     27.621492  0.010  0.034  0.072  0.036  0.025  0.003  0.016  0.084  0.004  0.282
   1.18939     27.701607  0.009  0.044  0.031  0.038  0.013  0.030  0.016  0.079  0.007  0.268
   1.22243     27.622154  0.013  0.045  0.010  0.039  0.015  0.056  0.019  0.066  0.020  0.284
   1.25546     27.433670  0.021  0.040  0.008  0.033  0.026  0.066  0.018  0.064  0.041  0.314
   1.28850     27.268330  0.036  0.015  0.004  0.010  0.046  0.094  0.025  0.091  0.073  0.393
   1.28850     27.268330  0.036  0.015  0.004  0.010  0.046  0.094  0.025  0.091  0.073  0.393
   1.32159     27.440548  0.021  0.039  0.010  0.031  0.030  0.065  0.021  0.063  0.043  0.324
   1.35468     27.666386  0.015  0.042  0.011  0.040  0.025  0.063  0.025  0.060  0.029  0.311
   1.38778     27.773543  0.008  0.023  0.062  0.040  0.025  0.064  0.073  0.024  0.015  0.332
   1.42087     27.667671  0.007  0.022  0.092  0.034  0.047  0.062  0.059  0.002  0.012  0.335
   1.45396     27.514595  0.008  0.026  0.102  0.027  0.078  0.058  0.043  0.003  0.014  0.356
   1.48705     27.356085  0.008  0.033  0.093  0.020  0.112  0.057  0.030  0.015  0.019  0.389
   1.52014     27.223932  0.009  0.044  0.074  0.016  0.144  0.059  0.018  0.030  0.029  0.425
   1.55323     27.130101  0.008  0.059  0.052  0.013  0.162  0.059  0.010  0.045  0.044  0.454
   1.58632     27.066364  0.008  0.068  0.030  0.012  0.154  0.059  0.007  0.058  0.059  0.457
   1.61941     27.015418  0.007  0.067  0.020  0.014  0.117  0.064  0.008  0.065  0.069  0.429
   1.65250     26.973837  0.005  0.049  0.027  0.020  0.064  0.086  0.014  0.063  0.068  0.395
   1.68560     26.961375  0.005  0.021  0.046  0.028  0.031  0.124  0.020  0.053  0.053  0.383
   1.71869     26.976566  0.006  0.001  0.056  0.043  0.041  0.188  0.034  0.039  0.020  0.429
   1.75178     26.927481  0.006  0.011  0.032  0.064  0.112  0.234  0.077  0.016  0.011  0.563
   1.78487     26.752293  0.012  0.019  0.016  0.068  0.145  0.188  0.110  0.007  0.039  0.601
   1.81796     26.525313  0.021  0.007  0.011  0.089  0.184  0.080  0.116  0.006  0.041  0.554
   1.85105     26.941783  0.024  0.017  0.004  0.096  0.083  0.025  0.006  0.110  0.039  0.405
   1.88414     26.955449  0.027  0.029  0.026  0.066  0.031  0.060  0.001  0.038  0.005  0.283
   1.91723     26.727480  0.031  0.036  0.019  0.067  0.028  0.057  0.003  0.044  0.006  0.291
   1.95033     26.531300  0.034  0.042  0.014  0.068  0.028  0.059  0.006  0.048  0.008  0.308
   1.98342     26.382730  0.038  0.051  0.012  0.067  0.030  0.074  0.007  0.048  0.009  0.333
   2.01651     26.304088  0.039  0.056  0.011  0.066  0.028  0.111  0.005  0.045  0.009  0.369
   2.04960     26.306945  0.033  0.059  0.010  0.063  0.021  0.173  0.003  0.045  0.006  0.412
   2.08269     26.341263  0.021  0.070  0.013  0.032  0.034  0.204  0.019  0.055  0.001  0.449
   2.11578     26.268513  0.030  0.072  0.038  0.005  0.103  0.049  0.060  0.055  0.025  0.435
   2.14887     26.118890  0.039  0.072  0.049  0.011  0.096  0.013  0.055  0.050  0.035  0.420
   2.18196     25.973831  0.045  0.074  0.050  0.015  0.076  0.016  0.046  0.050  0.034  0.405
   2.21505     25.881613  0.042  0.071  0.042  0.014  0.062  0.017  0.037  0.051  0.033  0.372
   2.24815     25.976879  0.020  0.034  0.028  0.015  0.044  0.013  0.022  0.084  0.023  0.283
   2.28124     26.232104  0.009  0.022  0.046  0.019  0.032  0.065  0.025  0.097  0.014  0.329
   2.31433     26.441695  0.009  0.023  0.078  0.015  0.034  0.130  0.029  0.088  0.015  0.419
   2.34742     26.580055  0.014  0.021  0.090  0.013  0.040  0.160  0.018  0.089  0.018  0.462
   2.38051     26.591722  0.022  0.014  0.041  0.042  0.020  0.092  0.000  0.103  0.039  0.374
   2.41360     26.408430  0.023  0.034  0.019  0.053  0.002  0.011  0.013  0.042  0.057  0.252
   2.44669     26.177929  0.020  0.043  0.012  0.038  0.023  0.000  0.028  0.006  0.062  0.231
   2.47978     25.952879  0.015  0.040  0.006  0.021  0.047  0.006  0.048  0.001  0.067  0.252
   2.51287     25.764354  0.013  0.032  0.003  0.009  0.056  0.013  0.072  0.017  0.073  0.288
   2.54597     25.642570  0.017  0.024  0.000  0.002  0.056  0.017  0.097  0.045  0.078  0.334
   2.57906     25.602174  0.020  0.018  0.000  0.000  0.055  0.018  0.109  0.060  0.080  0.358
 
# Band-Index:   46
   2.57906     25.844638  0.002  0.095  0.037  0.060  0.000  0.000  0.000  0.000  0.000  0.191
   2.54597     25.885040  0.006  0.086  0.035  0.058  0.009  0.009  0.004  0.012  0.002  0.220
   2.51287     25.994912  0.015  0.065  0.028  0.053  0.035  0.032  0.010  0.038  0.006  0.285
   2.47978     26.154954  0.022  0.042  0.025  0.042  0.081  0.065  0.017  0.065  0.007  0.366
   2.44669     26.352743  0.024  0.023  0.018  0.027  0.141  0.098  0.023  0.082  0.007  0.445
   2.41360     26.571236  0.024  0.020  0.023  0.012  0.180  0.122  0.025  0.069  0.005  0.481
   2.38051     26.742405  0.019  0.043  0.055  0.020  0.093  0.076  0.030  0.025  0.016  0.376
   2.34742     26.852584  0.016  0.024  0.023  0.043  0.000  0.003  0.019  0.106  0.023  0.260
   2.31433     26.824047  0.022  0.007  0.020  0.025  0.018  0.081  0.002  0.133  0.008  0.316
   2.28124     26.683866  0.026  0.008  0.044  0.016  0.037  0.194  0.005  0.092  0.013  0.437
   2.24815     26.572155  0.028  0.013  0.057  0.018  0.048  0.283  0.014  0.059  0.017  0.536
   2.21505     26.510520  0.028  0.013  0.051  0.028  0.054  0.333  0.015  0.039  0.018  0.579
   2.18196     26.483039  0.029  0.011  0.042  0.040  0.052  0.357  0.011  0.028  0.016  0.588
   2.14887     26.473176  0.032  0.012  0.036  0.056  0.045  0.349  0.003  0.018  0.016  0.569
   2.11578     26.465070  0.043  0.009  0.034  0.074  0.054  0.269  0.003  0.008  0.027  0.522
   2.08269     26.496367  0.055  0.010  0.044  0.055  0.147  0.046  0.050  0.006  0.051  0.464
   2.04960     26.613156  0.043  0.025  0.035  0.027  0.184  0.015  0.075  0.016  0.043  0.461
   2.01651     26.747535  0.037  0.030  0.022  0.022  0.188  0.036  0.080  0.017  0.032  0.467
   1.98342     26.892004  0.032  0.032  0.014  0.022  0.186  0.052  0.083  0.016  0.024  0.463
   1.95033     27.048279  0.029  0.033  0.009  0.023  0.179  0.062  0.086  0.014  0.017  0.455
   1.91723     27.214353  0.027  0.033  0.007  0.026  0.166  0.067  0.088  0.013  0.013  0.438
   1.88414     27.376606  0.023  0.025  0.009  0.021  0.158  0.063  0.077  0.010  0.012  0.396
   1.85105     27.202096  0.018  0.025  0.043  0.061  0.038  0.081  0.002  0.025  0.002  0.298
   1.81796     27.376735  0.005  0.008  0.101  0.010  0.070  0.121  0.016  0.010  0.048  0.390
   1.78487     27.311452  0.017  0.002  0.094  0.001  0.059  0.059  0.018  0.043  0.095  0.388
   1.75178     27.243080  0.020  0.021  0.072  0.003  0.091  0.031  0.032  0.039  0.126  0.436
   1.71869     27.273741  0.016  0.041  0.044  0.024  0.161  0.099  0.059  0.016  0.112  0.573
   1.68560     27.370379  0.009  0.037  0.050  0.037  0.165  0.179  0.061  0.003  0.071  0.614
   1.65250     27.474231  0.006  0.025  0.066  0.043  0.127  0.220  0.057  0.001  0.039  0.583
   1.61941     27.598392  0.003  0.013  0.071  0.046  0.072  0.230  0.054  0.006  0.016  0.515
   1.58632     27.760430  0.003  0.008  0.067  0.047  0.028  0.218  0.051  0.019  0.005  0.445
   1.55323     27.948784  0.004  0.009  0.055  0.046  0.006  0.194  0.051  0.037  0.001  0.403
   1.52014     28.114365  0.004  0.013  0.041  0.046  0.003  0.166  0.057  0.063  0.001  0.393
   1.48705     28.177922  0.003  0.019  0.027  0.048  0.011  0.131  0.064  0.100  0.003  0.406
   1.45396     28.124544  0.004  0.026  0.018  0.048  0.016  0.105  0.062  0.120  0.006  0.404
   1.42087     28.010147  0.007  0.032  0.015  0.048  0.020  0.089  0.051  0.108  0.010  0.380
   1.38778     27.859187  0.008  0.039  0.013  0.047  0.022  0.077  0.039  0.080  0.018  0.341
   1.35468     27.817600  0.014  0.029  0.032  0.043  0.009  0.063  0.079  0.054  0.015  0.339
   1.32159     27.838010  0.026  0.043  0.012  0.055  0.004  0.039  0.058  0.044  0.011  0.293
   1.28850     27.860688  0.045  0.070  0.003  0.078  0.000  0.000  0.000  0.000  0.000  0.197
   1.28850     27.860688  0.045  0.070  0.003  0.078  0.000  0.000  0.000  0.000  0.000  0.197
   1.25546     27.896092  0.030  0.054  0.004  0.053  0.008  0.035  0.041  0.035  0.018  0.278
   1.22243     27.977925  0.011  0.026  0.007  0.028  0.019  0.066  0.113  0.057  0.039  0.365
   1.18939     28.066274  0.004  0.009  0.013  0.027  0.024  0.077  0.168  0.039  0.032  0.392
   1.15635     28.131264  0.003  0.009  0.015  0.022  0.023  0.099  0.178  0.039  0.019  0.410
   1.12331     28.218891  0.003  0.017  0.010  0.019  0.020  0.100  0.162  0.044  0.014  0.390
   1.09027     28.312266  0.003  0.025  0.009  0.018  0.016  0.090  0.136  0.044  0.010  0.351
   1.05723     28.356757  0.003  0.031  0.015  0.017  0.006  0.075  0.075  0.053  0.004  0.280
   1.02419     28.237385  0.005  0.025  0.031  0.016  0.010  0.051  0.006  0.094  0.001  0.238
   0.99116     28.002317  0.004  0.019  0.043  0.014  0.026  0.034  0.002  0.134  0.001  0.279
   0.95812     27.758329  0.004  0.018  0.055  0.015  0.047  0.024  0.008  0.177  0.002  0.349
   0.92508     27.557372  0.005  0.014  0.083  0.026  0.093  0.009  0.007  0.251  0.001  0.487
   0.89204     27.536754  0.016  0.006  0.094  0.062  0.115  0.001  0.002  0.261  0.013  0.569
   0.85900     27.630488  0.020  0.004  0.081  0.057  0.097  0.006  0.010  0.215  0.024  0.513
   0.82596     27.718219  0.021  0.009  0.073  0.042  0.087  0.006  0.023  0.184  0.031  0.475
   0.79292     27.682891  0.006  0.052  0.053  0.014  0.067  0.002  0.057  0.100  0.014  0.364
   0.75989     27.436634  0.011  0.074  0.044  0.009  0.048  0.014  0.051  0.046  0.004  0.300
   0.72685     27.188832  0.014  0.082  0.040  0.015  0.044  0.033  0.057  0.031  0.003  0.319
   0.69381     27.045331  0.016  0.094  0.029  0.037  0.024  0.109  0.073  0.025  0.023  0.427
   0.66077     27.057340  0.029  0.098  0.017  0.033  0.014  0.120  0.102  0.023  0.077  0.511
   0.62773     26.948134  0.040  0.084  0.024  0.015  0.046  0.050  0.112  0.023  0.078  0.471
   0.59469     26.777916  0.043  0.075  0.030  0.010  0.083  0.027  0.100  0.022  0.084  0.474
   0.56165     26.671530  0.052  0.072  0.033  0.015  0.088  0.007  0.076  0.004  0.103  0.450
   0.52862     26.735388  0.050  0.073  0.028  0.037  0.070  0.008  0.038  0.003  0.094  0.401
   0.49558     26.932619  0.037  0.071  0.025  0.066  0.094  0.024  0.019  0.002  0.066  0.403
   0.46254     27.018850  0.013  0.018  0.057  0.117  0.127  0.065  0.016  0.031  0.014  0.460
   0.42950     26.793850  0.030  0.013  0.057  0.106  0.094  0.058  0.022  0.055  0.013  0.446
   0.39646     26.552601  0.038  0.014  0.046  0.109  0.069  0.060  0.025  0.044  0.012  0.416
   0.36342     26.426522  0.035  0.007  0.062  0.082  0.013  0.067  0.017  0.048  0.008  0.342
   0.33039     26.612934  0.028  0.010  0.080  0.043  0.037  0.040  0.007  0.082  0.006  0.333
   0.29735     26.868394  0.025  0.014  0.068  0.032  0.033  0.037  0.002  0.066  0.004  0.279
   0.26431     27.140832  0.021  0.021  0.052  0.020  0.028  0.037  0.002  0.053  0.005  0.240
   0.23127     27.041510  0.028  0.062  0.010  0.016  0.078  0.005  0.024  0.038  0.090  0.347
   0.19823     26.746716  0.037  0.046  0.013  0.013  0.078  0.004  0.020  0.036  0.099  0.346
   0.16519     26.687757  0.027  0.016  0.074  0.039  0.000  0.090  0.003  0.028  0.023  0.303
   0.13215     26.706272  0.081  0.054  0.040  0.012  0.019  0.050  0.017  0.039  0.011  0.328
   0.09912     26.455058  0.091  0.055  0.029  0.025  0.034  0.026  0.016  0.019  0.014  0.310
   0.06608     26.201104  0.093  0.049  0.029  0.031  0.040  0.021  0.013  0.011  0.014  0.304
   0.03304     25.975580  0.094  0.046  0.030  0.039  0.042  0.018  0.010  0.008  0.016  0.302
   0.00000     25.796608  0.001  0.069  0.046  0.066  0.000  0.000  0.000  0.000  0.000  0.185
 
# Band-Index:   47
   0.00000     27.319764  0.000  0.032  0.073  0.052  0.000  0.000  0.000  0.000  0.000  0.157
   0.03304     27.288264  0.000  0.028  0.085  0.058  0.002  0.009  0.000  0.005  0.002  0.189
   0.06608     27.197236  0.001  0.019  0.089  0.064  0.005  0.029  0.000  0.013  0.006  0.224
   0.09912     27.066720  0.003  0.012  0.090  0.067  0.008  0.050  0.000  0.018  0.010  0.255
   0.13215     26.939641  0.008  0.011  0.077  0.074  0.020  0.051  0.004  0.008  0.020  0.273
   0.16519     27.096203  0.063  0.054  0.036  0.035  0.038  0.023  0.022  0.019  0.025  0.316
   0.19823     27.407670  0.062  0.060  0.028  0.020  0.037  0.036  0.030  0.045  0.026  0.343
   0.23127     27.404639  0.022  0.015  0.035  0.015  0.038  0.041  0.004  0.064  0.001  0.235
   0.26431     27.335187  0.021  0.073  0.010  0.022  0.081  0.002  0.021  0.037  0.077  0.344
   0.29735     27.596648  0.012  0.095  0.010  0.022  0.077  0.003  0.020  0.024  0.062  0.327
   0.33039     27.795529  0.007  0.116  0.010  0.024  0.084  0.005  0.017  0.015  0.038  0.317
   0.36342     27.878414  0.008  0.133  0.011  0.029  0.097  0.011  0.012  0.008  0.011  0.322
   0.39646     27.789935  0.022  0.130  0.013  0.033  0.098  0.014  0.009  0.008  0.011  0.342
   0.42950     27.561117  0.041  0.113  0.016  0.032  0.079  0.011  0.011  0.016  0.039  0.356
   0.46254     27.310795  0.062  0.092  0.025  0.014  0.033  0.002  0.020  0.043  0.069  0.361
   0.49558     27.379759  0.044  0.028  0.066  0.054  0.051  0.045  0.022  0.070  0.050  0.429
   0.52862     27.593154  0.029  0.019  0.076  0.059  0.067  0.071  0.018  0.058  0.066  0.461
   0.56165     27.721005  0.016  0.018  0.073  0.045  0.070  0.103  0.010  0.039  0.109  0.482
   0.59469     27.682468  0.007  0.026  0.053  0.029  0.063  0.128  0.004  0.015  0.135  0.461
   0.62773     27.532513  0.006  0.037  0.035  0.021  0.058  0.129  0.000  0.005  0.110  0.400
   0.66077     27.437177  0.015  0.042  0.029  0.011  0.057  0.067  0.015  0.010  0.052  0.298
   0.69381     27.558370  0.030  0.052  0.030  0.004  0.034  0.021  0.048  0.024  0.034  0.276
   0.72685     27.729530  0.036  0.050  0.035  0.005  0.020  0.018  0.044  0.042  0.034  0.284
   0.75989     27.829950  0.042  0.038  0.047  0.011  0.022  0.020  0.023  0.066  0.034  0.303
   0.79292     27.849261  0.046  0.040  0.049  0.018  0.015  0.024  0.000  0.051  0.023  0.269
   0.82596     28.012639  0.026  0.073  0.040  0.004  0.006  0.015  0.031  0.008  0.001  0.204
   0.85900     28.252447  0.022  0.067  0.040  0.004  0.008  0.009  0.050  0.022  0.000  0.221
   0.89204     28.461246  0.021  0.059  0.036  0.003  0.010  0.007  0.068  0.033  0.000  0.239
   0.92508     28.613720  0.018  0.049  0.031  0.004  0.019  0.009  0.093  0.043  0.000  0.268
   0.95812     28.694903  0.013  0.040  0.027  0.008  0.029  0.017  0.121  0.049  0.001  0.307
   0.99116     28.709069  0.008  0.032  0.022  0.013  0.039  0.027  0.145  0.054  0.003  0.345
   1.02419     28.695486  0.005  0.021  0.023  0.017  0.049  0.033  0.150  0.066  0.006  0.371
   1.05723     28.772209  0.005  0.009  0.029  0.020  0.047  0.030  0.084  0.080  0.006  0.311
   1.09027     28.970007  0.012  0.024  0.008  0.020  0.035  0.051  0.020  0.018  0.013  0.205
   1.12331     28.806243  0.017  0.071  0.036  0.019  0.007  0.053  0.001  0.038  0.034  0.274
   1.15635     28.556872  0.023  0.074  0.044  0.016  0.009  0.043  0.005  0.048  0.035  0.297
   1.18939     28.331919  0.036  0.080  0.023  0.027  0.018  0.012  0.037  0.038  0.020  0.290
   1.22243     28.126355  0.038  0.057  0.004  0.049  0.017  0.003  0.084  0.013  0.008  0.275
   1.25546     27.979960  0.021  0.020  0.009  0.036  0.014  0.036  0.151  0.034  0.021  0.342
   1.28850     27.933891  0.005  0.000  0.012  0.016  0.015  0.069  0.193  0.066  0.035  0.413
   1.28850     27.933891  0.005  0.000  0.012  0.016  0.015  0.069  0.193  0.066  0.035  0.413
   1.32159     28.007791  0.024  0.026  0.008  0.041  0.013  0.033  0.134  0.022  0.023  0.324
   1.35468     28.164206  0.032  0.039  0.007  0.056  0.017  0.013  0.111  0.006  0.017  0.297
   1.38778     28.375699  0.033  0.043  0.004  0.063  0.020  0.007  0.108  0.010  0.015  0.305
   1.42087     28.614025  0.032  0.034  0.005  0.071  0.020  0.010  0.115  0.007  0.021  0.315
   1.45396     28.827328  0.023  0.016  0.024  0.074  0.010  0.034  0.089  0.001  0.035  0.306
   1.48705     28.974591  0.008  0.031  0.033  0.028  0.012  0.066  0.026  0.084  0.000  0.288
   1.52014     28.943500  0.003  0.027  0.018  0.028  0.018  0.039  0.033  0.113  0.000  0.279
   1.55323     29.001032  0.001  0.026  0.017  0.030  0.021  0.033  0.042  0.102  0.000  0.271
   1.58632     29.081655  0.002  0.022  0.019  0.030  0.016  0.041  0.038  0.055  0.000  0.223
   1.61941     29.082541  0.006  0.012  0.034  0.042  0.006  0.052  0.045  0.005  0.001  0.201
   1.65250     28.888728  0.002  0.010  0.082  0.071  0.004  0.027  0.103  0.011  0.007  0.317
   1.68560     28.637461  0.008  0.011  0.076  0.073  0.007  0.033  0.067  0.017  0.003  0.295
   1.71869     28.360155  0.013  0.011  0.064  0.076  0.011  0.038  0.037  0.025  0.000  0.273
   1.75178     28.071854  0.019  0.013  0.049  0.076  0.013  0.037  0.018  0.033  0.000  0.261
   1.78487     27.785583  0.026  0.015  0.035  0.077  0.011  0.032  0.006  0.047  0.003  0.252
   1.81796     27.533085  0.039  0.011  0.018  0.072  0.000  0.003  0.002  0.083  0.024  0.251
   1.85105     27.481011  0.028  0.007  0.036  0.028  0.069  0.071  0.043  0.049  0.035  0.369
   1.88414     27.450653  0.016  0.023  0.008  0.097  0.051  0.033  0.013  0.113  0.055  0.408
   1.91723     27.798315  0.006  0.017  0.099  0.017  0.040  0.038  0.013  0.082  0.085  0.399
   1.95033     27.838035  0.006  0.023  0.125  0.012  0.062  0.102  0.011  0.070  0.058  0.470
   1.98342     27.799918  0.006  0.035  0.123  0.018  0.077  0.136  0.009  0.052  0.041  0.498
   2.01651     27.706981  0.008  0.046  0.113  0.024  0.093  0.152  0.008  0.034  0.030  0.507
   2.04960     27.599298  0.010  0.056  0.096  0.026  0.113  0.148  0.009  0.020  0.024  0.504
   2.08269     27.535441  0.015  0.066  0.076  0.030  0.138  0.116  0.010  0.011  0.020  0.480
   2.11578     27.564999  0.019  0.070  0.058  0.038  0.155  0.068  0.010  0.007  0.018  0.443
   2.14887     27.679405  0.019  0.070  0.044  0.051  0.163  0.033  0.008  0.007  0.013  0.406
   2.18196     27.806708  0.016  0.065  0.039  0.066  0.157  0.019  0.005  0.009  0.007  0.382
   2.21505     27.848137  0.011  0.053  0.040  0.078  0.130  0.015  0.004  0.015  0.011  0.359
   2.24815     27.751971  0.013  0.045  0.043  0.077  0.097  0.015  0.005  0.019  0.024  0.340
   2.28124     27.566710  0.022  0.043  0.040  0.065  0.087  0.020  0.005  0.012  0.033  0.328
   2.31433     27.356941  0.028  0.042  0.029  0.046  0.110  0.034  0.007  0.003  0.031  0.330
   2.34742     27.170195  0.025  0.029  0.009  0.018  0.159  0.041  0.015  0.043  0.015  0.353
   2.38051     27.025112  0.014  0.024  0.039  0.008  0.099  0.003  0.036  0.088  0.015  0.326
   2.41360     27.031616  0.008  0.038  0.105  0.007  0.014  0.018  0.030  0.065  0.016  0.300
   2.44669     27.119143  0.009  0.039  0.119  0.007  0.003  0.038  0.015  0.050  0.015  0.297
   2.47978     27.196689  0.014  0.035  0.104  0.013  0.013  0.058  0.005  0.041  0.020  0.303
   2.51287     27.246040  0.014  0.030  0.074  0.023  0.028  0.061  0.006  0.025  0.020  0.282
   2.54597     27.299425  0.007  0.032  0.069  0.034  0.014  0.026  0.003  0.008  0.008  0.202
   2.57906     27.330308  0.000  0.035  0.076  0.040  0.000  0.000  0.000  0.000  0.000  0.153
 
# Band-Index:   48
   2.57906     27.437244  0.000  0.044  0.064  0.011  0.000  0.000  0.000  0.000  0.000  0.120
   2.54597     27.418434  0.001  0.042  0.072  0.010  0.008  0.004  0.007  0.000  0.003  0.148
   2.51287     27.379395  0.005  0.038  0.066  0.007  0.026  0.009  0.023  0.000  0.010  0.185
   2.47978     27.365026  0.017  0.026  0.039  0.002  0.055  0.030  0.043  0.002  0.027  0.240
   2.44669     27.436093  0.029  0.018  0.024  0.000  0.061  0.044  0.049  0.007  0.039  0.274
   2.41360     27.575225  0.035  0.013  0.029  0.002  0.044  0.041  0.044  0.008  0.037  0.256
   2.38051     27.707230  0.038  0.011  0.047  0.011  0.025  0.032  0.031  0.006  0.024  0.228
   2.34742     27.766889  0.035  0.009  0.066  0.028  0.040  0.017  0.028  0.020  0.020  0.266
   2.31433     27.890945  0.026  0.011  0.056  0.037  0.097  0.006  0.039  0.061  0.022  0.352
   2.28124     28.101590  0.024  0.014  0.041  0.039  0.132  0.004  0.036  0.095  0.020  0.400
   2.24815     28.303981  0.026  0.018  0.035  0.038  0.132  0.003  0.026  0.119  0.027  0.421
   2.21505     28.458921  0.026  0.023  0.038  0.037  0.097  0.003  0.012  0.134  0.050  0.422
   2.18196     28.596972  0.021  0.022  0.044  0.046  0.052  0.004  0.003  0.137  0.074  0.404
   2.14887     28.735918  0.012  0.020  0.047  0.053  0.030  0.005  0.001  0.128  0.089  0.387
   2.11578     28.850963  0.007  0.016  0.045  0.057  0.022  0.005  0.005  0.112  0.100  0.368
   2.08269     28.919219  0.008  0.013  0.037  0.052  0.015  0.003  0.013  0.085  0.108  0.336
   2.04960     28.934421  0.016  0.013  0.028  0.047  0.009  0.000  0.021  0.061  0.109  0.304
   2.01651     28.903035  0.022  0.013  0.018  0.046  0.002  0.003  0.030  0.037  0.104  0.276
   1.98342     28.786717  0.015  0.016  0.009  0.062  0.023  0.026  0.031  0.040  0.087  0.309
   1.95033     28.455871  0.006  0.016  0.013  0.087  0.077  0.052  0.018  0.085  0.050  0.406
   1.91723     28.008771  0.015  0.016  0.033  0.086  0.107  0.088  0.014  0.100  0.018  0.478
   1.88414     27.798491  0.018  0.017  0.111  0.015  0.085  0.064  0.031  0.083  0.048  0.470
   1.85105     27.787555  0.021  0.033  0.069  0.016  0.109  0.012  0.078  0.056  0.042  0.435
   1.81796     27.920882  0.020  0.039  0.031  0.026  0.121  0.006  0.116  0.025  0.017  0.402
   1.78487     28.118066  0.019  0.037  0.022  0.030  0.101  0.006  0.128  0.013  0.008  0.363
   1.75178     28.331167  0.016  0.030  0.022  0.035  0.072  0.004  0.131  0.008  0.005  0.323
   1.71869     28.547288  0.016  0.023  0.022  0.038  0.042  0.005  0.124  0.005  0.005  0.280
   1.68560     28.759588  0.013  0.016  0.021  0.043  0.018  0.014  0.103  0.002  0.005  0.238
   1.65250     28.953820  0.013  0.012  0.021  0.046  0.004  0.030  0.074  0.000  0.005  0.203
   1.61941     29.107403  0.003  0.017  0.071  0.062  0.001  0.002  0.144  0.024  0.016  0.341
   1.58632     29.249675  0.000  0.012  0.075  0.087  0.003  0.013  0.147  0.027  0.022  0.387
   1.55323     29.272875  0.005  0.012  0.048  0.112  0.005  0.042  0.083  0.030  0.028  0.364
   1.52014     29.172242  0.012  0.012  0.031  0.101  0.003  0.052  0.062  0.016  0.033  0.319
   1.48705     29.012708  0.017  0.014  0.021  0.092  0.006  0.036  0.074  0.011  0.034  0.307
   1.45396     28.912931  0.017  0.048  0.046  0.033  0.016  0.036  0.037  0.093  0.005  0.334
   1.42087     28.742721  0.012  0.037  0.100  0.017  0.007  0.038  0.008  0.100  0.018  0.336
   1.38778     28.659489  0.011  0.026  0.162  0.010  0.006  0.027  0.012  0.084  0.018  0.352
   1.35468     28.679814  0.005  0.023  0.229  0.011  0.005  0.014  0.010  0.049  0.009  0.357
   1.32159     28.745910  0.003  0.022  0.283  0.013  0.001  0.004  0.005  0.014  0.002  0.348
   1.28850     28.779784  0.000  0.021  0.305  0.016  0.000  0.000  0.000  0.000  0.000  0.344
   1.28850     28.779780  0.000  0.021  0.305  0.016  0.000  0.000  0.000  0.000  0.000  0.344
   1.25546     28.713547  0.001  0.020  0.284  0.014  0.003  0.015  0.010  0.004  0.002  0.355
   1.22243     28.585032  0.004  0.015  0.247  0.018  0.009  0.049  0.017  0.009  0.005  0.375
   1.18939     28.566969  0.012  0.018  0.171  0.039  0.020  0.080  0.015  0.005  0.006  0.368
   1.15635     28.776020  0.024  0.041  0.083  0.054  0.038  0.072  0.029  0.001  0.003  0.345
   1.12331     29.074386  0.026  0.047  0.068  0.050  0.055  0.065  0.025  0.001  0.002  0.340
   1.09027     29.116386  0.005  0.053  0.086  0.018  0.005  0.017  0.003  0.109  0.020  0.314
   1.05723     29.337407  0.009  0.079  0.051  0.017  0.001  0.031  0.004  0.065  0.026  0.283
   1.02419     29.549424  0.007  0.093  0.052  0.015  0.004  0.023  0.010  0.054  0.021  0.277
   0.99116     29.664306  0.000  0.105  0.072  0.012  0.016  0.019  0.022  0.028  0.012  0.287
   0.95812     29.610059  0.000  0.092  0.083  0.011  0.038  0.019  0.030  0.002  0.006  0.279
   0.92508     29.469719  0.001  0.072  0.078  0.012  0.049  0.012  0.031  0.004  0.004  0.265
   0.89204     29.310893  0.004  0.060  0.067  0.011  0.043  0.005  0.034  0.016  0.006  0.244
   0.85900     29.150650  0.009  0.048  0.049  0.013  0.018  0.001  0.044  0.023  0.005  0.211
   0.82596     28.977289  0.015  0.041  0.028  0.021  0.000  0.002  0.064  0.020  0.006  0.196
   0.79292     28.789530  0.021  0.037  0.020  0.026  0.014  0.004  0.076  0.015  0.010  0.223
   0.75989     28.650209  0.026  0.026  0.031  0.026  0.039  0.009  0.073  0.016  0.017  0.261
   0.72685     28.622202  0.025  0.016  0.052  0.022  0.051  0.019  0.067  0.025  0.019  0.296
   0.69381     28.669092  0.022  0.012  0.067  0.021  0.045  0.031  0.081  0.030  0.012  0.322
   0.66077     28.666944  0.023  0.013  0.068  0.030  0.027  0.033  0.106  0.027  0.002  0.329
   0.62773     28.570145  0.034  0.016  0.054  0.037  0.017  0.024  0.102  0.023  0.001  0.311
   0.59469     28.445149  0.038  0.022  0.036  0.035  0.014  0.018  0.089  0.018  0.014  0.286
   0.56165     28.377024  0.035  0.027  0.014  0.023  0.013  0.025  0.077  0.006  0.060  0.280
   0.52862     28.411164  0.027  0.029  0.006  0.011  0.018  0.036  0.070  0.000  0.112  0.309
   0.49558     28.485309  0.024  0.031  0.005  0.007  0.020  0.033  0.071  0.005  0.135  0.331
   0.46254     28.554964  0.018  0.036  0.004  0.008  0.017  0.023  0.074  0.013  0.147  0.340
   0.42950     28.617531  0.013  0.035  0.005  0.012  0.008  0.010  0.076  0.022  0.169  0.348
   0.39646     28.694387  0.012  0.025  0.009  0.021  0.001  0.001  0.073  0.032  0.210  0.382
   0.36342     28.806063  0.013  0.029  0.020  0.026  0.015  0.005  0.080  0.043  0.211  0.443
   0.33039     28.750937  0.022  0.064  0.044  0.011  0.030  0.042  0.112  0.057  0.070  0.450
   0.29735     28.467616  0.034  0.065  0.052  0.012  0.046  0.040  0.075  0.053  0.063  0.441
   0.26431     28.120182  0.045  0.067  0.051  0.013  0.047  0.035  0.055  0.044  0.049  0.407
   0.23127     27.770454  0.053  0.066  0.054  0.020  0.047  0.024  0.041  0.027  0.040  0.371
   0.19823     27.643454  0.016  0.013  0.042  0.020  0.051  0.019  0.013  0.036  0.012  0.222
   0.16519     27.718039  0.010  0.007  0.022  0.018  0.043  0.018  0.022  0.047  0.014  0.199
   0.13215     27.646132  0.006  0.009  0.019  0.025  0.027  0.017  0.020  0.037  0.012  0.171
   0.09912     27.535057  0.003  0.014  0.020  0.029  0.017  0.013  0.014  0.024  0.007  0.143
   0.06608     27.441183  0.004  0.018  0.023  0.034  0.008  0.007  0.006  0.012  0.004  0.115
   0.03304     27.382358  0.002  0.020  0.027  0.041  0.002  0.001  0.001  0.003  0.001  0.099
   0.00000     27.364208  0.002  0.017  0.039  0.050  0.000  0.000  0.000  0.000  0.000  0.107
