#K-Path          Energy     s    py    pz    px    dxy    dyz    dz2    dxz    dx2-y2    tot
# NKPTS & NBANDS:  80  24
# Band-Index:    1
   0.00000    -43.586654  0.000  0.810  0.168  0.015  0.000  0.000  0.000  0.000  0.000  0.993
   0.03249    -43.586640  0.000  0.810  0.168  0.015  0.000  0.000  0.000  0.000  0.000  0.993
   0.06498    -43.586584  0.000  0.809  0.169  0.015  0.000  0.000  0.000  0.000  0.000  0.993
   0.09747    -43.586503  0.000  0.807  0.171  0.015  0.000  0.000  0.000  0.000  0.000  0.993
   0.12996    -43.586382  0.000  0.805  0.174  0.015  0.000  0.000  0.000  0.000  0.000  0.993
   0.16245    -43.586236  0.000  0.801  0.178  0.014  0.000  0.000  0.000  0.000  0.000  0.993
   0.19494    -43.586045  0.000  0.797  0.183  0.014  0.000  0.000  0.000  0.000  0.000  0.993
   0.22743    -43.585826  0.000  0.791  0.190  0.013  0.000  0.000  0.000  0.000  0.000  0.993
   0.25991    -43.585575  0.000  0.784  0.197  0.012  0.000  0.000  0.000  0.000  0.000  0.993
   0.29240    -43.585296  0.000  0.775  0.207  0.011  0.000  0.000  0.000  0.000  0.000  0.993
   0.32489    -43.585008  0.000  0.765  0.218  0.010  0.000  0.000  0.000  0.000  0.000  0.994
   0.35738    -43.584690  0.000  0.754  0.230  0.009  0.000  0.000  0.000  0.000  0.000  0.994
   0.38987    -43.584360  0.000  0.740  0.246  0.008  0.000  0.000  0.000  0.000  0.000  0.994
   0.42236    -43.584018  0.000  0.723  0.263  0.007  0.000  0.000  0.000  0.000  0.000  0.994
   0.45485    -43.583665  0.000  0.704  0.284  0.006  0.000  0.000  0.000  0.000  0.000  0.994
   0.48734    -43.583307  0.000  0.680  0.309  0.004  0.000  0.000  0.000  0.000  0.000  0.994
   0.51983    -43.582942  0.000  0.653  0.338  0.003  0.000  0.000  0.000  0.000  0.000  0.994
   0.55232    -43.582588  0.000  0.621  0.372  0.002  0.000  0.000  0.000  0.000  0.000  0.994
   0.58481    -43.582250  0.000  0.583  0.410  0.001  0.000  0.000  0.000  0.000  0.000  0.994
   0.61730    -43.581926  0.000  0.541  0.453  0.000  0.000  0.000  0.000  0.000  0.000  0.994
   0.64979    -43.581631  0.000  0.495  0.499  0.000  0.000  0.000  0.000  0.000  0.000  0.994
   0.68228    -43.581358  0.000  0.446  0.548  0.001  0.000  0.000  0.000  0.000  0.000  0.994
   0.71477    -43.581122  0.000  0.394  0.597  0.002  0.000  0.000  0.000  0.000  0.000  0.994
   0.74725    -43.580917  0.000  0.344  0.645  0.004  0.000  0.000  0.000  0.000  0.000  0.994
   0.77974    -43.580742  0.000  0.297  0.690  0.007  0.000  0.000  0.000  0.000  0.000  0.994
   0.81223    -43.580601  0.000  0.254  0.730  0.010  0.000  0.000  0.000  0.000  0.000  0.994
   0.84472    -43.580490  0.000  0.216  0.764  0.014  0.000  0.000  0.000  0.000  0.000  0.994
   0.87721    -43.580400  0.000  0.185  0.792  0.017  0.000  0.000  0.000  0.000  0.000  0.994
   0.90970    -43.580334  0.000  0.158  0.816  0.020  0.000  0.000  0.000  0.000  0.000  0.994
   0.94219    -43.580283  0.000  0.136  0.835  0.023  0.000  0.000  0.000  0.000  0.000  0.994
   0.97468    -43.580253  0.000  0.118  0.849  0.026  0.000  0.000  0.000  0.000  0.000  0.994
   1.00717    -43.580228  0.000  0.104  0.861  0.028  0.000  0.000  0.000  0.000  0.000  0.994
   1.03966    -43.580210  0.000  0.093  0.870  0.030  0.000  0.000  0.000  0.000  0.000  0.994
   1.07215    -43.580196  0.000  0.084  0.878  0.032  0.000  0.000  0.000  0.000  0.000  0.994
   1.10464    -43.580190  0.000  0.077  0.883  0.034  0.000  0.000  0.000  0.000  0.000  0.994
   1.13713    -43.580191  0.000  0.072  0.887  0.035  0.000  0.000  0.000  0.000  0.000  0.994
   1.16962    -43.580186  0.000  0.068  0.890  0.036  0.000  0.000  0.000  0.000  0.000  0.994
   1.20211    -43.580180  0.000  0.066  0.892  0.036  0.000  0.000  0.000  0.000  0.000  0.994
   1.23459    -43.580175  0.000  0.064  0.893  0.037  0.000  0.000  0.000  0.000  0.000  0.994
   1.26708    -43.580174  0.000  0.063  0.894  0.037  0.000  0.000  0.000  0.000  0.000  0.994
   1.26708    -43.580174  0.000  0.063  0.894  0.037  0.000  0.000  0.000  0.000  0.000  0.994
   1.29957    -43.580175  0.000  0.064  0.894  0.037  0.000  0.000  0.000  0.000  0.000  0.994
   1.33206    -43.580181  0.000  0.063  0.894  0.037  0.000  0.000  0.000  0.000  0.000  0.994
   1.36455    -43.580185  0.000  0.063  0.894  0.037  0.000  0.000  0.000  0.000  0.000  0.994
   1.39703    -43.580188  0.000  0.063  0.894  0.037  0.000  0.000  0.000  0.000  0.000  0.994
   1.42952    -43.580185  0.000  0.063  0.894  0.037  0.000  0.000  0.000  0.000  0.000  0.994
   1.46201    -43.580186  0.000  0.062  0.894  0.037  0.000  0.000  0.000  0.000  0.000  0.994
   1.49450    -43.580194  0.000  0.062  0.894  0.037  0.000  0.000  0.000  0.000  0.000  0.994
   1.52698    -43.580196  0.000  0.062  0.895  0.037  0.000  0.000  0.000  0.000  0.000  0.994
   1.55947    -43.580196  0.000  0.061  0.895  0.038  0.000  0.000  0.000  0.000  0.000  0.994
   1.59196    -43.580195  0.000  0.061  0.895  0.038  0.000  0.000  0.000  0.000  0.000  0.994
   1.62445    -43.580201  0.000  0.060  0.896  0.038  0.000  0.000  0.000  0.000  0.000  0.994
   1.65693    -43.580206  0.000  0.059  0.896  0.039  0.000  0.000  0.000  0.000  0.000  0.994
   1.68942    -43.580216  0.000  0.058  0.897  0.039  0.000  0.000  0.000  0.000  0.000  0.994
   1.72191    -43.580225  0.000  0.057  0.897  0.039  0.000  0.000  0.000  0.000  0.000  0.994
   1.75440    -43.580235  0.000  0.056  0.898  0.040  0.000  0.000  0.000  0.000  0.000  0.994
   1.78688    -43.580248  0.000  0.055  0.899  0.040  0.000  0.000  0.000  0.000  0.000  0.994
   1.81937    -43.580267  0.000  0.054  0.899  0.040  0.000  0.000  0.000  0.000  0.000  0.994
   1.85186    -43.580281  0.000  0.053  0.900  0.041  0.000  0.000  0.000  0.000  0.000  0.994
   1.88435    -43.580300  0.000  0.051  0.901  0.041  0.000  0.000  0.000  0.000  0.000  0.994
   1.91683    -43.580322  0.000  0.050  0.902  0.042  0.000  0.000  0.000  0.000  0.000  0.994
   1.94932    -43.580340  0.000  0.049  0.903  0.043  0.000  0.000  0.000  0.000  0.000  0.994
   1.98181    -43.580364  0.000  0.047  0.904  0.043  0.000  0.000  0.000  0.000  0.000  0.994
   2.01429    -43.580396  0.000  0.045  0.905  0.044  0.000  0.000  0.000  0.000  0.000  0.994
   2.04678    -43.580427  0.000  0.044  0.906  0.044  0.000  0.000  0.000  0.000  0.000  0.994
   2.07927    -43.580457  0.000  0.042  0.907  0.045  0.000  0.000  0.000  0.000  0.000  0.994
   2.11176    -43.580488  0.000  0.041  0.907  0.046  0.000  0.000  0.000  0.000  0.000  0.994
   2.14424    -43.580516  0.000  0.040  0.908  0.046  0.000  0.000  0.000  0.000  0.000  0.994
   2.17673    -43.580540  0.000  0.038  0.909  0.047  0.000  0.000  0.000  0.000  0.000  0.994
   2.20922    -43.580571  0.000  0.037  0.910  0.047  0.000  0.000  0.000  0.000  0.000  0.994
   2.24171    -43.580598  0.000  0.035  0.910  0.048  0.000  0.000  0.000  0.000  0.000  0.994
   2.27419    -43.580626  0.000  0.034  0.911  0.048  0.000  0.000  0.000  0.000  0.000  0.994
   2.30668    -43.580651  0.000  0.033  0.912  0.049  0.000  0.000  0.000  0.000  0.000  0.994
   2.33917    -43.580666  0.000  0.032  0.912  0.049  0.000  0.000  0.000  0.000  0.000  0.994
   2.37166    -43.580686  0.000  0.031  0.913  0.050  0.000  0.000  0.000  0.000  0.000  0.994
   2.40414    -43.580696  0.000  0.031  0.913  0.050  0.000  0.000  0.000  0.000  0.000  0.994
   2.43663    -43.580705  0.000  0.030  0.913  0.050  0.000  0.000  0.000  0.000  0.000  0.994
   2.46912    -43.580711  0.000  0.030  0.914  0.050  0.000  0.000  0.000  0.000  0.000  0.994
   2.50161    -43.580713  0.000  0.029  0.914  0.051  0.000  0.000  0.000  0.000  0.000  0.994
   2.53409    -43.580711  0.000  0.029  0.914  0.051  0.000  0.000  0.000  0.000  0.000  0.994
 
# Band-Index:    2
   2.53409    -43.575188  0.000  0.901  0.010  0.083  0.000  0.000  0.000  0.000  0.000  0.994
   2.50161    -43.575187  0.000  0.901  0.010  0.083  0.000  0.000  0.000  0.000  0.000  0.994
   2.46912    -43.575175  0.000  0.900  0.011  0.083  0.000  0.000  0.000  0.000  0.000  0.994
   2.43663    -43.575159  0.000  0.900  0.011  0.083  0.000  0.000  0.000  0.000  0.000  0.994
   2.40414    -43.575136  0.000  0.899  0.011  0.083  0.000  0.000  0.000  0.000  0.000  0.994
   2.37166    -43.575109  0.000  0.899  0.012  0.084  0.000  0.000  0.000  0.000  0.000  0.994
   2.33917    -43.575073  0.000  0.898  0.012  0.084  0.000  0.000  0.000  0.000  0.000  0.994
   2.30668    -43.575030  0.000  0.897  0.013  0.084  0.000  0.000  0.000  0.000  0.000  0.994
   2.27419    -43.574980  0.000  0.896  0.013  0.085  0.000  0.000  0.000  0.000  0.000  0.994
   2.24171    -43.574923  0.000  0.895  0.014  0.085  0.000  0.000  0.000  0.000  0.000  0.994
   2.20922    -43.574866  0.000  0.894  0.015  0.085  0.000  0.000  0.000  0.000  0.000  0.994
   2.17673    -43.574803  0.000  0.892  0.016  0.086  0.000  0.000  0.000  0.000  0.000  0.994
   2.14424    -43.574739  0.000  0.891  0.017  0.086  0.000  0.000  0.000  0.000  0.000  0.994
   2.11176    -43.574671  0.000  0.890  0.018  0.086  0.000  0.000  0.000  0.000  0.000  0.994
   2.07927    -43.574601  0.000  0.889  0.019  0.087  0.000  0.000  0.000  0.000  0.000  0.994
   2.04678    -43.574521  0.000  0.887  0.020  0.087  0.000  0.000  0.000  0.000  0.000  0.994
   2.01429    -43.574440  0.000  0.885  0.021  0.087  0.000  0.000  0.000  0.000  0.000  0.994
   1.98181    -43.574357  0.000  0.884  0.022  0.088  0.000  0.000  0.000  0.000  0.000  0.994
   1.94932    -43.574276  0.000  0.883  0.023  0.088  0.000  0.000  0.000  0.000  0.000  0.994
   1.91683    -43.574201  0.000  0.881  0.025  0.088  0.000  0.000  0.000  0.000  0.000  0.994
   1.88435    -43.574123  0.000  0.880  0.026  0.089  0.000  0.000  0.000  0.000  0.000  0.994
   1.85186    -43.574041  0.000  0.879  0.027  0.089  0.000  0.000  0.000  0.000  0.000  0.994
   1.81937    -43.573969  0.000  0.878  0.028  0.089  0.000  0.000  0.000  0.000  0.000  0.994
   1.78688    -43.573889  0.000  0.877  0.028  0.089  0.000  0.000  0.000  0.000  0.000  0.994
   1.75440    -43.573814  0.000  0.876  0.029  0.089  0.000  0.000  0.000  0.000  0.000  0.994
   1.72191    -43.573738  0.000  0.875  0.030  0.089  0.000  0.000  0.000  0.000  0.000  0.994
   1.68942    -43.573666  0.000  0.874  0.031  0.090  0.000  0.000  0.000  0.000  0.000  0.994
   1.65693    -43.573600  0.000  0.873  0.032  0.090  0.000  0.000  0.000  0.000  0.000  0.994
   1.62445    -43.573538  0.000  0.872  0.032  0.090  0.000  0.000  0.000  0.000  0.000  0.994
   1.59196    -43.573478  0.000  0.871  0.033  0.090  0.000  0.000  0.000  0.000  0.000  0.994
   1.55947    -43.573426  0.000  0.871  0.034  0.090  0.000  0.000  0.000  0.000  0.000  0.994
   1.52698    -43.573377  0.000  0.871  0.034  0.090  0.000  0.000  0.000  0.000  0.000  0.994
   1.49450    -43.573334  0.000  0.870  0.034  0.090  0.000  0.000  0.000  0.000  0.000  0.994
   1.46201    -43.573292  0.000  0.870  0.034  0.090  0.000  0.000  0.000  0.000  0.000  0.994
   1.42952    -43.573257  0.000  0.870  0.035  0.090  0.000  0.000  0.000  0.000  0.000  0.994
   1.39703    -43.573228  0.000  0.870  0.035  0.090  0.000  0.000  0.000  0.000  0.000  0.994
   1.36455    -43.573208  0.000  0.869  0.035  0.090  0.000  0.000  0.000  0.000  0.000  0.994
   1.33206    -43.573195  0.000  0.869  0.035  0.090  0.000  0.000  0.000  0.000  0.000  0.994
   1.29957    -43.573187  0.000  0.869  0.035  0.090  0.000  0.000  0.000  0.000  0.000  0.994
   1.26708    -43.573182  0.000  0.869  0.035  0.090  0.000  0.000  0.000  0.000  0.000  0.994
   1.26708    -43.573182  0.000  0.869  0.035  0.090  0.000  0.000  0.000  0.000  0.000  0.994
   1.23459    -43.573202  0.000  0.869  0.035  0.090  0.000  0.000  0.000  0.000  0.000  0.994
   1.20211    -43.573245  0.000  0.867  0.037  0.090  0.000  0.000  0.000  0.000  0.000  0.994
   1.16962    -43.573326  0.000  0.864  0.039  0.091  0.000  0.000  0.000  0.000  0.000  0.994
   1.13713    -43.573438  0.000  0.861  0.042  0.092  0.000  0.000  0.000  0.000  0.000  0.994
   1.10464    -43.573591  0.000  0.856  0.046  0.093  0.000  0.000  0.000  0.000  0.000  0.994
   1.07215    -43.573759  0.000  0.849  0.051  0.094  0.000  0.000  0.000  0.000  0.000  0.994
   1.03966    -43.573962  0.000  0.840  0.058  0.096  0.000  0.000  0.000  0.000  0.000  0.994
   1.00717    -43.574176  0.000  0.828  0.068  0.098  0.000  0.000  0.000  0.000  0.000  0.994
   0.97468    -43.574412  0.000  0.814  0.079  0.101  0.000  0.000  0.000  0.000  0.000  0.994
   0.94219    -43.574657  0.000  0.797  0.094  0.103  0.000  0.000  0.000  0.000  0.000  0.994
   0.90970    -43.574911  0.000  0.775  0.113  0.106  0.000  0.000  0.000  0.000  0.000  0.994
   0.87721    -43.575171  0.000  0.748  0.136  0.110  0.000  0.000  0.000  0.000  0.000  0.994
   0.84472    -43.575438  0.000  0.717  0.164  0.113  0.000  0.000  0.000  0.000  0.000  0.994
   0.81223    -43.575697  0.000  0.679  0.198  0.116  0.000  0.000  0.000  0.000  0.000  0.994
   0.77974    -43.575941  0.000  0.636  0.238  0.120  0.000  0.000  0.000  0.000  0.000  0.994
   0.74725    -43.576159  0.000  0.589  0.283  0.122  0.000  0.000  0.000  0.000  0.000  0.994
   0.71477    -43.576374  0.000  0.539  0.331  0.124  0.000  0.000  0.000  0.000  0.000  0.994
   0.68228    -43.576543  0.000  0.487  0.381  0.126  0.000  0.000  0.000  0.000  0.000  0.994
   0.64979    -43.576690  0.000  0.438  0.429  0.126  0.000  0.000  0.000  0.000  0.000  0.994
   0.61730    -43.576815  0.000  0.392  0.475  0.126  0.000  0.000  0.000  0.000  0.000  0.994
   0.58481    -43.576915  0.000  0.350  0.518  0.126  0.000  0.000  0.000  0.000  0.000  0.994
   0.55232    -43.576998  0.000  0.312  0.557  0.125  0.000  0.000  0.000  0.000  0.000  0.994
   0.51983    -43.577073  0.000  0.280  0.590  0.124  0.000  0.000  0.000  0.000  0.000  0.994
   0.48734    -43.577129  0.000  0.253  0.619  0.122  0.000  0.000  0.000  0.000  0.000  0.994
   0.45485    -43.577175  0.000  0.230  0.643  0.121  0.000  0.000  0.000  0.000  0.000  0.994
   0.42236    -43.577218  0.000  0.210  0.664  0.120  0.000  0.000  0.000  0.000  0.000  0.994
   0.38987    -43.577242  0.000  0.193  0.682  0.118  0.000  0.000  0.000  0.000  0.000  0.994
   0.35738    -43.577256  0.000  0.179  0.697  0.117  0.000  0.000  0.000  0.000  0.000  0.994
   0.32489    -43.577279  0.000  0.168  0.710  0.116  0.000  0.000  0.000  0.000  0.000  0.994
   0.29240    -43.577290  0.000  0.158  0.721  0.115  0.000  0.000  0.000  0.000  0.000  0.994
   0.25991    -43.577311  0.000  0.150  0.730  0.114  0.000  0.000  0.000  0.000  0.000  0.994
   0.22743    -43.577326  0.000  0.142  0.738  0.113  0.000  0.000  0.000  0.000  0.000  0.994
   0.19494    -43.577333  0.000  0.137  0.745  0.113  0.000  0.000  0.000  0.000  0.000  0.994
   0.16245    -43.577336  0.000  0.132  0.750  0.112  0.000  0.000  0.000  0.000  0.000  0.994
   0.12996    -43.577337  0.000  0.129  0.753  0.112  0.000  0.000  0.000  0.000  0.000  0.994
   0.09747    -43.577337  0.000  0.126  0.756  0.111  0.000  0.000  0.000  0.000  0.000  0.994
   0.06498    -43.577329  0.000  0.124  0.758  0.111  0.000  0.000  0.000  0.000  0.000  0.994
   0.03249    -43.577329  0.000  0.123  0.760  0.111  0.000  0.000  0.000  0.000  0.000  0.994
   0.00000    -43.577321  0.000  0.123  0.760  0.111  0.000  0.000  0.000  0.000  0.000  0.994
 
# Band-Index:    3
   0.00000    -43.162380  0.000  0.060  0.066  0.869  0.000  0.000  0.000  0.000  0.000  0.995
   0.03249    -43.162376  0.000  0.060  0.066  0.869  0.000  0.000  0.000  0.000  0.000  0.995
   0.06498    -43.162369  0.000  0.060  0.066  0.869  0.000  0.000  0.000  0.000  0.000  0.995
   0.09747    -43.162360  0.000  0.060  0.066  0.869  0.000  0.000  0.000  0.000  0.000  0.995
   0.12996    -43.162347  0.000  0.060  0.066  0.869  0.000  0.000  0.000  0.000  0.000  0.995
   0.16245    -43.162332  0.000  0.060  0.066  0.869  0.000  0.000  0.000  0.000  0.000  0.995
   0.19494    -43.162312  0.000  0.060  0.066  0.869  0.000  0.000  0.000  0.000  0.000  0.995
   0.22743    -43.162288  0.000  0.060  0.066  0.869  0.000  0.000  0.000  0.000  0.000  0.995
   0.25991    -43.162259  0.000  0.060  0.066  0.869  0.000  0.000  0.000  0.000  0.000  0.995
   0.29240    -43.162227  0.000  0.060  0.066  0.869  0.000  0.000  0.000  0.000  0.000  0.995
   0.32489    -43.162198  0.000  0.060  0.066  0.869  0.000  0.000  0.000  0.000  0.000  0.995
   0.35738    -43.162165  0.000  0.060  0.066  0.869  0.000  0.000  0.000  0.000  0.000  0.995
   0.38987    -43.162132  0.000  0.060  0.066  0.869  0.000  0.000  0.000  0.000  0.000  0.995
   0.42236    -43.162104  0.000  0.060  0.066  0.869  0.000  0.000  0.000  0.000  0.000  0.995
   0.45485    -43.162071  0.000  0.061  0.066  0.869  0.000  0.000  0.000  0.000  0.000  0.995
   0.48734    -43.162034  0.000  0.061  0.066  0.869  0.000  0.000  0.000  0.000  0.000  0.995
   0.51983    -43.161995  0.000  0.061  0.066  0.869  0.000  0.000  0.000  0.000  0.000  0.995
   0.55232    -43.161956  0.000  0.061  0.066  0.869  0.000  0.000  0.000  0.000  0.000  0.995
   0.58481    -43.161922  0.000  0.061  0.066  0.869  0.000  0.000  0.000  0.000  0.000  0.995
   0.61730    -43.161885  0.000  0.061  0.066  0.869  0.000  0.000  0.000  0.000  0.000  0.995
   0.64979    -43.161857  0.000  0.061  0.066  0.869  0.000  0.000  0.000  0.000  0.000  0.995
   0.68228    -43.161832  0.000  0.061  0.066  0.869  0.000  0.000  0.000  0.000  0.000  0.995
   0.71477    -43.161801  0.000  0.061  0.066  0.869  0.000  0.000  0.000  0.000  0.000  0.995
   0.74725    -43.161768  0.000  0.061  0.065  0.869  0.000  0.000  0.000  0.000  0.000  0.995
   0.77974    -43.161740  0.000  0.061  0.065  0.869  0.000  0.000  0.000  0.000  0.000  0.995
   0.81223    -43.161716  0.000  0.061  0.065  0.869  0.000  0.000  0.000  0.000  0.000  0.995
   0.84472    -43.161693  0.000  0.061  0.065  0.869  0.000  0.000  0.000  0.000  0.000  0.995
   0.87721    -43.161671  0.000  0.061  0.065  0.869  0.000  0.000  0.000  0.000  0.000  0.995
   0.90970    -43.161653  0.000  0.061  0.065  0.869  0.000  0.000  0.000  0.000  0.000  0.995
   0.94219    -43.161633  0.000  0.061  0.065  0.869  0.000  0.000  0.000  0.000  0.000  0.995
   0.97468    -43.161618  0.000  0.061  0.065  0.869  0.000  0.000  0.000  0.000  0.000  0.995
   1.00717    -43.161602  0.000  0.061  0.065  0.869  0.000  0.000  0.000  0.000  0.000  0.995
   1.03966    -43.161590  0.000  0.061  0.065  0.869  0.000  0.000  0.000  0.000  0.000  0.995
   1.07215    -43.161575  0.000  0.062  0.065  0.869  0.000  0.000  0.000  0.000  0.000  0.995
   1.10464    -43.161563  0.000  0.062  0.065  0.869  0.000  0.000  0.000  0.000  0.000  0.995
   1.13713    -43.161555  0.000  0.062  0.065  0.869  0.000  0.000  0.000  0.000  0.000  0.995
   1.16962    -43.161553  0.000  0.062  0.065  0.869  0.000  0.000  0.000  0.000  0.000  0.995
   1.20211    -43.161550  0.000  0.062  0.065  0.869  0.000  0.000  0.000  0.000  0.000  0.995
   1.23459    -43.161549  0.000  0.062  0.065  0.869  0.000  0.000  0.000  0.000  0.000  0.995
   1.26708    -43.161543  0.000  0.062  0.065  0.869  0.000  0.000  0.000  0.000  0.000  0.995
   1.26708    -43.161543  0.000  0.062  0.065  0.869  0.000  0.000  0.000  0.000  0.000  0.995
   1.29957    -43.161559  0.000  0.062  0.065  0.869  0.000  0.000  0.000  0.000  0.000  0.995
   1.33206    -43.161593  0.000  0.062  0.065  0.869  0.000  0.000  0.000  0.000  0.000  0.995
   1.36455    -43.161649  0.000  0.062  0.065  0.869  0.000  0.000  0.000  0.000  0.000  0.995
   1.39703    -43.161727  0.000  0.062  0.065  0.868  0.000  0.000  0.000  0.000  0.000  0.995
   1.42952    -43.161831  0.000  0.062  0.065  0.868  0.000  0.000  0.000  0.000  0.000  0.995
   1.46201    -43.161955  0.000  0.062  0.065  0.868  0.000  0.000  0.000  0.000  0.000  0.995
   1.49450    -43.162104  0.000  0.062  0.065  0.868  0.000  0.000  0.000  0.000  0.000  0.995
   1.52698    -43.162267  0.000  0.062  0.065  0.868  0.000  0.000  0.000  0.000  0.000  0.995
   1.55947    -43.162452  0.000  0.062  0.066  0.868  0.000  0.000  0.000  0.000  0.000  0.995
   1.59196    -43.162649  0.000  0.062  0.066  0.867  0.000  0.000  0.000  0.000  0.000  0.995
   1.62445    -43.162863  0.000  0.062  0.066  0.867  0.000  0.000  0.000  0.000  0.000  0.995
   1.65693    -43.163093  0.000  0.062  0.066  0.867  0.000  0.000  0.000  0.000  0.000  0.995
   1.68942    -43.163340  0.000  0.062  0.066  0.867  0.000  0.000  0.000  0.000  0.000  0.995
   1.72191    -43.163598  0.000  0.062  0.066  0.866  0.000  0.000  0.000  0.000  0.000  0.995
   1.75440    -43.163865  0.000  0.062  0.067  0.866  0.000  0.000  0.000  0.000  0.000  0.995
   1.78688    -43.164139  0.000  0.063  0.067  0.866  0.000  0.000  0.000  0.000  0.000  0.995
   1.81937    -43.164431  0.000  0.063  0.067  0.865  0.000  0.000  0.000  0.000  0.000  0.995
   1.85186    -43.164723  0.000  0.063  0.067  0.865  0.000  0.000  0.000  0.000  0.000  0.995
   1.88435    -43.165008  0.000  0.063  0.067  0.865  0.000  0.000  0.000  0.000  0.000  0.995
   1.91683    -43.165298  0.000  0.063  0.067  0.865  0.000  0.000  0.000  0.000  0.000  0.995
   1.94932    -43.165599  0.000  0.063  0.068  0.864  0.000  0.000  0.000  0.000  0.000  0.995
   1.98181    -43.165892  0.000  0.063  0.068  0.864  0.000  0.000  0.000  0.000  0.000  0.995
   2.01429    -43.166188  0.000  0.063  0.068  0.864  0.000  0.000  0.000  0.000  0.000  0.995
   2.04678    -43.166475  0.000  0.063  0.068  0.863  0.000  0.000  0.000  0.000  0.000  0.995
   2.07927    -43.166751  0.000  0.063  0.068  0.863  0.000  0.000  0.000  0.000  0.000  0.995
   2.11176    -43.167016  0.000  0.064  0.069  0.863  0.000  0.000  0.000  0.000  0.000  0.995
   2.14424    -43.167265  0.000  0.064  0.069  0.862  0.000  0.000  0.000  0.000  0.000  0.995
   2.17673    -43.167503  0.000  0.064  0.069  0.862  0.000  0.000  0.000  0.000  0.000  0.995
   2.20922    -43.167734  0.000  0.064  0.069  0.862  0.000  0.000  0.000  0.000  0.000  0.995
   2.24171    -43.167940  0.000  0.064  0.069  0.862  0.000  0.000  0.000  0.000  0.000  0.995
   2.27419    -43.168143  0.000  0.064  0.069  0.862  0.000  0.000  0.000  0.000  0.000  0.995
   2.30668    -43.168326  0.000  0.064  0.069  0.861  0.000  0.000  0.000  0.000  0.000  0.995
   2.33917    -43.168480  0.000  0.064  0.069  0.861  0.000  0.000  0.000  0.000  0.000  0.995
   2.37166    -43.168614  0.000  0.064  0.069  0.861  0.000  0.000  0.000  0.000  0.000  0.995
   2.40414    -43.168714  0.000  0.064  0.070  0.861  0.000  0.000  0.000  0.000  0.000  0.995
   2.43663    -43.168804  0.000  0.064  0.070  0.861  0.000  0.000  0.000  0.000  0.000  0.995
   2.46912    -43.168859  0.000  0.064  0.070  0.861  0.000  0.000  0.000  0.000  0.000  0.995
   2.50161    -43.168897  0.000  0.064  0.070  0.861  0.000  0.000  0.000  0.000  0.000  0.995
   2.53409    -43.168907  0.000  0.064  0.070  0.861  0.000  0.000  0.000  0.000  0.000  0.995
 
# Band-Index:    4
   2.53409    -40.071901  0.000  0.017  0.149  0.827  0.000  0.000  0.000  0.000  0.000  0.993
   2.50161    -40.071886  0.000  0.017  0.149  0.826  0.000  0.000  0.000  0.000  0.000  0.993
   2.46912    -40.071814  0.000  0.017  0.151  0.825  0.000  0.000  0.000  0.000  0.000  0.993
   2.43663    -40.071709  0.000  0.017  0.152  0.824  0.000  0.000  0.000  0.000  0.000  0.993
   2.40414    -40.071540  0.000  0.016  0.156  0.821  0.000  0.000  0.000  0.000  0.000  0.993
   2.37166    -40.071361  0.000  0.016  0.160  0.817  0.000  0.000  0.000  0.000  0.000  0.993
   2.33917    -40.071114  0.000  0.015  0.165  0.813  0.000  0.000  0.000  0.000  0.000  0.993
   2.30668    -40.070837  0.000  0.015  0.172  0.806  0.000  0.000  0.000  0.000  0.000  0.993
   2.27419    -40.070508  0.000  0.014  0.181  0.798  0.000  0.000  0.000  0.000  0.000  0.993
   2.24171    -40.070147  0.000  0.013  0.192  0.788  0.000  0.000  0.000  0.000  0.000  0.993
   2.20922    -40.069776  0.000  0.011  0.205  0.777  0.000  0.000  0.000  0.000  0.000  0.993
   2.17673    -40.069369  0.000  0.010  0.220  0.763  0.000  0.000  0.000  0.000  0.000  0.993
   2.14424    -40.068952  0.000  0.009  0.239  0.746  0.000  0.000  0.000  0.000  0.000  0.993
   2.11176    -40.068521  0.000  0.007  0.261  0.725  0.000  0.000  0.000  0.000  0.000  0.993
   2.07927    -40.068079  0.000  0.005  0.289  0.700  0.000  0.000  0.000  0.000  0.000  0.993
   2.04678    -40.067635  0.000  0.004  0.322  0.668  0.000  0.000  0.000  0.000  0.000  0.993
   2.01429    -40.067193  0.000  0.002  0.361  0.630  0.000  0.000  0.000  0.000  0.000  0.993
   1.98181    -40.066761  0.000  0.001  0.408  0.584  0.000  0.000  0.000  0.000  0.000  0.993
   1.94932    -40.066370  0.000  0.000  0.462  0.531  0.000  0.000  0.000  0.000  0.000  0.994
   1.91683    -40.066011  0.000  0.000  0.521  0.472  0.000  0.000  0.000  0.000  0.000  0.994
   1.88435    -40.065693  0.000  0.002  0.582  0.410  0.000  0.000  0.000  0.000  0.000  0.994
   1.85186    -40.065420  0.000  0.004  0.642  0.348  0.000  0.000  0.000  0.000  0.000  0.994
   1.81937    -40.065194  0.000  0.007  0.698  0.289  0.000  0.000  0.000  0.000  0.000  0.994
   1.78688    -40.065015  0.000  0.011  0.745  0.238  0.000  0.000  0.000  0.000  0.000  0.994
   1.75440    -40.064872  0.000  0.015  0.784  0.194  0.000  0.000  0.000  0.000  0.000  0.994
   1.72191    -40.064764  0.000  0.020  0.816  0.158  0.000  0.000  0.000  0.000  0.000  0.994
   1.68942    -40.064677  0.000  0.024  0.840  0.130  0.000  0.000  0.000  0.000  0.000  0.994
   1.65693    -40.064609  0.000  0.027  0.859  0.108  0.000  0.000  0.000  0.000  0.000  0.994
   1.62445    -40.064561  0.000  0.030  0.873  0.090  0.000  0.000  0.000  0.000  0.000  0.994
   1.59196    -40.064521  0.000  0.033  0.884  0.076  0.000  0.000  0.000  0.000  0.000  0.994
   1.55947    -40.064502  0.000  0.035  0.892  0.066  0.000  0.000  0.000  0.000  0.000  0.994
   1.52698    -40.064484  0.000  0.037  0.899  0.058  0.000  0.000  0.000  0.000  0.000  0.994
   1.49450    -40.064468  0.000  0.039  0.904  0.051  0.000  0.000  0.000  0.000  0.000  0.994
   1.46201    -40.064446  0.000  0.040  0.907  0.046  0.000  0.000  0.000  0.000  0.000  0.994
   1.42952    -40.064437  0.000  0.041  0.910  0.042  0.000  0.000  0.000  0.000  0.000  0.994
   1.39703    -40.064434  0.000  0.042  0.912  0.039  0.000  0.000  0.000  0.000  0.000  0.994
   1.36455    -40.064419  0.000  0.043  0.913  0.038  0.000  0.000  0.000  0.000  0.000  0.994
   1.33206    -40.064408  0.000  0.043  0.914  0.036  0.000  0.000  0.000  0.000  0.000  0.994
   1.29957    -40.064393  0.000  0.044  0.915  0.035  0.000  0.000  0.000  0.000  0.000  0.994
   1.26708    -40.064392  0.000  0.044  0.915  0.035  0.000  0.000  0.000  0.000  0.000  0.994
   1.26708    -40.064392  0.000  0.044  0.915  0.035  0.000  0.000  0.000  0.000  0.000  0.994
   1.23459    -40.064397  0.000  0.044  0.915  0.035  0.000  0.000  0.000  0.000  0.000  0.994
   1.20211    -40.064413  0.000  0.044  0.915  0.035  0.000  0.000  0.000  0.000  0.000  0.994
   1.16962    -40.064436  0.000  0.044  0.915  0.034  0.000  0.000  0.000  0.000  0.000  0.994
   1.13713    -40.064463  0.000  0.044  0.916  0.034  0.000  0.000  0.000  0.000  0.000  0.994
   1.10464    -40.064479  0.000  0.044  0.916  0.033  0.000  0.000  0.000  0.000  0.000  0.994
   1.07215    -40.064506  0.000  0.045  0.916  0.033  0.000  0.000  0.000  0.000  0.000  0.994
   1.03966    -40.064540  0.000  0.045  0.917  0.032  0.000  0.000  0.000  0.000  0.000  0.994
   1.00717    -40.064573  0.000  0.045  0.917  0.031  0.000  0.000  0.000  0.000  0.000  0.994
   0.97468    -40.064609  0.000  0.046  0.918  0.030  0.000  0.000  0.000  0.000  0.000  0.994
   0.94219    -40.064639  0.000  0.046  0.918  0.029  0.000  0.000  0.000  0.000  0.000  0.994
   0.90970    -40.064679  0.000  0.047  0.919  0.028  0.000  0.000  0.000  0.000  0.000  0.994
   0.87721    -40.064715  0.000  0.047  0.920  0.027  0.000  0.000  0.000  0.000  0.000  0.994
   0.84472    -40.064760  0.000  0.048  0.920  0.026  0.000  0.000  0.000  0.000  0.000  0.994
   0.81223    -40.064799  0.000  0.048  0.921  0.024  0.000  0.000  0.000  0.000  0.000  0.994
   0.77974    -40.064835  0.000  0.049  0.922  0.023  0.000  0.000  0.000  0.000  0.000  0.994
   0.74725    -40.064875  0.000  0.049  0.922  0.022  0.000  0.000  0.000  0.000  0.000  0.994
   0.71477    -40.064913  0.000  0.050  0.923  0.021  0.000  0.000  0.000  0.000  0.000  0.994
   0.68228    -40.064944  0.000  0.050  0.923  0.020  0.000  0.000  0.000  0.000  0.000  0.994
   0.64979    -40.064979  0.000  0.051  0.924  0.019  0.000  0.000  0.000  0.000  0.000  0.994
   0.61730    -40.065015  0.000  0.051  0.924  0.018  0.000  0.000  0.000  0.000  0.000  0.994
   0.58481    -40.065042  0.000  0.052  0.925  0.017  0.000  0.000  0.000  0.000  0.000  0.994
   0.55232    -40.065064  0.000  0.052  0.925  0.016  0.000  0.000  0.000  0.000  0.000  0.994
   0.51983    -40.065096  0.000  0.053  0.925  0.016  0.000  0.000  0.000  0.000  0.000  0.994
   0.48734    -40.065127  0.000  0.053  0.925  0.015  0.000  0.000  0.000  0.000  0.000  0.994
   0.45485    -40.065146  0.000  0.054  0.926  0.014  0.000  0.000  0.000  0.000  0.000  0.994
   0.42236    -40.065173  0.000  0.054  0.926  0.014  0.000  0.000  0.000  0.000  0.000  0.994
   0.38987    -40.065181  0.000  0.054  0.926  0.013  0.000  0.000  0.000  0.000  0.000  0.994
   0.35738    -40.065187  0.000  0.055  0.926  0.012  0.000  0.000  0.000  0.000  0.000  0.993
   0.32489    -40.065207  0.000  0.055  0.926  0.012  0.000  0.000  0.000  0.000  0.000  0.993
   0.29240    -40.065206  0.000  0.056  0.926  0.011  0.000  0.000  0.000  0.000  0.000  0.993
   0.25991    -40.065216  0.000  0.056  0.927  0.011  0.000  0.000  0.000  0.000  0.000  0.993
   0.22743    -40.065225  0.000  0.056  0.927  0.011  0.000  0.000  0.000  0.000  0.000  0.993
   0.19494    -40.065219  0.000  0.056  0.927  0.010  0.000  0.000  0.000  0.000  0.000  0.993
   0.16245    -40.065221  0.000  0.057  0.927  0.010  0.000  0.000  0.000  0.000  0.000  0.993
   0.12996    -40.065215  0.000  0.057  0.927  0.010  0.000  0.000  0.000  0.000  0.000  0.993
   0.09747    -40.065211  0.000  0.057  0.927  0.010  0.000  0.000  0.000  0.000  0.000  0.993
   0.06498    -40.065205  0.000  0.057  0.927  0.010  0.000  0.000  0.000  0.000  0.000  0.993
   0.03249    -40.065204  0.000  0.057  0.927  0.010  0.000  0.000  0.000  0.000  0.000  0.993
   0.00000    -40.065200  0.000  0.057  0.927  0.010  0.000  0.000  0.000  0.000  0.000  0.993
 
# Band-Index:    5
   0.00000    -40.057643  0.000  0.069  0.001  0.924  0.000  0.000  0.000  0.000  0.000  0.994
   0.03249    -40.057642  0.000  0.069  0.001  0.924  0.000  0.000  0.000  0.000  0.000  0.994
   0.06498    -40.057628  0.000  0.069  0.001  0.924  0.000  0.000  0.000  0.000  0.000  0.994
   0.09747    -40.057613  0.000  0.070  0.001  0.923  0.000  0.000  0.000  0.000  0.000  0.994
   0.12996    -40.057591  0.000  0.070  0.001  0.923  0.000  0.000  0.000  0.000  0.000  0.994
   0.16245    -40.057561  0.000  0.070  0.001  0.923  0.000  0.000  0.000  0.000  0.000  0.994
   0.19494    -40.057525  0.000  0.070  0.001  0.923  0.000  0.000  0.000  0.000  0.000  0.994
   0.22743    -40.057475  0.000  0.070  0.001  0.923  0.000  0.000  0.000  0.000  0.000  0.994
   0.25991    -40.057420  0.000  0.070  0.002  0.922  0.000  0.000  0.000  0.000  0.000  0.994
   0.29240    -40.057360  0.000  0.070  0.002  0.922  0.000  0.000  0.000  0.000  0.000  0.994
   0.32489    -40.057299  0.000  0.071  0.002  0.921  0.000  0.000  0.000  0.000  0.000  0.994
   0.35738    -40.057229  0.000  0.071  0.002  0.921  0.000  0.000  0.000  0.000  0.000  0.994
   0.38987    -40.057158  0.000  0.071  0.002  0.920  0.000  0.000  0.000  0.000  0.000  0.994
   0.42236    -40.057086  0.000  0.071  0.003  0.920  0.000  0.000  0.000  0.000  0.000  0.994
   0.45485    -40.057005  0.000  0.072  0.003  0.920  0.000  0.000  0.000  0.000  0.000  0.994
   0.48734    -40.056917  0.000  0.072  0.003  0.919  0.000  0.000  0.000  0.000  0.000  0.994
   0.51983    -40.056822  0.000  0.072  0.004  0.918  0.000  0.000  0.000  0.000  0.000  0.994
   0.55232    -40.056727  0.000  0.073  0.004  0.917  0.000  0.000  0.000  0.000  0.000  0.994
   0.58481    -40.056638  0.000  0.073  0.004  0.917  0.000  0.000  0.000  0.000  0.000  0.994
   0.61730    -40.056548  0.000  0.073  0.005  0.916  0.000  0.000  0.000  0.000  0.000  0.994
   0.64979    -40.056461  0.000  0.074  0.005  0.915  0.000  0.000  0.000  0.000  0.000  0.994
   0.68228    -40.056369  0.000  0.074  0.006  0.914  0.000  0.000  0.000  0.000  0.000  0.994
   0.71477    -40.056282  0.000  0.075  0.007  0.913  0.000  0.000  0.000  0.000  0.000  0.994
   0.74725    -40.056185  0.000  0.075  0.007  0.912  0.000  0.000  0.000  0.000  0.000  0.994
   0.77974    -40.056086  0.000  0.075  0.008  0.911  0.000  0.000  0.000  0.000  0.000  0.994
   0.81223    -40.055993  0.000  0.076  0.009  0.910  0.000  0.000  0.000  0.000  0.000  0.994
   0.84472    -40.055906  0.000  0.076  0.009  0.909  0.000  0.000  0.000  0.000  0.000  0.994
   0.87721    -40.055821  0.000  0.077  0.010  0.908  0.000  0.000  0.000  0.000  0.000  0.994
   0.90970    -40.055742  0.000  0.077  0.011  0.907  0.000  0.000  0.000  0.000  0.000  0.994
   0.94219    -40.055665  0.000  0.077  0.011  0.905  0.000  0.000  0.000  0.000  0.000  0.994
   0.97468    -40.055601  0.000  0.078  0.012  0.904  0.000  0.000  0.000  0.000  0.000  0.994
   1.00717    -40.055536  0.000  0.078  0.013  0.903  0.000  0.000  0.000  0.000  0.000  0.994
   1.03966    -40.055480  0.000  0.078  0.013  0.902  0.000  0.000  0.000  0.000  0.000  0.994
   1.07215    -40.055420  0.000  0.079  0.014  0.902  0.000  0.000  0.000  0.000  0.000  0.994
   1.10464    -40.055371  0.000  0.079  0.014  0.901  0.000  0.000  0.000  0.000  0.000  0.994
   1.13713    -40.055323  0.000  0.079  0.015  0.901  0.000  0.000  0.000  0.000  0.000  0.994
   1.16962    -40.055298  0.000  0.079  0.015  0.900  0.000  0.000  0.000  0.000  0.000  0.994
   1.20211    -40.055282  0.000  0.079  0.015  0.900  0.000  0.000  0.000  0.000  0.000  0.994
   1.23459    -40.055278  0.000  0.079  0.015  0.900  0.000  0.000  0.000  0.000  0.000  0.994
   1.26708    -40.055268  0.000  0.079  0.015  0.900  0.000  0.000  0.000  0.000  0.000  0.994
   1.26708    -40.055268  0.000  0.079  0.015  0.900  0.000  0.000  0.000  0.000  0.000  0.994
   1.29957    -40.055295  0.000  0.079  0.015  0.900  0.000  0.000  0.000  0.000  0.000  0.994
   1.33206    -40.055354  0.000  0.080  0.016  0.898  0.000  0.000  0.000  0.000  0.000  0.994
   1.36455    -40.055465  0.000  0.080  0.017  0.897  0.000  0.000  0.000  0.000  0.000  0.994
   1.39703    -40.055623  0.000  0.081  0.018  0.895  0.000  0.000  0.000  0.000  0.000  0.994
   1.42952    -40.055828  0.000  0.082  0.020  0.892  0.000  0.000  0.000  0.000  0.000  0.994
   1.46201    -40.056065  0.000  0.083  0.023  0.888  0.000  0.000  0.000  0.000  0.000  0.994
   1.49450    -40.056344  0.000  0.084  0.027  0.884  0.000  0.000  0.000  0.000  0.000  0.994
   1.52698    -40.056655  0.000  0.086  0.031  0.877  0.000  0.000  0.000  0.000  0.000  0.994
   1.55947    -40.056997  0.000  0.088  0.038  0.869  0.000  0.000  0.000  0.000  0.000  0.994
   1.59196    -40.057354  0.000  0.090  0.046  0.858  0.000  0.000  0.000  0.000  0.000  0.994
   1.62445    -40.057732  0.000  0.093  0.057  0.844  0.000  0.000  0.000  0.000  0.000  0.994
   1.65693    -40.058131  0.000  0.096  0.072  0.826  0.000  0.000  0.000  0.000  0.000  0.994
   1.68942    -40.058541  0.000  0.099  0.090  0.804  0.000  0.000  0.000  0.000  0.000  0.994
   1.72191    -40.058950  0.000  0.103  0.114  0.776  0.000  0.000  0.000  0.000  0.000  0.994
   1.75440    -40.059354  0.000  0.107  0.146  0.740  0.000  0.000  0.000  0.000  0.000  0.994
   1.78688    -40.059725  0.000  0.112  0.185  0.697  0.000  0.000  0.000  0.000  0.000  0.994
   1.81937    -40.060097  0.000  0.116  0.232  0.646  0.000  0.000  0.000  0.000  0.000  0.994
   1.85186    -40.060404  0.000  0.119  0.289  0.586  0.000  0.000  0.000  0.000  0.000  0.994
   1.88435    -40.060657  0.000  0.121  0.348  0.524  0.000  0.000  0.000  0.000  0.000  0.994
   1.91683    -40.060865  0.000  0.123  0.408  0.463  0.000  0.000  0.000  0.000  0.000  0.994
   1.94932    -40.061034  0.000  0.123  0.468  0.403  0.000  0.000  0.000  0.000  0.000  0.994
   1.98181    -40.061158  0.000  0.122  0.521  0.350  0.000  0.000  0.000  0.000  0.000  0.994
   2.01429    -40.061257  0.000  0.121  0.568  0.304  0.000  0.000  0.000  0.000  0.000  0.994
   2.04678    -40.061320  0.000  0.119  0.608  0.266  0.000  0.000  0.000  0.000  0.000  0.994
   2.07927    -40.061355  0.000  0.118  0.641  0.235  0.000  0.000  0.000  0.000  0.000  0.994
   2.11176    -40.061375  0.000  0.116  0.668  0.209  0.000  0.000  0.000  0.000  0.000  0.994
   2.14424    -40.061371  0.000  0.114  0.691  0.188  0.000  0.000  0.000  0.000  0.000  0.994
   2.17673    -40.061349  0.000  0.113  0.709  0.172  0.000  0.000  0.000  0.000  0.000  0.994
   2.20922    -40.061332  0.000  0.111  0.725  0.157  0.000  0.000  0.000  0.000  0.000  0.994
   2.24171    -40.061306  0.000  0.110  0.737  0.146  0.000  0.000  0.000  0.000  0.000  0.994
   2.27419    -40.061288  0.000  0.109  0.748  0.136  0.000  0.000  0.000  0.000  0.000  0.994
   2.30668    -40.061266  0.000  0.108  0.757  0.128  0.000  0.000  0.000  0.000  0.000  0.994
   2.33917    -40.061232  0.000  0.107  0.765  0.122  0.000  0.000  0.000  0.000  0.000  0.994
   2.37166    -40.061205  0.000  0.107  0.770  0.117  0.000  0.000  0.000  0.000  0.000  0.994
   2.40414    -40.061166  0.000  0.106  0.774  0.114  0.000  0.000  0.000  0.000  0.000  0.994
   2.43663    -40.061144  0.000  0.106  0.777  0.111  0.000  0.000  0.000  0.000  0.000  0.994
   2.46912    -40.061118  0.000  0.106  0.779  0.109  0.000  0.000  0.000  0.000  0.000  0.994
   2.50161    -40.061104  0.000  0.106  0.780  0.108  0.000  0.000  0.000  0.000  0.000  0.994
   2.53409    -40.061093  0.000  0.106  0.781  0.108  0.000  0.000  0.000  0.000  0.000  0.994
 
# Band-Index:    6
   2.53409    -39.004582  0.000  0.872  0.064  0.059  0.000  0.000  0.000  0.000  0.000  0.995
   2.50161    -39.004577  0.000  0.872  0.064  0.059  0.000  0.000  0.000  0.000  0.000  0.995
   2.46912    -39.004571  0.000  0.872  0.064  0.059  0.000  0.000  0.000  0.000  0.000  0.995
   2.43663    -39.004565  0.000  0.872  0.064  0.059  0.000  0.000  0.000  0.000  0.000  0.995
   2.40414    -39.004554  0.000  0.872  0.064  0.059  0.000  0.000  0.000  0.000  0.000  0.995
   2.37166    -39.004546  0.000  0.872  0.064  0.059  0.000  0.000  0.000  0.000  0.000  0.995
   2.33917    -39.004532  0.000  0.872  0.064  0.059  0.000  0.000  0.000  0.000  0.000  0.995
   2.30668    -39.004518  0.000  0.872  0.064  0.059  0.000  0.000  0.000  0.000  0.000  0.995
   2.27419    -39.004492  0.000  0.872  0.064  0.059  0.000  0.000  0.000  0.000  0.000  0.995
   2.24171    -39.004468  0.000  0.872  0.064  0.059  0.000  0.000  0.000  0.000  0.000  0.995
   2.20922    -39.004446  0.000  0.872  0.064  0.059  0.000  0.000  0.000  0.000  0.000  0.995
   2.17673    -39.004417  0.000  0.872  0.064  0.059  0.000  0.000  0.000  0.000  0.000  0.995
   2.14424    -39.004390  0.000  0.872  0.064  0.059  0.000  0.000  0.000  0.000  0.000  0.995
   2.11176    -39.004371  0.000  0.872  0.064  0.059  0.000  0.000  0.000  0.000  0.000  0.995
   2.07927    -39.004345  0.000  0.872  0.064  0.059  0.000  0.000  0.000  0.000  0.000  0.995
   2.04678    -39.004310  0.000  0.872  0.064  0.059  0.000  0.000  0.000  0.000  0.000  0.995
   2.01429    -39.004265  0.000  0.872  0.064  0.059  0.000  0.000  0.000  0.000  0.000  0.995
   1.98181    -39.004218  0.000  0.872  0.064  0.059  0.000  0.000  0.000  0.000  0.000  0.995
   1.94932    -39.004176  0.000  0.872  0.064  0.059  0.000  0.000  0.000  0.000  0.000  0.995
   1.91683    -39.004128  0.000  0.872  0.064  0.059  0.000  0.000  0.000  0.000  0.000  0.995
   1.88435    -39.004089  0.000  0.872  0.064  0.059  0.000  0.000  0.000  0.000  0.000  0.995
   1.85186    -39.004050  0.000  0.872  0.064  0.059  0.000  0.000  0.000  0.000  0.000  0.995
   1.81937    -39.004001  0.000  0.872  0.064  0.059  0.000  0.000  0.000  0.000  0.000  0.995
   1.78688    -39.003946  0.000  0.872  0.064  0.059  0.000  0.000  0.000  0.000  0.000  0.995
   1.75440    -39.003896  0.000  0.872  0.064  0.059  0.000  0.000  0.000  0.000  0.000  0.995
   1.72191    -39.003850  0.000  0.872  0.063  0.059  0.000  0.000  0.000  0.000  0.000  0.995
   1.68942    -39.003802  0.000  0.872  0.063  0.059  0.000  0.000  0.000  0.000  0.000  0.995
   1.65693    -39.003756  0.000  0.872  0.063  0.059  0.000  0.000  0.000  0.000  0.000  0.995
   1.62445    -39.003712  0.000  0.872  0.063  0.059  0.000  0.000  0.000  0.000  0.000  0.995
   1.59196    -39.003667  0.000  0.872  0.063  0.059  0.000  0.000  0.000  0.000  0.000  0.995
   1.55947    -39.003628  0.000  0.872  0.063  0.059  0.000  0.000  0.000  0.000  0.000  0.995
   1.52698    -39.003587  0.000  0.872  0.063  0.060  0.000  0.000  0.000  0.000  0.000  0.995
   1.49450    -39.003552  0.000  0.872  0.063  0.060  0.000  0.000  0.000  0.000  0.000  0.995
   1.46201    -39.003513  0.000  0.872  0.063  0.060  0.000  0.000  0.000  0.000  0.000  0.995
   1.42952    -39.003480  0.000  0.872  0.063  0.060  0.000  0.000  0.000  0.000  0.000  0.995
   1.39703    -39.003459  0.000  0.872  0.063  0.060  0.000  0.000  0.000  0.000  0.000  0.995
   1.36455    -39.003444  0.000  0.872  0.063  0.060  0.000  0.000  0.000  0.000  0.000  0.995
   1.33206    -39.003435  0.000  0.872  0.063  0.060  0.000  0.000  0.000  0.000  0.000  0.995
   1.29957    -39.003425  0.000  0.872  0.063  0.060  0.000  0.000  0.000  0.000  0.000  0.995
   1.26708    -39.003415  0.000  0.872  0.063  0.060  0.000  0.000  0.000  0.000  0.000  0.995
   1.26708    -39.003415  0.000  0.872  0.063  0.060  0.000  0.000  0.000  0.000  0.000  0.995
   1.23459    -39.003442  0.000  0.872  0.063  0.060  0.000  0.000  0.000  0.000  0.000  0.995
   1.20211    -39.003487  0.000  0.872  0.063  0.060  0.000  0.000  0.000  0.000  0.000  0.995
   1.16962    -39.003564  0.000  0.872  0.063  0.060  0.000  0.000  0.000  0.000  0.000  0.995
   1.13713    -39.003675  0.000  0.872  0.063  0.060  0.000  0.000  0.000  0.000  0.000  0.995
   1.10464    -39.003822  0.000  0.872  0.063  0.060  0.000  0.000  0.000  0.000  0.000  0.995
   1.07215    -39.003996  0.000  0.872  0.063  0.060  0.000  0.000  0.000  0.000  0.000  0.995
   1.03966    -39.004203  0.000  0.872  0.064  0.060  0.000  0.000  0.000  0.000  0.000  0.995
   1.00717    -39.004426  0.000  0.872  0.064  0.060  0.000  0.000  0.000  0.000  0.000  0.995
   0.97468    -39.004682  0.000  0.871  0.064  0.060  0.000  0.000  0.000  0.000  0.000  0.995
   0.94219    -39.004948  0.000  0.871  0.064  0.060  0.000  0.000  0.000  0.000  0.000  0.995
   0.90970    -39.005235  0.000  0.871  0.064  0.060  0.000  0.000  0.000  0.000  0.000  0.995
   0.87721    -39.005544  0.000  0.871  0.064  0.060  0.000  0.000  0.000  0.000  0.000  0.995
   0.84472    -39.005875  0.000  0.871  0.064  0.060  0.000  0.000  0.000  0.000  0.000  0.995
   0.81223    -39.006219  0.000  0.871  0.064  0.060  0.000  0.000  0.000  0.000  0.000  0.995
   0.77974    -39.006571  0.000  0.871  0.064  0.060  0.000  0.000  0.000  0.000  0.000  0.995
   0.74725    -39.006931  0.000  0.870  0.064  0.060  0.000  0.000  0.000  0.000  0.000  0.995
   0.71477    -39.007312  0.000  0.870  0.064  0.060  0.000  0.000  0.000  0.000  0.000  0.995
   0.68228    -39.007688  0.000  0.870  0.064  0.060  0.000  0.000  0.000  0.000  0.000  0.995
   0.64979    -39.008046  0.000  0.870  0.064  0.060  0.000  0.000  0.000  0.000  0.000  0.995
   0.61730    -39.008409  0.000  0.870  0.065  0.060  0.000  0.000  0.000  0.000  0.000  0.995
   0.58481    -39.008788  0.000  0.870  0.065  0.060  0.000  0.000  0.000  0.000  0.000  0.995
   0.55232    -39.009153  0.000  0.869  0.065  0.060  0.000  0.000  0.000  0.000  0.000  0.994
   0.51983    -39.009521  0.000  0.869  0.065  0.060  0.000  0.000  0.000  0.000  0.000  0.994
   0.48734    -39.009876  0.000  0.869  0.065  0.060  0.000  0.000  0.000  0.000  0.000  0.994
   0.45485    -39.010211  0.000  0.869  0.065  0.060  0.000  0.000  0.000  0.000  0.000  0.994
   0.42236    -39.010534  0.000  0.869  0.065  0.061  0.000  0.000  0.000  0.000  0.000  0.994
   0.38987    -39.010829  0.000  0.869  0.065  0.061  0.000  0.000  0.000  0.000  0.000  0.994
   0.35738    -39.011118  0.000  0.868  0.065  0.061  0.000  0.000  0.000  0.000  0.000  0.994
   0.32489    -39.011394  0.000  0.868  0.065  0.061  0.000  0.000  0.000  0.000  0.000  0.994
   0.29240    -39.011639  0.000  0.868  0.065  0.061  0.000  0.000  0.000  0.000  0.000  0.994
   0.25991    -39.011884  0.000  0.868  0.065  0.061  0.000  0.000  0.000  0.000  0.000  0.994
   0.22743    -39.012105  0.000  0.868  0.066  0.061  0.000  0.000  0.000  0.000  0.000  0.994
   0.19494    -39.012285  0.000  0.868  0.066  0.061  0.000  0.000  0.000  0.000  0.000  0.994
   0.16245    -39.012440  0.000  0.868  0.066  0.061  0.000  0.000  0.000  0.000  0.000  0.994
   0.12996    -39.012552  0.000  0.868  0.066  0.061  0.000  0.000  0.000  0.000  0.000  0.994
   0.09747    -39.012658  0.000  0.868  0.066  0.061  0.000  0.000  0.000  0.000  0.000  0.994
   0.06498    -39.012715  0.000  0.868  0.066  0.061  0.000  0.000  0.000  0.000  0.000  0.994
   0.03249    -39.012761  0.000  0.868  0.066  0.061  0.000  0.000  0.000  0.000  0.000  0.994
   0.00000    -39.012775  0.000  0.868  0.066  0.061  0.000  0.000  0.000  0.000  0.000  0.994
 
# Band-Index:    7
   0.00000    -12.103683  0.663  0.000  0.000  0.000  0.002  0.021  0.002  0.000  0.005  0.696
   0.03249    -12.105937  0.662  0.001  0.001  0.000  0.002  0.020  0.002  0.000  0.005  0.695
   0.06498    -12.111729  0.659  0.003  0.001  0.000  0.001  0.018  0.002  0.000  0.004  0.691
   0.09747    -12.119793  0.658  0.003  0.002  0.000  0.001  0.017  0.002  0.000  0.004  0.688
   0.12996    -12.129402  0.655  0.003  0.002  0.000  0.001  0.016  0.002  0.000  0.003  0.686
   0.16245    -12.140099  0.654  0.003  0.003  0.000  0.001  0.016  0.002  0.000  0.003  0.684
   0.19494    -12.151577  0.653  0.003  0.003  0.000  0.001  0.016  0.001  0.000  0.003  0.683
   0.22743    -12.163779  0.653  0.002  0.004  0.000  0.001  0.017  0.002  0.000  0.003  0.684
   0.25991    -12.177490  0.655  0.001  0.003  0.000  0.001  0.018  0.002  0.000  0.004  0.685
   0.29240    -12.196055  0.656  0.002  0.001  0.000  0.001  0.015  0.002  0.000  0.005  0.686
   0.32489    -12.222034  0.655  0.005  0.002  0.000  0.001  0.011  0.002  0.000  0.005  0.683
   0.35738    -12.253457  0.652  0.007  0.002  0.000  0.001  0.009  0.002  0.000  0.005  0.678
   0.38987    -12.288975  0.648  0.007  0.002  0.000  0.001  0.007  0.002  0.000  0.005  0.675
   0.42236    -12.327997  0.646  0.007  0.003  0.000  0.001  0.006  0.002  0.000  0.005  0.672
   0.45485    -12.370103  0.644  0.007  0.003  0.000  0.001  0.005  0.002  0.000  0.005  0.667
   0.48734    -12.414901  0.643  0.007  0.003  0.000  0.001  0.005  0.002  0.000  0.004  0.663
   0.51983    -12.461991  0.639  0.007  0.003  0.000  0.001  0.004  0.002  0.000  0.004  0.661
   0.55232    -12.510955  0.635  0.007  0.002  0.000  0.001  0.004  0.002  0.000  0.004  0.658
   0.58481    -12.561366  0.634  0.006  0.002  0.000  0.001  0.003  0.000  0.000  0.004  0.654
   0.61730    -12.612785  0.631  0.006  0.002  0.000  0.001  0.003  0.000  0.000  0.004  0.650
   0.64979    -12.664777  0.629  0.005  0.002  0.000  0.001  0.003  0.000  0.000  0.005  0.647
   0.68228    -12.716904  0.626  0.005  0.002  0.000  0.001  0.002  0.000  0.000  0.005  0.643
   0.71477    -12.768739  0.624  0.005  0.002  0.000  0.001  0.002  0.000  0.000  0.004  0.641
   0.74725    -12.819874  0.623  0.004  0.002  0.000  0.001  0.002  0.000  0.000  0.004  0.638
   0.77974    -12.869913  0.620  0.004  0.002  0.000  0.001  0.002  0.000  0.000  0.004  0.635
   0.81223    -12.918481  0.619  0.003  0.002  0.000  0.000  0.001  0.000  0.000  0.004  0.631
   0.84472    -12.965225  0.617  0.003  0.002  0.000  0.000  0.000  0.000  0.000  0.004  0.630
   0.87721    -13.009818  0.615  0.002  0.001  0.000  0.000  0.000  0.000  0.000  0.004  0.626
   0.90970    -13.051951  0.614  0.002  0.001  0.000  0.000  0.000  0.000  0.000  0.004  0.624
   0.94219    -13.091346  0.614  0.002  0.000  0.000  0.000  0.000  0.000  0.000  0.004  0.622
   0.97468    -13.127749  0.611  0.001  0.000  0.000  0.000  0.000  0.000  0.000  0.004  0.621
   1.00717    -13.160927  0.610  0.001  0.000  0.000  0.000  0.000  0.000  0.000  0.004  0.619
   1.03966    -13.190677  0.609  0.001  0.000  0.000  0.000  0.000  0.000  0.000  0.003  0.618
   1.07215    -13.216819  0.610  0.001  0.000  0.000  0.000  0.000  0.000  0.000  0.003  0.616
   1.10464    -13.239199  0.608  0.000  0.000  0.000  0.000  0.000  0.000  0.000  0.003  0.614
   1.13713    -13.257687  0.607  0.000  0.000  0.000  0.000  0.000  0.000  0.000  0.003  0.613
   1.16962    -13.272176  0.608  0.000  0.000  0.000  0.000  0.000  0.000  0.000  0.003  0.614
   1.20211    -13.282584  0.608  0.000  0.000  0.000  0.000  0.000  0.000  0.000  0.003  0.614
   1.23459    -13.288852  0.606  0.000  0.000  0.000  0.000  0.000  0.000  0.000  0.003  0.612
   1.26708    -13.290944  0.606  0.000  0.000  0.000  0.000  0.000  0.000  0.000  0.003  0.612
   1.26708    -13.290944  0.606  0.000  0.000  0.000  0.000  0.000  0.000  0.000  0.003  0.612
   1.29957    -13.288915  0.606  0.000  0.000  0.000  0.000  0.000  0.000  0.000  0.003  0.612
   1.33206    -13.282834  0.607  0.000  0.000  0.000  0.000  0.000  0.000  0.000  0.003  0.614
   1.36455    -13.272740  0.608  0.000  0.000  0.000  0.000  0.000  0.000  0.000  0.003  0.614
   1.39703    -13.258696  0.607  0.000  0.000  0.000  0.000  0.000  0.000  0.000  0.004  0.613
   1.42952    -13.240789  0.609  0.000  0.000  0.000  0.000  0.000  0.000  0.000  0.004  0.615
   1.46201    -13.219126  0.609  0.000  0.000  0.001  0.001  0.000  0.000  0.000  0.004  0.617
   1.49450    -13.193847  0.609  0.000  0.000  0.001  0.001  0.000  0.000  0.000  0.004  0.618
   1.52698    -13.165110  0.610  0.000  0.000  0.001  0.001  0.000  0.000  0.000  0.004  0.619
   1.55947    -13.133104  0.611  0.000  0.000  0.001  0.001  0.000  0.000  0.001  0.004  0.622
   1.59196    -13.098037  0.612  0.000  0.000  0.001  0.001  0.000  0.000  0.001  0.004  0.624
   1.62445    -13.060149  0.613  0.000  0.000  0.002  0.001  0.000  0.000  0.001  0.004  0.625
   1.65693    -13.019699  0.615  0.000  0.002  0.002  0.001  0.000  0.000  0.001  0.005  0.628
   1.68942    -12.976975  0.615  0.000  0.002  0.002  0.001  0.000  0.000  0.001  0.005  0.630
   1.72191    -12.932282  0.618  0.000  0.002  0.003  0.001  0.000  0.001  0.001  0.005  0.634
   1.75440    -12.885952  0.619  0.000  0.002  0.003  0.001  0.000  0.001  0.002  0.005  0.635
   1.78688    -12.838336  0.621  0.000  0.002  0.003  0.001  0.000  0.001  0.002  0.006  0.639
   1.81937    -12.789811  0.623  0.000  0.002  0.004  0.001  0.000  0.001  0.002  0.006  0.642
   1.85186    -12.740762  0.625  0.000  0.002  0.004  0.002  0.000  0.001  0.002  0.006  0.646
   1.88435    -12.691591  0.628  0.000  0.002  0.004  0.002  0.000  0.001  0.002  0.006  0.649
   1.91683    -12.642714  0.630  0.000  0.002  0.005  0.002  0.000  0.001  0.004  0.007  0.651
   1.94932    -12.594559  0.632  0.000  0.002  0.005  0.002  0.000  0.001  0.004  0.007  0.656
   1.98181    -12.547553  0.635  0.000  0.002  0.005  0.002  0.000  0.001  0.005  0.008  0.659
   2.01429    -12.502134  0.637  0.000  0.002  0.005  0.002  0.000  0.001  0.005  0.008  0.663
   2.04678    -12.458731  0.639  0.000  0.002  0.005  0.003  0.000  0.001  0.006  0.008  0.666
   2.07927    -12.417775  0.640  0.000  0.002  0.005  0.003  0.000  0.001  0.007  0.008  0.669
   2.11176    -12.379683  0.644  0.000  0.002  0.004  0.003  0.000  0.001  0.008  0.008  0.674
   2.14424    -12.344843  0.646  0.000  0.001  0.004  0.003  0.000  0.002  0.009  0.009  0.677
   2.17673    -12.313578  0.648  0.000  0.001  0.003  0.003  0.000  0.002  0.010  0.009  0.681
   2.20922    -12.286080  0.650  0.000  0.001  0.002  0.003  0.000  0.002  0.012  0.009  0.683
   2.24171    -12.262327  0.651  0.000  0.001  0.002  0.003  0.000  0.002  0.013  0.010  0.685
   2.27419    -12.242075  0.653  0.000  0.001  0.001  0.004  0.000  0.003  0.014  0.010  0.688
   2.30668    -12.224912  0.653  0.000  0.002  0.001  0.004  0.000  0.003  0.015  0.010  0.688
   2.33917    -12.210414  0.656  0.000  0.001  0.000  0.004  0.000  0.003  0.016  0.010  0.691
   2.37166    -12.198262  0.656  0.000  0.000  0.000  0.004  0.000  0.003  0.016  0.010  0.691
   2.40414    -12.188285  0.656  0.000  0.000  0.000  0.005  0.000  0.003  0.017  0.011  0.693
   2.43663    -12.180436  0.658  0.000  0.000  0.000  0.005  0.000  0.003  0.017  0.011  0.694
   2.46912    -12.174750  0.658  0.000  0.000  0.000  0.005  0.000  0.003  0.017  0.011  0.695
   2.50161    -12.171298  0.658  0.000  0.000  0.000  0.005  0.000  0.003  0.017  0.011  0.696
   2.53409    -12.170138  0.658  0.000  0.000  0.000  0.005  0.000  0.003  0.017  0.011  0.696
 
# Band-Index:    8
   2.53409    -12.082111  0.648  0.000  0.008  0.016  0.000  0.000  0.000  0.000  0.000  0.673
   2.50161    -12.083157  0.648  0.000  0.008  0.016  0.000  0.000  0.000  0.000  0.000  0.673
   2.46912    -12.086298  0.648  0.000  0.008  0.016  0.000  0.000  0.000  0.000  0.000  0.672
   2.43663    -12.091541  0.649  0.000  0.008  0.015  0.000  0.000  0.000  0.000  0.000  0.672
   2.40414    -12.098861  0.647  0.000  0.008  0.015  0.000  0.000  0.000  0.000  0.000  0.672
   2.37166    -12.108166  0.647  0.000  0.008  0.015  0.000  0.000  0.000  0.000  0.000  0.671
   2.33917    -12.119242  0.646  0.000  0.008  0.014  0.000  0.000  0.000  0.000  0.000  0.670
   2.30668    -12.131712  0.646  0.000  0.008  0.013  0.000  0.000  0.000  0.000  0.000  0.669
   2.27419    -12.145012  0.645  0.000  0.010  0.012  0.000  0.000  0.000  0.001  0.000  0.668
   2.24171    -12.158446  0.644  0.000  0.010  0.011  0.000  0.000  0.000  0.001  0.000  0.667
   2.20922    -12.171293  0.643  0.000  0.011  0.010  0.000  0.000  0.000  0.002  0.000  0.667
   2.17673    -12.182954  0.642  0.000  0.011  0.009  0.000  0.000  0.000  0.003  0.000  0.666
   2.14424    -12.193046  0.642  0.000  0.011  0.008  0.000  0.000  0.000  0.004  0.000  0.665
   2.11176    -12.201361  0.642  0.000  0.011  0.007  0.000  0.000  0.000  0.004  0.000  0.665
   2.07927    -12.207805  0.640  0.000  0.012  0.006  0.000  0.000  0.000  0.005  0.000  0.663
   2.04678    -12.212345  0.641  0.000  0.012  0.005  0.000  0.000  0.000  0.005  0.000  0.664
   2.01429    -12.214971  0.640  0.000  0.013  0.005  0.000  0.000  0.000  0.005  0.000  0.664
   1.98181    -12.215685  0.641  0.000  0.013  0.003  0.000  0.000  0.000  0.005  0.000  0.663
   1.94932    -12.214506  0.641  0.000  0.014  0.003  0.000  0.000  0.000  0.005  0.000  0.664
   1.91683    -12.211470  0.641  0.000  0.014  0.002  0.000  0.000  0.000  0.005  0.000  0.664
   1.88435    -12.206632  0.641  0.000  0.015  0.002  0.000  0.000  0.000  0.005  0.000  0.663
   1.85186    -12.200072  0.641  0.000  0.016  0.002  0.000  0.000  0.000  0.004  0.000  0.664
   1.81937    -12.191898  0.642  0.000  0.016  0.002  0.000  0.000  0.000  0.004  0.000  0.665
   1.78688    -12.182238  0.641  0.000  0.017  0.001  0.000  0.000  0.000  0.004  0.000  0.665
   1.75440    -12.171258  0.642  0.000  0.018  0.001  0.000  0.000  0.000  0.003  0.000  0.665
   1.72191    -12.159144  0.644  0.000  0.019  0.001  0.000  0.000  0.000  0.003  0.000  0.667
   1.68942    -12.146111  0.644  0.000  0.019  0.000  0.000  0.000  0.000  0.003  0.000  0.666
   1.65693    -12.132396  0.644  0.000  0.020  0.000  0.000  0.000  0.000  0.002  0.000  0.668
   1.62445    -12.118263  0.645  0.000  0.021  0.000  0.000  0.000  0.000  0.002  0.000  0.669
   1.59196    -12.103985  0.646  0.000  0.021  0.000  0.000  0.000  0.000  0.002  0.000  0.670
   1.55947    -12.089854  0.647  0.000  0.020  0.000  0.000  0.000  0.000  0.002  0.000  0.671
   1.52698    -12.076165  0.648  0.000  0.020  0.000  0.000  0.000  0.000  0.001  0.000  0.671
   1.49450    -12.063215  0.650  0.000  0.020  0.000  0.000  0.000  0.000  0.001  0.000  0.672
   1.46201    -12.051294  0.650  0.000  0.022  0.000  0.000  0.000  0.000  0.001  0.000  0.673
   1.42952    -12.040675  0.650  0.000  0.022  0.000  0.000  0.000  0.000  0.001  0.000  0.675
   1.39703    -12.031610  0.652  0.000  0.022  0.000  0.000  0.000  0.000  0.000  0.000  0.674
   1.36455    -12.024317  0.650  0.000  0.022  0.000  0.000  0.000  0.000  0.000  0.000  0.676
   1.33206    -12.018972  0.652  0.000  0.022  0.000  0.000  0.000  0.000  0.000  0.000  0.676
   1.29957    -12.015711  0.652  0.000  0.023  0.000  0.000  0.000  0.000  0.000  0.000  0.676
   1.26708    -12.014615  0.652  0.000  0.023  0.000  0.000  0.000  0.000  0.000  0.000  0.675
   1.26708    -12.014615  0.652  0.000  0.023  0.000  0.000  0.000  0.000  0.000  0.000  0.675
   1.23459    -12.015729  0.652  0.000  0.023  0.000  0.000  0.000  0.000  0.000  0.000  0.676
   1.20211    -12.019046  0.652  0.000  0.023  0.000  0.000  0.000  0.000  0.000  0.000  0.676
   1.16962    -12.024483  0.650  0.000  0.022  0.000  0.000  0.000  0.000  0.000  0.000  0.676
   1.13713    -12.031908  0.652  0.000  0.022  0.000  0.000  0.000  0.000  0.000  0.000  0.674
   1.10464    -12.041143  0.650  0.000  0.022  0.000  0.000  0.001  0.000  0.000  0.000  0.673
   1.07215    -12.051973  0.650  0.000  0.021  0.000  0.000  0.001  0.000  0.000  0.000  0.673
   1.03966    -12.064145  0.650  0.000  0.021  0.000  0.000  0.001  0.000  0.000  0.000  0.672
   1.00717    -12.077387  0.648  0.000  0.021  0.000  0.000  0.002  0.000  0.000  0.000  0.671
   0.97468    -12.091411  0.647  0.000  0.019  0.000  0.000  0.002  0.000  0.000  0.000  0.670
   0.94219    -12.105919  0.646  0.000  0.021  0.000  0.000  0.002  0.000  0.000  0.000  0.670
   0.90970    -12.120613  0.645  0.000  0.020  0.000  0.000  0.003  0.000  0.000  0.000  0.670
   0.87721    -12.135201  0.644  0.000  0.020  0.000  0.000  0.003  0.000  0.000  0.000  0.668
   0.84472    -12.149406  0.643  0.000  0.019  0.000  0.000  0.004  0.000  0.000  0.000  0.667
   0.81223    -12.162963  0.642  0.000  0.018  0.000  0.000  0.004  0.000  0.000  0.000  0.665
   0.77974    -12.175631  0.643  0.001  0.017  0.000  0.000  0.005  0.000  0.000  0.000  0.667
   0.74725    -12.187190  0.641  0.001  0.017  0.000  0.000  0.005  0.000  0.000  0.000  0.665
   0.71477    -12.197452  0.641  0.001  0.016  0.000  0.000  0.006  0.000  0.000  0.000  0.665
   0.68228    -12.206249  0.641  0.002  0.015  0.000  0.000  0.006  0.000  0.000  0.000  0.664
   0.64979    -12.213450  0.641  0.002  0.014  0.000  0.000  0.007  0.000  0.000  0.000  0.665
   0.61730    -12.218955  0.640  0.002  0.014  0.000  0.000  0.007  0.000  0.000  0.000  0.664
   0.58481    -12.222688  0.639  0.002  0.014  0.000  0.000  0.007  0.000  0.000  0.000  0.664
   0.55232    -12.224610  0.640  0.002  0.012  0.000  0.000  0.008  0.000  0.000  0.000  0.665
   0.51983    -12.224710  0.641  0.003  0.012  0.000  0.001  0.008  0.000  0.000  0.000  0.665
   0.48734    -12.223007  0.640  0.004  0.011  0.000  0.001  0.008  0.000  0.000  0.000  0.665
   0.45485    -12.219547  0.640  0.005  0.011  0.000  0.001  0.008  0.000  0.000  0.000  0.666
   0.42236    -12.214395  0.641  0.005  0.010  0.000  0.001  0.008  0.000  0.000  0.000  0.666
   0.38987    -12.207624  0.642  0.006  0.010  0.000  0.001  0.008  0.000  0.000  0.000  0.667
   0.35738    -12.199268  0.642  0.007  0.010  0.000  0.000  0.007  0.000  0.000  0.000  0.668
   0.32489    -12.189167  0.642  0.009  0.009  0.000  0.000  0.006  0.000  0.000  0.000  0.667
   0.29240    -12.176371  0.642  0.013  0.007  0.000  0.000  0.002  0.000  0.000  0.000  0.666
   0.25991    -12.159284  0.647  0.014  0.006  0.000  0.000  0.000  0.000  0.000  0.001  0.670
   0.22743    -12.140793  0.650  0.014  0.005  0.000  0.001  0.002  0.000  0.000  0.002  0.674
   0.19494    -12.124528  0.652  0.013  0.005  0.000  0.001  0.004  0.000  0.000  0.002  0.677
   0.16245    -12.111523  0.653  0.013  0.005  0.000  0.001  0.004  0.000  0.000  0.002  0.679
   0.12996    -12.101921  0.652  0.013  0.005  0.000  0.001  0.005  0.000  0.000  0.002  0.680
   0.09747    -12.095583  0.652  0.013  0.005  0.000  0.001  0.005  0.000  0.000  0.002  0.678
   0.06498    -12.092170  0.651  0.015  0.005  0.000  0.000  0.003  0.000  0.000  0.001  0.677
   0.03249    -12.091042  0.648  0.016  0.006  0.000  0.000  0.001  0.000  0.000  0.000  0.674
   0.00000    -12.090982  0.647  0.017  0.007  0.000  0.000  0.000  0.000  0.000  0.000  0.672
 
# Band-Index:    9
   0.00000     -5.199412  0.115  0.244  0.028  0.002  0.009  0.017  0.080  0.007  0.006  0.506
   0.03249     -5.196846  0.115  0.244  0.028  0.002  0.009  0.016  0.080  0.007  0.006  0.506
   0.06498     -5.189120  0.116  0.244  0.029  0.002  0.009  0.015  0.079  0.007  0.006  0.506
   0.09747     -5.176212  0.115  0.245  0.030  0.002  0.010  0.015  0.078  0.007  0.006  0.504
   0.12996     -5.158036  0.114  0.247  0.030  0.002  0.010  0.014  0.076  0.008  0.006  0.504
   0.16245     -5.134520  0.113  0.247  0.030  0.002  0.010  0.014  0.073  0.007  0.006  0.502
   0.19494     -5.105521  0.112  0.248  0.032  0.003  0.011  0.012  0.071  0.007  0.007  0.502
   0.22743     -5.070934  0.110  0.249  0.032  0.003  0.011  0.011  0.068  0.007  0.007  0.499
   0.25991     -5.030606  0.109  0.250  0.034  0.003  0.012  0.009  0.065  0.007  0.008  0.499
   0.29240     -4.984436  0.110  0.251  0.036  0.003  0.013  0.009  0.061  0.008  0.008  0.498
   0.32489     -4.932357  0.109  0.250  0.038  0.003  0.014  0.008  0.058  0.008  0.009  0.498
   0.35738     -4.874418  0.109  0.249  0.043  0.003  0.014  0.007  0.054  0.007  0.010  0.498
   0.38987     -4.810888  0.110  0.246  0.048  0.003  0.015  0.006  0.050  0.008  0.011  0.500
   0.42236     -4.742460  0.112  0.241  0.058  0.003  0.016  0.007  0.045  0.008  0.011  0.503
   0.45485     -4.670735  0.115  0.232  0.072  0.003  0.016  0.008  0.040  0.008  0.012  0.508
   0.48734     -4.599378  0.118  0.215  0.096  0.003  0.016  0.012  0.033  0.008  0.013  0.514
   0.51983     -4.536697  0.121  0.182  0.140  0.003  0.015  0.022  0.022  0.008  0.017  0.527
   0.55232     -4.497647  0.118  0.131  0.201  0.000  0.012  0.037  0.009  0.006  0.025  0.540
   0.58481     -4.493334  0.108  0.087  0.252  0.000  0.009  0.051  0.001  0.005  0.037  0.552
   0.61730     -4.518189  0.102  0.059  0.277  0.000  0.007  0.057  0.002  0.005  0.047  0.558
   0.64979     -4.561729  0.097  0.044  0.290  0.000  0.006  0.058  0.007  0.004  0.053  0.560
   0.68228     -4.617335  0.096  0.033  0.297  0.000  0.006  0.056  0.013  0.004  0.056  0.559
   0.71477     -4.681275  0.094  0.025  0.299  0.000  0.006  0.052  0.021  0.004  0.057  0.557
   0.74725     -4.751124  0.094  0.019  0.300  0.000  0.006  0.047  0.027  0.004  0.057  0.554
   0.77974     -4.825059  0.095  0.015  0.299  0.000  0.006  0.043  0.032  0.005  0.055  0.550
   0.81223     -4.901544  0.096  0.012  0.299  0.000  0.006  0.038  0.037  0.005  0.053  0.546
   0.84472     -4.979185  0.095  0.010  0.298  0.000  0.006  0.035  0.040  0.005  0.052  0.543
   0.87721     -5.056700  0.096  0.007  0.297  0.000  0.007  0.031  0.044  0.005  0.050  0.537
   0.90970     -5.132890  0.099  0.004  0.295  0.000  0.007  0.028  0.047  0.005  0.048  0.533
   0.94219     -5.206613  0.100  0.004  0.293  0.000  0.006  0.025  0.049  0.005  0.047  0.528
   0.97468     -5.276808  0.100  0.003  0.291  0.000  0.006  0.022  0.050  0.006  0.044  0.524
   1.00717     -5.342482  0.100  0.003  0.290  0.000  0.007  0.020  0.051  0.006  0.043  0.521
   1.03966     -5.402723  0.101  0.002  0.287  0.000  0.007  0.018  0.052  0.006  0.041  0.516
   1.07215     -5.456698  0.103  0.001  0.286  0.000  0.007  0.016  0.054  0.006  0.040  0.513
   1.10464     -5.503670  0.102  0.001  0.284  0.000  0.007  0.015  0.054  0.006  0.040  0.510
   1.13713     -5.543010  0.102  0.001  0.284  0.000  0.007  0.014  0.055  0.006  0.038  0.508
   1.16962     -5.574166  0.103  0.000  0.282  0.000  0.007  0.013  0.055  0.006  0.038  0.506
   1.20211     -5.596725  0.105  0.000  0.282  0.000  0.007  0.013  0.055  0.005  0.037  0.504
   1.23459     -5.610389  0.103  0.000  0.282  0.000  0.007  0.012  0.055  0.005  0.037  0.504
   1.26708     -5.614962  0.103  0.002  0.282  0.000  0.007  0.012  0.055  0.005  0.037  0.503
   1.26708     -5.614962  0.103  0.002  0.282  0.000  0.007  0.012  0.055  0.005  0.037  0.503
   1.29957     -5.610888  0.103  0.001  0.282  0.000  0.007  0.012  0.055  0.006  0.037  0.504
   1.33206     -5.598742  0.104  0.000  0.282  0.000  0.007  0.012  0.055  0.006  0.038  0.504
   1.36455     -5.578753  0.103  0.000  0.282  0.000  0.008  0.012  0.055  0.006  0.039  0.507
   1.39703     -5.551288  0.102  0.000  0.283  0.001  0.008  0.013  0.055  0.006  0.041  0.508
   1.42952     -5.516863  0.102  0.000  0.284  0.001  0.009  0.013  0.054  0.006  0.043  0.511
   1.46201     -5.476138  0.102  0.000  0.284  0.001  0.010  0.013  0.054  0.007  0.046  0.515
   1.49450     -5.429892  0.100  0.000  0.284  0.002  0.010  0.013  0.053  0.007  0.049  0.520
   1.52698     -5.379007  0.099  0.000  0.285  0.002  0.011  0.014  0.053  0.007  0.053  0.525
   1.55947     -5.324484  0.098  0.000  0.285  0.002  0.012  0.013  0.051  0.007  0.058  0.531
   1.59196     -5.267391  0.097  0.000  0.285  0.005  0.014  0.013  0.051  0.008  0.064  0.537
   1.62445     -5.208865  0.095  0.000  0.284  0.005  0.016  0.013  0.050  0.008  0.070  0.543
   1.65693     -5.150071  0.093  0.000  0.283  0.007  0.018  0.013  0.048  0.009  0.077  0.551
   1.68942     -5.092191  0.091  0.000  0.281  0.010  0.020  0.013  0.047  0.011  0.084  0.558
   1.72191     -5.036381  0.090  0.000  0.278  0.013  0.022  0.013  0.045  0.011  0.092  0.566
   1.75440     -4.983747  0.087  0.000  0.274  0.016  0.024  0.013  0.042  0.012  0.101  0.572
   1.78688     -4.935328  0.087  0.000  0.268  0.022  0.026  0.012  0.040  0.013  0.110  0.578
   1.81937     -4.892070  0.084  0.000  0.262  0.027  0.029  0.011  0.037  0.014  0.118  0.583
   1.85186     -4.854817  0.084  0.000  0.254  0.035  0.030  0.010  0.034  0.015  0.125  0.588
   1.88435     -4.824332  0.083  0.000  0.244  0.042  0.032  0.009  0.031  0.017  0.132  0.590
   1.91683     -4.801286  0.082  0.000  0.232  0.055  0.033  0.007  0.027  0.018  0.137  0.593
   1.94932     -4.786251  0.081  0.000  0.218  0.066  0.033  0.006  0.024  0.020  0.140  0.591
   1.98181     -4.779667  0.082  0.000  0.202  0.082  0.032  0.004  0.022  0.023  0.141  0.588
   2.01429     -4.781762  0.083  0.000  0.185  0.100  0.031  0.003  0.018  0.026  0.138  0.582
   2.04678     -4.792387  0.082  0.002  0.167  0.118  0.029  0.002  0.015  0.029  0.132  0.576
   2.07927     -4.810922  0.084  0.002  0.148  0.137  0.025  0.001  0.013  0.032  0.124  0.565
   2.11176     -4.836259  0.084  0.002  0.130  0.155  0.022  0.000  0.012  0.037  0.112  0.556
   2.14424     -4.866945  0.087  0.003  0.114  0.170  0.018  0.000  0.013  0.042  0.101  0.546
   2.17673     -4.901384  0.087  0.003  0.100  0.184  0.014  0.000  0.012  0.047  0.089  0.537
   2.20922     -4.938022  0.090  0.003  0.089  0.194  0.011  0.000  0.013  0.053  0.079  0.531
   2.24171     -4.975429  0.093  0.003  0.079  0.203  0.008  0.001  0.012  0.059  0.069  0.526
   2.27419     -5.012328  0.093  0.003  0.070  0.209  0.006  0.001  0.013  0.064  0.060  0.521
   2.30668     -5.047594  0.096  0.002  0.064  0.214  0.004  0.002  0.014  0.069  0.053  0.519
   2.33917     -5.080216  0.097  0.002  0.058  0.218  0.003  0.002  0.015  0.074  0.047  0.516
   2.37166     -5.109331  0.098  0.002  0.054  0.220  0.002  0.003  0.015  0.077  0.042  0.514
   2.40414     -5.134180  0.100  0.002  0.050  0.221  0.001  0.003  0.016  0.081  0.038  0.513
   2.43663     -5.154163  0.101  0.002  0.048  0.223  0.001  0.004  0.016  0.083  0.035  0.514
   2.46912     -5.168776  0.102  0.002  0.046  0.223  0.001  0.004  0.016  0.085  0.033  0.512
   2.50161     -5.177688  0.102  0.002  0.045  0.224  0.000  0.004  0.016  0.086  0.032  0.512
   2.53409     -5.180681  0.102  0.002  0.044  0.224  0.000  0.004  0.016  0.087  0.032  0.512
 
# Band-Index:   10
   2.53409     -4.054793  0.002  0.011  0.044  0.363  0.000  0.000  0.000  0.000  0.000  0.420
   2.50161     -4.067674  0.006  0.010  0.057  0.333  0.005  0.002  0.010  0.003  0.012  0.439
   2.46912     -4.096065  0.014  0.009  0.072  0.297  0.008  0.005  0.024  0.008  0.024  0.462
   2.43663     -4.129028  0.018  0.009  0.084  0.274  0.010  0.005  0.032  0.011  0.030  0.475
   2.40414     -4.162198  0.025  0.009  0.089  0.259  0.010  0.005  0.037  0.014  0.031  0.481
   2.37166     -4.193600  0.029  0.009  0.093  0.250  0.009  0.005  0.041  0.016  0.029  0.484
   2.33917     -4.221991  0.034  0.009  0.097  0.244  0.008  0.006  0.044  0.018  0.027  0.485
   2.30668     -4.246443  0.039  0.009  0.097  0.237  0.007  0.005  0.046  0.021  0.024  0.487
   2.27419     -4.266175  0.043  0.009  0.099  0.233  0.006  0.005  0.049  0.023  0.022  0.488
   2.24171     -4.280515  0.048  0.009  0.099  0.229  0.006  0.005  0.051  0.025  0.019  0.489
   2.20922     -4.288861  0.050  0.009  0.098  0.227  0.006  0.004  0.053  0.026  0.016  0.489
   2.17673     -4.290582  0.054  0.009  0.097  0.227  0.005  0.004  0.056  0.026  0.012  0.490
   2.14424     -4.285004  0.057  0.009  0.093  0.229  0.005  0.004  0.058  0.026  0.008  0.489
   2.11176     -4.271370  0.060  0.008  0.088  0.231  0.005  0.004  0.060  0.026  0.005  0.488
   2.07927     -4.248876  0.061  0.010  0.081  0.236  0.006  0.003  0.061  0.024  0.004  0.488
   2.04678     -4.216827  0.064  0.010  0.074  0.241  0.007  0.003  0.063  0.023  0.003  0.487
   2.01429     -4.174813  0.064  0.010  0.067  0.247  0.009  0.003  0.064  0.021  0.004  0.489
   1.98181     -4.122889  0.066  0.012  0.059  0.251  0.012  0.002  0.065  0.018  0.008  0.493
   1.94932     -4.061570  0.066  0.012  0.053  0.253  0.015  0.002  0.067  0.015  0.013  0.498
   1.91683     -3.991758  0.066  0.012  0.046  0.254  0.019  0.002  0.071  0.013  0.020  0.505
   1.88435     -3.914718  0.064  0.013  0.042  0.254  0.024  0.002  0.074  0.011  0.030  0.514
   1.85186     -3.832043  0.063  0.013  0.040  0.251  0.028  0.002  0.079  0.009  0.042  0.525
   1.81937     -3.745825  0.059  0.013  0.036  0.248  0.033  0.002  0.085  0.006  0.056  0.538
   1.78688     -3.658867  0.054  0.013  0.032  0.243  0.038  0.001  0.093  0.003  0.074  0.553
   1.75440     -3.574878  0.047  0.014  0.029  0.238  0.043  0.001  0.100  0.001  0.096  0.569
   1.72191     -3.498290  0.038  0.013  0.025  0.230  0.049  0.001  0.107  0.002  0.124  0.589
   1.68942     -3.433323  0.030  0.013  0.021  0.222  0.053  0.002  0.109  0.007  0.155  0.611
   1.65693     -3.382323  0.021  0.010  0.016  0.216  0.058  0.002  0.108  0.014  0.186  0.634
   1.62445     -3.344854  0.016  0.010  0.012  0.212  0.061  0.002  0.101  0.023  0.214  0.652
   1.59196     -3.318547  0.011  0.010  0.010  0.207  0.064  0.002  0.093  0.032  0.240  0.667
   1.55947     -3.300569  0.009  0.008  0.006  0.204  0.066  0.001  0.085  0.038  0.261  0.682
   1.52698     -3.288497  0.007  0.008  0.004  0.200  0.069  0.001  0.078  0.043  0.280  0.692
   1.49450     -3.280524  0.006  0.008  0.004  0.197  0.071  0.001  0.071  0.045  0.295  0.700
   1.46201     -3.275368  0.006  0.009  0.002  0.195  0.072  0.001  0.066  0.047  0.309  0.707
   1.42952     -3.272128  0.006  0.010  0.002  0.192  0.073  0.001  0.061  0.048  0.320  0.712
   1.39703     -3.270165  0.006  0.010  0.002  0.190  0.074  0.001  0.058  0.048  0.328  0.717
   1.36455     -3.269036  0.005  0.010  0.001  0.188  0.075  0.001  0.055  0.048  0.335  0.720
   1.33206     -3.268422  0.005  0.010  0.001  0.187  0.075  0.001  0.053  0.049  0.339  0.722
   1.29957     -3.268134  0.005  0.010  0.002  0.187  0.075  0.001  0.052  0.048  0.342  0.724
   1.26708     -3.268048  0.006  0.011  0.002  0.187  0.075  0.001  0.052  0.048  0.343  0.725
   1.26708     -3.268048  0.006  0.011  0.002  0.187  0.075  0.001  0.052  0.048  0.343  0.725
   1.23459     -3.266823  0.006  0.011  0.002  0.187  0.075  0.001  0.052  0.048  0.343  0.725
   1.20211     -3.263156  0.005  0.011  0.002  0.185  0.074  0.001  0.052  0.048  0.343  0.724
   1.16962     -3.257120  0.006  0.012  0.001  0.185  0.073  0.001  0.053  0.047  0.344  0.723
   1.13713     -3.248820  0.006  0.012  0.001  0.184  0.071  0.001  0.055  0.047  0.345  0.723
   1.10464     -3.238439  0.006  0.012  0.001  0.183  0.068  0.001  0.057  0.046  0.347  0.722
   1.07215     -3.226232  0.006  0.013  0.001  0.182  0.064  0.001  0.061  0.045  0.349  0.722
   1.03966     -3.212560  0.007  0.015  0.001  0.179  0.059  0.001  0.065  0.043  0.351  0.721
   1.00717     -3.197977  0.007  0.017  0.002  0.177  0.052  0.002  0.070  0.041  0.354  0.719
   0.97468     -3.183347  0.008  0.019  0.002  0.172  0.044  0.002  0.074  0.038  0.356  0.718
   0.94219     -3.170118  0.012  0.024  0.002  0.165  0.034  0.002  0.079  0.035  0.360  0.713
   0.90970     -3.161091  0.016  0.032  0.005  0.154  0.021  0.003  0.077  0.031  0.364  0.706
   0.87721     -3.163507  0.029  0.054  0.009  0.133  0.008  0.004  0.050  0.028  0.370  0.684
   0.84472     -3.204286  0.058  0.137  0.010  0.077  0.005  0.004  0.001  0.027  0.312  0.630
   0.81223     -3.306935  0.072  0.216  0.010  0.032  0.015  0.003  0.036  0.021  0.190  0.593
   0.77974     -3.433021  0.075  0.244  0.011  0.019  0.020  0.003  0.052  0.017  0.133  0.574
   0.74725     -3.563917  0.077  0.256  0.011  0.014  0.023  0.004  0.054  0.014  0.105  0.560
   0.71477     -3.693841  0.079  0.264  0.011  0.013  0.024  0.005  0.053  0.012  0.088  0.549
   0.68228     -3.819542  0.076  0.266  0.012  0.011  0.024  0.007  0.052  0.011  0.077  0.538
   0.64979     -3.938132  0.075  0.267  0.014  0.011  0.023  0.010  0.050  0.009  0.072  0.529
   0.61730     -4.045836  0.068  0.262  0.021  0.011  0.021  0.015  0.047  0.008  0.070  0.524
   0.58481     -4.136110  0.061  0.249  0.038  0.010  0.019  0.026  0.041  0.006  0.073  0.522
   0.55232     -4.198451  0.051  0.218  0.078  0.009  0.015  0.043  0.030  0.004  0.078  0.526
   0.51983     -4.226993  0.048  0.181  0.127  0.009  0.012  0.060  0.016  0.002  0.080  0.533
   0.48734     -4.232128  0.047  0.163  0.155  0.009  0.010  0.069  0.006  0.001  0.075  0.536
   0.45485     -4.227615  0.048  0.161  0.165  0.009  0.009  0.071  0.002  0.001  0.068  0.536
   0.42236     -4.220201  0.050  0.166  0.165  0.009  0.010  0.071  0.003  0.000  0.062  0.534
   0.38987     -4.211787  0.050  0.173  0.160  0.009  0.010  0.067  0.006  0.000  0.056  0.529
   0.35738     -4.202213  0.047  0.183  0.152  0.009  0.011  0.062  0.009  0.000  0.050  0.525
   0.32489     -4.190610  0.045  0.195  0.144  0.009  0.011  0.057  0.012  0.000  0.045  0.519
   0.29240     -4.175999  0.042  0.206  0.136  0.009  0.012  0.051  0.015  0.000  0.041  0.512
   0.25991     -4.157583  0.039  0.220  0.129  0.009  0.012  0.045  0.015  0.000  0.036  0.504
   0.22743     -4.134855  0.034  0.233  0.119  0.009  0.012  0.038  0.016  0.000  0.033  0.496
   0.19494     -4.107750  0.029  0.250  0.110  0.009  0.012  0.031  0.015  0.000  0.029  0.486
   0.16245     -4.076772  0.025  0.268  0.102  0.008  0.011  0.025  0.014  0.000  0.024  0.477
   0.12996     -4.043150  0.019  0.289  0.089  0.008  0.009  0.018  0.011  0.000  0.020  0.466
   0.09747     -4.009186  0.014  0.314  0.077  0.009  0.007  0.012  0.007  0.000  0.014  0.453
   0.06498     -3.978553  0.007  0.338  0.065  0.007  0.004  0.006  0.004  0.000  0.008  0.441
   0.03249     -3.956433  0.003  0.359  0.055  0.008  0.001  0.002  0.001  0.000  0.002  0.431
   0.00000     -3.948229  0.002  0.367  0.050  0.007  0.000  0.000  0.000  0.000  0.000  0.427
 
# Band-Index:   11
   0.00000     -3.452528  0.025  0.003  0.145  0.087  0.076  0.009  0.063  0.014  0.234  0.656
   0.03249     -3.442173  0.024  0.011  0.138  0.087  0.074  0.008  0.062  0.015  0.233  0.655
   0.06498     -3.413977  0.020  0.026  0.121  0.093  0.071  0.006  0.061  0.018  0.233  0.653
   0.09747     -3.374462  0.016  0.042  0.098  0.104  0.066  0.006  0.062  0.025  0.234  0.653
   0.12996     -3.330465  0.012  0.052  0.075  0.117  0.060  0.008  0.065  0.035  0.234  0.658
   0.16245     -3.287727  0.008  0.055  0.054  0.132  0.055  0.014  0.074  0.047  0.228  0.668
   0.19494     -3.251724  0.008  0.050  0.052  0.140  0.048  0.023  0.100  0.058  0.194  0.675
   0.22743     -3.232406  0.009  0.041  0.117  0.114  0.038  0.033  0.159  0.053  0.100  0.662
   0.25991     -3.240293  0.010  0.035  0.215  0.061  0.025  0.030  0.205  0.030  0.020  0.634
   0.29240     -3.263460  0.012  0.035  0.248  0.035  0.020  0.025  0.230  0.019  0.003  0.628
   0.32489     -3.290407  0.012  0.038  0.250  0.025  0.018  0.020  0.253  0.014  0.001  0.632
   0.35738     -3.316926  0.014  0.040  0.239  0.020  0.018  0.016  0.276  0.011  0.002  0.639
   0.38987     -3.340874  0.014  0.045  0.225  0.018  0.019  0.013  0.299  0.009  0.003  0.645
   0.42236     -3.360592  0.015  0.050  0.209  0.016  0.020  0.009  0.322  0.008  0.003  0.652
   0.45485     -3.374609  0.014  0.059  0.190  0.016  0.021  0.006  0.342  0.007  0.002  0.658
   0.48734     -3.381696  0.014  0.067  0.171  0.016  0.022  0.005  0.360  0.007  0.002  0.663
   0.51983     -3.380972  0.015  0.078  0.151  0.017  0.022  0.003  0.375  0.006  0.000  0.669
   0.55232     -3.372078  0.016  0.087  0.135  0.018  0.022  0.002  0.385  0.005  0.000  0.673
   0.58481     -3.355248  0.017  0.097  0.118  0.019  0.022  0.003  0.392  0.005  0.002  0.676
   0.61730     -3.331259  0.017  0.106  0.104  0.021  0.021  0.004  0.396  0.004  0.006  0.680
   0.64979     -3.301356  0.017  0.114  0.092  0.023  0.019  0.006  0.397  0.003  0.012  0.683
   0.68228     -3.267175  0.017  0.121  0.079  0.026  0.016  0.008  0.396  0.002  0.021  0.685
   0.71477     -3.230724  0.014  0.125  0.068  0.031  0.012  0.009  0.394  0.001  0.037  0.690
   0.74725     -3.194479  0.012  0.125  0.055  0.038  0.007  0.010  0.391  0.000  0.057  0.695
   0.77974     -3.161220  0.008  0.123  0.042  0.049  0.001  0.010  0.387  0.000  0.082  0.703
   0.81223     -3.132089  0.005  0.127  0.028  0.057  0.002  0.007  0.394  0.001  0.090  0.712
   0.84472     -3.095293  0.006  0.172  0.018  0.036  0.009  0.005  0.425  0.004  0.032  0.707
   0.87721     -3.018064  0.021  0.215  0.015  0.003  0.008  0.007  0.382  0.015  0.023  0.692
   0.90970     -2.929046  0.017  0.205  0.021  0.003  0.008  0.018  0.362  0.024  0.048  0.707
   0.94219     -2.857068  0.010  0.200  0.025  0.012  0.027  0.039  0.337  0.029  0.044  0.722
   0.97468     -2.803190  0.007  0.213  0.025  0.018  0.053  0.063  0.289  0.028  0.028  0.724
   1.00717     -2.761918  0.003  0.233  0.023  0.023  0.075  0.086  0.234  0.025  0.016  0.719
   1.03966     -2.729813  0.002  0.255  0.019  0.025  0.090  0.109  0.182  0.022  0.010  0.713
   1.07215     -2.705262  0.001  0.272  0.014  0.026  0.099  0.130  0.135  0.019  0.009  0.708
   1.10464     -2.687162  0.001  0.287  0.009  0.026  0.103  0.149  0.097  0.017  0.011  0.703
   1.13713     -2.674389  0.002  0.297  0.007  0.028  0.105  0.164  0.069  0.016  0.013  0.701
   1.16962     -2.665822  0.001  0.303  0.005  0.028  0.105  0.176  0.049  0.015  0.016  0.700
   1.20211     -2.660449  0.001  0.306  0.004  0.028  0.105  0.185  0.038  0.014  0.018  0.699
   1.23459     -2.657535  0.001  0.308  0.002  0.028  0.104  0.190  0.032  0.015  0.020  0.699
   1.26708     -2.656614  0.001  0.308  0.002  0.028  0.104  0.191  0.030  0.014  0.020  0.700
   1.26708     -2.656614  0.001  0.308  0.002  0.028  0.104  0.191  0.030  0.014  0.020  0.700
   1.29957     -2.655918  0.001  0.308  0.002  0.028  0.103  0.191  0.031  0.015  0.020  0.700
   1.33206     -2.653853  0.001  0.309  0.002  0.027  0.101  0.192  0.032  0.015  0.020  0.699
   1.36455     -2.650491  0.001  0.309  0.002  0.026  0.098  0.193  0.034  0.014  0.020  0.700
   1.39703     -2.645966  0.001  0.309  0.003  0.026  0.093  0.195  0.037  0.014  0.020  0.700
   1.42952     -2.640531  0.001  0.308  0.004  0.026  0.087  0.197  0.042  0.014  0.018  0.699
   1.46201     -2.634651  0.002  0.305  0.004  0.028  0.079  0.199  0.049  0.016  0.017  0.701
   1.49450     -2.629300  0.003  0.298  0.004  0.030  0.070  0.201  0.060  0.021  0.015  0.703
   1.52698     -2.626897  0.006  0.279  0.007  0.040  0.055  0.200  0.076  0.035  0.010  0.708
   1.55947     -2.634942  0.011  0.221  0.010  0.072  0.031  0.187  0.093  0.083  0.005  0.714
   1.59196     -2.673130  0.027  0.106  0.014  0.149  0.011  0.136  0.075  0.195  0.000  0.712
   1.62445     -2.747133  0.036  0.037  0.016  0.207  0.009  0.089  0.030  0.266  0.002  0.694
   1.65693     -2.831085  0.037  0.017  0.016  0.231  0.010  0.069  0.008  0.285  0.007  0.679
   1.68942     -2.908604  0.032  0.009  0.018  0.239  0.009  0.063  0.001  0.289  0.011  0.674
   1.72191     -2.974193  0.027  0.006  0.018  0.242  0.007  0.063  0.006  0.288  0.015  0.671
   1.75440     -3.028040  0.021  0.004  0.018  0.241  0.006  0.064  0.016  0.284  0.016  0.672
   1.78688     -3.073233  0.016  0.002  0.022  0.239  0.006  0.067  0.029  0.276  0.013  0.669
   1.81937     -3.113472  0.013  0.002  0.023  0.235  0.007  0.071  0.041  0.267  0.008  0.668
   1.85186     -3.151770  0.010  0.002  0.028  0.231  0.008  0.073  0.053  0.258  0.003  0.667
   1.88435     -3.190159  0.010  0.002  0.032  0.226  0.010  0.075  0.061  0.248  0.001  0.664
   1.91683     -3.229785  0.007  0.002  0.037  0.219  0.015  0.076  0.068  0.237  0.000  0.663
   1.94932     -3.271066  0.007  0.002  0.042  0.213  0.021  0.077  0.073  0.224  0.003  0.663
   1.98181     -3.313885  0.007  0.002  0.048  0.206  0.027  0.077  0.075  0.211  0.010  0.663
   2.01429     -3.357790  0.008  0.002  0.054  0.196  0.035  0.076  0.077  0.196  0.019  0.662
   2.04678     -3.402125  0.008  0.004  0.059  0.188  0.043  0.074  0.076  0.180  0.031  0.663
   2.07927     -3.446199  0.009  0.004  0.066  0.179  0.051  0.072  0.076  0.164  0.044  0.664
   2.11176     -3.489409  0.008  0.004  0.073  0.171  0.058  0.069  0.075  0.147  0.058  0.664
   2.14424     -3.531329  0.009  0.004  0.079  0.163  0.065  0.065  0.075  0.131  0.072  0.663
   2.17673     -3.571753  0.008  0.006  0.086  0.157  0.069  0.062  0.074  0.116  0.085  0.661
   2.20922     -3.610709  0.008  0.006  0.092  0.151  0.073  0.058  0.073  0.101  0.097  0.659
   2.24171     -3.648394  0.009  0.006  0.098  0.147  0.075  0.054  0.074  0.088  0.108  0.655
   2.27419     -3.685154  0.009  0.006  0.104  0.144  0.075  0.050  0.073  0.076  0.117  0.651
   2.30668     -3.721382  0.008  0.007  0.108  0.140  0.076  0.046  0.074  0.065  0.123  0.646
   2.33917     -3.757426  0.009  0.007  0.113  0.138  0.074  0.043  0.075  0.055  0.127  0.641
   2.37166     -3.793540  0.011  0.007  0.118  0.135  0.071  0.040  0.076  0.048  0.130  0.636
   2.40414     -3.829754  0.012  0.007  0.125  0.128  0.069  0.037  0.079  0.042  0.132  0.634
   2.43663     -3.865705  0.016  0.007  0.133  0.118  0.067  0.035  0.083  0.039  0.135  0.634
   2.46912     -3.900111  0.021  0.007  0.144  0.098  0.067  0.035  0.091  0.037  0.142  0.642
   2.50161     -3.929147  0.026  0.006  0.162  0.062  0.070  0.036  0.104  0.039  0.155  0.662
   2.53409     -3.942206  0.030  0.006  0.175  0.034  0.074  0.038  0.114  0.041  0.168  0.682
 
# Band-Index:   12
   2.53409     -2.933656  0.008  0.003  0.447  0.053  0.000  0.000  0.000  0.000  0.000  0.508
   2.50161     -2.932611  0.008  0.003  0.446  0.053  0.000  0.000  0.001  0.000  0.000  0.509
   2.46912     -2.929425  0.008  0.003  0.443  0.053  0.000  0.000  0.004  0.001  0.000  0.511
   2.43663     -2.923959  0.007  0.002  0.438  0.053  0.001  0.001  0.010  0.001  0.000  0.514
   2.40414     -2.916029  0.006  0.002  0.431  0.054  0.001  0.001  0.019  0.002  0.000  0.519
   2.37166     -2.905443  0.007  0.004  0.423  0.054  0.001  0.002  0.028  0.003  0.001  0.525
   2.33917     -2.892060  0.007  0.006  0.413  0.055  0.001  0.003  0.041  0.004  0.001  0.531
   2.30668     -2.875833  0.007  0.007  0.401  0.055  0.001  0.004  0.055  0.005  0.002  0.539
   2.27419     -2.856839  0.007  0.010  0.387  0.056  0.001  0.005  0.072  0.006  0.004  0.549
   2.24171     -2.835296  0.007  0.012  0.372  0.056  0.001  0.006  0.091  0.007  0.005  0.559
   2.20922     -2.811579  0.008  0.017  0.353  0.057  0.001  0.008  0.113  0.008  0.007  0.571
   2.17673     -2.786189  0.006  0.022  0.333  0.055  0.000  0.011  0.136  0.009  0.010  0.583
   2.14424     -2.759774  0.006  0.030  0.310  0.055  0.000  0.014  0.159  0.010  0.013  0.598
   2.11176     -2.733057  0.006  0.040  0.283  0.054  0.000  0.018  0.184  0.010  0.018  0.615
   2.07927     -2.706804  0.006  0.051  0.256  0.051  0.000  0.023  0.208  0.011  0.023  0.631
   2.04678     -2.681745  0.007  0.064  0.227  0.049  0.001  0.029  0.230  0.010  0.028  0.647
   2.01429     -2.658456  0.006  0.078  0.198  0.044  0.004  0.035  0.252  0.010  0.033  0.663
   1.98181     -2.637289  0.006  0.094  0.172  0.040  0.006  0.041  0.271  0.010  0.038  0.678
   1.94932     -2.618367  0.007  0.110  0.145  0.036  0.009  0.047  0.287  0.008  0.041  0.691
   1.91683     -2.601614  0.008  0.126  0.124  0.032  0.014  0.052  0.300  0.005  0.043  0.701
   1.88435     -2.586862  0.008  0.143  0.104  0.027  0.018  0.057  0.309  0.003  0.042  0.711
   1.85186     -2.573985  0.007  0.161  0.085  0.024  0.023  0.062  0.313  0.001  0.039  0.717
   1.81937     -2.563002  0.007  0.183  0.069  0.021  0.030  0.070  0.307  0.000  0.033  0.719
   1.78688     -2.554152  0.004  0.209  0.052  0.020  0.038  0.080  0.290  0.001  0.025  0.718
   1.75440     -2.547878  0.003  0.239  0.038  0.017  0.046  0.095  0.254  0.003  0.016  0.713
   1.72191     -2.544584  0.002  0.271  0.025  0.017  0.056  0.111  0.204  0.009  0.010  0.706
   1.68942     -2.544106  0.001  0.295  0.015  0.018  0.067  0.125  0.147  0.019  0.009  0.697
   1.65693     -2.545006  0.001  0.309  0.008  0.023  0.078  0.131  0.091  0.036  0.011  0.689
   1.62445     -2.543312  0.005  0.299  0.004  0.034  0.091  0.122  0.039  0.072  0.019  0.683
   1.59196     -2.528291  0.011  0.233  0.004  0.065  0.097  0.080  0.001  0.168  0.029  0.688
   1.55947     -2.487761  0.015  0.109  0.012  0.080  0.070  0.036  0.093  0.284  0.044  0.745
   1.52698     -2.450112  0.013  0.039  0.025  0.033  0.027  0.027  0.338  0.248  0.066  0.816
   1.49450     -2.431239  0.011  0.016  0.029  0.011  0.011  0.026  0.478  0.187  0.074  0.843
   1.46201     -2.420734  0.012  0.008  0.030  0.005  0.005  0.025  0.538  0.157  0.074  0.854
   1.42952     -2.413721  0.012  0.004  0.029  0.004  0.003  0.024  0.568  0.141  0.073  0.858
   1.39703     -2.408674  0.012  0.004  0.027  0.003  0.002  0.023  0.585  0.133  0.071  0.860
   1.36455     -2.405030  0.012  0.002  0.027  0.003  0.002  0.022  0.596  0.128  0.070  0.862
   1.33206     -2.402542  0.011  0.002  0.026  0.002  0.002  0.022  0.602  0.126  0.068  0.863
   1.29957     -2.401088  0.011  0.002  0.025  0.002  0.002  0.021  0.606  0.125  0.068  0.863
   1.26708     -2.400609  0.011  0.002  0.025  0.003  0.002  0.021  0.607  0.124  0.068  0.864
   1.26708     -2.400609  0.011  0.002  0.025  0.003  0.002  0.021  0.607  0.124  0.068  0.864
   1.23459     -2.403040  0.012  0.002  0.025  0.003  0.002  0.022  0.603  0.123  0.068  0.862
   1.20211     -2.410261  0.012  0.006  0.025  0.004  0.003  0.024  0.592  0.120  0.071  0.859
   1.16962     -2.422086  0.013  0.014  0.025  0.004  0.005  0.027  0.571  0.116  0.075  0.853
   1.13713     -2.438328  0.014  0.027  0.025  0.005  0.010  0.033  0.538  0.108  0.081  0.842
   1.10464     -2.459065  0.017  0.046  0.025  0.007  0.020  0.039  0.490  0.098  0.087  0.828
   1.07215     -2.485075  0.018  0.072  0.022  0.009  0.039  0.045  0.424  0.085  0.093  0.809
   1.03966     -2.518392  0.023  0.108  0.019  0.013  0.068  0.050  0.339  0.070  0.095  0.784
   1.00717     -2.562226  0.026  0.148  0.015  0.021  0.110  0.053  0.239  0.052  0.087  0.752
   0.97468     -2.618939  0.033  0.187  0.012  0.032  0.159  0.056  0.135  0.036  0.065  0.717
   0.94219     -2.685567  0.036  0.213  0.017  0.050  0.206  0.062  0.048  0.025  0.031  0.688
   0.90970     -2.751317  0.033  0.211  0.025  0.072  0.235  0.068  0.005  0.023  0.003  0.678
   0.87721     -2.804689  0.026  0.184  0.035  0.093  0.238  0.067  0.005  0.027  0.007  0.685
   0.84472     -2.841838  0.021  0.149  0.038  0.117  0.225  0.061  0.011  0.033  0.044  0.699
   0.81223     -2.862983  0.015  0.114  0.036  0.138  0.206  0.054  0.008  0.036  0.103  0.711
   0.77974     -2.869980  0.011  0.086  0.031  0.156  0.180  0.049  0.004  0.034  0.168  0.721
   0.74725     -2.866850  0.007  0.068  0.027  0.169  0.151  0.047  0.003  0.028  0.226  0.728
   0.71477     -2.858536  0.007  0.058  0.024  0.174  0.122  0.047  0.006  0.020  0.275  0.732
   0.68228     -2.849672  0.006  0.054  0.022  0.175  0.091  0.050  0.008  0.011  0.316  0.733
   0.64979     -2.844381  0.004  0.052  0.021  0.173  0.062  0.054  0.010  0.006  0.349  0.734
   0.61730     -2.845992  0.004  0.052  0.021  0.170  0.036  0.058  0.012  0.007  0.369  0.731
   0.58481     -2.856185  0.003  0.052  0.021  0.169  0.016  0.061  0.012  0.017  0.376  0.731
   0.55232     -2.874422  0.003  0.052  0.021  0.170  0.006  0.060  0.011  0.033  0.371  0.729
   0.51983     -2.898682  0.003  0.050  0.021  0.171  0.002  0.059  0.011  0.048  0.360  0.726
   0.48734     -2.926721  0.003  0.049  0.022  0.172  0.002  0.056  0.010  0.062  0.348  0.723
   0.45485     -2.956787  0.003  0.047  0.023  0.173  0.004  0.053  0.009  0.071  0.336  0.719
   0.42236     -2.987724  0.003  0.047  0.025  0.172  0.007  0.048  0.009  0.079  0.327  0.716
   0.38987     -3.018836  0.002  0.048  0.027  0.169  0.009  0.043  0.008  0.082  0.319  0.711
   0.35738     -3.049739  0.001  0.049  0.033  0.165  0.013  0.038  0.006  0.083  0.314  0.704
   0.32489     -3.080186  0.001  0.051  0.044  0.157  0.015  0.032  0.005  0.079  0.308  0.697
   0.29240     -3.109634  0.002  0.056  0.068  0.142  0.018  0.023  0.003  0.070  0.301  0.681
   0.25991     -3.135686  0.002  0.061  0.125  0.109  0.016  0.013  0.002  0.051  0.277  0.654
   0.22743     -3.148756  0.004  0.062  0.249  0.045  0.008  0.005  0.024  0.019  0.187  0.606
   0.19494     -3.138749  0.007  0.055  0.345  0.007  0.002  0.008  0.058  0.002  0.082  0.568
   0.16245     -3.117435  0.008  0.053  0.376  0.002  0.001  0.012  0.062  0.002  0.037  0.552
   0.12996     -3.094699  0.008  0.053  0.392  0.003  0.001  0.013  0.050  0.004  0.016  0.543
   0.09747     -3.073992  0.009  0.054  0.404  0.004  0.000  0.013  0.035  0.006  0.007  0.533
   0.06498     -3.056871  0.009  0.055  0.413  0.006  0.000  0.011  0.020  0.008  0.002  0.524
   0.03249     -3.044609  0.010  0.056  0.426  0.005  0.000  0.006  0.007  0.005  0.001  0.513
   0.00000     -3.039729  0.010  0.057  0.438  0.002  0.000  0.000  0.000  0.000  0.000  0.506
 
# Band-Index:   13
   0.00000     -2.995032  0.018  0.020  0.169  0.128  0.002  0.107  0.021  0.192  0.039  0.696
   0.03249     -2.989158  0.018  0.023  0.179  0.122  0.002  0.102  0.017  0.186  0.038  0.688
   0.06498     -2.973451  0.019  0.028  0.193  0.114  0.003  0.094  0.012  0.179  0.036  0.679
   0.09747     -2.949130  0.021  0.035  0.205  0.105  0.004  0.088  0.008  0.174  0.032  0.670
   0.12996     -2.915608  0.020  0.046  0.216  0.093  0.008  0.082  0.005  0.167  0.026  0.661
   0.16245     -2.872293  0.020  0.061  0.229  0.079  0.011  0.073  0.003  0.157  0.019  0.649
   0.19494     -2.819523  0.019  0.079  0.237  0.064  0.014  0.062  0.002  0.145  0.015  0.637
   0.22743     -2.758810  0.017  0.097  0.245  0.052  0.018  0.051  0.001  0.134  0.013  0.625
   0.25991     -2.692499  0.015  0.114  0.249  0.041  0.020  0.040  0.000  0.126  0.013  0.618
   0.29240     -2.623276  0.011  0.128  0.249  0.035  0.020  0.029  0.000  0.124  0.016  0.613
   0.32489     -2.553900  0.009  0.139  0.246  0.031  0.018  0.019  0.000  0.130  0.019  0.612
   0.35738     -2.487817  0.006  0.144  0.229  0.035  0.012  0.011  0.001  0.158  0.026  0.622
   0.38987     -2.435082  0.005  0.112  0.152  0.079  0.001  0.002  0.007  0.265  0.052  0.673
   0.42236     -2.428031  0.001  0.026  0.024  0.184  0.058  0.004  0.017  0.351  0.085  0.751
   0.45485     -2.449714  0.000  0.006  0.005  0.210  0.104  0.006  0.018  0.332  0.075  0.756
   0.48734     -2.474494  0.000  0.001  0.003  0.219  0.130  0.005  0.017  0.323  0.058  0.755
   0.51983     -2.496841  0.000  0.000  0.002  0.220  0.147  0.004  0.015  0.325  0.039  0.753
   0.55232     -2.513879  0.000  0.000  0.002  0.220  0.157  0.005  0.012  0.334  0.020  0.752
   0.58481     -2.522860  0.000  0.005  0.003  0.218  0.158  0.008  0.009  0.345  0.005  0.751
   0.61730     -2.521433  0.000  0.010  0.003  0.211  0.150  0.014  0.006  0.354  0.000  0.750
   0.64979     -2.508790  0.000  0.019  0.004  0.202  0.135  0.023  0.003  0.358  0.005  0.750
   0.68228     -2.486312  0.000  0.030  0.005  0.192  0.118  0.034  0.003  0.355  0.016  0.751
   0.71477     -2.456894  0.000  0.043  0.005  0.178  0.100  0.044  0.005  0.350  0.027  0.752
   0.74725     -2.423921  0.000  0.058  0.004  0.164  0.086  0.056  0.009  0.343  0.033  0.751
   0.77974     -2.390740  0.000  0.073  0.004  0.148  0.074  0.070  0.016  0.333  0.032  0.752
   0.81223     -2.360321  0.000  0.089  0.007  0.130  0.067  0.083  0.029  0.316  0.028  0.751
   0.84472     -2.334463  0.001  0.100  0.011  0.112  0.067  0.097  0.048  0.290  0.023  0.748
   0.87721     -2.312749  0.002  0.105  0.017  0.097  0.074  0.108  0.069  0.258  0.019  0.749
   0.90970     -2.292412  0.004  0.102  0.020  0.084  0.094  0.116  0.085  0.224  0.020  0.751
   0.94219     -2.269575  0.005  0.095  0.021  0.076  0.132  0.121  0.089  0.190  0.028  0.757
   0.97468     -2.241145  0.005  0.085  0.019  0.068  0.191  0.125  0.079  0.154  0.043  0.769
   1.00717     -2.206946  0.005  0.075  0.015  0.057  0.267  0.128  0.060  0.113  0.067  0.788
   1.03966     -2.170550  0.005  0.061  0.010  0.044  0.349  0.135  0.041  0.071  0.095  0.811
   1.07215     -2.137125  0.001  0.049  0.007  0.030  0.425  0.144  0.028  0.033  0.118  0.836
   1.10464     -2.110346  0.000  0.036  0.004  0.018  0.482  0.155  0.021  0.009  0.131  0.857
   1.13713     -2.091115  0.000  0.025  0.002  0.010  0.517  0.163  0.017  0.001  0.134  0.872
   1.16962     -2.078379  0.000  0.018  0.002  0.004  0.534  0.168  0.017  0.005  0.132  0.881
   1.20211     -2.070536  0.001  0.014  0.002  0.002  0.539  0.170  0.016  0.013  0.128  0.886
   1.23459     -2.066319  0.001  0.012  0.001  0.001  0.541  0.171  0.015  0.020  0.126  0.889
   1.26708     -2.064990  0.001  0.011  0.001  0.001  0.541  0.171  0.015  0.022  0.125  0.889
   1.26708     -2.064990  0.001  0.011  0.001  0.001  0.541  0.171  0.015  0.022  0.125  0.889
   1.29957     -2.065733  0.001  0.011  0.001  0.002  0.540  0.171  0.017  0.024  0.123  0.889
   1.33206     -2.068214  0.001  0.010  0.002  0.004  0.537  0.169  0.018  0.030  0.115  0.887
   1.36455     -2.073475  0.002  0.008  0.002  0.009  0.526  0.166  0.020  0.048  0.099  0.882
   1.39703     -2.084713  0.006  0.005  0.004  0.025  0.487  0.157  0.027  0.093  0.068  0.872
   1.42952     -2.110898  0.015  0.001  0.007  0.060  0.371  0.128  0.041  0.194  0.023  0.839
   1.46201     -2.163794  0.025  0.006  0.012  0.108  0.221  0.082  0.060  0.271  0.004  0.789
   1.49450     -2.239107  0.033  0.014  0.017  0.141  0.135  0.052  0.097  0.244  0.013  0.747
   1.52698     -2.319511  0.036  0.018  0.026  0.141  0.087  0.040  0.208  0.144  0.033  0.733
   1.55947     -2.378943  0.032  0.010  0.041  0.085  0.039  0.041  0.420  0.034  0.067  0.769
   1.59196     -2.407117  0.024  0.005  0.052  0.038  0.012  0.047  0.513  0.021  0.090  0.802
   1.62445     -2.421199  0.023  0.009  0.056  0.020  0.004  0.056  0.501  0.039  0.102  0.810
   1.65693     -2.430013  0.020  0.022  0.059  0.013  0.001  0.070  0.454  0.058  0.108  0.805
   1.68942     -2.435647  0.018  0.043  0.062  0.009  0.000  0.089  0.389  0.075  0.110  0.796
   1.72191     -2.438596  0.018  0.073  0.061  0.007  0.001  0.110  0.315  0.092  0.105  0.782
   1.75440     -2.439407  0.016  0.106  0.059  0.007  0.002  0.132  0.244  0.108  0.094  0.766
   1.78688     -2.439151  0.013  0.138  0.057  0.006  0.003  0.151  0.185  0.120  0.079  0.751
   1.81937     -2.439203  0.011  0.164  0.054  0.005  0.005  0.166  0.141  0.131  0.062  0.740
   1.85186     -2.440862  0.009  0.186  0.055  0.005  0.005  0.177  0.109  0.139  0.045  0.731
   1.88435     -2.445125  0.008  0.204  0.055  0.007  0.006  0.187  0.085  0.142  0.031  0.721
   1.91683     -2.452601  0.006  0.220  0.056  0.007  0.006  0.196  0.066  0.141  0.019  0.713
   1.94932     -2.463482  0.005  0.233  0.056  0.007  0.006  0.205  0.049  0.136  0.011  0.706
   1.98181     -2.477552  0.003  0.247  0.055  0.007  0.006  0.214  0.036  0.128  0.005  0.700
   2.01429     -2.494279  0.002  0.259  0.052  0.007  0.005  0.225  0.024  0.117  0.004  0.695
   2.04678     -2.512934  0.001  0.271  0.047  0.007  0.005  0.234  0.015  0.106  0.003  0.693
   2.07927     -2.532749  0.001  0.283  0.042  0.007  0.005  0.242  0.008  0.096  0.005  0.690
   2.11176     -2.553068  0.001  0.291  0.035  0.008  0.003  0.251  0.004  0.087  0.007  0.689
   2.14424     -2.573361  0.001  0.297  0.030  0.008  0.002  0.256  0.002  0.081  0.010  0.689
   2.17673     -2.593232  0.001  0.303  0.024  0.009  0.002  0.262  0.001  0.076  0.013  0.691
   2.20922     -2.612366  0.001  0.306  0.019  0.010  0.001  0.265  0.001  0.072  0.015  0.691
   2.24171     -2.630496  0.001  0.308  0.016  0.010  0.001  0.268  0.001  0.069  0.017  0.692
   2.27419     -2.647390  0.001  0.309  0.012  0.011  0.001  0.270  0.001  0.068  0.018  0.692
   2.30668     -2.662831  0.001  0.309  0.010  0.011  0.000  0.271  0.003  0.066  0.020  0.692
   2.33917     -2.676628  0.001  0.310  0.007  0.012  0.000  0.273  0.003  0.066  0.021  0.693
   2.37166     -2.688601  0.001  0.310  0.006  0.012  0.000  0.273  0.003  0.065  0.023  0.694
   2.40414     -2.698605  0.001  0.310  0.004  0.012  0.000  0.273  0.004  0.065  0.023  0.694
   2.43663     -2.706517  0.001  0.310  0.004  0.013  0.001  0.273  0.004  0.064  0.023  0.695
   2.46912     -2.712237  0.001  0.310  0.002  0.013  0.001  0.274  0.004  0.064  0.024  0.695
   2.50161     -2.715700  0.001  0.309  0.002  0.013  0.001  0.274  0.004  0.064  0.025  0.694
   2.53409     -2.716858  0.001  0.309  0.002  0.013  0.001  0.274  0.004  0.064  0.025  0.694
 
# Band-Index:   14
   2.53409     -2.274751  0.024  0.002  0.081  0.000  0.007  0.004  0.558  0.170  0.003  0.850
   2.50161     -2.273875  0.024  0.002  0.081  0.000  0.007  0.004  0.557  0.170  0.003  0.849
   2.46912     -2.271255  0.024  0.002  0.083  0.000  0.007  0.004  0.552  0.172  0.003  0.848
   2.43663     -2.266919  0.025  0.002  0.085  0.000  0.006  0.004  0.545  0.174  0.003  0.845
   2.40414     -2.260906  0.025  0.002  0.090  0.000  0.006  0.004  0.534  0.177  0.003  0.843
   2.37166     -2.253268  0.025  0.002  0.095  0.000  0.006  0.004  0.522  0.181  0.002  0.840
   2.33917     -2.244059  0.026  0.002  0.100  0.001  0.006  0.003  0.505  0.186  0.003  0.836
   2.30668     -2.233331  0.025  0.002  0.109  0.001  0.005  0.003  0.485  0.193  0.003  0.830
   2.27419     -2.221117  0.026  0.002  0.116  0.004  0.005  0.003  0.464  0.200  0.003  0.824
   2.24171     -2.207432  0.026  0.002  0.126  0.005  0.006  0.003  0.438  0.207  0.004  0.817
   2.20922     -2.192244  0.027  0.002  0.136  0.005  0.006  0.002  0.411  0.213  0.005  0.810
   2.17673     -2.175457  0.027  0.002  0.148  0.007  0.007  0.002  0.381  0.220  0.005  0.801
   2.14424     -2.156896  0.028  0.002  0.162  0.010  0.009  0.002  0.348  0.226  0.006  0.792
   2.11176     -2.136300  0.028  0.002  0.175  0.011  0.013  0.002  0.315  0.230  0.006  0.782
   2.07927     -2.113359  0.028  0.004  0.189  0.013  0.017  0.002  0.280  0.233  0.004  0.771
   2.04678     -2.087966  0.026  0.006  0.201  0.016  0.032  0.002  0.243  0.237  0.001  0.764
   2.01429     -2.061951  0.018  0.032  0.181  0.013  0.102  0.002  0.182  0.237  0.006  0.771
   1.98181     -2.051279  0.002  0.145  0.038  0.006  0.319  0.008  0.039  0.125  0.111  0.793
   1.94932     -2.055328  0.001  0.157  0.008  0.009  0.364  0.010  0.011  0.076  0.158  0.796
   1.91683     -2.060429  0.001  0.146  0.003  0.009  0.384  0.014  0.007  0.065  0.174  0.804
   1.88435     -2.064784  0.001  0.131  0.002  0.010  0.401  0.017  0.005  0.063  0.183  0.813
   1.85186     -2.068076  0.001  0.117  0.000  0.009  0.416  0.021  0.004  0.065  0.188  0.822
   1.81937     -2.070220  0.001  0.103  0.000  0.009  0.431  0.026  0.003  0.066  0.190  0.830
   1.78688     -2.071221  0.001  0.090  0.000  0.009  0.445  0.033  0.002  0.068  0.191  0.838
   1.75440     -2.071153  0.001  0.080  0.000  0.008  0.456  0.040  0.002  0.068  0.191  0.845
   1.72191     -2.070136  0.001  0.070  0.000  0.006  0.466  0.048  0.002  0.068  0.190  0.852
   1.68942     -2.068315  0.001  0.063  0.000  0.005  0.475  0.056  0.001  0.066  0.190  0.857
   1.65693     -2.065837  0.001  0.056  0.000  0.004  0.481  0.065  0.002  0.064  0.190  0.861
   1.62445     -2.062818  0.001  0.050  0.000  0.003  0.484  0.072  0.002  0.062  0.190  0.866
   1.59196     -2.059304  0.001  0.047  0.000  0.002  0.483  0.079  0.002  0.062  0.192  0.870
   1.55947     -2.055209  0.001  0.043  0.000  0.002  0.477  0.084  0.002  0.065  0.195  0.871
   1.52698     -2.050171  0.002  0.042  0.000  0.002  0.461  0.086  0.001  0.075  0.201  0.872
   1.49450     -2.043155  0.003  0.041  0.000  0.004  0.425  0.081  0.002  0.103  0.207  0.868
   1.46201     -2.031325  0.007  0.042  0.002  0.012  0.341  0.062  0.004  0.179  0.212  0.861
   1.42952     -2.008870  0.013  0.040  0.004  0.027  0.190  0.026  0.013  0.345  0.190  0.848
   1.39703     -1.975823  0.015  0.028  0.006  0.030  0.072  0.005  0.025  0.520  0.142  0.847
   1.36455     -1.944178  0.016  0.018  0.007  0.021  0.031  0.002  0.034  0.621  0.108  0.861
   1.33206     -1.921068  0.016  0.013  0.007  0.011  0.018  0.005  0.040  0.674  0.091  0.874
   1.29957     -1.907535  0.016  0.010  0.007  0.003  0.013  0.006  0.042  0.701  0.082  0.881
   1.26708     -1.903115  0.015  0.008  0.007  0.001  0.012  0.006  0.044  0.709  0.079  0.882
   1.26708     -1.903115  0.015  0.008  0.007  0.001  0.012  0.006  0.044  0.709  0.079  0.882
   1.23459     -1.905496  0.016  0.009  0.007  0.003  0.010  0.007  0.043  0.711  0.077  0.882
   1.20211     -1.912457  0.016  0.009  0.007  0.006  0.006  0.008  0.041  0.715  0.070  0.879
   1.16962     -1.923394  0.016  0.008  0.007  0.011  0.002  0.012  0.038  0.719  0.059  0.874
   1.13713     -1.937144  0.017  0.007  0.010  0.018  0.003  0.019  0.035  0.717  0.044  0.869
   1.10464     -1.951983  0.017  0.005  0.010  0.023  0.014  0.029  0.032  0.703  0.029  0.864
   1.07215     -1.966082  0.016  0.003  0.013  0.025  0.040  0.044  0.031  0.671  0.016  0.861
   1.03966     -1.978333  0.016  0.002  0.016  0.027  0.072  0.060  0.031  0.628  0.009  0.860
   1.00717     -1.988750  0.015  0.001  0.020  0.027  0.101  0.073  0.032  0.583  0.005  0.857
   0.97468     -1.998174  0.013  0.003  0.029  0.027  0.117  0.082  0.037  0.540  0.004  0.851
   0.94219     -2.007906  0.012  0.009  0.042  0.028  0.116  0.085  0.045  0.496  0.006  0.839
   0.90970     -2.019630  0.009  0.022  0.067  0.030  0.094  0.081  0.060  0.439  0.011  0.814
   0.87721     -2.034867  0.009  0.046  0.102  0.032  0.056  0.070  0.081  0.348  0.028  0.773
   0.84472     -2.052652  0.009  0.077  0.142  0.031  0.022  0.055  0.101  0.236  0.050  0.725
   0.81223     -2.068506  0.010  0.108  0.173  0.026  0.007  0.046  0.110  0.142  0.064  0.686
   0.77974     -2.078916  0.010  0.135  0.192  0.020  0.004  0.040  0.106  0.085  0.065  0.656
   0.74725     -2.084031  0.009  0.157  0.206  0.015  0.002  0.036  0.095  0.055  0.058  0.634
   0.71477     -2.086303  0.008  0.174  0.218  0.011  0.003  0.033  0.080  0.043  0.047  0.618
   0.68228     -2.088850  0.007  0.188  0.230  0.009  0.005  0.030  0.064  0.038  0.033  0.603
   0.64979     -2.094832  0.006  0.197  0.239  0.007  0.011  0.028  0.047  0.038  0.021  0.595
   0.61730     -2.106910  0.004  0.200  0.245  0.007  0.023  0.025  0.033  0.041  0.012  0.592
   0.58481     -2.126706  0.003  0.199  0.250  0.007  0.037  0.022  0.022  0.043  0.008  0.590
   0.55232     -2.154691  0.003  0.196  0.253  0.008  0.048  0.017  0.014  0.043  0.007  0.589
   0.51983     -2.190620  0.003  0.191  0.257  0.010  0.056  0.012  0.009  0.041  0.008  0.588
   0.48734     -2.233758  0.003  0.185  0.261  0.012  0.064  0.010  0.006  0.034  0.010  0.585
   0.45485     -2.282600  0.003  0.173  0.262  0.019  0.074  0.011  0.004  0.022  0.012  0.583
   0.42236     -2.332323  0.003  0.147  0.246  0.044  0.102  0.018  0.006  0.007  0.019  0.592
   0.38987     -2.357456  0.001  0.053  0.119  0.146  0.136  0.028  0.018  0.104  0.067  0.674
   0.35738     -2.340902  0.000  0.011  0.043  0.185  0.100  0.030  0.025  0.231  0.105  0.733
   0.32489     -2.314624  0.000  0.005  0.029  0.181  0.066  0.036  0.028  0.286  0.120  0.751
   0.29240     -2.288164  0.001  0.003  0.025  0.164  0.037  0.045  0.031  0.328  0.128  0.763
   0.25991     -2.264376  0.001  0.002  0.024  0.140  0.015  0.059  0.037  0.369  0.128  0.778
   0.22743     -2.245202  0.002  0.002  0.026  0.110  0.005  0.077  0.046  0.404  0.120  0.792
   0.19494     -2.231960  0.004  0.002  0.027  0.080  0.011  0.096  0.058  0.427  0.102  0.806
   0.16245     -2.224839  0.006  0.003  0.028  0.053  0.030  0.115  0.073  0.434  0.080  0.820
   0.12996     -2.222745  0.006  0.003  0.027  0.035  0.055  0.130  0.091  0.428  0.058  0.830
   0.09747     -2.223854  0.006  0.000  0.025  0.023  0.078  0.140  0.109  0.416  0.041  0.839
   0.06498     -2.226266  0.005  0.000  0.023  0.016  0.096  0.146  0.124  0.403  0.030  0.845
   0.03249     -2.228407  0.005  0.000  0.021  0.014  0.106  0.150  0.135  0.394  0.024  0.849
   0.00000     -2.229241  0.005  0.000  0.021  0.013  0.109  0.151  0.139  0.391  0.022  0.849
 
# Band-Index:   15
   0.00000     -1.955192  0.005  0.016  0.004  0.000  0.199  0.010  0.168  0.115  0.419  0.935
   0.03249     -1.958906  0.004  0.015  0.004  0.024  0.211  0.011  0.154  0.103  0.392  0.918
   0.06498     -1.969401  0.002  0.013  0.007  0.076  0.241  0.013  0.120  0.076  0.328  0.877
   0.09747     -1.984862  0.001  0.012  0.009  0.126  0.286  0.018  0.085  0.044  0.251  0.835
   0.12996     -2.002718  0.000  0.011  0.012  0.159  0.338  0.026  0.060  0.018  0.180  0.805
   0.16245     -2.020202  0.001  0.010  0.015  0.169  0.390  0.038  0.044  0.003  0.118  0.788
   0.19494     -2.034828  0.004  0.010  0.019  0.160  0.434  0.052  0.033  0.006  0.068  0.784
   0.22743     -2.044993  0.005  0.010  0.022  0.138  0.460  0.068  0.026  0.028  0.032  0.788
   0.25991     -2.050418  0.007  0.011  0.025  0.111  0.467  0.081  0.020  0.062  0.010  0.796
   0.29240     -2.051908  0.009  0.011  0.029  0.087  0.461  0.090  0.015  0.099  0.001  0.803
   0.32489     -2.050647  0.010  0.011  0.031  0.070  0.447  0.095  0.012  0.134  0.001  0.810
   0.35738     -2.047685  0.010  0.012  0.032  0.056  0.431  0.097  0.009  0.163  0.005  0.815
   0.38987     -2.043798  0.011  0.014  0.033  0.045  0.414  0.096  0.006  0.184  0.011  0.819
   0.42236     -2.039525  0.013  0.016  0.035  0.038  0.399  0.094  0.004  0.202  0.019  0.821
   0.45485     -2.035228  0.013  0.018  0.035  0.032  0.386  0.090  0.003  0.216  0.028  0.821
   0.48734     -2.031144  0.013  0.021  0.036  0.028  0.376  0.085  0.003  0.226  0.037  0.824
   0.51983     -2.027377  0.013  0.022  0.034  0.024  0.368  0.081  0.004  0.234  0.046  0.826
   0.55232     -2.023862  0.014  0.021  0.030  0.022  0.365  0.076  0.004  0.241  0.055  0.830
   0.58481     -2.020300  0.014  0.020  0.025  0.020  0.367  0.074  0.004  0.247  0.064  0.837
   0.61730     -2.016158  0.015  0.017  0.019  0.017  0.373  0.076  0.004  0.254  0.070  0.846
   0.64979     -2.010949  0.015  0.014  0.013  0.016  0.378  0.081  0.003  0.259  0.073  0.855
   0.68228     -2.004628  0.017  0.014  0.010  0.014  0.378  0.089  0.003  0.261  0.074  0.859
   0.71477     -1.997510  0.018  0.015  0.009  0.011  0.375  0.095  0.002  0.259  0.075  0.862
   0.74725     -1.989693  0.020  0.018  0.009  0.010  0.370  0.100  0.003  0.250  0.080  0.862
   0.77974     -1.980620  0.021  0.024  0.012  0.008  0.363  0.100  0.004  0.232  0.089  0.858
   0.81223     -1.968678  0.024  0.035  0.020  0.007  0.352  0.096  0.009  0.195  0.106  0.845
   0.84472     -1.950466  0.028  0.056  0.038  0.005  0.326  0.085  0.018  0.134  0.130  0.821
   0.87721     -1.920431  0.032  0.087  0.065  0.006  0.277  0.067  0.034  0.062  0.153  0.783
   0.90970     -1.873686  0.036  0.123  0.090  0.006  0.216  0.050  0.049  0.016  0.161  0.746
   0.94219     -1.809587  0.037  0.159  0.105  0.004  0.163  0.039  0.056  0.002  0.149  0.716
   0.97468     -1.730123  0.039  0.199  0.109  0.002  0.124  0.031  0.057  0.004  0.125  0.691
   1.00717     -1.637900  0.039  0.240  0.107  0.003  0.094  0.025  0.055  0.008  0.096  0.669
   1.03966     -1.536509  0.039  0.280  0.099  0.009  0.073  0.019  0.050  0.012  0.066  0.647
   1.07215     -1.431076  0.036  0.311  0.087  0.026  0.057  0.014  0.044  0.015  0.042  0.631
   1.10464     -1.328145  0.028  0.327  0.070  0.058  0.045  0.009  0.037  0.019  0.022  0.617
   1.13713     -1.234698  0.021  0.323  0.050  0.111  0.037  0.005  0.030  0.020  0.010  0.608
   1.16962     -1.156450  0.013  0.299  0.032  0.180  0.028  0.002  0.022  0.019  0.005  0.600
   1.20211     -1.096713  0.006  0.272  0.018  0.250  0.016  0.001  0.012  0.012  0.002  0.592
   1.23459     -1.058117  0.001  0.258  0.010  0.298  0.005  0.000  0.004  0.004  0.001  0.584
   1.26708     -1.044484  0.000  0.255  0.008  0.315  0.000  0.000  0.000  0.000  0.000  0.580
   1.26708     -1.044484  0.000  0.255  0.008  0.315  0.000  0.000  0.000  0.000  0.000  0.580
   1.29957     -1.066617  0.001  0.205  0.012  0.341  0.004  0.000  0.004  0.013  0.005  0.588
   1.33206     -1.126515  0.008  0.128  0.024  0.363  0.009  0.003  0.013  0.043  0.014  0.606
   1.36455     -1.206903  0.013  0.081  0.040  0.352  0.012  0.006  0.020  0.084  0.018  0.624
   1.39703     -1.291780  0.016  0.054  0.057  0.320  0.012  0.010  0.024  0.135  0.017  0.643
   1.42952     -1.370763  0.020  0.036  0.077  0.276  0.010  0.014  0.027  0.194  0.013  0.664
   1.46201     -1.438172  0.019  0.024  0.096  0.229  0.007  0.018  0.027  0.255  0.008  0.688
   1.49450     -1.492463  0.019  0.016  0.117  0.184  0.007  0.022  0.026  0.307  0.004  0.706
   1.52698     -1.535189  0.019  0.010  0.141  0.145  0.007  0.026  0.024  0.342  0.003  0.720
   1.55947     -1.569344  0.019  0.007  0.165  0.116  0.008  0.028  0.023  0.357  0.001  0.726
   1.59196     -1.598065  0.019  0.006  0.190  0.093  0.009  0.029  0.024  0.355  0.001  0.727
   1.62445     -1.624095  0.019  0.004  0.217  0.077  0.011  0.029  0.026  0.340  0.000  0.722
   1.65693     -1.649677  0.019  0.004  0.243  0.065  0.013  0.028  0.031  0.314  0.000  0.716
   1.68942     -1.676604  0.018  0.004  0.266  0.057  0.012  0.025  0.039  0.285  0.000  0.707
   1.72191     -1.706182  0.016  0.004  0.284  0.052  0.012  0.022  0.049  0.253  0.000  0.697
   1.75440     -1.739203  0.017  0.005  0.301  0.049  0.009  0.018  0.062  0.225  0.001  0.689
   1.78688     -1.775878  0.017  0.006  0.308  0.049  0.008  0.015  0.075  0.201  0.003  0.681
   1.81937     -1.815782  0.018  0.006  0.309  0.048  0.005  0.011  0.089  0.182  0.006  0.678
   1.85186     -1.857914  0.021  0.009  0.304  0.048  0.004  0.009  0.104  0.170  0.009  0.677
   1.88435     -1.900840  0.023  0.010  0.294  0.047  0.002  0.007  0.120  0.163  0.015  0.681
   1.91683     -1.942917  0.025  0.012  0.281  0.043  0.003  0.006  0.138  0.159  0.022  0.688
   1.94932     -1.982423  0.027  0.018  0.260  0.041  0.005  0.006  0.156  0.151  0.035  0.694
   1.98181     -2.016535  0.028  0.047  0.212  0.039  0.032  0.006  0.154  0.107  0.074  0.700
   2.01429     -2.031022  0.013  0.178  0.050  0.029  0.232  0.008  0.040  0.001  0.172  0.724
   2.04678     -2.025150  0.005  0.221  0.011  0.022  0.284  0.007  0.009  0.009  0.165  0.734
   2.07927     -2.015116  0.004  0.240  0.005  0.020  0.281  0.006  0.005  0.015  0.152  0.729
   2.11176     -2.003154  0.003  0.258  0.003  0.019  0.271  0.005  0.004  0.020  0.140  0.722
   2.14424     -1.989601  0.003  0.272  0.003  0.018  0.258  0.005  0.003  0.023  0.127  0.715
   2.17673     -1.974566  0.002  0.288  0.003  0.018  0.246  0.004  0.003  0.025  0.117  0.705
   2.20922     -1.958147  0.002  0.301  0.002  0.019  0.233  0.003  0.003  0.027  0.107  0.698
   2.24171     -1.940477  0.002  0.316  0.001  0.019  0.221  0.003  0.002  0.028  0.096  0.690
   2.27419     -1.921750  0.001  0.331  0.001  0.017  0.208  0.003  0.003  0.029  0.086  0.681
   2.30668     -1.902232  0.001  0.345  0.001  0.018  0.196  0.001  0.003  0.030  0.077  0.672
   2.33917     -1.882275  0.001  0.361  0.001  0.018  0.182  0.001  0.003  0.030  0.066  0.664
   2.37166     -1.862331  0.000  0.378  0.001  0.019  0.167  0.001  0.003  0.028  0.056  0.654
   2.40414     -1.842978  0.000  0.399  0.002  0.020  0.147  0.000  0.003  0.025  0.044  0.641
   2.43663     -1.824980  0.000  0.425  0.002  0.021  0.120  0.000  0.002  0.021  0.032  0.623
   2.46912     -1.809446  0.000  0.459  0.003  0.021  0.080  0.000  0.002  0.013  0.020  0.599
   2.50161     -1.798191  0.000  0.499  0.003  0.024  0.033  0.000  0.001  0.005  0.007  0.571
   2.53409     -1.793889  0.000  0.520  0.003  0.024  0.006  0.000  0.000  0.001  0.001  0.557
 
# Band-Index:   16
   2.53409     -1.725163  0.003  0.025  0.002  0.000  0.691  0.000  0.035  0.101  0.068  0.925
   2.50161     -1.722353  0.003  0.046  0.002  0.001  0.665  0.000  0.035  0.097  0.062  0.911
   2.46912     -1.715440  0.003  0.082  0.002  0.003  0.616  0.000  0.034  0.088  0.053  0.883
   2.43663     -1.706765  0.003  0.112  0.003  0.005  0.576  0.000  0.035  0.081  0.043  0.861
   2.40414     -1.697651  0.004  0.134  0.003  0.008  0.548  0.000  0.037  0.076  0.036  0.846
   2.37166     -1.688655  0.004  0.148  0.004  0.008  0.527  0.000  0.040  0.073  0.030  0.836
   2.33917     -1.679977  0.004  0.159  0.005  0.010  0.511  0.000  0.043  0.071  0.026  0.830
   2.30668     -1.671659  0.005  0.167  0.005  0.012  0.498  0.000  0.046  0.068  0.022  0.824
   2.27419     -1.663647  0.005  0.173  0.005  0.012  0.486  0.000  0.051  0.066  0.020  0.819
   2.24171     -1.655815  0.005  0.179  0.006  0.014  0.475  0.001  0.054  0.062  0.017  0.815
   2.20922     -1.647963  0.007  0.185  0.007  0.014  0.466  0.001  0.057  0.059  0.016  0.811
   2.17673     -1.639843  0.008  0.191  0.007  0.015  0.455  0.001  0.060  0.054  0.016  0.808
   2.14424     -1.631156  0.008  0.198  0.009  0.017  0.445  0.003  0.061  0.049  0.015  0.801
   2.11176     -1.621577  0.007  0.207  0.010  0.019  0.432  0.003  0.061  0.042  0.016  0.796
   2.07927     -1.610766  0.008  0.217  0.010  0.020  0.418  0.004  0.060  0.037  0.016  0.789
   2.04678     -1.598382  0.008  0.229  0.009  0.022  0.400  0.007  0.057  0.032  0.017  0.781
   2.01429     -1.584089  0.008  0.242  0.011  0.024  0.380  0.009  0.053  0.027  0.018  0.773
   1.98181     -1.567560  0.009  0.258  0.009  0.027  0.357  0.012  0.048  0.023  0.019  0.763
   1.94932     -1.548493  0.009  0.273  0.008  0.030  0.331  0.015  0.042  0.021  0.020  0.752
   1.91683     -1.526620  0.008  0.292  0.008  0.034  0.303  0.020  0.035  0.019  0.022  0.741
   1.88435     -1.501718  0.008  0.310  0.006  0.039  0.273  0.023  0.030  0.017  0.022  0.729
   1.85186     -1.473668  0.008  0.330  0.004  0.045  0.242  0.026  0.023  0.016  0.023  0.716
   1.81937     -1.442481  0.008  0.347  0.002  0.049  0.210  0.029  0.018  0.015  0.023  0.705
   1.78688     -1.408336  0.007  0.366  0.002  0.054  0.180  0.031  0.014  0.015  0.024  0.692
   1.75440     -1.371614  0.007  0.384  0.000  0.059  0.151  0.032  0.011  0.014  0.025  0.680
   1.72191     -1.332872  0.006  0.402  0.000  0.063  0.123  0.032  0.009  0.013  0.024  0.672
   1.68942     -1.292795  0.003  0.419  0.000  0.064  0.100  0.031  0.007  0.012  0.025  0.661
   1.65693     -1.252127  0.002  0.436  0.000  0.065  0.079  0.028  0.006  0.011  0.024  0.654
   1.62445     -1.211595  0.002  0.452  0.000  0.065  0.062  0.026  0.006  0.011  0.023  0.647
   1.59196     -1.171874  0.002  0.467  0.000  0.064  0.048  0.024  0.004  0.010  0.022  0.642
   1.55947     -1.133588  0.001  0.481  0.000  0.064  0.035  0.020  0.004  0.009  0.020  0.637
   1.52698     -1.097296  0.001  0.494  0.000  0.064  0.026  0.018  0.003  0.008  0.017  0.633
   1.49450     -1.063513  0.000  0.505  0.000  0.064  0.019  0.015  0.002  0.007  0.015  0.630
   1.46201     -1.032700  0.000  0.513  0.001  0.067  0.013  0.012  0.001  0.006  0.013  0.626
   1.42952     -1.005255  0.000  0.518  0.001  0.071  0.007  0.009  0.001  0.005  0.010  0.624
   1.39703     -0.981409  0.000  0.515  0.001  0.081  0.004  0.007  0.000  0.005  0.008  0.622
   1.36455     -0.961101  0.000  0.500  0.002  0.102  0.002  0.005  0.000  0.005  0.006  0.622
   1.33206     -0.943659  0.000  0.462  0.001  0.145  0.001  0.003  0.001  0.004  0.006  0.624
   1.29957     -0.928475  0.000  0.391  0.001  0.223  0.000  0.001  0.001  0.002  0.003  0.625
   1.26708     -0.920852  0.000  0.342  0.000  0.278  0.000  0.000  0.000  0.000  0.000  0.622
   1.26708     -0.920852  0.000  0.342  0.000  0.278  0.000  0.000  0.000  0.000  0.000  0.622
   1.23459     -0.930087  0.000  0.333  0.000  0.281  0.003  0.000  0.000  0.004  0.004  0.626
   1.20211     -0.956517  0.000  0.296  0.002  0.298  0.009  0.002  0.000  0.012  0.012  0.632
   1.16962     -0.996244  0.000  0.230  0.005  0.334  0.020  0.003  0.001  0.027  0.021  0.644
   1.13713     -1.042659  0.000  0.157  0.006  0.373  0.035  0.005  0.002  0.049  0.027  0.655
   1.10464     -1.089059  0.000  0.100  0.005  0.397  0.053  0.005  0.003  0.076  0.028  0.668
   1.07215     -1.131450  0.000  0.064  0.004  0.402  0.071  0.006  0.005  0.104  0.026  0.681
   1.03966     -1.168325  0.000  0.043  0.003  0.394  0.089  0.005  0.006  0.132  0.022  0.694
   1.00717     -1.199368  0.000  0.030  0.001  0.377  0.106  0.005  0.008  0.161  0.018  0.706
   0.97468     -1.224786  0.000  0.023  0.001  0.359  0.120  0.005  0.009  0.188  0.014  0.719
   0.94219     -1.245023  0.000  0.018  0.002  0.339  0.133  0.006  0.009  0.211  0.011  0.730
   0.90970     -1.260680  0.001  0.016  0.002  0.320  0.145  0.005  0.009  0.233  0.009  0.740
   0.87721     -1.272442  0.001  0.014  0.004  0.303  0.155  0.006  0.009  0.252  0.007  0.750
   0.84472     -1.281043  0.001  0.014  0.006  0.286  0.163  0.006  0.009  0.267  0.007  0.758
   0.81223     -1.287277  0.000  0.014  0.008  0.271  0.170  0.007  0.009  0.278  0.007  0.765
   0.77974     -1.292008  0.000  0.014  0.012  0.259  0.175  0.008  0.010  0.284  0.007  0.770
   0.74725     -1.296182  0.000  0.015  0.018  0.247  0.179  0.009  0.012  0.284  0.009  0.774
   0.71477     -1.300825  0.000  0.017  0.024  0.234  0.180  0.013  0.015  0.280  0.014  0.777
   0.68228     -1.306953  0.000  0.020  0.030  0.223  0.180  0.017  0.020  0.270  0.021  0.779
   0.64979     -1.315404  0.000  0.022  0.038  0.212  0.176  0.021  0.028  0.254  0.031  0.782
   0.61730     -1.326643  0.000  0.024  0.045  0.200  0.169  0.027  0.038  0.235  0.044  0.785
   0.58481     -1.340725  0.000  0.027  0.050  0.189  0.161  0.032  0.051  0.216  0.059  0.789
   0.55232     -1.357473  0.000  0.031  0.054  0.181  0.153  0.036  0.064  0.197  0.075  0.792
   0.51983     -1.376743  0.002  0.034  0.055  0.174  0.143  0.037  0.078  0.180  0.091  0.794
   0.48734     -1.398581  0.001  0.037  0.056  0.167  0.132  0.037  0.091  0.165  0.108  0.796
   0.45485     -1.423223  0.000  0.041  0.058  0.162  0.120  0.035  0.106  0.151  0.125  0.798
   0.42236     -1.450977  0.000  0.043  0.058  0.156  0.106  0.032  0.122  0.136  0.142  0.798
   0.38987     -1.482063  0.001  0.046  0.059  0.150  0.091  0.028  0.140  0.122  0.159  0.798
   0.35738     -1.516450  0.002  0.048  0.058  0.147  0.074  0.025  0.159  0.110  0.177  0.800
   0.32489     -1.553737  0.003  0.048  0.056  0.144  0.058  0.020  0.179  0.099  0.193  0.801
   0.29240     -1.593068  0.004  0.048  0.052  0.143  0.042  0.016  0.197  0.089  0.207  0.800
   0.25991     -1.633206  0.006  0.046  0.046  0.147  0.028  0.012  0.211  0.082  0.218  0.800
   0.22743     -1.672638  0.007  0.044  0.039  0.158  0.017  0.009  0.219  0.076  0.224  0.794
   0.19494     -1.709770  0.009  0.040  0.030  0.180  0.009  0.006  0.219  0.071  0.222  0.785
   0.16245     -1.743097  0.009  0.035  0.020  0.212  0.004  0.003  0.205  0.065  0.210  0.766
   0.12996     -1.771348  0.009  0.030  0.013  0.263  0.001  0.002  0.177  0.056  0.182  0.735
   0.09747     -1.793583  0.007  0.026  0.007  0.333  0.000  0.001  0.133  0.043  0.137  0.690
   0.06498     -1.809275  0.004  0.022  0.004  0.419  0.000  0.000  0.076  0.025  0.079  0.630
   0.03249     -1.818411  0.001  0.018  0.003  0.497  0.000  0.000  0.023  0.008  0.024  0.575
   0.00000     -1.821368  0.000  0.017  0.003  0.531  0.000  0.000  0.001  0.000  0.000  0.551
 
# Band-Index:   17
   0.00000     -1.585060  0.034  0.021  0.000  0.003  0.468  0.002  0.344  0.022  0.013  0.907
   0.03249     -1.579717  0.033  0.021  0.000  0.012  0.460  0.002  0.337  0.023  0.012  0.901
   0.06498     -1.564486  0.031  0.021  0.002  0.034  0.439  0.002  0.319  0.028  0.010  0.886
   0.09747     -1.541260  0.029  0.021  0.004  0.061  0.411  0.002  0.298  0.033  0.008  0.866
   0.12996     -1.512113  0.026  0.021  0.006  0.086  0.381  0.003  0.280  0.042  0.006  0.851
   0.16245     -1.478763  0.024  0.022  0.011  0.104  0.352  0.002  0.266  0.050  0.007  0.837
   0.19494     -1.442450  0.022  0.023  0.015  0.118  0.323  0.003  0.258  0.059  0.007  0.825
   0.22743     -1.404059  0.021  0.024  0.019  0.125  0.296  0.003  0.254  0.068  0.008  0.819
   0.25991     -1.364257  0.019  0.027  0.025  0.129  0.269  0.004  0.254  0.077  0.011  0.814
   0.29240     -1.323680  0.015  0.031  0.032  0.125  0.242  0.006  0.256  0.085  0.015  0.810
   0.32489     -1.283088  0.012  0.034  0.041  0.122  0.216  0.007  0.259  0.093  0.023  0.808
   0.35738     -1.243506  0.010  0.040  0.050  0.115  0.190  0.010  0.260  0.101  0.031  0.807
   0.38987     -1.206263  0.008  0.044  0.060  0.108  0.166  0.014  0.259  0.108  0.040  0.808
   0.42236     -1.172833  0.005  0.049  0.068  0.099  0.143  0.020  0.254  0.114  0.052  0.807
   0.45485     -1.144491  0.003  0.055  0.078  0.092  0.122  0.028  0.246  0.120  0.066  0.809
   0.48734     -1.121894  0.001  0.057  0.087  0.086  0.102  0.037  0.237  0.123  0.079  0.809
   0.51983     -1.104727  0.000  0.059  0.097  0.079  0.085  0.047  0.226  0.122  0.094  0.809
   0.55232     -1.091664  0.002  0.061  0.108  0.073  0.067  0.057  0.217  0.118  0.107  0.808
   0.58481     -1.080629  0.003  0.064  0.123  0.066  0.051  0.065  0.208  0.107  0.117  0.805
   0.61730     -1.069287  0.003  0.066  0.142  0.059  0.037  0.073  0.202  0.092  0.125  0.800
   0.64979     -1.055619  0.006  0.070  0.164  0.050  0.026  0.078  0.194  0.076  0.128  0.793
   0.68228     -1.038361  0.006  0.077  0.189  0.043  0.016  0.079  0.186  0.059  0.128  0.782
   0.71477     -1.017225  0.006  0.083  0.214  0.037  0.010  0.078  0.175  0.045  0.123  0.770
   0.74725     -0.992740  0.007  0.091  0.239  0.031  0.006  0.073  0.163  0.033  0.115  0.757
   0.77974     -0.965908  0.005  0.096  0.265  0.028  0.003  0.066  0.150  0.024  0.105  0.744
   0.81223     -0.937883  0.004  0.104  0.288  0.024  0.002  0.059  0.136  0.019  0.093  0.730
   0.84472     -0.909753  0.004  0.110  0.312  0.022  0.001  0.052  0.123  0.014  0.082  0.718
   0.87721     -0.882448  0.004  0.114  0.334  0.020  0.000  0.044  0.109  0.011  0.071  0.708
   0.90970     -0.856705  0.004  0.118  0.356  0.018  0.000  0.037  0.095  0.008  0.060  0.697
   0.94219     -0.833029  0.004  0.121  0.378  0.016  0.000  0.031  0.082  0.006  0.050  0.686
   0.97468     -0.811713  0.004  0.120  0.400  0.015  0.000  0.025  0.068  0.005  0.041  0.677
   1.00717     -0.792790  0.003  0.117  0.424  0.014  0.000  0.019  0.054  0.004  0.033  0.669
   1.03966     -0.776056  0.002  0.111  0.447  0.013  0.000  0.015  0.041  0.003  0.025  0.660
   1.07215     -0.761048  0.003  0.100  0.474  0.014  0.000  0.012  0.029  0.002  0.019  0.653
   1.10464     -0.747036  0.004  0.085  0.501  0.016  0.000  0.009  0.018  0.001  0.014  0.649
   1.13713     -0.733118  0.004  0.063  0.530  0.018  0.001  0.006  0.009  0.001  0.012  0.644
   1.16962     -0.718586  0.004  0.039  0.556  0.021  0.002  0.004  0.003  0.001  0.010  0.640
   1.20211     -0.703927  0.004  0.020  0.570  0.026  0.004  0.002  0.001  0.003  0.011  0.641
   1.23459     -0.691791  0.002  0.009  0.563  0.032  0.008  0.000  0.004  0.007  0.019  0.645
   1.26708     -0.686537  0.001  0.007  0.548  0.036  0.014  0.001  0.008  0.012  0.025  0.652
   1.26708     -0.686537  0.001  0.007  0.548  0.036  0.014  0.001  0.008  0.012  0.025  0.652
   1.29957     -0.705017  0.005  0.008  0.465  0.082  0.026  0.001  0.012  0.023  0.045  0.666
   1.33206     -0.721238  0.005  0.008  0.481  0.095  0.018  0.000  0.004  0.015  0.027  0.655
   1.36455     -0.734830  0.005  0.008  0.487  0.103  0.013  0.000  0.002  0.014  0.016  0.649
   1.39703     -0.748890  0.006  0.009  0.481  0.110  0.009  0.001  0.003  0.019  0.011  0.648
   1.42952     -0.764176  0.007  0.009  0.465  0.115  0.008  0.002  0.008  0.028  0.009  0.651
   1.46201     -0.780434  0.007  0.011  0.443  0.118  0.008  0.003  0.014  0.042  0.008  0.656
   1.49450     -0.796931  0.009  0.014  0.418  0.123  0.009  0.004  0.021  0.059  0.009  0.664
   1.52698     -0.812660  0.011  0.016  0.386  0.126  0.011  0.007  0.028  0.081  0.011  0.675
   1.55947     -0.826448  0.012  0.020  0.350  0.130  0.014  0.009  0.033  0.105  0.015  0.686
   1.59196     -0.837057  0.015  0.022  0.310  0.134  0.018  0.012  0.036  0.132  0.021  0.700
   1.62445     -0.843433  0.019  0.025  0.265  0.136  0.026  0.015  0.034  0.159  0.034  0.714
   1.65693     -0.845255  0.026  0.030  0.214  0.136  0.040  0.017  0.026  0.181  0.058  0.730
   1.68942     -0.845457  0.038  0.037  0.145  0.134  0.071  0.017  0.009  0.179  0.123  0.752
   1.72191     -0.860060  0.056  0.045  0.047  0.122  0.125  0.007  0.008  0.102  0.276  0.788
   1.75440     -0.907158  0.061  0.044  0.005  0.107  0.137  0.001  0.054  0.030  0.371  0.811
   1.78688     -0.968059  0.059  0.043  0.004  0.094  0.123  0.000  0.089  0.010  0.396  0.819
   1.81937     -1.029490  0.055  0.043  0.006  0.082  0.107  0.001  0.112  0.007  0.408  0.825
   1.85186     -1.087200  0.053  0.046  0.008  0.071  0.090  0.003  0.130  0.010  0.418  0.829
   1.88435     -1.139414  0.051  0.046  0.010  0.064  0.073  0.004  0.144  0.018  0.425  0.833
   1.91683     -1.185298  0.047  0.047  0.010  0.057  0.056  0.006  0.156  0.029  0.430  0.838
   1.94932     -1.224552  0.043  0.047  0.010  0.052  0.040  0.008  0.164  0.042  0.433  0.842
   1.98181     -1.257224  0.041  0.046  0.010  0.047  0.027  0.011  0.170  0.060  0.435  0.847
   2.01429     -1.283616  0.039  0.045  0.008  0.044  0.016  0.013  0.173  0.079  0.435  0.851
   2.04678     -1.304215  0.035  0.043  0.007  0.042  0.008  0.015  0.174  0.099  0.432  0.857
   2.07927     -1.319632  0.032  0.040  0.006  0.042  0.003  0.018  0.173  0.121  0.429  0.863
   2.11176     -1.330559  0.029  0.037  0.005  0.040  0.000  0.020  0.170  0.143  0.422  0.869
   2.14424     -1.337712  0.028  0.033  0.003  0.039  0.000  0.023  0.167  0.163  0.416  0.875
   2.17673     -1.341795  0.025  0.029  0.002  0.038  0.001  0.026  0.164  0.185  0.409  0.881
   2.20922     -1.343463  0.025  0.024  0.002  0.038  0.004  0.029  0.160  0.205  0.399  0.886
   2.24171     -1.343312  0.023  0.020  0.002  0.037  0.007  0.031  0.157  0.225  0.390  0.893
   2.27419     -1.341868  0.022  0.016  0.002  0.037  0.009  0.034  0.154  0.243  0.380  0.897
   2.30668     -1.339593  0.022  0.012  0.002  0.036  0.012  0.036  0.151  0.260  0.370  0.902
   2.33917     -1.336880  0.022  0.008  0.002  0.036  0.014  0.040  0.148  0.276  0.360  0.906
   2.37166     -1.334063  0.019  0.006  0.002  0.036  0.016  0.042  0.146  0.290  0.351  0.908
   2.40414     -1.331414  0.019  0.004  0.002  0.036  0.017  0.044  0.144  0.302  0.343  0.912
   2.43663     -1.329150  0.019  0.002  0.002  0.036  0.019  0.045  0.142  0.312  0.336  0.913
   2.46912     -1.327429  0.019  0.000  0.002  0.036  0.020  0.046  0.141  0.319  0.330  0.915
   2.50161     -1.326357  0.019  0.000  0.002  0.036  0.020  0.047  0.140  0.323  0.327  0.915
   2.53409     -1.325994  0.019  0.000  0.002  0.036  0.020  0.047  0.140  0.324  0.326  0.916
 
# Band-Index:   18
   2.53409     -0.438313  0.082  0.010  0.086  0.028  0.096  0.046  0.015  0.156  0.317  0.834
   2.50161     -0.431135  0.082  0.011  0.086  0.029  0.097  0.046  0.015  0.156  0.315  0.835
   2.46912     -0.410087  0.079  0.012  0.086  0.032  0.097  0.047  0.015  0.157  0.308  0.835
   2.43663     -0.376599  0.076  0.015  0.088  0.037  0.098  0.047  0.013  0.158  0.300  0.833
   2.40414     -0.332942  0.073  0.018  0.093  0.043  0.097  0.048  0.011  0.161  0.288  0.833
   2.37166     -0.282137  0.067  0.021  0.095  0.052  0.097  0.049  0.009  0.164  0.275  0.831
   2.33917     -0.227806  0.063  0.024  0.100  0.061  0.097  0.050  0.007  0.168  0.260  0.830
   2.30668     -0.174064  0.057  0.026  0.104  0.071  0.097  0.052  0.005  0.172  0.245  0.829
   2.27419     -0.125316  0.052  0.029  0.107  0.081  0.096  0.054  0.003  0.177  0.229  0.829
   2.24171     -0.086006  0.047  0.031  0.110  0.094  0.094  0.055  0.001  0.184  0.212  0.829
   2.20922     -0.060168  0.043  0.032  0.111  0.106  0.092  0.056  0.000  0.191  0.195  0.827
   2.17673     -0.050907  0.039  0.034  0.112  0.116  0.089  0.057  0.000  0.198  0.178  0.824
   2.14424     -0.059932  0.036  0.035  0.110  0.126  0.086  0.059  0.001  0.207  0.160  0.821
   2.11176     -0.087237  0.033  0.035  0.108  0.135  0.081  0.059  0.002  0.218  0.143  0.815
   2.07927     -0.131166  0.032  0.034  0.103  0.142  0.077  0.060  0.006  0.228  0.126  0.810
   2.04678     -0.188806  0.031  0.034  0.100  0.147  0.072  0.060  0.010  0.240  0.109  0.804
   2.01429     -0.256503  0.031  0.033  0.094  0.152  0.067  0.060  0.014  0.251  0.094  0.798
   1.98181     -0.330367  0.030  0.032  0.093  0.156  0.061  0.059  0.021  0.263  0.079  0.792
   1.94932     -0.406659  0.030  0.031  0.091  0.157  0.054  0.058  0.028  0.275  0.064  0.787
   1.91683     -0.481980  0.026  0.032  0.092  0.158  0.047  0.057  0.036  0.285  0.051  0.783
   1.88435     -0.553400  0.025  0.030  0.097  0.159  0.039  0.054  0.046  0.293  0.038  0.779
   1.85186     -0.618432  0.020  0.028  0.107  0.160  0.030  0.051  0.057  0.295  0.025  0.775
   1.81937     -0.674923  0.018  0.026  0.121  0.159  0.021  0.047  0.072  0.293  0.014  0.771
   1.78688     -0.720718  0.013  0.023  0.142  0.158  0.010  0.044  0.091  0.279  0.004  0.765
   1.75440     -0.752134  0.007  0.018  0.162  0.159  0.001  0.038  0.121  0.246  0.007  0.760
   1.72191     -0.757398  0.007  0.015  0.149  0.158  0.015  0.026  0.161  0.156  0.081  0.769
   1.68942     -0.720176  0.022  0.019  0.085  0.159  0.071  0.011  0.154  0.056  0.211  0.789
   1.65693     -0.661655  0.028  0.022  0.054  0.170  0.101  0.005  0.129  0.029  0.255  0.795
   1.62445     -0.601491  0.029  0.022  0.042  0.185  0.113  0.003  0.111  0.025  0.261  0.793
   1.59196     -0.546569  0.028  0.022  0.039  0.200  0.120  0.002  0.099  0.025  0.255  0.791
   1.55947     -0.500603  0.024  0.021  0.039  0.214  0.121  0.002  0.090  0.029  0.246  0.788
   1.52698     -0.466360  0.021  0.021  0.040  0.229  0.119  0.002  0.083  0.034  0.234  0.784
   1.49450     -0.446045  0.016  0.019  0.046  0.238  0.117  0.003  0.078  0.039  0.222  0.780
   1.46201     -0.441237  0.012  0.019  0.052  0.247  0.113  0.002  0.075  0.044  0.210  0.774
   1.42952     -0.452734  0.008  0.017  0.061  0.250  0.109  0.002  0.071  0.049  0.199  0.768
   1.39703     -0.480265  0.007  0.018  0.075  0.247  0.104  0.003  0.068  0.054  0.187  0.761
   1.36455     -0.522057  0.006  0.016  0.093  0.235  0.099  0.004  0.065  0.060  0.178  0.757
   1.33206     -0.573978  0.006  0.014  0.121  0.214  0.094  0.004  0.064  0.067  0.168  0.752
   1.29957     -0.627815  0.009  0.012  0.152  0.183  0.090  0.005  0.060  0.073  0.160  0.748
   1.26708     -0.663261  0.014  0.015  0.076  0.204  0.106  0.006  0.068  0.093  0.187  0.769
   1.26708     -0.663261  0.014  0.015  0.076  0.204  0.106  0.006  0.068  0.093  0.187  0.769
   1.23459     -0.651773  0.013  0.014  0.056  0.221  0.105  0.006  0.071  0.093  0.191  0.771
   1.20211     -0.622831  0.012  0.014  0.034  0.253  0.098  0.007  0.072  0.086  0.192  0.768
   1.16962     -0.584133  0.012  0.014  0.023  0.283  0.088  0.007  0.072  0.076  0.190  0.762
   1.13713     -0.541480  0.008  0.014  0.017  0.306  0.077  0.006  0.071  0.066  0.188  0.758
   1.10464     -0.498622  0.008  0.015  0.015  0.323  0.069  0.006  0.072  0.057  0.188  0.754
   1.07215     -0.457940  0.008  0.017  0.013  0.334  0.062  0.006  0.075  0.050  0.187  0.751
   1.03966     -0.421013  0.009  0.017  0.013  0.341  0.056  0.005  0.078  0.044  0.188  0.752
   1.00717     -0.388925  0.010  0.019  0.012  0.345  0.052  0.005  0.082  0.039  0.188  0.751
   0.97468     -0.362428  0.011  0.019  0.013  0.346  0.047  0.005  0.088  0.034  0.187  0.751
   0.94219     -0.342004  0.012  0.021  0.015  0.347  0.044  0.005  0.094  0.030  0.185  0.751
   0.90970     -0.327918  0.012  0.021  0.015  0.346  0.041  0.006  0.101  0.027  0.184  0.751
   0.87721     -0.320231  0.013  0.021  0.015  0.343  0.039  0.006  0.108  0.023  0.181  0.752
   0.84472     -0.318851  0.015  0.024  0.017  0.340  0.036  0.006  0.116  0.021  0.179  0.752
   0.81223     -0.323531  0.016  0.024  0.017  0.335  0.034  0.005  0.124  0.019  0.176  0.752
   0.77974     -0.333892  0.018  0.024  0.017  0.330  0.033  0.006  0.131  0.018  0.173  0.752
   0.74725     -0.349431  0.020  0.025  0.017  0.325  0.031  0.006  0.139  0.018  0.171  0.752
   0.71477     -0.369527  0.023  0.025  0.017  0.319  0.030  0.006  0.145  0.019  0.169  0.752
   0.68228     -0.393417  0.024  0.023  0.017  0.314  0.028  0.006  0.151  0.021  0.167  0.753
   0.64979     -0.420200  0.025  0.024  0.016  0.308  0.026  0.006  0.155  0.026  0.167  0.755
   0.61730     -0.448805  0.027  0.022  0.015  0.303  0.025  0.006  0.157  0.032  0.168  0.755
   0.58481     -0.477982  0.030  0.021  0.014  0.297  0.023  0.007  0.156  0.040  0.170  0.757
   0.55232     -0.506334  0.031  0.018  0.012  0.293  0.020  0.007  0.152  0.052  0.174  0.760
   0.51983     -0.532422  0.031  0.016  0.010  0.288  0.018  0.008  0.146  0.067  0.180  0.763
   0.48734     -0.554968  0.031  0.013  0.009  0.283  0.015  0.008  0.137  0.085  0.187  0.767
   0.45485     -0.573130  0.030  0.011  0.007  0.277  0.014  0.008  0.126  0.105  0.193  0.774
   0.42236     -0.586674  0.029  0.010  0.007  0.271  0.012  0.008  0.116  0.128  0.199  0.779
   0.38987     -0.595953  0.026  0.008  0.006  0.263  0.012  0.008  0.108  0.151  0.203  0.785
   0.35738     -0.601698  0.025  0.008  0.006  0.256  0.011  0.008  0.101  0.172  0.205  0.791
   0.32489     -0.604752  0.021  0.007  0.006  0.250  0.012  0.007  0.094  0.193  0.206  0.798
   0.29240     -0.605893  0.020  0.006  0.006  0.244  0.013  0.007  0.091  0.213  0.206  0.805
   0.25991     -0.605758  0.018  0.004  0.006  0.238  0.013  0.007  0.088  0.231  0.204  0.811
   0.22743     -0.604827  0.017  0.004  0.006  0.232  0.014  0.006  0.085  0.247  0.203  0.815
   0.19494     -0.603461  0.014  0.003  0.006  0.228  0.015  0.006  0.085  0.261  0.200  0.820
   0.16245     -0.601925  0.013  0.003  0.006  0.225  0.016  0.006  0.084  0.272  0.199  0.825
   0.12996     -0.600424  0.012  0.003  0.006  0.222  0.016  0.006  0.083  0.281  0.197  0.827
   0.09747     -0.599108  0.012  0.002  0.006  0.220  0.016  0.005  0.083  0.289  0.195  0.830
   0.06498     -0.598091  0.012  0.002  0.006  0.217  0.017  0.006  0.082  0.294  0.195  0.832
   0.03249     -0.597451  0.012  0.002  0.006  0.217  0.017  0.006  0.082  0.298  0.194  0.833
   0.00000     -0.597233  0.012  0.002  0.006  0.217  0.017  0.006  0.082  0.298  0.194  0.834
 
# Band-Index:   19
   0.00000      1.770587  0.046  0.000  0.016  0.004  0.027  0.550  0.081  0.043  0.035  0.805
   0.03249      1.769496  0.045  0.000  0.016  0.004  0.027  0.551  0.081  0.043  0.035  0.804
   0.06498      1.766226  0.045  0.000  0.016  0.005  0.028  0.552  0.081  0.042  0.035  0.804
   0.09747      1.760760  0.044  0.000  0.016  0.005  0.028  0.554  0.080  0.042  0.034  0.805
   0.12996      1.753103  0.042  0.000  0.016  0.006  0.029  0.556  0.080  0.042  0.034  0.808
   0.16245      1.743285  0.043  0.000  0.017  0.006  0.030  0.560  0.078  0.041  0.033  0.808
   0.19494      1.731390  0.041  0.002  0.017  0.007  0.031  0.563  0.077  0.040  0.032  0.811
   0.22743      1.717615  0.040  0.002  0.018  0.008  0.032  0.568  0.076  0.039  0.030  0.813
   0.25991      1.702309  0.040  0.002  0.017  0.009  0.034  0.572  0.075  0.038  0.028  0.816
   0.29240      1.686030  0.038  0.002  0.017  0.010  0.036  0.575  0.073  0.037  0.026  0.817
   0.32489      1.669567  0.038  0.002  0.017  0.013  0.038  0.578  0.072  0.035  0.024  0.818
   0.35738      1.653935  0.038  0.004  0.017  0.014  0.040  0.580  0.071  0.033  0.022  0.818
   0.38987      1.640284  0.038  0.004  0.016  0.016  0.041  0.580  0.071  0.031  0.020  0.819
   0.42236      1.629768  0.039  0.006  0.015  0.018  0.043  0.578  0.070  0.029  0.019  0.817
   0.45485      1.623357  0.038  0.008  0.014  0.019  0.045  0.574  0.070  0.028  0.018  0.816
   0.48734      1.621672  0.038  0.012  0.014  0.020  0.047  0.568  0.070  0.026  0.017  0.814
   0.51983      1.624888  0.039  0.016  0.014  0.022  0.048  0.561  0.070  0.025  0.017  0.812
   0.55232      1.632716  0.040  0.018  0.014  0.022  0.050  0.552  0.071  0.024  0.017  0.809
   0.58481      1.644476  0.039  0.023  0.014  0.023  0.051  0.542  0.071  0.024  0.018  0.806
   0.61730      1.659244  0.039  0.028  0.016  0.024  0.052  0.532  0.071  0.023  0.019  0.802
   0.64979      1.675991  0.040  0.032  0.016  0.024  0.053  0.521  0.071  0.024  0.020  0.799
   0.68228      1.693710  0.038  0.036  0.016  0.022  0.054  0.511  0.069  0.024  0.022  0.796
   0.71477      1.711507  0.039  0.041  0.019  0.020  0.055  0.501  0.067  0.025  0.023  0.792
   0.74725      1.728656  0.038  0.046  0.019  0.020  0.057  0.492  0.066  0.026  0.025  0.789
   0.77974      1.744575  0.037  0.051  0.019  0.019  0.058  0.484  0.062  0.028  0.028  0.787
   0.81223      1.758836  0.038  0.056  0.021  0.017  0.059  0.475  0.059  0.030  0.030  0.784
   0.84472      1.771114  0.035  0.061  0.021  0.015  0.061  0.468  0.056  0.031  0.032  0.782
   0.87721      1.781136  0.032  0.066  0.021  0.014  0.064  0.462  0.053  0.032  0.036  0.781
   0.90970      1.788619  0.030  0.072  0.021  0.013  0.065  0.456  0.050  0.034  0.039  0.780
   0.94219      1.793202  0.026  0.078  0.021  0.011  0.069  0.449  0.047  0.036  0.042  0.779
   0.97468      1.794392  0.021  0.084  0.019  0.008  0.072  0.444  0.043  0.036  0.047  0.777
   1.00717      1.791551  0.017  0.090  0.019  0.006  0.075  0.439  0.041  0.038  0.051  0.778
   1.03966      1.783951  0.013  0.095  0.017  0.005  0.079  0.434  0.039  0.039  0.056  0.778
   1.07215      1.770988  0.007  0.101  0.017  0.004  0.084  0.429  0.037  0.040  0.061  0.778
   1.10464      1.752552  0.004  0.103  0.015  0.003  0.088  0.425  0.034  0.040  0.065  0.778
   1.13713      1.729581  0.004  0.105  0.011  0.002  0.092  0.420  0.032  0.042  0.070  0.777
   1.16962      1.704511  0.004  0.102  0.008  0.002  0.097  0.416  0.031  0.043  0.075  0.776
   1.20211      1.681319  0.005  0.100  0.004  0.002  0.100  0.412  0.030  0.043  0.077  0.774
   1.23459      1.664726  0.006  0.098  0.002  0.002  0.102  0.410  0.030  0.043  0.079  0.773
   1.26708      1.658687  0.007  0.098  0.002  0.002  0.103  0.409  0.030  0.044  0.080  0.773
   1.26708      1.658687  0.007  0.098  0.002  0.002  0.103  0.409  0.030  0.044  0.080  0.773
   1.29957      1.661669  0.007  0.098  0.002  0.002  0.103  0.409  0.030  0.043  0.079  0.773
   1.33206      1.670525  0.006  0.100  0.002  0.002  0.101  0.411  0.030  0.043  0.078  0.773
   1.36455      1.685002  0.006  0.102  0.002  0.002  0.101  0.412  0.030  0.041  0.077  0.774
   1.39703      1.704676  0.006  0.106  0.002  0.002  0.099  0.413  0.030  0.038  0.074  0.774
   1.42952      1.728965  0.005  0.112  0.002  0.002  0.099  0.416  0.030  0.036  0.072  0.774
   1.46201      1.757168  0.005  0.118  0.002  0.002  0.098  0.420  0.030  0.033  0.068  0.775
   1.49450      1.788505  0.002  0.123  0.002  0.002  0.096  0.424  0.030  0.031  0.063  0.776
   1.52698      1.822158  0.002  0.128  0.002  0.002  0.095  0.428  0.030  0.028  0.059  0.778
   1.55947      1.857309  0.002  0.133  0.005  0.002  0.094  0.433  0.030  0.025  0.054  0.778
   1.59196      1.893185  0.001  0.138  0.005  0.003  0.094  0.438  0.030  0.024  0.048  0.780
   1.62445      1.929078  0.001  0.143  0.005  0.003  0.092  0.443  0.030  0.022  0.042  0.782
   1.65693      1.964344  0.001  0.147  0.005  0.003  0.092  0.449  0.030  0.020  0.036  0.783
   1.68942      1.998425  0.001  0.151  0.006  0.003  0.090  0.455  0.030  0.019  0.030  0.785
   1.72191      2.030831  0.001  0.155  0.006  0.005  0.089  0.460  0.029  0.019  0.024  0.786
   1.75440      2.061129  0.000  0.158  0.006  0.005  0.087  0.466  0.029  0.018  0.019  0.788
   1.78688      2.088948  0.000  0.161  0.006  0.005  0.086  0.471  0.029  0.018  0.014  0.788
   1.81937      2.113949  0.000  0.163  0.006  0.006  0.084  0.476  0.029  0.017  0.009  0.790
   1.85186      2.135852  0.000  0.165  0.003  0.006  0.082  0.481  0.029  0.018  0.006  0.791
   1.88435      2.154386  0.000  0.166  0.003  0.008  0.080  0.485  0.029  0.019  0.003  0.793
   1.91683      2.169338  0.000  0.168  0.003  0.008  0.077  0.489  0.028  0.021  0.001  0.795
   1.94932      2.180526  0.000  0.167  0.003  0.008  0.075  0.492  0.028  0.023  0.000  0.797
   1.98181      2.187811  0.000  0.167  0.003  0.008  0.072  0.495  0.029  0.026  0.000  0.800
   2.01429      2.191115  0.000  0.165  0.003  0.008  0.069  0.497  0.028  0.029  0.002  0.801
   2.04678      2.190426  0.000  0.162  0.003  0.010  0.066  0.498  0.028  0.032  0.005  0.803
   2.07927      2.185839  0.000  0.159  0.003  0.009  0.063  0.499  0.027  0.035  0.008  0.805
   2.11176      2.177604  0.000  0.155  0.003  0.009  0.060  0.499  0.027  0.039  0.013  0.805
   2.14424      2.166165  0.000  0.150  0.003  0.009  0.056  0.500  0.027  0.042  0.019  0.807
   2.17673      2.152194  0.000  0.144  0.003  0.011  0.053  0.501  0.027  0.046  0.024  0.808
   2.20922      2.136509  0.000  0.139  0.003  0.011  0.049  0.503  0.026  0.049  0.030  0.808
   2.24171      2.119970  0.001  0.133  0.003  0.011  0.046  0.504  0.027  0.053  0.034  0.810
   2.27419      2.103364  0.001  0.128  0.003  0.013  0.041  0.506  0.026  0.056  0.038  0.812
   2.30668      2.087353  0.001  0.122  0.002  0.013  0.039  0.509  0.026  0.059  0.042  0.814
   2.33917      2.072472  0.001  0.118  0.002  0.013  0.036  0.511  0.026  0.062  0.046  0.816
   2.37166      2.059164  0.001  0.114  0.002  0.012  0.035  0.513  0.025  0.065  0.049  0.817
   2.40414      2.047790  0.001  0.111  0.002  0.012  0.033  0.514  0.025  0.067  0.051  0.820
   2.43663      2.038639  0.001  0.108  0.004  0.012  0.032  0.516  0.025  0.069  0.053  0.821
   2.46912      2.031941  0.001  0.107  0.004  0.012  0.031  0.517  0.025  0.070  0.054  0.821
   2.50161      2.027857  0.001  0.106  0.004  0.012  0.031  0.518  0.025  0.071  0.055  0.822
   2.53409      2.026485  0.001  0.106  0.004  0.012  0.031  0.518  0.025  0.071  0.055  0.822
 
# Band-Index:   20
   2.53409      3.299245  0.065  0.030  0.040  0.002  0.080  0.135  0.068  0.150  0.067  0.636
   2.50161      3.296662  0.064  0.030  0.040  0.002  0.080  0.135  0.068  0.148  0.067  0.635
   2.46912      3.288831  0.062  0.030  0.040  0.003  0.080  0.134  0.069  0.144  0.067  0.630
   2.43663      3.275539  0.060  0.030  0.039  0.005  0.081  0.134  0.072  0.136  0.068  0.624
   2.40414      3.256577  0.055  0.029  0.038  0.010  0.081  0.133  0.077  0.125  0.068  0.616
   2.37166      3.231967  0.052  0.029  0.037  0.015  0.082  0.131  0.082  0.111  0.068  0.604
   2.33917      3.202346  0.047  0.028  0.034  0.019  0.082  0.129  0.088  0.095  0.069  0.591
   2.30668      3.169387  0.043  0.027  0.031  0.023  0.082  0.127  0.094  0.077  0.070  0.575
   2.27419      3.136116  0.039  0.025  0.027  0.028  0.083  0.124  0.101  0.061  0.073  0.561
   2.24171      3.106812  0.038  0.022  0.024  0.032  0.084  0.120  0.107  0.045  0.077  0.549
   2.20922      3.086359  0.035  0.019  0.020  0.035  0.087  0.117  0.111  0.032  0.083  0.539
   2.17673      3.079208  0.032  0.016  0.017  0.036  0.091  0.115  0.114  0.023  0.092  0.535
   2.14424      3.088277  0.027  0.013  0.017  0.035  0.096  0.112  0.115  0.016  0.101  0.535
   2.11176      3.114212  0.022  0.011  0.019  0.032  0.105  0.112  0.112  0.012  0.113  0.539
   2.07927      3.155201  0.017  0.009  0.021  0.030  0.116  0.112  0.108  0.010  0.124  0.548
   2.04678      3.207421  0.014  0.008  0.024  0.027  0.128  0.114  0.101  0.009  0.135  0.560
   2.01429      3.265961  0.010  0.008  0.027  0.022  0.142  0.116  0.091  0.010  0.144  0.572
   1.98181      3.325958  0.008  0.006  0.030  0.019  0.157  0.118  0.080  0.012  0.151  0.583
   1.94932      3.383608  0.009  0.006  0.032  0.014  0.172  0.120  0.067  0.014  0.157  0.592
   1.91683      3.436739  0.013  0.004  0.032  0.011  0.185  0.123  0.053  0.015  0.159  0.597
   1.88435      3.484776  0.020  0.004  0.032  0.009  0.198  0.124  0.039  0.015  0.161  0.603
   1.85186      3.528240  0.028  0.004  0.031  0.007  0.209  0.125  0.028  0.016  0.162  0.607
   1.81937      3.568099  0.036  0.002  0.029  0.006  0.219  0.125  0.016  0.013  0.164  0.612
   1.78688      3.605163  0.048  0.002  0.028  0.005  0.227  0.125  0.007  0.009  0.168  0.617
   1.75440      3.639416  0.061  0.002  0.023  0.004  0.229  0.122  0.001  0.004  0.178  0.626
   1.72191      3.668837  0.081  0.002  0.016  0.006  0.216  0.114  0.004  0.007  0.193  0.641
   1.68942      3.687784  0.101  0.003  0.011  0.011  0.166  0.087  0.038  0.046  0.202  0.664
   1.65693      3.692700  0.103  0.006  0.010  0.016  0.100  0.057  0.094  0.106  0.184  0.677
   1.62445      3.690708  0.097  0.006  0.012  0.020  0.062  0.041  0.141  0.136  0.159  0.675
   1.59196      3.689236  0.090  0.007  0.014  0.020  0.045  0.038  0.175  0.139  0.137  0.669
   1.55947      3.691176  0.097  0.009  0.017  0.016  0.043  0.050  0.202  0.127  0.107  0.665
   1.52698      3.663818  0.300  0.025  0.021  0.022  0.048  0.170  0.040  0.008  0.026  0.661
   1.49450      3.573945  0.323  0.025  0.021  0.029  0.021  0.141  0.019  0.002  0.061  0.642
   1.46201      3.482047  0.342  0.024  0.019  0.026  0.012  0.121  0.018  0.003  0.069  0.632
   1.42952      3.395954  0.359  0.023  0.015  0.019  0.007  0.107  0.020  0.003  0.071  0.625
   1.39703      3.320211  0.374  0.020  0.012  0.014  0.004  0.098  0.022  0.003  0.072  0.619
   1.36455      3.258153  0.385  0.018  0.009  0.010  0.002  0.091  0.023  0.004  0.073  0.616
   1.33206      3.212214  0.394  0.018  0.007  0.004  0.002  0.086  0.025  0.004  0.074  0.614
   1.29957      3.184029  0.398  0.018  0.004  0.002  0.001  0.085  0.026  0.004  0.074  0.611
   1.26708      3.174531  0.401  0.018  0.004  0.002  0.001  0.084  0.026  0.004  0.074  0.611
   1.26708      3.174531  0.401  0.018  0.004  0.002  0.001  0.084  0.026  0.004  0.074  0.611
   1.23459      3.187756  0.399  0.018  0.004  0.002  0.001  0.083  0.025  0.004  0.075  0.611
   1.20211      3.227180  0.394  0.023  0.005  0.002  0.001  0.081  0.021  0.005  0.079  0.611
   1.16962      3.291410  0.384  0.029  0.009  0.002  0.002  0.078  0.014  0.006  0.087  0.611
   1.13713      3.375931  0.365  0.037  0.013  0.005  0.002  0.074  0.004  0.008  0.104  0.610
   1.10464      3.466842  0.323  0.041  0.019  0.006  0.002  0.065  0.003  0.009  0.139  0.607
   1.07215      3.526962  0.226  0.030  0.023  0.013  0.001  0.045  0.072  0.013  0.180  0.603
   1.03966      3.529344  0.140  0.017  0.026  0.018  0.001  0.033  0.179  0.018  0.179  0.608
   1.00717      3.502644  0.105  0.010  0.026  0.020  0.001  0.031  0.234  0.022  0.166  0.613
   0.97468      3.467604  0.092  0.008  0.024  0.021  0.000  0.032  0.259  0.025  0.156  0.617
   0.94219      3.430541  0.086  0.005  0.023  0.022  0.000  0.034  0.270  0.027  0.150  0.620
   0.90970      3.393262  0.085  0.006  0.023  0.024  0.001  0.037  0.275  0.029  0.145  0.623
   0.87721      3.356069  0.086  0.006  0.023  0.024  0.002  0.039  0.274  0.031  0.141  0.626
   0.84472      3.318594  0.089  0.005  0.023  0.025  0.005  0.043  0.268  0.031  0.138  0.628
   0.81223      3.280142  0.091  0.006  0.022  0.025  0.008  0.047  0.260  0.031  0.138  0.628
   0.77974      3.239929  0.095  0.006  0.020  0.026  0.013  0.050  0.248  0.029  0.138  0.627
   0.74725      3.197331  0.102  0.007  0.019  0.025  0.019  0.054  0.233  0.027  0.139  0.626
   0.71477      3.152206  0.108  0.008  0.017  0.023  0.026  0.057  0.216  0.024  0.140  0.621
   0.68228      3.105137  0.114  0.009  0.016  0.022  0.031  0.060  0.198  0.021  0.140  0.615
   0.64979      3.057502  0.121  0.011  0.014  0.021  0.037  0.062  0.182  0.017  0.140  0.607
   0.61730      3.011315  0.127  0.012  0.013  0.020  0.041  0.064  0.168  0.015  0.137  0.595
   0.58481      2.968890  0.132  0.014  0.011  0.017  0.044  0.067  0.156  0.012  0.133  0.586
   0.55232      2.932484  0.134  0.016  0.010  0.016  0.046  0.071  0.148  0.010  0.126  0.577
   0.51983      2.904022  0.137  0.016  0.010  0.015  0.046  0.075  0.142  0.009  0.119  0.570
   0.48734      2.884945  0.139  0.018  0.011  0.013  0.046  0.081  0.139  0.008  0.109  0.567
   0.45485      2.876152  0.140  0.019  0.012  0.013  0.046  0.088  0.138  0.007  0.099  0.563
   0.42236      2.877986  0.140  0.021  0.014  0.013  0.046  0.097  0.139  0.008  0.089  0.564
   0.38987      2.890218  0.138  0.022  0.018  0.011  0.045  0.106  0.142  0.008  0.078  0.568
   0.35738      2.912036  0.135  0.022  0.022  0.009  0.046  0.116  0.149  0.009  0.069  0.578
   0.32489      2.942042  0.131  0.023  0.028  0.009  0.046  0.127  0.156  0.010  0.059  0.590
   0.29240      2.978300  0.126  0.022  0.034  0.009  0.048  0.137  0.165  0.012  0.051  0.604
   0.25991      3.018473  0.120  0.020  0.038  0.008  0.050  0.147  0.176  0.014  0.045  0.619
   0.22743      3.060032  0.114  0.019  0.044  0.006  0.053  0.156  0.188  0.017  0.039  0.636
   0.19494      3.100520  0.108  0.018  0.050  0.006  0.055  0.162  0.201  0.019  0.035  0.653
   0.16245      3.137775  0.101  0.017  0.054  0.005  0.057  0.167  0.213  0.022  0.033  0.669
   0.12996      3.170078  0.097  0.014  0.058  0.004  0.059  0.172  0.224  0.024  0.030  0.683
   0.09747      3.196190  0.093  0.013  0.060  0.002  0.061  0.173  0.232  0.026  0.030  0.692
   0.06498      3.215302  0.091  0.012  0.062  0.002  0.063  0.175  0.239  0.027  0.029  0.701
   0.03249      3.226927  0.089  0.011  0.064  0.002  0.064  0.176  0.243  0.027  0.028  0.705
   0.00000      3.230828  0.089  0.010  0.064  0.002  0.064  0.176  0.244  0.028  0.029  0.706
 
# Band-Index:   21
   0.00000      4.814198  0.105  0.000  0.000  0.086  0.005  0.002  0.011  0.596  0.014  0.821
   0.03249      4.782089  0.126  0.007  0.011  0.065  0.013  0.007  0.017  0.453  0.009  0.710
   0.06498      4.701702  0.142  0.019  0.024  0.042  0.029  0.021  0.031  0.263  0.005  0.575
   0.09747      4.605669  0.143  0.025  0.029  0.031  0.030  0.028  0.049  0.172  0.005  0.515
   0.12996      4.508734  0.144  0.028  0.030  0.028  0.026  0.030  0.070  0.126  0.008  0.488
   0.16245      4.415956  0.142  0.029  0.029  0.022  0.021  0.028  0.092  0.099  0.011  0.476
   0.19494      4.329769  0.139  0.031  0.030  0.022  0.018  0.024  0.115  0.081  0.015  0.472
   0.22743      4.251579  0.136  0.030  0.027  0.019  0.013  0.021  0.139  0.069  0.020  0.476
   0.25991      4.182156  0.132  0.029  0.027  0.019  0.010  0.018  0.163  0.061  0.025  0.482
   0.29240      4.121747  0.127  0.029  0.027  0.018  0.007  0.014  0.185  0.054  0.030  0.494
   0.32489      4.070205  0.123  0.027  0.027  0.018  0.006  0.012  0.205  0.051  0.036  0.506
   0.35738      4.027160  0.119  0.026  0.029  0.018  0.004  0.011  0.223  0.048  0.042  0.519
   0.38987      3.992157  0.115  0.023  0.029  0.018  0.004  0.011  0.238  0.046  0.048  0.531
   0.42236      3.964811  0.111  0.022  0.029  0.018  0.005  0.010  0.250  0.046  0.053  0.545
   0.45485      3.944891  0.109  0.020  0.032  0.018  0.006  0.009  0.260  0.046  0.059  0.557
   0.48734      3.932394  0.105  0.019  0.032  0.017  0.008  0.008  0.265  0.045  0.067  0.569
   0.51983      3.927592  0.105  0.019  0.032  0.017  0.012  0.008  0.269  0.046  0.074  0.580
   0.55232      3.931031  0.101  0.019  0.034  0.017  0.018  0.006  0.267  0.046  0.083  0.591
   0.58481      3.943519  0.102  0.018  0.034  0.014  0.025  0.005  0.262  0.046  0.094  0.602
   0.61730      3.966030  0.100  0.019  0.035  0.014  0.035  0.003  0.254  0.045  0.107  0.615
   0.64979      3.999488  0.101  0.020  0.035  0.013  0.047  0.002  0.243  0.044  0.123  0.627
   0.68228      4.044417  0.099  0.021  0.036  0.011  0.060  0.001  0.231  0.042  0.142  0.641
   0.71477      4.100412  0.100  0.022  0.035  0.010  0.072  0.001  0.217  0.040  0.165  0.661
   0.74725      4.165423  0.098  0.022  0.034  0.008  0.079  0.004  0.204  0.040  0.192  0.682
   0.77974      4.234567  0.094  0.021  0.034  0.007  0.075  0.013  0.194  0.042  0.226  0.705
   0.81223      4.297854  0.084  0.018  0.032  0.005  0.050  0.038  0.187  0.050  0.264  0.733
   0.84472      4.337389  0.066  0.019  0.029  0.006  0.012  0.088  0.174  0.071  0.291  0.757
   0.87721      4.338123  0.052  0.021  0.025  0.007  0.005  0.132  0.155  0.095  0.271  0.765
   0.90970      4.304109  0.060  0.031  0.023  0.007  0.009  0.160  0.148  0.104  0.219  0.760
   0.94219      4.238991  0.089  0.043  0.023  0.006  0.004  0.175  0.155  0.093  0.159  0.750
   0.97468      4.140475  0.135  0.056  0.024  0.004  0.000  0.170  0.170  0.070  0.100  0.729
   1.00717      4.015444  0.176  0.060  0.024  0.004  0.002  0.147  0.192  0.048  0.052  0.706
   1.03966      3.885168  0.187  0.052  0.022  0.004  0.005  0.123  0.244  0.035  0.018  0.690
   1.07215      3.785830  0.135  0.030  0.021  0.005  0.009  0.095  0.346  0.029  0.007  0.678
   1.10464      3.757265  0.063  0.010  0.021  0.009  0.011  0.069  0.414  0.025  0.042  0.667
   1.13713      3.779465  0.039  0.004  0.023  0.009  0.015  0.059  0.415  0.022  0.078  0.665
   1.16962      3.818351  0.032  0.003  0.021  0.007  0.021  0.060  0.413  0.020  0.099  0.676
   1.20211      3.858978  0.028  0.005  0.017  0.004  0.030  0.066  0.417  0.019  0.114  0.698
   1.23459      3.890967  0.021  0.006  0.011  0.001  0.039  0.074  0.429  0.018  0.126  0.726
   1.26708      3.903513  0.020  0.006  0.008  0.000  0.043  0.079  0.436  0.019  0.131  0.742
   1.26708      3.903513  0.020  0.006  0.008  0.000  0.043  0.079  0.436  0.019  0.131  0.742
   1.29957      3.894842  0.022  0.006  0.010  0.003  0.041  0.076  0.425  0.020  0.128  0.730
   1.33206      3.871323  0.027  0.007  0.015  0.006  0.035  0.069  0.398  0.024  0.124  0.705
   1.36455      3.838806  0.034  0.007  0.018  0.011  0.030  0.060  0.364  0.035  0.119  0.677
   1.39703      3.803439  0.040  0.007  0.022  0.015  0.025  0.053  0.331  0.050  0.117  0.658
   1.42952      3.769884  0.045  0.007  0.023  0.019  0.022  0.045  0.300  0.068  0.118  0.647
   1.46201      3.741106  0.049  0.008  0.022  0.022  0.021  0.038  0.272  0.087  0.123  0.642
   1.49450      3.718841  0.054  0.008  0.021  0.026  0.019  0.031  0.245  0.106  0.133  0.641
   1.52698      3.705401  0.057  0.009  0.023  0.038  0.009  0.022  0.197  0.117  0.166  0.636
   1.55947      3.750941  0.229  0.021  0.029  0.045  0.053  0.169  0.009  0.020  0.070  0.646
   1.59196      3.801715  0.171  0.010  0.035  0.033  0.126  0.188  0.015  0.048  0.016  0.641
   1.62445      3.808531  0.094  0.002  0.039  0.021  0.168  0.152  0.035  0.114  0.005  0.630
   1.65693      3.792202  0.056  0.001  0.040  0.017  0.146  0.106  0.065  0.192  0.003  0.628
   1.68942      3.777903  0.047  0.004  0.038  0.020  0.079  0.059  0.107  0.288  0.004  0.646
   1.72191      3.778415  0.063  0.007  0.031  0.022  0.023  0.023  0.124  0.358  0.025  0.678
   1.75440      3.791163  0.083  0.006  0.027  0.022  0.004  0.009  0.114  0.392  0.048  0.702
   1.78688      3.809836  0.096  0.007  0.023  0.019  0.000  0.004  0.095  0.418  0.061  0.721
   1.81937      3.830973  0.107  0.007  0.019  0.015  0.001  0.002  0.074  0.443  0.067  0.736
   1.85186      3.852712  0.116  0.007  0.017  0.012  0.003  0.002  0.055  0.471  0.068  0.750
   1.88435      3.873852  0.124  0.007  0.015  0.010  0.005  0.002  0.038  0.499  0.065  0.763
   1.91683      3.893531  0.129  0.007  0.013  0.008  0.007  0.002  0.022  0.525  0.060  0.772
   1.94932      3.911184  0.133  0.007  0.012  0.006  0.008  0.004  0.011  0.548  0.052  0.782
   1.98181      3.926606  0.136  0.006  0.011  0.004  0.008  0.006  0.004  0.564  0.044  0.785
   2.01429      3.940105  0.139  0.006  0.010  0.006  0.008  0.009  0.001  0.570  0.037  0.785
   2.04678      3.952668  0.141  0.005  0.011  0.006  0.007  0.013  0.001  0.565  0.029  0.778
   2.07927      3.965971  0.143  0.005  0.011  0.008  0.006  0.017  0.005  0.550  0.023  0.771
   2.11176      3.982180  0.147  0.005  0.011  0.012  0.005  0.022  0.011  0.527  0.019  0.758
   2.14424      4.003682  0.148  0.005  0.011  0.016  0.004  0.025  0.018  0.499  0.016  0.744
   2.17673      4.032897  0.151  0.005  0.012  0.021  0.003  0.027  0.026  0.468  0.015  0.729
   2.20922      4.072197  0.154  0.004  0.012  0.029  0.003  0.027  0.036  0.437  0.015  0.715
   2.24171      4.123779  0.155  0.003  0.013  0.035  0.002  0.025  0.048  0.403  0.014  0.699
   2.27419      4.189331  0.152  0.003  0.014  0.044  0.002  0.022  0.061  0.369  0.015  0.686
   2.30668      4.269478  0.148  0.006  0.016  0.052  0.001  0.019  0.075  0.335  0.018  0.672
   2.33917      4.363108  0.142  0.006  0.019  0.059  0.003  0.014  0.085  0.313  0.023  0.666
   2.37166      4.463122  0.111  0.005  0.017  0.044  0.063  0.004  0.051  0.398  0.055  0.748
   2.40414      4.506221  0.093  0.003  0.009  0.005  0.231  0.014  0.031  0.318  0.081  0.787
   2.43663      4.529919  0.091  0.003  0.008  0.004  0.227  0.014  0.038  0.310  0.093  0.788
   2.46912      4.547210  0.087  0.000  0.007  0.004  0.220  0.014  0.041  0.316  0.104  0.795
   2.50161      4.557798  0.086  0.000  0.006  0.004  0.216  0.013  0.043  0.321  0.112  0.801
   2.53409      4.561366  0.085  0.000  0.006  0.004  0.214  0.013  0.043  0.323  0.115  0.801
 
# Band-Index:   22
   2.53409      4.953192  0.080  0.024  0.077  0.084  0.008  0.002  0.006  0.000  0.009  0.294
   2.50161      4.899279  0.102  0.022  0.058  0.072  0.030  0.002  0.057  0.045  0.053  0.443
   2.46912      4.804154  0.117  0.017  0.049  0.070  0.015  0.007  0.113  0.089  0.038  0.516
   2.43663      4.695869  0.128  0.013  0.042  0.071  0.009  0.010  0.130  0.124  0.028  0.556
   2.40414      4.583274  0.140  0.010  0.035  0.071  0.010  0.015  0.132  0.141  0.019  0.573
   2.37166      4.486605  0.136  0.008  0.022  0.027  0.184  0.031  0.101  0.082  0.027  0.617
   2.33917      4.450218  0.118  0.007  0.017  0.007  0.249  0.026  0.052  0.186  0.041  0.703
   2.30668      4.416708  0.121  0.010  0.017  0.009  0.254  0.029  0.046  0.182  0.033  0.699
   2.27419      4.383236  0.127  0.011  0.018  0.009  0.255  0.031  0.046  0.167  0.024  0.689
   2.24171      4.351049  0.133  0.011  0.018  0.010  0.252  0.035  0.047  0.148  0.019  0.676
   2.20922      4.321496  0.140  0.013  0.021  0.011  0.247  0.040  0.051  0.129  0.014  0.666
   2.17673      4.295887  0.146  0.012  0.022  0.014  0.238  0.045  0.058  0.108  0.011  0.655
   2.14424      4.275539  0.153  0.013  0.024  0.016  0.227  0.050  0.068  0.087  0.009  0.646
   2.11176      4.261859  0.158  0.013  0.025  0.019  0.213  0.055  0.081  0.064  0.008  0.636
   2.07927      4.256308  0.162  0.014  0.026  0.022  0.195  0.060  0.097  0.042  0.009  0.631
   2.04678      4.260215  0.163  0.016  0.028  0.025  0.177  0.065  0.116  0.024  0.013  0.629
   2.01429      4.274164  0.163  0.018  0.030  0.027  0.159  0.070  0.135  0.011  0.024  0.636
   1.98181      4.296980  0.160  0.022  0.030  0.026  0.142  0.076  0.145  0.005  0.047  0.655
   1.94932      4.324465  0.154  0.031  0.028  0.022  0.130  0.087  0.131  0.004  0.098  0.686
   1.91683      4.347285  0.139  0.043  0.021  0.018  0.121  0.105  0.071  0.012  0.200  0.731
   1.88435      4.352346  0.113  0.053  0.010  0.022  0.099  0.118  0.010  0.039  0.307  0.773
   1.85186      4.339029  0.095  0.056  0.006  0.031  0.073  0.122  0.002  0.069  0.336  0.788
   1.81937      4.315507  0.092  0.056  0.004  0.036  0.052  0.126  0.007  0.089  0.326  0.788
   1.78688      4.285202  0.097  0.057  0.003  0.040  0.035  0.133  0.008  0.101  0.309  0.782
   1.75440      4.248390  0.105  0.058  0.003  0.043  0.023  0.137  0.006  0.106  0.293  0.774
   1.72191      4.204410  0.119  0.058  0.002  0.043  0.013  0.136  0.003  0.106  0.280  0.761
   1.68942      4.152785  0.129  0.058  0.004  0.042  0.006  0.126  0.001  0.105  0.272  0.746
   1.65693      4.094680  0.137  0.057  0.006  0.040  0.004  0.103  0.001  0.108  0.271  0.726
   1.62445      4.036389  0.124  0.052  0.007  0.034  0.019  0.062  0.004  0.125  0.274  0.702
   1.59196      3.997142  0.076  0.041  0.011  0.021  0.078  0.014  0.009  0.160  0.263  0.672
   1.55947      3.997227  0.032  0.026  0.017  0.009  0.152  0.006  0.011  0.181  0.218  0.650
   1.52698      4.023175  0.020  0.018  0.020  0.003  0.189  0.016  0.009  0.186  0.180  0.644
   1.49450      4.057651  0.021  0.013  0.023  0.002  0.202  0.023  0.009  0.191  0.156  0.640
   1.46201      4.093328  0.024  0.012  0.026  0.000  0.200  0.024  0.010  0.200  0.137  0.634
   1.42952      4.127248  0.027  0.011  0.029  0.001  0.189  0.022  0.012  0.208  0.119  0.621
   1.39703      4.158588  0.034  0.011  0.035  0.003  0.170  0.018  0.013  0.210  0.099  0.593
   1.36455      4.188108  0.044  0.011  0.046  0.008  0.142  0.012  0.013  0.194  0.077  0.546
   1.33206      4.217526  0.058  0.012  0.062  0.015  0.104  0.007  0.008  0.153  0.052  0.470
   1.29957      4.246693  0.079  0.014  0.086  0.022  0.049  0.002  0.004  0.073  0.022  0.352
   1.26708      4.262851  0.098  0.015  0.106  0.027  0.000  0.000  0.001  0.000  0.000  0.248
   1.26708      4.262851  0.098  0.015  0.106  0.027  0.000  0.000  0.001  0.000  0.000  0.248
   1.23459      4.271838  0.089  0.016  0.097  0.024  0.032  0.010  0.004  0.010  0.013  0.296
   1.20211      4.291361  0.067  0.017  0.072  0.016  0.120  0.031  0.008  0.043  0.045  0.421
   1.16962      4.310320  0.043  0.018  0.046  0.008  0.218  0.044  0.013  0.082  0.077  0.552
   1.13713      4.326243  0.026  0.017  0.031  0.004  0.289  0.050  0.017  0.106  0.096  0.638
   1.10464      4.341323  0.018  0.017  0.023  0.002  0.336  0.053  0.020  0.113  0.105  0.685
   1.07215      4.357540  0.013  0.017  0.017  0.003  0.373  0.057  0.021  0.106  0.106  0.712
   1.03966      4.376142  0.012  0.016  0.015  0.002  0.407  0.064  0.021  0.090  0.103  0.728
   1.00717      4.397925  0.011  0.019  0.012  0.004  0.441  0.078  0.018  0.065  0.092  0.738
   0.97468      4.423041  0.012  0.019  0.011  0.006  0.476  0.098  0.015  0.033  0.075  0.745
   0.94219      4.449773  0.012  0.017  0.010  0.014  0.509  0.119  0.012  0.007  0.053  0.754
   0.90970      4.473260  0.012  0.011  0.009  0.023  0.543  0.112  0.010  0.003  0.038  0.762
   0.87721      4.487995  0.011  0.006  0.009  0.031  0.588  0.064  0.009  0.012  0.035  0.767
   0.84472      4.494974  0.008  0.004  0.006  0.036  0.605  0.015  0.017  0.019  0.055  0.764
   0.81223      4.502820  0.003  0.003  0.005  0.047  0.530  0.003  0.040  0.052  0.090  0.773
   0.77974      4.510731  0.001  0.002  0.004  0.068  0.393  0.003  0.069  0.154  0.094  0.791
   0.74725      4.514915  0.002  0.002  0.002  0.084  0.279  0.003  0.082  0.272  0.074  0.803
   0.71477      4.517316  0.002  0.003  0.002  0.091  0.212  0.004  0.083  0.354  0.057  0.812
   0.68228      4.520069  0.004  0.004  0.002  0.095  0.172  0.003  0.082  0.409  0.045  0.817
   0.64979      4.524203  0.004  0.004  0.002  0.097  0.145  0.003  0.078  0.448  0.037  0.819
   0.61730      4.530213  0.003  0.005  0.002  0.099  0.127  0.003  0.074  0.477  0.032  0.822
   0.58481      4.538341  0.002  0.006  0.002  0.099  0.112  0.003  0.070  0.501  0.028  0.824
   0.55232      4.548720  0.002  0.006  0.002  0.100  0.101  0.003  0.066  0.518  0.025  0.824
   0.51983      4.561415  0.003  0.006  0.002  0.101  0.092  0.003  0.063  0.530  0.024  0.825
   0.48734      4.576459  0.003  0.008  0.002  0.102  0.084  0.005  0.060  0.541  0.022  0.827
   0.45485      4.593856  0.003  0.008  0.002  0.104  0.079  0.005  0.058  0.547  0.021  0.827
   0.42236      4.613587  0.003  0.008  0.002  0.105  0.074  0.007  0.055  0.551  0.021  0.829
   0.38987      4.635586  0.003  0.008  0.002  0.106  0.073  0.010  0.053  0.551  0.022  0.830
   0.35738      4.659734  0.004  0.007  0.002  0.108  0.072  0.012  0.050  0.550  0.023  0.830
   0.32489      4.685815  0.006  0.010  0.002  0.109  0.073  0.017  0.047  0.546  0.023  0.832
   0.29240      4.713494  0.006  0.010  0.004  0.111  0.076  0.022  0.044  0.540  0.024  0.835
   0.25991      4.742259  0.006  0.010  0.004  0.112  0.083  0.027  0.040  0.532  0.026  0.835
   0.22743      4.771410  0.005  0.010  0.004  0.112  0.092  0.033  0.035  0.521  0.026  0.839
   0.19494      4.800059  0.005  0.011  0.006  0.110  0.106  0.039  0.030  0.506  0.027  0.840
   0.16245      4.827209  0.006  0.011  0.007  0.110  0.123  0.045  0.025  0.486  0.027  0.841
   0.12996      4.851963  0.007  0.012  0.010  0.106  0.145  0.051  0.020  0.460  0.027  0.836
   0.09747      4.873986  0.009  0.013  0.012  0.102  0.171  0.056  0.015  0.418  0.027  0.821
   0.06498      4.895001  0.014  0.016  0.017  0.092  0.208  0.060  0.012  0.337  0.026  0.783
   0.03249      4.924482  0.037  0.022  0.028  0.066  0.275  0.061  0.009  0.165  0.021  0.683
   0.00000      4.972039  0.075  0.009  0.009  0.024  0.537  0.064  0.012  0.027  0.019  0.778
 
# Band-Index:   23
   0.00000      4.998920  0.076  0.051  0.080  0.051  0.016  0.002  0.000  0.001  0.001  0.280
   0.03249      5.060162  0.080  0.028  0.043  0.027  0.322  0.008  0.030  0.012  0.004  0.553
   0.06498      5.103718  0.049  0.013  0.018  0.016  0.439  0.063  0.106  0.032  0.002  0.740
   0.09747      5.116044  0.030  0.005  0.007  0.011  0.472  0.115  0.151  0.034  0.004  0.832
   0.12996      5.115689  0.020  0.003  0.004  0.009  0.490  0.131  0.163  0.032  0.008  0.860
   0.16245      5.110263  0.015  0.002  0.003  0.006  0.507  0.131  0.159  0.029  0.014  0.868
   0.19494      5.102022  0.013  0.002  0.003  0.006  0.523  0.125  0.149  0.026  0.021  0.868
   0.22743      5.091571  0.010  0.002  0.003  0.004  0.537  0.117  0.134  0.025  0.030  0.863
   0.25991      5.078892  0.008  0.002  0.002  0.004  0.545  0.110  0.118  0.025  0.041  0.858
   0.29240      5.063702  0.006  0.001  0.003  0.004  0.548  0.104  0.102  0.026  0.055  0.851
   0.32489      5.045633  0.005  0.001  0.003  0.006  0.545  0.101  0.086  0.028  0.070  0.846
   0.35738      5.024347  0.005  0.002  0.003  0.006  0.536  0.100  0.071  0.031  0.086  0.840
   0.38987      4.999613  0.004  0.002  0.003  0.008  0.522  0.101  0.057  0.035  0.101  0.833
   0.42236      4.971379  0.003  0.002  0.003  0.009  0.505  0.104  0.045  0.041  0.117  0.827
   0.45485      4.939788  0.003  0.002  0.001  0.012  0.484  0.106  0.035  0.047  0.129  0.821
   0.48734      4.905176  0.003  0.003  0.001  0.013  0.463  0.110  0.027  0.054  0.138  0.814
   0.51983      4.868047  0.005  0.004  0.001  0.015  0.442  0.114  0.021  0.063  0.145  0.808
   0.55232      4.829023  0.005  0.004  0.001  0.016  0.422  0.117  0.015  0.075  0.148  0.801
   0.58481      4.788810  0.006  0.004  0.001  0.018  0.402  0.118  0.011  0.089  0.148  0.794
   0.61730      4.748168  0.007  0.003  0.000  0.019  0.382  0.118  0.009  0.107  0.144  0.788
   0.64979      4.707902  0.007  0.003  0.000  0.020  0.362  0.116  0.007  0.131  0.136  0.782
   0.68228      4.668899  0.009  0.003  0.000  0.023  0.338  0.113  0.006  0.162  0.122  0.779
   0.71477      4.632274  0.010  0.003  0.000  0.027  0.308  0.109  0.008  0.208  0.102  0.775
   0.74725      4.599793  0.013  0.003  0.001  0.035  0.259  0.104  0.013  0.279  0.071  0.777
   0.77974      4.574859  0.018  0.003  0.001  0.049  0.177  0.095  0.031  0.378  0.030  0.785
   0.81223      4.562527  0.028  0.003  0.002  0.070  0.091  0.079  0.066  0.457  0.002  0.797
   0.84472      4.564630  0.038  0.001  0.003  0.077  0.058  0.047  0.108  0.462  0.007  0.801
   0.87721      4.576978  0.040  0.000  0.005  0.078  0.049  0.014  0.141  0.456  0.024  0.807
   0.90970      4.589010  0.031  0.001  0.005  0.086  0.026  0.005  0.154  0.476  0.031  0.815
   0.94219      4.595971  0.018  0.003  0.002  0.099  0.014  0.008  0.150  0.496  0.031  0.821
   0.97468      4.598614  0.009  0.003  0.002  0.109  0.016  0.023  0.132  0.503  0.029  0.824
   1.00717      4.595706  0.010  0.004  0.002  0.110  0.023  0.064  0.091  0.486  0.024  0.814
   1.03966      4.583224  0.033  0.007  0.011  0.092  0.024  0.136  0.030  0.413  0.021  0.765
   1.07215      4.558165  0.066  0.008  0.026  0.058  0.023  0.178  0.000  0.292  0.026  0.679
   1.10464      4.523174  0.083  0.010  0.041  0.033  0.029  0.151  0.020  0.207  0.034  0.609
   1.13713      4.482037  0.080  0.009  0.048  0.021  0.053  0.095  0.055  0.174  0.043  0.578
   1.16962      4.439634  0.066  0.006  0.045  0.015  0.103  0.045  0.084  0.181  0.058  0.600
   1.20211      4.404099  0.041  0.004  0.032  0.009  0.183  0.015  0.099  0.213  0.082  0.678
   1.23459      4.382658  0.022  0.003  0.016  0.004  0.257  0.007  0.100  0.243  0.105  0.755
   1.26708      4.375951  0.013  0.004  0.010  0.002  0.283  0.007  0.099  0.252  0.113  0.784
   1.26708      4.375951  0.013  0.004  0.010  0.002  0.283  0.007  0.099  0.252  0.113  0.784
   1.29957      4.399080  0.032  0.004  0.026  0.005  0.245  0.009  0.117  0.165  0.099  0.701
   1.33206      4.442241  0.048  0.007  0.039  0.011  0.212  0.014  0.175  0.052  0.090  0.648
   1.36455      4.474983  0.050  0.004  0.035  0.024  0.189  0.025  0.253  0.008  0.088  0.678
   1.39703      4.486600  0.042  0.003  0.027  0.041  0.152  0.037  0.305  0.041  0.078  0.728
   1.42952      4.485556  0.037  0.001  0.023  0.051  0.117  0.040  0.336  0.091  0.066  0.760
   1.46201      4.481024  0.031  0.001  0.022  0.054  0.087  0.036  0.361  0.133  0.053  0.777
   1.49450      4.477518  0.028  0.000  0.022  0.053  0.064  0.029  0.384  0.164  0.044  0.788
   1.52698      4.476844  0.025  0.000  0.023  0.052  0.045  0.022  0.406  0.184  0.037  0.796
   1.55947      4.479434  0.024  0.000  0.027  0.049  0.032  0.016  0.428  0.194  0.031  0.802
   1.59196      4.484995  0.022  0.002  0.028  0.046  0.022  0.012  0.450  0.194  0.028  0.806
   1.62445      4.492743  0.023  0.002  0.032  0.042  0.015  0.011  0.471  0.187  0.026  0.807
   1.65693      4.501473  0.026  0.003  0.034  0.038  0.008  0.013  0.489  0.173  0.025  0.810
   1.68942      4.509546  0.028  0.005  0.036  0.037  0.004  0.016  0.504  0.155  0.023  0.807
   1.72191      4.514963  0.033  0.006  0.040  0.034  0.001  0.020  0.514  0.136  0.021  0.805
   1.75440      4.515598  0.038  0.007  0.040  0.035  0.000  0.022  0.518  0.117  0.016  0.797
   1.78688      4.509633  0.044  0.007  0.042  0.036  0.001  0.023  0.517  0.101  0.010  0.785
   1.81937      4.496252  0.048  0.006  0.044  0.041  0.003  0.019  0.511  0.090  0.004  0.769
   1.85186      4.476831  0.047  0.005  0.044  0.048  0.004  0.012  0.499  0.085  0.007  0.751
   1.88435      4.457387  0.035  0.004  0.039  0.058  0.001  0.004  0.464  0.088  0.049  0.741
   1.91683      4.450249  0.016  0.011  0.030  0.062  0.006  0.003  0.367  0.089  0.172  0.757
   1.94932      4.460176  0.009  0.021  0.021  0.055  0.025  0.011  0.267  0.072  0.294  0.776
   1.98181      4.479677  0.009  0.025  0.017  0.048  0.044  0.013  0.211  0.052  0.366  0.786
   2.01429      4.503981  0.012  0.027  0.015  0.041  0.058  0.011  0.180  0.035  0.414  0.792
   2.04678      4.531504  0.011  0.027  0.013  0.036  0.069  0.008  0.160  0.023  0.448  0.796
   2.07927      4.561606  0.013  0.027  0.012  0.031  0.079  0.007  0.146  0.013  0.474  0.801
   2.11176      4.593816  0.013  0.026  0.010  0.028  0.088  0.004  0.136  0.007  0.493  0.807
   2.14424      4.627641  0.013  0.025  0.009  0.024  0.097  0.003  0.129  0.003  0.507  0.811
   2.17673      4.662534  0.013  0.023  0.008  0.021  0.107  0.003  0.125  0.001  0.515  0.818
   2.20922      4.697941  0.012  0.021  0.006  0.018  0.119  0.003  0.122  0.001  0.520  0.824
   2.24171      4.733369  0.011  0.020  0.006  0.014  0.132  0.004  0.121  0.002  0.518  0.832
   2.27419      4.768420  0.010  0.020  0.004  0.012  0.148  0.006  0.123  0.002  0.512  0.839
   2.30668      4.802796  0.009  0.019  0.004  0.010  0.167  0.007  0.126  0.002  0.501  0.846
   2.33917      4.836227  0.009  0.018  0.004  0.009  0.188  0.009  0.131  0.002  0.485  0.854
   2.37166      4.868307  0.009  0.017  0.004  0.008  0.212  0.011  0.137  0.001  0.464  0.862
   2.40414      4.898277  0.007  0.013  0.004  0.006  0.238  0.014  0.145  0.001  0.442  0.872
   2.43663      4.924812  0.007  0.011  0.006  0.006  0.263  0.016  0.153  0.001  0.419  0.882
   2.46912      4.946013  0.007  0.009  0.006  0.005  0.283  0.020  0.159  0.002  0.398  0.890
   2.50161      4.959479  0.012  0.007  0.009  0.008  0.290  0.020  0.150  0.002  0.379  0.875
   2.53409      4.960361  0.022  0.012  0.005  0.007  0.324  0.017  0.072  0.001  0.423  0.884
 
# Band-Index:   24
   2.53409      5.084902  0.126  0.012  0.015  0.005  0.019  0.009  0.599  0.120  0.019  0.923
   2.50161      5.123562  0.116  0.018  0.028  0.017  0.030  0.004  0.467  0.078  0.023  0.783
   2.46912      5.185858  0.104  0.021  0.039  0.021  0.050  0.001  0.389  0.048  0.023  0.695
   2.43663      5.242311  0.101  0.023  0.041  0.020  0.062  0.002  0.359  0.026  0.024  0.657
   2.40414      5.290552  0.098  0.024  0.043  0.017  0.073  0.005  0.344  0.012  0.022  0.641
   2.37166      5.329091  0.097  0.021  0.042  0.016  0.092  0.014  0.339  0.007  0.016  0.646
   2.33917      5.358995  0.081  0.016  0.036  0.014  0.136  0.061  0.320  0.009  0.006  0.682
   2.30668      5.382070  0.094  0.021  0.036  0.014  0.119  0.067  0.311  0.006  0.010  0.678
   2.27419      5.370751  0.011  0.056  0.009  0.005  0.208  0.469  0.049  0.054  0.013  0.874
   2.24171      5.348029  0.013  0.064  0.008  0.005  0.187  0.509  0.009  0.064  0.015  0.874
   2.20922      5.322390  0.014  0.063  0.009  0.004  0.186  0.510  0.003  0.065  0.011  0.866
   2.17673      5.296304  0.014  0.060  0.009  0.004  0.189  0.509  0.001  0.064  0.008  0.859
   2.14424      5.270698  0.014  0.058  0.009  0.003  0.195  0.508  0.000  0.062  0.005  0.856
   2.11176      5.246107  0.013  0.056  0.008  0.003  0.204  0.507  0.000  0.057  0.004  0.853
   2.07927      5.222919  0.011  0.054  0.008  0.004  0.214  0.507  0.000  0.051  0.003  0.853
   2.04678      5.201435  0.010  0.052  0.007  0.003  0.225  0.506  0.000  0.044  0.002  0.851
   2.01429      5.181915  0.007  0.051  0.006  0.002  0.237  0.504  0.000  0.037  0.003  0.852
   1.98181      5.164625  0.006  0.051  0.005  0.002  0.250  0.501  0.002  0.030  0.004  0.852
   1.94932      5.149842  0.005  0.049  0.005  0.003  0.263  0.496  0.002  0.023  0.006  0.851
   1.91683      5.137883  0.003  0.049  0.004  0.003  0.275  0.488  0.002  0.017  0.007  0.852
   1.88435      5.129072  0.003  0.050  0.003  0.003  0.287  0.478  0.003  0.014  0.011  0.852
   1.85186      5.123650  0.004  0.051  0.003  0.003  0.296  0.467  0.002  0.011  0.014  0.852
   1.81937      5.121587  0.007  0.053  0.003  0.003  0.303  0.455  0.002  0.008  0.019  0.852
   1.78688      5.122333  0.008  0.055  0.003  0.003  0.303  0.446  0.002  0.008  0.023  0.853
   1.75440      5.124550  0.013  0.056  0.005  0.004  0.295  0.441  0.004  0.008  0.026  0.852
   1.72191      5.125906  0.019  0.057  0.006  0.004  0.277  0.444  0.004  0.008  0.027  0.848
   1.68942      5.122939  0.030  0.054  0.010  0.007  0.246  0.455  0.003  0.010  0.024  0.839
   1.65693      5.111302  0.046  0.047  0.015  0.012  0.200  0.470  0.003  0.012  0.017  0.822
   1.62445      5.087222  0.067  0.037  0.020  0.018  0.147  0.478  0.002  0.018  0.010  0.796
   1.59196      5.050121  0.084  0.028  0.027  0.024  0.099  0.473  0.001  0.028  0.006  0.769
   1.55947      5.003118  0.094  0.019  0.031  0.026  0.067  0.454  0.003  0.040  0.009  0.742
   1.52698      4.950038  0.095  0.014  0.035  0.029  0.047  0.422  0.005  0.056  0.015  0.717
   1.49450      4.892936  0.089  0.011  0.037  0.033  0.036  0.380  0.006  0.081  0.020  0.692
   1.46201      4.832095  0.077  0.008  0.039  0.039  0.029  0.330  0.004  0.119  0.022  0.667
   1.42952      4.767965  0.061  0.008  0.041  0.049  0.023  0.276  0.001  0.174  0.020  0.654
   1.39703      4.704423  0.042  0.005  0.035  0.065  0.016  0.235  0.001  0.249  0.016  0.666
   1.36455      4.651961  0.021  0.003  0.022  0.086  0.015  0.213  0.021  0.320  0.017  0.720
   1.33206      4.622543  0.009  0.001  0.009  0.100  0.032  0.203  0.069  0.335  0.027  0.787
   1.29957      4.612558  0.006  0.000  0.001  0.105  0.055  0.198  0.104  0.311  0.038  0.819
   1.26708      4.610659  0.005  0.000  0.000  0.106  0.064  0.196  0.115  0.299  0.042  0.829
   1.26708      4.610659  0.005  0.000  0.000  0.106  0.064  0.196  0.115  0.299  0.042  0.829
   1.23459      4.611464  0.005  0.000  0.000  0.106  0.064  0.188  0.119  0.300  0.042  0.826
   1.20211      4.613940  0.008  0.000  0.002  0.106  0.064  0.165  0.130  0.301  0.045  0.821
   1.16962      4.618243  0.012  0.000  0.005  0.106  0.063  0.128  0.149  0.299  0.048  0.810
   1.13713      4.624579  0.024  0.001  0.009  0.103  0.060  0.080  0.173  0.288  0.054  0.791
   1.10464      4.633388  0.045  0.003  0.017  0.092  0.054  0.034  0.196  0.254  0.063  0.758
   1.07215      4.646577  0.088  0.007  0.028  0.067  0.043  0.017  0.199  0.178  0.075  0.701
   1.03966      4.670551  0.154  0.014  0.040  0.032  0.031  0.057  0.150  0.071  0.083  0.631
   1.00717      4.715734  0.217  0.028  0.046  0.008  0.025  0.105  0.072  0.012  0.078  0.592
   0.97468      4.791029  0.269  0.044  0.049  0.004  0.027  0.100  0.021  0.006  0.066  0.585
   0.94219      4.912829  0.051  0.092  0.015  0.008  0.166  0.263  0.040  0.055  0.099  0.790
   0.90970      4.841633  0.039  0.098  0.012  0.011  0.113  0.334  0.028  0.069  0.071  0.774
   0.87721      4.791779  0.026  0.101  0.008  0.011  0.048  0.428  0.017  0.090  0.037  0.766
   0.84472      4.774273  0.016  0.097  0.007  0.008  0.008  0.502  0.013  0.104  0.013  0.769
   0.81223      4.784160  0.014  0.090  0.006  0.006  0.010  0.536  0.012  0.100  0.005  0.778
   0.77974      4.810188  0.016  0.083  0.004  0.004  0.031  0.549  0.011  0.088  0.003  0.789
   0.74725      4.845038  0.019  0.077  0.004  0.004  0.055  0.552  0.009  0.076  0.002  0.799
   0.71477      4.884945  0.020  0.074  0.004  0.005  0.078  0.551  0.008  0.067  0.002  0.810
   0.68228      4.927893  0.022  0.072  0.003  0.005  0.097  0.550  0.006  0.059  0.003  0.818
   0.64979      4.972681  0.024  0.070  0.003  0.007  0.114  0.549  0.005  0.052  0.004  0.827
   0.61730      5.018528  0.027  0.068  0.002  0.007  0.128  0.547  0.004  0.046  0.005  0.836
   0.58481      5.064943  0.030  0.068  0.002  0.009  0.138  0.545  0.003  0.040  0.007  0.843
   0.55232      5.111674  0.033  0.067  0.002  0.012  0.145  0.544  0.003  0.035  0.008  0.850
   0.51983      5.158667  0.037  0.067  0.002  0.013  0.149  0.544  0.002  0.030  0.012  0.856
   0.48734      5.206045  0.042  0.066  0.002  0.015  0.149  0.542  0.002  0.026  0.017  0.861
   0.45485      5.254070  0.049  0.066  0.002  0.017  0.146  0.537  0.003  0.022  0.024  0.867
   0.42236      5.303077  0.055  0.066  0.003  0.019  0.141  0.531  0.004  0.017  0.034  0.870
   0.38987      5.353359  0.062  0.066  0.004  0.020  0.134  0.520  0.006  0.015  0.049  0.876
   0.35738      5.405053  0.069  0.067  0.004  0.021  0.127  0.506  0.007  0.013  0.068  0.884
   0.32489      5.457880  0.079  0.065  0.004  0.023  0.118  0.485  0.011  0.011  0.096  0.893
   0.29240      5.510659  0.091  0.063  0.007  0.022  0.110  0.455  0.015  0.010  0.134  0.906
   0.25991      5.560223  0.107  0.056  0.006  0.020  0.099  0.410  0.021  0.008  0.196  0.924
   0.22743      5.599090  0.126  0.048  0.007  0.015  0.085  0.359  0.025  0.009  0.265  0.940
   0.19494      5.611409  0.134  0.040  0.010  0.011  0.079  0.334  0.013  0.016  0.265  0.903
   0.16245      5.572462  0.123  0.032  0.022  0.016  0.068  0.309  0.006  0.029  0.167  0.771
   0.12996      5.485404  0.103  0.025  0.032  0.024  0.046  0.285  0.028  0.033  0.074  0.652
   0.09747      5.382199  0.092  0.022  0.034  0.028  0.019  0.292  0.061  0.020  0.046  0.615
   0.06498      5.286050  0.069  0.016  0.027  0.028  0.008  0.351  0.125  0.008  0.033  0.662
   0.03249      5.224340  0.031  0.006  0.008  0.021  0.067  0.423  0.216  0.008  0.023  0.802
   0.00000      5.207409  0.016  0.000  0.000  0.018  0.118  0.433  0.248  0.014  0.019  0.868
