#K-Path          Energy     s    py    pz    px    dxy    dyz    dz2    dxz    dx2-y2    tot
# NKPTS & NBANDS:  80  24
# Band-Index:    1
   0.00000    -44.507912  0.000  0.000  0.994  0.000  0.000  0.000  0.000  0.000  0.000  0.994
   0.02574    -44.507920  0.000  0.000  0.994  0.000  0.000  0.000  0.000  0.000  0.000  0.994
   0.05148    -44.507929  0.000  0.000  0.994  0.000  0.000  0.000  0.000  0.000  0.000  0.994
   0.07722    -44.507940  0.000  0.000  0.994  0.000  0.000  0.000  0.000  0.000  0.000  0.994
   0.10296    -44.507958  0.000  0.000  0.994  0.000  0.000  0.000  0.000  0.000  0.000  0.994
   0.12870    -44.507980  0.000  0.000  0.994  0.000  0.000  0.000  0.000  0.000  0.000  0.994
   0.15444    -44.508001  0.000  0.000  0.994  0.000  0.000  0.000  0.000  0.000  0.000  0.994
   0.18018    -44.508028  0.000  0.000  0.994  0.000  0.000  0.000  0.000  0.000  0.000  0.994
   0.20592    -44.508053  0.000  0.000  0.994  0.000  0.000  0.000  0.000  0.000  0.000  0.994
   0.23166    -44.508085  0.000  0.000  0.994  0.000  0.000  0.000  0.000  0.000  0.000  0.994
   0.25740    -44.508121  0.000  0.000  0.994  0.000  0.000  0.000  0.000  0.000  0.000  0.994
   0.28314    -44.508163  0.000  0.000  0.994  0.000  0.000  0.000  0.000  0.000  0.000  0.994
   0.30888    -44.508210  0.000  0.000  0.994  0.000  0.000  0.000  0.000  0.000  0.000  0.994
   0.33462    -44.508249  0.000  0.000  0.994  0.000  0.000  0.000  0.000  0.000  0.000  0.994
   0.36036    -44.508296  0.000  0.000  0.994  0.000  0.000  0.000  0.000  0.000  0.000  0.994
   0.38610    -44.508342  0.000  0.000  0.994  0.000  0.000  0.000  0.000  0.000  0.000  0.994
   0.41184    -44.508393  0.000  0.000  0.994  0.000  0.000  0.000  0.000  0.000  0.000  0.994
   0.43758    -44.508445  0.000  0.000  0.994  0.000  0.000  0.000  0.000  0.000  0.000  0.994
   0.46332    -44.508495  0.000  0.000  0.994  0.000  0.000  0.000  0.000  0.000  0.000  0.994
   0.48906    -44.508550  0.000  0.000  0.994  0.000  0.000  0.000  0.000  0.000  0.000  0.994
   0.51480    -44.508595  0.000  0.000  0.994  0.000  0.000  0.000  0.000  0.000  0.000  0.994
   0.54054    -44.508653  0.000  0.000  0.994  0.000  0.000  0.000  0.000  0.000  0.000  0.994
   0.56628    -44.508703  0.000  0.000  0.994  0.000  0.000  0.000  0.000  0.000  0.000  0.994
   0.59202    -44.508754  0.000  0.000  0.994  0.000  0.000  0.000  0.000  0.000  0.000  0.994
   0.61776    -44.508800  0.000  0.000  0.994  0.000  0.000  0.000  0.000  0.000  0.000  0.994
   0.64350    -44.508846  0.000  0.000  0.994  0.000  0.000  0.000  0.000  0.000  0.000  0.994
   0.66924    -44.508896  0.000  0.000  0.994  0.000  0.000  0.000  0.000  0.000  0.000  0.994
   0.69498    -44.508944  0.000  0.000  0.994  0.000  0.000  0.000  0.000  0.000  0.000  0.994
   0.72072    -44.508979  0.000  0.000  0.994  0.000  0.000  0.000  0.000  0.000  0.000  0.994
   0.74646    -44.509020  0.000  0.000  0.994  0.000  0.000  0.000  0.000  0.000  0.000  0.994
   0.77220    -44.509056  0.000  0.000  0.994  0.000  0.000  0.000  0.000  0.000  0.000  0.994
   0.79794    -44.509079  0.000  0.000  0.994  0.000  0.000  0.000  0.000  0.000  0.000  0.994
   0.82368    -44.509112  0.000  0.000  0.994  0.000  0.000  0.000  0.000  0.000  0.000  0.994
   0.84942    -44.509136  0.000  0.000  0.994  0.000  0.000  0.000  0.000  0.000  0.000  0.994
   0.87516    -44.509159  0.000  0.000  0.994  0.000  0.000  0.000  0.000  0.000  0.000  0.994
   0.90090    -44.509178  0.000  0.000  0.994  0.000  0.000  0.000  0.000  0.000  0.000  0.994
   0.92664    -44.509195  0.000  0.000  0.994  0.000  0.000  0.000  0.000  0.000  0.000  0.994
   0.95238    -44.509210  0.000  0.000  0.994  0.000  0.000  0.000  0.000  0.000  0.000  0.994
   0.97812    -44.509229  0.000  0.000  0.994  0.000  0.000  0.000  0.000  0.000  0.000  0.994
   1.00386    -44.509233  0.000  0.000  0.994  0.000  0.000  0.000  0.000  0.000  0.000  0.994
   1.00386    -44.509233  0.000  0.000  0.994  0.000  0.000  0.000  0.000  0.000  0.000  0.994
   1.02960    -44.509229  0.000  0.000  0.994  0.000  0.000  0.000  0.000  0.000  0.000  0.994
   1.05534    -44.509211  0.000  0.000  0.994  0.000  0.000  0.000  0.000  0.000  0.000  0.994
   1.08107    -44.509196  0.000  0.000  0.994  0.000  0.000  0.000  0.000  0.000  0.000  0.994
   1.10681    -44.509179  0.000  0.000  0.994  0.000  0.000  0.000  0.000  0.000  0.000  0.994
   1.13255    -44.509159  0.000  0.000  0.994  0.000  0.000  0.000  0.000  0.000  0.000  0.994
   1.15829    -44.509137  0.000  0.000  0.994  0.000  0.000  0.000  0.000  0.000  0.000  0.994
   1.18403    -44.509112  0.000  0.000  0.994  0.000  0.000  0.000  0.000  0.000  0.000  0.994
   1.20977    -44.509079  0.000  0.000  0.994  0.000  0.000  0.000  0.000  0.000  0.000  0.994
   1.23551    -44.509054  0.000  0.000  0.994  0.000  0.000  0.000  0.000  0.000  0.000  0.994
   1.26125    -44.509019  0.000  0.000  0.994  0.000  0.000  0.000  0.000  0.000  0.000  0.994
   1.28699    -44.508978  0.000  0.000  0.994  0.000  0.000  0.000  0.000  0.000  0.000  0.994
   1.31273    -44.508943  0.000  0.000  0.994  0.000  0.000  0.000  0.000  0.000  0.000  0.994
   1.33847    -44.508895  0.000  0.000  0.994  0.000  0.000  0.000  0.000  0.000  0.000  0.994
   1.36421    -44.508844  0.000  0.000  0.994  0.000  0.000  0.000  0.000  0.000  0.000  0.994
   1.38995    -44.508798  0.000  0.000  0.994  0.000  0.000  0.000  0.000  0.000  0.000  0.994
   1.41569    -44.508753  0.000  0.000  0.994  0.000  0.000  0.000  0.000  0.000  0.000  0.994
   1.44143    -44.508702  0.000  0.000  0.994  0.000  0.000  0.000  0.000  0.000  0.000  0.994
   1.46717    -44.508652  0.000  0.000  0.994  0.000  0.000  0.000  0.000  0.000  0.000  0.994
   1.49291    -44.508595  0.000  0.000  0.994  0.000  0.000  0.000  0.000  0.000  0.000  0.994
   1.51865    -44.508549  0.000  0.000  0.994  0.000  0.000  0.000  0.000  0.000  0.000  0.994
   1.54439    -44.508494  0.000  0.000  0.994  0.000  0.000  0.000  0.000  0.000  0.000  0.994
   1.57013    -44.508443  0.000  0.000  0.994  0.000  0.000  0.000  0.000  0.000  0.000  0.994
   1.59587    -44.508391  0.000  0.000  0.994  0.000  0.000  0.000  0.000  0.000  0.000  0.994
   1.62161    -44.508340  0.000  0.000  0.994  0.000  0.000  0.000  0.000  0.000  0.000  0.994
   1.64735    -44.508294  0.000  0.000  0.994  0.000  0.000  0.000  0.000  0.000  0.000  0.994
   1.67309    -44.508247  0.000  0.000  0.994  0.000  0.000  0.000  0.000  0.000  0.000  0.994
   1.69883    -44.508209  0.000  0.000  0.994  0.000  0.000  0.000  0.000  0.000  0.000  0.994
   1.72457    -44.508163  0.000  0.000  0.994  0.000  0.000  0.000  0.000  0.000  0.000  0.994
   1.75031    -44.508121  0.000  0.000  0.994  0.000  0.000  0.000  0.000  0.000  0.000  0.994
   1.77605    -44.508085  0.000  0.000  0.994  0.000  0.000  0.000  0.000  0.000  0.000  0.994
   1.80179    -44.508054  0.000  0.000  0.994  0.000  0.000  0.000  0.000  0.000  0.000  0.994
   1.82753    -44.508029  0.000  0.000  0.994  0.000  0.000  0.000  0.000  0.000  0.000  0.994
   1.85327    -44.508002  0.000  0.000  0.994  0.000  0.000  0.000  0.000  0.000  0.000  0.994
   1.87901    -44.507981  0.000  0.000  0.994  0.000  0.000  0.000  0.000  0.000  0.000  0.994
   1.90475    -44.507959  0.000  0.000  0.994  0.000  0.000  0.000  0.000  0.000  0.000  0.994
   1.93049    -44.507942  0.000  0.000  0.994  0.000  0.000  0.000  0.000  0.000  0.000  0.994
   1.95623    -44.507930  0.000  0.000  0.994  0.000  0.000  0.000  0.000  0.000  0.000  0.994
   1.98197    -44.507920  0.000  0.000  0.994  0.000  0.000  0.000  0.000  0.000  0.000  0.994
   2.00771    -44.507912  0.000  0.000  0.994  0.000  0.000  0.000  0.000  0.000  0.000  0.994
 
# Band-Index:    2
   2.00771    -44.491009  0.000  0.978  0.000  0.016  0.000  0.000  0.000  0.000  0.000  0.994
   1.98197    -44.491010  0.000  0.978  0.000  0.016  0.000  0.000  0.000  0.000  0.000  0.994
   1.95623    -44.490984  0.000  0.977  0.000  0.017  0.000  0.000  0.000  0.000  0.000  0.994
   1.93049    -44.490961  0.000  0.977  0.000  0.017  0.000  0.000  0.000  0.000  0.000  0.994
   1.90475    -44.490941  0.000  0.976  0.000  0.017  0.000  0.000  0.000  0.000  0.000  0.994
   1.87901    -44.490914  0.000  0.976  0.000  0.018  0.000  0.000  0.000  0.000  0.000  0.994
   1.85327    -44.490876  0.000  0.975  0.000  0.019  0.000  0.000  0.000  0.000  0.000  0.994
   1.82753    -44.490828  0.000  0.974  0.000  0.020  0.000  0.000  0.000  0.000  0.000  0.994
   1.80179    -44.490780  0.000  0.973  0.000  0.021  0.000  0.000  0.000  0.000  0.000  0.994
   1.77605    -44.490727  0.000  0.971  0.000  0.023  0.000  0.000  0.000  0.000  0.000  0.994
   1.75031    -44.490668  0.000  0.969  0.000  0.025  0.000  0.000  0.000  0.000  0.000  0.994
   1.72457    -44.490604  0.000  0.967  0.000  0.027  0.000  0.000  0.000  0.000  0.000  0.994
   1.69883    -44.490542  0.000  0.965  0.000  0.029  0.000  0.000  0.000  0.000  0.000  0.994
   1.67309    -44.490466  0.000  0.961  0.000  0.032  0.000  0.000  0.000  0.000  0.000  0.994
   1.64735    -44.490389  0.000  0.957  0.000  0.036  0.000  0.000  0.000  0.000  0.000  0.994
   1.62161    -44.490305  0.000  0.953  0.000  0.041  0.000  0.000  0.000  0.000  0.000  0.994
   1.59587    -44.490232  0.000  0.947  0.000  0.047  0.000  0.000  0.000  0.000  0.000  0.994
   1.57013    -44.490153  0.000  0.940  0.000  0.054  0.000  0.000  0.000  0.000  0.000  0.994
   1.54439    -44.490070  0.000  0.930  0.000  0.064  0.000  0.000  0.000  0.000  0.000  0.994
   1.51865    -44.489986  0.000  0.918  0.000  0.076  0.000  0.000  0.000  0.000  0.000  0.994
   1.49291    -44.489904  0.000  0.902  0.000  0.092  0.000  0.000  0.000  0.000  0.000  0.994
   1.46717    -44.489825  0.000  0.880  0.000  0.114  0.000  0.000  0.000  0.000  0.000  0.994
   1.44143    -44.489742  0.000  0.852  0.000  0.142  0.000  0.000  0.000  0.000  0.000  0.994
   1.41569    -44.489667  0.000  0.818  0.000  0.176  0.000  0.000  0.000  0.000  0.000  0.994
   1.38995    -44.489602  0.000  0.782  0.000  0.212  0.000  0.000  0.000  0.000  0.000  0.994
   1.36421    -44.489540  0.000  0.736  0.000  0.258  0.000  0.000  0.000  0.000  0.000  0.994
   1.33847    -44.489485  0.000  0.679  0.000  0.315  0.000  0.000  0.000  0.000  0.000  0.994
   1.31273    -44.489434  0.000  0.616  0.000  0.378  0.000  0.000  0.000  0.000  0.000  0.994
   1.28699    -44.489391  0.000  0.561  0.000  0.433  0.000  0.000  0.000  0.000  0.000  0.994
   1.26125    -44.489351  0.000  0.486  0.000  0.508  0.000  0.000  0.000  0.000  0.000  0.994
   1.23551    -44.489316  0.000  0.425  0.000  0.569  0.000  0.000  0.000  0.000  0.000  0.994
   1.20977    -44.489283  0.000  0.371  0.000  0.623  0.000  0.000  0.000  0.000  0.000  0.994
   1.18403    -44.489258  0.000  0.319  0.000  0.675  0.000  0.000  0.000  0.000  0.000  0.994
   1.15829    -44.489240  0.000  0.288  0.000  0.706  0.000  0.000  0.000  0.000  0.000  0.994
   1.13255    -44.489224  0.000  0.259  0.000  0.735  0.000  0.000  0.000  0.000  0.000  0.994
   1.10681    -44.489211  0.000  0.239  0.000  0.755  0.000  0.000  0.000  0.000  0.000  0.994
   1.08107    -44.489200  0.000  0.224  0.000  0.770  0.000  0.000  0.000  0.000  0.000  0.994
   1.05534    -44.489196  0.000  0.214  0.000  0.780  0.000  0.000  0.000  0.000  0.000  0.994
   1.02960    -44.489203  0.000  0.207  0.000  0.787  0.000  0.000  0.000  0.000  0.000  0.994
   1.00386    -44.489204  0.000  0.210  0.000  0.784  0.000  0.000  0.000  0.000  0.000  0.994
   1.00386    -44.489204  0.000  0.210  0.000  0.784  0.000  0.000  0.000  0.000  0.000  0.994
   0.97812    -44.489203  0.000  0.208  0.000  0.786  0.000  0.000  0.000  0.000  0.000  0.994
   0.95238    -44.489195  0.000  0.216  0.000  0.779  0.000  0.000  0.000  0.000  0.000  0.994
   0.92664    -44.489199  0.000  0.225  0.000  0.769  0.000  0.000  0.000  0.000  0.000  0.994
   0.90090    -44.489210  0.000  0.239  0.000  0.755  0.000  0.000  0.000  0.000  0.000  0.994
   0.87516    -44.489223  0.000  0.260  0.000  0.734  0.000  0.000  0.000  0.000  0.000  0.994
   0.84942    -44.489240  0.000  0.288  0.000  0.706  0.000  0.000  0.000  0.000  0.000  0.994
   0.82368    -44.489258  0.000  0.319  0.000  0.676  0.000  0.000  0.000  0.000  0.000  0.994
   0.79794    -44.489283  0.000  0.371  0.000  0.623  0.000  0.000  0.000  0.000  0.000  0.994
   0.77220    -44.489316  0.000  0.425  0.000  0.569  0.000  0.000  0.000  0.000  0.000  0.994
   0.74646    -44.489351  0.000  0.486  0.000  0.508  0.000  0.000  0.000  0.000  0.000  0.994
   0.72072    -44.489390  0.000  0.562  0.000  0.432  0.000  0.000  0.000  0.000  0.000  0.994
   0.69498    -44.489435  0.000  0.616  0.000  0.378  0.000  0.000  0.000  0.000  0.000  0.994
   0.66924    -44.489486  0.000  0.679  0.000  0.315  0.000  0.000  0.000  0.000  0.000  0.994
   0.64350    -44.489540  0.000  0.736  0.000  0.258  0.000  0.000  0.000  0.000  0.000  0.994
   0.61776    -44.489602  0.000  0.782  0.000  0.212  0.000  0.000  0.000  0.000  0.000  0.994
   0.59202    -44.489669  0.000  0.819  0.000  0.176  0.000  0.000  0.000  0.000  0.000  0.994
   0.56628    -44.489744  0.000  0.852  0.000  0.142  0.000  0.000  0.000  0.000  0.000  0.994
   0.54054    -44.489827  0.000  0.881  0.000  0.113  0.000  0.000  0.000  0.000  0.000  0.994
   0.51480    -44.489904  0.000  0.901  0.000  0.093  0.000  0.000  0.000  0.000  0.000  0.994
   0.48906    -44.489986  0.000  0.918  0.000  0.076  0.000  0.000  0.000  0.000  0.000  0.994
   0.46332    -44.490069  0.000  0.930  0.000  0.064  0.000  0.000  0.000  0.000  0.000  0.994
   0.43758    -44.490153  0.000  0.939  0.000  0.055  0.000  0.000  0.000  0.000  0.000  0.994
   0.41184    -44.490231  0.000  0.947  0.000  0.047  0.000  0.000  0.000  0.000  0.000  0.994
   0.38610    -44.490305  0.000  0.952  0.000  0.042  0.000  0.000  0.000  0.000  0.000  0.994
   0.36036    -44.490388  0.000  0.957  0.000  0.037  0.000  0.000  0.000  0.000  0.000  0.994
   0.33462    -44.490465  0.000  0.961  0.000  0.032  0.000  0.000  0.000  0.000  0.000  0.994
   0.30888    -44.490540  0.000  0.965  0.000  0.029  0.000  0.000  0.000  0.000  0.000  0.994
   0.28314    -44.490603  0.000  0.967  0.000  0.027  0.000  0.000  0.000  0.000  0.000  0.994
   0.25740    -44.490667  0.000  0.969  0.000  0.025  0.000  0.000  0.000  0.000  0.000  0.994
   0.23166    -44.490725  0.000  0.971  0.000  0.023  0.000  0.000  0.000  0.000  0.000  0.994
   0.20592    -44.490778  0.000  0.972  0.000  0.021  0.000  0.000  0.000  0.000  0.000  0.994
   0.18018    -44.490827  0.000  0.974  0.000  0.020  0.000  0.000  0.000  0.000  0.000  0.994
   0.15444    -44.490876  0.000  0.975  0.000  0.019  0.000  0.000  0.000  0.000  0.000  0.994
   0.12870    -44.490915  0.000  0.976  0.000  0.018  0.000  0.000  0.000  0.000  0.000  0.994
   0.10296    -44.490941  0.000  0.976  0.000  0.017  0.000  0.000  0.000  0.000  0.000  0.994
   0.07722    -44.490960  0.000  0.977  0.000  0.017  0.000  0.000  0.000  0.000  0.000  0.994
   0.05148    -44.490985  0.000  0.977  0.000  0.017  0.000  0.000  0.000  0.000  0.000  0.994
   0.02574    -44.491009  0.000  0.978  0.000  0.016  0.000  0.000  0.000  0.000  0.000  0.994
   0.00000    -44.491009  0.000  0.978  0.000  0.016  0.000  0.000  0.000  0.000  0.000  0.994
 
# Band-Index:    3
   0.00000    -44.489534  0.000  0.016  0.000  0.978  0.000  0.000  0.000  0.000  0.000  0.994
   0.02574    -44.489534  0.000  0.016  0.000  0.978  0.000  0.000  0.000  0.000  0.000  0.994
   0.05148    -44.489529  0.000  0.017  0.000  0.978  0.000  0.000  0.000  0.000  0.000  0.994
   0.07722    -44.489522  0.000  0.017  0.000  0.977  0.000  0.000  0.000  0.000  0.000  0.994
   0.10296    -44.489520  0.000  0.017  0.000  0.977  0.000  0.000  0.000  0.000  0.000  0.994
   0.12870    -44.489522  0.000  0.018  0.000  0.976  0.000  0.000  0.000  0.000  0.000  0.994
   0.15444    -44.489516  0.000  0.019  0.000  0.975  0.000  0.000  0.000  0.000  0.000  0.994
   0.18018    -44.489507  0.000  0.020  0.000  0.974  0.000  0.000  0.000  0.000  0.000  0.994
   0.20592    -44.489492  0.000  0.021  0.000  0.973  0.000  0.000  0.000  0.000  0.000  0.994
   0.23166    -44.489482  0.000  0.023  0.000  0.971  0.000  0.000  0.000  0.000  0.000  0.994
   0.25740    -44.489468  0.000  0.025  0.000  0.969  0.000  0.000  0.000  0.000  0.000  0.994
   0.28314    -44.489451  0.000  0.027  0.000  0.967  0.000  0.000  0.000  0.000  0.000  0.994
   0.30888    -44.489434  0.000  0.029  0.000  0.965  0.000  0.000  0.000  0.000  0.000  0.994
   0.33462    -44.489415  0.000  0.033  0.000  0.962  0.000  0.000  0.000  0.000  0.000  0.994
   0.36036    -44.489397  0.000  0.037  0.000  0.958  0.000  0.000  0.000  0.000  0.000  0.994
   0.38610    -44.489371  0.000  0.042  0.000  0.953  0.000  0.000  0.000  0.000  0.000  0.994
   0.41184    -44.489354  0.000  0.047  0.000  0.947  0.000  0.000  0.000  0.000  0.000  0.994
   0.43758    -44.489332  0.000  0.055  0.000  0.940  0.000  0.000  0.000  0.000  0.000  0.994
   0.46332    -44.489309  0.000  0.064  0.000  0.930  0.000  0.000  0.000  0.000  0.000  0.994
   0.48906    -44.489283  0.000  0.076  0.000  0.918  0.000  0.000  0.000  0.000  0.000  0.994
   0.51480    -44.489260  0.000  0.093  0.000  0.902  0.000  0.000  0.000  0.000  0.000  0.994
   0.54054    -44.489238  0.000  0.114  0.000  0.881  0.000  0.000  0.000  0.000  0.000  0.994
   0.56628    -44.489209  0.000  0.142  0.000  0.852  0.000  0.000  0.000  0.000  0.000  0.994
   0.59202    -44.489178  0.000  0.176  0.000  0.819  0.000  0.000  0.000  0.000  0.000  0.994
   0.61776    -44.489145  0.000  0.213  0.000  0.782  0.000  0.000  0.000  0.000  0.000  0.994
   0.64350    -44.489113  0.000  0.258  0.000  0.736  0.000  0.000  0.000  0.000  0.000  0.994
   0.66924    -44.489083  0.000  0.315  0.000  0.679  0.000  0.000  0.000  0.000  0.000  0.994
   0.69498    -44.489049  0.000  0.378  0.000  0.616  0.000  0.000  0.000  0.000  0.000  0.994
   0.72072    -44.489012  0.000  0.432  0.000  0.562  0.000  0.000  0.000  0.000  0.000  0.994
   0.74646    -44.488976  0.000  0.509  0.000  0.486  0.000  0.000  0.000  0.000  0.000  0.994
   0.77220    -44.488937  0.000  0.570  0.000  0.425  0.000  0.000  0.000  0.000  0.000  0.994
   0.79794    -44.488895  0.000  0.623  0.000  0.372  0.000  0.000  0.000  0.000  0.000  0.994
   0.82368    -44.488856  0.000  0.676  0.000  0.319  0.000  0.000  0.000  0.000  0.000  0.994
   0.84942    -44.488826  0.000  0.706  0.000  0.288  0.000  0.000  0.000  0.000  0.000  0.994
   0.87516    -44.488796  0.000  0.735  0.000  0.260  0.000  0.000  0.000  0.000  0.000  0.994
   0.90090    -44.488771  0.000  0.755  0.000  0.239  0.000  0.000  0.000  0.000  0.000  0.994
   0.92664    -44.488750  0.000  0.769  0.000  0.225  0.000  0.000  0.000  0.000  0.000  0.994
   0.95238    -44.488740  0.000  0.779  0.000  0.216  0.000  0.000  0.000  0.000  0.000  0.994
   0.97812    -44.488742  0.000  0.787  0.000  0.208  0.000  0.000  0.000  0.000  0.000  0.994
   1.00386    -44.488744  0.000  0.784  0.000  0.210  0.000  0.000  0.000  0.000  0.000  0.994
   1.00386    -44.488744  0.000  0.784  0.000  0.210  0.000  0.000  0.000  0.000  0.000  0.994
   1.02960    -44.488741  0.000  0.788  0.000  0.207  0.000  0.000  0.000  0.000  0.000  0.994
   1.05534    -44.488740  0.000  0.780  0.000  0.214  0.000  0.000  0.000  0.000  0.000  0.994
   1.08107    -44.488751  0.000  0.770  0.000  0.224  0.000  0.000  0.000  0.000  0.000  0.994
   1.10681    -44.488772  0.000  0.756  0.000  0.239  0.000  0.000  0.000  0.000  0.000  0.994
   1.13255    -44.488797  0.000  0.735  0.000  0.259  0.000  0.000  0.000  0.000  0.000  0.994
   1.15829    -44.488827  0.000  0.707  0.000  0.288  0.000  0.000  0.000  0.000  0.000  0.994
   1.18403    -44.488857  0.000  0.675  0.000  0.319  0.000  0.000  0.000  0.000  0.000  0.994
   1.20977    -44.488896  0.000  0.623  0.000  0.371  0.000  0.000  0.000  0.000  0.000  0.994
   1.23551    -44.488937  0.000  0.570  0.000  0.425  0.000  0.000  0.000  0.000  0.000  0.994
   1.26125    -44.488976  0.000  0.508  0.000  0.486  0.000  0.000  0.000  0.000  0.000  0.994
   1.28699    -44.489013  0.000  0.433  0.000  0.561  0.000  0.000  0.000  0.000  0.000  0.994
   1.31273    -44.489048  0.000  0.379  0.000  0.616  0.000  0.000  0.000  0.000  0.000  0.994
   1.33847    -44.489082  0.000  0.315  0.000  0.679  0.000  0.000  0.000  0.000  0.000  0.994
   1.36421    -44.489112  0.000  0.258  0.000  0.737  0.000  0.000  0.000  0.000  0.000  0.994
   1.38995    -44.489144  0.000  0.212  0.000  0.782  0.000  0.000  0.000  0.000  0.000  0.994
   1.41569    -44.489177  0.000  0.176  0.000  0.818  0.000  0.000  0.000  0.000  0.000  0.994
   1.44143    -44.489207  0.000  0.142  0.000  0.852  0.000  0.000  0.000  0.000  0.000  0.994
   1.46717    -44.489237  0.000  0.114  0.000  0.880  0.000  0.000  0.000  0.000  0.000  0.994
   1.49291    -44.489260  0.000  0.093  0.000  0.902  0.000  0.000  0.000  0.000  0.000  0.994
   1.51865    -44.489281  0.000  0.076  0.000  0.918  0.000  0.000  0.000  0.000  0.000  0.994
   1.54439    -44.489309  0.000  0.064  0.000  0.930  0.000  0.000  0.000  0.000  0.000  0.994
   1.57013    -44.489330  0.000  0.054  0.000  0.940  0.000  0.000  0.000  0.000  0.000  0.994
   1.59587    -44.489352  0.000  0.047  0.000  0.947  0.000  0.000  0.000  0.000  0.000  0.994
   1.62161    -44.489369  0.000  0.041  0.000  0.953  0.000  0.000  0.000  0.000  0.000  0.994
   1.64735    -44.489395  0.000  0.037  0.000  0.958  0.000  0.000  0.000  0.000  0.000  0.994
   1.67309    -44.489414  0.000  0.032  0.000  0.962  0.000  0.000  0.000  0.000  0.000  0.994
   1.69883    -44.489434  0.000  0.029  0.000  0.965  0.000  0.000  0.000  0.000  0.000  0.994
   1.72457    -44.489450  0.000  0.027  0.000  0.967  0.000  0.000  0.000  0.000  0.000  0.994
   1.75031    -44.489467  0.000  0.025  0.000  0.970  0.000  0.000  0.000  0.000  0.000  0.994
   1.77605    -44.489481  0.000  0.023  0.000  0.971  0.000  0.000  0.000  0.000  0.000  0.994
   1.80179    -44.489492  0.000  0.021  0.000  0.973  0.000  0.000  0.000  0.000  0.000  0.994
   1.82753    -44.489507  0.000  0.020  0.000  0.974  0.000  0.000  0.000  0.000  0.000  0.994
   1.85327    -44.489515  0.000  0.019  0.000  0.975  0.000  0.000  0.000  0.000  0.000  0.994
   1.87901    -44.489522  0.000  0.018  0.000  0.976  0.000  0.000  0.000  0.000  0.000  0.994
   1.90475    -44.489520  0.000  0.017  0.000  0.977  0.000  0.000  0.000  0.000  0.000  0.994
   1.93049    -44.489522  0.000  0.017  0.000  0.977  0.000  0.000  0.000  0.000  0.000  0.994
   1.95623    -44.489529  0.000  0.017  0.000  0.978  0.000  0.000  0.000  0.000  0.000  0.994
   1.98197    -44.489534  0.000  0.016  0.000  0.978  0.000  0.000  0.000  0.000  0.000  0.994
   2.00771    -44.489534  0.000  0.016  0.000  0.978  0.000  0.000  0.000  0.000  0.000  0.994
 
# Band-Index:    4
   2.00771    -40.753448  0.000  0.000  0.994  0.000  0.000  0.000  0.000  0.000  0.000  0.994
   1.98197    -40.753456  0.000  0.000  0.994  0.000  0.000  0.000  0.000  0.000  0.000  0.994
   1.95623    -40.753457  0.000  0.000  0.994  0.000  0.000  0.000  0.000  0.000  0.000  0.994
   1.93049    -40.753455  0.000  0.000  0.994  0.000  0.000  0.000  0.000  0.000  0.000  0.994
   1.90475    -40.753449  0.000  0.000  0.994  0.000  0.000  0.000  0.000  0.000  0.000  0.994
   1.87901    -40.753444  0.000  0.000  0.994  0.000  0.000  0.000  0.000  0.000  0.000  0.994
   1.85327    -40.753429  0.000  0.000  0.994  0.000  0.000  0.000  0.000  0.000  0.000  0.994
   1.82753    -40.753414  0.000  0.000  0.994  0.000  0.000  0.000  0.000  0.000  0.000  0.994
   1.80179    -40.753390  0.000  0.000  0.994  0.000  0.000  0.000  0.000  0.000  0.000  0.994
   1.77605    -40.753366  0.000  0.000  0.994  0.000  0.000  0.000  0.000  0.000  0.000  0.994
   1.75031    -40.753344  0.000  0.000  0.994  0.000  0.000  0.000  0.000  0.000  0.000  0.994
   1.72457    -40.753323  0.000  0.000  0.994  0.000  0.000  0.000  0.000  0.000  0.000  0.994
   1.69883    -40.753303  0.000  0.000  0.994  0.000  0.000  0.000  0.000  0.000  0.000  0.994
   1.67309    -40.753269  0.000  0.000  0.994  0.000  0.000  0.000  0.000  0.000  0.000  0.994
   1.64735    -40.753242  0.000  0.000  0.994  0.000  0.000  0.000  0.000  0.000  0.000  0.994
   1.62161    -40.753209  0.000  0.000  0.994  0.000  0.000  0.000  0.000  0.000  0.000  0.994
   1.59587    -40.753183  0.000  0.000  0.994  0.000  0.000  0.000  0.000  0.000  0.000  0.994
   1.57013    -40.753154  0.000  0.000  0.994  0.000  0.000  0.000  0.000  0.000  0.000  0.994
   1.54439    -40.753123  0.000  0.000  0.994  0.000  0.000  0.000  0.000  0.000  0.000  0.994
   1.51865    -40.753097  0.000  0.000  0.994  0.000  0.000  0.000  0.000  0.000  0.000  0.994
   1.49291    -40.753057  0.000  0.000  0.994  0.000  0.000  0.000  0.000  0.000  0.000  0.994
   1.46717    -40.753033  0.000  0.000  0.994  0.000  0.000  0.000  0.000  0.000  0.000  0.994
   1.44143    -40.753000  0.000  0.000  0.994  0.000  0.000  0.000  0.000  0.000  0.000  0.994
   1.41569    -40.752970  0.000  0.000  0.994  0.000  0.000  0.000  0.000  0.000  0.000  0.994
   1.38995    -40.752934  0.000  0.000  0.994  0.000  0.000  0.000  0.000  0.000  0.000  0.994
   1.36421    -40.752902  0.000  0.000  0.994  0.000  0.000  0.000  0.000  0.000  0.000  0.994
   1.33847    -40.752881  0.000  0.000  0.994  0.000  0.000  0.000  0.000  0.000  0.000  0.994
   1.31273    -40.752861  0.000  0.000  0.994  0.000  0.000  0.000  0.000  0.000  0.000  0.994
   1.28699    -40.752827  0.000  0.000  0.994  0.000  0.000  0.000  0.000  0.000  0.000  0.994
   1.26125    -40.752806  0.000  0.000  0.994  0.000  0.000  0.000  0.000  0.000  0.000  0.994
   1.23551    -40.752783  0.000  0.000  0.994  0.000  0.000  0.000  0.000  0.000  0.000  0.994
   1.20977    -40.752750  0.000  0.000  0.994  0.000  0.000  0.000  0.000  0.000  0.000  0.994
   1.18403    -40.752735  0.000  0.000  0.993  0.000  0.000  0.000  0.000  0.000  0.000  0.994
   1.15829    -40.752719  0.000  0.000  0.993  0.000  0.000  0.000  0.000  0.000  0.000  0.994
   1.13255    -40.752705  0.000  0.000  0.993  0.000  0.000  0.000  0.000  0.000  0.000  0.994
   1.10681    -40.752695  0.000  0.000  0.993  0.000  0.000  0.000  0.000  0.000  0.000  0.994
   1.08107    -40.752690  0.000  0.000  0.993  0.000  0.000  0.000  0.000  0.000  0.000  0.994
   1.05534    -40.752689  0.000  0.000  0.993  0.000  0.000  0.000  0.000  0.000  0.000  0.994
   1.02960    -40.752701  0.000  0.000  0.993  0.000  0.000  0.000  0.000  0.000  0.000  0.994
   1.00386    -40.752705  0.000  0.000  0.993  0.000  0.000  0.000  0.000  0.000  0.000  0.994
   1.00386    -40.752705  0.000  0.000  0.993  0.000  0.000  0.000  0.000  0.000  0.000  0.994
   0.97812    -40.752703  0.000  0.000  0.993  0.000  0.000  0.000  0.000  0.000  0.000  0.994
   0.95238    -40.752687  0.000  0.000  0.993  0.000  0.000  0.000  0.000  0.000  0.000  0.994
   0.92664    -40.752685  0.000  0.000  0.993  0.000  0.000  0.000  0.000  0.000  0.000  0.994
   0.90090    -40.752692  0.000  0.000  0.993  0.000  0.000  0.000  0.000  0.000  0.000  0.994
   0.87516    -40.752704  0.000  0.000  0.993  0.000  0.000  0.000  0.000  0.000  0.000  0.994
   0.84942    -40.752716  0.000  0.000  0.993  0.000  0.000  0.000  0.000  0.000  0.000  0.994
   0.82368    -40.752736  0.000  0.000  0.993  0.000  0.000  0.000  0.000  0.000  0.000  0.994
   0.79794    -40.752748  0.000  0.000  0.994  0.000  0.000  0.000  0.000  0.000  0.000  0.994
   0.77220    -40.752785  0.000  0.000  0.994  0.000  0.000  0.000  0.000  0.000  0.000  0.994
   0.74646    -40.752808  0.000  0.000  0.994  0.000  0.000  0.000  0.000  0.000  0.000  0.994
   0.72072    -40.752827  0.000  0.000  0.994  0.000  0.000  0.000  0.000  0.000  0.000  0.994
   0.69498    -40.752863  0.000  0.000  0.994  0.000  0.000  0.000  0.000  0.000  0.000  0.994
   0.66924    -40.752882  0.000  0.000  0.994  0.000  0.000  0.000  0.000  0.000  0.000  0.994
   0.64350    -40.752905  0.000  0.000  0.994  0.000  0.000  0.000  0.000  0.000  0.000  0.994
   0.61776    -40.752936  0.000  0.000  0.994  0.000  0.000  0.000  0.000  0.000  0.000  0.994
   0.59202    -40.752972  0.000  0.000  0.994  0.000  0.000  0.000  0.000  0.000  0.000  0.994
   0.56628    -40.753002  0.000  0.000  0.994  0.000  0.000  0.000  0.000  0.000  0.000  0.994
   0.54054    -40.753035  0.000  0.000  0.994  0.000  0.000  0.000  0.000  0.000  0.000  0.994
   0.51480    -40.753058  0.000  0.000  0.994  0.000  0.000  0.000  0.000  0.000  0.000  0.994
   0.48906    -40.753099  0.000  0.000  0.994  0.000  0.000  0.000  0.000  0.000  0.000  0.994
   0.46332    -40.753124  0.000  0.000  0.994  0.000  0.000  0.000  0.000  0.000  0.000  0.994
   0.43758    -40.753158  0.000  0.000  0.994  0.000  0.000  0.000  0.000  0.000  0.000  0.994
   0.41184    -40.753186  0.000  0.000  0.994  0.000  0.000  0.000  0.000  0.000  0.000  0.994
   0.38610    -40.753214  0.000  0.000  0.994  0.000  0.000  0.000  0.000  0.000  0.000  0.994
   0.36036    -40.753245  0.000  0.000  0.994  0.000  0.000  0.000  0.000  0.000  0.000  0.994
   0.33462    -40.753273  0.000  0.000  0.994  0.000  0.000  0.000  0.000  0.000  0.000  0.994
   0.30888    -40.753304  0.000  0.000  0.994  0.000  0.000  0.000  0.000  0.000  0.000  0.994
   0.28314    -40.753322  0.000  0.000  0.994  0.000  0.000  0.000  0.000  0.000  0.000  0.994
   0.25740    -40.753341  0.000  0.000  0.994  0.000  0.000  0.000  0.000  0.000  0.000  0.994
   0.23166    -40.753363  0.000  0.000  0.994  0.000  0.000  0.000  0.000  0.000  0.000  0.994
   0.20592    -40.753383  0.000  0.000  0.994  0.000  0.000  0.000  0.000  0.000  0.000  0.994
   0.18018    -40.753408  0.000  0.000  0.994  0.000  0.000  0.000  0.000  0.000  0.000  0.994
   0.15444    -40.753424  0.000  0.000  0.994  0.000  0.000  0.000  0.000  0.000  0.000  0.994
   0.12870    -40.753439  0.000  0.000  0.994  0.000  0.000  0.000  0.000  0.000  0.000  0.994
   0.10296    -40.753444  0.000  0.000  0.994  0.000  0.000  0.000  0.000  0.000  0.000  0.994
   0.07722    -40.753448  0.000  0.000  0.994  0.000  0.000  0.000  0.000  0.000  0.000  0.994
   0.05148    -40.753454  0.000  0.000  0.994  0.000  0.000  0.000  0.000  0.000  0.000  0.994
   0.02574    -40.753453  0.000  0.000  0.994  0.000  0.000  0.000  0.000  0.000  0.000  0.994
   0.00000    -40.753448  0.000  0.000  0.994  0.000  0.000  0.000  0.000  0.000  0.000  0.994
 
# Band-Index:    5
   0.00000    -40.699666  0.000  0.932  0.000  0.062  0.000  0.000  0.000  0.000  0.000  0.994
   0.02574    -40.699667  0.000  0.932  0.000  0.062  0.000  0.000  0.000  0.000  0.000  0.994
   0.05148    -40.699629  0.000  0.930  0.000  0.064  0.000  0.000  0.000  0.000  0.000  0.994
   0.07722    -40.699594  0.000  0.928  0.000  0.065  0.000  0.000  0.000  0.000  0.000  0.994
   0.10296    -40.699571  0.000  0.927  0.000  0.067  0.000  0.000  0.000  0.000  0.000  0.994
   0.12870    -40.699539  0.000  0.924  0.000  0.070  0.000  0.000  0.000  0.000  0.000  0.994
   0.15444    -40.699485  0.000  0.920  0.000  0.074  0.000  0.000  0.000  0.000  0.000  0.994
   0.18018    -40.699415  0.000  0.915  0.000  0.078  0.000  0.000  0.000  0.000  0.000  0.994
   0.20592    -40.699347  0.000  0.911  0.000  0.083  0.000  0.000  0.000  0.000  0.000  0.994
   0.23166    -40.699277  0.000  0.905  0.000  0.089  0.000  0.000  0.000  0.000  0.000  0.994
   0.25740    -40.699200  0.000  0.899  0.000  0.095  0.000  0.000  0.000  0.000  0.000  0.994
   0.28314    -40.699114  0.000  0.891  0.000  0.103  0.000  0.000  0.000  0.000  0.000  0.994
   0.30888    -40.699032  0.000  0.882  0.000  0.112  0.000  0.000  0.000  0.000  0.000  0.994
   0.33462    -40.698934  0.000  0.870  0.000  0.124  0.000  0.000  0.000  0.000  0.000  0.994
   0.36036    -40.698832  0.000  0.855  0.000  0.139  0.000  0.000  0.000  0.000  0.000  0.994
   0.38610    -40.698723  0.000  0.839  0.000  0.155  0.000  0.000  0.000  0.000  0.000  0.994
   0.41184    -40.698629  0.000  0.819  0.000  0.174  0.000  0.000  0.000  0.000  0.000  0.994
   0.43758    -40.698532  0.000  0.798  0.000  0.196  0.000  0.000  0.000  0.000  0.000  0.994
   0.46332    -40.698427  0.000  0.770  0.000  0.224  0.000  0.000  0.000  0.000  0.000  0.994
   0.48906    -40.698326  0.000  0.739  0.000  0.255  0.000  0.000  0.000  0.000  0.000  0.994
   0.51480    -40.698230  0.000  0.701  0.000  0.293  0.000  0.000  0.000  0.000  0.000  0.994
   0.54054    -40.698144  0.000  0.661  0.000  0.333  0.000  0.000  0.000  0.000  0.000  0.994
   0.56628    -40.698050  0.000  0.614  0.000  0.380  0.000  0.000  0.000  0.000  0.000  0.994
   0.59202    -40.697965  0.000  0.569  0.000  0.425  0.000  0.000  0.000  0.000  0.000  0.994
   0.61776    -40.697892  0.000  0.528  0.000  0.466  0.000  0.000  0.000  0.000  0.000  0.994
   0.64350    -40.697825  0.000  0.487  0.000  0.507  0.000  0.000  0.000  0.000  0.000  0.994
   0.66924    -40.697768  0.000  0.446  0.000  0.548  0.000  0.000  0.000  0.000  0.000  0.994
   0.69498    -40.697714  0.000  0.408  0.000  0.586  0.000  0.000  0.000  0.000  0.000  0.994
   0.72072    -40.697663  0.000  0.379  0.000  0.615  0.000  0.000  0.000  0.000  0.000  0.994
   0.74646    -40.697623  0.000  0.341  0.000  0.653  0.000  0.000  0.000  0.000  0.000  0.994
   0.77220    -40.697582  0.000  0.312  0.000  0.682  0.000  0.000  0.000  0.000  0.000  0.994
   0.79794    -40.697541  0.000  0.287  0.000  0.707  0.000  0.000  0.000  0.000  0.000  0.994
   0.82368    -40.697510  0.000  0.262  0.000  0.732  0.000  0.000  0.000  0.000  0.000  0.994
   0.84942    -40.697486  0.000  0.248  0.000  0.746  0.000  0.000  0.000  0.000  0.000  0.994
   0.87516    -40.697464  0.000  0.235  0.000  0.759  0.000  0.000  0.000  0.000  0.000  0.994
   0.90090    -40.697446  0.000  0.224  0.000  0.770  0.000  0.000  0.000  0.000  0.000  0.994
   0.92664    -40.697429  0.000  0.217  0.000  0.778  0.000  0.000  0.000  0.000  0.000  0.994
   0.95238    -40.697425  0.000  0.212  0.000  0.782  0.000  0.000  0.000  0.000  0.000  0.994
   0.97812    -40.697441  0.000  0.207  0.000  0.787  0.000  0.000  0.000  0.000  0.000  0.994
   1.00386    -40.697441  0.000  0.208  0.000  0.786  0.000  0.000  0.000  0.000  0.000  0.994
   1.00386    -40.697441  0.000  0.208  0.000  0.786  0.000  0.000  0.000  0.000  0.000  0.994
   1.02960    -40.697439  0.000  0.206  0.000  0.788  0.000  0.000  0.000  0.000  0.000  0.994
   1.05534    -40.697432  0.000  0.210  0.000  0.784  0.000  0.000  0.000  0.000  0.000  0.994
   1.08107    -40.697437  0.000  0.216  0.000  0.778  0.000  0.000  0.000  0.000  0.000  0.994
   1.10681    -40.697451  0.000  0.224  0.000  0.770  0.000  0.000  0.000  0.000  0.000  0.994
   1.13255    -40.697468  0.000  0.234  0.000  0.760  0.000  0.000  0.000  0.000  0.000  0.994
   1.15829    -40.697489  0.000  0.248  0.000  0.746  0.000  0.000  0.000  0.000  0.000  0.994
   1.18403    -40.697512  0.000  0.262  0.000  0.732  0.000  0.000  0.000  0.000  0.000  0.994
   1.20977    -40.697543  0.000  0.286  0.000  0.708  0.000  0.000  0.000  0.000  0.000  0.994
   1.23551    -40.697583  0.000  0.310  0.000  0.684  0.000  0.000  0.000  0.000  0.000  0.994
   1.26125    -40.697623  0.000  0.338  0.000  0.656  0.000  0.000  0.000  0.000  0.000  0.994
   1.28699    -40.697665  0.000  0.375  0.000  0.619  0.000  0.000  0.000  0.000  0.000  0.994
   1.31273    -40.697711  0.000  0.403  0.000  0.591  0.000  0.000  0.000  0.000  0.000  0.994
   1.33847    -40.697765  0.000  0.443  0.000  0.551  0.000  0.000  0.000  0.000  0.000  0.994
   1.36421    -40.697820  0.000  0.485  0.000  0.509  0.000  0.000  0.000  0.000  0.000  0.994
   1.38995    -40.697886  0.000  0.526  0.000  0.468  0.000  0.000  0.000  0.000  0.000  0.994
   1.41569    -40.697959  0.000  0.564  0.000  0.430  0.000  0.000  0.000  0.000  0.000  0.994
   1.44143    -40.698043  0.000  0.611  0.000  0.383  0.000  0.000  0.000  0.000  0.000  0.994
   1.46717    -40.698138  0.000  0.658  0.000  0.336  0.000  0.000  0.000  0.000  0.000  0.994
   1.49291    -40.698229  0.000  0.701  0.000  0.292  0.000  0.000  0.000  0.000  0.000  0.994
   1.51865    -40.698326  0.000  0.741  0.000  0.253  0.000  0.000  0.000  0.000  0.000  0.994
   1.54439    -40.698431  0.000  0.771  0.000  0.223  0.000  0.000  0.000  0.000  0.000  0.994
   1.57013    -40.698533  0.000  0.800  0.000  0.194  0.000  0.000  0.000  0.000  0.000  0.994
   1.59587    -40.698635  0.000  0.822  0.000  0.171  0.000  0.000  0.000  0.000  0.000  0.994
   1.62161    -40.698724  0.000  0.840  0.000  0.154  0.000  0.000  0.000  0.000  0.000  0.994
   1.64735    -40.698835  0.000  0.857  0.000  0.137  0.000  0.000  0.000  0.000  0.000  0.994
   1.67309    -40.698937  0.000  0.871  0.000  0.123  0.000  0.000  0.000  0.000  0.000  0.994
   1.69883    -40.699039  0.000  0.883  0.000  0.111  0.000  0.000  0.000  0.000  0.000  0.994
   1.72457    -40.699120  0.000  0.891  0.000  0.102  0.000  0.000  0.000  0.000  0.000  0.994
   1.75031    -40.699205  0.000  0.899  0.000  0.095  0.000  0.000  0.000  0.000  0.000  0.994
   1.77605    -40.699282  0.000  0.906  0.000  0.088  0.000  0.000  0.000  0.000  0.000  0.994
   1.80179    -40.699355  0.000  0.912  0.000  0.082  0.000  0.000  0.000  0.000  0.000  0.994
   1.82753    -40.699419  0.000  0.916  0.000  0.078  0.000  0.000  0.000  0.000  0.000  0.994
   1.85327    -40.699482  0.000  0.920  0.000  0.073  0.000  0.000  0.000  0.000  0.000  0.994
   1.87901    -40.699534  0.000  0.924  0.000  0.070  0.000  0.000  0.000  0.000  0.000  0.994
   1.90475    -40.699570  0.000  0.927  0.000  0.067  0.000  0.000  0.000  0.000  0.000  0.994
   1.93049    -40.699596  0.000  0.928  0.000  0.065  0.000  0.000  0.000  0.000  0.000  0.994
   1.95623    -40.699628  0.000  0.930  0.000  0.064  0.000  0.000  0.000  0.000  0.000  0.994
   1.98197    -40.699667  0.000  0.932  0.000  0.062  0.000  0.000  0.000  0.000  0.000  0.994
   2.00771    -40.699666  0.000  0.932  0.000  0.062  0.000  0.000  0.000  0.000  0.000  0.994
 
# Band-Index:    6
   2.00771    -40.697713  0.000  0.062  0.000  0.932  0.000  0.000  0.000  0.000  0.000  0.994
   1.98197    -40.697712  0.000  0.062  0.000  0.932  0.000  0.000  0.000  0.000  0.000  0.994
   1.95623    -40.697704  0.000  0.064  0.000  0.930  0.000  0.000  0.000  0.000  0.000  0.994
   1.93049    -40.697693  0.000  0.065  0.000  0.929  0.000  0.000  0.000  0.000  0.000  0.994
   1.90475    -40.697691  0.000  0.067  0.000  0.927  0.000  0.000  0.000  0.000  0.000  0.994
   1.87901    -40.697691  0.000  0.070  0.000  0.924  0.000  0.000  0.000  0.000  0.000  0.994
   1.85327    -40.697678  0.000  0.073  0.000  0.921  0.000  0.000  0.000  0.000  0.000  0.994
   1.82753    -40.697666  0.000  0.078  0.000  0.916  0.000  0.000  0.000  0.000  0.000  0.994
   1.80179    -40.697641  0.000  0.082  0.000  0.912  0.000  0.000  0.000  0.000  0.000  0.994
   1.77605    -40.697621  0.000  0.088  0.000  0.906  0.000  0.000  0.000  0.000  0.000  0.994
   1.75031    -40.697596  0.000  0.095  0.000  0.899  0.000  0.000  0.000  0.000  0.000  0.994
   1.72457    -40.697568  0.000  0.102  0.000  0.892  0.000  0.000  0.000  0.000  0.000  0.994
   1.69883    -40.697539  0.000  0.111  0.000  0.883  0.000  0.000  0.000  0.000  0.000  0.994
   1.67309    -40.697503  0.000  0.123  0.000  0.871  0.000  0.000  0.000  0.000  0.000  0.994
   1.64735    -40.697466  0.000  0.137  0.000  0.857  0.000  0.000  0.000  0.000  0.000  0.994
   1.62161    -40.697418  0.000  0.154  0.000  0.840  0.000  0.000  0.000  0.000  0.000  0.994
   1.59587    -40.697385  0.000  0.171  0.000  0.823  0.000  0.000  0.000  0.000  0.000  0.994
   1.57013    -40.697342  0.000  0.194  0.000  0.800  0.000  0.000  0.000  0.000  0.000  0.994
   1.54439    -40.697299  0.000  0.223  0.000  0.771  0.000  0.000  0.000  0.000  0.000  0.994
   1.51865    -40.697243  0.000  0.253  0.000  0.741  0.000  0.000  0.000  0.000  0.000  0.994
   1.49291    -40.697193  0.000  0.292  0.000  0.702  0.000  0.000  0.000  0.000  0.000  0.994
   1.46717    -40.697140  0.000  0.336  0.000  0.658  0.000  0.000  0.000  0.000  0.000  0.994
   1.44143    -40.697073  0.000  0.383  0.000  0.611  0.000  0.000  0.000  0.000  0.000  0.994
   1.41569    -40.697006  0.000  0.430  0.000  0.564  0.000  0.000  0.000  0.000  0.000  0.994
   1.38995    -40.696941  0.000  0.468  0.000  0.526  0.000  0.000  0.000  0.000  0.000  0.994
   1.36421    -40.696876  0.000  0.509  0.000  0.486  0.000  0.000  0.000  0.000  0.000  0.994
   1.33847    -40.696815  0.000  0.551  0.000  0.443  0.000  0.000  0.000  0.000  0.000  0.994
   1.31273    -40.696750  0.000  0.591  0.000  0.403  0.000  0.000  0.000  0.000  0.000  0.994
   1.28699    -40.696691  0.000  0.619  0.000  0.375  0.000  0.000  0.000  0.000  0.000  0.994
   1.26125    -40.696627  0.000  0.656  0.000  0.338  0.000  0.000  0.000  0.000  0.000  0.994
   1.23551    -40.696563  0.000  0.684  0.000  0.310  0.000  0.000  0.000  0.000  0.000  0.994
   1.20977    -40.696500  0.000  0.708  0.000  0.286  0.000  0.000  0.000  0.000  0.000  0.994
   1.18403    -40.696440  0.000  0.732  0.000  0.262  0.000  0.000  0.000  0.000  0.000  0.994
   1.15829    -40.696398  0.000  0.746  0.000  0.248  0.000  0.000  0.000  0.000  0.000  0.994
   1.13255    -40.696354  0.000  0.761  0.000  0.234  0.000  0.000  0.000  0.000  0.000  0.994
   1.10681    -40.696319  0.000  0.771  0.000  0.224  0.000  0.000  0.000  0.000  0.000  0.994
   1.08107    -40.696291  0.000  0.778  0.000  0.216  0.000  0.000  0.000  0.000  0.000  0.994
   1.05534    -40.696274  0.000  0.784  0.000  0.210  0.000  0.000  0.000  0.000  0.000  0.994
   1.02960    -40.696274  0.000  0.788  0.000  0.206  0.000  0.000  0.000  0.000  0.000  0.994
   1.00386    -40.696281  0.000  0.786  0.000  0.208  0.000  0.000  0.000  0.000  0.000  0.994
   1.00386    -40.696281  0.000  0.786  0.000  0.208  0.000  0.000  0.000  0.000  0.000  0.994
   0.97812    -40.696279  0.000  0.787  0.000  0.207  0.000  0.000  0.000  0.000  0.000  0.994
   0.95238    -40.696271  0.000  0.783  0.000  0.212  0.000  0.000  0.000  0.000  0.000  0.994
   0.92664    -40.696285  0.000  0.778  0.000  0.217  0.000  0.000  0.000  0.000  0.000  0.994
   0.90090    -40.696316  0.000  0.771  0.000  0.224  0.000  0.000  0.000  0.000  0.000  0.994
   0.87516    -40.696352  0.000  0.760  0.000  0.235  0.000  0.000  0.000  0.000  0.000  0.994
   0.84942    -40.696395  0.000  0.746  0.000  0.248  0.000  0.000  0.000  0.000  0.000  0.994
   0.82368    -40.696438  0.000  0.732  0.000  0.262  0.000  0.000  0.000  0.000  0.000  0.994
   0.79794    -40.696499  0.000  0.707  0.000  0.287  0.000  0.000  0.000  0.000  0.000  0.994
   0.77220    -40.696565  0.000  0.682  0.000  0.312  0.000  0.000  0.000  0.000  0.000  0.994
   0.74646    -40.696628  0.000  0.653  0.000  0.341  0.000  0.000  0.000  0.000  0.000  0.994
   0.72072    -40.696690  0.000  0.615  0.000  0.379  0.000  0.000  0.000  0.000  0.000  0.994
   0.69498    -40.696754  0.000  0.587  0.000  0.408  0.000  0.000  0.000  0.000  0.000  0.994
   0.66924    -40.696819  0.000  0.548  0.000  0.446  0.000  0.000  0.000  0.000  0.000  0.994
   0.64350    -40.696880  0.000  0.507  0.000  0.487  0.000  0.000  0.000  0.000  0.000  0.994
   0.61776    -40.696945  0.000  0.466  0.000  0.528  0.000  0.000  0.000  0.000  0.000  0.994
   0.59202    -40.697011  0.000  0.425  0.000  0.569  0.000  0.000  0.000  0.000  0.000  0.994
   0.56628    -40.697078  0.000  0.380  0.000  0.614  0.000  0.000  0.000  0.000  0.000  0.994
   0.54054    -40.697144  0.000  0.333  0.000  0.661  0.000  0.000  0.000  0.000  0.000  0.994
   0.51480    -40.697194  0.000  0.293  0.000  0.701  0.000  0.000  0.000  0.000  0.000  0.994
   0.48906    -40.697245  0.000  0.255  0.000  0.739  0.000  0.000  0.000  0.000  0.000  0.994
   0.46332    -40.697297  0.000  0.224  0.000  0.770  0.000  0.000  0.000  0.000  0.000  0.994
   0.43758    -40.697345  0.000  0.196  0.000  0.798  0.000  0.000  0.000  0.000  0.000  0.994
   0.41184    -40.697388  0.000  0.174  0.000  0.820  0.000  0.000  0.000  0.000  0.000  0.994
   0.38610    -40.697421  0.000  0.155  0.000  0.839  0.000  0.000  0.000  0.000  0.000  0.994
   0.36036    -40.697469  0.000  0.139  0.000  0.856  0.000  0.000  0.000  0.000  0.000  0.994
   0.33462    -40.697504  0.000  0.124  0.000  0.870  0.000  0.000  0.000  0.000  0.000  0.994
   0.30888    -40.697537  0.000  0.112  0.000  0.882  0.000  0.000  0.000  0.000  0.000  0.994
   0.28314    -40.697566  0.000  0.103  0.000  0.891  0.000  0.000  0.000  0.000  0.000  0.994
   0.25740    -40.697597  0.000  0.095  0.000  0.899  0.000  0.000  0.000  0.000  0.000  0.994
   0.23166    -40.697621  0.000  0.089  0.000  0.905  0.000  0.000  0.000  0.000  0.000  0.994
   0.20592    -40.697640  0.000  0.083  0.000  0.911  0.000  0.000  0.000  0.000  0.000  0.994
   0.18018    -40.697664  0.000  0.078  0.000  0.916  0.000  0.000  0.000  0.000  0.000  0.994
   0.15444    -40.697683  0.000  0.074  0.000  0.920  0.000  0.000  0.000  0.000  0.000  0.994
   0.12870    -40.697694  0.000  0.070  0.000  0.924  0.000  0.000  0.000  0.000  0.000  0.994
   0.10296    -40.697691  0.000  0.067  0.000  0.927  0.000  0.000  0.000  0.000  0.000  0.994
   0.07722    -40.697692  0.000  0.065  0.000  0.929  0.000  0.000  0.000  0.000  0.000  0.994
   0.05148    -40.697705  0.000  0.064  0.000  0.930  0.000  0.000  0.000  0.000  0.000  0.994
   0.02574    -40.697712  0.000  0.062  0.000  0.932  0.000  0.000  0.000  0.000  0.000  0.994
   0.00000    -40.697713  0.000  0.062  0.000  0.932  0.000  0.000  0.000  0.000  0.000  0.994
 
# Band-Index:    7
   0.00000     -9.559134  0.559  0.011  0.001  0.000  0.000  0.021  0.000  0.000  0.014  0.607
   0.02574     -9.559526  0.559  0.011  0.001  0.000  0.000  0.020  0.000  0.000  0.013  0.607
   0.05148     -9.561350  0.560  0.012  0.001  0.000  0.000  0.020  0.000  0.000  0.013  0.607
   0.07722     -9.567682  0.559  0.013  0.002  0.000  0.000  0.018  0.000  0.000  0.011  0.602
   0.10296     -9.586622  0.557  0.015  0.004  0.000  0.000  0.013  0.000  0.000  0.007  0.596
   0.12870     -9.623264  0.553  0.018  0.004  0.000  0.000  0.009  0.000  0.000  0.005  0.589
   0.15444     -9.672883  0.550  0.018  0.004  0.000  0.000  0.008  0.000  0.000  0.004  0.584
   0.18018     -9.731326  0.546  0.018  0.004  0.000  0.000  0.006  0.000  0.000  0.003  0.578
   0.20592     -9.796395  0.543  0.016  0.004  0.000  0.000  0.005  0.000  0.000  0.003  0.572
   0.23166     -9.866625  0.537  0.018  0.004  0.000  0.000  0.005  0.000  0.000  0.002  0.567
   0.25740     -9.940843  0.534  0.017  0.005  0.000  0.000  0.004  0.000  0.000  0.002  0.563
   0.28314    -10.018041  0.529  0.017  0.005  0.000  0.000  0.004  0.000  0.000  0.002  0.557
   0.30888    -10.097331  0.526  0.016  0.005  0.000  0.000  0.004  0.000  0.000  0.002  0.551
   0.33462    -10.177925  0.523  0.015  0.005  0.000  0.000  0.003  0.000  0.000  0.001  0.547
   0.36036    -10.259127  0.519  0.015  0.004  0.000  0.000  0.002  0.000  0.000  0.001  0.543
   0.38610    -10.340317  0.516  0.014  0.004  0.000  0.000  0.002  0.000  0.000  0.001  0.540
   0.41184    -10.420953  0.515  0.013  0.004  0.000  0.000  0.001  0.000  0.000  0.001  0.535
   0.43758    -10.500550  0.511  0.013  0.004  0.000  0.000  0.001  0.000  0.000  0.001  0.532
   0.46332    -10.578684  0.510  0.012  0.004  0.000  0.000  0.001  0.000  0.000  0.001  0.528
   0.48906    -10.654977  0.508  0.012  0.004  0.000  0.000  0.001  0.000  0.000  0.001  0.524
   0.51480    -10.729096  0.505  0.010  0.004  0.000  0.000  0.001  0.000  0.000  0.000  0.522
   0.54054    -10.800748  0.505  0.010  0.004  0.000  0.000  0.001  0.000  0.000  0.000  0.520
   0.56628    -10.869672  0.504  0.009  0.004  0.000  0.000  0.000  0.000  0.000  0.000  0.517
   0.59202    -10.935636  0.503  0.009  0.004  0.000  0.000  0.000  0.000  0.000  0.000  0.514
   0.61776    -10.998438  0.503  0.007  0.004  0.000  0.000  0.000  0.000  0.000  0.000  0.513
   0.64350    -11.057894  0.502  0.005  0.003  0.000  0.000  0.000  0.000  0.000  0.000  0.511
   0.66924    -11.113845  0.501  0.005  0.002  0.000  0.000  0.000  0.000  0.000  0.000  0.508
   0.69498    -11.166148  0.501  0.005  0.000  0.000  0.000  0.000  0.000  0.000  0.000  0.507
   0.72072    -11.214676  0.500  0.004  0.000  0.000  0.000  0.000  0.000  0.000  0.000  0.506
   0.74646    -11.259320  0.499  0.004  0.000  0.000  0.000  0.000  0.000  0.000  0.000  0.504
   0.77220    -11.299982  0.500  0.004  0.000  0.000  0.000  0.000  0.000  0.000  0.000  0.504
   0.79794    -11.336575  0.499  0.002  0.000  0.000  0.000  0.000  0.000  0.000  0.000  0.502
   0.82368    -11.369027  0.500  0.001  0.000  0.000  0.000  0.000  0.000  0.000  0.000  0.501
   0.84942    -11.397275  0.498  0.000  0.000  0.000  0.000  0.000  0.000  0.000  0.000  0.502
   0.87516    -11.421264  0.498  0.000  0.000  0.000  0.000  0.000  0.000  0.000  0.000  0.500
   0.90090    -11.440951  0.500  0.000  0.000  0.000  0.000  0.000  0.000  0.000  0.000  0.500
   0.92664    -11.456300  0.500  0.000  0.000  0.000  0.000  0.000  0.000  0.000  0.000  0.500
   0.95238    -11.467284  0.498  0.000  0.000  0.000  0.000  0.000  0.000  0.000  0.000  0.500
   0.97812    -11.473884  0.498  0.000  0.000  0.000  0.000  0.000  0.000  0.000  0.000  0.498
   1.00386    -11.476085  0.498  0.000  0.000  0.000  0.000  0.000  0.000  0.000  0.000  0.498
   1.00386    -11.476085  0.498  0.000  0.000  0.000  0.000  0.000  0.000  0.000  0.000  0.498
   1.02960    -11.473883  0.498  0.000  0.000  0.000  0.000  0.000  0.000  0.000  0.000  0.498
   1.05534    -11.467285  0.498  0.000  0.000  0.000  0.000  0.000  0.000  0.000  0.000  0.500
   1.08107    -11.456305  0.500  0.000  0.000  0.000  0.000  0.000  0.000  0.000  0.000  0.500
   1.10681    -11.440965  0.500  0.000  0.000  0.000  0.000  0.000  0.000  0.000  0.000  0.500
   1.13255    -11.421297  0.498  0.000  0.000  0.000  0.000  0.000  0.000  0.000  0.000  0.500
   1.15829    -11.397342  0.498  0.000  0.000  0.000  0.000  0.000  0.000  0.000  0.000  0.502
   1.18403    -11.369151  0.500  0.001  0.000  0.000  0.000  0.000  0.000  0.000  0.000  0.501
   1.20977    -11.336785  0.499  0.002  0.000  0.000  0.000  0.000  0.000  0.000  0.000  0.502
   1.23551    -11.300320  0.500  0.004  0.000  0.000  0.000  0.000  0.000  0.000  0.000  0.504
   1.26125    -11.259840  0.499  0.004  0.000  0.000  0.000  0.000  0.000  0.000  0.000  0.504
   1.28699    -11.215443  0.500  0.004  0.000  0.000  0.000  0.000  0.000  0.000  0.000  0.506
   1.31273    -11.167243  0.501  0.005  0.000  0.000  0.000  0.000  0.000  0.000  0.000  0.507
   1.33847    -11.115369  0.501  0.005  0.002  0.000  0.000  0.000  0.000  0.000  0.000  0.508
   1.36421    -11.059966  0.502  0.006  0.003  0.000  0.000  0.000  0.000  0.000  0.000  0.512
   1.38995    -11.001201  0.503  0.006  0.004  0.000  0.000  0.001  0.000  0.000  0.000  0.513
   1.41569    -10.939258  0.503  0.009  0.004  0.000  0.000  0.001  0.000  0.000  0.000  0.514
   1.44143    -10.874345  0.503  0.010  0.004  0.000  0.000  0.001  0.000  0.000  0.001  0.518
   1.46717    -10.806698  0.505  0.010  0.004  0.000  0.000  0.001  0.000  0.000  0.001  0.520
   1.49291    -10.736577  0.505  0.010  0.004  0.000  0.000  0.001  0.000  0.000  0.001  0.523
   1.51865    -10.664280  0.507  0.011  0.004  0.000  0.000  0.002  0.000  0.000  0.001  0.525
   1.54439    -10.590132  0.509  0.012  0.004  0.000  0.000  0.002  0.000  0.000  0.002  0.528
   1.57013    -10.514501  0.511  0.012  0.004  0.000  0.000  0.003  0.000  0.000  0.002  0.532
   1.59587    -10.437793  0.513  0.013  0.004  0.000  0.000  0.003  0.000  0.000  0.002  0.537
   1.62161    -10.360460  0.516  0.013  0.004  0.000  0.000  0.004  0.000  0.000  0.003  0.541
   1.64735    -10.283004  0.518  0.014  0.004  0.000  0.000  0.004  0.000  0.000  0.003  0.546
   1.67309    -10.205971  0.521  0.015  0.004  0.000  0.000  0.005  0.000  0.000  0.004  0.549
   1.69883    -10.129962  0.525  0.015  0.005  0.000  0.000  0.006  0.000  0.000  0.004  0.554
   1.72457    -10.055622  0.528  0.016  0.005  0.000  0.000  0.007  0.000  0.000  0.005  0.561
   1.75031     -9.983649  0.532  0.016  0.004  0.000  0.000  0.008  0.000  0.000  0.006  0.566
   1.77605     -9.914772  0.535  0.015  0.004  0.000  0.000  0.009  0.000  0.000  0.006  0.571
   1.80179     -9.849749  0.539  0.014  0.004  0.000  0.000  0.010  0.000  0.000  0.007  0.575
   1.82753     -9.789346  0.542  0.015  0.004  0.000  0.000  0.013  0.000  0.000  0.008  0.581
   1.85327     -9.734320  0.546  0.015  0.004  0.000  0.000  0.014  0.000  0.000  0.009  0.587
   1.87901     -9.685389  0.550  0.014  0.004  0.000  0.000  0.015  0.000  0.000  0.010  0.592
   1.90475     -9.643236  0.553  0.013  0.002  0.000  0.000  0.017  0.000  0.000  0.010  0.596
   1.93049     -9.608539  0.555  0.012  0.001  0.000  0.000  0.018  0.000  0.000  0.011  0.601
   1.95623     -9.582098  0.558  0.012  0.001  0.000  0.000  0.019  0.000  0.000  0.012  0.604
   1.98197     -9.565099  0.558  0.011  0.001  0.000  0.000  0.020  0.000  0.000  0.013  0.607
   2.00771     -9.559134  0.559  0.011  0.001  0.000  0.000  0.021  0.000  0.000  0.014  0.607
 
# Band-Index:    8
   2.00771     -9.471189  0.568  0.016  0.002  0.000  0.000  0.008  0.000  0.000  0.005  0.601
   1.98197     -9.469880  0.569  0.016  0.002  0.000  0.000  0.009  0.000  0.000  0.005  0.601
   1.95623     -9.466739  0.568  0.016  0.002  0.000  0.000  0.010  0.000  0.000  0.006  0.602
   1.93049     -9.463033  0.568  0.015  0.002  0.000  0.000  0.011  0.000  0.000  0.007  0.604
   1.90475     -9.459432  0.569  0.014  0.004  0.000  0.000  0.011  0.000  0.000  0.007  0.604
   1.87901     -9.456047  0.567  0.013  0.004  0.000  0.000  0.011  0.000  0.000  0.007  0.603
   1.85327     -9.452736  0.568  0.012  0.004  0.000  0.000  0.012  0.000  0.000  0.008  0.605
   1.82753     -9.449264  0.567  0.012  0.005  0.000  0.000  0.012  0.000  0.000  0.008  0.603
   1.80179     -9.445384  0.566  0.011  0.006  0.000  0.000  0.013  0.000  0.000  0.007  0.604
   1.77605     -9.440853  0.566  0.010  0.006  0.000  0.000  0.013  0.000  0.000  0.007  0.603
   1.75031     -9.435449  0.564  0.010  0.006  0.000  0.000  0.013  0.000  0.000  0.007  0.603
   1.72457     -9.428968  0.566  0.009  0.007  0.000  0.000  0.013  0.000  0.000  0.007  0.604
   1.69883     -9.421229  0.564  0.008  0.010  0.000  0.000  0.013  0.000  0.000  0.008  0.602
   1.67309     -9.412073  0.565  0.008  0.010  0.000  0.000  0.013  0.000  0.000  0.008  0.603
   1.64735     -9.401366  0.563  0.007  0.011  0.000  0.000  0.013  0.000  0.000  0.008  0.604
   1.62161     -9.388998  0.563  0.007  0.012  0.000  0.000  0.012  0.000  0.000  0.007  0.602
   1.59587     -9.374886  0.563  0.006  0.013  0.000  0.000  0.012  0.000  0.000  0.007  0.602
   1.57013     -9.358972  0.564  0.004  0.014  0.000  0.000  0.013  0.000  0.000  0.007  0.602
   1.54439     -9.341229  0.564  0.004  0.016  0.000  0.000  0.012  0.000  0.000  0.007  0.602
   1.51865     -9.321660  0.564  0.003  0.018  0.000  0.000  0.011  0.000  0.000  0.007  0.604
   1.49291     -9.300301  0.564  0.003  0.018  0.000  0.000  0.011  0.000  0.000  0.006  0.603
   1.46717     -9.277218  0.565  0.002  0.019  0.000  0.000  0.011  0.001  0.000  0.006  0.605
   1.44143     -9.252514  0.565  0.002  0.020  0.000  0.000  0.010  0.001  0.000  0.006  0.604
   1.41569     -9.226332  0.567  0.002  0.021  0.000  0.000  0.009  0.001  0.000  0.005  0.605
   1.38995     -9.198848  0.568  0.001  0.022  0.000  0.000  0.009  0.001  0.000  0.005  0.607
   1.36421     -9.170284  0.570  0.001  0.023  0.000  0.000  0.009  0.001  0.000  0.005  0.608
   1.33847     -9.140901  0.570  0.001  0.025  0.000  0.000  0.007  0.001  0.000  0.004  0.608
   1.31273     -9.111004  0.572  0.001  0.023  0.000  0.000  0.007  0.001  0.000  0.004  0.610
   1.28699     -9.080945  0.575  0.000  0.025  0.000  0.000  0.006  0.000  0.000  0.003  0.612
   1.26125     -9.051115  0.578  0.000  0.025  0.000  0.000  0.005  0.000  0.000  0.003  0.613
   1.23551     -9.021949  0.579  0.000  0.027  0.000  0.000  0.004  0.000  0.000  0.003  0.613
   1.20977     -8.993913  0.582  0.000  0.027  0.000  0.000  0.004  0.000  0.000  0.002  0.616
   1.18403     -8.967505  0.584  0.000  0.027  0.000  0.000  0.003  0.000  0.000  0.001  0.616
   1.15829     -8.943235  0.586  0.000  0.027  0.000  0.000  0.003  0.000  0.000  0.001  0.619
   1.13255     -8.921611  0.588  0.000  0.028  0.000  0.000  0.001  0.000  0.000  0.001  0.619
   1.10681     -8.903123  0.590  0.000  0.029  0.000  0.000  0.001  0.000  0.000  0.000  0.620
   1.08107     -8.888217  0.593  0.000  0.028  0.000  0.000  0.000  0.000  0.000  0.000  0.622
   1.05534     -8.877275  0.594  0.000  0.028  0.000  0.000  0.000  0.000  0.000  0.000  0.623
   1.02960     -8.870590  0.594  0.000  0.028  0.000  0.000  0.000  0.000  0.000  0.000  0.622
   1.00386     -8.868341  0.594  0.000  0.028  0.000  0.000  0.000  0.000  0.000  0.000  0.624
   1.00386     -8.868341  0.594  0.000  0.028  0.000  0.000  0.000  0.000  0.000  0.000  0.624
   0.97812     -8.870590  0.594  0.000  0.028  0.000  0.000  0.000  0.000  0.000  0.000  0.622
   0.95238     -8.877283  0.594  0.000  0.028  0.000  0.000  0.000  0.000  0.000  0.000  0.623
   0.92664     -8.888249  0.593  0.000  0.028  0.000  0.000  0.000  0.000  0.000  0.000  0.622
   0.90090     -8.903217  0.590  0.000  0.029  0.000  0.000  0.001  0.000  0.000  0.000  0.620
   0.87516     -8.921831  0.588  0.000  0.028  0.000  0.000  0.001  0.000  0.000  0.001  0.619
   0.84942     -8.943673  0.586  0.000  0.027  0.000  0.000  0.003  0.000  0.000  0.001  0.619
   0.82368     -8.968283  0.585  0.000  0.027  0.000  0.000  0.003  0.000  0.000  0.001  0.616
   0.79794     -8.995183  0.582  0.000  0.027  0.000  0.000  0.004  0.000  0.000  0.003  0.616
   0.77220     -9.023892  0.579  0.000  0.027  0.000  0.000  0.004  0.000  0.000  0.003  0.614
   0.74646     -9.053939  0.575  0.000  0.025  0.000  0.000  0.005  0.000  0.000  0.003  0.613
   0.72072     -9.084879  0.575  0.000  0.025  0.000  0.000  0.006  0.000  0.000  0.004  0.611
   0.69498     -9.116299  0.572  0.001  0.023  0.000  0.000  0.007  0.001  0.000  0.004  0.610
   0.66924     -9.147822  0.571  0.001  0.024  0.000  0.000  0.008  0.001  0.000  0.005  0.607
   0.64350     -9.179110  0.568  0.001  0.024  0.000  0.000  0.009  0.001  0.000  0.005  0.608
   0.61776     -9.209867  0.566  0.001  0.022  0.000  0.000  0.010  0.001  0.000  0.006  0.607
   0.59202     -9.239835  0.565  0.002  0.021  0.000  0.000  0.010  0.001  0.000  0.006  0.606
   0.56628     -9.268794  0.563  0.002  0.020  0.000  0.000  0.011  0.001  0.000  0.007  0.605
   0.54054     -9.296563  0.562  0.002  0.019  0.000  0.000  0.012  0.000  0.000  0.007  0.604
   0.51480     -9.322990  0.562  0.003  0.018  0.000  0.000  0.013  0.000  0.000  0.008  0.605
   0.48906     -9.347959  0.561  0.003  0.017  0.000  0.000  0.013  0.000  0.000  0.008  0.604
   0.46332     -9.371385  0.561  0.003  0.016  0.000  0.000  0.014  0.000  0.000  0.009  0.603
   0.43758     -9.393205  0.558  0.004  0.013  0.000  0.000  0.015  0.000  0.000  0.009  0.603
   0.41184     -9.413383  0.559  0.004  0.012  0.000  0.000  0.015  0.000  0.000  0.010  0.604
   0.38610     -9.431903  0.559  0.005  0.012  0.000  0.000  0.016  0.000  0.000  0.010  0.605
   0.36036     -9.448772  0.558  0.005  0.011  0.000  0.000  0.017  0.000  0.000  0.011  0.604
   0.33462     -9.464008  0.558  0.006  0.010  0.000  0.000  0.017  0.000  0.000  0.011  0.604
   0.30888     -9.477642  0.559  0.007  0.009  0.000  0.000  0.018  0.000  0.000  0.012  0.604
   0.28314     -9.489711  0.560  0.007  0.007  0.000  0.000  0.018  0.000  0.000  0.012  0.604
   0.25740     -9.500255  0.560  0.008  0.006  0.000  0.000  0.019  0.000  0.000  0.012  0.605
   0.23166     -9.509297  0.559  0.008  0.005  0.000  0.000  0.019  0.000  0.000  0.013  0.606
   0.20592     -9.516827  0.559  0.008  0.005  0.000  0.000  0.019  0.000  0.000  0.013  0.607
   0.18018     -9.522743  0.560  0.008  0.004  0.000  0.000  0.019  0.000  0.000  0.013  0.607
   0.15444     -9.526702  0.561  0.009  0.004  0.000  0.000  0.019  0.000  0.000  0.013  0.607
   0.12870     -9.527653  0.561  0.010  0.004  0.000  0.000  0.018  0.000  0.000  0.013  0.605
   0.10296     -9.522566  0.562  0.012  0.004  0.000  0.000  0.015  0.000  0.000  0.011  0.603
   0.07722     -9.507775  0.565  0.014  0.004  0.000  0.000  0.011  0.000  0.000  0.007  0.601
   0.05148     -9.489287  0.566  0.015  0.001  0.000  0.000  0.009  0.000  0.000  0.006  0.600
   0.02574     -9.475915  0.568  0.016  0.002  0.000  0.000  0.008  0.000  0.000  0.005  0.600
   0.00000     -9.471189  0.568  0.016  0.002  0.000  0.000  0.008  0.000  0.000  0.005  0.601
 
# Band-Index:    9
   0.00000     -5.489707  0.091  0.153  0.057  0.000  0.000  0.033  0.000  0.000  0.070  0.407
   0.02574     -5.483787  0.090  0.153  0.057  0.000  0.000  0.033  0.000  0.000  0.070  0.407
   0.05148     -5.466259  0.092  0.153  0.057  0.000  0.000  0.034  0.000  0.000  0.071  0.410
   0.07722     -5.437805  0.094  0.153  0.056  0.000  0.000  0.034  0.001  0.000  0.074  0.412
   0.10296     -5.399516  0.094  0.154  0.056  0.000  0.000  0.033  0.001  0.000  0.077  0.417
   0.12870     -5.352831  0.096  0.155  0.055  0.000  0.000  0.032  0.001  0.000  0.081  0.421
   0.15444     -5.299438  0.097  0.156  0.055  0.000  0.000  0.030  0.002  0.000  0.086  0.425
   0.18018     -5.241159  0.095  0.157  0.054  0.000  0.000  0.027  0.003  0.000  0.092  0.428
   0.20592     -5.179799  0.093  0.158  0.053  0.000  0.000  0.024  0.005  0.000  0.098  0.431
   0.23166     -5.117004  0.089  0.159  0.055  0.000  0.000  0.020  0.007  0.000  0.104  0.435
   0.25740     -5.054161  0.085  0.160  0.057  0.000  0.000  0.016  0.010  0.000  0.111  0.438
   0.28314     -4.992373  0.081  0.159  0.058  0.000  0.000  0.011  0.014  0.000  0.118  0.441
   0.30888     -4.932530  0.075  0.157  0.061  0.000  0.000  0.007  0.018  0.000  0.124  0.445
   0.33462     -4.875407  0.072  0.154  0.064  0.000  0.000  0.005  0.024  0.000  0.131  0.451
   0.36036     -4.821767  0.066  0.149  0.070  0.000  0.000  0.003  0.031  0.000  0.136  0.456
   0.38610     -4.772441  0.064  0.143  0.073  0.000  0.000  0.002  0.040  0.000  0.139  0.463
   0.41184     -4.728368  0.062  0.136  0.081  0.000  0.000  0.002  0.050  0.000  0.141  0.471
   0.43758     -4.690618  0.060  0.127  0.086  0.000  0.000  0.003  0.062  0.000  0.141  0.480
   0.46332     -4.660387  0.062  0.115  0.094  0.000  0.000  0.005  0.077  0.000  0.137  0.489
   0.48906     -4.638963  0.062  0.102  0.102  0.000  0.000  0.007  0.093  0.000  0.128  0.497
   0.51480     -4.627631  0.066  0.088  0.114  0.000  0.000  0.008  0.111  0.000  0.117  0.504
   0.54054     -4.627500  0.071  0.075  0.123  0.000  0.000  0.010  0.130  0.000  0.102  0.509
   0.56628     -4.639270  0.075  0.059  0.134  0.000  0.000  0.012  0.146  0.000  0.084  0.513
   0.59202     -4.662996  0.078  0.048  0.146  0.000  0.000  0.012  0.162  0.000  0.067  0.512
   0.61776     -4.697969  0.084  0.036  0.156  0.000  0.000  0.011  0.172  0.000  0.051  0.510
   0.64350     -4.742778  0.087  0.025  0.165  0.000  0.000  0.009  0.180  0.000  0.037  0.506
   0.66924     -4.795515  0.091  0.018  0.173  0.000  0.000  0.008  0.182  0.000  0.026  0.500
   0.69498     -4.854034  0.094  0.014  0.179  0.000  0.000  0.006  0.181  0.000  0.017  0.493
   0.72072     -4.916162  0.095  0.010  0.185  0.000  0.000  0.005  0.180  0.000  0.012  0.486
   0.74646     -4.979836  0.096  0.007  0.190  0.000  0.000  0.004  0.175  0.000  0.007  0.479
   0.77220     -5.043163  0.097  0.005  0.192  0.000  0.000  0.002  0.172  0.000  0.005  0.473
   0.79794     -5.104444  0.096  0.004  0.196  0.000  0.000  0.001  0.167  0.000  0.002  0.466
   0.82368     -5.162165  0.096  0.001  0.198  0.000  0.000  0.001  0.162  0.000  0.001  0.460
   0.84942     -5.214988  0.096  0.001  0.198  0.000  0.000  0.000  0.158  0.000  0.001  0.454
   0.87516     -5.261745  0.094  0.000  0.198  0.000  0.000  0.000  0.155  0.000  0.000  0.451
   0.90090     -5.301429  0.094  0.000  0.200  0.000  0.000  0.000  0.152  0.000  0.000  0.447
   0.92664     -5.333197  0.093  0.000  0.200  0.000  0.000  0.000  0.150  0.000  0.000  0.444
   0.95238     -5.356380  0.092  0.000  0.200  0.000  0.000  0.000  0.148  0.000  0.000  0.442
   0.97812     -5.370489  0.093  0.000  0.202  0.000  0.000  0.000  0.147  0.000  0.000  0.439
   1.00386     -5.375225  0.091  0.000  0.202  0.000  0.000  0.000  0.146  0.000  0.000  0.439
   1.00386     -5.375225  0.091  0.000  0.202  0.000  0.000  0.000  0.146  0.000  0.000  0.439
   1.02960     -5.370491  0.093  0.000  0.202  0.000  0.000  0.000  0.147  0.000  0.000  0.439
   1.05534     -5.356403  0.092  0.000  0.200  0.000  0.000  0.000  0.148  0.000  0.000  0.442
   1.08107     -5.333299  0.093  0.000  0.200  0.000  0.000  0.000  0.149  0.000  0.000  0.443
   1.10681     -5.301736  0.094  0.000  0.200  0.000  0.000  0.000  0.152  0.000  0.000  0.447
   1.13255     -5.262471  0.094  0.000  0.198  0.000  0.000  0.000  0.155  0.000  0.001  0.452
   1.15829     -5.216456  0.096  0.002  0.197  0.000  0.000  0.000  0.157  0.000  0.002  0.454
   1.18403     -5.164822  0.096  0.002  0.198  0.000  0.000  0.001  0.161  0.000  0.003  0.460
   1.20977     -5.108871  0.096  0.004  0.195  0.000  0.000  0.001  0.164  0.000  0.005  0.466
   1.23551     -5.050074  0.097  0.004  0.192  0.000  0.000  0.002  0.168  0.000  0.009  0.472
   1.26125     -4.990062  0.096  0.007  0.190  0.000  0.000  0.003  0.170  0.000  0.015  0.479
   1.28699     -4.930629  0.096  0.009  0.185  0.000  0.000  0.004  0.170  0.000  0.023  0.486
   1.31273     -4.873709  0.095  0.013  0.179  0.000  0.000  0.005  0.168  0.000  0.034  0.494
   1.33847     -4.821346  0.092  0.018  0.173  0.000  0.000  0.005  0.163  0.000  0.049  0.501
   1.36421     -4.775616  0.090  0.023  0.166  0.000  0.000  0.006  0.153  0.000  0.068  0.507
   1.38995     -4.738504  0.087  0.032  0.156  0.000  0.000  0.005  0.140  0.000  0.090  0.512
   1.41569     -4.711731  0.084  0.041  0.148  0.000  0.000  0.004  0.122  0.000  0.114  0.514
   1.44143     -4.696564  0.082  0.051  0.138  0.000  0.000  0.003  0.102  0.000  0.137  0.515
   1.46717     -4.693674  0.079  0.062  0.128  0.000  0.000  0.002  0.081  0.000  0.158  0.513
   1.49291     -4.703099  0.077  0.075  0.116  0.000  0.000  0.003  0.061  0.000  0.173  0.507
   1.51865     -4.724318  0.077  0.087  0.108  0.000  0.000  0.003  0.043  0.000  0.181  0.499
   1.54439     -4.756377  0.076  0.098  0.100  0.000  0.000  0.005  0.029  0.000  0.180  0.490
   1.57013     -4.797998  0.078  0.109  0.091  0.000  0.000  0.008  0.018  0.000  0.173  0.481
   1.59587     -4.847642  0.081  0.119  0.084  0.000  0.000  0.013  0.012  0.000  0.160  0.470
   1.62161     -4.903556  0.085  0.128  0.078  0.000  0.000  0.018  0.007  0.000  0.145  0.461
   1.64735     -4.963829  0.086  0.134  0.072  0.000  0.000  0.022  0.004  0.000  0.130  0.452
   1.67309     -5.026491  0.091  0.141  0.067  0.000  0.000  0.027  0.003  0.000  0.115  0.444
   1.69883     -5.089618  0.092  0.144  0.064  0.000  0.000  0.032  0.001  0.000  0.101  0.438
   1.72457     -5.151438  0.094  0.148  0.062  0.000  0.000  0.035  0.001  0.000  0.090  0.431
   1.75031     -5.210399  0.095  0.150  0.059  0.000  0.000  0.038  0.001  0.000  0.081  0.427
   1.77605     -5.265201  0.096  0.152  0.058  0.000  0.000  0.038  0.001  0.000  0.075  0.423
   1.80179     -5.314815  0.097  0.153  0.058  0.000  0.000  0.039  0.001  0.000  0.069  0.418
   1.82753     -5.358486  0.097  0.154  0.057  0.000  0.000  0.039  0.001  0.000  0.067  0.415
   1.85327     -5.395736  0.096  0.154  0.057  0.000  0.000  0.038  0.000  0.000  0.065  0.412
   1.87901     -5.426364  0.096  0.154  0.058  0.000  0.000  0.037  0.000  0.000  0.065  0.411
   1.90475     -5.450446  0.095  0.154  0.056  0.000  0.000  0.036  0.000  0.000  0.065  0.409
   1.93049     -5.468306  0.093  0.153  0.057  0.000  0.000  0.035  0.000  0.000  0.067  0.407
   1.95623     -5.480449  0.094  0.153  0.057  0.000  0.000  0.034  0.000  0.000  0.068  0.407
   1.98197     -5.487435  0.091  0.153  0.057  0.000  0.000  0.034  0.000  0.000  0.069  0.407
   2.00771     -5.489707  0.091  0.153  0.057  0.000  0.000  0.033  0.000  0.000  0.070  0.407
 
# Band-Index:   10
   2.00771     -5.017534  0.074  0.186  0.078  0.000  0.000  0.002  0.000  0.000  0.008  0.350
   1.98197     -5.011598  0.073  0.186  0.078  0.000  0.000  0.002  0.000  0.000  0.010  0.352
   1.95623     -4.994117  0.074  0.186  0.077  0.000  0.000  0.003  0.000  0.000  0.016  0.357
   1.93049     -4.965993  0.075  0.183  0.077  0.000  0.000  0.005  0.000  0.000  0.025  0.365
   1.90475     -4.928515  0.075  0.180  0.076  0.000  0.000  0.007  0.001  0.000  0.036  0.376
   1.87901     -4.883143  0.075  0.175  0.074  0.000  0.000  0.011  0.001  0.000  0.050  0.388
   1.85327     -4.831324  0.077  0.171  0.073  0.000  0.000  0.016  0.002  0.000  0.064  0.404
   1.82753     -4.774367  0.077  0.166  0.072  0.000  0.000  0.022  0.003  0.000  0.080  0.422
   1.80179     -4.713358  0.080  0.162  0.069  0.000  0.000  0.029  0.005  0.000  0.094  0.439
   1.77605     -4.649118  0.081  0.156  0.068  0.000  0.000  0.037  0.007  0.000  0.108  0.460
   1.75031     -4.582182  0.084  0.152  0.065  0.000  0.000  0.047  0.011  0.000  0.120  0.480
   1.72457     -4.512803  0.086  0.148  0.061  0.000  0.000  0.060  0.016  0.000  0.127  0.501
   1.69883     -4.440985  0.088  0.144  0.056  0.000  0.000  0.074  0.023  0.000  0.130  0.519
   1.67309     -4.366567  0.092  0.141  0.051  0.000  0.000  0.090  0.034  0.000  0.127  0.539
   1.64735     -4.289366  0.095  0.139  0.045  0.000  0.000  0.108  0.048  0.000  0.118  0.557
   1.62161     -4.209433  0.098  0.137  0.040  0.000  0.000  0.128  0.068  0.000  0.103  0.573
   1.59587     -4.127489  0.098  0.134  0.033  0.000  0.000  0.147  0.097  0.000  0.080  0.590
   1.57013     -4.045624  0.095  0.131  0.027  0.000  0.000  0.166  0.140  0.000  0.050  0.608
   1.54439     -3.968404  0.087  0.120  0.022  0.000  0.000  0.178  0.203  0.000  0.019  0.630
   1.51865     -3.903641  0.072  0.106  0.019  0.000  0.000  0.173  0.282  0.000  0.006  0.657
   1.49291     -3.859299  0.052  0.087  0.021  0.000  0.000  0.146  0.344  0.000  0.032  0.681
   1.46717     -3.835583  0.034  0.077  0.022  0.000  0.000  0.110  0.357  0.000  0.099  0.697
   1.44143     -3.824894  0.021  0.072  0.024  0.000  0.000  0.079  0.327  0.000  0.178  0.704
   1.41569     -3.819660  0.014  0.074  0.024  0.000  0.000  0.056  0.280  0.000  0.258  0.707
   1.38995     -3.815468  0.010  0.077  0.021  0.000  0.000  0.041  0.228  0.000  0.332  0.710
   1.36421     -3.810350  0.005  0.082  0.019  0.000  0.000  0.028  0.179  0.000  0.397  0.712
   1.33847     -3.803732  0.004  0.085  0.017  0.000  0.000  0.020  0.137  0.000  0.453  0.714
   1.31273     -3.795743  0.003  0.089  0.014  0.000  0.000  0.014  0.102  0.000  0.499  0.719
   1.28699     -3.786816  0.001  0.091  0.013  0.000  0.000  0.009  0.074  0.000  0.537  0.724
   1.26125     -3.777455  0.001  0.094  0.009  0.000  0.000  0.007  0.049  0.000  0.566  0.728
   1.23551     -3.768130  0.000  0.096  0.009  0.000  0.000  0.006  0.032  0.000  0.590  0.733
   1.20977     -3.759226  0.000  0.097  0.006  0.000  0.000  0.005  0.020  0.000  0.608  0.738
   1.18403     -3.751033  0.000  0.099  0.004  0.000  0.000  0.004  0.012  0.000  0.621  0.742
   1.15829     -3.743751  0.000  0.099  0.004  0.000  0.000  0.006  0.007  0.000  0.630  0.746
   1.13255     -3.737507  0.000  0.100  0.002  0.000  0.000  0.006  0.003  0.000  0.637  0.748
   1.10681     -3.732373  0.000  0.100  0.000  0.000  0.000  0.007  0.001  0.000  0.642  0.753
   1.08107     -3.728381  0.000  0.101  0.000  0.000  0.001  0.007  0.000  0.000  0.644  0.755
   1.05534     -3.725545  0.000  0.101  0.000  0.000  0.003  0.008  0.000  0.000  0.643  0.756
   1.02960     -3.723891  0.000  0.098  0.000  0.004  0.024  0.008  0.000  0.000  0.623  0.757
   1.00386     -3.723448  0.000  0.080  0.000  0.022  0.135  0.008  0.000  0.002  0.512  0.757
   1.00386     -3.723448  0.000  0.080  0.000  0.022  0.135  0.008  0.000  0.002  0.512  0.757
   0.97812     -3.724011  0.000  0.098  0.000  0.004  0.019  0.008  0.000  0.000  0.627  0.757
   0.95238     -3.726046  0.000  0.102  0.000  0.000  0.002  0.008  0.000  0.000  0.643  0.756
   0.92664     -3.729478  0.000  0.102  0.000  0.000  0.000  0.008  0.000  0.000  0.643  0.754
   0.90090     -3.734236  0.000  0.102  0.001  0.000  0.000  0.007  0.000  0.000  0.640  0.751
   0.87516     -3.740249  0.000  0.102  0.002  0.000  0.000  0.006  0.001  0.000  0.635  0.747
   0.84942     -3.747419  0.000  0.103  0.004  0.000  0.000  0.005  0.002  0.000  0.630  0.742
   0.82368     -3.755611  0.000  0.102  0.004  0.000  0.000  0.005  0.004  0.000  0.623  0.740
   0.79794     -3.764643  0.000  0.102  0.006  0.000  0.000  0.004  0.007  0.000  0.615  0.735
   0.77220     -3.774277  0.000  0.101  0.008  0.000  0.000  0.003  0.011  0.000  0.605  0.729
   0.74646     -3.784206  0.001  0.100  0.010  0.000  0.000  0.003  0.016  0.000  0.593  0.725
   0.72072     -3.794053  0.003  0.097  0.012  0.000  0.000  0.004  0.024  0.000  0.578  0.720
   0.69498     -3.803378  0.004  0.095  0.015  0.000  0.000  0.006  0.036  0.000  0.560  0.715
   0.66924     -3.811717  0.007  0.090  0.020  0.000  0.000  0.009  0.050  0.000  0.539  0.711
   0.64350     -3.818673  0.010  0.084  0.022  0.000  0.000  0.016  0.065  0.000  0.514  0.709
   0.61776     -3.824099  0.014  0.076  0.028  0.000  0.000  0.024  0.083  0.000  0.484  0.709
   0.59202     -3.828387  0.018  0.067  0.034  0.000  0.000  0.039  0.101  0.000  0.450  0.709
   0.56628     -3.832860  0.026  0.058  0.038  0.000  0.000  0.058  0.115  0.000  0.413  0.709
   0.54054     -3.840172  0.035  0.052  0.042  0.000  0.000  0.085  0.121  0.000  0.371  0.705
   0.51480     -3.854476  0.047  0.050  0.046  0.000  0.000  0.116  0.113  0.000  0.323  0.697
   0.48906     -3.880817  0.063  0.054  0.050  0.000  0.000  0.148  0.091  0.000  0.271  0.679
   0.46332     -3.923219  0.078  0.065  0.052  0.000  0.000  0.172  0.065  0.000  0.216  0.653
   0.43758     -3.982478  0.093  0.080  0.055  0.000  0.000  0.181  0.043  0.000  0.166  0.621
   0.41184     -4.056056  0.103  0.095  0.059  0.000  0.000  0.177  0.028  0.000  0.126  0.589
   0.38610     -4.139916  0.108  0.109  0.061  0.000  0.000  0.165  0.019  0.000  0.096  0.559
   0.36036     -4.230070  0.112  0.120  0.063  0.000  0.000  0.148  0.014  0.000  0.073  0.531
   0.33462     -4.323096  0.111  0.129  0.067  0.000  0.000  0.129  0.011  0.000  0.057  0.505
   0.30888     -4.416133  0.108  0.139  0.070  0.000  0.000  0.111  0.008  0.000  0.045  0.481
   0.28314     -4.506756  0.103  0.147  0.074  0.000  0.000  0.093  0.007  0.000  0.034  0.458
   0.25740     -4.592917  0.100  0.152  0.075  0.000  0.000  0.076  0.006  0.000  0.028  0.438
   0.23166     -4.672938  0.094  0.160  0.077  0.000  0.000  0.060  0.006  0.000  0.022  0.417
   0.20592     -4.745548  0.088  0.166  0.078  0.000  0.000  0.047  0.005  0.000  0.017  0.402
   0.18018     -4.809909  0.085  0.171  0.079  0.000  0.000  0.033  0.004  0.000  0.015  0.387
   0.15444     -4.865585  0.082  0.174  0.079  0.000  0.000  0.024  0.003  0.000  0.013  0.375
   0.12870     -4.912439  0.077  0.180  0.079  0.000  0.000  0.016  0.002  0.000  0.011  0.367
   0.10296     -4.950519  0.076  0.183  0.078  0.000  0.000  0.011  0.001  0.000  0.010  0.359
   0.07722     -4.979951  0.075  0.186  0.078  0.000  0.000  0.007  0.001  0.000  0.009  0.355
   0.05148     -5.000867  0.075  0.186  0.077  0.000  0.000  0.004  0.000  0.000  0.009  0.353
   0.02574     -5.013372  0.074  0.186  0.078  0.000  0.000  0.003  0.000  0.000  0.008  0.351
   0.00000     -5.017534  0.074  0.186  0.078  0.000  0.000  0.002  0.000  0.000  0.008  0.350
 
# Band-Index:   11
   0.00000     -3.516861  0.019  0.017  0.040  0.000  0.000  0.001  0.508  0.005  0.208  0.796
   0.02574     -3.516683  0.019  0.017  0.040  0.000  0.000  0.001  0.509  0.004  0.208  0.797
   0.05148     -3.516166  0.018  0.017  0.038  0.000  0.000  0.001  0.512  0.002  0.207  0.796
   0.07722     -3.515352  0.018  0.016  0.038  0.000  0.000  0.001  0.517  0.001  0.205  0.798
   0.10296     -3.514308  0.018  0.016  0.037  0.000  0.000  0.001  0.523  0.001  0.202  0.800
   0.12870     -3.513121  0.018  0.016  0.037  0.000  0.000  0.002  0.530  0.000  0.199  0.800
   0.15444     -3.511902  0.018  0.016  0.035  0.000  0.000  0.002  0.537  0.000  0.194  0.802
   0.18018     -3.510786  0.017  0.016  0.035  0.000  0.000  0.002  0.545  0.000  0.186  0.804
   0.20592     -3.509926  0.016  0.016  0.033  0.000  0.000  0.002  0.555  0.000  0.180  0.805
   0.23166     -3.509478  0.015  0.016  0.032  0.000  0.000  0.002  0.564  0.000  0.173  0.806
   0.25740     -3.509583  0.015  0.018  0.030  0.000  0.000  0.001  0.573  0.000  0.166  0.806
   0.28314     -3.510334  0.016  0.020  0.028  0.000  0.000  0.001  0.583  0.000  0.158  0.806
   0.30888     -3.511719  0.016  0.022  0.029  0.000  0.000  0.000  0.589  0.000  0.149  0.804
   0.33462     -3.513547  0.016  0.026  0.027  0.000  0.000  0.000  0.591  0.000  0.140  0.802
   0.36036     -3.515318  0.016  0.031  0.026  0.000  0.000  0.001  0.590  0.000  0.130  0.795
   0.38610     -3.516054  0.018  0.038  0.027  0.000  0.000  0.004  0.582  0.000  0.117  0.785
   0.41184     -3.514087  0.020  0.048  0.026  0.000  0.000  0.013  0.566  0.000  0.101  0.773
   0.43758     -3.506936  0.024  0.062  0.025  0.000  0.000  0.031  0.537  0.000  0.080  0.758
   0.46332     -3.491695  0.032  0.075  0.023  0.000  0.000  0.062  0.496  0.000  0.057  0.742
   0.48906     -3.466441  0.038  0.085  0.020  0.000  0.000  0.109  0.445  0.000  0.034  0.730
   0.51480     -3.431969  0.042  0.090  0.019  0.000  0.000  0.165  0.394  0.000  0.017  0.727
   0.54054     -3.449518  0.000  0.000  0.000  0.080  0.694  0.000  0.000  0.016  0.000  0.791
   0.56628     -3.476221  0.000  0.000  0.000  0.084  0.690  0.000  0.000  0.011  0.000  0.786
   0.59202     -3.502192  0.000  0.000  0.000  0.087  0.685  0.000  0.000  0.009  0.000  0.781
   0.61776     -3.527200  0.000  0.000  0.000  0.089  0.680  0.000  0.000  0.007  0.000  0.777
   0.64350     -3.551078  0.000  0.000  0.000  0.091  0.675  0.000  0.000  0.007  0.000  0.773
   0.66924     -3.573698  0.000  0.000  0.000  0.093  0.671  0.000  0.000  0.006  0.000  0.772
   0.69498     -3.594957  0.000  0.000  0.000  0.094  0.667  0.000  0.000  0.007  0.000  0.768
   0.72072     -3.614770  0.000  0.000  0.000  0.096  0.664  0.000  0.000  0.007  0.000  0.766
   0.74646     -3.633065  0.000  0.000  0.000  0.098  0.660  0.000  0.000  0.007  0.000  0.765
   0.77220     -3.649780  0.000  0.000  0.000  0.097  0.658  0.000  0.000  0.007  0.000  0.764
   0.79794     -3.664863  0.000  0.000  0.000  0.099  0.655  0.000  0.000  0.008  0.000  0.762
   0.82368     -3.678270  0.000  0.000  0.000  0.099  0.653  0.000  0.000  0.008  0.000  0.761
   0.84942     -3.689960  0.000  0.000  0.000  0.101  0.651  0.000  0.000  0.008  0.000  0.760
   0.87516     -3.699904  0.000  0.000  0.000  0.100  0.650  0.000  0.000  0.008  0.000  0.758
   0.90090     -3.708073  0.000  0.000  0.000  0.100  0.649  0.000  0.000  0.008  0.000  0.757
   0.92664     -3.714445  0.000  0.000  0.000  0.102  0.647  0.000  0.000  0.008  0.000  0.758
   0.95238     -3.718999  0.000  0.000  0.000  0.102  0.645  0.000  0.000  0.008  0.002  0.758
   0.97812     -3.721697  0.000  0.004  0.000  0.098  0.628  0.000  0.000  0.008  0.019  0.757
   1.00386     -3.722479  0.000  0.022  0.000  0.080  0.511  0.002  0.000  0.008  0.135  0.758
   1.00386     -3.722479  0.000  0.022  0.000  0.080  0.511  0.002  0.000  0.008  0.135  0.758
   1.02960     -3.721817  0.000  0.004  0.000  0.098  0.623  0.000  0.000  0.008  0.024  0.757
   1.05534     -3.719510  0.000  0.000  0.000  0.102  0.644  0.000  0.000  0.009  0.003  0.757
   1.08107     -3.715596  0.000  0.000  0.000  0.102  0.646  0.000  0.000  0.009  0.001  0.757
   1.10681     -3.710113  0.000  0.000  0.000  0.102  0.646  0.000  0.000  0.009  0.000  0.757
   1.13255     -3.703076  0.000  0.000  0.000  0.102  0.646  0.000  0.000  0.009  0.000  0.757
   1.15829     -3.694499  0.000  0.000  0.000  0.103  0.644  0.000  0.000  0.009  0.000  0.757
   1.18403     -3.684400  0.000  0.000  0.000  0.104  0.644  0.000  0.000  0.010  0.000  0.757
   1.20977     -3.672798  0.000  0.000  0.000  0.104  0.643  0.000  0.000  0.010  0.000  0.756
   1.23551     -3.659718  0.000  0.000  0.000  0.106  0.643  0.000  0.000  0.009  0.000  0.757
   1.26125     -3.645187  0.000  0.000  0.000  0.106  0.641  0.000  0.000  0.010  0.000  0.758
   1.28699     -3.629239  0.000  0.000  0.000  0.107  0.639  0.000  0.000  0.011  0.000  0.756
   1.31273     -3.611913  0.000  0.000  0.000  0.108  0.637  0.000  0.000  0.012  0.000  0.756
   1.33847     -3.593258  0.000  0.000  0.000  0.110  0.634  0.000  0.000  0.012  0.000  0.757
   1.36421     -3.573332  0.000  0.000  0.000  0.111  0.631  0.000  0.000  0.014  0.000  0.756
   1.38995     -3.552212  0.000  0.000  0.000  0.113  0.626  0.000  0.000  0.016  0.000  0.756
   1.41569     -3.529995  0.000  0.000  0.000  0.115  0.620  0.000  0.000  0.020  0.000  0.753
   1.44143     -3.506822  0.000  0.000  0.000  0.118  0.611  0.000  0.000  0.025  0.000  0.753
   1.46717     -3.482909  0.000  0.000  0.000  0.121  0.596  0.000  0.000  0.033  0.000  0.750
   1.49291     -3.507449  0.060  0.110  0.061  0.000  0.000  0.095  0.097  0.000  0.223  0.645
   1.51865     -3.551066  0.042  0.087  0.069  0.000  0.000  0.042  0.210  0.000  0.219  0.668
   1.54439     -3.569595  0.026  0.064  0.072  0.000  0.000  0.014  0.336  0.000  0.180  0.694
   1.57013     -3.570496  0.016  0.050  0.071  0.000  0.000  0.003  0.442  0.000  0.130  0.713
   1.59587     -3.561756  0.013  0.039  0.070  0.000  0.000  0.000  0.524  0.000  0.085  0.730
   1.62161     -3.548623  0.008  0.033  0.066  0.000  0.000  0.000  0.584  0.000  0.050  0.743
   1.64735     -3.534220  0.006  0.030  0.062  0.000  0.000  0.000  0.629  0.000  0.023  0.755
   1.67309     -3.520457  0.006  0.027  0.059  0.000  0.000  0.000  0.661  0.000  0.008  0.763
   1.69883     -3.508532  0.005  0.025  0.057  0.000  0.000  0.000  0.680  0.000  0.003  0.771
   1.72457     -3.499179  0.005  0.022  0.053  0.000  0.000  0.000  0.687  0.000  0.006  0.775
   1.75031     -3.492774  0.006  0.021  0.049  0.000  0.000  0.000  0.684  0.000  0.016  0.780
   1.77605     -3.489389  0.008  0.021  0.048  0.000  0.000  0.001  0.672  0.000  0.033  0.783
   1.80179     -3.488834  0.008  0.020  0.046  0.000  0.000  0.001  0.653  0.001  0.055  0.787
   1.82753     -3.490700  0.010  0.020  0.045  0.000  0.000  0.001  0.629  0.002  0.081  0.789
   1.85327     -3.494402  0.012  0.019  0.043  0.000  0.000  0.001  0.602  0.003  0.107  0.789
   1.87901     -3.499241  0.014  0.018  0.040  0.001  0.000  0.002  0.574  0.006  0.133  0.792
   1.90475     -3.504472  0.015  0.017  0.040  0.002  0.000  0.001  0.551  0.007  0.159  0.792
   1.93049     -3.509386  0.017  0.017  0.040  0.002  0.000  0.001  0.532  0.006  0.179  0.794
   1.95623     -3.513373  0.018  0.016  0.040  0.000  0.000  0.001  0.519  0.005  0.195  0.795
   1.98197     -3.515964  0.018  0.017  0.040  0.000  0.000  0.001  0.510  0.005  0.205  0.796
   2.00771     -3.516861  0.019  0.017  0.040  0.000  0.000  0.001  0.508  0.005  0.208  0.796
 
# Band-Index:   12
   2.00771     -3.507560  0.000  0.000  0.000  0.117  0.011  0.000  0.004  0.612  0.001  0.748
   1.98197     -3.506905  0.000  0.000  0.000  0.117  0.011  0.000  0.004  0.612  0.002  0.748
   1.95623     -3.504943  0.000  0.000  0.000  0.117  0.010  0.000  0.005  0.612  0.002  0.748
   1.93049     -3.501691  0.000  0.000  0.000  0.117  0.010  0.000  0.006  0.611  0.002  0.749
   1.90475     -3.497177  0.000  0.000  0.000  0.117  0.009  0.000  0.006  0.613  0.002  0.749
   1.87901     -3.491441  0.000  0.000  0.000  0.117  0.009  0.000  0.005  0.615  0.001  0.749
   1.85327     -3.484527  0.000  0.000  0.000  0.117  0.009  0.000  0.003  0.619  0.001  0.750
   1.82753     -3.476484  0.000  0.000  0.000  0.117  0.010  0.000  0.002  0.623  0.000  0.750
   1.80179     -3.467377  0.000  0.000  0.000  0.118  0.009  0.000  0.001  0.625  0.000  0.751
   1.77605     -3.457300  0.000  0.000  0.000  0.118  0.007  0.000  0.000  0.627  0.000  0.751
   1.75031     -3.446375  0.000  0.000  0.000  0.118  0.007  0.000  0.000  0.628  0.000  0.752
   1.72457     -3.434772  0.000  0.000  0.000  0.120  0.005  0.000  0.000  0.628  0.000  0.752
   1.69883     -3.422740  0.000  0.000  0.000  0.121  0.004  0.000  0.000  0.624  0.000  0.751
   1.67309     -3.410697  0.000  0.000  0.000  0.125  0.007  0.000  0.000  0.615  0.000  0.748
   1.64735     -3.399433  0.000  0.000  0.000  0.131  0.018  0.000  0.000  0.591  0.000  0.741
   1.62161     -3.390634  0.000  0.000  0.000  0.142  0.055  0.000  0.000  0.535  0.000  0.732
   1.59587     -3.387816  0.000  0.000  0.000  0.153  0.154  0.000  0.000  0.414  0.000  0.722
   1.57013     -3.395305  0.000  0.000  0.000  0.154  0.320  0.000  0.000  0.248  0.000  0.722
   1.54439     -3.412462  0.000  0.000  0.000  0.144  0.455  0.000  0.000  0.133  0.000  0.732
   1.51865     -3.434637  0.000  0.000  0.000  0.132  0.532  0.000  0.000  0.076  0.000  0.741
   1.49291     -3.458614  0.000  0.000  0.000  0.126  0.573  0.000  0.000  0.048  0.000  0.747
   1.46717     -3.439932  0.072  0.127  0.053  0.000  0.000  0.162  0.031  0.000  0.195  0.637
   1.44143     -3.358703  0.076  0.132  0.044  0.000  0.000  0.237  0.007  0.000  0.149  0.644
   1.41569     -3.275341  0.070  0.130  0.035  0.000  0.000  0.320  0.004  0.000  0.101  0.661
   1.38995     -3.208185  0.000  0.000  0.000  0.050  0.084  0.000  0.000  0.702  0.000  0.838
   1.36421     -3.192527  0.000  0.000  0.000  0.049  0.079  0.000  0.000  0.711  0.000  0.840
   1.33847     -3.177321  0.000  0.000  0.000  0.047  0.075  0.000  0.000  0.718  0.000  0.840
   1.31273     -3.162704  0.000  0.000  0.000  0.047  0.071  0.000  0.000  0.725  0.000  0.844
   1.28699     -3.148801  0.000  0.000  0.000  0.045  0.068  0.000  0.000  0.732  0.000  0.845
   1.26125     -3.135727  0.000  0.000  0.000  0.045  0.066  0.000  0.000  0.737  0.000  0.848
   1.23551     -3.123584  0.000  0.000  0.000  0.043  0.064  0.000  0.000  0.742  0.000  0.849
   1.20977     -3.112466  0.000  0.000  0.000  0.042  0.063  0.000  0.000  0.747  0.000  0.852
   1.18403     -3.102457  0.000  0.000  0.000  0.040  0.061  0.000  0.000  0.752  0.000  0.853
   1.15829     -3.093631  0.000  0.000  0.000  0.040  0.060  0.000  0.000  0.755  0.000  0.855
   1.13255     -3.086052  0.000  0.000  0.000  0.038  0.059  0.000  0.000  0.758  0.000  0.856
   1.10681     -3.079776  0.000  0.000  0.000  0.038  0.059  0.000  0.000  0.761  0.000  0.857
   1.08107     -3.074847  0.000  0.000  0.000  0.038  0.058  0.000  0.000  0.763  0.000  0.859
   1.05534     -3.071301  0.000  0.000  0.000  0.036  0.058  0.000  0.000  0.764  0.000  0.860
   1.02960     -3.069164  0.000  0.000  0.000  0.036  0.058  0.000  0.000  0.765  0.000  0.861
   1.00386     -3.068457  0.000  0.010  0.000  0.026  0.042  0.220  0.000  0.545  0.018  0.860
   1.00386     -3.068457  0.000  0.010  0.000  0.026  0.042  0.220  0.000  0.545  0.018  0.860
   0.97812     -3.068736  0.000  0.000  0.000  0.036  0.057  0.009  0.000  0.756  0.001  0.861
   0.95238     -3.069595  0.000  0.000  0.000  0.036  0.057  0.003  0.000  0.763  0.000  0.860
   0.92664     -3.071050  0.000  0.000  0.000  0.036  0.056  0.005  0.000  0.760  0.000  0.860
   0.90090     -3.073212  0.001  0.026  0.000  0.012  0.018  0.497  0.016  0.248  0.036  0.856
   0.87516     -3.077540  0.002  0.038  0.003  0.000  0.000  0.702  0.050  0.002  0.051  0.850
   0.84942     -3.084121  0.004  0.038  0.005  0.000  0.000  0.663  0.084  0.001  0.049  0.845
   0.82368     -3.093180  0.008  0.038  0.006  0.000  0.000  0.620  0.120  0.000  0.046  0.840
   0.79794     -3.104843  0.010  0.040  0.009  0.000  0.000  0.579  0.154  0.000  0.044  0.834
   0.77220     -3.119188  0.012  0.040  0.009  0.000  0.000  0.541  0.183  0.000  0.039  0.828
   0.74646     -3.136321  0.016  0.042  0.012  0.000  0.000  0.507  0.204  0.000  0.037  0.820
   0.72072     -3.156405  0.018  0.046  0.012  0.000  0.000  0.477  0.223  0.000  0.035  0.813
   0.69498     -3.179662  0.022  0.050  0.013  0.000  0.000  0.448  0.238  0.000  0.032  0.803
   0.66924     -3.206353  0.026  0.054  0.014  0.000  0.000  0.418  0.252  0.000  0.028  0.793
   0.64350     -3.236728  0.030  0.060  0.015  0.000  0.000  0.388  0.265  0.000  0.023  0.782
   0.61776     -3.270928  0.035  0.068  0.015  0.000  0.000  0.354  0.279  0.000  0.019  0.769
   0.59202     -3.308805  0.037  0.076  0.016  0.000  0.000  0.316  0.295  0.000  0.014  0.755
   0.56628     -3.349628  0.042  0.083  0.016  0.000  0.000  0.272  0.318  0.000  0.010  0.742
   0.54054     -3.391688  0.045  0.089  0.017  0.000  0.000  0.221  0.349  0.000  0.011  0.731
   0.51480     -3.422437  0.000  0.000  0.000  0.076  0.697  0.000  0.000  0.025  0.000  0.797
   0.48906     -3.395608  0.000  0.000  0.000  0.068  0.694  0.000  0.000  0.043  0.000  0.806
   0.46332     -3.370302  0.000  0.000  0.000  0.060  0.673  0.000  0.000  0.084  0.000  0.816
   0.43758     -3.349440  0.000  0.000  0.000  0.048  0.599  0.000  0.000  0.180  0.000  0.828
   0.41184     -3.338570  0.000  0.000  0.000  0.044  0.433  0.000  0.000  0.354  0.000  0.832
   0.38610     -3.340990  0.000  0.000  0.000  0.052  0.254  0.000  0.000  0.517  0.000  0.823
   0.36036     -3.352286  0.000  0.000  0.000  0.064  0.149  0.000  0.000  0.597  0.000  0.809
   0.33462     -3.367456  0.000  0.000  0.000  0.075  0.095  0.000  0.000  0.629  0.000  0.798
   0.30888     -3.384034  0.000  0.000  0.000  0.082  0.067  0.000  0.000  0.640  0.000  0.789
   0.28314     -3.400873  0.000  0.000  0.000  0.089  0.050  0.000  0.000  0.643  0.000  0.782
   0.25740     -3.417349  0.000  0.000  0.000  0.095  0.038  0.000  0.000  0.642  0.000  0.776
   0.23166     -3.433062  0.000  0.000  0.000  0.099  0.031  0.000  0.000  0.638  0.000  0.770
   0.20592     -3.447725  0.000  0.000  0.000  0.104  0.026  0.000  0.000  0.635  0.000  0.765
   0.18018     -3.461111  0.000  0.000  0.000  0.108  0.022  0.000  0.000  0.631  0.000  0.759
   0.15444     -3.473040  0.000  0.000  0.000  0.111  0.019  0.000  0.000  0.628  0.000  0.757
   0.12870     -3.483363  0.000  0.000  0.000  0.113  0.015  0.000  0.000  0.624  0.000  0.754
   0.10296     -3.491962  0.000  0.000  0.000  0.115  0.013  0.000  0.001  0.621  0.000  0.752
   0.07722     -3.498741  0.000  0.000  0.000  0.117  0.012  0.000  0.001  0.618  0.000  0.749
   0.05148     -3.503628  0.000  0.000  0.000  0.117  0.011  0.000  0.002  0.615  0.001  0.749
   0.02574     -3.506576  0.000  0.000  0.000  0.117  0.011  0.000  0.003  0.613  0.001  0.748
   0.00000     -3.507560  0.000  0.000  0.000  0.117  0.011  0.000  0.004  0.612  0.001  0.748
 
# Band-Index:   13
   0.00000     -2.932488  0.000  0.000  0.000  0.031  0.862  0.000  0.000  0.002  0.000  0.895
   0.02574     -2.934417  0.000  0.000  0.000  0.031  0.861  0.000  0.000  0.002  0.000  0.895
   0.05148     -2.940162  0.000  0.000  0.000  0.033  0.856  0.000  0.000  0.002  0.000  0.892
   0.07722     -2.949599  0.000  0.000  0.000  0.036  0.849  0.000  0.000  0.003  0.000  0.887
   0.10296     -2.962530  0.000  0.000  0.000  0.039  0.837  0.000  0.000  0.002  0.000  0.881
   0.12870     -2.978697  0.000  0.000  0.000  0.044  0.826  0.000  0.000  0.003  0.000  0.873
   0.15444     -2.997790  0.000  0.000  0.000  0.049  0.812  0.000  0.000  0.006  0.000  0.867
   0.18018     -3.019468  0.000  0.000  0.000  0.054  0.797  0.000  0.000  0.007  0.000  0.857
   0.20592     -3.043364  0.000  0.000  0.000  0.060  0.781  0.000  0.000  0.008  0.000  0.849
   0.23166     -3.069096  0.000  0.000  0.000  0.067  0.763  0.000  0.000  0.011  0.000  0.839
   0.25740     -3.096258  0.000  0.000  0.000  0.073  0.743  0.000  0.000  0.015  0.000  0.830
   0.28314     -3.124412  0.000  0.000  0.000  0.078  0.719  0.000  0.000  0.022  0.000  0.819
   0.30888     -3.153043  0.000  0.000  0.000  0.085  0.691  0.000  0.000  0.033  0.000  0.810
   0.33462     -3.181443  0.000  0.000  0.000  0.094  0.651  0.000  0.000  0.053  0.000  0.798
   0.36036     -3.208415  0.000  0.000  0.000  0.103  0.589  0.000  0.000  0.093  0.000  0.786
   0.38610     -3.231467  0.000  0.000  0.000  0.115  0.476  0.000  0.000  0.181  0.000  0.773
   0.41184     -3.245594  0.000  0.000  0.000  0.122  0.288  0.000  0.000  0.353  0.000  0.764
   0.43758     -3.246401  0.000  0.000  0.000  0.116  0.116  0.000  0.000  0.538  0.000  0.770
   0.46332     -3.237204  0.000  0.000  0.000  0.102  0.036  0.000  0.000  0.642  0.000  0.781
   0.48906     -3.223584  0.000  0.000  0.000  0.091  0.010  0.000  0.000  0.689  0.000  0.794
   0.51480     -3.208476  0.000  0.000  0.000  0.083  0.005  0.000  0.000  0.715  0.000  0.803
   0.54054     -3.193169  0.000  0.000  0.000  0.075  0.005  0.000  0.000  0.731  0.000  0.810
   0.56628     -3.178281  0.000  0.000  0.000  0.070  0.007  0.000  0.000  0.741  0.000  0.819
   0.59202     -3.164146  0.000  0.000  0.000  0.064  0.012  0.000  0.000  0.749  0.000  0.824
   0.61776     -3.150952  0.000  0.000  0.000  0.060  0.016  0.000  0.000  0.755  0.000  0.830
   0.64350     -3.138804  0.000  0.000  0.000  0.055  0.020  0.000  0.000  0.759  0.000  0.835
   0.66924     -3.127752  0.000  0.000  0.000  0.053  0.024  0.000  0.000  0.763  0.000  0.840
   0.69498     -3.117806  0.000  0.000  0.000  0.049  0.029  0.000  0.000  0.765  0.000  0.842
   0.72072     -3.108946  0.000  0.000  0.000  0.047  0.033  0.000  0.000  0.766  0.000  0.845
   0.74646     -3.101136  0.000  0.000  0.000  0.045  0.037  0.000  0.000  0.766  0.000  0.848
   0.77220     -3.094325  0.000  0.000  0.000  0.042  0.041  0.000  0.000  0.767  0.000  0.852
   0.79794     -3.088451  0.000  0.000  0.000  0.042  0.044  0.000  0.000  0.768  0.000  0.854
   0.82368     -3.083454  0.000  0.000  0.000  0.040  0.047  0.000  0.000  0.767  0.000  0.854
   0.84942     -3.079270  0.000  0.000  0.000  0.040  0.050  0.000  0.000  0.766  0.000  0.857
   0.87516     -3.075840  0.000  0.000  0.000  0.038  0.053  0.002  0.000  0.764  0.000  0.857
   0.90090     -3.073073  0.000  0.012  0.000  0.026  0.036  0.239  0.007  0.518  0.018  0.856
   0.92664     -3.070568  0.000  0.038  0.000  0.000  0.000  0.749  0.007  0.005  0.055  0.857
   0.95238     -3.069209  0.000  0.038  0.000  0.000  0.000  0.760  0.001  0.003  0.056  0.859
   0.97812     -3.068602  0.000  0.036  0.000  0.000  0.001  0.756  0.000  0.009  0.057  0.860
   1.00386     -3.068429  0.000  0.026  0.000  0.010  0.018  0.545  0.000  0.220  0.042  0.859
   1.00386     -3.068429  0.000  0.026  0.000  0.010  0.018  0.545  0.000  0.220  0.042  0.859
   1.02960     -3.068174  0.000  0.036  0.000  0.000  0.000  0.765  0.000  0.000  0.057  0.860
   1.05534     -3.067423  0.000  0.038  0.000  0.000  0.000  0.765  0.000  0.000  0.056  0.859
   1.08107     -3.066286  0.000  0.038  0.000  0.000  0.000  0.763  0.002  0.000  0.054  0.858
   1.10681     -3.064948  0.000  0.038  0.000  0.000  0.000  0.759  0.007  0.000  0.052  0.856
   1.13255     -3.063670  0.001  0.038  0.000  0.000  0.000  0.748  0.016  0.000  0.049  0.855
   1.15829     -3.062763  0.001  0.038  0.004  0.000  0.000  0.733  0.032  0.000  0.046  0.853
   1.18403     -3.062520  0.002  0.038  0.004  0.000  0.000  0.712  0.051  0.000  0.045  0.851
   1.20977     -3.063162  0.002  0.038  0.004  0.000  0.000  0.691  0.069  0.000  0.044  0.849
   1.23551     -3.064852  0.002  0.036  0.007  0.000  0.000  0.676  0.083  0.000  0.042  0.846
   1.26125     -3.067841  0.002  0.038  0.007  0.000  0.000  0.673  0.086  0.000  0.039  0.845
   1.28699     -3.072842  0.002  0.042  0.006  0.000  0.000  0.685  0.071  0.000  0.032  0.840
   1.31273     -3.082033  0.003  0.053  0.006  0.000  0.000  0.706  0.039  0.000  0.018  0.828
   1.33847     -3.101354  0.016  0.074  0.012  0.000  0.000  0.679  0.006  0.000  0.005  0.793
   1.36421     -3.139818  0.038  0.101  0.021  0.000  0.000  0.556  0.004  0.000  0.018  0.738
   1.38995     -3.199650  0.059  0.119  0.028  0.000  0.000  0.423  0.007  0.001  0.057  0.693
   1.41569     -3.224104  0.000  0.000  0.000  0.050  0.091  0.000  0.000  0.694  0.000  0.836
   1.44143     -3.240110  0.000  0.000  0.000  0.050  0.102  0.000  0.000  0.682  0.000  0.834
   1.46717     -3.255915  0.000  0.000  0.000  0.048  0.118  0.000  0.000  0.668  0.000  0.836
   1.49291     -3.271103  0.000  0.000  0.000  0.046  0.144  0.000  0.000  0.647  0.000  0.837
   1.51865     -3.284933  0.000  0.000  0.000  0.040  0.188  0.000  0.000  0.613  0.000  0.842
   1.54439     -3.295881  0.000  0.000  0.000  0.033  0.267  0.000  0.000  0.549  0.000  0.850
   1.57013     -3.300706  0.000  0.000  0.000  0.024  0.407  0.000  0.000  0.427  0.000  0.859
   1.59587     -3.294748  0.000  0.000  0.000  0.027  0.575  0.000  0.000  0.256  0.000  0.859
   1.62161     -3.277375  0.000  0.000  0.000  0.038  0.680  0.000  0.000  0.131  0.000  0.849
   1.64735     -3.252944  0.000  0.000  0.000  0.049  0.722  0.000  0.000  0.069  0.000  0.840
   1.67309     -3.225027  0.000  0.000  0.000  0.055  0.738  0.000  0.000  0.041  0.000  0.835
   1.69883     -3.195398  0.000  0.000  0.000  0.061  0.748  0.000  0.000  0.027  0.000  0.835
   1.72457     -3.164974  0.000  0.000  0.000  0.060  0.756  0.000  0.000  0.020  0.000  0.836
   1.75031     -3.134345  0.000  0.000  0.000  0.060  0.764  0.000  0.000  0.015  0.000  0.839
   1.77605     -3.103990  0.000  0.000  0.000  0.060  0.773  0.000  0.000  0.012  0.000  0.843
   1.80179     -3.074370  0.000  0.000  0.000  0.058  0.783  0.000  0.000  0.008  0.000  0.848
   1.82753     -3.045977  0.000  0.000  0.000  0.053  0.794  0.000  0.000  0.006  0.000  0.855
   1.85327     -3.019353  0.000  0.000  0.000  0.051  0.806  0.000  0.000  0.005  0.000  0.862
   1.87901     -2.995106  0.000  0.000  0.000  0.046  0.819  0.000  0.000  0.004  0.000  0.872
   1.90475     -2.973898  0.000  0.000  0.000  0.042  0.831  0.000  0.000  0.004  0.000  0.878
   1.93049     -2.956421  0.000  0.000  0.000  0.037  0.843  0.000  0.000  0.004  0.000  0.885
   1.95623     -2.943344  0.000  0.000  0.000  0.033  0.852  0.000  0.000  0.002  0.000  0.891
   1.98197     -2.935237  0.000  0.000  0.000  0.031  0.860  0.000  0.000  0.002  0.000  0.895
   2.00771     -2.932488  0.000  0.000  0.000  0.031  0.862  0.000  0.000  0.002  0.000  0.895
 
# Band-Index:   14
   2.00771     -2.874157  0.030  0.017  0.006  0.000  0.000  0.192  0.250  0.000  0.376  0.871
   1.98197     -2.875269  0.030  0.017  0.006  0.000  0.000  0.196  0.244  0.000  0.376  0.869
   1.95623     -2.878674  0.030  0.017  0.006  0.000  0.000  0.210  0.228  0.000  0.373  0.867
   1.93049     -2.884534  0.033  0.017  0.008  0.000  0.000  0.232  0.203  0.000  0.370  0.863
   1.90475     -2.892961  0.032  0.017  0.010  0.000  0.000  0.257  0.173  0.000  0.365  0.858
   1.87901     -2.903886  0.032  0.017  0.016  0.000  0.000  0.286  0.139  0.000  0.361  0.850
   1.85327     -2.916995  0.032  0.018  0.018  0.000  0.000  0.313  0.106  0.000  0.356  0.844
   1.82753     -2.931755  0.034  0.018  0.022  0.000  0.000  0.340  0.074  0.000  0.351  0.838
   1.80179     -2.947495  0.033  0.018  0.024  0.000  0.000  0.362  0.047  0.000  0.346  0.831
   1.77605     -2.963508  0.033  0.018  0.026  0.000  0.000  0.380  0.027  0.000  0.343  0.826
   1.75031     -2.979130  0.035  0.018  0.027  0.000  0.000  0.395  0.012  0.000  0.337  0.821
   1.72457     -2.993801  0.035  0.018  0.029  0.000  0.000  0.405  0.004  0.000  0.330  0.818
   1.69883     -3.007108  0.035  0.018  0.029  0.000  0.000  0.411  0.004  0.000  0.321  0.816
   1.67309     -3.018791  0.034  0.018  0.030  0.000  0.000  0.415  0.011  0.000  0.311  0.814
   1.64735     -3.028738  0.033  0.018  0.030  0.000  0.000  0.414  0.023  0.000  0.298  0.814
   1.62161     -3.036960  0.033  0.016  0.027  0.000  0.000  0.410  0.042  0.000  0.284  0.814
   1.59587     -3.043547  0.033  0.016  0.028  0.000  0.000  0.404  0.064  0.000  0.269  0.813
   1.57013     -3.048637  0.033  0.016  0.028  0.000  0.000  0.395  0.090  0.000  0.253  0.813
   1.54439     -3.052380  0.032  0.016  0.028  0.000  0.000  0.384  0.117  0.000  0.237  0.815
   1.51865     -3.054916  0.032  0.016  0.028  0.000  0.000  0.371  0.145  0.000  0.222  0.814
   1.49291     -3.056350  0.032  0.016  0.028  0.000  0.000  0.355  0.175  0.000  0.208  0.814
   1.46717     -3.056739  0.033  0.016  0.027  0.000  0.000  0.335  0.205  0.000  0.196  0.811
   1.44143     -3.056046  0.036  0.016  0.029  0.000  0.000  0.306  0.238  0.000  0.185  0.809
   1.41569     -3.054065  0.039  0.016  0.030  0.000  0.000  0.265  0.277  0.000  0.176  0.803
   1.38995     -3.050214  0.047  0.017  0.032  0.000  0.000  0.200  0.325  0.000  0.169  0.791
   1.36421     -3.043110  0.059  0.022  0.038  0.000  0.000  0.102  0.388  0.000  0.161  0.770
   1.33847     -3.030940  0.073  0.033  0.044  0.000  0.000  0.012  0.446  0.000  0.134  0.742
   1.31273     -3.016088  0.073  0.039  0.046  0.000  0.000  0.011  0.472  0.000  0.089  0.730
   1.28699     -3.004909  0.067  0.039  0.044  0.000  0.000  0.050  0.491  0.000  0.051  0.740
   1.26125     -2.999541  0.059  0.032  0.042  0.000  0.000  0.074  0.519  0.000  0.029  0.754
   1.23551     -2.998606  0.053  0.025  0.040  0.000  0.000  0.078  0.556  0.000  0.016  0.768
   1.20977     -3.000101  0.048  0.018  0.039  0.000  0.000  0.068  0.595  0.000  0.007  0.778
   1.18403     -3.002433  0.045  0.013  0.037  0.000  0.000  0.051  0.635  0.000  0.003  0.786
   1.15829     -3.004613  0.044  0.007  0.037  0.000  0.000  0.032  0.670  0.000  0.001  0.792
   1.13255     -3.006194  0.042  0.005  0.036  0.000  0.000  0.016  0.696  0.000  0.001  0.796
   1.10681     -3.007117  0.041  0.002  0.035  0.000  0.000  0.007  0.714  0.000  0.000  0.800
   1.08107     -3.007530  0.039  0.000  0.034  0.000  0.000  0.002  0.723  0.000  0.000  0.804
   1.05534     -3.007641  0.038  0.000  0.034  0.000  0.000  0.001  0.730  0.000  0.000  0.805
   1.02960     -3.007631  0.038  0.000  0.034  0.000  0.000  0.000  0.734  0.000  0.000  0.806
   1.00386     -3.007615  0.038  0.000  0.034  0.000  0.000  0.000  0.735  0.000  0.000  0.805
   1.00386     -3.007615  0.038  0.000  0.034  0.000  0.000  0.000  0.735  0.000  0.000  0.805
   0.97812     -3.007633  0.038  0.000  0.034  0.000  0.000  0.000  0.734  0.000  0.000  0.806
   0.95238     -3.007570  0.038  0.000  0.034  0.000  0.000  0.002  0.729  0.000  0.000  0.805
   0.92664     -3.007086  0.038  0.002  0.034  0.000  0.000  0.008  0.718  0.000  0.000  0.804
   0.90090     -3.005655  0.040  0.002  0.034  0.000  0.000  0.024  0.698  0.000  0.001  0.803
   0.87516     -3.002681  0.040  0.005  0.034  0.000  0.000  0.053  0.665  0.000  0.002  0.799
   0.84942     -2.997655  0.039  0.009  0.035  0.000  0.000  0.088  0.621  0.000  0.003  0.798
   0.82368     -2.990246  0.040  0.013  0.035  0.000  0.000  0.127  0.575  0.000  0.006  0.794
   0.79794     -2.980265  0.039  0.016  0.037  0.000  0.000  0.161  0.530  0.000  0.006  0.790
   0.77220     -2.967584  0.041  0.021  0.038  0.000  0.000  0.190  0.486  0.000  0.006  0.783
   0.74646     -2.952074  0.042  0.026  0.041  0.000  0.000  0.214  0.445  0.000  0.006  0.774
   0.72072     -2.933589  0.044  0.032  0.044  0.000  0.000  0.232  0.405  0.000  0.006  0.764
   0.69498     -2.911982  0.048  0.037  0.049  0.000  0.000  0.245  0.366  0.000  0.006  0.751
   0.66924     -2.887150  0.051  0.042  0.053  0.000  0.000  0.257  0.326  0.000  0.006  0.737
   0.64350     -2.859108  0.057  0.049  0.059  0.000  0.000  0.264  0.283  0.000  0.007  0.720
   0.61776     -2.828125  0.063  0.056  0.065  0.000  0.000  0.271  0.239  0.000  0.010  0.704
   0.59202     -2.794926  0.070  0.063  0.070  0.000  0.000  0.278  0.192  0.000  0.012  0.685
   0.56628     -2.761002  0.078  0.073  0.074  0.000  0.000  0.284  0.142  0.000  0.017  0.669
   0.54054     -2.728990  0.089  0.080  0.075  0.000  0.000  0.292  0.093  0.000  0.027  0.657
   0.51480     -2.702866  0.100  0.086  0.070  0.000  0.000  0.300  0.051  0.000  0.046  0.654
   0.48906     -2.687181  0.107  0.091  0.061  0.000  0.000  0.304  0.022  0.000  0.076  0.662
   0.46332     -2.684701  0.111  0.090  0.049  0.000  0.000  0.301  0.013  0.000  0.117  0.683
   0.43758     -2.694229  0.108  0.087  0.037  0.000  0.000  0.294  0.025  0.000  0.160  0.711
   0.41184     -2.711609  0.101  0.079  0.028  0.000  0.000  0.283  0.046  0.000  0.201  0.738
   0.38610     -2.732530  0.093  0.070  0.023  0.000  0.000  0.271  0.072  0.000  0.235  0.762
   0.36036     -2.753998  0.084  0.060  0.018  0.000  0.000  0.259  0.097  0.000  0.263  0.781
   0.33462     -2.774333  0.076  0.054  0.015  0.000  0.000  0.247  0.120  0.000  0.287  0.798
   0.30888     -2.792733  0.068  0.046  0.012  0.000  0.000  0.238  0.142  0.000  0.304  0.812
   0.28314     -2.808897  0.063  0.040  0.010  0.000  0.000  0.228  0.161  0.000  0.319  0.823
   0.25740     -2.822797  0.055  0.036  0.010  0.000  0.000  0.219  0.178  0.000  0.332  0.834
   0.23166     -2.834544  0.051  0.031  0.009  0.000  0.000  0.213  0.194  0.000  0.342  0.841
   0.20592     -2.844318  0.047  0.027  0.007  0.000  0.000  0.207  0.207  0.000  0.351  0.848
   0.18018     -2.852325  0.042  0.025  0.007  0.000  0.000  0.202  0.218  0.000  0.358  0.855
   0.15444     -2.858776  0.040  0.023  0.006  0.000  0.000  0.199  0.227  0.000  0.363  0.858
   0.12870     -2.863869  0.038  0.020  0.006  0.000  0.000  0.196  0.235  0.000  0.368  0.864
   0.10296     -2.867780  0.034  0.019  0.006  0.000  0.000  0.194  0.240  0.000  0.371  0.865
   0.07722     -2.870662  0.034  0.019  0.006  0.000  0.000  0.193  0.245  0.000  0.373  0.867
   0.05148     -2.872633  0.031  0.017  0.006  0.000  0.000  0.192  0.247  0.000  0.375  0.869
   0.02574     -2.873780  0.030  0.017  0.006  0.000  0.000  0.192  0.249  0.000  0.376  0.870
   0.00000     -2.874157  0.030  0.017  0.006  0.000  0.000  0.192  0.250  0.000  0.376  0.871
 
# Band-Index:   15
   0.00000     -2.548583  0.008  0.013  0.074  0.000  0.000  0.530  0.108  0.000  0.077  0.809
   0.02574     -2.547637  0.008  0.014  0.074  0.000  0.000  0.529  0.107  0.000  0.077  0.809
   0.05148     -2.544766  0.008  0.014  0.074  0.000  0.000  0.528  0.105  0.000  0.077  0.806
   0.07722     -2.539868  0.008  0.014  0.074  0.000  0.000  0.525  0.102  0.000  0.077  0.804
   0.10296     -2.532778  0.008  0.015  0.077  0.000  0.000  0.521  0.099  0.000  0.078  0.799
   0.12870     -2.523260  0.008  0.016  0.077  0.000  0.000  0.516  0.094  0.000  0.080  0.794
   0.15444     -2.511013  0.009  0.018  0.079  0.000  0.000  0.509  0.088  0.000  0.082  0.786
   0.18018     -2.495672  0.009  0.019  0.082  0.000  0.000  0.500  0.083  0.000  0.085  0.779
   0.20592     -2.476812  0.011  0.022  0.083  0.000  0.000  0.488  0.076  0.000  0.087  0.769
   0.23166     -2.453950  0.011  0.024  0.085  0.000  0.000  0.476  0.070  0.000  0.093  0.759
   0.25740     -2.426561  0.012  0.028  0.088  0.000  0.000  0.460  0.064  0.000  0.097  0.746
   0.28314     -2.394090  0.011  0.033  0.090  0.000  0.000  0.442  0.057  0.000  0.101  0.734
   0.30888     -2.355981  0.011  0.037  0.093  0.000  0.000  0.421  0.050  0.000  0.106  0.720
   0.33462     -2.311697  0.012  0.041  0.096  0.000  0.000  0.399  0.044  0.000  0.111  0.703
   0.36036     -2.260767  0.013  0.047  0.099  0.000  0.000  0.376  0.037  0.000  0.116  0.686
   0.38610     -2.202825  0.013  0.052  0.103  0.000  0.000  0.351  0.031  0.000  0.119  0.670
   0.41184     -2.137746  0.013  0.061  0.111  0.000  0.000  0.321  0.023  0.000  0.116  0.643
   0.43758     -2.087254  0.021  0.099  0.171  0.000  0.000  0.004  0.168  0.000  0.081  0.543
   0.46332     -2.113477  0.030  0.091  0.123  0.000  0.000  0.005  0.221  0.000  0.162  0.634
   0.48906     -2.114140  0.041  0.104  0.095  0.000  0.000  0.006  0.226  0.000  0.187  0.661
   0.51480     -2.085083  0.055  0.123  0.071  0.000  0.000  0.011  0.214  0.000  0.199  0.673
   0.54054     -2.028117  0.071  0.145  0.053  0.000  0.000  0.017  0.191  0.000  0.197  0.672
   0.56628     -1.947688  0.084  0.167  0.038  0.000  0.000  0.020  0.165  0.000  0.185  0.663
   0.59202     -1.848450  0.094  0.190  0.030  0.000  0.000  0.021  0.141  0.000  0.173  0.648
   0.61776     -1.734355  0.100  0.214  0.023  0.000  0.000  0.022  0.119  0.000  0.157  0.634
   0.64350     -1.608662  0.103  0.235  0.018  0.000  0.000  0.021  0.101  0.000  0.142  0.619
   0.66924     -1.474152  0.103  0.254  0.012  0.000  0.000  0.019  0.085  0.000  0.130  0.606
   0.69498     -1.333315  0.099  0.275  0.010  0.000  0.000  0.018  0.072  0.000  0.122  0.593
   0.72072     -1.188504  0.093  0.291  0.006  0.000  0.000  0.017  0.060  0.000  0.114  0.582
   0.74646     -1.042152  0.083  0.303  0.005  0.004  0.003  0.015  0.050  0.000  0.108  0.571
   0.77220     -0.943724  0.000  0.000  0.000  0.338  0.187  0.000  0.000  0.030  0.000  0.555
   0.79794     -0.853820  0.000  0.000  0.000  0.336  0.187  0.000  0.000  0.036  0.000  0.559
   0.82368     -0.760440  0.000  0.000  0.000  0.335  0.188  0.000  0.000  0.040  0.000  0.563
   0.84942     -0.663819  0.000  0.000  0.000  0.333  0.189  0.000  0.000  0.045  0.000  0.568
   0.87516     -0.564239  0.000  0.000  0.000  0.330  0.192  0.000  0.000  0.051  0.000  0.573
   0.90090     -0.462048  0.000  0.000  0.000  0.325  0.195  0.000  0.000  0.058  0.000  0.580
   0.92664     -0.357712  0.000  0.000  0.000  0.319  0.201  0.000  0.000  0.067  0.000  0.587
   0.95238     -0.252044  0.000  0.000  0.000  0.308  0.212  0.000  0.000  0.077  0.000  0.599
   0.97812     -0.147579  0.000  0.000  0.000  0.280  0.243  0.000  0.000  0.098  0.000  0.620
   1.00386     -0.076195  0.000  0.146  0.000  0.039  0.072  0.117  0.000  0.031  0.275  0.681
   1.00386     -0.076195  0.000  0.146  0.000  0.039  0.072  0.117  0.000  0.031  0.275  0.681
   1.02960     -0.156740  0.000  0.277  0.000  0.000  0.000  0.098  0.000  0.000  0.245  0.621
   1.05534     -0.286993  0.004  0.304  0.003  0.000  0.000  0.076  0.001  0.000  0.210  0.597
   1.08107     -0.433109  0.008  0.310  0.005  0.000  0.000  0.063  0.003  0.000  0.196  0.584
   1.10681     -0.589489  0.014  0.308  0.007  0.000  0.000  0.052  0.006  0.000  0.187  0.574
   1.13255     -0.752444  0.018  0.303  0.013  0.000  0.000  0.044  0.009  0.000  0.180  0.569
   1.15829     -0.918740  0.026  0.297  0.015  0.000  0.000  0.036  0.014  0.000  0.176  0.563
   1.18403     -1.085304  0.030  0.289  0.019  0.000  0.000  0.027  0.020  0.000  0.172  0.560
   1.20977     -1.249031  0.035  0.281  0.024  0.000  0.000  0.020  0.028  0.000  0.169  0.557
   1.23551     -1.406562  0.038  0.271  0.027  0.000  0.000  0.015  0.041  0.000  0.164  0.556
   1.26125     -1.554040  0.040  0.259  0.032  0.000  0.000  0.011  0.056  0.000  0.159  0.557
   1.28699     -1.686898  0.040  0.246  0.038  0.000  0.000  0.009  0.075  0.000  0.153  0.559
   1.31273     -1.799878  0.037  0.231  0.044  0.000  0.000  0.012  0.100  0.000  0.143  0.566
   1.33847     -1.887606  0.033  0.213  0.054  0.000  0.000  0.017  0.127  0.000  0.130  0.574
   1.36421     -1.945959  0.029  0.196  0.062  0.000  0.000  0.027  0.155  0.000  0.110  0.581
   1.38995     -1.973688  0.023  0.180  0.072  0.000  0.000  0.038  0.179  0.000  0.093  0.586
   1.41569     -1.973027  0.018  0.167  0.084  0.000  0.000  0.046  0.195  0.000  0.077  0.588
   1.44143     -1.948848  0.015  0.156  0.095  0.000  0.000  0.048  0.204  0.000  0.063  0.585
   1.46717     -1.907406  0.013  0.153  0.106  0.000  0.000  0.044  0.205  0.000  0.055  0.576
   1.49291     -1.855780  0.009  0.150  0.118  0.000  0.000  0.034  0.202  0.000  0.050  0.566
   1.51865     -1.802135  0.008  0.152  0.127  0.000  0.000  0.022  0.194  0.000  0.051  0.557
   1.54439     -1.756278  0.004  0.155  0.134  0.000  0.000  0.011  0.184  0.000  0.058  0.547
   1.57013     -1.729315  0.004  0.155  0.136  0.000  0.000  0.007  0.170  0.000  0.075  0.548
   1.59587     -1.730732  0.006  0.151  0.132  0.000  0.000  0.017  0.155  0.000  0.098  0.559
   1.62161     -1.763588  0.007  0.143  0.124  0.000  0.000  0.041  0.140  0.000  0.125  0.579
   1.64735     -1.822974  0.012  0.130  0.112  0.000  0.000  0.074  0.130  0.000  0.150  0.606
   1.67309     -1.899853  0.017  0.114  0.103  0.000  0.000  0.109  0.124  0.000  0.170  0.634
   1.69883     -1.985467  0.018  0.099  0.095  0.000  0.000  0.143  0.120  0.000  0.184  0.661
   1.72457     -2.073085  0.020  0.086  0.087  0.000  0.000  0.178  0.122  0.000  0.192  0.686
   1.75031     -2.157991  0.021  0.073  0.084  0.000  0.000  0.212  0.126  0.000  0.194  0.709
   1.77605     -2.237003  0.021  0.060  0.079  0.000  0.000  0.248  0.130  0.000  0.190  0.728
   1.80179     -2.308049  0.018  0.050  0.076  0.000  0.000  0.285  0.134  0.000  0.182  0.748
   1.82753     -2.369880  0.017  0.040  0.074  0.000  0.000  0.324  0.136  0.000  0.170  0.763
   1.85327     -2.421898  0.016  0.032  0.073  0.000  0.000  0.363  0.136  0.000  0.153  0.777
   1.87901     -2.464032  0.014  0.027  0.074  0.000  0.000  0.404  0.133  0.000  0.135  0.786
   1.90475     -2.496656  0.013  0.021  0.073  0.000  0.000  0.443  0.128  0.000  0.115  0.795
   1.93049     -2.520500  0.012  0.017  0.072  0.000  0.000  0.478  0.122  0.000  0.099  0.801
   1.95623     -2.536506  0.009  0.015  0.073  0.000  0.000  0.506  0.115  0.000  0.087  0.805
   1.98197     -2.545630  0.008  0.013  0.074  0.000  0.000  0.524  0.110  0.000  0.079  0.809
   2.00771     -2.548583  0.008  0.013  0.074  0.000  0.000  0.530  0.108  0.000  0.077  0.809
 
# Band-Index:   16
   2.00771     -1.988691  0.000  0.000  0.000  0.372  0.009  0.000  0.000  0.078  0.000  0.460
   1.98197     -1.984814  0.000  0.000  0.000  0.372  0.011  0.000  0.000  0.078  0.000  0.461
   1.95623     -1.973319  0.000  0.000  0.000  0.370  0.017  0.000  0.000  0.078  0.000  0.466
   1.93049     -1.954591  0.000  0.000  0.000  0.367  0.026  0.000  0.000  0.077  0.000  0.470
   1.90475     -1.929192  0.000  0.000  0.000  0.363  0.039  0.000  0.000  0.077  0.000  0.478
   1.87901     -1.897781  0.000  0.000  0.000  0.359  0.050  0.000  0.000  0.076  0.000  0.485
   1.85327     -1.861032  0.000  0.000  0.000  0.355  0.062  0.000  0.000  0.075  0.000  0.492
   1.82753     -1.819588  0.000  0.000  0.000  0.352  0.074  0.000  0.000  0.074  0.000  0.499
   1.80179     -1.774030  0.000  0.000  0.000  0.348  0.085  0.000  0.000  0.073  0.000  0.506
   1.77605     -1.724863  0.000  0.000  0.000  0.346  0.094  0.000  0.000  0.072  0.000  0.512
   1.75031     -1.672522  0.000  0.000  0.000  0.344  0.102  0.000  0.000  0.071  0.000  0.517
   1.72457     -1.617377  0.000  0.000  0.000  0.342  0.108  0.000  0.000  0.070  0.000  0.522
   1.69883     -1.559746  0.000  0.000  0.000  0.343  0.116  0.000  0.000  0.069  0.000  0.526
   1.67309     -1.499904  0.000  0.000  0.000  0.343  0.120  0.000  0.000  0.068  0.000  0.529
   1.64735     -1.438096  0.000  0.000  0.000  0.344  0.123  0.000  0.000  0.067  0.000  0.532
   1.62161     -1.374542  0.000  0.000  0.000  0.344  0.125  0.000  0.000  0.063  0.000  0.533
   1.59587     -1.309451  0.000  0.000  0.000  0.346  0.126  0.000  0.000  0.060  0.000  0.534
   1.57013     -1.243021  0.000  0.000  0.000  0.348  0.128  0.000  0.000  0.058  0.000  0.535
   1.54439     -1.175453  0.000  0.000  0.000  0.351  0.129  0.000  0.000  0.055  0.000  0.535
   1.51865     -1.106948  0.000  0.000  0.000  0.354  0.129  0.000  0.000  0.053  0.000  0.536
   1.49291     -1.037724  0.000  0.000  0.000  0.358  0.128  0.000  0.000  0.050  0.000  0.536
   1.46717     -0.968008  0.000  0.000  0.000  0.360  0.127  0.000  0.000  0.047  0.000  0.536
   1.44143     -0.898050  0.000  0.000  0.000  0.364  0.126  0.000  0.000  0.044  0.000  0.536
   1.41569     -0.828123  0.000  0.000  0.000  0.368  0.125  0.000  0.000  0.040  0.000  0.534
   1.38995     -0.758530  0.000  0.000  0.000  0.371  0.126  0.000  0.000  0.037  0.000  0.534
   1.36421     -0.689610  0.000  0.000  0.000  0.374  0.126  0.000  0.000  0.033  0.000  0.533
   1.33847     -0.621736  0.000  0.000  0.000  0.377  0.126  0.000  0.000  0.030  0.000  0.533
   1.31273     -0.555324  0.000  0.000  0.000  0.379  0.126  0.000  0.000  0.029  0.000  0.536
   1.28699     -0.490834  0.000  0.000  0.000  0.381  0.129  0.000  0.000  0.027  0.000  0.534
   1.26125     -0.428772  0.000  0.000  0.000  0.381  0.133  0.000  0.000  0.025  0.000  0.538
   1.23551     -0.369688  0.000  0.000  0.000  0.378  0.139  0.000  0.000  0.025  0.000  0.541
   1.20977     -0.314173  0.000  0.000  0.000  0.374  0.147  0.000  0.000  0.027  0.000  0.547
   1.18403     -0.262848  0.000  0.000  0.000  0.363  0.160  0.000  0.000  0.031  0.000  0.554
   1.15829     -0.216356  0.000  0.000  0.000  0.349  0.175  0.000  0.000  0.040  0.000  0.565
   1.13255     -0.175342  0.000  0.000  0.000  0.329  0.198  0.000  0.000  0.052  0.000  0.581
   1.10681     -0.140445  0.000  0.000  0.000  0.302  0.228  0.000  0.000  0.070  0.000  0.600
   1.08107     -0.112284  0.000  0.000  0.000  0.268  0.264  0.000  0.000  0.094  0.000  0.625
   1.05534     -0.091475  0.000  0.000  0.000  0.229  0.302  0.000  0.000  0.118  0.000  0.649
   1.02960     -0.078623  0.000  0.000  0.000  0.198  0.334  0.000  0.000  0.140  0.000  0.672
   1.00386     -0.073772  0.000  0.039  0.000  0.145  0.275  0.031  0.000  0.118  0.072  0.681
   1.00386     -0.073772  0.000  0.039  0.000  0.145  0.275  0.031  0.000  0.118  0.072  0.681
   0.97812     -0.088895  0.000  0.196  0.000  0.000  0.000  0.140  0.000  0.000  0.335  0.672
   0.95238     -0.127729  0.002  0.221  0.003  0.000  0.000  0.117  0.000  0.000  0.300  0.648
   0.92664     -0.190015  0.006  0.256  0.005  0.000  0.000  0.091  0.002  0.000  0.258  0.620
   0.90090     -0.273035  0.012  0.288  0.009  0.000  0.000  0.065  0.005  0.000  0.217  0.592
   0.87516     -0.373897  0.023  0.311  0.006  0.000  0.000  0.043  0.011  0.000  0.178  0.573
   0.84942     -0.489641  0.034  0.325  0.006  0.000  0.000  0.028  0.017  0.000  0.148  0.562
   0.82368     -0.617255  0.047  0.330  0.004  0.000  0.000  0.020  0.025  0.000  0.129  0.558
   0.79794     -0.753745  0.060  0.328  0.003  0.000  0.000  0.017  0.033  0.000  0.116  0.559
   0.77220     -0.896206  0.072  0.320  0.004  0.000  0.000  0.014  0.041  0.000  0.110  0.564
   0.74646     -1.029707  0.000  0.004  0.000  0.335  0.184  0.000  0.001  0.027  0.001  0.553
   0.72072     -1.112130  0.000  0.000  0.000  0.340  0.186  0.000  0.000  0.024  0.000  0.549
   0.69498     -1.190391  0.000  0.000  0.000  0.340  0.185  0.000  0.000  0.022  0.000  0.546
   0.66924     -1.264474  0.000  0.000  0.000  0.341  0.185  0.000  0.000  0.021  0.000  0.546
   0.64350     -1.334291  0.000  0.000  0.000  0.341  0.182  0.000  0.000  0.020  0.000  0.543
   0.61776     -1.399784  0.000  0.000  0.000  0.340  0.181  0.000  0.000  0.020  0.000  0.542
   0.59202     -1.486401  0.018  0.095  0.103  0.000  0.000  0.195  0.011  0.000  0.176  0.598
   0.56628     -1.597059  0.017  0.089  0.105  0.000  0.000  0.209  0.011  0.000  0.171  0.603
   0.54054     -1.702864  0.015  0.083  0.104  0.000  0.000  0.224  0.014  0.000  0.166  0.610
   0.51480     -1.803071  0.016  0.079  0.104  0.000  0.000  0.243  0.016  0.000  0.162  0.620
   0.48906     -1.897024  0.015  0.073  0.102  0.000  0.000  0.264  0.020  0.000  0.158  0.633
   0.46332     -1.984130  0.016  0.064  0.099  0.000  0.000  0.288  0.026  0.000  0.158  0.651
   0.43758     -2.062651  0.021  0.044  0.073  0.000  0.000  0.317  0.064  0.000  0.210  0.728
   0.41184     -2.036372  0.029  0.071  0.155  0.000  0.000  0.029  0.186  0.000  0.151  0.618
   0.38610     -1.974102  0.029  0.072  0.177  0.000  0.000  0.028  0.155  0.000  0.124  0.584
   0.36036     -1.903200  0.031  0.074  0.191  0.000  0.000  0.029  0.130  0.000  0.108  0.563
   0.33462     -1.853371  0.000  0.000  0.000  0.341  0.127  0.000  0.000  0.057  0.000  0.524
   0.30888     -1.874822  0.000  0.000  0.000  0.343  0.118  0.000  0.000  0.061  0.000  0.522
   0.28314     -1.893965  0.000  0.000  0.000  0.345  0.107  0.000  0.000  0.065  0.000  0.517
   0.25740     -1.910985  0.000  0.000  0.000  0.348  0.096  0.000  0.000  0.068  0.000  0.512
   0.23166     -1.926060  0.000  0.000  0.000  0.350  0.084  0.000  0.000  0.070  0.000  0.506
   0.20592     -1.939337  0.000  0.000  0.000  0.353  0.071  0.000  0.000  0.075  0.000  0.499
   0.18018     -1.950931  0.000  0.000  0.000  0.357  0.059  0.000  0.000  0.076  0.000  0.492
   0.15444     -1.960924  0.000  0.000  0.000  0.360  0.048  0.000  0.000  0.077  0.000  0.485
   0.12870     -1.969370  0.000  0.000  0.000  0.363  0.037  0.000  0.000  0.078  0.000  0.479
   0.10296     -1.976294  0.000  0.000  0.000  0.366  0.028  0.000  0.000  0.078  0.000  0.473
   0.07722     -1.981699  0.000  0.000  0.000  0.370  0.019  0.000  0.000  0.078  0.000  0.468
   0.05148     -1.985576  0.000  0.000  0.000  0.371  0.014  0.000  0.000  0.078  0.000  0.465
   0.02574     -1.987911  0.000  0.000  0.000  0.372  0.010  0.000  0.000  0.078  0.000  0.462
   0.00000     -1.988691  0.000  0.000  0.000  0.372  0.009  0.000  0.000  0.078  0.000  0.460
 
# Band-Index:   17
   0.00000     -1.242113  0.046  0.065  0.254  0.000  0.000  0.029  0.030  0.000  0.067  0.493
   0.02574     -1.245645  0.047  0.065  0.254  0.000  0.000  0.029  0.030  0.000  0.068  0.493
   0.05148     -1.256282  0.046  0.066  0.253  0.000  0.000  0.029  0.032  0.000  0.068  0.493
   0.07722     -1.274140  0.045  0.066  0.253  0.000  0.000  0.029  0.033  0.000  0.069  0.494
   0.10296     -1.299371  0.042  0.067  0.252  0.000  0.000  0.029  0.034  0.000  0.071  0.496
   0.12870     -1.332111  0.042  0.068  0.250  0.000  0.000  0.029  0.037  0.000  0.070  0.498
   0.15444     -1.372417  0.040  0.071  0.247  0.000  0.000  0.029  0.040  0.000  0.071  0.500
   0.18018     -1.420203  0.040  0.072  0.244  0.000  0.000  0.029  0.044  0.000  0.074  0.503
   0.20592     -1.475175  0.038  0.074  0.240  0.000  0.000  0.029  0.049  0.000  0.076  0.507
   0.23166     -1.536786  0.037  0.074  0.235  0.000  0.000  0.030  0.057  0.000  0.078  0.511
   0.25740     -1.604202  0.035  0.074  0.230  0.000  0.000  0.030  0.065  0.000  0.080  0.517
   0.28314     -1.676270  0.035  0.075  0.222  0.000  0.000  0.030  0.079  0.000  0.086  0.524
   0.30888     -1.751483  0.034  0.074  0.213  0.000  0.000  0.030  0.092  0.000  0.091  0.535
   0.33462     -1.827914  0.033  0.074  0.204  0.000  0.000  0.030  0.108  0.000  0.097  0.546
   0.36036     -1.829325  0.000  0.000  0.000  0.339  0.136  0.000  0.000  0.053  0.000  0.529
   0.38610     -1.802530  0.000  0.000  0.000  0.339  0.144  0.000  0.000  0.048  0.000  0.532
   0.41184     -1.772706  0.000  0.000  0.000  0.339  0.152  0.000  0.000  0.043  0.000  0.534
   0.43758     -1.739613  0.000  0.000  0.000  0.339  0.158  0.000  0.000  0.038  0.000  0.535
   0.46332     -1.703019  0.000  0.000  0.000  0.339  0.163  0.000  0.000  0.034  0.000  0.537
   0.48906     -1.662707  0.000  0.000  0.000  0.341  0.168  0.000  0.000  0.029  0.000  0.538
   0.51480     -1.618485  0.000  0.000  0.000  0.340  0.172  0.000  0.000  0.026  0.000  0.538
   0.54054     -1.570190  0.000  0.000  0.000  0.340  0.175  0.000  0.000  0.023  0.000  0.540
   0.56628     -1.517692  0.000  0.000  0.000  0.342  0.178  0.000  0.000  0.020  0.000  0.540
   0.59202     -1.460896  0.000  0.000  0.000  0.341  0.179  0.000  0.000  0.020  0.000  0.542
   0.61776     -1.371663  0.018  0.101  0.102  0.000  0.000  0.183  0.009  0.000  0.182  0.594
   0.64350     -1.253755  0.021  0.107  0.100  0.000  0.000  0.173  0.008  0.000  0.187  0.594
   0.66924     -1.133551  0.021  0.113  0.098  0.000  0.000  0.166  0.007  0.000  0.193  0.596
   0.69498     -1.011998  0.022  0.120  0.093  0.000  0.000  0.160  0.007  0.000  0.196  0.598
   0.72072     -0.890094  0.025  0.130  0.086  0.000  0.000  0.156  0.006  0.000  0.200  0.602
   0.74646     -0.768914  0.026  0.141  0.079  0.000  0.000  0.153  0.005  0.000  0.203  0.607
   0.77220     -0.649641  0.028  0.155  0.070  0.000  0.000  0.149  0.005  0.000  0.203  0.612
   0.79794     -0.533625  0.028  0.176  0.060  0.000  0.000  0.145  0.007  0.000  0.202  0.616
   0.82368     -0.422462  0.030  0.203  0.048  0.000  0.000  0.138  0.007  0.000  0.193  0.616
   0.84942     -0.318085  0.028  0.237  0.036  0.000  0.000  0.126  0.008  0.000  0.177  0.613
   0.87516     -0.222852  0.025  0.281  0.024  0.000  0.000  0.111  0.007  0.000  0.155  0.603
   0.90090     -0.139538  0.021  0.332  0.013  0.000  0.000  0.088  0.006  0.000  0.124  0.585
   0.92664     -0.071123  0.015  0.388  0.005  0.000  0.000  0.062  0.005  0.000  0.088  0.561
   0.95238     -0.020360  0.008  0.440  0.002  0.000  0.000  0.033  0.003  0.000  0.051  0.534
   0.97812      0.010739  0.003  0.478  0.000  0.000  0.000  0.009  0.001  0.000  0.020  0.511
   1.00386      0.017068  0.000  0.104  0.000  0.391  0.006  0.000  0.000  0.000  0.002  0.503
   1.00386      0.017068  0.000  0.104  0.000  0.391  0.006  0.000  0.000  0.000  0.002  0.503
   1.02960      0.018130  0.000  0.000  0.000  0.480  0.022  0.000  0.000  0.009  0.000  0.511
   1.05534      0.018045  0.000  0.000  0.000  0.446  0.055  0.000  0.000  0.034  0.000  0.533
   1.08107      0.017580  0.000  0.000  0.000  0.405  0.092  0.000  0.000  0.065  0.000  0.561
   1.10681      0.016599  0.000  0.000  0.000  0.364  0.126  0.000  0.000  0.094  0.000  0.587
   1.13255      0.015085  0.000  0.000  0.000  0.332  0.157  0.000  0.000  0.120  0.000  0.608
   1.15829      0.013111  0.000  0.000  0.000  0.305  0.177  0.000  0.000  0.143  0.000  0.626
   1.18403      0.010796  0.000  0.000  0.000  0.282  0.194  0.000  0.000  0.161  0.000  0.638
   1.20977      0.008280  0.000  0.000  0.000  0.268  0.206  0.000  0.000  0.175  0.000  0.648
   1.23551      0.005701  0.000  0.000  0.000  0.255  0.212  0.000  0.000  0.189  0.000  0.655
   1.26125      0.003202  0.000  0.000  0.000  0.244  0.217  0.000  0.000  0.201  0.000  0.661
   1.28699      0.000913  0.000  0.000  0.000  0.237  0.217  0.000  0.000  0.210  0.000  0.665
   1.31273     -0.001049  0.000  0.000  0.000  0.232  0.215  0.000  0.000  0.219  0.000  0.666
   1.33847     -0.002673  0.000  0.002  0.000  0.225  0.209  0.002  0.000  0.224  0.002  0.668
   1.36421     -0.056431  0.098  0.172  0.046  0.000  0.000  0.182  0.041  0.000  0.135  0.673
   1.38995     -0.122347  0.102  0.162  0.044  0.000  0.000  0.196  0.041  0.000  0.138  0.684
   1.41569     -0.192237  0.107  0.152  0.040  0.000  0.000  0.216  0.039  0.000  0.142  0.698
   1.44143     -0.265947  0.111  0.143  0.035  0.000  0.000  0.239  0.036  0.000  0.150  0.714
   1.46717     -0.342805  0.115  0.129  0.028  0.000  0.000  0.265  0.032  0.000  0.161  0.732
   1.49291     -0.420711  0.119  0.115  0.023  0.000  0.000  0.292  0.026  0.000  0.175  0.751
   1.51865     -0.494812  0.121  0.098  0.018  0.000  0.000  0.320  0.024  0.000  0.187  0.769
   1.54439     -0.556463  0.123  0.079  0.019  0.000  0.000  0.340  0.026  0.000  0.195  0.782
   1.57013     -0.594012  0.121  0.063  0.024  0.000  0.000  0.350  0.032  0.000  0.192  0.787
   1.59587     -0.597214  0.119  0.055  0.037  0.000  0.000  0.350  0.044  0.000  0.175  0.783
   1.62161     -0.570441  0.116  0.073  0.072  0.000  0.000  0.302  0.069  0.000  0.110  0.745
   1.64735     -0.607300  0.055  0.076  0.211  0.000  0.000  0.080  0.084  0.000  0.062  0.567
   1.67309     -0.678650  0.045  0.070  0.227  0.000  0.000  0.057  0.079  0.000  0.069  0.545
   1.69883     -0.749181  0.044  0.068  0.231  0.000  0.000  0.054  0.076  0.000  0.069  0.540
   1.72457     -0.816958  0.044  0.068  0.233  0.000  0.000  0.053  0.069  0.000  0.069  0.535
   1.75031     -0.881532  0.044  0.067  0.236  0.000  0.000  0.052  0.066  0.000  0.068  0.531
   1.77605     -0.942537  0.044  0.067  0.239  0.000  0.000  0.051  0.061  0.000  0.068  0.527
   1.80179     -0.999541  0.043  0.066  0.240  0.000  0.000  0.048  0.056  0.000  0.067  0.523
   1.82753     -1.052032  0.045  0.066  0.242  0.000  0.000  0.044  0.052  0.000  0.067  0.518
   1.85327     -1.099426  0.045  0.065  0.244  0.000  0.000  0.042  0.047  0.000  0.067  0.513
   1.87901     -1.141091  0.046  0.065  0.247  0.000  0.000  0.038  0.043  0.000  0.067  0.508
   1.90475     -1.176371  0.045  0.065  0.249  0.000  0.000  0.036  0.038  0.000  0.067  0.503
   1.93049     -1.204626  0.046  0.065  0.251  0.000  0.000  0.033  0.035  0.000  0.067  0.499
   1.95623     -1.225284  0.045  0.065  0.253  0.000  0.000  0.031  0.032  0.000  0.067  0.496
   1.98197     -1.237879  0.045  0.065  0.254  0.000  0.000  0.030  0.031  0.000  0.067  0.494
   2.00771     -1.242113  0.046  0.065  0.254  0.000  0.000  0.029  0.030  0.000  0.067  0.493
 
# Band-Index:   18
   2.00771      0.107139  0.000  0.000  0.000  0.261  0.041  0.000  0.000  0.319  0.000  0.621
   1.98197      0.106580  0.000  0.000  0.000  0.261  0.041  0.000  0.000  0.319  0.000  0.622
   1.95623      0.104919  0.000  0.000  0.000  0.260  0.043  0.000  0.000  0.319  0.000  0.622
   1.93049      0.102194  0.000  0.000  0.000  0.260  0.046  0.000  0.000  0.318  0.000  0.624
   1.90475      0.098472  0.000  0.000  0.000  0.257  0.049  0.000  0.000  0.317  0.000  0.625
   1.87901      0.093842  0.000  0.000  0.000  0.255  0.054  0.000  0.000  0.316  0.000  0.626
   1.85327      0.088411  0.000  0.000  0.000  0.254  0.060  0.000  0.000  0.315  0.000  0.628
   1.82753      0.082304  0.000  0.000  0.000  0.250  0.066  0.000  0.000  0.314  0.000  0.631
   1.80179      0.075654  0.000  0.000  0.000  0.248  0.073  0.000  0.000  0.311  0.000  0.633
   1.77605      0.068597  0.000  0.000  0.000  0.246  0.080  0.000  0.000  0.309  0.000  0.637
   1.75031      0.023732  0.074  0.042  0.148  0.000  0.000  0.196  0.072  0.000  0.147  0.679
   1.72457     -0.116330  0.076  0.040  0.137  0.000  0.000  0.212  0.072  0.000  0.148  0.684
   1.69883     -0.250157  0.080  0.036  0.125  0.000  0.000  0.230  0.069  0.000  0.154  0.694
   1.67309     -0.371519  0.082  0.033  0.113  0.000  0.000  0.246  0.065  0.000  0.166  0.703
   1.64735     -0.471027  0.078  0.024  0.110  0.000  0.000  0.247  0.056  0.000  0.186  0.699
   1.62161     -0.504103  0.023  0.025  0.228  0.000  0.000  0.047  0.061  0.000  0.157  0.543
   1.59587     -0.432188  0.024  0.046  0.248  0.000  0.000  0.015  0.074  0.000  0.114  0.520
   1.57013     -0.343619  0.024  0.047  0.248  0.000  0.000  0.014  0.076  0.000  0.114  0.523
   1.54439     -0.245419  0.023  0.046  0.248  0.000  0.000  0.014  0.074  0.000  0.122  0.525
   1.51865     -0.136279  0.021  0.043  0.248  0.000  0.000  0.016  0.069  0.000  0.131  0.528
   1.49291     -0.014867  0.022  0.041  0.250  0.000  0.000  0.019  0.062  0.000  0.141  0.533
   1.46717     -0.000662  0.000  0.000  0.000  0.221  0.184  0.000  0.000  0.259  0.000  0.666
   1.44143     -0.002482  0.000  0.000  0.000  0.221  0.191  0.000  0.000  0.254  0.000  0.668
   1.41569     -0.003540  0.000  0.000  0.000  0.222  0.197  0.000  0.000  0.248  0.000  0.669
   1.38995     -0.003865  0.000  0.000  0.000  0.223  0.203  0.000  0.000  0.241  0.000  0.669
   1.36421     -0.003499  0.000  0.000  0.000  0.225  0.208  0.000  0.000  0.234  0.000  0.669
   1.33847      0.005600  0.089  0.180  0.047  0.004  0.003  0.165  0.040  0.004  0.131  0.662
   1.31273      0.063120  0.086  0.192  0.046  0.000  0.000  0.156  0.041  0.000  0.132  0.653
   1.28699      0.116068  0.081  0.204  0.043  0.000  0.000  0.145  0.040  0.000  0.133  0.646
   1.26125      0.163643  0.075  0.217  0.042  0.000  0.000  0.136  0.037  0.000  0.134  0.640
   1.23551      0.204822  0.067  0.232  0.038  0.000  0.000  0.127  0.031  0.000  0.137  0.634
   1.20977      0.238225  0.058  0.248  0.034  0.000  0.000  0.120  0.027  0.000  0.141  0.628
   1.18403      0.262081  0.050  0.264  0.028  0.000  0.000  0.114  0.023  0.000  0.144  0.623
   1.15829      0.274240  0.040  0.283  0.021  0.000  0.000  0.109  0.019  0.000  0.147  0.617
   1.13255      0.272268  0.029  0.301  0.017  0.000  0.000  0.101  0.014  0.000  0.150  0.611
   1.10681      0.253669  0.021  0.320  0.012  0.000  0.000  0.094  0.008  0.000  0.151  0.605
   1.08107      0.216303  0.012  0.340  0.005  0.000  0.000  0.086  0.004  0.000  0.150  0.597
   1.05534      0.159053  0.006  0.361  0.003  0.000  0.000  0.072  0.002  0.000  0.141  0.585
   1.02960      0.083747  0.000  0.397  0.000  0.000  0.000  0.052  0.001  0.000  0.110  0.562
   1.00386      0.022346  0.000  0.391  0.000  0.103  0.002  0.000  0.000  0.000  0.006  0.503
   1.00386      0.022346  0.000  0.391  0.000  0.103  0.002  0.000  0.000  0.000  0.006  0.503
   0.97812      0.092261  0.000  0.000  0.000  0.397  0.112  0.000  0.000  0.053  0.000  0.562
   0.95238      0.198930  0.000  0.000  0.000  0.369  0.143  0.000  0.000  0.073  0.000  0.587
   0.92664      0.308033  0.000  0.000  0.000  0.357  0.154  0.000  0.000  0.090  0.000  0.600
   0.90090      0.416610  0.000  0.000  0.000  0.352  0.157  0.000  0.000  0.101  0.000  0.611
   0.87516      0.523254  0.000  0.000  0.000  0.347  0.159  0.000  0.000  0.114  0.000  0.621
   0.84942      0.626692  0.000  0.000  0.000  0.345  0.159  0.000  0.000  0.127  0.000  0.631
   0.82368      0.725544  0.000  0.000  0.000  0.341  0.158  0.000  0.000  0.142  0.000  0.640
   0.79794      0.818249  0.000  0.000  0.000  0.339  0.153  0.000  0.000  0.158  0.000  0.651
   0.77220      0.903036  0.000  0.000  0.000  0.337  0.148  0.000  0.000  0.176  0.000  0.661
   0.74646      0.977969  0.000  0.000  0.000  0.334  0.141  0.000  0.000  0.194  0.000  0.669
   0.72072      1.041043  0.000  0.000  0.000  0.330  0.133  0.000  0.000  0.216  0.000  0.677
   0.69498      1.090372  0.000  0.000  0.000  0.326  0.120  0.000  0.000  0.238  0.000  0.684
   0.66924      1.124464  0.000  0.000  0.000  0.321  0.109  0.000  0.000  0.259  0.000  0.688
   0.64350      1.142505  0.000  0.000  0.000  0.314  0.099  0.000  0.000  0.278  0.000  0.691
   0.61776      1.144555  0.000  0.000  0.000  0.310  0.089  0.000  0.000  0.292  0.000  0.690
   0.59202      1.131566  0.000  0.000  0.000  0.302  0.081  0.000  0.000  0.304  0.000  0.687
   0.56628      1.105195  0.000  0.000  0.000  0.296  0.073  0.000  0.000  0.312  0.000  0.683
   0.54054      1.067511  0.000  0.000  0.000  0.291  0.071  0.000  0.000  0.317  0.000  0.678
   0.51480      1.020705  0.000  0.000  0.000  0.284  0.068  0.000  0.000  0.319  0.000  0.671
   0.48906      0.966874  0.000  0.000  0.000  0.280  0.066  0.000  0.000  0.318  0.000  0.664
   0.46332      0.907913  0.000  0.000  0.000  0.277  0.064  0.000  0.000  0.318  0.000  0.659
   0.43758      0.845471  0.000  0.000  0.000  0.275  0.063  0.000  0.000  0.316  0.000  0.653
   0.41184      0.780958  0.000  0.000  0.000  0.272  0.062  0.000  0.000  0.313  0.000  0.648
   0.38610      0.715573  0.000  0.000  0.000  0.271  0.061  0.000  0.000  0.313  0.000  0.643
   0.36036      0.650337  0.000  0.000  0.000  0.268  0.060  0.000  0.000  0.311  0.000  0.639
   0.33462      0.586135  0.000  0.000  0.000  0.266  0.059  0.000  0.000  0.309  0.000  0.634
   0.30888      0.523735  0.000  0.000  0.000  0.266  0.057  0.000  0.000  0.308  0.000  0.631
   0.28314      0.463816  0.000  0.000  0.000  0.265  0.056  0.000  0.000  0.310  0.000  0.629
   0.25740      0.406987  0.000  0.000  0.000  0.264  0.054  0.000  0.000  0.309  0.000  0.626
   0.23166      0.353801  0.000  0.000  0.000  0.264  0.053  0.000  0.000  0.310  0.000  0.626
   0.20592      0.304760  0.000  0.000  0.000  0.263  0.051  0.000  0.000  0.311  0.000  0.624
   0.18018      0.260320  0.000  0.000  0.000  0.262  0.049  0.000  0.000  0.312  0.000  0.623
   0.15444      0.220899  0.000  0.000  0.000  0.263  0.048  0.000  0.000  0.314  0.000  0.623
   0.12870      0.186869  0.000  0.000  0.000  0.262  0.045  0.000  0.000  0.316  0.000  0.622
   0.10296      0.158555  0.000  0.000  0.000  0.262  0.044  0.000  0.000  0.317  0.000  0.622
   0.07722      0.136233  0.000  0.000  0.000  0.261  0.042  0.000  0.000  0.318  0.000  0.623
   0.05148      0.120125  0.000  0.000  0.000  0.260  0.041  0.000  0.000  0.319  0.000  0.620
   0.02574      0.110394  0.000  0.000  0.000  0.261  0.041  0.000  0.000  0.319  0.000  0.621
   0.00000      0.107139  0.000  0.000  0.000  0.261  0.041  0.000  0.000  0.319  0.000  0.621
 
# Band-Index:   19
   0.00000      0.902270  0.127  0.030  0.182  0.000  0.000  0.118  0.027  0.000  0.203  0.686
   0.02574      0.904471  0.125  0.030  0.182  0.000  0.000  0.118  0.027  0.000  0.203  0.686
   0.05148      0.911117  0.125  0.029  0.182  0.000  0.000  0.118  0.027  0.000  0.201  0.685
   0.07722      0.922328  0.127  0.031  0.183  0.000  0.000  0.117  0.026  0.000  0.200  0.684
   0.10296      0.938271  0.124  0.030  0.185  0.000  0.000  0.116  0.026  0.000  0.198  0.682
   0.12870      0.959116  0.123  0.032  0.187  0.000  0.000  0.116  0.026  0.000  0.196  0.680
   0.15444      0.984976  0.122  0.031  0.188  0.000  0.000  0.115  0.026  0.000  0.192  0.677
   0.18018      1.015852  0.120  0.032  0.192  0.000  0.000  0.113  0.026  0.000  0.190  0.673
   0.20592      1.051568  0.115  0.034  0.196  0.000  0.000  0.112  0.026  0.000  0.186  0.670
   0.23166      1.091731  0.111  0.038  0.201  0.000  0.000  0.110  0.026  0.000  0.182  0.666
   0.25740      1.135703  0.105  0.039  0.207  0.000  0.000  0.108  0.026  0.000  0.179  0.664
   0.28314      1.182585  0.098  0.043  0.212  0.000  0.000  0.106  0.027  0.000  0.175  0.661
   0.30888      1.231245  0.090  0.044  0.222  0.000  0.000  0.103  0.027  0.000  0.170  0.658
   0.33462      1.280373  0.082  0.049  0.230  0.000  0.000  0.100  0.028  0.000  0.165  0.654
   0.36036      1.328581  0.075  0.053  0.241  0.000  0.000  0.095  0.029  0.000  0.158  0.651
   0.38610      1.374543  0.066  0.056  0.250  0.000  0.000  0.092  0.031  0.000  0.153  0.648
   0.41184      1.417150  0.057  0.060  0.259  0.000  0.000  0.087  0.033  0.000  0.148  0.645
   0.43758      1.455659  0.050  0.064  0.271  0.000  0.000  0.082  0.035  0.000  0.141  0.639
   0.46332      1.489761  0.042  0.066  0.281  0.000  0.000  0.077  0.035  0.000  0.134  0.635
   0.48906      1.519578  0.038  0.067  0.289  0.000  0.000  0.072  0.035  0.000  0.129  0.629
   0.51480      1.545563  0.031  0.067  0.298  0.000  0.000  0.067  0.035  0.000  0.124  0.626
   0.54054      1.568372  0.028  0.069  0.307  0.000  0.000  0.062  0.035  0.000  0.119  0.620
   0.56628      1.588740  0.026  0.069  0.316  0.000  0.000  0.058  0.034  0.000  0.114  0.614
   0.59202      1.607386  0.022  0.067  0.326  0.000  0.000  0.053  0.033  0.000  0.108  0.611
   0.61776      1.624964  0.022  0.067  0.336  0.000  0.000  0.049  0.030  0.000  0.102  0.605
   0.64350      1.642024  0.020  0.064  0.349  0.000  0.000  0.044  0.028  0.000  0.096  0.600
   0.66924      1.659013  0.020  0.062  0.361  0.000  0.000  0.040  0.026  0.000  0.089  0.597
   0.69498      1.676273  0.018  0.058  0.375  0.000  0.000  0.036  0.023  0.000  0.083  0.593
   0.72072      1.694041  0.019  0.055  0.389  0.000  0.000  0.032  0.020  0.000  0.076  0.589
   0.74646      1.712446  0.018  0.051  0.407  0.000  0.000  0.028  0.017  0.000  0.068  0.586
   0.77220      1.731500  0.018  0.046  0.424  0.000  0.000  0.024  0.012  0.000  0.059  0.582
   0.79794      1.751066  0.017  0.039  0.441  0.000  0.000  0.020  0.008  0.000  0.051  0.579
   0.82368      1.770820  0.017  0.032  0.462  0.000  0.000  0.016  0.006  0.000  0.042  0.576
   0.84942      1.790196  0.016  0.026  0.480  0.000  0.000  0.012  0.004  0.000  0.034  0.573
   0.87516      1.808360  0.014  0.019  0.498  0.000  0.000  0.009  0.002  0.000  0.026  0.570
   0.90090      1.824268  0.011  0.012  0.512  0.000  0.000  0.006  0.002  0.000  0.019  0.565
   0.92664      1.836915  0.011  0.008  0.524  0.000  0.000  0.003  0.003  0.000  0.011  0.559
   0.95238      1.845707  0.007  0.004  0.532  0.000  0.000  0.002  0.002  0.000  0.005  0.552
   0.97812      1.850681  0.006  0.000  0.534  0.000  0.000  0.000  0.002  0.000  0.001  0.546
   1.00386      1.852260  0.006  0.000  0.535  0.000  0.000  0.000  0.004  0.000  0.000  0.545
   1.00386      1.852260  0.006  0.000  0.535  0.000  0.000  0.000  0.004  0.000  0.000  0.545
   1.02960      1.850588  0.006  0.000  0.534  0.000  0.000  0.000  0.002  0.000  0.001  0.546
   1.05534      1.844223  0.009  0.004  0.532  0.000  0.000  0.002  0.002  0.000  0.005  0.552
   1.08107      1.829711  0.011  0.006  0.523  0.000  0.000  0.003  0.002  0.000  0.011  0.559
   1.10681      1.803034  0.017  0.011  0.510  0.000  0.000  0.005  0.001  0.000  0.019  0.563
   1.13255      1.761211  0.023  0.013  0.493  0.000  0.000  0.007  0.001  0.000  0.029  0.568
   1.15829      1.702918  0.029  0.019  0.470  0.000  0.000  0.010  0.002  0.000  0.040  0.569
   1.18403      1.628064  0.034  0.023  0.445  0.000  0.000  0.012  0.004  0.000  0.055  0.571
   1.20977      1.537164  0.035  0.028  0.420  0.000  0.000  0.015  0.005  0.000  0.068  0.570
   1.23551      1.431060  0.037  0.031  0.393  0.000  0.000  0.020  0.008  0.000  0.083  0.571
   1.26125      1.310940  0.036  0.034  0.367  0.000  0.000  0.024  0.011  0.000  0.099  0.571
   1.28699      1.178435  0.035  0.038  0.339  0.000  0.000  0.027  0.015  0.000  0.112  0.570
   1.31273      1.035638  0.034  0.042  0.317  0.000  0.000  0.030  0.018  0.000  0.127  0.567
   1.33847      0.885035  0.032  0.043  0.296  0.000  0.000  0.034  0.023  0.000  0.137  0.566
   1.36421      0.729401  0.029  0.044  0.281  0.000  0.000  0.035  0.028  0.000  0.144  0.563
   1.38995      0.571730  0.028  0.043  0.266  0.000  0.000  0.034  0.033  0.000  0.152  0.559
   1.41569      0.415199  0.025  0.042  0.258  0.000  0.000  0.034  0.039  0.000  0.154  0.555
   1.44143      0.263132  0.024  0.041  0.253  0.000  0.000  0.029  0.046  0.000  0.153  0.547
   1.46717      0.118834  0.023  0.040  0.250  0.000  0.000  0.024  0.054  0.000  0.150  0.541
   1.49291      0.001940  0.000  0.000  0.000  0.222  0.176  0.000  0.000  0.265  0.000  0.664
   1.51865      0.005300  0.000  0.000  0.000  0.223  0.168  0.000  0.000  0.271  0.000  0.663
   1.54439      0.009412  0.000  0.000  0.000  0.224  0.159  0.000  0.000  0.276  0.000  0.661
   1.57013      0.014234  0.000  0.000  0.000  0.226  0.150  0.000  0.000  0.280  0.000  0.658
   1.59587      0.019709  0.000  0.000  0.000  0.227  0.142  0.000  0.000  0.286  0.000  0.656
   1.62161      0.025766  0.000  0.000  0.000  0.230  0.132  0.000  0.000  0.290  0.000  0.653
   1.64735      0.032319  0.000  0.000  0.000  0.233  0.123  0.000  0.000  0.294  0.000  0.651
   1.67309      0.039269  0.000  0.000  0.000  0.235  0.114  0.000  0.000  0.298  0.000  0.648
   1.69883      0.046501  0.000  0.000  0.000  0.238  0.106  0.000  0.000  0.301  0.000  0.645
   1.72457      0.053896  0.000  0.000  0.000  0.240  0.097  0.000  0.000  0.304  0.000  0.641
   1.75031      0.061342  0.000  0.000  0.000  0.242  0.089  0.000  0.000  0.307  0.000  0.640
   1.77605      0.165127  0.075  0.043  0.158  0.000  0.000  0.183  0.071  0.000  0.148  0.677
   1.80179      0.303280  0.074  0.042  0.167  0.000  0.000  0.171  0.069  0.000  0.152  0.676
   1.82753      0.434109  0.080  0.041  0.173  0.000  0.000  0.160  0.065  0.000  0.158  0.676
   1.85327      0.553717  0.085  0.040  0.178  0.000  0.000  0.150  0.059  0.000  0.165  0.678
   1.87901      0.658655  0.093  0.036  0.182  0.000  0.000  0.141  0.052  0.000  0.176  0.681
   1.90475      0.746230  0.102  0.035  0.183  0.000  0.000  0.134  0.043  0.000  0.184  0.684
   1.93049      0.814753  0.112  0.033  0.184  0.000  0.000  0.127  0.037  0.000  0.191  0.685
   1.95623      0.863543  0.119  0.032  0.183  0.000  0.000  0.122  0.031  0.000  0.198  0.684
   1.98197      0.892623  0.124  0.029  0.182  0.000  0.000  0.119  0.028  0.000  0.202  0.687
   2.00771      0.902270  0.127  0.030  0.182  0.000  0.000  0.118  0.027  0.000  0.203  0.686
 
# Band-Index:   20
   2.00771      1.968457  0.008  0.014  0.060  0.000  0.000  0.271  0.174  0.000  0.050  0.579
   1.98197      1.963278  0.012  0.014  0.060  0.000  0.000  0.269  0.172  0.000  0.052  0.577
   1.95623      1.948456  0.019  0.013  0.059  0.000  0.000  0.261  0.167  0.000  0.055  0.574
   1.93049      1.926035  0.029  0.014  0.057  0.000  0.000  0.251  0.158  0.000  0.060  0.570
   1.90475      1.899016  0.044  0.016  0.054  0.000  0.000  0.238  0.146  0.000  0.065  0.565
   1.87901      1.870705  0.061  0.016  0.051  0.000  0.000  0.225  0.130  0.000  0.075  0.561
   1.85327      1.843996  0.078  0.015  0.050  0.000  0.000  0.214  0.117  0.000  0.082  0.557
   1.82753      1.820921  0.091  0.016  0.049  0.000  0.000  0.205  0.103  0.000  0.092  0.556
   1.80179      1.802605  0.103  0.015  0.049  0.000  0.000  0.198  0.088  0.000  0.099  0.555
   1.77605      1.789474  0.113  0.015  0.049  0.000  0.000  0.194  0.079  0.000  0.103  0.554
   1.75031      1.781545  0.119  0.016  0.051  0.000  0.000  0.192  0.070  0.000  0.109  0.555
   1.72457      1.778644  0.122  0.016  0.054  0.000  0.000  0.192  0.062  0.000  0.111  0.555
   1.69883      1.780539  0.124  0.016  0.055  0.000  0.000  0.193  0.056  0.000  0.112  0.557
   1.67309      1.787015  0.126  0.017  0.058  0.000  0.000  0.194  0.052  0.000  0.112  0.558
   1.64735      1.797890  0.122  0.016  0.059  0.000  0.000  0.198  0.047  0.000  0.112  0.558
   1.62161      1.813031  0.121  0.016  0.063  0.000  0.000  0.204  0.044  0.000  0.110  0.559
   1.59587      1.832331  0.119  0.017  0.065  0.000  0.000  0.210  0.041  0.000  0.109  0.561
   1.57013      1.855723  0.114  0.020  0.066  0.000  0.000  0.218  0.040  0.000  0.107  0.562
   1.54439      1.883158  0.109  0.020  0.068  0.000  0.000  0.226  0.038  0.000  0.103  0.565
   1.51865      1.914609  0.103  0.020  0.068  0.000  0.000  0.236  0.038  0.000  0.100  0.567
   1.49291      1.950064  0.097  0.021  0.070  0.000  0.000  0.246  0.038  0.000  0.096  0.569
   1.46717      1.989531  0.091  0.024  0.068  0.000  0.000  0.256  0.039  0.000  0.091  0.572
   1.44143      2.033026  0.085  0.024  0.068  0.000  0.000  0.268  0.040  0.000  0.087  0.575
   1.41569      2.080578  0.079  0.027  0.064  0.000  0.000  0.282  0.042  0.000  0.083  0.578
   1.38995      2.132206  0.073  0.029  0.060  0.000  0.000  0.297  0.044  0.000  0.080  0.585
   1.36421      2.187870  0.066  0.032  0.054  0.000  0.000  0.314  0.048  0.000  0.075  0.589
   1.33847      2.247385  0.059  0.035  0.047  0.000  0.000  0.332  0.052  0.000  0.071  0.596
   1.31273      2.310247  0.052  0.034  0.039  0.000  0.000  0.353  0.060  0.000  0.066  0.605
   1.28699      2.375335  0.048  0.036  0.030  0.000  0.000  0.371  0.066  0.000  0.060  0.612
   1.26125      2.440429  0.045  0.037  0.024  0.000  0.000  0.390  0.077  0.000  0.050  0.621
   1.23551      2.501482  0.044  0.035  0.020  0.000  0.000  0.401  0.087  0.000  0.038  0.622
   1.20977      2.551714  0.050  0.032  0.022  0.000  0.000  0.387  0.102  0.000  0.021  0.611
   1.18403      2.581889  0.062  0.025  0.037  0.000  0.000  0.327  0.113  0.000  0.010  0.576
   1.15829      2.586210  0.082  0.019  0.057  0.000  0.000  0.232  0.116  0.000  0.009  0.513
   1.13255      2.571148  0.098  0.012  0.076  0.000  0.000  0.141  0.110  0.000  0.011  0.449
   1.10681      2.550517  0.111  0.006  0.092  0.000  0.000  0.079  0.098  0.000  0.014  0.398
   1.08107      2.534438  0.117  0.004  0.106  0.000  0.000  0.040  0.086  0.000  0.009  0.359
   1.05534      2.526250  0.117  0.002  0.120  0.000  0.000  0.016  0.072  0.000  0.004  0.332
   1.02960      2.524052  0.116  0.000  0.130  0.000  0.000  0.004  0.061  0.000  0.001  0.312
   1.00386      2.523966  0.114  0.000  0.133  0.000  0.000  0.000  0.058  0.000  0.000  0.305
   1.00386      2.523966  0.114  0.000  0.133  0.000  0.000  0.000  0.058  0.000  0.000  0.305
   0.97812      2.524128  0.116  0.000  0.130  0.000  0.000  0.004  0.061  0.000  0.001  0.311
   0.95238      2.527556  0.118  0.002  0.120  0.000  0.000  0.013  0.072  0.000  0.004  0.328
   0.92664      2.539937  0.118  0.004  0.110  0.000  0.000  0.024  0.083  0.000  0.009  0.348
   0.90090      2.565127  0.115  0.007  0.101  0.000  0.000  0.035  0.095  0.000  0.016  0.370
   0.87516      2.603774  0.111  0.012  0.095  0.000  0.000  0.044  0.110  0.000  0.023  0.395
   0.84942      2.654093  0.105  0.017  0.092  0.000  0.000  0.049  0.128  0.000  0.031  0.422
   0.82368      2.712750  0.100  0.021  0.089  0.000  0.000  0.042  0.157  0.000  0.042  0.453
   0.79794      2.773021  0.096  0.023  0.090  0.000  0.000  0.009  0.226  0.000  0.063  0.506
   0.77220      2.799511  0.076  0.011  0.055  0.000  0.000  0.140  0.297  0.000  0.096  0.675
   0.74646      2.777081  0.061  0.006  0.035  0.000  0.000  0.270  0.254  0.000  0.089  0.715
   0.72072      2.744154  0.056  0.004  0.030  0.000  0.000  0.297  0.236  0.000  0.087  0.715
   0.69498      2.706979  0.052  0.004  0.030  0.000  0.000  0.300  0.228  0.000  0.091  0.707
   0.66924      2.666780  0.049  0.004  0.031  0.000  0.000  0.296  0.222  0.000  0.095  0.698
   0.64350      2.624166  0.048  0.004  0.032  0.000  0.000  0.290  0.216  0.000  0.099  0.688
   0.61776      2.579650  0.045  0.004  0.032  0.000  0.000  0.280  0.212  0.000  0.105  0.679
   0.59202      2.533758  0.045  0.002  0.035  0.000  0.000  0.269  0.208  0.000  0.109  0.667
   0.56628      2.487075  0.043  0.002  0.036  0.000  0.000  0.257  0.203  0.000  0.114  0.656
   0.54054      2.440263  0.043  0.002  0.037  0.000  0.000  0.246  0.197  0.000  0.120  0.646
   0.51480      2.394071  0.043  0.002  0.039  0.000  0.000  0.234  0.193  0.000  0.124  0.635
   0.48906      2.349309  0.042  0.002  0.040  0.000  0.000  0.224  0.189  0.000  0.126  0.625
   0.46332      2.306794  0.043  0.002  0.042  0.000  0.000  0.216  0.184  0.000  0.127  0.616
   0.43758      2.267246  0.042  0.005  0.046  0.000  0.000  0.209  0.180  0.000  0.127  0.607
   0.41184      2.231167  0.039  0.005  0.049  0.000  0.000  0.206  0.175  0.000  0.125  0.600
   0.38610      2.198749  0.038  0.007  0.053  0.000  0.000  0.204  0.174  0.000  0.121  0.595
   0.36036      2.169838  0.034  0.007  0.054  0.000  0.000  0.206  0.172  0.000  0.115  0.589
   0.33462      2.144008  0.031  0.009  0.058  0.000  0.000  0.210  0.171  0.000  0.107  0.587
   0.30888      2.120682  0.029  0.010  0.059  0.000  0.000  0.216  0.169  0.000  0.101  0.584
   0.28314      2.099295  0.024  0.010  0.059  0.000  0.000  0.225  0.169  0.000  0.093  0.583
   0.25740      2.079408  0.021  0.012  0.061  0.000  0.000  0.233  0.171  0.000  0.084  0.582
   0.23166      2.060777  0.019  0.013  0.062  0.000  0.000  0.240  0.172  0.000  0.078  0.581
   0.20592      2.043347  0.017  0.013  0.062  0.000  0.000  0.247  0.172  0.000  0.072  0.582
   0.18018      2.027217  0.015  0.013  0.063  0.000  0.000  0.254  0.173  0.000  0.065  0.581
   0.15444      2.012582  0.013  0.013  0.061  0.000  0.000  0.259  0.173  0.000  0.061  0.582
   0.12870      1.999679  0.012  0.013  0.061  0.000  0.000  0.263  0.173  0.000  0.059  0.579
   0.10296      1.988749  0.009  0.014  0.062  0.000  0.000  0.265  0.173  0.000  0.056  0.579
   0.07722      1.980009  0.009  0.014  0.062  0.000  0.000  0.267  0.173  0.000  0.054  0.579
   0.05148      1.973635  0.008  0.014  0.062  0.000  0.000  0.269  0.174  0.000  0.052  0.578
   0.02574      1.969758  0.008  0.014  0.060  0.000  0.000  0.271  0.173  0.000  0.051  0.578
   0.00000      1.968457  0.008  0.014  0.060  0.000  0.000  0.271  0.174  0.000  0.050  0.579
 
# Band-Index:   21
   0.00000      2.992503  0.095  0.002  0.014  0.000  0.000  0.056  0.396  0.000  0.132  0.696
   0.02574      2.990424  0.095  0.002  0.014  0.000  0.000  0.054  0.393  0.000  0.132  0.693
   0.05148      2.984335  0.097  0.004  0.015  0.000  0.000  0.052  0.387  0.000  0.133  0.688
   0.07722      2.974684  0.099  0.007  0.018  0.000  0.000  0.046  0.376  0.000  0.134  0.682
   0.10296      2.962233  0.103  0.009  0.022  0.000  0.000  0.040  0.362  0.000  0.136  0.675
   0.12870      2.948059  0.104  0.014  0.026  0.000  0.000  0.035  0.349  0.000  0.140  0.666
   0.15444      2.933536  0.107  0.017  0.027  0.000  0.000  0.028  0.333  0.000  0.143  0.659
   0.18018      2.920280  0.110  0.023  0.032  0.000  0.000  0.026  0.318  0.000  0.146  0.651
   0.20592      2.910067  0.110  0.026  0.033  0.000  0.000  0.026  0.303  0.000  0.148  0.647
   0.23166      2.904719  0.112  0.029  0.034  0.000  0.000  0.028  0.289  0.000  0.150  0.643
   0.25740      2.905986  0.113  0.032  0.032  0.000  0.000  0.032  0.278  0.000  0.153  0.642
   0.28314      2.915416  0.112  0.034  0.034  0.000  0.000  0.038  0.269  0.000  0.156  0.643
   0.30888      2.934256  0.112  0.039  0.033  0.000  0.000  0.046  0.260  0.000  0.160  0.646
   0.33462      2.963365  0.108  0.038  0.031  0.000  0.000  0.053  0.253  0.000  0.164  0.650
   0.36036      3.003165  0.107  0.042  0.031  0.000  0.000  0.060  0.249  0.000  0.170  0.656
   0.38610      3.053582  0.104  0.045  0.029  0.000  0.004  0.061  0.244  0.000  0.176  0.663
   0.41184      3.032027  0.000  0.000  0.000  0.048  0.640  0.000  0.000  0.040  0.000  0.729
   0.43758      3.003547  0.000  0.000  0.000  0.050  0.633  0.000  0.000  0.033  0.000  0.718
   0.46332      2.973169  0.000  0.000  0.000  0.054  0.621  0.000  0.000  0.030  0.000  0.706
   0.48906      2.941459  0.000  0.000  0.000  0.058  0.608  0.000  0.000  0.029  0.000  0.694
   0.51480      2.909311  0.000  0.000  0.000  0.059  0.591  0.000  0.000  0.032  0.000  0.681
   0.54054      2.877982  0.000  0.000  0.000  0.060  0.569  0.000  0.000  0.039  0.000  0.669
   0.56628      2.849075  0.000  0.000  0.000  0.062  0.541  0.000  0.000  0.056  0.000  0.659
   0.59202      2.824410  0.000  0.000  0.000  0.059  0.511  0.000  0.000  0.079  0.000  0.650
   0.61776      2.805796  0.000  0.000  0.000  0.056  0.476  0.000  0.000  0.110  0.000  0.643
   0.64350      2.794689  0.000  0.000  0.000  0.052  0.438  0.000  0.000  0.151  0.000  0.641
   0.66924      2.791857  0.000  0.000  0.000  0.049  0.396  0.000  0.000  0.199  0.000  0.644
   0.69498      2.797166  0.000  0.000  0.000  0.042  0.355  0.000  0.000  0.253  0.000  0.651
   0.72072      2.809582  0.000  0.000  0.000  0.037  0.313  0.000  0.000  0.308  0.000  0.660
   0.74646      2.827397  0.000  0.000  0.000  0.032  0.272  0.000  0.000  0.367  0.000  0.673
   0.77220      2.848570  0.000  0.000  0.000  0.029  0.235  0.000  0.000  0.425  0.000  0.687
   0.79794      2.856676  0.058  0.005  0.005  0.000  0.000  0.510  0.100  0.001  0.035  0.714
   0.82368      2.875171  0.065  0.002  0.007  0.000  0.000  0.465  0.156  0.000  0.049  0.745
   0.84942      2.894978  0.071  0.002  0.010  0.000  0.000  0.445  0.176  0.000  0.051  0.754
   0.87516      2.912068  0.080  0.002  0.009  0.000  0.000  0.428  0.189  0.000  0.049  0.760
   0.90090      2.925420  0.094  0.002  0.009  0.000  0.000  0.400  0.213  0.000  0.046  0.763
   0.92664      2.933800  0.121  0.002  0.010  0.000  0.000  0.333  0.262  0.000  0.036  0.767
   0.95238      2.933333  0.184  0.002  0.017  0.000  0.000  0.166  0.381  0.000  0.018  0.767
   0.97812      2.919505  0.246  0.002  0.021  0.000  0.000  0.013  0.489  0.000  0.001  0.770
   1.00386      2.910240  0.255  0.000  0.020  0.000  0.000  0.000  0.500  0.000  0.000  0.775
   1.00386      2.910240  0.255  0.000  0.020  0.000  0.000  0.000  0.500  0.000  0.000  0.775
   1.02960      2.920546  0.250  0.002  0.021  0.000  0.000  0.000  0.497  0.000  0.000  0.770
   1.05534      2.949057  0.229  0.007  0.024  0.000  0.000  0.012  0.480  0.000  0.003  0.757
   1.08107      2.955089  0.013  0.004  0.009  0.000  0.000  0.585  0.013  0.000  0.112  0.737
   1.10681      2.941124  0.014  0.007  0.015  0.000  0.000  0.535  0.007  0.000  0.136  0.711
   1.13255      2.925480  0.021  0.008  0.027  0.000  0.000  0.440  0.007  0.000  0.169  0.675
   1.15829      2.915696  0.037  0.010  0.045  0.000  0.000  0.313  0.013  0.000  0.207  0.625
   1.18403      2.922556  0.052  0.010  0.067  0.000  0.000  0.178  0.033  0.000  0.239  0.582
   1.20977      2.950391  0.063  0.013  0.079  0.000  0.000  0.085  0.067  0.000  0.257  0.567
   1.23551      2.992365  0.068  0.014  0.086  0.000  0.000  0.040  0.107  0.000  0.265  0.577
   1.26125      3.039016  0.067  0.014  0.083  0.000  0.000  0.020  0.150  0.000  0.269  0.605
   1.28699      3.083901  0.067  0.017  0.078  0.000  0.000  0.013  0.193  0.000  0.272  0.638
   1.31273      3.123785  0.064  0.017  0.071  0.000  0.000  0.011  0.235  0.000  0.269  0.667
   1.33847      3.157617  0.061  0.017  0.063  0.000  0.000  0.010  0.272  0.000  0.267  0.690
   1.36421      3.185594  0.060  0.018  0.058  0.000  0.000  0.010  0.303  0.000  0.263  0.712
   1.38995      3.208478  0.059  0.017  0.053  0.000  0.000  0.011  0.327  0.000  0.258  0.728
   1.41569      3.227195  0.058  0.017  0.049  0.000  0.000  0.013  0.348  0.000  0.252  0.739
   1.44143      3.242629  0.058  0.019  0.044  0.000  0.000  0.015  0.362  0.000  0.248  0.749
   1.46717      3.255546  0.060  0.018  0.041  0.000  0.000  0.017  0.374  0.000  0.243  0.756
   1.49291      3.266582  0.062  0.018  0.039  0.000  0.000  0.019  0.382  0.000  0.239  0.761
   1.51865      3.276252  0.064  0.018  0.037  0.000  0.000  0.022  0.387  0.000  0.235  0.764
   1.54439      3.284962  0.066  0.018  0.036  0.000  0.000  0.025  0.390  0.000  0.230  0.768
   1.57013      3.293034  0.069  0.018  0.036  0.000  0.000  0.029  0.390  0.000  0.228  0.769
   1.59587      3.300715  0.074  0.020  0.035  0.000  0.000  0.032  0.388  0.000  0.222  0.770
   1.62161      3.308184  0.079  0.020  0.033  0.000  0.000  0.037  0.383  0.000  0.216  0.768
   1.64735      3.315532  0.087  0.022  0.034  0.000  0.000  0.043  0.372  0.000  0.207  0.764
   1.67309      3.322532  0.107  0.025  0.033  0.000  0.000  0.057  0.335  0.000  0.188  0.748
   1.69883      3.319808  0.257  0.045  0.022  0.000  0.000  0.184  0.032  0.000  0.043  0.585
   1.72457      3.259605  0.223  0.037  0.013  0.000  0.000  0.178  0.061  0.000  0.060  0.570
   1.75031      3.198216  0.208  0.032  0.011  0.000  0.000  0.163  0.090  0.000  0.075  0.579
   1.77605      3.143441  0.200  0.029  0.010  0.000  0.000  0.153  0.109  0.000  0.085  0.584
   1.80179      3.096350  0.192  0.027  0.009  0.000  0.000  0.143  0.130  0.000  0.091  0.589
   1.82753      3.057665  0.184  0.025  0.009  0.000  0.000  0.131  0.154  0.000  0.098  0.598
   1.85327      3.027903  0.173  0.020  0.010  0.000  0.000  0.119  0.182  0.000  0.102  0.607
   1.87901      3.007218  0.161  0.018  0.008  0.000  0.000  0.105  0.218  0.000  0.108  0.622
   1.90475      2.995126  0.147  0.015  0.010  0.000  0.000  0.091  0.261  0.000  0.114  0.637
   1.93049      2.990208  0.127  0.011  0.012  0.000  0.000  0.077  0.308  0.000  0.121  0.656
   1.95623      2.990036  0.112  0.005  0.012  0.000  0.000  0.066  0.352  0.000  0.126  0.676
   1.98197      2.991639  0.098  0.002  0.013  0.000  0.000  0.058  0.384  0.000  0.131  0.690
   2.00771      2.992503  0.095  0.002  0.014  0.000  0.000  0.056  0.396  0.000  0.132  0.696
 
# Band-Index:   22
   2.00771      3.221756  0.000  0.000  0.000  0.020  0.673  0.000  0.000  0.108  0.000  0.801
   1.98197      3.224824  0.000  0.000  0.000  0.020  0.673  0.000  0.000  0.107  0.000  0.800
   1.95623      3.233979  0.000  0.000  0.000  0.020  0.675  0.000  0.000  0.105  0.000  0.799
   1.93049      3.249074  0.000  0.000  0.000  0.022  0.678  0.000  0.000  0.098  0.000  0.798
   1.90475      3.269848  0.000  0.000  0.000  0.022  0.683  0.000  0.000  0.091  0.000  0.799
   1.87901      3.295907  0.000  0.000  0.000  0.025  0.689  0.000  0.000  0.084  0.000  0.798
   1.85327      3.326685  0.000  0.000  0.000  0.027  0.698  0.000  0.000  0.071  0.000  0.799
   1.82753      3.361367  0.000  0.000  0.000  0.030  0.709  0.000  0.000  0.059  0.000  0.798
   1.80179      3.370484  0.099  0.036  0.036  0.000  0.000  0.043  0.338  0.000  0.191  0.744
   1.77605      3.359764  0.089  0.030  0.035  0.000  0.000  0.039  0.364  0.000  0.200  0.757
   1.75031      3.350205  0.078  0.026  0.034  0.000  0.000  0.033  0.389  0.000  0.210  0.771
   1.72457      3.341862  0.059  0.022  0.033  0.000  0.000  0.025  0.422  0.000  0.227  0.786
   1.69883      3.341501  0.021  0.014  0.023  0.000  0.000  0.023  0.454  0.000  0.241  0.778
   1.67309      3.404276  0.167  0.033  0.017  0.000  0.000  0.156  0.154  0.000  0.094  0.620
   1.64735      3.481031  0.184  0.039  0.018  0.000  0.000  0.178  0.123  0.000  0.070  0.612
   1.62161      3.550911  0.000  0.000  0.000  0.023  0.558  0.001  0.001  0.221  0.000  0.805
   1.59587      3.542079  0.000  0.000  0.000  0.025  0.510  0.000  0.000  0.272  0.000  0.804
   1.57013      3.528458  0.000  0.000  0.000  0.025  0.465  0.000  0.000  0.313  0.000  0.803
   1.54439      3.511252  0.000  0.000  0.000  0.025  0.427  0.000  0.000  0.348  0.000  0.798
   1.51865      3.491242  0.000  0.000  0.000  0.025  0.395  0.000  0.000  0.377  0.000  0.797
   1.49291      3.468939  0.000  0.000  0.000  0.025  0.366  0.000  0.000  0.403  0.000  0.793
   1.46717      3.444677  0.000  0.000  0.000  0.025  0.339  0.000  0.000  0.426  0.000  0.792
   1.44143      3.418675  0.000  0.000  0.000  0.026  0.314  0.000  0.000  0.448  0.000  0.788
   1.41569      3.391080  0.000  0.000  0.000  0.027  0.289  0.000  0.000  0.470  0.000  0.787
   1.38995      3.362007  0.000  0.000  0.000  0.027  0.268  0.000  0.000  0.490  0.000  0.784
   1.36421      3.331565  0.000  0.000  0.000  0.026  0.246  0.000  0.000  0.510  0.000  0.783
   1.33847      3.299883  0.000  0.000  0.000  0.025  0.226  0.000  0.000  0.529  0.000  0.780
   1.31273      3.267142  0.000  0.000  0.000  0.025  0.205  0.000  0.000  0.548  0.000  0.778
   1.28699      3.233596  0.000  0.000  0.000  0.025  0.188  0.000  0.000  0.564  0.000  0.777
   1.26125      3.199589  0.000  0.000  0.000  0.022  0.169  0.000  0.000  0.582  0.000  0.775
   1.23551      3.165579  0.000  0.000  0.000  0.019  0.154  0.000  0.000  0.598  0.000  0.775
   1.20977      3.132133  0.000  0.000  0.000  0.019  0.139  0.000  0.000  0.615  0.000  0.772
   1.18403      3.099920  0.000  0.000  0.000  0.015  0.127  0.000  0.000  0.630  0.000  0.771
   1.15829      3.069696  0.000  0.000  0.000  0.013  0.115  0.000  0.000  0.644  0.000  0.772
   1.13255      3.042264  0.000  0.000  0.000  0.010  0.106  0.000  0.000  0.655  0.000  0.771
   1.10681      3.018433  0.000  0.000  0.000  0.007  0.101  0.000  0.000  0.664  0.000  0.770
   1.08107      2.993523  0.205  0.012  0.024  0.000  0.000  0.031  0.475  0.003  0.001  0.753
   1.05534      2.966381  0.008  0.001  0.002  0.000  0.000  0.643  0.014  0.000  0.095  0.762
   1.02960      2.971445  0.000  0.000  0.000  0.000  0.001  0.671  0.000  0.005  0.089  0.770
   1.00386      2.972468  0.000  0.000  0.000  0.000  0.070  0.143  0.000  0.540  0.017  0.770
   1.00386      2.972468  0.000  0.000  0.000  0.000  0.070  0.143  0.000  0.540  0.017  0.770
   0.97812      2.971031  0.000  0.000  0.000  0.000  0.088  0.002  0.000  0.679  0.000  0.769
   0.95238      2.966163  0.000  0.000  0.000  0.001  0.093  0.000  0.000  0.671  0.000  0.766
   0.92664      2.957968  0.000  0.000  0.000  0.003  0.100  0.000  0.000  0.657  0.000  0.761
   0.90090      2.946434  0.000  0.000  0.000  0.005  0.111  0.000  0.000  0.635  0.000  0.753
   0.87516      2.931614  0.000  0.000  0.000  0.008  0.127  0.000  0.000  0.608  0.000  0.744
   0.84942      2.913728  0.000  0.000  0.000  0.013  0.147  0.000  0.000  0.571  0.000  0.731
   0.82368      2.893273  0.000  0.000  0.000  0.019  0.171  0.000  0.000  0.527  0.000  0.717
   0.79794      2.871126  0.000  0.000  0.000  0.023  0.200  0.001  0.000  0.479  0.000  0.703
   0.77220      2.872423  0.068  0.021  0.036  0.000  0.000  0.389  0.042  0.000  0.013  0.567
   0.74646      2.935411  0.074  0.028  0.055  0.000  0.000  0.267  0.102  0.000  0.025  0.549
   0.72072      3.005608  0.073  0.031  0.054  0.000  0.000  0.245  0.137  0.000  0.030  0.571
   0.69498      3.075539  0.072  0.033  0.051  0.000  0.000  0.246  0.160  0.000  0.034  0.598
   0.66924      3.143159  0.072  0.034  0.047  0.000  0.000  0.254  0.182  0.000  0.035  0.624
   0.64350      3.207362  0.070  0.034  0.045  0.000  0.000  0.264  0.203  0.000  0.036  0.649
   0.61776      3.267396  0.070  0.032  0.041  0.000  0.000  0.272  0.221  0.000  0.033  0.671
   0.59202      3.322623  0.070  0.034  0.037  0.000  0.000  0.276  0.244  0.000  0.028  0.689
   0.56628      3.372095  0.065  0.035  0.032  0.000  0.000  0.271  0.277  0.000  0.019  0.702
   0.54054      3.412086  0.050  0.044  0.027  0.000  0.000  0.227  0.351  0.000  0.006  0.704
   0.51480      3.407688  0.037  0.065  0.026  0.000  0.000  0.040  0.394  0.000  0.134  0.696
   0.48906      3.337998  0.072  0.061  0.030  0.000  0.000  0.033  0.291  0.000  0.211  0.697
   0.46332      3.259300  0.087  0.054  0.030  0.000  0.000  0.048  0.258  0.000  0.210  0.688
   0.43758      3.183380  0.095  0.052  0.028  0.000  0.000  0.056  0.246  0.000  0.199  0.679
   0.41184      3.114097  0.100  0.047  0.029  0.000  0.000  0.062  0.245  0.000  0.188  0.670
   0.38610      3.058331  0.000  0.000  0.000  0.043  0.643  0.000  0.001  0.048  0.001  0.740
   0.36036      3.082251  0.000  0.000  0.000  0.041  0.652  0.000  0.000  0.056  0.000  0.748
   0.33462      3.103875  0.000  0.000  0.000  0.039  0.653  0.000  0.000  0.065  0.000  0.758
   0.30888      3.123253  0.000  0.000  0.000  0.035  0.656  0.000  0.000  0.073  0.000  0.765
   0.28314      3.140503  0.000  0.000  0.000  0.033  0.659  0.000  0.000  0.079  0.000  0.771
   0.25740      3.155754  0.000  0.000  0.000  0.030  0.661  0.000  0.000  0.085  0.000  0.776
   0.23166      3.169138  0.000  0.000  0.000  0.028  0.663  0.000  0.000  0.091  0.000  0.782
   0.20592      3.180777  0.000  0.000  0.000  0.027  0.664  0.000  0.000  0.095  0.000  0.785
   0.18018      3.190783  0.000  0.000  0.000  0.026  0.665  0.000  0.000  0.098  0.000  0.790
   0.15444      3.199257  0.000  0.000  0.000  0.024  0.666  0.000  0.000  0.100  0.000  0.791
   0.12870      3.206283  0.000  0.000  0.000  0.021  0.668  0.000  0.000  0.103  0.000  0.795
   0.10296      3.211933  0.000  0.000  0.000  0.021  0.670  0.000  0.000  0.105  0.000  0.797
   0.07722      3.216265  0.000  0.000  0.000  0.020  0.671  0.000  0.000  0.106  0.000  0.798
   0.05148      3.219327  0.000  0.000  0.000  0.020  0.672  0.000  0.000  0.107  0.000  0.799
   0.02574      3.221150  0.000  0.000  0.000  0.020  0.673  0.000  0.000  0.108  0.000  0.800
   0.00000      3.221756  0.000  0.000  0.000  0.020  0.673  0.000  0.000  0.108  0.000  0.801
 
# Band-Index:   23
   0.00000      3.496146  0.217  0.107  0.079  0.000  0.000  0.064  0.003  0.000  0.032  0.503
   0.02574      3.496613  0.216  0.107  0.079  0.000  0.000  0.065  0.005  0.000  0.032  0.505
   0.05148      3.498030  0.214  0.105  0.078  0.000  0.000  0.068  0.010  0.000  0.032  0.508
   0.07722      3.500442  0.210  0.104  0.075  0.000  0.000  0.072  0.019  0.000  0.033  0.513
   0.10296      3.503901  0.206  0.100  0.072  0.000  0.000  0.076  0.032  0.000  0.033  0.521
   0.12870      3.508458  0.201  0.097  0.069  0.000  0.000  0.084  0.045  0.000  0.031  0.527
   0.15444      3.514132  0.197  0.093  0.064  0.000  0.000  0.089  0.059  0.000  0.033  0.536
   0.18018      3.520893  0.192  0.091  0.062  0.000  0.000  0.097  0.073  0.000  0.033  0.545
   0.20592      3.528635  0.185  0.088  0.057  0.000  0.000  0.107  0.087  0.000  0.031  0.555
   0.23166      3.537163  0.181  0.083  0.055  0.000  0.000  0.115  0.102  0.000  0.030  0.564
   0.25740      3.546151  0.174  0.080  0.050  0.000  0.000  0.126  0.118  0.000  0.029  0.577
   0.28314      3.555109  0.169  0.075  0.049  0.000  0.000  0.138  0.131  0.000  0.027  0.589
   0.30888      3.563326  0.164  0.072  0.047  0.000  0.000  0.152  0.144  0.000  0.025  0.604
   0.33462      3.569821  0.159  0.066  0.043  0.000  0.000  0.172  0.159  0.000  0.024  0.623
   0.36036      3.573327  0.152  0.060  0.041  0.000  0.000  0.195  0.171  0.000  0.025  0.644
   0.38610      3.572378  0.146  0.054  0.039  0.000  0.000  0.222  0.182  0.000  0.026  0.669
   0.41184      3.565585  0.139  0.047  0.037  0.000  0.000  0.251  0.188  0.000  0.034  0.693
   0.43758      3.552039  0.133  0.041  0.036  0.000  0.000  0.278  0.189  0.000  0.041  0.716
   0.46332      3.531682  0.127  0.033  0.035  0.000  0.000  0.302  0.178  0.000  0.056  0.731
   0.48906      3.505835  0.130  0.027  0.036  0.000  0.000  0.319  0.146  0.000  0.083  0.743
   0.51480      3.482923  0.154  0.022  0.043  0.000  0.000  0.307  0.039  0.000  0.192  0.756
   0.54054      3.514686  0.130  0.044  0.047  0.000  0.000  0.106  0.082  0.000  0.347  0.756
   0.56628      3.574676  0.104  0.054  0.048  0.000  0.000  0.042  0.154  0.000  0.357  0.759
   0.59202      3.622452  0.095  0.056  0.051  0.000  0.000  0.021  0.181  0.000  0.359  0.763
   0.61776      3.650542  0.091  0.057  0.053  0.000  0.000  0.013  0.199  0.000  0.350  0.762
   0.64350      3.657471  0.088  0.056  0.055  0.000  0.000  0.015  0.212  0.000  0.330  0.754
   0.66924      3.645076  0.085  0.055  0.055  0.000  0.000  0.023  0.225  0.000  0.304  0.746
   0.69498      3.616624  0.084  0.052  0.052  0.000  0.000  0.036  0.239  0.000  0.275  0.738
   0.72072      3.575418  0.083  0.051  0.049  0.000  0.000  0.051  0.251  0.000  0.246  0.731
   0.74646      3.524248  0.083  0.047  0.044  0.000  0.000  0.069  0.266  0.000  0.216  0.726
   0.77220      3.465345  0.085  0.045  0.039  0.000  0.000  0.088  0.278  0.000  0.188  0.722
   0.79794      3.400492  0.088  0.041  0.034  0.000  0.000  0.107  0.291  0.000  0.160  0.722
   0.82368      3.331208  0.093  0.038  0.030  0.000  0.000  0.129  0.298  0.000  0.134  0.722
   0.84942      3.258972  0.100  0.031  0.029  0.000  0.000  0.154  0.300  0.000  0.111  0.724
   0.87516      3.185601  0.107  0.027  0.025  0.000  0.000  0.184  0.294  0.000  0.089  0.727
   0.90090      3.113830  0.108  0.020  0.022  0.000  0.000  0.230  0.277  0.000  0.074  0.735
   0.92664      3.048410  0.100  0.011  0.019  0.000  0.000  0.315  0.230  0.000  0.068  0.744
   0.95238      2.998767  0.054  0.005  0.008  0.000  0.000  0.500  0.113  0.000  0.077  0.758
   0.97812      2.977061  0.004  0.000  0.000  0.000  0.000  0.664  0.008  0.002  0.088  0.769
   1.00386      2.973440  0.000  0.000  0.000  0.000  0.017  0.541  0.000  0.143  0.069  0.771
   1.00386      2.973440  0.000  0.000  0.000  0.000  0.017  0.541  0.000  0.143  0.069  0.771
   1.02960      2.975704  0.000  0.000  0.000  0.000  0.087  0.005  0.000  0.676  0.001  0.770
   1.05534      2.984557  0.000  0.000  0.000  0.002  0.090  0.000  0.000  0.678  0.000  0.772
   1.08107      2.999003  0.000  0.000  0.000  0.005  0.094  0.000  0.003  0.670  0.000  0.772
   1.10681      3.045707  0.187  0.021  0.025  0.000  0.000  0.025  0.482  0.000  0.001  0.741
   1.13255      3.103105  0.166  0.029  0.024  0.000  0.000  0.033  0.479  0.000  0.001  0.733
   1.15829      3.162739  0.144  0.036  0.023  0.000  0.000  0.045  0.474  0.000  0.005  0.728
   1.18403      3.222960  0.126  0.042  0.023  0.000  0.000  0.062  0.461  0.000  0.007  0.721
   1.20977      3.283231  0.112  0.049  0.025  0.000  0.000  0.080  0.440  0.000  0.009  0.713
   1.23551      3.343808  0.100  0.053  0.030  0.000  0.000  0.099  0.414  0.000  0.013  0.708
   1.26125      3.405253  0.094  0.056  0.035  0.000  0.000  0.124  0.378  0.000  0.018  0.703
   1.28699      3.467905  0.090  0.057  0.042  0.000  0.000  0.148  0.339  0.000  0.024  0.700
   1.31273      3.531507  0.087  0.058  0.049  0.000  0.000  0.176  0.298  0.000  0.031  0.702
   1.33847      3.595130  0.088  0.060  0.055  0.000  0.000  0.204  0.265  0.000  0.038  0.706
   1.36421      3.657291  0.088  0.061  0.059  0.000  0.000  0.230  0.235  0.000  0.040  0.715
   1.38995      3.716000  0.092  0.061  0.062  0.000  0.000  0.256  0.215  0.000  0.040  0.725
   1.41569      3.768603  0.098  0.059  0.064  0.000  0.000  0.280  0.197  0.000  0.034  0.734
   1.44143      3.811338  0.108  0.059  0.061  0.000  0.000  0.297  0.187  0.000  0.026  0.739
   1.46717      3.838871  0.124  0.058  0.057  0.000  0.000  0.307  0.175  0.000  0.015  0.736
   1.49291      3.844738  0.142  0.058  0.049  0.000  0.000  0.303  0.163  0.000  0.007  0.724
   1.51865      3.824251  0.162  0.055  0.040  0.000  0.000  0.285  0.152  0.000  0.007  0.698
   1.54439      3.778574  0.175  0.053  0.034  0.000  0.000  0.257  0.136  0.000  0.015  0.670
   1.57013      3.714431  0.184  0.050  0.028  0.000  0.000  0.231  0.124  0.000  0.029  0.646
   1.59587      3.639698  0.188  0.047  0.023  0.000  0.000  0.209  0.118  0.000  0.043  0.627
   1.62161      3.560569  0.186  0.042  0.020  0.000  0.003  0.192  0.115  0.001  0.057  0.616
   1.64735      3.553504  0.000  0.000  0.000  0.024  0.618  0.000  0.000  0.166  0.000  0.809
   1.67309      3.547774  0.000  0.000  0.000  0.026  0.675  0.000  0.000  0.108  0.000  0.808
   1.69883      3.532301  0.000  0.000  0.000  0.028  0.718  0.000  0.000  0.060  0.000  0.807
   1.72457      3.507152  0.000  0.000  0.000  0.030  0.741  0.000  0.000  0.033  0.000  0.804
   1.75031      3.474409  0.000  0.000  0.000  0.032  0.744  0.000  0.000  0.025  0.000  0.801
   1.77605      3.437266  0.000  0.000  0.000  0.033  0.735  0.000  0.000  0.033  0.000  0.801
   1.80179      3.398795  0.000  0.000  0.000  0.031  0.722  0.000  0.000  0.046  0.000  0.799
   1.82753      3.382652  0.113  0.042  0.038  0.000  0.000  0.047  0.308  0.000  0.178  0.726
   1.85327      3.396663  0.127  0.048  0.042  0.000  0.000  0.052  0.271  0.000  0.163  0.701
   1.87901      3.412963  0.143  0.058  0.046  0.000  0.000  0.053  0.226  0.000  0.145  0.672
   1.90475      3.431790  0.161  0.069  0.054  0.000  0.000  0.058  0.174  0.000  0.123  0.635
   1.93049      3.452650  0.180  0.081  0.061  0.000  0.000  0.060  0.116  0.000  0.095  0.593
   1.95623      3.473451  0.197  0.092  0.068  0.000  0.000  0.062  0.061  0.000  0.066  0.550
   1.98197      3.489790  0.212  0.103  0.078  0.000  0.000  0.065  0.019  0.000  0.043  0.516
   2.00771      3.496146  0.217  0.107  0.079  0.000  0.000  0.064  0.003  0.000  0.032  0.503
 
# Band-Index:   24
   2.00771      3.871349  0.000  0.000  0.000  0.031  0.135  0.000  0.000  0.650  0.000  0.814
   1.98197      3.870776  0.000  0.000  0.000  0.031  0.134  0.000  0.000  0.650  0.000  0.814
   1.95623      3.869090  0.000  0.000  0.000  0.032  0.130  0.000  0.000  0.653  0.000  0.815
   1.93049      3.866391  0.000  0.000  0.000  0.032  0.124  0.000  0.000  0.656  0.000  0.813
   1.90475      3.862853  0.000  0.000  0.000  0.032  0.115  0.000  0.000  0.664  0.000  0.810
   1.87901      3.858757  0.000  0.000  0.000  0.033  0.104  0.000  0.000  0.671  0.000  0.809
   1.85327      3.854525  0.000  0.000  0.000  0.036  0.089  0.000  0.000  0.681  0.000  0.806
   1.82753      3.850791  0.000  0.000  0.000  0.038  0.071  0.000  0.000  0.693  0.000  0.803
   1.80179      3.848510  0.000  0.000  0.000  0.040  0.051  0.000  0.000  0.707  0.000  0.800
   1.77605      3.849118  0.000  0.000  0.000  0.045  0.031  0.000  0.000  0.719  0.000  0.795
   1.75031      3.854702  0.000  0.000  0.000  0.050  0.013  0.000  0.000  0.725  0.000  0.787
   1.72457      3.867990  0.000  0.000  0.000  0.056  0.006  0.000  0.000  0.716  0.000  0.781
   1.69883      3.891772  0.000  0.000  0.000  0.064  0.023  0.000  0.000  0.687  0.000  0.776
   1.67309      3.927648  0.000  0.000  0.000  0.072  0.057  0.000  0.000  0.640  0.000  0.771
   1.64735      3.975104  0.000  0.000  0.000  0.080  0.105  0.000  0.000  0.583  0.000  0.768
   1.62161      4.031950  0.000  0.000  0.000  0.087  0.153  0.000  0.000  0.529  0.000  0.768
   1.59587      4.095416  0.000  0.000  0.000  0.093  0.195  0.000  0.000  0.481  0.000  0.769
   1.57013      4.162831  0.000  0.000  0.000  0.098  0.233  0.000  0.000  0.440  0.000  0.771
   1.54439      4.231732  0.000  0.000  0.000  0.104  0.264  0.000  0.000  0.407  0.000  0.775
   1.51865      4.299789  0.000  0.000  0.000  0.111  0.290  0.000  0.000  0.379  0.000  0.778
   1.49291      4.364575  0.000  0.000  0.000  0.115  0.314  0.000  0.000  0.353  0.000  0.784
   1.46717      4.423636  0.000  0.000  0.000  0.120  0.338  0.000  0.000  0.331  0.000  0.789
   1.44143      4.474965  0.000  0.000  0.000  0.125  0.358  0.000  0.000  0.307  0.000  0.792
   1.41569      4.515367  0.000  0.000  0.000  0.131  0.379  0.000  0.000  0.285  0.000  0.796
   1.38995      4.547101  0.004  0.003  0.004  0.129  0.382  0.004  0.001  0.252  0.004  0.786
   1.36421      4.565345  0.010  0.017  0.020  0.111  0.332  0.026  0.013  0.191  0.017  0.738
   1.33847      4.531433  0.044  0.081  0.093  0.000  0.000  0.150  0.077  0.000  0.083  0.529
   1.31273      4.465922  0.034  0.083  0.086  0.000  0.003  0.170  0.076  0.001  0.091  0.547
   1.28699      4.397529  0.029  0.087  0.078  0.000  0.002  0.184  0.071  0.001  0.108  0.560
   1.26125      4.333513  0.024  0.093  0.072  0.000  0.000  0.194  0.061  0.000  0.130  0.574
   1.23551      4.280772  0.020  0.099  0.064  0.000  0.000  0.196  0.049  0.000  0.162  0.588
   1.20977      4.242838  0.017  0.105  0.054  0.000  0.000  0.192  0.036  0.000  0.201  0.602
   1.18403      4.222652  0.015  0.113  0.044  0.000  0.000  0.178  0.022  0.000  0.245  0.617
   1.15829      4.221954  0.011  0.119  0.034  0.000  0.000  0.161  0.012  0.000  0.297  0.635
   1.13255      4.240560  0.009  0.124  0.023  0.000  0.000  0.140  0.007  0.000  0.353  0.654
   1.10681      4.275534  0.006  0.125  0.015  0.000  0.000  0.120  0.002  0.000  0.413  0.680
   1.08107      4.320476  0.002  0.122  0.007  0.000  0.000  0.101  0.002  0.000  0.472  0.710
   1.05534      4.365976  0.000  0.117  0.003  0.000  0.001  0.091  0.000  0.000  0.532  0.746
   1.02960      4.402167  0.000  0.101  0.000  0.010  0.057  0.076  0.000  0.008  0.523  0.776
   1.00386      4.412671  0.000  0.108  0.000  0.000  0.005  0.081  0.000  0.000  0.593  0.788
   1.00386      4.412703  0.000  0.108  0.000  0.002  0.007  0.080  0.000  0.001  0.591  0.788
   0.97812      4.415039  0.000  0.094  0.000  0.014  0.077  0.072  0.000  0.012  0.512  0.784
   0.95238      4.349822  0.000  0.000  0.000  0.118  0.546  0.000  0.000  0.090  0.000  0.753
   0.92664      4.286223  0.000  0.000  0.000  0.122  0.505  0.000  0.000  0.103  0.000  0.731
   0.90090      4.215391  0.000  0.000  0.000  0.125  0.469  0.000  0.000  0.121  0.000  0.713
   0.87516      4.143884  0.000  0.000  0.000  0.126  0.433  0.000  0.000  0.145  0.000  0.703
   0.84942      4.075821  0.000  0.000  0.000  0.126  0.399  0.000  0.000  0.175  0.000  0.698
   0.82368      4.013787  0.000  0.000  0.000  0.122  0.365  0.000  0.000  0.211  0.000  0.698
   0.79794      3.959364  0.000  0.000  0.000  0.119  0.332  0.000  0.000  0.252  0.000  0.703
   0.77220      3.913401  0.000  0.000  0.000  0.114  0.299  0.000  0.000  0.296  0.000  0.710
   0.74646      3.876186  0.000  0.000  0.000  0.110  0.265  0.000  0.000  0.342  0.000  0.718
   0.72072      3.847563  0.000  0.000  0.000  0.106  0.233  0.000  0.000  0.388  0.000  0.726
   0.69498      3.827059  0.000  0.000  0.000  0.102  0.198  0.000  0.000  0.434  0.000  0.734
   0.66924      3.813997  0.000  0.000  0.000  0.098  0.168  0.000  0.000  0.476  0.000  0.742
   0.64350      3.807577  0.000  0.000  0.000  0.094  0.141  0.000  0.000  0.516  0.000  0.751
   0.61776      3.806929  0.000  0.000  0.000  0.093  0.116  0.000  0.000  0.549  0.000  0.756
   0.59202      3.811129  0.000  0.000  0.000  0.090  0.092  0.000  0.000  0.579  0.000  0.763
   0.56628      3.819209  0.000  0.000  0.000  0.087  0.076  0.000  0.000  0.605  0.000  0.769
   0.54054      3.830152  0.000  0.000  0.000  0.085  0.062  0.000  0.000  0.625  0.000  0.772
   0.51480      3.842911  0.000  0.000  0.000  0.083  0.051  0.000  0.000  0.642  0.000  0.777
   0.48906      3.856442  0.000  0.000  0.000  0.081  0.048  0.000  0.000  0.655  0.000  0.782
   0.46332      3.869756  0.000  0.000  0.000  0.078  0.046  0.000  0.000  0.662  0.000  0.787
   0.43758      3.881995  0.000  0.000  0.000  0.074  0.047  0.000  0.000  0.667  0.000  0.790
   0.41184      3.892520  0.000  0.000  0.000  0.070  0.054  0.000  0.000  0.668  0.000  0.794
   0.38610      3.900712  0.000  0.000  0.000  0.067  0.060  0.000  0.000  0.669  0.000  0.797
   0.36036      3.906522  0.000  0.000  0.000  0.064  0.070  0.000  0.000  0.667  0.000  0.800
   0.33462      3.909869  0.000  0.000  0.000  0.059  0.078  0.000  0.000  0.665  0.000  0.802
   0.30888      3.910924  0.000  0.000  0.000  0.054  0.088  0.000  0.000  0.662  0.000  0.806
   0.28314      3.909975  0.000  0.000  0.000  0.051  0.095  0.000  0.000  0.660  0.000  0.806
   0.25740      3.907395  0.000  0.000  0.000  0.048  0.104  0.000  0.000  0.657  0.000  0.809
   0.23166      3.903592  0.000  0.000  0.000  0.045  0.111  0.000  0.000  0.655  0.000  0.810
   0.20592      3.898982  0.000  0.000  0.000  0.042  0.116  0.000  0.000  0.654  0.000  0.810
   0.18018      3.893958  0.000  0.000  0.000  0.040  0.121  0.000  0.000  0.652  0.000  0.812
   0.15444      3.888879  0.000  0.000  0.000  0.038  0.125  0.000  0.000  0.650  0.000  0.814
   0.12870      3.884059  0.000  0.000  0.000  0.035  0.128  0.000  0.000  0.650  0.000  0.815
   0.10296      3.879762  0.000  0.000  0.000  0.034  0.131  0.000  0.000  0.650  0.000  0.814
   0.07722      3.876202  0.000  0.000  0.000  0.031  0.133  0.000  0.000  0.650  0.000  0.814
   0.05148      3.873544  0.000  0.000  0.000  0.031  0.134  0.000  0.000  0.650  0.000  0.816
   0.02574      3.871903  0.000  0.000  0.000  0.031  0.135  0.000  0.000  0.650  0.000  0.813
   0.00000      3.871349  0.000  0.000  0.000  0.031  0.135  0.000  0.000  0.650  0.000  0.814
