#K-Path          Energy     s    py    pz    px    dxy    dyz    dz2    dxz    dx2-y2    tot
# NKPTS & NBANDS:  80  24
# Band-Index:    1
   0.00000    -44.509081  0.000  0.000  0.994  0.000  0.000  0.000  0.000  0.000  0.000  0.994
   0.02574    -44.509089  0.000  0.000  0.994  0.000  0.000  0.000  0.000  0.000  0.000  0.994
   0.05148    -44.509099  0.000  0.000  0.994  0.000  0.000  0.000  0.000  0.000  0.000  0.994
   0.07722    -44.509111  0.000  0.000  0.994  0.000  0.000  0.000  0.000  0.000  0.000  0.994
   0.10296    -44.509128  0.000  0.000  0.994  0.000  0.000  0.000  0.000  0.000  0.000  0.994
   0.12870    -44.509150  0.000  0.000  0.994  0.000  0.000  0.000  0.000  0.000  0.000  0.994
   0.15444    -44.509171  0.000  0.000  0.994  0.000  0.000  0.000  0.000  0.000  0.000  0.994
   0.18018    -44.509197  0.000  0.000  0.994  0.000  0.000  0.000  0.000  0.000  0.000  0.994
   0.20592    -44.509223  0.000  0.000  0.994  0.000  0.000  0.000  0.000  0.000  0.000  0.994
   0.23166    -44.509254  0.000  0.000  0.994  0.000  0.000  0.000  0.000  0.000  0.000  0.994
   0.25740    -44.509290  0.000  0.000  0.994  0.000  0.000  0.000  0.000  0.000  0.000  0.994
   0.28314    -44.509331  0.000  0.000  0.994  0.000  0.000  0.000  0.000  0.000  0.000  0.994
   0.30888    -44.509377  0.000  0.000  0.994  0.000  0.000  0.000  0.000  0.000  0.000  0.994
   0.33462    -44.509416  0.000  0.000  0.994  0.000  0.000  0.000  0.000  0.000  0.000  0.994
   0.36036    -44.509463  0.000  0.000  0.994  0.000  0.000  0.000  0.000  0.000  0.000  0.994
   0.38610    -44.509508  0.000  0.000  0.994  0.000  0.000  0.000  0.000  0.000  0.000  0.994
   0.41184    -44.509560  0.000  0.000  0.994  0.000  0.000  0.000  0.000  0.000  0.000  0.994
   0.43758    -44.509612  0.000  0.000  0.994  0.000  0.000  0.000  0.000  0.000  0.000  0.994
   0.46332    -44.509663  0.000  0.000  0.994  0.000  0.000  0.000  0.000  0.000  0.000  0.994
   0.48906    -44.509717  0.000  0.000  0.994  0.000  0.000  0.000  0.000  0.000  0.000  0.994
   0.51480    -44.509763  0.000  0.000  0.994  0.000  0.000  0.000  0.000  0.000  0.000  0.994
   0.54054    -44.509820  0.000  0.000  0.994  0.000  0.000  0.000  0.000  0.000  0.000  0.994
   0.56628    -44.509870  0.000  0.000  0.994  0.000  0.000  0.000  0.000  0.000  0.000  0.994
   0.59202    -44.509922  0.000  0.000  0.994  0.000  0.000  0.000  0.000  0.000  0.000  0.994
   0.61776    -44.509967  0.000  0.000  0.994  0.000  0.000  0.000  0.000  0.000  0.000  0.994
   0.64350    -44.510013  0.000  0.000  0.994  0.000  0.000  0.000  0.000  0.000  0.000  0.994
   0.66924    -44.510063  0.000  0.000  0.994  0.000  0.000  0.000  0.000  0.000  0.000  0.994
   0.69498    -44.510111  0.000  0.000  0.994  0.000  0.000  0.000  0.000  0.000  0.000  0.994
   0.72072    -44.510147  0.000  0.000  0.994  0.000  0.000  0.000  0.000  0.000  0.000  0.994
   0.74646    -44.510187  0.000  0.000  0.994  0.000  0.000  0.000  0.000  0.000  0.000  0.994
   0.77220    -44.510223  0.000  0.000  0.994  0.000  0.000  0.000  0.000  0.000  0.000  0.994
   0.79794    -44.510247  0.000  0.000  0.994  0.000  0.000  0.000  0.000  0.000  0.000  0.994
   0.82368    -44.510280  0.000  0.000  0.994  0.000  0.000  0.000  0.000  0.000  0.000  0.994
   0.84942    -44.510305  0.000  0.000  0.994  0.000  0.000  0.000  0.000  0.000  0.000  0.994
   0.87516    -44.510328  0.000  0.000  0.994  0.000  0.000  0.000  0.000  0.000  0.000  0.994
   0.90090    -44.510347  0.000  0.000  0.994  0.000  0.000  0.000  0.000  0.000  0.000  0.994
   0.92664    -44.510364  0.000  0.000  0.994  0.000  0.000  0.000  0.000  0.000  0.000  0.994
   0.95238    -44.510379  0.000  0.000  0.994  0.000  0.000  0.000  0.000  0.000  0.000  0.994
   0.97812    -44.510397  0.000  0.000  0.994  0.000  0.000  0.000  0.000  0.000  0.000  0.994
   1.00386    -44.510402  0.000  0.000  0.994  0.000  0.000  0.000  0.000  0.000  0.000  0.994
   1.00386    -44.510402  0.000  0.000  0.994  0.000  0.000  0.000  0.000  0.000  0.000  0.994
   1.02960    -44.510397  0.000  0.000  0.994  0.000  0.000  0.000  0.000  0.000  0.000  0.994
   1.05534    -44.510378  0.000  0.000  0.994  0.000  0.000  0.000  0.000  0.000  0.000  0.994
   1.08107    -44.510363  0.000  0.000  0.994  0.000  0.000  0.000  0.000  0.000  0.000  0.994
   1.10681    -44.510346  0.000  0.000  0.994  0.000  0.000  0.000  0.000  0.000  0.000  0.994
   1.13255    -44.510327  0.000  0.000  0.994  0.000  0.000  0.000  0.000  0.000  0.000  0.994
   1.15829    -44.510305  0.000  0.000  0.994  0.000  0.000  0.000  0.000  0.000  0.000  0.994
   1.18403    -44.510281  0.000  0.000  0.994  0.000  0.000  0.000  0.000  0.000  0.000  0.994
   1.20977    -44.510247  0.000  0.000  0.994  0.000  0.000  0.000  0.000  0.000  0.000  0.994
   1.23551    -44.510224  0.000  0.000  0.994  0.000  0.000  0.000  0.000  0.000  0.000  0.994
   1.26125    -44.510189  0.000  0.000  0.994  0.000  0.000  0.000  0.000  0.000  0.000  0.994
   1.28699    -44.510147  0.000  0.000  0.994  0.000  0.000  0.000  0.000  0.000  0.000  0.994
   1.31273    -44.510113  0.000  0.000  0.994  0.000  0.000  0.000  0.000  0.000  0.000  0.994
   1.33847    -44.510065  0.000  0.000  0.994  0.000  0.000  0.000  0.000  0.000  0.000  0.994
   1.36421    -44.510014  0.000  0.000  0.994  0.000  0.000  0.000  0.000  0.000  0.000  0.994
   1.38995    -44.509968  0.000  0.000  0.994  0.000  0.000  0.000  0.000  0.000  0.000  0.994
   1.41569    -44.509923  0.000  0.000  0.994  0.000  0.000  0.000  0.000  0.000  0.000  0.994
   1.44143    -44.509871  0.000  0.000  0.994  0.000  0.000  0.000  0.000  0.000  0.000  0.994
   1.46717    -44.509821  0.000  0.000  0.994  0.000  0.000  0.000  0.000  0.000  0.000  0.994
   1.49291    -44.509764  0.000  0.000  0.994  0.000  0.000  0.000  0.000  0.000  0.000  0.994
   1.51865    -44.509718  0.000  0.000  0.994  0.000  0.000  0.000  0.000  0.000  0.000  0.994
   1.54439    -44.509663  0.000  0.000  0.994  0.000  0.000  0.000  0.000  0.000  0.000  0.994
   1.57013    -44.509613  0.000  0.000  0.994  0.000  0.000  0.000  0.000  0.000  0.000  0.994
   1.59587    -44.509561  0.000  0.000  0.994  0.000  0.000  0.000  0.000  0.000  0.000  0.994
   1.62161    -44.509510  0.000  0.000  0.994  0.000  0.000  0.000  0.000  0.000  0.000  0.994
   1.64735    -44.509465  0.000  0.000  0.994  0.000  0.000  0.000  0.000  0.000  0.000  0.994
   1.67309    -44.509418  0.000  0.000  0.994  0.000  0.000  0.000  0.000  0.000  0.000  0.994
   1.69883    -44.509378  0.000  0.000  0.994  0.000  0.000  0.000  0.000  0.000  0.000  0.994
   1.72457    -44.509332  0.000  0.000  0.994  0.000  0.000  0.000  0.000  0.000  0.000  0.994
   1.75031    -44.509289  0.000  0.000  0.994  0.000  0.000  0.000  0.000  0.000  0.000  0.994
   1.77605    -44.509253  0.000  0.000  0.994  0.000  0.000  0.000  0.000  0.000  0.000  0.994
   1.80179    -44.509221  0.000  0.000  0.994  0.000  0.000  0.000  0.000  0.000  0.000  0.994
   1.82753    -44.509196  0.000  0.000  0.994  0.000  0.000  0.000  0.000  0.000  0.000  0.994
   1.85327    -44.509169  0.000  0.000  0.994  0.000  0.000  0.000  0.000  0.000  0.000  0.994
   1.87901    -44.509148  0.000  0.000  0.994  0.000  0.000  0.000  0.000  0.000  0.000  0.994
   1.90475    -44.509126  0.000  0.000  0.994  0.000  0.000  0.000  0.000  0.000  0.000  0.994
   1.93049    -44.509109  0.000  0.000  0.994  0.000  0.000  0.000  0.000  0.000  0.000  0.994
   1.95623    -44.509098  0.000  0.000  0.994  0.000  0.000  0.000  0.000  0.000  0.000  0.994
   1.98197    -44.509088  0.000  0.000  0.994  0.000  0.000  0.000  0.000  0.000  0.000  0.994
   2.00771    -44.509081  0.000  0.000  0.994  0.000  0.000  0.000  0.000  0.000  0.000  0.994
 
# Band-Index:    2
   2.00771    -44.492186  0.000  0.978  0.000  0.016  0.000  0.000  0.000  0.000  0.000  0.994
   1.98197    -44.492186  0.000  0.978  0.000  0.016  0.000  0.000  0.000  0.000  0.000  0.994
   1.95623    -44.492161  0.000  0.977  0.000  0.016  0.000  0.000  0.000  0.000  0.000  0.994
   1.93049    -44.492137  0.000  0.977  0.000  0.017  0.000  0.000  0.000  0.000  0.000  0.994
   1.90475    -44.492118  0.000  0.977  0.000  0.017  0.000  0.000  0.000  0.000  0.000  0.994
   1.87901    -44.492092  0.000  0.976  0.000  0.018  0.000  0.000  0.000  0.000  0.000  0.994
   1.85327    -44.492053  0.000  0.975  0.000  0.019  0.000  0.000  0.000  0.000  0.000  0.994
   1.82753    -44.492004  0.000  0.974  0.000  0.020  0.000  0.000  0.000  0.000  0.000  0.994
   1.80179    -44.491955  0.000  0.973  0.000  0.021  0.000  0.000  0.000  0.000  0.000  0.994
   1.77605    -44.491902  0.000  0.971  0.000  0.023  0.000  0.000  0.000  0.000  0.000  0.994
   1.75031    -44.491844  0.000  0.969  0.000  0.024  0.000  0.000  0.000  0.000  0.000  0.994
   1.72457    -44.491780  0.000  0.967  0.000  0.026  0.000  0.000  0.000  0.000  0.000  0.994
   1.69883    -44.491717  0.000  0.965  0.000  0.029  0.000  0.000  0.000  0.000  0.000  0.994
   1.67309    -44.491642  0.000  0.962  0.000  0.032  0.000  0.000  0.000  0.000  0.000  0.994
   1.64735    -44.491565  0.000  0.958  0.000  0.036  0.000  0.000  0.000  0.000  0.000  0.994
   1.62161    -44.491481  0.000  0.953  0.000  0.041  0.000  0.000  0.000  0.000  0.000  0.994
   1.59587    -44.491407  0.000  0.947  0.000  0.047  0.000  0.000  0.000  0.000  0.000  0.994
   1.57013    -44.491329  0.000  0.940  0.000  0.054  0.000  0.000  0.000  0.000  0.000  0.994
   1.54439    -44.491245  0.000  0.930  0.000  0.064  0.000  0.000  0.000  0.000  0.000  0.994
   1.51865    -44.491162  0.000  0.919  0.000  0.075  0.000  0.000  0.000  0.000  0.000  0.994
   1.49291    -44.491080  0.000  0.903  0.000  0.091  0.000  0.000  0.000  0.000  0.000  0.994
   1.46717    -44.491002  0.000  0.882  0.000  0.112  0.000  0.000  0.000  0.000  0.000  0.994
   1.44143    -44.490919  0.000  0.854  0.000  0.140  0.000  0.000  0.000  0.000  0.000  0.994
   1.41569    -44.490844  0.000  0.820  0.000  0.174  0.000  0.000  0.000  0.000  0.000  0.994
   1.38995    -44.490777  0.000  0.784  0.000  0.210  0.000  0.000  0.000  0.000  0.000  0.994
   1.36421    -44.490715  0.000  0.738  0.000  0.256  0.000  0.000  0.000  0.000  0.000  0.994
   1.33847    -44.490660  0.000  0.681  0.000  0.313  0.000  0.000  0.000  0.000  0.000  0.994
   1.31273    -44.490609  0.000  0.618  0.000  0.376  0.000  0.000  0.000  0.000  0.000  0.994
   1.28699    -44.490564  0.000  0.564  0.000  0.430  0.000  0.000  0.000  0.000  0.000  0.994
   1.26125    -44.490525  0.000  0.488  0.000  0.507  0.000  0.000  0.000  0.000  0.000  0.994
   1.23551    -44.490490  0.000  0.426  0.000  0.568  0.000  0.000  0.000  0.000  0.000  0.994
   1.20977    -44.490457  0.000  0.373  0.000  0.622  0.000  0.000  0.000  0.000  0.000  0.994
   1.18403    -44.490432  0.000  0.319  0.000  0.675  0.000  0.000  0.000  0.000  0.000  0.994
   1.15829    -44.490414  0.000  0.289  0.000  0.705  0.000  0.000  0.000  0.000  0.000  0.994
   1.13255    -44.490397  0.000  0.260  0.000  0.734  0.000  0.000  0.000  0.000  0.000  0.994
   1.10681    -44.490384  0.000  0.239  0.000  0.755  0.000  0.000  0.000  0.000  0.000  0.994
   1.08107    -44.490373  0.000  0.225  0.000  0.769  0.000  0.000  0.000  0.000  0.000  0.994
   1.05534    -44.490369  0.000  0.215  0.000  0.779  0.000  0.000  0.000  0.000  0.000  0.994
   1.02960    -44.490377  0.000  0.208  0.000  0.787  0.000  0.000  0.000  0.000  0.000  0.994
   1.00386    -44.490377  0.000  0.210  0.000  0.784  0.000  0.000  0.000  0.000  0.000  0.994
   1.00386    -44.490377  0.000  0.210  0.000  0.784  0.000  0.000  0.000  0.000  0.000  0.994
   0.97812    -44.490377  0.000  0.207  0.000  0.787  0.000  0.000  0.000  0.000  0.000  0.994
   0.95238    -44.490370  0.000  0.214  0.000  0.780  0.000  0.000  0.000  0.000  0.000  0.994
   0.92664    -44.490374  0.000  0.224  0.000  0.770  0.000  0.000  0.000  0.000  0.000  0.994
   0.90090    -44.490385  0.000  0.239  0.000  0.755  0.000  0.000  0.000  0.000  0.000  0.994
   0.87516    -44.490398  0.000  0.259  0.000  0.735  0.000  0.000  0.000  0.000  0.000  0.994
   0.84942    -44.490414  0.000  0.288  0.000  0.706  0.000  0.000  0.000  0.000  0.000  0.994
   0.82368    -44.490432  0.000  0.320  0.000  0.674  0.000  0.000  0.000  0.000  0.000  0.994
   0.79794    -44.490457  0.000  0.372  0.000  0.622  0.000  0.000  0.000  0.000  0.000  0.994
   0.77220    -44.490490  0.000  0.426  0.000  0.568  0.000  0.000  0.000  0.000  0.000  0.994
   0.74646    -44.490525  0.000  0.488  0.000  0.506  0.000  0.000  0.000  0.000  0.000  0.994
   0.72072    -44.490565  0.000  0.563  0.000  0.431  0.000  0.000  0.000  0.000  0.000  0.994
   0.69498    -44.490608  0.000  0.618  0.000  0.376  0.000  0.000  0.000  0.000  0.000  0.994
   0.66924    -44.490659  0.000  0.681  0.000  0.313  0.000  0.000  0.000  0.000  0.000  0.994
   0.64350    -44.490714  0.000  0.739  0.000  0.255  0.000  0.000  0.000  0.000  0.000  0.994
   0.61776    -44.490777  0.000  0.784  0.000  0.210  0.000  0.000  0.000  0.000  0.000  0.994
   0.59202    -44.490842  0.000  0.820  0.000  0.174  0.000  0.000  0.000  0.000  0.000  0.994
   0.56628    -44.490917  0.000  0.854  0.000  0.140  0.000  0.000  0.000  0.000  0.000  0.994
   0.54054    -44.491001  0.000  0.882  0.000  0.112  0.000  0.000  0.000  0.000  0.000  0.994
   0.51480    -44.491080  0.000  0.903  0.000  0.091  0.000  0.000  0.000  0.000  0.000  0.994
   0.48906    -44.491162  0.000  0.919  0.000  0.075  0.000  0.000  0.000  0.000  0.000  0.994
   0.46332    -44.491246  0.000  0.931  0.000  0.063  0.000  0.000  0.000  0.000  0.000  0.994
   0.43758    -44.491329  0.000  0.940  0.000  0.054  0.000  0.000  0.000  0.000  0.000  0.994
   0.41184    -44.491408  0.000  0.947  0.000  0.046  0.000  0.000  0.000  0.000  0.000  0.994
   0.38610    -44.491481  0.000  0.953  0.000  0.041  0.000  0.000  0.000  0.000  0.000  0.994
   0.36036    -44.491566  0.000  0.958  0.000  0.036  0.000  0.000  0.000  0.000  0.000  0.994
   0.33462    -44.491642  0.000  0.962  0.000  0.032  0.000  0.000  0.000  0.000  0.000  0.994
   0.30888    -44.491719  0.000  0.965  0.000  0.029  0.000  0.000  0.000  0.000  0.000  0.994
   0.28314    -44.491781  0.000  0.967  0.000  0.026  0.000  0.000  0.000  0.000  0.000  0.994
   0.25740    -44.491845  0.000  0.970  0.000  0.024  0.000  0.000  0.000  0.000  0.000  0.994
   0.23166    -44.491903  0.000  0.971  0.000  0.023  0.000  0.000  0.000  0.000  0.000  0.994
   0.20592    -44.491956  0.000  0.973  0.000  0.021  0.000  0.000  0.000  0.000  0.000  0.994
   0.18018    -44.492005  0.000  0.974  0.000  0.020  0.000  0.000  0.000  0.000  0.000  0.994
   0.15444    -44.492053  0.000  0.975  0.000  0.019  0.000  0.000  0.000  0.000  0.000  0.994
   0.12870    -44.492091  0.000  0.976  0.000  0.018  0.000  0.000  0.000  0.000  0.000  0.994
   0.10296    -44.492118  0.000  0.977  0.000  0.017  0.000  0.000  0.000  0.000  0.000  0.994
   0.07722    -44.492138  0.000  0.977  0.000  0.017  0.000  0.000  0.000  0.000  0.000  0.994
   0.05148    -44.492161  0.000  0.977  0.000  0.016  0.000  0.000  0.000  0.000  0.000  0.994
   0.02574    -44.492187  0.000  0.978  0.000  0.016  0.000  0.000  0.000  0.000  0.000  0.994
   0.00000    -44.492186  0.000  0.978  0.000  0.016  0.000  0.000  0.000  0.000  0.000  0.994
 
# Band-Index:    3
   0.00000    -44.490709  0.000  0.016  0.000  0.978  0.000  0.000  0.000  0.000  0.000  0.994
   0.02574    -44.490708  0.000  0.016  0.000  0.978  0.000  0.000  0.000  0.000  0.000  0.994
   0.05148    -44.490704  0.000  0.016  0.000  0.978  0.000  0.000  0.000  0.000  0.000  0.994
   0.07722    -44.490697  0.000  0.017  0.000  0.977  0.000  0.000  0.000  0.000  0.000  0.994
   0.10296    -44.490695  0.000  0.017  0.000  0.977  0.000  0.000  0.000  0.000  0.000  0.994
   0.12870    -44.490696  0.000  0.018  0.000  0.976  0.000  0.000  0.000  0.000  0.000  0.994
   0.15444    -44.490690  0.000  0.019  0.000  0.975  0.000  0.000  0.000  0.000  0.000  0.994
   0.18018    -44.490682  0.000  0.020  0.000  0.974  0.000  0.000  0.000  0.000  0.000  0.994
   0.20592    -44.490667  0.000  0.021  0.000  0.973  0.000  0.000  0.000  0.000  0.000  0.994
   0.23166    -44.490656  0.000  0.023  0.000  0.972  0.000  0.000  0.000  0.000  0.000  0.994
   0.25740    -44.490642  0.000  0.024  0.000  0.970  0.000  0.000  0.000  0.000  0.000  0.994
   0.28314    -44.490625  0.000  0.026  0.000  0.968  0.000  0.000  0.000  0.000  0.000  0.994
   0.30888    -44.490609  0.000  0.029  0.000  0.965  0.000  0.000  0.000  0.000  0.000  0.994
   0.33462    -44.490589  0.000  0.032  0.000  0.962  0.000  0.000  0.000  0.000  0.000  0.994
   0.36036    -44.490570  0.000  0.036  0.000  0.958  0.000  0.000  0.000  0.000  0.000  0.994
   0.38610    -44.490544  0.000  0.041  0.000  0.953  0.000  0.000  0.000  0.000  0.000  0.994
   0.41184    -44.490527  0.000  0.047  0.000  0.948  0.000  0.000  0.000  0.000  0.000  0.994
   0.43758    -44.490505  0.000  0.054  0.000  0.941  0.000  0.000  0.000  0.000  0.000  0.994
   0.46332    -44.490484  0.000  0.063  0.000  0.931  0.000  0.000  0.000  0.000  0.000  0.994
   0.48906    -44.490457  0.000  0.075  0.000  0.919  0.000  0.000  0.000  0.000  0.000  0.994
   0.51480    -44.490435  0.000  0.091  0.000  0.903  0.000  0.000  0.000  0.000  0.000  0.994
   0.54054    -44.490412  0.000  0.112  0.000  0.882  0.000  0.000  0.000  0.000  0.000  0.994
   0.56628    -44.490383  0.000  0.141  0.000  0.854  0.000  0.000  0.000  0.000  0.000  0.994
   0.59202    -44.490352  0.000  0.174  0.000  0.820  0.000  0.000  0.000  0.000  0.000  0.994
   0.61776    -44.490320  0.000  0.210  0.000  0.784  0.000  0.000  0.000  0.000  0.000  0.994
   0.64350    -44.490288  0.000  0.255  0.000  0.739  0.000  0.000  0.000  0.000  0.000  0.994
   0.66924    -44.490258  0.000  0.313  0.000  0.681  0.000  0.000  0.000  0.000  0.000  0.994
   0.69498    -44.490224  0.000  0.376  0.000  0.618  0.000  0.000  0.000  0.000  0.000  0.994
   0.72072    -44.490189  0.000  0.431  0.000  0.563  0.000  0.000  0.000  0.000  0.000  0.994
   0.74646    -44.490152  0.000  0.507  0.000  0.488  0.000  0.000  0.000  0.000  0.000  0.994
   0.77220    -44.490113  0.000  0.568  0.000  0.426  0.000  0.000  0.000  0.000  0.000  0.994
   0.79794    -44.490072  0.000  0.622  0.000  0.372  0.000  0.000  0.000  0.000  0.000  0.994
   0.82368    -44.490033  0.000  0.674  0.000  0.320  0.000  0.000  0.000  0.000  0.000  0.994
   0.84942    -44.490003  0.000  0.706  0.000  0.288  0.000  0.000  0.000  0.000  0.000  0.994
   0.87516    -44.489973  0.000  0.735  0.000  0.259  0.000  0.000  0.000  0.000  0.000  0.994
   0.90090    -44.489948  0.000  0.755  0.000  0.239  0.000  0.000  0.000  0.000  0.000  0.994
   0.92664    -44.489928  0.000  0.770  0.000  0.224  0.000  0.000  0.000  0.000  0.000  0.994
   0.95238    -44.489916  0.000  0.780  0.000  0.214  0.000  0.000  0.000  0.000  0.000  0.994
   0.97812    -44.489917  0.000  0.788  0.000  0.207  0.000  0.000  0.000  0.000  0.000  0.994
   1.00386    -44.489920  0.000  0.784  0.000  0.210  0.000  0.000  0.000  0.000  0.000  0.994
   1.00386    -44.489920  0.000  0.784  0.000  0.210  0.000  0.000  0.000  0.000  0.000  0.994
   1.02960    -44.489918  0.000  0.787  0.000  0.208  0.000  0.000  0.000  0.000  0.000  0.994
   1.05534    -44.489916  0.000  0.779  0.000  0.216  0.000  0.000  0.000  0.000  0.000  0.994
   1.08107    -44.489927  0.000  0.769  0.000  0.225  0.000  0.000  0.000  0.000  0.000  0.994
   1.10681    -44.489948  0.000  0.755  0.000  0.239  0.000  0.000  0.000  0.000  0.000  0.994
   1.13255    -44.489973  0.000  0.734  0.000  0.260  0.000  0.000  0.000  0.000  0.000  0.994
   1.15829    -44.490003  0.000  0.706  0.000  0.289  0.000  0.000  0.000  0.000  0.000  0.994
   1.18403    -44.490032  0.000  0.675  0.000  0.319  0.000  0.000  0.000  0.000  0.000  0.994
   1.20977    -44.490072  0.000  0.622  0.000  0.373  0.000  0.000  0.000  0.000  0.000  0.994
   1.23551    -44.490113  0.000  0.568  0.000  0.426  0.000  0.000  0.000  0.000  0.000  0.994
   1.26125    -44.490152  0.000  0.507  0.000  0.488  0.000  0.000  0.000  0.000  0.000  0.994
   1.28699    -44.490188  0.000  0.430  0.000  0.564  0.000  0.000  0.000  0.000  0.000  0.994
   1.31273    -44.490225  0.000  0.376  0.000  0.619  0.000  0.000  0.000  0.000  0.000  0.994
   1.33847    -44.490259  0.000  0.313  0.000  0.681  0.000  0.000  0.000  0.000  0.000  0.994
   1.36421    -44.490289  0.000  0.256  0.000  0.738  0.000  0.000  0.000  0.000  0.000  0.994
   1.38995    -44.490321  0.000  0.210  0.000  0.784  0.000  0.000  0.000  0.000  0.000  0.994
   1.41569    -44.490353  0.000  0.174  0.000  0.821  0.000  0.000  0.000  0.000  0.000  0.994
   1.44143    -44.490384  0.000  0.140  0.000  0.854  0.000  0.000  0.000  0.000  0.000  0.994
   1.46717    -44.490414  0.000  0.112  0.000  0.882  0.000  0.000  0.000  0.000  0.000  0.994
   1.49291    -44.490435  0.000  0.091  0.000  0.903  0.000  0.000  0.000  0.000  0.000  0.994
   1.51865    -44.490458  0.000  0.075  0.000  0.919  0.000  0.000  0.000  0.000  0.000  0.994
   1.54439    -44.490484  0.000  0.064  0.000  0.931  0.000  0.000  0.000  0.000  0.000  0.994
   1.57013    -44.490507  0.000  0.054  0.000  0.940  0.000  0.000  0.000  0.000  0.000  0.994
   1.59587    -44.490529  0.000  0.047  0.000  0.947  0.000  0.000  0.000  0.000  0.000  0.994
   1.62161    -44.490546  0.000  0.041  0.000  0.953  0.000  0.000  0.000  0.000  0.000  0.994
   1.64735    -44.490572  0.000  0.036  0.000  0.958  0.000  0.000  0.000  0.000  0.000  0.994
   1.67309    -44.490590  0.000  0.032  0.000  0.962  0.000  0.000  0.000  0.000  0.000  0.994
   1.69883    -44.490609  0.000  0.029  0.000  0.965  0.000  0.000  0.000  0.000  0.000  0.994
   1.72457    -44.490625  0.000  0.027  0.000  0.968  0.000  0.000  0.000  0.000  0.000  0.994
   1.75031    -44.490643  0.000  0.024  0.000  0.970  0.000  0.000  0.000  0.000  0.000  0.994
   1.77605    -44.490657  0.000  0.023  0.000  0.972  0.000  0.000  0.000  0.000  0.000  0.994
   1.80179    -44.490667  0.000  0.021  0.000  0.973  0.000  0.000  0.000  0.000  0.000  0.994
   1.82753    -44.490682  0.000  0.020  0.000  0.974  0.000  0.000  0.000  0.000  0.000  0.994
   1.85327    -44.490691  0.000  0.019  0.000  0.975  0.000  0.000  0.000  0.000  0.000  0.994
   1.87901    -44.490697  0.000  0.018  0.000  0.976  0.000  0.000  0.000  0.000  0.000  0.994
   1.90475    -44.490695  0.000  0.017  0.000  0.977  0.000  0.000  0.000  0.000  0.000  0.994
   1.93049    -44.490697  0.000  0.017  0.000  0.977  0.000  0.000  0.000  0.000  0.000  0.994
   1.95623    -44.490704  0.000  0.016  0.000  0.978  0.000  0.000  0.000  0.000  0.000  0.994
   1.98197    -44.490708  0.000  0.016  0.000  0.978  0.000  0.000  0.000  0.000  0.000  0.994
   2.00771    -44.490709  0.000  0.016  0.000  0.978  0.000  0.000  0.000  0.000  0.000  0.994
 
# Band-Index:    4
   2.00771    -40.751754  0.000  0.000  0.994  0.000  0.000  0.000  0.000  0.000  0.000  0.994
   1.98197    -40.751759  0.000  0.000  0.994  0.000  0.000  0.000  0.000  0.000  0.000  0.994
   1.95623    -40.751760  0.000  0.000  0.994  0.000  0.000  0.000  0.000  0.000  0.000  0.994
   1.93049    -40.751754  0.000  0.000  0.994  0.000  0.000  0.000  0.000  0.000  0.000  0.994
   1.90475    -40.751750  0.000  0.000  0.994  0.000  0.000  0.000  0.000  0.000  0.000  0.994
   1.87901    -40.751745  0.000  0.000  0.994  0.000  0.000  0.000  0.000  0.000  0.000  0.994
   1.85327    -40.751730  0.000  0.000  0.994  0.000  0.000  0.000  0.000  0.000  0.000  0.994
   1.82753    -40.751714  0.000  0.000  0.994  0.000  0.000  0.000  0.000  0.000  0.000  0.994
   1.80179    -40.751689  0.000  0.000  0.994  0.000  0.000  0.000  0.000  0.000  0.000  0.994
   1.77605    -40.751669  0.000  0.000  0.994  0.000  0.000  0.000  0.000  0.000  0.000  0.994
   1.75031    -40.751647  0.000  0.000  0.994  0.000  0.000  0.000  0.000  0.000  0.000  0.994
   1.72457    -40.751628  0.000  0.000  0.994  0.000  0.000  0.000  0.000  0.000  0.000  0.994
   1.69883    -40.751611  0.000  0.000  0.994  0.000  0.000  0.000  0.000  0.000  0.000  0.994
   1.67309    -40.751579  0.000  0.000  0.994  0.000  0.000  0.000  0.000  0.000  0.000  0.994
   1.64735    -40.751551  0.000  0.000  0.994  0.000  0.000  0.000  0.000  0.000  0.000  0.994
   1.62161    -40.751520  0.000  0.000  0.994  0.000  0.000  0.000  0.000  0.000  0.000  0.994
   1.59587    -40.751493  0.000  0.000  0.994  0.000  0.000  0.000  0.000  0.000  0.000  0.994
   1.57013    -40.751464  0.000  0.000  0.994  0.000  0.000  0.000  0.000  0.000  0.000  0.994
   1.54439    -40.751431  0.000  0.000  0.994  0.000  0.000  0.000  0.000  0.000  0.000  0.994
   1.51865    -40.751405  0.000  0.000  0.994  0.000  0.000  0.000  0.000  0.000  0.000  0.994
   1.49291    -40.751364  0.000  0.000  0.994  0.000  0.000  0.000  0.000  0.000  0.000  0.994
   1.46717    -40.751341  0.000  0.000  0.994  0.000  0.000  0.000  0.000  0.000  0.000  0.994
   1.44143    -40.751308  0.000  0.000  0.994  0.000  0.000  0.000  0.000  0.000  0.000  0.994
   1.41569    -40.751279  0.000  0.000  0.994  0.000  0.000  0.000  0.000  0.000  0.000  0.994
   1.38995    -40.751243  0.000  0.000  0.994  0.000  0.000  0.000  0.000  0.000  0.000  0.994
   1.36421    -40.751212  0.000  0.000  0.994  0.000  0.000  0.000  0.000  0.000  0.000  0.994
   1.33847    -40.751189  0.000  0.000  0.994  0.000  0.000  0.000  0.000  0.000  0.000  0.994
   1.31273    -40.751169  0.000  0.000  0.994  0.000  0.000  0.000  0.000  0.000  0.000  0.994
   1.28699    -40.751134  0.000  0.000  0.994  0.000  0.000  0.000  0.000  0.000  0.000  0.994
   1.26125    -40.751114  0.000  0.000  0.994  0.000  0.000  0.000  0.000  0.000  0.000  0.994
   1.23551    -40.751091  0.000  0.000  0.994  0.000  0.000  0.000  0.000  0.000  0.000  0.994
   1.20977    -40.751054  0.000  0.000  0.994  0.000  0.000  0.000  0.000  0.000  0.000  0.994
   1.18403    -40.751042  0.000  0.000  0.993  0.000  0.000  0.000  0.000  0.000  0.000  0.994
   1.15829    -40.751022  0.000  0.000  0.993  0.000  0.000  0.000  0.000  0.000  0.000  0.994
   1.13255    -40.751010  0.000  0.000  0.993  0.000  0.000  0.000  0.000  0.000  0.000  0.994
   1.10681    -40.750998  0.000  0.000  0.993  0.000  0.000  0.000  0.000  0.000  0.000  0.994
   1.08107    -40.750991  0.000  0.000  0.993  0.000  0.000  0.000  0.000  0.000  0.000  0.994
   1.05534    -40.750993  0.000  0.000  0.993  0.000  0.000  0.000  0.000  0.000  0.000  0.994
   1.02960    -40.751010  0.000  0.000  0.993  0.000  0.000  0.000  0.000  0.000  0.000  0.994
   1.00386    -40.751011  0.000  0.000  0.993  0.000  0.000  0.000  0.000  0.000  0.000  0.994
   1.00386    -40.751011  0.000  0.000  0.993  0.000  0.000  0.000  0.000  0.000  0.000  0.994
   0.97812    -40.751007  0.000  0.000  0.993  0.000  0.000  0.000  0.000  0.000  0.000  0.994
   0.95238    -40.750995  0.000  0.000  0.993  0.000  0.000  0.000  0.000  0.000  0.000  0.994
   0.92664    -40.750997  0.000  0.000  0.993  0.000  0.000  0.000  0.000  0.000  0.000  0.994
   0.90090    -40.751002  0.000  0.000  0.993  0.000  0.000  0.000  0.000  0.000  0.000  0.994
   0.87516    -40.751011  0.000  0.000  0.993  0.000  0.000  0.000  0.000  0.000  0.000  0.994
   0.84942    -40.751026  0.000  0.000  0.993  0.000  0.000  0.000  0.000  0.000  0.000  0.994
   0.82368    -40.751041  0.000  0.000  0.993  0.000  0.000  0.000  0.000  0.000  0.000  0.994
   0.79794    -40.751056  0.000  0.000  0.994  0.000  0.000  0.000  0.000  0.000  0.000  0.994
   0.77220    -40.751089  0.000  0.000  0.994  0.000  0.000  0.000  0.000  0.000  0.000  0.994
   0.74646    -40.751112  0.000  0.000  0.994  0.000  0.000  0.000  0.000  0.000  0.000  0.994
   0.72072    -40.751133  0.000  0.000  0.994  0.000  0.000  0.000  0.000  0.000  0.000  0.994
   0.69498    -40.751167  0.000  0.000  0.994  0.000  0.000  0.000  0.000  0.000  0.000  0.994
   0.66924    -40.751188  0.000  0.000  0.994  0.000  0.000  0.000  0.000  0.000  0.000  0.994
   0.64350    -40.751208  0.000  0.000  0.994  0.000  0.000  0.000  0.000  0.000  0.000  0.994
   0.61776    -40.751240  0.000  0.000  0.994  0.000  0.000  0.000  0.000  0.000  0.000  0.994
   0.59202    -40.751276  0.000  0.000  0.994  0.000  0.000  0.000  0.000  0.000  0.000  0.994
   0.56628    -40.751306  0.000  0.000  0.994  0.000  0.000  0.000  0.000  0.000  0.000  0.994
   0.54054    -40.751340  0.000  0.000  0.994  0.000  0.000  0.000  0.000  0.000  0.000  0.994
   0.51480    -40.751363  0.000  0.000  0.994  0.000  0.000  0.000  0.000  0.000  0.000  0.994
   0.48906    -40.751403  0.000  0.000  0.994  0.000  0.000  0.000  0.000  0.000  0.000  0.994
   0.46332    -40.751430  0.000  0.000  0.994  0.000  0.000  0.000  0.000  0.000  0.000  0.994
   0.43758    -40.751461  0.000  0.000  0.994  0.000  0.000  0.000  0.000  0.000  0.000  0.994
   0.41184    -40.751489  0.000  0.000  0.994  0.000  0.000  0.000  0.000  0.000  0.000  0.994
   0.38610    -40.751516  0.000  0.000  0.994  0.000  0.000  0.000  0.000  0.000  0.000  0.994
   0.36036    -40.751548  0.000  0.000  0.994  0.000  0.000  0.000  0.000  0.000  0.000  0.994
   0.33462    -40.751575  0.000  0.000  0.994  0.000  0.000  0.000  0.000  0.000  0.000  0.994
   0.30888    -40.751610  0.000  0.000  0.994  0.000  0.000  0.000  0.000  0.000  0.000  0.994
   0.28314    -40.751629  0.000  0.000  0.994  0.000  0.000  0.000  0.000  0.000  0.000  0.994
   0.25740    -40.751650  0.000  0.000  0.994  0.000  0.000  0.000  0.000  0.000  0.000  0.994
   0.23166    -40.751672  0.000  0.000  0.994  0.000  0.000  0.000  0.000  0.000  0.000  0.994
   0.20592    -40.751696  0.000  0.000  0.994  0.000  0.000  0.000  0.000  0.000  0.000  0.994
   0.18018    -40.751720  0.000  0.000  0.994  0.000  0.000  0.000  0.000  0.000  0.000  0.994
   0.15444    -40.751735  0.000  0.000  0.994  0.000  0.000  0.000  0.000  0.000  0.000  0.994
   0.12870    -40.751750  0.000  0.000  0.994  0.000  0.000  0.000  0.000  0.000  0.000  0.994
   0.10296    -40.751755  0.000  0.000  0.994  0.000  0.000  0.000  0.000  0.000  0.000  0.994
   0.07722    -40.751761  0.000  0.000  0.994  0.000  0.000  0.000  0.000  0.000  0.000  0.994
   0.05148    -40.751764  0.000  0.000  0.994  0.000  0.000  0.000  0.000  0.000  0.000  0.994
   0.02574    -40.751763  0.000  0.000  0.994  0.000  0.000  0.000  0.000  0.000  0.000  0.994
   0.00000    -40.751754  0.000  0.000  0.994  0.000  0.000  0.000  0.000  0.000  0.000  0.994
 
# Band-Index:    5
   0.00000    -40.697816  0.000  0.932  0.000  0.062  0.000  0.000  0.000  0.000  0.000  0.994
   0.02574    -40.697817  0.000  0.932  0.000  0.062  0.000  0.000  0.000  0.000  0.000  0.994
   0.05148    -40.697778  0.000  0.930  0.000  0.064  0.000  0.000  0.000  0.000  0.000  0.994
   0.07722    -40.697746  0.000  0.929  0.000  0.065  0.000  0.000  0.000  0.000  0.000  0.994
   0.10296    -40.697720  0.000  0.927  0.000  0.067  0.000  0.000  0.000  0.000  0.000  0.994
   0.12870    -40.697684  0.000  0.924  0.000  0.070  0.000  0.000  0.000  0.000  0.000  0.994
   0.15444    -40.697632  0.000  0.921  0.000  0.073  0.000  0.000  0.000  0.000  0.000  0.994
   0.18018    -40.697570  0.000  0.916  0.000  0.078  0.000  0.000  0.000  0.000  0.000  0.994
   0.20592    -40.697505  0.000  0.912  0.000  0.082  0.000  0.000  0.000  0.000  0.000  0.994
   0.23166    -40.697433  0.000  0.906  0.000  0.088  0.000  0.000  0.000  0.000  0.000  0.994
   0.25740    -40.697355  0.000  0.900  0.000  0.094  0.000  0.000  0.000  0.000  0.000  0.994
   0.28314    -40.697270  0.000  0.892  0.000  0.102  0.000  0.000  0.000  0.000  0.000  0.994
   0.30888    -40.697190  0.000  0.883  0.000  0.110  0.000  0.000  0.000  0.000  0.000  0.994
   0.33462    -40.697087  0.000  0.871  0.000  0.123  0.000  0.000  0.000  0.000  0.000  0.994
   0.36036    -40.696985  0.000  0.857  0.000  0.137  0.000  0.000  0.000  0.000  0.000  0.994
   0.38610    -40.696874  0.000  0.841  0.000  0.153  0.000  0.000  0.000  0.000  0.000  0.994
   0.41184    -40.696785  0.000  0.823  0.000  0.171  0.000  0.000  0.000  0.000  0.000  0.994
   0.43758    -40.696683  0.000  0.800  0.000  0.194  0.000  0.000  0.000  0.000  0.000  0.994
   0.46332    -40.696582  0.000  0.772  0.000  0.222  0.000  0.000  0.000  0.000  0.000  0.994
   0.48906    -40.696477  0.000  0.741  0.000  0.252  0.000  0.000  0.000  0.000  0.000  0.994
   0.51480    -40.696380  0.000  0.702  0.000  0.292  0.000  0.000  0.000  0.000  0.000  0.994
   0.54054    -40.696289  0.000  0.659  0.000  0.335  0.000  0.000  0.000  0.000  0.000  0.994
   0.56628    -40.696193  0.000  0.611  0.000  0.383  0.000  0.000  0.000  0.000  0.000  0.994
   0.59202    -40.696109  0.000  0.565  0.000  0.429  0.000  0.000  0.000  0.000  0.000  0.994
   0.61776    -40.696037  0.000  0.527  0.000  0.467  0.000  0.000  0.000  0.000  0.000  0.994
   0.64350    -40.695971  0.000  0.486  0.000  0.508  0.000  0.000  0.000  0.000  0.000  0.994
   0.66924    -40.695916  0.000  0.443  0.000  0.551  0.000  0.000  0.000  0.000  0.000  0.994
   0.69498    -40.695862  0.000  0.403  0.000  0.591  0.000  0.000  0.000  0.000  0.000  0.994
   0.72072    -40.695816  0.000  0.375  0.000  0.619  0.000  0.000  0.000  0.000  0.000  0.994
   0.74646    -40.695774  0.000  0.338  0.000  0.656  0.000  0.000  0.000  0.000  0.000  0.994
   0.77220    -40.695734  0.000  0.310  0.000  0.684  0.000  0.000  0.000  0.000  0.000  0.994
   0.79794    -40.695694  0.000  0.286  0.000  0.708  0.000  0.000  0.000  0.000  0.000  0.994
   0.82368    -40.695662  0.000  0.262  0.000  0.732  0.000  0.000  0.000  0.000  0.000  0.994
   0.84942    -40.695640  0.000  0.248  0.000  0.746  0.000  0.000  0.000  0.000  0.000  0.994
   0.87516    -40.695618  0.000  0.234  0.000  0.760  0.000  0.000  0.000  0.000  0.000  0.994
   0.90090    -40.695601  0.000  0.224  0.000  0.770  0.000  0.000  0.000  0.000  0.000  0.994
   0.92664    -40.695587  0.000  0.216  0.000  0.778  0.000  0.000  0.000  0.000  0.000  0.994
   0.95238    -40.695583  0.000  0.210  0.000  0.784  0.000  0.000  0.000  0.000  0.000  0.994
   0.97812    -40.695590  0.000  0.206  0.000  0.788  0.000  0.000  0.000  0.000  0.000  0.994
   1.00386    -40.695592  0.000  0.208  0.000  0.786  0.000  0.000  0.000  0.000  0.000  0.994
   1.00386    -40.695592  0.000  0.208  0.000  0.786  0.000  0.000  0.000  0.000  0.000  0.994
   1.02960    -40.695592  0.000  0.207  0.000  0.787  0.000  0.000  0.000  0.000  0.000  0.994
   1.05534    -40.695575  0.000  0.212  0.000  0.782  0.000  0.000  0.000  0.000  0.000  0.994
   1.08107    -40.695580  0.000  0.217  0.000  0.777  0.000  0.000  0.000  0.000  0.000  0.994
   1.10681    -40.695597  0.000  0.224  0.000  0.770  0.000  0.000  0.000  0.000  0.000  0.994
   1.13255    -40.695615  0.000  0.235  0.000  0.759  0.000  0.000  0.000  0.000  0.000  0.994
   1.15829    -40.695637  0.000  0.248  0.000  0.746  0.000  0.000  0.000  0.000  0.000  0.994
   1.18403    -40.695660  0.000  0.262  0.000  0.732  0.000  0.000  0.000  0.000  0.000  0.994
   1.20977    -40.695691  0.000  0.287  0.000  0.707  0.000  0.000  0.000  0.000  0.000  0.994
   1.23551    -40.695733  0.000  0.312  0.000  0.682  0.000  0.000  0.000  0.000  0.000  0.994
   1.26125    -40.695773  0.000  0.341  0.000  0.653  0.000  0.000  0.000  0.000  0.000  0.994
   1.28699    -40.695813  0.000  0.380  0.000  0.614  0.000  0.000  0.000  0.000  0.000  0.994
   1.31273    -40.695865  0.000  0.408  0.000  0.586  0.000  0.000  0.000  0.000  0.000  0.994
   1.33847    -40.695919  0.000  0.447  0.000  0.547  0.000  0.000  0.000  0.000  0.000  0.994
   1.36421    -40.695976  0.000  0.488  0.000  0.506  0.000  0.000  0.000  0.000  0.000  0.994
   1.38995    -40.696042  0.000  0.528  0.000  0.466  0.000  0.000  0.000  0.000  0.000  0.994
   1.41569    -40.696116  0.000  0.569  0.000  0.425  0.000  0.000  0.000  0.000  0.000  0.994
   1.44143    -40.696201  0.000  0.615  0.000  0.379  0.000  0.000  0.000  0.000  0.000  0.994
   1.46717    -40.696294  0.000  0.661  0.000  0.333  0.000  0.000  0.000  0.000  0.000  0.994
   1.49291    -40.696381  0.000  0.702  0.000  0.292  0.000  0.000  0.000  0.000  0.000  0.994
   1.51865    -40.696476  0.000  0.739  0.000  0.255  0.000  0.000  0.000  0.000  0.000  0.994
   1.54439    -40.696578  0.000  0.770  0.000  0.223  0.000  0.000  0.000  0.000  0.000  0.994
   1.57013    -40.696683  0.000  0.798  0.000  0.195  0.000  0.000  0.000  0.000  0.000  0.994
   1.59587    -40.696780  0.000  0.820  0.000  0.174  0.000  0.000  0.000  0.000  0.000  0.994
   1.62161    -40.696874  0.000  0.839  0.000  0.154  0.000  0.000  0.000  0.000  0.000  0.994
   1.64735    -40.696982  0.000  0.856  0.000  0.138  0.000  0.000  0.000  0.000  0.000  0.994
   1.67309    -40.697084  0.000  0.870  0.000  0.123  0.000  0.000  0.000  0.000  0.000  0.994
   1.69883    -40.697182  0.000  0.882  0.000  0.111  0.000  0.000  0.000  0.000  0.000  0.994
   1.72457    -40.697265  0.000  0.891  0.000  0.103  0.000  0.000  0.000  0.000  0.000  0.994
   1.75031    -40.697351  0.000  0.899  0.000  0.095  0.000  0.000  0.000  0.000  0.000  0.994
   1.77605    -40.697427  0.000  0.905  0.000  0.088  0.000  0.000  0.000  0.000  0.000  0.994
   1.80179    -40.697497  0.000  0.911  0.000  0.083  0.000  0.000  0.000  0.000  0.000  0.994
   1.82753    -40.697565  0.000  0.916  0.000  0.078  0.000  0.000  0.000  0.000  0.000  0.994
   1.85327    -40.697635  0.000  0.920  0.000  0.073  0.000  0.000  0.000  0.000  0.000  0.994
   1.87901    -40.697689  0.000  0.924  0.000  0.070  0.000  0.000  0.000  0.000  0.000  0.994
   1.90475    -40.697721  0.000  0.927  0.000  0.067  0.000  0.000  0.000  0.000  0.000  0.994
   1.93049    -40.697745  0.000  0.928  0.000  0.065  0.000  0.000  0.000  0.000  0.000  0.994
   1.95623    -40.697779  0.000  0.930  0.000  0.064  0.000  0.000  0.000  0.000  0.000  0.994
   1.98197    -40.697817  0.000  0.932  0.000  0.062  0.000  0.000  0.000  0.000  0.000  0.994
   2.00771    -40.697816  0.000  0.932  0.000  0.062  0.000  0.000  0.000  0.000  0.000  0.994
 
# Band-Index:    6
   2.00771    -40.695864  0.000  0.062  0.000  0.932  0.000  0.000  0.000  0.000  0.000  0.994
   1.98197    -40.695863  0.000  0.062  0.000  0.932  0.000  0.000  0.000  0.000  0.000  0.994
   1.95623    -40.695857  0.000  0.064  0.000  0.930  0.000  0.000  0.000  0.000  0.000  0.994
   1.93049    -40.695843  0.000  0.065  0.000  0.929  0.000  0.000  0.000  0.000  0.000  0.994
   1.90475    -40.695842  0.000  0.067  0.000  0.927  0.000  0.000  0.000  0.000  0.000  0.994
   1.87901    -40.695845  0.000  0.070  0.000  0.924  0.000  0.000  0.000  0.000  0.000  0.994
   1.85327    -40.695834  0.000  0.073  0.000  0.921  0.000  0.000  0.000  0.000  0.000  0.994
   1.82753    -40.695816  0.000  0.078  0.000  0.916  0.000  0.000  0.000  0.000  0.000  0.994
   1.80179    -40.695791  0.000  0.083  0.000  0.911  0.000  0.000  0.000  0.000  0.000  0.994
   1.77605    -40.695772  0.000  0.088  0.000  0.906  0.000  0.000  0.000  0.000  0.000  0.994
   1.75031    -40.695749  0.000  0.095  0.000  0.899  0.000  0.000  0.000  0.000  0.000  0.994
   1.72457    -40.695718  0.000  0.103  0.000  0.891  0.000  0.000  0.000  0.000  0.000  0.994
   1.69883    -40.695689  0.000  0.111  0.000  0.883  0.000  0.000  0.000  0.000  0.000  0.994
   1.67309    -40.695656  0.000  0.123  0.000  0.871  0.000  0.000  0.000  0.000  0.000  0.994
   1.64735    -40.695620  0.000  0.138  0.000  0.856  0.000  0.000  0.000  0.000  0.000  0.994
   1.62161    -40.695573  0.000  0.155  0.000  0.840  0.000  0.000  0.000  0.000  0.000  0.994
   1.59587    -40.695540  0.000  0.174  0.000  0.820  0.000  0.000  0.000  0.000  0.000  0.994
   1.57013    -40.695497  0.000  0.195  0.000  0.799  0.000  0.000  0.000  0.000  0.000  0.994
   1.54439    -40.695449  0.000  0.223  0.000  0.771  0.000  0.000  0.000  0.000  0.000  0.994
   1.51865    -40.695397  0.000  0.255  0.000  0.739  0.000  0.000  0.000  0.000  0.000  0.994
   1.49291    -40.695346  0.000  0.292  0.000  0.702  0.000  0.000  0.000  0.000  0.000  0.994
   1.46717    -40.695296  0.000  0.333  0.000  0.661  0.000  0.000  0.000  0.000  0.000  0.994
   1.44143    -40.695231  0.000  0.379  0.000  0.615  0.000  0.000  0.000  0.000  0.000  0.994
   1.41569    -40.695163  0.000  0.425  0.000  0.569  0.000  0.000  0.000  0.000  0.000  0.994
   1.38995    -40.695098  0.000  0.466  0.000  0.528  0.000  0.000  0.000  0.000  0.000  0.994
   1.36421    -40.695033  0.000  0.507  0.000  0.488  0.000  0.000  0.000  0.000  0.000  0.994
   1.33847    -40.694971  0.000  0.547  0.000  0.447  0.000  0.000  0.000  0.000  0.000  0.994
   1.31273    -40.694907  0.000  0.586  0.000  0.408  0.000  0.000  0.000  0.000  0.000  0.994
   1.28699    -40.694843  0.000  0.614  0.000  0.380  0.000  0.000  0.000  0.000  0.000  0.994
   1.26125    -40.694780  0.000  0.653  0.000  0.341  0.000  0.000  0.000  0.000  0.000  0.994
   1.23551    -40.694717  0.000  0.682  0.000  0.313  0.000  0.000  0.000  0.000  0.000  0.994
   1.20977    -40.694652  0.000  0.707  0.000  0.287  0.000  0.000  0.000  0.000  0.000  0.994
   1.18403    -40.694591  0.000  0.732  0.000  0.262  0.000  0.000  0.000  0.000  0.000  0.994
   1.15829    -40.694548  0.000  0.746  0.000  0.248  0.000  0.000  0.000  0.000  0.000  0.994
   1.13255    -40.694505  0.000  0.759  0.000  0.235  0.000  0.000  0.000  0.000  0.000  0.994
   1.10681    -40.694468  0.000  0.770  0.000  0.224  0.000  0.000  0.000  0.000  0.000  0.994
   1.08107    -40.694438  0.000  0.778  0.000  0.217  0.000  0.000  0.000  0.000  0.000  0.994
   1.05534    -40.694424  0.000  0.783  0.000  0.212  0.000  0.000  0.000  0.000  0.000  0.994
   1.02960    -40.694432  0.000  0.787  0.000  0.207  0.000  0.000  0.000  0.000  0.000  0.994
   1.00386    -40.694434  0.000  0.786  0.000  0.208  0.000  0.000  0.000  0.000  0.000  0.994
   1.00386    -40.694434  0.000  0.786  0.000  0.208  0.000  0.000  0.000  0.000  0.000  0.994
   0.97812    -40.694427  0.000  0.788  0.000  0.206  0.000  0.000  0.000  0.000  0.000  0.994
   0.95238    -40.694427  0.000  0.784  0.000  0.210  0.000  0.000  0.000  0.000  0.000  0.994
   0.92664    -40.694444  0.000  0.778  0.000  0.216  0.000  0.000  0.000  0.000  0.000  0.994
   0.90090    -40.694472  0.000  0.770  0.000  0.224  0.000  0.000  0.000  0.000  0.000  0.994
   0.87516    -40.694506  0.000  0.761  0.000  0.234  0.000  0.000  0.000  0.000  0.000  0.994
   0.84942    -40.694550  0.000  0.746  0.000  0.248  0.000  0.000  0.000  0.000  0.000  0.994
   0.82368    -40.694593  0.000  0.732  0.000  0.262  0.000  0.000  0.000  0.000  0.000  0.994
   0.79794    -40.694652  0.000  0.708  0.000  0.286  0.000  0.000  0.000  0.000  0.000  0.994
   0.77220    -40.694716  0.000  0.684  0.000  0.310  0.000  0.000  0.000  0.000  0.000  0.994
   0.74646    -40.694779  0.000  0.656  0.000  0.338  0.000  0.000  0.000  0.000  0.000  0.994
   0.72072    -40.694844  0.000  0.619  0.000  0.375  0.000  0.000  0.000  0.000  0.000  0.994
   0.69498    -40.694902  0.000  0.591  0.000  0.403  0.000  0.000  0.000  0.000  0.000  0.994
   0.66924    -40.694968  0.000  0.551  0.000  0.443  0.000  0.000  0.000  0.000  0.000  0.994
   0.64350    -40.695028  0.000  0.508  0.000  0.486  0.000  0.000  0.000  0.000  0.000  0.994
   0.61776    -40.695093  0.000  0.468  0.000  0.527  0.000  0.000  0.000  0.000  0.000  0.994
   0.59202    -40.695158  0.000  0.429  0.000  0.565  0.000  0.000  0.000  0.000  0.000  0.994
   0.56628    -40.695225  0.000  0.383  0.000  0.611  0.000  0.000  0.000  0.000  0.000  0.994
   0.54054    -40.695292  0.000  0.335  0.000  0.659  0.000  0.000  0.000  0.000  0.000  0.994
   0.51480    -40.695345  0.000  0.292  0.000  0.702  0.000  0.000  0.000  0.000  0.000  0.994
   0.48906    -40.695395  0.000  0.252  0.000  0.742  0.000  0.000  0.000  0.000  0.000  0.994
   0.46332    -40.695451  0.000  0.222  0.000  0.772  0.000  0.000  0.000  0.000  0.000  0.994
   0.43758    -40.695494  0.000  0.194  0.000  0.800  0.000  0.000  0.000  0.000  0.000  0.994
   0.41184    -40.695537  0.000  0.171  0.000  0.823  0.000  0.000  0.000  0.000  0.000  0.994
   0.38610    -40.695570  0.000  0.153  0.000  0.841  0.000  0.000  0.000  0.000  0.000  0.994
   0.36036    -40.695618  0.000  0.137  0.000  0.857  0.000  0.000  0.000  0.000  0.000  0.994
   0.33462    -40.695655  0.000  0.123  0.000  0.871  0.000  0.000  0.000  0.000  0.000  0.994
   0.30888    -40.695691  0.000  0.110  0.000  0.884  0.000  0.000  0.000  0.000  0.000  0.994
   0.28314    -40.695719  0.000  0.102  0.000  0.892  0.000  0.000  0.000  0.000  0.000  0.994
   0.25740    -40.695748  0.000  0.094  0.000  0.900  0.000  0.000  0.000  0.000  0.000  0.994
   0.23166    -40.695772  0.000  0.088  0.000  0.906  0.000  0.000  0.000  0.000  0.000  0.994
   0.20592    -40.695792  0.000  0.082  0.000  0.912  0.000  0.000  0.000  0.000  0.000  0.994
   0.18018    -40.695817  0.000  0.078  0.000  0.916  0.000  0.000  0.000  0.000  0.000  0.994
   0.15444    -40.695829  0.000  0.073  0.000  0.921  0.000  0.000  0.000  0.000  0.000  0.994
   0.12870    -40.695842  0.000  0.070  0.000  0.924  0.000  0.000  0.000  0.000  0.000  0.994
   0.10296    -40.695842  0.000  0.067  0.000  0.927  0.000  0.000  0.000  0.000  0.000  0.994
   0.07722    -40.695845  0.000  0.065  0.000  0.929  0.000  0.000  0.000  0.000  0.000  0.994
   0.05148    -40.695855  0.000  0.064  0.000  0.930  0.000  0.000  0.000  0.000  0.000  0.994
   0.02574    -40.695864  0.000  0.062  0.000  0.932  0.000  0.000  0.000  0.000  0.000  0.994
   0.00000    -40.695864  0.000  0.062  0.000  0.932  0.000  0.000  0.000  0.000  0.000  0.994
 
# Band-Index:    7
   0.00000     -9.558638  0.560  0.011  0.001  0.000  0.000  0.021  0.000  0.000  0.014  0.607
   0.02574     -9.564642  0.558  0.011  0.001  0.000  0.000  0.020  0.000  0.000  0.013  0.607
   0.05148     -9.581723  0.557  0.012  0.001  0.000  0.000  0.019  0.000  0.000  0.012  0.604
   0.07722     -9.608246  0.555  0.012  0.001  0.000  0.000  0.018  0.000  0.000  0.011  0.601
   0.10296     -9.643009  0.553  0.013  0.002  0.000  0.000  0.017  0.000  0.000  0.010  0.596
   0.12870     -9.685213  0.550  0.014  0.004  0.000  0.000  0.015  0.000  0.000  0.010  0.592
   0.15444     -9.734183  0.546  0.015  0.004  0.000  0.000  0.014  0.000  0.000  0.009  0.587
   0.18018     -9.789240  0.542  0.015  0.004  0.000  0.000  0.013  0.000  0.000  0.008  0.581
   0.20592     -9.849667  0.539  0.014  0.004  0.000  0.000  0.010  0.000  0.000  0.007  0.575
   0.23166     -9.914709  0.535  0.015  0.004  0.000  0.000  0.009  0.000  0.000  0.006  0.571
   0.25740     -9.983602  0.532  0.016  0.004  0.000  0.000  0.008  0.000  0.000  0.006  0.566
   0.28314    -10.055587  0.528  0.016  0.005  0.000  0.000  0.007  0.000  0.000  0.005  0.561
   0.30888    -10.129936  0.525  0.015  0.005  0.000  0.000  0.006  0.000  0.000  0.004  0.554
   0.33462    -10.205953  0.521  0.015  0.004  0.000  0.000  0.005  0.000  0.000  0.004  0.549
   0.36036    -10.282992  0.518  0.014  0.004  0.000  0.000  0.004  0.000  0.000  0.003  0.546
   0.38610    -10.360452  0.517  0.013  0.004  0.000  0.000  0.004  0.000  0.000  0.003  0.541
   0.41184    -10.437788  0.513  0.013  0.004  0.000  0.000  0.003  0.000  0.000  0.002  0.537
   0.43758    -10.514498  0.511  0.012  0.004  0.000  0.000  0.003  0.000  0.000  0.002  0.532
   0.46332    -10.590132  0.509  0.012  0.004  0.000  0.000  0.002  0.000  0.000  0.002  0.528
   0.48906    -10.664280  0.507  0.011  0.004  0.000  0.000  0.002  0.000  0.000  0.001  0.526
   0.51480    -10.736578  0.505  0.010  0.004  0.000  0.000  0.001  0.000  0.000  0.001  0.523
   0.54054    -10.806698  0.505  0.010  0.004  0.000  0.000  0.001  0.000  0.000  0.001  0.520
   0.56628    -10.874345  0.503  0.010  0.004  0.000  0.000  0.001  0.000  0.000  0.001  0.518
   0.59202    -10.939256  0.503  0.009  0.004  0.000  0.000  0.001  0.000  0.000  0.000  0.514
   0.61776    -11.001199  0.503  0.006  0.004  0.000  0.000  0.001  0.000  0.000  0.000  0.513
   0.64350    -11.059963  0.502  0.006  0.003  0.000  0.000  0.000  0.000  0.000  0.000  0.512
   0.66924    -11.115365  0.501  0.005  0.002  0.000  0.000  0.000  0.000  0.000  0.000  0.508
   0.69498    -11.167238  0.501  0.005  0.000  0.000  0.000  0.000  0.000  0.000  0.000  0.507
   0.72072    -11.215436  0.500  0.004  0.000  0.000  0.000  0.000  0.000  0.000  0.000  0.506
   0.74646    -11.259831  0.499  0.004  0.000  0.000  0.000  0.000  0.000  0.000  0.000  0.504
   0.77220    -11.300311  0.500  0.004  0.000  0.000  0.000  0.000  0.000  0.000  0.000  0.504
   0.79794    -11.336775  0.499  0.002  0.000  0.000  0.000  0.000  0.000  0.000  0.000  0.502
   0.82368    -11.369139  0.500  0.001  0.000  0.000  0.000  0.000  0.000  0.000  0.000  0.501
   0.84942    -11.397330  0.498  0.000  0.000  0.000  0.000  0.000  0.000  0.000  0.000  0.502
   0.87516    -11.421284  0.498  0.000  0.000  0.000  0.000  0.000  0.000  0.000  0.000  0.500
   0.90090    -11.440951  0.500  0.000  0.000  0.000  0.000  0.000  0.000  0.000  0.000  0.500
   0.92664    -11.456290  0.500  0.000  0.000  0.000  0.000  0.000  0.000  0.000  0.000  0.500
   0.95238    -11.467270  0.498  0.000  0.000  0.000  0.000  0.000  0.000  0.000  0.000  0.500
   0.97812    -11.473869  0.498  0.000  0.000  0.000  0.000  0.000  0.000  0.000  0.000  0.498
   1.00386    -11.476070  0.498  0.000  0.000  0.000  0.000  0.000  0.000  0.000  0.000  0.498
   1.00386    -11.476070  0.498  0.000  0.000  0.000  0.000  0.000  0.000  0.000  0.000  0.498
   1.02960    -11.473869  0.498  0.000  0.000  0.000  0.000  0.000  0.000  0.000  0.000  0.498
   1.05534    -11.467269  0.498  0.000  0.000  0.000  0.000  0.000  0.000  0.000  0.000  0.500
   1.08107    -11.456286  0.500  0.000  0.000  0.000  0.000  0.000  0.000  0.000  0.000  0.500
   1.10681    -11.440938  0.500  0.000  0.000  0.000  0.000  0.000  0.000  0.000  0.000  0.500
   1.13255    -11.421251  0.498  0.000  0.000  0.000  0.000  0.000  0.000  0.000  0.000  0.500
   1.15829    -11.397263  0.498  0.000  0.000  0.000  0.000  0.000  0.000  0.000  0.000  0.502
   1.18403    -11.369016  0.500  0.001  0.000  0.000  0.000  0.000  0.000  0.000  0.000  0.501
   1.20977    -11.336565  0.499  0.002  0.000  0.000  0.000  0.000  0.000  0.000  0.000  0.502
   1.23551    -11.299973  0.500  0.004  0.000  0.000  0.000  0.000  0.000  0.000  0.000  0.504
   1.26125    -11.259313  0.499  0.004  0.000  0.000  0.000  0.000  0.000  0.000  0.000  0.504
   1.28699    -11.214671  0.500  0.004  0.000  0.000  0.000  0.000  0.000  0.000  0.000  0.506
   1.31273    -11.166145  0.501  0.005  0.000  0.000  0.000  0.000  0.000  0.000  0.000  0.506
   1.33847    -11.113844  0.501  0.005  0.002  0.000  0.000  0.000  0.000  0.000  0.000  0.508
   1.36421    -11.057895  0.503  0.005  0.003  0.000  0.000  0.000  0.000  0.000  0.000  0.512
   1.38995    -10.998441  0.503  0.007  0.004  0.000  0.000  0.000  0.000  0.000  0.000  0.513
   1.41569    -10.935643  0.503  0.009  0.004  0.000  0.000  0.000  0.000  0.000  0.000  0.514
   1.44143    -10.869681  0.504  0.009  0.004  0.000  0.000  0.000  0.000  0.000  0.000  0.517
   1.46717    -10.800761  0.506  0.010  0.004  0.000  0.000  0.001  0.000  0.000  0.000  0.520
   1.49291    -10.729112  0.505  0.010  0.004  0.000  0.000  0.001  0.000  0.000  0.000  0.521
   1.51865    -10.654997  0.508  0.012  0.004  0.000  0.000  0.001  0.000  0.000  0.001  0.524
   1.54439    -10.578708  0.510  0.012  0.004  0.000  0.000  0.001  0.000  0.000  0.001  0.527
   1.57013    -10.500578  0.511  0.013  0.004  0.000  0.000  0.001  0.000  0.000  0.001  0.533
   1.59587    -10.420985  0.515  0.013  0.004  0.000  0.000  0.001  0.000  0.000  0.001  0.535
   1.62161    -10.340353  0.516  0.014  0.004  0.000  0.000  0.002  0.000  0.000  0.001  0.540
   1.64735    -10.259167  0.519  0.015  0.004  0.000  0.000  0.002  0.000  0.000  0.001  0.543
   1.67309    -10.177968  0.523  0.015  0.005  0.000  0.000  0.003  0.000  0.000  0.001  0.547
   1.69883    -10.097377  0.526  0.016  0.005  0.000  0.000  0.004  0.000  0.000  0.002  0.551
   1.72457    -10.018088  0.529  0.017  0.005  0.000  0.000  0.004  0.000  0.000  0.002  0.558
   1.75031     -9.940888  0.534  0.017  0.005  0.000  0.000  0.004  0.000  0.000  0.002  0.563
   1.77605     -9.866664  0.537  0.018  0.004  0.000  0.000  0.005  0.000  0.000  0.002  0.567
   1.80179     -9.796419  0.543  0.016  0.004  0.000  0.000  0.005  0.000  0.000  0.003  0.571
   1.82753     -9.731322  0.547  0.018  0.004  0.000  0.000  0.007  0.000  0.000  0.003  0.578
   1.85327     -9.672821  0.550  0.018  0.004  0.000  0.000  0.008  0.000  0.000  0.004  0.584
   1.87901     -9.623081  0.553  0.018  0.004  0.000  0.000  0.009  0.000  0.000  0.005  0.589
   1.90475     -9.586222  0.558  0.015  0.004  0.000  0.000  0.013  0.000  0.000  0.007  0.597
   1.93049     -9.567131  0.559  0.013  0.002  0.000  0.000  0.018  0.000  0.000  0.011  0.603
   1.95623     -9.560812  0.560  0.012  0.001  0.000  0.000  0.020  0.000  0.000  0.013  0.606
   1.98197     -9.559019  0.560  0.011  0.001  0.000  0.000  0.020  0.000  0.000  0.013  0.607
   2.00771     -9.558638  0.560  0.011  0.001  0.000  0.000  0.021  0.000  0.000  0.014  0.607
 
# Band-Index:    8
   2.00771     -9.471658  0.567  0.016  0.002  0.000  0.000  0.008  0.000  0.000  0.005  0.601
   1.98197     -9.476394  0.568  0.016  0.002  0.000  0.000  0.008  0.000  0.000  0.005  0.601
   1.95623     -9.489795  0.567  0.015  0.001  0.000  0.000  0.009  0.000  0.000  0.006  0.599
   1.93049     -9.508292  0.563  0.014  0.004  0.000  0.000  0.011  0.000  0.000  0.007  0.600
   1.90475     -9.522927  0.562  0.011  0.004  0.000  0.000  0.015  0.000  0.000  0.011  0.603
   1.87901     -9.527789  0.561  0.010  0.004  0.000  0.000  0.018  0.000  0.000  0.013  0.605
   1.85327     -9.526711  0.561  0.009  0.004  0.000  0.000  0.019  0.000  0.000  0.013  0.607
   1.82753     -9.522686  0.560  0.008  0.004  0.000  0.000  0.019  0.000  0.000  0.013  0.607
   1.80179     -9.516734  0.559  0.008  0.005  0.000  0.000  0.019  0.000  0.000  0.013  0.607
   1.77605     -9.509183  0.559  0.008  0.005  0.000  0.000  0.019  0.000  0.000  0.013  0.605
   1.75031     -9.500127  0.560  0.008  0.007  0.000  0.000  0.019  0.000  0.000  0.012  0.605
   1.72457     -9.489575  0.560  0.007  0.007  0.000  0.000  0.018  0.000  0.000  0.012  0.604
   1.69883     -9.477501  0.559  0.007  0.009  0.000  0.000  0.018  0.000  0.000  0.012  0.604
   1.67309     -9.463863  0.558  0.006  0.010  0.000  0.000  0.017  0.000  0.000  0.011  0.604
   1.64735     -9.448626  0.558  0.005  0.011  0.000  0.000  0.017  0.000  0.000  0.011  0.604
   1.62161     -9.431757  0.559  0.005  0.012  0.000  0.000  0.016  0.000  0.000  0.010  0.605
   1.59587     -9.413237  0.559  0.004  0.012  0.000  0.000  0.015  0.000  0.000  0.010  0.604
   1.57013     -9.393060  0.558  0.004  0.013  0.000  0.000  0.015  0.000  0.000  0.009  0.603
   1.54439     -9.371241  0.561  0.003  0.016  0.000  0.000  0.014  0.000  0.000  0.009  0.603
   1.51865     -9.347817  0.561  0.003  0.017  0.000  0.000  0.013  0.000  0.000  0.008  0.604
   1.49291     -9.322850  0.562  0.003  0.018  0.000  0.000  0.013  0.000  0.000  0.008  0.605
   1.46717     -9.296426  0.562  0.002  0.019  0.000  0.000  0.012  0.000  0.000  0.007  0.604
   1.44143     -9.268660  0.563  0.002  0.020  0.000  0.000  0.011  0.001  0.000  0.007  0.605
   1.41569     -9.239703  0.565  0.002  0.021  0.000  0.000  0.010  0.001  0.000  0.006  0.606
   1.38995     -9.209738  0.566  0.001  0.022  0.000  0.000  0.010  0.001  0.000  0.006  0.607
   1.36421     -9.178984  0.568  0.001  0.024  0.000  0.000  0.009  0.001  0.000  0.005  0.608
   1.33847     -9.147698  0.571  0.001  0.024  0.000  0.000  0.008  0.001  0.000  0.005  0.607
   1.31273     -9.116178  0.572  0.001  0.023  0.000  0.000  0.007  0.001  0.000  0.004  0.610
   1.28699     -9.084761  0.575  0.000  0.025  0.000  0.000  0.006  0.000  0.000  0.004  0.611
   1.26125     -9.053824  0.575  0.000  0.025  0.000  0.000  0.005  0.000  0.000  0.003  0.613
   1.23551     -9.023779  0.579  0.000  0.027  0.000  0.000  0.004  0.000  0.000  0.003  0.614
   1.20977     -8.995073  0.582  0.000  0.027  0.000  0.000  0.004  0.000  0.000  0.003  0.616
   1.18403     -8.968175  0.585  0.000  0.027  0.000  0.000  0.003  0.000  0.000  0.001  0.616
   1.15829     -8.943568  0.586  0.000  0.027  0.000  0.000  0.003  0.000  0.000  0.001  0.619
   1.13255     -8.921728  0.588  0.000  0.028  0.000  0.000  0.001  0.000  0.000  0.001  0.619
   1.10681     -8.903116  0.590  0.000  0.029  0.000  0.000  0.001  0.000  0.000  0.000  0.621
   1.08107     -8.888149  0.593  0.000  0.028  0.000  0.000  0.000  0.000  0.000  0.000  0.622
   1.05534     -8.877184  0.594  0.000  0.028  0.000  0.000  0.000  0.000  0.000  0.000  0.623
   1.02960     -8.870492  0.594  0.000  0.028  0.000  0.000  0.000  0.000  0.000  0.000  0.622
   1.00386     -8.868243  0.594  0.000  0.028  0.000  0.000  0.000  0.000  0.000  0.000  0.624
   1.00386     -8.868243  0.594  0.000  0.028  0.000  0.000  0.000  0.000  0.000  0.000  0.624
   0.97812     -8.870492  0.594  0.000  0.028  0.000  0.000  0.000  0.000  0.000  0.000  0.622
   0.95238     -8.877177  0.594  0.000  0.028  0.000  0.000  0.000  0.000  0.000  0.000  0.623
   0.92664     -8.888117  0.593  0.000  0.028  0.000  0.000  0.000  0.000  0.000  0.000  0.622
   0.90090     -8.903021  0.590  0.000  0.029  0.000  0.000  0.001  0.000  0.000  0.000  0.620
   0.87516     -8.921508  0.588  0.000  0.028  0.000  0.000  0.001  0.000  0.000  0.001  0.619
   0.84942     -8.943131  0.586  0.000  0.027  0.000  0.000  0.003  0.000  0.000  0.001  0.619
   0.82368     -8.967399  0.584  0.000  0.027  0.000  0.000  0.003  0.000  0.000  0.001  0.616
   0.79794     -8.993806  0.582  0.000  0.027  0.000  0.000  0.004  0.000  0.000  0.002  0.616
   0.77220     -9.021840  0.579  0.000  0.027  0.000  0.000  0.004  0.000  0.000  0.003  0.613
   0.74646     -9.051006  0.578  0.000  0.025  0.000  0.000  0.005  0.000  0.000  0.003  0.613
   0.72072     -9.080835  0.575  0.000  0.025  0.000  0.000  0.006  0.000  0.000  0.003  0.612
   0.69498     -9.110894  0.573  0.001  0.023  0.000  0.000  0.007  0.001  0.000  0.004  0.610
   0.66924     -9.140791  0.570  0.001  0.025  0.000  0.000  0.007  0.001  0.000  0.004  0.608
   0.64350     -9.170175  0.570  0.001  0.023  0.000  0.000  0.009  0.001  0.000  0.005  0.608
   0.61776     -9.198741  0.568  0.001  0.022  0.000  0.000  0.009  0.001  0.000  0.005  0.607
   0.59202     -9.226227  0.567  0.002  0.021  0.000  0.000  0.009  0.001  0.000  0.005  0.605
   0.56628     -9.252412  0.565  0.002  0.020  0.000  0.000  0.010  0.001  0.000  0.006  0.604
   0.54054     -9.277120  0.565  0.002  0.019  0.000  0.000  0.011  0.001  0.000  0.006  0.605
   0.51480     -9.300207  0.564  0.003  0.018  0.000  0.000  0.011  0.000  0.000  0.006  0.603
   0.48906     -9.321572  0.564  0.003  0.018  0.000  0.000  0.011  0.000  0.000  0.007  0.604
   0.46332     -9.341146  0.564  0.004  0.016  0.000  0.000  0.012  0.000  0.000  0.007  0.602
   0.43758     -9.358897  0.563  0.004  0.014  0.000  0.000  0.013  0.000  0.000  0.007  0.602
   0.41184     -9.374819  0.563  0.006  0.013  0.000  0.000  0.013  0.000  0.000  0.007  0.602
   0.38610     -9.388940  0.564  0.007  0.012  0.000  0.000  0.012  0.000  0.000  0.007  0.602
   0.36036     -9.401319  0.563  0.007  0.011  0.000  0.000  0.013  0.000  0.000  0.008  0.604
   0.33462     -9.412037  0.565  0.008  0.010  0.000  0.000  0.013  0.000  0.000  0.008  0.603
   0.30888     -9.421206  0.564  0.008  0.010  0.000  0.000  0.013  0.000  0.000  0.008  0.602
   0.28314     -9.428960  0.566  0.009  0.007  0.000  0.000  0.013  0.000  0.000  0.007  0.604
   0.25740     -9.435457  0.564  0.010  0.006  0.000  0.000  0.013  0.000  0.000  0.007  0.603
   0.23166     -9.440881  0.566  0.010  0.006  0.000  0.000  0.013  0.000  0.000  0.007  0.603
   0.20592     -9.445433  0.566  0.011  0.006  0.000  0.000  0.013  0.000  0.000  0.007  0.604
   0.18018     -9.449340  0.567  0.012  0.005  0.000  0.000  0.012  0.000  0.000  0.008  0.603
   0.15444     -9.452844  0.568  0.012  0.004  0.000  0.000  0.012  0.000  0.000  0.008  0.605
   0.12870     -9.456196  0.567  0.013  0.004  0.000  0.000  0.011  0.000  0.000  0.007  0.603
   0.10296     -9.459633  0.569  0.014  0.004  0.000  0.000  0.011  0.000  0.000  0.007  0.603
   0.07722     -9.463300  0.568  0.015  0.002  0.000  0.000  0.011  0.000  0.000  0.007  0.604
   0.05148     -9.467087  0.568  0.016  0.002  0.000  0.000  0.010  0.000  0.000  0.006  0.602
   0.02574     -9.470311  0.568  0.016  0.002  0.000  0.000  0.009  0.000  0.000  0.005  0.601
   0.00000     -9.471658  0.567  0.016  0.002  0.000  0.000  0.008  0.000  0.000  0.005  0.601
 
# Band-Index:    9
   0.00000     -5.490337  0.091  0.153  0.057  0.000  0.000  0.033  0.000  0.000  0.070  0.407
   0.02574     -5.488052  0.091  0.153  0.057  0.000  0.000  0.034  0.000  0.000  0.069  0.407
   0.05148     -5.481030  0.094  0.153  0.057  0.000  0.000  0.034  0.000  0.000  0.068  0.407
   0.07722     -5.468834  0.093  0.153  0.057  0.000  0.000  0.035  0.000  0.000  0.067  0.407
   0.10296     -5.450912  0.095  0.154  0.056  0.000  0.000  0.036  0.000  0.000  0.065  0.409
   0.12870     -5.426767  0.096  0.154  0.058  0.000  0.000  0.037  0.000  0.000  0.065  0.411
   0.15444     -5.396080  0.096  0.154  0.057  0.000  0.000  0.038  0.000  0.000  0.065  0.412
   0.18018     -5.358780  0.097  0.154  0.057  0.000  0.000  0.039  0.001  0.000  0.067  0.415
   0.20592     -5.315070  0.097  0.153  0.058  0.000  0.000  0.039  0.001  0.000  0.070  0.418
   0.23166     -5.265428  0.096  0.152  0.058  0.000  0.000  0.038  0.001  0.000  0.075  0.423
   0.25740     -5.210612  0.095  0.150  0.059  0.000  0.000  0.038  0.001  0.000  0.081  0.427
   0.28314     -5.151650  0.094  0.148  0.062  0.000  0.000  0.035  0.001  0.000  0.091  0.432
   0.30888     -5.089841  0.092  0.144  0.064  0.000  0.000  0.032  0.001  0.000  0.101  0.437
   0.33462     -5.026736  0.090  0.141  0.067  0.000  0.000  0.027  0.003  0.000  0.115  0.444
   0.36036     -4.964105  0.086  0.134  0.072  0.000  0.000  0.022  0.004  0.000  0.130  0.452
   0.38610     -4.903866  0.085  0.128  0.078  0.000  0.000  0.018  0.007  0.000  0.146  0.461
   0.41184     -4.847988  0.081  0.119  0.084  0.000  0.000  0.013  0.012  0.000  0.161  0.470
   0.43758     -4.798374  0.078  0.109  0.091  0.000  0.000  0.008  0.019  0.000  0.173  0.481
   0.46332     -4.756776  0.076  0.098  0.100  0.000  0.000  0.005  0.029  0.000  0.180  0.490
   0.48906     -4.724728  0.077  0.087  0.108  0.000  0.000  0.003  0.044  0.000  0.181  0.500
   0.51480     -4.703511  0.077  0.075  0.116  0.000  0.000  0.003  0.061  0.000  0.173  0.507
   0.54054     -4.694080  0.079  0.062  0.128  0.000  0.000  0.002  0.081  0.000  0.159  0.513
   0.56628     -4.696957  0.082  0.051  0.138  0.000  0.000  0.003  0.102  0.000  0.138  0.515
   0.59202     -4.712108  0.084  0.041  0.148  0.000  0.000  0.004  0.122  0.000  0.114  0.515
   0.61776     -4.738863  0.087  0.032  0.156  0.000  0.000  0.005  0.140  0.000  0.090  0.513
   0.64350     -4.775957  0.090  0.023  0.166  0.000  0.000  0.006  0.154  0.000  0.068  0.508
   0.66924     -4.821670  0.092  0.018  0.173  0.000  0.000  0.005  0.164  0.000  0.049  0.502
   0.69498     -4.874014  0.095  0.013  0.179  0.000  0.000  0.004  0.169  0.000  0.034  0.494
   0.72072     -4.930915  0.096  0.009  0.184  0.000  0.000  0.004  0.170  0.000  0.023  0.487
   0.74646     -4.990330  0.096  0.007  0.189  0.000  0.000  0.003  0.170  0.000  0.015  0.480
   0.77220     -5.050323  0.097  0.004  0.192  0.000  0.000  0.002  0.168  0.000  0.009  0.471
   0.79794     -5.109103  0.096  0.004  0.194  0.000  0.000  0.001  0.165  0.000  0.005  0.466
   0.82368     -5.165036  0.096  0.002  0.198  0.000  0.000  0.001  0.161  0.000  0.003  0.460
   0.84942     -5.216655  0.096  0.002  0.197  0.000  0.000  0.000  0.157  0.000  0.002  0.454
   0.87516     -5.262656  0.094  0.000  0.198  0.000  0.000  0.000  0.155  0.000  0.001  0.452
   0.90090     -5.301909  0.094  0.000  0.200  0.000  0.000  0.000  0.152  0.000  0.000  0.447
   0.92664     -5.333463  0.093  0.000  0.200  0.000  0.000  0.000  0.150  0.000  0.000  0.443
   0.95238     -5.356560  0.092  0.000  0.200  0.000  0.000  0.000  0.148  0.000  0.000  0.442
   0.97812     -5.370644  0.093  0.000  0.202  0.000  0.000  0.000  0.147  0.000  0.000  0.440
   1.00386     -5.375377  0.091  0.000  0.202  0.000  0.000  0.000  0.147  0.000  0.000  0.439
   1.00386     -5.375377  0.091  0.000  0.202  0.000  0.000  0.000  0.147  0.000  0.000  0.439
   1.02960     -5.370642  0.093  0.000  0.202  0.000  0.000  0.000  0.147  0.000  0.000  0.440
   1.05534     -5.356537  0.092  0.000  0.200  0.000  0.000  0.000  0.148  0.000  0.000  0.442
   1.08107     -5.333361  0.093  0.000  0.200  0.000  0.000  0.000  0.150  0.000  0.000  0.444
   1.10681     -5.301603  0.094  0.000  0.200  0.000  0.000  0.000  0.152  0.000  0.000  0.447
   1.13255     -5.261932  0.094  0.000  0.198  0.000  0.000  0.000  0.155  0.000  0.000  0.452
   1.15829     -5.215191  0.096  0.001  0.197  0.000  0.000  0.000  0.158  0.000  0.001  0.454
   1.18403     -5.162385  0.096  0.001  0.198  0.000  0.000  0.001  0.162  0.000  0.001  0.460
   1.20977     -5.104685  0.096  0.004  0.196  0.000  0.000  0.001  0.167  0.000  0.002  0.466
   1.23551     -5.043427  0.097  0.005  0.192  0.000  0.000  0.002  0.172  0.000  0.005  0.471
   1.26125     -4.980124  0.096  0.007  0.190  0.000  0.000  0.004  0.176  0.000  0.007  0.479
   1.28699     -4.916476  0.095  0.010  0.185  0.000  0.000  0.005  0.180  0.000  0.012  0.487
   1.31273     -4.854374  0.094  0.014  0.179  0.000  0.000  0.006  0.182  0.000  0.017  0.493
   1.33847     -4.795882  0.091  0.018  0.173  0.000  0.000  0.008  0.182  0.000  0.026  0.500
   1.36421     -4.743169  0.087  0.025  0.165  0.000  0.000  0.009  0.179  0.000  0.037  0.505
   1.38995     -4.698382  0.084  0.036  0.156  0.000  0.000  0.011  0.173  0.000  0.051  0.510
   1.41569     -4.663427  0.078  0.048  0.146  0.000  0.000  0.011  0.162  0.000  0.067  0.512
   1.44143     -4.639717  0.075  0.059  0.134  0.000  0.000  0.012  0.147  0.000  0.084  0.513
   1.46717     -4.627961  0.070  0.075  0.123  0.000  0.000  0.010  0.130  0.000  0.102  0.510
   1.49291     -4.628103  0.066  0.088  0.114  0.000  0.000  0.008  0.111  0.000  0.117  0.504
   1.51865     -4.639447  0.062  0.102  0.102  0.000  0.000  0.007  0.093  0.000  0.128  0.498
   1.54439     -4.660883  0.062  0.115  0.093  0.000  0.000  0.005  0.077  0.000  0.137  0.489
   1.57013     -4.691128  0.060  0.127  0.086  0.000  0.000  0.003  0.062  0.000  0.141  0.480
   1.59587     -4.728896  0.062  0.136  0.080  0.000  0.000  0.002  0.050  0.000  0.142  0.471
   1.62161     -4.772991  0.064  0.143  0.073  0.000  0.000  0.002  0.040  0.000  0.139  0.464
   1.64735     -4.822343  0.066  0.149  0.070  0.000  0.000  0.003  0.031  0.000  0.136  0.456
   1.67309     -4.876014  0.072  0.155  0.064  0.000  0.000  0.005  0.024  0.000  0.131  0.451
   1.69883     -4.933172  0.075  0.157  0.061  0.000  0.000  0.008  0.018  0.000  0.124  0.445
   1.72457     -4.993051  0.081  0.159  0.058  0.000  0.000  0.011  0.014  0.000  0.118  0.441
   1.75031     -5.054870  0.085  0.160  0.057  0.000  0.000  0.016  0.010  0.000  0.111  0.439
   1.77605     -5.117738  0.090  0.159  0.055  0.000  0.000  0.020  0.007  0.000  0.104  0.435
   1.80179     -5.180545  0.093  0.158  0.053  0.000  0.000  0.024  0.005  0.000  0.098  0.431
   1.82753     -5.241905  0.095  0.157  0.054  0.000  0.000  0.027  0.003  0.000  0.092  0.428
   1.85327     -5.300172  0.097  0.156  0.055  0.000  0.000  0.030  0.002  0.000  0.086  0.425
   1.87901     -5.353544  0.097  0.155  0.055  0.000  0.000  0.032  0.001  0.000  0.081  0.421
   1.90475     -5.400205  0.094  0.154  0.056  0.000  0.000  0.033  0.001  0.000  0.077  0.418
   1.93049     -5.438470  0.094  0.153  0.056  0.000  0.000  0.034  0.001  0.000  0.074  0.412
   1.95623     -5.466906  0.092  0.153  0.057  0.000  0.000  0.034  0.000  0.000  0.071  0.410
   1.98197     -5.484421  0.090  0.153  0.057  0.000  0.000  0.033  0.000  0.000  0.070  0.407
   2.00771     -5.490337  0.091  0.153  0.057  0.000  0.000  0.033  0.000  0.000  0.070  0.407
 
# Band-Index:   10
   2.00771     -5.016713  0.073  0.186  0.078  0.000  0.000  0.002  0.000  0.000  0.008  0.350
   1.98197     -5.012551  0.074  0.186  0.078  0.000  0.000  0.003  0.000  0.000  0.008  0.351
   1.95623     -5.000045  0.075  0.186  0.077  0.000  0.000  0.004  0.000  0.000  0.009  0.353
   1.93049     -4.979130  0.075  0.185  0.078  0.000  0.000  0.007  0.001  0.000  0.009  0.355
   1.90475     -4.949703  0.076  0.183  0.078  0.000  0.000  0.011  0.001  0.000  0.010  0.359
   1.87901     -4.911634  0.077  0.180  0.079  0.000  0.000  0.016  0.002  0.000  0.011  0.367
   1.85327     -4.864804  0.082  0.174  0.079  0.000  0.000  0.024  0.003  0.000  0.013  0.375
   1.82753     -4.809168  0.085  0.171  0.079  0.000  0.000  0.033  0.004  0.000  0.015  0.387
   1.80179     -4.744867  0.088  0.166  0.078  0.000  0.000  0.047  0.005  0.000  0.017  0.402
   1.77605     -4.672341  0.094  0.160  0.077  0.000  0.000  0.061  0.006  0.000  0.022  0.417
   1.75031     -4.592425  0.099  0.152  0.075  0.000  0.000  0.077  0.006  0.000  0.028  0.438
   1.72457     -4.506388  0.103  0.147  0.074  0.000  0.000  0.094  0.007  0.000  0.034  0.458
   1.69883     -4.415904  0.108  0.139  0.070  0.000  0.000  0.111  0.009  0.000  0.044  0.481
   1.67309     -4.323022  0.111  0.129  0.067  0.000  0.000  0.129  0.010  0.000  0.057  0.505
   1.64735     -4.230163  0.112  0.120  0.063  0.000  0.000  0.149  0.014  0.000  0.073  0.531
   1.62161     -4.140195  0.108  0.109  0.061  0.000  0.000  0.165  0.020  0.000  0.096  0.559
   1.59587     -4.056541  0.103  0.095  0.059  0.000  0.000  0.178  0.029  0.000  0.126  0.590
   1.57013     -3.983189  0.093  0.080  0.055  0.000  0.000  0.181  0.044  0.000  0.166  0.621
   1.54439     -3.924162  0.078  0.065  0.053  0.000  0.000  0.172  0.066  0.000  0.216  0.653
   1.51865     -3.881962  0.063  0.053  0.050  0.000  0.000  0.148  0.091  0.000  0.271  0.680
   1.49291     -3.855761  0.047  0.050  0.046  0.000  0.000  0.116  0.114  0.000  0.323  0.697
   1.46717     -3.841527  0.035  0.052  0.042  0.000  0.000  0.085  0.121  0.000  0.371  0.705
   1.44143     -3.834235  0.026  0.058  0.038  0.000  0.000  0.058  0.115  0.000  0.412  0.709
   1.41569     -3.829753  0.018  0.067  0.034  0.000  0.000  0.039  0.101  0.000  0.450  0.709
   1.38995     -3.825440  0.014  0.076  0.028  0.000  0.000  0.024  0.083  0.000  0.484  0.709
   1.36421     -3.819985  0.010  0.084  0.022  0.000  0.000  0.016  0.065  0.000  0.514  0.710
   1.33847     -3.813000  0.007  0.090  0.020  0.000  0.000  0.009  0.050  0.000  0.539  0.711
   1.31273     -3.804635  0.004  0.095  0.015  0.000  0.000  0.006  0.036  0.000  0.560  0.715
   1.28699     -3.795287  0.003  0.096  0.012  0.000  0.000  0.004  0.024  0.000  0.578  0.720
   1.26125     -3.785420  0.001  0.100  0.010  0.000  0.000  0.003  0.016  0.000  0.593  0.725
   1.23551     -3.775475  0.000  0.101  0.008  0.000  0.000  0.003  0.011  0.000  0.605  0.730
   1.20977     -3.765827  0.000  0.102  0.006  0.000  0.000  0.004  0.007  0.000  0.615  0.735
   1.18403     -3.756783  0.000  0.102  0.004  0.000  0.000  0.005  0.004  0.000  0.623  0.739
   1.15829     -3.748582  0.000  0.103  0.004  0.000  0.000  0.005  0.002  0.000  0.631  0.743
   1.13255     -3.741405  0.000  0.102  0.002  0.000  0.000  0.006  0.001  0.000  0.636  0.748
   1.10681     -3.735386  0.000  0.102  0.001  0.000  0.000  0.007  0.000  0.000  0.640  0.751
   1.08107     -3.730623  0.000  0.102  0.000  0.000  0.000  0.008  0.000  0.000  0.643  0.754
   1.05534     -3.727187  0.000  0.102  0.000  0.000  0.002  0.008  0.000  0.000  0.643  0.756
   1.02960     -3.725149  0.000  0.098  0.000  0.002  0.018  0.008  0.000  0.000  0.628  0.757
   1.00386     -3.724583  0.000  0.080  0.000  0.022  0.135  0.008  0.000  0.002  0.512  0.757
   1.00386     -3.724583  0.000  0.080  0.000  0.022  0.135  0.008  0.000  0.002  0.512  0.757
   0.97812     -3.725029  0.000  0.098  0.000  0.004  0.023  0.008  0.000  0.000  0.623  0.757
   0.95238     -3.726688  0.000  0.101  0.000  0.000  0.003  0.008  0.000  0.000  0.643  0.756
   0.92664     -3.729531  0.000  0.101  0.000  0.000  0.001  0.007  0.000  0.000  0.644  0.755
   0.90090     -3.733532  0.000  0.100  0.000  0.000  0.000  0.007  0.001  0.000  0.642  0.753
   0.87516     -3.738677  0.000  0.100  0.002  0.000  0.000  0.006  0.003  0.000  0.637  0.749
   0.84942     -3.744933  0.000  0.099  0.004  0.000  0.000  0.006  0.007  0.000  0.631  0.746
   0.82368     -3.752228  0.000  0.099  0.004  0.000  0.000  0.004  0.012  0.000  0.622  0.743
   0.79794     -3.760435  0.000  0.097  0.006  0.000  0.000  0.005  0.020  0.000  0.608  0.738
   0.77220     -3.769352  0.000  0.096  0.009  0.000  0.000  0.006  0.032  0.000  0.590  0.733
   0.74646     -3.778689  0.001  0.094  0.009  0.000  0.000  0.006  0.049  0.000  0.567  0.728
   0.72072     -3.788059  0.001  0.091  0.013  0.000  0.000  0.009  0.074  0.000  0.537  0.724
   0.69498     -3.796990  0.003  0.088  0.014  0.000  0.000  0.014  0.102  0.000  0.499  0.719
   0.66924     -3.804973  0.004  0.085  0.017  0.000  0.000  0.020  0.137  0.000  0.453  0.714
   0.64350     -3.811572  0.005  0.082  0.019  0.000  0.000  0.028  0.179  0.000  0.397  0.712
   0.61776     -3.816649  0.010  0.077  0.021  0.000  0.000  0.041  0.228  0.000  0.333  0.710
   0.59202     -3.820766  0.014  0.074  0.024  0.000  0.000  0.056  0.280  0.000  0.258  0.707
   0.56628     -3.825869  0.021  0.072  0.025  0.000  0.000  0.079  0.327  0.000  0.178  0.704
   0.54054     -3.836342  0.034  0.075  0.022  0.000  0.000  0.110  0.357  0.000  0.099  0.698
   0.51480     -3.859739  0.050  0.087  0.021  0.000  0.000  0.146  0.345  0.000  0.033  0.682
   0.48906     -3.903733  0.070  0.106  0.019  0.000  0.000  0.173  0.283  0.000  0.006  0.658
   0.46332     -3.968249  0.087  0.120  0.022  0.000  0.000  0.178  0.203  0.000  0.019  0.630
   0.43758     -4.045350  0.095  0.131  0.027  0.000  0.000  0.166  0.140  0.000  0.050  0.608
   0.41184     -4.127176  0.098  0.134  0.033  0.000  0.000  0.147  0.097  0.000  0.079  0.590
   0.38610     -4.209120  0.098  0.137  0.040  0.000  0.000  0.128  0.068  0.000  0.103  0.573
   0.36036     -4.289067  0.095  0.139  0.045  0.000  0.000  0.108  0.048  0.000  0.117  0.556
   0.33462     -4.366284  0.092  0.141  0.051  0.000  0.000  0.090  0.034  0.000  0.127  0.539
   0.30888     -4.440711  0.088  0.144  0.056  0.000  0.000  0.074  0.023  0.000  0.130  0.519
   0.28314     -4.512527  0.086  0.148  0.061  0.000  0.000  0.060  0.016  0.000  0.127  0.501
   0.25740     -4.581891  0.084  0.152  0.065  0.000  0.000  0.047  0.011  0.000  0.120  0.480
   0.23166     -4.648797  0.081  0.156  0.068  0.000  0.000  0.037  0.007  0.000  0.108  0.460
   0.20592     -4.712994  0.080  0.162  0.069  0.000  0.000  0.029  0.005  0.000  0.094  0.439
   0.18018     -4.773948  0.077  0.166  0.072  0.000  0.000  0.022  0.003  0.000  0.080  0.422
   0.15444     -4.830839  0.077  0.171  0.073  0.000  0.000  0.016  0.002  0.000  0.064  0.404
   0.12870     -4.882585  0.075  0.175  0.074  0.000  0.000  0.010  0.001  0.000  0.050  0.388
   0.10296     -4.927882  0.075  0.180  0.076  0.000  0.000  0.007  0.001  0.000  0.036  0.375
   0.07722     -4.965288  0.075  0.183  0.077  0.000  0.000  0.005  0.000  0.000  0.025  0.365
   0.05148     -4.993351  0.074  0.186  0.077  0.000  0.000  0.003  0.000  0.000  0.016  0.357
   0.02574     -5.010791  0.073  0.186  0.078  0.000  0.000  0.002  0.000  0.000  0.010  0.352
   0.00000     -5.016713  0.073  0.186  0.078  0.000  0.000  0.002  0.000  0.000  0.008  0.350
 
# Band-Index:   11
   0.00000     -3.517794  0.019  0.017  0.040  0.000  0.000  0.001  0.508  0.004  0.208  0.797
   0.02574     -3.516898  0.018  0.017  0.040  0.000  0.000  0.001  0.511  0.004  0.205  0.796
   0.05148     -3.514310  0.018  0.016  0.040  0.000  0.000  0.001  0.519  0.005  0.195  0.795
   0.07722     -3.510328  0.017  0.017  0.040  0.000  0.000  0.001  0.533  0.005  0.179  0.794
   0.10296     -3.505422  0.015  0.017  0.040  0.002  0.000  0.002  0.552  0.006  0.159  0.792
   0.12870     -3.500204  0.014  0.018  0.040  0.000  0.000  0.002  0.575  0.005  0.133  0.792
   0.15444     -3.495383  0.012  0.019  0.043  0.000  0.000  0.001  0.603  0.003  0.106  0.789
   0.18018     -3.491701  0.010  0.020  0.045  0.000  0.000  0.001  0.629  0.001  0.081  0.789
   0.20592     -3.489859  0.008  0.020  0.046  0.000  0.000  0.001  0.653  0.001  0.055  0.787
   0.23166     -3.490440  0.008  0.021  0.048  0.000  0.000  0.001  0.672  0.000  0.033  0.783
   0.25740     -3.493853  0.006  0.021  0.049  0.000  0.000  0.000  0.684  0.000  0.016  0.780
   0.28314     -3.500288  0.005  0.022  0.053  0.000  0.000  0.000  0.687  0.000  0.005  0.775
   0.30888     -3.509671  0.005  0.025  0.057  0.000  0.000  0.000  0.680  0.000  0.003  0.771
   0.33462     -3.521623  0.006  0.027  0.059  0.000  0.000  0.000  0.661  0.000  0.008  0.763
   0.36036     -3.535411  0.006  0.030  0.062  0.000  0.000  0.000  0.629  0.000  0.023  0.755
   0.38610     -3.549829  0.008  0.033  0.066  0.000  0.000  0.000  0.584  0.000  0.050  0.743
   0.41184     -3.562961  0.013  0.039  0.070  0.000  0.000  0.000  0.523  0.000  0.085  0.729
   0.43758     -3.571664  0.016  0.050  0.071  0.000  0.000  0.003  0.442  0.000  0.130  0.713
   0.46332     -3.570656  0.027  0.064  0.072  0.000  0.000  0.014  0.335  0.000  0.180  0.693
   0.48906     -3.551905  0.042  0.087  0.069  0.000  0.000  0.042  0.209  0.000  0.219  0.667
   0.51480     -3.507981  0.060  0.110  0.061  0.000  0.000  0.095  0.096  0.000  0.222  0.645
   0.54054     -3.483871  0.000  0.000  0.000  0.121  0.597  0.000  0.000  0.033  0.000  0.751
   0.56628     -3.507825  0.000  0.000  0.000  0.118  0.612  0.000  0.000  0.025  0.000  0.752
   0.59202     -3.531027  0.000  0.000  0.000  0.114  0.621  0.000  0.000  0.019  0.000  0.754
   0.61776     -3.553266  0.000  0.000  0.000  0.113  0.627  0.000  0.000  0.016  0.000  0.756
   0.64350     -3.574405  0.000  0.000  0.000  0.111  0.632  0.000  0.000  0.014  0.000  0.757
   0.66924     -3.594346  0.000  0.000  0.000  0.110  0.635  0.000  0.000  0.012  0.000  0.758
   0.69498     -3.613013  0.000  0.000  0.000  0.108  0.637  0.000  0.000  0.012  0.000  0.756
   0.72072     -3.630349  0.000  0.000  0.000  0.107  0.640  0.000  0.000  0.011  0.000  0.757
   0.74646     -3.646306  0.000  0.000  0.000  0.106  0.641  0.000  0.000  0.010  0.000  0.758
   0.77220     -3.660844  0.000  0.000  0.000  0.105  0.643  0.000  0.000  0.009  0.000  0.757
   0.79794     -3.673930  0.000  0.000  0.000  0.104  0.644  0.000  0.000  0.009  0.000  0.756
   0.82368     -3.685537  0.000  0.000  0.000  0.104  0.644  0.000  0.000  0.009  0.000  0.756
   0.84942     -3.695641  0.000  0.000  0.000  0.103  0.645  0.000  0.000  0.009  0.000  0.757
   0.87516     -3.704221  0.000  0.000  0.000  0.102  0.646  0.000  0.000  0.009  0.000  0.757
   0.90090     -3.711261  0.000  0.000  0.000  0.102  0.646  0.000  0.000  0.009  0.000  0.757
   0.92664     -3.716746  0.000  0.000  0.000  0.102  0.646  0.000  0.000  0.009  0.001  0.757
   0.95238     -3.720662  0.000  0.000  0.000  0.102  0.644  0.000  0.000  0.009  0.003  0.757
   0.97812     -3.722972  0.000  0.004  0.000  0.098  0.624  0.000  0.000  0.008  0.023  0.757
   1.00386     -3.723637  0.000  0.022  0.000  0.080  0.512  0.002  0.000  0.008  0.135  0.757
   1.00386     -3.723637  0.000  0.022  0.000  0.080  0.512  0.002  0.000  0.008  0.135  0.757
   1.02960     -3.722853  0.000  0.002  0.000  0.098  0.629  0.000  0.000  0.008  0.018  0.757
   1.05534     -3.720154  0.000  0.000  0.000  0.102  0.645  0.000  0.000  0.008  0.002  0.758
   1.08107     -3.715601  0.000  0.000  0.000  0.102  0.648  0.000  0.000  0.008  0.000  0.758
   1.10681     -3.709231  0.000  0.000  0.000  0.100  0.649  0.000  0.000  0.008  0.000  0.757
   1.13255     -3.701065  0.000  0.000  0.000  0.100  0.650  0.000  0.000  0.008  0.000  0.759
   1.15829     -3.691125  0.000  0.000  0.000  0.101  0.651  0.000  0.000  0.008  0.000  0.760
   1.18403     -3.679439  0.000  0.000  0.000  0.099  0.653  0.000  0.000  0.008  0.000  0.761
   1.20977     -3.666037  0.000  0.000  0.000  0.099  0.655  0.000  0.000  0.008  0.000  0.762
   1.23551     -3.650960  0.000  0.000  0.000  0.097  0.658  0.000  0.000  0.007  0.000  0.764
   1.26125     -3.634250  0.000  0.000  0.000  0.098  0.660  0.000  0.000  0.007  0.000  0.765
   1.28699     -3.615962  0.000  0.000  0.000  0.096  0.664  0.000  0.000  0.007  0.000  0.766
   1.31273     -3.596156  0.000  0.000  0.000  0.094  0.668  0.000  0.000  0.007  0.000  0.768
   1.33847     -3.574904  0.000  0.000  0.000  0.093  0.671  0.000  0.000  0.006  0.000  0.772
   1.36421     -3.552292  0.000  0.000  0.000  0.091  0.676  0.000  0.000  0.007  0.000  0.773
   1.38995     -3.528422  0.000  0.000  0.000  0.089  0.681  0.000  0.000  0.007  0.000  0.777
   1.41569     -3.503423  0.000  0.000  0.000  0.087  0.685  0.000  0.000  0.009  0.000  0.781
   1.44143     -3.477462  0.000  0.000  0.000  0.084  0.690  0.000  0.000  0.012  0.000  0.786
   1.46717     -3.450769  0.000  0.000  0.000  0.080  0.694  0.000  0.000  0.016  0.000  0.791
   1.49291     -3.432283  0.042  0.091  0.019  0.000  0.000  0.166  0.393  0.000  0.017  0.727
   1.51865     -3.466839  0.038  0.085  0.020  0.000  0.000  0.110  0.444  0.000  0.034  0.729
   1.54439     -3.492221  0.032  0.075  0.023  0.000  0.000  0.063  0.495  0.000  0.056  0.742
   1.57013     -3.507602  0.024  0.062  0.025  0.000  0.000  0.031  0.536  0.000  0.080  0.757
   1.59587     -3.514873  0.020  0.049  0.026  0.000  0.000  0.013  0.565  0.000  0.101  0.773
   1.62161     -3.516928  0.018  0.038  0.027  0.000  0.000  0.004  0.582  0.000  0.117  0.785
   1.64735     -3.516247  0.015  0.032  0.026  0.000  0.000  0.001  0.590  0.000  0.130  0.795
   1.67309     -3.514509  0.016  0.026  0.027  0.000  0.000  0.000  0.591  0.000  0.140  0.802
   1.69883     -3.512698  0.016  0.022  0.029  0.000  0.000  0.000  0.589  0.000  0.149  0.804
   1.72457     -3.511318  0.016  0.020  0.028  0.000  0.000  0.001  0.584  0.000  0.157  0.806
   1.75031     -3.510566  0.015  0.018  0.030  0.000  0.000  0.001  0.573  0.000  0.165  0.806
   1.77605     -3.510456  0.015  0.016  0.032  0.000  0.000  0.002  0.564  0.000  0.173  0.806
   1.80179     -3.510897  0.016  0.016  0.033  0.000  0.000  0.002  0.555  0.000  0.180  0.805
   1.82753     -3.511750  0.017  0.016  0.035  0.000  0.000  0.002  0.545  0.000  0.186  0.804
   1.85327     -3.512858  0.018  0.016  0.035  0.000  0.000  0.002  0.537  0.000  0.194  0.802
   1.87901     -3.514071  0.018  0.016  0.037  0.000  0.000  0.002  0.530  0.000  0.198  0.800
   1.90475     -3.515253  0.018  0.016  0.037  0.000  0.000  0.002  0.523  0.001  0.202  0.800
   1.93049     -3.516293  0.018  0.016  0.038  0.000  0.000  0.001  0.517  0.001  0.205  0.798
   1.95623     -3.517103  0.018  0.017  0.038  0.000  0.000  0.001  0.513  0.002  0.207  0.796
   1.98197     -3.517617  0.019  0.017  0.040  0.000  0.000  0.001  0.509  0.003  0.208  0.797
   2.00771     -3.517794  0.019  0.017  0.040  0.000  0.000  0.001  0.508  0.004  0.208  0.797
 
# Band-Index:   12
   2.00771     -3.507885  0.000  0.000  0.000  0.117  0.011  0.000  0.003  0.613  0.001  0.748
   1.98197     -3.506901  0.000  0.000  0.000  0.117  0.011  0.000  0.003  0.614  0.001  0.749
   1.95623     -3.503957  0.000  0.000  0.000  0.117  0.011  0.000  0.002  0.616  0.001  0.750
   1.93049     -3.499076  0.000  0.000  0.000  0.117  0.012  0.000  0.001  0.618  0.000  0.749
   1.90475     -3.492306  0.000  0.000  0.000  0.115  0.013  0.000  0.001  0.621  0.000  0.751
   1.87901     -3.483720  0.000  0.000  0.000  0.113  0.015  0.000  0.000  0.624  0.000  0.754
   1.85327     -3.473412  0.000  0.000  0.000  0.111  0.019  0.000  0.000  0.628  0.000  0.758
   1.82753     -3.461502  0.000  0.000  0.000  0.108  0.022  0.000  0.000  0.632  0.000  0.760
   1.80179     -3.448139  0.000  0.000  0.000  0.104  0.026  0.000  0.000  0.635  0.000  0.765
   1.77605     -3.433504  0.000  0.000  0.000  0.099  0.031  0.000  0.000  0.639  0.000  0.770
   1.75031     -3.417821  0.000  0.000  0.000  0.095  0.039  0.000  0.000  0.642  0.000  0.776
   1.72457     -3.401383  0.000  0.000  0.000  0.088  0.050  0.000  0.000  0.643  0.000  0.781
   1.69883     -3.384591  0.000  0.000  0.000  0.082  0.067  0.000  0.000  0.640  0.000  0.790
   1.67309     -3.368075  0.000  0.000  0.000  0.074  0.096  0.000  0.000  0.628  0.000  0.798
   1.64735     -3.352995  0.000  0.000  0.000  0.063  0.151  0.000  0.000  0.595  0.000  0.809
   1.62161     -3.341844  0.000  0.000  0.000  0.051  0.257  0.000  0.000  0.515  0.000  0.823
   1.59587     -3.339628  0.000  0.000  0.000  0.043  0.436  0.000  0.000  0.352  0.000  0.832
   1.57013     -3.350651  0.000  0.000  0.000  0.048  0.600  0.000  0.000  0.179  0.000  0.827
   1.54439     -3.371564  0.000  0.000  0.000  0.060  0.673  0.000  0.000  0.084  0.000  0.817
   1.51865     -3.396874  0.000  0.000  0.000  0.068  0.694  0.000  0.000  0.044  0.000  0.806
   1.49291     -3.423696  0.000  0.000  0.000  0.076  0.697  0.000  0.000  0.025  0.000  0.798
   1.46717     -3.391972  0.045  0.089  0.017  0.000  0.000  0.222  0.349  0.000  0.011  0.731
   1.44143     -3.349917  0.042  0.083  0.016  0.000  0.000  0.272  0.318  0.000  0.010  0.742
   1.41569     -3.309117  0.037  0.076  0.016  0.000  0.000  0.316  0.295  0.000  0.014  0.755
   1.38995     -3.271269  0.035  0.068  0.015  0.000  0.000  0.354  0.278  0.000  0.019  0.769
   1.36421     -3.237097  0.030  0.060  0.015  0.000  0.000  0.388  0.264  0.000  0.023  0.782
   1.33847     -3.206748  0.026  0.054  0.014  0.000  0.000  0.419  0.251  0.000  0.028  0.793
   1.31273     -3.180081  0.022  0.050  0.013  0.000  0.000  0.448  0.238  0.000  0.031  0.803
   1.28699     -3.156847  0.018  0.046  0.012  0.000  0.000  0.477  0.223  0.000  0.035  0.813
   1.26125     -3.136784  0.016  0.042  0.012  0.000  0.000  0.508  0.204  0.000  0.037  0.820
   1.23551     -3.119672  0.012  0.040  0.009  0.000  0.000  0.542  0.181  0.000  0.039  0.828
   1.20977     -3.105350  0.010  0.040  0.009  0.000  0.000  0.580  0.153  0.000  0.044  0.834
   1.18403     -3.093711  0.008  0.038  0.006  0.000  0.000  0.621  0.120  0.000  0.046  0.840
   1.15829     -3.084678  0.004  0.038  0.005  0.000  0.000  0.664  0.084  0.001  0.049  0.845
   1.13255     -3.078122  0.002  0.038  0.003  0.000  0.000  0.703  0.050  0.003  0.051  0.850
   1.10681     -3.073829  0.001  0.022  0.000  0.016  0.024  0.415  0.014  0.334  0.030  0.855
   1.08107     -3.071680  0.000  0.000  0.000  0.037  0.055  0.006  0.000  0.760  0.000  0.859
   1.05534     -3.070224  0.000  0.000  0.000  0.036  0.056  0.003  0.000  0.762  0.000  0.860
   1.02960     -3.069364  0.000  0.000  0.000  0.036  0.057  0.010  0.000  0.755  0.001  0.861
   1.00386     -3.069085  0.000  0.010  0.000  0.026  0.043  0.211  0.000  0.554  0.017  0.861
   1.00386     -3.069085  0.000  0.010  0.000  0.026  0.043  0.211  0.000  0.554  0.017  0.861
   0.97812     -3.069791  0.000  0.000  0.000  0.036  0.057  0.000  0.000  0.765  0.000  0.860
   0.95238     -3.071928  0.000  0.000  0.000  0.038  0.058  0.000  0.000  0.764  0.000  0.860
   0.92664     -3.075473  0.000  0.000  0.000  0.038  0.058  0.000  0.000  0.763  0.000  0.859
   0.90090     -3.080401  0.000  0.000  0.000  0.038  0.059  0.000  0.000  0.761  0.000  0.857
   0.87516     -3.086677  0.000  0.000  0.000  0.038  0.059  0.000  0.000  0.758  0.000  0.855
   0.84942     -3.094255  0.000  0.000  0.000  0.040  0.060  0.000  0.000  0.755  0.000  0.855
   0.82368     -3.103080  0.000  0.000  0.000  0.040  0.061  0.000  0.000  0.752  0.000  0.853
   0.79794     -3.113088  0.000  0.000  0.000  0.042  0.062  0.000  0.000  0.747  0.000  0.852
   0.77220     -3.124205  0.000  0.000  0.000  0.043  0.064  0.000  0.000  0.742  0.000  0.849
   0.74646     -3.136348  0.000  0.000  0.000  0.045  0.066  0.000  0.000  0.737  0.000  0.848
   0.72072     -3.149422  0.000  0.000  0.000  0.045  0.068  0.000  0.000  0.732  0.000  0.845
   0.69498     -3.163326  0.000  0.000  0.000  0.047  0.071  0.000  0.000  0.725  0.000  0.844
   0.66924     -3.177945  0.000  0.000  0.000  0.049  0.074  0.000  0.000  0.719  0.000  0.840
   0.64350     -3.193154  0.000  0.000  0.000  0.049  0.079  0.000  0.000  0.712  0.000  0.840
   0.61776     -3.208820  0.000  0.000  0.000  0.050  0.085  0.000  0.000  0.702  0.000  0.837
   0.59202     -3.275454  0.070  0.130  0.035  0.000  0.000  0.321  0.004  0.000  0.100  0.661
   0.56628     -3.358838  0.076  0.132  0.044  0.000  0.000  0.237  0.007  0.000  0.148  0.644
   0.54054     -3.440204  0.072  0.127  0.053  0.000  0.000  0.163  0.030  0.000  0.194  0.638
   0.51480     -3.459519  0.000  0.000  0.000  0.126  0.574  0.000  0.000  0.047  0.000  0.748
   0.48906     -3.435456  0.000  0.000  0.000  0.132  0.534  0.000  0.000  0.074  0.000  0.741
   0.46332     -3.413142  0.000  0.000  0.000  0.144  0.458  0.000  0.000  0.130  0.000  0.733
   0.43758     -3.395782  0.000  0.000  0.000  0.154  0.323  0.000  0.000  0.245  0.000  0.723
   0.41184     -3.388109  0.000  0.000  0.000  0.153  0.155  0.000  0.000  0.413  0.000  0.722
   0.38610     -3.390868  0.000  0.000  0.000  0.142  0.055  0.000  0.000  0.535  0.000  0.732
   0.36036     -3.399676  0.000  0.000  0.000  0.131  0.018  0.000  0.000  0.592  0.000  0.741
   0.33462     -3.410960  0.000  0.000  0.000  0.125  0.007  0.000  0.000  0.616  0.000  0.748
   0.30888     -3.423021  0.000  0.000  0.000  0.121  0.004  0.000  0.000  0.624  0.000  0.751
   0.28314     -3.435066  0.000  0.000  0.000  0.119  0.005  0.000  0.000  0.628  0.000  0.751
   0.25740     -3.446678  0.000  0.000  0.000  0.118  0.007  0.000  0.000  0.628  0.000  0.753
   0.23166     -3.457609  0.000  0.000  0.000  0.118  0.007  0.000  0.000  0.628  0.000  0.751
   0.20592     -3.467691  0.000  0.000  0.000  0.117  0.009  0.000  0.001  0.625  0.000  0.752
   0.18018     -3.476801  0.000  0.000  0.000  0.117  0.010  0.000  0.001  0.623  0.000  0.751
   0.15444     -3.484848  0.000  0.000  0.000  0.117  0.009  0.000  0.003  0.619  0.000  0.751
   0.12870     -3.491765  0.000  0.000  0.000  0.117  0.009  0.000  0.005  0.616  0.001  0.750
   0.10296     -3.497503  0.000  0.000  0.000  0.117  0.010  0.000  0.005  0.614  0.001  0.749
   0.07722     -3.502016  0.000  0.000  0.000  0.117  0.010  0.000  0.005  0.612  0.002  0.749
   0.05148     -3.505268  0.000  0.000  0.000  0.117  0.010  0.000  0.004  0.612  0.001  0.749
   0.02574     -3.507229  0.000  0.000  0.000  0.117  0.011  0.000  0.004  0.613  0.001  0.748
   0.00000     -3.507885  0.000  0.000  0.000  0.117  0.011  0.000  0.003  0.613  0.001  0.748
 
# Band-Index:   13
   0.00000     -2.933473  0.000  0.000  0.000  0.031  0.862  0.000  0.000  0.002  0.000  0.895
   0.02574     -2.936224  0.000  0.000  0.000  0.031  0.860  0.000  0.000  0.002  0.000  0.895
   0.05148     -2.944339  0.000  0.000  0.000  0.033  0.853  0.000  0.000  0.002  0.000  0.891
   0.07722     -2.957427  0.000  0.000  0.000  0.037  0.843  0.000  0.000  0.003  0.000  0.884
   0.10296     -2.974920  0.000  0.000  0.000  0.042  0.831  0.000  0.000  0.004  0.000  0.878
   0.12870     -2.996145  0.000  0.000  0.000  0.046  0.819  0.000  0.000  0.004  0.000  0.871
   0.15444     -3.020412  0.000  0.000  0.000  0.051  0.806  0.000  0.000  0.005  0.000  0.863
   0.18018     -3.047057  0.000  0.000  0.000  0.053  0.794  0.000  0.000  0.006  0.000  0.855
   0.20592     -3.075474  0.000  0.000  0.000  0.058  0.783  0.000  0.000  0.008  0.000  0.848
   0.23166     -3.105118  0.000  0.000  0.000  0.060  0.773  0.000  0.000  0.012  0.000  0.845
   0.25740     -3.135500  0.000  0.000  0.000  0.060  0.764  0.000  0.000  0.015  0.000  0.839
   0.28314     -3.166158  0.000  0.000  0.000  0.062  0.756  0.000  0.000  0.019  0.000  0.835
   0.30888     -3.196615  0.000  0.000  0.000  0.061  0.748  0.000  0.000  0.027  0.000  0.834
   0.33462     -3.226281  0.000  0.000  0.000  0.055  0.739  0.000  0.000  0.041  0.000  0.835
   0.36036     -3.254237  0.000  0.000  0.000  0.049  0.722  0.000  0.000  0.069  0.000  0.840
   0.38610     -3.278695  0.000  0.000  0.000  0.038  0.680  0.000  0.000  0.131  0.000  0.849
   0.41184     -3.296026  0.000  0.000  0.000  0.027  0.574  0.000  0.000  0.257  0.000  0.859
   0.43758     -3.301817  0.000  0.000  0.000  0.025  0.404  0.000  0.000  0.430  0.000  0.859
   0.46332     -3.296806  0.000  0.000  0.000  0.034  0.264  0.000  0.000  0.552  0.000  0.850
   0.48906     -3.285735  0.000  0.000  0.000  0.042  0.185  0.000  0.000  0.614  0.000  0.842
   0.51480     -3.271833  0.000  0.000  0.000  0.046  0.142  0.000  0.000  0.648  0.000  0.836
   0.54054     -3.256602  0.000  0.000  0.000  0.049  0.117  0.000  0.000  0.669  0.000  0.835
   0.56628     -3.240771  0.000  0.000  0.000  0.050  0.102  0.000  0.000  0.682  0.000  0.835
   0.59202     -3.224748  0.000  0.000  0.000  0.050  0.091  0.000  0.000  0.694  0.000  0.836
   0.61776     -3.199829  0.059  0.119  0.028  0.000  0.000  0.424  0.007  0.001  0.056  0.693
   0.64350     -3.140147  0.037  0.101  0.021  0.000  0.000  0.558  0.003  0.000  0.018  0.739
   0.66924     -3.101859  0.016  0.074  0.012  0.000  0.000  0.680  0.007  0.000  0.005  0.794
   0.69498     -3.082622  0.003  0.053  0.006  0.000  0.000  0.706  0.040  0.000  0.018  0.828
   0.72072     -3.073440  0.002  0.042  0.006  0.000  0.000  0.686  0.070  0.000  0.032  0.840
   0.74646     -3.068434  0.002  0.038  0.007  0.000  0.000  0.673  0.085  0.000  0.039  0.845
   0.77220     -3.065443  0.002  0.036  0.007  0.000  0.000  0.677  0.083  0.000  0.042  0.846
   0.79794     -3.063756  0.002  0.038  0.004  0.000  0.000  0.692  0.069  0.000  0.043  0.849
   0.82368     -3.063121  0.002  0.038  0.004  0.000  0.000  0.713  0.050  0.000  0.045  0.851
   0.84942     -3.063372  0.001  0.038  0.004  0.000  0.000  0.733  0.031  0.000  0.046  0.853
   0.87516     -3.064285  0.000  0.038  0.000  0.000  0.000  0.749  0.016  0.000  0.049  0.855
   0.90090     -3.065567  0.000  0.038  0.000  0.000  0.000  0.759  0.006  0.000  0.051  0.857
   0.92664     -3.066908  0.000  0.038  0.000  0.000  0.000  0.764  0.002  0.000  0.054  0.858
   0.95238     -3.068047  0.000  0.038  0.000  0.000  0.000  0.765  0.000  0.000  0.055  0.859
   0.97812     -3.068800  0.000  0.036  0.000  0.000  0.000  0.765  0.000  0.000  0.057  0.860
   1.00386     -3.069054  0.000  0.026  0.000  0.010  0.017  0.555  0.000  0.211  0.042  0.860
   1.00386     -3.069054  0.000  0.026  0.000  0.010  0.017  0.555  0.000  0.211  0.042  0.860
   1.02960     -3.069227  0.000  0.036  0.000  0.000  0.001  0.755  0.000  0.010  0.056  0.860
   1.05534     -3.069831  0.000  0.038  0.000  0.000  0.000  0.760  0.001  0.003  0.056  0.859
   1.08107     -3.071182  0.000  0.038  0.000  0.000  0.000  0.749  0.007  0.006  0.055  0.856
   1.10681     -3.073690  0.000  0.016  0.000  0.022  0.031  0.321  0.010  0.432  0.023  0.855
   1.13255     -3.076474  0.000  0.000  0.000  0.038  0.052  0.003  0.000  0.764  0.000  0.857
   1.15829     -3.079907  0.000  0.000  0.000  0.040  0.049  0.001  0.000  0.767  0.000  0.856
   1.18403     -3.084094  0.000  0.000  0.000  0.040  0.047  0.000  0.000  0.767  0.000  0.854
   1.20977     -3.089093  0.000  0.000  0.000  0.042  0.044  0.000  0.000  0.768  0.000  0.854
   1.23551     -3.094969  0.000  0.000  0.000  0.042  0.041  0.000  0.000  0.767  0.000  0.853
   1.26125     -3.101781  0.000  0.000  0.000  0.045  0.037  0.000  0.000  0.766  0.000  0.848
   1.28699     -3.109591  0.000  0.000  0.000  0.047  0.033  0.000  0.000  0.766  0.000  0.845
   1.31273     -3.118449  0.000  0.000  0.000  0.049  0.029  0.000  0.000  0.765  0.000  0.842
   1.33847     -3.128392  0.000  0.000  0.000  0.053  0.024  0.000  0.000  0.763  0.000  0.840
   1.36421     -3.139438  0.000  0.000  0.000  0.055  0.020  0.000  0.000  0.759  0.000  0.835
   1.38995     -3.151576  0.000  0.000  0.000  0.060  0.016  0.000  0.000  0.755  0.000  0.830
   1.41569     -3.164759  0.000  0.000  0.000  0.064  0.012  0.000  0.000  0.749  0.000  0.824
   1.44143     -3.178879  0.000  0.000  0.000  0.070  0.007  0.000  0.000  0.741  0.000  0.819
   1.46717     -3.193748  0.000  0.000  0.000  0.075  0.005  0.000  0.000  0.730  0.000  0.810
   1.49291     -3.209033  0.000  0.000  0.000  0.083  0.005  0.000  0.000  0.715  0.000  0.803
   1.51865     -3.224120  0.000  0.000  0.000  0.091  0.010  0.000  0.000  0.689  0.000  0.794
   1.54439     -3.237728  0.000  0.000  0.000  0.103  0.036  0.000  0.000  0.642  0.000  0.781
   1.57013     -3.246952  0.000  0.000  0.000  0.116  0.115  0.000  0.000  0.540  0.000  0.770
   1.59587     -3.246276  0.000  0.000  0.000  0.122  0.286  0.000  0.000  0.356  0.000  0.764
   1.62161     -3.232326  0.000  0.000  0.000  0.115  0.474  0.000  0.000  0.183  0.000  0.772
   1.64735     -3.209391  0.000  0.000  0.000  0.103  0.587  0.000  0.000  0.094  0.000  0.786
   1.67309     -3.182479  0.000  0.000  0.000  0.094  0.650  0.000  0.000  0.053  0.000  0.798
   1.69883     -3.154109  0.000  0.000  0.000  0.085  0.690  0.000  0.000  0.033  0.000  0.809
   1.72457     -3.125491  0.000  0.000  0.000  0.078  0.719  0.000  0.000  0.022  0.000  0.819
   1.75031     -3.097340  0.000  0.000  0.000  0.073  0.742  0.000  0.000  0.015  0.000  0.829
   1.77605     -3.070174  0.000  0.000  0.000  0.067  0.762  0.000  0.000  0.011  0.000  0.840
   1.80179     -3.044434  0.000  0.000  0.000  0.060  0.781  0.000  0.000  0.008  0.000  0.849
   1.82753     -3.020526  0.000  0.000  0.000  0.054  0.796  0.000  0.000  0.007  0.000  0.857
   1.85327     -2.998835  0.000  0.000  0.000  0.049  0.812  0.000  0.000  0.006  0.000  0.867
   1.87901     -2.979727  0.000  0.000  0.000  0.045  0.825  0.000  0.000  0.003  0.000  0.874
   1.90475     -2.963547  0.000  0.000  0.000  0.040  0.837  0.000  0.000  0.002  0.000  0.882
   1.93049     -2.950603  0.000  0.000  0.000  0.036  0.849  0.000  0.000  0.003  0.000  0.887
   1.95623     -2.941156  0.000  0.000  0.000  0.033  0.856  0.000  0.000  0.002  0.000  0.893
   1.98197     -2.935404  0.000  0.000  0.000  0.031  0.861  0.000  0.000  0.002  0.000  0.895
   2.00771     -2.933473  0.000  0.000  0.000  0.031  0.862  0.000  0.000  0.002  0.000  0.895
 
# Band-Index:   14
   2.00771     -2.875393  0.030  0.017  0.006  0.000  0.000  0.191  0.250  0.000  0.377  0.871
   1.98197     -2.875016  0.030  0.017  0.006  0.000  0.000  0.191  0.250  0.000  0.376  0.870
   1.95623     -2.873865  0.031  0.017  0.006  0.000  0.000  0.191  0.248  0.000  0.375  0.869
   1.93049     -2.871887  0.034  0.019  0.006  0.000  0.000  0.192  0.245  0.000  0.374  0.867
   1.90475     -2.868996  0.034  0.019  0.006  0.000  0.000  0.194  0.241  0.000  0.372  0.865
   1.87901     -2.865072  0.038  0.020  0.006  0.000  0.000  0.195  0.235  0.000  0.368  0.864
   1.85327     -2.859963  0.040  0.023  0.006  0.000  0.000  0.198  0.227  0.000  0.364  0.858
   1.82753     -2.853492  0.042  0.025  0.007  0.000  0.000  0.201  0.218  0.000  0.359  0.855
   1.80179     -2.845461  0.047  0.028  0.007  0.000  0.000  0.206  0.207  0.000  0.352  0.848
   1.77605     -2.835658  0.051  0.031  0.009  0.000  0.000  0.212  0.194  0.000  0.343  0.841
   1.75031     -2.823877  0.055  0.036  0.010  0.000  0.000  0.219  0.178  0.000  0.333  0.833
   1.72457     -2.809936  0.063  0.040  0.010  0.000  0.000  0.227  0.161  0.000  0.320  0.823
   1.69883     -2.793724  0.068  0.046  0.012  0.000  0.000  0.237  0.142  0.000  0.304  0.812
   1.67309     -2.775268  0.076  0.054  0.015  0.000  0.000  0.247  0.120  0.000  0.287  0.798
   1.64735     -2.754865  0.084  0.060  0.018  0.000  0.000  0.259  0.097  0.000  0.263  0.781
   1.62161     -2.733312  0.093  0.070  0.023  0.000  0.000  0.271  0.072  0.000  0.236  0.762
   1.59587     -2.712283  0.101  0.079  0.028  0.000  0.000  0.283  0.046  0.000  0.201  0.738
   1.57013     -2.694762  0.108  0.087  0.037  0.000  0.000  0.294  0.025  0.000  0.160  0.711
   1.54439     -2.685060  0.111  0.090  0.049  0.000  0.000  0.301  0.013  0.000  0.117  0.683
   1.51865     -2.687356  0.107  0.091  0.061  0.000  0.000  0.304  0.022  0.000  0.076  0.663
   1.49291     -2.702889  0.100  0.087  0.070  0.000  0.000  0.300  0.051  0.000  0.046  0.654
   1.46717     -2.728917  0.089  0.080  0.075  0.000  0.000  0.292  0.093  0.000  0.027  0.657
   1.44143     -2.760887  0.078  0.073  0.074  0.000  0.000  0.284  0.142  0.000  0.017  0.669
   1.41569     -2.794808  0.070  0.063  0.070  0.000  0.000  0.278  0.192  0.000  0.012  0.685
   1.38995     -2.828028  0.064  0.056  0.065  0.000  0.000  0.271  0.239  0.000  0.010  0.703
   1.36421     -2.859044  0.057  0.049  0.059  0.000  0.000  0.264  0.284  0.000  0.006  0.720
   1.33847     -2.887125  0.051  0.042  0.054  0.000  0.000  0.256  0.326  0.000  0.006  0.737
   1.31273     -2.911997  0.048  0.037  0.049  0.000  0.000  0.245  0.366  0.000  0.006  0.752
   1.28699     -2.933639  0.044  0.032  0.044  0.000  0.000  0.232  0.406  0.000  0.006  0.764
   1.26125     -2.952154  0.042  0.025  0.041  0.000  0.000  0.213  0.445  0.000  0.006  0.774
   1.23551     -2.967688  0.041  0.021  0.038  0.000  0.000  0.190  0.487  0.000  0.006  0.783
   1.20977     -2.980385  0.040  0.016  0.038  0.000  0.000  0.160  0.530  0.000  0.006  0.790
   1.18403     -2.990374  0.040  0.013  0.035  0.000  0.000  0.126  0.576  0.000  0.005  0.793
   1.15829     -2.997785  0.039  0.009  0.035  0.000  0.000  0.088  0.622  0.000  0.003  0.798
   1.13255     -3.002809  0.040  0.005  0.034  0.000  0.000  0.052  0.665  0.000  0.002  0.799
   1.10681     -3.005781  0.040  0.002  0.034  0.000  0.000  0.024  0.698  0.000  0.001  0.803
   1.08107     -3.007212  0.038  0.002  0.034  0.000  0.000  0.008  0.718  0.000  0.000  0.803
   1.05534     -3.007698  0.038  0.000  0.034  0.000  0.000  0.002  0.729  0.000  0.000  0.805
   1.02960     -3.007762  0.038  0.000  0.034  0.000  0.000  0.000  0.734  0.000  0.000  0.806
   1.00386     -3.007745  0.038  0.000  0.034  0.000  0.000  0.000  0.734  0.000  0.000  0.806
   1.00386     -3.007745  0.038  0.000  0.034  0.000  0.000  0.000  0.734  0.000  0.000  0.806
   0.97812     -3.007761  0.038  0.000  0.034  0.000  0.000  0.000  0.734  0.000  0.000  0.806
   0.95238     -3.007768  0.038  0.000  0.034  0.000  0.000  0.001  0.729  0.000  0.000  0.804
   0.92664     -3.007652  0.039  0.000  0.034  0.000  0.000  0.002  0.723  0.000  0.000  0.803
   0.90090     -3.007232  0.041  0.002  0.035  0.000  0.000  0.007  0.714  0.000  0.000  0.800
   0.87516     -3.006302  0.042  0.005  0.036  0.000  0.000  0.016  0.696  0.000  0.001  0.796
   0.84942     -3.004714  0.044  0.007  0.037  0.000  0.000  0.032  0.670  0.000  0.001  0.792
   0.82368     -3.002525  0.045  0.013  0.037  0.000  0.000  0.050  0.635  0.000  0.003  0.786
   0.79794     -3.000180  0.048  0.018  0.039  0.000  0.000  0.068  0.596  0.000  0.007  0.778
   0.77220     -2.998668  0.053  0.025  0.040  0.000  0.000  0.077  0.556  0.000  0.016  0.768
   0.74646     -2.999575  0.059  0.032  0.042  0.000  0.000  0.073  0.520  0.000  0.029  0.754
   0.72072     -3.004906  0.067  0.039  0.044  0.000  0.000  0.048  0.491  0.000  0.051  0.740
   0.69498     -3.016053  0.073  0.039  0.046  0.000  0.000  0.011  0.472  0.000  0.088  0.731
   0.66924     -3.030940  0.073  0.033  0.044  0.000  0.000  0.011  0.446  0.000  0.133  0.741
   0.64350     -3.043235  0.059  0.022  0.038  0.000  0.000  0.100  0.388  0.000  0.161  0.769
   0.61776     -3.050450  0.048  0.017  0.032  0.000  0.000  0.199  0.325  0.000  0.169  0.790
   0.59202     -3.054369  0.039  0.016  0.031  0.000  0.000  0.264  0.277  0.000  0.176  0.803
   0.56628     -3.056392  0.036  0.016  0.029  0.000  0.000  0.305  0.238  0.000  0.185  0.809
   0.54054     -3.057114  0.033  0.016  0.027  0.000  0.000  0.334  0.205  0.000  0.196  0.811
   0.51480     -3.056747  0.032  0.016  0.028  0.000  0.000  0.355  0.175  0.000  0.208  0.814
   0.48906     -3.055330  0.032  0.016  0.028  0.000  0.000  0.371  0.145  0.000  0.222  0.814
   0.46332     -3.052811  0.032  0.016  0.028  0.000  0.000  0.384  0.117  0.000  0.237  0.814
   0.43758     -3.049085  0.033  0.016  0.028  0.000  0.000  0.395  0.090  0.000  0.253  0.813
   0.41184     -3.044013  0.033  0.016  0.028  0.000  0.000  0.404  0.064  0.000  0.268  0.812
   0.38610     -3.037447  0.033  0.016  0.027  0.000  0.000  0.410  0.042  0.000  0.284  0.814
   0.36036     -3.029251  0.033  0.018  0.030  0.000  0.000  0.414  0.023  0.000  0.298  0.813
   0.33462     -3.019333  0.034  0.018  0.030  0.000  0.000  0.415  0.011  0.000  0.311  0.814
   0.30888     -3.007686  0.035  0.018  0.029  0.000  0.000  0.411  0.004  0.000  0.321  0.815
   0.28314     -2.994422  0.035  0.018  0.029  0.000  0.000  0.405  0.004  0.000  0.330  0.818
   0.25740     -2.979799  0.035  0.018  0.027  0.000  0.000  0.395  0.012  0.000  0.337  0.821
   0.23166     -2.964233  0.033  0.018  0.026  0.000  0.000  0.380  0.026  0.000  0.343  0.826
   0.20592     -2.948282  0.033  0.018  0.024  0.000  0.000  0.362  0.047  0.000  0.347  0.831
   0.18018     -2.932611  0.034  0.018  0.022  0.000  0.000  0.339  0.075  0.000  0.351  0.838
   0.15444     -2.917925  0.032  0.018  0.018  0.000  0.000  0.313  0.106  0.000  0.356  0.844
   0.12870     -2.904891  0.032  0.017  0.016  0.000  0.000  0.285  0.140  0.000  0.361  0.850
   0.10296     -2.894039  0.032  0.017  0.010  0.000  0.000  0.256  0.173  0.000  0.365  0.857
   0.07722     -2.885677  0.033  0.017  0.008  0.000  0.000  0.231  0.204  0.000  0.370  0.863
   0.05148     -2.879868  0.030  0.017  0.006  0.000  0.000  0.209  0.229  0.000  0.374  0.867
   0.02574     -2.876494  0.030  0.017  0.006  0.000  0.000  0.195  0.245  0.000  0.376  0.869
   0.00000     -2.875393  0.030  0.017  0.006  0.000  0.000  0.191  0.250  0.000  0.377  0.871
 
# Band-Index:   15
   0.00000     -2.548444  0.008  0.014  0.074  0.000  0.000  0.531  0.107  0.000  0.076  0.810
   0.02574     -2.545501  0.008  0.013  0.074  0.000  0.000  0.525  0.109  0.000  0.079  0.809
   0.05148     -2.536403  0.009  0.014  0.074  0.000  0.000  0.507  0.114  0.000  0.087  0.805
   0.07722     -2.520437  0.012  0.016  0.072  0.000  0.000  0.479  0.121  0.000  0.099  0.801
   0.10296     -2.496645  0.013  0.021  0.073  0.000  0.000  0.444  0.127  0.000  0.115  0.796
   0.12870     -2.464078  0.014  0.027  0.074  0.000  0.000  0.405  0.133  0.000  0.134  0.785
   0.15444     -2.422003  0.016  0.033  0.074  0.000  0.000  0.364  0.136  0.000  0.153  0.777
   0.18018     -2.370039  0.017  0.040  0.074  0.000  0.000  0.324  0.136  0.000  0.169  0.763
   0.20592     -2.308258  0.018  0.050  0.076  0.000  0.000  0.285  0.134  0.000  0.181  0.747
   0.23166     -2.237257  0.021  0.060  0.079  0.000  0.000  0.248  0.130  0.000  0.190  0.728
   0.25740     -2.158283  0.021  0.073  0.084  0.000  0.000  0.212  0.126  0.000  0.194  0.709
   0.28314     -2.073411  0.020  0.086  0.088  0.000  0.000  0.178  0.122  0.000  0.192  0.686
   0.30888     -1.985822  0.018  0.099  0.095  0.000  0.000  0.143  0.120  0.000  0.184  0.661
   0.33462     -1.900227  0.017  0.114  0.103  0.000  0.000  0.109  0.124  0.000  0.170  0.634
   0.36036     -1.823349  0.012  0.130  0.112  0.000  0.000  0.074  0.131  0.000  0.150  0.606
   0.38610     -1.763933  0.007  0.143  0.124  0.000  0.000  0.041  0.141  0.000  0.125  0.579
   0.41184     -1.731002  0.006  0.152  0.132  0.000  0.000  0.017  0.155  0.000  0.098  0.559
   0.43758     -1.729465  0.004  0.155  0.135  0.000  0.000  0.007  0.170  0.000  0.075  0.548
   0.46332     -1.756286  0.004  0.155  0.134  0.000  0.000  0.011  0.184  0.000  0.060  0.547
   0.48906     -1.802003  0.008  0.152  0.127  0.000  0.000  0.022  0.194  0.000  0.051  0.557
   0.51480     -1.855521  0.009  0.150  0.118  0.000  0.000  0.034  0.202  0.000  0.050  0.566
   0.54054     -1.907032  0.013  0.153  0.106  0.000  0.000  0.044  0.206  0.000  0.055  0.576
   0.56628     -1.948365  0.015  0.157  0.095  0.000  0.000  0.048  0.204  0.000  0.063  0.585
   0.59202     -1.972438  0.018  0.167  0.084  0.000  0.000  0.046  0.195  0.000  0.077  0.588
   0.61776     -1.972993  0.023  0.180  0.072  0.000  0.000  0.038  0.179  0.000  0.093  0.586
   0.64350     -1.945162  0.029  0.196  0.062  0.000  0.000  0.027  0.155  0.000  0.110  0.581
   0.66924     -1.886720  0.034  0.213  0.054  0.000  0.000  0.017  0.127  0.000  0.130  0.574
   0.69498     -1.798922  0.037  0.231  0.044  0.000  0.000  0.012  0.100  0.000  0.143  0.566
   0.72072     -1.685892  0.040  0.246  0.038  0.000  0.000  0.009  0.075  0.000  0.153  0.559
   0.74646     -1.552998  0.040  0.260  0.032  0.000  0.000  0.011  0.055  0.000  0.159  0.556
   0.77220     -1.405497  0.039  0.271  0.027  0.000  0.000  0.015  0.041  0.000  0.163  0.556
   0.79794     -1.247946  0.035  0.281  0.024  0.000  0.000  0.020  0.028  0.000  0.169  0.557
   0.82368     -1.084202  0.030  0.290  0.019  0.000  0.000  0.027  0.020  0.000  0.172  0.560
   0.84942     -0.917619  0.026  0.297  0.015  0.000  0.000  0.036  0.014  0.000  0.175  0.563
   0.87516     -0.751301  0.018  0.304  0.013  0.000  0.000  0.044  0.009  0.000  0.180  0.569
   0.90090     -0.588316  0.014  0.308  0.007  0.000  0.000  0.052  0.006  0.000  0.187  0.575
   0.92664     -0.431889  0.008  0.310  0.005  0.000  0.000  0.061  0.003  0.000  0.195  0.584
   0.95238     -0.285688  0.004  0.304  0.002  0.000  0.000  0.075  0.001  0.000  0.209  0.597
   0.97812     -0.155217  0.000  0.277  0.000  0.000  0.000  0.098  0.000  0.000  0.243  0.620
   1.00386     -0.073983  0.000  0.145  0.000  0.039  0.072  0.117  0.000  0.031  0.275  0.680
   1.00386     -0.073983  0.000  0.145  0.000  0.039  0.072  0.117  0.000  0.031  0.275  0.680
   1.02960     -0.146079  0.000  0.000  0.000  0.281  0.242  0.000  0.000  0.098  0.000  0.620
   1.05534     -0.250751  0.000  0.000  0.000  0.309  0.211  0.000  0.000  0.077  0.000  0.598
   1.08107     -0.356499  0.000  0.000  0.000  0.321  0.200  0.000  0.000  0.066  0.000  0.586
   1.10681     -0.460880  0.000  0.000  0.000  0.325  0.195  0.000  0.000  0.057  0.000  0.579
   1.13255     -0.563101  0.000  0.000  0.000  0.330  0.192  0.000  0.000  0.051  0.000  0.573
   1.15829     -0.662704  0.000  0.000  0.000  0.334  0.189  0.000  0.000  0.045  0.000  0.568
   1.18403     -0.759346  0.000  0.000  0.000  0.335  0.188  0.000  0.000  0.040  0.000  0.563
   1.20977     -0.852744  0.000  0.000  0.000  0.337  0.187  0.000  0.000  0.036  0.000  0.559
   1.23551     -0.942668  0.000  0.000  0.000  0.338  0.187  0.000  0.000  0.030  0.000  0.555
   1.26125     -1.042343  0.083  0.305  0.005  0.002  0.002  0.015  0.050  0.000  0.108  0.571
   1.28699     -1.188784  0.093  0.291  0.006  0.000  0.000  0.016  0.060  0.000  0.114  0.582
   1.31273     -1.333648  0.099  0.275  0.010  0.000  0.000  0.018  0.072  0.000  0.122  0.593
   1.33847     -1.474522  0.103  0.254  0.012  0.000  0.000  0.019  0.085  0.000  0.130  0.605
   1.36421     -1.609054  0.103  0.235  0.017  0.000  0.000  0.021  0.101  0.000  0.143  0.619
   1.38995     -1.734755  0.100  0.214  0.023  0.000  0.000  0.021  0.119  0.000  0.157  0.635
   1.41569     -1.848840  0.094  0.190  0.030  0.000  0.000  0.021  0.141  0.000  0.173  0.649
   1.44143     -1.948044  0.084  0.168  0.038  0.000  0.000  0.019  0.165  0.000  0.186  0.662
   1.46717     -2.028403  0.071  0.145  0.053  0.000  0.000  0.015  0.191  0.000  0.196  0.673
   1.49291     -2.085250  0.055  0.122  0.071  0.000  0.000  0.011  0.214  0.000  0.200  0.672
   1.51865     -2.114132  0.041  0.103  0.095  0.000  0.000  0.006  0.226  0.000  0.188  0.662
   1.54439     -2.113253  0.030  0.091  0.122  0.000  0.000  0.005  0.222  0.000  0.164  0.635
   1.57013     -2.086466  0.021  0.097  0.167  0.000  0.000  0.002  0.175  0.000  0.091  0.552
   1.59587     -2.136375  0.013  0.061  0.108  0.000  0.000  0.322  0.024  0.000  0.118  0.645
   1.62161     -2.201631  0.013  0.052  0.103  0.000  0.000  0.351  0.032  0.000  0.120  0.669
   1.64735     -2.259709  0.014  0.047  0.099  0.000  0.000  0.377  0.037  0.000  0.116  0.687
   1.67309     -2.310764  0.012  0.040  0.096  0.000  0.000  0.399  0.044  0.000  0.112  0.704
   1.69883     -2.355163  0.011  0.037  0.093  0.000  0.000  0.422  0.050  0.000  0.106  0.719
   1.72457     -2.393381  0.011  0.033  0.090  0.000  0.000  0.442  0.056  0.000  0.101  0.734
   1.75031     -2.425949  0.012  0.028  0.088  0.000  0.000  0.460  0.063  0.000  0.096  0.746
   1.77605     -2.453429  0.011  0.024  0.085  0.000  0.000  0.476  0.069  0.000  0.092  0.759
   1.80179     -2.476371  0.011  0.022  0.083  0.000  0.000  0.489  0.076  0.000  0.087  0.769
   1.82753     -2.495302  0.011  0.019  0.082  0.000  0.000  0.500  0.083  0.000  0.084  0.779
   1.85327     -2.510704  0.009  0.018  0.079  0.000  0.000  0.510  0.088  0.000  0.081  0.786
   1.87901     -2.523003  0.008  0.016  0.077  0.000  0.000  0.517  0.093  0.000  0.080  0.794
   1.90475     -2.532564  0.008  0.014  0.077  0.000  0.000  0.522  0.098  0.000  0.078  0.800
   1.93049     -2.539687  0.008  0.014  0.074  0.000  0.000  0.526  0.102  0.000  0.077  0.804
   1.95623     -2.544608  0.008  0.014  0.074  0.000  0.000  0.529  0.105  0.000  0.077  0.806
   1.98197     -2.547494  0.008  0.014  0.074  0.000  0.000  0.530  0.106  0.000  0.076  0.809
   2.00771     -2.548444  0.008  0.014  0.074  0.000  0.000  0.531  0.107  0.000  0.076  0.810
 
# Band-Index:   16
   2.00771     -1.989614  0.000  0.000  0.000  0.372  0.009  0.000  0.000  0.078  0.000  0.461
   1.98197     -1.988825  0.000  0.000  0.000  0.372  0.010  0.000  0.000  0.078  0.000  0.462
   1.95623     -1.986463  0.000  0.000  0.000  0.371  0.014  0.000  0.000  0.078  0.000  0.464
   1.93049     -1.982540  0.000  0.000  0.000  0.370  0.019  0.000  0.000  0.078  0.000  0.468
   1.90475     -1.977075  0.000  0.000  0.000  0.366  0.028  0.000  0.000  0.078  0.000  0.473
   1.87901     -1.970078  0.000  0.000  0.000  0.363  0.037  0.000  0.000  0.078  0.000  0.479
   1.85327     -1.961547  0.000  0.000  0.000  0.360  0.048  0.000  0.000  0.077  0.000  0.485
   1.82753     -1.951460  0.000  0.000  0.000  0.357  0.059  0.000  0.000  0.076  0.000  0.492
   1.80179     -1.939767  0.000  0.000  0.000  0.353  0.071  0.000  0.000  0.075  0.000  0.499
   1.77605     -1.926388  0.000  0.000  0.000  0.350  0.084  0.000  0.000  0.070  0.000  0.506
   1.75031     -1.911208  0.000  0.000  0.000  0.348  0.096  0.000  0.000  0.068  0.000  0.512
   1.72457     -1.894081  0.000  0.000  0.000  0.345  0.107  0.000  0.000  0.065  0.000  0.517
   1.69883     -1.874835  0.000  0.000  0.000  0.343  0.117  0.000  0.000  0.061  0.000  0.521
   1.67309     -1.853281  0.000  0.000  0.000  0.341  0.127  0.000  0.000  0.057  0.000  0.524
   1.64735     -1.902662  0.031  0.074  0.191  0.000  0.000  0.029  0.130  0.000  0.107  0.562
   1.62161     -1.973633  0.029  0.073  0.177  0.000  0.000  0.027  0.154  0.000  0.122  0.584
   1.59587     -2.036039  0.029  0.072  0.156  0.000  0.000  0.028  0.185  0.000  0.148  0.615
   1.57013     -2.061735  0.021  0.045  0.076  0.000  0.000  0.319  0.058  0.000  0.200  0.719
   1.54439     -1.982692  0.016  0.065  0.100  0.000  0.000  0.287  0.026  0.000  0.156  0.650
   1.51865     -1.895435  0.015  0.073  0.102  0.000  0.000  0.263  0.020  0.000  0.157  0.632
   1.49291     -1.801361  0.016  0.079  0.105  0.000  0.000  0.242  0.017  0.000  0.161  0.619
   1.46717     -1.701045  0.015  0.083  0.104  0.000  0.000  0.223  0.014  0.000  0.166  0.610
   1.44143     -1.595144  0.017  0.090  0.105  0.000  0.000  0.209  0.011  0.000  0.171  0.602
   1.41569     -1.484401  0.018  0.095  0.103  0.000  0.000  0.195  0.010  0.000  0.176  0.598
   1.38995     -1.398895  0.000  0.000  0.000  0.341  0.181  0.000  0.000  0.020  0.000  0.542
   1.36421     -1.333365  0.000  0.000  0.000  0.341  0.182  0.000  0.000  0.020  0.000  0.543
   1.33847     -1.263515  0.000  0.000  0.000  0.341  0.185  0.000  0.000  0.021  0.000  0.546
   1.31273     -1.189403  0.000  0.000  0.000  0.340  0.185  0.000  0.000  0.022  0.000  0.546
   1.28699     -1.111116  0.000  0.000  0.000  0.340  0.185  0.000  0.000  0.024  0.000  0.549
   1.26125     -1.028685  0.000  0.002  0.000  0.336  0.184  0.000  0.001  0.027  0.001  0.552
   1.23551     -0.896308  0.072  0.320  0.004  0.000  0.000  0.014  0.041  0.000  0.110  0.563
   1.20977     -0.753709  0.060  0.329  0.003  0.000  0.000  0.017  0.033  0.000  0.115  0.558
   1.18403     -0.617033  0.047  0.332  0.004  0.000  0.000  0.020  0.025  0.000  0.127  0.558
   1.15829     -0.489177  0.034  0.328  0.006  0.000  0.000  0.027  0.017  0.000  0.147  0.561
   1.13255     -0.373135  0.023  0.313  0.006  0.000  0.000  0.042  0.011  0.000  0.176  0.572
   1.10681     -0.271925  0.013  0.291  0.008  0.000  0.000  0.064  0.005  0.000  0.213  0.591
   1.08107     -0.188534  0.006  0.259  0.005  0.000  0.000  0.088  0.002  0.000  0.256  0.618
   1.05534     -0.125894  0.002  0.224  0.003  0.000  0.000  0.116  0.001  0.000  0.298  0.646
   1.02960     -0.086792  0.000  0.196  0.000  0.000  0.000  0.140  0.000  0.000  0.333  0.670
   1.00386     -0.071583  0.000  0.038  0.000  0.146  0.275  0.031  0.000  0.118  0.072  0.681
   1.00386     -0.071583  0.000  0.038  0.000  0.146  0.275  0.031  0.000  0.118  0.072  0.681
   0.97812     -0.076542  0.000  0.000  0.000  0.198  0.333  0.000  0.000  0.140  0.000  0.672
   0.95238     -0.089671  0.000  0.000  0.000  0.231  0.301  0.000  0.000  0.117  0.000  0.649
   0.92664     -0.110816  0.000  0.000  0.000  0.270  0.261  0.000  0.000  0.093  0.000  0.622
   0.90090     -0.139296  0.000  0.000  0.000  0.304  0.226  0.000  0.000  0.069  0.000  0.598
   0.87516     -0.174465  0.000  0.000  0.000  0.332  0.196  0.000  0.000  0.051  0.000  0.579
   0.84942     -0.215701  0.000  0.000  0.000  0.351  0.173  0.000  0.000  0.040  0.000  0.564
   0.82368     -0.262373  0.000  0.000  0.000  0.365  0.158  0.000  0.000  0.030  0.000  0.553
   0.79794     -0.313842  0.000  0.000  0.000  0.374  0.146  0.000  0.000  0.026  0.000  0.546
   0.77220     -0.369477  0.000  0.000  0.000  0.378  0.137  0.000  0.000  0.024  0.000  0.541
   0.74646     -0.428659  0.000  0.000  0.000  0.381  0.132  0.000  0.000  0.025  0.000  0.537
   0.72072     -0.490803  0.000  0.000  0.000  0.381  0.129  0.000  0.000  0.027  0.000  0.535
   0.69498     -0.555364  0.000  0.000  0.000  0.379  0.126  0.000  0.000  0.029  0.000  0.534
   0.66924     -0.621838  0.000  0.000  0.000  0.377  0.126  0.000  0.000  0.030  0.000  0.534
   0.64350     -0.689768  0.000  0.000  0.000  0.374  0.126  0.000  0.000  0.033  0.000  0.534
   0.61776     -0.758738  0.000  0.000  0.000  0.371  0.126  0.000  0.000  0.037  0.000  0.534
   0.59202     -0.828377  0.000  0.000  0.000  0.368  0.125  0.000  0.000  0.040  0.000  0.534
   0.56628     -0.898347  0.000  0.000  0.000  0.364  0.126  0.000  0.000  0.044  0.000  0.536
   0.54054     -0.968346  0.000  0.000  0.000  0.360  0.127  0.000  0.000  0.047  0.000  0.535
   0.51480     -1.038101  0.000  0.000  0.000  0.358  0.128  0.000  0.000  0.050  0.000  0.536
   0.48906     -1.107363  0.000  0.000  0.000  0.354  0.129  0.000  0.000  0.052  0.000  0.536
   0.46332     -1.175904  0.000  0.000  0.000  0.351  0.129  0.000  0.000  0.055  0.000  0.536
   0.43758     -1.243508  0.000  0.000  0.000  0.348  0.128  0.000  0.000  0.058  0.000  0.535
   0.41184     -1.309972  0.000  0.000  0.000  0.346  0.126  0.000  0.000  0.060  0.000  0.535
   0.38610     -1.375097  0.000  0.000  0.000  0.345  0.125  0.000  0.000  0.063  0.000  0.533
   0.36036     -1.438684  0.000  0.000  0.000  0.344  0.123  0.000  0.000  0.066  0.000  0.532
   0.33462     -1.500525  0.000  0.000  0.000  0.343  0.120  0.000  0.000  0.068  0.000  0.529
   0.30888     -1.560400  0.000  0.000  0.000  0.343  0.116  0.000  0.000  0.069  0.000  0.526
   0.28314     -1.618063  0.000  0.000  0.000  0.343  0.108  0.000  0.000  0.070  0.000  0.521
   0.25740     -1.673239  0.000  0.000  0.000  0.344  0.102  0.000  0.000  0.071  0.000  0.517
   0.23166     -1.725611  0.000  0.000  0.000  0.346  0.094  0.000  0.000  0.072  0.000  0.512
   0.20592     -1.774808  0.000  0.000  0.000  0.348  0.085  0.000  0.000  0.073  0.000  0.506
   0.18018     -1.820394  0.000  0.000  0.000  0.352  0.074  0.000  0.000  0.074  0.000  0.499
   0.15444     -1.861864  0.000  0.000  0.000  0.354  0.063  0.000  0.000  0.075  0.000  0.492
   0.12870     -1.898638  0.000  0.000  0.000  0.359  0.050  0.000  0.000  0.076  0.000  0.485
   0.10296     -1.930072  0.000  0.000  0.000  0.363  0.039  0.000  0.000  0.077  0.000  0.478
   0.07722     -1.955489  0.000  0.000  0.000  0.367  0.026  0.000  0.000  0.077  0.000  0.470
   0.05148     -1.974231  0.000  0.000  0.000  0.370  0.017  0.000  0.000  0.078  0.000  0.466
   0.02574     -1.985734  0.000  0.000  0.000  0.372  0.011  0.000  0.000  0.078  0.000  0.461
   0.00000     -1.989614  0.000  0.000  0.000  0.372  0.009  0.000  0.000  0.078  0.000  0.461
 
# Band-Index:   17
   0.00000     -1.241473  0.045  0.065  0.254  0.000  0.000  0.029  0.030  0.000  0.067  0.493
   0.02574     -1.237240  0.045  0.065  0.254  0.000  0.000  0.030  0.031  0.000  0.067  0.494
   0.05148     -1.224645  0.045  0.065  0.253  0.000  0.000  0.031  0.032  0.000  0.067  0.496
   0.07722     -1.203987  0.046  0.065  0.251  0.000  0.000  0.033  0.035  0.000  0.067  0.499
   0.10296     -1.175732  0.045  0.065  0.249  0.000  0.000  0.036  0.038  0.000  0.067  0.503
   0.12870     -1.140452  0.046  0.065  0.247  0.000  0.000  0.038  0.042  0.000  0.067  0.508
   0.15444     -1.098787  0.045  0.065  0.244  0.000  0.000  0.042  0.047  0.000  0.067  0.513
   0.18018     -1.051391  0.045  0.066  0.242  0.000  0.000  0.044  0.052  0.000  0.067  0.518
   0.20592     -0.998899  0.043  0.066  0.240  0.000  0.000  0.048  0.056  0.000  0.067  0.522
   0.23166     -0.941895  0.044  0.067  0.239  0.000  0.000  0.051  0.061  0.000  0.067  0.527
   0.25740     -0.880891  0.044  0.067  0.236  0.000  0.000  0.052  0.065  0.000  0.068  0.531
   0.28314     -0.816323  0.044  0.068  0.233  0.000  0.000  0.053  0.069  0.000  0.069  0.535
   0.30888     -0.748561  0.044  0.068  0.231  0.000  0.000  0.054  0.075  0.000  0.069  0.540
   0.33462     -0.678067  0.045  0.070  0.227  0.000  0.000  0.057  0.079  0.000  0.068  0.546
   0.36036     -0.606835  0.055  0.077  0.211  0.000  0.000  0.081  0.084  0.000  0.062  0.567
   0.38610     -0.570071  0.116  0.074  0.074  0.000  0.000  0.301  0.069  0.000  0.109  0.744
   0.41184     -0.596558  0.119  0.055  0.037  0.000  0.000  0.350  0.044  0.000  0.175  0.783
   0.43758     -0.593331  0.121  0.064  0.024  0.000  0.000  0.350  0.032  0.000  0.192  0.787
   0.46332     -0.555794  0.123  0.079  0.019  0.000  0.000  0.340  0.026  0.000  0.195  0.782
   0.48906     -0.494139  0.121  0.098  0.018  0.000  0.000  0.320  0.024  0.000  0.188  0.769
   0.51480     -0.420004  0.119  0.115  0.023  0.000  0.000  0.292  0.026  0.000  0.175  0.752
   0.54054     -0.342046  0.115  0.129  0.028  0.000  0.000  0.265  0.032  0.000  0.162  0.732
   0.56628     -0.265130  0.111  0.143  0.035  0.000  0.000  0.239  0.036  0.000  0.150  0.714
   0.59202     -0.191366  0.107  0.152  0.040  0.000  0.000  0.216  0.039  0.000  0.142  0.698
   0.61776     -0.121429  0.102  0.162  0.044  0.000  0.000  0.196  0.041  0.000  0.138  0.684
   0.64350     -0.055473  0.098  0.172  0.046  0.000  0.000  0.182  0.041  0.000  0.135  0.673
   0.66924     -0.000615  0.003  0.004  0.000  0.224  0.208  0.003  0.001  0.223  0.003  0.668
   0.69498      0.000993  0.000  0.000  0.000  0.232  0.215  0.000  0.000  0.219  0.000  0.666
   0.72072      0.002911  0.000  0.000  0.000  0.237  0.217  0.000  0.000  0.210  0.000  0.665
   0.74646      0.005142  0.000  0.000  0.000  0.244  0.217  0.000  0.000  0.201  0.000  0.660
   0.77220      0.007564  0.000  0.000  0.000  0.254  0.213  0.000  0.000  0.190  0.000  0.655
   0.79794      0.010044  0.000  0.000  0.000  0.267  0.206  0.000  0.000  0.175  0.000  0.648
   0.82368      0.012433  0.000  0.000  0.000  0.282  0.195  0.000  0.000  0.161  0.000  0.639
   0.84942      0.014583  0.000  0.000  0.000  0.303  0.179  0.000  0.000  0.144  0.000  0.626
   0.87516      0.016347  0.000  0.000  0.000  0.329  0.159  0.000  0.000  0.121  0.000  0.609
   0.90090      0.017599  0.000  0.000  0.000  0.363  0.128  0.000  0.000  0.095  0.000  0.588
   0.92664      0.018270  0.000  0.000  0.000  0.402  0.094  0.000  0.000  0.067  0.000  0.563
   0.95238      0.018405  0.000  0.000  0.000  0.444  0.056  0.000  0.000  0.036  0.000  0.534
   0.97812      0.018216  0.000  0.000  0.000  0.479  0.022  0.000  0.000  0.009  0.000  0.512
   1.00386      0.017042  0.000  0.103  0.000  0.391  0.006  0.000  0.000  0.000  0.002  0.503
   1.00386      0.017042  0.000  0.103  0.000  0.391  0.006  0.000  0.000  0.000  0.002  0.503
   1.02960      0.010817  0.003  0.478  0.000  0.000  0.000  0.009  0.001  0.000  0.021  0.512
   1.05534     -0.020016  0.008  0.438  0.002  0.000  0.000  0.034  0.003  0.000  0.053  0.534
   1.08107     -0.070432  0.015  0.385  0.005  0.000  0.000  0.064  0.005  0.000  0.091  0.561
   1.10681     -0.138484  0.021  0.330  0.013  0.000  0.000  0.090  0.006  0.000  0.127  0.587
   1.13255     -0.221466  0.025  0.278  0.024  0.000  0.000  0.112  0.006  0.000  0.157  0.604
   1.15829     -0.316422  0.028  0.235  0.036  0.000  0.000  0.127  0.008  0.000  0.179  0.613
   1.18403     -0.420585  0.029  0.202  0.048  0.000  0.000  0.138  0.007  0.000  0.194  0.617
   1.20977     -0.531597  0.028  0.175  0.060  0.000  0.000  0.145  0.007  0.000  0.202  0.615
   1.23551     -0.647514  0.028  0.155  0.070  0.000  0.000  0.149  0.005  0.000  0.203  0.612
   1.26125     -0.766732  0.026  0.141  0.079  0.000  0.000  0.153  0.005  0.000  0.203  0.608
   1.28699     -0.887890  0.025  0.130  0.086  0.000  0.000  0.156  0.006  0.000  0.200  0.602
   1.31273     -1.009798  0.022  0.120  0.092  0.000  0.000  0.160  0.007  0.000  0.196  0.598
   1.33847     -1.131377  0.021  0.113  0.098  0.000  0.000  0.166  0.007  0.000  0.193  0.595
   1.36421     -1.251625  0.021  0.107  0.100  0.000  0.000  0.173  0.008  0.000  0.187  0.594
   1.38995     -1.369592  0.018  0.101  0.102  0.000  0.000  0.183  0.009  0.000  0.182  0.595
   1.41569     -1.460052  0.000  0.000  0.000  0.341  0.179  0.000  0.000  0.020  0.000  0.542
   1.44143     -1.516896  0.000  0.000  0.000  0.342  0.178  0.000  0.000  0.020  0.000  0.540
   1.46717     -1.569449  0.000  0.000  0.000  0.340  0.175  0.000  0.000  0.023  0.000  0.540
   1.49291     -1.617806  0.000  0.000  0.000  0.340  0.172  0.000  0.000  0.026  0.000  0.538
   1.51865     -1.662095  0.000  0.000  0.000  0.341  0.167  0.000  0.000  0.029  0.000  0.538
   1.54439     -1.702481  0.000  0.000  0.000  0.339  0.163  0.000  0.000  0.033  0.000  0.536
   1.57013     -1.739154  0.000  0.000  0.000  0.339  0.158  0.000  0.000  0.038  0.000  0.535
   1.59587     -1.772332  0.000  0.000  0.000  0.339  0.152  0.000  0.000  0.043  0.000  0.534
   1.62161     -1.802246  0.000  0.000  0.000  0.339  0.144  0.000  0.000  0.048  0.000  0.532
   1.64735     -1.829136  0.000  0.000  0.000  0.340  0.136  0.000  0.000  0.053  0.000  0.529
   1.67309     -1.827336  0.033  0.074  0.204  0.000  0.000  0.030  0.108  0.000  0.097  0.546
   1.69883     -1.750880  0.034  0.074  0.214  0.000  0.000  0.030  0.092  0.000  0.091  0.535
   1.72457     -1.675652  0.035  0.075  0.222  0.000  0.000  0.030  0.078  0.000  0.085  0.524
   1.75031     -1.603577  0.035  0.074  0.230  0.000  0.000  0.030  0.065  0.000  0.080  0.517
   1.77605     -1.536157  0.037  0.074  0.235  0.000  0.000  0.030  0.057  0.000  0.077  0.510
   1.80179     -1.474543  0.038  0.074  0.240  0.000  0.000  0.029  0.049  0.000  0.076  0.507
   1.82753     -1.419571  0.040  0.072  0.244  0.000  0.000  0.029  0.044  0.000  0.074  0.502
   1.85327     -1.371784  0.040  0.071  0.247  0.000  0.000  0.029  0.040  0.000  0.071  0.500
   1.87901     -1.331476  0.042  0.068  0.250  0.000  0.000  0.029  0.037  0.000  0.070  0.498
   1.90475     -1.298735  0.042  0.067  0.252  0.000  0.000  0.029  0.034  0.000  0.069  0.496
   1.93049     -1.273503  0.045  0.066  0.253  0.000  0.000  0.029  0.033  0.000  0.069  0.494
   1.95623     -1.255643  0.046  0.066  0.253  0.000  0.000  0.029  0.032  0.000  0.068  0.493
   1.98197     -1.245006  0.047  0.065  0.254  0.000  0.000  0.029  0.030  0.000  0.068  0.493
   2.00771     -1.241473  0.045  0.065  0.254  0.000  0.000  0.029  0.030  0.000  0.067  0.493
 
# Band-Index:   18
   2.00771      0.109234  0.000  0.000  0.000  0.261  0.041  0.000  0.000  0.319  0.000  0.621
   1.98197      0.112484  0.000  0.000  0.000  0.261  0.041  0.000  0.000  0.318  0.000  0.620
   1.95623      0.122199  0.000  0.000  0.000  0.260  0.041  0.000  0.000  0.319  0.000  0.620
   1.93049      0.138282  0.000  0.000  0.000  0.261  0.042  0.000  0.000  0.318  0.000  0.622
   1.90475      0.160568  0.000  0.000  0.000  0.262  0.044  0.000  0.000  0.317  0.000  0.622
   1.87901      0.188840  0.000  0.000  0.000  0.262  0.045  0.000  0.000  0.315  0.000  0.622
   1.85327      0.222822  0.000  0.000  0.000  0.263  0.047  0.000  0.000  0.314  0.000  0.623
   1.82753      0.262189  0.000  0.000  0.000  0.262  0.049  0.000  0.000  0.312  0.000  0.623
   1.80179      0.306571  0.000  0.000  0.000  0.263  0.051  0.000  0.000  0.311  0.000  0.624
   1.77605      0.355552  0.000  0.000  0.000  0.264  0.053  0.000  0.000  0.310  0.000  0.626
   1.75031      0.408678  0.000  0.000  0.000  0.264  0.054  0.000  0.000  0.309  0.000  0.626
   1.72457      0.465447  0.000  0.000  0.000  0.265  0.056  0.000  0.000  0.310  0.000  0.629
   1.69883      0.525309  0.000  0.000  0.000  0.266  0.057  0.000  0.000  0.308  0.000  0.631
   1.67309      0.587654  0.000  0.000  0.000  0.266  0.059  0.000  0.000  0.309  0.000  0.635
   1.64735      0.651805  0.000  0.000  0.000  0.268  0.061  0.000  0.000  0.311  0.000  0.639
   1.62161      0.716993  0.000  0.000  0.000  0.271  0.061  0.000  0.000  0.313  0.000  0.643
   1.59587      0.782336  0.000  0.000  0.000  0.272  0.062  0.000  0.000  0.313  0.000  0.648
   1.57013      0.846813  0.000  0.000  0.000  0.275  0.063  0.000  0.000  0.316  0.000  0.653
   1.54439      0.909223  0.000  0.000  0.000  0.277  0.064  0.000  0.000  0.318  0.000  0.659
   1.51865      0.968159  0.000  0.000  0.000  0.280  0.066  0.000  0.000  0.318  0.000  0.663
   1.49291      1.021970  0.000  0.000  0.000  0.284  0.068  0.000  0.000  0.318  0.000  0.671
   1.46717      1.068763  0.000  0.000  0.000  0.291  0.071  0.000  0.000  0.317  0.000  0.678
   1.44143      1.106438  0.000  0.000  0.000  0.296  0.074  0.000  0.000  0.312  0.000  0.683
   1.41569      1.132802  0.000  0.000  0.000  0.302  0.080  0.000  0.000  0.303  0.000  0.687
   1.38995      1.145786  0.000  0.000  0.000  0.310  0.089  0.000  0.000  0.292  0.000  0.689
   1.36421      1.143730  0.000  0.000  0.000  0.314  0.099  0.000  0.000  0.278  0.000  0.691
   1.33847      1.125681  0.000  0.000  0.000  0.321  0.109  0.000  0.000  0.259  0.000  0.688
   1.31273      1.091578  0.000  0.000  0.000  0.326  0.120  0.000  0.000  0.238  0.000  0.684
   1.28699      1.042234  0.000  0.000  0.000  0.330  0.132  0.000  0.000  0.216  0.000  0.677
   1.26125      0.979142  0.000  0.000  0.000  0.334  0.141  0.000  0.000  0.194  0.000  0.669
   1.23551      0.904187  0.000  0.000  0.000  0.337  0.148  0.000  0.000  0.176  0.000  0.660
   1.20977      0.819378  0.000  0.000  0.000  0.339  0.153  0.000  0.000  0.158  0.000  0.651
   1.18403      0.726648  0.000  0.000  0.000  0.341  0.158  0.000  0.000  0.142  0.000  0.640
   1.15829      0.627769  0.000  0.000  0.000  0.345  0.159  0.000  0.000  0.127  0.000  0.631
   1.13255      0.524301  0.000  0.000  0.000  0.347  0.160  0.000  0.000  0.114  0.000  0.620
   1.10681      0.417621  0.000  0.000  0.000  0.352  0.157  0.000  0.000  0.101  0.000  0.611
   1.08107      0.308994  0.000  0.000  0.000  0.357  0.155  0.000  0.000  0.090  0.000  0.600
   1.05534      0.199808  0.000  0.000  0.000  0.369  0.144  0.000  0.000  0.075  0.000  0.587
   1.02960      0.092929  0.000  0.000  0.000  0.397  0.114  0.000  0.000  0.053  0.000  0.564
   1.00386      0.022320  0.000  0.391  0.000  0.104  0.002  0.000  0.000  0.000  0.006  0.503
   1.00386      0.022320  0.000  0.391  0.000  0.104  0.002  0.000  0.000  0.000  0.006  0.503
   0.97812      0.084405  0.000  0.396  0.000  0.000  0.000  0.052  0.001  0.000  0.111  0.563
   0.95238      0.159933  0.006  0.360  0.003  0.000  0.000  0.073  0.002  0.000  0.142  0.585
   0.92664      0.217272  0.012  0.339  0.005  0.000  0.000  0.086  0.004  0.000  0.151  0.596
   0.90090      0.254689  0.021  0.320  0.012  0.000  0.000  0.094  0.008  0.000  0.151  0.605
   0.87516      0.273317  0.029  0.301  0.017  0.000  0.000  0.102  0.014  0.000  0.150  0.613
   0.84942      0.275307  0.040  0.282  0.021  0.000  0.000  0.109  0.019  0.000  0.147  0.617
   0.82368      0.263156  0.050  0.264  0.028  0.000  0.000  0.114  0.023  0.000  0.145  0.622
   0.79794      0.239301  0.058  0.247  0.034  0.000  0.000  0.120  0.027  0.000  0.142  0.628
   0.77220      0.205891  0.067  0.232  0.038  0.000  0.000  0.127  0.031  0.000  0.137  0.634
   0.74646      0.164700  0.075  0.217  0.042  0.000  0.000  0.136  0.037  0.000  0.134  0.640
   0.72072      0.117108  0.081  0.204  0.043  0.000  0.000  0.145  0.040  0.000  0.133  0.646
   0.69498      0.064138  0.086  0.192  0.046  0.000  0.000  0.156  0.041  0.000  0.132  0.653
   0.66924      0.006610  0.089  0.178  0.046  0.004  0.005  0.164  0.040  0.004  0.130  0.663
   0.64350     -0.001396  0.000  0.000  0.000  0.225  0.208  0.000  0.000  0.234  0.000  0.669
   0.61776     -0.001742  0.000  0.000  0.000  0.222  0.203  0.000  0.000  0.241  0.000  0.669
   0.59202     -0.001404  0.000  0.000  0.000  0.222  0.198  0.000  0.000  0.247  0.000  0.669
   0.56628     -0.000336  0.000  0.000  0.000  0.221  0.191  0.000  0.000  0.253  0.000  0.668
   0.54054      0.001491  0.000  0.000  0.000  0.221  0.184  0.000  0.000  0.259  0.000  0.666
   0.51480     -0.014544  0.022  0.041  0.250  0.000  0.000  0.019  0.062  0.000  0.141  0.533
   0.48906     -0.135826  0.021  0.043  0.248  0.000  0.000  0.016  0.069  0.000  0.131  0.528
   0.46332     -0.244849  0.023  0.046  0.249  0.000  0.000  0.014  0.074  0.000  0.122  0.525
   0.43758     -0.342946  0.024  0.047  0.248  0.000  0.000  0.014  0.076  0.000  0.114  0.523
   0.41184     -0.431397  0.024  0.046  0.248  0.000  0.000  0.015  0.074  0.000  0.114  0.520
   0.38610     -0.502978  0.023  0.025  0.228  0.000  0.000  0.047  0.060  0.000  0.156  0.543
   0.36036     -0.469994  0.077  0.024  0.110  0.000  0.000  0.246  0.056  0.000  0.186  0.698
   0.33462     -0.370632  0.082  0.033  0.113  0.000  0.000  0.246  0.064  0.000  0.166  0.703
   0.30888     -0.249353  0.080  0.036  0.125  0.000  0.000  0.229  0.069  0.000  0.154  0.694
   0.28314     -0.115595  0.076  0.040  0.137  0.000  0.000  0.212  0.072  0.000  0.149  0.685
   0.25740      0.024404  0.074  0.042  0.148  0.000  0.000  0.196  0.072  0.000  0.147  0.679
   0.23166      0.070718  0.000  0.000  0.000  0.246  0.080  0.000  0.000  0.309  0.000  0.636
   0.20592      0.077770  0.000  0.000  0.000  0.248  0.073  0.000  0.000  0.311  0.000  0.633
   0.18018      0.084416  0.000  0.000  0.000  0.250  0.066  0.000  0.000  0.314  0.000  0.631
   0.15444      0.090519  0.000  0.000  0.000  0.254  0.060  0.000  0.000  0.314  0.000  0.628
   0.12870      0.095946  0.000  0.000  0.000  0.255  0.054  0.000  0.000  0.316  0.000  0.626
   0.10296      0.100573  0.000  0.000  0.000  0.257  0.049  0.000  0.000  0.317  0.000  0.625
   0.07722      0.104292  0.000  0.000  0.000  0.260  0.046  0.000  0.000  0.318  0.000  0.624
   0.05148      0.107015  0.000  0.000  0.000  0.260  0.043  0.000  0.000  0.319  0.000  0.622
   0.02574      0.108676  0.000  0.000  0.000  0.261  0.041  0.000  0.000  0.319  0.000  0.622
   0.00000      0.109234  0.000  0.000  0.000  0.261  0.041  0.000  0.000  0.319  0.000  0.621
 
# Band-Index:   19
   0.00000      0.902474  0.127  0.030  0.182  0.000  0.000  0.118  0.027  0.000  0.203  0.686
   0.02574      0.892834  0.124  0.029  0.182  0.000  0.000  0.119  0.028  0.000  0.202  0.687
   0.05148      0.863775  0.119  0.032  0.183  0.000  0.000  0.121  0.031  0.000  0.198  0.685
   0.07722      0.815020  0.112  0.033  0.184  0.000  0.000  0.127  0.037  0.000  0.191  0.686
   0.10296      0.746543  0.102  0.035  0.183  0.000  0.000  0.134  0.043  0.000  0.184  0.684
   0.12870      0.659021  0.093  0.036  0.181  0.000  0.000  0.141  0.051  0.000  0.176  0.681
   0.15444      0.554142  0.085  0.040  0.178  0.000  0.000  0.150  0.059  0.000  0.165  0.678
   0.18018      0.434596  0.080  0.041  0.173  0.000  0.000  0.159  0.065  0.000  0.159  0.676
   0.20592      0.303828  0.074  0.042  0.167  0.000  0.000  0.171  0.069  0.000  0.152  0.676
   0.23166      0.165736  0.075  0.043  0.158  0.000  0.000  0.183  0.071  0.000  0.149  0.677
   0.25740      0.063467  0.000  0.000  0.000  0.242  0.089  0.000  0.000  0.307  0.000  0.640
   0.28314      0.056027  0.000  0.000  0.000  0.240  0.097  0.000  0.000  0.304  0.000  0.641
   0.30888      0.048637  0.000  0.000  0.000  0.238  0.106  0.000  0.000  0.301  0.000  0.645
   0.33462      0.041410  0.000  0.000  0.000  0.235  0.114  0.000  0.000  0.298  0.000  0.647
   0.36036      0.034465  0.000  0.000  0.000  0.233  0.123  0.000  0.000  0.294  0.000  0.651
   0.38610      0.027916  0.000  0.000  0.000  0.230  0.132  0.000  0.000  0.290  0.000  0.653
   0.41184      0.021862  0.000  0.000  0.000  0.227  0.141  0.000  0.000  0.286  0.000  0.655
   0.43758      0.016390  0.000  0.000  0.000  0.226  0.150  0.000  0.000  0.280  0.000  0.658
   0.46332      0.011570  0.000  0.000  0.000  0.224  0.159  0.000  0.000  0.275  0.000  0.661
   0.48906      0.007458  0.000  0.000  0.000  0.223  0.168  0.000  0.000  0.271  0.000  0.662
   0.51480      0.004096  0.000  0.000  0.000  0.222  0.176  0.000  0.000  0.265  0.000  0.664
   0.54054      0.119021  0.023  0.040  0.250  0.000  0.000  0.024  0.054  0.000  0.150  0.540
   0.56628      0.263193  0.024  0.041  0.253  0.000  0.000  0.029  0.046  0.000  0.153  0.547
   0.59202      0.415145  0.025  0.042  0.258  0.000  0.000  0.034  0.039  0.000  0.154  0.554
   0.61776      0.571574  0.028  0.043  0.268  0.000  0.000  0.034  0.033  0.000  0.152  0.559
   0.64350      0.729156  0.029  0.044  0.281  0.000  0.000  0.035  0.028  0.000  0.145  0.562
   0.66924      0.884710  0.032  0.043  0.296  0.000  0.000  0.034  0.023  0.000  0.137  0.566
   0.69498      1.035247  0.034  0.042  0.317  0.000  0.000  0.029  0.018  0.000  0.127  0.568
   0.72072      1.177992  0.035  0.038  0.339  0.000  0.000  0.027  0.015  0.000  0.112  0.570
   0.74646      1.310467  0.036  0.034  0.367  0.000  0.000  0.024  0.011  0.000  0.099  0.571
   0.77220      1.430586  0.037  0.031  0.393  0.000  0.000  0.020  0.008  0.000  0.083  0.571
   0.79794      1.536728  0.035  0.026  0.420  0.000  0.000  0.015  0.005  0.000  0.068  0.571
   0.82368      1.627717  0.034  0.023  0.446  0.000  0.000  0.012  0.004  0.000  0.055  0.571
   0.84942      1.702721  0.029  0.019  0.471  0.000  0.000  0.010  0.002  0.000  0.040  0.569
   0.87516      1.761227  0.023  0.013  0.493  0.000  0.000  0.007  0.001  0.000  0.029  0.567
   0.90090      1.803316  0.017  0.011  0.510  0.000  0.000  0.005  0.001  0.000  0.019  0.563
   0.92664      1.830276  0.011  0.006  0.524  0.000  0.000  0.003  0.002  0.000  0.011  0.559
   0.95238      1.845034  0.007  0.004  0.531  0.000  0.000  0.002  0.002  0.000  0.005  0.552
   0.97812      1.851563  0.006  0.000  0.535  0.000  0.000  0.000  0.002  0.000  0.001  0.547
   1.00386      1.853292  0.006  0.000  0.536  0.000  0.000  0.000  0.004  0.000  0.000  0.545
   1.00386      1.853292  0.006  0.000  0.536  0.000  0.000  0.000  0.004  0.000  0.000  0.545
   1.02960      1.851657  0.006  0.000  0.535  0.000  0.000  0.000  0.002  0.000  0.001  0.547
   1.05534      1.846522  0.007  0.004  0.531  0.000  0.000  0.002  0.002  0.000  0.005  0.553
   1.08107      1.837498  0.011  0.008  0.525  0.000  0.000  0.003  0.003  0.000  0.011  0.559
   1.10681      1.824588  0.011  0.012  0.512  0.000  0.000  0.006  0.002  0.000  0.018  0.565
   1.13255      1.808425  0.014  0.019  0.499  0.000  0.000  0.009  0.002  0.000  0.026  0.570
   1.15829      1.790040  0.015  0.026  0.479  0.000  0.000  0.012  0.004  0.000  0.034  0.573
   1.18403      1.770484  0.017  0.032  0.462  0.000  0.000  0.016  0.006  0.000  0.042  0.576
   1.20977      1.750590  0.017  0.039  0.441  0.000  0.000  0.020  0.008  0.000  0.051  0.579
   1.23551      1.730918  0.018  0.046  0.424  0.000  0.000  0.024  0.012  0.000  0.059  0.582
   1.26125      1.711787  0.018  0.051  0.407  0.000  0.000  0.027  0.017  0.000  0.068  0.586
   1.28699      1.693328  0.019  0.055  0.389  0.000  0.000  0.032  0.020  0.000  0.076  0.589
   1.31273      1.675523  0.018  0.058  0.375  0.000  0.000  0.036  0.023  0.000  0.083  0.593
   1.33847      1.658242  0.020  0.062  0.361  0.000  0.000  0.040  0.026  0.000  0.089  0.596
   1.36421      1.641243  0.020  0.064  0.348  0.000  0.000  0.044  0.028  0.000  0.097  0.600
   1.38995      1.624186  0.022  0.067  0.336  0.000  0.000  0.048  0.030  0.000  0.102  0.604
   1.41569      1.606621  0.023  0.067  0.326  0.000  0.000  0.053  0.033  0.000  0.108  0.611
   1.44143      1.587997  0.026  0.069  0.316  0.000  0.000  0.058  0.034  0.000  0.114  0.614
   1.46717      1.567664  0.028  0.069  0.307  0.000  0.000  0.061  0.035  0.000  0.119  0.620
   1.49291      1.544901  0.031  0.067  0.298  0.000  0.000  0.067  0.035  0.000  0.124  0.625
   1.51865      1.518974  0.038  0.067  0.289  0.000  0.000  0.072  0.035  0.000  0.129  0.630
   1.54439      1.489227  0.042  0.066  0.281  0.000  0.000  0.076  0.035  0.000  0.134  0.635
   1.57013      1.455204  0.050  0.063  0.271  0.000  0.000  0.082  0.035  0.000  0.142  0.639
   1.59587      1.416782  0.057  0.060  0.259  0.000  0.000  0.087  0.033  0.000  0.147  0.645
   1.62161      1.374265  0.066  0.056  0.251  0.000  0.000  0.092  0.031  0.000  0.153  0.648
   1.64735      1.328391  0.075  0.053  0.241  0.000  0.000  0.095  0.029  0.000  0.158  0.652
   1.67309      1.280265  0.082  0.049  0.231  0.000  0.000  0.100  0.028  0.000  0.165  0.653
   1.69883      1.231210  0.090  0.044  0.222  0.000  0.000  0.103  0.027  0.000  0.169  0.657
   1.72457      1.182613  0.098  0.043  0.212  0.000  0.000  0.106  0.027  0.000  0.175  0.661
   1.75031      1.135782  0.105  0.039  0.207  0.000  0.000  0.108  0.026  0.000  0.179  0.664
   1.77605      1.091852  0.111  0.038  0.201  0.000  0.000  0.110  0.026  0.000  0.182  0.666
   1.80179      1.051719  0.115  0.034  0.196  0.000  0.000  0.112  0.026  0.000  0.187  0.670
   1.82753      1.016025  0.119  0.032  0.192  0.000  0.000  0.113  0.026  0.000  0.190  0.672
   1.85327      0.985164  0.122  0.031  0.188  0.000  0.000  0.114  0.026  0.000  0.193  0.677
   1.87901      0.959312  0.123  0.032  0.187  0.000  0.000  0.115  0.026  0.000  0.196  0.680
   1.90475      0.938473  0.124  0.030  0.184  0.000  0.000  0.116  0.026  0.000  0.199  0.682
   1.93049      0.922532  0.127  0.031  0.183  0.000  0.000  0.117  0.027  0.000  0.200  0.684
   1.95623      0.911321  0.125  0.029  0.182  0.000  0.000  0.117  0.027  0.000  0.201  0.685
   1.98197      0.904675  0.125  0.030  0.182  0.000  0.000  0.118  0.027  0.000  0.203  0.686
   2.00771      0.902474  0.127  0.030  0.182  0.000  0.000  0.118  0.027  0.000  0.203  0.686
 
# Band-Index:   20
   2.00771      1.969209  0.008  0.014  0.061  0.000  0.000  0.271  0.174  0.000  0.051  0.578
   1.98197      1.970509  0.008  0.014  0.061  0.000  0.000  0.271  0.173  0.000  0.051  0.578
   1.95623      1.974381  0.008  0.014  0.062  0.000  0.000  0.269  0.174  0.000  0.052  0.578
   1.93049      1.980747  0.009  0.014  0.062  0.000  0.000  0.267  0.173  0.000  0.054  0.579
   1.90475      1.989477  0.009  0.014  0.062  0.000  0.000  0.264  0.173  0.000  0.056  0.579
   1.87901      2.000394  0.012  0.013  0.061  0.000  0.000  0.262  0.173  0.000  0.059  0.579
   1.85327      2.013281  0.013  0.013  0.061  0.000  0.000  0.259  0.173  0.000  0.061  0.581
   1.82753      2.027899  0.015  0.013  0.063  0.000  0.000  0.254  0.172  0.000  0.065  0.581
   1.80179      2.044011  0.017  0.013  0.062  0.000  0.000  0.247  0.172  0.000  0.072  0.581
   1.77605      2.061424  0.019  0.013  0.062  0.000  0.000  0.240  0.172  0.000  0.078  0.581
   1.75031      2.080042  0.021  0.012  0.062  0.000  0.000  0.233  0.171  0.000  0.085  0.582
   1.72457      2.099921  0.024  0.010  0.059  0.000  0.000  0.225  0.169  0.000  0.094  0.583
   1.69883      2.121310  0.029  0.010  0.059  0.000  0.000  0.216  0.169  0.000  0.101  0.584
   1.67309      2.144647  0.032  0.009  0.056  0.000  0.000  0.209  0.171  0.000  0.107  0.587
   1.64735      2.170501  0.034  0.007  0.054  0.000  0.000  0.205  0.172  0.000  0.116  0.589
   1.62161      2.199444  0.038  0.007  0.051  0.000  0.000  0.204  0.174  0.000  0.121  0.594
   1.59587      2.231901  0.039  0.005  0.049  0.000  0.000  0.206  0.175  0.000  0.125  0.599
   1.57013      2.268022  0.042  0.005  0.046  0.000  0.000  0.209  0.180  0.000  0.127  0.607
   1.54439      2.307611  0.043  0.002  0.042  0.000  0.000  0.216  0.184  0.000  0.127  0.615
   1.51865      2.350164  0.042  0.002  0.040  0.000  0.000  0.224  0.189  0.000  0.126  0.625
   1.49291      2.394957  0.043  0.002  0.039  0.000  0.000  0.235  0.193  0.000  0.124  0.635
   1.46717      2.441175  0.043  0.002  0.037  0.000  0.000  0.246  0.197  0.000  0.120  0.646
   1.44143      2.488008  0.043  0.002  0.036  0.000  0.000  0.257  0.203  0.000  0.114  0.656
   1.41569      2.534707  0.045  0.002  0.035  0.000  0.000  0.269  0.208  0.000  0.109  0.667
   1.38995      2.580611  0.045  0.004  0.032  0.000  0.000  0.279  0.212  0.000  0.105  0.679
   1.36421      2.625136  0.048  0.004  0.032  0.000  0.000  0.289  0.216  0.000  0.099  0.688
   1.33847      2.667755  0.049  0.004  0.031  0.000  0.000  0.296  0.222  0.000  0.095  0.698
   1.31273      2.707955  0.053  0.004  0.030  0.000  0.000  0.300  0.228  0.000  0.091  0.707
   1.28699      2.745122  0.056  0.004  0.030  0.000  0.000  0.297  0.237  0.000  0.087  0.714
   1.26125      2.778020  0.061  0.006  0.035  0.000  0.000  0.269  0.254  0.000  0.089  0.715
   1.23551      2.800323  0.076  0.011  0.056  0.000  0.000  0.139  0.299  0.000  0.096  0.675
   1.20977      2.773700  0.096  0.023  0.090  0.000  0.000  0.009  0.226  0.000  0.063  0.506
   1.18403      2.713351  0.100  0.021  0.089  0.000  0.000  0.042  0.158  0.000  0.042  0.453
   1.15829      2.654535  0.105  0.017  0.092  0.000  0.000  0.049  0.128  0.000  0.031  0.422
   1.13255      2.603996  0.111  0.012  0.096  0.000  0.000  0.044  0.110  0.000  0.023  0.395
   1.10681      2.565082  0.115  0.007  0.101  0.000  0.000  0.035  0.095  0.000  0.016  0.370
   1.08107      2.539596  0.118  0.004  0.109  0.000  0.000  0.024  0.083  0.000  0.009  0.348
   1.05534      2.526931  0.118  0.002  0.120  0.000  0.000  0.013  0.072  0.000  0.004  0.328
   1.02960      2.523286  0.116  0.000  0.129  0.000  0.000  0.004  0.062  0.000  0.001  0.311
   1.00386      2.523041  0.114  0.000  0.133  0.000  0.000  0.000  0.058  0.000  0.000  0.304
   1.00386      2.523041  0.114  0.000  0.133  0.000  0.000  0.000  0.058  0.000  0.000  0.304
   0.97812      2.523211  0.116  0.000  0.129  0.000  0.000  0.004  0.061  0.000  0.001  0.312
   0.95238      2.525642  0.118  0.002  0.120  0.000  0.000  0.016  0.072  0.000  0.004  0.330
   0.92664      2.534159  0.117  0.004  0.107  0.000  0.000  0.039  0.086  0.000  0.009  0.359
   0.90090      2.550601  0.111  0.006  0.092  0.000  0.000  0.079  0.098  0.000  0.013  0.398
   0.87516      2.571567  0.098  0.012  0.076  0.000  0.000  0.140  0.110  0.000  0.011  0.449
   0.84942      2.586888  0.082  0.019  0.057  0.000  0.000  0.231  0.116  0.000  0.009  0.513
   0.82368      2.582708  0.062  0.025  0.037  0.000  0.000  0.326  0.113  0.000  0.010  0.575
   0.79794      2.552558  0.050  0.033  0.022  0.000  0.000  0.387  0.102  0.000  0.021  0.611
   0.77220      2.502281  0.044  0.035  0.020  0.000  0.000  0.400  0.087  0.000  0.038  0.622
   0.74646      2.441153  0.045  0.037  0.024  0.000  0.000  0.389  0.077  0.000  0.050  0.621
   0.72072      2.375975  0.048  0.036  0.030  0.000  0.000  0.372  0.066  0.000  0.060  0.611
   0.69498      2.310804  0.052  0.034  0.039  0.000  0.000  0.352  0.060  0.000  0.066  0.605
   0.66924      2.247867  0.059  0.035  0.047  0.000  0.000  0.332  0.052  0.000  0.071  0.596
   0.64350      2.188285  0.066  0.032  0.054  0.000  0.000  0.314  0.048  0.000  0.075  0.589
   0.61776      2.132565  0.073  0.029  0.060  0.000  0.000  0.297  0.044  0.000  0.079  0.585
   0.59202      2.080891  0.079  0.028  0.064  0.000  0.000  0.282  0.042  0.000  0.083  0.578
   0.56628      2.033301  0.085  0.024  0.068  0.000  0.000  0.268  0.040  0.000  0.087  0.576
   0.54054      1.989778  0.091  0.024  0.068  0.000  0.000  0.255  0.039  0.000  0.091  0.572
   0.51480      1.950291  0.097  0.021  0.070  0.000  0.000  0.246  0.038  0.000  0.096  0.568
   0.48906      1.914823  0.103  0.020  0.068  0.000  0.000  0.235  0.038  0.000  0.100  0.567
   0.46332      1.883365  0.109  0.020  0.068  0.000  0.000  0.225  0.038  0.000  0.103  0.565
   0.43758      1.855929  0.114  0.020  0.066  0.000  0.000  0.217  0.040  0.000  0.107  0.562
   0.41184      1.832541  0.119  0.017  0.065  0.000  0.000  0.210  0.041  0.000  0.109  0.561
   0.38610      1.813250  0.121  0.016  0.063  0.000  0.000  0.203  0.044  0.000  0.110  0.559
   0.36036      1.798124  0.122  0.016  0.059  0.000  0.000  0.198  0.047  0.000  0.112  0.558
   0.33462      1.787267  0.126  0.017  0.058  0.000  0.000  0.194  0.052  0.000  0.112  0.558
   0.30888      1.780815  0.124  0.016  0.055  0.000  0.000  0.193  0.056  0.000  0.112  0.557
   0.28314      1.778948  0.122  0.016  0.054  0.000  0.000  0.191  0.062  0.000  0.111  0.555
   0.25740      1.781883  0.119  0.016  0.051  0.000  0.000  0.192  0.070  0.000  0.109  0.555
   0.23166      1.789851  0.113  0.015  0.049  0.000  0.000  0.194  0.079  0.000  0.103  0.554
   0.20592      1.803028  0.103  0.015  0.049  0.000  0.000  0.198  0.088  0.000  0.098  0.555
   0.18018      1.821396  0.091  0.016  0.049  0.000  0.000  0.205  0.103  0.000  0.092  0.556
   0.15444      1.844526  0.078  0.015  0.050  0.000  0.000  0.214  0.117  0.000  0.082  0.557
   0.12870      1.871292  0.061  0.016  0.051  0.000  0.000  0.225  0.130  0.000  0.075  0.561
   0.10296      1.899657  0.044  0.016  0.054  0.000  0.000  0.238  0.146  0.000  0.066  0.565
   0.07722      1.926723  0.029  0.014  0.057  0.000  0.000  0.251  0.158  0.000  0.060  0.570
   0.05148      1.949179  0.019  0.013  0.059  0.000  0.000  0.261  0.167  0.000  0.055  0.573
   0.02574      1.964023  0.012  0.014  0.060  0.000  0.000  0.268  0.172  0.000  0.053  0.577
   0.00000      1.969209  0.008  0.014  0.061  0.000  0.000  0.271  0.174  0.000  0.051  0.578
 
# Band-Index:   21
   0.00000      2.994485  0.095  0.002  0.014  0.000  0.000  0.055  0.396  0.000  0.131  0.696
   0.02574      2.993598  0.099  0.002  0.013  0.000  0.000  0.058  0.384  0.000  0.131  0.689
   0.05148      2.991936  0.112  0.005  0.012  0.000  0.000  0.065  0.352  0.000  0.125  0.676
   0.07722      2.992025  0.129  0.011  0.012  0.000  0.000  0.077  0.307  0.000  0.120  0.657
   0.10296      2.996857  0.147  0.015  0.010  0.000  0.000  0.091  0.261  0.000  0.114  0.637
   0.12870      3.008871  0.161  0.018  0.008  0.000  0.000  0.105  0.217  0.000  0.107  0.621
   0.15444      3.029492  0.174  0.020  0.010  0.000  0.000  0.119  0.181  0.000  0.102  0.608
   0.18018      3.059205  0.184  0.025  0.009  0.000  0.000  0.131  0.153  0.000  0.097  0.597
   0.20592      3.097852  0.192  0.027  0.009  0.000  0.000  0.143  0.129  0.000  0.091  0.589
   0.23166      3.144916  0.200  0.029  0.010  0.000  0.000  0.153  0.108  0.000  0.085  0.584
   0.25740      3.199663  0.209  0.032  0.011  0.000  0.000  0.163  0.088  0.000  0.075  0.579
   0.28314      3.261000  0.224  0.037  0.013  0.000  0.000  0.178  0.059  0.000  0.059  0.569
   0.30888      3.320854  0.256  0.045  0.022  0.000  0.000  0.184  0.034  0.000  0.044  0.586
   0.33462      3.323792  0.110  0.025  0.033  0.000  0.000  0.059  0.333  0.000  0.187  0.749
   0.36036      3.316841  0.087  0.022  0.034  0.000  0.000  0.043  0.371  0.000  0.206  0.764
   0.38610      3.309502  0.079  0.020  0.033  0.000  0.000  0.037  0.383  0.000  0.216  0.768
   0.41184      3.302030  0.074  0.020  0.035  0.000  0.000  0.032  0.388  0.000  0.222  0.770
   0.43758      3.294342  0.069  0.018  0.036  0.000  0.000  0.029  0.390  0.000  0.228  0.769
   0.46332      3.286260  0.066  0.018  0.036  0.000  0.000  0.025  0.390  0.000  0.230  0.769
   0.48906      3.277538  0.064  0.018  0.037  0.000  0.000  0.022  0.387  0.000  0.235  0.764
   0.51480      3.267857  0.062  0.018  0.039  0.000  0.000  0.019  0.382  0.000  0.239  0.761
   0.54054      3.256811  0.060  0.018  0.041  0.000  0.000  0.017  0.374  0.000  0.243  0.756
   0.56628      3.243888  0.058  0.019  0.044  0.000  0.000  0.015  0.363  0.000  0.248  0.749
   0.59202      3.228451  0.058  0.017  0.049  0.000  0.000  0.013  0.348  0.000  0.252  0.739
   0.61776      3.209737  0.059  0.017  0.053  0.000  0.000  0.011  0.328  0.000  0.258  0.728
   0.64350      3.186862  0.060  0.018  0.058  0.000  0.000  0.010  0.303  0.000  0.263  0.712
   0.66924      3.158902  0.061  0.017  0.063  0.000  0.000  0.010  0.273  0.000  0.266  0.691
   0.69498      3.125091  0.064  0.018  0.071  0.000  0.000  0.011  0.235  0.000  0.269  0.667
   0.72072      3.085225  0.067  0.017  0.078  0.000  0.000  0.013  0.193  0.000  0.272  0.638
   0.74646      3.040345  0.068  0.014  0.083  0.000  0.000  0.020  0.150  0.000  0.269  0.605
   0.77220      2.993681  0.068  0.014  0.086  0.000  0.000  0.040  0.107  0.000  0.265  0.577
   0.79794      2.951676  0.063  0.013  0.081  0.000  0.000  0.085  0.067  0.000  0.257  0.567
   0.82368      2.923822  0.052  0.010  0.066  0.000  0.000  0.178  0.033  0.000  0.239  0.582
   0.84942      2.916988  0.037  0.010  0.045  0.000  0.000  0.313  0.013  0.000  0.207  0.625
   0.87516      2.926837  0.021  0.008  0.027  0.000  0.000  0.440  0.007  0.000  0.169  0.675
   0.90090      2.942553  0.014  0.007  0.015  0.000  0.000  0.535  0.007  0.000  0.136  0.712
   0.92664      2.956558  0.013  0.004  0.009  0.000  0.000  0.583  0.015  0.000  0.111  0.737
   0.95238      2.949246  0.231  0.007  0.024  0.000  0.000  0.011  0.481  0.000  0.003  0.756
   0.97812      2.920734  0.250  0.002  0.021  0.000  0.000  0.000  0.497  0.000  0.000  0.770
   1.00386      2.910439  0.256  0.000  0.020  0.000  0.000  0.000  0.500  0.000  0.000  0.775
   1.00386      2.910439  0.256  0.000  0.020  0.000  0.000  0.000  0.500  0.000  0.000  0.775
   1.02960      2.919719  0.246  0.002  0.021  0.000  0.000  0.012  0.489  0.000  0.001  0.771
   1.05534      2.933848  0.186  0.002  0.017  0.000  0.000  0.160  0.385  0.000  0.018  0.767
   1.08107      2.934666  0.121  0.002  0.010  0.000  0.000  0.329  0.265  0.000  0.036  0.766
   1.10681      2.926429  0.095  0.002  0.009  0.000  0.000  0.398  0.215  0.000  0.046  0.763
   1.13255      2.913137  0.080  0.002  0.009  0.000  0.000  0.427  0.191  0.000  0.049  0.760
   1.15829      2.896079  0.071  0.002  0.010  0.000  0.000  0.444  0.177  0.000  0.050  0.754
   1.18403      2.876303  0.065  0.002  0.007  0.000  0.000  0.464  0.156  0.000  0.049  0.745
   1.20977      2.857874  0.058  0.005  0.005  0.000  0.000  0.510  0.100  0.001  0.035  0.714
   1.23551      2.849983  0.000  0.000  0.000  0.029  0.235  0.000  0.000  0.425  0.000  0.687
   1.26125      2.828773  0.000  0.000  0.000  0.032  0.273  0.000  0.000  0.367  0.000  0.673
   1.28699      2.810929  0.000  0.000  0.000  0.038  0.313  0.000  0.000  0.308  0.000  0.660
   1.31273      2.798494  0.000  0.000  0.000  0.042  0.355  0.000  0.000  0.252  0.000  0.651
   1.33847      2.793180  0.000  0.000  0.000  0.049  0.396  0.000  0.000  0.199  0.000  0.644
   1.36421      2.796020  0.000  0.000  0.000  0.052  0.439  0.000  0.000  0.151  0.000  0.641
   1.38995      2.807149  0.000  0.000  0.000  0.056  0.477  0.000  0.000  0.110  0.000  0.643
   1.41569      2.825796  0.000  0.000  0.000  0.059  0.511  0.000  0.000  0.079  0.000  0.650
   1.44143      2.850501  0.000  0.000  0.000  0.062  0.541  0.000  0.000  0.056  0.000  0.659
   1.46717      2.879453  0.000  0.000  0.000  0.060  0.569  0.000  0.000  0.039  0.000  0.669
   1.49291      2.910828  0.000  0.000  0.000  0.059  0.591  0.000  0.000  0.032  0.000  0.681
   1.51865      2.943021  0.000  0.000  0.000  0.058  0.608  0.000  0.000  0.029  0.000  0.694
   1.54439      2.974775  0.000  0.000  0.000  0.054  0.621  0.000  0.000  0.030  0.000  0.706
   1.57013      3.005194  0.000  0.000  0.000  0.050  0.633  0.000  0.000  0.033  0.000  0.718
   1.59587      3.033711  0.000  0.000  0.000  0.048  0.640  0.000  0.000  0.040  0.000  0.729
   1.62161      3.055120  0.105  0.045  0.029  0.000  0.003  0.061  0.244  0.000  0.176  0.663
   1.64735      3.004679  0.107  0.042  0.031  0.000  0.000  0.060  0.249  0.000  0.170  0.656
   1.67309      2.964865  0.109  0.038  0.031  0.000  0.000  0.053  0.253  0.000  0.164  0.649
   1.69883      2.935749  0.112  0.039  0.033  0.000  0.000  0.047  0.260  0.000  0.159  0.646
   1.72457      2.916914  0.112  0.034  0.034  0.000  0.000  0.038  0.268  0.000  0.156  0.643
   1.75031      2.907501  0.114  0.032  0.032  0.000  0.000  0.032  0.278  0.000  0.153  0.642
   1.77605      2.906265  0.112  0.029  0.034  0.000  0.000  0.029  0.289  0.000  0.150  0.643
   1.80179      2.911655  0.110  0.025  0.033  0.000  0.000  0.026  0.302  0.000  0.148  0.647
   1.82753      2.921923  0.110  0.023  0.032  0.000  0.000  0.026  0.318  0.000  0.145  0.651
   1.85327      2.935242  0.107  0.017  0.027  0.000  0.000  0.028  0.333  0.000  0.143  0.658
   1.87901      2.949832  0.104  0.014  0.026  0.000  0.000  0.035  0.349  0.000  0.140  0.666
   1.90475      2.964071  0.103  0.009  0.022  0.000  0.000  0.040  0.362  0.000  0.136  0.675
   1.93049      2.976580  0.100  0.007  0.018  0.000  0.000  0.046  0.376  0.000  0.134  0.682
   1.95623      2.986277  0.097  0.005  0.015  0.000  0.000  0.052  0.387  0.000  0.133  0.688
   1.98197      2.992395  0.095  0.002  0.014  0.000  0.000  0.054  0.393  0.000  0.132  0.693
   2.00771      2.994485  0.095  0.002  0.014  0.000  0.000  0.055  0.396  0.000  0.131  0.696
 
# Band-Index:   22
   2.00771      3.223710  0.000  0.000  0.000  0.020  0.672  0.000  0.000  0.108  0.000  0.801
   1.98197      3.223103  0.000  0.000  0.000  0.020  0.672  0.000  0.000  0.108  0.000  0.800
   1.95623      3.221276  0.000  0.000  0.000  0.020  0.671  0.000  0.000  0.107  0.000  0.799
   1.93049      3.218209  0.000  0.000  0.000  0.020  0.670  0.000  0.000  0.106  0.000  0.798
   1.90475      3.213868  0.000  0.000  0.000  0.021  0.669  0.000  0.000  0.106  0.000  0.797
   1.87901      3.208208  0.000  0.000  0.000  0.021  0.668  0.000  0.000  0.104  0.000  0.795
   1.85327      3.201171  0.000  0.000  0.000  0.024  0.666  0.000  0.000  0.101  0.000  0.792
   1.82753      3.192683  0.000  0.000  0.000  0.026  0.664  0.000  0.000  0.098  0.000  0.790
   1.80179      3.182660  0.000  0.000  0.000  0.027  0.663  0.000  0.000  0.096  0.000  0.785
   1.77605      3.171004  0.000  0.000  0.000  0.028  0.662  0.000  0.000  0.091  0.000  0.782
   1.75031      3.157602  0.000  0.000  0.000  0.030  0.660  0.000  0.000  0.085  0.000  0.776
   1.72457      3.142329  0.000  0.000  0.000  0.033  0.658  0.000  0.000  0.079  0.000  0.771
   1.69883      3.125056  0.000  0.000  0.000  0.035  0.656  0.000  0.000  0.073  0.000  0.765
   1.67309      3.105653  0.000  0.000  0.000  0.039  0.653  0.000  0.000  0.065  0.000  0.758
   1.64735      3.084001  0.000  0.000  0.000  0.041  0.651  0.000  0.000  0.056  0.000  0.748
   1.62161      3.060047  0.000  0.000  0.000  0.043  0.643  0.000  0.001  0.048  0.001  0.740
   1.59587      3.115659  0.100  0.047  0.029  0.000  0.000  0.062  0.245  0.000  0.187  0.670
   1.57013      3.184971  0.095  0.052  0.028  0.000  0.000  0.056  0.246  0.000  0.199  0.679
   1.54439      3.260921  0.088  0.054  0.030  0.000  0.000  0.048  0.258  0.000  0.210  0.687
   1.51865      3.339637  0.072  0.061  0.030  0.000  0.000  0.033  0.291  0.000  0.211  0.697
   1.49291      3.409275  0.037  0.065  0.026  0.000  0.000  0.041  0.395  0.000  0.134  0.696
   1.46717      3.413531  0.050  0.044  0.027  0.000  0.000  0.227  0.351  0.000  0.006  0.705
   1.44143      3.373511  0.065  0.035  0.032  0.000  0.000  0.271  0.277  0.000  0.019  0.702
   1.41569      3.324008  0.070  0.034  0.037  0.000  0.000  0.277  0.244  0.000  0.028  0.688
   1.38995      3.268743  0.070  0.032  0.041  0.000  0.000  0.272  0.221  0.000  0.033  0.671
   1.36421      3.208667  0.070  0.034  0.045  0.000  0.000  0.265  0.203  0.000  0.034  0.649
   1.33847      3.144419  0.072  0.034  0.047  0.000  0.000  0.254  0.182  0.000  0.035  0.624
   1.31273      3.076750  0.072  0.033  0.051  0.000  0.000  0.247  0.160  0.000  0.034  0.598
   1.28699      3.006773  0.072  0.031  0.054  0.000  0.000  0.246  0.136  0.000  0.030  0.571
   1.26125      2.936540  0.074  0.028  0.055  0.000  0.000  0.268  0.102  0.000  0.025  0.549
   1.23551      2.873596  0.068  0.021  0.036  0.000  0.000  0.391  0.042  0.000  0.013  0.568
   1.20977      2.872577  0.000  0.000  0.000  0.023  0.200  0.001  0.000  0.479  0.000  0.703
   1.18403      2.894765  0.000  0.000  0.000  0.019  0.171  0.000  0.000  0.527  0.000  0.717
   1.15829      2.915256  0.000  0.000  0.000  0.013  0.147  0.000  0.000  0.571  0.000  0.731
   1.13255      2.933173  0.000  0.000  0.000  0.008  0.127  0.000  0.000  0.608  0.000  0.744
   1.10681      2.948017  0.000  0.000  0.000  0.005  0.111  0.000  0.000  0.635  0.000  0.753
   1.08107      2.959570  0.000  0.000  0.000  0.003  0.100  0.000  0.000  0.657  0.000  0.761
   1.05534      2.967778  0.000  0.000  0.000  0.001  0.093  0.000  0.000  0.671  0.000  0.766
   1.02960      2.972653  0.000  0.000  0.000  0.000  0.088  0.002  0.000  0.679  0.000  0.769
   1.00386      2.974093  0.000  0.000  0.000  0.000  0.070  0.143  0.000  0.540  0.017  0.770
   1.00386      2.974093  0.000  0.000  0.000  0.000  0.070  0.143  0.000  0.540  0.017  0.770
   0.97812      2.973060  0.000  0.000  0.000  0.000  0.001  0.671  0.000  0.005  0.089  0.769
   0.95238      2.967945  0.006  0.001  0.002  0.000  0.000  0.644  0.012  0.000  0.095  0.762
   0.92664      2.993762  0.205  0.012  0.024  0.000  0.000  0.033  0.473  0.002  0.003  0.754
   0.90090      3.020048  0.000  0.000  0.000  0.006  0.101  0.000  0.000  0.664  0.000  0.770
   0.87516      3.043874  0.000  0.000  0.000  0.010  0.106  0.000  0.000  0.655  0.000  0.771
   0.84942      3.071300  0.000  0.000  0.000  0.013  0.115  0.000  0.000  0.643  0.000  0.772
   0.82368      3.101516  0.000  0.000  0.000  0.015  0.127  0.000  0.000  0.630  0.000  0.771
   0.79794      3.133720  0.000  0.000  0.000  0.019  0.139  0.000  0.000  0.615  0.000  0.772
   0.77220      3.167157  0.000  0.000  0.000  0.019  0.154  0.000  0.000  0.598  0.000  0.775
   0.74646      3.201157  0.000  0.000  0.000  0.022  0.169  0.000  0.000  0.582  0.000  0.775
   0.72072      3.235154  0.000  0.000  0.000  0.025  0.188  0.000  0.000  0.564  0.000  0.777
   0.69498      3.268691  0.000  0.000  0.000  0.025  0.205  0.000  0.000  0.548  0.000  0.778
   0.66924      3.301424  0.000  0.000  0.000  0.025  0.226  0.000  0.000  0.529  0.000  0.780
   0.64350      3.333101  0.000  0.000  0.000  0.026  0.246  0.000  0.000  0.510  0.000  0.783
   0.61776      3.363541  0.000  0.000  0.000  0.027  0.268  0.000  0.000  0.490  0.000  0.784
   0.59202      3.392615  0.000  0.000  0.000  0.027  0.289  0.000  0.000  0.469  0.000  0.787
   0.56628      3.420215  0.000  0.000  0.000  0.026  0.314  0.000  0.000  0.448  0.000  0.788
   0.54054      3.446228  0.000  0.000  0.000  0.025  0.338  0.000  0.000  0.426  0.000  0.792
   0.51480      3.470507  0.000  0.000  0.000  0.025  0.365  0.000  0.000  0.403  0.000  0.793
   0.48906      3.492833  0.000  0.000  0.000  0.025  0.395  0.000  0.000  0.377  0.000  0.797
   0.46332      3.512876  0.000  0.000  0.000  0.025  0.426  0.000  0.000  0.348  0.000  0.799
   0.43758      3.530125  0.000  0.000  0.000  0.024  0.465  0.000  0.000  0.313  0.000  0.803
   0.41184      3.543802  0.000  0.000  0.000  0.025  0.510  0.000  0.000  0.272  0.000  0.804
   0.38610      3.552703  0.000  0.000  0.000  0.023  0.558  0.001  0.001  0.221  0.000  0.805
   0.36036      3.482635  0.184  0.039  0.018  0.000  0.000  0.177  0.124  0.000  0.071  0.613
   0.33462      3.405910  0.167  0.033  0.017  0.000  0.000  0.155  0.156  0.000  0.095  0.621
   0.30888      3.343335  0.022  0.014  0.023  0.000  0.000  0.023  0.452  0.000  0.240  0.777
   0.28314      3.343334  0.058  0.022  0.033  0.000  0.000  0.024  0.424  0.000  0.228  0.787
   0.25740      3.351612  0.077  0.026  0.034  0.000  0.000  0.032  0.390  0.000  0.211  0.771
   0.23166      3.361130  0.089  0.030  0.035  0.000  0.000  0.038  0.365  0.000  0.200  0.758
   0.20592      3.371806  0.098  0.036  0.036  0.000  0.000  0.043  0.339  0.000  0.191  0.743
   0.18018      3.363379  0.000  0.000  0.000  0.030  0.709  0.000  0.000  0.059  0.000  0.798
   0.15444      3.328679  0.000  0.000  0.000  0.027  0.698  0.000  0.000  0.071  0.000  0.799
   0.12870      3.297888  0.000  0.000  0.000  0.026  0.689  0.000  0.000  0.084  0.000  0.798
   0.10296      3.271818  0.000  0.000  0.000  0.022  0.682  0.000  0.000  0.092  0.000  0.799
   0.07722      3.251037  0.000  0.000  0.000  0.022  0.678  0.000  0.000  0.098  0.000  0.800
   0.05148      3.235936  0.000  0.000  0.000  0.020  0.675  0.000  0.000  0.105  0.000  0.799
   0.02574      3.226778  0.000  0.000  0.000  0.020  0.673  0.000  0.000  0.107  0.000  0.800
   0.00000      3.223710  0.000  0.000  0.000  0.020  0.672  0.000  0.000  0.108  0.000  0.801
 
# Band-Index:   23
   0.00000      3.496749  0.216  0.107  0.079  0.000  0.000  0.064  0.003  0.000  0.032  0.503
   0.02574      3.490430  0.212  0.103  0.078  0.000  0.000  0.065  0.019  0.000  0.043  0.516
   0.05148      3.474188  0.197  0.092  0.069  0.000  0.000  0.062  0.061  0.000  0.066  0.550
   0.07722      3.453512  0.180  0.081  0.061  0.000  0.000  0.060  0.117  0.000  0.095  0.593
   0.10296      3.432778  0.160  0.069  0.054  0.000  0.000  0.058  0.175  0.000  0.123  0.635
   0.12870      3.414064  0.142  0.056  0.047  0.000  0.000  0.053  0.227  0.000  0.145  0.673
   0.15444      3.397856  0.126  0.048  0.042  0.000  0.000  0.051  0.271  0.000  0.163  0.702
   0.18018      3.383916  0.113  0.042  0.039  0.000  0.000  0.047  0.309  0.000  0.179  0.727
   0.20592      3.400826  0.000  0.000  0.000  0.031  0.722  0.000  0.000  0.046  0.000  0.799
   0.23166      3.439317  0.000  0.000  0.000  0.033  0.735  0.000  0.000  0.033  0.000  0.801
   0.25740      3.476474  0.000  0.000  0.000  0.032  0.744  0.000  0.000  0.025  0.000  0.801
   0.28314      3.509213  0.000  0.000  0.000  0.030  0.741  0.000  0.000  0.033  0.000  0.804
   0.30888      3.534326  0.000  0.000  0.000  0.028  0.718  0.000  0.000  0.060  0.000  0.807
   0.33462      3.549731  0.000  0.000  0.000  0.026  0.674  0.000  0.000  0.108  0.000  0.808
   0.36036      3.555378  0.000  0.000  0.000  0.024  0.618  0.000  0.000  0.167  0.000  0.809
   0.38610      3.562186  0.186  0.042  0.020  0.000  0.003  0.191  0.115  0.001  0.057  0.617
   0.41184      3.641345  0.188  0.047  0.023  0.000  0.000  0.209  0.118  0.000  0.043  0.627
   0.43758      3.716119  0.184  0.050  0.027  0.000  0.000  0.230  0.124  0.000  0.029  0.644
   0.46332      3.780311  0.175  0.053  0.034  0.000  0.000  0.257  0.136  0.000  0.015  0.670
   0.48906      3.826029  0.162  0.055  0.040  0.000  0.000  0.285  0.152  0.000  0.007  0.699
   0.51480      3.846531  0.142  0.058  0.050  0.000  0.000  0.303  0.163  0.000  0.007  0.724
   0.54054      3.840648  0.124  0.058  0.057  0.000  0.000  0.307  0.175  0.000  0.015  0.736
   0.56628      3.813077  0.108  0.059  0.061  0.000  0.000  0.297  0.186  0.000  0.026  0.739
   0.59202      3.770290  0.098  0.059  0.064  0.000  0.000  0.281  0.197  0.000  0.034  0.734
   0.61776      3.717621  0.092  0.061  0.062  0.000  0.000  0.257  0.214  0.000  0.041  0.725
   0.64350      3.658829  0.088  0.061  0.059  0.000  0.000  0.230  0.236  0.000  0.040  0.715
   0.66924      3.596565  0.089  0.060  0.055  0.000  0.000  0.204  0.264  0.000  0.038  0.706
   0.69498      3.532814  0.087  0.058  0.049  0.000  0.000  0.176  0.298  0.000  0.032  0.702
   0.72072      3.469063  0.090  0.057  0.042  0.000  0.000  0.148  0.338  0.000  0.024  0.700
   0.74646      3.406248  0.094  0.056  0.035  0.000  0.000  0.124  0.378  0.000  0.018  0.703
   0.77220      3.344635  0.100  0.052  0.030  0.000  0.000  0.099  0.413  0.000  0.013  0.708
   0.79794      3.283900  0.112  0.049  0.025  0.000  0.000  0.080  0.440  0.000  0.009  0.713
   0.82368      3.223484  0.126  0.042  0.023  0.000  0.000  0.062  0.461  0.000  0.006  0.721
   0.84942      3.163139  0.144  0.036  0.023  0.000  0.000  0.045  0.473  0.000  0.005  0.728
   0.87516      3.103407  0.166  0.029  0.024  0.000  0.000  0.033  0.478  0.000  0.001  0.734
   0.90090      3.045944  0.187  0.021  0.025  0.000  0.000  0.025  0.481  0.000  0.001  0.741
   0.92664      3.000618  0.000  0.000  0.000  0.005  0.094  0.000  0.001  0.671  0.000  0.770
   0.95238      2.986179  0.000  0.000  0.000  0.002  0.090  0.000  0.000  0.678  0.000  0.772
   0.97812      2.977328  0.000  0.000  0.000  0.000  0.087  0.005  0.000  0.676  0.001  0.770
   1.00386      2.975064  0.000  0.000  0.000  0.000  0.017  0.541  0.000  0.143  0.069  0.770
   1.00386      2.975064  0.000  0.000  0.000  0.000  0.017  0.541  0.000  0.143  0.069  0.770
   1.02960      2.978653  0.004  0.000  0.000  0.000  0.000  0.665  0.007  0.002  0.088  0.770
   1.05534      3.000025  0.051  0.005  0.008  0.000  0.000  0.505  0.110  0.000  0.077  0.759
   1.08107      3.049300  0.098  0.011  0.019  0.000  0.000  0.320  0.227  0.000  0.068  0.745
   1.10681      3.114593  0.108  0.020  0.022  0.000  0.000  0.232  0.275  0.000  0.075  0.734
   1.13255      3.186346  0.107  0.027  0.025  0.000  0.000  0.185  0.293  0.000  0.089  0.727
   1.15829      3.259747  0.100  0.031  0.029  0.000  0.000  0.155  0.300  0.000  0.111  0.724
   1.18403      3.332037  0.092  0.038  0.030  0.000  0.000  0.129  0.297  0.000  0.134  0.722
   1.20977      3.401384  0.088  0.041  0.034  0.000  0.000  0.108  0.290  0.000  0.160  0.722
   1.23551      3.466302  0.085  0.045  0.039  0.000  0.000  0.088  0.277  0.000  0.188  0.722
   1.26125      3.525273  0.083  0.047  0.044  0.000  0.000  0.069  0.266  0.000  0.217  0.726
   1.28699      3.576511  0.083  0.051  0.049  0.000  0.000  0.051  0.251  0.000  0.246  0.730
   1.31273      3.617792  0.084  0.052  0.052  0.000  0.000  0.036  0.239  0.000  0.275  0.737
   1.33847      3.646330  0.085  0.055  0.055  0.000  0.000  0.023  0.224  0.000  0.304  0.746
   1.36421      3.658827  0.088  0.056  0.056  0.000  0.000  0.015  0.212  0.000  0.330  0.754
   1.38995      3.652011  0.091  0.057  0.053  0.000  0.000  0.013  0.199  0.000  0.350  0.761
   1.41569      3.624029  0.095  0.056  0.051  0.000  0.000  0.021  0.181  0.000  0.359  0.762
   1.44143      3.576332  0.105  0.054  0.048  0.000  0.000  0.042  0.153  0.000  0.357  0.758
   1.46717      3.516374  0.130  0.045  0.047  0.000  0.000  0.106  0.082  0.000  0.347  0.756
   1.49291      3.484483  0.154  0.023  0.043  0.000  0.000  0.307  0.040  0.000  0.192  0.756
   1.51865      3.507317  0.130  0.027  0.036  0.000  0.000  0.319  0.147  0.000  0.083  0.742
   1.54439      3.533123  0.127  0.033  0.036  0.000  0.000  0.301  0.178  0.000  0.056  0.731
   1.57013      3.553422  0.133  0.041  0.036  0.000  0.000  0.277  0.189  0.000  0.041  0.715
   1.59587      3.566891  0.139  0.047  0.037  0.000  0.000  0.251  0.188  0.000  0.033  0.692
   1.62161      3.573597  0.146  0.054  0.039  0.000  0.000  0.221  0.182  0.000  0.026  0.669
   1.64735      3.574459  0.152  0.060  0.041  0.000  0.000  0.194  0.171  0.000  0.025  0.643
   1.67309      3.570876  0.158  0.066  0.043  0.000  0.000  0.171  0.159  0.000  0.024  0.622
   1.69883      3.564314  0.164  0.072  0.047  0.000  0.000  0.152  0.144  0.000  0.025  0.604
   1.72457      3.556042  0.169  0.075  0.049  0.000  0.000  0.138  0.131  0.000  0.027  0.589
   1.75031      3.547036  0.174  0.080  0.050  0.000  0.000  0.126  0.118  0.000  0.029  0.577
   1.77605      3.538006  0.181  0.083  0.055  0.000  0.000  0.115  0.103  0.000  0.030  0.564
   1.80179      3.529440  0.185  0.088  0.057  0.000  0.000  0.107  0.087  0.000  0.032  0.555
   1.82753      3.521661  0.191  0.091  0.062  0.000  0.000  0.097  0.073  0.000  0.033  0.545
   1.85327      3.514865  0.196  0.093  0.064  0.000  0.000  0.089  0.059  0.000  0.033  0.536
   1.87901      3.509157  0.200  0.097  0.069  0.000  0.000  0.084  0.045  0.000  0.031  0.527
   1.90475      3.504569  0.206  0.100  0.072  0.000  0.000  0.076  0.032  0.000  0.033  0.521
   1.93049      3.501083  0.210  0.104  0.075  0.000  0.000  0.072  0.019  0.000  0.033  0.513
   1.95623      3.498651  0.214  0.105  0.078  0.000  0.000  0.068  0.011  0.000  0.032  0.508
   1.98197      3.497220  0.216  0.107  0.079  0.000  0.000  0.065  0.005  0.000  0.032  0.505
   2.00771      3.496749  0.216  0.107  0.079  0.000  0.000  0.064  0.003  0.000  0.032  0.502
 
# Band-Index:   24
   2.00771      3.872401  0.000  0.000  0.000  0.031  0.136  0.000  0.000  0.649  0.000  0.814
   1.98197      3.872955  0.000  0.000  0.000  0.031  0.135  0.000  0.000  0.649  0.000  0.814
   1.95623      3.874595  0.000  0.000  0.000  0.031  0.134  0.000  0.000  0.649  0.000  0.816
   1.93049      3.877253  0.000  0.000  0.000  0.031  0.134  0.000  0.000  0.649  0.000  0.814
   1.90475      3.880811  0.000  0.000  0.000  0.034  0.131  0.000  0.000  0.649  0.000  0.814
   1.87901      3.885105  0.000  0.000  0.000  0.035  0.129  0.000  0.000  0.650  0.000  0.814
   1.85327      3.889922  0.000  0.000  0.000  0.038  0.126  0.000  0.000  0.650  0.000  0.813
   1.82753      3.894995  0.000  0.000  0.000  0.039  0.121  0.000  0.000  0.652  0.000  0.812
   1.80179      3.900012  0.000  0.000  0.000  0.042  0.117  0.000  0.000  0.653  0.000  0.810
   1.77605      3.904613  0.000  0.000  0.000  0.045  0.112  0.000  0.000  0.655  0.000  0.810
   1.75031      3.908403  0.000  0.000  0.000  0.048  0.104  0.000  0.000  0.657  0.000  0.809
   1.72457      3.910967  0.000  0.000  0.000  0.051  0.096  0.000  0.000  0.660  0.000  0.806
   1.69883      3.911899  0.000  0.000  0.000  0.054  0.088  0.000  0.000  0.662  0.000  0.806
   1.67309      3.910823  0.000  0.000  0.000  0.059  0.079  0.000  0.000  0.665  0.000  0.802
   1.64735      3.907459  0.000  0.000  0.000  0.064  0.070  0.000  0.000  0.667  0.000  0.800
   1.62161      3.901606  0.000  0.000  0.000  0.067  0.060  0.000  0.000  0.669  0.000  0.797
   1.59587      3.893332  0.000  0.000  0.000  0.070  0.054  0.000  0.000  0.669  0.000  0.793
   1.57013      3.882824  0.000  0.000  0.000  0.074  0.047  0.000  0.000  0.667  0.000  0.790
   1.54439      3.870549  0.000  0.000  0.000  0.078  0.045  0.000  0.000  0.662  0.000  0.787
   1.51865      3.857202  0.000  0.000  0.000  0.081  0.048  0.000  0.000  0.655  0.000  0.782
   1.49291      3.843637  0.000  0.000  0.000  0.083  0.051  0.000  0.000  0.642  0.000  0.777
   1.46717      3.830842  0.000  0.000  0.000  0.085  0.062  0.000  0.000  0.625  0.000  0.772
   1.44143      3.819862  0.000  0.000  0.000  0.087  0.076  0.000  0.000  0.606  0.000  0.768
   1.41569      3.811745  0.000  0.000  0.000  0.090  0.092  0.000  0.000  0.579  0.000  0.763
   1.38995      3.807502  0.000  0.000  0.000  0.093  0.116  0.000  0.000  0.550  0.000  0.757
   1.36421      3.808107  0.000  0.000  0.000  0.094  0.141  0.000  0.000  0.516  0.000  0.751
   1.33847      3.814478  0.000  0.000  0.000  0.097  0.168  0.000  0.000  0.476  0.000  0.742
   1.31273      3.827488  0.000  0.000  0.000  0.102  0.198  0.000  0.000  0.434  0.000  0.734
   1.28699      3.847935  0.000  0.000  0.000  0.106  0.232  0.000  0.000  0.388  0.000  0.726
   1.26125      3.876500  0.000  0.000  0.000  0.110  0.265  0.000  0.000  0.342  0.000  0.718
   1.23551      3.913657  0.000  0.000  0.000  0.114  0.299  0.000  0.000  0.296  0.000  0.710
   1.20977      3.959564  0.000  0.000  0.000  0.119  0.331  0.000  0.000  0.252  0.000  0.703
   1.18403      4.013937  0.000  0.000  0.000  0.122  0.365  0.000  0.000  0.212  0.000  0.698
   1.15829      4.075927  0.000  0.000  0.000  0.125  0.399  0.000  0.000  0.175  0.000  0.698
   1.13255      4.143955  0.000  0.000  0.000  0.126  0.433  0.000  0.000  0.145  0.000  0.703
   1.10681      4.215436  0.000  0.000  0.000  0.125  0.469  0.000  0.000  0.121  0.000  0.713
   1.08107      4.286248  0.000  0.000  0.000  0.122  0.505  0.000  0.000  0.103  0.000  0.731
   1.05534      4.349786  0.000  0.000  0.000  0.117  0.546  0.000  0.000  0.091  0.000  0.753
   1.02960      4.396142  0.000  0.000  0.000  0.111  0.582  0.000  0.000  0.084  0.000  0.777
   1.00386      4.412681  0.000  0.108  0.000  0.000  0.005  0.081  0.000  0.000  0.593  0.789
   1.00386      4.412714  0.000  0.108  0.000  0.002  0.007  0.080  0.000  0.001  0.590  0.789
   0.97812      4.399834  0.000  0.111  0.000  0.000  0.000  0.084  0.000  0.000  0.579  0.775
   0.95238      4.366355  0.000  0.117  0.003  0.002  0.007  0.091  0.000  0.001  0.527  0.746
   0.92664      4.320448  0.002  0.122  0.007  0.000  0.000  0.101  0.002  0.000  0.473  0.710
   0.90090      4.275480  0.006  0.125  0.015  0.000  0.000  0.120  0.002  0.000  0.413  0.679
   0.87516      4.240480  0.009  0.124  0.023  0.000  0.000  0.140  0.007  0.000  0.353  0.654
   0.84942      4.221858  0.011  0.119  0.034  0.000  0.000  0.161  0.012  0.000  0.298  0.633
   0.82368      4.222471  0.015  0.113  0.044  0.000  0.000  0.179  0.022  0.000  0.245  0.618
   0.79794      4.242680  0.017  0.106  0.054  0.000  0.000  0.192  0.036  0.000  0.201  0.603
   0.77220      4.280668  0.020  0.099  0.064  0.000  0.000  0.196  0.049  0.000  0.162  0.588
   0.74646      4.333267  0.024  0.093  0.072  0.000  0.000  0.194  0.062  0.000  0.129  0.574
   0.72072      4.396457  0.029  0.088  0.077  0.000  0.000  0.185  0.071  0.000  0.108  0.559
   0.69498      4.466090  0.034  0.083  0.084  0.002  0.005  0.170  0.075  0.002  0.090  0.548
   0.66924      4.538550  0.034  0.064  0.073  0.029  0.091  0.118  0.060  0.047  0.068  0.587
   0.64350      4.563066  0.003  0.005  0.007  0.130  0.390  0.008  0.004  0.226  0.004  0.779
   0.61776      4.546034  0.000  0.000  0.000  0.135  0.394  0.001  0.000  0.260  0.001  0.796
   0.59202      4.573514  0.060  0.049  0.065  0.049  0.141  0.046  0.017  0.106  0.080  0.610
   0.56628      4.475919  0.000  0.000  0.000  0.127  0.359  0.000  0.000  0.309  0.000  0.793
   0.54054      4.425448  0.000  0.000  0.000  0.120  0.336  0.000  0.000  0.329  0.001  0.787
   0.51480      4.365825  0.000  0.000  0.000  0.115  0.314  0.000  0.000  0.353  0.000  0.783
   0.48906      4.301007  0.000  0.000  0.000  0.111  0.290  0.000  0.000  0.379  0.000  0.779
   0.46332      4.232949  0.000  0.000  0.000  0.104  0.264  0.000  0.000  0.407  0.000  0.775
   0.43758      4.164016  0.000  0.000  0.000  0.098  0.233  0.000  0.000  0.440  0.000  0.771
   0.41184      4.096558  0.000  0.000  0.000  0.093  0.196  0.000  0.000  0.480  0.000  0.769
   0.38610      4.033033  0.000  0.000  0.000  0.087  0.153  0.000  0.000  0.529  0.000  0.768
   0.36036      3.976117  0.000  0.000  0.000  0.080  0.105  0.000  0.000  0.583  0.000  0.768
   0.33462      3.928588  0.000  0.000  0.000  0.072  0.058  0.000  0.000  0.640  0.000  0.771
   0.30888      3.892657  0.000  0.000  0.000  0.064  0.023  0.000  0.000  0.687  0.000  0.776
   0.28314      3.868852  0.000  0.000  0.000  0.056  0.006  0.000  0.000  0.716  0.000  0.781
   0.25740      3.855570  0.000  0.000  0.000  0.050  0.013  0.000  0.000  0.725  0.000  0.787
   0.23166      3.850012  0.000  0.000  0.000  0.045  0.031  0.000  0.000  0.719  0.000  0.795
   0.20592      3.849436  0.000  0.000  0.000  0.040  0.051  0.000  0.000  0.707  0.000  0.800
   0.18018      3.851747  0.000  0.000  0.000  0.038  0.071  0.000  0.000  0.694  0.000  0.803
   0.15444      3.855508  0.000  0.000  0.000  0.036  0.089  0.000  0.000  0.680  0.000  0.806
   0.12870      3.859762  0.000  0.000  0.000  0.033  0.105  0.000  0.000  0.671  0.000  0.809
   0.10296      3.863876  0.000  0.000  0.000  0.032  0.116  0.000  0.000  0.664  0.000  0.810
   0.07722      3.867427  0.000  0.000  0.000  0.032  0.125  0.000  0.000  0.656  0.000  0.813
   0.05148      3.870136  0.000  0.000  0.000  0.032  0.131  0.000  0.000  0.652  0.000  0.815
   0.02574      3.871827  0.000  0.000  0.000  0.031  0.134  0.000  0.000  0.650  0.000  0.813
   0.00000      3.872401  0.000  0.000  0.000  0.031  0.136  0.000  0.000  0.649  0.000  0.814
