#K-Path          Energy     s    py    pz    px    dxy    dyz    dz2    dxz    dx2-y2    tot
# NKPTS & NBANDS:  80  64
# Band-Index:    1
   0.00000    -12.390420  0.621  0.022  0.003  0.000  0.000  0.050  0.000  0.000  0.026  0.721
   0.03017    -12.390822  0.621  0.022  0.003  0.000  0.000  0.050  0.000  0.000  0.025  0.721
   0.06033    -12.392067  0.621  0.022  0.003  0.000  0.000  0.050  0.000  0.000  0.025  0.720
   0.09050    -12.394279  0.621  0.022  0.004  0.000  0.000  0.049  0.000  0.000  0.025  0.720
   0.12067    -12.397764  0.621  0.022  0.004  0.000  0.000  0.048  0.000  0.000  0.024  0.719
   0.15083    -12.403231  0.622  0.022  0.004  0.000  0.000  0.046  0.000  0.000  0.022  0.717
   0.18100    -12.412393  0.623  0.023  0.005  0.000  0.000  0.042  0.000  0.000  0.020  0.713
   0.21116    -12.429271  0.625  0.025  0.005  0.000  0.000  0.035  0.000  0.000  0.017  0.708
   0.24133    -12.460526  0.629  0.028  0.005  0.000  0.000  0.025  0.000  0.000  0.010  0.699
   0.27150    -12.508844  0.634  0.029  0.005  0.000  0.000  0.016  0.000  0.000  0.007  0.689
   0.30166    -12.569614  0.635  0.027  0.005  0.000  0.000  0.011  0.000  0.000  0.004  0.684
   0.33183    -12.637997  0.634  0.029  0.005  0.000  0.000  0.009  0.000  0.000  0.003  0.681
   0.36200    -12.711206  0.633  0.027  0.005  0.000  0.000  0.007  0.000  0.000  0.003  0.675
   0.39216    -12.787602  0.631  0.027  0.007  0.000  0.000  0.005  0.000  0.000  0.002  0.672
   0.42233    -12.866068  0.630  0.025  0.007  0.000  0.000  0.005  0.000  0.000  0.002  0.669
   0.45249    -12.945734  0.629  0.024  0.006  0.000  0.000  0.004  0.000  0.000  0.002  0.665
   0.48266    -13.025875  0.629  0.023  0.006  0.000  0.000  0.003  0.000  0.000  0.001  0.661
   0.51283    -13.105873  0.627  0.021  0.006  0.000  0.000  0.003  0.000  0.000  0.001  0.659
   0.54299    -13.185175  0.627  0.021  0.007  0.000  0.000  0.003  0.000  0.000  0.001  0.655
   0.57316    -13.263292  0.626  0.019  0.007  0.000  0.000  0.002  0.000  0.000  0.001  0.653
   0.60333    -13.339784  0.625  0.018  0.005  0.000  0.000  0.001  0.000  0.000  0.001  0.651
   0.63349    -13.414254  0.625  0.017  0.003  0.000  0.000  0.001  0.000  0.000  0.001  0.647
   0.66366    -13.486344  0.625  0.015  0.003  0.000  0.000  0.001  0.000  0.000  0.000  0.645
   0.69382    -13.555740  0.626  0.013  0.003  0.000  0.000  0.001  0.000  0.000  0.000  0.644
   0.72399    -13.622150  0.624  0.011  0.002  0.000  0.000  0.000  0.000  0.000  0.000  0.642
   0.75416    -13.685322  0.626  0.010  0.002  0.000  0.000  0.000  0.000  0.000  0.000  0.639
   0.78432    -13.745021  0.624  0.009  0.002  0.000  0.000  0.000  0.000  0.000  0.000  0.638
   0.81449    -13.801036  0.625  0.008  0.002  0.000  0.000  0.000  0.000  0.000  0.000  0.635
   0.84466    -13.853188  0.625  0.008  0.002  0.000  0.000  0.000  0.000  0.000  0.000  0.635
   0.87482    -13.901313  0.626  0.006  0.002  0.000  0.000  0.000  0.000  0.000  0.000  0.633
   0.90499    -13.945262  0.625  0.006  0.002  0.000  0.000  0.000  0.000  0.000  0.000  0.633
   0.93515    -13.984905  0.626  0.002  0.000  0.000  0.000  0.000  0.000  0.000  0.000  0.631
   0.96532    -14.020136  0.627  0.002  0.000  0.000  0.000  0.000  0.000  0.000  0.000  0.630
   0.99549    -14.050856  0.627  0.002  0.000  0.000  0.000  0.000  0.000  0.000  0.000  0.631
   1.02565    -14.076984  0.627  0.002  0.000  0.000  0.000  0.000  0.000  0.000  0.000  0.629
   1.05582    -14.098451  0.627  0.000  0.000  0.000  0.000  0.000  0.000  0.000  0.000  0.629
   1.08599    -14.115203  0.627  0.000  0.000  0.000  0.000  0.000  0.000  0.000  0.000  0.627
   1.11615    -14.127201  0.627  0.000  0.000  0.000  0.000  0.000  0.000  0.000  0.000  0.628
   1.14632    -14.134412  0.629  0.000  0.000  0.000  0.000  0.000  0.000  0.000  0.000  0.629
   1.17648    -14.136820  0.629  0.000  0.000  0.000  0.000  0.000  0.000  0.000  0.000  0.629
   1.17648    -14.136820  0.629  0.000  0.000  0.000  0.000  0.000  0.000  0.000  0.000  0.629
   1.20665    -14.134412  0.629  0.000  0.000  0.000  0.000  0.000  0.000  0.000  0.000  0.629
   1.23682    -14.127204  0.627  0.000  0.000  0.000  0.000  0.000  0.000  0.000  0.000  0.628
   1.26698    -14.115218  0.627  0.000  0.000  0.000  0.000  0.000  0.000  0.000  0.000  0.627
   1.29715    -14.098495  0.627  0.000  0.000  0.000  0.000  0.000  0.000  0.000  0.000  0.629
   1.32732    -14.077088  0.627  0.002  0.000  0.000  0.000  0.000  0.000  0.000  0.000  0.629
   1.35748    -14.051071  0.627  0.002  0.000  0.000  0.000  0.000  0.000  0.000  0.000  0.631
   1.38765    -14.020536  0.627  0.002  0.000  0.000  0.000  0.000  0.000  0.000  0.000  0.630
   1.41781    -13.985588  0.626  0.002  0.000  0.000  0.000  0.000  0.000  0.000  0.000  0.631
   1.44798    -13.946358  0.625  0.006  0.002  0.000  0.000  0.000  0.000  0.000  0.000  0.633
   1.47815    -13.902993  0.625  0.006  0.002  0.000  0.000  0.000  0.000  0.000  0.000  0.633
   1.50831    -13.855665  0.625  0.008  0.002  0.000  0.000  0.000  0.000  0.000  0.000  0.635
   1.53848    -13.804568  0.625  0.008  0.002  0.000  0.000  0.001  0.000  0.000  0.000  0.636
   1.56865    -13.749921  0.625  0.009  0.002  0.000  0.000  0.001  0.000  0.000  0.001  0.639
   1.59881    -13.691967  0.625  0.010  0.002  0.000  0.000  0.001  0.000  0.000  0.001  0.640
   1.62898    -13.630978  0.625  0.011  0.002  0.000  0.000  0.002  0.000  0.000  0.001  0.643
   1.65914    -13.567264  0.624  0.013  0.002  0.000  0.000  0.002  0.000  0.000  0.001  0.643
   1.68931    -13.501155  0.623  0.013  0.004  0.000  0.000  0.003  0.000  0.000  0.002  0.647
   1.71948    -13.433023  0.624  0.014  0.004  0.000  0.000  0.004  0.000  0.000  0.002  0.650
   1.74964    -13.363265  0.624  0.018  0.004  0.000  0.000  0.005  0.000  0.000  0.003  0.653
   1.77981    -13.292322  0.624  0.019  0.004  0.000  0.000  0.006  0.000  0.000  0.003  0.657
   1.80998    -13.220666  0.623  0.020  0.004  0.000  0.000  0.007  0.000  0.000  0.004  0.660
   1.84014    -13.148805  0.623  0.021  0.004  0.000  0.000  0.009  0.000  0.000  0.005  0.664
   1.87031    -13.077268  0.623  0.022  0.004  0.000  0.000  0.011  0.000  0.000  0.006  0.666
   1.90047    -13.006617  0.623  0.022  0.004  0.000  0.000  0.013  0.000  0.000  0.007  0.671
   1.93064    -12.937420  0.623  0.021  0.004  0.000  0.000  0.016  0.000  0.000  0.008  0.675
   1.96081    -12.870263  0.623  0.021  0.004  0.000  0.000  0.018  0.000  0.000  0.010  0.680
   1.99097    -12.805721  0.623  0.022  0.004  0.000  0.000  0.021  0.000  0.000  0.011  0.684
   2.02114    -12.744346  0.622  0.022  0.004  0.000  0.000  0.025  0.000  0.000  0.013  0.688
   2.05131    -12.686660  0.622  0.023  0.004  0.000  0.000  0.028  0.000  0.000  0.015  0.693
   2.08147    -12.633133  0.623  0.023  0.004  0.000  0.000  0.032  0.000  0.000  0.016  0.698
   2.11164    -12.584181  0.622  0.024  0.003  0.000  0.000  0.035  0.000  0.000  0.018  0.701
   2.14180    -12.540155  0.622  0.023  0.003  0.000  0.000  0.038  0.000  0.000  0.020  0.706
   2.17197    -12.501359  0.621  0.021  0.004  0.000  0.000  0.041  0.000  0.000  0.021  0.711
   2.20214    -12.468042  0.621  0.022  0.004  0.000  0.000  0.044  0.000  0.000  0.023  0.713
   2.23230    -12.440425  0.622  0.022  0.003  0.000  0.000  0.046  0.000  0.000  0.024  0.716
   2.26247    -12.418703  0.621  0.021  0.003  0.000  0.000  0.048  0.000  0.000  0.024  0.718
   2.29264    -12.403042  0.621  0.022  0.003  0.000  0.000  0.049  0.000  0.000  0.025  0.719
   2.32280    -12.393584  0.621  0.022  0.003  0.000  0.000  0.050  0.000  0.000  0.025  0.721
   2.35297    -12.390420  0.621  0.022  0.003  0.000  0.000  0.050  0.000  0.000  0.026  0.721
 
# Band-Index:    2
   2.35297    -12.127594  0.659  0.025  0.003  0.000  0.000  0.013  0.000  0.000  0.007  0.708
   2.32280    -12.128743  0.659  0.025  0.003  0.000  0.000  0.013  0.000  0.000  0.007  0.708
   2.29264    -12.132170  0.658  0.024  0.003  0.000  0.000  0.013  0.000  0.000  0.006  0.707
   2.26247    -12.137814  0.659  0.024  0.004  0.000  0.000  0.013  0.000  0.000  0.006  0.706
   2.23230    -12.145557  0.658  0.024  0.004  0.000  0.000  0.013  0.000  0.000  0.006  0.706
   2.20214    -12.155215  0.657  0.023  0.005  0.000  0.000  0.014  0.000  0.000  0.007  0.706
   2.17197    -12.166526  0.655  0.022  0.006  0.000  0.000  0.015  0.000  0.000  0.007  0.706
   2.14180    -12.179159  0.654  0.021  0.006  0.000  0.000  0.016  0.000  0.000  0.007  0.705
   2.11164    -12.192731  0.653  0.020  0.007  0.000  0.000  0.016  0.000  0.000  0.007  0.705
   2.08147    -12.206834  0.652  0.018  0.009  0.000  0.000  0.018  0.000  0.000  0.007  0.705
   2.05131    -12.221058  0.649  0.017  0.011  0.000  0.000  0.018  0.000  0.000  0.008  0.705
   2.02114    -12.235014  0.648  0.015  0.013  0.000  0.000  0.020  0.000  0.000  0.009  0.705
   1.99097    -12.248350  0.647  0.014  0.015  0.000  0.000  0.021  0.000  0.000  0.008  0.705
   1.96081    -12.260750  0.645  0.013  0.016  0.000  0.000  0.021  0.000  0.000  0.009  0.705
   1.93064    -12.271955  0.644  0.011  0.018  0.000  0.000  0.023  0.000  0.000  0.009  0.705
   1.90047    -12.281752  0.644  0.010  0.019  0.000  0.000  0.022  0.000  0.000  0.010  0.704
   1.87031    -12.289978  0.642  0.009  0.021  0.000  0.000  0.023  0.000  0.000  0.009  0.705
   1.84014    -12.296515  0.642  0.007  0.022  0.000  0.000  0.023  0.000  0.000  0.009  0.703
   1.80998    -12.301286  0.641  0.006  0.024  0.000  0.000  0.023  0.000  0.000  0.009  0.704
   1.77981    -12.304260  0.640  0.005  0.026  0.000  0.000  0.022  0.000  0.000  0.009  0.704
   1.74964    -12.305429  0.640  0.005  0.028  0.000  0.000  0.021  0.000  0.000  0.008  0.704
   1.71948    -12.304833  0.640  0.004  0.030  0.000  0.000  0.020  0.000  0.000  0.008  0.703
   1.68931    -12.302539  0.640  0.003  0.032  0.000  0.000  0.019  0.000  0.000  0.008  0.703
   1.65914    -12.298653  0.639  0.002  0.034  0.000  0.000  0.019  0.000  0.000  0.008  0.702
   1.62898    -12.293301  0.640  0.002  0.036  0.000  0.000  0.017  0.000  0.000  0.007  0.702
   1.59881    -12.286648  0.639  0.002  0.038  0.000  0.000  0.016  0.000  0.000  0.006  0.700
   1.56865    -12.278873  0.640  0.001  0.040  0.000  0.000  0.014  0.000  0.000  0.005  0.701
   1.53848    -12.270187  0.640  0.001  0.042  0.000  0.000  0.013  0.000  0.000  0.005  0.701
   1.50831    -12.260823  0.642  0.001  0.044  0.000  0.000  0.011  0.000  0.000  0.005  0.701
   1.47815    -12.251026  0.642  0.000  0.046  0.000  0.000  0.009  0.000  0.000  0.004  0.700
   1.44798    -12.241057  0.640  0.000  0.048  0.000  0.000  0.008  0.000  0.000  0.004  0.700
   1.41781    -12.231182  0.642  0.000  0.047  0.000  0.000  0.006  0.000  0.000  0.002  0.700
   1.38765    -12.221672  0.642  0.000  0.048  0.000  0.000  0.005  0.000  0.000  0.002  0.701
   1.35748    -12.212791  0.644  0.000  0.050  0.000  0.000  0.004  0.000  0.000  0.001  0.699
   1.32732    -12.204786  0.644  0.000  0.051  0.000  0.000  0.003  0.000  0.000  0.001  0.699
   1.29715    -12.197884  0.644  0.000  0.052  0.000  0.000  0.001  0.000  0.000  0.001  0.700
   1.26698    -12.192293  0.644  0.000  0.053  0.000  0.000  0.001  0.000  0.000  0.000  0.699
   1.23682    -12.188175  0.644  0.000  0.054  0.000  0.000  0.000  0.000  0.000  0.000  0.699
   1.20665    -12.185654  0.646  0.000  0.054  0.000  0.000  0.000  0.000  0.000  0.000  0.700
   1.17648    -12.184806  0.646  0.000  0.054  0.000  0.000  0.000  0.000  0.000  0.000  0.700
   1.17648    -12.184806  0.646  0.000  0.054  0.000  0.000  0.000  0.000  0.000  0.000  0.700
   1.14632    -12.185655  0.646  0.000  0.054  0.000  0.000  0.000  0.000  0.000  0.000  0.700
   1.11615    -12.188184  0.644  0.000  0.054  0.000  0.000  0.000  0.000  0.000  0.000  0.699
   1.08599    -12.192338  0.644  0.000  0.053  0.000  0.000  0.001  0.000  0.000  0.000  0.699
   1.05582    -12.198020  0.644  0.000  0.052  0.000  0.000  0.001  0.000  0.000  0.001  0.700
   1.02565    -12.205109  0.644  0.000  0.051  0.000  0.000  0.003  0.000  0.000  0.001  0.699
   0.99549    -12.213448  0.644  0.000  0.050  0.000  0.000  0.004  0.000  0.000  0.001  0.700
   0.96532    -12.222863  0.642  0.000  0.048  0.000  0.000  0.005  0.000  0.000  0.002  0.701
   0.93515    -12.233164  0.642  0.000  0.047  0.000  0.000  0.007  0.000  0.000  0.002  0.701
   0.90499    -12.244152  0.641  0.000  0.048  0.000  0.000  0.009  0.000  0.000  0.004  0.700
   0.87482    -12.255620  0.640  0.000  0.046  0.000  0.000  0.010  0.000  0.000  0.005  0.700
   0.84466    -12.267360  0.639  0.001  0.044  0.000  0.000  0.012  0.000  0.000  0.005  0.701
   0.81449    -12.279177  0.639  0.001  0.042  0.000  0.000  0.013  0.000  0.000  0.006  0.701
   0.78432    -12.290879  0.638  0.001  0.040  0.000  0.000  0.016  0.000  0.000  0.007  0.702
   0.75416    -12.302288  0.637  0.001  0.038  0.000  0.000  0.018  0.000  0.000  0.008  0.702
   0.72399    -12.313241  0.636  0.002  0.036  0.000  0.000  0.020  0.000  0.000  0.009  0.702
   0.69382    -12.323600  0.635  0.002  0.034  0.000  0.000  0.021  0.000  0.000  0.010  0.705
   0.66366    -12.333235  0.635  0.003  0.031  0.000  0.000  0.024  0.000  0.000  0.010  0.705
   0.63349    -12.342048  0.634  0.003  0.029  0.000  0.000  0.026  0.000  0.000  0.011  0.705
   0.60333    -12.349949  0.633  0.004  0.027  0.000  0.000  0.028  0.000  0.000  0.012  0.707
   0.57316    -12.356874  0.633  0.005  0.025  0.000  0.000  0.030  0.000  0.000  0.013  0.707
   0.54299    -12.362776  0.632  0.006  0.024  0.000  0.000  0.031  0.000  0.000  0.014  0.707
   0.51283    -12.367623  0.632  0.007  0.022  0.000  0.000  0.033  0.000  0.000  0.015  0.708
   0.48266    -12.371391  0.631  0.008  0.020  0.000  0.000  0.035  0.000  0.000  0.016  0.710
   0.45249    -12.374061  0.630  0.008  0.018  0.000  0.000  0.036  0.000  0.000  0.017  0.710
   0.42233    -12.375606  0.629  0.009  0.017  0.000  0.000  0.038  0.000  0.000  0.018  0.712
   0.39216    -12.375957  0.630  0.010  0.015  0.000  0.000  0.040  0.000  0.000  0.019  0.713
   0.36200    -12.374967  0.630  0.011  0.013  0.000  0.000  0.041  0.000  0.000  0.021  0.714
   0.33183    -12.372288  0.630  0.012  0.011  0.000  0.000  0.041  0.000  0.000  0.021  0.714
   0.30166    -12.367116  0.631  0.012  0.010  0.000  0.000  0.040  0.000  0.000  0.021  0.715
   0.27150    -12.357528  0.635  0.013  0.008  0.000  0.000  0.038  0.000  0.000  0.020  0.713
   0.24133    -12.339582  0.640  0.016  0.007  0.000  0.000  0.030  0.000  0.000  0.017  0.709
   0.21116    -12.309570  0.647  0.019  0.006  0.000  0.000  0.022  0.000  0.000  0.013  0.704
   0.18100    -12.271088  0.651  0.022  0.004  0.000  0.000  0.016  0.000  0.000  0.009  0.702
   0.15083    -12.231659  0.654  0.022  0.004  0.000  0.000  0.014  0.000  0.000  0.008  0.703
   0.12067    -12.196117  0.655  0.023  0.004  0.000  0.000  0.013  0.000  0.000  0.007  0.704
   0.09050    -12.166892  0.657  0.024  0.003  0.000  0.000  0.012  0.000  0.000  0.006  0.705
   0.06033    -12.145285  0.658  0.024  0.003  0.000  0.000  0.012  0.000  0.000  0.006  0.707
   0.03017    -12.132050  0.659  0.025  0.003  0.000  0.000  0.013  0.000  0.000  0.007  0.707
   0.00000    -12.127594  0.659  0.025  0.003  0.000  0.000  0.013  0.000  0.000  0.007  0.708
 
# Band-Index:    3
   0.00000     -7.203022  0.000  0.000  0.000  0.042  0.220  0.000  0.000  0.679  0.000  0.941
   0.03017     -7.203047  0.000  0.000  0.000  0.041  0.221  0.000  0.000  0.678  0.000  0.940
   0.06033     -7.203127  0.000  0.000  0.000  0.040  0.221  0.000  0.000  0.678  0.000  0.940
   0.09050     -7.203256  0.000  0.000  0.000  0.040  0.222  0.000  0.000  0.677  0.000  0.940
   0.12067     -7.203435  0.000  0.000  0.000  0.040  0.224  0.000  0.000  0.675  0.000  0.940
   0.15083     -7.203667  0.000  0.000  0.000  0.040  0.226  0.000  0.000  0.674  0.000  0.940
   0.18100     -7.203955  0.000  0.000  0.000  0.040  0.228  0.000  0.000  0.672  0.000  0.940
   0.21116     -7.204298  0.000  0.000  0.000  0.040  0.230  0.000  0.000  0.670  0.000  0.941
   0.24133     -7.204706  0.000  0.000  0.000  0.040  0.233  0.000  0.000  0.667  0.000  0.941
   0.27150     -7.205177  0.000  0.000  0.000  0.040  0.238  0.000  0.000  0.665  0.000  0.941
   0.30166     -7.205725  0.000  0.000  0.000  0.040  0.241  0.000  0.000  0.661  0.000  0.941
   0.33183     -7.206352  0.000  0.000  0.000  0.040  0.246  0.000  0.000  0.657  0.000  0.943
   0.36200     -7.207072  0.000  0.000  0.000  0.037  0.250  0.000  0.000  0.654  0.000  0.941
   0.39216     -7.207893  0.000  0.000  0.000  0.037  0.255  0.000  0.000  0.649  0.000  0.941
   0.42233     -7.208831  0.000  0.000  0.000  0.037  0.260  0.000  0.000  0.645  0.000  0.941
   0.45249     -7.209895  0.000  0.000  0.000  0.037  0.265  0.000  0.000  0.640  0.000  0.942
   0.48266     -7.211098  0.000  0.000  0.000  0.037  0.271  0.000  0.000  0.635  0.000  0.942
   0.51283     -7.212453  0.000  0.000  0.000  0.037  0.276  0.000  0.000  0.630  0.000  0.942
   0.54299     -7.213964  0.000  0.000  0.000  0.037  0.282  0.000  0.000  0.624  0.000  0.943
   0.57316     -7.215642  0.000  0.000  0.000  0.037  0.287  0.000  0.000  0.618  0.000  0.943
   0.60333     -7.217488  0.000  0.000  0.000  0.035  0.293  0.000  0.000  0.613  0.000  0.941
   0.63349     -7.219502  0.000  0.000  0.000  0.034  0.300  0.000  0.000  0.607  0.000  0.941
   0.66366     -7.221675  0.000  0.000  0.000  0.034  0.306  0.000  0.000  0.601  0.000  0.942
   0.69382     -7.223998  0.000  0.000  0.000  0.034  0.312  0.000  0.000  0.595  0.000  0.942
   0.72399     -7.226450  0.000  0.000  0.000  0.034  0.318  0.000  0.000  0.589  0.000  0.941
   0.75416     -7.229010  0.000  0.000  0.000  0.034  0.324  0.000  0.000  0.583  0.000  0.941
   0.78432     -7.231649  0.000  0.000  0.000  0.034  0.329  0.000  0.000  0.577  0.000  0.941
   0.81449     -7.234332  0.000  0.000  0.000  0.034  0.335  0.000  0.000  0.572  0.000  0.940
   0.84466     -7.237022  0.000  0.000  0.000  0.036  0.340  0.000  0.000  0.566  0.000  0.942
   0.87482     -7.239679  0.000  0.000  0.000  0.036  0.344  0.000  0.000  0.560  0.000  0.942
   0.90499     -7.242259  0.000  0.000  0.000  0.036  0.349  0.000  0.000  0.556  0.000  0.941
   0.93515     -7.244715  0.000  0.000  0.000  0.036  0.353  0.000  0.000  0.551  0.000  0.941
   0.96532     -7.247008  0.000  0.000  0.000  0.036  0.356  0.000  0.000  0.547  0.000  0.940
   0.99549     -7.249094  0.000  0.000  0.000  0.036  0.359  0.000  0.000  0.544  0.000  0.939
   1.02565     -7.250936  0.000  0.000  0.000  0.036  0.362  0.000  0.000  0.541  0.000  0.939
   1.05582     -7.252492  0.000  0.000  0.000  0.036  0.364  0.001  0.000  0.538  0.001  0.939
   1.08599     -7.253741  0.000  0.000  0.000  0.036  0.365  0.003  0.000  0.534  0.002  0.939
   1.11615     -7.254668  0.000  0.000  0.000  0.036  0.360  0.011  0.000  0.524  0.008  0.938
   1.14632     -7.255281  0.000  0.006  0.000  0.032  0.317  0.073  0.000  0.460  0.051  0.938
   1.17648     -7.255551  0.000  0.012  0.000  0.024  0.237  0.190  0.000  0.345  0.131  0.938
   1.17648     -7.255551  0.000  0.012  0.000  0.024  0.237  0.190  0.000  0.345  0.131  0.938
   1.20665     -7.255316  0.000  0.004  0.000  0.032  0.324  0.064  0.000  0.469  0.044  0.938
   1.23682     -7.254825  0.000  0.000  0.000  0.036  0.360  0.011  0.000  0.524  0.008  0.938
   1.26698     -7.254088  0.000  0.000  0.000  0.036  0.364  0.004  0.000  0.533  0.003  0.938
   1.29715     -7.253089  0.000  0.000  0.000  0.036  0.364  0.002  0.000  0.536  0.002  0.938
   1.32732     -7.251831  0.000  0.000  0.000  0.036  0.362  0.002  0.000  0.539  0.001  0.939
   1.35748     -7.250337  0.000  0.000  0.000  0.036  0.358  0.003  0.000  0.540  0.002  0.939
   1.38765     -7.248634  0.000  0.000  0.000  0.036  0.351  0.009  0.000  0.537  0.006  0.938
   1.41781     -7.247506  0.009  0.030  0.014  0.004  0.047  0.429  0.011  0.073  0.307  0.923
   1.44798     -7.249580  0.012  0.034  0.018  0.000  0.002  0.484  0.014  0.002  0.350  0.916
   1.47815     -7.252716  0.013  0.034  0.020  0.000  0.000  0.478  0.016  0.001  0.349  0.910
   1.50831     -7.256720  0.014  0.034  0.024  0.000  0.000  0.470  0.017  0.000  0.347  0.908
   1.53848     -7.261469  0.016  0.034  0.026  0.000  0.000  0.463  0.018  0.000  0.345  0.903
   1.56865     -7.266841  0.017  0.034  0.028  0.000  0.000  0.457  0.018  0.000  0.344  0.900
   1.59881     -7.272692  0.019  0.034  0.030  0.000  0.000  0.451  0.019  0.000  0.343  0.897
   1.62898     -7.278870  0.020  0.034  0.032  0.000  0.000  0.446  0.019  0.000  0.341  0.895
   1.65914     -7.285205  0.021  0.036  0.035  0.000  0.000  0.441  0.019  0.000  0.341  0.891
   1.68931     -7.291499  0.022  0.036  0.037  0.000  0.000  0.437  0.017  0.000  0.339  0.888
   1.71948     -7.297534  0.024  0.036  0.037  0.000  0.000  0.432  0.017  0.000  0.337  0.886
   1.74964     -7.303047  0.024  0.039  0.039  0.000  0.000  0.429  0.017  0.000  0.335  0.883
   1.77981     -7.307746  0.028  0.039  0.041  0.000  0.000  0.425  0.017  0.000  0.332  0.879
   1.80998     -7.311298  0.029  0.041  0.041  0.000  0.000  0.422  0.015  0.000  0.329  0.878
   1.84014     -7.313310  0.030  0.041  0.043  0.000  0.000  0.419  0.015  0.000  0.326  0.874
   1.87031     -7.313347  0.032  0.043  0.043  0.000  0.000  0.417  0.015  0.000  0.321  0.871
   1.90047     -7.310923  0.034  0.045  0.043  0.000  0.000  0.414  0.015  0.000  0.316  0.867
   1.93064     -7.305504  0.035  0.047  0.044  0.000  0.000  0.411  0.015  0.000  0.311  0.863
   1.96081     -7.296521  0.037  0.049  0.046  0.000  0.000  0.408  0.015  0.000  0.305  0.859
   1.99097     -7.283368  0.038  0.051  0.046  0.000  0.000  0.406  0.015  0.000  0.299  0.856
   2.02114     -7.265435  0.040  0.054  0.046  0.000  0.000  0.403  0.015  0.000  0.293  0.852
   2.05131     -7.242127  0.043  0.057  0.047  0.000  0.000  0.401  0.017  0.000  0.286  0.848
   2.08147     -7.212903  0.044  0.057  0.047  0.000  0.000  0.398  0.018  0.000  0.280  0.845
   2.11164     -7.204743  0.000  0.000  0.000  0.040  0.234  0.000  0.000  0.666  0.000  0.941
   2.14180     -7.204282  0.000  0.000  0.000  0.040  0.231  0.000  0.000  0.669  0.000  0.941
   2.17197     -7.203911  0.000  0.000  0.000  0.040  0.228  0.000  0.000  0.671  0.000  0.941
   2.20214     -7.203617  0.000  0.000  0.000  0.040  0.226  0.000  0.000  0.674  0.000  0.939
   2.23230     -7.203392  0.000  0.000  0.000  0.040  0.224  0.000  0.000  0.675  0.000  0.939
   2.26247     -7.203226  0.000  0.000  0.000  0.040  0.222  0.000  0.000  0.677  0.000  0.939
   2.29264     -7.203110  0.000  0.000  0.000  0.041  0.221  0.000  0.000  0.678  0.000  0.940
   2.32280     -7.203043  0.000  0.000  0.000  0.041  0.221  0.000  0.000  0.678  0.000  0.940
   2.35297     -7.203022  0.000  0.000  0.000  0.042  0.220  0.000  0.000  0.679  0.000  0.941
 
# Band-Index:    4
   2.35297     -6.785315  0.034  0.014  0.059  0.000  0.000  0.334  0.024  0.000  0.439  0.902
   2.32280     -6.802518  0.036  0.020  0.057  0.000  0.000  0.362  0.026  0.000  0.399  0.897
   2.29264     -6.848174  0.041  0.034  0.053  0.000  0.000  0.391  0.028  0.000  0.334  0.880
   2.26247     -6.907983  0.046  0.047  0.050  0.000  0.000  0.398  0.028  0.000  0.295  0.863
   2.23230     -6.970802  0.049  0.055  0.049  0.000  0.000  0.398  0.026  0.000  0.275  0.852
   2.20214     -7.031064  0.049  0.061  0.049  0.000  0.000  0.396  0.024  0.000  0.268  0.844
   2.17197     -7.086204  0.049  0.061  0.047  0.000  0.000  0.395  0.022  0.000  0.267  0.842
   2.14180     -7.135085  0.048  0.060  0.047  0.000  0.000  0.395  0.020  0.000  0.270  0.840
   2.11164     -7.177316  0.046  0.060  0.048  0.000  0.000  0.397  0.018  0.000  0.274  0.842
   2.08147     -7.205302  0.000  0.000  0.000  0.040  0.238  0.000  0.000  0.662  0.000  0.941
   2.05131     -7.205976  0.000  0.000  0.000  0.040  0.241  0.000  0.000  0.660  0.000  0.941
   2.02114     -7.206771  0.000  0.000  0.000  0.040  0.246  0.000  0.000  0.656  0.000  0.942
   1.99097     -7.207701  0.000  0.000  0.000  0.040  0.250  0.000  0.000  0.651  0.000  0.942
   1.96081     -7.208771  0.000  0.000  0.000  0.040  0.255  0.000  0.000  0.647  0.000  0.942
   1.93064     -7.209992  0.000  0.000  0.000  0.040  0.260  0.000  0.000  0.642  0.000  0.942
   1.90047     -7.211367  0.000  0.000  0.000  0.040  0.266  0.000  0.000  0.637  0.000  0.942
   1.87031     -7.212898  0.000  0.000  0.000  0.039  0.271  0.000  0.000  0.631  0.000  0.942
   1.84014     -7.214585  0.000  0.000  0.000  0.037  0.277  0.000  0.000  0.625  0.000  0.941
   1.80998     -7.216423  0.000  0.000  0.000  0.037  0.283  0.000  0.000  0.620  0.000  0.941
   1.77981     -7.218408  0.000  0.000  0.000  0.037  0.289  0.000  0.000  0.614  0.000  0.941
   1.74964     -7.220527  0.000  0.000  0.000  0.037  0.295  0.000  0.000  0.609  0.000  0.941
   1.71948     -7.222765  0.000  0.000  0.000  0.037  0.301  0.000  0.000  0.603  0.000  0.941
   1.68931     -7.225106  0.000  0.000  0.000  0.037  0.307  0.000  0.000  0.596  0.000  0.941
   1.65914     -7.227534  0.000  0.000  0.000  0.037  0.313  0.000  0.000  0.590  0.000  0.940
   1.62898     -7.230015  0.000  0.000  0.000  0.037  0.319  0.000  0.000  0.584  0.000  0.940
   1.59881     -7.232529  0.000  0.000  0.000  0.037  0.324  0.000  0.000  0.579  0.000  0.940
   1.56865     -7.235048  0.000  0.000  0.000  0.037  0.330  0.000  0.000  0.573  0.000  0.940
   1.53848     -7.237541  0.000  0.000  0.000  0.036  0.335  0.000  0.000  0.568  0.000  0.940
   1.50831     -7.239975  0.000  0.000  0.000  0.036  0.340  0.000  0.000  0.562  0.000  0.940
   1.47815     -7.242325  0.000  0.000  0.000  0.036  0.345  0.000  0.000  0.557  0.000  0.939
   1.44798     -7.244553  0.000  0.000  0.000  0.036  0.348  0.002  0.000  0.551  0.002  0.939
   1.41781     -7.246542  0.001  0.004  0.002  0.032  0.306  0.066  0.001  0.476  0.047  0.937
   1.38765     -7.246195  0.008  0.034  0.012  0.000  0.006  0.495  0.009  0.010  0.351  0.924
   1.35748     -7.246137  0.006  0.036  0.007  0.000  0.002  0.509  0.007  0.003  0.359  0.929
   1.32732     -7.247068  0.003  0.036  0.004  0.000  0.001  0.518  0.004  0.002  0.362  0.932
   1.29715     -7.248796  0.001  0.036  0.002  0.000  0.002  0.524  0.002  0.002  0.364  0.935
   1.26698     -7.250959  0.000  0.036  0.000  0.000  0.003  0.527  0.001  0.004  0.365  0.938
   1.23682     -7.253071  0.000  0.036  0.000  0.000  0.008  0.522  0.000  0.011  0.361  0.938
   1.20665     -7.254565  0.000  0.032  0.000  0.004  0.045  0.469  0.000  0.064  0.325  0.938
   1.17648     -7.255046  0.000  0.024  0.000  0.012  0.131  0.344  0.000  0.190  0.238  0.938
   1.17648     -7.255046  0.000  0.024  0.000  0.012  0.131  0.344  0.000  0.190  0.238  0.938
   1.14632     -7.254588  0.000  0.032  0.000  0.004  0.051  0.460  0.000  0.073  0.319  0.938
   1.11615     -7.253075  0.000  0.036  0.000  0.000  0.008  0.522  0.000  0.011  0.361  0.938
   1.08599     -7.250618  0.000  0.036  0.000  0.000  0.002  0.529  0.000  0.003  0.367  0.939
   1.05582     -7.247428  0.000  0.036  0.002  0.000  0.001  0.527  0.000  0.001  0.368  0.937
   1.02565     -7.243675  0.003  0.036  0.003  0.000  0.000  0.525  0.001  0.000  0.368  0.936
   0.99549     -7.239495  0.004  0.036  0.006  0.000  0.000  0.521  0.001  0.000  0.367  0.935
   0.96532     -7.234980  0.004  0.036  0.006  0.000  0.000  0.516  0.003  0.000  0.365  0.930
   0.93515     -7.230175  0.005  0.036  0.008  0.000  0.000  0.511  0.004  0.000  0.364  0.927
   0.90499     -7.225092  0.007  0.036  0.010  0.000  0.000  0.505  0.004  0.000  0.363  0.925
   0.87482     -7.219721  0.007  0.038  0.013  0.000  0.000  0.500  0.004  0.000  0.361  0.924
   0.84466     -7.214041  0.010  0.039  0.013  0.000  0.000  0.494  0.005  0.000  0.360  0.921
   0.81449     -7.208022  0.011  0.039  0.016  0.000  0.000  0.489  0.005  0.000  0.359  0.917
   0.78432     -7.201635  0.012  0.039  0.018  0.000  0.000  0.482  0.005  0.000  0.358  0.914
   0.75416     -7.194837  0.013  0.039  0.021  0.000  0.000  0.476  0.004  0.000  0.357  0.911
   0.72399     -7.187588  0.014  0.039  0.023  0.000  0.000  0.470  0.004  0.000  0.356  0.909
   0.69382     -7.179853  0.017  0.041  0.023  0.000  0.000  0.464  0.004  0.000  0.356  0.905
   0.66366     -7.171578  0.018  0.042  0.026  0.000  0.000  0.457  0.003  0.000  0.355  0.901
   0.63349     -7.162713  0.019  0.042  0.028  0.000  0.000  0.450  0.003  0.000  0.354  0.898
   0.60333     -7.153197  0.021  0.044  0.030  0.000  0.000  0.443  0.002  0.000  0.355  0.895
   0.57316     -7.142968  0.022  0.044  0.032  0.000  0.000  0.436  0.002  0.000  0.355  0.891
   0.54299     -7.131944  0.024  0.045  0.033  0.000  0.000  0.429  0.002  0.000  0.355  0.888
   0.51283     -7.120061  0.027  0.045  0.036  0.000  0.000  0.421  0.000  0.000  0.354  0.884
   0.48266     -7.107223  0.028  0.047  0.038  0.000  0.000  0.413  0.000  0.000  0.356  0.882
   0.45249     -7.093337  0.031  0.048  0.040  0.000  0.000  0.404  0.000  0.000  0.356  0.877
   0.42233     -7.078303  0.031  0.049  0.041  0.000  0.000  0.396  0.000  0.000  0.357  0.874
   0.39216     -7.062013  0.034  0.049  0.041  0.000  0.000  0.387  0.000  0.000  0.358  0.870
   0.36200     -7.044367  0.035  0.050  0.044  0.000  0.000  0.377  0.000  0.000  0.360  0.868
   0.33183     -7.025264  0.038  0.050  0.046  0.000  0.000  0.367  0.001  0.000  0.362  0.864
   0.30166     -7.004623  0.037  0.051  0.048  0.000  0.000  0.358  0.001  0.000  0.366  0.860
   0.27150     -6.982394  0.039  0.050  0.049  0.000  0.000  0.348  0.002  0.000  0.369  0.858
   0.24133     -6.958582  0.039  0.050  0.051  0.000  0.000  0.338  0.003  0.000  0.375  0.858
   0.21116     -6.933283  0.040  0.047  0.053  0.000  0.000  0.329  0.004  0.000  0.382  0.857
   0.18100     -6.906755  0.041  0.047  0.054  0.000  0.000  0.322  0.006  0.000  0.390  0.859
   0.15083     -6.879497  0.041  0.041  0.055  0.000  0.000  0.316  0.009  0.000  0.400  0.863
   0.12067     -6.852405  0.039  0.037  0.056  0.000  0.000  0.313  0.011  0.000  0.411  0.868
   0.09050     -6.826961  0.037  0.031  0.057  0.000  0.000  0.314  0.014  0.000  0.422  0.877
   0.06033     -6.805405  0.035  0.023  0.058  0.000  0.000  0.320  0.018  0.000  0.432  0.888
   0.03017     -6.790623  0.033  0.015  0.057  0.000  0.000  0.330  0.022  0.000  0.438  0.897
   0.00000     -6.785315  0.034  0.014  0.059  0.000  0.000  0.334  0.024  0.000  0.439  0.902
 
# Band-Index:    5
   0.00000     -6.671062  0.067  0.145  0.031  0.000  0.000  0.288  0.047  0.000  0.145  0.723
   0.03017     -6.667971  0.067  0.144  0.031  0.000  0.000  0.294  0.048  0.000  0.140  0.725
   0.06033     -6.658642  0.069  0.142  0.029  0.000  0.000  0.308  0.052  0.000  0.131  0.729
   0.09050     -6.643143  0.067  0.139  0.026  0.000  0.000  0.321  0.057  0.000  0.122  0.735
   0.12067     -6.621817  0.067  0.137  0.025  0.000  0.000  0.332  0.063  0.000  0.119  0.742
   0.15083     -6.595245  0.067  0.133  0.022  0.000  0.000  0.339  0.071  0.000  0.117  0.751
   0.18100     -6.564152  0.067  0.128  0.021  0.000  0.000  0.342  0.079  0.000  0.120  0.760
   0.21116     -6.529387  0.065  0.124  0.019  0.000  0.000  0.345  0.091  0.000  0.124  0.769
   0.24133     -6.491888  0.064  0.119  0.019  0.000  0.000  0.344  0.106  0.000  0.128  0.778
   0.27150     -6.452682  0.060  0.113  0.016  0.000  0.000  0.340  0.124  0.000  0.134  0.789
   0.30166     -6.412912  0.058  0.107  0.015  0.000  0.000  0.333  0.150  0.000  0.137  0.799
   0.33183     -6.373819  0.054  0.099  0.016  0.000  0.000  0.320  0.185  0.000  0.138  0.812
   0.36200     -6.336839  0.050  0.091  0.015  0.000  0.000  0.299  0.234  0.000  0.134  0.824
   0.39216     -6.303717  0.044  0.082  0.016  0.000  0.000  0.266  0.305  0.000  0.123  0.836
   0.42233     -6.276645  0.040  0.072  0.018  0.000  0.000  0.219  0.402  0.000  0.099  0.850
   0.45249     -6.258001  0.035  0.058  0.021  0.000  0.000  0.160  0.518  0.000  0.069  0.860
   0.48266     -6.249324  0.030  0.046  0.026  0.000  0.000  0.104  0.627  0.000  0.040  0.873
   0.51283     -6.250242  0.026  0.033  0.030  0.000  0.000  0.063  0.704  0.000  0.021  0.880
   0.54299     -6.259072  0.026  0.025  0.036  0.000  0.000  0.037  0.745  0.000  0.013  0.882
   0.57316     -6.274208  0.024  0.020  0.041  0.000  0.000  0.024  0.760  0.000  0.010  0.880
   0.60333     -6.294711  0.027  0.016  0.049  0.000  0.000  0.017  0.757  0.000  0.010  0.875
   0.63349     -6.320221  0.030  0.011  0.057  0.000  0.000  0.013  0.743  0.000  0.011  0.866
   0.66366     -6.350705  0.037  0.009  0.067  0.000  0.000  0.011  0.721  0.000  0.012  0.854
   0.69382     -6.386236  0.042  0.009  0.076  0.000  0.000  0.010  0.690  0.000  0.013  0.840
   0.72399     -6.426755  0.048  0.007  0.088  0.000  0.000  0.010  0.655  0.000  0.014  0.823
   0.75416     -6.471930  0.057  0.007  0.101  0.000  0.000  0.010  0.617  0.000  0.014  0.805
   0.78432     -6.521050  0.064  0.007  0.115  0.000  0.000  0.010  0.578  0.000  0.013  0.787
   0.81449     -6.573058  0.073  0.004  0.126  0.000  0.000  0.010  0.540  0.000  0.013  0.767
   0.84466     -6.626652  0.082  0.004  0.138  0.000  0.000  0.010  0.505  0.000  0.011  0.750
   0.87482     -6.680426  0.089  0.004  0.147  0.000  0.000  0.009  0.474  0.000  0.010  0.733
   0.90499     -6.732985  0.096  0.003  0.155  0.000  0.000  0.008  0.448  0.000  0.009  0.719
   0.93515     -6.783036  0.102  0.003  0.163  0.000  0.000  0.007  0.427  0.000  0.006  0.708
   0.96532     -6.829435  0.107  0.002  0.168  0.000  0.000  0.005  0.409  0.000  0.005  0.696
   0.99549     -6.871205  0.112  0.002  0.173  0.000  0.000  0.004  0.394  0.000  0.003  0.688
   1.02565     -6.907548  0.114  0.002  0.177  0.000  0.000  0.002  0.383  0.000  0.002  0.679
   1.05582     -6.937867  0.118  0.000  0.180  0.000  0.000  0.001  0.374  0.000  0.001  0.675
   1.08599     -6.961736  0.119  0.000  0.182  0.000  0.000  0.000  0.366  0.000  0.000  0.669
   1.11615     -6.978893  0.121  0.000  0.184  0.000  0.000  0.000  0.361  0.000  0.000  0.666
   1.14632     -6.989223  0.121  0.000  0.184  0.000  0.000  0.000  0.359  0.000  0.000  0.664
   1.17648     -6.992670  0.123  0.000  0.184  0.000  0.000  0.000  0.358  0.000  0.000  0.663
   1.17648     -6.992670  0.123  0.000  0.184  0.000  0.000  0.000  0.358  0.000  0.000  0.663
   1.20665     -6.989211  0.121  0.000  0.184  0.000  0.000  0.000  0.359  0.000  0.000  0.664
   1.23682     -6.978752  0.121  0.000  0.184  0.000  0.000  0.000  0.361  0.000  0.000  0.667
   1.26698     -6.961100  0.119  0.000  0.182  0.000  0.000  0.002  0.366  0.000  0.001  0.669
   1.29715     -6.936068  0.117  0.001  0.178  0.000  0.000  0.004  0.371  0.000  0.003  0.676
   1.32732     -6.903663  0.113  0.002  0.175  0.000  0.000  0.009  0.380  0.000  0.005  0.683
   1.35748     -6.864147  0.109  0.002  0.170  0.000  0.000  0.014  0.390  0.000  0.008  0.692
   1.38765     -6.818120  0.103  0.004  0.162  0.000  0.000  0.020  0.404  0.000  0.011  0.703
   1.41781     -6.766472  0.097  0.005  0.155  0.000  0.000  0.026  0.421  0.000  0.013  0.717
   1.44798     -6.710352  0.089  0.005  0.147  0.000  0.000  0.032  0.443  0.000  0.015  0.732
   1.47815     -6.651130  0.083  0.006  0.138  0.000  0.000  0.038  0.470  0.000  0.015  0.748
   1.50831     -6.590351  0.075  0.007  0.126  0.000  0.000  0.042  0.502  0.000  0.015  0.767
   1.53848     -6.529672  0.065  0.007  0.115  0.000  0.000  0.046  0.540  0.000  0.014  0.787
   1.56865     -6.470758  0.056  0.007  0.101  0.000  0.000  0.048  0.582  0.000  0.012  0.807
   1.59881     -6.415095  0.047  0.007  0.088  0.000  0.000  0.050  0.626  0.000  0.009  0.828
   1.62898     -6.363810  0.039  0.006  0.074  0.000  0.000  0.051  0.670  0.000  0.008  0.848
   1.65914     -6.317524  0.030  0.006  0.062  0.000  0.000  0.051  0.711  0.000  0.006  0.866
   1.68931     -6.276322  0.024  0.006  0.051  0.000  0.000  0.050  0.748  0.000  0.004  0.881
   1.71948     -6.239873  0.019  0.006  0.042  0.000  0.000  0.048  0.779  0.000  0.003  0.896
   1.74964     -6.207623  0.013  0.005  0.034  0.000  0.000  0.044  0.808  0.000  0.002  0.906
   1.77981     -6.179135  0.010  0.007  0.026  0.000  0.000  0.030  0.839  0.000  0.004  0.917
   1.80998     -6.170264  0.025  0.066  0.010  0.000  0.000  0.187  0.242  0.000  0.327  0.857
   1.84014     -6.208358  0.032  0.075  0.017  0.000  0.000  0.247  0.090  0.000  0.367  0.831
   1.87031     -6.249322  0.038  0.082  0.019  0.000  0.000  0.238  0.071  0.000  0.367  0.817
   1.90047     -6.291415  0.041  0.091  0.022  0.000  0.000  0.222  0.062  0.000  0.365  0.804
   1.93064     -6.333924  0.044  0.098  0.024  0.000  0.000  0.206  0.055  0.000  0.363  0.791
   1.96081     -6.376175  0.047  0.105  0.027  0.000  0.000  0.189  0.050  0.000  0.361  0.777
   1.99097     -6.417510  0.049  0.110  0.030  0.000  0.000  0.173  0.045  0.000  0.359  0.766
   2.02114     -6.457303  0.053  0.116  0.033  0.000  0.000  0.158  0.041  0.000  0.357  0.755
   2.05131     -6.495005  0.055  0.120  0.034  0.000  0.000  0.145  0.037  0.000  0.355  0.746
   2.08147     -6.530122  0.056  0.125  0.037  0.000  0.000  0.133  0.034  0.000  0.353  0.737
   2.11164     -6.562237  0.058  0.127  0.039  0.000  0.000  0.124  0.031  0.000  0.350  0.730
   2.14180     -6.591001  0.058  0.132  0.040  0.000  0.000  0.116  0.028  0.000  0.347  0.722
   2.17197     -6.616123  0.060  0.134  0.043  0.000  0.000  0.111  0.027  0.000  0.343  0.718
   2.20214     -6.637324  0.060  0.136  0.044  0.000  0.000  0.110  0.026  0.000  0.335  0.712
   2.23230     -6.654290  0.062  0.140  0.045  0.000  0.000  0.115  0.025  0.000  0.323  0.708
   2.26247     -6.666523  0.064  0.143  0.042  0.000  0.000  0.129  0.026  0.000  0.300  0.705
   2.29264     -6.673111  0.064  0.145  0.039  0.000  0.000  0.165  0.031  0.000  0.256  0.705
   2.32280     -6.673221  0.066  0.147  0.034  0.000  0.000  0.237  0.041  0.000  0.187  0.712
   2.35297     -6.671062  0.067  0.145  0.031  0.000  0.000  0.288  0.047  0.000  0.145  0.723
 
# Band-Index:    6
   2.35297     -6.344196  0.090  0.207  0.063  0.000  0.000  0.074  0.019  0.000  0.157  0.611
   2.32280     -6.317081  0.087  0.198  0.061  0.000  0.000  0.099  0.025  0.000  0.157  0.626
   2.29264     -6.248664  0.082  0.182  0.058  0.000  0.000  0.140  0.041  0.000  0.155  0.658
   2.26247     -6.158908  0.074  0.165  0.057  0.000  0.000  0.163  0.070  0.000  0.158  0.685
   2.23230     -6.062401  0.062  0.143  0.054  0.000  0.000  0.148  0.154  0.000  0.157  0.719
   2.20214     -5.984974  0.027  0.081  0.042  0.000  0.000  0.046  0.515  0.000  0.109  0.819
   2.17197     -5.966042  0.004  0.022  0.021  0.000  0.000  0.039  0.783  0.000  0.045  0.915
   2.14180     -5.969909  0.001  0.010  0.015  0.000  0.000  0.058  0.816  0.000  0.030  0.932
   2.11164     -5.978947  0.001  0.008  0.015  0.000  0.000  0.066  0.823  0.000  0.023  0.936
   2.08147     -5.990341  0.003  0.006  0.014  0.000  0.000  0.068  0.826  0.000  0.020  0.938
   2.05131     -6.003340  0.002  0.006  0.014  0.000  0.000  0.069  0.830  0.000  0.018  0.939
   2.02114     -6.017647  0.002  0.004  0.015  0.000  0.000  0.069  0.831  0.000  0.015  0.937
   1.99097     -6.033126  0.003  0.004  0.015  0.000  0.000  0.069  0.832  0.000  0.013  0.936
   1.96081     -6.049721  0.003  0.004  0.017  0.000  0.000  0.067  0.832  0.000  0.012  0.935
   1.93064     -6.067438  0.003  0.004  0.018  0.000  0.000  0.067  0.831  0.000  0.010  0.934
   1.90047     -6.086345  0.004  0.004  0.020  0.000  0.000  0.067  0.827  0.000  0.009  0.931
   1.87031     -6.106560  0.006  0.002  0.022  0.000  0.000  0.069  0.819  0.000  0.009  0.927
   1.84014     -6.128227  0.008  0.002  0.025  0.000  0.000  0.077  0.799  0.000  0.010  0.922
   1.80998     -6.150491  0.014  0.005  0.034  0.000  0.000  0.154  0.645  0.000  0.052  0.904
   1.77981     -6.130173  0.030  0.058  0.019  0.000  0.000  0.327  0.040  0.000  0.376  0.849
   1.74964     -6.095557  0.025  0.053  0.017  0.000  0.000  0.326  0.062  0.000  0.379  0.862
   1.71948     -6.063422  0.023  0.047  0.017  0.000  0.000  0.332  0.075  0.000  0.378  0.871
   1.68931     -6.034221  0.022  0.040  0.014  0.000  0.000  0.338  0.090  0.000  0.375  0.879
   1.65914     -6.008195  0.019  0.035  0.016  0.000  0.000  0.339  0.108  0.000  0.367  0.887
   1.62898     -5.985600  0.019  0.030  0.018  0.000  0.000  0.335  0.136  0.000  0.354  0.890
   1.59881     -5.966932  0.021  0.026  0.021  0.000  0.000  0.318  0.180  0.000  0.326  0.892
   1.56865     -5.953197  0.023  0.022  0.027  0.000  0.000  0.282  0.257  0.000  0.277  0.888
   1.53848     -5.946305  0.029  0.018  0.037  0.000  0.000  0.217  0.383  0.000  0.197  0.879
   1.50831     -5.948161  0.032  0.011  0.045  0.000  0.000  0.129  0.542  0.000  0.105  0.868
   1.47815     -5.957484  0.035  0.009  0.049  0.000  0.000  0.063  0.665  0.000  0.043  0.864
   1.44798     -5.970122  0.035  0.006  0.049  0.000  0.000  0.028  0.735  0.000  0.016  0.867
   1.41781     -5.982952  0.031  0.003  0.045  0.000  0.000  0.013  0.771  0.000  0.006  0.871
   1.38765     -5.994609  0.030  0.003  0.043  0.000  0.000  0.006  0.794  0.000  0.002  0.876
   1.35748     -6.004646  0.029  0.001  0.039  0.000  0.000  0.003  0.809  0.000  0.001  0.880
   1.32732     -6.012974  0.028  0.000  0.036  0.000  0.000  0.001  0.818  0.000  0.000  0.884
   1.29715     -6.019640  0.024  0.000  0.034  0.000  0.000  0.000  0.825  0.000  0.000  0.888
   1.26698     -6.024718  0.024  0.000  0.032  0.000  0.000  0.000  0.831  0.000  0.000  0.889
   1.23682     -6.028285  0.024  0.000  0.032  0.000  0.000  0.000  0.834  0.000  0.000  0.890
   1.20665     -6.030401  0.023  0.000  0.032  0.000  0.000  0.000  0.835  0.000  0.000  0.891
   1.17648     -6.031104  0.023  0.000  0.031  0.000  0.000  0.000  0.837  0.000  0.000  0.892
   1.17648     -6.031104  0.023  0.000  0.031  0.000  0.000  0.000  0.837  0.000  0.000  0.892
   1.14632     -6.030401  0.023  0.000  0.032  0.000  0.000  0.000  0.835  0.000  0.000  0.891
   1.11615     -6.028278  0.024  0.000  0.032  0.000  0.000  0.000  0.834  0.000  0.000  0.890
   1.08599     -6.024678  0.024  0.000  0.032  0.000  0.000  0.000  0.831  0.000  0.000  0.889
   1.05582     -6.019506  0.024  0.000  0.034  0.000  0.000  0.000  0.826  0.000  0.000  0.887
   1.02565     -6.012624  0.028  0.000  0.036  0.000  0.000  0.000  0.820  0.000  0.000  0.885
   0.99549     -6.003841  0.029  0.001  0.039  0.000  0.000  0.000  0.811  0.000  0.001  0.880
   0.96532     -5.992918  0.030  0.003  0.043  0.000  0.000  0.000  0.801  0.000  0.001  0.876
   0.93515     -5.979563  0.033  0.003  0.047  0.000  0.000  0.000  0.787  0.000  0.003  0.870
   0.90499     -5.963444  0.034  0.004  0.051  0.000  0.000  0.000  0.769  0.000  0.005  0.864
   0.87482     -5.944284  0.039  0.004  0.056  0.000  0.000  0.002  0.745  0.000  0.013  0.857
   0.84466     -5.922273  0.040  0.006  0.060  0.000  0.000  0.011  0.696  0.000  0.038  0.852
   0.81449     -5.901521  0.032  0.012  0.048  0.000  0.000  0.105  0.486  0.000  0.185  0.868
   0.78432     -5.899366  0.012  0.015  0.013  0.000  0.000  0.329  0.111  0.000  0.439  0.916
   0.75416     -5.910014  0.007  0.014  0.004  0.000  0.000  0.386  0.034  0.000  0.479  0.925
   0.72399     -5.924015  0.006  0.017  0.002  0.000  0.000  0.402  0.017  0.000  0.481  0.925
   0.69382     -5.939921  0.006  0.019  0.002  0.000  0.000  0.410  0.010  0.000  0.475  0.923
   0.66366     -5.957414  0.008  0.019  0.002  0.000  0.000  0.413  0.008  0.000  0.468  0.919
   0.63349     -5.976348  0.009  0.021  0.002  0.000  0.000  0.416  0.009  0.000  0.457  0.916
   0.60333     -5.996526  0.009  0.023  0.002  0.000  0.000  0.416  0.014  0.000  0.446  0.912
   0.57316     -6.017575  0.010  0.025  0.004  0.000  0.000  0.411  0.024  0.000  0.432  0.907
   0.54299     -6.038783  0.013  0.025  0.006  0.000  0.000  0.399  0.047  0.000  0.415  0.904
   0.51283     -6.058878  0.012  0.022  0.008  0.000  0.000  0.378  0.090  0.000  0.391  0.901
   0.48266     -6.075966  0.012  0.018  0.010  0.000  0.000  0.338  0.165  0.000  0.357  0.902
   0.45249     -6.088102  0.012  0.014  0.014  0.000  0.000  0.282  0.269  0.000  0.313  0.903
   0.42233     -6.094666  0.011  0.010  0.019  0.000  0.000  0.223  0.374  0.000  0.268  0.905
   0.39216     -6.096964  0.012  0.010  0.022  0.000  0.000  0.174  0.455  0.000  0.233  0.904
   0.36200     -6.097180  0.013  0.013  0.024  0.000  0.000  0.139  0.503  0.000  0.210  0.899
   0.33183     -6.097401  0.015  0.018  0.027  0.000  0.000  0.114  0.520  0.000  0.200  0.890
   0.30166     -6.099475  0.018  0.026  0.030  0.000  0.000  0.095  0.510  0.000  0.199  0.877
   0.27150     -6.105288  0.022  0.040  0.035  0.000  0.000  0.080  0.474  0.000  0.207  0.856
   0.24133     -6.116945  0.030  0.058  0.041  0.000  0.000  0.067  0.411  0.000  0.222  0.828
   0.21116     -6.136510  0.041  0.081  0.047  0.000  0.000  0.057  0.325  0.000  0.238  0.789
   0.18100     -6.164986  0.051  0.110  0.053  0.000  0.000  0.053  0.232  0.000  0.249  0.748
   0.15083     -6.201037  0.061  0.137  0.058  0.000  0.000  0.053  0.151  0.000  0.247  0.707
   0.12067     -6.241016  0.070  0.158  0.061  0.000  0.000  0.058  0.094  0.000  0.232  0.675
   0.09050     -6.280151  0.078  0.178  0.063  0.000  0.000  0.063  0.056  0.000  0.210  0.649
   0.06033     -6.313454  0.085  0.193  0.063  0.000  0.000  0.069  0.034  0.000  0.185  0.630
   0.03017     -6.336113  0.088  0.204  0.063  0.000  0.000  0.072  0.022  0.000  0.165  0.615
   0.00000     -6.344196  0.090  0.207  0.063  0.000  0.000  0.074  0.019  0.000  0.157  0.611
 
# Band-Index:    7
   0.00000     -5.917492  0.006  0.005  0.008  0.000  0.000  0.147  0.763  0.000  0.021  0.949
   0.03017     -5.916607  0.006  0.005  0.008  0.000  0.000  0.148  0.759  0.000  0.022  0.949
   0.06033     -5.913722  0.007  0.009  0.008  0.000  0.000  0.149  0.747  0.000  0.023  0.943
   0.09050     -5.908103  0.010  0.013  0.011  0.000  0.000  0.149  0.724  0.000  0.029  0.935
   0.12067     -5.898393  0.012  0.023  0.011  0.000  0.000  0.151  0.686  0.000  0.040  0.922
   0.15083     -5.882533  0.017  0.034  0.014  0.000  0.000  0.151  0.624  0.000  0.060  0.902
   0.18100     -5.858064  0.024  0.052  0.019  0.000  0.000  0.148  0.537  0.000  0.093  0.874
   0.21116     -5.823221  0.031  0.069  0.026  0.000  0.000  0.143  0.435  0.000  0.140  0.843
   0.24133     -5.778302  0.037  0.082  0.032  0.000  0.000  0.134  0.336  0.000  0.195  0.817
   0.27150     -5.725782  0.038  0.090  0.037  0.000  0.000  0.127  0.256  0.000  0.251  0.800
   0.30166     -5.669117  0.041  0.090  0.040  0.000  0.000  0.121  0.197  0.000  0.303  0.792
   0.33183     -5.646629  0.000  0.000  0.000  0.007  0.714  0.000  0.000  0.245  0.000  0.966
   0.36200     -5.655812  0.000  0.000  0.000  0.007  0.707  0.000  0.000  0.250  0.000  0.964
   0.39216     -5.665292  0.000  0.000  0.000  0.008  0.700  0.000  0.000  0.255  0.000  0.963
   0.42233     -5.674972  0.000  0.000  0.000  0.008  0.693  0.000  0.000  0.261  0.000  0.961
   0.45249     -5.684754  0.000  0.000  0.000  0.010  0.685  0.000  0.000  0.268  0.000  0.962
   0.48266     -5.694547  0.000  0.000  0.000  0.010  0.677  0.000  0.000  0.274  0.000  0.960
   0.51283     -5.704262  0.000  0.000  0.000  0.010  0.669  0.000  0.000  0.280  0.000  0.959
   0.54299     -5.713813  0.000  0.000  0.000  0.010  0.661  0.000  0.000  0.288  0.000  0.958
   0.57316     -5.723123  0.000  0.000  0.000  0.010  0.651  0.000  0.000  0.295  0.000  0.956
   0.60333     -5.732119  0.000  0.000  0.000  0.010  0.643  0.000  0.000  0.303  0.000  0.956
   0.63349     -5.740739  0.000  0.000  0.000  0.010  0.635  0.000  0.000  0.311  0.000  0.955
   0.66366     -5.748930  0.000  0.000  0.000  0.010  0.626  0.000  0.000  0.319  0.000  0.954
   0.69382     -5.756646  0.000  0.000  0.000  0.010  0.618  0.000  0.000  0.327  0.000  0.954
   0.72399     -5.771788  0.055  0.007  0.094  0.000  0.000  0.033  0.611  0.000  0.015  0.816
   0.75416     -5.814419  0.050  0.006  0.085  0.000  0.000  0.046  0.620  0.000  0.020  0.827
   0.78432     -5.849861  0.041  0.004  0.068  0.000  0.000  0.100  0.571  0.000  0.064  0.850
   0.81449     -5.868510  0.016  0.004  0.025  0.000  0.000  0.322  0.222  0.000  0.322  0.909
   0.84466     -5.864787  0.004  0.007  0.004  0.000  0.000  0.413  0.037  0.000  0.474  0.937
   0.87482     -5.856443  0.002  0.006  0.002  0.000  0.000  0.419  0.010  0.000  0.504  0.941
   0.90499     -5.848090  0.000  0.006  0.000  0.000  0.000  0.418  0.004  0.000  0.515  0.946
   0.93515     -5.840427  0.000  0.006  0.000  0.000  0.000  0.416  0.002  0.000  0.522  0.946
   0.96532     -5.833619  0.000  0.004  0.000  0.000  0.000  0.415  0.000  0.000  0.527  0.948
   0.99549     -5.827710  0.000  0.004  0.000  0.000  0.000  0.412  0.000  0.000  0.531  0.948
   1.02565     -5.822716  0.000  0.004  0.000  0.000  0.000  0.411  0.000  0.000  0.534  0.950
   1.05582     -5.818635  0.000  0.004  0.000  0.000  0.000  0.410  0.000  0.000  0.536  0.951
   1.08599     -5.815465  0.000  0.004  0.000  0.000  0.000  0.410  0.000  0.000  0.537  0.951
   1.11615     -5.813204  0.000  0.004  0.000  0.000  0.000  0.409  0.000  0.000  0.539  0.952
   1.14632     -5.811848  0.000  0.004  0.000  0.000  0.000  0.409  0.000  0.000  0.539  0.952
   1.17648     -5.811404  0.000  0.002  0.000  0.002  0.171  0.279  0.000  0.129  0.369  0.953
   1.17648     -5.811404  0.000  0.002  0.000  0.002  0.171  0.279  0.000  0.129  0.369  0.953
   1.20665     -5.811892  0.000  0.004  0.000  0.000  0.000  0.409  0.000  0.000  0.539  0.952
   1.23682     -5.813373  0.000  0.004  0.000  0.000  0.000  0.409  0.000  0.000  0.540  0.952
   1.26698     -5.815832  0.000  0.004  0.000  0.000  0.000  0.409  0.000  0.000  0.539  0.952
   1.29715     -5.819253  0.000  0.004  0.000  0.000  0.000  0.409  0.000  0.000  0.537  0.950
   1.32732     -5.823593  0.000  0.004  0.000  0.000  0.000  0.408  0.001  0.000  0.535  0.948
   1.35748     -5.828772  0.000  0.004  0.000  0.000  0.000  0.406  0.003  0.000  0.533  0.949
   1.38765     -5.834621  0.000  0.006  0.000  0.000  0.000  0.402  0.007  0.000  0.530  0.946
   1.41781     -5.840781  0.000  0.006  0.002  0.000  0.000  0.395  0.016  0.000  0.525  0.944
   1.44798     -5.846458  0.002  0.006  0.004  0.000  0.000  0.378  0.036  0.000  0.514  0.940
   1.47815     -5.849868  0.005  0.006  0.008  0.000  0.000  0.341  0.085  0.000  0.485  0.931
   1.50831     -5.847411  0.011  0.005  0.019  0.000  0.000  0.272  0.184  0.000  0.423  0.916
   1.53848     -5.834456  0.020  0.006  0.036  0.000  0.000  0.182  0.316  0.000  0.330  0.890
   1.56865     -5.809322  0.031  0.005  0.054  0.000  0.000  0.111  0.415  0.000  0.250  0.865
   1.59881     -5.773779  0.039  0.006  0.069  0.000  0.000  0.070  0.462  0.000  0.200  0.847
   1.62898     -5.760253  0.000  0.000  0.000  0.007  0.602  0.000  0.000  0.347  0.000  0.954
   1.65914     -5.753167  0.000  0.000  0.000  0.007  0.609  0.000  0.000  0.338  0.000  0.954
   1.68931     -5.745654  0.000  0.000  0.000  0.007  0.617  0.000  0.000  0.331  0.000  0.954
   1.71948     -5.737743  0.000  0.000  0.000  0.009  0.625  0.000  0.000  0.323  0.000  0.957
   1.74964     -5.729464  0.000  0.000  0.000  0.009  0.633  0.000  0.000  0.316  0.000  0.957
   1.77981     -5.720852  0.000  0.000  0.000  0.009  0.642  0.000  0.000  0.307  0.000  0.959
   1.80998     -5.711957  0.000  0.000  0.000  0.009  0.651  0.000  0.000  0.300  0.000  0.959
   1.84014     -5.702829  0.000  0.000  0.000  0.009  0.659  0.000  0.000  0.293  0.000  0.960
   1.87031     -5.693525  0.000  0.000  0.000  0.009  0.668  0.000  0.000  0.285  0.000  0.961
   1.90047     -5.684116  0.000  0.000  0.000  0.007  0.676  0.000  0.000  0.278  0.000  0.960
   1.93064     -5.674675  0.000  0.000  0.000  0.007  0.685  0.000  0.000  0.270  0.000  0.961
   1.96081     -5.665285  0.000  0.000  0.000  0.007  0.692  0.000  0.000  0.264  0.000  0.963
   1.99097     -5.656035  0.000  0.000  0.000  0.007  0.700  0.000  0.000  0.257  0.000  0.964
   2.02114     -5.647016  0.000  0.000  0.000  0.007  0.708  0.000  0.000  0.251  0.000  0.966
   2.05131     -5.638330  0.000  0.000  0.000  0.006  0.715  0.000  0.000  0.245  0.000  0.967
   2.08147     -5.630074  0.000  0.000  0.000  0.004  0.722  0.000  0.000  0.240  0.000  0.967
   2.11164     -5.627639  0.052  0.103  0.041  0.000  0.000  0.355  0.035  0.000  0.204  0.790
   2.14180     -5.721337  0.059  0.113  0.040  0.000  0.000  0.353  0.030  0.000  0.181  0.777
   2.17197     -5.818470  0.063  0.113  0.038  0.000  0.000  0.359  0.052  0.000  0.153  0.776
   2.20214     -5.898109  0.045  0.066  0.019  0.000  0.000  0.335  0.310  0.000  0.078  0.852
   2.23230     -5.920838  0.014  0.014  0.007  0.000  0.000  0.211  0.661  0.000  0.025  0.935
   2.26247     -5.921594  0.009  0.007  0.007  0.000  0.000  0.168  0.735  0.000  0.020  0.947
   2.29264     -5.919678  0.006  0.005  0.007  0.000  0.000  0.154  0.754  0.000  0.020  0.949
   2.32280     -5.918078  0.006  0.005  0.008  0.000  0.000  0.149  0.761  0.000  0.020  0.948
   2.35297     -5.917492  0.006  0.005  0.008  0.000  0.000  0.147  0.763  0.000  0.021  0.949
 
# Band-Index:    8
   2.35297     -5.590058  0.000  0.000  0.000  0.003  0.753  0.000  0.000  0.217  0.000  0.973
   2.32280     -5.590605  0.000  0.000  0.000  0.003  0.753  0.000  0.000  0.217  0.000  0.973
   2.29264     -5.592239  0.000  0.000  0.000  0.003  0.752  0.000  0.000  0.218  0.000  0.973
   2.26247     -5.594931  0.000  0.000  0.000  0.003  0.750  0.000  0.000  0.219  0.000  0.972
   2.23230     -5.598639  0.000  0.000  0.000  0.002  0.747  0.000  0.000  0.222  0.000  0.971
   2.20214     -5.603309  0.000  0.000  0.000  0.004  0.743  0.000  0.000  0.224  0.000  0.972
   2.17197     -5.608873  0.000  0.000  0.000  0.004  0.738  0.000  0.000  0.227  0.000  0.971
   2.14180     -5.615247  0.000  0.000  0.000  0.004  0.734  0.000  0.000  0.231  0.000  0.970
   2.11164     -5.622347  0.000  0.000  0.000  0.004  0.728  0.000  0.000  0.235  0.000  0.968
   2.08147     -5.542946  0.048  0.091  0.041  0.000  0.000  0.354  0.043  0.000  0.228  0.806
   2.05131     -5.469925  0.044  0.081  0.040  0.000  0.000  0.348  0.056  0.000  0.250  0.818
   2.02114     -5.409820  0.040  0.072  0.041  0.000  0.000  0.333  0.073  0.000  0.268  0.829
   1.99097     -5.363074  0.037  0.067  0.045  0.000  0.000  0.306  0.101  0.000  0.278  0.836
   1.96081     -5.330243  0.037  0.063  0.048  0.000  0.000  0.266  0.149  0.000  0.274  0.839
   1.93064     -5.312838  0.039  0.059  0.057  0.000  0.000  0.210  0.222  0.000  0.251  0.838
   1.90047     -5.312882  0.040  0.051  0.065  0.000  0.000  0.148  0.314  0.000  0.215  0.835
   1.87031     -5.330513  0.043  0.042  0.074  0.000  0.000  0.096  0.394  0.000  0.181  0.830
   1.84014     -5.362835  0.044  0.035  0.082  0.000  0.000  0.062  0.444  0.000  0.160  0.827
   1.80998     -5.405898  0.046  0.028  0.088  0.000  0.000  0.042  0.469  0.000  0.148  0.822
   1.77981     -5.456303  0.048  0.023  0.092  0.000  0.000  0.033  0.477  0.000  0.144  0.817
   1.74964     -5.511287  0.050  0.020  0.094  0.000  0.000  0.028  0.480  0.000  0.142  0.815
   1.71948     -5.568416  0.051  0.017  0.095  0.000  0.000  0.027  0.480  0.000  0.144  0.814
   1.68931     -5.625368  0.050  0.014  0.093  0.000  0.000  0.029  0.481  0.000  0.149  0.816
   1.65914     -5.679929  0.048  0.010  0.088  0.000  0.000  0.036  0.481  0.000  0.157  0.822
   1.62898     -5.730024  0.043  0.009  0.080  0.000  0.000  0.048  0.478  0.000  0.172  0.832
   1.59881     -5.766901  0.000  0.000  0.000  0.007  0.593  0.000  0.000  0.354  0.000  0.954
   1.56865     -5.773098  0.000  0.000  0.000  0.006  0.587  0.000  0.000  0.360  0.000  0.954
   1.53848     -5.778827  0.000  0.000  0.000  0.006  0.580  0.000  0.000  0.367  0.000  0.954
   1.50831     -5.784089  0.000  0.000  0.000  0.006  0.575  0.000  0.000  0.373  0.000  0.954
   1.47815     -5.788882  0.000  0.000  0.000  0.006  0.568  0.000  0.000  0.379  0.000  0.954
   1.44798     -5.793203  0.000  0.000  0.000  0.004  0.563  0.000  0.000  0.384  0.000  0.951
   1.41781     -5.797052  0.000  0.000  0.000  0.004  0.559  0.000  0.000  0.390  0.000  0.952
   1.38765     -5.800438  0.000  0.000  0.000  0.004  0.554  0.000  0.000  0.394  0.000  0.952
   1.35748     -5.803360  0.000  0.000  0.000  0.004  0.551  0.000  0.000  0.398  0.000  0.952
   1.32732     -5.805825  0.000  0.000  0.000  0.004  0.547  0.000  0.000  0.401  0.000  0.952
   1.29715     -5.807833  0.000  0.000  0.000  0.004  0.545  0.000  0.000  0.404  0.000  0.952
   1.26698     -5.809391  0.000  0.000  0.000  0.004  0.543  0.000  0.000  0.406  0.000  0.953
   1.23682     -5.810502  0.000  0.000  0.000  0.004  0.541  0.000  0.000  0.407  0.000  0.953
   1.20665     -5.811168  0.000  0.000  0.000  0.004  0.540  0.000  0.000  0.408  0.000  0.953
   1.17648     -5.811386  0.000  0.002  0.000  0.002  0.368  0.130  0.000  0.279  0.171  0.952
   1.17648     -5.811386  0.000  0.002  0.000  0.002  0.368  0.130  0.000  0.279  0.171  0.952
   1.14632     -5.811212  0.000  0.000  0.000  0.004  0.540  0.000  0.000  0.408  0.000  0.952
   1.11615     -5.810674  0.000  0.000  0.000  0.004  0.541  0.000  0.000  0.407  0.000  0.952
   1.08599     -5.809769  0.000  0.000  0.000  0.004  0.543  0.000  0.000  0.405  0.000  0.952
   1.05582     -5.808486  0.000  0.000  0.000  0.004  0.546  0.000  0.000  0.403  0.000  0.952
   1.02565     -5.806808  0.000  0.000  0.000  0.004  0.549  0.000  0.000  0.399  0.000  0.951
   0.99549     -5.804716  0.000  0.000  0.000  0.004  0.553  0.000  0.000  0.395  0.000  0.951
   0.96532     -5.802189  0.000  0.000  0.000  0.004  0.557  0.000  0.000  0.390  0.000  0.951
   0.93515     -5.799203  0.000  0.000  0.000  0.006  0.561  0.000  0.000  0.385  0.000  0.952
   0.90499     -5.795736  0.000  0.000  0.000  0.006  0.567  0.000  0.000  0.378  0.000  0.953
   0.87482     -5.791765  0.000  0.000  0.000  0.006  0.573  0.000  0.000  0.372  0.000  0.952
   0.84466     -5.787272  0.000  0.000  0.000  0.006  0.579  0.000  0.000  0.366  0.000  0.952
   0.81449     -5.782240  0.000  0.000  0.000  0.006  0.587  0.000  0.000  0.358  0.000  0.951
   0.78432     -5.776662  0.000  0.000  0.000  0.006  0.594  0.000  0.000  0.351  0.000  0.951
   0.75416     -5.770530  0.000  0.000  0.000  0.008  0.601  0.000  0.000  0.343  0.000  0.953
   0.72399     -5.763851  0.000  0.000  0.000  0.008  0.610  0.000  0.000  0.335  0.000  0.953
   0.69382     -5.724070  0.057  0.008  0.100  0.000  0.000  0.027  0.595  0.000  0.018  0.808
   0.66366     -5.672762  0.059  0.008  0.105  0.000  0.000  0.025  0.577  0.000  0.028  0.802
   0.63349     -5.619711  0.061  0.008  0.107  0.000  0.000  0.025  0.559  0.000  0.041  0.802
   0.60333     -5.567238  0.058  0.010  0.106  0.000  0.000  0.027  0.539  0.000  0.063  0.802
   0.57316     -5.518267  0.058  0.011  0.102  0.000  0.000  0.030  0.511  0.000  0.097  0.807
   0.54299     -5.476534  0.055  0.011  0.095  0.000  0.000  0.037  0.465  0.000  0.147  0.811
   0.51283     -5.446799  0.053  0.017  0.084  0.000  0.000  0.052  0.394  0.000  0.217  0.816
   0.48266     -5.434205  0.049  0.025  0.072  0.000  0.000  0.071  0.300  0.000  0.300  0.818
   0.45249     -5.441695  0.046  0.038  0.061  0.000  0.000  0.091  0.211  0.000  0.369  0.814
   0.42233     -5.467663  0.043  0.054  0.052  0.000  0.000  0.104  0.153  0.000  0.403  0.810
   0.39216     -5.507566  0.043  0.067  0.048  0.000  0.000  0.111  0.131  0.000  0.405  0.802
   0.36200     -5.556829  0.041  0.078  0.044  0.000  0.000  0.115  0.134  0.000  0.383  0.795
   0.33183     -5.611739  0.041  0.085  0.042  0.000  0.000  0.117  0.157  0.000  0.348  0.793
   0.30166     -5.637840  0.000  0.000  0.000  0.007  0.720  0.000  0.000  0.239  0.000  0.968
   0.27150     -5.629540  0.000  0.000  0.000  0.005  0.726  0.000  0.000  0.235  0.000  0.967
   0.24133     -5.621821  0.000  0.000  0.000  0.005  0.732  0.000  0.000  0.231  0.000  0.969
   0.21116     -5.614768  0.000  0.000  0.000  0.005  0.737  0.000  0.000  0.228  0.000  0.969
   0.18100     -5.608469  0.000  0.000  0.000  0.005  0.741  0.000  0.000  0.225  0.000  0.971
   0.15083     -5.602997  0.000  0.000  0.000  0.005  0.744  0.000  0.000  0.223  0.000  0.972
   0.12067     -5.598422  0.000  0.000  0.000  0.003  0.748  0.000  0.000  0.221  0.000  0.971
   0.09050     -5.594800  0.000  0.000  0.000  0.003  0.750  0.000  0.000  0.219  0.000  0.972
   0.06033     -5.592177  0.000  0.000  0.000  0.003  0.752  0.000  0.000  0.218  0.000  0.973
   0.03017     -5.590590  0.000  0.000  0.000  0.003  0.753  0.000  0.000  0.217  0.000  0.973
   0.00000     -5.590058  0.000  0.000  0.000  0.003  0.753  0.000  0.000  0.217  0.000  0.973
 
# Band-Index:    9
   0.00000     -5.029248  0.004  0.010  0.025  0.000  0.000  0.034  0.716  0.000  0.129  0.921
   0.03017     -5.029163  0.004  0.010  0.025  0.000  0.000  0.034  0.718  0.000  0.128  0.920
   0.06033     -5.028949  0.004  0.010  0.025  0.000  0.000  0.032  0.722  0.000  0.125  0.920
   0.09050     -5.028719  0.005  0.012  0.027  0.000  0.000  0.029  0.729  0.000  0.117  0.919
   0.12067     -5.028667  0.004  0.012  0.027  0.000  0.000  0.026  0.739  0.000  0.109  0.919
   0.15083     -5.029067  0.005  0.013  0.029  0.000  0.000  0.021  0.751  0.000  0.098  0.917
   0.18100     -5.030270  0.005  0.015  0.029  0.000  0.000  0.017  0.764  0.000  0.084  0.916
   0.21116     -5.032686  0.006  0.015  0.031  0.000  0.000  0.012  0.776  0.000  0.071  0.914
   0.24133     -5.036783  0.009  0.018  0.034  0.000  0.000  0.008  0.788  0.000  0.055  0.911
   0.27150     -5.043029  0.009  0.020  0.039  0.000  0.000  0.005  0.797  0.000  0.040  0.908
   0.30166     -5.051818  0.010  0.021  0.041  0.000  0.000  0.003  0.801  0.000  0.026  0.902
   0.33183     -5.063355  0.010  0.026  0.045  0.000  0.000  0.004  0.797  0.000  0.016  0.897
   0.36200     -5.077427  0.011  0.029  0.047  0.000  0.000  0.008  0.782  0.000  0.013  0.891
   0.39216     -5.093056  0.012  0.035  0.049  0.000  0.000  0.017  0.750  0.000  0.022  0.884
   0.42233     -5.108021  0.010  0.040  0.050  0.000  0.000  0.032  0.690  0.000  0.053  0.876
   0.45249     -5.118531  0.009  0.047  0.047  0.000  0.000  0.058  0.596  0.000  0.114  0.870
   0.48266     -5.120175  0.007  0.053  0.039  0.000  0.000  0.092  0.469  0.000  0.208  0.869
   0.51283     -5.110874  0.005  0.055  0.031  0.000  0.000  0.126  0.340  0.000  0.315  0.873
   0.54299     -5.092591  0.003  0.055  0.024  0.000  0.000  0.154  0.235  0.000  0.406  0.877
   0.57316     -5.069093  0.004  0.049  0.018  0.000  0.000  0.176  0.162  0.000  0.475  0.884
   0.60333     -5.043440  0.004  0.044  0.014  0.000  0.000  0.192  0.112  0.000  0.524  0.891
   0.63349     -5.017516  0.004  0.039  0.012  0.000  0.000  0.206  0.079  0.000  0.559  0.897
   0.66366     -4.992317  0.003  0.035  0.010  0.000  0.000  0.216  0.056  0.000  0.585  0.904
   0.69382     -4.968360  0.002  0.030  0.009  0.000  0.000  0.226  0.040  0.000  0.606  0.911
   0.72399     -4.945869  0.000  0.026  0.007  0.000  0.000  0.232  0.028  0.000  0.620  0.917
   0.75416     -4.924948  0.000  0.024  0.005  0.000  0.000  0.239  0.019  0.000  0.632  0.921
   0.78432     -4.905614  0.000  0.020  0.005  0.000  0.000  0.244  0.014  0.000  0.641  0.927
   0.81449     -4.887848  0.000  0.017  0.005  0.000  0.000  0.250  0.009  0.000  0.647  0.929
   0.84466     -4.871627  0.000  0.017  0.002  0.000  0.000  0.253  0.006  0.000  0.653  0.932
   0.87482     -4.856918  0.000  0.015  0.002  0.000  0.000  0.257  0.004  0.000  0.657  0.936
   0.90499     -4.843688  0.000  0.013  0.002  0.000  0.000  0.259  0.003  0.000  0.660  0.938
   0.93515     -4.831911  0.000  0.012  0.002  0.000  0.000  0.262  0.002  0.000  0.663  0.942
   0.96532     -4.821564  0.000  0.010  0.000  0.000  0.000  0.265  0.001  0.000  0.665  0.943
   0.99549     -4.812628  0.000  0.010  0.000  0.000  0.000  0.267  0.000  0.000  0.666  0.946
   1.02565     -4.805087  0.000  0.010  0.000  0.000  0.000  0.268  0.000  0.000  0.667  0.946
   1.05582     -4.798929  0.000  0.010  0.000  0.000  0.000  0.269  0.000  0.000  0.669  0.948
   1.08599     -4.794142  0.000  0.008  0.000  0.000  0.000  0.270  0.000  0.000  0.669  0.949
   1.11615     -4.790732  0.000  0.008  0.000  0.000  0.000  0.271  0.000  0.000  0.670  0.948
   1.14632     -4.788689  0.000  0.008  0.000  0.000  0.001  0.271  0.000  0.000  0.670  0.949
   1.17648     -4.788041  0.000  0.004  0.000  0.004  0.375  0.120  0.000  0.151  0.296  0.950
   1.17648     -4.788041  0.000  0.004  0.000  0.004  0.375  0.120  0.000  0.151  0.296  0.950
   1.20665     -4.788637  0.000  0.008  0.000  0.000  0.001  0.271  0.000  0.000  0.669  0.949
   1.23682     -4.790536  0.000  0.008  0.000  0.000  0.000  0.270  0.000  0.000  0.670  0.948
   1.26698     -4.793702  0.000  0.010  0.000  0.000  0.000  0.271  0.000  0.000  0.669  0.950
   1.29715     -4.798155  0.000  0.010  0.000  0.000  0.000  0.270  0.000  0.000  0.668  0.947
   1.32732     -4.803892  0.000  0.010  0.000  0.000  0.000  0.269  0.000  0.000  0.666  0.946
   1.35748     -4.810929  0.000  0.010  0.000  0.000  0.000  0.268  0.000  0.000  0.665  0.946
   1.38765     -4.819282  0.000  0.012  0.002  0.000  0.000  0.267  0.000  0.000  0.663  0.942
   1.41781     -4.828953  0.000  0.012  0.002  0.000  0.000  0.267  0.000  0.000  0.660  0.941
   1.44798     -4.839965  0.000  0.014  0.002  0.000  0.000  0.266  0.000  0.000  0.657  0.940
   1.47815     -4.852311  0.000  0.015  0.002  0.000  0.000  0.264  0.001  0.000  0.653  0.937
   1.50831     -4.865982  0.000  0.017  0.002  0.000  0.000  0.264  0.001  0.000  0.647  0.934
   1.53848     -4.880955  0.003  0.019  0.004  0.000  0.000  0.262  0.002  0.000  0.642  0.930
   1.56865     -4.897185  0.003  0.021  0.004  0.000  0.000  0.263  0.003  0.000  0.634  0.927
   1.59881     -4.914596  0.003  0.021  0.004  0.000  0.000  0.263  0.005  0.000  0.626  0.924
   1.62898     -4.933076  0.004  0.023  0.007  0.000  0.000  0.264  0.007  0.000  0.616  0.920
   1.65914     -4.952489  0.006  0.025  0.007  0.000  0.000  0.265  0.011  0.000  0.603  0.916
   1.68931     -4.972618  0.006  0.026  0.008  0.000  0.000  0.268  0.016  0.000  0.590  0.914
   1.71948     -4.993206  0.008  0.026  0.010  0.000  0.000  0.270  0.024  0.000  0.573  0.909
   1.74964     -5.013895  0.007  0.026  0.010  0.000  0.000  0.272  0.036  0.000  0.555  0.908
   1.77981     -5.034191  0.009  0.025  0.010  0.000  0.000  0.274  0.054  0.000  0.533  0.906
   1.80998     -5.053338  0.010  0.023  0.012  0.000  0.000  0.273  0.083  0.000  0.505  0.904
   1.84014     -5.070085  0.009  0.019  0.013  0.000  0.000  0.263  0.130  0.000  0.470  0.905
   1.87031     -5.082414  0.010  0.012  0.016  0.000  0.000  0.242  0.204  0.000  0.422  0.905
   1.90047     -5.087712  0.008  0.006  0.019  0.000  0.000  0.203  0.309  0.000  0.361  0.907
   1.93064     -5.084461  0.009  0.002  0.024  0.000  0.000  0.154  0.424  0.000  0.296  0.909
   1.96081     -5.074325  0.008  0.001  0.026  0.000  0.000  0.113  0.521  0.000  0.240  0.909
   1.99097     -5.061005  0.009  0.002  0.027  0.000  0.000  0.084  0.589  0.000  0.202  0.912
   2.02114     -5.047712  0.007  0.004  0.026  0.000  0.000  0.066  0.635  0.000  0.175  0.915
   2.05131     -5.036373  0.006  0.006  0.026  0.000  0.000  0.054  0.668  0.000  0.157  0.917
   2.08147     -5.027901  0.005  0.008  0.025  0.000  0.000  0.047  0.691  0.000  0.145  0.920
   2.11164     -5.022532  0.005  0.007  0.024  0.000  0.000  0.043  0.707  0.000  0.136  0.920
   2.14180     -5.020038  0.003  0.009  0.023  0.000  0.000  0.039  0.716  0.000  0.130  0.921
   2.17197     -5.019847  0.003  0.009  0.024  0.000  0.000  0.037  0.720  0.000  0.128  0.921
   2.20214     -5.021197  0.004  0.010  0.024  0.000  0.000  0.036  0.722  0.000  0.127  0.922
   2.23230     -5.023333  0.003  0.010  0.025  0.000  0.000  0.035  0.721  0.000  0.127  0.922
   2.26247     -5.025605  0.003  0.010  0.025  0.000  0.000  0.035  0.719  0.000  0.128  0.920
   2.29264     -5.027535  0.004  0.010  0.025  0.000  0.000  0.035  0.718  0.000  0.129  0.920
   2.32280     -5.028805  0.004  0.010  0.025  0.000  0.000  0.034  0.717  0.000  0.129  0.921
   2.35297     -5.029248  0.004  0.010  0.025  0.000  0.000  0.034  0.716  0.000  0.129  0.921
 
# Band-Index:   10
   2.35297     -4.771988  0.079  0.137  0.042  0.000  0.000  0.114  0.113  0.000  0.304  0.789
   2.32280     -4.771140  0.079  0.137  0.042  0.000  0.000  0.113  0.112  0.000  0.304  0.787
   2.29264     -4.768452  0.079  0.139  0.042  0.000  0.000  0.110  0.108  0.000  0.305  0.785
   2.26247     -4.763482  0.083  0.143  0.044  0.000  0.000  0.105  0.103  0.000  0.305  0.781
   2.23230     -4.755450  0.084  0.147  0.046  0.000  0.000  0.099  0.096  0.000  0.306  0.776
   2.20214     -4.743215  0.087  0.150  0.048  0.000  0.000  0.091  0.089  0.000  0.305  0.770
   2.17197     -4.725270  0.087  0.157  0.050  0.000  0.000  0.083  0.081  0.000  0.301  0.761
   2.14180     -4.699877  0.089  0.164  0.052  0.000  0.000  0.074  0.076  0.000  0.294  0.753
   2.11164     -4.665392  0.091  0.169  0.056  0.000  0.000  0.068  0.076  0.000  0.283  0.743
   2.08147     -4.636279  0.000  0.000  0.000  0.019  0.589  0.000  0.000  0.348  0.000  0.954
   2.05131     -4.641000  0.000  0.000  0.000  0.019  0.593  0.000  0.000  0.344  0.000  0.955
   2.02114     -4.646147  0.000  0.000  0.000  0.019  0.597  0.000  0.000  0.340  0.000  0.955
   1.99097     -4.651692  0.000  0.000  0.000  0.017  0.601  0.000  0.000  0.336  0.000  0.954
   1.96081     -4.657590  0.000  0.000  0.000  0.017  0.606  0.000  0.000  0.331  0.000  0.954
   1.93064     -4.663812  0.000  0.000  0.000  0.016  0.610  0.000  0.000  0.328  0.000  0.955
   1.90047     -4.670309  0.000  0.000  0.000  0.016  0.615  0.000  0.000  0.324  0.000  0.955
   1.87031     -4.677035  0.000  0.000  0.000  0.014  0.620  0.000  0.000  0.319  0.000  0.953
   1.84014     -4.683941  0.000  0.000  0.000  0.014  0.624  0.000  0.000  0.315  0.000  0.953
   1.80998     -4.690969  0.000  0.000  0.000  0.014  0.629  0.000  0.000  0.311  0.000  0.954
   1.77981     -4.698077  0.000  0.000  0.000  0.014  0.633  0.000  0.000  0.307  0.000  0.954
   1.74964     -4.705206  0.000  0.000  0.000  0.014  0.636  0.000  0.000  0.304  0.000  0.954
   1.71948     -4.712301  0.000  0.000  0.000  0.012  0.640  0.000  0.000  0.300  0.000  0.952
   1.68931     -4.719311  0.000  0.000  0.000  0.012  0.644  0.000  0.000  0.296  0.000  0.952
   1.65914     -4.726195  0.000  0.000  0.000  0.012  0.647  0.000  0.000  0.294  0.000  0.952
   1.62898     -4.732888  0.000  0.000  0.000  0.011  0.649  0.000  0.000  0.290  0.000  0.952
   1.59881     -4.739356  0.000  0.000  0.000  0.011  0.653  0.000  0.000  0.288  0.000  0.952
   1.56865     -4.745554  0.000  0.000  0.000  0.011  0.656  0.000  0.000  0.285  0.000  0.951
   1.53848     -4.751441  0.000  0.000  0.000  0.011  0.657  0.000  0.000  0.283  0.000  0.951
   1.50831     -4.756981  0.000  0.000  0.000  0.011  0.660  0.000  0.000  0.281  0.000  0.951
   1.47815     -4.762144  0.000  0.000  0.000  0.011  0.661  0.000  0.000  0.279  0.000  0.951
   1.44798     -4.766899  0.000  0.000  0.000  0.010  0.664  0.000  0.000  0.277  0.000  0.951
   1.41781     -4.771217  0.000  0.000  0.000  0.008  0.665  0.000  0.000  0.276  0.000  0.949
   1.38765     -4.775078  0.000  0.000  0.000  0.008  0.666  0.000  0.000  0.275  0.000  0.949
   1.35748     -4.778464  0.000  0.000  0.000  0.008  0.667  0.000  0.000  0.274  0.000  0.950
   1.32732     -4.781354  0.000  0.000  0.000  0.008  0.668  0.000  0.000  0.273  0.000  0.949
   1.29715     -4.783736  0.000  0.000  0.000  0.008  0.669  0.000  0.000  0.272  0.000  0.950
   1.26698     -4.785599  0.000  0.000  0.000  0.008  0.669  0.000  0.000  0.272  0.000  0.949
   1.23682     -4.786937  0.000  0.000  0.000  0.008  0.670  0.000  0.000  0.271  0.000  0.949
   1.20665     -4.787744  0.000  0.000  0.000  0.008  0.670  0.000  0.000  0.271  0.001  0.950
   1.17648     -4.787981  0.000  0.004  0.000  0.004  0.296  0.151  0.000  0.120  0.374  0.949
   1.17648     -4.787981  0.000  0.004  0.000  0.004  0.296  0.151  0.000  0.120  0.374  0.949
   1.14632     -4.787693  0.000  0.000  0.000  0.008  0.670  0.000  0.000  0.271  0.001  0.950
   1.11615     -4.786735  0.000  0.000  0.000  0.008  0.669  0.000  0.000  0.271  0.000  0.949
   1.08599     -4.785134  0.000  0.000  0.000  0.008  0.669  0.000  0.000  0.272  0.000  0.949
   1.05582     -4.782889  0.000  0.000  0.000  0.008  0.669  0.000  0.000  0.273  0.000  0.949
   1.02565     -4.779987  0.000  0.000  0.000  0.008  0.667  0.000  0.000  0.274  0.000  0.949
   0.99549     -4.776424  0.000  0.000  0.000  0.010  0.665  0.000  0.000  0.275  0.000  0.951
   0.96532     -4.772190  0.000  0.000  0.000  0.010  0.664  0.000  0.000  0.277  0.000  0.951
   0.93515     -4.767289  0.000  0.000  0.000  0.010  0.662  0.000  0.000  0.278  0.000  0.952
   0.90499     -4.761728  0.000  0.000  0.000  0.010  0.660  0.000  0.000  0.281  0.000  0.951
   0.87482     -4.755515  0.000  0.000  0.000  0.010  0.658  0.000  0.000  0.284  0.000  0.952
   0.84466     -4.748671  0.000  0.000  0.000  0.010  0.656  0.000  0.000  0.286  0.000  0.953
   0.81449     -4.741233  0.000  0.000  0.000  0.011  0.654  0.000  0.000  0.289  0.000  0.954
   0.78432     -4.733249  0.000  0.000  0.000  0.011  0.651  0.000  0.000  0.292  0.000  0.955
   0.75416     -4.724769  0.000  0.000  0.000  0.009  0.649  0.000  0.000  0.296  0.000  0.954
   0.72399     -4.715876  0.000  0.000  0.000  0.009  0.646  0.000  0.000  0.299  0.000  0.955
   0.69382     -4.706667  0.000  0.000  0.000  0.009  0.644  0.000  0.000  0.303  0.000  0.956
   0.66366     -4.697241  0.000  0.000  0.000  0.009  0.642  0.000  0.000  0.307  0.000  0.958
   0.63349     -4.687726  0.000  0.000  0.000  0.009  0.639  0.000  0.000  0.311  0.000  0.959
   0.60333     -4.678253  0.000  0.000  0.000  0.007  0.636  0.000  0.000  0.316  0.000  0.958
   0.57316     -4.668968  0.000  0.000  0.000  0.007  0.633  0.000  0.000  0.321  0.000  0.960
   0.54299     -4.660014  0.000  0.000  0.000  0.007  0.631  0.000  0.000  0.324  0.000  0.962
   0.51283     -4.651543  0.000  0.000  0.000  0.007  0.627  0.000  0.000  0.329  0.000  0.962
   0.48266     -4.643690  0.000  0.000  0.000  0.007  0.623  0.000  0.000  0.333  0.000  0.963
   0.45249     -4.636585  0.000  0.000  0.000  0.007  0.620  0.000  0.000  0.338  0.000  0.964
   0.42233     -4.630330  0.000  0.000  0.000  0.006  0.615  0.000  0.000  0.342  0.000  0.964
   0.39216     -4.624998  0.000  0.000  0.000  0.007  0.611  0.000  0.000  0.346  0.000  0.963
   0.36200     -4.620636  0.000  0.000  0.000  0.007  0.607  0.000  0.000  0.348  0.000  0.963
   0.33183     -4.617246  0.000  0.000  0.000  0.009  0.603  0.000  0.000  0.352  0.000  0.964
   0.30166     -4.614795  0.000  0.000  0.000  0.009  0.598  0.000  0.000  0.354  0.000  0.962
   0.27150     -4.613206  0.000  0.000  0.000  0.011  0.593  0.000  0.000  0.357  0.000  0.961
   0.24133     -4.616590  0.102  0.163  0.049  0.000  0.000  0.118  0.084  0.000  0.233  0.751
   0.21116     -4.656339  0.098  0.158  0.049  0.000  0.000  0.118  0.090  0.000  0.250  0.759
   0.18100     -4.689202  0.093  0.152  0.047  0.000  0.000  0.117  0.095  0.000  0.263  0.768
   0.15083     -4.715805  0.089  0.148  0.044  0.000  0.000  0.116  0.100  0.000  0.275  0.774
   0.12067     -4.736723  0.085  0.144  0.044  0.000  0.000  0.116  0.105  0.000  0.286  0.779
   0.09050     -4.752463  0.083  0.141  0.042  0.000  0.000  0.115  0.109  0.000  0.293  0.782
   0.06033     -4.763410  0.079  0.139  0.042  0.000  0.000  0.115  0.111  0.000  0.299  0.787
   0.03017     -4.769858  0.079  0.137  0.042  0.000  0.000  0.114  0.112  0.000  0.302  0.787
   0.00000     -4.771988  0.079  0.137  0.042  0.000  0.000  0.114  0.113  0.000  0.304  0.789
 
# Band-Index:   11
   0.00000     -4.615645  0.000  0.000  0.000  0.023  0.567  0.000  0.000  0.366  0.000  0.956
   0.03017     -4.615501  0.000  0.000  0.000  0.023  0.567  0.000  0.000  0.365  0.000  0.956
   0.06033     -4.615091  0.000  0.000  0.000  0.021  0.568  0.000  0.000  0.365  0.000  0.954
   0.09050     -4.614473  0.000  0.000  0.000  0.021  0.570  0.000  0.000  0.365  0.000  0.956
   0.12067     -4.613735  0.000  0.000  0.000  0.018  0.573  0.000  0.000  0.365  0.000  0.956
   0.15083     -4.613006  0.000  0.000  0.000  0.018  0.576  0.000  0.000  0.363  0.000  0.958
   0.18100     -4.612432  0.000  0.000  0.000  0.016  0.580  0.000  0.000  0.362  0.000  0.959
   0.21116     -4.612169  0.000  0.000  0.000  0.014  0.584  0.000  0.000  0.361  0.000  0.958
   0.24133     -4.612376  0.000  0.000  0.000  0.014  0.588  0.000  0.000  0.359  0.000  0.961
   0.27150     -4.569276  0.108  0.170  0.051  0.000  0.000  0.117  0.078  0.000  0.215  0.742
   0.30166     -4.513760  0.115  0.177  0.054  0.000  0.000  0.117  0.072  0.000  0.196  0.732
   0.33183     -4.449478  0.123  0.187  0.057  0.000  0.000  0.116  0.066  0.000  0.175  0.723
   0.36200     -4.375991  0.129  0.194  0.059  0.000  0.000  0.117  0.059  0.000  0.155  0.713
   0.39216     -4.293091  0.134  0.200  0.060  0.000  0.000  0.118  0.055  0.000  0.133  0.705
   0.42233     -4.200921  0.138  0.207  0.065  0.000  0.000  0.123  0.050  0.000  0.112  0.696
   0.45249     -4.100313  0.142  0.210  0.068  0.000  0.000  0.134  0.049  0.000  0.089  0.694
   0.48266     -3.994010  0.141  0.204  0.076  0.000  0.000  0.158  0.055  0.000  0.060  0.695
   0.51283     -3.892378  0.126  0.163  0.094  0.000  0.000  0.207  0.096  0.000  0.032  0.717
   0.54299     -3.820383  0.099  0.095  0.121  0.000  0.000  0.214  0.191  0.000  0.042  0.763
   0.57316     -3.776688  0.092  0.065  0.130  0.000  0.000  0.173  0.270  0.000  0.055  0.784
   0.60333     -3.743804  0.090  0.052  0.133  0.000  0.000  0.137  0.334  0.000  0.051  0.795
   0.63349     -3.716260  0.088  0.044  0.134  0.000  0.000  0.107  0.391  0.000  0.044  0.805
   0.66366     -3.692721  0.084  0.035  0.133  0.000  0.000  0.084  0.444  0.000  0.035  0.814
   0.69382     -3.672712  0.081  0.029  0.130  0.000  0.000  0.063  0.492  0.000  0.027  0.823
   0.72399     -3.655894  0.077  0.024  0.127  0.000  0.000  0.048  0.534  0.000  0.019  0.832
   0.75416     -3.641939  0.075  0.019  0.125  0.000  0.000  0.035  0.571  0.000  0.015  0.841
   0.78432     -3.630492  0.072  0.014  0.123  0.000  0.000  0.026  0.603  0.000  0.011  0.849
   0.81449     -3.621203  0.070  0.011  0.118  0.000  0.000  0.018  0.630  0.000  0.007  0.855
   0.84466     -3.613738  0.069  0.009  0.114  0.000  0.000  0.012  0.653  0.000  0.004  0.863
   0.87482     -3.607789  0.066  0.006  0.111  0.000  0.000  0.009  0.673  0.000  0.004  0.868
   0.90499     -3.603101  0.064  0.005  0.108  0.000  0.000  0.005  0.688  0.000  0.002  0.873
   0.93515     -3.599437  0.063  0.005  0.104  0.000  0.000  0.004  0.702  0.000  0.002  0.878
   0.96532     -3.596603  0.061  0.001  0.102  0.000  0.000  0.001  0.713  0.000  0.000  0.881
   0.99549     -3.594433  0.060  0.001  0.100  0.000  0.000  0.001  0.721  0.000  0.000  0.884
   1.02565     -3.592802  0.060  0.001  0.098  0.000  0.000  0.000  0.728  0.000  0.000  0.887
   1.05582     -3.591590  0.058  0.000  0.096  0.000  0.000  0.000  0.733  0.000  0.000  0.890
   1.08599     -3.590738  0.058  0.000  0.095  0.000  0.000  0.000  0.737  0.000  0.000  0.891
   1.11615     -3.590172  0.058  0.000  0.094  0.000  0.000  0.000  0.740  0.000  0.000  0.892
   1.14632     -3.589851  0.057  0.000  0.094  0.000  0.000  0.000  0.742  0.000  0.000  0.893
   1.17648     -3.589748  0.057  0.000  0.094  0.000  0.000  0.000  0.743  0.000  0.000  0.893
   1.17648     -3.589748  0.057  0.000  0.094  0.000  0.000  0.000  0.743  0.000  0.000  0.893
   1.20665     -3.589850  0.057  0.000  0.094  0.000  0.000  0.000  0.742  0.000  0.000  0.893
   1.23682     -3.590152  0.058  0.000  0.094  0.000  0.000  0.000  0.740  0.000  0.000  0.892
   1.26698     -3.590643  0.058  0.000  0.095  0.000  0.000  0.000  0.737  0.000  0.000  0.891
   1.29715     -3.591298  0.058  0.000  0.096  0.000  0.000  0.000  0.733  0.000  0.000  0.890
   1.32732     -3.592109  0.060  0.001  0.098  0.000  0.000  0.000  0.729  0.000  0.000  0.887
   1.35748     -3.593029  0.060  0.001  0.100  0.000  0.000  0.000  0.722  0.000  0.000  0.884
   1.38765     -3.594085  0.060  0.002  0.102  0.000  0.000  0.001  0.714  0.000  0.001  0.881
   1.41781     -3.595313  0.063  0.002  0.106  0.000  0.000  0.002  0.703  0.000  0.001  0.878
   1.44798     -3.596845  0.063  0.005  0.108  0.000  0.000  0.003  0.691  0.000  0.002  0.873
   1.47815     -3.598932  0.066  0.006  0.112  0.000  0.000  0.006  0.675  0.000  0.003  0.868
   1.50831     -3.602022  0.069  0.006  0.116  0.000  0.000  0.008  0.657  0.000  0.004  0.862
   1.53848     -3.606854  0.070  0.011  0.119  0.000  0.000  0.012  0.635  0.000  0.008  0.854
   1.56865     -3.614579  0.072  0.014  0.123  0.000  0.000  0.018  0.608  0.000  0.011  0.846
   1.59881     -3.626862  0.074  0.020  0.123  0.000  0.000  0.026  0.574  0.000  0.017  0.837
   1.62898     -3.645849  0.079  0.032  0.124  0.000  0.000  0.037  0.533  0.000  0.023  0.827
   1.65914     -3.673860  0.081  0.045  0.121  0.000  0.000  0.051  0.486  0.000  0.033  0.817
   1.68931     -3.712679  0.081  0.062  0.115  0.000  0.000  0.067  0.433  0.000  0.045  0.805
   1.71948     -3.762764  0.083  0.081  0.109  0.000  0.000  0.083  0.381  0.000  0.059  0.794
   1.74964     -3.822943  0.082  0.098  0.099  0.000  0.000  0.098  0.333  0.000  0.073  0.785
   1.77981     -3.890954  0.083  0.114  0.092  0.000  0.000  0.109  0.290  0.000  0.089  0.778
   1.80998     -3.964324  0.083  0.126  0.084  0.000  0.000  0.117  0.256  0.000  0.105  0.772
   1.84014     -4.040979  0.082  0.137  0.077  0.000  0.000  0.121  0.227  0.000  0.121  0.767
   1.87031     -4.119426  0.082  0.146  0.074  0.000  0.000  0.122  0.202  0.000  0.137  0.761
   1.90047     -4.198641  0.084  0.154  0.069  0.000  0.000  0.118  0.179  0.000  0.154  0.756
   1.93064     -4.277771  0.083  0.162  0.066  0.000  0.000  0.110  0.158  0.000  0.171  0.750
   1.96081     -4.355794  0.086  0.168  0.064  0.000  0.000  0.099  0.138  0.000  0.188  0.744
   1.99097     -4.431228  0.089  0.174  0.061  0.000  0.000  0.086  0.120  0.000  0.207  0.738
   2.02114     -4.502040  0.091  0.179  0.059  0.000  0.000  0.076  0.103  0.000  0.227  0.734
   2.05131     -4.565902  0.092  0.179  0.060  0.000  0.000  0.068  0.090  0.000  0.247  0.734
   2.08147     -4.620744  0.091  0.176  0.058  0.000  0.000  0.065  0.080  0.000  0.267  0.737
   2.11164     -4.632008  0.000  0.000  0.000  0.019  0.584  0.000  0.000  0.351  0.000  0.955
   2.14180     -4.628204  0.000  0.000  0.000  0.020  0.581  0.000  0.000  0.354  0.000  0.956
   2.17197     -4.624890  0.000  0.000  0.000  0.020  0.577  0.000  0.000  0.357  0.000  0.955
   2.20214     -4.622070  0.000  0.000  0.000  0.021  0.575  0.000  0.000  0.359  0.000  0.954
   2.23230     -4.619760  0.000  0.000  0.000  0.021  0.572  0.000  0.000  0.362  0.000  0.954
   2.26247     -4.617962  0.000  0.000  0.000  0.021  0.570  0.000  0.000  0.363  0.000  0.953
   2.29264     -4.616675  0.000  0.000  0.000  0.023  0.568  0.000  0.000  0.365  0.000  0.955
   2.32280     -4.615903  0.000  0.000  0.000  0.023  0.567  0.000  0.000  0.365  0.000  0.955
   2.35297     -4.615645  0.000  0.000  0.000  0.023  0.567  0.000  0.000  0.366  0.000  0.956
 
# Band-Index:   12
   2.35297     -4.042023  0.044  0.072  0.034  0.000  0.000  0.207  0.167  0.000  0.353  0.876
   2.32280     -4.039210  0.045  0.072  0.034  0.000  0.000  0.206  0.167  0.000  0.352  0.875
   2.29264     -4.030705  0.045  0.074  0.034  0.000  0.000  0.205  0.166  0.000  0.349  0.874
   2.26247     -4.016327  0.048  0.076  0.036  0.000  0.000  0.202  0.164  0.000  0.344  0.870
   2.23230     -3.995757  0.052  0.081  0.036  0.000  0.000  0.198  0.162  0.000  0.338  0.866
   2.20214     -3.968553  0.055  0.087  0.039  0.000  0.000  0.193  0.158  0.000  0.329  0.859
   2.17197     -3.934097  0.062  0.093  0.039  0.000  0.000  0.186  0.154  0.000  0.318  0.851
   2.14180     -3.891629  0.068  0.102  0.043  0.000  0.000  0.176  0.147  0.000  0.306  0.842
   2.11164     -3.840256  0.075  0.115  0.043  0.000  0.000  0.166  0.139  0.000  0.292  0.830
   2.08147     -3.779001  0.084  0.127  0.045  0.000  0.000  0.154  0.130  0.000  0.276  0.816
   2.05131     -3.706930  0.094  0.144  0.046  0.000  0.000  0.141  0.118  0.000  0.260  0.801
   2.02114     -3.623342  0.103  0.160  0.048  0.000  0.000  0.127  0.104  0.000  0.242  0.783
   1.99097     -3.527963  0.114  0.177  0.049  0.000  0.000  0.114  0.090  0.000  0.224  0.768
   1.96081     -3.421173  0.124  0.194  0.049  0.000  0.000  0.103  0.074  0.000  0.206  0.753
   1.93064     -3.304166  0.136  0.211  0.048  0.000  0.000  0.095  0.060  0.000  0.190  0.738
   1.90047     -3.179117  0.149  0.227  0.043  0.000  0.000  0.090  0.045  0.000  0.175  0.730
   1.87031     -3.049988  0.165  0.236  0.040  0.000  0.000  0.091  0.031  0.000  0.160  0.724
   1.84014     -2.926798  0.190  0.231  0.037  0.000  0.000  0.102  0.020  0.000  0.139  0.722
   1.80998     -2.845374  0.195  0.205  0.072  0.000  0.000  0.111  0.051  0.000  0.084  0.720
   1.77981     -2.834623  0.146  0.206  0.111  0.000  0.000  0.099  0.107  0.000  0.036  0.705
   1.74964     -2.840274  0.116  0.227  0.115  0.000  0.000  0.097  0.122  0.000  0.022  0.700
   1.71948     -2.833801  0.100  0.251  0.104  0.000  0.000  0.103  0.116  0.000  0.020  0.694
   1.68931     -2.807441  0.090  0.277  0.089  0.000  0.000  0.115  0.099  0.000  0.020  0.690
   1.65914     -2.759053  0.081  0.302  0.076  0.000  0.000  0.128  0.077  0.000  0.022  0.687
   1.62898     -2.689533  0.075  0.321  0.067  0.000  0.000  0.142  0.056  0.000  0.025  0.685
   1.59881     -2.601842  0.067  0.336  0.060  0.000  0.000  0.155  0.040  0.000  0.026  0.683
   1.56865     -2.499870  0.060  0.346  0.055  0.000  0.000  0.167  0.027  0.000  0.029  0.684
   1.53848     -2.387681  0.052  0.354  0.050  0.000  0.000  0.179  0.018  0.000  0.031  0.686
   1.50831     -2.269101  0.044  0.359  0.047  0.000  0.000  0.192  0.012  0.000  0.034  0.690
   1.47815     -2.147697  0.036  0.361  0.046  0.000  0.000  0.206  0.007  0.000  0.039  0.695
   1.44798     -2.026746  0.029  0.361  0.043  0.000  0.000  0.222  0.005  0.000  0.044  0.703
   1.41781     -1.909331  0.022  0.359  0.039  0.000  0.000  0.240  0.003  0.000  0.050  0.712
   1.38765     -1.798419  0.016  0.355  0.033  0.000  0.000  0.258  0.002  0.000  0.056  0.721
   1.35748     -1.696699  0.008  0.352  0.029  0.000  0.000  0.277  0.001  0.000  0.065  0.731
   1.32732     -1.606580  0.006  0.346  0.020  0.000  0.000  0.295  0.000  0.000  0.072  0.741
   1.29715     -1.530134  0.003  0.340  0.015  0.000  0.000  0.313  0.000  0.000  0.078  0.752
   1.26698     -1.469017  0.000  0.338  0.009  0.000  0.000  0.326  0.000  0.000  0.085  0.759
   1.23682     -1.424506  0.000  0.334  0.005  0.000  0.000  0.337  0.000  0.000  0.090  0.765
   1.20665     -1.397532  0.000  0.328  0.000  0.004  0.002  0.339  0.000  0.004  0.091  0.768
   1.17648     -1.389587  0.000  0.116  0.000  0.215  0.061  0.122  0.000  0.224  0.033  0.771
   1.17648     -1.389587  0.000  0.116  0.000  0.215  0.061  0.122  0.000  0.224  0.033  0.771
   1.14632     -1.394632  0.000  0.273  0.000  0.058  0.017  0.285  0.000  0.060  0.076  0.769
   1.11615     -1.411805  0.000  0.326  0.005  0.004  0.002  0.338  0.000  0.004  0.090  0.767
   1.08599     -1.440664  0.000  0.326  0.011  0.000  0.000  0.337  0.000  0.001  0.087  0.763
   1.05582     -1.480697  0.002  0.324  0.017  0.000  0.000  0.332  0.000  0.000  0.082  0.759
   1.02565     -1.531614  0.002  0.321  0.025  0.000  0.000  0.326  0.000  0.000  0.077  0.753
   0.99549     -1.593382  0.006  0.317  0.036  0.000  0.000  0.317  0.001  0.000  0.070  0.746
   0.96532     -1.666471  0.010  0.313  0.048  0.000  0.000  0.304  0.002  0.000  0.062  0.738
   0.93515     -1.752241  0.018  0.308  0.060  0.000  0.000  0.287  0.002  0.000  0.053  0.729
   0.90499     -1.853184  0.032  0.307  0.071  0.000  0.000  0.262  0.003  0.000  0.044  0.717
   0.87482     -1.972231  0.051  0.308  0.078  0.000  0.000  0.226  0.005  0.000  0.036  0.705
   0.84466     -2.110295  0.075  0.312  0.083  0.000  0.000  0.186  0.005  0.000  0.031  0.692
   0.81449     -2.264270  0.099  0.316  0.081  0.000  0.000  0.148  0.007  0.000  0.032  0.682
   0.78432     -2.428590  0.116  0.316  0.079  0.000  0.000  0.120  0.008  0.000  0.036  0.675
   0.75416     -2.598004  0.132  0.312  0.076  0.000  0.000  0.099  0.011  0.000  0.042  0.671
   0.72399     -2.768599  0.141  0.306  0.073  0.000  0.000  0.084  0.013  0.000  0.051  0.667
   0.69382     -2.937600  0.150  0.301  0.070  0.000  0.000  0.072  0.015  0.000  0.060  0.666
   0.66366     -3.102933  0.157  0.293  0.068  0.000  0.000  0.061  0.019  0.000  0.070  0.666
   0.63349     -3.262893  0.159  0.283  0.066  0.000  0.000  0.052  0.023  0.000  0.083  0.666
   0.60333     -3.415681  0.162  0.274  0.063  0.000  0.000  0.041  0.029  0.000  0.100  0.670
   0.57316     -3.558674  0.161  0.260  0.064  0.000  0.000  0.025  0.040  0.000  0.127  0.677
   0.54299     -3.684952  0.152  0.228  0.069  0.000  0.000  0.006  0.068  0.000  0.171  0.696
   0.51283     -3.775520  0.125  0.159  0.089  0.000  0.000  0.038  0.116  0.000  0.217  0.742
   0.48266     -3.827469  0.105  0.113  0.102  0.000  0.000  0.109  0.115  0.000  0.227  0.770
   0.45249     -3.864327  0.096  0.101  0.101  0.000  0.000  0.156  0.086  0.000  0.239  0.781
   0.42233     -3.895241  0.091  0.098  0.096  0.000  0.000  0.186  0.060  0.000  0.256  0.788
   0.39216     -3.922110  0.086  0.095  0.091  0.000  0.000  0.207  0.041  0.000  0.274  0.794
   0.36200     -3.945366  0.081  0.094  0.083  0.000  0.000  0.221  0.032  0.000  0.291  0.804
   0.33183     -3.965197  0.075  0.091  0.077  0.000  0.000  0.230  0.031  0.000  0.307  0.814
   0.30166     -3.981850  0.071  0.090  0.069  0.000  0.000  0.235  0.038  0.000  0.321  0.823
   0.27150     -3.995650  0.067  0.087  0.063  0.000  0.000  0.236  0.050  0.000  0.330  0.833
   0.24133     -4.006968  0.062  0.084  0.057  0.000  0.000  0.234  0.066  0.000  0.337  0.842
   0.21116     -4.016178  0.058  0.081  0.052  0.000  0.000  0.231  0.085  0.000  0.343  0.848
   0.18100     -4.023611  0.055  0.078  0.046  0.000  0.000  0.226  0.104  0.000  0.346  0.856
   0.15083     -4.029542  0.052  0.075  0.042  0.000  0.000  0.222  0.121  0.000  0.349  0.863
   0.12067     -4.034179  0.048  0.075  0.040  0.000  0.000  0.217  0.137  0.000  0.351  0.867
   0.09050     -4.037672  0.047  0.072  0.038  0.000  0.000  0.213  0.150  0.000  0.352  0.873
   0.06033     -4.040107  0.045  0.072  0.036  0.000  0.000  0.210  0.159  0.000  0.353  0.874
   0.03017     -4.041547  0.044  0.072  0.034  0.000  0.000  0.207  0.165  0.000  0.352  0.875
   0.00000     -4.042023  0.044  0.072  0.034  0.000  0.000  0.207  0.167  0.000  0.353  0.876
 
# Band-Index:   13
   0.00000     -2.308428  0.000  0.000  0.000  0.451  0.177  0.000  0.000  0.055  0.000  0.683
   0.03017     -2.310225  0.000  0.000  0.000  0.451  0.175  0.000  0.000  0.056  0.000  0.682
   0.06033     -2.315410  0.000  0.000  0.000  0.454  0.171  0.000  0.000  0.056  0.000  0.682
   0.09050     -2.323391  0.000  0.000  0.000  0.457  0.165  0.000  0.000  0.058  0.000  0.680
   0.12067     -2.333294  0.000  0.000  0.000  0.460  0.157  0.000  0.000  0.060  0.000  0.677
   0.15083     -2.344092  0.000  0.000  0.000  0.463  0.148  0.000  0.000  0.062  0.000  0.674
   0.18100     -2.354748  0.000  0.000  0.000  0.466  0.139  0.000  0.000  0.065  0.000  0.670
   0.21116     -2.364216  0.000  0.000  0.000  0.469  0.129  0.000  0.000  0.069  0.000  0.667
   0.24133     -2.371608  0.000  0.000  0.000  0.472  0.120  0.000  0.000  0.073  0.000  0.665
   0.27150     -2.376134  0.000  0.000  0.000  0.475  0.111  0.000  0.000  0.076  0.000  0.662
   0.30166     -2.381338  0.018  0.152  0.286  0.002  0.001  0.022  0.140  0.000  0.040  0.663
   0.33183     -2.405768  0.018  0.166  0.274  0.000  0.000  0.013  0.155  0.000  0.040  0.664
   0.36200     -2.427103  0.017  0.175  0.260  0.000  0.000  0.006  0.167  0.000  0.039  0.665
   0.39216     -2.444076  0.017  0.190  0.242  0.000  0.000  0.002  0.177  0.000  0.039  0.668
   0.42233     -2.455489  0.017  0.203  0.226  0.000  0.000  0.003  0.184  0.000  0.039  0.672
   0.45249     -2.460165  0.015  0.219  0.208  0.000  0.000  0.007  0.187  0.000  0.041  0.673
   0.48266     -2.457078  0.015  0.234  0.188  0.000  0.000  0.014  0.184  0.000  0.042  0.677
   0.51283     -2.445360  0.015  0.249  0.168  0.000  0.000  0.024  0.177  0.000  0.043  0.681
   0.54299     -2.424376  0.015  0.265  0.152  0.000  0.000  0.037  0.167  0.000  0.045  0.681
   0.57316     -2.393774  0.017  0.282  0.134  0.000  0.000  0.052  0.151  0.000  0.048  0.682
   0.60333     -2.353511  0.016  0.299  0.116  0.000  0.000  0.068  0.133  0.000  0.051  0.684
   0.63349     -2.303832  0.019  0.313  0.101  0.000  0.000  0.083  0.116  0.000  0.054  0.684
   0.66366     -2.245229  0.022  0.328  0.088  0.000  0.000  0.096  0.097  0.000  0.056  0.687
   0.69382     -2.178337  0.025  0.344  0.073  0.000  0.000  0.108  0.080  0.000  0.059  0.687
   0.72399     -2.103712  0.028  0.357  0.062  0.000  0.000  0.116  0.064  0.000  0.062  0.686
   0.75416     -2.021674  0.032  0.372  0.050  0.000  0.000  0.118  0.050  0.000  0.064  0.688
   0.78432     -1.931890  0.041  0.389  0.039  0.000  0.000  0.113  0.040  0.000  0.067  0.686
   0.81449     -1.833040  0.051  0.409  0.026  0.000  0.000  0.100  0.030  0.000  0.068  0.685
   0.84466     -1.744330  0.000  0.000  0.000  0.411  0.068  0.000  0.000  0.241  0.000  0.719
   0.87482     -1.693277  0.000  0.000  0.000  0.402  0.070  0.000  0.000  0.253  0.000  0.724
   0.90499     -1.643959  0.000  0.000  0.000  0.393  0.073  0.000  0.000  0.265  0.000  0.732
   0.93515     -1.597013  0.000  0.000  0.000  0.384  0.076  0.000  0.000  0.277  0.000  0.737
   0.96532     -1.553108  0.000  0.000  0.000  0.377  0.079  0.000  0.000  0.290  0.000  0.744
   0.99549     -1.512931  0.000  0.000  0.000  0.367  0.081  0.000  0.000  0.301  0.000  0.749
   1.02565     -1.477198  0.000  0.000  0.000  0.357  0.084  0.000  0.000  0.313  0.000  0.755
   1.05582     -1.446627  0.000  0.000  0.000  0.348  0.087  0.000  0.000  0.324  0.000  0.759
   1.08599     -1.421920  0.000  0.000  0.000  0.341  0.089  0.001  0.000  0.332  0.000  0.764
   1.11615     -1.403697  0.000  0.004  0.000  0.332  0.091  0.004  0.000  0.335  0.002  0.767
   1.14632     -1.392254  0.000  0.058  0.000  0.274  0.077  0.060  0.000  0.283  0.016  0.769
   1.17648     -1.387694  0.000  0.216  0.000  0.116  0.033  0.224  0.000  0.122  0.061  0.771
   1.17648     -1.387694  0.000  0.216  0.000  0.116  0.033  0.224  0.000  0.122  0.061  0.771
   1.20665     -1.389353  0.000  0.004  0.000  0.328  0.092  0.004  0.000  0.341  0.002  0.770
   1.23682     -1.391019  0.000  0.000  0.000  0.332  0.093  0.000  0.000  0.344  0.000  0.770
   1.26698     -1.393647  0.000  0.000  0.000  0.332  0.092  0.000  0.000  0.344  0.000  0.769
   1.29715     -1.397248  0.000  0.000  0.000  0.335  0.092  0.000  0.000  0.344  0.000  0.769
   1.32732     -1.401761  0.000  0.000  0.000  0.335  0.090  0.000  0.000  0.341  0.000  0.766
   1.35748     -1.407120  0.000  0.000  0.000  0.337  0.089  0.000  0.000  0.340  0.000  0.766
   1.38765     -1.413245  0.000  0.000  0.000  0.337  0.088  0.000  0.000  0.338  0.000  0.763
   1.41781     -1.420071  0.000  0.000  0.000  0.340  0.086  0.000  0.000  0.336  0.000  0.762
   1.44798     -1.427560  0.000  0.000  0.000  0.342  0.084  0.000  0.000  0.334  0.000  0.760
   1.47815     -1.435704  0.000  0.000  0.000  0.345  0.083  0.000  0.000  0.331  0.000  0.759
   1.50831     -1.444562  0.000  0.000  0.000  0.347  0.082  0.000  0.000  0.327  0.000  0.757
   1.53848     -1.469639  0.108  0.405  0.017  0.000  0.000  0.083  0.015  0.000  0.066  0.695
   1.56865     -1.593602  0.113  0.388  0.022  0.000  0.000  0.082  0.016  0.000  0.071  0.694
   1.59881     -1.722308  0.115  0.375  0.027  0.000  0.000  0.079  0.019  0.000  0.077  0.693
   1.62898     -1.855529  0.116  0.363  0.032  0.000  0.000  0.075  0.022  0.000  0.083  0.691
   1.65914     -1.992817  0.115  0.351  0.040  0.000  0.000  0.070  0.025  0.000  0.087  0.688
   1.68931     -2.133356  0.111  0.340  0.048  0.000  0.000  0.064  0.031  0.000  0.093  0.686
   1.71948     -2.275803  0.104  0.329  0.058  0.000  0.000  0.057  0.039  0.000  0.097  0.683
   1.74964     -2.417495  0.091  0.318  0.069  0.000  0.000  0.047  0.052  0.000  0.099  0.679
   1.77981     -2.551598  0.064  0.307  0.095  0.000  0.000  0.033  0.079  0.000  0.093  0.672
   1.80998     -2.650989  0.014  0.280  0.159  0.000  0.000  0.011  0.140  0.000  0.053  0.658
   1.84014     -2.662859  0.018  0.226  0.213  0.000  0.000  0.016  0.170  0.000  0.010  0.655
   1.87031     -2.617376  0.041  0.198  0.232  0.000  0.000  0.026  0.156  0.000  0.002  0.655
   1.90047     -2.551658  0.052  0.181  0.247  0.000  0.000  0.032  0.136  0.000  0.003  0.653
   1.93064     -2.477375  0.056  0.173  0.262  0.000  0.000  0.036  0.116  0.000  0.005  0.649
   1.96081     -2.400909  0.059  0.165  0.274  0.000  0.000  0.041  0.097  0.000  0.009  0.645
   1.99097     -2.328047  0.056  0.158  0.288  0.000  0.000  0.048  0.080  0.000  0.013  0.644
   2.02114     -2.264579  0.050  0.153  0.300  0.000  0.000  0.058  0.066  0.000  0.018  0.643
   2.05131     -2.215472  0.045  0.143  0.310  0.000  0.000  0.071  0.056  0.000  0.024  0.647
   2.08147     -2.183021  0.038  0.133  0.317  0.000  0.000  0.084  0.050  0.000  0.030  0.653
   2.11164     -2.170398  0.000  0.003  0.006  0.446  0.165  0.001  0.001  0.063  0.001  0.686
   2.14180     -2.202018  0.000  0.000  0.000  0.453  0.170  0.000  0.000  0.063  0.000  0.685
   2.17197     -2.229823  0.000  0.000  0.000  0.453  0.172  0.000  0.000  0.060  0.000  0.685
   2.20214     -2.253586  0.000  0.000  0.000  0.454  0.173  0.000  0.000  0.059  0.000  0.685
   2.23230     -2.273198  0.000  0.000  0.000  0.452  0.174  0.000  0.000  0.057  0.000  0.684
   2.26247     -2.288556  0.000  0.000  0.000  0.451  0.176  0.000  0.000  0.056  0.000  0.683
   2.29264     -2.299577  0.000  0.000  0.000  0.451  0.176  0.000  0.000  0.056  0.000  0.684
   2.32280     -2.306213  0.000  0.000  0.000  0.451  0.176  0.000  0.000  0.056  0.000  0.683
   2.35297     -2.308428  0.000  0.000  0.000  0.451  0.177  0.000  0.000  0.055  0.000  0.683
 
# Band-Index:   14
   2.35297     -2.193316  0.012  0.094  0.334  0.000  0.000  0.132  0.059  0.000  0.047  0.680
   2.32280     -2.192055  0.012  0.095  0.334  0.000  0.000  0.131  0.059  0.000  0.046  0.680
   2.29264     -2.188389  0.013  0.097  0.333  0.000  0.000  0.130  0.059  0.000  0.046  0.678
   2.26247     -2.182686  0.015  0.098  0.334  0.000  0.000  0.129  0.057  0.000  0.046  0.678
   2.23230     -2.175623  0.017  0.101  0.334  0.000  0.000  0.126  0.055  0.000  0.045  0.675
   2.20214     -2.168307  0.018  0.104  0.331  0.000  0.000  0.122  0.053  0.000  0.043  0.673
   2.17197     -2.162420  0.022  0.108  0.329  0.000  0.000  0.116  0.051  0.000  0.041  0.668
   2.14180     -2.160461  0.025  0.116  0.327  0.000  0.000  0.108  0.050  0.000  0.038  0.665
   2.11164     -2.165858  0.030  0.121  0.318  0.007  0.003  0.095  0.048  0.001  0.033  0.659
   2.08147     -2.134905  0.000  0.000  0.000  0.455  0.166  0.000  0.000  0.067  0.000  0.687
   2.05131     -2.095989  0.000  0.000  0.000  0.456  0.163  0.000  0.000  0.070  0.000  0.689
   2.02114     -2.053799  0.000  0.000  0.000  0.455  0.160  0.000  0.000  0.074  0.000  0.689
   1.99097     -2.008621  0.000  0.000  0.000  0.456  0.157  0.000  0.000  0.079  0.000  0.692
   1.96081     -1.960786  0.000  0.000  0.000  0.456  0.153  0.000  0.000  0.084  0.000  0.693
   1.93064     -1.910721  0.000  0.000  0.000  0.454  0.150  0.000  0.000  0.092  0.000  0.695
   1.90047     -1.858925  0.000  0.000  0.000  0.451  0.146  0.000  0.000  0.101  0.000  0.698
   1.87031     -1.806070  0.000  0.000  0.000  0.447  0.141  0.000  0.000  0.112  0.000  0.701
   1.84014     -1.753051  0.000  0.000  0.000  0.442  0.136  0.000  0.000  0.127  0.000  0.705
   1.80998     -1.701061  0.000  0.000  0.000  0.433  0.130  0.000  0.000  0.147  0.000  0.711
   1.77981     -1.651679  0.000  0.000  0.000  0.423  0.123  0.000  0.000  0.173  0.000  0.717
   1.74964     -1.606815  0.000  0.000  0.000  0.408  0.115  0.000  0.000  0.202  0.000  0.725
   1.71948     -1.568224  0.000  0.000  0.000  0.392  0.105  0.000  0.000  0.234  0.000  0.732
   1.68931     -1.536840  0.000  0.000  0.000  0.380  0.097  0.000  0.000  0.263  0.000  0.739
   1.65914     -1.512267  0.000  0.000  0.000  0.368  0.090  0.000  0.000  0.285  0.000  0.743
   1.62898     -1.493127  0.000  0.000  0.000  0.362  0.085  0.000  0.000  0.301  0.000  0.748
   1.59881     -1.477873  0.000  0.000  0.000  0.357  0.083  0.000  0.000  0.311  0.000  0.751
   1.56865     -1.465220  0.000  0.000  0.000  0.352  0.081  0.000  0.000  0.318  0.000  0.752
   1.53848     -1.454298  0.000  0.000  0.000  0.350  0.081  0.000  0.000  0.323  0.000  0.754
   1.50831     -1.350474  0.105  0.423  0.014  0.000  0.000  0.081  0.013  0.000  0.059  0.696
   1.47815     -1.236118  0.099  0.443  0.010  0.000  0.000  0.078  0.011  0.000  0.053  0.694
   1.44798     -1.126604  0.090  0.467  0.007  0.000  0.000  0.071  0.009  0.000  0.046  0.691
   1.41781     -1.022144  0.081  0.493  0.005  0.000  0.000  0.063  0.009  0.000  0.040  0.688
   1.38765     -0.923283  0.069  0.519  0.004  0.000  0.000  0.053  0.007  0.000  0.033  0.685
   1.35748     -0.831000  0.057  0.549  0.002  0.000  0.000  0.042  0.005  0.000  0.025  0.679
   1.32732     -0.746880  0.044  0.577  0.000  0.000  0.000  0.031  0.004  0.000  0.018  0.674
   1.29715     -0.673008  0.030  0.603  0.000  0.000  0.000  0.020  0.003  0.000  0.012  0.668
   1.26698     -0.611858  0.018  0.626  0.000  0.000  0.000  0.012  0.002  0.000  0.007  0.665
   1.23682     -0.566017  0.008  0.642  0.000  0.002  0.000  0.005  0.000  0.000  0.003  0.661
   1.20665     -0.537885  0.002  0.604  0.000  0.052  0.000  0.001  0.000  0.000  0.001  0.660
   1.17648     -0.529922  0.000  0.233  0.000  0.426  0.000  0.000  0.000  0.000  0.000  0.659
   1.17648     -0.529922  0.000  0.233  0.000  0.426  0.000  0.000  0.000  0.000  0.000  0.659
   1.14632     -0.542561  0.002  0.648  0.000  0.006  0.000  0.000  0.000  0.000  0.000  0.660
   1.11615     -0.586245  0.008  0.645  0.000  0.000  0.000  0.000  0.000  0.000  0.002  0.660
   1.08599     -0.658402  0.018  0.630  0.004  0.000  0.000  0.000  0.002  0.000  0.006  0.660
   1.05582     -0.756494  0.031  0.608  0.008  0.000  0.000  0.000  0.003  0.000  0.011  0.659
   1.02565     -0.876329  0.045  0.581  0.013  0.000  0.000  0.000  0.004  0.000  0.016  0.660
   0.99549     -1.012644  0.060  0.556  0.015  0.000  0.000  0.002  0.005  0.000  0.024  0.661
   0.96532     -1.159588  0.073  0.532  0.013  0.000  0.000  0.004  0.007  0.000  0.032  0.662
   0.93515     -1.310760  0.079  0.508  0.013  0.000  0.000  0.012  0.009  0.000  0.041  0.665
   0.90499     -1.459206  0.081  0.485  0.011  0.000  0.000  0.026  0.013  0.000  0.052  0.668
   0.87482     -1.597961  0.074  0.460  0.014  0.000  0.000  0.050  0.017  0.000  0.061  0.675
   0.84466     -1.722587  0.063  0.433  0.019  0.000  0.000  0.077  0.023  0.000  0.066  0.681
   0.81449     -1.796515  0.000  0.000  0.000  0.418  0.066  0.000  0.000  0.229  0.000  0.713
   0.78432     -1.849248  0.000  0.000  0.000  0.425  0.065  0.000  0.000  0.218  0.000  0.707
   0.75416     -1.901966  0.000  0.000  0.000  0.432  0.063  0.000  0.000  0.208  0.000  0.702
   0.72399     -1.954098  0.000  0.000  0.000  0.438  0.063  0.000  0.000  0.196  0.000  0.697
   0.69382     -2.005132  0.000  0.000  0.000  0.445  0.062  0.000  0.000  0.186  0.000  0.692
   0.66366     -2.054541  0.000  0.000  0.000  0.449  0.061  0.000  0.000  0.176  0.000  0.686
   0.63349     -2.101843  0.000  0.000  0.000  0.455  0.062  0.000  0.000  0.166  0.000  0.683
   0.60333     -2.146555  0.000  0.000  0.000  0.460  0.062  0.000  0.000  0.156  0.000  0.677
   0.57316     -2.188239  0.000  0.000  0.000  0.465  0.063  0.000  0.000  0.146  0.000  0.674
   0.54299     -2.226472  0.000  0.000  0.000  0.468  0.064  0.000  0.000  0.138  0.000  0.671
   0.51283     -2.260903  0.000  0.000  0.000  0.472  0.066  0.000  0.000  0.129  0.000  0.667
   0.48266     -2.291180  0.000  0.000  0.000  0.475  0.069  0.000  0.000  0.121  0.000  0.666
   0.45249     -2.317058  0.000  0.000  0.000  0.476  0.073  0.000  0.000  0.113  0.000  0.662
   0.42233     -2.338354  0.000  0.000  0.000  0.478  0.078  0.000  0.000  0.106  0.000  0.661
   0.39216     -2.354952  0.000  0.000  0.000  0.479  0.083  0.000  0.000  0.099  0.000  0.660
   0.36200     -2.366857  0.000  0.000  0.000  0.479  0.089  0.000  0.000  0.092  0.000  0.660
   0.33183     -2.374172  0.000  0.000  0.000  0.477  0.096  0.000  0.000  0.087  0.000  0.659
   0.30166     -2.377125  0.000  0.000  0.002  0.475  0.102  0.000  0.001  0.081  0.000  0.661
   0.27150     -2.354928  0.016  0.144  0.299  0.000  0.000  0.034  0.128  0.000  0.042  0.664
   0.24133     -2.327818  0.016  0.133  0.309  0.000  0.000  0.048  0.114  0.000  0.042  0.664
   0.21116     -2.301027  0.016  0.126  0.316  0.000  0.000  0.064  0.102  0.000  0.043  0.667
   0.18100     -2.275564  0.015  0.117  0.322  0.000  0.000  0.078  0.090  0.000  0.044  0.670
   0.15083     -2.252321  0.015  0.111  0.327  0.000  0.000  0.093  0.081  0.000  0.045  0.671
   0.12067     -2.232101  0.014  0.105  0.330  0.000  0.000  0.105  0.073  0.000  0.046  0.673
   0.09050     -2.215597  0.014  0.101  0.332  0.000  0.000  0.116  0.067  0.000  0.046  0.676
   0.06033     -2.203375  0.013  0.097  0.334  0.000  0.000  0.124  0.062  0.000  0.046  0.678
   0.03017     -2.195851  0.012  0.095  0.334  0.000  0.000  0.130  0.060  0.000  0.046  0.679
   0.00000     -2.193316  0.012  0.094  0.334  0.000  0.000  0.132  0.059  0.000  0.047  0.680
 
# Band-Index:   15
   0.00000     -1.271944  0.000  0.000  0.000  0.539  0.006  0.000  0.000  0.107  0.000  0.652
   0.03017     -1.267473  0.000  0.000  0.000  0.538  0.007  0.000  0.000  0.107  0.000  0.652
   0.06033     -1.254282  0.000  0.000  0.000  0.537  0.010  0.000  0.000  0.107  0.000  0.654
   0.09050     -1.232988  0.000  0.000  0.000  0.534  0.015  0.000  0.000  0.106  0.000  0.655
   0.12067     -1.204506  0.000  0.000  0.000  0.532  0.022  0.000  0.000  0.106  0.000  0.660
   0.15083     -1.169937  0.000  0.000  0.000  0.530  0.029  0.000  0.000  0.106  0.000  0.664
   0.18100     -1.130450  0.000  0.000  0.000  0.526  0.037  0.000  0.000  0.105  0.000  0.668
   0.21116     -1.087169  0.000  0.000  0.000  0.523  0.045  0.000  0.000  0.105  0.000  0.673
   0.24133     -1.041199  0.000  0.000  0.000  0.521  0.052  0.000  0.000  0.105  0.000  0.678
   0.27150     -0.993510  0.000  0.000  0.000  0.517  0.059  0.000  0.000  0.105  0.000  0.681
   0.30166     -0.945012  0.000  0.000  0.000  0.517  0.065  0.000  0.000  0.104  0.000  0.688
   0.33183     -0.896507  0.000  0.000  0.000  0.515  0.072  0.000  0.000  0.104  0.000  0.691
   0.36200     -0.848712  0.000  0.000  0.000  0.514  0.076  0.000  0.000  0.104  0.000  0.696
   0.39216     -0.802238  0.000  0.000  0.000  0.512  0.081  0.000  0.000  0.105  0.000  0.698
   0.42233     -0.757658  0.000  0.000  0.000  0.512  0.085  0.000  0.000  0.105  0.000  0.702
   0.45249     -0.715419  0.000  0.000  0.000  0.512  0.087  0.000  0.000  0.105  0.000  0.705
   0.48266     -0.675913  0.000  0.000  0.000  0.513  0.089  0.000  0.000  0.106  0.000  0.707
   0.51283     -0.639461  0.000  0.000  0.000  0.516  0.090  0.000  0.000  0.105  0.000  0.711
   0.54299     -0.606304  0.000  0.000  0.000  0.516  0.090  0.000  0.000  0.104  0.000  0.711
   0.57316     -0.576623  0.000  0.000  0.000  0.518  0.090  0.000  0.000  0.103  0.000  0.711
   0.60333     -0.550545  0.000  0.000  0.000  0.522  0.089  0.000  0.000  0.102  0.000  0.712
   0.63349     -0.528098  0.000  0.000  0.000  0.525  0.086  0.000  0.000  0.101  0.000  0.713
   0.66366     -0.509273  0.000  0.000  0.000  0.529  0.084  0.000  0.000  0.099  0.000  0.712
   0.69382     -0.494044  0.000  0.000  0.000  0.533  0.081  0.000  0.000  0.096  0.000  0.710
   0.72399     -0.482287  0.000  0.000  0.000  0.541  0.076  0.000  0.000  0.092  0.000  0.710
   0.75416     -0.473869  0.000  0.000  0.000  0.546  0.072  0.000  0.000  0.089  0.000  0.707
   0.78432     -0.468589  0.000  0.000  0.000  0.554  0.067  0.000  0.000  0.084  0.000  0.705
   0.81449     -0.466220  0.000  0.000  0.000  0.561  0.061  0.000  0.000  0.079  0.000  0.702
   0.84466     -0.466499  0.000  0.000  0.000  0.571  0.055  0.000  0.000  0.073  0.000  0.700
   0.87482     -0.469140  0.000  0.000  0.000  0.579  0.049  0.000  0.000  0.067  0.000  0.695
   0.90499     -0.473789  0.000  0.000  0.000  0.589  0.042  0.000  0.000  0.059  0.000  0.691
   0.93515     -0.480042  0.000  0.000  0.000  0.599  0.036  0.000  0.000  0.052  0.000  0.686
   0.96532     -0.487486  0.000  0.000  0.000  0.609  0.029  0.000  0.000  0.043  0.000  0.681
   0.99549     -0.495619  0.000  0.000  0.000  0.619  0.023  0.000  0.000  0.034  0.000  0.677
   1.02565     -0.503910  0.000  0.000  0.000  0.631  0.016  0.000  0.000  0.026  0.000  0.673
   1.05582     -0.511790  0.000  0.000  0.000  0.640  0.012  0.000  0.000  0.017  0.000  0.669
   1.08599     -0.518690  0.000  0.000  0.000  0.647  0.007  0.000  0.000  0.010  0.000  0.665
   1.11615     -0.524076  0.000  0.000  0.000  0.654  0.003  0.000  0.000  0.005  0.000  0.661
   1.14632     -0.527390  0.000  0.006  0.000  0.649  0.001  0.000  0.000  0.001  0.000  0.660
   1.17648     -0.526587  0.000  0.427  0.000  0.233  0.000  0.000  0.000  0.000  0.000  0.659
   1.17648     -0.526587  0.000  0.427  0.000  0.233  0.000  0.000  0.000  0.000  0.000  0.659
   1.20665     -0.532012  0.000  0.052  0.000  0.607  0.000  0.000  0.000  0.000  0.000  0.659
   1.23682     -0.543508  0.000  0.002  0.000  0.653  0.002  0.000  0.000  0.000  0.000  0.660
   1.26698     -0.561909  0.000  0.000  0.000  0.654  0.006  0.000  0.000  0.000  0.000  0.659
   1.29715     -0.587160  0.000  0.000  0.000  0.650  0.010  0.000  0.000  0.001  0.000  0.660
   1.32732     -0.618838  0.000  0.000  0.000  0.644  0.014  0.000  0.000  0.001  0.000  0.660
   1.35748     -0.656423  0.000  0.000  0.000  0.639  0.020  0.000  0.000  0.001  0.000  0.660
   1.38765     -0.699318  0.000  0.000  0.000  0.634  0.026  0.000  0.000  0.001  0.000  0.661
   1.41781     -0.746858  0.000  0.000  0.000  0.626  0.033  0.000  0.000  0.001  0.000  0.660
   1.44798     -0.798336  0.000  0.000  0.000  0.619  0.039  0.000  0.000  0.001  0.000  0.661
   1.47815     -0.852983  0.000  0.000  0.000  0.614  0.046  0.000  0.000  0.001  0.000  0.661
   1.50831     -0.909984  0.000  0.000  0.000  0.607  0.052  0.000  0.000  0.002  0.000  0.660
   1.53848     -0.968452  0.000  0.000  0.000  0.600  0.057  0.000  0.000  0.002  0.000  0.659
   1.56865     -1.027358  0.000  0.000  0.000  0.594  0.061  0.000  0.000  0.004  0.000  0.660
   1.59881     -1.085480  0.000  0.000  0.000  0.587  0.064  0.000  0.000  0.007  0.000  0.658
   1.62898     -1.141303  0.000  0.000  0.000  0.580  0.065  0.000  0.000  0.013  0.000  0.658
   1.65914     -1.192983  0.000  0.000  0.000  0.572  0.064  0.000  0.000  0.023  0.000  0.659
   1.68931     -1.238417  0.000  0.000  0.000  0.561  0.060  0.000  0.000  0.040  0.000  0.660
   1.71948     -1.275750  0.000  0.000  0.000  0.545  0.055  0.000  0.000  0.062  0.000  0.663
   1.74964     -1.304125  0.000  0.000  0.000  0.530  0.049  0.000  0.000  0.088  0.000  0.666
   1.77981     -1.324088  0.000  0.000  0.000  0.518  0.043  0.000  0.000  0.111  0.000  0.672
   1.80998     -1.337050  0.000  0.000  0.000  0.506  0.038  0.000  0.000  0.129  0.000  0.673
   1.84014     -1.344643  0.000  0.000  0.000  0.500  0.034  0.000  0.000  0.141  0.000  0.675
   1.87031     -1.374973  0.006  0.071  0.381  0.000  0.000  0.133  0.051  0.000  0.065  0.708
   1.90047     -1.426405  0.006  0.070  0.375  0.000  0.000  0.138  0.055  0.000  0.065  0.711
   1.93064     -1.469253  0.009  0.068  0.372  0.000  0.000  0.140  0.059  0.000  0.065  0.711
   1.96081     -1.501283  0.010  0.068  0.367  0.000  0.000  0.140  0.064  0.000  0.064  0.713
   1.99097     -1.519510  0.012  0.068  0.364  0.000  0.000  0.137  0.068  0.000  0.063  0.714
   2.02114     -1.520527  0.018  0.070  0.363  0.000  0.000  0.130  0.070  0.000  0.061  0.711
   2.05131     -1.501688  0.022  0.074  0.363  0.000  0.000  0.120  0.070  0.000  0.058  0.707
   2.08147     -1.462960  0.027  0.081  0.363  0.000  0.000  0.109  0.065  0.000  0.056  0.702
   2.11164     -1.407954  0.031  0.086  0.365  0.000  0.000  0.097  0.060  0.000  0.054  0.696
   2.14180     -1.342693  0.036  0.091  0.369  0.000  0.000  0.088  0.052  0.000  0.053  0.691
   2.17197     -1.294791  0.000  0.000  0.002  0.524  0.010  0.000  0.000  0.122  0.000  0.658
   2.20214     -1.288289  0.000  0.000  0.000  0.530  0.008  0.000  0.000  0.118  0.000  0.656
   2.23230     -1.282685  0.000  0.000  0.000  0.533  0.008  0.000  0.000  0.114  0.000  0.654
   2.26247     -1.278113  0.000  0.000  0.000  0.535  0.007  0.000  0.000  0.111  0.000  0.654
   2.29264     -1.274724  0.000  0.000  0.000  0.536  0.006  0.000  0.000  0.109  0.000  0.651
   2.32280     -1.272644  0.000  0.000  0.000  0.538  0.006  0.000  0.000  0.108  0.000  0.652
   2.35297     -1.271944  0.000  0.000  0.000  0.539  0.006  0.000  0.000  0.107  0.000  0.652
 
# Band-Index:   16
   2.35297     -1.025208  0.037  0.100  0.396  0.000  0.000  0.069  0.023  0.000  0.056  0.681
   2.32280     -1.033196  0.037  0.100  0.393  0.000  0.000  0.069  0.024  0.000  0.055  0.681
   2.29264     -1.056806  0.037  0.101  0.392  0.000  0.000  0.070  0.025  0.000  0.056  0.682
   2.26247     -1.094905  0.038  0.101  0.388  0.000  0.000  0.071  0.028  0.000  0.054  0.682
   2.23230     -1.145649  0.039  0.100  0.386  0.000  0.000  0.074  0.033  0.000  0.054  0.682
   2.20214     -1.206374  0.038  0.098  0.380  0.000  0.000  0.076  0.039  0.000  0.053  0.684
   2.17197     -1.273506  0.036  0.093  0.374  0.002  0.000  0.082  0.045  0.000  0.053  0.686
   2.14180     -1.301732  0.000  0.000  0.000  0.521  0.011  0.000  0.000  0.127  0.000  0.659
   2.11164     -1.309198  0.000  0.000  0.000  0.517  0.012  0.000  0.000  0.131  0.000  0.662
   2.08147     -1.316763  0.000  0.000  0.000  0.512  0.015  0.000  0.000  0.137  0.000  0.663
   2.05131     -1.324184  0.000  0.000  0.000  0.509  0.016  0.000  0.000  0.141  0.000  0.666
   2.02114     -1.331177  0.000  0.000  0.000  0.506  0.018  0.000  0.000  0.146  0.000  0.669
   1.99097     -1.337454  0.000  0.000  0.000  0.500  0.020  0.000  0.000  0.149  0.000  0.669
   1.96081     -1.342682  0.000  0.000  0.000  0.497  0.023  0.000  0.000  0.152  0.000  0.672
   1.93064     -1.346508  0.000  0.000  0.000  0.497  0.025  0.000  0.000  0.153  0.000  0.675
   1.90047     -1.348481  0.000  0.000  0.000  0.494  0.028  0.000  0.000  0.153  0.000  0.675
   1.87031     -1.348071  0.000  0.000  0.000  0.496  0.030  0.000  0.000  0.148  0.000  0.676
   1.84014     -1.316477  0.006  0.072  0.387  0.000  0.000  0.128  0.046  0.000  0.065  0.705
   1.80998     -1.252222  0.006  0.073  0.394  0.000  0.000  0.122  0.042  0.000  0.064  0.703
   1.77981     -1.182990  0.006  0.074  0.403  0.000  0.000  0.115  0.038  0.000  0.064  0.700
   1.74964     -1.109516  0.006  0.075  0.411  0.000  0.000  0.106  0.035  0.000  0.063  0.695
   1.71948     -1.032459  0.007  0.075  0.422  0.000  0.000  0.097  0.032  0.000  0.061  0.692
   1.68931     -0.952472  0.007  0.075  0.433  0.000  0.000  0.086  0.028  0.000  0.059  0.690
   1.65914     -0.870300  0.007  0.075  0.446  0.000  0.000  0.076  0.025  0.000  0.057  0.687
   1.62898     -0.786780  0.010  0.074  0.459  0.000  0.000  0.065  0.022  0.000  0.055  0.682
   1.59881     -0.702926  0.010  0.072  0.473  0.000  0.000  0.054  0.019  0.000  0.051  0.679
   1.56865     -0.619857  0.010  0.071  0.485  0.000  0.000  0.044  0.016  0.000  0.048  0.676
   1.53848     -0.538844  0.013  0.069  0.501  0.000  0.000  0.034  0.014  0.000  0.043  0.674
   1.50831     -0.461244  0.014  0.064  0.519  0.000  0.000  0.026  0.011  0.000  0.039  0.672
   1.47815     -0.388397  0.014  0.060  0.535  0.000  0.000  0.018  0.009  0.000  0.034  0.670
   1.44798     -0.321548  0.015  0.053  0.551  0.000  0.000  0.013  0.007  0.000  0.029  0.669
   1.41781     -0.261699  0.013  0.048  0.568  0.000  0.000  0.009  0.005  0.000  0.024  0.669
   1.38765     -0.209547  0.013  0.039  0.587  0.000  0.000  0.006  0.004  0.000  0.018  0.669
   1.35748     -0.165409  0.011  0.032  0.603  0.000  0.000  0.005  0.003  0.000  0.015  0.669
   1.32732     -0.129225  0.010  0.023  0.620  0.000  0.000  0.003  0.002  0.000  0.010  0.668
   1.29715     -0.100595  0.008  0.015  0.635  0.000  0.000  0.002  0.001  0.000  0.007  0.668
   1.26698     -0.079020  0.004  0.008  0.649  0.000  0.000  0.002  0.000  0.000  0.004  0.667
   1.23682     -0.063959  0.004  0.004  0.657  0.000  0.000  0.001  0.000  0.000  0.002  0.667
   1.20665     -0.055056  0.000  0.000  0.664  0.000  0.000  0.000  0.000  0.000  0.000  0.667
   1.17648     -0.052114  0.000  0.000  0.666  0.000  0.000  0.000  0.000  0.000  0.000  0.666
   1.17648     -0.052114  0.000  0.000  0.666  0.000  0.000  0.000  0.000  0.000  0.000  0.666
   1.14632     -0.054961  0.000  0.000  0.664  0.000  0.000  0.000  0.000  0.000  0.000  0.667
   1.11615     -0.062562  0.004  0.004  0.657  0.000  0.000  0.001  0.000  0.000  0.002  0.667
   1.08599     -0.072811  0.004  0.012  0.645  0.000  0.000  0.002  0.000  0.000  0.004  0.666
   1.05582     -0.083874  0.004  0.026  0.629  0.000  0.000  0.003  0.002  0.000  0.006  0.669
   1.02565     -0.094958  0.004  0.038  0.610  0.000  0.000  0.005  0.002  0.000  0.008  0.670
   0.99549     -0.106054  0.006  0.054  0.591  0.000  0.000  0.006  0.004  0.000  0.011  0.671
   0.96532     -0.117587  0.006  0.064  0.574  0.000  0.000  0.008  0.004  0.000  0.013  0.672
   0.93515     -0.130028  0.006  0.077  0.560  0.000  0.000  0.010  0.006  0.000  0.015  0.672
   0.90499     -0.143790  0.006  0.086  0.545  0.000  0.000  0.012  0.008  0.000  0.017  0.674
   0.87482     -0.159185  0.006  0.094  0.533  0.000  0.000  0.014  0.009  0.000  0.019  0.674
   0.84466     -0.176442  0.006  0.101  0.521  0.000  0.000  0.016  0.012  0.000  0.021  0.677
   0.81449     -0.195673  0.005  0.105  0.511  0.000  0.000  0.018  0.013  0.000  0.023  0.677
   0.78432     -0.216937  0.005  0.110  0.501  0.000  0.000  0.021  0.016  0.000  0.025  0.678
   0.75416     -0.240241  0.007  0.114  0.492  0.000  0.000  0.024  0.017  0.000  0.027  0.681
   0.72399     -0.265554  0.007  0.116  0.484  0.000  0.000  0.026  0.019  0.000  0.028  0.682
   0.69382     -0.292851  0.007  0.119  0.476  0.000  0.000  0.030  0.022  0.000  0.030  0.683
   0.66366     -0.322030  0.007  0.119  0.468  0.000  0.000  0.033  0.023  0.000  0.030  0.684
   0.63349     -0.353041  0.009  0.119  0.462  0.000  0.000  0.038  0.025  0.000  0.032  0.685
   0.60333     -0.385787  0.009  0.120  0.457  0.000  0.000  0.042  0.026  0.000  0.033  0.686
   0.57316     -0.420192  0.009  0.121  0.449  0.000  0.000  0.046  0.027  0.000  0.034  0.688
   0.54299     -0.456148  0.011  0.119  0.445  0.000  0.000  0.051  0.028  0.000  0.036  0.690
   0.51283     -0.493537  0.011  0.120  0.438  0.000  0.000  0.055  0.029  0.000  0.037  0.691
   0.48266     -0.532210  0.013  0.118  0.432  0.000  0.000  0.060  0.030  0.000  0.038  0.693
   0.45249     -0.571993  0.014  0.115  0.427  0.000  0.000  0.064  0.030  0.000  0.039  0.694
   0.42233     -0.612653  0.017  0.114  0.423  0.000  0.000  0.069  0.031  0.000  0.041  0.694
   0.39216     -0.653934  0.017  0.112  0.418  0.000  0.000  0.073  0.030  0.000  0.042  0.695
   0.36200     -0.695480  0.020  0.110  0.415  0.000  0.000  0.077  0.030  0.000  0.043  0.694
   0.33183     -0.736888  0.021  0.108  0.410  0.000  0.000  0.080  0.030  0.000  0.045  0.695
   0.30166     -0.777706  0.023  0.106  0.407  0.000  0.000  0.082  0.029  0.000  0.046  0.695
   0.27150     -0.817410  0.026  0.106  0.404  0.000  0.000  0.082  0.029  0.000  0.047  0.694
   0.24133     -0.855427  0.027  0.103  0.403  0.000  0.000  0.082  0.028  0.000  0.049  0.691
   0.21116     -0.891145  0.029  0.104  0.400  0.000  0.000  0.082  0.027  0.000  0.049  0.691
   0.18100     -0.923934  0.032  0.101  0.399  0.000  0.000  0.079  0.026  0.000  0.051  0.690
   0.15083     -0.953131  0.032  0.101  0.398  0.000  0.000  0.078  0.026  0.000  0.053  0.686
   0.12067     -0.978110  0.035  0.101  0.397  0.000  0.000  0.075  0.025  0.000  0.053  0.686
   0.09050     -0.998268  0.035  0.100  0.396  0.000  0.000  0.072  0.024  0.000  0.055  0.685
   0.06033     -1.013087  0.037  0.101  0.396  0.000  0.000  0.071  0.024  0.000  0.055  0.681
   0.03017     -1.022155  0.037  0.102  0.396  0.000  0.000  0.069  0.023  0.000  0.056  0.681
   0.00000     -1.025208  0.037  0.100  0.396  0.000  0.000  0.069  0.023  0.000  0.056  0.681
 
# Band-Index:   17
   0.00000      1.817126  0.000  0.000  0.000  0.118  0.219  0.000  0.000  0.534  0.000  0.871
   0.03017      1.817677  0.000  0.000  0.000  0.118  0.219  0.000  0.000  0.533  0.000  0.870
   0.06033      1.819332  0.000  0.000  0.000  0.118  0.219  0.000  0.000  0.533  0.000  0.869
   0.09050      1.822101  0.000  0.000  0.000  0.120  0.218  0.000  0.000  0.532  0.000  0.871
   0.12067      1.826010  0.000  0.000  0.000  0.120  0.218  0.000  0.000  0.531  0.000  0.869
   0.15083      1.831077  0.000  0.000  0.000  0.122  0.217  0.000  0.000  0.529  0.000  0.868
   0.18100      1.837327  0.000  0.000  0.000  0.123  0.217  0.000  0.000  0.527  0.000  0.868
   0.21116      1.844793  0.000  0.000  0.000  0.125  0.216  0.000  0.000  0.526  0.000  0.866
   0.24133      1.853492  0.000  0.000  0.000  0.129  0.215  0.000  0.000  0.523  0.000  0.867
   0.27150      1.863451  0.000  0.000  0.000  0.130  0.214  0.000  0.000  0.520  0.000  0.865
   0.30166      1.874625  0.000  0.000  0.000  0.133  0.212  0.004  0.000  0.512  0.002  0.865
   0.33183      1.828947  0.079  0.004  0.030  0.000  0.000  0.524  0.005  0.000  0.271  0.911
   0.36200      1.784618  0.079  0.002  0.024  0.000  0.000  0.529  0.005  0.000  0.274  0.913
   0.39216      1.749100  0.079  0.002  0.022  0.000  0.000  0.533  0.004  0.000  0.277  0.915
   0.42233      1.722337  0.078  0.000  0.019  0.000  0.000  0.535  0.003  0.000  0.280  0.916
   0.45249      1.704014  0.079  0.000  0.017  0.000  0.000  0.536  0.003  0.000  0.282  0.917
   0.48266      1.693618  0.076  0.003  0.017  0.000  0.000  0.536  0.001  0.000  0.285  0.919
   0.51283      1.690508  0.076  0.005  0.015  0.000  0.000  0.533  0.001  0.000  0.287  0.917
   0.54299      1.693980  0.077  0.007  0.015  0.000  0.000  0.529  0.001  0.000  0.288  0.917
   0.57316      1.703315  0.075  0.012  0.016  0.000  0.000  0.523  0.000  0.000  0.288  0.915
   0.60333      1.717822  0.075  0.016  0.016  0.000  0.000  0.515  0.000  0.000  0.289  0.910
   0.63349      1.736872  0.074  0.020  0.017  0.000  0.000  0.507  0.000  0.000  0.288  0.906
   0.66366      1.759910  0.073  0.026  0.016  0.000  0.000  0.496  0.000  0.000  0.287  0.901
   0.69382      1.786455  0.071  0.034  0.018  0.000  0.000  0.485  0.000  0.000  0.286  0.895
   0.72399      1.816116  0.070  0.040  0.019  0.000  0.000  0.473  0.000  0.000  0.285  0.890
   0.75416      1.848551  0.070  0.050  0.021  0.000  0.000  0.461  0.000  0.000  0.284  0.882
   0.78432      1.883478  0.066  0.058  0.021  0.000  0.000  0.448  0.000  0.000  0.282  0.876
   0.81449      1.920618  0.064  0.068  0.020  0.000  0.000  0.435  0.000  0.000  0.280  0.869
   0.84466      1.959664  0.059  0.079  0.022  0.000  0.000  0.423  0.000  0.000  0.279  0.864
   0.87482      2.000252  0.055  0.091  0.023  0.000  0.000  0.412  0.000  0.000  0.278  0.858
   0.90499      2.041893  0.049  0.105  0.023  0.000  0.000  0.400  0.000  0.000  0.278  0.853
   0.93515      2.083920  0.042  0.119  0.021  0.000  0.000  0.389  0.000  0.000  0.277  0.849
   0.96532      2.125446  0.033  0.134  0.020  0.000  0.000  0.381  0.000  0.000  0.278  0.847
   0.99549      2.165335  0.026  0.148  0.018  0.000  0.000  0.373  0.000  0.000  0.280  0.847
   1.02565      2.202220  0.018  0.164  0.016  0.000  0.000  0.366  0.000  0.000  0.282  0.846
   1.05582      2.234611  0.012  0.179  0.012  0.000  0.000  0.362  0.000  0.000  0.285  0.847
   1.08599      2.261093  0.007  0.192  0.007  0.000  0.000  0.358  0.000  0.000  0.287  0.852
   1.11615      2.280554  0.002  0.202  0.005  0.000  0.000  0.356  0.000  0.000  0.290  0.855
   1.14632      2.292367  0.000  0.208  0.000  0.002  0.001  0.353  0.000  0.002  0.291  0.858
   1.17648      2.296158  0.000  0.138  0.000  0.072  0.102  0.231  0.000  0.123  0.192  0.858
   1.17648      2.296158  0.000  0.138  0.000  0.072  0.102  0.231  0.000  0.123  0.192  0.858
   1.20665      2.289884  0.000  0.208  0.000  0.000  0.000  0.355  0.000  0.000  0.293  0.856
   1.23682      2.271444  0.002  0.200  0.005  0.000  0.000  0.356  0.000  0.000  0.291  0.854
   1.26698      2.243431  0.004  0.189  0.009  0.000  0.000  0.359  0.000  0.000  0.289  0.850
   1.29715      2.209160  0.008  0.175  0.014  0.000  0.000  0.364  0.000  0.000  0.286  0.847
   1.32732      2.172175  0.010  0.161  0.021  0.000  0.000  0.370  0.000  0.000  0.284  0.846
   1.35748      2.135701  0.012  0.145  0.027  0.000  0.000  0.377  0.000  0.000  0.281  0.843
   1.38765      2.102349  0.015  0.130  0.035  0.000  0.000  0.385  0.000  0.000  0.278  0.844
   1.41781      2.073993  0.017  0.116  0.044  0.000  0.000  0.392  0.001  0.000  0.275  0.845
   1.44798      2.051789  0.017  0.104  0.051  0.000  0.000  0.401  0.001  0.000  0.272  0.847
   1.47815      2.036246  0.020  0.092  0.060  0.000  0.000  0.408  0.001  0.000  0.269  0.850
   1.50831      2.027364  0.021  0.082  0.068  0.000  0.000  0.415  0.001  0.000  0.266  0.853
   1.53848      2.024771  0.021  0.074  0.074  0.000  0.000  0.421  0.002  0.000  0.264  0.855
   1.56865      2.027859  0.024  0.065  0.080  0.000  0.000  0.427  0.002  0.000  0.260  0.860
   1.59881      2.035904  0.025  0.059  0.086  0.000  0.000  0.433  0.002  0.000  0.257  0.863
   1.62898      2.048116  0.026  0.053  0.092  0.000  0.000  0.438  0.003  0.000  0.255  0.867
   1.65914      2.063729  0.027  0.050  0.096  0.000  0.000  0.442  0.003  0.000  0.253  0.870
   1.68931      2.082034  0.029  0.046  0.099  0.000  0.000  0.447  0.004  0.000  0.251  0.876
   1.71948      2.102367  0.030  0.041  0.101  0.000  0.000  0.450  0.004  0.000  0.250  0.879
   1.74964      2.124150  0.031  0.039  0.103  0.000  0.000  0.454  0.005  0.000  0.248  0.881
   1.77981      2.146869  0.034  0.037  0.104  0.000  0.000  0.458  0.006  0.000  0.247  0.885
   1.80998      2.170083  0.035  0.034  0.104  0.000  0.000  0.462  0.006  0.000  0.246  0.889
   1.84014      2.193408  0.038  0.032  0.106  0.000  0.000  0.466  0.006  0.000  0.245  0.890
   1.87031      2.216530  0.039  0.030  0.105  0.000  0.000  0.469  0.006  0.000  0.245  0.895
   1.90047      2.239179  0.042  0.029  0.103  0.000  0.000  0.472  0.006  0.000  0.245  0.896
   1.93064      2.219907  0.000  0.000  0.000  0.180  0.215  0.000  0.000  0.479  0.000  0.874
   1.96081      2.179205  0.000  0.000  0.000  0.174  0.215  0.000  0.000  0.485  0.000  0.874
   1.99097      2.137671  0.000  0.000  0.000  0.168  0.215  0.000  0.000  0.490  0.000  0.873
   2.02114      2.096048  0.000  0.000  0.000  0.161  0.216  0.000  0.000  0.496  0.000  0.873
   2.05131      2.055061  0.000  0.000  0.000  0.155  0.216  0.000  0.000  0.502  0.000  0.872
   2.08147      2.015429  0.000  0.000  0.000  0.150  0.216  0.000  0.000  0.507  0.000  0.873
   2.11164      1.977843  0.000  0.000  0.000  0.143  0.217  0.000  0.000  0.512  0.000  0.872
   2.14180      1.942963  0.000  0.000  0.000  0.138  0.217  0.000  0.000  0.516  0.000  0.871
   2.17197      1.911385  0.000  0.000  0.000  0.132  0.217  0.000  0.000  0.520  0.000  0.871
   2.20214      1.883666  0.000  0.000  0.000  0.129  0.218  0.000  0.000  0.524  0.000  0.871
   2.23230      1.860284  0.000  0.000  0.000  0.126  0.218  0.000  0.000  0.528  0.000  0.871
   2.26247      1.841656  0.000  0.000  0.000  0.122  0.219  0.000  0.000  0.530  0.000  0.870
   2.29264      1.828110  0.000  0.000  0.000  0.120  0.219  0.000  0.000  0.532  0.000  0.871
   2.32280      1.819885  0.000  0.000  0.000  0.118  0.219  0.000  0.000  0.533  0.000  0.870
   2.35297      1.817126  0.000  0.000  0.000  0.118  0.219  0.000  0.000  0.534  0.000  0.871
 
# Band-Index:   18
   2.35297      2.446741  0.049  0.021  0.078  0.000  0.000  0.498  0.004  0.000  0.280  0.930
   2.32280      2.445300  0.049  0.021  0.078  0.000  0.000  0.498  0.004  0.000  0.279  0.929
   2.29264      2.441057  0.050  0.021  0.078  0.000  0.000  0.497  0.004  0.000  0.277  0.927
   2.26247      2.434241  0.050  0.021  0.080  0.000  0.000  0.495  0.004  0.000  0.274  0.925
   2.23230      2.425179  0.052  0.022  0.080  0.000  0.000  0.494  0.004  0.000  0.271  0.924
   2.20214      2.414226  0.054  0.022  0.082  0.000  0.000  0.492  0.004  0.000  0.267  0.920
   2.17197      2.401705  0.053  0.022  0.083  0.000  0.000  0.490  0.005  0.000  0.263  0.918
   2.14180      2.387876  0.055  0.023  0.086  0.000  0.000  0.489  0.006  0.000  0.259  0.916
   2.11164      2.372898  0.054  0.021  0.088  0.000  0.000  0.487  0.006  0.000  0.255  0.912
   2.08147      2.356856  0.053  0.023  0.091  0.000  0.000  0.485  0.006  0.000  0.253  0.910
   2.05131      2.339771  0.054  0.025  0.094  0.000  0.000  0.483  0.006  0.000  0.250  0.908
   2.02114      2.321645  0.051  0.026  0.096  0.000  0.000  0.481  0.006  0.000  0.248  0.906
   1.99097      2.302476  0.048  0.024  0.097  0.000  0.000  0.479  0.006  0.000  0.247  0.904
   1.96081      2.282295  0.046  0.026  0.099  0.000  0.000  0.477  0.006  0.000  0.246  0.902
   1.93064      2.261164  0.043  0.027  0.102  0.000  0.000  0.474  0.006  0.000  0.245  0.901
   1.90047      2.259072  0.000  0.000  0.000  0.188  0.215  0.000  0.000  0.473  0.000  0.877
   1.87031      2.295988  0.000  0.000  0.000  0.194  0.216  0.000  0.000  0.468  0.000  0.877
   1.84014      2.330028  0.000  0.000  0.000  0.200  0.216  0.000  0.000  0.461  0.000  0.877
   1.80998      2.360616  0.000  0.000  0.000  0.206  0.217  0.000  0.000  0.454  0.000  0.878
   1.77981      2.387259  0.000  0.000  0.000  0.209  0.218  0.000  0.000  0.448  0.000  0.876
   1.74964      2.409567  0.000  0.000  0.000  0.216  0.219  0.000  0.000  0.441  0.000  0.877
   1.71948      2.427279  0.000  0.000  0.000  0.221  0.221  0.000  0.000  0.435  0.000  0.876
   1.68931      2.440255  0.000  0.000  0.000  0.225  0.223  0.000  0.000  0.428  0.000  0.875
   1.65914      2.448472  0.000  0.000  0.000  0.228  0.225  0.000  0.000  0.421  0.000  0.874
   1.62898      2.452074  0.000  0.000  0.000  0.230  0.229  0.000  0.000  0.414  0.000  0.872
   1.59881      2.451298  0.000  0.000  0.000  0.231  0.232  0.000  0.000  0.407  0.000  0.870
   1.56865      2.446533  0.000  0.000  0.000  0.233  0.236  0.000  0.000  0.400  0.000  0.869
   1.53848      2.438253  0.000  0.000  0.000  0.234  0.241  0.000  0.000  0.395  0.000  0.868
   1.50831      2.427011  0.000  0.000  0.000  0.233  0.245  0.000  0.000  0.388  0.000  0.867
   1.47815      2.413439  0.000  0.000  0.000  0.231  0.251  0.000  0.000  0.382  0.000  0.864
   1.44798      2.398220  0.000  0.000  0.000  0.228  0.256  0.000  0.000  0.377  0.000  0.862
   1.41781      2.382060  0.000  0.000  0.000  0.226  0.262  0.000  0.000  0.373  0.000  0.860
   1.38765      2.365658  0.000  0.000  0.000  0.224  0.268  0.000  0.000  0.368  0.000  0.860
   1.35748      2.349726  0.000  0.000  0.000  0.222  0.273  0.000  0.000  0.364  0.000  0.860
   1.32732      2.334929  0.000  0.000  0.000  0.218  0.279  0.000  0.000  0.361  0.000  0.859
   1.29715      2.321886  0.000  0.000  0.000  0.216  0.283  0.000  0.000  0.359  0.000  0.858
   1.26698      2.311134  0.000  0.000  0.000  0.214  0.288  0.000  0.000  0.356  0.000  0.858
   1.23682      2.303114  0.000  0.000  0.000  0.212  0.291  0.000  0.000  0.355  0.000  0.858
   1.20665      2.298169  0.000  0.000  0.000  0.210  0.293  0.000  0.000  0.354  0.000  0.857
   1.17648      2.296661  0.000  0.074  0.000  0.138  0.192  0.123  0.000  0.231  0.101  0.857
   1.17648      2.296661  0.000  0.074  0.000  0.138  0.192  0.123  0.000  0.231  0.101  0.857
   1.14632      2.295618  0.000  0.002  0.000  0.210  0.291  0.002  0.000  0.353  0.001  0.857
   1.11615      2.292951  0.000  0.000  0.000  0.210  0.292  0.000  0.000  0.356  0.000  0.858
   1.08599      2.288562  0.000  0.000  0.000  0.211  0.289  0.000  0.000  0.358  0.000  0.858
   1.05582      2.282484  0.000  0.000  0.000  0.209  0.287  0.000  0.000  0.361  0.000  0.856
   1.02565      2.274793  0.000  0.000  0.000  0.210  0.283  0.000  0.000  0.364  0.000  0.857
   0.99549      2.265557  0.000  0.000  0.000  0.208  0.278  0.000  0.000  0.368  0.000  0.856
   0.96532      2.254856  0.000  0.000  0.000  0.207  0.274  0.000  0.000  0.373  0.000  0.855
   0.93515      2.242776  0.000  0.000  0.000  0.206  0.269  0.000  0.000  0.380  0.000  0.855
   0.90499      2.229402  0.000  0.000  0.000  0.205  0.264  0.000  0.000  0.386  0.000  0.855
   0.87482      2.214815  0.000  0.000  0.000  0.204  0.259  0.000  0.000  0.392  0.000  0.855
   0.84466      2.199106  0.000  0.000  0.000  0.201  0.253  0.000  0.000  0.399  0.000  0.854
   0.81449      2.182362  0.000  0.000  0.000  0.199  0.248  0.000  0.000  0.407  0.000  0.853
   0.78432      2.164681  0.000  0.000  0.000  0.196  0.243  0.000  0.000  0.414  0.000  0.853
   0.75416      2.146177  0.000  0.000  0.000  0.194  0.237  0.000  0.000  0.422  0.000  0.853
   0.72399      2.126974  0.000  0.000  0.000  0.191  0.234  0.000  0.000  0.430  0.000  0.854
   0.69382      2.107200  0.000  0.000  0.000  0.187  0.229  0.000  0.000  0.438  0.000  0.854
   0.66366      2.087022  0.000  0.000  0.000  0.183  0.226  0.000  0.000  0.446  0.000  0.853
   0.63349      2.066593  0.000  0.000  0.000  0.179  0.222  0.000  0.000  0.453  0.000  0.855
   0.60333      2.046102  0.000  0.000  0.000  0.176  0.219  0.000  0.000  0.460  0.000  0.856
   0.57316      2.025733  0.000  0.000  0.000  0.172  0.217  0.000  0.000  0.468  0.000  0.857
   0.54299      2.005670  0.000  0.000  0.000  0.167  0.216  0.000  0.000  0.474  0.000  0.857
   0.51283      1.986095  0.000  0.000  0.000  0.163  0.215  0.000  0.000  0.481  0.000  0.858
   0.48266      1.967184  0.000  0.000  0.000  0.158  0.213  0.000  0.000  0.487  0.000  0.858
   0.45249      1.949088  0.000  0.000  0.000  0.153  0.212  0.000  0.000  0.493  0.000  0.860
   0.42233      1.931941  0.000  0.000  0.000  0.148  0.213  0.000  0.000  0.499  0.000  0.860
   0.39216      1.915856  0.000  0.000  0.000  0.145  0.212  0.000  0.000  0.504  0.000  0.862
   0.36200      1.900912  0.000  0.000  0.000  0.140  0.213  0.000  0.000  0.509  0.000  0.862
   0.33183      1.887180  0.000  0.000  0.000  0.137  0.214  0.000  0.000  0.513  0.000  0.863
   0.30166      1.881862  0.078  0.006  0.032  0.000  0.002  0.514  0.006  0.004  0.266  0.910
   0.27150      1.942473  0.077  0.010  0.038  0.000  0.000  0.513  0.007  0.000  0.265  0.908
   0.24133      2.009729  0.075  0.010  0.044  0.000  0.000  0.507  0.006  0.000  0.264  0.908
   0.21116      2.081794  0.071  0.014  0.049  0.000  0.000  0.503  0.006  0.000  0.263  0.907
   0.18100      2.156224  0.067  0.017  0.055  0.000  0.000  0.499  0.007  0.000  0.265  0.910
   0.15083      2.229889  0.064  0.019  0.062  0.000  0.000  0.497  0.006  0.000  0.266  0.914
   0.12067      2.298995  0.060  0.020  0.066  0.000  0.000  0.496  0.006  0.000  0.270  0.918
   0.09050      2.359269  0.054  0.021  0.071  0.000  0.000  0.496  0.005  0.000  0.273  0.922
   0.06033      2.406358  0.051  0.021  0.076  0.000  0.000  0.497  0.004  0.000  0.276  0.926
   0.03017      2.436407  0.048  0.021  0.077  0.000  0.000  0.498  0.004  0.000  0.279  0.928
   0.00000      2.446741  0.049  0.021  0.078  0.000  0.000  0.498  0.004  0.000  0.280  0.930
 
# Band-Index:   19
   0.00000      3.834309  0.352  0.105  0.021  0.000  0.000  0.003  0.001  0.000  0.001  0.483
   0.03017      3.819491  0.352  0.104  0.019  0.000  0.000  0.002  0.001  0.000  0.002  0.480
   0.06033      3.791131  0.356  0.102  0.017  0.000  0.000  0.001  0.001  0.000  0.003  0.481
   0.09050      3.766753  0.357  0.099  0.013  0.000  0.000  0.002  0.001  0.000  0.005  0.479
   0.12067      3.752652  0.359  0.095  0.012  0.000  0.000  0.002  0.001  0.000  0.009  0.480
   0.15083      3.750404  0.359  0.094  0.011  0.000  0.000  0.003  0.001  0.000  0.013  0.481
   0.18100      3.760013  0.358  0.093  0.010  0.000  0.000  0.004  0.001  0.000  0.016  0.481
   0.21116      3.781022  0.355  0.091  0.011  0.000  0.000  0.005  0.001  0.000  0.020  0.483
   0.24133      3.812964  0.355  0.089  0.011  0.000  0.000  0.005  0.001  0.000  0.023  0.481
   0.27150      3.855530  0.353  0.089  0.011  0.000  0.000  0.005  0.001  0.000  0.025  0.482
   0.30166      3.908546  0.349  0.089  0.011  0.000  0.000  0.005  0.002  0.000  0.026  0.482
   0.33183      3.971986  0.347  0.089  0.011  0.000  0.000  0.005  0.002  0.000  0.028  0.482
   0.36200      4.045885  0.345  0.089  0.013  0.000  0.000  0.004  0.002  0.000  0.030  0.481
   0.39216      4.130282  0.341  0.088  0.013  0.000  0.000  0.004  0.002  0.000  0.031  0.481
   0.42233      4.225121  0.339  0.088  0.014  0.000  0.000  0.005  0.002  0.000  0.034  0.482
   0.45249      4.330178  0.335  0.090  0.017  0.000  0.000  0.006  0.002  0.000  0.035  0.484
   0.48266      4.444910  0.331  0.091  0.017  0.000  0.000  0.007  0.003  0.000  0.037  0.486
   0.51283      4.568298  0.328  0.092  0.017  0.000  0.000  0.009  0.003  0.000  0.040  0.488
   0.54299      4.698605  0.322  0.095  0.016  0.000  0.000  0.013  0.004  0.000  0.042  0.492
   0.57316      4.833041  0.319  0.096  0.015  0.000  0.000  0.016  0.006  0.000  0.044  0.497
   0.60333      4.967431  0.314  0.102  0.013  0.000  0.000  0.020  0.008  0.000  0.046  0.502
   0.63349      5.096070  0.310  0.106  0.010  0.000  0.000  0.024  0.011  0.000  0.047  0.509
   0.66366      5.212441  0.303  0.115  0.010  0.000  0.000  0.027  0.015  0.000  0.045  0.513
   0.69382      5.310700  0.297  0.123  0.010  0.000  0.000  0.029  0.019  0.000  0.040  0.519
   0.72399      5.386679  0.297  0.131  0.015  0.000  0.000  0.030  0.022  0.000  0.035  0.529
   0.75416      5.436722  0.307  0.137  0.023  0.000  0.000  0.030  0.023  0.000  0.028  0.547
   0.78432      5.455478  0.335  0.143  0.027  0.000  0.000  0.029  0.022  0.000  0.022  0.579
   0.81449      5.433490  0.402  0.146  0.028  0.000  0.000  0.027  0.021  0.000  0.018  0.643
   0.84466      5.356322  0.492  0.142  0.029  0.000  0.000  0.021  0.017  0.000  0.013  0.715
   0.87482      5.225498  0.535  0.126  0.035  0.000  0.000  0.014  0.014  0.000  0.009  0.734
   0.90499      5.067631  0.556  0.111  0.038  0.000  0.000  0.009  0.013  0.000  0.005  0.732
   0.93515      4.901441  0.577  0.097  0.033  0.000  0.000  0.006  0.012  0.000  0.004  0.731
   0.96532      4.736404  0.601  0.082  0.028  0.000  0.000  0.005  0.012  0.000  0.003  0.730
   0.99549      4.578965  0.625  0.067  0.021  0.000  0.000  0.003  0.012  0.000  0.002  0.731
   1.02565      4.434677  0.650  0.049  0.015  0.000  0.000  0.002  0.013  0.000  0.001  0.731
   1.05582      4.308737  0.671  0.034  0.010  0.000  0.000  0.001  0.013  0.000  0.001  0.730
   1.08599      4.205853  0.689  0.020  0.005  0.000  0.000  0.000  0.013  0.000  0.000  0.729
   1.11615      4.129853  0.702  0.010  0.002  0.000  0.000  0.000  0.013  0.000  0.000  0.727
   1.14632      4.083346  0.710  0.002  0.000  0.000  0.000  0.000  0.013  0.000  0.000  0.728
   1.17648      4.067710  0.714  0.000  0.000  0.000  0.000  0.000  0.013  0.000  0.000  0.727
   1.17648      4.067710  0.714  0.000  0.000  0.000  0.000  0.000  0.013  0.000  0.000  0.727
   1.20665      4.083317  0.710  0.002  0.000  0.000  0.000  0.000  0.013  0.000  0.000  0.728
   1.23682      4.129394  0.702  0.010  0.002  0.000  0.000  0.000  0.013  0.000  0.000  0.727
   1.26698      4.203812  0.691  0.020  0.005  0.000  0.000  0.000  0.012  0.000  0.000  0.729
   1.29715      4.303296  0.673  0.034  0.010  0.000  0.000  0.000  0.012  0.000  0.000  0.730
   1.32732      4.423737  0.654  0.047  0.014  0.000  0.000  0.001  0.012  0.000  0.000  0.730
   1.35748      4.560426  0.634  0.063  0.019  0.000  0.000  0.001  0.012  0.000  0.001  0.731
   1.38765      4.708118  0.614  0.078  0.022  0.000  0.000  0.002  0.012  0.000  0.002  0.731
   1.41781      4.860807  0.594  0.093  0.028  0.000  0.000  0.003  0.012  0.000  0.003  0.733
   1.44798      5.011001  0.573  0.107  0.029  0.000  0.000  0.005  0.013  0.000  0.006  0.732
   1.47815      5.148496  0.545  0.119  0.029  0.000  0.000  0.007  0.014  0.000  0.009  0.724
   1.50831      5.259689  0.509  0.127  0.029  0.000  0.000  0.011  0.016  0.000  0.013  0.702
   1.53848      5.331276  0.458  0.131  0.026  0.000  0.000  0.016  0.018  0.000  0.019  0.664
   1.56865      5.357839  0.410  0.130  0.022  0.000  0.000  0.018  0.018  0.000  0.026  0.624
   1.59881      5.342707  0.375  0.127  0.019  0.000  0.000  0.020  0.019  0.000  0.033  0.589
   1.62898      5.292479  0.352  0.121  0.015  0.000  0.000  0.021  0.017  0.000  0.041  0.566
   1.65914      5.213789  0.337  0.115  0.013  0.000  0.000  0.020  0.015  0.000  0.047  0.548
   1.68931      5.112886  0.329  0.108  0.015  0.000  0.000  0.019  0.012  0.000  0.052  0.535
   1.71948      4.995918  0.323  0.105  0.015  0.000  0.000  0.017  0.010  0.000  0.055  0.524
   1.74964      4.868878  0.320  0.099  0.018  0.000  0.000  0.013  0.008  0.000  0.057  0.515
   1.77981      4.737117  0.320  0.096  0.018  0.000  0.000  0.011  0.007  0.000  0.056  0.507
   1.80998      4.605077  0.321  0.094  0.020  0.000  0.000  0.009  0.005  0.000  0.055  0.504
   1.84014      4.476176  0.321  0.092  0.020  0.000  0.000  0.007  0.004  0.000  0.055  0.500
   1.87031      4.352996  0.324  0.089  0.020  0.000  0.000  0.006  0.004  0.000  0.054  0.497
   1.90047      4.237449  0.325  0.088  0.020  0.000  0.000  0.004  0.004  0.000  0.052  0.493
   1.93064      4.130960  0.329  0.088  0.018  0.000  0.000  0.004  0.004  0.000  0.050  0.492
   1.96081      4.034612  0.332  0.086  0.017  0.000  0.000  0.004  0.004  0.000  0.048  0.490
   1.99097      3.949223  0.335  0.085  0.017  0.000  0.000  0.004  0.004  0.000  0.046  0.490
   2.02114      3.875440  0.337  0.087  0.017  0.000  0.000  0.004  0.004  0.000  0.043  0.490
   2.05131      3.813763  0.338  0.086  0.015  0.000  0.000  0.005  0.004  0.000  0.040  0.490
   2.08147      3.764591  0.339  0.088  0.015  0.000  0.000  0.005  0.004  0.000  0.037  0.489
   2.11164      3.728224  0.341  0.088  0.015  0.000  0.000  0.006  0.004  0.000  0.033  0.490
   2.14180      3.704890  0.344  0.090  0.015  0.000  0.000  0.006  0.004  0.000  0.029  0.488
   2.17197      3.694685  0.345  0.092  0.015  0.000  0.000  0.008  0.003  0.000  0.025  0.487
   2.20214      3.697551  0.346  0.095  0.018  0.000  0.000  0.008  0.003  0.000  0.019  0.486
   2.23230      3.713114  0.348  0.097  0.018  0.000  0.000  0.007  0.003  0.000  0.014  0.487
   2.26247      3.740336  0.349  0.099  0.017  0.000  0.000  0.006  0.002  0.000  0.009  0.485
   2.29264      3.776639  0.349  0.100  0.020  0.000  0.000  0.006  0.002  0.000  0.006  0.484
   2.32280      3.814789  0.350  0.103  0.021  0.000  0.000  0.005  0.002  0.000  0.002  0.482
   2.35297      3.834309  0.352  0.105  0.021  0.000  0.000  0.003  0.001  0.000  0.001  0.483
 
# Band-Index:   20
   2.35297      4.027003  0.334  0.106  0.028  0.000  0.000  0.012  0.001  0.000  0.001  0.482
   2.32280      4.055731  0.334  0.106  0.029  0.000  0.000  0.012  0.001  0.000  0.001  0.482
   2.29264      4.121180  0.332  0.108  0.032  0.000  0.000  0.010  0.000  0.000  0.001  0.481
   2.26247      4.201917  0.328  0.109  0.032  0.000  0.000  0.010  0.000  0.000  0.003  0.482
   2.23230      4.289306  0.322  0.108  0.034  0.000  0.000  0.010  0.000  0.000  0.005  0.481
   2.20214      4.379158  0.316  0.108  0.037  0.000  0.000  0.012  0.001  0.000  0.008  0.480
   2.17197      4.468892  0.308  0.107  0.038  0.000  0.000  0.012  0.002  0.000  0.011  0.479
   2.14180      4.556843  0.299  0.106  0.040  0.000  0.000  0.013  0.003  0.000  0.015  0.475
   2.11164      4.642039  0.288  0.106  0.041  0.000  0.000  0.014  0.004  0.000  0.018  0.471
   2.08147      4.724084  0.278  0.105  0.042  0.000  0.000  0.015  0.006  0.000  0.020  0.466
   2.05131      4.803028  0.270  0.106  0.044  0.000  0.000  0.015  0.008  0.000  0.022  0.461
   2.02114      4.879242  0.258  0.105  0.045  0.000  0.000  0.015  0.011  0.000  0.023  0.457
   1.99097      4.953292  0.248  0.106  0.049  0.000  0.000  0.015  0.012  0.000  0.023  0.451
   1.96081      5.025849  0.236  0.107  0.050  0.000  0.000  0.015  0.014  0.000  0.023  0.445
   1.93064      5.097585  0.226  0.109  0.052  0.000  0.000  0.015  0.016  0.000  0.021  0.441
   1.90047      5.169155  0.215  0.112  0.057  0.000  0.000  0.013  0.018  0.000  0.019  0.434
   1.87031      5.241137  0.206  0.115  0.060  0.000  0.000  0.012  0.020  0.000  0.017  0.430
   1.84014      5.314011  0.194  0.119  0.066  0.000  0.000  0.012  0.020  0.000  0.014  0.425
   1.80998      5.388099  0.184  0.122  0.073  0.000  0.000  0.010  0.021  0.000  0.011  0.420
   1.77981      5.463417  0.174  0.124  0.081  0.000  0.000  0.008  0.021  0.000  0.007  0.414
   1.74964      5.539399  0.164  0.125  0.091  0.000  0.000  0.007  0.021  0.000  0.004  0.413
   1.71948      5.614237  0.156  0.127  0.102  0.000  0.000  0.006  0.019  0.000  0.002  0.411
   1.68931      5.683666  0.147  0.124  0.115  0.000  0.000  0.005  0.017  0.000  0.001  0.412
   1.65914      5.739431  0.145  0.122  0.130  0.000  0.000  0.004  0.013  0.000  0.000  0.416
   1.62898      5.769126  0.146  0.119  0.143  0.000  0.000  0.005  0.011  0.000  0.001  0.424
   1.59881      5.760622  0.147  0.113  0.151  0.000  0.000  0.005  0.009  0.000  0.001  0.430
   1.56865      5.710458  0.143  0.108  0.158  0.000  0.000  0.006  0.008  0.000  0.001  0.428
   1.53848      5.627094  0.127  0.104  0.163  0.000  0.000  0.008  0.007  0.000  0.001  0.413
   1.50831      5.523865  0.109  0.098  0.167  0.000  0.000  0.011  0.007  0.000  0.002  0.394
   1.47815      5.409138  0.100  0.093  0.170  0.000  0.000  0.012  0.007  0.000  0.003  0.385
   1.44798      5.285048  0.100  0.086  0.175  0.000  0.000  0.012  0.006  0.000  0.004  0.384
   1.41781      5.153589  0.104  0.076  0.178  0.000  0.000  0.013  0.005  0.000  0.004  0.382
   1.38765      5.019069  0.110  0.067  0.183  0.000  0.000  0.011  0.004  0.000  0.006  0.378
   1.35748      4.886906  0.113  0.054  0.187  0.000  0.000  0.010  0.003  0.000  0.005  0.372
   1.32732      4.762579  0.116  0.041  0.192  0.000  0.000  0.008  0.002  0.000  0.005  0.366
   1.29715      4.651293  0.119  0.030  0.196  0.000  0.000  0.006  0.001  0.000  0.004  0.357
   1.26698      4.557974  0.123  0.018  0.201  0.000  0.000  0.004  0.000  0.000  0.003  0.348
   1.23682      4.487205  0.126  0.008  0.203  0.000  0.000  0.002  0.000  0.000  0.002  0.341
   1.20665      4.442905  0.128  0.002  0.206  0.000  0.000  0.000  0.000  0.000  0.000  0.337
   1.17648      4.427809  0.129  0.000  0.206  0.000  0.000  0.000  0.000  0.000  0.000  0.335
   1.17648      4.427809  0.129  0.000  0.206  0.000  0.000  0.000  0.000  0.000  0.000  0.335
   1.14632      4.442904  0.128  0.002  0.206  0.000  0.000  0.000  0.000  0.000  0.000  0.337
   1.11615      4.487194  0.126  0.008  0.203  0.000  0.000  0.002  0.000  0.000  0.002  0.341
   1.08599      4.557952  0.122  0.018  0.200  0.000  0.000  0.004  0.000  0.000  0.003  0.348
   1.05582      4.651346  0.119  0.030  0.197  0.000  0.000  0.006  0.001  0.000  0.004  0.357
   1.02565      4.762898  0.116  0.042  0.191  0.000  0.000  0.008  0.001  0.000  0.006  0.366
   0.99549      4.887643  0.114  0.056  0.186  0.000  0.000  0.011  0.002  0.000  0.006  0.375
   0.96532      5.019954  0.111  0.070  0.180  0.000  0.000  0.013  0.003  0.000  0.006  0.384
   0.93515      5.153270  0.111  0.080  0.173  0.000  0.000  0.014  0.005  0.000  0.006  0.388
   0.90499      5.280344  0.105  0.089  0.167  0.000  0.000  0.014  0.006  0.000  0.004  0.389
   0.87482      5.395376  0.097  0.094  0.164  0.000  0.000  0.013  0.007  0.000  0.003  0.382
   0.84466      5.501011  0.114  0.095  0.164  0.000  0.000  0.007  0.007  0.000  0.001  0.390
   0.81449      5.608189  0.177  0.099  0.157  0.000  0.000  0.003  0.006  0.000  0.001  0.444
   0.78432      5.703370  0.211  0.106  0.150  0.000  0.000  0.003  0.005  0.000  0.002  0.480
   0.75416      5.758110  0.212  0.113  0.145  0.000  0.000  0.003  0.005  0.000  0.003  0.480
   0.72399      5.756729  0.198  0.119  0.140  0.000  0.000  0.003  0.006  0.000  0.003  0.465
   0.69382      5.705266  0.183  0.124  0.127  0.000  0.000  0.002  0.009  0.000  0.001  0.446
   0.66366      5.624521  0.174  0.128  0.114  0.000  0.000  0.002  0.013  0.000  0.000  0.432
   0.63349      5.533809  0.171  0.131  0.101  0.000  0.000  0.003  0.016  0.000  0.001  0.424
   0.60333      5.443654  0.175  0.130  0.088  0.000  0.000  0.005  0.019  0.000  0.003  0.421
   0.57316      5.357616  0.178  0.128  0.077  0.000  0.000  0.007  0.020  0.000  0.008  0.420
   0.54299      5.276051  0.185  0.124  0.070  0.000  0.000  0.010  0.020  0.000  0.012  0.421
   0.51283      5.198367  0.194  0.122  0.063  0.000  0.000  0.013  0.020  0.000  0.016  0.425
   0.48266      5.123880  0.203  0.117  0.058  0.000  0.000  0.014  0.019  0.000  0.019  0.429
   0.45249      5.051954  0.209  0.113  0.053  0.000  0.000  0.016  0.018  0.000  0.022  0.434
   0.42233      4.982016  0.219  0.110  0.051  0.000  0.000  0.017  0.016  0.000  0.024  0.438
   0.39216      4.913515  0.227  0.108  0.048  0.000  0.000  0.019  0.015  0.000  0.026  0.443
   0.36200      4.845871  0.236  0.104  0.047  0.000  0.000  0.020  0.013  0.000  0.028  0.447
   0.33183      4.778466  0.244  0.104  0.046  0.000  0.000  0.021  0.011  0.000  0.028  0.454
   0.30166      4.710625  0.252  0.101  0.045  0.000  0.000  0.023  0.009  0.000  0.027  0.460
   0.27150      4.641647  0.262  0.102  0.045  0.000  0.000  0.023  0.008  0.000  0.027  0.463
   0.24133      4.570857  0.270  0.101  0.042  0.000  0.000  0.023  0.006  0.000  0.025  0.470
   0.21116      4.497694  0.280  0.102  0.043  0.000  0.000  0.023  0.005  0.000  0.023  0.476
   0.18100      4.421875  0.289  0.104  0.042  0.000  0.000  0.023  0.003  0.000  0.021  0.482
   0.15083      4.343626  0.299  0.105  0.041  0.000  0.000  0.022  0.002  0.000  0.016  0.485
   0.12067      4.263965  0.308  0.107  0.039  0.000  0.000  0.021  0.001  0.000  0.013  0.487
   0.09050      4.185166  0.316  0.107  0.037  0.000  0.000  0.018  0.001  0.000  0.009  0.486
   0.06033      4.111610  0.324  0.105  0.034  0.000  0.000  0.015  0.001  0.000  0.006  0.485
   0.03017      4.052365  0.332  0.107  0.030  0.000  0.000  0.013  0.001  0.000  0.002  0.484
   0.00000      4.027003  0.334  0.106  0.028  0.000  0.000  0.012  0.001  0.000  0.001  0.482
 
# Band-Index:   21
   0.00000      6.344196  0.000  0.016  0.112  0.000  0.000  0.045  0.064  0.000  0.062  0.302
   0.03017      6.348663  0.000  0.018  0.111  0.000  0.000  0.044  0.065  0.000  0.064  0.303
   0.06033      6.360911  0.001  0.020  0.109  0.000  0.000  0.043  0.066  0.000  0.068  0.306
   0.09050      6.379489  0.003  0.019  0.106  0.000  0.000  0.041  0.068  0.000  0.072  0.309
   0.12067      6.404089  0.003  0.020  0.105  0.000  0.000  0.041  0.068  0.000  0.073  0.312
   0.15083      6.434876  0.003  0.021  0.105  0.000  0.000  0.040  0.069  0.000  0.074  0.313
   0.18100      6.472008  0.003  0.022  0.104  0.000  0.000  0.041  0.068  0.000  0.075  0.313
   0.21116      6.515575  0.004  0.021  0.102  0.000  0.000  0.040  0.068  0.000  0.076  0.312
   0.24133      6.565596  0.004  0.021  0.102  0.000  0.000  0.041  0.068  0.000  0.076  0.312
   0.27150      6.622071  0.004  0.021  0.103  0.000  0.000  0.041  0.068  0.000  0.076  0.313
   0.30166      6.684956  0.004  0.021  0.103  0.000  0.000  0.042  0.067  0.000  0.076  0.312
   0.33183      6.754193  0.004  0.020  0.104  0.000  0.000  0.042  0.067  0.000  0.076  0.316
   0.36200      6.829689  0.004  0.020  0.105  0.000  0.000  0.043  0.066  0.000  0.076  0.316
   0.39216      6.911318  0.004  0.019  0.106  0.000  0.000  0.044  0.066  0.000  0.075  0.317
   0.42233      6.998892  0.006  0.020  0.107  0.000  0.000  0.044  0.066  0.000  0.075  0.318
   0.45249      7.092118  0.005  0.020  0.109  0.000  0.000  0.045  0.066  0.000  0.074  0.319
   0.48266      7.190497  0.005  0.019  0.112  0.000  0.000  0.046  0.066  0.000  0.073  0.322
   0.51283      7.293007  0.005  0.020  0.117  0.000  0.000  0.046  0.067  0.000  0.070  0.328
   0.54299      7.396942  0.008  0.025  0.128  0.000  0.000  0.045  0.070  0.000  0.066  0.339
   0.57316      7.491361  0.021  0.039  0.151  0.000  0.000  0.040  0.072  0.000  0.050  0.374
   0.60333      7.518409  0.109  0.113  0.179  0.000  0.000  0.021  0.058  0.000  0.011  0.491
   0.63349      7.432686  0.183  0.159  0.150  0.000  0.000  0.011  0.036  0.000  0.002  0.538
   0.66366      7.320279  0.203  0.170  0.122  0.000  0.000  0.008  0.028  0.000  0.003  0.537
   0.69382      7.225119  0.211  0.176  0.100  0.000  0.000  0.008  0.024  0.000  0.004  0.523
   0.72399      7.175512  0.207  0.180  0.081  0.000  0.000  0.009  0.022  0.000  0.006  0.504
   0.75416      7.194678  0.191  0.181  0.068  0.000  0.000  0.012  0.021  0.000  0.008  0.481
   0.78432      7.286995  0.158  0.186  0.056  0.000  0.000  0.017  0.022  0.000  0.007  0.446
   0.81449      7.305077  0.048  0.222  0.042  0.000  0.000  0.007  0.034  0.000  0.019  0.374
   0.84466      7.219006  0.045  0.222  0.035  0.000  0.000  0.004  0.031  0.000  0.025  0.362
   0.87482      7.169284  0.037  0.224  0.025  0.000  0.000  0.004  0.032  0.000  0.024  0.345
   0.90499      7.156149  0.030  0.230  0.015  0.000  0.000  0.003  0.032  0.000  0.021  0.332
   0.93515      7.172613  0.027  0.237  0.009  0.000  0.000  0.002  0.031  0.000  0.018  0.321
   0.96532      7.210212  0.020  0.243  0.005  0.000  0.000  0.001  0.029  0.000  0.015  0.313
   0.99549      7.260963  0.016  0.251  0.004  0.000  0.000  0.001  0.026  0.000  0.011  0.309
   1.02565      7.317891  0.012  0.260  0.000  0.000  0.000  0.000  0.021  0.000  0.008  0.303
   1.05582      7.374881  0.009  0.267  0.000  0.000  0.000  0.000  0.015  0.000  0.005  0.298
   1.08599      7.426430  0.005  0.277  0.000  0.000  0.000  0.000  0.010  0.000  0.003  0.295
   1.11615      7.467555  0.002  0.283  0.000  0.000  0.000  0.000  0.004  0.000  0.001  0.293
   1.14632      7.493954  0.000  0.283  0.000  0.004  0.000  0.000  0.002  0.000  0.000  0.290
   1.17648      7.501761  0.000  0.188  0.000  0.102  0.000  0.000  0.000  0.000  0.000  0.290
   1.17648      7.501761  0.000  0.188  0.000  0.102  0.000  0.000  0.000  0.000  0.000  0.290
   1.20665      7.494280  0.000  0.282  0.000  0.004  0.000  0.000  0.002  0.000  0.000  0.291
   1.23682      7.468835  0.002  0.283  0.000  0.000  0.000  0.000  0.004  0.000  0.001  0.293
   1.26698      7.429084  0.005  0.277  0.000  0.000  0.000  0.000  0.010  0.000  0.003  0.295
   1.29715      7.379065  0.009  0.269  0.000  0.000  0.000  0.001  0.016  0.000  0.005  0.301
   1.32732      7.323425  0.012  0.259  0.000  0.000  0.000  0.001  0.022  0.000  0.009  0.305
   1.35748      7.267242  0.016  0.251  0.004  0.000  0.000  0.001  0.026  0.000  0.011  0.310
   1.38765      7.216067  0.021  0.243  0.005  0.000  0.000  0.001  0.030  0.000  0.015  0.317
   1.41781      7.176099  0.026  0.234  0.010  0.000  0.000  0.002  0.033  0.000  0.018  0.322
   1.44798      7.154323  0.033  0.228  0.016  0.000  0.000  0.003  0.034  0.000  0.021  0.332
   1.47815      7.158162  0.039  0.222  0.023  0.000  0.000  0.003  0.035  0.000  0.024  0.345
   1.50831      7.194095  0.048  0.217  0.033  0.000  0.000  0.003  0.036  0.000  0.025  0.359
   1.53848      7.264562  0.052  0.214  0.043  0.000  0.000  0.005  0.038  0.000  0.023  0.373
   1.56865      7.343351  0.063  0.206  0.043  0.000  0.000  0.009  0.048  0.000  0.004  0.372
   1.59881      7.298233  0.181  0.189  0.064  0.000  0.000  0.009  0.028  0.000  0.006  0.476
   1.62898      7.283106  0.207  0.186  0.077  0.000  0.000  0.007  0.027  0.000  0.004  0.510
   1.65914      7.318954  0.215  0.179  0.098  0.000  0.000  0.007  0.029  0.000  0.004  0.530
   1.68931      7.388279  0.209  0.170  0.118  0.000  0.000  0.008  0.033  0.000  0.002  0.542
   1.71948      7.467641  0.188  0.155  0.145  0.000  0.000  0.011  0.039  0.000  0.002  0.539
   1.74964      7.528523  0.139  0.125  0.168  0.000  0.000  0.018  0.052  0.000  0.006  0.507
   1.77981      7.532487  0.065  0.075  0.171  0.000  0.000  0.032  0.068  0.000  0.025  0.434
   1.80998      7.468297  0.021  0.039  0.148  0.000  0.000  0.043  0.073  0.000  0.047  0.374
   1.84014      7.371376  0.011  0.028  0.131  0.000  0.000  0.048  0.071  0.000  0.060  0.348
   1.87031      7.265397  0.007  0.024  0.122  0.000  0.000  0.049  0.069  0.000  0.066  0.337
   1.90047      7.158953  0.007  0.021  0.116  0.000  0.000  0.050  0.067  0.000  0.069  0.330
   1.93064      7.055465  0.007  0.021  0.111  0.000  0.000  0.050  0.066  0.000  0.071  0.326
   1.96081      6.956595  0.007  0.022  0.108  0.000  0.000  0.049  0.065  0.000  0.072  0.322
   1.99097      6.863320  0.005  0.022  0.106  0.000  0.000  0.049  0.066  0.000  0.072  0.319
   2.02114      6.776306  0.005  0.021  0.104  0.000  0.000  0.048  0.066  0.000  0.072  0.317
   2.05131      6.696067  0.005  0.022  0.103  0.000  0.000  0.048  0.065  0.000  0.072  0.316
   2.08147      6.623052  0.005  0.022  0.102  0.000  0.000  0.047  0.066  0.000  0.071  0.312
   2.11164      6.557680  0.005  0.022  0.102  0.000  0.000  0.046  0.067  0.000  0.071  0.310
   2.14180      6.500365  0.003  0.021  0.102  0.000  0.000  0.047  0.066  0.000  0.070  0.309
   2.17197      6.451518  0.003  0.021  0.101  0.000  0.000  0.046  0.067  0.000  0.069  0.308
   2.20214      6.411558  0.003  0.020  0.101  0.000  0.000  0.046  0.067  0.000  0.068  0.307
   2.23230      6.380862  0.002  0.019  0.103  0.000  0.000  0.046  0.067  0.000  0.067  0.306
   2.26247      6.359693  0.000  0.018  0.107  0.000  0.000  0.046  0.066  0.000  0.066  0.305
   2.29264      6.347922  0.000  0.018  0.108  0.000  0.000  0.046  0.065  0.000  0.065  0.303
   2.32280      6.344174  0.000  0.017  0.111  0.000  0.000  0.045  0.065  0.000  0.064  0.302
   2.35297      6.344196  0.000  0.016  0.112  0.000  0.000  0.045  0.064  0.000  0.062  0.302
 
# Band-Index:   22
   2.35297      6.412278  0.000  0.016  0.116  0.000  0.000  0.050  0.066  0.000  0.063  0.311
   2.32280      6.425215  0.000  0.015  0.117  0.000  0.000  0.050  0.065  0.000  0.062  0.312
   2.29264      6.460143  0.000  0.016  0.123  0.000  0.000  0.049  0.064  0.000  0.058  0.312
   2.26247      6.512584  0.001  0.018  0.129  0.000  0.000  0.050  0.063  0.000  0.055  0.317
   2.23230      6.580688  0.004  0.020  0.136  0.000  0.000  0.049  0.061  0.000  0.051  0.322
   2.20214      6.663457  0.006  0.022  0.146  0.000  0.000  0.049  0.059  0.000  0.046  0.328
   2.17197      6.759775  0.012  0.027  0.153  0.000  0.000  0.048  0.057  0.000  0.042  0.335
   2.14180      6.868022  0.016  0.028  0.163  0.000  0.000  0.048  0.055  0.000  0.037  0.348
   2.11164      6.985912  0.024  0.033  0.172  0.000  0.000  0.046  0.052  0.000  0.032  0.360
   2.08147      7.110465  0.033  0.038  0.182  0.000  0.000  0.044  0.049  0.000  0.029  0.373
   2.05131      7.237997  0.044  0.041  0.189  0.000  0.000  0.043  0.047  0.000  0.026  0.391
   2.02114      7.364235  0.057  0.045  0.195  0.000  0.000  0.041  0.044  0.000  0.024  0.408
   1.99097      7.484406  0.075  0.051  0.200  0.000  0.000  0.039  0.040  0.000  0.024  0.429
   1.96081      7.593334  0.092  0.057  0.203  0.000  0.000  0.036  0.036  0.000  0.023  0.450
   1.93064      7.685701  0.115  0.063  0.202  0.000  0.000  0.033  0.033  0.000  0.024  0.470
   1.90047      7.756461  0.137  0.075  0.196  0.000  0.000  0.031  0.028  0.000  0.026  0.493
   1.87031      7.801627  0.163  0.086  0.182  0.000  0.000  0.027  0.024  0.000  0.030  0.510
   1.84014      7.820092  0.186  0.098  0.161  0.000  0.000  0.023  0.020  0.000  0.036  0.523
   1.80998      7.817848  0.201  0.102  0.129  0.000  0.000  0.022  0.016  0.000  0.048  0.518
   1.77981      7.818174  0.182  0.087  0.092  0.000  0.000  0.026  0.020  0.000  0.070  0.478
   1.74964      7.856459  0.133  0.058  0.080  0.000  0.000  0.032  0.037  0.000  0.085  0.425
   1.71948      7.913612  0.112  0.058  0.095  0.000  0.000  0.026  0.051  0.000  0.082  0.425
   1.68931      7.917581  0.126  0.110  0.106  0.000  0.000  0.011  0.053  0.000  0.062  0.467
   1.65914      7.821680  0.130  0.168  0.099  0.000  0.000  0.005  0.040  0.000  0.041  0.484
   1.62898      7.673672  0.126  0.194  0.088  0.000  0.000  0.005  0.031  0.000  0.033  0.474
   1.59881      7.522540  0.124  0.201  0.079  0.000  0.000  0.005  0.023  0.000  0.033  0.466
   1.56865      7.419292  0.211  0.186  0.081  0.000  0.000  0.009  0.000  0.000  0.038  0.526
   1.53848      7.525075  0.188  0.178  0.067  0.000  0.000  0.018  0.009  0.000  0.025  0.484
   1.50831      7.702905  0.160  0.176  0.065  0.000  0.000  0.024  0.010  0.000  0.026  0.462
   1.47815      7.916370  0.141  0.176  0.063  0.000  0.000  0.031  0.010  0.000  0.030  0.450
   1.44798      7.976304  0.000  0.000  0.000  0.278  0.032  0.000  0.000  0.001  0.000  0.311
   1.41781      7.886640  0.000  0.000  0.000  0.279  0.025  0.000  0.000  0.001  0.000  0.305
   1.38765      7.802892  0.000  0.000  0.000  0.282  0.019  0.000  0.000  0.001  0.000  0.302
   1.35748      7.727240  0.000  0.000  0.000  0.284  0.013  0.000  0.000  0.001  0.000  0.299
   1.32732      7.661218  0.000  0.000  0.000  0.286  0.009  0.000  0.000  0.001  0.000  0.295
   1.29715      7.605927  0.000  0.000  0.000  0.287  0.006  0.000  0.000  0.000  0.000  0.294
   1.26698      7.562176  0.000  0.000  0.000  0.289  0.003  0.000  0.000  0.000  0.000  0.292
   1.23682      7.530570  0.000  0.000  0.000  0.289  0.001  0.000  0.000  0.000  0.000  0.291
   1.20665      7.511654  0.000  0.004  0.000  0.283  0.000  0.000  0.000  0.000  0.000  0.290
   1.17648      7.506642  0.000  0.102  0.000  0.187  0.000  0.000  0.000  0.000  0.000  0.290
   1.17648      7.506642  0.000  0.102  0.000  0.187  0.000  0.000  0.000  0.000  0.000  0.290
   1.14632      7.511984  0.000  0.004  0.000  0.283  0.000  0.000  0.000  0.000  0.000  0.290
   1.11615      7.531932  0.000  0.000  0.000  0.289  0.001  0.000  0.000  0.000  0.000  0.291
   1.08599      7.565231  0.000  0.000  0.000  0.289  0.003  0.000  0.000  0.000  0.000  0.293
   1.05582      7.611320  0.000  0.000  0.000  0.288  0.006  0.000  0.000  0.001  0.000  0.294
   1.02565      7.669569  0.000  0.000  0.000  0.286  0.009  0.000  0.000  0.001  0.000  0.296
   0.99549      7.739146  0.000  0.000  0.000  0.286  0.013  0.000  0.000  0.001  0.000  0.301
   0.96532      7.818920  0.000  0.000  0.000  0.284  0.018  0.000  0.000  0.002  0.000  0.305
   0.93515      7.907332  0.000  0.000  0.000  0.282  0.024  0.000  0.000  0.003  0.000  0.310
   0.90499      8.002167  0.000  0.000  0.000  0.280  0.031  0.000  0.000  0.003  0.000  0.315
   0.87482      7.919802  0.150  0.176  0.067  0.000  0.000  0.032  0.007  0.000  0.028  0.460
   0.84466      7.674186  0.166  0.175  0.068  0.000  0.000  0.025  0.007  0.000  0.026  0.467
   0.81449      7.467346  0.189  0.172  0.071  0.000  0.000  0.019  0.005  0.000  0.029  0.484
   0.78432      7.451858  0.108  0.210  0.072  0.000  0.000  0.006  0.017  0.000  0.037  0.450
   0.75416      7.607270  0.102  0.215  0.079  0.000  0.000  0.007  0.023  0.000  0.031  0.459
   0.72399      7.782099  0.111  0.206  0.091  0.000  0.000  0.007  0.029  0.000  0.034  0.479
   0.69382      7.923007  0.098  0.135  0.106  0.000  0.000  0.013  0.051  0.000  0.056  0.460
   0.66366      7.904070  0.052  0.040  0.091  0.000  0.000  0.040  0.057  0.000  0.084  0.367
   0.63349      7.807228  0.052  0.031  0.072  0.000  0.000  0.048  0.047  0.000  0.090  0.341
   0.60333      7.730993  0.110  0.068  0.057  0.000  0.000  0.042  0.025  0.000  0.083  0.382
   0.57316      7.759037  0.181  0.130  0.102  0.000  0.000  0.024  0.011  0.000  0.045  0.493
   0.54299      7.836980  0.177  0.132  0.145  0.000  0.000  0.022  0.016  0.000  0.030  0.522
   0.51283      7.898484  0.158  0.121  0.172  0.000  0.000  0.025  0.021  0.000  0.025  0.523
   0.48266      7.926645  0.138  0.106  0.193  0.000  0.000  0.029  0.025  0.000  0.024  0.515
   0.45249      7.916516  0.117  0.091  0.206  0.000  0.000  0.033  0.029  0.000  0.023  0.499
   0.42233      7.868744  0.096  0.081  0.212  0.000  0.000  0.038  0.033  0.000  0.023  0.481
   0.39216      7.787555  0.078  0.070  0.212  0.000  0.000  0.042  0.036  0.000  0.024  0.462
   0.36200      7.679113  0.061  0.062  0.211  0.000  0.000  0.046  0.040  0.000  0.024  0.443
   0.33183      7.550337  0.047  0.055  0.205  0.000  0.000  0.048  0.042  0.000  0.026  0.423
   0.30166      7.408143  0.036  0.051  0.196  0.000  0.000  0.051  0.045  0.000  0.028  0.406
   0.27150      7.259054  0.028  0.044  0.187  0.000  0.000  0.054  0.047  0.000  0.030  0.389
   0.24133      7.109095  0.019  0.040  0.176  0.000  0.000  0.055  0.050  0.000  0.033  0.373
   0.21116      6.963774  0.014  0.034  0.167  0.000  0.000  0.056  0.052  0.000  0.036  0.359
   0.18100      6.828023  0.010  0.030  0.156  0.000  0.000  0.056  0.054  0.000  0.039  0.345
   0.15083      6.706236  0.005  0.025  0.147  0.000  0.000  0.056  0.056  0.000  0.042  0.333
   0.12067      6.602191  0.003  0.021  0.139  0.000  0.000  0.056  0.058  0.000  0.047  0.323
   0.09050      6.519034  0.001  0.017  0.130  0.000  0.000  0.055  0.061  0.000  0.051  0.316
   0.06033      6.459165  0.000  0.016  0.124  0.000  0.000  0.054  0.063  0.000  0.056  0.311
   0.03017      6.423781  0.000  0.015  0.117  0.000  0.000  0.051  0.064  0.000  0.060  0.311
   0.00000      6.412278  0.000  0.016  0.116  0.000  0.000  0.050  0.066  0.000  0.063  0.311
 
# Band-Index:   23
   0.00000      9.779517  0.000  0.000  0.000  0.331  0.023  0.000  0.000  0.061  0.000  0.414
   0.03017      9.739479  0.000  0.000  0.000  0.336  0.022  0.000  0.000  0.059  0.000  0.417
   0.06033      9.650115  0.000  0.000  0.000  0.343  0.020  0.000  0.000  0.054  0.000  0.418
   0.09050      9.544379  0.000  0.000  0.000  0.345  0.020  0.000  0.000  0.051  0.000  0.415
   0.12067      9.434684  0.000  0.000  0.000  0.348  0.019  0.000  0.000  0.048  0.000  0.415
   0.15083      9.325718  0.000  0.000  0.000  0.349  0.019  0.000  0.000  0.044  0.000  0.413
   0.18100      9.219658  0.000  0.000  0.000  0.350  0.020  0.000  0.000  0.041  0.000  0.411
   0.21116      9.117788  0.000  0.000  0.000  0.351  0.021  0.000  0.000  0.038  0.000  0.409
   0.24133      9.020967  0.000  0.000  0.000  0.350  0.021  0.000  0.000  0.034  0.000  0.406
   0.27150      8.929861  0.000  0.000  0.000  0.351  0.022  0.000  0.000  0.030  0.000  0.404
   0.30166      8.845009  0.000  0.000  0.000  0.349  0.025  0.000  0.000  0.027  0.000  0.401
   0.33183      8.766894  0.000  0.000  0.000  0.349  0.026  0.000  0.000  0.023  0.000  0.398
   0.36200      8.695929  0.000  0.000  0.000  0.349  0.028  0.000  0.000  0.020  0.000  0.398
   0.39216      8.632491  0.000  0.000  0.000  0.347  0.031  0.000  0.000  0.017  0.000  0.395
   0.42233      8.576902  0.000  0.000  0.000  0.344  0.034  0.000  0.000  0.014  0.000  0.393
   0.45249      8.529420  0.000  0.000  0.000  0.340  0.037  0.000  0.000  0.011  0.000  0.388
   0.48266      8.490246  0.000  0.000  0.000  0.337  0.041  0.000  0.000  0.008  0.000  0.386
   0.51283      8.459444  0.000  0.000  0.000  0.334  0.044  0.000  0.000  0.007  0.000  0.385
   0.54299      8.436947  0.000  0.000  0.000  0.329  0.049  0.000  0.000  0.005  0.000  0.383
   0.57316      8.422432  0.000  0.000  0.000  0.324  0.053  0.000  0.000  0.004  0.000  0.382
   0.60333      8.415209  0.000  0.000  0.000  0.319  0.058  0.000  0.000  0.003  0.000  0.380
   0.63349      8.413982  0.000  0.000  0.000  0.311  0.063  0.000  0.000  0.004  0.000  0.378
   0.66366      8.309638  0.086  0.231  0.057  0.000  0.000  0.042  0.001  0.000  0.019  0.436
   0.69382      8.203156  0.027  0.127  0.043  0.000  0.000  0.070  0.011  0.000  0.049  0.329
   0.72399      8.274303  0.007  0.048  0.055  0.000  0.000  0.076  0.035  0.000  0.073  0.295
   0.75416      8.394421  0.000  0.000  0.000  0.275  0.075  0.000  0.000  0.006  0.000  0.358
   0.78432      8.351089  0.000  0.000  0.000  0.271  0.070  0.000  0.000  0.006  0.000  0.347
   0.81449      8.282823  0.000  0.000  0.000  0.272  0.060  0.000  0.000  0.006  0.000  0.338
   0.84466      8.196137  0.000  0.000  0.000  0.274  0.049  0.000  0.000  0.005  0.000  0.328
   0.87482      8.100113  0.000  0.000  0.000  0.277  0.039  0.000  0.000  0.004  0.000  0.320
   0.90499      8.190586  0.136  0.177  0.067  0.000  0.000  0.039  0.007  0.000  0.030  0.456
   0.93515      8.479267  0.122  0.180  0.067  0.000  0.000  0.046  0.007  0.000  0.031  0.454
   0.96532      8.780257  0.108  0.182  0.066  0.000  0.000  0.055  0.007  0.000  0.032  0.451
   0.99549      9.087452  0.092  0.178  0.062  0.000  0.000  0.066  0.011  0.000  0.033  0.443
   1.02565      9.384724  0.065  0.151  0.049  0.000  0.000  0.066  0.056  0.000  0.031  0.421
   1.05582      9.464313  0.008  0.011  0.006  0.000  0.000  0.000  0.307  0.000  0.006  0.339
   1.08599      9.439825  0.007  0.005  0.004  0.000  0.000  0.000  0.327  0.000  0.002  0.344
   1.11615      9.412425  0.009  0.003  0.000  0.000  0.000  0.000  0.337  0.000  0.000  0.350
   1.14632      9.392635  0.009  0.000  0.000  0.000  0.000  0.000  0.343  0.000  0.000  0.354
   1.17648      9.385498  0.011  0.000  0.000  0.000  0.000  0.000  0.345  0.000  0.000  0.355
   1.17648      9.385498  0.011  0.000  0.000  0.000  0.000  0.000  0.345  0.000  0.000  0.355
   1.20665      9.392648  0.009  0.000  0.000  0.000  0.000  0.000  0.343  0.000  0.000  0.354
   1.23682      9.412571  0.009  0.003  0.000  0.000  0.000  0.000  0.337  0.000  0.000  0.351
   1.26698      9.439888  0.006  0.006  0.004  0.000  0.000  0.000  0.326  0.000  0.002  0.345
   1.29715      9.443155  0.013  0.045  0.015  0.000  0.000  0.030  0.227  0.000  0.024  0.354
   1.32732      9.231653  0.053  0.147  0.044  0.000  0.000  0.085  0.025  0.000  0.051  0.404
   1.35748      8.957477  0.073  0.161  0.053  0.000  0.000  0.072  0.012  0.000  0.046  0.417
   1.38765      8.681393  0.089  0.168  0.057  0.000  0.000  0.059  0.010  0.000  0.042  0.425
   1.41781      8.412040  0.106  0.172  0.060  0.000  0.000  0.048  0.009  0.000  0.038  0.433
   1.44798      8.155123  0.123  0.176  0.063  0.000  0.000  0.039  0.009  0.000  0.034  0.440
   1.47815      8.068640  0.000  0.000  0.000  0.273  0.040  0.000  0.000  0.001  0.000  0.314
   1.50831      8.158737  0.000  0.000  0.000  0.269  0.050  0.000  0.000  0.002  0.000  0.321
   1.53848      8.239379  0.000  0.000  0.000  0.266  0.062  0.000  0.000  0.002  0.000  0.330
   1.56865      8.301539  0.000  0.000  0.000  0.264  0.073  0.000  0.000  0.001  0.000  0.338
   1.59881      8.338264  0.000  0.000  0.000  0.266  0.080  0.000  0.000  0.001  0.000  0.347
   1.62898      8.350316  0.000  0.000  0.000  0.271  0.082  0.000  0.000  0.001  0.000  0.355
   1.65914      8.345963  0.000  0.000  0.000  0.282  0.079  0.000  0.000  0.000  0.000  0.361
   1.68931      8.334992  0.000  0.000  0.000  0.290  0.074  0.000  0.000  0.000  0.000  0.365
   1.71948      8.324757  0.000  0.000  0.000  0.297  0.069  0.000  0.000  0.000  0.000  0.366
   1.74964      8.319863  0.000  0.000  0.000  0.304  0.064  0.000  0.000  0.001  0.000  0.370
   1.77981      8.322957  0.000  0.000  0.000  0.312  0.059  0.000  0.000  0.002  0.000  0.373
   1.80998      8.335468  0.000  0.000  0.000  0.316  0.053  0.000  0.000  0.004  0.000  0.374
   1.84014      8.358077  0.000  0.000  0.000  0.323  0.049  0.000  0.000  0.007  0.000  0.378
   1.87031      8.390993  0.000  0.000  0.000  0.326  0.044  0.000  0.000  0.009  0.000  0.379
   1.90047      8.434103  0.000  0.000  0.000  0.330  0.041  0.000  0.000  0.012  0.000  0.383
   1.93064      8.487116  0.000  0.000  0.000  0.332  0.037  0.000  0.000  0.015  0.000  0.386
   1.96081      8.549567  0.000  0.000  0.000  0.334  0.035  0.000  0.000  0.019  0.000  0.388
   1.99097      8.620924  0.000  0.000  0.000  0.338  0.032  0.000  0.000  0.022  0.000  0.392
   2.02114      8.700581  0.000  0.000  0.000  0.340  0.029  0.000  0.000  0.026  0.000  0.395
   2.05131      8.787875  0.000  0.000  0.000  0.342  0.027  0.000  0.000  0.030  0.000  0.399
   2.08147      8.882110  0.000  0.000  0.000  0.341  0.026  0.000  0.000  0.033  0.000  0.400
   2.11164      8.982522  0.000  0.000  0.000  0.343  0.024  0.000  0.000  0.037  0.000  0.404
   2.14180      9.088292  0.000  0.000  0.000  0.345  0.022  0.000  0.000  0.041  0.000  0.408
   2.17197      9.198473  0.000  0.000  0.000  0.344  0.021  0.000  0.000  0.044  0.000  0.410
   2.20214      9.311918  0.000  0.000  0.000  0.344  0.021  0.000  0.000  0.047  0.000  0.413
   2.23230      9.427050  0.000  0.000  0.000  0.344  0.021  0.000  0.000  0.050  0.000  0.415
   2.26247      9.541364  0.000  0.000  0.000  0.342  0.021  0.000  0.000  0.053  0.000  0.415
   2.29264      9.649839  0.000  0.000  0.000  0.341  0.021  0.000  0.000  0.055  0.000  0.418
   2.32280      9.739865  0.000  0.000  0.000  0.336  0.022  0.000  0.000  0.058  0.000  0.416
   2.35297      9.779517  0.000  0.000  0.000  0.331  0.023  0.000  0.000  0.061  0.000  0.414
 
# Band-Index:   24
   2.35297     10.145180  0.000  0.000  0.000  0.380  0.015  0.000  0.000  0.044  0.000  0.440
   2.32280     10.183077  0.000  0.000  0.000  0.375  0.016  0.000  0.000  0.046  0.000  0.438
   2.29264     10.267605  0.000  0.000  0.000  0.374  0.018  0.000  0.000  0.048  0.000  0.438
   2.26247     10.366179  0.000  0.000  0.000  0.372  0.020  0.000  0.000  0.047  0.000  0.438
   2.23230     10.465061  0.000  0.000  0.000  0.371  0.021  0.000  0.000  0.047  0.000  0.438
   2.20214     10.557694  0.000  0.000  0.000  0.370  0.023  0.000  0.000  0.045  0.000  0.438
   2.17197     10.639646  0.000  0.000  0.000  0.372  0.024  0.000  0.000  0.042  0.000  0.439
   2.14180     10.707177  0.000  0.000  0.000  0.373  0.026  0.000  0.000  0.039  0.000  0.438
   2.11164     10.615915  0.165  0.189  0.107  0.000  0.000  0.012  0.003  0.000  0.019  0.495
   2.08147     10.506628  0.159  0.201  0.096  0.000  0.000  0.015  0.004  0.000  0.017  0.491
   2.05131     10.393418  0.154  0.212  0.086  0.000  0.000  0.018  0.004  0.000  0.014  0.485
   2.02114     10.272915  0.145  0.223  0.075  0.000  0.000  0.020  0.006  0.000  0.011  0.481
   1.99097     10.141524  0.135  0.233  0.068  0.000  0.000  0.023  0.008  0.000  0.008  0.476
   1.96081      9.996242  0.125  0.242  0.061  0.000  0.000  0.027  0.010  0.000  0.005  0.471
   1.93064      9.835592  0.116  0.248  0.057  0.000  0.000  0.030  0.012  0.000  0.003  0.466
   1.90047      9.660161  0.110  0.251  0.056  0.000  0.000  0.033  0.011  0.000  0.002  0.464
   1.87031      9.472307  0.104  0.251  0.054  0.000  0.000  0.037  0.012  0.000  0.002  0.462
   1.84014      9.275329  0.102  0.253  0.052  0.000  0.000  0.040  0.011  0.000  0.002  0.459
   1.80998      9.073021  0.099  0.251  0.053  0.000  0.000  0.042  0.009  0.000  0.004  0.456
   1.77981      8.870274  0.094  0.249  0.049  0.000  0.000  0.045  0.006  0.000  0.005  0.450
   1.74964      8.675712  0.083  0.241  0.044  0.000  0.000  0.050  0.003  0.000  0.008  0.432
   1.71948      8.510056  0.063  0.219  0.034  0.000  0.000  0.060  0.000  0.000  0.017  0.393
   1.68931      8.424007  0.030  0.158  0.027  0.000  0.000  0.075  0.007  0.000  0.038  0.334
   1.65914      8.456970  0.011  0.092  0.036  0.000  0.000  0.081  0.025  0.000  0.058  0.302
   1.62898      8.562235  0.006  0.060  0.046  0.000  0.000  0.080  0.037  0.000  0.067  0.299
   1.59881      8.696188  0.005  0.046  0.051  0.000  0.000  0.079  0.048  0.000  0.069  0.301
   1.56865      8.842006  0.007  0.039  0.056  0.000  0.000  0.076  0.058  0.000  0.068  0.304
   1.53848      8.992053  0.006  0.036  0.055  0.000  0.000  0.074  0.069  0.000  0.066  0.305
   1.50831      9.140594  0.005  0.031  0.053  0.000  0.000  0.070  0.084  0.000  0.061  0.306
   1.47815      9.280644  0.005  0.027  0.050  0.000  0.000  0.062  0.108  0.000  0.055  0.308
   1.44798      9.401674  0.005  0.023  0.041  0.000  0.000  0.050  0.143  0.000  0.044  0.307
   1.41781      9.489583  0.004  0.020  0.034  0.000  0.000  0.034  0.188  0.000  0.031  0.310
   1.38765      9.534738  0.007  0.018  0.024  0.000  0.000  0.020  0.232  0.000  0.017  0.315
   1.35748      9.542058  0.008  0.017  0.017  0.000  0.000  0.012  0.263  0.000  0.007  0.324
   1.32732      9.527567  0.010  0.023  0.012  0.000  0.000  0.014  0.272  0.000  0.002  0.335
   1.29715      9.556546  0.032  0.106  0.029  0.000  0.000  0.092  0.087  0.000  0.032  0.379
   1.26698      9.777861  0.021  0.115  0.025  0.000  0.000  0.156  0.002  0.000  0.059  0.380
   1.23682      9.987142  0.006  0.075  0.012  0.000  0.000  0.202  0.000  0.000  0.066  0.362
   1.20665     10.129944  0.000  0.028  0.003  0.000  0.000  0.244  0.000  0.000  0.071  0.348
   1.17648     10.179205  0.000  0.004  0.000  0.006  0.047  0.092  0.000  0.170  0.025  0.343
   1.17648     10.179205  0.000  0.004  0.000  0.006  0.047  0.092  0.000  0.170  0.025  0.343
   1.14632     10.154331  0.000  0.002  0.001  0.021  0.050  0.080  0.000  0.171  0.021  0.346
   1.11615     10.077522  0.002  0.025  0.012  0.000  0.001  0.245  0.000  0.003  0.058  0.348
   1.08599      9.929009  0.019  0.071  0.028  0.000  0.000  0.210  0.000  0.000  0.041  0.368
   1.05582      9.696144  0.046  0.131  0.047  0.000  0.000  0.148  0.001  0.000  0.030  0.404
   1.02565      9.498615  0.012  0.026  0.020  0.000  0.000  0.046  0.220  0.000  0.014  0.341
   0.99549      9.465522  0.004  0.013  0.022  0.000  0.000  0.040  0.212  0.000  0.032  0.323
   0.96532      9.390708  0.003  0.017  0.034  0.000  0.000  0.060  0.152  0.000  0.053  0.319
   0.93515      9.276079  0.004  0.020  0.045  0.000  0.000  0.073  0.107  0.000  0.067  0.318
   0.90499      9.139749  0.004  0.024  0.052  0.000  0.000  0.080  0.083  0.000  0.074  0.316
   0.87482      8.993420  0.005  0.024  0.058  0.000  0.000  0.082  0.069  0.000  0.077  0.313
   0.84466      8.843238  0.005  0.024  0.060  0.000  0.000  0.081  0.060  0.000  0.080  0.310
   0.81449      8.692788  0.005  0.026  0.063  0.000  0.000  0.079  0.054  0.000  0.080  0.306
   0.78432      8.544804  0.004  0.027  0.064  0.000  0.000  0.078  0.048  0.000  0.080  0.303
   0.75416      8.402610  0.004  0.032  0.062  0.001  0.000  0.076  0.043  0.000  0.078  0.298
   0.72399      8.414297  0.000  0.000  0.000  0.284  0.076  0.000  0.000  0.006  0.000  0.366
   0.69382      8.418695  0.000  0.000  0.000  0.293  0.073  0.000  0.000  0.005  0.000  0.371
   0.66366      8.416467  0.000  0.000  0.000  0.302  0.069  0.000  0.000  0.004  0.000  0.375
   0.63349      8.511001  0.108  0.252  0.068  0.000  0.000  0.034  0.004  0.000  0.013  0.478
   0.60333      8.729204  0.116  0.257  0.074  0.000  0.000  0.031  0.007  0.000  0.010  0.494
   0.57316      8.948018  0.120  0.259  0.076  0.000  0.000  0.031  0.009  0.000  0.008  0.501
   0.54299      9.161153  0.121  0.256  0.075  0.000  0.000  0.032  0.010  0.000  0.006  0.501
   0.51283      9.365030  0.123  0.252  0.076  0.000  0.000  0.031  0.012  0.000  0.005  0.499
   0.48266      9.557601  0.124  0.249  0.076  0.000  0.000  0.030  0.013  0.000  0.003  0.493
   0.45249      9.737575  0.124  0.244  0.075  0.000  0.000  0.028  0.013  0.000  0.003  0.489
   0.42233      9.903803  0.128  0.240  0.077  0.000  0.000  0.025  0.012  0.000  0.004  0.484
   0.39216     10.055329  0.135  0.232  0.080  0.000  0.000  0.023  0.011  0.000  0.005  0.484
   0.36200     10.192305  0.142  0.224  0.084  0.000  0.000  0.020  0.009  0.000  0.007  0.486
   0.33183     10.316526  0.150  0.212  0.093  0.000  0.000  0.017  0.007  0.000  0.010  0.490
   0.30166     10.431031  0.156  0.202  0.102  0.000  0.000  0.014  0.006  0.000  0.013  0.493
   0.27150     10.539286  0.162  0.193  0.111  0.000  0.000  0.011  0.005  0.000  0.015  0.498
   0.24133     10.644400  0.166  0.182  0.120  0.000  0.000  0.009  0.004  0.000  0.018  0.501
   0.21116     10.748802  0.170  0.174  0.132  0.000  0.000  0.007  0.005  0.000  0.019  0.504
   0.18100     10.723402  0.000  0.000  0.000  0.376  0.025  0.000  0.000  0.043  0.000  0.444
   0.15083     10.617270  0.000  0.000  0.000  0.373  0.022  0.000  0.000  0.046  0.000  0.443
   0.12067     10.504484  0.000  0.000  0.000  0.371  0.022  0.000  0.000  0.048  0.000  0.441
   0.09050     10.389624  0.000  0.000  0.000  0.370  0.020  0.000  0.000  0.049  0.000  0.439
   0.06033     10.279074  0.000  0.000  0.000  0.372  0.019  0.000  0.000  0.049  0.000  0.439
   0.03017     10.186396  0.000  0.000  0.000  0.376  0.017  0.000  0.000  0.047  0.000  0.438
   0.00000     10.145180  0.000  0.000  0.000  0.380  0.015  0.000  0.000  0.044  0.000  0.440
 
# Band-Index:   25
   0.00000     11.476119  0.167  0.157  0.178  0.000  0.000  0.000  0.008  0.000  0.018  0.529
   0.03017     11.410216  0.168  0.156  0.177  0.000  0.000  0.000  0.007  0.000  0.019  0.525
   0.06033     11.299746  0.169  0.154  0.172  0.000  0.000  0.000  0.007  0.000  0.020  0.522
   0.09050     11.185170  0.170  0.155  0.165  0.000  0.000  0.002  0.006  0.000  0.021  0.518
   0.12067     11.072135  0.172  0.158  0.157  0.000  0.000  0.002  0.006  0.000  0.021  0.517
   0.15083     10.961815  0.172  0.161  0.151  0.000  0.000  0.004  0.005  0.000  0.021  0.513
   0.18100     10.854232  0.170  0.166  0.142  0.000  0.000  0.005  0.005  0.000  0.021  0.508
   0.21116     10.818448  0.000  0.000  0.000  0.381  0.025  0.000  0.000  0.039  0.000  0.446
   0.24133     10.897549  0.000  0.000  0.000  0.386  0.026  0.000  0.000  0.034  0.000  0.447
   0.27150     10.955363  0.000  0.000  0.000  0.390  0.027  0.000  0.000  0.028  0.000  0.446
   0.30166     10.986446  0.000  0.000  0.000  0.393  0.027  0.000  0.000  0.022  0.000  0.442
   0.33183     10.986097  0.000  0.000  0.000  0.396  0.027  0.000  0.000  0.015  0.000  0.438
   0.36200     10.951547  0.000  0.000  0.000  0.395  0.027  0.000  0.000  0.010  0.000  0.431
   0.39216     10.882928  0.000  0.000  0.000  0.389  0.027  0.000  0.000  0.006  0.000  0.422
   0.42233     10.777853  0.099  0.241  0.117  0.001  0.000  0.014  0.035  0.000  0.003  0.511
   0.45249     10.603217  0.090  0.216  0.128  0.000  0.000  0.015  0.040  0.000  0.002  0.495
   0.48266     10.448224  0.081  0.187  0.140  0.000  0.000  0.017  0.046  0.000  0.004  0.472
   0.51283     10.316213  0.072  0.152  0.152  0.000  0.000  0.020  0.053  0.000  0.006  0.454
   0.54299     10.187163  0.000  0.000  0.000  0.352  0.020  0.000  0.000  0.003  0.000  0.375
   0.57316     10.016305  0.000  0.000  0.000  0.348  0.018  0.000  0.000  0.004  0.000  0.370
   0.60333      9.845837  0.000  0.000  0.000  0.343  0.015  0.000  0.000  0.004  0.000  0.362
   0.63349      9.679800  0.000  0.000  0.000  0.341  0.012  0.000  0.000  0.005  0.000  0.357
   0.66366      9.522652  0.000  0.000  0.000  0.340  0.009  0.000  0.000  0.005  0.000  0.354
   0.69382      9.380061  0.000  0.000  0.000  0.340  0.006  0.000  0.000  0.006  0.000  0.350
   0.72399      9.259786  0.000  0.000  0.000  0.339  0.003  0.000  0.000  0.007  0.000  0.349
   0.75416      9.171714  0.000  0.000  0.000  0.339  0.005  0.000  0.000  0.009  0.000  0.353
   0.78432      9.124767  0.000  0.000  0.000  0.334  0.012  0.000  0.000  0.014  0.000  0.359
   0.81449      9.120986  0.000  0.000  0.000  0.323  0.022  0.000  0.000  0.019  0.000  0.364
   0.84466      9.154321  0.000  0.000  0.000  0.311  0.033  0.000  0.000  0.026  0.000  0.371
   0.87482      9.215957  0.000  0.000  0.000  0.296  0.044  0.000  0.000  0.034  0.000  0.374
   0.90499      9.298519  0.000  0.000  0.000  0.282  0.052  0.000  0.000  0.044  0.000  0.377
   0.93515      9.396729  0.000  0.000  0.000  0.266  0.058  0.000  0.000  0.055  0.000  0.378
   0.96532      9.506666  0.000  0.000  0.000  0.248  0.063  0.000  0.000  0.069  0.000  0.380
   0.99549      9.624925  0.000  0.000  0.000  0.227  0.067  0.000  0.000  0.086  0.000  0.379
   1.02565      9.747856  0.000  0.000  0.000  0.199  0.070  0.000  0.000  0.108  0.000  0.377
   1.05582      9.870773  0.000  0.000  0.000  0.167  0.071  0.000  0.000  0.136  0.000  0.374
   1.08599      9.986895  0.000  0.000  0.000  0.125  0.073  0.000  0.000  0.171  0.000  0.367
   1.11615     10.086212  0.000  0.000  0.000  0.075  0.071  0.003  0.000  0.208  0.001  0.358
   1.14632     10.156252  0.000  0.008  0.002  0.008  0.022  0.180  0.000  0.076  0.048  0.346
   1.17648     10.181040  0.000  0.006  0.000  0.004  0.025  0.170  0.000  0.092  0.047  0.343
   1.17648     10.181040  0.000  0.006  0.000  0.004  0.025  0.170  0.000  0.092  0.047  0.343
   1.20665     10.180841  0.000  0.000  0.000  0.012  0.071  0.000  0.000  0.263  0.000  0.345
   1.23682     10.182029  0.000  0.000  0.000  0.021  0.065  0.000  0.000  0.261  0.000  0.347
   1.26698     10.174807  0.000  0.000  0.000  0.052  0.052  0.000  0.000  0.249  0.000  0.354
   1.29715     10.128501  0.000  0.000  0.000  0.155  0.036  0.000  0.000  0.187  0.000  0.378
   1.32732     10.011091  0.000  0.000  0.000  0.257  0.042  0.000  0.000  0.099  0.000  0.399
   1.35748      9.859992  0.000  0.000  0.000  0.293  0.052  0.000  0.000  0.059  0.000  0.404
   1.38765      9.706695  0.000  0.000  0.000  0.308  0.055  0.000  0.000  0.041  0.000  0.403
   1.41781      9.561726  0.000  0.000  0.000  0.317  0.053  0.000  0.000  0.031  0.000  0.401
   1.44798      9.430108  0.000  0.000  0.000  0.323  0.049  0.000  0.000  0.023  0.000  0.397
   1.47815      9.316120  0.000  0.000  0.000  0.331  0.042  0.000  0.000  0.018  0.000  0.393
   1.50831      9.225034  0.000  0.000  0.000  0.339  0.034  0.000  0.000  0.014  0.000  0.388
   1.53848      9.164069  0.000  0.000  0.000  0.350  0.023  0.000  0.000  0.011  0.000  0.384
   1.56865      9.141997  0.000  0.000  0.000  0.357  0.012  0.000  0.000  0.008  0.000  0.377
   1.59881      9.165323  0.000  0.000  0.000  0.360  0.004  0.000  0.000  0.006  0.000  0.371
   1.62898      9.232601  0.000  0.000  0.000  0.358  0.002  0.000  0.000  0.005  0.000  0.365
   1.65914      9.334628  0.000  0.000  0.000  0.356  0.004  0.000  0.000  0.004  0.000  0.364
   1.68931      9.460408  0.000  0.000  0.000  0.355  0.008  0.000  0.000  0.003  0.000  0.366
   1.71948      9.601021  0.000  0.000  0.000  0.353  0.012  0.000  0.000  0.003  0.000  0.368
   1.74964      9.749925  0.000  0.000  0.000  0.354  0.016  0.000  0.000  0.004  0.000  0.374
   1.77981      9.902116  0.000  0.000  0.000  0.355  0.020  0.000  0.000  0.003  0.000  0.379
   1.80998     10.053354  0.000  0.000  0.000  0.357  0.024  0.000  0.000  0.004  0.000  0.385
   1.84014     10.199720  0.000  0.000  0.000  0.360  0.027  0.000  0.000  0.005  0.000  0.391
   1.87031     10.337403  0.000  0.000  0.000  0.363  0.029  0.000  0.000  0.006  0.000  0.398
   1.90047     10.462631  0.000  0.000  0.000  0.365  0.031  0.000  0.000  0.009  0.000  0.405
   1.93064     10.571773  0.000  0.000  0.000  0.369  0.033  0.000  0.000  0.011  0.000  0.412
   1.96081     10.661531  0.000  0.000  0.000  0.372  0.034  0.000  0.000  0.014  0.000  0.419
   1.99097     10.729183  0.000  0.000  0.000  0.374  0.033  0.000  0.000  0.018  0.000  0.425
   2.02114     10.772818  0.000  0.000  0.000  0.375  0.033  0.000  0.000  0.023  0.000  0.429
   2.05131     10.791588  0.000  0.000  0.000  0.374  0.032  0.000  0.000  0.026  0.000  0.432
   2.08147     10.785806  0.000  0.000  0.000  0.376  0.030  0.000  0.000  0.031  0.000  0.437
   2.11164     10.756894  0.000  0.000  0.000  0.375  0.028  0.000  0.000  0.035  0.000  0.439
   2.14180     10.723994  0.170  0.178  0.119  0.000  0.000  0.009  0.003  0.000  0.021  0.499
   2.17197     10.832852  0.171  0.171  0.130  0.000  0.000  0.007  0.003  0.000  0.022  0.505
   2.20214     10.943816  0.172  0.164  0.139  0.000  0.000  0.005  0.005  0.000  0.022  0.508
   2.23230     11.057594  0.171  0.159  0.151  0.000  0.000  0.003  0.005  0.000  0.023  0.512
   2.26247     11.174234  0.171  0.157  0.159  0.000  0.000  0.003  0.005  0.000  0.022  0.518
   2.29264     11.292597  0.169  0.153  0.168  0.000  0.000  0.001  0.007  0.000  0.021  0.521
   2.32280     11.407075  0.168  0.155  0.174  0.000  0.000  0.000  0.007  0.000  0.020  0.525
   2.35297     11.476119  0.167  0.157  0.178  0.000  0.000  0.000  0.008  0.000  0.018  0.529
 
# Band-Index:   26
   2.35297     11.650747  0.166  0.154  0.189  0.000  0.000  0.001  0.008  0.000  0.016  0.531
   2.32280     11.722023  0.163  0.158  0.191  0.000  0.000  0.000  0.008  0.000  0.015  0.535
   2.29264     11.842365  0.162  0.168  0.193  0.000  0.000  0.001  0.008  0.000  0.013  0.542
   2.26247     11.967251  0.159  0.181  0.192  0.000  0.000  0.001  0.007  0.000  0.009  0.550
   2.23230     12.084231  0.160  0.202  0.186  0.000  0.000  0.003  0.005  0.000  0.006  0.561
   2.20214     12.177102  0.157  0.238  0.172  0.000  0.000  0.005  0.002  0.000  0.002  0.577
   2.17197     12.215678  0.152  0.288  0.147  0.000  0.000  0.008  0.000  0.000  0.000  0.593
   2.14180     12.163930  0.137  0.326  0.123  0.000  0.000  0.009  0.004  0.000  0.002  0.598
   2.11164     12.023340  0.123  0.333  0.108  0.000  0.000  0.010  0.010  0.000  0.005  0.590
   2.08147     11.830286  0.115  0.324  0.104  0.000  0.000  0.011  0.016  0.000  0.007  0.576
   2.05131     11.614147  0.111  0.313  0.104  0.000  0.000  0.010  0.020  0.000  0.007  0.565
   2.02114     11.390782  0.112  0.299  0.106  0.000  0.000  0.011  0.022  0.000  0.007  0.557
   1.99097     11.168903  0.110  0.285  0.110  0.000  0.000  0.010  0.025  0.000  0.006  0.547
   1.96081     10.953922  0.107  0.272  0.113  0.000  0.000  0.010  0.027  0.000  0.005  0.537
   1.93064     10.749699  0.104  0.255  0.121  0.000  0.000  0.011  0.030  0.000  0.004  0.526
   1.90047     10.559668  0.098  0.234  0.129  0.000  0.000  0.013  0.033  0.000  0.004  0.510
   1.87031     10.387533  0.089  0.208  0.139  0.000  0.000  0.015  0.038  0.000  0.005  0.492
   1.84014     10.237358  0.078  0.176  0.150  0.000  0.000  0.019  0.042  0.000  0.005  0.473
   1.80998     10.112766  0.073  0.145  0.161  0.000  0.000  0.022  0.046  0.000  0.007  0.455
   1.77981     10.015656  0.068  0.113  0.171  0.000  0.000  0.027  0.050  0.000  0.009  0.440
   1.74964      9.945417  0.068  0.086  0.177  0.000  0.000  0.032  0.055  0.000  0.011  0.429
   1.71948      9.899140  0.069  0.064  0.181  0.000  0.000  0.036  0.059  0.000  0.012  0.420
   1.68931      9.872675  0.072  0.048  0.178  0.000  0.000  0.040  0.063  0.000  0.014  0.415
   1.65914      9.861635  0.076  0.037  0.174  0.000  0.000  0.044  0.067  0.000  0.015  0.413
   1.62898      9.862043  0.080  0.031  0.166  0.000  0.000  0.047  0.073  0.000  0.015  0.410
   1.59881      9.870523  0.080  0.028  0.158  0.000  0.000  0.050  0.078  0.000  0.014  0.409
   1.56865      9.884375  0.080  0.030  0.146  0.000  0.000  0.054  0.083  0.000  0.013  0.406
   1.53848      9.901647  0.079  0.033  0.133  0.000  0.000  0.058  0.088  0.000  0.012  0.403
   1.50831      9.921668  0.076  0.039  0.121  0.000  0.000  0.063  0.091  0.000  0.011  0.401
   1.47815      9.946276  0.072  0.049  0.109  0.000  0.000  0.073  0.087  0.000  0.012  0.402
   1.44798      9.981781  0.069  0.061  0.100  0.000  0.000  0.086  0.072  0.000  0.016  0.405
   1.41781     10.039205  0.065  0.074  0.093  0.000  0.000  0.104  0.048  0.000  0.024  0.408
   1.38765     10.126601  0.061  0.088  0.087  0.000  0.000  0.120  0.024  0.000  0.032  0.412
   1.35748     10.239343  0.061  0.101  0.082  0.000  0.000  0.128  0.010  0.000  0.037  0.418
   1.32732     10.350290  0.000  0.002  0.000  0.067  0.125  0.002  0.000  0.155  0.000  0.354
   1.29715     10.387090  0.000  0.000  0.000  0.175  0.131  0.000  0.000  0.073  0.000  0.379
   1.26698     10.507529  0.000  0.000  0.000  0.290  0.108  0.000  0.000  0.014  0.000  0.412
   1.23682     10.673798  0.000  0.000  0.000  0.349  0.078  0.000  0.000  0.003  0.000  0.432
   1.20665     10.837062  0.000  0.004  0.000  0.411  0.038  0.000  0.000  0.002  0.000  0.455
   1.17648     10.918844  0.000  0.169  0.000  0.307  0.000  0.000  0.000  0.000  0.000  0.477
   1.17648     10.918844  0.000  0.169  0.000  0.307  0.000  0.000  0.000  0.000  0.000  0.477
   1.14632     10.791786  0.022  0.398  0.018  0.000  0.000  0.002  0.000  0.000  0.034  0.473
   1.11615     10.543434  0.047  0.318  0.034  0.000  0.000  0.005  0.001  0.000  0.065  0.470
   1.08599     10.302459  0.054  0.236  0.041  0.000  0.000  0.032  0.002  0.000  0.086  0.451
   1.05582     10.122411  0.043  0.151  0.039  0.000  0.000  0.080  0.008  0.000  0.092  0.414
   1.02565      9.996789  0.034  0.103  0.041  0.000  0.000  0.102  0.027  0.000  0.081  0.390
   0.99549      9.916451  0.031  0.080  0.045  0.000  0.000  0.095  0.066  0.000  0.059  0.375
   0.96532      9.883878  0.031  0.065  0.047  0.000  0.000  0.076  0.113  0.000  0.035  0.366
   0.93515      9.884563  0.034  0.052  0.054  0.000  0.000  0.059  0.140  0.000  0.019  0.359
   0.90499      9.898487  0.038  0.045  0.064  0.000  0.000  0.051  0.148  0.000  0.012  0.357
   0.87482      9.914310  0.042  0.039  0.075  0.000  0.000  0.046  0.144  0.000  0.009  0.357
   0.84466      9.927638  0.047  0.033  0.089  0.000  0.000  0.045  0.136  0.000  0.008  0.360
   0.81449      9.937677  0.053  0.030  0.103  0.000  0.000  0.043  0.126  0.000  0.009  0.365
   0.78432      9.945379  0.058  0.029  0.118  0.000  0.000  0.042  0.115  0.000  0.009  0.372
   0.75416      9.952533  0.061  0.026  0.130  0.000  0.000  0.041  0.106  0.000  0.011  0.377
   0.72399      9.961316  0.065  0.028  0.143  0.000  0.000  0.040  0.097  0.000  0.012  0.382
   0.69382      9.974130  0.064  0.031  0.153  0.000  0.000  0.038  0.090  0.000  0.012  0.388
   0.66366      9.993688  0.064  0.037  0.162  0.000  0.000  0.037  0.083  0.000  0.012  0.394
   0.63349     10.023115  0.062  0.049  0.168  0.000  0.000  0.034  0.077  0.000  0.012  0.401
   0.60333     10.066102  0.062  0.065  0.170  0.000  0.000  0.031  0.071  0.000  0.011  0.409
   0.57316     10.126790  0.063  0.088  0.166  0.000  0.000  0.027  0.065  0.000  0.009  0.421
   0.54299     10.209232  0.067  0.118  0.161  0.000  0.000  0.024  0.059  0.000  0.006  0.435
   0.51283     10.354285  0.000  0.000  0.000  0.359  0.022  0.000  0.000  0.002  0.000  0.384
   0.48266     10.513008  0.000  0.000  0.000  0.367  0.023  0.000  0.000  0.003  0.000  0.393
   0.45249     10.658017  0.000  0.000  0.000  0.376  0.025  0.000  0.000  0.002  0.000  0.403
   0.42233     10.783391  0.000  0.002  0.000  0.380  0.026  0.000  0.000  0.004  0.000  0.415
   0.39216     10.969000  0.104  0.261  0.111  0.000  0.000  0.013  0.031  0.000  0.003  0.526
   0.36200     11.173510  0.109  0.277  0.107  0.000  0.000  0.014  0.028  0.000  0.004  0.536
   0.33183     11.387794  0.109  0.291  0.103  0.000  0.000  0.014  0.025  0.000  0.005  0.547
   0.30166     11.606317  0.110  0.304  0.100  0.000  0.000  0.014  0.022  0.000  0.005  0.558
   0.27150     11.819941  0.115  0.318  0.101  0.000  0.000  0.014  0.017  0.000  0.005  0.570
   0.24133     12.012032  0.122  0.330  0.103  0.000  0.000  0.015  0.012  0.000  0.003  0.584
   0.21116     12.151840  0.136  0.323  0.114  0.000  0.000  0.014  0.004  0.000  0.001  0.593
   0.18100     12.202140  0.151  0.284  0.139  0.000  0.000  0.012  0.001  0.000  0.000  0.586
   0.15083     12.163122  0.157  0.239  0.163  0.000  0.000  0.009  0.002  0.000  0.003  0.570
   0.12067     12.071603  0.158  0.202  0.178  0.000  0.000  0.006  0.005  0.000  0.007  0.557
   0.09050     11.957168  0.161  0.181  0.187  0.000  0.000  0.004  0.006  0.000  0.010  0.547
   0.06033     11.835538  0.161  0.168  0.188  0.000  0.000  0.002  0.008  0.000  0.013  0.540
   0.03017     11.718955  0.165  0.160  0.188  0.000  0.000  0.000  0.007  0.000  0.015  0.534
   0.00000     11.650747  0.166  0.154  0.189  0.000  0.000  0.001  0.008  0.000  0.016  0.531
 
# Band-Index:   27
   0.00000     13.702346  0.004  0.296  0.169  0.000  0.000  0.014  0.048  0.000  0.037  0.569
   0.03017     13.668281  0.006  0.289  0.169  0.000  0.000  0.013  0.050  0.000  0.037  0.564
   0.06033     13.577256  0.007  0.277  0.166  0.000  0.000  0.014  0.050  0.000  0.035  0.550
   0.09050     13.443703  0.009  0.256  0.164  0.000  0.000  0.014  0.051  0.000  0.034  0.530
   0.12067     13.283051  0.011  0.231  0.163  0.000  0.000  0.015  0.051  0.000  0.033  0.504
   0.15083     13.114429  0.013  0.195  0.164  0.000  0.000  0.016  0.050  0.000  0.032  0.470
   0.18100     12.959458  0.011  0.165  0.160  0.000  0.000  0.018  0.046  0.000  0.030  0.431
   0.21116     12.821132  0.013  0.166  0.143  0.000  0.000  0.022  0.036  0.000  0.030  0.409
   0.24133     12.670461  0.016  0.184  0.127  0.000  0.000  0.023  0.030  0.000  0.031  0.413
   0.27150     12.501832  0.021  0.187  0.122  0.000  0.000  0.023  0.028  0.000  0.033  0.413
   0.30166     12.327852  0.025  0.182  0.119  0.000  0.000  0.023  0.026  0.000  0.035  0.408
   0.33183     12.159286  0.030  0.170  0.116  0.000  0.000  0.023  0.024  0.000  0.037  0.399
   0.36200     12.004846  0.032  0.157  0.113  0.000  0.000  0.023  0.021  0.000  0.038  0.387
   0.39216     11.872112  0.036  0.147  0.109  0.000  0.000  0.023  0.019  0.000  0.038  0.373
   0.42233     11.766988  0.039  0.140  0.106  0.000  0.000  0.023  0.016  0.000  0.036  0.362
   0.45249     11.692484  0.040  0.138  0.105  0.000  0.000  0.022  0.015  0.000  0.032  0.352
   0.48266     11.647860  0.041  0.136  0.104  0.000  0.000  0.022  0.014  0.000  0.028  0.345
   0.51283     11.628773  0.040  0.136  0.108  0.000  0.000  0.021  0.015  0.000  0.023  0.342
   0.54299     11.628364  0.040  0.135  0.114  0.000  0.000  0.019  0.016  0.000  0.019  0.342
   0.57316     11.638661  0.039  0.133  0.124  0.000  0.000  0.018  0.020  0.000  0.015  0.348
   0.60333     11.651907  0.041  0.126  0.135  0.000  0.000  0.017  0.023  0.000  0.014  0.357
   0.63349     11.661647  0.049  0.116  0.148  0.000  0.000  0.015  0.027  0.000  0.015  0.370
   0.66366     11.663437  0.056  0.106  0.158  0.000  0.000  0.013  0.032  0.000  0.018  0.383
   0.69382     11.655074  0.065  0.093  0.167  0.000  0.000  0.012  0.036  0.000  0.025  0.400
   0.72399     11.577914  0.000  0.000  0.000  0.022  0.096  0.000  0.000  0.185  0.000  0.302
   0.75416     11.484394  0.000  0.000  0.000  0.024  0.094  0.000  0.000  0.190  0.000  0.308
   0.78432     11.397225  0.000  0.000  0.000  0.027  0.092  0.000  0.000  0.195  0.000  0.314
   0.81449     11.316546  0.000  0.000  0.000  0.030  0.091  0.000  0.000  0.199  0.000  0.319
   0.84466     11.242469  0.000  0.000  0.000  0.034  0.089  0.000  0.000  0.201  0.000  0.325
   0.87482     11.175103  0.000  0.000  0.000  0.040  0.087  0.000  0.000  0.203  0.000  0.330
   0.90499     11.114574  0.000  0.000  0.000  0.047  0.085  0.000  0.000  0.201  0.000  0.334
   0.93515     11.061037  0.000  0.000  0.000  0.058  0.083  0.000  0.000  0.199  0.000  0.342
   0.96532     11.014717  0.000  0.000  0.000  0.074  0.080  0.000  0.000  0.194  0.000  0.349
   0.99549     10.975953  0.000  0.000  0.000  0.094  0.077  0.000  0.000  0.185  0.000  0.356
   1.02565     10.945274  0.000  0.000  0.000  0.126  0.072  0.000  0.000  0.170  0.000  0.369
   1.05582     10.923485  0.000  0.000  0.000  0.172  0.064  0.000  0.000  0.147  0.000  0.383
   1.08599     10.911628  0.000  0.000  0.000  0.236  0.052  0.000  0.000  0.113  0.000  0.402
   1.11615     10.910243  0.000  0.000  0.000  0.328  0.034  0.000  0.000  0.069  0.000  0.432
   1.14632     10.916593  0.000  0.000  0.000  0.427  0.012  0.000  0.000  0.023  0.000  0.461
   1.17648     10.925164  0.000  0.308  0.000  0.169  0.000  0.000  0.000  0.000  0.000  0.477
   1.17648     10.925164  0.000  0.308  0.000  0.169  0.000  0.000  0.000  0.000  0.000  0.477
   1.20665     10.866149  0.024  0.402  0.020  0.004  0.000  0.021  0.000  0.000  0.010  0.481
   1.23682     10.749464  0.055  0.292  0.047  0.000  0.000  0.063  0.000  0.000  0.021  0.478
   1.26698     10.623116  0.066  0.207  0.060  0.000  0.000  0.098  0.001  0.000  0.029  0.463
   1.29715     10.494929  0.065  0.155  0.070  0.000  0.000  0.119  0.001  0.000  0.033  0.445
   1.32732     10.365608  0.062  0.120  0.074  0.001  0.001  0.127  0.004  0.002  0.036  0.429
   1.35748     10.363163  0.000  0.000  0.000  0.030  0.118  0.000  0.000  0.193  0.000  0.342
   1.38765     10.395703  0.000  0.000  0.000  0.019  0.113  0.000  0.000  0.206  0.000  0.337
   1.41781     10.439643  0.000  0.000  0.000  0.013  0.109  0.000  0.000  0.212  0.000  0.334
   1.44798     10.492370  0.000  0.000  0.000  0.010  0.107  0.000  0.000  0.213  0.000  0.330
   1.47815     10.552906  0.000  0.000  0.000  0.009  0.106  0.000  0.000  0.213  0.000  0.327
   1.50831     10.620840  0.000  0.000  0.000  0.009  0.104  0.000  0.000  0.212  0.000  0.326
   1.53848     10.695999  0.000  0.000  0.000  0.009  0.104  0.000  0.000  0.210  0.000  0.322
   1.56865     10.778336  0.000  0.000  0.000  0.009  0.102  0.000  0.000  0.207  0.000  0.318
   1.59881     10.867878  0.000  0.000  0.000  0.009  0.102  0.000  0.000  0.204  0.000  0.315
   1.62898     10.964708  0.000  0.000  0.000  0.008  0.100  0.000  0.000  0.201  0.000  0.310
   1.65914     11.068962  0.000  0.000  0.000  0.009  0.100  0.000  0.000  0.197  0.000  0.305
   1.68931     11.180850  0.000  0.000  0.000  0.010  0.098  0.000  0.000  0.193  0.000  0.301
   1.71948     11.300650  0.000  0.000  0.000  0.010  0.097  0.000  0.000  0.188  0.000  0.296
   1.74964     11.428716  0.000  0.000  0.000  0.011  0.095  0.000  0.000  0.184  0.000  0.290
   1.77981     11.529972  0.036  0.122  0.103  0.000  0.000  0.022  0.025  0.000  0.019  0.330
   1.80998     11.539318  0.039  0.125  0.099  0.000  0.000  0.023  0.022  0.000  0.022  0.329
   1.84014     11.557550  0.042  0.125  0.097  0.000  0.000  0.025  0.019  0.000  0.024  0.330
   1.87031     11.591242  0.042  0.124  0.098  0.000  0.000  0.026  0.017  0.000  0.028  0.336
   1.90047     11.646344  0.044  0.125  0.101  0.000  0.000  0.028  0.016  0.000  0.030  0.345
   1.93064     11.727168  0.043  0.128  0.107  0.000  0.000  0.028  0.017  0.000  0.034  0.355
   1.96081     11.835427  0.039  0.136  0.111  0.000  0.000  0.029  0.019  0.000  0.034  0.369
   1.99097     11.969790  0.035  0.145  0.116  0.000  0.000  0.029  0.021  0.000  0.034  0.381
   2.02114     12.126194  0.031  0.158  0.119  0.000  0.000  0.029  0.024  0.000  0.033  0.395
   2.05131     12.298717  0.028  0.171  0.122  0.000  0.000  0.030  0.026  0.000  0.032  0.407
   2.08147     12.480313  0.023  0.181  0.123  0.000  0.000  0.030  0.029  0.000  0.030  0.416
   2.11164     12.662572  0.017  0.185  0.127  0.000  0.000  0.029  0.032  0.000  0.028  0.417
   2.14180     12.834069  0.014  0.173  0.137  0.000  0.000  0.027  0.039  0.000  0.026  0.416
   2.17197     12.986566  0.011  0.163  0.157  0.000  0.000  0.020  0.051  0.000  0.028  0.429
   2.20214     13.139605  0.013  0.188  0.166  0.000  0.000  0.014  0.058  0.000  0.032  0.471
   2.23230     13.302303  0.012  0.223  0.166  0.000  0.000  0.012  0.058  0.000  0.035  0.509
   2.26247     13.457276  0.012  0.253  0.168  0.000  0.000  0.011  0.057  0.000  0.038  0.536
   2.29264     13.585562  0.008  0.273  0.169  0.000  0.000  0.011  0.054  0.000  0.039  0.555
   2.32280     13.671492  0.006  0.289  0.169  0.000  0.000  0.013  0.051  0.000  0.038  0.566
   2.35297     13.702346  0.004  0.296  0.169  0.000  0.000  0.014  0.048  0.000  0.037  0.569
 
# Band-Index:   28
   2.35297     13.739217  0.003  0.291  0.167  0.000  0.000  0.013  0.054  0.000  0.040  0.568
   2.32280     13.719581  0.005  0.292  0.166  0.000  0.000  0.014  0.051  0.000  0.039  0.566
   2.29264     13.660113  0.006  0.291  0.163  0.000  0.000  0.016  0.047  0.000  0.036  0.559
   2.26247     13.564551  0.010  0.286  0.162  0.000  0.000  0.017  0.045  0.000  0.035  0.554
   2.23230     13.441205  0.014  0.275  0.166  0.000  0.000  0.016  0.044  0.000  0.035  0.551
   2.20214     13.303025  0.024  0.257  0.175  0.000  0.000  0.015  0.046  0.000  0.036  0.552
   2.17197     13.177446  0.038  0.214  0.206  0.000  0.000  0.009  0.054  0.000  0.037  0.556
   2.14180     13.122201  0.056  0.145  0.249  0.000  0.000  0.003  0.060  0.000  0.032  0.547
   2.11164     13.166165  0.072  0.105  0.269  0.000  0.000  0.003  0.060  0.000  0.024  0.535
   2.08147     13.274335  0.081  0.098  0.276  0.000  0.000  0.005  0.056  0.000  0.017  0.534
   2.05131     13.246533  0.000  0.000  0.000  0.047  0.062  0.000  0.000  0.118  0.000  0.226
   2.02114     13.021832  0.000  0.000  0.000  0.042  0.067  0.000  0.000  0.126  0.000  0.234
   1.99097     12.804481  0.000  0.000  0.000  0.035  0.070  0.000  0.000  0.132  0.000  0.239
   1.96081     12.596096  0.000  0.000  0.000  0.030  0.075  0.000  0.000  0.140  0.000  0.246
   1.93064     12.397763  0.000  0.000  0.000  0.027  0.079  0.000  0.000  0.147  0.000  0.253
   1.90047     12.210122  0.000  0.000  0.000  0.023  0.083  0.000  0.000  0.154  0.000  0.259
   1.87031     12.033348  0.000  0.000  0.000  0.017  0.086  0.000  0.000  0.160  0.000  0.265
   1.84014     11.867273  0.000  0.000  0.000  0.014  0.089  0.000  0.000  0.167  0.000  0.271
   1.80998     11.711501  0.000  0.000  0.000  0.014  0.092  0.000  0.000  0.173  0.000  0.279
   1.77981     11.565512  0.000  0.000  0.000  0.012  0.094  0.000  0.000  0.179  0.000  0.285
   1.74964     11.523285  0.036  0.116  0.110  0.000  0.000  0.020  0.031  0.000  0.020  0.334
   1.71948     11.513978  0.037  0.110  0.116  0.000  0.000  0.018  0.037  0.000  0.022  0.342
   1.68931     11.498425  0.042  0.100  0.122  0.000  0.000  0.017  0.043  0.000  0.027  0.351
   1.65914     11.474778  0.050  0.088  0.129  0.000  0.000  0.016  0.048  0.000  0.033  0.363
   1.62898     11.442993  0.056  0.075  0.134  0.000  0.000  0.015  0.052  0.000  0.042  0.377
   1.59881     11.404577  0.067  0.063  0.140  0.000  0.000  0.015  0.054  0.000  0.054  0.392
   1.56865     11.362258  0.077  0.051  0.145  0.000  0.000  0.014  0.055  0.000  0.066  0.409
   1.53848     11.319621  0.088  0.040  0.151  0.000  0.000  0.014  0.053  0.000  0.079  0.426
   1.50831     11.280755  0.102  0.030  0.154  0.000  0.000  0.014  0.049  0.000  0.093  0.440
   1.47815     11.249810  0.113  0.021  0.158  0.000  0.000  0.015  0.043  0.000  0.108  0.456
   1.44798     11.230500  0.125  0.012  0.162  0.000  0.000  0.015  0.034  0.000  0.122  0.469
   1.41781     11.225479  0.135  0.007  0.162  0.000  0.000  0.014  0.026  0.000  0.136  0.480
   1.38765     11.235861  0.138  0.004  0.162  0.000  0.000  0.013  0.018  0.000  0.151  0.486
   1.35748     11.261038  0.139  0.003  0.157  0.000  0.000  0.011  0.011  0.000  0.164  0.487
   1.32732     11.298702  0.133  0.004  0.147  0.000  0.000  0.011  0.006  0.000  0.179  0.480
   1.29715     11.344659  0.120  0.008  0.130  0.000  0.000  0.010  0.004  0.000  0.195  0.464
   1.26698     11.391609  0.093  0.013  0.103  0.000  0.000  0.012  0.001  0.000  0.213  0.436
   1.23682     11.425977  0.053  0.024  0.059  0.000  0.000  0.017  0.000  0.000  0.239  0.392
   1.20665     11.427711  0.010  0.025  0.010  0.000  0.000  0.027  0.000  0.000  0.267  0.342
   1.17648     11.411220  0.000  0.004  0.000  0.002  0.101  0.023  0.000  0.013  0.180  0.324
   1.17648     11.411220  0.000  0.004  0.000  0.002  0.101  0.023  0.000  0.013  0.180  0.324
   1.14632     11.452653  0.000  0.000  0.000  0.037  0.268  0.000  0.000  0.028  0.000  0.333
   1.11615     11.527482  0.090  0.035  0.094  0.000  0.000  0.026  0.000  0.000  0.195  0.442
   1.08599     11.532423  0.140  0.019  0.150  0.000  0.000  0.023  0.001  0.000  0.165  0.498
   1.05582     11.517551  0.162  0.012  0.176  0.000  0.000  0.022  0.002  0.000  0.146  0.521
   1.02565     11.497030  0.170  0.009  0.192  0.000  0.000  0.021  0.004  0.000  0.134  0.530
   0.99549     11.478119  0.171  0.008  0.200  0.000  0.000  0.020  0.007  0.000  0.123  0.532
   0.96532     11.465435  0.169  0.009  0.206  0.000  0.000  0.019  0.011  0.000  0.114  0.530
   0.93515     11.461932  0.162  0.015  0.206  0.000  0.000  0.019  0.017  0.000  0.104  0.523
   0.90499     11.468970  0.153  0.019  0.206  0.000  0.000  0.017  0.022  0.000  0.094  0.512
   0.87482     11.486323  0.142  0.026  0.204  0.000  0.000  0.016  0.029  0.000  0.084  0.500
   0.84466     11.512281  0.131  0.035  0.200  0.000  0.000  0.014  0.034  0.000  0.074  0.486
   0.81449     11.543971  0.117  0.044  0.196  0.000  0.000  0.013  0.037  0.000  0.062  0.470
   0.78432     11.577814  0.103  0.056  0.189  0.000  0.000  0.012  0.039  0.000  0.052  0.453
   0.75416     11.609949  0.090  0.068  0.184  0.000  0.000  0.012  0.040  0.000  0.042  0.436
   0.72399     11.636725  0.077  0.081  0.176  0.000  0.000  0.013  0.039  0.000  0.032  0.418
   0.69382     11.677704  0.000  0.000  0.000  0.021  0.098  0.000  0.000  0.178  0.000  0.296
   0.66366     11.783382  0.000  0.000  0.000  0.019  0.099  0.000  0.000  0.172  0.000  0.291
   0.63349     11.894848  0.000  0.000  0.000  0.019  0.101  0.000  0.000  0.165  0.000  0.285
   0.60333     12.011768  0.000  0.000  0.000  0.019  0.103  0.000  0.000  0.157  0.000  0.280
   0.57316     12.133769  0.000  0.000  0.000  0.019  0.106  0.000  0.000  0.149  0.000  0.273
   0.54299     12.260423  0.000  0.000  0.000  0.017  0.108  0.000  0.000  0.141  0.000  0.266
   0.51283     12.391278  0.000  0.000  0.000  0.015  0.111  0.000  0.000  0.132  0.000  0.258
   0.48266     12.525927  0.000  0.000  0.000  0.015  0.113  0.000  0.000  0.123  0.000  0.252
   0.45249     12.664154  0.000  0.000  0.000  0.012  0.115  0.000  0.000  0.115  0.000  0.243
   0.42233     12.806171  0.000  0.000  0.000  0.012  0.116  0.000  0.000  0.107  0.000  0.235
   0.39216     12.952888  0.000  0.000  0.000  0.012  0.116  0.000  0.000  0.101  0.000  0.229
   0.36200     13.105951  0.000  0.000  0.000  0.012  0.115  0.000  0.000  0.095  0.000  0.221
   0.33183     13.267428  0.000  0.000  0.000  0.014  0.110  0.000  0.000  0.090  0.000  0.215
   0.30166     13.422484  0.084  0.106  0.270  0.000  0.000  0.010  0.051  0.000  0.015  0.535
   0.27150     13.283100  0.082  0.105  0.269  0.000  0.000  0.006  0.055  0.000  0.020  0.538
   0.24133     13.182368  0.073  0.118  0.265  0.000  0.000  0.003  0.060  0.000  0.027  0.544
   0.21116     13.154268  0.055  0.161  0.241  0.000  0.000  0.002  0.062  0.000  0.035  0.556
   0.18100     13.220558  0.036  0.218  0.202  0.000  0.000  0.006  0.058  0.000  0.038  0.559
   0.15083     13.341174  0.025  0.252  0.179  0.000  0.000  0.009  0.053  0.000  0.039  0.557
   0.12067     13.469721  0.018  0.270  0.169  0.000  0.000  0.011  0.051  0.000  0.039  0.557
   0.09050     13.583710  0.011  0.282  0.166  0.000  0.000  0.012  0.050  0.000  0.039  0.561
   0.06033     13.671007  0.007  0.288  0.166  0.000  0.000  0.012  0.052  0.000  0.040  0.565
   0.03017     13.723454  0.005  0.292  0.166  0.000  0.000  0.012  0.053  0.000  0.040  0.569
   0.00000     13.739217  0.003  0.291  0.167  0.000  0.000  0.013  0.054  0.000  0.040  0.568
 
# Band-Index:   29
   0.00000     14.951717  0.000  0.000  0.000  0.070  0.039  0.000  0.000  0.056  0.000  0.165
   0.03017     14.924441  0.000  0.000  0.000  0.069  0.041  0.000  0.000  0.057  0.000  0.167
   0.06033     14.845788  0.000  0.000  0.000  0.067  0.045  0.000  0.000  0.059  0.000  0.172
   0.09050     14.723978  0.000  0.000  0.000  0.065  0.052  0.000  0.000  0.062  0.000  0.178
   0.12067     14.569446  0.000  0.000  0.000  0.061  0.059  0.000  0.000  0.065  0.000  0.186
   0.15083     14.392517  0.000  0.000  0.000  0.056  0.067  0.000  0.000  0.068  0.000  0.191
   0.18100     14.202277  0.000  0.000  0.000  0.051  0.075  0.000  0.000  0.072  0.000  0.197
   0.21116     14.006315  0.000  0.000  0.000  0.043  0.082  0.000  0.000  0.076  0.000  0.201
   0.24133     13.810795  0.000  0.000  0.000  0.035  0.090  0.000  0.000  0.079  0.000  0.204
   0.27150     13.620546  0.000  0.000  0.000  0.027  0.098  0.000  0.000  0.083  0.000  0.207
   0.30166     13.438904  0.000  0.000  0.000  0.020  0.104  0.000  0.000  0.086  0.000  0.210
   0.33183     13.582513  0.085  0.109  0.265  0.000  0.000  0.015  0.049  0.000  0.011  0.538
   0.36200     13.754543  0.085  0.115  0.262  0.000  0.000  0.020  0.047  0.000  0.009  0.536
   0.39216     13.933980  0.082  0.122  0.257  0.000  0.000  0.024  0.045  0.000  0.006  0.537
   0.42233     14.100063  0.000  0.000  0.000  0.031  0.027  0.000  0.000  0.202  0.000  0.261
   0.45249     14.128702  0.000  0.000  0.000  0.030  0.032  0.000  0.000  0.205  0.000  0.267
   0.48266     14.175017  0.000  0.000  0.000  0.032  0.038  0.000  0.000  0.204  0.000  0.275
   0.51283     14.230261  0.000  0.000  0.000  0.031  0.046  0.000  0.000  0.201  0.000  0.279
   0.54299     14.284713  0.000  0.000  0.000  0.031  0.056  0.000  0.000  0.196  0.000  0.284
   0.57316     14.328179  0.000  0.000  0.000  0.031  0.067  0.000  0.000  0.190  0.000  0.288
   0.60333     14.350580  0.000  0.000  0.000  0.034  0.080  0.000  0.000  0.181  0.000  0.294
   0.63349     14.343008  0.000  0.000  0.000  0.039  0.094  0.000  0.000  0.169  0.000  0.300
   0.66366     14.299211  0.000  0.000  0.000  0.048  0.108  0.000  0.000  0.154  0.000  0.311
   0.69382     14.216906  0.000  0.001  0.001  0.058  0.122  0.000  0.000  0.138  0.001  0.321
   0.72399     14.098247  0.000  0.002  0.001  0.074  0.135  0.000  0.000  0.122  0.001  0.334
   0.75416     13.948334  0.000  0.000  0.000  0.090  0.148  0.000  0.000  0.107  0.000  0.346
   0.78432     13.773311  0.000  0.000  0.000  0.104  0.158  0.000  0.000  0.093  0.000  0.356
   0.81449     13.579606  0.000  0.000  0.000  0.119  0.166  0.000  0.000  0.081  0.000  0.366
   0.84466     13.372920  0.000  0.000  0.000  0.132  0.172  0.000  0.000  0.069  0.000  0.373
   0.87482     13.158013  0.000  0.000  0.000  0.144  0.178  0.000  0.000  0.058  0.000  0.380
   0.90499     12.938786  0.000  0.000  0.000  0.153  0.183  0.000  0.000  0.048  0.000  0.386
   0.93515     12.718511  0.000  0.000  0.000  0.161  0.187  0.000  0.000  0.039  0.000  0.388
   0.96532     12.500068  0.000  0.000  0.000  0.167  0.191  0.000  0.000  0.032  0.000  0.390
   0.99549     12.286258  0.000  0.000  0.000  0.169  0.197  0.000  0.000  0.024  0.000  0.388
   1.02565     12.080169  0.000  0.000  0.000  0.165  0.203  0.000  0.000  0.018  0.000  0.386
   1.05582     11.885753  0.000  0.000  0.000  0.153  0.213  0.000  0.000  0.013  0.000  0.379
   1.08599     11.708839  0.000  0.000  0.000  0.129  0.226  0.000  0.000  0.012  0.000  0.368
   1.11615     11.559048  0.000  0.000  0.000  0.089  0.246  0.000  0.000  0.018  0.000  0.353
   1.14632     11.474668  0.018  0.045  0.020  0.000  0.000  0.031  0.000  0.000  0.242  0.357
   1.17648     11.413705  0.000  0.002  0.000  0.004  0.180  0.013  0.000  0.023  0.101  0.324
   1.17648     11.413705  0.000  0.002  0.000  0.004  0.180  0.013  0.000  0.023  0.101  0.324
   1.20665     11.506687  0.000  0.000  0.000  0.066  0.244  0.000  0.000  0.033  0.000  0.343
   1.23682     11.702185  0.000  0.000  0.000  0.122  0.209  0.000  0.000  0.032  0.000  0.362
   1.26698     11.931221  0.000  0.000  0.000  0.148  0.190  0.000  0.000  0.033  0.000  0.371
   1.29715     12.175888  0.000  0.000  0.000  0.162  0.180  0.000  0.000  0.034  0.000  0.376
   1.32732     12.430480  0.000  0.000  0.000  0.167  0.173  0.000  0.000  0.035  0.000  0.377
   1.35748     12.692361  0.000  0.000  0.000  0.167  0.168  0.000  0.000  0.038  0.000  0.374
   1.38765     12.922268  0.084  0.184  0.190  0.000  0.001  0.004  0.006  0.000  0.046  0.516
   1.41781     13.084509  0.073  0.184  0.187  0.000  0.000  0.004  0.008  0.000  0.046  0.499
   1.44798     13.241480  0.061  0.183  0.181  0.000  0.000  0.004  0.013  0.000  0.045  0.486
   1.47815     13.394878  0.052  0.180  0.178  0.000  0.000  0.004  0.017  0.000  0.046  0.475
   1.50831     13.545598  0.043  0.178  0.171  0.000  0.000  0.004  0.021  0.000  0.047  0.465
   1.53848     13.693858  0.036  0.175  0.168  0.000  0.000  0.002  0.026  0.000  0.050  0.456
   1.56865     13.839378  0.028  0.170  0.161  0.000  0.000  0.002  0.031  0.000  0.054  0.446
   1.59881     13.981648  0.024  0.163  0.155  0.000  0.000  0.001  0.034  0.000  0.059  0.434
   1.62898     14.120270  0.020  0.152  0.148  0.000  0.000  0.001  0.038  0.000  0.064  0.422
   1.65914     14.255258  0.017  0.140  0.139  0.000  0.000  0.001  0.040  0.000  0.070  0.411
   1.68931     14.387168  0.019  0.125  0.135  0.000  0.000  0.001  0.042  0.000  0.075  0.397
   1.71948     14.516651  0.021  0.109  0.132  0.000  0.000  0.001  0.041  0.000  0.078  0.382
   1.74964     14.642208  0.022  0.094  0.139  0.000  0.000  0.002  0.034  0.000  0.076  0.366
   1.77981     14.746535  0.020  0.091  0.180  0.000  0.000  0.007  0.012  0.000  0.053  0.362
   1.80998     14.734568  0.046  0.123  0.239  0.000  0.000  0.032  0.007  0.000  0.008  0.454
   1.84014     14.597106  0.068  0.133  0.244  0.000  0.000  0.040  0.028  0.000  0.003  0.518
   1.87031     14.431280  0.077  0.133  0.249  0.000  0.000  0.037  0.038  0.000  0.002  0.536
   1.90047     14.258724  0.079  0.131  0.255  0.000  0.000  0.032  0.043  0.000  0.003  0.543
   1.93064     14.084252  0.081  0.126  0.261  0.000  0.000  0.028  0.046  0.000  0.003  0.546
   1.96081     13.910183  0.084  0.119  0.267  0.000  0.000  0.023  0.048  0.000  0.004  0.544
   1.99097     13.738591  0.085  0.114  0.271  0.000  0.000  0.018  0.049  0.000  0.005  0.543
   2.02114     13.572116  0.085  0.108  0.272  0.000  0.000  0.014  0.050  0.000  0.008  0.538
   2.05131     13.414858  0.084  0.101  0.275  0.000  0.000  0.010  0.053  0.000  0.012  0.535
   2.08147     13.476436  0.000  0.000  0.000  0.053  0.056  0.000  0.000  0.111  0.000  0.221
   2.11164     13.708733  0.000  0.000  0.000  0.057  0.051  0.000  0.000  0.104  0.000  0.212
   2.14180     13.939809  0.000  0.000  0.000  0.063  0.046  0.000  0.000  0.097  0.000  0.206
   2.17197     14.164859  0.000  0.000  0.000  0.066  0.042  0.000  0.000  0.091  0.000  0.198
   2.20214     14.377530  0.000  0.000  0.000  0.069  0.038  0.000  0.000  0.084  0.000  0.189
   2.23230     14.569533  0.000  0.000  0.000  0.069  0.035  0.000  0.000  0.077  0.000  0.180
   2.26247     14.730986  0.000  0.000  0.000  0.071  0.034  0.000  0.000  0.069  0.000  0.175
   2.29264     14.852249  0.000  0.000  0.000  0.071  0.036  0.000  0.000  0.063  0.000  0.169
   2.32280     14.926724  0.000  0.000  0.000  0.072  0.038  0.000  0.000  0.057  0.000  0.167
   2.35297     14.951717  0.000  0.000  0.000  0.070  0.039  0.000  0.000  0.056  0.000  0.165
 
# Band-Index:   30
   2.35297     15.369061  0.000  0.000  0.000  0.039  0.024  0.000  0.000  0.026  0.000  0.090
   2.32280     15.349376  0.000  0.000  0.000  0.039  0.027  0.000  0.000  0.028  0.000  0.094
   2.29264     15.295765  0.000  0.000  0.000  0.038  0.036  0.000  0.000  0.031  0.000  0.105
   2.26247     15.220761  0.000  0.000  0.000  0.036  0.046  0.000  0.000  0.037  0.000  0.119
   2.23230     15.136816  0.000  0.000  0.000  0.035  0.053  0.000  0.000  0.045  0.000  0.134
   2.20214     15.052861  0.000  0.000  0.000  0.034  0.058  0.000  0.000  0.053  0.000  0.146
   2.17197     14.975155  0.000  0.000  0.000  0.034  0.061  0.000  0.000  0.062  0.000  0.157
   2.14180     14.908755  0.000  0.000  0.000  0.034  0.060  0.000  0.000  0.071  0.000  0.164
   2.11164     14.858058  0.000  0.000  0.000  0.034  0.059  0.000  0.000  0.080  0.000  0.172
   2.08147     14.826749  0.000  0.000  0.000  0.033  0.056  0.000  0.000  0.088  0.000  0.178
   2.05131     14.817528  0.000  0.000  0.000  0.036  0.053  0.000  0.000  0.095  0.000  0.184
   2.02114     14.831833  0.000  0.000  0.000  0.036  0.049  0.000  0.000  0.102  0.000  0.187
   1.99097     14.869662  0.000  0.000  0.000  0.037  0.045  0.000  0.000  0.107  0.000  0.189
   1.96081     14.929564  0.000  0.000  0.000  0.039  0.041  0.000  0.000  0.111  0.000  0.192
   1.93064     15.008674  0.000  0.000  0.000  0.039  0.037  0.000  0.000  0.114  0.000  0.191
   1.90047     15.102779  0.000  0.000  0.000  0.038  0.034  0.000  0.000  0.116  0.000  0.187
   1.87031     15.206194  0.000  0.000  0.000  0.035  0.031  0.000  0.000  0.118  0.000  0.184
   1.84014     15.155542  0.076  0.053  0.046  0.000  0.000  0.013  0.094  0.000  0.114  0.397
   1.80998     15.037557  0.094  0.079  0.036  0.000  0.000  0.026  0.116  0.000  0.112  0.465
   1.77981     15.053186  0.114  0.128  0.083  0.000  0.000  0.056  0.109  0.000  0.069  0.560
   1.74964     15.191245  0.106  0.144  0.105  0.000  0.000  0.065  0.085  0.000  0.047  0.554
   1.71948     15.352129  0.099  0.150  0.095  0.000  0.000  0.068  0.077  0.000  0.043  0.533
   1.68931     15.419190  0.000  0.000  0.000  0.041  0.066  0.000  0.000  0.089  0.000  0.197
   1.65914     15.273304  0.000  0.000  0.000  0.061  0.086  0.000  0.000  0.079  0.000  0.227
   1.62898     15.078090  0.000  0.000  0.000  0.082  0.104  0.000  0.000  0.070  0.000  0.258
   1.59881     14.848535  0.000  0.000  0.000  0.102  0.120  0.000  0.000  0.063  0.000  0.285
   1.56865     14.596908  0.000  0.000  0.000  0.119  0.132  0.000  0.000  0.058  0.000  0.308
   1.53848     14.331935  0.000  0.000  0.000  0.131  0.140  0.000  0.000  0.054  0.000  0.325
   1.50831     14.059518  0.000  0.000  0.000  0.142  0.147  0.000  0.000  0.049  0.000  0.338
   1.47815     13.783681  0.000  0.000  0.000  0.150  0.153  0.000  0.000  0.047  0.000  0.349
   1.44798     13.507226  0.000  0.000  0.000  0.157  0.158  0.000  0.000  0.044  0.000  0.358
   1.41781     13.232208  0.000  0.000  0.000  0.162  0.162  0.000  0.000  0.041  0.000  0.365
   1.38765     12.960308  0.000  0.000  0.000  0.165  0.164  0.000  0.000  0.040  0.000  0.371
   1.35748     12.753076  0.102  0.184  0.199  0.000  0.000  0.004  0.003  0.000  0.047  0.538
   1.32732     12.573737  0.125  0.180  0.210  0.000  0.000  0.003  0.001  0.000  0.046  0.568
   1.29715     12.383254  0.159  0.170  0.231  0.000  0.000  0.003  0.001  0.000  0.043  0.605
   1.26698     12.184818  0.207  0.147  0.266  0.000  0.000  0.002  0.001  0.000  0.035  0.658
   1.23682     11.994325  0.281  0.101  0.325  0.000  0.000  0.001  0.001  0.000  0.019  0.728
   1.20665     11.851427  0.366  0.034  0.401  0.000  0.000  0.000  0.002  0.000  0.003  0.806
   1.17648     11.800970  0.403  0.000  0.432  0.000  0.000  0.000  0.002  0.000  0.000  0.837
   1.17648     11.800970  0.403  0.000  0.432  0.000  0.000  0.000  0.002  0.000  0.000  0.837
   1.14632     11.853142  0.361  0.036  0.396  0.000  0.000  0.000  0.001  0.000  0.005  0.800
   1.11615     12.005948  0.255  0.111  0.302  0.000  0.000  0.002  0.001  0.000  0.026  0.697
   1.08599     12.201134  0.176  0.155  0.239  0.000  0.000  0.002  0.001  0.000  0.041  0.614
   1.05582     12.395161  0.131  0.172  0.208  0.000  0.000  0.002  0.001  0.000  0.046  0.561
   1.02565     12.579926  0.102  0.178  0.195  0.000  0.000  0.004  0.001  0.000  0.047  0.527
   0.99549     12.757356  0.085  0.179  0.187  0.000  0.000  0.006  0.002  0.000  0.047  0.507
   0.96532     12.929523  0.073  0.181  0.182  0.000  0.000  0.008  0.003  0.000  0.047  0.494
   0.93515     13.097256  0.062  0.181  0.177  0.000  0.000  0.009  0.006  0.000  0.047  0.485
   0.90499     13.260603  0.054  0.182  0.175  0.000  0.000  0.009  0.008  0.000  0.048  0.475
   0.87482     13.419293  0.046  0.181  0.170  0.000  0.000  0.009  0.012  0.000  0.049  0.468
   0.84466     13.572905  0.039  0.180  0.165  0.000  0.000  0.008  0.017  0.000  0.052  0.461
   0.81449     13.720914  0.033  0.177  0.159  0.000  0.000  0.007  0.021  0.000  0.056  0.453
   0.78432     13.862764  0.027  0.171  0.154  0.000  0.000  0.006  0.025  0.000  0.061  0.444
   0.75416     13.998073  0.023  0.162  0.145  0.000  0.000  0.005  0.029  0.000  0.066  0.435
   0.72399     14.126920  0.023  0.151  0.135  0.001  0.001  0.005  0.033  0.001  0.073  0.424
   0.69382     14.249929  0.022  0.138  0.128  0.000  0.001  0.004  0.036  0.001  0.081  0.413
   0.66366     14.368987  0.026  0.122  0.121  0.000  0.000  0.003  0.039  0.000  0.088  0.400
   0.63349     14.486620  0.029  0.105  0.116  0.000  0.000  0.003  0.039  0.000  0.094  0.387
   0.60333     14.604151  0.033  0.087  0.117  0.000  0.000  0.004  0.036  0.000  0.095  0.371
   0.57316     14.715930  0.031  0.075  0.134  0.000  0.000  0.006  0.023  0.000  0.083  0.351
   0.54299     14.768150  0.028  0.095  0.202  0.000  0.000  0.023  0.000  0.000  0.028  0.376
   0.51283     14.659008  0.055  0.128  0.232  0.000  0.000  0.039  0.020  0.000  0.001  0.475
   0.48266     14.486926  0.068  0.132  0.236  0.000  0.000  0.038  0.034  0.000  0.001  0.511
   0.45249     14.303324  0.074  0.131  0.245  0.000  0.000  0.034  0.040  0.000  0.002  0.526
   0.42233     14.117853  0.078  0.126  0.250  0.000  0.000  0.030  0.043  0.001  0.004  0.532
   0.39216     14.096462  0.000  0.000  0.000  0.033  0.023  0.000  0.000  0.196  0.000  0.252
   0.36200     14.122286  0.000  0.000  0.000  0.033  0.020  0.000  0.000  0.188  0.000  0.242
   0.33183     14.178816  0.000  0.000  0.000  0.036  0.020  0.000  0.000  0.176  0.000  0.232
   0.30166     14.263892  0.000  0.000  0.000  0.037  0.021  0.000  0.000  0.162  0.000  0.220
   0.27150     14.372946  0.000  0.000  0.000  0.040  0.023  0.000  0.000  0.146  0.000  0.209
   0.24133     14.500220  0.000  0.000  0.000  0.041  0.025  0.000  0.000  0.129  0.000  0.195
   0.21116     14.639619  0.000  0.000  0.000  0.042  0.027  0.000  0.000  0.113  0.000  0.181
   0.18100     14.784965  0.000  0.000  0.000  0.044  0.028  0.000  0.000  0.096  0.000  0.167
   0.15083     14.929804  0.000  0.000  0.000  0.042  0.028  0.000  0.000  0.080  0.000  0.150
   0.12067     15.066986  0.000  0.000  0.000  0.042  0.027  0.000  0.000  0.063  0.000  0.134
   0.09050     15.188340  0.000  0.000  0.000  0.042  0.027  0.000  0.000  0.049  0.000  0.118
   0.06033     15.284788  0.000  0.000  0.000  0.040  0.026  0.000  0.000  0.037  0.000  0.103
   0.03017     15.347334  0.000  0.000  0.000  0.039  0.025  0.000  0.000  0.029  0.000  0.093
   0.00000     15.369061  0.000  0.000  0.000  0.039  0.024  0.000  0.000  0.026  0.000  0.090
 
# Band-Index:   31
   0.00000     16.956246  0.050  0.124  0.027  0.000  0.000  0.002  0.010  0.000  0.007  0.219
   0.03017     16.950146  0.053  0.123  0.025  0.000  0.000  0.002  0.008  0.000  0.012  0.224
   0.06033     16.956728  0.053  0.123  0.029  0.000  0.000  0.001  0.008  0.000  0.015  0.229
   0.09050     16.963466  0.051  0.120  0.036  0.000  0.000  0.001  0.009  0.000  0.022  0.238
   0.12067     16.959083  0.050  0.114  0.043  0.000  0.000  0.000  0.011  0.000  0.031  0.248
   0.15083     16.932945  0.050  0.104  0.050  0.000  0.000  0.000  0.016  0.000  0.041  0.260
   0.18100     16.876923  0.051  0.092  0.058  0.000  0.000  0.000  0.021  0.000  0.052  0.274
   0.21116     16.787279  0.054  0.080  0.063  0.000  0.000  0.000  0.027  0.000  0.063  0.288
   0.24133     16.665183  0.058  0.068  0.067  0.000  0.000  0.001  0.034  0.000  0.074  0.302
   0.27150     16.515612  0.062  0.056  0.070  0.000  0.000  0.002  0.041  0.000  0.085  0.315
   0.30166     16.345469  0.069  0.047  0.072  0.000  0.000  0.002  0.047  0.000  0.093  0.328
   0.33183     16.161951  0.072  0.040  0.071  0.000  0.000  0.003  0.054  0.000  0.100  0.339
   0.36200     15.971626  0.077  0.036  0.069  0.000  0.000  0.003  0.060  0.000  0.107  0.349
   0.39216     15.780124  0.079  0.033  0.067  0.000  0.000  0.003  0.064  0.000  0.114  0.360
   0.42233     15.592196  0.082  0.033  0.064  0.000  0.000  0.004  0.070  0.000  0.119  0.372
   0.45249     15.412056  0.086  0.037  0.061  0.000  0.000  0.004  0.075  0.000  0.124  0.384
   0.48266     15.244374  0.088  0.044  0.054  0.000  0.000  0.006  0.083  0.000  0.128  0.403
   0.51283     15.099017  0.095  0.062  0.046  0.000  0.000  0.010  0.098  0.000  0.130  0.442
   0.54299     15.026598  0.116  0.110  0.060  0.000  0.000  0.031  0.118  0.000  0.104  0.539
   0.57316     15.123117  0.105  0.146  0.109  0.000  0.000  0.054  0.095  0.000  0.048  0.559
   0.60333     15.281645  0.093  0.151  0.108  0.000  0.000  0.060  0.081  0.000  0.034  0.526
   0.63349     15.438300  0.083  0.152  0.085  0.000  0.000  0.063  0.079  0.000  0.028  0.491
   0.66366     15.567534  0.070  0.154  0.057  0.000  0.000  0.064  0.083  0.000  0.021  0.447
   0.69382     15.634610  0.056  0.144  0.030  0.000  0.000  0.060  0.087  0.000  0.012  0.392
   0.72399     15.602705  0.045  0.122  0.020  0.000  0.000  0.053  0.088  0.000  0.009  0.338
   0.75416     15.477631  0.045  0.096  0.026  0.000  0.000  0.045  0.082  0.000  0.011  0.304
   0.78432     15.300869  0.049  0.073  0.036  0.000  0.000  0.038  0.073  0.000  0.014  0.285
   0.81449     15.105024  0.052  0.058  0.051  0.000  0.000  0.034  0.066  0.000  0.017  0.276
   0.84466     14.906977  0.054  0.043  0.064  0.000  0.000  0.032  0.059  0.000  0.017  0.270
   0.87482     14.714757  0.056  0.033  0.082  0.000  0.000  0.032  0.052  0.000  0.015  0.269
   0.90499     14.530888  0.053  0.027  0.106  0.000  0.000  0.033  0.045  0.000  0.012  0.273
   0.93515     14.350982  0.047  0.022  0.140  0.000  0.000  0.036  0.035  0.000  0.008  0.289
   0.96532     14.157017  0.036  0.028  0.184  0.000  0.000  0.046  0.022  0.000  0.004  0.319
   0.99549     13.921736  0.029  0.036  0.220  0.000  0.000  0.051  0.010  0.000  0.004  0.351
   1.02565     13.650572  0.030  0.035  0.234  0.000  0.000  0.048  0.005  0.000  0.008  0.360
   1.05582     13.376973  0.030  0.023  0.245  0.000  0.000  0.039  0.002  0.000  0.008  0.348
   1.08599     13.131484  0.028  0.013  0.255  0.000  0.000  0.027  0.001  0.000  0.005  0.328
   1.11615     12.939555  0.022  0.002  0.262  0.000  0.000  0.014  0.001  0.000  0.002  0.306
   1.14632     12.819154  0.018  0.000  0.268  0.000  0.000  0.004  0.000  0.000  0.001  0.291
   1.17648     12.778415  0.018  0.000  0.270  0.000  0.000  0.000  0.000  0.000  0.000  0.288
   1.17648     12.778415  0.018  0.000  0.270  0.000  0.000  0.000  0.000  0.000  0.000  0.288
   1.20665     12.818784  0.018  0.000  0.268  0.000  0.000  0.004  0.000  0.000  0.000  0.291
   1.23682     12.934974  0.024  0.002  0.264  0.000  0.000  0.013  0.000  0.000  0.002  0.303
   1.26698     13.116056  0.028  0.008  0.258  0.000  0.000  0.027  0.001  0.000  0.003  0.323
   1.29715     13.349779  0.031  0.016  0.251  0.000  0.000  0.040  0.003  0.000  0.004  0.345
   1.32732     13.623623  0.032  0.026  0.242  0.000  0.000  0.053  0.003  0.000  0.006  0.362
   1.35748     13.925545  0.028  0.037  0.233  0.000  0.000  0.064  0.004  0.000  0.008  0.375
   1.38765     14.245048  0.023  0.042  0.226  0.000  0.000  0.073  0.006  0.000  0.009  0.378
   1.41781     14.559019  0.037  0.024  0.146  0.000  0.000  0.045  0.023  0.000  0.012  0.290
   1.44798     14.736560  0.073  0.041  0.054  0.000  0.000  0.009  0.049  0.000  0.031  0.257
   1.47815     14.917480  0.071  0.054  0.043  0.000  0.000  0.009  0.054  0.000  0.032  0.267
   1.50831     15.108666  0.068  0.068  0.036  0.000  0.000  0.010  0.060  0.000  0.032  0.277
   1.53848     15.302821  0.064  0.085  0.031  0.000  0.000  0.013  0.067  0.000  0.030  0.288
   1.56865     15.486538  0.057  0.106  0.027  0.000  0.000  0.018  0.075  0.000  0.026  0.309
   1.59881     15.631876  0.054  0.132  0.026  0.000  0.000  0.029  0.084  0.000  0.022  0.344
   1.62898     15.690271  0.057  0.155  0.033  0.000  0.000  0.046  0.086  0.000  0.024  0.402
   1.65914     15.636172  0.075  0.160  0.052  0.000  0.000  0.061  0.081  0.000  0.033  0.462
   1.68931     15.508661  0.090  0.153  0.076  0.000  0.000  0.067  0.077  0.000  0.040  0.502
   1.71948     15.503035  0.000  0.000  0.000  0.028  0.048  0.000  0.000  0.100  0.000  0.175
   1.74964     15.521449  0.000  0.000  0.000  0.020  0.035  0.000  0.000  0.108  0.000  0.164
   1.77981     15.484366  0.000  0.000  0.000  0.022  0.029  0.000  0.000  0.113  0.000  0.165
   1.80998     15.408792  0.000  0.000  0.000  0.028  0.027  0.000  0.000  0.117  0.000  0.171
   1.84014     15.311622  0.000  0.000  0.000  0.031  0.028  0.000  0.000  0.117  0.000  0.177
   1.87031     15.310809  0.072  0.041  0.053  0.000  0.000  0.009  0.084  0.000  0.111  0.370
   1.90047     15.481306  0.073  0.034  0.056  0.000  0.000  0.009  0.078  0.000  0.107  0.356
   1.93064     15.661636  0.072  0.030  0.059  0.000  0.000  0.008  0.073  0.000  0.102  0.343
   1.96081     15.848216  0.071  0.029  0.061  0.000  0.000  0.007  0.068  0.000  0.098  0.333
   1.99097     16.037360  0.068  0.032  0.063  0.000  0.000  0.007  0.062  0.000  0.092  0.324
   2.02114     16.224664  0.064  0.035  0.065  0.000  0.000  0.007  0.058  0.000  0.086  0.313
   2.05131     16.404751  0.062  0.042  0.065  0.000  0.000  0.006  0.051  0.000  0.079  0.304
   2.08147     16.571218  0.058  0.051  0.063  0.000  0.000  0.005  0.044  0.000  0.072  0.293
   2.11164     16.716911  0.053  0.061  0.062  0.000  0.000  0.004  0.037  0.000  0.064  0.283
   2.14180     16.834826  0.050  0.074  0.059  0.000  0.000  0.003  0.030  0.000  0.056  0.271
   2.17197     16.919783  0.047  0.085  0.052  0.000  0.000  0.003  0.024  0.000  0.047  0.261
   2.20214     16.970458  0.047  0.096  0.046  0.000  0.000  0.003  0.018  0.000  0.038  0.250
   2.23230     16.990668  0.048  0.105  0.039  0.000  0.000  0.005  0.015  0.000  0.031  0.242
   2.26247     16.988918  0.051  0.110  0.032  0.000  0.000  0.006  0.012  0.000  0.025  0.234
   2.29264     16.976269  0.053  0.112  0.025  0.000  0.000  0.007  0.010  0.000  0.021  0.228
   2.32280     16.963448  0.054  0.114  0.022  0.000  0.000  0.008  0.009  0.000  0.017  0.224
   2.35297     16.956246  0.050  0.124  0.027  0.000  0.000  0.002  0.010  0.000  0.007  0.219
 
# Band-Index:   32
   2.35297     16.958659  0.055  0.114  0.020  0.000  0.000  0.008  0.008  0.000  0.016  0.222
   2.32280     16.987508  0.048  0.126  0.028  0.000  0.000  0.001  0.009  0.000  0.008  0.222
   2.29264     17.076327  0.047  0.130  0.033  0.000  0.000  0.001  0.011  0.000  0.011  0.233
   2.26247     17.213746  0.043  0.136  0.041  0.000  0.000  0.001  0.012  0.000  0.015  0.248
   2.23230     17.388091  0.041  0.141  0.049  0.000  0.000  0.001  0.014  0.000  0.020  0.266
   2.20214     17.588182  0.036  0.146  0.058  0.000  0.000  0.001  0.015  0.000  0.026  0.284
   2.17197     17.804475  0.032  0.149  0.069  0.000  0.000  0.001  0.016  0.000  0.032  0.299
   2.14180     18.029067  0.031  0.152  0.078  0.000  0.000  0.000  0.018  0.000  0.039  0.317
   2.11164     18.255220  0.030  0.150  0.090  0.000  0.000  0.000  0.018  0.000  0.046  0.331
   2.08147     18.476743  0.027  0.146  0.101  0.000  0.000  0.000  0.017  0.000  0.054  0.347
   2.05131     18.687254  0.028  0.141  0.113  0.000  0.000  0.000  0.017  0.000  0.061  0.362
   2.02114     18.879179  0.032  0.132  0.127  0.000  0.000  0.000  0.015  0.000  0.069  0.376
   1.99097     19.041924  0.035  0.123  0.141  0.000  0.000  0.001  0.011  0.000  0.076  0.390
   1.96081     19.157062  0.041  0.116  0.154  0.000  0.000  0.001  0.005  0.000  0.079  0.397
   1.93064     19.172487  0.053  0.124  0.133  0.000  0.000  0.001  0.005  0.000  0.056  0.374
   1.90047     18.957662  0.071  0.109  0.040  0.000  0.000  0.004  0.059  0.000  0.035  0.318
   1.87031     18.640157  0.075  0.092  0.021  0.000  0.000  0.005  0.075  0.000  0.041  0.307
   1.84014     18.317417  0.080  0.080  0.014  0.000  0.000  0.004  0.078  0.000  0.045  0.302
   1.80998     18.002896  0.082  0.072  0.016  0.000  0.000  0.004  0.075  0.000  0.050  0.299
   1.77981     17.700505  0.086  0.063  0.016  0.000  0.000  0.004  0.071  0.000  0.054  0.298
   1.74964     17.412982  0.092  0.055  0.017  0.000  0.000  0.005  0.064  0.000  0.061  0.296
   1.71948     17.144227  0.098  0.047  0.021  0.000  0.000  0.006  0.056  0.000  0.069  0.296
   1.68931     16.902138  0.107  0.037  0.023  0.000  0.000  0.008  0.045  0.000  0.080  0.300
   1.65914     16.703875  0.117  0.026  0.027  0.000  0.000  0.015  0.031  0.000  0.094  0.310
   1.62898     16.572718  0.114  0.028  0.028  0.000  0.000  0.029  0.023  0.000  0.104  0.326
   1.59881     16.447366  0.052  0.040  0.074  0.000  0.000  0.062  0.025  0.000  0.071  0.325
   1.56865     16.203093  0.012  0.043  0.139  0.000  0.000  0.088  0.022  0.000  0.035  0.340
   1.53848     15.900470  0.005  0.047  0.168  0.000  0.000  0.095  0.018  0.000  0.023  0.357
   1.50831     15.578595  0.006  0.049  0.184  0.000  0.000  0.096  0.015  0.000  0.019  0.370
   1.47815     15.247939  0.010  0.052  0.196  0.000  0.000  0.093  0.012  0.000  0.017  0.380
   1.44798     14.913688  0.018  0.055  0.203  0.000  0.000  0.087  0.011  0.000  0.017  0.387
   1.41781     14.592165  0.059  0.058  0.129  0.000  0.000  0.042  0.029  0.000  0.032  0.349
   1.38765     14.432159  0.078  0.028  0.070  0.000  0.000  0.005  0.041  0.000  0.029  0.250
   1.35748     14.312362  0.074  0.017  0.086  0.000  0.000  0.004  0.036  0.000  0.025  0.239
   1.32732     14.220325  0.067  0.011  0.104  0.000  0.000  0.003  0.030  0.000  0.019  0.233
   1.29715     14.157253  0.057  0.006  0.126  0.000  0.000  0.002  0.023  0.000  0.013  0.230
   1.26698     14.122647  0.045  0.002  0.151  0.000  0.000  0.001  0.017  0.000  0.009  0.225
   1.23682     14.112706  0.027  0.000  0.182  0.000  0.000  0.001  0.010  0.000  0.004  0.224
   1.20665     14.117944  0.009  0.000  0.212  0.000  0.000  0.000  0.003  0.000  0.001  0.225
   1.17648     14.122847  0.000  0.000  0.225  0.000  0.000  0.000  0.000  0.000  0.000  0.225
   1.17648     14.122847  0.000  0.000  0.225  0.000  0.000  0.000  0.000  0.000  0.000  0.225
   1.14632     14.117915  0.009  0.000  0.211  0.000  0.000  0.000  0.003  0.000  0.001  0.225
   1.11615     14.112420  0.028  0.000  0.181  0.000  0.000  0.001  0.010  0.000  0.004  0.224
   1.08599     14.122069  0.046  0.002  0.150  0.000  0.000  0.001  0.016  0.000  0.009  0.224
   1.05582     14.158145  0.059  0.005  0.123  0.000  0.000  0.002  0.023  0.000  0.014  0.227
   1.02565     14.229928  0.070  0.013  0.099  0.000  0.000  0.005  0.029  0.000  0.022  0.235
   0.99549     14.351693  0.074  0.026  0.086  0.000  0.000  0.011  0.031  0.000  0.029  0.256
   0.96532     14.544340  0.067  0.047  0.098  0.000  0.000  0.025  0.025  0.000  0.034  0.294
   0.93515     14.804132  0.052  0.061  0.121  0.000  0.000  0.040  0.020  0.000  0.033  0.328
   0.90499     15.096705  0.041  0.065  0.134  0.000  0.000  0.051  0.018  0.000  0.031  0.342
   0.87482     15.397874  0.031  0.066  0.142  0.000  0.000  0.058  0.018  0.000  0.029  0.344
   0.84466     15.696891  0.027  0.064  0.139  0.000  0.000  0.064  0.019  0.000  0.029  0.341
   0.81449     15.988046  0.023  0.059  0.131  0.000  0.000  0.066  0.022  0.000  0.031  0.335
   0.78432     16.265046  0.029  0.054  0.112  0.000  0.000  0.067  0.026  0.000  0.039  0.325
   0.75416     16.508485  0.058  0.042  0.067  0.000  0.000  0.056  0.027  0.000  0.066  0.317
   0.72399     16.648360  0.124  0.024  0.031  0.000  0.000  0.024  0.018  0.000  0.118  0.339
   0.69382     16.727512  0.135  0.010  0.059  0.000  0.000  0.008  0.017  0.000  0.120  0.350
   0.66366     16.879047  0.121  0.011  0.064  0.000  0.000  0.005  0.028  0.000  0.104  0.334
   0.63349     17.100784  0.108  0.021  0.059  0.000  0.000  0.005  0.038  0.000  0.091  0.321
   0.60333     17.365769  0.097  0.029  0.056  0.000  0.000  0.006  0.045  0.000  0.081  0.316
   0.57316     17.657650  0.091  0.039  0.054  0.000  0.000  0.006  0.051  0.000  0.074  0.313
   0.54299     17.967356  0.083  0.046  0.054  0.000  0.000  0.008  0.053  0.000  0.068  0.313
   0.51283     18.287863  0.078  0.053  0.059  0.000  0.000  0.010  0.051  0.000  0.063  0.315
   0.48266     18.608662  0.074  0.061  0.074  0.000  0.000  0.014  0.042  0.000  0.057  0.321
   0.45249     18.895806  0.000  0.000  0.000  0.265  0.194  0.000  0.000  0.023  0.000  0.482
   0.42233     19.104628  0.059  0.078  0.140  0.000  0.000  0.024  0.002  0.000  0.049  0.352
   0.39216     19.157401  0.047  0.095  0.147  0.000  0.000  0.015  0.002  0.000  0.053  0.361
   0.36200     19.084388  0.037  0.116  0.135  0.000  0.000  0.007  0.010  0.000  0.055  0.360
   0.33183     18.935649  0.029  0.129  0.120  0.000  0.000  0.004  0.016  0.000  0.053  0.352
   0.30166     18.745017  0.026  0.139  0.107  0.000  0.000  0.003  0.019  0.000  0.048  0.342
   0.27150     18.530889  0.028  0.143  0.093  0.000  0.000  0.004  0.021  0.000  0.044  0.331
   0.24133     18.304058  0.028  0.146  0.084  0.000  0.000  0.004  0.020  0.000  0.039  0.320
   0.21116     18.072184  0.029  0.145  0.072  0.000  0.000  0.005  0.019  0.000  0.035  0.308
   0.18100     17.841941  0.032  0.144  0.064  0.000  0.000  0.005  0.018  0.000  0.031  0.293
   0.15083     17.620250  0.036  0.140  0.053  0.000  0.000  0.006  0.017  0.000  0.026  0.279
   0.12067     17.415096  0.041  0.134  0.045  0.000  0.000  0.007  0.016  0.000  0.022  0.263
   0.09050     17.236080  0.045  0.126  0.037  0.000  0.000  0.007  0.014  0.000  0.019  0.247
   0.06033     17.094301  0.048  0.120  0.030  0.000  0.000  0.007  0.013  0.000  0.015  0.233
   0.03017     17.000392  0.050  0.117  0.025  0.000  0.000  0.007  0.010  0.000  0.013  0.223
   0.00000     16.958659  0.055  0.114  0.020  0.000  0.000  0.008  0.008  0.000  0.016  0.222
 
# Band-Index:   33
   0.00000     18.429759  0.000  0.000  0.000  0.120  0.135  0.000  0.000  0.189  0.000  0.444
   0.03017     18.453716  0.000  0.000  0.000  0.121  0.137  0.000  0.000  0.188  0.000  0.446
   0.06033     18.527006  0.000  0.000  0.000  0.119  0.140  0.000  0.000  0.185  0.000  0.445
   0.09050     18.648943  0.000  0.000  0.000  0.121  0.141  0.000  0.000  0.180  0.000  0.443
   0.12067     18.813983  0.000  0.000  0.000  0.120  0.141  0.000  0.000  0.174  0.000  0.435
   0.15083     19.014399  0.000  0.000  0.000  0.121  0.139  0.000  0.000  0.166  0.000  0.426
   0.18100     19.242402  0.000  0.000  0.000  0.124  0.135  0.000  0.000  0.159  0.000  0.418
   0.21116     19.490235  0.000  0.000  0.000  0.129  0.127  0.000  0.000  0.151  0.000  0.408
   0.24133     19.746326  0.000  0.000  0.000  0.145  0.110  0.000  0.000  0.141  0.000  0.396
   0.27150     19.965327  0.000  0.000  0.000  0.199  0.052  0.000  0.000  0.110  0.000  0.361
   0.30166     20.007483  0.000  0.000  0.000  0.245  0.039  0.000  0.000  0.051  0.000  0.334
   0.33183     19.880593  0.000  0.000  0.000  0.255  0.088  0.000  0.000  0.030  0.000  0.373
   0.36200     19.669304  0.000  0.000  0.000  0.256  0.132  0.000  0.000  0.025  0.000  0.413
   0.39216     19.420488  0.000  0.000  0.000  0.256  0.163  0.000  0.000  0.023  0.000  0.442
   0.42233     19.158188  0.000  0.000  0.000  0.260  0.181  0.000  0.000  0.022  0.000  0.464
   0.45249     18.902740  0.068  0.068  0.106  0.000  0.000  0.022  0.021  0.000  0.051  0.334
   0.48266     18.642411  0.000  0.000  0.000  0.272  0.201  0.000  0.000  0.023  0.000  0.496
   0.51283     18.405527  0.000  0.000  0.000  0.279  0.205  0.000  0.000  0.024  0.000  0.507
   0.54299     18.192556  0.000  0.000  0.000  0.284  0.205  0.000  0.000  0.025  0.000  0.514
   0.57316     18.011226  0.000  0.000  0.000  0.291  0.202  0.000  0.000  0.028  0.000  0.522
   0.60333     17.869421  0.000  0.000  0.000  0.294  0.196  0.000  0.000  0.033  0.000  0.522
   0.63349     17.689368  0.015  0.030  0.151  0.000  0.000  0.084  0.041  0.000  0.016  0.337
   0.66366     17.433702  0.007  0.035  0.171  0.000  0.000  0.084  0.036  0.000  0.013  0.345
   0.69382     17.186587  0.002  0.042  0.196  0.000  0.000  0.082  0.030  0.000  0.008  0.360
   0.72399     16.979681  0.019  0.049  0.228  0.000  0.000  0.070  0.018  0.000  0.019  0.402
   0.75416     16.934942  0.080  0.054  0.187  0.000  0.000  0.038  0.006  0.000  0.072  0.438
   0.78432     17.039802  0.093  0.068  0.141  0.000  0.000  0.021  0.008  0.000  0.097  0.427
   0.81449     17.142161  0.066  0.081  0.133  0.000  0.000  0.008  0.012  0.000  0.097  0.398
   0.84466     17.075098  0.029  0.072  0.147  0.000  0.000  0.000  0.013  0.000  0.069  0.330
   0.87482     16.821290  0.026  0.052  0.142  0.000  0.000  0.003  0.010  0.000  0.044  0.278
   0.90499     16.509199  0.034  0.040  0.134  0.000  0.000  0.004  0.008  0.000  0.033  0.253
   0.93515     16.192311  0.043  0.031  0.126  0.000  0.000  0.004  0.008  0.000  0.024  0.237
   0.96532     15.887770  0.053  0.024  0.118  0.000  0.000  0.003  0.009  0.000  0.018  0.227
   0.99549     15.603268  0.067  0.019  0.110  0.000  0.000  0.002  0.010  0.000  0.013  0.218
   1.02565     15.343543  0.078  0.013  0.098  0.000  0.000  0.001  0.012  0.000  0.008  0.211
   1.05582     15.112545  0.095  0.010  0.082  0.000  0.000  0.001  0.014  0.000  0.004  0.205
   1.08599     14.914798  0.111  0.004  0.064  0.000  0.000  0.000  0.018  0.000  0.002  0.199
   1.11615     14.757041  0.131  0.002  0.039  0.000  0.000  0.000  0.022  0.000  0.000  0.195
   1.14632     14.650660  0.152  0.000  0.015  0.000  0.000  0.000  0.027  0.000  0.000  0.192
   1.17648     14.611999  0.161  0.000  0.000  0.000  0.000  0.000  0.029  0.000  0.000  0.191
   1.17648     14.611999  0.161  0.000  0.000  0.000  0.000  0.000  0.029  0.000  0.000  0.191
   1.20665     14.650605  0.152  0.000  0.015  0.000  0.000  0.000  0.027  0.000  0.000  0.192
   1.23682     14.756337  0.132  0.002  0.038  0.000  0.000  0.000  0.022  0.000  0.000  0.196
   1.26698     14.911915  0.111  0.004  0.064  0.000  0.000  0.000  0.018  0.000  0.001  0.199
   1.29715     15.105058  0.095  0.009  0.082  0.000  0.000  0.000  0.014  0.000  0.004  0.203
   1.32732     15.328338  0.080  0.010  0.095  0.000  0.000  0.002  0.012  0.000  0.007  0.209
   1.35748     15.576931  0.069  0.014  0.107  0.000  0.000  0.003  0.010  0.000  0.010  0.213
   1.38765     15.847365  0.060  0.016  0.116  0.000  0.000  0.004  0.009  0.000  0.014  0.218
   1.41781     16.136887  0.050  0.021  0.124  0.000  0.000  0.005  0.008  0.000  0.018  0.227
   1.44798     16.443079  0.041  0.024  0.129  0.000  0.000  0.008  0.008  0.000  0.023  0.233
   1.47815     16.763487  0.035  0.028  0.137  0.000  0.000  0.010  0.008  0.000  0.028  0.244
   1.50831     17.093957  0.025  0.037  0.149  0.000  0.000  0.009  0.008  0.000  0.034  0.264
   1.53848     17.159678  0.116  0.062  0.074  0.000  0.000  0.072  0.007  0.000  0.096  0.428
   1.56865     16.958033  0.122  0.044  0.095  0.000  0.000  0.086  0.003  0.000  0.086  0.436
   1.59881     16.869813  0.090  0.021  0.158  0.000  0.000  0.105  0.003  0.000  0.051  0.429
   1.62898     17.006024  0.027  0.014  0.199  0.000  0.000  0.118  0.014  0.000  0.012  0.383
   1.65914     17.267511  0.010  0.014  0.185  0.000  0.000  0.113  0.022  0.000  0.008  0.352
   1.68931     17.553859  0.011  0.011  0.172  0.000  0.000  0.104  0.028  0.000  0.012  0.338
   1.71948     17.755015  0.000  0.000  0.000  0.301  0.214  0.000  0.000  0.023  0.000  0.538
   1.74964     17.851682  0.000  0.000  0.000  0.303  0.224  0.000  0.000  0.017  0.000  0.544
   1.77981     18.015296  0.000  0.000  0.000  0.299  0.226  0.000  0.000  0.012  0.000  0.538
   1.80998     18.229368  0.000  0.000  0.000  0.291  0.223  0.000  0.000  0.010  0.000  0.525
   1.84014     18.477237  0.000  0.000  0.000  0.282  0.216  0.000  0.000  0.009  0.000  0.506
   1.87031     18.745095  0.000  0.000  0.000  0.275  0.204  0.000  0.000  0.008  0.000  0.488
   1.90047     19.021467  0.000  0.000  0.000  0.270  0.190  0.000  0.000  0.009  0.000  0.469
   1.93064     19.295315  0.000  0.000  0.000  0.266  0.171  0.000  0.000  0.010  0.000  0.447
   1.96081     19.553309  0.000  0.000  0.000  0.263  0.144  0.000  0.000  0.014  0.000  0.422
   1.99097     19.775981  0.000  0.000  0.000  0.262  0.108  0.000  0.000  0.023  0.000  0.395
   2.02114     19.933507  0.000  0.000  0.000  0.257  0.067  0.000  0.000  0.042  0.000  0.365
   2.05131     19.988920  0.000  0.000  0.000  0.240  0.037  0.000  0.000  0.071  0.000  0.348
   2.08147     19.922188  0.000  0.000  0.000  0.208  0.044  0.000  0.000  0.103  0.000  0.354
   2.11164     19.756099  0.000  0.000  0.000  0.169  0.088  0.000  0.000  0.121  0.000  0.378
   2.14180     19.543665  0.000  0.000  0.000  0.139  0.126  0.000  0.000  0.128  0.000  0.393
   2.17197     19.325988  0.000  0.000  0.000  0.125  0.146  0.000  0.000  0.133  0.000  0.404
   2.20214     19.121632  0.000  0.000  0.000  0.114  0.160  0.000  0.000  0.137  0.000  0.412
   2.23230     18.930837  0.000  0.000  0.000  0.110  0.146  0.000  0.000  0.156  0.000  0.412
   2.26247     18.731540  0.000  0.000  0.000  0.120  0.119  0.000  0.000  0.174  0.000  0.413
   2.29264     18.570714  0.000  0.000  0.000  0.120  0.125  0.000  0.000  0.182  0.000  0.428
   2.32280     18.466161  0.000  0.000  0.000  0.121  0.132  0.000  0.000  0.187  0.000  0.440
   2.35297     18.429759  0.000  0.000  0.000  0.120  0.135  0.000  0.000  0.189  0.000  0.444
 
# Band-Index:   34
   2.35297     18.586430  0.000  0.000  0.000  0.110  0.160  0.000  0.000  0.158  0.000  0.428
   2.32280     18.610368  0.000  0.000  0.000  0.110  0.159  0.000  0.000  0.157  0.000  0.427
   2.29264     18.680783  0.000  0.000  0.000  0.112  0.156  0.000  0.000  0.154  0.000  0.422
   2.26247     18.793969  0.000  0.000  0.000  0.114  0.150  0.000  0.000  0.151  0.000  0.415
   2.23230     18.947820  0.000  0.000  0.000  0.129  0.107  0.000  0.000  0.155  0.000  0.391
   2.20214     19.168856  0.000  0.000  0.000  0.132  0.076  0.000  0.000  0.158  0.000  0.365
   2.17197     19.414961  0.000  0.000  0.000  0.134  0.070  0.000  0.000  0.146  0.000  0.350
   2.14180     19.665135  0.000  0.000  0.000  0.131  0.072  0.000  0.000  0.131  0.000  0.334
   2.11164     19.911787  0.000  0.000  0.000  0.125  0.092  0.000  0.000  0.112  0.000  0.329
   2.08147     20.160602  0.000  0.000  0.000  0.110  0.129  0.000  0.000  0.098  0.000  0.337
   2.05131     20.418020  0.068  0.157  0.030  0.000  0.000  0.044  0.018  0.000  0.018  0.336
   2.02114     20.312110  0.077  0.142  0.012  0.000  0.000  0.035  0.043  0.000  0.025  0.334
   1.99097     20.052716  0.076  0.109  0.002  0.000  0.000  0.022  0.081  0.000  0.040  0.330
   1.96081     19.729732  0.073  0.081  0.003  0.000  0.000  0.015  0.100  0.000  0.055  0.327
   1.93064     19.430826  0.069  0.044  0.035  0.000  0.000  0.014  0.101  0.000  0.085  0.351
   1.90047     19.277818  0.061  0.030  0.132  0.000  0.000  0.018  0.047  0.000  0.104  0.391
   1.87031     19.137109  0.060  0.026  0.144  0.000  0.000  0.029  0.031  0.000  0.086  0.376
   1.84014     18.932817  0.053  0.019  0.140  0.000  0.000  0.044  0.030  0.000  0.067  0.353
   1.80998     18.684936  0.044  0.014  0.139  0.000  0.000  0.058  0.032  0.000  0.050  0.336
   1.77981     18.414042  0.033  0.012  0.142  0.000  0.000  0.071  0.033  0.000  0.037  0.328
   1.74964     18.131700  0.025  0.011  0.148  0.000  0.000  0.084  0.032  0.000  0.026  0.325
   1.71948     17.843763  0.017  0.011  0.159  0.000  0.000  0.094  0.030  0.000  0.018  0.328
   1.68931     17.734368  0.000  0.000  0.000  0.288  0.198  0.000  0.000  0.030  0.000  0.518
   1.65914     17.785769  0.000  0.000  0.000  0.269  0.180  0.000  0.000  0.037  0.000  0.487
   1.62898     17.895323  0.000  0.000  0.000  0.249  0.163  0.000  0.000  0.042  0.000  0.455
   1.59881     18.046917  0.000  0.000  0.000  0.229  0.149  0.000  0.000  0.046  0.000  0.424
   1.56865     17.791737  0.020  0.030  0.143  0.000  0.000  0.030  0.008  0.000  0.041  0.272
   1.53848     17.445711  0.034  0.024  0.125  0.000  0.000  0.032  0.006  0.000  0.035  0.254
   1.50831     17.423219  0.125  0.056  0.026  0.000  0.000  0.087  0.007  0.000  0.093  0.392
   1.47815     17.702178  0.112  0.067  0.023  0.000  0.000  0.077  0.009  0.000  0.093  0.382
   1.44798     17.999846  0.103  0.074  0.018  0.000  0.000  0.070  0.010  0.000  0.090  0.363
   1.41781     18.307544  0.093  0.077  0.013  0.000  0.000  0.063  0.011  0.000  0.086  0.342
   1.38765     18.619184  0.083  0.082  0.010  0.000  0.000  0.056  0.011  0.000  0.078  0.321
   1.35748     18.928499  0.072  0.086  0.007  0.000  0.000  0.047  0.012  0.000  0.070  0.297
   1.32732     19.227885  0.060  0.093  0.007  0.000  0.000  0.039  0.012  0.000  0.059  0.269
   1.29715     19.507301  0.046  0.099  0.006  0.000  0.000  0.029  0.010  0.000  0.045  0.236
   1.26698     19.753218  0.033  0.107  0.005  0.000  0.000  0.019  0.008  0.000  0.030  0.202
   1.23682     19.948534  0.016  0.117  0.002  0.000  0.000  0.010  0.005  0.000  0.015  0.165
   1.20665     20.074791  0.004  0.124  0.000  0.002  0.000  0.003  0.002  0.000  0.004  0.139
   1.17648     20.115955  0.000  0.083  0.000  0.045  0.000  0.000  0.000  0.000  0.000  0.128
   1.17648     20.115955  0.000  0.083  0.000  0.045  0.000  0.000  0.000  0.000  0.000  0.128
   1.14632     20.081931  0.004  0.116  0.000  0.007  0.000  0.000  0.002  0.000  0.002  0.135
   1.11615     19.977208  0.017  0.115  0.002  0.000  0.000  0.001  0.004  0.000  0.010  0.150
   1.08599     19.812318  0.034  0.103  0.004  0.000  0.000  0.003  0.008  0.000  0.019  0.174
   1.05582     19.601142  0.051  0.091  0.005  0.000  0.000  0.005  0.011  0.000  0.031  0.196
   1.02565     19.357519  0.067  0.081  0.006  0.000  0.000  0.009  0.013  0.000  0.042  0.218
   0.99549     19.093476  0.081  0.070  0.005  0.000  0.000  0.013  0.013  0.000  0.052  0.236
   0.96532     18.819012  0.094  0.062  0.007  0.000  0.000  0.017  0.012  0.000  0.059  0.253
   0.93515     18.543195  0.105  0.053  0.007  0.000  0.000  0.024  0.011  0.000  0.065  0.268
   0.90499     18.276626  0.115  0.044  0.010  0.000  0.000  0.030  0.009  0.000  0.067  0.279
   0.87482     18.038508  0.122  0.032  0.014  0.000  0.000  0.039  0.006  0.000  0.063  0.279
   0.84466     17.884404  0.119  0.012  0.025  0.000  0.000  0.050  0.002  0.000  0.044  0.251
   0.81449     17.946491  0.079  0.001  0.058  0.000  0.000  0.052  0.001  0.000  0.018  0.210
   0.78432     18.033003  0.000  0.000  0.000  0.239  0.140  0.000  0.000  0.080  0.000  0.460
   0.75416     17.896631  0.000  0.000  0.000  0.253  0.148  0.000  0.000  0.074  0.000  0.475
   0.72399     17.796009  0.000  0.000  0.000  0.267  0.157  0.000  0.000  0.066  0.000  0.491
   0.69382     17.738537  0.000  0.000  0.000  0.279  0.167  0.000  0.000  0.057  0.000  0.503
   0.66366     17.730247  0.000  0.000  0.000  0.288  0.178  0.000  0.000  0.048  0.000  0.513
   0.63349     17.774196  0.000  0.000  0.000  0.292  0.188  0.000  0.000  0.039  0.000  0.520
   0.60333     17.948817  0.024  0.026  0.134  0.000  0.000  0.083  0.044  0.000  0.022  0.334
   0.57316     18.211245  0.033  0.024  0.120  0.000  0.000  0.081  0.048  0.000  0.026  0.333
   0.54299     18.475637  0.042  0.023  0.107  0.000  0.000  0.077  0.051  0.000  0.031  0.333
   0.51283     18.739549  0.050  0.026  0.093  0.000  0.000  0.070  0.055  0.000  0.036  0.332
   0.48266     18.999601  0.059  0.029  0.076  0.000  0.000  0.060  0.064  0.000  0.042  0.331
   0.45249     19.258269  0.066  0.040  0.046  0.000  0.000  0.041  0.080  0.000  0.051  0.324
   0.42233     19.540472  0.071  0.059  0.014  0.000  0.000  0.021  0.096  0.000  0.055  0.312
   0.39216     19.860135  0.073  0.086  0.003  0.000  0.000  0.016  0.089  0.000  0.045  0.312
   0.36200     20.154755  0.075  0.127  0.016  0.000  0.000  0.043  0.054  0.000  0.020  0.335
   0.33183     20.303670  0.066  0.132  0.038  0.000  0.000  0.071  0.025  0.000  0.015  0.344
   0.30166     20.358046  0.059  0.133  0.043  0.000  0.000  0.060  0.021  0.000  0.021  0.337
   0.27150     20.175015  0.000  0.000  0.000  0.127  0.101  0.000  0.000  0.070  0.000  0.298
   0.24133     20.002173  0.000  0.000  0.000  0.149  0.048  0.000  0.000  0.072  0.000  0.270
   0.21116     19.796135  0.000  0.000  0.000  0.140  0.055  0.000  0.000  0.092  0.000  0.287
   0.18100     19.562264  0.000  0.000  0.000  0.130  0.073  0.000  0.000  0.107  0.000  0.311
   0.15083     19.323218  0.000  0.000  0.000  0.122  0.093  0.000  0.000  0.120  0.000  0.335
   0.12067     19.095923  0.000  0.000  0.000  0.117  0.112  0.000  0.000  0.131  0.000  0.359
   0.09050     18.894373  0.000  0.000  0.000  0.114  0.128  0.000  0.000  0.141  0.000  0.381
   0.06033     18.732360  0.000  0.000  0.000  0.113  0.143  0.000  0.000  0.149  0.000  0.405
   0.03017     18.624752  0.000  0.000  0.000  0.110  0.155  0.000  0.000  0.156  0.000  0.421
   0.00000     18.586430  0.000  0.000  0.000  0.110  0.160  0.000  0.000  0.158  0.000  0.428
 
# Band-Index:   35
   0.00000     21.365543  0.097  0.004  0.045  0.000  0.000  0.160  0.140  0.000  0.061  0.505
   0.03017     21.286068  0.056  0.029  0.091  0.000  0.000  0.052  0.123  0.000  0.102  0.454
   0.06033     21.067051  0.061  0.059  0.081  0.000  0.000  0.032  0.084  0.000  0.088  0.405
   0.09050     20.854341  0.066  0.070  0.070  0.000  0.000  0.032  0.077  0.000  0.076  0.393
   0.12067     20.675448  0.069  0.082  0.061  0.000  0.000  0.032  0.072  0.000  0.066  0.385
   0.15083     20.539709  0.068  0.097  0.055  0.000  0.000  0.032  0.066  0.000  0.056  0.375
   0.18100     20.449850  0.066  0.112  0.049  0.000  0.000  0.032  0.058  0.000  0.047  0.365
   0.21116     20.401604  0.062  0.126  0.047  0.000  0.000  0.032  0.046  0.000  0.039  0.353
   0.24133     20.383103  0.059  0.135  0.045  0.000  0.000  0.037  0.034  0.000  0.032  0.341
   0.27150     20.375951  0.058  0.137  0.044  0.000  0.000  0.046  0.025  0.000  0.026  0.335
   0.30166     20.405969  0.000  0.000  0.000  0.106  0.147  0.000  0.000  0.098  0.000  0.352
   0.33183     20.691391  0.000  0.000  0.000  0.110  0.146  0.000  0.000  0.101  0.000  0.356
   0.36200     20.423849  0.034  0.007  0.032  0.000  0.000  0.076  0.080  0.000  0.087  0.314
   0.39216     20.279511  0.027  0.039  0.049  0.000  0.000  0.102  0.068  0.000  0.074  0.360
   0.42233     20.224578  0.018  0.060  0.064  0.000  0.000  0.091  0.071  0.000  0.083  0.388
   0.45249     20.233806  0.014  0.066  0.091  0.000  0.000  0.073  0.070  0.000  0.101  0.414
   0.48266     20.272746  0.020  0.060  0.118  0.000  0.000  0.065  0.062  0.000  0.120  0.443
   0.51283     20.301652  0.034  0.050  0.135  0.000  0.000  0.069  0.048  0.000  0.138  0.474
   0.54299     20.296433  0.056  0.048  0.132  0.000  0.000  0.081  0.029  0.000  0.146  0.493
   0.57316     20.254497  0.081  0.050  0.090  0.000  0.000  0.102  0.011  0.000  0.126  0.462
   0.60333     20.144918  0.043  0.030  0.009  0.000  0.000  0.095  0.019  0.000  0.017  0.216
   0.63349     19.908902  0.018  0.013  0.058  0.000  0.000  0.063  0.028  0.000  0.003  0.182
   0.66366     19.610663  0.014  0.012  0.080  0.000  0.000  0.054  0.022  0.000  0.008  0.191
   0.69382     19.275279  0.016  0.014  0.092  0.000  0.000  0.049  0.016  0.000  0.012  0.199
   0.72399     18.919895  0.022  0.015  0.098  0.000  0.000  0.045  0.011  0.000  0.014  0.206
   0.75416     18.559961  0.030  0.014  0.094  0.000  0.000  0.044  0.007  0.000  0.015  0.206
   0.78432     18.216988  0.046  0.010  0.085  0.000  0.000  0.045  0.004  0.000  0.014  0.204
   0.81449     18.197698  0.000  0.000  0.000  0.226  0.134  0.000  0.000  0.084  0.000  0.443
   0.84466     18.383802  0.000  0.000  0.000  0.212  0.127  0.000  0.000  0.085  0.000  0.425
   0.87482     18.585183  0.000  0.000  0.000  0.197  0.122  0.000  0.000  0.085  0.000  0.404
   0.90499     18.796188  0.000  0.000  0.000  0.186  0.115  0.000  0.000  0.082  0.000  0.383
   0.93515     19.011341  0.000  0.000  0.000  0.174  0.107  0.000  0.000  0.077  0.000  0.358
   0.96532     19.224976  0.000  0.000  0.000  0.164  0.097  0.000  0.000  0.068  0.000  0.330
   0.99549     19.430917  0.000  0.000  0.000  0.153  0.085  0.000  0.000  0.059  0.000  0.297
   1.02565     19.622315  0.000  0.000  0.000  0.145  0.069  0.000  0.000  0.047  0.000  0.261
   1.05582     19.791779  0.000  0.000  0.000  0.137  0.052  0.000  0.000  0.034  0.000  0.224
   1.08599     19.931988  0.000  0.000  0.000  0.133  0.033  0.000  0.000  0.021  0.000  0.187
   1.11615     20.036669  0.000  0.000  0.000  0.129  0.016  0.000  0.000  0.010  0.000  0.155
   1.14632     20.101809  0.000  0.008  0.000  0.122  0.004  0.000  0.000  0.003  0.000  0.135
   1.17648     20.125806  0.000  0.045  0.000  0.083  0.000  0.000  0.000  0.000  0.000  0.128
   1.17648     20.125806  0.000  0.045  0.000  0.083  0.000  0.000  0.000  0.000  0.000  0.128
   1.20665     20.109051  0.000  0.002  0.000  0.125  0.002  0.000  0.000  0.000  0.000  0.130
   1.23682     20.066630  0.000  0.000  0.000  0.128  0.010  0.000  0.000  0.001  0.000  0.140
   1.26698     19.996312  0.000  0.000  0.000  0.130  0.021  0.000  0.000  0.004  0.000  0.155
   1.29715     19.897832  0.000  0.000  0.000  0.133  0.035  0.000  0.000  0.007  0.000  0.174
   1.32732     19.772046  0.000  0.000  0.000  0.136  0.050  0.000  0.000  0.010  0.000  0.196
   1.35748     19.621057  0.000  0.000  0.000  0.139  0.065  0.000  0.000  0.016  0.000  0.220
   1.38765     19.448244  0.000  0.000  0.000  0.147  0.079  0.000  0.000  0.021  0.000  0.247
   1.41781     19.257982  0.000  0.000  0.000  0.155  0.090  0.000  0.000  0.026  0.000  0.272
   1.44798     19.055228  0.000  0.000  0.000  0.164  0.102  0.000  0.000  0.033  0.000  0.297
   1.47815     18.845192  0.000  0.000  0.000  0.174  0.110  0.000  0.000  0.037  0.000  0.322
   1.50831     18.633229  0.000  0.000  0.000  0.186  0.119  0.000  0.000  0.041  0.000  0.346
   1.53848     18.425002  0.000  0.000  0.000  0.199  0.128  0.000  0.000  0.044  0.000  0.372
   1.56865     18.226932  0.000  0.000  0.000  0.214  0.137  0.000  0.000  0.046  0.000  0.398
   1.59881     18.142880  0.015  0.033  0.149  0.000  0.000  0.034  0.010  0.000  0.046  0.288
   1.62898     18.491762  0.011  0.035  0.156  0.000  0.000  0.040  0.013  0.000  0.052  0.306
   1.65914     18.831186  0.008  0.034  0.165  0.000  0.000  0.045  0.017  0.000  0.058  0.326
   1.68931     19.151601  0.006  0.032  0.173  0.000  0.000  0.050  0.023  0.000  0.065  0.349
   1.71948     19.440771  0.007  0.027  0.181  0.000  0.000  0.053  0.031  0.000  0.074  0.374
   1.74964     19.685811  0.010  0.021  0.186  0.000  0.000  0.055  0.042  0.000  0.084  0.398
   1.77981     19.878672  0.012  0.016  0.183  0.000  0.000  0.055  0.053  0.000  0.091  0.411
   1.80998     20.021651  0.012  0.013  0.169  0.000  0.000  0.055  0.066  0.000  0.091  0.405
   1.84014     20.128634  0.007  0.015  0.146  0.000  0.000  0.055  0.078  0.000  0.081  0.381
   1.87031     20.225631  0.003  0.017  0.115  0.000  0.000  0.056  0.088  0.000  0.062  0.343
   1.90047     20.345864  0.004  0.017  0.090  0.000  0.000  0.053  0.093  0.000  0.044  0.303
   1.93064     20.497826  0.012  0.017  0.083  0.000  0.000  0.044  0.086  0.000  0.040  0.284
   1.96081     20.624512  0.015  0.038  0.093  0.000  0.000  0.028  0.062  0.000  0.057  0.294
   1.99097     20.695319  0.010  0.062  0.088  0.000  0.000  0.015  0.054  0.000  0.075  0.304
   2.02114     20.698409  0.000  0.000  0.000  0.109  0.158  0.000  0.000  0.086  0.000  0.354
   2.05131     20.423149  0.000  0.000  0.000  0.105  0.151  0.000  0.000  0.091  0.000  0.349
   2.08147     20.423684  0.068  0.154  0.033  0.000  0.000  0.049  0.021  0.000  0.018  0.342
   2.11164     20.406319  0.072  0.143  0.031  0.000  0.000  0.058  0.030  0.000  0.019  0.352
   2.14180     20.401425  0.079  0.127  0.031  0.000  0.000  0.067  0.041  0.000  0.021  0.364
   2.17197     20.429377  0.085  0.109  0.031  0.000  0.000  0.076  0.050  0.000  0.024  0.375
   2.20214     20.502026  0.090  0.092  0.033  0.000  0.000  0.085  0.058  0.000  0.028  0.384
   2.23230     20.623557  0.093  0.077  0.037  0.000  0.000  0.094  0.061  0.000  0.031  0.391
   2.26247     20.791559  0.096  0.065  0.038  0.000  0.000  0.103  0.063  0.000  0.034  0.397
   2.29264     20.998303  0.099  0.054  0.039  0.000  0.000  0.116  0.064  0.000  0.035  0.404
   2.32280     21.226480  0.104  0.038  0.034  0.000  0.000  0.142  0.075  0.000  0.034  0.427
   2.35297     21.365543  0.097  0.004  0.045  0.000  0.000  0.160  0.140  0.000  0.061  0.505
 
# Band-Index:   36
   2.35297     21.530352  0.061  0.066  0.084  0.000  0.000  0.047  0.026  0.000  0.072  0.355
   2.32280     21.452494  0.029  0.030  0.123  0.000  0.000  0.012  0.115  0.000  0.127  0.435
   2.29264     21.438466  0.030  0.021  0.119  0.000  0.000  0.022  0.133  0.000  0.129  0.454
   2.26247     21.429413  0.032  0.017  0.116  0.000  0.000  0.028  0.136  0.000  0.127  0.457
   2.23230     21.421961  0.035  0.017  0.111  0.000  0.000  0.033  0.137  0.000  0.125  0.457
   2.20214     21.418176  0.037  0.014  0.106  0.000  0.000  0.038  0.137  0.000  0.123  0.455
   2.17197     21.421047  0.040  0.013  0.102  0.000  0.000  0.042  0.134  0.000  0.122  0.454
   2.14180     21.433125  0.043  0.010  0.099  0.000  0.000  0.046  0.123  0.000  0.126  0.447
   2.11164     21.447204  0.043  0.017  0.095  0.000  0.000  0.043  0.073  0.000  0.145  0.414
   2.08147     21.328202  0.031  0.063  0.059  0.000  0.000  0.012  0.026  0.000  0.137  0.328
   2.05131     21.032282  0.021  0.061  0.048  0.000  0.000  0.002  0.084  0.000  0.103  0.321
   2.02114     20.797777  0.010  0.057  0.070  0.000  0.000  0.004  0.077  0.000  0.092  0.311
   1.99097     20.979386  0.000  0.000  0.000  0.116  0.156  0.000  0.000  0.081  0.000  0.353
   1.96081     20.941896  0.030  0.119  0.019  0.000  0.000  0.032  0.033  0.000  0.060  0.293
   1.93064     20.810031  0.023  0.135  0.037  0.000  0.000  0.029  0.011  0.000  0.075  0.311
   1.90047     20.752071  0.027  0.127  0.052  0.000  0.000  0.030  0.003  0.000  0.077  0.313
   1.87031     20.712319  0.032  0.115  0.056  0.000  0.000  0.032  0.002  0.000  0.073  0.309
   1.84014     20.669974  0.041  0.102  0.055  0.000  0.000  0.037  0.002  0.000  0.066  0.303
   1.80998     20.616634  0.055  0.089  0.054  0.000  0.000  0.041  0.003  0.000  0.062  0.303
   1.77981     20.549726  0.074  0.074  0.056  0.000  0.000  0.043  0.004  0.000  0.060  0.311
   1.74964     20.475438  0.097  0.057  0.061  0.000  0.000  0.044  0.008  0.000  0.060  0.328
   1.71948     20.407604  0.117  0.048  0.066  0.000  0.000  0.043  0.014  0.000  0.059  0.348
   1.68931     20.359892  0.134  0.044  0.070  0.000  0.000  0.042  0.022  0.000  0.056  0.367
   1.65914     20.340680  0.144  0.046  0.072  0.000  0.000  0.043  0.030  0.000  0.050  0.382
   1.62898     20.353394  0.146  0.052  0.073  0.000  0.000  0.045  0.035  0.000  0.041  0.394
   1.59881     20.398143  0.146  0.061  0.073  0.000  0.000  0.049  0.042  0.000  0.033  0.404
   1.56865     20.472885  0.141  0.073  0.071  0.000  0.000  0.054  0.046  0.000  0.026  0.412
   1.53848     20.574191  0.135  0.087  0.069  0.000  0.000  0.060  0.050  0.000  0.021  0.419
   1.50831     20.697812  0.127  0.099  0.067  0.000  0.000  0.067  0.053  0.000  0.018  0.429
   1.47815     20.839116  0.118  0.112  0.061  0.000  0.000  0.073  0.055  0.000  0.019  0.438
   1.44798     20.993395  0.110  0.124  0.056  0.000  0.000  0.080  0.056  0.000  0.024  0.451
   1.41781     21.156049  0.103  0.134  0.051  0.000  0.000  0.085  0.057  0.000  0.034  0.463
   1.38765     21.322574  0.097  0.138  0.045  0.000  0.000  0.088  0.057  0.000  0.048  0.476
   1.35748     21.486800  0.107  0.121  0.046  0.000  0.000  0.082  0.067  0.000  0.051  0.475
   1.32732     21.569654  0.102  0.037  0.024  0.000  0.000  0.002  0.046  0.000  0.013  0.225
   1.29715     21.618953  0.112  0.034  0.028  0.000  0.000  0.001  0.053  0.000  0.017  0.244
   1.26698     21.682805  0.135  0.024  0.037  0.000  0.000  0.001  0.071  0.000  0.016  0.282
   1.23682     21.763997  0.166  0.013  0.051  0.000  0.000  0.001  0.100  0.000  0.009  0.342
   1.20665     21.850583  0.207  0.003  0.071  0.000  0.000  0.000  0.142  0.000  0.002  0.425
   1.17648     21.894443  0.234  0.000  0.084  0.000  0.000  0.000  0.170  0.000  0.000  0.488
   1.17648     21.894443  0.234  0.000  0.084  0.000  0.000  0.000  0.170  0.000  0.000  0.488
   1.14632     21.849542  0.206  0.003  0.071  0.000  0.000  0.001  0.140  0.000  0.003  0.425
   1.11615     21.755775  0.164  0.014  0.049  0.000  0.000  0.006  0.096  0.000  0.016  0.345
   1.08599     21.661774  0.130  0.024  0.034  0.000  0.000  0.013  0.066  0.000  0.028  0.296
   1.05582     21.582023  0.106  0.035  0.024  0.000  0.000  0.021  0.047  0.000  0.036  0.269
   1.02565     21.515545  0.090  0.040  0.019  0.000  0.000  0.030  0.035  0.000  0.041  0.256
   0.99549     21.456478  0.083  0.042  0.020  0.000  0.000  0.044  0.029  0.000  0.042  0.258
   0.96532     21.391737  0.081  0.041  0.028  0.000  0.000  0.070  0.032  0.000  0.039  0.293
   0.93515     21.274688  0.091  0.070  0.055  0.000  0.000  0.110  0.047  0.000  0.031  0.403
   0.90499     21.079038  0.093  0.095  0.070  0.000  0.000  0.119  0.051  0.000  0.029  0.459
   0.87482     20.866994  0.098  0.093  0.079  0.000  0.000  0.119  0.050  0.000  0.033  0.473
   0.84466     20.667507  0.106  0.083  0.084  0.000  0.000  0.116  0.049  0.000  0.038  0.475
   0.81449     20.491750  0.114  0.072  0.088  0.000  0.000  0.111  0.046  0.000  0.046  0.475
   0.78432     20.346604  0.121  0.059  0.090  0.000  0.000  0.104  0.044  0.000  0.055  0.472
   0.75416     20.236932  0.126  0.050  0.093  0.000  0.000  0.099  0.040  0.000  0.065  0.470
   0.72399     20.165613  0.128  0.043  0.097  0.000  0.000  0.092  0.036  0.000  0.077  0.470
   0.69382     20.132971  0.126  0.037  0.104  0.000  0.000  0.087  0.032  0.000  0.089  0.474
   0.66366     20.136147  0.117  0.035  0.114  0.000  0.000  0.079  0.028  0.000  0.103  0.480
   0.63349     20.169126  0.101  0.034  0.136  0.000  0.000  0.070  0.029  0.000  0.118  0.486
   0.60333     20.228418  0.059  0.022  0.178  0.000  0.000  0.036  0.047  0.000  0.114  0.455
   0.57316     20.350969  0.005  0.018  0.085  0.000  0.000  0.025  0.064  0.000  0.013  0.211
   0.54299     20.464648  0.012  0.049  0.029  0.000  0.000  0.040  0.054  0.000  0.002  0.187
   0.51283     20.546253  0.019  0.077  0.010  0.000  0.000  0.048  0.040  0.000  0.014  0.208
   0.48266     20.617799  0.024  0.101  0.010  0.000  0.000  0.047  0.027  0.000  0.034  0.243
   0.45249     20.691707  0.022  0.119  0.018  0.000  0.000  0.041  0.020  0.000  0.050  0.270
   0.42233     20.776093  0.020  0.134  0.024  0.000  0.000  0.032  0.015  0.000  0.063  0.290
   0.39216     20.879789  0.021  0.149  0.030  0.000  0.000  0.027  0.014  0.000  0.069  0.310
   0.36200     20.990191  0.000  0.000  0.000  0.119  0.139  0.000  0.000  0.093  0.000  0.351
   0.33183     20.717118  0.048  0.016  0.011  0.000  0.000  0.043  0.076  0.000  0.089  0.283
   0.30166     21.033527  0.074  0.042  0.003  0.000  0.000  0.102  0.008  0.000  0.076  0.306
   0.27150     21.138418  0.093  0.062  0.005  0.000  0.000  0.181  0.048  0.000  0.039  0.425
   0.24133     21.157787  0.096  0.045  0.007  0.000  0.000  0.193  0.086  0.000  0.029  0.455
   0.21116     21.176539  0.097  0.033  0.013  0.000  0.000  0.193  0.097  0.000  0.026  0.460
   0.18100     21.203923  0.099  0.028  0.015  0.000  0.000  0.190  0.100  0.000  0.026  0.457
   0.15083     21.238867  0.100  0.026  0.016  0.000  0.000  0.188  0.097  0.000  0.025  0.455
   0.12067     21.278548  0.106  0.026  0.018  0.000  0.000  0.187  0.092  0.000  0.024  0.450
   0.09050     21.319699  0.109  0.027  0.017  0.000  0.000  0.187  0.084  0.000  0.022  0.447
   0.06033     21.358889  0.115  0.030  0.014  0.000  0.000  0.190  0.071  0.000  0.017  0.440
   0.03017     21.401580  0.116  0.051  0.017  0.000  0.000  0.169  0.027  0.000  0.014  0.393
   0.00000     21.530352  0.061  0.066  0.084  0.000  0.000  0.047  0.026  0.000  0.072  0.355
 
# Band-Index:   37
   0.00000     21.575852  0.057  0.063  0.090  0.000  0.000  0.035  0.032  0.000  0.079  0.356
   0.03017     21.704910  0.042  0.047  0.103  0.000  0.000  0.019  0.076  0.000  0.083  0.371
   0.06033     21.787266  0.046  0.038  0.098  0.000  0.000  0.019  0.105  0.000  0.074  0.378
   0.09050     21.846474  0.053  0.036  0.095  0.000  0.000  0.021  0.110  0.000  0.068  0.381
   0.12067     21.898244  0.059  0.037  0.091  0.000  0.000  0.022  0.106  0.000  0.065  0.381
   0.15083     21.941712  0.064  0.040  0.089  0.000  0.000  0.021  0.098  0.000  0.066  0.380
   0.18100     21.969928  0.070  0.046  0.087  0.000  0.000  0.018  0.089  0.000  0.070  0.379
   0.21116     21.878759  0.000  0.000  0.000  0.094  0.423  0.000  0.000  0.077  0.000  0.594
   0.24133     21.678492  0.000  0.000  0.000  0.075  0.435  0.000  0.000  0.097  0.000  0.607
   0.27150     21.564631  0.000  0.000  0.000  0.052  0.426  0.000  0.000  0.123  0.000  0.601
   0.30166     21.265027  0.047  0.115  0.018  0.000  0.000  0.055  0.180  0.000  0.026  0.438
   0.33183     21.134210  0.047  0.161  0.024  0.000  0.000  0.070  0.058  0.000  0.047  0.407
   0.36200     21.005908  0.031  0.161  0.030  0.000  0.000  0.038  0.019  0.000  0.066  0.345
   0.39216     21.288039  0.000  0.000  0.000  0.132  0.127  0.000  0.000  0.081  0.000  0.340
   0.42233     21.571860  0.000  0.000  0.000  0.150  0.109  0.000  0.000  0.063  0.000  0.323
   0.45249     21.712697  0.065  0.112  0.062  0.000  0.000  0.053  0.088  0.000  0.011  0.391
   0.48266     21.675237  0.073  0.133  0.068  0.000  0.000  0.044  0.058  0.000  0.015  0.391
   0.51283     21.621201  0.082  0.150  0.071  0.000  0.000  0.039  0.039  0.000  0.024  0.402
   0.54299     21.569036  0.086  0.157  0.072  0.000  0.000  0.037  0.028  0.000  0.036  0.415
   0.57316     21.527619  0.088  0.146  0.076  0.000  0.000  0.035  0.024  0.000  0.051  0.421
   0.60333     21.487390  0.091  0.108  0.075  0.000  0.000  0.030  0.022  0.000  0.064  0.392
   0.63349     21.434263  0.085  0.076  0.061  0.000  0.000  0.028  0.017  0.000  0.066  0.334
   0.66366     21.380556  0.075  0.067  0.045  0.000  0.000  0.027  0.015  0.000  0.064  0.294
   0.69382     21.340613  0.069  0.068  0.034  0.000  0.000  0.029  0.014  0.000  0.063  0.277
   0.72399     21.316520  0.065  0.070  0.026  0.000  0.000  0.031  0.013  0.000  0.062  0.268
   0.75416     21.306064  0.061  0.075  0.021  0.000  0.000  0.033  0.011  0.000  0.064  0.261
   0.78432     21.306742  0.057  0.077  0.015  0.000  0.000  0.033  0.010  0.000  0.064  0.257
   0.81449     21.316645  0.055  0.080  0.010  0.000  0.000  0.031  0.009  0.000  0.064  0.251
   0.84466     21.334662  0.052  0.084  0.008  0.000  0.000  0.029  0.008  0.000  0.065  0.248
   0.87482     21.360922  0.050  0.091  0.005  0.000  0.000  0.023  0.008  0.000  0.066  0.244
   0.90499     21.398923  0.050  0.106  0.004  0.000  0.000  0.013  0.009  0.000  0.067  0.250
   0.93515     21.468059  0.050  0.147  0.009  0.000  0.000  0.005  0.017  0.000  0.069  0.300
   0.96532     21.616736  0.061  0.184  0.025  0.000  0.000  0.017  0.039  0.000  0.076  0.402
   0.99549     21.797886  0.072  0.178  0.027  0.000  0.000  0.010  0.052  0.000  0.105  0.445
   1.02565     21.943573  0.077  0.153  0.028  0.000  0.000  0.008  0.059  0.000  0.155  0.481
   1.05582     22.040651  0.081  0.121  0.029  0.000  0.000  0.026  0.060  0.000  0.199  0.517
   1.08599     22.103759  0.078  0.097  0.029  0.000  0.000  0.049  0.055  0.000  0.227  0.536
   1.11615     22.150441  0.069  0.079  0.023  0.000  0.000  0.066  0.043  0.000  0.235  0.518
   1.14632     22.200899  0.059  0.062  0.013  0.000  0.000  0.066  0.019  0.000  0.205  0.422
   1.17648     22.270391  0.086  0.000  0.012  0.000  0.000  0.000  0.000  0.000  0.000  0.098
   1.17648     22.270391  0.086  0.000  0.012  0.000  0.000  0.000  0.000  0.000  0.000  0.098
   1.20665     22.185546  0.052  0.072  0.011  0.000  0.000  0.074  0.016  0.000  0.214  0.440
   1.23682     22.079503  0.056  0.105  0.019  0.000  0.000  0.089  0.033  0.000  0.226  0.529
   1.26698     21.953860  0.061  0.128  0.023  0.000  0.000  0.093  0.041  0.000  0.192  0.538
   1.29715     21.810754  0.063  0.146  0.026  0.000  0.000  0.094  0.043  0.000  0.152  0.524
   1.32732     21.656297  0.062  0.158  0.028  0.000  0.000  0.092  0.039  0.000  0.119  0.500
   1.35748     21.538718  0.053  0.081  0.006  0.000  0.000  0.010  0.011  0.000  0.051  0.215
   1.38765     21.506100  0.061  0.065  0.009  0.000  0.000  0.003  0.016  0.000  0.033  0.186
   1.41781     21.480757  0.056  0.067  0.008  0.000  0.000  0.003  0.014  0.000  0.032  0.180
   1.44798     21.459114  0.054  0.066  0.008  0.000  0.000  0.004  0.013  0.000  0.031  0.177
   1.47815     21.440330  0.052  0.067  0.008  0.000  0.000  0.005  0.011  0.000  0.032  0.176
   1.50831     21.424306  0.052  0.068  0.009  0.000  0.000  0.006  0.011  0.000  0.034  0.178
   1.53848     21.411492  0.049  0.067  0.009  0.000  0.000  0.006  0.010  0.000  0.035  0.180
   1.56865     21.402868  0.051  0.065  0.012  0.000  0.000  0.007  0.010  0.000  0.036  0.182
   1.59881     21.400054  0.053  0.064  0.012  0.000  0.000  0.007  0.011  0.000  0.037  0.184
   1.62898     21.405533  0.055  0.062  0.015  0.000  0.000  0.007  0.013  0.000  0.037  0.188
   1.65914     21.423039  0.061  0.059  0.017  0.000  0.000  0.006  0.014  0.000  0.037  0.192
   1.68931     21.458020  0.068  0.053  0.021  0.000  0.000  0.005  0.015  0.000  0.037  0.198
   1.71948     21.517365  0.076  0.046  0.030  0.000  0.000  0.004  0.016  0.000  0.038  0.209
   1.74964     21.604991  0.087  0.043  0.044  0.000  0.000  0.003  0.016  0.000  0.041  0.233
   1.77981     21.704664  0.097  0.067  0.064  0.000  0.000  0.005  0.016  0.000  0.043  0.294
   1.80998     21.776097  0.092  0.118  0.072  0.000  0.000  0.013  0.016  0.000  0.036  0.350
   1.84014     21.825032  0.086  0.143  0.067  0.000  0.000  0.022  0.016  0.000  0.024  0.358
   1.87031     21.877433  0.083  0.142  0.061  0.000  0.000  0.027  0.021  0.000  0.015  0.350
   1.90047     21.762899  0.000  0.000  0.000  0.172  0.099  0.000  0.000  0.052  0.000  0.323
   1.93064     21.524214  0.000  0.000  0.000  0.145  0.127  0.000  0.000  0.065  0.000  0.339
   1.96081     21.258091  0.000  0.000  0.000  0.129  0.146  0.000  0.000  0.075  0.000  0.349
   1.99097     21.169516  0.043  0.093  0.018  0.000  0.000  0.029  0.048  0.000  0.051  0.283
   2.02114     21.432932  0.058  0.076  0.026  0.000  0.000  0.019  0.055  0.000  0.057  0.291
   2.05131     21.628281  0.055  0.021  0.067  0.000  0.000  0.015  0.220  0.000  0.082  0.458
   2.08147     21.592119  0.055  0.038  0.043  0.000  0.000  0.052  0.295  0.000  0.030  0.513
   2.11164     21.727148  0.059  0.106  0.013  0.000  0.000  0.037  0.210  0.000  0.027  0.453
   2.14180     21.911669  0.087  0.117  0.021  0.000  0.000  0.049  0.102  0.000  0.043  0.418
   2.17197     21.989479  0.106  0.098  0.022  0.000  0.000  0.057  0.071  0.000  0.034  0.388
   2.20214     22.011738  0.112  0.084  0.020  0.000  0.000  0.061  0.066  0.000  0.025  0.368
   2.23230     22.008351  0.115  0.075  0.019  0.000  0.000  0.067  0.063  0.000  0.019  0.356
   2.26247     21.987071  0.115  0.071  0.017  0.000  0.000  0.074  0.052  0.000  0.017  0.348
   2.29264     21.932109  0.113  0.074  0.023  0.000  0.000  0.088  0.020  0.000  0.022  0.341
   2.32280     21.779239  0.092  0.072  0.051  0.000  0.000  0.089  0.002  0.000  0.043  0.347
   2.35297     21.575852  0.057  0.063  0.090  0.000  0.000  0.035  0.032  0.000  0.079  0.356
 
# Band-Index:   38
   2.35297     22.097033  0.091  0.018  0.024  0.000  0.000  0.051  0.187  0.000  0.009  0.379
   2.32280     22.130818  0.083  0.012  0.032  0.000  0.000  0.052  0.193  0.000  0.015  0.388
   2.29264     22.278881  0.063  0.010  0.056  0.000  0.000  0.069  0.165  0.000  0.031  0.395
   2.26247     22.526885  0.060  0.014  0.059  0.000  0.000  0.090  0.126  0.000  0.033  0.386
   2.23230     22.758333  0.062  0.014  0.052  0.000  0.000  0.096  0.114  0.000  0.022  0.363
   2.20214     22.655538  0.000  0.000  0.000  0.109  0.406  0.000  0.000  0.009  0.000  0.524
   2.17197     22.445336  0.000  0.000  0.000  0.103  0.408  0.000  0.000  0.017  0.000  0.529
   2.14180     22.234221  0.000  0.000  0.000  0.093  0.414  0.000  0.000  0.030  0.000  0.535
   2.11164     22.043370  0.000  0.000  0.000  0.080  0.418  0.000  0.000  0.047  0.000  0.544
   2.08147     21.903813  0.000  0.000  0.000  0.062  0.412  0.000  0.000  0.072  0.000  0.547
   2.05131     21.737325  0.086  0.091  0.000  0.000  0.000  0.077  0.037  0.000  0.007  0.301
   2.02114     21.788280  0.062  0.054  0.033  0.000  0.000  0.073  0.195  0.000  0.029  0.446
   1.99097     21.918967  0.061  0.058  0.034  0.000  0.000  0.054  0.183  0.000  0.025  0.417
   1.96081     22.005329  0.069  0.073  0.043  0.000  0.000  0.034  0.121  0.000  0.013  0.354
   1.93064     21.993209  0.076  0.103  0.053  0.000  0.000  0.030  0.060  0.000  0.007  0.330
   1.90047     21.937682  0.081  0.126  0.057  0.000  0.000  0.030  0.033  0.000  0.009  0.338
   1.87031     21.954871  0.000  0.000  0.000  0.200  0.063  0.000  0.000  0.034  0.000  0.297
   1.84014     22.084337  0.000  0.000  0.000  0.225  0.032  0.000  0.000  0.016  0.000  0.272
   1.80998     22.153159  0.000  0.000  0.000  0.240  0.016  0.000  0.000  0.004  0.000  0.260
   1.77981     22.038343  0.007  0.163  0.025  0.000  0.000  0.046  0.014  0.000  0.023  0.277
   1.74964     22.000743  0.012  0.189  0.050  0.000  0.000  0.039  0.021  0.000  0.042  0.352
   1.71948     22.025803  0.018  0.186  0.071  0.000  0.000  0.033  0.028  0.000  0.059  0.396
   1.68931     22.079645  0.023  0.171  0.089  0.000  0.000  0.031  0.032  0.000  0.075  0.422
   1.65914     22.116971  0.000  0.000  0.000  0.255  0.005  0.000  0.000  0.012  0.000  0.273
   1.62898     22.094834  0.000  0.000  0.000  0.258  0.003  0.000  0.000  0.015  0.000  0.276
   1.59881     22.076024  0.000  0.000  0.000  0.260  0.001  0.000  0.000  0.016  0.000  0.276
   1.56865     22.062263  0.000  0.000  0.000  0.264  0.000  0.000  0.000  0.016  0.000  0.281
   1.53848     22.054999  0.000  0.000  0.000  0.266  0.001  0.000  0.000  0.015  0.000  0.284
   1.50831     22.055548  0.000  0.000  0.000  0.270  0.006  0.000  0.000  0.015  0.000  0.290
   1.47815     22.065075  0.000  0.000  0.000  0.272  0.015  0.000  0.000  0.012  0.000  0.299
   1.44798     22.084440  0.000  0.000  0.000  0.272  0.031  0.000  0.000  0.009  0.000  0.313
   1.41781     22.113814  0.000  0.000  0.000  0.268  0.057  0.000  0.000  0.008  0.000  0.333
   1.38765     22.151998  0.000  0.000  0.000  0.259  0.096  0.000  0.000  0.008  0.000  0.363
   1.35748     22.195576  0.000  0.000  0.000  0.241  0.148  0.000  0.000  0.015  0.000  0.405
   1.32732     22.238730  0.000  0.000  0.000  0.216  0.212  0.000  0.000  0.032  0.000  0.460
   1.29715     22.275033  0.000  0.000  0.000  0.185  0.276  0.000  0.000  0.060  0.000  0.522
   1.26698     22.300810  0.000  0.000  0.000  0.155  0.328  0.000  0.000  0.092  0.000  0.575
   1.23682     22.316417  0.000  0.000  0.000  0.135  0.364  0.000  0.000  0.118  0.000  0.617
   1.20665     22.324311  0.000  0.000  0.000  0.123  0.383  0.000  0.000  0.135  0.000  0.641
   1.17648     22.325035  0.000  0.076  0.000  0.042  0.141  0.090  0.000  0.050  0.248  0.647
   1.17648     22.325035  0.000  0.076  0.000  0.042  0.141  0.090  0.000  0.050  0.248  0.647
   1.14632     22.297567  0.000  0.000  0.000  0.131  0.360  0.000  0.000  0.137  0.000  0.627
   1.11615     22.227091  0.000  0.000  0.000  0.161  0.298  0.000  0.000  0.125  0.000  0.583
   1.08599     22.144804  0.000  0.000  0.000  0.187  0.232  0.000  0.000  0.112  0.000  0.529
   1.05582     22.070431  0.000  0.000  0.000  0.207  0.174  0.000  0.000  0.097  0.000  0.478
   1.02565     22.012372  0.000  0.000  0.000  0.222  0.126  0.000  0.000  0.083  0.000  0.431
   0.99549     21.972361  0.000  0.000  0.000  0.232  0.089  0.000  0.000  0.071  0.000  0.393
   0.96532     21.949022  0.000  0.000  0.000  0.238  0.061  0.000  0.000  0.059  0.000  0.359
   0.93515     21.939960  0.000  0.000  0.000  0.244  0.041  0.000  0.000  0.051  0.000  0.334
   0.90499     21.942707  0.000  0.000  0.000  0.244  0.026  0.000  0.000  0.043  0.000  0.313
   0.87482     21.955071  0.000  0.000  0.000  0.247  0.015  0.000  0.000  0.037  0.000  0.298
   0.84466     21.975180  0.000  0.000  0.000  0.246  0.008  0.000  0.000  0.031  0.000  0.286
   0.81449     22.001009  0.003  0.009  0.008  0.228  0.003  0.007  0.003  0.024  0.010  0.296
   0.78432     21.955590  0.038  0.132  0.092  0.000  0.000  0.070  0.047  0.000  0.109  0.488
   0.75416     21.903409  0.035  0.145  0.088  0.000  0.000  0.058  0.045  0.000  0.097  0.469
   0.72399     21.851230  0.032  0.158  0.080  0.000  0.000  0.050  0.043  0.000  0.085  0.448
   0.69382     21.802022  0.028  0.173  0.073  0.000  0.000  0.043  0.039  0.000  0.071  0.423
   0.66366     21.762664  0.022  0.183  0.059  0.000  0.000  0.037  0.031  0.000  0.056  0.390
   0.63349     21.748983  0.015  0.182  0.047  0.000  0.000  0.032  0.022  0.000  0.038  0.335
   0.60333     21.792698  0.014  0.150  0.036  0.000  0.000  0.025  0.011  0.000  0.023  0.259
   0.57316     21.919964  0.020  0.102  0.040  0.000  0.000  0.023  0.003  0.000  0.018  0.208
   0.54299     22.113651  0.028  0.069  0.048  0.000  0.000  0.029  0.001  0.000  0.016  0.191
   0.51283     22.139801  0.000  0.000  0.000  0.221  0.033  0.000  0.000  0.009  0.000  0.264
   0.48266     22.015999  0.000  0.000  0.000  0.201  0.055  0.000  0.000  0.021  0.000  0.278
   0.45249     21.822505  0.000  0.000  0.000  0.173  0.084  0.000  0.000  0.042  0.000  0.300
   0.42233     21.716253  0.056  0.089  0.050  0.000  0.000  0.065  0.125  0.000  0.010  0.397
   0.39216     21.682768  0.049  0.065  0.041  0.000  0.000  0.075  0.162  0.000  0.013  0.409
   0.36200     21.635041  0.047  0.037  0.038  0.000  0.000  0.074  0.190  0.000  0.024  0.410
   0.33183     21.622589  0.041  0.018  0.045  0.000  0.000  0.050  0.186  0.000  0.048  0.391
   0.30166     21.579625  0.000  0.000  0.000  0.038  0.381  0.000  0.000  0.143  0.000  0.561
   0.27150     21.582027  0.038  0.061  0.014  0.000  0.000  0.003  0.187  0.000  0.046  0.350
   0.24133     21.921265  0.068  0.040  0.079  0.000  0.000  0.007  0.124  0.000  0.072  0.388
   0.21116     21.970263  0.071  0.051  0.087  0.000  0.000  0.013  0.082  0.000  0.075  0.378
   0.18100     22.120633  0.000  0.000  0.000  0.104  0.411  0.000  0.000  0.060  0.000  0.576
   0.15083     22.375944  0.000  0.000  0.000  0.111  0.402  0.000  0.000  0.048  0.000  0.561
   0.12067     22.627069  0.000  0.000  0.000  0.113  0.398  0.000  0.000  0.036  0.000  0.547
   0.09050     22.752270  0.079  0.033  0.049  0.000  0.000  0.051  0.100  0.000  0.039  0.349
   0.06033     22.448402  0.082  0.032  0.043  0.000  0.000  0.053  0.120  0.000  0.036  0.365
   0.03017     22.199579  0.089  0.026  0.031  0.000  0.000  0.053  0.157  0.000  0.020  0.376
   0.00000     22.097033  0.091  0.018  0.024  0.000  0.000  0.051  0.187  0.000  0.009  0.379
 
# Band-Index:   39
   0.00000     23.255920  0.000  0.000  0.000  0.119  0.413  0.000  0.000  0.002  0.000  0.534
   0.03017     23.201408  0.000  0.000  0.000  0.117  0.408  0.000  0.000  0.006  0.000  0.532
   0.06033     23.058575  0.000  0.000  0.000  0.115  0.401  0.000  0.000  0.015  0.000  0.532
   0.09050     22.859789  0.000  0.000  0.000  0.114  0.398  0.000  0.000  0.025  0.000  0.538
   0.12067     23.045949  0.075  0.028  0.044  0.000  0.000  0.046  0.091  0.000  0.025  0.312
   0.15083     23.125709  0.060  0.032  0.018  0.000  0.000  0.022  0.115  0.000  0.005  0.254
   0.18100     22.816614  0.043  0.052  0.012  0.000  0.000  0.006  0.134  0.000  0.036  0.283
   0.21116     22.409315  0.038  0.058  0.012  0.000  0.000  0.002  0.137  0.000  0.051  0.298
   0.24133     21.993363  0.038  0.070  0.016  0.000  0.000  0.001  0.102  0.000  0.068  0.295
   0.27150     21.823508  0.053  0.049  0.074  0.000  0.000  0.005  0.079  0.000  0.094  0.353
   0.30166     21.695860  0.041  0.029  0.062  0.000  0.000  0.016  0.135  0.000  0.079  0.361
   0.33183     21.712105  0.000  0.000  0.000  0.039  0.318  0.000  0.000  0.150  0.000  0.508
   0.36200     21.909652  0.000  0.000  0.000  0.046  0.266  0.000  0.000  0.149  0.000  0.462
   0.39216     22.128948  0.000  0.000  0.000  0.051  0.233  0.000  0.000  0.147  0.000  0.432
   0.42233     22.347850  0.000  0.000  0.000  0.055  0.217  0.000  0.000  0.146  0.000  0.419
   0.45249     22.564712  0.000  0.000  0.000  0.047  0.221  0.000  0.000  0.150  0.000  0.419
   0.48266     22.525643  0.051  0.045  0.033  0.000  0.000  0.048  0.026  0.000  0.005  0.209
   0.51283     22.333756  0.037  0.050  0.046  0.000  0.000  0.039  0.008  0.000  0.010  0.189
   0.54299     22.203469  0.000  0.000  0.000  0.231  0.021  0.000  0.000  0.005  0.000  0.258
   0.57316     22.225652  0.000  0.000  0.000  0.238  0.016  0.000  0.000  0.004  0.000  0.257
   0.60333     22.221803  0.000  0.000  0.000  0.240  0.011  0.000  0.000  0.006  0.000  0.256
   0.63349     22.202104  0.000  0.000  0.000  0.241  0.008  0.000  0.000  0.008  0.000  0.257
   0.66366     22.173073  0.000  0.000  0.000  0.244  0.006  0.000  0.000  0.010  0.000  0.259
   0.69382     22.138989  0.000  0.000  0.000  0.245  0.003  0.000  0.000  0.013  0.000  0.261
   0.72399     22.102824  0.000  0.000  0.000  0.246  0.002  0.000  0.000  0.016  0.000  0.264
   0.75416     22.066745  0.000  0.000  0.000  0.247  0.001  0.000  0.000  0.019  0.000  0.266
   0.78432     22.032495  0.000  0.000  0.000  0.248  0.001  0.000  0.000  0.023  0.000  0.272
   0.81449     22.007289  0.038  0.110  0.089  0.018  0.000  0.076  0.046  0.002  0.113  0.491
   0.84466     22.057170  0.043  0.105  0.098  0.000  0.000  0.098  0.049  0.000  0.134  0.528
   0.87482     22.107742  0.045  0.094  0.099  0.000  0.000  0.119  0.049  0.000  0.146  0.551
   0.90499     22.160987  0.044  0.085  0.100  0.000  0.000  0.146  0.048  0.000  0.156  0.575
   0.93515     22.221553  0.043  0.074  0.098  0.000  0.000  0.179  0.044  0.000  0.162  0.601
   0.96532     22.298619  0.039  0.074  0.094  0.000  0.000  0.220  0.038  0.000  0.157  0.621
   0.99549     22.408563  0.028  0.090  0.084  0.000  0.000  0.260  0.029  0.000  0.134  0.627
   1.02565     22.568150  0.018  0.132  0.065  0.000  0.000  0.272  0.020  0.000  0.094  0.601
   1.05582     22.771891  0.010  0.186  0.042  0.000  0.000  0.242  0.014  0.000  0.056  0.551
   1.08599     22.891650  0.080  0.073  0.030  0.000  0.000  0.023  0.042  0.000  0.061  0.308
   1.11615     22.666842  0.070  0.053  0.023  0.000  0.000  0.053  0.026  0.000  0.110  0.335
   1.14632     22.462038  0.050  0.060  0.012  0.000  0.000  0.071  0.010  0.000  0.174  0.377
   1.17648     22.327581  0.000  0.042  0.000  0.076  0.248  0.051  0.000  0.090  0.140  0.647
   1.17648     22.327581  0.000  0.042  0.000  0.076  0.248  0.051  0.000  0.090  0.140  0.647
   1.20665     22.448338  0.057  0.059  0.013  0.000  0.000  0.063  0.011  0.000  0.143  0.347
   1.23682     22.622166  0.082  0.059  0.027  0.000  0.000  0.042  0.034  0.000  0.053  0.296
   1.26698     22.793151  0.095  0.073  0.037  0.000  0.000  0.035  0.053  0.000  0.010  0.301
   1.29715     22.933669  0.095  0.083  0.047  0.000  0.000  0.039  0.066  0.000  0.007  0.335
   1.32732     22.934370  0.000  0.000  0.000  0.168  0.134  0.000  0.000  0.328  0.000  0.630
   1.35748     22.894720  0.000  0.000  0.000  0.134  0.183  0.000  0.000  0.363  0.000  0.680
   1.38765     22.883643  0.000  0.000  0.000  0.111  0.222  0.000  0.000  0.381  0.000  0.715
   1.41781     22.893308  0.002  0.003  0.006  0.090  0.241  0.004  0.002  0.374  0.006  0.726
   1.44798     22.807664  0.048  0.055  0.140  0.000  0.000  0.073  0.051  0.000  0.155  0.523
   1.47815     22.703381  0.043  0.064  0.145  0.000  0.000  0.064  0.048  0.000  0.154  0.520
   1.50831     22.599996  0.039  0.075  0.144  0.000  0.000  0.055  0.047  0.000  0.148  0.511
   1.53848     22.499953  0.036  0.092  0.141  0.000  0.000  0.048  0.045  0.000  0.139  0.500
   1.56865     22.404224  0.035  0.107  0.133  0.000  0.000  0.041  0.043  0.000  0.128  0.487
   1.59881     22.313289  0.032  0.123  0.126  0.000  0.000  0.037  0.042  0.000  0.117  0.475
   1.62898     22.227758  0.029  0.139  0.115  0.000  0.000  0.033  0.039  0.000  0.104  0.460
   1.65914     22.148966  0.026  0.155  0.103  0.000  0.000  0.032  0.036  0.000  0.091  0.442
   1.68931     22.140376  0.000  0.000  0.000  0.253  0.007  0.000  0.000  0.009  0.000  0.269
   1.71948     22.161894  0.000  0.000  0.000  0.250  0.008  0.000  0.000  0.005  0.000  0.264
   1.74964     22.176982  0.000  0.000  0.000  0.250  0.009  0.000  0.000  0.002  0.000  0.262
   1.77981     22.178152  0.000  0.000  0.000  0.245  0.011  0.000  0.000  0.001  0.000  0.257
   1.80998     22.188257  0.015  0.101  0.018  0.000  0.000  0.049  0.008  0.000  0.015  0.207
   1.84014     22.439826  0.023  0.061  0.025  0.000  0.000  0.054  0.003  0.000  0.014  0.183
   1.87031     22.733389  0.001  0.001  0.001  0.037  0.333  0.002  0.000  0.103  0.000  0.478
   1.90047     22.585424  0.000  0.000  0.000  0.048  0.295  0.000  0.000  0.090  0.000  0.433
   1.93064     22.415277  0.000  0.000  0.000  0.051  0.265  0.000  0.000  0.102  0.000  0.418
   1.96081     22.227327  0.000  0.000  0.000  0.047  0.267  0.000  0.000  0.121  0.000  0.435
   1.99097     22.045458  0.000  0.000  0.000  0.040  0.296  0.000  0.000  0.131  0.000  0.466
   2.02114     21.906667  0.000  0.000  0.000  0.039  0.341  0.000  0.000  0.124  0.000  0.504
   2.05131     21.852320  0.000  0.000  0.000  0.045  0.387  0.000  0.000  0.102  0.000  0.534
   2.08147     21.933743  0.103  0.067  0.018  0.000  0.000  0.034  0.011  0.000  0.025  0.259
   2.11164     22.122356  0.103  0.032  0.022  0.000  0.000  0.024  0.047  0.000  0.014  0.242
   2.14180     22.357273  0.076  0.014  0.018  0.000  0.000  0.019  0.110  0.000  0.009  0.247
   2.17197     22.640960  0.061  0.017  0.022  0.000  0.000  0.032  0.134  0.000  0.011  0.276
   2.20214     22.826823  0.060  0.016  0.035  0.000  0.000  0.069  0.124  0.000  0.011  0.315
   2.23230     22.849874  0.000  0.000  0.000  0.113  0.404  0.000  0.000  0.004  0.000  0.522
   2.26247     23.016576  0.000  0.000  0.000  0.116  0.407  0.000  0.000  0.002  0.000  0.524
   2.29264     23.145495  0.000  0.000  0.000  0.116  0.409  0.000  0.000  0.002  0.000  0.527
   2.32280     23.227614  0.000  0.000  0.000  0.119  0.412  0.000  0.000  0.002  0.000  0.533
   2.35297     23.255920  0.000  0.000  0.000  0.119  0.413  0.000  0.000  0.002  0.000  0.534
 
# Band-Index:   40
   2.35297     23.840365  0.000  0.000  0.000  0.150  0.269  0.000  0.000  0.015  0.000  0.433
   2.32280     23.836490  0.000  0.000  0.000  0.149  0.269  0.000  0.000  0.017  0.000  0.435
   2.29264     23.823927  0.000  0.000  0.000  0.151  0.269  0.000  0.000  0.023  0.000  0.444
   2.26247     23.801051  0.000  0.000  0.000  0.150  0.269  0.000  0.000  0.032  0.000  0.452
   2.23230     23.767274  0.000  0.000  0.000  0.152  0.267  0.000  0.000  0.044  0.000  0.463
   2.20214     23.723439  0.000  0.000  0.000  0.153  0.263  0.000  0.000  0.056  0.000  0.473
   2.17197     23.501027  0.015  0.073  0.017  0.000  0.000  0.031  0.185  0.000  0.032  0.352
   2.14180     23.192862  0.011  0.064  0.018  0.000  0.000  0.028  0.167  0.000  0.025  0.314
   2.11164     22.903001  0.012  0.055  0.023  0.000  0.000  0.034  0.161  0.000  0.016  0.301
   2.08147     22.667913  0.021  0.054  0.028  0.000  0.000  0.042  0.148  0.000  0.006  0.299
   2.05131     22.504728  0.039  0.062  0.038  0.000  0.000  0.050  0.121  0.000  0.001  0.311
   2.02114     22.400070  0.055  0.080  0.045  0.000  0.000  0.057  0.092  0.000  0.002  0.332
   1.99097     22.343304  0.065  0.103  0.045  0.000  0.000  0.069  0.082  0.000  0.009  0.373
   1.96081     22.376764  0.059  0.119  0.036  0.000  0.000  0.082  0.120  0.000  0.019  0.438
   1.93064     22.540972  0.052  0.121  0.024  0.000  0.000  0.079  0.164  0.000  0.021  0.460
   1.90047     22.772302  0.047  0.116  0.015  0.000  0.000  0.063  0.173  0.000  0.015  0.428
   1.87031     22.747428  0.029  0.038  0.029  0.001  0.012  0.050  0.003  0.004  0.010  0.173
   1.84014     22.871207  0.000  0.000  0.000  0.030  0.388  0.000  0.000  0.153  0.000  0.571
   1.80998     22.998457  0.000  0.000  0.000  0.032  0.406  0.000  0.000  0.211  0.000  0.650
   1.77981     23.102669  0.000  0.000  0.000  0.040  0.400  0.000  0.000  0.266  0.000  0.705
   1.74964     23.173435  0.000  0.000  0.000  0.051  0.382  0.000  0.000  0.308  0.000  0.741
   1.71948     23.209990  0.000  0.000  0.000  0.060  0.362  0.000  0.000  0.338  0.000  0.759
   1.68931     23.217665  0.000  0.000  0.000  0.066  0.344  0.000  0.000  0.357  0.000  0.767
   1.65914     23.203486  0.000  0.000  0.000  0.068  0.329  0.000  0.000  0.369  0.000  0.767
   1.62898     23.173995  0.000  0.000  0.000  0.071  0.318  0.000  0.000  0.376  0.000  0.765
   1.59881     23.134611  0.000  0.000  0.000  0.073  0.310  0.000  0.000  0.381  0.000  0.765
   1.56865     23.089678  0.000  0.000  0.000  0.073  0.303  0.000  0.000  0.385  0.000  0.761
   1.53848     23.042725  0.000  0.000  0.000  0.075  0.297  0.000  0.000  0.388  0.000  0.760
   1.50831     22.996759  0.000  0.000  0.000  0.077  0.291  0.000  0.000  0.390  0.000  0.757
   1.47815     22.954584  0.000  0.000  0.000  0.080  0.282  0.000  0.000  0.392  0.000  0.753
   1.44798     22.919176  0.000  0.000  0.000  0.084  0.270  0.000  0.000  0.391  0.000  0.745
   1.41781     22.908048  0.050  0.049  0.126  0.004  0.010  0.077  0.053  0.017  0.143  0.528
   1.38765     22.990861  0.061  0.053  0.113  0.000  0.000  0.080  0.061  0.000  0.129  0.500
   1.35748     23.036761  0.074  0.066  0.088  0.000  0.000  0.071  0.068  0.000  0.090  0.457
   1.32732     23.020261  0.088  0.080  0.062  0.000  0.000  0.053  0.070  0.000  0.040  0.395
   1.29715     23.008172  0.000  0.000  0.000  0.211  0.085  0.000  0.000  0.274  0.000  0.571
   1.26698     23.114415  0.000  0.000  0.000  0.256  0.046  0.000  0.000  0.205  0.000  0.508
   1.23682     23.239763  0.000  0.000  0.000  0.303  0.021  0.000  0.000  0.125  0.000  0.449
   1.20665     23.353119  0.000  0.000  0.000  0.345  0.006  0.000  0.000  0.042  0.000  0.394
   1.17648     23.400816  0.000  0.132  0.000  0.236  0.000  0.000  0.000  0.000  0.000  0.368
   1.17648     23.400816  0.000  0.132  0.000  0.236  0.000  0.000  0.000  0.000  0.000  0.368
   1.14632     23.346940  0.000  0.344  0.000  0.000  0.000  0.043  0.002  0.000  0.007  0.395
   1.11615     23.197431  0.002  0.291  0.008  0.000  0.000  0.131  0.004  0.000  0.021  0.454
   1.08599     22.996781  0.006  0.214  0.025  0.000  0.000  0.232  0.006  0.000  0.051  0.534
   1.05582     23.130812  0.084  0.050  0.041  0.000  0.000  0.064  0.050  0.000  0.054  0.347
   1.02565     23.363342  0.087  0.062  0.050  0.000  0.000  0.056  0.059  0.000  0.033  0.347
   0.99549     23.589160  0.086  0.072  0.058  0.000  0.000  0.052  0.066  0.000  0.019  0.353
   0.96532     23.805415  0.083  0.082  0.066  0.000  0.000  0.047  0.072  0.000  0.011  0.362
   0.93515     24.011718  0.080  0.091  0.074  0.000  0.000  0.042  0.077  0.000  0.009  0.374
   0.90499     24.183984  0.000  0.000  0.000  0.069  0.297  0.000  0.000  0.184  0.000  0.549
   0.87482     24.231855  0.000  0.000  0.000  0.063  0.300  0.000  0.000  0.196  0.000  0.560
   0.84466     24.275652  0.000  0.000  0.000  0.057  0.305  0.000  0.000  0.204  0.000  0.566
   0.81449     24.313987  0.000  0.000  0.000  0.053  0.311  0.000  0.000  0.209  0.000  0.574
   0.78432     24.343897  0.000  0.000  0.000  0.048  0.320  0.000  0.000  0.211  0.000  0.580
   0.75416     24.360327  0.000  0.000  0.000  0.045  0.330  0.000  0.000  0.211  0.000  0.587
   0.72399     24.355216  0.000  0.000  0.000  0.040  0.342  0.000  0.000  0.208  0.000  0.589
   0.69382     24.316527  0.000  0.000  0.000  0.036  0.352  0.000  0.000  0.198  0.000  0.586
   0.66366     24.228789  0.000  0.000  0.000  0.031  0.356  0.000  0.000  0.185  0.000  0.572
   0.63349     24.078874  0.000  0.000  0.000  0.027  0.348  0.000  0.000  0.170  0.000  0.545
   0.60333     23.866853  0.000  0.000  0.000  0.025  0.327  0.000  0.000  0.159  0.000  0.511
   0.57316     23.609297  0.000  0.000  0.000  0.025  0.304  0.000  0.000  0.154  0.000  0.483
   0.54299     23.330030  0.000  0.000  0.000  0.026  0.282  0.000  0.000  0.154  0.000  0.462
   0.51283     23.052228  0.000  0.000  0.000  0.031  0.261  0.000  0.000  0.156  0.000  0.448
   0.48266     22.795082  0.000  0.000  0.000  0.038  0.240  0.000  0.000  0.154  0.000  0.433
   0.45249     22.621679  0.066  0.065  0.019  0.000  0.000  0.048  0.057  0.000  0.001  0.254
   0.42233     22.623001  0.072  0.082  0.019  0.000  0.000  0.037  0.075  0.000  0.002  0.288
   0.39216     22.601152  0.072  0.085  0.029  0.000  0.000  0.023  0.081  0.000  0.004  0.296
   0.36200     22.593167  0.066  0.079  0.038  0.000  0.000  0.016  0.089  0.000  0.005  0.295
   0.33183     22.605497  0.057  0.070  0.041  0.000  0.000  0.012  0.104  0.000  0.004  0.288
   0.30166     22.644918  0.045  0.059  0.039  0.000  0.000  0.012  0.126  0.000  0.004  0.283
   0.27150     22.732277  0.029  0.049  0.033  0.000  0.000  0.012  0.149  0.000  0.007  0.278
   0.24133     22.895122  0.018  0.046  0.026  0.000  0.000  0.012  0.159  0.000  0.016  0.276
   0.21116     23.138460  0.013  0.047  0.022  0.000  0.000  0.010  0.156  0.000  0.029  0.277
   0.18100     23.440268  0.012  0.050  0.022  0.000  0.000  0.008  0.143  0.000  0.040  0.276
   0.15083     23.729271  0.019  0.050  0.069  0.000  0.000  0.014  0.057  0.000  0.140  0.349
   0.12067     23.895778  0.011  0.083  0.042  0.000  0.000  0.006  0.142  0.000  0.130  0.412
   0.09050     23.923123  0.000  0.000  0.000  0.162  0.272  0.000  0.000  0.011  0.000  0.445
   0.06033     23.893203  0.000  0.000  0.000  0.155  0.275  0.000  0.000  0.012  0.000  0.441
   0.03017     23.857902  0.000  0.000  0.000  0.151  0.272  0.000  0.000  0.013  0.000  0.436
   0.00000     23.840365  0.000  0.000  0.000  0.150  0.269  0.000  0.000  0.015  0.000  0.433
 
# Band-Index:   41
   0.00000     25.142933  0.006  0.072  0.010  0.000  0.000  0.004  0.216  0.000  0.127  0.435
   0.03017     24.978521  0.009  0.072  0.017  0.000  0.000  0.004  0.193  0.000  0.113  0.410
   0.06033     24.645543  0.011  0.074  0.027  0.000  0.000  0.004  0.171  0.000  0.105  0.392
   0.09050     24.264529  0.011  0.076  0.031  0.000  0.000  0.004  0.158  0.000  0.109  0.391
   0.12067     23.938609  0.000  0.000  0.000  0.166  0.267  0.000  0.000  0.014  0.000  0.447
   0.15083     23.800174  0.021  0.091  0.020  0.000  0.000  0.025  0.205  0.000  0.058  0.421
   0.18100     23.927138  0.000  0.000  0.000  0.173  0.254  0.000  0.000  0.021  0.000  0.449
   0.21116     23.906866  0.000  0.000  0.000  0.175  0.249  0.000  0.000  0.027  0.000  0.451
   0.24133     23.882270  0.000  0.000  0.000  0.175  0.243  0.000  0.000  0.034  0.000  0.452
   0.27150     23.857963  0.000  0.000  0.000  0.173  0.239  0.000  0.000  0.042  0.000  0.454
   0.30166     23.839230  0.000  0.000  0.000  0.170  0.238  0.000  0.000  0.051  0.000  0.459
   0.33183     23.832554  0.000  0.000  0.000  0.165  0.238  0.000  0.000  0.063  0.000  0.466
   0.36200     23.846101  0.000  0.000  0.000  0.157  0.241  0.000  0.000  0.080  0.000  0.478
   0.39216     23.889652  0.000  0.000  0.000  0.147  0.246  0.000  0.000  0.099  0.000  0.492
   0.42233     23.708479  0.017  0.063  0.101  0.000  0.000  0.045  0.069  0.000  0.013  0.308
   0.45249     23.514377  0.014  0.098  0.089  0.000  0.000  0.031  0.104  0.000  0.016  0.353
   0.48266     23.476343  0.017  0.133  0.065  0.000  0.000  0.029  0.150  0.000  0.016  0.408
   0.51283     23.590525  0.022  0.151  0.040  0.000  0.000  0.035  0.180  0.000  0.012  0.439
   0.54299     23.790447  0.023  0.154  0.027  0.000  0.000  0.040  0.198  0.000  0.010  0.451
   0.57316     24.033409  0.021  0.156  0.018  0.000  0.000  0.046  0.210  0.000  0.009  0.458
   0.60333     24.299593  0.020  0.154  0.013  0.000  0.000  0.049  0.223  0.000  0.010  0.467
   0.63349     24.578633  0.018  0.151  0.009  0.000  0.000  0.053  0.235  0.000  0.010  0.475
   0.66366     24.863824  0.019  0.144  0.006  0.000  0.000  0.057  0.248  0.000  0.012  0.486
   0.69382     25.149099  0.022  0.127  0.005  0.000  0.000  0.065  0.268  0.000  0.017  0.505
   0.72399     25.294335  0.063  0.061  0.101  0.000  0.000  0.041  0.160  0.000  0.081  0.507
   0.75416     25.123179  0.064  0.092  0.106  0.000  0.000  0.027  0.122  0.000  0.062  0.473
   0.78432     24.946047  0.067  0.099  0.104  0.000  0.000  0.025  0.111  0.000  0.049  0.454
   0.81449     24.766761  0.067  0.103  0.101  0.000  0.000  0.026  0.102  0.000  0.037  0.435
   0.84466     24.584984  0.071  0.102  0.096  0.000  0.000  0.029  0.095  0.000  0.026  0.419
   0.87482     24.399651  0.074  0.101  0.089  0.000  0.000  0.033  0.089  0.000  0.018  0.402
   0.90499     24.209190  0.077  0.097  0.081  0.000  0.000  0.037  0.083  0.000  0.011  0.388
   0.93515     24.132025  0.000  0.000  0.000  0.080  0.292  0.000  0.000  0.167  0.000  0.540
   0.96532     24.074379  0.000  0.000  0.000  0.097  0.287  0.000  0.000  0.145  0.000  0.529
   0.99549     24.007389  0.000  0.000  0.000  0.121  0.278  0.000  0.000  0.114  0.000  0.513
   1.02565     23.924994  0.000  0.000  0.000  0.155  0.258  0.000  0.000  0.077  0.000  0.491
   1.05582     23.820318  0.000  0.000  0.000  0.203  0.223  0.000  0.000  0.040  0.000  0.466
   1.08599     23.692495  0.000  0.000  0.000  0.257  0.167  0.000  0.000  0.014  0.000  0.437
   1.11615     23.556650  0.000  0.000  0.000  0.310  0.096  0.000  0.000  0.003  0.000  0.409
   1.14632     23.446250  0.000  0.000  0.000  0.350  0.030  0.000  0.000  0.001  0.000  0.380
   1.17648     23.405217  0.000  0.236  0.000  0.132  0.000  0.000  0.000  0.000  0.000  0.368
   1.17648     23.405217  0.000  0.236  0.000  0.132  0.000  0.000  0.000  0.000  0.000  0.368
   1.20665     23.442956  0.000  0.348  0.000  0.000  0.000  0.001  0.001  0.000  0.030  0.382
   1.23682     23.550188  0.002  0.294  0.001  0.000  0.000  0.003  0.004  0.000  0.105  0.412
   1.26698     23.694068  0.007  0.209  0.009  0.000  0.000  0.016  0.009  0.000  0.187  0.440
   1.29715     23.812692  0.016  0.101  0.046  0.000  0.000  0.067  0.012  0.000  0.221  0.461
   1.32732     23.865996  0.025  0.050  0.095  0.000  0.000  0.110  0.017  0.000  0.161  0.457
   1.35748     23.917062  0.038  0.061  0.116  0.000  0.000  0.099  0.026  0.000  0.086  0.426
   1.38765     24.008330  0.049  0.084  0.114  0.000  0.000  0.075  0.042  0.000  0.040  0.406
   1.41781     24.134634  0.058  0.100  0.111  0.000  0.000  0.058  0.055  0.000  0.020  0.402
   1.44798     24.282502  0.060  0.110  0.106  0.000  0.000  0.046  0.067  0.000  0.018  0.407
   1.47815     24.443099  0.064  0.111  0.105  0.000  0.000  0.038  0.078  0.000  0.023  0.420
   1.50831     24.611519  0.065  0.109  0.105  0.000  0.000  0.034  0.089  0.000  0.031  0.432
   1.53848     24.784811  0.064  0.108  0.105  0.000  0.000  0.031  0.100  0.000  0.041  0.448
   1.56865     24.960731  0.065  0.101  0.105  0.000  0.000  0.030  0.111  0.000  0.052  0.463
   1.59881     25.136632  0.062  0.090  0.106  0.000  0.000  0.031  0.127  0.000  0.064  0.480
   1.62898     25.302704  0.061  0.056  0.101  0.000  0.000  0.043  0.169  0.000  0.082  0.513
   1.65914     25.199630  0.021  0.099  0.011  0.000  0.000  0.047  0.288  0.000  0.031  0.500
   1.68931     24.897226  0.020  0.128  0.010  0.000  0.000  0.042  0.261  0.000  0.019  0.481
   1.71948     24.584131  0.021  0.138  0.010  0.000  0.000  0.045  0.243  0.000  0.016  0.474
   1.74964     24.268590  0.021  0.142  0.011  0.000  0.000  0.048  0.230  0.000  0.015  0.469
   1.77981     23.954517  0.025  0.144  0.014  0.000  0.000  0.052  0.219  0.000  0.015  0.470
   1.80998     23.645366  0.028  0.144  0.016  0.000  0.000  0.058  0.209  0.000  0.016  0.472
   1.84014     23.345120  0.032  0.143  0.018  0.000  0.000  0.066  0.202  0.000  0.018  0.480
   1.87031     23.062909  0.034  0.140  0.028  0.000  0.000  0.082  0.192  0.000  0.024  0.503
   1.90047     23.117225  0.023  0.048  0.056  0.000  0.000  0.087  0.011  0.000  0.022  0.247
   1.93064     23.366578  0.000  0.000  0.000  0.125  0.208  0.000  0.000  0.301  0.000  0.635
   1.96081     23.339785  0.000  0.000  0.000  0.134  0.225  0.000  0.000  0.247  0.000  0.607
   1.99097     23.350793  0.000  0.000  0.000  0.142  0.233  0.000  0.000  0.202  0.000  0.578
   2.02114     23.385732  0.000  0.000  0.000  0.148  0.239  0.000  0.000  0.166  0.000  0.553
   2.05131     23.435013  0.000  0.000  0.000  0.151  0.243  0.000  0.000  0.140  0.000  0.533
   2.08147     23.492275  0.000  0.000  0.000  0.152  0.247  0.000  0.000  0.118  0.000  0.517
   2.11164     23.553030  0.000  0.000  0.000  0.153  0.251  0.000  0.000  0.100  0.000  0.504
   2.14180     23.613770  0.000  0.000  0.000  0.153  0.255  0.000  0.000  0.084  0.000  0.492
   2.17197     23.671489  0.000  0.000  0.000  0.154  0.259  0.000  0.000  0.069  0.000  0.483
   2.20214     23.734016  0.024  0.085  0.029  0.000  0.000  0.041  0.201  0.000  0.061  0.441
   2.23230     23.937401  0.021  0.080  0.028  0.000  0.000  0.010  0.179  0.000  0.083  0.400
   2.26247     24.266037  0.018  0.074  0.023  0.000  0.000  0.001  0.178  0.000  0.084  0.380
   2.29264     24.634756  0.016  0.074  0.021  0.000  0.000  0.002  0.183  0.000  0.091  0.385
   2.32280     24.973340  0.011  0.074  0.016  0.000  0.000  0.003  0.197  0.000  0.107  0.406
   2.35297     25.142933  0.006  0.072  0.010  0.000  0.000  0.004  0.216  0.000  0.127  0.435
 
# Band-Index:   42
   2.35297     25.336989  0.006  0.084  0.020  0.000  0.000  0.003  0.098  0.000  0.068  0.278
   2.32280     25.219873  0.011  0.080  0.020  0.000  0.000  0.002  0.105  0.000  0.071  0.288
   2.29264     24.946400  0.014  0.072  0.021  0.000  0.000  0.001  0.106  0.000  0.068  0.284
   2.26247     24.620371  0.014  0.068  0.024  0.000  0.000  0.000  0.100  0.000  0.066  0.273
   2.23230     24.285590  0.012  0.060  0.026  0.000  0.000  0.000  0.085  0.000  0.068  0.255
   2.20214     24.005353  0.014  0.048  0.040  0.000  0.000  0.010  0.035  0.000  0.091  0.238
   2.17197     24.039298  0.027  0.048  0.061  0.000  0.000  0.074  0.027  0.000  0.107  0.343
   2.14180     24.309061  0.030  0.046  0.062  0.000  0.000  0.115  0.031  0.000  0.099  0.384
   2.11164     24.636403  0.029  0.044  0.058  0.000  0.000  0.149  0.026  0.000  0.097  0.403
   2.08147     24.960188  0.026  0.037  0.051  0.000  0.000  0.204  0.016  0.000  0.097  0.430
   2.05131     24.988434  0.017  0.014  0.061  0.000  0.000  0.188  0.002  0.000  0.025  0.307
   2.02114     24.634378  0.019  0.018  0.066  0.000  0.000  0.128  0.000  0.000  0.014  0.247
   1.99097     24.250628  0.021  0.022  0.064  0.000  0.000  0.109  0.000  0.000  0.015  0.232
   1.96081     23.863760  0.021  0.027  0.062  0.000  0.000  0.097  0.001  0.000  0.016  0.225
   1.93064     23.482178  0.023  0.033  0.058  0.000  0.000  0.088  0.002  0.000  0.018  0.223
   1.90047     23.446436  0.000  0.000  0.000  0.115  0.178  0.000  0.000  0.352  0.000  0.647
   1.87031     23.585718  0.000  0.000  0.000  0.106  0.141  0.000  0.000  0.380  0.000  0.625
   1.84014     23.777312  0.000  0.000  0.000  0.097  0.108  0.000  0.000  0.375  0.000  0.580
   1.80998     24.011013  0.000  0.000  0.000  0.091  0.087  0.000  0.000  0.346  0.000  0.526
   1.77981     24.280595  0.000  0.000  0.000  0.082  0.083  0.000  0.000  0.308  0.000  0.474
   1.74964     24.580834  0.000  0.000  0.000  0.074  0.089  0.000  0.000  0.272  0.000  0.435
   1.71948     24.904963  0.000  0.000  0.000  0.065  0.101  0.000  0.000  0.243  0.000  0.409
   1.68931     25.245257  0.000  0.000  0.000  0.060  0.113  0.000  0.000  0.221  0.000  0.395
   1.65914     25.503592  0.056  0.128  0.104  0.000  0.000  0.018  0.110  0.000  0.063  0.481
   1.62898     25.526135  0.022  0.171  0.013  0.000  0.000  0.019  0.237  0.000  0.005  0.464
   1.59881     25.796596  0.022  0.125  0.006  0.000  0.000  0.032  0.289  0.000  0.018  0.493
   1.56865     26.044697  0.028  0.097  0.005  0.000  0.000  0.038  0.311  0.000  0.031  0.511
   1.53848     26.223488  0.034  0.063  0.011  0.000  0.000  0.042  0.301  0.000  0.065  0.515
   1.50831     26.205426  0.029  0.060  0.040  0.000  0.000  0.029  0.177  0.000  0.142  0.478
   1.47815     25.977788  0.022  0.090  0.062  0.000  0.000  0.024  0.091  0.000  0.172  0.459
   1.44798     25.684350  0.019  0.110  0.066  0.000  0.000  0.028  0.060  0.000  0.177  0.461
   1.41781     25.372714  0.017  0.128  0.066  0.000  0.000  0.038  0.045  0.000  0.174  0.467
   1.38765     25.059775  0.014  0.146  0.068  0.000  0.000  0.054  0.034  0.000  0.164  0.478
   1.35748     24.760282  0.011  0.166  0.071  0.000  0.000  0.083  0.023  0.000  0.141  0.493
   1.32732     24.499003  0.004  0.176  0.087  0.000  0.000  0.141  0.014  0.000  0.097  0.518
   1.29715     24.330030  0.001  0.142  0.112  0.000  0.000  0.256  0.005  0.000  0.049  0.563
   1.26698     24.304601  0.000  0.069  0.106  0.000  0.000  0.376  0.000  0.000  0.057  0.609
   1.23682     24.364819  0.000  0.029  0.066  0.000  0.000  0.455  0.000  0.000  0.088  0.637
   1.20665     24.431947  0.000  0.012  0.021  0.000  0.000  0.511  0.000  0.000  0.109  0.651
   1.17648     24.455265  0.000  0.002  0.000  0.004  0.075  0.188  0.000  0.346  0.041  0.659
   1.17648     24.455265  0.000  0.002  0.000  0.004  0.075  0.188  0.000  0.346  0.041  0.659
   1.14632     24.474844  0.000  0.001  0.000  0.010  0.104  0.026  0.000  0.506  0.006  0.656
   1.11615     24.532129  0.000  0.000  0.000  0.023  0.096  0.003  0.000  0.531  0.001  0.654
   1.08599     24.636866  0.000  0.000  0.000  0.045  0.078  0.002  0.000  0.522  0.001  0.648
   1.05582     24.797377  0.000  0.017  0.022  0.062  0.057  0.017  0.000  0.427  0.016  0.618
   1.02565     24.959234  0.001  0.122  0.174  0.000  0.000  0.059  0.006  0.001  0.117  0.481
   0.99549     25.137115  0.003  0.121  0.188  0.000  0.000  0.023  0.010  0.000  0.127  0.475
   0.96532     25.335439  0.005  0.120  0.195  0.000  0.000  0.006  0.013  0.000  0.136  0.474
   0.93515     25.550386  0.007  0.115  0.196  0.000  0.000  0.002  0.017  0.000  0.142  0.477
   0.90499     25.776793  0.009  0.109  0.193  0.000  0.000  0.006  0.021  0.000  0.144  0.484
   0.87482     26.008807  0.011  0.106  0.188  0.000  0.000  0.016  0.025  0.000  0.145  0.491
   0.84466     26.240408  0.015  0.102  0.182  0.000  0.000  0.029  0.029  0.000  0.144  0.500
   0.81449     26.215838  0.034  0.102  0.011  0.000  0.000  0.089  0.300  0.000  0.019  0.556
   0.78432     25.974066  0.029  0.118  0.006  0.000  0.000  0.077  0.288  0.000  0.016  0.537
   0.75416     25.712734  0.024  0.136  0.005  0.000  0.000  0.066  0.271  0.000  0.012  0.516
   0.72399     25.442224  0.020  0.172  0.014  0.000  0.000  0.046  0.228  0.000  0.003  0.483
   0.69382     25.477922  0.057  0.109  0.115  0.000  0.000  0.019  0.114  0.000  0.077  0.491
   0.66366     25.554295  0.000  0.000  0.000  0.080  0.109  0.000  0.000  0.227  0.000  0.416
   0.63349     25.301368  0.000  0.000  0.000  0.088  0.126  0.000  0.000  0.242  0.000  0.456
   0.60333     25.080504  0.000  0.000  0.000  0.092  0.155  0.000  0.000  0.249  0.000  0.498
   0.57316     24.874718  0.000  0.000  0.000  0.095  0.189  0.000  0.000  0.243  0.000  0.527
   0.54299     24.669465  0.000  0.000  0.000  0.097  0.216  0.000  0.000  0.227  0.000  0.539
   0.51283     24.463675  0.000  0.000  0.000  0.100  0.234  0.000  0.000  0.204  0.000  0.538
   0.48266     24.268579  0.000  0.000  0.000  0.108  0.246  0.000  0.000  0.178  0.000  0.532
   0.45249     24.100518  0.000  0.000  0.000  0.121  0.250  0.000  0.000  0.151  0.000  0.522
   0.42233     23.972791  0.000  0.000  0.000  0.133  0.250  0.000  0.000  0.123  0.000  0.506
   0.39216     23.988307  0.026  0.040  0.104  0.000  0.000  0.061  0.053  0.000  0.009  0.293
   0.36200     24.306474  0.030  0.028  0.104  0.000  0.000  0.079  0.047  0.000  0.005  0.295
   0.33183     24.642365  0.036  0.020  0.107  0.000  0.000  0.096  0.047  0.000  0.004  0.309
   0.30166     24.979112  0.040  0.015  0.110  0.000  0.000  0.117  0.057  0.000  0.008  0.347
   0.27150     25.058298  0.046  0.050  0.089  0.000  0.000  0.080  0.095  0.000  0.113  0.473
   0.24133     24.708718  0.046  0.059  0.078  0.000  0.000  0.055  0.083  0.000  0.119  0.440
   0.21116     24.341951  0.044  0.061  0.078  0.000  0.000  0.051  0.087  0.000  0.118  0.440
   0.18100     23.993987  0.042  0.069  0.074  0.000  0.000  0.048  0.100  0.000  0.126  0.460
   0.15083     23.939026  0.000  0.000  0.000  0.170  0.261  0.000  0.000  0.017  0.000  0.449
   0.12067     24.145002  0.017  0.067  0.016  0.000  0.000  0.008  0.148  0.000  0.049  0.308
   0.09050     24.516280  0.018  0.068  0.017  0.000  0.000  0.006  0.135  0.000  0.054  0.301
   0.06033     24.883781  0.017  0.072  0.018  0.000  0.000  0.003  0.125  0.000  0.060  0.295
   0.03017     25.201001  0.012  0.079  0.018  0.000  0.000  0.003  0.112  0.000  0.067  0.290
   0.00000     25.336989  0.006  0.084  0.020  0.000  0.000  0.003  0.098  0.000  0.068  0.278
 
# Band-Index:   43
   0.00000     26.156485  0.036  0.056  0.083  0.000  0.000  0.000  0.086  0.000  0.011  0.271
   0.03017     26.211663  0.040  0.049  0.074  0.000  0.000  0.000  0.119  0.000  0.023  0.305
   0.06033     26.446240  0.039  0.046  0.073  0.000  0.000  0.001  0.127  0.000  0.032  0.319
   0.09050     26.696396  0.043  0.034  0.078  0.000  0.000  0.015  0.118  0.000  0.031  0.322
   0.12067     26.801545  0.046  0.012  0.098  0.000  0.000  0.077  0.069  0.000  0.014  0.317
   0.15083     26.647424  0.041  0.007  0.110  0.000  0.000  0.116  0.042  0.000  0.007  0.324
   0.18100     26.376467  0.040  0.010  0.110  0.000  0.000  0.129  0.033  0.000  0.003  0.325
   0.21116     26.057130  0.040  0.011  0.107  0.000  0.000  0.128  0.029  0.000  0.001  0.316
   0.24133     25.718159  0.039  0.015  0.105  0.000  0.000  0.116  0.025  0.000  0.001  0.299
   0.27150     25.390605  0.034  0.025  0.092  0.000  0.000  0.082  0.009  0.000  0.011  0.252
   0.30166     25.485043  0.036  0.063  0.069  0.000  0.000  0.032  0.044  0.000  0.123  0.368
   0.33183     25.828036  0.038  0.063  0.075  0.000  0.000  0.040  0.052  0.000  0.137  0.403
   0.36200     26.157028  0.036  0.063  0.077  0.000  0.000  0.043  0.049  0.000  0.152  0.422
   0.39216     26.446364  0.031  0.054  0.086  0.000  0.000  0.048  0.034  0.000  0.182  0.436
   0.42233     26.552999  0.030  0.011  0.097  0.000  0.000  0.173  0.092  0.000  0.122  0.524
   0.45249     26.505386  0.037  0.017  0.097  0.000  0.000  0.173  0.133  0.000  0.103  0.560
   0.48266     26.440414  0.040  0.026  0.104  0.000  0.000  0.147  0.147  0.000  0.109  0.573
   0.51283     26.355238  0.043  0.035  0.109  0.000  0.000  0.117  0.154  0.000  0.117  0.576
   0.54299     26.246788  0.045  0.047  0.114  0.000  0.000  0.088  0.156  0.000  0.119  0.571
   0.57316     26.117052  0.047  0.060  0.116  0.000  0.000  0.065  0.153  0.000  0.117  0.560
   0.60333     25.970742  0.050  0.071  0.117  0.000  0.000  0.049  0.147  0.000  0.112  0.546
   0.63349     25.812775  0.053  0.082  0.118  0.000  0.000  0.038  0.140  0.000  0.103  0.532
   0.66366     25.647271  0.054  0.091  0.116  0.000  0.000  0.029  0.130  0.000  0.091  0.513
   0.69382     25.843252  0.000  0.000  0.000  0.072  0.107  0.000  0.000  0.210  0.000  0.390
   0.72399     26.155801  0.000  0.000  0.000  0.060  0.120  0.000  0.000  0.197  0.000  0.376
   0.75416     26.466890  0.000  0.000  0.000  0.046  0.142  0.000  0.000  0.188  0.000  0.376
   0.78432     26.678658  0.021  0.101  0.165  0.000  0.000  0.062  0.037  0.000  0.136  0.523
   0.81449     26.465654  0.017  0.102  0.174  0.000  0.000  0.044  0.033  0.000  0.140  0.511
   0.84466     26.429891  0.043  0.085  0.017  0.000  0.000  0.106  0.305  0.000  0.022  0.578
   0.87482     26.494239  0.000  0.000  0.000  0.096  0.159  0.000  0.000  0.291  0.000  0.545
   0.90499     26.197592  0.000  0.000  0.000  0.111  0.135  0.000  0.000  0.319  0.000  0.564
   0.93515     25.884166  0.000  0.000  0.000  0.119  0.113  0.000  0.000  0.347  0.000  0.579
   0.96532     25.573506  0.000  0.000  0.000  0.120  0.094  0.000  0.000  0.379  0.000  0.593
   0.99549     25.279622  0.000  0.000  0.000  0.114  0.077  0.000  0.000  0.416  0.000  0.607
   1.02565     25.016450  0.000  0.000  0.000  0.100  0.066  0.000  0.000  0.456  0.000  0.623
   1.05582     24.805292  0.001  0.097  0.129  0.012  0.010  0.104  0.003  0.071  0.093  0.520
   1.08599     24.672538  0.000  0.096  0.112  0.000  0.000  0.214  0.002  0.003  0.103  0.531
   1.11615     24.565325  0.000  0.064  0.065  0.000  0.001  0.338  0.000  0.005  0.105  0.578
   1.14632     24.489898  0.000  0.025  0.019  0.000  0.007  0.446  0.000  0.031  0.105  0.632
   1.17648     24.462776  0.000  0.004  0.000  0.002  0.041  0.348  0.000  0.188  0.075  0.659
   1.17648     24.462776  0.000  0.004  0.000  0.002  0.041  0.348  0.000  0.188  0.075  0.659
   1.20665     24.531454  0.000  0.000  0.000  0.026  0.114  0.000  0.000  0.497  0.000  0.638
   1.23682     24.718093  0.000  0.000  0.000  0.056  0.112  0.000  0.000  0.431  0.000  0.599
   1.26698     24.967567  0.000  0.000  0.000  0.078  0.114  0.000  0.000  0.373  0.000  0.566
   1.29715     25.249721  0.000  0.000  0.000  0.090  0.120  0.000  0.000  0.330  0.000  0.541
   1.32732     25.548193  0.000  0.000  0.000  0.097  0.128  0.000  0.000  0.298  0.000  0.521
   1.35748     25.851788  0.000  0.000  0.000  0.099  0.138  0.000  0.000  0.271  0.000  0.508
   1.38765     26.149859  0.000  0.000  0.000  0.094  0.149  0.000  0.000  0.250  0.000  0.493
   1.41781     26.428886  0.000  0.000  0.000  0.086  0.162  0.000  0.000  0.233  0.000  0.481
   1.44798     26.668212  0.000  0.000  0.000  0.074  0.178  0.000  0.000  0.218  0.000  0.469
   1.47815     26.788080  0.046  0.090  0.074  0.000  0.000  0.106  0.249  0.000  0.026  0.589
   1.50831     26.714816  0.031  0.137  0.077  0.000  0.000  0.063  0.175  0.000  0.051  0.537
   1.53848     26.785478  0.019  0.144  0.096  0.001  0.010  0.025  0.045  0.010  0.116  0.466
   1.56865     26.567808  0.000  0.000  0.000  0.037  0.174  0.000  0.000  0.190  0.000  0.401
   1.59881     26.272734  0.000  0.000  0.000  0.041  0.156  0.000  0.000  0.192  0.000  0.391
   1.62898     25.940554  0.000  0.000  0.000  0.048  0.141  0.000  0.000  0.198  0.000  0.387
   1.65914     25.593653  0.000  0.000  0.000  0.053  0.127  0.000  0.000  0.207  0.000  0.386
   1.68931     25.662996  0.055  0.099  0.108  0.000  0.000  0.031  0.131  0.000  0.082  0.506
   1.71948     25.815420  0.052  0.086  0.108  0.000  0.000  0.043  0.141  0.000  0.092  0.523
   1.74964     25.949675  0.049  0.073  0.106  0.000  0.000  0.061  0.149  0.000  0.099  0.539
   1.77981     26.056883  0.047  0.062  0.101  0.000  0.000  0.088  0.153  0.000  0.105  0.556
   1.80998     26.129216  0.044  0.050  0.093  0.000  0.000  0.122  0.154  0.000  0.108  0.572
   1.84014     26.163403  0.041  0.042  0.082  0.000  0.000  0.162  0.149  0.000  0.109  0.585
   1.87031     26.163203  0.040  0.034  0.076  0.000  0.000  0.202  0.138  0.000  0.110  0.596
   1.90047     26.136390  0.038  0.028  0.069  0.000  0.000  0.236  0.119  0.000  0.110  0.599
   1.93064     26.086827  0.035  0.026  0.063  0.000  0.000  0.260  0.090  0.000  0.114  0.587
   1.96081     26.005077  0.031  0.027  0.057  0.000  0.000  0.268  0.052  0.000  0.118  0.552
   1.99097     25.864309  0.027  0.034  0.053  0.000  0.000  0.245  0.016  0.000  0.119  0.495
   2.02114     25.644021  0.025  0.044  0.053  0.000  0.000  0.192  0.001  0.000  0.111  0.427
   2.05131     25.379124  0.030  0.052  0.063  0.000  0.000  0.100  0.004  0.000  0.089  0.339
   2.08147     25.448725  0.025  0.027  0.080  0.000  0.000  0.062  0.000  0.000  0.010  0.204
   2.11164     25.786373  0.022  0.018  0.079  0.000  0.000  0.103  0.000  0.000  0.005  0.228
   2.14180     26.117195  0.023  0.016  0.078  0.000  0.000  0.120  0.000  0.000  0.003  0.243
   2.17197     26.417907  0.027  0.013  0.080  0.000  0.000  0.127  0.001  0.000  0.001  0.249
   2.20214     26.668519  0.031  0.012  0.083  0.000  0.000  0.115  0.003  0.000  0.000  0.244
   2.23230     26.821397  0.030  0.016  0.090  0.000  0.000  0.071  0.019  0.000  0.004  0.232
   2.26247     26.766976  0.023  0.031  0.096  0.000  0.000  0.006  0.072  0.000  0.030  0.261
   2.29264     26.517460  0.029  0.040  0.084  0.000  0.000  0.001  0.101  0.000  0.036  0.291
   2.32280     26.265702  0.032  0.044  0.082  0.000  0.000  0.001  0.103  0.000  0.025  0.287
   2.35297     26.156485  0.036  0.056  0.083  0.000  0.000  0.000  0.086  0.000  0.011  0.271
 
# Band-Index:   44
   2.35297     26.182844  0.045  0.031  0.067  0.000  0.000  0.002  0.122  0.000  0.023  0.292
   2.32280     26.331956  0.040  0.045  0.066  0.000  0.000  0.003  0.112  0.000  0.024  0.292
   2.29264     26.593077  0.039  0.043  0.069  0.000  0.000  0.008  0.108  0.000  0.025  0.293
   2.26247     26.814822  0.048  0.034  0.072  0.000  0.000  0.026  0.102  0.000  0.025  0.305
   2.23230     27.003939  0.041  0.026  0.094  0.000  0.000  0.022  0.107  0.000  0.036  0.324
   2.20214     26.997574  0.000  0.000  0.000  0.150  0.033  0.000  0.000  0.258  0.000  0.441
   2.17197     26.902906  0.000  0.000  0.000  0.143  0.033  0.000  0.000  0.248  0.000  0.422
   2.14180     26.808056  0.000  0.000  0.000  0.137  0.033  0.000  0.000  0.235  0.000  0.405
   2.11164     26.713285  0.000  0.000  0.000  0.131  0.033  0.000  0.000  0.222  0.000  0.385
   2.08147     26.619782  0.000  0.000  0.000  0.122  0.032  0.000  0.000  0.207  0.000  0.362
   2.05131     26.529792  0.000  0.000  0.000  0.114  0.031  0.000  0.000  0.191  0.000  0.337
   2.02114     26.446701  0.000  0.000  0.000  0.107  0.031  0.000  0.000  0.173  0.000  0.311
   1.99097     26.374961  0.000  0.000  0.000  0.099  0.031  0.000  0.000  0.154  0.000  0.282
   1.96081     26.320114  0.000  0.000  0.000  0.088  0.030  0.000  0.000  0.132  0.000  0.251
   1.93064     26.288750  0.000  0.000  0.000  0.079  0.030  0.000  0.000  0.109  0.000  0.218
   1.90047     26.288333  0.000  0.000  0.000  0.071  0.030  0.000  0.000  0.084  0.000  0.186
   1.87031     26.326453  0.000  0.000  0.000  0.061  0.031  0.000  0.000  0.060  0.000  0.152
   1.84014     26.409503  0.000  0.000  0.000  0.052  0.033  0.000  0.000  0.038  0.000  0.124
   1.80998     26.540793  0.000  0.000  0.000  0.044  0.035  0.000  0.000  0.021  0.000  0.101
   1.77981     26.719043  0.000  0.000  0.000  0.037  0.039  0.000  0.000  0.010  0.000  0.085
   1.74964     26.938148  0.000  0.000  0.000  0.033  0.041  0.000  0.000  0.004  0.000  0.078
   1.71948     27.188126  0.000  0.000  0.000  0.030  0.044  0.000  0.000  0.004  0.000  0.078
   1.68931     27.456185  0.000  0.000  0.000  0.031  0.045  0.000  0.000  0.008  0.000  0.084
   1.65914     27.610670  0.034  0.117  0.093  0.000  0.000  0.023  0.041  0.000  0.139  0.448
   1.62898     27.432661  0.028  0.119  0.098  0.000  0.000  0.018  0.032  0.000  0.146  0.442
   1.59881     27.223059  0.024  0.124  0.100  0.000  0.000  0.016  0.026  0.000  0.150  0.442
   1.56865     26.995369  0.021  0.135  0.103  0.000  0.000  0.017  0.025  0.000  0.148  0.445
   1.53848     26.787909  0.001  0.009  0.006  0.034  0.181  0.001  0.002  0.182  0.006  0.421
   1.50831     26.884074  0.000  0.000  0.000  0.042  0.199  0.000  0.000  0.197  0.000  0.437
   1.47815     26.834785  0.000  0.000  0.000  0.059  0.192  0.000  0.000  0.205  0.000  0.455
   1.44798     26.854792  0.053  0.053  0.099  0.000  0.000  0.150  0.245  0.000  0.024  0.626
   1.41781     26.866079  0.054  0.027  0.145  0.000  0.000  0.191  0.205  0.000  0.026  0.650
   1.38765     26.814901  0.049  0.011  0.204  0.000  0.000  0.219  0.152  0.000  0.027  0.664
   1.35748     26.709913  0.039  0.004  0.269  0.000  0.000  0.227  0.101  0.000  0.026  0.667
   1.32732     26.566475  0.027  0.000  0.338  0.000  0.000  0.212  0.061  0.000  0.024  0.664
   1.29715     26.401678  0.018  0.000  0.406  0.000  0.000  0.178  0.034  0.000  0.020  0.655
   1.26698     26.233406  0.010  0.000  0.473  0.000  0.000  0.130  0.016  0.000  0.016  0.645
   1.23682     26.082147  0.004  0.000  0.541  0.000  0.000  0.073  0.007  0.000  0.009  0.634
   1.20665     25.973084  0.002  0.000  0.598  0.000  0.000  0.022  0.002  0.000  0.003  0.625
   1.17648     25.932555  0.000  0.000  0.621  0.000  0.000  0.000  0.000  0.000  0.000  0.621
   1.17648     25.932555  0.000  0.000  0.621  0.000  0.000  0.000  0.000  0.000  0.000  0.621
   1.14632     25.973423  0.002  0.000  0.598  0.000  0.000  0.022  0.002  0.000  0.003  0.625
   1.11615     26.086178  0.004  0.000  0.534  0.000  0.000  0.076  0.007  0.000  0.010  0.635
   1.08599     26.246579  0.010  0.001  0.456  0.000  0.000  0.136  0.019  0.000  0.018  0.642
   1.05582     26.425467  0.019  0.001  0.373  0.000  0.000  0.185  0.042  0.000  0.027  0.648
   1.02565     26.594084  0.031  0.003  0.291  0.000  0.000  0.215  0.077  0.000  0.033  0.651
   0.99549     26.725789  0.044  0.005  0.213  0.000  0.000  0.223  0.129  0.000  0.036  0.649
   0.96532     26.798869  0.053  0.013  0.146  0.000  0.000  0.209  0.188  0.000  0.036  0.646
   0.93515     26.801566  0.058  0.027  0.092  0.000  0.000  0.183  0.243  0.000  0.033  0.635
   0.90499     26.734421  0.056  0.045  0.054  0.000  0.000  0.153  0.282  0.000  0.030  0.618
   0.87482     26.606554  0.049  0.064  0.031  0.000  0.000  0.126  0.301  0.000  0.026  0.600
   0.84466     26.735390  0.000  0.000  0.000  0.069  0.185  0.000  0.000  0.257  0.000  0.509
   0.81449     26.838645  0.000  0.000  0.000  0.038  0.198  0.000  0.000  0.216  0.000  0.453
   0.78432     26.727273  0.000  0.000  0.000  0.033  0.174  0.000  0.000  0.191  0.000  0.398
   0.75416     26.873454  0.022  0.103  0.157  0.000  0.000  0.079  0.043  0.000  0.132  0.536
   0.72399     27.043550  0.027  0.104  0.148  0.000  0.000  0.096  0.048  0.000  0.125  0.551
   0.69382     27.181832  0.032  0.105  0.139  0.000  0.000  0.114  0.057  0.000  0.119  0.565
   0.66366     27.280820  0.036  0.106  0.131  0.000  0.000  0.132  0.067  0.000  0.112  0.583
   0.63349     27.287623  0.000  0.000  0.000  0.029  0.023  0.000  0.000  0.001  0.000  0.054
   0.60333     27.090932  0.000  0.000  0.000  0.030  0.017  0.000  0.000  0.004  0.000  0.052
   0.57316     26.945066  0.000  0.000  0.000  0.033  0.014  0.000  0.000  0.014  0.000  0.062
   0.54299     26.857398  0.000  0.000  0.000  0.037  0.015  0.000  0.000  0.029  0.000  0.081
   0.51283     26.825256  0.000  0.000  0.000  0.041  0.020  0.000  0.000  0.044  0.000  0.105
   0.48266     26.839919  0.000  0.000  0.000  0.046  0.026  0.000  0.000  0.060  0.000  0.131
   0.45249     26.891142  0.000  0.000  0.000  0.049  0.032  0.000  0.000  0.071  0.000  0.154
   0.42233     26.728521  0.056  0.075  0.087  0.000  0.000  0.097  0.120  0.000  0.093  0.527
   0.39216     26.640723  0.052  0.024  0.090  0.000  0.000  0.221  0.153  0.000  0.016  0.555
   0.36200     26.696473  0.044  0.014  0.093  0.000  0.000  0.220  0.117  0.000  0.027  0.514
   0.33183     26.769337  0.041  0.012  0.096  0.000  0.000  0.211  0.094  0.000  0.025  0.477
   0.30166     26.851302  0.040  0.009  0.097  0.000  0.000  0.197  0.075  0.000  0.021  0.439
   0.27150     26.936409  0.038  0.009  0.100  0.000  0.000  0.177  0.059  0.000  0.017  0.400
   0.24133     27.016356  0.038  0.008  0.102  0.000  0.000  0.153  0.045  0.000  0.014  0.361
   0.21116     27.079305  0.035  0.010  0.102  0.000  0.000  0.124  0.037  0.000  0.015  0.323
   0.18100     27.107650  0.036  0.012  0.105  0.000  0.000  0.088  0.038  0.000  0.016  0.294
   0.15083     27.076787  0.033  0.020  0.105  0.000  0.000  0.046  0.052  0.000  0.022  0.277
   0.12067     26.972957  0.022  0.033  0.104  0.000  0.000  0.013  0.066  0.000  0.028  0.264
   0.09050     26.858573  0.021  0.031  0.099  0.000  0.000  0.014  0.061  0.000  0.022  0.251
   0.06033     26.659333  0.028  0.038  0.082  0.000  0.000  0.006  0.080  0.000  0.025  0.259
   0.03017     26.386214  0.034  0.042  0.073  0.000  0.000  0.002  0.094  0.000  0.024  0.270
   0.00000     26.182844  0.045  0.031  0.067  0.000  0.000  0.002  0.122  0.000  0.023  0.292
 
# Band-Index:   45
   0.00000     27.357932  0.000  0.000  0.000  0.168  0.027  0.000  0.000  0.296  0.000  0.491
   0.03017     27.385760  0.000  0.000  0.000  0.166  0.029  0.000  0.000  0.291  0.000  0.487
   0.06033     27.463701  0.000  0.000  0.000  0.162  0.036  0.000  0.000  0.274  0.000  0.472
   0.09050     27.574742  0.000  0.000  0.000  0.150  0.045  0.000  0.000  0.244  0.000  0.441
   0.12067     27.689031  0.000  0.000  0.000  0.139  0.055  0.000  0.000  0.201  0.000  0.395
   0.15083     27.767062  0.000  0.000  0.000  0.123  0.059  0.000  0.000  0.151  0.000  0.334
   0.18100     27.781530  0.000  0.000  0.000  0.109  0.059  0.000  0.000  0.115  0.000  0.284
   0.21116     27.736650  0.000  0.000  0.000  0.098  0.057  0.000  0.000  0.097  0.000  0.252
   0.24133     27.651807  0.000  0.000  0.000  0.088  0.054  0.000  0.000  0.093  0.000  0.235
   0.27150     27.543809  0.000  0.000  0.000  0.081  0.052  0.000  0.000  0.092  0.000  0.224
   0.30166     27.424177  0.000  0.000  0.000  0.074  0.050  0.000  0.000  0.091  0.000  0.216
   0.33183     27.301011  0.000  0.000  0.000  0.067  0.049  0.000  0.000  0.091  0.000  0.207
   0.36200     27.180573  0.000  0.000  0.000  0.064  0.046  0.000  0.000  0.089  0.000  0.199
   0.39216     27.068346  0.000  0.000  0.000  0.059  0.043  0.000  0.000  0.086  0.000  0.187
   0.42233     26.969804  0.000  0.000  0.000  0.055  0.038  0.000  0.000  0.080  0.000  0.172
   0.45249     26.915038  0.054  0.076  0.096  0.000  0.000  0.092  0.104  0.000  0.124  0.546
   0.48266     27.056390  0.056  0.079  0.105  0.000  0.000  0.112  0.108  0.000  0.120  0.580
   0.51283     27.161874  0.056  0.083  0.108  0.000  0.000  0.136  0.112  0.000  0.109  0.604
   0.54299     27.244951  0.055  0.089  0.108  0.000  0.000  0.154  0.111  0.000  0.099  0.618
   0.57316     27.307636  0.052  0.095  0.111  0.000  0.000  0.162  0.104  0.000  0.095  0.619
   0.60333     27.341250  0.046  0.100  0.115  0.000  0.000  0.159  0.093  0.000  0.098  0.611
   0.63349     27.334391  0.041  0.105  0.121  0.000  0.000  0.148  0.080  0.000  0.104  0.598
   0.66366     27.516539  0.000  0.000  0.000  0.030  0.029  0.000  0.000  0.007  0.000  0.066
   0.69382     27.746476  0.000  0.000  0.000  0.038  0.036  0.000  0.000  0.025  0.000  0.099
   0.72399     27.927831  0.000  0.000  0.000  0.058  0.041  0.000  0.000  0.066  0.000  0.165
   0.75416     28.001814  0.000  0.000  0.000  0.096  0.039  0.000  0.000  0.135  0.000  0.271
   0.78432     27.981345  0.000  0.000  0.000  0.138  0.021  0.000  0.000  0.197  0.000  0.356
   0.81449     28.010685  0.000  0.000  0.000  0.155  0.000  0.000  0.000  0.218  0.000  0.373
   0.84466     28.209894  0.000  0.000  0.000  0.137  0.011  0.000  0.000  0.209  0.000  0.357
   0.87482     28.531822  0.000  0.000  0.000  0.118  0.030  0.000  0.000  0.200  0.000  0.348
   0.90499     28.908232  0.000  0.000  0.000  0.103  0.045  0.000  0.000  0.196  0.000  0.345
   0.93515     28.792937  0.006  0.082  0.146  0.000  0.000  0.126  0.217  0.000  0.021  0.599
   0.96532     28.671999  0.018  0.076  0.125  0.000  0.000  0.085  0.309  0.000  0.014  0.629
   0.99549     28.584832  0.035  0.066  0.099  0.000  0.000  0.048  0.402  0.000  0.008  0.655
   1.02565     28.529703  0.057  0.050  0.069  0.000  0.000  0.023  0.481  0.000  0.004  0.680
   1.05582     28.498490  0.076  0.033  0.043  0.000  0.000  0.009  0.539  0.000  0.001  0.702
   1.08599     28.482238  0.093  0.018  0.022  0.000  0.000  0.003  0.577  0.000  0.000  0.715
   1.11615     28.474325  0.105  0.008  0.010  0.000  0.000  0.000  0.601  0.000  0.000  0.725
   1.14632     28.470842  0.111  0.002  0.002  0.000  0.000  0.000  0.614  0.000  0.000  0.730
   1.17648     28.469868  0.113  0.000  0.000  0.000  0.000  0.000  0.618  0.000  0.000  0.732
   1.17648     28.469868  0.113  0.000  0.000  0.000  0.000  0.000  0.618  0.000  0.000  0.732
   1.20665     28.470780  0.111  0.002  0.002  0.000  0.000  0.000  0.614  0.000  0.000  0.730
   1.23682     28.473322  0.105  0.010  0.010  0.000  0.000  0.001  0.602  0.000  0.000  0.724
   1.26698     28.477005  0.093  0.020  0.021  0.000  0.000  0.003  0.579  0.000  0.000  0.716
   1.29715     28.481303  0.078  0.032  0.040  0.000  0.000  0.010  0.542  0.000  0.000  0.703
   1.32732     28.486269  0.058  0.051  0.062  0.000  0.000  0.026  0.487  0.000  0.001  0.687
   1.35748     28.493473  0.037  0.070  0.089  0.000  0.000  0.056  0.412  0.000  0.002  0.667
   1.38765     28.506955  0.019  0.087  0.117  0.000  0.000  0.104  0.319  0.000  0.004  0.651
   1.41781     28.532719  0.008  0.097  0.141  0.000  0.000  0.173  0.214  0.000  0.006  0.640
   1.44798     28.575286  0.008  0.099  0.152  0.000  0.000  0.250  0.118  0.000  0.008  0.635
   1.47815     28.632788  0.017  0.094  0.145  0.000  0.000  0.326  0.048  0.000  0.010  0.639
   1.50831     28.613951  0.000  0.000  0.000  0.112  0.028  0.000  0.000  0.124  0.000  0.264
   1.53848     28.470673  0.000  0.000  0.000  0.101  0.035  0.000  0.000  0.100  0.000  0.236
   1.56865     28.351217  0.000  0.000  0.000  0.079  0.044  0.000  0.000  0.073  0.000  0.194
   1.59881     28.193671  0.000  0.000  0.000  0.057  0.049  0.000  0.000  0.047  0.000  0.152
   1.62898     27.980156  0.000  0.000  0.000  0.041  0.049  0.000  0.000  0.028  0.000  0.118
   1.65914     27.726684  0.000  0.000  0.000  0.032  0.047  0.000  0.000  0.016  0.000  0.096
   1.68931     27.745350  0.044  0.114  0.089  0.000  0.000  0.033  0.056  0.000  0.129  0.465
   1.71948     27.821340  0.056  0.107  0.086  0.000  0.000  0.060  0.084  0.000  0.115  0.508
   1.74964     27.830301  0.072  0.093  0.086  0.000  0.000  0.102  0.118  0.000  0.097  0.567
   1.77981     27.798993  0.080  0.078  0.091  0.000  0.000  0.123  0.144  0.000  0.084  0.604
   1.80998     27.769316  0.085  0.066  0.103  0.000  0.000  0.113  0.157  0.000  0.083  0.608
   1.84014     27.756011  0.086  0.059  0.110  0.000  0.000  0.078  0.155  0.000  0.092  0.579
   1.87031     27.714737  0.077  0.062  0.088  0.000  0.000  0.031  0.127  0.000  0.092  0.478
   1.90047     27.554017  0.061  0.072  0.065  0.000  0.000  0.025  0.120  0.000  0.060  0.403
   1.93064     27.315798  0.059  0.067  0.072  0.000  0.000  0.030  0.145  0.000  0.037  0.409
   1.96081     27.073972  0.063  0.055  0.088  0.000  0.000  0.039  0.180  0.000  0.021  0.446
   1.99097     26.887326  0.066  0.040  0.105  0.000  0.000  0.066  0.210  0.000  0.013  0.500
   2.02114     26.796051  0.067  0.026  0.117  0.000  0.000  0.110  0.214  0.000  0.014  0.549
   2.05131     26.795881  0.065  0.014  0.126  0.000  0.000  0.144  0.197  0.000  0.021  0.566
   2.08147     26.858707  0.062  0.006  0.129  0.000  0.000  0.160  0.174  0.000  0.025  0.557
   2.11164     26.957431  0.057  0.001  0.133  0.000  0.000  0.155  0.150  0.000  0.028  0.528
   2.14180     27.063889  0.054  0.000  0.134  0.000  0.000  0.132  0.129  0.000  0.029  0.478
   2.17197     27.138043  0.050  0.002  0.129  0.000  0.000  0.092  0.111  0.000  0.029  0.413
   2.20214     27.127279  0.044  0.012  0.112  0.000  0.000  0.048  0.103  0.000  0.031  0.352
   2.23230     27.091922  0.000  0.000  0.000  0.156  0.032  0.000  0.000  0.268  0.000  0.456
   2.26247     27.184355  0.000  0.000  0.000  0.159  0.030  0.000  0.000  0.277  0.000  0.467
   2.29264     27.269141  0.000  0.000  0.000  0.164  0.029  0.000  0.000  0.286  0.000  0.478
   2.32280     27.333211  0.000  0.000  0.000  0.167  0.027  0.000  0.000  0.294  0.000  0.488
   2.35297     27.357932  0.000  0.000  0.000  0.168  0.027  0.000  0.000  0.296  0.000  0.491
 
# Band-Index:   46
   2.35297     28.051201  0.037  0.022  0.040  0.000  0.000  0.379  0.063  0.000  0.014  0.555
   2.32280     27.992886  0.034  0.026  0.042  0.000  0.000  0.370  0.069  0.000  0.017  0.557
   2.29264     27.867205  0.028  0.030  0.046  0.000  0.000  0.359  0.093  0.000  0.028  0.585
   2.26247     27.769633  0.020  0.038  0.055  0.000  0.000  0.345  0.144  0.000  0.051  0.652
   2.23230     27.793921  0.017  0.044  0.073  0.000  0.000  0.303  0.208  0.000  0.078  0.725
   2.20214     27.915542  0.020  0.046  0.096  0.000  0.000  0.259  0.239  0.000  0.091  0.751
   2.17197     28.058529  0.028  0.044  0.109  0.000  0.000  0.216  0.244  0.000  0.092  0.731
   2.14180     28.195852  0.033  0.039  0.123  0.000  0.000  0.177  0.245  0.000  0.087  0.704
   2.11164     28.304313  0.038  0.031  0.141  0.000  0.000  0.145  0.248  0.000  0.083  0.685
   2.08147     28.365383  0.042  0.023  0.160  0.000  0.000  0.119  0.252  0.000  0.080  0.674
   2.05131     28.373874  0.045  0.017  0.176  0.000  0.000  0.098  0.253  0.000  0.078  0.666
   2.02114     28.336841  0.050  0.018  0.185  0.000  0.000  0.084  0.250  0.000  0.075  0.661
   1.99097     28.267315  0.051  0.023  0.190  0.000  0.000  0.079  0.244  0.000  0.071  0.658
   1.96081     28.179421  0.055  0.032  0.185  0.000  0.000  0.082  0.237  0.000  0.065  0.655
   1.93064     28.088129  0.054  0.045  0.175  0.000  0.000  0.094  0.228  0.000  0.054  0.650
   1.90047     28.015123  0.051  0.062  0.153  0.000  0.000  0.120  0.212  0.000  0.034  0.632
   1.87031     28.008789  0.038  0.091  0.097  0.000  0.000  0.146  0.168  0.000  0.005  0.544
   1.84014     28.097699  0.031  0.109  0.044  0.000  0.000  0.138  0.105  0.000  0.008  0.435
   1.80998     28.187898  0.036  0.110  0.025  0.000  0.000  0.142  0.074  0.000  0.021  0.407
   1.77981     28.239983  0.040  0.101  0.017  0.000  0.000  0.171  0.062  0.000  0.027  0.419
   1.74964     28.273290  0.048  0.086  0.014  0.000  0.000  0.228  0.069  0.000  0.024  0.469
   1.71948     28.328591  0.062  0.071  0.010  0.000  0.000  0.300  0.088  0.000  0.014  0.544
   1.68931     28.425719  0.073  0.062  0.006  0.000  0.000  0.352  0.100  0.000  0.009  0.603
   1.65914     28.544921  0.078  0.061  0.007  0.000  0.000  0.389  0.096  0.000  0.005  0.638
   1.62898     28.656305  0.083  0.065  0.012  0.000  0.000  0.418  0.078  0.000  0.002  0.657
   1.59881     28.734239  0.081  0.067  0.029  0.000  0.000  0.440  0.050  0.000  0.001  0.667
   1.56865     28.763386  0.071  0.072  0.055  0.000  0.000  0.444  0.021  0.000  0.002  0.667
   1.53848     28.745156  0.055  0.079  0.090  0.000  0.000  0.427  0.004  0.000  0.006  0.658
   1.50831     28.695096  0.034  0.085  0.122  0.000  0.000  0.386  0.011  0.000  0.009  0.647
   1.47815     28.834338  0.000  0.000  0.000  0.108  0.032  0.000  0.000  0.142  0.000  0.283
   1.44798     29.130746  0.000  0.000  0.000  0.100  0.043  0.000  0.000  0.154  0.000  0.297
   1.41781     29.476305  0.000  0.000  0.000  0.091  0.053  0.000  0.000  0.165  0.000  0.309
   1.38765     29.847657  0.000  0.000  0.000  0.082  0.062  0.000  0.000  0.175  0.000  0.319
   1.35748     30.228867  0.000  0.000  0.000  0.075  0.068  0.000  0.000  0.187  0.000  0.329
   1.32732     30.607605  0.000  0.000  0.000  0.068  0.074  0.000  0.000  0.200  0.000  0.342
   1.29715     30.971544  0.000  0.000  0.000  0.060  0.079  0.000  0.000  0.216  0.000  0.356
   1.26698     31.305003  0.000  0.000  0.000  0.050  0.085  0.000  0.000  0.234  0.000  0.370
   1.23682     31.585172  0.000  0.000  0.000  0.040  0.091  0.000  0.000  0.256  0.000  0.386
   1.20665     31.779207  0.000  0.000  0.000  0.030  0.096  0.000  0.000  0.275  0.000  0.402
   1.17648     31.849140  0.000  0.016  0.000  0.008  0.035  0.183  0.000  0.099  0.064  0.408
   1.17648     31.849140  0.000  0.016  0.000  0.008  0.035  0.183  0.000  0.099  0.064  0.408
   1.14632     31.773007  0.000  0.000  0.000  0.031  0.096  0.000  0.000  0.276  0.000  0.403
   1.11615     31.563915  0.000  0.000  0.000  0.041  0.091  0.000  0.000  0.259  0.000  0.391
   1.08599     31.265297  0.000  0.000  0.000  0.053  0.085  0.000  0.000  0.241  0.000  0.379
   1.05582     30.912437  0.000  0.000  0.000  0.064  0.079  0.000  0.000  0.227  0.000  0.369
   1.02565     30.528063  0.000  0.000  0.000  0.072  0.074  0.000  0.000  0.214  0.000  0.361
   0.99549     30.126393  0.000  0.000  0.000  0.078  0.069  0.000  0.000  0.206  0.000  0.353
   0.96532     29.717100  0.000  0.000  0.000  0.087  0.063  0.000  0.000  0.200  0.000  0.349
   0.93515     29.308135  0.000  0.000  0.000  0.093  0.056  0.000  0.000  0.197  0.000  0.345
   0.90499     28.940338  0.004  0.079  0.152  0.000  0.000  0.163  0.141  0.000  0.030  0.568
   0.87482     29.100599  0.009  0.075  0.145  0.000  0.000  0.191  0.084  0.000  0.036  0.541
   0.84466     29.259076  0.019  0.066  0.134  0.000  0.000  0.206  0.046  0.000  0.041  0.511
   0.81449     29.401458  0.029  0.056  0.117  0.000  0.000  0.209  0.024  0.000  0.043  0.477
   0.78432     29.512253  0.030  0.048  0.103  0.000  0.000  0.204  0.018  0.000  0.042  0.443
   0.75416     29.535653  0.012  0.052  0.063  0.000  0.000  0.210  0.069  0.000  0.032  0.438
   0.72399     29.383277  0.027  0.061  0.022  0.000  0.000  0.207  0.102  0.000  0.024  0.444
   0.69382     29.202291  0.034  0.063  0.014  0.000  0.000  0.196  0.101  0.000  0.021  0.430
   0.66366     29.033571  0.035  0.068  0.012  0.000  0.000  0.179  0.095  0.000  0.021  0.410
   0.63349     28.888768  0.036  0.077  0.010  0.000  0.000  0.159  0.088  0.000  0.021  0.388
   0.60333     28.771241  0.033  0.085  0.011  0.000  0.000  0.137  0.082  0.000  0.020  0.369
   0.57316     28.675261  0.031  0.097  0.016  0.000  0.000  0.118  0.080  0.000  0.017  0.358
   0.54299     28.589388  0.029  0.106  0.023  0.000  0.000  0.103  0.086  0.000  0.012  0.358
   0.51283     28.505565  0.028  0.110  0.040  0.000  0.000  0.093  0.102  0.000  0.005  0.375
   0.48266     28.428025  0.028  0.106  0.063  0.000  0.000  0.085  0.128  0.000  0.001  0.412
   0.45249     28.373355  0.028  0.097  0.094  0.000  0.000  0.078  0.160  0.000  0.003  0.460
   0.42233     28.357654  0.031  0.085  0.125  0.000  0.000  0.072  0.192  0.000  0.012  0.514
   0.39216     28.382692  0.032  0.068  0.148  0.000  0.000  0.067  0.220  0.000  0.025  0.562
   0.36200     28.436317  0.034  0.054  0.163  0.000  0.000  0.066  0.245  0.000  0.038  0.598
   0.33183     28.500613  0.036  0.039  0.168  0.000  0.000  0.071  0.267  0.000  0.048  0.626
   0.30166     28.555265  0.036  0.029  0.162  0.000  0.000  0.082  0.289  0.000  0.055  0.650
   0.27150     28.575518  0.035  0.024  0.144  0.000  0.000  0.102  0.304  0.000  0.058  0.668
   0.24133     28.532068  0.034  0.028  0.113  0.000  0.000  0.129  0.304  0.000  0.059  0.667
   0.21116     28.407629  0.032  0.043  0.077  0.000  0.000  0.158  0.279  0.000  0.055  0.643
   0.18100     28.221737  0.030  0.055  0.050  0.000  0.000  0.188  0.237  0.000  0.049  0.607
   0.15083     28.025831  0.029  0.060  0.036  0.000  0.000  0.231  0.187  0.000  0.042  0.586
   0.12067     27.889170  0.032  0.053  0.034  0.000  0.000  0.294  0.135  0.000  0.034  0.582
   0.09050     27.874134  0.036  0.039  0.043  0.000  0.000  0.350  0.095  0.000  0.025  0.588
   0.06033     27.949352  0.039  0.028  0.046  0.000  0.000  0.373  0.075  0.000  0.019  0.579
   0.03017     28.023615  0.037  0.023  0.043  0.000  0.000  0.379  0.066  0.000  0.016  0.564
   0.00000     28.051201  0.037  0.022  0.040  0.000  0.000  0.379  0.063  0.000  0.014  0.555
 
# Band-Index:   47
   0.00000     28.570863  0.000  0.000  0.000  0.124  0.013  0.000  0.000  0.131  0.000  0.269
   0.03017     28.570658  0.000  0.000  0.000  0.124  0.012  0.000  0.000  0.135  0.000  0.272
   0.06033     28.572051  0.000  0.000  0.000  0.124  0.009  0.000  0.000  0.149  0.000  0.282
   0.09050     28.582852  0.000  0.000  0.000  0.125  0.006  0.000  0.000  0.174  0.000  0.304
   0.12067     28.621228  0.000  0.000  0.000  0.124  0.003  0.000  0.000  0.212  0.000  0.339
   0.15083     28.715883  0.000  0.000  0.000  0.126  0.004  0.000  0.000  0.257  0.000  0.388
   0.18100     28.886256  0.000  0.000  0.000  0.128  0.012  0.000  0.000  0.290  0.000  0.429
   0.21116     29.123704  0.000  0.000  0.000  0.127  0.020  0.000  0.000  0.302  0.000  0.449
   0.24133     29.407142  0.000  0.000  0.000  0.124  0.027  0.000  0.000  0.303  0.000  0.455
   0.27150     29.628180  0.007  0.161  0.038  0.000  0.000  0.025  0.023  0.000  0.013  0.266
   0.30166     29.772167  0.006  0.168  0.025  0.000  0.000  0.043  0.028  0.000  0.013  0.283
   0.33183     29.888501  0.006  0.167  0.017  0.000  0.000  0.055  0.035  0.000  0.017  0.298
   0.36200     29.961479  0.010  0.157  0.014  0.000  0.000  0.060  0.043  0.000  0.023  0.307
   0.39216     29.994408  0.015  0.140  0.014  0.000  0.000  0.061  0.050  0.000  0.029  0.309
   0.42233     30.001676  0.020  0.120  0.016  0.000  0.000  0.061  0.058  0.000  0.035  0.311
   0.45249     29.996745  0.026  0.097  0.020  0.000  0.000  0.067  0.068  0.000  0.041  0.319
   0.48266     29.982315  0.033  0.077  0.023  0.000  0.000  0.080  0.075  0.000  0.048  0.336
   0.51283     29.950641  0.044  0.060  0.027  0.000  0.000  0.097  0.075  0.000  0.054  0.360
   0.54299     29.901785  0.057  0.050  0.033  0.000  0.000  0.109  0.069  0.000  0.055  0.371
   0.57316     29.848648  0.064  0.043  0.036  0.000  0.000  0.114  0.061  0.000  0.052  0.370
   0.60333     29.802418  0.070  0.038  0.039  0.000  0.000  0.116  0.053  0.000  0.047  0.364
   0.63349     29.767193  0.074  0.035  0.043  0.000  0.000  0.120  0.046  0.000  0.041  0.357
   0.66366     29.741166  0.076  0.034  0.046  0.000  0.000  0.126  0.037  0.000  0.036  0.356
   0.69382     29.718026  0.079  0.034  0.050  0.000  0.000  0.139  0.029  0.000  0.034  0.364
   0.72399     29.650118  0.000  0.000  0.000  0.149  0.101  0.001  0.000  0.245  0.000  0.497
   0.75416     29.600214  0.000  0.000  0.000  0.123  0.077  0.000  0.000  0.185  0.000  0.386
   0.78432     29.734945  0.000  0.000  0.000  0.089  0.060  0.000  0.000  0.123  0.000  0.272
   0.81449     29.971930  0.053  0.056  0.008  0.000  0.000  0.207  0.110  0.000  0.032  0.465
   0.84466     30.138074  0.050  0.056  0.010  0.000  0.000  0.205  0.105  0.000  0.036  0.462
   0.87482     30.298094  0.046  0.058  0.011  0.000  0.000  0.201  0.095  0.000  0.040  0.451
   0.90499     30.457093  0.041  0.062  0.011  0.000  0.000  0.200  0.081  0.000  0.046  0.438
   0.93515     30.620863  0.037  0.064  0.008  0.000  0.000  0.202  0.064  0.000  0.050  0.425
   0.96532     30.793644  0.028  0.068  0.006  0.000  0.000  0.206  0.046  0.000  0.056  0.411
   0.99549     30.976796  0.022  0.070  0.005  0.000  0.000  0.213  0.030  0.000  0.062  0.401
   1.02565     31.167998  0.014  0.069  0.004  0.000  0.000  0.221  0.018  0.000  0.069  0.394
   1.05582     31.360772  0.008  0.062  0.003  0.000  0.000  0.233  0.008  0.000  0.075  0.391
   1.08599     31.543947  0.003  0.054  0.002  0.000  0.000  0.247  0.004  0.000  0.083  0.393
   1.11615     31.700924  0.002  0.042  0.001  0.000  0.000  0.264  0.001  0.000  0.090  0.399
   1.14632     31.810014  0.000  0.031  0.000  0.000  0.000  0.277  0.000  0.000  0.097  0.405
   1.17648     31.850435  0.000  0.008  0.000  0.016  0.064  0.099  0.000  0.183  0.035  0.408
   1.17648     31.850435  0.000  0.008  0.000  0.016  0.064  0.099  0.000  0.183  0.035  0.408
   1.20665     31.803715  0.000  0.031  0.000  0.000  0.000  0.277  0.000  0.000  0.096  0.405
   1.23682     31.678608  0.002  0.043  0.001  0.000  0.000  0.267  0.001  0.000  0.089  0.404
   1.26698     31.501349  0.004  0.057  0.002  0.000  0.000  0.254  0.004  0.000  0.082  0.403
   1.29715     31.297869  0.008  0.066  0.003  0.000  0.000  0.243  0.011  0.000  0.076  0.407
   1.32732     31.087740  0.014  0.072  0.005  0.000  0.000  0.236  0.021  0.000  0.070  0.417
   1.35748     30.884780  0.020  0.070  0.008  0.000  0.000  0.228  0.038  0.000  0.066  0.430
   1.38765     30.698088  0.025  0.066  0.014  0.000  0.000  0.220  0.059  0.000  0.064  0.447
   1.41781     30.532256  0.028  0.061  0.022  0.000  0.000  0.210  0.082  0.000  0.062  0.464
   1.44798     30.387548  0.029  0.055  0.032  0.000  0.000  0.198  0.103  0.000  0.064  0.479
   1.47815     30.261195  0.025  0.050  0.045  0.000  0.000  0.184  0.116  0.000  0.066  0.488
   1.50831     30.150227  0.021  0.047  0.062  0.000  0.000  0.172  0.116  0.000  0.070  0.489
   1.53848     30.054862  0.015  0.046  0.080  0.000  0.000  0.161  0.102  0.000  0.076  0.478
   1.56865     29.979880  0.013  0.045  0.094  0.000  0.000  0.153  0.074  0.000  0.079  0.459
   1.59881     29.930640  0.016  0.046  0.102  0.000  0.000  0.149  0.043  0.000  0.078  0.434
   1.62898     29.905919  0.022  0.048  0.101  0.000  0.000  0.145  0.021  0.000  0.072  0.410
   1.65914     29.898567  0.032  0.049  0.094  0.000  0.000  0.140  0.012  0.000  0.066  0.393
   1.68931     29.903437  0.039  0.052  0.085  0.000  0.000  0.134  0.011  0.000  0.063  0.384
   1.71948     29.919917  0.043  0.056  0.080  0.000  0.000  0.130  0.015  0.000  0.063  0.387
   1.74964     29.948874  0.043  0.061  0.073  0.000  0.000  0.129  0.020  0.000  0.066  0.391
   1.77981     29.989049  0.041  0.067  0.066  0.000  0.000  0.130  0.026  0.000  0.066  0.397
   1.80998     30.032174  0.032  0.079  0.055  0.000  0.000  0.128  0.035  0.000  0.058  0.388
   1.84014     30.046899  0.015  0.099  0.038  0.000  0.000  0.101  0.047  0.000  0.031  0.334
   1.87031     30.007182  0.015  0.116  0.031  0.000  0.000  0.064  0.040  0.000  0.021  0.285
   1.90047     29.968277  0.015  0.135  0.026  0.000  0.000  0.055  0.026  0.000  0.020  0.275
   1.93064     29.948924  0.011  0.158  0.020  0.000  0.000  0.059  0.015  0.000  0.018  0.281
   1.96081     29.935469  0.006  0.177  0.019  0.000  0.000  0.066  0.007  0.000  0.014  0.291
   1.99097     29.912322  0.002  0.187  0.021  0.000  0.000  0.071  0.004  0.000  0.012  0.301
   2.02114     29.871087  0.004  0.190  0.028  0.000  0.000  0.069  0.002  0.000  0.011  0.302
   2.05131     29.810514  0.005  0.184  0.036  0.000  0.000  0.055  0.004  0.000  0.009  0.294
   2.08147     29.727954  0.006  0.173  0.043  0.000  0.000  0.032  0.011  0.000  0.009  0.274
   2.11164     29.604635  0.007  0.157  0.040  0.000  0.000  0.013  0.024  0.000  0.009  0.247
   2.14180     29.414864  0.006  0.138  0.026  0.000  0.000  0.010  0.041  0.000  0.007  0.229
   2.17197     29.183310  0.006  0.122  0.016  0.000  0.000  0.023  0.049  0.000  0.003  0.220
   2.20214     28.989406  0.010  0.109  0.018  0.000  0.000  0.042  0.044  0.000  0.001  0.223
   2.23230     28.901222  0.012  0.090  0.031  0.000  0.000  0.061  0.038  0.000  0.002  0.235
   2.26247     28.901283  0.011  0.072  0.046  0.000  0.000  0.068  0.032  0.000  0.004  0.232
   2.29264     28.751459  0.000  0.000  0.000  0.126  0.012  0.000  0.000  0.134  0.000  0.273
   2.32280     28.618978  0.000  0.000  0.000  0.125  0.013  0.000  0.000  0.133  0.000  0.270
   2.35297     28.570863  0.000  0.000  0.000  0.124  0.013  0.000  0.000  0.131  0.000  0.269
 
# Band-Index:   48
   2.35297     28.831466  0.003  0.058  0.047  0.000  0.000  0.053  0.024  0.000  0.001  0.186
   2.32280     28.862989  0.003  0.056  0.048  0.000  0.000  0.059  0.025  0.000  0.002  0.194
   2.29264     28.904153  0.006  0.062  0.047  0.000  0.000  0.065  0.028  0.000  0.004  0.213
   2.26247     28.944882  0.000  0.000  0.000  0.126  0.012  0.000  0.000  0.133  0.000  0.271
   2.23230     29.178636  0.000  0.000  0.000  0.124  0.011  0.000  0.000  0.129  0.000  0.264
   2.20214     29.438975  0.000  0.000  0.000  0.123  0.011  0.000  0.000  0.124  0.000  0.257
   2.17197     29.716115  0.000  0.000  0.000  0.122  0.011  0.000  0.000  0.115  0.000  0.248
   2.14180     30.002701  0.000  0.000  0.000  0.121  0.013  0.000  0.000  0.104  0.000  0.238
   2.11164     30.292039  0.000  0.000  0.000  0.120  0.020  0.000  0.000  0.088  0.000  0.227
   2.08147     30.575222  0.000  0.000  0.000  0.122  0.045  0.000  0.000  0.062  0.000  0.230
   2.05131     30.829378  0.000  0.000  0.000  0.121  0.157  0.000  0.000  0.019  0.000  0.298
   2.02114     30.898628  0.065  0.085  0.036  0.000  0.000  0.069  0.013  0.000  0.104  0.374
   1.99097     30.767110  0.084  0.069  0.047  0.000  0.000  0.068  0.013  0.000  0.135  0.414
   1.96081     30.626223  0.093  0.054  0.059  0.000  0.000  0.078  0.013  0.000  0.146  0.441
   1.93064     30.497754  0.095  0.042  0.071  0.000  0.000  0.088  0.013  0.000  0.148  0.459
   1.90047     30.388517  0.097  0.033  0.081  0.000  0.000  0.092  0.013  0.000  0.148  0.465
   1.87031     30.306459  0.100  0.023  0.093  0.000  0.000  0.082  0.011  0.000  0.146  0.457
   1.84014     30.287074  0.097  0.013  0.102  0.000  0.000  0.044  0.021  0.000  0.132  0.411
   1.80998     30.387817  0.077  0.013  0.098  0.000  0.000  0.016  0.052  0.000  0.102  0.356
   1.77981     30.561430  0.063  0.011  0.089  0.000  0.000  0.014  0.080  0.000  0.092  0.350
   1.74964     30.728511  0.054  0.014  0.078  0.000  0.000  0.023  0.105  0.000  0.095  0.366
   1.71948     30.818710  0.045  0.016  0.062  0.000  0.000  0.041  0.121  0.000  0.099  0.384
   1.68931     30.816916  0.036  0.020  0.052  0.000  0.000  0.053  0.126  0.000  0.094  0.378
   1.65914     30.775101  0.030  0.021  0.047  0.000  0.000  0.050  0.125  0.000  0.081  0.355
   1.62898     30.628315  0.000  0.000  0.000  0.150  0.071  0.000  0.000  0.093  0.000  0.313
   1.59881     30.491893  0.000  0.000  0.000  0.139  0.051  0.000  0.000  0.090  0.000  0.280
   1.56865     30.458168  0.000  0.000  0.000  0.119  0.033  0.000  0.000  0.078  0.000  0.230
   1.53848     30.545755  0.000  0.000  0.000  0.097  0.020  0.000  0.000  0.062  0.000  0.179
   1.50831     30.739491  0.000  0.000  0.000  0.076  0.013  0.000  0.000  0.048  0.000  0.138
   1.47815     31.005825  0.000  0.000  0.000  0.061  0.010  0.000  0.000  0.038  0.000  0.108
   1.44798     31.314403  0.000  0.000  0.000  0.049  0.007  0.000  0.000  0.030  0.000  0.088
   1.41781     31.589313  0.032  0.017  0.044  0.000  0.000  0.025  0.094  0.000  0.006  0.218
   1.38765     31.770100  0.035  0.013  0.047  0.000  0.000  0.023  0.086  0.000  0.004  0.205
   1.35748     31.950142  0.034  0.010  0.049  0.000  0.000  0.018  0.078  0.000  0.003  0.191
   1.32732     32.127708  0.037  0.007  0.050  0.000  0.000  0.014  0.066  0.000  0.002  0.174
   1.29715     32.298539  0.036  0.005  0.053  0.000  0.000  0.011  0.053  0.000  0.001  0.159
   1.26698     32.454654  0.037  0.002  0.055  0.000  0.000  0.008  0.037  0.000  0.001  0.139
   1.23682     32.583844  0.037  0.000  0.059  0.000  0.000  0.004  0.020  0.000  0.001  0.122
   1.20665     32.670712  0.037  0.000  0.061  0.000  0.000  0.002  0.006  0.000  0.000  0.105
   1.17648     32.701510  0.036  0.000  0.061  0.000  0.000  0.000  0.000  0.000  0.000  0.097
   1.17648     32.701510  0.036  0.000  0.061  0.000  0.000  0.000  0.000  0.000  0.000  0.097
   1.14632     32.670776  0.037  0.000  0.061  0.000  0.000  0.002  0.006  0.000  0.000  0.105
   1.11615     32.584722  0.038  0.000  0.059  0.000  0.000  0.005  0.020  0.000  0.001  0.121
   1.08599     32.457896  0.037  0.002  0.055  0.000  0.000  0.009  0.037  0.000  0.001  0.140
   1.05582     32.305962  0.036  0.005  0.053  0.000  0.000  0.013  0.053  0.000  0.001  0.160
   1.02565     32.141283  0.034  0.007  0.049  0.000  0.000  0.019  0.066  0.000  0.001  0.175
   0.99549     31.972168  0.034  0.010  0.048  0.000  0.000  0.024  0.077  0.000  0.001  0.194
   0.96532     31.803338  0.032  0.015  0.044  0.000  0.000  0.030  0.087  0.000  0.002  0.210
   0.93515     31.454837  0.000  0.000  0.000  0.035  0.030  0.000  0.000  0.033  0.000  0.098
   0.90499     31.072551  0.000  0.000  0.000  0.041  0.034  0.000  0.000  0.040  0.000  0.115
   0.87482     30.693867  0.000  0.000  0.000  0.047  0.039  0.000  0.000  0.048  0.000  0.134
   0.84466     30.329804  0.000  0.000  0.000  0.055  0.043  0.000  0.000  0.061  0.000  0.159
   0.81449     29.998589  0.000  0.000  0.000  0.068  0.050  0.000  0.000  0.083  0.000  0.201
   0.78432     29.800718  0.063  0.056  0.005  0.000  0.000  0.206  0.106  0.000  0.028  0.464
   0.75416     29.674853  0.091  0.047  0.026  0.000  0.000  0.179  0.053  0.000  0.031  0.431
   0.72399     29.690252  0.081  0.037  0.054  0.000  0.000  0.154  0.023  0.001  0.034  0.385
   0.69382     29.862515  0.000  0.000  0.000  0.162  0.122  0.000  0.000  0.278  0.000  0.562
   0.66366     30.170176  0.000  0.000  0.000  0.164  0.140  0.000  0.000  0.287  0.000  0.590
   0.63349     30.526810  0.000  0.000  0.000  0.163  0.153  0.000  0.000  0.284  0.000  0.599
   0.60333     30.799798  0.058  0.008  0.092  0.000  0.000  0.027  0.082  0.000  0.117  0.386
   0.57316     30.675042  0.065  0.009  0.100  0.000  0.000  0.027  0.065  0.000  0.113  0.376
   0.54299     30.559732  0.074  0.010  0.099  0.000  0.000  0.033  0.047  0.000  0.111  0.377
   0.51283     30.489309  0.085  0.018  0.096  0.000  0.000  0.045  0.028  0.000  0.115  0.387
   0.48266     30.489122  0.094  0.027  0.086  0.000  0.000  0.063  0.017  0.000  0.121  0.407
   0.45249     30.557607  0.095  0.035  0.074  0.000  0.000  0.076  0.014  0.000  0.128  0.421
   0.42233     30.672835  0.091  0.048  0.063  0.000  0.000  0.078  0.014  0.000  0.131  0.424
   0.39216     30.813724  0.083  0.061  0.051  0.000  0.000  0.073  0.014  0.000  0.131  0.415
   0.36200     30.745104  0.000  0.000  0.000  0.111  0.042  0.000  0.000  0.265  0.000  0.418
   0.33183     30.394650  0.000  0.000  0.000  0.115  0.040  0.000  0.000  0.279  0.000  0.433
   0.30166     30.051289  0.000  0.000  0.000  0.117  0.036  0.000  0.000  0.290  0.000  0.443
   0.27150     29.719865  0.000  0.000  0.000  0.121  0.032  0.000  0.000  0.298  0.000  0.451
   0.24133     29.485705  0.006  0.143  0.058  0.000  0.000  0.007  0.033  0.000  0.014  0.261
   0.21116     29.361441  0.009  0.116  0.072  0.000  0.000  0.000  0.067  0.000  0.017  0.279
   0.18100     29.235553  0.008  0.096  0.066  0.000  0.000  0.012  0.105  0.000  0.016  0.303
   0.15083     29.083854  0.006  0.084  0.044  0.000  0.000  0.032  0.122  0.000  0.013  0.304
   0.12067     28.929149  0.004  0.079  0.027  0.000  0.000  0.050  0.110  0.000  0.008  0.279
   0.09050     28.823166  0.002  0.072  0.025  0.000  0.000  0.056  0.079  0.000  0.003  0.240
   0.06033     28.791675  0.003  0.067  0.033  0.000  0.000  0.055  0.049  0.000  0.000  0.205
   0.03017     28.812986  0.002  0.059  0.045  0.000  0.000  0.053  0.030  0.000  0.001  0.190
   0.00000     28.831466  0.003  0.058  0.047  0.000  0.000  0.053  0.024  0.000  0.001  0.186
 
# Band-Index:   49
   0.00000     29.755616  0.035  0.058  0.143  0.000  0.000  0.121  0.034  0.000  0.043  0.433
   0.03017     29.790464  0.034  0.058  0.141  0.000  0.000  0.113  0.035  0.000  0.042  0.427
   0.06033     29.871650  0.034  0.061  0.139  0.000  0.000  0.093  0.040  0.000  0.042  0.408
   0.09050     29.964455  0.032  0.067  0.135  0.000  0.000  0.067  0.043  0.000  0.040  0.386
   0.12067     30.060077  0.030  0.076  0.125  0.000  0.000  0.048  0.045  0.000  0.038  0.363
   0.15083     30.179331  0.023  0.086  0.104  0.000  0.000  0.044  0.050  0.000  0.034  0.344
   0.18100     30.355692  0.017  0.095  0.075  0.000  0.000  0.056  0.066  0.000  0.028  0.336
   0.21116     30.595132  0.011  0.098  0.052  0.000  0.000  0.077  0.090  0.000  0.021  0.347
   0.24133     30.854913  0.009  0.094  0.038  0.000  0.000  0.096  0.110  0.000  0.017  0.362
   0.27150     31.067088  0.014  0.094  0.028  0.000  0.000  0.101  0.095  0.000  0.022  0.355
   0.30166     31.154016  0.034  0.099  0.027  0.000  0.000  0.077  0.040  0.000  0.057  0.333
   0.33183     31.093063  0.057  0.089  0.034  0.000  0.000  0.062  0.016  0.000  0.103  0.362
   0.36200     30.962171  0.074  0.075  0.042  0.000  0.000  0.066  0.013  0.000  0.124  0.394
   0.39216     31.098438  0.000  0.000  0.000  0.110  0.044  0.000  0.000  0.245  0.000  0.399
   0.42233     31.449374  0.000  0.000  0.000  0.109  0.047  0.000  0.000  0.213  0.000  0.368
   0.45249     31.786534  0.000  0.000  0.000  0.112  0.050  0.000  0.000  0.152  0.000  0.314
   0.48266     32.057570  0.000  0.000  0.000  0.128  0.062  0.000  0.000  0.026  0.000  0.216
   0.51283     32.011294  0.000  0.000  0.000  0.156  0.136  0.000  0.000  0.094  0.000  0.386
   0.54299     31.681541  0.000  0.000  0.000  0.157  0.168  0.000  0.000  0.211  0.000  0.536
   0.57316     31.297972  0.000  0.000  0.000  0.157  0.170  0.000  0.000  0.254  0.000  0.582
   0.60333     30.907772  0.000  0.000  0.000  0.160  0.163  0.000  0.000  0.273  0.000  0.598
   0.63349     30.899927  0.053  0.012  0.084  0.000  0.000  0.032  0.097  0.000  0.117  0.395
   0.66366     30.952983  0.049  0.017  0.074  0.000  0.000  0.039  0.109  0.000  0.111  0.397
   0.69382     30.960809  0.043  0.023  0.066  0.000  0.000  0.043  0.117  0.000  0.097  0.389
   0.72399     30.948621  0.036  0.029  0.059  0.000  0.000  0.043  0.122  0.000  0.079  0.367
   0.75416     30.948433  0.031  0.033  0.053  0.000  0.000  0.039  0.124  0.000  0.058  0.338
   0.78432     30.983694  0.029  0.035  0.048  0.000  0.000  0.036  0.124  0.000  0.039  0.311
   0.81449     31.062390  0.027  0.034  0.044  0.000  0.000  0.037  0.120  0.000  0.024  0.287
   0.84466     31.178703  0.026  0.032  0.041  0.000  0.000  0.040  0.115  0.000  0.014  0.271
   0.87482     31.320267  0.028  0.029  0.040  0.000  0.000  0.041  0.110  0.000  0.007  0.256
   0.90499     31.475519  0.029  0.025  0.041  0.000  0.000  0.041  0.104  0.000  0.004  0.241
   0.93515     31.637536  0.032  0.020  0.042  0.000  0.000  0.037  0.096  0.000  0.003  0.228
   0.96532     31.832614  0.000  0.000  0.000  0.030  0.026  0.000  0.000  0.026  0.000  0.084
   0.99549     32.197437  0.000  0.000  0.000  0.027  0.022  0.000  0.000  0.020  0.000  0.070
   1.02565     32.540717  0.000  0.000  0.000  0.023  0.018  0.000  0.000  0.015  0.000  0.056
   1.05582     32.850767  0.000  0.000  0.000  0.021  0.014  0.000  0.000  0.009  0.000  0.043
   1.08599     33.112173  0.000  0.000  0.000  0.021  0.010  0.000  0.000  0.004  0.000  0.035
   1.11615     33.305876  0.000  0.000  0.000  0.026  0.005  0.000  0.000  0.001  0.000  0.032
   1.14632     33.416666  0.000  0.000  0.000  0.040  0.002  0.000  0.000  0.000  0.000  0.042
   1.17648     33.449215  0.000  0.018  0.000  0.032  0.000  0.000  0.000  0.000  0.000  0.050
   1.17648     33.449215  0.000  0.018  0.000  0.032  0.000  0.000  0.000  0.000  0.000  0.050
   1.20665     33.419301  0.000  0.000  0.000  0.040  0.001  0.000  0.000  0.000  0.000  0.041
   1.23682     33.318783  0.000  0.000  0.000  0.028  0.003  0.000  0.000  0.000  0.000  0.031
   1.26698     33.143159  0.000  0.000  0.000  0.022  0.003  0.000  0.000  0.002  0.000  0.027
   1.29715     32.905034  0.000  0.000  0.000  0.021  0.004  0.000  0.000  0.005  0.000  0.031
   1.32732     32.621950  0.000  0.000  0.000  0.025  0.005  0.000  0.000  0.010  0.000  0.040
   1.35748     32.309241  0.000  0.000  0.000  0.030  0.005  0.000  0.000  0.015  0.000  0.050
   1.38765     31.979500  0.000  0.000  0.000  0.035  0.006  0.000  0.000  0.020  0.000  0.060
   1.41781     31.644006  0.000  0.000  0.000  0.041  0.006  0.000  0.000  0.025  0.000  0.073
   1.44798     31.409120  0.030  0.020  0.045  0.000  0.000  0.026  0.099  0.000  0.010  0.229
   1.47815     31.232564  0.028  0.025  0.044  0.000  0.000  0.024  0.103  0.000  0.015  0.237
   1.50831     31.067185  0.027  0.027  0.042  0.000  0.000  0.020  0.107  0.000  0.021  0.243
   1.53848     30.924363  0.026  0.026  0.042  0.000  0.000  0.017  0.112  0.000  0.027  0.251
   1.56865     30.817052  0.026  0.025  0.041  0.000  0.000  0.017  0.118  0.000  0.037  0.267
   1.59881     30.756083  0.027  0.025  0.043  0.000  0.000  0.024  0.124  0.000  0.050  0.292
   1.62898     30.745278  0.028  0.022  0.045  0.000  0.000  0.037  0.125  0.000  0.066  0.323
   1.65914     30.830336  0.000  0.000  0.000  0.153  0.090  0.000  0.000  0.090  0.000  0.333
   1.68931     31.062491  0.000  0.000  0.000  0.155  0.109  0.000  0.000  0.080  0.000  0.344
   1.71948     31.296605  0.000  0.000  0.000  0.152  0.127  0.000  0.000  0.068  0.000  0.348
   1.74964     31.509057  0.000  0.000  0.000  0.151  0.148  0.000  0.000  0.055  0.000  0.354
   1.77981     31.678521  0.000  0.000  0.000  0.147  0.173  0.000  0.000  0.042  0.000  0.363
   1.80998     31.786269  0.000  0.000  0.000  0.141  0.206  0.001  0.000  0.032  0.001  0.382
   1.84014     31.819740  0.000  0.000  0.000  0.135  0.253  0.000  0.000  0.027  0.000  0.417
   1.87031     31.776409  0.000  0.000  0.000  0.127  0.306  0.000  0.000  0.026  0.000  0.459
   1.90047     31.668784  0.000  0.000  0.000  0.114  0.353  0.000  0.000  0.027  0.000  0.495
   1.93064     31.520186  0.000  0.000  0.000  0.102  0.382  0.000  0.000  0.028  0.000  0.512
   1.96081     31.354078  0.000  0.000  0.000  0.093  0.391  0.000  0.000  0.027  0.000  0.512
   1.99097     31.186277  0.000  0.000  0.000  0.090  0.379  0.000  0.000  0.022  0.000  0.492
   2.02114     31.020568  0.000  0.000  0.000  0.098  0.325  0.000  0.000  0.011  0.000  0.434
   2.05131     30.933044  0.032  0.083  0.023  0.000  0.000  0.116  0.058  0.000  0.027  0.341
   2.08147     30.752239  0.018  0.051  0.031  0.000  0.000  0.150  0.144  0.000  0.000  0.392
   2.11164     30.533827  0.024  0.043  0.054  0.000  0.000  0.143  0.161  0.000  0.006  0.428
   2.14180     30.401773  0.034  0.045  0.084  0.000  0.000  0.115  0.152  0.000  0.010  0.439
   2.17197     30.366113  0.045  0.051  0.113  0.000  0.000  0.065  0.125  0.000  0.011  0.413
   2.20214     30.323433  0.048  0.078  0.110  0.000  0.000  0.020  0.031  0.000  0.008  0.297
   2.23230     30.122250  0.042  0.079  0.092  0.000  0.000  0.089  0.017  0.000  0.010  0.326
   2.26247     29.923386  0.042  0.071  0.103  0.000  0.000  0.122  0.024  0.000  0.017  0.379
   2.29264     29.798423  0.041  0.066  0.122  0.000  0.000  0.132  0.030  0.000  0.028  0.418
   2.32280     29.758230  0.037  0.060  0.136  0.000  0.000  0.127  0.033  0.000  0.039  0.433
   2.35297     29.755616  0.035  0.058  0.143  0.000  0.000  0.121  0.034  0.000  0.043  0.433
 
# Band-Index:   50
   2.35297     30.829936  0.082  0.019  0.187  0.000  0.000  0.122  0.215  0.000  0.019  0.644
   2.32280     30.802845  0.077  0.019  0.180  0.000  0.000  0.116  0.213  0.000  0.018  0.623
   2.29264     30.732577  0.069  0.022  0.165  0.000  0.000  0.108  0.206  0.000  0.018  0.584
   2.26247     30.640881  0.057  0.023  0.147  0.000  0.000  0.107  0.200  0.000  0.018  0.551
   2.23230     30.551159  0.047  0.025  0.125  0.000  0.000  0.125  0.199  0.000  0.018  0.540
   2.20214     30.518711  0.028  0.038  0.077  0.000  0.000  0.182  0.180  0.000  0.017  0.523
   2.17197     30.698313  0.016  0.079  0.048  0.000  0.000  0.129  0.087  0.000  0.015  0.376
   2.14180     30.747006  0.000  0.000  0.000  0.024  0.366  0.000  0.000  0.079  0.000  0.470
   2.11164     30.785258  0.000  0.000  0.000  0.026  0.372  0.000  0.000  0.086  0.000  0.484
   2.08147     30.865283  0.000  0.000  0.000  0.026  0.358  0.000  0.000  0.103  0.000  0.487
   2.05131     31.002323  0.000  0.000  0.000  0.028  0.258  0.000  0.000  0.136  0.000  0.423
   2.02114     31.222027  0.000  0.000  0.000  0.052  0.102  0.000  0.000  0.133  0.000  0.288
   1.99097     31.477609  0.000  0.000  0.000  0.062  0.059  0.000  0.000  0.111  0.000  0.232
   1.96081     31.731096  0.000  0.000  0.000  0.063  0.059  0.000  0.000  0.093  0.000  0.215
   1.93064     31.886206  0.022  0.005  0.021  0.000  0.000  0.161  0.087  0.000  0.107  0.404
   1.90047     31.921438  0.024  0.010  0.019  0.000  0.000  0.165  0.072  0.000  0.107  0.398
   1.87031     31.916744  0.022  0.015  0.019  0.000  0.000  0.169  0.063  0.000  0.103  0.393
   1.84014     31.876893  0.022  0.018  0.022  0.000  0.000  0.168  0.055  0.000  0.096  0.381
   1.80998     31.811849  0.019  0.020  0.025  0.001  0.002  0.164  0.045  0.000  0.085  0.363
   1.77981     31.742051  0.020  0.020  0.032  0.000  0.000  0.155  0.032  0.000  0.072  0.332
   1.74964     31.706898  0.018  0.018  0.043  0.000  0.000  0.135  0.016  0.000  0.054  0.285
   1.71948     31.756021  0.019  0.016  0.057  0.000  0.000  0.100  0.007  0.000  0.035  0.233
   1.68931     31.889443  0.020  0.012  0.061  0.000  0.000  0.061  0.011  0.000  0.024  0.192
   1.65914     32.042812  0.020  0.011  0.057  0.000  0.000  0.036  0.024  0.000  0.020  0.167
   1.62898     32.160200  0.018  0.009  0.050  0.000  0.000  0.021  0.038  0.000  0.019  0.155
   1.59881     32.224867  0.018  0.010  0.038  0.000  0.000  0.015  0.050  0.000  0.019  0.150
   1.56865     32.251265  0.019  0.010  0.028  0.000  0.000  0.012  0.055  0.000  0.022  0.147
   1.53848     32.265329  0.022  0.009  0.021  0.000  0.000  0.010  0.054  0.000  0.026  0.141
   1.50831     32.290801  0.021  0.013  0.014  0.000  0.000  0.006  0.047  0.000  0.028  0.131
   1.47815     32.344301  0.022  0.014  0.009  0.000  0.000  0.005  0.037  0.000  0.031  0.116
   1.44798     32.433944  0.018  0.018  0.004  0.000  0.000  0.005  0.026  0.000  0.033  0.102
   1.41781     32.558812  0.015  0.019  0.002  0.000  0.000  0.006  0.016  0.000  0.032  0.090
   1.38765     32.710255  0.009  0.021  0.000  0.000  0.000  0.007  0.009  0.000  0.030  0.078
   1.35748     32.875108  0.006  0.021  0.000  0.000  0.000  0.008  0.005  0.000  0.027  0.066
   1.32732     33.038876  0.002  0.018  0.000  0.000  0.000  0.006  0.002  0.000  0.022  0.052
   1.29715     33.187708  0.002  0.018  0.000  0.000  0.000  0.004  0.001  0.000  0.017  0.041
   1.26698     33.309176  0.000  0.019  0.000  0.000  0.000  0.002  0.000  0.000  0.011  0.034
   1.23682     33.393488  0.000  0.028  0.000  0.000  0.000  0.001  0.000  0.000  0.006  0.035
   1.20665     33.437804  0.000  0.040  0.000  0.000  0.000  0.000  0.000  0.000  0.002  0.042
   1.17648     33.450613  0.000  0.032  0.000  0.018  0.000  0.000  0.000  0.000  0.000  0.049
   1.17648     33.450613  0.000  0.032  0.000  0.018  0.000  0.000  0.000  0.000  0.000  0.049
   1.14632     33.440275  0.000  0.042  0.000  0.000  0.000  0.000  0.000  0.000  0.001  0.044
   1.11615     33.404813  0.000  0.030  0.000  0.000  0.000  0.000  0.000  0.000  0.003  0.033
   1.08599     33.335870  0.000  0.023  0.000  0.000  0.000  0.000  0.000  0.000  0.005  0.029
   1.05582     33.233209  0.000  0.021  0.000  0.000  0.000  0.002  0.001  0.000  0.007  0.031
   1.02565     33.102835  0.002  0.023  0.000  0.000  0.000  0.004  0.002  0.000  0.009  0.041
   0.99549     32.953823  0.005  0.025  0.001  0.000  0.000  0.005  0.005  0.000  0.012  0.051
   0.96532     32.797211  0.007  0.025  0.003  0.000  0.000  0.005  0.009  0.000  0.014  0.063
   0.93515     32.645412  0.012  0.026  0.005  0.000  0.000  0.004  0.014  0.000  0.017  0.077
   0.90499     32.510760  0.014  0.022  0.007  0.000  0.000  0.002  0.022  0.000  0.020  0.089
   0.87482     32.402948  0.018  0.019  0.011  0.000  0.000  0.002  0.031  0.000  0.022  0.103
   0.84466     32.325952  0.020  0.016  0.018  0.000  0.000  0.003  0.040  0.000  0.023  0.118
   0.81449     32.276676  0.019  0.012  0.024  0.000  0.000  0.007  0.048  0.000  0.023  0.133
   0.78432     32.246541  0.019  0.010  0.029  0.000  0.000  0.012  0.053  0.000  0.021  0.144
   0.75416     32.224996  0.018  0.008  0.035  0.000  0.000  0.018  0.054  0.000  0.017  0.150
   0.72399     32.204635  0.016  0.009  0.039  0.000  0.000  0.024  0.052  0.000  0.011  0.152
   0.69382     32.186964  0.016  0.011  0.041  0.000  0.000  0.031  0.048  0.000  0.004  0.151
   0.66366     32.185082  0.015  0.016  0.039  0.000  0.000  0.041  0.046  0.000  0.000  0.157
   0.63349     32.215344  0.014  0.021  0.034  0.000  0.000  0.051  0.046  0.000  0.002  0.168
   0.60333     32.281387  0.014  0.026  0.026  0.000  0.000  0.060  0.047  0.000  0.010  0.186
   0.57316     32.370258  0.015  0.030  0.021  0.000  0.000  0.066  0.046  0.000  0.022  0.203
   0.54299     32.462025  0.016  0.035  0.017  0.000  0.000  0.072  0.043  0.000  0.036  0.220
   0.51283     32.535796  0.021  0.043  0.013  0.000  0.000  0.077  0.031  0.000  0.054  0.238
   0.48266     32.546695  0.000  0.000  0.000  0.092  0.242  0.000  0.000  0.429  0.000  0.762
   0.45249     32.335293  0.000  0.000  0.000  0.064  0.309  0.000  0.000  0.136  0.000  0.509
   0.42233     32.092604  0.000  0.000  0.000  0.059  0.325  0.000  0.000  0.082  0.000  0.466
   0.39216     31.861379  0.000  0.000  0.000  0.058  0.329  0.000  0.000  0.063  0.000  0.450
   0.36200     31.647498  0.000  0.000  0.000  0.055  0.331  0.000  0.000  0.055  0.000  0.441
   0.33183     31.453833  0.000  0.000  0.000  0.053  0.329  0.000  0.000  0.052  0.000  0.433
   0.30166     31.283133  0.000  0.000  0.000  0.051  0.327  0.000  0.000  0.051  0.000  0.429
   0.27150     31.138609  0.000  0.000  0.000  0.048  0.325  0.000  0.000  0.053  0.000  0.424
   0.24133     31.024046  0.000  0.000  0.000  0.042  0.323  0.000  0.000  0.055  0.000  0.420
   0.21116     30.943795  0.000  0.000  0.000  0.038  0.321  0.000  0.000  0.058  0.000  0.417
   0.18100     30.902340  0.000  0.000  0.000  0.032  0.319  0.000  0.000  0.062  0.000  0.412
   0.15083     30.903724  0.000  0.000  0.000  0.027  0.316  0.000  0.000  0.066  0.000  0.409
   0.12067     30.950581  0.000  0.000  0.000  0.023  0.313  0.000  0.000  0.069  0.000  0.405
   0.09050     30.986574  0.071  0.028  0.166  0.000  0.000  0.145  0.207  0.000  0.030  0.646
   0.06033     30.907676  0.077  0.022  0.179  0.000  0.000  0.135  0.211  0.000  0.025  0.649
   0.03017     30.850712  0.081  0.020  0.185  0.000  0.000  0.125  0.214  0.000  0.020  0.645
   0.00000     30.829936  0.082  0.019  0.187  0.000  0.000  0.122  0.215  0.000  0.019  0.644
 
# Band-Index:   51
   0.00000     31.521914  0.000  0.000  0.000  0.010  0.315  0.000  0.000  0.068  0.000  0.393
   0.03017     31.355405  0.000  0.000  0.000  0.012  0.306  0.000  0.000  0.075  0.000  0.392
   0.06033     31.180073  0.000  0.000  0.000  0.015  0.307  0.000  0.000  0.074  0.000  0.395
   0.09050     31.043433  0.000  0.000  0.000  0.017  0.310  0.000  0.000  0.073  0.000  0.399
   0.12067     31.072702  0.064  0.035  0.146  0.000  0.000  0.150  0.200  0.000  0.034  0.631
   0.15083     31.160063  0.055  0.042  0.127  0.000  0.000  0.145  0.191  0.000  0.043  0.602
   0.18100     31.248376  0.046  0.049  0.110  0.000  0.000  0.127  0.177  0.000  0.055  0.563
   0.21116     31.333496  0.037  0.058  0.099  0.000  0.000  0.099  0.160  0.000  0.074  0.524
   0.24133     31.403647  0.031  0.062  0.088  0.000  0.000  0.068  0.146  0.000  0.104  0.501
   0.27150     31.448745  0.032  0.055  0.082  0.000  0.000  0.053  0.153  0.000  0.142  0.518
   0.30166     31.509076  0.035  0.033  0.071  0.000  0.000  0.067  0.194  0.000  0.153  0.554
   0.33183     31.642500  0.035  0.026  0.055  0.000  0.000  0.074  0.197  0.000  0.138  0.526
   0.36200     31.828830  0.039  0.030  0.042  0.000  0.000  0.068  0.177  0.000  0.131  0.487
   0.39216     32.050230  0.043  0.039  0.032  0.000  0.000  0.065  0.151  0.000  0.128  0.457
   0.42233     32.286762  0.045  0.052  0.022  0.000  0.000  0.067  0.107  0.000  0.128  0.422
   0.45249     32.487631  0.042  0.061  0.010  0.000  0.000  0.077  0.036  0.000  0.120  0.346
   0.48266     32.563826  0.029  0.053  0.008  0.000  0.000  0.081  0.013  0.000  0.083  0.266
   0.51283     32.678162  0.000  0.000  0.000  0.098  0.174  0.000  0.000  0.528  0.000  0.800
   0.54299     32.956329  0.000  0.000  0.000  0.097  0.171  0.000  0.000  0.368  0.000  0.635
   0.57316     33.266482  0.000  0.000  0.000  0.097  0.194  0.000  0.000  0.287  0.000  0.578
   0.60333     33.575138  0.000  0.000  0.000  0.098  0.216  0.000  0.000  0.241  0.000  0.554
   0.63349     33.874194  0.000  0.000  0.000  0.097  0.224  0.000  0.000  0.214  0.000  0.535
   0.66366     34.156527  0.000  0.000  0.000  0.100  0.216  0.000  0.000  0.197  0.000  0.513
   0.69382     34.401423  0.033  0.040  0.052  0.007  0.013  0.254  0.003  0.012  0.088  0.504
   0.72399     34.521501  0.034  0.046  0.054  0.000  0.000  0.246  0.002  0.000  0.097  0.480
   0.75416     34.661974  0.034  0.050  0.048  0.000  0.000  0.219  0.006  0.000  0.098  0.458
   0.78432     34.806821  0.040  0.055  0.042  0.000  0.000  0.193  0.015  0.000  0.094  0.439
   0.81449     34.917186  0.000  0.000  0.000  0.151  0.065  0.001  0.000  0.054  0.000  0.274
   0.84466     34.927077  0.000  0.000  0.000  0.163  0.048  0.000  0.000  0.035  0.000  0.246
   0.87482     34.912903  0.000  0.000  0.000  0.172  0.037  0.000  0.000  0.023  0.000  0.233
   0.90499     34.882071  0.000  0.000  0.000  0.177  0.029  0.000  0.000  0.018  0.000  0.224
   0.93515     34.838238  0.000  0.000  0.000  0.186  0.023  0.000  0.000  0.015  0.000  0.225
   0.96532     34.782292  0.000  0.000  0.000  0.194  0.018  0.000  0.000  0.016  0.000  0.228
   0.99549     34.713061  0.000  0.000  0.000  0.203  0.015  0.000  0.000  0.019  0.000  0.237
   1.02565     34.628184  0.000  0.000  0.000  0.213  0.013  0.000  0.000  0.022  0.000  0.249
   1.05582     34.526188  0.000  0.000  0.000  0.225  0.011  0.000  0.000  0.026  0.000  0.260
   1.08599     34.410996  0.000  0.000  0.000  0.233  0.008  0.000  0.000  0.024  0.000  0.265
   1.11615     34.298412  0.000  0.002  0.000  0.234  0.005  0.000  0.000  0.017  0.000  0.258
   1.14632     34.216311  0.000  0.054  0.000  0.177  0.001  0.001  0.000  0.004  0.000  0.239
   1.17648     34.186923  0.000  0.146  0.000  0.080  0.000  0.000  0.000  0.000  0.000  0.226
   1.17648     34.186923  0.000  0.146  0.000  0.080  0.000  0.000  0.000  0.000  0.000  0.226
   1.20665     34.210979  0.000  0.000  0.000  0.230  0.001  0.000  0.000  0.007  0.000  0.239
   1.23682     34.277598  0.000  0.000  0.000  0.236  0.005  0.000  0.000  0.023  0.000  0.264
   1.26698     34.372484  0.000  0.000  0.000  0.234  0.008  0.000  0.000  0.036  0.000  0.279
   1.29715     34.474568  0.000  0.000  0.000  0.228  0.012  0.000  0.000  0.042  0.000  0.282
   1.32732     34.570944  0.000  0.000  0.000  0.223  0.014  0.000  0.000  0.044  0.000  0.280
   1.35748     34.657831  0.000  0.000  0.000  0.215  0.016  0.000  0.000  0.043  0.000  0.274
   1.38765     34.736131  0.000  0.000  0.000  0.209  0.018  0.000  0.000  0.042  0.000  0.269
   1.41781     34.808129  0.000  0.000  0.000  0.204  0.020  0.000  0.000  0.040  0.000  0.264
   1.44798     34.876010  0.000  0.000  0.000  0.200  0.022  0.000  0.000  0.041  0.000  0.263
   1.47815     34.941353  0.000  0.000  0.000  0.197  0.026  0.000  0.000  0.041  0.000  0.264
   1.50831     35.005076  0.000  0.000  0.000  0.195  0.030  0.000  0.000  0.043  0.000  0.267
   1.53848     35.067348  0.000  0.000  0.000  0.193  0.036  0.000  0.000  0.047  0.000  0.276
   1.56865     34.858751  0.031  0.020  0.071  0.000  0.000  0.228  0.080  0.000  0.117  0.546
   1.59881     34.559275  0.029  0.016  0.072  0.000  0.000  0.249  0.085  0.000  0.117  0.566
   1.62898     34.333846  0.025  0.014  0.068  0.000  0.000  0.264  0.094  0.000  0.112  0.577
   1.65914     34.202832  0.021  0.010  0.061  0.000  0.000  0.272  0.104  0.000  0.104  0.572
   1.68931     34.164460  0.017  0.008  0.052  0.000  0.000  0.271  0.111  0.000  0.094  0.553
   1.71948     33.893663  0.000  0.000  0.000  0.034  0.412  0.000  0.000  0.045  0.000  0.490
   1.74964     33.567573  0.000  0.000  0.000  0.033  0.384  0.000  0.000  0.045  0.000  0.464
   1.77981     33.257695  0.000  0.000  0.000  0.033  0.350  0.000  0.000  0.048  0.000  0.430
   1.80998     32.966651  0.000  0.000  0.000  0.032  0.305  0.000  0.000  0.051  0.000  0.389
   1.84014     32.696432  0.000  0.000  0.000  0.035  0.248  0.000  0.000  0.055  0.000  0.338
   1.87031     32.446278  0.000  0.000  0.000  0.040  0.183  0.000  0.000  0.061  0.000  0.284
   1.90047     32.209440  0.000  0.000  0.000  0.049  0.122  0.000  0.000  0.069  0.000  0.240
   1.93064     31.974238  0.000  0.000  0.000  0.057  0.081  0.000  0.000  0.079  0.000  0.218
   1.96081     31.804088  0.019  0.002  0.023  0.000  0.000  0.155  0.115  0.000  0.099  0.414
   1.99097     31.660323  0.011  0.000  0.030  0.000  0.000  0.147  0.160  0.000  0.085  0.434
   2.02114     31.455231  0.010  0.004  0.038  0.000  0.000  0.126  0.201  0.000  0.086  0.465
   2.05131     31.274888  0.023  0.030  0.053  0.000  0.000  0.066  0.178  0.000  0.130  0.481
   2.08147     31.231610  0.019  0.084  0.056  0.000  0.000  0.030  0.101  0.000  0.108  0.398
   2.11164     31.141627  0.007  0.102  0.053  0.000  0.000  0.046  0.078  0.000  0.052  0.337
   2.14180     30.943717  0.010  0.095  0.049  0.000  0.000  0.080  0.071  0.000  0.023  0.330
   2.17197     30.748761  0.000  0.000  0.000  0.020  0.356  0.000  0.000  0.075  0.000  0.453
   2.20214     30.790620  0.000  0.000  0.000  0.019  0.345  0.000  0.000  0.074  0.000  0.439
   2.23230     30.872527  0.000  0.000  0.000  0.014  0.336  0.000  0.000  0.073  0.000  0.423
   2.26247     30.993464  0.000  0.000  0.000  0.013  0.325  0.000  0.000  0.073  0.000  0.413
   2.29264     31.151455  0.000  0.000  0.000  0.012  0.318  0.000  0.000  0.073  0.000  0.403
   2.32280     31.342884  0.000  0.000  0.000  0.011  0.311  0.000  0.000  0.073  0.000  0.396
   2.35297     31.521914  0.000  0.000  0.000  0.010  0.315  0.000  0.000  0.068  0.000  0.393
 
# Band-Index:   52
   2.35297     31.630687  0.000  0.000  0.000  0.012  0.291  0.000  0.000  0.082  0.000  0.385
   2.32280     31.840318  0.000  0.000  0.000  0.011  0.296  0.000  0.000  0.077  0.000  0.385
   2.29264     32.014090  0.014  0.013  0.069  0.000  0.000  0.047  0.141  0.000  0.022  0.305
   2.26247     32.076539  0.014  0.016  0.043  0.000  0.000  0.042  0.095  0.000  0.045  0.254
   2.23230     32.099801  0.016  0.017  0.031  0.000  0.000  0.037  0.062  0.000  0.082  0.245
   2.20214     32.098252  0.017  0.018  0.026  0.000  0.000  0.027  0.039  0.000  0.119  0.250
   2.17197     32.077543  0.022  0.018  0.025  0.000  0.000  0.017  0.026  0.000  0.152  0.260
   2.14180     32.045620  0.027  0.019  0.023  0.000  0.000  0.009  0.018  0.000  0.178  0.275
   2.11164     32.025322  0.032  0.019  0.019  0.000  0.000  0.006  0.019  0.000  0.185  0.279
   2.08147     32.052703  0.032  0.023  0.019  0.000  0.000  0.003  0.029  0.000  0.167  0.273
   2.05131     32.119912  0.034  0.029  0.019  0.000  0.000  0.002  0.048  0.000  0.149  0.278
   2.02114     32.209218  0.041  0.032  0.017  0.000  0.000  0.001  0.073  0.000  0.132  0.297
   1.99097     32.346466  0.044  0.036  0.017  0.000  0.000  0.000  0.113  0.000  0.106  0.317
   1.96081     32.549443  0.042  0.037  0.018  0.000  0.000  0.001  0.156  0.000  0.076  0.330
   1.93064     32.799486  0.041  0.039  0.018  0.000  0.000  0.002  0.182  0.000  0.056  0.339
   1.90047     33.070446  0.043  0.041  0.015  0.000  0.000  0.002  0.193  0.000  0.045  0.339
   1.87031     33.347862  0.044  0.044  0.014  0.000  0.000  0.000  0.197  0.000  0.040  0.339
   1.84014     33.624305  0.046  0.046  0.011  0.000  0.000  0.000  0.200  0.000  0.038  0.342
   1.80998     33.891729  0.049  0.047  0.009  0.000  0.000  0.007  0.201  0.000  0.036  0.346
   1.77981     34.126845  0.043  0.041  0.005  0.000  0.000  0.042  0.196  0.000  0.040  0.368
   1.74964     34.231520  0.022  0.017  0.020  0.000  0.000  0.185  0.150  0.000  0.064  0.459
   1.71948     34.193387  0.016  0.007  0.041  0.000  0.000  0.256  0.120  0.000  0.082  0.522
   1.68931     34.233331  0.000  0.000  0.000  0.034  0.436  0.000  0.000  0.044  0.000  0.514
   1.65914     34.583402  0.000  0.000  0.000  0.034  0.459  0.000  0.000  0.046  0.000  0.538
   1.62898     34.937593  0.000  0.000  0.000  0.038  0.481  0.000  0.000  0.052  0.000  0.570
   1.59881     35.171862  0.000  0.000  0.000  0.172  0.144  0.000  0.000  0.068  0.000  0.384
   1.56865     35.127206  0.000  0.000  0.000  0.193  0.049  0.000  0.000  0.052  0.000  0.294
   1.53848     35.195741  0.033  0.028  0.059  0.000  0.000  0.185  0.093  0.000  0.104  0.504
   1.50831     35.437562  0.072  0.059  0.009  0.000  0.000  0.055  0.147  0.000  0.022  0.365
   1.47815     35.476308  0.095  0.073  0.001  0.000  0.000  0.049  0.136  0.000  0.005  0.359
   1.44798     35.452987  0.095  0.087  0.001  0.000  0.000  0.064  0.120  0.000  0.006  0.374
   1.41781     35.384891  0.090  0.109  0.001  0.000  0.000  0.076  0.100  0.000  0.008  0.385
   1.38765     35.267616  0.078  0.134  0.001  0.000  0.000  0.084  0.075  0.000  0.011  0.382
   1.35748     35.102642  0.063  0.159  0.001  0.000  0.000  0.083  0.049  0.000  0.012  0.369
   1.32732     34.903917  0.046  0.181  0.000  0.000  0.000  0.074  0.029  0.000  0.014  0.348
   1.29715     34.693071  0.032  0.202  0.000  0.000  0.000  0.059  0.017  0.000  0.012  0.322
   1.26698     34.493525  0.019  0.216  0.000  0.000  0.000  0.042  0.009  0.000  0.009  0.295
   1.23682     34.329534  0.009  0.226  0.000  0.000  0.000  0.022  0.004  0.000  0.005  0.265
   1.20665     34.223506  0.002  0.227  0.000  0.000  0.000  0.006  0.001  0.000  0.001  0.239
   1.17648     34.188474  0.000  0.080  0.000  0.146  0.000  0.000  0.000  0.000  0.000  0.226
   1.17648     34.188474  0.000  0.080  0.000  0.146  0.000  0.000  0.000  0.000  0.000  0.226
   1.14632     34.217985  0.002  0.174  0.000  0.054  0.000  0.005  0.001  0.002  0.001  0.239
   1.11615     34.305459  0.010  0.224  0.000  0.002  0.000  0.027  0.005  0.000  0.005  0.272
   1.08599     34.439453  0.019  0.215  0.000  0.000  0.000  0.054  0.011  0.000  0.011  0.312
   1.05582     34.599385  0.033  0.201  0.001  0.000  0.000  0.080  0.019  0.000  0.016  0.350
   1.02565     34.762656  0.048  0.182  0.002  0.000  0.000  0.103  0.029  0.000  0.023  0.387
   0.99549     34.908654  0.058  0.159  0.004  0.000  0.000  0.122  0.041  0.000  0.031  0.418
   0.96532     35.021090  0.069  0.137  0.005  0.000  0.000  0.134  0.051  0.000  0.039  0.435
   0.93515     35.090573  0.072  0.117  0.009  0.000  0.000  0.140  0.057  0.000  0.047  0.442
   0.90499     35.114850  0.071  0.097  0.011  0.000  0.000  0.143  0.057  0.000  0.057  0.437
   0.87482     35.095631  0.067  0.082  0.016  0.000  0.000  0.146  0.051  0.000  0.067  0.429
   0.84466     35.035127  0.057  0.069  0.023  0.000  0.000  0.155  0.040  0.000  0.077  0.423
   0.81449     34.936405  0.048  0.060  0.032  0.000  0.000  0.170  0.027  0.000  0.087  0.426
   0.78432     34.871933  0.000  0.000  0.000  0.141  0.089  0.000  0.000  0.083  0.000  0.313
   0.75416     34.776813  0.000  0.000  0.000  0.128  0.121  0.000  0.000  0.119  0.000  0.368
   0.72399     34.622299  0.000  0.000  0.000  0.115  0.159  0.000  0.000  0.155  0.000  0.429
   0.69382     34.411669  0.002  0.002  0.004  0.098  0.180  0.018  0.000  0.169  0.006  0.480
   0.66366     34.309165  0.040  0.038  0.057  0.000  0.000  0.296  0.013  0.000  0.091  0.535
   0.63349     34.227440  0.044  0.034  0.058  0.000  0.000  0.302  0.045  0.000  0.091  0.575
   0.60333     33.904295  0.000  0.000  0.000  0.045  0.254  0.000  0.000  0.090  0.000  0.388
   0.57316     33.569249  0.000  0.000  0.000  0.042  0.274  0.000  0.000  0.075  0.000  0.391
   0.54299     33.249361  0.000  0.000  0.000  0.040  0.305  0.000  0.000  0.045  0.000  0.391
   0.51283     32.957839  0.000  0.000  0.000  0.041  0.343  0.000  0.000  0.006  0.000  0.388
   0.48266     32.808714  0.000  0.000  0.000  0.071  0.360  0.000  0.000  0.175  0.000  0.606
   0.45249     32.864646  0.014  0.008  0.041  0.000  0.000  0.068  0.255  0.000  0.007  0.396
   0.42233     32.788970  0.015  0.012  0.035  0.000  0.000  0.079  0.183  0.000  0.011  0.335
   0.39216     32.744515  0.023  0.018  0.031  0.000  0.000  0.084  0.138  0.000  0.023  0.315
   0.36200     32.698636  0.029  0.020  0.030  0.000  0.000  0.084  0.107  0.000  0.037  0.309
   0.33183     32.652506  0.037  0.022  0.032  0.000  0.000  0.078  0.081  0.000  0.050  0.302
   0.30166     32.615042  0.044  0.024  0.033  0.000  0.000  0.068  0.056  0.000  0.066  0.291
   0.27150     32.552351  0.071  0.028  0.010  0.000  0.000  0.046  0.013  0.000  0.182  0.354
   0.24133     32.370151  0.060  0.017  0.031  0.000  0.000  0.064  0.021  0.000  0.219  0.413
   0.21116     32.244668  0.042  0.012  0.052  0.000  0.000  0.096  0.030  0.000  0.207  0.438
   0.18100     32.122899  0.028  0.009  0.068  0.000  0.000  0.126  0.041  0.000  0.171  0.443
   0.15083     31.993834  0.022  0.006  0.074  0.000  0.000  0.144  0.052  0.000  0.132  0.430
   0.12067     31.881082  0.019  0.006  0.070  0.000  0.000  0.149  0.065  0.000  0.097  0.406
   0.09050     31.814188  0.017  0.009  0.064  0.000  0.000  0.142  0.082  0.000  0.068  0.382
   0.06033     31.806950  0.016  0.009  0.063  0.000  0.000  0.124  0.102  0.000  0.047  0.361
   0.03017     31.828505  0.000  0.000  0.000  0.011  0.301  0.000  0.000  0.075  0.000  0.387
   0.00000     31.630687  0.000  0.000  0.000  0.012  0.291  0.000  0.000  0.082  0.000  0.385
 
# Band-Index:   53
   0.00000     31.878937  0.014  0.010  0.076  0.000  0.000  0.073  0.143  0.000  0.021  0.339
   0.03017     31.846028  0.015  0.011  0.067  0.000  0.000  0.097  0.124  0.000  0.030  0.345
   0.06033     32.098154  0.000  0.000  0.000  0.011  0.306  0.000  0.000  0.073  0.000  0.389
   0.09050     32.379039  0.032  0.012  0.027  0.000  0.002  0.095  0.040  0.000  0.031  0.244
   0.12067     32.460158  0.040  0.016  0.026  0.000  0.000  0.079  0.026  0.000  0.046  0.229
   0.15083     32.511922  0.046  0.017  0.025  0.000  0.000  0.067  0.011  0.000  0.064  0.229
   0.18100     32.541198  0.052  0.018  0.028  0.000  0.000  0.058  0.002  0.000  0.080  0.237
   0.21116     32.561079  0.054  0.018  0.035  0.000  0.000  0.051  0.005  0.000  0.091  0.254
   0.24133     32.577597  0.051  0.019  0.040  0.000  0.000  0.047  0.019  0.000  0.097  0.272
   0.27150     32.593808  0.045  0.019  0.045  0.000  0.000  0.041  0.044  0.000  0.111  0.307
   0.30166     32.839509  0.069  0.036  0.013  0.000  0.000  0.011  0.031  0.000  0.177  0.339
   0.33183     33.213793  0.067  0.046  0.011  0.000  0.000  0.002  0.039  0.000  0.140  0.303
   0.36200     33.633889  0.071  0.047  0.008  0.000  0.000  0.004  0.043  0.000  0.101  0.274
   0.39216     33.754327  0.000  0.000  0.000  0.116  0.349  0.000  0.000  0.307  0.000  0.773
   0.42233     33.409731  0.000  0.000  0.000  0.120  0.325  0.000  0.000  0.330  0.000  0.776
   0.45249     33.060499  0.000  0.000  0.000  0.114  0.318  0.000  0.000  0.342  0.000  0.774
   0.48266     33.048085  0.027  0.020  0.044  0.000  0.000  0.064  0.278  0.000  0.035  0.467
   0.51283     33.312635  0.037  0.033  0.039  0.000  0.000  0.072  0.256  0.000  0.056  0.493
   0.54299     33.598217  0.040  0.039  0.040  0.000  0.000  0.091  0.236  0.000  0.067  0.513
   0.57316     33.874538  0.043  0.041  0.045  0.000  0.000  0.136  0.207  0.000  0.076  0.547
   0.60333     34.099953  0.046  0.035  0.056  0.000  0.000  0.234  0.133  0.000  0.088  0.591
   0.63349     34.247201  0.000  0.000  0.000  0.046  0.249  0.001  0.000  0.087  0.000  0.384
   0.66366     34.592113  0.000  0.000  0.000  0.050  0.261  0.000  0.000  0.070  0.000  0.382
   0.69382     34.934641  0.000  0.000  0.000  0.055  0.290  0.000  0.000  0.044  0.000  0.389
   0.72399     35.270795  0.000  0.000  0.000  0.060  0.329  0.000  0.000  0.019  0.000  0.409
   0.75416     35.535814  0.064  0.041  0.030  0.000  0.000  0.032  0.212  0.000  0.051  0.431
   0.78432     35.735961  0.065  0.036  0.038  0.000  0.000  0.051  0.199  0.000  0.060  0.448
   0.81449     35.935027  0.060  0.032  0.043  0.000  0.000  0.070  0.189  0.000  0.073  0.468
   0.84466     36.124623  0.052  0.032  0.042  0.000  0.000  0.083  0.190  0.000  0.085  0.483
   0.87482     36.263724  0.042  0.032  0.030  0.000  0.000  0.080  0.214  0.000  0.078  0.479
   0.90499     36.277732  0.044  0.033  0.015  0.000  0.000  0.056  0.247  0.000  0.047  0.444
   0.93515     36.157085  0.054  0.030  0.008  0.000  0.000  0.030  0.268  0.000  0.020  0.408
   0.96532     35.971040  0.058  0.023  0.006  0.000  0.000  0.014  0.289  0.000  0.008  0.399
   0.99549     35.762336  0.056  0.017  0.009  0.000  0.000  0.006  0.315  0.000  0.004  0.405
   1.02565     35.547765  0.056  0.009  0.011  0.000  0.000  0.002  0.339  0.000  0.002  0.420
   1.05582     35.337996  0.056  0.004  0.012  0.000  0.000  0.001  0.361  0.000  0.001  0.435
   1.08599     35.145273  0.057  0.001  0.012  0.000  0.000  0.000  0.380  0.000  0.000  0.450
   1.11615     34.985356  0.055  0.000  0.012  0.000  0.000  0.000  0.396  0.000  0.000  0.464
   1.14632     34.877142  0.057  0.000  0.010  0.000  0.000  0.000  0.409  0.000  0.000  0.476
   1.17648     34.838474  0.055  0.000  0.010  0.000  0.000  0.000  0.415  0.000  0.000  0.480
   1.17648     34.838474  0.055  0.000  0.010  0.000  0.000  0.000  0.415  0.000  0.000  0.480
   1.20665     34.877091  0.057  0.000  0.010  0.000  0.000  0.000  0.409  0.000  0.000  0.477
   1.23682     34.984625  0.055  0.000  0.012  0.000  0.000  0.000  0.396  0.000  0.000  0.465
   1.26698     35.142227  0.057  0.002  0.012  0.000  0.000  0.000  0.381  0.000  0.000  0.452
   1.29715     35.330413  0.059  0.005  0.012  0.000  0.000  0.000  0.362  0.000  0.001  0.438
   1.32732     35.534409  0.062  0.009  0.009  0.000  0.000  0.001  0.338  0.000  0.002  0.423
   1.35748     35.746819  0.069  0.017  0.008  0.000  0.000  0.005  0.303  0.000  0.004  0.404
   1.38765     35.968637  0.076  0.027  0.005  0.000  0.000  0.011  0.261  0.000  0.007  0.388
   1.41781     36.204113  0.090  0.037  0.004  0.000  0.000  0.025  0.219  0.000  0.009  0.385
   1.44798     36.420024  0.106  0.003  0.057  0.000  0.000  0.221  0.115  0.000  0.118  0.620
   1.47815     36.044680  0.059  0.011  0.076  0.000  0.000  0.237  0.032  0.000  0.151  0.565
   1.50831     35.684779  0.080  0.012  0.073  0.000  0.000  0.222  0.032  0.000  0.125  0.544
   1.53848     35.513572  0.112  0.035  0.025  0.000  0.000  0.089  0.102  0.000  0.037  0.401
   1.56865     35.443153  0.108  0.041  0.016  0.000  0.000  0.047  0.132  0.000  0.020  0.363
   1.59881     35.331268  0.000  0.000  0.000  0.054  0.379  0.000  0.000  0.037  0.000  0.469
   1.62898     35.254086  0.093  0.045  0.014  0.000  0.000  0.020  0.161  0.000  0.019  0.351
   1.65914     35.115156  0.086  0.047  0.014  0.000  0.000  0.015  0.171  0.000  0.022  0.355
   1.68931     34.943977  0.076  0.051  0.017  0.000  0.000  0.014  0.175  0.000  0.025  0.361
   1.71948     34.748682  0.069  0.055  0.024  0.000  0.000  0.026  0.169  0.000  0.030  0.372
   1.74964     34.569381  0.055  0.047  0.038  0.000  0.000  0.094  0.136  0.000  0.040  0.409
   1.77981     34.546449  0.033  0.017  0.052  0.000  0.000  0.235  0.083  0.000  0.054  0.474
   1.80998     34.660975  0.027  0.009  0.045  0.000  0.000  0.269  0.072  0.000  0.049  0.471
   1.84014     34.808576  0.036  0.004  0.039  0.000  0.000  0.268  0.066  0.000  0.036  0.450
   1.87031     34.929336  0.066  0.004  0.028  0.000  0.000  0.197  0.056  0.000  0.009  0.359
   1.90047     34.691167  0.077  0.047  0.007  0.000  0.000  0.017  0.020  0.000  0.049  0.218
   1.93064     34.281343  0.074  0.056  0.004  0.000  0.000  0.006  0.015  0.000  0.071  0.228
   1.96081     33.863127  0.081  0.059  0.002  0.000  0.000  0.004  0.013  0.000  0.082  0.241
   1.99097     33.461395  0.092  0.058  0.002  0.000  0.000  0.007  0.011  0.000  0.093  0.261
   2.02114     33.098182  0.109  0.049  0.001  0.000  0.000  0.017  0.011  0.000  0.108  0.294
   2.05131     32.807246  0.128  0.038  0.003  0.000  0.000  0.030  0.014  0.000  0.132  0.345
   2.08147     32.635928  0.140  0.027  0.011  0.000  0.000  0.040  0.026  0.000  0.166  0.410
   2.11164     32.598015  0.134  0.027  0.022  0.000  0.000  0.039  0.045  0.000  0.196  0.464
   2.14180     32.640870  0.113  0.028  0.043  0.000  0.000  0.037  0.068  0.000  0.212  0.501
   2.17197     32.682014  0.088  0.024  0.069  0.000  0.000  0.046  0.092  0.000  0.206  0.523
   2.20214     32.643148  0.064  0.015  0.095  0.000  0.000  0.078  0.110  0.000  0.172  0.532
   2.23230     32.511330  0.050  0.008  0.100  0.000  0.000  0.119  0.106  0.000  0.134  0.521
   2.26247     32.339514  0.045  0.007  0.087  0.000  0.000  0.156  0.080  0.000  0.106  0.480
   2.29264     32.123684  0.000  0.000  0.000  0.012  0.294  0.000  0.000  0.077  0.000  0.383
   2.32280     31.922219  0.014  0.010  0.078  0.000  0.000  0.066  0.148  0.000  0.021  0.340
   2.35297     31.878937  0.014  0.010  0.076  0.000  0.000  0.073  0.143  0.000  0.021  0.339
 
# Band-Index:   54
   2.35297     32.115290  0.029  0.011  0.018  0.000  0.000  0.168  0.035  0.000  0.032  0.292
   2.32280     32.132623  0.030  0.008  0.022  0.000  0.000  0.171  0.031  0.000  0.045  0.310
   2.29264     32.198491  0.039  0.008  0.048  0.000  0.000  0.177  0.038  0.000  0.079  0.388
   2.26247     32.435306  0.000  0.000  0.000  0.012  0.293  0.000  0.000  0.075  0.000  0.381
   2.23230     32.771721  0.000  0.000  0.000  0.012  0.293  0.000  0.000  0.074  0.000  0.380
   2.20214     33.130903  0.000  0.000  0.000  0.013  0.294  0.000  0.000  0.073  0.000  0.380
   2.17197     33.510993  0.000  0.000  0.000  0.016  0.295  0.000  0.000  0.071  0.000  0.381
   2.14180     33.910172  0.000  0.000  0.000  0.016  0.297  0.000  0.000  0.068  0.000  0.382
   2.11164     34.326321  0.000  0.000  0.000  0.018  0.300  0.000  0.000  0.065  0.000  0.385
   2.08147     34.641261  0.046  0.024  0.095  0.000  0.000  0.225  0.146  0.000  0.107  0.642
   2.05131     34.964433  0.045  0.023  0.095  0.000  0.000  0.229  0.148  0.000  0.106  0.644
   2.02114     35.297667  0.046  0.023  0.093  0.000  0.000  0.246  0.134  0.000  0.104  0.646
   1.99097     35.552203  0.053  0.034  0.059  0.000  0.000  0.316  0.032  0.000  0.078  0.571
   1.96081     35.495253  0.048  0.025  0.027  0.000  0.000  0.318  0.015  0.000  0.038  0.468
   1.93064     35.347129  0.037  0.020  0.027  0.000  0.000  0.306  0.029  0.000  0.042  0.458
   1.90047     35.194554  0.021  0.023  0.029  0.000  0.000  0.293  0.036  0.000  0.058  0.461
   1.87031     35.194724  0.024  0.055  0.020  0.000  0.000  0.116  0.008  0.000  0.092  0.315
   1.84014     35.519235  0.055  0.041  0.018  0.000  0.000  0.051  0.005  0.000  0.055  0.226
   1.80998     35.586748  0.000  0.000  0.000  0.195  0.108  0.000  0.000  0.162  0.000  0.465
   1.77981     35.512431  0.000  0.000  0.000  0.194  0.092  0.000  0.000  0.149  0.000  0.434
   1.74964     35.456392  0.000  0.000  0.000  0.193  0.077  0.000  0.000  0.129  0.000  0.399
   1.71948     35.408251  0.000  0.000  0.000  0.193  0.064  0.000  0.000  0.108  0.000  0.365
   1.68931     35.360769  0.000  0.000  0.000  0.194  0.052  0.000  0.000  0.089  0.000  0.334
   1.65914     35.310935  0.000  0.000  0.000  0.193  0.040  0.000  0.000  0.072  0.000  0.305
   1.62898     35.261151  0.000  0.000  0.000  0.188  0.031  0.000  0.000  0.056  0.000  0.275
   1.59881     35.361602  0.101  0.041  0.014  0.000  0.000  0.031  0.148  0.000  0.017  0.353
   1.56865     35.673165  0.000  0.000  0.000  0.033  0.482  0.000  0.000  0.058  0.000  0.574
   1.53848     36.008885  0.000  0.000  0.000  0.032  0.495  0.000  0.000  0.086  0.000  0.613
   1.50831     36.299622  0.000  0.000  0.000  0.034  0.473  0.000  0.000  0.132  0.000  0.640
   1.47815     36.510711  0.000  0.000  0.000  0.042  0.407  0.000  0.000  0.194  0.000  0.643
   1.44798     36.461516  0.048  0.058  0.016  0.000  0.000  0.048  0.099  0.000  0.056  0.325
   1.41781     36.668867  0.000  0.000  0.000  0.062  0.238  0.000  0.000  0.272  0.000  0.573
   1.38765     36.656071  0.000  0.000  0.000  0.066  0.178  0.000  0.000  0.276  0.000  0.520
   1.35748     36.604560  0.000  0.000  0.000  0.066  0.132  0.000  0.000  0.262  0.000  0.460
   1.32732     36.524752  0.000  0.000  0.000  0.060  0.093  0.000  0.000  0.229  0.000  0.383
   1.29715     36.428172  0.000  0.000  0.000  0.048  0.062  0.000  0.000  0.180  0.000  0.289
   1.26698     36.330281  0.000  0.000  0.000  0.032  0.036  0.000  0.000  0.120  0.000  0.188
   1.23682     36.248326  0.000  0.000  0.000  0.018  0.016  0.000  0.000  0.061  0.000  0.096
   1.20665     36.195541  0.000  0.000  0.000  0.004  0.004  0.000  0.000  0.017  0.000  0.025
   1.17648     36.177632  0.000  0.000  0.000  0.000  0.000  0.000  0.000  0.000  0.000  0.000
   1.17648     36.177632  0.000  0.000  0.000  0.000  0.000  0.000  0.000  0.000  0.000  0.000
   1.14632     36.195890  0.000  0.000  0.000  0.004  0.004  0.000  0.000  0.017  0.000  0.025
   1.11615     36.253285  0.000  0.000  0.000  0.016  0.015  0.000  0.000  0.060  0.000  0.091
   1.08599     36.350444  0.000  0.000  0.000  0.033  0.030  0.000  0.000  0.116  0.000  0.180
   1.05582     36.476266  0.000  0.000  0.000  0.051  0.051  0.000  0.000  0.177  0.000  0.279
   1.02565     36.608059  0.000  0.000  0.000  0.067  0.077  0.000  0.000  0.231  0.000  0.375
   0.99549     36.719438  0.000  0.000  0.000  0.078  0.109  0.000  0.000  0.271  0.000  0.458
   0.96532     36.788373  0.000  0.000  0.000  0.086  0.148  0.000  0.000  0.292  0.000  0.526
   0.93515     36.799668  0.000  0.000  0.000  0.086  0.194  0.000  0.000  0.292  0.000  0.573
   0.90499     36.744026  0.000  0.000  0.000  0.084  0.249  0.000  0.000  0.271  0.000  0.604
   0.87482     36.618682  0.000  0.000  0.000  0.082  0.306  0.000  0.000  0.225  0.000  0.613
   0.84466     36.428859  0.000  0.000  0.000  0.080  0.357  0.000  0.000  0.159  0.000  0.597
   0.81449     36.186187  0.000  0.000  0.000  0.079  0.390  0.000  0.000  0.088  0.000  0.557
   0.78432     35.904466  0.000  0.000  0.000  0.074  0.394  0.000  0.000  0.034  0.000  0.501
   0.75416     35.596202  0.000  0.000  0.000  0.068  0.369  0.000  0.000  0.011  0.000  0.448
   0.72399     35.328437  0.061  0.046  0.022  0.000  0.000  0.017  0.222  0.000  0.045  0.414
   0.69382     35.106290  0.056  0.050  0.015  0.000  0.000  0.006  0.228  0.000  0.041  0.399
   0.66366     34.869501  0.053  0.055  0.009  0.000  0.000  0.000  0.223  0.000  0.039  0.380
   0.63349     34.634463  0.051  0.055  0.004  0.000  0.000  0.012  0.193  0.000  0.033  0.350
   0.60333     34.455840  0.057  0.048  0.005  0.000  0.000  0.097  0.107  0.000  0.030  0.344
   0.57316     34.380837  0.066  0.036  0.015  0.000  0.000  0.209  0.036  0.000  0.033  0.393
   0.54299     34.357793  0.076  0.026  0.020  0.000  0.000  0.265  0.013  0.000  0.032  0.433
   0.51283     34.343669  0.085  0.019  0.022  0.000  0.000  0.294  0.005  0.000  0.029  0.455
   0.48266     34.319673  0.094  0.014  0.025  0.000  0.000  0.308  0.003  0.000  0.023  0.466
   0.45249     34.274877  0.102  0.011  0.025  0.000  0.000  0.310  0.002  0.000  0.015  0.462
   0.42233     34.196023  0.109  0.010  0.018  0.000  0.000  0.275  0.004  0.000  0.006  0.423
   0.39216     34.015414  0.102  0.029  0.002  0.000  0.000  0.095  0.025  0.000  0.032  0.286
   0.36200     34.062465  0.000  0.000  0.000  0.108  0.391  0.000  0.000  0.275  0.000  0.774
   0.33183     33.996367  0.084  0.013  0.051  0.000  0.000  0.423  0.024  0.000  0.020  0.614
   0.30166     33.889971  0.087  0.022  0.045  0.000  0.000  0.423  0.029  0.000  0.012  0.615
   0.27150     33.811945  0.088  0.035  0.037  0.000  0.000  0.410  0.036  0.000  0.015  0.618
   0.24133     33.789564  0.083  0.055  0.025  0.000  0.000  0.374  0.039  0.000  0.041  0.615
   0.21116     33.705492  0.000  0.000  0.000  0.013  0.385  0.000  0.000  0.062  0.000  0.460
   0.18100     33.370390  0.000  0.000  0.000  0.010  0.357  0.000  0.000  0.062  0.000  0.429
   0.15083     33.033997  0.000  0.000  0.000  0.011  0.337  0.000  0.000  0.064  0.000  0.411
   0.12067     32.706040  0.000  0.000  0.000  0.010  0.324  0.000  0.000  0.066  0.000  0.400
   0.09050     32.392607  0.000  0.000  0.000  0.010  0.311  0.001  0.000  0.069  0.000  0.391
   0.06033     32.275323  0.029  0.010  0.028  0.000  0.000  0.117  0.050  0.000  0.025  0.262
   0.03017     32.169997  0.029  0.009  0.025  0.000  0.000  0.144  0.047  0.000  0.027  0.282
   0.00000     32.115290  0.029  0.011  0.018  0.000  0.000  0.168  0.035  0.000  0.032  0.292
 
# Band-Index:   55
   0.00000     34.344819  0.016  0.065  0.004  0.000  0.000  0.053  0.001  0.000  0.428  0.566
   0.03017     34.308486  0.016  0.065  0.005  0.000  0.000  0.052  0.004  0.000  0.411  0.554
   0.06033     34.245786  0.019  0.067  0.006  0.000  0.000  0.056  0.010  0.000  0.387  0.544
   0.09050     34.189011  0.022  0.069  0.007  0.000  0.000  0.069  0.016  0.000  0.356  0.537
   0.12067     34.135337  0.025  0.077  0.008  0.000  0.000  0.098  0.020  0.000  0.305  0.532
   0.15083     34.057285  0.033  0.087  0.008  0.000  0.000  0.157  0.024  0.000  0.232  0.543
   0.18100     33.945449  0.053  0.086  0.010  0.000  0.000  0.235  0.031  0.000  0.156  0.572
   0.21116     33.840085  0.071  0.074  0.015  0.000  0.000  0.312  0.037  0.000  0.090  0.598
   0.24133     34.019873  0.000  0.000  0.000  0.018  0.425  0.000  0.000  0.069  0.000  0.512
   0.27150     34.270637  0.000  0.000  0.000  0.030  0.469  0.000  0.000  0.096  0.000  0.597
   0.30166     34.379204  0.000  0.000  0.000  0.059  0.486  0.000  0.000  0.156  0.000  0.701
   0.33183     34.293516  0.000  0.000  0.000  0.089  0.445  0.000  0.000  0.226  0.000  0.760
   0.36200     34.117283  0.073  0.013  0.055  0.000  0.000  0.413  0.023  0.000  0.042  0.618
   0.39216     34.295051  0.039  0.030  0.062  0.000  0.000  0.313  0.045  0.000  0.100  0.589
   0.42233     34.664107  0.029  0.047  0.049  0.000  0.000  0.125  0.069  0.000  0.116  0.438
   0.45249     35.103168  0.039  0.044  0.050  0.000  0.000  0.082  0.073  0.000  0.095  0.383
   0.48266     35.521285  0.053  0.035  0.057  0.000  0.000  0.071  0.070  0.000  0.069  0.356
   0.51283     35.878265  0.078  0.023  0.067  0.000  0.000  0.065  0.057  0.000  0.038  0.329
   0.54299     36.146708  0.106  0.013  0.073  0.000  0.000  0.058  0.039  0.000  0.012  0.301
   0.57316     36.322387  0.001  0.000  0.000  0.133  0.011  0.000  0.000  0.065  0.000  0.211
   0.60333     36.264193  0.000  0.000  0.000  0.132  0.008  0.000  0.000  0.078  0.000  0.219
   0.63349     36.224153  0.000  0.000  0.000  0.129  0.006  0.000  0.000  0.098  0.000  0.232
   0.66366     36.210698  0.000  0.000  0.000  0.123  0.003  0.000  0.000  0.127  0.000  0.253
   0.69382     36.235981  0.000  0.000  0.000  0.111  0.002  0.000  0.000  0.170  0.000  0.281
   0.72399     36.315307  0.000  0.000  0.000  0.095  0.000  0.000  0.000  0.221  0.000  0.316
   0.75416     36.461617  0.000  0.000  0.000  0.076  0.002  0.000  0.000  0.267  0.000  0.346
   0.78432     36.677092  0.000  0.000  0.000  0.058  0.013  0.000  0.000  0.286  0.000  0.356
   0.81449     36.951825  0.000  0.000  0.000  0.044  0.043  0.000  0.000  0.263  0.000  0.349
   0.84466     37.201591  0.222  0.022  0.039  0.000  0.000  0.082  0.100  0.000  0.006  0.474
   0.87482     37.063976  0.203  0.016  0.043  0.000  0.000  0.076  0.064  0.000  0.031  0.436
   0.90499     37.004833  0.171  0.010  0.048  0.000  0.000  0.089  0.038  0.000  0.079  0.435
   0.93515     36.995168  0.120  0.014  0.037  0.000  0.000  0.098  0.038  0.000  0.109  0.416
   0.96532     36.955577  0.079  0.028  0.024  0.000  0.000  0.103  0.034  0.000  0.109  0.377
   0.99549     36.898657  0.055  0.045  0.015  0.000  0.000  0.115  0.022  0.000  0.105  0.357
   1.02565     36.859780  0.039  0.066  0.010  0.000  0.000  0.137  0.010  0.000  0.106  0.367
   1.05582     36.850358  0.026  0.085  0.005  0.000  0.000  0.165  0.005  0.000  0.110  0.397
   1.08599     36.864788  0.016  0.105  0.004  0.000  0.000  0.194  0.001  0.000  0.116  0.434
   1.11615     36.890370  0.008  0.120  0.001  0.000  0.000  0.218  0.000  0.000  0.122  0.471
   1.14632     36.913123  0.002  0.132  0.000  0.000  0.000  0.237  0.000  0.000  0.127  0.498
   1.17648     36.921261  0.000  0.088  0.000  0.048  0.046  0.156  0.000  0.086  0.083  0.509
   1.17648     36.921261  0.000  0.088  0.000  0.048  0.046  0.156  0.000  0.086  0.083  0.509
   1.20665     36.916629  0.002  0.132  0.000  0.000  0.000  0.237  0.000  0.000  0.127  0.498
   1.23682     36.903849  0.008  0.120  0.001  0.000  0.000  0.222  0.000  0.000  0.121  0.472
   1.26698     36.893113  0.015  0.106  0.004  0.000  0.000  0.201  0.002  0.000  0.113  0.437
   1.29715     36.896038  0.020  0.086  0.006  0.000  0.000  0.179  0.005  0.000  0.107  0.402
   1.32732     36.921501  0.024  0.067  0.010  0.000  0.000  0.162  0.013  0.000  0.106  0.383
   1.35748     36.963585  0.026  0.047  0.018  0.000  0.000  0.162  0.027  0.000  0.119  0.398
   1.38765     36.958526  0.030  0.028  0.035  0.000  0.000  0.194  0.038  0.000  0.155  0.481
   1.41781     36.767845  0.043  0.016  0.058  0.000  0.000  0.225  0.032  0.000  0.177  0.551
   1.44798     36.628114  0.000  0.000  0.000  0.054  0.316  0.000  0.000  0.246  0.000  0.616
   1.47815     36.710413  0.113  0.055  0.004  0.000  0.000  0.051  0.161  0.000  0.011  0.392
   1.50831     36.961689  0.125  0.057  0.005  0.000  0.000  0.069  0.155  0.000  0.009  0.421
   1.53848     37.185857  0.128  0.060  0.007  0.000  0.000  0.091  0.157  0.000  0.008  0.452
   1.56865     37.252407  0.000  0.000  0.000  0.053  0.009  0.000  0.000  0.257  0.000  0.319
   1.59881     37.187193  0.000  0.000  0.000  0.039  0.019  0.000  0.000  0.264  0.000  0.323
   1.62898     37.043186  0.095  0.051  0.016  0.000  0.000  0.084  0.057  0.000  0.032  0.337
   1.65914     36.816380  0.103  0.039  0.020  0.000  0.000  0.074  0.031  0.000  0.026  0.291
   1.68931     36.607544  0.107  0.028  0.025  0.000  0.000  0.069  0.016  0.000  0.018  0.261
   1.71948     36.420847  0.104  0.019  0.030  0.000  0.000  0.064  0.008  0.000  0.011  0.236
   1.74964     36.245133  0.100  0.015  0.032  0.000  0.000  0.060  0.005  0.000  0.007  0.218
   1.77981     36.056176  0.087  0.017  0.030  0.000  0.000  0.057  0.004  0.000  0.012  0.207
   1.80998     35.820719  0.072  0.026  0.027  0.000  0.000  0.053  0.004  0.000  0.029  0.208
   1.84014     35.688561  0.000  0.000  0.000  0.196  0.125  0.000  0.000  0.167  0.000  0.487
   1.87031     35.820438  0.000  0.000  0.000  0.198  0.144  0.000  0.000  0.161  0.000  0.504
   1.90047     35.975166  0.000  0.000  0.000  0.199  0.169  0.000  0.000  0.144  0.000  0.513
   1.93064     36.134906  0.000  0.000  0.000  0.195  0.211  0.000  0.000  0.118  0.000  0.524
   1.96081     36.105164  0.053  0.007  0.094  0.000  0.000  0.193  0.219  0.000  0.065  0.630
   1.99097     35.835691  0.046  0.003  0.054  0.000  0.000  0.201  0.192  0.000  0.031  0.526
   2.02114     35.640861  0.000  0.000  0.000  0.025  0.328  0.000  0.000  0.053  0.000  0.406
   2.05131     35.198029  0.000  0.000  0.000  0.021  0.313  0.000  0.000  0.057  0.000  0.392
   2.08147     34.757023  0.000  0.000  0.000  0.018  0.306  0.000  0.000  0.061  0.000  0.385
   2.11164     34.346389  0.049  0.028  0.088  0.000  0.000  0.225  0.133  0.000  0.111  0.638
   2.14180     34.101107  0.055  0.038  0.077  0.000  0.000  0.224  0.113  0.000  0.123  0.631
   2.17197     33.943961  0.063  0.054  0.053  0.000  0.000  0.213  0.083  0.000  0.155  0.619
   2.20214     33.917391  0.066  0.069  0.028  0.000  0.000  0.180  0.051  0.000  0.208  0.603
   2.23230     34.009525  0.059  0.079  0.014  0.000  0.000  0.142  0.033  0.000  0.264  0.592
   2.26247     34.155425  0.045  0.081  0.010  0.000  0.000  0.114  0.024  0.000  0.311  0.584
   2.29264     34.291492  0.031  0.076  0.008  0.000  0.000  0.095  0.018  0.000  0.356  0.583
   2.32280     34.351457  0.020  0.065  0.006  0.000  0.000  0.069  0.007  0.000  0.414  0.581
   2.35297     34.344819  0.016  0.065  0.004  0.000  0.000  0.053  0.001  0.000  0.428  0.566
 
# Band-Index:   56
   2.35297     34.487101  0.004  0.081  0.011  0.000  0.000  0.063  0.012  0.000  0.328  0.497
   2.32280     34.476200  0.004  0.081  0.008  0.000  0.000  0.055  0.009  0.000  0.325  0.481
   2.29264     34.531109  0.004  0.070  0.003  0.000  0.000  0.055  0.005  0.000  0.338  0.478
   2.26247     34.682467  0.006  0.065  0.003  0.000  0.000  0.078  0.009  0.000  0.312  0.473
   2.23230     34.896405  0.006  0.061  0.002  0.000  0.000  0.107  0.014  0.000  0.270  0.463
   2.20214     35.154953  0.009  0.058  0.003  0.000  0.000  0.143  0.018  0.000  0.223  0.455
   2.17197     35.436177  0.015  0.054  0.003  0.000  0.000  0.185  0.021  0.000  0.174  0.453
   2.14180     35.705473  0.024  0.051  0.006  0.000  0.000  0.235  0.023  0.000  0.122  0.462
   2.11164     35.907714  0.037  0.050  0.004  0.000  0.000  0.286  0.027  0.000  0.069  0.476
   2.08147     35.988725  0.053  0.042  0.005  0.000  0.000  0.312  0.036  0.000  0.027  0.475
   2.05131     35.956131  0.058  0.032  0.010  0.000  0.000  0.306  0.049  0.000  0.008  0.462
   2.02114     35.866188  0.055  0.020  0.014  0.000  0.000  0.280  0.078  0.000  0.005  0.455
   1.99097     36.054598  0.000  0.000  0.000  0.044  0.366  0.000  0.000  0.046  0.000  0.455
   1.96081     36.246325  0.000  0.000  0.000  0.157  0.322  0.000  0.000  0.072  0.000  0.550
   1.93064     36.422793  0.083  0.010  0.112  0.000  0.000  0.161  0.163  0.000  0.027  0.556
   1.90047     36.548540  0.098  0.026  0.090  0.000  0.000  0.035  0.040  0.000  0.003  0.293
   1.87031     36.594708  0.092  0.036  0.076  0.000  0.000  0.012  0.025  0.000  0.015  0.256
   1.84014     36.677557  0.086  0.046  0.064  0.000  0.000  0.010  0.023  0.000  0.029  0.258
   1.80998     36.763282  0.000  0.000  0.000  0.062  0.004  0.000  0.000  0.152  0.000  0.218
   1.77981     36.789895  0.000  0.000  0.000  0.042  0.011  0.000  0.000  0.168  0.000  0.220
   1.74964     36.839239  0.000  0.000  0.000  0.026  0.020  0.000  0.000  0.188  0.000  0.232
   1.71948     36.907206  0.000  0.000  0.000  0.011  0.028  0.000  0.000  0.209  0.000  0.249
   1.68931     36.983825  0.000  0.000  0.000  0.007  0.035  0.000  0.000  0.230  0.000  0.273
   1.65914     37.058300  0.000  0.000  0.000  0.011  0.035  0.000  0.000  0.249  0.000  0.297
   1.62898     37.125338  0.000  0.000  0.000  0.025  0.029  0.000  0.000  0.260  0.000  0.315
   1.59881     37.251199  0.091  0.063  0.012  0.000  0.000  0.101  0.104  0.000  0.031  0.402
   1.56865     37.320077  0.110  0.064  0.008  0.000  0.000  0.113  0.153  0.000  0.015  0.466
   1.53848     37.336367  0.000  0.000  0.000  0.064  0.007  0.000  0.000  0.235  0.000  0.307
   1.50831     37.464720  0.000  0.000  0.000  0.069  0.034  0.000  0.000  0.189  0.000  0.292
   1.47815     37.668396  0.000  0.000  0.000  0.070  0.106  0.000  0.000  0.125  0.000  0.299
   1.44798     37.835317  0.046  0.027  0.027  0.000  0.000  0.027  0.086  0.000  0.002  0.216
   1.41781     37.663377  0.060  0.033  0.031  0.000  0.000  0.033  0.055  0.000  0.005  0.217
   1.38765     37.678727  0.088  0.031  0.044  0.000  0.000  0.072  0.023  0.000  0.040  0.299
   1.35748     37.918290  0.115  0.023  0.050  0.000  0.000  0.117  0.012  0.000  0.091  0.410
   1.32732     37.754253  0.000  0.000  0.000  0.054  0.079  0.000  0.000  0.048  0.000  0.182
   1.29715     37.480392  0.000  0.000  0.000  0.072  0.093  0.000  0.000  0.087  0.000  0.252
   1.26698     37.251334  0.000  0.000  0.000  0.093  0.106  0.000  0.000  0.137  0.000  0.337
   1.23682     37.075350  0.000  0.000  0.000  0.114  0.118  0.000  0.000  0.188  0.000  0.420
   1.20665     36.962293  0.000  0.000  0.000  0.130  0.126  0.000  0.000  0.227  0.000  0.484
   1.17648     36.923742  0.000  0.048  0.000  0.088  0.082  0.086  0.000  0.157  0.046  0.507
   1.17648     36.923742  0.000  0.048  0.000  0.088  0.082  0.086  0.000  0.157  0.046  0.507
   1.14632     36.965501  0.000  0.000  0.000  0.130  0.126  0.000  0.000  0.229  0.000  0.484
   1.11615     37.084637  0.000  0.000  0.000  0.115  0.118  0.000  0.000  0.192  0.000  0.425
   1.08599     37.262891  0.000  0.000  0.000  0.094  0.107  0.000  0.000  0.147  0.000  0.349
   1.05582     37.486815  0.000  0.000  0.000  0.073  0.097  0.000  0.000  0.102  0.000  0.273
   1.02565     37.750234  0.000  0.000  0.000  0.052  0.088  0.000  0.000  0.064  0.000  0.205
   0.99549     38.048429  0.000  0.000  0.000  0.034  0.087  0.000  0.000  0.039  0.000  0.162
   0.96532     38.054080  0.117  0.029  0.060  0.000  0.000  0.088  0.026  0.000  0.054  0.375
   0.93515     37.952817  0.079  0.034  0.055  0.000  0.000  0.069  0.048  0.000  0.023  0.307
   0.90499     37.975391  0.000  0.000  0.000  0.042  0.236  0.000  0.000  0.076  0.000  0.353
   0.87482     37.618202  0.000  0.000  0.000  0.038  0.157  0.000  0.000  0.144  0.000  0.338
   0.84466     37.270735  0.000  0.000  0.000  0.038  0.092  0.000  0.000  0.210  0.000  0.340
   0.81449     37.343313  0.232  0.030  0.042  0.000  0.000  0.103  0.129  0.000  0.010  0.549
   0.78432     37.379124  0.216  0.042  0.043  0.000  0.000  0.119  0.128  0.000  0.044  0.593
   0.75416     37.255949  0.182  0.046  0.042  0.000  0.000  0.106  0.086  0.000  0.069  0.532
   0.72399     37.072024  0.167  0.040  0.043  0.000  0.000  0.093  0.053  0.000  0.066  0.460
   0.69382     36.894310  0.160  0.031  0.046  0.000  0.000  0.082  0.033  0.000  0.055  0.407
   0.66366     36.739595  0.155  0.022  0.050  0.000  0.000  0.073  0.022  0.000  0.039  0.363
   0.63349     36.604677  0.150  0.017  0.057  0.000  0.000  0.064  0.017  0.000  0.023  0.330
   0.60333     36.476698  0.143  0.011  0.064  0.000  0.000  0.058  0.018  0.000  0.010  0.303
   0.57316     36.334616  0.127  0.011  0.070  0.000  0.000  0.054  0.024  0.000  0.004  0.291
   0.54299     36.393198  0.000  0.000  0.000  0.135  0.015  0.000  0.000  0.059  0.000  0.208
   0.51283     36.471890  0.000  0.000  0.000  0.133  0.019  0.000  0.000  0.055  0.000  0.207
   0.48266     36.553660  0.000  0.000  0.000  0.131  0.024  0.000  0.000  0.056  0.000  0.211
   0.45249     36.629350  0.000  0.000  0.000  0.124  0.035  0.000  0.000  0.060  0.000  0.220
   0.42233     36.669359  0.000  0.000  0.000  0.104  0.062  0.000  0.000  0.076  0.000  0.243
   0.39216     36.418238  0.040  0.004  0.044  0.000  0.000  0.171  0.139  0.000  0.094  0.495
   0.36200     36.082255  0.038  0.006  0.042  0.000  0.000  0.154  0.133  0.000  0.116  0.488
   0.33183     35.764463  0.038  0.006  0.040  0.000  0.000  0.142  0.128  0.000  0.133  0.486
   0.30166     35.472319  0.040  0.006  0.037  0.000  0.000  0.136  0.125  0.000  0.150  0.494
   0.27150     35.209807  0.043  0.008  0.034  0.000  0.000  0.134  0.123  0.000  0.167  0.509
   0.24133     34.980013  0.046  0.011  0.032  0.000  0.000  0.137  0.120  0.000  0.187  0.531
   0.21116     34.788052  0.045  0.015  0.030  0.000  0.000  0.144  0.117  0.000  0.208  0.561
   0.18100     34.644351  0.046  0.025  0.027  0.000  0.000  0.156  0.111  0.000  0.230  0.596
   0.15083     34.564657  0.042  0.043  0.024  0.000  0.000  0.168  0.096  0.000  0.249  0.623
   0.12067     34.550831  0.032  0.064  0.020  0.000  0.000  0.162  0.072  0.000  0.270  0.617
   0.09050     34.561558  0.017  0.076  0.015  0.000  0.000  0.132  0.045  0.000  0.300  0.583
   0.06033     34.551736  0.007  0.078  0.013  0.000  0.000  0.098  0.025  0.000  0.325  0.545
   0.03017     34.515243  0.005  0.078  0.011  0.000  0.000  0.073  0.014  0.000  0.335  0.516
   0.00000     34.487101  0.004  0.081  0.011  0.000  0.000  0.063  0.012  0.000  0.328  0.497
 
# Band-Index:   57
   0.00000     36.905252  0.019  0.015  0.002  0.130  0.133  0.024  0.008  0.134  0.009  0.475
   0.03017     36.872084  0.135  0.109  0.012  0.000  0.001  0.167  0.058  0.001  0.068  0.552
   0.06033     36.782877  0.129  0.099  0.009  0.000  0.000  0.144  0.048  0.000  0.075  0.503
   0.09050     36.689328  0.118  0.085  0.005  0.000  0.000  0.108  0.033  0.000  0.087  0.434
   0.12067     36.638624  0.098  0.068  0.002  0.004  0.004  0.069  0.018  0.006  0.097  0.367
   0.15083     36.505288  0.000  0.000  0.000  0.155  0.139  0.000  0.000  0.208  0.000  0.502
   0.18100     36.341824  0.000  0.000  0.000  0.155  0.125  0.000  0.000  0.226  0.000  0.506
   0.21116     36.162388  0.000  0.000  0.000  0.153  0.101  0.000  0.000  0.244  0.000  0.498
   0.24133     35.985197  0.000  0.000  0.000  0.149  0.065  0.000  0.000  0.254  0.000  0.469
   0.27150     35.852832  0.000  0.000  0.000  0.135  0.021  0.000  0.000  0.245  0.000  0.402
   0.30166     35.843948  0.000  0.000  0.000  0.104  0.005  0.000  0.000  0.202  0.000  0.311
   0.33183     36.009382  0.000  0.000  0.000  0.073  0.046  0.000  0.000  0.148  0.000  0.266
   0.36200     36.290730  0.000  0.000  0.000  0.053  0.096  0.000  0.000  0.115  0.000  0.264
   0.39216     36.567984  0.000  0.000  0.000  0.062  0.109  0.000  0.000  0.101  0.000  0.272
   0.42233     36.729991  0.125  0.025  0.058  0.000  0.000  0.107  0.042  0.000  0.002  0.361
   0.45249     36.760510  0.102  0.056  0.044  0.000  0.000  0.017  0.022  0.000  0.032  0.273
   0.48266     36.827305  0.085  0.066  0.038  0.000  0.000  0.015  0.045  0.000  0.051  0.301
   0.51283     36.965526  0.061  0.078  0.029  0.000  0.000  0.027  0.082  0.000  0.081  0.359
   0.54299     37.185233  0.038  0.082  0.028  0.000  0.000  0.055  0.134  0.000  0.113  0.451
   0.57316     37.456605  0.030  0.075  0.040  0.000  0.000  0.097  0.194  0.000  0.132  0.566
   0.60333     37.720315  0.040  0.059  0.062  0.000  0.000  0.146  0.243  0.000  0.127  0.675
   0.63349     37.936761  0.059  0.046  0.078  0.000  0.000  0.176  0.249  0.000  0.098  0.703
   0.66366     38.096359  0.082  0.043  0.081  0.000  0.000  0.173  0.222  0.000  0.062  0.660
   0.69382     38.181645  0.109  0.042  0.075  0.000  0.000  0.145  0.178  0.000  0.029  0.578
   0.72399     38.174802  0.136  0.040  0.061  0.000  0.000  0.102  0.125  0.000  0.006  0.470
   0.75416     38.101609  0.139  0.040  0.044  0.000  0.000  0.054  0.069  0.000  0.005  0.351
   0.78432     38.059100  0.107  0.048  0.028  0.000  0.000  0.014  0.019  0.000  0.040  0.257
   0.81449     38.162347  0.070  0.064  0.022  0.000  0.000  0.010  0.027  0.000  0.089  0.282
   0.84466     38.277437  0.024  0.052  0.031  0.000  0.000  0.032  0.110  0.000  0.058  0.310
   0.87482     38.143577  0.029  0.036  0.036  0.000  0.000  0.043  0.115  0.000  0.006  0.265
   0.90499     37.992097  0.048  0.035  0.045  0.000  0.000  0.052  0.082  0.000  0.004  0.264
   0.93515     38.303399  0.000  0.000  0.000  0.046  0.322  0.000  0.000  0.029  0.000  0.397
   0.96532     38.352896  0.000  0.000  0.000  0.020  0.155  0.000  0.000  0.036  0.000  0.210
   0.99549     38.243624  0.159  0.025  0.057  0.000  0.000  0.098  0.019  0.000  0.077  0.434
   1.02565     38.460459  0.222  0.020  0.047  0.000  0.000  0.093  0.018  0.000  0.083  0.479
   1.05582     38.660457  0.332  0.015  0.032  0.000  0.000  0.067  0.020  0.000  0.064  0.531
   1.08599     38.800922  0.496  0.008  0.015  0.000  0.000  0.025  0.025  0.000  0.023  0.595
   1.11615     38.864732  0.599  0.003  0.006  0.000  0.000  0.003  0.027  0.000  0.003  0.640
   1.14632     38.886783  0.629  0.000  0.002  0.000  0.000  0.000  0.027  0.000  0.000  0.659
   1.17648     38.892336  0.635  0.000  0.000  0.000  0.000  0.000  0.027  0.000  0.000  0.662
   1.17648     38.892336  0.635  0.000  0.000  0.000  0.000  0.000  0.027  0.000  0.000  0.662
   1.20665     38.886554  0.629  0.000  0.002  0.000  0.000  0.000  0.027  0.000  0.000  0.659
   1.23682     38.859759  0.591  0.003  0.006  0.000  0.000  0.007  0.027  0.000  0.006  0.640
   1.26698     38.760943  0.426  0.011  0.018  0.000  0.000  0.052  0.021  0.000  0.051  0.579
   1.29715     38.534463  0.234  0.017  0.034  0.000  0.000  0.111  0.015  0.000  0.106  0.515
   1.32732     38.233455  0.151  0.020  0.044  0.000  0.000  0.129  0.012  0.000  0.113  0.470
   1.35748     38.062625  0.000  0.000  0.000  0.039  0.070  0.000  0.000  0.023  0.000  0.132
   1.38765     38.378988  0.000  0.000  0.000  0.024  0.110  0.000  0.000  0.010  0.000  0.144
   1.41781     38.293436  0.000  0.000  0.000  0.054  0.298  0.000  0.000  0.026  0.000  0.378
   1.44798     37.955584  0.000  0.000  0.000  0.064  0.203  0.000  0.000  0.066  0.000  0.332
   1.47815     38.085579  0.035  0.023  0.027  0.000  0.000  0.027  0.113  0.000  0.003  0.229
   1.50831     38.331978  0.025  0.037  0.029  0.000  0.000  0.027  0.130  0.000  0.011  0.258
   1.53848     38.198924  0.095  0.066  0.023  0.000  0.000  0.014  0.028  0.000  0.064  0.291
   1.56865     37.981059  0.132  0.051  0.026  0.000  0.000  0.011  0.005  0.000  0.051  0.278
   1.59881     37.933170  0.142  0.043  0.033  0.000  0.000  0.044  0.038  0.000  0.026  0.328
   1.62898     37.959848  0.107  0.041  0.035  0.003  0.000  0.080  0.058  0.006  0.018  0.350
   1.65914     37.813911  0.000  0.000  0.000  0.151  0.006  0.000  0.000  0.202  0.000  0.358
   1.68931     37.699475  0.000  0.000  0.000  0.156  0.010  0.000  0.000  0.211  0.000  0.376
   1.71948     37.543456  0.056  0.053  0.036  0.000  0.000  0.067  0.028  0.000  0.042  0.283
   1.74964     37.294335  0.057  0.057  0.039  0.000  0.000  0.047  0.022  0.000  0.050  0.275
   1.77981     37.041751  0.065  0.061  0.043  0.000  0.000  0.030  0.020  0.000  0.053  0.270
   1.80998     36.826022  0.076  0.055  0.053  0.000  0.000  0.016  0.021  0.000  0.044  0.266
   1.84014     36.756875  0.000  0.000  0.000  0.080  0.001  0.000  0.000  0.143  0.000  0.224
   1.87031     36.762749  0.000  0.000  0.000  0.096  0.002  0.000  0.000  0.141  0.000  0.238
   1.90047     36.768201  0.000  0.000  0.000  0.106  0.006  0.000  0.000  0.144  0.000  0.257
   1.93064     36.679692  0.032  0.040  0.028  0.000  0.000  0.043  0.080  0.000  0.099  0.324
   1.96081     36.607883  0.000  0.000  0.000  0.091  0.023  0.000  0.000  0.158  0.000  0.273
   1.99097     36.566305  0.000  0.000  0.000  0.179  0.045  0.000  0.000  0.146  0.000  0.371
   2.02114     36.667293  0.000  0.000  0.000  0.185  0.107  0.000  0.000  0.133  0.000  0.426
   2.05131     36.719807  0.097  0.019  0.031  0.000  0.000  0.016  0.002  0.000  0.078  0.245
   2.08147     36.739355  0.104  0.020  0.027  0.000  0.000  0.029  0.007  0.000  0.084  0.271
   2.11164     36.762432  0.106  0.025  0.024  0.000  0.000  0.049  0.014  0.000  0.081  0.299
   2.14180     36.792323  0.108  0.035  0.019  0.000  0.000  0.069  0.019  0.000  0.075  0.324
   2.17197     36.820622  0.111  0.045  0.016  0.000  0.000  0.082  0.022  0.000  0.073  0.349
   2.20214     36.843469  0.119  0.054  0.014  0.000  0.000  0.094  0.027  0.000  0.072  0.380
   2.23230     36.862601  0.124  0.066  0.011  0.000  0.000  0.111  0.033  0.000  0.072  0.420
   2.26247     36.879542  0.130  0.081  0.012  0.000  0.001  0.131  0.042  0.001  0.071  0.467
   2.29264     36.894115  0.133  0.094  0.012  0.002  0.003  0.150  0.050  0.003  0.068  0.516
   2.32280     36.903667  0.078  0.062  0.008  0.064  0.066  0.097  0.034  0.067  0.038  0.514
   2.35297     36.905252  0.019  0.015  0.002  0.130  0.133  0.024  0.008  0.134  0.009  0.475
 
# Band-Index:   58
   2.35297     36.909402  0.121  0.098  0.012  0.020  0.021  0.154  0.053  0.021  0.058  0.556
   2.32280     36.906505  0.059  0.047  0.006  0.086  0.088  0.074  0.025  0.088  0.029  0.501
   2.29264     36.903845  0.002  0.002  0.000  0.148  0.150  0.003  0.001  0.153  0.001  0.460
   2.26247     36.900891  0.000  0.000  0.000  0.151  0.151  0.001  0.000  0.155  0.000  0.458
   2.23230     36.896579  0.000  0.000  0.000  0.152  0.150  0.000  0.000  0.156  0.000  0.458
   2.20214     36.890424  0.000  0.000  0.000  0.153  0.148  0.000  0.000  0.156  0.000  0.457
   2.17197     36.881639  0.000  0.000  0.000  0.154  0.146  0.000  0.000  0.156  0.000  0.457
   2.14180     36.868734  0.000  0.000  0.000  0.157  0.144  0.000  0.000  0.156  0.000  0.457
   2.11164     36.848645  0.000  0.000  0.000  0.160  0.144  0.000  0.000  0.154  0.000  0.459
   2.08147     36.815037  0.000  0.000  0.000  0.166  0.142  0.000  0.000  0.149  0.000  0.459
   2.05131     36.757068  0.000  0.000  0.000  0.176  0.133  0.000  0.000  0.140  0.000  0.449
   2.02114     36.697056  0.086  0.023  0.037  0.000  0.000  0.008  0.002  0.000  0.070  0.225
   1.99097     36.671256  0.075  0.027  0.040  0.000  0.000  0.002  0.005  0.000  0.062  0.213
   1.96081     36.651205  0.065  0.033  0.040  0.000  0.000  0.000  0.016  0.000  0.064  0.217
   1.93064     36.743647  0.000  0.000  0.000  0.101  0.021  0.000  0.000  0.155  0.000  0.277
   1.90047     36.927572  0.022  0.032  0.051  0.000  0.000  0.178  0.222  0.000  0.120  0.626
   1.87031     37.279490  0.034  0.033  0.064  0.000  0.000  0.208  0.261  0.000  0.110  0.712
   1.84014     37.609826  0.000  0.000  0.000  0.092  0.068  0.000  0.001  0.219  0.000  0.379
   1.80998     37.575205  0.000  0.000  0.000  0.111  0.055  0.000  0.000  0.228  0.000  0.394
   1.77981     37.563366  0.000  0.000  0.000  0.128  0.042  0.000  0.000  0.230  0.000  0.400
   1.74964     37.577747  0.000  0.000  0.000  0.144  0.030  0.000  0.000  0.226  0.000  0.400
   1.71948     37.621641  0.000  0.000  0.000  0.153  0.019  0.000  0.000  0.220  0.000  0.391
   1.68931     37.757592  0.058  0.049  0.039  0.000  0.000  0.083  0.040  0.000  0.033  0.301
   1.65914     37.907249  0.076  0.045  0.037  0.000  0.000  0.093  0.053  0.000  0.023  0.328
   1.62898     37.961994  0.002  0.000  0.001  0.136  0.008  0.003  0.001  0.190  0.000  0.344
   1.59881     38.134869  0.000  0.000  0.000  0.123  0.015  0.000  0.000  0.195  0.000  0.331
   1.56865     38.322103  0.000  0.000  0.000  0.108  0.022  0.000  0.000  0.196  0.000  0.327
   1.53848     38.514057  0.000  0.000  0.000  0.095  0.031  0.000  0.000  0.201  0.000  0.327
   1.50831     38.622960  0.122  0.058  0.009  0.000  0.000  0.013  0.004  0.000  0.093  0.299
   1.47815     38.885084  0.000  0.000  0.000  0.070  0.043  0.000  0.000  0.219  0.000  0.331
   1.44798     39.041097  0.234  0.051  0.016  0.000  0.000  0.035  0.022  0.001  0.095  0.456
   1.41781     38.778374  0.000  0.000  0.000  0.039  0.004  0.000  0.000  0.012  0.000  0.055
   1.38765     38.713475  0.000  0.000  0.000  0.076  0.277  0.000  0.000  0.008  0.000  0.362
   1.35748     39.028288  0.005  0.000  0.000  0.073  0.375  0.001  0.000  0.025  0.001  0.480
   1.32732     39.038757  0.380  0.017  0.006  0.000  0.000  0.072  0.020  0.000  0.085  0.581
   1.29715     39.041142  0.339  0.012  0.005  0.000  0.000  0.095  0.015  0.000  0.111  0.578
   1.26698     39.090393  0.187  0.012  0.009  0.000  0.000  0.148  0.007  0.000  0.170  0.533
   1.23682     39.223967  0.058  0.013  0.012  0.000  0.000  0.174  0.001  0.000  0.201  0.461
   1.20665     39.376902  0.056  0.014  0.013  0.000  0.000  0.135  0.000  0.000  0.159  0.377
   1.17648     39.481474  0.116  0.000  0.020  0.000  0.000  0.000  0.000  0.000  0.000  0.136
   1.17648     39.481474  0.116  0.000  0.020  0.000  0.000  0.000  0.000  0.000  0.000  0.136
   1.14632     39.384506  0.060  0.012  0.013  0.000  0.000  0.129  0.000  0.000  0.152  0.368
   1.11615     39.260921  0.054  0.013  0.014  0.000  0.000  0.169  0.000  0.000  0.201  0.451
   1.08599     39.154010  0.120  0.011  0.013  0.000  0.000  0.167  0.003  0.000  0.204  0.519
   1.05582     39.103320  0.245  0.012  0.009  0.000  0.000  0.131  0.009  0.000  0.171  0.577
   1.02565     39.065280  0.000  0.000  0.000  0.065  0.283  0.000  0.000  0.138  0.000  0.486
   0.99549     38.876144  0.000  0.000  0.000  0.075  0.285  0.000  0.000  0.083  0.000  0.443
   0.96532     38.677970  0.000  0.000  0.000  0.081  0.215  0.000  0.000  0.019  0.000  0.316
   0.93515     38.763426  0.000  0.000  0.000  0.018  0.011  0.000  0.000  0.207  0.000  0.236
   0.90499     38.573075  0.000  0.000  0.000  0.069  0.024  0.000  0.000  0.181  0.000  0.273
   0.87482     38.437524  0.000  0.000  0.000  0.089  0.030  0.000  0.000  0.137  0.000  0.256
   0.84466     38.349211  0.000  0.000  0.000  0.100  0.027  0.000  0.000  0.110  0.000  0.237
   0.81449     38.295135  0.000  0.000  0.000  0.108  0.021  0.000  0.000  0.094  0.000  0.224
   0.78432     38.264799  0.000  0.000  0.000  0.113  0.018  0.000  0.000  0.085  0.000  0.215
   0.75416     38.250366  0.000  0.000  0.000  0.116  0.014  0.000  0.000  0.079  0.000  0.209
   0.72399     38.246672  0.000  0.000  0.000  0.117  0.013  0.000  0.000  0.073  0.000  0.203
   0.69382     38.250540  0.000  0.000  0.000  0.117  0.012  0.000  0.000  0.067  0.000  0.196
   0.66366     38.260141  0.000  0.000  0.000  0.116  0.012  0.000  0.000  0.061  0.000  0.190
   0.63349     38.274468  0.000  0.000  0.000  0.119  0.012  0.000  0.000  0.057  0.000  0.187
   0.60333     38.082142  0.043  0.038  0.030  0.000  0.000  0.120  0.027  0.000  0.011  0.268
   0.57316     37.871150  0.061  0.021  0.048  0.000  0.000  0.166  0.077  0.000  0.012  0.387
   0.54299     37.702532  0.069  0.008  0.060  0.000  0.000  0.203  0.131  0.000  0.020  0.490
   0.51283     37.547039  0.064  0.002  0.063  0.000  0.000  0.226  0.169  0.000  0.023  0.548
   0.48266     37.354557  0.050  0.002  0.058  0.000  0.000  0.231  0.183  0.000  0.033  0.559
   0.45249     37.088049  0.035  0.005  0.050  0.000  0.000  0.209  0.175  0.000  0.059  0.533
   0.42233     36.780584  0.014  0.030  0.031  0.000  0.000  0.097  0.128  0.000  0.109  0.407
   0.39216     36.770887  0.104  0.045  0.036  0.000  0.000  0.020  0.011  0.000  0.037  0.255
   0.36200     36.813590  0.110  0.043  0.033  0.000  0.000  0.032  0.005  0.000  0.032  0.255
   0.33183     36.867981  0.111  0.041  0.027  0.000  0.000  0.041  0.002  0.000  0.031  0.256
   0.30166     36.920845  0.104  0.044  0.022  0.000  0.000  0.049  0.002  0.000  0.034  0.253
   0.27150     36.951495  0.084  0.049  0.015  0.000  0.000  0.050  0.002  0.000  0.042  0.244
   0.24133     36.926599  0.058  0.053  0.010  0.000  0.000  0.040  0.001  0.000  0.064  0.226
   0.21116     36.836856  0.048  0.053  0.005  0.000  0.000  0.028  0.000  0.000  0.092  0.227
   0.18100     36.729604  0.062  0.053  0.002  0.000  0.000  0.027  0.001  0.000  0.108  0.254
   0.15083     36.654224  0.080  0.059  0.000  0.000  0.000  0.042  0.007  0.000  0.110  0.300
   0.12067     36.645101  0.003  0.002  0.000  0.149  0.143  0.002  0.001  0.184  0.003  0.489
   0.09050     36.756880  0.000  0.000  0.000  0.153  0.152  0.000  0.000  0.175  0.000  0.480
   0.06033     36.838843  0.000  0.000  0.000  0.152  0.153  0.000  0.000  0.165  0.000  0.470
   0.03017     36.889050  0.001  0.001  0.000  0.150  0.153  0.001  0.000  0.157  0.000  0.464
   0.00000     36.909402  0.121  0.098  0.012  0.020  0.021  0.154  0.053  0.021  0.058  0.556
 
# Band-Index:   59
   0.00000     37.706057  0.000  0.000  0.000  0.182  0.076  0.000  0.000  0.010  0.000  0.268
   0.03017     37.704108  0.000  0.000  0.000  0.182  0.075  0.000  0.000  0.010  0.000  0.267
   0.06033     37.697528  0.000  0.000  0.000  0.182  0.071  0.000  0.000  0.011  0.000  0.264
   0.09050     37.684465  0.000  0.000  0.000  0.181  0.067  0.000  0.000  0.012  0.000  0.260
   0.12067     37.662562  0.000  0.000  0.000  0.178  0.061  0.000  0.000  0.013  0.000  0.253
   0.15083     37.629604  0.000  0.000  0.000  0.177  0.054  0.000  0.000  0.016  0.000  0.247
   0.18100     37.581830  0.138  0.018  0.011  0.036  0.010  0.045  0.007  0.004  0.027  0.295
   0.21116     37.523656  0.090  0.007  0.008  0.078  0.018  0.022  0.005  0.010  0.025  0.262
   0.24133     37.453052  0.000  0.000  0.000  0.165  0.031  0.000  0.000  0.023  0.000  0.220
   0.27150     37.370664  0.000  0.000  0.000  0.162  0.025  0.000  0.000  0.024  0.000  0.210
   0.30166     37.281775  0.000  0.000  0.000  0.158  0.019  0.000  0.000  0.023  0.000  0.200
   0.33183     37.193449  0.000  0.000  0.000  0.154  0.014  0.000  0.000  0.019  0.000  0.189
   0.36200     37.121733  0.000  0.000  0.000  0.149  0.014  0.000  0.000  0.013  0.000  0.177
   0.39216     37.125292  0.000  0.000  0.000  0.128  0.040  0.000  0.000  0.003  0.000  0.171
   0.42233     37.343551  0.000  0.000  0.000  0.078  0.112  0.000  0.000  0.014  0.000  0.205
   0.45249     37.727235  0.000  0.000  0.000  0.055  0.156  0.000  0.000  0.022  0.000  0.232
   0.48266     38.161760  0.000  0.000  0.000  0.046  0.177  0.000  0.000  0.025  0.000  0.247
   0.51283     38.373157  0.000  0.000  0.000  0.114  0.018  0.000  0.000  0.042  0.000  0.175
   0.54299     38.342705  0.000  0.000  0.000  0.114  0.016  0.000  0.000  0.043  0.000  0.173
   0.57316     38.315842  0.000  0.000  0.000  0.115  0.014  0.000  0.000  0.047  0.000  0.176
   0.60333     38.293077  0.000  0.000  0.000  0.117  0.013  0.000  0.000  0.051  0.000  0.181
   0.63349     38.329690  0.024  0.051  0.015  0.000  0.000  0.088  0.011  0.000  0.019  0.210
   0.66366     38.575080  0.018  0.057  0.011  0.000  0.000  0.078  0.015  0.000  0.027  0.206
   0.69382     38.784417  0.018  0.055  0.011  0.000  0.000  0.075  0.020  0.000  0.029  0.209
   0.72399     38.936718  0.023  0.049  0.011  0.000  0.000  0.072  0.027  0.000  0.029  0.211
   0.75416     39.004576  0.028  0.042  0.011  0.000  0.000  0.064  0.046  0.000  0.022  0.215
   0.78432     38.937301  0.044  0.031  0.014  0.000  0.000  0.050  0.084  0.000  0.006  0.227
   0.81449     38.750725  0.071  0.027  0.015  0.000  0.000  0.037  0.089  0.000  0.002  0.240
   0.84466     38.636625  0.131  0.049  0.009  0.000  0.000  0.014  0.016  0.000  0.068  0.286
   0.87482     38.828525  0.160  0.074  0.006  0.000  0.000  0.002  0.004  0.000  0.158  0.406
   0.90499     39.055012  0.225  0.070  0.006  0.000  0.000  0.007  0.012  0.000  0.200  0.520
   0.93515     38.815466  0.000  0.000  0.000  0.069  0.001  0.000  0.000  0.023  0.000  0.092
   0.96532     39.072163  0.000  0.000  0.000  0.027  0.019  0.000  0.000  0.207  0.000  0.254
   0.99549     39.121924  0.330  0.023  0.006  0.000  0.000  0.084  0.015  0.000  0.145  0.604
   1.02565     39.101832  0.313  0.016  0.007  0.000  0.000  0.102  0.014  0.000  0.149  0.601
   1.05582     39.229483  0.000  0.000  0.000  0.057  0.280  0.000  0.000  0.178  0.000  0.515
   1.08599     39.364030  0.000  0.000  0.000  0.051  0.278  0.000  0.000  0.207  0.000  0.537
   1.11615     39.464104  0.000  0.000  0.000  0.048  0.279  0.000  0.000  0.227  0.000  0.553
   1.14632     39.525732  0.000  0.000  0.000  0.044  0.279  0.000  0.000  0.238  0.000  0.562
   1.17648     39.541192  0.000  0.028  0.000  0.016  0.099  0.157  0.000  0.085  0.181  0.565
   1.17648     39.541192  0.000  0.028  0.000  0.016  0.099  0.157  0.000  0.085  0.181  0.565
   1.20665     39.539834  0.000  0.000  0.000  0.044  0.281  0.000  0.000  0.238  0.000  0.564
   1.23682     39.517454  0.000  0.000  0.000  0.049  0.288  0.000  0.000  0.226  0.000  0.562
   1.26698     39.473181  0.000  0.000  0.000  0.054  0.301  0.000  0.000  0.203  0.000  0.558
   1.29715     39.395832  0.000  0.000  0.000  0.059  0.328  0.000  0.000  0.163  0.000  0.551
   1.32732     39.261446  0.000  0.000  0.000  0.069  0.369  0.000  0.000  0.097  0.000  0.536
   1.35748     39.050007  0.368  0.022  0.006  0.000  0.005  0.062  0.021  0.000  0.076  0.563
   1.38765     39.060709  0.344  0.031  0.011  0.000  0.000  0.056  0.023  0.000  0.074  0.537
   1.41781     39.062771  0.301  0.038  0.013  0.000  0.000  0.050  0.024  0.000  0.078  0.504
   1.44798     39.057087  0.002  0.000  0.000  0.056  0.044  0.000  0.000  0.234  0.000  0.337
   1.47815     38.898266  0.111  0.080  0.014  0.000  0.000  0.003  0.012  0.000  0.130  0.350
   1.50831     38.703370  0.000  0.000  0.000  0.082  0.038  0.000  0.000  0.209  0.000  0.328
   1.53848     38.759665  0.068  0.014  0.019  0.000  0.000  0.027  0.102  0.000  0.023  0.254
   1.56865     38.876849  0.184  0.059  0.026  0.000  0.000  0.048  0.046  0.000  0.041  0.404
   1.59881     38.805025  0.188  0.066  0.029  0.000  0.000  0.035  0.054  0.000  0.042  0.415
   1.62898     38.770665  0.209  0.079  0.032  0.000  0.000  0.026  0.080  0.000  0.044  0.470
   1.65914     38.785952  0.212  0.088  0.039  0.000  0.000  0.040  0.132  0.000  0.050  0.561
   1.68931     38.785863  0.170  0.096  0.050  0.000  0.000  0.077  0.201  0.000  0.065  0.661
   1.71948     38.688234  0.114  0.094  0.061  0.000  0.000  0.121  0.267  0.000  0.085  0.742
   1.74964     38.489729  0.081  0.082  0.068  0.000  0.000  0.157  0.304  0.000  0.098  0.789
   1.77981     38.233239  0.067  0.067  0.071  0.000  0.000  0.185  0.315  0.000  0.102  0.807
   1.80998     37.943535  0.059  0.052  0.072  0.000  0.000  0.205  0.308  0.000  0.103  0.798
   1.84014     37.624605  0.047  0.040  0.069  0.000  0.000  0.213  0.288  0.000  0.105  0.763
   1.87031     37.649770  0.000  0.000  0.000  0.074  0.094  0.000  0.000  0.182  0.000  0.352
   1.90047     37.577892  0.000  0.000  0.000  0.062  0.179  0.000  0.000  0.061  0.000  0.302
   1.93064     37.275373  0.000  0.000  0.000  0.075  0.197  0.000  0.000  0.010  0.000  0.282
   1.96081     37.040518  0.000  0.000  0.000  0.128  0.106  0.000  0.000  0.039  0.000  0.272
   1.99097     36.991656  0.000  0.000  0.000  0.155  0.056  0.000  0.000  0.068  0.000  0.279
   2.02114     37.010440  0.000  0.000  0.000  0.167  0.041  0.000  0.000  0.068  0.000  0.276
   2.05131     37.062655  0.000  0.000  0.000  0.176  0.038  0.000  0.000  0.052  0.000  0.266
   2.08147     37.141815  0.000  0.000  0.000  0.184  0.043  0.000  0.000  0.036  0.000  0.263
   2.11164     37.235402  0.000  0.000  0.000  0.186  0.052  0.000  0.000  0.026  0.000  0.264
   2.14180     37.266192  0.079  0.020  0.014  0.000  0.000  0.031  0.024  0.000  0.052  0.220
   2.17197     37.342901  0.095  0.028  0.011  0.000  0.000  0.062  0.023  0.000  0.038  0.256
   2.20214     37.476613  0.103  0.039  0.007  0.000  0.000  0.084  0.023  0.000  0.028  0.286
   2.23230     37.573629  0.000  0.000  0.000  0.184  0.071  0.000  0.000  0.013  0.000  0.268
   2.26247     37.630305  0.000  0.000  0.000  0.182  0.074  0.000  0.000  0.011  0.000  0.267
   2.29264     37.671975  0.000  0.000  0.000  0.183  0.074  0.000  0.000  0.011  0.000  0.268
   2.32280     37.697473  0.000  0.000  0.000  0.182  0.075  0.000  0.000  0.010  0.000  0.267
   2.35297     37.706057  0.000  0.000  0.000  0.182  0.076  0.000  0.000  0.010  0.000  0.268
 
# Band-Index:   60
   2.35297     38.236217  0.064  0.114  0.007  0.000  0.000  0.122  0.026  0.000  0.021  0.354
   2.32280     38.163135  0.078  0.100  0.006  0.000  0.000  0.116  0.026  0.000  0.022  0.349
   2.29264     38.003564  0.095  0.082  0.005  0.000  0.000  0.109  0.025  0.000  0.022  0.339
   2.26247     37.821282  0.104  0.066  0.007  0.000  0.000  0.103  0.024  0.000  0.023  0.326
   2.23230     37.641214  0.106  0.052  0.007  0.000  0.000  0.096  0.024  0.000  0.024  0.309
   2.20214     37.503512  0.000  0.000  0.000  0.185  0.069  0.000  0.000  0.014  0.000  0.267
   2.17197     37.421791  0.000  0.000  0.000  0.185  0.065  0.000  0.000  0.016  0.000  0.266
   2.14180     37.331134  0.000  0.000  0.000  0.186  0.059  0.000  0.000  0.020  0.000  0.266
   2.11164     37.286802  0.052  0.017  0.018  0.000  0.000  0.006  0.027  0.000  0.071  0.192
   2.08147     37.439133  0.025  0.018  0.025  0.000  0.000  0.003  0.032  0.000  0.085  0.189
   2.05131     37.706127  0.011  0.019  0.033  0.000  0.000  0.020  0.039  0.000  0.086  0.208
   2.02114     38.023777  0.013  0.022  0.040  0.000  0.000  0.036  0.048  0.000  0.078  0.239
   1.99097     38.309754  0.043  0.022  0.050  0.000  0.000  0.041  0.065  0.000  0.067  0.287
   1.96081     38.363855  0.000  0.000  0.000  0.024  0.060  0.000  0.000  0.287  0.000  0.371
   1.93064     38.161851  0.000  0.000  0.000  0.029  0.067  0.000  0.000  0.279  0.000  0.376
   1.90047     38.110207  0.000  0.000  0.000  0.033  0.123  0.000  0.000  0.217  0.000  0.373
   1.87031     38.380873  0.000  0.000  0.000  0.031  0.221  0.000  0.000  0.083  0.000  0.335
   1.84014     38.809611  0.000  0.000  0.000  0.031  0.248  0.000  0.000  0.032  0.000  0.311
   1.80998     39.130221  0.105  0.009  0.018  0.000  0.000  0.010  0.002  0.000  0.107  0.253
   1.77981     39.420631  0.100  0.007  0.018  0.000  0.000  0.025  0.007  0.000  0.102  0.259
   1.74964     39.707884  0.113  0.003  0.021  0.000  0.000  0.045  0.033  0.000  0.091  0.306
   1.71948     39.925663  0.144  0.003  0.024  0.000  0.000  0.067  0.100  0.000  0.077  0.415
   1.68931     40.045272  0.101  0.007  0.015  0.000  0.000  0.091  0.183  0.000  0.049  0.447
   1.65914     39.962920  0.050  0.007  0.010  0.000  0.000  0.062  0.139  0.000  0.021  0.289
   1.62898     39.714166  0.049  0.008  0.014  0.000  0.000  0.044  0.129  0.000  0.016  0.263
   1.59881     39.405871  0.050  0.010  0.019  0.000  0.000  0.036  0.128  0.000  0.014  0.257
   1.56865     39.078445  0.052  0.012  0.021  0.000  0.000  0.030  0.120  0.000  0.014  0.249
   1.53848     38.954863  0.194  0.053  0.024  0.000  0.000  0.057  0.039  0.000  0.035  0.405
   1.50831     39.023778  0.226  0.047  0.021  0.000  0.000  0.068  0.039  0.000  0.029  0.431
   1.47815     39.101284  0.255  0.043  0.015  0.000  0.000  0.083  0.041  0.000  0.008  0.446
   1.44798     39.112602  0.000  0.000  0.000  0.033  0.002  0.000  0.000  0.012  0.000  0.048
   1.41781     39.221558  0.000  0.000  0.000  0.046  0.036  0.000  0.000  0.241  0.000  0.324
   1.38765     39.388933  0.000  0.000  0.000  0.033  0.018  0.000  0.000  0.250  0.000  0.300
   1.35748     39.591433  0.000  0.000  0.000  0.017  0.004  0.000  0.000  0.225  0.000  0.246
   1.32732     39.874306  0.000  0.000  0.000  0.010  0.035  0.000  0.000  0.148  0.000  0.193
   1.29715     40.196272  0.000  0.000  0.000  0.009  0.062  0.000  0.000  0.067  0.000  0.138
   1.26698     39.987142  0.072  0.046  0.018  0.000  0.000  0.050  0.001  0.000  0.026  0.213
   1.23682     39.796264  0.070  0.038  0.016  0.000  0.000  0.066  0.000  0.000  0.056  0.246
   1.20665     39.644493  0.056  0.032  0.010  0.000  0.000  0.108  0.000  0.000  0.116  0.325
   1.17648     39.549495  0.000  0.016  0.000  0.028  0.181  0.086  0.000  0.158  0.099  0.566
   1.17648     39.549495  0.000  0.016  0.000  0.028  0.181  0.086  0.000  0.158  0.099  0.566
   1.14632     39.650712  0.052  0.034  0.010  0.000  0.000  0.113  0.000  0.000  0.124  0.337
   1.11615     39.807761  0.066  0.041  0.015  0.000  0.000  0.072  0.000  0.000  0.068  0.263
   1.08599     39.995242  0.068  0.051  0.020  0.000  0.000  0.055  0.001  0.000  0.036  0.230
   1.05582     40.199031  0.000  0.000  0.000  0.010  0.073  0.000  0.000  0.063  0.000  0.146
   1.02565     39.837027  0.000  0.000  0.000  0.013  0.086  0.000  0.000  0.110  0.000  0.210
   0.99549     39.441308  0.000  0.000  0.000  0.018  0.061  0.000  0.000  0.158  0.000  0.236
   0.96532     39.144652  0.321  0.033  0.006  0.000  0.000  0.068  0.016  0.000  0.155  0.599
   0.93515     39.144682  0.292  0.047  0.007  0.000  0.000  0.043  0.015  0.000  0.180  0.585
   0.90499     39.164361  0.000  0.000  0.000  0.030  0.006  0.000  0.000  0.016  0.000  0.053
   0.87482     39.451196  0.163  0.036  0.013  0.000  0.000  0.119  0.037  0.000  0.023  0.390
   0.84466     39.440475  0.162  0.037  0.011  0.000  0.000  0.110  0.041  0.000  0.042  0.404
   0.81449     39.451122  0.153  0.040  0.011  0.000  0.000  0.103  0.058  0.000  0.046  0.411
   0.78432     39.499096  0.158  0.037  0.010  0.000  0.000  0.097  0.110  0.000  0.031  0.444
   0.75416     39.631656  0.186  0.030  0.005  0.000  0.000  0.104  0.202  0.000  0.006  0.532
   0.72399     39.772408  0.246  0.024  0.005  0.000  0.000  0.126  0.265  0.000  0.007  0.674
   0.69382     39.840629  0.297  0.014  0.019  0.000  0.000  0.104  0.217  0.000  0.024  0.672
   0.66366     39.905980  0.319  0.008  0.024  0.000  0.000  0.074  0.165  0.000  0.029  0.621
   0.63349     39.896088  0.259  0.004  0.027  0.000  0.000  0.063  0.121  0.000  0.065  0.537
   0.60333     39.688676  0.156  0.001  0.021  0.000  0.000  0.058  0.075  0.000  0.120  0.430
   0.57316     39.344091  0.103  0.002  0.021  0.000  0.000  0.046  0.046  0.000  0.154  0.369
   0.54299     38.965464  0.082  0.002  0.021  0.000  0.000  0.030  0.027  0.000  0.177  0.338
   0.51283     38.617150  0.026  0.001  0.008  0.026  0.131  0.004  0.004  0.008  0.060  0.267
   0.48266     38.369521  0.091  0.001  0.034  0.000  0.000  0.000  0.015  0.000  0.190  0.329
   0.45249     38.251267  0.095  0.000  0.045  0.000  0.000  0.008  0.036  0.000  0.164  0.349
   0.42233     38.235397  0.085  0.003  0.055  0.000  0.000  0.020  0.057  0.000  0.128  0.349
   0.39216     38.249184  0.061  0.006  0.059  0.000  0.000  0.026  0.068  0.000  0.090  0.309
   0.36200     38.200878  0.034  0.007  0.053  0.000  0.000  0.022  0.059  0.000  0.062  0.237
   0.33183     38.046762  0.032  0.008  0.040  0.000  0.000  0.016  0.041  0.000  0.057  0.193
   0.30166     37.840535  0.053  0.005  0.030  0.000  0.000  0.009  0.027  0.000  0.065  0.190
   0.27150     37.650638  0.090  0.004  0.023  0.000  0.000  0.008  0.018  0.000  0.071  0.215
   0.24133     37.536660  0.138  0.004  0.021  0.000  0.000  0.020  0.012  0.000  0.063  0.257
   0.21116     37.525979  0.077  0.006  0.007  0.091  0.021  0.018  0.004  0.012  0.020  0.258
   0.18100     37.584487  0.036  0.005  0.004  0.138  0.037  0.012  0.002  0.014  0.007  0.253
   0.15083     37.675895  0.173  0.034  0.012  0.000  0.000  0.067  0.010  0.000  0.028  0.324
   0.12067     37.790493  0.165  0.047  0.009  0.000  0.000  0.077  0.012  0.000  0.026  0.335
   0.09050     37.920444  0.148  0.062  0.008  0.000  0.000  0.086  0.015  0.000  0.026  0.344
   0.06033     38.058746  0.120  0.080  0.008  0.000  0.000  0.098  0.019  0.000  0.025  0.350
   0.03017     38.182087  0.084  0.102  0.007  0.000  0.000  0.113  0.023  0.000  0.023  0.354
   0.00000     38.236217  0.064  0.114  0.007  0.000  0.000  0.122  0.026  0.000  0.021  0.354
 
# Band-Index:   61
   0.00000     39.011422  0.293  0.012  0.010  0.000  0.000  0.000  0.005  0.000  0.074  0.394
   0.03017     39.026165  0.286  0.016  0.008  0.000  0.000  0.004  0.005  0.000  0.079  0.397
   0.06033     39.094978  0.275  0.024  0.006  0.000  0.000  0.012  0.009  0.000  0.091  0.418
   0.09050     39.221638  0.271  0.034  0.006  0.000  0.000  0.020  0.013  0.000  0.110  0.456
   0.12067     39.391336  0.272  0.046  0.004  0.000  0.000  0.027  0.018  0.000  0.136  0.503
   0.15083     39.591890  0.279  0.055  0.005  0.000  0.000  0.032  0.023  0.000  0.167  0.559
   0.18100     39.445706  0.000  0.000  0.000  0.037  0.046  0.000  0.000  0.201  0.000  0.284
   0.21116     39.263584  0.000  0.000  0.000  0.044  0.041  0.000  0.000  0.162  0.000  0.247
   0.24133     39.097729  0.000  0.000  0.000  0.053  0.037  0.000  0.000  0.128  0.000  0.218
   0.27150     38.952521  0.000  0.000  0.000  0.063  0.034  0.000  0.000  0.098  0.000  0.195
   0.30166     38.828881  0.000  0.000  0.000  0.072  0.032  0.000  0.000  0.075  0.000  0.179
   0.33183     38.725394  0.000  0.000  0.000  0.081  0.030  0.000  0.000  0.058  0.000  0.169
   0.36200     38.639280  0.000  0.000  0.000  0.089  0.028  0.000  0.000  0.046  0.000  0.162
   0.39216     38.567508  0.000  0.000  0.000  0.095  0.026  0.000  0.000  0.039  0.000  0.159
   0.42233     38.507336  0.000  0.000  0.000  0.101  0.023  0.000  0.000  0.035  0.000  0.159
   0.45249     38.456612  0.000  0.000  0.000  0.104  0.022  0.000  0.000  0.033  0.000  0.159
   0.48266     38.414504  0.000  0.000  0.000  0.106  0.021  0.000  0.000  0.031  0.000  0.159
   0.51283     38.621386  0.056  0.002  0.016  0.012  0.061  0.007  0.009  0.004  0.131  0.298
   0.54299     39.071818  0.000  0.000  0.000  0.034  0.199  0.000  0.000  0.012  0.000  0.244
   0.57316     39.516743  0.000  0.000  0.000  0.033  0.199  0.000  0.000  0.009  0.000  0.241
   0.60333     39.938325  0.000  0.000  0.000  0.030  0.194  0.000  0.000  0.007  0.000  0.231
   0.63349     40.316166  0.000  0.000  0.000  0.029  0.177  0.000  0.000  0.007  0.000  0.213
   0.66366     40.506736  0.056  0.008  0.021  0.000  0.000  0.043  0.021  0.000  0.065  0.215
   0.69382     40.340174  0.043  0.005  0.035  0.000  0.000  0.034  0.016  0.000  0.067  0.200
   0.72399     40.174620  0.040  0.005  0.056  0.000  0.000  0.045  0.002  0.000  0.094  0.242
   0.75416     40.181655  0.061  0.013  0.064  0.000  0.000  0.105  0.070  0.000  0.109  0.424
   0.78432     40.338364  0.063  0.027  0.064  0.000  0.000  0.146  0.125  0.000  0.098  0.521
   0.81449     40.251280  0.000  0.000  0.000  0.022  0.007  0.000  0.000  0.046  0.000  0.076
   0.84466     39.909848  0.000  0.000  0.000  0.023  0.005  0.000  0.000  0.038  0.000  0.066
   0.87482     39.541476  0.000  0.000  0.000  0.026  0.006  0.000  0.000  0.028  0.000  0.060
   0.90499     39.536739  0.124  0.047  0.013  0.000  0.000  0.116  0.038  0.000  0.001  0.337
   0.93515     39.784508  0.083  0.072  0.011  0.000  0.000  0.082  0.040  0.000  0.032  0.321
   0.96532     40.129440  0.075  0.089  0.011  0.000  0.000  0.056  0.037  0.000  0.066  0.331
   0.99549     40.449017  0.073  0.099  0.013  0.000  0.000  0.031  0.013  0.000  0.063  0.293
   1.02565     40.408906  0.062  0.076  0.025  0.000  0.000  0.042  0.001  0.000  0.018  0.224
   1.05582     40.203959  0.064  0.061  0.022  0.000  0.000  0.048  0.001  0.000  0.020  0.219
   1.08599     40.396222  0.000  0.000  0.000  0.002  0.021  0.000  0.000  0.015  0.000  0.039
   1.11615     40.405374  0.000  0.000  0.000  0.000  0.002  0.000  0.000  0.001  0.000  0.003
   1.14632     40.376499  0.000  0.000  0.000  0.000  0.000  0.000  0.000  0.000  0.000  0.000
   1.17648     40.363868  0.000  0.000  0.000  0.000  0.000  0.000  0.000  0.000  0.000  0.000
   1.17648     40.363868  0.000  0.000  0.000  0.000  0.000  0.000  0.000  0.000  0.000  0.000
   1.20665     40.376516  0.000  0.000  0.000  0.000  0.000  0.000  0.000  0.000  0.000  0.000
   1.23682     40.405326  0.000  0.000  0.000  0.000  0.004  0.000  0.000  0.000  0.000  0.005
   1.26698     40.392972  0.000  0.000  0.000  0.002  0.027  0.000  0.000  0.012  0.000  0.041
   1.29715     40.210059  0.067  0.056  0.022  0.000  0.000  0.047  0.001  0.000  0.010  0.204
   1.32732     40.439090  0.064  0.067  0.025  0.000  0.000  0.051  0.001  0.000  0.000  0.208
   1.35748     40.470518  0.099  0.089  0.017  0.000  0.000  0.050  0.020  0.000  0.052  0.327
   1.38765     40.124310  0.117  0.094  0.009  0.000  0.000  0.043  0.041  0.000  0.080  0.382
   1.41781     39.733531  0.129  0.087  0.009  0.000  0.000  0.045  0.043  0.000  0.074  0.386
   1.44798     39.356905  0.159  0.076  0.008  0.000  0.000  0.056  0.041  0.000  0.049  0.389
   1.47815     39.436199  0.000  0.000  0.000  0.027  0.000  0.000  0.000  0.029  0.000  0.057
   1.50831     39.725591  0.000  0.000  0.000  0.025  0.002  0.000  0.000  0.047  0.000  0.074
   1.53848     39.964057  0.000  0.000  0.000  0.022  0.009  0.000  0.000  0.071  0.000  0.101
   1.56865     40.140579  0.000  0.000  0.000  0.021  0.023  0.000  0.000  0.094  0.000  0.137
   1.59881     40.252699  0.000  0.000  0.000  0.020  0.042  0.000  0.000  0.114  0.000  0.176
   1.62898     40.305356  0.000  0.000  0.000  0.020  0.066  0.000  0.000  0.127  0.000  0.213
   1.65914     40.305707  0.000  0.000  0.000  0.021  0.092  0.000  0.000  0.127  0.000  0.240
   1.68931     40.247187  0.172  0.004  0.038  0.000  0.000  0.007  0.027  0.000  0.095  0.343
   1.71948     40.146005  0.000  0.000  0.000  0.024  0.161  0.000  0.000  0.076  0.000  0.261
   1.74964     39.949323  0.000  0.000  0.000  0.027  0.206  0.000  0.000  0.032  0.000  0.265
   1.77981     39.643991  0.000  0.000  0.000  0.029  0.239  0.000  0.000  0.006  0.000  0.274
   1.80998     39.248874  0.000  0.000  0.000  0.030  0.252  0.000  0.000  0.010  0.000  0.293
   1.84014     38.884799  0.118  0.012  0.021  0.000  0.000  0.003  0.012  0.000  0.108  0.275
   1.87031     38.707078  0.133  0.014  0.026  0.000  0.000  0.003  0.031  0.000  0.104  0.312
   1.90047     38.597521  0.139  0.015  0.033  0.000  0.000  0.010  0.051  0.000  0.095  0.344
   1.93064     38.537214  0.133  0.017  0.043  0.000  0.000  0.019  0.068  0.000  0.083  0.362
   1.96081     38.474071  0.098  0.020  0.051  0.000  0.000  0.031  0.076  0.000  0.069  0.345
   1.99097     38.638627  0.000  0.000  0.000  0.023  0.062  0.000  0.000  0.291  0.000  0.376
   2.02114     38.966096  0.000  0.000  0.000  0.022  0.066  0.000  0.000  0.296  0.000  0.385
   2.05131     39.333120  0.000  0.000  0.000  0.025  0.072  0.000  0.000  0.306  0.000  0.403
   2.08147     39.724991  0.000  0.000  0.000  0.027  0.079  0.000  0.000  0.334  0.000  0.440
   2.11164     40.037304  0.128  0.030  0.062  0.000  0.000  0.049  0.096  0.000  0.068  0.434
   2.14180     40.245385  0.000  0.000  0.000  0.019  0.077  0.000  0.000  0.466  0.000  0.562
   2.17197     40.258481  0.000  0.000  0.000  0.016  0.078  0.000  0.000  0.414  0.000  0.507
   2.20214     40.245560  0.208  0.028  0.026  0.000  0.000  0.054  0.044  0.001  0.183  0.544
   2.23230     39.961785  0.227  0.031  0.025  0.000  0.000  0.044  0.028  0.000  0.145  0.497
   2.26247     39.648837  0.247  0.037  0.021  0.000  0.000  0.032  0.018  0.000  0.111  0.465
   2.29264     39.348036  0.261  0.033  0.016  0.000  0.000  0.020  0.011  0.000  0.089  0.433
   2.32280     39.111024  0.279  0.022  0.012  0.000  0.000  0.008  0.007  0.000  0.077  0.406
   2.35297     39.011422  0.293  0.012  0.010  0.000  0.000  0.000  0.005  0.000  0.074  0.394
 
# Band-Index:   62
   2.35297     39.547307  0.230  0.012  0.013  0.000  0.000  0.017  0.000  0.000  0.141  0.412
   2.32280     39.590246  0.226  0.015  0.013  0.000  0.000  0.020  0.002  0.000  0.143  0.418
   2.29264     39.713767  0.219  0.028  0.011  0.000  0.000  0.026  0.005  0.000  0.150  0.440
   2.26247     39.908727  0.214  0.048  0.009  0.000  0.000  0.032  0.009  0.000  0.156  0.467
   2.23230     40.176861  0.215  0.070  0.011  0.000  0.000  0.038  0.011  0.000  0.151  0.499
   2.20214     40.257960  0.000  0.000  0.000  0.016  0.077  0.000  0.000  0.393  0.000  0.489
   2.17197     40.447622  0.189  0.024  0.041  0.000  0.000  0.076  0.090  0.000  0.179  0.598
   2.14180     40.320849  0.133  0.029  0.064  0.000  0.000  0.062  0.105  0.000  0.084  0.480
   2.11164     40.098939  0.000  0.000  0.000  0.026  0.082  0.000  0.000  0.452  0.000  0.561
   2.08147     39.751256  0.134  0.028  0.055  0.000  0.000  0.042  0.088  0.001  0.070  0.422
   2.05131     39.498618  0.141  0.023  0.048  0.000  0.000  0.041  0.079  0.000  0.079  0.411
   2.02114     39.310090  0.140  0.019  0.036  0.000  0.000  0.042  0.065  0.000  0.091  0.395
   1.99097     39.239038  0.120  0.015  0.024  0.000  0.000  0.049  0.041  0.000  0.107  0.354
   1.96081     39.359468  0.071  0.014  0.016  0.000  0.000  0.064  0.020  0.000  0.112  0.296
   1.93064     39.638614  0.045  0.015  0.020  0.000  0.000  0.071  0.016  0.000  0.106  0.275
   1.90047     39.961652  0.053  0.018  0.025  0.000  0.000  0.067  0.020  0.000  0.105  0.289
   1.87031     40.249778  0.094  0.018  0.029  0.000  0.000  0.054  0.027  0.000  0.104  0.330
   1.84014     40.443632  0.174  0.021  0.033  0.000  0.000  0.035  0.034  0.000  0.102  0.397
   1.80998     40.504896  0.260  0.021  0.032  0.000  0.000  0.018  0.038  0.000  0.089  0.460
   1.77981     40.450902  0.308  0.019  0.029  0.000  0.000  0.010  0.038  0.000  0.075  0.477
   1.74964     40.349540  0.291  0.012  0.024  0.000  0.000  0.007  0.033  0.000  0.068  0.435
   1.71948     40.274691  0.213  0.006  0.022  0.000  0.000  0.008  0.019  0.000  0.071  0.339
   1.68931     40.256034  0.000  0.000  0.000  0.020  0.123  0.000  0.000  0.111  0.000  0.255
   1.65914     40.373210  0.143  0.014  0.056  0.000  0.000  0.053  0.157  0.000  0.118  0.540
   1.62898     40.630950  0.084  0.027  0.059  0.000  0.000  0.078  0.219  0.000  0.111  0.579
   1.59881     40.917266  0.046  0.038  0.062  0.000  0.000  0.091  0.243  0.000  0.095  0.573
   1.56865     41.185658  0.019  0.047  0.066  0.000  0.000  0.097  0.248  0.000  0.076  0.553
   1.53848     41.402405  0.006  0.058  0.066  0.000  0.000  0.100  0.235  0.000  0.055  0.521
   1.50831     41.536430  0.000  0.069  0.065  0.000  0.000  0.099  0.202  0.000  0.037  0.471
   1.47815     41.560792  0.003  0.080  0.058  0.000  0.000  0.090  0.152  0.000  0.023  0.406
   1.44798     41.469242  0.013  0.085  0.046  0.000  0.000  0.079  0.100  0.000  0.017  0.340
   1.41781     41.287732  0.023  0.084  0.037  0.000  0.000  0.067  0.063  0.000  0.015  0.292
   1.38765     41.058719  0.038  0.081  0.030  0.000  0.000  0.056  0.044  0.000  0.020  0.268
   1.35748     40.857819  0.059  0.085  0.018  0.000  0.000  0.042  0.050  0.000  0.058  0.311
   1.32732     41.033487  0.098  0.104  0.007  0.000  0.000  0.034  0.059  0.000  0.119  0.420
   1.29715     40.965418  0.000  0.000  0.000  0.008  0.043  0.000  0.000  0.060  0.000  0.110
   1.26698     41.038506  0.000  0.000  0.000  0.009  0.096  0.000  0.000  0.069  0.000  0.173
   1.23682     41.322306  0.000  0.000  0.000  0.005  0.096  0.000  0.000  0.045  0.000  0.146
   1.20665     41.600884  0.000  0.000  0.000  0.001  0.040  0.000  0.000  0.015  0.000  0.055
   1.17648     41.713405  0.000  0.000  0.000  0.000  0.000  0.000  0.000  0.000  0.000  0.000
   1.17648     41.713406  0.000  0.000  0.000  0.000  0.000  0.000  0.000  0.000  0.000  0.000
   1.14632     41.601165  0.000  0.000  0.000  0.000  0.040  0.000  0.000  0.014  0.000  0.054
   1.11615     41.323407  0.000  0.000  0.000  0.006  0.100  0.000  0.000  0.041  0.000  0.147
   1.08599     41.031662  0.000  0.000  0.000  0.010  0.113  0.000  0.000  0.056  0.000  0.178
   1.05582     40.937159  0.000  0.000  0.000  0.010  0.063  0.000  0.000  0.039  0.000  0.112
   1.02565     41.011492  0.062  0.091  0.013  0.000  0.000  0.067  0.057  0.000  0.099  0.391
   0.99549     40.785569  0.047  0.068  0.029  0.000  0.000  0.095  0.057  0.000  0.036  0.333
   0.96532     40.902351  0.039  0.075  0.037  0.000  0.000  0.099  0.050  0.000  0.015  0.315
   0.93515     41.016521  0.036  0.077  0.042  0.000  0.000  0.118  0.070  0.000  0.022  0.363
   0.90499     41.037139  0.034  0.072  0.046  0.000  0.000  0.142  0.101  0.000  0.037  0.434
   0.87482     40.945726  0.040  0.063  0.051  0.000  0.000  0.160  0.130  0.000  0.053  0.497
   0.84466     40.768796  0.047  0.051  0.056  0.000  0.000  0.168  0.146  0.000  0.069  0.535
   0.81449     40.551566  0.055  0.039  0.059  0.000  0.000  0.164  0.146  0.000  0.083  0.546
   0.78432     40.543753  0.000  0.000  0.000  0.023  0.015  0.000  0.000  0.051  0.000  0.090
   0.75416     40.757983  0.000  0.000  0.000  0.023  0.034  0.000  0.000  0.048  0.000  0.105
   0.72399     40.857240  0.000  0.000  0.000  0.025  0.066  0.000  0.000  0.037  0.000  0.128
   0.69382     40.811152  0.000  0.000  0.000  0.027  0.109  0.000  0.000  0.022  0.000  0.158
   0.66366     40.620130  0.000  0.000  0.000  0.029  0.150  0.000  0.000  0.010  0.000  0.188
   0.63349     40.596995  0.125  0.012  0.020  0.000  0.000  0.037  0.020  0.000  0.059  0.276
   0.60333     40.687775  0.211  0.015  0.030  0.000  0.000  0.020  0.038  0.000  0.039  0.352
   0.57316     40.716425  0.177  0.017  0.028  0.000  0.000  0.017  0.048  0.000  0.057  0.347
   0.54299     40.576887  0.100  0.023  0.023  0.000  0.000  0.033  0.045  0.000  0.081  0.306
   0.51283     40.332542  0.064  0.024  0.019  0.000  0.000  0.047  0.040  0.000  0.085  0.278
   0.48266     40.049687  0.054  0.022  0.015  0.000  0.000  0.054  0.036  0.000  0.080  0.261
   0.45249     39.758622  0.059  0.020  0.013  0.000  0.000  0.056  0.032  0.000  0.078  0.259
   0.42233     39.484458  0.077  0.017  0.011  0.000  0.000  0.056  0.031  0.000  0.084  0.274
   0.39216     39.269899  0.111  0.015  0.012  0.000  0.000  0.054  0.033  0.000  0.100  0.326
   0.36200     39.188215  0.149  0.015  0.024  0.000  0.000  0.052  0.049  0.000  0.116  0.406
   0.33183     39.275978  0.167  0.016  0.039  0.000  0.000  0.052  0.069  0.000  0.119  0.462
   0.30166     39.480229  0.171  0.018  0.052  0.000  0.000  0.052  0.083  0.000  0.118  0.494
   0.27150     39.742066  0.183  0.021  0.057  0.000  0.000  0.055  0.092  0.000  0.126  0.533
   0.24133     39.999981  0.234  0.024  0.051  0.000  0.000  0.061  0.094  0.000  0.185  0.649
   0.21116     40.018638  0.311  0.054  0.013  0.000  0.000  0.050  0.051  0.000  0.257  0.736
   0.18100     39.811982  0.290  0.059  0.005  0.000  0.000  0.038  0.030  0.000  0.207  0.632
   0.15083     39.636025  0.000  0.000  0.000  0.030  0.053  0.000  0.000  0.240  0.000  0.323
   0.12067     39.822973  0.000  0.000  0.000  0.026  0.059  0.000  0.000  0.279  0.000  0.365
   0.09050     39.992488  0.000  0.000  0.000  0.022  0.066  0.000  0.000  0.315  0.000  0.403
   0.06033     40.006515  0.193  0.039  0.019  0.000  0.000  0.039  0.013  0.000  0.136  0.440
   0.03017     39.682028  0.217  0.021  0.016  0.000  0.000  0.025  0.004  0.000  0.138  0.422
   0.00000     39.547307  0.230  0.012  0.013  0.000  0.000  0.017  0.000  0.000  0.141  0.412
 
# Band-Index:   63
   0.00000     40.249709  0.000  0.000  0.000  0.018  0.077  0.000  0.000  0.371  0.000  0.466
   0.03017     40.218580  0.000  0.000  0.000  0.018  0.076  0.000  0.000  0.364  0.000  0.458
   0.06033     40.129204  0.000  0.000  0.000  0.020  0.072  0.000  0.000  0.344  0.000  0.436
   0.09050     40.423565  0.169  0.050  0.027  0.000  0.000  0.052  0.022  0.000  0.135  0.457
   0.12067     40.869211  0.149  0.056  0.037  0.000  0.000  0.068  0.039  0.000  0.125  0.474
   0.15083     41.071011  0.115  0.044  0.076  0.000  0.000  0.072  0.084  0.000  0.031  0.423
   0.18100     40.802810  0.104  0.047  0.074  0.000  0.000  0.046  0.076  0.000  0.015  0.363
   0.21116     40.517339  0.092  0.060  0.062  0.000  0.000  0.029  0.055  0.000  0.001  0.303
   0.24133     40.481206  0.180  0.094  0.021  0.000  0.000  0.015  0.013  0.000  0.111  0.435
   0.27150     40.723033  0.250  0.098  0.012  0.000  0.000  0.022  0.014  0.000  0.207  0.601
   0.30166     41.022771  0.281  0.101  0.010  0.000  0.000  0.023  0.016  0.000  0.253  0.684
   0.33183     41.345476  0.306  0.104  0.010  0.000  0.000  0.024  0.018  0.000  0.285  0.746
   0.36200     41.681831  0.328  0.108  0.013  0.000  0.000  0.024  0.017  0.000  0.305  0.796
   0.39216     42.022216  0.335  0.111  0.019  0.000  0.000  0.023  0.016  0.000  0.312  0.817
   0.42233     42.337101  0.248  0.121  0.037  0.000  0.000  0.019  0.012  0.000  0.281  0.718
   0.45249     42.459935  0.072  0.122  0.076  0.000  0.000  0.024  0.002  0.000  0.110  0.405
   0.48266     42.269824  0.258  0.096  0.071  0.000  0.000  0.050  0.007  0.000  0.037  0.519
   0.51283     41.999513  0.323  0.088  0.056  0.000  0.000  0.065  0.011  0.000  0.036  0.580
   0.54299     41.744300  0.296  0.086  0.040  0.000  0.000  0.081  0.010  0.000  0.061  0.572
   0.57316     41.593177  0.192  0.086  0.020  0.000  0.000  0.096  0.005  0.000  0.124  0.523
   0.60333     41.625363  0.102  0.079  0.006  0.000  0.000  0.085  0.002  0.000  0.200  0.474
   0.63349     41.728776  0.089  0.054  0.008  0.000  0.000  0.046  0.012  0.000  0.241  0.448
   0.66366     41.865237  0.062  0.035  0.016  0.000  0.000  0.023  0.022  0.000  0.256  0.414
   0.69382     42.160534  0.037  0.031  0.015  0.000  0.000  0.023  0.018  0.000  0.284  0.410
   0.72399     42.562037  0.033  0.036  0.013  0.000  0.000  0.022  0.021  0.000  0.322  0.447
   0.75416     42.751039  0.000  0.000  0.000  0.057  0.120  0.000  0.000  0.080  0.000  0.257
   0.78432     42.717572  0.000  0.000  0.000  0.063  0.085  0.000  0.000  0.065  0.000  0.214
   0.81449     42.632590  0.000  0.000  0.000  0.064  0.046  0.000  0.000  0.063  0.000  0.172
   0.84466     42.478630  0.000  0.000  0.000  0.053  0.016  0.000  0.000  0.062  0.000  0.132
   0.87482     42.257680  0.000  0.000  0.000  0.039  0.005  0.000  0.000  0.056  0.000  0.100
   0.90499     41.997579  0.000  0.000  0.000  0.029  0.004  0.000  0.000  0.047  0.000  0.079
   0.93515     41.727539  0.000  0.000  0.000  0.021  0.007  0.000  0.000  0.039  0.000  0.067
   0.96532     41.467787  0.000  0.000  0.000  0.018  0.013  0.000  0.000  0.032  0.000  0.063
   0.99549     41.233780  0.000  0.000  0.000  0.014  0.020  0.000  0.000  0.028  0.000  0.062
   1.02565     41.043339  0.000  0.000  0.000  0.011  0.032  0.000  0.000  0.028  0.000  0.071
   1.05582     41.398579  0.059  0.105  0.012  0.000  0.000  0.053  0.045  0.000  0.115  0.389
   1.08599     41.792808  0.051  0.114  0.013  0.000  0.000  0.044  0.034  0.000  0.121  0.377
   1.11615     42.166439  0.035  0.127  0.016  0.000  0.000  0.034  0.021  0.000  0.112  0.345
   1.14632     42.481604  0.011  0.135  0.048  0.000  0.000  0.015  0.007  0.000  0.068  0.285
   1.17648     42.552651  0.000  0.000  0.346  0.000  0.000  0.000  0.000  0.000  0.000  0.346
   1.17648     42.552631  0.000  0.000  0.346  0.000  0.000  0.000  0.000  0.000  0.000  0.346
   1.20665     42.482681  0.024  0.141  0.038  0.000  0.000  0.015  0.007  0.000  0.065  0.290
   1.23682     42.173212  0.056  0.129  0.015  0.000  0.000  0.029  0.021  0.000  0.109  0.360
   1.26698     41.805293  0.079  0.118  0.011  0.000  0.000  0.034  0.035  0.000  0.121  0.399
   1.29715     41.415604  0.093  0.111  0.008  0.000  0.000  0.035  0.047  0.000  0.122  0.416
   1.32732     41.092648  0.000  0.000  0.000  0.010  0.018  0.000  0.000  0.049  0.000  0.077
   1.35748     41.307303  0.000  0.000  0.000  0.012  0.010  0.000  0.000  0.046  0.000  0.068
   1.38765     41.570607  0.000  0.000  0.000  0.013  0.007  0.000  0.000  0.048  0.000  0.068
   1.41781     41.866451  0.000  0.000  0.000  0.018  0.005  0.000  0.000  0.051  0.000  0.074
   1.44798     42.182615  0.000  0.000  0.000  0.022  0.003  0.000  0.000  0.055  0.000  0.082
   1.47815     42.494729  0.000  0.000  0.000  0.038  0.003  0.000  0.000  0.070  0.000  0.111
   1.50831     42.639955  0.000  0.000  0.000  0.072  0.055  0.000  0.000  0.106  0.000  0.233
   1.53848     42.642930  0.000  0.000  0.000  0.060  0.076  0.000  0.000  0.123  0.000  0.258
   1.56865     42.620042  0.000  0.000  0.000  0.047  0.084  0.000  0.000  0.136  0.000  0.267
   1.59881     42.550300  0.000  0.000  0.000  0.036  0.095  0.000  0.000  0.151  0.000  0.283
   1.62898     42.392389  0.000  0.000  0.000  0.027  0.112  0.000  0.000  0.171  0.000  0.311
   1.65914     42.129412  0.000  0.000  0.000  0.021  0.129  0.000  0.000  0.198  0.000  0.348
   1.68931     41.790064  0.000  0.000  0.000  0.020  0.134  0.000  0.000  0.234  0.000  0.387
   1.71948     41.428791  0.000  0.000  0.000  0.015  0.121  0.000  0.000  0.284  0.000  0.421
   1.74964     41.107268  0.000  0.000  0.000  0.012  0.095  0.000  0.000  0.341  0.000  0.448
   1.77981     40.871158  0.000  0.000  0.000  0.007  0.072  0.000  0.000  0.378  0.000  0.458
   1.80998     40.717931  0.000  0.000  0.000  0.007  0.064  0.000  0.000  0.386  0.000  0.457
   1.84014     40.617394  0.000  0.000  0.000  0.008  0.065  0.000  0.000  0.381  0.000  0.453
   1.87031     40.546197  0.000  0.000  0.000  0.008  0.068  0.000  0.000  0.373  0.000  0.448
   1.90047     40.492112  0.000  0.000  0.000  0.010  0.071  0.000  0.000  0.364  0.000  0.445
   1.93064     40.449107  0.000  0.000  0.000  0.010  0.074  0.000  0.000  0.356  0.000  0.440
   1.96081     40.414145  0.000  0.000  0.000  0.010  0.076  0.000  0.000  0.349  0.000  0.435
   1.99097     40.385611  0.000  0.000  0.000  0.012  0.078  0.000  0.000  0.340  0.000  0.431
   2.02114     40.362873  0.000  0.000  0.000  0.012  0.079  0.000  0.000  0.331  0.000  0.422
   2.05131     40.346225  0.000  0.000  0.000  0.013  0.080  0.000  0.000  0.313  0.000  0.406
   2.08147     40.339519  0.000  0.000  0.000  0.014  0.082  0.000  0.000  0.276  0.000  0.372
   2.11164     40.375910  0.000  0.000  0.000  0.017  0.089  0.000  0.000  0.148  0.000  0.254
   2.14180     40.655561  0.000  0.000  0.000  0.029  0.105  0.000  0.000  0.124  0.000  0.258
   2.17197     40.742652  0.126  0.090  0.037  0.000  0.000  0.031  0.016  0.000  0.068  0.368
   2.20214     40.505711  0.208  0.084  0.023  0.000  0.000  0.048  0.017  0.000  0.129  0.508
   2.23230     40.255429  0.000  0.000  0.000  0.018  0.077  0.000  0.000  0.383  0.000  0.479
   2.26247     40.253010  0.000  0.000  0.000  0.018  0.078  0.000  0.000  0.377  0.000  0.473
   2.29264     40.251190  0.000  0.000  0.000  0.018  0.077  0.000  0.000  0.373  0.000  0.470
   2.32280     40.250080  0.000  0.000  0.000  0.018  0.077  0.000  0.000  0.372  0.000  0.467
   2.35297     40.249709  0.000  0.000  0.000  0.018  0.077  0.000  0.000  0.371  0.000  0.466
 
# Band-Index:   64
   2.35297     42.662652  0.115  0.055  0.072  0.000  0.000  0.038  0.043  0.000  0.047  0.372
   2.32280     42.427978  0.083  0.057  0.072  0.000  0.000  0.037  0.049  0.000  0.048  0.343
   2.29264     42.149682  0.077  0.055  0.070  0.000  0.000  0.033  0.054  0.000  0.048  0.337
   2.26247     41.845143  0.076  0.054  0.067  0.000  0.000  0.029  0.058  0.000  0.050  0.338
   2.23230     41.528906  0.083  0.052  0.064  0.000  0.000  0.022  0.058  0.000  0.056  0.337
   2.20214     41.236507  0.107  0.051  0.054  0.000  0.000  0.009  0.048  0.000  0.080  0.351
   2.17197     41.079550  0.009  0.002  0.000  0.031  0.112  0.000  0.000  0.159  0.006  0.319
   2.14180     40.935310  0.144  0.077  0.018  0.000  0.000  0.023  0.008  0.000  0.165  0.436
   2.11164     41.223637  0.154  0.075  0.017  0.000  0.000  0.028  0.018  0.000  0.210  0.502
   2.08147     41.535332  0.157  0.076  0.015  0.000  0.000  0.030  0.025  0.000  0.236  0.541
   2.05131     41.857735  0.163  0.078  0.015  0.000  0.000  0.031  0.030  0.000  0.257  0.576
   2.02114     42.185420  0.173  0.077  0.018  0.000  0.000  0.034  0.035  0.000  0.275  0.612
   1.99097     42.513381  0.203  0.074  0.017  0.000  0.000  0.039  0.040  0.000  0.293  0.666
   1.96081     42.813118  0.563  0.038  0.003  0.000  0.000  0.073  0.048  0.000  0.302  1.027
   1.93064     42.726861  0.849  0.037  0.056  0.000  0.000  0.078  0.015  0.000  0.053  1.088
   1.90047     42.584659  0.731  0.046  0.058  0.000  0.000  0.088  0.010  0.000  0.023  0.956
   1.87031     42.463631  0.582  0.050  0.059  0.000  0.000  0.102  0.005  0.000  0.006  0.804
   1.84014     42.410437  0.404  0.051  0.060  0.000  0.000  0.116  0.002  0.000  0.004  0.635
   1.80998     42.461071  0.220  0.052  0.062  0.000  0.000  0.120  0.001  0.000  0.021  0.476
   1.77981     42.556160  0.097  0.047  0.065  0.000  0.000  0.047  0.078  0.000  0.010  0.347
   1.74964     42.334275  0.075  0.027  0.028  0.000  0.000  0.000  0.199  0.000  0.014  0.343
   1.71948     42.163240  0.060  0.027  0.025  0.000  0.000  0.002  0.181  0.000  0.027  0.321
   1.68931     42.182517  0.042  0.026  0.023  0.000  0.000  0.010  0.146  0.000  0.038  0.285
   1.65914     42.406633  0.030  0.024  0.024  0.000  0.000  0.025  0.111  0.000  0.041  0.254
   1.62898     42.754221  0.025  0.027  0.032  0.000  0.000  0.037  0.088  0.000  0.031  0.242
   1.59881     43.094025  0.115  0.046  0.070  0.000  0.000  0.041  0.059  0.000  0.020  0.351
   1.56865     43.232032  0.452  0.065  0.126  0.000  0.000  0.022  0.016  0.000  0.033  0.713
   1.53848     43.211435  0.371  0.044  0.110  0.005  0.003  0.008  0.005  0.013  0.017  0.574
   1.50831     42.911847  0.000  0.000  0.000  0.022  0.028  0.000  0.000  0.054  0.000  0.106
   1.47815     42.722968  0.000  0.000  0.000  0.071  0.066  0.000  0.000  0.061  0.000  0.199
   1.44798     42.697841  0.000  0.000  0.000  0.100  0.048  0.000  0.000  0.046  0.000  0.194
   1.41781     42.673618  0.000  0.000  0.000  0.116  0.028  0.000  0.000  0.028  0.000  0.173
   1.38765     42.635077  0.000  0.000  0.000  0.125  0.014  0.000  0.000  0.018  0.000  0.157
   1.35748     42.588178  0.000  0.000  0.000  0.131  0.005  0.000  0.000  0.013  0.000  0.148
   1.32732     42.541658  0.000  0.000  0.000  0.135  0.000  0.000  0.000  0.011  0.000  0.146
   1.29715     42.510935  0.002  0.000  0.006  0.135  0.001  0.000  0.000  0.010  0.001  0.156
   1.26698     42.481818  0.000  0.000  0.000  0.143  0.009  0.000  0.000  0.012  0.000  0.163
   1.23682     42.492998  0.000  0.000  0.000  0.151  0.025  0.000  0.000  0.015  0.000  0.193
   1.20665     42.562061  0.000  0.000  0.000  0.167  0.037  0.000  0.000  0.013  0.000  0.217
   1.17648     42.640601  0.000  0.043  0.000  0.142  0.000  0.000  0.000  0.000  0.000  0.185
   1.17648     42.640754  0.000  0.169  0.000  0.016  0.000  0.000  0.000  0.000  0.000  0.185
   1.14632     42.578006  0.017  0.020  0.247  0.027  0.006  0.003  0.002  0.002  0.000  0.325
   1.11615     42.498256  0.001  0.000  0.002  0.150  0.026  0.000  0.000  0.014  0.000  0.193
   1.08599     42.482691  0.000  0.000  0.000  0.144  0.009  0.000  0.000  0.011  0.000  0.164
   1.05582     42.500512  0.000  0.000  0.000  0.138  0.002  0.000  0.000  0.008  0.000  0.149
   1.02565     42.537684  0.000  0.000  0.000  0.133  0.002  0.000  0.000  0.008  0.000  0.143
   0.99549     42.589045  0.000  0.000  0.000  0.128  0.007  0.000  0.000  0.006  0.000  0.142
   0.96532     42.652563  0.000  0.000  0.000  0.122  0.014  0.000  0.000  0.006  0.000  0.142
   0.93515     42.728152  0.000  0.000  0.000  0.115  0.027  0.000  0.000  0.005  0.000  0.146
   0.90499     42.818123  0.000  0.000  0.000  0.104  0.041  0.000  0.000  0.004  0.000  0.148
   0.87482     42.931140  0.000  0.000  0.000  0.090  0.055  0.000  0.000  0.004  0.000  0.151
   0.84466     43.086284  0.011  0.009  0.013  0.059  0.054  0.002  0.001  0.009  0.005  0.162
   0.81449     43.223123  0.085  0.053  0.057  0.012  0.015  0.008  0.004  0.007  0.041  0.283
   0.78432     43.222020  0.059  0.079  0.024  0.000  0.000  0.012  0.038  0.000  0.242  0.457
   0.75416     42.970011  0.048  0.057  0.009  0.000  0.000  0.016  0.032  0.000  0.350  0.515
   0.72399     42.759367  0.000  0.000  0.000  0.048  0.139  0.000  0.000  0.107  0.000  0.295
   0.69382     42.661487  0.114  0.096  0.025  0.000  0.000  0.047  0.090  0.000  0.074  0.447
   0.66366     42.373075  0.086  0.091  0.029  0.000  0.000  0.046  0.099  0.000  0.068  0.418
   0.63349     42.190866  0.094  0.070  0.041  0.000  0.000  0.029  0.130  0.000  0.022  0.387
   0.60333     42.254368  0.156  0.044  0.048  0.000  0.000  0.007  0.153  0.000  0.000  0.406
   0.57316     42.498641  0.244  0.034  0.046  0.000  0.000  0.002  0.155  0.000  0.004  0.484
   0.54299     42.794259  0.399  0.031  0.045  0.000  0.000  0.001  0.155  0.000  0.007  0.638
   0.51283     43.075760  0.735  0.025  0.044  0.001  0.006  0.003  0.147  0.008  0.005  0.973
   0.48266     43.054744  0.001  0.000  0.000  0.025  0.155  0.000  0.000  0.194  0.000  0.377
   0.45249     42.937440  1.319  0.042  0.008  0.000  0.000  0.068  0.029  0.001  0.215  1.683
   0.42233     42.945341  0.801  0.047  0.053  0.000  0.000  0.061  0.014  0.000  0.073  1.051
   0.39216     43.076639  0.227  0.029  0.038  0.012  0.092  0.022  0.005  0.083  0.024  0.535
   0.36200     43.059893  0.000  0.000  0.000  0.026  0.197  0.000  0.000  0.155  0.000  0.379
   0.33183     43.063528  0.005  0.004  0.004  0.026  0.197  0.001  0.000  0.128  0.003  0.369
   0.30166     43.030076  0.000  0.000  0.000  0.028  0.217  0.000  0.000  0.124  0.000  0.370
   0.27150     43.020780  0.000  0.002  0.002  0.029  0.219  0.000  0.000  0.103  0.002  0.361
   0.24133     42.981309  0.002  0.000  0.001  0.033  0.228  0.001  0.002  0.091  0.007  0.364
   0.21116     42.457128  0.090  0.074  0.031  0.000  0.000  0.032  0.034  0.000  0.192  0.452
   0.18100     41.968409  0.114  0.074  0.026  0.000  0.000  0.031  0.023  0.000  0.182  0.449
   0.15083     41.528452  0.127  0.071  0.026  0.000  0.000  0.010  0.011  0.000  0.164  0.409
   0.12067     41.567805  0.117  0.056  0.060  0.000  0.000  0.016  0.048  0.000  0.064  0.362
   0.09050     41.864370  0.114  0.054  0.068  0.000  0.000  0.029  0.055  0.000  0.049  0.369
   0.06033     42.161378  0.111  0.055  0.071  0.000  0.000  0.033  0.053  0.000  0.047  0.370
   0.03017     42.433293  0.107  0.056  0.072  0.000  0.000  0.037  0.047  0.000  0.047  0.366
   0.00000     42.663406  0.113  0.055  0.073  0.000  0.001  0.038  0.042  0.000  0.047  0.370
