#K-Path(1/A)   Spin-Up(eV)   Spin-down(eV)
# NKPTS & NBANDS: 280  20
# Band-Index:    1
   0.00000    -12.907024    -12.906956
   0.02559    -12.904631    -12.904563
   0.05119    -12.897439    -12.897371
   0.07678    -12.885455    -12.885388
   0.10237    -12.868684    -12.868617
   0.12797    -12.847134    -12.847066
   0.15356    -12.820809    -12.820742
   0.17915    -12.789725    -12.789657
   0.20475    -12.753884    -12.753817
   0.23034    -12.713308    -12.713241
   0.25593    -12.668014    -12.667946
   0.28153    -12.618012    -12.617944
   0.30712    -12.563323    -12.563256
   0.33271    -12.503976    -12.503908
   0.35831    -12.439989    -12.439922
   0.38390    -12.371390    -12.371322
   0.40949    -12.298210    -12.298142
   0.43509    -12.220479    -12.220411
   0.46068    -12.138231    -12.138163
   0.48627    -12.051505    -12.051437
   0.51187    -11.960339    -11.960270
   0.53746    -11.864781    -11.864712
   0.56305    -11.764878    -11.764808
   0.58865    -11.660683    -11.660614
   0.61424    -11.552258    -11.552188
   0.63983    -11.439664    -11.439594
   0.66543    -11.322972    -11.322901
   0.69102    -11.202260    -11.202189
   0.71661    -11.077609    -11.077538
   0.74221    -10.949130    -10.949059
   0.76780    -10.816926    -10.816855
   0.79339    -10.681124    -10.681053
   0.81899    -10.541869    -10.541799
   0.84458    -10.399331    -10.399263
   0.87017    -10.253718    -10.253653
   0.89577    -10.105295    -10.105236
   0.92136     -9.954443     -9.954395
   0.94695     -9.801870     -9.801846
   0.97255     -9.649968     -9.650015
   0.99814     -9.536631     -9.536999
   0.99814     -9.870914     -9.871293
   1.02251     -9.962294     -9.962432
   1.04687    -10.097425    -10.097479
   1.07124    -10.235116    -10.235137
   1.09561    -10.371683    -10.371687
   1.11998    -10.506163    -10.506155
   1.14434    -10.638110    -10.638094
   1.16871    -10.767255    -10.767232
   1.19308    -10.893400    -10.893372
   1.21744    -11.016390    -11.016358
   1.24181    -11.136097    -11.136062
   1.26618    -11.252408    -11.252369
   1.29054    -11.365230    -11.365189
   1.31491    -11.474478    -11.474435
   1.33928    -11.580074    -11.580028
   1.36364    -11.681948    -11.681900
   1.38801    -11.780041    -11.779991
   1.41238    -11.874294    -11.874243
   1.43675    -11.964661    -11.964608
   1.46111    -12.051090    -12.051035
   1.48548    -12.133539    -12.133483
   1.50985    -12.211968    -12.211910
   1.53421    -12.286344    -12.286285
   1.55858    -12.356633    -12.356574
   1.58295    -12.422803    -12.422743
   1.60731    -12.484827    -12.484766
   1.63168    -12.542678    -12.542616
   1.65605    -12.596334    -12.596271
   1.68041    -12.645773    -12.645710
   1.70478    -12.690973    -12.690908
   1.72915    -12.731918    -12.731853
   1.75352    -12.768596    -12.768530
   1.77788    -12.800996    -12.800930
   1.80225    -12.829096    -12.829030
   1.82662    -12.852892    -12.852825
   1.85098    -12.872372    -12.872305
   1.87535    -12.887531    -12.887464
   1.89972    -12.898363    -12.898296
   1.92408    -12.904864    -12.904797
   1.94845    -12.907024    -12.906956
   1.94845    -12.907024    -12.906956
   1.96418    -12.906369    -12.906301
   1.97992    -12.904395    -12.904327
   1.99565    -12.901107    -12.901039
   2.01138    -12.896516    -12.896448
   2.02712    -12.890634    -12.890565
   2.04285    -12.883479    -12.883410
   2.05858    -12.875070    -12.875000
   2.07432    -12.865430    -12.865360
   2.09005    -12.854591    -12.854519
   2.10578    -12.842581    -12.842509
   2.12152    -12.829440    -12.829367
   2.13725    -12.815211    -12.815137
   2.15298    -12.799942    -12.799867
   2.16872    -12.783686    -12.783610
   2.18445    -12.766507    -12.766429
   2.20018    -12.748467    -12.748388
   2.21592    -12.729637    -12.729556
   2.23165    -12.710109    -12.710027
   2.24738    -12.689969    -12.689884
   2.26312    -12.669315    -12.669229
   2.27885    -12.648256    -12.648169
   2.29458    -12.626912    -12.626822
   2.31032    -12.605410    -12.605318
   2.32605    -12.583891    -12.583797
   2.34178    -12.562503    -12.562407
   2.35751    -12.541407    -12.541310
   2.37325    -12.520778    -12.520678
   2.38898    -12.500790    -12.500688
   2.40471    -12.481633    -12.481529
   2.42045    -12.463499    -12.463393
   2.43618    -12.446587    -12.446480
   2.45191    -12.431088    -12.430978
   2.46765    -12.417194    -12.417083
   2.48338    -12.405084    -12.404972
   2.49911    -12.394924    -12.394811
   2.51485    -12.386858    -12.386743
   2.53058    -12.381010    -12.380895
   2.54631    -12.377463    -12.377347
   2.56205    -12.376275    -12.376159
   2.56205     -7.412744     -7.410802
   2.60073     -7.428646     -7.426758
   2.63941     -7.484952     -7.483340
   2.67809     -7.595180     -7.594078
   2.71677     -7.753037     -7.752356
   2.75546     -7.941197     -7.940762
   2.79414     -8.147230     -8.146929
   2.83282     -8.363855     -8.363632
   2.87150     -8.586561     -8.586384
   2.91018     -8.812321     -8.812174
   2.94887     -9.038966     -9.038839
   2.98755     -9.264875     -9.264761
   3.02623     -9.488787     -9.488683
   3.06491     -9.709695     -9.709598
   3.10359     -9.926777     -9.926685
   3.14228    -10.139329    -10.139241
   3.18096    -10.346758    -10.346673
   3.21964    -10.548539    -10.548457
   3.25832    -10.744203    -10.744123
   3.29700    -10.933331    -10.933252
   3.33569    -11.115532    -11.115455
   3.37437    -11.290445    -11.290369
   3.41305    -11.457740    -11.457666
   3.45173    -11.617105    -11.617031
   3.49042    -11.768251    -11.768178
   3.52910    -11.910907    -11.910835
   3.56778    -12.044820    -12.044748
   3.60646    -12.169757    -12.169686
   3.64514    -12.285501    -12.285431
   3.68383    -12.391847    -12.391778
   3.72251    -12.488616    -12.488546
   3.76119    -12.575641    -12.575572
   3.79987    -12.652777    -12.652708
   3.83855    -12.719893    -12.719824
   3.87724    -12.776873    -12.776805
   3.91592    -12.823628    -12.823560
   3.95460    -12.860070    -12.860002
   3.99328    -12.886144    -12.886077
   4.03196    -12.901806    -12.901739
   4.07065    -12.907024    -12.906956
   4.07065    -12.907024    -12.906956
   4.09965    -12.904204    -12.904136
   4.12866    -12.895728    -12.895661
   4.15766    -12.881616    -12.881548
   4.18667    -12.861886    -12.861818
   4.21567    -12.836563    -12.836495
   4.24467    -12.805688    -12.805620
   4.27368    -12.769297    -12.769228
   4.30268    -12.727449    -12.727380
   4.33169    -12.680200    -12.680131
   4.36069    -12.627618    -12.627549
   4.38970    -12.569783    -12.569714
   4.41870    -12.506779    -12.506710
   4.44771    -12.438706    -12.438636
   4.47671    -12.365670    -12.365600
   4.50572    -12.287785    -12.287715
   4.53472    -12.205182    -12.205112
   4.56373    -12.117996    -12.117926
   4.59273    -12.026374    -12.026304
   4.62174    -11.930474    -11.930404
   4.65074    -11.830464    -11.830394
   4.67975    -11.726523    -11.726453
   4.70875    -11.618839    -11.618769
   4.73776    -11.507609    -11.507539
   4.76676    -11.393036    -11.392966
   4.79577    -11.275332    -11.275263
   4.82477    -11.154717    -11.154648
   4.85378    -11.031408    -11.031340
   4.88278    -10.905626    -10.905559
   4.91179    -10.777596    -10.777531
   4.94079    -10.647538    -10.647474
   4.96980    -10.515672    -10.515610
   4.99880    -10.382217    -10.382156
   5.02781    -10.247392    -10.247333
   5.05681    -10.111417    -10.111361
   5.08582     -9.974527     -9.974473
   5.11482     -9.836976     -9.836924
   5.14383     -9.699072     -9.699020
   5.17283     -9.561311     -9.561254
   5.20184     -9.436584     -9.436358
   5.20184     -9.166177     -9.165855
   5.23188     -9.261617     -9.261405
   5.26192     -9.406147     -9.405973
   5.29196     -9.555792     -9.555634
   5.32201     -9.706332     -9.706182
   5.35205     -9.856594     -9.856450
   5.38209    -10.006008    -10.005869
   5.41213    -10.154184    -10.154050
   5.44218    -10.300815    -10.300685
   5.47222    -10.445620    -10.445494
   5.50226    -10.588344    -10.588222
   5.53230    -10.728730    -10.728613
   5.56235    -10.866537    -10.866423
   5.59239    -11.001512    -11.001402
   5.62243    -11.133423    -11.133317
   5.65247    -11.262037    -11.261933
   5.68252    -11.387119    -11.387018
   5.71256    -11.508456    -11.508359
   5.74260    -11.625825    -11.625730
   5.77264    -11.739030    -11.738939
   5.80269    -11.847874    -11.847784
   5.83273    -11.952176    -11.952089
   5.86277    -12.051762    -12.051678
   5.89281    -12.146470    -12.146387
   5.92286    -12.236154    -12.236074
   5.95290    -12.320666    -12.320588
   5.98294    -12.399878    -12.399800
   6.01298    -12.473679    -12.473603
   6.04303    -12.541956    -12.541882
   6.07307    -12.604614    -12.604541
   6.10311    -12.661560    -12.661488
   6.13315    -12.712717    -12.712646
   6.16320    -12.758016    -12.757946
   6.19324    -12.797397    -12.797328
   6.22328    -12.830807    -12.830738
   6.25332    -12.858198    -12.858130
   6.28337    -12.879542    -12.879474
   6.31341    -12.894807    -12.894739
   6.34345    -12.903971    -12.903904
   6.37349    -12.907024    -12.906956
   6.37349    -12.907024    -12.906956
   6.40883    -12.902464    -12.902397
   6.44417    -12.888777    -12.888710
   6.47951    -12.865976    -12.865909
   6.51485    -12.834089    -12.834022
   6.55018    -12.793138    -12.793072
   6.58552    -12.743172    -12.743105
   6.62086    -12.684232    -12.684166
   6.65620    -12.616384    -12.616319
   6.69154    -12.539695    -12.539630
   6.72687    -12.454244    -12.454179
   6.76221    -12.360118    -12.360054
   6.79755    -12.257426    -12.257363
   6.83289    -12.146275    -12.146213
   6.86823    -12.026793    -12.026732
   6.90356    -11.899123    -11.899063
   6.93890    -11.763423    -11.763363
   6.97424    -11.619870    -11.619812
   7.00958    -11.468660    -11.468603
   7.04491    -11.310014    -11.309958
   7.08025    -11.144180    -11.144126
   7.11559    -10.971437    -10.971384
   7.15093    -10.792099    -10.792048
   7.18627    -10.606538    -10.606489
   7.22160    -10.415177    -10.415130
   7.25694    -10.218500    -10.218456
   7.29228    -10.017089    -10.017048
   7.32762     -9.811629     -9.811592
   7.36296     -9.602949     -9.602918
   7.39829     -9.392072     -9.392048
   7.43363     -9.180257     -9.180242
   7.46897     -8.969119     -8.969118
   7.50431     -8.760746     -8.760766
   7.53965     -8.557932     -8.557983
   7.57498     -8.364501     -8.364602
   7.61032     -8.185883     -8.186073
   7.64566     -8.030009     -8.030378
   7.68100     -7.909066     -7.909835
   7.71634     -7.840677     -7.842037
   7.75167     -7.824042     -7.825523
 
# Band-Index:    2
   7.75167     -7.741383     -7.739783
   7.71634     -7.751439     -7.749958
   7.68100     -7.758425     -7.757531
   7.64566     -7.750594     -7.750096
   7.61032     -7.733893     -7.733574
   7.57498     -7.711074     -7.710845
   7.53965     -7.683339     -7.683163
   7.50431     -7.651547     -7.651408
   7.46897     -7.616532     -7.616421
   7.43363     -7.579228     -7.579141
   7.39829     -7.540692     -7.540625
   7.36296     -7.502125     -7.502077
   7.32762     -7.464873     -7.464843
   7.29228     -7.430391     -7.430377
   7.25694     -7.400198     -7.400198
   7.22160     -7.375797     -7.375809
   7.18627     -7.358557     -7.358576
   7.15093     -7.349593     -7.349614
   7.11559     -7.349655     -7.349673
   7.08025     -7.359038     -7.359045
   7.04491     -7.377563     -7.377552
   7.00958     -7.404600     -7.404564
   6.97424     -7.439157     -7.439091
   6.93890     -7.479990     -7.479889
   6.90356     -7.525717     -7.525579
   6.86823     -7.574912     -7.574735
   6.83289     -7.626187     -7.625970
   6.79755     -7.678240     -7.677984
   6.76221     -7.729895     -7.729603
   6.72687     -7.780093     -7.779767
   6.69154     -7.827922     -7.827565
   6.65620     -7.872585     -7.872200
   6.62086     -7.913412     -7.913001
   6.58552     -7.949835     -7.949402
   6.55018     -7.981388     -7.980938
   6.51485     -8.007691     -8.007225
   6.47951     -8.028446     -8.027969
   6.44417     -8.043428     -8.042943
   6.40883     -8.052478     -8.051988
   6.37349     -8.055504     -8.055012
   6.37349     -8.055504     -8.055012
   6.34345     -8.057375     -8.056885
   6.31341     -8.062892     -8.062408
   6.28337     -8.071780     -8.071306
   6.25332     -8.083605     -8.083144
   6.22328     -8.097818     -8.097372
   6.19324     -8.113766     -8.113339
   6.16320     -8.130769     -8.130361
   6.13315     -8.148127     -8.147740
   6.10311     -8.165147     -8.164782
   6.07307     -8.181173     -8.180829
   6.04303     -8.195588     -8.195266
   6.01298     -8.207838     -8.207539
   5.98294     -8.217419     -8.217141
   5.95290     -8.223883     -8.223627
   5.92286     -8.226844     -8.226611
   5.89281     -8.225984     -8.225772
   5.86277     -8.221051     -8.220861
   5.83273     -8.211859     -8.211692
   5.80269     -8.198316     -8.198171
   5.77264     -8.180431     -8.180309
   5.74260     -8.158349     -8.158251
   5.71256     -8.132398     -8.132325
   5.68252     -8.103164     -8.103118
   5.65247     -8.071620     -8.071602
   5.62243     -8.039311     -8.039321
   5.59239     -8.008653     -8.008693
   5.56235     -7.983333     -7.983400
   5.53230     -7.968687     -7.968775
   5.50226     -7.971604     -7.971700
   5.47222     -7.999029     -7.999114
   5.44218     -8.054961     -8.055019
   5.41213     -8.138301     -8.138323
   5.38209     -8.244012     -8.243999
   5.35205     -8.366008     -8.365967
   5.32201     -8.499029     -8.498970
   5.29196     -8.639010     -8.638942
   5.26192     -8.782483     -8.782419
   5.23188     -8.923812     -8.923780
   5.20184     -9.018265     -9.018340
   5.20184     -9.409100     -9.409257
   5.17283     -9.285209     -9.285200
   5.14383     -9.150123     -9.150110
   5.11482     -9.017253     -9.017244
   5.08582     -8.888031     -8.888028
   5.05681     -8.764214     -8.764219
   5.02781     -8.648120     -8.648134
   4.99880     -8.542704     -8.542727
   4.96980     -8.451385     -8.451416
   4.94079     -8.377458     -8.377492
   4.91179     -8.323028     -8.323060
   4.88278     -8.287978     -8.288000
   4.85378     -8.269814     -8.269820
   4.82477     -8.264556     -8.264541
   4.79577     -8.267972     -8.267935
   4.76676     -8.276399     -8.276339
   4.73776     -8.286990     -8.286907
   4.70875     -8.297700     -8.297596
   4.67975     -8.307103     -8.306977
   4.65074     -8.314247     -8.314100
   4.62174     -8.318525     -8.318357
   4.59273     -8.319577     -8.319390
   4.56373     -8.317236     -8.317028
   4.53472     -8.311477     -8.311248
   4.50572     -8.302390     -8.302141
   4.47671     -8.290163     -8.289894
   4.44771     -8.275068     -8.274778
   4.41870     -8.257456     -8.257146
   4.38970     -8.237744     -8.237412
   4.36069     -8.216428     -8.216076
   4.33169     -8.194066     -8.193693
   4.30268     -8.171277     -8.170884
   4.27368     -8.148725     -8.148313
   4.24467     -8.127125     -8.126694
   4.21567     -8.107203     -8.106755
   4.18667     -8.089680     -8.089217
   4.15766     -8.075228     -8.074753
   4.12866     -8.064434     -8.063950
   4.09965     -8.057762     -8.057272
   4.07065     -8.055504     -8.055012
   4.07065     -8.055504     -8.055012
   4.03196     -8.056052     -8.055563
   3.99328     -8.057571     -8.057090
   3.95460     -8.059708     -8.059240
   3.91592     -8.061920     -8.061470
   3.87724     -8.063523     -8.063094
   3.83855     -8.063768     -8.063362
   3.79987     -8.061885     -8.061504
   3.76119     -8.057137     -8.056783
   3.72251     -8.048864     -8.048538
   3.68383     -8.036506     -8.036207
   3.64514     -8.019620     -8.019349
   3.60646     -7.997907     -7.997664
   3.56778     -7.971216     -7.971000
   3.52910     -7.939563     -7.939374
   3.49042     -7.903132     -7.902968
   3.45173     -7.862293     -7.862155
   3.41305     -7.817617     -7.817503
   3.37437     -7.769873     -7.769782
   3.33569     -7.720030     -7.719961
   3.29700     -7.669228     -7.669177
   3.25832     -7.618741     -7.618706
   3.21964     -7.569896     -7.569873
   3.18096     -7.523954     -7.523939
   3.14228     -7.481993     -7.481979
   3.10359     -7.444778     -7.444761
   3.06491     -7.412675     -7.412649
   3.02623     -7.385627     -7.385589
   2.98755     -7.363198     -7.363145
   2.94887     -7.344679     -7.344612
   2.91018     -7.329187     -7.329111
   2.87150     -7.315762     -7.315688
   2.83282     -7.303391     -7.303340
   2.79414     -7.290893     -7.290904
   2.75546     -7.276597     -7.276741
   2.71677     -7.257439     -7.257847
   2.67809     -7.227365     -7.228247
   2.63941     -7.179142     -7.180624
   2.60073     -7.123210     -7.125088
   2.56205     -7.096977     -7.098974
   2.56205     -9.751838     -9.751695
   2.54631     -9.749294     -9.749150
   2.53058     -9.741686     -9.741542
   2.51485     -9.729075     -9.728929
   2.49911     -9.711569     -9.711420
   2.48338     -9.689304     -9.689152
   2.46765     -9.662452     -9.662296
   2.45191     -9.631210     -9.631050
   2.43618     -9.595799     -9.595633
   2.42045     -9.556455     -9.556283
   2.40471     -9.513427     -9.513249
   2.38898     -9.466973     -9.466787
   2.37325     -9.417357     -9.417164
   2.35751     -9.364848     -9.364647
   2.34178     -9.309717     -9.309507
   2.32605     -9.252237     -9.252018
   2.31032     -9.192685     -9.192455
   2.29458     -9.131339     -9.131100
   2.27885     -9.068486     -9.068235
   2.26312     -9.004416     -9.004154
   2.24738     -8.939428     -8.939154
   2.23165     -8.873834     -8.873548
   2.21592     -8.807959     -8.807659
   2.20018     -8.742141     -8.741828
   2.18445     -8.676735     -8.676408
   2.16872     -8.612139     -8.611798
   2.15298     -8.548743     -8.548387
   2.13725     -8.486985     -8.486615
   2.12152     -8.427324     -8.426940
   2.10578     -8.370245     -8.369845
   2.09005     -8.316258     -8.315845
   2.07432     -8.265896     -8.265469
   2.05858     -8.219706     -8.219265
   2.04285     -8.178236     -8.177783
   2.02712     -8.142020     -8.141556
   2.01138     -8.111578     -8.111105
   1.99565     -8.087363     -8.086882
   1.97992     -8.069768     -8.069281
   1.96418     -8.059086     -8.058595
   1.94845     -8.055504     -8.055012
   1.94845     -8.055504     -8.055012
   1.92408     -8.054185     -8.053693
   1.89972     -8.050233     -8.049744
   1.87535     -8.043689     -8.043205
   1.85098     -8.034607     -8.034127
   1.82662     -8.023072     -8.022600
   1.80225     -8.009199     -8.008736
   1.77788     -7.993137     -7.992684
   1.75352     -7.975056     -7.974616
   1.72915     -7.955192     -7.954767
   1.70478     -7.933815     -7.933407
   1.68041     -7.911271     -7.910881
   1.65605     -7.887972     -7.887604
   1.63168     -7.864426     -7.864081
   1.60731     -7.841255     -7.840936
   1.58295     -7.819222     -7.818931
   1.55858     -7.799259     -7.799000
   1.53421     -7.782502     -7.782277
   1.50985     -7.770322     -7.770133
   1.48548     -7.764334     -7.764182
   1.46111     -7.766387     -7.766272
   1.43675     -7.778484     -7.778405
   1.41238     -7.802627     -7.802581
   1.38801     -7.840575     -7.840556
   1.36364     -7.893559     -7.893559
   1.33928     -7.962038     -7.962051
   1.31491     -8.045611     -8.045629
   1.29054     -8.143114     -8.143131
   1.26618     -8.252850     -8.252862
   1.24181     -8.372874     -8.372878
   1.21744     -8.501220     -8.501215
   1.19308     -8.636059     -8.636043
   1.16871     -8.775735     -8.775709
   1.14434     -8.918836     -8.918798
   1.11998     -9.064137     -9.064086
   1.09561     -9.210547     -9.210481
   1.07124     -9.357002     -9.356915
   1.04687     -9.502070     -9.501948
   1.02251     -9.641751     -9.641544
   0.99814     -9.734661     -9.734214
   0.99814     -9.430064     -9.429482
   0.97255     -9.315438     -9.315177
   0.94695     -9.159764     -9.159575
   0.92136     -9.001224     -9.001061
   0.89577     -8.842693     -8.842543
   0.87017     -8.685592     -8.685452
   0.84458     -8.531275     -8.531144
   0.81899     -8.381269     -8.381148
   0.79339     -8.237369     -8.237260
   0.76780     -8.101664     -8.101569
   0.74221     -7.976515     -7.976436
   0.71661     -7.864437     -7.864376
   0.69102     -7.767847     -7.767804
   0.66543     -7.688714     -7.688686
   0.63983     -7.628161     -7.628142
   0.61424     -7.586187     -7.586168
   0.58865     -7.561643     -7.561613
   0.56305     -7.552501     -7.552453
   0.53746     -7.556256     -7.556181
   0.51187     -7.570317     -7.570211
   0.48627     -7.592264     -7.592123
   0.46068     -7.619986     -7.619811
   0.43509     -7.651725     -7.651515
   0.40949     -7.686026     -7.685781
   0.38390     -7.721709     -7.721433
   0.35831     -7.757837     -7.757531
   0.33271     -7.793634     -7.793301
   0.30712     -7.828487     -7.828129
   0.28153     -7.861891     -7.861511
   0.25593     -7.893432     -7.893031
   0.23034     -7.922773     -7.922355
   0.20475     -7.949642     -7.949207
   0.17915     -7.973805     -7.973357
   0.15356     -7.995079     -7.994619
   0.12797     -8.013312     -8.012842
   0.10237     -8.028384     -8.027906
   0.07678     -8.040196     -8.039712
   0.05119     -8.048684     -8.048196
   0.02559     -8.053797     -8.053306
   0.00000     -8.055504     -8.055012
 
# Band-Index:    3
   0.00000     -6.092240     -6.092832
   0.02559     -6.090657     -6.091247
   0.05119     -6.085921     -6.086507
   0.07678     -6.078079     -6.078657
   0.10237     -6.067212     -6.067780
   0.12797     -6.053436     -6.053990
   0.15356     -6.036906     -6.037443
   0.17915     -6.017827     -6.018343
   0.20475     -5.996452     -5.996943
   0.23034     -5.973100     -5.973562
   0.25593     -5.948165     -5.948593
   0.28153     -5.922131     -5.922519
   0.30712     -5.895587     -5.895929
   0.33271     -5.869254     -5.869540
   0.35831     -5.843996     -5.844217
   0.38390     -5.820837     -5.820978
   0.40949     -5.800966     -5.801010
   0.43509     -5.785671     -5.785599
   0.46068     -5.776247     -5.776039
   0.48627     -5.773774     -5.773413
   0.51187     -5.778812     -5.778293
   0.53746     -5.791071     -5.790407
   0.56305     -5.809183     -5.808403
   0.58865     -5.830683     -5.829834
   0.61424     -5.852321     -5.851455
   0.63983     -5.870629     -5.869796
   0.66543     -5.882638     -5.881880
   0.69102     -5.886431     -5.885779
   0.71661     -5.881368     -5.880843
   0.74221     -5.867940     -5.867554
   0.76780     -5.847414     -5.847171
   0.79339     -5.821454     -5.821355
   0.81899     -5.791832     -5.791874
   0.84458     -5.760227     -5.760405
   0.87017     -5.728124     -5.728432
   0.89577     -5.696748     -5.697179
   0.92136     -5.667033     -5.667581
   0.94695     -5.639627     -5.640291
   0.97255     -5.614911     -5.615721
   0.99814     -5.594819     -5.596635
   0.99814     -5.930751     -5.930006
   1.02251     -5.933574     -5.932829
   1.04687     -5.941880     -5.941137
   1.07124     -5.955211     -5.954469
   1.09561     -5.972834     -5.972092
   1.11998     -5.993786     -5.993040
   1.14434     -6.016903     -6.016149
   1.16871     -6.040865     -6.040100
   1.19308     -6.064213     -6.063430
   1.21744     -6.085363     -6.084560
   1.24181     -6.102651     -6.101825
   1.26618     -6.114371     -6.113522
   1.29054     -6.118898     -6.118028
   1.31491     -6.114873     -6.113988
   1.33928     -6.101464     -6.100574
   1.36364     -6.078682     -6.077803
   1.38801     -6.047623     -6.046773
   1.41238     -6.010534     -6.009738
   1.43675     -5.970650     -5.969934
   1.46111     -5.931784     -5.931178
   1.48548     -5.897792     -5.897322
   1.50985     -5.871961     -5.871649
   1.53421     -5.856416     -5.856271
   1.55858     -5.851708     -5.851723
   1.58295     -5.856828     -5.856981
   1.60731     -5.869738     -5.870002
   1.63168     -5.888100     -5.888447
   1.65605     -5.909796     -5.910205
   1.68041     -5.933130     -5.933585
   1.70478     -5.956833     -5.957322
   1.72915     -5.979968     -5.980483
   1.75352     -6.001852     -6.002387
   1.77788     -6.021984     -6.022535
   1.80225     -6.039993     -6.040556
   1.82662     -6.055607     -6.056180
   1.85098     -6.068620     -6.069200
   1.87535     -6.078880     -6.079465
   1.89972     -6.086280     -6.086869
   1.92408     -6.090747     -6.091338
   1.94845     -6.092240     -6.092832
   1.94845     -6.092240     -6.092832
   1.96418     -6.091647     -6.092241
   1.97992     -6.089890     -6.090487
   1.99565     -6.087034     -6.087637
   2.01138     -6.083181     -6.083792
   2.02712     -6.078453     -6.079074
   2.04285     -6.072999     -6.073632
   2.05858     -6.066958     -6.067604
   2.07432     -6.060471     -6.061131
   2.09005     -6.053665     -6.054340
   2.10578     -6.046653     -6.047343
   2.12152     -6.039528     -6.040232
   2.13725     -6.032368     -6.033087
   2.15298     -6.025236     -6.025970
   2.16872     -6.018181     -6.018929
   2.18445     -6.011240     -6.012001
   2.20018     -6.004448     -6.005222
   2.21592     -5.997824     -5.998609
   2.23165     -5.991386     -5.992182
   2.24738     -5.985150     -5.985957
   2.26312     -5.979129     -5.979945
   2.27885     -5.973333     -5.974158
   2.29458     -5.967774     -5.968607
   2.31032     -5.962460     -5.963301
   2.32605     -5.957404     -5.958251
   2.34178     -5.952612     -5.953465
   2.35751     -5.948095     -5.948954
   2.37325     -5.943865     -5.944729
   2.38898     -5.939930     -5.940798
   2.40471     -5.936299     -5.937172
   2.42045     -5.932982     -5.933858
   2.43618     -5.929989     -5.930868
   2.45191     -5.927326     -5.928207
   2.46765     -5.925000     -5.925883
   2.48338     -5.923020     -5.923906
   2.49911     -5.921392     -5.922279
   2.51485     -5.920121     -5.921009
   2.53058     -5.919210     -5.920099
   2.54631     -5.918662     -5.919551
   2.56205     -5.918480     -5.919369
   2.56205     -6.561720     -6.561842
   2.60073     -6.544484     -6.544664
   2.63941     -6.504562     -6.504833
   2.67809     -6.459006     -6.459326
   2.71677     -6.414901     -6.415229
   2.75546     -6.372514     -6.372828
   2.79414     -6.330178     -6.330470
   2.83282     -6.286386     -6.286653
   2.87150     -6.240219     -6.240462
   2.91018     -6.191290     -6.191510
   2.94887     -6.139597     -6.139793
   2.98755     -6.085427     -6.085602
   3.02623     -6.029310     -6.029464
   3.06491     -5.971990     -5.972127
   3.10359     -5.914475     -5.914601
   3.14228     -5.858131     -5.858258
   3.18096     -5.804923     -5.805078
   3.21964     -5.757807     -5.758032
   3.25832     -5.720665     -5.721005
   3.29700     -5.696245     -5.696704
   3.33569     -5.683731     -5.684274
   3.37437     -5.680429     -5.681018
   3.41305     -5.684219     -5.684833
   3.45173     -5.693864     -5.694491
   3.49042     -5.708609     -5.709243
   3.52910     -5.727899     -5.728535
   3.56778     -5.751242     -5.751876
   3.60646     -5.778144     -5.778775
   3.64514     -5.808070     -5.808695
   3.68383     -5.840413     -5.841031
   3.72251     -5.874467     -5.875078
   3.76119     -5.909404     -5.910009
   3.79987     -5.944268     -5.944868
   3.83855     -5.977982     -5.978578
   3.87724     -6.009374     -6.009967
   3.91592     -6.037236     -6.037827
   3.95460     -6.060389     -6.060980
   3.99328     -6.077783     -6.078375
   4.03196     -6.088580     -6.089172
   4.07065     -6.092240     -6.092832
   4.07065     -6.092240     -6.092832
   4.09965     -6.090157     -6.090750
   4.12866     -6.084015     -6.084610
   4.15766     -6.074132     -6.074730
   4.18667     -6.060999     -6.061603
   4.21567     -6.045250     -6.045860
   4.24467     -6.027604     -6.028221
   4.27368     -6.008825     -6.009452
   4.30268     -5.989704     -5.990340
   4.33169     -5.971041     -5.971687
   4.36069     -5.953673     -5.954326
   4.38970     -5.938507     -5.939163
   4.41870     -5.926614     -5.927267
   4.44771     -5.919342     -5.919982
   4.47671     -5.918480     -5.919091
   4.50572     -5.926396     -5.926956
   4.53472     -5.946020     -5.946500
   4.56373     -5.980421     -5.980793
   4.59273     -6.031892     -6.032140
   4.62174     -6.100993     -6.101119
   4.65074     -6.186289     -6.186310
   4.67975     -6.284847     -6.284786
   4.70875     -6.392959     -6.392839
   4.73776     -6.506628     -6.506466
   4.76676     -6.621737     -6.621547
   4.79577     -6.733982     -6.733773
   4.82477     -6.838720     -6.838500
   4.85378     -6.930871     -6.930647
   4.88278     -7.005151     -7.004931
   4.91179     -7.056832     -7.056626
   4.94079     -7.082940     -7.082759
   4.96980     -7.083152     -7.083007
   4.99880     -7.059647     -7.059547
   5.02781     -7.016123     -7.016077
   5.05681     -6.956858     -6.956876
   5.08582     -6.886387     -6.886484
   5.11482     -6.809984     -6.810181
   5.14383     -6.735236     -6.735559
   5.17283     -6.675343     -6.675807
   5.20184     -6.651015     -6.651553
   5.20184     -6.474030     -6.474765
   5.23188     -6.500634     -6.501256
   5.26192     -6.566027     -6.566440
   5.29196     -6.647843     -6.648067
   5.32201     -6.731911     -6.731984
   5.35205     -6.809616     -6.809563
   5.38209     -6.874203     -6.874038
   5.41213     -6.919010     -6.918741
   5.44218     -6.937306     -6.936942
   5.47222     -6.923916     -6.923474
   5.50226     -6.878032     -6.877536
   5.53230     -6.804304     -6.803780
   5.56235     -6.710688     -6.710156
   5.59239     -6.605434     -6.604909
   5.62243     -6.495572     -6.495068
   5.65247     -6.386743     -6.386275
   5.68252     -6.283472     -6.283058
   5.71256     -6.189371     -6.189031
   5.74260     -6.107155     -6.106912
   5.77264     -6.038552     -6.038425
   5.80269     -5.984213     -5.984212
   5.83273     -5.943769     -5.943896
   5.86277     -5.916051     -5.916299
   5.89281     -5.899432     -5.899783
   5.92286     -5.892138     -5.892574
   5.95290     -5.892473     -5.892974
   5.98294     -5.898931     -5.899478
   6.01298     -5.910214     -5.910793
   6.04303     -5.925207     -5.925806
   6.07307     -5.942934     -5.943543
   6.10311     -5.962507     -5.963119
   6.13315     -5.983091     -5.983704
   6.16320     -6.003877     -6.004486
   6.19324     -6.024065     -6.024670
   6.22328     -6.042865     -6.043467
   6.25332     -6.059517     -6.060115
   6.28337     -6.073321     -6.073917
   6.31341     -6.083663     -6.084257
   6.34345     -6.090070     -6.090662
   6.37349     -6.092240     -6.092832
   6.37349     -6.092240     -6.092832
   6.40883     -6.089162     -6.089752
   6.44417     -6.079955     -6.080538
   6.47951     -6.064691     -6.065263
   6.51485     -6.043502     -6.044058
   6.55018     -6.016571     -6.017108
   6.58552     -5.984141     -5.984654
   6.62086     -5.946514     -5.946998
   6.65620     -5.904059     -5.904511
   6.69154     -5.857217     -5.857633
   6.72687     -5.806511     -5.806889
   6.76221     -5.752555     -5.752894
   6.79755     -5.696085     -5.696384
   6.83289     -5.638025     -5.638289
   6.86823     -5.579694     -5.579931
   6.90356     -5.523846     -5.524063
   6.93890     -5.482361     -5.482456
   6.97424     -5.482206     -5.482014
   7.00958     -5.504350     -5.504063
   7.04491     -5.534416     -5.534095
   7.08025     -5.569484     -5.569148
   7.11559     -5.608244     -5.607900
   7.15093     -5.649724     -5.649375
   7.18627     -5.693129     -5.692776
   7.22160     -5.737796     -5.737439
   7.25694     -5.783157     -5.782796
   7.29228     -5.828692     -5.828328
   7.32762     -5.873901     -5.873535
   7.36296     -5.918296     -5.917928
   7.39829     -5.961417     -5.961049
   7.43363     -6.002866     -6.002498
   7.46897     -6.042356     -6.041989
   7.50431     -6.079787     -6.079420
   7.53965     -6.115338     -6.114970
   7.57498     -6.149605     -6.149234
   7.61032     -6.183638     -6.183262
   7.64566     -6.218413     -6.218026
   7.68100     -6.252695     -6.252297
   7.71634     -6.280100     -6.279692
   7.75167     -6.290878     -6.290466
 
# Band-Index:    4
   7.75167     -6.018709     -6.018432
   7.71634     -6.007905     -6.007628
   7.68100     -5.975097     -5.974821
   7.64566     -5.920962     -5.920691
   7.61032     -5.849962     -5.849701
   7.57498     -5.769186     -5.768942
   7.53965     -5.685108     -5.684886
   7.50431     -5.602142     -5.601948
   7.46897     -5.522934     -5.522773
   7.43363     -5.449051     -5.448931
   7.39829     -5.381596     -5.381526
   7.36296     -5.321655     -5.321649
   7.32762     -5.270597     -5.270670
   7.29228     -5.230132     -5.230297
   7.25694     -5.202028     -5.202280
   7.22160     -5.187446     -5.187758
   7.18627     -5.186415     -5.186748
   7.15093     -5.197975     -5.198286
   7.11559     -5.220684     -5.220946
   7.08025     -5.252966     -5.253167
   7.04491     -5.293134     -5.293272
   7.00958     -5.339104     -5.339178
   6.97424     -5.387018     -5.386987
   6.93890     -5.421329     -5.421024
   6.90356     -5.421600     -5.421210
   6.86823     -5.413210     -5.412852
   6.83289     -5.406350     -5.406028
   6.79755     -5.402092     -5.401806
   6.76221     -5.400168     -5.399916
   6.72687     -5.400061     -5.399841
   6.69154     -5.401249     -5.401058
   6.65620     -5.403271     -5.403108
   6.62086     -5.405750     -5.405609
   6.58552     -5.408381     -5.408261
   6.55018     -5.410932     -5.410829
   6.51485     -5.413225     -5.413136
   6.47951     -5.415128     -5.415051
   6.44417     -5.416550     -5.416480
   6.40883     -5.417426     -5.417361
   6.37349     -5.417722     -5.417658
   6.37349     -5.417722     -5.417658
   6.34345     -5.417405     -5.417341
   6.31341     -5.416452     -5.416386
   6.28337     -5.414854     -5.414784
   6.25332     -5.412601     -5.412527
   6.22328     -5.409687     -5.409607
   6.19324     -5.406116     -5.406029
   6.16320     -5.401909     -5.401815
   6.13315     -5.397110     -5.397008
   6.10311     -5.391790     -5.391681
   6.07307     -5.386051     -5.385936
   6.04303     -5.380026     -5.379908
   6.01298     -5.373877     -5.373761
   5.98294     -5.367785     -5.367679
   5.95290     -5.361942     -5.361855
   5.92286     -5.356524     -5.356469
   5.89281     -5.351672     -5.351667
   5.86277     -5.347461     -5.347525
   5.83273     -5.343885     -5.344038
   5.80269     -5.340865     -5.341127
   5.77264     -5.338296     -5.338680
   5.74260     -5.336110     -5.336622
   5.71256     -5.334359     -5.334998
   5.68252     -5.333269     -5.334026
   5.65247     -5.333279     -5.334141
   5.62243     -5.335065     -5.336011
   5.59239     -5.339570     -5.340577
   5.56235     -5.348043     -5.349081
   5.53230     -5.362050     -5.363080
   5.50226     -5.383395     -5.384371
   5.47222     -5.413897     -5.414771
   5.44218     -5.455056     -5.455786
   5.41213     -5.507741     -5.508294
   5.38209     -5.571959     -5.572317
   5.35205     -5.646683     -5.646837
   5.32201     -5.729578     -5.729519
   5.29196     -5.816468     -5.816186
   5.26192     -5.899976     -5.899453
   5.23188     -5.966345     -5.965578
   5.20184     -5.993276     -5.992386
   5.20184     -6.153088     -6.152465
   5.17283     -6.125030     -6.124486
   5.14383     -6.053963     -6.053580
   5.11482     -5.960651     -5.960428
   5.08582     -5.858373     -5.858296
   5.05681     -5.754947     -5.755010
   5.02781     -5.656804     -5.657014
   4.99880     -5.574005     -5.574393
   4.96980     -5.524592     -5.525157
   4.94079     -5.507908     -5.508542
   4.91179     -5.504728     -5.505371
   4.88278     -5.506348     -5.506981
   4.85378     -5.510057     -5.510672
   4.82477     -5.514788     -5.515379
   4.79577     -5.519949     -5.520511
   4.76676     -5.525076     -5.525602
   4.73776     -5.529685     -5.530166
   4.70875     -5.533199     -5.533624
   4.67975     -5.534895     -5.535251
   4.65074     -5.533897     -5.534169
   4.62174     -5.529275     -5.529449
   4.59273     -5.520346     -5.520417
   4.56373     -5.507162     -5.507137
   4.53472     -5.490847     -5.490749
   4.50572     -5.473345     -5.473203
   4.47671     -5.456652     -5.456493
   4.44771     -5.442191     -5.442034
   4.41870     -5.430641     -5.430495
   4.38970     -5.422098     -5.421966
   4.36069     -5.416305     -5.416188
   4.33169     -5.412835     -5.412731
   4.30268     -5.411205     -5.411112
   4.27368     -5.410939     -5.410854
   4.24467     -5.411601     -5.411523
   4.21567     -5.412805     -5.412732
   4.18667     -5.414228     -5.414159
   4.15766     -5.415605     -5.415539
   4.12866     -5.416734     -5.416669
   4.09965     -5.417468     -5.417404
   4.07065     -5.417722     -5.417658
   4.07065     -5.417722     -5.417658
   4.03196     -5.417289     -5.417224
   3.99328     -5.416001     -5.415933
   3.95460     -5.413899     -5.413824
   3.91592     -5.411054     -5.410970
   3.87724     -5.407570     -5.407475
   3.83855     -5.403594     -5.403484
   3.79987     -5.399325     -5.399199
   3.76119     -5.395034     -5.394888
   3.72251     -5.391076     -5.390908
   3.68383     -5.387923     -5.387730
   3.64514     -5.386183     -5.385962
   3.60646     -5.386625     -5.386375
   3.56778     -5.390180     -5.389901
   3.52910     -5.397894     -5.397589
   3.49042     -5.410806     -5.410483
   3.45173     -5.429718     -5.429390
   3.41305     -5.454873     -5.454557
   3.37437     -5.485621     -5.485339
   3.33569     -5.520088     -5.519872
   3.29700     -5.554935     -5.554830
   3.25832     -5.585960     -5.586011
   3.21964     -5.610870     -5.611081
   3.18096     -5.631226     -5.631560
   3.14228     -5.650165     -5.650590
   3.10359     -5.670345     -5.670843
   3.06491     -5.693715     -5.694279
   3.02623     -5.721651     -5.722274
   2.98755     -5.754961     -5.755636
   2.94887     -5.793875     -5.794590
   2.91018     -5.838064     -5.838805
   2.87150     -5.886719     -5.887468
   2.83282     -5.938661     -5.939399
   2.79414     -5.992406     -5.993112
   2.75546     -6.046147     -6.046795
   2.71677     -6.097530     -6.098100
   2.67809     -6.143389     -6.143864
   2.63941     -6.179824     -6.180210
   2.60073     -6.203183     -6.203507
   2.56205     -6.211199     -6.211501
   2.56205     -5.362915     -5.362975
   2.54631     -5.362988     -5.363048
   2.53058     -5.363209     -5.363268
   2.51485     -5.363574     -5.363633
   2.49911     -5.364083     -5.364141
   2.48338     -5.364733     -5.364789
   2.46765     -5.365520     -5.365574
   2.45191     -5.366439     -5.366492
   2.43618     -5.367486     -5.367536
   2.42045     -5.368654     -5.368703
   2.40471     -5.369940     -5.369985
   2.38898     -5.371334     -5.371377
   2.37325     -5.372831     -5.372871
   2.35751     -5.374423     -5.374460
   2.34178     -5.376104     -5.376136
   2.32605     -5.377864     -5.377893
   2.31032     -5.379697     -5.379722
   2.29458     -5.381594     -5.381615
   2.27885     -5.383548     -5.383564
   2.26312     -5.385550     -5.385562
   2.24738     -5.387592     -5.387599
   2.23165     -5.389666     -5.389669
   2.21592     -5.391764     -5.391762
   2.20018     -5.393877     -5.393870
   2.18445     -5.395994     -5.395982
   2.16872     -5.398107     -5.398089
   2.15298     -5.400203     -5.400180
   2.13725     -5.402269     -5.402242
   2.12152     -5.404293     -5.404260
   2.10578     -5.406256     -5.406218
   2.09005     -5.408140     -5.408098
   2.07432     -5.409924     -5.409878
   2.05858     -5.411586     -5.411536
   2.04285     -5.413101     -5.413047
   2.02712     -5.414442     -5.414385
   2.01138     -5.415583     -5.415524
   1.99565     -5.416501     -5.416440
   1.97992     -5.417173     -5.417111
   1.96418     -5.417584     -5.417520
   1.94845     -5.417722     -5.417658
   1.94845     -5.417722     -5.417658
   1.92408     -5.417604     -5.417540
   1.89972     -5.417259     -5.417193
   1.87535     -5.416713     -5.416644
   1.85098     -5.416014     -5.415940
   1.82662     -5.415222     -5.415142
   1.80225     -5.414415     -5.414328
   1.77788     -5.413679     -5.413583
   1.75352     -5.413106     -5.413000
   1.72915     -5.412772     -5.412657
   1.70478     -5.412722     -5.412596
   1.68041     -5.412921     -5.412787
   1.65605     -5.413197     -5.413060
   1.63168     -5.413143     -5.413012
   1.60731     -5.412019     -5.411911
   1.58295     -5.408692     -5.408628
   1.55858     -5.401730     -5.401738
   1.53421     -5.389769     -5.389871
   1.50985     -5.372037     -5.372251
   1.48548     -5.348694     -5.349027
   1.46111     -5.320738     -5.321192
   1.43675     -5.289657     -5.290235
   1.41238     -5.257089     -5.257797
   1.38801     -5.224619     -5.225467
   1.36364     -5.193675     -5.194677
   1.33928     -5.165441     -5.166608
   1.31491     -5.140779     -5.142120
   1.29054     -5.120185     -5.121704
   1.26618     -5.103794     -5.105486
   1.24181     -5.091423     -5.093279
   1.21744     -5.082678     -5.084689
   1.19308     -5.077049     -5.079201
   1.16871     -5.073967     -5.076247
   1.14434     -5.072856     -5.075252
   1.11998     -5.073152     -5.075649
   1.09561     -5.074312     -5.076896
   1.07124     -5.075838     -5.078492
   1.04687     -5.077285     -5.079991
   1.02251     -5.078305     -5.081044
   0.99814     -5.078670     -5.081419
   0.99814     -5.590797     -5.590481
   0.97255     -5.573367     -5.574044
   0.94695     -5.556487     -5.557276
   0.92136     -5.541665     -5.542513
   0.89577     -5.528566     -5.529454
   0.87017     -5.516852     -5.517768
   0.84458     -5.506225     -5.507160
   0.81899     -5.496443     -5.497387
   0.79339     -5.487324     -5.488270
   0.76780     -5.478750     -5.479690
   0.74221     -5.470661     -5.471585
   0.71661     -5.463054     -5.463949
   0.69102     -5.455969     -5.456821
   0.66543     -5.449481     -5.450272
   0.63983     -5.443682     -5.444394
   0.61424     -5.438650     -5.439261
   0.58865     -5.434407     -5.434896
   0.56305     -5.430881     -5.431233
   0.53746     -5.427886     -5.428094
   0.51187     -5.425170     -5.425240
   0.48627     -5.422502     -5.422452
   0.46068     -5.419766     -5.419625
   0.43509     -5.416998     -5.416796
   0.40949     -5.414340     -5.414107
   0.38390     -5.411973     -5.411729
   0.35831     -5.410049     -5.409811
   0.33271     -5.408670     -5.408446
   0.30712     -5.407876     -5.407671
   0.28153     -5.407655     -5.407471
   0.25593     -5.407952     -5.407789
   0.23034     -5.408684     -5.408540
   0.20475     -5.409749     -5.409623
   0.17915     -5.411035     -5.410923
   0.15356     -5.412426     -5.412328
   0.12797     -5.413814     -5.413727
   0.10237     -5.415098     -5.415019
   0.07678     -5.416191     -5.416119
   0.05119     -5.417024     -5.416957
   0.02559     -5.417545     -5.417480
   0.00000     -5.417722     -5.417658
 
# Band-Index:    5
   0.00000     -4.729514     -4.730437
   0.02559     -4.729203     -4.730128
   0.05119     -4.728256     -4.729184
   0.07678     -4.726627     -4.727562
   0.10237     -4.724243     -4.725186
   0.12797     -4.720999     -4.721952
   0.15356     -4.716764     -4.717731
   0.17915     -4.711381     -4.712364
   0.20475     -4.704667     -4.705669
   0.23034     -4.696417     -4.697440
   0.25593     -4.686408     -4.687455
   0.28153     -4.674395     -4.675469
   0.30712     -4.660121     -4.661225
   0.33271     -4.643319     -4.644453
   0.35831     -4.623708     -4.624875
   0.38390     -4.601006     -4.602207
   0.40949     -4.574932     -4.576164
   0.43509     -4.545215     -4.546476
   0.46068     -4.511613     -4.512899
   0.48627     -4.473944     -4.475246
   0.51187     -4.432132     -4.433437
   0.53746     -4.386308     -4.387595
   0.56305     -4.337097     -4.338329
   0.58865     -4.286836     -4.287924
   0.61424     -4.247604     -4.248323
   0.63983     -4.249472     -4.250048
   0.66543     -4.267715     -4.268307
   0.69102     -4.280574     -4.281138
   0.71661     -4.285589     -4.286113
   0.74221     -4.283420     -4.283912
   0.76780     -4.290176     -4.290043
   0.79339     -4.305300     -4.305142
   0.81899     -4.318889     -4.318710
   0.84458     -4.330844     -4.330648
   0.87017     -4.341085     -4.340875
   0.89577     -4.349547     -4.349326
   0.92136     -4.356180     -4.355951
   0.94695     -4.360945     -4.360709
   0.97255     -4.363814     -4.363575
   0.99814     -4.364773     -4.364532
   0.99814     -4.698841     -4.699937
   1.02251     -4.698900     -4.699996
   1.04687     -4.699077     -4.700172
   1.07124     -4.699368     -4.700460
   1.09561     -4.699767     -4.700857
   1.11998     -4.700270     -4.701356
   1.14434     -4.700867     -4.701949
   1.16871     -4.701550     -4.702627
   1.19308     -4.702311     -4.703382
   1.21744     -4.703139     -4.704204
   1.24181     -4.704028     -4.705086
   1.26618     -4.704967     -4.706019
   1.29054     -4.705952     -4.706997
   1.31491     -4.706975     -4.708013
   1.33928     -4.708030     -4.709061
   1.36364     -4.709112     -4.710137
   1.38801     -4.710218     -4.711235
   1.41238     -4.711341     -4.712352
   1.43675     -4.712479     -4.713483
   1.46111     -4.713627     -4.714624
   1.48548     -4.714781     -4.715772
   1.50985     -4.715936     -4.716920
   1.53421     -4.717087     -4.718066
   1.55858     -4.718229     -4.719202
   1.58295     -4.719356     -4.720323
   1.60731     -4.720461     -4.721423
   1.63168     -4.721537     -4.722494
   1.65605     -4.722577     -4.723529
   1.68041     -4.723572     -4.724520
   1.70478     -4.724516     -4.725459
   1.72915     -4.725399     -4.726339
   1.75352     -4.726214     -4.727151
   1.77788     -4.726955     -4.727888
   1.80225     -4.727612     -4.728543
   1.82662     -4.728180     -4.729109
   1.85098     -4.728653     -4.729580
   1.87535     -4.729027     -4.729952
   1.89972     -4.729296     -4.730220
   1.92408     -4.729459     -4.730383
   1.94845     -4.729514     -4.730437
   1.94845     -4.729514     -4.730437
   1.96418     -4.729580     -4.730504
   1.97992     -4.729777     -4.730701
   1.99565     -4.730104     -4.731028
   2.01138     -4.730559     -4.731483
   2.02712     -4.731138     -4.732062
   2.04285     -4.731837     -4.732762
   2.05858     -4.732653     -4.733578
   2.07432     -4.733579     -4.734504
   2.09005     -4.734609     -4.735535
   2.10578     -4.735737     -4.736664
   2.12152     -4.736954     -4.737881
   2.13725     -4.738253     -4.739181
   2.15298     -4.739625     -4.740553
   2.16872     -4.741061     -4.741990
   2.18445     -4.742551     -4.743481
   2.20018     -4.744085     -4.745016
   2.21592     -4.745654     -4.746585
   2.23165     -4.747246     -4.748179
   2.24738     -4.748853     -4.749786
   2.26312     -4.750462     -4.751396
   2.27885     -4.752065     -4.752999
   2.29458     -4.753650     -4.754585
   2.31032     -4.755207     -4.756142
   2.32605     -4.756726     -4.757662
   2.34178     -4.758197     -4.759135
   2.35751     -4.759612     -4.760550
   2.37325     -4.760962     -4.761900
   2.38898     -4.762236     -4.763175
   2.40471     -4.763429     -4.764369
   2.42045     -4.764531     -4.765472
   2.43618     -4.765538     -4.766478
   2.45191     -4.766440     -4.767381
   2.46765     -4.767235     -4.768176
   2.48338     -4.767915     -4.768857
   2.49911     -4.768478     -4.769419
   2.51485     -4.768919     -4.769861
   2.53058     -4.769236     -4.770178
   2.54631     -4.769427     -4.770369
   2.56205     -4.769491     -4.770434
   2.56205     -5.435284     -5.435567
   2.60073     -5.429017     -5.429296
   2.63941     -5.411132     -5.411401
   2.67809     -5.383921     -5.384180
   2.71677     -5.350049     -5.350306
   2.75546     -5.311684     -5.311948
   2.79414     -5.270148     -5.270432
   2.83282     -5.226044     -5.226361
   2.87150     -5.179591     -5.179955
   2.91018     -5.130999     -5.131427
   2.94887     -5.080849     -5.081360
   2.98755     -5.030533     -5.031146
   3.02623     -4.982899     -4.983630
   3.06491     -4.943058     -4.943890
   3.10359     -4.917369     -4.918226
   3.14228     -4.907187     -4.907980
   3.18096     -4.906021     -4.906737
   3.21964     -4.907121     -4.907801
   3.25832     -4.907398     -4.908086
   3.29700     -4.905919     -4.906648
   3.33569     -4.902240     -4.903029
   3.37437     -4.895805     -4.896659
   3.41305     -4.886088     -4.887001
   3.45173     -4.872923     -4.873882
   3.49042     -4.856699     -4.857689
   3.52910     -4.838311     -4.839319
   3.56778     -4.818938     -4.819951
   3.60646     -4.799785     -4.800796
   3.64514     -4.781898     -4.782902
   3.68383     -4.766081     -4.767075
   3.72251     -4.752869     -4.753851
   3.76119     -4.742534     -4.743504
   3.79987     -4.735106     -4.736064
   3.83855     -4.730381     -4.731329
   3.87724     -4.727952     -4.728891
   3.91592     -4.727256     -4.728189
   3.95460     -4.727647     -4.728575
   3.99328     -4.728483     -4.729408
   4.03196     -4.729225     -4.730149
   4.07065     -4.729514     -4.730437
   4.07065     -4.729514     -4.730437
   4.09965     -4.729525     -4.730449
   4.12866     -4.729562     -4.730486
   4.15766     -4.729627     -4.730553
   4.18667     -4.729729     -4.730657
   4.21567     -4.729878     -4.730808
   4.24467     -4.730086     -4.731018
   4.27368     -4.730365     -4.731300
   4.30268     -4.730730     -4.731669
   4.33169     -4.731194     -4.732137
   4.36069     -4.731772     -4.732719
   4.38970     -4.732475     -4.733427
   4.41870     -4.733313     -4.734270
   4.44771     -4.734293     -4.735254
   4.47671     -4.735417     -4.736384
   4.50572     -4.736687     -4.737659
   4.53472     -4.738097     -4.739075
   4.56373     -4.739641     -4.740624
   4.59273     -4.741305     -4.742293
   4.62174     -4.743073     -4.744067
   4.65074     -4.748295     -4.749461
   4.67975     -4.800088     -4.801247
   4.70875     -4.849698     -4.850835
   4.73776     -4.898434     -4.899539
   4.76676     -4.947760     -4.948819
   4.79577     -4.999132     -5.000134
   4.82477     -5.053894     -5.054827
   4.85378     -5.113177     -5.114030
   4.88278     -5.177722     -5.178485
   4.91179     -5.247467     -5.248134
   4.94079     -5.320302     -5.320879
   4.96980     -5.387628     -5.388167
   4.99880     -5.429752     -5.430356
   5.02781     -5.444916     -5.445579
   5.05681     -5.449339     -5.450030
   5.08582     -5.450366     -5.451070
   5.11482     -5.450280     -5.450992
   5.14383     -5.449906     -5.450623
   5.17283     -5.449585     -5.450305
   5.20184     -5.449465     -5.450186
   5.20184     -5.155620     -5.156575
   5.23188     -5.155432     -5.156383
   5.26192     -5.154845     -5.155782
   5.29196     -5.153784     -5.154697
   5.32201     -5.152111     -5.152992
   5.35205     -5.149620     -5.150459
   5.38209     -5.146023     -5.146813
   5.41213     -5.140966     -5.141702
   5.44218     -5.134087     -5.134775
   5.47222     -5.125135     -5.125786
   5.50226     -5.114101     -5.114737
   5.53230     -5.101268     -5.101916
   5.56235     -5.087092     -5.087777
   5.59239     -5.071990     -5.072729
   5.62243     -5.056175     -5.056976
   5.65247     -5.039612     -5.040477
   5.68252     -5.022073     -5.022999
   5.71256     -5.003245     -5.004223
   5.74260     -4.982862     -4.983881
   5.77264     -4.960839     -4.961886
   5.80269     -4.937362     -4.938423
   5.83273     -4.912894     -4.913957
   5.86277     -4.888093     -4.889150
   5.89281     -4.863685     -4.864730
   5.92286     -4.840342     -4.841375
   5.95290     -4.818616     -4.819635
   5.98294     -4.798915     -4.799921
   6.01298     -4.781520     -4.782514
   6.04303     -4.766604     -4.767586
   6.07307     -4.754246     -4.755218
   6.10311     -4.744444     -4.745405
   6.13315     -4.737109     -4.738061
   6.16320     -4.732061     -4.733005
   6.19324     -4.729020     -4.729957
   6.22328     -4.727615     -4.728547
   6.25332     -4.727401     -4.728329
   6.28337     -4.727901     -4.728827
   6.31341     -4.728654     -4.729579
   6.34345     -4.729277     -4.730201
   6.37349     -4.729514     -4.730437
   6.37349     -4.729514     -4.730437
   6.40883     -4.729152     -4.730077
   6.44417     -4.728089     -4.729018
   6.47951     -4.726386     -4.727322
   6.51485     -4.724148     -4.725094
   6.55018     -4.721520     -4.722479
   6.58552     -4.718680     -4.719656
   6.62086     -4.715827     -4.716822
   6.65620     -4.713161     -4.714179
   6.69154     -4.710846     -4.711889
   6.72687     -4.708962     -4.710030
   6.76221     -4.707446     -4.708538
   6.79755     -4.706032     -4.707143
   6.83289     -4.704214     -4.705338
   6.86823     -4.701254     -4.702381
   6.90356     -4.696269     -4.697386
   6.93890     -4.688431     -4.689525
   6.97424     -4.677382     -4.678438
   7.00958     -4.664101     -4.665101
   7.04491     -4.653037     -4.653932
   7.08025     -4.655399     -4.656061
   7.11559     -4.680521     -4.680913
   7.15093     -4.719044     -4.719328
   7.18627     -4.758826     -4.759139
   7.22160     -4.793864     -4.794302
   7.25694     -4.821500     -4.822130
   7.29228     -4.841009     -4.841865
   7.32762     -4.853098     -4.854181
   7.36296     -4.859226     -4.860515
   7.39829     -4.860913     -4.862379
   7.43363     -4.859406     -4.861021
   7.46897     -4.855654     -4.857395
   7.50431     -4.850387     -4.852235
   7.53965     -4.844209     -4.846147
   7.57498     -4.837664     -4.839680
   7.61032     -4.831277     -4.833360
   7.64566     -4.825572     -4.827707
   7.68100     -4.821046     -4.823222
   7.71634     -4.818132     -4.820333
   7.75167     -4.817125     -4.819334
 
# Band-Index:    6
   7.75167     -4.164494     -4.167418
   7.71634     -4.167832     -4.170739
   7.68100     -4.177023     -4.179880
   7.64566     -4.190302     -4.193077
   7.61032     -4.206162     -4.208823
   7.57498     -4.223857     -4.226376
   7.53965     -4.243187     -4.245544
   7.50431     -4.264022     -4.266218
   7.46897     -4.285979     -4.288036
   7.43363     -4.308381     -4.310331
   7.39829     -4.330395     -4.332270
   7.36296     -4.351248     -4.353071
   7.32762     -4.370474     -4.372250
   7.29228     -4.388228     -4.389939
   7.25694     -4.405610     -4.407205
   7.22160     -4.424638     -4.426043
   7.18627     -4.447037     -4.448182
   7.15093     -4.471536     -4.472389
   7.11559     -4.491003     -4.491534
   7.08025     -4.490789     -4.490947
   7.04491     -4.459555     -4.459460
   7.00958     -4.406110     -4.405946
   6.97424     -4.342754     -4.342612
   6.93890     -4.276510     -4.276445
   6.90356     -4.212336     -4.212412
   6.86823     -4.155419     -4.155723
   6.83289     -4.112051     -4.112678
   6.79755     -4.086951     -4.087909
   6.76221     -4.077312     -4.078498
   6.72687     -4.075572     -4.076894
   6.69154     -4.076355     -4.077767
   6.65620     -4.077261     -4.078743
   6.62086     -4.077492     -4.079029
   6.58552     -4.076948     -4.078532
   6.55018     -4.075818     -4.077440
   6.51485     -4.074387     -4.076039
   6.47951     -4.072939     -4.074614
   6.44417     -4.071721     -4.073412
   6.40883     -4.070915     -4.072615
   6.37349     -4.070633     -4.072337
   6.37349     -4.070633     -4.072337
   6.34345     -4.070525     -4.072228
   6.31341     -4.070216     -4.071918
   6.28337     -4.069750     -4.071450
   6.25332     -4.069201     -4.070898
   6.22328     -4.068671     -4.070362
   6.19324     -4.068286     -4.069971
   6.16320     -4.068201     -4.069875
   6.13315     -4.068590     -4.070250
   6.10311     -4.069646     -4.071287
   6.07307     -4.071578     -4.073194
   6.04303     -4.074600     -4.076183
   6.01298     -4.078929     -4.080469
   5.98294     -4.084766     -4.086253
   5.95290     -4.092287     -4.093708
   5.92286     -4.101622     -4.102965
   5.89281     -4.112835     -4.114089
   5.86277     -4.125908     -4.127062
   5.83273     -4.140727     -4.141774
   5.80269     -4.157089     -4.158025
   5.77264     -4.174714     -4.175539
   5.74260     -4.193271     -4.193988
   5.71256     -4.212410     -4.213024
   5.68252     -4.231781     -4.232300
   5.65247     -4.251064     -4.251494
   5.62243     -4.269967     -4.270316
   5.59239     -4.288244     -4.288518
   5.56235     -4.305684     -4.305890
   5.53230     -4.322115     -4.322260
   5.50226     -4.337399     -4.337488
   5.47222     -4.351428     -4.351465
   5.44218     -4.364117     -4.364108
   5.41213     -4.375404     -4.375354
   5.38209     -4.385245     -4.385159
   5.35205     -4.393614     -4.393499
   5.32201     -4.400857     -4.401704
   5.29196     -4.418765     -4.420424
   5.26192     -4.432713     -4.434399
   5.23188     -4.441243     -4.442946
   5.20184     -4.444112     -4.445819
   5.20184     -4.769031     -4.770119
   5.17283     -4.768958     -4.770046
   5.14383     -4.768738     -4.769825
   5.11482     -4.768370     -4.769455
   5.08582     -4.767851     -4.768933
   5.05681     -4.767180     -4.768259
   5.02781     -4.766355     -4.767430
   4.99880     -4.765374     -4.766445
   4.96980     -4.764241     -4.765306
   4.94079     -4.762958     -4.764018
   4.91179     -4.761532     -4.762587
   4.88278     -4.759974     -4.761022
   4.85378     -4.758296     -4.759339
   4.82477     -4.756516     -4.757553
   4.79577     -4.754654     -4.755684
   4.76676     -4.752730     -4.753755
   4.73776     -4.750771     -4.751789
   4.70875     -4.748799     -4.749812
   4.67975     -4.746842     -4.747849
   4.65074     -4.744919     -4.745922
   4.62174     -4.693341     -4.694510
   4.59273     -4.634923     -4.636084
   4.56373     -4.573557     -4.574708
   4.53472     -4.510656     -4.511803
   4.50572     -4.448262     -4.449417
   4.47671     -4.388564     -4.389743
   4.44771     -4.333389     -4.334608
   4.41870     -4.283898     -4.285168
   4.38970     -4.240554     -4.241882
   4.36069     -4.203297     -4.204684
   4.33169     -4.171764     -4.173208
   4.30268     -4.145480     -4.146977
   4.27368     -4.123967     -4.125511
   4.24467     -4.106800     -4.108385
   4.21567     -4.093587     -4.095207
   4.18667     -4.083934     -4.085582
   4.15766     -4.077375     -4.079047
   4.12866     -4.073353     -4.075042
   4.09965     -4.071266     -4.072967
   4.07065     -4.070633     -4.072337
   4.07065     -4.070633     -4.072337
   4.03196     -4.071054     -4.072754
   3.99328     -4.072477     -4.074165
   3.95460     -4.075328     -4.076997
   3.91592     -4.080170     -4.081814
   3.87724     -4.087562     -4.089175
   3.83855     -4.098001     -4.099575
   3.79987     -4.111922     -4.113450
   3.76119     -4.129747     -4.131220
   3.72251     -4.151918     -4.153325
   3.68383     -4.178880     -4.180209
   3.64514     -4.211013     -4.212252
   3.60646     -4.248476     -4.249613
   3.56778     -4.290996     -4.292027
   3.52910     -4.337679     -4.338606
   3.49042     -4.386923     -4.387758
   3.45173     -4.436519     -4.437280
   3.41305     -4.483869     -4.484581
   3.37437     -4.526255     -4.526942
   3.33569     -4.561102     -4.561789
   3.29700     -4.586319     -4.587025
   3.25832     -4.600880     -4.601625
   3.21964     -4.606501     -4.607305
   3.18096     -4.615602     -4.616321
   3.14228     -4.643328     -4.643634
   3.10359     -4.664325     -4.664376
   3.06491     -4.661659     -4.661642
   3.02623     -4.635716     -4.635767
   2.98755     -4.594872     -4.595052
   2.94887     -4.547377     -4.547706
   2.91018     -4.499117     -4.499606
   2.87150     -4.453968     -4.454630
   2.83282     -4.414566     -4.415427
   2.79414     -4.382494     -4.383578
   2.75546     -4.357607     -4.358912
   2.71677     -4.337493     -4.338985
   2.67809     -4.318195     -4.319825
   2.63941     -4.295533     -4.297257
   2.60073     -4.266012     -4.267802
   2.56205     -4.231500     -4.233499
   2.56205     -4.132964     -4.134636
   2.54631     -4.132864     -4.134535
   2.53058     -4.132562     -4.134234
   2.51485     -4.132061     -4.133733
   2.49911     -4.131364     -4.133037
   2.48338     -4.130476     -4.132149
   2.46765     -4.129403     -4.131076
   2.45191     -4.128151     -4.129825
   2.43618     -4.126728     -4.128403
   2.42045     -4.125144     -4.126819
   2.40471     -4.123409     -4.125085
   2.38898     -4.121533     -4.123210
   2.37325     -4.119529     -4.121207
   2.35751     -4.117410     -4.119089
   2.34178     -4.115190     -4.116870
   2.32605     -4.112882     -4.114564
   2.31032     -4.110503     -4.112186
   2.29458     -4.108066     -4.109751
   2.27885     -4.105589     -4.107275
   2.26312     -4.103087     -4.104774
   2.24738     -4.100576     -4.102264
   2.23165     -4.098073     -4.099763
   2.21592     -4.095594     -4.097285
   2.20018     -4.093155     -4.094848
   2.18445     -4.090772     -4.092466
   2.16872     -4.088461     -4.090156
   2.15298     -4.086235     -4.087931
   2.13725     -4.084112     -4.085809
   2.12152     -4.082103     -4.083801
   2.10578     -4.080221     -4.081921
   2.09005     -4.078480     -4.080180
   2.07432     -4.076890     -4.078591
   2.05858     -4.075463     -4.077165
   2.04285     -4.074206     -4.075909
   2.02712     -4.073129     -4.074832
   2.01138     -4.072238     -4.073942
   1.99565     -4.071539     -4.073243
   1.97992     -4.071037     -4.072741
   1.96418     -4.070734     -4.072438
   1.94845     -4.070633     -4.072337
   1.94845     -4.070633     -4.072337
   1.92408     -4.071129     -4.072830
   1.89972     -4.072617     -4.074309
   1.87535     -4.075110     -4.076787
   1.85098     -4.078628     -4.080282
   1.82662     -4.083207     -4.084830
   1.80225     -4.088903     -4.090486
   1.77788     -4.095806     -4.097336
   1.75352     -4.104048     -4.105512
   1.72915     -4.113836     -4.115216
   1.70478     -4.125460     -4.126738
   1.68041     -4.139350     -4.140503
   1.65605     -4.156086     -4.157091
   1.63168     -4.176413     -4.177250
   1.60731     -4.201169     -4.201829
   1.58295     -4.231052     -4.231543
   1.55858     -4.266195     -4.266551
   1.53421     -4.305677     -4.305951
   1.50985     -4.347346     -4.347593
   1.48548     -4.388193     -4.388452
   1.46111     -4.425119     -4.425404
   1.43675     -4.455594     -4.455898
   1.41238     -4.477939     -4.478242
   1.38801     -4.491288     -4.491560
   1.36364     -4.495395     -4.495608
   1.33928     -4.490469     -4.490600
   1.31491     -4.477067     -4.477101
   1.29054     -4.456035     -4.455969
   1.26618     -4.428444     -4.428287
   1.24181     -4.395500     -4.395271
   1.21744     -4.358433     -4.358162
   1.19308     -4.318417     -4.318140
   1.16871     -4.276506     -4.276269
   1.14434     -4.233653     -4.233509
   1.11998     -4.190751     -4.190767
   1.09561     -4.148745     -4.149009
   1.07124     -4.108850     -4.109481
   1.04687     -4.077574     -4.077531
   1.02251     -4.080027     -4.079977
   0.99814     -4.080846     -4.080794
   0.99814     -4.135275     -4.136524
   0.97255     -4.138927     -4.140132
   0.94695     -4.149327     -4.150418
   0.92136     -4.165037     -4.165980
   0.89577     -4.184217     -4.185011
   0.87017     -4.205035     -4.205701
   0.84458     -4.225861     -4.226432
   0.81899     -4.245300     -4.245809
   0.79339     -4.262128     -4.262606
   0.76780     -4.275210     -4.275683
   0.74221     -4.273630     -4.273525
   0.71661     -4.255819     -4.255749
   0.69102     -4.236913     -4.236885
   0.66543     -4.217132     -4.217154
   0.63983     -4.196750     -4.196833
   0.61424     -4.176110     -4.176270
   0.58865     -4.155584     -4.155833
   0.56305     -4.135718     -4.136079
   0.53746     -4.117090     -4.117585
   0.51187     -4.100303     -4.100954
   0.48627     -4.085900     -4.086719
   0.46068     -4.074227     -4.075216
   0.43509     -4.065358     -4.066504
   0.40949     -4.059102     -4.060382
   0.38390     -4.055100     -4.056488
   0.35831     -4.052933     -4.054404
   0.33271     -4.052196     -4.053730
   0.30712     -4.052536     -4.054118
   0.28153     -4.053658     -4.055274
   0.25593     -4.055317     -4.056958
   0.23034     -4.057311     -4.058971
   0.20475     -4.059476     -4.061150
   0.17915     -4.061673     -4.063356
   0.15356     -4.063788     -4.065479
   0.12797     -4.065728     -4.067423
   0.10237     -4.067415     -4.069114
   0.07678     -4.068789     -4.070490
   0.05119     -4.069802     -4.071505
   0.02559     -4.070424     -4.072127
   0.00000     -4.070633     -4.072337
 
# Band-Index:    7
   0.00000     -3.828299     -3.830207
   0.02559     -3.828184     -3.830091
   0.05119     -3.827842     -3.829746
   0.07678     -3.827281     -3.829181
   0.10237     -3.826517     -3.828412
   0.12797     -3.825570     -3.827459
   0.15356     -3.824473     -3.826353
   0.17915     -3.823262     -3.825132
   0.20475     -3.821989     -3.823848
   0.23034     -3.820721     -3.822566
   0.25593     -3.819546     -3.821376
   0.28153     -3.818584     -3.820397
   0.30712     -3.818002     -3.819795
   0.33271     -3.818042     -3.819813
   0.35831     -3.819075     -3.820821
   0.38390     -3.821701     -3.823417
   0.40949     -3.829080     -3.829964
   0.43509     -3.849560     -3.850493
   0.46068     -3.867806     -3.868879
   0.48627     -3.884826     -3.886311
   0.51187     -3.933783     -3.935231
   0.53746     -3.998417     -3.999808
   0.56305     -4.066378     -4.067742
   0.58865     -4.124908     -4.126320
   0.61424     -4.156932     -4.158593
   0.63983     -4.131414     -4.133088
   0.66543     -4.074269     -4.075780
   0.69102     -4.009663     -4.011044
   0.71661     -3.943284     -3.944574
   0.74221     -3.943485     -3.945526
   0.76780     -3.946024     -3.948086
   0.79339     -3.948371     -3.950452
   0.81899     -3.950521     -3.952618
   0.84458     -3.952456     -3.954565
   0.87017     -3.954152     -3.956271
   0.89577     -3.955583     -3.957710
   0.92136     -3.956725     -3.958858
   0.94695     -3.957557     -3.959694
   0.97255     -3.958062     -3.960202
   0.99814     -3.958232     -3.960373
   0.99814     -4.033768     -4.036086
   1.02251     -4.045228     -4.047101
   1.04687     -4.073012     -4.074174
   1.07124     -4.073504     -4.073461
   1.09561     -4.067843     -4.067807
   1.11998     -4.060629     -4.060601
   1.14434     -4.051905     -4.051888
   1.16871     -4.041729     -4.041724
   1.19308     -4.030162     -4.030171
   1.21744     -4.017276     -4.017300
   1.24181     -4.003149     -4.003190
   1.26618     -3.987864     -3.987924
   1.29054     -3.971513     -3.971595
   1.31491     -3.954451     -3.957269
   1.33928     -3.964643     -3.967579
   1.36364     -3.972361     -3.975347
   1.38801     -3.977347     -3.980375
   1.41238     -3.979496     -3.982557
   1.43675     -3.978742     -3.981820
   1.46111     -3.975046     -3.978121
   1.48548     -3.968437     -3.971480
   1.50985     -3.959074     -3.962050
   1.53421     -3.947355     -3.950222
   1.55858     -3.933970     -3.936693
   1.58295     -3.919833     -3.922395
   1.60731     -3.905879     -3.908285
   1.63168     -3.892836     -3.895105
   1.65605     -3.881124     -3.883284
   1.68041     -3.870892     -3.872970
   1.70478     -3.862115     -3.864133
   1.72915     -3.854678     -3.856655
   1.75352     -3.848438     -3.850387
   1.77788     -3.843253     -3.845184
   1.80225     -3.838995     -3.840915
   1.82662     -3.835561     -3.837474
   1.85098     -3.832861     -3.834771
   1.87535     -3.830829     -3.832737
   1.89972     -3.829412     -3.831320
   1.92408     -3.828576     -3.830483
   1.94845     -3.828299     -3.830207
   1.94845     -3.828299     -3.830207
   1.96418     -3.824283     -3.826188
   1.97992     -3.812277     -3.814175
   1.99565     -3.792407     -3.794293
   2.01138     -3.764877     -3.766747
   2.02712     -3.729962     -3.731813
   2.04285     -3.688009     -3.689838
   2.05858     -3.639413     -3.641218
   2.07432     -3.584617     -3.586396
   2.09005     -3.552945     -3.553554
   2.10578     -3.552705     -3.553313
   2.12152     -3.552445     -3.553054
   2.13725     -3.552167     -3.552776
   2.15298     -3.551874     -3.552483
   2.16872     -3.551566     -3.552175
   2.18445     -3.551247     -3.551856
   2.20018     -3.550917     -3.551526
   2.21592     -3.550579     -3.551189
   2.23165     -3.550236     -3.550845
   2.24738     -3.549889     -3.550498
   2.26312     -3.549541     -3.550150
   2.27885     -3.549194     -3.549803
   2.29458     -3.548850     -3.549459
   2.31032     -3.548511     -3.549121
   2.32605     -3.548181     -3.548790
   2.34178     -3.547860     -3.548470
   2.35751     -3.547551     -3.548161
   2.37325     -3.547256     -3.547866
   2.38898     -3.546976     -3.547587
   2.40471     -3.546715     -3.547325
   2.42045     -3.546473     -3.547083
   2.43618     -3.546252     -3.546862
   2.45191     -3.546053     -3.546664
   2.46765     -3.545878     -3.546489
   2.48338     -3.545728     -3.546339
   2.49911     -3.545604     -3.546215
   2.51485     -3.545507     -3.546118
   2.53058     -3.545437     -3.546048
   2.54631     -3.545395     -3.546006
   2.56205     -3.545381     -3.545992
   2.56205     -4.222241     -4.223824
   2.60073     -4.178519     -4.180271
   2.63941     -4.126867     -4.128517
   2.67809     -4.091287     -4.092585
   2.71677     -4.089102     -4.090163
   2.75546     -4.100667     -4.101763
   2.79414     -4.112500     -4.113706
   2.83282     -4.123441     -4.124696
   2.87150     -4.144483     -4.145538
   2.91018     -4.194618     -4.195233
   2.94887     -4.268441     -4.268785
   2.98755     -4.345040     -4.345309
   3.02623     -4.413465     -4.413743
   3.06491     -4.470342     -4.470647
   3.10359     -4.514888     -4.515196
   3.14228     -4.545426     -4.545658
   3.18096     -4.552077     -4.552095
   3.21964     -4.517515     -4.517609
   3.25832     -4.461591     -4.461862
   3.29700     -4.399429     -4.399818
   3.33569     -4.335091     -4.335557
   3.37437     -4.270244     -4.270756
   3.41305     -4.205844     -4.206376
   3.45173     -4.142500     -4.143033
   3.49042     -4.080590     -4.081109
   3.52910     -4.020352     -4.020847
   3.56778     -3.962012     -3.962481
   3.60646     -3.905920     -3.906369
   3.64514     -3.852600     -3.853040
   3.68383     -3.802703     -3.803147
   3.72251     -3.756933     -3.757393
   3.76119     -3.716120     -3.716613
   3.79987     -3.682578     -3.683179
   3.83855     -3.681212     -3.682717
   3.87724     -3.723690     -3.725492
   3.91592     -3.762416     -3.764273
   3.95460     -3.792035     -3.793917
   3.99328     -3.812502     -3.814399
   4.03196     -3.824405     -3.826310
   4.07065     -3.828299     -3.830207
   4.07065     -3.828299     -3.830207
   4.09965     -3.824526     -3.826431
   4.12866     -3.813065     -3.814965
   4.15766     -3.793583     -3.795473
   4.18667     -3.765747     -3.767622
   4.21567     -3.729418     -3.731274
   4.24467     -3.684753     -3.686586
   4.27368     -3.632246     -3.634054
   4.30268     -3.609925     -3.610454
   4.33169     -3.624068     -3.624578
   4.36069     -3.639531     -3.640020
   4.38970     -3.656204     -3.656671
   4.41870     -3.673970     -3.674412
   4.44771     -3.692701     -3.693119
   4.47671     -3.712269     -3.712662
   4.50572     -3.732536     -3.732903
   4.53472     -3.753365     -3.753706
   4.56373     -3.774616     -3.774931
   4.59273     -3.796148     -3.796436
   4.62174     -3.817820     -3.818082
   4.65074     -3.839495     -3.839731
   4.67975     -3.861037     -3.861248
   4.70875     -3.882313     -3.882498
   4.73776     -3.903193     -3.903354
   4.76676     -3.923551     -3.923689
   4.79577     -3.943265     -3.943380
   4.82477     -3.962219     -3.962313
   4.85378     -3.980298     -3.980371
   4.88278     -3.997394     -3.997447
   4.91179     -4.013402     -4.013436
   4.94079     -4.028223     -4.028240
   4.96980     -4.041763     -4.041764
   4.99880     -4.053936     -4.053923
   5.02781     -4.064662     -4.064636
   5.05681     -4.073868     -4.073831
   5.08582     -4.081492     -4.081446
   5.11482     -4.087478     -4.087425
   5.14383     -4.091786     -4.091727
   5.17283     -4.094383     -4.094321
   5.20184     -4.095251     -4.095188
   5.20184     -4.412646     -4.412461
   5.23188     -4.411881     -4.411699
   5.26192     -4.409584     -4.409413
   5.29196     -4.405751     -4.405598
   5.32201     -4.399371     -4.400018
   5.35205     -4.376489     -4.378088
   5.38209     -4.349752     -4.351315
   5.41213     -4.320397     -4.321925
   5.44218     -4.289127     -4.290626
   5.47222     -4.256275     -4.257753
   5.50226     -4.221708     -4.223174
   5.53230     -4.184825     -4.186287
   5.56235     -4.144628     -4.146093
   5.59239     -4.099822     -4.101296
   5.62243     -4.048904     -4.050391
   5.65247     -3.990271     -3.991773
   5.68252     -3.963900     -3.965372
   5.71256     -3.947060     -3.948453
   5.74260     -3.929493     -3.930801
   5.77264     -3.911110     -3.912328
   5.80269     -3.891816     -3.892941
   5.83273     -3.871536     -3.872568
   5.86277     -3.850238     -3.851180
   5.89281     -3.827959     -3.828819
   5.92286     -3.804815     -3.805603
   5.95290     -3.781006     -3.781733
   5.98294     -3.756802     -3.757481
   6.01298     -3.732523     -3.733165
   6.04303     -3.708522     -3.709138
   6.07307     -3.685163     -3.685763
   6.10311     -3.662808     -3.663398
   6.13315     -3.641804     -3.642390
   6.16320     -3.622479     -3.623073
   6.19324     -3.676001     -3.677803
   6.22328     -3.723025     -3.724859
   6.25332     -3.761278     -3.763138
   6.28337     -3.790793     -3.792674
   6.31341     -3.811700     -3.813596
   6.34345     -3.824161     -3.826066
   6.37349     -3.828299     -3.830207
   6.37349     -3.828299     -3.830207
   6.40883     -3.828462     -3.830368
   6.44417     -3.828970     -3.830874
   6.47951     -3.829891     -3.831790
   6.51485     -3.831345     -3.833236
   6.55018     -3.833517     -3.835394
   6.58552     -3.836684     -3.838538
   6.62086     -3.841254     -3.843065
   6.65620     -3.847830     -3.849565
   6.69154     -3.857298     -3.858894
   6.72687     -3.870802     -3.872154
   6.76221     -3.888807     -3.889818
   6.79755     -3.907860     -3.908614
   6.83289     -3.919485     -3.920310
   6.86823     -3.922039     -3.923625
   6.90356     -3.939100     -3.941535
   6.93890     -3.970785     -3.973239
   6.97424     -4.006379     -4.008789
   7.00958     -4.042726     -4.045071
   7.04491     -4.077233     -4.079488
   7.08025     -4.107051     -4.109182
   7.11559     -4.128967     -4.130924
   7.15093     -4.139547     -4.141275
   7.18627     -4.136031     -4.137492
   7.22160     -4.118180     -4.119394
   7.25694     -4.089670     -4.090721
   7.29228     -4.057351     -4.058348
   7.32762     -4.030981     -4.032084
   7.36296     -4.024046     -4.025471
   7.39829     -4.035214     -4.036821
   7.43363     -4.049868     -4.051454
   7.46897     -4.061599     -4.063068
   7.50431     -4.068720     -4.070021
   7.53965     -4.071086     -4.072194
   7.57498     -4.069369     -4.070286
   7.61032     -4.064838     -4.065590
   7.64566     -4.059089     -4.059716
   7.68100     -4.053698     -4.054243
   7.71634     -4.049932     -4.050431
   7.75167     -4.048587     -4.049072
 
# Band-Index:    8
   7.75167     -3.800999     -3.802241
   7.71634     -3.801108     -3.802351
   7.68100     -3.802220     -3.803463
   7.64566     -3.805659     -3.806904
   7.61032     -3.812124     -3.813370
   7.57498     -3.821748     -3.822994
   7.53965     -3.834503     -3.835747
   7.50431     -3.850369     -3.851612
   7.46897     -3.869297     -3.870544
   7.43363     -3.890926     -3.892196
   7.39829     -3.913605     -3.914958
   7.36296     -3.930876     -3.932482
   7.32762     -3.927553     -3.929534
   7.29228     -3.900713     -3.902858
   7.25694     -3.860859     -3.863038
   7.22160     -3.813765     -3.815904
   7.18627     -3.763900     -3.765865
   7.15093     -3.721529     -3.722948
   7.11559     -3.709896     -3.710392
   7.08025     -3.731643     -3.731759
   7.04491     -3.765272     -3.765363
   7.00958     -3.800947     -3.801093
   6.97424     -3.835149     -3.835355
   6.93890     -3.865473     -3.865718
   6.90356     -3.888257     -3.888544
   6.86823     -3.890616     -3.891681
   6.83289     -3.868311     -3.869971
   6.79755     -3.841239     -3.842792
   6.76221     -3.810941     -3.812157
   6.72687     -3.776523     -3.777402
   6.69154     -3.739816     -3.740489
   6.65620     -3.703627     -3.704208
   6.62086     -3.669933     -3.670484
   6.58552     -3.639835     -3.640384
   6.55018     -3.613914     -3.614474
   6.51485     -3.592481     -3.593056
   6.47951     -3.575704     -3.576293
   6.44417     -3.563675     -3.564274
   6.40883     -3.556441     -3.557047
   6.37349     -3.554028     -3.554636
   6.37349     -3.554028     -3.554636
   6.34345     -3.555506     -3.556114
   6.31341     -3.559921     -3.560526
   6.28337     -3.567211     -3.567813
   6.25332     -3.577274     -3.577871
   6.22328     -3.589967     -3.590559
   6.19324     -3.605107     -3.605695
   6.16320     -3.620350     -3.622107
   6.13315     -3.556504     -3.558228
   6.10311     -3.485207     -3.486887
   6.07307     -3.407742     -3.409375
   6.04303     -3.326201     -3.327787
   6.01298     -3.244252     -3.245795
   5.98294     -3.169097     -3.170602
   5.95290     -3.116254     -3.117736
   5.92286     -3.114144     -3.115625
   5.89281     -3.180269     -3.181757
   5.86277     -3.290430     -3.291925
   5.83273     -3.414392     -3.415898
   5.80269     -3.536656     -3.538173
   5.77264     -3.650491     -3.652017
   5.74260     -3.753078     -3.754605
   5.71256     -3.843572     -3.845096
   5.68252     -3.922287     -3.923802
   5.65247     -3.980063     -3.981606
   5.62243     -3.995630     -3.997238
   5.59239     -4.010573     -4.012240
   5.56235     -4.024878     -4.026597
   5.53230     -4.038496     -4.040263
   5.50226     -4.051360     -4.053170
   5.47222     -4.063388     -4.065236
   5.44218     -4.074489     -4.076372
   5.41213     -4.084568     -4.086482
   5.38209     -4.093532     -4.095472
   5.35205     -4.101290     -4.103253
   5.32201     -4.107760     -4.109742
   5.29196     -4.112871     -4.114868
   5.26192     -4.116565     -4.118573
   5.23188     -4.118799     -4.120813
   5.20184     -4.119547     -4.121563
   5.20184     -3.696945     -3.699557
   5.17283     -3.696229     -3.698837
   5.14383     -3.694640     -3.697227
   5.11482     -3.693313     -3.695857
   5.08582     -3.693024     -3.695514
   5.05681     -3.693889     -3.696327
   5.02781     -3.695629     -3.698027
   4.99880     -3.697845     -3.700215
   4.96980     -3.700121     -3.702474
   4.94079     -3.702049     -3.704395
   4.91179     -3.703222     -3.705568
   4.88278     -3.703225     -3.705578
   4.85378     -3.701632     -3.703997
   4.82477     -3.697991     -3.700373
   4.79577     -3.691817     -3.694221
   4.76676     -3.682585     -3.685013
   4.73776     -3.669705     -3.672160
   4.70875     -3.652515     -3.654998
   4.67975     -3.630256     -3.632767
   4.65074     -3.602083     -3.604620
   4.62174     -3.567098     -3.569655
   4.59273     -3.524502     -3.527069
   4.56373     -3.473966     -3.476524
   4.53472     -3.416527     -3.419048
   4.50572     -3.356711     -3.359142
   4.47671     -3.307019     -3.309273
   4.44771     -3.290071     -3.292074
   4.41870     -3.317347     -3.319168
   4.38970     -3.373150     -3.374903
   4.36069     -3.439756     -3.441500
   4.33169     -3.507812     -3.509570
   4.30268     -3.572786     -3.574568
   4.27368     -3.597201     -3.597748
   4.24467     -3.585988     -3.586551
   4.21567     -3.576364     -3.576940
   4.18667     -3.568398     -3.568985
   4.15766     -3.562143     -3.562740
   4.12866     -3.557645     -3.558248
   4.09965     -3.554934     -3.555541
   4.07065     -3.554028     -3.554636
   4.07065     -3.554028     -3.554636
   4.03196     -3.556428     -3.557034
   3.99328     -3.563624     -3.564224
   3.95460     -3.575585     -3.576176
   3.91592     -3.592185     -3.592766
   3.87724     -3.612817     -3.613406
   3.83855     -3.631999     -3.632825
   3.79987     -3.602689     -3.604351
   3.76119     -3.538111     -3.539810
   3.72251     -3.466201     -3.467861
   3.68383     -3.394583     -3.396197
   3.64514     -3.332646     -3.334225
   3.60646     -3.292301     -3.293874
   3.56778     -3.282173     -3.283780
   3.52910     -3.299622     -3.301282
   3.49042     -3.333669     -3.335375
   3.45173     -3.374288     -3.376020
   3.41305     -3.415872     -3.417611
   3.37437     -3.456409     -3.458137
   3.33569     -3.496164     -3.497867
   3.29700     -3.536734     -3.538398
   3.25832     -3.580183     -3.581806
   3.21964     -3.627977     -3.629564
   3.18096     -3.680050     -3.681617
   3.14228     -3.734789     -3.736350
   3.10359     -3.789830     -3.791390
   3.06491     -3.842750     -3.844304
   3.02623     -3.891214     -3.892744
   2.98755     -3.932601     -3.934068
   2.94887     -3.962851     -3.964173
   2.91018     -3.973569     -3.974579
   2.87150     -3.952057     -3.952662
   2.83282     -3.909783     -3.910376
   2.79414     -3.887999     -3.888958
   2.75546     -3.905147     -3.906445
   2.71677     -3.948184     -3.949596
   2.67809     -3.990613     -3.991797
   2.63941     -4.004374     -4.005193
   2.60073     -4.001651     -4.002343
   2.56205     -3.999472     -4.000139
   2.56205     -2.021869     -2.024500
   2.54631     -2.021475     -2.024106
   2.53058     -2.020296     -2.022929
   2.51485     -2.018333     -2.020969
   2.49911     -2.015589     -2.018229
   2.48338     -2.012067     -2.014712
   2.46765     -2.007771     -2.010422
   2.45191     -2.002709     -2.005368
   2.43618     -1.996889     -1.999556
   2.42045     -1.990320     -1.992998
   2.40471     -1.983029     -1.985720
   2.38898     -1.991690     -1.993181
   2.37325     -2.060334     -2.061805
   2.35751     -2.133257     -2.134729
   2.34178     -2.209908     -2.211383
   2.32605     -2.289802     -2.291282
   2.31032     -2.372441     -2.373927
   2.29458     -2.457317     -2.458811
   2.27885     -2.543911     -2.545415
   2.26312     -2.631701     -2.633216
   2.24738     -2.720158     -2.721686
   2.23165     -2.808754     -2.810296
   2.21592     -2.896956     -2.898516
   2.20018     -2.984233     -2.985812
   2.18445     -3.070048     -3.071647
   2.16872     -3.153871     -3.155492
   2.15298     -3.235153     -3.236798
   2.13725     -3.313357     -3.315029
   2.12152     -3.387942     -3.389640
   2.10578     -3.458368     -3.460093
   2.09005     -3.524101     -3.525853
   2.07432     -3.553165     -3.553773
   2.05858     -3.553362     -3.553970
   2.04285     -3.553535     -3.554143
   2.02712     -3.553684     -3.554292
   2.01138     -3.553806     -3.554415
   1.99565     -3.553903     -3.554511
   1.97992     -3.553972     -3.554580
   1.96418     -3.554014     -3.554622
   1.94845     -3.554028     -3.554636
   1.94845     -3.554028     -3.554636
   1.92408     -3.554947     -3.555554
   1.89972     -3.557698     -3.558301
   1.87535     -3.562256     -3.562853
   1.85098     -3.568584     -3.569172
   1.82662     -3.576629     -3.577205
   1.80225     -3.586325     -3.586888
   1.77788     -3.597593     -3.598140
   1.75352     -3.610342     -3.610871
   1.72915     -3.624471     -3.624980
   1.70478     -3.639870     -3.640358
   1.68041     -3.656423     -3.656889
   1.65605     -3.674006     -3.674449
   1.63168     -3.692490     -3.692909
   1.60731     -3.711744     -3.712138
   1.58295     -3.731633     -3.732002
   1.55858     -3.752022     -3.752364
   1.53421     -3.772773     -3.773089
   1.50985     -3.793751     -3.794041
   1.48548     -3.814822     -3.815085
   1.46111     -3.835853     -3.836091
   1.43675     -3.856716     -3.856928
   1.41238     -3.877282     -3.877470
   1.38801     -3.897431     -3.897594
   1.36364     -3.917040     -3.917179
   1.33928     -3.935996     -3.936112
   1.31491     -3.954091     -3.954242
   1.29054     -3.941762     -3.944556
   1.26618     -3.927304     -3.930012
   1.24181     -3.911665     -3.914266
   1.21744     -3.895891     -3.898353
   1.19308     -3.881491     -3.883761
   1.16871     -3.870420     -3.872420
   1.14434     -3.864665     -3.866290
   1.11998     -3.865422     -3.866574
   1.09561     -3.872602     -3.873203
   1.07124     -3.885156     -3.885133
   1.04687     -3.901226     -3.900471
   1.02251     -3.917013     -3.915430
   0.99814     -3.924444     -3.922374
   0.99814     -3.783833     -3.781923
   0.97255     -3.782334     -3.780499
   0.94695     -3.778236     -3.776606
   0.92136     -3.772555     -3.771214
   0.89577     -3.766531     -3.765514
   0.87017     -3.761432     -3.760739
   0.84458     -3.758808     -3.758421
   0.81899     -3.761785     -3.761700
   0.79339     -3.778722     -3.779036
   0.76780     -3.819788     -3.820564
   0.74221     -3.878154     -3.879223
   0.71661     -3.940632     -3.942601
   0.69102     -3.937752     -3.939732
   0.66543     -3.934458     -3.936398
   0.63983     -3.930729     -3.932617
   0.61424     -3.926377     -3.928202
   0.58865     -3.921138     -3.922883
   0.56305     -3.914656     -3.916301
   0.53746     -3.906496     -3.908020
   0.51187     -3.896193     -3.897575
   0.48627     -3.883183     -3.884447
   0.46068     -3.853953     -3.855542
   0.43509     -3.836532     -3.838173
   0.40949     -3.826780     -3.828396
   0.38390     -3.806526     -3.807253
   0.35831     -3.782865     -3.783525
   0.33271     -3.758496     -3.759111
   0.30712     -3.733938     -3.734525
   0.28153     -3.709653     -3.710223
   0.25593     -3.686052     -3.686616
   0.23034     -3.663510     -3.664072
   0.20475     -3.642363     -3.642929
   0.17915     -3.622921     -3.623492
   0.15356     -3.605461     -3.606039
   0.12797     -3.590234     -3.590820
   0.10237     -3.577460     -3.578053
   0.07678     -3.567324     -3.567923
   0.05119     -3.559974     -3.560578
   0.02559     -3.555520     -3.556127
   0.00000     -3.554028     -3.554636
 
# Band-Index:    9
   0.00000     -1.668153     -1.671603
   0.02559     -1.669570     -1.673007
   0.05119     -1.673853     -1.677251
   0.07678     -1.681088     -1.684421
   0.10237     -1.691384     -1.694626
   0.12797     -1.704825     -1.707953
   0.15356     -1.721421     -1.724415
   0.17915     -1.741065     -1.743912
   0.20475     -1.763518     -1.766210
   0.23034     -1.788410     -1.790947
   0.25593     -1.828766     -1.830122
   0.28153     -2.045354     -2.046665
   0.30712     -2.260329     -2.261629
   0.33271     -2.471611     -2.472907
   0.35831     -2.677076     -2.678377
   0.38390     -2.874316     -2.875628
   0.40949     -3.060416     -3.061747
   0.43509     -3.231521     -3.232877
   0.46068     -3.382157     -3.383545
   0.48627     -3.504671     -3.506096
   0.51187     -3.591777     -3.593234
   0.53746     -3.644601     -3.646065
   0.56305     -3.673800     -3.675241
   0.58865     -3.689892     -3.691289
   0.61424     -3.699072     -3.700409
   0.63983     -3.704482     -3.705747
   0.66543     -3.707696     -3.708881
   0.69102     -3.709457     -3.710555
   0.71661     -3.709891     -3.710901
   0.74221     -3.708214     -3.709160
   0.76780     -3.701230     -3.702199
   0.79339     -3.680175     -3.681304
   0.81899     -3.640083     -3.641275
   0.84458     -3.592859     -3.593985
   0.87017     -3.548288     -3.549327
   0.89577     -3.510344     -3.511307
   0.92136     -3.480626     -3.481531
   0.94695     -3.459614     -3.460481
   0.97255     -3.447205     -3.448050
   0.99814     -3.443113     -3.443952
   0.99814     -3.703296     -3.703641
   1.02251     -3.704654     -3.705010
   1.04687     -3.708619     -3.709005
   1.07124     -3.714807     -3.715231
   1.09561     -3.722372     -3.722829
   1.11998     -3.729906     -3.730386
   1.14434     -3.735668     -3.736174
   1.16871     -3.738357     -3.738922
   1.19308     -3.737763     -3.738430
   1.21744     -3.734494     -3.735290
   1.24181     -3.729261     -3.730192
   1.26618     -3.722519     -3.723579
   1.29054     -3.714439     -3.715619
   1.31491     -3.704974     -3.706265
   1.33928     -3.693899     -3.695297
   1.36364     -3.680819     -3.682323
   1.38801     -3.665146     -3.666757
   1.41238     -3.646036     -3.647760
   1.43675     -3.622311     -3.624154
   1.46111     -3.592358     -3.594330
   1.48548     -3.554064     -3.556171
   1.50985     -3.504857     -3.507098
   1.53421     -3.442000     -3.444362
   1.55858     -3.363185     -3.365641
   1.58295     -3.267267     -3.269783
   1.60731     -3.154697     -3.157242
   1.63168     -3.027431     -3.029988
   1.65605     -2.888474     -2.891042
   1.68041     -2.741402     -2.743992
   1.70478     -2.590094     -2.592726
   1.72915     -2.438624     -2.441325
   1.75352     -2.291252     -2.294048
   1.77788     -2.152375     -2.155286
   1.80225     -2.026273     -2.029310
   1.82662     -1.916671     -1.919833
   1.85098     -1.826240     -1.829509
   1.87535     -1.756298     -1.759651
   1.89972     -1.706990     -1.710399
   1.92408     -1.677802     -1.681242
   1.94845     -1.668153     -1.671603
   1.94845     -1.668153     -1.671603
   1.96418     -1.669057     -1.672504
   1.97992     -1.671751     -1.675188
   1.99565     -1.676179     -1.679600
   2.01138     -1.682257     -1.685657
   2.02712     -1.689867     -1.693239
   2.04285     -1.698873     -1.702215
   2.05858     -1.709124     -1.712431
   2.07432     -1.720458     -1.723729
   2.09005     -1.732709     -1.735943
   2.10578     -1.745715     -1.748910
   2.12152     -1.759317     -1.762472
   2.13725     -1.773363     -1.776480
   2.15298     -1.787712     -1.790791
   2.16872     -1.802235     -1.805277
   2.18445     -1.816808     -1.819816
   2.20018     -1.831330     -1.834303
   2.21592     -1.845699     -1.848640
   2.23165     -1.859830     -1.862740
   2.24738     -1.873645     -1.876526
   2.26312     -1.887076     -1.889931
   2.27885     -1.900064     -1.902894
   2.29458     -1.912557     -1.915364
   2.31032     -1.924509     -1.927293
   2.32605     -1.935879     -1.938644
   2.34178     -1.946633     -1.949379
   2.35751     -1.956741     -1.959469
   2.37325     -1.966172     -1.968884
   2.38898     -1.974809     -1.977485
   2.40471     -1.927352     -1.928815
   2.42045     -1.868210     -1.869674
   2.43618     -1.814400     -1.815866
   2.45191     -1.766243     -1.767709
   2.46765     -1.724008     -1.725475
   2.48338     -1.687925     -1.689393
   2.49911     -1.658173     -1.659642
   2.51485     -1.634895     -1.636365
   2.53058     -1.618196     -1.619667
   2.54631     -1.608149     -1.609620
   2.56205     -1.604796     -1.606267
   2.56205     -3.295482     -3.297153
   2.60073     -3.297019     -3.298666
   2.63941     -3.303652     -3.305218
   2.67809     -3.321505     -3.322915
   2.71677     -3.358546     -3.359754
   2.75546     -3.414910     -3.416023
   2.79414     -3.472742     -3.474035
   2.83282     -3.506864     -3.508531
   2.87150     -3.512088     -3.514045
   2.91018     -3.501357     -3.503463
   2.94887     -3.485040     -3.487221
   2.98755     -3.467348     -3.469569
   3.02623     -3.449282     -3.451527
   3.06491     -3.430413     -3.432671
   3.10359     -3.409522     -3.411783
   3.14228     -3.384761     -3.387015
   3.18096     -3.353742     -3.355976
   3.21964     -3.313850     -3.316046
   3.25832     -3.263037     -3.265183
   3.29700     -3.200735     -3.202827
   3.33569     -3.128062     -3.130109
   3.37437     -3.047324     -3.049344
   3.41305     -2.961778     -2.963794
   3.45173     -2.876331     -2.878375
   3.49042     -2.799042     -2.801150
   3.52910     -2.740508     -2.742708
   3.56778     -2.702498     -2.704784
   3.60646     -2.665670     -2.668011
   3.64514     -2.608280     -2.610649
   3.68383     -2.525331     -2.527723
   3.72251     -2.422447     -2.424879
   3.76119     -2.307155     -2.309655
   3.79987     -2.186451     -2.189050
   3.83855     -2.066846     -2.069577
   3.87724     -1.954628     -1.957516
   3.91592     -1.855688     -1.858744
   3.95460     -1.774974     -1.778188
   3.99328     -1.715878     -1.719220
   4.03196     -1.680100     -1.683522
   4.07065     -1.668153     -1.671603
   4.07065     -1.668153     -1.671603
   4.09965     -1.678697     -1.682134
   4.12866     -1.710484     -1.713880
   4.15766     -1.763783     -1.767108
   4.18667     -1.838455     -1.841682
   4.21567     -1.933328     -1.936436
   4.24467     -2.045808     -2.048787
   4.27368     -2.171928     -2.174785
   4.30268     -2.306762     -2.309513
   4.33169     -2.444739     -2.447407
   4.36069     -2.579592     -2.582194
   4.38970     -2.703408     -2.705947
   4.41870     -2.804021     -2.806459
   4.44771     -2.861591     -2.863831
   4.47671     -2.859199     -2.861176
   4.50572     -2.808201     -2.809988
   4.53472     -2.732354     -2.734030
   4.56373     -2.646586     -2.648188
   4.59273     -2.559115     -2.560651
   4.62174     -2.476104     -2.477564
   4.65074     -2.404515     -2.405860
   4.67975     -2.354432     -2.355583
   4.70875     -2.339770     -2.340625
   4.73776     -2.371507     -2.372038
   4.76676     -2.446216     -2.446513
   4.79577     -2.549577     -2.549759
   4.82477     -2.668000     -2.668154
   4.85378     -2.792122     -2.792301
   4.88278     -2.915697     -2.915931
   4.91179     -3.034349     -3.034658
   4.94079     -3.144925     -3.145317
   4.96980     -3.245183     -3.245658
   4.99880     -3.333633     -3.334184
   5.02781     -3.409406     -3.410017
   5.05681     -3.472116     -3.472767
   5.08582     -3.521731     -3.522399
   5.11482     -3.558518     -3.559185
   5.14383     -3.583166     -3.583830
   5.17283     -3.596942     -3.597610
   5.20184     -3.601311     -3.601982
   5.20184     -3.512401     -3.512639
   5.23188     -3.506477     -3.506709
   5.26192     -3.488452     -3.488665
   5.29196     -3.457611     -3.457791
   5.32201     -3.412903     -3.413039
   5.35205     -3.353172     -3.353249
   5.38209     -3.277487     -3.277494
   5.41213     -3.185533     -3.185462
   5.44218     -3.077937     -3.077781
   5.47222     -2.956493     -2.956251
   5.50226     -2.824261     -2.823937
   5.53230     -2.685665     -2.685267
   5.56235     -2.546724     -2.546273
   5.59239     -2.415476     -2.415007
   5.62243     -2.302298     -2.301874
   5.65247     -2.218976     -2.218684
   5.68252     -2.175057     -2.174982
   5.71256     -2.172904     -2.173089
   5.74260     -2.206747     -2.207181
   5.77264     -2.266754     -2.267396
   5.80269     -2.342853     -2.343660
   5.83273     -2.425501     -2.426436
   5.86277     -2.503601     -2.504636
   5.89281     -2.559069     -2.560183
   5.92286     -2.560295     -2.561476
   5.95290     -2.482482     -2.483717
   5.98294     -2.343035     -2.344305
   6.01298     -2.170620     -2.171911
   6.04303     -1.981256     -1.982567
   6.07307     -1.821295     -1.823679
   6.10311     -1.801589     -1.804101
   6.13315     -1.780977     -1.783626
   6.16320     -1.760036     -1.762826
   6.19324     -1.739480     -1.742410
   6.22328     -1.720105     -1.723171
   6.25332     -1.702749     -1.705941
   6.28337     -1.688234     -1.691532
   6.31341     -1.677281     -1.680662
   6.34345     -1.670466     -1.673899
   6.37349     -1.668153     -1.671603
   6.37349     -1.668153     -1.671603
   6.40883     -1.679212     -1.682639
   6.44417     -1.712554     -1.715912
   6.47951     -1.768365     -1.771611
   6.51485     -1.846114     -1.849212
   6.55018     -1.943844     -1.946776
   6.58552     -2.058042     -2.060811
   6.62086     -2.184129     -2.186752
   6.65620     -2.317165     -2.319671
   6.69154     -2.452420     -2.454840
   6.72687     -2.585627     -2.587993
   6.76221     -2.713116     -2.715457
   6.79755     -2.831944     -2.834288
   6.83289     -2.940129     -2.942498
   6.86823     -3.037036     -3.039449
   6.90356     -3.123764     -3.126233
   6.93890     -3.203156     -3.205679
   6.97424     -3.278871     -3.281432
   7.00958     -3.353501     -3.356067
   7.04491     -3.426827     -3.429351
   7.08025     -3.494730     -3.497106
   7.11559     -3.545338     -3.547197
   7.15093     -3.554641     -3.555424
   7.18627     -3.522699     -3.522772
   7.22160     -3.470241     -3.469961
   7.25694     -3.405163     -3.404651
   7.29228     -3.329481     -3.328789
   7.32762     -3.244601     -3.243769
   7.36296     -3.153076     -3.152138
   7.39829     -3.060484     -3.059486
   7.43363     -2.995783     -2.995602
   7.46897     -3.040425     -3.041896
   7.50431     -3.122326     -3.124127
   7.53965     -3.211754     -3.213679
   7.57498     -3.301941     -3.303921
   7.61032     -3.387263     -3.389260
   7.64566     -3.461887     -3.463876
   7.68100     -3.520061     -3.522029
   7.71634     -3.556933     -3.558880
   7.75167     -3.569525     -3.571462
 
# Band-Index:   10
   7.75167     -2.472793     -2.473041
   7.71634     -2.496480     -2.496469
   7.68100     -2.521489     -2.521439
   7.64566     -2.549627     -2.549527
   7.61032     -2.584987     -2.584818
   7.57498     -2.631251     -2.630995
   7.53965     -2.690673     -2.690332
   7.50431     -2.763003     -2.762621
   7.46897     -2.843677     -2.843455
   7.43363     -2.902528     -2.903804
   7.39829     -2.865531     -2.867507
   7.36296     -2.811878     -2.813726
   7.32762     -2.768779     -2.770515
   7.29228     -2.740745     -2.742402
   7.25694     -2.729313     -2.730924
   7.22160     -2.733550     -2.735143
   7.18627     -2.749796     -2.751386
   7.15093     -2.772237     -2.773823
   7.11559     -2.793997     -2.795567
   7.08025     -2.808041     -2.809580
   7.04491     -2.807681     -2.809175
   7.00958     -2.787013     -2.788458
   6.97424     -2.741807     -2.743215
   6.93890     -2.670682     -2.672073
   6.90356     -2.575440     -2.576831
   6.86823     -2.459891     -2.461287
   6.83289     -2.328324     -2.329721
   6.79755     -2.184722     -2.186115
   6.76221     -2.032765     -2.034142
   6.72687     -1.876214     -1.877565
   6.69154     -1.719509     -1.720816
   6.65620     -1.568515     -1.569752
   6.62086     -1.431038     -1.432167
   6.58552     -1.315548     -1.316528
   6.55018     -1.226754     -1.227565
   6.51485     -1.162574     -1.163223
   6.47951     -1.117595     -1.118109
   6.44417     -1.087502     -1.087918
   6.40883     -1.070043     -1.070400
   6.37349     -1.064301     -1.064638
   6.37349     -1.064301     -1.064638
   6.34345     -1.066577     -1.066932
   6.31341     -1.073080     -1.073484
   6.28337     -1.082952     -1.083437
   6.25332     -1.095098     -1.095688
   6.22328     -1.108461     -1.109176
   6.19324     -1.122189     -1.123042
   6.16320     -1.174184     -1.175618
   6.13315     -1.376232     -1.377624
   6.10311     -1.580063     -1.581421
   6.07307     -1.782821     -1.784148
   6.04303     -1.839530     -1.841784
   6.01298     -1.856069     -1.858208
   5.98294     -1.870646     -1.872675
   5.95290     -1.883163     -1.885091
   5.92286     -1.893622     -1.895456
   5.89281     -1.902118     -1.903866
   5.86277     -1.908817     -1.910485
   5.83273     -1.913940     -1.915536
   5.80269     -1.917751     -1.919283
   5.77264     -1.920531     -1.922007
   5.74260     -1.922562     -1.923989
   5.71256     -1.924107     -1.925495
   5.68252     -1.925397     -1.926753
   5.65247     -1.926622     -1.927954
   5.62243     -1.927918     -1.929233
   5.59239     -1.929374     -1.930679
   5.56235     -1.931032     -1.932332
   5.53230     -1.932891     -1.934192
   5.50226     -1.934923     -1.936227
   5.47222     -1.937072     -1.938383
   5.44218     -1.939272     -1.940590
   5.41213     -1.941444     -1.942771
   5.38209     -1.943513     -1.944850
   5.35205     -1.945405     -1.946750
   5.32201     -1.947051     -1.948403
   5.29196     -1.948393     -1.949752
   5.26192     -1.949386     -1.950750
   5.23188     -1.949996     -1.951362
   5.20184     -1.950201     -1.951569
   5.20184     -1.805170     -1.806210
   5.17283     -1.804583     -1.805622
   5.14383     -1.802824     -1.803861
   5.11482     -1.799894     -1.800927
   5.08582     -1.795796     -1.796823
   5.05681     -1.790532     -1.791552
   5.02781     -1.784106     -1.785117
   4.99880     -1.776524     -1.777525
   4.96980     -1.767786     -1.768776
   4.94079     -1.757894     -1.758871
   4.91179     -1.746846     -1.747808
   4.88278     -1.734636     -1.735583
   4.85378     -1.721260     -1.722190
   4.82477     -1.706709     -1.707621
   4.79577     -1.690966     -1.691858
   4.76676     -1.706529     -1.707931
   4.73776     -1.728376     -1.729499
   4.70875     -1.717204     -1.717987
   4.67975     -1.671029     -1.671535
   4.65074     -1.601485     -1.601839
   4.62174     -1.570167     -1.570929
   4.59273     -1.545404     -1.546144
   4.56373     -1.519272     -1.519988
   4.53472     -1.491774     -1.492466
   4.50572     -1.462940     -1.463608
   4.47671     -1.432822     -1.433465
   4.44771     -1.401519     -1.402137
   4.41870     -1.369170     -1.369763
   4.38970     -1.335976     -1.336543
   4.36069     -1.302211     -1.302752
   4.33169     -1.268234     -1.268749
   4.30268     -1.234505     -1.234995
   4.27368     -1.201603     -1.202066
   4.24467     -1.170231     -1.170668
   4.21567     -1.141211     -1.141623
   4.18667     -1.115481     -1.115870
   4.15766     -1.094032     -1.094400
   4.12866     -1.077838     -1.078189
   4.09965     -1.067736     -1.068077
   4.07065     -1.064301     -1.064638
   4.07065     -1.064301     -1.064638
   4.03196     -1.070053     -1.070411
   3.99328     -1.087514     -1.087934
   3.95460     -1.117513     -1.118032
   3.91592     -1.162110     -1.162759
   3.87724     -1.225099     -1.225896
   3.83855     -1.310823     -1.311770
   3.79987     -1.420238     -1.421314
   3.76119     -1.548144     -1.549315
   3.72251     -1.685718     -1.686947
   3.68383     -1.823983     -1.825242
   3.64514     -1.954217     -1.955484
   3.60646     -2.065859     -2.067117
   3.56778     -2.143338     -2.144583
   3.52910     -2.167721     -2.168970
   3.49042     -2.133073     -2.134350
   3.45173     -2.056815     -2.058127
   3.41305     -1.967294     -1.968660
   3.37437     -1.902332     -1.903806
   3.33569     -1.901263     -1.902839
   3.29700     -1.951376     -1.952996
   3.25832     -2.021064     -2.022713
   3.21964     -2.096005     -2.097684
   3.18096     -2.170718     -2.172431
   3.14228     -2.242888     -2.244640
   3.10359     -2.311639     -2.313432
   3.06491     -2.376945     -2.378784
   3.02623     -2.439357     -2.441245
   2.98755     -2.499750     -2.501684
   2.94887     -2.558973     -2.560946
   2.91018     -2.617256     -2.619247
   2.87150     -2.673291     -2.675260
   2.83282     -2.723036     -2.724917
   2.79414     -2.758583     -2.760277
   2.75546     -2.768144     -2.769524
   2.71677     -2.739854     -2.740809
   2.67809     -2.671468     -2.672006
   2.63941     -2.575804     -2.576032
   2.60073     -2.476063     -2.476090
   2.56205     -2.426634     -2.426596
   2.56205     -1.077123     -1.077457
   2.54631     -1.077101     -1.077435
   2.53058     -1.077039     -1.077373
   2.51485     -1.076935     -1.077269
   2.49911     -1.076791     -1.077125
   2.48338     -1.076607     -1.076942
   2.46765     -1.076385     -1.076720
   2.45191     -1.076126     -1.076461
   2.43618     -1.075832     -1.076167
   2.42045     -1.075505     -1.075839
   2.40471     -1.075147     -1.075482
   2.38898     -1.074760     -1.075095
   2.37325     -1.074346     -1.074681
   2.35751     -1.073909     -1.074244
   2.34178     -1.073452     -1.073787
   2.32605     -1.072977     -1.073312
   2.31032     -1.072487     -1.072822
   2.29458     -1.071985     -1.072321
   2.27885     -1.071476     -1.071811
   2.26312     -1.070961     -1.071296
   2.24738     -1.070444     -1.070780
   2.23165     -1.069930     -1.070266
   2.21592     -1.069421     -1.069757
   2.20018     -1.068920     -1.069256
   2.18445     -1.068430     -1.068766
   2.16872     -1.067956     -1.068292
   2.15298     -1.067499     -1.067835
   2.13725     -1.067063     -1.067400
   2.12152     -1.066651     -1.066988
   2.10578     -1.066266     -1.066602
   2.09005     -1.065909     -1.066246
   2.07432     -1.065583     -1.065920
   2.05858     -1.065291     -1.065628
   2.04285     -1.065033     -1.065370
   2.02712     -1.064812     -1.065149
   2.01138     -1.064630     -1.064967
   1.99565     -1.064486     -1.064824
   1.97992     -1.064384     -1.064721
   1.96418     -1.064322     -1.064659
   1.94845     -1.064301     -1.064638
   1.94845     -1.064301     -1.064638
   1.92408     -1.067724     -1.068065
   1.89972     -1.077819     -1.078172
   1.87535     -1.094098     -1.094470
   1.85098     -1.115843     -1.116238
   1.82662     -1.142214     -1.142636
   1.80225     -1.172346     -1.172796
   1.77788     -1.205407     -1.205887
   1.75352     -1.240656     -1.241165
   1.72915     -1.277431     -1.277969
   1.70478     -1.315177     -1.315744
   1.68041     -1.353424     -1.354020
   1.65605     -1.391778     -1.392402
   1.63168     -1.429911     -1.430560
   1.60731     -1.467548     -1.468223
   1.58295     -1.504464     -1.505164
   1.55858     -1.540469     -1.541193
   1.53421     -1.575412     -1.576158
   1.50985     -1.609158     -1.609926
   1.48548     -1.641606     -1.642394
   1.46111     -1.693781     -1.694258
   1.43675     -1.769635     -1.770047
   1.41238     -1.847579     -1.847928
   1.38801     -1.927352     -1.927645
   1.36364     -2.008595     -2.008841
   1.33928     -2.090855     -2.091066
   1.31491     -2.173579     -2.173770
   1.29054     -2.256113     -2.256303
   1.26618     -2.337702     -2.337912
   1.24181     -2.417476     -2.417730
   1.21744     -2.494463     -2.494791
   1.19308     -2.567586     -2.568019
   1.16871     -2.635675     -2.636245
   1.14434     -2.697508     -2.698246
   1.11998     -2.751872     -2.752803
   1.09561     -2.797658     -2.798794
   1.07124     -2.833971     -2.835304
   1.04687     -2.860198     -2.861696
   1.02251     -2.876011     -2.877620
   0.99814     -2.881288     -2.882936
   0.99814     -2.245832     -2.247001
   0.97255     -2.245627     -2.246797
   0.94695     -2.245002     -2.246174
   0.92136     -2.243928     -2.245103
   0.89577     -2.242351     -2.243531
   0.87017     -2.240201     -2.241387
   0.84458     -2.237391     -2.238585
   0.81899     -2.233820     -2.235023
   0.79339     -2.229373     -2.230588
   0.76780     -2.223931     -2.225158
   0.74221     -2.217367     -2.218608
   0.71661     -2.209555     -2.210813
   0.69102     -2.200374     -2.201650
   0.66543     -2.189705     -2.191002
   0.63983     -2.177447     -2.178767
   0.61424     -2.163511     -2.164858
   0.58865     -2.147832     -2.149207
   0.56305     -2.130367     -2.131776
   0.53746     -2.111098     -2.112544
   0.51187     -2.090043     -2.091531
   0.48627     -2.067254     -2.068790
   0.46068     -2.042822     -2.044411
   0.43509     -2.016882     -2.018533
   0.40949     -1.989616     -1.991337
   0.38390     -1.961258     -1.963059
   0.35831     -1.932097     -1.933990
   0.33271     -1.902481     -1.904477
   0.30712     -1.872820     -1.874932
   0.28153     -1.843575     -1.845816
   0.25593     -1.815158     -1.817515
   0.23034     -1.612212     -1.613566
   0.20475     -1.398020     -1.399409
   0.17915     -1.188143     -1.189574
   0.15356     -1.118656     -1.119530
   0.12797     -1.106789     -1.107506
   0.10237     -1.094407     -1.094990
   0.07678     -1.082698     -1.083175
   0.05119     -1.072996     -1.073395
   0.02559     -1.066559     -1.066912
   0.00000     -1.064301     -1.064638
 
# Band-Index:   11
   0.00000     -0.127035     -0.126656
   0.02559     -0.147298     -0.149112
   0.05119     -0.282111     -0.283824
   0.07678     -0.436503     -0.438148
   0.10237     -0.606644     -0.608230
   0.12797     -0.790165     -0.791695
   0.15356     -0.984768     -0.986246
   0.17915     -1.129089     -1.130138
   0.20475     -1.137497     -1.138730
   0.23034     -1.143584     -1.145005
   0.25593     -1.147305     -1.148911
   0.28153     -1.148790     -1.150573
   0.30712     -1.148278     -1.150227
   0.33271     -1.146061     -1.148165
   0.35831     -1.142447     -1.144693
   0.38390     -1.137732     -1.140108
   0.40949     -1.132190     -1.134686
   0.43509     -1.126064     -1.128669
   0.46068     -1.119566     -1.122270
   0.48627     -1.112877     -1.115672
   0.51187     -1.106148     -1.109028
   0.53746     -1.099503     -1.102460
   0.56305     -1.093047     -1.096075
   0.58865     -1.086858     -1.089953
   0.61424     -1.081002     -1.084158
   0.63983     -1.075527     -1.078740
   0.66543     -1.070808     -1.073948
   0.69102     -1.176574     -1.175673
   0.71661     -1.283931     -1.283113
   0.74221     -1.385194     -1.384480
   0.76780     -1.478596     -1.478006
   0.79339     -1.562319     -1.561871
   0.81899     -1.634599     -1.634308
   0.84458     -1.693908     -1.693785
   0.87017     -1.739266     -1.739312
   0.89577     -1.770643     -1.770845
   0.92136     -1.789341     -1.789678
   0.94695     -1.798168     -1.798604
   0.97255     -1.801000     -1.801497
   0.99814     -1.801438     -1.801955
   0.99814     -1.961817     -1.962814
   1.02251     -1.961030     -1.962027
   1.04687     -1.958664     -1.959660
   1.07124     -1.954719     -1.955712
   1.09561     -1.949189     -1.950178
   1.11998     -1.942071     -1.943055
   1.14434     -1.933352     -1.934331
   1.16871     -1.923028     -1.924000
   1.19308     -1.911091     -1.912055
   1.21744     -1.897527     -1.898482
   1.24181     -1.882339     -1.883284
   1.26618     -1.865517     -1.866451
   1.29054     -1.847055     -1.847977
   1.31491     -1.826959     -1.827868
   1.33928     -1.805229     -1.806125
   1.36364     -1.781876     -1.782756
   1.38801     -1.756915     -1.757779
   1.41238     -1.730370     -1.731217
   1.43675     -1.702273     -1.703102
   1.46111     -1.672665     -1.673476
   1.48548     -1.620179     -1.620726
   1.50985     -1.548906     -1.549519
   1.53421     -1.479931     -1.480607
   1.55858     -1.413119     -1.413851
   1.58295     -1.348232     -1.349012
   1.60731     -1.284893     -1.285710
   1.63168     -1.222575     -1.223415
   1.65605     -1.160563     -1.161410
   1.68041     -1.097907     -1.098743
   1.70478     -1.033380     -1.034183
   1.72915     -0.965431     -0.966179
   1.75352     -0.892205     -0.892879
   1.77788     -0.811701     -0.812283
   1.80225     -0.722115     -0.722601
   1.82662     -0.622506     -0.622902
   1.85098     -0.513596     -0.513921
   1.87535     -0.398629     -0.398907
   1.89972     -0.284354     -0.284596
   1.92408     -0.183042     -0.183172
   1.94845     -0.127035     -0.126656
   1.94845     -0.127035     -0.126656
   1.96418     -0.124850     -0.124473
   1.97992     -0.118312     -0.117948
   1.99565     -0.107484     -0.107138
   2.01138     -0.092472     -0.092156
   2.02712     -0.073529     -0.073321
   2.04285     -0.064468     -0.066511
   2.05858     -0.064618     -0.066686
   2.07432     -0.064903     -0.066977
   2.09005     -0.065257     -0.067336
   2.10578     -0.065657     -0.067742
   2.12152     -0.066108     -0.068198
   2.13725     -0.066608     -0.068704
   2.15298     -0.067157     -0.069258
   2.16872     -0.067752     -0.069859
   2.18445     -0.068392     -0.070504
   2.20018     -0.069073     -0.071190
   2.21592     -0.069791     -0.071914
   2.23165     -0.071066     -0.072713
   2.24738     -0.079082     -0.079869
   2.26312     -0.086961     -0.087708
   2.27885     -0.094630     -0.095340
   2.29458     -0.102052     -0.102729
   2.31032     -0.109195     -0.109839
   2.32605     -0.116030     -0.116643
   2.34178     -0.122521     -0.123106
   2.35751     -0.128654     -0.129212
   2.37325     -0.134407     -0.134940
   2.38898     -0.139759     -0.140269
   2.40471     -0.144693     -0.145182
   2.42045     -0.149195     -0.149665
   2.43618     -0.153256     -0.153709
   2.45191     -0.156861     -0.157299
   2.46765     -0.160003     -0.160428
   2.48338     -0.162674     -0.163088
   2.49911     -0.164867     -0.165272
   2.51485     -0.166576     -0.166974
   2.53058     -0.167802     -0.168195
   2.54631     -0.168538     -0.168928
   2.56205     -0.168789     -0.169178
   2.56205     -2.360127     -2.360374
   2.60073     -2.369986     -2.370183
   2.63941     -2.349666     -2.349827
   2.67809     -2.309954     -2.310091
   2.71677     -2.255595     -2.255709
   2.75546     -2.189135     -2.189225
   2.79414     -2.112960     -2.113031
   2.83282     -2.029400     -2.029461
   2.87150     -1.940633     -1.940696
   2.91018     -1.848655     -1.848737
   2.94887     -1.755382     -1.755503
   2.98755     -1.662816     -1.662996
   3.02623     -1.573209     -1.573469
   3.06491     -1.489294     -1.489654
   3.10359     -1.414741     -1.415221
   3.14228     -1.355211     -1.355828
   3.18096     -1.320379     -1.321136
   3.21964     -1.323909     -1.324778
   3.25832     -1.371804     -1.372738
   3.29700     -1.449978     -1.450955
   3.33569     -1.529569     -1.530601
   3.37437     -1.567547     -1.568689
   3.41305     -1.542012     -1.543267
   3.45173     -1.482287     -1.483591
   3.49042     -1.412107     -1.413429
   3.52910     -1.340644     -1.341975
   3.56778     -1.271486     -1.272827
   3.60646     -1.205981     -1.207335
   3.64514     -1.144141     -1.145513
   3.68383     -1.084796     -1.086190
   3.72251     -1.025424     -1.026846
   3.76119     -0.961796     -0.963253
   3.79987     -0.887902     -0.889408
   3.83855     -0.797505     -0.799069
   3.87724     -0.688317     -0.689933
   3.91592     -0.564887     -0.566516
   3.95460     -0.435537     -0.437094
   3.99328     -0.307535     -0.308873
   4.03196     -0.189419     -0.190167
   4.07065     -0.127035     -0.126656
   4.07065     -0.127035     -0.126656
   4.09965     -0.181341     -0.181487
   4.12866     -0.277845     -0.278125
   4.15766     -0.384242     -0.384578
   4.18667     -0.488675     -0.489076
   4.21567     -0.585162     -0.585644
   4.24467     -0.671430     -0.672002
   4.27368     -0.747663     -0.748321
   4.30268     -0.815466     -0.816194
   4.33169     -0.877014     -0.877789
   4.36069     -0.934538     -0.935336
   4.38970     -0.990069     -0.990864
   4.41870     -1.045373     -1.046142
   4.44771     -1.101973     -1.102696
   4.47671     -1.161184     -1.161843
   4.50572     -1.224123     -1.224707
   4.53472     -1.291652     -1.292155
   4.56373     -1.364243     -1.364666
   4.59273     -1.441619     -1.441979
   4.62174     -1.522114     -1.522445
   4.65074     -1.593551     -1.594349
   4.67975     -1.615621     -1.616432
   4.70875     -1.636363     -1.637196
   4.73776     -1.655815     -1.656669
   4.76676     -1.674004     -1.674881
   4.79577     -1.663944     -1.665538
   4.82477     -1.611834     -1.613553
   4.85378     -1.557011     -1.558824
   4.88278     -1.503222     -1.505111
   4.91179     -1.452525     -1.454483
   4.94079     -1.406094     -1.408117
   4.96980     -1.364637     -1.366725
   4.99880     -1.328619     -1.330772
   5.02781     -1.298380     -1.300600
   5.05681     -1.274174     -1.276460
   5.08582     -1.256073     -1.258417
   5.11482     -1.243784     -1.246170
   5.14383     -1.236449     -1.238856
   5.17283     -1.232805     -1.235218
   5.20184     -1.231735     -1.234149
   5.20184     -0.944586     -0.948113
   5.23188     -0.946040     -0.949564
   5.26192     -0.950368     -0.953887
   5.29196     -0.957479     -0.960988
   5.32201     -0.967216     -0.970711
   5.35205     -0.979367     -0.982844
   5.38209     -0.993664     -0.997118
   5.41213     -1.009784     -1.013212
   5.44218     -1.027365     -1.030762
   5.47222     -1.046004     -1.049366
   5.50226     -1.065274     -1.068597
   5.53230     -1.084730     -1.088008
   5.56235     -1.103927     -1.107153
   5.59239     -1.122430     -1.125601
   5.62243     -1.139841     -1.142947
   5.65247     -1.155801     -1.158837
   5.68252     -1.170011     -1.172970
   5.71256     -1.182241     -1.185116
   5.74260     -1.192327     -1.195111
   5.77264     -1.200186     -1.202872
   5.80269     -1.205798     -1.208382
   5.83273     -1.209208     -1.211682
   5.86277     -1.210502     -1.212862
   5.89281     -1.209801     -1.212043
   5.92286     -1.207247     -1.209365
   5.95290     -1.202983     -1.204974
   5.98294     -1.197150     -1.199009
   6.01298     -1.189878     -1.191603
   6.04303     -1.181281     -1.182866
   6.07307     -1.171459     -1.172901
   6.10311     -1.160504     -1.161799
   6.13315     -1.148525     -1.149671
   6.16320     -1.135665     -1.136661
   6.19324     -0.976547     -0.978024
   6.22328     -0.785945     -0.787475
   6.25332     -0.604953     -0.606538
   6.28337     -0.436149     -0.437795
   6.31341     -0.282216     -0.283930
   6.34345     -0.147367     -0.149183
   6.37349     -0.127035     -0.126656
   6.37349     -0.127035     -0.126656
   6.40883     -0.190615     -0.191332
   6.44417     -0.309927     -0.311210
   6.47951     -0.438820     -0.440329
   6.51485     -0.568840     -0.570442
   6.55018     -0.692653     -0.694259
   6.58552     -0.800934     -0.802501
   6.62086     -0.887833     -0.889358
   6.65620     -0.955157     -0.956656
   6.69154     -1.009309     -1.010797
   6.72687     -1.056564     -1.058046
   6.76221     -1.101446     -1.102919
   6.79755     -1.146879     -1.148342
   6.83289     -1.194592     -1.196048
   6.86823     -1.245406     -1.246863
   6.90356     -1.299457     -1.300926
   6.93890     -1.356391     -1.357886
   6.97424     -1.415497     -1.417031
   7.00958     -1.475780     -1.477365
   7.04491     -1.535990     -1.537636
   7.08025     -1.594600     -1.596314
   7.11559     -1.649792     -1.651576
   7.15093     -1.699483     -1.701335
   7.18627     -1.741593     -1.743498
   7.22160     -1.774638     -1.776567
   7.25694     -1.798818     -1.800723
   7.29228     -1.817102     -1.818920
   7.32762     -1.835345     -1.837010
   7.36296     -1.860782     -1.862234
   7.39829     -1.899364     -1.900562
   7.43363     -1.953317     -1.954245
   7.46897     -2.020326     -2.020996
   7.50431     -2.094827     -2.095276
   7.53965     -2.170395     -2.170671
   7.57498     -2.241679     -2.241832
   7.61032     -2.305231     -2.305303
   7.64566     -2.359467     -2.359492
   7.68100     -2.404290     -2.404285
   7.71634     -2.440662     -2.440632
   7.75167     -2.468370     -2.468086
 
# Band-Index:   12
   7.75167     -1.416465     -1.414727
   7.71634     -1.422247     -1.420519
   7.68100     -1.438408     -1.436713
   7.64566     -1.461567     -1.459935
   7.61032     -1.486740     -1.485208
   7.57498     -1.508338     -1.506945
   7.53965     -1.521450     -1.520232
   7.50431     -1.522916     -1.521896
   7.46897     -1.511682     -1.510868
   7.43363     -1.488466     -1.487861
   7.39829     -1.455202     -1.454800
   7.36296     -1.414540     -1.414334
   7.32762     -1.369295     -1.369271
   7.29228     -1.321874     -1.322017
   7.25694     -1.274083     -1.274377
   7.22160     -1.227232     -1.227663
   7.18627     -1.182273     -1.182827
   7.15093     -1.139878     -1.140542
   7.11559     -1.100450     -1.101209
   7.08025     -1.064119     -1.064956
   7.04491     -1.030768     -1.031663
   7.00958     -1.000021     -1.000954
   6.97424     -0.971297     -0.972245
   6.93890     -0.943845     -0.944786
   6.90356     -0.916794     -0.917703
   6.86823     -0.889209     -0.890064
   6.83289     -0.860168     -0.860949
   6.79755     -0.828852     -0.829543
   6.76221     -0.794577     -0.795171
   6.72687     -0.756776     -0.757269
   6.69154     -0.714849     -0.715245
   6.65620     -0.667941     -0.668244
   6.62086     -0.614704     -0.614923
   6.58552     -0.553191     -0.553332
   6.55018     -0.481061     -0.481140
   6.51485     -0.396510     -0.396567
   6.47951     -0.300608     -0.300718
   6.44417     -0.201044     -0.201328
   6.40883     -0.114427     -0.115228
   6.37349     -0.063534     -0.065585
   6.37349     -0.063534     -0.065585
   6.34345     -0.118347     -0.117971
   6.31341     -0.093114     -0.092745
   6.28337     -0.052387     -0.052034
   6.25332      0.002045      0.002378
   6.22328      0.068289      0.068597
   6.19324      0.144546      0.144828
   6.16320      0.229195      0.229448
   6.13315      0.316987      0.315800
   6.10311      0.308917      0.307865
   6.07307      0.294043      0.293165
   6.04303      0.270313      0.269641
   6.01298      0.234688      0.234253
   5.98294      0.183822      0.183632
   5.95290      0.115189      0.115208
   5.92286      0.028027      0.028191
   5.89281     -0.076591     -0.076361
   5.86277     -0.196192     -0.195970
   5.83273     -0.327199     -0.327050
   5.80269     -0.464884     -0.464865
   5.77264     -0.603058     -0.603226
   5.74260     -0.733651     -0.734061
   5.71256     -0.846684     -0.847382
   5.68252     -0.931793     -0.932793
   5.65247     -0.982380     -0.983639
   5.62243     -0.999732     -1.001163
   5.59239     -0.992072     -0.993585
   5.56235     -0.969514     -0.971043
   5.53230     -0.940351     -0.941859
   5.50226     -0.910149     -0.911616
   5.47222     -0.882161     -0.883576
   5.44218     -0.858001     -0.859361
   5.41213     -0.838204     -0.839508
   5.38209     -0.822662     -0.823916
   5.35205     -0.810918     -0.812126
   5.32201     -0.802377     -0.803546
   5.29196     -0.796441     -0.797580
   5.26192     -0.792596     -0.793713
   5.23188     -0.790452     -0.791555
   5.20184     -0.789765     -0.790863
   5.20184     -1.107603     -1.108851
   5.17283     -1.106901     -1.108150
   5.14383     -1.104368     -1.105625
   5.11482     -1.098912     -1.100195
   5.08582     -1.089310     -1.090642
   5.05681     -1.074749     -1.076147
   5.02781     -1.054962     -1.056435
   4.99880     -1.030020     -1.031569
   4.96980     -1.000093     -1.001718
   4.94079     -0.965324     -0.967023
   4.91179     -0.925783     -0.927555
   4.88278     -0.881471     -0.883312
   4.85378     -0.832326     -0.834235
   4.82477     -0.778271     -0.780242
   4.79577     -0.719262     -0.721289
   4.76676     -0.655393     -0.657468
   4.73776     -0.587039     -0.589147
   4.70875     -0.515025     -0.517152
   4.67975     -0.440789     -0.442919
   4.65074     -0.366450     -0.368565
   4.62174     -0.294667     -0.296753
   4.59273     -0.228264     -0.230310
   4.56373     -0.169684     -0.171684
   4.53472     -0.120490     -0.122440
   4.50572     -0.081134     -0.083033
   4.47671     -0.051072     -0.052920
   4.44771     -0.029105     -0.030905
   4.41870     -0.013763     -0.015516
   4.38970     -0.003589     -0.005299
   4.36069      0.002697      0.001026
   4.33169      0.006128      0.004493
   4.30268      0.007494      0.005892
   4.27368      0.007351      0.005779
   4.24467      0.006028      0.004482
   4.21567      0.003604      0.002083
   4.18667     -0.000224     -0.001722
   4.15766     -0.006482     -0.007958
   4.12866     -0.017750     -0.019216
   4.09965     -0.039162     -0.040711
   4.07065     -0.063534     -0.065585
   4.07065     -0.063534     -0.065585
   4.03196     -0.113697     -0.114473
   3.99328     -0.196289     -0.196537
   3.95460     -0.288829     -0.288929
   3.91592     -0.375518     -0.375601
   3.87724     -0.449871     -0.450009
   3.83855     -0.511598     -0.511821
   3.79987     -0.562733     -0.563050
   3.76119     -0.605624     -0.606038
   3.72251     -0.642246     -0.642757
   3.68383     -0.674105     -0.674710
   3.64514     -0.702376     -0.703067
   3.60646     -0.728045     -0.728812
   3.56778     -0.752028     -0.752857
   3.52910     -0.775202     -0.776074
   3.49042     -0.798403     -0.799301
   3.45173     -0.822389     -0.823292
   3.41305     -0.847733     -0.848618
   3.37437     -0.874640     -0.875483
   3.33569     -0.902533     -0.903306
   3.29700     -0.929175     -0.929846
   3.25832     -0.949140     -0.949680
   3.21964     -0.953798     -0.954198
   3.18096     -0.940862     -0.941147
   3.14228     -0.925327     -0.925521
   3.10359     -0.927582     -0.927706
   3.06491     -0.959946     -0.960020
   3.02623     -1.025255     -1.025286
   2.98755     -1.119785     -1.119758
   2.94887     -1.236159     -1.236051
   2.91018     -1.365145     -1.364943
   2.87150     -1.497190     -1.496899
   2.83282     -1.624178     -1.623820
   2.79414     -1.741015     -1.740621
   2.75546     -1.846385     -1.845987
   2.71677     -1.942346     -1.941968
   2.67809     -2.033065     -2.032725
   2.63941     -2.123018     -2.122723
   2.60073     -2.213413     -2.213158
   2.56205     -2.274733     -2.274457
   2.56205     -0.081935     -0.084049
   2.54631     -0.081904     -0.084018
   2.53058     -0.081813     -0.083928
   2.51485     -0.081660     -0.083776
   2.49911     -0.081445     -0.083563
   2.48338     -0.081169     -0.083289
   2.46765     -0.080830     -0.082952
   2.45191     -0.080428     -0.082552
   2.43618     -0.079967     -0.082094
   2.42045     -0.079448     -0.081577
   2.40471     -0.078873     -0.081004
   2.38898     -0.078246     -0.080379
   2.37325     -0.077572     -0.079707
   2.35751     -0.076857     -0.078992
   2.34178     -0.076107     -0.078243
   2.32605     -0.075331     -0.077467
   2.31032     -0.074533     -0.076668
   2.29458     -0.073725     -0.075859
   2.27885     -0.072913     -0.075045
   2.26312     -0.072106     -0.074234
   2.24738     -0.071310     -0.073433
   2.23165     -0.070505     -0.071803
   2.21592     -0.062863     -0.063721
   2.20018     -0.054623     -0.055523
   2.18445     -0.046362     -0.047305
   2.16872     -0.038146     -0.039132
   2.15298     -0.030032     -0.031061
   2.13725     -0.022091     -0.023162
   2.12152     -0.014392     -0.015505
   2.10578     -0.007009     -0.008164
   2.09005     -0.000018     -0.001213
   2.07432      0.006482      0.005266
   2.05858     -0.023325     -0.023104
   2.04285     -0.050027     -0.049789
   2.02712     -0.063799     -0.065773
   2.01138     -0.063800     -0.065850
   1.99565     -0.063691     -0.065744
   1.97992     -0.063605     -0.065658
   1.96418     -0.063552     -0.065603
   1.94845     -0.063534     -0.065585
   1.94845     -0.063534     -0.065585
   1.92408     -0.039586     -0.041147
   1.89972     -0.019275     -0.020766
   1.87535     -0.009264     -0.010771
   1.85098     -0.004400     -0.005931
   1.82662     -0.002163     -0.003719
   1.80225     -0.001549     -0.003130
   1.77788     -0.002209     -0.003818
   1.75352     -0.004092     -0.005731
   1.72915     -0.007300     -0.008973
   1.70478     -0.012016     -0.013725
   1.68041     -0.018476     -0.020226
   1.65605     -0.026954     -0.028750
   1.63168     -0.037749     -0.039595
   1.60731     -0.051180     -0.053080
   1.58295     -0.067573     -0.069532
   1.55858     -0.087257     -0.089280
   1.53421     -0.110548     -0.112638
   1.50985     -0.137753     -0.139913
   1.48548     -0.169129     -0.171361
   1.46111     -0.204888     -0.207192
   1.43675     -0.245168     -0.247544
   1.41238     -0.290020     -0.292465
   1.38801     -0.339389     -0.341900
   1.36364     -0.393086     -0.395657
   1.33928     -0.450791     -0.453414
   1.31491     -0.512029     -0.514697
   1.29054     -0.576167     -0.578872
   1.26618     -0.642413     -0.645148
   1.24181     -0.709812     -0.712569
   1.21744     -0.777258     -0.780030
   1.19308     -0.843504     -0.846286
   1.16871     -0.907179     -0.909965
   1.14434     -0.966809     -0.969598
   1.11998     -1.020865     -1.023653
   1.09561     -1.067802     -1.070589
   1.07124     -1.106159     -1.108943
   1.04687     -1.134622     -1.137404
   1.02251     -1.152150     -1.154932
   0.99814     -1.158070     -1.160850
   0.99814     -1.088019     -1.090367
   0.97255     -1.073852     -1.076195
   0.94695     -1.041970     -1.045546
   0.92136     -1.042608     -1.046176
   0.89577     -1.043683     -1.047235
   0.87017     -1.045097     -1.048632
   0.84458     -1.046863     -1.050378
   0.81899     -1.048998     -1.052488
   0.79339     -1.051520     -1.054981
   0.76780     -1.054445     -1.057874
   0.74221     -1.057789     -1.061182
   0.71661     -1.061562     -1.064915
   0.69102     -1.065765     -1.069072
   0.66543     -1.064373     -1.063525
   0.63983     -0.950038     -0.949018
   0.61424     -0.833946     -0.832898
   0.58865     -0.717831     -0.716772
   0.56305     -0.603033     -0.601982
   0.53746     -0.490840     -0.489818
   0.51187     -0.382508     -0.381537
   0.48627     -0.279249     -0.278351
   0.46068     -0.182226     -0.181427
   0.43509     -0.092516     -0.091843
   0.40949     -0.011067     -0.010546
   0.38390      0.061381      0.061728
   0.35831      0.124348      0.124502
   0.33271      0.177727      0.177676
   0.30712      0.221731      0.221473
   0.28153      0.256883      0.256421
   0.25593      0.283898      0.283239
   0.23034      0.287538      0.287904
   0.20475      0.212409      0.212778
   0.17915      0.142196      0.142568
   0.15356      0.077685      0.078060
   0.12797      0.019843      0.020221
   0.10237     -0.030195     -0.029815
   0.07678     -0.071143     -0.070762
   0.05119     -0.101674     -0.101292
   0.02559     -0.120518     -0.120140
   0.00000     -0.063534     -0.065585
 
# Band-Index:   13
   0.00000      0.033610      0.032213
   0.02559      0.099051      0.097419
   0.05119      0.179222      0.177493
   0.07678      0.242308      0.240553
   0.10237      0.285387      0.283690
   0.12797      0.310122      0.308565
   0.15356      0.321083      0.319702
   0.17915      0.322404      0.321202
   0.20475      0.316307      0.315283
   0.23034      0.303517      0.302671
   0.25593      0.366943      0.367303
   0.28153      0.450106      0.450461
   0.30712      0.536615      0.536965
   0.33271      0.626135      0.626479
   0.35831      0.718390      0.718725
   0.38390      0.717954      0.717251
   0.40949      0.700971      0.700183
   0.43509      0.675174      0.674275
   0.46068      0.641182      0.640160
   0.48627      0.599400      0.598251
   0.51187      0.549909      0.548633
   0.53746      0.492567      0.491168
   0.56305      0.427158      0.425645
   0.58865      0.353553      0.351933
   0.61424      0.271812      0.270096
   0.63983      0.182263      0.180460
   0.66543      0.085518      0.083639
   0.69102     -0.017530     -0.019475
   0.71661     -0.125742     -0.127744
   0.74221     -0.237766     -0.239817
   0.76780     -0.352060     -0.354153
   0.79339     -0.466894     -0.469025
   0.81899     -0.580342     -0.582507
   0.84458     -0.690194     -0.692390
   0.87017     -0.793860     -0.796085
   0.89577     -0.888207     -0.890463
   0.92136     -0.969404     -0.971689
   0.94695     -1.032778     -1.035091
   0.97255     -1.041333     -1.044906
   0.99814     -1.041195     -1.044772
   0.99814      1.222906      1.222106
   1.02251      1.221660      1.220858
   1.04687      1.217935      1.217131
   1.07124      1.211734      1.210926
   1.09561      1.203072      1.202259
   1.11998      1.191962      1.191142
   1.14434      1.178436      1.177607
   1.16871      1.162515      1.161676
   1.19308      1.144233      1.143383
   1.21744      1.123629      1.122766
   1.24181      1.100736      1.099859
   1.26618      1.075606      1.074713
   1.29054      1.048286      1.047376
   1.31491      1.018828      1.017901
   1.33928      0.987295      0.986349
   1.36364      0.953749      0.952783
   1.38801      0.918255      0.917269
   1.41238      0.880899      0.879891
   1.43675      0.841763      0.840735
   1.46111      0.800946      0.799895
   1.48548      0.758554      0.757483
   1.50985      0.714715      0.713622
   1.53421      0.669572      0.668459
   1.55858      0.623294      0.622161
   1.58295      0.576070      0.574918
   1.60731      0.528128      0.526956
   1.63168      0.479728      0.478538
   1.65605      0.431175      0.429967
   1.68041      0.382822      0.381596
   1.70478      0.335080      0.333836
   1.72915      0.288426      0.287164
   1.75352      0.243416      0.242136
   1.77788      0.200685      0.199386
   1.80225      0.160965      0.159648
   1.82662      0.125073      0.123737
   1.85098      0.093897      0.092542
   1.87535      0.068358      0.066987
   1.89972      0.049339      0.047955
   1.92408      0.037587      0.036194
   1.94845      0.033610      0.032213
   1.94845      0.033610      0.032213
   1.96418      0.033152      0.031758
   1.97992      0.031785      0.030400
   1.99565      0.029531      0.028160
   2.01138      0.026422      0.025070
   2.02712      0.022507      0.021179
   2.04285      0.017838      0.016538
   2.05858      0.012481      0.011213
   2.07432      0.007077      0.007242
   2.09005      0.040850      0.040988
   2.10578      0.077865      0.077959
   2.12152      0.117914      0.117963
   2.13725      0.160816      0.160818
   2.15298      0.206397      0.206353
   2.16872      0.254488      0.254398
   2.18445      0.304935      0.304800
   2.20018      0.357584      0.357403
   2.21592      0.412290      0.412066
   2.23165      0.468914      0.468645
   2.24738      0.527314      0.527001
   2.26312      0.587330      0.586967
   2.27885      0.629430      0.629109
   2.29458      0.651363      0.651061
   2.31032      0.674692      0.674399
   2.32605      0.699399      0.699117
   2.34178      0.725402      0.725130
   2.35751      0.752561      0.752298
   2.37325      0.780676      0.780424
   2.38898      0.809479      0.809238
   2.40471      0.838629      0.838399
   2.42045      0.867706      0.867488
   2.43618      0.896207      0.896001
   2.45191      0.923564      0.923371
   2.46765      0.949151      0.948971
   2.48338      0.972309      0.972140
   2.49911      0.992380      0.992223
   2.51485      1.008745      1.008597
   2.53058      1.020861      1.020720
   2.54631      1.028310      1.028174
   2.56205      1.030822      1.030688
   2.56205     -0.303264     -0.303151
   2.60073     -0.293090     -0.292977
   2.63941     -0.265265     -0.265155
   2.67809     -0.226779     -0.226689
   2.71677     -0.186263     -0.186226
   2.75546     -0.151078     -0.151139
   2.79414     -0.125485     -0.125681
   2.83282     -0.110639     -0.110988
   2.87150     -0.105819     -0.106320
   2.91018     -0.109517     -0.110163
   2.94887     -0.119703     -0.120481
   2.98755     -0.133520     -0.134416
   3.02623     -0.146799     -0.147782
   3.06491     -0.153941     -0.154960
   3.10359     -0.149023     -0.150002
   3.14228     -0.128262     -0.129116
   3.18096     -0.091732     -0.092400
   3.21964     -0.042389     -0.042843
   3.25832      0.016011      0.015770
   3.29700      0.080089      0.080042
   3.33569      0.147053      0.147170
   3.37437      0.214611      0.214857
   3.41305      0.280825      0.281163
   3.45173      0.344031      0.344421
   3.49042      0.402749      0.403151
   3.52910      0.455605      0.455980
   3.56778      0.501275      0.501581
   3.60646      0.538442      0.538640
   3.64514      0.565820      0.565872
   3.68383      0.582214      0.582090
   3.72251      0.586562      0.586240
   3.76119      0.577971      0.577440
   3.79987      0.555655      0.554913
   3.83855      0.518844      0.517900
   3.87724      0.466727      0.465597
   3.91592      0.398583      0.397291
   3.95460      0.314310      0.312889
   3.99328      0.215571      0.214058
   4.03196      0.108635      0.107075
   4.07065      0.033610      0.032213
   4.07065      0.033610      0.032213
   4.09965      0.037116      0.035725
   4.12866      0.047417      0.046041
   4.15766      0.063909      0.062557
   4.18667      0.085712      0.084391
   4.21567      0.111810      0.110526
   4.24467      0.141185      0.139942
   4.27368      0.172915      0.171715
   4.30268      0.206220      0.205066
   4.33169      0.240504      0.239396
   4.36069      0.275336      0.274274
   4.38970      0.310447      0.309429
   4.41870      0.345699      0.344724
   4.44771      0.381057      0.380122
   4.47671      0.416560      0.415662
   4.50572      0.452291      0.451427
   4.53472      0.488361      0.487526
   4.56373      0.524878      0.524068
   4.59273      0.561935      0.561147
   4.62174      0.599602      0.598833
   4.65074      0.637909      0.637155
   4.67975      0.676845      0.676103
   4.70875      0.716350      0.715617
   4.73776      0.756309      0.755582
   4.76676      0.796552      0.795829
   4.79577      0.836861      0.836139
   4.82477      0.876953      0.876231
   4.85378      0.916518      0.915794
   4.88278      0.955190      0.954461
   4.91179      0.992560      0.991827
   4.94079      1.028202      1.027464
   4.96980      1.061681      1.060937
   4.99880      1.092538      1.091788
   5.02781      1.120337      1.119582
   5.05681      1.144666      1.143905
   5.08582      1.165139      1.164373
   5.11482      1.181429      1.180660
   5.14383      1.193267      1.192494
   5.17283      1.200451      1.199677
   5.20184      1.202859      1.202084
   5.20184      0.589722      0.589864
   5.23188      0.587428      0.587569
   5.26192      0.580641      0.580779
   5.29196      0.569650      0.569784
   5.32201      0.554933      0.555061
   5.35205      0.537166      0.537286
   5.38209      0.517208      0.517318
   5.41213      0.496071      0.496168
   5.44218      0.474888      0.474969
   5.47222      0.454818      0.454877
   5.50226      0.436953      0.436985
   5.53230      0.422209      0.422208
   5.56235      0.411224      0.411181
   5.59239      0.404300      0.404209
   5.62243      0.401403      0.401257
   5.65247      0.402212      0.402006
   5.68252      0.406205      0.405937
   5.71256      0.412753      0.412422
   5.74260      0.421225      0.420833
   5.77264      0.431065      0.430618
   5.80269      0.441883      0.441391
   5.83273      0.453504      0.452981
   5.86277      0.466010      0.465477
   5.89281      0.479744      0.479231
   5.92286      0.495220      0.494765
   5.95290      0.512861      0.512503
   5.98294      0.532423      0.532188
   6.01298      0.552368      0.552247
   6.04303      0.569835      0.569781
   6.07307      0.520424      0.520587
   6.10311      0.418265      0.418459
   6.13315      0.320863      0.321071
   6.16320      0.319270      0.317930
   6.19324      0.315362      0.313891
   6.22328      0.303358      0.301759
   6.25332      0.279352      0.277650
   6.28337      0.238386      0.236639
   6.31341      0.177506      0.175783
   6.34345      0.098654      0.097025
   6.37349      0.033610      0.032213
   6.37349      0.033610      0.032213
   6.40883      0.108912      0.107348
   6.44417      0.216799      0.215270
   6.47951      0.317899      0.316443
   6.51485      0.406805      0.405448
   6.55018      0.482531      0.481298
   6.58552      0.545762      0.544673
   6.62086      0.597794      0.596865
   6.65620      0.639959      0.639205
   6.69154      0.673339      0.672778
   6.72687      0.698639      0.698293
   6.76221      0.716145      0.716040
   6.79755      0.725770      0.725932
   6.83289      0.727240      0.727682
   6.86823      0.720456      0.721167
   6.90356      0.705913      0.706852
   6.93890      0.684896      0.685999
   6.97424      0.659309      0.660505
   7.00958      0.631247      0.632474
   7.04491      0.602646      0.603851
   7.08025      0.575074      0.576216
   7.11559      0.549666      0.550712
   7.15093      0.527088      0.528008
   7.18627      0.507483      0.508249
   7.22160      0.490472      0.491054
   7.25694      0.475229      0.475597
   7.29228      0.460957      0.461080
   7.32762      0.448238      0.448104
   7.36296      0.440868      0.440495
   7.39829      0.445332      0.444774
   7.43363      0.466435      0.465781
   7.46897      0.503212      0.502584
   7.50431      0.549480      0.549007
   7.53965      0.597981      0.597753
   7.57498      0.643846      0.643890
   7.61032      0.684707      0.685004
   7.64566      0.719112      0.719624
   7.68100      0.745521      0.746198
   7.71634      0.762270      0.763053
   7.75167      0.768022      0.768842
 
# Band-Index:   14
   7.75167      1.681261      1.679605
   7.71634      1.677217      1.675578
   7.68100      1.664556      1.663111
   7.64566      1.525770      1.524996
   7.61032      1.370864      1.370309
   7.57498      1.223266      1.222961
   7.53965      1.092234      1.092235
   7.50431      0.985167      0.985502
   7.46897      0.906257      0.906896
   7.43363      0.856046      0.856907
   7.39829      0.833470      0.834461
   7.36296      0.838006      0.839034
   7.32762      0.868560      0.869528
   7.29228      0.919300      0.920111
   7.25694      0.977595      0.978158
   7.22160      1.028922      1.029179
   7.18627      1.064846      1.064793
   7.15093      1.085230      1.084916
   7.11559      1.094171      1.093662
   7.08025      1.096088      1.095447
   7.04491      1.094424      1.093704
   7.00958      1.091747      1.091000
   6.97424      1.090061      1.089342
   6.93890      1.091024      1.090394
   6.90356      1.095894      1.095414
   6.86823      1.105202      1.104924
   6.83289      1.118187      1.118128
   6.79755      1.132143      1.132271
   6.76221      1.141865      1.142091
   6.72687      1.139636      1.139829
   6.69154      1.117949      1.118011
   6.65620      1.074465      1.074390
   6.62086      1.011929      1.011760
   6.58552      0.934190      0.933967
   6.55018      0.844705      0.844450
   6.51485      0.747108      0.746828
   6.47951      0.646198      0.645887
   6.44417      0.549647      0.549291
   6.40883      0.472222      0.471811
   6.37349      0.440302      0.439863
   6.37349      0.440302      0.439863
   6.34345      0.442979      0.442561
   6.31341      0.451571      0.451207
   6.28337      0.467305      0.467002
   6.25332      0.490285      0.490018
   6.22328      0.517515      0.517260
   6.19324      0.544091      0.543855
   6.16320      0.565832      0.565638
   6.13315      0.580083      0.579948
   6.10311      0.585458      0.585384
   6.07307      0.581723      0.581688
   6.04303      0.626502      0.626645
   6.01298      0.735518      0.735632
   5.98294      0.846848      0.846936
   5.95290      0.959806      0.959871
   5.92286      1.073781      1.073824
   5.89281      1.188209      1.188234
   5.86277      1.302580      1.302588
   5.83273      1.416451      1.416445
   5.80269      1.529438      1.529422
   5.77264      1.641233      1.641209
   5.74260      1.749019      1.748052
   5.71256      1.799683      1.798515
   5.68252      1.850121      1.848917
   5.65247      1.900664      1.899430
   5.62243      1.951117      1.949859
   5.59239      2.001262      1.999985
   5.56235      2.050794      2.049504
   5.53230      2.099306      2.098005
   5.50226      2.146274      2.144967
   5.47222      2.191105      2.189795
   5.44218      2.233165      2.231854
   5.41213      2.271829      2.270520
   5.38209      2.306507      2.305201
   5.35205      2.336685      2.335384
   5.32201      2.361932      2.360635
   5.29196      2.381906      2.380613
   5.26192      2.396349      2.395060
   5.23188      2.405079      2.403793
   5.20184      2.408001      2.406716
   5.20184      2.563327      2.562432
   5.17283      2.561084      2.560189
   5.14383      2.554390      2.553490
   5.11482      2.543341      2.542436
   5.08582      2.528103      2.527188
   5.05681      2.508888      2.507961
   5.02781      2.485947      2.485004
   4.99880      2.459543      2.458579
   4.96980      2.429907      2.428915
   4.94079      2.397138      2.396108
   4.91179      2.360939      2.359854
   4.88278      2.319806      2.318641
   4.85378      2.268356      2.267088
   4.82477      2.193340      2.192068
   4.79577      2.091865      2.090762
   4.76676      1.984360      1.983416
   4.73776      1.884367      1.883545
   4.70875      1.796697      1.795978
   4.67975      1.722841      1.722219
   4.65074      1.662574      1.662044
   4.62174      1.614280      1.613836
   4.59273      1.575104      1.574733
   4.56373      1.541452      1.541134
   4.53472      1.509773      1.509486
   4.50572      1.477238      1.476962
   4.47671      1.441949      1.441669
   4.44771      1.402730      1.402437
   4.41870      1.358767      1.358457
   4.38970      1.309359      1.309029
   4.36069      1.253751      1.253401
   4.33169      1.191116      1.190747
   4.30268      1.120617      1.120231
   4.27368      1.041538      1.041139
   4.24467      0.953541      0.953134
   4.21567      0.857067      0.856656
   4.18667      0.753885      0.753475
   4.15766      0.648139      0.647730
   4.12866      0.548354      0.547941
   4.09965      0.470918      0.470491
   4.07065      0.440302      0.439863
   4.07065      0.440302      0.439863
   4.03196      0.472587      0.472178
   3.99328      0.551454      0.551099
   3.95460      0.650841      0.650530
   3.91592      0.755913      0.755627
   3.87724      0.858747      0.858474
   3.83855      0.954455      0.954197
   3.79987      1.039899      1.039664
   3.76119      1.113175      1.112978
   3.72251      1.173399      1.173252
   3.68383      1.220805      1.220709
   3.64514      1.256932      1.256868
   3.60646      1.284381      1.284322
   3.56778      1.305933      1.305854
   3.52910      1.323822      1.323710
   3.49042      1.339564      1.339415
   3.45173      1.354178      1.353995
   3.41305      1.368436      1.368224
   3.37437      1.382963      1.382727
   3.33569      1.398159      1.397908
   3.29700      1.413883      1.413623
   3.25832      1.428654      1.428396
   3.21964      1.437463      1.437229
   3.18096      1.424863      1.424702
   3.14228      1.358272      1.358238
   3.10359      1.228524      1.228550
   3.06491      1.066995      1.066974
   3.02623      0.901166      0.901012
   2.98755      0.747072      0.746722
   2.94887      0.612681      0.612092
   2.91018      0.500173      0.499325
   2.87150      0.408090      0.406976
   2.83282      0.333452      0.332078
   2.79414      0.273440      0.271825
   2.75546      0.226175      0.224354
   2.71677      0.190490      0.188519
   2.67809      0.165170      0.163107
   2.63941      0.148662      0.146553
   2.60073      0.139450      0.137321
   2.56205      0.136498      0.134365
   2.56205      1.654219      1.652914
   2.54631      1.646589      1.645299
   2.53058      1.624469      1.623223
   2.51485      1.589851      1.588666
   2.49911      1.545248      1.544133
   2.48338      1.493096      1.492052
   2.46765      1.435449      1.434473
   2.45191      1.373917      1.373006
   2.43618      1.309730      1.308878
   2.42045      1.243804      1.243008
   2.40471      1.176830      1.176086
   2.38898      1.109342      1.108647
   2.37325      1.041751      1.041103
   2.35751      0.974385      0.973782
   2.34178      0.907508      0.906949
   2.32605      0.841349      0.840833
   2.31032      0.776099      0.775626
   2.29458      0.711932      0.711502
   2.27885      0.649034      0.648655
   2.26312      0.609127      0.608823
   2.24738      0.590094      0.589773
   2.23165      0.572500      0.572169
   2.21592      0.556283      0.555943
   2.20018      0.541387      0.541038
   2.18445      0.527765      0.527407
   2.16872      0.515344      0.514977
   2.15298      0.504078      0.503702
   2.13725      0.493904      0.493520
   2.12152      0.484766      0.484375
   2.10578      0.476612      0.476213
   2.09005      0.469391      0.468985
   2.07432      0.463061      0.462648
   2.05858      0.457573      0.457154
   2.04285      0.452893      0.452470
   2.02712      0.448990      0.448562
   2.01138      0.445822      0.445390
   1.99565      0.443396      0.442962
   1.97992      0.441672      0.441236
   1.96418      0.440644      0.440206
   1.94845      0.440302      0.439863
   1.94845      0.440302      0.439863
   1.92408      0.470545      0.470118
   1.89972      0.546545      0.546132
   1.87535      0.643743      0.643336
   1.85098      0.746187      0.745781
   1.82662      0.845906      0.845504
   1.80225      0.939237      0.938842
   1.77788      1.024760      1.024379
   1.75352      1.102265      1.101903
   1.72915      1.172212      1.171874
   1.70478      1.235347      1.235037
   1.68041      1.292511      1.292232
   1.65605      1.344512      1.344267
   1.63168      1.392051      1.391843
   1.60731      1.435697      1.435528
   1.58295      1.475872      1.475745
   1.55858      1.512858      1.512776
   1.53421      1.546806      1.546772
   1.50985      1.577748      1.577765
   1.48548      1.605619      1.605691
   1.46111      1.630279      1.630409
   1.43675      1.651544      1.651735
   1.41238      1.669227      1.669481
   1.38801      1.683187      1.683504
   1.36364      1.693387      1.693765
   1.33928      1.699931      1.700368
   1.31491      1.703100      1.703591
   1.29054      1.703331      1.703872
   1.26618      1.701183      1.701767
   1.24181      1.697272      1.697892
   1.21744      1.692204      1.692856
   1.19308      1.686528      1.687206
   1.16871      1.680709      1.681407
   1.14434      1.675113      1.675824
   1.11998      1.670003      1.670719
   1.09561      1.665550      1.666249
   1.07124      1.661767      1.662363
   1.04687      1.657991      1.657778
   1.02251      1.652161      1.650619
   0.99814      1.649284      1.647574
   0.99814      1.396694      1.396737
   0.97255      1.396178      1.396219
   0.94695      1.394630      1.394665
   0.92136      1.392028      1.392053
   0.89577      1.388349      1.388360
   0.87017      1.383562      1.383556
   0.84458      1.377619      1.377590
   0.81899      1.370465      1.370411
   0.79339      1.362034      1.361950
   0.76780      1.352251      1.352133
   0.74221      1.341044      1.340889
   0.71661      1.328337      1.328141
   0.69102      1.314080      1.313841
   0.66543      1.298260      1.297977
   0.63983      1.280910      1.280584
   0.61424      1.262139      1.261769
   0.58865      1.242149      1.241738
   0.56305      1.221266      1.220819
   0.53746      1.199953      1.199476
   0.51187      1.178858      1.178360
   0.48627      1.158844      1.158336
   0.46068      1.111106      1.111414
   0.43509      1.009691      1.010012
   0.40949      0.910331      0.910658
   0.38390      0.813184      0.813517
   0.35831      0.725666      0.725023
   0.33271      0.724318      0.723702
   0.30712      0.714883      0.714279
   0.28153      0.698730      0.698131
   0.25593      0.677167      0.676573
   0.23034      0.651195      0.650612
   0.20475      0.621528      0.620967
   0.17915      0.588821      0.588298
   0.15356      0.554098      0.553634
   0.12797      0.519438      0.519048
   0.10237      0.488468      0.488139
   0.07678      0.465051      0.464724
   0.05119      0.450305      0.449932
   0.02559      0.442641      0.442221
   0.00000      0.440302      0.439863
 
# Band-Index:   15
   0.00000      1.595689      1.597567
   0.02559      1.589253      1.591113
   0.05119      1.570705      1.572513
   0.07678      1.542027      1.543752
   0.10237      1.505762      1.507380
   0.12797      1.464382      1.465877
   0.15356      1.419962      1.421318
   0.17915      1.374136      1.375342
   0.20475      1.328236      1.329278
   0.23034      1.283462      1.284327
   0.25593      1.241056      1.241730
   0.28153      1.202440      1.202912
   0.30712      1.169247      1.169509
   0.33271      1.143216      1.143272
   0.35831      1.125849      1.125717
   0.38390      1.117867      1.117583
   0.40949      1.118805      1.118412
   0.43509      1.127214      1.126755
   0.46068      1.141247      1.140761
   0.48627      1.214737      1.215052
   0.51187      1.320168      1.320476
   0.53746      1.427521      1.427824
   0.56305      1.536744      1.537042
   0.58865      1.647808      1.648102
   0.61424      1.760688      1.760978
   0.63983      1.875372      1.875657
   0.66543      1.991848      1.992129
   0.69102      2.110102      2.110379
   0.71661      2.230123      2.230395
   0.74221      2.351886      2.352154
   0.76780      2.475359      2.475620
   0.79339      2.600485      2.600739
   0.81899      2.727182      2.727425
   0.84458      2.855309      2.855539
   0.87017      2.984633      2.984842
   0.89577      3.046780      3.046325
   0.92136      3.057606      3.057209
   0.94695      3.068021      3.067688
   0.97255      3.076818      3.076553
   0.99814      3.080795      3.080571
   0.99814      1.659054      1.659682
   1.02251      1.660084      1.660548
   1.04687      1.665996      1.665147
   1.07124      1.681781      1.680149
   1.09561      1.705355      1.703654
   1.11998      1.735986      1.734311
   1.14434      1.773567      1.771946
   1.16871      1.818027      1.816475
   1.19308      1.869257      1.867784
   1.21744      1.927049      1.925661
   1.24181      1.991062      1.989762
   1.26618      2.060814      2.059601
   1.29054      2.135667      2.134535
   1.31491      2.214868      2.213807
   1.33928      2.297704      2.296698
   1.36364      2.383643      2.382676
   1.38801      2.472536      2.471590
   1.41238      2.554298      2.555634
   1.43675      2.472695      2.474073
   1.46111      2.394212      2.395634
   1.48548      2.318943      2.320409
   1.50985      2.246978      2.248487
   1.53421      2.178414      2.179964
   1.55858      2.113336      2.114926
   1.58295      2.051826      2.053454
   1.60731      1.993965      1.995627
   1.63168      1.939824      1.941519
   1.65605      1.889469      1.891194
   1.68041      1.842961      1.844712
   1.70478      1.800350      1.802125
   1.72915      1.761682      1.763478
   1.75352      1.726992      1.728806
   1.77788      1.696315      1.698145
   1.80225      1.669683      1.671526
   1.82662      1.647109      1.648964
   1.85098      1.628616      1.630480
   1.87535      1.614219      1.616089
   1.89972      1.603928      1.605803
   1.92408      1.597748      1.599625
   1.94845      1.595689      1.597567
   1.94845      1.595689      1.597567
   1.96418      1.597307      1.599182
   1.97992      1.602157      1.604022
   1.99565      1.610213      1.612062
   2.01138      1.621434      1.623262
   2.02712      1.635774      1.637575
   2.04285      1.653163      1.654932
   2.05858      1.673531      1.675264
   2.07432      1.696795      1.698487
   2.09005      1.722866      1.724514
   2.10578      1.751652      1.753254
   2.12152      1.783057      1.784610
   2.13725      1.816985      1.818488
   2.15298      1.853341      1.854792
   2.16872      1.892027      1.893425
   2.18445      1.932950      1.934295
   2.20018      1.976011      1.977303
   2.21592      2.021127      2.022366
   2.23165      2.068205      2.069391
   2.24738      2.117154      2.118287
   2.26312      2.167885      2.168965
   2.27885      2.220306      2.221334
   2.29458      2.274324      2.275302
   2.31032      2.329844      2.330771
   2.32605      2.386761      2.387638
   2.34178      2.444965      2.445794
   2.35751      2.504332      2.505112
   2.37325      2.564709      2.565441
   2.38898      2.625913      2.626593
   2.40471      2.639199      2.639793
   2.42045      2.622161      2.622712
   2.43618      2.607250      2.607755
   2.45191      2.594496      2.594953
   2.46765      2.583863      2.584271
   2.48338      2.575268      2.575629
   2.49911      2.568582      2.568899
   2.51485      2.563643      2.563923
   2.53058      2.560276      2.560527
   2.54631      2.558326      2.558558
   2.56205      2.557685      2.557911
   2.56205      1.868384      1.868892
   2.60073      1.878355      1.878835
   2.63941      1.897866      1.898143
   2.67809      1.899003      1.899061
   2.71677      1.888696      1.888680
   2.75546      1.873457      1.873389
   2.79414      1.854473      1.854359
   2.83282      1.832224      1.832068
   2.87150      1.807124      1.806932
   2.91018      1.779654      1.779431
   2.94887      1.750452      1.750203
   2.98755      1.720417      1.720148
   3.02623      1.690945      1.690662
   3.06491      1.664524      1.664234
   3.10359      1.646513      1.646229
   3.14228      1.649797      1.649539
   3.18096      1.690956      1.690699
   3.21964      1.750995      1.750619
   3.25832      1.794924      1.794367
   3.29700      1.811233      1.810520
   3.33569      1.803345      1.802543
   3.37437      1.779565      1.778738
   3.41305      1.747423      1.746614
   3.45173      1.711852      1.711090
   3.49042      1.675602      1.674909
   3.52910      1.640157      1.639554
   3.56778      1.606535      1.606049
   3.60646      1.575884      1.575553
   3.64514      1.549839      1.549707
   3.68383      1.530364      1.530476
   3.72251      1.518984      1.519369
   3.76119      1.515989      1.516650
   3.79987      1.520357      1.521277
   3.83855      1.530300      1.531453
   3.87724      1.543760      1.545117
   3.91592      1.558669      1.560201
   3.95460      1.573033      1.574710
   3.99328      1.584982      1.586768
   4.03196      1.592910      1.594764
   4.07065      1.595689      1.597567
   4.07065      1.595689      1.597567
   4.09965      1.599373      1.601248
   4.12866      1.610430      1.612294
   4.15766      1.628853      1.630699
   4.18667      1.654631      1.656450
   4.21567      1.687723      1.689510
   4.24467      1.728042      1.729790
   4.27368      1.775442      1.777145
   4.30268      1.829698      1.831352
   4.33169      1.890507      1.892107
   4.36069      1.957475      1.959019
   4.38970      2.030130      2.031616
   4.41870      2.107921      2.109349
   4.44771      2.190246      2.191617
   4.47671      2.276451      2.277765
   4.50572      2.365851      2.367112
   4.53472      2.373522      2.372543
   4.56373      2.287400      2.286381
   4.59273      2.227622      2.226589
   4.62174      2.191977      2.190957
   4.65074      2.176670      2.175681
   4.67975      2.177475      2.176532
   4.70875      2.190663      2.189777
   4.73776      2.213580      2.212763
   4.76676      2.245192      2.244468
   4.79577      2.287805      2.287213
   4.82477      2.352471      2.352020
   4.85378      2.457127      2.456641
   4.88278      2.596252      2.595624
   4.91179      2.753716      2.752957
   4.94079      2.920830      2.919947
   4.96980      3.092059      3.091045
   4.99880      3.261982      3.260815
   5.02781      3.424073      3.422727
   5.05681      3.570394      3.568855
   5.08582      3.692658      3.690941
   5.11482      3.785062      3.783221
   5.14383      3.846821      3.844922
   5.17283      3.881250      3.879336
   5.20184      3.892201      3.890285
   5.20184      3.730035      3.731689
   5.23188      3.634295      3.635019
   5.26192      3.508462      3.508965
   5.29196      3.383965      3.384372
   5.32201      3.262506      3.262849
   5.35205      3.144342      3.144635
   5.38209      3.029387      3.029635
   5.41213      2.917390      2.917598
   5.44218      2.807994      2.808165
   5.47222      2.700759      2.700895
   5.50226      2.595191      2.595294
   5.53230      2.490765      2.490838
   5.56235      2.386944      2.386992
   5.59239      2.283211      2.283236
   5.62243      2.179083      2.179089
   5.65247      2.074145      2.074136
   5.68252      1.968073      1.968054
   5.71256      1.860642      1.860617
   5.74260      1.752318      1.752134
   5.77264      1.700338      1.699263
   5.80269      1.652181      1.651163
   5.83273      1.605848      1.604895
   5.86277      1.562057      1.561180
   5.89281      1.521634      1.520844
   5.92286      1.485492      1.484807
   5.95290      1.454635      1.454077
   5.98294      1.430117      1.429712
   6.01298      1.412953      1.412731
   6.04303      1.403961      1.403953
   6.07307      1.403542      1.403770
   6.10311      1.411482      1.411959
   6.13315      1.426902      1.427627
   6.16320      1.448379      1.449340
   6.19324      1.474128      1.475306
   6.22328      1.502149      1.503520
   6.25332      1.530258      1.531798
   6.28337      1.556068      1.557749
   6.31341      1.577066      1.578854
   6.34345      1.590867      1.592722
   6.37349      1.595689      1.597567
   6.37349      1.595689      1.597567
   6.40883      1.591289      1.593148
   6.44417      1.578583      1.580386
   6.47951      1.558892      1.560608
   6.51485      1.534016      1.535617
   6.55018      1.505945      1.507407
   6.58552      1.476820      1.478114
   6.62086      1.449210      1.450297
   6.65620      1.426609      1.427433
   6.69154      1.413746      1.414241
   6.72687      1.414892      1.415037
   6.76221      1.429738      1.429599
   6.79755      1.453095      1.452768
   6.83289      1.479607      1.479159
   6.86823      1.506066      1.505529
   6.90356      1.530921      1.530311
   6.93890      1.553453      1.552773
   6.97424      1.573262      1.572512
   7.00958      1.589985      1.589161
   7.04491      1.603066      1.602161
   7.08025      1.611579      1.610586
   7.11559      1.614053      1.612964
   7.15093      1.608508      1.607314
   7.18627      1.593381      1.592079
   7.22160      1.570238      1.568833
   7.25694      1.545822      1.544339
   7.29228      1.528020      1.526500
   7.32762      1.520157      1.518642
   7.36296      1.521230      1.519744
   7.39829      1.528885      1.527437
   7.43363      1.541038      1.539622
   7.46897      1.556207      1.554811
   7.50431      1.573427      1.572034
   7.53965      1.592071      1.590661
   7.57498      1.611615      1.610168
   7.61032      1.631382      1.629881
   7.64566      1.650301      1.648735
   7.68100      1.678337      1.677085
   7.71634      1.802601      1.800898
   7.75167      1.857800      1.855506
 
# Band-Index:   16
   7.75167      2.134270      2.135936
   7.71634      2.129415      2.129433
   7.68100      2.121800      2.120321
   7.64566      2.112941      2.110913
   7.61032      2.101651      2.099480
   7.57498      2.087690      2.085543
   7.53965      2.071548      2.069495
   7.50431      2.054165      2.052241
   7.46897      2.036758      2.034978
   7.43363      2.020703      2.019076
   7.39829      2.007577      2.006109
   7.36296      1.999385      1.998084
   7.32762      1.999014      1.997890
   7.29228      2.011031      2.010100
   7.25694      2.042498      2.041778
   7.22160      2.102363      2.101859
   7.18627      2.196924      2.196610
   7.15093      2.324011      2.323829
   7.11559      2.473992      2.473878
   7.08025      2.636057      2.635959
   7.04491      2.802144      2.802027
   7.00958      2.967546      2.967386
   6.97424      3.130097      3.129882
   6.93890      3.289209      3.288931
   6.90356      3.445057      3.444714
   6.86823      3.598062      3.597652
   6.83289      3.748549      3.748069
   6.79755      3.896506      3.895951
   6.76221      4.041214      4.040565
   6.72687      4.178831      4.178011
   6.69154      4.239455      4.239186
   6.65620      4.127413      4.127872
   6.62086      3.984517      3.985194
   6.58552      3.835467      3.836272
   6.55018      3.691796      3.692687
   6.51485      3.562117      3.563066
   6.47951      3.453306      3.454290
   6.44417      3.370986      3.371989
   6.40883      3.319606      3.320618
   6.37349      3.302131      3.303145
   6.37349      3.302131      3.303145
   6.34345      3.307922      3.308937
   6.31341      3.324139      3.325156
   6.28337      3.347756      3.348773
   6.25332      3.374895      3.375908
   6.22328      3.401838      3.402843
   6.19324      3.425587      3.426576
   6.16320      3.443842      3.444806
   6.13315      3.454636      3.455563
   6.10311      3.455787      3.456656
   6.07307      3.444357      3.445140
   6.04303      3.416486      3.417139
   6.01298      3.368267      3.368742
   5.98294      3.298354      3.298621
   5.95290      3.210690      3.210759
   5.92286      3.113941      3.113857
   5.89281      3.017910      3.017727
   5.86277      2.930730      2.930490
   5.83273      2.858052      2.857787
   5.80269      2.803351      2.803080
   5.77264      2.768442      2.768171
   5.74260      2.753945      2.753675
   5.71256      2.759611      2.759337
   5.68252      2.784586      2.784300
   5.65247      2.827590      2.827279
   5.62243      2.887076      2.886729
   5.59239      2.961338      2.960940
   5.56235      3.048565      3.048102
   5.53230      3.146849      3.146306
   5.50226      3.254107      3.253466
   5.47222      3.367959      3.367200
   5.44218      3.485534      3.484635
   5.41213      3.603239      3.602177
   5.38209      3.716491      3.715247
   5.35205      3.819752      3.818320
   5.32201      3.907197      3.905601
   5.29196      3.974451      3.972741
   5.26192      4.020235      4.018469
   5.23188      3.916750      3.916721
   5.20184      3.817948      3.816990
   5.20184      4.400018      4.401669
   5.17283      4.372291      4.373806
   5.14383      4.307152      4.308459
   5.11482      4.227201      4.228361
   5.08582      4.142484      4.143549
   5.05681      4.056761      4.057765
   5.02781      3.971425      3.972385
   4.99880      3.886891      3.887822
   4.96980      3.803117      3.804028
   4.94079      3.719821      3.720719
   4.91179      3.636604      3.637494
   4.88278      3.553022      3.553910
   4.85378      3.468634      3.469526
   4.82477      3.383063      3.383962
   4.79577      3.296016      3.296927
   4.76676      3.207308      3.208236
   4.73776      3.116889      3.117838
   4.70875      3.024838      3.025812
   4.67975      2.931374      2.932378
   4.65074      2.836824      2.837861
   4.62174      2.741621      2.742696
   4.59273      2.646306      2.647421
   4.56373      2.551470      2.552630
   4.53472      2.457762      2.458969
   4.50572      2.485825      2.484907
   4.47671      2.621687      2.620851
   4.44771      2.776469      2.775731
   4.41870      2.943858      2.943237
   4.38970      3.115600      3.115125
   4.36069      3.280182      3.279902
   4.33169      3.420494      3.420484
   4.30268      3.514170      3.514489
   4.27368      3.546818      3.547428
   4.24467      3.528362      3.529156
   4.21567      3.482180      3.483071
   4.18667      3.427575      3.428521
   4.15766      3.376609      3.377589
   4.12866      3.336357      3.337357
   4.09965      3.310843      3.311854
   4.07065      3.302131      3.303145
   4.07065      3.302131      3.303145
   4.03196      3.318137      3.319148
   3.99328      3.364923      3.365926
   3.95460      3.438696      3.439676
   3.91592      3.532590      3.533523
   3.87724      3.634869      3.635713
   3.83855      3.724689      3.725361
   3.79987      3.768476      3.768859
   3.76119      3.736753      3.736804
   3.72251      3.637287      3.637101
   3.68383      3.500087      3.499770
   3.64514      3.348106      3.347721
   3.60646      3.194342      3.193923
   3.56778      3.046175      3.045741
   3.52910      2.908070      2.907634
   3.49042      2.782859      2.782429
   3.45173      2.672390      2.671970
   3.41305      2.578023      2.577612
   3.37437      2.501114      2.500702
   3.33569      2.443526      2.443082
   3.29700      2.407421      2.406890
   3.25832      2.392819      2.392136
   3.21964      2.392835      2.391956
   3.18096      2.391804      2.390742
   3.14228      2.373751      2.372589
   3.10359      2.337854      2.336698
   3.06491      2.295697      2.294611
   3.02623      2.255759      2.254764
   2.98755      2.220528      2.219629
   2.94887      2.189701      2.188898
   2.91018      2.162147      2.161442
   2.87150      2.136492      2.135892
   2.83282      2.111111      2.110633
   2.79414      2.083893      2.083570
   2.75546      2.052068      2.051943
   2.71677      2.013127      2.013230
   2.67809      1.968893      1.969169
   2.63941      1.933735      1.933947
   2.60073      1.926036      1.926112
   2.56205      1.926046      1.926112
   2.56205      2.614379      2.614659
   2.54631      2.622799      2.623064
   2.53058      2.647289      2.647512
   2.51485      2.685858      2.686021
   2.49911      2.735986      2.736083
   2.48338      2.795233      2.795263
   2.46765      2.861534      2.861501
   2.45191      2.873973      2.874479
   2.43618      2.812239      2.812790
   2.42045      2.750022      2.750619
   2.40471      2.687814      2.688460
   2.38898      2.658377      2.659024
   2.37325      2.679477      2.680157
   2.35751      2.702455      2.703171
   2.34178      2.727147      2.727894
   2.32605      2.753388      2.754164
   2.31032      2.780998      2.781800
   2.29458      2.809779      2.810605
   2.27885      2.839531      2.840379
   2.26312      2.870043      2.870910
   2.24738      2.901102      2.901987
   2.23165      2.932480      2.933380
   2.21592      2.963953      2.964868
   2.20018      2.995297      2.996225
   2.18445      3.026278      3.027217
   2.16872      3.056654      3.057604
   2.15298      3.086202      3.087161
   2.13725      3.114691      3.115659
   2.12152      3.141895      3.142870
   2.10578      3.167594      3.168576
   2.09005      3.191576      3.192565
   2.07432      3.213643      3.214637
   2.05858      3.233598      3.234597
   2.04285      3.251272      3.252276
   2.02712      3.266513      3.267520
   2.01138      3.279174      3.280183
   1.99565      3.289150      3.290161
   1.97992      3.296338      3.297351
   1.96418      3.300679      3.301693
   1.94845      3.302131      3.303145
   1.94845      3.302131      3.303145
   1.92408      3.312308      3.313319
   1.89972      3.342416      3.343418
   1.87535      3.391126      3.392112
   1.85098      3.456127      3.457092
   1.82662      3.534050      3.534987
   1.80225      3.620444      3.621349
   1.77788      3.709869      3.710743
   1.75352      3.796075      3.796923
   1.72915      3.871939      3.872788
   1.70478      3.926566      3.927506
   1.68041      3.892668      3.892597
   1.65605      3.760219      3.759546
   1.63168      3.620715      3.619906
   1.60731      3.483130      3.482261
   1.58295      3.349363      3.348459
   1.55858      3.220405      3.219479
   1.53421      3.096882      3.095944
   1.50985      2.979184      2.978241
   1.48548      2.867414      2.866469
   1.46111      2.761406      2.760464
   1.43675      2.660719      2.659780
   1.41238      2.564688      2.563746
   1.38801      2.638940      2.640227
   1.36364      2.726520      2.727761
   1.33928      2.816944      2.818142
   1.31491      2.796829      2.795555
   1.29054      2.756049      2.754761
   1.26618      2.726090      2.724804
   1.24181      2.705176      2.703903
   1.21744      2.691511      2.690257
   1.19308      2.683416      2.682187
   1.16871      2.679421      2.678216
   1.14434      2.678263      2.677083
   1.11998      2.678901      2.677742
   1.09561      2.680495      2.679355
   1.07124      2.682381      2.681256
   1.04687      2.684069      2.682955
   1.02251      2.685216      2.684109
   0.99814      2.685622      2.684517
   0.99814      3.118528      3.118170
   0.97255      3.123536      3.123218
   0.94695      3.135533      3.135278
   0.92136      3.151598      3.151399
   0.89577      3.114769      3.114944
   0.87017      3.036212      3.035700
   0.84458      3.026473      3.025905
   0.81899      3.018359      3.017736
   0.79339      3.012761      3.012081
   0.76780      3.010701      3.009962
   0.74221      3.013283      3.012484
   0.71661      3.021636      3.020773
   0.69102      3.036843      3.035916
   0.66543      3.059862      3.058870
   0.63983      3.091422      3.090364
   0.61424      3.131898      3.130780
   0.58865      3.181232      3.180064
   0.56305      3.238782      3.237582
   0.53746      3.303198      3.301996
   0.51187      3.372204      3.371046
   0.48627      3.442398      3.441348
   0.46068      3.509125      3.508266
   0.43509      3.566978      3.566389
   0.40949      3.611253      3.610982
   0.38390      3.639774      3.639811
   0.35831      3.653294      3.653590
   0.33271      3.654305      3.654800
   0.30712      3.645531      3.646174
   0.28153      3.629226      3.629976
   0.25593      3.607021      3.607851
   0.23034      3.580004      3.580893
   0.20475      3.548887      3.549820
   0.17915      3.514223      3.515189
   0.15356      3.476640      3.477629
   0.12797      3.437175      3.438179
   0.10237      3.397592      3.398605
   0.07678      3.360627      3.361644
   0.05119      3.329916      3.330933
   0.02559      3.309377      3.310392
   0.00000      3.302131      3.303145
 
# Band-Index:   17
   0.00000      4.997158      4.997706
   0.02559      5.012160      5.012696
   0.05119      5.056349      5.056847
   0.07678      5.126819      5.127237
   0.10237      5.179412      5.178655
   0.12797      5.193481      5.192746
   0.15356      5.210359      5.209651
   0.17915      5.229852      5.229177
   0.20475      5.214202      5.212791
   0.23034      5.080679      5.079288
   0.25593      4.938882      4.937532
   0.28153      4.795923      4.794630
   0.30712      4.655966      4.654752
   0.33271      4.522245      4.521146
   0.35831      4.397742      4.396808
   0.38390      4.285281      4.284574
   0.40949      4.186935      4.186505
   0.43509      4.102830      4.102688
   0.46068      4.030239      4.030341
   0.48627      3.964468      3.964738
   0.51187      3.901066      3.901429
   0.53746      3.837388      3.837787
   0.56305      3.772741      3.773140
   0.58865      3.707726      3.708101
   0.61424      3.643469      3.643808
   0.63983      3.581152      3.581447
   0.66543      3.521745      3.521994
   0.69102      3.465950      3.466153
   0.71661      3.414220      3.414376
   0.74221      3.366789      3.366900
   0.76780      3.323748      3.323815
   0.79339      3.285073      3.285097
   0.81899      3.250655      3.250638
   0.84458      3.220327      3.220267
   0.87017      3.193867      3.193764
   0.89577      3.171035      3.170888
   0.92136      3.244808      3.244929
   0.94695      3.372544      3.372560
   0.97255      3.489772      3.489552
   0.99814      3.553007      3.552462
   0.99814      4.302841      4.302926
   1.02251      4.207571      4.208171
   1.04687      4.090477      4.091175
   1.07124      3.973720      3.974471
   1.09561      3.858262      3.859054
   1.11998      3.744426      3.745258
   1.14434      3.632421      3.633290
   1.16871      3.522396      3.523303
   1.19308      3.414479      3.415424
   1.21744      3.308782      3.309767
   1.24181      3.205407      3.206431
   1.26618      3.104447      3.105513
   1.29054      3.005991      3.007099
   1.31491      2.910136      2.911288
   1.33928      2.849957      2.848713
   1.36364      2.916404      2.915215
   1.38801      2.996336      2.995221
   1.41238      3.088953      3.087928
   1.43675      3.192548      3.191625
   1.46111      3.304675      3.303860
   1.48548      3.422274      3.421572
   1.50985      3.541673      3.541087
   1.53421      3.658451      3.657988
   1.55858      3.767257      3.766923
   1.58295      3.861808      3.861608
   1.60731      3.935442      3.935371
   1.63168      3.982563      3.982596
   1.65605      4.000924      4.000973
   1.68041      3.998702      3.998281
   1.70478      4.069370      4.068050
   1.72915      4.206423      4.205292
   1.75352      4.346654      4.345611
   1.77788      4.483208      4.482226
   1.80225      4.612506      4.611586
   1.82662      4.730687      4.729853
   1.85098      4.832948      4.832267
   1.87535      4.913211      4.912811
   1.89972      4.965534      4.965565
   1.92408      4.990540      4.990954
   1.94845      4.997158      4.997706
   1.94845      4.997158      4.997706
   1.96418      4.996794      4.997343
   1.97992      4.995707      4.996257
   1.99565      4.993906      4.994457
   2.01138      4.991404      4.991958
   2.02712      4.988223      4.988779
   2.04285      4.984377      4.984936
   2.05858      4.951478      4.950742
   2.07432      4.894721      4.894000
   2.09005      4.832809      4.832104
   2.10578      4.766353      4.765665
   2.12152      4.695917      4.695247
   2.13725      4.622021      4.621368
   2.15298      4.545139      4.544504
   2.16872      4.465701      4.465085
   2.18445      4.384096      4.383499
   2.20018      4.300671      4.300093
   2.21592      4.215750      4.215191
   2.23165      4.129611      4.129073
   2.24738      4.042523      4.042005
   2.26312      3.954728      3.954232
   2.27885      3.866456      3.865982
   2.29458      3.777927      3.777477
   2.31032      3.689355      3.688929
   2.32605      3.600955      3.600555
   2.34178      3.512950      3.512578
   2.35751      3.425579      3.425236
   2.37325      3.339103      3.338793
   2.38898      3.253825      3.253551
   2.40471      3.170103      3.169867
   2.42045      3.088374      3.088182
   2.43618      3.009191      3.009046
   2.45191      2.933266      2.933174
   2.46765      2.934531      2.934993
   2.48338      2.992902      2.993320
   2.49911      3.047586      3.047962
   2.51485      3.096346      3.096681
   2.53058      3.135977      3.136276
   2.54631      3.162416      3.162689
   2.56205      3.171786      3.172051
   2.56205      2.272930      2.271396
   2.60073      2.282198      2.280682
   2.63941      2.312862      2.311417
   2.67809      2.373363      2.372074
   2.71677      2.474757      2.473716
   2.75546      2.622271      2.621491
   2.79414      2.775630      2.774721
   2.83282      2.790770      2.789805
   2.87150      2.792807      2.791871
   2.91018      2.794527      2.793619
   2.94887      2.796535      2.795653
   2.98755      2.798607      2.797752
   3.02623      2.800436      2.799611
   3.06491      2.802861      2.802078
   3.10359      2.811006      2.810286
   3.14228      2.838807      2.838166
   3.18096      2.904624      2.904044
   3.21964      3.010217      3.009682
   3.25832      3.135957      3.135467
   3.29700      3.262887      3.262440
   3.33569      3.385517      3.385096
   3.37437      3.506765      3.506350
   3.41305      3.630686      3.630258
   3.45173      3.759915      3.759460
   3.49042      3.895602      3.895110
   3.52910      4.037691      4.037155
   3.56778      4.185017      4.184433
   3.60646      4.334804      4.334175
   3.64514      4.480548      4.479893
   3.68383      4.603144      4.602560
   3.72251      4.651432      4.651155
   3.76119      4.621277      4.621133
   3.79987      4.609494      4.609177
   3.83855      4.660176      4.659645
   3.87724      4.753682      4.753019
   3.91592      4.857746      4.857028
   3.95460      4.948119      4.947464
   3.99328      5.001267      5.001037
   4.03196      5.004053      5.004437
   4.07065      4.997158      4.997706
   4.07065      4.997158      4.997706
   4.09965      4.989904      4.990315
   4.12866      4.959328      4.959313
   4.15766      4.890355      4.889893
   4.18667      4.785545      4.784853
   4.21567      4.659399      4.658624
   4.24467      4.529256      4.528484
   4.27368      4.417104      4.416431
   4.30268      4.347456      4.346991
   4.33169      4.330863      4.330642
   4.36069      4.353994      4.353956
   4.38970      4.396737      4.396808
   4.41870      4.445669      4.445798
   4.44771      4.494135      4.494294
   4.47671      4.539349      4.539520
   4.50572      4.580344      4.580517
   4.53472      4.616859      4.617025
   4.56373      4.648763      4.648918
   4.59273      4.675793      4.675933
   4.62174      4.697445      4.697568
   4.65074      4.712996      4.713103
   4.67975      4.721659      4.721756
   4.70875      4.722908      4.723004
   4.73776      4.716787      4.716896
   4.76676      4.704089      4.704226
   4.79577      4.686257      4.686437
   4.82477      4.665105      4.665343
   4.85378      4.642574      4.642883
   4.88278      4.620598      4.620995
   4.91179      4.601139      4.601644
   4.94079      4.586324      4.586961
   4.96980      4.578676      4.579478
   4.99880      4.581410      4.582413
   5.02781      4.598650      4.599899
   5.05681      4.635161      4.636691
   5.08582      4.694493      4.696314
   5.11482      4.774838      4.776926
   5.14383      4.854405      4.854463
   5.17283      4.781937      4.781785
   5.20184      4.751691      4.751403
   5.20184      4.054408      4.052624
   5.23188      4.046117      4.044336
   5.26192      4.051562      4.051752
   5.29196      4.190301      4.190584
   5.32201      4.330122      4.330466
   5.35205      4.469024      4.469414
   5.38209      4.604595      4.605026
   5.41213      4.665963      4.667615
   5.44218      4.641427      4.643003
   5.47222      4.607167      4.608649
   5.50226      4.560779      4.562142
   5.53230      4.505454      4.506695
   5.56235      4.446192      4.447323
   5.59239      4.386974      4.388012
   5.62243      4.330273      4.331232
   5.65247      4.277472      4.278364
   5.68252      4.229323      4.230154
   5.71256      4.186238      4.187013
   5.74260      4.148523      4.149243
   5.77264      4.116519      4.117182
   5.80269      4.090768      4.091369
   5.83273      4.072172      4.072702
   5.86277      4.062267      4.062708
   5.89281      4.063582      4.063909
   5.92286      4.080110      4.080286
   5.95290      4.117612      4.117594
   5.98294      4.182865      4.182618
   6.01298      4.280887      4.280411
   6.04303      4.411439      4.410773
   6.07307      4.568341      4.567542
   6.10311      4.741876      4.740996
   6.13315      4.920350      4.919439
   6.16320      5.041665      5.041047
   6.19324      5.066876      5.066214
   6.22328      5.090589      5.089888
   6.25332      5.111773      5.111039
   6.28337      5.120451      5.120872
   6.31341      5.054377      5.054880
   6.34345      5.011753      5.012292
   6.37349      4.997158      4.997706
   6.37349      4.997158      4.997706
   6.40883      5.004771      5.005158
   6.44417      5.009861      5.009682
   6.47951      4.977509      4.976864
   6.51485      4.909811      4.909058
   6.55018      4.819552      4.818818
   6.58552      4.713423      4.712750
   6.62086      4.595734      4.595148
   6.65620      4.470602      4.470164
   6.69154      4.352551      4.352742
   6.72687      4.371958      4.372580
   6.76221      4.423979      4.424312
   6.79755      4.435730      4.435877
   6.83289      4.407714      4.407741
   6.86823      4.348671      4.348629
   6.90356      4.269661      4.269584
   6.93890      4.180384      4.180295
   6.97424      4.087367      4.087278
   7.00958      3.994111      3.994027
   7.04491      3.901843      3.901756
   7.08025      3.810020      3.809904
   7.11559      3.716812      3.716616
   7.15093      3.620592      3.620267
   7.18627      3.522042      3.521581
   7.22160      3.424080      3.423515
   7.25694      3.329899      3.329267
   7.29228      3.241838      3.241169
   7.32762      3.161369      3.160683
   7.36296      3.089376      3.088687
   7.39829      3.026383      3.025698
   7.43363      2.972714      2.972037
   7.46897      2.928472      2.927803
   7.50431      2.893364      2.892704
   7.53965      2.866177      2.865535
   7.57498      2.842635      2.842111
   7.61032      2.788688      2.788887
   7.64566      2.662048      2.662058
   7.68100      2.523733      2.523157
   7.71634      2.402057      2.400366
   7.75167      2.345721      2.342898
 
# Band-Index:   18
   7.75167      2.807289      2.806263
   7.71634      2.810458      2.809429
   7.68100      2.819139      2.818110
   7.64566      2.832180      2.831161
   7.61032      2.857156      2.856290
   7.57498      2.946156      2.946185
   7.53965      3.053712      3.053886
   7.50431      3.146160      3.146267
   7.46897      3.222443      3.222430
   7.43363      3.286479      3.286357
   7.39829      3.343073      3.342870
   7.36296      3.396148      3.395884
   7.32762      3.448556      3.448237
   7.29228      3.502449      3.502071
   7.25694      3.559651      3.559200
   7.22160      3.621946      3.621397
   7.18627      3.691342      3.690666
   7.15093      3.770020      3.769194
   7.11559      3.859363      3.858403
   7.08025      3.958234      3.957200
   7.04491      4.063146      4.062096
   7.00958      4.170507      4.169474
   6.97424      4.277911      4.276908
   6.93890      4.384233      4.383261
   6.90356      4.489591      4.488648
   6.86823      4.595526      4.594605
   6.83289      4.704723      4.703814
   6.79755      4.819479      4.818562
   6.76221      4.940052      4.939103
   6.72687      5.064571      5.063564
   6.69154      5.189611      5.188526
   6.65620      5.309647      5.308471
   6.62086      5.413024      5.411794
   6.58552      5.466832      5.465854
   6.55018      5.421454      5.421246
   6.51485      5.317789      5.318043
   6.47951      5.220848      5.221160
   6.44417      5.162993      5.162898
   6.40883      5.151796      5.151154
   6.37349      5.153882      5.153082
   6.37349      5.153882      5.153082
   6.34345      5.151068      5.150273
   6.31341      5.142783      5.142000
   6.28337      5.129495      5.128734
   6.25332      5.197351      5.197593
   6.22328      5.249472      5.249313
   6.19324      5.214089      5.213429
   6.16320      5.087797      5.086921
   6.13315      5.016006      5.015435
   6.10311      4.990896      4.990376
   6.07307      4.967312      4.966845
   6.04303      4.946147      4.945735
   6.01298      4.928219      4.927864
   5.98294      4.914274      4.913978
   5.95290      4.904960      4.904724
   5.92286      4.900842      4.900667
   5.89281      4.902362      4.902248
   5.86277      4.909796      4.909744
   5.83273      4.923272      4.923282
   5.80269      4.942667      4.942740
   5.77264      4.967535      4.967671
   5.74260      4.997013      4.997210
   5.71256      5.029643      5.029902
   5.68252      5.063210      5.063529
   5.65247      5.094449      5.094827
   5.62243      5.118910      5.119343
   5.59239      5.130938      5.131419
   5.56235      5.124332      5.124849
   5.53230      5.093830      5.094365
   5.50226      5.036985      5.037523
   5.47222      4.955045      4.955569
   5.44218      4.852180      4.852678
   5.41213      4.733702      4.734168
   5.38209      4.688470      4.690207
   5.35205      4.717922      4.719767
   5.32201      4.761325      4.763292
   5.29196      4.820889      4.822980
   5.26192      4.890753      4.892981
   5.23188      4.953503      4.955896
   5.20184      4.980385      4.982875
   5.20184      4.968385      4.970970
   5.17283      4.938577      4.941083
   5.14383      4.864197      4.866515
   5.11482      4.945910      4.946112
   5.08582      5.045290      5.045587
   5.05681      5.147265      5.147623
   5.02781      5.248433      5.248833
   4.99880      5.345925      5.346352
   4.96980      5.436955      5.437396
   4.94079      5.518791      5.519237
   4.91179      5.588753      5.589178
   4.88278      5.555667      5.555804
   4.85378      5.506509      5.506688
   4.82477      5.464303      5.464515
   4.79577      5.430319      5.430554
   4.76676      5.405805      5.406052
   4.73776      5.391861      5.392107
   4.70875      5.389156      5.389387
   4.67975      5.397621      5.397827
   4.65074      5.416311      5.416482
   4.62174      5.443492      5.443626
   4.59273      5.476863      5.476963
   4.56373      5.513686      5.513760
   4.53472      5.550683      5.550745
   4.50572      5.583699      5.583773
   4.47671      5.607219      5.607338
   4.44771      5.614256      5.614463
   4.41870      5.597834      5.598171
   4.38970      5.555118      5.555599
   4.36069      5.491158      5.491759
   4.33169      5.416769      5.417449
   4.30268      5.342617      5.343336
   4.27368      5.275753      5.276478
   4.24467      5.219619      5.220323
   4.21567      5.175542      5.176190
   4.18667      5.144331      5.144857
   4.15766      5.128019      5.128285
   4.12866      5.130091      5.129882
   4.09965      5.145320      5.144665
   4.07065      5.153882      5.153082
   4.07065      5.153882      5.153082
   4.03196      5.147705      5.147070
   3.99328      5.152661      5.152629
   3.95460      5.208483      5.208826
   3.91592      5.295454      5.295692
   3.87724      5.361352      5.361111
   3.83855      5.336099      5.335372
   3.79987      5.233071      5.232260
   3.76119      5.110251      5.109570
   3.72251      5.021884      5.021559
   3.68383      5.035485      5.035576
   3.64514      5.116225      5.116425
   3.60646      5.189145      5.189328
   3.56778      5.220311      5.220472
   3.52910      5.198070      5.198245
   3.49042      5.119795      5.120024
   3.45173      4.985675      4.985982
   3.41305      4.800167      4.800550
   3.37437      4.576432      4.576873
   3.33569      4.336431      4.336912
   3.29700      4.106890      4.107401
   3.25832      3.914654      3.915187
   3.21964      3.780184      3.780728
   3.18096      3.711941      3.712477
   3.14228      3.709606      3.710110
   3.10359      3.769910      3.770351
   3.06491      3.886244      3.886596
   3.02623      4.041800      4.042047
   2.98755      4.123264      4.123368
   2.94887      3.895864      3.895847
   2.91018      3.605957      3.605856
   2.87150      3.322406      3.322204
   2.83282      3.060282      3.059950
   2.79414      2.841803      2.841212
   2.75546      2.800511      2.799533
   2.71677      2.799333      2.798318
   2.67809      2.799918      2.798883
   2.63941      2.800732      2.799684
   2.60073      2.801348      2.800292
   2.56205      2.801566      2.800507
   2.56205      3.791085      3.791363
   2.54631      3.801306      3.801575
   2.53058      3.830283      3.830528
   2.51485      3.874140      3.874352
   2.49911      3.928804      3.928979
   2.48338      3.991061      3.991198
   2.46765      4.058658      4.058757
   2.45191      4.130076      4.130136
   2.43618      4.204284      4.204307
   2.42045      4.280564      4.280549
   2.40471      4.358390      4.358339
   2.38898      4.437380      4.437293
   2.37325      4.517218      4.517094
   2.35751      4.597645      4.597485
   2.34178      4.678435      4.678238
   2.32605      4.759378      4.759143
   2.31032      4.840207      4.839920
   2.29458      4.868553      4.869191
   2.27885      4.876934      4.877574
   2.26312      4.885337      4.885973
   2.24738      4.893757      4.894387
   2.23165      4.902162      4.902786
   2.21592      4.910510      4.911128
   2.20018      4.918756      4.919368
   2.18445      4.926850      4.927455
   2.16872      4.934739      4.935338
   2.15298      4.942372      4.942965
   2.13725      4.949697      4.950284
   2.12152      4.956662      4.957244
   2.10578      4.963217      4.963793
   2.09005      4.969313      4.969885
   2.07432      4.974907      4.975473
   2.05858      4.979957      4.980518
   2.04285      5.002501      5.001749
   2.02712      5.047056      5.046290
   2.01138      5.084576      5.083798
   1.99565      5.114472      5.113685
   1.97992      5.136223      5.135429
   1.96418      5.149444      5.148646
   1.94845      5.153882      5.153082
   1.94845      5.153882      5.153082
   1.92408      5.149454      5.148795
   1.89972      5.142418      5.142155
   1.87535      5.144541      5.144728
   1.85098      5.160276      5.160764
   1.82662      5.187497      5.188147
   1.80225      5.222887      5.223620
   1.77788      5.262316      5.263074
   1.75352      5.299426      5.300155
   1.72915      5.325106      5.325743
   1.70478      5.330466      5.330959
   1.68041      5.313593      5.313930
   1.65605      5.282875      5.283098
   1.63168      5.251589      5.251762
   1.60731      5.230490      5.230665
   1.58295      5.224714      5.224919
   1.55858      5.234634      5.234878
   1.53421      5.258171      5.258453
   1.50985      5.292672      5.292985
   1.48548      5.335816      5.336151
   1.46111      5.385849      5.386198
   1.43675      5.441523      5.441881
   1.41238      5.501983      5.502345
   1.38801      5.566646      5.567006
   1.36364      5.635118      5.635473
   1.33928      5.707110      5.707457
   1.31491      5.781897      5.782250
   1.29054      5.704300      5.704692
   1.26618      5.608243      5.608674
   1.24181      5.506122      5.506590
   1.21744      5.398889      5.399392
   1.19308      5.287447      5.287981
   1.16871      5.172659      5.173223
   1.14434      5.055316      5.055910
   1.11998      4.936136      4.936760
   1.09561      4.815783      4.816439
   1.07124      4.694833      4.695525
   1.04687      4.573939      4.574680
   1.02251      4.454275      4.455111
   0.99814      4.358144      4.359494
   0.99814      3.787922      3.789265
   0.97255      3.851785      3.852804
   0.94695      3.970822      3.971607
   0.92136      4.101330      4.102010
   0.89577      4.234740      4.235365
   0.87017      4.368299      4.368892
   0.84458      4.500451      4.501023
   0.81899      4.629907      4.630463
   0.79339      4.755380      4.755923
   0.76780      4.875497      4.876026
   0.74221      4.988793      4.989306
   0.71661      5.093697      5.094189
   0.69102      5.188650      5.189117
   0.66543      5.182333      5.183144
   0.63983      5.133847      5.134671
   0.61424      5.095292      5.096122
   0.58865      5.068388      5.069214
   0.56305      5.055213      5.056025
   0.53746      5.058087      5.058875
   0.51187      5.079227      5.079981
   0.48627      5.120234      5.120949
   0.46068      5.181522      5.182193
   0.43509      5.261955      5.262582
   0.40949      5.358837      5.359421
   0.38390      5.437121      5.436861
   0.35831      5.411213      5.410887
   0.33271      5.383881      5.383493
   0.30712      5.355990      5.355545
   0.28153      5.328265      5.327765
   0.25593      5.301316      5.300766
   0.23034      5.275657      5.275061
   0.20475      5.251713      5.251075
   0.17915      5.322481      5.321158
   0.15356      5.362996      5.362191
   0.12797      5.309759      5.309655
   0.10237      5.216794      5.217048
   0.07678      5.168337      5.167560
   0.05119      5.160330      5.159540
   0.02559      5.155496      5.154698
   0.00000      5.153882      5.153082
 
# Band-Index:   19
   0.00000      6.112443      6.111466
   0.02559      6.095893      6.094930
   0.05119      6.048271      6.047350
   0.07678      5.975254      5.974417
   0.10237      5.886078      5.885402
   0.12797      5.797441      5.797116
   0.15356      5.748534      5.748890
   0.17915      5.784551      5.785390
   0.20475      5.864051      5.864917
   0.23034      5.924448      5.925207
   0.25593      5.934527      5.935161
   0.28153      5.890823      5.891367
   0.30712      5.807217      5.807718
   0.33271      5.700612      5.701108
   0.35831      5.584385      5.584900
   0.38390      5.468146      5.468690
   0.40949      5.460699      5.460505
   0.43509      5.480677      5.480552
   0.46068      5.495800      5.495747
   0.48627      5.504615      5.504635
   0.51187      5.505571      5.505662
   0.53746      5.497092      5.497254
   0.56305      5.477700      5.477929
   0.58865      5.446142      5.446434
   0.61424      5.401543      5.401890
   0.63983      5.343553      5.343948
   0.66543      5.272384      5.272819
   0.69102      5.239530      5.240321
   0.71661      5.304236      5.305001
   0.74221      5.375878      5.376610
   0.76780      5.453917      5.454611
   0.79339      5.538007      5.538659
   0.81899      5.627903      5.628506
   0.84458      5.723449      5.723999
   0.87017      5.824515      5.825003
   0.89577      5.930932      5.931347
   0.92136      6.042378      6.042701
   0.94695      6.157907      6.158089
   0.97255      6.273322      6.273212
   0.99814      6.348680      6.347954
   0.99814      6.922059      6.921324
   1.02251      6.882588      6.882063
   1.04687      6.797411      6.797144
   1.07124      6.698792      6.698687
   1.09561      6.597281      6.597281
   1.11998      6.496301      6.496376
   1.14434      6.397205      6.397336
   1.16871      6.300579      6.300756
   1.19308      6.206720      6.206934
   1.21744      6.115774      6.116020
   1.24181      6.027830      6.028103
   1.26618      5.942952      5.943248
   1.29054      5.861194      5.861509
   1.31491      5.794104      5.794428
   1.33928      5.874837      5.875130
   1.36364      5.947652      5.947890
   1.38801      6.011476      6.011654
   1.41238      6.066034      6.066146
   1.43675      6.111331      6.111375
   1.46111      6.147647      6.147618
   1.48548      6.175501      6.175398
   1.50985      6.195612      6.195434
   1.53421      6.208831      6.208577
   1.55858      6.216082      6.215754
   1.58295      6.218312      6.217912
   1.60731      6.216441      6.215972
   1.63168      6.211341      6.210805
   1.65605      6.203811      6.203213
   1.68041      6.194571      6.193915
   1.70478      6.184259      6.183549
   1.72915      6.173443      6.172683
   1.75352      6.162597      6.161793
   1.77788      6.152138      6.151294
   1.80225      6.142419      6.141539
   1.82662      6.133728      6.132820
   1.85098      6.126308      6.125374
   1.87535      6.120347      6.119395
   1.89972      6.115990      6.115024
   1.92408      6.113333      6.112359
   1.94845      6.112443      6.111466
   1.94845      6.112443      6.111466
   1.96418      6.108902      6.107928
   1.97992      6.098332      6.097366
   1.99565      6.080878      6.079927
   2.01138      6.056776      6.055843
   2.02712      6.026335      6.025425
   2.04285      5.989921      5.989038
   2.05858      5.947943      5.947089
   2.07432      5.900831      5.900010
   2.09005      5.849026      5.848240
   2.10578      5.792966      5.792216
   2.12152      5.733077      5.732364
   2.13725      5.669766      5.669091
   2.15298      5.603418      5.602781
   2.16872      5.534390      5.533791
   2.18445      5.463020      5.462459
   2.20018      5.389614      5.389092
   2.21592      5.314460      5.313975
   2.23165      5.237821      5.237374
   2.24738      5.159941      5.159531
   2.26312      5.081046      5.080675
   2.27885      5.001355      5.001022
   2.29458      4.921084      4.920794
   2.31032      4.860406      4.861083
   2.32605      4.851969      4.852635
   2.34178      4.843411      4.844076
   2.35751      4.834059      4.834719
   2.37325      4.821572      4.822199
   2.38898      4.793294      4.793731
   2.40471      4.725701      4.725933
   2.42045      4.642685      4.642909
   2.43618      4.560796      4.561054
   2.45191      4.483933      4.484234
   2.46765      4.413880      4.414225
   2.48338      4.351977      4.352365
   2.49911      4.299408      4.299835
   2.51485      4.257241      4.257701
   2.53058      4.226392      4.226878
   2.54631      4.207577      4.208079
   2.56205      4.201249      4.201756
   2.56205      7.256561      7.256272
   2.60073      7.196018      7.195585
   2.63941      7.019959      7.019412
   2.67809      6.760723      6.760171
   2.71677      6.454444      6.453958
   2.75546      6.126728      6.126328
   2.79414      5.793296      5.792983
   2.83282      5.464258      5.464029
   2.87150      5.147176      5.147030
   2.91018      4.849355      4.849291
   2.94887      4.582652      4.582670
   2.98755      4.413297      4.413352
   3.02623      4.585010      4.585070
   3.06491      4.860070      4.860158
   3.10359      5.121747      5.121842
   3.14228      5.350051      5.350128
   3.18096      5.538277      5.538311
   3.21964      5.689795      5.689772
   3.25832      5.815491      5.815409
   3.29700      5.929442      5.929310
   3.33569      6.046166      6.046003
   3.37437      6.179711      6.179546
   3.41305      6.341990      6.341864
   3.45173      6.536621      6.536584
   3.49042      6.745250      6.745351
   3.52910      6.894864      6.895157
   3.56778      6.863292      6.863636
   3.60646      6.746301      6.746538
   3.64514      6.645227      6.645392
   3.68383      6.557542      6.557788
   3.72251      6.430839      6.431357
   3.76119      6.244462      6.245151
   3.79987      6.047275      6.047997
   3.83855      5.888111      5.888686
   3.87724      5.825383      5.825420
   3.91592      5.872321      5.871810
   3.95460      5.958904      5.958131
   3.99328      6.039062      6.038166
   4.03196      6.093352      6.092394
   4.07065      6.112443      6.111466
   4.07065      6.112443      6.111466
   4.09965      6.109796      6.108825
   4.12866      6.101966      6.101010
   4.15766      6.089254      6.088324
   4.18667      6.072140      6.071246
   4.21567      6.051246      6.050394
   4.24467      6.027285      6.026483
   4.27368      6.001034      6.000286
   4.30268      5.973283      5.972592
   4.33169      5.944820      5.944190
   4.36069      5.916400      5.915833
   4.38970      5.888735      5.888231
   4.41870      5.862476      5.862035
   4.44771      5.838206      5.837829
   4.47671      5.816436      5.816122
   4.50572      5.797587      5.797336
   4.53472      5.781976      5.781787
   4.56373      5.769785      5.769657
   4.59273      5.761039      5.760971
   4.62174      5.755547      5.755539
   4.65074      5.752847      5.752897
   4.67975      5.752137      5.752245
   4.70875      5.752193      5.752358
   4.73776      5.751308      5.751527
   4.76676      5.747265      5.747537
   4.79577      5.737421      5.737742
   4.82477      5.718912      5.719276
   4.85378      5.689107      5.689507
   4.88278      5.646134      5.646562
   4.91179      5.611028      5.611133
   4.94079      5.669995      5.670026
   4.96980      5.731923      5.731885
   4.99880      5.794354      5.794240
   5.02781      5.854359      5.854168
   5.05681      5.908264      5.908013
   5.08582      5.952024      5.951758
   5.11482      5.981968      5.981777
   5.14383      5.995389      5.995399
   5.17283      5.993280      5.993551
   5.20184      5.988469      5.988857
   5.20184      5.536890      5.536287
   5.23188      5.550571      5.550135
   5.26192      5.559272      5.559180
   5.29196      5.523937      5.524084
   5.32201      5.452287      5.452505
   5.35205      5.364910      5.365109
   5.38209      5.276666      5.276804
   5.41213      5.198732      5.198796
   5.44218      5.140787      5.140794
   5.47222      5.109991      5.109985
   5.50226      5.107862      5.107891
   5.53230      5.130237      5.130324
   5.56235      5.171089      5.171234
   5.59239      5.225425      5.225621
   5.62243      5.289757      5.289998
   5.65247      5.361711      5.361992
   5.68252      5.439611      5.439928
   5.71256      5.522177      5.522526
   5.74260      5.608360      5.608736
   5.77264      5.697200      5.697600
   5.80269      5.787744      5.788161
   5.83273      5.878952      5.879380
   5.86277      5.969597      5.970027
   5.89281      6.058098      6.058520
   5.92286      6.142266      6.142668
   5.95290      6.218831      6.219202
   5.98294      6.282533      6.282866
   6.01298      6.324448      6.324750
   6.04303      6.330077      6.330384
   6.07307      6.282301      6.282669
   6.10311      6.177218      6.177676
   6.13315      6.035351      6.035867
   6.16320      5.889775      5.890273
   6.19324      5.782380      5.782671
   6.22328      5.768131      5.767920
   6.25332      5.844384      5.843765
   6.28337      5.946239      5.945426
   6.31341      6.034484      6.033574
   6.34345      6.092393      6.091433
   6.37349      6.112443      6.111466
   6.37349      6.112443      6.111466
   6.40883      6.096849      6.095889
   6.44417      6.052737      6.051831
   6.47951      5.987254      5.986461
   6.51485      5.911875      5.911317
   6.55018      5.850526      5.850494
   6.58552      5.863104      5.863876
   6.62086      5.983835      5.984884
   6.65620      6.150497      6.151489
   6.69154      6.307786      6.308602
   6.72687      6.429987      6.430579
   6.76221      6.538109      6.538640
   6.79755      6.627083      6.627565
   6.83289      6.610040      6.610132
   6.86823      6.506952      6.506800
   6.90356      6.363218      6.362911
   6.93890      6.182064      6.181628
   6.97424      5.945900      5.945468
   7.00958      5.669916      5.669574
   7.04491      5.392425      5.392129
   7.08025      5.132399      5.132108
   7.11559      4.896500      4.896193
   7.15093      4.686117      4.685781
   7.18627      4.499746      4.499378
   7.22160      4.334351      4.333949
   7.25694      4.186360      4.185928
   7.29228      4.052398      4.051943
   7.32762      3.929705      3.929233
   7.36296      3.816321      3.815838
   7.39829      3.711207      3.710710
   7.43363      3.614504      3.613978
   7.46897      3.527860      3.527277
   7.50431      3.454608      3.453943
   7.53965      3.399025      3.398287
   7.57498      3.365373      3.364606
   7.61032      3.358130      3.357382
   7.64566      3.381833      3.381115
   7.68100      3.438734      3.437998
   7.71634      3.525020      3.524132
   7.75167      3.601872      3.600434
 
# Band-Index:   20
   7.75167      3.695244      3.695331
   7.71634      3.783909      3.783446
   7.68100      3.905306      3.904711
   7.64566      4.023753      4.023197
   7.61032      4.141764      4.141347
   7.57498      4.261138      4.260953
   7.53965      4.375319      4.375428
   7.50431      4.476753      4.477118
   7.46897      4.566553      4.567074
   7.43363      4.650916      4.651509
   7.39829      4.735150      4.735764
   7.36296      4.822539      4.823144
   7.32762      4.914948      4.915525
   7.29228      5.013433      5.013972
   7.25694      5.118551      5.119044
   7.22160      5.230546      5.230991
   7.18627      5.349478      5.349876
   7.15093      5.475294      5.475650
   7.11559      5.607975      5.608298
   7.08025      5.747756      5.748063
   7.04491      5.895747      5.896065
   7.00958      6.055997      6.056372
   6.97424      6.242397      6.242881
   6.93890      6.485450      6.485969
   6.90356      6.788445      6.788877
   6.86823      7.107449      7.107565
   6.83289      7.002246      7.002054
   6.79755      6.863251      6.862742
   6.76221      6.809308      6.808817
   6.72687      6.742982      6.742497
   6.69154      6.680916      6.680233
   6.65620      6.678846      6.677974
   6.62086      6.737583      6.736582
   6.58552      6.836751      6.835633
   6.55018      6.958222      6.956974
   6.51485      7.082261      7.080889
   6.47951      7.180620      7.179250
   6.44417      7.228269      7.227137
   6.40883      7.237033      7.236159
   6.37349      7.236052      7.235271
   6.37349      7.236052      7.235271
   6.34345      7.229039      7.228247
   6.31341      7.209832      7.209015
   6.28337      7.182558      7.181727
   6.25332      7.151222      7.150408
   6.22328      7.118631      7.117874
   6.19324      7.086950      7.086298
   6.16320      7.059079      7.058574
   6.13315      7.040548      7.040231
   6.10311      7.041316      7.041215
   6.07307      7.072918      7.073017
   6.04303      7.132335      7.132524
   6.01298      7.191409      7.191528
   5.98294      7.225647      7.225615
   5.95290      7.235067      7.234897
   5.92286      7.229216      7.228949
   5.89281      7.215399      7.215070
   5.86277      7.197652      7.197290
   5.83273      7.178084      7.177708
   5.80269      7.157791      7.157415
   5.77264      7.137346      7.136980
   5.74260      7.117049      7.116700
   5.71256      7.097035      7.096708
   5.68252      7.077328      7.077024
   5.65247      7.057908      7.057629
   5.62243      7.043888      7.043556
   5.59239      6.960911      6.960827
   5.56235      6.876377      6.876314
   5.53230      6.829533      6.829467
   5.50226      6.822147      6.822091
   5.47222      6.874205      6.873904
   5.44218      6.795852      6.795775
   5.41213      6.664019      6.664016
   5.38209      6.506627      6.506656
   5.35205      6.342097      6.342157
   5.32201      6.183613      6.183718
   5.29196      6.045083      6.045284
   5.26192      5.947213      5.947616
   5.23188      5.904591      5.905229
   5.20184      5.896629      5.897356
   5.20184      6.276355      6.274800
   5.17283      6.307483      6.306200
   5.14383      6.394838      6.394290
   5.11482      6.497078      6.497607
   5.08582      6.527715      6.528588
   5.05681      6.510451      6.511058
   5.02781      6.493747      6.494142
   4.99880      6.486527      6.486769
   4.96980      6.488721      6.488849
   4.94079      6.498877      6.498919
   4.91179      6.515618      6.515595
   4.88278      6.537920      6.537848
   4.85378      6.565016      6.564906
   4.82477      6.596357      6.596219
   4.79577      6.631527      6.631368
   4.76676      6.670190      6.670015
   4.73776      6.712054      6.711869
   4.70875      6.756840      6.756650
   4.67975      6.804269      6.804080
   4.65074      6.854031      6.853847
   4.62174      6.905773      6.905599
   4.59273      6.959060      6.958902
   4.56373      7.013278      7.013144
   4.53472      7.067164      7.067065
   4.50572      7.113559      7.113543
   4.47671      7.032923      7.033100
   4.44771      6.870363      6.870389
   4.41870      6.748471      6.748295
   4.38970      6.678050      6.677650
   4.36069      6.657002      6.656391
   4.33169      6.675849      6.675059
   4.30268      6.723653      6.722712
   4.27368      6.791421      6.790354
   4.24467      6.872196      6.871027
   4.21567      6.959798      6.958563
   4.18667      7.047208      7.045968
   4.15766      7.125759      7.124601
   4.12866      7.186502      7.185501
   4.09965      7.223714      7.222869
   4.07065      7.236052      7.235271
   4.07065      7.236052      7.235271
   4.03196      7.226963      7.226097
   3.99328      7.196577      7.195512
   3.95460      7.141268      7.140034
   3.91592      7.066557      7.065285
   3.87724      6.985257      6.984056
   3.83855      6.909349      6.908268
   3.79987      6.848892      6.847956
   3.76119      6.817423      6.816657
   3.72251      6.843836      6.843334
   3.68383      6.966574      6.966398
   3.64514      7.146014      7.145900
   3.60646      7.278085      7.277820
   3.56778      7.297866      7.297592
   3.52910      7.316296      7.316214
   3.49042      7.409441      7.409211
   3.45173      7.366745      7.366413
   3.41305      7.309645      7.309291
   3.37437      7.255786      7.255427
   3.33569      7.206171      7.205814
   3.29700      7.160594      7.160241
   3.25832      7.118464      7.118118
   3.21964      7.078912      7.078576
   3.18096      7.041101      7.040777
   3.14228      7.005309      7.005002
   3.10359      6.974825      6.974539
   3.06491      6.955943      6.955678
   3.02623      6.954060      6.953814
   2.98755      6.970183      6.969938
   2.94887      7.001516      7.001271
   2.91018      7.041953      7.041701
   2.87150      7.085188      7.084921
   2.83282      7.124973      7.124683
   2.79414      7.159011      7.158682
   2.75546      7.187711      7.187365
   2.71677      7.211881      7.211523
   2.67809      7.231460      7.231101
   2.63941      7.246063      7.245702
   2.60073      7.255143      7.254778
   2.56205      7.259586      7.259160
   2.56205      4.795984      4.796689
   2.54631      4.796314      4.797020
   2.53058      4.797306      4.798010
   2.51485      4.798963      4.799666
   2.49911      4.801293      4.801994
   2.48338      4.804317      4.805015
   2.46765      4.808078      4.808771
   2.45191      4.812674      4.813362
   2.43618      4.818338      4.819017
   2.42045      4.825783      4.826442
   2.40471      4.837868      4.838466
   2.38898      4.870189      4.870531
   2.37325      4.945741      4.945839
   2.35751      5.040174      5.040190
   2.34178      5.140083      5.140045
   2.32605      5.242455      5.242370
   2.31032      5.346086      5.345958
   2.29458      5.450241      5.450072
   2.27885      5.554380      5.554173
   2.26312      5.658077      5.657833
   2.24738      5.760987      5.760709
   2.23165      5.862831      5.862519
   2.21592      5.963391      5.963047
   2.20018      6.062499      6.062125
   2.18445      6.160031      6.159628
   2.16872      6.255876      6.255445
   2.15298      6.349999      6.349542
   2.13725      6.442318      6.441835
   2.12152      6.532770      6.532263
   2.10578      6.621260      6.620729
   2.09005      6.707631      6.707076
   2.07432      6.791625      6.791046
   2.05858      6.872814      6.872210
   2.04285      6.950519      6.949889
   2.02712      7.023671      7.023014
   2.01138      7.090618      7.089930
   1.99565      7.148925      7.148206
   1.97992      7.195219      7.194470
   1.96418      7.225467      7.224695
   1.94845      7.236052      7.235271
   1.94845      7.236052      7.235271
   1.92408      7.233936      7.233081
   1.89972      7.220916      7.219850
   1.87535      7.177971      7.176659
   1.85098      7.088922      7.087532
   1.82662      6.963842      6.962538
   1.80225      6.826425      6.825249
   1.77788      6.696468      6.695423
   1.75352      6.590582      6.589681
   1.72915      6.525378      6.524660
   1.70478      6.515947      6.515454
   1.68041      6.569432      6.569176
   1.65605      6.681611      6.681557
   1.63168      6.841553      6.841649
   1.60731      7.037862      7.038062
   1.58295      7.261233      7.261502
   1.55858      7.504428      7.504742
   1.53421      7.761518      7.761860
   1.50985      8.026911      8.027266
   1.48548      8.294991      8.295225
   1.46111      8.540298      8.540366
   1.43675      8.662148      8.662249
   1.41238      8.735090      8.735182
   1.38801      8.799092      8.799182
   1.36364      8.855012      8.855125
   1.33928      8.888108      8.888298
   1.31491      8.849206      8.849509
   1.29054      8.735512      8.735822
   1.26618      8.598270      8.598570
   1.24181      8.455034      8.455332
   1.21744      8.310618      8.310923
   1.19308      8.166963      8.167281
   1.16871      8.025158      8.025499
   1.14434      7.886009      7.886383
   1.11998      7.750273      7.750694
   1.09561      7.618903      7.619390
   1.07124      7.493487      7.494072
   1.04687      7.377659      7.378401
   1.02251      7.282102      7.283100
   0.99814      7.239168      7.240374
   0.99814      6.496908      6.498466
   0.97255      6.577915      6.578859
   0.94695      6.710244      6.710901
   0.92136      6.853844      6.854370
   0.89577      7.004372      7.004818
   0.87017      7.160688      7.161078
   0.84458      7.322220      7.322566
   0.81899      7.488534      7.488845
   0.79339      7.659212      7.659495
   0.76780      7.833802      7.834063
   0.74221      8.011814      8.012057
   0.71661      8.192621      8.192850
   0.69102      8.380220      8.380427
   0.66543      8.436506      8.436448
   0.63983      8.375113      8.375072
   0.61424      8.317221      8.317218
   0.58865      8.260011      8.260030
   0.56305      8.203608      8.203649
   0.53746      8.148230      8.148294
   0.51187      8.094088      8.094175
   0.48627      8.041384      8.041497
   0.46068      7.990333      7.990473
   0.43509      7.941157      7.941329
   0.40949      7.894108      7.894318
   0.38390      7.849489      7.849744
   0.35831      7.807665      7.807976
   0.33271      7.769153      7.769537
   0.30712      7.734583      7.735090
   0.28153      7.580200      7.580093
   0.25593      7.414916      7.414554
   0.23034      7.314616      7.313946
   0.20475      7.274774      7.273801
   0.17915      7.271457      7.270272
   0.15356      7.277646      7.276403
   0.12797      7.278636      7.277460
   0.10237      7.272059      7.271000
   0.07678      7.260778      7.259832
   0.05119      7.248679      7.247822
   0.02559      7.239486      7.238685
   0.00000      7.236052      7.235271
