#K-Path          Energy     s    py    pz    px    dxy    dyz    dz2    dxz    dx2-y2    tot
# NKPTS & NBANDS:  80  24
# Band-Index:    1
   0.00000    -12.418674  0.637  0.015  0.010  0.000  0.000  0.016  0.000  0.000  0.008  0.683
   0.01442    -12.409706  0.636  0.016  0.009  0.000  0.000  0.015  0.000  0.000  0.006  0.682
   0.02884    -12.416824  0.637  0.017  0.009  0.000  0.000  0.011  0.000  0.000  0.005  0.680
   0.04325    -12.432484  0.638  0.018  0.009  0.000  0.000  0.010  0.000  0.000  0.004  0.678
   0.05767    -12.450140  0.639  0.018  0.008  0.000  0.000  0.009  0.000  0.000  0.003  0.675
   0.07209    -12.468302  0.638  0.018  0.008  0.000  0.000  0.008  0.000  0.000  0.003  0.675
   0.08651    -12.486543  0.637  0.018  0.008  0.000  0.000  0.008  0.000  0.000  0.003  0.673
   0.10092    -12.504693  0.637  0.018  0.007  0.000  0.000  0.007  0.000  0.000  0.003  0.672
   0.11534    -12.522662  0.635  0.018  0.007  0.000  0.000  0.007  0.000  0.000  0.002  0.671
   0.12976    -12.540393  0.635  0.019  0.007  0.000  0.000  0.007  0.000  0.000  0.002  0.669
   0.14418    -12.557838  0.635  0.020  0.007  0.000  0.000  0.006  0.000  0.000  0.002  0.668
   0.15859    -12.574965  0.634  0.020  0.005  0.000  0.000  0.006  0.000  0.000  0.002  0.668
   0.17301    -12.591741  0.634  0.020  0.004  0.000  0.000  0.005  0.000  0.000  0.002  0.666
   0.18743    -12.608139  0.633  0.020  0.004  0.000  0.000  0.005  0.000  0.000  0.002  0.666
   0.20185    -12.624133  0.632  0.020  0.004  0.000  0.000  0.005  0.000  0.000  0.002  0.664
   0.21627    -12.639699  0.632  0.021  0.004  0.000  0.000  0.004  0.000  0.000  0.002  0.664
   0.23068    -12.654816  0.632  0.021  0.003  0.000  0.000  0.004  0.000  0.000  0.002  0.663
   0.24510    -12.669463  0.632  0.021  0.003  0.000  0.000  0.004  0.000  0.000  0.002  0.662
   0.25952    -12.683621  0.631  0.023  0.003  0.000  0.000  0.003  0.000  0.000  0.002  0.662
   0.27394    -12.697267  0.630  0.023  0.003  0.000  0.000  0.003  0.000  0.000  0.002  0.661
   0.28835    -12.710390  0.630  0.023  0.002  0.000  0.000  0.003  0.000  0.000  0.001  0.661
   0.30277    -12.722970  0.630  0.024  0.002  0.000  0.000  0.003  0.000  0.000  0.001  0.660
   0.31719    -12.734991  0.629  0.024  0.002  0.000  0.000  0.003  0.000  0.000  0.001  0.659
   0.33161    -12.746438  0.630  0.024  0.001  0.000  0.000  0.003  0.000  0.000  0.001  0.659
   0.34602    -12.757299  0.628  0.024  0.001  0.000  0.000  0.002  0.000  0.000  0.001  0.657
   0.36044    -12.767560  0.628  0.024  0.001  0.000  0.000  0.002  0.000  0.000  0.001  0.658
   0.37486    -12.777209  0.629  0.024  0.001  0.000  0.000  0.002  0.000  0.000  0.001  0.658
   0.38928    -12.786235  0.627  0.025  0.001  0.000  0.000  0.002  0.000  0.000  0.001  0.656
   0.40370    -12.794627  0.627  0.025  0.001  0.000  0.000  0.002  0.000  0.000  0.001  0.656
   0.41811    -12.802376  0.628  0.025  0.001  0.000  0.000  0.002  0.000  0.000  0.001  0.656
   0.43253    -12.809474  0.627  0.025  0.001  0.000  0.000  0.002  0.000  0.000  0.001  0.656
   0.44695    -12.815913  0.626  0.024  0.001  0.000  0.000  0.001  0.000  0.000  0.001  0.655
   0.46137    -12.821685  0.626  0.024  0.000  0.000  0.000  0.001  0.000  0.000  0.002  0.655
   0.47578    -12.826784  0.626  0.024  0.000  0.000  0.000  0.001  0.000  0.000  0.002  0.655
   0.49020    -12.831206  0.627  0.025  0.000  0.000  0.000  0.002  0.000  0.000  0.002  0.655
   0.50462    -12.834946  0.627  0.025  0.000  0.000  0.000  0.002  0.000  0.000  0.002  0.655
   0.51904    -12.837999  0.626  0.025  0.000  0.000  0.000  0.002  0.000  0.000  0.002  0.654
   0.53345    -12.840364  0.625  0.025  0.000  0.000  0.000  0.002  0.000  0.000  0.002  0.654
   0.54787    -12.842036  0.625  0.025  0.000  0.000  0.000  0.002  0.000  0.000  0.002  0.654
   0.56229    -12.843016  0.625  0.025  0.000  0.000  0.000  0.002  0.000  0.000  0.002  0.653
   0.56229    -12.843016  0.625  0.025  0.000  0.000  0.000  0.002  0.000  0.000  0.002  0.653
   0.57671    -12.843303  0.625  0.024  0.000  0.000  0.000  0.002  0.000  0.000  0.001  0.653
   0.59113    -12.842897  0.625  0.024  0.000  0.000  0.000  0.003  0.000  0.000  0.001  0.654
   0.60554    -12.841799  0.625  0.025  0.000  0.000  0.000  0.002  0.000  0.000  0.001  0.654
   0.61996    -12.840009  0.625  0.025  0.000  0.000  0.000  0.002  0.000  0.000  0.001  0.654
   0.63438    -12.837532  0.626  0.025  0.000  0.000  0.000  0.002  0.000  0.000  0.002  0.654
   0.64880    -12.834369  0.627  0.025  0.000  0.000  0.000  0.002  0.000  0.000  0.002  0.655
   0.66321    -12.830527  0.626  0.024  0.000  0.000  0.000  0.003  0.000  0.000  0.002  0.656
   0.67763    -12.826007  0.626  0.024  0.000  0.000  0.000  0.003  0.000  0.000  0.002  0.657
   0.69205    -12.820816  0.626  0.024  0.001  0.000  0.000  0.003  0.000  0.000  0.002  0.657
   0.70647    -12.814962  0.625  0.024  0.001  0.000  0.000  0.003  0.000  0.000  0.002  0.656
   0.72088    -12.808450  0.626  0.024  0.001  0.000  0.000  0.004  0.000  0.000  0.002  0.656
   0.73530    -12.801290  0.627  0.024  0.001  0.000  0.000  0.004  0.000  0.000  0.002  0.657
   0.74972    -12.793488  0.627  0.023  0.001  0.000  0.000  0.004  0.000  0.000  0.003  0.658
   0.76414    -12.785054  0.626  0.023  0.001  0.000  0.000  0.004  0.000  0.000  0.003  0.658
   0.77856    -12.776000  0.628  0.023  0.001  0.000  0.000  0.005  0.000  0.000  0.003  0.659
   0.79297    -12.766336  0.628  0.024  0.001  0.000  0.000  0.005  0.000  0.000  0.003  0.661
   0.80739    -12.756074  0.627  0.023  0.001  0.000  0.000  0.005  0.000  0.000  0.003  0.660
   0.82181    -12.745227  0.628  0.023  0.002  0.000  0.000  0.006  0.000  0.000  0.003  0.660
   0.83623    -12.733807  0.628  0.021  0.003  0.000  0.000  0.006  0.000  0.000  0.003  0.662
   0.85064    -12.721830  0.629  0.021  0.003  0.000  0.000  0.006  0.000  0.000  0.004  0.662
   0.86506    -12.709312  0.628  0.021  0.003  0.000  0.000  0.007  0.000  0.000  0.004  0.663
   0.87948    -12.696266  0.628  0.020  0.003  0.000  0.000  0.007  0.000  0.000  0.004  0.664
   0.89390    -12.682710  0.630  0.020  0.003  0.000  0.000  0.007  0.000  0.000  0.004  0.665
   0.90831    -12.668664  0.629  0.020  0.003  0.000  0.000  0.008  0.000  0.000  0.004  0.666
   0.92273    -12.654144  0.630  0.020  0.003  0.000  0.000  0.008  0.000  0.000  0.004  0.667
   0.93715    -12.639170  0.630  0.019  0.003  0.000  0.000  0.009  0.000  0.000  0.005  0.668
   0.95157    -12.623764  0.631  0.019  0.005  0.000  0.000  0.009  0.000  0.000  0.005  0.669
   0.96599    -12.607945  0.631  0.019  0.005  0.000  0.000  0.009  0.000  0.000  0.005  0.670
   0.98040    -12.591739  0.632  0.019  0.005  0.000  0.000  0.010  0.000  0.000  0.005  0.671
   0.99482    -12.575171  0.632  0.018  0.005  0.000  0.000  0.010  0.000  0.000  0.005  0.671
   1.00924    -12.558266  0.633  0.018  0.007  0.000  0.000  0.011  0.000  0.000  0.006  0.673
   1.02366    -12.541057  0.633  0.018  0.007  0.000  0.000  0.012  0.000  0.000  0.006  0.674
   1.03807    -12.523576  0.633  0.017  0.007  0.000  0.000  0.013  0.000  0.000  0.006  0.675
   1.05249    -12.505865  0.634  0.017  0.008  0.000  0.000  0.013  0.000  0.000  0.006  0.676
   1.06691    -12.487977  0.634  0.017  0.008  0.000  0.000  0.014  0.000  0.000  0.006  0.678
   1.08133    -12.469997  0.634  0.016  0.008  0.000  0.000  0.014  0.000  0.000  0.007  0.679
   1.09574    -12.452075  0.636  0.016  0.009  0.000  0.000  0.015  0.000  0.000  0.007  0.680
   1.11016    -12.434570  0.636  0.016  0.009  0.000  0.000  0.015  0.000  0.000  0.007  0.682
   1.12458    -12.418674  0.637  0.015  0.010  0.000  0.000  0.016  0.000  0.000  0.008  0.683
 
# Band-Index:    2
   1.12458    -12.362740  0.644  0.016  0.009  0.000  0.000  0.009  0.000  0.000  0.003  0.680
   1.11016    -12.346248  0.643  0.016  0.010  0.000  0.000  0.010  0.000  0.000  0.003  0.680
   1.09574    -12.327973  0.644  0.016  0.010  0.000  0.000  0.010  0.000  0.000  0.003  0.683
   1.08133    -12.309113  0.645  0.015  0.010  0.000  0.000  0.010  0.000  0.000  0.004  0.684
   1.06691    -12.290029  0.645  0.015  0.011  0.000  0.000  0.012  0.000  0.000  0.004  0.685
   1.05249    -12.270883  0.646  0.014  0.011  0.000  0.000  0.012  0.000  0.000  0.004  0.686
   1.03807    -12.251761  0.647  0.012  0.011  0.000  0.000  0.013  0.000  0.000  0.004  0.687
   1.02366    -12.232728  0.647  0.012  0.012  0.000  0.000  0.013  0.000  0.000  0.004  0.688
   1.00924    -12.213836  0.648  0.012  0.012  0.000  0.000  0.014  0.000  0.000  0.006  0.690
   0.99482    -12.195131  0.649  0.011  0.012  0.000  0.000  0.014  0.000  0.000  0.006  0.692
   0.98040    -12.176653  0.649  0.011  0.012  0.000  0.000  0.015  0.000  0.000  0.006  0.693
   0.96599    -12.158441  0.650  0.011  0.013  0.000  0.000  0.015  0.000  0.000  0.006  0.694
   0.95157    -12.140535  0.650  0.011  0.013  0.000  0.000  0.016  0.000  0.000  0.007  0.696
   0.93715    -12.122970  0.652  0.009  0.013  0.000  0.000  0.017  0.000  0.000  0.007  0.697
   0.92273    -12.105784  0.652  0.009  0.014  0.000  0.000  0.017  0.000  0.000  0.007  0.698
   0.90831    -12.089011  0.653  0.009  0.014  0.000  0.000  0.018  0.000  0.000  0.007  0.700
   0.89390    -12.072682  0.652  0.009  0.012  0.000  0.000  0.018  0.000  0.000  0.008  0.702
   0.87948    -12.056838  0.654  0.008  0.012  0.000  0.000  0.019  0.000  0.000  0.008  0.703
   0.86506    -12.041506  0.656  0.008  0.012  0.000  0.000  0.019  0.000  0.000  0.008  0.703
   0.85064    -12.026722  0.654  0.008  0.012  0.000  0.000  0.020  0.000  0.000  0.008  0.705
   0.83623    -12.012515  0.656  0.007  0.013  0.000  0.000  0.020  0.000  0.000  0.009  0.705
   0.82181    -11.998914  0.657  0.007  0.013  0.000  0.000  0.022  0.000  0.000  0.009  0.708
   0.80739    -11.985950  0.656  0.007  0.013  0.000  0.000  0.022  0.000  0.000  0.009  0.709
   0.79297    -11.973648  0.658  0.006  0.013  0.000  0.000  0.023  0.000  0.000  0.009  0.709
   0.77856    -11.962036  0.657  0.006  0.013  0.000  0.000  0.023  0.000  0.000  0.010  0.710
   0.76414    -11.951138  0.659  0.006  0.014  0.000  0.000  0.024  0.000  0.000  0.010  0.712
   0.74972    -11.940975  0.659  0.006  0.014  0.000  0.000  0.024  0.000  0.000  0.010  0.712
   0.73530    -11.931573  0.658  0.005  0.014  0.000  0.000  0.024  0.000  0.000  0.010  0.714
   0.72088    -11.922951  0.659  0.005  0.014  0.000  0.000  0.025  0.000  0.000  0.011  0.713
   0.70647    -11.915124  0.659  0.005  0.014  0.000  0.000  0.025  0.000  0.000  0.011  0.714
   0.69205    -11.908109  0.661  0.004  0.014  0.000  0.000  0.026  0.000  0.000  0.011  0.716
   0.67763    -11.901922  0.660  0.005  0.015  0.000  0.000  0.026  0.000  0.000  0.011  0.716
   0.66321    -11.896575  0.660  0.005  0.015  0.000  0.000  0.026  0.000  0.000  0.012  0.717
   0.64880    -11.892077  0.660  0.004  0.015  0.000  0.000  0.026  0.000  0.000  0.012  0.717
   0.63438    -11.888441  0.659  0.004  0.015  0.000  0.000  0.026  0.000  0.000  0.012  0.716
   0.61996    -11.885672  0.660  0.004  0.015  0.000  0.000  0.027  0.000  0.000  0.012  0.718
   0.60554    -11.883773  0.660  0.004  0.015  0.000  0.000  0.027  0.000  0.000  0.013  0.718
   0.59113    -11.882750  0.660  0.003  0.014  0.000  0.000  0.028  0.000  0.000  0.013  0.719
   0.57671    -11.882600  0.660  0.004  0.014  0.000  0.000  0.028  0.000  0.000  0.013  0.719
   0.56229    -11.883325  0.660  0.004  0.014  0.000  0.000  0.028  0.000  0.000  0.013  0.718
   0.56229    -11.883325  0.660  0.004  0.014  0.000  0.000  0.028  0.000  0.000  0.013  0.718
   0.54787    -11.884924  0.659  0.004  0.014  0.000  0.000  0.028  0.000  0.000  0.013  0.719
   0.53345    -11.887389  0.659  0.003  0.014  0.000  0.000  0.028  0.000  0.000  0.013  0.718
   0.51904    -11.890713  0.659  0.003  0.014  0.000  0.000  0.028  0.000  0.000  0.013  0.718
   0.50462    -11.894889  0.659  0.004  0.014  0.000  0.000  0.028  0.000  0.000  0.013  0.719
   0.49020    -11.899904  0.658  0.004  0.014  0.000  0.000  0.028  0.000  0.000  0.013  0.718
   0.47578    -11.905747  0.658  0.004  0.014  0.000  0.000  0.028  0.000  0.000  0.013  0.717
   0.46137    -11.912407  0.658  0.004  0.014  0.000  0.000  0.028  0.000  0.000  0.013  0.717
   0.44695    -11.919865  0.657  0.004  0.014  0.000  0.000  0.028  0.000  0.000  0.013  0.717
   0.43253    -11.928105  0.657  0.004  0.014  0.000  0.000  0.028  0.000  0.000  0.013  0.716
   0.41811    -11.937107  0.656  0.004  0.014  0.000  0.000  0.028  0.000  0.000  0.013  0.716
   0.40370    -11.946854  0.656  0.004  0.013  0.000  0.000  0.028  0.000  0.000  0.013  0.714
   0.38928    -11.957319  0.655  0.005  0.013  0.000  0.000  0.027  0.000  0.000  0.013  0.715
   0.37486    -11.968486  0.655  0.005  0.013  0.000  0.000  0.027  0.000  0.000  0.013  0.713
   0.36044    -11.980330  0.653  0.005  0.013  0.000  0.000  0.027  0.000  0.000  0.012  0.713
   0.34602    -11.992821  0.654  0.005  0.013  0.000  0.000  0.027  0.000  0.000  0.012  0.711
   0.33161    -12.005936  0.653  0.006  0.013  0.000  0.000  0.026  0.000  0.000  0.012  0.710
   0.31719    -12.019648  0.652  0.006  0.013  0.000  0.000  0.025  0.000  0.000  0.012  0.710
   0.30277    -12.033927  0.652  0.006  0.013  0.000  0.000  0.025  0.000  0.000  0.012  0.708
   0.28835    -12.048746  0.650  0.006  0.012  0.000  0.000  0.025  0.000  0.000  0.012  0.708
   0.27394    -12.064073  0.651  0.007  0.012  0.000  0.000  0.025  0.000  0.000  0.012  0.706
   0.25952    -12.079878  0.650  0.007  0.012  0.000  0.000  0.024  0.000  0.000  0.012  0.705
   0.24510    -12.096132  0.649  0.007  0.012  0.000  0.000  0.023  0.000  0.000  0.012  0.705
   0.23068    -12.112799  0.647  0.007  0.014  0.000  0.000  0.023  0.000  0.000  0.011  0.703
   0.21627    -12.129850  0.648  0.008  0.014  0.000  0.000  0.023  0.000  0.000  0.010  0.701
   0.20185    -12.147248  0.648  0.009  0.014  0.000  0.000  0.023  0.000  0.000  0.010  0.700
   0.18743    -12.164961  0.646  0.009  0.012  0.000  0.000  0.021  0.000  0.000  0.010  0.700
   0.17301    -12.182954  0.645  0.009  0.012  0.000  0.000  0.021  0.000  0.000  0.010  0.698
   0.15859    -12.201192  0.645  0.009  0.012  0.000  0.000  0.021  0.000  0.000  0.010  0.697
   0.14418    -12.219638  0.645  0.009  0.012  0.000  0.000  0.020  0.000  0.000  0.009  0.695
   0.12976    -12.238251  0.644  0.010  0.012  0.000  0.000  0.020  0.000  0.000  0.009  0.694
   0.11534    -12.256987  0.642  0.010  0.011  0.000  0.000  0.019  0.000  0.000  0.009  0.693
   0.10092    -12.275798  0.642  0.011  0.011  0.000  0.000  0.018  0.000  0.000  0.009  0.692
   0.08651    -12.294620  0.642  0.011  0.011  0.000  0.000  0.017  0.000  0.000  0.008  0.689
   0.07209    -12.313355  0.640  0.011  0.011  0.000  0.000  0.016  0.000  0.000  0.008  0.688
   0.05767    -12.331829  0.641  0.012  0.010  0.000  0.000  0.016  0.000  0.000  0.008  0.688
   0.04325    -12.349621  0.640  0.014  0.010  0.000  0.000  0.015  0.000  0.000  0.007  0.685
   0.02884    -12.365231  0.641  0.015  0.010  0.000  0.000  0.013  0.000  0.000  0.007  0.683
   0.01442    -12.372120  0.642  0.016  0.009  0.000  0.000  0.010  0.000  0.000  0.004  0.681
   0.00000    -12.362740  0.644  0.016  0.009  0.000  0.000  0.009  0.000  0.000  0.003  0.680
 
# Band-Index:    3
   0.00000     -5.569917  0.074  0.160  0.086  0.000  0.000  0.138  0.000  0.000  0.197  0.655
   0.01442     -5.568880  0.075  0.163  0.086  0.000  0.000  0.131  0.001  0.000  0.194  0.651
   0.02884     -5.567507  0.076  0.165  0.086  0.000  0.000  0.124  0.002  0.000  0.192  0.647
   0.04325     -5.565803  0.077  0.168  0.086  0.000  0.000  0.118  0.005  0.000  0.188  0.644
   0.05767     -5.563780  0.079  0.170  0.086  0.000  0.000  0.111  0.008  0.000  0.185  0.640
   0.07209     -5.561456  0.080  0.173  0.086  0.000  0.000  0.103  0.012  0.000  0.182  0.636
   0.08651     -5.558845  0.080  0.174  0.086  0.000  0.000  0.096  0.018  0.000  0.177  0.632
   0.10092     -5.555972  0.081  0.177  0.086  0.000  0.000  0.088  0.024  0.000  0.172  0.630
   0.11534     -5.552860  0.082  0.179  0.086  0.000  0.000  0.081  0.031  0.000  0.167  0.626
   0.12976     -5.549540  0.083  0.181  0.086  0.000  0.000  0.074  0.039  0.000  0.161  0.624
   0.14418     -5.546043  0.084  0.182  0.084  0.000  0.000  0.066  0.048  0.000  0.154  0.622
   0.15859     -5.542407  0.086  0.183  0.083  0.000  0.000  0.059  0.059  0.000  0.148  0.620
   0.17301     -5.538671  0.087  0.186  0.083  0.000  0.000  0.052  0.070  0.000  0.142  0.618
   0.18743     -5.534875  0.088  0.186  0.081  0.000  0.000  0.046  0.083  0.000  0.134  0.617
   0.20185     -5.531064  0.089  0.185  0.081  0.000  0.000  0.040  0.096  0.000  0.126  0.618
   0.21627     -5.527287  0.089  0.185  0.078  0.000  0.000  0.034  0.109  0.000  0.119  0.617
   0.23068     -5.523578  0.093  0.186  0.078  0.000  0.000  0.029  0.123  0.000  0.110  0.617
   0.24510     -5.519995  0.093  0.186  0.075  0.000  0.000  0.024  0.138  0.000  0.102  0.620
   0.25952     -5.516571  0.094  0.184  0.073  0.000  0.000  0.022  0.153  0.000  0.094  0.622
   0.27394     -5.513351  0.094  0.184  0.072  0.000  0.000  0.019  0.168  0.000  0.086  0.624
   0.28835     -5.510368  0.097  0.182  0.070  0.000  0.000  0.017  0.184  0.000  0.077  0.625
   0.30277     -5.507652  0.098  0.180  0.068  0.000  0.000  0.015  0.199  0.000  0.069  0.630
   0.31719     -5.505224  0.098  0.179  0.065  0.000  0.000  0.015  0.214  0.000  0.061  0.632
   0.33161     -5.503101  0.099  0.177  0.063  0.000  0.000  0.016  0.228  0.000  0.054  0.637
   0.34602     -5.501293  0.102  0.175  0.060  0.000  0.000  0.017  0.242  0.000  0.047  0.641
   0.36044     -5.499803  0.101  0.172  0.058  0.000  0.000  0.020  0.254  0.000  0.041  0.647
   0.37486     -5.498628  0.102  0.170  0.055  0.000  0.000  0.023  0.265  0.000  0.036  0.651
   0.38928     -5.497762  0.102  0.168  0.053  0.000  0.000  0.027  0.275  0.000  0.030  0.655
   0.40370     -5.497193  0.102  0.166  0.050  0.000  0.000  0.031  0.285  0.000  0.026  0.661
   0.41811     -5.496899  0.103  0.163  0.048  0.000  0.000  0.036  0.293  0.000  0.022  0.665
   0.43253     -5.496864  0.104  0.161  0.046  0.000  0.000  0.042  0.299  0.000  0.019  0.671
   0.44695     -5.497063  0.105  0.160  0.043  0.000  0.000  0.048  0.305  0.000  0.016  0.675
   0.46137     -5.497473  0.104  0.157  0.041  0.000  0.000  0.055  0.310  0.000  0.014  0.680
   0.47578     -5.498069  0.105  0.154  0.039  0.000  0.000  0.062  0.313  0.000  0.012  0.685
   0.49020     -5.498834  0.104  0.153  0.039  0.000  0.000  0.068  0.314  0.000  0.011  0.690
   0.50462     -5.499736  0.105  0.151  0.036  0.000  0.000  0.075  0.315  0.000  0.010  0.693
   0.51904     -5.500755  0.104  0.149  0.036  0.000  0.000  0.082  0.315  0.000  0.010  0.698
   0.53345     -5.501869  0.105  0.148  0.034  0.000  0.000  0.090  0.314  0.000  0.010  0.701
   0.54787     -5.503058  0.105  0.145  0.034  0.000  0.000  0.097  0.311  0.000  0.011  0.704
   0.56229     -5.504303  0.104  0.145  0.032  0.000  0.000  0.104  0.308  0.000  0.012  0.706
   0.56229     -5.504303  0.104  0.145  0.032  0.000  0.000  0.104  0.308  0.000  0.012  0.706
   0.57671     -5.505592  0.105  0.145  0.032  0.000  0.000  0.112  0.305  0.000  0.013  0.710
   0.59113     -5.506909  0.104  0.144  0.032  0.000  0.000  0.120  0.300  0.000  0.015  0.712
   0.60554     -5.508238  0.104  0.143  0.030  0.000  0.000  0.126  0.295  0.000  0.017  0.715
   0.61996     -5.509575  0.103  0.140  0.030  0.000  0.000  0.134  0.290  0.000  0.019  0.717
   0.63438     -5.510908  0.103  0.139  0.030  0.000  0.000  0.141  0.283  0.000  0.023  0.719
   0.64880     -5.512241  0.103  0.139  0.030  0.000  0.000  0.147  0.277  0.000  0.026  0.722
   0.66321     -5.513565  0.102  0.138  0.031  0.000  0.000  0.154  0.270  0.000  0.030  0.723
   0.67763     -5.514884  0.099  0.137  0.033  0.000  0.000  0.161  0.261  0.000  0.034  0.725
   0.69205     -5.516204  0.099  0.135  0.033  0.000  0.000  0.167  0.253  0.000  0.038  0.727
   0.70647     -5.517535  0.098  0.134  0.033  0.000  0.000  0.173  0.244  0.000  0.042  0.728
   0.72088     -5.518890  0.097  0.134  0.036  0.000  0.000  0.180  0.236  0.000  0.048  0.728
   0.73530     -5.520284  0.097  0.131  0.038  0.000  0.000  0.186  0.225  0.000  0.053  0.730
   0.74972     -5.521743  0.094  0.130  0.040  0.000  0.000  0.190  0.216  0.000  0.060  0.730
   0.76414     -5.523288  0.093  0.128  0.043  0.000  0.000  0.195  0.206  0.000  0.067  0.730
   0.77856     -5.524947  0.091  0.127  0.045  0.000  0.000  0.200  0.194  0.000  0.075  0.730
   0.79297     -5.526746  0.090  0.125  0.048  0.000  0.000  0.204  0.183  0.000  0.083  0.732
   0.80739     -5.528711  0.086  0.124  0.050  0.000  0.000  0.206  0.171  0.000  0.092  0.731
   0.82181     -5.530861  0.085  0.122  0.055  0.000  0.000  0.209  0.159  0.000  0.101  0.731
   0.83623     -5.533208  0.081  0.122  0.057  0.000  0.000  0.211  0.146  0.000  0.110  0.729
   0.85064     -5.535750  0.080  0.120  0.062  0.000  0.000  0.212  0.134  0.000  0.121  0.728
   0.86506     -5.538473  0.079  0.120  0.064  0.000  0.000  0.212  0.121  0.000  0.131  0.727
   0.87948     -5.541347  0.076  0.120  0.068  0.000  0.000  0.211  0.109  0.000  0.140  0.724
   0.89390     -5.544331  0.076  0.120  0.071  0.000  0.000  0.209  0.096  0.000  0.149  0.720
   0.90831     -5.547373  0.074  0.120  0.073  0.000  0.000  0.207  0.084  0.000  0.158  0.717
   0.92273     -5.550415  0.074  0.121  0.076  0.000  0.000  0.204  0.073  0.000  0.165  0.713
   0.93715     -5.553400  0.071  0.123  0.078  0.000  0.000  0.201  0.063  0.000  0.172  0.709
   0.95157     -5.556273  0.071  0.126  0.080  0.000  0.000  0.198  0.053  0.000  0.178  0.706
   0.96599     -5.558983  0.071  0.129  0.080  0.000  0.000  0.194  0.044  0.000  0.184  0.702
   0.98040     -5.561491  0.071  0.131  0.083  0.000  0.000  0.190  0.036  0.000  0.188  0.697
   0.99482     -5.563754  0.071  0.134  0.083  0.000  0.000  0.186  0.029  0.000  0.192  0.695
   1.00924     -5.565743  0.071  0.137  0.083  0.000  0.000  0.181  0.023  0.000  0.195  0.689
   1.02366     -5.567435  0.071  0.139  0.085  0.000  0.000  0.177  0.017  0.000  0.197  0.684
   1.03807     -5.568813  0.071  0.142  0.085  0.000  0.000  0.172  0.013  0.000  0.198  0.682
   1.05249     -5.569861  0.072  0.145  0.086  0.000  0.000  0.167  0.009  0.000  0.199  0.677
   1.06691     -5.570568  0.072  0.148  0.086  0.000  0.000  0.161  0.005  0.000  0.200  0.672
   1.08133     -5.570930  0.073  0.151  0.086  0.000  0.000  0.157  0.003  0.000  0.199  0.667
   1.09574     -5.570943  0.073  0.154  0.086  0.000  0.000  0.151  0.001  0.000  0.199  0.664
   1.11016     -5.570604  0.073  0.157  0.086  0.000  0.000  0.144  0.000  0.000  0.197  0.661
   1.12458     -5.569917  0.074  0.160  0.086  0.000  0.000  0.138  0.000  0.000  0.197  0.655
 
# Band-Index:    4
   1.12458     -5.193625  0.111  0.228  0.062  0.000  0.000  0.082  0.062  0.000  0.053  0.599
   1.11016     -5.209488  0.112  0.229  0.064  0.000  0.000  0.076  0.057  0.000  0.056  0.593
   1.09574     -5.224832  0.112  0.228  0.065  0.000  0.000  0.072  0.054  0.000  0.059  0.590
   1.08133     -5.239565  0.114  0.229  0.067  0.000  0.000  0.067  0.050  0.000  0.062  0.587
   1.06691     -5.253598  0.114  0.230  0.065  0.000  0.000  0.062  0.046  0.000  0.064  0.583
   1.05249     -5.266858  0.115  0.231  0.067  0.000  0.000  0.057  0.044  0.000  0.067  0.582
   1.03807     -5.279268  0.115  0.230  0.068  0.000  0.000  0.054  0.042  0.000  0.069  0.579
   1.02366     -5.290761  0.113  0.231  0.070  0.000  0.000  0.049  0.040  0.000  0.072  0.576
   1.00924     -5.301272  0.114  0.230  0.071  0.000  0.000  0.046  0.037  0.000  0.075  0.573
   0.99482     -5.310742  0.114  0.230  0.073  0.000  0.000  0.042  0.036  0.000  0.078  0.571
   0.98040     -5.319104  0.114  0.229  0.072  0.000  0.000  0.038  0.034  0.000  0.081  0.569
   0.96599     -5.326296  0.112  0.228  0.074  0.000  0.000  0.035  0.031  0.000  0.085  0.568
   0.95157     -5.332253  0.111  0.228  0.078  0.000  0.000  0.031  0.030  0.000  0.089  0.565
   0.93715     -5.336907  0.111  0.227  0.079  0.000  0.000  0.026  0.027  0.000  0.093  0.564
   0.92273     -5.340189  0.109  0.226  0.081  0.000  0.000  0.022  0.024  0.000  0.098  0.563
   0.90831     -5.342031  0.109  0.222  0.085  0.000  0.000  0.019  0.022  0.000  0.105  0.561
   0.89390     -5.342352  0.106  0.221  0.086  0.000  0.000  0.015  0.019  0.000  0.111  0.560
   0.87948     -5.341103  0.104  0.217  0.091  0.000  0.000  0.012  0.016  0.000  0.118  0.559
   0.86506     -5.338217  0.101  0.214  0.095  0.000  0.000  0.009  0.014  0.000  0.125  0.559
   0.85064     -5.333660  0.100  0.210  0.098  0.000  0.000  0.006  0.012  0.000  0.131  0.560
   0.83623     -5.327404  0.099  0.206  0.102  0.000  0.000  0.004  0.009  0.000  0.137  0.560
   0.82181     -5.319443  0.096  0.202  0.106  0.000  0.000  0.003  0.008  0.000  0.145  0.562
   0.80739     -5.309789  0.094  0.198  0.110  0.000  0.000  0.002  0.006  0.000  0.151  0.563
   0.79297     -5.298471  0.091  0.194  0.114  0.000  0.000  0.002  0.007  0.000  0.156  0.564
   0.77856     -5.285534  0.089  0.190  0.118  0.000  0.000  0.001  0.007  0.000  0.161  0.566
   0.76414     -5.271033  0.088  0.184  0.120  0.000  0.000  0.001  0.008  0.000  0.165  0.568
   0.74972     -5.255027  0.085  0.180  0.124  0.000  0.000  0.001  0.010  0.000  0.170  0.572
   0.73530     -5.237593  0.084  0.176  0.126  0.000  0.000  0.002  0.012  0.000  0.172  0.575
   0.72088     -5.218809  0.083  0.174  0.128  0.000  0.000  0.002  0.015  0.000  0.176  0.577
   0.70647     -5.198748  0.082  0.169  0.130  0.000  0.000  0.003  0.018  0.000  0.177  0.580
   0.69205     -5.177503  0.081  0.165  0.132  0.000  0.000  0.005  0.022  0.000  0.180  0.583
   0.67763     -5.155166  0.080  0.162  0.133  0.000  0.000  0.005  0.027  0.000  0.180  0.586
   0.66321     -5.131838  0.079  0.158  0.134  0.000  0.000  0.006  0.032  0.000  0.182  0.591
   0.64880     -5.107626  0.078  0.155  0.134  0.000  0.000  0.007  0.038  0.000  0.184  0.594
   0.63438     -5.082662  0.077  0.150  0.134  0.000  0.000  0.008  0.044  0.000  0.184  0.599
   0.61996     -5.057074  0.077  0.148  0.133  0.000  0.000  0.009  0.052  0.000  0.185  0.604
   0.60554     -5.030998  0.076  0.145  0.133  0.000  0.000  0.010  0.059  0.000  0.186  0.608
   0.59113     -5.004604  0.074  0.142  0.133  0.000  0.000  0.012  0.068  0.000  0.186  0.615
   0.57671     -4.978059  0.075  0.137  0.130  0.000  0.000  0.013  0.077  0.000  0.187  0.620
   0.56229     -4.951552  0.074  0.134  0.128  0.000  0.000  0.015  0.087  0.000  0.188  0.626
   0.56229     -4.951552  0.074  0.134  0.128  0.000  0.000  0.015  0.087  0.000  0.188  0.626
   0.54787     -4.925288  0.073  0.131  0.126  0.000  0.000  0.017  0.098  0.000  0.189  0.633
   0.53345     -4.899477  0.071  0.127  0.121  0.000  0.000  0.019  0.110  0.000  0.190  0.642
   0.51904     -4.874351  0.070  0.124  0.119  0.000  0.000  0.022  0.122  0.001  0.192  0.649
   0.50462     -4.859306  0.000  0.000  0.000  0.100  0.184  0.000  0.000  0.588  0.001  0.874
   0.49020     -4.858210  0.000  0.000  0.000  0.100  0.185  0.000  0.000  0.590  0.000  0.875
   0.47578     -4.857020  0.000  0.000  0.000  0.098  0.185  0.000  0.000  0.590  0.000  0.874
   0.46137     -4.855724  0.000  0.000  0.000  0.098  0.186  0.000  0.000  0.590  0.000  0.874
   0.44695     -4.854328  0.000  0.000  0.000  0.098  0.186  0.000  0.000  0.590  0.000  0.875
   0.43253     -4.852840  0.000  0.000  0.000  0.098  0.186  0.000  0.000  0.590  0.000  0.875
   0.41811     -4.851270  0.000  0.000  0.000  0.098  0.187  0.000  0.000  0.589  0.000  0.875
   0.40370     -4.849626  0.000  0.000  0.000  0.098  0.187  0.000  0.000  0.590  0.000  0.875
   0.38928     -4.847919  0.000  0.000  0.000  0.099  0.187  0.000  0.000  0.589  0.000  0.876
   0.37486     -4.846161  0.000  0.000  0.000  0.099  0.188  0.000  0.000  0.589  0.000  0.876
   0.36044     -4.844368  0.000  0.000  0.000  0.099  0.188  0.000  0.000  0.589  0.000  0.877
   0.34602     -4.844394  0.028  0.127  0.058  0.008  0.016  0.252  0.106  0.048  0.131  0.773
   0.33161     -4.859911  0.033  0.139  0.060  0.000  0.000  0.272  0.132  0.000  0.127  0.763
   0.31719     -4.875019  0.038  0.140  0.057  0.000  0.000  0.269  0.148  0.000  0.113  0.763
   0.30277     -4.889546  0.041  0.142  0.056  0.000  0.000  0.265  0.163  0.000  0.099  0.762
   0.28835     -4.903500  0.043  0.143  0.051  0.000  0.000  0.259  0.177  0.000  0.086  0.762
   0.27394     -4.916910  0.046  0.147  0.048  0.000  0.000  0.253  0.190  0.000  0.073  0.757
   0.25952     -4.929854  0.052  0.149  0.047  0.000  0.000  0.247  0.200  0.000  0.061  0.753
   0.24510     -4.942441  0.055  0.152  0.044  0.000  0.000  0.240  0.206  0.000  0.049  0.749
   0.23068     -4.954789  0.059  0.159  0.042  0.000  0.000  0.231  0.211  0.000  0.040  0.742
   0.21627     -4.967057  0.063  0.163  0.042  0.000  0.000  0.222  0.212  0.000  0.032  0.736
   0.20185     -4.979391  0.069  0.169  0.042  0.000  0.000  0.213  0.209  0.000  0.025  0.727
   0.18743     -4.991948  0.074  0.176  0.041  0.000  0.000  0.203  0.203  0.000  0.020  0.716
   0.17301     -5.004874  0.078  0.182  0.041  0.000  0.000  0.193  0.194  0.000  0.017  0.705
   0.15859     -5.018285  0.084  0.189  0.040  0.000  0.000  0.182  0.182  0.000  0.015  0.693
   0.14418     -5.032265  0.088  0.196  0.042  0.000  0.000  0.170  0.169  0.000  0.015  0.682
   0.12976     -5.046849  0.093  0.203  0.043  0.000  0.000  0.160  0.156  0.000  0.017  0.671
   0.11534     -5.062028  0.096  0.208  0.047  0.000  0.000  0.148  0.142  0.000  0.020  0.658
   0.10092     -5.077750  0.100  0.211  0.047  0.000  0.000  0.138  0.127  0.000  0.023  0.648
   0.08651     -5.093928  0.104  0.216  0.049  0.000  0.000  0.128  0.114  0.000  0.028  0.638
   0.07209     -5.110449  0.105  0.219  0.052  0.000  0.000  0.119  0.102  0.000  0.032  0.630
   0.05767     -5.127182  0.107  0.222  0.054  0.000  0.000  0.110  0.092  0.000  0.037  0.622
   0.04325     -5.143999  0.108  0.223  0.056  0.000  0.000  0.102  0.083  0.000  0.041  0.614
   0.02884     -5.160763  0.110  0.225  0.057  0.000  0.000  0.095  0.075  0.000  0.045  0.608
   0.01442     -5.177345  0.110  0.227  0.059  0.000  0.000  0.088  0.068  0.000  0.049  0.603
   0.00000     -5.193625  0.111  0.228  0.062  0.000  0.000  0.082  0.062  0.000  0.053  0.599
 
# Band-Index:    5
   0.00000     -4.817823  0.000  0.000  0.000  0.107  0.196  0.000  0.000  0.572  0.000  0.876
   0.01442     -4.817370  0.000  0.000  0.000  0.104  0.196  0.000  0.000  0.572  0.000  0.874
   0.02884     -4.817071  0.000  0.000  0.000  0.104  0.196  0.000  0.000  0.573  0.000  0.874
   0.04325     -4.816927  0.000  0.000  0.000  0.104  0.196  0.000  0.000  0.574  0.000  0.875
   0.05767     -4.816940  0.000  0.000  0.000  0.104  0.196  0.000  0.000  0.575  0.000  0.876
   0.07209     -4.817110  0.000  0.000  0.000  0.104  0.196  0.000  0.000  0.575  0.000  0.875
   0.08651     -4.817434  0.000  0.000  0.000  0.104  0.196  0.000  0.000  0.576  0.000  0.876
   0.10092     -4.817911  0.000  0.000  0.000  0.103  0.196  0.000  0.000  0.577  0.000  0.876
   0.11534     -4.818539  0.000  0.000  0.000  0.103  0.195  0.000  0.000  0.578  0.000  0.877
   0.12976     -4.819312  0.000  0.000  0.000  0.103  0.195  0.000  0.000  0.579  0.000  0.876
   0.14418     -4.820221  0.000  0.000  0.000  0.101  0.195  0.000  0.000  0.579  0.000  0.875
   0.15859     -4.821263  0.000  0.000  0.000  0.100  0.195  0.000  0.000  0.580  0.000  0.875
   0.17301     -4.822429  0.000  0.000  0.000  0.100  0.194  0.000  0.000  0.581  0.000  0.875
   0.18743     -4.823712  0.000  0.000  0.000  0.100  0.193  0.000  0.000  0.582  0.000  0.875
   0.20185     -4.825102  0.000  0.000  0.000  0.100  0.193  0.000  0.000  0.582  0.000  0.875
   0.21627     -4.826589  0.000  0.000  0.000  0.099  0.192  0.000  0.000  0.584  0.000  0.875
   0.23068     -4.828163  0.000  0.000  0.000  0.099  0.192  0.000  0.000  0.584  0.000  0.876
   0.24510     -4.829813  0.000  0.000  0.000  0.099  0.191  0.000  0.000  0.584  0.000  0.876
   0.25952     -4.831529  0.000  0.000  0.000  0.098  0.191  0.000  0.000  0.586  0.000  0.876
   0.27394     -4.833296  0.000  0.000  0.000  0.098  0.191  0.000  0.000  0.586  0.000  0.876
   0.28835     -4.835105  0.000  0.000  0.000  0.098  0.190  0.000  0.000  0.586  0.000  0.875
   0.30277     -4.836941  0.000  0.000  0.000  0.099  0.190  0.000  0.000  0.588  0.000  0.875
   0.31719     -4.838794  0.000  0.000  0.000  0.098  0.189  0.000  0.000  0.588  0.000  0.875
   0.33161     -4.840646  0.000  0.000  0.000  0.098  0.189  0.000  0.000  0.588  0.000  0.877
   0.34602     -4.842349  0.002  0.012  0.005  0.091  0.173  0.022  0.009  0.540  0.011  0.868
   0.36044     -4.828075  0.028  0.138  0.062  0.000  0.000  0.275  0.100  0.001  0.159  0.764
   0.37486     -4.811630  0.025  0.138  0.065  0.000  0.000  0.273  0.087  0.000  0.178  0.765
   0.38928     -4.795122  0.021  0.137  0.066  0.000  0.000  0.269  0.076  0.000  0.201  0.769
   0.40370     -4.779096  0.015  0.135  0.065  0.000  0.000  0.252  0.074  0.000  0.233  0.774
   0.41811     -4.765178  0.009  0.128  0.062  0.000  0.000  0.203  0.092  0.000  0.287  0.781
   0.43253     -4.759827  0.017  0.115  0.067  0.000  0.000  0.083  0.159  0.000  0.324  0.764
   0.44695     -4.769304  0.046  0.109  0.086  0.000  0.000  0.030  0.187  0.000  0.266  0.721
   0.46137     -4.785904  0.058  0.111  0.096  0.000  0.000  0.027  0.178  0.000  0.228  0.695
   0.47578     -4.805511  0.064  0.113  0.103  0.000  0.000  0.025  0.164  0.000  0.210  0.680
   0.49020     -4.827058  0.067  0.117  0.109  0.000  0.000  0.025  0.150  0.000  0.201  0.669
   0.50462     -4.850080  0.070  0.120  0.113  0.000  0.001  0.024  0.136  0.002  0.195  0.659
   0.51904     -4.860207  0.000  0.000  0.000  0.100  0.185  0.000  0.000  0.588  0.000  0.874
   0.53345     -4.861045  0.000  0.000  0.000  0.100  0.185  0.000  0.000  0.589  0.000  0.874
   0.54787     -4.861741  0.000  0.000  0.000  0.100  0.184  0.000  0.000  0.588  0.000  0.874
   0.56229     -4.862300  0.000  0.000  0.000  0.100  0.184  0.000  0.000  0.588  0.000  0.873
   0.56229     -4.862300  0.000  0.000  0.000  0.100  0.184  0.000  0.000  0.588  0.000  0.873
   0.57671     -4.862723  0.000  0.000  0.000  0.100  0.184  0.000  0.000  0.587  0.000  0.873
   0.59113     -4.863004  0.000  0.000  0.000  0.100  0.184  0.000  0.000  0.587  0.000  0.873
   0.60554     -4.863140  0.000  0.000  0.000  0.103  0.185  0.000  0.000  0.586  0.000  0.874
   0.61996     -4.863132  0.000  0.000  0.000  0.103  0.185  0.000  0.000  0.585  0.000  0.874
   0.63438     -4.862977  0.000  0.000  0.000  0.103  0.185  0.000  0.000  0.585  0.000  0.873
   0.64880     -4.862683  0.000  0.000  0.000  0.103  0.185  0.000  0.000  0.585  0.000  0.872
   0.66321     -4.862248  0.000  0.000  0.000  0.103  0.186  0.000  0.000  0.584  0.000  0.873
   0.67763     -4.861674  0.000  0.000  0.000  0.103  0.186  0.000  0.000  0.583  0.000  0.872
   0.69205     -4.860963  0.000  0.000  0.000  0.104  0.186  0.000  0.000  0.582  0.000  0.872
   0.70647     -4.860124  0.000  0.000  0.000  0.104  0.186  0.000  0.000  0.582  0.000  0.871
   0.72088     -4.859156  0.000  0.000  0.000  0.104  0.186  0.000  0.000  0.580  0.000  0.871
   0.73530     -4.858067  0.000  0.000  0.000  0.104  0.187  0.000  0.000  0.580  0.000  0.872
   0.74972     -4.856864  0.000  0.000  0.000  0.105  0.187  0.000  0.000  0.579  0.000  0.871
   0.76414     -4.855555  0.000  0.000  0.000  0.105  0.187  0.000  0.000  0.579  0.000  0.871
   0.77856     -4.854145  0.000  0.000  0.000  0.105  0.188  0.000  0.000  0.577  0.000  0.871
   0.79297     -4.852644  0.000  0.000  0.000  0.105  0.188  0.000  0.000  0.577  0.000  0.871
   0.80739     -4.851060  0.000  0.000  0.000  0.106  0.188  0.000  0.000  0.576  0.000  0.871
   0.82181     -4.849404  0.000  0.000  0.000  0.106  0.189  0.000  0.000  0.576  0.000  0.871
   0.83623     -4.847684  0.000  0.000  0.000  0.106  0.189  0.000  0.000  0.575  0.000  0.871
   0.85064     -4.845914  0.000  0.000  0.000  0.107  0.190  0.000  0.000  0.574  0.000  0.871
   0.86506     -4.844102  0.000  0.000  0.000  0.107  0.190  0.000  0.000  0.574  0.000  0.871
   0.87948     -4.842262  0.000  0.000  0.000  0.107  0.190  0.000  0.000  0.573  0.000  0.871
   0.89390     -4.840403  0.000  0.000  0.000  0.107  0.191  0.000  0.000  0.572  0.000  0.871
   0.90831     -4.838541  0.000  0.000  0.000  0.107  0.191  0.000  0.000  0.572  0.000  0.871
   0.92273     -4.836683  0.000  0.000  0.000  0.108  0.192  0.000  0.000  0.571  0.000  0.871
   0.93715     -4.834844  0.000  0.000  0.000  0.108  0.192  0.000  0.000  0.571  0.000  0.872
   0.95157     -4.833036  0.000  0.000  0.000  0.108  0.193  0.000  0.000  0.571  0.000  0.872
   0.96599     -4.831272  0.000  0.000  0.000  0.108  0.193  0.000  0.000  0.571  0.000  0.872
   0.98040     -4.829562  0.000  0.000  0.000  0.108  0.193  0.000  0.000  0.570  0.000  0.873
   0.99482     -4.827919  0.000  0.000  0.000  0.108  0.194  0.000  0.000  0.570  0.000  0.873
   1.00924     -4.826354  0.000  0.000  0.000  0.109  0.194  0.000  0.000  0.570  0.000  0.874
   1.02366     -4.824878  0.000  0.000  0.000  0.107  0.194  0.000  0.000  0.571  0.000  0.872
   1.03807     -4.823502  0.000  0.000  0.000  0.107  0.195  0.000  0.000  0.570  0.000  0.872
   1.05249     -4.822236  0.000  0.000  0.000  0.107  0.195  0.000  0.000  0.571  0.000  0.873
   1.06691     -4.821082  0.000  0.000  0.000  0.107  0.195  0.000  0.000  0.571  0.000  0.873
   1.08133     -4.820060  0.000  0.000  0.000  0.107  0.195  0.000  0.000  0.571  0.000  0.874
   1.09574     -4.819172  0.000  0.000  0.000  0.107  0.196  0.000  0.000  0.571  0.000  0.874
   1.11016     -4.818425  0.000  0.000  0.000  0.107  0.196  0.000  0.000  0.572  0.000  0.874
   1.12458     -4.817823  0.000  0.000  0.000  0.107  0.196  0.000  0.000  0.572  0.000  0.876
 
# Band-Index:    6
   1.12458     -4.801910  0.009  0.013  0.068  0.000  0.000  0.000  0.733  0.000  0.035  0.857
   1.11016     -4.800185  0.009  0.013  0.067  0.000  0.000  0.000  0.743  0.000  0.029  0.858
   1.09574     -4.797963  0.006  0.013  0.065  0.000  0.000  0.000  0.750  0.000  0.024  0.860
   1.08133     -4.795309  0.006  0.015  0.064  0.000  0.000  0.000  0.755  0.000  0.019  0.859
   1.06691     -4.792270  0.006  0.018  0.062  0.000  0.000  0.001  0.759  0.000  0.015  0.860
   1.05249     -4.788894  0.006  0.018  0.062  0.000  0.000  0.002  0.761  0.000  0.012  0.860
   1.03807     -4.785215  0.005  0.020  0.060  0.000  0.000  0.003  0.761  0.000  0.010  0.861
   1.02366     -4.781268  0.005  0.022  0.059  0.000  0.000  0.005  0.760  0.000  0.008  0.860
   1.00924     -4.777083  0.005  0.024  0.059  0.000  0.000  0.008  0.757  0.000  0.007  0.861
   0.99482     -4.772682  0.005  0.025  0.058  0.000  0.000  0.011  0.754  0.000  0.006  0.860
   0.98040     -4.768087  0.005  0.027  0.058  0.000  0.000  0.015  0.748  0.000  0.006  0.858
   0.96599     -4.763314  0.005  0.029  0.056  0.000  0.000  0.019  0.742  0.000  0.006  0.858
   0.95157     -4.758379  0.005  0.030  0.056  0.000  0.000  0.023  0.735  0.000  0.007  0.857
   0.93715     -4.753294  0.005  0.032  0.056  0.000  0.000  0.029  0.726  0.000  0.009  0.858
   0.92273     -4.748072  0.005  0.034  0.055  0.000  0.000  0.034  0.717  0.000  0.010  0.855
   0.90831     -4.742719  0.005  0.036  0.055  0.000  0.000  0.041  0.706  0.000  0.012  0.855
   0.89390     -4.737249  0.005  0.038  0.053  0.000  0.000  0.048  0.694  0.000  0.015  0.855
   0.87948     -4.731670  0.005  0.040  0.053  0.000  0.000  0.055  0.682  0.000  0.017  0.852
   0.86506     -4.725993  0.006  0.042  0.053  0.000  0.000  0.063  0.668  0.000  0.019  0.852
   0.85064     -4.720228  0.007  0.044  0.054  0.000  0.000  0.072  0.653  0.000  0.023  0.851
   0.83623     -4.714387  0.007  0.046  0.052  0.000  0.000  0.081  0.637  0.000  0.027  0.851
   0.82181     -4.708482  0.007  0.048  0.052  0.000  0.000  0.091  0.620  0.000  0.031  0.850
   0.80739     -4.702530  0.007  0.050  0.052  0.000  0.000  0.101  0.603  0.000  0.035  0.848
   0.79297     -4.696548  0.007  0.054  0.051  0.000  0.000  0.111  0.584  0.000  0.039  0.847
   0.77856     -4.690559  0.007  0.056  0.051  0.000  0.000  0.122  0.564  0.000  0.044  0.845
   0.76414     -4.684590  0.007  0.058  0.051  0.000  0.000  0.133  0.544  0.000  0.049  0.845
   0.74972     -4.678672  0.008  0.062  0.052  0.000  0.000  0.145  0.522  0.000  0.054  0.843
   0.73530     -4.672848  0.010  0.064  0.052  0.000  0.000  0.157  0.499  0.000  0.060  0.840
   0.72088     -4.667160  0.010  0.066  0.053  0.000  0.000  0.169  0.475  0.000  0.066  0.839
   0.70647     -4.661670  0.010  0.070  0.054  0.000  0.000  0.181  0.450  0.000  0.072  0.837
   0.69205     -4.656442  0.011  0.074  0.054  0.000  0.000  0.194  0.424  0.000  0.079  0.832
   0.67763     -4.651556  0.011  0.076  0.054  0.000  0.000  0.207  0.397  0.000  0.086  0.830
   0.66321     -4.647107  0.013  0.080  0.055  0.000  0.000  0.220  0.368  0.000  0.093  0.828
   0.64880     -4.643208  0.014  0.084  0.056  0.000  0.000  0.233  0.338  0.000  0.101  0.824
   0.63438     -4.639987  0.014  0.088  0.057  0.000  0.000  0.245  0.306  0.000  0.109  0.819
   0.61996     -4.637597  0.015  0.092  0.059  0.000  0.000  0.258  0.274  0.000  0.116  0.815
   0.60554     -4.636193  0.016  0.098  0.061  0.000  0.000  0.270  0.241  0.000  0.125  0.810
   0.59113     -4.635955  0.016  0.102  0.063  0.000  0.000  0.281  0.208  0.000  0.133  0.804
   0.57671     -4.637063  0.017  0.108  0.065  0.000  0.000  0.292  0.175  0.000  0.139  0.797
   0.56229     -4.639693  0.019  0.112  0.067  0.000  0.000  0.301  0.143  0.000  0.146  0.791
   0.56229     -4.639693  0.019  0.112  0.067  0.000  0.000  0.301  0.143  0.000  0.146  0.791
   0.54787     -4.643994  0.022  0.117  0.071  0.000  0.000  0.310  0.113  0.000  0.152  0.784
   0.53345     -4.650067  0.024  0.123  0.073  0.000  0.000  0.316  0.086  0.000  0.155  0.776
   0.51904     -4.657955  0.026  0.127  0.076  0.000  0.000  0.322  0.062  0.000  0.157  0.768
   0.50462     -4.667616  0.027  0.131  0.078  0.000  0.000  0.326  0.043  0.000  0.155  0.760
   0.49020     -4.678910  0.030  0.133  0.080  0.000  0.000  0.329  0.028  0.000  0.149  0.753
   0.47578     -4.691571  0.034  0.135  0.084  0.000  0.000  0.332  0.019  0.000  0.137  0.745
   0.46137     -4.705124  0.043  0.138  0.089  0.000  0.000  0.335  0.015  0.000  0.115  0.733
   0.44695     -4.718411  0.056  0.137  0.095  0.000  0.000  0.333  0.021  0.000  0.071  0.714
   0.43253     -4.727203  0.084  0.130  0.109  0.000  0.000  0.282  0.066  0.000  0.006  0.677
   0.41811     -4.723656  0.095  0.112  0.109  0.000  0.000  0.162  0.154  0.000  0.035  0.667
   0.40370     -4.713883  0.089  0.104  0.100  0.000  0.000  0.112  0.195  0.000  0.079  0.681
   0.38928     -4.704193  0.086  0.099  0.096  0.000  0.000  0.095  0.216  0.000  0.102  0.693
   0.37486     -4.696072  0.083  0.095  0.090  0.000  0.000  0.086  0.232  0.000  0.114  0.702
   0.36044     -4.689926  0.080  0.094  0.088  0.000  0.000  0.081  0.243  0.000  0.123  0.708
   0.34602     -4.685885  0.078  0.091  0.086  0.000  0.000  0.075  0.254  0.000  0.129  0.716
   0.33161     -4.683972  0.076  0.089  0.084  0.000  0.000  0.072  0.264  0.000  0.135  0.719
   0.31719     -4.684145  0.074  0.086  0.084  0.000  0.000  0.066  0.274  0.000  0.140  0.724
   0.30277     -4.686306  0.072  0.082  0.084  0.000  0.000  0.061  0.284  0.000  0.144  0.729
   0.28835     -4.690310  0.070  0.080  0.084  0.000  0.000  0.055  0.296  0.000  0.148  0.733
   0.27394     -4.695967  0.068  0.076  0.084  0.000  0.000  0.049  0.307  0.000  0.151  0.738
   0.25952     -4.703047  0.065  0.072  0.086  0.000  0.000  0.042  0.322  0.000  0.154  0.742
   0.24510     -4.711282  0.062  0.069  0.086  0.000  0.000  0.037  0.338  0.000  0.156  0.748
   0.23068     -4.720377  0.059  0.063  0.086  0.000  0.000  0.031  0.357  0.000  0.157  0.753
   0.21627     -4.730023  0.056  0.058  0.088  0.000  0.000  0.026  0.378  0.000  0.156  0.760
   0.20185     -4.739902  0.050  0.052  0.088  0.000  0.000  0.021  0.402  0.000  0.154  0.769
   0.18743     -4.749701  0.047  0.047  0.088  0.000  0.000  0.018  0.428  0.000  0.150  0.777
   0.17301     -4.759136  0.041  0.040  0.087  0.000  0.000  0.014  0.457  0.000  0.144  0.785
   0.15859     -4.767957  0.038  0.034  0.087  0.000  0.000  0.012  0.487  0.000  0.137  0.796
   0.14418     -4.775962  0.032  0.028  0.085  0.000  0.000  0.009  0.517  0.000  0.129  0.803
   0.12976     -4.783007  0.030  0.024  0.084  0.000  0.000  0.008  0.548  0.000  0.120  0.813
   0.11534     -4.789004  0.025  0.021  0.083  0.000  0.000  0.007  0.577  0.000  0.110  0.820
   0.10092     -4.793919  0.023  0.017  0.079  0.000  0.000  0.006  0.605  0.000  0.099  0.829
   0.08651     -4.797764  0.018  0.013  0.078  0.000  0.000  0.005  0.630  0.000  0.089  0.836
   0.07209     -4.800583  0.017  0.012  0.076  0.000  0.000  0.004  0.654  0.000  0.077  0.842
   0.05767     -4.802438  0.015  0.012  0.073  0.000  0.000  0.004  0.675  0.000  0.068  0.847
   0.04325     -4.803417  0.012  0.010  0.072  0.000  0.000  0.002  0.693  0.000  0.059  0.851
   0.02884     -4.803600  0.011  0.011  0.070  0.000  0.000  0.002  0.709  0.000  0.049  0.853
   0.01442     -4.803074  0.010  0.011  0.069  0.000  0.000  0.001  0.722  0.000  0.042  0.855
   0.00000     -4.801910  0.009  0.013  0.068  0.000  0.000  0.000  0.733  0.000  0.035  0.857
 
# Band-Index:    7
   0.00000     -3.655283  0.036  0.087  0.057  0.000  0.000  0.518  0.066  0.000  0.049  0.812
   0.01442     -3.676214  0.036  0.084  0.057  0.000  0.000  0.512  0.070  0.000  0.054  0.813
   0.02884     -3.696752  0.034  0.084  0.056  0.000  0.000  0.505  0.075  0.000  0.059  0.813
   0.04325     -3.716821  0.034  0.082  0.056  0.000  0.000  0.498  0.080  0.000  0.065  0.816
   0.05767     -3.736350  0.034  0.079  0.056  0.000  0.000  0.490  0.085  0.000  0.071  0.816
   0.07209     -3.755277  0.034  0.079  0.058  0.000  0.000  0.481  0.090  0.000  0.076  0.819
   0.08651     -3.773529  0.034  0.077  0.058  0.000  0.000  0.472  0.095  0.000  0.083  0.818
   0.10092     -3.791046  0.033  0.075  0.057  0.000  0.000  0.462  0.101  0.000  0.088  0.819
   0.11534     -3.807767  0.033  0.075  0.059  0.000  0.000  0.452  0.107  0.000  0.095  0.818
   0.12976     -3.823631  0.033  0.073  0.061  0.000  0.000  0.442  0.112  0.000  0.101  0.819
   0.14418     -3.838575  0.033  0.071  0.061  0.000  0.000  0.430  0.117  0.000  0.108  0.819
   0.15859     -3.852543  0.033  0.068  0.063  0.000  0.000  0.418  0.123  0.000  0.115  0.819
   0.17301     -3.865479  0.033  0.068  0.065  0.000  0.000  0.405  0.129  0.000  0.121  0.819
   0.18743     -3.877333  0.033  0.065  0.067  0.000  0.000  0.393  0.135  0.000  0.128  0.818
   0.20185     -3.888065  0.033  0.063  0.069  0.000  0.000  0.380  0.140  0.000  0.135  0.819
   0.21627     -3.897650  0.033  0.061  0.071  0.000  0.000  0.365  0.146  0.000  0.142  0.818
   0.23068     -3.906086  0.034  0.060  0.073  0.000  0.000  0.351  0.152  0.000  0.149  0.819
   0.24510     -3.913398  0.034  0.058  0.077  0.000  0.000  0.336  0.160  0.000  0.155  0.817
   0.25952     -3.919652  0.035  0.055  0.079  0.000  0.000  0.321  0.167  0.000  0.160  0.817
   0.27394     -3.924961  0.036  0.053  0.082  0.000  0.000  0.306  0.175  0.000  0.165  0.815
   0.28835     -3.929498  0.037  0.048  0.086  0.000  0.000  0.291  0.184  0.000  0.169  0.814
   0.30277     -3.933493  0.039  0.045  0.090  0.000  0.000  0.276  0.196  0.000  0.171  0.814
   0.31719     -3.937215  0.040  0.042  0.093  0.000  0.000  0.261  0.208  0.000  0.169  0.812
   0.33161     -3.940975  0.040  0.038  0.099  0.000  0.000  0.246  0.223  0.000  0.166  0.811
   0.34602     -3.945073  0.042  0.034  0.103  0.000  0.000  0.231  0.239  0.000  0.159  0.809
   0.36044     -3.949749  0.043  0.032  0.108  0.000  0.000  0.216  0.257  0.000  0.149  0.807
   0.37486     -3.955111  0.043  0.028  0.114  0.000  0.000  0.201  0.277  0.000  0.136  0.802
   0.38928     -3.961111  0.046  0.027  0.120  0.000  0.000  0.186  0.298  0.000  0.122  0.797
   0.40370     -3.967501  0.045  0.027  0.126  0.000  0.000  0.171  0.318  0.000  0.106  0.791
   0.41811     -3.973845  0.045  0.025  0.130  0.000  0.000  0.156  0.338  0.000  0.090  0.784
   0.43253     -3.979583  0.044  0.027  0.133  0.000  0.000  0.141  0.357  0.000  0.074  0.777
   0.44695     -3.984079  0.044  0.029  0.139  0.000  0.000  0.126  0.373  0.000  0.061  0.772
   0.46137     -3.986692  0.042  0.031  0.142  0.000  0.000  0.112  0.386  0.000  0.050  0.763
   0.47578     -3.986825  0.044  0.034  0.146  0.000  0.000  0.098  0.394  0.000  0.040  0.755
   0.49020     -3.983971  0.042  0.037  0.151  0.000  0.000  0.087  0.399  0.000  0.035  0.747
   0.50462     -3.977738  0.040  0.040  0.153  0.000  0.000  0.075  0.399  0.000  0.031  0.739
   0.51904     -3.967849  0.040  0.044  0.157  0.000  0.000  0.065  0.393  0.000  0.031  0.729
   0.53345     -3.954204  0.039  0.049  0.161  0.000  0.000  0.057  0.383  0.000  0.033  0.722
   0.54787     -3.936813  0.039  0.053  0.163  0.000  0.000  0.051  0.369  0.000  0.039  0.715
   0.56229     -3.915817  0.039  0.058  0.168  0.000  0.000  0.045  0.352  0.000  0.045  0.705
   0.56229     -3.915817  0.039  0.058  0.168  0.000  0.000  0.045  0.352  0.000  0.045  0.705
   0.57671     -3.891463  0.036  0.061  0.171  0.000  0.000  0.041  0.333  0.000  0.055  0.699
   0.59113     -3.864070  0.035  0.067  0.174  0.000  0.000  0.040  0.312  0.000  0.064  0.692
   0.60554     -3.834020  0.034  0.070  0.177  0.000  0.000  0.039  0.290  0.000  0.076  0.688
   0.61996     -3.801741  0.034  0.073  0.180  0.000  0.000  0.039  0.269  0.000  0.088  0.682
   0.63438     -3.767683  0.033  0.075  0.182  0.000  0.000  0.041  0.247  0.000  0.100  0.679
   0.64880     -3.732332  0.032  0.076  0.184  0.000  0.000  0.045  0.227  0.000  0.114  0.678
   0.66321     -3.696185  0.031  0.077  0.185  0.000  0.000  0.051  0.206  0.000  0.127  0.679
   0.67763     -3.659761  0.031  0.077  0.185  0.000  0.000  0.059  0.187  0.000  0.141  0.679
   0.69205     -3.623593  0.030  0.077  0.183  0.000  0.000  0.069  0.168  0.000  0.154  0.681
   0.70647     -3.588225  0.029  0.075  0.181  0.000  0.000  0.082  0.150  0.000  0.167  0.686
   0.72088     -3.554203  0.027  0.075  0.179  0.000  0.000  0.098  0.133  0.000  0.180  0.692
   0.73530     -3.522043  0.026  0.073  0.175  0.000  0.000  0.117  0.117  0.000  0.190  0.699
   0.74972     -3.492231  0.026  0.072  0.170  0.000  0.000  0.140  0.103  0.000  0.198  0.708
   0.76414     -3.465177  0.025  0.069  0.164  0.000  0.000  0.165  0.089  0.000  0.204  0.716
   0.77856     -3.441209  0.023  0.067  0.156  0.000  0.000  0.194  0.078  0.000  0.206  0.725
   0.79297     -3.420565  0.024  0.066  0.150  0.000  0.000  0.225  0.068  0.000  0.204  0.735
   0.80739     -3.403398  0.022  0.065  0.141  0.000  0.000  0.258  0.058  0.000  0.198  0.745
   0.82181     -3.389784  0.023  0.067  0.133  0.000  0.000  0.291  0.051  0.000  0.188  0.754
   0.83623     -3.379742  0.022  0.067  0.125  0.000  0.000  0.325  0.046  0.000  0.173  0.762
   0.85064     -3.373233  0.023  0.070  0.120  0.000  0.000  0.359  0.041  0.000  0.156  0.768
   0.86506     -3.370187  0.024  0.072  0.112  0.000  0.000  0.391  0.037  0.000  0.137  0.773
   0.87948     -3.370484  0.023  0.074  0.106  0.000  0.000  0.421  0.035  0.000  0.117  0.779
   0.89390     -3.373959  0.025  0.078  0.101  0.000  0.000  0.448  0.034  0.000  0.097  0.782
   0.90831     -3.380411  0.026  0.082  0.095  0.000  0.000  0.471  0.032  0.000  0.080  0.786
   0.92273     -3.389583  0.026  0.085  0.091  0.000  0.000  0.492  0.031  0.000  0.064  0.789
   0.93715     -3.401199  0.028  0.087  0.086  0.000  0.000  0.508  0.032  0.000  0.050  0.791
   0.95157     -3.414960  0.030  0.091  0.081  0.000  0.000  0.521  0.032  0.000  0.040  0.794
   0.96599     -3.430564  0.029  0.091  0.079  0.000  0.000  0.530  0.033  0.000  0.032  0.796
   0.98040     -3.447713  0.031  0.093  0.075  0.000  0.000  0.537  0.034  0.000  0.026  0.796
   0.99482     -3.466139  0.032  0.093  0.073  0.000  0.000  0.541  0.036  0.000  0.023  0.799
   1.00924     -3.485586  0.032  0.094  0.069  0.000  0.000  0.544  0.038  0.000  0.022  0.799
   1.02366     -3.505825  0.032  0.094  0.067  0.000  0.000  0.544  0.041  0.000  0.023  0.803
   1.03807     -3.526655  0.033  0.094  0.065  0.000  0.000  0.543  0.044  0.000  0.025  0.803
   1.05249     -3.547895  0.034  0.091  0.063  0.000  0.000  0.541  0.046  0.000  0.027  0.805
   1.06691     -3.569381  0.035  0.091  0.061  0.000  0.000  0.538  0.050  0.000  0.031  0.806
   1.08133     -3.590983  0.035  0.092  0.061  0.000  0.000  0.535  0.054  0.000  0.035  0.807
   1.09574     -3.612571  0.035  0.089  0.060  0.000  0.000  0.530  0.057  0.000  0.039  0.810
   1.11016     -3.634038  0.035  0.089  0.058  0.000  0.000  0.525  0.061  0.000  0.044  0.811
   1.12458     -3.655283  0.036  0.087  0.057  0.000  0.000  0.518  0.066  0.000  0.049  0.812
 
# Band-Index:    8
   1.12458     -3.285063  0.000  0.000  0.000  0.093  0.559  0.000  0.000  0.225  0.000  0.879
   1.11016     -3.286419  0.000  0.000  0.000  0.093  0.559  0.000  0.000  0.227  0.000  0.879
   1.09574     -3.287763  0.000  0.000  0.000  0.093  0.558  0.000  0.000  0.227  0.000  0.880
   1.08133     -3.289087  0.000  0.000  0.000  0.093  0.558  0.000  0.000  0.228  0.000  0.880
   1.06691     -3.290380  0.000  0.000  0.000  0.091  0.558  0.000  0.000  0.229  0.000  0.878
   1.05249     -3.291636  0.000  0.000  0.000  0.090  0.558  0.000  0.000  0.229  0.000  0.879
   1.03807     -3.292843  0.000  0.000  0.000  0.090  0.559  0.000  0.000  0.230  0.000  0.879
   1.02366     -3.293994  0.000  0.000  0.000  0.090  0.560  0.000  0.000  0.229  0.000  0.880
   1.00924     -3.295085  0.000  0.000  0.000  0.090  0.561  0.000  0.000  0.229  0.000  0.880
   0.99482     -3.296112  0.000  0.000  0.000  0.088  0.562  0.000  0.000  0.229  0.000  0.879
   0.98040     -3.297066  0.000  0.000  0.000  0.088  0.563  0.000  0.000  0.228  0.000  0.880
   0.96599     -3.297946  0.000  0.000  0.000  0.088  0.566  0.000  0.000  0.228  0.000  0.881
   0.95157     -3.298749  0.000  0.000  0.000  0.086  0.567  0.000  0.000  0.227  0.000  0.880
   0.93715     -3.299471  0.000  0.000  0.000  0.086  0.569  0.000  0.000  0.226  0.000  0.881
   0.92273     -3.300109  0.000  0.000  0.000  0.086  0.570  0.000  0.000  0.225  0.000  0.883
   0.90831     -3.300664  0.000  0.000  0.000  0.084  0.573  0.000  0.000  0.225  0.000  0.882
   0.89390     -3.301134  0.000  0.000  0.000  0.084  0.575  0.000  0.000  0.224  0.000  0.883
   0.87948     -3.301519  0.000  0.000  0.000  0.084  0.577  0.000  0.000  0.222  0.000  0.884
   0.86506     -3.301818  0.000  0.000  0.000  0.082  0.580  0.000  0.000  0.221  0.000  0.882
   0.85064     -3.302032  0.000  0.000  0.000  0.082  0.582  0.000  0.000  0.220  0.000  0.884
   0.83623     -3.302161  0.000  0.000  0.000  0.082  0.585  0.000  0.000  0.218  0.000  0.884
   0.82181     -3.302207  0.000  0.000  0.000  0.080  0.587  0.000  0.000  0.217  0.000  0.884
   0.80739     -3.302168  0.000  0.000  0.000  0.080  0.589  0.000  0.000  0.215  0.000  0.885
   0.79297     -3.302048  0.000  0.000  0.000  0.080  0.591  0.000  0.000  0.214  0.000  0.886
   0.77856     -3.301846  0.000  0.000  0.000  0.078  0.593  0.000  0.000  0.212  0.000  0.885
   0.76414     -3.301564  0.000  0.000  0.000  0.079  0.595  0.000  0.000  0.212  0.000  0.886
   0.74972     -3.301204  0.000  0.000  0.000  0.079  0.598  0.000  0.000  0.210  0.000  0.886
   0.73530     -3.300769  0.000  0.000  0.000  0.078  0.600  0.000  0.000  0.208  0.000  0.886
   0.72088     -3.300259  0.000  0.000  0.000  0.077  0.602  0.000  0.000  0.207  0.000  0.885
   0.70647     -3.299678  0.000  0.000  0.000  0.077  0.604  0.000  0.000  0.205  0.000  0.886
   0.69205     -3.299027  0.000  0.000  0.000  0.078  0.606  0.000  0.000  0.204  0.000  0.887
   0.67763     -3.298310  0.000  0.000  0.000  0.078  0.607  0.000  0.000  0.203  0.000  0.888
   0.66321     -3.297528  0.000  0.000  0.000  0.076  0.609  0.000  0.000  0.201  0.000  0.887
   0.64880     -3.296685  0.000  0.000  0.000  0.075  0.611  0.000  0.000  0.200  0.000  0.887
   0.63438     -3.295785  0.000  0.000  0.000  0.075  0.613  0.000  0.000  0.199  0.000  0.887
   0.61996     -3.294833  0.000  0.000  0.000  0.076  0.614  0.000  0.000  0.197  0.000  0.887
   0.60554     -3.293830  0.000  0.000  0.000  0.076  0.615  0.000  0.000  0.196  0.000  0.887
   0.59113     -3.292782  0.000  0.000  0.000  0.076  0.616  0.000  0.000  0.195  0.000  0.887
   0.57671     -3.291693  0.000  0.000  0.000  0.076  0.618  0.000  0.000  0.194  0.000  0.888
   0.56229     -3.290572  0.000  0.000  0.000  0.076  0.618  0.000  0.000  0.194  0.000  0.888
   0.56229     -3.290572  0.000  0.000  0.000  0.076  0.618  0.000  0.000  0.194  0.000  0.888
   0.54787     -3.307286  0.009  0.181  0.136  0.000  0.000  0.024  0.002  0.000  0.337  0.685
   0.53345     -3.328557  0.009  0.183  0.140  0.000  0.000  0.021  0.001  0.000  0.324  0.678
   0.51904     -3.349199  0.009  0.183  0.146  0.000  0.000  0.017  0.002  0.000  0.312  0.668
   0.50462     -3.368923  0.009  0.185  0.152  0.000  0.000  0.014  0.002  0.000  0.296  0.659
   0.49020     -3.387382  0.007  0.187  0.159  0.000  0.000  0.011  0.004  0.000  0.281  0.650
   0.47578     -3.404178  0.007  0.191  0.165  0.000  0.000  0.009  0.006  0.000  0.263  0.640
   0.46137     -3.418858  0.008  0.191  0.173  0.000  0.000  0.007  0.008  0.000  0.244  0.632
   0.44695     -3.430908  0.008  0.194  0.181  0.000  0.000  0.005  0.012  0.000  0.223  0.622
   0.43253     -3.439781  0.007  0.195  0.189  0.000  0.000  0.003  0.016  0.000  0.202  0.612
   0.41811     -3.444919  0.008  0.194  0.198  0.000  0.000  0.002  0.022  0.000  0.180  0.603
   0.40370     -3.445793  0.009  0.194  0.206  0.000  0.000  0.001  0.027  0.000  0.157  0.595
   0.38928     -3.441961  0.008  0.193  0.215  0.000  0.000  0.002  0.033  0.000  0.135  0.588
   0.37486     -3.433130  0.010  0.190  0.225  0.000  0.000  0.004  0.041  0.000  0.114  0.581
   0.36044     -3.419204  0.012  0.186  0.232  0.000  0.000  0.007  0.046  0.000  0.095  0.577
   0.34602     -3.400298  0.013  0.180  0.241  0.000  0.000  0.011  0.052  0.000  0.079  0.577
   0.33161     -3.376733  0.015  0.175  0.246  0.000  0.000  0.017  0.055  0.000  0.066  0.577
   0.31719     -3.348998  0.017  0.170  0.252  0.000  0.000  0.025  0.059  0.000  0.056  0.578
   0.30277     -3.317700  0.019  0.163  0.257  0.000  0.000  0.033  0.060  0.000  0.049  0.581
   0.28835     -3.283569  0.021  0.156  0.257  0.000  0.002  0.044  0.059  0.001  0.045  0.589
   0.27394     -3.271077  0.000  0.000  0.000  0.086  0.603  0.000  0.000  0.197  0.000  0.885
   0.25952     -3.270833  0.000  0.000  0.000  0.086  0.601  0.000  0.000  0.198  0.000  0.885
   0.24510     -3.270717  0.000  0.000  0.000  0.086  0.598  0.000  0.000  0.199  0.000  0.883
   0.23068     -3.270729  0.000  0.000  0.000  0.088  0.596  0.000  0.000  0.201  0.000  0.884
   0.21627     -3.270865  0.000  0.000  0.000  0.088  0.593  0.000  0.000  0.202  0.000  0.882
   0.20185     -3.271126  0.000  0.000  0.000  0.090  0.590  0.000  0.000  0.204  0.000  0.883
   0.18743     -3.271511  0.000  0.000  0.000  0.089  0.588  0.000  0.000  0.205  0.000  0.883
   0.17301     -3.272019  0.000  0.000  0.000  0.089  0.584  0.000  0.000  0.207  0.000  0.881
   0.15859     -3.272646  0.000  0.000  0.000  0.091  0.582  0.000  0.000  0.209  0.000  0.882
   0.14418     -3.273385  0.000  0.000  0.000  0.091  0.579  0.000  0.000  0.210  0.000  0.881
   0.12976     -3.274231  0.000  0.000  0.000  0.092  0.576  0.000  0.000  0.213  0.000  0.879
   0.11534     -3.275175  0.000  0.000  0.000  0.093  0.574  0.000  0.000  0.214  0.000  0.881
   0.10092     -3.276209  0.000  0.000  0.000  0.093  0.572  0.000  0.000  0.216  0.000  0.880
   0.08651     -3.277324  0.000  0.000  0.000  0.093  0.569  0.000  0.000  0.217  0.000  0.879
   0.07209     -3.278508  0.000  0.000  0.000  0.092  0.567  0.000  0.000  0.219  0.000  0.879
   0.05767     -3.279749  0.000  0.000  0.000  0.094  0.565  0.000  0.000  0.221  0.000  0.880
   0.04325     -3.281037  0.000  0.000  0.000  0.094  0.564  0.000  0.000  0.222  0.000  0.880
   0.02884     -3.282360  0.000  0.000  0.000  0.094  0.562  0.000  0.000  0.224  0.000  0.879
   0.01442     -3.283706  0.000  0.000  0.000  0.093  0.560  0.000  0.000  0.225  0.000  0.879
   0.00000     -3.285063  0.000  0.000  0.000  0.093  0.559  0.000  0.000  0.225  0.000  0.879
 
# Band-Index:    9
   0.00000     -3.002665  0.043  0.062  0.037  0.000  0.000  0.198  0.012  0.000  0.505  0.858
   0.01442     -3.001335  0.044  0.063  0.037  0.000  0.000  0.205  0.013  0.000  0.496  0.859
   0.02884     -3.000196  0.044  0.063  0.039  0.000  0.000  0.212  0.013  0.000  0.487  0.857
   0.04325     -2.999312  0.045  0.061  0.040  0.000  0.000  0.219  0.014  0.000  0.477  0.857
   0.05767     -2.998758  0.046  0.061  0.042  0.000  0.000  0.226  0.014  0.000  0.465  0.856
   0.07209     -2.998635  0.046  0.062  0.044  0.000  0.000  0.233  0.015  0.000  0.452  0.853
   0.08651     -2.999078  0.047  0.062  0.048  0.000  0.000  0.239  0.016  0.000  0.437  0.850
   0.10092     -3.000278  0.047  0.063  0.052  0.000  0.000  0.244  0.016  0.000  0.420  0.845
   0.11534     -3.002512  0.048  0.066  0.061  0.000  0.000  0.248  0.017  0.000  0.399  0.837
   0.12976     -3.006184  0.049  0.067  0.070  0.000  0.000  0.251  0.017  0.000  0.373  0.826
   0.14418     -3.011880  0.048  0.071  0.082  0.000  0.000  0.250  0.019  0.000  0.341  0.812
   0.15859     -3.020433  0.048  0.077  0.102  0.000  0.000  0.244  0.020  0.000  0.302  0.792
   0.17301     -3.032927  0.047  0.084  0.126  0.000  0.000  0.231  0.022  0.000  0.254  0.766
   0.18743     -3.050500  0.045  0.094  0.155  0.000  0.000  0.209  0.027  0.000  0.202  0.733
   0.20185     -3.073877  0.042  0.104  0.187  0.000  0.000  0.181  0.033  0.000  0.151  0.698
   0.21627     -3.102848  0.038  0.116  0.214  0.000  0.000  0.150  0.040  0.000  0.109  0.664
   0.23068     -3.136246  0.033  0.124  0.234  0.000  0.000  0.120  0.047  0.000  0.079  0.640
   0.24510     -3.172463  0.030  0.135  0.247  0.000  0.000  0.094  0.051  0.000  0.061  0.619
   0.25952     -3.209917  0.027  0.142  0.254  0.000  0.000  0.074  0.055  0.000  0.050  0.604
   0.27394     -3.247292  0.025  0.150  0.258  0.000  0.000  0.058  0.059  0.000  0.046  0.595
   0.28835     -3.271376  0.000  0.000  0.000  0.083  0.604  0.000  0.000  0.194  0.000  0.885
   0.30277     -3.271860  0.000  0.000  0.000  0.083  0.608  0.000  0.000  0.194  0.000  0.885
   0.31719     -3.272429  0.000  0.000  0.000  0.082  0.609  0.000  0.000  0.193  0.000  0.885
   0.33161     -3.273094  0.000  0.000  0.000  0.082  0.612  0.000  0.000  0.192  0.000  0.886
   0.34602     -3.273849  0.000  0.000  0.000  0.082  0.613  0.000  0.000  0.192  0.000  0.887
   0.36044     -3.274687  0.000  0.000  0.000  0.082  0.615  0.000  0.000  0.191  0.000  0.888
   0.37486     -3.275600  0.000  0.000  0.000  0.080  0.616  0.000  0.000  0.191  0.000  0.887
   0.38928     -3.276580  0.000  0.000  0.000  0.080  0.618  0.000  0.000  0.191  0.000  0.887
   0.40370     -3.277620  0.000  0.000  0.000  0.079  0.618  0.000  0.000  0.190  0.000  0.888
   0.41811     -3.278709  0.000  0.000  0.000  0.079  0.619  0.000  0.000  0.190  0.000  0.888
   0.43253     -3.279838  0.000  0.000  0.000  0.077  0.619  0.000  0.000  0.190  0.000  0.887
   0.44695     -3.281003  0.000  0.000  0.000  0.077  0.620  0.000  0.000  0.190  0.000  0.887
   0.46137     -3.282191  0.000  0.000  0.000  0.077  0.621  0.000  0.000  0.190  0.000  0.888
   0.47578     -3.283394  0.000  0.000  0.000  0.077  0.621  0.000  0.000  0.190  0.000  0.887
   0.49020     -3.284608  0.000  0.000  0.000  0.077  0.621  0.000  0.000  0.190  0.000  0.888
   0.50462     -3.285825  0.000  0.000  0.000  0.077  0.621  0.000  0.000  0.191  0.000  0.888
   0.51904     -3.287035  0.000  0.000  0.000  0.077  0.620  0.000  0.000  0.191  0.000  0.889
   0.53345     -3.288233  0.000  0.000  0.000  0.077  0.620  0.000  0.000  0.192  0.000  0.888
   0.54787     -3.289412  0.000  0.000  0.000  0.076  0.619  0.000  0.000  0.193  0.000  0.888
   0.56229     -3.285621  0.007  0.179  0.131  0.000  0.000  0.027  0.001  0.000  0.346  0.692
   0.56229     -3.285621  0.007  0.179  0.131  0.000  0.000  0.027  0.001  0.000  0.346  0.692
   0.57671     -3.263772  0.007  0.177  0.125  0.000  0.000  0.032  0.002  0.000  0.356  0.699
   0.59113     -3.241880  0.007  0.177  0.121  0.000  0.000  0.035  0.004  0.000  0.363  0.706
   0.60554     -3.220062  0.007  0.176  0.118  0.000  0.000  0.040  0.005  0.000  0.368  0.712
   0.61996     -3.198402  0.007  0.176  0.114  0.000  0.000  0.044  0.007  0.000  0.370  0.716
   0.63438     -3.176961  0.007  0.178  0.110  0.000  0.000  0.048  0.008  0.000  0.371  0.720
   0.64880     -3.155791  0.007  0.178  0.108  0.000  0.000  0.050  0.011  0.000  0.370  0.724
   0.66321     -3.134948  0.007  0.181  0.104  0.000  0.000  0.053  0.013  0.000  0.366  0.725
   0.67763     -3.114508  0.007  0.185  0.104  0.000  0.000  0.056  0.015  0.000  0.360  0.726
   0.69205     -3.094615  0.007  0.190  0.103  0.000  0.000  0.058  0.017  0.000  0.352  0.725
   0.70647     -3.075506  0.007  0.194  0.102  0.000  0.000  0.060  0.018  0.000  0.344  0.724
   0.72088     -3.057532  0.009  0.199  0.102  0.000  0.000  0.063  0.019  0.000  0.333  0.723
   0.73530     -3.041155  0.010  0.204  0.101  0.000  0.000  0.067  0.018  0.000  0.323  0.723
   0.74972     -3.026938  0.012  0.207  0.097  0.000  0.000  0.075  0.018  0.000  0.315  0.724
   0.76414     -3.015364  0.017  0.207  0.094  0.000  0.000  0.085  0.016  0.000  0.309  0.725
   0.77856     -3.006738  0.018  0.205  0.088  0.000  0.000  0.097  0.014  0.000  0.308  0.732
   0.79297     -3.001089  0.022  0.200  0.084  0.000  0.000  0.110  0.013  0.000  0.311  0.740
   0.80739     -2.998164  0.024  0.193  0.078  0.000  0.000  0.120  0.010  0.000  0.320  0.746
   0.82181     -2.997505  0.028  0.185  0.073  0.000  0.000  0.127  0.009  0.000  0.333  0.755
   0.83623     -2.998559  0.032  0.175  0.068  0.000  0.000  0.132  0.009  0.000  0.352  0.766
   0.85064     -3.000760  0.034  0.166  0.062  0.000  0.000  0.132  0.007  0.000  0.374  0.774
   0.86506     -3.003591  0.033  0.156  0.057  0.000  0.000  0.131  0.007  0.000  0.397  0.782
   0.87948     -3.006619  0.036  0.146  0.055  0.000  0.000  0.128  0.006  0.000  0.421  0.792
   0.89390     -3.009503  0.036  0.135  0.052  0.000  0.000  0.125  0.006  0.000  0.444  0.798
   0.90831     -3.012013  0.038  0.125  0.049  0.000  0.000  0.122  0.006  0.000  0.466  0.806
   0.92273     -3.013997  0.037  0.117  0.048  0.000  0.000  0.120  0.006  0.000  0.485  0.813
   0.93715     -3.015400  0.038  0.109  0.046  0.000  0.000  0.119  0.007  0.000  0.501  0.820
   0.95157     -3.016219  0.039  0.101  0.043  0.000  0.000  0.121  0.007  0.000  0.514  0.826
   0.96599     -3.016491  0.038  0.094  0.042  0.000  0.000  0.124  0.007  0.000  0.524  0.832
   0.98040     -3.016283  0.040  0.090  0.040  0.000  0.000  0.128  0.008  0.000  0.531  0.836
   0.99482     -3.015667  0.040  0.084  0.040  0.000  0.000  0.133  0.008  0.000  0.535  0.839
   1.00924     -3.014719  0.039  0.080  0.040  0.000  0.000  0.139  0.008  0.000  0.538  0.844
   1.02366     -3.013514  0.039  0.076  0.039  0.000  0.000  0.146  0.009  0.000  0.538  0.847
   1.03807     -3.012116  0.040  0.074  0.039  0.000  0.000  0.153  0.009  0.000  0.537  0.849
   1.05249     -3.010586  0.040  0.070  0.037  0.000  0.000  0.160  0.010  0.000  0.534  0.852
   1.06691     -3.008975  0.041  0.068  0.037  0.000  0.000  0.167  0.010  0.000  0.529  0.854
   1.08133     -3.007335  0.041  0.066  0.037  0.000  0.000  0.176  0.010  0.000  0.524  0.856
   1.09574     -3.005708  0.042  0.066  0.036  0.000  0.000  0.183  0.012  0.000  0.519  0.856
   1.11016     -3.004138  0.042  0.064  0.037  0.000  0.000  0.190  0.012  0.000  0.512  0.857
   1.12458     -3.002665  0.043  0.062  0.037  0.000  0.000  0.198  0.012  0.000  0.505  0.858
 
# Band-Index:   10
   1.12458     -2.535274  0.000  0.000  0.000  0.225  0.192  0.000  0.000  0.384  0.000  0.802
   1.11016     -2.533016  0.000  0.000  0.000  0.223  0.194  0.000  0.000  0.385  0.000  0.802
   1.09574     -2.529984  0.000  0.000  0.000  0.221  0.195  0.000  0.000  0.386  0.000  0.803
   1.08133     -2.526203  0.000  0.000  0.000  0.220  0.197  0.000  0.000  0.387  0.000  0.804
   1.06691     -2.521696  0.000  0.000  0.000  0.218  0.198  0.000  0.000  0.389  0.000  0.805
   1.05249     -2.516488  0.000  0.000  0.000  0.218  0.200  0.000  0.000  0.389  0.000  0.807
   1.03807     -2.510605  0.000  0.000  0.000  0.216  0.201  0.000  0.000  0.389  0.000  0.806
   1.02366     -2.504073  0.000  0.000  0.000  0.217  0.202  0.000  0.000  0.388  0.000  0.807
   1.00924     -2.496917  0.000  0.000  0.000  0.217  0.203  0.000  0.000  0.388  0.000  0.808
   0.99482     -2.489167  0.000  0.000  0.000  0.218  0.204  0.000  0.000  0.387  0.000  0.808
   0.98040     -2.480846  0.000  0.000  0.000  0.218  0.204  0.000  0.000  0.386  0.000  0.809
   0.96599     -2.471981  0.000  0.000  0.000  0.218  0.205  0.000  0.000  0.385  0.000  0.808
   0.95157     -2.462604  0.000  0.000  0.000  0.218  0.205  0.000  0.000  0.383  0.000  0.808
   0.93715     -2.452735  0.000  0.000  0.000  0.219  0.207  0.000  0.000  0.381  0.000  0.806
   0.92273     -2.442407  0.000  0.000  0.000  0.221  0.207  0.000  0.000  0.378  0.000  0.805
   0.90831     -2.431647  0.000  0.000  0.000  0.223  0.207  0.000  0.000  0.375  0.000  0.805
   0.89390     -2.420483  0.000  0.000  0.000  0.226  0.208  0.000  0.000  0.371  0.000  0.805
   0.87948     -2.408952  0.000  0.000  0.000  0.227  0.209  0.000  0.000  0.366  0.000  0.802
   0.86506     -2.397886  0.010  0.022  0.031  0.175  0.159  0.074  0.024  0.275  0.020  0.789
   0.85064     -2.449149  0.043  0.091  0.124  0.000  0.000  0.326  0.100  0.000  0.077  0.763
   0.83623     -2.499978  0.048  0.088  0.114  0.000  0.000  0.352  0.101  0.000  0.074  0.774
   0.82181     -2.547121  0.050  0.083  0.102  0.000  0.000  0.381  0.100  0.000  0.070  0.785
   0.80739     -2.589974  0.054  0.080  0.087  0.000  0.000  0.414  0.099  0.000  0.065  0.799
   0.79297     -2.627994  0.058  0.075  0.075  0.000  0.000  0.446  0.096  0.000  0.062  0.812
   0.77856     -2.660805  0.061  0.073  0.063  0.000  0.000  0.479  0.093  0.000  0.056  0.826
   0.76414     -2.688290  0.065  0.073  0.052  0.000  0.000  0.508  0.088  0.000  0.050  0.836
   0.74972     -2.710687  0.068  0.073  0.043  0.000  0.000  0.532  0.084  0.000  0.045  0.844
   0.73530     -2.728578  0.071  0.076  0.037  0.000  0.000  0.549  0.080  0.000  0.039  0.850
   0.72088     -2.742779  0.070  0.080  0.031  0.000  0.000  0.558  0.077  0.000  0.036  0.852
   0.70647     -2.754173  0.073  0.084  0.028  0.000  0.000  0.563  0.073  0.000  0.033  0.854
   0.69205     -2.763581  0.073  0.089  0.027  0.000  0.000  0.563  0.071  0.000  0.033  0.853
   0.67763     -2.771673  0.072  0.092  0.025  0.000  0.000  0.559  0.070  0.000  0.034  0.853
   0.66321     -2.778950  0.073  0.094  0.025  0.000  0.000  0.553  0.069  0.000  0.039  0.853
   0.64880     -2.785762  0.071  0.096  0.025  0.000  0.000  0.546  0.068  0.000  0.046  0.853
   0.63438     -2.792336  0.071  0.098  0.025  0.000  0.000  0.537  0.068  0.000  0.055  0.853
   0.61996     -2.798803  0.072  0.098  0.023  0.000  0.000  0.527  0.068  0.000  0.065  0.854
   0.60554     -2.805222  0.070  0.098  0.023  0.000  0.000  0.517  0.068  0.000  0.078  0.854
   0.59113     -2.811610  0.070  0.096  0.023  0.000  0.000  0.507  0.068  0.000  0.091  0.855
   0.57671     -2.817956  0.069  0.096  0.023  0.000  0.000  0.496  0.068  0.000  0.105  0.857
   0.56229     -2.824228  0.069  0.094  0.021  0.000  0.000  0.485  0.068  0.000  0.121  0.858
   0.56229     -2.824228  0.069  0.094  0.021  0.000  0.000  0.485  0.068  0.000  0.121  0.858
   0.54787     -2.830393  0.067  0.092  0.021  0.000  0.000  0.474  0.068  0.000  0.137  0.859
   0.53345     -2.836411  0.067  0.090  0.021  0.000  0.000  0.463  0.067  0.000  0.155  0.861
   0.51904     -2.842247  0.065  0.088  0.019  0.000  0.000  0.451  0.067  0.000  0.172  0.864
   0.50462     -2.847870  0.065  0.086  0.018  0.000  0.000  0.440  0.067  0.000  0.189  0.865
   0.49020     -2.853252  0.063  0.084  0.018  0.000  0.000  0.429  0.066  0.000  0.206  0.867
   0.47578     -2.858377  0.063  0.082  0.018  0.000  0.000  0.418  0.066  0.000  0.223  0.868
   0.46137     -2.863221  0.063  0.080  0.016  0.000  0.000  0.407  0.065  0.000  0.239  0.871
   0.44695     -2.867771  0.061  0.078  0.015  0.000  0.000  0.396  0.065  0.000  0.256  0.871
   0.43253     -2.872017  0.060  0.076  0.015  0.000  0.000  0.385  0.064  0.000  0.272  0.873
   0.41811     -2.875947  0.058  0.074  0.015  0.000  0.000  0.374  0.064  0.000  0.288  0.873
   0.40370     -2.879546  0.057  0.074  0.015  0.000  0.000  0.363  0.063  0.000  0.303  0.875
   0.38928     -2.882797  0.057  0.073  0.015  0.000  0.000  0.352  0.062  0.000  0.317  0.875
   0.37486     -2.885680  0.054  0.071  0.015  0.000  0.000  0.341  0.062  0.000  0.331  0.876
   0.36044     -2.888165  0.054  0.071  0.016  0.000  0.000  0.331  0.062  0.000  0.345  0.877
   0.34602     -2.890202  0.052  0.069  0.018  0.000  0.000  0.319  0.061  0.000  0.358  0.876
   0.33161     -2.891730  0.050  0.070  0.018  0.000  0.000  0.307  0.061  0.000  0.370  0.876
   0.31719     -2.892657  0.049  0.068  0.020  0.000  0.000  0.295  0.061  0.000  0.381  0.874
   0.30277     -2.892848  0.047  0.069  0.023  0.000  0.000  0.282  0.061  0.000  0.392  0.872
   0.28835     -2.892105  0.044  0.069  0.027  0.000  0.000  0.267  0.062  0.000  0.400  0.869
   0.27394     -2.890136  0.043  0.068  0.032  0.000  0.000  0.250  0.064  0.000  0.407  0.864
   0.25952     -2.886503  0.040  0.070  0.039  0.000  0.000  0.230  0.066  0.000  0.411  0.858
   0.24510     -2.880556  0.038  0.075  0.052  0.000  0.000  0.207  0.069  0.000  0.409  0.847
   0.23068     -2.871360  0.034  0.077  0.068  0.000  0.000  0.180  0.073  0.000  0.399  0.831
   0.21627     -2.857702  0.028  0.083  0.093  0.000  0.000  0.147  0.077  0.000  0.378  0.808
   0.20185     -2.838278  0.024  0.089  0.124  0.000  0.000  0.113  0.083  0.000  0.346  0.778
   0.18743     -2.812204  0.021  0.095  0.158  0.000  0.000  0.083  0.086  0.000  0.305  0.748
   0.17301     -2.779526  0.017  0.100  0.192  0.000  0.000  0.059  0.089  0.000  0.262  0.719
   0.15859     -2.741199  0.015  0.104  0.218  0.000  0.000  0.044  0.090  0.000  0.224  0.696
   0.14418     -2.698570  0.014  0.104  0.242  0.000  0.000  0.036  0.089  0.000  0.195  0.681
   0.12976     -2.652921  0.013  0.105  0.256  0.000  0.000  0.033  0.088  0.000  0.172  0.672
   0.11534     -2.605267  0.012  0.103  0.269  0.000  0.000  0.033  0.087  0.000  0.156  0.665
   0.10092     -2.556415  0.013  0.101  0.280  0.000  0.001  0.036  0.086  0.002  0.144  0.662
   0.08651     -2.531495  0.000  0.000  0.002  0.242  0.177  0.000  0.000  0.366  0.001  0.787
   0.07209     -2.534217  0.000  0.000  0.000  0.238  0.180  0.000  0.000  0.371  0.000  0.790
   0.05767     -2.536127  0.000  0.000  0.000  0.236  0.183  0.000  0.000  0.374  0.000  0.794
   0.04325     -2.537177  0.000  0.000  0.000  0.232  0.185  0.000  0.000  0.377  0.000  0.794
   0.02884     -2.537372  0.000  0.000  0.000  0.230  0.188  0.000  0.000  0.380  0.000  0.797
   0.01442     -2.536732  0.000  0.000  0.000  0.228  0.190  0.000  0.000  0.382  0.000  0.799
   0.00000     -2.535274  0.000  0.000  0.000  0.225  0.192  0.000  0.000  0.384  0.000  0.802
 
# Band-Index:   11
   0.00000     -2.212096  0.010  0.084  0.314  0.000  0.000  0.060  0.078  0.000  0.121  0.670
   0.01442     -2.259657  0.012  0.086  0.311  0.000  0.000  0.057  0.080  0.000  0.121  0.667
   0.02884     -2.308066  0.012  0.089  0.307  0.000  0.000  0.054  0.081  0.000  0.121  0.665
   0.04325     -2.357166  0.012  0.092  0.303  0.000  0.000  0.051  0.081  0.000  0.123  0.663
   0.05767     -2.406768  0.014  0.095  0.300  0.000  0.000  0.046  0.082  0.000  0.126  0.660
   0.07209     -2.456656  0.014  0.095  0.294  0.000  0.000  0.042  0.084  0.000  0.129  0.659
   0.08651     -2.506485  0.014  0.098  0.285  0.002  0.001  0.039  0.084  0.002  0.135  0.661
   0.10092     -2.527476  0.000  0.000  0.002  0.246  0.174  0.000  0.000  0.362  0.001  0.786
   0.11534     -2.522913  0.000  0.000  0.000  0.250  0.172  0.000  0.000  0.360  0.000  0.782
   0.12976     -2.517359  0.000  0.000  0.000  0.256  0.169  0.000  0.000  0.356  0.000  0.779
   0.14418     -2.510862  0.000  0.000  0.000  0.260  0.166  0.000  0.000  0.351  0.000  0.776
   0.15859     -2.503429  0.000  0.000  0.000  0.265  0.163  0.000  0.000  0.346  0.000  0.773
   0.17301     -2.495065  0.000  0.000  0.000  0.271  0.159  0.000  0.000  0.339  0.000  0.771
   0.18743     -2.485771  0.000  0.000  0.000  0.277  0.157  0.000  0.000  0.334  0.000  0.767
   0.20185     -2.475558  0.000  0.000  0.000  0.282  0.154  0.000  0.000  0.326  0.000  0.763
   0.21627     -2.464439  0.000  0.000  0.000  0.290  0.151  0.000  0.000  0.319  0.000  0.760
   0.23068     -2.452431  0.000  0.000  0.000  0.295  0.148  0.000  0.000  0.311  0.000  0.755
   0.24510     -2.439555  0.000  0.000  0.000  0.302  0.147  0.000  0.000  0.303  0.000  0.751
   0.25952     -2.425841  0.000  0.000  0.000  0.310  0.144  0.000  0.000  0.293  0.000  0.748
   0.27394     -2.411322  0.000  0.000  0.000  0.317  0.142  0.000  0.000  0.284  0.000  0.743
   0.28835     -2.396038  0.000  0.000  0.000  0.325  0.141  0.000  0.000  0.273  0.000  0.739
   0.30277     -2.380040  0.000  0.000  0.000  0.332  0.139  0.000  0.000  0.261  0.000  0.734
   0.31719     -2.363377  0.000  0.000  0.000  0.343  0.138  0.000  0.000  0.249  0.000  0.730
   0.33161     -2.346123  0.000  0.000  0.000  0.350  0.139  0.000  0.000  0.234  0.000  0.723
   0.34602     -2.328360  0.000  0.000  0.000  0.361  0.139  0.000  0.000  0.219  0.000  0.718
   0.36044     -2.310188  0.000  0.000  0.000  0.370  0.139  0.000  0.000  0.202  0.000  0.712
   0.37486     -2.291731  0.000  0.000  0.000  0.381  0.141  0.000  0.000  0.184  0.000  0.707
   0.38928     -2.273142  0.000  0.000  0.000  0.391  0.143  0.000  0.000  0.165  0.000  0.699
   0.40370     -2.254611  0.000  0.000  0.000  0.402  0.147  0.000  0.000  0.144  0.000  0.692
   0.41811     -2.236368  0.000  0.000  0.000  0.413  0.151  0.000  0.000  0.121  0.000  0.685
   0.43253     -2.218704  0.000  0.000  0.000  0.426  0.157  0.000  0.000  0.097  0.000  0.679
   0.44695     -2.201973  0.000  0.000  0.000  0.435  0.164  0.000  0.000  0.073  0.000  0.672
   0.46137     -2.186589  0.000  0.000  0.000  0.445  0.172  0.000  0.000  0.050  0.000  0.667
   0.47578     -2.173013  0.000  0.000  0.000  0.451  0.182  0.000  0.000  0.030  0.000  0.662
   0.49020     -2.161719  0.000  0.000  0.000  0.454  0.192  0.000  0.000  0.015  0.000  0.661
   0.50462     -2.153116  0.000  0.000  0.000  0.453  0.203  0.000  0.000  0.006  0.000  0.663
   0.51904     -2.147481  0.000  0.000  0.000  0.446  0.213  0.000  0.000  0.007  0.000  0.666
   0.53345     -2.144895  0.000  0.000  0.000  0.436  0.221  0.000  0.000  0.017  0.000  0.674
   0.54787     -2.145232  0.000  0.000  0.000  0.422  0.228  0.000  0.000  0.032  0.000  0.682
   0.56229     -2.148214  0.000  0.000  0.000  0.405  0.233  0.000  0.000  0.054  0.000  0.693
   0.56229     -2.148214  0.000  0.000  0.000  0.405  0.233  0.000  0.000  0.054  0.000  0.693
   0.57671     -2.153474  0.000  0.000  0.000  0.389  0.236  0.000  0.000  0.079  0.000  0.704
   0.59113     -2.160630  0.000  0.000  0.000  0.373  0.236  0.000  0.000  0.104  0.000  0.714
   0.60554     -2.169319  0.000  0.000  0.000  0.357  0.237  0.000  0.000  0.130  0.000  0.723
   0.61996     -2.179234  0.000  0.000  0.000  0.343  0.236  0.000  0.000  0.154  0.000  0.733
   0.63438     -2.190117  0.000  0.000  0.000  0.329  0.234  0.000  0.000  0.176  0.000  0.739
   0.64880     -2.201755  0.000  0.000  0.000  0.318  0.233  0.000  0.000  0.197  0.000  0.749
   0.66321     -2.213979  0.000  0.000  0.000  0.307  0.231  0.000  0.000  0.216  0.000  0.754
   0.67763     -2.226646  0.000  0.000  0.000  0.298  0.229  0.000  0.000  0.235  0.000  0.760
   0.69205     -2.239640  0.000  0.000  0.000  0.289  0.227  0.000  0.000  0.250  0.000  0.766
   0.70647     -2.252873  0.000  0.000  0.000  0.281  0.225  0.000  0.000  0.265  0.000  0.771
   0.72088     -2.266262  0.000  0.000  0.000  0.274  0.223  0.000  0.000  0.279  0.000  0.775
   0.73530     -2.279737  0.000  0.000  0.000  0.268  0.221  0.000  0.000  0.291  0.000  0.780
   0.74972     -2.293244  0.000  0.000  0.000  0.261  0.219  0.000  0.000  0.302  0.000  0.783
   0.76414     -2.306730  0.000  0.000  0.000  0.256  0.217  0.000  0.000  0.312  0.000  0.787
   0.77856     -2.320146  0.000  0.000  0.000  0.252  0.216  0.000  0.000  0.322  0.000  0.790
   0.79297     -2.333451  0.000  0.000  0.000  0.246  0.214  0.000  0.000  0.331  0.000  0.791
   0.80739     -2.346605  0.000  0.000  0.000  0.243  0.213  0.000  0.000  0.338  0.000  0.794
   0.82181     -2.359571  0.000  0.000  0.000  0.238  0.213  0.000  0.000  0.345  0.000  0.796
   0.83623     -2.372310  0.000  0.000  0.000  0.235  0.211  0.000  0.000  0.351  0.000  0.798
   0.85064     -2.384785  0.000  0.000  0.000  0.233  0.210  0.000  0.000  0.357  0.000  0.800
   0.86506     -2.394332  0.031  0.073  0.102  0.055  0.050  0.230  0.076  0.088  0.062  0.764
   0.87948     -2.338744  0.037  0.098  0.144  0.000  0.000  0.284  0.098  0.000  0.086  0.744
   0.89390     -2.280444  0.032  0.098  0.151  0.000  0.000  0.268  0.096  0.000  0.093  0.738
   0.90831     -2.220814  0.030  0.098  0.157  0.000  0.000  0.255  0.094  0.000  0.100  0.734
   0.92273     -2.160448  0.025  0.099  0.162  0.000  0.000  0.244  0.091  0.000  0.111  0.731
   0.93715     -2.099986  0.023  0.097  0.165  0.000  0.000  0.235  0.088  0.000  0.122  0.731
   0.95157     -2.040153  0.018  0.095  0.166  0.000  0.000  0.228  0.085  0.000  0.139  0.732
   0.96599     -1.981869  0.017  0.091  0.165  0.000  0.000  0.221  0.082  0.000  0.160  0.735
   0.98040     -1.926653  0.012  0.082  0.166  0.000  0.000  0.204  0.079  0.000  0.191  0.736
   0.99482     -1.881077  0.013  0.064  0.201  0.000  0.000  0.112  0.077  0.000  0.252  0.719
   1.00924     -1.884522  0.008  0.062  0.317  0.000  0.000  0.015  0.078  0.000  0.199  0.679
   1.02366     -1.916387  0.007  0.068  0.328  0.000  0.000  0.036  0.077  0.000  0.161  0.679
   1.03807     -1.953027  0.010  0.069  0.328  0.000  0.000  0.049  0.077  0.000  0.145  0.678
   1.05249     -1.992168  0.009  0.073  0.327  0.000  0.000  0.057  0.076  0.000  0.136  0.677
   1.06691     -2.033230  0.009  0.074  0.326  0.000  0.000  0.060  0.077  0.000  0.130  0.677
   1.08133     -2.075937  0.009  0.076  0.322  0.000  0.000  0.062  0.077  0.000  0.126  0.674
   1.09574     -2.120086  0.009  0.079  0.320  0.000  0.000  0.062  0.078  0.000  0.124  0.673
   1.11016     -2.165524  0.009  0.081  0.318  0.000  0.000  0.061  0.078  0.000  0.122  0.670
   1.12458     -2.212096  0.010  0.084  0.314  0.000  0.000  0.060  0.078  0.000  0.121  0.670
 
# Band-Index:   12
   1.12458     -1.594485  0.010  0.046  0.043  0.000  0.000  0.377  0.038  0.000  0.342  0.858
   1.11016     -1.607993  0.009  0.049  0.050  0.000  0.000  0.368  0.041  0.000  0.334  0.852
   1.09574     -1.624403  0.005  0.052  0.059  0.000  0.000  0.358  0.043  0.000  0.324  0.843
   1.08133     -1.644311  0.003  0.055  0.070  0.000  0.000  0.349  0.046  0.000  0.309  0.833
   1.06691     -1.668366  0.002  0.061  0.082  0.000  0.000  0.338  0.050  0.000  0.290  0.823
   1.05249     -1.697185  0.001  0.067  0.097  0.000  0.000  0.325  0.053  0.000  0.266  0.807
   1.03807     -1.731139  0.000  0.073  0.113  0.000  0.000  0.315  0.058  0.000  0.237  0.795
   1.02366     -1.770051  0.000  0.082  0.129  0.000  0.000  0.307  0.063  0.000  0.199  0.781
   1.00924     -1.811686  0.001  0.093  0.154  0.000  0.000  0.309  0.066  0.000  0.141  0.768
   0.99482     -1.832131  0.002  0.098  0.280  0.000  0.000  0.192  0.072  0.000  0.072  0.716
   0.98040     -1.810338  0.004  0.084  0.321  0.000  0.000  0.083  0.076  0.000  0.123  0.691
   0.96599     -1.785236  0.007  0.082  0.323  0.000  0.000  0.050  0.078  0.000  0.151  0.687
   0.95157     -1.763001  0.006  0.080  0.317  0.000  0.000  0.031  0.079  0.000  0.174  0.688
   0.93715     -1.744797  0.009  0.082  0.304  0.000  0.000  0.017  0.079  0.000  0.199  0.691
   0.92273     -1.731078  0.012  0.083  0.290  0.000  0.000  0.010  0.078  0.000  0.226  0.696
   0.90831     -1.721874  0.016  0.082  0.271  0.000  0.000  0.007  0.077  0.000  0.253  0.705
   0.89390     -1.716837  0.019  0.080  0.249  0.000  0.000  0.011  0.075  0.000  0.278  0.713
   0.87948     -1.715349  0.023  0.077  0.229  0.000  0.000  0.019  0.072  0.000  0.303  0.723
   0.86506     -1.716648  0.027  0.073  0.209  0.000  0.000  0.030  0.068  0.000  0.324  0.734
   0.85064     -1.719988  0.029  0.070  0.192  0.000  0.000  0.043  0.066  0.000  0.342  0.743
   0.83623     -1.724720  0.031  0.068  0.175  0.000  0.000  0.057  0.063  0.000  0.357  0.751
   0.82181     -1.730283  0.032  0.065  0.162  0.000  0.000  0.071  0.060  0.000  0.370  0.760
   0.80739     -1.736215  0.035  0.060  0.149  0.000  0.000  0.086  0.056  0.000  0.381  0.768
   0.79297     -1.742142  0.036  0.058  0.137  0.000  0.000  0.101  0.053  0.000  0.390  0.774
   0.77856     -1.747758  0.037  0.053  0.126  0.000  0.000  0.117  0.050  0.000  0.398  0.781
   0.76414     -1.752812  0.038  0.050  0.117  0.000  0.000  0.132  0.048  0.000  0.404  0.789
   0.74972     -1.757102  0.037  0.048  0.108  0.000  0.000  0.148  0.046  0.000  0.409  0.795
   0.73530     -1.760470  0.037  0.046  0.100  0.000  0.000  0.165  0.043  0.000  0.413  0.801
   0.72088     -1.762802  0.036  0.041  0.091  0.000  0.000  0.181  0.040  0.000  0.416  0.808
   0.70647     -1.764017  0.036  0.039  0.084  0.000  0.000  0.199  0.038  0.000  0.417  0.814
   0.69205     -1.764076  0.034  0.038  0.078  0.000  0.000  0.217  0.036  0.000  0.417  0.821
   0.67763     -1.762974  0.033  0.036  0.071  0.000  0.000  0.235  0.034  0.000  0.417  0.827
   0.66321     -1.760735  0.032  0.033  0.065  0.000  0.000  0.253  0.032  0.000  0.416  0.831
   0.64880     -1.757410  0.031  0.033  0.060  0.000  0.000  0.270  0.030  0.000  0.414  0.838
   0.63438     -1.753076  0.030  0.032  0.054  0.000  0.000  0.288  0.028  0.000  0.411  0.844
   0.61996     -1.747822  0.030  0.030  0.050  0.000  0.000  0.305  0.027  0.000  0.407  0.849
   0.60554     -1.741748  0.029  0.029  0.044  0.000  0.000  0.322  0.025  0.000  0.404  0.854
   0.59113     -1.734978  0.028  0.029  0.040  0.000  0.000  0.337  0.024  0.001  0.399  0.858
   0.57671     -1.750843  0.000  0.000  0.000  0.142  0.073  0.000  0.000  0.654  0.000  0.870
   0.56229     -1.771884  0.000  0.000  0.000  0.124  0.080  0.000  0.000  0.677  0.000  0.882
   0.56229     -1.771884  0.000  0.000  0.000  0.124  0.080  0.000  0.000  0.677  0.000  0.882
   0.54787     -1.790047  0.000  0.000  0.000  0.105  0.091  0.000  0.000  0.696  0.000  0.892
   0.53345     -1.804945  0.000  0.000  0.000  0.089  0.103  0.000  0.000  0.711  0.000  0.903
   0.51904     -1.816269  0.000  0.000  0.000  0.075  0.117  0.000  0.000  0.718  0.000  0.910
   0.50462     -1.823885  0.000  0.000  0.000  0.066  0.132  0.000  0.000  0.717  0.000  0.915
   0.49020     -1.827849  0.000  0.000  0.000  0.062  0.149  0.000  0.000  0.706  0.000  0.917
   0.47578     -1.828427  0.000  0.000  0.000  0.063  0.166  0.000  0.000  0.688  0.000  0.917
   0.46137     -1.826006  0.000  0.000  0.000  0.067  0.183  0.000  0.000  0.664  0.000  0.913
   0.44695     -1.821035  0.000  0.000  0.000  0.075  0.197  0.000  0.000  0.638  0.000  0.910
   0.43253     -1.813953  0.000  0.000  0.000  0.082  0.211  0.000  0.000  0.610  0.000  0.903
   0.41811     -1.805163  0.000  0.000  0.000  0.091  0.223  0.000  0.000  0.583  0.000  0.896
   0.40370     -1.794991  0.000  0.000  0.000  0.100  0.235  0.000  0.000  0.557  0.000  0.892
   0.38928     -1.783704  0.000  0.000  0.000  0.108  0.245  0.000  0.000  0.532  0.000  0.885
   0.37486     -1.771516  0.000  0.000  0.000  0.118  0.255  0.000  0.000  0.508  0.000  0.880
   0.36044     -1.758591  0.000  0.000  0.000  0.126  0.264  0.000  0.000  0.485  0.000  0.875
   0.34602     -1.745061  0.000  0.000  0.000  0.132  0.273  0.000  0.000  0.464  0.000  0.870
   0.33161     -1.731026  0.000  0.000  0.000  0.139  0.281  0.000  0.000  0.445  0.000  0.865
   0.31719     -1.716566  0.000  0.000  0.000  0.147  0.289  0.000  0.000  0.426  0.000  0.861
   0.30277     -1.701742  0.000  0.000  0.000  0.152  0.296  0.000  0.000  0.409  0.000  0.856
   0.28835     -1.686603  0.000  0.000  0.000  0.158  0.303  0.000  0.000  0.392  0.000  0.853
   0.27394     -1.671188  0.000  0.000  0.000  0.163  0.310  0.000  0.000  0.376  0.000  0.849
   0.25952     -1.655527  0.000  0.000  0.000  0.167  0.316  0.000  0.000  0.360  0.000  0.845
   0.24510     -1.639648  0.000  0.000  0.000  0.173  0.323  0.000  0.000  0.347  0.000  0.843
   0.23068     -1.623563  0.000  0.000  0.000  0.179  0.329  0.000  0.000  0.332  0.000  0.840
   0.21627     -1.607291  0.000  0.000  0.000  0.183  0.336  0.000  0.000  0.319  0.000  0.837
   0.20185     -1.590846  0.000  0.000  0.000  0.185  0.342  0.000  0.000  0.307  0.000  0.834
   0.18743     -1.574241  0.000  0.000  0.000  0.189  0.347  0.001  0.000  0.294  0.001  0.832
   0.17301     -1.557523  0.000  0.000  0.000  0.191  0.350  0.004  0.000  0.280  0.003  0.829
   0.15859     -1.546814  0.019  0.036  0.015  0.004  0.009  0.434  0.025  0.006  0.337  0.889
   0.14418     -1.546407  0.020  0.038  0.018  0.000  0.001  0.439  0.026  0.000  0.346  0.889
   0.12976     -1.546755  0.020  0.038  0.018  0.000  0.000  0.434  0.027  0.000  0.348  0.886
   0.11534     -1.547829  0.019  0.038  0.019  0.000  0.000  0.429  0.028  0.000  0.349  0.884
   0.10092     -1.549686  0.018  0.041  0.021  0.000  0.000  0.423  0.029  0.000  0.350  0.883
   0.08651     -1.552404  0.018  0.041  0.023  0.000  0.000  0.417  0.030  0.000  0.351  0.881
   0.07209     -1.556082  0.017  0.041  0.026  0.000  0.000  0.411  0.031  0.000  0.352  0.878
   0.05767     -1.560839  0.017  0.043  0.028  0.000  0.000  0.404  0.033  0.000  0.352  0.875
   0.04325     -1.566837  0.016  0.043  0.030  0.000  0.000  0.397  0.034  0.000  0.351  0.871
   0.02884     -1.574264  0.013  0.044  0.033  0.000  0.000  0.391  0.035  0.000  0.349  0.867
   0.01442     -1.583375  0.012  0.046  0.037  0.000  0.000  0.384  0.037  0.000  0.346  0.863
   0.00000     -1.594485  0.010  0.046  0.043  0.000  0.000  0.377  0.038  0.000  0.342  0.858
 
# Band-Index:   13
   0.00000     -1.345602  0.000  0.000  0.000  0.230  0.407  0.000  0.000  0.171  0.000  0.807
   0.01442     -1.363848  0.000  0.000  0.000  0.226  0.404  0.000  0.000  0.178  0.000  0.808
   0.02884     -1.382020  0.000  0.000  0.000  0.224  0.400  0.000  0.000  0.186  0.000  0.810
   0.04325     -1.400100  0.000  0.000  0.000  0.220  0.397  0.000  0.000  0.194  0.000  0.812
   0.05767     -1.418077  0.000  0.000  0.000  0.219  0.393  0.000  0.000  0.203  0.000  0.814
   0.07209     -1.435948  0.000  0.000  0.000  0.215  0.389  0.000  0.000  0.211  0.000  0.815
   0.08651     -1.453694  0.000  0.000  0.000  0.213  0.384  0.000  0.000  0.220  0.000  0.818
   0.10092     -1.471316  0.000  0.000  0.000  0.210  0.380  0.000  0.000  0.229  0.000  0.819
   0.11534     -1.488806  0.000  0.000  0.000  0.208  0.374  0.000  0.000  0.240  0.000  0.822
   0.12976     -1.506160  0.000  0.000  0.000  0.204  0.370  0.000  0.000  0.249  0.000  0.823
   0.14418     -1.523363  0.000  0.000  0.000  0.200  0.363  0.001  0.000  0.260  0.001  0.824
   0.15859     -1.540326  0.000  0.000  0.000  0.193  0.350  0.011  0.000  0.265  0.009  0.828
   0.17301     -1.547456  0.019  0.036  0.015  0.002  0.003  0.446  0.024  0.003  0.342  0.891
   0.18743     -1.548998  0.020  0.036  0.015  0.000  0.000  0.454  0.024  0.000  0.343  0.892
   0.20185     -1.551036  0.020  0.036  0.013  0.000  0.000  0.459  0.023  0.000  0.343  0.895
   0.21627     -1.553584  0.020  0.036  0.013  0.000  0.000  0.463  0.023  0.000  0.342  0.895
   0.23068     -1.556613  0.021  0.036  0.012  0.000  0.000  0.466  0.022  0.000  0.341  0.896
   0.24510     -1.560120  0.020  0.033  0.012  0.000  0.000  0.469  0.021  0.000  0.341  0.896
   0.25952     -1.564078  0.020  0.033  0.011  0.000  0.000  0.471  0.020  0.000  0.340  0.898
   0.27394     -1.568474  0.021  0.033  0.011  0.000  0.000  0.473  0.020  0.000  0.340  0.899
   0.28835     -1.573293  0.020  0.034  0.010  0.000  0.000  0.475  0.019  0.000  0.340  0.900
   0.30277     -1.578521  0.021  0.032  0.011  0.000  0.000  0.477  0.019  0.000  0.340  0.900
   0.31719     -1.584147  0.021  0.032  0.010  0.000  0.000  0.476  0.018  0.000  0.341  0.898
   0.33161     -1.590156  0.021  0.032  0.012  0.000  0.000  0.476  0.018  0.000  0.342  0.899
   0.34602     -1.596537  0.021  0.032  0.011  0.000  0.000  0.476  0.018  0.000  0.343  0.898
   0.36044     -1.603274  0.021  0.029  0.011  0.000  0.000  0.474  0.017  0.000  0.344  0.898
   0.37486     -1.610350  0.021  0.030  0.012  0.000  0.000  0.472  0.018  0.000  0.346  0.898
   0.38928     -1.617751  0.022  0.030  0.012  0.000  0.000  0.469  0.017  0.000  0.348  0.898
   0.40370     -1.625455  0.019  0.030  0.013  0.000  0.000  0.466  0.017  0.000  0.350  0.896
   0.41811     -1.633438  0.020  0.028  0.013  0.000  0.000  0.461  0.018  0.000  0.353  0.895
   0.43253     -1.641673  0.021  0.029  0.014  0.000  0.000  0.456  0.017  0.000  0.355  0.892
   0.44695     -1.650127  0.020  0.029  0.016  0.000  0.000  0.450  0.017  0.000  0.359  0.891
   0.46137     -1.658762  0.021  0.029  0.017  0.000  0.000  0.443  0.018  0.000  0.362  0.889
   0.47578     -1.667534  0.022  0.028  0.017  0.000  0.000  0.434  0.018  0.000  0.366  0.887
   0.49020     -1.676397  0.022  0.028  0.021  0.000  0.000  0.426  0.018  0.000  0.370  0.885
   0.50462     -1.685290  0.023  0.028  0.022  0.000  0.000  0.416  0.018  0.000  0.373  0.882
   0.51904     -1.694144  0.023  0.029  0.024  0.000  0.000  0.405  0.019  0.000  0.377  0.878
   0.53345     -1.702887  0.024  0.029  0.027  0.000  0.000  0.393  0.020  0.000  0.382  0.875
   0.54787     -1.711434  0.025  0.028  0.029  0.000  0.000  0.381  0.020  0.000  0.386  0.872
   0.56229     -1.719694  0.026  0.028  0.033  0.000  0.000  0.368  0.022  0.000  0.391  0.867
   0.56229     -1.719694  0.026  0.028  0.033  0.000  0.000  0.368  0.022  0.000  0.391  0.867
   0.57671     -1.727568  0.027  0.028  0.037  0.000  0.000  0.353  0.023  0.000  0.395  0.863
   0.59113     -1.727294  0.000  0.000  0.000  0.159  0.066  0.001  0.000  0.629  0.001  0.857
   0.60554     -1.701677  0.000  0.000  0.000  0.179  0.062  0.000  0.000  0.605  0.000  0.847
   0.61996     -1.674272  0.000  0.000  0.000  0.195  0.058  0.000  0.000  0.582  0.000  0.837
   0.63438     -1.645367  0.000  0.000  0.000  0.212  0.056  0.000  0.000  0.561  0.000  0.827
   0.64880     -1.615203  0.000  0.000  0.000  0.227  0.053  0.000  0.000  0.539  0.000  0.819
   0.66321     -1.583979  0.000  0.000  0.000  0.238  0.051  0.000  0.000  0.521  0.000  0.810
   0.67763     -1.551857  0.000  0.000  0.000  0.253  0.049  0.000  0.000  0.502  0.000  0.804
   0.69205     -1.518989  0.000  0.000  0.000  0.265  0.047  0.000  0.000  0.485  0.000  0.796
   0.70647     -1.485517  0.000  0.000  0.000  0.274  0.045  0.000  0.000  0.469  0.000  0.788
   0.72088     -1.451572  0.000  0.000  0.000  0.286  0.044  0.000  0.000  0.453  0.000  0.783
   0.73530     -1.417292  0.000  0.000  0.000  0.295  0.042  0.000  0.000  0.438  0.000  0.776
   0.74972     -1.382832  0.000  0.000  0.000  0.304  0.042  0.000  0.000  0.424  0.000  0.770
   0.76414     -1.348367  0.000  0.000  0.000  0.315  0.040  0.000  0.000  0.409  0.000  0.765
   0.77856     -1.314114  0.000  0.000  0.000  0.324  0.040  0.000  0.000  0.395  0.000  0.759
   0.79297     -1.280362  0.000  0.000  0.000  0.332  0.040  0.000  0.000  0.381  0.000  0.753
   0.80739     -1.247497  0.000  0.000  0.000  0.340  0.043  0.000  0.000  0.364  0.000  0.747
   0.82181     -1.245358  0.059  0.011  0.184  0.000  0.000  0.389  0.008  0.000  0.179  0.830
   0.83623     -1.273588  0.062  0.011  0.172  0.000  0.000  0.398  0.008  0.000  0.186  0.836
   0.85064     -1.300183  0.064  0.010  0.160  0.000  0.000  0.407  0.008  0.000  0.193  0.842
   0.86506     -1.324710  0.067  0.012  0.144  0.000  0.000  0.416  0.007  0.000  0.203  0.848
   0.87948     -1.346599  0.071  0.013  0.128  0.000  0.000  0.423  0.007  0.000  0.215  0.856
   0.89390     -1.365165  0.074  0.014  0.110  0.000  0.000  0.426  0.006  0.000  0.228  0.861
   0.90831     -1.379661  0.080  0.017  0.094  0.000  0.000  0.425  0.007  0.000  0.242  0.865
   0.92273     -1.389391  0.084  0.023  0.080  0.000  0.000  0.417  0.008  0.000  0.255  0.868
   0.93715     -1.393837  0.086  0.027  0.072  0.000  0.000  0.404  0.011  0.000  0.266  0.867
   0.95157     -1.392735  0.090  0.036  0.067  0.000  0.000  0.385  0.014  0.000  0.270  0.864
   0.96599     -1.386009  0.092  0.043  0.071  0.000  0.000  0.362  0.018  0.000  0.269  0.856
   0.98040     -1.373642  0.096  0.052  0.078  0.000  0.000  0.337  0.022  0.000  0.261  0.846
   0.99482     -1.355559  0.097  0.061  0.091  0.000  0.000  0.311  0.027  0.000  0.247  0.834
   1.00924     -1.331589  0.097  0.071  0.109  0.000  0.000  0.282  0.032  0.000  0.228  0.818
   1.02366     -1.301556  0.094  0.079  0.128  0.000  0.000  0.256  0.036  0.000  0.205  0.802
   1.03807     -1.265440  0.093  0.089  0.153  0.000  0.000  0.229  0.042  0.000  0.181  0.785
   1.05249     -1.253987  0.000  0.000  0.000  0.244  0.411  0.000  0.000  0.141  0.000  0.797
   1.06691     -1.272234  0.000  0.000  0.000  0.240  0.412  0.000  0.000  0.146  0.000  0.799
   1.08133     -1.290572  0.000  0.000  0.000  0.239  0.412  0.000  0.000  0.152  0.000  0.802
   1.09574     -1.308936  0.000  0.000  0.000  0.235  0.411  0.000  0.000  0.157  0.000  0.803
   1.11016     -1.327289  0.000  0.000  0.000  0.231  0.409  0.000  0.000  0.164  0.000  0.805
   1.12458     -1.345602  0.000  0.000  0.000  0.230  0.407  0.000  0.000  0.171  0.000  0.807
 
# Band-Index:   14
   1.12458     -0.952637  0.068  0.117  0.262  0.000  0.000  0.134  0.055  0.000  0.087  0.721
   1.11016     -1.011837  0.071  0.115  0.248  0.000  0.000  0.143  0.054  0.000  0.095  0.726
   1.09574     -1.069417  0.076  0.112  0.233  0.000  0.000  0.154  0.053  0.000  0.105  0.735
   1.08133     -1.124514  0.082  0.108  0.215  0.000  0.000  0.168  0.051  0.000  0.119  0.743
   1.06691     -1.176164  0.085  0.103  0.196  0.000  0.000  0.186  0.049  0.000  0.136  0.756
   1.05249     -1.223390  0.091  0.097  0.174  0.000  0.001  0.206  0.045  0.000  0.157  0.770
   1.03807     -1.235780  0.000  0.000  0.000  0.248  0.409  0.000  0.000  0.136  0.000  0.795
   1.02366     -1.217876  0.000  0.000  0.000  0.252  0.407  0.000  0.000  0.132  0.000  0.792
   1.00924     -1.200274  0.000  0.000  0.000  0.257  0.402  0.000  0.000  0.130  0.000  0.789
   0.99482     -1.183174  0.000  0.000  0.000  0.264  0.395  0.000  0.000  0.128  0.000  0.786
   0.98040     -1.166781  0.000  0.000  0.000  0.269  0.384  0.000  0.000  0.127  0.000  0.781
   0.96599     -1.151427  0.000  0.000  0.000  0.278  0.369  0.000  0.000  0.130  0.000  0.776
   0.95157     -1.137587  0.000  0.000  0.000  0.286  0.349  0.000  0.000  0.134  0.000  0.769
   0.93715     -1.125952  0.000  0.000  0.000  0.300  0.322  0.000  0.000  0.142  0.000  0.764
   0.92273     -1.117495  0.000  0.000  0.000  0.313  0.285  0.000  0.000  0.157  0.000  0.754
   0.90831     -1.113485  0.000  0.000  0.000  0.327  0.240  0.000  0.000  0.178  0.000  0.745
   0.89390     -1.115293  0.000  0.000  0.000  0.342  0.189  0.000  0.000  0.205  0.000  0.737
   0.87948     -1.123903  0.000  0.000  0.000  0.353  0.140  0.000  0.000  0.238  0.000  0.731
   0.86506     -1.139375  0.000  0.000  0.000  0.358  0.101  0.000  0.000  0.271  0.000  0.729
   0.85064     -1.160804  0.000  0.000  0.000  0.358  0.073  0.000  0.000  0.300  0.000  0.731
   0.83623     -1.186807  0.000  0.000  0.000  0.354  0.056  0.000  0.000  0.325  0.000  0.735
   0.82181     -1.216054  0.000  0.000  0.000  0.348  0.047  0.000  0.000  0.346  0.000  0.741
   0.80739     -1.215808  0.058  0.012  0.194  0.000  0.000  0.379  0.008  0.000  0.174  0.825
   0.79297     -1.185173  0.057  0.012  0.202  0.000  0.000  0.369  0.009  0.000  0.170  0.820
   0.77856     -1.153605  0.056  0.013  0.211  0.000  0.000  0.360  0.009  0.000  0.167  0.815
   0.76414     -1.121215  0.053  0.015  0.219  0.000  0.000  0.351  0.009  0.000  0.164  0.811
   0.74972     -1.088076  0.053  0.015  0.225  0.000  0.000  0.342  0.009  0.000  0.162  0.806
   0.73530     -1.054237  0.052  0.018  0.231  0.000  0.000  0.334  0.008  0.000  0.160  0.803
   0.72088     -1.019734  0.052  0.018  0.237  0.000  0.000  0.325  0.008  0.000  0.159  0.799
   0.70647     -0.984605  0.051  0.020  0.241  0.000  0.000  0.316  0.009  0.000  0.158  0.795
   0.69205     -0.948875  0.052  0.022  0.248  0.000  0.000  0.307  0.009  0.000  0.156  0.793
   0.67763     -0.912576  0.051  0.024  0.252  0.000  0.000  0.299  0.008  0.000  0.155  0.790
   0.66321     -0.875743  0.051  0.024  0.258  0.000  0.000  0.290  0.008  0.000  0.154  0.786
   0.64880     -0.838415  0.050  0.026  0.263  0.000  0.000  0.281  0.008  0.000  0.154  0.782
   0.63438     -0.800655  0.050  0.029  0.267  0.000  0.000  0.272  0.007  0.000  0.153  0.779
   0.61996     -0.762534  0.049  0.031  0.272  0.000  0.000  0.265  0.008  0.000  0.152  0.776
   0.60554     -0.724117  0.046  0.035  0.276  0.000  0.000  0.257  0.008  0.000  0.151  0.772
   0.59113     -0.685506  0.046  0.037  0.281  0.000  0.000  0.249  0.007  0.000  0.150  0.769
   0.57671     -0.646804  0.045  0.038  0.286  0.000  0.000  0.241  0.008  0.000  0.149  0.769
   0.56229     -0.608132  0.043  0.040  0.290  0.000  0.000  0.234  0.007  0.000  0.149  0.766
   0.56229     -0.608132  0.043  0.040  0.290  0.000  0.000  0.234  0.007  0.000  0.149  0.766
   0.54787     -0.569635  0.042  0.042  0.295  0.000  0.000  0.227  0.008  0.000  0.147  0.764
   0.53345     -0.531462  0.042  0.046  0.300  0.000  0.000  0.220  0.007  0.000  0.146  0.762
   0.51904     -0.493782  0.039  0.048  0.304  0.000  0.000  0.214  0.008  0.000  0.146  0.760
   0.50462     -0.456785  0.038  0.051  0.309  0.000  0.000  0.207  0.009  0.000  0.145  0.758
   0.49020     -0.420660  0.037  0.053  0.314  0.000  0.000  0.201  0.008  0.000  0.144  0.756
   0.47578     -0.385641  0.036  0.055  0.319  0.000  0.000  0.195  0.009  0.000  0.142  0.756
   0.46137     -0.351956  0.033  0.058  0.323  0.000  0.000  0.189  0.009  0.000  0.141  0.755
   0.44695     -0.319840  0.032  0.060  0.326  0.000  0.001  0.184  0.010  0.000  0.140  0.753
   0.43253     -0.289551  0.031  0.063  0.331  0.000  0.001  0.178  0.011  0.000  0.138  0.750
   0.41811     -0.261359  0.028  0.065  0.334  0.002  0.002  0.172  0.011  0.000  0.137  0.750
   0.40370     -0.235538  0.027  0.066  0.337  0.002  0.003  0.167  0.012  0.001  0.134  0.749
   0.38928     -0.212359  0.026  0.068  0.337  0.004  0.007  0.160  0.013  0.002  0.131  0.749
   0.37486     -0.192110  0.023  0.070  0.334  0.010  0.015  0.153  0.013  0.003  0.126  0.752
   0.36044     -0.174991  0.022  0.072  0.332  0.015  0.020  0.147  0.014  0.005  0.123  0.752
   0.34602     -0.161182  0.021  0.074  0.339  0.013  0.016  0.143  0.016  0.004  0.122  0.750
   0.33161     -0.150963  0.021  0.078  0.348  0.006  0.008  0.142  0.018  0.002  0.122  0.747
   0.31719     -0.144618  0.021  0.082  0.353  0.002  0.003  0.140  0.020  0.001  0.121  0.744
   0.30277     -0.142342  0.019  0.084  0.358  0.002  0.001  0.136  0.023  0.000  0.118  0.743
   0.28835     -0.144270  0.019  0.088  0.359  0.000  0.001  0.133  0.024  0.000  0.116  0.741
   0.27394     -0.150513  0.019  0.091  0.359  0.000  0.000  0.129  0.026  0.000  0.113  0.739
   0.25952     -0.161135  0.019  0.093  0.360  0.000  0.000  0.126  0.029  0.000  0.110  0.737
   0.24510     -0.176149  0.020  0.096  0.360  0.000  0.000  0.123  0.031  0.000  0.107  0.735
   0.23068     -0.195537  0.020  0.096  0.359  0.000  0.000  0.120  0.033  0.000  0.103  0.732
   0.21627     -0.219251  0.021  0.099  0.357  0.000  0.000  0.118  0.035  0.000  0.100  0.732
   0.20185     -0.247170  0.023  0.102  0.353  0.000  0.000  0.115  0.038  0.000  0.097  0.730
   0.18743     -0.279161  0.026  0.103  0.351  0.000  0.000  0.113  0.040  0.000  0.093  0.727
   0.17301     -0.315050  0.028  0.105  0.347  0.000  0.000  0.112  0.042  0.000  0.091  0.725
   0.15859     -0.354648  0.029  0.108  0.343  0.000  0.000  0.110  0.044  0.000  0.088  0.723
   0.14418     -0.397704  0.031  0.109  0.339  0.000  0.000  0.109  0.046  0.000  0.085  0.720
   0.12976     -0.443968  0.035  0.110  0.333  0.000  0.000  0.109  0.048  0.000  0.083  0.719
   0.11534     -0.493170  0.037  0.113  0.329  0.000  0.000  0.109  0.049  0.000  0.080  0.717
   0.10092     -0.545028  0.041  0.114  0.322  0.000  0.000  0.109  0.051  0.000  0.079  0.716
   0.08651     -0.599219  0.043  0.115  0.316  0.000  0.000  0.111  0.052  0.000  0.078  0.714
   0.07209     -0.655414  0.047  0.116  0.309  0.000  0.000  0.112  0.052  0.000  0.077  0.714
   0.05767     -0.713252  0.050  0.118  0.301  0.000  0.000  0.115  0.054  0.000  0.077  0.714
   0.04325     -0.772356  0.055  0.118  0.292  0.000  0.000  0.118  0.054  0.000  0.077  0.713
   0.02884     -0.832290  0.058  0.117  0.283  0.000  0.000  0.122  0.055  0.000  0.080  0.716
   0.01442     -0.892571  0.063  0.117  0.273  0.000  0.000  0.128  0.055  0.000  0.083  0.717
   0.00000     -0.952637  0.068  0.117  0.262  0.000  0.000  0.134  0.055  0.000  0.087  0.721
 
# Band-Index:   15
   0.00000     -0.341764  0.000  0.000  0.000  0.380  0.177  0.000  0.000  0.212  0.000  0.769
   0.01442     -0.311983  0.000  0.000  0.000  0.383  0.181  0.000  0.000  0.206  0.000  0.770
   0.02884     -0.283571  0.000  0.000  0.000  0.385  0.186  0.000  0.000  0.200  0.000  0.770
   0.04325     -0.256666  0.000  0.000  0.000  0.387  0.191  0.000  0.000  0.193  0.000  0.771
   0.05767     -0.231400  0.000  0.000  0.000  0.389  0.197  0.000  0.000  0.187  0.000  0.772
   0.07209     -0.207901  0.000  0.000  0.000  0.387  0.204  0.000  0.000  0.181  0.000  0.772
   0.08651     -0.186277  0.000  0.000  0.000  0.388  0.211  0.000  0.000  0.174  0.000  0.774
   0.10092     -0.166636  0.000  0.000  0.000  0.388  0.219  0.000  0.000  0.169  0.000  0.776
   0.11534     -0.149057  0.000  0.000  0.000  0.386  0.228  0.000  0.000  0.163  0.000  0.778
   0.12976     -0.133650  0.000  0.000  0.000  0.382  0.238  0.000  0.000  0.157  0.000  0.778
   0.14418     -0.120435  0.000  0.000  0.000  0.382  0.248  0.000  0.000  0.152  0.000  0.782
   0.15859     -0.109460  0.000  0.000  0.000  0.379  0.259  0.000  0.000  0.147  0.000  0.785
   0.17301     -0.100742  0.000  0.000  0.000  0.375  0.270  0.000  0.000  0.142  0.000  0.788
   0.18743     -0.094272  0.000  0.000  0.000  0.370  0.281  0.000  0.000  0.137  0.000  0.789
   0.20185     -0.090025  0.000  0.000  0.000  0.365  0.293  0.000  0.000  0.133  0.000  0.791
   0.21627     -0.087956  0.000  0.000  0.000  0.362  0.305  0.000  0.000  0.129  0.000  0.796
   0.23068     -0.088002  0.000  0.000  0.000  0.356  0.317  0.000  0.000  0.126  0.000  0.798
   0.24510     -0.090083  0.000  0.000  0.000  0.349  0.328  0.000  0.000  0.122  0.000  0.800
   0.25952     -0.094116  0.000  0.000  0.000  0.344  0.340  0.000  0.000  0.118  0.000  0.802
   0.27394     -0.099988  0.000  0.000  0.000  0.339  0.351  0.000  0.000  0.116  0.000  0.806
   0.28835     -0.107600  0.000  0.000  0.000  0.333  0.362  0.000  0.000  0.113  0.000  0.807
   0.30277     -0.116832  0.000  0.000  0.002  0.326  0.373  0.000  0.000  0.109  0.000  0.810
   0.31719     -0.127564  0.000  0.000  0.002  0.318  0.381  0.002  0.000  0.106  0.001  0.813
   0.33161     -0.139673  0.000  0.002  0.006  0.309  0.387  0.003  0.000  0.103  0.002  0.814
   0.34602     -0.153060  0.000  0.004  0.015  0.299  0.389  0.006  0.001  0.098  0.005  0.814
   0.36044     -0.167690  0.002  0.004  0.017  0.289  0.395  0.008  0.001  0.095  0.007  0.818
   0.37486     -0.183505  0.000  0.002  0.013  0.289  0.410  0.006  0.000  0.094  0.005  0.819
   0.38928     -0.200331  0.000  0.002  0.006  0.289  0.427  0.003  0.000  0.094  0.002  0.823
   0.40370     -0.218021  0.000  0.000  0.002  0.286  0.440  0.002  0.000  0.092  0.001  0.824
   0.41811     -0.236482  0.000  0.000  0.002  0.283  0.450  0.000  0.000  0.091  0.000  0.828
   0.43253     -0.255631  0.000  0.000  0.000  0.279  0.459  0.000  0.000  0.089  0.000  0.827
   0.44695     -0.275416  0.000  0.000  0.000  0.274  0.468  0.000  0.000  0.087  0.000  0.829
   0.46137     -0.295753  0.000  0.000  0.000  0.269  0.476  0.000  0.000  0.085  0.000  0.830
   0.47578     -0.316577  0.000  0.000  0.000  0.266  0.482  0.000  0.000  0.082  0.000  0.833
   0.49020     -0.337831  0.000  0.000  0.000  0.263  0.490  0.000  0.000  0.080  0.000  0.833
   0.50462     -0.359452  0.000  0.000  0.000  0.258  0.496  0.000  0.000  0.079  0.000  0.834
   0.51904     -0.381386  0.000  0.000  0.000  0.255  0.502  0.000  0.000  0.077  0.000  0.834
   0.53345     -0.403582  0.000  0.000  0.000  0.252  0.508  0.000  0.000  0.076  0.000  0.836
   0.54787     -0.425993  0.000  0.000  0.000  0.248  0.513  0.000  0.000  0.074  0.000  0.836
   0.56229     -0.448573  0.000  0.000  0.000  0.246  0.519  0.000  0.000  0.073  0.000  0.838
   0.56229     -0.448573  0.000  0.000  0.000  0.246  0.519  0.000  0.000  0.073  0.000  0.838
   0.57671     -0.471283  0.000  0.000  0.000  0.242  0.524  0.000  0.000  0.071  0.000  0.837
   0.59113     -0.494083  0.000  0.000  0.000  0.239  0.528  0.000  0.000  0.070  0.000  0.839
   0.60554     -0.516926  0.000  0.000  0.000  0.238  0.533  0.000  0.000  0.070  0.000  0.840
   0.61996     -0.539779  0.000  0.000  0.000  0.234  0.537  0.000  0.000  0.069  0.000  0.839
   0.63438     -0.562605  0.000  0.000  0.000  0.231  0.541  0.000  0.000  0.068  0.000  0.841
   0.64880     -0.585361  0.000  0.000  0.000  0.229  0.544  0.000  0.000  0.068  0.000  0.842
   0.66321     -0.608015  0.000  0.000  0.000  0.226  0.548  0.000  0.000  0.068  0.000  0.842
   0.67763     -0.630520  0.000  0.000  0.000  0.224  0.551  0.000  0.000  0.068  0.000  0.842
   0.69205     -0.652823  0.000  0.000  0.000  0.221  0.554  0.000  0.000  0.069  0.000  0.843
   0.70647     -0.674888  0.000  0.000  0.000  0.218  0.556  0.000  0.000  0.069  0.000  0.844
   0.72088     -0.696636  0.000  0.000  0.000  0.216  0.558  0.000  0.000  0.071  0.000  0.846
   0.73530     -0.717993  0.000  0.000  0.000  0.213  0.561  0.000  0.000  0.073  0.000  0.846
   0.74972     -0.738863  0.000  0.000  0.000  0.211  0.562  0.000  0.000  0.074  0.000  0.849
   0.76414     -0.759116  0.000  0.000  0.000  0.208  0.564  0.000  0.000  0.078  0.000  0.850
   0.77856     -0.778576  0.000  0.000  0.000  0.204  0.564  0.000  0.000  0.082  0.000  0.851
   0.79297     -0.796998  0.000  0.000  0.000  0.201  0.564  0.000  0.000  0.087  0.000  0.852
   0.80739     -0.814036  0.000  0.000  0.000  0.199  0.562  0.000  0.000  0.094  0.000  0.855
   0.82181     -0.829186  0.000  0.000  0.000  0.197  0.557  0.000  0.000  0.104  0.000  0.858
   0.83623     -0.841726  0.000  0.000  0.000  0.196  0.547  0.000  0.000  0.117  0.000  0.860
   0.85064     -0.850640  0.000  0.000  0.000  0.197  0.529  0.000  0.000  0.135  0.000  0.861
   0.86506     -0.854643  0.000  0.000  0.000  0.201  0.501  0.000  0.000  0.158  0.000  0.861
   0.87948     -0.852393  0.000  0.000  0.000  0.212  0.461  0.000  0.000  0.185  0.000  0.856
   0.89390     -0.843025  0.000  0.000  0.000  0.227  0.411  0.000  0.000  0.212  0.000  0.849
   0.90831     -0.826651  0.000  0.000  0.000  0.246  0.358  0.000  0.000  0.234  0.000  0.839
   0.92273     -0.804306  0.000  0.000  0.000  0.264  0.312  0.000  0.000  0.252  0.000  0.827
   0.93715     -0.777411  0.000  0.000  0.000  0.282  0.274  0.000  0.000  0.261  0.000  0.817
   0.95157     -0.747295  0.000  0.000  0.000  0.298  0.245  0.000  0.000  0.266  0.000  0.809
   0.96599     -0.714990  0.000  0.000  0.000  0.311  0.223  0.000  0.000  0.267  0.000  0.801
   0.98040     -0.681260  0.000  0.000  0.000  0.322  0.207  0.000  0.000  0.265  0.000  0.795
   0.99482     -0.646647  0.000  0.000  0.000  0.332  0.195  0.000  0.000  0.263  0.000  0.790
   1.00924     -0.611551  0.000  0.000  0.000  0.340  0.186  0.000  0.000  0.259  0.000  0.786
   1.02366     -0.576283  0.000  0.000  0.000  0.346  0.180  0.000  0.000  0.254  0.000  0.781
   1.03807     -0.541087  0.000  0.000  0.000  0.354  0.176  0.000  0.000  0.249  0.000  0.779
   1.05249     -0.506172  0.000  0.000  0.000  0.360  0.173  0.000  0.000  0.243  0.000  0.776
   1.06691     -0.471715  0.000  0.000  0.000  0.364  0.172  0.000  0.000  0.237  0.000  0.774
   1.08133     -0.437894  0.000  0.000  0.000  0.369  0.172  0.000  0.000  0.231  0.000  0.772
   1.09574     -0.404860  0.000  0.000  0.000  0.373  0.173  0.000  0.000  0.224  0.000  0.771
   1.11016     -0.372766  0.000  0.000  0.000  0.378  0.174  0.000  0.000  0.219  0.000  0.771
   1.12458     -0.341764  0.000  0.000  0.000  0.380  0.177  0.000  0.000  0.212  0.000  0.769
 
# Band-Index:   16
   1.12458      1.434057  0.011  0.019  0.035  0.000  0.000  0.038  0.644  0.000  0.165  0.910
   1.11016      1.430880  0.011  0.019  0.033  0.000  0.000  0.039  0.645  0.000  0.164  0.911
   1.09574      1.427988  0.011  0.018  0.031  0.000  0.000  0.039  0.647  0.000  0.164  0.911
   1.08133      1.425410  0.011  0.016  0.031  0.000  0.000  0.038  0.651  0.000  0.162  0.910
   1.06691      1.423172  0.011  0.016  0.029  0.000  0.000  0.038  0.655  0.000  0.160  0.912
   1.05249      1.421287  0.010  0.016  0.030  0.000  0.000  0.037  0.660  0.000  0.158  0.911
   1.03807      1.419768  0.010  0.016  0.030  0.000  0.000  0.036  0.664  0.000  0.155  0.911
   1.02366      1.418618  0.010  0.016  0.028  0.000  0.000  0.035  0.670  0.000  0.153  0.911
   1.00924      1.417837  0.010  0.014  0.028  0.000  0.000  0.034  0.675  0.000  0.150  0.911
   0.99482      1.417420  0.009  0.014  0.028  0.000  0.000  0.033  0.681  0.000  0.147  0.912
   0.98040      1.417359  0.009  0.015  0.026  0.000  0.000  0.031  0.688  0.000  0.143  0.911
   0.96599      1.417640  0.009  0.014  0.026  0.000  0.000  0.030  0.693  0.000  0.140  0.912
   0.95157      1.418251  0.009  0.014  0.026  0.000  0.000  0.028  0.699  0.000  0.136  0.911
   0.93715      1.419174  0.008  0.014  0.026  0.000  0.000  0.027  0.705  0.000  0.133  0.912
   0.92273      1.420389  0.008  0.014  0.024  0.000  0.000  0.026  0.711  0.000  0.129  0.913
   0.90831      1.421874  0.006  0.014  0.024  0.000  0.000  0.024  0.717  0.000  0.126  0.912
   0.89390      1.423607  0.006  0.012  0.024  0.000  0.000  0.023  0.723  0.000  0.123  0.913
   0.87948      1.425562  0.006  0.012  0.024  0.000  0.000  0.021  0.729  0.000  0.120  0.913
   0.86506      1.427715  0.006  0.012  0.023  0.000  0.000  0.020  0.733  0.000  0.117  0.912
   0.85064      1.430038  0.006  0.012  0.023  0.000  0.000  0.019  0.738  0.000  0.114  0.913
   0.83623      1.432504  0.006  0.012  0.023  0.000  0.000  0.017  0.743  0.000  0.111  0.914
   0.82181      1.435085  0.006  0.012  0.023  0.000  0.000  0.016  0.748  0.000  0.108  0.911
   0.80739      1.437755  0.006  0.012  0.023  0.000  0.000  0.015  0.752  0.000  0.105  0.912
   0.79297      1.440486  0.006  0.012  0.022  0.000  0.000  0.014  0.757  0.000  0.102  0.912
   0.77856      1.443248  0.004  0.012  0.020  0.000  0.000  0.013  0.761  0.000  0.099  0.913
   0.76414      1.446016  0.005  0.012  0.020  0.000  0.000  0.012  0.765  0.000  0.097  0.914
   0.74972      1.448764  0.005  0.012  0.020  0.000  0.000  0.011  0.769  0.000  0.094  0.914
   0.73530      1.451464  0.005  0.012  0.019  0.000  0.000  0.010  0.772  0.000  0.092  0.912
   0.72088      1.454094  0.005  0.013  0.019  0.000  0.000  0.010  0.775  0.000  0.090  0.912
   0.70647      1.456630  0.005  0.014  0.019  0.000  0.000  0.009  0.778  0.000  0.088  0.912
   0.69205      1.459050  0.005  0.014  0.018  0.000  0.000  0.008  0.781  0.000  0.085  0.913
   0.67763      1.461334  0.006  0.014  0.018  0.000  0.000  0.008  0.783  0.000  0.084  0.912
   0.66321      1.463465  0.006  0.014  0.018  0.000  0.000  0.007  0.786  0.000  0.082  0.912
   0.64880      1.465426  0.004  0.014  0.020  0.000  0.000  0.006  0.788  0.000  0.080  0.912
   0.63438      1.467203  0.004  0.014  0.019  0.000  0.000  0.006  0.791  0.000  0.078  0.912
   0.61996      1.468785  0.004  0.014  0.019  0.000  0.000  0.005  0.793  0.000  0.075  0.912
   0.60554      1.470165  0.005  0.016  0.019  0.000  0.000  0.005  0.794  0.000  0.074  0.911
   0.59113      1.471335  0.005  0.016  0.019  0.000  0.000  0.004  0.797  0.000  0.072  0.911
   0.57671      1.472295  0.005  0.016  0.019  0.000  0.000  0.004  0.798  0.000  0.071  0.912
   0.56229      1.473044  0.005  0.016  0.018  0.000  0.000  0.003  0.800  0.000  0.069  0.912
   0.56229      1.473044  0.005  0.016  0.018  0.000  0.000  0.003  0.800  0.000  0.069  0.912
   0.54787      1.473586  0.005  0.016  0.018  0.000  0.000  0.003  0.801  0.000  0.067  0.912
   0.53345      1.473928  0.005  0.016  0.018  0.000  0.000  0.003  0.801  0.000  0.065  0.910
   0.51904      1.474084  0.005  0.018  0.018  0.000  0.000  0.002  0.802  0.000  0.064  0.910
   0.50462      1.474069  0.006  0.020  0.018  0.000  0.000  0.002  0.804  0.000  0.062  0.909
   0.49020      1.473903  0.006  0.020  0.018  0.000  0.000  0.002  0.804  0.000  0.060  0.909
   0.47578      1.473607  0.004  0.020  0.018  0.000  0.000  0.002  0.805  0.000  0.059  0.909
   0.46137      1.473210  0.004  0.020  0.018  0.000  0.000  0.001  0.805  0.000  0.057  0.908
   0.44695      1.472743  0.004  0.020  0.020  0.000  0.000  0.001  0.806  0.000  0.056  0.907
   0.43253      1.472239  0.004  0.022  0.020  0.000  0.000  0.001  0.805  0.000  0.055  0.908
   0.41811      1.471730  0.004  0.022  0.020  0.000  0.000  0.001  0.805  0.000  0.053  0.906
   0.40370      1.471253  0.004  0.023  0.020  0.000  0.000  0.001  0.804  0.000  0.052  0.905
   0.38928      1.470845  0.004  0.023  0.021  0.000  0.000  0.001  0.803  0.000  0.051  0.905
   0.37486      1.470532  0.004  0.025  0.023  0.000  0.000  0.001  0.802  0.000  0.050  0.905
   0.36044      1.470345  0.004  0.025  0.023  0.000  0.000  0.002  0.801  0.000  0.050  0.903
   0.34602      1.470301  0.004  0.024  0.025  0.000  0.000  0.002  0.799  0.000  0.050  0.903
   0.33161      1.470417  0.004  0.024  0.025  0.000  0.000  0.002  0.796  0.000  0.050  0.904
   0.31719      1.470687  0.004  0.027  0.027  0.000  0.000  0.002  0.793  0.000  0.051  0.901
   0.30277      1.471100  0.004  0.027  0.028  0.000  0.000  0.002  0.790  0.000  0.052  0.901
   0.28835      1.471624  0.004  0.027  0.030  0.000  0.000  0.002  0.786  0.000  0.054  0.901
   0.27394      1.472215  0.004  0.027  0.032  0.000  0.000  0.002  0.780  0.000  0.056  0.901
   0.25952      1.472812  0.004  0.026  0.034  0.000  0.000  0.002  0.775  0.000  0.059  0.901
   0.24510      1.473342  0.003  0.027  0.034  0.000  0.000  0.002  0.769  0.000  0.064  0.902
   0.23068      1.473720  0.002  0.029  0.037  0.000  0.000  0.003  0.761  0.000  0.069  0.902
   0.21627      1.473857  0.003  0.029  0.039  0.000  0.000  0.004  0.753  0.000  0.075  0.902
   0.20185      1.473671  0.003  0.029  0.039  0.000  0.000  0.005  0.743  0.000  0.082  0.902
   0.18743      1.473086  0.005  0.029  0.041  0.000  0.000  0.007  0.733  0.000  0.090  0.902
   0.17301      1.472044  0.005  0.028  0.041  0.000  0.000  0.009  0.722  0.000  0.098  0.903
   0.15859      1.470512  0.005  0.028  0.041  0.000  0.000  0.011  0.711  0.000  0.107  0.903
   0.14418      1.468484  0.005  0.025  0.041  0.000  0.000  0.014  0.700  0.000  0.116  0.904
   0.12976      1.465983  0.005  0.025  0.042  0.000  0.000  0.017  0.689  0.000  0.125  0.905
   0.11534      1.463061  0.008  0.025  0.042  0.000  0.000  0.021  0.678  0.000  0.133  0.906
   0.10092      1.459785  0.007  0.025  0.042  0.000  0.000  0.024  0.669  0.000  0.140  0.907
   0.08651      1.456238  0.007  0.024  0.041  0.000  0.000  0.026  0.661  0.000  0.146  0.907
   0.07209      1.452510  0.009  0.022  0.041  0.000  0.000  0.029  0.655  0.000  0.152  0.909
   0.05767      1.448691  0.009  0.022  0.038  0.000  0.000  0.032  0.649  0.000  0.157  0.908
   0.04325      1.444863  0.009  0.022  0.036  0.000  0.000  0.034  0.646  0.000  0.160  0.908
   0.02884      1.441104  0.009  0.021  0.036  0.000  0.000  0.036  0.643  0.000  0.163  0.910
   0.01442      1.437483  0.011  0.019  0.034  0.000  0.000  0.037  0.642  0.000  0.164  0.909
   0.00000      1.434057  0.011  0.019  0.035  0.000  0.000  0.038  0.644  0.000  0.165  0.910
 
# Band-Index:   17
   0.00000      1.914743  0.000  0.000  0.000  0.132  0.371  0.001  0.000  0.362  0.000  0.867
   0.01442      1.900363  0.000  0.000  0.000  0.129  0.369  0.001  0.001  0.364  0.001  0.867
   0.02884      1.887646  0.001  0.000  0.000  0.127  0.365  0.005  0.002  0.361  0.004  0.866
   0.04325      1.876252  0.026  0.005  0.010  0.091  0.263  0.097  0.039  0.260  0.078  0.869
   0.05767      1.861224  0.085  0.017  0.032  0.003  0.009  0.331  0.127  0.009  0.266  0.881
   0.07209      1.846855  0.087  0.016  0.030  0.000  0.002  0.340  0.127  0.002  0.280  0.883
   0.08651      1.834562  0.086  0.014  0.028  0.000  0.001  0.343  0.122  0.001  0.289  0.885
   0.10092      1.824435  0.085  0.013  0.028  0.000  0.001  0.346  0.116  0.000  0.299  0.888
   0.11534      1.816526  0.085  0.011  0.027  0.000  0.000  0.348  0.110  0.000  0.310  0.890
   0.12976      1.810874  0.084  0.008  0.028  0.000  0.000  0.350  0.102  0.000  0.322  0.892
   0.14418      1.807501  0.082  0.008  0.028  0.000  0.000  0.351  0.094  0.000  0.333  0.894
   0.15859      1.806406  0.081  0.006  0.028  0.000  0.000  0.352  0.086  0.000  0.345  0.896
   0.17301      1.807563  0.080  0.005  0.028  0.000  0.000  0.352  0.077  0.000  0.355  0.898
   0.18743      1.810919  0.076  0.005  0.030  0.000  0.000  0.350  0.070  0.000  0.366  0.898
   0.20185      1.816396  0.075  0.003  0.032  0.000  0.000  0.349  0.063  0.000  0.376  0.899
   0.21627      1.823889  0.075  0.003  0.034  0.000  0.000  0.347  0.056  0.000  0.385  0.898
   0.23068      1.833280  0.071  0.003  0.036  0.000  0.000  0.345  0.051  0.000  0.392  0.899
   0.24510      1.844434  0.070  0.003  0.040  0.000  0.000  0.342  0.046  0.000  0.399  0.899
   0.25952      1.857213  0.067  0.001  0.043  0.000  0.000  0.338  0.043  0.000  0.405  0.899
   0.27394      1.871482  0.067  0.002  0.047  0.000  0.000  0.335  0.040  0.000  0.409  0.898
   0.28835      1.887107  0.064  0.002  0.051  0.000  0.000  0.331  0.038  0.000  0.413  0.898
   0.30277      1.903965  0.063  0.002  0.053  0.000  0.000  0.327  0.036  0.000  0.415  0.897
   0.31719      1.921936  0.060  0.002  0.057  0.000  0.000  0.323  0.035  0.000  0.418  0.898
   0.33161      1.940915  0.059  0.003  0.061  0.000  0.000  0.320  0.034  0.000  0.419  0.896
   0.34602      1.960802  0.057  0.003  0.065  0.000  0.000  0.316  0.034  0.000  0.421  0.895
   0.36044      1.981507  0.056  0.002  0.067  0.000  0.000  0.313  0.034  0.000  0.421  0.894
   0.37486      2.002951  0.054  0.003  0.071  0.000  0.000  0.309  0.033  0.000  0.421  0.892
   0.38928      2.025058  0.053  0.003  0.075  0.000  0.000  0.306  0.034  0.000  0.420  0.893
   0.40370      2.047761  0.051  0.003  0.078  0.000  0.000  0.303  0.034  0.000  0.420  0.891
   0.41811      2.070995  0.050  0.003  0.082  0.000  0.000  0.300  0.034  0.000  0.420  0.890
   0.43253      2.094700  0.048  0.006  0.086  0.000  0.000  0.297  0.035  0.000  0.419  0.890
   0.44695      2.118817  0.048  0.006  0.088  0.000  0.000  0.295  0.035  0.000  0.418  0.890
   0.46137      2.143291  0.047  0.006  0.092  0.000  0.000  0.293  0.036  0.000  0.417  0.888
   0.47578      2.168063  0.044  0.006  0.094  0.000  0.000  0.291  0.036  0.000  0.414  0.889
   0.49020      2.193074  0.044  0.008  0.098  0.000  0.000  0.289  0.037  0.000  0.413  0.887
   0.50462      2.218256  0.041  0.009  0.100  0.000  0.000  0.287  0.038  0.000  0.411  0.886
   0.51904      2.243551  0.040  0.009  0.103  0.000  0.000  0.285  0.038  0.000  0.410  0.886
   0.53345      2.268877  0.039  0.011  0.106  0.000  0.000  0.284  0.039  0.000  0.407  0.885
   0.54787      2.294159  0.036  0.011  0.110  0.000  0.000  0.283  0.039  0.000  0.405  0.885
   0.56229      2.319302  0.036  0.013  0.112  0.000  0.000  0.282  0.039  0.000  0.403  0.886
   0.56229      2.319302  0.036  0.013  0.112  0.000  0.000  0.282  0.039  0.000  0.403  0.886
   0.57671      2.344203  0.035  0.013  0.116  0.000  0.000  0.282  0.040  0.000  0.400  0.884
   0.59113      2.368749  0.032  0.014  0.118  0.000  0.000  0.281  0.041  0.000  0.398  0.885
   0.60554      2.392811  0.031  0.014  0.122  0.000  0.000  0.281  0.040  0.000  0.396  0.885
   0.61996      2.416239  0.030  0.016  0.125  0.000  0.000  0.282  0.041  0.000  0.392  0.886
   0.63438      2.438875  0.027  0.018  0.129  0.000  0.000  0.282  0.042  0.000  0.390  0.887
   0.64880      2.460522  0.026  0.017  0.131  0.000  0.000  0.283  0.042  0.000  0.386  0.888
   0.66321      2.480967  0.024  0.019  0.135  0.000  0.000  0.284  0.043  0.000  0.383  0.889
   0.67763      2.499956  0.023  0.021  0.138  0.000  0.001  0.284  0.044  0.001  0.378  0.889
   0.69205      2.510440  0.000  0.000  0.002  0.221  0.282  0.006  0.001  0.348  0.008  0.872
   0.70647      2.503286  0.000  0.000  0.000  0.223  0.292  0.000  0.000  0.356  0.001  0.873
   0.72088      2.494108  0.000  0.000  0.000  0.222  0.294  0.000  0.000  0.355  0.000  0.873
   0.73530      2.483081  0.000  0.000  0.000  0.219  0.298  0.000  0.000  0.355  0.000  0.872
   0.74972      2.470305  0.000  0.000  0.000  0.218  0.301  0.000  0.000  0.354  0.000  0.874
   0.76414      2.455886  0.000  0.000  0.000  0.215  0.304  0.000  0.000  0.354  0.000  0.874
   0.77856      2.439933  0.000  0.000  0.000  0.213  0.308  0.000  0.000  0.353  0.000  0.873
   0.79297      2.422567  0.000  0.000  0.000  0.209  0.310  0.000  0.000  0.353  0.000  0.873
   0.80739      2.403902  0.000  0.000  0.000  0.206  0.314  0.000  0.000  0.353  0.000  0.873
   0.82181      2.384062  0.000  0.000  0.000  0.202  0.317  0.000  0.000  0.353  0.000  0.871
   0.83623      2.363168  0.000  0.000  0.000  0.199  0.321  0.000  0.000  0.352  0.000  0.872
   0.85064      2.341346  0.000  0.000  0.000  0.196  0.323  0.000  0.000  0.352  0.000  0.872
   0.86506      2.318721  0.000  0.000  0.000  0.193  0.327  0.000  0.000  0.351  0.000  0.873
   0.87948      2.295419  0.000  0.000  0.000  0.188  0.331  0.000  0.000  0.351  0.000  0.870
   0.89390      2.271558  0.000  0.000  0.000  0.185  0.334  0.000  0.000  0.352  0.000  0.871
   0.90831      2.247266  0.000  0.000  0.000  0.182  0.337  0.000  0.000  0.352  0.000  0.871
   0.92273      2.222665  0.000  0.000  0.000  0.177  0.341  0.000  0.000  0.352  0.000  0.870
   0.93715      2.197880  0.000  0.000  0.000  0.174  0.344  0.000  0.000  0.353  0.000  0.870
   0.95157      2.173031  0.000  0.000  0.000  0.171  0.347  0.000  0.000  0.353  0.000  0.870
   0.96599      2.148240  0.000  0.000  0.000  0.166  0.350  0.000  0.000  0.353  0.000  0.869
   0.98040      2.123630  0.000  0.000  0.000  0.163  0.353  0.000  0.000  0.353  0.000  0.869
   0.99482      2.099322  0.000  0.000  0.000  0.159  0.356  0.000  0.000  0.354  0.000  0.869
   1.00924      2.075447  0.000  0.000  0.000  0.156  0.359  0.000  0.000  0.355  0.000  0.869
   1.02366      2.052110  0.000  0.000  0.000  0.153  0.361  0.000  0.000  0.356  0.000  0.869
   1.03807      2.029448  0.000  0.000  0.000  0.149  0.363  0.000  0.000  0.357  0.000  0.869
   1.05249      2.007586  0.000  0.000  0.000  0.146  0.366  0.000  0.000  0.358  0.000  0.870
   1.06691      1.986652  0.000  0.000  0.000  0.143  0.367  0.000  0.000  0.359  0.000  0.869
   1.08133      1.966770  0.000  0.000  0.000  0.139  0.368  0.000  0.000  0.360  0.000  0.868
   1.09574      1.948073  0.000  0.000  0.000  0.137  0.370  0.000  0.000  0.361  0.000  0.869
   1.11016      1.930687  0.000  0.000  0.000  0.134  0.370  0.000  0.000  0.361  0.000  0.867
   1.12458      1.914743  0.000  0.000  0.000  0.132  0.371  0.001  0.000  0.362  0.000  0.867
 
# Band-Index:   18
   1.12458      1.939495  0.089  0.024  0.046  0.000  0.001  0.331  0.131  0.001  0.250  0.873
   1.11016      1.963762  0.089  0.026  0.050  0.000  0.000  0.330  0.129  0.000  0.247  0.873
   1.09574      1.989796  0.089  0.029  0.054  0.000  0.000  0.329  0.126  0.000  0.244  0.870
   1.08133      2.017505  0.089  0.029  0.058  0.000  0.000  0.328  0.122  0.000  0.243  0.869
   1.06691      2.046781  0.086  0.031  0.063  0.000  0.000  0.327  0.117  0.000  0.242  0.867
   1.05249      2.077495  0.086  0.031  0.067  0.000  0.000  0.326  0.113  0.000  0.241  0.867
   1.03807      2.109501  0.084  0.033  0.073  0.000  0.000  0.325  0.109  0.000  0.242  0.866
   1.02366      2.142619  0.081  0.035  0.078  0.000  0.000  0.324  0.104  0.000  0.243  0.866
   1.00924      2.176644  0.079  0.035  0.084  0.000  0.000  0.323  0.099  0.000  0.245  0.866
   0.99482      2.211333  0.075  0.037  0.089  0.000  0.000  0.322  0.095  0.000  0.247  0.868
   0.98040      2.246415  0.073  0.037  0.096  0.000  0.000  0.322  0.090  0.000  0.250  0.868
   0.96599      2.281579  0.068  0.038  0.102  0.000  0.000  0.321  0.086  0.000  0.255  0.870
   0.95157      2.316479  0.065  0.038  0.109  0.000  0.000  0.321  0.082  0.000  0.259  0.871
   0.93715      2.350725  0.060  0.037  0.115  0.000  0.000  0.320  0.078  0.000  0.264  0.874
   0.92273      2.383908  0.054  0.039  0.120  0.000  0.000  0.319  0.074  0.000  0.270  0.876
   0.90831      2.415592  0.050  0.038  0.127  0.000  0.000  0.319  0.070  0.000  0.276  0.880
   0.89390      2.445334  0.044  0.037  0.133  0.000  0.000  0.318  0.067  0.000  0.283  0.883
   0.87948      2.472677  0.038  0.036  0.138  0.000  0.000  0.317  0.064  0.000  0.291  0.885
   0.86506      2.497208  0.035  0.036  0.142  0.000  0.000  0.316  0.061  0.000  0.299  0.889
   0.85064      2.518554  0.030  0.035  0.146  0.000  0.000  0.314  0.059  0.000  0.307  0.892
   0.83623      2.536399  0.026  0.035  0.148  0.000  0.000  0.312  0.057  0.000  0.315  0.893
   0.82181      2.550523  0.021  0.032  0.152  0.000  0.000  0.310  0.055  0.000  0.323  0.894
   0.80739      2.560792  0.020  0.032  0.152  0.000  0.000  0.308  0.053  0.000  0.330  0.896
   0.79297      2.567180  0.017  0.030  0.154  0.000  0.000  0.305  0.051  0.000  0.338  0.896
   0.77856      2.569756  0.017  0.028  0.154  0.000  0.000  0.303  0.051  0.000  0.345  0.896
   0.76414      2.568673  0.016  0.028  0.152  0.000  0.000  0.300  0.049  0.000  0.351  0.897
   0.74972      2.564152  0.015  0.027  0.151  0.000  0.000  0.297  0.048  0.000  0.357  0.895
   0.73530      2.556463  0.016  0.025  0.149  0.000  0.000  0.295  0.046  0.000  0.362  0.895
   0.72088      2.545904  0.017  0.023  0.147  0.000  0.000  0.291  0.046  0.000  0.367  0.894
   0.70647      2.532790  0.018  0.022  0.144  0.000  0.000  0.289  0.045  0.000  0.371  0.892
   0.69205      2.517524  0.019  0.020  0.138  0.004  0.006  0.281  0.043  0.008  0.367  0.891
   0.67763      2.515919  0.000  0.000  0.000  0.228  0.285  0.001  0.000  0.355  0.001  0.872
   0.66321      2.519071  0.000  0.000  0.000  0.229  0.284  0.000  0.000  0.358  0.000  0.871
   0.64880      2.520132  0.000  0.000  0.000  0.231  0.281  0.000  0.000  0.358  0.000  0.870
   0.63438      2.519041  0.000  0.000  0.000  0.233  0.279  0.000  0.000  0.358  0.000  0.870
   0.61996      2.515772  0.000  0.000  0.000  0.232  0.277  0.000  0.000  0.359  0.000  0.868
   0.60554      2.510323  0.000  0.000  0.000  0.232  0.274  0.000  0.000  0.359  0.000  0.866
   0.59113      2.502706  0.000  0.000  0.000  0.234  0.273  0.000  0.000  0.360  0.000  0.867
   0.57671      2.492954  0.000  0.000  0.000  0.233  0.271  0.000  0.000  0.360  0.000  0.864
   0.56229      2.481107  0.000  0.000  0.000  0.233  0.269  0.000  0.000  0.360  0.000  0.863
   0.56229      2.481107  0.000  0.000  0.000  0.233  0.269  0.000  0.000  0.360  0.000  0.863
   0.54787      2.467226  0.000  0.000  0.000  0.232  0.268  0.000  0.000  0.361  0.000  0.861
   0.53345      2.451397  0.000  0.000  0.000  0.232  0.267  0.000  0.000  0.361  0.000  0.860
   0.51904      2.433724  0.000  0.000  0.000  0.231  0.266  0.000  0.000  0.362  0.000  0.859
   0.50462      2.414313  0.000  0.000  0.000  0.228  0.266  0.000  0.000  0.362  0.000  0.856
   0.49020      2.393289  0.000  0.000  0.000  0.227  0.265  0.000  0.000  0.362  0.000  0.855
   0.47578      2.370792  0.000  0.000  0.000  0.224  0.265  0.000  0.000  0.364  0.000  0.852
   0.46137      2.346969  0.000  0.000  0.000  0.223  0.265  0.000  0.000  0.364  0.000  0.853
   0.44695      2.321984  0.000  0.000  0.000  0.220  0.266  0.000  0.000  0.365  0.000  0.851
   0.43253      2.296006  0.000  0.000  0.000  0.218  0.267  0.000  0.000  0.366  0.000  0.850
   0.41811      2.269202  0.000  0.000  0.000  0.214  0.268  0.000  0.000  0.366  0.000  0.848
   0.40370      2.241772  0.000  0.000  0.000  0.211  0.270  0.000  0.000  0.367  0.000  0.847
   0.38928      2.213900  0.000  0.000  0.000  0.206  0.271  0.000  0.000  0.368  0.000  0.845
   0.37486      2.185780  0.000  0.000  0.000  0.203  0.274  0.000  0.000  0.369  0.000  0.845
   0.36044      2.157611  0.000  0.000  0.000  0.199  0.276  0.000  0.000  0.369  0.000  0.844
   0.34602      2.129595  0.000  0.000  0.000  0.194  0.280  0.000  0.000  0.370  0.000  0.844
   0.33161      2.101936  0.000  0.000  0.000  0.189  0.284  0.000  0.000  0.371  0.000  0.844
   0.31719      2.074838  0.000  0.000  0.000  0.185  0.287  0.000  0.000  0.372  0.000  0.844
   0.30277      2.048504  0.000  0.000  0.000  0.180  0.291  0.000  0.000  0.373  0.000  0.844
   0.28835      2.023135  0.000  0.000  0.000  0.175  0.296  0.000  0.000  0.374  0.000  0.845
   0.27394      1.998926  0.000  0.000  0.000  0.170  0.301  0.000  0.000  0.374  0.000  0.845
   0.25952      1.976068  0.000  0.000  0.000  0.165  0.305  0.000  0.000  0.375  0.000  0.845
   0.24510      1.954741  0.000  0.000  0.000  0.159  0.311  0.000  0.000  0.376  0.000  0.846
   0.23068      1.935114  0.000  0.000  0.000  0.154  0.317  0.000  0.000  0.376  0.000  0.847
   0.21627      1.917342  0.000  0.000  0.000  0.151  0.322  0.000  0.000  0.377  0.000  0.850
   0.20185      1.901565  0.000  0.000  0.000  0.145  0.327  0.000  0.000  0.377  0.000  0.850
   0.18743      1.887900  0.000  0.000  0.000  0.142  0.333  0.000  0.000  0.377  0.000  0.852
   0.17301      1.876444  0.000  0.000  0.000  0.138  0.338  0.000  0.000  0.376  0.000  0.853
   0.15859      1.867272  0.000  0.000  0.000  0.135  0.343  0.000  0.000  0.376  0.000  0.854
   0.14418      1.860430  0.000  0.000  0.000  0.133  0.348  0.000  0.000  0.375  0.000  0.857
   0.12976      1.855947  0.000  0.000  0.000  0.129  0.352  0.000  0.000  0.375  0.000  0.856
   0.11534      1.853823  0.000  0.000  0.000  0.127  0.356  0.000  0.000  0.374  0.000  0.857
   0.10092      1.854032  0.000  0.000  0.000  0.127  0.359  0.001  0.000  0.372  0.000  0.860
   0.08651      1.856533  0.000  0.000  0.000  0.126  0.362  0.001  0.000  0.371  0.001  0.860
   0.07209      1.861272  0.000  0.000  0.000  0.125  0.364  0.002  0.001  0.369  0.002  0.861
   0.05767      1.868216  0.001  0.000  0.000  0.122  0.358  0.008  0.003  0.360  0.007  0.863
   0.04325      1.878618  0.063  0.013  0.026  0.036  0.107  0.240  0.093  0.108  0.188  0.875
   0.02884      1.896617  0.087  0.021  0.038  0.002  0.005  0.331  0.132  0.005  0.256  0.878
   0.01442      1.917083  0.088  0.023  0.042  0.000  0.001  0.332  0.132  0.002  0.253  0.875
   0.00000      1.939495  0.089  0.024  0.046  0.000  0.001  0.331  0.131  0.001  0.250  0.873
 
# Band-Index:   19
   0.00000      4.645101  0.260  0.107  0.048  0.000  0.000  0.014  0.008  0.000  0.064  0.499
   0.01442      4.673710  0.256  0.109  0.049  0.000  0.000  0.013  0.008  0.000  0.064  0.500
   0.02884      4.685129  0.264  0.112  0.049  0.000  0.000  0.007  0.006  0.000  0.061  0.498
   0.04325      4.658702  0.282  0.108  0.041  0.000  0.000  0.002  0.004  0.000  0.050  0.485
   0.05767      4.620643  0.289  0.104  0.038  0.000  0.000  0.001  0.003  0.000  0.045  0.480
   0.07209      4.582086  0.293  0.104  0.034  0.000  0.000  0.000  0.002  0.000  0.043  0.476
   0.08651      4.545089  0.297  0.102  0.031  0.000  0.000  0.000  0.001  0.000  0.041  0.472
   0.10092      4.510413  0.299  0.101  0.031  0.000  0.000  0.000  0.001  0.000  0.039  0.471
   0.11534      4.478535  0.301  0.099  0.029  0.000  0.000  0.000  0.000  0.000  0.037  0.469
   0.12976      4.449829  0.305  0.099  0.028  0.000  0.000  0.000  0.000  0.000  0.036  0.467
   0.14418      4.424625  0.306  0.098  0.027  0.000  0.000  0.000  0.000  0.000  0.034  0.465
   0.15859      4.403217  0.308  0.098  0.025  0.000  0.000  0.000  0.000  0.000  0.033  0.463
   0.17301      4.385871  0.308  0.097  0.026  0.000  0.000  0.000  0.000  0.000  0.030  0.462
   0.18743      4.372826  0.309  0.097  0.025  0.000  0.000  0.001  0.001  0.000  0.029  0.462
   0.20185      4.364290  0.309  0.096  0.027  0.000  0.000  0.001  0.001  0.000  0.027  0.459
   0.21627      4.360435  0.311  0.095  0.026  0.000  0.000  0.001  0.002  0.000  0.025  0.460
   0.23068      4.361409  0.309  0.094  0.027  0.000  0.000  0.002  0.002  0.000  0.023  0.458
   0.24510      4.367308  0.308  0.093  0.029  0.000  0.000  0.002  0.003  0.000  0.021  0.457
   0.25952      4.378199  0.308  0.092  0.032  0.000  0.000  0.002  0.004  0.000  0.020  0.458
   0.27394      4.394102  0.306  0.091  0.033  0.000  0.000  0.003  0.005  0.000  0.018  0.456
   0.28835      4.414994  0.303  0.092  0.036  0.000  0.000  0.003  0.006  0.000  0.016  0.456
   0.30277      4.440818  0.300  0.090  0.041  0.000  0.000  0.003  0.007  0.000  0.014  0.456
   0.31719      4.471467  0.297  0.091  0.044  0.000  0.000  0.004  0.008  0.000  0.012  0.456
   0.33161      4.506799  0.293  0.089  0.050  0.000  0.000  0.004  0.009  0.000  0.010  0.456
   0.34602      4.546626  0.289  0.090  0.055  0.000  0.000  0.005  0.010  0.000  0.009  0.455
   0.36044      4.590720  0.283  0.088  0.060  0.000  0.000  0.005  0.011  0.000  0.007  0.455
   0.37486      4.638796  0.276  0.089  0.066  0.000  0.000  0.005  0.012  0.000  0.006  0.455
   0.38928      4.690515  0.269  0.087  0.073  0.000  0.000  0.005  0.014  0.000  0.005  0.455
   0.40370      4.745453  0.262  0.086  0.080  0.000  0.000  0.005  0.016  0.000  0.003  0.452
   0.41811      4.803089  0.252  0.086  0.086  0.000  0.000  0.005  0.018  0.000  0.002  0.450
   0.43253      4.862726  0.241  0.087  0.094  0.000  0.000  0.004  0.021  0.000  0.000  0.446
   0.44695      4.923401  0.228  0.085  0.101  0.000  0.000  0.004  0.024  0.000  0.000  0.441
   0.46137      4.983788  0.213  0.084  0.106  0.000  0.000  0.004  0.028  0.000  0.000  0.435
   0.47578      5.042031  0.194  0.085  0.111  0.000  0.000  0.003  0.033  0.000  0.002  0.425
   0.49020      5.095763  0.172  0.085  0.112  0.000  0.000  0.002  0.039  0.000  0.005  0.414
   0.50462      5.142533  0.151  0.083  0.110  0.000  0.000  0.002  0.045  0.000  0.010  0.403
   0.51904      5.180738  0.136  0.084  0.104  0.000  0.000  0.002  0.050  0.000  0.018  0.395
   0.53345      5.210232  0.123  0.082  0.100  0.000  0.000  0.004  0.054  0.000  0.024  0.387
   0.54787      5.231772  0.114  0.081  0.097  0.000  0.000  0.004  0.054  0.000  0.029  0.383
   0.56229      5.245700  0.109  0.081  0.099  0.000  0.000  0.004  0.051  0.000  0.031  0.378
   0.56229      5.245700  0.109  0.081  0.099  0.000  0.000  0.004  0.051  0.000  0.031  0.378
   0.57671      5.250464  0.109  0.082  0.107  0.000  0.000  0.003  0.045  0.000  0.030  0.374
   0.59113      5.240610  0.120  0.079  0.122  0.000  0.000  0.004  0.032  0.000  0.023  0.379
   0.60554      5.207229  0.152  0.078  0.134  0.000  0.000  0.007  0.016  0.000  0.012  0.401
   0.61996      5.149288  0.193  0.079  0.135  0.000  0.000  0.013  0.007  0.000  0.005  0.431
   0.63438      5.077205  0.225  0.080  0.126  0.000  0.000  0.016  0.005  0.000  0.001  0.452
   0.64880      4.999893  0.246  0.080  0.115  0.000  0.000  0.018  0.004  0.000  0.000  0.464
   0.66321      4.921753  0.261  0.081  0.105  0.000  0.000  0.019  0.004  0.000  0.000  0.472
   0.67763      4.844903  0.272  0.082  0.096  0.000  0.000  0.019  0.005  0.000  0.002  0.474
   0.69205      4.770526  0.282  0.082  0.086  0.000  0.000  0.018  0.005  0.000  0.003  0.475
   0.70647      4.699405  0.289  0.084  0.079  0.000  0.000  0.017  0.004  0.000  0.004  0.476
   0.72088      4.632148  0.296  0.084  0.071  0.000  0.000  0.015  0.005  0.000  0.005  0.476
   0.73530      4.569271  0.302  0.085  0.064  0.000  0.000  0.013  0.005  0.000  0.007  0.475
   0.74972      4.511217  0.307  0.085  0.056  0.000  0.000  0.011  0.005  0.000  0.010  0.476
   0.76414      4.458400  0.311  0.087  0.050  0.000  0.000  0.009  0.004  0.000  0.013  0.475
   0.77856      4.411175  0.315  0.086  0.045  0.000  0.000  0.007  0.004  0.000  0.016  0.474
   0.79297      4.369836  0.317  0.086  0.040  0.000  0.000  0.006  0.005  0.000  0.019  0.474
   0.80739      4.334595  0.318  0.087  0.034  0.000  0.000  0.005  0.005  0.000  0.023  0.473
   0.82181      4.305572  0.319  0.087  0.032  0.000  0.000  0.004  0.005  0.000  0.029  0.475
   0.83623      4.282783  0.317  0.088  0.030  0.000  0.000  0.003  0.005  0.000  0.033  0.476
   0.85064      4.266136  0.316  0.088  0.027  0.000  0.000  0.002  0.006  0.000  0.038  0.477
   0.86506      4.255435  0.315  0.089  0.028  0.000  0.000  0.002  0.005  0.000  0.044  0.481
   0.87948      4.250395  0.312  0.089  0.028  0.000  0.000  0.002  0.005  0.000  0.048  0.483
   0.89390      4.250657  0.308  0.090  0.027  0.000  0.000  0.002  0.006  0.000  0.053  0.487
   0.90831      4.255813  0.305  0.090  0.029  0.000  0.000  0.003  0.006  0.000  0.057  0.489
   0.92273      4.265425  0.301  0.091  0.030  0.000  0.000  0.004  0.006  0.000  0.060  0.491
   0.93715      4.279039  0.297  0.091  0.032  0.000  0.000  0.005  0.006  0.000  0.064  0.495
   0.95157      4.296211  0.294  0.091  0.033  0.000  0.000  0.005  0.006  0.000  0.066  0.496
   0.96599      4.316512  0.289  0.094  0.035  0.000  0.000  0.006  0.006  0.000  0.068  0.500
   0.98040      4.339530  0.285  0.094  0.036  0.000  0.000  0.008  0.006  0.000  0.070  0.500
   0.99482      4.364882  0.284  0.096  0.038  0.000  0.000  0.009  0.006  0.000  0.071  0.502
   1.00924      4.392214  0.280  0.096  0.039  0.000  0.000  0.009  0.007  0.000  0.071  0.503
   1.02366      4.421194  0.277  0.096  0.041  0.000  0.000  0.011  0.007  0.000  0.071  0.505
   1.03807      4.451513  0.275  0.100  0.043  0.000  0.000  0.011  0.007  0.000  0.071  0.504
   1.05249      4.482885  0.272  0.100  0.043  0.000  0.000  0.011  0.007  0.000  0.070  0.503
   1.06691      4.515040  0.269  0.100  0.043  0.000  0.000  0.012  0.007  0.000  0.069  0.503
   1.08133      4.547697  0.267  0.103  0.047  0.000  0.000  0.013  0.007  0.000  0.067  0.502
   1.09574      4.580568  0.263  0.104  0.047  0.000  0.000  0.014  0.007  0.000  0.066  0.501
   1.11016      4.613271  0.262  0.105  0.047  0.000  0.000  0.014  0.007  0.000  0.065  0.500
   1.12458      4.645101  0.260  0.107  0.048  0.000  0.000  0.014  0.008  0.000  0.064  0.499
 
# Band-Index:   20
   1.12458      4.808602  0.284  0.102  0.038  0.000  0.000  0.002  0.007  0.000  0.039  0.473
   1.11016      4.853494  0.282  0.105  0.040  0.000  0.000  0.002  0.008  0.000  0.041  0.478
   1.09574      4.899528  0.278  0.105  0.043  0.000  0.000  0.002  0.009  0.000  0.042  0.480
   1.08133      4.945823  0.275  0.106  0.045  0.000  0.000  0.003  0.011  0.000  0.042  0.480
   1.06691      4.991835  0.271  0.107  0.045  0.000  0.000  0.004  0.013  0.000  0.042  0.482
   1.05249      5.037126  0.266  0.108  0.047  0.000  0.000  0.004  0.016  0.000  0.043  0.482
   1.03807      5.081301  0.262  0.108  0.048  0.000  0.000  0.005  0.018  0.000  0.042  0.483
   1.02366      5.123992  0.258  0.108  0.048  0.000  0.000  0.005  0.021  0.000  0.043  0.484
   1.00924      5.164857  0.253  0.109  0.048  0.000  0.000  0.006  0.023  0.000  0.043  0.483
   0.99482      5.203572  0.249  0.109  0.049  0.000  0.000  0.008  0.026  0.000  0.043  0.484
   0.98040      5.239854  0.245  0.109  0.049  0.000  0.000  0.008  0.029  0.000  0.044  0.482
   0.96599      5.273456  0.239  0.108  0.049  0.000  0.000  0.009  0.032  0.000  0.044  0.482
   0.95157      5.304182  0.234  0.107  0.048  0.000  0.000  0.010  0.036  0.000  0.044  0.479
   0.93715      5.331872  0.228  0.107  0.048  0.000  0.000  0.011  0.039  0.000  0.044  0.479
   0.92273      5.356441  0.224  0.105  0.047  0.000  0.000  0.012  0.043  0.000  0.045  0.475
   0.90831      5.377853  0.218  0.104  0.045  0.000  0.000  0.013  0.046  0.000  0.045  0.473
   0.89390      5.396133  0.212  0.104  0.044  0.000  0.000  0.015  0.049  0.000  0.046  0.471
   0.87948      5.411354  0.208  0.102  0.043  0.000  0.000  0.015  0.052  0.000  0.047  0.468
   0.86506      5.423642  0.203  0.101  0.042  0.000  0.000  0.016  0.056  0.000  0.048  0.467
   0.85064      5.433153  0.199  0.099  0.043  0.000  0.000  0.018  0.059  0.000  0.049  0.464
   0.83623      5.440079  0.193  0.096  0.041  0.000  0.000  0.018  0.062  0.000  0.050  0.462
   0.82181      5.444631  0.190  0.096  0.039  0.000  0.000  0.020  0.065  0.000  0.051  0.459
   0.80739      5.447030  0.185  0.093  0.038  0.000  0.000  0.021  0.067  0.000  0.053  0.457
   0.79297      5.447505  0.182  0.093  0.036  0.000  0.000  0.021  0.069  0.000  0.054  0.456
   0.77856      5.446281  0.178  0.090  0.036  0.000  0.000  0.021  0.072  0.000  0.054  0.453
   0.76414      5.443579  0.176  0.090  0.034  0.000  0.000  0.023  0.074  0.000  0.055  0.453
   0.74972      5.439618  0.174  0.088  0.033  0.000  0.000  0.023  0.075  0.000  0.056  0.451
   0.73530      5.434605  0.172  0.088  0.033  0.000  0.000  0.024  0.078  0.000  0.058  0.450
   0.72088      5.428752  0.172  0.085  0.032  0.000  0.000  0.024  0.079  0.000  0.058  0.449
   0.70647      5.422284  0.171  0.085  0.031  0.000  0.000  0.025  0.080  0.000  0.058  0.450
   0.69205      5.415454  0.171  0.084  0.030  0.000  0.000  0.026  0.081  0.000  0.058  0.450
   0.67763      5.408583  0.174  0.084  0.028  0.000  0.000  0.027  0.082  0.000  0.058  0.453
   0.66321      5.402165  0.177  0.083  0.027  0.000  0.000  0.028  0.084  0.000  0.058  0.457
   0.64880      5.397067  0.186  0.081  0.025  0.000  0.000  0.030  0.084  0.000  0.056  0.463
   0.63438      5.395053  0.200  0.083  0.023  0.000  0.000  0.033  0.085  0.000  0.054  0.477
   0.61996      5.400118  0.224  0.081  0.024  0.000  0.000  0.038  0.082  0.000  0.050  0.497
   0.60554      5.420665  0.260  0.081  0.034  0.000  0.000  0.043  0.074  0.000  0.039  0.529
   0.59113      5.466349  0.288  0.078  0.059  0.000  0.000  0.045  0.058  0.000  0.024  0.552
   0.57671      5.534624  0.296  0.073  0.089  0.000  0.000  0.043  0.045  0.000  0.012  0.558
   0.56229      5.609793  0.304  0.068  0.120  0.000  0.000  0.033  0.036  0.000  0.002  0.562
   0.56229      5.609793  0.304  0.068  0.120  0.000  0.000  0.033  0.036  0.000  0.002  0.562
   0.54787      5.617914  0.294  0.066  0.110  0.000  0.000  0.025  0.017  0.000  0.014  0.527
   0.53345      5.556551  0.278  0.071  0.081  0.000  0.000  0.032  0.016  0.000  0.029  0.507
   0.51904      5.496014  0.270  0.074  0.060  0.000  0.000  0.035  0.019  0.000  0.038  0.498
   0.50462      5.444027  0.259  0.075  0.046  0.000  0.000  0.037  0.023  0.000  0.045  0.487
   0.49020      5.401893  0.246  0.077  0.036  0.000  0.000  0.037  0.027  0.000  0.052  0.477
   0.47578      5.368658  0.234  0.081  0.027  0.000  0.000  0.037  0.033  0.000  0.055  0.467
   0.46137      5.342293  0.221  0.082  0.024  0.000  0.000  0.035  0.036  0.000  0.056  0.457
   0.44695      5.320742  0.212  0.084  0.024  0.000  0.000  0.035  0.038  0.000  0.056  0.449
   0.43253      5.302412  0.206  0.086  0.023  0.000  0.000  0.033  0.039  0.000  0.055  0.445
   0.41811      5.286190  0.204  0.086  0.023  0.000  0.000  0.032  0.040  0.000  0.053  0.440
   0.40370      5.271325  0.202  0.089  0.026  0.000  0.000  0.031  0.039  0.000  0.052  0.436
   0.38928      5.257303  0.200  0.090  0.026  0.000  0.000  0.030  0.039  0.000  0.050  0.436
   0.37486      5.243753  0.199  0.092  0.027  0.000  0.000  0.030  0.038  0.000  0.047  0.434
   0.36044      5.230399  0.200  0.094  0.028  0.000  0.000  0.029  0.037  0.000  0.046  0.433
   0.34602      5.217026  0.202  0.094  0.029  0.000  0.000  0.028  0.034  0.000  0.044  0.433
   0.33161      5.203456  0.203  0.097  0.031  0.000  0.000  0.028  0.033  0.000  0.042  0.433
   0.31719      5.189536  0.205  0.098  0.032  0.000  0.000  0.027  0.031  0.000  0.040  0.433
   0.30277      5.175130  0.207  0.100  0.031  0.000  0.000  0.027  0.030  0.000  0.038  0.434
   0.28835      5.160117  0.210  0.101  0.034  0.000  0.000  0.026  0.028  0.000  0.037  0.437
   0.27394      5.144388  0.213  0.103  0.034  0.000  0.000  0.026  0.026  0.000  0.036  0.438
   0.25952      5.127844  0.215  0.103  0.035  0.000  0.000  0.025  0.025  0.000  0.035  0.439
   0.24510      5.110392  0.220  0.106  0.035  0.000  0.000  0.024  0.023  0.000  0.034  0.442
   0.23068      5.091962  0.222  0.106  0.037  0.000  0.000  0.024  0.021  0.000  0.034  0.444
   0.21627      5.072483  0.225  0.107  0.038  0.000  0.000  0.023  0.020  0.000  0.034  0.446
   0.20185      5.051909  0.228  0.107  0.040  0.000  0.000  0.022  0.018  0.000  0.034  0.448
   0.18743      5.030195  0.232  0.108  0.039  0.000  0.000  0.022  0.016  0.000  0.034  0.452
   0.17301      5.007322  0.235  0.108  0.039  0.000  0.000  0.021  0.015  0.000  0.034  0.456
   0.15859      4.983280  0.237  0.108  0.041  0.000  0.000  0.020  0.014  0.000  0.036  0.458
   0.14418      4.958092  0.241  0.109  0.041  0.000  0.000  0.020  0.012  0.000  0.037  0.462
   0.12976      4.931787  0.244  0.110  0.043  0.000  0.000  0.019  0.011  0.000  0.038  0.464
   0.11534      4.904422  0.246  0.109  0.043  0.000  0.000  0.019  0.011  0.000  0.040  0.467
   0.10092      4.876088  0.250  0.110  0.043  0.000  0.000  0.019  0.010  0.000  0.041  0.471
   0.08651      4.846924  0.252  0.108  0.044  0.000  0.000  0.018  0.009  0.000  0.043  0.473
   0.07209      4.817173  0.256  0.107  0.042  0.000  0.000  0.017  0.008  0.000  0.044  0.476
   0.05767      4.787373  0.258  0.106  0.044  0.000  0.000  0.016  0.008  0.000  0.044  0.477
   0.04325      4.759347  0.265  0.104  0.040  0.000  0.000  0.015  0.007  0.000  0.044  0.474
   0.02884      4.744019  0.281  0.099  0.036  0.000  0.000  0.010  0.005  0.000  0.035  0.468
   0.01442      4.767390  0.289  0.101  0.035  0.000  0.000  0.003  0.005  0.000  0.036  0.469
   0.00000      4.808602  0.284  0.102  0.038  0.000  0.000  0.002  0.007  0.000  0.039  0.473
 
# Band-Index:   21
   0.00000      7.594858  0.007  0.035  0.125  0.000  0.000  0.039  0.054  0.000  0.055  0.316
   0.01442      7.608576  0.008  0.034  0.126  0.000  0.000  0.038  0.053  0.000  0.057  0.317
   0.02884      7.620848  0.009  0.035  0.125  0.000  0.000  0.037  0.052  0.000  0.061  0.320
   0.04325      7.631769  0.012  0.034  0.121  0.000  0.000  0.035  0.052  0.000  0.066  0.320
   0.05767      7.641709  0.012  0.033  0.116  0.000  0.000  0.034  0.053  0.000  0.071  0.321
   0.07209      7.651202  0.013  0.034  0.112  0.000  0.000  0.032  0.054  0.000  0.076  0.320
   0.08651      7.660836  0.012  0.033  0.107  0.000  0.000  0.031  0.056  0.000  0.081  0.322
   0.10092      7.671106  0.013  0.032  0.100  0.000  0.000  0.032  0.058  0.000  0.086  0.319
   0.11534      7.682355  0.014  0.030  0.094  0.000  0.000  0.031  0.061  0.000  0.090  0.320
   0.12976      7.694679  0.014  0.030  0.089  0.000  0.000  0.031  0.064  0.000  0.093  0.318
   0.14418      7.707811  0.012  0.027  0.084  0.000  0.000  0.032  0.068  0.000  0.094  0.316
   0.15859      7.720855  0.008  0.024  0.083  0.000  0.000  0.033  0.073  0.000  0.094  0.316
   0.17301      7.731793  0.005  0.022  0.086  0.000  0.000  0.035  0.081  0.000  0.089  0.318
   0.18743      7.736893  0.003  0.020  0.097  0.000  0.000  0.039  0.088  0.000  0.078  0.326
   0.20185      7.731399  0.008  0.019  0.121  0.000  0.000  0.043  0.094  0.000  0.061  0.346
   0.21627      7.712522  0.019  0.021  0.148  0.000  0.000  0.047  0.093  0.000  0.044  0.372
   0.23068      7.680812  0.034  0.025  0.170  0.000  0.000  0.048  0.090  0.000  0.031  0.398
   0.24510      7.638063  0.050  0.028  0.186  0.000  0.000  0.049  0.085  0.000  0.022  0.418
   0.25952      7.585825  0.065  0.031  0.198  0.000  0.000  0.048  0.079  0.000  0.016  0.438
   0.27394      7.525248  0.079  0.034  0.204  0.000  0.000  0.048  0.074  0.000  0.012  0.452
   0.28835      7.457265  0.095  0.037  0.209  0.000  0.000  0.048  0.069  0.000  0.009  0.465
   0.30277      7.382717  0.107  0.040  0.211  0.000  0.000  0.048  0.064  0.000  0.007  0.477
   0.31719      7.302384  0.119  0.043  0.211  0.000  0.000  0.047  0.060  0.000  0.006  0.487
   0.33161      7.217032  0.133  0.045  0.209  0.000  0.000  0.047  0.056  0.000  0.005  0.495
   0.34602      7.127375  0.143  0.048  0.207  0.000  0.000  0.047  0.052  0.000  0.004  0.502
   0.36044      7.034092  0.154  0.049  0.204  0.000  0.000  0.046  0.049  0.000  0.003  0.507
   0.37486      6.937812  0.163  0.053  0.199  0.000  0.000  0.046  0.046  0.000  0.003  0.512
   0.38928      6.839106  0.173  0.055  0.195  0.000  0.000  0.046  0.044  0.000  0.003  0.516
   0.40370      6.738498  0.181  0.057  0.190  0.000  0.000  0.046  0.041  0.000  0.003  0.519
   0.41811      6.636470  0.191  0.059  0.185  0.000  0.000  0.046  0.039  0.000  0.003  0.522
   0.43253      6.533457  0.199  0.062  0.177  0.000  0.000  0.046  0.037  0.000  0.003  0.524
   0.44695      6.429863  0.207  0.064  0.172  0.000  0.000  0.046  0.035  0.000  0.003  0.527
   0.46137      6.326080  0.215  0.065  0.164  0.000  0.000  0.046  0.034  0.000  0.004  0.528
   0.47578      6.222487  0.223  0.068  0.157  0.000  0.000  0.046  0.033  0.000  0.005  0.530
   0.49020      6.119488  0.230  0.070  0.150  0.000  0.000  0.046  0.031  0.000  0.005  0.531
   0.50462      6.017561  0.237  0.072  0.140  0.000  0.000  0.047  0.031  0.000  0.006  0.531
   0.51904      5.917407  0.243  0.074  0.129  0.000  0.000  0.048  0.031  0.000  0.008  0.532
   0.53345      5.820491  0.246  0.076  0.117  0.000  0.000  0.051  0.030  0.000  0.011  0.531
   0.54787      5.733790  0.239  0.082  0.090  0.000  0.000  0.056  0.029  0.000  0.021  0.518
   0.56229      5.727259  0.234  0.080  0.079  0.000  0.000  0.048  0.014  0.000  0.032  0.486
   0.56229      5.727259  0.234  0.080  0.079  0.000  0.000  0.048  0.014  0.000  0.032  0.486
   0.57671      5.799976  0.242  0.075  0.101  0.000  0.000  0.040  0.012  0.000  0.023  0.491
   0.59113      5.883427  0.240  0.071  0.113  0.000  0.000  0.037  0.013  0.000  0.019  0.493
   0.60554      5.970784  0.232  0.070  0.126  0.000  0.000  0.035  0.013  0.000  0.016  0.492
   0.61996      6.060457  0.225  0.067  0.137  0.000  0.000  0.034  0.014  0.000  0.013  0.492
   0.63438      6.151614  0.220  0.065  0.144  0.000  0.000  0.034  0.015  0.000  0.012  0.490
   0.64880      6.243637  0.211  0.064  0.153  0.000  0.000  0.034  0.017  0.000  0.010  0.487
   0.66321      6.336006  0.202  0.061  0.160  0.000  0.000  0.035  0.018  0.000  0.009  0.484
   0.67763      6.428227  0.193  0.058  0.168  0.000  0.000  0.034  0.019  0.000  0.008  0.481
   0.69205      6.519814  0.183  0.056  0.174  0.000  0.000  0.034  0.020  0.000  0.008  0.478
   0.70647      6.610250  0.174  0.055  0.181  0.000  0.000  0.035  0.023  0.000  0.007  0.473
   0.72088      6.698997  0.164  0.051  0.185  0.000  0.000  0.035  0.025  0.000  0.008  0.466
   0.73530      6.785482  0.152  0.050  0.189  0.000  0.000  0.036  0.026  0.000  0.007  0.461
   0.74972      6.869066  0.140  0.046  0.193  0.000  0.000  0.037  0.029  0.000  0.008  0.454
   0.76414      6.949082  0.128  0.043  0.197  0.000  0.000  0.037  0.031  0.000  0.009  0.445
   0.77856      7.024818  0.115  0.042  0.199  0.000  0.000  0.038  0.033  0.000  0.010  0.436
   0.79297      7.095532  0.101  0.037  0.200  0.000  0.000  0.038  0.035  0.000  0.012  0.425
   0.80739      7.160481  0.088  0.036  0.197  0.000  0.000  0.039  0.038  0.000  0.014  0.413
   0.82181      7.218970  0.075  0.034  0.195  0.000  0.000  0.039  0.040  0.000  0.017  0.400
   0.83623      7.270396  0.062  0.031  0.189  0.000  0.000  0.041  0.044  0.000  0.020  0.386
   0.85064      7.314356  0.048  0.030  0.183  0.000  0.000  0.041  0.046  0.000  0.025  0.371
   0.86506      7.350711  0.037  0.027  0.174  0.000  0.000  0.042  0.049  0.000  0.029  0.356
   0.87948      7.379691  0.029  0.026  0.164  0.000  0.000  0.042  0.051  0.000  0.034  0.344
   0.89390      7.401934  0.020  0.024  0.152  0.000  0.000  0.042  0.053  0.000  0.038  0.332
   0.90831      7.418461  0.014  0.022  0.141  0.000  0.000  0.042  0.056  0.000  0.044  0.321
   0.92273      7.430566  0.010  0.023  0.133  0.000  0.000  0.042  0.057  0.000  0.047  0.313
   0.93715      7.439641  0.008  0.023  0.124  0.000  0.000  0.042  0.059  0.000  0.051  0.306
   0.95157      7.447021  0.007  0.022  0.118  0.000  0.000  0.044  0.060  0.000  0.054  0.303
   0.96599      7.453853  0.004  0.022  0.113  0.000  0.000  0.044  0.061  0.000  0.055  0.299
   0.98040      7.461043  0.004  0.022  0.108  0.000  0.000  0.043  0.062  0.000  0.056  0.298
   0.99482      7.469232  0.004  0.024  0.107  0.000  0.000  0.044  0.063  0.000  0.056  0.298
   1.00924      7.478811  0.004  0.024  0.107  0.000  0.000  0.044  0.063  0.000  0.056  0.297
   1.02366      7.489958  0.004  0.026  0.107  0.000  0.000  0.044  0.063  0.000  0.055  0.298
   1.03807      7.502669  0.004  0.025  0.110  0.000  0.000  0.044  0.062  0.000  0.054  0.300
   1.05249      7.516781  0.002  0.027  0.111  0.000  0.000  0.043  0.061  0.000  0.054  0.301
   1.06691      7.532008  0.003  0.028  0.115  0.000  0.000  0.043  0.060  0.000  0.053  0.304
   1.08133      7.547934  0.003  0.030  0.118  0.000  0.000  0.042  0.059  0.000  0.052  0.306
   1.09574      7.564073  0.005  0.031  0.122  0.000  0.000  0.042  0.058  0.000  0.052  0.309
   1.11016      7.579888  0.006  0.033  0.125  0.000  0.000  0.040  0.056  0.000  0.053  0.313
   1.12458      7.594858  0.007  0.035  0.125  0.000  0.000  0.039  0.054  0.000  0.055  0.316
 
# Band-Index:   22
   1.12458      7.827390  0.007  0.030  0.113  0.000  0.000  0.043  0.093  0.000  0.049  0.332
   1.11016      7.829154  0.007  0.029  0.115  0.000  0.000  0.042  0.090  0.000  0.050  0.334
   1.09574      7.833530  0.009  0.031  0.116  0.000  0.000  0.041  0.088  0.000  0.049  0.336
   1.08133      7.840114  0.011  0.034  0.120  0.000  0.000  0.039  0.085  0.000  0.048  0.338
   1.06691      7.848448  0.014  0.035  0.126  0.000  0.000  0.039  0.082  0.000  0.046  0.343
   1.05249      7.858070  0.019  0.039  0.131  0.000  0.000  0.038  0.079  0.000  0.044  0.347
   1.03807      7.868571  0.023  0.042  0.135  0.000  0.000  0.036  0.075  0.000  0.042  0.355
   1.02366      7.879593  0.029  0.043  0.140  0.000  0.000  0.036  0.073  0.000  0.040  0.360
   1.00924      7.890861  0.034  0.046  0.146  0.000  0.000  0.035  0.069  0.000  0.037  0.368
   0.99482      7.902199  0.042  0.050  0.149  0.000  0.000  0.033  0.066  0.000  0.037  0.375
   0.98040      7.913556  0.048  0.051  0.152  0.000  0.000  0.032  0.063  0.000  0.035  0.384
   0.96599      7.925039  0.057  0.056  0.155  0.000  0.000  0.032  0.060  0.000  0.035  0.390
   0.95157      7.936930  0.067  0.058  0.154  0.000  0.000  0.030  0.056  0.000  0.034  0.400
   0.93715      7.949734  0.077  0.060  0.153  0.000  0.000  0.028  0.053  0.000  0.036  0.408
   0.92273      7.964164  0.087  0.063  0.149  0.000  0.000  0.027  0.049  0.000  0.038  0.414
   0.90831      7.981104  0.097  0.068  0.144  0.000  0.000  0.025  0.045  0.000  0.040  0.420
   0.89390      8.001509  0.106  0.071  0.138  0.000  0.000  0.024  0.042  0.000  0.044  0.423
   0.87948      8.026269  0.114  0.074  0.131  0.000  0.000  0.023  0.039  0.000  0.047  0.425
   0.86506      8.056077  0.121  0.077  0.122  0.000  0.000  0.021  0.036  0.000  0.050  0.429
   0.85064      8.091328  0.127  0.080  0.115  0.000  0.000  0.020  0.034  0.000  0.053  0.429
   0.83623      8.128208  0.001  0.000  0.000  0.310  0.022  0.000  0.000  0.008  0.000  0.343
   0.82181      8.063815  0.000  0.000  0.000  0.309  0.022  0.000  0.000  0.007  0.000  0.340
   0.80739      8.002118  0.000  0.000  0.000  0.308  0.023  0.000  0.000  0.007  0.000  0.337
   0.79297      7.943287  0.000  0.000  0.000  0.308  0.022  0.000  0.000  0.006  0.000  0.336
   0.77856      7.887468  0.000  0.000  0.000  0.305  0.022  0.000  0.000  0.006  0.000  0.333
   0.76414      7.834806  0.000  0.000  0.000  0.304  0.022  0.000  0.000  0.005  0.000  0.330
   0.74972      7.785440  0.000  0.000  0.000  0.304  0.021  0.000  0.000  0.004  0.000  0.329
   0.73530      7.739505  0.000  0.000  0.000  0.301  0.022  0.000  0.000  0.003  0.000  0.326
   0.72088      7.697126  0.000  0.000  0.000  0.301  0.021  0.000  0.000  0.003  0.000  0.325
   0.70647      7.658424  0.000  0.000  0.000  0.300  0.021  0.000  0.000  0.003  0.000  0.324
   0.69205      7.623508  0.000  0.000  0.000  0.300  0.021  0.000  0.000  0.002  0.000  0.323
   0.67763      7.592474  0.000  0.000  0.000  0.299  0.022  0.000  0.000  0.001  0.000  0.323
   0.66321      7.565415  0.000  0.000  0.000  0.299  0.022  0.000  0.000  0.001  0.000  0.322
   0.64880      7.542403  0.000  0.000  0.000  0.298  0.022  0.000  0.000  0.001  0.000  0.321
   0.63438      7.523492  0.000  0.000  0.000  0.296  0.022  0.000  0.000  0.001  0.000  0.319
   0.61996      7.508723  0.000  0.000  0.000  0.297  0.022  0.000  0.000  0.000  0.000  0.321
   0.60554      7.498135  0.000  0.000  0.000  0.295  0.024  0.000  0.000  0.000  0.000  0.319
   0.59113      7.491729  0.000  0.000  0.000  0.296  0.024  0.000  0.000  0.000  0.000  0.320
   0.57671      7.489502  0.000  0.000  0.000  0.296  0.024  0.000  0.000  0.001  0.000  0.321
   0.56229      7.491431  0.000  0.000  0.000  0.296  0.024  0.000  0.000  0.001  0.000  0.321
   0.56229      7.491431  0.000  0.000  0.000  0.296  0.024  0.000  0.000  0.001  0.000  0.321
   0.54787      7.497468  0.000  0.000  0.000  0.296  0.025  0.000  0.000  0.001  0.000  0.323
   0.53345      7.507567  0.000  0.000  0.000  0.297  0.025  0.000  0.000  0.001  0.000  0.325
   0.51904      7.521658  0.000  0.000  0.000  0.297  0.026  0.000  0.000  0.002  0.000  0.325
   0.50462      7.539655  0.000  0.000  0.000  0.299  0.027  0.000  0.000  0.002  0.000  0.327
   0.49020      7.561472  0.000  0.000  0.000  0.300  0.027  0.000  0.000  0.002  0.000  0.329
   0.47578      7.586993  0.000  0.000  0.000  0.298  0.028  0.000  0.000  0.003  0.000  0.329
   0.46137      7.616104  0.000  0.000  0.000  0.300  0.028  0.000  0.000  0.003  0.000  0.332
   0.44695      7.648688  0.000  0.000  0.000  0.301  0.028  0.000  0.000  0.005  0.000  0.334
   0.43253      7.684616  0.000  0.000  0.000  0.303  0.029  0.000  0.000  0.005  0.000  0.337
   0.41811      7.723753  0.000  0.000  0.000  0.304  0.029  0.000  0.000  0.005  0.000  0.339
   0.40370      7.765964  0.000  0.000  0.000  0.305  0.030  0.000  0.000  0.006  0.000  0.340
   0.38928      7.811110  0.000  0.000  0.000  0.308  0.030  0.000  0.000  0.006  0.000  0.344
   0.37486      7.859049  0.000  0.000  0.000  0.308  0.031  0.000  0.000  0.007  0.000  0.345
   0.36044      7.909640  0.000  0.000  0.000  0.309  0.031  0.000  0.000  0.007  0.000  0.346
   0.34602      7.962744  0.000  0.000  0.000  0.311  0.032  0.000  0.000  0.007  0.000  0.350
   0.33161      8.018218  0.000  0.000  0.000  0.312  0.031  0.000  0.000  0.008  0.000  0.351
   0.31719      8.075924  0.000  0.000  0.000  0.314  0.032  0.000  0.000  0.009  0.000  0.354
   0.30277      8.135716  0.000  0.000  0.000  0.316  0.032  0.000  0.000  0.009  0.000  0.358
   0.28835      8.099813  0.091  0.082  0.100  0.000  0.000  0.017  0.024  0.000  0.087  0.402
   0.27394      8.053482  0.090  0.078  0.103  0.000  0.000  0.018  0.025  0.000  0.087  0.402
   0.25952      8.010872  0.090  0.075  0.112  0.000  0.000  0.019  0.025  0.000  0.084  0.405
   0.24510      7.972598  0.089  0.073  0.121  0.000  0.000  0.021  0.024  0.000  0.079  0.409
   0.23068      7.939594  0.090  0.071  0.134  0.000  0.000  0.022  0.024  0.000  0.072  0.415
   0.21627      7.913315  0.092  0.070  0.155  0.000  0.000  0.025  0.025  0.000  0.060  0.426
   0.20185      7.895626  0.089  0.068  0.177  0.000  0.000  0.028  0.030  0.000  0.045  0.437
   0.18743      7.887273  0.081  0.063  0.195  0.000  0.000  0.034  0.039  0.000  0.029  0.442
   0.17301      7.885793  0.066  0.057  0.203  0.000  0.000  0.039  0.051  0.000  0.019  0.436
   0.15859      7.886848  0.052  0.051  0.200  0.000  0.000  0.042  0.061  0.000  0.015  0.424
   0.14418      7.887199  0.040  0.048  0.193  0.000  0.000  0.044  0.070  0.000  0.015  0.409
   0.12976      7.885354  0.030  0.043  0.183  0.000  0.000  0.046  0.076  0.000  0.017  0.396
   0.11534      7.880950  0.023  0.041  0.173  0.000  0.000  0.047  0.082  0.000  0.019  0.383
   0.10092      7.874239  0.016  0.037  0.160  0.000  0.000  0.048  0.086  0.000  0.023  0.372
   0.08651      7.865823  0.012  0.035  0.149  0.000  0.000  0.048  0.090  0.000  0.027  0.362
   0.07209      7.856506  0.008  0.033  0.140  0.000  0.000  0.048  0.093  0.000  0.032  0.355
   0.05767      7.847216  0.007  0.031  0.131  0.000  0.000  0.047  0.095  0.000  0.036  0.346
   0.04325      7.838902  0.005  0.030  0.123  0.000  0.000  0.047  0.096  0.000  0.040  0.341
   0.02884      7.832441  0.004  0.029  0.118  0.000  0.000  0.046  0.096  0.000  0.044  0.337
   0.01442      7.828489  0.003  0.028  0.114  0.000  0.000  0.044  0.095  0.000  0.047  0.333
   0.00000      7.827390  0.007  0.030  0.113  0.000  0.000  0.043  0.093  0.000  0.049  0.332
 
# Band-Index:   23
   0.00000      9.654306  0.000  0.000  0.000  0.348  0.032  0.000  0.000  0.010  0.000  0.390
   0.01442      9.578756  0.000  0.000  0.000  0.345  0.032  0.000  0.000  0.010  0.000  0.387
   0.02884      9.502797  0.000  0.000  0.000  0.344  0.032  0.000  0.000  0.010  0.000  0.385
   0.04325      9.426561  0.000  0.000  0.000  0.343  0.033  0.000  0.000  0.010  0.000  0.384
   0.05767      9.350167  0.000  0.000  0.000  0.341  0.033  0.000  0.000  0.010  0.000  0.384
   0.07209      9.273719  0.000  0.000  0.000  0.340  0.032  0.000  0.000  0.011  0.000  0.383
   0.08651      9.197343  0.000  0.000  0.000  0.337  0.033  0.000  0.000  0.010  0.000  0.380
   0.10092      9.121142  0.000  0.000  0.000  0.337  0.033  0.000  0.000  0.010  0.000  0.380
   0.11534      9.045223  0.000  0.000  0.000  0.335  0.033  0.000  0.000  0.011  0.000  0.379
   0.12976      8.969693  0.000  0.000  0.000  0.334  0.033  0.000  0.000  0.011  0.000  0.379
   0.14418      8.894675  0.000  0.000  0.000  0.332  0.033  0.000  0.000  0.010  0.000  0.375
   0.15859      8.820273  0.000  0.000  0.000  0.331  0.033  0.000  0.000  0.011  0.000  0.375
   0.17301      8.746599  0.000  0.000  0.000  0.328  0.033  0.000  0.000  0.011  0.000  0.373
   0.18743      8.673767  0.000  0.000  0.000  0.328  0.033  0.000  0.000  0.011  0.000  0.372
   0.20185      8.601893  0.000  0.000  0.000  0.325  0.033  0.000  0.000  0.010  0.000  0.369
   0.21627      8.531096  0.000  0.000  0.000  0.325  0.034  0.000  0.000  0.010  0.000  0.368
   0.23068      8.461492  0.000  0.000  0.000  0.322  0.033  0.000  0.000  0.011  0.000  0.366
   0.24510      8.393204  0.000  0.000  0.000  0.322  0.033  0.000  0.000  0.010  0.000  0.365
   0.25952      8.326354  0.000  0.000  0.000  0.319  0.033  0.000  0.000  0.010  0.000  0.362
   0.27394      8.261073  0.000  0.000  0.000  0.319  0.033  0.000  0.000  0.010  0.000  0.361
   0.28835      8.197488  0.000  0.000  0.000  0.317  0.032  0.000  0.000  0.009  0.000  0.358
   0.30277      8.149455  0.094  0.085  0.094  0.000  0.000  0.017  0.023  0.000  0.087  0.401
   0.31719      8.202021  0.098  0.090  0.091  0.000  0.000  0.016  0.022  0.000  0.087  0.404
   0.33161      8.257235  0.099  0.097  0.088  0.000  0.000  0.016  0.021  0.000  0.085  0.406
   0.34602      8.314779  0.102  0.102  0.087  0.000  0.000  0.015  0.020  0.000  0.084  0.410
   0.36044      8.374351  0.105  0.109  0.083  0.000  0.000  0.014  0.018  0.000  0.082  0.413
   0.37486      8.435618  0.107  0.116  0.081  0.000  0.000  0.013  0.017  0.000  0.080  0.417
   0.38928      8.498224  0.110  0.123  0.080  0.000  0.000  0.014  0.017  0.000  0.077  0.422
   0.40370      8.561763  0.113  0.132  0.079  0.000  0.000  0.013  0.015  0.000  0.074  0.426
   0.41811      8.625763  0.116  0.139  0.076  0.000  0.000  0.013  0.015  0.000  0.072  0.431
   0.43253      8.689663  0.121  0.150  0.076  0.000  0.000  0.012  0.013  0.000  0.068  0.438
   0.44695      8.752755  0.122  0.160  0.074  0.000  0.000  0.011  0.013  0.000  0.066  0.445
   0.46137      8.814135  0.125  0.171  0.073  0.000  0.000  0.010  0.012  0.000  0.062  0.454
   0.47578      8.872572  0.128  0.183  0.074  0.000  0.000  0.010  0.012  0.000  0.059  0.462
   0.49020      8.926369  0.128  0.196  0.074  0.000  0.000  0.007  0.012  0.000  0.054  0.475
   0.50462      8.973204  0.126  0.212  0.077  0.000  0.000  0.006  0.014  0.000  0.050  0.486
   0.51904      9.010309  0.119  0.228  0.083  0.000  0.000  0.004  0.016  0.000  0.044  0.495
   0.53345      9.035582  0.111  0.243  0.089  0.000  0.000  0.002  0.018  0.000  0.038  0.499
   0.54787      9.049255  0.099  0.253  0.093  0.000  0.000  0.000  0.020  0.000  0.031  0.498
   0.56229      9.053631  0.093  0.258  0.096  0.000  0.000  0.000  0.021  0.000  0.027  0.495
   0.56229      9.053631  0.093  0.258  0.096  0.000  0.000  0.000  0.021  0.000  0.027  0.495
   0.57671      9.050959  0.092  0.260  0.096  0.000  0.000  0.000  0.021  0.000  0.026  0.495
   0.59113      9.042086  0.097  0.257  0.093  0.000  0.000  0.000  0.021  0.000  0.026  0.493
   0.60554      9.026296  0.109  0.248  0.091  0.000  0.000  0.000  0.020  0.000  0.029  0.495
   0.61996      9.001778  0.122  0.235  0.085  0.000  0.000  0.001  0.018  0.000  0.033  0.496
   0.63438      8.966859  0.136  0.218  0.080  0.000  0.000  0.003  0.017  0.000  0.038  0.491
   0.64880      8.921467  0.144  0.201  0.077  0.000  0.000  0.005  0.016  0.000  0.042  0.485
   0.66321      8.867312  0.149  0.184  0.073  0.000  0.000  0.006  0.015  0.000  0.046  0.476
   0.67763      8.806794  0.152  0.170  0.075  0.000  0.000  0.008  0.015  0.000  0.049  0.467
   0.69205      8.742123  0.152  0.158  0.074  0.000  0.000  0.009  0.015  0.000  0.052  0.459
   0.70647      8.675059  0.150  0.146  0.077  0.000  0.000  0.010  0.016  0.000  0.053  0.453
   0.72088      8.606984  0.150  0.136  0.078  0.000  0.000  0.011  0.016  0.000  0.055  0.448
   0.73530      8.538998  0.149  0.127  0.081  0.000  0.000  0.012  0.017  0.000  0.056  0.444
   0.74972      8.472021  0.147  0.121  0.083  0.000  0.000  0.013  0.019  0.000  0.058  0.439
   0.76414      8.406856  0.145  0.112  0.084  0.000  0.000  0.014  0.021  0.000  0.058  0.437
   0.77856      8.344235  0.143  0.107  0.088  0.000  0.000  0.015  0.022  0.000  0.059  0.435
   0.79297      8.284839  0.141  0.100  0.093  0.000  0.000  0.015  0.024  0.000  0.059  0.433
   0.80739      8.229302  0.138  0.095  0.096  0.000  0.000  0.016  0.027  0.000  0.058  0.429
   0.82181      8.178223  0.136  0.090  0.101  0.000  0.000  0.017  0.028  0.000  0.058  0.429
   0.83623      8.132128  0.132  0.085  0.107  0.002  0.000  0.018  0.030  0.000  0.055  0.429
   0.85064      8.195217  0.000  0.000  0.000  0.312  0.023  0.000  0.000  0.009  0.000  0.343
   0.86506      8.264615  0.000  0.000  0.000  0.314  0.023  0.000  0.000  0.010  0.000  0.346
   0.87948      8.336280  0.000  0.000  0.000  0.316  0.024  0.000  0.000  0.010  0.000  0.349
   0.89390      8.410056  0.000  0.000  0.000  0.318  0.024  0.000  0.000  0.011  0.000  0.352
   0.90831      8.485794  0.000  0.000  0.000  0.318  0.024  0.000  0.000  0.011  0.000  0.353
   0.92273      8.563343  0.000  0.000  0.000  0.320  0.025  0.000  0.000  0.011  0.000  0.357
   0.93715      8.642553  0.000  0.000  0.000  0.323  0.025  0.000  0.000  0.012  0.000  0.360
   0.95157      8.723272  0.000  0.000  0.000  0.324  0.025  0.000  0.000  0.012  0.000  0.361
   0.96599      8.805353  0.000  0.000  0.000  0.325  0.026  0.000  0.000  0.013  0.000  0.364
   0.98040      8.888641  0.000  0.000  0.000  0.328  0.026  0.000  0.000  0.013  0.000  0.367
   0.99482      8.972988  0.000  0.000  0.000  0.329  0.027  0.000  0.000  0.012  0.000  0.369
   1.00924      9.058249  0.000  0.000  0.000  0.331  0.027  0.000  0.000  0.013  0.000  0.371
   1.02366      9.144257  0.000  0.000  0.000  0.332  0.028  0.000  0.000  0.013  0.000  0.373
   1.03807      9.230861  0.000  0.000  0.000  0.335  0.027  0.000  0.000  0.013  0.000  0.376
   1.05249      9.317906  0.000  0.000  0.000  0.336  0.028  0.000  0.000  0.013  0.000  0.378
   1.06691      9.405239  0.000  0.000  0.000  0.340  0.028  0.000  0.000  0.013  0.000  0.381
   1.08133      9.492676  0.000  0.000  0.000  0.340  0.029  0.000  0.000  0.013  0.000  0.382
   1.09574      9.580051  0.000  0.000  0.000  0.344  0.028  0.000  0.000  0.013  0.000  0.385
   1.11016      9.667148  0.000  0.000  0.000  0.346  0.028  0.000  0.000  0.013  0.000  0.387
   1.12458      9.654308  0.000  0.000  0.000  0.348  0.032  0.000  0.000  0.010  0.000  0.390
 
# Band-Index:   24
   1.12458      9.754017  0.000  0.000  0.000  0.347  0.028  0.000  0.000  0.013  0.000  0.388
   1.11016      9.729515  0.000  0.000  0.000  0.347  0.031  0.000  0.000  0.010  0.000  0.388
   1.09574      9.803907  0.000  0.000  0.000  0.349  0.030  0.000  0.000  0.010  0.000  0.388
   1.08133      9.877586  0.000  0.000  0.000  0.350  0.030  0.000  0.000  0.010  0.000  0.390
   1.06691      9.950388  0.000  0.000  0.000  0.352  0.030  0.000  0.000  0.010  0.000  0.390
   1.05249     10.022685  0.000  0.000  0.000  0.353  0.030  0.000  0.000  0.008  0.000  0.392
   1.03807     10.093349  0.000  0.000  0.000  0.355  0.029  0.000  0.000  0.008  0.000  0.392
   1.02366     10.174950  0.067  0.134  0.044  0.170  0.013  0.013  0.002  0.004  0.002  0.453
   1.00924     10.119727  0.131  0.257  0.083  0.001  0.000  0.025  0.004  0.000  0.003  0.506
   0.99482     10.050848  0.132  0.257  0.081  0.000  0.000  0.026  0.004  0.000  0.002  0.504
   0.98040      9.980296  0.133  0.257  0.079  0.000  0.000  0.024  0.004  0.000  0.002  0.502
   0.96599      9.908298  0.132  0.257  0.077  0.000  0.000  0.024  0.004  0.000  0.002  0.497
   0.95157      9.835999  0.131  0.258  0.074  0.000  0.000  0.023  0.005  0.000  0.002  0.492
   0.93715      9.764517  0.126  0.259  0.071  0.000  0.000  0.022  0.006  0.000  0.002  0.487
   0.92273      9.694897  0.123  0.260  0.066  0.000  0.000  0.022  0.006  0.000  0.002  0.480
   0.90831      9.628077  0.119  0.261  0.063  0.000  0.000  0.021  0.007  0.000  0.002  0.473
   0.89390      9.564863  0.112  0.263  0.060  0.000  0.000  0.020  0.007  0.000  0.002  0.465
   0.87948      9.505898  0.105  0.264  0.056  0.000  0.000  0.019  0.008  0.000  0.002  0.458
   0.86506      9.451670  0.099  0.265  0.055  0.000  0.000  0.019  0.009  0.000  0.002  0.449
   0.85064      9.402468  0.091  0.268  0.053  0.000  0.000  0.018  0.010  0.000  0.002  0.442
   0.83623      9.358426  0.082  0.268  0.053  0.000  0.000  0.018  0.011  0.000  0.002  0.434
   0.82181      9.319522  0.074  0.270  0.052  0.000  0.000  0.017  0.011  0.000  0.002  0.429
   0.80739      9.285602  0.067  0.270  0.052  0.000  0.000  0.017  0.013  0.000  0.001  0.422
   0.79297      9.256418  0.061  0.271  0.055  0.000  0.000  0.017  0.013  0.000  0.001  0.417
   0.77856      9.231658  0.055  0.271  0.055  0.000  0.000  0.017  0.014  0.000  0.001  0.412
   0.76414      9.210987  0.048  0.272  0.057  0.000  0.000  0.016  0.014  0.000  0.001  0.408
   0.74972      9.194088  0.043  0.272  0.059  0.000  0.000  0.016  0.014  0.000  0.000  0.405
   0.73530      9.180657  0.038  0.271  0.060  0.000  0.000  0.017  0.015  0.000  0.000  0.401
   0.72088      9.170461  0.034  0.271  0.060  0.000  0.000  0.017  0.015  0.000  0.000  0.396
   0.70647      9.163373  0.031  0.270  0.062  0.000  0.000  0.017  0.014  0.000  0.000  0.394
   0.69205      9.159373  0.029  0.268  0.062  0.000  0.000  0.018  0.014  0.000  0.000  0.390
   0.67763      9.158626  0.028  0.266  0.061  0.000  0.000  0.019  0.013  0.000  0.000  0.388
   0.66321      9.161519  0.031  0.262  0.056  0.000  0.000  0.020  0.012  0.000  0.001  0.383
   0.64880      9.168640  0.035  0.259  0.049  0.000  0.000  0.022  0.011  0.000  0.002  0.379
   0.63438      9.180418  0.046  0.253  0.039  0.000  0.000  0.024  0.009  0.000  0.004  0.377
   0.61996      9.196191  0.061  0.249  0.029  0.000  0.000  0.026  0.007  0.000  0.007  0.380
   0.60554      9.213165  0.076  0.249  0.018  0.000  0.000  0.027  0.005  0.000  0.009  0.384
   0.59113      9.226873  0.087  0.249  0.010  0.000  0.000  0.027  0.005  0.000  0.010  0.391
   0.57671      9.233332  0.091  0.250  0.006  0.000  0.000  0.028  0.004  0.000  0.011  0.390
   0.56229      9.231002  0.088  0.249  0.008  0.000  0.000  0.026  0.004  0.000  0.011  0.389
   0.56229      9.231002  0.088  0.249  0.009  0.000  0.000  0.026  0.004  0.000  0.011  0.389
   0.54787      9.221595  0.078  0.249  0.015  0.000  0.000  0.026  0.005  0.000  0.009  0.383
   0.53345      9.209498  0.062  0.250  0.027  0.000  0.000  0.024  0.008  0.000  0.007  0.377
   0.51904      9.199637  0.046  0.254  0.040  0.000  0.000  0.021  0.011  0.000  0.003  0.377
   0.50462      9.194729  0.036  0.258  0.051  0.000  0.000  0.019  0.013  0.000  0.001  0.382
   0.49020      9.194777  0.032  0.262  0.061  0.000  0.000  0.017  0.016  0.000  0.000  0.386
   0.47578      9.198683  0.028  0.265  0.066  0.000  0.000  0.016  0.017  0.000  0.000  0.392
   0.46137      9.205454  0.028  0.267  0.068  0.000  0.000  0.014  0.019  0.000  0.000  0.398
   0.44695      9.214470  0.029  0.267  0.071  0.000  0.000  0.014  0.020  0.000  0.001  0.401
   0.43253      9.225389  0.031  0.268  0.070  0.000  0.000  0.013  0.020  0.000  0.001  0.406
   0.41811      9.238071  0.032  0.270  0.071  0.000  0.000  0.013  0.020  0.000  0.001  0.408
   0.40370      9.252500  0.036  0.270  0.071  0.000  0.000  0.012  0.021  0.000  0.002  0.410
   0.38928      9.268766  0.038  0.270  0.070  0.000  0.000  0.012  0.021  0.000  0.002  0.413
   0.37486      9.287009  0.043  0.269  0.069  0.000  0.000  0.013  0.020  0.000  0.003  0.416
   0.36044      9.307450  0.046  0.269  0.067  0.000  0.000  0.013  0.020  0.000  0.003  0.419
   0.34602      9.330371  0.051  0.270  0.065  0.000  0.000  0.013  0.020  0.000  0.003  0.422
   0.33161      9.356086  0.058  0.269  0.065  0.000  0.000  0.013  0.019  0.000  0.004  0.427
   0.31719      9.384948  0.063  0.269  0.064  0.000  0.000  0.013  0.018  0.000  0.004  0.431
   0.30277      9.417330  0.070  0.270  0.063  0.000  0.000  0.014  0.017  0.000  0.004  0.436
   0.28835      9.453601  0.076  0.268  0.062  0.000  0.000  0.014  0.016  0.000  0.004  0.443
   0.27394      9.494088  0.084  0.268  0.063  0.000  0.000  0.014  0.014  0.000  0.005  0.448
   0.25952      9.539042  0.092  0.267  0.063  0.000  0.000  0.015  0.013  0.000  0.005  0.455
   0.24510      9.588598  0.098  0.267  0.066  0.000  0.000  0.016  0.011  0.000  0.005  0.463
   0.23068      9.642743  0.106  0.267  0.068  0.000  0.000  0.016  0.010  0.000  0.005  0.472
   0.21627      9.701265  0.113  0.265  0.072  0.000  0.000  0.017  0.009  0.000  0.005  0.480
   0.20185      9.763752  0.117  0.264  0.075  0.000  0.000  0.018  0.008  0.000  0.005  0.488
   0.18743      9.829572  0.124  0.265  0.078  0.000  0.000  0.019  0.007  0.000  0.005  0.497
   0.17301      9.897884  0.127  0.265  0.083  0.000  0.000  0.020  0.006  0.000  0.005  0.507
   0.15859      9.967666  0.132  0.266  0.086  0.000  0.000  0.021  0.005  0.000  0.005  0.514
   0.14418     10.037744  0.133  0.267  0.089  0.000  0.000  0.021  0.004  0.000  0.005  0.520
   0.12976     10.106919  0.134  0.270  0.091  0.000  0.000  0.021  0.004  0.000  0.005  0.526
   0.11534     10.174211  0.135  0.270  0.094  0.000  0.000  0.023  0.004  0.000  0.005  0.530
   0.10092     10.241740  0.128  0.263  0.092  0.015  0.001  0.021  0.003  0.000  0.005  0.530
   0.08651     10.259548  0.012  0.026  0.008  0.325  0.025  0.002  0.000  0.009  0.000  0.410
   0.07209     10.176019  0.000  0.000  0.000  0.358  0.027  0.000  0.000  0.011  0.000  0.396
   0.05767     10.092921  0.000  0.000  0.000  0.356  0.028  0.000  0.000  0.011  0.000  0.395
   0.04325     10.009859  0.000  0.000  0.000  0.354  0.028  0.000  0.000  0.011  0.000  0.394
   0.02884      9.925465  0.000  0.000  0.000  0.352  0.028  0.000  0.000  0.012  0.000  0.392
   0.01442      9.840134  0.000  0.000  0.000  0.350  0.028  0.000  0.000  0.012  0.000  0.391
   0.00000      9.754017  0.000  0.000  0.000  0.347  0.028  0.000  0.000  0.013  0.000  0.388
