filename,m1_muB,m2_muB,m_total_muB,condition_met
POSCAR_Ag2F6_3,0.102,-0.102,0.0,True
POSCAR_Ag2F6_3_st950,0.078,-0.078,-0.0,True
POSCAR_Ag2F6_3_st975,0.088,-0.088,-0.0,True
POSCAR_Al10Fe2_1,3.038,-3.04,-0.002,True
POSCAR_Al10Fe2_1_st950,2.798,-2.802,-0.002,True
POSCAR_Al10Fe2_1_st975,2.935,-2.938,-0.003,True
POSCAR_Al2Fe2_2,3.074,-3.077,-0.004,True
POSCAR_Al2Fe2_2_st025,3.225,-3.226,-0.002,True
POSCAR_Al2Fe2_2_st950,2.67,-2.67,0.0,True
POSCAR_Al2Mn2_2,4.106,-4.103,0.003,True
POSCAR_Al2Mn2_2_st950,3.786,-3.784,0.002,True
POSCAR_Al2Mn2_2_st975,3.947,-3.943,0.004,True
POSCAR_Al3Fe2_2,2.842,-2.842,0.001,True
POSCAR_Al3Fe2_2_st975,2.627,-2.628,0.0,True
POSCAR_Al5Mn2_1,4.217,-4.216,0.001,True
POSCAR_Al5Mn2_1_st025,4.311,-4.312,-0.001,True
POSCAR_Al5Mn2_1_st050,4.388,-4.388,0.001,True
POSCAR_Al5Mn2_1_st975,4.1,-4.098,0.003,True
POSCAR_As1V2_1,2.554,-2.551,0.003,True
POSCAR_As1V2_1_st050,2.682,-2.68,0.002,True
POSCAR_As2Cr2_1,3.992,-3.994,-0.004,True
POSCAR_As2Cr2_1_st025,4.034,-4.036,-0.003,True
POSCAR_As2Cr2_1_st950,3.874,-3.872,0.001,True
POSCAR_As2Cr2_1_st975,3.942,-3.94,0.001,True
POSCAR_As2Cr2_4,4.085,-4.085,0.001,True
POSCAR_As2Cr2_4_st025,4.129,-4.128,0.002,True
POSCAR_As2Cr2_4_st050,4.159,-4.159,0.0,True
POSCAR_As2Cr2_4_st950,3.959,-3.958,0.003,True
POSCAR_As2Cr2_4_st975,4.033,-4.033,0.0,True
POSCAR_As2Mo2_1,2.34,-2.34,0.0,True
POSCAR_As2Mo2_1_st025,2.586,-2.586,0.0,True
POSCAR_As2Mo2_1_st050,2.799,-2.799,-0.0,True
POSCAR_As2Mo2_1_st950,1.341,-1.341,-0.0,True
POSCAR_As2Mo2_1_st975,2.032,-2.032,-0.0,True
POSCAR_As2Mo2_3,1.29,-1.294,-0.004,True
POSCAR_As2Mo2_3_st975,0.055,-0.056,-0.001,True
POSCAR_As2Mo2_4,1.662,-1.664,-0.003,True
POSCAR_As2Mo2_4_st025,2.103,-2.103,-0.002,True
POSCAR_As2Mo2_4_st050,2.589,-2.584,0.004,True
POSCAR_As2Mo2_4_st975,1.04,-1.038,0.001,True
POSCAR_As2Nb2_2,0.006,-0.004,0.002,True
POSCAR_As2Ni2_1,0.019,-0.02,-0.001,True
POSCAR_As2Ru2_2,1.052,-1.05,0.002,True
POSCAR_As2Ru2_2_st025,1.184,-1.183,0.001,True
POSCAR_As2Ru2_2_st050,1.471,-1.475,-0.004,True
POSCAR_As2Ru2_2_st950,0.824,-0.825,-0.0,True
POSCAR_As2Ru2_2_st975,0.923,-0.922,0.001,True
POSCAR_As2Ru2_2_x025,1.145,-1.152,-0.006,True
POSCAR_As2Ru2_2_x050,1.246,-1.251,-0.005,True
POSCAR_As2Ru2_2_x950,1.095,-1.091,0.004,True
POSCAR_As2Ru2_2_x975,1.04,-1.038,0.002,True
POSCAR_As2Ru2_2_y025,1.085,-1.078,0.006,True
POSCAR_As2Ru2_2_y050,1.245,-1.228,0.016,False
POSCAR_As2Ru2_2_y950,1.121,-1.122,-0.0,True
POSCAR_As2Ru2_2_y975,1.044,-1.044,0.0,True
POSCAR_As2Ru2_2_z025,1.138,-1.138,-0.0,True
POSCAR_As2Ru2_2_z050,1.31,-1.303,0.007,True
POSCAR_As2Ru2_2_z950,0.865,-0.865,0.001,True
POSCAR_As2Ru2_2_z975,0.952,-0.952,0.0,True
POSCAR_As2V2_1,2.19,-2.19,0.0,True
POSCAR_As2V2_1_st025,2.264,-2.264,0.0,True
POSCAR_As2V2_1_st050,2.336,-2.336,0.0,True
POSCAR_As2V2_1_st950,2.027,-2.027,0.0,True
POSCAR_As2V2_1_st975,2.116,-2.116,0.0,True
POSCAR_As2V2_2,2.237,-2.238,-0.001,True
POSCAR_As2V2_2_st025,2.339,-2.339,-0.001,True
POSCAR_As2V2_2_st050,2.426,-2.427,-0.001,True
POSCAR_As2V2_2_st950,1.892,-1.893,-0.0,True
POSCAR_As2V2_2_st975,2.103,-2.104,-0.001,True
POSCAR_As4Cr2_1,3.659,-3.659,-0.001,True
POSCAR_As4Cr2_1_st025,3.752,-3.752,-0.0,True
POSCAR_As4Cr2_1_st050,3.838,-3.838,-0.0,True
POSCAR_As4Cr2_1_st950,3.429,-3.429,-0.0,True
POSCAR_As4Cr2_1_st975,3.549,-3.55,-0.001,True
POSCAR_As4Fe2_1,3.229,-3.229,0.0,True
POSCAR_As4Fe2_1_st050,3.415,-3.415,0.0,True
POSCAR_As4Fe2_1_st950,2.32,-2.32,-0.0,True
POSCAR_As4Fe2_1_st975,2.708,-2.708,0.0,True
POSCAR_As8Co2_1,0.192,-0.196,-0.003,True
POSCAR_As8Co2_1_st025,-0.0,-0.004,-0.001,True
POSCAR_As8Co2_1_st050,0.006,0.008,0.002,True
POSCAR_As8Co2_1_st975,0.066,-0.065,0.0,True
POSCAR_As8Cr2_1,3.817,-3.815,0.004,True
POSCAR_As8Cr2_1_st025,3.889,-3.887,0.004,True
POSCAR_As8Cr2_1_st050,3.948,-3.947,0.003,True
POSCAR_As8Cr2_1_st950,3.599,-3.599,0.001,True
POSCAR_As8Cr2_1_st975,3.726,-3.725,0.001,True
POSCAR_As8Cr2_3,3.844,-3.844,0.0,True
POSCAR_As8Cr2_3_st025,3.897,-3.897,0.0,True
POSCAR_As8Cr2_3_st050,3.943,-3.943,0.0,True
POSCAR_As8Cr2_3_st950,3.696,-3.696,0.001,True
POSCAR_As8Cr2_3_st975,3.78,-3.779,0.001,True
POSCAR_B2Co2_5,0.465,-0.468,-0.003,True
POSCAR_B2Co2_5_st950,0.247,-0.247,0.0,True
POSCAR_B2Co2_5_st975,0.343,-0.343,-0.001,True
POSCAR_B2Fe2_3,2.429,-2.428,0.001,True
POSCAR_B2Fe2_3_st025,2.631,-2.63,0.001,True
POSCAR_B2Fe2_3_st950,1.755,-1.755,0.0,True
POSCAR_B2Fe2_3_st975,2.155,-2.154,0.001,True
POSCAR_B2Fe2_4,2.762,-2.758,0.004,True
POSCAR_B2Fe2_4_st025,2.889,-2.887,0.003,True
POSCAR_B2Fe2_4_st050,2.993,-2.992,0.001,True
POSCAR_B2Fe2_4_st950,2.336,-2.336,-0.0,True
POSCAR_B2Fe2_4_st975,2.602,-2.599,0.003,True
POSCAR_B2Fe2_5,3.163,-3.161,0.002,True
POSCAR_B2Fe2_5_st975,3.05,-3.049,0.001,True
POSCAR_B2Mo2_4,1.226,-1.226,0.0,True
POSCAR_B2Mo2_4_st025,1.534,-1.535,-0.0,True
POSCAR_B2Mo2_4_st050,1.796,-1.795,0.0,True
POSCAR_B2Mo2_4_st950,0.505,-0.506,-0.001,True
POSCAR_B2Mo2_4_st975,0.753,-0.753,0.0,True
POSCAR_B2Rh2_3,0.127,-0.127,0.0,True
POSCAR_B8Co2_1,1.006,-1.006,-0.0,True
POSCAR_B8Co2_1_st025,1.201,-1.201,-0.0,True
POSCAR_B8Co2_1_st050,1.379,-1.379,-0.0,True
POSCAR_B8Co2_1_st950,0.431,-0.431,-0.0,True
POSCAR_B8Co2_1_st975,0.741,-0.741,-0.0,True
POSCAR_B8Fe2_1,2.257,-2.255,0.002,True
POSCAR_B8Fe2_1_st025,2.558,-2.559,-0.001,True
POSCAR_Bi2Co2_1,1.7,-1.699,0.001,True
POSCAR_Bi2Co2_1_st025,1.881,-1.882,-0.0,True
POSCAR_Bi2Co2_1_st050,2.011,-2.011,-0.0,True
POSCAR_Bi2Co2_1_st950,0.84,-0.842,-0.001,True
POSCAR_Bi2Mn2_1,4.436,-4.436,-0.001,True
POSCAR_Bi2Mn2_1_st025,4.494,-4.496,-0.004,True
POSCAR_Bi2Mn2_1_st050,4.541,-4.542,-0.001,True
POSCAR_Bi2Mn2_1_st950,4.283,-4.284,-0.002,True
POSCAR_Bi2Mn2_1_st975,4.368,-4.368,-0.001,True
POSCAR_Bi2Nb2_2,0.494,-0.493,0.001,True
POSCAR_Bi2Nb2_2_st950,0.02,-0.02,0.0,True
POSCAR_Bi2Nb2_2_st975,0.035,-0.034,0.001,True
POSCAR_Bi2Ru2_1,1.384,-1.384,-0.0,True
POSCAR_Bi2Ru2_1_st025,1.619,-1.617,0.002,True
POSCAR_Bi2Ru2_1_st050,1.873,-1.871,0.003,True
POSCAR_Bi2Ru2_1_st950,0.888,-0.888,0.0,True
POSCAR_Bi2Ru2_1_x025,1.47,-1.472,-0.001,True
POSCAR_Bi2Ru2_1_x050,1.537,-1.542,-0.006,True
POSCAR_Bi2Ru2_1_x950,1.152,-1.145,0.006,True
POSCAR_Bi2Ru2_1_x975,1.142,-1.143,-0.001,True
POSCAR_Bi2Ru2_1_y025,1.315,-1.312,0.002,True
POSCAR_Bi2Ru2_1_y050,1.515,-1.511,0.004,True
POSCAR_Bi2Ru2_1_y950,1.319,-1.322,-0.002,True
POSCAR_Bi2Ru2_1_y975,1.35,-1.35,-0.0,True
POSCAR_Bi2Ru2_1_z025,1.49,-1.485,0.005,True
POSCAR_Bi2Ru2_1_z050,1.565,-1.565,0.0,True
POSCAR_Bi2Ru2_1_z950,1.036,-1.051,-0.013,False
POSCAR_Bi2Ru2_1_z975,1.14,-1.139,0.001,True
POSCAR_Bi2Ti2_1,0.914,-0.914,-0.001,True
POSCAR_Bi2Ti2_1_st025,1.015,-1.015,0.0,True
POSCAR_Bi2Ti2_1_st050,1.112,-1.111,0.001,True
POSCAR_Bi2Ti2_1_st975,0.8,-0.8,0.0,True
POSCAR_Bi2Ti2_1_x050,1.007,-1.008,-0.001,True
POSCAR_Bi2Ti2_1_x975,0.925,-0.925,-0.0,True
POSCAR_Bi2Ti2_1_y025,0.972,-0.981,-0.008,True
POSCAR_Bi2Ti2_1_y050,1.024,-1.021,0.003,True
POSCAR_Bi2Ti2_1_y950,0.911,-0.91,0.001,True
POSCAR_Bi2Ti2_1_y975,0.916,-0.909,0.007,True
POSCAR_Bi2Ti2_1_z025,0.961,-0.961,-0.0,True
POSCAR_Bi2Ti2_1_z050,1.003,-1.003,0.0,True
POSCAR_Bi2Ti2_1_z950,0.801,-0.802,-0.001,True
POSCAR_Bi2Ti2_1_z975,0.859,-0.86,-0.001,True
POSCAR_Bi2V2_1,2.694,-2.694,0.001,True
POSCAR_Bi2V2_1_st025,2.729,-2.728,0.003,True
POSCAR_Bi2V2_1_st050,2.757,-2.757,0.0,True
POSCAR_Bi2V2_1_st950,2.615,-2.615,0.0,True
POSCAR_Bi2V2_1_st975,2.653,-2.653,0.001,True
POSCAR_Bi3Fe2_1,3.344,-3.342,0.0,True
POSCAR_Bi3Fe2_1_st025,3.375,-3.372,0.003,True
POSCAR_Bi3Fe2_1_st050,3.227,-3.227,-0.004,True
POSCAR_Bi3Mn2_1,4.479,-4.48,0.0,True
POSCAR_Bi3Mn2_1_st025,4.531,-4.531,0.0,True
POSCAR_Bi3Mn2_1_st050,4.573,-4.574,-0.001,True
POSCAR_Bi3Mn2_1_st975,4.417,-4.417,0.002,True
POSCAR_Bi4Cr2_1,4.015,-4.015,-0.0,True
POSCAR_Bi4Cr2_1_st025,4.062,-4.062,0.0,True
POSCAR_Bi4Cr2_1_st050,4.101,-4.102,-0.0,True
POSCAR_Bi4Cr2_1_st950,3.889,-3.889,-0.0,True
POSCAR_Bi4Cr2_1_st975,3.957,-3.957,-0.001,True
POSCAR_Bi4Fe2_1,3.234,-3.232,0.004,True
POSCAR_Bi4Fe2_1_st025,3.273,-3.273,0.001,True
POSCAR_Bi4Fe2_1_st050,3.305,-3.304,0.003,True
POSCAR_Bi4V2_1,2.663,-2.663,0.0,True
POSCAR_Bi4V2_1_st050,2.735,-2.737,-0.003,True
POSCAR_Bi4V2_2,2.759,-2.759,0.0,True
POSCAR_Bi4V2_2_st025,2.792,-2.792,0.0,True
POSCAR_Bi4V2_2_st050,2.822,-2.822,-0.0,True
POSCAR_Bi4V2_2_st950,2.685,-2.685,0.0,True
POSCAR_Bi4V2_2_st975,2.724,-2.724,0.0,True
POSCAR_Bi6Cr2_1,4.138,-4.137,-0.004,True
POSCAR_Bi6Cr2_1_st025,4.17,-4.168,-0.001,True
POSCAR_Bi6Cr2_3,4.146,-4.146,0.0,True
POSCAR_Bi6Cr2_3_st025,4.177,-4.177,0.001,True
POSCAR_Bi6Cr2_3_st050,4.204,-4.204,0.001,True
POSCAR_Bi6Cr2_3_st950,4.069,-4.068,0.003,True
POSCAR_Bi6Cr2_3_st975,4.111,-4.111,0.002,True
POSCAR_Bi6Cr2_4,4.136,-4.138,0.0,True
POSCAR_Bi6Cr2_4_st975,4.101,-4.103,-0.004,True
POSCAR_Bi6Fe2_1,3.09,-3.089,0.001,True
POSCAR_Bi6Fe2_1_st025,3.147,-3.145,0.003,True
POSCAR_Bi6Fe2_1_st950,2.948,-2.947,0.001,True
POSCAR_Bi6Fe2_1_st975,3.025,-3.023,0.002,True
POSCAR_Bi6Fe2_2,3.161,-3.161,-0.001,True
POSCAR_Bi6Fe2_2_st025,3.199,-3.199,-0.001,True
POSCAR_Bi6Fe2_2_st050,3.233,-3.233,0.001,True
POSCAR_Bi6Fe2_2_st950,3.06,-3.06,-0.0,True
POSCAR_Bi6Fe2_2_st975,3.116,-3.115,0.004,True
POSCAR_Bi8Co2_1,1.348,-1.349,0.003,True
POSCAR_Bi8Cr2_1,4.095,-4.095,-0.0,True
POSCAR_Bi8Cr2_1_st025,4.132,-4.132,-0.0,True
POSCAR_Bi8Cr2_1_st050,4.163,-4.163,0.001,True
POSCAR_Bi8Cr2_1_st950,3.983,-3.983,-0.001,True
POSCAR_Bi8Cr2_1_st975,4.045,-4.045,0.001,True
POSCAR_Bi8Fe2_1,3.105,-3.106,-0.004,True
POSCAR_Bi8Fe2_1_st025,3.167,-3.167,-0.0,True
POSCAR_Bi8Fe2_1_st050,3.22,-3.22,0.001,True
POSCAR_Bi8Fe2_1_st950,2.949,-2.949,-0.001,True
POSCAR_Bi8Fe2_1_st975,3.036,-3.037,-0.003,True
POSCAR_Bi8Ru2_1,1.266,-1.267,0.0,True
POSCAR_Bi8Ru2_1_st025,1.81,-1.807,0.003,True
POSCAR_Bi8Ru2_1_st050,1.867,-1.867,-0.001,True
POSCAR_Bi8Ru2_1_x025,1.404,-1.403,0.003,True
POSCAR_Bi8Ru2_1_x050,1.514,-1.513,0.002,True
POSCAR_Bi8Ru2_1_x950,0.888,-0.973,-0.091,False
POSCAR_Bi8Ru2_1_x975,1.127,-1.128,0.001,True
POSCAR_Bi8Ru2_1_y025,1.379,-1.354,0.042,False
POSCAR_Bi8Ru2_1_y050,1.573,-1.573,-0.0,True
POSCAR_Bi8Ru2_1_y950,0.966,-0.932,0.025,False
POSCAR_Bi8Ru2_1_y975,1.15,-1.151,-0.0,True
POSCAR_Bi8Ru2_1_z025,1.402,-1.405,-0.004,True
POSCAR_Bi8Ru2_1_z050,1.513,-1.515,-0.003,True
POSCAR_Bi8Ru2_1_z975,1.128,-1.124,0.005,True
POSCAR_Br4Cu2_1,0.484,-0.484,0.0,True
POSCAR_Br4Cu2_1_st025,0.508,-0.508,0.0,True
POSCAR_Br4Cu2_1_st050,0.521,-0.521,0.0,True
POSCAR_Br4Cu2_1_st950,0.4,-0.4,0.0,True
POSCAR_Br4Cu2_1_st975,0.448,-0.448,0.0,True
POSCAR_Br4Cu2_1_x025,0.492,-0.492,0.0,True
POSCAR_Br4Cu2_1_x050,0.495,-0.495,0.0,True
POSCAR_Br4Cu2_1_x950,0.453,-0.453,0.0,True
POSCAR_Br4Cu2_1_x975,0.472,-0.472,0.0,True
POSCAR_Br4Cu2_1_y025,0.492,-0.492,0.0,True
POSCAR_Br4Cu2_1_y050,0.495,-0.495,0.0,True
POSCAR_Br4Cu2_1_y950,0.453,-0.453,0.0,True
POSCAR_Br4Cu2_1_y975,0.472,-0.471,0.0,True
POSCAR_Br4Cu2_1_z025,0.493,-0.493,0.0,True
POSCAR_Br4Cu2_1_z050,0.498,-0.498,0.0,True
POSCAR_Br4Cu2_1_z950,0.458,-0.458,0.0,True
POSCAR_Br4Cu2_1_z975,0.473,-0.472,0.0,True
POSCAR_Br4Mn2_1,4.606,-4.606,0.0,True
POSCAR_Br4Mn2_1_st025,4.631,-4.631,0.0,True
POSCAR_Br4Mn2_1_st050,4.652,-4.652,0.0,True
POSCAR_Br4Mn2_1_st950,4.536,-4.536,0.0,True
POSCAR_Br4Mn2_1_st975,4.575,-4.575,0.0,True
POSCAR_Br4Mo2_1,3.472,-3.472,-0.0,True
POSCAR_Br4Mo2_1_st025,3.505,-3.505,-0.0,True
POSCAR_Br4Mo2_1_st050,3.534,-3.534,-0.0,True
POSCAR_Br4Mo2_1_st950,3.386,-3.386,-0.0,True
POSCAR_Br4Mo2_1_st975,3.433,-3.433,-0.0,True
POSCAR_Br4Ru2_1,3.281,-3.28,0.0,True
POSCAR_Br4Ru2_1_st025,3.339,-3.339,0.0,True
POSCAR_Br4Ru2_1_st050,3.385,-3.385,0.0,True
POSCAR_Br4Ru2_1_st950,3.101,-3.101,0.0,True
POSCAR_Br4Ru2_1_st975,3.204,-3.204,0.0,True
POSCAR_Br4Ru2_1_x025,3.305,-3.304,0.0,True
POSCAR_Br4Ru2_1_x050,3.326,-3.325,0.0,True
POSCAR_Br4Ru2_1_x950,3.223,-3.223,0.0,True
POSCAR_Br4Ru2_1_x975,3.254,-3.253,0.0,True
POSCAR_Br4Ru2_1_y025,3.3,-3.299,0.0,True
POSCAR_Br4Ru2_1_y050,3.318,-3.317,0.0,True
POSCAR_Br4Ru2_1_y950,3.238,-3.237,0.0,True
POSCAR_Br4Ru2_1_y975,3.26,-3.26,0.0,True
POSCAR_Br4Ru2_1_z025,3.301,-3.3,0.0,True
POSCAR_Br4Ru2_1_z050,3.319,-3.319,0.0,True
POSCAR_Br4Ru2_1_z950,3.234,-3.233,0.0,True
POSCAR_Br4Ru2_1_z975,3.258,-3.258,0.0,True
POSCAR_Br4V2_1,2.735,-2.735,0.0,True
POSCAR_Br4V2_1_st025,2.751,-2.751,0.0,True
POSCAR_Br4V2_1_st050,2.765,-2.765,0.0,True
POSCAR_Br4V2_1_st950,2.694,-2.694,0.0,True
POSCAR_Br4V2_1_st975,2.716,-2.716,0.0,True
POSCAR_Br6Pd2_1,0.352,-0.352,-0.0,True
POSCAR_Br6Pd2_1_st025,0.407,-0.407,-0.0,True
POSCAR_Br6Pd2_1_st050,0.47,-0.47,-0.0,True
POSCAR_Br6Pd2_1_st950,0.243,-0.243,-0.0,True
POSCAR_Br6Pd2_1_st975,0.298,-0.298,-0.0,True
POSCAR_C1Co2_1,1.021,-1.021,-0.0,True
POSCAR_C1Co2_1_st025,1.254,-1.254,0.0,True
POSCAR_C1Co2_1_st050,1.505,-1.506,-0.0,True
POSCAR_C1Co2_1_st950,0.034,-0.035,-0.0,True
POSCAR_C1Co2_1_st975,0.163,-0.162,0.001,True
POSCAR_C2Cr2_3,2.006,-2.006,0.0,True
POSCAR_C2Cr2_3_st025,2.304,-2.304,-0.0,True
POSCAR_C2Cr2_3_st050,2.823,-2.823,-0.0,True
POSCAR_C2Cr2_3_st950,1.353,-1.353,-0.0,True
POSCAR_C2Cr2_3_st975,1.712,-1.711,0.0,True
POSCAR_C2Cr2_5,2.119,-2.12,-0.001,True
POSCAR_C2Cr2_5_st025,2.451,-2.451,0.0,True
POSCAR_C2Cr2_5_st050,3.04,-3.04,-0.001,True
POSCAR_C2Cr2_5_st950,1.714,-1.716,-0.002,True
POSCAR_C2Cr2_5_st975,1.914,-1.914,-0.0,True
POSCAR_C2Fe2_3,2.65,-2.648,0.001,True
POSCAR_C2Fe2_3_st025,3.091,-3.091,-0.001,True
POSCAR_C2Fe2_3_st050,3.284,-3.284,-0.001,True
POSCAR_C2Fe2_3_st950,2.023,-2.025,-0.002,True
POSCAR_C2Mo2_4,0.005,-0.006,-0.001,True
POSCAR_C2Sc2_4,0.002,0.003,0.004,True
POSCAR_C2Sc2_4_x025,-0.0,-0.0,-0.0,True
POSCAR_C2Sc2_4_x050,-0.0,-0.0,-0.0,True
POSCAR_C2Sc2_4_x950,-0.0,-0.0,-0.0,True
POSCAR_C2Sc2_4_x975,-0.0,0.0,-0.0,True
POSCAR_C2Sc2_4_y025,0.0,0.0,0.0,True
POSCAR_C2Sc2_4_y050,-0.0,-0.0,-0.0,True
POSCAR_C2Sc2_4_y950,-0.0,-0.0,-0.0,True
POSCAR_C2Sc2_4_y975,-0.0,-0.0,-0.0,True
POSCAR_C2Sc2_4_z025,-0.0,-0.0,-0.0,True
POSCAR_C2Sc2_4_z050,0.0,0.0,0.0,True
POSCAR_C2Sc2_4_z950,-0.0,-0.0,-0.0,True
POSCAR_C2Sc2_4_z975,-0.0,-0.0,-0.0,True
POSCAR_Cd2F6_3,0.003,-0.003,0.0,True
POSCAR_Cl4Co2_1,2.598,-2.598,0.0,True
POSCAR_Cl4Co2_1_st025,2.635,-2.635,0.0,True
POSCAR_Cl4Co2_1_st050,2.663,-2.663,0.0,True
POSCAR_Cl4Co2_1_st950,2.488,-2.487,0.0,True
POSCAR_Cl4Co2_1_st975,2.551,-2.55,0.0,True
POSCAR_Cl4Fe2_1,3.683,-3.683,0.0,True
POSCAR_Cl4Fe2_1_st025,3.71,-3.71,0.0,True
POSCAR_Cl4Fe2_1_st050,3.731,-3.731,0.0,True
POSCAR_Cl4Fe2_1_st950,3.603,-3.602,0.0,True
POSCAR_Cl4Fe2_1_st975,3.648,-3.648,0.0,True
POSCAR_Cl4Fe2_2,3.709,-3.708,0.0,True
POSCAR_Cl4Fe2_2_st025,3.731,-3.731,0.0,True
POSCAR_Cl4Fe2_2_st050,3.749,-3.749,0.0,True
POSCAR_Cl4Fe2_2_st950,3.643,-3.643,0.0,True
POSCAR_Cl4Fe2_2_st975,3.68,-3.68,0.0,True
POSCAR_Cl4Mn2_1,4.615,-4.615,-0.0,True
POSCAR_Cl4Mn2_1_st025,4.639,-4.639,-0.0,True
POSCAR_Cl4Mn2_1_st050,4.659,-4.659,-0.0,True
POSCAR_Cl4Mn2_1_st950,4.548,-4.548,-0.0,True
POSCAR_Cl4Mn2_1_st975,4.585,-4.585,-0.0,True
POSCAR_Cl4Nb2_1,2.461,-2.462,-0.0,True
POSCAR_Cl4Nb2_1_st025,2.538,-2.537,0.0,True
POSCAR_Cl4Nb2_1_st050,2.606,-2.606,-0.0,True
POSCAR_Cl4Nb2_1_st950,2.278,-2.278,-0.0,True
POSCAR_Cl4Nb2_1_st975,2.376,-2.376,-0.0,True
POSCAR_Cl4Nb2_2,2.62,-2.62,0.0,True
POSCAR_Cl4Nb2_2_st025,2.683,-2.683,0.0,True
POSCAR_Cl4Nb2_2_st050,2.742,-2.742,-0.0,True
POSCAR_Cl4Nb2_2_st950,2.477,-2.477,0.0,True
POSCAR_Cl4Nb2_2_st975,2.552,-2.552,0.0,True
POSCAR_Cl6Mn2_1,4.114,-4.115,-0.0,True
POSCAR_Cl6Mn2_1_st025,4.222,-4.223,-0.0,True
POSCAR_Cl6Mn2_1_st050,4.323,-4.324,-0.0,True
POSCAR_Cl6Mn2_1_st950,3.887,-3.887,-0.0,True
POSCAR_Cl6Mn2_1_st975,4.001,-4.002,-0.0,True
POSCAR_Cl6Nb2_1,1.708,-1.708,0.0,True
POSCAR_Cl6Nb2_1_st025,1.767,-1.767,0.0,True
POSCAR_Cl6Nb2_1_st050,1.818,-1.818,0.0,True
POSCAR_Cl6Nb2_1_st950,1.551,-1.551,0.0,True
POSCAR_Cl6Nb2_1_st975,1.637,-1.637,0.0,True
POSCAR_Cl6Pd2_1,0.478,-0.478,-0.0,True
POSCAR_Cl6Pd2_1_st025,0.523,-0.523,-0.0,True
POSCAR_Cl6Pd2_1_st050,0.572,-0.573,-0.0,True
POSCAR_Cl6Pd2_1_st950,0.389,-0.389,-0.0,True
POSCAR_Cl6Pd2_1_st975,0.434,-0.434,-0.0,True
POSCAR_Cl6Pd2_2,0.43,-0.43,0.0,True
POSCAR_Cl6Pd2_2_st025,0.482,-0.482,0.0,True
POSCAR_Cl6Pd2_2_st050,0.544,-0.544,0.0,True
POSCAR_Cl6Pd2_2_st950,0.327,-0.329,-0.004,True
POSCAR_Cl6Pd2_2_st975,0.381,-0.381,-0.0,True
POSCAR_Cl6Ti2_1,0.903,-0.903,-0.0,True
POSCAR_Cl6Ti2_1_st025,0.92,-0.92,-0.0,True
POSCAR_Cl6Ti2_1_st050,0.935,-0.935,-0.0,True
POSCAR_Cl6Ti2_1_st950,0.86,-0.86,0.0,True
POSCAR_Cl6Ti2_1_st975,0.883,-0.883,0.0,True
POSCAR_Cl6Ti2_1_x025,0.908,-0.908,-0.001,True
POSCAR_Cl6Ti2_1_x050,0.914,-0.913,-0.001,True
POSCAR_Cl6Ti2_1_x950,0.889,-0.89,0.001,True
POSCAR_Cl6Ti2_1_x975,0.896,-0.897,0.001,True
POSCAR_Cl6Ti2_1_y025,0.908,-0.908,0.001,True
POSCAR_Cl6Ti2_1_y050,0.913,-0.914,0.001,True
POSCAR_Cl6Ti2_1_y950,0.89,-0.889,-0.001,True
POSCAR_Cl6Ti2_1_y975,0.897,-0.896,-0.001,True
POSCAR_Cl6Ti2_1_z025,0.909,-0.909,-0.0,True
POSCAR_Cl6Ti2_1_z050,0.915,-0.915,-0.0,True
POSCAR_Cl6Ti2_1_z950,0.889,-0.889,0.0,True
POSCAR_Cl6Ti2_1_z975,0.896,-0.896,0.0,True
POSCAR_Cl6Zr2_1,0.693,-0.693,0.0,True
POSCAR_Cl6Zr2_1_st025,0.724,-0.724,0.0,True
POSCAR_Cl6Zr2_1_st050,0.748,-0.748,0.0,True
POSCAR_Cl6Zr2_1_st975,0.115,-0.112,0.003,True
POSCAR_Cl6Zr2_1_x025,0.701,-0.701,0.002,True
POSCAR_Cl6Zr2_1_x050,0.707,-0.707,0.004,True
POSCAR_Cl6Zr2_1_x950,0.671,-0.672,-0.004,True
POSCAR_Cl6Zr2_1_x975,0.683,-0.683,-0.002,True
POSCAR_Cl6Zr2_1_y025,0.701,-0.701,-0.002,True
POSCAR_Cl6Zr2_1_y050,0.707,-0.707,-0.004,True
POSCAR_Cl6Zr2_1_y950,0.672,-0.672,0.004,True
POSCAR_Cl6Zr2_1_y975,0.683,-0.683,0.002,True
POSCAR_Cl6Zr2_1_z025,0.709,-0.709,0.0,True
POSCAR_Cl6Zr2_1_z050,0.723,-0.723,-0.0,True
POSCAR_Cl6Zr2_1_z950,0.054,-0.056,-0.003,True
POSCAR_Cl6Zr2_1_z975,-0.03,0.03,0.0,True
POSCAR_Co2F4_1,2.77,-2.77,0.0,True
POSCAR_Co2F4_1_st025,2.776,-2.776,-0.0,True
POSCAR_Co2F4_1_st050,2.786,-2.786,-0.0,True
POSCAR_Co2F4_1_st950,2.736,-2.736,0.0,True
POSCAR_Co2F4_1_st975,2.755,-2.755,0.0,True
POSCAR_Co2F4_1_z950,2.761,-2.761,0.0,True
POSCAR_Co2F6_1,3.187,-3.187,-0.0,True
POSCAR_Co2F6_1_st025,3.189,-3.189,-0.0,True
POSCAR_Co2F6_1_st050,3.187,-3.187,-0.0,True
POSCAR_Co2F6_1_st950,3.164,-3.164,-0.0,True
POSCAR_Co2F6_1_st975,3.179,-3.179,-0.0,True
POSCAR_Co2Ge2_1,1.147,-1.148,-0.001,True
POSCAR_Co2Ge2_1_st025,1.267,-1.268,-0.0,True
POSCAR_Co2Ge2_1_st975,1.04,-1.041,-0.001,True
POSCAR_Co2N2_1,1.244,-1.248,-0.003,True
POSCAR_Co2N2_1_st975,0.806,-0.804,0.003,True
POSCAR_Co2N6_1,2.228,-2.224,0.004,True
POSCAR_Co2N6_1_st050,2.352,-2.351,0.001,True
POSCAR_Co2N6_1_st975,2.048,-2.05,-0.003,True
POSCAR_Co2N6_1_x025,2.097,-2.104,-0.007,True
POSCAR_Co2N6_1_x050,2.241,-2.145,0.091,False
POSCAR_Co2N6_1_x950,2.21,-2.204,0.005,True
POSCAR_Co2N6_1_x975,2.218,-2.216,0.004,True
POSCAR_Co2N6_1_y025,2.107,-2.108,-0.001,True
POSCAR_Co2N6_1_y050,2.254,-2.257,-0.002,True
POSCAR_Co2N6_1_y950,2.206,-2.204,0.003,True
POSCAR_Co2N6_1_y975,2.217,-2.216,0.001,True
POSCAR_Co2N6_1_z025,2.285,-2.285,0.001,True
POSCAR_Co2N6_1_z050,2.344,-2.339,0.007,True
POSCAR_Co2N6_1_z950,2.003,-2.003,0.0,True
POSCAR_Co2N6_1_z975,2.166,-2.162,0.005,True
POSCAR_Co2O2_1,2.623,-2.623,0.0,True
POSCAR_Co2O2_1_st025,2.651,-2.651,0.0,True
POSCAR_Co2O2_1_st050,2.674,-2.674,0.0,True
POSCAR_Co2O2_1_st950,2.537,-2.537,0.0,True
POSCAR_Co2O2_1_st975,2.585,-2.585,0.0,True
POSCAR_Co2O2_1_x025,2.631,-2.631,0.0,True
POSCAR_Co2O2_1_x050,2.637,-2.637,0.0,True
POSCAR_Co2O2_1_x950,2.601,-2.601,0.0,True
POSCAR_Co2O2_1_x975,2.613,-2.613,0.0,True
POSCAR_Co2O2_1_y025,2.631,-2.631,0.0,True
POSCAR_Co2O2_1_y050,2.637,-2.637,0.0,True
POSCAR_Co2O2_1_y950,2.601,-2.601,0.0,True
POSCAR_Co2O2_1_y975,2.613,-2.613,0.0,True
POSCAR_Co2O2_1_z025,2.636,-2.636,0.0,True
POSCAR_Co2O2_1_z050,2.647,-2.647,0.0,True
POSCAR_Co2O2_1_z950,2.587,-2.587,0.0,True
POSCAR_Co2O2_1_z975,2.606,-2.606,0.0,True
POSCAR_Co2P2_4,0.347,-0.347,-0.0,True
POSCAR_Co2P2_4_st025,0.897,-0.898,-0.001,True
POSCAR_Co2P2_4_st975,0.104,-0.1,0.003,True
POSCAR_Co2P2_4_x025,0.405,-0.405,0.0,True
POSCAR_Co2P2_4_x050,0.5,-0.5,0.0,True
POSCAR_Co2P2_4_x950,0.246,-0.24,0.006,True
POSCAR_Co2P2_4_x975,0.303,-0.303,0.0,True
POSCAR_Co2P2_4_y025,0.405,-0.405,0.001,True
POSCAR_Co2P2_4_y050,0.5,-0.5,0.0,True
POSCAR_Co2P2_4_y950,0.245,-0.244,0.001,True
POSCAR_Co2P2_4_y975,0.304,-0.303,0.0,True
POSCAR_Co2P2_4_z025,0.628,-0.614,0.014,False
POSCAR_Co2P2_4_z050,1.027,-1.03,-0.002,True
POSCAR_Co2P2_4_z950,0.116,-0.216,-0.094,False
POSCAR_Co2P2_4_z975,0.266,-0.265,0.0,True
POSCAR_Co2Pb2_4,1.987,-1.986,0.0,True
POSCAR_Co2Pb2_4_st975,1.886,-1.885,0.001,True
POSCAR_Co2Pb2_4_x025,1.965,-1.95,0.013,False
POSCAR_Co2Pb2_4_x950,1.901,-1.9,0.002,True
POSCAR_Co2Pb2_4_y025,1.962,-1.967,-0.004,True
POSCAR_Co2Pb2_4_y950,1.89,-1.89,-0.0,True
POSCAR_Co2Pb2_4_y975,1.92,-1.92,-0.0,True
POSCAR_Co2Pb2_4_z025,1.965,-1.966,-0.004,True
POSCAR_Co2Pb2_4_z950,1.909,-1.908,0.002,True
POSCAR_Co2Pb3_1,1.966,-1.966,-0.002,True
POSCAR_Co2Pb3_1_st025,2.003,-2.002,-0.001,True
POSCAR_Co2Pb3_1_st050,2.03,-2.03,-0.0,True
POSCAR_Co2Pb3_1_st975,1.915,-1.915,0.0,True
POSCAR_Co2Pb3_1_x025,1.981,-1.981,-0.001,True
POSCAR_Co2Pb3_1_x050,1.994,-1.994,-0.001,True
POSCAR_Co2Pb3_1_x950,1.927,-1.928,-0.003,True
POSCAR_Co2Pb3_1_x975,1.949,-1.948,0.0,True
POSCAR_Co2Pb3_1_y025,1.982,-1.981,0.001,True
POSCAR_Co2Pb3_1_y050,1.995,-1.995,-0.0,True
POSCAR_Co2Pb3_1_y950,1.924,-1.924,-0.0,True
POSCAR_Co2Pb3_1_y975,1.947,-1.946,0.001,True
POSCAR_Co2Pb3_1_z025,1.977,-1.976,0.003,True
POSCAR_Co2Pb3_1_z050,1.988,-1.986,0.003,True
POSCAR_Co2Pb3_1_z950,1.942,-1.94,0.003,True
POSCAR_Co2Pb3_1_z975,1.954,-1.956,-0.003,True
POSCAR_Co2S2_1,1.489,-1.487,0.001,True
POSCAR_Co2S2_1_st025,2.313,-2.312,0.0,True
POSCAR_Co2S2_1_st050,2.39,-2.39,0.0,True
POSCAR_Co2S2_1_st950,0.506,-0.507,-0.002,True
POSCAR_Co2S2_1_x025,1.479,-1.469,0.01,True
POSCAR_Co2S2_1_x050,2.257,-2.263,-0.001,True
POSCAR_Co2S2_1_x950,0.874,-0.813,0.057,False
POSCAR_Co2S2_1_x975,0.912,-1.327,-0.436,False
POSCAR_Co2S2_1_y025,1.48,-1.477,0.006,True
POSCAR_Co2S2_1_y050,2.263,-2.263,0.0,True
POSCAR_Co2S2_1_y950,0.834,-0.816,0.013,False
POSCAR_Co2S2_1_y975,1.241,-0.936,0.311,False
POSCAR_Co2S2_1_z025,1.569,-1.551,0.025,False
POSCAR_Co2S2_1_z050,2.293,-2.293,0.0,True
POSCAR_Co2S2_1_z950,1.185,-1.171,0.015,False
POSCAR_Co2S2_1_z975,1.221,-1.221,0.001,True
POSCAR_Co2Sb3_1,1.561,-1.56,0.0,True
POSCAR_Co2Sb3_1_st025,1.688,-1.69,-0.003,True
POSCAR_Co2Sb3_1_st050,1.78,-1.781,-0.001,True
POSCAR_Co2Sb3_1_st950,1.086,-1.086,-0.0,True
POSCAR_Co2Sb3_1_x025,1.615,-1.614,0.001,True
POSCAR_Co2Sb3_1_x050,1.66,-1.66,-0.0,True
POSCAR_Co2Sb3_1_x950,1.425,-1.426,-0.002,True
POSCAR_Co2Sb3_1_x975,1.499,-1.499,0.0,True
POSCAR_Co2Sb3_1_y025,1.614,-1.613,0.001,True
POSCAR_Co2Sb3_1_y050,1.659,-1.659,-0.0,True
POSCAR_Co2Sb3_1_y950,1.427,-1.427,-0.001,True
POSCAR_Co2Sb3_1_y975,1.5,-1.499,0.0,True
POSCAR_Co2Sb3_1_z025,1.595,-1.593,0.003,True
POSCAR_Co2Sb3_1_z050,1.62,-1.619,0.001,True
POSCAR_Co2Sb3_1_z950,1.476,-1.475,0.002,True
POSCAR_Co2Sb3_1_z975,1.523,-1.523,-0.0,True
POSCAR_Co2Se2_3,2.49,-2.49,-0.0,True
POSCAR_Co2Se2_3_st025,2.538,-2.538,-0.0,True
POSCAR_Co2Se2_3_st050,2.574,-2.574,-0.0,True
POSCAR_Co2Se2_3_st950,2.344,-2.344,-0.0,True
POSCAR_Co2Se2_3_st975,2.428,-2.428,-0.0,True
POSCAR_Co2Se2_3_x025,2.502,-2.503,-0.0,True
POSCAR_Co2Se2_3_x050,2.512,-2.513,-0.0,True
POSCAR_Co2Se2_3_x950,2.458,-2.458,-0.0,True
POSCAR_Co2Se2_3_x975,2.475,-2.476,-0.0,True
POSCAR_Co2Se2_3_y025,2.502,-2.503,-0.0,True
POSCAR_Co2Se2_3_y050,2.512,-2.513,-0.0,True
POSCAR_Co2Se2_3_y950,2.458,-2.458,-0.0,True
POSCAR_Co2Se2_3_y975,2.475,-2.476,-0.0,True
POSCAR_Co2Se2_3_z025,2.515,-2.515,-0.0,True
POSCAR_Co2Se2_3_z050,2.536,-2.536,-0.0,True
POSCAR_Co2Se2_3_z950,2.423,-2.424,-0.0,True
POSCAR_Co2Se2_3_z975,2.46,-2.46,-0.0,True
POSCAR_Co2Se4_1,1.387,-1.389,-0.003,True
POSCAR_Co2Se4_1_st025,1.568,-1.569,-0.0,True
POSCAR_Co2Se4_1_st050,2.309,-2.309,-0.001,True
POSCAR_Co2Se4_1_st975,1.197,-1.197,-0.0,True
POSCAR_Co2Se4_1_x025,1.432,-1.433,-0.002,True
POSCAR_Co2Se4_1_x050,1.47,-1.471,-0.001,True
POSCAR_Co2Se4_1_x950,1.276,-1.277,-0.0,True
POSCAR_Co2Se4_1_x975,1.337,-1.337,-0.0,True
POSCAR_Co2Se4_1_y025,1.438,-1.438,-0.001,True
POSCAR_Co2Se4_1_y050,1.492,-1.492,-0.0,True
POSCAR_Co2Se4_1_y950,1.284,-1.285,-0.001,True
POSCAR_Co2Se4_1_y975,1.335,-1.336,-0.001,True
POSCAR_Co2Se4_1_z025,1.468,-1.468,0.0,True
POSCAR_Co2Se4_1_z050,1.537,-1.537,0.0,True
POSCAR_Co2Se4_1_z950,1.211,-1.214,-0.003,True
POSCAR_Co2Se4_1_z975,1.301,-1.301,-0.0,True
POSCAR_Co2Sn4_2,0.844,-0.843,0.001,True
POSCAR_Co2Sn4_2_st050,1.272,-1.274,-0.003,True
POSCAR_Co2Sn4_2_x025,0.347,-0.346,0.001,True
POSCAR_Co2Sn4_2_x050,0.003,-0.003,-0.0,True
POSCAR_Co2Sn4_2_x950,0.232,-0.233,-0.001,True
POSCAR_Co2Sn4_2_x975,0.27,-0.269,0.001,True
POSCAR_Co2Sn4_2_y025,0.146,-0.16,-0.011,False
POSCAR_Co2Sn4_2_y050,0.036,0.012,0.037,False
POSCAR_Co2Sn4_2_y950,-0.0,0.0,0.0,True
POSCAR_Co2Sn4_2_y975,-0.009,-0.01,-0.018,False
POSCAR_Co2Sn4_2_z025,0.164,-0.151,0.011,False
POSCAR_Co2Sn4_2_z050,-0.022,-0.025,-0.035,False
POSCAR_Co2Sn4_2_z950,0.001,-0.0,0.001,True
POSCAR_Co2Sn4_2_z975,0.002,0.002,0.003,True
POSCAR_Co2Tl3_1,1.962,-1.961,0.003,True
POSCAR_Co2Tl3_1_st025,1.997,-1.996,0.003,True
POSCAR_Co2Tl3_1_st050,2.023,-2.023,-0.0,True
POSCAR_Co2Tl3_1_st950,1.818,-1.819,-0.001,True
POSCAR_Co2Tl3_1_st975,1.91,-1.908,0.003,True
POSCAR_Co2Tl3_1_x025,1.972,-1.971,0.002,True
POSCAR_Co2Tl3_1_x050,1.978,-1.978,-0.0,True
POSCAR_Co2Tl3_1_x950,1.937,-1.935,0.003,True
POSCAR_Co2Tl3_1_x975,1.951,-1.951,0.0,True
POSCAR_Co2Tl3_1_y025,1.973,-1.973,0.0,True
POSCAR_Co2Tl3_1_y050,1.985,-1.984,0.001,True
POSCAR_Co2Tl3_1_y950,1.93,-1.93,0.0,True
POSCAR_Co2Tl3_1_y975,1.949,-1.947,0.003,True
POSCAR_Co2Tl3_1_z025,1.98,-1.978,0.003,True
POSCAR_Co2Tl3_1_z050,1.993,-1.992,0.001,True
POSCAR_Co2Tl3_1_z950,1.916,-1.916,0.001,True
POSCAR_Co2Tl3_1_z975,1.94,-1.939,0.002,True
POSCAR_Cr2F4_cluster1,3.793,-3.793,0.0,True
POSCAR_Cr2F4_cluster1_st025,3.801,-3.801,0.0,True
POSCAR_Cr2F4_cluster1_st050,3.809,-3.809,0.0,True
POSCAR_Cr2F4_cluster1_st950,3.772,-3.772,0.0,True
POSCAR_Cr2F4_cluster1_st975,3.784,-3.784,0.0,True
POSCAR_Cr2F4_cluster2,3.793,-3.792,-0.0,True
POSCAR_Cr2F4_cluster2_st025,3.801,-3.801,-0.0,True
POSCAR_Cr2F4_cluster2_st050,3.806,-3.806,-0.0,True
POSCAR_Cr2F4_cluster2_st950,3.781,-3.781,-0.0,True
POSCAR_Cr2F4_cluster2_st975,3.788,-3.788,-0.0,True
POSCAR_Cr2F6_cluster1,2.913,-2.913,-0.0,True
POSCAR_Cr2F6_cluster1_st025,2.939,-2.939,-0.0,True
POSCAR_Cr2F6_cluster1_st050,2.966,-2.966,-0.0,True
POSCAR_Cr2F6_cluster1_st950,2.861,-2.861,-0.0,True
POSCAR_Cr2F6_cluster1_st975,2.887,-2.887,-0.0,True
POSCAR_Cr2F6_cluster2,2.919,-2.919,0.0,True
POSCAR_Cr2F6_cluster2_st025,2.946,-2.946,0.0,True
POSCAR_Cr2F6_cluster2_st050,2.974,-2.974,0.0,True
POSCAR_Cr2F6_cluster2_st950,2.864,-2.864,0.0,True
POSCAR_Cr2F6_cluster2_st975,2.892,-2.892,0.0,True
POSCAR_Cr2F8_cluster1,2.07,-2.07,0.0,True
POSCAR_Cr2F8_cluster1_st025,2.147,-2.147,0.0,True
POSCAR_Cr2F8_cluster1_st050,2.243,-2.244,0.0,True
POSCAR_Cr2F8_cluster1_st950,1.951,-1.951,0.0,True
POSCAR_Cr2F8_cluster1_st975,2.006,-2.006,0.0,True
POSCAR_Cr2F8_cluster2,2.078,-2.078,0.0,True
POSCAR_Cr2F8_cluster2_st025,2.155,-2.155,0.0,True
POSCAR_Cr2F8_cluster2_st050,2.25,-2.25,0.0,True
POSCAR_Cr2F8_cluster2_st950,1.961,-1.961,0.0,True
POSCAR_Cr2F8_cluster2_st975,2.015,-2.015,0.0,True
POSCAR_Cr2F8_cluster3,2.078,-2.078,0.0,True
POSCAR_Cr2F8_cluster3_st025,2.155,-2.155,0.0,True
POSCAR_Cr2F8_cluster3_st050,2.25,-2.25,0.0,True
POSCAR_Cr2F8_cluster3_st950,1.961,-1.961,0.0,True
POSCAR_Cr2F8_cluster3_st975,2.015,-2.015,0.0,True
POSCAR_Cr2Ga2_2,4.0,-4.0,-0.0,True
POSCAR_Cr2Ga2_2_st050,4.097,-4.097,-0.001,True
POSCAR_Cr2Ga2_2_st950,3.864,-3.864,-0.0,True
POSCAR_Cr2Ga2_2_st975,3.937,-3.937,-0.0,True
POSCAR_Cr2Ga2_2_x025,4.016,-4.016,0.0,True
POSCAR_Cr2Ga2_2_x050,4.029,-4.029,0.001,True
POSCAR_Cr2Ga2_2_x950,3.957,-3.956,0.001,True
POSCAR_Cr2Ga2_2_x975,3.979,-3.979,-0.001,True
POSCAR_Cr2Ga2_2_y025,4.018,-4.017,0.003,True
POSCAR_Cr2Ga2_2_y050,4.034,-4.034,0.0,True
POSCAR_Cr2Ga2_2_y950,3.952,-3.952,-0.001,True
POSCAR_Cr2Ga2_2_y975,3.978,-3.978,-0.0,True
POSCAR_Cr2Ga2_2_z025,4.015,-4.015,0.0,True
POSCAR_Cr2Ga2_2_z050,4.028,-4.028,-0.001,True
POSCAR_Cr2Ga2_2_z950,3.957,-3.956,0.002,True
POSCAR_Cr2Ga2_2_z975,3.979,-3.979,0.0,True
POSCAR_Cr2Ge2_3,3.906,-3.907,-0.001,True
POSCAR_Cr2Ge2_3_st025,3.971,-3.971,-0.0,True
POSCAR_Cr2Ge2_3_st950,3.739,-3.739,-0.0,True
POSCAR_Cr2Ge2_3_st975,3.83,-3.831,-0.0,True
POSCAR_Cr2Ge2_3_x025,3.921,-3.921,-0.0,True
POSCAR_Cr2Ge2_3_x050,3.935,-3.936,-0.0,True
POSCAR_Cr2Ge2_3_x950,3.876,-3.876,-0.0,True
POSCAR_Cr2Ge2_3_x975,3.891,-3.891,-0.001,True
POSCAR_Cr2Ge2_3_y025,3.921,-3.921,-0.0,True
POSCAR_Cr2Ge2_3_y050,3.935,-3.936,-0.0,True
POSCAR_Cr2Ge2_3_y950,3.876,-3.876,-0.0,True
POSCAR_Cr2Ge2_3_y975,3.891,-3.891,-0.001,True
POSCAR_Cr2Ge2_3_z025,3.944,-3.945,-0.0,True
POSCAR_Cr2Ge2_3_z050,3.979,-3.979,-0.0,True
POSCAR_Cr2Ge2_3_z950,3.823,-3.823,-0.0,True
POSCAR_Cr2Ge2_3_z975,3.865,-3.866,-0.001,True
POSCAR_Cr2Ge3_1,3.918,-3.919,-0.004,True
POSCAR_Cr2Ge3_1_st025,3.983,-3.982,0.001,True
POSCAR_Cr2Ge3_1_st050,4.035,-4.034,0.002,True
POSCAR_Cr2Ge3_1_st950,3.742,-3.741,0.001,True
POSCAR_Cr2Ge3_1_st975,3.84,-3.839,0.001,True
POSCAR_Cr2Ge3_1_x025,3.939,-3.938,0.003,True
POSCAR_Cr2Ge3_1_x050,3.955,-3.954,0.0,True
POSCAR_Cr2Ge3_1_x950,3.868,-3.867,0.0,True
POSCAR_Cr2Ge3_1_x975,3.894,-3.894,-0.002,True
POSCAR_Cr2Ge3_1_y025,3.939,-3.938,0.003,True
POSCAR_Cr2Ge3_1_y050,3.955,-3.954,0.001,True
POSCAR_Cr2Ge3_1_y950,3.868,-3.867,0.001,True
POSCAR_Cr2Ge3_1_y975,3.894,-3.895,-0.002,True
POSCAR_Cr2Ge3_1_z025,3.946,-3.944,0.004,True
POSCAR_Cr2Ge3_1_z050,3.968,-3.967,0.003,True
POSCAR_Cr2Ge3_1_z950,3.851,-3.852,-0.002,True
POSCAR_Cr2Ge3_1_z975,3.886,-3.887,-0.002,True
POSCAR_Cr2In2_5,4.115,-4.116,-0.002,True
POSCAR_Cr2In2_5_st025,4.155,-4.156,-0.001,True
POSCAR_Cr2In2_5_st050,4.191,-4.19,0.004,True
POSCAR_Cr2In2_5_st950,4.014,-4.017,-0.004,True
POSCAR_Cr2In2_5_st975,4.069,-4.07,-0.001,True
POSCAR_Cr2In2_5_x025,4.129,-4.13,-0.002,True
POSCAR_Cr2In2_5_x050,4.145,-4.143,0.001,True
POSCAR_Cr2In2_5_x950,4.082,-4.089,-0.017,False
POSCAR_Cr2In2_5_x975,4.101,-4.101,-0.001,True
POSCAR_Cr2In2_5_y025,4.122,-4.123,-0.002,True
POSCAR_Cr2In2_5_y050,4.129,-4.13,-0.0,True
POSCAR_Cr2In2_5_y950,4.103,-4.104,-0.003,True
POSCAR_Cr2In2_5_y975,4.108,-4.11,-0.004,True
POSCAR_Cr2In2_5_z025,4.134,-4.138,-0.006,True
POSCAR_Cr2In2_5_z050,4.154,-4.158,-0.008,True
POSCAR_Cr2In2_5_z950,4.072,-4.072,-0.001,True
POSCAR_Cr2In2_5_z975,4.094,-4.094,-0.001,True
POSCAR_Cr2In5_1,4.154,-4.155,0.001,True
POSCAR_Cr2In5_1_st025,4.192,-4.193,0.002,True
POSCAR_Cr2In5_1_st050,4.225,-4.225,0.003,True
POSCAR_Cr2In5_1_st950,4.059,-4.06,0.001,True
POSCAR_Cr2In5_1_st975,4.109,-4.11,-0.001,True
POSCAR_Cr2In5_1_x025,4.167,-4.169,-0.002,True
POSCAR_Cr2In5_1_x050,4.178,-4.181,-0.005,True
POSCAR_Cr2In5_1_x950,4.119,-4.121,-0.003,True
POSCAR_Cr2In5_1_x975,4.138,-4.14,-0.002,True
POSCAR_Cr2In5_1_y025,4.164,-4.167,-0.006,True
POSCAR_Cr2In5_1_y050,4.176,-4.177,-0.0,True
POSCAR_Cr2In5_1_y950,4.129,-4.131,-0.002,True
POSCAR_Cr2In5_1_y975,4.141,-4.142,0.001,True
POSCAR_Cr2In5_1_z025,4.167,-4.167,0.005,True
POSCAR_Cr2In5_1_z050,4.178,-4.18,-0.002,True
POSCAR_Cr2In5_1_z950,4.127,-4.128,0.001,True
POSCAR_Cr2In5_1_z975,4.141,-4.141,0.004,True
POSCAR_Cr2In8_2,4.148,-4.149,-0.001,True
POSCAR_Cr2In8_2_st025,4.187,-4.188,0.0,True
POSCAR_Cr2In8_2_st050,4.222,-4.222,0.001,True
POSCAR_Cr2In8_2_st950,4.051,-4.052,0.0,True
POSCAR_Cr2In8_2_st975,4.104,-4.104,0.0,True
POSCAR_Cr2In8_2_x025,4.161,-4.162,-0.003,True
POSCAR_Cr2In8_2_x050,4.174,-4.175,-0.003,True
POSCAR_Cr2In8_2_x950,4.125,-4.126,-0.002,True
POSCAR_Cr2In8_2_x975,4.137,-4.137,0.0,True
POSCAR_Cr2In8_2_y025,4.165,-4.167,-0.004,True
POSCAR_Cr2In8_2_y050,4.182,-4.183,-0.005,True
POSCAR_Cr2In8_2_y950,4.113,-4.113,0.002,True
POSCAR_Cr2In8_2_y975,4.132,-4.133,-0.002,True
POSCAR_Cr2In8_2_z025,4.16,-4.161,-0.004,True
POSCAR_Cr2In8_2_z050,4.171,-4.172,0.0,True
POSCAR_Cr2In8_2_z950,4.123,-4.125,-0.003,True
POSCAR_Cr2In8_2_z975,4.137,-4.137,0.0,True
POSCAR_Cr2N2_7,2.923,-2.922,-0.0,True
POSCAR_Cr2N2_7_st025,3.007,-3.007,0.0,True
POSCAR_Cr2N2_7_st050,3.091,-3.091,0.0,True
POSCAR_Cr2N2_7_st950,2.738,-2.738,-0.0,True
POSCAR_Cr2N2_7_st975,2.834,-2.834,-0.0,True
POSCAR_Cr2N2_7_x025,2.948,-2.948,-0.0,True
POSCAR_Cr2N2_7_x050,2.973,-2.973,0.0,True
POSCAR_Cr2N2_7_x950,2.867,-2.867,-0.0,True
POSCAR_Cr2N2_7_x975,2.895,-2.895,-0.0,True
POSCAR_Cr2N2_7_y025,2.948,-2.948,-0.0,True
POSCAR_Cr2N2_7_y050,2.973,-2.973,0.0,True
POSCAR_Cr2N2_7_y950,2.867,-2.867,-0.0,True
POSCAR_Cr2N2_7_y975,2.895,-2.895,-0.0,True
POSCAR_Cr2N2_7_z025,2.955,-2.955,-0.0,True
POSCAR_Cr2N2_7_z050,2.986,-2.986,-0.0,True
POSCAR_Cr2N2_7_z950,2.851,-2.851,-0.0,True
POSCAR_Cr2N2_7_z975,2.888,-2.888,-0.0,True
POSCAR_Cr2O2_2,3.669,-3.669,-0.0,True
POSCAR_Cr2O2_2_st025,3.698,-3.698,-0.0,True
POSCAR_Cr2O2_2_st050,3.724,-3.724,-0.0,True
POSCAR_Cr2O2_2_st950,3.599,-3.599,-0.0,True
POSCAR_Cr2O2_2_st975,3.636,-3.636,-0.0,True
POSCAR_Cr2O2_2_x025,3.681,-3.669,0.006,True
POSCAR_Cr2O2_2_x050,3.693,-3.669,0.012,False
POSCAR_Cr2O2_2_x950,3.641,-3.667,-0.016,False
POSCAR_Cr2O2_2_x975,3.656,-3.668,-0.007,True
POSCAR_Cr2O2_2_y025,3.669,-3.681,-0.006,True
POSCAR_Cr2O2_2_y050,3.669,-3.693,-0.012,False
POSCAR_Cr2O2_2_y950,3.667,-3.641,0.016,False
POSCAR_Cr2O2_2_y975,3.668,-3.656,0.007,True
POSCAR_Cr2O2_2_z025,3.685,-3.685,-0.0,True
POSCAR_Cr2O2_2_z050,3.699,-3.699,-0.0,True
POSCAR_Cr2O2_2_z950,3.629,-3.629,-0.0,True
POSCAR_Cr2O2_2_z975,3.651,-3.651,-0.0,True
POSCAR_Cr2O4_2,2.134,-2.134,-0.0,True
POSCAR_Cr2O4_2_st025,2.258,-2.259,-0.0,True
POSCAR_Cr2O4_2_st050,2.432,-2.433,-0.0,True
POSCAR_Cr2O4_2_st950,1.949,-1.949,0.0,True
POSCAR_Cr2O4_2_st975,2.035,-2.035,0.0,True
POSCAR_Cr2O4_2_x025,2.184,-2.184,-0.0,True
POSCAR_Cr2O4_2_x050,2.238,-2.238,-0.0,True
POSCAR_Cr2O4_2_x950,2.047,-2.047,0.0,True
POSCAR_Cr2O4_2_x975,2.089,-2.089,-0.0,True
POSCAR_Cr2O4_2_y025,2.167,-2.167,-0.0,True
POSCAR_Cr2O4_2_y050,2.204,-2.204,-0.0,True
POSCAR_Cr2O4_2_y950,2.077,-2.077,-0.0,True
POSCAR_Cr2O4_2_y975,2.104,-2.105,-0.0,True
POSCAR_Cr2O4_2_z025,2.167,-2.167,-0.0,True
POSCAR_Cr2O4_2_z050,2.204,-2.204,-0.0,True
POSCAR_Cr2O4_2_z950,2.077,-2.077,-0.0,True
POSCAR_Cr2O4_2_z975,2.105,-2.105,-0.0,True
POSCAR_Cr2P18_1,3.497,-3.5,-0.001,True
POSCAR_Cr2P18_1_x025,3.578,-3.581,-0.002,True
POSCAR_Cr2P18_1_x050,3.634,-3.636,-0.002,True
POSCAR_Cr2P18_1_x950,3.341,-3.342,0.001,True
POSCAR_Cr2P18_1_x975,3.415,-3.417,0.001,True
POSCAR_Cr2P18_1_y025,3.553,-3.556,-0.002,True
POSCAR_Cr2P18_1_y050,3.593,-3.595,-0.002,True
POSCAR_Cr2P18_1_y950,3.321,-3.323,-0.003,True
POSCAR_Cr2P18_1_y975,3.421,-3.425,-0.005,True
POSCAR_Cr2P18_1_z025,3.524,-3.525,-0.0,True
POSCAR_Cr2P18_1_z050,3.554,-3.555,0.002,True
POSCAR_Cr2P18_1_z950,3.37,-3.372,-0.001,True
POSCAR_Cr2P18_1_z975,3.459,-3.462,-0.005,True
POSCAR_Cr2P4_2,3.447,-3.446,0.0,True
POSCAR_Cr2P4_2_st025,3.548,-3.548,0.0,True
POSCAR_Cr2P4_2_st050,3.642,-3.642,0.0,True
POSCAR_Cr2P4_2_st950,3.171,-3.17,0.001,True
POSCAR_Cr2P4_2_st975,3.328,-3.328,0.0,True
POSCAR_Cr2P4_2_x025,3.464,-3.464,0.0,True
POSCAR_Cr2P4_2_x050,3.482,-3.482,0.0,True
POSCAR_Cr2P4_2_x950,3.442,-3.441,0.0,True
POSCAR_Cr2P4_2_x975,3.436,-3.436,0.001,True
POSCAR_Cr2P4_2_y025,3.501,-3.5,0.0,True
POSCAR_Cr2P4_2_y050,3.563,-3.562,0.0,True
POSCAR_Cr2P4_2_y950,3.337,-3.336,0.0,True
POSCAR_Cr2P4_2_y975,3.393,-3.393,0.0,True
POSCAR_Cr2P4_2_z025,3.492,-3.492,0.0,True
POSCAR_Cr2P4_2_z050,3.557,-3.557,0.001,True
POSCAR_Cr2P4_2_z950,3.369,-3.368,0.0,True
POSCAR_Cr2P4_2_z975,3.408,-3.408,0.0,True
POSCAR_Cr2P8_1,3.731,-3.731,0.0,True
POSCAR_Cr2P8_1_st025,3.79,-3.79,0.0,True
POSCAR_Cr2P8_1_st050,3.839,-3.839,-0.0,True
POSCAR_Cr2P8_1_st950,3.533,-3.533,0.001,True
POSCAR_Cr2P8_1_st975,3.65,-3.65,0.0,True
POSCAR_Cr2P8_1_x025,3.75,-3.75,0.0,True
POSCAR_Cr2P8_1_x050,3.768,-3.768,-0.0,True
POSCAR_Cr2P8_1_x950,3.691,-3.691,0.0,True
POSCAR_Cr2P8_1_x975,3.711,-3.711,0.0,True
POSCAR_Cr2P8_1_y025,3.754,-3.754,0.0,True
POSCAR_Cr2P8_1_y050,3.775,-3.775,-0.0,True
POSCAR_Cr2P8_1_y950,3.672,-3.672,0.001,True
POSCAR_Cr2P8_1_y975,3.705,-3.705,0.0,True
POSCAR_Cr2P8_1_z025,3.755,-3.755,0.0,True
POSCAR_Cr2P8_1_z050,3.776,-3.776,0.0,True
POSCAR_Cr2P8_1_z950,3.679,-3.679,0.0,True
POSCAR_Cr2P8_1_z975,3.706,-3.706,0.0,True
POSCAR_Cr2P8_2,3.665,-3.665,-0.0,True
POSCAR_Cr2P8_2_st025,3.739,-3.74,-0.002,True
POSCAR_Cr2P8_2_st050,3.806,-3.806,-0.001,True
POSCAR_Cr2P8_2_st950,3.45,-3.453,-0.004,True
POSCAR_Cr2P8_2_st975,3.572,-3.573,-0.002,True
POSCAR_Cr2P8_2_x025,3.698,-3.698,-0.001,True
POSCAR_Cr2P8_2_x050,3.733,-3.734,-0.002,True
POSCAR_Cr2P8_2_x950,3.596,-3.597,-0.0,True
POSCAR_Cr2P8_2_x975,3.631,-3.632,-0.001,True
POSCAR_Cr2P8_2_y025,3.687,-3.688,-0.001,True
POSCAR_Cr2P8_2_y050,3.711,-3.712,-0.001,True
POSCAR_Cr2P8_2_y950,3.622,-3.623,-0.001,True
POSCAR_Cr2P8_2_y975,3.644,-3.645,-0.0,True
POSCAR_Cr2P8_2_z025,3.69,-3.691,-0.001,True
POSCAR_Cr2P8_2_z050,3.712,-3.713,-0.001,True
POSCAR_Cr2P8_2_z950,3.601,-3.602,-0.003,True
POSCAR_Cr2P8_2_z975,3.636,-3.637,-0.001,True
POSCAR_Cr2Pb13_1,4.219,-4.22,-0.0,True
POSCAR_Cr2Pb13_1_st025,4.247,-4.247,0.0,True
POSCAR_Cr2Pb13_1_st050,4.27,-4.271,-0.003,True
POSCAR_Cr2Pb13_1_st950,4.15,-4.15,0.0,True
POSCAR_Cr2Pb13_1_x025,4.229,-4.23,-0.002,True
POSCAR_Cr2Pb13_1_x050,4.238,-4.238,0.003,True
POSCAR_Cr2Pb13_1_x950,4.197,-4.198,-0.005,True
POSCAR_Cr2Pb13_1_x975,4.209,-4.21,-0.004,True
POSCAR_Cr2Pb13_1_y025,4.227,-4.228,0.002,True
POSCAR_Cr2Pb13_1_y050,4.233,-4.234,0.001,True
POSCAR_Cr2Pb13_1_y950,4.203,-4.204,0.001,True
POSCAR_Cr2Pb13_1_y975,4.212,-4.213,0.002,True
POSCAR_Cr2Pb13_1_z025,4.231,-4.232,-0.0,True
POSCAR_Cr2Pb13_1_z050,4.24,-4.241,-0.004,True
POSCAR_Cr2Pb13_1_z950,4.194,-4.195,-0.003,True
POSCAR_Cr2Pb13_1_z975,4.208,-4.208,0.002,True
POSCAR_Cr2Pb8_2,4.164,-4.164,0.0,True
POSCAR_Cr2Pb8_2_st025,4.198,-4.197,0.001,True
POSCAR_Cr2Pb8_2_st950,4.072,-4.072,-0.0,True
POSCAR_Cr2Pb8_2_st975,4.12,-4.12,-0.001,True
POSCAR_Cr2Pb8_2_x025,4.175,-4.175,-0.001,True
POSCAR_Cr2Pb8_2_x050,4.184,-4.184,0.001,True
POSCAR_Cr2Pb8_2_x950,4.139,-4.139,-0.0,True
POSCAR_Cr2Pb8_2_x975,4.152,-4.152,0.0,True
POSCAR_Cr2Pb8_2_y025,4.175,-4.175,-0.0,True
POSCAR_Cr2Pb8_2_y050,4.186,-4.186,0.0,True
POSCAR_Cr2Pb8_2_y950,4.136,-4.136,0.0,True
POSCAR_Cr2Pb8_2_y975,4.151,-4.151,-0.0,True
POSCAR_Cr2Pb8_2_z025,4.175,-4.175,0.0,True
POSCAR_Cr2Pb8_2_z050,4.186,-4.186,0.0,True
POSCAR_Cr2Pb8_2_z950,4.136,-4.136,-0.002,True
POSCAR_Cr2Pb8_2_z975,4.151,-4.151,0.0,True
POSCAR_Cr2S2_1,3.751,-3.751,-0.0,True
POSCAR_Cr2S2_1_st025,3.788,-3.787,-0.0,True
POSCAR_Cr2S2_1_st050,3.819,-3.819,-0.0,True
POSCAR_Cr2S2_1_st950,3.652,-3.652,-0.0,True
POSCAR_Cr2S2_1_st975,3.707,-3.707,-0.0,True
POSCAR_Cr2S2_1_x025,3.761,-3.761,-0.0,True
POSCAR_Cr2S2_1_x050,3.77,-3.77,-0.0,True
POSCAR_Cr2S2_1_x950,3.726,-3.726,-0.0,True
POSCAR_Cr2S2_1_x975,3.74,-3.739,-0.0,True
POSCAR_Cr2S2_1_y025,3.764,-3.764,-0.0,True
POSCAR_Cr2S2_1_y050,3.775,-3.775,-0.0,True
POSCAR_Cr2S2_1_y950,3.721,-3.721,-0.0,True
POSCAR_Cr2S2_1_y975,3.737,-3.737,-0.0,True
POSCAR_Cr2S2_1_z025,3.766,-3.766,-0.0,True
POSCAR_Cr2S2_1_z050,3.78,-3.78,-0.0,True
POSCAR_Cr2S2_1_z950,3.716,-3.715,-0.0,True
POSCAR_Cr2S2_1_z975,3.734,-3.734,-0.0,True
POSCAR_Cr2S2_2,3.779,-3.779,0.0,True
POSCAR_Cr2S2_2_st025,3.81,-3.81,0.0,True
POSCAR_Cr2S2_2_st050,3.837,-3.837,0.0,True
POSCAR_Cr2S2_2_st950,3.699,-3.698,0.0,True
POSCAR_Cr2S2_2_st975,3.743,-3.743,0.0,True
POSCAR_Cr2S2_2_x025,3.79,-3.793,-0.003,True
POSCAR_Cr2S2_2_x050,3.8,-3.807,-0.007,True
POSCAR_Cr2S2_2_x950,3.756,-3.747,0.009,True
POSCAR_Cr2S2_2_x975,3.768,-3.764,0.005,True
POSCAR_Cr2S2_2_y025,3.792,-3.787,0.004,True
POSCAR_Cr2S2_2_y050,3.803,-3.794,0.008,True
POSCAR_Cr2S2_2_y950,3.751,-3.758,-0.008,True
POSCAR_Cr2S2_2_y975,3.766,-3.769,-0.004,True
POSCAR_Cr2S2_2_z025,3.789,-3.788,0.0,True
POSCAR_Cr2S2_2_z050,3.798,-3.797,0.0,True
POSCAR_Cr2S2_2_z950,3.759,-3.759,0.0,True
POSCAR_Cr2S2_2_z975,3.77,-3.769,0.0,True
POSCAR_Cr2S2_3,3.761,-3.761,0.0,True
POSCAR_Cr2S2_3_st025,3.789,-3.788,0.0,True
POSCAR_Cr2S2_3_st050,3.813,-3.813,0.0,True
POSCAR_Cr2S2_3_st950,3.698,-3.698,0.001,True
POSCAR_Cr2S2_3_st975,3.734,-3.733,0.001,True
POSCAR_Cr2S2_3_x025,3.77,-3.77,0.0,True
POSCAR_Cr2S2_3_x050,3.78,-3.779,0.0,True
POSCAR_Cr2S2_3_x950,3.746,-3.746,-0.0,True
POSCAR_Cr2S2_3_x975,3.752,-3.752,0.0,True
POSCAR_Cr2S2_3_y025,3.771,-3.77,0.0,True
POSCAR_Cr2S2_3_y050,3.78,-3.78,0.0,True
POSCAR_Cr2S2_3_y950,3.744,-3.744,0.0,True
POSCAR_Cr2S2_3_y975,3.752,-3.752,0.0,True
POSCAR_Cr2S2_3_z025,3.771,-3.771,0.0,True
POSCAR_Cr2S2_3_z050,3.78,-3.78,0.0,True
POSCAR_Cr2S2_3_z950,3.742,-3.741,0.001,True
POSCAR_Cr2S2_3_z975,3.754,-3.753,0.002,True
POSCAR_Cr2S2_5,3.78,-3.779,0.001,True
POSCAR_Cr2S2_5_st025,3.81,-3.81,0.001,True
POSCAR_Cr2S2_5_st050,3.838,-3.838,0.001,True
POSCAR_Cr2S2_5_st950,3.699,-3.699,0.001,True
POSCAR_Cr2S2_5_st975,3.743,-3.743,0.001,True
POSCAR_Cr2S2_5_x025,3.791,-3.793,-0.001,True
POSCAR_Cr2S2_5_x050,3.801,-3.805,-0.003,True
POSCAR_Cr2S2_5_x950,3.754,-3.748,0.006,True
POSCAR_Cr2S2_5_x975,3.767,-3.765,0.003,True
POSCAR_Cr2S2_5_y025,3.792,-3.788,0.005,True
POSCAR_Cr2S2_5_y050,3.804,-3.795,0.009,True
POSCAR_Cr2S2_5_y950,3.752,-3.758,-0.007,True
POSCAR_Cr2S2_5_y975,3.766,-3.77,-0.003,True
POSCAR_Cr2S2_5_z025,3.788,-3.79,-0.001,True
POSCAR_Cr2S2_5_z050,3.796,-3.799,-0.003,True
POSCAR_Cr2S2_5_z950,3.761,-3.757,0.006,True
POSCAR_Cr2S2_5_z975,3.771,-3.769,0.003,True
POSCAR_Cr2Sb2_1,3.868,-3.866,0.002,True
POSCAR_Cr2Sb2_1_st025,3.938,-3.937,0.002,True
POSCAR_Cr2Sb2_1_st050,3.992,-3.99,0.003,True
POSCAR_Cr2Sb2_1_st950,3.698,-3.7,-0.002,True
POSCAR_Cr2Sb2_1_st975,3.79,-3.789,0.001,True
POSCAR_Cr2Sb2_1_x025,3.894,-3.89,0.005,True
POSCAR_Cr2Sb2_1_x050,3.915,-3.916,-0.003,True
POSCAR_Cr2Sb2_1_x950,3.818,-3.814,0.005,True
POSCAR_Cr2Sb2_1_x975,3.842,-3.839,0.005,True
POSCAR_Cr2Sb2_1_y025,3.894,-3.89,0.005,True
POSCAR_Cr2Sb2_1_y050,3.915,-3.916,-0.003,True
POSCAR_Cr2Sb2_1_y950,3.818,-3.814,0.005,True
POSCAR_Cr2Sb2_1_y975,3.843,-3.839,0.005,True
POSCAR_Cr2Sb2_1_z025,3.895,-3.895,0.0,True
POSCAR_Cr2Sb2_1_z050,3.917,-3.915,0.002,True
POSCAR_Cr2Sb2_1_z950,3.819,-3.818,0.001,True
POSCAR_Cr2Sb2_1_z975,3.843,-3.845,-0.002,True
POSCAR_Cr2Sb2_2,4.11,-4.109,0.0,True
POSCAR_Cr2Sb2_2_st950,3.994,-3.994,0.0,True
POSCAR_Cr2Sb2_2_st975,4.06,-4.06,0.0,True
POSCAR_Cr2Sb2_2_x025,4.123,-4.122,0.002,True
POSCAR_Cr2Sb2_2_x050,4.134,-4.134,0.001,True
POSCAR_Cr2Sb2_2_x950,4.087,-4.087,-0.0,True
POSCAR_Cr2Sb2_2_x975,4.099,-4.098,0.003,True
POSCAR_Cr2Sb2_2_y025,4.124,-4.124,-0.0,True
POSCAR_Cr2Sb2_2_y050,4.138,-4.137,-0.0,True
POSCAR_Cr2Sb2_2_y950,4.087,-4.086,0.001,True
POSCAR_Cr2Sb2_2_y975,4.098,-4.095,0.004,True
POSCAR_Cr2Sb2_2_z025,4.13,-4.129,0.001,True
POSCAR_Cr2Sb2_2_z050,4.151,-4.15,0.002,True
POSCAR_Cr2Sb2_2_z950,4.067,-4.067,0.001,True
POSCAR_Cr2Sb2_2_z975,4.09,-4.09,0.001,True
POSCAR_Cr2Sb3_3,4.002,-4.002,0.003,True
POSCAR_Cr2Sb3_3_st025,4.05,-4.051,-0.002,True
POSCAR_Cr2Sb3_3_st050,4.092,-4.093,-0.001,True
POSCAR_Cr2Sb3_3_st950,3.871,-3.874,-0.004,True
POSCAR_Cr2Sb3_3_st975,3.944,-3.945,0.0,True
POSCAR_Cr2Sb3_3_x025,4.019,-4.024,-0.012,False
POSCAR_Cr2Sb3_3_x050,4.036,-4.041,-0.011,False
POSCAR_Cr2Sb3_3_x950,3.959,-3.959,-0.0,True
POSCAR_Cr2Sb3_3_x975,3.981,-3.983,-0.003,True
POSCAR_Cr2Sb3_3_y025,4.022,-4.02,0.006,True
POSCAR_Cr2Sb3_3_y050,4.039,-4.039,0.005,True
POSCAR_Cr2Sb3_3_y950,3.957,-3.961,-0.003,True
POSCAR_Cr2Sb3_3_y975,3.981,-3.982,0.003,True
POSCAR_Cr2Sb3_3_z025,4.014,-4.015,0.001,True
POSCAR_Cr2Sb3_3_z050,4.025,-4.023,0.01,True
POSCAR_Cr2Sb3_3_z950,3.969,-3.974,-0.008,True
POSCAR_Cr2Sb3_3_z975,3.986,-3.989,-0.004,True
POSCAR_Cr2Sb4_1,3.854,-3.854,-0.0,True
POSCAR_Cr2Sb4_1_st025,3.926,-3.926,0.0,True
POSCAR_Cr2Sb4_1_st050,3.986,-3.986,-0.0,True
POSCAR_Cr2Sb4_1_st950,3.656,-3.656,-0.0,True
POSCAR_Cr2Sb4_1_st975,3.763,-3.763,0.0,True
POSCAR_Cr2Sb4_1_x025,3.858,-3.858,0.0,True
POSCAR_Cr2Sb4_1_x050,3.86,-3.86,0.0,True
POSCAR_Cr2Sb4_1_x950,3.852,-3.852,0.0,True
POSCAR_Cr2Sb4_1_x975,3.852,-3.853,-0.0,True
POSCAR_Cr2Sb4_1_y025,3.893,-3.893,-0.0,True
POSCAR_Cr2Sb4_1_y050,3.927,-3.927,0.0,True
POSCAR_Cr2Sb4_1_y950,3.767,-3.767,-0.0,True
POSCAR_Cr2Sb4_1_y975,3.815,-3.815,-0.0,True
POSCAR_Cr2Sb4_1_z025,3.89,-3.89,-0.0,True
POSCAR_Cr2Sb4_1_z050,3.925,-3.925,-0.0,True
POSCAR_Cr2Sb4_1_z950,3.771,-3.771,-0.0,True
POSCAR_Cr2Sb4_1_z975,3.816,-3.816,0.0,True
POSCAR_Cr2Sb6_1,3.858,-3.857,0.004,True
POSCAR_Cr2Sb6_1_st050,3.996,-3.995,0.004,True
POSCAR_Cr2Sb6_1_st950,3.656,-3.658,-0.004,True
POSCAR_Cr2Sb6_1_x025,3.881,-3.883,-0.006,True
POSCAR_Cr2Sb6_1_x050,3.907,-3.906,-0.008,True
POSCAR_Cr2Sb6_1_x950,3.808,-3.82,-0.024,False
POSCAR_Cr2Sb6_1_x975,3.832,-3.84,-0.015,False
POSCAR_Cr2Sb6_1_y025,3.878,-3.892,-0.02,False
POSCAR_Cr2Sb6_1_y050,3.901,-3.924,-0.032,False
POSCAR_Cr2Sb6_1_y950,3.817,-3.798,0.017,False
POSCAR_Cr2Sb6_1_y975,3.837,-3.824,0.017,False
POSCAR_Cr2Sb6_1_z025,3.893,-3.89,-0.002,True
POSCAR_Cr2Sb6_1_z050,3.925,-3.917,-0.003,True
POSCAR_Cr2Sb6_1_z950,3.785,-3.801,-0.016,False
POSCAR_Cr2Sb6_1_z975,3.823,-3.829,-0.003,True
POSCAR_Cr2Sb8_1,4.016,-4.016,-0.001,True
POSCAR_Cr2Sb8_1_st025,4.063,-4.064,-0.001,True
POSCAR_Cr2Sb8_1_st950,3.878,-3.879,0.001,True
POSCAR_Cr2Sb8_1_st975,3.955,-3.954,0.004,True
POSCAR_Cr2Sb8_1_x025,4.027,-4.027,-0.0,True
POSCAR_Cr2Sb8_1_x050,4.037,-4.037,0.002,True
POSCAR_Cr2Sb8_1_x950,3.986,-3.986,0.0,True
POSCAR_Cr2Sb8_1_x975,4.002,-4.002,-0.001,True
POSCAR_Cr2Sb8_1_y025,4.035,-4.035,-0.001,True
POSCAR_Cr2Sb8_1_y050,4.049,-4.05,-0.003,True
POSCAR_Cr2Sb8_1_y950,3.967,-3.967,0.001,True
POSCAR_Cr2Sb8_1_y975,3.994,-3.993,0.003,True
POSCAR_Cr2Sb8_1_z025,4.033,-4.033,-0.003,True
POSCAR_Cr2Sb8_1_z050,4.047,-4.047,-0.002,True
POSCAR_Cr2Sb8_1_z950,3.968,-3.969,-0.003,True
POSCAR_Cr2Sb8_1_z975,3.996,-3.996,-0.0,True
POSCAR_Cr2Se2_1,3.809,-3.809,0.0,True
POSCAR_Cr2Se2_1_st025,3.843,-3.843,0.0,True
POSCAR_Cr2Se2_1_st050,3.873,-3.873,0.0,True
POSCAR_Cr2Se2_1_st950,3.723,-3.723,0.0,True
POSCAR_Cr2Se2_1_st975,3.77,-3.77,0.0,True
POSCAR_Cr2Se2_1_x025,3.821,-3.823,-0.002,True
POSCAR_Cr2Se2_1_x050,3.831,-3.835,-0.003,True
POSCAR_Cr2Se2_1_x950,3.784,-3.78,0.004,True
POSCAR_Cr2Se2_1_x975,3.797,-3.795,0.002,True
POSCAR_Cr2Se2_1_y025,3.821,-3.819,0.002,True
POSCAR_Cr2Se2_1_y050,3.832,-3.828,0.004,True
POSCAR_Cr2Se2_1_y950,3.783,-3.786,-0.003,True
POSCAR_Cr2Se2_1_y975,3.797,-3.798,-0.002,True
POSCAR_Cr2Se2_1_z025,3.821,-3.821,0.0,True
POSCAR_Cr2Se2_1_z050,3.832,-3.832,0.0,True
POSCAR_Cr2Se2_1_z950,3.783,-3.783,0.0,True
POSCAR_Cr2Se2_1_z975,3.797,-3.797,0.0,True
POSCAR_Cr2Se2_2,3.812,-3.811,0.0,True
POSCAR_Cr2Se2_2_st025,3.845,-3.845,0.0,True
POSCAR_Cr2Se2_2_st050,3.875,-3.875,0.0,True
POSCAR_Cr2Se2_2_st950,3.727,-3.726,0.0,True
POSCAR_Cr2Se2_2_st975,3.773,-3.773,0.0,True
POSCAR_Cr2Se2_2_x025,3.821,-3.823,-0.002,True
POSCAR_Cr2Se2_2_x050,3.83,-3.834,-0.004,True
POSCAR_Cr2Se2_2_x950,3.788,-3.785,0.003,True
POSCAR_Cr2Se2_2_x975,3.801,-3.799,0.002,True
POSCAR_Cr2Se2_2_y025,3.825,-3.823,0.002,True
POSCAR_Cr2Se2_2_y050,3.837,-3.833,0.004,True
POSCAR_Cr2Se2_2_y950,3.782,-3.786,-0.004,True
POSCAR_Cr2Se2_2_y975,3.798,-3.799,-0.002,True
POSCAR_Cr2Se2_2_z025,3.823,-3.823,0.0,True
POSCAR_Cr2Se2_2_z050,3.834,-3.834,0.0,True
POSCAR_Cr2Se2_2_z950,3.786,-3.786,0.0,True
POSCAR_Cr2Se2_2_z975,3.799,-3.799,0.0,True
POSCAR_Cr2Se4_1,3.713,-3.713,0.001,True
POSCAR_Cr2Se4_1_st025,3.764,-3.766,-0.002,True
POSCAR_Cr2Se4_1_x025,3.735,-3.739,-0.008,True
POSCAR_Cr2Se4_1_x050,3.758,-3.758,0.002,True
POSCAR_Cr2Se4_1_x975,3.683,-3.684,-0.0,True
POSCAR_Cr2Se4_1_y025,3.721,-3.723,-0.0,True
POSCAR_Cr2Se4_1_y050,3.731,-3.733,-0.002,True
POSCAR_Cr2Se4_1_y950,3.696,-3.699,-0.004,True
POSCAR_Cr2Se4_1_y975,3.702,-3.706,-0.004,True
POSCAR_Cr2Se4_1_z025,3.778,-3.776,0.001,True
POSCAR_Cr2Se4_1_z050,3.729,-3.73,-0.003,True
POSCAR_Cr2Se4_1_z950,3.667,-3.67,-0.005,True
POSCAR_Cr2Se4_1_z975,3.692,-3.695,-0.002,True
POSCAR_Cr2Si4_1,3.451,-3.451,-0.0,True
POSCAR_Cr2Si4_1_st950,2.854,-2.854,0.0,True
POSCAR_Cr2Si4_1_st975,3.172,-3.172,0.0,True
POSCAR_Cr2Si4_1_x025,3.514,-3.514,-0.0,True
POSCAR_Cr2Si4_1_x050,3.582,-3.582,0.001,True
POSCAR_Cr2Si4_1_x950,3.295,-3.296,-0.0,True
POSCAR_Cr2Si4_1_x975,3.367,-3.368,-0.001,True
POSCAR_Cr2Si4_1_y025,3.514,-3.515,-0.0,True
POSCAR_Cr2Si4_1_y050,3.582,-3.583,-0.001,True
POSCAR_Cr2Si4_1_y950,3.295,-3.295,-0.0,True
POSCAR_Cr2Si4_1_y975,3.367,-3.367,0.0,True
POSCAR_Cr2Si4_1_z025,3.506,-3.506,0.0,True
POSCAR_Cr2Si4_1_z050,3.564,-3.563,0.0,True
POSCAR_Cr2Si4_1_z950,3.315,-3.315,0.0,True
POSCAR_Cr2Si4_1_z975,3.384,-3.383,0.001,True
POSCAR_Cr2Sn2_2,4.038,-4.038,-0.001,True
POSCAR_Cr2Sn2_2_st025,4.083,-4.083,-0.001,True
POSCAR_Cr2Sn2_2_st050,4.123,-4.123,-0.0,True
POSCAR_Cr2Sn2_2_st950,3.924,-3.924,-0.001,True
POSCAR_Cr2Sn2_2_st975,3.987,-3.986,0.001,True
POSCAR_Cr2Sn2_2_x025,4.052,-4.052,0.001,True
POSCAR_Cr2Sn2_2_x050,4.067,-4.066,0.0,True
POSCAR_Cr2Sn2_2_x950,4.004,-4.004,0.0,True
POSCAR_Cr2Sn2_2_x975,4.022,-4.021,0.0,True
POSCAR_Cr2Sn2_2_y025,4.052,-4.052,0.001,True
POSCAR_Cr2Sn2_2_y050,4.067,-4.066,0.0,True
POSCAR_Cr2Sn2_2_y950,4.004,-4.004,0.0,True
POSCAR_Cr2Sn2_2_y975,4.022,-4.021,0.0,True
POSCAR_Cr2Sn2_2_z025,4.056,-4.055,0.003,True
POSCAR_Cr2Sn2_2_z050,4.073,-4.073,-0.0,True
POSCAR_Cr2Sn2_2_z950,3.999,-3.997,0.004,True
POSCAR_Cr2Sn2_2_z975,4.019,-4.015,0.007,True
POSCAR_Cr2Te2_1,3.89,-3.89,0.0,True
POSCAR_Cr2Te2_1_st025,3.926,-3.926,0.0,True
POSCAR_Cr2Te2_1_st050,3.958,-3.958,0.0,True
POSCAR_Cr2Te2_1_st950,3.801,-3.801,0.0,True
POSCAR_Cr2Te2_1_st975,3.85,-3.85,0.0,True
POSCAR_Cr2Te2_1_x025,3.902,-3.902,0.0,True
POSCAR_Cr2Te2_1_x050,3.912,-3.912,0.0,True
POSCAR_Cr2Te2_1_x950,3.865,-3.865,0.0,True
POSCAR_Cr2Te2_1_x975,3.878,-3.878,0.0,True
POSCAR_Cr2Te2_1_y025,3.902,-3.902,0.0,True
POSCAR_Cr2Te2_1_y050,3.912,-3.912,0.0,True
POSCAR_Cr2Te2_1_y950,3.865,-3.865,0.0,True
POSCAR_Cr2Te2_1_y975,3.878,-3.878,0.0,True
POSCAR_Cr2Te2_1_z025,3.904,-3.904,0.0,True
POSCAR_Cr2Te2_1_z050,3.917,-3.917,0.0,True
POSCAR_Cr2Te2_1_z950,3.86,-3.86,0.0,True
POSCAR_Cr2Te2_1_z975,3.876,-3.876,0.0,True
POSCAR_Cr2Te4_1,3.847,-3.847,0.001,True
POSCAR_Cr2Te4_1_st025,3.887,-3.887,0.001,True
POSCAR_Cr2Te4_1_st050,3.922,-3.921,0.001,True
POSCAR_Cr2Te4_1_st950,3.738,-3.738,0.001,True
POSCAR_Cr2Te4_1_st975,3.8,-3.8,0.0,True
POSCAR_Cr2Te4_1_x025,3.868,-3.867,0.001,True
POSCAR_Cr2Te4_1_x050,3.889,-3.888,0.002,True
POSCAR_Cr2Te4_1_x950,3.803,-3.802,0.002,True
POSCAR_Cr2Te4_1_x975,3.826,-3.825,0.001,True
POSCAR_Cr2Te4_1_y025,3.854,-3.853,0.001,True
POSCAR_Cr2Te4_1_y050,3.861,-3.86,0.001,True
POSCAR_Cr2Te4_1_y950,3.842,-3.841,0.001,True
POSCAR_Cr2Te4_1_y975,3.843,-3.842,0.001,True
POSCAR_Cr2Te4_1_z025,3.864,-3.864,0.001,True
POSCAR_Cr2Te4_1_z050,3.879,-3.878,0.0,True
POSCAR_Cr2Te4_1_z950,3.816,-3.815,0.001,True
POSCAR_Cr2Te4_1_z975,3.831,-3.83,0.002,True
POSCAR_Cr2Te8_2,3.71,-3.713,-0.001,True
POSCAR_Cr2Te8_2_st975,3.624,-3.627,-0.001,True
POSCAR_Cr2Te8_2_x025,3.724,-3.73,-0.018,False
POSCAR_Cr2Te8_2_x050,3.747,-3.752,-0.017,False
POSCAR_Cr2Te8_2_x950,3.692,-3.697,-0.019,False
POSCAR_Cr2Te8_2_x975,3.7,-3.705,-0.02,False
POSCAR_Cr2Te8_2_y025,3.739,-3.746,-0.034,False
POSCAR_Cr2Te8_2_y050,3.77,-3.776,-0.023,False
POSCAR_Cr2Te8_2_y950,3.656,-3.665,-0.025,False
POSCAR_Cr2Te8_2_y975,3.683,-3.687,-0.008,True
POSCAR_Cr2Te8_2_z025,3.749,-3.752,-0.015,False
POSCAR_Cr2Te8_2_z050,3.784,-3.786,-0.006,True
POSCAR_Cr2Te8_2_z950,3.637,-3.643,-0.009,True
POSCAR_Cr2Te8_2_z975,3.672,-3.678,-0.019,False
POSCAR_Cu2F4_1,0.847,-0.847,0.0,True
POSCAR_Cu2F4_1_st025,0.853,-0.853,0.0,True
POSCAR_Cu2F4_1_st050,0.857,-0.857,0.0,True
POSCAR_Cu2F4_1_st950,0.829,-0.829,0.0,True
POSCAR_Cu2F4_1_st975,0.839,-0.839,0.0,True
POSCAR_Cu2F4_1_x025,0.848,-0.848,0.0,True
POSCAR_Cu2F4_1_x050,0.849,-0.849,-0.0,True
POSCAR_Cu2F4_1_x950,0.844,-0.844,0.0,True
POSCAR_Cu2F4_1_x975,0.846,-0.846,0.0,True
POSCAR_Cu2F4_1_y025,0.85,-0.85,0.0,True
POSCAR_Cu2F4_1_y050,0.852,-0.852,0.0,True
POSCAR_Cu2F4_1_y950,0.841,-0.841,0.0,True
POSCAR_Cu2F4_1_y975,0.844,-0.844,0.0,True
POSCAR_Cu2F4_1_z025,0.85,-0.85,0.0,True
POSCAR_Cu2F4_1_z050,0.852,-0.852,0.0,True
POSCAR_Cu2F4_1_z950,0.841,-0.841,0.0,True
POSCAR_Cu2F4_1_z975,0.844,-0.844,0.0,True
POSCAR_Cu2F6_1,1.103,-1.103,-0.0,True
POSCAR_Cu2F6_1_st025,1.079,-1.079,0.0,True
POSCAR_Cu2F6_1_st050,1.051,-1.05,0.0,True
POSCAR_Cu2F6_1_st950,1.137,-1.137,-0.0,True
POSCAR_Cu2F6_1_st975,1.122,-1.122,-0.0,True
POSCAR_Cu2F6_1_x025,1.094,-1.094,0.0,True
POSCAR_Cu2F6_1_x050,1.084,-1.084,0.0,True
POSCAR_Cu2F6_1_x950,1.117,-1.117,-0.0,True
POSCAR_Cu2F6_1_x975,1.111,-1.111,-0.0,True
POSCAR_Cu2F6_1_y025,1.096,-1.096,-0.0,True
POSCAR_Cu2F6_1_y050,1.087,-1.087,-0.0,True
POSCAR_Cu2F6_1_y950,1.113,-1.113,-0.0,True
POSCAR_Cu2F6_1_y975,1.109,-1.109,-0.0,True
POSCAR_Cu2F6_1_z025,1.096,-1.096,-0.0,True
POSCAR_Cu2F6_1_z050,1.087,-1.087,-0.0,True
POSCAR_Cu2F6_1_z950,1.113,-1.113,-0.0,True
POSCAR_Cu2F6_1_z975,1.109,-1.109,-0.0,True
POSCAR_Cu2F6_2,1.11,-1.11,0.0,True
POSCAR_Cu2F6_2_st025,1.088,-1.088,-0.0,True
POSCAR_Cu2F6_2_st050,1.061,-1.061,-0.0,True
POSCAR_Cu2F6_2_st950,1.14,-1.14,0.0,True
POSCAR_Cu2F6_2_st975,1.128,-1.128,-0.0,True
POSCAR_Cu2F6_2_x025,1.103,-1.103,-0.0,True
POSCAR_Cu2F6_2_x050,1.095,-1.095,-0.0,True
POSCAR_Cu2F6_2_x950,1.121,-1.12,0.0,True
POSCAR_Cu2F6_2_x975,1.116,-1.116,0.0,True
POSCAR_Cu2F6_2_y025,1.103,-1.103,0.0,True
POSCAR_Cu2F6_2_y050,1.095,-1.095,0.0,True
POSCAR_Cu2F6_2_y950,1.12,-1.121,-0.0,True
POSCAR_Cu2F6_2_y975,1.116,-1.116,-0.0,True
POSCAR_Cu2F6_2_z025,1.103,-1.103,0.0,True
POSCAR_Cu2F6_2_z050,1.093,-1.094,-0.0,True
POSCAR_Cu2F6_2_z950,1.121,-1.121,-0.0,True
POSCAR_Cu2F6_2_z975,1.117,-1.117,0.0,True
POSCAR_Cu2O2_1,0.648,-0.648,-0.0,True
POSCAR_Cu2O2_1_st025,0.656,-0.656,-0.0,True
POSCAR_Cu2O2_1_st050,0.66,-0.66,-0.0,True
POSCAR_Cu2O2_1_st950,0.623,-0.623,-0.0,True
POSCAR_Cu2O2_1_st975,0.637,-0.637,-0.0,True
POSCAR_Cu2O2_1_x025,0.649,-0.649,0.001,True
POSCAR_Cu2O2_1_x050,0.647,-0.65,0.002,True
POSCAR_Cu2O2_1_x950,0.636,-0.641,-0.003,True
POSCAR_Cu2O2_1_x975,0.643,-0.645,-0.001,True
POSCAR_Cu2O2_1_y025,0.649,-0.649,-0.001,True
POSCAR_Cu2O2_1_y050,0.65,-0.648,-0.002,True
POSCAR_Cu2O2_1_y950,0.641,-0.636,0.003,True
POSCAR_Cu2O2_1_y975,0.645,-0.644,0.001,True
POSCAR_Cu2O2_1_z025,0.651,-0.651,-0.0,True
POSCAR_Cu2O2_1_z050,0.653,-0.653,-0.0,True
POSCAR_Cu2O2_1_z950,0.634,-0.634,-0.0,True
POSCAR_Cu2O2_1_z975,0.642,-0.642,-0.0,True
POSCAR_Cu2O2_4,0.752,-0.751,-0.0,True
POSCAR_Cu2O2_4_st025,0.754,-0.754,-0.0,True
POSCAR_Cu2O2_4_st050,0.753,-0.753,0.0,True
POSCAR_Cu2O2_4_st950,0.738,-0.738,0.0,True
POSCAR_Cu2O2_4_st975,0.746,-0.746,0.0,True
POSCAR_Cu2O2_4_x025,0.752,-0.753,-0.001,True
POSCAR_Cu2O2_4_x050,0.752,-0.754,-0.001,True
POSCAR_Cu2O2_4_x950,0.748,-0.746,0.002,True
POSCAR_Cu2O2_4_x975,0.75,-0.749,0.001,True
POSCAR_Cu2O2_4_y025,0.751,-0.75,0.001,True
POSCAR_Cu2O2_4_y050,0.75,-0.749,0.001,True
POSCAR_Cu2O2_4_y950,0.75,-0.753,-0.002,True
POSCAR_Cu2O2_4_y975,0.751,-0.753,-0.001,True
POSCAR_Cu2O2_4_z025,0.754,-0.754,-0.0,True
POSCAR_Cu2O2_4_z050,0.756,-0.755,-0.0,True
POSCAR_Cu2O2_4_z950,0.742,-0.742,0.0,True
POSCAR_Cu2O2_4_z975,0.748,-0.748,0.0,True
POSCAR_Cu2O2_6,0.449,-0.45,-0.001,True
POSCAR_Cu2O2_6_st025,0.458,-0.458,-0.0,True
POSCAR_Cu2O2_6_st050,0.454,-0.454,0.0,True
POSCAR_Cu2O2_6_st950,0.415,-0.417,-0.003,True
POSCAR_Cu2O2_6_st975,0.435,-0.435,-0.0,True
POSCAR_Cu2O2_6_x025,0.458,-0.458,0.0,True
POSCAR_Cu2O2_6_x050,0.47,-0.469,0.001,True
POSCAR_Cu2O2_6_x950,0.576,-0.576,-0.0,True
POSCAR_Cu2O2_6_x975,0.488,-0.488,-0.001,True
POSCAR_Cu2O2_6_y025,0.456,-0.456,-0.001,True
POSCAR_Cu2O2_6_y050,0.466,-0.467,-0.001,True
POSCAR_Cu2O2_6_y950,0.582,-0.591,0.009,True
POSCAR_Cu2O2_6_y975,0.491,-0.491,0.001,True
POSCAR_Cu2O2_6_z025,0.477,-0.477,-0.0,True
POSCAR_Cu2O2_6_z050,0.49,-0.49,-0.0,True
POSCAR_Cu2O2_6_z950,0.358,-0.358,0.0,True
POSCAR_Cu2O2_6_z975,0.419,-0.419,-0.001,True
POSCAR_Cu2O4_1,0.679,-0.679,-0.0,True
POSCAR_Cu2O4_1_st025,0.682,-0.683,-0.0,True
POSCAR_Cu2O4_1_st050,0.682,-0.682,-0.0,True
POSCAR_Cu2O4_1_st950,0.661,-0.662,-0.0,True
POSCAR_Cu2O4_1_st975,0.672,-0.672,-0.0,True
POSCAR_Cu2O4_1_x025,0.676,-0.676,-0.0,True
POSCAR_Cu2O4_1_x050,0.672,-0.672,-0.0,True
POSCAR_Cu2O4_1_x950,0.681,-0.681,-0.0,True
POSCAR_Cu2O4_1_x975,0.681,-0.681,-0.0,True
POSCAR_Cu2O4_1_y025,0.682,-0.682,-0.0,True
POSCAR_Cu2O4_1_y050,0.683,-0.683,-0.0,True
POSCAR_Cu2O4_1_y950,0.67,-0.67,-0.0,True
POSCAR_Cu2O4_1_y975,0.675,-0.675,-0.0,True
POSCAR_Cu2O4_1_z025,0.683,-0.683,-0.0,True
POSCAR_Cu2O4_1_z050,0.686,-0.686,-0.0,True
POSCAR_Cu2O4_1_z950,0.667,-0.667,-0.0,True
POSCAR_Cu2O4_1_z975,0.674,-0.674,-0.0,True
POSCAR_F10Zr2_1,-0.002,0.002,0.0,True
POSCAR_F10Zr2_1_x025,0.0,-0.0,0.0,True
POSCAR_F10Zr2_1_x050,0.0,0.0,-0.0,True
POSCAR_F10Zr2_1_x950,0.0,-0.0,-0.0,True
POSCAR_F10Zr2_1_x975,-0.0,0.0,-0.0,True
POSCAR_F10Zr2_1_y025,0.0,-0.0,-0.0,True
POSCAR_F10Zr2_1_y050,0.0,-0.0,0.0,True
POSCAR_F10Zr2_1_y950,-0.0,0.0,0.0,True
POSCAR_F10Zr2_1_y975,0.0,0.0,0.0,True
POSCAR_F10Zr2_1_z025,0.0,-0.0,0.0,True
POSCAR_F10Zr2_1_z050,-0.0,0.0,0.0,True
POSCAR_F10Zr2_1_z950,-0.0,-0.0,-0.0,True
POSCAR_F10Zr2_1_z975,0.0,-0.0,0.0,True
POSCAR_F4Fe2_2,3.809,-3.809,0.0,True
POSCAR_F4Fe2_2_st025,3.813,-3.813,0.0,True
POSCAR_F4Fe2_2_st950,3.798,-3.798,0.0,True
POSCAR_F4Fe2_2_st975,3.804,-3.804,0.0,True
POSCAR_F4Fe2_2_x025,3.81,-3.81,0.0,True
POSCAR_F4Fe2_2_x050,3.812,-3.812,0.0,True
POSCAR_F4Fe2_2_x950,3.804,-3.804,0.0,True
POSCAR_F4Fe2_2_x975,3.807,-3.807,0.0,True
POSCAR_F4Fe2_2_y025,3.809,-3.809,0.0,True
POSCAR_F4Fe2_2_y050,3.81,-3.81,0.0,True
POSCAR_F4Fe2_2_y950,3.806,-3.806,0.0,True
POSCAR_F4Fe2_2_y975,3.807,-3.807,0.0,True
POSCAR_F4Fe2_2_z025,3.81,-3.81,0.0,True
POSCAR_F4Fe2_2_z050,3.811,-3.811,0.0,True
POSCAR_F4Fe2_2_z950,3.804,-3.804,0.0,True
POSCAR_F4Fe2_2_z975,3.807,-3.807,0.0,True
POSCAR_F4Mn2_1,4.678,-4.678,-0.0,True
POSCAR_F4Mn2_1_st025,4.69,-4.69,-0.0,True
POSCAR_F4Mn2_1_st050,4.699,-4.699,-0.0,True
POSCAR_F4Mn2_1_st950,4.649,-4.649,-0.0,True
POSCAR_F4Mn2_1_st975,4.665,-4.665,-0.0,True
POSCAR_F4Mn2_1_x025,4.683,-4.683,-0.0,True
POSCAR_F4Mn2_1_x050,4.687,-4.687,-0.0,True
POSCAR_F4Mn2_1_x950,4.667,-4.667,-0.0,True
POSCAR_F4Mn2_1_x975,4.673,-4.673,-0.0,True
POSCAR_F4Mn2_1_y025,4.682,-4.682,-0.0,True
POSCAR_F4Mn2_1_y050,4.685,-4.685,-0.0,True
POSCAR_F4Mn2_1_y950,4.671,-4.671,-0.0,True
POSCAR_F4Mn2_1_y975,4.675,-4.675,-0.0,True
POSCAR_F4Mn2_1_z025,4.682,-4.682,-0.0,True
POSCAR_F4Mn2_1_z050,4.685,-4.685,-0.0,True
POSCAR_F4Mn2_1_z950,4.671,-4.671,0.0,True
POSCAR_F4Mn2_1_z975,4.675,-4.675,-0.0,True
POSCAR_F4Ni2_1,1.88,-1.88,-0.0,True
POSCAR_F4Ni2_1_st025,1.883,-1.883,-0.0,True
POSCAR_F4Ni2_1_st050,1.886,-1.886,-0.0,True
POSCAR_F4Ni2_1_st950,1.873,-1.873,-0.0,True
POSCAR_F4Ni2_1_st975,1.876,-1.876,-0.0,True
POSCAR_F4Ni2_1_x025,1.881,-1.881,-0.0,True
POSCAR_F4Ni2_1_x050,1.883,-1.883,-0.0,True
POSCAR_F4Ni2_1_x950,1.876,-1.876,-0.0,True
POSCAR_F4Ni2_1_x975,1.878,-1.878,-0.0,True
POSCAR_F4Ni2_1_y025,1.88,-1.88,-0.0,True
POSCAR_F4Ni2_1_y050,1.881,-1.881,-0.0,True
POSCAR_F4Ni2_1_y950,1.878,-1.878,-0.0,True
POSCAR_F4Ni2_1_y975,1.879,-1.879,-0.0,True
POSCAR_F4Ni2_1_z025,1.88,-1.88,-0.0,True
POSCAR_F4Ni2_1_z050,1.881,-1.881,-0.0,True
POSCAR_F4Ni2_1_z950,1.878,-1.878,-0.0,True
POSCAR_F4Ni2_1_z975,1.879,-1.879,-0.0,True
POSCAR_F4Sc2_1,0.756,-0.756,0.001,True
POSCAR_F4Sc2_1_st950,0.202,-0.206,-0.004,True
POSCAR_F4Sc2_1_x050,0.327,-0.325,0.002,True
POSCAR_F4Sc2_1_x975,0.349,-0.34,0.009,True
POSCAR_F4Sc2_1_y025,0.217,-0.223,-0.006,True
POSCAR_F4Sc2_1_y050,0.223,-0.229,-0.006,True
POSCAR_F4Sc2_1_y950,0.192,-0.192,0.0,True
POSCAR_F4Sc2_1_y975,0.188,-0.177,0.012,False
POSCAR_F4Sc2_1_z025,0.217,-0.223,-0.006,True
POSCAR_F4Sc2_1_z050,0.223,-0.23,-0.007,True
POSCAR_F4Sc2_1_z950,0.191,-0.189,0.002,True
POSCAR_F4Sc2_1_z975,0.182,-0.189,-0.007,True
POSCAR_F4V2_1,2.759,-2.759,-0.0,True
POSCAR_F4V2_1_st025,2.764,-2.764,-0.0,True
POSCAR_F4V2_1_st050,2.769,-2.769,-0.0,True
POSCAR_F4V2_1_st950,2.746,-2.746,-0.0,True
POSCAR_F4V2_1_st975,2.753,-2.753,-0.0,True
POSCAR_F4V2_1_x025,2.76,-2.76,-0.0,True
POSCAR_F4V2_1_x050,2.761,-2.761,-0.0,True
POSCAR_F4V2_1_x950,2.755,-2.755,-0.0,True
POSCAR_F4V2_1_x975,2.757,-2.757,-0.0,True
POSCAR_F4V2_1_y025,2.76,-2.76,-0.0,True
POSCAR_F4V2_1_y050,2.762,-2.762,-0.0,True
POSCAR_F4V2_1_y950,2.754,-2.754,-0.0,True
POSCAR_F4V2_1_y975,2.756,-2.756,-0.0,True
POSCAR_F4V2_1_z025,2.76,-2.76,-0.0,True
POSCAR_F4V2_1_z050,2.762,-2.762,-0.0,True
POSCAR_F4V2_1_z950,2.754,-2.754,-0.0,True
POSCAR_F4V2_1_z975,2.756,-2.756,-0.0,True
POSCAR_F4Y2_1,0.057,-0.06,-0.003,True
POSCAR_F4Y2_1_x025,-0.0,-0.0,-0.0,True
POSCAR_F4Y2_1_x050,-0.0,-0.0,-0.0,True
POSCAR_F4Y2_1_x950,-0.005,-0.004,-0.009,True
POSCAR_F4Y2_1_x975,0.004,0.008,0.012,False
POSCAR_F4Y2_1_y025,-0.0,0.002,0.002,True
POSCAR_F4Y2_1_y050,0.025,-0.129,-0.107,False
POSCAR_F4Y2_1_y950,0.0,0.0,0.001,True
POSCAR_F4Y2_1_y975,0.001,-0.002,-0.001,True
POSCAR_F4Y2_1_z025,-0.017,-0.124,-0.146,False
POSCAR_F4Y2_1_z050,0.131,-0.025,0.108,False
POSCAR_F4Y2_1_z950,-0.0,-0.0,-0.001,True
POSCAR_F4Y2_1_z975,-0.0,-0.0,-0.001,True
POSCAR_F6Fe2_1,4.368,-4.368,-0.0,True
POSCAR_F6Fe2_1_st025,4.368,-4.368,-0.0,True
POSCAR_F6Fe2_1_st050,4.364,-4.364,-0.0,True
POSCAR_F6Fe2_1_st950,4.36,-4.36,-0.0,True
POSCAR_F6Fe2_1_st975,4.365,-4.365,-0.0,True
POSCAR_F6Fe2_1_x025,4.368,-4.368,-0.0,True
POSCAR_F6Fe2_1_x050,4.368,-4.368,-0.0,True
POSCAR_F6Fe2_1_x950,4.366,-4.366,-0.001,True
POSCAR_F6Fe2_1_x975,4.367,-4.367,-0.0,True
POSCAR_F6Fe2_1_y025,4.368,-4.368,0.0,True
POSCAR_F6Fe2_1_y050,4.368,-4.368,0.0,True
POSCAR_F6Fe2_1_y950,4.366,-4.366,0.0,True
POSCAR_F6Fe2_1_y975,4.367,-4.367,0.0,True
POSCAR_F6Fe2_1_z025,4.368,-4.368,-0.0,True
POSCAR_F6Fe2_1_z050,4.367,-4.367,-0.0,True
POSCAR_F6Fe2_1_z950,4.366,-4.366,0.0,True
POSCAR_F6Fe2_1_z975,4.368,-4.368,-0.0,True
POSCAR_F6Fe2_2,4.368,-4.368,0.0,True
POSCAR_F6Fe2_2_st025,4.364,-4.364,0.0,True
POSCAR_F6Fe2_2_st050,4.357,-4.357,0.0,True
POSCAR_F6Fe2_2_st950,4.369,-4.369,0.0,True
POSCAR_F6Fe2_2_st975,4.37,-4.37,0.0,True
POSCAR_F6Fe2_2_x025,4.367,-4.367,0.0,True
POSCAR_F6Fe2_2_x050,4.365,-4.365,0.0,True
POSCAR_F6Fe2_2_x950,4.368,-4.368,0.001,True
POSCAR_F6Fe2_2_x975,4.369,-4.368,0.0,True
POSCAR_F6Fe2_2_y025,4.367,-4.367,-0.0,True
POSCAR_F6Fe2_2_y050,4.365,-4.365,-0.0,True
POSCAR_F6Fe2_2_y950,4.368,-4.368,-0.0,True
POSCAR_F6Fe2_2_y975,4.368,-4.368,-0.0,True
POSCAR_F6Fe2_2_z025,4.366,-4.366,0.0,True
POSCAR_F6Fe2_2_z050,4.364,-4.364,0.0,True
POSCAR_F6Fe2_2_z950,4.368,-4.368,0.0,True
POSCAR_F6Fe2_2_z975,4.369,-4.369,0.0,True
POSCAR_F6Mn2_1,3.814,-3.813,-0.0,True
POSCAR_F6Mn2_1_st025,3.867,-3.866,-0.0,True
POSCAR_F6Mn2_1_st050,3.926,-3.926,-0.0,True
POSCAR_F6Mn2_1_st950,3.716,-3.716,-0.0,True
POSCAR_F6Mn2_1_st975,3.764,-3.764,-0.0,True
POSCAR_F6Mn2_1_x025,3.827,-3.834,-0.001,True
POSCAR_F6Mn2_1_x050,3.84,-3.855,-0.001,True
POSCAR_F6Mn2_1_x950,3.785,-3.777,0.001,True
POSCAR_F6Mn2_1_x975,3.799,-3.794,0.001,True
POSCAR_F6Mn2_1_y025,3.838,-3.825,0.002,True
POSCAR_F6Mn2_1_y050,3.864,-3.836,0.005,True
POSCAR_F6Mn2_1_y950,3.765,-3.791,-0.006,True
POSCAR_F6Mn2_1_y975,3.789,-3.802,-0.003,True
POSCAR_F6Mn2_1_z025,3.826,-3.834,-0.002,True
POSCAR_F6Mn2_1_z050,3.839,-3.856,-0.004,True
POSCAR_F6Mn2_1_z950,3.789,-3.775,0.004,True
POSCAR_F6Mn2_1_z975,3.801,-3.794,0.002,True
POSCAR_F6Mn2_4,3.819,-3.819,0.0,True
POSCAR_F6Mn2_4_st025,3.873,-3.873,0.0,True
POSCAR_F6Mn2_4_st050,3.935,-3.935,0.0,True
POSCAR_F6Mn2_4_st950,3.72,-3.72,0.0,True
POSCAR_F6Mn2_4_st975,3.769,-3.769,0.0,True
POSCAR_F6Mn2_4_x025,3.838,-3.838,0.0,True
POSCAR_F6Mn2_4_x050,3.858,-3.858,0.0,True
POSCAR_F6Mn2_4_x950,3.784,-3.784,0.0,True
POSCAR_F6Mn2_4_x975,3.801,-3.801,0.0,True
POSCAR_F6Mn2_4_y025,3.836,-3.836,0.0,True
POSCAR_F6Mn2_4_y050,3.853,-3.853,0.0,True
POSCAR_F6Mn2_4_y950,3.786,-3.786,0.0,True
POSCAR_F6Mn2_4_y975,3.802,-3.802,0.0,True
POSCAR_F6Mn2_4_z025,3.836,-3.836,0.0,True
POSCAR_F6Mn2_4_z050,3.853,-3.853,0.0,True
POSCAR_F6Mn2_4_z950,3.786,-3.786,0.0,True
POSCAR_F6Mn2_4_z975,3.802,-3.802,0.0,True
POSCAR_F6Mn2_5,3.824,-3.824,-0.0,True
POSCAR_F6Mn2_5_st025,3.874,-3.874,-0.0,True
POSCAR_F6Mn2_5_st050,3.931,-3.932,-0.0,True
POSCAR_F6Mn2_5_st950,3.736,-3.736,-0.0,True
POSCAR_F6Mn2_5_st975,3.779,-3.779,-0.0,True
POSCAR_F6Mn2_5_x025,3.839,-3.839,-0.0,True
POSCAR_F6Mn2_5_x050,3.853,-3.853,-0.0,True
POSCAR_F6Mn2_5_x950,3.79,-3.791,-0.0,True
POSCAR_F6Mn2_5_x975,3.808,-3.808,-0.0,True
POSCAR_F6Mn2_5_y025,3.838,-3.838,-0.0,True
POSCAR_F6Mn2_5_y050,3.852,-3.852,-0.0,True
POSCAR_F6Mn2_5_y950,3.797,-3.797,-0.0,True
POSCAR_F6Mn2_5_y975,3.811,-3.811,-0.0,True
POSCAR_F6Mn2_5_z025,3.842,-3.843,-0.0,True
POSCAR_F6Mn2_5_z050,3.862,-3.862,-0.0,True
POSCAR_F6Mn2_5_z950,3.789,-3.789,-0.0,True
POSCAR_F6Mn2_5_z975,3.807,-3.807,-0.0,True
POSCAR_F6Mo2_2,2.689,-2.689,-0.0,True
POSCAR_F6Mo2_2_st025,2.708,-2.708,-0.0,True
POSCAR_F6Mo2_2_st050,2.726,-2.726,-0.0,True
POSCAR_F6Mo2_2_st950,2.641,-2.641,-0.0,True
POSCAR_F6Mo2_2_st975,2.667,-2.667,-0.0,True
POSCAR_F6Mo2_2_x025,2.695,-2.695,-0.0,True
POSCAR_F6Mo2_2_x050,2.701,-2.701,-0.001,True
POSCAR_F6Mo2_2_x950,2.674,-2.673,-0.0,True
POSCAR_F6Mo2_2_x975,2.682,-2.681,-0.0,True
POSCAR_F6Mo2_2_y025,2.695,-2.695,-0.0,True
POSCAR_F6Mo2_2_y050,2.701,-2.7,-0.001,True
POSCAR_F6Mo2_2_y950,2.673,-2.672,-0.001,True
POSCAR_F6Mo2_2_y975,2.682,-2.681,-0.0,True
POSCAR_F6Mo2_2_z025,2.695,-2.695,-0.0,True
POSCAR_F6Mo2_2_z050,2.702,-2.702,-0.0,True
POSCAR_F6Mo2_2_z950,2.674,-2.674,0.0,True
POSCAR_F6Mo2_2_z975,2.682,-2.682,0.0,True
POSCAR_F6Mo2_3,2.692,-2.692,0.0,True
POSCAR_F6Mo2_3_st025,2.712,-2.712,0.0,True
POSCAR_F6Mo2_3_st050,2.73,-2.73,-0.0,True
POSCAR_F6Mo2_3_st950,2.644,-2.644,0.0,True
POSCAR_F6Mo2_3_st975,2.67,-2.67,0.0,True
POSCAR_F6Mo2_3_x025,2.698,-2.698,0.0,True
POSCAR_F6Mo2_3_x050,2.704,-2.704,0.0,True
POSCAR_F6Mo2_3_x950,2.678,-2.678,0.0,True
POSCAR_F6Mo2_3_x975,2.685,-2.685,0.0,True
POSCAR_F6Mo2_3_y025,2.698,-2.698,0.0,True
POSCAR_F6Mo2_3_y050,2.704,-2.704,0.0,True
POSCAR_F6Mo2_3_y950,2.678,-2.678,0.0,True
POSCAR_F6Mo2_3_y975,2.685,-2.685,0.0,True
POSCAR_F6Mo2_3_z025,2.699,-2.699,0.0,True
POSCAR_F6Mo2_3_z050,2.707,-2.707,0.0,True
POSCAR_F6Mo2_3_z950,2.676,-2.676,0.0,True
POSCAR_F6Mo2_3_z975,2.684,-2.684,0.0,True
POSCAR_F6Nb2_1,2.108,-2.107,0.001,True
POSCAR_F6Nb2_1_st025,2.068,-2.068,0.001,True
POSCAR_F6Nb2_1_st050,2.055,-2.055,0.0,True
POSCAR_F6Nb2_1_x025,2.091,-2.086,0.005,True
POSCAR_F6Nb2_1_x050,2.081,-2.072,0.008,True
POSCAR_F6Nb2_1_x975,2.108,-2.137,-0.028,False
POSCAR_F6Nb2_1_y025,2.092,-2.094,-0.001,True
POSCAR_F6Nb2_1_y050,2.067,-2.078,-0.01,True
POSCAR_F6Nb2_1_y950,2.212,-2.098,0.114,False
POSCAR_F6Nb2_1_y975,2.124,-2.113,0.011,False
POSCAR_F6Nb2_1_z025,2.084,-2.083,0.001,True
POSCAR_F6Nb2_1_z050,2.069,-2.068,0.002,True
POSCAR_F6Nb2_1_z950,2.133,-2.189,-0.056,False
POSCAR_F6Nb2_1_z975,2.105,-2.126,-0.022,False
POSCAR_F6Pd2_1,0.698,-0.698,-0.0,True
POSCAR_F6Pd2_1_st025,0.722,-0.722,0.0,True
POSCAR_F6Pd2_1_st050,0.752,-0.752,0.0,True
POSCAR_F6Pd2_1_st950,0.662,-0.662,-0.0,True
POSCAR_F6Pd2_1_st975,0.678,-0.678,-0.0,True
POSCAR_F6Pd2_1_x025,0.705,-0.706,0.0,True
POSCAR_F6Pd2_1_x050,0.714,-0.715,0.001,True
POSCAR_F6Pd2_1_x950,0.69,-0.688,-0.0,True
POSCAR_F6Pd2_1_x975,0.693,-0.692,-0.0,True
POSCAR_F6Pd2_1_y025,0.708,-0.711,-0.002,True
POSCAR_F6Pd2_1_y050,0.718,-0.727,-0.004,True
POSCAR_F6Pd2_1_y950,0.675,-0.677,0.001,True
POSCAR_F6Pd2_1_y975,0.686,-0.686,0.001,True
POSCAR_F6Pd2_1_z025,0.703,-0.701,0.001,True
POSCAR_F6Pd2_1_z050,0.711,-0.704,0.002,True
POSCAR_F6Pd2_1_z950,0.689,-0.693,-0.002,True
POSCAR_F6Pd2_1_z975,0.693,-0.695,-0.001,True
POSCAR_F6Pd2_2,0.685,-0.686,-0.0,True
POSCAR_F6Pd2_2_st025,0.709,-0.709,-0.0,True
POSCAR_F6Pd2_2_st050,0.737,-0.737,-0.0,True
POSCAR_F6Pd2_2_st950,0.649,-0.649,0.0,True
POSCAR_F6Pd2_2_st975,0.666,-0.666,-0.0,True
POSCAR_F6Pd2_2_x025,0.691,-0.691,-0.0,True
POSCAR_F6Pd2_2_x050,0.697,-0.697,-0.0,True
POSCAR_F6Pd2_2_x950,0.676,-0.676,-0.0,True
POSCAR_F6Pd2_2_x975,0.681,-0.681,-0.0,True
POSCAR_F6Pd2_2_y025,0.684,-0.684,-0.0,True
POSCAR_F6Pd2_2_y050,0.683,-0.683,-0.0,True
POSCAR_F6Pd2_2_y950,0.689,-0.689,-0.0,True
POSCAR_F6Pd2_2_y975,0.687,-0.687,-0.0,True
POSCAR_F6Pd2_2_z025,0.702,-0.702,-0.0,True
POSCAR_F6Pd2_2_z050,0.717,-0.717,-0.0,True
POSCAR_F6Pd2_2_z950,0.646,-0.646,0.0,True
POSCAR_F6Pd2_2_z975,0.667,-0.667,-0.0,True
POSCAR_F6Ru2_1,4.112,-4.112,-0.0,True
POSCAR_F6Ru2_1_st025,4.147,-4.147,0.0,True
POSCAR_F6Ru2_1_st050,4.17,-4.17,-0.0,True
POSCAR_F6Ru2_1_st950,3.993,-3.993,0.0,True
POSCAR_F6Ru2_1_st975,4.064,-4.064,0.0,True
POSCAR_F6Ru2_1_x025,4.125,-4.125,0.0,True
POSCAR_F6Ru2_1_x050,4.135,-4.134,0.0,True
POSCAR_F6Ru2_1_x950,4.081,-4.079,0.001,True
POSCAR_F6Ru2_1_x975,4.098,-4.097,0.0,True
POSCAR_F6Ru2_1_y025,4.125,-4.125,-0.0,True
POSCAR_F6Ru2_1_y050,4.134,-4.135,-0.0,True
POSCAR_F6Ru2_1_y950,4.079,-4.081,-0.001,True
POSCAR_F6Ru2_1_y975,4.097,-4.098,-0.0,True
POSCAR_F6Ru2_1_z025,4.125,-4.125,0.0,True
POSCAR_F6Ru2_1_z050,4.136,-4.136,0.0,True
POSCAR_F6Ru2_1_z950,4.081,-4.081,-0.0,True
POSCAR_F6Ru2_1_z975,4.098,-4.098,-0.0,True
POSCAR_F6Ru2_2,4.116,-4.116,0.0,True
POSCAR_F6Ru2_2_st025,4.148,-4.148,0.0,True
POSCAR_F6Ru2_2_st050,4.171,-4.171,-0.0,True
POSCAR_F6Ru2_2_st950,4.005,-4.005,0.0,True
POSCAR_F6Ru2_2_st975,4.07,-4.07,0.0,True
POSCAR_F6Ru2_2_x025,4.129,-4.129,0.0,True
POSCAR_F6Ru2_2_x050,4.14,-4.14,0.0,True
POSCAR_F6Ru2_2_x950,4.085,-4.085,0.0,True
POSCAR_F6Ru2_2_x975,4.101,-4.101,0.0,True
POSCAR_F6Ru2_2_y025,4.127,-4.127,0.0,True
POSCAR_F6Ru2_2_y050,4.136,-4.136,0.0,True
POSCAR_F6Ru2_2_y950,4.086,-4.086,0.0,True
POSCAR_F6Ru2_2_y975,4.102,-4.102,0.0,True
POSCAR_F6Ru2_2_z025,4.127,-4.127,0.0,True
POSCAR_F6Ru2_2_z050,4.136,-4.136,0.0,True
POSCAR_F6Ru2_2_z950,4.086,-4.086,0.0,True
POSCAR_F6Ru2_2_z975,4.102,-4.102,0.0,True
POSCAR_F6Ti2_3,0.903,-0.903,0.0,True
POSCAR_F6Ti2_3_st025,0.912,-0.912,0.0,True
POSCAR_F6Ti2_3_st050,0.919,-0.919,0.0,True
POSCAR_F6Ti2_3_st950,0.881,-0.881,0.0,True
POSCAR_F6Ti2_3_st975,0.893,-0.893,0.0,True
POSCAR_F6Ti2_3_x025,0.906,-0.906,0.0,True
POSCAR_F6Ti2_3_x050,0.909,-0.909,0.0,True
POSCAR_F6Ti2_3_x950,0.897,-0.897,0.0,True
POSCAR_F6Ti2_3_x975,0.9,-0.9,0.0,True
POSCAR_F6Ti2_3_y025,0.905,-0.905,0.0,True
POSCAR_F6Ti2_3_y050,0.908,-0.908,0.0,True
POSCAR_F6Ti2_3_y950,0.899,-0.899,0.0,True
POSCAR_F6Ti2_3_y975,0.901,-0.901,0.0,True
POSCAR_F6Ti2_3_z025,0.907,-0.907,0.0,True
POSCAR_F6Ti2_3_z050,0.91,-0.91,0.0,True
POSCAR_F6Ti2_3_z950,0.895,-0.895,0.0,True
POSCAR_F6Ti2_3_z975,0.899,-0.899,0.0,True
POSCAR_F6Ti2_4,0.909,-0.909,-0.0,True
POSCAR_F6Ti2_4_st025,0.916,-0.916,-0.0,True
POSCAR_F6Ti2_4_st050,0.923,-0.923,-0.0,True
POSCAR_F6Ti2_4_st950,0.891,-0.891,-0.0,True
POSCAR_F6Ti2_4_st975,0.901,-0.901,-0.0,True
POSCAR_F6Ti2_4_x025,0.911,-0.912,-0.001,True
POSCAR_F6Ti2_4_x050,0.913,-0.915,-0.002,True
POSCAR_F6Ti2_4_x950,0.903,-0.902,0.002,True
POSCAR_F6Ti2_4_x975,0.906,-0.906,0.001,True
POSCAR_F6Ti2_4_y025,0.912,-0.911,0.001,True
POSCAR_F6Ti2_4_y050,0.915,-0.913,0.002,True
POSCAR_F6Ti2_4_y950,0.902,-0.903,-0.002,True
POSCAR_F6Ti2_4_y975,0.906,-0.906,-0.001,True
POSCAR_F6Ti2_4_z025,0.911,-0.911,-0.0,True
POSCAR_F6Ti2_4_z050,0.913,-0.913,-0.0,True
POSCAR_F6Ti2_4_z950,0.904,-0.904,-0.0,True
POSCAR_F6Ti2_4_z975,0.907,-0.907,-0.0,True
POSCAR_F6Ti2_6,0.904,-0.904,-0.0,True
POSCAR_F6Ti2_6_st950,0.881,-0.881,-0.0,True
POSCAR_F6Ti2_6_st975,0.894,-0.894,-0.0,True
POSCAR_F6Ti2_6_x025,0.906,-0.906,-0.001,True
POSCAR_F6Ti2_6_x050,0.908,-0.908,-0.001,True
POSCAR_F6Ti2_6_x950,0.899,-0.899,0.001,True
POSCAR_F6Ti2_6_x975,0.901,-0.901,0.0,True
POSCAR_F6Ti2_6_y025,0.905,-0.906,-0.001,True
POSCAR_F6Ti2_6_y050,0.905,-0.908,-0.001,True
POSCAR_F6Ti2_6_y950,0.9,-0.9,0.001,True
POSCAR_F6Ti2_6_y975,0.902,-0.902,0.0,True
POSCAR_F6Ti2_6_z025,0.908,-0.908,0.001,True
POSCAR_F6Ti2_6_z050,0.911,-0.911,0.001,True
POSCAR_F6Ti2_6_z950,0.887,-0.886,-0.001,True
POSCAR_F6Ti2_6_z975,0.897,-0.897,-0.001,True
POSCAR_F6V2_1,1.895,-1.895,-0.0,True
POSCAR_F6V2_1_st025,1.907,-1.907,-0.0,True
POSCAR_F6V2_1_st050,1.919,-1.919,-0.0,True
POSCAR_F6V2_1_st975,1.881,-1.881,-0.0,True
POSCAR_F6V2_1_x050,1.905,-1.909,0.002,True
POSCAR_F6V2_1_x950,1.892,-1.891,0.0,True
POSCAR_F6V2_1_y025,1.898,-1.9,0.0,True
POSCAR_F6V2_1_y050,1.903,-1.904,0.0,True
POSCAR_F6V2_1_y950,1.885,-1.887,-0.0,True
POSCAR_F6V2_1_y975,1.891,-1.89,0.0,True
POSCAR_F6V2_1_z025,1.899,-1.899,-0.0,True
POSCAR_F6V2_1_z050,1.904,-1.904,-0.0,True
POSCAR_F6V2_1_z950,1.892,-1.892,-0.0,True
POSCAR_F6V2_1_z975,1.895,-1.895,-0.0,True
POSCAR_F6V2_2,1.898,-1.898,0.0,True
POSCAR_F6V2_2_st025,1.911,-1.911,0.0,True
POSCAR_F6V2_2_st050,1.923,-1.923,0.0,True
POSCAR_F6V2_2_st950,1.869,-1.869,0.0,True
POSCAR_F6V2_2_st975,1.884,-1.884,0.0,True
POSCAR_F6V2_2_x025,1.903,-1.903,0.0,True
POSCAR_F6V2_2_x050,1.908,-1.908,0.0,True
POSCAR_F6V2_2_x950,1.888,-1.888,0.0,True
POSCAR_F6V2_2_x975,1.893,-1.893,0.0,True
POSCAR_F6V2_2_y025,1.902,-1.902,0.0,True
POSCAR_F6V2_2_y950,1.895,-1.894,-0.0,True
POSCAR_F6V2_2_y975,1.894,-1.894,0.0,True
POSCAR_F6V2_2_z025,1.902,-1.902,0.0,True
POSCAR_F6V2_2_z975,1.894,-1.894,0.0,True
POSCAR_F6Zr2_2,0.75,-0.75,-0.0,True
POSCAR_F6Zr2_2_st025,0.765,-0.765,-0.0,True
POSCAR_F6Zr2_2_st050,0.778,-0.777,-0.0,True
POSCAR_F6Zr2_2_st950,0.707,-0.707,-0.0,True
POSCAR_F6Zr2_2_st975,0.731,-0.731,-0.0,True
POSCAR_F6Zr2_2_x025,0.761,-0.752,0.009,True
POSCAR_F6Zr2_2_x050,0.771,-0.753,0.018,False
POSCAR_F6Zr2_2_x950,0.724,-0.744,-0.02,False
POSCAR_F6Zr2_2_x975,0.738,-0.747,-0.01,True
POSCAR_F6Zr2_2_y025,0.752,-0.761,-0.009,True
POSCAR_F6Zr2_2_y050,0.753,-0.771,-0.018,False
POSCAR_F6Zr2_2_y950,0.744,-0.725,0.02,False
POSCAR_F6Zr2_2_y975,0.748,-0.738,0.009,True
POSCAR_F6Zr2_2_z025,0.753,-0.753,-0.0,True
POSCAR_F6Zr2_2_z050,0.756,-0.756,-0.0,True
POSCAR_F6Zr2_2_z950,0.743,-0.743,0.0,True
POSCAR_F6Zr2_2_z975,0.747,-0.747,0.0,True
POSCAR_F6Zr2_4,0.803,-0.803,-0.0,True
POSCAR_F6Zr2_4_st025,0.807,-0.807,-0.0,True
POSCAR_F6Zr2_4_st050,0.811,-0.811,-0.0,True
POSCAR_F6Zr2_4_st950,0.794,-0.795,-0.0,True
POSCAR_F6Zr2_4_st975,0.799,-0.799,-0.0,True
POSCAR_F6Zr2_4_x025,0.805,-0.805,-0.0,True
POSCAR_F6Zr2_4_x050,0.806,-0.806,-0.0,True
POSCAR_F6Zr2_4_x950,0.798,-0.798,-0.0,True
POSCAR_F6Zr2_4_x975,0.801,-0.801,-0.0,True
POSCAR_F6Zr2_4_y025,0.803,-0.803,-0.0,True
POSCAR_F6Zr2_4_y050,0.804,-0.804,-0.0,True
POSCAR_F6Zr2_4_y950,0.802,-0.803,-0.0,True
POSCAR_F6Zr2_4_y975,0.803,-0.803,-0.0,True
POSCAR_F6Zr2_4_z025,0.805,-0.805,-0.0,True
POSCAR_F6Zr2_4_z050,0.807,-0.807,-0.0,True
POSCAR_F6Zr2_4_z950,0.798,-0.798,-0.0,True
POSCAR_F6Zr2_4_z975,0.801,-0.801,-0.0,True
POSCAR_F8Mn2_1,2.97,-2.97,0.0,True
POSCAR_F8Mn2_1_st025,3.09,-3.09,0.0,True
POSCAR_F8Mn2_1_st050,3.237,-3.237,0.0,True
POSCAR_F8Mn2_1_st950,2.789,-2.789,0.0,True
POSCAR_F8Mn2_1_st975,2.872,-2.872,0.0,True
POSCAR_F8Mn2_1_x025,3.014,-3.005,0.002,True
POSCAR_F8Mn2_1_x050,3.063,-3.046,0.003,True
POSCAR_F8Mn2_1_x950,2.893,-2.912,-0.004,True
POSCAR_F8Mn2_1_x975,2.93,-2.939,-0.002,True
POSCAR_F8Mn2_1_y025,3.006,-3.014,-0.001,True
POSCAR_F8Mn2_1_y050,3.046,-3.063,-0.003,True
POSCAR_F8Mn2_1_y950,2.911,-2.893,0.004,True
POSCAR_F8Mn2_1_y975,2.939,-2.93,0.002,True
POSCAR_F8Mn2_1_z025,3.006,-3.006,-0.0,True
POSCAR_F8Mn2_1_z050,3.045,-3.045,-0.0,True
POSCAR_F8Mn2_1_z950,2.91,-2.91,0.0,True
POSCAR_F8Mn2_1_z975,2.938,-2.938,0.0,True
POSCAR_F8Nb2_3,1.015,-1.016,-0.0,True
POSCAR_F8Nb2_3_st025,1.01,-1.01,-0.0,True
POSCAR_F8Nb2_3_st050,1.009,-1.01,-0.0,True
POSCAR_F8Nb2_3_st950,1.09,-1.09,-0.0,True
POSCAR_F8Nb2_3_st975,1.029,-1.029,-0.0,True
POSCAR_F8Nb2_3_x025,1.012,-1.014,-0.002,True
POSCAR_F8Nb2_3_x050,1.01,-1.012,-0.003,True
POSCAR_F8Nb2_3_x950,1.023,-1.021,0.004,True
POSCAR_F8Nb2_3_x975,1.019,-1.018,0.002,True
POSCAR_F8Nb2_3_y025,1.014,-1.013,0.002,True
POSCAR_F8Nb2_3_y050,1.012,-1.01,0.003,True
POSCAR_F8Nb2_3_y950,1.021,-1.023,-0.004,True
POSCAR_F8Nb2_3_y975,1.018,-1.019,-0.002,True
POSCAR_F8Nb2_3_z025,1.013,-1.014,-0.0,True
POSCAR_F8Nb2_3_z050,1.011,-1.012,-0.0,True
POSCAR_F8Nb2_3_z950,1.024,-1.024,-0.0,True
POSCAR_F8Nb2_3_z975,1.019,-1.019,-0.0,True
POSCAR_F8Ni2_1,2.296,-2.296,-0.0,True
POSCAR_F8Ni2_1_st025,2.265,-2.265,-0.0,True
POSCAR_F8Ni2_1_st050,2.231,-2.231,-0.0,True
POSCAR_F8Ni2_1_st950,2.362,-2.362,-0.0,True
POSCAR_F8Ni2_1_st975,2.327,-2.327,-0.0,True
POSCAR_F8Ni2_1_x025,2.283,-2.286,-0.003,True
POSCAR_F8Ni2_1_x050,2.269,-2.275,-0.004,True
POSCAR_F8Ni2_1_x950,2.326,-2.315,0.009,True
POSCAR_F8Ni2_1_x975,2.31,-2.306,0.004,True
POSCAR_F8Ni2_1_y025,2.286,-2.283,0.002,True
POSCAR_F8Ni2_1_y050,2.275,-2.269,0.004,True
POSCAR_F8Ni2_1_y950,2.315,-2.326,-0.009,True
POSCAR_F8Ni2_1_y975,2.306,-2.31,-0.004,True
POSCAR_F8Ni2_1_z025,2.289,-2.289,-0.0,True
POSCAR_F8Ni2_1_z050,2.282,-2.282,-0.0,True
POSCAR_F8Ni2_1_z950,2.31,-2.31,-0.0,True
POSCAR_F8Ni2_1_z975,2.303,-2.303,-0.0,True
POSCAR_F8V2_1,1.007,-1.007,0.0,True
POSCAR_F8V2_1_st025,1.032,-1.032,0.0,True
POSCAR_F8V2_1_st050,1.061,-1.062,0.0,True
POSCAR_F8V2_1_st950,0.965,-0.965,0.0,True
POSCAR_F8V2_1_st975,0.985,-0.985,0.0,True
POSCAR_F8V2_1_x025,1.016,-1.018,-0.0,True
POSCAR_F8V2_1_x050,1.025,-1.029,-0.001,True
POSCAR_F8V2_1_x950,0.991,-0.988,0.001,True
POSCAR_F8V2_1_x975,0.999,-0.997,0.0,True
POSCAR_F8V2_1_y025,1.015,-1.014,0.0,True
POSCAR_F8V2_1_y050,1.023,-1.021,0.001,True
POSCAR_F8V2_1_y950,0.991,-0.996,-0.001,True
POSCAR_F8V2_1_y975,0.999,-1.001,-0.0,True
POSCAR_F8V2_1_z025,1.014,-1.014,0.0,True
POSCAR_F8V2_1_z050,1.021,-1.021,0.0,True
POSCAR_F8V2_1_z950,0.994,-0.994,0.0,True
POSCAR_F8V2_1_z975,1.0,-1.001,0.0,True
POSCAR_Fe2Ga5_1,2.949,-2.95,-0.002,True
POSCAR_Fe2Ga5_1_st975,2.818,-2.822,-0.004,True
POSCAR_Fe2Ga5_1_x025,2.971,-2.973,-0.004,True
POSCAR_Fe2Ga5_1_x050,2.945,-2.946,-0.001,True
POSCAR_Fe2Ga5_1_x950,2.895,-2.896,-0.002,True
POSCAR_Fe2Ga5_1_x975,2.923,-2.924,-0.001,True
POSCAR_Fe2Ga5_1_y025,2.95,-2.953,-0.004,True
POSCAR_Fe2Ga5_1_y050,2.96,-2.961,-0.001,True
POSCAR_Fe2Ga5_1_y950,2.922,-2.924,-0.003,True
POSCAR_Fe2Ga5_1_y975,2.935,-2.936,-0.001,True
POSCAR_Fe2Ga5_1_z025,2.995,-2.996,-0.002,True
POSCAR_Fe2Ga5_1_z050,3.034,-3.034,-0.001,True
POSCAR_Fe2Ga5_1_z950,2.811,-2.812,-0.001,True
POSCAR_Fe2Ga5_1_z975,2.866,-2.868,-0.003,True
POSCAR_Fe2Ge1_1,2.943,-2.944,-0.001,True
POSCAR_Fe2Ge1_1_st025,3.0,-3.0,0.0,True
POSCAR_Fe2Ge1_1_st050,3.05,-3.05,0.0,True
POSCAR_Fe2Ge1_1_st950,2.806,-2.806,0.0,True
POSCAR_Fe2Ge1_1_st975,2.878,-2.878,-0.001,True
POSCAR_Fe2Ge1_1_x025,2.965,-2.965,0.001,True
POSCAR_Fe2Ge1_1_x050,2.985,-2.985,0.0,True
POSCAR_Fe2Ge1_1_x950,2.894,-2.893,0.001,True
POSCAR_Fe2Ge1_1_x975,2.917,-2.917,0.0,True
POSCAR_Fe2Ge1_1_y025,2.963,-2.963,-0.0,True
POSCAR_Fe2Ge1_1_y050,2.985,-2.985,0.0,True
POSCAR_Fe2Ge1_1_y950,2.893,-2.893,-0.0,True
POSCAR_Fe2Ge1_1_y975,2.917,-2.918,-0.001,True
POSCAR_Fe2Ge1_1_z025,2.958,-2.958,0.0,True
POSCAR_Fe2Ge1_1_z050,2.974,-2.974,0.0,True
POSCAR_Fe2Ge1_1_z950,2.914,-2.916,-0.002,True
POSCAR_Fe2Ge1_1_z975,2.929,-2.929,-0.0,True
POSCAR_Fe2Ge1_2,3.032,-3.031,0.001,True
POSCAR_Fe2Ge1_2_st025,3.082,-3.08,0.001,True
POSCAR_Fe2Ge1_2_st050,3.121,-3.121,0.0,True
POSCAR_Fe2Ge1_2_x025,3.05,-3.045,0.006,True
POSCAR_Fe2Ge1_2_x050,3.064,-3.061,0.003,True
POSCAR_Fe2Ge1_2_x950,2.985,-2.985,-0.001,True
POSCAR_Fe2Ge1_2_x975,3.012,-3.01,0.002,True
POSCAR_Fe2Ge1_2_y025,3.051,-3.05,0.001,True
POSCAR_Fe2Ge1_2_y050,3.071,-3.065,0.006,True
POSCAR_Fe2Ge1_2_y950,2.99,-2.988,0.001,True
POSCAR_Fe2Ge1_2_y975,3.011,-3.011,-0.0,True
POSCAR_Fe2Ge1_2_z025,3.049,-3.047,0.002,True
POSCAR_Fe2Ge1_2_z050,3.063,-3.062,0.0,True
POSCAR_Fe2Ge1_2_z950,3.073,-3.056,0.018,False
POSCAR_Fe2Ge1_2_z975,3.098,-3.094,0.005,True
POSCAR_Fe2Ge2_1,3.1,-3.1,-0.0,True
POSCAR_Fe2Ge2_1_st025,3.172,-3.173,-0.0,True
POSCAR_Fe2Ge2_1_st050,3.225,-3.225,-0.0,True
POSCAR_Fe2Ge2_1_st950,2.882,-2.882,0.0,True
POSCAR_Fe2Ge2_1_st975,3.008,-3.008,-0.0,True
POSCAR_Fe2Ge2_1_x025,3.128,-3.128,-0.0,True
POSCAR_Fe2Ge2_1_x050,3.15,-3.15,-0.0,True
POSCAR_Fe2Ge2_1_x950,3.041,-3.041,-0.0,True
POSCAR_Fe2Ge2_1_x975,3.077,-3.077,-0.0,True
POSCAR_Fe2Ge2_1_y025,3.128,-3.128,-0.0,True
POSCAR_Fe2Ge2_1_y050,3.15,-3.15,-0.0,True
POSCAR_Fe2Ge2_1_y950,3.041,-3.041,-0.0,True
POSCAR_Fe2Ge2_1_y975,3.077,-3.077,-0.0,True
POSCAR_Fe2Ge2_1_z025,3.132,-3.132,-0.0,True
POSCAR_Fe2Ge2_1_z050,3.154,-3.154,-0.0,True
POSCAR_Fe2Ge2_1_z950,3.033,-3.033,-0.0,True
POSCAR_Fe2Ge2_1_z975,3.07,-3.07,-0.0,True
POSCAR_Fe2Ge4_2,3.073,-3.076,-0.004,True
POSCAR_Fe2Ge4_2_st025,3.231,-3.23,0.001,True
POSCAR_Fe2Ge4_2_x950,2.874,-2.874,0.0,True
POSCAR_Fe2Ge4_2_x975,3.018,-3.017,0.001,True
POSCAR_Fe2Ge4_2_y950,2.877,-2.872,0.007,True
POSCAR_Fe2Ge4_2_y975,3.018,-3.018,0.001,True
POSCAR_Fe2Ge4_2_z025,3.104,-3.104,0.0,True
POSCAR_Fe2Ge4_2_z050,3.174,-3.178,-0.006,True
POSCAR_Fe2Ge4_2_z950,2.937,-2.937,0.0,True
POSCAR_Fe2Ge4_2_z975,2.99,-3.002,-0.084,False
POSCAR_Fe2I4_1,3.643,-3.644,-0.0,True
POSCAR_Fe2I4_1_st025,3.676,-3.677,-0.0,True
POSCAR_Fe2I4_1_st050,3.703,-3.703,-0.0,True
POSCAR_Fe2I4_1_st950,3.546,-3.546,-0.0,True
POSCAR_Fe2I4_1_st975,3.601,-3.601,-0.0,True
POSCAR_Fe2I4_1_x025,3.656,-3.656,-0.0,True
POSCAR_Fe2I4_1_x050,3.667,-3.667,-0.0,True
POSCAR_Fe2I4_1_x950,3.614,-3.615,-0.0,True
POSCAR_Fe2I4_1_x975,3.629,-3.63,-0.0,True
POSCAR_Fe2I4_1_y025,3.656,-3.656,-0.0,True
POSCAR_Fe2I4_1_y050,3.667,-3.668,-0.0,True
POSCAR_Fe2I4_1_y950,3.614,-3.614,-0.0,True
POSCAR_Fe2I4_1_y975,3.629,-3.63,-0.0,True
POSCAR_Fe2I4_1_z025,3.654,-3.654,-0.0,True
POSCAR_Fe2I4_1_z050,3.663,-3.663,-0.0,True
POSCAR_Fe2I4_1_z950,3.619,-3.619,-0.0,True
POSCAR_Fe2I4_1_z975,3.632,-3.632,-0.0,True
POSCAR_Fe2N2_1,3.907,-3.907,-0.0,True
POSCAR_Fe2N2_1_st025,3.957,-3.957,0.0,True
POSCAR_Fe2N2_1_st050,3.992,-3.992,0.0,True
POSCAR_Fe2N2_1_st950,3.73,-3.73,-0.0,True
POSCAR_Fe2N2_1_st975,3.834,-3.834,0.0,True
POSCAR_Fe2N2_1_x025,3.916,-3.916,-0.0,True
POSCAR_Fe2N2_1_x050,3.921,-3.921,-0.0,True
POSCAR_Fe2N2_1_x950,3.874,-3.874,0.0,True
POSCAR_Fe2N2_1_x975,3.893,-3.893,0.0,True
POSCAR_Fe2N2_1_y025,3.916,-3.916,0.0,True
POSCAR_Fe2N2_1_y050,3.921,-3.921,0.0,True
POSCAR_Fe2N2_1_y950,3.874,-3.874,-0.0,True
POSCAR_Fe2N2_1_y975,3.893,-3.893,0.0,True
POSCAR_Fe2N2_1_z025,3.941,-3.942,0.0,True
POSCAR_Fe2N2_1_z050,3.971,-3.971,-0.0,True
POSCAR_Fe2N2_1_z950,3.817,-3.817,0.0,True
POSCAR_Fe2N2_1_z975,3.865,-3.865,0.0,True
POSCAR_Fe2O2_8,3.672,-3.672,-0.0,True
POSCAR_Fe2O2_8_st025,3.694,-3.694,-0.0,True
POSCAR_Fe2O2_8_st050,3.712,-3.712,-0.0,True
POSCAR_Fe2O2_8_st950,3.612,-3.612,0.0,True
POSCAR_Fe2O2_8_st975,3.645,-3.645,-0.0,True
POSCAR_Fe2O2_8_x025,3.683,-3.678,0.001,True
POSCAR_Fe2O2_8_x050,3.693,-3.682,0.002,True
POSCAR_Fe2O2_8_x950,3.646,-3.656,-0.003,True
POSCAR_Fe2O2_8_x975,3.659,-3.665,-0.001,True
POSCAR_Fe2O2_8_y025,3.678,-3.683,-0.001,True
POSCAR_Fe2O2_8_y050,3.682,-3.693,-0.002,True
POSCAR_Fe2O2_8_y950,3.656,-3.646,0.003,True
POSCAR_Fe2O2_8_y975,3.665,-3.66,0.001,True
POSCAR_Fe2O2_8_z025,3.678,-3.678,-0.0,True
POSCAR_Fe2O2_8_z050,3.683,-3.683,0.0,True
POSCAR_Fe2O2_8_z950,3.658,-3.658,0.0,True
POSCAR_Fe2O2_8_z975,3.666,-3.666,0.0,True
POSCAR_Fe2P2_1,2.99,-2.989,0.002,True
POSCAR_Fe2P2_1_st025,3.24,-3.24,0.0,True
POSCAR_Fe2P2_1_st050,3.413,-3.413,0.0,True
POSCAR_Fe2P2_1_st950,2.351,-2.35,0.0,True
POSCAR_Fe2P2_1_x025,3.088,-3.085,0.003,True
POSCAR_Fe2P2_1_x050,3.163,-3.16,0.004,True
POSCAR_Fe2P2_1_x950,2.763,-2.741,0.025,False
POSCAR_Fe2P2_1_x975,2.891,-2.888,0.004,True
POSCAR_Fe2P2_1_y025,3.088,-3.085,0.003,True
POSCAR_Fe2P2_1_y050,3.163,-3.16,0.005,True
POSCAR_Fe2P2_1_y950,2.77,-2.733,0.045,False
POSCAR_Fe2P2_1_y975,2.889,-2.893,-0.005,True
POSCAR_Fe2P2_1_z025,3.091,-3.09,0.001,True
POSCAR_Fe2P2_1_z050,3.171,-3.17,0.002,True
POSCAR_Fe2P2_1_z950,2.793,-2.784,0.011,False
POSCAR_Fe2P2_1_z975,2.901,-2.893,0.01,True
POSCAR_Fe2P2_3,2.961,-2.96,0.0,True
POSCAR_Fe2P2_3_st025,3.071,-3.071,0.0,True
POSCAR_Fe2P2_3_st050,3.162,-3.162,-0.0,True
POSCAR_Fe2P2_3_st950,2.599,-2.6,-0.0,True
POSCAR_Fe2P2_3_st975,2.814,-2.814,0.0,True
POSCAR_Fe2P2_3_x025,2.999,-2.999,0.001,True
POSCAR_Fe2P2_3_x050,3.035,-3.035,0.0,True
POSCAR_Fe2P2_3_x950,2.881,-2.881,0.0,True
POSCAR_Fe2P2_3_x975,2.922,-2.922,-0.0,True
POSCAR_Fe2P2_3_y025,2.999,-2.999,-0.0,True
POSCAR_Fe2P2_3_y050,3.035,-3.035,0.0,True
POSCAR_Fe2P2_3_y950,2.882,-2.881,0.0,True
POSCAR_Fe2P2_3_y975,2.922,-2.921,0.001,True
POSCAR_Fe2P2_3_z025,3.004,-3.004,0.0,True
POSCAR_Fe2P2_3_z050,3.042,-3.041,0.0,True
POSCAR_Fe2P2_3_z950,2.852,-2.851,0.0,True
POSCAR_Fe2P2_3_z975,2.91,-2.91,0.0,True
POSCAR_Fe2P4_1,1.958,-1.958,0.0,True
POSCAR_Fe2P4_1_st025,2.291,-2.292,-0.001,True
POSCAR_Fe2P4_1_x025,2.052,-2.056,-0.006,True
POSCAR_Fe2P4_1_x050,2.15,-2.159,-0.011,False
POSCAR_Fe2P4_1_x950,1.726,-1.749,-0.024,False
POSCAR_Fe2P4_1_x975,1.852,-1.859,-0.007,True
POSCAR_Fe2P4_1_y025,2.071,-2.074,-0.003,True
POSCAR_Fe2P4_1_y050,2.195,-2.201,-0.008,True
POSCAR_Fe2P4_1_y950,1.733,-1.748,-0.016,False
POSCAR_Fe2P4_1_y975,1.836,-1.839,-0.004,True
POSCAR_Fe2P4_1_z025,2.102,-2.102,-0.001,True
POSCAR_Fe2P4_1_z050,2.236,-2.233,0.004,True
POSCAR_Fe2P4_1_z950,1.721,-1.728,-0.006,True
POSCAR_Fe2P4_1_z975,1.826,-1.84,-0.015,False
POSCAR_Fe2P5_1,2.07,-2.065,0.004,True
POSCAR_Fe2P5_1_st025,2.328,-2.322,0.002,True
POSCAR_Fe2P5_1_st975,1.775,-1.77,0.002,True
POSCAR_Fe2P5_1_x025,2.162,-2.153,0.008,True
POSCAR_Fe2P5_1_x050,2.244,-2.233,0.014,False
POSCAR_Fe2P5_1_x950,1.885,-1.863,0.026,False
POSCAR_Fe2P5_1_x975,1.964,-1.975,-0.019,False
POSCAR_Fe2P5_1_y025,2.174,-2.176,-0.009,True
POSCAR_Fe2P5_1_y050,2.274,-2.295,-0.036,False
POSCAR_Fe2P5_1_y950,1.883,-1.839,0.066,False
POSCAR_Fe2P5_1_y975,1.972,-1.953,0.024,False
POSCAR_Fe2P5_1_z025,2.138,-2.141,-0.006,True
POSCAR_Fe2P5_1_z050,2.221,-2.203,0.029,False
POSCAR_Fe2P5_1_z950,1.87,-1.913,-0.062,False
POSCAR_Fe2P5_1_z975,1.98,-1.99,-0.017,False
POSCAR_Fe2P6_2,1.738,-1.74,-0.001,True
POSCAR_Fe2P6_2_st025,2.003,-2.005,-0.001,True
POSCAR_Fe2P6_2_st950,1.323,-1.324,-0.001,True
POSCAR_Fe2P6_2_st975,1.501,-1.503,-0.001,True
POSCAR_Fe2P6_2_x025,1.836,-1.826,0.006,True
POSCAR_Fe2P6_2_x050,1.948,-1.923,0.014,False
POSCAR_Fe2P6_2_x950,1.57,-1.604,-0.017,False
POSCAR_Fe2P6_2_x975,1.651,-1.665,-0.007,True
POSCAR_Fe2P6_2_y025,1.827,-1.842,-0.008,True
POSCAR_Fe2P6_2_y050,1.92,-1.952,-0.016,False
POSCAR_Fe2P6_2_y950,1.585,-1.572,0.007,True
POSCAR_Fe2P6_2_y975,1.657,-1.649,0.004,True
POSCAR_Fe2P6_2_z025,1.825,-1.828,-0.002,True
POSCAR_Fe2P6_2_z050,1.926,-1.926,0.003,True
POSCAR_Fe2P6_2_z950,1.591,-1.592,0.0,True
POSCAR_Fe2P6_2_z975,1.661,-1.662,-0.0,True
POSCAR_Fe2P8_1,3.284,-3.282,0.003,True
POSCAR_Fe2P8_1_st025,3.403,-3.402,0.001,True
POSCAR_Fe2P8_1_st050,3.479,-3.479,0.0,True
POSCAR_Fe2P8_1_st975,3.013,-3.016,-0.004,True
POSCAR_Fe2P8_1_x025,3.327,-3.327,0.0,True
POSCAR_Fe2P8_1_x050,3.363,-3.362,0.001,True
POSCAR_Fe2P8_1_x950,3.14,-3.14,0.001,True
POSCAR_Fe2P8_1_x975,3.228,-3.23,-0.003,True
POSCAR_Fe2P8_1_y025,3.323,-3.322,0.003,True
POSCAR_Fe2P8_1_y050,3.356,-3.356,0.001,True
POSCAR_Fe2P8_1_y950,3.188,-3.191,-0.004,True
POSCAR_Fe2P8_1_y975,3.239,-3.24,-0.001,True
POSCAR_Fe2P8_1_z025,3.339,-3.338,0.002,True
POSCAR_Fe2P8_1_z050,3.38,-3.38,0.001,True
POSCAR_Fe2P8_1_z950,3.125,-3.126,-0.001,True
POSCAR_Fe2P8_1_z975,3.213,-3.211,0.004,True
POSCAR_Fe2Pb2_1,3.096,-3.097,-0.0,True
POSCAR_Fe2Pb2_1_st025,3.139,-3.139,0.002,True
POSCAR_Fe2Pb2_1_st050,3.174,-3.175,0.0,True
POSCAR_Fe2Pb2_1_st950,2.986,-2.988,-0.003,True
POSCAR_Fe2Pb2_1_x025,3.11,-3.111,-0.0,True
POSCAR_Fe2Pb2_1_x050,3.124,-3.126,-0.002,True
POSCAR_Fe2Pb2_1_x950,3.064,-3.064,0.001,True
POSCAR_Fe2Pb2_1_x975,3.078,-3.081,-0.004,True
POSCAR_Fe2Pb2_1_y025,3.113,-3.114,-0.001,True
POSCAR_Fe2Pb2_1_y050,3.128,-3.131,-0.002,True
POSCAR_Fe2Pb2_1_y950,3.053,-3.054,-0.001,True
POSCAR_Fe2Pb2_1_y975,3.074,-3.075,-0.001,True
POSCAR_Fe2Pb2_1_z025,3.104,-3.105,-0.0,True
POSCAR_Fe2Pb2_1_z050,3.112,-3.112,0.0,True
POSCAR_Fe2Pb2_1_z950,3.077,-3.077,-0.0,True
POSCAR_Fe2Pb2_1_z975,3.084,-3.085,-0.0,True
POSCAR_Fe2Pb4_2,3.008,-3.009,-0.003,True
POSCAR_Fe2Pb4_2_st025,3.047,-3.046,0.002,True
POSCAR_Fe2Pb4_2_st050,3.081,-3.079,0.002,True
POSCAR_Fe2Pb4_2_st950,2.906,-2.907,-0.003,True
POSCAR_Fe2Pb4_2_st975,2.96,-2.962,-0.003,True
POSCAR_Fe2Pb4_2_x025,3.022,-3.022,-0.0,True
POSCAR_Fe2Pb4_2_x050,3.038,-3.038,-0.001,True
POSCAR_Fe2Pb4_2_x950,2.972,-2.975,-0.004,True
POSCAR_Fe2Pb4_2_x975,2.992,-2.991,0.0,True
POSCAR_Fe2Pb4_2_y025,3.025,-3.025,0.0,True
POSCAR_Fe2Pb4_2_y050,3.042,-3.041,0.002,True
POSCAR_Fe2Pb4_2_y950,2.967,-2.967,-0.001,True
POSCAR_Fe2Pb4_2_y975,2.986,-2.987,-0.003,True
POSCAR_Fe2Pb4_2_z025,3.375,-3.376,-0.001,True
POSCAR_Fe2Pb4_2_z050,3.41,-3.411,-0.002,True
POSCAR_Fe2Pb4_2_z950,2.987,-2.986,0.002,True
POSCAR_Fe2Pb4_2_z975,2.998,-2.997,0.002,True
POSCAR_Fe2S4_1,3.576,-3.576,-0.0,True
POSCAR_Fe2S4_1_st025,3.622,-3.622,-0.0,True
POSCAR_Fe2S4_1_st050,3.656,-3.656,-0.0,True
POSCAR_Fe2S4_1_st950,3.43,-3.43,-0.0,True
POSCAR_Fe2S4_1_st975,3.515,-3.515,-0.0,True
POSCAR_Fe2S4_1_x025,3.591,-3.591,-0.0,True
POSCAR_Fe2S4_1_x050,3.604,-3.604,-0.0,True
POSCAR_Fe2S4_1_x950,3.538,-3.538,-0.0,True
POSCAR_Fe2S4_1_x975,3.559,-3.559,-0.0,True
POSCAR_Fe2S4_1_y025,3.591,-3.591,-0.0,True
POSCAR_Fe2S4_1_y050,3.604,-3.604,-0.0,True
POSCAR_Fe2S4_1_y950,3.54,-3.54,-0.0,True
POSCAR_Fe2S4_1_y975,3.559,-3.559,-0.0,True
POSCAR_Fe2S4_1_z025,3.595,-3.595,-0.0,True
POSCAR_Fe2S4_1_z050,3.611,-3.611,-0.0,True
POSCAR_Fe2S4_1_z950,3.526,-3.526,-0.0,True
POSCAR_Fe2S4_1_z975,3.553,-3.553,-0.0,True
POSCAR_Fe2Se2_1,3.57,-3.57,-0.0,True
POSCAR_Fe2Se2_1_st025,3.609,-3.609,-0.0,True
POSCAR_Fe2Se2_1_st050,3.64,-3.64,-0.0,True
POSCAR_Fe2Se2_1_st950,3.457,-3.457,-0.0,True
POSCAR_Fe2Se2_1_st975,3.52,-3.52,-0.0,True
POSCAR_Fe2Se2_1_x025,3.584,-3.584,-0.0,True
POSCAR_Fe2Se2_1_x950,3.529,-3.529,-0.0,True
POSCAR_Fe2Se2_1_x975,3.555,-3.555,-0.0,True
POSCAR_Fe2Se2_1_y025,3.584,-3.584,-0.0,True
POSCAR_Fe2Se2_1_y050,3.591,-3.591,-0.0,True
POSCAR_Fe2Se2_1_y950,3.527,-3.527,-0.0,True
POSCAR_Fe2Se2_1_y975,3.554,-3.555,-0.0,True
POSCAR_Fe2Se2_1_z025,3.584,-3.584,-0.0,True
POSCAR_Fe2Se2_1_z050,3.597,-3.597,-0.0,True
POSCAR_Fe2Se2_1_z950,3.535,-3.535,-0.0,True
POSCAR_Fe2Se2_1_z975,3.554,-3.554,-0.0,True
POSCAR_Fe2Se4_1,3.567,-3.567,0.0,True
POSCAR_Fe2Se4_1_st025,3.611,-3.611,0.0,True
POSCAR_Fe2Se4_1_st050,3.645,-3.645,0.0,True
POSCAR_Fe2Se4_1_st950,3.432,-3.432,0.0,True
POSCAR_Fe2Se4_1_st975,3.51,-3.51,0.0,True
POSCAR_Fe2Se4_1_x025,3.582,-3.582,0.0,True
POSCAR_Fe2Se4_1_x050,3.596,-3.595,0.0,True
POSCAR_Fe2Se4_1_x950,3.526,-3.526,0.0,True
POSCAR_Fe2Se4_1_x975,3.549,-3.549,0.0,True
POSCAR_Fe2Se4_1_y025,3.58,-3.58,0.0,True
POSCAR_Fe2Se4_1_y050,3.592,-3.592,0.0,True
POSCAR_Fe2Se4_1_y950,3.534,-3.534,0.0,True
POSCAR_Fe2Se4_1_y975,3.552,-3.551,0.0,True
POSCAR_Fe2Se4_1_z025,3.584,-3.584,0.0,True
POSCAR_Fe2Se4_1_z050,3.598,-3.598,0.0,True
POSCAR_Fe2Se4_1_z950,3.522,-3.522,0.0,True
POSCAR_Fe2Se4_1_z975,3.547,-3.546,0.0,True
POSCAR_Fe2Se8_1,3.74,-3.74,0.0,True
POSCAR_Fe2Se8_1_st950,3.624,-3.624,0.0,True
POSCAR_Fe2Se8_1_st975,3.69,-3.69,0.0,True
POSCAR_Fe2Se8_1_x025,3.755,-3.754,0.001,True
POSCAR_Fe2Se8_1_x050,3.762,-3.762,0.001,True
POSCAR_Fe2Se8_1_x950,3.695,-3.695,0.0,True
POSCAR_Fe2Se8_1_x975,3.72,-3.72,0.001,True
POSCAR_Fe2Se8_1_y025,3.751,-3.751,0.001,True
POSCAR_Fe2Se8_1_y050,3.761,-3.76,0.002,True
POSCAR_Fe2Se8_1_y950,3.702,-3.704,-0.005,True
POSCAR_Fe2Se8_1_y975,3.725,-3.725,-0.0,True
POSCAR_Fe2Se8_1_z025,3.751,-3.751,-0.0,True
POSCAR_Fe2Se8_1_z050,3.761,-3.761,0.0,True
POSCAR_Fe2Se8_1_z950,3.705,-3.703,0.007,True
POSCAR_Fe2Se8_1_z975,3.725,-3.725,0.002,True
POSCAR_Fe2Si2_3,2.632,-2.632,-0.0,True
POSCAR_Fe2Si2_3_st025,2.836,-2.836,0.0,True
POSCAR_Fe2Si2_3_st050,3.002,-3.002,0.0,True
POSCAR_Fe2Si2_3_st950,2.198,-2.198,-0.001,True
POSCAR_Fe2Si2_3_st975,2.411,-2.411,-0.0,True
POSCAR_Fe2Si2_3_x025,2.715,-2.714,0.001,True
POSCAR_Fe2Si2_3_x050,2.777,-2.777,-0.0,True
POSCAR_Fe2Si2_3_x950,2.474,-2.476,-0.003,True
POSCAR_Fe2Si2_3_x975,2.545,-2.546,-0.001,True
POSCAR_Fe2Si2_3_y025,2.711,-2.71,0.001,True
POSCAR_Fe2Si2_3_y050,2.776,-2.775,0.002,True
POSCAR_Fe2Si2_3_y950,2.478,-2.48,-0.002,True
POSCAR_Fe2Si2_3_y975,2.544,-2.545,-0.002,True
POSCAR_Fe2Si2_3_z025,2.713,-2.713,-0.0,True
POSCAR_Fe2Si2_3_z050,2.784,-2.784,0.0,True
POSCAR_Fe2Si2_3_z950,2.476,-2.475,0.001,True
POSCAR_Fe2Si2_3_z975,2.538,-2.538,-0.0,True
POSCAR_Fe2Si2_4,2.681,-2.683,-0.002,True
POSCAR_Fe2Si2_4_st025,2.982,-2.984,-0.002,True
POSCAR_Fe2Si2_4_x025,2.855,-2.83,0.024,False
POSCAR_Fe2Si2_4_x050,2.744,-2.745,-0.001,True
POSCAR_Fe2Si2_4_x950,2.51,-2.511,-0.001,True
POSCAR_Fe2Si2_4_x975,2.612,-2.601,0.011,False
POSCAR_Fe2Si2_4_y025,2.81,-2.81,0.0,True
POSCAR_Fe2Si2_4_y050,2.745,-2.745,-0.001,True
POSCAR_Fe2Si2_4_y950,2.51,-2.511,-0.001,True
POSCAR_Fe2Si2_4_y975,2.604,-2.607,-0.003,True
POSCAR_Fe2Si2_4_z025,2.731,-2.734,-0.003,True
POSCAR_Fe2Si2_4_z050,2.79,-2.793,-0.003,True
POSCAR_Fe2Si2_4_z975,2.647,-2.648,-0.001,True
POSCAR_Fe2Sn10_2,3.35,-3.351,-0.001,True
POSCAR_Fe2Sn10_2_st025,3.44,-3.44,0.0,True
POSCAR_Fe2Sn10_2_st975,3.23,-3.23,-0.001,True
POSCAR_Fe2Sn10_2_x025,3.364,-3.363,0.0,True
POSCAR_Fe2Sn10_2_x950,3.277,-3.277,-0.0,True
POSCAR_Fe2Sn10_2_x975,3.314,-3.314,-0.004,True
POSCAR_Fe2Sn10_2_y025,3.365,-3.364,0.001,True
POSCAR_Fe2Sn10_2_y050,3.39,-3.391,-0.004,True
POSCAR_Fe2Sn10_2_y950,3.277,-3.277,0.002,True
POSCAR_Fe2Sn10_2_y975,3.313,-3.313,0.001,True
POSCAR_Fe2Sn10_2_z025,3.382,-3.383,0.001,True
POSCAR_Fe2Sn10_2_z050,3.412,-3.412,0.003,True
POSCAR_Fe2Sn10_2_z950,3.156,-3.155,0.002,True
POSCAR_Fe2Sn2_1,3.092,-3.09,0.002,True
POSCAR_Fe2Sn2_1_st050,3.173,-3.174,-0.001,True
POSCAR_Fe2Sn2_1_st975,3.024,-3.024,-0.0,True
POSCAR_Fe2Sn2_1_x025,3.109,-3.092,0.021,False
POSCAR_Fe2Sn2_1_x050,3.123,-3.072,0.06,False
POSCAR_Fe2Sn2_1_x950,3.053,-3.057,-0.002,True
POSCAR_Fe2Sn2_1_x975,3.077,-3.076,0.005,True
POSCAR_Fe2Sn2_1_y025,3.098,-3.109,-0.015,False
POSCAR_Fe2Sn2_1_y050,3.068,-3.122,-0.065,False
POSCAR_Fe2Sn2_1_y950,3.057,-3.052,0.005,True
POSCAR_Fe2Sn2_1_y975,3.076,-3.075,-0.002,True
POSCAR_Fe2Sn2_1_z025,3.117,-3.117,0.002,True
POSCAR_Fe2Sn2_1_z050,3.141,-3.138,0.006,True
POSCAR_Fe2Sn2_1_z950,2.966,-2.965,0.002,True
POSCAR_Fe2Sn2_1_z975,3.059,-3.045,0.016,False
POSCAR_Fe2Sn3_1,3.111,-3.11,0.001,True
POSCAR_Fe2Sn3_1_st025,3.175,-3.172,0.003,True
POSCAR_Fe2Sn3_1_st050,3.223,-3.222,0.001,True
POSCAR_Fe2Sn3_1_st975,3.04,-3.039,0.0,True
POSCAR_Fe2Sn3_1_x025,3.119,-3.119,-0.001,True
POSCAR_Fe2Sn3_1_x050,3.127,-3.127,0.0,True
POSCAR_Fe2Sn3_1_x950,3.064,-3.059,0.007,True
POSCAR_Fe2Sn3_1_x975,3.094,-3.092,0.002,True
POSCAR_Fe2Sn3_1_y025,3.133,-3.135,-0.001,True
POSCAR_Fe2Sn3_1_y050,3.155,-3.154,0.0,True
POSCAR_Fe2Sn3_1_y950,3.039,-3.036,0.005,True
POSCAR_Fe2Sn3_1_y975,3.077,-3.076,0.001,True
POSCAR_Fe2Sn3_1_z025,3.13,-3.129,0.001,True
POSCAR_Fe2Sn3_1_z050,3.116,-3.115,-0.001,True
POSCAR_Fe2Sn3_1_z950,3.058,-3.055,0.003,True
POSCAR_Fe2Sn3_1_z975,3.086,-3.084,0.003,True
POSCAR_Fe2Sn4_3,3.068,-3.069,-0.001,True
POSCAR_Fe2Sn4_3_st025,3.117,-3.117,0.0,True
POSCAR_Fe2Sn4_3_st050,3.155,-3.155,0.002,True
POSCAR_Fe2Sn4_3_st950,2.921,-2.921,0.0,True
POSCAR_Fe2Sn4_3_st975,3.006,-3.006,0.002,True
POSCAR_Fe2Sn4_3_x025,3.088,-3.087,0.002,True
POSCAR_Fe2Sn4_3_x050,3.105,-3.105,0.0,True
POSCAR_Fe2Sn4_3_x950,3.024,-3.024,0.001,True
POSCAR_Fe2Sn4_3_x975,3.051,-3.051,-0.0,True
POSCAR_Fe2Sn4_3_y025,3.082,-3.082,0.001,True
POSCAR_Fe2Sn4_3_y050,3.093,-3.092,0.001,True
POSCAR_Fe2Sn4_3_y950,3.035,-3.035,0.0,True
POSCAR_Fe2Sn4_3_y975,3.053,-3.053,-0.0,True
POSCAR_Fe2Sn4_3_z025,3.086,-3.087,-0.001,True
POSCAR_Fe2Sn4_3_z050,3.103,-3.103,-0.0,True
POSCAR_Fe2Sn4_3_z950,3.023,-3.023,-0.0,True
POSCAR_Fe2Sn4_3_z975,3.05,-3.05,0.001,True
POSCAR_Fe2Sn8_2,3.111,-3.113,-0.004,True
POSCAR_Fe2Sn8_2_st025,3.235,-3.235,0.001,True
POSCAR_Fe2Sn8_2_x025,3.152,-3.152,-0.0,True
POSCAR_Fe2Sn8_2_x950,3.023,-3.024,-0.001,True
POSCAR_Fe2Sn8_2_x975,3.069,-3.069,-0.0,True
POSCAR_Fe2Sn8_2_y025,3.154,-3.157,-0.005,True
POSCAR_Fe2Sn8_2_y950,3.019,-3.019,0.001,True
POSCAR_Fe2Sn8_2_y975,3.068,-3.07,-0.003,True
POSCAR_Fe2Sn8_2_z025,3.162,-3.163,-0.001,True
POSCAR_Fe2Sn8_2_z050,3.209,-3.21,0.0,True
POSCAR_Fe2Sn8_2_z950,2.997,-2.996,0.003,True
POSCAR_Fe2Sn8_2_z975,3.055,-3.055,-0.0,True
POSCAR_Fe2Te2_1,3.496,-3.496,0.0,True
POSCAR_Fe2Te2_1_st025,3.545,-3.545,0.0,True
POSCAR_Fe2Te2_1_st050,3.585,-3.585,0.0,True
POSCAR_Fe2Te2_1_st950,3.353,-3.353,0.0,True
POSCAR_Fe2Te2_1_st975,3.434,-3.434,0.0,True
POSCAR_Fe2Te2_1_x025,3.511,-3.51,0.0,True
POSCAR_Fe2Te2_1_x050,3.524,-3.524,0.0,True
POSCAR_Fe2Te2_1_y025,3.516,-3.516,0.0,True
POSCAR_Fe2Te2_1_y950,3.45,-3.45,0.0,True
POSCAR_Fe2Te2_1_y975,3.474,-3.474,0.0,True
POSCAR_Fe2Te2_1_z025,3.515,-3.515,0.0,True
POSCAR_Fe2Te2_1_z050,3.531,-3.531,0.0,True
POSCAR_Fe2Te2_1_z950,3.452,-3.451,0.0,True
POSCAR_Fe2Te2_1_z975,3.475,-3.475,0.0,True
POSCAR_Fe2Te4_1,3.509,-3.509,-0.0,True
POSCAR_Fe2Te4_1_st025,3.563,-3.563,0.0,True
POSCAR_Fe2Te4_1_st050,3.605,-3.605,0.0,True
POSCAR_Fe2Te4_1_st950,3.347,-3.347,0.0,True
POSCAR_Fe2Te4_1_st975,3.441,-3.441,-0.0,True
POSCAR_Fe2Te4_1_x025,3.529,-3.529,0.0,True
POSCAR_Fe2Te4_1_x050,3.547,-3.547,-0.0,True
POSCAR_Fe2Te4_1_x950,3.458,-3.458,-0.0,True
POSCAR_Fe2Te4_1_x975,3.487,-3.487,0.0,True
POSCAR_Fe2Te4_1_y025,3.526,-3.526,0.0,True
POSCAR_Fe2Te4_1_y050,3.54,-3.54,0.0,True
POSCAR_Fe2Te4_1_y950,3.468,-3.468,-0.0,True
POSCAR_Fe2Te4_1_y975,3.49,-3.49,-0.0,True
POSCAR_Fe2Te4_1_z025,3.529,-3.529,0.0,True
POSCAR_Fe2Te4_1_z050,3.545,-3.545,0.0,True
POSCAR_Fe2Te4_1_z950,3.459,-3.459,0.0,True
POSCAR_Fe2Te4_1_z975,3.486,-3.486,-0.0,True
POSCAR_Fe2Te6_1,3.399,-3.399,-0.004,True
POSCAR_Fe2Te6_1_x025,3.425,-3.427,-0.0,True
POSCAR_Fe2Te6_1_x050,3.449,-3.44,0.01,True
POSCAR_Fe2Te6_1_x950,3.329,-3.325,0.004,True
POSCAR_Fe2Te6_1_x975,3.37,-3.363,0.027,False
POSCAR_Fe2Te6_1_y025,3.428,-3.425,0.016,False
POSCAR_Fe2Te6_1_y050,3.453,-3.438,0.039,False
POSCAR_Fe2Te6_1_y950,3.33,-3.317,-0.016,False
POSCAR_Fe2Te6_1_y975,3.366,-3.365,-0.027,False
POSCAR_Fe2Te6_1_z025,3.418,-3.42,-0.032,False
POSCAR_Fe2Te6_1_z050,3.441,-3.436,0.014,False
POSCAR_Fe2Te6_1_z950,3.348,-3.338,0.043,False
POSCAR_Fe2Te6_1_z975,3.377,-3.372,0.022,False
POSCAR_Fe2Tl3_1,3.099,-3.103,-0.003,True
POSCAR_Fe2Tl3_1_st050,3.192,-3.193,0.001,True
POSCAR_Fe2Tl3_1_st950,2.994,-2.994,0.0,True
POSCAR_Fe2Tl3_1_st975,3.054,-3.055,-0.001,True
POSCAR_Fe2Tl3_1_x025,3.122,-3.119,0.005,True
POSCAR_Fe2Tl3_1_x050,3.143,-3.143,0.0,True
POSCAR_Fe2Tl3_1_x950,3.066,-3.07,-0.005,True
POSCAR_Fe2Tl3_1_x975,3.086,-3.086,0.001,True
POSCAR_Fe2Tl3_1_y025,3.119,-3.123,-0.004,True
POSCAR_Fe2Tl3_1_y050,3.133,-3.148,-0.014,False
POSCAR_Fe2Tl3_1_y950,3.079,-3.081,-0.002,True
POSCAR_Fe2Tl3_1_y975,3.09,-3.093,-0.002,True
POSCAR_Fe2Tl3_1_z025,3.111,-3.113,-0.002,True
POSCAR_Fe2Tl3_1_z050,3.126,-3.129,-0.003,True
POSCAR_Fe2Tl3_1_z950,3.081,-3.084,-0.003,True
POSCAR_Fe2Tl3_1_z975,3.089,-3.089,0.001,True
POSCAR_Ga2Ru2_4,1.111,-1.112,-0.001,True
POSCAR_Ga2Ru2_4_st025,1.248,-1.249,-0.001,True
POSCAR_Ga2Ru2_4_x025,1.132,-1.133,-0.0,True
POSCAR_Ga2Ru2_4_x050,1.255,-1.255,-0.0,True
POSCAR_Ga2Ru2_4_x950,0.864,-0.863,0.001,True
POSCAR_Ga2Ru2_4_x975,0.736,-0.736,0.0,True
POSCAR_Ga2Ru2_4_y025,1.133,-1.132,0.0,True
POSCAR_Ga2Ru2_4_y050,1.255,-1.255,0.0,True
POSCAR_Ga2Ru2_4_y950,0.864,-0.862,0.001,True
POSCAR_Ga2Ru2_4_y975,0.736,-0.737,-0.001,True
POSCAR_Ga2Ru2_4_z025,1.148,-1.147,0.001,True
POSCAR_Ga2Ru2_4_z050,1.312,-1.247,0.06,False
POSCAR_Ga2Ru2_4_z950,0.803,-0.864,-0.049,False
POSCAR_Ga2Ru2_4_z975,0.945,-0.945,0.0,True
POSCAR_Ga4Ti2_1,-0.002,-0.003,-0.004,True
POSCAR_Ga4Ti2_1_x025,-0.0,-0.0,-0.001,True
POSCAR_Ga4Ti2_1_x050,-0.003,-0.003,-0.006,True
POSCAR_Ga4Ti2_1_x950,-0.0,-0.0,-0.0,True
POSCAR_Ga4Ti2_1_x975,-0.0,-0.0,-0.0,True
POSCAR_Ga4Ti2_1_y025,-0.0,-0.0,-0.0,True
POSCAR_Ga4Ti2_1_y050,-0.002,-0.002,-0.005,True
POSCAR_Ga4Ti2_1_y950,-0.0,-0.0,-0.0,True
POSCAR_Ga4Ti2_1_y975,0.0,-0.0,-0.0,True
POSCAR_Ga4Ti2_1_z025,-0.001,-0.001,-0.001,True
POSCAR_Ga4Ti2_1_z050,0.0,-0.0,-0.0,True
POSCAR_Ga4Ti2_1_z950,0.0,0.0,0.001,True
POSCAR_Ga4Ti2_1_z975,-0.009,-0.009,-0.019,False
POSCAR_Ge2Mn2_2,4.235,-4.234,0.001,True
POSCAR_Ge2Mn2_2_st025,4.336,-4.334,0.003,True
POSCAR_Ge2Mn2_2_st050,4.422,-4.421,0.001,True
POSCAR_Ge2Mn2_2_st950,3.951,-3.95,0.002,True
POSCAR_Ge2Mn2_2_st975,4.112,-4.109,0.004,True
POSCAR_Ge2Mn2_2_x025,4.27,-4.27,-0.0,True
POSCAR_Ge2Mn2_2_x050,4.299,-4.299,-0.0,True
POSCAR_Ge2Mn2_2_x950,4.153,-4.149,0.006,True
POSCAR_Ge2Mn2_2_x975,4.197,-4.194,0.004,True
POSCAR_Ge2Mn2_2_y025,4.27,-4.269,0.002,True
POSCAR_Ge2Mn2_2_y050,4.3,-4.298,0.002,True
POSCAR_Ge2Mn2_2_y950,4.151,-4.152,-0.0,True
POSCAR_Ge2Mn2_2_y975,4.196,-4.195,0.001,True
POSCAR_Ge2Mn2_2_z025,4.275,-4.274,0.002,True
POSCAR_Ge2Mn2_2_z050,4.32,-4.316,0.006,True
POSCAR_Ge2Mn2_2_z950,4.16,-4.158,0.002,True
POSCAR_Ge2Mn2_2_z975,4.196,-4.195,0.001,True
POSCAR_Ge2Mn2_3,4.303,-4.301,0.003,True
POSCAR_Ge2Mn2_3_st025,4.38,-4.378,0.003,True
POSCAR_Ge2Mn2_3_st050,4.444,-4.442,0.004,True
POSCAR_Ge2Mn2_3_st975,4.206,-4.205,0.001,True
POSCAR_Ge2Mn2_3_x025,4.34,-4.336,0.007,True
POSCAR_Ge2Mn2_3_x050,4.372,-4.37,0.005,True
POSCAR_Ge2Mn2_3_x950,4.218,-4.215,0.003,True
POSCAR_Ge2Mn2_3_x975,4.264,-4.263,0.001,True
POSCAR_Ge2Mn2_3_y025,4.337,-4.336,0.002,True
POSCAR_Ge2Mn2_3_y050,4.369,-4.37,-0.002,True
POSCAR_Ge2Mn2_3_y950,4.217,-4.214,0.005,True
POSCAR_Ge2Mn2_3_y975,4.262,-4.263,-0.002,True
POSCAR_Ge2Mn2_3_z025,4.313,-4.313,-0.001,True
POSCAR_Ge2Mn2_3_z050,4.321,-4.321,0.0,True
POSCAR_Ge2Mn2_3_z950,4.275,-4.272,0.005,True
POSCAR_Ge2Mn2_3_z975,4.29,-4.288,0.003,True
POSCAR_Ge2Mo2_2,0.519,-0.519,0.0,True
POSCAR_Ge2Mo2_2_st050,0.814,-0.814,0.0,True
POSCAR_Ge2Mo2_2_st950,0.319,-0.319,0.0,True
POSCAR_Ge2Mo2_2_st975,0.399,-0.399,0.001,True
POSCAR_Ge2Mo2_2_x025,0.571,-0.571,-0.0,True
POSCAR_Ge2Mo2_2_x050,0.629,-0.629,-0.0,True
POSCAR_Ge2Mo2_2_x950,0.378,-0.374,0.003,True
POSCAR_Ge2Mo2_2_x975,0.447,-0.446,0.001,True
POSCAR_Ge2Mo2_2_y025,0.571,-0.571,-0.0,True
POSCAR_Ge2Mo2_2_y050,0.629,-0.629,0.0,True
POSCAR_Ge2Mo2_2_y950,0.378,-0.374,0.003,True
POSCAR_Ge2Mo2_2_y975,0.447,-0.446,0.001,True
POSCAR_Ge2Mo2_2_z025,0.516,-0.516,0.0,True
POSCAR_Ge2Mo2_2_z050,0.488,-0.492,-0.003,True
POSCAR_Ge2Mo2_2_z950,0.51,-0.508,0.001,True
POSCAR_Ge2Mo2_2_z975,0.52,-0.521,-0.001,True
POSCAR_Ge2Ru2_2,1.008,-1.008,-0.0,True
POSCAR_Ge2Ru2_2_st025,1.359,-1.36,-0.0,True
POSCAR_Ge2Ru2_2_st050,1.609,-1.609,-0.0,True
POSCAR_Ge2Ru2_2_st950,0.148,-0.149,-0.0,True
POSCAR_Ge2Ru2_2_st975,0.734,-0.734,0.0,True
POSCAR_Ge2Ru2_2_x025,1.101,-1.101,-0.0,True
POSCAR_Ge2Ru2_2_x050,1.262,-1.262,-0.0,True
POSCAR_Ge2Ru2_2_x950,0.782,-0.779,0.002,True
POSCAR_Ge2Ru2_2_x975,0.935,-0.936,-0.001,True
POSCAR_Ge2Ru2_2_y025,1.101,-1.101,-0.0,True
POSCAR_Ge2Ru2_2_y050,1.261,-1.261,-0.0,True
POSCAR_Ge2Ru2_2_y950,0.838,-0.838,0.001,True
POSCAR_Ge2Ru2_2_y975,0.93,-0.929,0.001,True
POSCAR_Ge2Ru2_2_z025,1.086,-1.086,-0.0,True
POSCAR_Ge2Ru2_2_z050,1.247,-1.248,-0.0,True
POSCAR_Ge2Ru2_2_z950,0.775,-0.775,-0.0,True
POSCAR_Ge2Ru2_2_z975,0.838,-0.838,-0.0,True
POSCAR_Ge2V2_2,2.655,-2.658,-0.004,True
POSCAR_Ge2V2_2_st950,2.535,-2.536,-0.002,True
POSCAR_Ge2V2_2_x025,2.673,-2.676,-0.004,True
POSCAR_Ge2V2_2_x050,2.694,-2.697,-0.005,True
POSCAR_Ge2V2_2_x950,2.62,-2.622,-0.002,True
POSCAR_Ge2V2_2_x975,2.639,-2.642,-0.004,True
POSCAR_Ge2V2_2_y025,2.673,-2.676,-0.004,True
POSCAR_Ge2V2_2_y050,2.694,-2.697,-0.005,True
POSCAR_Ge2V2_2_y950,2.62,-2.622,-0.002,True
POSCAR_Ge2V2_2_y975,2.639,-2.642,-0.004,True
POSCAR_Ge2V2_2_z025,2.675,-2.676,-0.002,True
POSCAR_Ge2V2_2_z050,2.699,-2.7,-0.001,True
POSCAR_Ge2V2_2_z950,2.622,-2.621,0.001,True
POSCAR_Ge2V2_2_z975,2.636,-2.643,-0.009,True
POSCAR_Ge2V2_3,2.664,-2.664,0.001,True
POSCAR_Ge2V2_3_st025,2.7,-2.7,0.001,True
POSCAR_Ge2V2_3_st050,2.73,-2.73,-0.001,True
POSCAR_Ge2V2_3_st950,2.569,-2.569,-0.0,True
POSCAR_Ge2V2_3_st975,2.622,-2.621,0.001,True
POSCAR_Ge2V2_3_x025,2.682,-2.682,0.001,True
POSCAR_Ge2V2_3_x050,2.7,-2.7,-0.0,True
POSCAR_Ge2V2_3_x950,2.616,-2.616,0.0,True
POSCAR_Ge2V2_3_x975,2.641,-2.641,-0.0,True
POSCAR_Ge2V2_3_y025,2.683,-2.683,-0.0,True
POSCAR_Ge2V2_3_y050,2.7,-2.7,0.0,True
POSCAR_Ge2V2_3_y950,2.616,-2.616,0.0,True
POSCAR_Ge2V2_3_y975,2.64,-2.64,0.001,True
POSCAR_Ge2V2_3_z025,2.663,-2.662,0.001,True
POSCAR_Ge2V2_3_z050,2.661,-2.66,0.0,True
POSCAR_Ge2V2_3_z950,2.672,-2.671,0.002,True
POSCAR_Ge2V2_3_z975,2.668,-2.667,0.002,True
POSCAR_Ge4V2_1,2.431,-2.431,0.001,True
POSCAR_Ge4V2_1_st025,2.54,-2.54,-0.0,True
POSCAR_Ge4V2_1_st050,2.608,-2.608,-0.0,True
POSCAR_Ge4V2_1_st950,2.133,-2.133,0.0,True
POSCAR_Ge4V2_1_st975,2.305,-2.307,-0.003,True
POSCAR_Ge4V2_1_x025,2.456,-2.489,-0.044,False
POSCAR_Ge4V2_1_x050,2.479,-2.533,-0.068,False
POSCAR_Ge4V2_1_x950,2.4,-2.319,0.09,False
POSCAR_Ge4V2_1_x975,2.413,-2.379,0.038,False
POSCAR_Ge4V2_1_y025,2.507,-2.438,0.095,False
POSCAR_Ge4V2_1_y050,2.565,-2.459,0.135,False
POSCAR_Ge4V2_1_y975,2.359,-2.419,-0.073,False
POSCAR_Ge4V2_1_z025,2.469,-2.485,-0.022,False
POSCAR_Ge4V2_1_z050,2.496,-2.521,-0.025,False
POSCAR_Ge4V2_1_z950,2.384,-2.348,0.034,False
POSCAR_Ge4V2_1_z975,2.403,-2.388,0.015,False
POSCAR_I4Mn2_1,4.588,-4.588,-0.0,True
POSCAR_I4Mn2_1_st025,4.618,-4.618,-0.0,True
POSCAR_I4Mn2_1_st050,4.643,-4.643,-0.0,True
POSCAR_I4Mn2_1_st950,4.508,-4.508,-0.0,True
POSCAR_I4Mn2_1_st975,4.552,-4.552,-0.0,True
POSCAR_I4Mn2_1_x025,4.601,-4.601,-0.0,True
POSCAR_I4Mn2_1_x050,4.612,-4.612,-0.0,True
POSCAR_I4Mn2_1_x950,4.559,-4.56,-0.0,True
POSCAR_I4Mn2_1_x975,4.575,-4.575,-0.0,True
POSCAR_I4Mn2_1_y025,4.598,-4.598,-0.0,True
POSCAR_I4Mn2_1_y050,4.607,-4.607,-0.0,True
POSCAR_I4Mn2_1_y950,4.568,-4.568,-0.0,True
POSCAR_I4Mn2_1_y975,4.578,-4.578,-0.0,True
POSCAR_I4Mn2_1_z025,4.598,-4.598,-0.0,True
POSCAR_I4Mn2_1_z050,4.607,-4.607,-0.0,True
POSCAR_I4Mn2_1_z950,4.568,-4.568,-0.0,True
POSCAR_I4Mn2_1_z975,4.578,-4.578,-0.0,True
POSCAR_I4Nb2_1,2.507,-2.507,-0.0,True
POSCAR_I4Nb2_1_st025,2.576,-2.577,-0.0,True
POSCAR_I4Nb2_1_st050,2.642,-2.642,-0.0,True
POSCAR_I4Nb2_1_st950,2.355,-2.355,-0.0,True
POSCAR_I4Nb2_1_st975,2.434,-2.434,-0.0,True
POSCAR_I4Nb2_1_x025,2.53,-2.53,-0.0,True
POSCAR_I4Nb2_1_x050,2.553,-2.553,-0.0,True
POSCAR_I4Nb2_1_x950,2.461,-2.461,-0.0,True
POSCAR_I4Nb2_1_x975,2.484,-2.484,-0.0,True
POSCAR_I4Nb2_1_y025,2.531,-2.531,-0.0,True
POSCAR_I4Nb2_1_y050,2.554,-2.555,-0.0,True
POSCAR_I4Nb2_1_y950,2.457,-2.457,-0.0,True
POSCAR_I4Nb2_1_y975,2.482,-2.483,-0.0,True
POSCAR_I4Nb2_1_z025,2.531,-2.531,-0.0,True
POSCAR_I4Nb2_1_z050,2.554,-2.554,-0.0,True
POSCAR_I4Nb2_1_z950,2.457,-2.457,-0.0,True
POSCAR_I4Nb2_1_z975,2.482,-2.483,-0.0,True
POSCAR_I4Ni2_1,1.697,-1.699,-0.001,True
POSCAR_I4Ni2_1_st025,1.731,-1.732,-0.001,True
POSCAR_I4Ni2_1_st050,1.756,-1.757,-0.0,True
POSCAR_I4Ni2_1_st950,1.583,-1.586,-0.001,True
POSCAR_I4Ni2_1_st975,1.65,-1.652,-0.001,True
POSCAR_I4Ni2_1_x025,1.709,-1.711,-0.001,True
POSCAR_I4Ni2_1_x050,1.718,-1.722,-0.0,True
POSCAR_I4Ni2_1_x950,1.664,-1.663,-0.001,True
POSCAR_I4Ni2_1_x975,1.682,-1.683,-0.001,True
POSCAR_I4Ni2_1_y025,1.71,-1.71,-0.001,True
POSCAR_I4Ni2_1_y050,1.72,-1.72,-0.001,True
POSCAR_I4Ni2_1_y950,1.662,-1.666,-0.001,True
POSCAR_I4Ni2_1_y975,1.681,-1.684,-0.001,True
POSCAR_I4Ni2_1_z025,1.708,-1.71,-0.001,True
POSCAR_I4Ni2_1_z050,1.717,-1.719,-0.001,True
POSCAR_I4Ni2_1_z950,1.665,-1.667,-0.001,True
POSCAR_I4Ni2_1_z975,1.683,-1.684,-0.001,True
POSCAR_I4Rh2_1,0.833,-0.833,0.0,True
POSCAR_I4Rh2_1_x025,0.842,-0.842,0.0,True
POSCAR_I4Rh2_1_x050,0.851,-0.85,0.0,True
POSCAR_I4Rh2_1_x950,0.818,-0.818,0.0,True
POSCAR_I4Rh2_1_x975,0.826,-0.826,0.0,True
POSCAR_I4Rh2_1_y025,0.857,-0.857,0.0,True
POSCAR_I4Rh2_1_y050,0.879,-0.879,0.0,True
POSCAR_I4Rh2_1_y950,0.783,-0.783,0.0,True
POSCAR_I4Rh2_1_y975,0.809,-0.809,0.0,True
POSCAR_I4Rh2_1_z025,0.857,-0.857,0.0,True
POSCAR_I4Rh2_1_z050,0.879,-0.879,0.0,True
POSCAR_I4Rh2_1_z950,0.783,-0.783,0.0,True
POSCAR_I4Rh2_1_z975,0.809,-0.809,0.0,True
POSCAR_I4Ti2_1,1.663,-1.663,-0.0,True
POSCAR_I4Ti2_1_st025,1.687,-1.687,-0.0,True
POSCAR_I4Ti2_1_st050,1.706,-1.707,-0.0,True
POSCAR_I4Ti2_1_st975,1.635,-1.635,-0.0,True
POSCAR_I4Ti2_1_x025,1.672,-1.672,-0.0,True
POSCAR_I4Ti2_1_x050,1.68,-1.68,-0.0,True
POSCAR_I4Ti2_1_x950,1.643,-1.643,-0.0,True
POSCAR_I4Ti2_1_x975,1.654,-1.654,-0.0,True
POSCAR_I4Ti2_1_y025,1.671,-1.671,-0.0,True
POSCAR_I4Ti2_1_y050,1.678,-1.679,-0.0,True
POSCAR_I4Ti2_1_y950,1.646,-1.646,-0.0,True
POSCAR_I4Ti2_1_y975,1.655,-1.655,-0.0,True
POSCAR_I4Ti2_1_z025,1.671,-1.671,-0.0,True
POSCAR_I4Ti2_1_z050,1.678,-1.679,-0.0,True
POSCAR_I4Ti2_1_z950,1.646,-1.646,-0.0,True
POSCAR_I4Ti2_1_z975,1.655,-1.655,-0.0,True
POSCAR_I6Nb2_1,1.738,-1.738,-0.0,True
POSCAR_I6Nb2_1_st025,1.796,-1.796,-0.0,True
POSCAR_I6Nb2_1_st050,1.851,-1.851,-0.0,True
POSCAR_I6Nb2_1_st950,1.602,-1.602,-0.0,True
POSCAR_I6Nb2_1_st975,1.673,-1.673,-0.0,True
POSCAR_I6Nb2_1_x025,1.759,-1.758,-0.0,True
POSCAR_I6Nb2_1_x050,1.78,-1.78,-0.0,True
POSCAR_I6Nb2_1_x950,1.697,-1.697,-0.0,True
POSCAR_I6Nb2_1_x975,1.717,-1.717,-0.0,True
POSCAR_I6Nb2_1_y025,1.758,-1.759,0.0,True
POSCAR_I6Nb2_1_y050,1.78,-1.78,0.0,True
POSCAR_I6Nb2_1_y950,1.697,-1.697,0.0,True
POSCAR_I6Nb2_1_y975,1.717,-1.717,0.0,True
POSCAR_I6Nb2_1_z025,1.757,-1.757,-0.0,True
POSCAR_I6Nb2_1_z050,1.777,-1.777,-0.0,True
POSCAR_I6Nb2_1_z950,1.697,-1.698,-0.0,True
POSCAR_I6Nb2_1_z975,1.718,-1.718,-0.0,True
POSCAR_In6Mo2_1,3.552,-3.557,-0.004,True
POSCAR_In6Mo2_1_x025,3.583,-3.597,-0.026,False
POSCAR_In6Mo2_1_x050,3.621,-3.629,-0.013,False
POSCAR_In6Mo2_1_x950,3.464,-3.47,-0.003,True
POSCAR_In6Mo2_1_x975,3.511,-3.519,-0.007,True
POSCAR_In6Mo2_1_y025,3.594,-3.6,-0.006,True
POSCAR_In6Mo2_1_y050,3.633,-3.637,-0.001,True
POSCAR_In6Mo2_1_y950,3.449,-3.46,-0.015,False
POSCAR_In6Mo2_1_y975,3.504,-3.513,-0.014,False
POSCAR_In6Mo2_1_z025,3.593,-3.6,-0.006,True
POSCAR_In6Mo2_1_z050,3.63,-3.636,-0.005,True
POSCAR_In6Mo2_1_z950,3.441,-3.453,-0.017,False
POSCAR_In6Mo2_1_z975,3.499,-3.511,-0.017,False
POSCAR_In8Mn2_3,4.441,-4.442,-0.001,True
POSCAR_In8Mn2_3_st025,4.504,-4.504,-0.002,True
POSCAR_In8Mn2_3_st050,4.557,-4.558,-0.0,True
POSCAR_In8Mn2_3_st950,4.258,-4.259,-0.001,True
POSCAR_In8Mn2_3_st975,4.36,-4.361,-0.003,True
POSCAR_In8Mn2_3_x025,4.46,-4.461,-0.001,True
POSCAR_In8Mn2_3_x050,4.479,-4.479,-0.001,True
POSCAR_In8Mn2_3_x950,4.393,-4.393,-0.0,True
POSCAR_In8Mn2_3_x975,4.418,-4.418,-0.001,True
POSCAR_In8Mn2_3_y025,4.46,-4.461,-0.002,True
POSCAR_In8Mn2_3_y050,4.478,-4.479,-0.003,True
POSCAR_In8Mn2_3_y950,4.393,-4.393,-0.001,True
POSCAR_In8Mn2_3_y975,4.418,-4.418,-0.001,True
POSCAR_In8Mn2_3_z025,4.469,-4.47,-0.001,True
POSCAR_In8Mn2_3_z050,4.491,-4.492,-0.001,True
POSCAR_In8Mn2_3_z950,4.376,-4.377,-0.005,True
POSCAR_In8Mn2_3_z975,4.414,-4.415,-0.002,True
POSCAR_Mn2N2_2,3.971,-3.972,-0.001,True
POSCAR_Mn2N2_2_st025,4.075,-4.074,0.001,True
POSCAR_Mn2N2_2_st050,4.166,-4.166,0.001,True
POSCAR_Mn2N2_2_st950,3.723,-3.723,-0.0,True
POSCAR_Mn2N2_2_st975,3.856,-3.856,-0.001,True
POSCAR_Mn2N2_2_x025,4.007,-4.007,-0.0,True
POSCAR_Mn2N2_2_x050,4.04,-4.039,-0.0,True
POSCAR_Mn2N2_2_x950,3.89,-3.889,0.0,True
POSCAR_Mn2N2_2_x975,3.933,-3.932,0.0,True
POSCAR_Mn2N2_2_y025,4.007,-4.007,0.0,True
POSCAR_Mn2N2_2_y050,4.04,-4.039,0.001,True
POSCAR_Mn2N2_2_y950,3.89,-3.889,0.002,True
POSCAR_Mn2N2_2_y975,3.932,-3.932,-0.001,True
POSCAR_Mn2N2_2_z025,4.005,-4.003,0.002,True
POSCAR_Mn2N2_2_z050,4.035,-4.032,0.004,True
POSCAR_Mn2N2_2_z950,3.895,-3.895,0.0,True
POSCAR_Mn2N2_2_z975,3.936,-3.934,0.002,True
POSCAR_Mn2N2_3,3.78,-3.779,0.0,True
POSCAR_Mn2N2_3_st025,3.882,-3.881,0.0,True
POSCAR_Mn2N2_3_st050,3.986,-3.985,0.0,True
POSCAR_Mn2N2_3_st950,3.572,-3.571,0.0,True
POSCAR_Mn2N2_3_st975,3.678,-3.677,0.0,True
POSCAR_Mn2N2_3_x025,3.801,-3.827,-0.01,True
POSCAR_Mn2N2_3_x050,3.819,-3.876,-0.02,False
POSCAR_Mn2N2_3_x950,3.729,-3.687,0.02,False
POSCAR_Mn2N2_3_x975,3.756,-3.733,0.01,True
POSCAR_Mn2N2_3_y025,3.828,-3.8,0.01,True
POSCAR_Mn2N2_3_y050,3.877,-3.818,0.021,False
POSCAR_Mn2N2_3_y950,3.688,-3.729,-0.019,False
POSCAR_Mn2N2_3_y975,3.734,-3.756,-0.009,True
POSCAR_Mn2N2_3_z025,3.813,-3.812,0.0,True
POSCAR_Mn2N2_3_z050,3.847,-3.846,0.0,True
POSCAR_Mn2N2_3_z950,3.713,-3.712,0.0,True
POSCAR_Mn2N2_3_z975,3.747,-3.746,0.0,True
POSCAR_Mn2N2_7,3.915,-3.915,0.0,True
POSCAR_Mn2N2_7_st025,4.03,-4.03,0.001,True
POSCAR_Mn2N2_7_st050,4.132,-4.132,0.0,True
POSCAR_Mn2N2_7_st950,3.633,-3.634,0.0,True
POSCAR_Mn2N2_7_st975,3.784,-3.784,0.0,True
POSCAR_Mn2N2_7_x025,3.953,-3.953,0.001,True
POSCAR_Mn2N2_7_x050,3.988,-3.989,-0.0,True
POSCAR_Mn2N2_7_x950,3.828,-3.829,-0.0,True
POSCAR_Mn2N2_7_x975,3.874,-3.874,0.0,True
POSCAR_Mn2N2_7_y025,3.952,-3.952,-0.0,True
POSCAR_Mn2N2_7_y050,3.987,-3.987,0.0,True
POSCAR_Mn2N2_7_y950,3.831,-3.832,-0.0,True
POSCAR_Mn2N2_7_y975,3.875,-3.875,0.001,True
POSCAR_Mn2N2_7_z025,3.957,-3.957,0.001,True
POSCAR_Mn2N2_7_z050,3.993,-3.993,0.001,True
POSCAR_Mn2N2_7_z950,3.812,-3.813,-0.0,True
POSCAR_Mn2N2_7_z975,3.868,-3.868,-0.0,True
POSCAR_Mn2O2_5,4.568,-4.568,0.0,True
POSCAR_Mn2O2_5_st025,4.594,-4.594,0.0,True
POSCAR_Mn2O2_5_st050,4.617,-4.617,0.0,True
POSCAR_Mn2O2_5_st950,4.495,-4.495,-0.0,True
POSCAR_Mn2O2_5_st975,4.535,-4.535,0.0,True
POSCAR_Mn2O2_5_x025,4.575,-4.575,0.0,True
POSCAR_Mn2O2_5_x050,4.582,-4.582,0.0,True
POSCAR_Mn2O2_5_x950,4.547,-4.547,0.0,True
POSCAR_Mn2O2_5_x975,4.558,-4.558,0.0,True
POSCAR_Mn2O2_5_y025,4.575,-4.575,-0.0,True
POSCAR_Mn2O2_5_y050,4.582,-4.582,-0.0,True
POSCAR_Mn2O2_5_y950,4.547,-4.547,0.0,True
POSCAR_Mn2O2_5_y975,4.558,-4.558,0.0,True
POSCAR_Mn2O2_5_z025,4.579,-4.579,0.0,True
POSCAR_Mn2O2_5_z050,4.588,-4.588,0.0,True
POSCAR_Mn2O2_5_z950,4.538,-4.538,-0.0,True
POSCAR_Mn2O2_5_z975,4.554,-4.554,-0.0,True
POSCAR_Mn2O2_6,4.543,-4.543,0.0,True
POSCAR_Mn2O2_6_st025,4.572,-4.572,0.0,True
POSCAR_Mn2O2_6_st050,4.596,-4.596,0.0,True
POSCAR_Mn2O2_6_st950,4.464,-4.464,0.0,True
POSCAR_Mn2O2_6_st975,4.508,-4.508,0.0,True
POSCAR_Mn2O2_6_x025,4.55,-4.553,-0.001,True
POSCAR_Mn2O2_6_x050,4.555,-4.562,-0.003,True
POSCAR_Mn2O2_6_x950,4.524,-4.518,0.003,True
POSCAR_Mn2O2_6_x975,4.535,-4.531,0.001,True
POSCAR_Mn2O2_6_y025,4.553,-4.55,0.001,True
POSCAR_Mn2O2_6_y050,4.562,-4.555,0.003,True
POSCAR_Mn2O2_6_y950,4.518,-4.524,-0.003,True
POSCAR_Mn2O2_6_y975,4.531,-4.535,-0.001,True
POSCAR_Mn2O2_6_z025,4.555,-4.555,-0.0,True
POSCAR_Mn2O2_6_z050,4.565,-4.565,-0.0,True
POSCAR_Mn2O2_6_z950,4.51,-4.51,0.0,True
POSCAR_Mn2O2_6_z975,4.528,-4.528,0.0,True
POSCAR_Mn2O2_7,4.539,-4.539,0.0,True
POSCAR_Mn2O2_7_st025,4.572,-4.572,0.0,True
POSCAR_Mn2O2_7_st050,4.599,-4.599,0.0,True
POSCAR_Mn2O2_7_st950,4.448,-4.448,-0.0,True
POSCAR_Mn2O2_7_st975,4.498,-4.498,-0.0,True
POSCAR_Mn2O2_7_x025,4.548,-4.548,0.0,True
POSCAR_Mn2O2_7_x050,4.556,-4.556,0.0,True
POSCAR_Mn2O2_7_x950,4.516,-4.516,0.0,True
POSCAR_Mn2O2_7_x975,4.528,-4.528,0.0,True
POSCAR_Mn2O2_7_y025,4.548,-4.548,0.0,True
POSCAR_Mn2O2_7_y050,4.556,-4.556,0.0,True
POSCAR_Mn2O2_7_y950,4.516,-4.516,-0.0,True
POSCAR_Mn2O2_7_y975,4.528,-4.528,-0.0,True
POSCAR_Mn2O2_7_z025,4.554,-4.554,0.0,True
POSCAR_Mn2O2_7_z050,4.567,-4.567,0.0,True
POSCAR_Mn2O2_7_z950,4.499,-4.498,0.0,True
POSCAR_Mn2O2_7_z975,4.521,-4.52,0.0,True
POSCAR_Mn2O3_1,3.826,-3.825,0.0,True
POSCAR_Mn2O3_1_st025,3.9,-3.9,0.0,True
POSCAR_Mn2O3_1_st050,3.983,-3.982,0.0,True
POSCAR_Mn2O3_1_st950,3.686,-3.685,0.0,True
POSCAR_Mn2O3_1_st975,3.755,-3.755,0.0,True
POSCAR_Mn2O3_1_x025,3.845,-3.844,0.0,True
POSCAR_Mn2O3_1_x050,3.863,-3.862,0.0,True
POSCAR_Mn2O3_1_x950,3.785,-3.785,0.0,True
POSCAR_Mn2O3_1_x975,3.806,-3.806,0.0,True
POSCAR_Mn2O3_1_y025,3.855,-3.854,0.0,True
POSCAR_Mn2O3_1_y050,3.883,-3.883,0.0,True
POSCAR_Mn2O3_1_y950,3.767,-3.767,0.0,True
POSCAR_Mn2O3_1_y975,3.797,-3.796,0.0,True
POSCAR_Mn2O3_1_z025,3.849,-3.849,0.0,True
POSCAR_Mn2O3_1_z050,3.873,-3.872,0.0,True
POSCAR_Mn2O3_1_z950,3.777,-3.776,0.0,True
POSCAR_Mn2O3_1_z975,3.802,-3.801,0.0,True
POSCAR_Mn2O4_1,3.043,-3.043,0.0,True
POSCAR_Mn2O4_1_st025,3.179,-3.179,0.0,True
POSCAR_Mn2O4_1_st050,3.349,-3.348,0.0,True
POSCAR_Mn2O4_1_st950,2.827,-2.827,0.0,True
POSCAR_Mn2O4_1_st975,2.928,-2.928,0.0,True
POSCAR_Mn2O4_1_x025,3.102,-3.102,0.0,True
POSCAR_Mn2O4_1_x050,3.164,-3.164,0.0,True
POSCAR_Mn2O4_1_x950,2.933,-2.933,0.0,True
POSCAR_Mn2O4_1_x975,2.987,-2.987,0.0,True
POSCAR_Mn2O4_1_y025,3.078,-3.078,0.0,True
POSCAR_Mn2O4_1_y050,3.117,-3.116,0.0,True
POSCAR_Mn2O4_1_y950,2.981,-2.981,0.0,True
POSCAR_Mn2O4_1_y975,3.011,-3.011,0.0,True
POSCAR_Mn2O4_1_z025,3.078,-3.078,0.0,True
POSCAR_Mn2O4_1_z050,3.116,-3.116,-0.0,True
POSCAR_Mn2O4_1_z950,2.981,-2.981,0.0,True
POSCAR_Mn2O4_1_z975,3.011,-3.011,0.0,True
POSCAR_Mn2P2_4,4.069,-4.071,-0.001,True
POSCAR_Mn2P2_4_st025,4.168,-4.171,-0.003,True
POSCAR_Mn2P2_4_st050,4.258,-4.26,-0.001,True
POSCAR_Mn2P2_4_st975,3.953,-3.956,-0.004,True
POSCAR_Mn2P2_4_x025,4.105,-4.107,-0.001,True
POSCAR_Mn2P2_4_x050,4.14,-4.14,-0.001,True
POSCAR_Mn2P2_4_x950,3.99,-3.994,-0.005,True
POSCAR_Mn2P2_4_x975,4.032,-4.036,-0.005,True
POSCAR_Mn2P2_4_y025,4.105,-4.109,-0.004,True
POSCAR_Mn2P2_4_y050,4.141,-4.143,-0.002,True
POSCAR_Mn2P2_4_y950,3.991,-3.992,-0.001,True
POSCAR_Mn2P2_4_y975,4.032,-4.035,-0.003,True
POSCAR_Mn2P2_4_z025,4.102,-4.105,-0.005,True
POSCAR_Mn2P2_4_z050,4.14,-4.145,-0.005,True
POSCAR_Mn2P2_4_z950,3.993,-3.994,0.001,True
POSCAR_Mn2P2_4_z975,4.031,-4.034,-0.003,True
POSCAR_Mn2Pb4_2,4.517,-4.518,-0.001,True
POSCAR_Mn2Pb4_2_st025,4.565,-4.566,-0.001,True
POSCAR_Mn2Pb4_2_st050,4.605,-4.606,-0.001,True
POSCAR_Mn2Pb4_2_st950,4.38,-4.381,-0.002,True
POSCAR_Mn2Pb4_2_st975,4.456,-4.458,-0.002,True
POSCAR_Mn2Pb4_2_x025,4.533,-4.534,-0.002,True
POSCAR_Mn2Pb4_2_x050,4.549,-4.549,0.001,True
POSCAR_Mn2Pb4_2_x950,4.475,-4.477,-0.004,True
POSCAR_Mn2Pb4_2_x975,4.498,-4.499,-0.0,True
POSCAR_Mn2Pb4_2_y025,4.532,-4.534,-0.002,True
POSCAR_Mn2Pb4_2_y050,4.545,-4.547,-0.003,True
POSCAR_Mn2Pb4_2_y950,4.476,-4.477,-0.001,True
POSCAR_Mn2Pb4_2_y975,4.497,-4.498,-0.0,True
POSCAR_Mn2Pb4_2_z025,4.534,-4.535,0.0,True
POSCAR_Mn2Pb4_2_z050,4.549,-4.55,-0.001,True
POSCAR_Mn2Pb4_2_z950,4.474,-4.474,0.001,True
POSCAR_Mn2Pb4_2_z975,4.496,-4.497,0.0,True
POSCAR_Mn2Pb8_1,4.484,-4.486,-0.004,True
POSCAR_Mn2Pb8_1_st050,4.583,-4.584,-0.002,True
POSCAR_Mn2Pb8_1_st975,4.418,-4.42,-0.004,True
POSCAR_Mn2Pb8_1_x025,4.503,-4.504,-0.004,True
POSCAR_Mn2Pb8_1_x050,4.52,-4.52,0.004,True
POSCAR_Mn2Pb8_1_x950,4.444,-4.448,-0.01,True
POSCAR_Mn2Pb8_1_x975,4.464,-4.468,-0.011,False
POSCAR_Mn2Pb8_1_y025,4.503,-4.504,0.002,True
POSCAR_Mn2Pb8_1_y050,4.519,-4.52,-0.004,True
POSCAR_Mn2Pb8_1_y950,4.446,-4.445,0.007,True
POSCAR_Mn2Pb8_1_y975,4.466,-4.467,-0.001,True
POSCAR_Mn2Pb8_1_z025,4.507,-4.508,-0.004,True
POSCAR_Mn2Pb8_1_z050,4.526,-4.527,0.001,True
POSCAR_Mn2Pb8_1_z950,4.435,-4.437,-0.007,True
POSCAR_Mn2Pb8_1_z975,4.461,-4.462,-0.003,True
POSCAR_Mn2Pb8_2,4.574,-4.574,-0.0,True
POSCAR_Mn2Pb8_2_st025,4.615,-4.615,-0.0,True
POSCAR_Mn2Pb8_2_st050,4.647,-4.647,0.001,True
POSCAR_Mn2Pb8_2_st950,4.462,-4.462,0.001,True
POSCAR_Mn2Pb8_2_st975,4.524,-4.524,0.001,True
POSCAR_Mn2Pb8_2_x025,4.592,-4.592,-0.0,True
POSCAR_Mn2Pb8_2_x050,4.608,-4.608,0.0,True
POSCAR_Mn2Pb8_2_x950,4.533,-4.533,0.0,True
POSCAR_Mn2Pb8_2_x975,4.554,-4.554,0.001,True
POSCAR_Mn2Pb8_2_y025,4.584,-4.585,-0.002,True
POSCAR_Mn2Pb8_2_y050,4.595,-4.595,-0.0,True
POSCAR_Mn2Pb8_2_y950,4.548,-4.549,-0.002,True
POSCAR_Mn2Pb8_2_y975,4.562,-4.562,0.0,True
POSCAR_Mn2Pb8_2_z025,4.588,-4.588,0.003,True
POSCAR_Mn2Pb8_2_z050,4.6,-4.601,-0.002,True
POSCAR_Mn2Pb8_2_z950,4.543,-4.544,-0.001,True
POSCAR_Mn2Pb8_2_z975,4.559,-4.56,-0.002,True
POSCAR_Mn2Pb8_3,4.47,-4.47,-0.0,True
POSCAR_Mn2Pb8_3_st025,4.524,-4.524,-0.0,True
POSCAR_Mn2Pb8_3_st050,4.569,-4.569,-0.0,True
POSCAR_Mn2Pb8_3_st950,4.321,-4.321,-0.001,True
POSCAR_Mn2Pb8_3_st975,4.405,-4.406,-0.001,True
POSCAR_Mn2Pb8_3_x025,4.489,-4.488,0.003,True
POSCAR_Mn2Pb8_3_x050,4.507,-4.507,-0.002,True
POSCAR_Mn2Pb8_3_x950,4.427,-4.427,0.002,True
POSCAR_Mn2Pb8_3_x975,4.45,-4.45,-0.001,True
POSCAR_Mn2Pb8_3_y025,4.488,-4.489,-0.003,True
POSCAR_Mn2Pb8_3_y050,4.507,-4.507,0.001,True
POSCAR_Mn2Pb8_3_y950,4.426,-4.427,-0.002,True
POSCAR_Mn2Pb8_3_y975,4.45,-4.45,0.001,True
POSCAR_Mn2Pb8_3_z025,4.488,-4.488,-0.0,True
POSCAR_Mn2Pb8_3_z050,4.51,-4.51,0.0,True
POSCAR_Mn2Pb8_3_z950,4.425,-4.425,-0.001,True
POSCAR_Mn2Pb8_3_z975,4.45,-4.45,-0.0,True
POSCAR_Mn2S2_1,4.511,-4.511,0.0,True
POSCAR_Mn2S2_1_st025,4.552,-4.552,0.0,True
POSCAR_Mn2S2_1_st050,4.585,-4.585,0.0,True
POSCAR_Mn2S2_1_st950,4.392,-4.392,0.0,True
POSCAR_Mn2S2_1_st975,4.459,-4.459,0.0,True
POSCAR_Mn2S2_1_x025,4.525,-4.525,-0.0,True
POSCAR_Mn2S2_1_x050,4.536,-4.537,-0.0,True
POSCAR_Mn2S2_1_x950,4.477,-4.477,0.0,True
POSCAR_Mn2S2_1_x975,4.495,-4.495,0.0,True
POSCAR_Mn2S2_1_y025,4.525,-4.525,0.0,True
POSCAR_Mn2S2_1_y050,4.537,-4.536,0.0,True
POSCAR_Mn2S2_1_y950,4.477,-4.477,-0.0,True
POSCAR_Mn2S2_1_y975,4.495,-4.495,-0.0,True
POSCAR_Mn2S2_1_z025,4.527,-4.527,0.0,True
POSCAR_Mn2S2_1_z050,4.54,-4.54,0.0,True
POSCAR_Mn2S2_1_z950,4.473,-4.473,0.0,True
POSCAR_Mn2S2_1_z975,4.493,-4.493,0.0,True
POSCAR_Mn2S2_2,4.549,-4.549,0.0,True
POSCAR_Mn2S2_2_st025,4.583,-4.583,0.0,True
POSCAR_Mn2S2_2_st050,4.611,-4.611,0.0,True
POSCAR_Mn2S2_2_st950,4.455,-4.454,0.0,True
POSCAR_Mn2S2_2_st975,4.507,-4.507,0.0,True
POSCAR_Mn2S2_2_x025,4.559,-4.559,0.0,True
POSCAR_Mn2S2_2_x050,4.567,-4.567,0.0,True
POSCAR_Mn2S2_2_x950,4.524,-4.524,0.0,True
POSCAR_Mn2S2_2_x975,4.537,-4.537,0.0,True
POSCAR_Mn2S2_2_y025,4.559,-4.559,0.0,True
POSCAR_Mn2S2_2_y050,4.567,-4.567,0.0,True
POSCAR_Mn2S2_2_y950,4.524,-4.524,0.0,True
POSCAR_Mn2S2_2_y975,4.538,-4.537,0.0,True
POSCAR_Mn2S2_2_z025,4.564,-4.564,0.0,True
POSCAR_Mn2S2_2_z050,4.577,-4.576,0.0,True
POSCAR_Mn2S2_2_z950,4.51,-4.51,0.0,True
POSCAR_Mn2S2_2_z975,4.531,-4.531,0.0,True
POSCAR_Mn2S4_1,4.526,-4.526,-0.0,True
POSCAR_Mn2S4_1_st025,4.566,-4.566,-0.0,True
POSCAR_Mn2S4_1_st050,4.598,-4.598,-0.0,True
POSCAR_Mn2S4_1_st950,4.408,-4.408,-0.0,True
POSCAR_Mn2S4_1_st975,4.475,-4.475,-0.0,True
POSCAR_Mn2S4_1_x025,4.54,-4.54,-0.0,True
POSCAR_Mn2S4_1_x050,4.554,-4.554,-0.0,True
POSCAR_Mn2S4_1_x950,4.49,-4.49,-0.0,True
POSCAR_Mn2S4_1_x975,4.509,-4.509,-0.0,True
POSCAR_Mn2S4_1_y025,4.537,-4.537,-0.0,True
POSCAR_Mn2S4_1_y050,4.548,-4.548,-0.0,True
POSCAR_Mn2S4_1_y950,4.498,-4.498,-0.0,True
POSCAR_Mn2S4_1_y975,4.512,-4.512,-0.0,True
POSCAR_Mn2S4_1_z025,4.541,-4.541,-0.0,True
POSCAR_Mn2S4_1_z050,4.554,-4.554,-0.0,True
POSCAR_Mn2S4_1_z950,4.486,-4.486,-0.0,True
POSCAR_Mn2S4_1_z975,4.507,-4.507,-0.0,True
POSCAR_Mn2Sb4_1,4.401,-4.402,-0.0,True
POSCAR_Mn2Sb4_1_st025,4.464,-4.465,-0.0,True
POSCAR_Mn2Sb4_1_st050,4.514,-4.514,-0.0,True
POSCAR_Mn2Sb4_1_st950,4.219,-4.22,-0.001,True
POSCAR_Mn2Sb4_1_st975,4.322,-4.323,-0.001,True
POSCAR_Mn2Sb4_1_x025,4.413,-4.414,-0.001,True
POSCAR_Mn2Sb4_1_x050,4.428,-4.428,-0.0,True
POSCAR_Mn2Sb4_1_x950,4.369,-4.369,-0.0,True
POSCAR_Mn2Sb4_1_x975,4.388,-4.388,-0.001,True
POSCAR_Mn2Sb4_1_y025,4.426,-4.427,-0.001,True
POSCAR_Mn2Sb4_1_y050,4.45,-4.45,-0.0,True
POSCAR_Mn2Sb4_1_y950,4.333,-4.333,-0.001,True
POSCAR_Mn2Sb4_1_y975,4.369,-4.369,-0.001,True
POSCAR_Mn2Sb4_1_z025,4.427,-4.427,-0.001,True
POSCAR_Mn2Sb4_1_z050,4.446,-4.447,-0.0,True
POSCAR_Mn2Sb4_1_z950,4.34,-4.341,-0.001,True
POSCAR_Mn2Sb4_1_z975,4.372,-4.373,-0.001,True
POSCAR_Mn2Sb6_1,4.38,-4.384,-0.004,True
POSCAR_Mn2Sb6_1_x025,4.401,-4.409,-0.025,False
POSCAR_Mn2Sb6_1_x050,4.42,-4.431,-0.043,False
POSCAR_Mn2Sb6_1_x950,4.329,-4.334,0.001,True
POSCAR_Mn2Sb6_1_x975,4.349,-4.362,-0.02,False
POSCAR_Mn2Sb6_1_y025,4.407,-4.414,-0.016,False
POSCAR_Mn2Sb6_1_y050,4.438,-4.437,0.002,True
POSCAR_Mn2Sb6_1_y950,4.306,-4.31,-0.027,False
POSCAR_Mn2Sb6_1_y975,4.342,-4.352,-0.021,False
POSCAR_Mn2Sb6_1_z025,4.405,-4.409,-0.002,True
POSCAR_Mn2Sb6_1_z050,4.431,-4.431,0.01,True
POSCAR_Mn2Sb6_1_z950,4.325,-4.315,0.014,False
POSCAR_Mn2Sb6_1_z975,4.353,-4.353,-0.003,True
POSCAR_Mn2Se2_1,4.568,-4.568,-0.0,True
POSCAR_Mn2Se2_1_st025,4.598,-4.598,-0.0,True
POSCAR_Mn2Se2_1_st050,4.623,-4.623,-0.0,True
POSCAR_Mn2Se2_1_st950,4.486,-4.486,-0.0,True
POSCAR_Mn2Se2_1_st975,4.531,-4.531,-0.0,True
POSCAR_Mn2Se2_1_x025,4.577,-4.577,-0.0,True
POSCAR_Mn2Se2_1_x050,4.584,-4.584,-0.0,True
POSCAR_Mn2Se2_1_x950,4.546,-4.546,-0.0,True
POSCAR_Mn2Se2_1_x975,4.558,-4.558,-0.0,True
POSCAR_Mn2Se2_1_y025,4.577,-4.577,-0.0,True
POSCAR_Mn2Se2_1_y050,4.584,-4.584,-0.0,True
POSCAR_Mn2Se2_1_y950,4.546,-4.546,0.0,True
POSCAR_Mn2Se2_1_y975,4.558,-4.558,-0.0,True
POSCAR_Mn2Se2_1_z025,4.581,-4.581,-0.0,True
POSCAR_Mn2Se2_1_z050,4.593,-4.593,-0.0,True
POSCAR_Mn2Se2_1_z950,4.534,-4.534,-0.0,True
POSCAR_Mn2Se2_1_z975,4.552,-4.552,-0.0,True
POSCAR_Mn2Se2_2,4.522,-4.523,-0.0,True
POSCAR_Mn2Se2_2_st025,4.56,-4.561,-0.0,True
POSCAR_Mn2Se2_2_st050,4.592,-4.592,-0.0,True
POSCAR_Mn2Se2_2_st950,4.417,-4.417,-0.0,True
POSCAR_Mn2Se2_2_st975,4.476,-4.476,-0.0,True
POSCAR_Mn2Se2_2_x025,4.535,-4.535,-0.0,True
POSCAR_Mn2Se2_2_x050,4.546,-4.546,-0.0,True
POSCAR_Mn2Se2_2_x950,4.492,-4.492,-0.0,True
POSCAR_Mn2Se2_2_x975,4.508,-4.509,-0.0,True
POSCAR_Mn2Se2_2_y025,4.535,-4.535,-0.0,True
POSCAR_Mn2Se2_2_y050,4.546,-4.546,-0.0,True
POSCAR_Mn2Se2_2_y950,4.492,-4.492,-0.0,True
POSCAR_Mn2Se2_2_y975,4.508,-4.509,-0.0,True
POSCAR_Mn2Se2_2_z025,4.537,-4.537,-0.0,True
POSCAR_Mn2Se2_2_z050,4.55,-4.55,-0.0,True
POSCAR_Mn2Se2_2_z950,4.488,-4.488,-0.0,True
POSCAR_Mn2Se2_2_z975,4.506,-4.506,-0.0,True
POSCAR_Mn2Se2_3,4.531,-4.531,-0.0,True
POSCAR_Mn2Se2_3_st025,4.568,-4.568,-0.0,True
POSCAR_Mn2Se2_3_st050,4.599,-4.599,-0.0,True
POSCAR_Mn2Se2_3_st950,4.427,-4.428,-0.0,True
POSCAR_Mn2Se2_3_st975,4.485,-4.485,-0.0,True
POSCAR_Mn2Se2_3_x025,4.545,-4.545,-0.0,True
POSCAR_Mn2Se2_3_x050,4.558,-4.558,-0.0,True
POSCAR_Mn2Se2_3_x950,4.496,-4.496,-0.0,True
POSCAR_Mn2Se2_3_x975,4.515,-4.515,-0.0,True
POSCAR_Mn2Se2_3_y025,4.541,-4.541,-0.0,True
POSCAR_Mn2Se2_3_y050,4.55,-4.55,-0.0,True
POSCAR_Mn2Se2_3_y950,4.507,-4.508,-0.0,True
POSCAR_Mn2Se2_3_y975,4.52,-4.52,-0.0,True
POSCAR_Mn2Se2_3_z025,4.546,-4.546,-0.0,True
POSCAR_Mn2Se2_3_z050,4.559,-4.559,-0.0,True
POSCAR_Mn2Se2_3_z950,4.496,-4.496,-0.0,True
POSCAR_Mn2Se2_3_z975,4.515,-4.515,-0.0,True
POSCAR_Mn2Se4_1,4.527,-4.526,0.0,True
POSCAR_Mn2Se4_1_st025,4.565,-4.565,0.0,True
POSCAR_Mn2Se4_1_st050,4.597,-4.597,0.0,True
POSCAR_Mn2Se4_1_st950,4.417,-4.417,-0.0,True
POSCAR_Mn2Se4_1_st975,4.479,-4.478,0.0,True
POSCAR_Mn2Se4_1_x025,4.541,-4.541,0.0,True
POSCAR_Mn2Se4_1_x050,4.555,-4.555,0.0,True
POSCAR_Mn2Se4_1_x950,4.489,-4.489,-0.0,True
POSCAR_Mn2Se4_1_x975,4.509,-4.509,0.0,True
POSCAR_Mn2Se4_1_y025,4.537,-4.537,0.0,True
POSCAR_Mn2Se4_1_y050,4.546,-4.546,0.0,True
POSCAR_Mn2Se4_1_y950,4.502,-4.502,0.0,True
POSCAR_Mn2Se4_1_y975,4.515,-4.515,0.0,True
POSCAR_Mn2Se4_1_z025,4.541,-4.541,0.0,True
POSCAR_Mn2Se4_1_z050,4.554,-4.554,0.0,True
POSCAR_Mn2Se4_1_z950,4.49,-4.489,0.0,True
POSCAR_Mn2Se4_1_z975,4.509,-4.509,0.0,True
POSCAR_Mn2Sn3_1,4.402,-4.399,0.004,True
POSCAR_Mn2Sn3_1_st025,4.468,-4.466,0.001,True
POSCAR_Mn2Sn3_1_st050,4.523,-4.522,0.0,True
POSCAR_Mn2Sn3_1_st950,4.215,-4.212,0.003,True
POSCAR_Mn2Sn3_1_x025,4.422,-4.42,0.002,True
POSCAR_Mn2Sn3_1_x050,4.439,-4.437,0.003,True
POSCAR_Mn2Sn3_1_x950,4.349,-4.348,-0.001,True
POSCAR_Mn2Sn3_1_x975,4.376,-4.373,0.005,True
POSCAR_Mn2Sn3_1_y025,4.422,-4.42,0.002,True
POSCAR_Mn2Sn3_1_y050,4.439,-4.437,0.003,True
POSCAR_Mn2Sn3_1_y950,4.349,-4.348,-0.001,True
POSCAR_Mn2Sn3_1_y975,4.376,-4.373,0.005,True
POSCAR_Mn2Sn3_1_z025,4.431,-4.428,0.002,True
POSCAR_Mn2Sn3_1_z050,4.455,-4.453,0.001,True
POSCAR_Mn2Sn3_1_z950,4.33,-4.331,-0.003,True
POSCAR_Mn2Sn3_1_z975,4.368,-4.366,0.003,True
POSCAR_Mn2Te2_1,4.515,-4.515,-0.001,True
POSCAR_Mn2Te2_1_st025,4.555,-4.556,-0.0,True
POSCAR_Mn2Te2_1_st050,4.589,-4.589,-0.0,True
POSCAR_Mn2Te2_1_st950,4.402,-4.403,-0.001,True
POSCAR_Mn2Te2_1_st975,4.465,-4.465,-0.001,True
POSCAR_Mn2Te2_1_x025,4.528,-4.529,-0.0,True
POSCAR_Mn2Te2_1_x050,4.54,-4.541,-0.0,True
POSCAR_Mn2Te2_1_x950,4.482,-4.483,-0.001,True
POSCAR_Mn2Te2_1_x975,4.499,-4.5,-0.001,True
POSCAR_Mn2Te2_1_y025,4.528,-4.529,-0.0,True
POSCAR_Mn2Te2_1_y050,4.54,-4.541,-0.0,True
POSCAR_Mn2Te2_1_y950,4.482,-4.483,-0.001,True
POSCAR_Mn2Te2_1_y975,4.499,-4.5,-0.001,True
POSCAR_Mn2Te2_1_z025,4.53,-4.531,-0.001,True
POSCAR_Mn2Te2_1_z050,4.544,-4.545,-0.0,True
POSCAR_Mn2Te2_1_z950,4.477,-4.478,-0.001,True
POSCAR_Mn2Te2_1_z975,4.497,-4.498,-0.001,True
POSCAR_Mn2Te3_1,4.458,-4.46,-0.004,True
POSCAR_Mn2Te3_1_st050,4.553,-4.555,-0.004,True
POSCAR_Mn2Te3_1_x025,4.474,-4.477,-0.006,True
POSCAR_Mn2Te3_1_x050,4.489,-4.491,-0.001,True
POSCAR_Mn2Te3_1_x950,4.42,-4.421,0.001,True
POSCAR_Mn2Te3_1_x975,4.44,-4.442,-0.003,True
POSCAR_Mn2Te3_1_y025,4.474,-4.477,-0.006,True
POSCAR_Mn2Te3_1_y050,4.489,-4.491,-0.001,True
POSCAR_Mn2Te3_1_y950,4.42,-4.421,0.001,True
POSCAR_Mn2Te3_1_y975,4.44,-4.442,-0.003,True
POSCAR_Mn2Te3_1_z025,4.479,-4.481,-0.004,True
POSCAR_Mn2Te3_1_z050,4.496,-4.498,-0.007,True
POSCAR_Mn2Te3_1_z950,4.398,-4.404,-0.032,False
POSCAR_Mn2Te3_1_z975,4.432,-4.433,-0.001,True
POSCAR_Mn2Te4_1,4.513,-4.513,-0.0,True
POSCAR_Mn2Te4_1_st025,4.556,-4.556,0.0,True
POSCAR_Mn2Te4_1_st050,4.591,-4.591,0.0,True
POSCAR_Mn2Te4_1_st950,4.39,-4.39,-0.0,True
POSCAR_Mn2Te4_1_st975,4.46,-4.46,-0.0,True
POSCAR_Mn2Te4_1_x025,4.53,-4.53,0.0,True
POSCAR_Mn2Te4_1_x050,4.545,-4.545,0.0,True
POSCAR_Mn2Te4_1_x950,4.471,-4.471,0.0,True
POSCAR_Mn2Te4_1_x975,4.495,-4.495,-0.0,True
POSCAR_Mn2Te4_1_y025,4.526,-4.526,-0.0,True
POSCAR_Mn2Te4_1_y050,4.536,-4.536,-0.0,True
POSCAR_Mn2Te4_1_y950,4.486,-4.486,-0.0,True
POSCAR_Mn2Te4_1_y975,4.5,-4.5,-0.0,True
POSCAR_Mn2Te4_1_z025,4.53,-4.53,-0.0,True
POSCAR_Mn2Te4_1_z050,4.544,-4.544,0.0,True
POSCAR_Mn2Te4_1_z950,4.474,-4.474,-0.0,True
POSCAR_Mn2Te4_1_z975,4.495,-4.495,-0.0,True
POSCAR_Mn2Te8_1,4.478,-4.478,-0.002,True
POSCAR_Mn2Te8_1_st025,4.528,-4.528,0.002,True
POSCAR_Mn2Te8_1_st950,4.335,-4.335,0.002,True
POSCAR_Mn2Te8_1_st975,4.415,-4.415,0.0,True
POSCAR_Mn2Te8_1_x025,4.497,-4.496,0.0,True
POSCAR_Mn2Te8_1_x050,4.512,-4.512,-0.001,True
POSCAR_Mn2Te8_1_x950,4.432,-4.432,0.003,True
POSCAR_Mn2Te8_1_x975,4.458,-4.458,0.005,True
POSCAR_Mn2Te8_1_y025,4.494,-4.494,0.003,True
POSCAR_Mn2Te8_1_y050,4.508,-4.508,-0.001,True
POSCAR_Mn2Te8_1_y950,4.441,-4.441,0.001,True
POSCAR_Mn2Te8_1_y975,4.461,-4.461,0.002,True
POSCAR_Mn2Te8_1_z025,4.498,-4.497,0.003,True
POSCAR_Mn2Te8_1_z050,4.516,-4.515,0.002,True
POSCAR_Mn2Te8_1_z950,4.436,-4.436,-0.002,True
POSCAR_Mn2Te8_1_z975,4.457,-4.457,-0.004,True
POSCAR_Mn2Te8_2,4.478,-4.479,-0.0,True
POSCAR_Mn2Te8_2_st025,4.528,-4.529,-0.001,True
POSCAR_Mn2Te8_2_st050,4.57,-4.57,-0.001,True
POSCAR_Mn2Te8_2_st950,4.343,-4.344,-0.001,True
POSCAR_Mn2Te8_2_st975,4.418,-4.418,-0.001,True
POSCAR_Mn2Te8_2_x025,4.492,-4.493,-0.0,True
POSCAR_Mn2Te8_2_x050,4.505,-4.506,-0.002,True
POSCAR_Mn2Te8_2_x950,4.448,-4.448,-0.002,True
POSCAR_Mn2Te8_2_x975,4.463,-4.464,-0.002,True
POSCAR_Mn2Te8_2_y025,4.492,-4.493,-0.002,True
POSCAR_Mn2Te8_2_y050,4.506,-4.506,0.0,True
POSCAR_Mn2Te8_2_y950,4.448,-4.448,-0.0,True
POSCAR_Mn2Te8_2_y975,4.464,-4.464,0.0,True
POSCAR_Mn2Te8_2_z025,4.503,-4.503,-0.001,True
POSCAR_Mn2Te8_2_z050,4.525,-4.525,-0.001,True
POSCAR_Mn2Te8_2_z950,4.421,-4.422,0.0,True
POSCAR_Mn2Te8_2_z975,4.451,-4.451,-0.002,True
POSCAR_Mn2Te8_3,4.437,-4.437,0.001,True
POSCAR_Mn2Te8_3_st025,4.493,-4.493,0.001,True
POSCAR_Mn2Te8_3_st050,4.539,-4.539,0.0,True
POSCAR_Mn2Te8_3_st950,4.285,-4.285,0.002,True
POSCAR_Mn2Te8_3_st975,4.369,-4.368,0.004,True
POSCAR_Mn2Te8_3_x025,4.454,-4.454,-0.004,True
POSCAR_Mn2Te8_3_x050,4.47,-4.469,-0.009,True
POSCAR_Mn2Te8_3_x950,4.393,-4.398,-0.018,False
POSCAR_Mn2Te8_3_x975,4.416,-4.418,-0.008,True
POSCAR_Mn2Te8_3_y025,4.454,-4.454,-0.0,True
POSCAR_Mn2Te8_3_y050,4.47,-4.466,0.022,False
POSCAR_Mn2Te8_3_y950,4.385,-4.392,-0.033,False
POSCAR_Mn2Te8_3_y975,4.414,-4.416,-0.012,False
POSCAR_Mn2Te8_3_z025,4.458,-4.46,-0.005,True
POSCAR_Mn2Te8_3_z050,4.477,-4.482,-0.022,False
POSCAR_Mn2Te8_3_z950,4.386,-4.382,0.002,True
POSCAR_Mn2Te8_3_z975,4.413,-4.41,0.009,True
POSCAR_Mn2Tl13_1,4.523,-4.524,-0.004,True
POSCAR_Mn2Tl13_1_st025,4.572,-4.571,-0.0,True
POSCAR_Mn2Tl13_1_st050,4.612,-4.611,0.001,True
POSCAR_Mn2Tl13_1_st975,4.464,-4.463,0.004,True
POSCAR_Mn2Tl13_1_x025,4.544,-4.544,-0.003,True
POSCAR_Mn2Tl13_1_x050,4.563,-4.561,0.014,False
POSCAR_Mn2Tl13_1_x950,4.479,-4.476,0.01,True
POSCAR_Mn2Tl13_1_x975,4.502,-4.501,0.002,True
POSCAR_Mn2Tl13_1_y025,4.54,-4.539,0.002,True
POSCAR_Mn2Tl13_1_y050,4.553,-4.552,0.004,True
POSCAR_Mn2Tl13_1_y950,4.489,-4.487,0.009,True
POSCAR_Mn2Tl13_1_y975,4.507,-4.507,-0.0,True
POSCAR_Mn2Tl13_1_z025,4.541,-4.54,0.002,True
POSCAR_Mn2Tl13_1_z050,4.556,-4.554,0.009,True
POSCAR_Mn2Tl13_1_z950,4.488,-4.487,-0.001,True
POSCAR_Mn2Tl13_1_z975,4.506,-4.505,-0.001,True
POSCAR_Mo2N2_2,1.666,-1.666,-0.0,True
POSCAR_Mo2N2_2_st050,2.416,-2.416,0.0,True
POSCAR_Mo2N2_2_x025,2.155,-2.155,-0.0,True
POSCAR_Mo2N2_2_x050,2.23,-2.23,0.0,True
POSCAR_Mo2N2_2_x950,1.338,-1.338,0.0,True
POSCAR_Mo2N2_2_y025,2.155,-2.155,-0.0,True
POSCAR_Mo2N2_2_y050,2.231,-2.231,0.0,True
POSCAR_Mo2N2_2_y950,1.335,-1.335,-0.0,True
POSCAR_Mo2N2_2_z025,-0.011,0.022,0.011,False
POSCAR_Mo2N2_2_z975,1.564,-1.568,-0.004,True
POSCAR_Mo2N2_4,1.668,-1.668,-0.0,True
POSCAR_Mo2N2_4_st025,1.876,-1.876,-0.0,True
POSCAR_Mo2N2_4_st050,2.102,-2.099,0.003,True
POSCAR_Mo2N2_4_st975,1.429,-1.429,0.0,True
POSCAR_Mo2N2_4_x025,1.712,-1.712,-0.0,True
POSCAR_Mo2N2_4_x050,1.764,-1.763,0.001,True
POSCAR_Mo2N2_4_x950,1.526,-1.527,-0.001,True
POSCAR_Mo2N2_4_x975,1.581,-1.582,-0.0,True
POSCAR_Mo2N2_4_y025,1.712,-1.713,-0.0,True
POSCAR_Mo2N2_4_y050,1.764,-1.763,0.0,True
POSCAR_Mo2N2_4_y950,1.528,-1.527,0.001,True
POSCAR_Mo2N2_4_y975,1.582,-1.583,-0.002,True
POSCAR_Mo2N2_4_z025,1.752,-1.752,-0.0,True
POSCAR_Mo2N2_4_z050,1.832,-1.832,-0.0,True
POSCAR_Mo2N2_4_z950,1.468,-1.467,0.001,True
POSCAR_Mo2N2_4_z975,1.573,-1.572,0.001,True
POSCAR_Mo2O3_1,2.402,-2.402,0.0,True
POSCAR_Mo2O3_1_st025,2.473,-2.473,0.0,True
POSCAR_Mo2O3_1_st050,2.535,-2.535,0.0,True
POSCAR_Mo2O3_1_st950,2.221,-2.221,0.0,True
POSCAR_Mo2O3_1_st975,2.319,-2.319,0.0,True
POSCAR_Mo2O3_1_x025,2.409,-2.409,0.0,True
POSCAR_Mo2O3_1_x050,2.415,-2.415,0.0,True
POSCAR_Mo2O3_1_x950,2.381,-2.382,0.0,True
POSCAR_Mo2O3_1_x975,2.393,-2.393,0.0,True
POSCAR_Mo2O3_1_y025,2.436,-2.434,-0.001,True
POSCAR_Mo2O3_1_y050,2.467,-2.462,-0.001,True
POSCAR_Mo2O3_1_y950,2.324,-2.329,0.001,True
POSCAR_Mo2O3_1_y975,2.365,-2.367,0.001,True
POSCAR_Mo2O3_1_z025,2.434,-2.436,0.001,True
POSCAR_Mo2O3_1_z050,2.462,-2.467,0.002,True
POSCAR_Mo2O3_1_z950,2.329,-2.325,-0.001,True
POSCAR_Mo2O3_1_z975,2.367,-2.365,-0.001,True
POSCAR_Mo2O4_2,1.766,-1.766,-0.0,True
POSCAR_Mo2O4_2_st025,1.806,-1.806,-0.0,True
POSCAR_Mo2O4_2_st050,1.848,-1.848,-0.0,True
POSCAR_Mo2O4_2_st950,1.683,-1.683,-0.0,True
POSCAR_Mo2O4_2_st975,1.726,-1.726,-0.0,True
POSCAR_Mo2O4_2_x025,1.778,-1.778,-0.0,True
POSCAR_Mo2O4_2_x050,1.79,-1.79,-0.0,True
POSCAR_Mo2O4_2_x950,1.736,-1.736,-0.0,True
POSCAR_Mo2O4_2_x975,1.752,-1.752,-0.0,True
POSCAR_Mo2O4_2_y025,1.779,-1.779,-0.0,True
POSCAR_Mo2O4_2_y050,1.792,-1.792,0.0,True
POSCAR_Mo2O4_2_y950,1.738,-1.738,-0.0,True
POSCAR_Mo2O4_2_y975,1.752,-1.752,-0.0,True
POSCAR_Mo2O4_2_z025,1.779,-1.779,-0.0,True
POSCAR_Mo2O4_2_z050,1.792,-1.792,-0.0,True
POSCAR_Mo2O4_2_z950,1.739,-1.739,0.0,True
POSCAR_Mo2O4_2_z975,1.753,-1.753,0.0,True
POSCAR_Mo2P4_4,1.308,-1.309,-0.001,True
POSCAR_Mo2P4_4_st950,0.907,-0.907,0.0,True
POSCAR_Mo2P4_4_st975,1.07,-1.071,-0.001,True
POSCAR_Mo2P4_4_x050,1.775,-1.772,0.003,True
POSCAR_Mo2P4_4_x950,0.71,-0.71,-0.0,True
POSCAR_Mo2P4_4_x975,1.121,-1.122,-0.001,True
POSCAR_Mo2P4_4_y025,1.373,-1.373,-0.0,True
POSCAR_Mo2P4_4_y050,1.001,-1.002,-0.0,True
POSCAR_Mo2P4_4_y950,1.141,-1.143,-0.002,True
POSCAR_Mo2P4_4_y975,1.199,-1.198,0.001,True
POSCAR_Mo2P4_4_z025,1.357,-1.358,-0.001,True
POSCAR_Mo2P4_4_z050,1.412,-1.413,-0.001,True
POSCAR_Mo2P4_4_z950,1.17,-1.218,-0.051,False
POSCAR_Mo2P4_4_z975,1.227,-1.227,-0.0,True
POSCAR_Mo2P8_1,1.26,-1.26,-0.0,True
POSCAR_Mo2P8_1_st025,1.631,-1.63,0.001,True
POSCAR_Mo2P8_1_st050,1.865,-1.866,-0.001,True
POSCAR_Mo2P8_1_st950,0.689,-0.689,0.0,True
POSCAR_Mo2P8_1_st975,0.954,-0.955,-0.002,True
POSCAR_Mo2P8_1_x025,1.447,-1.447,-0.0,True
POSCAR_Mo2P8_1_x050,1.612,-1.614,-0.002,True
POSCAR_Mo2P8_1_x950,0.948,-0.949,-0.0,True
POSCAR_Mo2P8_1_x975,1.101,-1.101,-0.0,True
POSCAR_Mo2P8_1_y025,1.335,-1.344,-0.008,True
POSCAR_Mo2P8_1_y050,1.471,-1.423,0.051,False
POSCAR_Mo2P8_1_y950,1.122,-1.108,0.012,False
POSCAR_Mo2P8_1_y975,1.197,-1.199,0.002,True
POSCAR_Mo2P8_1_z025,1.344,-1.335,0.007,True
POSCAR_Mo2P8_1_z050,1.424,-1.471,-0.05,False
POSCAR_Mo2P8_1_z950,1.108,-1.122,-0.012,False
POSCAR_Mo2P8_1_z975,1.198,-1.198,-0.002,True
POSCAR_Mo2Sb2_2,2.733,-2.733,-0.0,True
POSCAR_Mo2Sb2_2_st025,2.89,-2.89,-0.0,True
POSCAR_Mo2Sb2_2_st050,3.042,-3.042,-0.001,True
POSCAR_Mo2Sb2_2_st950,2.37,-2.37,-0.0,True
POSCAR_Mo2Sb2_2_st975,2.561,-2.562,-0.001,True
POSCAR_Mo2Sb2_2_x025,2.78,-2.781,-0.0,True
POSCAR_Mo2Sb2_2_x050,2.826,-2.826,-0.0,True
POSCAR_Mo2Sb2_2_x950,2.626,-2.626,-0.0,True
POSCAR_Mo2Sb2_2_x975,2.682,-2.683,-0.001,True
POSCAR_Mo2Sb2_2_y025,2.781,-2.781,-0.0,True
POSCAR_Mo2Sb2_2_y050,2.826,-2.826,-0.0,True
POSCAR_Mo2Sb2_2_y950,2.624,-2.625,-0.001,True
POSCAR_Mo2Sb2_2_y975,2.681,-2.682,-0.0,True
POSCAR_Mo2Sb2_2_z025,2.794,-2.795,-0.001,True
POSCAR_Mo2Sb2_2_z050,2.849,-2.851,-0.002,True
POSCAR_Mo2Sb2_2_z950,2.587,-2.588,-0.0,True
POSCAR_Mo2Sb2_2_z975,2.664,-2.664,-0.0,True
POSCAR_Mo2Se2_1,3.272,-3.271,0.0,True
POSCAR_Mo2Se2_1_st025,3.344,-3.344,0.0,True
POSCAR_Mo2Se2_1_st050,3.406,-3.405,0.0,True
POSCAR_Mo2Se2_1_st950,3.078,-3.078,0.0,True
POSCAR_Mo2Se2_1_st975,3.185,-3.185,0.0,True
POSCAR_Mo2Se2_1_x025,3.292,-3.286,0.004,True
POSCAR_Mo2Se2_1_x050,3.311,-3.299,0.008,True
POSCAR_Mo2Se2_1_x950,3.224,-3.234,-0.006,True
POSCAR_Mo2Se2_1_x975,3.249,-3.254,-0.003,True
POSCAR_Mo2Se2_1_y025,3.29,-3.295,-0.003,True
POSCAR_Mo2Se2_1_y050,3.306,-3.317,-0.007,True
POSCAR_Mo2Se2_1_y950,3.228,-3.217,0.007,True
POSCAR_Mo2Se2_1_y975,3.251,-3.246,0.004,True
POSCAR_Mo2Se2_1_z025,3.308,-3.308,0.0,True
POSCAR_Mo2Se2_1_z050,3.34,-3.34,0.0,True
POSCAR_Mo2Se2_1_z950,3.186,-3.186,0.0,True
POSCAR_Mo2Se2_1_z975,3.231,-3.231,0.0,True
POSCAR_Mo2Sn4_1,1.578,-1.575,0.003,True
POSCAR_Mo2Sn4_1_x025,1.932,-1.932,-0.001,True
POSCAR_Mo2Sn4_1_x050,2.191,-2.19,0.001,True
POSCAR_Mo2Sn4_1_x950,0.702,-0.694,0.008,True
POSCAR_Mo2Sn4_1_x975,1.103,-1.047,0.048,False
POSCAR_Mo2Sn4_1_y025,1.91,-1.892,0.017,False
POSCAR_Mo2Sn4_1_y050,2.138,-2.137,0.001,True
POSCAR_Mo2Sn4_1_y950,0.887,-0.886,0.002,True
POSCAR_Mo2Sn4_1_y975,1.191,-1.084,0.087,False
POSCAR_Mo2Sn4_1_z025,1.932,-1.932,0.0,True
POSCAR_Mo2Sn4_1_z050,2.189,-2.187,0.001,True
POSCAR_Mo2Sn4_1_z950,0.749,-0.736,0.01,True
POSCAR_Mo2Sn4_1_z975,1.072,-1.071,0.001,True
POSCAR_Mo2Sn5_1,2.447,-2.443,0.003,True
POSCAR_Mo2Sn5_1_st025,2.827,-2.825,0.002,True
POSCAR_Mo2Sn5_1_st050,3.121,-3.12,0.001,True
POSCAR_Mo2Sn5_1_st975,2.0,-1.996,0.004,True
POSCAR_Mo2Sn5_1_x025,2.625,-2.621,0.004,True
POSCAR_Mo2Sn5_1_x050,2.773,-2.771,0.001,True
POSCAR_Mo2Sn5_1_x950,2.072,-2.047,0.028,False
POSCAR_Mo2Sn5_1_x975,2.259,-2.254,0.005,True
POSCAR_Mo2Sn5_1_y025,2.59,-2.585,0.005,True
POSCAR_Mo2Sn5_1_y050,2.72,-2.713,0.008,True
POSCAR_Mo2Sn5_1_y950,2.198,-2.17,0.031,False
POSCAR_Mo2Sn5_1_y975,2.318,-2.311,0.008,True
POSCAR_Mo2Sn5_1_z025,2.545,-2.536,0.01,True
POSCAR_Mo2Sn5_1_z050,2.648,-2.644,0.004,True
POSCAR_Mo2Sn5_1_z950,2.256,-2.239,0.017,False
POSCAR_Mo2Sn5_1_z975,2.356,-2.346,0.01,True
POSCAR_Mo2Te2_1,3.294,-3.294,-0.0,True
POSCAR_Mo2Te2_1_st025,3.374,-3.374,-0.0,True
POSCAR_Mo2Te2_1_st050,3.443,-3.443,-0.0,True
POSCAR_Mo2Te2_1_st950,3.076,-3.075,-0.0,True
POSCAR_Mo2Te2_1_st975,3.197,-3.197,-0.0,True
POSCAR_Mo2Te2_1_x025,3.313,-3.32,-0.004,True
POSCAR_Mo2Te2_1_x050,3.33,-3.344,-0.008,True
POSCAR_Mo2Te2_1_x950,3.244,-3.233,0.006,True
POSCAR_Mo2Te2_1_x975,3.271,-3.265,0.003,True
POSCAR_Mo2Te2_1_y025,3.321,-3.315,0.004,True
POSCAR_Mo2Te2_1_y050,3.348,-3.335,0.008,True
POSCAR_Mo2Te2_1_y950,3.233,-3.245,-0.007,True
POSCAR_Mo2Te2_1_y975,3.265,-3.271,-0.003,True
POSCAR_Mo2Te2_1_z025,3.33,-3.33,-0.0,True
POSCAR_Mo2Te2_1_z050,3.363,-3.363,0.0,True
POSCAR_Mo2Te2_1_z950,3.207,-3.207,-0.0,True
POSCAR_Mo2Te2_1_z975,3.253,-3.253,-0.0,True
POSCAR_N2V2_1,1.237,-1.237,0.0,True
POSCAR_N2V2_1_st025,1.448,-1.448,0.0,True
POSCAR_N2V2_1_st050,1.66,-1.66,0.001,True
POSCAR_N2V2_1_st975,0.842,-0.843,-0.0,True
POSCAR_N2V2_1_x025,1.299,-1.317,0.003,True
POSCAR_N2V2_1_x050,1.354,-1.391,0.007,True
POSCAR_N2V2_1_x950,1.026,-0.997,0.002,True
POSCAR_N2V2_1_x975,1.151,-1.135,-0.001,True
POSCAR_N2V2_1_y025,1.318,-1.3,-0.003,True
POSCAR_N2V2_1_y050,1.396,-1.356,-0.007,True
POSCAR_N2V2_1_y950,0.997,-1.026,-0.002,True
POSCAR_N2V2_1_y975,1.135,-1.151,0.001,True
POSCAR_N2V2_1_z025,1.32,-1.32,-0.0,True
POSCAR_N2V2_1_z050,1.395,-1.396,-0.001,True
POSCAR_N2V2_1_z950,1.045,-1.044,-0.0,True
POSCAR_N2V2_1_z975,1.146,-1.145,-0.0,True
POSCAR_N2V2_7,1.811,-1.811,0.0,True
POSCAR_N2V2_7_st025,1.858,-1.857,0.0,True
POSCAR_N2V2_7_st050,1.899,-1.898,0.0,True
POSCAR_N2V2_7_st975,1.755,-1.755,0.0,True
POSCAR_N2V2_7_x025,1.825,-1.825,0.0,True
POSCAR_N2V2_7_x050,1.837,-1.837,0.0,True
POSCAR_N2V2_7_x950,1.778,-1.777,0.001,True
POSCAR_N2V2_7_x975,1.795,-1.795,0.0,True
POSCAR_N2V2_7_y025,1.825,-1.825,0.0,True
POSCAR_N2V2_7_y050,1.837,-1.837,0.0,True
POSCAR_N2V2_7_y950,1.778,-1.777,0.001,True
POSCAR_N2V2_7_y975,1.795,-1.795,0.0,True
POSCAR_N2V2_7_z025,1.831,-1.831,0.0,True
POSCAR_N2V2_7_z050,1.849,-1.849,0.0,True
POSCAR_N2V2_7_z950,1.763,-1.763,0.0,True
POSCAR_N2V2_7_z975,1.788,-1.788,0.0,True
POSCAR_N4Nb2_4,0.652,-0.653,-0.0,True
POSCAR_N4Nb2_4_st025,0.761,-0.761,-0.0,True
POSCAR_N4Nb2_4_st050,0.801,-0.801,-0.0,True
POSCAR_N4Nb2_4_st950,0.479,-0.479,-0.0,True
POSCAR_N4Nb2_4_st975,0.616,-0.616,-0.0,True
POSCAR_N4Nb2_4_x025,0.748,-0.748,0.0,True
POSCAR_N4Nb2_4_x050,0.77,-0.77,-0.0,True
POSCAR_N4Nb2_4_x950,0.456,-0.456,-0.0,True
POSCAR_N4Nb2_4_x975,0.627,-0.627,-0.0,True
POSCAR_N4Nb2_4_y025,0.748,-0.748,0.0,True
POSCAR_N4Nb2_4_y050,0.77,-0.77,-0.0,True
POSCAR_N4Nb2_4_y950,0.456,-0.456,-0.0,True
POSCAR_N4Nb2_4_y975,0.627,-0.627,-0.0,True
POSCAR_N4Nb2_4_z025,0.638,-0.638,-0.0,True
POSCAR_N4Nb2_4_z050,0.48,-0.48,0.0,True
POSCAR_N4Nb2_4_z950,0.721,-0.721,-0.0,True
POSCAR_N4Nb2_4_z975,0.729,-0.729,-0.0,True
POSCAR_Nb2Se2_2,2.148,-2.149,-0.001,True
POSCAR_Nb2Se2_2_st025,2.234,-2.235,-0.001,True
POSCAR_Nb2Se2_2_st050,2.314,-2.315,-0.001,True
POSCAR_Nb2Se2_2_st950,1.938,-1.939,-0.0,True
POSCAR_Nb2Se2_2_st975,2.051,-2.052,-0.001,True
POSCAR_Nb2Se2_2_x025,2.16,-2.161,-0.001,True
POSCAR_Nb2Se2_2_x050,2.169,-2.17,-0.001,True
POSCAR_Nb2Se2_2_x950,2.111,-2.112,-0.001,True
POSCAR_Nb2Se2_2_x975,2.132,-2.133,-0.001,True
POSCAR_Nb2Se2_2_y025,2.16,-2.161,-0.001,True
POSCAR_Nb2Se2_2_y050,2.169,-2.17,-0.001,True
POSCAR_Nb2Se2_2_y950,2.112,-2.112,-0.001,True
POSCAR_Nb2Se2_2_y975,2.132,-2.133,-0.001,True
POSCAR_Nb2Se2_2_z025,2.209,-2.209,-0.001,True
POSCAR_Nb2Se2_2_z050,2.265,-2.265,-0.001,True
POSCAR_Nb2Se2_2_z950,2.007,-2.008,-0.001,True
POSCAR_Nb2Se2_2_z975,2.081,-2.081,-0.001,True
POSCAR_Nb2Te2_4,2.054,-2.055,-0.0,True
POSCAR_Nb2Te2_4_st025,2.149,-2.149,-0.0,True
POSCAR_Nb2Te2_4_st050,2.236,-2.237,-0.0,True
POSCAR_Nb2Te2_4_st950,1.834,-1.834,-0.0,True
POSCAR_Nb2Te2_4_st975,1.951,-1.951,-0.0,True
POSCAR_Nb2Te2_4_x025,2.069,-2.069,-0.0,True
POSCAR_Nb2Te2_4_x050,2.082,-2.082,-0.0,True
POSCAR_Nb2Te2_4_x950,2.02,-2.02,-0.0,True
POSCAR_Nb2Te2_4_x975,2.038,-2.038,-0.0,True
POSCAR_Nb2Te2_4_y025,2.069,-2.069,-0.0,True
POSCAR_Nb2Te2_4_y050,2.082,-2.082,-0.0,True
POSCAR_Nb2Te2_4_y950,2.02,-2.02,-0.0,True
POSCAR_Nb2Te2_4_y975,2.038,-2.038,-0.0,True
POSCAR_Nb2Te2_4_z025,2.12,-2.12,-0.0,True
POSCAR_Nb2Te2_4_z050,2.18,-2.18,-0.0,True
POSCAR_Nb2Te2_4_z950,1.907,-1.907,-0.0,True
POSCAR_Nb2Te2_4_z975,1.984,-1.984,-0.0,True
POSCAR_Ni2O2_5,1.762,-1.762,-0.0,True
POSCAR_Ni2O2_5_st025,1.775,-1.775,-0.0,True
POSCAR_Ni2O2_5_st050,1.787,-1.787,-0.0,True
POSCAR_Ni2O2_5_st950,1.726,-1.726,0.0,True
POSCAR_Ni2O2_5_st975,1.745,-1.745,0.0,True
POSCAR_Ni2O2_5_x025,1.767,-1.767,-0.0,True
POSCAR_Ni2O2_5_x050,1.771,-1.771,0.0,True
POSCAR_Ni2O2_5_x950,1.749,-1.749,0.0,True
POSCAR_Ni2O2_5_x975,1.756,-1.756,-0.0,True
POSCAR_Ni2O2_5_y025,1.767,-1.767,-0.0,True
POSCAR_Ni2O2_5_y050,1.771,-1.771,0.0,True
POSCAR_Ni2O2_5_y950,1.749,-1.749,0.0,True
POSCAR_Ni2O2_5_y975,1.756,-1.756,0.0,True
POSCAR_Ni2O2_5_z025,1.766,-1.766,-0.0,True
POSCAR_Ni2O2_5_z050,1.769,-1.769,-0.0,True
POSCAR_Ni2O2_5_z950,1.751,-1.751,0.0,True
POSCAR_Ni2O2_5_z975,1.757,-1.757,0.0,True
POSCAR_Ni2O4_1,1.782,-1.782,0.0,True
POSCAR_Ni2O4_1_st025,1.792,-1.792,0.0,True
POSCAR_Ni2O4_1_st050,1.802,-1.802,0.0,True
POSCAR_Ni2O4_1_st950,1.758,-1.758,0.0,True
POSCAR_Ni2O4_1_st975,1.77,-1.77,0.0,True
POSCAR_Ni2O4_1_x025,1.785,-1.785,0.0,True
POSCAR_Ni2O4_1_x050,1.787,-1.788,0.0,True
POSCAR_Ni2O4_1_x950,1.773,-1.773,0.0,True
POSCAR_Ni2O4_1_x975,1.778,-1.778,0.0,True
POSCAR_Ni2O4_1_y025,1.786,-1.786,0.0,True
POSCAR_Ni2O4_1_y050,1.789,-1.789,0.0,True
POSCAR_Ni2O4_1_y950,1.772,-1.772,0.0,True
POSCAR_Ni2O4_1_y975,1.777,-1.777,0.0,True
POSCAR_Ni2O4_1_z025,1.785,-1.785,0.0,True
POSCAR_Ni2O4_1_z050,1.788,-1.788,0.0,True
POSCAR_Ni2O4_1_z950,1.774,-1.774,0.0,True
POSCAR_Ni2O4_1_z975,1.778,-1.778,0.0,True
POSCAR_Ni2O4_2,1.783,-1.783,-0.0,True
POSCAR_Ni2O4_2_st025,1.793,-1.793,-0.0,True
POSCAR_Ni2O4_2_st050,1.802,-1.802,0.0,True
POSCAR_Ni2O4_2_st950,1.758,-1.758,-0.0,True
POSCAR_Ni2O4_2_st975,1.771,-1.771,-0.0,True
POSCAR_Ni2O4_2_x025,1.786,-1.786,-0.0,True
POSCAR_Ni2O4_2_x050,1.788,-1.788,-0.0,True
POSCAR_Ni2O4_2_x950,1.774,-1.774,-0.0,True
POSCAR_Ni2O4_2_x975,1.779,-1.779,-0.0,True
POSCAR_Ni2O4_2_y025,1.786,-1.786,0.0,True
POSCAR_Ni2O4_2_y050,1.79,-1.79,0.0,True
POSCAR_Ni2O4_2_y950,1.772,-1.773,-0.0,True
POSCAR_Ni2O4_2_y975,1.778,-1.778,-0.0,True
POSCAR_Ni2O4_2_z025,1.786,-1.786,-0.0,True
POSCAR_Ni2O4_2_z050,1.789,-1.789,-0.0,True
POSCAR_Ni2O4_2_z950,1.775,-1.775,0.0,True
POSCAR_Ni2O4_2_z975,1.779,-1.779,0.0,True
POSCAR_Ni2P4_1,0.016,-0.017,-0.001,True
POSCAR_Ni2P4_1_st025,0.045,-0.045,-0.0,True
POSCAR_Ni2P4_1_x025,0.004,-0.005,-0.0,True
POSCAR_Ni2P4_1_x050,0.0,-0.0,-0.0,True
POSCAR_Ni2P4_1_x950,0.001,0.0,0.001,True
POSCAR_Ni2P4_1_x975,-0.015,-0.016,-0.032,False
POSCAR_Ni2P4_1_y025,0.007,-0.008,-0.001,True
POSCAR_Ni2P4_1_y050,0.0,0.0,0.0,True
POSCAR_Ni2P4_1_y950,-0.0,0.0,0.0,True
POSCAR_Ni2P4_1_y975,-0.0,-0.0,-0.0,True
POSCAR_Ni2P4_1_z025,0.004,-0.004,-0.001,True
POSCAR_Ni2P4_1_z050,0.001,-0.017,-0.016,False
POSCAR_Ni2P4_1_z950,-0.008,-0.007,-0.016,False
POSCAR_Ni2P4_1_z975,0.0,-0.0,-0.0,True
POSCAR_Ni2P8_1,1.255,-1.256,-0.001,True
POSCAR_Ni2P8_1_st025,1.362,-1.362,-0.001,True
POSCAR_Ni2P8_1_st050,1.42,-1.421,-0.001,True
POSCAR_Ni2P8_1_st950,0.705,-0.702,0.004,True
POSCAR_Ni2P8_1_x025,1.269,-1.271,-0.004,True
POSCAR_Ni2P8_1_x050,1.27,-1.27,-0.001,True
POSCAR_Ni2P8_1_x975,1.237,-1.238,-0.001,True
POSCAR_Ni2P8_1_y025,1.272,-1.272,-0.001,True
POSCAR_Ni2P8_1_y050,1.281,-1.282,-0.001,True
POSCAR_Ni2P8_1_y950,1.153,-1.145,0.01,True
POSCAR_Ni2P8_1_y975,1.22,-1.223,-0.006,True
POSCAR_Ni2P8_1_z025,1.331,-1.332,-0.002,True
POSCAR_Ni2P8_1_z050,1.367,-1.368,-0.002,True
POSCAR_Ni2P8_1_z950,0.858,-0.858,0.001,True
POSCAR_Ni2Pb1_1,0.308,-0.309,-0.001,True
POSCAR_Ni2Pb1_1_x025,-0.0,0.0,-0.0,True
POSCAR_Ni2Pb1_1_x050,-0.0,0.0,-0.0,True
POSCAR_Ni2Pb1_1_x950,-0.0,-0.0,-0.0,True
POSCAR_Ni2Pb1_1_x975,-0.0,0.0,0.0,True
POSCAR_Ni2Pb1_1_y025,-0.0,0.0,-0.0,True
POSCAR_Ni2Pb1_1_y050,-0.0,0.0,-0.0,True
POSCAR_Ni2Pb1_1_y950,-0.0,-0.0,-0.0,True
POSCAR_Ni2Pb1_1_y975,-0.0,0.0,-0.0,True
POSCAR_Ni2Pb1_1_z025,-0.0,0.0,0.0,True
POSCAR_Ni2Pb1_1_z050,0.0,-0.0,0.0,True
POSCAR_Ni2Pb1_1_z950,-0.0,0.0,-0.0,True
POSCAR_Ni2Pb1_1_z975,-0.0,0.0,0.0,True
POSCAR_Ni2Pb2_1,0.004,-0.005,-0.001,True
POSCAR_Ni2Pb2_1_x025,-0.0,-0.0,-0.0,True
POSCAR_Ni2Pb2_1_x050,0.0,-0.0,0.0,True
POSCAR_Ni2Pb2_1_x950,0.0,-0.0,-0.0,True
POSCAR_Ni2Pb2_1_x975,-0.0,-0.0,-0.0,True
POSCAR_Ni2Pb2_1_y025,0.0,0.0,0.0,True
POSCAR_Ni2Pb2_1_y050,0.0,-0.0,-0.0,True
POSCAR_Ni2Pb2_1_y950,0.0,-0.0,-0.0,True
POSCAR_Ni2Pb2_1_y975,-0.0,-0.0,-0.0,True
POSCAR_Ni2Pb2_1_z025,-0.001,-0.001,-0.001,True
POSCAR_Ni2Pb2_1_z050,-0.014,-0.014,-0.027,False
POSCAR_Ni2Pb2_1_z950,0.001,-0.001,0.001,True
POSCAR_Ni2Pb2_1_z975,0.0,0.0,0.0,True
POSCAR_Ni2S4_2,1.59,-1.59,-0.0,True
POSCAR_Ni2S4_2_st025,1.634,-1.634,-0.0,True
POSCAR_Ni2S4_2_st050,1.667,-1.667,-0.0,True
POSCAR_Ni2S4_2_st950,1.46,-1.46,-0.0,True
POSCAR_Ni2S4_2_st975,1.534,-1.534,-0.0,True
POSCAR_Ni2S4_2_x025,1.604,-1.605,-0.0,True
POSCAR_Ni2S4_2_x050,1.616,-1.617,-0.0,True
POSCAR_Ni2S4_2_x950,1.554,-1.554,-0.0,True
POSCAR_Ni2S4_2_x975,1.574,-1.574,-0.0,True
POSCAR_Ni2S4_2_y025,1.606,-1.606,-0.0,True
POSCAR_Ni2S4_2_y050,1.619,-1.619,-0.0,True
POSCAR_Ni2S4_2_y950,1.549,-1.549,-0.0,True
POSCAR_Ni2S4_2_y975,1.572,-1.572,-0.0,True
POSCAR_Ni2S4_2_z025,1.606,-1.606,-0.0,True
POSCAR_Ni2S4_2_z050,1.618,-1.618,-0.0,True
POSCAR_Ni2S4_2_z950,1.547,-1.547,-0.0,True
POSCAR_Ni2S4_2_z975,1.571,-1.571,-0.0,True
POSCAR_Ni2Sb4_1,0.009,-0.01,-0.001,True
POSCAR_Ni2Sb4_1_x025,0.0,-0.0,-0.0,True
POSCAR_Ni2Sb4_1_x050,0.0,-0.0,-0.0,True
POSCAR_Ni2Sb4_1_x950,0.0,-0.0,-0.0,True
POSCAR_Ni2Sb4_1_x975,-0.0,-0.0,-0.0,True
POSCAR_Ni2Sb4_1_y025,0.0,-0.0,-0.0,True
POSCAR_Ni2Sb4_1_y050,-0.0,-0.0,-0.0,True
POSCAR_Ni2Sb4_1_y950,0.0,0.0,0.0,True
POSCAR_Ni2Sb4_1_y975,0.0,-0.0,0.0,True
POSCAR_Ni2Sb4_1_z025,0.0,-0.0,0.0,True
POSCAR_Ni2Sb4_1_z050,-0.0,-0.0,-0.0,True
POSCAR_Ni2Sb4_1_z950,0.0,-0.0,0.0,True
POSCAR_Ni2Sb4_1_z975,0.0,0.0,0.0,True
POSCAR_Ni2Se2_1,1.501,-1.501,0.0,True
POSCAR_Ni2Se2_1_st025,1.555,-1.555,0.0,True
POSCAR_Ni2Se2_1_st050,1.598,-1.598,0.0,True
POSCAR_Ni2Se2_1_st950,1.335,-1.335,0.0,True
POSCAR_Ni2Se2_1_st975,1.429,-1.429,0.0,True
POSCAR_Ni2Se2_1_x025,1.517,-1.517,-0.0,True
POSCAR_Ni2Se2_1_x050,1.53,-1.53,-0.0,True
POSCAR_Ni2Se2_1_x950,1.454,-1.454,0.0,True
POSCAR_Ni2Se2_1_x975,1.48,-1.48,0.0,True
POSCAR_Ni2Se2_1_y025,1.517,-1.517,0.0,True
POSCAR_Ni2Se2_1_y050,1.53,-1.53,0.0,True
POSCAR_Ni2Se2_1_y950,1.454,-1.454,-0.0,True
POSCAR_Ni2Se2_1_y975,1.48,-1.48,-0.0,True
POSCAR_Ni2Se2_1_z025,1.524,-1.524,0.0,True
POSCAR_Ni2Se2_1_z050,1.544,-1.544,0.0,True
POSCAR_Ni2Se2_1_z950,1.444,-1.444,0.0,True
POSCAR_Ni2Se2_1_z975,1.474,-1.474,0.0,True
POSCAR_Ni2Se2_2,1.501,-1.501,-0.0,True
POSCAR_Ni2Se2_2_st025,1.556,-1.556,-0.0,True
POSCAR_Ni2Se2_2_st050,1.598,-1.598,-0.0,True
POSCAR_Ni2Se2_2_st950,1.336,-1.336,-0.0,True
POSCAR_Ni2Se2_2_st975,1.43,-1.43,-0.0,True
POSCAR_Ni2Se2_2_x025,1.518,-1.518,-0.0,True
POSCAR_Ni2Se2_2_x050,1.531,-1.531,-0.0,True
POSCAR_Ni2Se2_2_x950,1.454,-1.454,-0.0,True
POSCAR_Ni2Se2_2_x975,1.48,-1.48,-0.0,True
POSCAR_Ni2Se2_2_y025,1.517,-1.518,-0.0,True
POSCAR_Ni2Se2_2_y050,1.53,-1.531,-0.0,True
POSCAR_Ni2Se2_2_y950,1.455,-1.455,-0.0,True
POSCAR_Ni2Se2_2_y975,1.48,-1.48,-0.0,True
POSCAR_Ni2Se2_2_z025,1.524,-1.524,-0.0,True
POSCAR_Ni2Se2_2_z050,1.544,-1.544,-0.0,True
POSCAR_Ni2Se2_2_z950,1.444,-1.444,-0.0,True
POSCAR_Ni2Se2_2_z975,1.474,-1.474,-0.0,True
POSCAR_Ni2Se3_1,1.153,-1.153,0.0,True
POSCAR_Ni2Se3_1_st025,1.2,-1.201,-0.004,True
POSCAR_Ni2Se3_1_st050,1.247,-1.247,-0.001,True
POSCAR_Ni2Se3_1_st975,1.09,-1.091,-0.004,True
POSCAR_Ni2Se3_1_x025,1.182,-1.182,-0.002,True
POSCAR_Ni2Se3_1_x050,1.212,-1.211,0.002,True
POSCAR_Ni2Se3_1_x950,1.029,-1.017,0.026,False
POSCAR_Ni2Se3_1_x975,1.085,-1.083,0.002,True
POSCAR_Ni2Se3_1_y025,1.161,-1.159,0.006,True
POSCAR_Ni2Se3_1_y050,1.166,-1.162,0.012,False
POSCAR_Ni2Se3_1_y950,1.129,-1.131,-0.006,True
POSCAR_Ni2Se3_1_y975,1.143,-1.145,-0.008,True
POSCAR_Ni2Se3_1_z025,1.162,-1.165,-0.009,True
POSCAR_Ni2Se3_1_z050,1.15,-1.155,-0.006,True
POSCAR_Ni2Se3_1_z950,1.122,-1.118,0.008,True
POSCAR_Ni2Se3_1_z975,1.141,-1.138,0.006,True
POSCAR_Ni2Se4_1,1.546,-1.546,0.0,True
POSCAR_Ni2Se4_1_st025,1.594,-1.594,0.0,True
POSCAR_Ni2Se4_1_st050,1.631,-1.631,0.0,True
POSCAR_Ni2Se4_1_st950,1.405,-1.405,0.0,True
POSCAR_Ni2Se4_1_st975,1.485,-1.485,0.0,True
POSCAR_Ni2Se4_1_x025,1.561,-1.561,0.0,True
POSCAR_Ni2Se4_1_x050,1.574,-1.574,0.0,True
POSCAR_Ni2Se4_1_x950,1.505,-1.505,0.0,True
POSCAR_Ni2Se4_1_x975,1.528,-1.527,0.0,True
POSCAR_Ni2Se4_1_y025,1.562,-1.562,0.0,True
POSCAR_Ni2Se4_1_y050,1.575,-1.574,0.0,True
POSCAR_Ni2Se4_1_y950,1.504,-1.504,0.0,True
POSCAR_Ni2Se4_1_y975,1.527,-1.527,0.0,True
POSCAR_Ni2Se4_1_z025,1.563,-1.563,0.0,True
POSCAR_Ni2Se4_1_z050,1.576,-1.576,0.0,True
POSCAR_Ni2Se4_1_z950,1.494,-1.494,0.0,True
POSCAR_Ni2Se4_1_z975,1.523,-1.523,0.0,True
POSCAR_Ni2Te2_1,0.954,-0.955,-0.001,True
POSCAR_Ni2Te2_1_st025,1.157,-1.158,0.0,True
POSCAR_Ni2Te2_1_st050,1.286,-1.287,-0.0,True
POSCAR_Ni2Te2_1_x950,0.056,-0.057,-0.001,True
POSCAR_Ni2Te2_1_x975,0.006,-0.007,-0.001,True
POSCAR_Ni2Te2_1_y025,1.031,-1.035,-0.003,True
POSCAR_Ni2Te2_1_y050,0.917,-0.914,0.006,True
POSCAR_Ni2Te2_1_y950,0.061,-0.048,0.012,False
POSCAR_Ni2Te2_1_y975,0.002,-0.002,0.001,True
POSCAR_Ni2Te2_1_z025,1.044,-1.046,-0.002,True
POSCAR_Ni2Te2_1_z050,1.125,-1.126,-0.0,True
POSCAR_Ni2Te2_1_z975,-0.0,0.001,0.001,True
POSCAR_O2Rh2_7,2.365,-2.365,0.0,True
POSCAR_O2Rh2_7_x025,2.381,-2.381,0.0,True
POSCAR_O2Rh2_7_x050,2.393,-2.392,0.0,True
POSCAR_O2Rh2_7_x950,2.3,-2.298,0.005,True
POSCAR_O2Rh2_7_x975,2.323,-2.322,0.002,True
POSCAR_O2Rh2_7_y025,2.38,-2.38,0.0,True
POSCAR_O2Rh2_7_y050,2.391,-2.391,0.0,True
POSCAR_O2Rh2_7_y950,2.297,-2.299,-0.005,True
POSCAR_O2Rh2_7_y975,2.318,-2.321,-0.005,True
POSCAR_O2Rh2_7_z025,2.378,-2.378,0.0,True
POSCAR_O2Rh2_7_z050,2.389,-2.389,0.0,True
POSCAR_O2Rh2_7_z950,2.33,-2.33,0.0,True
POSCAR_O2Rh2_7_z975,2.352,-2.352,0.0,True
POSCAR_O2Sc2_2,0.346,-0.346,0.0,True
POSCAR_O2Sc2_2_st025,0.346,-0.346,-0.0,True
POSCAR_O2Sc2_2_st050,0.348,-0.348,-0.0,True
POSCAR_O2Sc2_2_st950,0.35,-0.35,0.0,True
POSCAR_O2Sc2_2_st975,0.347,-0.347,0.0,True
POSCAR_O2Sc2_2_x025,0.34,-0.34,0.0,True
POSCAR_O2Sc2_2_x050,0.334,-0.334,0.0,True
POSCAR_O2Sc2_2_x950,0.356,-0.356,0.0,True
POSCAR_O2Sc2_2_x975,0.351,-0.351,0.0,True
POSCAR_O2Sc2_2_y025,0.34,-0.34,0.0,True
POSCAR_O2Sc2_2_y050,0.334,-0.334,0.0,True
POSCAR_O2Sc2_2_y950,0.356,-0.356,0.0,True
POSCAR_O2Sc2_2_y975,0.351,-0.351,0.0,True
POSCAR_O2Sc2_2_z025,0.355,-0.355,-0.0,True
POSCAR_O2Sc2_2_z050,0.364,-0.364,-0.0,True
POSCAR_O2Sc2_2_z950,0.322,-0.322,0.0,True
POSCAR_O2Sc2_2_z975,0.335,-0.334,0.0,True
POSCAR_O2Ti2_7,0.289,-0.291,-0.002,True
POSCAR_O2Ti2_7_st050,0.563,-0.561,0.002,True
POSCAR_O2Ti2_7_x025,0.023,0.018,0.04,False
POSCAR_O2Ti2_7_x050,0.39,-0.393,-0.003,True
POSCAR_O2Ti2_7_x950,0.045,-0.043,0.002,True
POSCAR_O2Ti2_7_x975,0.0,-0.001,-0.0,True
POSCAR_O2Ti2_7_y025,0.018,0.019,0.036,False
POSCAR_O2Ti2_7_y050,0.394,-0.399,-0.005,True
POSCAR_O2Ti2_7_y950,0.046,-0.044,0.002,True
POSCAR_O2Ti2_7_y975,0.0,-0.001,-0.0,True
POSCAR_O2Ti2_7_z025,0.023,-0.007,0.017,False
POSCAR_O2Ti2_7_z050,0.005,-0.003,0.002,True
POSCAR_O2Ti2_7_z950,0.357,-0.357,-0.0,True
POSCAR_O2Ti2_7_z975,-0.002,-0.006,-0.008,True
POSCAR_O2V2_3,2.637,-2.637,-0.0,True
POSCAR_O2V2_3_st025,2.661,-2.661,-0.0,True
POSCAR_O2V2_3_st050,2.681,-2.681,-0.0,True
POSCAR_O2V2_3_st950,2.575,-2.575,-0.0,True
POSCAR_O2V2_3_st975,2.609,-2.609,-0.0,True
POSCAR_O2V2_3_x025,2.641,-2.641,-0.0,True
POSCAR_O2V2_3_x050,2.643,-2.643,-0.0,True
POSCAR_O2V2_3_x950,2.627,-2.627,-0.0,True
POSCAR_O2V2_3_x975,2.633,-2.633,-0.0,True
POSCAR_O2V2_3_y025,2.641,-2.641,-0.0,True
POSCAR_O2V2_3_y050,2.643,-2.643,-0.0,True
POSCAR_O2V2_3_y950,2.627,-2.627,-0.0,True
POSCAR_O2V2_3_y975,2.633,-2.633,-0.0,True
POSCAR_O2V2_3_z025,2.653,-2.653,-0.0,True
POSCAR_O2V2_3_z050,2.666,-2.666,-0.0,True
POSCAR_O2V2_3_z950,2.594,-2.594,-0.0,True
POSCAR_O2V2_3_z975,2.618,-2.618,-0.0,True
POSCAR_O2Y2_1,0.244,-0.244,0.0,True
POSCAR_O2Y2_1_x025,0.001,0.001,0.001,True
POSCAR_O2Y2_1_x050,0.0,-0.0,0.0,True
POSCAR_O2Y2_1_x950,-0.0,-0.0,-0.0,True
POSCAR_O2Y2_1_x975,-0.0,0.0,0.0,True
POSCAR_O2Y2_1_y025,0.001,0.001,0.002,True
POSCAR_O2Y2_1_y050,0.0,0.001,0.001,True
POSCAR_O2Y2_1_y950,0.0,-0.001,-0.001,True
POSCAR_O2Y2_1_y975,0.001,0.001,0.001,True
POSCAR_O2Y2_1_z025,0.001,0.001,0.001,True
POSCAR_O2Y2_1_z050,0.0,0.0,0.001,True
POSCAR_O2Y2_1_z950,-0.014,-0.014,-0.03,False
POSCAR_O2Y2_1_z975,0.001,0.001,0.002,True
POSCAR_O2Y2_4,-0.013,0.012,-0.002,True
POSCAR_O2Y2_4_x025,-0.0,-0.0,-0.0,True
POSCAR_O2Y2_4_x050,-0.0,-0.0,-0.0,True
POSCAR_O2Y2_4_x950,0.0,0.0,0.0,True
POSCAR_O2Y2_4_x975,0.0,0.0,0.0,True
POSCAR_O2Y2_4_y025,0.001,0.0,0.001,True
POSCAR_O2Y2_4_y050,0.0,0.0,0.0,True
POSCAR_O2Y2_4_y950,-0.0,0.0,-0.0,True
POSCAR_O2Y2_4_y975,-0.0,-0.0,-0.0,True
POSCAR_O2Y2_4_z025,0.0,0.0,0.0,True
POSCAR_O2Y2_4_z050,-0.0,-0.0,-0.0,True
POSCAR_O2Y2_4_z950,-0.0,-0.0,-0.0,True
POSCAR_O2Y2_4_z975,-0.001,-0.001,-0.002,True
POSCAR_O3Zr2_1,-0.001,-0.001,-0.001,True
POSCAR_O3Zr2_1_x025,-0.0,-0.0,-0.0,True
POSCAR_O3Zr2_1_x050,0.0,0.0,0.0,True
POSCAR_O3Zr2_1_x950,-0.0,-0.0,-0.0,True
POSCAR_O3Zr2_1_x975,-0.0,-0.0,-0.001,True
POSCAR_O3Zr2_1_y025,-0.0,-0.0,-0.0,True
POSCAR_O3Zr2_1_y050,0.001,0.001,0.001,True
POSCAR_O3Zr2_1_y950,-0.0,-0.0,-0.0,True
POSCAR_O3Zr2_1_y975,-0.001,-0.001,-0.002,True
POSCAR_O3Zr2_1_z025,-0.009,-0.009,-0.021,False
POSCAR_O3Zr2_1_z050,-0.0,-0.0,-0.0,True
POSCAR_O3Zr2_1_z950,-0.001,-0.001,-0.002,True
POSCAR_O3Zr2_1_z975,-0.0,-0.0,-0.0,True
POSCAR_O4Rh2_1,0.458,-0.458,0.0,True
POSCAR_O4Rh2_1_x025,0.493,-0.493,-0.0,True
POSCAR_O4Rh2_1_x050,0.515,-0.515,-0.0,True
POSCAR_O4Rh2_1_x950,0.349,-0.349,0.0,True
POSCAR_O4Rh2_1_x975,0.401,-0.401,-0.0,True
POSCAR_O4Rh2_1_y025,0.456,-0.456,0.0,True
POSCAR_O4Rh2_1_y050,0.446,-0.446,0.0,True
POSCAR_O4Rh2_1_y950,0.458,-0.458,0.0,True
POSCAR_O4Rh2_1_y975,0.458,-0.458,0.0,True
POSCAR_O4Rh2_1_z025,0.454,-0.454,0.0,True
POSCAR_O4Rh2_1_z050,0.443,-0.443,0.0,True
POSCAR_O4Rh2_1_z950,0.464,-0.464,-0.0,True
POSCAR_O4Rh2_1_z975,0.461,-0.461,0.0,True
POSCAR_O4Ru2_1,1.531,-1.531,-0.0,True
POSCAR_O4Ru2_1_st025,1.59,-1.59,-0.0,True
POSCAR_O4Ru2_1_st050,1.649,-1.649,-0.0,True
POSCAR_O4Ru2_1_st950,1.396,-1.396,-0.0,True
POSCAR_O4Ru2_1_st975,1.468,-1.468,-0.0,True
POSCAR_O4Ru2_1_x025,1.545,-1.545,-0.0,True
POSCAR_O4Ru2_1_x050,1.559,-1.559,-0.0,True
POSCAR_O4Ru2_1_x950,1.5,-1.5,0.0,True
POSCAR_O4Ru2_1_x975,1.516,-1.516,-0.0,True
POSCAR_O4Ru2_1_y025,1.554,-1.554,-0.0,True
POSCAR_O4Ru2_1_y050,1.576,-1.576,-0.0,True
POSCAR_O4Ru2_1_y950,1.485,-1.485,-0.0,True
POSCAR_O4Ru2_1_y975,1.508,-1.508,-0.0,True
POSCAR_O4Ru2_1_z025,1.554,-1.554,-0.0,True
POSCAR_O4Ru2_1_z050,1.576,-1.576,-0.0,True
POSCAR_O4Ru2_1_z950,1.485,-1.485,-0.0,True
POSCAR_O4Ru2_1_z975,1.508,-1.508,-0.0,True
POSCAR_O4Ru2_2,1.567,-1.567,0.0,True
POSCAR_O4Ru2_2_st025,1.623,-1.623,0.0,True
POSCAR_O4Ru2_2_st050,1.684,-1.684,0.0,True
POSCAR_O4Ru2_2_st950,1.378,-1.376,0.002,True
POSCAR_O4Ru2_2_x025,1.584,-1.585,-0.0,True
POSCAR_O4Ru2_2_x050,1.602,-1.605,-0.001,True
POSCAR_O4Ru2_2_x950,1.505,-1.504,-0.001,True
POSCAR_O4Ru2_2_x975,1.549,-1.547,0.001,True
POSCAR_O4Ru2_2_y025,1.581,-1.581,0.0,True
POSCAR_O4Ru2_2_y050,1.595,-1.594,0.0,True
POSCAR_O4Ru2_2_y950,1.531,-1.526,0.005,True
POSCAR_O4Ru2_2_y975,1.551,-1.551,0.0,True
POSCAR_O4Ru2_2_z025,1.591,-1.589,0.0,True
POSCAR_O4Ru2_2_z050,1.613,-1.611,0.001,True
POSCAR_O4Ru2_2_z950,1.49,-1.514,-0.019,False
POSCAR_O4Ru2_2_z975,1.54,-1.541,-0.0,True
POSCAR_O4Sc2_1,-0.001,0.001,-0.0,True
POSCAR_O4Sc2_1_x025,0.0,0.0,0.0,True
POSCAR_O4Sc2_1_x050,0.0,-0.0,0.0,True
POSCAR_O4Sc2_1_x950,-0.0,-0.0,-0.0,True
POSCAR_O4Sc2_1_x975,-0.0,0.0,0.0,True
POSCAR_O4Sc2_1_y025,-0.0,-0.0,-0.0,True
POSCAR_O4Sc2_1_y050,-0.0,-0.0,0.0,True
POSCAR_O4Sc2_1_y950,0.0,0.0,0.0,True
POSCAR_O4Sc2_1_y975,0.0,0.0,0.0,True
POSCAR_O4Sc2_1_z025,-0.0,-0.0,-0.0,True
POSCAR_O4Sc2_1_z050,0.0,0.0,0.001,True
POSCAR_O4Sc2_1_z950,0.0,0.0,0.0,True
POSCAR_O4Sc2_1_z975,-0.0,0.0,0.002,True
POSCAR_O4V2_1,1.035,-1.035,0.0,True
POSCAR_O4V2_1_st025,1.066,-1.066,0.0,True
POSCAR_O4V2_1_st050,1.103,-1.103,0.0,True
POSCAR_O4V2_1_st950,0.982,-0.982,0.0,True
POSCAR_O4V2_1_st975,1.007,-1.007,0.0,True
POSCAR_O4V2_1_x025,1.05,-1.05,0.0,True
POSCAR_O4V2_1_x050,1.065,-1.066,0.0,True
POSCAR_O4V2_1_x950,1.002,-1.002,0.0,True
POSCAR_O4V2_1_x975,1.019,-1.019,0.0,True
POSCAR_O4V2_1_y025,1.042,-1.042,0.0,True
POSCAR_O4V2_1_y050,1.049,-1.049,0.0,True
POSCAR_O4V2_1_y950,1.022,-1.022,0.0,True
POSCAR_O4V2_1_y975,1.028,-1.028,0.0,True
POSCAR_O4V2_1_z025,1.042,-1.042,0.0,True
POSCAR_O4V2_1_z050,1.049,-1.049,0.0,True
POSCAR_O4V2_1_z950,1.022,-1.022,0.0,True
POSCAR_O4V2_1_z975,1.028,-1.028,0.0,True
POSCAR_O4V2_3,0.88,-0.88,0.0,True
POSCAR_O4V2_3_st025,0.922,-0.922,0.0,True
POSCAR_O4V2_3_st050,0.966,-0.966,0.0,True
POSCAR_O4V2_3_st950,0.643,-0.641,0.002,True
POSCAR_O4V2_3_st975,0.838,-0.838,0.0,True
POSCAR_O4V2_3_x025,0.892,-0.891,0.0,True
POSCAR_O4V2_3_x050,0.903,-0.902,0.0,True
POSCAR_O4V2_3_x950,0.855,-0.855,-0.0,True
POSCAR_O4V2_3_x975,0.868,-0.868,-0.0,True
POSCAR_O4V2_3_y025,0.891,-0.892,-0.0,True
POSCAR_O4V2_3_y050,0.902,-0.903,-0.0,True
POSCAR_O4V2_3_y950,0.855,-0.855,0.0,True
POSCAR_O4V2_3_y975,0.868,-0.868,0.0,True
POSCAR_O4V2_3_z025,0.898,-0.898,0.0,True
POSCAR_O4V2_3_z050,0.916,-0.915,0.0,True
POSCAR_O4V2_3_z950,0.843,-0.843,0.0,True
POSCAR_O4V2_3_z975,0.862,-0.862,0.0,True
POSCAR_O4Y2_5,-0.002,0.002,-0.002,True
POSCAR_O4Y2_5_x025,-0.0,-0.0,-0.001,True
POSCAR_O4Y2_5_x050,-0.0,0.0,-0.0,True
POSCAR_O4Y2_5_x950,0.0,-0.0,0.0,True
POSCAR_O4Y2_5_x975,0.0,0.0,0.001,True
POSCAR_O4Y2_5_y025,0.0,-0.0,-0.0,True
POSCAR_O4Y2_5_y050,-0.0,0.0,-0.0,True
POSCAR_O4Y2_5_y950,0.0,0.0,0.0,True
POSCAR_O4Y2_5_y975,0.0,-0.0,0.0,True
POSCAR_O4Y2_5_z025,0.0,0.0,0.001,True
POSCAR_O4Y2_5_z050,0.0,0.0,0.001,True
POSCAR_O4Y2_5_z950,-0.0,-0.0,-0.001,True
POSCAR_O4Y2_5_z975,0.0,-0.0,0.0,True
POSCAR_O5Ru2_1,1.742,-1.743,-0.001,True
POSCAR_O5Ru2_1_st025,1.777,-1.778,-0.002,True
POSCAR_O5Ru2_1_st975,1.559,-1.558,0.002,True
POSCAR_O5Ru2_1_x025,1.735,-1.736,-0.002,True
POSCAR_O5Ru2_1_x050,1.727,-1.727,-0.0,True
POSCAR_O5Ru2_1_x950,1.36,-1.362,-0.002,True
POSCAR_O5Ru2_1_x975,1.607,-1.607,0.002,True
POSCAR_O5Ru2_1_y025,1.744,-1.744,-0.0,True
POSCAR_O5Ru2_1_y050,1.778,-1.775,0.001,True
POSCAR_O5Ru2_1_y950,1.719,-1.719,-0.0,True
POSCAR_O5Ru2_1_y975,1.733,-1.733,-0.001,True
POSCAR_O5Ru2_1_z025,1.774,-1.775,-0.001,True
POSCAR_O5Ru2_1_z050,1.8,-1.801,-0.002,True
POSCAR_O5Ru2_1_z950,1.601,-1.605,-0.006,True
POSCAR_O5Ru2_1_z975,1.691,-1.691,-0.0,True
POSCAR_O6Rh2_1,0.394,-0.394,0.0,True
POSCAR_O6Rh2_1_x025,0.439,-0.439,-0.003,True
POSCAR_O6Rh2_1_x050,0.465,-0.46,0.002,True
POSCAR_O6Rh2_1_x950,0.308,-0.315,-0.015,False
POSCAR_O6Rh2_1_x975,0.358,-0.364,-0.013,False
POSCAR_O6Rh2_1_y025,0.439,-0.439,0.003,True
POSCAR_O6Rh2_1_y050,0.46,-0.465,-0.002,True
POSCAR_O6Rh2_1_y950,0.315,-0.308,0.015,False
POSCAR_O6Rh2_1_y975,0.364,-0.358,0.012,False
POSCAR_O6Rh2_1_z025,0.473,-0.473,-0.001,True
POSCAR_O6Rh2_1_z050,0.536,-0.537,-0.001,True
POSCAR_O6Rh2_1_z950,0.188,-0.187,0.0,True
POSCAR_O6Rh2_1_z975,0.295,-0.295,0.0,True
POSCAR_O6Ru2_2,1.208,-1.21,-0.0,True
POSCAR_O6Ru2_2_st025,1.322,-1.326,-0.0,True
POSCAR_O6Ru2_2_st050,1.46,-1.466,-0.001,True
POSCAR_O6Ru2_2_st950,0.996,-0.997,-0.0,True
POSCAR_O6Ru2_2_st975,1.104,-1.105,-0.0,True
POSCAR_O6Ru2_2_x025,1.228,-1.243,-0.002,True
POSCAR_O6Ru2_2_x050,1.246,-1.275,-0.004,True
POSCAR_O6Ru2_2_x950,1.161,-1.143,0.001,True
POSCAR_O6Ru2_2_x975,1.186,-1.177,0.001,True
POSCAR_O6Ru2_2_y025,1.241,-1.23,0.001,True
POSCAR_O6Ru2_2_y050,1.273,-1.248,0.003,True
POSCAR_O6Ru2_2_y950,1.141,-1.163,-0.001,True
POSCAR_O6Ru2_2_y975,1.175,-1.188,-0.001,True
POSCAR_O6Ru2_2_z025,1.267,-1.27,-0.0,True
POSCAR_O6Ru2_2_z050,1.341,-1.346,-0.001,True
POSCAR_O6Ru2_2_z950,1.114,-1.115,-0.0,True
POSCAR_O6Ru2_2_z975,1.159,-1.16,-0.0,True
POSCAR_P1Ru2_1,0.645,-0.642,0.003,True
POSCAR_P1Ru2_1_st050,1.44,-1.444,-0.004,True
POSCAR_P1Ru2_1_x025,0.728,-0.719,0.009,True
POSCAR_P1Ru2_1_x050,0.863,-0.771,0.088,False
POSCAR_P1Ru2_1_x950,-0.004,-0.009,-0.013,False
POSCAR_P1Ru2_1_x975,0.02,0.032,0.051,False
POSCAR_P1Ru2_1_y025,0.723,-0.72,0.003,True
POSCAR_P1Ru2_1_y050,0.84,-0.805,0.033,False
POSCAR_P1Ru2_1_y950,0.0,-0.001,-0.001,True
POSCAR_P1Ru2_1_y975,-0.01,-0.015,-0.024,False
POSCAR_P1Ru2_1_z025,0.723,-0.72,0.003,True
POSCAR_P1Ru2_1_z050,0.809,-0.836,-0.025,False
POSCAR_P1Ru2_1_z950,0.0,-0.001,-0.001,True
POSCAR_P1Ru2_1_z975,0.058,-0.006,0.052,False
POSCAR_P2Ru2_2,1.05,-1.05,0.0,True
POSCAR_P2Ru2_2_st025,1.235,-1.235,0.0,True
POSCAR_P2Ru2_2_st950,0.833,-0.832,0.001,True
POSCAR_P2Ru2_2_st975,0.937,-0.934,0.002,True
POSCAR_P2Ru2_2_x025,1.147,-1.147,0.0,True
POSCAR_P2Ru2_2_x050,1.178,-1.178,0.0,True
POSCAR_P2Ru2_2_x950,1.075,-1.075,0.0,True
POSCAR_P2Ru2_2_x975,1.088,-1.088,0.0,True
POSCAR_P2Ru2_2_y025,1.143,-1.143,0.0,True
POSCAR_P2Ru2_2_y050,1.176,-1.176,0.0,True
POSCAR_P2Ru2_2_y950,1.075,-1.074,0.0,True
POSCAR_P2Ru2_2_y975,1.091,-1.09,0.0,True
POSCAR_P2Ru2_2_z025,1.174,-1.174,0.0,True
POSCAR_P2Ru2_2_z050,1.247,-1.246,0.001,True
POSCAR_P2Ru2_2_z950,0.861,-0.861,0.0,True
POSCAR_P2Ru2_2_z975,0.95,-0.946,0.005,True
POSCAR_P2V2_1,1.464,-1.464,-0.0,True
POSCAR_P2V2_1_st025,1.74,-1.74,-0.0,True
POSCAR_P2V2_1_st050,1.895,-1.895,-0.0,True
POSCAR_P2V2_1_st950,0.675,-0.676,-0.0,True
POSCAR_P2V2_1_st975,1.037,-1.038,-0.0,True
POSCAR_P2V2_1_x025,1.606,-1.607,-0.0,True
POSCAR_P2V2_1_x050,1.689,-1.69,-0.0,True
POSCAR_P2V2_1_x950,1.163,-1.163,-0.0,True
POSCAR_P2V2_1_x975,1.31,-1.311,-0.001,True
POSCAR_P2V2_1_y025,1.607,-1.607,-0.0,True
POSCAR_P2V2_1_y050,1.69,-1.69,-0.0,True
POSCAR_P2V2_1_y950,1.163,-1.163,-0.0,True
POSCAR_P2V2_1_y975,1.31,-1.31,0.0,True
POSCAR_P2V2_1_z025,1.557,-1.557,-0.0,True
POSCAR_P2V2_1_z050,1.648,-1.649,-0.0,True
POSCAR_P2V2_1_z950,1.269,-1.269,-0.001,True
POSCAR_P2V2_1_z975,1.356,-1.357,-0.0,True
POSCAR_P2V2_2,1.789,-1.789,0.0,True
POSCAR_P2V2_2_st025,1.969,-1.969,-0.0,True
POSCAR_P2V2_2_st050,2.136,-2.136,0.0,True
POSCAR_P2V2_2_st950,1.32,-1.321,-0.0,True
POSCAR_P2V2_2_st975,1.584,-1.584,0.0,True
POSCAR_P2V2_2_x025,1.867,-1.838,0.01,True
POSCAR_P2V2_2_x050,1.947,-1.913,-0.018,False
POSCAR_P2V2_2_x950,1.671,-1.698,-0.003,True
POSCAR_P2V2_2_x975,1.718,-1.745,-0.009,True
POSCAR_P2V2_2_y025,1.838,-1.867,-0.01,True
POSCAR_P2V2_2_y050,1.913,-1.947,0.018,False
POSCAR_P2V2_2_y950,1.698,-1.671,0.003,True
POSCAR_P2V2_2_y975,1.745,-1.718,0.009,True
POSCAR_P2V2_2_z025,1.851,-1.851,0.0,True
POSCAR_P2V2_2_z050,1.908,-1.909,-0.0,True
POSCAR_P2V2_2_z950,1.64,-1.64,0.0,True
POSCAR_P2V2_2_z975,1.719,-1.719,-0.0,True
POSCAR_P2Zr2_2,0.035,-0.032,0.003,True
POSCAR_P2Zr2_2_x025,0.001,0.001,0.002,True
POSCAR_P2Zr2_2_x050,-0.002,-0.002,-0.003,True
POSCAR_P2Zr2_2_x950,0.052,-0.015,0.038,False
POSCAR_P2Zr2_2_x975,0.008,0.009,0.016,False
POSCAR_P2Zr2_2_y025,0.0,0.0,0.0,True
POSCAR_P2Zr2_2_y050,0.0,-0.0,-0.0,True
POSCAR_P2Zr2_2_y950,-0.011,-0.012,-0.022,False
POSCAR_P2Zr2_2_y975,-0.006,-0.006,-0.011,False
POSCAR_P2Zr2_2_z025,0.033,-0.03,0.003,True
POSCAR_P2Zr2_2_z050,0.028,-0.026,0.003,True
POSCAR_P2Zr2_2_z950,0.005,0.005,0.008,True
POSCAR_P2Zr2_2_z975,-0.0,-0.0,-0.001,True
POSCAR_P8V2_2,1.961,-1.962,-0.0,True
POSCAR_P8V2_2_st025,2.118,-2.119,-0.0,True
POSCAR_P8V2_2_st050,2.253,-2.254,-0.001,True
POSCAR_P8V2_2_st950,1.547,-1.547,-0.0,True
POSCAR_P8V2_2_st975,1.769,-1.769,-0.0,True
POSCAR_P8V2_2_x025,2.033,-2.034,-0.0,True
POSCAR_P8V2_2_x050,2.101,-2.102,-0.001,True
POSCAR_P8V2_2_x950,1.798,-1.799,-0.0,True
POSCAR_P8V2_2_x975,1.885,-1.885,0.0,True
POSCAR_P8V2_2_y025,2.011,-2.011,-0.0,True
POSCAR_P8V2_2_y050,2.061,-2.061,-0.0,True
POSCAR_P8V2_2_y950,1.861,-1.861,0.0,True
POSCAR_P8V2_2_y975,1.911,-1.912,0.0,True
POSCAR_P8V2_2_z025,2.009,-2.009,-0.0,True
POSCAR_P8V2_2_z050,2.054,-2.055,-0.0,True
POSCAR_P8V2_2_z950,1.864,-1.864,-0.0,True
POSCAR_P8V2_2_z975,1.913,-1.913,-0.0,True
POSCAR_P8Zr2_1,0.022,-0.023,-0.0,True
POSCAR_P8Zr2_1_x025,0.007,-0.007,0.0,True
POSCAR_P8Zr2_1_x050,0.005,-0.006,-0.001,True
POSCAR_P8Zr2_1_x950,0.0,-0.0,-0.0,True
POSCAR_P8Zr2_1_x975,0.002,-0.002,-0.0,True
POSCAR_P8Zr2_1_y025,0.004,-0.004,-0.0,True
POSCAR_P8Zr2_1_y050,0.005,-0.005,-0.001,True
POSCAR_P8Zr2_1_y950,0.0,-0.002,-0.002,True
POSCAR_P8Zr2_1_y975,0.011,-0.009,0.002,True
POSCAR_P8Zr2_1_z025,0.047,-0.058,-0.014,False
POSCAR_P8Zr2_1_z050,0.0,-0.0,-0.0,True
POSCAR_P8Zr2_1_z950,0.0,-0.0,-0.0,True
POSCAR_P8Zr2_1_z975,0.002,-0.002,-0.001,True
POSCAR_Pb10Ru2_1,2.036,-2.037,-0.002,True
POSCAR_Pb10Ru2_1_st025,2.014,-2.014,0.001,True
POSCAR_Pb10Ru2_1_x025,2.125,-2.127,-0.003,True
POSCAR_Pb10Ru2_1_x050,2.22,-2.22,0.002,True
POSCAR_Pb10Ru2_1_x950,1.794,-1.787,-0.007,True
POSCAR_Pb10Ru2_1_x975,1.914,-1.915,-0.003,True
POSCAR_Pb10Ru2_1_y025,2.125,-2.128,-0.004,True
POSCAR_Pb10Ru2_1_y050,2.22,-2.22,0.001,True
POSCAR_Pb10Ru2_1_y975,1.916,-1.915,0.001,True
POSCAR_Pb10Ru2_1_z025,1.894,-1.891,0.002,True
POSCAR_Pb10Ru2_1_z050,1.95,-1.952,-0.006,True
POSCAR_Pb10Ru2_1_z950,1.684,-1.711,-0.038,False
POSCAR_Pb10Ru2_1_z975,1.883,-1.889,-0.01,True
POSCAR_Pb2Ru2_2,0.966,-0.962,0.004,True
POSCAR_Pb2Ru2_2_st975,0.646,-0.643,0.003,True
POSCAR_Pb2Ru2_2_x025,1.058,-1.048,0.012,False
POSCAR_Pb2Ru2_2_x050,1.133,-1.139,-0.006,True
POSCAR_Pb2Ru2_2_x950,0.815,-0.804,0.012,False
POSCAR_Pb2Ru2_2_x975,0.899,-0.897,0.002,True
POSCAR_Pb2Ru2_2_y025,1.043,-1.044,-0.002,True
POSCAR_Pb2Ru2_2_y050,1.135,-1.133,0.002,True
POSCAR_Pb2Ru2_2_y950,0.819,-0.811,0.01,True
POSCAR_Pb2Ru2_2_y975,0.902,-0.896,0.007,True
POSCAR_Pb2Ru2_2_z025,1.253,-1.253,0.0,True
POSCAR_Pb2Ru2_2_z050,1.721,-1.699,0.023,False
POSCAR_Pb2Ru2_2_z950,-0.002,0.002,0.0,True
POSCAR_Pb2Ru2_2_z975,0.819,-0.817,0.003,True
POSCAR_Pb2Ru2_3,1.861,-1.863,-0.002,True
POSCAR_Pb2Ru2_3_x025,1.922,-1.923,-0.001,True
POSCAR_Pb2Ru2_3_x050,1.983,-1.984,-0.001,True
POSCAR_Pb2Ru2_3_x950,1.706,-1.706,0.0,True
POSCAR_Pb2Ru2_3_x975,1.793,-1.793,0.0,True
POSCAR_Pb2Ru2_3_y025,1.953,-1.954,-0.0,True
POSCAR_Pb2Ru2_3_y050,2.092,-2.09,0.003,True
POSCAR_Pb2Ru2_3_y950,1.692,-1.69,0.003,True
POSCAR_Pb2Ru2_3_y975,1.778,-1.779,-0.0,True
POSCAR_Pb2Ru2_3_z025,1.946,-1.959,-0.012,False
POSCAR_Pb2Ru2_3_z050,2.074,-2.075,-0.001,True
POSCAR_Pb2Ru2_3_z950,1.618,-1.616,0.002,True
POSCAR_Pb2Ru2_3_z975,1.76,-1.761,-0.0,True
POSCAR_Pb2Sc2_3,0.035,-0.039,-0.004,True
POSCAR_Pb2Sc2_3_st025,0.015,-0.019,-0.004,True
POSCAR_Pb2Sc2_3_x025,0.006,-0.009,-0.003,True
POSCAR_Pb2Sc2_3_x050,0.009,-0.008,0.0,True
POSCAR_Pb2Sc2_3_x950,0.015,-0.015,-0.0,True
POSCAR_Pb2Sc2_3_x975,-0.001,-0.001,-0.001,True
POSCAR_Pb2Sc2_3_y025,0.006,-0.009,-0.003,True
POSCAR_Pb2Sc2_3_y050,0.054,-0.058,-0.004,True
POSCAR_Pb2Sc2_3_y950,0.015,-0.014,0.0,True
POSCAR_Pb2Sc2_3_y975,-0.002,-0.002,-0.003,True
POSCAR_Pb2Sc2_3_z025,0.02,-0.02,-0.001,True
POSCAR_Pb2Sc2_3_z050,0.017,-0.015,0.002,True
POSCAR_Pb2Sc2_3_z950,0.007,-0.007,-0.0,True
POSCAR_Pb2Sc2_3_z975,0.01,-0.01,0.0,True
POSCAR_Pb3Ru2_1,1.836,-1.834,0.002,True
POSCAR_Pb3Ru2_1_st025,2.076,-2.077,-0.001,True
POSCAR_Pb3Ru2_1_st050,2.297,-2.297,0.001,True
POSCAR_Pb3Ru2_1_x025,1.918,-1.914,0.005,True
POSCAR_Pb3Ru2_1_x050,1.978,-2.002,-0.025,False
POSCAR_Pb3Ru2_1_x950,1.695,-1.692,0.004,True
POSCAR_Pb3Ru2_1_x975,1.763,-1.751,0.014,False
POSCAR_Pb3Ru2_1_y025,1.908,-1.898,0.009,True
POSCAR_Pb3Ru2_1_y050,2.008,-2.009,-0.002,True
POSCAR_Pb3Ru2_1_y950,1.696,-1.693,0.003,True
POSCAR_Pb3Ru2_1_y975,1.772,-1.77,0.001,True
POSCAR_Pb3Ru2_1_z025,1.9,-1.898,0.002,True
POSCAR_Pb3Ru2_1_z050,1.925,-1.921,0.005,True
POSCAR_Pb3Ru2_1_z950,1.638,-1.605,0.036,False
POSCAR_Pb3Ru2_1_z975,1.754,-1.742,0.012,False
POSCAR_Rh2S4_1,0.717,-0.717,0.0,True
POSCAR_Rh2S4_1_x025,0.751,-0.751,0.0,True
POSCAR_Rh2S4_1_x050,0.782,-0.782,0.0,True
POSCAR_Rh2S4_1_x950,0.645,-0.645,-0.0,True
POSCAR_Rh2S4_1_x975,0.683,-0.683,0.0,True
POSCAR_Rh2S4_1_y025,0.738,-0.738,0.0,True
POSCAR_Rh2S4_1_y050,0.757,-0.757,0.0,True
POSCAR_Rh2S4_1_y950,0.675,-0.675,0.0,True
POSCAR_Rh2S4_1_y975,0.697,-0.697,0.0,True
POSCAR_Rh2S4_1_z025,0.727,-0.727,0.0,True
POSCAR_Rh2S4_1_z050,0.738,-0.738,0.0,True
POSCAR_Rh2S4_1_z950,0.695,-0.695,0.0,True
POSCAR_Rh2S4_1_z975,0.707,-0.707,-0.0,True
POSCAR_Rh2Tl2_1,0.448,-0.452,-0.004,True
POSCAR_Rh2Tl2_1_x025,-0.434,-0.439,-0.847,False
POSCAR_Rh2Tl2_1_x050,-0.426,-0.456,-0.86,False
POSCAR_Rh2Tl2_1_x950,-0.06,-0.061,-0.111,False
POSCAR_Rh2Tl2_1_y025,-0.431,-0.435,-0.842,False
POSCAR_Rh2Tl2_1_y050,-0.425,-0.456,-0.859,False
POSCAR_Rh2Tl2_1_y950,-0.061,-0.06,-0.111,False
POSCAR_Rh2Tl2_1_z025,-0.003,0.019,0.015,False
POSCAR_Rh2Tl2_1_z050,0.049,0.017,0.059,False
POSCAR_Rh2Tl2_1_z950,-0.001,-0.002,-0.003,True
POSCAR_Rh2Tl2_1_z975,0.13,-0.13,-0.0,True
POSCAR_Ru2S2_1,0.382,-0.381,0.0,True
POSCAR_Ru2S2_1_st025,0.394,-0.393,0.0,True
POSCAR_Ru2S2_1_st050,0.362,-0.361,0.0,True
POSCAR_Ru2S2_1_st950,0.265,-0.265,0.0,True
POSCAR_Ru2S2_1_st975,0.329,-0.329,0.0,True
POSCAR_Ru2S2_1_x025,0.383,-0.383,0.0,True
POSCAR_Ru2S2_1_x050,0.381,-0.381,-0.0,True
POSCAR_Ru2S2_1_x950,0.294,-0.293,0.0,True
POSCAR_Ru2S2_1_x975,0.356,-0.355,0.0,True
POSCAR_Ru2S2_1_y025,0.383,-0.383,-0.0,True
POSCAR_Ru2S2_1_y050,0.381,-0.381,0.0,True
POSCAR_Ru2S2_1_y950,0.293,-0.293,0.0,True
POSCAR_Ru2S2_1_y975,0.355,-0.355,0.0,True
POSCAR_Ru2S2_1_z025,0.4,-0.4,0.0,True
POSCAR_Ru2S2_1_z050,0.431,-0.431,-0.0,True
POSCAR_Ru2S2_1_z950,0.338,-0.338,0.0,True
POSCAR_Ru2S2_1_z975,0.365,-0.365,-0.0,True
POSCAR_Ru2S2_2,0.942,-0.942,0.0,True
POSCAR_Ru2S2_2_st025,1.28,-1.28,-0.0,True
POSCAR_Ru2S2_2_st050,1.58,-1.579,0.0,True
POSCAR_Ru2S2_2_st950,0.454,-0.453,0.001,True
POSCAR_Ru2S2_2_st975,0.663,-0.662,0.001,True
POSCAR_Ru2S2_2_x025,1.005,-1.004,0.0,True
POSCAR_Ru2S2_2_x050,1.08,-1.078,0.002,True
POSCAR_Ru2S2_2_x950,0.816,-0.815,0.001,True
POSCAR_Ru2S2_2_x975,0.883,-0.882,0.001,True
POSCAR_Ru2S2_2_y025,1.048,-1.047,0.001,True
POSCAR_Ru2S2_2_y050,1.138,-1.138,-0.0,True
POSCAR_Ru2S2_2_y950,0.644,-0.643,0.001,True
POSCAR_Ru2S2_2_y975,0.81,-0.809,0.0,True
POSCAR_Ru2S2_2_z025,1.081,-1.08,0.001,True
POSCAR_Ru2S2_2_z050,1.23,-1.227,0.002,True
POSCAR_Ru2S2_2_z950,0.665,-0.663,0.002,True
POSCAR_Ru2S2_2_z975,0.804,-0.803,0.001,True
POSCAR_Ru2S8_1,0.528,-0.529,-0.0,True
POSCAR_Ru2S8_1_st025,0.729,-0.729,-0.0,True
POSCAR_Ru2S8_1_st050,0.852,-0.852,-0.0,True
POSCAR_Ru2S8_1_x025,0.58,-0.581,-0.0,True
POSCAR_Ru2S8_1_x050,0.013,-0.012,0.0,True
POSCAR_Ru2S8_1_x950,0.017,-0.023,-0.012,False
POSCAR_Ru2S8_1_x975,0.09,-0.066,0.038,False
POSCAR_Ru2S8_1_y025,0.594,-0.594,-0.0,True
POSCAR_Ru2S8_1_y050,0.642,-0.643,0.0,True
POSCAR_Ru2S8_1_y950,0.001,-0.0,0.001,True
POSCAR_Ru2S8_1_y975,0.01,-0.019,-0.012,False
POSCAR_Ru2S8_1_z025,0.003,-0.009,-0.004,True
POSCAR_Ru2S8_1_z050,0.735,-0.735,-0.0,True
POSCAR_Ru2S8_1_z950,-0.004,-0.006,-0.012,False
POSCAR_Ru2S8_1_z975,0.037,-0.045,-0.012,False
POSCAR_Ru2Si1_1,0.173,-0.173,-0.0,True
POSCAR_Ru2Si1_1_x025,0.318,-0.333,-0.014,False
POSCAR_Ru2Si1_1_x050,0.001,0.003,0.003,True
POSCAR_Ru2Si1_1_x950,0.002,-0.002,0.0,True
POSCAR_Ru2Si1_1_x975,0.04,-0.039,0.001,True
POSCAR_Ru2Si1_1_y025,0.308,-0.322,-0.014,False
POSCAR_Ru2Si1_1_y050,0.248,-0.296,-0.047,False
POSCAR_Ru2Si1_1_y950,0.002,-0.002,-0.0,True
POSCAR_Ru2Si1_1_y975,0.005,-0.004,0.0,True
POSCAR_Ru2Si1_1_z025,0.32,-0.315,0.005,True
POSCAR_Ru2Si1_1_z050,0.001,0.005,0.005,True
POSCAR_Ru2Si1_1_z950,0.002,-0.001,0.001,True
POSCAR_Ru2Si1_1_z975,0.022,-0.022,-0.0,True
POSCAR_Ru2Sn2_3,0.784,-0.784,-0.0,True
POSCAR_Ru2Sn2_3_st050,1.777,-1.776,0.001,True
POSCAR_Ru2Sn2_3_st975,0.041,-0.041,-0.0,True
POSCAR_Ru2Sn2_3_x025,0.904,-0.904,0.0,True
POSCAR_Ru2Sn2_3_x050,1.015,-1.015,0.0,True
POSCAR_Ru2Sn2_3_x950,0.297,-0.294,0.003,True
POSCAR_Ru2Sn2_3_x975,0.646,-0.646,0.0,True
POSCAR_Ru2Sn2_3_y025,0.895,-0.894,0.001,True
POSCAR_Ru2Sn2_3_y050,1.015,-1.015,0.0,True
POSCAR_Ru2Sn2_3_y950,0.305,-0.302,0.003,True
POSCAR_Ru2Sn2_3_y975,0.646,-0.646,0.0,True
POSCAR_Ru2Sn2_3_z025,1.026,-1.026,-0.0,True
POSCAR_Ru2Sn2_3_z050,1.517,-1.517,0.0,True
POSCAR_Ru2Sn2_3_z950,0.194,-0.194,-0.0,True
POSCAR_Ru2Sn2_3_z975,0.488,-0.488,-0.0,True
POSCAR_S2Ti2_2,0.359,-0.36,-0.0,True
POSCAR_S2Ti2_2_st025,0.647,-0.648,-0.001,True
POSCAR_S2Ti2_2_st050,1.286,-1.286,0.0,True
POSCAR_S2Ti2_2_st975,0.07,-0.07,0.0,True
POSCAR_S2Ti2_2_x025,0.36,-0.35,0.009,True
POSCAR_S2Ti2_2_x050,0.474,-0.474,-0.0,True
POSCAR_S2Ti2_2_x950,0.047,-0.047,0.0,True
POSCAR_S2Ti2_2_x975,0.221,-0.22,0.0,True
POSCAR_S2Ti2_2_y025,0.351,-0.356,-0.005,True
POSCAR_S2Ti2_2_y050,0.477,-0.478,-0.001,True
POSCAR_S2Ti2_2_y950,0.047,-0.047,0.0,True
POSCAR_S2Ti2_2_y975,0.22,-0.22,-0.001,True
POSCAR_S2Ti2_2_z025,0.319,-0.318,0.0,True
POSCAR_S2Ti2_2_z050,-0.0,0.0,0.0,True
POSCAR_S2Ti2_2_z950,0.14,-0.139,0.001,True
POSCAR_S2Ti2_2_z975,0.181,-0.162,0.018,False
POSCAR_S2V2_2,2.575,-2.575,-0.0,True
POSCAR_S2V2_2_st025,2.625,-2.625,-0.0,True
POSCAR_S2V2_2_st050,2.665,-2.665,-0.0,True
POSCAR_S2V2_2_st950,2.424,-2.424,-0.0,True
POSCAR_S2V2_2_st975,2.51,-2.51,-0.0,True
POSCAR_S2V2_2_x025,2.592,-2.59,0.004,True
POSCAR_S2V2_2_x050,2.608,-2.604,0.007,True
POSCAR_S2V2_2_x950,2.534,-2.539,-0.009,True
POSCAR_S2V2_2_x975,2.555,-2.558,-0.004,True
POSCAR_S2V2_2_y025,2.59,-2.592,-0.004,True
POSCAR_S2V2_2_y050,2.604,-2.608,-0.007,True
POSCAR_S2V2_2_y950,2.539,-2.534,0.008,True
POSCAR_S2V2_2_y975,2.558,-2.556,0.004,True
POSCAR_S2V2_2_z025,2.596,-2.596,-0.0,True
POSCAR_S2V2_2_z050,2.615,-2.615,-0.0,True
POSCAR_S2V2_2_z950,2.525,-2.525,-0.0,True
POSCAR_S2V2_2_z975,2.551,-2.551,-0.0,True
POSCAR_S2V2_3,2.678,-2.678,-0.0,True
POSCAR_S2V2_3_st025,2.705,-2.705,-0.0,True
POSCAR_S2V2_3_st050,2.727,-2.727,-0.0,True
POSCAR_S2V2_3_st950,2.605,-2.605,-0.0,True
POSCAR_S2V2_3_st975,2.646,-2.646,-0.0,True
POSCAR_S2V2_3_x025,2.688,-2.688,-0.0,True
POSCAR_S2V2_3_x050,2.697,-2.697,-0.0,True
POSCAR_S2V2_3_x950,2.655,-2.655,-0.0,True
POSCAR_S2V2_3_x975,2.667,-2.667,-0.0,True
POSCAR_S2V2_3_y025,2.688,-2.688,-0.0,True
POSCAR_S2V2_3_y050,2.697,-2.697,-0.0,True
POSCAR_S2V2_3_y950,2.655,-2.655,-0.0,True
POSCAR_S2V2_3_y975,2.667,-2.667,-0.0,True
POSCAR_S2V2_3_z025,2.686,-2.686,-0.0,True
POSCAR_S2V2_3_z050,2.694,-2.694,-0.0,True
POSCAR_S2V2_3_z950,2.659,-2.659,-0.0,True
POSCAR_S2V2_3_z975,2.669,-2.669,-0.0,True
POSCAR_S2V2_4,2.646,-2.646,-0.0,True
POSCAR_S2V2_4_st025,2.677,-2.677,0.0,True
POSCAR_S2V2_4_st050,2.703,-2.703,0.0,True
POSCAR_S2V2_4_st950,2.561,-2.561,-0.0,True
POSCAR_S2V2_4_st975,2.608,-2.608,0.0,True
POSCAR_S2V2_4_x025,2.654,-2.654,0.0,True
POSCAR_S2V2_4_x050,2.661,-2.661,0.0,True
POSCAR_S2V2_4_x950,2.624,-2.624,-0.0,True
POSCAR_S2V2_4_x975,2.636,-2.636,-0.0,True
POSCAR_S2V2_4_y025,2.654,-2.654,-0.0,True
POSCAR_S2V2_4_y050,2.661,-2.661,-0.0,True
POSCAR_S2V2_4_y950,2.624,-2.624,0.0,True
POSCAR_S2V2_4_y975,2.636,-2.636,0.0,True
POSCAR_S2V2_4_z025,2.661,-2.661,0.0,True
POSCAR_S2V2_4_z050,2.674,-2.674,0.0,True
POSCAR_S2V2_4_z950,2.607,-2.607,-0.0,True
POSCAR_S2V2_4_z975,2.628,-2.628,0.0,True
POSCAR_Sb2Ti2_1,0.693,-0.691,0.002,True
POSCAR_Sb2Ti2_1_st025,0.835,-0.831,0.003,True
POSCAR_Sb2Ti2_1_st050,0.939,-0.938,0.0,True
POSCAR_Sb2Ti2_1_st950,0.163,-0.163,-0.0,True
POSCAR_Sb2Ti2_1_st975,0.511,-0.51,0.001,True
POSCAR_Sb2Ti2_1_x025,0.772,-0.772,-0.0,True
POSCAR_Sb2Ti2_1_x050,0.817,-0.816,0.0,True
POSCAR_Sb2Ti2_1_x950,0.607,-0.607,0.0,True
POSCAR_Sb2Ti2_1_x975,0.646,-0.643,0.003,True
POSCAR_Sb2Ti2_1_y025,0.744,-0.744,0.0,True
POSCAR_Sb2Ti2_1_y050,0.807,-0.797,0.01,True
POSCAR_Sb2Ti2_1_y950,0.614,-0.614,-0.0,True
POSCAR_Sb2Ti2_1_y975,0.654,-0.654,-0.0,True
POSCAR_Sb2Ti2_1_z025,0.764,-0.767,-0.003,True
POSCAR_Sb2Ti2_1_z050,0.822,-0.82,0.002,True
POSCAR_Sb2Ti2_1_z950,0.531,-0.531,-0.0,True
POSCAR_Sb2Ti2_1_z975,0.607,-0.607,0.0,True
POSCAR_Sc2Te2_1,0.043,-0.04,0.003,True
POSCAR_Sc2Te2_1_x025,0.012,-0.004,0.008,True
POSCAR_Sc2Te2_1_x050,0.011,-0.005,0.006,True
POSCAR_Sc2Te2_1_x950,0.006,-0.003,0.003,True
POSCAR_Sc2Te2_1_x975,0.011,-0.007,0.003,True
POSCAR_Sc2Te2_1_y025,0.01,-0.005,0.005,True
POSCAR_Sc2Te2_1_y050,0.008,-0.007,0.0,True
POSCAR_Sc2Te2_1_y950,0.006,-0.003,0.003,True
POSCAR_Sc2Te2_1_y975,0.01,-0.007,0.003,True
POSCAR_Sc2Te2_1_z025,0.052,-0.052,-0.0,True
POSCAR_Sc2Te2_1_z050,0.004,-0.004,-0.0,True
POSCAR_Sc2Te2_1_z950,-0.0,-0.0,-0.0,True
POSCAR_Sc2Te2_1_z975,0.02,-0.009,0.011,False
POSCAR_Se2Ti2_1,0.796,-0.797,-0.001,True
POSCAR_Se2Ti2_1_st025,1.338,-1.34,-0.001,True
POSCAR_Se2Ti2_1_st050,0.012,-0.009,0.003,True
POSCAR_Se2Ti2_1_st950,0.165,-0.165,-0.0,True
POSCAR_Se2Ti2_1_st975,0.392,-0.392,-0.0,True
POSCAR_Se2Ti2_1_x025,1.027,-1.019,0.008,True
POSCAR_Se2Ti2_1_x050,1.314,-1.315,-0.001,True
POSCAR_Se2Ti2_1_x950,0.318,-0.318,0.0,True
POSCAR_Se2Ti2_1_x975,0.509,-0.509,-0.001,True
POSCAR_Se2Ti2_1_y025,1.026,-1.021,0.004,True
POSCAR_Se2Ti2_1_y050,1.314,-1.315,-0.0,True
POSCAR_Se2Ti2_1_y950,0.318,-0.319,-0.0,True
POSCAR_Se2Ti2_1_y975,0.508,-0.509,-0.001,True
POSCAR_Se2Ti2_1_z025,0.858,-0.857,0.001,True
POSCAR_Se2Ti2_1_z050,0.908,-0.911,-0.002,True
POSCAR_Se2Ti2_1_z950,0.647,-0.648,-0.002,True
POSCAR_Se2Ti2_1_z975,0.747,-0.749,-0.002,True
POSCAR_Se2Ti2_4,0.605,-0.604,0.001,True
POSCAR_Se2Ti2_4_x025,0.0,-0.0,0.0,True
POSCAR_Se2Ti2_4_x050,-0.0,0.0,0.0,True
POSCAR_Se2Ti2_4_x950,0.001,-0.001,0.0,True
POSCAR_Se2Ti2_4_x975,0.237,-0.244,-0.006,True
POSCAR_Se2Ti2_4_y025,0.001,-0.001,-0.0,True
POSCAR_Se2Ti2_4_y050,0.0,-0.0,-0.0,True
POSCAR_Se2Ti2_4_y950,0.001,-0.001,-0.0,True
POSCAR_Se2Ti2_4_y975,0.245,-0.238,0.006,True
POSCAR_Se2Ti2_4_z025,0.0,-0.0,0.0,True
POSCAR_Se2Ti2_4_z050,0.001,-0.001,0.0,True
POSCAR_Se2Ti2_4_z950,0.001,-0.001,-0.0,True
POSCAR_Se2Ti2_4_z975,0.173,-0.173,0.0,True
POSCAR_Se2V2_1,2.688,-2.688,0.0,True
POSCAR_Se2V2_1_st025,2.714,-2.713,0.0,True
POSCAR_Se2V2_1_st050,2.736,-2.736,0.0,True
POSCAR_Se2V2_1_st950,2.621,-2.621,0.0,True
POSCAR_Se2V2_1_st975,2.658,-2.658,0.0,True
POSCAR_Se2V2_1_x025,2.694,-2.694,0.0,True
POSCAR_Se2V2_1_x050,2.699,-2.699,0.0,True
POSCAR_Se2V2_1_x950,2.672,-2.671,0.0,True
POSCAR_Se2V2_1_x975,2.68,-2.68,0.0,True
POSCAR_Se2V2_1_y025,2.694,-2.694,0.0,True
POSCAR_Se2V2_1_y050,2.699,-2.699,0.0,True
POSCAR_Se2V2_1_y950,2.672,-2.671,0.0,True
POSCAR_Se2V2_1_y975,2.68,-2.68,0.0,True
POSCAR_Se2V2_1_z025,2.701,-2.701,0.0,True
POSCAR_Se2V2_1_z050,2.712,-2.712,0.0,True
POSCAR_Se2V2_1_z950,2.655,-2.655,0.0,True
POSCAR_Se2V2_1_z975,2.673,-2.673,0.0,True
POSCAR_Te2V2_1,2.72,-2.72,-0.0,True
POSCAR_Te2V2_1_st025,2.744,-2.744,-0.0,True
POSCAR_Te2V2_1_st050,2.765,-2.765,-0.0,True
POSCAR_Te2V2_1_st950,2.66,-2.66,-0.0,True
POSCAR_Te2V2_1_st975,2.692,-2.692,-0.0,True
POSCAR_Te2V2_1_x025,2.726,-2.726,-0.0,True
POSCAR_Te2V2_1_x050,2.731,-2.731,-0.0,True
POSCAR_Te2V2_1_x950,2.706,-2.706,-0.0,True
POSCAR_Te2V2_1_x975,2.713,-2.713,-0.0,True
POSCAR_Te2V2_1_y025,2.726,-2.726,-0.0,True
POSCAR_Te2V2_1_y050,2.731,-2.731,-0.0,True
POSCAR_Te2V2_1_y950,2.706,-2.706,-0.0,True
POSCAR_Te2V2_1_y975,2.713,-2.713,-0.0,True
POSCAR_Te2V2_1_z025,2.733,-2.733,-0.0,True
POSCAR_Te2V2_1_z050,2.744,-2.744,-0.0,True
POSCAR_Te2V2_1_z950,2.69,-2.69,-0.0,True
POSCAR_Te2V2_1_z975,2.706,-2.706,-0.0,True
POSCAR_Te4Ti2_1,1.089,-1.088,0.0,True
POSCAR_Te4Ti2_1_st025,1.122,-1.121,0.002,True
POSCAR_Te4Ti2_1_st050,1.165,-1.162,0.002,True
POSCAR_Te4Ti2_1_st950,0.98,-0.981,-0.0,True
POSCAR_Te4Ti2_1_x025,1.095,-1.092,0.004,True
POSCAR_Te4Ti2_1_x050,1.099,-1.098,0.002,True
POSCAR_Te4Ti2_1_x950,1.077,-1.082,-0.004,True
POSCAR_Te4Ti2_1_x975,1.083,-1.083,0.0,True
POSCAR_Te4Ti2_1_y025,1.093,-1.092,0.001,True
POSCAR_Te4Ti2_1_y050,1.098,-1.099,-0.002,True
POSCAR_Te4Ti2_1_y950,1.071,-1.106,-0.034,False
POSCAR_Te4Ti2_1_y975,1.083,-1.094,-0.012,False
POSCAR_Te4Ti2_1_z025,1.112,-1.114,-0.001,True
POSCAR_Te4Ti2_1_z050,1.122,-1.174,-0.048,False
POSCAR_Te4Ti2_1_z950,1.052,-1.05,0.002,True
POSCAR_Te4Ti2_1_z975,1.069,-1.068,0.002,True
POSCAR_Te4V2_1,2.663,-2.663,0.0,True
POSCAR_Te4V2_1_st025,2.698,-2.697,0.0,True
POSCAR_Te4V2_1_st050,2.727,-2.727,0.0,True
POSCAR_Te4V2_1_st950,2.577,-2.576,-0.0,True
POSCAR_Te4V2_1_st975,2.624,-2.623,0.0,True
POSCAR_Te4V2_1_x025,2.673,-2.673,0.0,True
POSCAR_Te4V2_1_x050,2.682,-2.682,0.001,True
POSCAR_Te4V2_1_x950,2.639,-2.638,-0.001,True
POSCAR_Te4V2_1_x975,2.652,-2.651,-0.0,True
POSCAR_Te4V2_1_y025,2.679,-2.679,0.001,True
POSCAR_Te4V2_1_y050,2.693,-2.693,0.002,True
POSCAR_Te4V2_1_y950,2.623,-2.626,-0.001,True
POSCAR_Te4V2_1_y975,2.645,-2.646,-0.001,True
POSCAR_Te4V2_1_z025,2.672,-2.672,-0.001,True
POSCAR_Te4V2_1_z050,2.679,-2.68,-0.002,True
POSCAR_Te4V2_1_z950,2.641,-2.64,0.002,True
POSCAR_Te4V2_1_z975,2.653,-2.652,0.001,True
POSCAR_Tl2Zr2_1,0.235,-0.232,0.003,True
POSCAR_Tl2Zr2_1_st050,0.369,-0.369,0.0,True
POSCAR_Tl2Zr2_1_x025,0.076,-0.076,0.0,True
POSCAR_Tl2Zr2_1_x050,0.034,-0.034,0.0,True
POSCAR_Tl2Zr2_1_x950,0.168,-0.168,-0.0,True
POSCAR_Tl2Zr2_1_x975,0.193,-0.192,0.001,True
POSCAR_Tl2Zr2_1_y025,0.039,-0.038,0.0,True
POSCAR_Tl2Zr2_1_y050,0.022,-0.022,0.0,True
POSCAR_Tl2Zr2_1_y950,0.175,-0.175,-0.0,True
POSCAR_Tl2Zr2_1_y975,0.189,-0.189,0.0,True
POSCAR_Tl2Zr2_1_z025,0.205,-0.228,-0.023,False
POSCAR_Tl2Zr2_1_z050,0.201,-0.194,0.006,True
POSCAR_Tl2Zr2_1_z950,0.0,-0.0,-0.0,True
POSCAR_Tl2Zr2_1_z975,0.03,-0.031,-0.0,True
