filename,ion1 tot
POSCAR_Ag2F6_3,0.102
POSCAR_Ag2F6_3_st950,0.078
POSCAR_Ag2F6_3_st975,0.088
POSCAR_Ag2F6_3_x950,0.004
POSCAR_Ag2F6_3_y025,0.132
POSCAR_Ag2F6_3_y950,0.006
POSCAR_Ag2F6_3_y975,0.008
POSCAR_Ag2F6_3_z025,0.109
POSCAR_Ag2F6_3_z950,0.015
POSCAR_Ag2F6_3_z975,0.096
POSCAR_Al10Fe2_1,3.038
POSCAR_Al10Fe2_1_st950,2.798
POSCAR_Al10Fe2_1_st975,2.935
POSCAR_Al10Fe2_1_x025,3.065
POSCAR_Al10Fe2_1_x050,3.09
POSCAR_Al10Fe2_1_x975,3.004
POSCAR_Al10Fe2_1_y050,3.084
POSCAR_Al10Fe2_1_y950,2.967
POSCAR_Al10Fe2_1_y975,3.007
POSCAR_Al10Fe2_1_z025,3.057
POSCAR_Al10Fe2_1_z050,3.26
POSCAR_Al10Fe2_1_z950,2.932
POSCAR_Al10Fe2_1_z975,3.001
POSCAR_Al2Fe2_2,3.074
POSCAR_Al2Fe2_2_st025,3.225
POSCAR_Al2Fe2_2_st950,2.67
POSCAR_Al2Fe2_2_x025,3.16
POSCAR_Al2Fe2_2_x050,3.175
POSCAR_Al2Fe2_2_x950,2.784
POSCAR_Al2Fe2_2_x975,2.824
POSCAR_Al2Fe2_2_y025,3.138
POSCAR_Al2Fe2_2_y050,3.179
POSCAR_Al2Fe2_2_y950,2.804
POSCAR_Al2Fe2_2_z025,2.889
POSCAR_Al2Fe2_2_z050,2.914
POSCAR_Al2Fe2_2_z950,2.938
POSCAR_Al2Fe2_2_z975,3.055
POSCAR_Al2Mn2_2,4.106
POSCAR_Al2Mn2_2_st950,3.786
POSCAR_Al2Mn2_2_st975,3.947
POSCAR_Al2Mn2_2_x025,4.154
POSCAR_Al2Mn2_2_x050,4.201
POSCAR_Al2Mn2_2_x950,3.984
POSCAR_Al2Mn2_2_x975,4.044
POSCAR_Al2Mn2_2_y025,4.154
POSCAR_Al2Mn2_2_y050,4.201
POSCAR_Al2Mn2_2_y950,3.984
POSCAR_Al2Mn2_2_y975,4.044
POSCAR_Al2Mn2_2_z025,4.136
POSCAR_Al2Mn2_2_z050,4.176
POSCAR_Al2Mn2_2_z950,4.007
POSCAR_Al2Mn2_2_z975,4.041
POSCAR_Al3Fe2_2,2.842
POSCAR_Al3Fe2_2_st975,2.627
POSCAR_Al3Fe2_2_x025,2.859
POSCAR_Al3Fe2_2_x050,2.935
POSCAR_Al3Fe2_2_x950,2.717
POSCAR_Al3Fe2_2_x975,2.801
POSCAR_Al3Fe2_2_y025,2.88
POSCAR_Al3Fe2_2_y050,2.917
POSCAR_Al3Fe2_2_y950,2.585
POSCAR_Al3Fe2_2_y975,2.694
POSCAR_Al3Fe2_2_z025,2.869
POSCAR_Al3Fe2_2_z050,2.892
POSCAR_Al3Fe2_2_z950,2.731
POSCAR_Al3Fe2_2_z975,2.807
POSCAR_Al5Mn2_1,4.217
POSCAR_Al5Mn2_1_st025,4.311
POSCAR_Al5Mn2_1_st050,4.388
POSCAR_Al5Mn2_1_st975,4.1
POSCAR_Al5Mn2_1_x025,4.251
POSCAR_Al5Mn2_1_x050,4.283
POSCAR_Al5Mn2_1_x950,4.14
POSCAR_Al5Mn2_1_x975,4.18
POSCAR_Al5Mn2_1_y025,4.251
POSCAR_Al5Mn2_1_y050,4.283
POSCAR_Al5Mn2_1_y950,4.141
POSCAR_Al5Mn2_1_y975,4.181
POSCAR_Al5Mn2_1_z025,4.254
POSCAR_Al5Mn2_1_z050,4.28
POSCAR_Al5Mn2_1_z950,4.137
POSCAR_Al5Mn2_1_z975,4.18
POSCAR_As1V2_1,2.554
POSCAR_As1V2_1_st050,2.682
POSCAR_As1V2_1_x025,2.581
POSCAR_As1V2_1_x050,2.606
POSCAR_As1V2_1_x950,2.495
POSCAR_As1V2_1_x975,2.525
POSCAR_As1V2_1_y025,2.582
POSCAR_As1V2_1_y050,2.609
POSCAR_As1V2_1_y950,2.492
POSCAR_As1V2_1_y975,2.523
POSCAR_As1V2_1_z025,2.581
POSCAR_As1V2_1_z050,2.607
POSCAR_As1V2_1_z950,2.48
POSCAR_As1V2_1_z975,2.519
POSCAR_As2Cr2_1,3.992
POSCAR_As2Cr2_1_st025,4.034
POSCAR_As2Cr2_1_st950,3.874
POSCAR_As2Cr2_1_st975,3.942
POSCAR_As2Cr2_1_x950,3.977
POSCAR_As2Cr2_1_x975,3.986
POSCAR_As2Cr2_1_y950,3.974
POSCAR_As2Cr2_1_y975,3.985
POSCAR_As2Cr2_1_z025,4.022
POSCAR_As2Cr2_1_z050,4.049
POSCAR_As2Cr2_1_z950,3.928
POSCAR_As2Cr2_1_z975,3.963
POSCAR_As2Cr2_4,4.085
POSCAR_As2Cr2_4_st025,4.129
POSCAR_As2Cr2_4_st050,4.159
POSCAR_As2Cr2_4_st950,3.959
POSCAR_As2Cr2_4_st975,4.033
POSCAR_As2Cr2_4_x025,4.098
POSCAR_As2Cr2_4_x050,4.107
POSCAR_As2Cr2_4_x950,4.065
POSCAR_As2Cr2_4_x975,4.076
POSCAR_As2Cr2_4_y025,4.098
POSCAR_As2Cr2_4_y050,4.107
POSCAR_As2Cr2_4_y950,4.066
POSCAR_As2Cr2_4_y975,4.076
POSCAR_As2Cr2_4_z025,4.109
POSCAR_As2Cr2_4_z050,4.135
POSCAR_As2Cr2_4_z950,4.029
POSCAR_As2Cr2_4_z975,4.057
POSCAR_As2Mo2_1,2.34
POSCAR_As2Mo2_1_st025,2.586
POSCAR_As2Mo2_1_st050,2.799
POSCAR_As2Mo2_1_st950,1.341
POSCAR_As2Mo2_1_st975,2.032
POSCAR_As2Mo2_1_z025,2.42
POSCAR_As2Mo2_1_z050,2.493
POSCAR_As2Mo2_1_z950,2.138
POSCAR_As2Mo2_1_z975,2.245
POSCAR_As2Mo2_3,1.29
POSCAR_As2Mo2_3_st975,0.055
POSCAR_As2Mo2_3_x950,0.894
POSCAR_As2Mo2_3_x975,1.193
POSCAR_As2Mo2_3_y025,1.417
POSCAR_As2Mo2_3_y975,1.193
POSCAR_As2Mo2_4,1.662
POSCAR_As2Mo2_4_st025,2.103
POSCAR_As2Mo2_4_st050,2.589
POSCAR_As2Mo2_4_st975,1.04
POSCAR_As2Mo2_4_x025,1.812
POSCAR_As2Mo2_4_x975,1.442
POSCAR_As2Mo2_4_y025,1.862
POSCAR_As2Mo2_4_z050,1.902
POSCAR_As2Mo2_4_z950,1.157
POSCAR_As2Mo2_4_z975,1.398
POSCAR_As2Nb2_2,0.006
POSCAR_As2Nb2_2_y025,0.002
POSCAR_As2Nb2_2_z950,0.003
POSCAR_As2Nb2_2_z975,0.001
POSCAR_As2Ni2_1,0.019
POSCAR_As2Ni2_1_x025,0.002
POSCAR_As2Ni2_1_x050,0.003
POSCAR_As2Ni2_1_x950,0
POSCAR_As2Ni2_1_x975,0.001
POSCAR_As2Ni2_1_y025,0.002
POSCAR_As2Ni2_1_y050,0.002
POSCAR_As2Ni2_1_y975,0.001
POSCAR_As2Ni2_1_z050,0.006
POSCAR_As2Ni2_1_z950,0
POSCAR_As2Ni2_1_z975,0.001
POSCAR_As2Ru2_2,1.052
POSCAR_As2Ru2_2_st025,1.184
POSCAR_As2Ru2_2_st050,1.471
POSCAR_As2Ru2_2_st950,0.824
POSCAR_As2Ru2_2_st975,0.923
POSCAR_As2Ru2_2_x025,1.145
POSCAR_As2Ru2_2_x050,1.246
POSCAR_As2Ru2_2_x950,1.095
POSCAR_As2Ru2_2_x975,1.04
POSCAR_As2Ru2_2_y025,1.085
POSCAR_As2Ru2_2_y950,1.121
POSCAR_As2Ru2_2_y975,1.044
POSCAR_As2Ru2_2_z025,1.138
POSCAR_As2Ru2_2_z050,1.31
POSCAR_As2Ru2_2_z950,0.865
POSCAR_As2Ru2_2_z975,0.952
POSCAR_As2V2_1,2.19
POSCAR_As2V2_1_st025,2.264
POSCAR_As2V2_1_st050,2.336
POSCAR_As2V2_1_st950,2.027
POSCAR_As2V2_1_st975,2.116
POSCAR_As2V2_1_x025,2.211
POSCAR_As2V2_1_x050,2.231
POSCAR_As2V2_1_x950,2.154
POSCAR_As2V2_1_x975,2.171
POSCAR_As2V2_1_y025,2.22
POSCAR_As2V2_1_y050,2.24
POSCAR_As2V2_1_y950,2.087
POSCAR_As2V2_1_y975,2.151
POSCAR_As2V2_1_z025,2.217
POSCAR_As2V2_1_z050,2.243
POSCAR_As2V2_1_z950,2.144
POSCAR_As2V2_1_z975,2.167
POSCAR_As2V2_2,2.237
POSCAR_As2V2_2_st025,2.339
POSCAR_As2V2_2_st050,2.426
POSCAR_As2V2_2_st950,1.892
POSCAR_As2V2_2_st975,2.103
POSCAR_As2V2_2_x025,2.286
POSCAR_As2V2_2_x050,2.338
POSCAR_As2V2_2_y025,2.287
POSCAR_As2V2_2_y050,2.343
POSCAR_As2V2_2_z025,2.256
POSCAR_As2V2_2_z050,2.276
POSCAR_As2V2_2_z950,2.194
POSCAR_As2V2_2_z975,2.215
POSCAR_As4Cr2_1,3.659
POSCAR_As4Cr2_1_st025,3.752
POSCAR_As4Cr2_1_st050,3.838
POSCAR_As4Cr2_1_st950,3.429
POSCAR_As4Cr2_1_st975,3.549
POSCAR_As4Cr2_1_x025,3.666
POSCAR_As4Cr2_1_x050,3.676
POSCAR_As4Cr2_1_x950,3.67
POSCAR_As4Cr2_1_x975,3.666
POSCAR_As4Cr2_1_y025,3.717
POSCAR_As4Cr2_1_y050,3.767
POSCAR_As4Cr2_1_y950,3.559
POSCAR_As4Cr2_1_y975,3.604
POSCAR_As4Cr2_1_z025,3.704
POSCAR_As4Cr2_1_z050,3.758
POSCAR_As4Cr2_1_z950,3.564
POSCAR_As4Cr2_1_z975,3.616
POSCAR_As4Fe2_1,3.229
POSCAR_As4Fe2_1_st050,3.415
POSCAR_As4Fe2_1_st950,2.32
POSCAR_As4Fe2_1_st975,2.708
POSCAR_As4Fe2_1_x025,3.292
POSCAR_As4Fe2_1_x050,3.357
POSCAR_As4Fe2_1_x950,3.102
POSCAR_As4Fe2_1_x975,3.178
POSCAR_As4Fe2_1_y025,3.28
POSCAR_As4Fe2_1_y050,3.324
POSCAR_As4Fe2_1_y975,3.177
POSCAR_As4Fe2_1_z025,3.265
POSCAR_As4Fe2_1_z050,3.294
POSCAR_As4Fe2_1_z950,2.778
POSCAR_As4Fe2_1_z975,3.189
POSCAR_As8Co2_1,0.192
POSCAR_As8Co2_1_st025,0
POSCAR_As8Co2_1_st050,0.006
POSCAR_As8Co2_1_st975,0.066
POSCAR_As8Co2_1_x025,0.338
POSCAR_As8Co2_1_x050,0
POSCAR_As8Co2_1_x950,0.001
POSCAR_As8Co2_1_x975,0.052
POSCAR_As8Co2_1_y950,0.01
POSCAR_As8Co2_1_y975,0.124
POSCAR_As8Co2_1_z050,0.076
POSCAR_As8Co2_1_z950,0.034
POSCAR_As8Cr2_1,3.817
POSCAR_As8Cr2_1_st025,3.889
POSCAR_As8Cr2_1_st050,3.948
POSCAR_As8Cr2_1_st950,3.599
POSCAR_As8Cr2_1_st975,3.726
POSCAR_As8Cr2_1_x025,3.849
POSCAR_As8Cr2_1_x050,3.873
POSCAR_As8Cr2_1_x950,3.717
POSCAR_As8Cr2_1_x975,3.774
POSCAR_As8Cr2_1_y025,3.841
POSCAR_As8Cr2_1_y050,3.859
POSCAR_As8Cr2_1_y950,3.757
POSCAR_As8Cr2_1_y975,3.787
POSCAR_As8Cr2_1_z025,3.823
POSCAR_As8Cr2_1_z050,3.833
POSCAR_As8Cr2_1_z950,3.764
POSCAR_As8Cr2_1_z975,3.793
POSCAR_As8Cr2_3,3.844
POSCAR_As8Cr2_3_st025,3.897
POSCAR_As8Cr2_3_st050,3.943
POSCAR_As8Cr2_3_st950,3.696
POSCAR_As8Cr2_3_st975,3.78
POSCAR_As8Cr2_3_x025,3.858
POSCAR_As8Cr2_3_x050,3.873
POSCAR_As8Cr2_3_x950,3.815
POSCAR_As8Cr2_3_x975,3.83
POSCAR_As8Cr2_3_y025,3.865
POSCAR_As8Cr2_3_y050,3.884
POSCAR_As8Cr2_3_y950,3.799
POSCAR_As8Cr2_3_y975,3.823
POSCAR_As8Cr2_3_z025,3.866
POSCAR_As8Cr2_3_z050,3.888
POSCAR_As8Cr2_3_z950,3.799
POSCAR_As8Cr2_3_z975,3.822
POSCAR_B2Co2_5,0.465
POSCAR_B2Co2_5_st950,0.247
POSCAR_B2Co2_5_st975,0.343
POSCAR_B2Co2_5_x025,0.542
POSCAR_B2Co2_5_x950,0.315
POSCAR_B2Co2_5_x975,0.391
POSCAR_B2Co2_5_y025,0.504
POSCAR_B2Fe2_3,2.429
POSCAR_B2Fe2_3_st025,2.631
POSCAR_B2Fe2_3_st950,1.755
POSCAR_B2Fe2_3_st975,2.155
POSCAR_B2Fe2_3_x025,2.502
POSCAR_B2Fe2_3_x050,2.572
POSCAR_B2Fe2_3_x950,2.232
POSCAR_B2Fe2_3_x975,2.338
POSCAR_B2Fe2_3_y025,2.502
POSCAR_B2Fe2_3_y050,2.572
POSCAR_B2Fe2_3_y950,2.232
POSCAR_B2Fe2_3_y975,2.338
POSCAR_B2Fe2_3_z025,2.491
POSCAR_B2Fe2_3_z050,2.551
POSCAR_B2Fe2_3_z950,2.286
POSCAR_B2Fe2_3_z975,2.353
POSCAR_B2Fe2_4,2.762
POSCAR_B2Fe2_4_st025,2.889
POSCAR_B2Fe2_4_st050,2.993
POSCAR_B2Fe2_4_st950,2.336
POSCAR_B2Fe2_4_st975,2.602
POSCAR_B2Fe2_4_x025,2.794
POSCAR_B2Fe2_4_x050,2.83
POSCAR_B2Fe2_4_x950,2.687
POSCAR_B2Fe2_4_y025,2.81
POSCAR_B2Fe2_4_y050,2.85
POSCAR_B2Fe2_4_y950,2.628
POSCAR_B2Fe2_4_y975,2.703
POSCAR_B2Fe2_4_z025,2.81
POSCAR_B2Fe2_4_z050,2.849
POSCAR_B2Fe2_4_z950,2.63
POSCAR_B2Fe2_4_z975,2.705
POSCAR_B2Fe2_5,3.163
POSCAR_B2Fe2_5_st975,3.05
POSCAR_B2Fe2_5_x025,3.197
POSCAR_B2Fe2_5_x050,3.23
POSCAR_B2Fe2_5_x950,3.091
POSCAR_B2Fe2_5_y025,3.193
POSCAR_B2Fe2_5_y050,3.204
POSCAR_B2Fe2_5_y975,3.131
POSCAR_B2Fe2_5_z050,3.236
POSCAR_B2Fe2_5_z950,3.066
POSCAR_B2Fe2_5_z975,3.121
POSCAR_B2Mo2_4,1.226
POSCAR_B2Mo2_4_st025,1.534
POSCAR_B2Mo2_4_st050,1.796
POSCAR_B2Mo2_4_st950,0.505
POSCAR_B2Mo2_4_st975,0.753
POSCAR_B2Mo2_4_x025,1.364
POSCAR_B2Mo2_4_x050,1.482
POSCAR_B2Mo2_4_x950,0.709
POSCAR_B2Mo2_4_x975,0.867
POSCAR_B2Rh2_3,0.127
POSCAR_B2Rh2_3_x025,0.039
POSCAR_B2Rh2_3_x050,0.001
POSCAR_B2Rh2_3_x950,0.001
POSCAR_B2Rh2_3_x975,0.041
POSCAR_B2Rh2_3_y025,0.039
POSCAR_B2Rh2_3_y050,0.001
POSCAR_B2Rh2_3_y950,0.001
POSCAR_B2Rh2_3_y975,0.041
POSCAR_B2Rh2_3_z025,0.187
POSCAR_B2Rh2_3_z050,0.138
POSCAR_B2Rh2_3_z975,0.046
POSCAR_B8Co2_1,1.006
POSCAR_B8Co2_1_st025,1.201
POSCAR_B8Co2_1_st050,1.379
POSCAR_B8Co2_1_st950,0.431
POSCAR_B8Co2_1_st975,0.741
POSCAR_B8Co2_1_x025,1.058
POSCAR_B8Co2_1_x050,1.108
POSCAR_B8Co2_1_x950,0.874
POSCAR_B8Co2_1_x975,0.944
POSCAR_B8Co2_1_y025,1.094
POSCAR_B8Co2_1_y050,1.173
POSCAR_B8Co2_1_y950,0.751
POSCAR_B8Co2_1_y975,0.897
POSCAR_B8Co2_1_z025,1.053
POSCAR_B8Co2_1_z050,1.083
POSCAR_B8Co2_1_z950,0.82
POSCAR_B8Co2_1_z975,0.921
POSCAR_B8Fe2_1,2.257
POSCAR_B8Fe2_1_st025,2.558
POSCAR_B8Fe2_1_x025,2.368
POSCAR_B8Fe2_1_x050,2.482
POSCAR_B8Fe2_1_x950,2.014
POSCAR_B8Fe2_1_x975,2.132
POSCAR_B8Fe2_1_y025,2.363
POSCAR_B8Fe2_1_y050,2.487
POSCAR_B8Fe2_1_y950,2.018
POSCAR_B8Fe2_1_y975,2.135
POSCAR_B8Fe2_1_z025,2.301
POSCAR_B8Fe2_1_z050,2.332
POSCAR_B8Fe2_1_z950,2.117
POSCAR_B8Fe2_1_z975,2.197
POSCAR_Bi2Co2_1,1.7
POSCAR_Bi2Co2_1_st025,1.881
POSCAR_Bi2Co2_1_st050,2.011
POSCAR_Bi2Co2_1_st950,0.84
POSCAR_Bi2Co2_1_x025,1.818
POSCAR_Bi2Co2_1_x050,1.856
POSCAR_Bi2Co2_1_y025,1.819
POSCAR_Bi2Co2_1_y050,1.856
POSCAR_Bi2Co2_1_y975,1.538
POSCAR_Bi2Co2_1_z025,1.75
POSCAR_Bi2Co2_1_z050,1.804
POSCAR_Bi2Co2_1_z975,1.596
POSCAR_Bi2Mn2_1,4.436
POSCAR_Bi2Mn2_1_st025,4.494
POSCAR_Bi2Mn2_1_st050,4.541
POSCAR_Bi2Mn2_1_st950,4.283
POSCAR_Bi2Mn2_1_st975,4.368
POSCAR_Bi2Mn2_1_x025,4.458
POSCAR_Bi2Mn2_1_x050,4.476
POSCAR_Bi2Mn2_1_x950,4.389
POSCAR_Bi2Mn2_1_x975,4.415
POSCAR_Bi2Mn2_1_y025,4.458
POSCAR_Bi2Mn2_1_y050,4.476
POSCAR_Bi2Mn2_1_y950,4.389
POSCAR_Bi2Mn2_1_y975,4.415
POSCAR_Bi2Mn2_1_z025,4.456
POSCAR_Bi2Mn2_1_z050,4.474
POSCAR_Bi2Mn2_1_z950,4.393
POSCAR_Bi2Mn2_1_z975,4.416
POSCAR_Bi2Nb2_2,0.494
POSCAR_Bi2Nb2_2_st950,0.02
POSCAR_Bi2Nb2_2_st975,0.035
POSCAR_Bi2Nb2_2_x025,0.59
POSCAR_Bi2Nb2_2_x050,0.737
POSCAR_Bi2Nb2_2_x950,0.077
POSCAR_Bi2Nb2_2_x975,0.147
POSCAR_Bi2Nb2_2_y050,0.71
POSCAR_Bi2Nb2_2_y950,0.063
POSCAR_Bi2Nb2_2_y975,0.171
POSCAR_Bi2Nb2_2_z950,0.205
POSCAR_Bi2Ru2_1,1.384
POSCAR_Bi2Ru2_1_st025,1.619
POSCAR_Bi2Ru2_1_st050,1.873
POSCAR_Bi2Ru2_1_st950,0.888
POSCAR_Bi2Ru2_1_x025,1.47
POSCAR_Bi2Ru2_1_x050,1.537
POSCAR_Bi2Ru2_1_x950,1.152
POSCAR_Bi2Ru2_1_x975,1.142
POSCAR_Bi2Ru2_1_y025,1.315
POSCAR_Bi2Ru2_1_y050,1.515
POSCAR_Bi2Ru2_1_y950,1.319
POSCAR_Bi2Ru2_1_y975,1.35
POSCAR_Bi2Ru2_1_z025,1.49
POSCAR_Bi2Ru2_1_z050,1.565
POSCAR_Bi2Ru2_1_z975,1.14
POSCAR_Bi2Ti2_1,0.914
POSCAR_Bi2Ti2_1_st025,1.015
POSCAR_Bi2Ti2_1_st050,1.112
POSCAR_Bi2Ti2_1_st975,0.8
POSCAR_Bi2Ti2_1_x050,1.007
POSCAR_Bi2Ti2_1_x975,0.925
POSCAR_Bi2Ti2_1_y025,0.972
POSCAR_Bi2Ti2_1_y050,1.024
POSCAR_Bi2Ti2_1_y950,0.911
POSCAR_Bi2Ti2_1_y975,0.916
POSCAR_Bi2Ti2_1_z025,0.961
POSCAR_Bi2Ti2_1_z050,1.003
POSCAR_Bi2Ti2_1_z950,0.801
POSCAR_Bi2Ti2_1_z975,0.859
POSCAR_Bi2V2_1,2.694
POSCAR_Bi2V2_1_st025,2.729
POSCAR_Bi2V2_1_st050,2.757
POSCAR_Bi2V2_1_st950,2.615
POSCAR_Bi2V2_1_st975,2.653
POSCAR_Bi2V2_1_x025,2.705
POSCAR_Bi2V2_1_x050,2.718
POSCAR_Bi2V2_1_x950,2.685
POSCAR_Bi2V2_1_x975,2.694
POSCAR_Bi2V2_1_y025,2.705
POSCAR_Bi2V2_1_y050,2.717
POSCAR_Bi2V2_1_y950,2.686
POSCAR_Bi2V2_1_y975,2.694
POSCAR_Bi2V2_1_z025,2.719
POSCAR_Bi2V2_1_z050,2.738
POSCAR_Bi2V2_1_z950,2.654
POSCAR_Bi2V2_1_z975,2.674
POSCAR_Bi3Fe2_1,3.344
POSCAR_Bi3Fe2_1_st025,3.375
POSCAR_Bi3Fe2_1_st050,3.227
POSCAR_Bi3Fe2_1_x025,3.347
POSCAR_Bi3Fe2_1_x050,3.347
POSCAR_Bi3Fe2_1_x950,3.299
POSCAR_Bi3Fe2_1_x975,3.328
POSCAR_Bi3Mn2_1,4.479
POSCAR_Bi3Mn2_1_st025,4.531
POSCAR_Bi3Mn2_1_st050,4.573
POSCAR_Bi3Mn2_1_st975,4.417
POSCAR_Bi3Mn2_1_x025,4.497
POSCAR_Bi3Mn2_1_x050,4.512
POSCAR_Bi3Mn2_1_x950,4.437
POSCAR_Bi3Mn2_1_x975,4.46
POSCAR_Bi3Mn2_1_y025,4.497
POSCAR_Bi3Mn2_1_y050,4.512
POSCAR_Bi3Mn2_1_y950,4.436
POSCAR_Bi3Mn2_1_y975,4.46
POSCAR_Bi3Mn2_1_z025,4.497
POSCAR_Bi3Mn2_1_z050,4.513
POSCAR_Bi3Mn2_1_z950,4.434
POSCAR_Bi3Mn2_1_z975,4.458
POSCAR_Bi4Cr2_1,4.015
POSCAR_Bi4Cr2_1_st025,4.062
POSCAR_Bi4Cr2_1_st050,4.101
POSCAR_Bi4Cr2_1_st950,3.889
POSCAR_Bi4Cr2_1_st975,3.957
POSCAR_Bi4Cr2_1_x025,4.018
POSCAR_Bi4Cr2_1_x050,4.027
POSCAR_Bi4Cr2_1_x950,4.007
POSCAR_Bi4Cr2_1_x975,4.012
POSCAR_Bi4Cr2_1_y025,4.039
POSCAR_Bi4Cr2_1_y050,4.063
POSCAR_Bi4Cr2_1_y950,3.965
POSCAR_Bi4Cr2_1_y975,3.99
POSCAR_Bi4Cr2_1_z025,4.037
POSCAR_Bi4Cr2_1_z050,4.056
POSCAR_Bi4Cr2_1_z950,3.965
POSCAR_Bi4Cr2_1_z975,3.991
POSCAR_Bi4Fe2_1,3.234
POSCAR_Bi4Fe2_1_st025,3.273
POSCAR_Bi4Fe2_1_st050,3.305
POSCAR_Bi4Fe2_1_x025,3.249
POSCAR_Bi4Fe2_1_x050,3.265
POSCAR_Bi4Fe2_1_x975,3.216
POSCAR_Bi4Fe2_1_y950,3.198
POSCAR_Bi4Fe2_1_y975,3.215
POSCAR_Bi4Fe2_1_z025,3.244
POSCAR_Bi4Fe2_1_z050,3.249
POSCAR_Bi4Fe2_1_z950,3.201
POSCAR_Bi4Fe2_1_z975,3.22
POSCAR_Bi4V2_1,2.663
POSCAR_Bi4V2_1_st050,2.735
POSCAR_Bi4V2_1_x050,2.66
POSCAR_Bi4V2_1_x950,2.63
POSCAR_Bi4V2_1_y025,2.649
POSCAR_Bi4V2_1_y950,2.63
POSCAR_Bi4V2_1_z025,2.742
POSCAR_Bi4V2_1_z050,2.766
POSCAR_Bi4V2_1_z975,2.646
POSCAR_Bi4V2_2,2.759
POSCAR_Bi4V2_2_st025,2.792
POSCAR_Bi4V2_2_st050,2.822
POSCAR_Bi4V2_2_st950,2.685
POSCAR_Bi4V2_2_st975,2.724
POSCAR_Bi4V2_2_x025,2.761
POSCAR_Bi4V2_2_x050,2.764
POSCAR_Bi4V2_2_x950,2.759
POSCAR_Bi4V2_2_x975,2.759
POSCAR_Bi4V2_2_y025,2.777
POSCAR_Bi4V2_2_y050,2.795
POSCAR_Bi4V2_2_y950,2.722
POSCAR_Bi4V2_2_y975,2.741
POSCAR_Bi4V2_2_z025,2.773
POSCAR_Bi4V2_2_z050,2.785
POSCAR_Bi4V2_2_z950,2.726
POSCAR_Bi4V2_2_z975,2.744
POSCAR_Bi6Cr2_1,4.138
POSCAR_Bi6Cr2_1_st025,4.17
POSCAR_Bi6Cr2_1_x025,4.154
POSCAR_Bi6Cr2_1_x975,4.122
POSCAR_Bi6Cr2_1_y025,4.146
POSCAR_Bi6Cr2_1_y950,4.126
POSCAR_Bi6Cr2_1_z050,4.158
POSCAR_Bi6Cr2_1_z975,4.127
POSCAR_Bi6Cr2_3,4.146
POSCAR_Bi6Cr2_3_st025,4.177
POSCAR_Bi6Cr2_3_st050,4.204
POSCAR_Bi6Cr2_3_st950,4.069
POSCAR_Bi6Cr2_3_st975,4.111
POSCAR_Bi6Cr2_3_x025,4.155
POSCAR_Bi6Cr2_3_x050,4.163
POSCAR_Bi6Cr2_3_x950,4.123
POSCAR_Bi6Cr2_3_x975,4.137
POSCAR_Bi6Cr2_3_y025,4.156
POSCAR_Bi6Cr2_3_y050,4.163
POSCAR_Bi6Cr2_3_y950,4.123
POSCAR_Bi6Cr2_3_y975,4.137
POSCAR_Bi6Cr2_3_z025,4.16
POSCAR_Bi6Cr2_3_z050,4.172
POSCAR_Bi6Cr2_3_z950,4.117
POSCAR_Bi6Cr2_3_z975,4.133
POSCAR_Bi6Cr2_4,4.136
POSCAR_Bi6Cr2_4_st975,4.101
POSCAR_Bi6Cr2_4_x050,4.153
POSCAR_Bi6Cr2_4_x950,4.115
POSCAR_Bi6Cr2_4_y025,4.144
POSCAR_Bi6Cr2_4_y050,4.152
POSCAR_Bi6Cr2_4_y975,4.126
POSCAR_Bi6Cr2_4_z050,4.161
POSCAR_Bi6Cr2_4_z950,4.106
POSCAR_Bi6Cr2_4_z975,4.119
POSCAR_Bi6Fe2_1,3.09
POSCAR_Bi6Fe2_1_st025,3.147
POSCAR_Bi6Fe2_1_st950,2.948
POSCAR_Bi6Fe2_1_st975,3.025
POSCAR_Bi6Fe2_1_x025,3.121
POSCAR_Bi6Fe2_1_x050,3.142
POSCAR_Bi6Fe2_1_x950,3.034
POSCAR_Bi6Fe2_1_x975,3.061
POSCAR_Bi6Fe2_1_y025,3.105
POSCAR_Bi6Fe2_1_y050,3.118
POSCAR_Bi6Fe2_1_y950,3.057
POSCAR_Bi6Fe2_1_y975,3.075
POSCAR_Bi6Fe2_1_z025,3.105
POSCAR_Bi6Fe2_1_z050,3.12
POSCAR_Bi6Fe2_1_z950,3.057
POSCAR_Bi6Fe2_1_z975,3.076
POSCAR_Bi6Fe2_2,3.161
POSCAR_Bi6Fe2_2_st025,3.199
POSCAR_Bi6Fe2_2_st050,3.233
POSCAR_Bi6Fe2_2_st950,3.06
POSCAR_Bi6Fe2_2_st975,3.116
POSCAR_Bi6Fe2_2_x050,3.188
POSCAR_Bi6Fe2_2_x950,3.124
POSCAR_Bi6Fe2_2_x975,3.142
POSCAR_Bi6Fe2_2_y050,3.188
POSCAR_Bi6Fe2_2_y950,3.121
POSCAR_Bi6Fe2_2_y975,3.143
POSCAR_Bi6Fe2_2_z025,3.171
POSCAR_Bi6Fe2_2_z050,3.179
POSCAR_Bi6Fe2_2_z950,3.135
POSCAR_Bi6Fe2_2_z975,3.145
POSCAR_Bi8Co2_1,1.348
POSCAR_Bi8Co2_1_y025,1.428
POSCAR_Bi8Co2_1_y050,1.492
POSCAR_Bi8Co2_1_y950,1.126
POSCAR_Bi8Cr2_1,4.095
POSCAR_Bi8Cr2_1_st025,4.132
POSCAR_Bi8Cr2_1_st050,4.163
POSCAR_Bi8Cr2_1_st950,3.983
POSCAR_Bi8Cr2_1_st975,4.045
POSCAR_Bi8Cr2_1_x025,4.108
POSCAR_Bi8Cr2_1_x050,4.121
POSCAR_Bi8Cr2_1_x950,4.064
POSCAR_Bi8Cr2_1_x975,4.08
POSCAR_Bi8Cr2_1_y025,4.108
POSCAR_Bi8Cr2_1_y050,4.121
POSCAR_Bi8Cr2_1_y950,4.065
POSCAR_Bi8Cr2_1_y975,4.08
POSCAR_Bi8Cr2_1_z025,4.107
POSCAR_Bi8Cr2_1_z050,4.119
POSCAR_Bi8Cr2_1_z950,4.063
POSCAR_Bi8Cr2_1_z975,4.08
POSCAR_Bi8Fe2_1,3.105
POSCAR_Bi8Fe2_1_st025,3.167
POSCAR_Bi8Fe2_1_st050,3.22
POSCAR_Bi8Fe2_1_st950,2.949
POSCAR_Bi8Fe2_1_st975,3.036
POSCAR_Bi8Fe2_1_x025,3.128
POSCAR_Bi8Fe2_1_x050,3.144
POSCAR_Bi8Fe2_1_x975,3.087
POSCAR_Bi8Fe2_1_y025,3.123
POSCAR_Bi8Fe2_1_y050,3.142
POSCAR_Bi8Fe2_1_y950,3.065
POSCAR_Bi8Fe2_1_y975,3.087
POSCAR_Bi8Fe2_1_z025,3.132
POSCAR_Bi8Fe2_1_z050,3.157
POSCAR_Bi8Fe2_1_z950,3.049
POSCAR_Bi8Fe2_1_z975,3.08
POSCAR_Bi8Ru2_1,1.266
POSCAR_Bi8Ru2_1_st025,1.81
POSCAR_Bi8Ru2_1_st050,1.867
POSCAR_Bi8Ru2_1_x025,1.404
POSCAR_Bi8Ru2_1_x050,1.514
POSCAR_Bi8Ru2_1_x975,1.127
POSCAR_Bi8Ru2_1_y050,1.573
POSCAR_Bi8Ru2_1_y975,1.15
POSCAR_Bi8Ru2_1_z025,1.402
POSCAR_Bi8Ru2_1_z050,1.513
POSCAR_Bi8Ru2_1_z975,1.128
POSCAR_Br4Cu2_1,0.484
POSCAR_Br4Cu2_1_st025,0.508
POSCAR_Br4Cu2_1_st050,0.521
POSCAR_Br4Cu2_1_st950,0.4
POSCAR_Br4Cu2_1_st975,0.448
POSCAR_Br4Cu2_1_x025,0.492
POSCAR_Br4Cu2_1_x050,0.495
POSCAR_Br4Cu2_1_x950,0.453
POSCAR_Br4Cu2_1_x975,0.472
POSCAR_Br4Cu2_1_y025,0.492
POSCAR_Br4Cu2_1_y050,0.495
POSCAR_Br4Cu2_1_y950,0.453
POSCAR_Br4Cu2_1_y975,0.472
POSCAR_Br4Cu2_1_z025,0.493
POSCAR_Br4Cu2_1_z050,0.498
POSCAR_Br4Cu2_1_z950,0.458
POSCAR_Br4Cu2_1_z975,0.473
POSCAR_Br4Mn2_1,4.606
POSCAR_Br4Mn2_1_st025,4.631
POSCAR_Br4Mn2_1_st050,4.652
POSCAR_Br4Mn2_1_st950,4.536
POSCAR_Br4Mn2_1_st975,4.575
POSCAR_Br4Mn2_1_x025,4.616
POSCAR_Br4Mn2_1_x050,4.626
POSCAR_Br4Mn2_1_x950,4.58
POSCAR_Br4Mn2_1_x975,4.594
POSCAR_Br4Mn2_1_y025,4.614
POSCAR_Br4Mn2_1_y050,4.622
POSCAR_Br4Mn2_1_y950,4.588
POSCAR_Br4Mn2_1_y975,4.597
POSCAR_Br4Mn2_1_z025,4.614
POSCAR_Br4Mn2_1_z050,4.621
POSCAR_Br4Mn2_1_z950,4.588
POSCAR_Br4Mn2_1_z975,4.597
POSCAR_Br4Mo2_1,3.472
POSCAR_Br4Mo2_1_st025,3.505
POSCAR_Br4Mo2_1_st050,3.534
POSCAR_Br4Mo2_1_st950,3.386
POSCAR_Br4Mo2_1_st975,3.433
POSCAR_Br4Mo2_1_x025,3.488
POSCAR_Br4Mo2_1_x050,3.503
POSCAR_Br4Mo2_1_x950,3.434
POSCAR_Br4Mo2_1_x975,3.454
POSCAR_Br4Mo2_1_y025,3.482
POSCAR_Br4Mo2_1_y050,3.492
POSCAR_Br4Mo2_1_y950,3.449
POSCAR_Br4Mo2_1_y975,3.461
POSCAR_Br4Mo2_1_z025,3.479
POSCAR_Br4Mo2_1_z050,3.486
POSCAR_Br4Mo2_1_z950,3.454
POSCAR_Br4Mo2_1_z975,3.463
POSCAR_Br4Ru2_1,3.281
POSCAR_Br4Ru2_1_st025,3.339
POSCAR_Br4Ru2_1_st050,3.385
POSCAR_Br4Ru2_1_st950,3.101
POSCAR_Br4Ru2_1_st975,3.204
POSCAR_Br4Ru2_1_x025,3.305
POSCAR_Br4Ru2_1_x050,3.326
POSCAR_Br4Ru2_1_x950,3.223
POSCAR_Br4Ru2_1_x975,3.254
POSCAR_Br4Ru2_1_y025,3.3
POSCAR_Br4Ru2_1_y050,3.318
POSCAR_Br4Ru2_1_y950,3.238
POSCAR_Br4Ru2_1_y975,3.26
POSCAR_Br4Ru2_1_z025,3.301
POSCAR_Br4Ru2_1_z050,3.319
POSCAR_Br4Ru2_1_z950,3.234
POSCAR_Br4Ru2_1_z975,3.258
POSCAR_Br4V2_1,2.735
POSCAR_Br4V2_1_st025,2.751
POSCAR_Br4V2_1_st050,2.765
POSCAR_Br4V2_1_st950,2.694
POSCAR_Br4V2_1_st975,2.716
POSCAR_Br4V2_1_x025,2.741
POSCAR_Br4V2_1_x050,2.746
POSCAR_Br4V2_1_x950,2.721
POSCAR_Br4V2_1_x975,2.728
POSCAR_Br4V2_1_y025,2.74
POSCAR_Br4V2_1_y050,2.745
POSCAR_Br4V2_1_y950,2.723
POSCAR_Br4V2_1_y975,2.729
POSCAR_Br4V2_1_z025,2.74
POSCAR_Br4V2_1_z050,2.745
POSCAR_Br4V2_1_z950,2.722
POSCAR_Br4V2_1_z975,2.729
POSCAR_Br6Pd2_1,0.352
POSCAR_Br6Pd2_1_st025,0.407
POSCAR_Br6Pd2_1_st050,0.47
POSCAR_Br6Pd2_1_st950,0.243
POSCAR_Br6Pd2_1_st975,0.298
POSCAR_Br6Pd2_1_x025,0.362
POSCAR_Br6Pd2_1_x050,0.372
POSCAR_Br6Pd2_1_x950,0.329
POSCAR_Br6Pd2_1_x975,0.341
POSCAR_Br6Pd2_1_y025,0.374
POSCAR_Br6Pd2_1_y050,0.391
POSCAR_Br6Pd2_1_y950,0.294
POSCAR_Br6Pd2_1_y975,0.325
POSCAR_Br6Pd2_1_z025,0.372
POSCAR_Br6Pd2_1_z050,0.395
POSCAR_Br6Pd2_1_z950,0.313
POSCAR_Br6Pd2_1_z975,0.333
POSCAR_C1Co2_1,1.021
POSCAR_C1Co2_1_st025,1.254
POSCAR_C1Co2_1_st050,1.505
POSCAR_C1Co2_1_st950,0.034
POSCAR_C1Co2_1_st975,0.163
POSCAR_C1Co2_1_x025,1.115
POSCAR_C1Co2_1_x050,1.216
POSCAR_C1Co2_1_x950,0.859
POSCAR_C1Co2_1_x975,0.936
POSCAR_C1Co2_1_y975,0.952
POSCAR_C1Co2_1_z975,0.967
POSCAR_C2Cr2_3,2.006
POSCAR_C2Cr2_3_st025,2.304
POSCAR_C2Cr2_3_st050,2.823
POSCAR_C2Cr2_3_st950,1.353
POSCAR_C2Cr2_3_st975,1.712
POSCAR_C2Cr2_3_x025,2.097
POSCAR_C2Cr2_3_x975,1.933
POSCAR_C2Cr2_3_y025,2.109
POSCAR_C2Cr2_3_y975,1.91
POSCAR_C2Cr2_3_z025,2.121
POSCAR_C2Cr2_3_z050,2.236
POSCAR_C2Cr2_3_z950,1.777
POSCAR_C2Cr2_3_z975,1.894
POSCAR_C2Cr2_5,2.119
POSCAR_C2Cr2_5_st025,2.451
POSCAR_C2Cr2_5_st050,3.04
POSCAR_C2Cr2_5_st950,1.714
POSCAR_C2Cr2_5_st975,1.914
POSCAR_C2Cr2_5_x025,2.211
POSCAR_C2Cr2_5_x050,2.382
POSCAR_C2Cr2_5_x950,1.985
POSCAR_C2Cr2_5_x975,2.05
POSCAR_C2Cr2_5_y025,2.214
POSCAR_C2Cr2_5_y050,2.396
POSCAR_C2Cr2_5_y950,1.979
POSCAR_C2Cr2_5_y975,2.043
POSCAR_C2Cr2_5_z025,2.2
POSCAR_C2Cr2_5_z050,2.305
POSCAR_C2Cr2_5_z950,2.012
POSCAR_C2Cr2_5_z975,2.062
POSCAR_C2Fe2_3,2.65
POSCAR_C2Fe2_3_st025,3.091
POSCAR_C2Fe2_3_st050,3.284
POSCAR_C2Fe2_3_st950,2.023
POSCAR_C2Fe2_3_x025,2.848
POSCAR_C2Fe2_3_x050,2.983
POSCAR_C2Fe2_3_x950,2.488
POSCAR_C2Fe2_3_x975,2.56
POSCAR_C2Fe2_3_y025,2.749
POSCAR_C2Fe2_3_y050,2.847
POSCAR_C2Fe2_3_y950,2.476
POSCAR_C2Fe2_3_y975,2.567
POSCAR_C2Fe2_3_z025,2.821
POSCAR_C2Fe2_3_z950,2.504
POSCAR_C2Fe2_3_z975,2.579
POSCAR_C2Mo2_4,0.005
POSCAR_C2Mo2_4_x025,0.001
POSCAR_C2Mo2_4_y025,0.001
POSCAR_C2Mo2_4_z975,0.001
POSCAR_C2Sc2_4,0.002
POSCAR_Cd2F6_3,0.003
POSCAR_Cl4Co2_1,2.598
POSCAR_Cl4Co2_1_st025,2.635
POSCAR_Cl4Co2_1_st050,2.663
POSCAR_Cl4Co2_1_st950,2.488
POSCAR_Cl4Co2_1_st975,2.551
POSCAR_Cl4Co2_1_x025,2.612
POSCAR_Cl4Co2_1_x050,2.625
POSCAR_Cl4Co2_1_x950,2.565
POSCAR_Cl4Co2_1_x975,2.583
POSCAR_Cl4Co2_1_y025,2.612
POSCAR_Cl4Co2_1_y050,2.625
POSCAR_Cl4Co2_1_y950,2.565
POSCAR_Cl4Co2_1_y975,2.583
POSCAR_Cl4Co2_1_z025,2.61
POSCAR_Cl4Co2_1_z050,2.62
POSCAR_Cl4Co2_1_z950,2.571
POSCAR_Cl4Co2_1_z975,2.586
POSCAR_Cl4Fe2_1,3.683
POSCAR_Cl4Fe2_1_st025,3.71
POSCAR_Cl4Fe2_1_st050,3.731
POSCAR_Cl4Fe2_1_st950,3.603
POSCAR_Cl4Fe2_1_st975,3.648
POSCAR_Cl4Fe2_1_x025,3.693
POSCAR_Cl4Fe2_1_x050,3.702
POSCAR_Cl4Fe2_1_x950,3.66
POSCAR_Cl4Fe2_1_x975,3.672
POSCAR_Cl4Fe2_1_y025,3.693
POSCAR_Cl4Fe2_1_y050,3.702
POSCAR_Cl4Fe2_1_y950,3.66
POSCAR_Cl4Fe2_1_y975,3.672
POSCAR_Cl4Fe2_1_z025,3.692
POSCAR_Cl4Fe2_1_z050,3.7
POSCAR_Cl4Fe2_1_z950,3.661
POSCAR_Cl4Fe2_1_z975,3.673
POSCAR_Cl4Fe2_2,3.709
POSCAR_Cl4Fe2_2_st025,3.731
POSCAR_Cl4Fe2_2_st050,3.749
POSCAR_Cl4Fe2_2_st950,3.643
POSCAR_Cl4Fe2_2_st975,3.68
POSCAR_Cl4Fe2_2_x025,3.717
POSCAR_Cl4Fe2_2_x050,3.725
POSCAR_Cl4Fe2_2_x950,3.686
POSCAR_Cl4Fe2_2_x975,3.699
POSCAR_Cl4Fe2_2_y025,3.716
POSCAR_Cl4Fe2_2_y050,3.723
POSCAR_Cl4Fe2_2_y950,3.692
POSCAR_Cl4Fe2_2_y975,3.701
POSCAR_Cl4Fe2_2_z025,3.716
POSCAR_Cl4Fe2_2_z050,3.723
POSCAR_Cl4Fe2_2_z950,3.691
POSCAR_Cl4Fe2_2_z975,3.7
POSCAR_Cl4Mn2_1,4.615
POSCAR_Cl4Mn2_1_st025,4.639
POSCAR_Cl4Mn2_1_st050,4.659
POSCAR_Cl4Mn2_1_st950,4.548
POSCAR_Cl4Mn2_1_st975,4.585
POSCAR_Cl4Mn2_1_x025,4.625
POSCAR_Cl4Mn2_1_x050,4.635
POSCAR_Cl4Mn2_1_x950,4.591
POSCAR_Cl4Mn2_1_x975,4.604
POSCAR_Cl4Mn2_1_y025,4.623
POSCAR_Cl4Mn2_1_y050,4.63
POSCAR_Cl4Mn2_1_y950,4.598
POSCAR_Cl4Mn2_1_y975,4.607
POSCAR_Cl4Mn2_1_z025,4.623
POSCAR_Cl4Mn2_1_z050,4.63
POSCAR_Cl4Mn2_1_z950,4.598
POSCAR_Cl4Mn2_1_z975,4.607
POSCAR_Cl4Nb2_1,2.461
POSCAR_Cl4Nb2_1_st025,2.538
POSCAR_Cl4Nb2_1_st050,2.606
POSCAR_Cl4Nb2_1_st950,2.278
POSCAR_Cl4Nb2_1_st975,2.376
POSCAR_Cl4Nb2_1_x025,2.475
POSCAR_Cl4Nb2_1_x050,2.488
POSCAR_Cl4Nb2_1_x950,2.426
POSCAR_Cl4Nb2_1_x975,2.445
POSCAR_Cl4Nb2_1_y025,2.479
POSCAR_Cl4Nb2_1_y050,2.495
POSCAR_Cl4Nb2_1_y950,2.421
POSCAR_Cl4Nb2_1_y975,2.442
POSCAR_Cl4Nb2_1_z025,2.506
POSCAR_Cl4Nb2_1_z050,2.546
POSCAR_Cl4Nb2_1_z950,2.358
POSCAR_Cl4Nb2_1_z975,2.412
POSCAR_Cl4Nb2_2,2.62
POSCAR_Cl4Nb2_2_st025,2.683
POSCAR_Cl4Nb2_2_st050,2.742
POSCAR_Cl4Nb2_2_st950,2.477
POSCAR_Cl4Nb2_2_st975,2.552
POSCAR_Cl4Nb2_2_x025,2.64
POSCAR_Cl4Nb2_2_x050,2.66
POSCAR_Cl4Nb2_2_x950,2.578
POSCAR_Cl4Nb2_2_x975,2.6
POSCAR_Cl4Nb2_2_y025,2.642
POSCAR_Cl4Nb2_2_y050,2.663
POSCAR_Cl4Nb2_2_y950,2.573
POSCAR_Cl4Nb2_2_y975,2.597
POSCAR_Cl4Nb2_2_z025,2.642
POSCAR_Cl4Nb2_2_z050,2.663
POSCAR_Cl4Nb2_2_z950,2.573
POSCAR_Cl4Nb2_2_z975,2.597
POSCAR_Cl6Mn2_1,4.114
POSCAR_Cl6Mn2_1_st025,4.222
POSCAR_Cl6Mn2_1_st050,4.323
POSCAR_Cl6Mn2_1_st950,3.887
POSCAR_Cl6Mn2_1_st975,4.001
POSCAR_Cl6Mn2_1_x025,4.178
POSCAR_Cl6Mn2_1_x975,4.049
POSCAR_Cl6Mn2_1_y025,4.131
POSCAR_Cl6Mn2_1_y050,4.148
POSCAR_Cl6Mn2_1_y950,4.077
POSCAR_Cl6Mn2_1_y975,4.096
POSCAR_Cl6Mn2_1_z025,4.144
POSCAR_Cl6Mn2_1_z050,4.176
POSCAR_Cl6Mn2_1_z950,4.059
POSCAR_Cl6Mn2_1_z975,4.086
POSCAR_Cl6Nb2_1,1.708
POSCAR_Cl6Nb2_1_st025,1.767
POSCAR_Cl6Nb2_1_st050,1.818
POSCAR_Cl6Nb2_1_st950,1.551
POSCAR_Cl6Nb2_1_st975,1.637
POSCAR_Cl6Nb2_1_x025,1.72
POSCAR_Cl6Nb2_1_x050,1.729
POSCAR_Cl6Nb2_1_x950,1.683
POSCAR_Cl6Nb2_1_x975,1.696
POSCAR_Cl6Nb2_1_y025,1.72
POSCAR_Cl6Nb2_1_y050,1.731
POSCAR_Cl6Nb2_1_y975,1.695
POSCAR_Cl6Nb2_1_z025,1.746
POSCAR_Cl6Nb2_1_z050,1.779
POSCAR_Cl6Nb2_1_z950,1.615
POSCAR_Cl6Nb2_1_z975,1.665
POSCAR_Cl6Pd2_1,0.478
POSCAR_Cl6Pd2_1_st025,0.523
POSCAR_Cl6Pd2_1_st050,0.572
POSCAR_Cl6Pd2_1_st950,0.389
POSCAR_Cl6Pd2_1_st975,0.434
POSCAR_Cl6Pd2_1_x025,0.497
POSCAR_Cl6Pd2_1_x050,0.517
POSCAR_Cl6Pd2_1_x950,0.436
POSCAR_Cl6Pd2_1_x975,0.457
POSCAR_Cl6Pd2_1_y025,0.499
POSCAR_Cl6Pd2_1_y050,0.519
POSCAR_Cl6Pd2_1_y950,0.431
POSCAR_Cl6Pd2_1_y975,0.455
POSCAR_Cl6Pd2_1_z025,0.48
POSCAR_Cl6Pd2_1_z050,0.483
POSCAR_Cl6Pd2_1_z950,0.474
POSCAR_Cl6Pd2_1_z975,0.476
POSCAR_Cl6Pd2_2,0.43
POSCAR_Cl6Pd2_2_st025,0.482
POSCAR_Cl6Pd2_2_st050,0.544
POSCAR_Cl6Pd2_2_st950,0.327
POSCAR_Cl6Pd2_2_st975,0.381
POSCAR_Cl6Pd2_2_x025,0.434
POSCAR_Cl6Pd2_2_x050,0.438
POSCAR_Cl6Pd2_2_x950,0.42
POSCAR_Cl6Pd2_2_x975,0.425
POSCAR_Cl6Pd2_2_y025,0.44
POSCAR_Cl6Pd2_2_y050,0.45
POSCAR_Cl6Pd2_2_y950,0.409
POSCAR_Cl6Pd2_2_y975,0.42
POSCAR_Cl6Pd2_2_z025,0.461
POSCAR_Cl6Pd2_2_z050,0.486
POSCAR_Cl6Pd2_2_z950,0.321
POSCAR_Cl6Pd2_2_z975,0.386
POSCAR_Cl6Ti2_1,0.903
POSCAR_Cl6Ti2_1_st025,0.92
POSCAR_Cl6Ti2_1_st050,0.935
POSCAR_Cl6Ti2_1_st950,0.86
POSCAR_Cl6Ti2_1_st975,0.883
POSCAR_Cl6Ti2_1_x025,0.908
POSCAR_Cl6Ti2_1_x050,0.914
POSCAR_Cl6Ti2_1_x950,0.889
POSCAR_Cl6Ti2_1_x975,0.896
POSCAR_Cl6Ti2_1_y025,0.908
POSCAR_Cl6Ti2_1_y050,0.913
POSCAR_Cl6Ti2_1_y950,0.89
POSCAR_Cl6Ti2_1_y975,0.897
POSCAR_Cl6Ti2_1_z025,0.909
POSCAR_Cl6Ti2_1_z050,0.915
POSCAR_Cl6Ti2_1_z950,0.889
POSCAR_Cl6Ti2_1_z975,0.896
POSCAR_Cl6Zr2_1,0.693
POSCAR_Cl6Zr2_1_st025,0.724
POSCAR_Cl6Zr2_1_st050,0.748
POSCAR_Cl6Zr2_1_st975,0.115
POSCAR_Cl6Zr2_1_x025,0.701
POSCAR_Cl6Zr2_1_x050,0.707
POSCAR_Cl6Zr2_1_x950,0.671
POSCAR_Cl6Zr2_1_x975,0.683
POSCAR_Cl6Zr2_1_y025,0.701
POSCAR_Cl6Zr2_1_y050,0.707
POSCAR_Cl6Zr2_1_y950,0.672
POSCAR_Cl6Zr2_1_y975,0.683
POSCAR_Cl6Zr2_1_z025,0.709
POSCAR_Cl6Zr2_1_z050,0.723
POSCAR_Cl6Zr2_1_z950,0.054
POSCAR_Cl6Zr2_1_z975,0.03
POSCAR_Co2F4_1,2.77
POSCAR_Co2F4_1_st025,2.776
POSCAR_Co2F4_1_st050,2.786
POSCAR_Co2F4_1_st950,2.736
POSCAR_Co2F4_1_st975,2.755
POSCAR_Co2F4_1_x025,2.775
POSCAR_Co2F4_1_x050,2.78
POSCAR_Co2F4_1_x950,2.748
POSCAR_Co2F4_1_x975,2.756
POSCAR_Co2F4_1_y025,2.767
POSCAR_Co2F4_1_y050,2.77
POSCAR_Co2F4_1_y950,2.761
POSCAR_Co2F4_1_y975,2.766
POSCAR_Co2F4_1_z025,2.767
POSCAR_Co2F4_1_z050,2.77
POSCAR_Co2F4_1_z950,2.761
POSCAR_Co2F6_1,3.187
POSCAR_Co2F6_1_st025,3.189
POSCAR_Co2F6_1_st050,3.187
POSCAR_Co2F6_1_st950,3.164
POSCAR_Co2F6_1_st975,3.179
POSCAR_Co2F6_1_x025,3.188
POSCAR_Co2F6_1_x050,3.187
POSCAR_Co2F6_1_x950,3.182
POSCAR_Co2F6_1_x975,3.185
POSCAR_Co2F6_1_y025,3.188
POSCAR_Co2F6_1_y050,3.189
POSCAR_Co2F6_1_y950,3.18
POSCAR_Co2F6_1_y975,3.184
POSCAR_Co2F6_1_z025,3.188
POSCAR_Co2F6_1_z050,3.188
POSCAR_Co2F6_1_z950,3.181
POSCAR_Co2F6_1_z975,3.185
POSCAR_Co2Ge2_1,1.147
POSCAR_Co2Ge2_1_st025,1.267
POSCAR_Co2Ge2_1_st975,1.04
POSCAR_Co2Ge2_1_x025,1.194
POSCAR_Co2Ge2_1_x050,1.263
POSCAR_Co2Ge2_1_x950,1.082
POSCAR_Co2Ge2_1_x975,1.114
POSCAR_Co2Ge2_1_y025,1.177
POSCAR_Co2Ge2_1_y050,1.208
POSCAR_Co2Ge2_1_y975,1.124
POSCAR_Co2Ge2_1_z025,1.191
POSCAR_Co2Ge2_1_z050,1.232
POSCAR_Co2Ge2_1_z950,0.109
POSCAR_Co2Ge2_1_z975,1.102
POSCAR_Co2N2_1,1.244
POSCAR_Co2N2_1_st975,0.806
POSCAR_Co2N2_1_x025,1.409
POSCAR_Co2N2_1_x050,1.555
POSCAR_Co2N2_1_x950,0.908
POSCAR_Co2N2_1_y025,1.402
POSCAR_Co2N2_1_y050,1.539
POSCAR_Co2N2_1_y950,0.912
POSCAR_Co2N2_1_y975,1.076
POSCAR_Co2N2_1_z025,1.32
POSCAR_Co2N2_1_z050,1.387
POSCAR_Co2N2_1_z975,1.148
POSCAR_Co2N6_1,2.228
POSCAR_Co2N6_1_st050,2.352
POSCAR_Co2N6_1_st975,2.048
POSCAR_Co2N6_1_x025,2.097
POSCAR_Co2N6_1_x950,2.21
POSCAR_Co2N6_1_x975,2.218
POSCAR_Co2N6_1_y025,2.107
POSCAR_Co2N6_1_y050,2.254
POSCAR_Co2N6_1_y950,2.206
POSCAR_Co2N6_1_y975,2.217
POSCAR_Co2N6_1_z025,2.285
POSCAR_Co2N6_1_z050,2.344
POSCAR_Co2N6_1_z950,2.003
POSCAR_Co2N6_1_z975,2.166
POSCAR_Co2O2_1,2.623
POSCAR_Co2O2_1_st025,2.651
POSCAR_Co2O2_1_st050,2.674
POSCAR_Co2O2_1_st950,2.537
POSCAR_Co2O2_1_st975,2.585
POSCAR_Co2O2_1_x025,2.631
POSCAR_Co2O2_1_x050,2.637
POSCAR_Co2O2_1_x950,2.601
POSCAR_Co2O2_1_x975,2.613
POSCAR_Co2O2_1_y025,2.631
POSCAR_Co2O2_1_y050,2.637
POSCAR_Co2O2_1_y950,2.601
POSCAR_Co2O2_1_y975,2.613
POSCAR_Co2O2_1_z025,2.636
POSCAR_Co2O2_1_z050,2.647
POSCAR_Co2O2_1_z950,2.587
POSCAR_Co2O2_1_z975,2.606
POSCAR_Co2P2_4,0.347
POSCAR_Co2P2_4_st025,0.897
POSCAR_Co2P2_4_st975,0.104
POSCAR_Co2P2_4_x025,0.405
POSCAR_Co2P2_4_x050,0.5
POSCAR_Co2P2_4_x950,0.246
POSCAR_Co2P2_4_x975,0.303
POSCAR_Co2P2_4_y025,0.405
POSCAR_Co2P2_4_y050,0.5
POSCAR_Co2P2_4_y950,0.245
POSCAR_Co2P2_4_y975,0.304
POSCAR_Co2P2_4_z050,1.027
POSCAR_Co2P2_4_z975,0.266
POSCAR_Co2Pb2_4,1.987
POSCAR_Co2Pb2_4_st975,1.886
POSCAR_Co2Pb2_4_x950,1.901
POSCAR_Co2Pb2_4_y025,1.962
POSCAR_Co2Pb2_4_y950,1.89
POSCAR_Co2Pb2_4_y975,1.92
POSCAR_Co2Pb2_4_z025,1.965
POSCAR_Co2Pb2_4_z950,1.909
POSCAR_Co2Pb3_1,1.966
POSCAR_Co2Pb3_1_st025,2.003
POSCAR_Co2Pb3_1_st050,2.03
POSCAR_Co2Pb3_1_st975,1.915
POSCAR_Co2Pb3_1_x025,1.981
POSCAR_Co2Pb3_1_x050,1.994
POSCAR_Co2Pb3_1_x950,1.927
POSCAR_Co2Pb3_1_x975,1.949
POSCAR_Co2Pb3_1_y025,1.982
POSCAR_Co2Pb3_1_y050,1.995
POSCAR_Co2Pb3_1_y950,1.924
POSCAR_Co2Pb3_1_y975,1.947
POSCAR_Co2Pb3_1_z025,1.977
POSCAR_Co2Pb3_1_z050,1.988
POSCAR_Co2Pb3_1_z950,1.942
POSCAR_Co2Pb3_1_z975,1.954
POSCAR_Co2S2_1,1.489
POSCAR_Co2S2_1_st025,2.313
POSCAR_Co2S2_1_st050,2.39
POSCAR_Co2S2_1_st950,0.506
POSCAR_Co2S2_1_x025,1.479
POSCAR_Co2S2_1_x050,2.257
POSCAR_Co2S2_1_y025,1.48
POSCAR_Co2S2_1_y050,2.263
POSCAR_Co2S2_1_z050,2.293
POSCAR_Co2S2_1_z975,1.221
POSCAR_Co2Sb3_1,1.561
POSCAR_Co2Sb3_1_st025,1.688
POSCAR_Co2Sb3_1_st050,1.78
POSCAR_Co2Sb3_1_st950,1.086
POSCAR_Co2Sb3_1_x025,1.615
POSCAR_Co2Sb3_1_x050,1.66
POSCAR_Co2Sb3_1_x950,1.425
POSCAR_Co2Sb3_1_x975,1.499
POSCAR_Co2Sb3_1_y025,1.614
POSCAR_Co2Sb3_1_y050,1.659
POSCAR_Co2Sb3_1_y950,1.427
POSCAR_Co2Sb3_1_y975,1.5
POSCAR_Co2Sb3_1_z025,1.595
POSCAR_Co2Sb3_1_z050,1.62
POSCAR_Co2Sb3_1_z950,1.476
POSCAR_Co2Sb3_1_z975,1.523
POSCAR_Co2Se2_3,2.49
POSCAR_Co2Se2_3_st025,2.538
POSCAR_Co2Se2_3_st050,2.574
POSCAR_Co2Se2_3_st950,2.344
POSCAR_Co2Se2_3_st975,2.428
POSCAR_Co2Se2_3_x025,2.502
POSCAR_Co2Se2_3_x050,2.512
POSCAR_Co2Se2_3_x950,2.458
POSCAR_Co2Se2_3_x975,2.475
POSCAR_Co2Se2_3_y025,2.502
POSCAR_Co2Se2_3_y050,2.512
POSCAR_Co2Se2_3_y950,2.458
POSCAR_Co2Se2_3_y975,2.475
POSCAR_Co2Se2_3_z025,2.515
POSCAR_Co2Se2_3_z050,2.536
POSCAR_Co2Se2_3_z950,2.423
POSCAR_Co2Se2_3_z975,2.46
POSCAR_Co2Se4_1,1.387
POSCAR_Co2Se4_1_st025,1.568
POSCAR_Co2Se4_1_st050,2.309
POSCAR_Co2Se4_1_st975,1.197
POSCAR_Co2Se4_1_x025,1.432
POSCAR_Co2Se4_1_x050,1.47
POSCAR_Co2Se4_1_x950,1.276
POSCAR_Co2Se4_1_x975,1.337
POSCAR_Co2Se4_1_y025,1.438
POSCAR_Co2Se4_1_y050,1.492
POSCAR_Co2Se4_1_y950,1.284
POSCAR_Co2Se4_1_y975,1.335
POSCAR_Co2Se4_1_z025,1.468
POSCAR_Co2Se4_1_z050,1.537
POSCAR_Co2Se4_1_z950,1.211
POSCAR_Co2Se4_1_z975,1.301
POSCAR_Co2Sn4_2,0.844
POSCAR_Co2Sn4_2_st050,1.272
POSCAR_Co2Sn4_2_x025,0.347
POSCAR_Co2Sn4_2_x050,0.003
POSCAR_Co2Sn4_2_x950,0.232
POSCAR_Co2Sn4_2_x975,0.27
POSCAR_Co2Sn4_2_z950,0.001
POSCAR_Co2Sn4_2_z975,0.002
POSCAR_Co2Tl3_1,1.962
POSCAR_Co2Tl3_1_st025,1.997
POSCAR_Co2Tl3_1_st050,2.023
POSCAR_Co2Tl3_1_st950,1.818
POSCAR_Co2Tl3_1_st975,1.91
POSCAR_Co2Tl3_1_x025,1.972
POSCAR_Co2Tl3_1_x050,1.978
POSCAR_Co2Tl3_1_x950,1.937
POSCAR_Co2Tl3_1_x975,1.951
POSCAR_Co2Tl3_1_y025,1.973
POSCAR_Co2Tl3_1_y050,1.985
POSCAR_Co2Tl3_1_y950,1.93
POSCAR_Co2Tl3_1_y975,1.949
POSCAR_Co2Tl3_1_z025,1.98
POSCAR_Co2Tl3_1_z050,1.993
POSCAR_Co2Tl3_1_z950,1.916
POSCAR_Co2Tl3_1_z975,1.94
POSCAR_Cr2F4_cluster1,3.793
POSCAR_Cr2F4_cluster1_st025,3.801
POSCAR_Cr2F4_cluster1_st050,3.809
POSCAR_Cr2F4_cluster1_st950,3.772
POSCAR_Cr2F4_cluster1_st975,3.784
POSCAR_Cr2F4_cluster2,3.795
POSCAR_Cr2F4_cluster2_st025,3.801
POSCAR_Cr2F4_cluster2_st050,3.806
POSCAR_Cr2F4_cluster2_st950,3.781
POSCAR_Cr2F4_cluster2_st975,3.788
POSCAR_Cr2F6_cluster1,2.913
POSCAR_Cr2F6_cluster1_st025,2.939
POSCAR_Cr2F6_cluster1_st050,2.966
POSCAR_Cr2F6_cluster1_st950,2.861
POSCAR_Cr2F6_cluster1_st975,2.887
POSCAR_Cr2F6_cluster2,2.919
POSCAR_Cr2F6_cluster2_st025,2.946
POSCAR_Cr2F6_cluster2_st050,2.974
POSCAR_Cr2F6_cluster2_st950,2.864
POSCAR_Cr2F6_cluster2_st975,2.892
POSCAR_Cr2F8_cluster1,2.07
POSCAR_Cr2F8_cluster1_st025,2.147
POSCAR_Cr2F8_cluster1_st050,2.243
POSCAR_Cr2F8_cluster1_st950,1.951
POSCAR_Cr2F8_cluster1_st975,2.006
POSCAR_Cr2F8_cluster2,2.078
POSCAR_Cr2F8_cluster2_st025,2.155
POSCAR_Cr2F8_cluster2_st050,2.251
POSCAR_Cr2F8_cluster2_st950,1.961
POSCAR_Cr2F8_cluster2_st975,2.015
POSCAR_Cr2F8_cluster3,2.078
POSCAR_Cr2F8_cluster3_st025,2.155
POSCAR_Cr2F8_cluster3_st050,2.251
POSCAR_Cr2F8_cluster3_st950,1.961
POSCAR_Cr2F8_cluster3_st975,2.015
POSCAR_Cr2Ga2_2,4
POSCAR_Cr2Ga2_2_st050,4.097
POSCAR_Cr2Ga2_2_st950,3.864
POSCAR_Cr2Ga2_2_st975,3.937
POSCAR_Cr2Ga2_2_x025,4.016
POSCAR_Cr2Ga2_2_x050,4.029
POSCAR_Cr2Ga2_2_x950,3.957
POSCAR_Cr2Ga2_2_x975,3.979
POSCAR_Cr2Ga2_2_y025,4.018
POSCAR_Cr2Ga2_2_y050,4.034
POSCAR_Cr2Ga2_2_y950,3.952
POSCAR_Cr2Ga2_2_y975,3.978
POSCAR_Cr2Ga2_2_z025,4.015
POSCAR_Cr2Ga2_2_z050,4.028
POSCAR_Cr2Ga2_2_z950,3.957
POSCAR_Cr2Ga2_2_z975,3.979
POSCAR_Cr2Ge2_3,3.906
POSCAR_Cr2Ge2_3_st025,3.971
POSCAR_Cr2Ge2_3_st950,3.739
POSCAR_Cr2Ge2_3_st975,3.83
POSCAR_Cr2Ge2_3_x025,3.921
POSCAR_Cr2Ge2_3_x050,3.935
POSCAR_Cr2Ge2_3_x950,3.876
POSCAR_Cr2Ge2_3_x975,3.891
POSCAR_Cr2Ge2_3_y025,3.921
POSCAR_Cr2Ge2_3_y050,3.935
POSCAR_Cr2Ge2_3_y950,3.876
POSCAR_Cr2Ge2_3_y975,3.891
POSCAR_Cr2Ge2_3_z025,3.944
POSCAR_Cr2Ge2_3_z050,3.979
POSCAR_Cr2Ge2_3_z950,3.823
POSCAR_Cr2Ge2_3_z975,3.865
POSCAR_Cr2Ge3_1,3.918
POSCAR_Cr2Ge3_1_st025,3.983
POSCAR_Cr2Ge3_1_st050,4.035
POSCAR_Cr2Ge3_1_st950,3.742
POSCAR_Cr2Ge3_1_st975,3.84
POSCAR_Cr2Ge3_1_x025,3.939
POSCAR_Cr2Ge3_1_x050,3.955
POSCAR_Cr2Ge3_1_x950,3.868
POSCAR_Cr2Ge3_1_x975,3.894
POSCAR_Cr2Ge3_1_y025,3.939
POSCAR_Cr2Ge3_1_y050,3.955
POSCAR_Cr2Ge3_1_y950,3.868
POSCAR_Cr2Ge3_1_y975,3.894
POSCAR_Cr2Ge3_1_z025,3.946
POSCAR_Cr2Ge3_1_z050,3.968
POSCAR_Cr2Ge3_1_z950,3.851
POSCAR_Cr2Ge3_1_z975,3.886
POSCAR_Cr2In2_5,4.115
POSCAR_Cr2In2_5_st025,4.155
POSCAR_Cr2In2_5_st050,4.191
POSCAR_Cr2In2_5_st950,4.014
POSCAR_Cr2In2_5_st975,4.069
POSCAR_Cr2In2_5_x025,4.129
POSCAR_Cr2In2_5_x050,4.145
POSCAR_Cr2In2_5_x975,4.101
POSCAR_Cr2In2_5_y025,4.122
POSCAR_Cr2In2_5_y050,4.129
POSCAR_Cr2In2_5_y950,4.103
POSCAR_Cr2In2_5_y975,4.108
POSCAR_Cr2In2_5_z025,4.134
POSCAR_Cr2In2_5_z050,4.154
POSCAR_Cr2In2_5_z950,4.072
POSCAR_Cr2In2_5_z975,4.094
POSCAR_Cr2In5_1,4.154
POSCAR_Cr2In5_1_st025,4.192
POSCAR_Cr2In5_1_st050,4.225
POSCAR_Cr2In5_1_st950,4.059
POSCAR_Cr2In5_1_st975,4.109
POSCAR_Cr2In5_1_x025,4.167
POSCAR_Cr2In5_1_x050,4.178
POSCAR_Cr2In5_1_x950,4.119
POSCAR_Cr2In5_1_x975,4.138
POSCAR_Cr2In5_1_y025,4.164
POSCAR_Cr2In5_1_y050,4.176
POSCAR_Cr2In5_1_y950,4.129
POSCAR_Cr2In5_1_y975,4.141
POSCAR_Cr2In5_1_z025,4.167
POSCAR_Cr2In5_1_z050,4.178
POSCAR_Cr2In5_1_z950,4.127
POSCAR_Cr2In5_1_z975,4.141
POSCAR_Cr2In8_2,4.148
POSCAR_Cr2In8_2_st025,4.187
POSCAR_Cr2In8_2_st050,4.222
POSCAR_Cr2In8_2_st950,4.051
POSCAR_Cr2In8_2_st975,4.104
POSCAR_Cr2In8_2_x025,4.161
POSCAR_Cr2In8_2_x050,4.174
POSCAR_Cr2In8_2_x950,4.125
POSCAR_Cr2In8_2_x975,4.137
POSCAR_Cr2In8_2_y025,4.165
POSCAR_Cr2In8_2_y050,4.182
POSCAR_Cr2In8_2_y950,4.113
POSCAR_Cr2In8_2_y975,4.132
POSCAR_Cr2In8_2_z025,4.16
POSCAR_Cr2In8_2_z050,4.171
POSCAR_Cr2In8_2_z950,4.123
POSCAR_Cr2In8_2_z975,4.137
POSCAR_Cr2N2_7,2.923
POSCAR_Cr2N2_7_st025,3.007
POSCAR_Cr2N2_7_st050,3.091
POSCAR_Cr2N2_7_st950,2.738
POSCAR_Cr2N2_7_st975,2.834
POSCAR_Cr2N2_7_x025,2.948
POSCAR_Cr2N2_7_x050,2.973
POSCAR_Cr2N2_7_x950,2.867
POSCAR_Cr2N2_7_x975,2.895
POSCAR_Cr2N2_7_y025,2.948
POSCAR_Cr2N2_7_y050,2.973
POSCAR_Cr2N2_7_y950,2.867
POSCAR_Cr2N2_7_y975,2.895
POSCAR_Cr2N2_7_z025,2.955
POSCAR_Cr2N2_7_z050,2.986
POSCAR_Cr2N2_7_z950,2.851
POSCAR_Cr2N2_7_z975,2.888
POSCAR_Cr2O2_2,3.669
POSCAR_Cr2O2_2_st025,3.698
POSCAR_Cr2O2_2_st050,3.724
POSCAR_Cr2O2_2_st950,3.599
POSCAR_Cr2O2_2_st975,3.636
POSCAR_Cr2O2_2_x025,3.681
POSCAR_Cr2O2_2_x975,3.656
POSCAR_Cr2O2_2_y025,3.669
POSCAR_Cr2O2_2_y975,3.668
POSCAR_Cr2O2_2_z025,3.685
POSCAR_Cr2O2_2_z050,3.699
POSCAR_Cr2O2_2_z950,3.629
POSCAR_Cr2O2_2_z975,3.651
POSCAR_Cr2O4_2,2.134
POSCAR_Cr2O4_2_st025,2.258
POSCAR_Cr2O4_2_st050,2.432
POSCAR_Cr2O4_2_st950,1.949
POSCAR_Cr2O4_2_st975,2.035
POSCAR_Cr2O4_2_x025,2.184
POSCAR_Cr2O4_2_x050,2.238
POSCAR_Cr2O4_2_x950,2.047
POSCAR_Cr2O4_2_x975,2.089
POSCAR_Cr2O4_2_y025,2.167
POSCAR_Cr2O4_2_y050,2.204
POSCAR_Cr2O4_2_y950,2.077
POSCAR_Cr2O4_2_y975,2.104
POSCAR_Cr2O4_2_z025,2.167
POSCAR_Cr2O4_2_z050,2.204
POSCAR_Cr2O4_2_z950,2.077
POSCAR_Cr2O4_2_z975,2.105
POSCAR_Cr2P18_1,3.497
POSCAR_Cr2P18_1_x025,3.578
POSCAR_Cr2P18_1_x050,3.634
POSCAR_Cr2P18_1_x950,3.341
POSCAR_Cr2P18_1_x975,3.415
POSCAR_Cr2P18_1_y025,3.553
POSCAR_Cr2P18_1_y050,3.593
POSCAR_Cr2P18_1_y950,3.321
POSCAR_Cr2P18_1_y975,3.421
POSCAR_Cr2P18_1_z025,3.524
POSCAR_Cr2P18_1_z050,3.554
POSCAR_Cr2P18_1_z950,3.37
POSCAR_Cr2P18_1_z975,3.459
POSCAR_Cr2P4_2,3.447
POSCAR_Cr2P4_2_st025,3.548
POSCAR_Cr2P4_2_st050,3.642
POSCAR_Cr2P4_2_st950,3.171
POSCAR_Cr2P4_2_st975,3.328
POSCAR_Cr2P4_2_x025,3.464
POSCAR_Cr2P4_2_x050,3.482
POSCAR_Cr2P4_2_x950,3.442
POSCAR_Cr2P4_2_x975,3.436
POSCAR_Cr2P4_2_y025,3.501
POSCAR_Cr2P4_2_y050,3.563
POSCAR_Cr2P4_2_y950,3.337
POSCAR_Cr2P4_2_y975,3.393
POSCAR_Cr2P4_2_z025,3.492
POSCAR_Cr2P4_2_z050,3.557
POSCAR_Cr2P4_2_z950,3.369
POSCAR_Cr2P4_2_z975,3.408
POSCAR_Cr2P8_1,3.731
POSCAR_Cr2P8_1_st025,3.79
POSCAR_Cr2P8_1_st050,3.839
POSCAR_Cr2P8_1_st950,3.533
POSCAR_Cr2P8_1_st975,3.65
POSCAR_Cr2P8_1_x025,3.75
POSCAR_Cr2P8_1_x050,3.768
POSCAR_Cr2P8_1_x950,3.691
POSCAR_Cr2P8_1_x975,3.711
POSCAR_Cr2P8_1_y025,3.754
POSCAR_Cr2P8_1_y050,3.775
POSCAR_Cr2P8_1_y950,3.672
POSCAR_Cr2P8_1_y975,3.705
POSCAR_Cr2P8_1_z025,3.755
POSCAR_Cr2P8_1_z050,3.776
POSCAR_Cr2P8_1_z950,3.679
POSCAR_Cr2P8_1_z975,3.706
POSCAR_Cr2P8_2,3.665
POSCAR_Cr2P8_2_st025,3.739
POSCAR_Cr2P8_2_st050,3.806
POSCAR_Cr2P8_2_st950,3.45
POSCAR_Cr2P8_2_st975,3.572
POSCAR_Cr2P8_2_x025,3.698
POSCAR_Cr2P8_2_x050,3.733
POSCAR_Cr2P8_2_x950,3.596
POSCAR_Cr2P8_2_x975,3.631
POSCAR_Cr2P8_2_y025,3.687
POSCAR_Cr2P8_2_y050,3.711
POSCAR_Cr2P8_2_y950,3.622
POSCAR_Cr2P8_2_y975,3.644
POSCAR_Cr2P8_2_z025,3.69
POSCAR_Cr2P8_2_z050,3.712
POSCAR_Cr2P8_2_z950,3.601
POSCAR_Cr2P8_2_z975,3.636
POSCAR_Cr2Pb13_1,4.219
POSCAR_Cr2Pb13_1_st025,4.247
POSCAR_Cr2Pb13_1_st050,4.27
POSCAR_Cr2Pb13_1_st950,4.15
POSCAR_Cr2Pb13_1_x025,4.229
POSCAR_Cr2Pb13_1_x050,4.238
POSCAR_Cr2Pb13_1_x950,4.197
POSCAR_Cr2Pb13_1_x975,4.209
POSCAR_Cr2Pb13_1_y025,4.227
POSCAR_Cr2Pb13_1_y050,4.233
POSCAR_Cr2Pb13_1_y950,4.203
POSCAR_Cr2Pb13_1_y975,4.212
POSCAR_Cr2Pb13_1_z025,4.231
POSCAR_Cr2Pb13_1_z050,4.24
POSCAR_Cr2Pb13_1_z950,4.194
POSCAR_Cr2Pb13_1_z975,4.208
POSCAR_Cr2Pb8_2,4.164
POSCAR_Cr2Pb8_2_st025,4.198
POSCAR_Cr2Pb8_2_st950,4.072
POSCAR_Cr2Pb8_2_st975,4.12
POSCAR_Cr2Pb8_2_x025,4.175
POSCAR_Cr2Pb8_2_x050,4.184
POSCAR_Cr2Pb8_2_x950,4.139
POSCAR_Cr2Pb8_2_x975,4.152
POSCAR_Cr2Pb8_2_y025,4.175
POSCAR_Cr2Pb8_2_y050,4.186
POSCAR_Cr2Pb8_2_y950,4.136
POSCAR_Cr2Pb8_2_y975,4.151
POSCAR_Cr2Pb8_2_z025,4.175
POSCAR_Cr2Pb8_2_z050,4.186
POSCAR_Cr2Pb8_2_z950,4.136
POSCAR_Cr2Pb8_2_z975,4.151
POSCAR_Cr2S2_1,3.751
POSCAR_Cr2S2_1_st025,3.788
POSCAR_Cr2S2_1_st050,3.819
POSCAR_Cr2S2_1_st950,3.652
POSCAR_Cr2S2_1_st975,3.707
POSCAR_Cr2S2_1_x025,3.761
POSCAR_Cr2S2_1_x050,3.77
POSCAR_Cr2S2_1_x950,3.726
POSCAR_Cr2S2_1_x975,3.74
POSCAR_Cr2S2_1_y025,3.764
POSCAR_Cr2S2_1_y050,3.775
POSCAR_Cr2S2_1_y950,3.721
POSCAR_Cr2S2_1_y975,3.737
POSCAR_Cr2S2_1_z025,3.766
POSCAR_Cr2S2_1_z050,3.78
POSCAR_Cr2S2_1_z950,3.716
POSCAR_Cr2S2_1_z975,3.734
POSCAR_Cr2S2_2,3.779
POSCAR_Cr2S2_2_st025,3.81
POSCAR_Cr2S2_2_st050,3.837
POSCAR_Cr2S2_2_st950,3.699
POSCAR_Cr2S2_2_st975,3.743
POSCAR_Cr2S2_2_x025,3.79
POSCAR_Cr2S2_2_x050,3.8
POSCAR_Cr2S2_2_x950,3.756
POSCAR_Cr2S2_2_x975,3.768
POSCAR_Cr2S2_2_y025,3.792
POSCAR_Cr2S2_2_y950,3.751
POSCAR_Cr2S2_2_y975,3.766
POSCAR_Cr2S2_2_z025,3.789
POSCAR_Cr2S2_2_z050,3.798
POSCAR_Cr2S2_2_z950,3.759
POSCAR_Cr2S2_2_z975,3.77
POSCAR_Cr2S2_3,3.761
POSCAR_Cr2S2_3_st025,3.789
POSCAR_Cr2S2_3_st050,3.813
POSCAR_Cr2S2_3_st950,3.698
POSCAR_Cr2S2_3_st975,3.734
POSCAR_Cr2S2_3_x025,3.77
POSCAR_Cr2S2_3_x050,3.78
POSCAR_Cr2S2_3_x950,3.746
POSCAR_Cr2S2_3_x975,3.752
POSCAR_Cr2S2_3_y025,3.771
POSCAR_Cr2S2_3_y050,3.78
POSCAR_Cr2S2_3_y950,3.744
POSCAR_Cr2S2_3_y975,3.752
POSCAR_Cr2S2_3_z025,3.771
POSCAR_Cr2S2_3_z050,3.78
POSCAR_Cr2S2_3_z950,3.742
POSCAR_Cr2S2_3_z975,3.754
POSCAR_Cr2S2_5,3.78
POSCAR_Cr2S2_5_st025,3.81
POSCAR_Cr2S2_5_st050,3.838
POSCAR_Cr2S2_5_st950,3.699
POSCAR_Cr2S2_5_st975,3.743
POSCAR_Cr2S2_5_x025,3.791
POSCAR_Cr2S2_5_x050,3.801
POSCAR_Cr2S2_5_x950,3.754
POSCAR_Cr2S2_5_x975,3.767
POSCAR_Cr2S2_5_y025,3.792
POSCAR_Cr2S2_5_y950,3.752
POSCAR_Cr2S2_5_y975,3.766
POSCAR_Cr2S2_5_z025,3.788
POSCAR_Cr2S2_5_z050,3.796
POSCAR_Cr2S2_5_z950,3.761
POSCAR_Cr2S2_5_z975,3.771
POSCAR_Cr2Sb2_1,3.868
POSCAR_Cr2Sb2_1_st025,3.938
POSCAR_Cr2Sb2_1_st050,3.992
POSCAR_Cr2Sb2_1_st950,3.698
POSCAR_Cr2Sb2_1_st975,3.79
POSCAR_Cr2Sb2_1_x025,3.894
POSCAR_Cr2Sb2_1_x050,3.915
POSCAR_Cr2Sb2_1_x950,3.818
POSCAR_Cr2Sb2_1_x975,3.842
POSCAR_Cr2Sb2_1_y025,3.894
POSCAR_Cr2Sb2_1_y050,3.915
POSCAR_Cr2Sb2_1_y950,3.818
POSCAR_Cr2Sb2_1_y975,3.843
POSCAR_Cr2Sb2_1_z025,3.895
POSCAR_Cr2Sb2_1_z050,3.917
POSCAR_Cr2Sb2_1_z950,3.819
POSCAR_Cr2Sb2_1_z975,3.843
POSCAR_Cr2Sb2_2,4.11
POSCAR_Cr2Sb2_2_st950,3.994
POSCAR_Cr2Sb2_2_st975,4.06
POSCAR_Cr2Sb2_2_x025,4.123
POSCAR_Cr2Sb2_2_x050,4.134
POSCAR_Cr2Sb2_2_x950,4.087
POSCAR_Cr2Sb2_2_x975,4.099
POSCAR_Cr2Sb2_2_y025,4.124
POSCAR_Cr2Sb2_2_y050,4.138
POSCAR_Cr2Sb2_2_y950,4.087
POSCAR_Cr2Sb2_2_y975,4.098
POSCAR_Cr2Sb2_2_z025,4.13
POSCAR_Cr2Sb2_2_z050,4.151
POSCAR_Cr2Sb2_2_z950,4.067
POSCAR_Cr2Sb2_2_z975,4.09
POSCAR_Cr2Sb3_3,4.002
POSCAR_Cr2Sb3_3_st025,4.05
POSCAR_Cr2Sb3_3_st050,4.092
POSCAR_Cr2Sb3_3_st950,3.871
POSCAR_Cr2Sb3_3_st975,3.944
POSCAR_Cr2Sb3_3_x950,3.959
POSCAR_Cr2Sb3_3_x975,3.981
POSCAR_Cr2Sb3_3_y025,4.022
POSCAR_Cr2Sb3_3_y050,4.039
POSCAR_Cr2Sb3_3_y950,3.957
POSCAR_Cr2Sb3_3_y975,3.981
POSCAR_Cr2Sb3_3_z025,4.014
POSCAR_Cr2Sb3_3_z050,4.025
POSCAR_Cr2Sb3_3_z950,3.969
POSCAR_Cr2Sb3_3_z975,3.986
POSCAR_Cr2Sb4_1,3.854
POSCAR_Cr2Sb4_1_st025,3.926
POSCAR_Cr2Sb4_1_st050,3.986
POSCAR_Cr2Sb4_1_st950,3.656
POSCAR_Cr2Sb4_1_st975,3.763
POSCAR_Cr2Sb4_1_x025,3.858
POSCAR_Cr2Sb4_1_x050,3.86
POSCAR_Cr2Sb4_1_x950,3.852
POSCAR_Cr2Sb4_1_x975,3.852
POSCAR_Cr2Sb4_1_y025,3.893
POSCAR_Cr2Sb4_1_y050,3.927
POSCAR_Cr2Sb4_1_y950,3.767
POSCAR_Cr2Sb4_1_y975,3.815
POSCAR_Cr2Sb4_1_z025,3.89
POSCAR_Cr2Sb4_1_z050,3.925
POSCAR_Cr2Sb4_1_z950,3.771
POSCAR_Cr2Sb4_1_z975,3.816
POSCAR_Cr2Sb6_1,3.858
POSCAR_Cr2Sb6_1_st050,3.996
POSCAR_Cr2Sb6_1_st950,3.656
POSCAR_Cr2Sb6_1_x025,3.881
POSCAR_Cr2Sb6_1_x050,3.907
POSCAR_Cr2Sb6_1_z025,3.893
POSCAR_Cr2Sb6_1_z050,3.925
POSCAR_Cr2Sb6_1_z975,3.823
POSCAR_Cr2Sb8_1,4.016
POSCAR_Cr2Sb8_1_st025,4.063
POSCAR_Cr2Sb8_1_st950,3.878
POSCAR_Cr2Sb8_1_st975,3.955
POSCAR_Cr2Sb8_1_x025,4.027
POSCAR_Cr2Sb8_1_x050,4.037
POSCAR_Cr2Sb8_1_x950,3.986
POSCAR_Cr2Sb8_1_x975,4.002
POSCAR_Cr2Sb8_1_y025,4.035
POSCAR_Cr2Sb8_1_y050,4.049
POSCAR_Cr2Sb8_1_y950,3.967
POSCAR_Cr2Sb8_1_y975,3.994
POSCAR_Cr2Sb8_1_z025,4.033
POSCAR_Cr2Sb8_1_z050,4.047
POSCAR_Cr2Sb8_1_z950,3.968
POSCAR_Cr2Sb8_1_z975,3.996
POSCAR_Cr2Se2_1,3.809
POSCAR_Cr2Se2_1_st025,3.843
POSCAR_Cr2Se2_1_st050,3.873
POSCAR_Cr2Se2_1_st950,3.723
POSCAR_Cr2Se2_1_st975,3.77
POSCAR_Cr2Se2_1_x025,3.821
POSCAR_Cr2Se2_1_x050,3.831
POSCAR_Cr2Se2_1_x950,3.784
POSCAR_Cr2Se2_1_x975,3.797
POSCAR_Cr2Se2_1_y025,3.821
POSCAR_Cr2Se2_1_y950,3.783
POSCAR_Cr2Se2_1_y975,3.797
POSCAR_Cr2Se2_1_z025,3.821
POSCAR_Cr2Se2_1_z050,3.832
POSCAR_Cr2Se2_1_z950,3.783
POSCAR_Cr2Se2_1_z975,3.797
POSCAR_Cr2Se2_2,3.812
POSCAR_Cr2Se2_2_st025,3.845
POSCAR_Cr2Se2_2_st050,3.875
POSCAR_Cr2Se2_2_st950,3.727
POSCAR_Cr2Se2_2_st975,3.773
POSCAR_Cr2Se2_2_x050,3.83
POSCAR_Cr2Se2_2_x950,3.788
POSCAR_Cr2Se2_2_x975,3.801
POSCAR_Cr2Se2_2_y025,3.825
POSCAR_Cr2Se2_2_y050,3.837
POSCAR_Cr2Se2_2_y950,3.782
POSCAR_Cr2Se2_2_y975,3.798
POSCAR_Cr2Se2_2_z025,3.823
POSCAR_Cr2Se2_2_z050,3.834
POSCAR_Cr2Se2_2_z950,3.786
POSCAR_Cr2Se2_2_z975,3.799
POSCAR_Cr2Se4_1,3.713
POSCAR_Cr2Se4_1_st025,3.764
POSCAR_Cr2Se4_1_x025,3.735
POSCAR_Cr2Se4_1_x050,3.758
POSCAR_Cr2Se4_1_x975,3.683
POSCAR_Cr2Se4_1_y025,3.721
POSCAR_Cr2Se4_1_y050,3.731
POSCAR_Cr2Se4_1_y950,3.696
POSCAR_Cr2Se4_1_y975,3.702
POSCAR_Cr2Se4_1_z025,3.778
POSCAR_Cr2Se4_1_z050,3.729
POSCAR_Cr2Se4_1_z950,3.667
POSCAR_Cr2Se4_1_z975,3.692
POSCAR_Cr2Si4_1,3.451
POSCAR_Cr2Si4_1_st950,2.854
POSCAR_Cr2Si4_1_st975,3.172
POSCAR_Cr2Si4_1_x025,3.514
POSCAR_Cr2Si4_1_x050,3.582
POSCAR_Cr2Si4_1_x950,3.295
POSCAR_Cr2Si4_1_x975,3.367
POSCAR_Cr2Si4_1_y025,3.514
POSCAR_Cr2Si4_1_y050,3.582
POSCAR_Cr2Si4_1_y950,3.295
POSCAR_Cr2Si4_1_y975,3.367
POSCAR_Cr2Si4_1_z025,3.506
POSCAR_Cr2Si4_1_z050,3.564
POSCAR_Cr2Si4_1_z950,3.315
POSCAR_Cr2Si4_1_z975,3.384
POSCAR_Cr2Sn2_2,4.038
POSCAR_Cr2Sn2_2_st025,4.083
POSCAR_Cr2Sn2_2_st050,4.123
POSCAR_Cr2Sn2_2_st950,3.924
POSCAR_Cr2Sn2_2_st975,3.987
POSCAR_Cr2Sn2_2_x025,4.052
POSCAR_Cr2Sn2_2_x050,4.067
POSCAR_Cr2Sn2_2_x950,4.004
POSCAR_Cr2Sn2_2_x975,4.022
POSCAR_Cr2Sn2_2_y025,4.052
POSCAR_Cr2Sn2_2_y050,4.067
POSCAR_Cr2Sn2_2_y950,4.004
POSCAR_Cr2Sn2_2_y975,4.022
POSCAR_Cr2Sn2_2_z025,4.056
POSCAR_Cr2Sn2_2_z050,4.073
POSCAR_Cr2Sn2_2_z950,3.999
POSCAR_Cr2Sn2_2_z975,4.019
POSCAR_Cr2Te2_1,3.89
POSCAR_Cr2Te2_1_st025,3.926
POSCAR_Cr2Te2_1_st050,3.958
POSCAR_Cr2Te2_1_st950,3.801
POSCAR_Cr2Te2_1_st975,3.85
POSCAR_Cr2Te2_1_x025,3.902
POSCAR_Cr2Te2_1_x050,3.912
POSCAR_Cr2Te2_1_x950,3.865
POSCAR_Cr2Te2_1_x975,3.878
POSCAR_Cr2Te2_1_y025,3.902
POSCAR_Cr2Te2_1_y050,3.912
POSCAR_Cr2Te2_1_y950,3.865
POSCAR_Cr2Te2_1_y975,3.878
POSCAR_Cr2Te2_1_z025,3.904
POSCAR_Cr2Te2_1_z050,3.917
POSCAR_Cr2Te2_1_z950,3.86
POSCAR_Cr2Te2_1_z975,3.876
POSCAR_Cr2Te4_1,3.847
POSCAR_Cr2Te4_1_st025,3.887
POSCAR_Cr2Te4_1_st050,3.922
POSCAR_Cr2Te4_1_st950,3.738
POSCAR_Cr2Te4_1_st975,3.8
POSCAR_Cr2Te4_1_x025,3.868
POSCAR_Cr2Te4_1_x050,3.889
POSCAR_Cr2Te4_1_x950,3.803
POSCAR_Cr2Te4_1_x975,3.826
POSCAR_Cr2Te4_1_y025,3.854
POSCAR_Cr2Te4_1_y050,3.861
POSCAR_Cr2Te4_1_y950,3.842
POSCAR_Cr2Te4_1_y975,3.843
POSCAR_Cr2Te4_1_z025,3.864
POSCAR_Cr2Te4_1_z050,3.879
POSCAR_Cr2Te4_1_z950,3.816
POSCAR_Cr2Te4_1_z975,3.831
POSCAR_Cr2Te8_2,3.71
POSCAR_Cr2Te8_2_st975,3.624
POSCAR_Cr2Te8_2_y975,3.683
POSCAR_Cr2Te8_2_z050,3.784
POSCAR_Cr2Te8_2_z950,3.637
POSCAR_Cu2F4_1,0.847
POSCAR_Cu2F4_1_st025,0.853
POSCAR_Cu2F4_1_st050,0.857
POSCAR_Cu2F4_1_st950,0.829
POSCAR_Cu2F4_1_st975,0.839
POSCAR_Cu2F4_1_x025,0.848
POSCAR_Cu2F4_1_x050,0.849
POSCAR_Cu2F4_1_x950,0.844
POSCAR_Cu2F4_1_x975,0.846
POSCAR_Cu2F4_1_y025,0.85
POSCAR_Cu2F4_1_y050,0.852
POSCAR_Cu2F4_1_y950,0.841
POSCAR_Cu2F4_1_y975,0.844
POSCAR_Cu2F4_1_z025,0.85
POSCAR_Cu2F4_1_z050,0.852
POSCAR_Cu2F4_1_z950,0.841
POSCAR_Cu2F4_1_z975,0.844
POSCAR_Cu2F6_1,1.103
POSCAR_Cu2F6_1_st025,1.079
POSCAR_Cu2F6_1_st050,1.051
POSCAR_Cu2F6_1_st950,1.137
POSCAR_Cu2F6_1_st975,1.122
POSCAR_Cu2F6_1_x025,1.094
POSCAR_Cu2F6_1_x050,1.084
POSCAR_Cu2F6_1_x950,1.117
POSCAR_Cu2F6_1_x975,1.111
POSCAR_Cu2F6_1_y025,1.096
POSCAR_Cu2F6_1_y050,1.087
POSCAR_Cu2F6_1_y950,1.113
POSCAR_Cu2F6_1_y975,1.109
POSCAR_Cu2F6_1_z025,1.096
POSCAR_Cu2F6_1_z050,1.087
POSCAR_Cu2F6_1_z950,1.113
POSCAR_Cu2F6_1_z975,1.109
POSCAR_Cu2F6_2,1.11
POSCAR_Cu2F6_2_st025,1.088
POSCAR_Cu2F6_2_st050,1.061
POSCAR_Cu2F6_2_st950,1.14
POSCAR_Cu2F6_2_st975,1.128
POSCAR_Cu2F6_2_x025,1.103
POSCAR_Cu2F6_2_x050,1.095
POSCAR_Cu2F6_2_x950,1.121
POSCAR_Cu2F6_2_x975,1.116
POSCAR_Cu2F6_2_y025,1.103
POSCAR_Cu2F6_2_y050,1.095
POSCAR_Cu2F6_2_y950,1.12
POSCAR_Cu2F6_2_y975,1.116
POSCAR_Cu2F6_2_z025,1.103
POSCAR_Cu2F6_2_z050,1.093
POSCAR_Cu2F6_2_z950,1.121
POSCAR_Cu2F6_2_z975,1.117
POSCAR_Cu2O2_1,0.648
POSCAR_Cu2O2_1_st025,0.656
POSCAR_Cu2O2_1_st05,0.66
POSCAR_Cu2O2_1_st050,0.66
POSCAR_Cu2O2_1_st950,0.623
POSCAR_Cu2O2_1_st975,0.637
POSCAR_Cu2O2_1_x025,0.649
POSCAR_Cu2O2_1_x050,0.647
POSCAR_Cu2O2_1_x950,0.636
POSCAR_Cu2O2_1_x975,0.643
POSCAR_Cu2O2_1_y025,0.649
POSCAR_Cu2O2_1_y050,0.65
POSCAR_Cu2O2_1_y950,0.641
POSCAR_Cu2O2_1_y975,0.645
POSCAR_Cu2O2_1_z025,0.651
POSCAR_Cu2O2_1_z050,0.653
POSCAR_Cu2O2_1_z950,0.634
POSCAR_Cu2O2_1_z975,0.642
POSCAR_Cu2O2_4,0.752
POSCAR_Cu2O2_4_st025,0.754
POSCAR_Cu2O2_4_st050,0.753
POSCAR_Cu2O2_4_st950,0.738
POSCAR_Cu2O2_4_st975,0.746
POSCAR_Cu2O2_4_x025,0.752
POSCAR_Cu2O2_4_x050,0.752
POSCAR_Cu2O2_4_x950,0.748
POSCAR_Cu2O2_4_x975,0.75
POSCAR_Cu2O2_4_y025,0.751
POSCAR_Cu2O2_4_y050,0.75
POSCAR_Cu2O2_4_y950,0.75
POSCAR_Cu2O2_4_y975,0.751
POSCAR_Cu2O2_4_z025,0.754
POSCAR_Cu2O2_4_z050,0.756
POSCAR_Cu2O2_4_z950,0.742
POSCAR_Cu2O2_4_z975,0.748
POSCAR_Cu2O2_6,0.449
POSCAR_Cu2O2_6_st025,0.458
POSCAR_Cu2O2_6_st050,0.454
POSCAR_Cu2O2_6_st950,0.415
POSCAR_Cu2O2_6_st975,0.435
POSCAR_Cu2O2_6_x025,0.458
POSCAR_Cu2O2_6_x050,0.47
POSCAR_Cu2O2_6_x950,0.576
POSCAR_Cu2O2_6_x975,0.488
POSCAR_Cu2O2_6_y025,0.456
POSCAR_Cu2O2_6_y050,0.466
POSCAR_Cu2O2_6_y950,0.582
POSCAR_Cu2O2_6_y975,0.491
POSCAR_Cu2O2_6_z025,0.477
POSCAR_Cu2O2_6_z050,0.49
POSCAR_Cu2O2_6_z950,0.358
POSCAR_Cu2O2_6_z975,0.419
POSCAR_Cu2O4_1,0.679
POSCAR_Cu2O4_1_st025,0.682
POSCAR_Cu2O4_1_st050,0.682
POSCAR_Cu2O4_1_st950,0.661
POSCAR_Cu2O4_1_st975,0.672
POSCAR_Cu2O4_1_x025,0.676
POSCAR_Cu2O4_1_x050,0.672
POSCAR_Cu2O4_1_x950,0.681
POSCAR_Cu2O4_1_x975,0.681
POSCAR_Cu2O4_1_y025,0.682
POSCAR_Cu2O4_1_y050,0.683
POSCAR_Cu2O4_1_y950,0.67
POSCAR_Cu2O4_1_y975,0.675
POSCAR_Cu2O4_1_z025,0.683
POSCAR_Cu2O4_1_z050,0.686
POSCAR_Cu2O4_1_z950,0.667
POSCAR_Cu2O4_1_z975,0.674
POSCAR_F10Zr2_1,0.002
POSCAR_F4Fe2_2,3.809
POSCAR_F4Fe2_2_st025,3.813
POSCAR_F4Fe2_2_st950,3.798
POSCAR_F4Fe2_2_st975,3.804
POSCAR_F4Fe2_2_x025,3.81
POSCAR_F4Fe2_2_x050,3.812
POSCAR_F4Fe2_2_x950,3.804
POSCAR_F4Fe2_2_x975,3.807
POSCAR_F4Fe2_2_y025,3.809
POSCAR_F4Fe2_2_y050,3.81
POSCAR_F4Fe2_2_y950,3.806
POSCAR_F4Fe2_2_y975,3.807
POSCAR_F4Fe2_2_z025,3.81
POSCAR_F4Fe2_2_z050,3.811
POSCAR_F4Fe2_2_z950,3.804
POSCAR_F4Fe2_2_z975,3.807
POSCAR_F4Mn2_1,4.678
POSCAR_F4Mn2_1_st025,4.69
POSCAR_F4Mn2_1_st050,4.699
POSCAR_F4Mn2_1_st950,4.649
POSCAR_F4Mn2_1_st975,4.665
POSCAR_F4Mn2_1_x025,4.683
POSCAR_F4Mn2_1_x050,4.687
POSCAR_F4Mn2_1_x950,4.667
POSCAR_F4Mn2_1_x975,4.673
POSCAR_F4Mn2_1_y025,4.682
POSCAR_F4Mn2_1_y050,4.685
POSCAR_F4Mn2_1_y950,4.671
POSCAR_F4Mn2_1_y975,4.675
POSCAR_F4Mn2_1_z025,4.682
POSCAR_F4Mn2_1_z050,4.685
POSCAR_F4Mn2_1_z950,4.671
POSCAR_F4Mn2_1_z975,4.675
POSCAR_F4Ni2_1,1.88
POSCAR_F4Ni2_1_st025,1.883
POSCAR_F4Ni2_1_st050,1.886
POSCAR_F4Ni2_1_st950,1.873
POSCAR_F4Ni2_1_st975,1.876
POSCAR_F4Ni2_1_x025,1.881
POSCAR_F4Ni2_1_x050,1.883
POSCAR_F4Ni2_1_x950,1.876
POSCAR_F4Ni2_1_x975,1.878
POSCAR_F4Ni2_1_y025,1.88
POSCAR_F4Ni2_1_y050,1.881
POSCAR_F4Ni2_1_y950,1.878
POSCAR_F4Ni2_1_y975,1.879
POSCAR_F4Ni2_1_z025,1.88
POSCAR_F4Ni2_1_z050,1.881
POSCAR_F4Ni2_1_z950,1.878
POSCAR_F4Ni2_1_z975,1.879
POSCAR_F4Sc2_1,0.756
POSCAR_F4Sc2_1_st950,0.202
POSCAR_F4Sc2_1_x050,0.327
POSCAR_F4Sc2_1_x975,0.349
POSCAR_F4Sc2_1_y025,0.217
POSCAR_F4Sc2_1_y050,0.223
POSCAR_F4Sc2_1_y950,0.192
POSCAR_F4Sc2_1_z025,0.217
POSCAR_F4Sc2_1_z050,0.223
POSCAR_F4Sc2_1_z950,0.191
POSCAR_F4Sc2_1_z975,0.182
POSCAR_F4V2_1,2.759
POSCAR_F4V2_1_st025,2.764
POSCAR_F4V2_1_st050,2.769
POSCAR_F4V2_1_st950,2.746
POSCAR_F4V2_1_st975,2.753
POSCAR_F4V2_1_x025,2.76
POSCAR_F4V2_1_x050,2.761
POSCAR_F4V2_1_x950,2.755
POSCAR_F4V2_1_x975,2.757
POSCAR_F4V2_1_y025,2.76
POSCAR_F4V2_1_y050,2.762
POSCAR_F4V2_1_y950,2.754
POSCAR_F4V2_1_y975,2.756
POSCAR_F4V2_1_z025,2.76
POSCAR_F4V2_1_z050,2.762
POSCAR_F4V2_1_z950,2.754
POSCAR_F4V2_1_z975,2.756
POSCAR_F4Y2_1,0.057
POSCAR_F4Y2_1_x950,0.005
POSCAR_F4Y2_1_y025,0
POSCAR_F4Y2_1_y975,0.001
POSCAR_F6Fe2_1,4.368
POSCAR_F6Fe2_1_st025,4.368
POSCAR_F6Fe2_1_st050,4.364
POSCAR_F6Fe2_1_st950,4.36
POSCAR_F6Fe2_1_st975,4.365
POSCAR_F6Fe2_1_x025,4.368
POSCAR_F6Fe2_1_x050,4.368
POSCAR_F6Fe2_1_x950,4.366
POSCAR_F6Fe2_1_x975,4.367
POSCAR_F6Fe2_1_y025,4.368
POSCAR_F6Fe2_1_y050,4.368
POSCAR_F6Fe2_1_y950,4.366
POSCAR_F6Fe2_1_y975,4.367
POSCAR_F6Fe2_1_z025,4.368
POSCAR_F6Fe2_1_z050,4.367
POSCAR_F6Fe2_1_z950,4.366
POSCAR_F6Fe2_1_z975,4.368
POSCAR_F6Fe2_2,4.368
POSCAR_F6Fe2_2_st025,4.364
POSCAR_F6Fe2_2_st050,4.357
POSCAR_F6Fe2_2_st950,4.369
POSCAR_F6Fe2_2_st975,4.37
POSCAR_F6Fe2_2_x025,4.367
POSCAR_F6Fe2_2_x050,4.365
POSCAR_F6Fe2_2_x950,4.368
POSCAR_F6Fe2_2_x975,4.369
POSCAR_F6Fe2_2_y025,4.367
POSCAR_F6Fe2_2_y050,4.365
POSCAR_F6Fe2_2_y950,4.368
POSCAR_F6Fe2_2_y975,4.368
POSCAR_F6Fe2_2_z025,4.366
POSCAR_F6Fe2_2_z050,4.364
POSCAR_F6Fe2_2_z950,4.368
POSCAR_F6Fe2_2_z975,4.369
POSCAR_F6Mn2_1,3.814
POSCAR_F6Mn2_1_st025,3.867
POSCAR_F6Mn2_1_st050,3.926
POSCAR_F6Mn2_1_st950,3.716
POSCAR_F6Mn2_1_st975,3.764
POSCAR_F6Mn2_1_x025,3.827
POSCAR_F6Mn2_1_x050,3.84
POSCAR_F6Mn2_1_x950,3.785
POSCAR_F6Mn2_1_x975,3.799
POSCAR_F6Mn2_1_y025,3.838
POSCAR_F6Mn2_1_y050,3.864
POSCAR_F6Mn2_1_y950,3.765
POSCAR_F6Mn2_1_y975,3.789
POSCAR_F6Mn2_1_z025,3.826
POSCAR_F6Mn2_1_z050,3.839
POSCAR_F6Mn2_1_z950,3.789
POSCAR_F6Mn2_1_z975,3.801
POSCAR_F6Mn2_4,3.819
POSCAR_F6Mn2_4_st025,3.873
POSCAR_F6Mn2_4_st050,3.935
POSCAR_F6Mn2_4_st950,3.72
POSCAR_F6Mn2_4_st975,3.769
POSCAR_F6Mn2_4_x025,3.838
POSCAR_F6Mn2_4_x050,3.858
POSCAR_F6Mn2_4_x950,3.784
POSCAR_F6Mn2_4_x975,3.801
POSCAR_F6Mn2_4_y025,3.836
POSCAR_F6Mn2_4_y050,3.853
POSCAR_F6Mn2_4_y950,3.786
POSCAR_F6Mn2_4_y975,3.802
POSCAR_F6Mn2_4_z025,3.836
POSCAR_F6Mn2_4_z050,3.853
POSCAR_F6Mn2_4_z950,3.786
POSCAR_F6Mn2_4_z975,3.802
POSCAR_F6Mn2_5,3.824
POSCAR_F6Mn2_5_st025,3.874
POSCAR_F6Mn2_5_st050,3.931
POSCAR_F6Mn2_5_st950,3.736
POSCAR_F6Mn2_5_st975,3.779
POSCAR_F6Mn2_5_x025,3.839
POSCAR_F6Mn2_5_x050,3.853
POSCAR_F6Mn2_5_x950,3.79
POSCAR_F6Mn2_5_x975,3.808
POSCAR_F6Mn2_5_y025,3.838
POSCAR_F6Mn2_5_y050,3.852
POSCAR_F6Mn2_5_y950,3.797
POSCAR_F6Mn2_5_y975,3.811
POSCAR_F6Mn2_5_z025,3.842
POSCAR_F6Mn2_5_z050,3.862
POSCAR_F6Mn2_5_z950,3.789
POSCAR_F6Mn2_5_z975,3.807
POSCAR_F6Mo2_2,2.689
POSCAR_F6Mo2_2_st025,2.708
POSCAR_F6Mo2_2_st050,2.726
POSCAR_F6Mo2_2_st950,2.641
POSCAR_F6Mo2_2_st975,2.667
POSCAR_F6Mo2_2_x025,2.695
POSCAR_F6Mo2_2_x050,2.701
POSCAR_F6Mo2_2_x950,2.674
POSCAR_F6Mo2_2_x975,2.682
POSCAR_F6Mo2_2_y025,2.695
POSCAR_F6Mo2_2_y050,2.701
POSCAR_F6Mo2_2_y950,2.673
POSCAR_F6Mo2_2_y975,2.682
POSCAR_F6Mo2_2_z025,2.695
POSCAR_F6Mo2_2_z050,2.702
POSCAR_F6Mo2_2_z950,2.674
POSCAR_F6Mo2_2_z975,2.682
POSCAR_F6Mo2_3,2.692
POSCAR_F6Mo2_3_st025,2.712
POSCAR_F6Mo2_3_st050,2.73
POSCAR_F6Mo2_3_st950,2.644
POSCAR_F6Mo2_3_st975,2.67
POSCAR_F6Mo2_3_x025,2.698
POSCAR_F6Mo2_3_x050,2.704
POSCAR_F6Mo2_3_x950,2.678
POSCAR_F6Mo2_3_x975,2.685
POSCAR_F6Mo2_3_y025,2.698
POSCAR_F6Mo2_3_y050,2.704
POSCAR_F6Mo2_3_y950,2.678
POSCAR_F6Mo2_3_y975,2.685
POSCAR_F6Mo2_3_z025,2.699
POSCAR_F6Mo2_3_z050,2.707
POSCAR_F6Mo2_3_z950,2.676
POSCAR_F6Mo2_3_z975,2.684
POSCAR_F6Nb2_1,2.108
POSCAR_F6Nb2_1_st025,2.068
POSCAR_F6Nb2_1_st050,2.055
POSCAR_F6Nb2_1_x025,2.091
POSCAR_F6Nb2_1_x050,2.081
POSCAR_F6Nb2_1_y025,2.092
POSCAR_F6Nb2_1_y050,2.067
POSCAR_F6Nb2_1_z025,2.084
POSCAR_F6Nb2_1_z050,2.069
POSCAR_F6Pd2_1,0.698
POSCAR_F6Pd2_1_st025,0.722
POSCAR_F6Pd2_1_st050,0.752
POSCAR_F6Pd2_1_st950,0.662
POSCAR_F6Pd2_1_st975,0.678
POSCAR_F6Pd2_1_x025,0.705
POSCAR_F6Pd2_1_x050,0.714
POSCAR_F6Pd2_1_x950,0.69
POSCAR_F6Pd2_1_x975,0.693
POSCAR_F6Pd2_1_y025,0.708
POSCAR_F6Pd2_1_y050,0.718
POSCAR_F6Pd2_1_y950,0.675
POSCAR_F6Pd2_1_y975,0.686
POSCAR_F6Pd2_1_z025,0.703
POSCAR_F6Pd2_1_z050,0.711
POSCAR_F6Pd2_1_z950,0.689
POSCAR_F6Pd2_1_z975,0.693
POSCAR_F6Pd2_2,0.685
POSCAR_F6Pd2_2_st025,0.709
POSCAR_F6Pd2_2_st050,0.737
POSCAR_F6Pd2_2_st950,0.649
POSCAR_F6Pd2_2_st975,0.666
POSCAR_F6Pd2_2_x025,0.691
POSCAR_F6Pd2_2_x050,0.697
POSCAR_F6Pd2_2_x950,0.676
POSCAR_F6Pd2_2_x975,0.681
POSCAR_F6Pd2_2_y025,0.684
POSCAR_F6Pd2_2_y050,0.683
POSCAR_F6Pd2_2_y950,0.689
POSCAR_F6Pd2_2_y975,0.687
POSCAR_F6Pd2_2_z025,0.702
POSCAR_F6Pd2_2_z050,0.717
POSCAR_F6Pd2_2_z950,0.646
POSCAR_F6Pd2_2_z975,0.667
POSCAR_F6Ru2_1,4.112
POSCAR_F6Ru2_1_st025,4.147
POSCAR_F6Ru2_1_st050,4.17
POSCAR_F6Ru2_1_st950,3.993
POSCAR_F6Ru2_1_st975,4.064
POSCAR_F6Ru2_1_x025,4.125
POSCAR_F6Ru2_1_x050,4.135
POSCAR_F6Ru2_1_x950,4.081
POSCAR_F6Ru2_1_x975,4.098
POSCAR_F6Ru2_1_y025,4.125
POSCAR_F6Ru2_1_y050,4.134
POSCAR_F6Ru2_1_y950,4.079
POSCAR_F6Ru2_1_y975,4.097
POSCAR_F6Ru2_1_z025,4.125
POSCAR_F6Ru2_1_z050,4.136
POSCAR_F6Ru2_1_z950,4.081
POSCAR_F6Ru2_1_z975,4.098
POSCAR_F6Ru2_2,4.116
POSCAR_F6Ru2_2_st025,4.148
POSCAR_F6Ru2_2_st050,4.171
POSCAR_F6Ru2_2_st950,4.005
POSCAR_F6Ru2_2_st975,4.07
POSCAR_F6Ru2_2_x025,4.129
POSCAR_F6Ru2_2_x050,4.14
POSCAR_F6Ru2_2_x950,4.085
POSCAR_F6Ru2_2_x975,4.101
POSCAR_F6Ru2_2_y025,4.127
POSCAR_F6Ru2_2_y050,4.136
POSCAR_F6Ru2_2_y950,4.086
POSCAR_F6Ru2_2_y975,4.102
POSCAR_F6Ru2_2_z025,4.127
POSCAR_F6Ru2_2_z050,4.136
POSCAR_F6Ru2_2_z950,4.086
POSCAR_F6Ru2_2_z975,4.102
POSCAR_F6Ti2_3,0.903
POSCAR_F6Ti2_3_st025,0.912
POSCAR_F6Ti2_3_st050,0.919
POSCAR_F6Ti2_3_st950,0.881
POSCAR_F6Ti2_3_st975,0.893
POSCAR_F6Ti2_3_x025,0.906
POSCAR_F6Ti2_3_x050,0.909
POSCAR_F6Ti2_3_x950,0.897
POSCAR_F6Ti2_3_x975,0.9
POSCAR_F6Ti2_3_y025,0.905
POSCAR_F6Ti2_3_y050,0.908
POSCAR_F6Ti2_3_y950,0.899
POSCAR_F6Ti2_3_y975,0.901
POSCAR_F6Ti2_3_z025,0.907
POSCAR_F6Ti2_3_z050,0.91
POSCAR_F6Ti2_3_z950,0.895
POSCAR_F6Ti2_3_z975,0.899
POSCAR_F6Ti2_4,0.909
POSCAR_F6Ti2_4_st025,0.916
POSCAR_F6Ti2_4_st050,0.923
POSCAR_F6Ti2_4_st950,0.891
POSCAR_F6Ti2_4_st975,0.901
POSCAR_F6Ti2_4_x025,0.911
POSCAR_F6Ti2_4_x050,0.913
POSCAR_F6Ti2_4_x950,0.903
POSCAR_F6Ti2_4_x975,0.906
POSCAR_F6Ti2_4_y025,0.912
POSCAR_F6Ti2_4_y050,0.915
POSCAR_F6Ti2_4_y950,0.902
POSCAR_F6Ti2_4_y975,0.906
POSCAR_F6Ti2_4_z025,0.911
POSCAR_F6Ti2_4_z050,0.913
POSCAR_F6Ti2_4_z950,0.904
POSCAR_F6Ti2_4_z975,0.907
POSCAR_F6Ti2_6,0.904
POSCAR_F6Ti2_6_st950,0.881
POSCAR_F6Ti2_6_st975,0.894
POSCAR_F6Ti2_6_x025,0.906
POSCAR_F6Ti2_6_x050,0.908
POSCAR_F6Ti2_6_x950,0.899
POSCAR_F6Ti2_6_x975,0.901
POSCAR_F6Ti2_6_y025,0.905
POSCAR_F6Ti2_6_y050,0.905
POSCAR_F6Ti2_6_y950,0.9
POSCAR_F6Ti2_6_y975,0.902
POSCAR_F6Ti2_6_z025,0.908
POSCAR_F6Ti2_6_z050,0.911
POSCAR_F6Ti2_6_z950,0.887
POSCAR_F6Ti2_6_z975,0.897
POSCAR_F6V2_1,1.895
POSCAR_F6V2_1_st025,1.907
POSCAR_F6V2_1_st050,1.919
POSCAR_F6V2_1_st975,1.881
POSCAR_F6V2_1_x050,1.905
POSCAR_F6V2_1_x950,1.892
POSCAR_F6V2_1_y025,1.898
POSCAR_F6V2_1_y050,1.903
POSCAR_F6V2_1_y950,1.885
POSCAR_F6V2_1_y975,1.891
POSCAR_F6V2_1_z025,1.899
POSCAR_F6V2_1_z050,1.904
POSCAR_F6V2_1_z950,1.892
POSCAR_F6V2_1_z975,1.895
POSCAR_F6V2_2,1.898
POSCAR_F6V2_2_st025,1.911
POSCAR_F6V2_2_st050,1.923
POSCAR_F6V2_2_st950,1.869
POSCAR_F6V2_2_st975,1.884
POSCAR_F6V2_2_x025,1.903
POSCAR_F6V2_2_x050,1.908
POSCAR_F6V2_2_x950,1.888
POSCAR_F6V2_2_x975,1.893
POSCAR_F6V2_2_y025,1.902
POSCAR_F6V2_2_y950,1.895
POSCAR_F6V2_2_y975,1.894
POSCAR_F6V2_2_z025,1.902
POSCAR_F6V2_2_z975,1.894
POSCAR_F6Zr2_2,0.75
POSCAR_F6Zr2_2_st025,0.765
POSCAR_F6Zr2_2_st050,0.778
POSCAR_F6Zr2_2_st950,0.707
POSCAR_F6Zr2_2_st975,0.731
POSCAR_F6Zr2_2_x025,0.761
POSCAR_F6Zr2_2_x975,0.738
POSCAR_F6Zr2_2_y025,0.752
POSCAR_F6Zr2_2_y975,0.748
POSCAR_F6Zr2_2_z025,0.753
POSCAR_F6Zr2_2_z050,0.756
POSCAR_F6Zr2_2_z950,0.743
POSCAR_F6Zr2_2_z975,0.747
POSCAR_F6Zr2_4,0.803
POSCAR_F6Zr2_4_st025,0.807
POSCAR_F6Zr2_4_st050,0.811
POSCAR_F6Zr2_4_st950,0.794
POSCAR_F6Zr2_4_st975,0.799
POSCAR_F6Zr2_4_x025,0.805
POSCAR_F6Zr2_4_x050,0.806
POSCAR_F6Zr2_4_x950,0.798
POSCAR_F6Zr2_4_x975,0.801
POSCAR_F6Zr2_4_y025,0.803
POSCAR_F6Zr2_4_y050,0.804
POSCAR_F6Zr2_4_y950,0.802
POSCAR_F6Zr2_4_y975,0.803
POSCAR_F6Zr2_4_z025,0.805
POSCAR_F6Zr2_4_z050,0.807
POSCAR_F6Zr2_4_z950,0.798
POSCAR_F6Zr2_4_z975,0.801
POSCAR_F8Mn2_1,2.97
POSCAR_F8Mn2_1_st025,3.09
POSCAR_F8Mn2_1_st050,3.237
POSCAR_F8Mn2_1_st950,2.789
POSCAR_F8Mn2_1_st975,2.872
POSCAR_F8Mn2_1_x025,3.014
POSCAR_F8Mn2_1_x050,3.063
POSCAR_F8Mn2_1_x950,2.893
POSCAR_F8Mn2_1_x975,2.93
POSCAR_F8Mn2_1_y025,3.006
POSCAR_F8Mn2_1_y050,3.046
POSCAR_F8Mn2_1_y950,2.911
POSCAR_F8Mn2_1_y975,2.939
POSCAR_F8Mn2_1_z025,3.006
POSCAR_F8Mn2_1_z050,3.045
POSCAR_F8Mn2_1_z950,2.91
POSCAR_F8Mn2_1_z975,2.938
POSCAR_F8Nb2_3,1.015
POSCAR_F8Nb2_3_st025,1.01
POSCAR_F8Nb2_3_st050,1.009
POSCAR_F8Nb2_3_st950,1.09
POSCAR_F8Nb2_3_st975,1.029
POSCAR_F8Nb2_3_x025,1.012
POSCAR_F8Nb2_3_x050,1.01
POSCAR_F8Nb2_3_x950,1.023
POSCAR_F8Nb2_3_x975,1.019
POSCAR_F8Nb2_3_y025,1.014
POSCAR_F8Nb2_3_y050,1.012
POSCAR_F8Nb2_3_y950,1.021
POSCAR_F8Nb2_3_y975,1.018
POSCAR_F8Nb2_3_z025,1.013
POSCAR_F8Nb2_3_z050,1.011
POSCAR_F8Nb2_3_z950,1.024
POSCAR_F8Nb2_3_z975,1.019
POSCAR_F8Ni2_1,2.296
POSCAR_F8Ni2_1_st025,2.265
POSCAR_F8Ni2_1_st050,2.231
POSCAR_F8Ni2_1_st950,2.362
POSCAR_F8Ni2_1_st975,2.327
POSCAR_F8Ni2_1_x025,2.283
POSCAR_F8Ni2_1_x050,2.269
POSCAR_F8Ni2_1_x950,2.326
POSCAR_F8Ni2_1_x975,2.31
POSCAR_F8Ni2_1_y025,2.286
POSCAR_F8Ni2_1_y050,2.275
POSCAR_F8Ni2_1_y950,2.315
POSCAR_F8Ni2_1_y975,2.306
POSCAR_F8Ni2_1_z025,2.289
POSCAR_F8Ni2_1_z050,2.282
POSCAR_F8Ni2_1_z950,2.31
POSCAR_F8Ni2_1_z975,2.303
POSCAR_F8V2_1,1.007
POSCAR_F8V2_1_st025,1.032
POSCAR_F8V2_1_st050,1.061
POSCAR_F8V2_1_st950,0.965
POSCAR_F8V2_1_st975,0.985
POSCAR_F8V2_1_x025,1.016
POSCAR_F8V2_1_x050,1.025
POSCAR_F8V2_1_x950,0.991
POSCAR_F8V2_1_x975,0.999
POSCAR_F8V2_1_y025,1.015
POSCAR_F8V2_1_y050,1.023
POSCAR_F8V2_1_y950,0.991
POSCAR_F8V2_1_y975,0.999
POSCAR_F8V2_1_z025,1.014
POSCAR_F8V2_1_z050,1.021
POSCAR_F8V2_1_z950,0.994
POSCAR_F8V2_1_z975,1
POSCAR_Fe2Ga5_1,2.949
POSCAR_Fe2Ga5_1_st975,2.818
POSCAR_Fe2Ga5_1_x025,2.971
POSCAR_Fe2Ga5_1_x050,2.945
POSCAR_Fe2Ga5_1_x950,2.895
POSCAR_Fe2Ga5_1_x975,2.923
POSCAR_Fe2Ga5_1_y025,2.95
POSCAR_Fe2Ga5_1_y050,2.96
POSCAR_Fe2Ga5_1_y950,2.922
POSCAR_Fe2Ga5_1_y975,2.935
POSCAR_Fe2Ga5_1_z025,2.995
POSCAR_Fe2Ga5_1_z050,3.034
POSCAR_Fe2Ga5_1_z950,2.811
POSCAR_Fe2Ga5_1_z975,2.866
POSCAR_Fe2Ge1_1,2.943
POSCAR_Fe2Ge1_1_st025,3
POSCAR_Fe2Ge1_1_st050,3.05
POSCAR_Fe2Ge1_1_st950,2.806
POSCAR_Fe2Ge1_1_st975,2.878
POSCAR_Fe2Ge1_1_x025,2.965
POSCAR_Fe2Ge1_1_x050,2.985
POSCAR_Fe2Ge1_1_x950,2.894
POSCAR_Fe2Ge1_1_x975,2.917
POSCAR_Fe2Ge1_1_y025,2.963
POSCAR_Fe2Ge1_1_y050,2.985
POSCAR_Fe2Ge1_1_y950,2.893
POSCAR_Fe2Ge1_1_y975,2.917
POSCAR_Fe2Ge1_1_z025,2.958
POSCAR_Fe2Ge1_1_z050,2.974
POSCAR_Fe2Ge1_1_z950,2.914
POSCAR_Fe2Ge1_1_z975,2.929
POSCAR_Fe2Ge1_2,3.032
POSCAR_Fe2Ge1_2_st025,3.082
POSCAR_Fe2Ge1_2_st050,3.121
POSCAR_Fe2Ge1_2_x025,3.05
POSCAR_Fe2Ge1_2_x050,3.064
POSCAR_Fe2Ge1_2_x950,2.985
POSCAR_Fe2Ge1_2_x975,3.012
POSCAR_Fe2Ge1_2_y025,3.051
POSCAR_Fe2Ge1_2_y050,3.071
POSCAR_Fe2Ge1_2_y950,2.99
POSCAR_Fe2Ge1_2_y975,3.011
POSCAR_Fe2Ge1_2_z025,3.049
POSCAR_Fe2Ge1_2_z050,3.063
POSCAR_Fe2Ge1_2_z975,3.098
POSCAR_Fe2Ge2_1,3.1
POSCAR_Fe2Ge2_1_st025,3.172
POSCAR_Fe2Ge2_1_st050,3.225
POSCAR_Fe2Ge2_1_st950,2.882
POSCAR_Fe2Ge2_1_st975,3.008
POSCAR_Fe2Ge2_1_x025,3.128
POSCAR_Fe2Ge2_1_x050,3.15
POSCAR_Fe2Ge2_1_x950,3.041
POSCAR_Fe2Ge2_1_x975,3.077
POSCAR_Fe2Ge2_1_y025,3.128
POSCAR_Fe2Ge2_1_y050,3.15
POSCAR_Fe2Ge2_1_y950,3.041
POSCAR_Fe2Ge2_1_y975,3.077
POSCAR_Fe2Ge2_1_z025,3.132
POSCAR_Fe2Ge2_1_z050,3.154
POSCAR_Fe2Ge2_1_z950,3.033
POSCAR_Fe2Ge2_1_z975,3.07
POSCAR_Fe2Ge4_2,3.073
POSCAR_Fe2Ge4_2_st025,3.231
POSCAR_Fe2Ge4_2_x950,2.874
POSCAR_Fe2Ge4_2_x975,3.018
POSCAR_Fe2Ge4_2_y950,2.877
POSCAR_Fe2Ge4_2_y975,3.018
POSCAR_Fe2Ge4_2_z025,3.104
POSCAR_Fe2Ge4_2_z050,3.174
POSCAR_Fe2Ge4_2_z950,2.937
POSCAR_Fe2I4_1,3.643
POSCAR_Fe2I4_1_st025,3.676
POSCAR_Fe2I4_1_st050,3.703
POSCAR_Fe2I4_1_st950,3.546
POSCAR_Fe2I4_1_st975,3.601
POSCAR_Fe2I4_1_x025,3.656
POSCAR_Fe2I4_1_x050,3.667
POSCAR_Fe2I4_1_x950,3.614
POSCAR_Fe2I4_1_x975,3.629
POSCAR_Fe2I4_1_y025,3.656
POSCAR_Fe2I4_1_y050,3.667
POSCAR_Fe2I4_1_y950,3.614
POSCAR_Fe2I4_1_y975,3.629
POSCAR_Fe2I4_1_z025,3.654
POSCAR_Fe2I4_1_z050,3.663
POSCAR_Fe2I4_1_z950,3.619
POSCAR_Fe2I4_1_z975,3.632
POSCAR_Fe2N2_1,3.907
POSCAR_Fe2N2_1_st025,3.957
POSCAR_Fe2N2_1_st050,3.992
POSCAR_Fe2N2_1_st950,3.73
POSCAR_Fe2N2_1_st975,3.834
POSCAR_Fe2N2_1_x025,3.916
POSCAR_Fe2N2_1_x050,3.921
POSCAR_Fe2N2_1_x950,3.874
POSCAR_Fe2N2_1_x975,3.893
POSCAR_Fe2N2_1_y025,3.916
POSCAR_Fe2N2_1_y050,3.921
POSCAR_Fe2N2_1_y950,3.874
POSCAR_Fe2N2_1_y975,3.893
POSCAR_Fe2N2_1_z025,3.941
POSCAR_Fe2N2_1_z050,3.971
POSCAR_Fe2N2_1_z950,3.817
POSCAR_Fe2N2_1_z975,3.865
POSCAR_Fe2O2_8,3.672
POSCAR_Fe2O2_8_st025,3.694
POSCAR_Fe2O2_8_st050,3.712
POSCAR_Fe2O2_8_st950,3.612
POSCAR_Fe2O2_8_st975,3.645
POSCAR_Fe2O2_8_x025,3.683
POSCAR_Fe2O2_8_x050,3.693
POSCAR_Fe2O2_8_x950,3.646
POSCAR_Fe2O2_8_x975,3.659
POSCAR_Fe2O2_8_y025,3.678
POSCAR_Fe2O2_8_y050,3.682
POSCAR_Fe2O2_8_y950,3.656
POSCAR_Fe2O2_8_y975,3.665
POSCAR_Fe2O2_8_z025,3.678
POSCAR_Fe2O2_8_z050,3.683
POSCAR_Fe2O2_8_z950,3.658
POSCAR_Fe2O2_8_z975,3.666
POSCAR_Fe2P2_1,2.99
POSCAR_Fe2P2_1_st025,3.24
POSCAR_Fe2P2_1_st050,3.413
POSCAR_Fe2P2_1_st950,2.351
POSCAR_Fe2P2_1_x025,3.088
POSCAR_Fe2P2_1_x050,3.163
POSCAR_Fe2P2_1_x975,2.891
POSCAR_Fe2P2_1_y025,3.088
POSCAR_Fe2P2_1_y050,3.163
POSCAR_Fe2P2_1_y975,2.889
POSCAR_Fe2P2_1_z025,3.091
POSCAR_Fe2P2_1_z050,3.171
POSCAR_Fe2P2_1_z975,2.901
POSCAR_Fe2P2_3,2.961
POSCAR_Fe2P2_3_st025,3.071
POSCAR_Fe2P2_3_st050,3.162
POSCAR_Fe2P2_3_st950,2.599
POSCAR_Fe2P2_3_st975,2.814
POSCAR_Fe2P2_3_x025,2.999
POSCAR_Fe2P2_3_x050,3.035
POSCAR_Fe2P2_3_x950,2.881
POSCAR_Fe2P2_3_x975,2.922
POSCAR_Fe2P2_3_y025,2.999
POSCAR_Fe2P2_3_y050,3.035
POSCAR_Fe2P2_3_y950,2.882
POSCAR_Fe2P2_3_y975,2.922
POSCAR_Fe2P2_3_z025,3.004
POSCAR_Fe2P2_3_z050,3.042
POSCAR_Fe2P2_3_z950,2.852
POSCAR_Fe2P2_3_z975,2.91
POSCAR_Fe2P4_1,1.958
POSCAR_Fe2P4_1_st025,2.291
POSCAR_Fe2P4_1_x025,2.052
POSCAR_Fe2P4_1_x975,1.852
POSCAR_Fe2P4_1_y025,2.071
POSCAR_Fe2P4_1_y050,2.195
POSCAR_Fe2P4_1_y975,1.836
POSCAR_Fe2P4_1_z025,2.102
POSCAR_Fe2P4_1_z050,2.236
POSCAR_Fe2P4_1_z950,1.721
POSCAR_Fe2P5_1,2.07
POSCAR_Fe2P5_1_st025,2.328
POSCAR_Fe2P5_1_st975,1.775
POSCAR_Fe2P5_1_x025,2.162
POSCAR_Fe2P5_1_y025,2.174
POSCAR_Fe2P5_1_z025,2.138
POSCAR_Fe2P6_2,1.738
POSCAR_Fe2P6_2_st025,2.003
POSCAR_Fe2P6_2_st950,1.323
POSCAR_Fe2P6_2_st975,1.501
POSCAR_Fe2P6_2_x025,1.836
POSCAR_Fe2P6_2_x975,1.651
POSCAR_Fe2P6_2_y025,1.827
POSCAR_Fe2P6_2_y950,1.585
POSCAR_Fe2P6_2_y975,1.657
POSCAR_Fe2P6_2_z025,1.825
POSCAR_Fe2P6_2_z050,1.926
POSCAR_Fe2P6_2_z950,1.591
POSCAR_Fe2P6_2_z975,1.661
POSCAR_Fe2P8_1,3.284
POSCAR_Fe2P8_1_st025,3.403
POSCAR_Fe2P8_1_st050,3.479
POSCAR_Fe2P8_1_st975,3.013
POSCAR_Fe2P8_1_x025,3.327
POSCAR_Fe2P8_1_x050,3.363
POSCAR_Fe2P8_1_x950,3.14
POSCAR_Fe2P8_1_x975,3.228
POSCAR_Fe2P8_1_y025,3.323
POSCAR_Fe2P8_1_y050,3.356
POSCAR_Fe2P8_1_y950,3.188
POSCAR_Fe2P8_1_y975,3.239
POSCAR_Fe2P8_1_z025,3.339
POSCAR_Fe2P8_1_z050,3.38
POSCAR_Fe2P8_1_z950,3.125
POSCAR_Fe2P8_1_z975,3.213
POSCAR_Fe2Pb2_1,3.096
POSCAR_Fe2Pb2_1_st025,3.139
POSCAR_Fe2Pb2_1_st050,3.174
POSCAR_Fe2Pb2_1_st950,2.986
POSCAR_Fe2Pb2_1_x025,3.11
POSCAR_Fe2Pb2_1_x050,3.124
POSCAR_Fe2Pb2_1_x950,3.064
POSCAR_Fe2Pb2_1_x975,3.078
POSCAR_Fe2Pb2_1_y025,3.113
POSCAR_Fe2Pb2_1_y050,3.128
POSCAR_Fe2Pb2_1_y950,3.053
POSCAR_Fe2Pb2_1_y975,3.074
POSCAR_Fe2Pb2_1_z025,3.104
POSCAR_Fe2Pb2_1_z050,3.112
POSCAR_Fe2Pb2_1_z950,3.077
POSCAR_Fe2Pb2_1_z975,3.084
POSCAR_Fe2Pb4_2,3.008
POSCAR_Fe2Pb4_2_st025,3.047
POSCAR_Fe2Pb4_2_st050,3.081
POSCAR_Fe2Pb4_2_st950,2.906
POSCAR_Fe2Pb4_2_st975,2.96
POSCAR_Fe2Pb4_2_x025,3.022
POSCAR_Fe2Pb4_2_x050,3.038
POSCAR_Fe2Pb4_2_x950,2.972
POSCAR_Fe2Pb4_2_x975,2.992
POSCAR_Fe2Pb4_2_y025,3.025
POSCAR_Fe2Pb4_2_y050,3.042
POSCAR_Fe2Pb4_2_y950,2.967
POSCAR_Fe2Pb4_2_y975,2.986
POSCAR_Fe2Pb4_2_z025,3.375
POSCAR_Fe2Pb4_2_z050,3.41
POSCAR_Fe2Pb4_2_z950,2.987
POSCAR_Fe2Pb4_2_z975,2.998
POSCAR_Fe2S4_1,3.576
POSCAR_Fe2S4_1_st025,3.622
POSCAR_Fe2S4_1_st050,3.656
POSCAR_Fe2S4_1_st950,3.43
POSCAR_Fe2S4_1_st975,3.515
POSCAR_Fe2S4_1_x025,3.591
POSCAR_Fe2S4_1_x050,3.604
POSCAR_Fe2S4_1_x950,3.538
POSCAR_Fe2S4_1_x975,3.559
POSCAR_Fe2S4_1_y025,3.591
POSCAR_Fe2S4_1_y050,3.604
POSCAR_Fe2S4_1_y950,3.54
POSCAR_Fe2S4_1_y975,3.559
POSCAR_Fe2S4_1_z025,3.595
POSCAR_Fe2S4_1_z050,3.611
POSCAR_Fe2S4_1_z950,3.526
POSCAR_Fe2S4_1_z975,3.553
POSCAR_Fe2Se2_1,3.57
POSCAR_Fe2Se2_1_st025,3.609
POSCAR_Fe2Se2_1_st050,3.64
POSCAR_Fe2Se2_1_st950,3.457
POSCAR_Fe2Se2_1_st975,3.52
POSCAR_Fe2Se2_1_x025,3.584
POSCAR_Fe2Se2_1_x950,3.529
POSCAR_Fe2Se2_1_x975,3.555
POSCAR_Fe2Se2_1_y025,3.584
POSCAR_Fe2Se2_1_y050,3.591
POSCAR_Fe2Se2_1_y950,3.527
POSCAR_Fe2Se2_1_y975,3.554
POSCAR_Fe2Se2_1_z025,3.584
POSCAR_Fe2Se2_1_z050,3.597
POSCAR_Fe2Se2_1_z950,3.535
POSCAR_Fe2Se2_1_z975,3.554
POSCAR_Fe2Se4_1,3.567
POSCAR_Fe2Se4_1_st025,3.611
POSCAR_Fe2Se4_1_st050,3.645
POSCAR_Fe2Se4_1_st950,3.432
POSCAR_Fe2Se4_1_st975,3.51
POSCAR_Fe2Se4_1_x025,3.582
POSCAR_Fe2Se4_1_x050,3.596
POSCAR_Fe2Se4_1_x950,3.526
POSCAR_Fe2Se4_1_x975,3.549
POSCAR_Fe2Se4_1_y025,3.58
POSCAR_Fe2Se4_1_y050,3.592
POSCAR_Fe2Se4_1_y950,3.534
POSCAR_Fe2Se4_1_y975,3.552
POSCAR_Fe2Se4_1_z025,3.584
POSCAR_Fe2Se4_1_z050,3.598
POSCAR_Fe2Se4_1_z950,3.522
POSCAR_Fe2Se4_1_z975,3.547
POSCAR_Fe2Se8_1,3.74
POSCAR_Fe2Se8_1_st950,3.624
POSCAR_Fe2Se8_1_st975,3.69
POSCAR_Fe2Se8_1_x025,3.755
POSCAR_Fe2Se8_1_x050,3.762
POSCAR_Fe2Se8_1_x950,3.695
POSCAR_Fe2Se8_1_x975,3.72
POSCAR_Fe2Se8_1_y025,3.751
POSCAR_Fe2Se8_1_y050,3.761
POSCAR_Fe2Se8_1_y950,3.702
POSCAR_Fe2Se8_1_y975,3.725
POSCAR_Fe2Se8_1_z025,3.751
POSCAR_Fe2Se8_1_z050,3.761
POSCAR_Fe2Se8_1_z950,3.705
POSCAR_Fe2Se8_1_z975,3.725
POSCAR_Fe2Si2_3,2.632
POSCAR_Fe2Si2_3_st025,2.836
POSCAR_Fe2Si2_3_st050,3.002
POSCAR_Fe2Si2_3_st950,2.198
POSCAR_Fe2Si2_3_st975,2.411
POSCAR_Fe2Si2_3_x025,2.715
POSCAR_Fe2Si2_3_x050,2.777
POSCAR_Fe2Si2_3_x950,2.474
POSCAR_Fe2Si2_3_x975,2.545
POSCAR_Fe2Si2_3_y025,2.711
POSCAR_Fe2Si2_3_y050,2.776
POSCAR_Fe2Si2_3_y950,2.478
POSCAR_Fe2Si2_3_y975,2.544
POSCAR_Fe2Si2_3_z025,2.713
POSCAR_Fe2Si2_3_z050,2.784
POSCAR_Fe2Si2_3_z950,2.476
POSCAR_Fe2Si2_3_z975,2.538
POSCAR_Fe2Si2_4,2.681
POSCAR_Fe2Si2_4_st025,2.982
POSCAR_Fe2Si2_4_x050,2.744
POSCAR_Fe2Si2_4_x950,2.51
POSCAR_Fe2Si2_4_y025,2.81
POSCAR_Fe2Si2_4_y050,2.745
POSCAR_Fe2Si2_4_y950,2.51
POSCAR_Fe2Si2_4_y975,2.604
POSCAR_Fe2Si2_4_z025,2.731
POSCAR_Fe2Si2_4_z050,2.79
POSCAR_Fe2Si2_4_z975,2.647
POSCAR_Fe2Sn10_2,3.35
POSCAR_Fe2Sn10_2_st025,3.44
POSCAR_Fe2Sn10_2_st975,3.23
POSCAR_Fe2Sn10_2_x025,3.364
POSCAR_Fe2Sn10_2_x950,3.277
POSCAR_Fe2Sn10_2_x975,3.314
POSCAR_Fe2Sn10_2_y025,3.365
POSCAR_Fe2Sn10_2_y050,3.39
POSCAR_Fe2Sn10_2_y950,3.277
POSCAR_Fe2Sn10_2_y975,3.313
POSCAR_Fe2Sn10_2_z025,3.382
POSCAR_Fe2Sn10_2_z050,3.412
POSCAR_Fe2Sn10_2_z950,3.156
POSCAR_Fe2Sn2_1,3.092
POSCAR_Fe2Sn2_1_st050,3.173
POSCAR_Fe2Sn2_1_st975,3.024
POSCAR_Fe2Sn2_1_x950,3.053
POSCAR_Fe2Sn2_1_x975,3.077
POSCAR_Fe2Sn2_1_y950,3.057
POSCAR_Fe2Sn2_1_y975,3.076
POSCAR_Fe2Sn2_1_z025,3.117
POSCAR_Fe2Sn2_1_z050,3.141
POSCAR_Fe2Sn2_1_z950,2.966
POSCAR_Fe2Sn3_1,3.111
POSCAR_Fe2Sn3_1_st025,3.175
POSCAR_Fe2Sn3_1_st050,3.223
POSCAR_Fe2Sn3_1_st975,3.04
POSCAR_Fe2Sn3_1_x025,3.119
POSCAR_Fe2Sn3_1_x050,3.127
POSCAR_Fe2Sn3_1_x950,3.064
POSCAR_Fe2Sn3_1_x975,3.094
POSCAR_Fe2Sn3_1_y025,3.133
POSCAR_Fe2Sn3_1_y050,3.155
POSCAR_Fe2Sn3_1_y950,3.039
POSCAR_Fe2Sn3_1_y975,3.077
POSCAR_Fe2Sn3_1_z025,3.13
POSCAR_Fe2Sn3_1_z050,3.116
POSCAR_Fe2Sn3_1_z950,3.058
POSCAR_Fe2Sn3_1_z975,3.086
POSCAR_Fe2Sn4_3,3.068
POSCAR_Fe2Sn4_3_st025,3.117
POSCAR_Fe2Sn4_3_st050,3.155
POSCAR_Fe2Sn4_3_st950,2.921
POSCAR_Fe2Sn4_3_st975,3.006
POSCAR_Fe2Sn4_3_x025,3.088
POSCAR_Fe2Sn4_3_x050,3.105
POSCAR_Fe2Sn4_3_x950,3.024
POSCAR_Fe2Sn4_3_x975,3.051
POSCAR_Fe2Sn4_3_y025,3.082
POSCAR_Fe2Sn4_3_y050,3.093
POSCAR_Fe2Sn4_3_y950,3.035
POSCAR_Fe2Sn4_3_y975,3.053
POSCAR_Fe2Sn4_3_z025,3.086
POSCAR_Fe2Sn4_3_z050,3.103
POSCAR_Fe2Sn4_3_z950,3.023
POSCAR_Fe2Sn4_3_z975,3.05
POSCAR_Fe2Sn8_2,3.111
POSCAR_Fe2Sn8_2_st025,3.235
POSCAR_Fe2Sn8_2_x025,3.152
POSCAR_Fe2Sn8_2_x950,3.023
POSCAR_Fe2Sn8_2_x975,3.069
POSCAR_Fe2Sn8_2_y025,3.154
POSCAR_Fe2Sn8_2_y950,3.019
POSCAR_Fe2Sn8_2_y975,3.068
POSCAR_Fe2Sn8_2_z025,3.162
POSCAR_Fe2Sn8_2_z050,3.209
POSCAR_Fe2Sn8_2_z950,2.997
POSCAR_Fe2Sn8_2_z975,3.055
POSCAR_Fe2Te2_1,3.496
POSCAR_Fe2Te2_1_st025,3.545
POSCAR_Fe2Te2_1_st050,3.585
POSCAR_Fe2Te2_1_st950,3.353
POSCAR_Fe2Te2_1_st975,3.434
POSCAR_Fe2Te2_1_x025,3.511
POSCAR_Fe2Te2_1_x050,3.524
POSCAR_Fe2Te2_1_y025,3.516
POSCAR_Fe2Te2_1_y950,3.45
POSCAR_Fe2Te2_1_y975,3.474
POSCAR_Fe2Te2_1_z025,3.515
POSCAR_Fe2Te2_1_z050,3.531
POSCAR_Fe2Te2_1_z950,3.452
POSCAR_Fe2Te2_1_z975,3.475
POSCAR_Fe2Te4_1,3.509
POSCAR_Fe2Te4_1_st025,3.563
POSCAR_Fe2Te4_1_st050,3.605
POSCAR_Fe2Te4_1_st950,3.347
POSCAR_Fe2Te4_1_st975,3.441
POSCAR_Fe2Te4_1_x025,3.529
POSCAR_Fe2Te4_1_x050,3.547
POSCAR_Fe2Te4_1_x950,3.458
POSCAR_Fe2Te4_1_x975,3.487
POSCAR_Fe2Te4_1_y025,3.526
POSCAR_Fe2Te4_1_y050,3.54
POSCAR_Fe2Te4_1_y950,3.468
POSCAR_Fe2Te4_1_y975,3.49
POSCAR_Fe2Te4_1_z025,3.529
POSCAR_Fe2Te4_1_z050,3.545
POSCAR_Fe2Te4_1_z950,3.459
POSCAR_Fe2Te4_1_z975,3.486
POSCAR_Fe2Te6_1,3.399
POSCAR_Fe2Te6_1_x025,3.425
POSCAR_Fe2Te6_1_x050,3.449
POSCAR_Fe2Te6_1_x950,3.329
POSCAR_Fe2Tl3_1,3.099
POSCAR_Fe2Tl3_1_st050,3.192
POSCAR_Fe2Tl3_1_st950,2.994
POSCAR_Fe2Tl3_1_st975,3.054
POSCAR_Fe2Tl3_1_x025,3.122
POSCAR_Fe2Tl3_1_x050,3.143
POSCAR_Fe2Tl3_1_x950,3.066
POSCAR_Fe2Tl3_1_x975,3.086
POSCAR_Fe2Tl3_1_y025,3.119
POSCAR_Fe2Tl3_1_y950,3.079
POSCAR_Fe2Tl3_1_y975,3.09
POSCAR_Fe2Tl3_1_z025,3.111
POSCAR_Fe2Tl3_1_z050,3.126
POSCAR_Fe2Tl3_1_z950,3.081
POSCAR_Fe2Tl3_1_z975,3.089
POSCAR_Ga2Ru2_4,1.111
POSCAR_Ga2Ru2_4_st025,1.248
POSCAR_Ga2Ru2_4_x025,1.132
POSCAR_Ga2Ru2_4_x050,1.255
POSCAR_Ga2Ru2_4_x950,0.864
POSCAR_Ga2Ru2_4_x975,0.736
POSCAR_Ga2Ru2_4_y025,1.133
POSCAR_Ga2Ru2_4_y050,1.255
POSCAR_Ga2Ru2_4_y950,0.864
POSCAR_Ga2Ru2_4_y975,0.736
POSCAR_Ga2Ru2_4_z025,1.148
POSCAR_Ga2Ru2_4_z975,0.945
POSCAR_Ga4Ti2_1,0.002
POSCAR_Ga4Ti2_1_x050,0.003
POSCAR_Ga4Ti2_1_y050,0.002
POSCAR_Ga4Ti2_1_z025,0.001
POSCAR_Ge2Mn2_2,4.235
POSCAR_Ge2Mn2_2_st025,4.336
POSCAR_Ge2Mn2_2_st050,4.422
POSCAR_Ge2Mn2_2_st950,3.951
POSCAR_Ge2Mn2_2_st975,4.112
POSCAR_Ge2Mn2_2_x025,4.27
POSCAR_Ge2Mn2_2_x050,4.299
POSCAR_Ge2Mn2_2_x950,4.153
POSCAR_Ge2Mn2_2_x975,4.197
POSCAR_Ge2Mn2_2_y025,4.27
POSCAR_Ge2Mn2_2_y050,4.3
POSCAR_Ge2Mn2_2_y950,4.151
POSCAR_Ge2Mn2_2_y975,4.196
POSCAR_Ge2Mn2_2_z025,4.275
POSCAR_Ge2Mn2_2_z050,4.32
POSCAR_Ge2Mn2_2_z950,4.16
POSCAR_Ge2Mn2_2_z975,4.196
POSCAR_Ge2Mn2_3,4.303
POSCAR_Ge2Mn2_3_st025,4.38
POSCAR_Ge2Mn2_3_st050,4.444
POSCAR_Ge2Mn2_3_st975,4.206
POSCAR_Ge2Mn2_3_x025,4.34
POSCAR_Ge2Mn2_3_x050,4.372
POSCAR_Ge2Mn2_3_x950,4.218
POSCAR_Ge2Mn2_3_x975,4.264
POSCAR_Ge2Mn2_3_y025,4.337
POSCAR_Ge2Mn2_3_y050,4.369
POSCAR_Ge2Mn2_3_y950,4.217
POSCAR_Ge2Mn2_3_y975,4.262
POSCAR_Ge2Mn2_3_z025,4.313
POSCAR_Ge2Mn2_3_z050,4.321
POSCAR_Ge2Mn2_3_z975,4.29
POSCAR_Ge2Mo2_2,0.519
POSCAR_Ge2Mo2_2_st050,0.814
POSCAR_Ge2Mo2_2_st950,0.319
POSCAR_Ge2Mo2_2_st975,0.399
POSCAR_Ge2Mo2_2_x025,0.571
POSCAR_Ge2Mo2_2_x050,0.629
POSCAR_Ge2Mo2_2_x950,0.378
POSCAR_Ge2Mo2_2_x975,0.447
POSCAR_Ge2Mo2_2_y025,0.571
POSCAR_Ge2Mo2_2_y050,0.629
POSCAR_Ge2Mo2_2_y950,0.378
POSCAR_Ge2Mo2_2_y975,0.447
POSCAR_Ge2Mo2_2_z025,0.516
POSCAR_Ge2Mo2_2_z050,0.488
POSCAR_Ge2Mo2_2_z950,0.51
POSCAR_Ge2Mo2_2_z975,0.52
POSCAR_Ge2Ru2_2,1.008
POSCAR_Ge2Ru2_2_st025,1.359
POSCAR_Ge2Ru2_2_st050,1.609
POSCAR_Ge2Ru2_2_st950,0.148
POSCAR_Ge2Ru2_2_st975,0.734
POSCAR_Ge2Ru2_2_x025,1.101
POSCAR_Ge2Ru2_2_x050,1.262
POSCAR_Ge2Ru2_2_x950,0.782
POSCAR_Ge2Ru2_2_x975,0.935
POSCAR_Ge2Ru2_2_y025,1.101
POSCAR_Ge2Ru2_2_y050,1.261
POSCAR_Ge2Ru2_2_y950,0.838
POSCAR_Ge2Ru2_2_y975,0.93
POSCAR_Ge2Ru2_2_z025,1.086
POSCAR_Ge2Ru2_2_z050,1.247
POSCAR_Ge2Ru2_2_z950,0.775
POSCAR_Ge2Ru2_2_z975,0.838
POSCAR_Ge2V2_2,2.655
POSCAR_Ge2V2_2_st950,2.535
POSCAR_Ge2V2_2_x025,2.673
POSCAR_Ge2V2_2_x050,2.694
POSCAR_Ge2V2_2_x950,2.62
POSCAR_Ge2V2_2_x975,2.639
POSCAR_Ge2V2_2_y025,2.673
POSCAR_Ge2V2_2_y050,2.694
POSCAR_Ge2V2_2_y950,2.62
POSCAR_Ge2V2_2_y975,2.639
POSCAR_Ge2V2_2_z025,2.675
POSCAR_Ge2V2_2_z050,2.699
POSCAR_Ge2V2_2_z950,2.622
POSCAR_Ge2V2_2_z975,2.636
POSCAR_Ge2V2_3,2.664
POSCAR_Ge2V2_3_st025,2.7
POSCAR_Ge2V2_3_st050,2.73
POSCAR_Ge2V2_3_st950,2.569
POSCAR_Ge2V2_3_st975,2.622
POSCAR_Ge2V2_3_x025,2.682
POSCAR_Ge2V2_3_x050,2.7
POSCAR_Ge2V2_3_x950,2.616
POSCAR_Ge2V2_3_x975,2.641
POSCAR_Ge2V2_3_y025,2.683
POSCAR_Ge2V2_3_y050,2.7
POSCAR_Ge2V2_3_y950,2.616
POSCAR_Ge2V2_3_y975,2.64
POSCAR_Ge2V2_3_z025,2.663
POSCAR_Ge2V2_3_z050,2.661
POSCAR_Ge2V2_3_z950,2.672
POSCAR_Ge2V2_3_z975,2.668
POSCAR_Ge4V2_1,2.431
POSCAR_Ge4V2_1_st025,2.54
POSCAR_Ge4V2_1_st050,2.608
POSCAR_Ge4V2_1_st950,2.133
POSCAR_Ge4V2_1_st975,2.305
POSCAR_I4Mn2_1,4.588
POSCAR_I4Mn2_1_st025,4.618
POSCAR_I4Mn2_1_st050,4.643
POSCAR_I4Mn2_1_st950,4.508
POSCAR_I4Mn2_1_st975,4.552
POSCAR_I4Mn2_1_x025,4.601
POSCAR_I4Mn2_1_x050,4.612
POSCAR_I4Mn2_1_x950,4.559
POSCAR_I4Mn2_1_x975,4.575
POSCAR_I4Mn2_1_y025,4.598
POSCAR_I4Mn2_1_y050,4.607
POSCAR_I4Mn2_1_y950,4.568
POSCAR_I4Mn2_1_y975,4.578
POSCAR_I4Mn2_1_z025,4.598
POSCAR_I4Mn2_1_z050,4.607
POSCAR_I4Mn2_1_z950,4.568
POSCAR_I4Mn2_1_z975,4.578
POSCAR_I4Nb2_1,2.507
POSCAR_I4Nb2_1_st025,2.576
POSCAR_I4Nb2_1_st050,2.642
POSCAR_I4Nb2_1_st950,2.355
POSCAR_I4Nb2_1_st975,2.434
POSCAR_I4Nb2_1_x025,2.53
POSCAR_I4Nb2_1_x050,2.553
POSCAR_I4Nb2_1_x950,2.461
POSCAR_I4Nb2_1_x975,2.484
POSCAR_I4Nb2_1_y025,2.531
POSCAR_I4Nb2_1_y050,2.554
POSCAR_I4Nb2_1_y950,2.457
POSCAR_I4Nb2_1_y975,2.482
POSCAR_I4Nb2_1_z025,2.531
POSCAR_I4Nb2_1_z050,2.554
POSCAR_I4Nb2_1_z950,2.457
POSCAR_I4Nb2_1_z975,2.482
POSCAR_I4Ni2_1,1.697
POSCAR_I4Ni2_1_st025,1.731
POSCAR_I4Ni2_1_st050,1.756
POSCAR_I4Ni2_1_st950,1.583
POSCAR_I4Ni2_1_st975,1.65
POSCAR_I4Ni2_1_x025,1.709
POSCAR_I4Ni2_1_x050,1.718
POSCAR_I4Ni2_1_x950,1.664
POSCAR_I4Ni2_1_x975,1.682
POSCAR_I4Ni2_1_y025,1.71
POSCAR_I4Ni2_1_y050,1.72
POSCAR_I4Ni2_1_y950,1.662
POSCAR_I4Ni2_1_y975,1.681
POSCAR_I4Ni2_1_z025,1.708
POSCAR_I4Ni2_1_z050,1.717
POSCAR_I4Ni2_1_z950,1.665
POSCAR_I4Ni2_1_z975,1.683
POSCAR_I4Rh2_1,0.833
POSCAR_I4Rh2_1_x025,0.842
POSCAR_I4Rh2_1_x050,0.851
POSCAR_I4Rh2_1_x950,0.818
POSCAR_I4Rh2_1_x975,0.826
POSCAR_I4Rh2_1_y025,0.857
POSCAR_I4Rh2_1_y050,0.879
POSCAR_I4Rh2_1_y950,0.783
POSCAR_I4Rh2_1_y975,0.809
POSCAR_I4Rh2_1_z025,0.857
POSCAR_I4Rh2_1_z050,0.879
POSCAR_I4Rh2_1_z950,0.783
POSCAR_I4Rh2_1_z975,0.809
POSCAR_I4Ti2_1,1.663
POSCAR_I4Ti2_1_st025,1.687
POSCAR_I4Ti2_1_st050,1.706
POSCAR_I4Ti2_1_st975,1.635
POSCAR_I4Ti2_1_x025,1.672
POSCAR_I4Ti2_1_x050,1.68
POSCAR_I4Ti2_1_x950,1.643
POSCAR_I4Ti2_1_x975,1.654
POSCAR_I4Ti2_1_y025,1.671
POSCAR_I4Ti2_1_y050,1.678
POSCAR_I4Ti2_1_y950,1.646
POSCAR_I4Ti2_1_y975,1.655
POSCAR_I4Ti2_1_z025,1.671
POSCAR_I4Ti2_1_z050,1.678
POSCAR_I4Ti2_1_z950,1.646
POSCAR_I4Ti2_1_z975,1.655
POSCAR_I6Nb2_1,1.738
POSCAR_I6Nb2_1_st025,1.796
POSCAR_I6Nb2_1_st050,1.851
POSCAR_I6Nb2_1_st950,1.602
POSCAR_I6Nb2_1_st975,1.673
POSCAR_I6Nb2_1_x025,1.759
POSCAR_I6Nb2_1_x050,1.78
POSCAR_I6Nb2_1_x950,1.697
POSCAR_I6Nb2_1_x975,1.717
POSCAR_I6Nb2_1_y025,1.758
POSCAR_I6Nb2_1_y050,1.78
POSCAR_I6Nb2_1_y950,1.697
POSCAR_I6Nb2_1_y975,1.717
POSCAR_I6Nb2_1_z025,1.757
POSCAR_I6Nb2_1_z050,1.777
POSCAR_I6Nb2_1_z950,1.697
POSCAR_I6Nb2_1_z975,1.718
POSCAR_In6Mo2_1,3.552
POSCAR_In6Mo2_1_x950,3.464
POSCAR_In6Mo2_1_x975,3.511
POSCAR_In6Mo2_1_y025,3.594
POSCAR_In6Mo2_1_y050,3.633
POSCAR_In6Mo2_1_z025,3.593
POSCAR_In6Mo2_1_z050,3.63
POSCAR_In8Mn2_3,4.441
POSCAR_In8Mn2_3_st025,4.504
POSCAR_In8Mn2_3_st050,4.557
POSCAR_In8Mn2_3_st950,4.258
POSCAR_In8Mn2_3_st975,4.36
POSCAR_In8Mn2_3_x025,4.46
POSCAR_In8Mn2_3_x050,4.479
POSCAR_In8Mn2_3_x950,4.393
POSCAR_In8Mn2_3_x975,4.418
POSCAR_In8Mn2_3_y025,4.46
POSCAR_In8Mn2_3_y050,4.478
POSCAR_In8Mn2_3_y950,4.393
POSCAR_In8Mn2_3_y975,4.418
POSCAR_In8Mn2_3_z025,4.469
POSCAR_In8Mn2_3_z050,4.491
POSCAR_In8Mn2_3_z950,4.376
POSCAR_In8Mn2_3_z975,4.414
POSCAR_Mn2N2_2,3.971
POSCAR_Mn2N2_2_st025,4.075
POSCAR_Mn2N2_2_st050,4.166
POSCAR_Mn2N2_2_st950,3.723
POSCAR_Mn2N2_2_st975,3.856
POSCAR_Mn2N2_2_x025,4.007
POSCAR_Mn2N2_2_x050,4.04
POSCAR_Mn2N2_2_x950,3.89
POSCAR_Mn2N2_2_x975,3.933
POSCAR_Mn2N2_2_y025,4.007
POSCAR_Mn2N2_2_y050,4.04
POSCAR_Mn2N2_2_y950,3.89
POSCAR_Mn2N2_2_y975,3.932
POSCAR_Mn2N2_2_z025,4.005
POSCAR_Mn2N2_2_z050,4.035
POSCAR_Mn2N2_2_z950,3.895
POSCAR_Mn2N2_2_z975,3.936
POSCAR_Mn2N2_3,3.78
POSCAR_Mn2N2_3_st025,3.882
POSCAR_Mn2N2_3_st050,3.986
POSCAR_Mn2N2_3_st950,3.572
POSCAR_Mn2N2_3_st975,3.678
POSCAR_Mn2N2_3_x025,3.801
POSCAR_Mn2N2_3_x975,3.756
POSCAR_Mn2N2_3_y025,3.828
POSCAR_Mn2N2_3_y975,3.734
POSCAR_Mn2N2_3_z025,3.813
POSCAR_Mn2N2_3_z050,3.847
POSCAR_Mn2N2_3_z950,3.713
POSCAR_Mn2N2_3_z975,3.747
POSCAR_Mn2N2_7,3.915
POSCAR_Mn2N2_7_st025,4.03
POSCAR_Mn2N2_7_st050,4.132
POSCAR_Mn2N2_7_st950,3.633
POSCAR_Mn2N2_7_st975,3.784
POSCAR_Mn2N2_7_x025,3.953
POSCAR_Mn2N2_7_x050,3.988
POSCAR_Mn2N2_7_x950,3.828
POSCAR_Mn2N2_7_x975,3.874
POSCAR_Mn2N2_7_y025,3.952
POSCAR_Mn2N2_7_y050,3.987
POSCAR_Mn2N2_7_y950,3.831
POSCAR_Mn2N2_7_y975,3.875
POSCAR_Mn2N2_7_z025,3.957
POSCAR_Mn2N2_7_z050,3.993
POSCAR_Mn2N2_7_z950,3.812
POSCAR_Mn2N2_7_z975,3.868
POSCAR_Mn2O2_5,4.568
POSCAR_Mn2O2_5_st025,4.594
POSCAR_Mn2O2_5_st050,4.617
POSCAR_Mn2O2_5_st950,4.495
POSCAR_Mn2O2_5_st975,4.535
POSCAR_Mn2O2_5_x025,4.575
POSCAR_Mn2O2_5_x050,4.582
POSCAR_Mn2O2_5_x950,4.547
POSCAR_Mn2O2_5_x975,4.558
POSCAR_Mn2O2_5_y025,4.575
POSCAR_Mn2O2_5_y050,4.582
POSCAR_Mn2O2_5_y950,4.547
POSCAR_Mn2O2_5_y975,4.558
POSCAR_Mn2O2_5_z025,4.579
POSCAR_Mn2O2_5_z050,4.588
POSCAR_Mn2O2_5_z950,4.538
POSCAR_Mn2O2_5_z975,4.554
POSCAR_Mn2O2_6,4.543
POSCAR_Mn2O2_6_st025,4.572
POSCAR_Mn2O2_6_st050,4.596
POSCAR_Mn2O2_6_st950,4.464
POSCAR_Mn2O2_6_st975,4.508
POSCAR_Mn2O2_6_x025,4.55
POSCAR_Mn2O2_6_x050,4.555
POSCAR_Mn2O2_6_x950,4.524
POSCAR_Mn2O2_6_x975,4.535
POSCAR_Mn2O2_6_y025,4.553
POSCAR_Mn2O2_6_y050,4.562
POSCAR_Mn2O2_6_y950,4.518
POSCAR_Mn2O2_6_y975,4.531
POSCAR_Mn2O2_6_z025,4.555
POSCAR_Mn2O2_6_z050,4.565
POSCAR_Mn2O2_6_z950,4.51
POSCAR_Mn2O2_6_z975,4.528
POSCAR_Mn2O2_7,4.539
POSCAR_Mn2O2_7_st025,4.572
POSCAR_Mn2O2_7_st050,4.599
POSCAR_Mn2O2_7_st950,4.448
POSCAR_Mn2O2_7_st975,4.498
POSCAR_Mn2O2_7_x025,4.548
POSCAR_Mn2O2_7_x050,4.556
POSCAR_Mn2O2_7_x950,4.516
POSCAR_Mn2O2_7_x975,4.528
POSCAR_Mn2O2_7_y025,4.548
POSCAR_Mn2O2_7_y050,4.556
POSCAR_Mn2O2_7_y950,4.516
POSCAR_Mn2O2_7_y975,4.528
POSCAR_Mn2O2_7_z025,4.554
POSCAR_Mn2O2_7_z050,4.567
POSCAR_Mn2O2_7_z950,4.499
POSCAR_Mn2O2_7_z975,4.521
POSCAR_Mn2O3_1,3.826
POSCAR_Mn2O3_1_st025,3.9
POSCAR_Mn2O3_1_st050,3.983
POSCAR_Mn2O3_1_st950,3.686
POSCAR_Mn2O3_1_st975,3.755
POSCAR_Mn2O3_1_x025,3.845
POSCAR_Mn2O3_1_x050,3.863
POSCAR_Mn2O3_1_x950,3.785
POSCAR_Mn2O3_1_x975,3.806
POSCAR_Mn2O3_1_y025,3.855
POSCAR_Mn2O3_1_y050,3.883
POSCAR_Mn2O3_1_y950,3.767
POSCAR_Mn2O3_1_y975,3.797
POSCAR_Mn2O3_1_z025,3.849
POSCAR_Mn2O3_1_z050,3.873
POSCAR_Mn2O3_1_z950,3.777
POSCAR_Mn2O3_1_z975,3.802
POSCAR_Mn2O4_1,3.043
POSCAR_Mn2O4_1_st025,3.179
POSCAR_Mn2O4_1_st050,3.349
POSCAR_Mn2O4_1_st950,2.827
POSCAR_Mn2O4_1_st975,2.928
POSCAR_Mn2O4_1_x025,3.102
POSCAR_Mn2O4_1_x050,3.164
POSCAR_Mn2O4_1_x950,2.933
POSCAR_Mn2O4_1_x975,2.987
POSCAR_Mn2O4_1_y025,3.078
POSCAR_Mn2O4_1_y050,3.117
POSCAR_Mn2O4_1_y950,2.981
POSCAR_Mn2O4_1_y975,3.011
POSCAR_Mn2O4_1_z025,3.078
POSCAR_Mn2O4_1_z050,3.116
POSCAR_Mn2O4_1_z950,2.981
POSCAR_Mn2O4_1_z975,3.011
POSCAR_Mn2P2_4,4.069
POSCAR_Mn2P2_4_st025,4.168
POSCAR_Mn2P2_4_st050,4.258
POSCAR_Mn2P2_4_st975,3.953
POSCAR_Mn2P2_4_x025,4.105
POSCAR_Mn2P2_4_x050,4.14
POSCAR_Mn2P2_4_x950,3.99
POSCAR_Mn2P2_4_x975,4.032
POSCAR_Mn2P2_4_y025,4.105
POSCAR_Mn2P2_4_y050,4.141
POSCAR_Mn2P2_4_y950,3.991
POSCAR_Mn2P2_4_y975,4.032
POSCAR_Mn2P2_4_z025,4.102
POSCAR_Mn2P2_4_z050,4.14
POSCAR_Mn2P2_4_z950,3.993
POSCAR_Mn2P2_4_z975,4.031
POSCAR_Mn2Pb4_2,4.517
POSCAR_Mn2Pb4_2_st025,4.565
POSCAR_Mn2Pb4_2_st050,4.605
POSCAR_Mn2Pb4_2_st950,4.38
POSCAR_Mn2Pb4_2_st975,4.456
POSCAR_Mn2Pb4_2_x025,4.533
POSCAR_Mn2Pb4_2_x050,4.549
POSCAR_Mn2Pb4_2_x950,4.475
POSCAR_Mn2Pb4_2_x975,4.498
POSCAR_Mn2Pb4_2_y025,4.532
POSCAR_Mn2Pb4_2_y050,4.545
POSCAR_Mn2Pb4_2_y950,4.476
POSCAR_Mn2Pb4_2_y975,4.497
POSCAR_Mn2Pb4_2_z025,4.534
POSCAR_Mn2Pb4_2_z050,4.549
POSCAR_Mn2Pb4_2_z950,4.474
POSCAR_Mn2Pb4_2_z975,4.496
POSCAR_Mn2Pb8_1,4.484
POSCAR_Mn2Pb8_1_st050,4.583
POSCAR_Mn2Pb8_1_st975,4.418
POSCAR_Mn2Pb8_1_x025,4.503
POSCAR_Mn2Pb8_1_x050,4.52
POSCAR_Mn2Pb8_1_x950,4.444
POSCAR_Mn2Pb8_1_y025,4.503
POSCAR_Mn2Pb8_1_y050,4.519
POSCAR_Mn2Pb8_1_y950,4.446
POSCAR_Mn2Pb8_1_y975,4.466
POSCAR_Mn2Pb8_1_z025,4.507
POSCAR_Mn2Pb8_1_z050,4.526
POSCAR_Mn2Pb8_1_z950,4.435
POSCAR_Mn2Pb8_1_z975,4.461
POSCAR_Mn2Pb8_2,4.574
POSCAR_Mn2Pb8_2_st025,4.615
POSCAR_Mn2Pb8_2_st050,4.647
POSCAR_Mn2Pb8_2_st950,4.462
POSCAR_Mn2Pb8_2_st975,4.524
POSCAR_Mn2Pb8_2_x025,4.592
POSCAR_Mn2Pb8_2_x050,4.608
POSCAR_Mn2Pb8_2_x950,4.533
POSCAR_Mn2Pb8_2_x975,4.554
POSCAR_Mn2Pb8_2_y025,4.584
POSCAR_Mn2Pb8_2_y050,4.595
POSCAR_Mn2Pb8_2_y950,4.548
POSCAR_Mn2Pb8_2_y975,4.562
POSCAR_Mn2Pb8_2_z025,4.588
POSCAR_Mn2Pb8_2_z050,4.6
POSCAR_Mn2Pb8_2_z950,4.543
POSCAR_Mn2Pb8_2_z975,4.559
POSCAR_Mn2Pb8_3,4.47
POSCAR_Mn2Pb8_3_st025,4.524
POSCAR_Mn2Pb8_3_st050,4.569
POSCAR_Mn2Pb8_3_st950,4.321
POSCAR_Mn2Pb8_3_st975,4.405
POSCAR_Mn2Pb8_3_x025,4.489
POSCAR_Mn2Pb8_3_x050,4.507
POSCAR_Mn2Pb8_3_x950,4.427
POSCAR_Mn2Pb8_3_x975,4.45
POSCAR_Mn2Pb8_3_y025,4.488
POSCAR_Mn2Pb8_3_y050,4.507
POSCAR_Mn2Pb8_3_y950,4.426
POSCAR_Mn2Pb8_3_y975,4.45
POSCAR_Mn2Pb8_3_z025,4.488
POSCAR_Mn2Pb8_3_z050,4.51
POSCAR_Mn2Pb8_3_z950,4.425
POSCAR_Mn2Pb8_3_z975,4.45
POSCAR_Mn2S2_1,4.511
POSCAR_Mn2S2_1_st025,4.552
POSCAR_Mn2S2_1_st050,4.585
POSCAR_Mn2S2_1_st950,4.392
POSCAR_Mn2S2_1_st975,4.459
POSCAR_Mn2S2_1_x025,4.525
POSCAR_Mn2S2_1_x050,4.536
POSCAR_Mn2S2_1_x950,4.477
POSCAR_Mn2S2_1_x975,4.495
POSCAR_Mn2S2_1_y025,4.525
POSCAR_Mn2S2_1_y050,4.537
POSCAR_Mn2S2_1_y950,4.477
POSCAR_Mn2S2_1_y975,4.495
POSCAR_Mn2S2_1_z025,4.527
POSCAR_Mn2S2_1_z050,4.54
POSCAR_Mn2S2_1_z950,4.473
POSCAR_Mn2S2_1_z975,4.493
POSCAR_Mn2S2_2,4.549
POSCAR_Mn2S2_2_st025,4.583
POSCAR_Mn2S2_2_st050,4.611
POSCAR_Mn2S2_2_st950,4.455
POSCAR_Mn2S2_2_st975,4.507
POSCAR_Mn2S2_2_x025,4.559
POSCAR_Mn2S2_2_x050,4.567
POSCAR_Mn2S2_2_x950,4.524
POSCAR_Mn2S2_2_x975,4.537
POSCAR_Mn2S2_2_y025,4.559
POSCAR_Mn2S2_2_y050,4.567
POSCAR_Mn2S2_2_y950,4.524
POSCAR_Mn2S2_2_y975,4.538
POSCAR_Mn2S2_2_z025,4.564
POSCAR_Mn2S2_2_z050,4.577
POSCAR_Mn2S2_2_z950,4.51
POSCAR_Mn2S2_2_z975,4.531
POSCAR_Mn2S4_1,4.526
POSCAR_Mn2S4_1_st025,4.566
POSCAR_Mn2S4_1_st050,4.598
POSCAR_Mn2S4_1_st950,4.408
POSCAR_Mn2S4_1_st975,4.475
POSCAR_Mn2S4_1_x025,4.54
POSCAR_Mn2S4_1_x050,4.554
POSCAR_Mn2S4_1_x950,4.49
POSCAR_Mn2S4_1_x975,4.509
POSCAR_Mn2S4_1_y025,4.537
POSCAR_Mn2S4_1_y050,4.548
POSCAR_Mn2S4_1_y950,4.498
POSCAR_Mn2S4_1_y975,4.512
POSCAR_Mn2S4_1_z025,4.541
POSCAR_Mn2S4_1_z050,4.554
POSCAR_Mn2S4_1_z950,4.486
POSCAR_Mn2S4_1_z975,4.507
POSCAR_Mn2Sb4_1,4.401
POSCAR_Mn2Sb4_1_st025,4.464
POSCAR_Mn2Sb4_1_st050,4.514
POSCAR_Mn2Sb4_1_st950,4.219
POSCAR_Mn2Sb4_1_st975,4.322
POSCAR_Mn2Sb4_1_x025,4.413
POSCAR_Mn2Sb4_1_x050,4.428
POSCAR_Mn2Sb4_1_x950,4.369
POSCAR_Mn2Sb4_1_x975,4.388
POSCAR_Mn2Sb4_1_y025,4.426
POSCAR_Mn2Sb4_1_y050,4.45
POSCAR_Mn2Sb4_1_y950,4.333
POSCAR_Mn2Sb4_1_y975,4.369
POSCAR_Mn2Sb4_1_z025,4.427
POSCAR_Mn2Sb4_1_z050,4.446
POSCAR_Mn2Sb4_1_z950,4.34
POSCAR_Mn2Sb4_1_z975,4.372
POSCAR_Mn2Sb6_1,4.38
POSCAR_Mn2Sb6_1_x950,4.329
POSCAR_Mn2Sb6_1_y050,4.438
POSCAR_Mn2Sb6_1_z025,4.405
POSCAR_Mn2Sb6_1_z050,4.431
POSCAR_Mn2Sb6_1_z975,4.353
POSCAR_Mn2Se2_1,4.568
POSCAR_Mn2Se2_1_st025,4.598
POSCAR_Mn2Se2_1_st050,4.623
POSCAR_Mn2Se2_1_st950,4.486
POSCAR_Mn2Se2_1_st975,4.531
POSCAR_Mn2Se2_1_x025,4.577
POSCAR_Mn2Se2_1_x050,4.584
POSCAR_Mn2Se2_1_x950,4.546
POSCAR_Mn2Se2_1_x975,4.558
POSCAR_Mn2Se2_1_y025,4.577
POSCAR_Mn2Se2_1_y050,4.584
POSCAR_Mn2Se2_1_y950,4.546
POSCAR_Mn2Se2_1_y975,4.558
POSCAR_Mn2Se2_1_z025,4.581
POSCAR_Mn2Se2_1_z050,4.593
POSCAR_Mn2Se2_1_z950,4.534
POSCAR_Mn2Se2_1_z975,4.552
POSCAR_Mn2Se2_2,4.522
POSCAR_Mn2Se2_2_st025,4.56
POSCAR_Mn2Se2_2_st050,4.592
POSCAR_Mn2Se2_2_st950,4.417
POSCAR_Mn2Se2_2_st975,4.476
POSCAR_Mn2Se2_2_x025,4.535
POSCAR_Mn2Se2_2_x050,4.546
POSCAR_Mn2Se2_2_x950,4.492
POSCAR_Mn2Se2_2_x975,4.508
POSCAR_Mn2Se2_2_y025,4.535
POSCAR_Mn2Se2_2_y050,4.546
POSCAR_Mn2Se2_2_y950,4.492
POSCAR_Mn2Se2_2_y975,4.508
POSCAR_Mn2Se2_2_z025,4.537
POSCAR_Mn2Se2_2_z050,4.55
POSCAR_Mn2Se2_2_z950,4.488
POSCAR_Mn2Se2_2_z975,4.506
POSCAR_Mn2Se2_3,4.531
POSCAR_Mn2Se2_3_st025,4.568
POSCAR_Mn2Se2_3_st050,4.599
POSCAR_Mn2Se2_3_st950,4.427
POSCAR_Mn2Se2_3_st975,4.485
POSCAR_Mn2Se2_3_x025,4.545
POSCAR_Mn2Se2_3_x050,4.558
POSCAR_Mn2Se2_3_x950,4.496
POSCAR_Mn2Se2_3_x975,4.515
POSCAR_Mn2Se2_3_y025,4.541
POSCAR_Mn2Se2_3_y050,4.55
POSCAR_Mn2Se2_3_y950,4.507
POSCAR_Mn2Se2_3_y975,4.52
POSCAR_Mn2Se2_3_z025,4.546
POSCAR_Mn2Se2_3_z050,4.559
POSCAR_Mn2Se2_3_z950,4.496
POSCAR_Mn2Se2_3_z975,4.515
POSCAR_Mn2Se4_1,4.527
POSCAR_Mn2Se4_1_st025,4.565
POSCAR_Mn2Se4_1_st050,4.597
POSCAR_Mn2Se4_1_st950,4.417
POSCAR_Mn2Se4_1_st975,4.479
POSCAR_Mn2Se4_1_x025,4.541
POSCAR_Mn2Se4_1_x050,4.555
POSCAR_Mn2Se4_1_x950,4.489
POSCAR_Mn2Se4_1_x975,4.509
POSCAR_Mn2Se4_1_y025,4.537
POSCAR_Mn2Se4_1_y050,4.546
POSCAR_Mn2Se4_1_y950,4.502
POSCAR_Mn2Se4_1_y975,4.515
POSCAR_Mn2Se4_1_z025,4.541
POSCAR_Mn2Se4_1_z050,4.554
POSCAR_Mn2Se4_1_z950,4.49
POSCAR_Mn2Se4_1_z975,4.509
POSCAR_Mn2Sn3_1,4.402
POSCAR_Mn2Sn3_1_st025,4.468
POSCAR_Mn2Sn3_1_st050,4.523
POSCAR_Mn2Sn3_1_st950,4.215
POSCAR_Mn2Sn3_1_x025,4.422
POSCAR_Mn2Sn3_1_x050,4.439
POSCAR_Mn2Sn3_1_x950,4.349
POSCAR_Mn2Sn3_1_x975,4.376
POSCAR_Mn2Sn3_1_y025,4.422
POSCAR_Mn2Sn3_1_y050,4.439
POSCAR_Mn2Sn3_1_y950,4.349
POSCAR_Mn2Sn3_1_y975,4.376
POSCAR_Mn2Sn3_1_z025,4.431
POSCAR_Mn2Sn3_1_z050,4.455
POSCAR_Mn2Sn3_1_z950,4.33
POSCAR_Mn2Sn3_1_z975,4.368
POSCAR_Mn2Te2_1,4.515
POSCAR_Mn2Te2_1_st025,4.555
POSCAR_Mn2Te2_1_st050,4.589
POSCAR_Mn2Te2_1_st950,4.402
POSCAR_Mn2Te2_1_st975,4.465
POSCAR_Mn2Te2_1_x025,4.528
POSCAR_Mn2Te2_1_x050,4.54
POSCAR_Mn2Te2_1_x950,4.482
POSCAR_Mn2Te2_1_x975,4.499
POSCAR_Mn2Te2_1_y025,4.528
POSCAR_Mn2Te2_1_y050,4.54
POSCAR_Mn2Te2_1_y950,4.482
POSCAR_Mn2Te2_1_y975,4.499
POSCAR_Mn2Te2_1_z025,4.53
POSCAR_Mn2Te2_1_z050,4.544
POSCAR_Mn2Te2_1_z950,4.477
POSCAR_Mn2Te2_1_z975,4.497
POSCAR_Mn2Te3_1,4.458
POSCAR_Mn2Te3_1_st050,4.553
POSCAR_Mn2Te3_1_x025,4.474
POSCAR_Mn2Te3_1_x050,4.489
POSCAR_Mn2Te3_1_x950,4.42
POSCAR_Mn2Te3_1_x975,4.44
POSCAR_Mn2Te3_1_y025,4.474
POSCAR_Mn2Te3_1_y050,4.489
POSCAR_Mn2Te3_1_y950,4.42
POSCAR_Mn2Te3_1_y975,4.44
POSCAR_Mn2Te3_1_z025,4.479
POSCAR_Mn2Te3_1_z050,4.496
POSCAR_Mn2Te3_1_z975,4.432
POSCAR_Mn2Te4_1,4.513
POSCAR_Mn2Te4_1_st025,4.556
POSCAR_Mn2Te4_1_st050,4.591
POSCAR_Mn2Te4_1_st950,4.39
POSCAR_Mn2Te4_1_st975,4.46
POSCAR_Mn2Te4_1_x025,4.53
POSCAR_Mn2Te4_1_x050,4.545
POSCAR_Mn2Te4_1_x950,4.471
POSCAR_Mn2Te4_1_x975,4.495
POSCAR_Mn2Te4_1_y025,4.526
POSCAR_Mn2Te4_1_y050,4.536
POSCAR_Mn2Te4_1_y950,4.486
POSCAR_Mn2Te4_1_y975,4.5
POSCAR_Mn2Te4_1_z025,4.53
POSCAR_Mn2Te4_1_z050,4.544
POSCAR_Mn2Te4_1_z950,4.474
POSCAR_Mn2Te4_1_z975,4.495
POSCAR_Mn2Te8_1,4.478
POSCAR_Mn2Te8_1_st025,4.528
POSCAR_Mn2Te8_1_st950,4.335
POSCAR_Mn2Te8_1_st975,4.415
POSCAR_Mn2Te8_1_x025,4.497
POSCAR_Mn2Te8_1_x050,4.512
POSCAR_Mn2Te8_1_x950,4.432
POSCAR_Mn2Te8_1_x975,4.458
POSCAR_Mn2Te8_1_y025,4.494
POSCAR_Mn2Te8_1_y050,4.508
POSCAR_Mn2Te8_1_y950,4.441
POSCAR_Mn2Te8_1_y975,4.461
POSCAR_Mn2Te8_1_z025,4.498
POSCAR_Mn2Te8_1_z050,4.516
POSCAR_Mn2Te8_1_z950,4.436
POSCAR_Mn2Te8_1_z975,4.457
POSCAR_Mn2Te8_2,4.478
POSCAR_Mn2Te8_2_st025,4.528
POSCAR_Mn2Te8_2_st050,4.57
POSCAR_Mn2Te8_2_st950,4.343
POSCAR_Mn2Te8_2_st975,4.418
POSCAR_Mn2Te8_2_x025,4.492
POSCAR_Mn2Te8_2_x050,4.505
POSCAR_Mn2Te8_2_x950,4.448
POSCAR_Mn2Te8_2_x975,4.463
POSCAR_Mn2Te8_2_y025,4.492
POSCAR_Mn2Te8_2_y050,4.506
POSCAR_Mn2Te8_2_y950,4.448
POSCAR_Mn2Te8_2_y975,4.464
POSCAR_Mn2Te8_2_z025,4.503
POSCAR_Mn2Te8_2_z050,4.525
POSCAR_Mn2Te8_2_z950,4.421
POSCAR_Mn2Te8_2_z975,4.451
POSCAR_Mn2Te8_3,4.437
POSCAR_Mn2Te8_3_st025,4.493
POSCAR_Mn2Te8_3_st050,4.539
POSCAR_Mn2Te8_3_st950,4.285
POSCAR_Mn2Te8_3_st975,4.369
POSCAR_Mn2Te8_3_x025,4.454
POSCAR_Mn2Te8_3_x050,4.47
POSCAR_Mn2Te8_3_x975,4.416
POSCAR_Mn2Te8_3_y025,4.454
POSCAR_Mn2Te8_3_z025,4.458
POSCAR_Mn2Te8_3_z950,4.386
POSCAR_Mn2Te8_3_z975,4.413
POSCAR_Mn2Tl13_1,4.523
POSCAR_Mn2Tl13_1_st025,4.572
POSCAR_Mn2Tl13_1_st050,4.612
POSCAR_Mn2Tl13_1_st975,4.464
POSCAR_Mn2Tl13_1_x025,4.544
POSCAR_Mn2Tl13_1_x950,4.479
POSCAR_Mn2Tl13_1_x975,4.502
POSCAR_Mn2Tl13_1_y025,4.54
POSCAR_Mn2Tl13_1_y050,4.553
POSCAR_Mn2Tl13_1_y950,4.489
POSCAR_Mn2Tl13_1_y975,4.507
POSCAR_Mn2Tl13_1_z025,4.541
POSCAR_Mn2Tl13_1_z050,4.556
POSCAR_Mn2Tl13_1_z950,4.488
POSCAR_Mn2Tl13_1_z975,4.506
POSCAR_Mo2N2_2,1.666
POSCAR_Mo2N2_2_st050,2.416
POSCAR_Mo2N2_2_x025,2.155
POSCAR_Mo2N2_2_x050,2.23
POSCAR_Mo2N2_2_x950,1.338
POSCAR_Mo2N2_2_y025,2.155
POSCAR_Mo2N2_2_y050,2.231
POSCAR_Mo2N2_2_y950,1.335
POSCAR_Mo2N2_2_z975,1.564
POSCAR_Mo2N2_4,1.668
POSCAR_Mo2N2_4_st025,1.876
POSCAR_Mo2N2_4_st050,2.102
POSCAR_Mo2N2_4_st975,1.429
POSCAR_Mo2N2_4_x025,1.712
POSCAR_Mo2N2_4_x050,1.764
POSCAR_Mo2N2_4_x950,1.526
POSCAR_Mo2N2_4_x975,1.581
POSCAR_Mo2N2_4_y025,1.712
POSCAR_Mo2N2_4_y050,1.764
POSCAR_Mo2N2_4_y950,1.528
POSCAR_Mo2N2_4_y975,1.582
POSCAR_Mo2N2_4_z025,1.752
POSCAR_Mo2N2_4_z050,1.832
POSCAR_Mo2N2_4_z950,1.468
POSCAR_Mo2N2_4_z975,1.573
POSCAR_Mo2O3_1,2.402
POSCAR_Mo2O3_1_st025,2.473
POSCAR_Mo2O3_1_st050,2.535
POSCAR_Mo2O3_1_st950,2.221
POSCAR_Mo2O3_1_st975,2.319
POSCAR_Mo2O3_1_x025,2.409
POSCAR_Mo2O3_1_x050,2.415
POSCAR_Mo2O3_1_x950,2.381
POSCAR_Mo2O3_1_x975,2.393
POSCAR_Mo2O3_1_y025,2.436
POSCAR_Mo2O3_1_y050,2.467
POSCAR_Mo2O3_1_y950,2.324
POSCAR_Mo2O3_1_y975,2.365
POSCAR_Mo2O3_1_z025,2.434
POSCAR_Mo2O3_1_z050,2.462
POSCAR_Mo2O3_1_z950,2.329
POSCAR_Mo2O3_1_z975,2.367
POSCAR_Mo2O4_2,1.766
POSCAR_Mo2O4_2_st025,1.806
POSCAR_Mo2O4_2_st050,1.848
POSCAR_Mo2O4_2_st950,1.683
POSCAR_Mo2O4_2_st975,1.726
POSCAR_Mo2O4_2_x025,1.778
POSCAR_Mo2O4_2_x050,1.79
POSCAR_Mo2O4_2_x950,1.736
POSCAR_Mo2O4_2_x975,1.752
POSCAR_Mo2O4_2_y025,1.779
POSCAR_Mo2O4_2_y050,1.792
POSCAR_Mo2O4_2_y950,1.738
POSCAR_Mo2O4_2_y975,1.752
POSCAR_Mo2O4_2_z025,1.779
POSCAR_Mo2O4_2_z050,1.792
POSCAR_Mo2O4_2_z950,1.739
POSCAR_Mo2O4_2_z975,1.753
POSCAR_Mo2P4_4,1.308
POSCAR_Mo2P4_4_st950,0.907
POSCAR_Mo2P4_4_st975,1.07
POSCAR_Mo2P4_4_x050,1.775
POSCAR_Mo2P4_4_x950,0.71
POSCAR_Mo2P4_4_x975,1.121
POSCAR_Mo2P4_4_y025,1.373
POSCAR_Mo2P4_4_y050,1.001
POSCAR_Mo2P4_4_y950,1.141
POSCAR_Mo2P4_4_y975,1.199
POSCAR_Mo2P4_4_z025,1.357
POSCAR_Mo2P4_4_z050,1.412
POSCAR_Mo2P4_4_z975,1.227
POSCAR_Mo2P8_1,1.26
POSCAR_Mo2P8_1_st025,1.631
POSCAR_Mo2P8_1_st050,1.865
POSCAR_Mo2P8_1_st950,0.689
POSCAR_Mo2P8_1_st975,0.954
POSCAR_Mo2P8_1_x025,1.447
POSCAR_Mo2P8_1_x050,1.612
POSCAR_Mo2P8_1_x950,0.948
POSCAR_Mo2P8_1_x975,1.101
POSCAR_Mo2P8_1_y025,1.335
POSCAR_Mo2P8_1_y975,1.197
POSCAR_Mo2P8_1_z025,1.344
POSCAR_Mo2P8_1_z975,1.198
POSCAR_Mo2Sb2_2,2.733
POSCAR_Mo2Sb2_2_st025,2.89
POSCAR_Mo2Sb2_2_st050,3.042
POSCAR_Mo2Sb2_2_st950,2.37
POSCAR_Mo2Sb2_2_st975,2.561
POSCAR_Mo2Sb2_2_x025,2.78
POSCAR_Mo2Sb2_2_x050,2.826
POSCAR_Mo2Sb2_2_x950,2.626
POSCAR_Mo2Sb2_2_x975,2.682
POSCAR_Mo2Sb2_2_y025,2.781
POSCAR_Mo2Sb2_2_y050,2.826
POSCAR_Mo2Sb2_2_y950,2.624
POSCAR_Mo2Sb2_2_y975,2.681
POSCAR_Mo2Sb2_2_z025,2.794
POSCAR_Mo2Sb2_2_z050,2.849
POSCAR_Mo2Sb2_2_z950,2.587
POSCAR_Mo2Sb2_2_z975,2.664
POSCAR_Mo2Se2_1,3.272
POSCAR_Mo2Se2_1_st025,3.344
POSCAR_Mo2Se2_1_st050,3.406
POSCAR_Mo2Se2_1_st950,3.078
POSCAR_Mo2Se2_1_st975,3.185
POSCAR_Mo2Se2_1_x025,3.292
POSCAR_Mo2Se2_1_x050,3.311
POSCAR_Mo2Se2_1_x950,3.224
POSCAR_Mo2Se2_1_y025,3.29
POSCAR_Mo2Se2_1_y050,3.306
POSCAR_Mo2Se2_1_y950,3.228
POSCAR_Mo2Se2_1_y975,3.251
POSCAR_Mo2Se2_1_z025,3.308
POSCAR_Mo2Se2_1_z050,3.34
POSCAR_Mo2Se2_1_z950,3.186
POSCAR_Mo2Se2_1_z975,3.231
POSCAR_Mo2Sn4_1,1.578
POSCAR_Mo2Sn4_1_x025,1.932
POSCAR_Mo2Sn4_1_x050,2.191
POSCAR_Mo2Sn4_1_x950,0.702
POSCAR_Mo2Sn4_1_y050,2.138
POSCAR_Mo2Sn4_1_y950,0.887
POSCAR_Mo2Sn4_1_z025,1.932
POSCAR_Mo2Sn4_1_z050,2.189
POSCAR_Mo2Sn4_1_z950,0.749
POSCAR_Mo2Sn4_1_z975,1.072
POSCAR_Mo2Sn5_1,2.447
POSCAR_Mo2Sn5_1_st025,2.827
POSCAR_Mo2Sn5_1_st050,3.121
POSCAR_Mo2Sn5_1_st975,2
POSCAR_Mo2Sn5_1_x025,2.625
POSCAR_Mo2Sn5_1_x050,2.773
POSCAR_Mo2Sn5_1_x975,2.259
POSCAR_Mo2Sn5_1_y025,2.59
POSCAR_Mo2Sn5_1_y050,2.72
POSCAR_Mo2Sn5_1_y975,2.318
POSCAR_Mo2Sn5_1_z025,2.545
POSCAR_Mo2Sn5_1_z050,2.648
POSCAR_Mo2Sn5_1_z975,2.356
POSCAR_Mo2Te2_1,3.294
POSCAR_Mo2Te2_1_st025,3.374
POSCAR_Mo2Te2_1_st050,3.443
POSCAR_Mo2Te2_1_st950,3.076
POSCAR_Mo2Te2_1_st975,3.197
POSCAR_Mo2Te2_1_x025,3.313
POSCAR_Mo2Te2_1_x950,3.244
POSCAR_Mo2Te2_1_x975,3.271
POSCAR_Mo2Te2_1_y025,3.321
POSCAR_Mo2Te2_1_y050,3.348
POSCAR_Mo2Te2_1_y950,3.233
POSCAR_Mo2Te2_1_y975,3.265
POSCAR_Mo2Te2_1_z025,3.33
POSCAR_Mo2Te2_1_z050,3.363
POSCAR_Mo2Te2_1_z950,3.207
POSCAR_Mo2Te2_1_z975,3.253
POSCAR_N2V2_1,1.237
POSCAR_N2V2_1_st025,1.448
POSCAR_N2V2_1_st050,1.66
POSCAR_N2V2_1_st975,0.842
POSCAR_N2V2_1_x025,1.299
POSCAR_N2V2_1_x050,1.354
POSCAR_N2V2_1_x950,1.026
POSCAR_N2V2_1_x975,1.151
POSCAR_N2V2_1_y025,1.318
POSCAR_N2V2_1_y050,1.396
POSCAR_N2V2_1_y950,0.997
POSCAR_N2V2_1_y975,1.135
POSCAR_N2V2_1_z025,1.32
POSCAR_N2V2_1_z050,1.395
POSCAR_N2V2_1_z950,1.045
POSCAR_N2V2_1_z975,1.146
POSCAR_N2V2_7,1.811
POSCAR_N2V2_7_st025,1.858
POSCAR_N2V2_7_st050,1.899
POSCAR_N2V2_7_st975,1.755
POSCAR_N2V2_7_x025,1.825
POSCAR_N2V2_7_x050,1.837
POSCAR_N2V2_7_x950,1.778
POSCAR_N2V2_7_x975,1.795
POSCAR_N2V2_7_y025,1.825
POSCAR_N2V2_7_y050,1.837
POSCAR_N2V2_7_y950,1.778
POSCAR_N2V2_7_y975,1.795
POSCAR_N2V2_7_z025,1.831
POSCAR_N2V2_7_z050,1.849
POSCAR_N2V2_7_z950,1.763
POSCAR_N2V2_7_z975,1.788
POSCAR_N4Nb2_4,0.652
POSCAR_N4Nb2_4_st025,0.761
POSCAR_N4Nb2_4_st050,0.801
POSCAR_N4Nb2_4_st950,0.479
POSCAR_N4Nb2_4_st975,0.616
POSCAR_N4Nb2_4_x025,0.748
POSCAR_N4Nb2_4_x050,0.77
POSCAR_N4Nb2_4_x950,0.456
POSCAR_N4Nb2_4_x975,0.627
POSCAR_N4Nb2_4_y025,0.748
POSCAR_N4Nb2_4_y050,0.77
POSCAR_N4Nb2_4_y950,0.456
POSCAR_N4Nb2_4_y975,0.627
POSCAR_N4Nb2_4_z025,0.638
POSCAR_N4Nb2_4_z050,0.48
POSCAR_N4Nb2_4_z950,0.721
POSCAR_N4Nb2_4_z975,0.729
POSCAR_Nb2Se2_2,2.148
POSCAR_Nb2Se2_2_st025,2.234
POSCAR_Nb2Se2_2_st050,2.314
POSCAR_Nb2Se2_2_st950,1.938
POSCAR_Nb2Se2_2_st975,2.051
POSCAR_Nb2Se2_2_x025,2.16
POSCAR_Nb2Se2_2_x050,2.169
POSCAR_Nb2Se2_2_x950,2.111
POSCAR_Nb2Se2_2_x975,2.132
POSCAR_Nb2Se2_2_y025,2.16
POSCAR_Nb2Se2_2_y050,2.169
POSCAR_Nb2Se2_2_y950,2.112
POSCAR_Nb2Se2_2_y975,2.132
POSCAR_Nb2Se2_2_z025,2.209
POSCAR_Nb2Se2_2_z050,2.265
POSCAR_Nb2Se2_2_z950,2.007
POSCAR_Nb2Se2_2_z975,2.081
POSCAR_Nb2Te2_4,2.054
POSCAR_Nb2Te2_4_st025,2.149
POSCAR_Nb2Te2_4_st050,2.236
POSCAR_Nb2Te2_4_st950,1.834
POSCAR_Nb2Te2_4_st975,1.951
POSCAR_Nb2Te2_4_x025,2.069
POSCAR_Nb2Te2_4_x050,2.082
POSCAR_Nb2Te2_4_x950,2.02
POSCAR_Nb2Te2_4_x975,2.038
POSCAR_Nb2Te2_4_y025,2.069
POSCAR_Nb2Te2_4_y050,2.082
POSCAR_Nb2Te2_4_y950,2.02
POSCAR_Nb2Te2_4_y975,2.038
POSCAR_Nb2Te2_4_z025,2.12
POSCAR_Nb2Te2_4_z050,2.18
POSCAR_Nb2Te2_4_z950,1.907
POSCAR_Nb2Te2_4_z975,1.984
POSCAR_Ni2O2_5,1.762
POSCAR_Ni2O2_5_st025,1.775
POSCAR_Ni2O2_5_st050,1.787
POSCAR_Ni2O2_5_st950,1.726
POSCAR_Ni2O2_5_st975,1.745
POSCAR_Ni2O2_5_x025,1.767
POSCAR_Ni2O2_5_x050,1.771
POSCAR_Ni2O2_5_x950,1.749
POSCAR_Ni2O2_5_x975,1.756
POSCAR_Ni2O2_5_y025,1.767
POSCAR_Ni2O2_5_y050,1.771
POSCAR_Ni2O2_5_y950,1.749
POSCAR_Ni2O2_5_y975,1.756
POSCAR_Ni2O2_5_z025,1.766
POSCAR_Ni2O2_5_z050,1.769
POSCAR_Ni2O2_5_z950,1.751
POSCAR_Ni2O2_5_z975,1.757
POSCAR_Ni2O4_1,1.782
POSCAR_Ni2O4_1_st025,1.792
POSCAR_Ni2O4_1_st050,1.802
POSCAR_Ni2O4_1_st950,1.758
POSCAR_Ni2O4_1_st975,1.77
POSCAR_Ni2O4_1_x025,1.785
POSCAR_Ni2O4_1_x050,1.787
POSCAR_Ni2O4_1_x950,1.773
POSCAR_Ni2O4_1_x975,1.778
POSCAR_Ni2O4_1_y025,1.786
POSCAR_Ni2O4_1_y050,1.789
POSCAR_Ni2O4_1_y950,1.772
POSCAR_Ni2O4_1_y975,1.777
POSCAR_Ni2O4_1_z025,1.785
POSCAR_Ni2O4_1_z050,1.788
POSCAR_Ni2O4_1_z950,1.774
POSCAR_Ni2O4_1_z975,1.778
POSCAR_Ni2O4_2,1.783
POSCAR_Ni2O4_2_st025,1.793
POSCAR_Ni2O4_2_st050,1.802
POSCAR_Ni2O4_2_st950,1.758
POSCAR_Ni2O4_2_st975,1.771
POSCAR_Ni2O4_2_x025,1.786
POSCAR_Ni2O4_2_x050,1.788
POSCAR_Ni2O4_2_x950,1.774
POSCAR_Ni2O4_2_x975,1.779
POSCAR_Ni2O4_2_y025,1.786
POSCAR_Ni2O4_2_y050,1.79
POSCAR_Ni2O4_2_y950,1.772
POSCAR_Ni2O4_2_y975,1.778
POSCAR_Ni2O4_2_z025,1.786
POSCAR_Ni2O4_2_z050,1.789
POSCAR_Ni2O4_2_z950,1.775
POSCAR_Ni2O4_2_z975,1.779
POSCAR_Ni2P4_1,0.016
POSCAR_Ni2P4_1_st025,0.045
POSCAR_Ni2P4_1_x025,0.004
POSCAR_Ni2P4_1_x950,0.001
POSCAR_Ni2P4_1_y025,0.007
POSCAR_Ni2P4_1_z025,0.004
POSCAR_Ni2P8_1,1.255
POSCAR_Ni2P8_1_st025,1.362
POSCAR_Ni2P8_1_st050,1.42
POSCAR_Ni2P8_1_st950,0.705
POSCAR_Ni2P8_1_x025,1.269
POSCAR_Ni2P8_1_x050,1.27
POSCAR_Ni2P8_1_x975,1.237
POSCAR_Ni2P8_1_y025,1.272
POSCAR_Ni2P8_1_y050,1.281
POSCAR_Ni2P8_1_y950,1.153
POSCAR_Ni2P8_1_y975,1.22
POSCAR_Ni2P8_1_z025,1.331
POSCAR_Ni2P8_1_z050,1.367
POSCAR_Ni2P8_1_z950,0.858
POSCAR_Ni2Pb1_1,0.308
POSCAR_Ni2Pb2_1,0.004
POSCAR_Ni2Pb2_1_z025,0.001
POSCAR_Ni2Pb2_1_z950,0.001
POSCAR_Ni2S4_2,1.59
POSCAR_Ni2S4_2_st025,1.634
POSCAR_Ni2S4_2_st050,1.667
POSCAR_Ni2S4_2_st950,1.46
POSCAR_Ni2S4_2_st975,1.534
POSCAR_Ni2S4_2_x025,1.604
POSCAR_Ni2S4_2_x050,1.616
POSCAR_Ni2S4_2_x950,1.554
POSCAR_Ni2S4_2_x975,1.574
POSCAR_Ni2S4_2_y025,1.606
POSCAR_Ni2S4_2_y050,1.619
POSCAR_Ni2S4_2_y950,1.549
POSCAR_Ni2S4_2_y975,1.572
POSCAR_Ni2S4_2_z025,1.606
POSCAR_Ni2S4_2_z050,1.618
POSCAR_Ni2S4_2_z950,1.547
POSCAR_Ni2S4_2_z975,1.571
POSCAR_Ni2Sb4_1,0.009
POSCAR_Ni2Se2_1,1.501
POSCAR_Ni2Se2_1_st025,1.555
POSCAR_Ni2Se2_1_st050,1.598
POSCAR_Ni2Se2_1_st950,1.335
POSCAR_Ni2Se2_1_st975,1.429
POSCAR_Ni2Se2_1_x025,1.517
POSCAR_Ni2Se2_1_x050,1.53
POSCAR_Ni2Se2_1_x950,1.454
POSCAR_Ni2Se2_1_x975,1.48
POSCAR_Ni2Se2_1_y025,1.517
POSCAR_Ni2Se2_1_y050,1.53
POSCAR_Ni2Se2_1_y950,1.454
POSCAR_Ni2Se2_1_y975,1.48
POSCAR_Ni2Se2_1_z025,1.524
POSCAR_Ni2Se2_1_z050,1.544
POSCAR_Ni2Se2_1_z950,1.444
POSCAR_Ni2Se2_1_z975,1.474
POSCAR_Ni2Se2_2,1.501
POSCAR_Ni2Se2_2_st025,1.556
POSCAR_Ni2Se2_2_st050,1.598
POSCAR_Ni2Se2_2_st950,1.336
POSCAR_Ni2Se2_2_st975,1.43
POSCAR_Ni2Se2_2_x025,1.518
POSCAR_Ni2Se2_2_x050,1.531
POSCAR_Ni2Se2_2_x950,1.454
POSCAR_Ni2Se2_2_x975,1.48
POSCAR_Ni2Se2_2_y025,1.517
POSCAR_Ni2Se2_2_y050,1.53
POSCAR_Ni2Se2_2_y950,1.455
POSCAR_Ni2Se2_2_y975,1.48
POSCAR_Ni2Se2_2_z025,1.524
POSCAR_Ni2Se2_2_z050,1.544
POSCAR_Ni2Se2_2_z950,1.444
POSCAR_Ni2Se2_2_z975,1.474
POSCAR_Ni2Se3_1,1.153
POSCAR_Ni2Se3_1_st025,1.2
POSCAR_Ni2Se3_1_st050,1.247
POSCAR_Ni2Se3_1_st975,1.09
POSCAR_Ni2Se3_1_x025,1.182
POSCAR_Ni2Se3_1_x050,1.212
POSCAR_Ni2Se3_1_x975,1.085
POSCAR_Ni2Se3_1_y025,1.161
POSCAR_Ni2Se3_1_y950,1.129
POSCAR_Ni2Se3_1_y975,1.143
POSCAR_Ni2Se3_1_z025,1.162
POSCAR_Ni2Se3_1_z050,1.15
POSCAR_Ni2Se3_1_z950,1.122
POSCAR_Ni2Se3_1_z975,1.141
POSCAR_Ni2Se4_1,1.546
POSCAR_Ni2Se4_1_st025,1.594
POSCAR_Ni2Se4_1_st050,1.631
POSCAR_Ni2Se4_1_st950,1.405
POSCAR_Ni2Se4_1_st975,1.485
POSCAR_Ni2Se4_1_x025,1.561
POSCAR_Ni2Se4_1_x050,1.574
POSCAR_Ni2Se4_1_x950,1.505
POSCAR_Ni2Se4_1_x975,1.528
POSCAR_Ni2Se4_1_y025,1.562
POSCAR_Ni2Se4_1_y050,1.575
POSCAR_Ni2Se4_1_y950,1.504
POSCAR_Ni2Se4_1_y975,1.527
POSCAR_Ni2Se4_1_z025,1.563
POSCAR_Ni2Se4_1_z050,1.576
POSCAR_Ni2Se4_1_z950,1.494
POSCAR_Ni2Se4_1_z975,1.523
POSCAR_Ni2Te2_1,0.954
POSCAR_Ni2Te2_1_st025,1.157
POSCAR_Ni2Te2_1_st050,1.286
POSCAR_Ni2Te2_1_x950,0.056
POSCAR_Ni2Te2_1_x975,0.006
POSCAR_Ni2Te2_1_y025,1.031
POSCAR_Ni2Te2_1_y050,0.917
POSCAR_Ni2Te2_1_y975,0.002
POSCAR_Ni2Te2_1_z025,1.044
POSCAR_Ni2Te2_1_z050,1.125
POSCAR_Ni2Te2_1_z975,0
POSCAR_O2Rh2_7,2.365
POSCAR_O2Rh2_7_x025,2.381
POSCAR_O2Rh2_7_x050,2.393
POSCAR_O2Rh2_7_x950,2.3
POSCAR_O2Rh2_7_x975,2.323
POSCAR_O2Rh2_7_y025,2.38
POSCAR_O2Rh2_7_y050,2.391
POSCAR_O2Rh2_7_y950,2.297
POSCAR_O2Rh2_7_y975,2.318
POSCAR_O2Rh2_7_z025,2.378
POSCAR_O2Rh2_7_z050,2.389
POSCAR_O2Rh2_7_z950,2.33
POSCAR_O2Rh2_7_z975,2.352
POSCAR_O2Sc2_2,0.346
POSCAR_O2Sc2_2_st025,0.346
POSCAR_O2Sc2_2_st050,0.348
POSCAR_O2Sc2_2_st950,0.35
POSCAR_O2Sc2_2_st975,0.347
POSCAR_O2Sc2_2_x025,0.34
POSCAR_O2Sc2_2_x050,0.334
POSCAR_O2Sc2_2_x950,0.356
POSCAR_O2Sc2_2_x975,0.351
POSCAR_O2Sc2_2_y025,0.34
POSCAR_O2Sc2_2_y050,0.334
POSCAR_O2Sc2_2_y950,0.356
POSCAR_O2Sc2_2_y975,0.351
POSCAR_O2Sc2_2_z025,0.355
POSCAR_O2Sc2_2_z050,0.364
POSCAR_O2Sc2_2_z950,0.322
POSCAR_O2Sc2_2_z975,0.335
POSCAR_O2Ti2_7,0.289
POSCAR_O2Ti2_7_st050,0.563
POSCAR_O2Ti2_7_x050,0.39
POSCAR_O2Ti2_7_x950,0.045
POSCAR_O2Ti2_7_x975,0
POSCAR_O2Ti2_7_y050,0.394
POSCAR_O2Ti2_7_y950,0.046
POSCAR_O2Ti2_7_y975,0
POSCAR_O2Ti2_7_z050,0.005
POSCAR_O2Ti2_7_z950,0.357
POSCAR_O2Ti2_7_z975,0.002
POSCAR_O2V2_3,2.637
POSCAR_O2V2_3_st025,2.661
POSCAR_O2V2_3_st050,2.681
POSCAR_O2V2_3_st950,2.575
POSCAR_O2V2_3_st975,2.609
POSCAR_O2V2_3_x025,2.641
POSCAR_O2V2_3_x050,2.643
POSCAR_O2V2_3_x950,2.627
POSCAR_O2V2_3_x975,2.633
POSCAR_O2V2_3_y025,2.641
POSCAR_O2V2_3_y050,2.643
POSCAR_O2V2_3_y950,2.627
POSCAR_O2V2_3_y975,2.633
POSCAR_O2V2_3_z025,2.653
POSCAR_O2V2_3_z050,2.666
POSCAR_O2V2_3_z950,2.594
POSCAR_O2V2_3_z975,2.618
POSCAR_O2Y2_1,0.244
POSCAR_O2Y2_1_x025,0.001
POSCAR_O2Y2_1_y025,0.001
POSCAR_O2Y2_1_y050,0
POSCAR_O2Y2_1_y950,0
POSCAR_O2Y2_1_y975,0.001
POSCAR_O2Y2_1_z025,0.001
POSCAR_O2Y2_1_z975,0.001
POSCAR_O2Y2_4,0.013
POSCAR_O2Y2_4_y025,0.001
POSCAR_O2Y2_4_z975,0.001
POSCAR_O3Zr2_1,0.001
POSCAR_O3Zr2_1_y050,0.001
POSCAR_O3Zr2_1_y975,0.001
POSCAR_O3Zr2_1_z950,0.001
POSCAR_O4Rh2_1,0.458
POSCAR_O4Rh2_1_x025,0.493
POSCAR_O4Rh2_1_x050,0.515
POSCAR_O4Rh2_1_x950,0.349
POSCAR_O4Rh2_1_x975,0.401
POSCAR_O4Rh2_1_y025,0.456
POSCAR_O4Rh2_1_y050,0.446
POSCAR_O4Rh2_1_y950,0.458
POSCAR_O4Rh2_1_y975,0.458
POSCAR_O4Rh2_1_z025,0.454
POSCAR_O4Rh2_1_z050,0.443
POSCAR_O4Rh2_1_z950,0.464
POSCAR_O4Rh2_1_z975,0.461
POSCAR_O4Ru2_1,1.531
POSCAR_O4Ru2_1_st025,1.59
POSCAR_O4Ru2_1_st050,1.649
POSCAR_O4Ru2_1_st950,1.396
POSCAR_O4Ru2_1_st975,1.468
POSCAR_O4Ru2_1_x025,1.545
POSCAR_O4Ru2_1_x050,1.559
POSCAR_O4Ru2_1_x950,1.5
POSCAR_O4Ru2_1_x975,1.516
POSCAR_O4Ru2_1_y025,1.554
POSCAR_O4Ru2_1_y050,1.576
POSCAR_O4Ru2_1_y950,1.485
POSCAR_O4Ru2_1_y975,1.508
POSCAR_O4Ru2_1_z025,1.554
POSCAR_O4Ru2_1_z050,1.576
POSCAR_O4Ru2_1_z950,1.485
POSCAR_O4Ru2_1_z975,1.508
POSCAR_O4Ru2_2,1.567
POSCAR_O4Ru2_2_st025,1.623
POSCAR_O4Ru2_2_st050,1.684
POSCAR_O4Ru2_2_st950,1.378
POSCAR_O4Ru2_2_x025,1.584
POSCAR_O4Ru2_2_x050,1.602
POSCAR_O4Ru2_2_x950,1.505
POSCAR_O4Ru2_2_x975,1.549
POSCAR_O4Ru2_2_y025,1.581
POSCAR_O4Ru2_2_y050,1.595
POSCAR_O4Ru2_2_y950,1.531
POSCAR_O4Ru2_2_y975,1.551
POSCAR_O4Ru2_2_z025,1.591
POSCAR_O4Ru2_2_z050,1.613
POSCAR_O4Ru2_2_z975,1.54
POSCAR_O4Sc2_1,0.001
POSCAR_O4V2_1,1.035
POSCAR_O4V2_1_st025,1.066
POSCAR_O4V2_1_st050,1.103
POSCAR_O4V2_1_st950,0.982
POSCAR_O4V2_1_st975,1.007
POSCAR_O4V2_1_x025,1.05
POSCAR_O4V2_1_x050,1.065
POSCAR_O4V2_1_x950,1.002
POSCAR_O4V2_1_x975,1.019
POSCAR_O4V2_1_y025,1.042
POSCAR_O4V2_1_y050,1.049
POSCAR_O4V2_1_y950,1.022
POSCAR_O4V2_1_y975,1.028
POSCAR_O4V2_1_z025,1.042
POSCAR_O4V2_1_z050,1.049
POSCAR_O4V2_1_z950,1.022
POSCAR_O4V2_1_z975,1.028
POSCAR_O4V2_3,0.88
POSCAR_O4V2_3_st025,0.922
POSCAR_O4V2_3_st050,0.966
POSCAR_O4V2_3_st950,0.643
POSCAR_O4V2_3_st975,0.838
POSCAR_O4V2_3_x025,0.892
POSCAR_O4V2_3_x050,0.903
POSCAR_O4V2_3_x950,0.855
POSCAR_O4V2_3_x975,0.868
POSCAR_O4V2_3_y025,0.891
POSCAR_O4V2_3_y050,0.902
POSCAR_O4V2_3_y950,0.855
POSCAR_O4V2_3_y975,0.868
POSCAR_O4V2_3_z025,0.898
POSCAR_O4V2_3_z050,0.916
POSCAR_O4V2_3_z950,0.843
POSCAR_O4V2_3_z975,0.862
POSCAR_O4Y2_5,0.002
POSCAR_O5Ru2_1,1.742
POSCAR_O5Ru2_1_st025,1.777
POSCAR_O5Ru2_1_st975,1.559
POSCAR_O5Ru2_1_x025,1.735
POSCAR_O5Ru2_1_x050,1.727
POSCAR_O5Ru2_1_x950,1.36
POSCAR_O5Ru2_1_x975,1.607
POSCAR_O5Ru2_1_y025,1.744
POSCAR_O5Ru2_1_y050,1.778
POSCAR_O5Ru2_1_y950,1.719
POSCAR_O5Ru2_1_y975,1.733
POSCAR_O5Ru2_1_z025,1.774
POSCAR_O5Ru2_1_z050,1.8
POSCAR_O5Ru2_1_z950,1.601
POSCAR_O5Ru2_1_z975,1.691
POSCAR_O6Rh2_1,0.394
POSCAR_O6Rh2_1_x025,0.439
POSCAR_O6Rh2_1_x050,0.465
POSCAR_O6Rh2_1_y025,0.439
POSCAR_O6Rh2_1_y050,0.46
POSCAR_O6Rh2_1_z025,0.473
POSCAR_O6Rh2_1_z050,0.536
POSCAR_O6Rh2_1_z950,0.188
POSCAR_O6Rh2_1_z975,0.295
POSCAR_O6Ru2_2,1.208
POSCAR_O6Ru2_2_st025,1.322
POSCAR_O6Ru2_2_st050,1.46
POSCAR_O6Ru2_2_st950,0.996
POSCAR_O6Ru2_2_st975,1.104
POSCAR_O6Ru2_2_x025,1.228
POSCAR_O6Ru2_2_x050,1.246
POSCAR_O6Ru2_2_x950,1.161
POSCAR_O6Ru2_2_x975,1.186
POSCAR_O6Ru2_2_y025,1.241
POSCAR_O6Ru2_2_y050,1.273
POSCAR_O6Ru2_2_y950,1.141
POSCAR_O6Ru2_2_y975,1.175
POSCAR_O6Ru2_2_z025,1.267
POSCAR_O6Ru2_2_z050,1.341
POSCAR_O6Ru2_2_z950,1.114
POSCAR_O6Ru2_2_z975,1.159
POSCAR_P1Ru2_1,0.645
POSCAR_P1Ru2_1_st050,1.44
POSCAR_P1Ru2_1_x025,0.728
POSCAR_P1Ru2_1_y025,0.723
POSCAR_P1Ru2_1_y950,0
POSCAR_P1Ru2_1_z025,0.723
POSCAR_P1Ru2_1_z950,0
POSCAR_P2Ru2_2,1.05
POSCAR_P2Ru2_2_st025,1.235
POSCAR_P2Ru2_2_st950,0.833
POSCAR_P2Ru2_2_st975,0.937
POSCAR_P2Ru2_2_x025,1.147
POSCAR_P2Ru2_2_x050,1.178
POSCAR_P2Ru2_2_x950,1.075
POSCAR_P2Ru2_2_x975,1.088
POSCAR_P2Ru2_2_y025,1.143
POSCAR_P2Ru2_2_y050,1.176
POSCAR_P2Ru2_2_y950,1.075
POSCAR_P2Ru2_2_y975,1.091
POSCAR_P2Ru2_2_z025,1.174
POSCAR_P2Ru2_2_z050,1.247
POSCAR_P2Ru2_2_z950,0.861
POSCAR_P2Ru2_2_z975,0.95
POSCAR_P2V2_1,1.464
POSCAR_P2V2_1_st025,1.74
POSCAR_P2V2_1_st050,1.895
POSCAR_P2V2_1_st950,0.675
POSCAR_P2V2_1_st975,1.037
POSCAR_P2V2_1_x025,1.606
POSCAR_P2V2_1_x050,1.689
POSCAR_P2V2_1_x950,1.163
POSCAR_P2V2_1_x975,1.31
POSCAR_P2V2_1_y025,1.607
POSCAR_P2V2_1_y050,1.69
POSCAR_P2V2_1_y950,1.163
POSCAR_P2V2_1_y975,1.31
POSCAR_P2V2_1_z025,1.557
POSCAR_P2V2_1_z050,1.648
POSCAR_P2V2_1_z950,1.269
POSCAR_P2V2_1_z975,1.356
POSCAR_P2V2_2,1.789
POSCAR_P2V2_2_st025,1.969
POSCAR_P2V2_2_st050,2.136
POSCAR_P2V2_2_st950,1.32
POSCAR_P2V2_2_st975,1.584
POSCAR_P2V2_2_x025,1.867
POSCAR_P2V2_2_x950,1.671
POSCAR_P2V2_2_x975,1.718
POSCAR_P2V2_2_y025,1.838
POSCAR_P2V2_2_y950,1.698
POSCAR_P2V2_2_y975,1.745
POSCAR_P2V2_2_z025,1.851
POSCAR_P2V2_2_z050,1.908
POSCAR_P2V2_2_z950,1.64
POSCAR_P2V2_2_z975,1.719
POSCAR_P2Zr2_2,0.035
POSCAR_P2Zr2_2_x025,0.001
POSCAR_P2Zr2_2_x050,0.002
POSCAR_P2Zr2_2_z025,0.033
POSCAR_P2Zr2_2_z050,0.028
POSCAR_P2Zr2_2_z950,0.005
POSCAR_P8V2_2,1.961
POSCAR_P8V2_2_st025,2.118
POSCAR_P8V2_2_st050,2.253
POSCAR_P8V2_2_st950,1.547
POSCAR_P8V2_2_st975,1.769
POSCAR_P8V2_2_x025,2.033
POSCAR_P8V2_2_x050,2.101
POSCAR_P8V2_2_x950,1.798
POSCAR_P8V2_2_x975,1.885
POSCAR_P8V2_2_y025,2.011
POSCAR_P8V2_2_y050,2.061
POSCAR_P8V2_2_y950,1.861
POSCAR_P8V2_2_y975,1.911
POSCAR_P8V2_2_z025,2.009
POSCAR_P8V2_2_z050,2.054
POSCAR_P8V2_2_z950,1.864
POSCAR_P8V2_2_z975,1.913
POSCAR_P8Zr2_1,0.022
POSCAR_P8Zr2_1_x025,0.007
POSCAR_P8Zr2_1_x050,0.005
POSCAR_P8Zr2_1_x975,0.002
POSCAR_P8Zr2_1_y025,0.004
POSCAR_P8Zr2_1_y050,0.005
POSCAR_P8Zr2_1_y950,0
POSCAR_P8Zr2_1_y975,0.011
POSCAR_P8Zr2_1_z975,0.002
POSCAR_Pb10Ru2_1,2.036
POSCAR_Pb10Ru2_1_st025,2.014
POSCAR_Pb10Ru2_1_x025,2.125
POSCAR_Pb10Ru2_1_x050,2.22
POSCAR_Pb10Ru2_1_x950,1.794
POSCAR_Pb10Ru2_1_x975,1.914
POSCAR_Pb10Ru2_1_y025,2.125
POSCAR_Pb10Ru2_1_y050,2.22
POSCAR_Pb10Ru2_1_y975,1.916
POSCAR_Pb10Ru2_1_z025,1.894
POSCAR_Pb10Ru2_1_z050,1.95
POSCAR_Pb10Ru2_1_z975,1.883
POSCAR_Pb2Ru2_2,0.966
POSCAR_Pb2Ru2_2_st975,0.646
POSCAR_Pb2Ru2_2_x050,1.133
POSCAR_Pb2Ru2_2_x975,0.899
POSCAR_Pb2Ru2_2_y025,1.043
POSCAR_Pb2Ru2_2_y050,1.135
POSCAR_Pb2Ru2_2_y950,0.819
POSCAR_Pb2Ru2_2_y975,0.902
POSCAR_Pb2Ru2_2_z025,1.253
POSCAR_Pb2Ru2_2_z950,0.002
POSCAR_Pb2Ru2_2_z975,0.819
POSCAR_Pb2Ru2_3,1.861
POSCAR_Pb2Ru2_3_x025,1.922
POSCAR_Pb2Ru2_3_x050,1.983
POSCAR_Pb2Ru2_3_x950,1.706
POSCAR_Pb2Ru2_3_x975,1.793
POSCAR_Pb2Ru2_3_y025,1.953
POSCAR_Pb2Ru2_3_y050,2.092
POSCAR_Pb2Ru2_3_y950,1.692
POSCAR_Pb2Ru2_3_y975,1.778
POSCAR_Pb2Ru2_3_z050,2.074
POSCAR_Pb2Ru2_3_z950,1.618
POSCAR_Pb2Ru2_3_z975,1.76
POSCAR_Pb2Sc2_3,0.035
POSCAR_Pb2Sc2_3_st025,0.015
POSCAR_Pb2Sc2_3_x025,0.006
POSCAR_Pb2Sc2_3_x050,0.009
POSCAR_Pb2Sc2_3_x950,0.015
POSCAR_Pb2Sc2_3_x975,0.001
POSCAR_Pb2Sc2_3_y025,0.006
POSCAR_Pb2Sc2_3_y050,0.054
POSCAR_Pb2Sc2_3_y950,0.015
POSCAR_Pb2Sc2_3_y975,0.002
POSCAR_Pb2Sc2_3_z025,0.02
POSCAR_Pb2Sc2_3_z050,0.017
POSCAR_Pb2Sc2_3_z950,0.007
POSCAR_Pb2Sc2_3_z975,0.01
POSCAR_Pb3Ru2_1,1.836
POSCAR_Pb3Ru2_1_st025,2.076
POSCAR_Pb3Ru2_1_st050,2.297
POSCAR_Pb3Ru2_1_x025,1.918
POSCAR_Pb3Ru2_1_x950,1.695
POSCAR_Pb3Ru2_1_y025,1.908
POSCAR_Pb3Ru2_1_y050,2.008
POSCAR_Pb3Ru2_1_y950,1.696
POSCAR_Pb3Ru2_1_y975,1.772
POSCAR_Pb3Ru2_1_z025,1.9
POSCAR_Pb3Ru2_1_z050,1.925
POSCAR_Rh2S4_1,0.717
POSCAR_Rh2S4_1_x025,0.751
POSCAR_Rh2S4_1_x050,0.782
POSCAR_Rh2S4_1_x950,0.645
POSCAR_Rh2S4_1_x975,0.683
POSCAR_Rh2S4_1_y025,0.738
POSCAR_Rh2S4_1_y050,0.757
POSCAR_Rh2S4_1_y950,0.675
POSCAR_Rh2S4_1_y975,0.697
POSCAR_Rh2S4_1_z025,0.727
POSCAR_Rh2S4_1_z050,0.738
POSCAR_Rh2S4_1_z950,0.695
POSCAR_Rh2S4_1_z975,0.707
POSCAR_Rh2Tl2_1,0.448
POSCAR_Rh2Tl2_1_z950,0.001
POSCAR_Rh2Tl2_1_z975,0.13
POSCAR_Ru2S2_1,0.382
POSCAR_Ru2S2_1_st025,0.394
POSCAR_Ru2S2_1_st050,0.362
POSCAR_Ru2S2_1_st950,0.265
POSCAR_Ru2S2_1_st975,0.329
POSCAR_Ru2S2_1_x025,0.383
POSCAR_Ru2S2_1_x050,0.381
POSCAR_Ru2S2_1_x950,0.294
POSCAR_Ru2S2_1_x975,0.356
POSCAR_Ru2S2_1_y025,0.383
POSCAR_Ru2S2_1_y050,0.381
POSCAR_Ru2S2_1_y950,0.293
POSCAR_Ru2S2_1_y975,0.355
POSCAR_Ru2S2_1_z025,0.4
POSCAR_Ru2S2_1_z050,0.431
POSCAR_Ru2S2_1_z950,0.338
POSCAR_Ru2S2_1_z975,0.365
POSCAR_Ru2S2_2,0.942
POSCAR_Ru2S2_2_st025,1.28
POSCAR_Ru2S2_2_st050,1.58
POSCAR_Ru2S2_2_st950,0.454
POSCAR_Ru2S2_2_st975,0.663
POSCAR_Ru2S2_2_x025,1.005
POSCAR_Ru2S2_2_x050,1.08
POSCAR_Ru2S2_2_x950,0.816
POSCAR_Ru2S2_2_x975,0.883
POSCAR_Ru2S2_2_y025,1.048
POSCAR_Ru2S2_2_y050,1.138
POSCAR_Ru2S2_2_y950,0.644
POSCAR_Ru2S2_2_y975,0.81
POSCAR_Ru2S2_2_z025,1.081
POSCAR_Ru2S2_2_z050,1.23
POSCAR_Ru2S2_2_z950,0.665
POSCAR_Ru2S2_2_z975,0.804
POSCAR_Ru2S8_1,0.528
POSCAR_Ru2S8_1_st025,0.729
POSCAR_Ru2S8_1_st050,0.852
POSCAR_Ru2S8_1_x025,0.58
POSCAR_Ru2S8_1_x050,0.013
POSCAR_Ru2S8_1_y025,0.594
POSCAR_Ru2S8_1_y050,0.642
POSCAR_Ru2S8_1_y950,0.001
POSCAR_Ru2S8_1_z025,0.003
POSCAR_Ru2S8_1_z050,0.735
POSCAR_Ru2Si1_1,0.173
POSCAR_Ru2Si1_1_x050,0.001
POSCAR_Ru2Si1_1_x950,0.002
POSCAR_Ru2Si1_1_x975,0.04
POSCAR_Ru2Si1_1_y950,0.002
POSCAR_Ru2Si1_1_y975,0.005
POSCAR_Ru2Si1_1_z025,0.32
POSCAR_Ru2Si1_1_z050,0.001
POSCAR_Ru2Si1_1_z950,0.002
POSCAR_Ru2Si1_1_z975,0.022
POSCAR_Ru2Sn2_3,0.784
POSCAR_Ru2Sn2_3_st050,1.777
POSCAR_Ru2Sn2_3_st975,0.041
POSCAR_Ru2Sn2_3_x025,0.904
POSCAR_Ru2Sn2_3_x050,1.015
POSCAR_Ru2Sn2_3_x950,0.297
POSCAR_Ru2Sn2_3_x975,0.646
POSCAR_Ru2Sn2_3_y025,0.895
POSCAR_Ru2Sn2_3_y050,1.015
POSCAR_Ru2Sn2_3_y950,0.305
POSCAR_Ru2Sn2_3_y975,0.646
POSCAR_Ru2Sn2_3_z025,1.026
POSCAR_Ru2Sn2_3_z050,1.517
POSCAR_Ru2Sn2_3_z950,0.194
POSCAR_Ru2Sn2_3_z975,0.488
POSCAR_S2Ti2_2,0.359
POSCAR_S2Ti2_2_st025,0.647
POSCAR_S2Ti2_2_st050,1.286
POSCAR_S2Ti2_2_st975,0.07
POSCAR_S2Ti2_2_x025,0.36
POSCAR_S2Ti2_2_x050,0.474
POSCAR_S2Ti2_2_x950,0.047
POSCAR_S2Ti2_2_x975,0.221
POSCAR_S2Ti2_2_y025,0.351
POSCAR_S2Ti2_2_y050,0.477
POSCAR_S2Ti2_2_y950,0.047
POSCAR_S2Ti2_2_y975,0.22
POSCAR_S2V2_2,2.575
POSCAR_S2V2_2_st025,2.625
POSCAR_S2V2_2_st050,2.665
POSCAR_S2V2_2_st950,2.424
POSCAR_S2V2_2_st975,2.51
POSCAR_S2V2_2_x025,2.592
POSCAR_S2V2_2_x050,2.608
POSCAR_S2V2_2_x950,2.534
POSCAR_S2V2_2_x975,2.555
POSCAR_S2V2_2_y025,2.59
POSCAR_S2V2_2_y050,2.604
POSCAR_S2V2_2_y950,2.539
POSCAR_S2V2_2_y975,2.558
POSCAR_S2V2_2_z025,2.596
POSCAR_S2V2_3,2.678
POSCAR_S2V2_3_st025,2.705
POSCAR_S2V2_3_st050,2.727
POSCAR_S2V2_3_st950,2.605
POSCAR_S2V2_3_st975,2.646
POSCAR_S2V2_3_x975,2.667
POSCAR_S2V2_3_y025,2.688
POSCAR_S2V2_3_y050,2.697
POSCAR_S2V2_3_y950,2.655
POSCAR_S2V2_3_y975,2.667
POSCAR_S2V2_3_z025,2.686
POSCAR_S2V2_3_z050,2.694
POSCAR_S2V2_3_z950,2.659
POSCAR_S2V2_3_z975,2.669
POSCAR_S2V2_4,2.646
POSCAR_S2V2_4_st025,2.677
POSCAR_S2V2_4_st050,2.703
POSCAR_S2V2_4_st950,2.561
POSCAR_S2V2_4_st975,2.608
POSCAR_S2V2_4_x025,2.654
POSCAR_S2V2_4_x050,2.661
POSCAR_S2V2_4_x950,2.624
POSCAR_S2V2_4_x975,2.636
POSCAR_S2V2_4_y025,2.654
POSCAR_S2V2_4_y050,2.661
POSCAR_S2V2_4_y950,2.624
POSCAR_S2V2_4_y975,2.636
POSCAR_S2V2_4_z025,2.661
POSCAR_S2V2_4_z050,2.674
POSCAR_S2V2_4_z950,2.607
POSCAR_Sb2Ti2_1,0.693
POSCAR_Sb2Ti2_1_st025,0.835
POSCAR_Sb2Ti2_1_st050,0.939
POSCAR_Sb2Ti2_1_st950,0.163
POSCAR_Sb2Ti2_1_st975,0.511
POSCAR_Sb2Ti2_1_x025,0.772
POSCAR_Sb2Ti2_1_x050,0.817
POSCAR_Sb2Ti2_1_x950,0.607
POSCAR_Sb2Ti2_1_x975,0.646
POSCAR_Sb2Ti2_1_y025,0.744
POSCAR_Sb2Ti2_1_y050,0.807
POSCAR_Sb2Ti2_1_y950,0.614
POSCAR_Sb2Ti2_1_y975,0.654
POSCAR_Sb2Ti2_1_z025,0.764
POSCAR_Sb2Ti2_1_z050,0.822
POSCAR_Sb2Ti2_1_z950,0.531
POSCAR_Sb2Ti2_1_z975,0.607
POSCAR_Sc2Te2_1,0.043
POSCAR_Sc2Te2_1_x025,0.012
POSCAR_Sc2Te2_1_x050,0.011
POSCAR_Sc2Te2_1_x950,0.006
POSCAR_Sc2Te2_1_x975,0.011
POSCAR_Sc2Te2_1_y025,0.01
POSCAR_Sc2Te2_1_y050,0.008
POSCAR_Sc2Te2_1_y950,0.006
POSCAR_Sc2Te2_1_y975,0.01
POSCAR_Sc2Te2_1_z025,0.052
POSCAR_Sc2Te2_1_z050,0.004
POSCAR_Se2Ti2_1,0.796
POSCAR_Se2Ti2_1_st025,1.338
POSCAR_Se2Ti2_1_st050,0.012
POSCAR_Se2Ti2_1_st950,0.165
POSCAR_Se2Ti2_1_st975,0.392
POSCAR_Se2Ti2_1_x950,0.318
POSCAR_Se2Ti2_4,0.605
POSCAR_Se2V2_1,2.688
POSCAR_Se2V2_1_st025,2.714
POSCAR_Se2V2_1_st050,2.736
POSCAR_Se2V2_1_st950,2.621
POSCAR_Se2V2_1_st975,2.658
POSCAR_Se2V2_1_x975,2.68
POSCAR_Se2V2_1_y025,2.694
POSCAR_Se2V2_1_y050,2.699
POSCAR_Se2V2_1_y950,2.672
POSCAR_Se2V2_1_y975,2.68
POSCAR_Se2V2_1_z025,2.701
POSCAR_Se2V2_1_z050,2.712
POSCAR_Se2V2_1_z950,2.655
POSCAR_Se2V2_1_z975,2.673
POSCAR_Te2V2_1,2.72
POSCAR_Te2V2_1_st025,2.744
POSCAR_Te2V2_1_st050,2.765
POSCAR_Te2V2_1_st950,2.66
POSCAR_Te2V2_1_st975,2.692
POSCAR_Te2V2_1_x025,2.726
POSCAR_Te2V2_1_x050,2.731
POSCAR_Te2V2_1_x950,2.706
POSCAR_Te2V2_1_x975,2.713
POSCAR_Te2V2_1_y025,2.726
POSCAR_Te2V2_1_y050,2.731
POSCAR_Te2V2_1_y950,2.706
POSCAR_Te4Ti2_1,1.089
POSCAR_Te4Ti2_1_st025,1.122
POSCAR_Te4Ti2_1_st050,1.165
POSCAR_Te4Ti2_1_st950,0.98
POSCAR_Te4V2_1,2.663
POSCAR_Te4V2_1_st025,2.698
POSCAR_Te4V2_1_st050,2.727
POSCAR_Te4V2_1_st950,2.577
POSCAR_Te4V2_1_st975,2.624
POSCAR_Te4V2_1_y025,2.679
POSCAR_Te4V2_1_y050,2.693
POSCAR_Te4V2_1_y950,2.623
POSCAR_Te4V2_1_y975,2.645
POSCAR_Te4V2_1_z025,2.672
POSCAR_Tl2Zr2_1,0.235
POSCAR_Tl2Zr2_1_st050,0.369
