name,k_id,band,status,nions,cos_l_sum,cos_l_ion,cos_l_swap,cos_m_sum,cos_m_ion,norm_up,norm_dn,procar,host
POSCAR_Ag2F6_3,62,32,ok,8,0.9999692597233273,0.8001972435788184,0.8917163519960998,0.9912026850006391,0.7475943922612538,0.921,0.925,PROCAR,nurion
POSCAR_Ag2F6_3_st950,62,32,ok,8,0.9999851064561709,0.9064730090945949,0.843388909192193,0.9954685359885291,0.8818003692757298,0.938,0.944,ToBeDelete_PROCAR,nurion
POSCAR_Ag2F6_3_st975,62,32,ok,8,0.9999988692644948,0.8681291051016768,0.8589059175726963,0.9942339388053225,0.8349098582272827,0.9260000000000002,0.929,PROCAR,nurion
POSCAR_Ag2F6_3_x950,170,32,ok,8,0.9999993358999874,0.9999983025388387,0.161181127972048,0.9999965306448407,0.99999410986865,0.9349999999999999,0.9359999999999999,PROCAR,nurion
POSCAR_Ag2F6_3_y950,227,31,ok,8,0.9999993460983394,0.9999948414686897,0.14419112942331236,0.9999973212014964,0.9999864790105626,0.9389999999999998,0.938,PROCAR,nurion
POSCAR_Ag2F6_3_y975,5,31,ok,8,0.9999974147115225,0.9999929558051895,0.14531183860012645,0.9999962934231383,0.9999841567010207,0.9350000000000002,0.9370000000000002,PROCAR,nurion
POSCAR_Ag2F6_3_z025,102,32,ok,8,0.9999526629680819,0.8643648400112598,0.779143820369911,0.9877377548483814,0.8541618048878843,0.9199999999999999,0.9160000000000001,PROCAR,nurion
POSCAR_Ag2F6_3_z950,5,31,ok,8,0.9999955289798653,0.9999805434871513,0.13548694466428216,0.9999936142068401,0.9999731857903247,0.9359999999999999,0.9390000000000001,PROCAR,nurion
POSCAR_Ag2F6_3_z975,30,31,ok,8,0.9999852742027685,0.13536264315624033,0.983770751347652,0.7871456790712413,0.1552997837912686,0.9369999999999999,0.938,PROCAR,nurion
POSCAR_Al10Fe2_1,55,18,ok,12,0.9999145972369464,0.10604371258534333,0.9946471892002788,0.9982995811240046,0.09670456612205891,0.419,0.42200000000000004,PROCAR,nurion
POSCAR_Al10Fe2_1_st950,55,18,ok,12,0.9999768027356365,0.20904023737761193,0.9978927054285623,0.9999446786164635,0.18204543553243227,0.49000000000000005,0.496,ToBeDelete_PROCAR,nurion
POSCAR_Al10Fe2_1_st975,92,21,ok,12,0.9998413979641789,0.2772231494708538,0.9994508388318597,0.9983364903167127,0.22381105444238972,0.5910000000000001,0.5880000000000001,ToBeDelete_PROCAR,nurion
POSCAR_Al10Fe2_1_x025,28,21,ok,12,0.9999827102540658,0.24845707719645616,0.998386817875558,0.9992972475783636,0.26905203759770957,0.4699999999999999,0.4719999999999999,PROCAR,nurion
POSCAR_Al10Fe2_1_x975,63,17,ok,12,0.9998445075752953,0.17067538538627017,0.9971057169222055,0.9994302216625377,0.2276800153843415,0.47700000000000004,0.48700000000000004,PROCAR,nurion
POSCAR_Al10Fe2_1_y975,62,17,ok,12,0.9998621992689992,0.19668577573497228,0.9957077546059839,0.9996787198727424,0.12100029525325062,0.45100000000000007,0.4570000000000001,PROCAR,nurion
POSCAR_Al10Fe2_1_z050,61,22,ok,12,0.9996422542339876,0.1028222553728835,0.9915418871057173,0.9991915296004719,0.06125720586766103,0.536,0.528,PROCAR,nurion
POSCAR_Al2Fe2_2,511,12,ok,4,0.9999308934004806,0.2730285299109767,0.9996760397184996,0.9998960731787089,0.0915827043502933,0.7160000000000001,0.7020000000000001,ToBeDelete_PROCAR,nurion
POSCAR_Al2Fe2_2_st025,374,11,ok,4,0.9999967126427993,0.4853661219261267,0.992224272881889,0.9997677294389632,0.3270603295049859,0.6010000000000001,0.5980000000000001,PROCAR,nurion
POSCAR_Al2Fe2_2_st950,373,12,ok,4,0.999997847426376,0.38076673395828436,0.9967611458782198,0.99988957658805,0.22072208567098242,0.709,0.709,ToBeDelete_PROCAR,nurion
POSCAR_Al2Fe2_2_x025,124,12,ok,4,0.9999894911480849,0.2875146561914194,0.999709853258948,0.9999766336438378,0.10810485738732492,0.6769999999999999,0.6839999999999999,PROCAR,nurion
POSCAR_Al2Fe2_2_x050,374,11,ok,4,0.999999396775968,0.5322473335475676,0.994752972972753,0.9999734698315533,0.25232777612106744,0.65,0.6519999999999999,PROCAR,nurion
POSCAR_Al2Fe2_2_x950,408,11,ok,4,0.9999999999999999,0.26968555906015096,0.9996873653934332,0.9999677542519094,0.14159702450066283,0.7320000000000001,0.7320000000000001,PROCAR,nurion
POSCAR_Al2Fe2_2_x975,374,11,ok,4,0.9999976902599452,0.3179073344008869,0.9995050292574618,0.9999833176715055,0.06786578505097163,0.7620000000000001,0.7650000000000001,PROCAR,nurion
POSCAR_Al2Fe2_2_y025,172,12,ok,4,0.9999997359308932,0.21035878380271814,0.9997364364004903,0.9999873612784707,0.18958406874300374,0.7320000000000001,0.7360000000000001,PROCAR,nurion
POSCAR_Al2Fe2_2_y950,244,11,ok,4,0.9999999727530117,0.2559201650383587,0.9997687455400618,0.999990023587851,0.048709747390012874,0.7430000000000001,0.744,PROCAR,nurion
POSCAR_Al2Fe2_2_z050,374,11,ok,4,0.9999983593393001,0.26438207560328386,0.9998720983550181,0.9999822246198357,0.0938849094599051,0.768,0.7640000000000001,PROCAR,nurion
POSCAR_Al2Fe2_2_z950,526,12,ok,4,0.9999999999999999,0.09514789563824524,0.9993394026082877,0.9999954325490807,0.021628972604623906,0.753,0.753,PROCAR,nurion
POSCAR_Al2Fe2_2_z975,49,12,ok,4,0.9999998864467688,0.4147808580533059,0.9934984425219391,0.9999923983712363,0.31337025612521335,0.662,0.6609999999999999,PROCAR,nurion
POSCAR_Al2Mn2_2,519,16,ok,4,0.9999854175365888,0.6155135566096128,0.9999848119662361,0.9999692171510394,0.10903417733857941,0.45299999999999996,0.45099999999999996,ToBeDelete_PROCAR,nurion
POSCAR_Al2Mn2_2_st950,519,16,ok,4,0.9999939992950969,0.6935340324609969,0.9999898557469251,0.9999854124075237,0.1312328183354835,0.517,0.517,ToBeDelete_PROCAR,nurion
POSCAR_Al2Mn2_2_st975,519,16,ok,4,0.9999607181186689,0.6600832903958977,0.9999713524869385,0.9999568180842929,0.11668527614243245,0.48,0.478,ToBeDelete_PROCAR,nurion
POSCAR_Al2Mn2_2_x025,534,16,ok,4,1.0,0.7899892602597064,0.9999999999999999,1.0,0.25309971950079263,0.387,0.387,PROCAR,nurion
POSCAR_Al2Mn2_2_x050,534,16,ok,4,0.9999966626484433,0.8166623743376009,0.9999869980850942,0.9999890479590862,0.27098399979021903,0.38,0.379,PROCAR,nurion
POSCAR_Al2Mn2_2_y025,520,16,ok,4,0.9999960021562209,0.7919308201736268,0.9999868017270904,0.9999893597176915,0.2531769224957964,0.386,0.387,PROCAR,nurion
POSCAR_Al2Mn2_2_y050,520,16,ok,4,0.9999966241670707,0.8154418681047835,0.9999896038877413,0.9999839097954398,0.2669853447077475,0.378,0.379,PROCAR,nurion
POSCAR_Al2Mn2_2_z025,520,16,ok,4,0.9999961626306949,0.8027004369868621,0.9999870963481698,0.9999893812459139,0.2455045318490555,0.389,0.39,PROCAR,nurion
POSCAR_Al2Mn2_2_z050,520,16,ok,4,0.9999660789441533,0.816799540295855,0.9999485977278753,0.9999262192264908,0.2604835884189894,0.382,0.381,PROCAR,nurion
POSCAR_Al2Mn2_2_z950,519,16,ok,4,0.9999777157893412,0.7200591134053224,0.9999759163208095,0.9999595806418964,0.12105452587010967,0.46199999999999997,0.46099999999999997,PROCAR,nurion
POSCAR_Al2Mn2_2_z975,519,16,ok,4,1.0,0.6732180025249941,1.0000000000000002,1.0,0.11497091198258903,0.45399999999999996,0.45399999999999996,PROCAR,nurion
POSCAR_Al3Fe2_2,42,13,ok,5,0.9999993613534615,0.07335643866745033,0.9999957155746868,0.9999685809457395,0.04943244686408624,0.774,0.771,PROCAR,nurion
POSCAR_Al3Fe2_2_st975,42,13,ok,5,0.9999964349630306,0.09026871464073609,0.9999932691187935,0.9999043431522912,0.058564837341334046,0.774,0.777,ToBeDelete_PROCAR,nurion
POSCAR_Al3Fe2_2_x025,245,10,ok,5,0.9999970122278147,0.9211959413296802,0.9952453131107105,0.9999570962761146,0.48908982301286,0.5720000000000001,0.5700000000000001,PROCAR,nurion
POSCAR_Al3Fe2_2_x050,12,10,ok,5,0.9999981232277338,0.8236468571360102,0.9598141491437555,0.9999811275465661,0.5063853097997127,0.4730000000000001,0.4750000000000001,PROCAR,nurion
POSCAR_Al3Fe2_2_x950,315,10,ok,5,1.0,0.5974764783847565,0.999642903639868,0.9998837633502998,0.337175330365733,0.6690000000000002,0.6690000000000002,PROCAR,nurion
POSCAR_Al3Fe2_2_x975,255,10,ok,5,0.9999957509264935,0.20232764426606223,0.9998974775815247,0.9999084775275067,0.0423815804876811,0.7120000000000001,0.7080000000000001,PROCAR,nurion
POSCAR_Al3Fe2_2_y025,267,13,ok,5,0.9999972793438975,0.365757632253444,0.9982088968076583,0.9999423574036147,0.25992487001232095,0.627,0.627,PROCAR,nurion
POSCAR_Al3Fe2_2_y050,187,13,ok,5,0.9999971206149466,0.3070239281482416,0.9956923846128134,0.9999723808211243,0.2573031449149027,0.627,0.627,PROCAR,nurion
POSCAR_Al3Fe2_2_y975,28,13,ok,5,0.9999936803228059,0.5916326129546748,0.9857657826739598,0.999986879483286,0.2079068802489337,0.6070000000000001,0.606,PROCAR,nurion
POSCAR_Al3Fe2_2_z025,255,10,ok,5,0.9999957495740144,0.23567314645351906,0.9998968563685255,0.9998817239569182,0.056270254394154354,0.685,0.682,PROCAR,nurion
POSCAR_Al3Fe2_2_z050,120,14,ok,5,0.9999851171224552,0.39701984480894,0.9995937628461224,0.9999662416794677,0.11072011556482061,0.549,0.548,PROCAR,nurion
POSCAR_Al3Fe2_2_z950,11,10,ok,5,0.9999992422578335,0.5066301046993094,0.9927892077572262,0.9999432309339474,0.32849417621498844,0.6440000000000001,0.6419999999999999,PROCAR,nurion
POSCAR_Al3Fe2_2_z975,255,10,ok,5,0.9999827447955211,0.40053846723096526,0.999483353938356,0.9999345975730061,0.13647165465281227,0.6500000000000001,0.648,PROCAR,nurion
POSCAR_Al5Mn2_1,241,20,ok,7,0.9999848222687664,0.13021009943281367,0.980644811353378,0.9999643212290605,0.14728612213513503,0.348,0.35,PROCAR,nurion
POSCAR_Al5Mn2_1_st025,241,20,ok,7,0.9999270095428814,0.1393568644435815,0.9770162375538429,0.9999110523882941,0.15603943682567198,0.328,0.33,ToBeDelete_PROCAR,nurion
POSCAR_Al5Mn2_1_st050,241,20,ok,7,0.9999944212704405,0.1349710986393677,0.9729744584987193,0.9999443502691231,0.15305517286473116,0.30800000000000005,0.31100000000000005,ToBeDelete_PROCAR,nurion
POSCAR_Al5Mn2_1_st975,241,20,ok,7,0.9999621752932399,0.13598193242766998,0.9854023715424544,0.9997841759514672,0.13552425095737336,0.372,0.372,ToBeDelete_PROCAR,nurion
POSCAR_Al5Mn2_1_x025,241,20,ok,7,0.9999999664559595,0.1348050526330779,0.9803693181351087,0.999961480639725,0.14838110540948088,0.339,0.341,PROCAR,nurion
POSCAR_Al5Mn2_1_x050,241,20,ok,7,0.9999821644737226,0.12813867022784486,0.980316235407199,0.999961354838146,0.1417291154128086,0.334,0.334,PROCAR,nurion
POSCAR_Al5Mn2_1_x950,241,20,ok,7,0.9999105765805678,0.12417976239796621,0.9843900040462993,0.999838762612158,0.14884871516963732,0.36899999999999994,0.36999999999999994,PROCAR,nurion
POSCAR_Al5Mn2_1_x975,208,20,ok,7,0.9999596861501526,0.1491005021945112,0.97970419162008,0.9997971576733116,0.17330417854008281,0.34199999999999997,0.347,PROCAR,nurion
POSCAR_Al5Mn2_1_y025,241,20,ok,7,0.9999762641583992,0.14396273968853263,0.9810221231793483,0.9999368480223264,0.1734170481972762,0.34099999999999997,0.344,PROCAR,nurion
POSCAR_Al5Mn2_1_y050,241,20,ok,7,0.999995939815835,0.2166371627858251,0.9835799528427138,0.9997694318094292,0.25414378316250574,0.33799999999999997,0.33699999999999997,PROCAR,nurion
POSCAR_Al5Mn2_1_y950,212,18,ok,7,0.9999425801970022,0.5490486907271228,0.9818575772874403,0.9997037898208423,0.26557774461548195,0.35800000000000004,0.36000000000000004,PROCAR,nurion
POSCAR_Al5Mn2_1_y975,212,18,ok,7,0.9999550678157478,0.5910616510419412,0.957282565144485,0.9997846025991299,0.32509781506185126,0.3380000000000001,0.3340000000000001,PROCAR,nurion
POSCAR_Al5Mn2_1_z025,1,21,ok,7,0.9999475234727442,0.12733977696942822,0.7504799808439738,0.9998918894243619,0.11785279775775442,0.29300000000000004,0.29400000000000004,PROCAR,nurion
POSCAR_Al5Mn2_1_z050,1,21,ok,7,0.9999866493687752,0.12574859448568704,0.7378796174121727,0.9999831060114351,0.11488944344348502,0.29200000000000004,0.29100000000000004,PROCAR,nurion
POSCAR_Al5Mn2_1_z975,241,20,ok,7,0.9999910176589768,0.28710482925726133,0.9875176913214276,0.9997117491519851,0.28302282380422317,0.358,0.359,PROCAR,nurion
POSCAR_As1V2_1,430,16,ok,3,0.9999924452998609,0.44583135070536406,0.9999880239498974,0.99998438898698,0.1245423913447617,0.6970000000000001,0.6960000000000001,ToBeDelete_PROCAR,nurion
POSCAR_As1V2_1_st050,546,16,ok,3,0.9999999857666647,0.2321119122671812,0.9999999700857461,0.9999735289499042,0.07709918524511408,0.7110000000000001,0.71,PROCAR,nurion
POSCAR_As1V2_1_x025,430,16,ok,3,0.9999999196124176,0.44656679612728406,0.9999998043719892,0.9999853782633252,0.10006464211941804,0.6910000000000001,0.6920000000000001,PROCAR,nurion
POSCAR_As1V2_1_x050,407,16,ok,3,0.9999999742856441,0.18098619047119455,0.9999986194136579,0.9999795530687527,0.07820513252797141,0.768,0.7689999999999999,PROCAR,nurion
POSCAR_As1V2_1_x950,430,16,ok,3,0.9999990345835635,0.4238751949488487,0.9999956608220144,0.9999950318369589,0.18080207000451265,0.7140000000000001,0.7160000000000001,PROCAR,nurion
POSCAR_As1V2_1_x975,430,16,ok,3,0.9999999999999998,0.44264218598931787,0.9999999999999999,0.9999894893637131,0.15655169863835236,0.708,0.708,PROCAR,nurion
POSCAR_As1V2_1_y025,430,16,ok,3,0.9999976827656246,0.4370852876139535,0.9999967715113037,0.9999817740917014,0.0964901989079336,0.6900000000000001,0.6900000000000001,PROCAR,nurion
POSCAR_As1V2_1_y050,419,16,ok,3,0.9999999738826203,0.21208296180156366,0.9999999651524951,0.9999883725758847,0.06329864966900395,0.7390000000000001,0.74,PROCAR,nurion
POSCAR_As1V2_1_y950,430,16,ok,3,0.9999999299313371,0.440154044794701,0.999997671210158,0.9999959389704732,0.17115045915521232,0.7130000000000001,0.7120000000000001,PROCAR,nurion
POSCAR_As1V2_1_y975,430,16,ok,3,0.9999981145856421,0.447758592931916,0.9999921223227274,0.999979239229132,0.14818079474865248,0.7030000000000001,0.703,PROCAR,nurion
POSCAR_As1V2_1_z025,418,16,ok,3,0.9999922399393316,0.27539360529079643,0.9999940753279305,0.999982189665959,0.15972925670663085,0.7350000000000001,0.7350000000000001,PROCAR,nurion
POSCAR_As1V2_1_z050,418,16,ok,3,0.9999990560297395,0.27837181964613195,0.9999985193327666,0.9999912975521192,0.1679506451696704,0.722,0.72,PROCAR,nurion
POSCAR_As1V2_1_z950,419,16,ok,3,0.9999985775954469,0.20018738799303618,0.9999972843244447,0.9999854799054304,0.07123375981492294,0.7829999999999999,0.783,PROCAR,nurion
POSCAR_As1V2_1_z975,430,16,ok,3,1.0000000000000002,0.4376544000108928,0.9999967900976148,0.9999799003560689,0.11196804676147147,0.7170000000000001,0.7170000000000001,PROCAR,nurion
POSCAR_As2Cr2_1,247,17,ok,4,0.9972002114151078,0.08166051495269522,0.9967262833026382,0.9385308046546202,0.06756708869827467,0.821,0.742,PROCAR,nurion
POSCAR_As2Cr2_1_st025,247,17,ok,4,0.9971920998506677,0.05894108086819847,0.9978447049208579,0.9297135125399413,0.05673136441183578,0.806,0.736,PROCAR,nurion
POSCAR_As2Cr2_1_st950,379,16,ok,4,0.8917834057588527,0.4016216677473038,0.7275229759570778,0.5037296750605051,0.2908131823163138,0.758,0.6480000000000001,PROCAR,nurion
POSCAR_As2Cr2_1_st975,379,16,ok,4,0.7647805547818568,0.35422333503785575,0.5529316189994655,0.40418087435992084,0.22272315886457567,0.775,0.5980000000000001,PROCAR,nurion
POSCAR_As2Cr2_1_z025,379,16,ok,4,0.6147851442731276,0.28123562401471053,0.3904516754990685,0.3330661745936952,0.15811081658741458,0.788,0.552,PROCAR,nurion
POSCAR_As2Cr2_1_z050,379,16,ok,4,0.5831277528551135,0.2653893526790786,0.36270367300645845,0.3184421124286641,0.15052271219916855,0.79,0.542,PROCAR,nurion
POSCAR_As2Cr2_1_z950,163,17,ok,4,0.9974075966695365,0.12118977517616013,0.9946779390462593,0.9538816840078925,0.09092366301346104,0.7430000000000001,0.8270000000000001,PROCAR,nurion
POSCAR_As2Cr2_1_z975,247,17,ok,4,0.9971762822786195,0.09837265436479455,0.9959815865983643,0.9410126193718343,0.07636250673469709,0.823,0.744,PROCAR,nurion
POSCAR_As2Cr2_4,199,17,ok,4,0.9999959577756201,0.5185994965749793,0.9999878125121098,0.9999957464284306,0.4916886403008324,0.668,0.668,PROCAR,nurion
POSCAR_As2Cr2_4_st025,199,17,ok,4,0.9999957730676635,0.4552371720124507,0.9999942303789041,0.9999955540940646,0.43334688276344724,0.657,0.657,PROCAR,nurion
POSCAR_As2Cr2_4_st050,199,17,ok,4,0.999963068371067,0.4079044681538369,0.9999747865169343,0.9999771513634628,0.3858276247683315,0.651,0.648,ToBeDelete_PROCAR,nurion
POSCAR_As2Cr2_4_st950,199,17,ok,4,0.9999983641920581,0.6855498938430843,0.9999963006437375,0.999998095999283,0.641760218269063,0.7010000000000001,0.7,PROCAR,nurion
POSCAR_As2Cr2_4_st975,199,17,ok,4,0.9999960988724615,0.5993211366778078,0.999992513941521,0.9999956474102757,0.5633224876603765,0.683,0.683,PROCAR,nurion
POSCAR_As2Cr2_4_x025,199,17,ok,4,0.9999994774427162,0.5309419530742355,0.999990498512513,0.9999933591630215,0.5004496899975153,0.668,0.669,ToBeDelete_PROCAR,nurion
POSCAR_As2Cr2_4_x050,185,17,ok,4,0.9999995023367405,0.38892235860827107,0.9999977395639873,0.9999957152871545,0.36919889457054245,0.682,0.6799999999999999,ToBeDelete_PROCAR,nurion
POSCAR_As2Cr2_4_x950,93,17,ok,4,0.9999967703948901,0.712281523629984,0.9999862595740112,0.9999967291292706,0.7130013372577874,0.7000000000000001,0.7000000000000001,ToBeDelete_PROCAR,nurion
POSCAR_As2Cr2_4_x975,93,17,ok,4,0.9999996780598931,0.7193906986908036,0.9999921281778109,0.9999996751478787,0.7201026041495915,0.6990000000000001,0.7000000000000001,ToBeDelete_PROCAR,nurion
POSCAR_As2Cr2_4_y025,199,17,ok,4,0.9999995553764697,0.4522786366405305,0.9999924720381116,0.9999996016192914,0.42993209076411715,0.668,0.6689999999999999,ToBeDelete_PROCAR,nurion
POSCAR_As2Cr2_4_y050,199,17,ok,4,0.9999995901766165,0.39322343525386444,0.9999995868046062,0.9999996367180267,0.3765221220412155,0.668,0.6689999999999999,ToBeDelete_PROCAR,nurion
POSCAR_As2Cr2_4_y950,199,17,ok,4,0.9999932310761687,0.6736256459224793,0.9999748092695558,0.9999921108411983,0.6383774293320056,0.673,0.671,ToBeDelete_PROCAR,nurion
POSCAR_As2Cr2_4_y975,199,17,ok,4,0.9999833911556226,0.5939093187324479,0.9999867154144297,0.9999852182647648,0.56124187335119,0.668,0.668,ToBeDelete_PROCAR,nurion
POSCAR_As2Cr2_4_z025,199,17,ok,4,0.9999885891100608,0.5111913174833728,0.9999897922031481,0.9999894900123337,0.4864711853070912,0.66,0.659,ToBeDelete_PROCAR,nurion
POSCAR_As2Cr2_4_z050,199,17,ok,4,0.9999881332701812,0.5103094789215238,0.9999893407516582,0.9999870080636319,0.48351956311658484,0.649,0.648,ToBeDelete_PROCAR,nurion
POSCAR_As2Cr2_4_z975,199,17,ok,4,0.999999568863253,0.5263410270346448,0.9999921373117555,0.9999996145127682,0.4993418018329844,0.68,0.681,ToBeDelete_PROCAR,nurion
POSCAR_As2Mo2_1,365,17,ok,4,0.986622011306037,0.8004378886185709,0.6122671133570018,0.1010463427838824,0.08427411579933877,0.667,0.57,ToBeDelete_PROCAR,nurion
POSCAR_As2Mo2_1_st025,365,17,ok,4,0.9509806778722394,0.7011877142268232,0.638622992436429,0.08990677808403409,0.07457561468095751,0.652,0.548,ToBeDelete_PROCAR,nurion
POSCAR_As2Mo2_1_st050,387,17,ok,4,0.9878231534744221,0.9630188594417257,0.9780483376874541,0.9670876900596476,0.6024975721552944,0.532,0.503,PROCAR,nurion
POSCAR_As2Mo2_1_st950,66,19,ok,4,0.9942983851656035,0.9356467475457085,0.4535293361666855,0.4546863863648418,0.2332165438494575,0.895,0.781,PROCAR,nurion
POSCAR_As2Mo2_1_st975,366,17,ok,4,0.9974065188395701,0.9619541024483996,0.9625434170574089,0.9601248756955557,0.6504501156341067,0.6360000000000001,0.6260000000000001,ToBeDelete_PROCAR,nurion
POSCAR_As2Mo2_1_z025,366,17,ok,4,0.9932423405887781,0.9614980361117222,0.8944263609763132,0.9077266371011904,0.6134803906064872,0.5860000000000001,0.6100000000000001,PROCAR,nurion
POSCAR_As2Mo2_1_z050,366,17,ok,4,0.9897477868523108,0.9514084924773609,0.9018083570864431,0.9070363089277769,0.5860023758944922,0.5780000000000001,0.606,PROCAR,nurion
POSCAR_As2Mo2_1_z950,365,17,ok,4,0.9808107721793594,0.9116285094820609,0.9586945423731484,0.935392537117282,0.3759602601367141,0.5800000000000001,0.585,PROCAR,nurion
POSCAR_As2Mo2_1_z975,387,17,ok,4,0.9773908781373667,0.9536453140549036,0.9384417002424542,0.9085337407940587,0.5038614013190301,0.5780000000000001,0.563,PROCAR,nurion
POSCAR_As2Mo2_3,212,19,ok,4,0.999930225233169,0.8803376524463654,0.8895828723139161,0.25867203523283966,0.13683877411183767,0.8380000000000001,0.7820000000000001,ToBeDelete_PROCAR,nurion
POSCAR_As2Mo2_3_st975,87,18,ok,4,0.9999875392810355,0.9999745076308668,0.7395099396440117,0.9978373675542072,0.9961012408879538,0.8170000000000001,0.8200000000000001,ToBeDelete_PROCAR,nurion
POSCAR_As2Mo2_3_x950,176,19,ok,4,0.9999994383618915,0.6241083201074272,0.9967187989903094,0.852061511804323,0.2473521695836714,0.8750000000000001,0.8490000000000001,PROCAR,nurion
POSCAR_As2Mo2_3_x975,94,19,ok,4,0.999951782630448,0.6182844287332399,0.9987025254256453,0.7116065054693061,0.17551165570792118,0.8760000000000001,0.8520000000000001,PROCAR,nurion
POSCAR_As2Mo2_3_y975,160,19,ok,4,0.9999245668299228,0.6191120188171033,0.9984996324401887,0.8414331526190291,0.20491522738725798,0.8530000000000002,0.875,PROCAR,nurion
POSCAR_As2Mo2_4,68,19,ok,4,0.9999992180097113,0.8865864412483218,0.9639035507036751,0.9999920104724133,0.0,0.76,0.758,ToBeDelete_PROCAR,nurion
POSCAR_As2Mo2_4_st025,68,19,ok,4,0.9999986123399875,0.7166293485208974,0.9445909820715536,0.9999933154043895,0.0,0.7399999999999999,0.7389999999999999,PROCAR,nurion
POSCAR_As2Mo2_4_st050,1,20,ok,4,0.9999987175175341,0.26300340587954846,0.9987629967111993,0.9999987133934729,0.25952702943682726,0.65,0.651,PROCAR,nurion
POSCAR_As2Mo2_4_st975,22,19,ok,4,0.999997515370415,0.46963867503741674,0.9892464987752871,0.9999799600515545,0.15403631753017935,0.7739999999999999,0.7749999999999999,ToBeDelete_PROCAR,nurion
POSCAR_As2Mo2_4_x025,7,19,ok,4,0.9999999999999999,0.8319942318136461,0.9573535551105745,1.0,0.0,0.755,0.755,PROCAR,nurion
POSCAR_As2Mo2_4_y025,68,19,ok,4,0.9999999541069214,0.8660188666628021,0.9655647518468735,0.9999945471612537,0.0,0.761,0.76,PROCAR,nurion
POSCAR_As2Mo2_4_z050,32,18,ok,4,0.9999771740937775,0.08582976609698655,0.6592503103697086,0.9999553359167923,0.08708650055805107,0.6849999999999999,0.6819999999999999,PROCAR,nurion
POSCAR_As2Mo2_4_z950,7,19,ok,4,1.0,0.9352190841450386,0.9642605188981759,0.9999955847315127,0.0,0.7679999999999999,0.768,PROCAR,nurion
POSCAR_As2Mo2_4_z975,68,19,ok,4,0.9999999649590178,0.9328219020116731,0.9689568192604985,0.9999947890504587,0.0,0.7669999999999999,0.7659999999999999,PROCAR,nurion
POSCAR_As2Nb2_2,207,18,ok,4,0.9999942178464722,0.9998490135892389,0.6021905466445461,0.9999128374762127,0.9997521703565891,0.638,0.636,PROCAR,nurion
POSCAR_As2Nb2_2_y025,86,18,ok,4,0.9999999971985825,0.9999137060480864,0.6680641904343971,0.9999657804649726,0.9998776323276232,0.653,0.654,PROCAR,nurion
POSCAR_As2Ni2_1,223,16,ok,4,0.9999787563181338,0.999796310409812,0.4067085726777583,0.9997624561949859,0.9992873302366146,0.883,0.88,ToBeDelete_PROCAR,nurion
POSCAR_As2Ni2_1_x025,275,16,ok,4,0.9999880283391529,0.9999857379560442,0.402003755174114,0.9999690673527228,0.9999398228886417,0.8779999999999999,0.8799999999999999,PROCAR,nurion
POSCAR_As2Ni2_1_x050,275,16,ok,4,0.9999988140076672,0.9999751077583116,0.41035437195459634,0.9999883334948801,0.9999289728689122,0.869,0.868,PROCAR,nurion
POSCAR_As2Ni2_1_y025,275,16,ok,4,0.9999933141084141,0.9999895223234503,0.40251627506371657,0.9999719497509886,0.9999586721676074,0.8799999999999999,0.8799999999999999,PROCAR,nurion
POSCAR_As2Ni2_1_y050,275,16,ok,4,0.9999995145544456,0.9999945865629218,0.40979989327100713,0.9999723959546175,0.9999730405460324,0.868,0.866,PROCAR,nurion
POSCAR_As2Ni2_1_z050,408,15,ok,4,0.999981096833527,0.999966439971073,0.22331177322085174,0.9998806673733965,0.9998714441038441,0.841,0.838,PROCAR,nurion
POSCAR_As2Ru2_2,338,19,ok,4,0.9601623545230035,0.7870815774844833,0.9243958988801422,0.9398367902730959,0.41171778763871436,0.772,0.8130000000000001,PROCAR,local_backup
POSCAR_As2Ru2_2_st025,159,19,ok,4,0.9923486628537849,0.48857262701715426,0.9954909491624101,0.9627486698790476,0.26546690252390776,0.858,0.8160000000000001,PROCAR,tgm
POSCAR_As2Ru2_2_st050,327,19,ok,4,0.9351949684349499,0.8622610640250632,0.8576594309305144,0.9219702459555604,0.707075357339343,0.701,0.743,PROCAR,tgm
POSCAR_As2Ru2_2_st950,315,19,ok,4,0.9782136131022049,0.4241161295300553,0.966119212720502,0.9668395332466115,0.30139058783821665,0.839,0.854,PROCAR,tgm
POSCAR_As2Ru2_2_st975,315,19,ok,4,0.9780770163222026,0.48963111792534375,0.9499226052613695,0.9686506598454889,0.3419927752111484,0.819,0.842,PROCAR,tgm
POSCAR_As2Ru2_2_x950,239,19,ok,4,0.9676632636572247,0.8450678664494238,0.9300591049217304,0.9499831303328372,0.4142952918355272,0.8160000000000001,0.7909999999999999,PROCAR,nurion
POSCAR_As2Ru2_2_x975,239,19,ok,4,0.965026935762554,0.7777107224353055,0.9359994344098173,0.9500631316838959,0.3675745541219479,0.8180000000000001,0.782,PROCAR,nurion
POSCAR_As2Ru2_2_y950,278,19,ok,4,0.9675957040022137,0.8807054472512668,0.9175830417980381,0.959366442954781,0.4956651264889794,0.819,0.794,PROCAR,nurion
POSCAR_As2Ru2_2_y975,316,19,ok,4,0.9652946430420652,0.7998103003787596,0.9337379303255007,0.951506852197763,0.4316638941914186,0.783,0.8180000000000001,PROCAR,nurion
POSCAR_As2Ru2_2_z025,338,19,ok,4,0.9593016015328587,0.8786763015068912,0.8990506101503742,0.9340373372140665,0.44976754035917554,0.764,0.8089999999999999,PROCAR,nurion
POSCAR_As2Ru2_2_z950,315,19,ok,4,0.9775732793634959,0.5702620009669597,0.9369846893770956,0.9637729497063751,0.37486345785834085,0.808,0.841,PROCAR,nurion
POSCAR_As2Ru2_2_z975,315,19,ok,4,0.9761962156978421,0.5625736031717061,0.9290169600890069,0.9640877474571238,0.37373256309555175,0.8,0.832,PROCAR,nurion
POSCAR_As2V2_1,171,18,ok,4,0.990088178723479,0.5473112463566231,0.9898864562502823,0.6758881236847158,0.2803287866007371,0.685,0.6970000000000001,ToBeDelete_PROCAR,nurion
POSCAR_As2V2_1_st025,150,17,ok,4,0.9118720388451558,0.20742313504386561,0.9478258226628472,0.374676771333982,0.04184073061145678,0.649,0.7220000000000001,PROCAR,nurion
POSCAR_As2V2_1_st050,95,17,ok,4,0.9975213320118679,0.5116534840554177,0.9778526702408411,0.4946080416638713,0.3351072956874174,0.6330000000000001,0.605,PROCAR,nurion
POSCAR_As2V2_1_st950,261,18,ok,4,0.994289088665755,0.4865351639034791,0.9543516425259524,0.7479564439181046,0.0794120683257596,0.817,0.792,ToBeDelete_PROCAR,nurion
POSCAR_As2V2_1_st975,171,18,ok,4,0.9756684525322792,0.3740470625623917,0.9732659641947506,0.47906646138623765,0.16878289454659204,0.7440000000000001,0.7280000000000001,PROCAR,nurion
POSCAR_As2V2_1_x025,85,18,ok,4,0.998723833667995,0.5325717525059076,0.9954721196851433,0.5597677167856318,0.2507013737192019,0.6890000000000001,0.671,PROCAR,nurion
POSCAR_As2V2_1_x050,105,18,ok,4,0.9989796899647663,0.5487009240258094,0.9911010919276451,0.5491797010536126,0.26751829710504405,0.685,0.6680000000000001,PROCAR,nurion
POSCAR_As2V2_1_x950,151,18,ok,4,0.9748098222681382,0.5659975951947807,0.9820017684308043,0.8005751965457192,0.31289502290973653,0.6909999999999998,0.7140000000000001,PROCAR,nurion
POSCAR_As2V2_1_x975,151,18,ok,4,0.982713338521401,0.5590540659921462,0.9867864868035485,0.7682713166660643,0.2994066364924915,0.6889999999999998,0.7020000000000001,PROCAR,nurion
POSCAR_As2V2_1_y025,105,18,ok,4,0.9942262939924412,0.6094497219708047,0.9933172216944345,0.5923966027629305,0.3507438243504958,0.677,0.656,PROCAR,nurion
POSCAR_As2V2_1_y050,151,18,ok,4,0.9949600700011942,0.6632133823970661,0.9924224064108983,0.575303786808855,0.41636468063039767,0.637,0.658,PROCAR,nurion
POSCAR_As2V2_1_y950,151,18,ok,4,0.9858469566346467,0.7132390123651019,0.966127850294339,0.7701035735986851,0.31790423014756686,0.7130000000000001,0.736,PROCAR,nurion
POSCAR_As2V2_1_y975,171,18,ok,4,0.9913311709298767,0.54461728363278,0.9922051921143009,0.8158995328963228,0.2533805793551499,0.6970000000000001,0.7140000000000001,PROCAR,nurion
POSCAR_As2V2_1_z025,150,17,ok,4,0.9690893228079883,0.1940319753521007,0.9753949176841773,0.5983768416849402,0.08208027586390426,0.741,0.7310000000000001,PROCAR,nurion
POSCAR_As2V2_1_z050,95,17,ok,4,0.9917122259456921,0.22326192057734648,0.9856163257651549,0.6922635218224455,0.13846291669549254,0.719,0.726,PROCAR,nurion
POSCAR_As2V2_1_z950,171,18,ok,4,0.974504254546777,0.37037394952546504,0.9684751934376724,0.36943916684632316,0.2133024757455344,0.7250000000000001,0.6900000000000001,PROCAR,nurion
POSCAR_As2V2_1_z975,171,18,ok,4,0.9849544695343452,0.4310267831887395,0.9786763957704248,0.393976444304181,0.21381538327072874,0.704,0.6970000000000001,PROCAR,nurion
POSCAR_As2V2_2,83,17,ok,4,0.9691231312342895,0.48495712092591386,0.8330819699591538,0.22267888539374567,0.10468866957661635,0.6910000000000001,0.7170000000000001,PROCAR,nurion
POSCAR_As2V2_2_st025,255,18,ok,4,0.8897638813347505,0.7037844281413571,0.47948545424510997,0.12257632262952606,0.10085712348829613,0.6590000000000001,0.7410000000000001,PROCAR,nurion
POSCAR_As2V2_2_st050,222,18,ok,4,0.9728117170060239,0.38885594689158975,0.2733339777326061,0.8862759494015439,0.14828067253894284,0.6440000000000001,0.6210000000000001,ToBeDelete_PROCAR,nurion
POSCAR_As2V2_2_st950,399,17,ok,4,0.993992813651859,0.7233862854608643,0.6012145339737244,0.7387676261474713,0.22505842246378452,0.7860000000000001,0.752,PROCAR,nurion
POSCAR_As2V2_2_st975,83,17,ok,4,0.9717270591743727,0.547209431244643,0.8454854402838876,0.2163255204812932,0.12071629265095006,0.7180000000000001,0.73,PROCAR,nurion
POSCAR_As2V2_2_z025,411,18,ok,4,0.9957587919545289,0.5300413272563927,0.3735095130499634,0.8441465518839683,0.13376255503012363,0.682,0.6890000000000001,PROCAR,nurion
POSCAR_As2V2_2_z050,222,18,ok,4,0.9910332104700232,0.4998419256518337,0.3335644317009029,0.8959312444311129,0.17971901184387476,0.6780000000000002,0.673,PROCAR,nurion
POSCAR_As2V2_2_z950,83,17,ok,4,0.9771070875804155,0.38012146306862865,0.9279233100088518,0.431922437971611,0.15717169676957773,0.7140000000000001,0.734,PROCAR,nurion
POSCAR_As2V2_2_z975,83,17,ok,4,0.9713589894889479,0.43458399593526315,0.8751298335631638,0.2837622741627352,0.12008350092380977,0.7020000000000001,0.728,PROCAR,nurion
POSCAR_As4Cr2_1,91,19,ok,6,0.9940430981262117,0.4563839571286206,0.9613591332086465,0.7796265182367481,0.3378536933679557,0.682,0.6669999999999999,PROCAR,nurion
POSCAR_As4Cr2_1_st025,91,19,ok,6,0.9993708052422143,0.38648120864610286,0.9639981127236901,0.6957721932690454,0.27403589620971514,0.6550000000000001,0.618,PROCAR,nurion
POSCAR_As4Cr2_1_st050,91,19,ok,6,0.9916496638039425,0.36008803485489715,0.9582717645822605,0.6580214868516422,0.2573082773527619,0.6390000000000001,0.588,ToBeDelete_PROCAR,nurion
POSCAR_As4Cr2_1_st950,187,23,ok,6,0.9696952641508645,0.3067455487419304,0.7212648151424786,0.9429135381508207,0.10447609909740802,0.677,0.657,PROCAR,nurion
POSCAR_As4Cr2_1_st975,89,21,ok,6,0.9527576763354346,0.912896575426206,0.8855749638473888,0.9113041280840283,0.5963036310359633,0.639,0.6709999999999999,ToBeDelete_PROCAR,nurion
POSCAR_As4Cr2_1_x025,91,19,ok,6,0.9995152740956694,0.42112480155804854,0.9551464257271997,0.6592304624588409,0.2847482711381676,0.6610000000000001,0.6419999999999999,ToBeDelete_PROCAR,nurion
POSCAR_As4Cr2_1_x050,91,19,ok,6,0.999589441073983,0.45288112677280423,0.9327001311558029,0.5936406834394649,0.2972165001217965,0.6330000000000001,0.6170000000000001,ToBeDelete_PROCAR,nurion
POSCAR_As4Cr2_1_x950,244,19,ok,6,0.9999108909858875,0.407624601027277,0.9766543152585426,0.7148850029189706,0.26887502646247907,0.6789999999999999,0.696,ToBeDelete_PROCAR,nurion
POSCAR_As4Cr2_1_x975,244,19,ok,6,0.9830623821040296,0.2727178238134181,0.9848771910986199,0.38118052928906115,0.14183393583741447,0.661,0.687,ToBeDelete_PROCAR,nurion
POSCAR_As4Cr2_1_y025,91,19,ok,6,0.9903094172849175,0.2874332671031685,0.9690967190654627,0.6953045716170599,0.16970715257735322,0.6850000000000002,0.6930000000000001,ToBeDelete_PROCAR,nurion
POSCAR_As4Cr2_1_y050,91,19,ok,6,0.9900825240806899,0.18390820169570324,0.9764427597050157,0.6668378756046809,0.09015220709501955,0.6970000000000001,0.7150000000000001,ToBeDelete_PROCAR,nurion
POSCAR_As4Cr2_1_y950,91,19,ok,6,0.9997504236266396,0.75403678165161,0.9605776322714028,0.950323596543672,0.6978739307000504,0.679,0.632,ToBeDelete_PROCAR,nurion
POSCAR_As4Cr2_1_y975,91,19,ok,6,0.9990163180156892,0.6391789622247588,0.961087318714497,0.8819600406391115,0.5522525647883602,0.6759999999999999,0.642,ToBeDelete_PROCAR,nurion
POSCAR_As4Cr2_1_z025,245,19,ok,6,0.9962931838797293,0.11132935656970096,0.9893779781993277,0.28882154284472944,0.045458215005148614,0.694,0.7140000000000001,ToBeDelete_PROCAR,nurion
POSCAR_As4Cr2_1_z050,165,19,ok,6,0.9668821790143518,0.1919325795597716,0.968908759644568,0.6131855078437526,0.11030957666145698,0.6560000000000001,0.712,ToBeDelete_PROCAR,nurion
POSCAR_As4Cr2_1_z950,229,23,ok,6,0.9598441014982421,0.34115003487072487,0.6401006704700458,0.895363912808547,0.09321996389321804,0.617,0.63,ToBeDelete_PROCAR,nurion
POSCAR_As4Cr2_1_z975,91,19,ok,6,0.9857350841569574,0.3433436191323148,0.9596926128947667,0.6724973714815182,0.20091972512690684,0.6910000000000002,0.705,ToBeDelete_PROCAR,nurion
POSCAR_As4Fe2_1,192,19,ok,6,0.9711402141274044,0.9222866613879479,0.9313952708827262,0.7030895008365864,0.5399416573757789,0.607,0.6719999999999999,PROCAR,nurion
POSCAR_As4Fe2_1_st050,94,19,ok,6,0.9580607057890943,0.6543300955557114,0.686228592152349,0.9129613889355651,0.0,0.718,0.65,PROCAR,nurion
POSCAR_As4Fe2_1_st950,269,15,ok,6,0.9876637643758005,0.37173205110560487,0.9503852312454397,0.83254908744886,0.2946166871801706,0.793,0.8260000000000001,ToBeDelete_PROCAR,nurion
POSCAR_As4Fe2_1_st975,78,19,ok,6,0.9995961709525747,0.9538608817417358,0.94348795610119,0.9443494755517948,0.22557211677202546,0.725,0.6570000000000001,PROCAR,nurion
POSCAR_As4Fe2_1_x025,80,19,ok,6,0.871074805230689,0.4817369120720424,0.5260832129082369,0.7703189374731345,0.0,0.7000000000000001,0.645,PROCAR,nurion
POSCAR_As4Fe2_1_x050,381,16,ok,6,0.9462208100971029,0.774961403642815,0.901165452540811,0.9287215562752767,0.6215303873401345,0.619,0.602,PROCAR,nurion
POSCAR_As4Fe2_1_x950,381,15,ok,6,0.8564515654228314,0.6911415325725644,0.6163057446249328,0.0,0.0,0.9390000000000001,0.65,PROCAR,nurion
POSCAR_As4Fe2_1_x975,192,19,ok,6,0.893704518405127,0.7870112711113135,0.7758931911217672,0.8478915342338518,0.0,0.784,0.6890000000000001,PROCAR,nurion
POSCAR_As4Fe2_1_y025,192,19,ok,6,0.9814775881916471,0.9092972363078087,0.927469988473409,0.7387252277257869,0.5699418873379964,0.595,0.649,PROCAR,nurion
POSCAR_As4Fe2_1_y050,94,19,ok,6,0.9481613408771065,0.7171932956011167,0.7322330822383089,0.8902111386752585,0.0,0.748,0.677,PROCAR,nurion
POSCAR_As4Fe2_1_y975,192,19,ok,6,0.9052570661785243,0.8148693487667695,0.8097635712398443,0.8642939212769911,0.0,0.7910000000000001,0.6990000000000001,PROCAR,nurion
POSCAR_As4Fe2_1_z025,192,19,ok,6,0.8675034403784132,0.7263853965178224,0.700281405742406,0.8095043761148566,0.0,0.765,0.6709999999999999,PROCAR,nurion
POSCAR_As4Fe2_1_z050,192,19,ok,6,0.876298950536404,0.7244664620745335,0.6986267685081115,0.8104415448919131,0.0,0.76,0.669,PROCAR,nurion
POSCAR_As4Fe2_1_z950,162,19,ok,6,0.9945324780970132,0.8030094441880927,0.9290038303487861,0.9470297767558127,0.17287077111934676,0.641,0.7149999999999999,PROCAR,nurion
POSCAR_As4Fe2_1_z975,80,19,ok,6,0.8737671722375524,0.5521197131875969,0.5849484528906429,0.7580087237673208,0.0,0.721,0.668,PROCAR,nurion
POSCAR_As8Co2_1,186,29,ok,10,0.9922995630131336,0.9886532001038439,0.33088666426435076,0.9394189686363931,0.9202913093879327,0.771,0.75,ToBeDelete_PROCAR,nurion
POSCAR_As8Co2_1_st050,5,30,ok,10,0.9999922235931755,0.9999929564118603,0.9999929564118603,0.9999602567365341,0.9999477836997075,0.904,0.904,ToBeDelete_PROCAR,nurion
POSCAR_As8Co2_1_st975,190,29,ok,10,0.9992877627044247,0.9992388563398439,0.29636474854179656,0.9955187911878225,0.9943767097977768,0.7600000000000001,0.769,ToBeDelete_PROCAR,nurion
POSCAR_As8Co2_1_x025,181,29,ok,10,0.9857948078033532,0.8981546088059537,0.5300323910043528,0.8079963966613076,0.7902594110743009,0.729,0.7680000000000001,PROCAR,nurion
POSCAR_As8Co2_1_x975,16,29,ok,10,0.9993519611729479,0.9993426276013836,0.27508709861866454,0.9989085568344361,0.9993419003932192,0.743,0.734,PROCAR,nurion
POSCAR_As8Co2_1_y950,118,29,ok,10,0.9999458374951206,0.9998387226310962,0.34539177229036694,0.9997143325953344,0.9997361004794142,0.77,0.7710000000000001,PROCAR,nurion
POSCAR_As8Co2_1_y975,179,29,ok,10,0.9967889074927394,0.9888326254540922,0.35745296058416476,0.9738321448941297,0.9769018338400061,0.7590000000000001,0.75,PROCAR,nurion
POSCAR_As8Co2_1_z950,141,29,ok,10,0.9998986022766186,0.9998481994151059,0.23548250539426924,0.9993278870931697,0.9992724123158168,0.7240000000000001,0.7310000000000001,PROCAR,nurion
POSCAR_As8Cr2_1,122,32,ok,10,0.9916290568551144,0.3938143546094991,0.9693487059591277,0.8575544687530626,0.2893322857856824,0.642,0.5810000000000002,ToBeDelete_PROCAR,nurion
POSCAR_As8Cr2_1_st025,122,32,ok,10,0.9995787268458345,0.38244127941243844,0.954505860145621,0.9109778630576516,0.286090513307221,0.6110000000000001,0.5890000000000001,PROCAR,nurion
POSCAR_As8Cr2_1_st050,122,32,ok,10,0.9961907926801769,0.35719002675073686,0.8959861897840931,0.9261576960083538,0.21109900939376425,0.5820000000000002,0.5990000000000001,PROCAR,nurion
POSCAR_As8Cr2_1_st950,104,31,ok,10,0.9829918750891804,0.8010715116092011,0.8680927633648341,0.938651774052437,0.7212975621254447,0.5860000000000001,0.589,ToBeDelete_PROCAR,nurion
POSCAR_As8Cr2_1_st975,104,31,ok,10,0.9844760231993938,0.7731675855514427,0.8936761404493668,0.9471153674587642,0.7092237521940014,0.5680000000000001,0.571,ToBeDelete_PROCAR,nurion
POSCAR_As8Cr2_1_x050,52,30,ok,10,0.9965575526730469,0.6674551910025988,0.7551107398260609,0.9030327532143262,0.5298370632603874,0.5260000000000001,0.538,PROCAR,nurion
POSCAR_As8Cr2_1_x950,171,32,ok,10,0.9609337642475821,0.10110338060912755,0.9727161896637715,0.9584713053621006,0.03694875809442975,0.7150000000000001,0.6650000000000001,PROCAR,nurion
POSCAR_As8Cr2_1_x975,171,32,ok,10,0.955922324548316,0.09331981961855913,0.9680604427411759,0.9493135829216043,0.03052821400769775,0.713,0.658,PROCAR,nurion
POSCAR_As8Cr2_1_y050,115,32,ok,10,0.9857928384386494,0.2654554918746319,0.9608573350861288,0.8757653774432697,0.22901625726103653,0.6370000000000001,0.598,PROCAR,nurion
POSCAR_As8Cr2_1_y950,130,32,ok,10,0.994287881657793,0.1294891816201424,0.9850411620147389,0.9898537322259069,0.08472940440657352,0.679,0.682,PROCAR,nurion
POSCAR_As8Cr2_1_z025,171,32,ok,10,0.9634670814381997,0.08480819983775549,0.976734466438734,0.9629190726164392,0.03338847526208329,0.7010000000000001,0.6530000000000001,PROCAR,nurion
POSCAR_As8Cr2_1_z050,171,32,ok,10,0.9646527612430474,0.09101655871060935,0.981233741370681,0.9671886361714173,0.03893186097688074,0.6900000000000002,0.6470000000000001,PROCAR,nurion
POSCAR_As8Cr2_1_z950,112,31,ok,10,0.9889197154246533,0.825716102417108,0.8606965587285883,0.9636441815266403,0.735053835683612,0.5790000000000001,0.5770000000000001,PROCAR,nurion
POSCAR_As8Cr2_1_z975,104,31,ok,10,0.9829788163032344,0.7346501236689522,0.9057442013166972,0.9494044180246518,0.6936098679584007,0.5630000000000001,0.57,PROCAR,nurion
POSCAR_As8Cr2_3,20,32,ok,10,0.9791900760605255,0.29099587798733734,0.8989103669472757,0.6769651929267275,0.07765529359610954,0.6030000000000001,0.6900000000000001,ToBeDelete_PROCAR,nurion
POSCAR_As8Cr2_3_st025,190,32,ok,10,0.96003143425343,0.16390690138385197,0.9435416552684909,0.8966729059089372,0.08804114163148942,0.665,0.651,PROCAR,nurion
POSCAR_As8Cr2_3_st050,190,32,ok,10,0.9892687690014399,0.22991402823735504,0.9586220706735109,0.9490111379545627,0.1650613885435773,0.619,0.6350000000000001,PROCAR,nurion
POSCAR_As8Cr2_3_st950,85,32,ok,10,0.9973611472590677,0.15670757223212217,0.976915912726588,0.8181215311401197,0.06081164484858123,0.6970000000000001,0.689,PROCAR,nurion
POSCAR_As8Cr2_3_st975,20,32,ok,10,0.9990389182631644,0.20984792651709733,0.9588768116963294,0.7594451819029593,0.052891971946534916,0.6549999999999999,0.7030000000000001,PROCAR,nurion
POSCAR_As8Cr2_3_x025,190,32,ok,10,0.9634742015247839,0.16190236358096,0.9406390284568283,0.9173450565142914,0.0766731638105098,0.673,0.661,PROCAR,nurion
POSCAR_As8Cr2_3_x050,190,32,ok,10,0.9992324860781017,0.22738145681922992,0.9414748717123126,0.9886904335160361,0.11393440053990346,0.616,0.659,PROCAR,nurion
POSCAR_As8Cr2_3_x950,20,32,ok,10,0.9925394923568907,0.23552700268583965,0.9469094348971286,0.7591768660950098,0.07118253611337202,0.6270000000000001,0.7,PROCAR,nurion
POSCAR_As8Cr2_3_x975,20,32,ok,10,0.9884613701720624,0.25893826029315486,0.9263441324378895,0.7287717842528584,0.07006294435128829,0.618,0.6940000000000001,PROCAR,nurion
POSCAR_As8Cr2_3_y025,190,32,ok,10,0.9595037941819342,0.14207723360751015,0.9454726764541658,0.8988520552481049,0.07141600572083104,0.6759999999999999,0.666,PROCAR,nurion
POSCAR_As8Cr2_3_y050,190,32,ok,10,0.9743508482019028,0.14810820750939097,0.9503486087547971,0.9153498958387314,0.07951121095563006,0.6630000000000001,0.669,PROCAR,nurion
POSCAR_As8Cr2_3_y950,20,32,ok,10,0.9996937528372917,0.22945120466384272,0.9449099132516362,0.72975972643198,0.05587115185326295,0.6459999999999999,0.683,PROCAR,nurion
POSCAR_As8Cr2_3_y975,20,32,ok,10,0.994369521156328,0.25149277896323585,0.9260918027833753,0.711900067972688,0.06389416081135041,0.627,0.6900000000000001,PROCAR,nurion
POSCAR_As8Cr2_3_z025,190,32,ok,10,0.9561591716994295,0.1633215896862249,0.9423201389579797,0.8953073274093816,0.0772463477889889,0.685,0.664,PROCAR,nurion
POSCAR_As8Cr2_3_z050,57,32,ok,10,0.997017021298033,0.3377627042257128,0.9319761190902064,0.7429789413990571,0.10425298382876604,0.6210000000000001,0.662,PROCAR,nurion
POSCAR_As8Cr2_3_z950,190,32,ok,10,0.9459830292429029,0.1356849771758396,0.9457217302177547,0.8963149526284026,0.0524887455657131,0.7050000000000001,0.682,PROCAR,nurion
POSCAR_As8Cr2_3_z975,190,32,ok,10,0.9485279761249482,0.14442416833780797,0.9437502795602233,0.9001468818055869,0.060776460058814756,0.6990000000000001,0.679,PROCAR,nurion
POSCAR_B2Co2_5,218,10,ok,4,0.9971709393591575,0.3173250800742419,0.9983050052099443,0.7591039150366035,0.20608498907378675,0.909,0.895,PROCAR,nurion
POSCAR_B2Co2_5_st950,643,12,ok,4,0.9883794593329279,0.6035608558363,0.9750289222025498,0.8615908253710102,0.25277686248212144,0.957,0.9730000000000001,PROCAR,nurion
POSCAR_B2Co2_5_st975,608,12,ok,4,0.9994467335300808,0.8760806404362224,0.9990087042255219,0.9128050772191812,0.7487308275541406,0.9620000000000001,0.9670000000000001,PROCAR,nurion
POSCAR_B2Co2_5_x025,42,9,ok,4,0.9994234758047865,0.9988909107126799,0.851757209917794,0.3788727244956948,0.26711351650285114,0.9200000000000002,0.942,PROCAR,nurion
POSCAR_B2Co2_5_x950,58,9,ok,4,0.9917134637411759,0.8149725199845603,0.78482167319526,0.9338084826070503,0.7469121344296937,0.8980000000000001,0.907,PROCAR,nurion
POSCAR_B2Co2_5_x975,778,9,ok,4,0.9977814673537038,0.5396451637682882,0.961106189308523,0.6613678890599662,0.37958708413679676,0.915,0.931,PROCAR,nurion
POSCAR_B2Fe2_3,389,10,ok,4,0.9547282300327926,0.7938840538026483,0.966185294781281,0.5538971397105502,0.23685710844543012,0.829,0.769,PROCAR,nurion
POSCAR_B2Fe2_3_st025,501,10,ok,4,0.9958486028252316,0.8980951769001311,0.9530509707175404,0.8975897146095271,0.40478765220818663,0.803,0.77,PROCAR,nurion
POSCAR_B2Fe2_3_st950,541,10,ok,4,0.9877572923335726,0.7432914572829313,0.9914842749686925,0.4895123286261589,0.22201210698284768,0.909,0.882,ToBeDelete_PROCAR,nurion
POSCAR_B2Fe2_3_st975,501,10,ok,4,0.9833669812841063,0.754432151857337,0.9814339098360999,0.6731338501282466,0.29360902414768875,0.8639999999999999,0.8190000000000001,ToBeDelete_PROCAR,nurion
POSCAR_B2Fe2_3_x025,449,10,ok,4,0.9149711412731044,0.789082784471093,0.9326051304437554,0.5746875174745456,0.2595495918778485,0.754,0.829,ToBeDelete_PROCAR,nurion
POSCAR_B2Fe2_3_x050,544,11,ok,4,0.9854714734287007,0.7594189403467339,0.9200311795602838,0.3920433213131958,0.30687281171767683,0.8570000000000001,0.802,ToBeDelete_PROCAR,nurion
POSCAR_B2Fe2_3_x950,497,10,ok,4,0.9705914419630803,0.7597552620419655,0.9587258470161403,0.8265739697866655,0.5163060897927548,0.7970000000000002,0.8579999999999999,ToBeDelete_PROCAR,nurion
POSCAR_B2Fe2_3_x975,497,10,ok,4,0.9544850249586291,0.7603520798966037,0.9639612631890867,0.7443910090921264,0.4497468462584607,0.7849999999999999,0.8440000000000001,ToBeDelete_PROCAR,nurion
POSCAR_B2Fe2_3_y025,497,10,ok,4,0.9153115009487002,0.7909740017109436,0.9326374548836919,0.6930668739392968,0.4346035577024383,0.75,0.8300000000000001,ToBeDelete_PROCAR,nurion
POSCAR_B2Fe2_3_y050,416,11,ok,4,0.985869751713852,0.7633958787836564,0.9200651778273014,0.7611900173189132,0.5108815258538986,0.855,0.8019999999999999,ToBeDelete_PROCAR,nurion
POSCAR_B2Fe2_3_y950,449,10,ok,4,0.9702843179996034,0.7582060393444331,0.9582095424497578,0.5975249890620908,0.22228286455487795,0.7929999999999999,0.857,ToBeDelete_PROCAR,nurion
POSCAR_B2Fe2_3_y975,449,10,ok,4,0.9557514858049871,0.7590174075551402,0.9650559148531137,0.5607539942092572,0.21782894520093762,0.782,0.8430000000000001,ToBeDelete_PROCAR,nurion
POSCAR_B2Fe2_3_z025,501,10,ok,4,0.9385155835459917,0.771627997272789,0.9530553139749961,0.689031510304296,0.37021480722304223,0.814,0.751,ToBeDelete_PROCAR,nurion
POSCAR_B2Fe2_3_z050,501,10,ok,4,0.9230758416943939,0.7646952116682291,0.938821431848057,0.6567171264679033,0.3682196858842001,0.8039999999999998,0.729,ToBeDelete_PROCAR,nurion
POSCAR_B2Fe2_3_z975,417,10,ok,4,0.9677999500754705,0.8169781572124281,0.9759645953888844,0.7318623155808697,0.39142772322606223,0.788,0.8449999999999999,ToBeDelete_PROCAR,nurion
POSCAR_B2Fe2_4,682,11,ok,4,0.9997709963470578,0.6176713056080299,0.9995493953663898,0.9942905575279581,0.4008189463577589,0.9039999999999999,0.9040000000000001,PROCAR,nurion
POSCAR_B2Fe2_4_st025,25,10,ok,4,0.9999819294255126,0.5884915023588355,0.9999265448098407,0.9997576899998931,0.5396040438137418,0.8670000000000001,0.8590000000000001,PROCAR,nurion
POSCAR_B2Fe2_4_st050,12,10,ok,4,0.9999907878573624,0.6274562947895469,0.9997363285497234,0.9997638707291673,0.5256027241104854,0.8600000000000001,0.8580000000000002,PROCAR,nurion
POSCAR_B2Fe2_4_st950,703,11,ok,4,0.9999516873463408,0.36775336058578967,0.99851593367328,0.9838346562591638,0.3203997272999113,0.9480000000000001,0.9470000000000001,ToBeDelete_PROCAR,nurion
POSCAR_B2Fe2_4_st975,683,11,ok,4,0.999987062558145,0.6705178003263316,0.999966895291376,0.9994343956555298,0.6338240348814849,0.9299999999999999,0.9269999999999999,PROCAR,nurion
POSCAR_B2Fe2_4_x025,682,11,ok,4,0.9997078182597675,0.5875664252571913,0.9992505337150412,0.9951797476473281,0.3278797342132526,0.898,0.9010000000000001,PROCAR,nurion
POSCAR_B2Fe2_4_x050,682,11,ok,4,0.999850853616486,0.5631776231592893,0.9991818683522752,0.9967475717005911,0.28134971839206246,0.8900000000000001,0.895,PROCAR,nurion
POSCAR_B2Fe2_4_x950,682,11,ok,4,0.9999140208919151,0.6495648749558155,0.999877094852755,0.9968835599661096,0.5740461423234164,0.9139999999999999,0.916,PROCAR,nurion
POSCAR_B2Fe2_4_y025,716,11,ok,4,0.9997315218810647,0.5899617869580449,0.9993001669786353,0.9938635835458989,0.3743675420354397,0.901,0.903,PROCAR,nurion
POSCAR_B2Fe2_4_y950,682,11,ok,4,0.9999978291636332,0.5158542138735547,0.9999101678636109,0.9829466033095463,0.4214834894772698,0.9169999999999998,0.9119999999999999,PROCAR,nurion
POSCAR_B2Fe2_4_y975,682,11,ok,4,0.9999228714091456,0.5983586677633691,0.9999339997138402,0.9970113127611613,0.46981070243778844,0.909,0.9070000000000001,PROCAR,nurion
POSCAR_B2Fe2_4_z025,682,11,ok,4,0.9997757151481602,0.5480100122002312,0.9993845944257241,0.9923549738263112,0.32473011189828743,0.902,0.9070000000000001,PROCAR,nurion
POSCAR_B2Fe2_4_z050,202,10,ok,4,0.9999406715467203,0.6763475403459824,0.9995656144349448,0.9943902041800864,0.383604187645224,0.879,0.8710000000000001,PROCAR,nurion
POSCAR_B2Fe2_4_z950,716,11,ok,4,0.9999931053752201,0.6288583123084936,0.9998520500947904,0.998687304415102,0.6351637638181284,0.9119999999999999,0.904,PROCAR,nurion
POSCAR_B2Fe2_5,752,11,ok,4,0.9999989057831505,0.18559797590538324,0.9994695687336403,0.9997103178760818,0.10745008733389269,0.8640000000000001,0.8640000000000001,PROCAR,nurion
POSCAR_B2Fe2_5_st975,317,11,ok,4,0.9999990129694168,0.37425104162822076,0.9996592449674256,0.9999372827673344,0.1968866525100862,0.849,0.851,ToBeDelete_PROCAR,nurion
POSCAR_B2Fe2_5_x025,502,12,ok,4,0.9999975063456266,0.12949543602141625,0.9996991695164995,0.9998437899477016,0.10699060391949311,0.8620000000000001,0.8660000000000001,PROCAR,nurion
POSCAR_B2Fe2_5_x050,696,11,ok,4,0.9999988459398117,0.1971537961452717,0.9998316628316501,0.9999916175073092,0.13754225066754291,0.849,0.85,PROCAR,nurion
POSCAR_B2Fe2_5_y025,75,11,ok,4,1.0,0.2543700575938227,0.9988273833897927,0.9999758683734481,0.21752990723863022,0.8260000000000001,0.8260000000000001,PROCAR,nurion
POSCAR_B2Fe2_5_y975,185,10,ok,4,0.9999999330374716,0.26718863751787886,0.9996421342207235,0.9999979678614116,0.02809128129875234,0.7929999999999999,0.792,PROCAR,nurion
POSCAR_B2Fe2_5_z050,350,11,ok,4,0.9999999660404759,0.17759543046465665,0.9991921765249475,0.9998509914618303,0.1264695985826045,0.8280000000000001,0.8290000000000001,PROCAR,nurion
POSCAR_B2Fe2_5_z950,500,11,ok,4,1.0,0.2673073966737458,0.9997722523671518,0.9999616766905725,0.11193763847627887,0.8639999999999999,0.8640000000000001,PROCAR,nurion
POSCAR_B2Fe2_5_z975,22,10,ok,4,0.9999984895587688,0.5863823386883933,0.9912602235669948,0.9999862901875324,0.6251831582268725,0.8360000000000002,0.8330000000000002,PROCAR,nurion
POSCAR_B2Mo2_4,190,17,ok,4,0.9942786522204652,0.7498347329409177,0.7038439275658298,0.6862683564637256,0.46518040223599805,0.793,0.7569999999999999,PROCAR,nurion
POSCAR_B2Mo2_4_st025,348,17,ok,4,0.9952853529403873,0.9947456436777261,0.9966174519685773,0.8044564488488231,0.6885275463677002,0.739,0.6900000000000001,ToBeDelete_PROCAR,nurion
POSCAR_B2Mo2_4_st050,161,17,ok,4,0.9818840491477757,0.9722875079373883,0.8556559743935925,0.6795626713813339,0.43969644918520995,0.682,0.81,PROCAR,nurion
POSCAR_B2Mo2_4_st950,169,17,ok,4,0.9877354012148166,0.9769152721196483,0.9526875731033723,0.9615438423775639,0.8404148139626602,0.8340000000000001,0.8259999999999998,PROCAR,nurion
POSCAR_B2Mo2_4_st975,297,17,ok,4,0.9962317290419727,0.8147837886261605,0.8232300248000063,0.21723841310335604,0.12085778835967387,0.768,0.8880000000000001,PROCAR,nurion
POSCAR_B2Mo2_4_x025,190,17,ok,4,0.9977265384004406,0.8149787281728684,0.7941150841337308,0.8626314062206253,0.6133146237332754,0.775,0.752,ToBeDelete_PROCAR,nurion
POSCAR_B2Mo2_4_x050,288,17,ok,4,0.9942886460631597,0.9822631466566636,0.9804072253032711,0.6320249161659912,0.37015350999604846,0.704,0.766,ToBeDelete_PROCAR,nurion
POSCAR_B2Mo2_4_x950,170,17,ok,4,0.9867912169948087,0.8942421207134802,0.9756996701044084,0.7203274209893221,0.5937348016728499,0.779,0.8110000000000002,ToBeDelete_PROCAR,nurion
POSCAR_B2Mo2_4_x975,315,17,ok,4,0.9979860287474874,0.6017245741034896,0.8686970776694017,0.8399310288259129,0.13212104818526324,0.804,0.821,ToBeDelete_PROCAR,nurion
POSCAR_B2Rh2_3,370,18,ok,4,0.9981313932059627,0.09796490725206349,0.9988250690059246,0.992980900044174,0.05399720762749992,0.869,0.855,PROCAR,nurion
POSCAR_B2Rh2_3_x025,431,18,ok,4,0.9987677931269708,0.9982712112562346,0.27777334348618055,0.997425729989559,0.9973306195277035,0.864,0.873,PROCAR,nurion
POSCAR_B2Rh2_3_x975,384,18,ok,4,0.9981245087481229,0.8835425624782849,0.7216366052471178,0.9954822957019341,0.858179408107215,0.9,0.8879999999999999,PROCAR,nurion
POSCAR_B2Rh2_3_y025,418,18,ok,4,0.9988496074073889,0.9984159233932056,0.28133827910296066,0.9981094410881026,0.9978077142564097,0.873,0.8640000000000001,PROCAR,nurion
POSCAR_B2Rh2_3_y975,345,18,ok,4,0.998176903000659,0.8816211021841831,0.7244742056104821,0.9962955937718635,0.8640043147426069,0.888,0.9,PROCAR,nurion
POSCAR_B2Rh2_3_z025,430,18,ok,4,0.9998823188573127,0.9980310915438814,0.9257481810716363,0.9981958626126783,0.9797649989036471,0.913,0.9119999999999999,PROCAR,nurion
POSCAR_B2Rh2_3_z050,374,18,ok,4,0.9999173395658577,0.999123240712578,0.928095762045345,0.9988481880168607,0.9877466353844127,0.913,0.9180000000000001,PROCAR,nurion
POSCAR_B2Rh2_3_z975,460,18,ok,4,0.9985142159309336,0.825383934672891,0.8479852851747288,0.9956836522293522,0.8249198878317401,0.858,0.845,PROCAR,nurion
POSCAR_B8Co2_1,220,20,ok,10,0.9614515259311917,0.9616595987918882,0.8301358006887734,0.6697607282821345,0.4562112197681614,0.8260000000000001,0.8550000000000001,PROCAR,nurion
POSCAR_B8Co2_1_st025,112,21,ok,10,0.9453105236711573,0.9778563033225159,0.7102924180891348,0.3560867628536423,0.20514417275251834,0.8029999999999999,0.859,PROCAR,nurion
POSCAR_B8Co2_1_st050,289,20,ok,10,0.9425385750233386,0.9390276425377183,0.8256201326698817,0.6637331310461047,0.3437691075617156,0.809,0.761,PROCAR,nurion
POSCAR_B8Co2_1_st950,289,20,ok,10,0.9726849384055176,0.9910094151999016,0.34088665731918044,0.9629450040285727,0.9656366763171013,0.89,0.877,PROCAR,nurion
POSCAR_B8Co2_1_st975,111,21,ok,10,0.9901721512316815,0.9932460769364356,0.5146396293672826,0.8725290072907602,0.6636900531387938,0.8250000000000001,0.8530000000000001,ToBeDelete_PROCAR,nurion
POSCAR_B8Co2_1_x025,112,21,ok,10,0.9670855974013517,0.9849156426162361,0.4456528116038444,0.7576505537771918,0.6995509395514448,0.7989999999999998,0.839,PROCAR,nurion
POSCAR_B8Co2_1_x050,237,21,ok,10,0.994879265024444,0.9417040904116424,0.9033160187799433,0.318034176870429,0.1646260142578473,0.871,0.844,PROCAR,nurion
POSCAR_B8Co2_1_x950,289,20,ok,10,0.9386092284880568,0.9003389872538431,0.752807759932654,0.6395171866672933,0.397910668999401,0.879,0.836,PROCAR,nurion
POSCAR_B8Co2_1_x975,289,20,ok,10,0.9393958202075857,0.9051004090216841,0.7679008127791882,0.6359893010201173,0.3914609228002965,0.8690000000000001,0.826,PROCAR,nurion
POSCAR_B8Co2_1_y025,112,21,ok,10,0.9766769162753778,0.8163910603651786,0.9308855951425031,0.6579903651578998,0.564458533607099,0.8760000000000001,0.822,PROCAR,nurion
POSCAR_B8Co2_1_y050,296,22,ok,10,0.9956274943347178,0.9311398117590242,0.6652193903909652,0.76813489416026,0.0,0.867,0.858,PROCAR,nurion
POSCAR_B8Co2_1_y950,220,20,ok,10,0.9659703441149097,0.9778224770958236,0.488313772588937,0.8949234861151116,0.9044611378951933,0.8410000000000001,0.8640000000000001,PROCAR,nurion
POSCAR_B8Co2_1_y975,168,21,ok,10,0.9938567121732064,0.9728505308703043,0.8892850014410889,0.6487865676306589,0.40740487545892773,0.839,0.859,PROCAR,nurion
POSCAR_B8Co2_1_z025,290,20,ok,10,0.9767595624024189,0.9815307875631578,0.919167336714461,0.6287332360529669,0.3460555692708788,0.851,0.81,PROCAR,nurion
POSCAR_B8Co2_1_z050,289,20,ok,10,0.9870313728847944,0.8159142494736926,0.8905440451425717,0.0,0.0,0.8350000000000001,0.8,PROCAR,nurion
POSCAR_B8Co2_1_z950,237,21,ok,10,0.9909618878553218,0.9927618858389032,0.6952129912671391,0.612408925749773,0.485400098555654,0.883,0.852,PROCAR,nurion
POSCAR_B8Co2_1_z975,237,21,ok,10,0.9801568635614606,0.9184541981125811,0.9315040401200919,0.45031132096639737,0.31369117542459174,0.9020000000000001,0.8540000000000001,PROCAR,nurion
POSCAR_B8Fe2_1,224,20,ok,10,0.9574206459432548,0.9386386144304812,0.8414891632768856,0.6416581458543156,0.18442856093464005,0.835,0.8280000000000001,PROCAR,nurion
POSCAR_B8Fe2_1_st025,295,20,ok,10,0.9544854033141706,0.9295252131604342,0.7990461837888195,0.7770046920666389,0.31454362006357667,0.786,0.8250000000000001,ToBeDelete_PROCAR,nurion
POSCAR_B8Fe2_1_x025,170,20,ok,10,0.9728174410558669,0.8088138787145939,0.5445158451117031,0.7866374629393117,0.0,0.801,0.822,ToBeDelete_PROCAR,nurion
POSCAR_B8Fe2_1_x050,406,20,ok,10,0.8860583400776636,0.9176694093760148,0.38178229654460316,0.42119128653295973,0.0712842482455238,0.766,0.807,ToBeDelete_PROCAR,nurion
POSCAR_B8Fe2_1_x950,280,20,ok,10,0.9340674864141622,0.952297267782808,0.49812667996644183,0.5032469736753794,0.16175096311830897,0.8090000000000002,0.8390000000000001,ToBeDelete_PROCAR,nurion
POSCAR_B8Fe2_1_y025,295,20,ok,10,0.9404541765534887,0.9083381693302328,0.7802613577654712,0.6856340367278924,0.2609980983797121,0.8039999999999999,0.839,ToBeDelete_PROCAR,nurion
POSCAR_B8Fe2_1_y050,296,20,ok,10,0.8754311966568497,0.7959940908264125,0.7264603528433596,0.620028457590346,0.49558013311787047,0.765,0.8460000000000001,ToBeDelete_PROCAR,nurion
POSCAR_B8Fe2_1_y950,294,20,ok,10,0.9709104239986965,0.9341830636540595,0.7935284740551203,0.5187626534422193,0.12080638566107514,0.8380000000000001,0.845,ToBeDelete_PROCAR,nurion
POSCAR_B8Fe2_1_y975,295,20,ok,10,0.9479491817085034,0.914827763028951,0.6955148783921269,0.4507066028001906,0.07905845624640748,0.817,0.843,ToBeDelete_PROCAR,nurion
POSCAR_B8Fe2_1_z050,293,20,ok,10,0.9735989221853459,0.9801847605908718,0.895952151012983,0.5214940791470871,0.18277084450682535,0.8240000000000001,0.809,ToBeDelete_PROCAR,nurion
POSCAR_B8Fe2_1_z950,170,20,ok,10,0.9795779780591392,0.8193270360010466,0.5354468045883903,0.7559396366573947,0.0,0.8360000000000001,0.85,ToBeDelete_PROCAR,nurion
POSCAR_B8Fe2_1_z975,169,20,ok,10,0.9852999083021526,0.8308403314409897,0.7123144589067391,0.8813059935520602,0.3022380622346906,0.8190000000000001,0.831,ToBeDelete_PROCAR,nurion
POSCAR_Bi2Co2_1,199,24,ok,4,0.9936807303808035,0.2341966873744869,0.9976866926896222,0.9805925834804637,0.06692240339916392,0.843,0.881,PROCAR,nurion
POSCAR_Bi2Co2_1_st025,183,23,ok,4,0.9997191603797894,0.36755657797446606,0.9951767724402992,0.9417963930814817,0.2614011038895568,0.8,0.786,ToBeDelete_PROCAR,nurion
POSCAR_Bi2Co2_1_st050,223,23,ok,4,0.9987464962916409,0.5367815151195195,0.9838305662195977,0.7890512427982143,0.4135256604347908,0.6920000000000001,0.7090000000000001,PROCAR,nurion
POSCAR_Bi2Co2_1_st950,266,24,ok,4,0.9947128094063348,0.44590813418381564,0.9717001477959498,0.549236378322514,0.34375189346272794,0.877,0.8540000000000001,PROCAR,nurion
POSCAR_Bi2Co2_1_x025,207,24,ok,4,0.8319607410789044,0.6924561466029383,0.6894261006326882,0.5018774727387444,0.2580740954516535,0.6820000000000002,0.8210000000000001,PROCAR,nurion
POSCAR_Bi2Co2_1_x050,207,24,ok,4,0.8398132511012143,0.7296915031016613,0.6665873748095056,0.562839231038482,0.33235209973299606,0.661,0.788,PROCAR,nurion
POSCAR_Bi2Co2_1_y025,218,24,ok,4,0.8333982960720575,0.6946264338236459,0.6915988934884736,0.4697058709261094,0.33298587479509467,0.682,0.8240000000000002,PROCAR,nurion
POSCAR_Bi2Co2_1_y050,218,24,ok,4,0.8363865568434782,0.7241740024719636,0.6641114659809656,0.5397571298618765,0.4193590519862403,0.6640000000000001,0.787,PROCAR,nurion
POSCAR_Bi2Co2_1_y975,223,23,ok,4,0.9340192436543409,0.23893389939728785,0.9637003333873688,0.07712038604934089,0.032185564872071415,0.895,0.809,PROCAR,nurion
POSCAR_Bi2Co2_1_z025,226,23,ok,4,0.995019843113822,0.22290430037421333,0.9892430117747842,0.3329478185325907,0.09907090187152508,0.8440000000000001,0.873,PROCAR,nurion
POSCAR_Bi2Co2_1_z050,156,23,ok,4,0.9920194231042444,0.30024110984174374,0.9968918026378495,0.9807681333294057,0.17637263143254436,0.786,0.8360000000000001,PROCAR,nurion
POSCAR_Bi2Co2_1_z975,235,23,ok,4,0.9099566536662971,0.3649640087268889,0.9355397472793914,0.36484444373546715,0.14138937024010548,0.788,0.8790000000000001,PROCAR,nurion
POSCAR_Bi2Mn2_1,130,27,ok,4,0.9960822020567712,0.9711168750118884,0.9623336484451512,0.9968811901799602,0.9722407136878247,0.502,0.5180000000000001,ToBeDelete_PROCAR,nurion
POSCAR_Bi2Mn2_1_st025,83,28,ok,4,0.9921250760918413,0.8955820322878517,0.9679152274931231,0.9934038417244497,0.9085318518787707,0.501,0.489,PROCAR,nurion
POSCAR_Bi2Mn2_1_st050,83,28,ok,4,0.9913264808684188,0.9077123804551298,0.9669508426018987,0.9934247720202773,0.9276308626373665,0.479,0.471,PROCAR,nurion
POSCAR_Bi2Mn2_1_st950,130,27,ok,4,0.9955352500862462,0.9486661187134006,0.9650290484500825,0.993900079426256,0.9354196584765521,0.557,0.579,PROCAR,nurion
POSCAR_Bi2Mn2_1_st975,130,27,ok,4,0.9963683412004897,0.9637711915910628,0.9626733324981623,0.996318626797236,0.960009330259621,0.529,0.547,PROCAR,nurion
POSCAR_Bi2Mn2_1_x025,130,27,ok,4,0.9954566011500635,0.9669760626658752,0.9615040077502981,0.9910087594965169,0.962825698494999,0.499,0.5130000000000001,PROCAR,nurion
POSCAR_Bi2Mn2_1_x050,134,28,ok,4,0.9955840235639233,0.9704639844115043,0.9487257562611535,0.9835657727561835,0.9588523369496502,0.514,0.53,PROCAR,nurion
POSCAR_Bi2Mn2_1_x950,194,28,ok,4,0.9976261840362475,0.9594633294202197,0.9467720973287393,0.9899774902739289,0.96563215193871,0.56,0.577,PROCAR,nurion
POSCAR_Bi2Mn2_1_x975,141,27,ok,4,0.9943553587070565,0.951787880894484,0.9621559699729872,0.9950215371126523,0.9561641195165752,0.519,0.536,PROCAR,nurion
POSCAR_Bi2Mn2_1_y025,141,27,ok,4,0.9955389760198389,0.9674676643835947,0.9616355085810848,0.9968189712739839,0.9714988999726936,0.49699999999999994,0.513,PROCAR,nurion
POSCAR_Bi2Mn2_1_y050,194,28,ok,4,0.9963030435484614,0.9713447129838855,0.9495308636565327,0.9899743935657067,0.9770879687995808,0.517,0.528,PROCAR,nurion
POSCAR_Bi2Mn2_1_y950,134,28,ok,4,0.9976217876252181,0.9580200195225755,0.9469819661179314,0.9606843328599315,0.91577950262034,0.561,0.5770000000000001,PROCAR,nurion
POSCAR_Bi2Mn2_1_y975,130,27,ok,4,0.9941942977622471,0.9510516834171828,0.9626671092219271,0.9939912442647802,0.9532399742962332,0.518,0.537,PROCAR,nurion
POSCAR_Bi2Mn2_1_z025,130,27,ok,4,0.9953182872809863,0.9673797748381917,0.9633609018784927,0.9964508494708826,0.9714995385747264,0.49600000000000005,0.5130000000000001,PROCAR,nurion
POSCAR_Bi2Mn2_1_z050,130,27,ok,4,0.9944666990156629,0.9649603251708215,0.9632854133620827,0.9960438987358097,0.9711587663970508,0.49500000000000005,0.5120000000000001,PROCAR,nurion
POSCAR_Bi2Mn2_1_z950,83,28,ok,4,0.99099351590626,0.8158478974812148,0.9670791616999981,0.9918919991026526,0.8090578072996268,0.55,0.526,PROCAR,nurion
POSCAR_Bi2Mn2_1_z975,83,28,ok,4,0.9913355720694161,0.8504325978778355,0.9665118882372555,0.9927303511570178,0.850844997170496,0.54,0.5230000000000001,PROCAR,nurion
POSCAR_Bi2Nb2_2,160,28,ok,4,0.9994717024558768,0.960011769382986,0.9869491404847106,0.916954659159101,0.8217931424503121,0.625,0.595,ToBeDelete_PROCAR,nurion
POSCAR_Bi2Nb2_2_st950,72,28,ok,4,0.9999969034728222,0.9999775038506605,0.34571500841898023,0.9994283862938976,0.9992624444247199,0.6740000000000002,0.6700000000000002,PROCAR,nurion
POSCAR_Bi2Nb2_2_st975,173,28,ok,4,0.9999999964966747,0.9997660970660437,0.36523034369102036,0.9981266100363739,0.997361816379556,0.6629999999999999,0.661,ToBeDelete_PROCAR,nurion
POSCAR_Bi2Nb2_2_x025,154,28,ok,4,0.998302997130789,0.982117901330423,0.9947482984655828,0.9271740317428957,0.7955242506970593,0.59,0.5850000000000001,PROCAR,nurion
POSCAR_Bi2Nb2_2_x050,176,28,ok,4,0.9920121903234533,0.8403490158974632,0.9921419064026062,0.9474287789297118,0.6858927306411144,0.6479999999999999,0.5940000000000001,PROCAR,nurion
POSCAR_Bi2Nb2_2_x950,185,28,ok,4,0.9999795459064205,0.8805257114851267,0.9209792226677342,0.9958797242956859,0.8210363690198768,0.597,0.594,PROCAR,nurion
POSCAR_Bi2Nb2_2_x975,73,28,ok,4,0.9995506380398779,0.9976898343608704,0.5313709090524924,0.6834621620976142,0.6495598816918733,0.66,0.649,PROCAR,nurion
POSCAR_Bi2Nb2_2_y950,72,27,ok,4,0.9999183501812038,0.9982182521212196,0.44917245864120875,0.9850083045670205,0.9796576975957887,0.661,0.65,PROCAR,nurion
POSCAR_Bi2Nb2_2_y975,73,27,ok,4,0.9949948921625328,0.3737927544687582,0.9903844676148972,0.9057780289837961,0.19383347340095713,0.6780000000000002,0.661,PROCAR,nurion
POSCAR_Bi2Nb2_2_z950,206,28,ok,4,0.9995070172361682,0.9357259603323548,0.997079364648205,0.9608145267996654,0.3874605828839929,0.629,0.613,PROCAR,nurion
POSCAR_Bi2Ru2_1,247,29,ok,4,0.9307828414061339,0.8705565462738253,0.8974701571491983,0.9175071705151632,0.7468165550092648,0.735,0.783,PROCAR,local_backup
POSCAR_Bi2Ru2_1_st025,247,28,ok,4,0.9331879723551167,0.9322989943211106,0.8248424673580462,0.9067465287645979,0.7763449559630397,0.715,0.757,PROCAR,tgm
POSCAR_Bi2Ru2_1_st050,264,28,ok,4,0.9362933027414151,0.7181413906574771,0.9500868815198285,0.5425244918187591,0.30162716046004423,0.802,0.64,PROCAR,tgm
POSCAR_Bi2Ru2_1_st950,174,29,ok,4,0.9650157822141708,0.7269974801475725,0.9677549041557773,0.9558933260773206,0.5238062416376896,0.846,0.804,PROCAR,tgm
POSCAR_Bi2Ru2_1_x025,247,29,ok,4,0.8806113597520143,0.8771403209377364,0.5703394048181134,0.02018160206645363,0.005882370530342964,0.732,0.768,PROCAR,nurion
POSCAR_Bi2Ru2_1_x975,204,29,ok,4,0.9398223723304989,0.8669260757491626,0.886487498276881,0.9026309505527379,0.5812204458441752,0.7570000000000001,0.8009999999999999,PROCAR,nurion
POSCAR_Bi2Ru2_1_y025,204,29,ok,4,0.9138194080495605,0.926655046668189,0.7720718519358775,0.777248305554549,0.5288321322970341,0.732,0.7909999999999999,PROCAR,nurion
POSCAR_Bi2Ru2_1_y050,204,29,ok,4,0.905254856683609,0.7896606072203143,0.7867778377866397,0.5820677304784078,0.20345148423382964,0.7180000000000001,0.7940000000000002,PROCAR,nurion
POSCAR_Bi2Ru2_1_y950,204,29,ok,4,0.9276524916814647,0.9062554046317622,0.8277884408928937,0.8278999718189383,0.5314851885481863,0.7550000000000001,0.797,PROCAR,nurion
POSCAR_Bi2Ru2_1_y975,204,29,ok,4,0.9220321393911824,0.9242218265310173,0.7999150928020271,0.787673217039821,0.4976862248105566,0.7460000000000001,0.797,PROCAR,nurion
POSCAR_Bi2Ru2_1_z050,247,28,ok,4,0.9336899308132767,0.9257130220397043,0.8537104368660099,0.9165698209149645,0.805854502922648,0.718,0.758,PROCAR,nurion
POSCAR_Bi2Ru2_1_z975,250,29,ok,4,0.9378947802203464,0.8755626423733078,0.884507224766373,0.8997945412755859,0.5873799157548252,0.8089999999999999,0.755,PROCAR,nurion
POSCAR_Bi2Ti2_1,226,25,ok,4,0.8622228794677024,0.8282974800462983,0.5561365943430682,0.07558865910684281,0.04446573156192727,0.582,0.615,PROCAR,local_backup
POSCAR_Bi2Ti2_1_st025,226,25,ok,4,0.973390621147534,0.8236068651898557,0.8053752926313869,0.7344208671867104,0.407935647244616,0.585,0.584,PROCAR,tgm
POSCAR_Bi2Ti2_1_st050,223,25,ok,4,0.9924808539777948,0.6344278930568888,0.9754299635131726,0.9789573905324337,0.4851121954252955,0.547,0.602,PROCAR,tgm
POSCAR_Bi2Ti2_1_st975,183,25,ok,4,0.8791561111871405,0.8402164283485807,0.5740400630988234,0.10218445076386094,0.08792573685573957,0.601,0.636,PROCAR,tgm
POSCAR_Bi2Ti2_1_x050,151,27,ok,4,0.9988428969585443,0.5882877088802272,0.9959827125482853,0.5370925280266422,0.36163956444810486,0.672,0.679,PROCAR,nurion
POSCAR_Bi2Ti2_1_x975,175,27,ok,4,0.9950836750596136,0.32362433020558795,0.9964847532576083,0.8640025511903386,0.20888479058629955,0.7530000000000001,0.7400000000000001,PROCAR,nurion
POSCAR_Bi2Ti2_1_y050,74,27,ok,4,0.9961606628944509,0.6141031345290692,0.9946145211945109,0.6556110554259693,0.4298958582846404,0.671,0.669,PROCAR,nurion
POSCAR_Bi2Ti2_1_y950,175,27,ok,4,0.9952412332226807,0.34122479105341447,0.9964402806007523,0.8390145252071953,0.24089180620152803,0.741,0.764,PROCAR,nurion
POSCAR_Bi2Ti2_1_z025,190,25,ok,4,0.9967310003566593,0.7962702546735729,0.8470666518882964,0.989909406623172,0.6074178434921284,0.6040000000000001,0.6100000000000001,PROCAR,nurion
POSCAR_Bi2Ti2_1_z050,223,25,ok,4,0.9866257617582989,0.9299471057705435,0.9746036874120634,0.0,0.0,0.6260000000000001,0.605,PROCAR,nurion
POSCAR_Bi2Ti2_1_z950,159,26,ok,4,0.9441077490902682,0.9158344758583312,0.4196416153003708,0.6262423677877865,0.5558010373799627,0.6040000000000001,0.635,PROCAR,nurion
POSCAR_Bi2Ti2_1_z975,159,26,ok,4,0.9078668646996378,0.9058237459977116,0.7379598167812471,0.171316038447566,0.1834248445266031,0.6000000000000001,0.538,PROCAR,nurion
POSCAR_Bi2V2_1,177,27,ok,4,0.9990189681968015,0.4145025164958866,0.9978517820700914,0.8859106637104807,0.4456819887268359,0.6080000000000001,0.621,PROCAR,nurion
POSCAR_Bi2V2_1_st025,177,27,ok,4,0.9862243123459897,0.5566110413301291,0.9795838077709207,0.880389542431839,0.5659871401975203,0.5339999999999999,0.588,ToBeDelete_PROCAR,nurion
POSCAR_Bi2V2_1_st050,177,27,ok,4,0.9615095137774903,0.678678620162088,0.928121767016849,0.8771407786310269,0.6597660417769619,0.481,0.557,ToBeDelete_PROCAR,nurion
POSCAR_Bi2V2_1_st950,177,27,ok,4,0.9211769616611706,0.32163291949909106,0.9220232451276876,0.7891740507050476,0.3105228279054472,0.761,0.6660000000000001,PROCAR,nurion
POSCAR_Bi2V2_1_st975,177,27,ok,4,0.9663383242630754,0.3326045964051148,0.9674209644246377,0.8502130662684023,0.3522876372492462,0.691,0.643,ToBeDelete_PROCAR,nurion
POSCAR_Bi2V2_1_x025,126,27,ok,4,0.9905820476103592,0.534076765965122,0.9900749721038042,0.8426952520391351,0.534801021703498,0.56,0.61,PROCAR,nurion
POSCAR_Bi2V2_1_x050,126,27,ok,4,0.9617431491054985,0.6496835769886649,0.9524013007859715,0.7920694105503143,0.590270741803953,0.5259999999999999,0.598,PROCAR,nurion
POSCAR_Bi2V2_1_x950,177,27,ok,4,0.9696661928981218,0.28188188998053415,0.9734958214773226,0.8221376353478578,0.2644900629475891,0.7070000000000001,0.6490000000000001,PROCAR,nurion
POSCAR_Bi2V2_1_x975,177,27,ok,4,0.989904430117595,0.339803258590458,0.9876294177962929,0.8593388208933773,0.35252566774443844,0.652,0.638,PROCAR,nurion
POSCAR_Bi2V2_1_y025,177,27,ok,4,0.9903254403631891,0.5521116913372383,0.9893451892607383,0.8458479244343616,0.5317994009645403,0.5539999999999999,0.608,PROCAR,nurion
POSCAR_Bi2V2_1_y050,177,27,ok,4,0.9637094523105048,0.6681445027093086,0.954819268986417,0.7925747772932561,0.5874702934447769,0.524,0.5960000000000001,PROCAR,nurion
POSCAR_Bi2V2_1_y950,126,27,ok,4,0.9758568177100125,0.29747062976996735,0.9807547326296484,0.7715263519204478,0.25123477189585103,0.7080000000000001,0.652,PROCAR,nurion
POSCAR_Bi2V2_1_y975,126,27,ok,4,0.99036493885901,0.32779722244008846,0.9889950386440278,0.8629097176263967,0.3583186326841583,0.654,0.6380000000000001,PROCAR,nurion
POSCAR_Bi2V2_1_z050,177,27,ok,4,0.9953048060000157,0.32018284569861793,0.9945544826165874,0.9092632801441861,0.34407614490280014,0.617,0.6160000000000001,PROCAR,nurion
POSCAR_Bi2V2_1_z950,125,28,ok,4,0.9965275393570848,0.8694965010902163,0.8986012055845637,0.9342492781152831,0.6924794078946693,0.624,0.623,PROCAR,nurion
POSCAR_Bi2V2_1_z975,126,27,ok,4,0.9999347109238986,0.5310809151611864,0.9951866053702016,0.8332044834084913,0.5060240862120443,0.6040000000000001,0.627,PROCAR,nurion
POSCAR_Bi3Fe2_1,117,27,ok,5,0.9650854540564325,0.22953731044911765,0.8819053676751251,0.7798730855103914,0.1807514507359057,0.608,0.63,PROCAR,nurion
POSCAR_Bi3Fe2_1_st025,117,27,ok,5,0.9562272695308628,0.3489517845376358,0.8274548863619484,0.7766502902371626,0.30903720891853215,0.5690000000000001,0.599,ToBeDelete_PROCAR,nurion
POSCAR_Bi3Fe2_1_st050,232,29,ok,5,0.9083436972882499,0.3976736063675906,0.888252997076579,0.7907268841419233,0.33527764731436305,0.675,0.56,ToBeDelete_PROCAR,nurion
POSCAR_Bi3Fe2_1_x025,117,27,ok,5,0.9486925801670998,0.27351416399181133,0.8592374878717205,0.7290708074258914,0.22181488280301837,0.593,0.631,PROCAR,nurion
POSCAR_Bi3Fe2_1_x050,117,27,ok,5,0.9371172577352415,0.3430743768596191,0.8446234935943998,0.7143322314599625,0.28738967553011824,0.583,0.626,PROCAR,nurion
POSCAR_Bi3Fe2_1_x950,118,27,ok,5,0.9804018763045268,0.2626477002524696,0.9314107564141632,0.8461524137669814,0.16354523687225425,0.64,0.6660000000000001,PROCAR,nurion
POSCAR_Bi3Fe2_1_x975,118,27,ok,5,0.9769157827549284,0.3805419980697355,0.9053369401896495,0.7327540831025866,0.30636024641888615,0.625,0.675,PROCAR,nurion
POSCAR_Bi3Mn2_1,163,37,ok,5,0.9999915009336753,0.9532385622290542,0.9733816548143043,0.9997964663287617,0.9221982167992846,0.49500000000000005,0.49200000000000005,ToBeDelete_PROCAR,nurion
POSCAR_Bi3Mn2_1_st025,163,37,ok,5,1.0,0.9706816156850454,0.9793005079418353,0.9997817219446782,0.9544718238763636,0.47300000000000003,0.47300000000000003,PROCAR,nurion
POSCAR_Bi3Mn2_1_st050,1,33,ok,5,0.999994683780049,0.4963921534355218,0.5734475295167608,0.9964000730619175,0.4968347395777561,0.434,0.43400000000000005,ToBeDelete_PROCAR,nurion
POSCAR_Bi3Mn2_1_st975,163,37,ok,5,0.9999887501547432,0.9260373419300217,0.9656943578693783,0.999844906335973,0.878384342064471,0.52,0.522,PROCAR,nurion
POSCAR_Bi3Mn2_1_x025,82,36,ok,5,0.9999967202268919,0.7132907284158384,0.8604576515531214,0.9999460083394207,0.6636740248943912,0.552,0.548,PROCAR,nurion
POSCAR_Bi3Mn2_1_x050,82,36,ok,5,0.9999916971691751,0.7542745268177262,0.8908928960479612,0.9999722476446469,0.7191770485215347,0.535,0.536,PROCAR,nurion
POSCAR_Bi3Mn2_1_x950,46,36,ok,5,0.9999413214954623,0.6782750147791438,0.8119547924942869,0.9998917353447362,0.5722695754641006,0.5650000000000001,0.5660000000000001,PROCAR,nurion
POSCAR_Bi3Mn2_1_x975,46,36,ok,5,0.9999840306668438,0.6676914879917286,0.821079347974506,0.9999322175982002,0.5791363725503822,0.562,0.5630000000000001,PROCAR,nurion
POSCAR_Bi3Mn2_1_y025,163,37,ok,5,0.99999845237637,0.9460562503483287,0.9613538385938661,0.9984084809725544,0.9172519203220186,0.486,0.48400000000000004,PROCAR,nurion
POSCAR_Bi3Mn2_1_y050,46,36,ok,5,0.9999831108587955,0.7547711591549557,0.8895107772956018,0.9999001094386766,0.707860331453099,0.537,0.536,PROCAR,nurion
POSCAR_Bi3Mn2_1_y950,82,36,ok,5,0.9999818466660614,0.6817540176290215,0.8122486018941035,0.9999383464652187,0.6036730717074329,0.5670000000000001,0.5670000000000001,PROCAR,nurion
POSCAR_Bi3Mn2_1_y975,82,36,ok,5,0.9999900011268212,0.6714518313687268,0.8245858916215186,0.9999079899080241,0.604571504974482,0.5640000000000001,0.5630000000000001,PROCAR,nurion
POSCAR_Bi3Mn2_1_z025,198,35,ok,5,0.9999852111457848,0.2346784672930124,0.5771839335771954,0.99992985695693,0.13190090930036424,0.545,0.547,PROCAR,nurion
POSCAR_Bi3Mn2_1_z050,198,35,ok,5,0.9999605815414114,0.24323625823772047,0.5378069013562522,0.9999496343941408,0.14133607021045505,0.524,0.523,PROCAR,nurion
POSCAR_Bi3Mn2_1_z950,163,37,ok,5,0.9999996905338882,0.887634426518716,0.9174083708145341,0.9997833551857341,0.8518852527702955,0.504,0.503,PROCAR,nurion
POSCAR_Bi3Mn2_1_z975,82,36,ok,5,0.9999901765699916,0.6491679526798406,0.8361332110322451,0.9999694644925048,0.5865678574301387,0.5710000000000001,0.572,PROCAR,nurion
POSCAR_Bi4Cr2_1,142,40,ok,6,0.9968575081922663,0.8109514524340072,0.9086932847123397,0.8362190963789438,0.6245687822240458,0.5690000000000001,0.5800000000000001,PROCAR,nurion
POSCAR_Bi4Cr2_1_st025,142,40,ok,6,0.999592802381964,0.807532378042689,0.9281293838502219,0.8500858314239692,0.6348618524272261,0.557,0.552,PROCAR,nurion
POSCAR_Bi4Cr2_1_st050,75,38,ok,6,0.9384751338983439,0.06411507910366197,0.8860814588196542,0.2668588458570133,0.05569308104413804,0.599,0.698,ToBeDelete_PROCAR,nurion
POSCAR_Bi4Cr2_1_st950,64,43,ok,6,0.9982922007171979,0.49621442551748185,0.9124410490799203,0.7913408875099047,0.1902227651465293,0.639,0.67,PROCAR,nurion
POSCAR_Bi4Cr2_1_st975,142,40,ok,6,0.992968469084728,0.8210089017064681,0.8855192942257125,0.8194652303351543,0.6141230334654698,0.5930000000000001,0.6,PROCAR,nurion
POSCAR_Bi4Cr2_1_x025,141,40,ok,6,0.9874863903862223,0.8055576732501046,0.8664137836728629,0.8271406458229859,0.6186166151575146,0.5760000000000001,0.5830000000000001,ToBeDelete_PROCAR,nurion
POSCAR_Bi4Cr2_1_x050,141,40,ok,6,0.9927746432974883,0.8394624512474984,0.8812585550174359,0.8349886428613258,0.6378924768948308,0.5730000000000001,0.573,ToBeDelete_PROCAR,nurion
POSCAR_Bi4Cr2_1_x950,108,43,ok,6,0.9628306369487786,0.7747272141356382,0.8229572627967183,0.4629056158931,0.26976311400986935,0.6040000000000001,0.619,ToBeDelete_PROCAR,nurion
POSCAR_Bi4Cr2_1_x975,142,40,ok,6,0.996687475988822,0.7376775512463015,0.9052832008770045,0.8518206268678481,0.5897415807844292,0.5900000000000001,0.5940000000000001,ToBeDelete_PROCAR,nurion
POSCAR_Bi4Cr2_1_y025,76,43,ok,6,0.9893654369909807,0.8848103367866813,0.9259412013083169,0.5462775025590844,0.41844631981695574,0.578,0.5860000000000001,ToBeDelete_PROCAR,nurion
POSCAR_Bi4Cr2_1_y050,160,43,ok,6,0.9157430827627798,0.669121737396084,0.7264568669206273,0.7155963767000406,0.4226070536512244,0.6,0.5680000000000001,ToBeDelete_PROCAR,nurion
POSCAR_Bi4Cr2_1_y950,172,42,ok,6,0.9999926200413763,0.8896043723977146,0.8803082299958536,0.8598420982673495,0.5138080065075064,0.5980000000000001,0.548,ToBeDelete_PROCAR,nurion
POSCAR_Bi4Cr2_1_y975,172,42,ok,6,0.9999628868234809,0.8260371044079436,0.8238227207834602,0.8249472017631908,0.4229160402764271,0.5740000000000001,0.531,ToBeDelete_PROCAR,nurion
POSCAR_Bi4Cr2_1_z025,142,40,ok,6,0.9948818713737237,0.7074995205086764,0.9093081204554252,0.8745667438718915,0.5871406193148438,0.577,0.586,ToBeDelete_PROCAR,nurion
POSCAR_Bi4Cr2_1_z050,142,40,ok,6,0.9923481480156761,0.5943743065457932,0.921662572644497,0.9164207716972108,0.5324627151238706,0.579,0.5860000000000001,ToBeDelete_PROCAR,nurion
POSCAR_Bi4Cr2_1_z950,160,43,ok,6,0.9534124673535492,0.7643936579223104,0.758054027407984,0.7834302627068432,0.5211778261631685,0.618,0.6090000000000001,ToBeDelete_PROCAR,nurion
POSCAR_Bi4Cr2_1_z975,64,43,ok,6,0.9981506539213009,0.6099271675571568,0.9101287004702442,0.6721643549094634,0.24958533693982562,0.598,0.6100000000000001,ToBeDelete_PROCAR,nurion
POSCAR_Bi4Fe2_1,140,36,ok,6,0.8137420232390079,0.7368599522359479,0.5514372011596089,0.7332227312318279,0.6319246486264616,0.532,0.6970000000000001,ToBeDelete_PROCAR,nurion
POSCAR_Bi4Fe2_1_st025,140,36,ok,6,0.7849206596074343,0.6782979618523104,0.5247807026317846,0.700416985479197,0.580115266680179,0.5080000000000001,0.678,ToBeDelete_PROCAR,nurion
POSCAR_Bi4Fe2_1_st050,140,36,ok,6,0.7828498396709965,0.1349306652131012,0.9018847662904362,0.0,0.0,0.918,0.657,PROCAR,nurion
POSCAR_Bi4Fe2_1_x025,140,36,ok,6,0.8060077491531527,0.7123119267846724,0.5386667163641636,0.738051280626768,0.6237504386055609,0.529,0.697,PROCAR,nurion
POSCAR_Bi4Fe2_1_x050,140,36,ok,6,0.8032428020088707,0.6994583178295751,0.5360643739195153,0.7366874564037559,0.6114399793138989,0.528,0.6950000000000001,PROCAR,nurion
POSCAR_Bi4Fe2_1_y950,140,36,ok,6,0.8233369554576525,0.7734174096792011,0.517578039435449,0.7604142453851473,0.6814983138344102,0.5499999999999999,0.7170000000000001,PROCAR,nurion
POSCAR_Bi4Fe2_1_y975,140,36,ok,6,0.8163130619290001,0.7585380788393833,0.5331729239105234,0.7409497117958048,0.6526408388100038,0.539,0.7100000000000001,PROCAR,nurion
POSCAR_Bi4Fe2_1_z025,151,36,ok,6,0.8795007800081595,0.13487862581855656,0.9478752317522875,0.078308206872546,0.01374710165336006,0.867,0.6960000000000001,PROCAR,nurion
POSCAR_Bi4Fe2_1_z050,60,39,ok,6,0.9984762901521432,0.986167490673648,0.96478357912987,0.7687101417380549,0.6855322417626463,0.5850000000000001,0.532,PROCAR,nurion
POSCAR_Bi4Fe2_1_z950,140,36,ok,6,0.8626119604607435,0.7753879808534944,0.6355741534787408,0.7875986158023849,0.6778597168747651,0.56,0.7050000000000001,PROCAR,nurion
POSCAR_Bi4Fe2_1_z975,140,36,ok,6,0.8349280150977589,0.7548750288406876,0.589436669532022,0.7617524593986109,0.6580231408308287,0.545,0.702,PROCAR,nurion
POSCAR_Bi4V2_1,102,43,ok,6,0.9999965856768703,0.5668835659687352,0.6884810745539477,0.9999744213720765,0.3622241876740412,0.6120000000000001,0.6140000000000001,ToBeDelete_PROCAR,nurion
POSCAR_Bi4V2_1_st050,55,44,ok,6,0.9999999486944133,0.3798540450705134,0.9923508480530865,0.9998849069387787,0.18517310183131103,0.6420000000000001,0.645,ToBeDelete_PROCAR,nurion
POSCAR_Bi4V2_1_x950,16,43,ok,6,0.9999978943711301,0.18467617840699244,0.978106956499655,0.9999262046655686,0.09312401045292686,0.7470000000000001,0.743,PROCAR,nurion
POSCAR_Bi4V2_1_y025,49,40,ok,6,0.9994397834672338,0.4702617471801479,0.99158831917779,0.9982005951471147,0.3716831221367277,0.5700000000000001,0.5630000000000002,PROCAR,nurion
POSCAR_Bi4V2_1_z025,49,41,ok,6,0.9999676692227442,0.2382449095193866,0.9866565134640853,0.9995966908567547,0.23171670884781276,0.6140000000000001,0.6180000000000001,PROCAR,nurion
POSCAR_Bi4V2_1_z050,171,40,ok,6,0.9999953884916116,0.05581433395377452,0.9952609917695254,0.9992764814862028,0.062149082382966264,0.6910000000000001,0.696,PROCAR,nurion
POSCAR_Bi4V2_1_z975,96,42,ok,6,0.9999732591903492,0.13036895666528053,0.9980519497014173,0.9997254586861666,0.07516518280994693,0.738,0.736,PROCAR,nurion
POSCAR_Bi4V2_2,105,38,ok,6,0.7462736436609028,0.01575791595049674,0.8876324884302942,0.11044572398744114,0.004433060710779033,0.8650000000000001,0.6150000000000001,PROCAR,nurion
POSCAR_Bi4V2_2_st025,115,38,ok,6,0.9916429893540675,0.12428251462160737,0.984857783516229,0.4061729415636843,0.08128553112027698,0.629,0.6240000000000001,ToBeDelete_PROCAR,nurion
POSCAR_Bi4V2_2_st050,125,40,ok,6,0.9413954835741272,0.1808092840994526,0.965125948331243,0.6816921490047895,0.11996953764223992,0.564,0.633,ToBeDelete_PROCAR,nurion
POSCAR_Bi4V2_2_st950,112,44,ok,6,0.9991259017611694,0.9656354124363908,0.9856534625692104,0.8639909859319986,0.7453036063503734,0.6600000000000001,0.652,ToBeDelete_PROCAR,nurion
POSCAR_Bi4V2_2_st975,190,40,ok,6,0.9620064922542805,0.4036970655953652,0.9356898119087095,0.9021782480873825,0.24939103631173548,0.6120000000000001,0.6450000000000001,PROCAR,nurion
POSCAR_Bi4V2_2_x025,115,38,ok,6,0.8531169964903457,0.05212766292110225,0.919078856858285,0.24324608349448612,0.025685575539558022,0.751,0.6220000000000001,PROCAR,nurion
POSCAR_Bi4V2_2_x050,115,38,ok,6,0.7401531866684532,0.06908327066645202,0.8802457612422981,0.31761967064739177,0.040143431637988794,0.5479999999999999,0.789,PROCAR,nurion
POSCAR_Bi4V2_2_x950,104,37,ok,6,0.8352957389666952,0.12657482327036046,0.9030642055995538,0.5095742391433639,0.09436396393392227,0.6920000000000001,0.596,PROCAR,nurion
POSCAR_Bi4V2_2_x975,68,37,ok,6,0.9301819523980124,0.011019350522384414,0.980777744572981,0.0,0.0,0.907,0.675,PROCAR,nurion
POSCAR_Bi4V2_2_y025,69,38,ok,6,0.8291649467453143,0.021689280578470648,0.9325076146889141,0.1219399361675632,0.0051838100050363356,0.633,0.8600000000000001,PROCAR,nurion
POSCAR_Bi4V2_2_y050,69,38,ok,6,0.8413686069892142,0.01953193301101816,0.9461323012618585,0.1659440405876466,0.006812093352691473,0.629,0.8560000000000001,PROCAR,nurion
POSCAR_Bi4V2_2_y950,143,43,ok,6,0.9678680815179528,0.8067486179985872,0.7371774335580483,0.9230667408398412,0.6471735568098029,0.5860000000000001,0.6020000000000001,PROCAR,nurion
POSCAR_Bi4V2_2_y975,105,38,ok,6,0.6878358104542938,0.0282315586983232,0.8607717910584098,0.1306039713794691,0.006732971168588353,0.863,0.6140000000000001,PROCAR,nurion
POSCAR_Bi4V2_2_z025,105,38,ok,6,0.6920345805150219,0.022546729653363545,0.8543256188262317,0.10121147224830628,0.00779459287011364,0.846,0.5960000000000001,PROCAR,nurion
POSCAR_Bi4V2_2_z050,115,38,ok,6,0.7167140733191769,0.06321587808020535,0.8403216408882516,0.16686436672852586,0.029127153382469795,0.768,0.5790000000000001,PROCAR,nurion
POSCAR_Bi4V2_2_z950,112,44,ok,6,0.9962928577524548,0.8969283520812439,0.9244066359762013,0.8175499019280548,0.6276285905378745,0.6340000000000001,0.616,PROCAR,nurion
POSCAR_Bi4V2_2_z975,190,40,ok,6,0.9525442233395633,0.4864453022426539,0.9017923587051598,0.9185026127403016,0.28346119388996505,0.5830000000000001,0.6240000000000001,PROCAR,nurion
POSCAR_Bi6Cr2_1,7,56,ok,8,0.9920481882723095,0.2882870444781535,0.8466808693682704,0.8474731527395615,0.2741643817862893,0.624,0.5980000000000001,PROCAR,nurion
POSCAR_Bi6Cr2_1_st025,73,56,ok,8,0.9974940088122219,0.31685026205358663,0.9036715923576465,0.8443286642286731,0.27958611335447126,0.5860000000000001,0.607,ToBeDelete_PROCAR,nurion
POSCAR_Bi6Cr2_1_x975,7,56,ok,8,0.9891822998373214,0.2702995317921078,0.8230844010399476,0.8724974985204961,0.24575224993854758,0.636,0.6040000000000001,PROCAR,nurion
POSCAR_Bi6Cr2_1_z050,7,56,ok,8,0.9893889823911494,0.26216116652885085,0.8193679813081514,0.863824061950223,0.21015334724269352,0.614,0.5830000000000001,PROCAR,nurion
POSCAR_Bi6Cr2_3,96,58,ok,8,0.999999230115765,0.6590601853079124,0.7072242827773664,0.9999199298739841,0.47030746704072424,0.5490000000000002,0.547,PROCAR,nurion
POSCAR_Bi6Cr2_3_st025,79,58,ok,8,0.999993344859201,0.6590604949153825,0.7107536346076421,0.999937268677524,0.43424366741399373,0.5300000000000001,0.531,ToBeDelete_PROCAR,nurion
POSCAR_Bi6Cr2_3_st050,79,58,ok,8,0.9999957962224381,0.6606864425505709,0.7150867713776217,0.9998894231978777,0.4346329529406594,0.5150000000000001,0.5150000000000001,ToBeDelete_PROCAR,nurion
POSCAR_Bi6Cr2_3_st950,91,57,ok,8,0.9999872004876713,0.7543397988301986,0.8922507194797424,0.999836435616346,0.48223994391213076,0.5940000000000001,0.5930000000000001,PROCAR,nurion
POSCAR_Bi6Cr2_3_st975,96,58,ok,8,0.9999949807934255,0.6704238493015459,0.709537343091723,0.9999197958188516,0.5062806146088933,0.5720000000000001,0.5710000000000001,PROCAR,nurion
POSCAR_Bi6Cr2_3_x025,67,52,ok,8,0.9999680130857528,0.1368688859771674,0.9651478960215369,0.999352178158029,0.11209644535471672,0.6220000000000001,0.6190000000000001,PROCAR,nurion
POSCAR_Bi6Cr2_3_x050,67,52,ok,8,0.9999444222221794,0.18860270147717628,0.9322560508001088,0.9994561337991905,0.12000418256973347,0.5930000000000001,0.5920000000000002,PROCAR,nurion
POSCAR_Bi6Cr2_3_x950,96,58,ok,8,0.9999974873532227,0.7672077121353347,0.8528899997465412,0.999973118871426,0.5803100121496421,0.576,0.575,PROCAR,nurion
POSCAR_Bi6Cr2_3_y025,35,52,ok,8,0.9996881809430412,0.1340795725331625,0.962840549749569,0.9990383925222589,0.1012210336375358,0.6180000000000001,0.6200000000000001,PROCAR,nurion
POSCAR_Bi6Cr2_3_y050,35,52,ok,8,0.9999735956307293,0.18714053658638308,0.9266036692308333,0.9991735010690138,0.1130154769866755,0.5880000000000001,0.59,PROCAR,nurion
POSCAR_Bi6Cr2_3_y950,79,58,ok,8,0.9999742199625485,0.7601831643479705,0.8522812408184688,0.9998966179358215,0.5775657406320316,0.5760000000000002,0.5780000000000002,PROCAR,nurion
POSCAR_Bi6Cr2_3_z025,122,54,ok,8,0.9999623174743452,0.36431246626111136,0.7137920390407037,0.9997032489235855,0.21671563233895128,0.557,0.555,PROCAR,nurion
POSCAR_Bi6Cr2_3_z050,122,54,ok,8,0.9998635514701405,0.4066929678084273,0.7650836584976078,0.9995210974425727,0.25297252209381615,0.557,0.556,PROCAR,nurion
POSCAR_Bi6Cr2_3_z950,35,52,ok,8,0.999205594930869,0.13452385759228083,0.981404289001928,0.9986158329848217,0.10240631427664136,0.6370000000000001,0.638,PROCAR,nurion
POSCAR_Bi6Cr2_3_z975,35,52,ok,8,0.9997817980550696,0.12343025151194975,0.9829479589350187,0.998958845685838,0.09803907727148818,0.6390000000000001,0.6410000000000001,PROCAR,nurion
POSCAR_Bi6Cr2_4,108,55,ok,8,0.9913714702369166,0.27571218010241993,0.9631114352895405,0.9842571916906468,0.29557376661881574,0.6040000000000001,0.5790000000000001,PROCAR,nurion
POSCAR_Bi6Cr2_4_st975,108,55,ok,8,0.9905383873666649,0.2741571484123839,0.9742203804141556,0.980049528440444,0.2901839843430302,0.6280000000000001,0.604,ToBeDelete_PROCAR,nurion
POSCAR_Bi6Cr2_4_x950,108,55,ok,8,0.9933293355108097,0.25842812990365427,0.9719753553201905,0.983992519269371,0.2931688551625581,0.6210000000000001,0.6020000000000001,PROCAR,nurion
POSCAR_Bi6Cr2_4_y975,108,55,ok,8,0.9903100327754355,0.25318944365744156,0.9683077089010779,0.9809934924301843,0.27690979636879376,0.62,0.5980000000000001,PROCAR,nurion
POSCAR_Bi6Cr2_4_z950,108,55,ok,8,0.9938106208711619,0.43045435412263566,0.9741861698564912,0.9859098269510247,0.4282747865760814,0.5910000000000001,0.5770000000000001,PROCAR,nurion
POSCAR_Bi6Fe2_1,55,50,ok,8,0.9999864278837454,0.06725885931193594,0.9981258866502394,0.9999564180095156,0.014846272757441135,0.7670000000000001,0.7650000000000001,PROCAR,nurion
POSCAR_Bi6Fe2_1_st025,29,52,ok,8,0.9999959298395887,0.28836429209959497,0.8325665045662706,0.999920779790225,0.1968546580347966,0.61,0.6080000000000001,PROCAR,nurion
POSCAR_Bi6Fe2_1_st950,55,50,ok,8,0.9999998434738249,0.10467887363905987,0.9982623841053699,0.9999911127617622,0.022838617499880403,0.7730000000000001,0.7740000000000001,PROCAR,nurion
POSCAR_Bi6Fe2_1_st975,55,50,ok,8,0.9999940256485929,0.08455596401416138,0.9984102899314709,0.9999473885412365,0.01683419628918329,0.7690000000000001,0.7700000000000001,PROCAR,nurion
POSCAR_Bi6Fe2_1_x025,29,52,ok,8,1.0,0.28882317028935345,0.8364751383289489,0.9998672579466308,0.21839134784303432,0.611,0.611,ToBeDelete_PROCAR,nurion
POSCAR_Bi6Fe2_1_x050,29,52,ok,8,0.9999958115910536,0.31210082154570135,0.858762074601329,0.999755672392131,0.2363270423166758,0.5990000000000001,0.604,ToBeDelete_PROCAR,nurion
POSCAR_Bi6Fe2_1_x975,55,50,ok,8,0.999985503886522,0.0619527872831572,0.9978349042572238,0.9999600617121626,0.012037055137276195,0.793,0.789,ToBeDelete_PROCAR,nurion
POSCAR_Bi6Fe2_1_y025,29,52,ok,8,0.9999888580398356,0.287627950810086,0.7627794820984124,0.9999094323974178,0.21540964940320678,0.609,0.608,ToBeDelete_PROCAR,nurion
POSCAR_Bi6Fe2_1_y050,29,52,ok,8,0.9999825276270987,0.2764266990255174,0.6901638028842525,0.9999300221964084,0.19800251135256627,0.5980000000000001,0.5960000000000001,ToBeDelete_PROCAR,nurion
POSCAR_Bi6Fe2_1_y950,94,49,ok,8,0.9999800319618409,0.21760831419659143,0.9971569268724741,0.999565037753655,0.11595255241983285,0.68,0.679,ToBeDelete_PROCAR,nurion
POSCAR_Bi6Fe2_1_y975,55,50,ok,8,0.9999918612170915,0.1174120520922797,0.9987946118086907,0.9999746055869538,0.03919004347897382,0.726,0.7280000000000001,ToBeDelete_PROCAR,nurion
POSCAR_Bi6Fe2_1_z025,95,52,ok,8,0.9999396700095313,0.3301964726233786,0.6677450960404392,0.9997903350727733,0.21024292070898531,0.5900000000000001,0.5920000000000001,ToBeDelete_PROCAR,nurion
POSCAR_Bi6Fe2_1_z050,29,52,ok,8,0.9999853343645,0.26041535350075107,0.8630236218390178,0.9998502337622752,0.1711366404503447,0.6140000000000001,0.6119999999999999,ToBeDelete_PROCAR,nurion
POSCAR_Bi6Fe2_1_z950,34,47,ok,8,0.9999870508290299,0.30498187960529033,0.9477569018743304,0.9999596428375553,0.2066212397265443,0.668,0.668,ToBeDelete_PROCAR,nurion
POSCAR_Bi6Fe2_1_z975,115,49,ok,8,0.9999973479429983,0.057509964965442514,0.9987717460984975,0.999987540681906,0.015603141527016627,0.777,0.773,ToBeDelete_PROCAR,nurion
POSCAR_Bi6Fe2_2,127,48,ok,8,0.9992542547218722,0.21303135350771255,0.9803336017962869,0.4275719471926384,0.09517030739698071,0.698,0.6930000000000001,ToBeDelete_PROCAR,nurion
POSCAR_Bi6Fe2_2_st025,104,48,ok,8,0.9690766986744392,0.4627877080562807,0.9044082317618333,0.7920658806527928,0.4044617265484964,0.65,0.5920000000000001,PROCAR,nurion
POSCAR_Bi6Fe2_2_st050,104,48,ok,8,0.9926579633970078,0.4083600454007133,0.9567261297762245,0.7205693895775184,0.3022603031988916,0.622,0.593,PROCAR,nurion
POSCAR_Bi6Fe2_2_st950,122,50,ok,8,0.9671547018120983,0.9035594606725728,0.8922858553572082,0.9184883498656939,0.8568807680850503,0.5700000000000001,0.638,PROCAR,nurion
POSCAR_Bi6Fe2_2_st975,88,49,ok,8,0.9423617182201803,0.12200436657864816,0.9464387193114805,0.3524926131814671,0.07393413646912027,0.76,0.6700000000000002,PROCAR,nurion
POSCAR_Bi6Fe2_2_x050,116,53,ok,8,0.9359353379512032,0.7327895120408587,0.7644683521670796,0.8977589755845157,0.649620827031529,0.644,0.553,PROCAR,nurion
POSCAR_Bi6Fe2_2_x950,68,49,ok,8,0.9916652083667558,0.11744007467260961,0.975850590500622,0.4290304292605915,0.06803626097149723,0.7060000000000001,0.737,PROCAR,nurion
POSCAR_Bi6Fe2_2_y050,126,53,ok,8,0.9377894254907856,0.7376328140886474,0.760182347305807,0.9154918418880016,0.7461105555174403,0.554,0.645,PROCAR,nurion
POSCAR_Bi6Fe2_2_y950,88,49,ok,8,0.9920352974425007,0.11597116033155815,0.976275392307324,0.3848466476187055,0.0666910655305277,0.733,0.7070000000000001,PROCAR,nurion
POSCAR_Bi6Fe2_2_z025,88,49,ok,8,0.8971122478274547,0.09993137259860715,0.9388316478065238,0.3190490984256496,0.06606552269880694,0.743,0.6320000000000001,PROCAR,nurion
POSCAR_Bi6Fe2_2_z050,88,49,ok,8,0.9028577156541091,0.09694527165766151,0.9470723111650431,0.3249350624037476,0.06510285543143017,0.736,0.6280000000000001,PROCAR,nurion
POSCAR_Bi6Fe2_2_z950,50,49,ok,8,0.9039976453394415,0.2381426152318102,0.8755410143932879,0.5622286373690187,0.19430197852736722,0.6070000000000001,0.7100000000000001,PROCAR,nurion
POSCAR_Bi6Fe2_2_z975,55,49,ok,8,0.7176807343254118,0.1835232814937501,0.7307476494894374,0.413146666541406,0.11854879683084507,0.726,0.5630000000000001,PROCAR,nurion
POSCAR_Bi8Co2_1,24,68,ok,10,0.9968923872172232,0.7183187460754727,0.7571894040306353,0.9746745708849496,0.5965758410423742,0.614,0.6170000000000001,ToBeDelete_PROCAR,nurion
POSCAR_Bi8Co2_1_y025,24,68,ok,10,0.9965153264188757,0.7609275011927554,0.7789450438454084,0.9579757830278532,0.6232965334718734,0.6090000000000001,0.617,PROCAR,nurion
POSCAR_Bi8Co2_1_y050,24,68,ok,10,0.9934716824105102,0.7926072715878936,0.7653760093624712,0.9255882275477693,0.6258800887941208,0.6020000000000001,0.617,PROCAR,nurion
POSCAR_Bi8Cr2_1,54,71,ok,10,0.9962295225222566,0.5666778605046104,0.83177573042831,0.9667489967993859,0.5411534332051313,0.542,0.5500000000000002,PROCAR,nurion
POSCAR_Bi8Cr2_1_st025,54,72,ok,10,0.9987416689737123,0.4767626910204081,0.7060040263918789,0.9481328467893364,0.47342551971448354,0.5380000000000001,0.5270000000000001,PROCAR,nurion
POSCAR_Bi8Cr2_1_st050,37,72,ok,10,0.9994446007261799,0.515029544735448,0.7387693206057226,0.9613118754102217,0.5349894323430893,0.5120000000000001,0.5160000000000001,ToBeDelete_PROCAR,nurion
POSCAR_Bi8Cr2_1_st950,54,71,ok,10,0.9836143354984701,0.5622878230612621,0.8218664448404431,0.9551392785579896,0.47308489616964683,0.5780000000000001,0.5990000000000002,PROCAR,nurion
POSCAR_Bi8Cr2_1_st975,54,71,ok,10,0.9894205934548735,0.5561514302647941,0.8245058520187001,0.9604672374389099,0.5024136258617142,0.55,0.5750000000000002,ToBeDelete_PROCAR,nurion
POSCAR_Bi8Cr2_1_x025,54,71,ok,10,0.9970004039384298,0.5415700424112714,0.8638054307801263,0.9831651317457478,0.5411311997520903,0.54,0.5490000000000002,PROCAR,nurion
POSCAR_Bi8Cr2_1_x050,74,71,ok,10,0.999253248445767,0.5128988378664829,0.8994372412028337,0.8894386070007593,0.4143386535662345,0.5770000000000002,0.561,PROCAR,nurion
POSCAR_Bi8Cr2_1_x950,87,71,ok,10,0.9989413623880199,0.6054902627611314,0.9146069015714897,0.8451960187928644,0.4271237390795512,0.5880000000000002,0.5700000000000001,PROCAR,nurion
POSCAR_Bi8Cr2_1_x975,50,71,ok,10,0.9910467784002399,0.5482539952526908,0.8547752158340256,0.9737256699597951,0.5282376796561202,0.5400000000000001,0.5670000000000001,PROCAR,nurion
POSCAR_Bi8Cr2_1_y025,41,71,ok,10,0.9968119312006782,0.5427671325679974,0.8648033919082325,0.9826445141901237,0.5419928672281775,0.5410000000000001,0.5460000000000002,PROCAR,nurion
POSCAR_Bi8Cr2_1_y050,87,71,ok,10,0.9992374055525852,0.5099444394180973,0.8979809298052732,0.8829209529190133,0.4118477359078031,0.5770000000000002,0.559,PROCAR,nurion
POSCAR_Bi8Cr2_1_y950,62,71,ok,10,0.9992454456328271,0.6004924350524413,0.913987914287361,0.847257130021139,0.42382875071393705,0.5660000000000001,0.5870000000000001,PROCAR,nurion
POSCAR_Bi8Cr2_1_y975,55,71,ok,10,0.9913077495334771,0.5457073743133474,0.8541902338056145,0.9723960437545027,0.5274826663386457,0.5660000000000002,0.54,PROCAR,nurion
POSCAR_Bi8Cr2_1_z025,55,71,ok,10,0.9987665404541154,0.6058120494991042,0.8625115666706986,0.9582709672367381,0.6056384171450161,0.5370000000000001,0.534,PROCAR,nurion
POSCAR_Bi8Cr2_1_z050,33,68,ok,10,0.9946060303038107,0.6171659899223866,0.8748672107386698,0.9595404311949666,0.4917264395175279,0.517,0.4890000000000001,PROCAR,nurion
POSCAR_Bi8Cr2_1_z950,41,72,ok,10,0.9984840903856156,0.5686199166875259,0.7497706713184485,0.955899059780863,0.529785681969423,0.5640000000000001,0.558,PROCAR,nurion
POSCAR_Bi8Cr2_1_z975,41,71,ok,10,0.9966330554820485,0.5400824642747183,0.8412316157449017,0.974967828799245,0.5164785038897816,0.548,0.5550000000000002,PROCAR,nurion
POSCAR_Bi8Fe2_1,78,68,ok,10,0.9999385064157539,0.6244974857499764,0.8082640554934168,0.999542840533385,0.5355101717255325,0.5750000000000001,0.5760000000000001,ToBeDelete_PROCAR,nurion
POSCAR_Bi8Fe2_1_st025,78,68,ok,10,0.9999942485770366,0.601253027087754,0.8021283818786615,0.9998746256787657,0.5356491092892749,0.5530000000000002,0.5529999999999999,PROCAR,nurion
POSCAR_Bi8Fe2_1_st050,78,68,ok,10,0.9999995877244408,0.5890968665177485,0.7934579258603246,0.9997486216501443,0.5525948434867187,0.5350000000000001,0.534,ToBeDelete_PROCAR,nurion
POSCAR_Bi8Fe2_1_st950,93,68,ok,10,0.9999948542907181,0.4247406016351087,0.4436887398117638,0.9998777714977694,0.3212235409458615,0.549,0.5500000000000002,ToBeDelete_PROCAR,nurion
POSCAR_Bi8Fe2_1_st975,78,68,ok,10,0.9999297660735578,0.639108282970063,0.8252030445218457,0.9996059551096701,0.5492052585876797,0.6030000000000001,0.6030000000000001,ToBeDelete_PROCAR,nurion
POSCAR_Bi8Fe2_1_x025,49,62,ok,10,0.9999632003461849,0.365758615398744,0.9420288981883598,0.9997129751239381,0.11739581646547226,0.5870000000000001,0.5880000000000001,PROCAR,nurion
POSCAR_Bi8Fe2_1_x975,78,68,ok,10,0.9999540897631828,0.5832750826068849,0.8597496608952131,0.9998962957771013,0.49503197445315483,0.598,0.6000000000000001,PROCAR,nurion
POSCAR_Bi8Fe2_1_y025,79,68,ok,10,0.9999946841184154,0.5584813676437764,0.6145871929586609,0.9998224919763363,0.4508305855571822,0.557,0.561,PROCAR,nurion
POSCAR_Bi8Fe2_1_y050,79,68,ok,10,0.9999583849518562,0.5378694873309287,0.5999720177541402,0.9990167362638401,0.3644789570615424,0.5450000000000002,0.544,PROCAR,nurion
POSCAR_Bi8Fe2_1_y950,20,69,ok,10,0.9999956978546177,0.8129995581436771,0.8180316869929093,0.9998504016507931,0.7645422713585911,0.512,0.5090000000000001,PROCAR,nurion
POSCAR_Bi8Fe2_1_y975,78,68,ok,10,0.9998197231939869,0.6167531301219524,0.7830014520433851,0.9997242572133389,0.5486798029262506,0.5810000000000001,0.5810000000000001,PROCAR,nurion
POSCAR_Bi8Fe2_1_z025,78,68,ok,10,0.9999013260412992,0.5625426180270628,0.8276898071643983,0.9998784467258709,0.49340775578786045,0.579,0.585,PROCAR,nurion
POSCAR_Bi8Fe2_1_z050,78,68,ok,10,0.9999397890163944,0.5092499068426647,0.8540389672877331,0.9996612567811076,0.45020180256385905,0.576,0.578,PROCAR,nurion
POSCAR_Bi8Fe2_1_z950,47,65,ok,10,0.9999825664465597,0.7291080406607205,0.7862607456340354,0.9997749996581428,0.5231544703642728,0.5670000000000001,0.5690000000000001,PROCAR,nurion
POSCAR_Bi8Fe2_1_z975,78,68,ok,10,0.9999925039749863,0.6807380659192593,0.8136254616695191,0.999861219949039,0.5583178927510101,0.5730000000000001,0.572,PROCAR,nurion
POSCAR_Bi8Ru2_1,70,69,ok,10,0.9962242567258338,0.9153967248205043,0.8461105105725326,0.48048861780457797,0.38809895143690987,0.712,0.727,PROCAR,local_backup
POSCAR_Bi8Ru2_1_st025,106,68,ok,10,0.9986792144068163,0.7735801362862763,0.7999737961027741,0.6227411754054522,0.2549600325190565,0.604,0.588,PROCAR,tgm
POSCAR_Bi8Ru2_1_st050,70,73,ok,10,0.7596131709599705,0.3298215138205016,0.7904045702699622,0.37404720529640945,0.10323705779856727,0.7000000000000001,0.546,PROCAR,tgm
POSCAR_Bi8Ru2_1_x025,25,69,ok,10,0.8398007295518372,0.946239938308578,0.3785926404383423,0.14685722837417378,0.04133756080006079,0.644,0.724,PROCAR,nurion
POSCAR_Bi8Ru2_1_x050,25,69,ok,10,0.777799585310463,0.9208073370550024,0.3489168302579636,0.13455691654145047,0.027120901177982104,0.62,0.7150000000000001,PROCAR,nurion
POSCAR_Bi8Ru2_1_x975,27,69,ok,10,0.9998859421214195,0.9623619852538883,0.8690339970260638,0.8981615860976078,0.8520402533880567,0.723,0.735,PROCAR,nurion
POSCAR_Bi8Ru2_1_y050,66,68,ok,10,0.9947349168072905,0.8587266155349397,0.6346727786443274,0.37894818587758594,0.12862220693881146,0.6539999999999999,0.6819999999999999,PROCAR,nurion
POSCAR_Bi8Ru2_1_y975,102,69,ok,10,0.992296033382023,0.9931599554112029,0.8092537480646709,0.5163009454608727,0.3953951853131553,0.704,0.745,PROCAR,nurion
POSCAR_Bi8Ru2_1_z025,66,69,ok,10,0.8341117049883701,0.9442040683995216,0.36899638607279317,0.10932288544720853,0.023497068022829526,0.724,0.65,PROCAR,nurion
POSCAR_Bi8Ru2_1_z050,66,69,ok,10,0.7833994026085154,0.9219497245900115,0.3522136643557587,0.11323374082162893,0.02068069900742369,0.712,0.623,PROCAR,nurion
POSCAR_Br4Cu2_1,86,20,ok,6,0.9997859571502667,0.8220023643037917,0.9156150714190008,0.9892020823292076,0.6404125235276905,0.652,0.637,PROCAR,local_backup
POSCAR_Br4Cu2_1_st025,86,20,ok,6,0.9989889399041503,0.7631529436496501,0.8815961127165792,0.9365500771497275,0.4365612110768081,0.635,0.627,PROCAR,tgm
POSCAR_Br4Cu2_1_st050,86,20,ok,6,0.9993270038606221,0.7684581310477212,0.8827772475942443,0.9021627449685229,0.40081381590547666,0.621,0.625,PROCAR,tgm
POSCAR_Br4Cu2_1_st950,40,23,ok,6,0.9998215792838622,0.9841276533107132,0.99186420535749,0.8727360776356886,0.8356659321204697,0.726,0.736,PROCAR,tgm
POSCAR_Br4Cu2_1_st975,86,19,ok,6,0.9989518897384282,0.9201581586415453,0.9621756557013028,0.9256737346149193,0.7935460035711098,0.648,0.656,PROCAR,tgm
POSCAR_Br4Cu2_1_x025,116,17,ok,6,0.992485939047881,0.7532637904403842,0.8420811395957358,0.9604557246407,0.5515796593081931,0.642,0.6600000000000001,PROCAR,nurion
POSCAR_Br4Cu2_1_x050,16,17,ok,6,0.9896947826588732,0.7008584011238255,0.8130257878269752,0.8999717336732376,0.6407583459116372,0.6780000000000002,0.6510000000000001,PROCAR,nurion
POSCAR_Br4Cu2_1_x950,46,19,ok,6,0.9925691670825602,0.8643650771103524,0.9392686256938655,0.9382284645665699,0.6742880110125594,0.632,0.648,PROCAR,nurion
POSCAR_Br4Cu2_1_x975,86,19,ok,6,0.9990875636670626,0.9497676471503911,0.9780100569821614,0.9370026611951622,0.7990147719985564,0.6310000000000001,0.6360000000000001,PROCAR,nurion
POSCAR_Br4Cu2_1_y025,86,19,ok,6,0.9994094350254006,0.96038585265273,0.9821900345001198,0.9552405870332188,0.7987780186840409,0.6130000000000001,0.6190000000000001,PROCAR,nurion
POSCAR_Br4Cu2_1_y050,9,17,ok,6,0.990544385090028,0.7015278597453704,0.8169539351427763,0.9658042300891285,0.6349512706961496,0.652,0.6769999999999999,PROCAR,nurion
POSCAR_Br4Cu2_1_y950,31,19,ok,6,0.9928524123626157,0.8703131961255757,0.9415139627038889,0.9276924970916699,0.6561167568395324,0.6469999999999999,0.631,PROCAR,nurion
POSCAR_Br4Cu2_1_y975,91,19,ok,6,0.9988761654994066,0.9483603829035323,0.9791366031418898,0.9756278693490684,0.8684755829612265,0.6350000000000001,0.6310000000000001,PROCAR,nurion
POSCAR_Br4Cu2_1_z025,66,17,ok,6,0.9938431392309502,0.6970961810383799,0.7944596600111,0.8455542619105636,0.5390703199533279,0.654,0.6710000000000002,PROCAR,nurion
POSCAR_Br4Cu2_1_z050,66,17,ok,6,0.9909637167806243,0.7613705511950207,0.8265651462551296,0.8551077853461312,0.5801804343402167,0.647,0.667,PROCAR,nurion
POSCAR_Br4Cu2_1_z950,17,18,ok,6,0.9999028275749874,0.5117504121804138,0.6073547897197483,0.9720912921586584,0.4670675396289656,0.6920000000000002,0.6900000000000002,PROCAR,nurion
POSCAR_Br4Cu2_1_z975,116,17,ok,6,0.9912120540792867,0.7675837431740657,0.8515964278641408,0.9554163787519907,0.5683311258053878,0.647,0.667,PROCAR,nurion
POSCAR_Br4Mn2_1,158,24,ok,6,0.9995865980783573,0.9715315332698881,0.9820889145106845,0.8587391333171144,0.4371206451745585,0.637,0.651,PROCAR,nurion
POSCAR_Br4Mn2_1_st025,102,22,ok,6,0.9586861118016957,0.8020848411163143,0.8079796857423932,0.5915152455855947,0.5664787856697355,0.6470000000000001,0.5790000000000001,ToBeDelete_PROCAR,nurion
POSCAR_Br4Mn2_1_st050,102,22,ok,6,0.9996362898606637,0.5140007972824263,0.5502646572133949,0.9607700552902769,0.0,0.623,0.639,ToBeDelete_PROCAR,nurion
POSCAR_Br4Mn2_1_st950,175,27,ok,6,0.9984704525704723,0.7307543614874595,0.9493725915372314,0.7949783589014975,0.42200446650616236,0.744,0.761,ToBeDelete_PROCAR,nurion
POSCAR_Br4Mn2_1_st975,158,24,ok,6,0.9998975816679585,0.9664704988210154,0.981803705933381,0.8345395862547836,0.5044456583611068,0.65,0.657,ToBeDelete_PROCAR,nurion
POSCAR_Br4Mn2_1_x025,158,24,ok,6,0.9986134480495692,0.9790970085124653,0.9942732847721257,0.8315433744877619,0.5110047138197619,0.625,0.649,PROCAR,nurion
POSCAR_Br4Mn2_1_x050,158,24,ok,6,0.9974296880508929,0.9647438185441286,0.9828341465046869,0.7655410335226858,0.49117523439305744,0.6170000000000001,0.6530000000000001,PROCAR,nurion
POSCAR_Br4Mn2_1_x950,169,27,ok,6,0.9961969279050907,0.6882299369353381,0.8236551775809302,0.9116219737215135,0.4811080520139217,0.697,0.7340000000000001,PROCAR,nurion
POSCAR_Br4Mn2_1_x975,102,22,ok,6,0.8940247814477239,0.69110753906566,0.7029050047816534,0.5129562439467379,0.46513344086844444,0.674,0.5810000000000001,PROCAR,nurion
POSCAR_Br4Mn2_1_y025,102,22,ok,6,0.9252522623897574,0.7381348973748139,0.7456603507753813,0.5193815980426371,0.4823298840567947,0.6600000000000001,0.5770000000000001,PROCAR,nurion
POSCAR_Br4Mn2_1_y050,102,22,ok,6,0.9354099221815452,0.7549861464427357,0.7606515209338485,0.5108957098182673,0.4787891566512896,0.6550000000000001,0.581,PROCAR,nurion
POSCAR_Br4Mn2_1_y950,158,24,ok,6,0.9992258912751715,0.9658399407125168,0.9967104924454381,0.9007703039230642,0.6075213598682317,0.6390000000000001,0.658,PROCAR,nurion
POSCAR_Br4Mn2_1_y975,158,24,ok,6,0.9992333127597661,0.9805214930418383,0.9983641969389825,0.8721242587070523,0.5437039191439638,0.637,0.6550000000000001,PROCAR,nurion
POSCAR_Br4Mn2_1_z025,102,22,ok,6,0.9320770654073808,0.7474231499788901,0.7560506691036112,0.5775971848614858,0.5375421544079831,0.662,0.5800000000000001,PROCAR,nurion
POSCAR_Br4Mn2_1_z050,102,22,ok,6,0.9489721050353697,0.7871655964863439,0.7934766469307859,0.6415148315524153,0.6050881457770892,0.652,0.5810000000000001,PROCAR,nurion
POSCAR_Br4Mn2_1_z950,158,24,ok,6,0.9997493467611389,0.9817742012523687,0.9979773016251835,0.8387285221481168,0.5604270367368813,0.637,0.658,PROCAR,nurion
POSCAR_Br4Mn2_1_z975,158,24,ok,6,0.999637210707052,0.9788804813559926,0.9911747843024068,0.8424078714336435,0.49268808767089556,0.637,0.653,PROCAR,nurion
POSCAR_Br4Mo2_1,48,28,ok,6,0.9914191629870088,0.06984891683894587,0.9914332043576445,0.9728726114846528,0.04681094154626458,0.7900000000000001,0.816,ToBeDelete_PROCAR,nurion
POSCAR_Br4Mo2_1_st025,91,24,ok,6,0.8856546905881806,0.6067440212028808,0.7007326548805253,0.8677053055420688,0.5865215234784794,0.649,0.705,PROCAR,nurion
POSCAR_Br4Mo2_1_st050,100,24,ok,6,0.999076463501609,0.8176091509750694,0.9577339335095307,0.9489581573520646,0.8060321454016589,0.662,0.6330000000000001,PROCAR,nurion
POSCAR_Br4Mo2_1_st950,48,28,ok,6,0.9880229279379623,0.10770523785813858,0.9894728771534566,0.9477332678097365,0.06596379224215226,0.794,0.8220000000000001,PROCAR,nurion
POSCAR_Br4Mo2_1_st975,48,28,ok,6,0.9904636413461506,0.08660740451797982,0.9905652686244405,0.9625688319271062,0.05661567143837003,0.793,0.817,ToBeDelete_PROCAR,nurion
POSCAR_Br4Mo2_1_x025,47,28,ok,6,0.9999312895033041,0.08877898071113421,0.9998855294094955,0.7091515301696201,0.07888245793725607,0.797,0.8109999999999999,PROCAR,nurion
POSCAR_Br4Mo2_1_x050,46,28,ok,6,0.9949390042896251,0.0857357973422814,0.99605183575666,0.8161559005727843,0.08871002361393138,0.7869999999999999,0.8130000000000001,PROCAR,nurion
POSCAR_Br4Mo2_1_x950,46,27,ok,6,0.9779145532500444,0.06665096274341467,0.9915808799558987,0.8578590108186134,0.0379297180662717,0.77,0.81,PROCAR,nurion
POSCAR_Br4Mo2_1_x975,48,28,ok,6,0.9926262372538638,0.0683069542337796,0.9933716044991626,0.9363001293275443,0.0412511837646915,0.79,0.8140000000000001,PROCAR,nurion
POSCAR_Br4Mo2_1_y025,48,28,ok,6,0.9921134567258377,0.06445301077538017,0.9913881987541007,0.9795863691649991,0.042816031385688035,0.788,0.814,PROCAR,nurion
POSCAR_Br4Mo2_1_y050,48,28,ok,6,0.9932515191836304,0.06391528427485577,0.9920778872238132,0.9859911671133729,0.04107913311938462,0.79,0.812,PROCAR,nurion
POSCAR_Br4Mo2_1_y950,58,28,ok,6,0.9965555699399755,0.0898433060282174,0.9943617321892302,0.6383711508494592,0.08796362635530022,0.8170000000000001,0.8180000000000001,PROCAR,nurion
POSCAR_Br4Mo2_1_y975,58,28,ok,6,0.9942425642290468,0.09062741119625418,0.9893366842515999,0.7307133277067289,0.10261270559078679,0.818,0.8180000000000001,PROCAR,nurion
POSCAR_Br4Mo2_1_z025,48,28,ok,6,0.9927161592776871,0.06414115400742078,0.993110810067442,0.9517534642585153,0.04337072035281319,0.791,0.813,PROCAR,nurion
POSCAR_Br4Mo2_1_z050,46,27,ok,6,0.9582593868285848,0.0492951119368918,0.9616859401277692,0.8529864416094995,0.06693733507313268,0.7730000000000001,0.811,PROCAR,nurion
POSCAR_Br4Mo2_1_z950,57,28,ok,6,0.9898709506137839,0.06597192213539164,0.9824377660446647,0.9261476822443934,0.0657367595634385,0.786,0.8230000000000001,PROCAR,nurion
POSCAR_Br4Mo2_1_z975,58,28,ok,6,0.9906189230294776,0.06219361522926945,0.9827597207827549,0.9599518023502688,0.05327482623976048,0.786,0.8200000000000001,PROCAR,nurion
POSCAR_Br4Ru2_1,127,24,ok,6,0.666453781369497,0.4559938279650677,0.46362785709202625,0.6331856628636924,0.42412988646796485,0.708,0.6579999999999999,PROCAR,local_backup
POSCAR_Br4Ru2_1_st025,157,24,ok,6,0.7168252639525075,0.20687424999455267,0.6644796516813176,0.5624846936443858,0.135185669002217,0.8059999999999999,0.656,PROCAR,tgm
POSCAR_Br4Ru2_1_st050,157,24,ok,6,0.5145830360891307,0.08896918978319063,0.49025691433541785,0.45589995747505346,0.07819280164060688,0.8059999999999999,0.625,PROCAR,tgm
POSCAR_Br4Ru2_1_st950,133,27,ok,6,0.9385853917591769,0.3332358765771486,0.8340924810639955,0.9354201324270447,0.11499148801118991,0.827,0.807,PROCAR,tgm
POSCAR_Br4Ru2_1_st975,133,27,ok,6,0.9780374080013114,0.35369440989977446,0.8106447888346054,0.959126941709766,0.18463681133089863,0.786,0.788,PROCAR,tgm
POSCAR_Br4Ru2_1_x025,127,24,ok,6,0.7244561748485729,0.526898686929715,0.5420233290738564,0.6394904709069037,0.4556876547217117,0.698,0.653,PROCAR,nurion
POSCAR_Br4Ru2_1_x050,127,24,ok,6,0.8400479354009607,0.6523933612895372,0.7244810255204251,0.6341171756165564,0.4811161738623236,0.6920000000000001,0.668,PROCAR,nurion
POSCAR_Br4Ru2_1_x950,127,24,ok,6,0.5987122318103675,0.40822779248553615,0.405901971145156,0.5808642036810674,0.3833339582928054,0.72,0.664,PROCAR,nurion
POSCAR_Br4Ru2_1_x975,133,27,ok,6,0.9982261010081968,0.5419394079166006,0.8918595281219184,0.9782082730179255,0.46484800415890015,0.7560000000000001,0.783,PROCAR,nurion
POSCAR_Br4Ru2_1_y025,157,24,ok,6,0.7644854912328292,0.47230076510990276,0.48123509585896945,0.7051063197533971,0.4169758097911598,0.658,0.6859999999999999,PROCAR,nurion
POSCAR_Br4Ru2_1_y050,157,24,ok,6,0.9358697453005517,0.4791003190503024,0.6310946016647643,0.8574938606358494,0.41475220101660004,0.6780000000000002,0.667,PROCAR,nurion
POSCAR_Br4Ru2_1_y950,124,27,ok,6,0.9968297670306553,0.44461650080818377,0.8444492576462332,0.9690658803119369,0.2959895213838403,0.7410000000000001,0.7680000000000001,PROCAR,nurion
POSCAR_Br4Ru2_1_y975,124,27,ok,6,0.9999153628889389,0.5022188534808566,0.8461366835329969,0.9667674628264145,0.3873911184234812,0.7270000000000001,0.7620000000000001,PROCAR,nurion
POSCAR_Br4Ru2_1_z025,157,24,ok,6,0.7722609049978704,0.49564668756344465,0.504170636799805,0.7651367321356172,0.4671469183270811,0.655,0.688,PROCAR,nurion
POSCAR_Br4Ru2_1_z050,157,24,ok,6,0.9752197735504862,0.4675914563358127,0.7849486625805973,0.8826351712065651,0.29177691263692557,0.7460000000000001,0.67,PROCAR,nurion
POSCAR_Br4Ru2_1_z950,124,27,ok,6,0.9996645191226652,0.5132800957325759,0.828772826537098,0.9386481101431166,0.33046164095180597,0.7320000000000001,0.768,PROCAR,nurion
POSCAR_Br4Ru2_1_z975,124,27,ok,6,0.9982422634887171,0.6318382582214651,0.840185804137074,0.9133317939459338,0.4367439516350612,0.7220000000000001,0.765,PROCAR,nurion
POSCAR_Br4V2_1,157,23,ok,6,0.9724968545094123,0.5950115488277834,0.844487901061532,0.9347042127969618,0.5827326775834176,0.674,0.6780000000000002,ToBeDelete_PROCAR,nurion
POSCAR_Br4V2_1_st025,157,23,ok,6,0.9796164644575536,0.5262598580351933,0.8542455541513944,0.9130698248936813,0.5058715037296853,0.671,0.679,ToBeDelete_PROCAR,nurion
POSCAR_Br4V2_1_st050,157,23,ok,6,0.9980166477208353,0.5033571894606066,0.8950667201743757,0.9025596433326859,0.4757663090638612,0.657,0.6829999999999999,PROCAR,nurion
POSCAR_Br4V2_1_st950,160,27,ok,6,0.9964902965079042,0.028344648967175246,0.9849381650316485,0.7803036033192116,0.028514032314983957,0.85,0.855,PROCAR,nurion
POSCAR_Br4V2_1_st975,157,23,ok,6,0.9700071425084287,0.653803814847374,0.8362475442428952,0.9464225374462407,0.6441021404748231,0.68,0.6790000000000002,ToBeDelete_PROCAR,nurion
POSCAR_Br4V2_1_x025,157,23,ok,6,0.9717753197309698,0.5576758164279529,0.8738797012708546,0.9379457466318446,0.5457594499870041,0.68,0.685,PROCAR,nurion
POSCAR_Br4V2_1_x050,102,22,ok,6,0.9862635223455314,0.6795921620644853,0.969855717356182,0.7135194431645052,0.6086409490374076,0.641,0.642,PROCAR,nurion
POSCAR_Br4V2_1_x950,157,22,ok,6,0.979005888858178,0.6355459971639137,0.7964112911830772,0.9218601373301583,0.6111637745631155,0.662,0.6670000000000001,PROCAR,nurion
POSCAR_Br4V2_1_x975,157,23,ok,6,0.9758844780038036,0.6216860044788141,0.8185914921226659,0.9297684661310964,0.6008297149324792,0.667,0.6750000000000002,PROCAR,nurion
POSCAR_Br4V2_1_y025,157,23,ok,6,0.9868859563352022,0.6136800393398046,0.8700785085724955,0.9237325264693841,0.5978715670758632,0.6639999999999999,0.674,PROCAR,nurion
POSCAR_Br4V2_1_y050,137,20,ok,6,0.9887212005657621,0.7931646511783567,0.7793985773599772,0.9804969172521181,0.6140048492654924,0.6080000000000001,0.613,PROCAR,nurion
POSCAR_Br4V2_1_y950,157,23,ok,6,0.9588534141677595,0.6342207428294483,0.8674582340317146,0.956193569460559,0.6357644853908346,0.6910000000000001,0.685,PROCAR,nurion
POSCAR_Br4V2_1_y975,157,23,ok,6,0.9637838013541694,0.603194710904238,0.8490634299613888,0.9558355151809641,0.6026858893694041,0.6809999999999999,0.681,PROCAR,nurion
POSCAR_Br4V2_1_z025,157,23,ok,6,0.9648579969963434,0.5508105033440721,0.8192586151106358,0.9424579695681465,0.5384395117370676,0.6729999999999999,0.675,PROCAR,nurion
POSCAR_Br4V2_1_z050,157,23,ok,6,0.9592622425624365,0.5185815724102278,0.8088090234505987,0.9480744122019837,0.49849373821497167,0.676,0.674,PROCAR,nurion
POSCAR_Br4V2_1_z950,160,27,ok,6,0.992135984353436,0.04041252173494213,0.9973278248194039,0.9447329531671272,0.05109634377211044,0.847,0.848,PROCAR,nurion
POSCAR_Br4V2_1_z975,157,23,ok,6,0.9808567348731198,0.6340810437453427,0.8755260082391466,0.934423013643941,0.6218048103889509,0.671,0.683,PROCAR,nurion
POSCAR_Br6Pd2_1,40,23,ok,8,0.9984269569516561,0.8885268350079948,0.8604525559210556,0.9661321729521765,0.8459434104368208,0.7180000000000001,0.7110000000000002,ToBeDelete_PROCAR,nurion
POSCAR_Br6Pd2_1_st025,40,23,ok,8,0.9946667185020673,0.8249399209257001,0.8171780233534378,0.9378455830508621,0.7513390464674055,0.7010000000000001,0.6940000000000001,ToBeDelete_PROCAR,nurion
POSCAR_Br6Pd2_1_st050,89,23,ok,8,0.9985543388952604,0.9771411141827746,0.8941955929808818,0.9902697345436188,0.950617793740264,0.661,0.6859999999999999,PROCAR,nurion
POSCAR_Br6Pd2_1_st950,66,31,ok,8,0.9963925955943698,0.5808607093171161,0.7679093226719621,0.9798460790009187,0.42298198606350423,0.7860000000000001,0.7860000000000001,ToBeDelete_PROCAR,nurion
POSCAR_Br6Pd2_1_st975,66,31,ok,8,0.99688979992318,0.5975467413274417,0.7575080014727328,0.9754518024823337,0.44737533353124664,0.7700000000000001,0.771,ToBeDelete_PROCAR,nurion
POSCAR_Br6Pd2_1_x025,125,25,ok,8,0.9997544550590886,0.9012938175408052,0.8949089371582151,0.9272470974465428,0.8709256612644535,0.7070000000000001,0.6920000000000001,PROCAR,nurion
POSCAR_Br6Pd2_1_x050,125,25,ok,8,0.9997327039713321,0.8752589711283592,0.8698574919819307,0.9036597529112095,0.8159434199587947,0.6990000000000001,0.6770000000000002,PROCAR,nurion
POSCAR_Br6Pd2_1_x950,10,31,ok,8,0.9999983100347393,0.7266311381025069,0.7771326096066459,0.9889686099342553,0.6602576696088279,0.756,0.7560000000000001,PROCAR,nurion
POSCAR_Br6Pd2_1_x975,10,31,ok,8,0.9999947420068311,0.7325056972547077,0.7813959718217295,0.9899369964847544,0.670455038611206,0.75,0.7520000000000001,PROCAR,nurion
POSCAR_Br6Pd2_1_y025,47,23,ok,8,0.9960953318501503,0.873712862898303,0.858583385852031,0.9712642190955869,0.8410913613987583,0.7080000000000001,0.7130000000000001,PROCAR,nurion
POSCAR_Br6Pd2_1_y975,125,25,ok,8,0.9973017763124058,0.9576295412714102,0.9511595918250336,0.9526332032195826,0.937771475511655,0.7170000000000001,0.717,PROCAR,nurion
POSCAR_Br6Pd2_1_z025,125,25,ok,8,0.9977555393403078,0.9097238267717234,0.9039845133461976,0.9550334538328369,0.9089817975265573,0.7090000000000001,0.698,PROCAR,nurion
POSCAR_Br6Pd2_1_z975,52,31,ok,8,0.9993241347886718,0.7623736066012732,0.8261504105804018,0.9563636965389548,0.6139665564191961,0.7430000000000001,0.7560000000000001,PROCAR,nurion
POSCAR_C1Co2_1,491,8,ok,3,0.9994862021792437,0.9348921935458759,0.7787356172678286,0.5973243492095903,0.28593545858754155,0.9280000000000002,0.924,PROCAR,nurion
POSCAR_C1Co2_1_st025,587,8,ok,3,0.9996545107990075,0.9478429610736002,0.8023968571629082,0.8047126881893818,0.5432267868259529,0.9169999999999999,0.9089999999999999,PROCAR,nurion
POSCAR_C1Co2_1_st050,291,8,ok,3,0.9992953582070553,0.800989151462345,0.7967968365340021,0.6358799057506987,0.47600808379197174,0.8520000000000001,0.8450000000000001,ToBeDelete_PROCAR,nurion
POSCAR_C1Co2_1_st950,95,11,ok,3,0.9999973820387074,0.9994776587676129,0.9761791211417737,0.9956212561018074,0.9940280337696287,0.977,0.979,PROCAR,nurion
POSCAR_C1Co2_1_st975,147,7,ok,3,0.9983349891523645,0.9987616203904696,0.3713743150959748,0.9949703347480854,0.9959606109058615,0.935,0.9380000000000001,ToBeDelete_PROCAR,nurion
POSCAR_C1Co2_1_x025,491,8,ok,3,0.9996237921497495,0.9324987539931788,0.8022591187349348,0.6351870352106609,0.24897601568567782,0.9280000000000002,0.918,PROCAR,nurion
POSCAR_C1Co2_1_x050,491,8,ok,3,0.9997975255578779,0.9411117728892165,0.8334768570540526,0.678006478678557,0.2303793499424063,0.9239999999999999,0.9179999999999999,PROCAR,nurion
POSCAR_C1Co2_1_x950,587,8,ok,3,0.9997291345823487,0.973666930742654,0.7169119881739988,0.8424425906645275,0.7619084939980763,0.9470000000000001,0.9229999999999999,PROCAR,nurion
POSCAR_C1Co2_1_x975,587,8,ok,3,0.9996478344624419,0.9555363529724097,0.7535289041762435,0.7764876749086318,0.6693404311741135,0.937,0.925,PROCAR,nurion
POSCAR_C2Cr2_3,568,15,ok,4,0.9988887594473799,0.9795215840708166,0.8310781673217372,0.9426590471309748,0.8826172887115241,0.764,0.795,PROCAR,nurion
POSCAR_C2Cr2_3_st025,568,15,ok,4,0.9978311201689581,0.989664058432916,0.9210800848224456,0.9403803373451599,0.8560169638647236,0.732,0.7650000000000001,ToBeDelete_PROCAR,nurion
POSCAR_C2Cr2_3_st050,638,15,ok,4,0.9855275522992165,0.8975538531811247,0.7957465587553207,0.8732925501705185,0.3810386799667135,0.73,0.7040000000000001,PROCAR,nurion
POSCAR_C2Cr2_3_st950,639,15,ok,4,0.9946853484902971,0.9910168698164719,0.5320757060344665,0.9923349290716106,0.9401972472861143,0.8220000000000001,0.8180000000000001,ToBeDelete_PROCAR,nurion
POSCAR_C2Cr2_3_st975,624,15,ok,4,0.9993498467465114,0.9742836653866034,0.7493039480669473,0.954242216606599,0.8970502709232994,0.821,0.798,PROCAR,nurion
POSCAR_C2Cr2_3_z025,568,15,ok,4,0.9990999885182914,0.9957719831536268,0.8539574023523094,0.9309722568971931,0.8584375162951468,0.752,0.8,PROCAR,nurion
POSCAR_C2Cr2_3_z050,344,15,ok,4,0.9945845366793756,0.8213382204109435,0.46016094210733055,0.7434047826448593,0.21886377271300503,0.8200000000000001,0.8360000000000001,PROCAR,nurion
POSCAR_C2Cr2_3_z950,624,15,ok,4,0.9979875147351901,0.9732345727049975,0.7610532493609792,0.7848082399356938,0.7143179946706836,0.7929999999999999,0.8079999999999999,PROCAR,nurion
POSCAR_C2Cr2_3_z975,624,15,ok,4,0.9992932328289037,0.9627950286489576,0.779695452118111,0.9205107468906409,0.848064666231134,0.798,0.774,PROCAR,nurion
POSCAR_C2Cr2_5,305,15,ok,4,0.989728896671445,0.39625723628261783,0.9165333854573584,0.8753956065227834,0.09770846925167723,0.891,0.8370000000000002,ToBeDelete_PROCAR,nurion
POSCAR_C2Cr2_5_st025,231,16,ok,4,0.9866084015831295,0.755047962626693,0.9588965348831767,0.6458335729623441,0.27584822585596136,0.7950000000000002,0.8220000000000001,PROCAR,nurion
POSCAR_C2Cr2_5_st050,300,14,ok,4,0.9838135129158866,0.40997824023768054,0.9764520722825819,0.34392324693079357,0.07996871118997462,0.7150000000000001,0.794,ToBeDelete_PROCAR,nurion
POSCAR_C2Cr2_5_st950,306,15,ok,4,0.996118579370845,0.5599247970126792,0.9646171810507361,0.9098495735885571,0.3263203049132602,0.829,0.8460000000000001,ToBeDelete_PROCAR,nurion
POSCAR_C2Cr2_5_st975,415,15,ok,4,0.9439346413926943,0.9064921987459343,0.9423763208665856,0.9221209886927414,0.5788573541550365,0.7679999999999999,0.832,ToBeDelete_PROCAR,nurion
POSCAR_C2Cr2_5_x025,381,15,ok,4,0.9920408743865062,0.3790045531773383,0.9286187965361556,0.8992689385797458,0.09571689646919629,0.875,0.8240000000000001,PROCAR,nurion
POSCAR_C2Cr2_5_x050,124,16,ok,4,0.9918371549551277,0.6401696527410144,0.9892893848153893,0.7720946549221661,0.33299043795154043,0.8190000000000001,0.83,PROCAR,nurion
POSCAR_C2Cr2_5_x950,415,15,ok,4,0.9853237317026776,0.4448463776174071,0.8910918591999178,0.8113104435099545,0.13463475648487103,0.915,0.844,PROCAR,nurion
POSCAR_C2Cr2_5_x975,303,15,ok,4,0.9520790859829568,0.8356816835840906,0.9638732757442168,0.9451533280649861,0.4537721349158931,0.8099999999999999,0.7490000000000001,PROCAR,nurion
POSCAR_C2Cr2_5_y050,241,16,ok,4,0.9912963791050079,0.6393553665323518,0.9924433575760655,0.7811441278189531,0.4547064897587077,0.811,0.8,PROCAR,nurion
POSCAR_C2Cr2_5_y950,415,15,ok,4,0.9929489531776029,0.46501258276858765,0.8944707656072681,0.8303359273870163,0.09231712867564376,0.891,0.8420000000000001,PROCAR,nurion
POSCAR_C2Cr2_5_y975,381,15,ok,4,0.9736486544546394,0.7472793651412917,0.9694618066395022,0.9577013947195332,0.3455254968962471,0.77,0.818,PROCAR,nurion
POSCAR_C2Cr2_5_z025,305,15,ok,4,0.9868461440125352,0.3352452473677229,0.9406235012935085,0.9132753769267791,0.06868745102150799,0.9239999999999999,0.847,PROCAR,nurion
POSCAR_C2Cr2_5_z050,501,15,ok,4,0.9992779130373731,0.7788565626965088,0.967282316718686,0.9900148283857633,0.19801513399027715,0.8019999999999999,0.809,PROCAR,nurion
POSCAR_C2Cr2_5_z950,337,15,ok,4,0.9951647832577329,0.9741864650257505,0.8895832464294161,0.6053541060546632,0.555092721510245,0.862,0.82,PROCAR,nurion
POSCAR_C2Cr2_5_z975,305,15,ok,4,0.9990948855541697,0.5411345159498085,0.9421418480737676,0.9151013610704892,0.19929835901372686,0.8180000000000001,0.826,PROCAR,nurion
POSCAR_C2Fe2_3,569,11,ok,4,0.9494689865017337,0.9637343706739652,0.6101394433197463,0.7197801147511533,0.7372227334528738,0.8089999999999999,0.8330000000000001,ToBeDelete_PROCAR,nurion
POSCAR_C2Fe2_3_st025,589,11,ok,4,0.9662684733598911,0.9532411813102004,0.950828594752584,0.8388911062060216,0.754032763703668,0.78,0.7869999999999999,PROCAR,nurion
POSCAR_C2Fe2_3_st050,779,11,ok,4,0.9950206000069316,0.9567633732317872,0.860159059902501,0.6809706971411953,0.6011735647776228,0.776,0.7529999999999999,PROCAR,nurion
POSCAR_C2Fe2_3_st950,685,11,ok,4,0.9993020840361501,0.6460673260326032,0.9959535252844897,0.9822326266749827,0.5093410383791395,0.9139999999999999,0.9199999999999999,PROCAR,nurion
POSCAR_C2Fe2_3_x050,555,12,ok,4,0.9943226039091193,0.6314628877897502,0.9262800725033132,0.8149795411776868,0.44980535112995235,0.8370000000000001,0.821,PROCAR,nurion
POSCAR_C2Fe2_3_x950,780,11,ok,4,0.9621760459199398,0.5744838606848818,0.9678375953978143,0.9172402415838693,0.3291398053335327,0.829,0.8160000000000001,PROCAR,nurion
POSCAR_C2Fe2_3_x975,569,11,ok,4,0.9834816615904384,0.9887042469650928,0.7390770195182622,0.7784146686614213,0.6943606042358857,0.818,0.8170000000000001,PROCAR,nurion
POSCAR_C2Fe2_3_y050,475,12,ok,4,0.9933205457932549,0.6341057393735229,0.9015316714437446,0.8663886805374331,0.4986463275015498,0.8670000000000001,0.829,PROCAR,nurion
POSCAR_C2Fe2_3_y975,719,11,ok,4,0.9492189349537856,0.6127216439677452,0.9658653369070564,0.8942377447903408,0.3648603034810203,0.788,0.812,PROCAR,nurion
POSCAR_C2Fe2_3_z025,639,12,ok,4,0.9942806826011304,0.42677471530947275,0.970977823650174,0.9373862741868771,0.3667598664189633,0.8380000000000001,0.853,PROCAR,nurion
POSCAR_C2Mo2_4,115,18,ok,4,0.9999972212695231,0.99999110088355,0.5637330360805423,0.9999695702055232,0.9999317488200954,0.865,0.867,PROCAR,nurion
POSCAR_C2Sc2_4,68,16,ok,4,1.0000000000000002,0.9999999999999999,0.8790568363125661,0.9999999999999999,1.0,0.501,0.501,PROCAR,local_backup
POSCAR_Cd2F6_3,177,24,ok,8,0.9999764052573092,0.7374539379587876,0.7372877823587967,0.9749783775404309,0.5001264099448294,0.782,0.763,PROCAR,nurion
POSCAR_Cl4Co2_1,37,20,ok,6,0.9996077117694819,0.9691543433405024,0.9761364399369364,0.8661314400553589,0.7616112810678366,0.7290000000000001,0.7530000000000001,PROCAR,nurion
POSCAR_Cl4Co2_1_st025,150,13,ok,6,0.933619437515617,0.7867488359347554,0.7810807711188615,0.908162144782481,0.4829045605446441,0.6800000000000002,0.6390000000000001,PROCAR,nurion
POSCAR_Cl4Co2_1_st050,162,16,ok,6,0.8675485441273432,0.7794835022944979,0.782204496384895,0.8495787005180494,0.31870435449632134,0.765,0.6950000000000002,PROCAR,nurion
POSCAR_Cl4Co2_1_st950,109,20,ok,6,0.9847290208447416,0.8945722666429352,0.9270653113693124,0.6436858661925098,0.37805982759044726,0.793,0.7890000000000001,PROCAR,nurion
POSCAR_Cl4Co2_1_st975,37,20,ok,6,0.9950892958881156,0.9335718026732142,0.9544199096206661,0.8087594918897874,0.612099407555218,0.7630000000000001,0.7730000000000001,PROCAR,nurion
POSCAR_Cl4Co2_1_x025,37,20,ok,6,0.99988515211575,0.9674514644869554,0.9828440098968025,0.8629316122611956,0.7592410160529312,0.7220000000000001,0.748,PROCAR,nurion
POSCAR_Cl4Co2_1_x050,37,20,ok,6,0.9986925211418766,0.9623091884419973,0.98282061865902,0.8539864633532783,0.737291272160821,0.7100000000000001,0.7450000000000001,PROCAR,nurion
POSCAR_Cl4Co2_1_x950,109,20,ok,6,0.9989634326653575,0.9240532361421654,0.9669007654710676,0.8332326518676006,0.6387510382453363,0.747,0.766,PROCAR,nurion
POSCAR_Cl4Co2_1_x975,109,20,ok,6,0.9995412478951597,0.9501135253215647,0.9727872563712895,0.812038835865718,0.634269542769975,0.7389999999999999,0.7620000000000001,PROCAR,nurion
POSCAR_Cl4Co2_1_y025,109,20,ok,6,0.999906910084615,0.9677660447457889,0.9838718970473721,0.8167039659675348,0.6398740422081006,0.7220000000000001,0.7470000000000001,PROCAR,nurion
POSCAR_Cl4Co2_1_y050,109,20,ok,6,0.998908951799916,0.9625178919758794,0.982195153268931,0.8254124650356327,0.6359724842548586,0.7120000000000002,0.7430000000000001,PROCAR,nurion
POSCAR_Cl4Co2_1_y950,37,20,ok,6,0.9991408710832426,0.926749736239961,0.9667862067312291,0.8563580396374606,0.631112080557846,0.7490000000000002,0.7690000000000001,PROCAR,nurion
POSCAR_Cl4Co2_1_y975,37,20,ok,6,0.9995606179445302,0.948417796464664,0.9714659710434472,0.8494465360249864,0.6895924121444927,0.7410000000000001,0.7600000000000001,PROCAR,nurion
POSCAR_Cl4Co2_1_z025,37,20,ok,6,0.9999782039748282,0.97406150082507,0.9843688268203025,0.8900912517454602,0.8128629205582617,0.722,0.7430000000000001,PROCAR,nurion
POSCAR_Cl4Co2_1_z050,116,20,ok,6,0.9908668726169513,0.8715065327076427,0.8935702547144156,0.7413229890243074,0.5918728525257518,0.7030000000000001,0.738,PROCAR,nurion
POSCAR_Cl4Co2_1_z950,37,20,ok,6,0.9967729785496565,0.9503407942134982,0.9640089456515645,0.8356982366518952,0.6881874107578316,0.753,0.763,PROCAR,nurion
POSCAR_Cl4Co2_1_z975,37,20,ok,6,0.9987850326720071,0.9602348432923967,0.9705063130451326,0.8455258235073239,0.7187109144508194,0.7400000000000001,0.7540000000000001,PROCAR,nurion
POSCAR_Cl4Fe2_1,55,21,ok,6,0.999504802713126,0.8040613648544886,0.9967342748670801,0.9538495089421081,0.5423699994621354,0.7350000000000002,0.739,ToBeDelete_PROCAR,nurion
POSCAR_Cl4Fe2_1_st025,43,14,ok,6,0.9835426418464183,0.5790109521950624,0.5802190346397643,0.7199584263270797,0.46921674801284097,0.6960000000000002,0.6940000000000001,PROCAR,nurion
POSCAR_Cl4Fe2_1_st050,43,14,ok,6,0.9999502110485983,0.4707683213695782,0.45467631825887195,0.6756161555577691,0.3667175480970306,0.677,0.7080000000000001,PROCAR,nurion
POSCAR_Cl4Fe2_1_st950,55,21,ok,6,0.998281350607862,0.578638880747922,0.99644444968302,0.9021639883401165,0.3988113883985476,0.773,0.778,PROCAR,nurion
POSCAR_Cl4Fe2_1_st975,55,21,ok,6,0.9988931172083575,0.6900537942947333,0.9965023683754849,0.9299785469884582,0.4615681141165123,0.7530000000000001,0.7600000000000001,PROCAR,nurion
POSCAR_Cl4Fe2_1_x025,102,15,ok,6,0.9993132298989318,0.5243936145846219,0.9840260065436401,0.8976721213573724,0.29834240313734695,0.739,0.7800000000000001,PROCAR,nurion
POSCAR_Cl4Fe2_1_x050,43,14,ok,6,0.9761258185574084,0.8682749289227788,0.8668617354063998,0.8807348110668783,0.7296000275880618,0.7110000000000001,0.6890000000000002,PROCAR,nurion
POSCAR_Cl4Fe2_1_x950,18,20,ok,6,0.9927852159606275,0.8489507273025039,0.9067487265660772,0.677984323202914,0.48800630551400653,0.7510000000000001,0.7460000000000001,PROCAR,nurion
POSCAR_Cl4Fe2_1_x975,18,20,ok,6,0.9957923823523074,0.8589054881630366,0.9009516236117191,0.5643387109210305,0.4536352859368292,0.7400000000000001,0.739,PROCAR,nurion
POSCAR_Cl4Fe2_1_y025,36,15,ok,6,0.9999648117565452,0.5502435349833892,0.9818374827073914,0.7415298438960999,0.35813943295727146,0.7390000000000001,0.7709999999999999,PROCAR,nurion
POSCAR_Cl4Fe2_1_y050,49,14,ok,6,0.9770393819978723,0.8735956983639517,0.8717816297802921,0.932411043021187,0.7360104507733677,0.6890000000000001,0.7110000000000001,PROCAR,nurion
POSCAR_Cl4Fe2_1_y950,10,20,ok,6,0.9921969635853085,0.847018328807193,0.9045735439469341,0.6780361934571556,0.4559072442615165,0.746,0.7540000000000001,PROCAR,nurion
POSCAR_Cl4Fe2_1_y975,10,20,ok,6,0.9951031267590195,0.8581618836384235,0.8981438512414723,0.5561707755297646,0.41318516115110465,0.74,0.7430000000000001,PROCAR,nurion
POSCAR_Cl4Fe2_1_z025,55,21,ok,6,0.9998610022124909,0.8360979111668838,0.9843283507739448,0.9632825437224332,0.592402640942908,0.7250000000000002,0.731,PROCAR,nurion
POSCAR_Cl4Fe2_1_z050,43,14,ok,6,0.9887805779796288,0.6655948891087299,0.6610695980779623,0.7074200655542938,0.5072095709347454,0.6980000000000002,0.6970000000000001,PROCAR,nurion
POSCAR_Cl4Fe2_1_z950,62,20,ok,6,0.9965231865586566,0.8194073051041014,0.9027481028701251,0.6920742951745847,0.5263625881040491,0.7470000000000001,0.744,PROCAR,nurion
POSCAR_Cl4Fe2_1_z975,121,21,ok,6,0.9986834429602507,0.7657808952235043,0.9948479949753087,0.9154336911870025,0.5059042388202588,0.7420000000000001,0.7480000000000001,PROCAR,nurion
POSCAR_Cl4Fe2_2,174,17,ok,6,0.9990604407460761,0.9952539711574363,0.9924419298056371,0.9727109991811848,0.8687540636466641,0.677,0.6910000000000001,PROCAR,nurion
POSCAR_Cl4Fe2_2_st025,112,16,ok,6,0.948992325641758,0.8218689749025861,0.8316298167916528,0.7020321608780932,0.5109949435580807,0.705,0.6330000000000001,ToBeDelete_PROCAR,nurion
POSCAR_Cl4Fe2_2_st050,112,16,ok,6,0.9925042463869956,0.8929264999872054,0.9336914786170245,0.853366754180339,0.28838316683385207,0.6809999999999999,0.67,PROCAR,nurion
POSCAR_Cl4Fe2_2_st950,191,21,ok,6,0.9307228756021543,0.4556129745404401,0.7983491204594785,0.9141590824410859,0.16058313455956605,0.8290000000000002,0.8160000000000001,PROCAR,nurion
POSCAR_Cl4Fe2_2_st975,191,21,ok,6,0.971733987625458,0.8313783283574845,0.8973732316562489,0.8204146941661096,0.5687408075184799,0.7400000000000001,0.795,PROCAR,nurion
POSCAR_Cl4Fe2_2_x025,174,17,ok,6,0.9992054651865856,0.9935135302094072,0.99136725532748,0.9901274075351642,0.9448731788390153,0.6670000000000001,0.685,PROCAR,nurion
POSCAR_Cl4Fe2_2_x050,112,16,ok,6,0.9434315728505257,0.8094415945266143,0.8137108794000385,0.6950349891760292,0.5728448723922727,0.7050000000000001,0.624,PROCAR,nurion
POSCAR_Cl4Fe2_2_x950,191,21,ok,6,0.994460950293743,0.6568898037179091,0.9002482931330202,0.9106170446636445,0.3956927141203239,0.781,0.79,PROCAR,nurion
POSCAR_Cl4Fe2_2_x975,174,17,ok,6,0.998812392981006,0.967141157508334,0.9744162935818647,0.9258403592819869,0.7691915866861002,0.7260000000000001,0.7030000000000002,PROCAR,nurion
POSCAR_Cl4Fe2_2_y025,112,16,ok,6,0.9022538286609882,0.7291812302063355,0.7425694105382834,0.642873940467269,0.47715036825681556,0.7220000000000001,0.6300000000000001,PROCAR,nurion
POSCAR_Cl4Fe2_2_y050,112,16,ok,6,0.942443165333402,0.8107254042651769,0.8016039817104609,0.6562466016595205,0.4851684512102337,0.708,0.6340000000000001,PROCAR,nurion
POSCAR_Cl4Fe2_2_y950,192,21,ok,6,0.9879083598322214,0.6697429452675532,0.7588380882605807,0.9530813320798345,0.25783441737399954,0.782,0.797,PROCAR,nurion
POSCAR_Cl4Fe2_2_y975,185,21,ok,6,0.9947465697751614,0.7118186437374773,0.7886577417713245,0.9899564796358552,0.33369490891395664,0.7710000000000001,0.7899999999999999,PROCAR,nurion
POSCAR_Cl4Fe2_2_z025,174,17,ok,6,0.9981028908547009,0.9925826111982788,0.993894490011965,0.9683280922042601,0.870785851927037,0.6670000000000001,0.6970000000000001,PROCAR,nurion
POSCAR_Cl4Fe2_2_z050,112,16,ok,6,0.9239706754997473,0.7575649888792088,0.7918351890116011,0.7022542764726352,0.45085094993477626,0.716,0.639,PROCAR,nurion
POSCAR_Cl4Fe2_2_z950,172,18,ok,6,0.9959558474821001,0.6892444295596766,0.7048532923924601,0.9283891648036432,0.5107664794645319,0.7330000000000001,0.7770000000000001,PROCAR,nurion
POSCAR_Cl4Fe2_2_z975,192,21,ok,6,0.9692306504057243,0.8756449675428865,0.8936376138659464,0.7558130557797481,0.5337179490153873,0.723,0.7819999999999999,PROCAR,nurion
POSCAR_Cl4Mn2_1,147,22,ok,6,0.9946802015671232,0.7089313737868136,0.8889680673796346,0.9517684755713401,0.6763148716878411,0.6749999999999999,0.6760000000000002,ToBeDelete_PROCAR,nurion
POSCAR_Cl4Mn2_1_st025,147,22,ok,6,0.9852776323726763,0.6842699515861292,0.9494679817326598,0.7572550117620662,0.5340287930007811,0.704,0.6520000000000001,PROCAR,nurion
POSCAR_Cl4Mn2_1_st050,227,17,ok,6,0.9398472412604328,0.6286314451655862,0.6929462997617534,0.930018524331366,0.6174650023108124,0.597,0.6510000000000001,PROCAR,nurion
POSCAR_Cl4Mn2_1_st950,141,26,ok,6,0.9682132944759914,0.4470851624562771,0.9399728722928111,0.7627036933061926,0.25404299021307414,0.778,0.8460000000000001,ToBeDelete_PROCAR,nurion
POSCAR_Cl4Mn2_1_st975,181,26,ok,6,0.9366669721081398,0.5762557819894261,0.8445578924722756,0.7341393625663203,0.34277111771467417,0.829,0.7440000000000001,ToBeDelete_PROCAR,nurion
POSCAR_Cl4Mn2_1_x025,147,22,ok,6,0.9999203045997623,0.7601862883175242,0.9508915761830867,0.8996205294890302,0.6861624224258434,0.679,0.6670000000000001,PROCAR,nurion
POSCAR_Cl4Mn2_1_x050,147,22,ok,6,0.9878159601729287,0.7514076183735781,0.975994681347926,0.8113231290684155,0.6333417534071493,0.702,0.6610000000000001,PROCAR,nurion
POSCAR_Cl4Mn2_1_x950,181,26,ok,6,0.9314503580194656,0.6263305576249628,0.8186305027186118,0.7351845187501242,0.3711313991230567,0.8180000000000001,0.7330000000000001,PROCAR,nurion
POSCAR_Cl4Mn2_1_x975,147,22,ok,6,0.9887799363180082,0.6344161277740806,0.8407014725681445,0.970573502816949,0.6181902220707813,0.685,0.684,PROCAR,nurion
POSCAR_Cl4Mn2_1_y025,147,22,ok,6,0.9982145887765924,0.7010434132005205,0.8893708817611362,0.9081636815403843,0.6396220388940043,0.679,0.6660000000000001,PROCAR,nurion
POSCAR_Cl4Mn2_1_y050,147,22,ok,6,0.9997507243567614,0.6744396004654786,0.9002820011786732,0.8195141437704704,0.5667294538613732,0.685,0.6600000000000001,PROCAR,nurion
POSCAR_Cl4Mn2_1_y950,180,26,ok,6,0.9826242790237042,0.5651334713040945,0.933200147289522,0.5995442102564731,0.2069079826892395,0.8190000000000002,0.758,PROCAR,nurion
POSCAR_Cl4Mn2_1_y975,180,26,ok,6,0.9739674299888699,0.6119682070596159,0.9053645473169434,0.5522014370428715,0.21600899891741354,0.8110000000000002,0.7420000000000001,PROCAR,nurion
POSCAR_Cl4Mn2_1_z025,147,22,ok,6,0.9998681541030973,0.6882882313671358,0.907834127559001,0.8868198107961645,0.5954582039350422,0.6819999999999999,0.6660000000000001,PROCAR,nurion
POSCAR_Cl4Mn2_1_z050,147,22,ok,6,0.9934182240105837,0.6455396220907762,0.9213282586086777,0.8113130357681422,0.4931413645756102,0.7000000000000001,0.6550000000000001,PROCAR,nurion
POSCAR_Cl4Mn2_1_z950,181,26,ok,6,0.9338359410560468,0.6204850620642415,0.8198596251571624,0.5740238712825365,0.3015205100490287,0.8130000000000002,0.7360000000000002,PROCAR,nurion
POSCAR_Cl4Mn2_1_z975,176,27,ok,6,0.999463990405806,0.5017634310838999,0.9934878830404894,0.9594127388551826,0.2831829112078251,0.8160000000000001,0.7920000000000001,PROCAR,nurion
POSCAR_Cl4Nb2_1,29,27,ok,6,0.994309434599596,0.07462017882269871,0.9973413776796783,0.7645710353372401,0.04164793960743914,0.871,0.836,PROCAR,nurion
POSCAR_Cl4Nb2_1_st025,29,27,ok,6,0.9947565348263561,0.05458219498258633,0.9975904897408671,0.784357638756144,0.031254604968728346,0.878,0.8500000000000001,ToBeDelete_PROCAR,nurion
POSCAR_Cl4Nb2_1_st050,29,27,ok,6,0.995231759437021,0.04265267528995445,0.9976824317822816,0.8050583849267964,0.02589211878465984,0.885,0.861,ToBeDelete_PROCAR,nurion
POSCAR_Cl4Nb2_1_st950,29,27,ok,6,0.9917202165623363,0.13956930327651274,0.9957584209743663,0.708221725876693,0.06786879506980985,0.847,0.798,PROCAR,nurion
POSCAR_Cl4Nb2_1_st975,29,27,ok,6,0.9933347673120845,0.09982600179845934,0.9968003965042173,0.7392547729248049,0.051064525459347025,0.86,0.8180000000000001,ToBeDelete_PROCAR,nurion
POSCAR_Cl4Nb2_1_x025,29,27,ok,6,0.9943307599848186,0.07036940364098704,0.9977011670024075,0.7636653063296667,0.04110890091918594,0.87,0.8410000000000001,ToBeDelete_PROCAR,nurion
POSCAR_Cl4Nb2_1_x050,29,27,ok,6,0.9945401143530836,0.0693033912565803,0.9980007510846592,0.7636095724237248,0.04103652085144341,0.8690000000000001,0.844,ToBeDelete_PROCAR,nurion
POSCAR_Cl4Nb2_1_x950,29,27,ok,6,0.9940836503932613,0.08432961836445288,0.9961735233639312,0.7661596964535693,0.04082154985266502,0.866,0.8220000000000001,ToBeDelete_PROCAR,nurion
POSCAR_Cl4Nb2_1_x975,29,27,ok,6,0.9945265856476369,0.07778722253202211,0.9968406804479987,0.7640649520298062,0.0391685627401067,0.868,0.8290000000000001,ToBeDelete_PROCAR,nurion
POSCAR_Cl4Nb2_2,127,25,ok,6,0.9992171576538754,0.023423851152394,0.996636916355507,0.9986330112312436,0.024166370986399434,0.801,0.812,ToBeDelete_PROCAR,nurion
POSCAR_Cl4Nb2_2_st025,127,25,ok,6,0.999538157218418,0.01729694994357459,0.9971538056571069,0.999213823393237,0.017409009142795334,0.8220000000000001,0.828,PROCAR,nurion
POSCAR_Cl4Nb2_2_st050,127,25,ok,6,0.9994591656847751,0.02886967073326123,0.9997141043498428,0.0,0.0,0.845,0.91,ToBeDelete_PROCAR,nurion
POSCAR_Cl4Nb2_2_st950,127,25,ok,6,0.998649383866749,0.03872608804729269,0.9948128308002938,0.9972842280800599,0.04092631711960503,0.7630000000000001,0.7769999999999999,PROCAR,nurion
POSCAR_Cl4Nb2_2_st975,127,25,ok,6,0.9991431400522629,0.03146366138677657,0.9957190979684353,0.9983478480892141,0.03230430289628764,0.785,0.7949999999999999,PROCAR,nurion
POSCAR_Cl4Nb2_2_x025,127,25,ok,6,0.9999648894495988,0.03091003796508062,0.9990247312439943,0.6525198405414238,0.013965153971988676,0.812,0.8460000000000001,PROCAR,nurion
POSCAR_Cl4Nb2_2_x050,130,27,ok,6,0.9976518368311248,0.014786395644097382,0.9984605566645478,0.8156725214684205,0.008094293330979803,0.87,0.8949999999999999,PROCAR,nurion
POSCAR_Cl4Nb2_2_x950,128,25,ok,6,0.998744452388859,0.03125937934792203,0.9920280910534465,0.9982915856654369,0.029325945669141026,0.8009999999999999,0.8160000000000001,PROCAR,nurion
POSCAR_Cl4Nb2_2_x975,127,25,ok,6,0.9991837991668379,0.02529963405637362,0.9960127370323482,0.9986196033109899,0.02572614967447823,0.79,0.8049999999999999,PROCAR,nurion
POSCAR_Cl4Nb2_2_y025,127,25,ok,6,0.9993798570154251,0.021812350891559217,0.9965937388856511,0.9989968983250458,0.021779726915051985,0.8069999999999999,0.816,PROCAR,nurion
POSCAR_Cl4Nb2_2_y050,127,25,ok,6,0.9995184518339539,0.020518013258447754,0.996804548840395,0.9992541855503815,0.019964575535253794,0.8150000000000001,0.8210000000000001,PROCAR,nurion
POSCAR_Cl4Nb2_2_y950,127,25,ok,6,0.9991823773994775,0.026870613668379013,0.9968686926363673,0.9980971167825223,0.028472107600628408,0.7909999999999999,0.804,PROCAR,nurion
POSCAR_Cl4Nb2_2_y975,127,25,ok,6,0.9993072724825398,0.026425364329334494,0.9966400626893913,0.9985550713485145,0.027181440079860293,0.796,0.808,PROCAR,nurion
POSCAR_Cl4Nb2_2_z025,127,25,ok,6,0.9993343608394735,0.021838776809086614,0.9965267267921165,0.9988068883533149,0.022502514889001297,0.806,0.817,PROCAR,nurion
POSCAR_Cl4Nb2_2_z050,127,25,ok,6,0.9995171030120624,0.01917042273852221,0.9968253906437765,0.999040044658137,0.019682696801090555,0.8140000000000001,0.8200000000000001,PROCAR,nurion
POSCAR_Cl4Nb2_2_z950,127,25,ok,6,0.9991823773994775,0.026870613668379013,0.9968686926363673,0.9985030639101932,0.02789700061300559,0.7909999999999999,0.804,PROCAR,nurion
POSCAR_Cl4Nb2_2_z975,127,25,ok,6,0.9993053067538153,0.025044315507269828,0.9966657326236545,0.9987255761562196,0.025804443895971155,0.7950000000000002,0.8069999999999999,PROCAR,nurion
POSCAR_Cl6Mn2_1,126,26,ok,8,0.9993295001200824,0.8173269193122517,0.8196268191907243,0.8625555404191423,0.6533798100363903,0.673,0.6680000000000001,ToBeDelete_PROCAR,nurion
POSCAR_Cl6Mn2_1_st025,59,26,ok,8,0.9999623035093362,0.7315853853637648,0.7386336464898586,0.7805677552928667,0.5716255564963497,0.6420000000000001,0.66,ToBeDelete_PROCAR,nurion
POSCAR_Cl6Mn2_1_st050,168,26,ok,8,0.9998932025408183,0.7171213843987942,0.716906040715179,0.7734687187627791,0.6090977189371931,0.6550000000000001,0.654,ToBeDelete_PROCAR,nurion
POSCAR_Cl6Mn2_1_st950,32,28,ok,8,0.9327250245077013,0.6993164992472573,0.7599364869949239,0.8903973254381439,0.6114678551918253,0.74,0.7180000000000001,ToBeDelete_PROCAR,nurion
POSCAR_Cl6Mn2_1_st975,135,27,ok,8,0.9916460070729302,0.9280878998034517,0.948930471320421,0.7579396919315502,0.5863225721333235,0.679,0.67,ToBeDelete_PROCAR,nurion
POSCAR_Cl6Nb2_1,29,33,ok,8,0.993539723475706,0.06346647497539612,0.995987928608665,0.8084039542253458,0.07041116760867204,0.848,0.8520000000000001,PROCAR,nurion
POSCAR_Cl6Nb2_1_st025,106,33,ok,8,0.9914611658105323,0.04999571906372805,0.9951275571088851,0.6925883563264704,0.04036328808432436,0.856,0.86,ToBeDelete_PROCAR,nurion
POSCAR_Cl6Nb2_1_st050,106,33,ok,8,0.9879187273034229,0.050589284717315094,0.9914168435832392,0.6845493989317634,0.048906827339180316,0.851,0.855,PROCAR,nurion
POSCAR_Cl6Nb2_1_st950,107,33,ok,8,0.9943861179026345,0.07607968414862691,0.9976164506093271,0.7633179833493122,0.04627855891212559,0.841,0.8610000000000001,PROCAR,nurion
POSCAR_Cl6Nb2_1_st975,29,33,ok,8,0.9935342615625418,0.08248199850256933,0.9964584881513582,0.7898670740766361,0.08763628854258398,0.8370000000000001,0.8400000000000001,ToBeDelete_PROCAR,nurion
POSCAR_Cl6Nb2_1_x975,107,33,ok,8,0.9937864780221172,0.05518939466319287,0.997955481558546,0.7718648547856579,0.037868940868282325,0.857,0.8720000000000001,PROCAR,nurion
POSCAR_Cl6Nb2_1_y975,71,33,ok,8,0.9942533776724322,0.05250391723236744,0.9973333020206471,0.8395604804833497,0.03619698260353813,0.871,0.8590000000000001,PROCAR,nurion
POSCAR_Cl6Nb2_1_z025,107,33,ok,8,0.9928442274563937,0.053709074117059545,0.9973608031375788,0.8230237839038023,0.04129692048047042,0.866,0.873,PROCAR,nurion
POSCAR_Cl6Nb2_1_z050,99,33,ok,8,0.9945003302074411,0.04418424452279858,0.9934162698252004,0.43335661177737117,0.031171586050851106,0.8639999999999999,0.851,PROCAR,nurion
POSCAR_Cl6Nb2_1_z950,29,33,ok,8,0.9931137853107305,0.10683515287865818,0.9949650177897739,0.6129388686822004,0.09594408134518972,0.815,0.8410000000000001,PROCAR,nurion
POSCAR_Cl6Nb2_1_z975,29,33,ok,8,0.9933119776839023,0.07853965230183696,0.995504514186476,0.7328242815618752,0.08091665536825986,0.837,0.847,PROCAR,nurion
POSCAR_Cl6Pd2_1,87,31,ok,8,0.9970787691629641,0.5526354754287285,0.6512203119234723,0.8645187513052947,0.27662927300442874,0.7920000000000001,0.7890000000000001,ToBeDelete_PROCAR,nurion
POSCAR_Cl6Pd2_1_st025,20,22,ok,8,0.999925273985908,0.9554977860334211,0.9647399723737256,0.9895519407977484,0.8982932357520828,0.7190000000000001,0.6960000000000001,ToBeDelete_PROCAR,nurion
POSCAR_Cl6Pd2_1_st050,54,20,ok,8,0.9946153766469383,0.8444754845622269,0.8968779133622926,0.8331281156532802,0.5684927834779949,0.7410000000000001,0.7380000000000002,ToBeDelete_PROCAR,nurion
POSCAR_Cl6Pd2_1_st950,87,31,ok,8,0.99578518139075,0.5709424666179351,0.7318835769325508,0.9175656242013689,0.3204263261414167,0.8200000000000002,0.8180000000000001,PROCAR,nurion
POSCAR_Cl6Pd2_1_st975,87,31,ok,8,0.9960312815305,0.5484260307311516,0.6874849133236978,0.8916662480311566,0.2824140581884198,0.8080000000000002,0.8060000000000002,ToBeDelete_PROCAR,nurion
POSCAR_Cl6Pd2_1_z025,87,31,ok,8,0.9972937722972459,0.5847832234413799,0.6654131405825441,0.8498747605258714,0.3019028824831939,0.7830000000000001,0.7830000000000001,PROCAR,nurion
POSCAR_Cl6Pd2_1_z050,142,25,ok,8,0.9983756966800224,0.8217169364826161,0.8200684157456626,0.9518096894343571,0.7015048184239047,0.7430000000000002,0.7300000000000002,PROCAR,nurion
POSCAR_Cl6Pd2_1_z950,87,31,ok,8,0.9978005643939193,0.5283619577473312,0.6591706903423424,0.9033149090480572,0.2657942082938428,0.8010000000000002,0.8010000000000002,PROCAR,nurion
POSCAR_Cl6Pd2_1_z975,87,31,ok,8,0.9973404776190877,0.5342321623805173,0.6512357152496515,0.8816881245652763,0.2655562960832541,0.7970000000000002,0.7940000000000002,PROCAR,nurion
POSCAR_Cl6Pd2_2,127,30,ok,8,0.9679050491183225,0.13747794375540587,0.13571532262858016,0.8447276319119087,0.07373957024123905,0.78,0.7720000000000001,ToBeDelete_PROCAR,nurion
POSCAR_Cl6Pd2_2_st025,127,30,ok,8,0.9929391841486329,0.17025796713679914,0.170355812526558,0.9753313764956413,0.08026507841135859,0.7670000000000001,0.7690000000000001,PROCAR,nurion
POSCAR_Cl6Pd2_2_st050,137,21,ok,8,0.9993532213803809,0.8360730012866475,0.8740663739897999,0.8646822371221307,0.6224079527713948,0.682,0.6940000000000002,ToBeDelete_PROCAR,nurion
POSCAR_Cl6Pd2_2_st950,44,31,ok,8,0.9842302742992208,0.5544484060665898,0.6864712878243958,0.9332033403237959,0.5629660996653888,0.8130000000000001,0.853,ToBeDelete_PROCAR,nurion
POSCAR_Cl6Pd2_2_st975,44,31,ok,8,0.9807203975253805,0.4619883283198581,0.5384281513919504,0.9061780812599395,0.4623960724906418,0.793,0.837,PROCAR,nurion
POSCAR_Cl6Pd2_2_y025,28,31,ok,8,0.9822839093657363,0.7209602588715426,0.7230392503432439,0.9500205384211515,0.592025299729644,0.8150000000000001,0.765,PROCAR,nurion
POSCAR_Cl6Pd2_2_z025,127,30,ok,8,0.9975970787569891,0.3224571911113788,0.32148214198587544,0.9766335999661759,0.15659918915831184,0.7749999999999999,0.79,PROCAR,nurion
POSCAR_Cl6Pd2_2_z050,39,21,ok,8,0.9993747032972279,0.9009618233682042,0.8632669744200134,0.7751717602786116,0.49434045083770556,0.7380000000000001,0.746,PROCAR,nurion
POSCAR_Cl6Pd2_2_z950,86,31,ok,8,0.807891716672852,0.4498976404654356,0.4514617965680066,0.6975115939787688,0.27623573827408304,0.77,0.825,PROCAR,nurion
POSCAR_Cl6Pd2_2_z975,44,31,ok,8,0.9888434118164964,0.5151842047101178,0.6335024795089996,0.951435577050774,0.5406730041689726,0.791,0.837,PROCAR,nurion
POSCAR_Cl6Ti2_1,70,33,ok,8,0.9994946086061977,0.028397320175616653,0.9975893137077102,0.5865342059835266,0.016853532736914825,0.866,0.858,PROCAR,local_backup
POSCAR_Cl6Ti2_1_st025,70,33,ok,8,0.9995051851887893,0.027300477832598806,0.9962593432250328,0.585062778431471,0.016729369392064757,0.864,0.858,PROCAR,tgm
POSCAR_Cl6Ti2_1_st050,87,25,ok,8,0.9962331015184359,0.9482326250222527,0.9561201737874461,0.9583413359934324,0.9078104273298773,0.639,0.654,PROCAR,tgm
POSCAR_Cl6Ti2_1_st950,70,33,ok,8,0.9995983937378378,0.04283226377310024,0.9984774765081854,0.5843606044083746,0.02205149037390186,0.86,0.851,PROCAR,tgm
POSCAR_Cl6Ti2_1_st975,70,33,ok,8,0.9995747527142833,0.036013489579743145,0.9982641909784399,0.5858765483934307,0.019391901946545203,0.867,0.855,PROCAR,tgm
POSCAR_Cl6Ti2_1_z025,70,33,ok,8,0.9996623610486114,0.030388450686504732,0.9974785715909102,0.5588632084262224,0.01968550709455345,0.8660000000000001,0.8590000000000001,PROCAR,nurion
POSCAR_Cl6Ti2_1_z050,171,29,ok,8,0.998261872917233,0.9814877817460945,0.9793809927530024,0.9961448882612692,0.9505328644029262,0.6890000000000001,0.687,PROCAR,nurion
POSCAR_Cl6Ti2_1_z950,4,33,ok,8,0.9989451750296008,0.032344048872309974,0.9975265023148286,0.5861186387533419,0.014332788484859287,0.869,0.859,PROCAR,nurion
POSCAR_Cl6Ti2_1_z975,70,33,ok,8,0.9991641382022576,0.02954892317080115,0.9977664661241957,0.6078193023915889,0.01436093032485539,0.8700000000000001,0.8550000000000001,PROCAR,nurion
POSCAR_Cl6Zr2_1,128,33,ok,8,0.9999193238010674,0.0964562673303755,0.9961789546007624,0.5375725459990772,0.032011812443740136,0.762,0.72,PROCAR,local_backup
POSCAR_Cl6Zr2_1_st025,128,33,ok,8,0.9999811383180254,0.06834430103296502,0.9975006302841888,0.5557537054184364,0.023126442770914767,0.773,0.738,PROCAR,tgm
POSCAR_Cl6Zr2_1_st050,128,33,ok,8,0.9999883470132667,0.05001142155515462,0.9980018546088393,0.5650694612152237,0.01622198103961924,0.782,0.754,PROCAR,tgm
POSCAR_Cl6Zr2_1_st975,97,33,ok,8,0.9939320250440173,0.9359149655839317,0.9948682923791136,0.349893324287737,0.31290396098059625,0.653,0.639,PROCAR,tgm
POSCAR_Cl6Zr2_1_z025,152,33,ok,8,0.9999861913859617,0.08110547456920586,0.9969703539955916,0.5261393514650421,0.029173128861543815,0.726,0.7679999999999999,PROCAR,nurion
POSCAR_Cl6Zr2_1_z050,152,33,ok,8,0.9999708579687621,0.06548808634571504,0.997696522493707,0.49855398913924703,0.022240014651591505,0.7310000000000001,0.772,PROCAR,nurion
POSCAR_Cl6Zr2_1_z950,85,33,ok,8,0.9959449202141106,0.96758670012752,0.9872099198170772,0.4422714166013834,0.43690203167304853,0.64,0.6440000000000001,PROCAR,nurion
POSCAR_Cl6Zr2_1_z975,152,33,ok,8,0.9990162242082007,0.9925715436703392,0.9871810999199806,0.4905088366721798,0.4216119462459939,0.648,0.6990000000000001,PROCAR,nurion
POSCAR_Co2F4_1,271,20,ok,6,0.9719139086246301,0.15721642043002396,0.9841556644948181,0.41764158469196244,0.12633590161685795,0.9319999999999999,0.9350000000000002,ToBeDelete_PROCAR,nurion
POSCAR_Co2F4_1_st025,278,21,ok,6,0.9861659917831938,0.22166366594431636,0.9885424234482185,0.9852968542917039,0.07004323735084594,0.9380000000000001,0.9310000000000002,PROCAR,nurion
POSCAR_Co2F4_1_st050,278,21,ok,6,0.9872473397263931,0.2789497599987106,0.9882536601257782,0.9791340352458546,0.09786025864323268,0.922,0.9120000000000001,PROCAR,nurion
POSCAR_Co2F4_1_st950,278,20,ok,6,0.9773679039781032,0.35493996142705553,0.9781295544103081,0.2269267560962208,0.06876659973704811,0.943,0.9450000000000001,PROCAR,nurion
POSCAR_Co2F4_1_st975,271,20,ok,6,0.9663839239563035,0.18724927073637512,0.9868893168112689,0.7455900969406769,0.12202575335037899,0.947,0.94,ToBeDelete_PROCAR,nurion
POSCAR_Co2F4_1_x025,279,20,ok,6,0.9595978203253643,0.25947726795106163,0.9783954163225242,0.6450657493566744,0.1524901169084069,0.932,0.931,PROCAR,nurion
POSCAR_Co2F4_1_x050,382,20,ok,6,0.9610222517410604,0.3382802219512833,0.9579423691829907,0.5292279024757552,0.1037874515763572,0.917,0.915,PROCAR,nurion
POSCAR_Co2F4_1_x950,278,21,ok,6,0.9933402203729572,0.19006358151652927,0.9949140135609371,0.9856145970503195,0.05642236814513283,0.9550000000000002,0.9460000000000002,PROCAR,nurion
POSCAR_Co2F4_1_x975,278,21,ok,6,0.9902020563353808,0.18973200965506737,0.9925560163066235,0.9879560293517454,0.05442236734392623,0.953,0.9430000000000002,PROCAR,nurion
POSCAR_Co2F4_1_y025,278,21,ok,6,0.9890943166425689,0.20279437379124376,0.9912320896158823,0.9876285235923705,0.06202377589551247,0.9460000000000001,0.9390000000000002,PROCAR,nurion
POSCAR_Co2F4_1_y050,278,21,ok,6,0.9901544873135045,0.2101020494725839,0.9924331861407019,0.9849743216926277,0.06821818245594742,0.9420000000000001,0.934,PROCAR,nurion
POSCAR_Co2F4_1_y950,271,20,ok,6,0.9619760619976044,0.2470853660009398,0.9608612463937538,0.4588702100706233,0.08194221021391868,0.927,0.9310000000000002,PROCAR,nurion
POSCAR_Co2F4_1_y975,271,20,ok,6,0.9641338230863806,0.1618420472880094,0.9489634750100797,0.9394598680347701,0.15548072494361942,0.927,0.937,PROCAR,nurion
POSCAR_Co2F4_1_z025,278,21,ok,6,0.9886711920436373,0.2010186678606677,0.9909489767800586,0.9874461407340898,0.061584371056053404,0.9440000000000001,0.9380000000000002,PROCAR,nurion
POSCAR_Co2F4_1_z050,278,21,ok,6,0.9896977236402704,0.2092005960999593,0.992132619148421,0.9849320708641675,0.06641301821207572,0.9420000000000001,0.9330000000000002,PROCAR,nurion
POSCAR_Co2F4_1_z950,271,20,ok,6,0.964067569836068,0.23514213016198274,0.9613131960977745,0.590576970478069,0.1039396091769197,0.929,0.934,PROCAR,nurion
POSCAR_Co2F6_1,249,23,ok,8,0.9951601207871581,0.9156777615808215,0.8837551822948292,0.9733362608672314,0.7436538033832784,0.8560000000000001,0.851,ToBeDelete_PROCAR,nurion
POSCAR_Co2F6_1_st025,202,19,ok,8,0.995568733732359,0.621748329223726,0.7195827914396091,0.7072952292641688,0.39319177141004413,0.8220000000000002,0.777,ToBeDelete_PROCAR,nurion
POSCAR_Co2F6_1_st050,256,18,ok,8,0.6263170479322642,0.2935150947621035,0.2935150947621035,0.33280065975027234,0.1233257609336974,0.735,0.8710000000000002,PROCAR,nurion
POSCAR_Co2F6_1_st950,101,28,ok,8,0.9884536000471004,0.707913982834072,0.8286084410772938,0.8748261659481547,0.32122465297624525,0.905,0.895,PROCAR,nurion
POSCAR_Co2F6_1_st975,101,28,ok,8,0.9999630758725143,0.8730257701014646,0.9048444984092102,0.9591631740104707,0.6057782136250295,0.8690000000000002,0.8750000000000001,PROCAR,nurion
POSCAR_Co2F6_1_z025,249,23,ok,8,0.9915390661543054,0.9008777856569167,0.8848042579562267,0.9513387943716868,0.7281706408128664,0.8240000000000002,0.8299999999999998,PROCAR,nurion
POSCAR_Co2F6_1_z050,9,20,ok,8,0.9922047104515965,0.4707949603813656,0.5667179785654157,0.9657720018741094,0.34660983799589085,0.8450000000000002,0.8350000000000001,PROCAR,nurion
POSCAR_Co2F6_1_z950,159,27,ok,8,0.9999293933517913,0.710768100142113,0.7571560788356182,0.9153567085001777,0.6635084049123782,0.8660000000000002,0.8530000000000001,PROCAR,nurion
POSCAR_Co2F6_1_z975,95,27,ok,8,0.9968343370753036,0.9279747663043343,0.9273785865587127,0.9383406761781636,0.5723160182664785,0.8550000000000001,0.841,PROCAR,nurion
POSCAR_Co2Ge2_1,378,23,ok,4,0.9406259565756563,0.8779123380344017,0.939250836573729,0.9110554900359972,0.49606569165490194,0.849,0.782,ToBeDelete_PROCAR,nurion
POSCAR_Co2Ge2_1_st025,378,23,ok,4,0.9182353360149091,0.9298407887044158,0.8918551476512859,0.8738109343336594,0.49925205124958827,0.8400000000000001,0.7520000000000001,PROCAR,nurion
POSCAR_Co2Ge2_1_st975,378,23,ok,4,0.9573801578081043,0.7830137454765451,0.9638618161950678,0.9402318158619596,0.4474307747276497,0.8700000000000001,0.812,ToBeDelete_PROCAR,nurion
POSCAR_Co2Ge2_1_x025,378,23,ok,4,0.9388006387240105,0.9376307780942139,0.9207845874682241,0.8994639453062635,0.4594346043064371,0.855,0.78,PROCAR,nurion
POSCAR_Co2Ge2_1_x050,499,23,ok,4,0.8992251160314042,0.9176865916466844,0.8576694846339096,0.8309769890997643,0.45880475046502,0.8460000000000001,0.75,PROCAR,nurion
POSCAR_Co2Ge2_1_x950,400,23,ok,4,0.9314623471263958,0.7405106739153366,0.9361273054264515,0.9084692382090037,0.48663190931515177,0.786,0.854,PROCAR,nurion
POSCAR_Co2Ge2_1_x975,420,23,ok,4,0.9368414409301746,0.8083635753418937,0.938426869871503,0.9064672261833048,0.4746281587065485,0.855,0.787,PROCAR,nurion
POSCAR_Co2Ge2_1_y025,420,23,ok,4,0.9302253678320447,0.8964543657833164,0.9293742076405235,0.891529959628024,0.48643187442104713,0.8470000000000002,0.7670000000000001,PROCAR,nurion
POSCAR_Co2Ge2_1_y050,420,23,ok,4,0.9152338966255429,0.9035091867567104,0.9167117168197195,0.865990012378156,0.469346949717611,0.842,0.755,PROCAR,nurion
POSCAR_Co2Ge2_1_y975,378,23,ok,4,0.9450505826753252,0.8649330471877306,0.9367102152279589,0.91431708407123,0.47149414942995055,0.86,0.793,PROCAR,nurion
POSCAR_Co2Ge2_1_z025,378,23,ok,4,0.9242221689579135,0.8832647199338407,0.907838702198265,0.8863142422141832,0.525477497127706,0.8400000000000001,0.768,PROCAR,nurion
POSCAR_Co2Ge2_1_z050,378,23,ok,4,0.9154308399065484,0.8990033096036008,0.8742860211031243,0.8689499496681506,0.5662726876841172,0.8380000000000001,0.7550000000000001,PROCAR,nurion
POSCAR_Co2Ge2_1_z950,275,23,ok,4,0.999828730360139,0.9894053861924634,0.8618327013240661,0.9985309127898583,0.9760532265177658,0.9240000000000002,0.915,PROCAR,nurion
POSCAR_Co2Ge2_1_z975,407,23,ok,4,0.9323882414413027,0.8326798992271464,0.9408224699555906,0.8938745009148683,0.4161066719189286,0.853,0.785,PROCAR,nurion
POSCAR_Co2N2_1,367,13,ok,4,0.9938470000862354,0.9399807133489205,0.9159254138150937,0.791768202022651,0.7394405777691282,0.9099999999999999,0.905,ToBeDelete_PROCAR,nurion
POSCAR_Co2N2_1_st975,367,13,ok,4,0.9991770899075166,0.937050338742995,0.8257504860847574,0.9714719294359385,0.8792141883311465,0.905,0.909,ToBeDelete_PROCAR,nurion
POSCAR_Co2N2_1_x025,423,13,ok,4,0.9898544816136355,0.9306160592638931,0.9557270965557002,0.6631680343016885,0.6002649851303923,0.8980000000000001,0.908,PROCAR,nurion
POSCAR_Co2N2_1_x050,423,13,ok,4,0.9850063376964949,0.9826736373050274,0.9840025669547237,0.6326383630457397,0.5982742189051085,0.894,0.909,PROCAR,nurion
POSCAR_Co2N2_1_x950,306,13,ok,4,0.9910667525388106,0.6346593886810223,0.9931188193019899,0.63214396145763,0.40261633563613136,0.899,0.9279999999999999,PROCAR,nurion
POSCAR_Co2N2_1_y025,423,13,ok,4,0.9860517307324647,0.9856611147911015,0.982250321527044,0.6345522378662601,0.5997049808684379,0.9060000000000001,0.9110000000000001,PROCAR,nurion
POSCAR_Co2N2_1_y050,423,13,ok,4,0.9627630044594924,0.9675632384268763,0.7969508934763503,0.508269215180408,0.3240652277102465,0.9279999999999999,0.9069999999999999,PROCAR,nurion
POSCAR_Co2N2_1_y950,367,13,ok,4,0.9906281078320588,0.6568931833276627,0.9889700644855077,0.6659686178323995,0.49114203257865885,0.897,0.927,PROCAR,nurion
POSCAR_Co2N2_1_y975,367,13,ok,4,0.9903580915110182,0.6849328937213713,0.9836661890180933,0.714341232604286,0.540800941665783,0.901,0.9259999999999999,PROCAR,nurion
POSCAR_Co2N2_1_z025,367,13,ok,4,0.9615978895278122,0.4767129551026934,0.8885253735254385,0.0,0.0,0.8999999999999999,0.9670000000000001,PROCAR,nurion
POSCAR_Co2N2_1_z050,367,13,ok,4,0.9600699448981287,0.503430039531474,0.8666477792401458,0.0,0.0,0.8939999999999999,0.9640000000000001,PROCAR,nurion
POSCAR_Co2N6_1,232,23,ok,8,0.9999996562841413,0.10622581875879755,0.9987941656963931,0.9998182238021031,0.06417785419358651,0.92,0.917,PROCAR,nurion
POSCAR_Co2N6_1_st050,306,24,ok,8,0.9999694685584746,0.19688991432942732,0.9984492716121663,0.9999216080583729,0.18736462509949858,0.795,0.792,PROCAR,nurion
POSCAR_Co2N6_1_st975,396,24,ok,8,0.9999986762843803,0.08235713692326971,0.9997746549888535,0.9999906276974687,0.0067173384558705486,0.918,0.915,ToBeDelete_PROCAR,nurion
POSCAR_Co2N6_1_x975,65,24,ok,8,0.9999864027645924,0.1664770993476455,0.9963368283269054,0.9997603815065503,0.03466421542048023,0.8530000000000001,0.8520000000000001,PROCAR,nurion
POSCAR_Co2N6_1_y025,403,24,ok,8,0.9999806699267895,0.1945440125792554,0.9985329231478072,0.9999549641837182,0.16031841712255526,0.819,0.8200000000000001,PROCAR,nurion
POSCAR_Co2N6_1_y050,137,24,ok,8,0.9999956946418856,0.07844059314311491,0.9989334515641151,0.9999560693445825,0.01570966571526245,0.875,0.873,PROCAR,nurion
POSCAR_Co2N6_1_y950,475,24,ok,8,0.9998754931927507,0.18224339860921032,0.9967096381433193,0.9990983189680566,0.1206941440595378,0.851,0.8550000000000001,PROCAR,nurion
POSCAR_Co2N6_1_y975,488,24,ok,8,0.9994350264058766,0.4049194744419886,0.9990021775510426,0.9993351783770618,0.4036370570666755,0.785,0.782,PROCAR,nurion
POSCAR_Co2N6_1_z025,292,24,ok,8,0.9999845391982809,0.3977340530163512,0.9994159667510671,0.9999873797939219,0.23033406198177608,0.7730000000000001,0.7710000000000001,PROCAR,nurion
POSCAR_Co2N6_1_z950,386,24,ok,8,0.9999935990890962,0.03961846944508165,0.9997843392074196,0.9999025793513586,0.030442376604637056,0.891,0.8900000000000001,PROCAR,nurion
POSCAR_Co2O2_1,332,12,ok,4,0.984295111830859,0.7216738956338125,0.9323672595409765,0.8833409037308392,0.5095253354617615,0.888,0.894,PROCAR,nurion
POSCAR_Co2O2_1_st025,332,12,ok,4,0.9874163829258695,0.8126865359231861,0.9284047774182946,0.9178092791491079,0.6045804878733329,0.8640000000000001,0.876,PROCAR,nurion
POSCAR_Co2O2_1_st050,332,12,ok,4,0.9889716161775604,0.8946904147067127,0.9213730394033783,0.9534950339801717,0.7112433897440152,0.844,0.8590000000000001,PROCAR,nurion
POSCAR_Co2O2_1_st950,264,12,ok,4,0.9942238417440352,0.8782050453191825,0.6610158538467777,0.34329498913534034,0.28237963171310043,0.942,0.9490000000000001,PROCAR,nurion
POSCAR_Co2O2_1_st975,332,12,ok,4,0.9739110461982717,0.4966153821526529,0.9383532129850846,0.9119179476793741,0.41729994771797696,0.9199999999999999,0.91,PROCAR,nurion
POSCAR_Co2O2_1_x025,363,12,ok,4,0.983015505337806,0.7727391160436342,0.936108324407114,0.8992234105265435,0.5385770104072368,0.877,0.8910000000000001,PROCAR,nurion
POSCAR_Co2O2_1_x050,329,12,ok,4,0.9985883077643508,0.9052304013670585,0.9774862250890995,0.8932937711627786,0.5567746184525222,0.9,0.871,PROCAR,nurion
POSCAR_Co2O2_1_x950,308,12,ok,4,0.9658808961967758,0.5753620999307986,0.9055224126957305,0.9127407420716268,0.4698320209294141,0.906,0.905,PROCAR,nurion
POSCAR_Co2O2_1_x975,315,12,ok,4,0.9581417858221467,0.44909306913722435,0.902323692931452,0.9132682065535125,0.42515119902093673,0.901,0.9179999999999999,PROCAR,nurion
POSCAR_Co2O2_1_y025,377,12,ok,4,0.9834624130607519,0.7744184494246453,0.9367270749919872,0.9361080672281142,0.539742557107517,0.874,0.8910000000000001,PROCAR,nurion
POSCAR_Co2O2_1_y050,377,12,ok,4,0.9980363848156786,0.9001034086032448,0.9770928952272971,0.9075564365211991,0.6261593256331222,0.871,0.897,PROCAR,nurion
POSCAR_Co2O2_1_y950,272,12,ok,4,0.9642516643966175,0.5670626264795139,0.904456651081686,0.9013114802097515,0.45966934720034963,0.9040000000000001,0.9060000000000001,PROCAR,nurion
POSCAR_Co2O2_1_y975,329,12,ok,4,0.9582428891593011,0.44400287741201167,0.9024072959283062,0.9111465002970043,0.3830302021031968,0.901,0.915,PROCAR,nurion
POSCAR_Co2O2_1_z025,332,12,ok,4,0.9665911762252775,0.5897520391731078,0.8847042152880373,0.9629158029582997,0.5267289438896562,0.893,0.888,PROCAR,nurion
POSCAR_Co2O2_1_z050,332,12,ok,4,0.9586279848798576,0.48284742034238537,0.8498931176480102,0.9492490637568608,0.426271736417038,0.889,0.8800000000000001,PROCAR,nurion
POSCAR_Co2O2_1_z950,260,12,ok,4,0.9974421231036746,0.8497426739208365,0.9753213416843137,0.39229988672612687,0.3372767659517578,0.921,0.903,PROCAR,nurion
POSCAR_Co2O2_1_z975,332,12,ok,4,0.9946684623213471,0.7749852469992045,0.9726433382987152,0.651741506959504,0.35804235308752297,0.884,0.9009999999999999,PROCAR,nurion
POSCAR_Co2P2_4,184,13,ok,4,0.9680483099968632,0.5312031558367674,0.9489797146364795,0.7833367783643036,0.3347466457106079,0.8520000000000001,0.7810000000000001,ToBeDelete_PROCAR,nurion
POSCAR_Co2P2_4_st025,347,13,ok,4,0.9538612628063916,0.7800174079322039,0.8935938416673171,0.9427766629682104,0.586748549279875,0.7040000000000001,0.791,PROCAR,nurion
POSCAR_Co2P2_4_st975,285,13,ok,4,0.9992868170132554,0.8434079309829553,0.7312278668350602,0.9981238847167669,0.8495393979321121,0.913,0.905,PROCAR,nurion
POSCAR_Co2P2_4_x025,133,13,ok,4,0.9573210364162273,0.4579366414114137,0.9373876539868039,0.855039167416136,0.1931968162309949,0.8780000000000001,0.7800000000000001,PROCAR,nurion
POSCAR_Co2P2_4_x050,493,13,ok,4,0.9981295718800764,0.9485178965624914,0.8903963099179457,0.8415072053166223,0.5528021614081655,0.805,0.7829999999999999,PROCAR,nurion
POSCAR_Co2P2_4_x975,284,13,ok,4,0.9999776253938448,0.9020406361330845,0.9947557471879722,0.9065464434371296,0.743359363484637,0.79,0.798,PROCAR,nurion
POSCAR_Co2P2_4_y025,293,13,ok,4,0.9599404892194888,0.46884673911578173,0.9388113304104742,0.8719281406149356,0.20130266380536743,0.875,0.7810000000000001,PROCAR,nurion
POSCAR_Co2P2_4_y050,509,13,ok,4,0.9980511102362076,0.9490588683049522,0.8912662609662673,0.8677106695297836,0.36462679894140887,0.8069999999999999,0.783,PROCAR,nurion
POSCAR_Co2P2_4_y950,268,13,ok,4,0.9751532700794234,0.7775385893506489,0.8644988551586827,0.8141596658753235,0.5526281155624992,0.893,0.8300000000000001,PROCAR,nurion
POSCAR_Co2P2_4_y975,200,13,ok,4,0.9998583639707849,0.9102444012481229,0.9952934201868165,0.8782863575616306,0.59283277042409,0.794,0.79,PROCAR,nurion
POSCAR_Co2P2_4_z050,346,14,ok,4,0.965123080605887,0.8938274575581507,0.9699274965787847,0.9556160362834454,0.810776996833011,0.7600000000000001,0.84,PROCAR,nurion
POSCAR_Co2P2_4_z975,414,12,ok,4,0.9997781352552519,0.787688642131147,0.9931170277788887,0.9235615838545808,0.8028312646401273,0.791,0.775,PROCAR,nurion
POSCAR_Co2Pb2_4,187,23,ok,4,0.9999975217334809,0.06370708782438876,0.9999950107267197,0.9999076673386671,0.08801563117599075,0.6419999999999999,0.639,PROCAR,nurion
POSCAR_Co2Pb2_4_st975,258,22,ok,4,0.9999851812336962,0.0369823748551847,0.9999829414129945,0.9995533664471844,0.09849654665964232,0.756,0.756,PROCAR,nurion
POSCAR_Co2Pb2_4_x950,202,23,ok,4,0.9999793503007665,0.28959001138230744,0.9999868926493432,0.9988474022509247,0.1635138375734136,0.7490000000000001,0.7520000000000001,ToBeDelete_PROCAR,nurion
POSCAR_Co2Pb2_4_y950,30,23,ok,4,0.9999860135587759,0.39179380959429155,0.9999880762697994,0.9997292012970518,0.4102446356803774,0.5660000000000001,0.5690000000000001,ToBeDelete_PROCAR,nurion
POSCAR_Co2Pb2_4_y975,30,23,ok,4,0.9999999999999998,0.28163749890071227,1.0,0.9999700863526856,0.35854092554428446,0.5660000000000001,0.5660000000000001,ToBeDelete_PROCAR,nurion
POSCAR_Co2Pb2_4_z025,1,21,ok,4,0.9999986815877387,0.6164133001431145,0.9999054285203001,0.9987923846550892,0.3683043691305281,0.742,0.745,ToBeDelete_PROCAR,nurion
POSCAR_Co2Pb2_4_z950,284,23,ok,4,0.9999984216401056,0.331457147976349,0.9999853298858737,0.999456455639689,0.13804136609400774,0.72,0.7180000000000002,ToBeDelete_PROCAR,nurion
POSCAR_Co2Pb3_1_st025,103,31,ok,5,0.999986594905593,0.9044833669633681,0.9213080917080294,0.9996671718939557,0.7438976098477795,0.544,0.543,ToBeDelete_PROCAR,nurion
POSCAR_Co2Pb3_1_st050,103,31,ok,5,0.9999715474743902,0.9264548742972498,0.957451413077167,0.9993095245159244,0.8246840299255288,0.5249999999999999,0.5229999999999999,ToBeDelete_PROCAR,nurion
POSCAR_Co2Pb3_1_st975,70,31,ok,5,0.9999057362232403,0.8419953030862481,0.8683530871405206,0.9998145861296632,0.627100970312925,0.5910000000000001,0.5890000000000001,PROCAR,nurion
POSCAR_Co2Pb3_1_x025,70,31,ok,5,0.9999293271484975,0.8884121242242169,0.9041120142275305,0.9997801744766532,0.6418265627788495,0.55,0.549,PROCAR,nurion
POSCAR_Co2Pb3_1_x050,70,31,ok,5,0.9999867607638766,0.8994561770806601,0.9287087630502738,0.9998817608898443,0.6508729427808237,0.538,0.537,PROCAR,nurion
POSCAR_Co2Pb3_1_x950,103,31,ok,5,0.999946609060258,0.8337450395857962,0.8441053174528982,0.9997865080880741,0.6261771317818056,0.5840000000000001,0.584,PROCAR,nurion
POSCAR_Co2Pb3_1_x975,103,31,ok,5,0.9999006444201451,0.8446868630070506,0.8593461488696661,0.9997349808180614,0.6367141875261791,0.573,0.572,PROCAR,nurion
POSCAR_Co2Pb3_1_y025,129,26,ok,5,0.9999625036670842,0.9316955464964694,0.9917853699430917,0.9999090879584936,0.8773789411756932,0.6560000000000001,0.6600000000000001,PROCAR,nurion
POSCAR_Co2Pb3_1_y050,62,30,ok,5,0.9999204201534349,0.9575389787807287,0.9867476066650255,0.9999268694847204,0.8596458619276888,0.537,0.536,PROCAR,nurion
POSCAR_Co2Pb3_1_y950,70,31,ok,5,0.9999773447686192,0.784875785751198,0.8628421759570074,0.9998546820809053,0.5861270014783414,0.5720000000000001,0.5720000000000001,PROCAR,nurion
POSCAR_Co2Pb3_1_y975,70,31,ok,5,0.9999291256906545,0.8361203119926043,0.8612219004515541,0.9998728189838098,0.6054914354839313,0.561,0.561,PROCAR,nurion
POSCAR_Co2Pb3_1_z025,103,31,ok,5,0.9999668082560339,0.8556894298776594,0.8786433236223499,0.9997930212469957,0.6425483375470741,0.5510000000000002,0.551,PROCAR,nurion
POSCAR_Co2Pb3_1_z050,122,30,ok,5,0.9999891408032969,0.3187084793569206,0.989915803012544,0.9996808759272,0.23864250700147732,0.6920000000000001,0.699,PROCAR,nurion
POSCAR_Co2Pb3_1_z950,70,31,ok,5,0.9995961194237178,0.9139533436798409,0.9199051922985404,0.9991953013361969,0.6871441523137025,0.5960000000000001,0.5900000000000001,PROCAR,nurion
POSCAR_Co2Pb3_1_z975,70,31,ok,5,0.9999716049767721,0.8899005345416843,0.8997380767007024,0.9997363589968836,0.6772211260461649,0.5760000000000001,0.5780000000000001,PROCAR,nurion
POSCAR_Co2S2_1,372,14,ok,4,0.8841533148028399,0.7147162238990499,0.8121284523425676,0.7060726587962868,0.5648368040983696,0.8300000000000001,0.884,PROCAR,nurion
POSCAR_Co2S2_1_st025,275,14,ok,4,0.949849252032803,0.727689880169778,0.9597486234757984,0.3795287497955768,0.36530444701506803,0.862,0.8380000000000001,PROCAR,nurion
POSCAR_Co2S2_1_st050,275,14,ok,4,0.995258963173398,0.9137740649101471,0.9723931453179445,0.7455042517754498,0.5531724388774357,0.769,0.7999999999999999,ToBeDelete_PROCAR,nurion
POSCAR_Co2S2_1_st950,84,13,ok,4,0.9998620295337259,0.9988249139707045,0.5090294981482575,0.9522851130102618,0.936395695335643,0.934,0.9279999999999999,PROCAR,nurion
POSCAR_Co2S2_1_y050,227,15,ok,4,0.831643307443978,0.822382066329818,0.6137081105289774,0.4658894564948112,0.25329962017491336,0.797,0.8840000000000001,PROCAR,nurion
POSCAR_Co2S2_1_z050,223,14,ok,4,0.9392640900445123,0.7037821017155196,0.9491484115582008,0.35223882842358306,0.3412854899140137,0.879,0.843,PROCAR,nurion
POSCAR_Co2S2_1_z975,78,12,ok,4,0.9713830594532665,0.6098027403808036,0.8445327158743031,0.9291320951788071,0.3734383309425912,0.865,0.9260000000000002,PROCAR,nurion
POSCAR_Co2Sb3_1,53,13,ok,5,0.999979869663271,0.13408384017913616,0.9969760919870675,0.9982147404026742,0.09438467552375504,0.7789999999999999,0.781,PROCAR,nurion
POSCAR_Co2Sb3_1_st025,181,14,ok,5,0.9999981977907262,0.17543257393752315,0.9997190978105499,0.9999233273965836,0.17747114362614952,0.7940000000000002,0.795,PROCAR,nurion
POSCAR_Co2Sb3_1_st050,1,10,ok,5,0.999997127974058,0.014564093261056121,0.936319760029407,0.9990893759034001,0.012653595429064171,0.685,0.685,ToBeDelete_PROCAR,nurion
POSCAR_Co2Sb3_1_st950,1,12,ok,5,0.9999927947511982,0.08338809005234221,0.9997695309930309,0.9993126402771336,0.08735772959803009,0.8570000000000001,0.86,ToBeDelete_PROCAR,nurion
POSCAR_Co2Sb3_1_x025,82,15,ok,5,0.99999987859458,0.9758658245337696,0.9814719862200001,0.9999506304006186,0.752511415086433,0.623,0.625,PROCAR,nurion
POSCAR_Co2Sb3_1_x050,82,15,ok,5,0.9999876824293435,0.973991453888172,0.9769416461509614,0.9999264044499826,0.7038935986114291,0.617,0.614,PROCAR,nurion
POSCAR_Co2Sb3_1_x950,15,15,ok,5,0.9999884862462076,0.9180775099798447,0.9394210799010088,0.9999608425050167,0.2983115656546215,0.6550000000000001,0.6560000000000001,PROCAR,nurion
POSCAR_Co2Sb3_1_x975,53,13,ok,5,0.9999999569507197,0.10387599893547364,0.9965141919334086,0.9999459890388972,0.07349106818959607,0.8,0.801,PROCAR,nurion
POSCAR_Co2Sb3_1_y025,171,14,ok,5,0.9999971408513025,0.2921474789732479,0.9979546642757724,0.9999758833993566,0.24875330881167892,0.787,0.7830000000000001,PROCAR,nurion
POSCAR_Co2Sb3_1_y050,71,15,ok,5,0.9999911250454389,0.9729001473260542,0.9754255405873969,0.9999235823909822,0.6374971223763528,0.612,0.618,PROCAR,nurion
POSCAR_Co2Sb3_1_y950,62,13,ok,5,0.9999979659455124,0.11350696638121675,0.9956114029020204,0.9999967736125642,0.0975275067909225,0.831,0.8290000000000002,PROCAR,nurion
POSCAR_Co2Sb3_1_y975,53,13,ok,5,0.9999988702512963,0.11144348578728083,0.9965283245814909,0.9750956533636815,0.07550283283199162,0.801,0.8030000000000002,PROCAR,nurion
POSCAR_Co2Sb3_1_z025,53,13,ok,5,0.9999835716132557,0.11791700963171924,0.9945779112590328,0.9967031772675052,0.08247079072908307,0.773,0.773,PROCAR,nurion
POSCAR_Co2Sb3_1_z050,153,10,ok,5,0.9999996574595978,0.19113457616178223,0.9591834668096183,0.9917193523371124,0.016065038672968376,0.762,0.7650000000000001,PROCAR,nurion
POSCAR_Co2Sb3_1_z950,71,15,ok,5,0.9999877677720624,0.9822322424354247,0.9988885885477194,0.9998494336309489,0.653156828762407,0.6659999999999999,0.6689999999999999,PROCAR,nurion
POSCAR_Co2Sb3_1_z975,1,13,ok,5,0.9999998477635282,0.10621059361400033,0.9993204659426855,0.9996580332715623,0.0933788922168945,0.798,0.796,PROCAR,nurion
POSCAR_Co2Se2_3,223,13,ok,4,0.9772510246940087,0.3911134011785076,0.9561430862712487,0.8454749117533492,0.25015658597380724,0.758,0.8370000000000001,PROCAR,nurion
POSCAR_Co2Se2_3_st025,219,12,ok,4,0.9029201968188748,0.20398324526895353,0.9069931394737133,0.3459802246705589,0.05215526510079297,0.75,0.815,PROCAR,nurion
POSCAR_Co2Se2_3_st050,193,12,ok,4,0.7830857766757899,0.4513760801590913,0.5856447946802968,0.6341098573704061,0.23934986511030024,0.7640000000000001,0.604,PROCAR,nurion
POSCAR_Co2Se2_3_st950,234,13,ok,4,0.9800597186559936,0.7602419323351081,0.8384168002707785,0.8268867749856462,0.5186956687174515,0.781,0.8380000000000001,ToBeDelete_PROCAR,nurion
POSCAR_Co2Se2_3_st975,173,14,ok,4,0.9632889941888981,0.7610239771577173,0.8402873827268396,0.7241916226607765,0.4637878143151262,0.778,0.8160000000000001,ToBeDelete_PROCAR,nurion
POSCAR_Co2Se2_3_x025,223,13,ok,4,0.9793613382665292,0.41904765457905574,0.9408783953271705,0.8595754169564818,0.2733782153537236,0.7470000000000001,0.8260000000000001,PROCAR,nurion
POSCAR_Co2Se2_3_x050,223,13,ok,4,0.9800551412251379,0.43209967594768717,0.9350731183830969,0.8692327596820024,0.2910996499130858,0.7420000000000002,0.8130000000000001,PROCAR,nurion
POSCAR_Co2Se2_3_x950,234,13,ok,4,0.9658370157999523,0.5345752887144044,0.9089079473024853,0.8102221782913654,0.3433036108752626,0.759,0.837,PROCAR,nurion
POSCAR_Co2Se2_3_x975,160,13,ok,4,0.9733913792856038,0.4859976605552664,0.9312926464838918,0.745712071377517,0.3167477436269785,0.758,0.839,PROCAR,nurion
POSCAR_Co2Se2_3_y025,160,13,ok,4,0.9781835187216059,0.41892586986803926,0.9391769791691015,0.844958513651205,0.2947472962506998,0.748,0.825,PROCAR,nurion
POSCAR_Co2Se2_3_y050,160,13,ok,4,0.9798225376885118,0.433731266913234,0.93458147438601,0.8628336377210394,0.3182210190461843,0.7390000000000001,0.8150000000000001,PROCAR,nurion
POSCAR_Co2Se2_3_y950,171,13,ok,4,0.9650457657830331,0.5385374038264655,0.9079951278520489,0.76495038000076,0.37437393209341496,0.7609999999999998,0.838,PROCAR,nurion
POSCAR_Co2Se2_3_y975,223,13,ok,4,0.9735724242607358,0.4858403674751832,0.9312520538586827,0.8032022739563269,0.3159801455538102,0.7600000000000001,0.8420000000000001,PROCAR,nurion
POSCAR_Co2Se2_3_z025,183,13,ok,4,0.9316590743031582,0.2456603278781312,0.9306142549638271,0.0,0.0,0.8260000000000001,0.7500000000000001,PROCAR,nurion
POSCAR_Co2Se2_3_z050,230,12,ok,4,0.9983696491575239,0.5068066623681233,0.9562468941865213,0.5089055014996343,0.29799115361635997,0.7860000000000001,0.7270000000000001,PROCAR,nurion
POSCAR_Co2Se2_3_z950,223,13,ok,4,0.994065527703483,0.4100621704703479,0.9707824106847168,0.8938976056175383,0.25279295797237383,0.785,0.8460000000000001,PROCAR,nurion
POSCAR_Co2Se2_3_z975,223,13,ok,4,0.9879467925485734,0.4042044319502876,0.9592584518273557,0.8740120008302708,0.25031951039811495,0.771,0.8400000000000001,PROCAR,nurion
POSCAR_Co2Se4_1,236,21,ok,6,0.9930444339902015,0.8414243748111955,0.8828668804179169,0.9777848770952936,0.31995156034685707,0.8020000000000002,0.796,PROCAR,nurion
POSCAR_Co2Se4_1_st025,236,21,ok,6,0.9049299447340742,0.7531628374526331,0.7348127114613261,0.6694577027813801,0.17203152213221268,0.792,0.8640000000000001,ToBeDelete_PROCAR,nurion
POSCAR_Co2Se4_1_st050,219,20,ok,6,0.997239566016628,0.7899569076956788,0.8490447009779019,0.6953836878277337,0.32259096712819574,0.703,0.7050000000000001,ToBeDelete_PROCAR,nurion
POSCAR_Co2Se4_1_st975,236,21,ok,6,0.9970226350854604,0.6882263130007333,0.8252196274366491,0.9389075408310869,0.2605863278817926,0.809,0.798,ToBeDelete_PROCAR,nurion
POSCAR_Co2Se4_1_x025,236,21,ok,6,0.9891637171639788,0.9007873335510258,0.9015067961402452,0.9718875547575982,0.3200189013433126,0.8030000000000002,0.8009999999999999,PROCAR,nurion
POSCAR_Co2Se4_1_x050,236,21,ok,6,0.9757134511061646,0.8855769857570015,0.9072188713937823,0.9055108503314793,0.27683552459916255,0.803,0.821,PROCAR,nurion
POSCAR_Co2Se4_1_x950,236,21,ok,6,0.995324523897352,0.7157881004895795,0.9019222468089235,0.9569198838192721,0.28323357517990155,0.799,0.794,PROCAR,nurion
POSCAR_Co2Se4_1_x975,236,21,ok,6,0.9947355919597932,0.7736726230440318,0.8841419605796397,0.9646056967553585,0.2991740484629786,0.7990000000000002,0.793,PROCAR,nurion
POSCAR_Co2Se4_1_y025,236,21,ok,6,0.9766516007508514,0.9013513793914915,0.9055184362461148,0.9399185881707529,0.29868079564795547,0.7999999999999999,0.8090000000000002,PROCAR,nurion
POSCAR_Co2Se4_1_y050,236,21,ok,6,0.9304907182753356,0.6594456224500586,0.8122366551502016,0.7799787173522728,0.17654520561546044,0.7980000000000002,0.86,PROCAR,nurion
POSCAR_Co2Se4_1_y950,236,21,ok,6,0.9949669526693125,0.6719809942196925,0.9169075614685349,0.9652441305442899,0.25809255862846675,0.8069999999999999,0.797,PROCAR,nurion
POSCAR_Co2Se4_1_y975,236,21,ok,6,0.9952509012949518,0.7557016100569846,0.8944474105447723,0.9684181307334253,0.29162601599326843,0.801,0.795,PROCAR,nurion
POSCAR_Co2Se4_1_z025,236,21,ok,6,0.9826182937744117,0.8774645082935365,0.9374709095911621,0.9525675763071638,0.3333961324758953,0.7969999999999999,0.7970000000000002,PROCAR,nurion
POSCAR_Co2Se4_1_z050,241,21,ok,6,0.9994238526087529,0.8543603444254037,0.9469468881571556,0.4815710899196634,0.20191560673028464,0.8220000000000001,0.8260000000000001,PROCAR,nurion
POSCAR_Co2Se4_1_z950,229,21,ok,6,0.9965615248368844,0.7983613421564858,0.7482520221964656,0.9538027767380082,0.2930193266600357,0.8059999999999999,0.797,PROCAR,nurion
POSCAR_Co2Se4_1_z975,229,21,ok,6,0.9959594932107151,0.8092573202678168,0.8034914358650055,0.96279445489362,0.3031912372680808,0.803,0.791,PROCAR,nurion
POSCAR_Co2Sn4_2,188,32,ok,6,0.9926858288040457,0.9125037393776312,0.5881052829974172,0.0,0.0,0.9140000000000001,0.96,PROCAR,nurion
POSCAR_Co2Sn4_2_st050,248,36,ok,6,0.8708624150769256,0.6985204228587922,0.6333181457906015,0.8434895581376277,0.6618577571299317,0.6190000000000001,0.547,PROCAR,nurion
POSCAR_Co2Sn4_2_x025,194,32,ok,6,0.9987597755232407,0.9991604197698695,0.1343193094301385,0.9985189782662529,0.9989672612190468,0.8470000000000001,0.8489999999999999,PROCAR,nurion
POSCAR_Co2Sn4_2_x050,266,32,ok,6,1.0000000000000002,1.0000000000000002,0.0006440662235078549,1.0,1.0,0.889,0.889,PROCAR,nurion
POSCAR_Co2Sn4_2_x950,194,32,ok,6,0.9704910572380262,0.6145946403181958,0.9350518724661022,0.3664462459105947,0.34423438908071835,0.911,0.8650000000000001,PROCAR,nurion
POSCAR_Co2Sn4_2_x975,200,29,ok,6,0.9833941797606625,0.9837139472851081,0.9567833485034068,0.8164150730581506,0.5808963474040282,0.778,0.836,PROCAR,nurion
POSCAR_Co2Sn4_2_z975,254,37,ok,6,1.0,1.0,0.006719297949214273,0.9999984682495648,0.9999984678112677,0.9540000000000001,0.9540000000000001,PROCAR,nurion
POSCAR_Co2Tl3_1,282,28,ok,5,0.9999834830530111,0.39262056850083604,0.9981943781713319,0.9999790456697287,0.4561257827988421,0.69,0.69,ToBeDelete_PROCAR,nurion
POSCAR_Co2Tl3_1_st025,282,28,ok,5,0.9999833160644875,0.4473478630244669,0.9981064767151018,0.9999798644797954,0.5286647017215846,0.6440000000000001,0.642,ToBeDelete_PROCAR,nurion
POSCAR_Co2Tl3_1_st050,5,27,ok,5,1.0000000000000002,0.9525502565232365,0.9997091052037322,1.0,0.9503134964916926,0.7000000000000001,0.7000000000000001,PROCAR,nurion
POSCAR_Co2Tl3_1_st950,282,28,ok,5,0.9999857118659894,0.3611710123151362,0.9979294402083531,0.9999725489564765,0.39925688593568515,0.784,0.784,PROCAR,nurion
POSCAR_Co2Tl3_1_st975,282,28,ok,5,0.9999718606942232,0.3627024994619611,0.9980262810343693,0.9999656195519154,0.41402681375766526,0.735,0.7350000000000001,PROCAR,nurion
POSCAR_Co2Tl3_1_x025,282,28,ok,5,0.9999881838297662,0.3722701768070008,0.9983537662243196,0.999978113513904,0.430566746270157,0.6799999999999999,0.6779999999999999,PROCAR,nurion
POSCAR_Co2Tl3_1_x050,282,28,ok,5,0.9999750062341509,0.3528939032461363,0.9987200716127445,0.9999660874015167,0.4157494134290889,0.668,0.67,PROCAR,nurion
POSCAR_Co2Tl3_1_x950,282,28,ok,5,0.9999850133591359,0.4352097025023441,0.9977292650961427,0.9999412481797392,0.48719892095800765,0.714,0.714,PROCAR,nurion
POSCAR_Co2Tl3_1_x975,282,28,ok,5,0.9999728718008792,0.41703454064837914,0.9979832100743331,0.9999599967551748,0.47984508690389366,0.7030000000000001,0.7010000000000001,PROCAR,nurion
POSCAR_Co2Tl3_1_y025,282,28,ok,5,0.9999771149046797,0.37100788478292596,0.9982904896982436,0.9999577069339046,0.42690564289164246,0.6799999999999999,0.679,PROCAR,nurion
POSCAR_Co2Tl3_1_y050,5,28,ok,5,1.0,0.9950979149402314,0.9995371425169748,1.0,0.9855246145459804,0.721,0.721,PROCAR,nurion
POSCAR_Co2Tl3_1_y950,282,28,ok,5,0.999927213080367,0.4427438440489033,0.997727923118937,0.9999111495034021,0.5084740355316097,0.7090000000000001,0.708,PROCAR,nurion
POSCAR_Co2Tl3_1_y975,282,28,ok,5,0.9999746800793535,0.41216418410809513,0.9979233453802893,0.9999627101492818,0.48116403142072445,0.698,0.6990000000000001,PROCAR,nurion
POSCAR_Co2Tl3_1_z025,282,28,ok,5,0.9999904950332201,0.4928140440278862,0.9979438852462509,0.999984304175262,0.569174150556454,0.663,0.6620000000000001,PROCAR,nurion
POSCAR_Co2Tl3_1_z050,282,28,ok,5,0.9999916858471171,0.6314194006466217,0.99755068576202,0.999986124412968,0.7095534376687463,0.6420000000000001,0.6410000000000001,PROCAR,nurion
POSCAR_Co2Tl3_1_z950,5,28,ok,5,0.9999990704802553,0.8832578232878906,0.9990044735851339,0.999999023900861,0.8432008077799833,0.7360000000000001,0.738,PROCAR,nurion
POSCAR_Co2Tl3_1_z975,282,28,ok,5,0.9999822617313731,0.31838138174018865,0.9983639108150741,0.9999641890682247,0.36863365525657327,0.714,0.7130000000000001,PROCAR,nurion
POSCAR_Cr2F4_cluster1,243,26,ok,6,0.9983898048712326,0.007126143393294703,0.9963319319833037,0.9963562990338705,0.004638872429815633,0.968,0.9560000000000001,PROCAR,tgm
POSCAR_Cr2F4_cluster1_st025,243,26,ok,6,0.9985527192293967,0.006117449366447218,0.9962707571721499,0.9963454508462883,0.004159511906695562,0.963,0.9570000000000001,PROCAR,tgm
POSCAR_Cr2F4_cluster1_st050,243,26,ok,6,0.9984582219828171,0.0064401618220284885,0.9958123152360773,0.9961008635951082,0.004363703421577951,0.962,0.9560000000000001,PROCAR,tgm
POSCAR_Cr2F4_cluster1_st950,243,26,ok,6,0.9985620179420485,0.009654793275509969,0.9963704047745628,0.9959357094364447,0.006611070830036665,0.968,0.9610000000000001,PROCAR,tgm
POSCAR_Cr2F4_cluster1_st975,243,26,ok,6,0.9985268516033042,0.00836962247620842,0.9964711014383854,0.9964178584080684,0.006050558625335319,0.967,0.9580000000000001,PROCAR,tgm
POSCAR_Cr2F4_cluster2,205,26,ok,6,0.9999985321400493,0.0061152301142182,0.997829868471383,0.9999932532653656,0.003471336588980614,0.957,0.958,PROCAR,tgm
POSCAR_Cr2F4_cluster2_st025,106,26,ok,6,0.9999983529748236,0.0094276873247996,0.9968716136921444,0.9999953665589476,0.008179431090510125,0.96,0.96,PROCAR,tgm
POSCAR_Cr2F4_cluster2_st050,106,26,ok,6,0.9999999647989685,0.0077175767971845236,0.9964462952995554,0.9999991201775722,0.005002083941270451,0.954,0.955,PROCAR,tgm
POSCAR_Cr2F4_cluster2_st950,106,26,ok,6,0.9999999697064125,0.013721790891075301,0.9974868509797459,0.999997674275905,0.01109778852395369,0.965,0.964,PROCAR,tgm
POSCAR_Cr2F4_cluster2_st975,106,26,ok,6,0.9999999707201743,0.008512174798797905,0.9974977034436775,0.9999979573942674,0.007561330268419324,0.96,0.959,PROCAR,tgm
POSCAR_Cr2F6_cluster1,38,25,ok,8,0.9998470544949343,0.9902139336582597,0.9910737120457205,0.9820970587606784,0.9185622547782538,0.78,0.796,PROCAR,tgm
POSCAR_Cr2F6_cluster1_st025,100,24,ok,8,0.9993499946828077,0.8525423237704531,0.8611003933143601,0.9376752633287015,0.7342994771472654,0.7889999999999999,0.764,PROCAR,tgm
POSCAR_Cr2F6_cluster1_st050,179,23,ok,8,0.9991523080499779,0.9599753187420627,0.9518322070674741,0.9523909637581167,0.8700479507650603,0.753,0.766,PROCAR,tgm
POSCAR_Cr2F6_cluster1_st950,53,32,ok,8,0.9985274406174077,0.0419618663453845,0.9946230583639857,0.35411478835797433,0.034949878751671895,0.935,0.936,PROCAR,tgm
POSCAR_Cr2F6_cluster1_st975,53,32,ok,8,0.9983695967867638,0.052081388554837814,0.9973471649122181,0.5854015072239024,0.04073755226383816,0.9279999999999999,0.927,PROCAR,tgm
POSCAR_Cr2F6_cluster2,234,25,ok,8,0.9928730949978241,0.9763943481863774,0.9647601769587808,0.8094242836049947,0.5989723862048462,0.7949999999999999,0.8200000000000001,PROCAR,tgm
POSCAR_Cr2F6_cluster2_st025,237,31,ok,8,0.9830650292582441,0.18711704343218635,0.9911553231322668,0.8651567950587405,0.16702952044942662,0.894,0.884,PROCAR,tgm
POSCAR_Cr2F6_cluster2_st050,237,31,ok,8,0.9921405571686804,0.5466176206437183,0.981110055449263,0.7282666757046187,0.32222416856291036,0.874,0.843,PROCAR,tgm
POSCAR_Cr2F6_cluster2_st950,237,31,ok,8,0.9822978988927482,0.05075277232761698,0.9966552500120717,0.9625310969817225,0.05430157680625293,0.937,0.928,PROCAR,tgm
POSCAR_Cr2F6_cluster2_st975,237,31,ok,8,0.9738867563445677,0.061134616262271624,0.9943270931248535,0.9465164402514847,0.07017605823384535,0.9279999999999999,0.918,PROCAR,tgm
POSCAR_Cr2F8_cluster1,228,39,ok,10,0.9873279473328905,0.08966291138547301,0.6834589019949742,0.8271077592998571,0.09101424888693861,0.889,0.881,PROCAR,tgm
POSCAR_Cr2F8_cluster1_st025,228,39,ok,10,0.9927003956024549,0.1208767893573388,0.5127925170205064,0.8791510396407043,0.1226749545491599,0.877,0.861,PROCAR,tgm
POSCAR_Cr2F8_cluster1_st050,228,39,ok,10,0.9988425459375232,0.12677869030821626,0.32662973720518507,0.9261247475767022,0.13257937324280988,0.863,0.843,PROCAR,tgm
POSCAR_Cr2F8_cluster1_st950,228,39,ok,10,0.9853363839692716,0.051973419416999136,0.8778562092586577,0.7458761914458429,0.05053164322454711,0.914,0.907,PROCAR,tgm
POSCAR_Cr2F8_cluster1_st975,228,39,ok,10,0.98425608743984,0.06711188644851412,0.8062211628484915,0.7826888539140644,0.06820152095434624,0.907,0.897,PROCAR,tgm
POSCAR_Cr2F8_cluster2,79,32,ok,10,0.9966371633419872,0.35553725033631994,0.35534543714962175,0.5971617930130921,0.21367330942512708,0.8140000000000001,0.83,PROCAR,tgm
POSCAR_Cr2F8_cluster2_st025,171,29,ok,10,0.9999203152627142,0.9549767017992126,0.9706779394449251,0.9721715400262179,0.826032442368205,0.799,0.803,PROCAR,tgm
POSCAR_Cr2F8_cluster2_st050,116,29,ok,10,0.9999053438801218,0.7252180265882134,0.7779457757997204,0.9861261214806117,0.5032504058700182,0.7989999999999999,0.8059999999999999,PROCAR,tgm
POSCAR_Cr2F8_cluster2_st950,79,37,ok,10,0.9993361740442339,0.9737770665628569,0.968168392827783,0.9975313958890664,0.9710976724043568,0.854,0.846,PROCAR,tgm
POSCAR_Cr2F8_cluster2_st975,79,37,ok,10,0.9998733813445728,0.4348096795262722,0.43444767058385897,0.8703167088032856,0.24838890061780908,0.8410000000000001,0.844,PROCAR,tgm
POSCAR_Cr2F8_cluster3,79,32,ok,10,0.9966371633419872,0.35553725033631994,0.35534543714962175,0.5971617930130921,0.21367330942512708,0.8140000000000001,0.83,PROCAR,tgm
POSCAR_Cr2F8_cluster3_st025,171,29,ok,10,0.9999203152627142,0.9549767017992126,0.9706779394449251,0.9721715400262179,0.826032442368205,0.799,0.803,PROCAR,tgm
POSCAR_Cr2F8_cluster3_st050,116,29,ok,10,0.9999053438801218,0.7252180265882134,0.7779457757997204,0.9861261214806117,0.5032504058700182,0.7989999999999999,0.8059999999999999,PROCAR,tgm
POSCAR_Cr2F8_cluster3_st950,79,37,ok,10,0.9993361740442339,0.9737770665628569,0.968168392827783,0.9975313958890664,0.9710976724043568,0.854,0.846,PROCAR,tgm
POSCAR_Cr2F8_cluster3_st975,79,37,ok,10,0.9998733813445728,0.4348096795262722,0.43444767058385897,0.8703167088032856,0.24838890061780908,0.8410000000000001,0.844,PROCAR,tgm
POSCAR_Cr2Ga2_2,42,25,ok,4,0.9999964979651806,0.48182336214994964,0.9999925642690806,0.9999870837912367,0.5653787209021779,0.5400000000000001,0.5420000000000001,ToBeDelete_PROCAR,nurion
POSCAR_Cr2Ga2_2_st050,42,25,ok,4,1.0,0.5802781530031772,1.0,0.9999527961075122,0.651734686940627,0.4690000000000001,0.4690000000000001,PROCAR,nurion
POSCAR_Cr2Ga2_2_st950,42,25,ok,4,0.9999964045314648,0.38338262471406137,0.9999937082837029,0.9999891859055605,0.47032375223322986,0.6300000000000001,0.6320000000000001,ToBeDelete_PROCAR,nurion
POSCAR_Cr2Ga2_2_st975,42,25,ok,4,0.9999980783176896,0.4322138540424304,0.9999969233926791,0.9999584891515612,0.5170119206828951,0.5860000000000001,0.5850000000000001,ToBeDelete_PROCAR,nurion
POSCAR_Cr2Ga2_2_x025,42,25,ok,4,0.9999881547193327,0.5018496715604873,0.9999780971518274,0.999976651904554,0.597801217719596,0.526,0.527,PROCAR,nurion
POSCAR_Cr2Ga2_2_x050,366,25,ok,4,0.9999543026586771,0.5778955116876187,0.9999593949957599,0.9999569243455098,0.539962086138276,0.519,0.52,PROCAR,nurion
POSCAR_Cr2Ga2_2_x950,366,25,ok,4,0.9999861208570762,0.5334056344006246,0.9999720886625428,0.999970865309987,0.4589576085635231,0.5850000000000001,0.5840000000000001,PROCAR,nurion
POSCAR_Cr2Ga2_2_x975,42,25,ok,4,0.9999909846194956,0.46975333112867557,0.999986558760076,0.9998653052006824,0.5291705550446516,0.56,0.558,PROCAR,nurion
POSCAR_Cr2Ga2_2_y025,366,25,ok,4,0.9999964990795911,0.57759504641632,0.999992311136061,0.9999797966038546,0.5270148301841822,0.539,0.537,PROCAR,nurion
POSCAR_Cr2Ga2_2_y050,42,25,ok,4,0.9999995878498947,0.49713485827253967,0.999987718014954,0.9999838473896877,0.5768678349029949,0.531,0.5330000000000001,PROCAR,nurion
POSCAR_Cr2Ga2_2_y950,42,25,ok,4,0.9999999999999998,0.457339939233022,0.9999999999999998,0.9999888868252282,0.549898041528971,0.5560000000000002,0.5560000000000002,PROCAR,nurion
POSCAR_Cr2Ga2_2_y975,42,25,ok,4,0.9999963935929017,0.46925339637551183,0.9999924777358409,0.9999868854930319,0.5568215042821008,0.5500000000000002,0.5520000000000002,PROCAR,nurion
POSCAR_Cr2Ga2_2_z025,42,25,ok,4,0.9999883470089812,0.5051965579022569,0.9999816655785074,0.9999278346571503,0.5633901716958741,0.53,0.528,PROCAR,nurion
POSCAR_Cr2Ga2_2_z050,42,25,ok,4,0.9999958749082061,0.5403784180961371,0.999969836744901,0.99996350902398,0.5634758306397801,0.5140000000000001,0.5160000000000001,PROCAR,nurion
POSCAR_Cr2Ga2_2_z950,366,25,ok,4,0.9999964081911137,0.5327146380233864,0.9999748263493617,0.9999711340494847,0.4867244041394261,0.5840000000000001,0.5820000000000001,PROCAR,nurion
POSCAR_Cr2Ga2_2_z975,42,25,ok,4,0.9999942027039768,0.46528218390156895,0.9999870897636876,0.9999911887565324,0.5590035794051599,0.5600000000000002,0.5600000000000002,PROCAR,nurion
POSCAR_Cr2Ge2_3,404,26,ok,4,0.9861176601827177,0.18824445295455866,0.9895826145908226,0.879491148387258,0.099608118627342,0.7050000000000001,0.748,PROCAR,nurion
POSCAR_Cr2Ge2_3_st025,376,25,ok,4,0.40147123548296204,0.36311927405409755,0.21965961105150247,0.14529063715706153,0.11534350004707318,0.917,0.5270000000000001,PROCAR,nurion
POSCAR_Cr2Ge2_3_st950,383,26,ok,4,0.9913507815511967,0.2733376697157984,0.9941066124216621,0.5440509009879242,0.1026366682951184,0.765,0.786,PROCAR,nurion
POSCAR_Cr2Ge2_3_st975,404,26,ok,4,0.9878340067373412,0.22036802387424495,0.9915400687427374,0.8547076355413646,0.10388721141732295,0.7379999999999999,0.766,PROCAR,nurion
POSCAR_Cr2Ge2_3_x025,372,25,ok,4,0.9732601228925293,0.9429531135848204,0.9568501886376528,0.9239793088983913,0.8248664383405744,0.556,0.5040000000000001,PROCAR,nurion
POSCAR_Cr2Ge2_3_x050,376,25,ok,4,0.42646607908706996,0.4161482184387627,0.20481128345019736,0.18759097303092875,0.17427462841095706,0.8919999999999999,0.539,PROCAR,nurion
POSCAR_Cr2Ge2_3_x950,348,26,ok,4,0.9919838908851736,0.16781926543056705,0.9946708416398804,0.6694266669228967,0.08762773661125497,0.7400000000000002,0.7680000000000001,PROCAR,nurion
POSCAR_Cr2Ge2_3_x975,372,24,ok,4,0.22394231555547897,0.2263497013570556,0.08683375216751223,0.0,0.0,0.925,0.5100000000000001,PROCAR,nurion
POSCAR_Cr2Ge2_3_y025,259,25,ok,4,0.9726951445933986,0.9399741355033686,0.9544080105018653,0.9260275619413934,0.8008045503636289,0.553,0.5040000000000001,PROCAR,nurion
POSCAR_Cr2Ge2_3_y050,376,25,ok,4,0.43685671852953084,0.41840167632153713,0.21034628111832523,0.1561574396745102,0.12159405143133836,0.895,0.541,PROCAR,nurion
POSCAR_Cr2Ge2_3_y950,404,26,ok,4,0.9917971428025507,0.17135169479918672,0.994837363753532,0.8292224484865902,0.08859710855156101,0.738,0.7700000000000001,PROCAR,nurion
POSCAR_Cr2Ge2_3_z025,404,26,ok,4,0.9876102838779791,0.16435549588211704,0.991919960448697,0.8561127732995726,0.09292911829257917,0.7060000000000001,0.749,PROCAR,nurion
POSCAR_Cr2Ge2_3_z950,404,26,ok,4,0.9820191853930531,0.24840124825995288,0.9832786594489592,0.897353183489717,0.11178582729788773,0.717,0.752,PROCAR,nurion
POSCAR_Cr2Ge2_3_z975,404,26,ok,4,0.9849947438244088,0.2123522874744928,0.9872666823861964,0.894772549119297,0.10629889622668165,0.7109999999999999,0.749,PROCAR,nurion
POSCAR_Cr2Ge3_1,358,32,ok,5,0.9999940266100757,0.4487139860644376,0.981872632970971,0.9999473218747692,0.31836309578869554,0.6,0.6,PROCAR,nurion
POSCAR_Cr2Ge3_1_st025,404,32,ok,5,0.9999955004433126,0.32215395944362546,0.9892312213422756,0.9999935967430477,0.23529828200465935,0.5910000000000001,0.5930000000000001,PROCAR,nurion
POSCAR_Cr2Ge3_1_st050,404,32,ok,5,0.9999897835210403,0.3072661891758355,0.9868959897817907,0.9999569821274182,0.24506464817908696,0.5740000000000001,0.5760000000000001,PROCAR,nurion
POSCAR_Cr2Ge3_1_st950,358,32,ok,5,0.9999862196315183,0.47027043686633924,0.9904577976185327,0.9999579857998986,0.2648820328908159,0.653,0.653,PROCAR,nurion
POSCAR_Cr2Ge3_1_st975,399,32,ok,5,0.9999891467451648,0.46444738116846973,0.9866452542301397,0.9999788434922438,0.23023045335640724,0.6230000000000001,0.6260000000000001,ToBeDelete_PROCAR,nurion
POSCAR_Cr2Ge3_1_x025,399,32,ok,5,0.9999970269452119,0.3386523107584918,0.9885003899239889,0.99998654639238,0.18144719985218954,0.6080000000000001,0.6100000000000001,PROCAR,nurion
POSCAR_Cr2Ge3_1_x050,399,32,ok,5,0.9999974412648018,0.25363693697469014,0.993267826616973,0.9999962265432455,0.1334263303693806,0.6240000000000001,0.622,PROCAR,nurion
POSCAR_Cr2Ge3_1_x950,358,32,ok,5,0.9999949437311636,0.38405844639583037,0.994136187369255,0.9999591115911781,0.2270378360844312,0.6250000000000001,0.6260000000000001,PROCAR,nurion
POSCAR_Cr2Ge3_1_x975,213,32,ok,5,0.9999983904368797,0.19477256058160247,0.9959192089057515,0.9999716351702855,0.13213934133840152,0.7350000000000001,0.734,PROCAR,nurion
POSCAR_Cr2Ge3_1_y025,358,32,ok,5,0.9999952332963649,0.33568413586987356,0.9893073130951229,0.999981262713315,0.23551486057067628,0.6120000000000001,0.6140000000000001,PROCAR,nurion
POSCAR_Cr2Ge3_1_y050,358,32,ok,5,0.9999993596791432,0.25614658087244857,0.9935643024203119,0.9999943670721355,0.17686963233572392,0.624,0.625,PROCAR,nurion
POSCAR_Cr2Ge3_1_y950,399,32,ok,5,0.9999737190637981,0.38107381198558615,0.9939643860864328,0.9999703397028559,0.17412275436977404,0.627,0.626,PROCAR,nurion
POSCAR_Cr2Ge3_1_y975,157,32,ok,5,0.9999963683833235,0.1981654995440748,0.9956701431802133,0.9999455459805319,0.1661194510541949,0.735,0.734,PROCAR,nurion
POSCAR_Cr2Ge3_1_z025,358,32,ok,5,0.9999710294859917,0.50758638608861,0.977425982027313,0.9998986322199575,0.376571242813468,0.578,0.5820000000000001,PROCAR,nurion
POSCAR_Cr2Ge3_1_z050,399,32,ok,5,0.999954413342354,0.5817403981607816,0.9757572813025551,0.9999297525691548,0.3644627228444403,0.5670000000000001,0.5680000000000001,PROCAR,nurion
POSCAR_Cr2Ge3_1_z950,358,32,ok,5,0.9999977596066855,0.32890713995329746,0.9877740641317062,0.999974569220206,0.2167498609083872,0.639,0.638,PROCAR,nurion
POSCAR_Cr2Ge3_1_z975,399,32,ok,5,0.9999993865459579,0.3906735002055458,0.985036067283983,0.9999861495731731,0.20554806503319092,0.6190000000000001,0.621,PROCAR,nurion
POSCAR_Cr2In2_5,7,26,ok,4,0.8944826106042217,0.09781013958657372,0.9410622287508816,0.20650924998454093,0.029339308274635247,0.604,0.9510000000000001,PROCAR,nurion
POSCAR_Cr2In2_5_st025,7,26,ok,4,0.9805324575232123,0.10766411142965131,0.9696130952029036,0.4697438617820095,0.053518838774162136,0.5860000000000001,0.657,PROCAR,nurion
POSCAR_Cr2In2_5_st050,7,26,ok,4,0.8496913112201601,0.19683160923112242,0.8711702078052084,0.7951336262884676,0.1742877718080222,0.5650000000000001,0.41,PROCAR,nurion
POSCAR_Cr2In2_5_st950,7,25,ok,4,0.9119128466745282,0.07447025018633316,0.958416884664674,0.1134552458635459,0.02043136179069109,0.9570000000000001,0.6399999999999999,PROCAR,nurion
POSCAR_Cr2In2_5_st975,260,23,ok,4,0.9830596789547124,0.4259813789415097,0.9661954423782877,0.857519955401951,0.45837916422369324,0.525,0.48200000000000004,ToBeDelete_PROCAR,nurion
POSCAR_Cr2In2_5_x025,7,26,ok,4,0.9187641432035314,0.07681602515976696,0.9548341581294679,0.20130414747194497,0.023229252740244052,0.626,0.9550000000000001,PROCAR,nurion
POSCAR_Cr2In2_5_x050,7,26,ok,4,0.9403330863120252,0.05982352626855748,0.966740306662802,0.21444860325017182,0.020184431763430197,0.648,0.958,PROCAR,nurion
POSCAR_Cr2In2_5_x975,7,26,ok,4,0.8569158947711853,0.12182140347182424,0.916263832743011,0.20938763793226176,0.033562455654267805,0.5870000000000001,0.9410000000000001,PROCAR,nurion
POSCAR_Cr2In2_5_y025,7,26,ok,4,0.9843607252730817,0.133602218687545,0.96719016581055,0.5096962648987541,0.062042666364730936,0.5920000000000001,0.651,PROCAR,nurion
POSCAR_Cr2In2_5_y050,7,26,ok,4,0.8779862305381172,0.2399151650965996,0.8891463734983995,0.7892335884103896,0.19538257133585246,0.5800000000000001,0.45,PROCAR,nurion
POSCAR_Cr2In2_5_y950,7,25,ok,4,0.999922835075436,0.008653919907361413,0.9999394224424055,0.023649697935784458,0.001131450376689068,0.9400000000000001,0.9390000000000002,PROCAR,nurion
POSCAR_Cr2In2_5_y975,260,23,ok,4,0.97684792078472,0.3558380889366149,0.9634891732194664,0.7797302689163795,0.3652985915296351,0.511,0.462,PROCAR,nurion
POSCAR_Cr2In2_5_z950,7,26,ok,4,0.9273708616287366,0.09399313265237036,0.9564570738941385,0.23207136688033336,0.02751874838656122,0.658,0.936,PROCAR,nurion
POSCAR_Cr2In2_5_z975,7,26,ok,4,0.9146901190631445,0.09617491229945528,0.9499631298865429,0.21527847333644212,0.028039906729411288,0.631,0.9460000000000001,PROCAR,nurion
POSCAR_Cr2In5_1,80,44,ok,7,0.9999782254675285,0.536929127532252,0.9546326882393175,0.999716405026797,0.3482835928280723,0.513,0.513,ToBeDelete_PROCAR,nurion
POSCAR_Cr2In5_1_st025,80,44,ok,7,0.9999867728394182,0.5389300689416697,0.952761816080287,0.9995718775379968,0.3699536276770039,0.48300000000000004,0.479,ToBeDelete_PROCAR,nurion
POSCAR_Cr2In5_1_st050,14,43,ok,7,0.9999517692983387,0.43619999738987564,0.672513569843134,0.9997737059626615,0.37906646309177533,0.46599999999999997,0.4650000000000001,PROCAR,nurion
POSCAR_Cr2In5_1_st950,4,42,ok,7,0.9998352647583986,0.37668979847567247,0.9601997002533759,0.9993656135421229,0.18674806133817107,0.5750000000000001,0.5770000000000001,PROCAR,nurion
POSCAR_Cr2In5_1_st975,80,44,ok,7,0.9999218926803496,0.5343373642644974,0.9518376306779849,0.9996947982880803,0.333074861868944,0.548,0.546,PROCAR,nurion
POSCAR_Cr2In5_1_x025,14,44,ok,7,0.999979905932121,0.43071760878320753,0.9381738738660591,0.9998860976306497,0.4637189358422432,0.558,0.5640000000000001,PROCAR,nurion
POSCAR_Cr2In5_1_x950,122,44,ok,7,0.9999497666054209,0.7474486583830278,0.812326305982543,0.9991690892355025,0.5094745901408064,0.5210000000000001,0.524,PROCAR,nurion
POSCAR_Cr2In5_1_x975,80,44,ok,7,0.9999742027643546,0.5466952565733658,0.9554674963391503,0.9998696319552692,0.37693297117267316,0.529,0.532,PROCAR,nurion
POSCAR_Cr2In5_1_y950,114,41,ok,7,0.9999977520204061,0.014016326566819575,0.9997602609637742,0.9995635444207899,0.017117080560353937,0.785,0.783,PROCAR,nurion
POSCAR_Cr2In5_1_y975,80,44,ok,7,0.9999357514568077,0.5314116918116815,0.9447000612840836,0.9993863399367814,0.27268326376038743,0.528,0.524,PROCAR,nurion
POSCAR_Cr2In5_1_z050,80,44,ok,7,0.9999615196225677,0.48032269694663643,0.9456395266402345,0.9997647074952589,0.2868110961344347,0.503,0.502,PROCAR,nurion
POSCAR_Cr2In5_1_z950,122,44,ok,7,0.9999043129913711,0.78387133416355,0.8304877743773648,0.9993167864866236,0.6151898468039037,0.5210000000000001,0.5200000000000001,PROCAR,nurion
POSCAR_Cr2In8_2,140,62,ok,10,0.9999315288064924,0.8823415042260674,0.9004536778482668,0.9997769149721285,0.6499053720735659,0.4590000000000001,0.4590000000000001,PROCAR,nurion
POSCAR_Cr2In8_2_st025,140,62,ok,10,0.999910674031749,0.8518888663535785,0.8852992371546683,0.9995695075269698,0.6079238774447397,0.44200000000000006,0.44100000000000006,PROCAR,nurion
POSCAR_Cr2In8_2_st050,45,62,ok,10,0.9999874440957538,0.6894843141248306,0.7906299181185708,0.9999387448589016,0.43962808684316307,0.4280000000000001,0.4230000000000001,PROCAR,nurion
POSCAR_Cr2In8_2_st950,39,61,ok,10,0.9999905405283928,0.44044302299524973,0.9012925369283181,0.9999659903420102,0.44572693626391857,0.5700000000000001,0.571,ToBeDelete_PROCAR,nurion
POSCAR_Cr2In8_2_st975,148,62,ok,10,0.9997138790993957,0.7771061250375546,0.8999968401648545,0.9989368530426666,0.6897751911757817,0.5720000000000001,0.5720000000000002,ToBeDelete_PROCAR,nurion
POSCAR_Cr2In8_2_x025,45,64,ok,10,0.9999551400929209,0.41587745955939004,0.9639532497110259,0.9998641909294088,0.34519103331827705,0.5389999999999999,0.546,PROCAR,nurion
POSCAR_Cr2In8_2_x050,96,65,ok,10,0.9999587043975396,0.5954562057501271,0.9181152819887293,0.9998232405531748,0.3581481556366385,0.44900000000000007,0.45200000000000007,PROCAR,nurion
POSCAR_Cr2In8_2_x950,143,62,ok,10,0.9963056758657435,0.3127272351486008,0.9764941281018102,0.9955578412679896,0.4742694984868187,0.6530000000000001,0.6380000000000001,PROCAR,nurion
POSCAR_Cr2In8_2_x975,148,62,ok,10,0.9999950788735497,0.8331309898527482,0.8859624624733247,0.9999123839330799,0.7013769328336406,0.5160000000000001,0.5200000000000001,PROCAR,nurion
POSCAR_Cr2In8_2_y025,140,62,ok,10,0.9999867364156367,0.7719781187708252,0.8662625849217985,0.9999397216654775,0.5260535917867134,0.4780000000000001,0.4810000000000001,PROCAR,nurion
POSCAR_Cr2In8_2_y950,77,65,ok,10,1.0,0.3605452136148892,0.6526319606915586,0.9999664603922066,0.26769910029995525,0.5590000000000002,0.5590000000000002,PROCAR,nurion
POSCAR_Cr2In8_2_y975,147,63,ok,10,0.999977307893547,0.6935924250314084,0.9085802760054816,0.99939720591311,0.6416134591567031,0.5100000000000001,0.503,PROCAR,nurion
POSCAR_Cr2In8_2_z025,92,61,ok,10,0.9999152875706374,0.6403762824705796,0.6741712526999116,0.9999069712984774,0.4414176034944899,0.514,0.51,PROCAR,nurion
POSCAR_Cr2In8_2_z050,143,63,ok,10,0.9999303320510838,0.864997790953851,0.9467615609124059,0.9997428720410615,0.6836407149079844,0.4580000000000001,0.45500000000000007,PROCAR,nurion
POSCAR_Cr2In8_2_z950,81,64,ok,10,0.9999871193275545,0.8824867423783268,0.9446714116828009,0.9998470378346233,0.6655080927412702,0.496,0.5000000000000001,PROCAR,nurion
POSCAR_Cr2In8_2_z975,39,61,ok,10,0.9999752247622155,0.5038333217671552,0.9316067422235756,0.9998321346158178,0.449889928645103,0.498,0.496,PROCAR,nurion
POSCAR_Cr2N2_7,437,17,ok,4,0.998942869916011,0.5429029531065078,0.9748250566021142,0.0,0.0,0.8210000000000001,0.835,ToBeDelete_PROCAR,nurion
POSCAR_Cr2N2_7_st025,241,16,ok,4,0.9665354027059285,0.22206300884497437,0.9808038425753779,0.8271431466279873,0.23180670643172677,0.846,0.83,ToBeDelete_PROCAR,nurion
POSCAR_Cr2N2_7_st050,241,16,ok,4,0.9577173873613829,0.23467261268920636,0.9737292075421885,0.7818075584799873,0.2323664463349783,0.825,0.806,PROCAR,nurion
POSCAR_Cr2N2_7_st950,363,17,ok,4,0.9588958500802327,0.3195406491613668,0.9788314791438394,0.8214910159352495,0.24840839956717073,0.879,0.8740000000000001,PROCAR,nurion
POSCAR_Cr2N2_7_st975,437,17,ok,4,0.9525914443052711,0.27825291656650786,0.975402710692394,0.807935984984158,0.2316822302781258,0.8660000000000001,0.851,ToBeDelete_PROCAR,nurion
POSCAR_Cr2N2_7_x025,437,17,ok,4,0.9987339920859273,0.5022860100745198,0.9899679563930831,0.07947052886808172,0.027437915147939914,0.8140000000000001,0.825,PROCAR,nurion
POSCAR_Cr2N2_7_x050,437,17,ok,4,0.9717593054824462,0.3824019665308309,0.9826121439275052,0.552249587216575,0.18562571226695196,0.8250000000000001,0.8170000000000001,PROCAR,nurion
POSCAR_Cr2N2_7_x950,301,17,ok,4,0.9681245323907165,0.30880773075812057,0.9827678051758454,0.7632927856364168,0.22281885902056692,0.8540000000000001,0.8440000000000001,PROCAR,nurion
POSCAR_Cr2N2_7_x975,301,17,ok,4,0.9960847134671559,0.439497955267571,0.9923007836645877,0.39298948136134315,0.1766357228531144,0.835,0.842,PROCAR,nurion
POSCAR_Cr2N2_7_y025,301,17,ok,4,0.9985382085268173,0.503848797071397,0.9885667896112678,0.3433691393002266,0.1796816335928106,0.8130000000000002,0.8250000000000001,PROCAR,nurion
POSCAR_Cr2N2_7_y050,301,17,ok,4,0.9729053109455912,0.3880811426432912,0.9827312633392666,0.578197251621722,0.2259817228865381,0.8260000000000001,0.8190000000000001,PROCAR,nurion
POSCAR_Cr2N2_7_y950,437,17,ok,4,0.9676174294375043,0.30815449409799334,0.9827998467629389,0.7884263568151819,0.22961551235870895,0.854,0.844,PROCAR,nurion
POSCAR_Cr2N2_7_y975,437,17,ok,4,0.9963400847818168,0.4379587670680328,0.9929092595430553,0.20113683328957505,0.06476313087492798,0.8400000000000001,0.84,PROCAR,nurion
POSCAR_Cr2N2_7_z025,105,16,ok,4,0.9738526231079309,0.21975609817154504,0.9863726416834016,0.8569593255390255,0.19976185628235751,0.851,0.843,PROCAR,nurion
POSCAR_Cr2N2_7_z050,105,16,ok,4,0.975866460116276,0.2285202091776864,0.9876093791171326,0.8608848592005078,0.19723484561526777,0.8440000000000001,0.835,PROCAR,nurion
POSCAR_Cr2N2_7_z950,437,17,ok,4,0.9357796995188954,0.2797231556174154,0.9631299785780812,0.7678421105925072,0.2359722380375389,0.864,0.8460000000000001,PROCAR,nurion
POSCAR_Cr2N2_7_z975,437,17,ok,4,0.9404597528470912,0.2707792457850357,0.96681086742127,0.7816914115191358,0.2231606143443258,0.857,0.8400000000000001,PROCAR,nurion
POSCAR_Cr2O2_2,599,18,ok,4,0.9967602000335136,0.17947885732120156,0.9915759178407397,0.02254364684864583,0.0,0.946,0.947,ToBeDelete_PROCAR,nurion
POSCAR_Cr2O2_2_st025,599,18,ok,4,0.9947599990818252,0.17648191693964202,0.9903038841221414,0.023896002268006436,0.0,0.9349999999999999,0.942,ToBeDelete_PROCAR,nurion
POSCAR_Cr2O2_2_st050,599,18,ok,4,0.990954632954711,0.18174836738180108,0.9872774602209927,0.0240371866989804,0.0,0.9229999999999999,0.9339999999999999,PROCAR,nurion
POSCAR_Cr2O2_2_st950,599,18,ok,4,0.9979951627024892,0.19258605324751601,0.9915842188018268,0.021572247587281983,0.0,0.962,0.952,ToBeDelete_PROCAR,nurion
POSCAR_Cr2O2_2_st975,599,18,ok,4,0.9975528723158532,0.18351324293829438,0.9918872966050062,0.022560663663648724,0.0,0.954,0.9500000000000001,ToBeDelete_PROCAR,nurion
POSCAR_Cr2O2_2_z025,599,18,ok,4,0.9951562536706311,0.1759657869493927,0.9905634152012494,0.022596088190656553,0.0,0.9400000000000001,0.946,PROCAR,nurion
POSCAR_Cr2O2_2_z050,599,18,ok,4,0.9921699419414494,0.17781209632665382,0.9883851413016222,0.02271093960502892,0.0,0.9339999999999999,0.9510000000000001,PROCAR,nurion
POSCAR_Cr2O2_2_z950,599,18,ok,4,0.9971554112423966,0.1857982539555778,0.9914811864372588,0.025388481378296853,0.0,0.956,0.942,PROCAR,nurion
POSCAR_Cr2O2_2_z975,599,18,ok,4,0.9972618801271367,0.180638036730232,0.9917978675131965,0.025276657643473914,0.0,0.951,0.943,PROCAR,nurion
POSCAR_Cr2O4_2,408,22,ok,6,0.99132840442297,0.40135517250907954,0.41131557345417874,0.8427124277448509,0.006669021255203101,0.763,0.744,PROCAR,nurion
POSCAR_Cr2O4_2_st025,221,21,ok,6,0.9979091990618604,0.5102291040616185,0.9953831546618936,0.7049397761006502,0.49880220590264723,0.8140000000000001,0.787,ToBeDelete_PROCAR,nurion
POSCAR_Cr2O4_2_st050,291,21,ok,6,0.9650192423572042,0.5772619840853416,0.9097954303549992,0.7605386645654575,0.5139598456218261,0.7570000000000002,0.8130000000000001,ToBeDelete_PROCAR,nurion
POSCAR_Cr2O4_2_st950,219,23,ok,6,0.9852897302307119,0.9290367178936724,0.9318270742540101,0.9818524921169047,0.9226504282572653,0.806,0.864,PROCAR,nurion
POSCAR_Cr2O4_2_st975,408,22,ok,6,0.197885218836972,0.13770206920688688,0.08222906493193728,0.13615828685179437,0.12782124342382026,0.772,0.99,ToBeDelete_PROCAR,nurion
POSCAR_Cr2O4_2_x025,408,22,ok,6,0.9942370465289939,0.3403249868799112,0.3247680078801118,0.9037667174088059,0.0,0.7840000000000001,0.743,PROCAR,nurion
POSCAR_Cr2O4_2_x050,408,22,ok,6,0.9690808200497915,0.28744791609341425,0.25431439689621427,0.9140186704208136,0.0,0.7969999999999999,0.742,PROCAR,nurion
POSCAR_Cr2O4_2_x950,289,23,ok,6,0.9422746957155254,0.5922675902464511,0.5645006113340142,0.9693074084000434,0.6284104791161047,0.8330000000000001,0.886,PROCAR,nurion
POSCAR_Cr2O4_2_x975,408,22,ok,6,0.26591862583153425,0.18559524181811782,0.2206228539829631,0.2288648226143232,0.0,0.8160000000000002,0.9850000000000001,PROCAR,nurion
POSCAR_Cr2O4_2_y025,291,21,ok,6,0.9121822070232758,0.654633451809169,0.8006620229079519,0.7319242157523371,0.4940079858714183,0.81,0.8150000000000001,PROCAR,nurion
POSCAR_Cr2O4_2_y050,291,21,ok,6,0.9591101874834658,0.7145333681084024,0.8861583224079109,0.7441585975663876,0.5484772473212202,0.789,0.804,PROCAR,nurion
POSCAR_Cr2O4_2_y950,366,22,ok,6,0.9009270606832421,0.7369096432091855,0.73262524613942,0.6466934220745524,0.0,0.8600000000000001,0.7850000000000001,PROCAR,nurion
POSCAR_Cr2O4_2_y975,408,22,ok,6,0.9919784743235235,0.5155108828418249,0.5186942501207262,0.8947915244140516,0.10966841841452782,0.773,0.7660000000000001,PROCAR,nurion
POSCAR_Cr2O4_2_z025,301,21,ok,6,0.9134190911655007,0.6539277594516568,0.8005287524521049,0.7564503827744173,0.4796486747099434,0.8080000000000002,0.8130000000000001,PROCAR,nurion
POSCAR_Cr2O4_2_z050,301,21,ok,6,0.9598057564861626,0.7132685358534472,0.8872515929925313,0.7669662923473234,0.5355986601891016,0.7880000000000001,0.8059999999999999,PROCAR,nurion
POSCAR_Cr2O4_2_z950,366,22,ok,6,0.9012916337784282,0.7370360556732681,0.7347439876784668,0.6449234571875353,0.0,0.861,0.7840000000000001,PROCAR,nurion
POSCAR_Cr2O4_2_z975,408,22,ok,6,0.9906404944490598,0.5368184576582861,0.5393264224211831,0.8995056874586558,0.1390486579949621,0.774,0.7670000000000001,PROCAR,nurion
POSCAR_Cr2P18_1,51,57,ok,20,0.9994952315596556,0.08200063189054542,0.9830375809821275,0.9987298191058622,0.07372244754389679,0.615,0.614,PROCAR,nurion
POSCAR_Cr2P18_1_x025,5,58,ok,20,0.9999719129483104,0.06926361209201873,0.9684937898136701,0.9998774733512057,0.06153961938319717,0.5930000000000001,0.5960000000000001,PROCAR,nurion
POSCAR_Cr2P18_1_x050,51,56,ok,20,0.9999430194011824,0.08112544629337214,0.9809766704710231,0.9997290782482358,0.07617430536023623,0.5980000000000001,0.6000000000000001,PROCAR,nurion
POSCAR_Cr2P18_1_x950,105,56,ok,20,0.9999960589130849,0.08581034998508946,0.9939406372976891,0.9999898953242257,0.028741794724500027,0.684,0.682,PROCAR,nurion
POSCAR_Cr2P18_1_x975,50,57,ok,20,0.9999492461699113,0.10806719345209813,0.993547598796914,0.9997320951590593,0.08036008856603852,0.6960000000000001,0.6990000000000001,PROCAR,nurion
POSCAR_Cr2P18_1_y025,51,57,ok,20,0.9995933202140864,0.06788309210860341,0.9867387623556533,0.9990304870654797,0.06869555454261071,0.6470000000000001,0.6390000000000001,PROCAR,nurion
POSCAR_Cr2P18_1_y050,86,56,ok,20,0.9999954182827986,0.21375461239901108,0.9274745108324808,0.9997437393786452,0.14072407028405176,0.5640000000000001,0.5720000000000001,PROCAR,nurion
POSCAR_Cr2P18_1_y950,138,55,ok,20,0.9999957996302649,0.772718071914661,0.8923600630306314,0.9998798065451142,0.5741749519907648,0.512,0.5060000000000001,PROCAR,nurion
POSCAR_Cr2P18_1_z025,51,57,ok,20,0.9999493789826273,0.12105088493069018,0.9910590328830882,0.9998801790794553,0.060265519777958416,0.6080000000000001,0.6140000000000001,PROCAR,nurion
POSCAR_Cr2P18_1_z050,19,57,ok,20,0.9999224782970145,0.15201439876119738,0.9782019041937896,0.9997970705003343,0.1128956075142924,0.5840000000000001,0.5870000000000001,PROCAR,nurion
POSCAR_Cr2P18_1_z950,138,55,ok,20,0.9999942643279881,0.6612194186462086,0.8600795428279034,0.9999440810934164,0.4515406757310992,0.549,0.553,PROCAR,nurion
POSCAR_Cr2P4_2,158,22,ok,6,0.9995750383404496,0.8331805883663524,0.9361483859931523,0.9323028975909978,0.26801960329154545,0.6400000000000001,0.6609999999999999,ToBeDelete_PROCAR,nurion
POSCAR_Cr2P4_2_st025,158,22,ok,6,0.9869645081016023,0.7758231414426539,0.9451175524491717,0.8696079718328239,0.2103626985758588,0.5920000000000001,0.6530000000000001,PROCAR,nurion
POSCAR_Cr2P4_2_st050,225,19,ok,6,0.998455134256385,0.24658758317504936,0.9804944445137941,0.5620528924240566,0.18381973390339568,0.67,0.624,ToBeDelete_PROCAR,nurion
POSCAR_Cr2P4_2_st950,282,23,ok,6,0.9558991377620913,0.22244311738751613,0.889010060909427,0.9565100116471047,0.02847897202414187,0.682,0.681,ToBeDelete_PROCAR,nurion
POSCAR_Cr2P4_2_st975,282,23,ok,6,0.9670141894546369,0.23673228118710143,0.8592576755651774,0.9588782489687729,0.03501656597903226,0.654,0.653,PROCAR,nurion
POSCAR_Cr2P4_2_x025,156,21,ok,6,0.9655504187126015,0.8661124044905196,0.8924864031460196,0.9004154896632455,0.3831364530318782,0.661,0.633,PROCAR,nurion
POSCAR_Cr2P4_2_x050,159,22,ok,6,0.996641799659002,0.8583787050692673,0.8933263979997761,0.8714989824499154,0.026678489692912612,0.583,0.615,PROCAR,nurion
POSCAR_Cr2P4_2_x950,282,23,ok,6,0.9528939054134156,0.1780388096300322,0.8488381826820807,0.9570779222808601,0.026415196390558504,0.663,0.645,PROCAR,nurion
POSCAR_Cr2P4_2_x975,282,23,ok,6,0.9637630876104565,0.21959791167970877,0.833757127607838,0.9580667605364895,0.03458163694482143,0.641,0.636,PROCAR,nurion
POSCAR_Cr2P4_2_y025,158,22,ok,6,0.9984871704954265,0.7332286214293395,0.9090602088536648,0.9100331700085116,0.32707547367083967,0.643,0.659,PROCAR,nurion
POSCAR_Cr2P4_2_y050,217,23,ok,6,0.9493735135743926,0.2992161061573192,0.7919643985971534,0.9269905170199024,0.050758691877849114,0.5970000000000001,0.6150000000000001,PROCAR,nurion
POSCAR_Cr2P4_2_y950,276,23,ok,6,0.9961597829663793,0.40624673735141387,0.7871302330880725,0.9704882374895524,0.23516128785300644,0.5860000000000001,0.623,PROCAR,nurion
POSCAR_Cr2P4_2_y975,276,23,ok,6,0.9777502042938032,0.48502244787317256,0.7875945675274876,0.9246627789799645,0.33312716066999043,0.5640000000000001,0.618,PROCAR,nurion
POSCAR_Cr2P4_2_z025,276,21,ok,6,0.8793918947702828,0.6890744018405613,0.7832652691899471,0.762450711485474,0.5223084116054656,0.653,0.586,PROCAR,nurion
POSCAR_Cr2P4_2_z050,276,21,ok,6,0.8870891472701786,0.6731745241060161,0.82181866732537,0.7496613141741009,0.47739352710908806,0.64,0.5840000000000001,PROCAR,nurion
POSCAR_Cr2P8_1,20,32,ok,10,0.9503710507331287,0.10151035878937222,0.9677358405126214,0.8249385671292818,0.017592225508977224,0.697,0.671,PROCAR,nurion
POSCAR_Cr2P8_1_st025,20,32,ok,10,0.976717537054563,0.1397268779696292,0.9642025398973916,0.8031339442885045,0.026213793990105098,0.6519999999999999,0.6639999999999999,ToBeDelete_PROCAR,nurion
POSCAR_Cr2P8_1_st050,57,32,ok,10,0.984319675357209,0.19814860498760395,0.9577133246891527,0.7890138654280595,0.04189536788468041,0.6400000000000001,0.648,PROCAR,nurion
POSCAR_Cr2P8_1_st950,85,32,ok,10,0.9521669089298168,0.24912708877897097,0.9568392301714039,0.7110053784048198,0.07917968186788982,0.7280000000000001,0.602,ToBeDelete_PROCAR,nurion
POSCAR_Cr2P8_1_st975,85,32,ok,10,0.9430539007008061,0.1117901075133457,0.9716657172254892,0.8122314345629729,0.02995599985520786,0.7210000000000001,0.6499999999999999,ToBeDelete_PROCAR,nurion
POSCAR_Cr2P8_1_x025,20,32,ok,10,0.9651857459097223,0.12363013721832068,0.9658207586536824,0.815180308464634,0.021643749308419724,0.675,0.677,PROCAR,nurion
POSCAR_Cr2P8_1_x050,20,32,ok,10,0.9848311475296706,0.14728821300346898,0.959047398847541,0.7952236249501432,0.026616605926795968,0.641,0.6679999999999999,PROCAR,nurion
POSCAR_Cr2P8_1_x950,20,32,ok,10,0.9314334562889187,0.08696227236227633,0.9697554719952001,0.8181542397191989,0.01745011223811832,0.713,0.6729999999999999,PROCAR,nurion
POSCAR_Cr2P8_1_x975,20,32,ok,10,0.9374854371062686,0.09064259542265897,0.9679705591282939,0.8251105249087516,0.018098733364208926,0.7090000000000001,0.675,PROCAR,nurion
POSCAR_Cr2P8_1_y025,20,32,ok,10,0.9659403974833403,0.11076426338300618,0.9688595101594947,0.823479352174737,0.019990958965070162,0.6759999999999999,0.6799999999999999,PROCAR,nurion
POSCAR_Cr2P8_1_y050,20,32,ok,10,0.9834034330474548,0.12803456247708625,0.9699100080084397,0.8257969928241865,0.02473977298927025,0.655,0.6759999999999999,PROCAR,nurion
POSCAR_Cr2P8_1_y950,85,32,ok,10,0.9373494294381282,0.11288205500960596,0.9682422575428702,0.8113385573740427,0.035368050854667925,0.7150000000000001,0.653,PROCAR,nurion
POSCAR_Cr2P8_1_y975,20,32,ok,10,0.939142522406842,0.10988239243715532,0.964829843579089,0.8181181782234141,0.019898928924970725,0.711,0.668,PROCAR,nurion
POSCAR_Cr2P8_1_z025,20,32,ok,10,0.9413499609062809,0.1092056001855112,0.9649700326894552,0.8132058349265494,0.02145692016115032,0.69,0.668,PROCAR,nurion
POSCAR_Cr2P8_1_z050,57,32,ok,10,0.9540133571306652,0.13751426124197963,0.9678709025242201,0.8029421565817532,0.038749132074958365,0.701,0.657,PROCAR,nurion
POSCAR_Cr2P8_1_z950,20,32,ok,10,0.9789155796011884,0.11352040764558147,0.9755126692997128,0.8534762616495456,0.02309359676190689,0.681,0.675,PROCAR,nurion
POSCAR_Cr2P8_1_z975,20,32,ok,10,0.9605172937335589,0.1030773547280044,0.9695305689300434,0.8409475939737119,0.01790844567530372,0.693,0.677,PROCAR,nurion
POSCAR_Cr2P8_2,106,31,ok,10,0.9585585481888854,0.45366086803953226,0.6679280714363994,0.8215688643949651,0.20832553765216047,0.5820000000000001,0.508,ToBeDelete_PROCAR,nurion
POSCAR_Cr2P8_2_st025,106,31,ok,10,0.9656175816767392,0.4320577547082344,0.6639223663382245,0.8264422080182218,0.22038757469477208,0.5630000000000001,0.494,ToBeDelete_PROCAR,nurion
POSCAR_Cr2P8_2_st050,152,32,ok,10,0.9886446751883019,0.12284461640554073,0.980539636680444,0.9893820906034122,0.07306730296715025,0.634,0.659,PROCAR,nurion
POSCAR_Cr2P8_2_st950,106,31,ok,10,0.9952676903789808,0.49408710111275733,0.9601785363843413,0.9363086241677098,0.2458054095940294,0.626,0.624,ToBeDelete_PROCAR,nurion
POSCAR_Cr2P8_2_st975,106,31,ok,10,0.9752996516458137,0.4849023916255065,0.7725296676353598,0.882080719249554,0.22235700301376493,0.6070000000000001,0.543,PROCAR,nurion
POSCAR_Cr2P8_2_x025,120,30,ok,10,0.9950465101630386,0.4224689246314894,0.9731163967049107,0.8075068457658925,0.3527330015284076,0.5690000000000001,0.5680000000000001,PROCAR,nurion
POSCAR_Cr2P8_2_x050,129,30,ok,10,0.9477527454715854,0.5759990407135095,0.8039273128904363,0.8719214441070952,0.37933008501686133,0.5840000000000001,0.521,PROCAR,nurion
POSCAR_Cr2P8_2_x950,106,31,ok,10,0.9545201260119889,0.49424928224599435,0.6955770725877818,0.8595816749254913,0.234961786516026,0.584,0.513,PROCAR,nurion
POSCAR_Cr2P8_2_x975,106,31,ok,10,0.9601161158489762,0.4760962072143817,0.6803121119612785,0.8508862903778001,0.2207650582525265,0.5870000000000001,0.508,PROCAR,nurion
POSCAR_Cr2P8_2_y025,176,30,ok,10,0.988412117461309,0.579435687068048,0.9802822568986125,0.7826179556985101,0.44227246368397605,0.541,0.515,PROCAR,nurion
POSCAR_Cr2P8_2_y050,176,30,ok,10,0.994864957711421,0.6160980886519223,0.9843863508177482,0.8473606783897836,0.5083327455452017,0.517,0.5029999999999999,PROCAR,nurion
POSCAR_Cr2P8_2_y950,120,30,ok,10,0.9995253239572877,0.5340596279758711,0.9249264336214552,0.7931401304151898,0.2368111214748842,0.5900000000000001,0.589,PROCAR,nurion
POSCAR_Cr2P8_2_y975,120,30,ok,10,0.999175716673935,0.49943586397540496,0.9585826638308612,0.7824468276757431,0.2827720226585412,0.5830000000000001,0.5900000000000001,PROCAR,nurion
POSCAR_Cr2P8_2_z025,106,31,ok,10,0.9603134401844323,0.4652165483213085,0.724029243402448,0.7443067550923651,0.22353282432438346,0.5680000000000001,0.509,PROCAR,nurion
POSCAR_Cr2P8_2_z050,74,32,ok,10,0.9919302602159156,0.3896865290411124,0.8871961860242137,0.9449028611161222,0.24491396745629918,0.5680000000000001,0.556,PROCAR,nurion
POSCAR_Cr2P8_2_z950,130,30,ok,10,0.9929697011657301,0.32337310961703886,0.9404599446349708,0.9201613284879692,0.21073096840013975,0.606,0.5650000000000001,PROCAR,nurion
POSCAR_Cr2P8_2_z975,106,31,ok,10,0.9774070936810132,0.47665491484041556,0.7293798904757252,0.9157560561972667,0.2269950516080857,0.5960000000000001,0.538,PROCAR,nurion
POSCAR_Cr2Pb13_1,78,103,ok,15,0.9999938202009908,0.669057680590114,0.8754690926870641,0.9998433460867108,0.5542653666806471,0.4780000000000001,0.4850000000000001,ToBeDelete_PROCAR,nurion
POSCAR_Cr2Pb13_1_st025,78,103,ok,15,0.9999794134734811,0.6881400295776303,0.8546615418060508,0.9997941177795425,0.6118239297325218,0.4520000000000001,0.4550000000000001,ToBeDelete_PROCAR,nurion
POSCAR_Cr2Pb13_1_st050,78,103,ok,15,0.9999530059307278,0.6829746719882808,0.8190697579899374,0.9997983822475214,0.6393959136540591,0.4270000000000001,0.42600000000000005,PROCAR,nurion
POSCAR_Cr2Pb13_1_st950,67,102,ok,15,0.9999577072584739,0.8902836207746042,0.9651897997071234,0.999532873661859,0.7981198234688794,0.49100000000000016,0.49100000000000005,PROCAR,nurion
POSCAR_Cr2Pb13_1_x025,78,103,ok,15,0.9999828273311866,0.6551003016870321,0.9022270495926135,0.9998534310871428,0.5594395570985451,0.4790000000000001,0.4850000000000001,PROCAR,nurion
POSCAR_Cr2Pb13_1_x050,69,105,ok,15,0.9999845346858611,0.6734527658683267,0.8897247988514807,0.9986763763182547,0.4432130755572401,0.42400000000000004,0.42100000000000004,PROCAR,nurion
POSCAR_Cr2Pb13_1_x975,78,103,ok,15,0.9999502049224386,0.7002651988167485,0.8564857879849711,0.9998316087898135,0.5618714120211162,0.4850000000000001,0.4860000000000001,PROCAR,nurion
POSCAR_Cr2Pb13_1_y025,78,103,ok,15,0.999933365811412,0.6894348752125592,0.8672145136125659,0.9997983369829421,0.5892255963596731,0.4710000000000001,0.4780000000000001,PROCAR,nurion
POSCAR_Cr2Pb13_1_y050,19,105,ok,15,0.9999399529853998,0.4970261921220121,0.5586930781868303,0.99974267099445,0.4205432472620105,0.4390000000000001,0.44000000000000006,PROCAR,nurion
POSCAR_Cr2Pb13_1_y950,78,103,ok,15,0.9999897292132718,0.6037007754269577,0.8493004997865925,0.9998595124880187,0.5216217078074611,0.5040000000000001,0.4990000000000001,PROCAR,nurion
POSCAR_Cr2Pb13_1_y975,78,103,ok,15,0.9999968790582452,0.6383040586562831,0.8750084804079883,0.9999803905581441,0.5391883523189571,0.4950000000000001,0.5,PROCAR,nurion
POSCAR_Cr2Pb13_1_z025,78,103,ok,15,0.9999432101662105,0.6957454684101353,0.8321538730844279,0.9996080655265727,0.6067628738631147,0.4650000000000001,0.46700000000000014,PROCAR,nurion
POSCAR_Cr2Pb13_1_z050,78,103,ok,15,0.9999452284997762,0.7078756167538395,0.7918387003745494,0.9996530823319436,0.6559200719895524,0.44500000000000006,0.4470000000000001,PROCAR,nurion
POSCAR_Cr2Pb13_1_z950,67,102,ok,15,0.9999891943287844,0.9072023908536844,0.9355874800693617,0.999914136052106,0.7446499437301435,0.4690000000000001,0.4710000000000001,PROCAR,nurion
POSCAR_Cr2Pb13_1_z975,67,102,ok,15,0.9999500565960113,0.9097354715200124,0.956683276367191,0.999680285313307,0.7850385964748168,0.4530000000000001,0.45800000000000013,PROCAR,nurion
POSCAR_Cr2Pb8_2,105,68,ok,10,0.999968103160155,0.9508732794300978,0.9592584053509982,0.999741983665991,0.7189506542585024,0.4670000000000001,0.4670000000000001,ToBeDelete_PROCAR,nurion
POSCAR_Cr2Pb8_2_st025,105,68,ok,10,0.9999919171103772,0.95105119426268,0.9619654354135687,0.9998318946429462,0.7357456059171216,0.44800000000000006,0.44700000000000006,ToBeDelete_PROCAR,nurion
POSCAR_Cr2Pb8_2_st950,105,68,ok,10,0.9999929998059188,0.9386755725693815,0.950911376324172,0.9998840833566767,0.6900675846755424,0.5280000000000001,0.5280000000000001,PROCAR,nurion
POSCAR_Cr2Pb8_2_st975,105,68,ok,10,0.9999930182094106,0.9486525405931766,0.9579626935365172,0.9997726248716974,0.7057611192578837,0.4930000000000001,0.4950000000000001,ToBeDelete_PROCAR,nurion
POSCAR_Cr2Pb8_2_x025,105,68,ok,10,0.9999549619031419,0.959203038821063,0.9764208165764923,0.9998041083523318,0.7812647538357385,0.4580000000000001,0.4610000000000001,PROCAR,nurion
POSCAR_Cr2Pb8_2_x050,105,68,ok,10,0.9999924432507689,0.9525400677934008,0.9824675612149544,0.9996582330083293,0.81803751220244,0.45400000000000007,0.45300000000000007,PROCAR,nurion
POSCAR_Cr2Pb8_2_x950,105,68,ok,10,0.9999989614283392,0.8926193102863385,0.8991971561831389,0.9999456478577199,0.5858639732398373,0.4870000000000001,0.48900000000000005,PROCAR,nurion
POSCAR_Cr2Pb8_2_x975,105,68,ok,10,0.9999901425440968,0.9320052359682841,0.9384840988968901,0.9997059559334378,0.6572637485259768,0.4770000000000001,0.47900000000000004,PROCAR,nurion
POSCAR_Cr2Pb8_2_y025,105,68,ok,10,0.9999654943501984,0.9490724795021186,0.9605131465619534,0.99987045808079,0.7595412257362205,0.4650000000000001,0.4680000000000001,PROCAR,nurion
POSCAR_Cr2Pb8_2_y050,105,68,ok,10,0.9999946406639899,0.9369088124882239,0.9546411069793125,0.9997249735182426,0.7806032748888877,0.4620000000000001,0.4620000000000001,PROCAR,nurion
POSCAR_Cr2Pb8_2_y950,105,68,ok,10,0.9999889281840301,0.9253753874629316,0.9363502838127367,0.9999502381214435,0.6329010130405008,0.4820000000000001,0.4790000000000001,PROCAR,nurion
POSCAR_Cr2Pb8_2_y975,105,68,ok,10,0.9999962956750054,0.9455714662095576,0.9549925356485549,0.9998056760728474,0.6811130701681096,0.4750000000000001,0.4740000000000001,PROCAR,nurion
POSCAR_Cr2Pb8_2_z025,105,68,ok,10,0.9999570570773534,0.9254885133065329,0.9335554203343326,0.9997787787123978,0.6252032591642902,0.45600000000000007,0.4570000000000001,PROCAR,nurion
POSCAR_Cr2Pb8_2_z050,105,68,ok,10,0.9999819812873815,0.8839602770081204,0.8967533817652121,0.9999151667635788,0.5721459938954347,0.45200000000000007,0.45000000000000007,PROCAR,nurion
POSCAR_Cr2Pb8_2_z950,53,68,ok,10,0.9999658560417138,0.9262308886064222,0.9382434393801574,0.999906022130969,0.6322048091878579,0.4850000000000001,0.4820000000000001,PROCAR,nurion
POSCAR_Cr2Pb8_2_z975,53,68,ok,10,0.9999926947241329,0.9451925202912215,0.9541425198435631,0.9998864600944968,0.6791516156385327,0.4740000000000001,0.4750000000000001,PROCAR,nurion
POSCAR_Cr2S2_1,208,18,ok,4,0.9572910164894661,0.17603060696001044,0.9698064381519831,0.8315804801738871,0.1868372986939069,0.795,0.783,ToBeDelete_PROCAR,nurion
POSCAR_Cr2S2_1_st025,329,18,ok,4,0.9386712639498274,0.17947844503219226,0.9597772118986692,0.8053304960720005,0.1420559878039544,0.804,0.779,PROCAR,nurion
POSCAR_Cr2S2_1_st050,329,18,ok,4,0.9495957369539737,0.2313017517737998,0.9648396562636724,0.7945890129743797,0.1962194521934181,0.765,0.753,ToBeDelete_PROCAR,nurion
POSCAR_Cr2S2_1_st950,208,18,ok,4,0.9382907257879909,0.14962335635637372,0.961424779220943,0.8283233650177922,0.1365157862817614,0.829,0.8140000000000001,PROCAR,nurion
POSCAR_Cr2S2_1_st975,208,18,ok,4,0.9461959673461188,0.15474282114098437,0.9647776344722444,0.8280652793341416,0.15197921427828967,0.811,0.8,PROCAR,nurion
POSCAR_Cr2S2_1_x025,218,18,ok,4,0.9356531668044309,0.16260245724218522,0.9594036330178268,0.7505769435031967,0.12046117749518577,0.82,0.7930000000000001,PROCAR,nurion
POSCAR_Cr2S2_1_x050,329,18,ok,4,0.9376654694491574,0.18557160267709172,0.95870435691556,0.8323381444735073,0.14221001861428983,0.8039999999999999,0.784,PROCAR,nurion
POSCAR_Cr2S2_1_x950,208,18,ok,4,0.942492737896721,0.13196298236780318,0.9636506115169362,0.7982556314656392,0.13244751429196014,0.8170000000000001,0.8,PROCAR,nurion
POSCAR_Cr2S2_1_x975,208,18,ok,4,0.9515610317212118,0.1524042655951389,0.9678784855302883,0.8149810433085268,0.15927375873464206,0.802,0.7920000000000001,PROCAR,nurion
POSCAR_Cr2S2_1_y025,329,18,ok,4,0.9292779283991934,0.16472941906976846,0.9545854954997252,0.792111472149394,0.13751852426944733,0.819,0.791,PROCAR,nurion
POSCAR_Cr2S2_1_y050,329,18,ok,4,0.9287697797188846,0.18155647869263206,0.9523921195232534,0.7696400621714837,0.17231744226043672,0.806,0.7800000000000001,PROCAR,nurion
POSCAR_Cr2S2_1_y950,208,18,ok,4,0.9492241911510239,0.1342996117489007,0.968094807761062,0.8470671442919423,0.12296728400227747,0.8190000000000001,0.7989999999999999,PROCAR,nurion
POSCAR_Cr2S2_1_y975,208,18,ok,4,0.9514228949588078,0.15001601166003256,0.9679456505776228,0.840270692819972,0.1506807613908966,0.806,0.7939999999999999,PROCAR,nurion
POSCAR_Cr2S2_1_z025,208,18,ok,4,0.9583476244424045,0.160214295310443,0.9714328180035484,0.8279457622856377,0.1662542039672954,0.796,0.7820000000000001,PROCAR,nurion
POSCAR_Cr2S2_1_z050,208,18,ok,4,0.9594954794085032,0.14587353374046966,0.9732116156882005,0.8271277934859225,0.15126821177083322,0.792,0.7779999999999999,PROCAR,nurion
POSCAR_Cr2S2_1_z950,329,18,ok,4,0.9285942257508948,0.18602703627004752,0.9518490007579422,0.7999295362136948,0.1461551660377121,0.826,0.7999999999999999,PROCAR,nurion
POSCAR_Cr2S2_1_z975,329,18,ok,4,0.9291882069599591,0.16425949140461313,0.954557148065261,0.8097834198599162,0.1261403346142518,0.8270000000000001,0.803,PROCAR,nurion
POSCAR_Cr2S2_2,95,18,ok,4,0.9919217670094371,0.08097359947068784,0.994676790697686,0.5131867599417783,0.04756357563395672,0.839,0.845,ToBeDelete_PROCAR,nurion
POSCAR_Cr2S2_2_st025,95,18,ok,4,0.9908145048240237,0.09056643302254691,0.9938004678719119,0.5161038994603141,0.05316427840911345,0.8210000000000001,0.827,ToBeDelete_PROCAR,nurion
POSCAR_Cr2S2_2_st050,95,18,ok,4,0.9920096433945923,0.11245647102013022,0.9935306214455993,0.5387240784436027,0.06645971083947305,0.802,0.8020000000000002,ToBeDelete_PROCAR,nurion
POSCAR_Cr2S2_2_st950,321,18,ok,4,0.9955548638102188,0.40462132039760673,0.9705737584548786,0.3718966424230254,0.07906799563037371,0.8640000000000001,0.8700000000000001,PROCAR,nurion
POSCAR_Cr2S2_2_st975,321,18,ok,4,0.9973531056740951,0.38784968777120593,0.9751046638593689,0.39626651243385014,0.07458793552282053,0.8470000000000001,0.856,PROCAR,nurion
POSCAR_Cr2S2_2_z025,95,18,ok,4,0.9925219212945862,0.081123537080393,0.9948026676497186,0.5107967177297503,0.048234889150547286,0.8380000000000001,0.8379999999999999,PROCAR,nurion
POSCAR_Cr2S2_2_z050,95,18,ok,4,0.9926739935966115,0.08556515289231807,0.9947289732806833,0.5082230572916641,0.05229834183854554,0.8360000000000001,0.8319999999999999,PROCAR,nurion
POSCAR_Cr2S2_2_z950,321,18,ok,4,0.9926021819936953,0.3797129637888748,0.9797670898183691,0.42755255071414083,0.08339476113142755,0.84,0.837,PROCAR,nurion
POSCAR_Cr2S2_2_z975,344,18,ok,4,0.9888510034765763,0.30338887595315245,0.9889910341310417,0.512194283833465,0.07637534214238778,0.8340000000000001,0.826,PROCAR,nurion
POSCAR_Cr2S2_3,82,18,ok,4,0.9999368037097799,0.21327609379171084,0.9953331721719123,0.9998118797590838,0.25844855839434877,0.75,0.7490000000000001,PROCAR,nurion
POSCAR_Cr2S2_3_st025,82,18,ok,4,0.9999388373314056,0.24524052885310646,0.997709227924802,0.9998972538540541,0.29420425506200953,0.731,0.7300000000000001,PROCAR,nurion
POSCAR_Cr2S2_3_st050,82,18,ok,4,0.9999254493446585,0.30145509105161483,0.9993461412823353,0.9999287089122754,0.3535620649445685,0.709,0.7070000000000001,PROCAR,nurion
POSCAR_Cr2S2_3_st950,5,18,ok,4,0.9999438643072324,0.19419503874292054,0.999789173543901,0.9997194789274213,0.2131904826732348,0.795,0.7929999999999999,PROCAR,nurion
POSCAR_Cr2S2_3_st975,5,18,ok,4,0.9999495377878728,0.19925033137900364,0.9999478310002533,0.9998027704126425,0.21951547384437312,0.7869999999999999,0.7859999999999999,ToBeDelete_PROCAR,nurion
POSCAR_Cr2S2_3_x025,82,18,ok,4,0.9999308692382666,0.22871319445929708,0.9971408715265992,0.9998276487286156,0.2724621965950445,0.7420000000000001,0.7400000000000001,PROCAR,nurion
POSCAR_Cr2S2_3_x050,82,18,ok,4,0.9999399590318214,0.25201441933489743,0.9985739180995462,0.9999028053705464,0.2962476464170539,0.7300000000000001,0.7300000000000001,PROCAR,nurion
POSCAR_Cr2S2_3_x950,82,18,ok,4,0.9998797943794362,0.18421315003064512,0.9909913439384141,0.9996726091204604,0.23406326877025022,0.7680000000000001,0.766,PROCAR,nurion
POSCAR_Cr2S2_3_x975,82,18,ok,4,0.9999316687320289,0.19964463829211562,0.9934417432842685,0.9997872275377206,0.24866978086896346,0.7570000000000001,0.758,PROCAR,nurion
POSCAR_Cr2S2_3_y025,82,18,ok,4,0.9999246181435817,0.2308339786419436,0.9990745200953322,0.9998573115919122,0.2695305924897989,0.7400000000000001,0.7410000000000001,PROCAR,nurion
POSCAR_Cr2S2_3_y050,82,18,ok,4,0.9999136292927313,0.24814512804697006,0.9997142752843073,0.9998788988491265,0.28002473678746465,0.7300000000000001,0.7330000000000001,PROCAR,nurion
POSCAR_Cr2S2_3_y950,5,18,ok,4,0.9999445676394494,0.18203362071129953,0.9995890309251422,0.9998426914686087,0.20740641076215266,0.785,0.787,PROCAR,nurion
POSCAR_Cr2S2_3_y975,82,18,ok,4,0.9999214813949879,0.19122590056365152,0.9886303475780877,0.9997156378480823,0.2441712378835056,0.762,0.7590000000000001,PROCAR,nurion
POSCAR_Cr2S2_3_z025,82,18,ok,4,0.9999183424066747,0.1977888662346787,0.9899261507958025,0.9998056437160493,0.25466334831355764,0.752,0.752,PROCAR,nurion
POSCAR_Cr2S2_3_z050,82,18,ok,4,0.9999078283139523,0.18695908182469648,0.9794622839009817,0.9996902769903302,0.2529674316258207,0.753,0.7520000000000001,PROCAR,nurion
POSCAR_Cr2S2_3_z950,17,18,ok,4,0.9999863577619932,0.28149000105960315,0.9954690925945292,0.9998752761077657,0.32733089965938245,0.774,0.774,PROCAR,nurion
POSCAR_Cr2S2_3_z975,5,18,ok,4,0.9999389154350833,0.22195994753224046,0.9990121341948897,0.9998379910710526,0.24121316764662545,0.7710000000000001,0.7719999999999999,PROCAR,nurion
POSCAR_Cr2S2_5,127,18,ok,4,0.9973731122994051,0.3738148035449803,0.9820410483133843,0.4164721628219502,0.1539391664340003,0.8360000000000002,0.8200000000000001,ToBeDelete_PROCAR,nurion
POSCAR_Cr2S2_5_st025,315,18,ok,4,0.9956142100018035,0.08911214773104027,0.9965992468870403,0.5508468394596142,0.055813248163864716,0.8220000000000001,0.8150000000000001,ToBeDelete_PROCAR,nurion
POSCAR_Cr2S2_5_st050,315,18,ok,4,0.9968163287967435,0.11002415052356014,0.9969006694685149,0.5299601143143801,0.07397132827785428,0.801,0.7850000000000001,ToBeDelete_PROCAR,nurion
POSCAR_Cr2S2_5_st950,127,18,ok,4,0.9932681994981718,0.3880337633298866,0.9745784108506483,0.4678476502640176,0.1674809857397223,0.869,0.861,PROCAR,nurion
POSCAR_Cr2S2_5_st975,127,18,ok,4,0.9957420885257241,0.374630175052995,0.978844917833671,0.43883191857713416,0.15775496759610563,0.8520000000000001,0.8440000000000001,PROCAR,nurion
POSCAR_Cr2S2_5_z025,315,18,ok,4,0.9970295655216365,0.07835675724235516,0.9974301077930179,0.5523622053493796,0.04461013537975317,0.8350000000000001,0.8330000000000001,PROCAR,nurion
POSCAR_Cr2Sb2_1,156,17,ok,4,0.6570546576865891,0.3555013570468692,0.6553593557893804,0.23029930953908442,0.1547320961907429,0.77,0.532,PROCAR,nurion
POSCAR_Cr2Sb2_1_st025,156,17,ok,4,0.5921935608065805,0.30688334682605595,0.5932311213682493,0.21491294452436605,0.13408905692541143,0.767,0.5,PROCAR,nurion
POSCAR_Cr2Sb2_1_st050,156,17,ok,4,0.5373908150069603,0.26981846319532987,0.5427863753513021,0.2042484033654369,0.12241970486900973,0.759,0.47200000000000003,ToBeDelete_PROCAR,nurion
POSCAR_Cr2Sb2_1_st950,160,17,ok,4,0.9642927665673982,0.9452027876522098,0.8904852962899316,0.22832844413541661,0.2306707276222771,0.607,0.5870000000000001,ToBeDelete_PROCAR,nurion
POSCAR_Cr2Sb2_1_st975,160,17,ok,4,0.987314012669387,0.9669201776760163,0.878550941038883,0.1871169442984085,0.1943420004230067,0.568,0.546,PROCAR,nurion
POSCAR_Cr2Sb2_1_x050,183,17,ok,4,0.6836136257427599,0.3126695147474566,0.710538463155147,0.42448853081900534,0.2063964071878513,0.481,0.7410000000000001,PROCAR,nurion
POSCAR_Cr2Sb2_1_y050,160,17,ok,4,0.6874068899500423,0.31436794758231434,0.7149633773761032,0.47948219330417907,0.21779249024613193,0.483,0.7419999999999999,PROCAR,nurion
POSCAR_Cr2Sb2_1_z025,156,17,ok,4,0.6324317143838912,0.3706329569554144,0.6130823904962895,0.22073492199330205,0.15870308685375625,0.762,0.519,PROCAR,nurion
POSCAR_Cr2Sb2_1_z050,190,16,ok,4,0.5468166243027048,0.3195633409616018,0.5137768084486886,0.1822968087091301,0.09540496507381702,0.51,0.775,PROCAR,nurion
POSCAR_Cr2Sb2_1_z950,226,17,ok,4,0.7329164850171093,0.32137152619725223,0.798748873687273,0.4271331107935653,0.20876894061087406,0.544,0.758,ToBeDelete_PROCAR,nurion
POSCAR_Cr2Sb2_1_z975,156,17,ok,4,0.6712933209332272,0.3307160983383532,0.6935957108603087,0.24375274968588403,0.14461399258141164,0.784,0.545,PROCAR,nurion
POSCAR_Cr2Sb2_2,142,19,ok,4,0.9999888912069346,0.3584798602368182,0.9999844684238955,0.9999528058043344,0.3058376585968576,0.668,0.6670000000000001,PROCAR,nurion
POSCAR_Cr2Sb2_2_st950,331,19,ok,4,0.9999389308594308,0.643671555921956,0.9999541257333268,0.9997727151773819,0.4375253459183147,0.6920000000000001,0.686,PROCAR,nurion
POSCAR_Cr2Sb2_2_st975,331,19,ok,4,0.9999982498060176,0.5833136859346773,0.9999902918540687,0.9999935157671506,0.4596413051038323,0.66,0.661,PROCAR,nurion
POSCAR_Cr2Sb2_2_x025,78,18,ok,4,0.9999851457336743,0.2967350636057555,0.9999895561750883,0.9999837000876476,0.30173994098648,0.687,0.6880000000000001,PROCAR,nurion
POSCAR_Cr2Sb2_2_x050,260,17,ok,4,0.9999935998934251,0.23724634947783912,0.9999819405430705,0.9998870003295033,0.25799714877377716,0.665,0.67,PROCAR,nurion
POSCAR_Cr2Sb2_2_x950,78,18,ok,4,0.9999963038179328,0.3456159243457683,0.9999947459683552,0.9999953971704972,0.34840863016225326,0.7120000000000001,0.7120000000000001,PROCAR,nurion
POSCAR_Cr2Sb2_2_x975,142,19,ok,4,0.9999930761207874,0.37031725847587355,0.9999924110603386,0.9999783705212796,0.30536726808478026,0.6730000000000002,0.6740000000000002,PROCAR,nurion
POSCAR_Cr2Sb2_2_y025,142,19,ok,4,0.9999981582777442,0.3594415571179167,0.9999909030181696,0.999969383662034,0.2945971839460751,0.6530000000000001,0.6520000000000001,PROCAR,nurion
POSCAR_Cr2Sb2_2_y050,142,19,ok,4,0.9999949903439482,0.3596693104507286,0.9999870854274022,0.9999725231740143,0.2852260481045456,0.6440000000000001,0.6450000000000001,PROCAR,nurion
POSCAR_Cr2Sb2_2_y950,199,19,ok,4,0.9999477784072958,0.6521604752094353,0.9999602776687665,0.9999584337571621,0.5919646913077243,0.5960000000000001,0.5960000000000001,PROCAR,nurion
POSCAR_Cr2Sb2_2_y975,78,18,ok,4,1.0,0.3475723967261128,1.0000000000000002,0.9999969641443072,0.35944571107053136,0.692,0.6920000000000001,PROCAR,nurion
POSCAR_Cr2Sb2_2_z025,199,19,ok,4,0.9999997436066197,0.5748570745003396,0.999990350162445,0.9999786051760301,0.49742703374164404,0.5800000000000001,0.5780000000000001,PROCAR,nurion
POSCAR_Cr2Sb2_2_z050,78,18,ok,4,0.9999996850779775,0.3689718018630496,0.9999947517494819,0.9999911964210559,0.3864018414001197,0.671,0.672,PROCAR,nurion
POSCAR_Cr2Sb2_2_z950,331,18,ok,4,0.9999995869943844,0.5216020457539798,0.9999931793403438,0.9999901764094538,0.5628264470100114,0.633,0.631,PROCAR,nurion
POSCAR_Cr2Sb2_2_z975,331,19,ok,4,0.9997153167854115,0.5017984680727411,0.9997792079601074,0.9981209697691183,0.3167899610567431,0.655,0.644,PROCAR,nurion
POSCAR_Cr2Sb3_3,188,19,ok,5,0.9237284112318279,0.5370811835262066,0.7221715381697803,0.4862802144513391,0.21281112668525606,0.482,0.554,PROCAR,nurion
POSCAR_Cr2Sb3_3_st025,188,19,ok,5,0.947907553813397,0.5234617628969767,0.748338371059098,0.49600844349358153,0.21483853719829504,0.4690000000000001,0.531,ToBeDelete_PROCAR,nurion
POSCAR_Cr2Sb3_3_st050,196,19,ok,5,0.9986231865578611,0.7688230855923673,0.9777877808172729,0.9861571491415463,0.8400274353707146,0.525,0.4930000000000001,PROCAR,nurion
POSCAR_Cr2Sb3_3_st950,188,19,ok,5,0.7548656159772794,0.39491904699851577,0.6036643859187533,0.7138715418330944,0.25869133691074486,0.529,0.699,PROCAR,nurion
POSCAR_Cr2Sb3_3_st975,188,19,ok,5,0.7296133909099024,0.35021424528220074,0.6029282975825656,0.6939456371163901,0.23901800245738672,0.499,0.684,ToBeDelete_PROCAR,nurion
POSCAR_Cr2Sb3_3_x975,188,19,ok,5,0.9081868911789273,0.5066953377619072,0.7759303406845633,0.7221656962026726,0.3270555828375308,0.5020000000000001,0.6050000000000001,PROCAR,nurion
POSCAR_Cr2Sb3_3_z025,188,19,ok,5,0.9539864094530981,0.5895104915058874,0.7901829352342712,0.4943127966030551,0.26295315571323774,0.48200000000000004,0.5429999999999999,PROCAR,nurion
POSCAR_Cr2Sb3_3_z975,188,19,ok,5,0.751630317343413,0.3290171172460182,0.6244674854888727,0.7414713180585715,0.2401774034411547,0.49200000000000005,0.657,PROCAR,nurion
POSCAR_Cr2Sb4_1,170,19,ok,6,0.9971340687829867,0.26992678707322004,0.9810985137778458,0.7829067131918294,0.2691540953779603,0.607,0.5640000000000001,ToBeDelete_PROCAR,nurion
POSCAR_Cr2Sb4_1_st025,226,21,ok,6,0.9998238072839456,0.8453707719803427,0.968229372250831,0.6655635075115404,0.4787134245802382,0.48400000000000004,0.499,PROCAR,nurion
POSCAR_Cr2Sb4_1_st050,226,21,ok,6,0.9999094112992375,0.7812723277412472,0.9723843007108894,0.8361747459696406,0.6113801008067976,0.47300000000000003,0.4810000000000001,ToBeDelete_PROCAR,nurion
POSCAR_Cr2Sb4_1_st950,226,21,ok,6,0.9865669862235633,0.9827206744998305,0.9824409892684958,0.3914149491155343,0.3156137490669467,0.5660000000000001,0.555,PROCAR,nurion
POSCAR_Cr2Sb4_1_st975,226,21,ok,6,0.9965353769200967,0.9744250956865917,0.9860397720730356,0.39206949393906365,0.3052967184132758,0.526,0.539,ToBeDelete_PROCAR,nurion
POSCAR_Cr2Sb4_1_x025,170,19,ok,6,0.845122771124172,0.09628980786034663,0.897519757215215,0.5191263159559687,0.030565824715907554,0.768,0.5650000000000002,PROCAR,nurion
POSCAR_Cr2Sb4_1_x050,170,19,ok,6,0.8085865598084119,0.07566931117078464,0.8901117547051168,0.5344331326850342,0.012779959362966126,0.796,0.5599999999999999,PROCAR,nurion
POSCAR_Cr2Sb4_1_x950,175,19,ok,6,0.9464909999369898,0.11080716596426245,0.9744913636199884,0.29625546995279634,0.0898618424587089,0.6680000000000001,0.5740000000000001,PROCAR,nurion
POSCAR_Cr2Sb4_1_x975,226,21,ok,6,0.9862964360621296,0.7878882080887548,0.8209762466272534,0.9782609918431555,0.5090156284722086,0.51,0.5319999999999999,PROCAR,nurion
POSCAR_Cr2Sb4_1_y025,226,21,ok,6,0.9987121320878644,0.8583274187712966,0.9093365290036466,0.8183316046927495,0.48959636673591567,0.496,0.512,PROCAR,nurion
POSCAR_Cr2Sb4_1_y050,226,21,ok,6,0.9899087119217074,0.7004327941449098,0.7450211831356011,0.9238251193887571,0.37356846521339293,0.498,0.495,PROCAR,nurion
POSCAR_Cr2Sb4_1_y950,227,20,ok,6,0.9524738233730407,0.7947800110976042,0.7741888245476025,0.7736646112276626,0.5557997934742439,0.536,0.5850000000000001,PROCAR,nurion
POSCAR_Cr2Sb4_1_y975,170,19,ok,6,0.9986483586039396,0.25637032453485314,0.975101803723848,0.7555294590120901,0.24433960549330672,0.603,0.5710000000000001,PROCAR,nurion
POSCAR_Cr2Sb4_1_z025,170,19,ok,6,0.9372661706125043,0.14903228702139243,0.9385577147854961,0.5940133454843044,0.10923511242794431,0.686,0.56,PROCAR,nurion
POSCAR_Cr2Sb4_1_z050,170,19,ok,6,0.9287633161507444,0.12583477828858147,0.9368541741650488,0.5366017668128291,0.08560630568015569,0.6950000000000001,0.556,PROCAR,nurion
POSCAR_Cr2Sb4_1_z950,65,23,ok,6,0.9938449878431378,0.6101110955195495,0.9779567457635545,0.8640569428682063,0.2685343190381913,0.587,0.5910000000000001,PROCAR,nurion
POSCAR_Cr2Sb4_1_z975,226,21,ok,6,0.9571502717093975,0.8914743664729029,0.9130305875198251,0.1703118034135303,0.15260071734446756,0.5090000000000001,0.4990000000000001,PROCAR,nurion
POSCAR_Cr2Sb6_1,9,26,ok,8,0.9952053138214311,0.9140647736086661,0.8891285201013107,0.9085322470053915,0.7320685091584997,0.455,0.4770000000000001,PROCAR,nurion
POSCAR_Cr2Sb6_1_st050,23,26,ok,8,0.9350863430572208,0.7512502864643438,0.4312861569552081,0.27737406764435957,0.189198582952036,0.4690000000000001,0.5489999999999999,PROCAR,nurion
POSCAR_Cr2Sb6_1_st950,9,26,ok,8,0.9941718143817503,0.9472206161185913,0.8126445332076244,0.8206460116063992,0.6302751060570765,0.49900000000000005,0.531,PROCAR,nurion
POSCAR_Cr2Sb6_1_z025,9,26,ok,8,0.9953950487637631,0.9210119978077175,0.9037418806453068,0.913983956364137,0.7414658675200181,0.454,0.4650000000000001,PROCAR,nurion
POSCAR_Cr2Sb8_1,110,32,ok,10,0.9999234344344128,0.6219497552665327,0.7128912870871413,0.9999628685686164,0.48704782533591734,0.4760000000000001,0.4740000000000001,ToBeDelete_PROCAR,nurion
POSCAR_Cr2Sb8_1_st025,110,32,ok,10,0.9999928458859778,0.6075081373041304,0.690090588362103,0.9999496518599698,0.5159500630240781,0.4560000000000001,0.46000000000000013,ToBeDelete_PROCAR,nurion
POSCAR_Cr2Sb8_1_st950,110,32,ok,10,0.9999881377580743,0.6955924622194466,0.8588344631910969,0.9998374044173408,0.4041231690542732,0.534,0.535,PROCAR,nurion
POSCAR_Cr2Sb8_1_st975,110,32,ok,10,0.999988404924482,0.6611874372053651,0.7751909602887336,0.9999059151584537,0.453713859516326,0.5049999999999999,0.503,ToBeDelete_PROCAR,nurion
POSCAR_Cr2Sb8_1_x025,110,32,ok,10,0.9999505298042365,0.6192020974819609,0.7144019737819389,0.9999679605531796,0.4788572239827625,0.4680000000000001,0.4640000000000001,PROCAR,nurion
POSCAR_Cr2Sb8_1_x050,110,32,ok,10,0.9999973303789383,0.5989082250836071,0.6994807203243967,0.9999754904800785,0.4828345837048783,0.4600000000000001,0.45500000000000007,PROCAR,nurion
POSCAR_Cr2Sb8_1_x950,1,26,ok,10,0.9999989461071077,0.5395805989887299,0.5890953956128303,0.9999972189827149,0.47943777825438655,0.43200000000000005,0.42900000000000005,PROCAR,nurion
POSCAR_Cr2Sb8_1_x975,110,32,ok,10,0.9999470845252197,0.6349979863364347,0.7185640973858092,0.9998919695820849,0.5062810997607355,0.49200000000000005,0.4850000000000001,PROCAR,nurion
POSCAR_Cr2Sb8_1_y025,1,26,ok,10,0.9999934976093765,0.5042914084956773,0.5628979619478706,0.999974821645775,0.44689655761575087,0.4100000000000001,0.4080000000000001,PROCAR,nurion
POSCAR_Cr2Sb8_1_y050,1,26,ok,10,0.9999974067013512,0.5095767433877038,0.5688125871138007,0.9999516013386719,0.4406646506489906,0.41400000000000015,0.41200000000000003,PROCAR,nurion
POSCAR_Cr2Sb8_1_y950,110,32,ok,10,0.9999716339733399,0.6646690821746692,0.6781426199033737,0.9999792318180463,0.42414480274803507,0.485,0.48200000000000004,PROCAR,nurion
POSCAR_Cr2Sb8_1_y975,110,32,ok,10,0.99999883536543,0.662187727906944,0.6993264181020199,0.9999711044616588,0.46084508582171063,0.481,0.4830000000000001,PROCAR,nurion
POSCAR_Cr2Sb8_1_z025,110,32,ok,10,0.9999939476489023,0.6224609453916427,0.6489093847709319,0.9999866516334379,0.49928837157679473,0.46699999999999997,0.4670000000000001,PROCAR,nurion
POSCAR_Cr2Sb8_1_z050,110,32,ok,10,0.9999973015186879,0.5894162018859507,0.5944785767700133,0.9999951515508144,0.4935489247227471,0.46399999999999997,0.4610000000000001,PROCAR,nurion
POSCAR_Cr2Sb8_1_z950,42,27,ok,10,1.0000000000000002,0.5874809536185558,0.809308341902452,0.9998778572300749,0.45138272701075116,0.47600000000000003,0.47600000000000003,PROCAR,nurion
POSCAR_Cr2Sb8_1_z975,1,26,ok,10,0.9999911425046385,0.528443265819567,0.6139909602862252,0.9999327012491358,0.4387210286525015,0.4190000000000001,0.4150000000000001,PROCAR,nurion
POSCAR_Cr2Se2_1,297,18,ok,4,0.9991852752882632,0.5390627114476465,0.9969802407451798,0.2707534453616344,0.12889428318332316,0.7190000000000001,0.735,ToBeDelete_PROCAR,nurion
POSCAR_Cr2Se2_1_st025,297,18,ok,4,0.9997630100513086,0.6208366871291444,0.9939156149630097,0.3059185362518652,0.18166006824006142,0.6880000000000002,0.7150000000000001,PROCAR,nurion
POSCAR_Cr2Se2_1_st050,98,16,ok,4,0.7028661827416698,0.1814861881855145,0.7510103923178689,0.35783855375853,0.0805486146919166,0.806,0.6520000000000001,ToBeDelete_PROCAR,nurion
POSCAR_Cr2Se2_1_st950,208,18,ok,4,0.9836945676289532,0.3068284915766198,0.9838564539990012,0.36927123022081737,0.1574970768012287,0.812,0.817,PROCAR,nurion
POSCAR_Cr2Se2_1_st975,297,18,ok,4,0.996955593191476,0.4804187455317833,0.9969461461971599,0.2544816724714544,0.09776571887014934,0.75,0.7589999999999999,PROCAR,nurion
POSCAR_Cr2Se2_1_z025,297,18,ok,4,0.9980598522737828,0.5805073998134047,0.9963481650931546,0.2855244479152187,0.15800185177005563,0.7100000000000001,0.726,PROCAR,nurion
POSCAR_Cr2Se2_1_z050,297,18,ok,4,0.9934284942322289,0.6174484166611928,0.9906641085579392,0.5243893470395627,0.3960314811522798,0.6970000000000001,0.712,PROCAR,nurion
POSCAR_Cr2Se2_1_z950,200,18,ok,4,0.9687659542462047,0.32906695426516736,0.9771755597336946,0.26275585572824056,0.04717058758556183,0.788,0.7739999999999999,PROCAR,nurion
POSCAR_Cr2Se2_1_z975,200,18,ok,4,0.9840553950812594,0.343846015922076,0.9858144938164408,0.2678381993495885,0.04931844601457855,0.776,0.774,PROCAR,nurion
POSCAR_Cr2Se2_2,376,18,ok,4,0.9990447887998098,0.5404891301598463,0.9945355221936221,0.5916533180369691,0.35553231112290834,0.7350000000000001,0.7190000000000001,PROCAR,nurion
POSCAR_Cr2Se2_2_st025,376,18,ok,4,0.999911260319469,0.6227858612647776,0.9927109345221012,0.6865808753894536,0.46541784128340785,0.7110000000000001,0.687,PROCAR,nurion
POSCAR_Cr2Se2_2_st050,144,16,ok,4,0.7041126768488265,0.1812095516463368,0.7558580573252573,0.25263230457204805,0.08148527390998733,0.656,0.802,PROCAR,nurion
POSCAR_Cr2Se2_2_st950,174,18,ok,4,0.9968199618133142,0.29958304578122,0.9919320510755286,0.6460774046030358,0.1827573734833239,0.8140000000000001,0.796,PROCAR,nurion
POSCAR_Cr2Se2_2_st975,376,18,ok,4,0.9962718536654667,0.4772440302801835,0.9938439783552551,0.5113586899675003,0.2774322696840833,0.7560000000000001,0.7450000000000001,ToBeDelete_PROCAR,nurion
POSCAR_Cr2Se2_2_z025,376,18,ok,4,0.9974884850904085,0.5732481152062525,0.9901534743964836,0.6369952923001381,0.40374567009536017,0.7210000000000001,0.7090000000000001,PROCAR,nurion
POSCAR_Cr2Se2_2_z050,376,18,ok,4,0.9937875349819912,0.5977229552699134,0.9571811646722245,0.8013842816328001,0.5500861850243011,0.7090000000000002,0.6940000000000001,PROCAR,nurion
POSCAR_Cr2Se2_2_z950,174,18,ok,4,0.9749268894523161,0.3375109235999339,0.9806750628911269,0.614513077991095,0.21470701129726638,0.775,0.785,PROCAR,nurion
POSCAR_Cr2Se2_2_z975,174,18,ok,4,0.9877001524991602,0.35072961964316607,0.9876848149155398,0.6196172533541139,0.22243655911499277,0.773,0.7740000000000001,PROCAR,nurion
POSCAR_Cr2Se4_1,176,24,ok,6,0.9820064394086602,0.09778231361959033,0.9565933755897772,0.9260468922815517,0.03321290280303276,0.7579999999999999,0.7630000000000001,ToBeDelete_PROCAR,nurion
POSCAR_Cr2Se4_1_st025,176,24,ok,6,0.9802365738874146,0.08078962398496332,0.9420631841812412,0.9254664857508104,0.027042049473103964,0.7450000000000001,0.751,PROCAR,nurion
POSCAR_Cr2Se4_1_x050,176,24,ok,6,0.9758016643633683,0.08412558938021575,0.922084710098065,0.9399837734640274,0.027688786030627608,0.7549999999999999,0.765,PROCAR,nurion
POSCAR_Cr2Se4_1_x975,176,24,ok,6,0.9846303789964206,0.1045754392786528,0.9713389621661056,0.9100924060108644,0.03563837267738379,0.7589999999999999,0.7580000000000001,PROCAR,nurion
POSCAR_Cr2Se4_1_y025,176,24,ok,6,0.9829251475308375,0.09336230610665046,0.9550774881551589,0.9274629681660685,0.030735419928242986,0.75,0.7569999999999999,PROCAR,nurion
POSCAR_Cr2Se4_1_y050,176,24,ok,6,0.9841442563610294,0.08686375725010663,0.9532563589272407,0.9275668021341373,0.029324539973670384,0.746,0.7490000000000001,PROCAR,nurion
POSCAR_Cr2Se4_1_z975,131,24,ok,6,0.9962246864606779,0.17815543632398775,0.9649567434785894,0.9894669025666657,0.031050444672119034,0.774,0.7210000000000001,PROCAR,nurion
POSCAR_Cr2Si4_1,188,20,ok,6,0.9999722748209213,0.8325212116960198,0.9999495593419525,0.9999576925815046,0.4543055162201175,0.464,0.4630000000000001,PROCAR,nurion
POSCAR_Cr2Si4_1_st950,237,20,ok,6,0.9999975276272803,0.2728251206140552,0.9999794277385241,0.9999662554955125,0.22016072285389426,0.535,0.536,ToBeDelete_PROCAR,nurion
POSCAR_Cr2Si4_1_st975,148,20,ok,6,0.9999841270191338,0.6334773253432316,0.9999042074787201,0.9999762740807573,0.44843224218500555,0.4660000000000001,0.4680000000000001,PROCAR,nurion
POSCAR_Cr2Si4_1_x025,188,20,ok,6,0.9999820806948664,0.9490328587142848,0.997610866727781,0.9999427096595351,0.5865118995755195,0.47700000000000004,0.47400000000000003,PROCAR,nurion
POSCAR_Cr2Si4_1_x050,147,20,ok,6,0.9999735455069895,0.8875153179040932,0.9362653679509609,0.9999573919116064,0.5910328827281741,0.4850000000000001,0.4860000000000001,PROCAR,nurion
POSCAR_Cr2Si4_1_x950,148,20,ok,6,0.9999906347511681,0.8191379502515473,0.9903761693230116,0.9998778043157925,0.4678661682766944,0.4690000000000001,0.473,PROCAR,nurion
POSCAR_Cr2Si4_1_x975,148,20,ok,6,0.999993710896473,0.7610388421925083,0.9967193063294161,0.9999827014603423,0.5000426323297222,0.4640000000000001,0.462,PROCAR,nurion
POSCAR_Cr2Si4_1_y025,148,20,ok,6,0.999981687284408,0.9432573862022287,0.9970227140328122,0.9999608928663845,0.6512258840417289,0.4710000000000001,0.4740000000000001,PROCAR,nurion
POSCAR_Cr2Si4_1_y050,179,20,ok,6,0.9999033994176014,0.8938583701300613,0.9361147942802522,0.9998992350071229,0.5259188381624713,0.49000000000000005,0.49000000000000005,PROCAR,nurion
POSCAR_Cr2Si4_1_y950,188,20,ok,6,0.9999582219565899,0.8155207056381619,0.9906233918095273,0.9998765524796938,0.4085897788838091,0.46900000000000003,0.47000000000000003,PROCAR,nurion
POSCAR_Cr2Si4_1_y975,188,20,ok,6,0.9999831433768213,0.7671703605777699,0.9966393799887714,0.9999563975925365,0.4205842555978021,0.463,0.461,PROCAR,nurion
POSCAR_Cr2Si4_1_z025,148,20,ok,6,0.9999888747440797,0.9259149380149446,0.9988366154644497,0.9999117883753005,0.6227172902566144,0.4620000000000001,0.468,PROCAR,nurion
POSCAR_Cr2Si4_1_z050,268,20,ok,6,0.9999980305074375,0.8694771060394602,0.9259961493467435,0.9999728918360148,0.5734386103041682,0.49000000000000005,0.48700000000000004,PROCAR,nurion
POSCAR_Cr2Si4_1_z950,179,20,ok,6,0.9999367751789154,0.6515319151868769,0.9529430143327515,0.9999285185498902,0.2747318154272366,0.504,0.503,PROCAR,nurion
POSCAR_Cr2Si4_1_z975,148,20,ok,6,0.9999951244876669,0.8124501621378954,0.9995310834681695,0.999948381185492,0.5186745858400238,0.463,0.46499999999999997,PROCAR,nurion
POSCAR_Cr2Sn2_2,223,25,ok,4,0.7116804046694059,0.2437201153755885,0.7943260861083093,0.5047031823293051,0.18732630239095605,0.775,0.575,PROCAR,nurion
POSCAR_Cr2Sn2_2_st025,223,25,ok,4,0.7324235088370926,0.19259471637242107,0.8236902395313447,0.5669996103419048,0.1618372345050427,0.7709999999999999,0.558,PROCAR,nurion
POSCAR_Cr2Sn2_2_st050,223,25,ok,4,0.7594431129016544,0.15261173048064774,0.8568074816262727,0.63604223646449,0.1351610576815915,0.7690000000000001,0.55,ToBeDelete_PROCAR,nurion
POSCAR_Cr2Sn2_2_st950,223,25,ok,4,0.71269231199614,0.4003835307900691,0.755780063467011,0.4242013711130144,0.24783229601487883,0.784,0.618,ToBeDelete_PROCAR,nurion
POSCAR_Cr2Sn2_2_st975,223,25,ok,4,0.7145813096565736,0.3115940680987149,0.7762319366066532,0.46188969115443584,0.21790925879077114,0.777,0.595,PROCAR,nurion
POSCAR_Cr2Sn2_2_x025,223,25,ok,4,0.6837574714856127,0.23926420136231433,0.7601856019959914,0.5322881019907701,0.18786481183694964,0.7710000000000001,0.565,PROCAR,nurion
POSCAR_Cr2Sn2_2_x050,223,25,ok,4,0.6153099689880657,0.25506823175740306,0.6628539596752618,0.44064045229953985,0.1578116975704775,0.763,0.547,PROCAR,nurion
POSCAR_Cr2Sn2_2_x950,93,26,ok,4,0.3760851169757981,0.2610405997889222,0.34622185292410446,0.0002181416781812804,0.00021837873350381308,0.534,0.7760000000000001,PROCAR,nurion
POSCAR_Cr2Sn2_2_x975,156,25,ok,4,0.6657244152319884,0.2930074120871012,0.7244638022700673,0.5003223899284027,0.2411304939182649,0.774,0.5720000000000001,PROCAR,nurion
POSCAR_Cr2Sn2_2_y025,156,25,ok,4,0.6872428509741974,0.2436362689506387,0.7622973134112261,0.5490526978709622,0.21208813562847906,0.7700000000000001,0.562,PROCAR,nurion
POSCAR_Cr2Sn2_2_y050,156,25,ok,4,0.613491778869805,0.2555781956729189,0.6632468805385192,0.5169200246228666,0.1731049748167881,0.766,0.544,PROCAR,nurion
POSCAR_Cr2Sn2_2_y950,57,26,ok,4,0.3743483659381983,0.2606247878122793,0.3458501431557574,0.054098112842900385,0.05325156682656748,0.781,0.533,PROCAR,nurion
POSCAR_Cr2Sn2_2_y975,223,25,ok,4,0.6651111924163569,0.2882896426203503,0.7237169699482292,0.4730619488585812,0.21393961828472552,0.77,0.571,PROCAR,nurion
POSCAR_Cr2Sn2_2_z025,223,25,ok,4,0.704900162562339,0.23451343737998373,0.7888698617040868,0.489112456647855,0.18494415530561334,0.774,0.563,PROCAR,nurion
POSCAR_Cr2Sn2_2_z050,223,25,ok,4,0.7051396103128126,0.22246121946878375,0.7858505805994849,0.4940735125179278,0.17989609635921072,0.77,0.557,PROCAR,nurion
POSCAR_Cr2Sn2_2_z950,223,25,ok,4,0.734734366840468,0.2552013461771319,0.8167321711698833,0.5625272329274169,0.19898448004984126,0.7740000000000001,0.592,PROCAR,nurion
POSCAR_Cr2Te2_1,156,18,ok,4,0.9451844421458366,0.8845935104253078,0.768925668582504,0.21805050639898219,0.22877684795083286,0.676,0.5830000000000001,PROCAR,nurion
POSCAR_Cr2Te2_1_st025,156,18,ok,4,0.9492654574458429,0.8929862188204727,0.798862687584209,0.2168799072187596,0.2247788609875164,0.654,0.559,PROCAR,nurion
POSCAR_Cr2Te2_1_st050,146,18,ok,4,0.9358525887316581,0.5748143440512271,0.8958153029656705,0.5532986577761566,0.250443579287327,0.639,0.65,ToBeDelete_PROCAR,nurion
POSCAR_Cr2Te2_1_st950,156,18,ok,4,0.9132035545709116,0.2849038493911264,0.9207991779136896,0.818735688334399,0.31572881874473513,0.7230000000000001,0.735,PROCAR,nurion
POSCAR_Cr2Te2_1_st975,156,18,ok,4,0.9437272667151481,0.8809161823165202,0.7501583509471234,0.22802431213219904,0.24179267262100343,0.701,0.6120000000000001,ToBeDelete_PROCAR,nurion
POSCAR_Cr2Te2_1_x025,156,18,ok,4,0.9515900760452607,0.8959866674968525,0.7934079854186579,0.24848957420021137,0.25202520249606625,0.669,0.5730000000000001,PROCAR,nurion
POSCAR_Cr2Te2_1_x050,180,18,ok,4,0.9456455688443972,0.8685949501055552,0.8383499518429095,0.9242812024132189,0.8567414659692366,0.5240000000000001,0.6579999999999999,PROCAR,nurion
POSCAR_Cr2Te2_1_x950,156,18,ok,4,0.9258956428911491,0.8561742393539997,0.7201285585658597,0.19632894669948306,0.21686629106041583,0.7040000000000001,0.602,PROCAR,nurion
POSCAR_Cr2Te2_1_x975,156,18,ok,4,0.9344469342048344,0.8680668549835389,0.7420324243201374,0.20418327366003686,0.21933161028979348,0.693,0.5920000000000001,PROCAR,nurion
POSCAR_Cr2Te2_1_y025,156,18,ok,4,0.9532009014211279,0.8972066064450346,0.7960904542008143,0.19705769293644013,0.20944104173468625,0.669,0.5730000000000001,PROCAR,nurion
POSCAR_Cr2Te2_1_y050,180,18,ok,4,0.9473293957075657,0.8688579737722366,0.8408584067329461,0.9250402628011879,0.8780776750095008,0.5269999999999999,0.656,PROCAR,nurion
POSCAR_Cr2Te2_1_y950,156,18,ok,4,0.9258651380222509,0.8570064016761485,0.7189621591995448,0.2789590679733493,0.27239723966816776,0.7,0.603,PROCAR,nurion
POSCAR_Cr2Te2_1_y975,156,18,ok,4,0.9346607868317787,0.8712410523492371,0.7414367840052698,0.24427094019171558,0.24990013457321145,0.6890000000000001,0.5930000000000001,PROCAR,nurion
POSCAR_Cr2Te2_1_z025,147,18,ok,4,0.9996223930821851,0.771045688688183,0.9910740573185434,0.3342072632308922,0.20066856919021603,0.668,0.621,PROCAR,nurion
POSCAR_Cr2Te2_1_z050,146,18,ok,4,0.9415858327420328,0.46362881471166734,0.9189158356467607,0.5686042547523681,0.20220153921982542,0.687,0.6950000000000001,PROCAR,nurion
POSCAR_Cr2Te2_1_z950,180,18,ok,4,0.9849409803181988,0.7977863957317751,0.9515889092661199,0.9898510459052402,0.8611798996908895,0.5820000000000001,0.6829999999999999,PROCAR,nurion
POSCAR_Cr2Te2_1_z975,180,18,ok,4,0.9788224693732164,0.7712633826162533,0.9413641422543052,0.9856635678020161,0.8437740441097187,0.5740000000000002,0.682,PROCAR,nurion
POSCAR_Cr2Te4_1,185,24,ok,6,0.9220564096421302,0.17305481770085301,0.9472477743689638,0.9224139251151152,0.1179065491396799,0.673,0.7190000000000001,PROCAR,nurion
POSCAR_Cr2Te4_1_st025,186,24,ok,6,0.9363700207987811,0.23067984690453627,0.9176197754701211,0.8815284266403931,0.07406326739330087,0.662,0.7000000000000001,PROCAR,nurion
POSCAR_Cr2Te4_1_st050,186,24,ok,6,0.9384906169120375,0.26747176916509174,0.9048735321130549,0.8804569554873974,0.08260005296138617,0.643,0.677,PROCAR,nurion
POSCAR_Cr2Te4_1_st950,185,24,ok,6,0.9079483273900201,0.13367449895408748,0.9527596719920864,0.902656709678987,0.07330291604656812,0.7,0.759,PROCAR,nurion
POSCAR_Cr2Te4_1_st975,185,24,ok,6,0.912166188922101,0.13652633174376658,0.9490695384564113,0.9120844269125066,0.08388824048774193,0.6910000000000001,0.7480000000000001,PROCAR,nurion
POSCAR_Cr2Te4_1_x025,186,24,ok,6,0.934976603995422,0.22026607636822176,0.9269161124611299,0.8759680165033055,0.07905540968072712,0.668,0.7190000000000001,PROCAR,nurion
POSCAR_Cr2Te4_1_x050,186,24,ok,6,0.9326790556568842,0.22093541296013902,0.9245600036842598,0.8737804223506948,0.07862893324914606,0.661,0.712,PROCAR,nurion
POSCAR_Cr2Te4_1_x950,185,24,ok,6,0.9240919448681246,0.15272192627591313,0.9551850665330476,0.9150172839751347,0.10113827012698516,0.68,0.7280000000000001,PROCAR,nurion
POSCAR_Cr2Te4_1_x975,185,24,ok,6,0.9214644085888894,0.16344129927677276,0.9499840650704039,0.9168122557538837,0.10784261038301952,0.677,0.7240000000000001,PROCAR,nurion
POSCAR_Cr2Te4_1_y025,185,24,ok,6,0.9180507727824868,0.1680234499575514,0.9472052723007675,0.9169587256934377,0.1120864987557665,0.67,0.7190000000000001,PROCAR,nurion
POSCAR_Cr2Te4_1_y050,185,24,ok,6,0.9146717134773372,0.1738826437777631,0.9464004738527296,0.9121044038290194,0.11101840056945284,0.667,0.7190000000000001,PROCAR,nurion
POSCAR_Cr2Te4_1_y950,186,24,ok,6,0.9322165014279454,0.21802336955953028,0.9242300582120897,0.8668333306883177,0.060635300700994633,0.672,0.7360000000000001,PROCAR,nurion
POSCAR_Cr2Te4_1_y975,186,24,ok,6,0.9350385819805135,0.21487246676117142,0.9279601609526792,0.8722064221476955,0.06751711531862276,0.674,0.73,PROCAR,nurion
POSCAR_Cr2Te4_1_z025,186,24,ok,6,0.9349096398862926,0.2221184907571198,0.91967870060422,0.8766365585243736,0.0665006682032746,0.673,0.7150000000000001,PROCAR,nurion
POSCAR_Cr2Te4_1_z050,186,24,ok,6,0.9326558974373828,0.2322657919959388,0.9086222002863175,0.8681576423580878,0.06007559968398755,0.663,0.7090000000000001,PROCAR,nurion
POSCAR_Cr2Te4_1_z950,185,24,ok,6,0.9076410675781869,0.12920667575098332,0.953733558728524,0.9085391424015132,0.07794795566887891,0.6960000000000001,0.754,PROCAR,nurion
POSCAR_Cr2Te4_1_z975,185,24,ok,6,0.9099288180364562,0.14509538143922615,0.9480976253248201,0.9104785245875986,0.09065257938451728,0.684,0.738,PROCAR,nurion
POSCAR_Cr2Te8_2,48,30,ok,10,0.9993417239731486,0.783737320964211,0.8476510048019033,0.7637166460762789,0.379915571563622,0.5490000000000002,0.521,PROCAR,nurion
POSCAR_Cr2Te8_2_st975,36,30,ok,10,0.9996435723391635,0.7981249856254689,0.892016532582778,0.8060559705619241,0.4585097782191576,0.5340000000000001,0.5790000000000002,PROCAR,nurion
POSCAR_Cu2F4_1,275,25,ok,6,0.996500000111682,0.790548737741294,0.8130232496306498,0.8054309463886153,0.5283180944409532,0.905,0.912,PROCAR,local_backup
POSCAR_Cu2F4_1_st025,331,21,ok,6,0.9995162503099075,0.6691517714542821,0.6650245614054662,0.786554892736225,0.39805268098667623,0.8360000000000001,0.855,PROCAR,tgm
POSCAR_Cu2F4_1_st050,331,21,ok,6,0.9995958697449163,0.6710886246317808,0.6654697141254372,0.9311625773121328,0.41248908797656236,0.828,0.8310000000000001,PROCAR,tgm
POSCAR_Cu2F4_1_st950,275,25,ok,6,0.9789856031999049,0.7064341941376339,0.762847160065517,0.7517365004330556,0.3882539738538038,0.945,0.94,PROCAR,tgm
POSCAR_Cu2F4_1_st975,275,25,ok,6,0.9863408263370319,0.724236153622191,0.7676483802546437,0.7880351520932327,0.43623470178821255,0.9299999999999999,0.924,PROCAR,tgm
POSCAR_Cu2F4_1_x025,275,25,ok,6,0.9843112512882016,0.9590748246543659,0.9524282181031911,0.8233188987403581,0.7133443513454464,0.8520000000000001,0.9060000000000001,PROCAR,nurion
POSCAR_Cu2F4_1_x050,210,25,ok,6,0.9725380560435287,0.9442381777309884,0.9334109511173789,0.8234366916266993,0.7916375280035901,0.9010000000000001,0.8310000000000001,PROCAR,nurion
POSCAR_Cu2F4_1_x950,24,25,ok,6,0.9996444988102106,0.7708693834089104,0.972441452184928,0.7315046665806946,0.5438464477217235,0.9009999999999999,0.9159999999999999,PROCAR,nurion
POSCAR_Cu2F4_1_x975,275,25,ok,6,0.9915523639690833,0.7415785127575193,0.8138195137422889,0.8076630868794313,0.5017311064013763,0.918,0.9160000000000001,PROCAR,nurion
POSCAR_Cu2F4_1_y025,275,25,ok,6,0.9986825829031145,0.8183631051661152,0.8514629671631324,0.802585056930344,0.5666270989523273,0.897,0.9050000000000001,PROCAR,nurion
POSCAR_Cu2F4_1_y050,331,21,ok,6,0.9955664476998484,0.6216666665322128,0.6228406096205555,0.5936779391285719,0.3092472391863624,0.8340000000000002,0.8570000000000001,PROCAR,nurion
POSCAR_Cu2F4_1_y950,275,25,ok,6,0.9905709663287221,0.7690346729071262,0.7585913900942437,0.803767918836829,0.4624029148143793,0.919,0.9220000000000003,PROCAR,nurion
POSCAR_Cu2F4_1_y975,275,25,ok,6,0.9936900644173007,0.7708086583479344,0.7826804584467074,0.8083271689969639,0.49149558965443996,0.9100000000000001,0.9130000000000003,PROCAR,nurion
POSCAR_Cu2F4_1_z025,275,25,ok,6,0.9972615976311696,0.7933962846951431,0.8272296374443777,0.8124477986476519,0.5545489524836089,0.8980000000000001,0.903,PROCAR,nurion
POSCAR_Cu2F4_1_z050,331,21,ok,6,0.9960708500966178,0.8167267669942186,0.8202188943601829,0.6735872646487663,0.3502043147863661,0.8310000000000002,0.86,PROCAR,nurion
POSCAR_Cu2F4_1_z950,275,25,ok,6,0.9947538542267194,0.781757055619993,0.7764239945990147,0.7932870647069037,0.4825817252043503,0.9160000000000001,0.9230000000000003,PROCAR,nurion
POSCAR_Cu2F4_1_z975,275,25,ok,6,0.995958036029575,0.7843803622535422,0.7962050999947707,0.7997974263582368,0.5033216133131496,0.909,0.9130000000000003,PROCAR,nurion
POSCAR_Cu2F6_1,237,23,ok,8,0.9859936997707298,0.7910383438909249,0.9245355505849661,0.8654755076254925,0.7553569903918401,0.778,0.844,PROCAR,local_backup
POSCAR_Cu2F6_1_st025,237,23,ok,8,0.9811942698390174,0.7661335450262815,0.910675120042435,0.8175598702645722,0.7102627761265827,0.773,0.838,PROCAR,tgm
POSCAR_Cu2F6_1_st050,237,23,ok,8,0.9792402902948725,0.7500605208437646,0.909352209852766,0.7492220417564737,0.6497886472396819,0.774,0.8350000000000001,PROCAR,tgm
POSCAR_Cu2F6_1_st950,228,23,ok,8,0.9991584353732589,0.8678391300623874,0.9603149399449652,0.9328228173854867,0.690443109287282,0.8300000000000001,0.855,PROCAR,tgm
POSCAR_Cu2F6_1_st975,237,23,ok,8,0.9921054427012141,0.8228970749906317,0.9450160121529209,0.8919124222317883,0.7861810105821649,0.791,0.858,PROCAR,tgm
POSCAR_Cu2F6_1_x025,237,23,ok,8,0.9803396584962715,0.7686902120241065,0.9042540108494906,0.8620336246017198,0.751124707283292,0.7790000000000001,0.8470000000000002,PROCAR,nurion
POSCAR_Cu2F6_1_x050,237,23,ok,8,0.976056086599506,0.7498107977303465,0.8923649113591319,0.8556161501728771,0.7436537097558247,0.7740000000000001,0.8450000000000002,PROCAR,nurion
POSCAR_Cu2F6_1_x950,237,23,ok,8,0.9952018390474158,0.8317744164252484,0.9629510137119838,0.857556459603365,0.7410034322667101,0.7890000000000001,0.8440000000000002,PROCAR,nurion
POSCAR_Cu2F6_1_x975,237,23,ok,8,0.9916134513637972,0.8184137008501583,0.9449971540290777,0.8611101810748839,0.7516652397051103,0.7850000000000001,0.8470000000000001,PROCAR,nurion
POSCAR_Cu2F6_1_y025,237,23,ok,8,0.987511265013883,0.769104697730865,0.9071134444954834,0.8356094964505876,0.706729233034799,0.7790000000000001,0.8410000000000002,PROCAR,nurion
POSCAR_Cu2F6_1_y050,234,23,ok,8,0.9905330404228807,0.7363595420020522,0.8673761750993197,0.7994301783427722,0.6380648460803777,0.8390000000000002,0.7790000000000001,PROCAR,nurion
POSCAR_Cu2F6_1_y950,234,23,ok,8,0.9915895840031185,0.7227193050082471,0.8492388500944291,0.8577170942809444,0.6959583744611036,0.8520000000000002,0.782,PROCAR,nurion
POSCAR_Cu2F6_1_y975,237,23,ok,8,0.9879237552298552,0.7710289247996658,0.9012975445385524,0.8707664457024021,0.7481281888722026,0.7810000000000001,0.8520000000000002,PROCAR,nurion
POSCAR_Cu2F6_1_z025,237,23,ok,8,0.9872889410651342,0.7724165044037986,0.9069283923241789,0.8388469878282627,0.7202327126418245,0.7790000000000001,0.8420000000000002,PROCAR,nurion
POSCAR_Cu2F6_1_z050,234,23,ok,8,0.9899527843730644,0.7331451329389636,0.8655464823951398,0.8042051068707402,0.6618453912719598,0.8410000000000002,0.7780000000000001,PROCAR,nurion
POSCAR_Cu2F6_1_z950,234,23,ok,8,0.9911511416496516,0.7223559850573228,0.8486072476686153,0.839551060026631,0.6808868478298343,0.8530000000000002,0.7830000000000001,PROCAR,nurion
POSCAR_Cu2F6_1_z975,234,23,ok,8,0.98810293198234,0.7743599813421262,0.9024347874165237,0.8664747446454426,0.7437178058962577,0.8520000000000002,0.7830000000000003,PROCAR,nurion
POSCAR_Cu2F6_2,256,24,ok,8,0.9995022233476637,0.804398667787846,0.9061208893040835,0.9725647473736873,0.7522579423885608,0.839,0.8130000000000001,PROCAR,local_backup
POSCAR_Cu2F6_2_st025,19,24,ok,8,0.9938775505609168,0.9486947418251528,0.9298028258175008,0.7112893928413961,0.6317197764777802,0.809,0.8019999999999999,PROCAR,tgm
POSCAR_Cu2F6_2_st050,35,24,ok,8,0.9987918286740686,0.9736027914700671,0.9673585008661044,0.8128476358294626,0.30356177823950437,0.792,0.773,PROCAR,tgm
POSCAR_Cu2F6_2_st950,256,24,ok,8,0.97418851899917,0.8757137339713909,0.8820519869942266,0.8798491541890907,0.7262757919813435,0.8170000000000001,0.844,PROCAR,tgm
POSCAR_Cu2F6_2_st975,256,24,ok,8,0.9975765449228329,0.8077572701033687,0.9202757993772365,0.9839519469175386,0.742989068424831,0.85,0.8240000000000001,PROCAR,tgm
POSCAR_Cu2F6_2_x025,324,24,ok,8,0.9951663165903919,0.7480598126432769,0.8334996851188657,0.8170799190156548,0.5249914167566271,0.81,0.8250000000000003,PROCAR,nurion
POSCAR_Cu2F6_2_x975,272,24,ok,8,0.9980768278861715,0.767619737469651,0.8581619139920075,0.9447231657017621,0.7426712445215395,0.82,0.8360000000000001,PROCAR,nurion
POSCAR_Cu2F6_2_y025,304,24,ok,8,0.9952625026459274,0.7465867145512803,0.8326764615096287,0.9143993775167218,0.5492617150615081,0.8270000000000001,0.809,PROCAR,nurion
POSCAR_Cu2F6_2_y975,256,24,ok,8,0.9979944514770372,0.7685231221444029,0.8597041966451389,0.9845189804027831,0.7387582933471516,0.8340000000000003,0.8150000000000002,PROCAR,nurion
POSCAR_Cu2F6_2_z025,256,24,ok,8,0.9999564151414759,0.7632301609045115,0.8541316350974331,0.9619590092451024,0.6919310135197517,0.8320000000000001,0.8030000000000002,PROCAR,nurion
POSCAR_Cu2F6_2_z050,219,24,ok,8,0.9897860347807829,0.6732792913827969,0.7159183505707677,0.8900435640697977,0.4182964053249937,0.8250000000000001,0.8190000000000001,PROCAR,nurion
POSCAR_Cu2F6_2_z950,256,24,ok,8,0.9979109735206149,0.8994567652451224,0.9891082595762439,0.8759866808535776,0.7300971709611608,0.8410000000000002,0.8240000000000002,PROCAR,nurion
POSCAR_Cu2F6_2_z975,256,24,ok,8,0.998920263321154,0.8459204090684705,0.9524622376243974,0.9798121207492474,0.8110468121487633,0.8430000000000001,0.8200000000000001,PROCAR,nurion
POSCAR_Cu2O2_1,753,17,ok,4,0.955938187805344,0.9339279096390813,0.9394909976810303,0.9543543362189327,0.8965819130359033,0.867,0.8200000000000001,PROCAR,local_backup
POSCAR_Cu2O2_1_st025,767,17,ok,4,0.9808392620475146,0.9714556236188538,0.9647209683376313,0.9315409963589049,0.8806822941594069,0.855,0.8150000000000001,PROCAR,tgm
POSCAR_Cu2O2_1_st05,781,17,ok,4,0.9551657413913085,0.9439236318797488,0.9439236318797488,0.9739275351044206,0.9450757432053996,0.8410000000000001,0.772,PROCAR,tgm
POSCAR_Cu2O2_1_st050,781,17,ok,4,0.9551657413913085,0.9439236318797488,0.9439236318797488,0.9739275351044206,0.9450757432053996,0.8410000000000001,0.772,PROCAR,tgm
POSCAR_Cu2O2_1_st950,739,17,ok,4,0.9420485250929044,0.8771470640286455,0.9261651625109408,0.9419301487014919,0.8281395711242759,0.8939999999999999,0.863,PROCAR,tgm
POSCAR_Cu2O2_1_st975,753,17,ok,4,0.9730935462615192,0.9523627257608516,0.9287849379973772,0.38650839312338087,0.29890522786733853,0.884,0.869,PROCAR,tgm
POSCAR_Cu2O2_1_z025,767,17,ok,4,0.9917273807864233,0.9817905497329575,0.9729665280347702,0.862750466153368,0.7885963521645405,0.863,0.837,PROCAR,nurion
POSCAR_Cu2O2_1_z050,781,17,ok,4,0.9485359069634246,0.93624285035202,0.93624285035202,0.9697266686647782,0.9374401000184288,0.8590000000000001,0.7929999999999999,PROCAR,nurion
POSCAR_Cu2O2_1_z950,739,17,ok,4,0.9532636131215271,0.9055383837974142,0.9313095587426773,0.938918542705463,0.8392513210075547,0.874,0.8390000000000002,PROCAR,nurion
POSCAR_Cu2O2_1_z975,753,17,ok,4,0.9725772895088247,0.9565202219033607,0.9228848798895808,0.3431571370185615,0.26867970805691005,0.8759999999999999,0.857,PROCAR,nurion
POSCAR_Cu2O2_4,37,15,ok,4,0.9876794316527301,0.914800445478905,0.90771672803578,0.9448509401011405,0.8387982609890031,0.791,0.799,PROCAR,local_backup
POSCAR_Cu2O2_4_st025,637,14,ok,4,0.9875888334281887,0.259019130115163,0.49395010862532485,0.8407401966805756,0.028936491988435897,0.849,0.799,PROCAR,tgm
POSCAR_Cu2O2_4_st050,705,14,ok,4,0.9916237107021296,0.2564655107671106,0.5267622152613861,0.9274311366188464,0.010481671989909899,0.793,0.8310000000000001,PROCAR,tgm
POSCAR_Cu2O2_4_st950,398,17,ok,4,0.9991515815762573,0.7053650778696267,0.9331792379479996,0.9307885713246195,0.11300770059334173,0.885,0.867,PROCAR,tgm
POSCAR_Cu2O2_4_st975,398,17,ok,4,0.993102834743599,0.8246346440063614,0.9642664459674132,0.9689693062197972,0.18731054971510613,0.861,0.829,PROCAR,tgm
POSCAR_Cu2O2_4_z025,716,14,ok,4,0.9914078876254495,0.21977731390271343,0.5305232019124212,0.7012452111308509,0.023659659910955602,0.8440000000000001,0.873,PROCAR,nurion
POSCAR_Cu2O2_4_z050,637,14,ok,4,0.9876526600102619,0.24312606559046113,0.5827847849734119,0.8604498037492978,0.021647997722101794,0.8700000000000002,0.8150000000000001,PROCAR,nurion
POSCAR_Cu2O2_4_z950,398,17,ok,4,0.9838068399801944,0.8669872765198628,0.9742146730097242,0.834513216432817,0.27296393194062224,0.864,0.82,PROCAR,nurion
POSCAR_Cu2O2_4_z975,266,16,ok,4,0.9908333885144206,0.869637996469541,0.9096365536155259,0.8637114496525395,0.3272376800344275,0.8220000000000001,0.8340000000000001,PROCAR,nurion
POSCAR_Cu2O2_6,259,14,ok,4,0.988336007491186,0.8267211235054941,0.9196960732323504,0.8535565522661083,0.578016992915357,0.902,0.861,PROCAR,local_backup
POSCAR_Cu2O2_6_st025,359,14,ok,4,0.9903055086171855,0.9249485892779176,0.9883701065909677,0.8916402162695213,0.5237052775197998,0.891,0.842,PROCAR,tgm
POSCAR_Cu2O2_6_st050,359,14,ok,4,0.9852842869678161,0.911464138773062,0.976859881648971,0.8899969619591184,0.5058520986045023,0.878,0.826,PROCAR,tgm
POSCAR_Cu2O2_6_st950,519,16,ok,4,0.9968560363032649,0.7890394922420548,0.9462441454010306,0.9010284280368571,0.6162400249769663,0.919,0.874,PROCAR,tgm
POSCAR_Cu2O2_6_st975,533,14,ok,4,0.988870062174596,0.9456476568644939,0.9714078608475981,0.9437868313705556,0.37059908057587176,0.886,0.928,PROCAR,tgm
POSCAR_Cu2O2_6_x025,348,14,ok,4,0.9985864635163294,0.9457484858665288,0.991618777008119,0.9415187642987706,0.66463767944288,0.8810000000000002,0.8540000000000001,PROCAR,nurion
POSCAR_Cu2O2_6_x050,363,14,ok,4,0.9844653056090015,0.9751844672851262,0.9757959047142304,0.8482678415385052,0.6697814074393676,0.8330000000000001,0.8850000000000001,PROCAR,nurion
POSCAR_Cu2O2_6_x950,394,16,ok,4,0.9949358281569767,0.7535166611261054,0.9754011769277532,0.9353413291292598,0.6098708986951203,0.887,0.877,PROCAR,nurion
POSCAR_Cu2O2_6_x975,394,16,ok,4,0.9993385840982081,0.5574814591947038,0.9606679490643506,0.9645605643121001,0.4069562251607899,0.901,0.878,PROCAR,nurion
POSCAR_Cu2O2_6_y025,404,14,ok,4,0.9985868173053957,0.9408928867111019,0.9919111804664412,0.9365000128554608,0.7115208221711559,0.886,0.851,PROCAR,nurion
POSCAR_Cu2O2_6_y050,377,14,ok,4,0.9844159683657071,0.9754452875805324,0.9748272664428677,0.879619997837226,0.6697390478291533,0.833,0.887,PROCAR,nurion
POSCAR_Cu2O2_6_y975,382,16,ok,4,0.9991304927017993,0.5670851017304147,0.9629219022394915,0.9557155871291265,0.47020863072159996,0.871,0.9009999999999999,PROCAR,nurion
POSCAR_Cu2O2_6_z025,432,14,ok,4,0.9869490698050495,0.9325699393600395,0.9697678625991518,0.9532577096271984,0.3904638747268301,0.862,0.905,PROCAR,nurion
POSCAR_Cu2O2_6_z050,533,14,ok,4,0.984259273640317,0.9232303148425449,0.9690733057816769,0.9569417165930331,0.40617387107387665,0.853,0.9,PROCAR,nurion
POSCAR_Cu2O2_6_z950,359,14,ok,4,0.9974532766573648,0.9703425988696576,0.9890918891787758,0.9001620253643795,0.6642344101338996,0.92,0.885,PROCAR,nurion
POSCAR_Cu2O2_6_z975,259,14,ok,4,0.9904636766414029,0.8595036323298448,0.9381569489088457,0.8576735172824623,0.6194626113134276,0.9080000000000001,0.862,PROCAR,nurion
POSCAR_Cu2O4_1,494,23,ok,6,0.9995256427099507,0.955534271385025,0.9856300664107011,0.8781250421549802,0.582952970451715,0.8190000000000001,0.79,PROCAR,local_backup
POSCAR_Cu2O4_1_st025,494,23,ok,6,0.9999139269398974,0.9585563238554229,0.965184192599781,0.9190866223234917,0.7757856791857891,0.8009999999999999,0.763,PROCAR,tgm
POSCAR_Cu2O4_1_st050,260,21,ok,6,0.9980777566840554,0.8869057335151125,0.9952777886514615,0.9895794390300438,0.7552185456461241,0.83,0.792,PROCAR,tgm
POSCAR_Cu2O4_1_st950,494,23,ok,6,0.9932159595713052,0.8582496455126775,0.9827402630788271,0.8344754594930174,0.2472839813947748,0.8600000000000001,0.8500000000000001,PROCAR,tgm
POSCAR_Cu2O4_1_st975,494,23,ok,6,0.9969663398156365,0.9177411958397784,0.9909715808453518,0.8489817897173931,0.3626417895932049,0.837,0.82,PROCAR,tgm
POSCAR_Cu2O4_1_x025,494,23,ok,6,0.9997937135413343,0.967675993107281,0.9871309490468297,0.9489301740613024,0.7130274443429145,0.8130000000000001,0.7750000000000001,PROCAR,nurion
POSCAR_Cu2O4_1_x050,494,23,ok,6,0.9998847221388373,0.8186483287697088,0.8305123229799961,0.994659281396338,0.41220496286741026,0.81,0.7590000000000001,PROCAR,nurion
POSCAR_Cu2O4_1_x950,493,23,ok,6,0.9993289752476581,0.6753673131203057,0.7336072509932817,0.9944762369448282,0.25316783099156676,0.8400000000000002,0.8040000000000002,PROCAR,nurion
POSCAR_Cu2O4_1_x975,494,23,ok,6,0.9989347999500654,0.9442178547381799,0.9844335281824016,0.8245797280045523,0.46434316249513247,0.8240000000000002,0.803,PROCAR,nurion
POSCAR_Cu2O4_1_y025,494,23,ok,6,0.9997758422087365,0.9548683675648655,0.9754653692679405,0.8422778052506592,0.5678436127056103,0.8150000000000002,0.787,PROCAR,nurion
POSCAR_Cu2O4_1_y050,494,23,ok,6,0.9981720780114418,0.9690653887580971,0.9860868455902695,0.9200648587471083,0.39418726204354504,0.812,0.7750000000000001,PROCAR,nurion
POSCAR_Cu2O4_1_y950,494,23,ok,6,0.9986789429385526,0.903019072010533,0.953387252430991,0.954604410300415,0.3863066039390163,0.8250000000000002,0.804,PROCAR,nurion
POSCAR_Cu2O4_1_y975,494,23,ok,6,0.9988436129552066,0.9476383737109452,0.9891962624224129,0.9342396282230785,0.4863576868895765,0.8220000000000002,0.798,PROCAR,nurion
POSCAR_Cu2O4_1_z025,494,23,ok,6,0.9996224816302796,0.9683088010464425,0.9905530094671218,0.905420819809585,0.6245595217971126,0.8060000000000002,0.7840000000000001,PROCAR,nurion
POSCAR_Cu2O4_1_z050,272,21,ok,6,0.9978849574050422,0.8027426568653664,0.9231641534497924,0.8300046357447485,0.5949507028429386,0.859,0.827,PROCAR,nurion
POSCAR_Cu2O4_1_z950,494,23,ok,6,0.9993402075944154,0.94414406972752,0.9909400426003774,0.8077096206913162,0.35320092736668585,0.8360000000000002,0.818,PROCAR,nurion
POSCAR_Cu2O4_1_z975,494,23,ok,6,0.999714631736284,0.9325390659508628,0.9721346216292126,0.8032936540119611,0.5039941835685473,0.8290000000000002,0.808,PROCAR,nurion
POSCAR_F10Zr2_1,183,33,ok,12,0.9999924986084168,0.8173971589664936,0.8169291388353934,0.9340459928833099,0.651512442461793,0.77,0.774,PROCAR,local_backup
POSCAR_F4Fe2_2,283,21,ok,6,0.9999976149032148,0.1898841356559745,0.9513955267029651,0.9999934430533842,0.04832127645867453,0.924,0.924,ToBeDelete_PROCAR,nurion
POSCAR_F4Fe2_2_st025,293,21,ok,6,0.9999923335823296,0.27793730299264613,0.9423231348240105,0.9999549196489096,0.0683912421089672,0.912,0.908,PROCAR,nurion
POSCAR_F4Fe2_2_st950,282,21,ok,6,0.9999996475503937,0.11788321385326896,0.9719304015290667,0.9999840357950456,0.03777775552956393,0.94,0.9390000000000001,ToBeDelete_PROCAR,nurion
POSCAR_F4Fe2_2_st975,282,21,ok,6,0.9999919278252016,0.1487565255555549,0.9651008676686649,0.9999807400880258,0.04464113505677971,0.936,0.934,ToBeDelete_PROCAR,nurion
POSCAR_F4Fe2_2_x025,293,21,ok,6,0.9999849630877491,0.245507193363178,0.9531453582649854,0.9999802158330109,0.05795679710332771,0.9180000000000001,0.9190000000000002,PROCAR,nurion
POSCAR_F4Fe2_2_x050,304,21,ok,6,0.9999944472267552,0.11464210131166432,0.8777795645452676,0.9999879977768553,0.02204479325869861,0.928,0.929,PROCAR,nurion
POSCAR_F4Fe2_2_x950,282,21,ok,6,0.9999980594002965,0.13396554781123982,0.9521219429222347,0.999986565607589,0.04612955327920118,0.9300000000000002,0.93,PROCAR,nurion
POSCAR_F4Fe2_2_x975,283,21,ok,6,0.9999898061864552,0.15364799140617857,0.9499056149214247,0.9999739263089259,0.04302828966746707,0.924,0.926,PROCAR,nurion
POSCAR_F4Fe2_2_y025,293,21,ok,6,0.9999964811709758,0.1982171404727557,0.9419418291928541,0.9999769362051433,0.0526816312738329,0.922,0.919,PROCAR,nurion
POSCAR_F4Fe2_2_y050,293,21,ok,6,0.9999847031632291,0.19069178469550135,0.9263254034890893,0.9999779651002256,0.05274378206513531,0.918,0.915,PROCAR,nurion
POSCAR_F4Fe2_2_y950,283,21,ok,6,0.9999999220747074,0.12146585090651668,0.9505966997259033,0.9999965833807288,0.02614333901592849,0.935,0.933,PROCAR,nurion
POSCAR_F4Fe2_2_y975,283,21,ok,6,0.9999853332866636,0.19179569942422783,0.9602243259959206,0.9999700049347415,0.04604356415276604,0.923,0.922,PROCAR,nurion
POSCAR_F4Fe2_2_z025,283,21,ok,6,0.9999943375651715,0.2113941236437052,0.9429291502523476,0.999979895100243,0.05429308898911743,0.919,0.916,PROCAR,nurion
POSCAR_F4Fe2_2_z050,283,21,ok,6,0.9999888903751539,0.23620554329978877,0.9342385600658244,0.9999579644908159,0.06233735315444694,0.913,0.912,PROCAR,nurion
POSCAR_F4Fe2_2_z950,293,21,ok,6,0.9999984951771324,0.17078175702605727,0.9613053171799235,0.9999927141398126,0.04464670496444676,0.931,0.9270000000000002,PROCAR,nurion
POSCAR_F4Fe2_2_z975,293,21,ok,6,0.9999994822115098,0.18643098033357228,0.9595126814149176,0.9999837351893901,0.04887888688643933,0.925,0.9240000000000002,PROCAR,nurion
POSCAR_F4Mn2_1,250,26,ok,6,0.9848188750525108,0.04508632412458669,0.9696599604613844,0.2173323708594431,0.007647342495720276,0.93,0.936,PROCAR,nurion
POSCAR_F4Mn2_1_st025,250,26,ok,6,0.9794526301839734,0.053554836022940346,0.9595955613285588,0.22701374029078442,0.009983528223505195,0.9199999999999999,0.928,PROCAR,nurion
POSCAR_F4Mn2_1_st050,250,26,ok,6,0.9819527900641651,0.09405323909653128,0.9893854841775466,0.9685314311752976,0.07003082394988074,0.9120000000000001,0.929,ToBeDelete_PROCAR,nurion
POSCAR_F4Mn2_1_st950,249,26,ok,6,0.9949001944318551,0.06455094340255392,0.9970641358505856,0.982347040342284,0.06322692514967725,0.948,0.958,PROCAR,nurion
POSCAR_F4Mn2_1_st975,249,26,ok,6,0.994856515513822,0.06314285145743913,0.9967364035446076,0.9824063123158214,0.0633605406691249,0.9470000000000001,0.949,ToBeDelete_PROCAR,nurion
POSCAR_F4Mn2_1_x025,346,26,ok,6,0.9783747726661368,0.04423699423922482,0.9633613520366564,0.28071834524821077,0.009737494409547786,0.9229999999999999,0.9380000000000001,ToBeDelete_PROCAR,nurion
POSCAR_F4Mn2_1_x050,256,27,ok,6,0.9924361712026009,0.07808362835448569,0.9895007868186197,0.992584514996961,0.014810560933561949,0.9280000000000002,0.9430000000000001,ToBeDelete_PROCAR,nurion
POSCAR_F4Mn2_1_x950,251,26,ok,6,0.9903051056639497,0.02792711154784302,0.9810941144148232,0.3109999540371464,0.010964571142803473,0.926,0.936,ToBeDelete_PROCAR,nurion
POSCAR_F4Mn2_1_x975,250,26,ok,6,0.9897670859956695,0.05585537942223036,0.9946207908181548,0.979102702440334,0.04285848044099354,0.9329999999999999,0.9520000000000001,ToBeDelete_PROCAR,nurion
POSCAR_F4Mn2_1_y025,250,26,ok,6,0.9884764180833155,0.06348550414410929,0.993954869947592,0.9761187553713496,0.047886667190467386,0.9289999999999999,0.946,ToBeDelete_PROCAR,nurion
POSCAR_F4Mn2_1_y050,250,26,ok,6,0.9878911857877143,0.06632056446046236,0.9930501487361348,0.9778731561399442,0.04983658624602207,0.926,0.9420000000000002,ToBeDelete_PROCAR,nurion
POSCAR_F4Mn2_1_y950,249,26,ok,6,0.9939251634206556,0.06446564814454113,0.995853170317912,0.9824483953303058,0.06650349872467182,0.942,0.949,ToBeDelete_PROCAR,nurion
POSCAR_F4Mn2_1_y975,346,26,ok,6,0.9914181519886459,0.044521837154701906,0.996320174693058,0.9748115813328098,0.03168022201816347,0.9269999999999999,0.945,ToBeDelete_PROCAR,nurion
POSCAR_F4Mn2_1_z025,250,26,ok,6,0.9888287692169616,0.06339918182470852,0.9941650066477742,0.9774690256267993,0.04804689619594545,0.928,0.9430000000000001,ToBeDelete_PROCAR,nurion
POSCAR_F4Mn2_1_z050,250,26,ok,6,0.9877917066639622,0.0664032564814549,0.9930048405272541,0.978167530767323,0.050818704124623214,0.926,0.9410000000000001,ToBeDelete_PROCAR,nurion
POSCAR_F4Mn2_1_z950,249,26,ok,6,0.9939696874622402,0.06437132424049159,0.9958080660358174,0.9818860820058981,0.065251671812147,0.9430000000000001,0.9470000000000001,ToBeDelete_PROCAR,nurion
POSCAR_F4Mn2_1_z975,346,26,ok,6,0.9915761047325322,0.044418159184693475,0.9963987441419556,0.9748770341393287,0.031350582030276096,0.927,0.9429999999999998,ToBeDelete_PROCAR,nurion
POSCAR_F4Ni2_1,168,18,ok,6,0.9922458664478538,0.5350683757761185,0.9737258290984024,0.8560839510224115,0.2570284430029355,0.929,0.901,PROCAR,nurion
POSCAR_F4Ni2_1_st025,279,21,ok,6,0.8998525416475013,0.7152196087288435,0.7366266384443727,0.5178153027364586,0.35674007143738284,0.8260000000000001,0.8729999999999998,PROCAR,nurion
POSCAR_F4Ni2_1_st050,214,21,ok,6,0.9971790408385767,0.8991137653377234,0.9153663942829119,0.9889068424782205,0.5877735100382706,0.806,0.8590000000000001,PROCAR,nurion
POSCAR_F4Ni2_1_st950,206,22,ok,6,0.9280881256207715,0.673421235641621,0.9280338673592003,0.5841134970345394,0.3027269498916075,0.93,0.9119999999999999,PROCAR,nurion
POSCAR_F4Ni2_1_st975,168,18,ok,6,0.9979503695891819,0.6721242609586217,0.975665791651297,0.8851558273503847,0.26428944820390066,0.9430000000000001,0.92,PROCAR,nurion
POSCAR_F4Ni2_1_x025,326,17,ok,6,0.8606284438575726,0.5277114700885214,0.6735101803295062,0.5104863996721696,0.10886838430476782,0.8500000000000001,0.8820000000000001,PROCAR,nurion
POSCAR_F4Ni2_1_x050,279,21,ok,6,0.891843788735001,0.7677341177601024,0.7809185637201397,0.3025601749929829,0.20707770706570874,0.8310000000000001,0.885,PROCAR,nurion
POSCAR_F4Ni2_1_x950,168,18,ok,6,0.9972357561005324,0.8792150492630726,0.9450915828653071,0.8466881179768866,0.34319200450413423,0.9229999999999999,0.9130000000000001,PROCAR,nurion
POSCAR_F4Ni2_1_x975,168,18,ok,6,0.9954704842044669,0.6974209428160442,0.9617680293679135,0.8507717822154158,0.29953351852195087,0.9289999999999998,0.905,PROCAR,nurion
POSCAR_F4Ni2_1_y025,168,18,ok,6,0.9883113580106891,0.5507103211778451,0.9660338267052104,0.8355942093990527,0.27866385605669974,0.9199999999999999,0.887,PROCAR,nurion
POSCAR_F4Ni2_1_y050,168,18,ok,6,0.9811622067430003,0.5804939832496443,0.9522055969840197,0.8157510195310155,0.31262902114139174,0.913,0.875,PROCAR,nurion
POSCAR_F4Ni2_1_y950,168,18,ok,6,0.9967031124724224,0.49946962177462395,0.9812545265724976,0.8973385142770317,0.22565040338663717,0.9420000000000002,0.921,PROCAR,nurion
POSCAR_F4Ni2_1_y975,168,18,ok,6,0.994795262092879,0.5154031541213225,0.9781652436368917,0.8788632330431955,0.23910521330345597,0.937,0.912,PROCAR,nurion
POSCAR_F4Ni2_1_z025,168,18,ok,6,0.9885460473902341,0.5507193400464852,0.9661702840005061,0.8296393608825381,0.2874858136771881,0.923,0.887,PROCAR,nurion
POSCAR_F4Ni2_1_z050,168,18,ok,6,0.9809544934315841,0.5779581698909491,0.9532235118226969,0.8039987125520965,0.32956620345810905,0.913,0.8760000000000002,PROCAR,nurion
POSCAR_F4Ni2_1_z950,168,18,ok,6,0.9968781208521882,0.49889729185635073,0.9817890170037264,0.9040033558311533,0.21224718082787827,0.9430000000000001,0.918,PROCAR,nurion
POSCAR_F4Ni2_1_z975,168,18,ok,6,0.9948476207783893,0.5157242667953796,0.9782566113272769,0.8824816321251697,0.22955275387286359,0.9359999999999999,0.912,PROCAR,nurion
POSCAR_F4Sc2_1,212,25,ok,6,0.9992445837480044,0.025760749966391522,0.9956432957607715,0.9991981233754006,0.012083831059666874,0.8140000000000001,0.8260000000000001,PROCAR,local_backup
POSCAR_F4Sc2_1_st950,211,26,ok,6,0.9988966116327455,0.09312808577147835,0.9954273532355783,0.9984056492050014,0.04302823029912499,0.831,0.8250000000000001,PROCAR,tgm
POSCAR_F4Sc2_1_x050,267,26,ok,6,0.9962735573059706,0.14513973534959723,0.9935939787333975,0.9939847893181334,0.057670615346220686,0.706,0.683,PROCAR,nurion
POSCAR_F4Sc2_1_y950,257,26,ok,6,0.998934308309492,0.08549782520179185,0.9955193594520975,0.9987039178798133,0.033305280097389964,0.782,0.79,PROCAR,nurion
POSCAR_F4Sc2_1_z950,257,26,ok,6,0.9988065075757556,0.0870456383403522,0.9952935465374593,0.9986810313829698,0.03280872301737195,0.783,0.792,PROCAR,nurion
POSCAR_F4V2_1,203,25,ok,6,0.9999144107211413,0.009648737148916864,0.9969462920762657,0.9998326134553818,0.009407862864726797,0.907,0.905,PROCAR,nurion
POSCAR_F4V2_1_st025,203,25,ok,6,0.9998460450891643,0.008394611791074107,0.9971633488935583,0.9997417774917348,0.008092314375109074,0.906,0.91,PROCAR,nurion
POSCAR_F4V2_1_st050,203,25,ok,6,0.9999189412093465,0.008340872133712008,0.9973868726054812,0.9998592616496147,0.007961354414634445,0.91,0.909,PROCAR,nurion
POSCAR_F4V2_1_st950,203,25,ok,6,0.9996675956925883,0.014956374220643881,0.9963238078461137,0.9994519126001871,0.015401902287252155,0.903,0.9089999999999999,PROCAR,nurion
POSCAR_F4V2_1_st975,203,25,ok,6,0.9998343072991013,0.013370303363228479,0.9966493220402455,0.9997062107619065,0.013503828896811839,0.905,0.905,PROCAR,nurion
POSCAR_F4V2_1_x025,203,25,ok,6,0.9999165472082392,0.009617396740241256,0.997332138388416,0.9998409278084412,0.009445360054534684,0.907,0.905,ToBeDelete_PROCAR,nurion
POSCAR_F4V2_1_x050,203,25,ok,6,0.9998466625249729,0.008540826216110535,0.99783787981544,0.9997611912228975,0.008437166897962306,0.905,0.908,ToBeDelete_PROCAR,nurion
POSCAR_F4V2_1_x950,203,25,ok,6,0.9998304899458375,0.013397156330853591,0.995799304763801,0.9997065429233413,0.01309228538000009,0.909,0.908,ToBeDelete_PROCAR,nurion
POSCAR_F4V2_1_x975,203,25,ok,6,0.9998547000670301,0.012102071666481239,0.9963426155395466,0.9997375388836548,0.011992764525697188,0.909,0.907,ToBeDelete_PROCAR,nurion
POSCAR_F4V2_1_y025,203,25,ok,6,0.9998612721371449,0.009633921561111862,0.9968956958837037,0.9997652202232289,0.009056640908224122,0.9059999999999999,0.907,ToBeDelete_PROCAR,nurion
POSCAR_F4V2_1_y050,203,25,ok,6,0.9998822540350665,0.009619284190692476,0.9968649638799011,0.999799363341619,0.008705378857236932,0.907,0.9079999999999999,ToBeDelete_PROCAR,nurion
POSCAR_F4V2_1_y950,203,25,ok,6,0.9997440337039893,0.011074955185952588,0.9972407645479646,0.9995356488094486,0.011579889893407518,0.902,0.909,ToBeDelete_PROCAR,nurion
POSCAR_F4V2_1_y975,203,25,ok,6,0.999863901786205,0.010893362195117922,0.9969598644716561,0.9997446361276799,0.011011912736357633,0.904,0.907,ToBeDelete_PROCAR,nurion
POSCAR_F4V2_1_z025,203,25,ok,6,0.9998816566656711,0.009645098488710122,0.9968498961278298,0.9997870836530903,0.009522325922865216,0.906,0.907,ToBeDelete_PROCAR,nurion
POSCAR_F4V2_1_z050,203,25,ok,6,0.9998822540350667,0.009619284190692474,0.9968649638799009,0.9997683450802788,0.009598247128129789,0.907,0.908,ToBeDelete_PROCAR,nurion
POSCAR_F4V2_1_z950,203,25,ok,6,0.9997422165032038,0.012283147978991892,0.9972268813491686,0.9996114334108553,0.012003241326182027,0.903,0.909,ToBeDelete_PROCAR,nurion
POSCAR_F4V2_1_z975,203,25,ok,6,0.999880482970697,0.012086011111697948,0.9969994857753597,0.9997892961349514,0.011928261476506953,0.906,0.906,ToBeDelete_PROCAR,nurion
POSCAR_F4Y2_1,175,25,ok,6,0.9969428572592289,0.0837325284403438,0.993971210446436,0.9965305184665638,0.033746254128361894,0.7130000000000001,0.7230000000000001,PROCAR,nurion
POSCAR_F6Fe2_1,174,19,ok,8,0.998584834233412,0.9475182414621296,0.9551101675525933,0.9781594454344227,0.8180499857518736,0.7630000000000001,0.802,ToBeDelete_PROCAR,nurion
POSCAR_F6Fe2_1_st025,17,22,ok,8,0.9999782407988144,0.8879295463133026,0.8891466680190226,0.8723779957761639,0.8147803259000079,0.7930000000000001,0.796,PROCAR,nurion
POSCAR_F6Fe2_1_st050,33,20,ok,8,0.9994965581751187,0.8874102602600695,0.9147116067526195,0.912503000841627,0.9049414680120348,0.7520000000000001,0.7700000000000001,PROCAR,nurion
POSCAR_F6Fe2_1_st950,74,24,ok,8,0.9975861910922703,0.648964140142542,0.6614684424145214,0.9488811260280576,0.6267578207547249,0.8440000000000001,0.831,PROCAR,nurion
POSCAR_F6Fe2_1_st975,23,19,ok,8,0.9998706172422658,0.8359395018945135,0.9591803258472099,0.8124671165002837,0.5319185789148984,0.7950000000000002,0.812,PROCAR,nurion
POSCAR_F6Fe2_1_x025,17,19,ok,8,0.9980816811492679,0.9361216318055289,0.9285836849387137,0.979580961527155,0.8340924910312835,0.8000000000000002,0.7620000000000001,PROCAR,nurion
POSCAR_F6Fe2_1_x975,188,19,ok,8,0.9993818722895226,0.9855176444032333,0.9821127477674604,0.9915687123428432,0.8801016138951895,0.787,0.762,PROCAR,nurion
POSCAR_F6Fe2_1_y025,24,19,ok,8,0.9981093877595868,0.9367789670830148,0.9292307541874613,0.9909766716469589,0.8426444770378507,0.7600000000000001,0.801,PROCAR,nurion
POSCAR_F6Fe2_1_y975,174,19,ok,8,0.9993874901613772,0.9832654755700873,0.9798535937875061,0.993126891843041,0.8404293443934769,0.7590000000000001,0.7859999999999999,PROCAR,nurion
POSCAR_F6Fe2_1_z025,174,19,ok,8,0.9975928392755803,0.9860890495737552,0.9748090295933453,0.9802777349447824,0.8717858840500777,0.7590000000000001,0.801,PROCAR,nurion
POSCAR_F6Fe2_1_z050,173,23,ok,8,0.9976973695709894,0.6154990422237182,0.6192233994855816,0.7256795980250373,0.5077351215135948,0.806,0.8180000000000002,PROCAR,nurion
POSCAR_F6Fe2_1_z950,23,19,ok,8,0.9997803115464673,0.9369913400108296,0.9924081155282664,0.8067239633641772,0.6327557559439657,0.792,0.8110000000000002,PROCAR,nurion
POSCAR_F6Fe2_1_z975,24,19,ok,8,0.9995585081943055,0.9941044436592841,0.990700305941415,0.9980972779230757,0.8737218131365478,0.7600000000000001,0.784,PROCAR,nurion
POSCAR_F6Fe2_2,73,23,ok,8,0.9997289754470011,0.8997722561401473,0.9006634138715506,0.9471692557845123,0.6898552238134963,0.8230000000000001,0.8190000000000001,ToBeDelete_PROCAR,nurion
POSCAR_F6Fe2_2_st025,128,23,ok,8,0.9999413291976039,0.9106906745634977,0.9108176646422225,0.9628084698963346,0.7425419945250066,0.811,0.812,PROCAR,nurion
POSCAR_F6Fe2_2_st050,143,21,ok,8,0.9997198010388793,0.7714012130476768,0.7714188984347429,0.7754613559662721,0.5512395285623789,0.804,0.7950000000000002,ToBeDelete_PROCAR,nurion
POSCAR_F6Fe2_2_st950,121,28,ok,8,0.9991216839776829,0.364423407593285,0.8101060724742359,0.8447400299015063,0.24965544816290758,0.9180000000000001,0.9119999999999999,ToBeDelete_PROCAR,nurion
POSCAR_F6Fe2_2_st975,73,23,ok,8,0.9980079759102479,0.9001655887690506,0.9060649941968271,0.9904863411755971,0.7001560522795421,0.8310000000000001,0.8440000000000001,PROCAR,nurion
POSCAR_F6Fe2_2_x025,186,21,ok,8,0.9995567189342224,0.6633172708139379,0.6729660143504749,0.911374678655631,0.3809955778932112,0.8140000000000001,0.8130000000000002,PROCAR,nurion
POSCAR_F6Fe2_2_x975,221,21,ok,8,0.9968134588895372,0.6598346733265699,0.6794592281337698,0.9122060384277083,0.48542106901791077,0.827,0.8340000000000002,PROCAR,nurion
POSCAR_F6Fe2_2_y975,186,21,ok,8,0.9968233168678462,0.6630136795214276,0.682441312993962,0.8834346433325567,0.3512206384980428,0.8350000000000001,0.8280000000000002,PROCAR,nurion
POSCAR_F6Fe2_2_z025,215,27,ok,8,0.9999978788077231,0.8383920955341643,0.9476627916134912,0.7838966825316793,0.3317412345575579,0.868,0.8550000000000001,PROCAR,nurion
POSCAR_F6Fe2_2_z050,215,27,ok,8,0.9993257379023303,0.9313420571680033,0.9934988531141993,0.9282437855003052,0.4763506106598601,0.859,0.8420000000000001,PROCAR,nurion
POSCAR_F6Fe2_2_z950,130,22,ok,8,0.9998843809479795,0.609412489054277,0.614635913467069,0.9003876406769005,0.406886721067052,0.8030000000000002,0.802,PROCAR,nurion
POSCAR_F6Fe2_2_z975,81,21,ok,8,0.9999515815244507,0.6833702832553457,0.6974234158141176,0.8919735580772251,0.4504897279948707,0.8090000000000002,0.822,PROCAR,nurion
POSCAR_F6Mn2_1,76,34,ok,8,0.9930326280775954,0.21014379736908598,0.8964219377868563,0.4889535173435242,0.08965161274959225,0.918,0.9260000000000002,ToBeDelete_PROCAR,nurion
POSCAR_F6Mn2_1_st025,76,34,ok,8,0.9999785473378855,0.3083315038793792,0.8651956228860576,0.6375584401285322,0.14161628672808438,0.891,0.9050000000000001,ToBeDelete_PROCAR,nurion
POSCAR_F6Mn2_1_st050,204,25,ok,8,0.9999735516066621,0.5294718500950144,0.6508004429476208,0.6728564519733332,0.27230289758025605,0.8150000000000001,0.7930000000000001,PROCAR,nurion
POSCAR_F6Mn2_1_st950,76,34,ok,8,0.9800194941003769,0.17978243273334557,0.945211901408484,0.3426167801705642,0.07334913353081232,0.951,0.9500000000000001,PROCAR,nurion
POSCAR_F6Mn2_1_st975,76,34,ok,8,0.9847077981123766,0.18450856349437283,0.9265476864050083,0.39404095848877285,0.07633359938467954,0.9400000000000001,0.9400000000000001,ToBeDelete_PROCAR,nurion
POSCAR_F6Mn2_4,247,34,ok,8,0.9981062021251286,0.2540847999510945,0.9063992795855073,0.9411500420742511,0.1663210988409848,0.913,0.9049999999999999,PROCAR,nurion
POSCAR_F6Mn2_4_st025,247,34,ok,8,0.9993211084284271,0.3887026185970866,0.8678267820549942,0.9247038327020969,0.2572914866580712,0.896,0.8840000000000001,PROCAR,nurion
POSCAR_F6Mn2_4_st050,246,34,ok,8,0.9986138417168016,0.4734126564957384,0.7765345686670584,0.959584799641031,0.3284137833066685,0.8770000000000001,0.8600000000000001,PROCAR,nurion
POSCAR_F6Mn2_4_st950,238,34,ok,8,0.9967245149008248,0.17264908893279202,0.9645294859659133,0.9714705308769419,0.12096163702822475,0.9470000000000001,0.9380000000000001,PROCAR,nurion
POSCAR_F6Mn2_4_st975,238,34,ok,8,0.9982712398314204,0.20775378714475165,0.9515145932469301,0.959487198729919,0.14250224589183313,0.935,0.9189999999999999,PROCAR,nurion
POSCAR_F6Mn2_4_x025,247,34,ok,8,0.9995343789475157,0.29436363062512627,0.8967312236399655,0.9376940618493784,0.19235936417792437,0.91,0.8969999999999999,PROCAR,nurion
POSCAR_F6Mn2_4_x050,98,25,ok,8,0.9990083208479098,0.8555802620402339,0.898572768683206,0.9426120882695882,0.5528786691092226,0.8,0.791,PROCAR,nurion
POSCAR_F6Mn2_4_x950,247,34,ok,8,0.9943937075747287,0.20553939830433424,0.9216964428128734,0.9503409115093855,0.13986448518103006,0.924,0.918,PROCAR,nurion
POSCAR_F6Mn2_4_x975,247,34,ok,8,0.9961769147794549,0.22411581991127386,0.9148783311443057,0.9455292912364694,0.14917846620363995,0.921,0.91,PROCAR,nurion
POSCAR_F6Mn2_4_y025,247,34,ok,8,0.9992987436174018,0.28835615577999774,0.8853850294526514,0.9339037402310405,0.19322806909074333,0.907,0.897,PROCAR,nurion
POSCAR_F6Mn2_4_y050,247,34,ok,8,0.9998910401449153,0.3610117920910165,0.8607273284709931,0.9222743890733542,0.25390605189540416,0.9020000000000001,0.8850000000000001,PROCAR,nurion
POSCAR_F6Mn2_4_y950,319,34,ok,8,0.997264131046631,0.22585926899342842,0.9281484934671229,0.9588340775921343,0.14603446576444007,0.9280000000000002,0.916,PROCAR,nurion
POSCAR_F6Mn2_4_y975,319,34,ok,8,0.9974178068985615,0.23421746069983063,0.9155422147483558,0.9537055578661522,0.14795156420033728,0.922,0.911,PROCAR,nurion
POSCAR_F6Mn2_4_z025,319,34,ok,8,0.9993233536867024,0.2872174018243899,0.8863552598695245,0.9373831388523487,0.1674658907409796,0.9049999999999999,0.8979999999999999,PROCAR,nurion
POSCAR_F6Mn2_4_z050,319,34,ok,8,0.9997787331184851,0.35984930846948415,0.8601673518510471,0.9244629849735785,0.19111692105106923,0.9,0.8870000000000001,PROCAR,nurion
POSCAR_F6Mn2_4_z950,247,34,ok,8,0.997021234630007,0.2263948228468321,0.9280972314488934,0.9594790457754679,0.1491674756229866,0.927,0.9159999999999999,PROCAR,nurion
POSCAR_F6Mn2_4_z975,247,34,ok,8,0.9976492462193914,0.23270703362692877,0.917314919306255,0.9515008225606958,0.15625673282228045,0.921,0.911,PROCAR,nurion
POSCAR_F6Mn2_5,163,34,ok,8,0.9907026320846192,0.15481650027801513,0.9069902925807851,0.9874897424649205,0.0591472968334393,0.9340000000000002,0.9430000000000001,PROCAR,nurion
POSCAR_F6Mn2_5_st025,163,34,ok,8,0.99810975235068,0.19834330158623723,0.8742303645658446,0.9924039477287006,0.07344465853141664,0.9120000000000001,0.924,PROCAR,nurion
POSCAR_F6Mn2_5_st050,162,23,ok,8,0.9957051378505921,0.024612386669718968,0.022042204285780832,0.8703784849349712,0.01170574247040759,0.7140000000000001,0.7450000000000001,ToBeDelete_PROCAR,nurion
POSCAR_F6Mn2_5_st950,164,34,ok,8,0.9842435889571118,0.1255465315180063,0.9393201073935066,0.978890648506455,0.045084066296060855,0.9610000000000001,0.9600000000000001,PROCAR,nurion
POSCAR_F6Mn2_5_st975,164,34,ok,8,0.9868351404636105,0.12876008233245845,0.9216620401669416,0.9808764828020797,0.04680750769338149,0.95,0.9510000000000001,ToBeDelete_PROCAR,nurion
POSCAR_F6Mn2_5_x025,163,34,ok,8,0.9909577795425468,0.14680863961212054,0.8892786052635744,0.9863946886693815,0.05252355713524224,0.931,0.9380000000000002,ToBeDelete_PROCAR,nurion
POSCAR_F6Mn2_5_x050,162,28,ok,8,0.9697528272834125,0.7841863198515188,0.9481395695333783,0.9686246893859942,0.8597524006230438,0.839,0.8109999999999999,ToBeDelete_PROCAR,nurion
POSCAR_F6Mn2_5_x950,164,34,ok,8,0.9919422468556565,0.16340812963759835,0.9253524156504191,0.988399471158005,0.06256783068746002,0.9360000000000002,0.944,ToBeDelete_PROCAR,nurion
POSCAR_F6Mn2_5_x975,164,34,ok,8,0.9927911819631071,0.1535684203654545,0.9118522610651664,0.9871115301275581,0.05619743518940077,0.931,0.9400000000000001,ToBeDelete_PROCAR,nurion
POSCAR_F6Mn2_5_y025,163,34,ok,8,0.9943360419244396,0.17105581835547934,0.9010132706866015,0.9907295449662704,0.06130781896397981,0.926,0.934,ToBeDelete_PROCAR,nurion
POSCAR_F6Mn2_5_y050,163,34,ok,8,0.9977763046638602,0.20144916102646887,0.8930249583900405,0.9923389774914317,0.06669056130298212,0.9100000000000001,0.924,ToBeDelete_PROCAR,nurion
POSCAR_F6Mn2_5_y950,163,34,ok,8,0.9885573643191151,0.14113641118528483,0.9158751588137873,0.9844339912209397,0.057487558242396715,0.9480000000000001,0.9500000000000001,ToBeDelete_PROCAR,nurion
POSCAR_F6Mn2_5_y975,163,34,ok,8,0.9895448283095066,0.14475527782843528,0.912444862382339,0.9859751263810447,0.05672793694113976,0.9410000000000001,0.944,ToBeDelete_PROCAR,nurion
POSCAR_F6Mn2_5_z025,163,34,ok,8,0.9960796241332418,0.17852335941128125,0.9000191684736106,0.9922430655385516,0.07187831544130492,0.9260000000000002,0.933,ToBeDelete_PROCAR,nurion
POSCAR_F6Mn2_5_z050,163,34,ok,8,0.9992353475282284,0.21632277582865195,0.8911978637932293,0.9934671954219774,0.090739182765799,0.9110000000000001,0.925,ToBeDelete_PROCAR,nurion
POSCAR_F6Mn2_5_z950,163,34,ok,8,0.9836645627390552,0.12734777011909423,0.9170617096866649,0.9799028041519826,0.04593838938842463,0.9440000000000001,0.949,ToBeDelete_PROCAR,nurion
POSCAR_F6Mn2_5_z975,163,34,ok,8,0.987112844415948,0.13679658081236443,0.9118864313077255,0.9833624512109526,0.05006567965194635,0.9410000000000001,0.9420000000000001,ToBeDelete_PROCAR,nurion
POSCAR_F6Mo2_2,194,34,ok,8,0.9994502417997599,0.029369518890236698,0.9991988139476887,0.7187025633237838,0.02885921635652092,0.923,0.9229999999999999,ToBeDelete_PROCAR,nurion
POSCAR_F6Mo2_2_st025,120,34,ok,8,0.9992968444044033,0.029839695720733226,0.9998429937069039,0.4671635377947692,0.02370356088971896,0.917,0.9179999999999999,PROCAR,nurion
POSCAR_F6Mo2_2_st050,120,34,ok,8,0.9991489408004337,0.038571222489616565,0.9995391362755173,0.44760486337970007,0.03315547788383301,0.913,0.914,PROCAR,nurion
POSCAR_F6Mo2_2_st950,53,34,ok,8,0.9996654257996843,0.03624821254288235,0.998684111381431,0.9959721951930579,0.027771358274258782,0.9290000000000002,0.9329999999999999,PROCAR,nurion
POSCAR_F6Mo2_2_st975,194,34,ok,8,0.9992784768591976,0.030192902607319893,0.99982787374179,0.8130044719117439,0.03816773250151904,0.924,0.9269999999999999,PROCAR,nurion
POSCAR_F6Mo2_2_x025,94,33,ok,8,0.9995085512837977,0.04715217702958819,0.9987661924033266,0.3469196109361077,0.02472600300313105,0.918,0.918,PROCAR,nurion
POSCAR_F6Mo2_2_x975,201,34,ok,8,0.999240027258081,0.025163575069152823,0.9993415449194831,0.5697458160586572,0.030997170123257565,0.92,0.9249999999999999,PROCAR,nurion
POSCAR_F6Mo2_2_y025,140,33,ok,8,0.9997480549759057,0.05275261715933099,0.9980012635941089,0.794719135297227,0.03931335315808669,0.916,0.9159999999999999,PROCAR,nurion
POSCAR_F6Mo2_2_y975,183,34,ok,8,0.9988807435288616,0.03190047184789891,0.9994319267825722,0.2639240038333549,0.018052273755727547,0.9239999999999999,0.9220000000000002,PROCAR,nurion
POSCAR_F6Mo2_2_z025,53,34,ok,8,0.9994876851836256,0.03593915229968944,0.999810738553311,0.986758058055504,0.033490270434676624,0.9220000000000002,0.923,PROCAR,nurion
POSCAR_F6Mo2_2_z050,218,33,ok,8,0.9996447586178772,0.05782269518854574,0.9998989664851471,0.8254285199782343,0.04092444863959922,0.914,0.919,PROCAR,nurion
POSCAR_F6Mo2_2_z950,63,33,ok,8,0.9998981001286803,0.022439139079443737,0.9990738909318077,0.344177136870904,0.013655680765498694,0.924,0.917,PROCAR,nurion
POSCAR_F6Mo2_2_z975,65,34,ok,8,0.999832841102556,0.02757634058171514,0.9968844118729117,0.26228076792827437,0.0169012914592995,0.921,0.921,PROCAR,nurion
POSCAR_F6Mo2_3,209,33,ok,8,0.9983815996586526,0.03827101889150688,0.999444220483137,0.9354449206519997,0.03006569571115734,0.9159999999999999,0.913,ToBeDelete_PROCAR,nurion
POSCAR_F6Mo2_3_st025,144,34,ok,8,0.99912763741165,0.03366889816646733,0.9988239140409344,0.9887913688932175,0.03320626207926593,0.918,0.911,PROCAR,nurion
POSCAR_F6Mo2_3_st050,144,34,ok,8,0.9989634769105928,0.03947054189175119,0.9982449969252799,0.9890943207298156,0.0383296118880402,0.9129999999999999,0.9059999999999999,ToBeDelete_PROCAR,nurion
POSCAR_F6Mo2_3_st950,216,33,ok,8,0.9977108913453739,0.043460725229099155,0.9992933483367002,0.9891068617642483,0.030958781161972707,0.9239999999999999,0.916,ToBeDelete_PROCAR,nurion
POSCAR_F6Mo2_3_st975,209,33,ok,8,0.9979575169233313,0.03881845684094401,0.9995287665294129,0.9589801050351296,0.030240847599137675,0.9219999999999999,0.91,PROCAR,nurion
POSCAR_F6Mo2_3_x025,137,34,ok,8,0.9990415210242385,0.03729414094969762,0.9983108220364988,0.9792497162888338,0.048570082806476275,0.9229999999999999,0.919,PROCAR,nurion
POSCAR_F6Mo2_3_x050,137,34,ok,8,0.9985570494054018,0.04035893583709602,0.9968790405415972,0.9014934809885582,0.047305645765279354,0.917,0.915,PROCAR,nurion
POSCAR_F6Mo2_3_x950,151,34,ok,8,0.998960688927138,0.04169803757305365,0.9984783545102004,0.9797897951811375,0.04463852121066385,0.9220000000000002,0.917,PROCAR,nurion
POSCAR_F6Mo2_3_x975,152,34,ok,8,0.9993810569715014,0.03367175063699069,0.9987815433028923,0.9807833752175488,0.031741796495312696,0.921,0.919,PROCAR,nurion
POSCAR_F6Mo2_3_y025,151,34,ok,8,0.9990359193431784,0.03582141360414595,0.9983428602467437,0.8918833128195408,0.04638295448087956,0.9199999999999999,0.916,PROCAR,nurion
POSCAR_F6Mo2_3_y050,151,34,ok,8,0.9988210642437422,0.040647233259183665,0.9969945410411307,0.9814237800355596,0.04151577572618599,0.918,0.9160000000000001,PROCAR,nurion
POSCAR_F6Mo2_3_y950,137,34,ok,8,0.9988267542995679,0.04292717926074254,0.9984374426342163,0.9468197946503643,0.04714231327436014,0.9239999999999999,0.9180000000000001,PROCAR,nurion
POSCAR_F6Mo2_3_y975,145,34,ok,8,0.9993487066732603,0.03216944451274541,0.9987370230056059,0.9837038369060802,0.03472188094113856,0.9209999999999998,0.917,PROCAR,nurion
POSCAR_F6Mo2_3_z025,209,33,ok,8,0.9981987843737142,0.03929137160623716,0.9992289174301006,0.9249053131932908,0.02927596165223392,0.918,0.913,PROCAR,nurion
POSCAR_F6Mo2_3_z050,144,34,ok,8,0.9993162568760121,0.03304490492356873,0.9989755714022369,0.9938023712315632,0.030961303307159443,0.918,0.913,PROCAR,nurion
POSCAR_F6Mo2_3_z950,209,33,ok,8,0.9981146188282086,0.0397718300283176,0.9996040232698584,0.9711953436989814,0.0321670433590882,0.9239999999999999,0.913,PROCAR,nurion
POSCAR_F6Mo2_3_z975,209,33,ok,8,0.9983721108157474,0.039250271440004446,0.9995893176320678,0.9521103455176391,0.031375814280501256,0.9219999999999999,0.9159999999999999,PROCAR,nurion
POSCAR_F6Nb2_1,5,33,ok,8,0.9933511693512861,0.04150335851908213,0.9968652632540949,0.25683615073335625,0.01211203467277192,1.048,1.0279999999999998,PROCAR,nurion
POSCAR_F6Nb2_1_st025,5,33,ok,8,0.9931254375059045,0.035664902002794964,0.9960076291024444,0.2392855688641352,0.010523163361133457,1.0290000000000001,1.012,PROCAR,nurion
POSCAR_F6Nb2_1_st050,5,33,ok,8,0.9928729038903015,0.0310659830569723,0.9953806605475455,0.23331760918952765,0.009701055033296975,1.016,1.007,PROCAR,nurion
POSCAR_F6Pd2_1,22,25,ok,8,0.9040890083245264,0.7260758433274984,0.6828953216400989,0.8692600714211907,0.6118872231240329,0.8750000000000002,0.8220000000000001,PROCAR,nurion
POSCAR_F6Pd2_1_st025,197,25,ok,8,0.9970388314948203,0.6296755092278367,0.6414037144196431,0.9599438092255491,0.6279075245991279,0.8340000000000001,0.8450000000000001,PROCAR,nurion
POSCAR_F6Pd2_1_st050,96,19,ok,8,0.840452675806129,0.6039511722604439,0.7006054620726623,0.6420504829256221,0.2934647120544228,0.902,0.8340000000000002,PROCAR,nurion
POSCAR_F6Pd2_1_st950,131,31,ok,8,0.9955335332466062,0.5232002690079057,0.8106694029258116,0.4844507737570553,0.12088622970281297,0.9530000000000001,0.9380000000000002,ToBeDelete_PROCAR,nurion
POSCAR_F6Pd2_1_st975,159,26,ok,8,0.888172033260085,0.7977340179775676,0.8723569454837424,0.7219522718944141,0.5011046444802373,0.8640000000000001,0.907,ToBeDelete_PROCAR,nurion
POSCAR_F6Pd2_2,274,31,ok,8,0.997554988109489,0.4990343925041944,0.8712758374244108,0.9642917189575116,0.22001698977614623,0.902,0.9339999999999999,PROCAR,nurion
POSCAR_F6Pd2_2_st025,274,31,ok,8,0.9939996886428647,0.5329281056959562,0.8336865858095,0.9532164663476389,0.23970600962195768,0.8899999999999999,0.919,ToBeDelete_PROCAR,nurion
POSCAR_F6Pd2_2_st050,306,21,ok,8,0.9992201272779019,0.8445097991206266,0.8354187808725442,0.9435385994550974,0.6912627207254464,0.827,0.8070000000000002,PROCAR,nurion
POSCAR_F6Pd2_2_st950,274,31,ok,8,0.9998023555687081,0.44766015863172537,0.9268357577580251,0.9760872339237162,0.19841579862124548,0.929,0.9600000000000001,PROCAR,nurion
POSCAR_F6Pd2_2_st975,274,31,ok,8,0.9996909479466093,0.4682485486998644,0.9020001609928338,0.9727105707871935,0.20545544846810054,0.916,0.945,PROCAR,nurion
POSCAR_F6Pd2_2_x025,274,31,ok,8,0.9965672435521742,0.5115247146567563,0.8641626893304166,0.9562428970987028,0.2157467884861056,0.897,0.927,PROCAR,nurion
POSCAR_F6Pd2_2_x050,274,31,ok,8,0.9945137579924891,0.5347849485818911,0.8575247234124898,0.9444265304306115,0.21550790139929615,0.8940000000000001,0.925,PROCAR,nurion
POSCAR_F6Pd2_2_x950,274,31,ok,8,0.9991374859849713,0.4744789859633856,0.885405541649124,0.9743095149271493,0.22854942985144766,0.916,0.9430000000000001,PROCAR,nurion
POSCAR_F6Pd2_2_x975,274,31,ok,8,0.9985693991740112,0.4820570278781282,0.8770267254851989,0.970808021613886,0.22158060308459512,0.906,0.936,PROCAR,nurion
POSCAR_F6Pd2_2_y025,274,31,ok,8,0.9980642528530482,0.4903290955061949,0.8660418916970222,0.9625987070871408,0.21936406633703195,0.901,0.93,PROCAR,nurion
POSCAR_F6Pd2_2_y050,274,31,ok,8,0.9980277098858701,0.4944395364535611,0.8633229221207024,0.9592396215582015,0.227267602242387,0.901,0.926,PROCAR,nurion
POSCAR_F6Pd2_2_y950,274,31,ok,8,0.9960102256103484,0.5309703925653719,0.8827840509496345,0.9604346734601806,0.22102422108927514,0.911,0.9369999999999999,PROCAR,nurion
POSCAR_F6Pd2_2_y975,274,31,ok,8,0.9972585814209776,0.513087664286366,0.8753915988104892,0.9646073939885683,0.22049063806803806,0.906,0.937,PROCAR,nurion
POSCAR_F6Pd2_2_z025,274,31,ok,8,0.994488133919742,0.528101769764133,0.8464873544659001,0.961640839799203,0.2374077029620762,0.8979999999999999,0.924,PROCAR,nurion
POSCAR_F6Pd2_2_z050,274,31,ok,8,0.9907538053777583,0.5716119320947033,0.8249479766144819,0.9593249143532795,0.2593476364092057,0.8910000000000001,0.92,PROCAR,nurion
POSCAR_F6Pd2_2_z950,274,31,ok,8,0.9999434532048886,0.46230535075052837,0.9081609394333485,0.9638351790358046,0.1913825979781232,0.918,0.9420000000000001,PROCAR,nurion
POSCAR_F6Pd2_2_z975,274,31,ok,8,0.9993519959357305,0.47612689263722824,0.8919715203491358,0.96548677241025,0.20057286462566187,0.913,0.938,PROCAR,nurion
POSCAR_F6Ru2_1,152,31,ok,8,0.9990887773563754,0.5205346984363032,0.8119817999065037,0.78042263722536,0.3554786341675479,0.834,0.847,PROCAR,local_backup
POSCAR_F6Ru2_1_st025,140,31,ok,8,0.9997094179089596,0.6983279748374303,0.7251664046246017,0.6684598572936238,0.5697390623475463,0.8170000000000001,0.798,PROCAR,tgm
POSCAR_F6Ru2_1_st050,188,25,ok,8,0.9984854127375016,0.5386026127115952,0.5446875297657137,0.979393916973839,0.4251789288988016,0.754,0.744,PROCAR,tgm
POSCAR_F6Ru2_1_st950,84,35,ok,8,0.9998244298152892,0.15441940603061008,0.999582600189086,0.5388570065314042,0.11496488467951206,0.931,0.922,PROCAR,tgm
POSCAR_F6Ru2_1_st975,114,35,ok,8,0.9999571224803147,0.17352506338944526,0.9998655660693785,0.5865434579126354,0.1188605050932533,0.914,0.918,PROCAR,tgm
POSCAR_F6Ru2_1_x025,21,34,ok,8,0.9999760501760737,0.4771956154465168,0.9995465375952141,0.7058079470751953,0.2560982548818269,0.899,0.896,PROCAR,nurion
POSCAR_F6Ru2_1_y025,12,34,ok,8,0.9999872626249134,0.47984824744949894,0.9996619085869772,0.6596948709107395,0.24408159719698688,0.898,0.9009999999999999,PROCAR,nurion
POSCAR_F6Ru2_1_z025,140,31,ok,8,0.9985812013327166,0.5805944696380686,0.7025584167611405,0.5505273240555526,0.4038094273783253,0.8250000000000001,0.818,PROCAR,nurion
POSCAR_F6Ru2_1_z050,140,31,ok,8,0.9971298115643945,0.9555347224658575,0.9653331634998343,0.7611980116148814,0.671964714304306,0.8160000000000001,0.795,PROCAR,nurion
POSCAR_F6Ru2_1_z950,105,34,ok,8,0.9999243392504177,0.3655944002759866,0.9930676477982721,0.7147738691288194,0.24801231628034037,0.923,0.917,PROCAR,nurion
POSCAR_F6Ru2_1_z975,9,33,ok,8,0.9970893209194771,0.3912985024552326,0.7222658208416199,0.26489874779683625,0.07498831833953915,0.8540000000000001,0.8550000000000001,PROCAR,nurion
POSCAR_F6Ru2_2,185,35,ok,8,0.9988336336096736,0.17729201459982816,0.9971221531323792,0.9693979501009627,0.10131686384182068,0.899,0.917,PROCAR,local_backup
POSCAR_F6Ru2_2_st025,129,34,ok,8,0.9954702126134262,0.4155082015522306,0.9896056561639949,0.9603907351311537,0.3176925647316139,0.884,0.898,PROCAR,tgm
POSCAR_F6Ru2_2_st050,193,34,ok,8,0.9986816445696338,0.492857018242072,0.985769963521675,0.9503118511167522,0.33208109584694095,0.866,0.883,PROCAR,tgm
POSCAR_F6Ru2_2_st950,185,35,ok,8,0.99468499831829,0.105146771724584,0.9966027693513366,0.970947524099913,0.0678151501686296,0.919,0.935,PROCAR,tgm
POSCAR_F6Ru2_2_st975,185,35,ok,8,0.9965521702368029,0.13369248963216548,0.9969102826580964,0.9711461560665872,0.08280900411913782,0.913,0.9219999999999999,PROCAR,tgm
POSCAR_F6Ru2_2_x025,185,35,ok,8,0.9991745189008525,0.20458591544645788,0.9970520219857422,0.9687339931121417,0.11131713188858638,0.8970000000000001,0.915,PROCAR,nurion
POSCAR_F6Ru2_2_x050,193,34,ok,8,0.995757915968199,0.409299445998171,0.9904684896014754,0.9729701162917885,0.3072326312745661,0.8889999999999999,0.9000000000000001,PROCAR,nurion
POSCAR_F6Ru2_2_x950,185,35,ok,8,0.996789937987477,0.14525681500594487,0.9969749908535488,0.9709856827722035,0.09026212669985052,0.91,0.921,PROCAR,nurion
POSCAR_F6Ru2_2_x975,185,35,ok,8,0.9980902220610325,0.15711544443335293,0.9972186600401484,0.9720008837325652,0.09318904212704711,0.9000000000000001,0.92,PROCAR,nurion
POSCAR_F6Ru2_2_y025,185,35,ok,8,0.9989825358010486,0.19604800520658622,0.9784405681246674,0.9716665640266567,0.08197071386872092,0.896,0.912,PROCAR,nurion
POSCAR_F6Ru2_2_y050,185,35,ok,8,0.9990247080005777,0.21976964017074585,0.95454357682985,0.9723029589446635,0.07760653458144386,0.8940000000000001,0.909,PROCAR,nurion
POSCAR_F6Ru2_2_y950,129,35,ok,8,0.9967628115551006,0.15862890668245877,0.9695295785070785,0.9774465723649647,0.10264341325566555,0.9059999999999999,0.926,PROCAR,nurion
POSCAR_F6Ru2_2_y975,129,35,ok,8,0.9981329546580248,0.1623635715911218,0.982634577257567,0.9711125416241655,0.11305711080249316,0.9019999999999999,0.919,PROCAR,nurion
POSCAR_F6Ru2_2_z025,129,35,ok,8,0.9990387571912075,0.1998797051799358,0.9790978227561133,0.9680477184810521,0.13626290889367793,0.898,0.911,PROCAR,nurion
POSCAR_F6Ru2_2_z050,129,35,ok,8,0.9988209068624319,0.21812473859675358,0.9542585151676876,0.9705703161468954,0.1463899157116596,0.893,0.912,PROCAR,nurion
POSCAR_F6Ru2_2_z950,185,35,ok,8,0.9968515290881905,0.16106472912913822,0.9690973516105476,0.9782634704332679,0.0626584467129562,0.907,0.926,PROCAR,nurion
POSCAR_F6Ru2_2_z975,185,35,ok,8,0.9980885380368449,0.162832216890578,0.9824523656005163,0.9743743768497454,0.07373325406840375,0.904,0.92,PROCAR,nurion
POSCAR_F6Ti2_3,175,33,ok,8,0.9997987227179711,0.03097360524569401,0.9989068196428403,0.999670759665887,0.0135429249018228,0.92,0.921,PROCAR,local_backup
POSCAR_F6Ti2_3_st025,175,33,ok,8,0.999845046278148,0.027472628887807663,0.9988991916214481,0.9996996569586265,0.012383261299487847,0.921,0.921,PROCAR,tgm
POSCAR_F6Ti2_3_st050,175,33,ok,8,0.9997954318405993,0.022984621269794864,0.9988711988735509,0.9996480521526266,0.010579551741415996,0.919,0.921,PROCAR,tgm
POSCAR_F6Ti2_3_st950,170,33,ok,8,0.999636321430472,0.050684825028649814,0.9986417401933175,0.9991147740568559,0.02100331608579678,0.924,0.916,PROCAR,tgm
POSCAR_F6Ti2_3_st975,175,33,ok,8,0.9996978709718196,0.039418910000893134,0.9987779930330939,0.9994759443296676,0.017409927412037545,0.918,0.924,PROCAR,tgm
POSCAR_F6Ti2_3_x025,175,33,ok,8,0.999779377866828,0.029838326582718445,0.9989490988415234,0.9996085782248985,0.011790443991767947,0.919,0.923,PROCAR,nurion
POSCAR_F6Ti2_3_x050,175,33,ok,8,0.9997966225967168,0.02621879074145547,0.9989297941989878,0.9996645946017697,0.00920634764786014,0.9219999999999999,0.923,PROCAR,nurion
POSCAR_F6Ti2_3_x950,170,33,ok,8,0.9997295560034246,0.03827168356401215,0.9987587793700794,0.9993024995521339,0.02152270906832841,0.924,0.918,PROCAR,nurion
POSCAR_F6Ti2_3_x975,170,33,ok,8,0.9996621944342783,0.03453315485526537,0.99870814893627,0.9993270429663711,0.016731015043461556,0.924,0.918,PROCAR,nurion
POSCAR_F6Ti2_3_y025,170,33,ok,8,0.9997259343569231,0.029735579635917803,0.9988001426026472,0.99933577975594,0.01334069762865398,0.9239999999999999,0.9179999999999999,PROCAR,nurion
POSCAR_F6Ti2_3_y050,170,33,ok,8,0.9998255298706462,0.029941657933246824,0.9988240277062012,0.9995153097067327,0.01677554365159894,0.9229999999999999,0.9209999999999999,PROCAR,nurion
POSCAR_F6Ti2_3_y950,175,33,ok,8,0.9997564238803831,0.03202194097610164,0.9989757608690736,0.9996236365884291,0.012265541181011292,0.916,0.921,PROCAR,nurion
POSCAR_F6Ti2_3_y975,175,33,ok,8,0.9997209965919343,0.032143117175945125,0.9988994014264682,0.9994989907697426,0.012734616099282874,0.9180000000000001,0.9220000000000002,PROCAR,nurion
POSCAR_F6Ti2_3_z025,175,33,ok,8,0.9997062307662906,0.02848553865309442,0.9988552538843777,0.999586831177194,0.012751065732650727,0.917,0.926,PROCAR,nurion
POSCAR_F6Ti2_3_z050,175,33,ok,8,0.999807771239947,0.028645296526191775,0.9989239495374245,0.9996927291627291,0.013369764616188218,0.9200000000000002,0.924,PROCAR,nurion
POSCAR_F6Ti2_3_z950,170,33,ok,8,0.9997563785571242,0.03483686470933207,0.9991058908907199,0.9993881143842369,0.017278561187978783,0.924,0.9179999999999999,PROCAR,nurion
POSCAR_F6Ti2_3_z975,170,33,ok,8,0.9996249109754457,0.035886855613778926,0.9988797287702109,0.9992718670622909,0.015816024893735414,0.926,0.92,PROCAR,nurion
POSCAR_F6Ti2_4,5,33,ok,8,0.9998307269814216,0.024358562848354925,0.9989447229442432,0.49371336185045955,0.014053948723428572,0.915,0.919,PROCAR,local_backup
POSCAR_F6Ti2_4_st025,5,33,ok,8,0.9998145967547549,0.018289715524140947,0.9989444319341556,0.4842778516015908,0.011556835724257591,0.912,0.92,PROCAR,tgm
POSCAR_F6Ti2_4_st050,5,33,ok,8,0.9998853511390743,0.016117406622617063,0.9988737987666438,0.47296954891006715,0.010102206935959803,0.916,0.916,PROCAR,tgm
POSCAR_F6Ti2_4_st950,5,33,ok,8,0.9997506702667515,0.03452896236232919,0.998847747325422,0.5155089507768551,0.018977221365239154,0.914,0.921,PROCAR,tgm
POSCAR_F6Ti2_4_st975,5,33,ok,8,0.999825692381807,0.02684449672167417,0.9988980915174558,0.5040671415492893,0.014631662948634137,0.915,0.919,PROCAR,tgm
POSCAR_F6Ti2_4_z025,5,33,ok,8,0.9997968097326422,0.02192384701017392,0.9990124892556225,0.42175341636629654,0.011912481946839644,0.9139999999999999,0.917,PROCAR,nurion
POSCAR_F6Ti2_4_z050,5,33,ok,8,0.9996501972653781,0.020765862599759988,0.9990538880491089,0.3648506396452937,0.011371844314217434,0.911,0.917,PROCAR,nurion
POSCAR_F6Ti2_4_z950,231,33,ok,8,0.9999323006587204,0.026145784230405124,0.9986005814096035,0.6457854353820357,0.013293970646905172,0.915,0.9219999999999999,PROCAR,nurion
POSCAR_F6Ti2_4_z975,231,33,ok,8,0.9999912960467763,0.02561600337008948,0.9987867871779423,0.5629599100583835,0.013419531694201473,0.9129999999999999,0.923,PROCAR,nurion
POSCAR_F6Ti2_6,199,33,ok,8,0.9999992709865023,0.029817618147801973,0.9988840739011401,0.44068399155264937,0.014773078504791553,0.914,0.9149999999999999,PROCAR,local_backup
POSCAR_F6Ti2_6_st950,199,33,ok,8,0.9999947791860652,0.04783407272603867,0.9985262756203025,0.41277568219240635,0.023935859380890698,0.918,0.915,PROCAR,tgm
POSCAR_F6Ti2_6_st975,199,33,ok,8,0.9999917911927918,0.036151966411212655,0.9987353393912806,0.42270998266292786,0.017037823789168266,0.915,0.915,PROCAR,tgm
POSCAR_F6Ti2_6_z025,222,33,ok,8,0.9999241321672813,0.033590385288866084,0.9990968722459819,0.5324100495877546,0.015252139075387541,0.916,0.916,PROCAR,nurion
POSCAR_F6V2_1,226,33,ok,8,0.9992307861167257,0.05555157704645858,0.9998154363959277,0.9287672380006352,0.02526691778327677,0.933,0.937,ToBeDelete_PROCAR,nurion
POSCAR_F6V2_1_st025,226,33,ok,8,0.999306862394264,0.056966824465365856,0.9997699544395926,0.9395339954575437,0.02985118168853163,0.9339999999999999,0.932,ToBeDelete_PROCAR,nurion
POSCAR_F6V2_1_st050,52,26,ok,8,0.9997961812497175,0.9783753998132501,0.9764236235768833,0.9512328142651695,0.9333326968117046,0.7540000000000001,0.762,ToBeDelete_PROCAR,nurion
POSCAR_F6V2_1_st975,233,33,ok,8,0.9996597579788481,0.03022821985885276,0.9984135084689798,0.2976968995864146,0.01740995654223882,0.9400000000000002,0.9410000000000001,ToBeDelete_PROCAR,nurion
POSCAR_F6V2_1_z025,226,33,ok,8,0.998855155695803,0.05584626692275245,0.9993942972581863,0.9544950704996887,0.02761666507798294,0.9320000000000002,0.9360000000000002,PROCAR,nurion
POSCAR_F6V2_1_z050,234,33,ok,8,0.9984605573549571,0.048236197257576406,0.9979729780674792,0.5188919058911567,0.022201794550858144,0.9290000000000002,0.926,PROCAR,nurion
POSCAR_F6V2_1_z950,16,33,ok,8,0.9995901109462184,0.021096661390810404,0.9971050886834502,0.9944495323602759,0.024559470764444882,0.9370000000000002,0.9360000000000002,PROCAR,nurion
POSCAR_F6V2_1_z975,10,33,ok,8,0.9994812636365137,0.02594342777046148,0.9998313061233033,0.0318343474252087,0.004938978134606241,0.929,0.927,PROCAR,nurion
POSCAR_F6V2_2,237,33,ok,8,0.9951032706747277,0.02881261881437901,0.9991240776620788,0.9860377454275964,0.04259499933541509,0.9340000000000002,0.929,PROCAR,nurion
POSCAR_F6V2_2_st025,234,30,ok,8,0.9989409717377191,0.9962415916025898,0.9947831398685953,0.7010976774574784,0.5972027079301288,0.81,0.8,ToBeDelete_PROCAR,nurion
POSCAR_F6V2_2_st050,236,26,ok,8,0.9997401865937169,0.9718761622320521,0.9907933790913064,0.979860436933982,0.7493601202755346,0.775,0.793,ToBeDelete_PROCAR,nurion
POSCAR_F6V2_2_st950,238,34,ok,8,0.9998298066090865,0.03336149956432005,0.9999396520209644,0.995764027590749,0.03700508314784945,0.9450000000000001,0.9390000000000001,PROCAR,nurion
POSCAR_F6V2_2_st975,237,33,ok,8,0.9964038623333292,0.02614541061590408,0.9993677901708969,0.9885822319751687,0.03520156948200124,0.9380000000000002,0.9320000000000002,ToBeDelete_PROCAR,nurion
POSCAR_F6V2_2_x025,237,33,ok,8,0.9944555439744415,0.029761198285868783,0.9989589836130067,0.9803018650275835,0.04557504834725376,0.931,0.9279999999999999,PROCAR,nurion
POSCAR_F6V2_2_x050,234,30,ok,8,0.9991489612665712,0.995368590102151,0.991727615055222,0.9988338099894863,0.9943761294556812,0.8140000000000001,0.8069999999999999,PROCAR,nurion
POSCAR_F6V2_2_x950,238,34,ok,8,0.9997511651527387,0.03209948385069208,0.9999103611825348,0.9935767296521535,0.04092040703225283,0.9380000000000001,0.933,PROCAR,nurion
POSCAR_F6V2_2_x975,237,33,ok,8,0.9953631465865719,0.028583577341671933,0.9991721041356688,0.9867429921658785,0.04039758676088116,0.9360000000000002,0.9279999999999999,PROCAR,nurion
POSCAR_F6V2_2_y025,237,33,ok,8,0.9950679573166786,0.028014001394409474,0.9972932399704514,0.9412740286173064,0.033663190858785885,0.931,0.925,PROCAR,nurion
POSCAR_F6V2_2_y950,319,33,ok,8,0.998319236446748,0.033249921203600645,0.9988078696568241,0.9975272229258945,0.012004581603445193,0.937,0.931,PROCAR,nurion
POSCAR_F6V2_2_y975,237,33,ok,8,0.9966445842517567,0.02832086100768181,0.9977692177529016,0.9740878202672549,0.02185239873486108,0.931,0.932,PROCAR,nurion
POSCAR_F6V2_2_z025,237,33,ok,8,0.9950364314546366,0.030499084262537442,0.9970993383278116,0.9749992356578557,0.025960700391522495,0.93,0.925,PROCAR,nurion
POSCAR_F6V2_2_z975,237,33,ok,8,0.9961639788527918,0.02707345872520302,0.9975967823723849,0.9437667011986558,0.029938917991946524,0.936,0.93,PROCAR,nurion
POSCAR_F6Zr2_2,19,33,ok,8,0.999548003059514,0.00848010029060811,0.9998905973819487,0.9591959943251802,0.005224677767483735,0.821,0.807,PROCAR,local_backup
POSCAR_F6Zr2_2_st025,19,33,ok,8,0.9997452666923644,0.006765609851072271,0.9999405687206232,0.9572823820927097,0.0044860576120820455,0.823,0.812,PROCAR,tgm
POSCAR_F6Zr2_2_st050,55,33,ok,8,0.9997867498692663,0.01063611348440179,0.9999612116595027,0.9584626344870582,0.0039059879156213076,0.827,0.8150000000000001,PROCAR,tgm
POSCAR_F6Zr2_2_st950,19,33,ok,8,0.9988612413310464,0.013722327859396687,0.9997228691720876,0.9597505936150248,0.0077397535928624295,0.8109999999999999,0.792,PROCAR,tgm
POSCAR_F6Zr2_2_st975,19,33,ok,8,0.9992870750614355,0.008887160545546698,0.9998339937889117,0.959253889193098,0.005601715839527684,0.8170000000000001,0.8,PROCAR,tgm
POSCAR_F6Zr2_2_z025,127,33,ok,8,0.9998878600409942,0.06484853033392954,0.9998514465848237,0.9695857588816629,0.015130660387765475,0.8160000000000001,0.805,PROCAR,nurion
POSCAR_F6Zr2_2_z050,127,33,ok,8,0.9999425836203354,0.057595920965981116,0.9998498344443764,0.9770719516379606,0.015066450544840161,0.8140000000000001,0.804,PROCAR,nurion
POSCAR_F6Zr2_2_z950,55,33,ok,8,0.9996851425927672,0.02126310337326606,0.9998311559913783,0.9319085308707787,0.004539729047706621,0.825,0.81,PROCAR,nurion
POSCAR_F6Zr2_2_z975,19,33,ok,8,0.9995977946327332,0.008562981986181308,0.9999110743309451,0.9461862851370355,0.005579148132554715,0.8210000000000001,0.806,PROCAR,nurion
POSCAR_F6Zr2_4,131,33,ok,8,0.9999182816025731,0.02247378075750844,0.9984962326508939,0.999869117670748,0.009240989809138848,0.844,0.841,PROCAR,local_backup
POSCAR_F6Zr2_4_st025,131,33,ok,8,0.9999827581925171,0.021033300252875246,0.9986657399734539,0.9999402914459636,0.007204337054656789,0.842,0.843,PROCAR,tgm
POSCAR_F6Zr2_4_st050,131,33,ok,8,0.9999664810300218,0.015583091763393267,0.998796407496308,0.9999400937829245,0.005891813630482194,0.841,0.838,PROCAR,tgm
POSCAR_F6Zr2_4_st950,120,33,ok,8,0.9998396721059797,0.03078274776911495,0.9987700597621202,0.999831327071232,0.014137132789934243,0.854,0.849,PROCAR,tgm
POSCAR_F6Zr2_4_st975,120,33,ok,8,0.9998819824967603,0.02530300761417895,0.9989367076211537,0.9998637454042557,0.011223234620227411,0.848,0.845,PROCAR,tgm
POSCAR_F6Zr2_4_x050,131,33,ok,8,0.9999639860730455,0.0171440393716019,0.9986889277142257,0.9999519283565983,0.004892111251298246,0.84,0.837,PROCAR,nurion
POSCAR_F6Zr2_4_x950,120,33,ok,8,0.9999637452714826,0.02893823541711859,0.9988437349191689,0.9999227118951312,0.013348214837749247,0.846,0.844,PROCAR,nurion
POSCAR_F6Zr2_4_x975,120,33,ok,8,0.9999378469770062,0.022373172545570252,0.9988672963761211,0.9999042557859923,0.00913251900665197,0.847,0.845,PROCAR,nurion
POSCAR_F6Zr2_4_y025,120,33,ok,8,0.9999375345439461,0.022323851445033835,0.9991395280820256,0.999919808571672,0.009239130541034563,0.846,0.843,PROCAR,nurion
POSCAR_F6Zr2_4_y050,120,33,ok,8,0.9999499679713336,0.020929708142536346,0.9992381107871268,0.9999175905452246,0.009650974659674544,0.842,0.841,PROCAR,nurion
POSCAR_F6Zr2_4_y950,131,33,ok,8,0.9999238856550384,0.025325646454759227,0.9982434836109,0.9999091425779855,0.009253659700569166,0.848,0.843,PROCAR,nurion
POSCAR_F6Zr2_4_y975,131,33,ok,8,0.9999179451448288,0.02522711549522803,0.9984366606834207,0.9998785084794262,0.00926954797961561,0.844,0.841,PROCAR,nurion
POSCAR_F6Zr2_4_z025,131,33,ok,8,0.9999662023371213,0.023687128177339263,0.9984256249600573,0.9999319834179471,0.008999149257198549,0.845,0.842,PROCAR,nurion
POSCAR_F6Zr2_4_z050,131,33,ok,8,0.9999454703851833,0.020971687031691954,0.9983638448176967,0.9999343690092998,0.006711926544924139,0.845,0.837,PROCAR,nurion
POSCAR_F6Zr2_4_z950,120,33,ok,8,0.9998793129796364,0.023998642349779175,0.9992771444233549,0.9998235500234578,0.010854949128885209,0.844,0.841,PROCAR,nurion
POSCAR_F6Zr2_4_z975,120,33,ok,8,0.9999479418739989,0.02120858814991022,0.9992106508659755,0.999898858095567,0.009494577238321002,0.843,0.843,PROCAR,nurion
POSCAR_F8Mn2_1,204,33,ok,10,0.9999639628504272,0.7179290515738741,0.7520609030599744,0.9624141721567966,0.5588806240770483,0.8270000000000003,0.8310000000000002,PROCAR,nurion
POSCAR_F8Mn2_1_st025,94,33,ok,10,0.9999550663909144,0.7396530903969902,0.7536455504613844,0.972415123378861,0.602318539332842,0.8130000000000001,0.8230000000000002,PROCAR,nurion
POSCAR_F8Mn2_1_st050,147,29,ok,10,0.9996854895850134,0.46210297771396125,0.5943717643334884,0.9390934239060512,0.309544184266894,0.8070000000000002,0.7910000000000001,PROCAR,nurion
POSCAR_F8Mn2_1_st950,50,33,ok,10,0.9999698690095905,0.47580956753906223,0.48172064665108477,0.6676261943680497,0.3007824711577731,0.8490000000000002,0.8670000000000001,ToBeDelete_PROCAR,nurion
POSCAR_F8Mn2_1_st975,149,33,ok,10,0.9999771108554637,0.7370829404957981,0.794743077170329,0.9907518466873685,0.6186305751007567,0.8350000000000002,0.8490000000000002,ToBeDelete_PROCAR,nurion
POSCAR_F8Mn2_1_z025,66,33,ok,10,0.99999090377085,0.6562229659333246,0.6698080282782101,0.8583911642977928,0.5961379035978629,0.8280000000000001,0.8160000000000001,ToBeDelete_PROCAR,nurion
POSCAR_F8Mn2_1_z050,66,33,ok,10,0.9999517862922166,0.5456236718863591,0.5508061616087324,0.911947536537287,0.4825632003768544,0.8220000000000001,0.8090000000000002,ToBeDelete_PROCAR,nurion
POSCAR_F8Mn2_1_z950,93,33,ok,10,0.9970070693662075,0.7491877884285125,0.7952134616239396,0.9395692109280662,0.5810555488307633,0.8360000000000002,0.8540000000000001,ToBeDelete_PROCAR,nurion
POSCAR_F8Mn2_1_z975,149,33,ok,10,0.9999983561510385,0.5359723154305794,0.5647959421247737,0.9973409775412848,0.5138353865977328,0.8270000000000002,0.8380000000000002,ToBeDelete_PROCAR,nurion
POSCAR_F8Nb2_3,112,41,ok,10,0.9998495206280295,0.02438090407255788,0.9905286255246073,0.5142359347788606,0.01808471196042201,0.9890000000000001,0.9870000000000001,PROCAR,nurion
POSCAR_F8Nb2_3_st025,112,41,ok,10,0.9997830057372009,0.023156674244176292,0.987377417751724,0.5200744550566974,0.017654874889830183,0.98,0.9730000000000001,ToBeDelete_PROCAR,nurion
POSCAR_F8Nb2_3_st050,112,41,ok,10,0.9998209612035288,0.023984565833453476,0.9818579448978566,0.5276129794041046,0.01858692328575886,0.964,0.962,PROCAR,nurion
POSCAR_F8Nb2_3_st950,112,41,ok,10,0.9998393724238225,0.026756369884103747,0.9928413249314522,0.5178461819851657,0.019989973833308358,1.046,1.047,ToBeDelete_PROCAR,nurion
POSCAR_F8Nb2_3_st975,112,41,ok,10,0.9997865531524592,0.025991153688257475,0.9922231556453374,0.5151696541658474,0.018949793457423026,1.006,1.0030000000000001,PROCAR,nurion
POSCAR_F8Nb2_3_z025,112,41,ok,10,0.9998729727240057,0.023429771909570386,0.9895719458917078,0.5539767516085169,0.0182839852544957,0.984,0.982,ToBeDelete_PROCAR,nurion
POSCAR_F8Nb2_3_z050,46,41,ok,10,0.9997800148278312,0.022996475097871016,0.9879642357754362,0.5927941615475242,0.012584257257388955,0.976,0.978,ToBeDelete_PROCAR,nurion
POSCAR_F8Nb2_3_z950,111,41,ok,10,0.999804825216501,0.02615927683043765,0.9915356736278491,0.4442180827606461,0.02049348355351132,0.9980000000000001,0.9970000000000001,ToBeDelete_PROCAR,nurion
POSCAR_F8Nb2_3_z975,111,41,ok,10,0.9998955635743237,0.02530919822693027,0.9912941970292038,0.47462488896433197,0.01997323254901217,0.992,0.9930000000000001,ToBeDelete_PROCAR,nurion
POSCAR_F8Ni2_1,93,26,ok,10,0.9849732001154686,0.6638212252512707,0.6737343061031115,0.8903053712940308,0.4507777004769485,0.8770000000000001,0.8180000000000002,ToBeDelete_PROCAR,nurion
POSCAR_F8Ni2_1_st025,93,26,ok,10,0.9662363578996257,0.45337717077596723,0.4561477034659658,0.9253162161898807,0.29034050700334657,0.876,0.81,PROCAR,nurion
POSCAR_F8Ni2_1_st050,93,26,ok,10,0.9658077621669234,0.4452269573764435,0.445783453807778,0.952412006873996,0.3402659575697485,0.8590000000000001,0.803,ToBeDelete_PROCAR,nurion
POSCAR_F8Ni2_1_st950,203,35,ok,10,0.9979278183220556,0.7616181160914061,0.7609645068950178,0.7664286540216322,0.43682758339500516,0.8640000000000001,0.875,PROCAR,nurion
POSCAR_F8Ni2_1_st975,148,26,ok,10,0.986859624265869,0.7259378081398549,0.7390518815840333,0.8287478099017431,0.4778690931991352,0.8790000000000001,0.8280000000000001,ToBeDelete_PROCAR,nurion
POSCAR_F8Ni2_1_z025,93,26,ok,10,0.9740144281562274,0.5128840785043794,0.5214285520494756,0.8914323993958749,0.321804008855075,0.886,0.8200000000000001,PROCAR,nurion
POSCAR_F8Ni2_1_z050,93,26,ok,10,0.9654709661034957,0.40949474170607497,0.41514785249083813,0.9097292860453741,0.2572575730510287,0.885,0.8180000000000002,PROCAR,nurion
POSCAR_F8Ni2_1_z950,148,26,ok,10,0.9914964912403864,0.8513697698384015,0.86199360503195,0.8591280489288047,0.5705406194923858,0.8620000000000002,0.8230000000000001,PROCAR,nurion
POSCAR_F8Ni2_1_z975,148,26,ok,10,0.9890018573037089,0.7696901389254079,0.7805609314892401,0.827685715527066,0.5048483444366645,0.8720000000000001,0.8180000000000001,PROCAR,nurion
POSCAR_F8V2_1,260,41,ok,10,0.995189219667534,0.040018307977743695,0.9464676367322035,0.5737814199565945,0.02819400240326589,0.9230000000000002,0.911,ToBeDelete_PROCAR,nurion
POSCAR_F8V2_1_st025,260,41,ok,10,0.9954094729982024,0.05000217700816124,0.9109762760554516,0.566027366497249,0.03681939177321832,0.909,0.905,PROCAR,nurion
POSCAR_F8V2_1_st050,260,41,ok,10,0.9957247031847184,0.07063920016629707,0.8423412950478963,0.5456160552328627,0.055429451578646226,0.896,0.8850000000000001,PROCAR,nurion
POSCAR_F8V2_1_st950,260,41,ok,10,0.9963433016942157,0.03476613493759311,0.9763525671045529,0.583237322511562,0.01944031653501526,0.932,0.924,ToBeDelete_PROCAR,nurion
POSCAR_F8V2_1_st975,260,41,ok,10,0.9957063468671125,0.0356316123740814,0.9655729981770407,0.5800892689195681,0.02249000514108565,0.926,0.921,ToBeDelete_PROCAR,nurion
POSCAR_F8V2_1_z025,260,41,ok,10,0.9944320010648693,0.040714170763877226,0.9404722704834305,0.5770657437446185,0.025638461701515125,0.917,0.91,PROCAR,nurion
POSCAR_F8V2_1_z050,260,41,ok,10,0.9938636299500171,0.04090363740887335,0.9301421173169078,0.5811560339423913,0.02480922523028027,0.9120000000000001,0.907,PROCAR,nurion
POSCAR_F8V2_1_z950,260,41,ok,10,0.995707684397926,0.03859828010992599,0.953998650081635,0.5597845379802828,0.028833279009268048,0.9239999999999999,0.914,PROCAR,nurion
POSCAR_F8V2_1_z975,260,41,ok,10,0.9959360368328902,0.03855232794584427,0.9502501639247052,0.5662285232936416,0.02828795858170238,0.9220000000000002,0.914,PROCAR,nurion
POSCAR_Fe2Ga5_1,230,41,ok,7,0.9999985226090631,0.09870298114921308,0.9915346214394077,0.9999346938683027,0.05795246426265847,0.792,0.791,ToBeDelete_PROCAR,nurion
POSCAR_Fe2Ga5_1_st975,119,41,ok,7,0.9999979685119731,0.043126622644602555,0.9976498179078327,0.9999403654466029,0.02623490980380261,0.8220000000000001,0.8230000000000001,ToBeDelete_PROCAR,nurion
POSCAR_Fe2Ga5_1_x025,159,41,ok,7,0.9999825465997095,0.04911405428632904,0.9944551206403216,0.999944391982542,0.02262259080571606,0.78,0.781,PROCAR,nurion
POSCAR_Fe2Ga5_1_x050,222,41,ok,7,0.9999870925578518,0.15416350045701788,0.9707892694069239,0.9999811104937826,0.07677624307900018,0.681,0.679,PROCAR,nurion
POSCAR_Fe2Ga5_1_x950,119,41,ok,7,0.9999952671353093,0.04538695021618943,0.995718656382673,0.9999553373426666,0.031874202569735964,0.8,0.8000000000000002,PROCAR,nurion
POSCAR_Fe2Ga5_1_x975,119,41,ok,7,0.9999992359579972,0.04537398447766512,0.9955525483126699,0.9999635897455831,0.030910482454715664,0.795,0.7930000000000001,PROCAR,nurion
POSCAR_Fe2Ga5_1_y025,251,39,ok,7,0.9999968875180959,0.17348359883337894,0.9877585284842535,0.9999129044054227,0.16047808829878119,0.7340000000000001,0.7340000000000001,PROCAR,nurion
POSCAR_Fe2Ga5_1_y050,251,39,ok,7,0.9999984681997421,0.1520874261695527,0.9584701557805385,0.9999896007265944,0.10735490573800696,0.7120000000000002,0.7110000000000001,PROCAR,nurion
POSCAR_Fe2Ga5_1_y950,163,37,ok,7,0.9999982387143599,0.3498170172424485,0.9593451082221522,0.9999909269323237,0.3743630416526605,0.757,0.7560000000000001,PROCAR,nurion
POSCAR_Fe2Ga5_1_y975,159,41,ok,7,0.9999987888745153,0.02537102101897233,0.9954026092810617,0.9999425904509738,0.016090811758107237,0.81,0.8110000000000002,PROCAR,nurion
POSCAR_Fe2Ga5_1_z025,230,41,ok,7,0.9999999999999998,0.1121735025919289,0.9886757143990941,0.9999925200758677,0.05676957235954399,0.785,0.7849999999999999,PROCAR,nurion
POSCAR_Fe2Ga5_1_z050,47,40,ok,7,1.0,0.3097740306009229,0.4652266992530773,1.0,0.3232668434581363,0.53,0.53,PROCAR,nurion
POSCAR_Fe2Ga5_1_z950,241,38,ok,7,0.9999779203071467,0.20203045854109533,0.9459957449220446,0.9999741667629861,0.14291453134226653,0.7290000000000001,0.7300000000000001,PROCAR,nurion
POSCAR_Fe2Ga5_1_z975,140,40,ok,7,0.9999935370130713,0.09837009363700684,0.9777861726635899,0.9999802719961769,0.09906270357417984,0.766,0.768,PROCAR,nurion
POSCAR_Fe2Ge1_1,7,15,ok,3,0.999987485927879,0.23313391833461822,0.9999810878822968,0.9998147717128959,0.16545098778107376,0.813,0.8180000000000001,PROCAR,nurion
POSCAR_Fe2Ge1_1_st025,7,15,ok,3,0.9999683255191967,0.23897448862021478,0.9999463962685095,0.9997066489887904,0.18245703257298787,0.8009999999999999,0.804,PROCAR,nurion
POSCAR_Fe2Ge1_1_st050,7,15,ok,3,0.9999196603311963,0.25159768514996994,0.9998877885026373,0.9995213978219927,0.20647021812078925,0.789,0.787,PROCAR,nurion
POSCAR_Fe2Ge1_1_st950,7,15,ok,3,0.9999975345698239,0.2326738344922172,0.9999946723225682,0.9999445378173937,0.131454789028472,0.842,0.8430000000000001,PROCAR,nurion
POSCAR_Fe2Ge1_1_st975,7,15,ok,3,0.9999939511772596,0.2315207077840608,0.9999831462414325,0.9998314211722236,0.1483654298138205,0.8280000000000001,0.8280000000000001,PROCAR,nurion
POSCAR_Fe2Ge1_1_x025,7,15,ok,3,0.9999353833434252,0.2730925364492631,0.9999339090789321,0.9997991446636311,0.2002087748335181,0.811,0.807,ToBeDelete_PROCAR,nurion
POSCAR_Fe2Ge1_1_x050,7,15,ok,3,0.9999750965838996,0.3191996963105927,0.9999296787719063,0.9997437422013193,0.24225086415829022,0.796,0.799,ToBeDelete_PROCAR,nurion
POSCAR_Fe2Ge1_1_x950,525,15,ok,3,0.9999978080263657,0.25950819843559425,0.9999942991595454,0.9999602660871273,0.12084207422266573,0.8170000000000002,0.8160000000000002,ToBeDelete_PROCAR,nurion
POSCAR_Fe2Ge1_1_x975,7,15,ok,3,0.9999909547255403,0.20195985128989696,0.9999718676012647,0.9998789449861148,0.13678260886441856,0.8250000000000001,0.822,ToBeDelete_PROCAR,nurion
POSCAR_Fe2Ge1_1_y025,7,15,ok,3,0.9999973384902006,0.22322416593815061,0.9999768476296252,0.9998761902408988,0.15642383696528134,0.809,0.81,ToBeDelete_PROCAR,nurion
POSCAR_Fe2Ge1_1_y050,7,15,ok,3,0.99998720579668,0.21195801064832842,0.9999810379957965,0.9998473228285879,0.14765175402150346,0.806,0.805,ToBeDelete_PROCAR,nurion
POSCAR_Fe2Ge1_1_y950,7,15,ok,3,0.9999778124704057,0.2663004292864079,0.9999584522470135,0.9999008508291998,0.1889912307842934,0.828,0.8270000000000001,ToBeDelete_PROCAR,nurion
POSCAR_Fe2Ge1_1_y975,7,15,ok,3,0.999986084735552,0.246880171380142,0.9999682423046239,0.9998735051025159,0.1759239145639389,0.8210000000000001,0.8210000000000001,ToBeDelete_PROCAR,nurion
POSCAR_Fe2Ge1_1_z025,7,15,ok,3,0.9999919673248576,0.2145219290548545,0.9999564653147849,0.9998403968375623,0.15865897561417702,0.815,0.817,ToBeDelete_PROCAR,nurion
POSCAR_Fe2Ge1_1_z050,525,15,ok,3,0.9999578615014736,0.275357656440621,0.9999572155772158,0.9998475231291934,0.13186387866497268,0.798,0.799,ToBeDelete_PROCAR,nurion
POSCAR_Fe2Ge1_1_z950,7,15,ok,3,0.9999933103661948,0.2891833460288959,0.9999850396924587,0.999839381737884,0.17838439212234064,0.821,0.821,ToBeDelete_PROCAR,nurion
POSCAR_Fe2Ge1_1_z975,7,15,ok,3,0.9999775523987499,0.2584891158522709,0.9999595503184787,0.9998403711411168,0.17252760451139845,0.8170000000000001,0.8160000000000001,ToBeDelete_PROCAR,nurion
POSCAR_Fe2Ge1_2,576,14,ok,3,0.9997589054968746,0.9007537533542809,0.9995799934419048,0.9997871320804279,0.7147071233028498,0.675,0.673,ToBeDelete_PROCAR,nurion
POSCAR_Fe2Ge1_2_st025,577,14,ok,3,0.9999536575860034,0.9168842064411297,0.9999071992049923,0.99989657901773,0.5988123155058654,0.6560000000000001,0.658,ToBeDelete_PROCAR,nurion
POSCAR_Fe2Ge1_2_st050,577,14,ok,3,0.9999576157947596,0.8792018212265169,0.9999378858230462,0.9999473925978182,0.5987556308001147,0.6340000000000001,0.6320000000000001,ToBeDelete_PROCAR,nurion
POSCAR_Fe2Ge1_2_x050,577,14,ok,3,0.9999958794977336,0.9279070323275078,0.9999602760484361,0.9999904310476485,0.5665635671518827,0.6550000000000001,0.6530000000000001,PROCAR,nurion
POSCAR_Fe2Ge1_2_x950,566,15,ok,3,0.9996615068317981,0.975286542024869,0.9986593445720873,0.9985031443516195,0.6672255074707195,0.672,0.674,PROCAR,nurion
POSCAR_Fe2Ge1_2_x975,394,15,ok,3,0.9999977842099972,0.4886510303922385,0.9999914641894143,0.9999338708215371,0.21188810683877143,0.879,0.877,PROCAR,nurion
POSCAR_Fe2Ge1_2_y025,556,14,ok,3,0.9997421682468928,0.9181321492623701,0.9995308117301724,0.9996521902086676,0.6274510048157235,0.665,0.661,PROCAR,nurion
POSCAR_Fe2Ge1_2_y950,576,14,ok,3,0.9997887066866399,0.8415700314373076,0.9997136479529526,0.9997952496302238,0.6253473750493178,0.685,0.682,PROCAR,nurion
POSCAR_Fe2Ge1_2_y975,571,15,ok,3,0.9999908167740902,0.7533643940189938,0.9999644789525561,0.9997583383920984,0.7439374783773505,0.6980000000000001,0.6960000000000001,PROCAR,nurion
POSCAR_Fe2Ge1_2_z025,577,14,ok,3,0.9999553717256537,0.9603878216523026,0.9999290312675042,0.9999101529525223,0.6721221391212193,0.67,0.669,PROCAR,nurion
POSCAR_Fe2Ge1_2_z050,72,16,ok,3,0.9999946482021335,0.31353749368123934,0.9999938425244796,0.9998925001627857,0.20629486498312863,0.722,0.72,PROCAR,nurion
POSCAR_Fe2Ge2_1,216,21,ok,4,0.8340855896980075,0.6949694815984125,0.8099309505057632,0.5172810672306096,0.4313524538946546,0.7250000000000001,0.5880000000000001,PROCAR,nurion
POSCAR_Fe2Ge2_1_st025,216,21,ok,4,0.8355558998881928,0.7324380243902745,0.7899092874850391,0.5550276090934885,0.4837406879168555,0.6980000000000002,0.556,ToBeDelete_PROCAR,nurion
POSCAR_Fe2Ge2_1_st050,216,21,ok,4,0.8340655735860119,0.7727730520385188,0.7589429175470735,0.5821677829883971,0.5359964867566396,0.669,0.529,PROCAR,nurion
POSCAR_Fe2Ge2_1_st950,224,21,ok,4,0.9658818899754185,0.9552189649943194,0.8538145174985634,0.6648241321589393,0.3439050583950049,0.782,0.785,PROCAR,nurion
POSCAR_Fe2Ge2_1_st975,216,21,ok,4,0.8655035144620536,0.7232014159130298,0.8732038966996536,0.5167338046015597,0.3860574032160404,0.759,0.655,ToBeDelete_PROCAR,nurion
POSCAR_Fe2Ge2_1_x025,191,21,ok,4,0.8183253365575673,0.7010127100171998,0.7918452517649864,0.5154022709852691,0.4607868948618644,0.714,0.5740000000000001,PROCAR,nurion
POSCAR_Fe2Ge2_1_x050,302,21,ok,4,0.971402624190969,0.9249957697438591,0.9510279567957627,0.6749768551307471,0.5888248124128795,0.7090000000000001,0.6170000000000001,PROCAR,nurion
POSCAR_Fe2Ge2_1_x950,274,21,ok,4,0.9830815814197039,0.666555612368795,0.8922711558862622,0.4844851048672581,0.26944254089467623,0.748,0.724,PROCAR,nurion
POSCAR_Fe2Ge2_1_x975,216,21,ok,4,0.8547445584217745,0.6863391353951532,0.8327959105926094,0.47792390575195,0.3927715787483835,0.7300000000000001,0.6080000000000001,PROCAR,nurion
POSCAR_Fe2Ge2_1_y025,216,21,ok,4,0.8172250679899482,0.7004922747993161,0.7909030283589933,0.5155002210771711,0.4443639918946188,0.7130000000000002,0.5740000000000001,PROCAR,nurion
POSCAR_Fe2Ge2_1_y050,206,21,ok,4,0.9719252421779537,0.9287610979195483,0.9515879595718675,0.6872234943725203,0.5976820185947143,0.7090000000000001,0.619,PROCAR,nurion
POSCAR_Fe2Ge2_1_y950,274,21,ok,4,0.9828340881477117,0.6674628344060923,0.891564767702055,0.6888765703198476,0.42752311536028126,0.743,0.7250000000000001,PROCAR,nurion
POSCAR_Fe2Ge2_1_y975,191,21,ok,4,0.86162470051476,0.6893630095032368,0.8369651017829252,0.559827590303852,0.45200273575455385,0.7300000000000001,0.6120000000000001,PROCAR,nurion
POSCAR_Fe2Ge2_1_z025,216,21,ok,4,0.8286248500549015,0.7105695566825646,0.8051156786549702,0.5287140965209611,0.44919215987644023,0.7160000000000001,0.5660000000000001,PROCAR,nurion
POSCAR_Fe2Ge2_1_z050,216,21,ok,4,0.8435475893299952,0.7643026985403107,0.8207665786642275,0.5566847446419957,0.4807203829100251,0.7040000000000001,0.557,PROCAR,nurion
POSCAR_Fe2Ge2_1_z950,216,21,ok,4,0.8554195946692835,0.6928439741263447,0.8434861988568192,0.5042716952691834,0.4120090814144694,0.746,0.6300000000000001,PROCAR,nurion
POSCAR_Fe2Ge2_1_z975,216,21,ok,4,0.8454192385638091,0.6966005584534068,0.8252076300159851,0.5110061464982869,0.42295556936430945,0.735,0.611,PROCAR,nurion
POSCAR_Fe2Ge4_2,227,36,ok,6,0.9999988420732864,0.3308155633964079,0.999982899488192,0.9999367596182289,0.33156318997703754,0.8840000000000001,0.8850000000000001,PROCAR,nurion
POSCAR_Fe2Ge4_2_st025,64,37,ok,6,0.9999748175485605,0.12054138067775165,0.9999886453862834,0.9997364469931931,0.13897762065008248,0.7190000000000001,0.7180000000000001,ToBeDelete_PROCAR,nurion
POSCAR_Fe2Ge4_2_x950,151,35,ok,6,0.9999974845359356,0.10724090891239105,0.992207869313921,0.9999956437994908,0.058549677816064,0.8420000000000001,0.8410000000000002,PROCAR,nurion
POSCAR_Fe2Ge4_2_x975,82,34,ok,6,0.9999982261767472,0.10541609669669277,0.9824257754517625,0.9999508693563842,0.10312391122274067,0.726,0.7270000000000001,PROCAR,nurion
POSCAR_Fe2Ge4_2_y975,228,36,ok,6,0.9999999344379723,0.2752867110318438,0.9995313648613781,0.9997168733799855,0.24527996658886336,0.8340000000000001,0.8330000000000002,PROCAR,nurion
POSCAR_Fe2Ge4_2_z025,30,33,ok,6,0.9999998679478995,0.01632623538519563,0.9782313564212984,0.9999400377894737,0.01700670146775637,0.7670000000000001,0.766,PROCAR,nurion
POSCAR_Fe2Ge4_2_z950,72,35,ok,6,0.9999989427114272,0.19705566159046525,0.9996708213180402,0.999991281698717,0.15259095253324795,0.8330000000000001,0.8320000000000001,PROCAR,nurion
POSCAR_Fe2I4_1,36,15,ok,6,0.9715635381819582,0.8630323709987928,0.8739154365283273,0.8846823429429279,0.6160589036323181,0.5680000000000001,0.5830000000000001,PROCAR,nurion
POSCAR_Fe2I4_1_st025,36,15,ok,6,0.9994956968301577,0.8421439887611757,0.8410208025135052,0.8753248104729048,0.4152154124507136,0.556,0.506,PROCAR,nurion
POSCAR_Fe2I4_1_st050,120,14,ok,6,0.9411392670260722,0.644841062717554,0.6790794739451138,0.84854457895696,0.4204357245275737,0.5800000000000001,0.541,PROCAR,nurion
POSCAR_Fe2I4_1_st950,102,15,ok,6,0.9647005304005078,0.8694560880977414,0.7992896850651664,0.9393395637787172,0.7998745720232198,0.6460000000000001,0.655,ToBeDelete_PROCAR,nurion
POSCAR_Fe2I4_1_st975,48,15,ok,6,0.939189038415141,0.7965300946624381,0.8017990433969798,0.8879084222822393,0.6628944373961331,0.636,0.6020000000000001,ToBeDelete_PROCAR,nurion
POSCAR_Fe2I4_1_x025,48,15,ok,6,0.9697371150808947,0.8212208473890852,0.8285250080911845,0.7871186038226398,0.4412407665870453,0.5720000000000001,0.5670000000000001,ToBeDelete_PROCAR,nurion
POSCAR_Fe2I4_1_x050,48,15,ok,6,0.9684478185876395,0.7643859221857469,0.7716737113437215,0.7258996363020987,0.35096831742865264,0.5700000000000001,0.561,ToBeDelete_PROCAR,nurion
POSCAR_Fe2I4_1_x950,9,15,ok,6,0.9941589029644923,0.9176690244005636,0.9701125388316492,0.9439006998512565,0.49939400739817646,0.6100000000000001,0.581,ToBeDelete_PROCAR,nurion
POSCAR_Fe2I4_1_x975,36,15,ok,6,0.9253542872666296,0.7587074746188999,0.7805118508771981,0.8532667584544562,0.6096091133710992,0.5790000000000001,0.628,ToBeDelete_PROCAR,nurion
POSCAR_Fe2I4_1_y025,36,15,ok,6,0.9689195614641128,0.8180617594360244,0.8295140437735424,0.8079028818467499,0.4480249749803306,0.5670000000000001,0.5750000000000001,ToBeDelete_PROCAR,nurion
POSCAR_Fe2I4_1_y050,36,15,ok,6,0.9682633951246302,0.7650292393758289,0.7724108221173015,0.7404606059505713,0.34718123394250994,0.559,0.5700000000000001,ToBeDelete_PROCAR,nurion
POSCAR_Fe2I4_1_y950,25,15,ok,6,0.9938593706353783,0.9200081767638164,0.9718512739571388,0.9398587157375136,0.6180923155171816,0.5800000000000001,0.6090000000000001,ToBeDelete_PROCAR,nurion
POSCAR_Fe2I4_1_y975,48,15,ok,6,0.925704631385804,0.7603978383538993,0.7822848562920497,0.8516466064797623,0.6249423064863803,0.627,0.5810000000000001,ToBeDelete_PROCAR,nurion
POSCAR_Fe2I4_1_z025,36,15,ok,6,0.9963052977307055,0.8924912018495661,0.8996043356590246,0.9548124336345162,0.6943701369033218,0.557,0.547,ToBeDelete_PROCAR,nurion
POSCAR_Fe2I4_1_z050,120,14,ok,6,0.832124013670421,0.4669070796535489,0.4878774998802539,0.65188038460019,0.17916355612617005,0.634,0.544,ToBeDelete_PROCAR,nurion
POSCAR_Fe2I4_1_z950,102,15,ok,6,0.9379221668986971,0.7583990145781044,0.7401402038793087,0.922560309959334,0.6895996175294836,0.5920000000000001,0.623,ToBeDelete_PROCAR,nurion
POSCAR_Fe2I4_1_z975,36,15,ok,6,0.9372831280827352,0.7860611985255999,0.7880396053016832,0.8417995176572398,0.542336008979495,0.5840000000000001,0.611,ToBeDelete_PROCAR,nurion
POSCAR_Fe2N2_1,316,12,ok,4,0.9959175189600232,0.9864991770908021,0.9922423332048182,0.9944558515458322,0.9712618871672066,0.8580000000000001,0.8250000000000001,ToBeDelete_PROCAR,nurion
POSCAR_Fe2N2_1_st025,316,12,ok,4,0.995256573945522,0.9649446455684529,0.9923959172339052,0.9940594547916687,0.9467789035010822,0.8320000000000001,0.798,ToBeDelete_PROCAR,nurion
POSCAR_Fe2N2_1_st050,316,12,ok,4,0.9942053577007004,0.926251733684208,0.9915826050549622,0.9918140243572736,0.9021094389393383,0.81,0.7739999999999999,PROCAR,nurion
POSCAR_Fe2N2_1_st950,316,12,ok,4,0.9982265459191996,0.9515725581744303,0.9885262891383785,0.9901615687500307,0.9442981654720503,0.907,0.878,ToBeDelete_PROCAR,nurion
POSCAR_Fe2N2_1_st975,316,12,ok,4,0.9964572271798714,0.9824471801940214,0.9901141503637954,0.9933690219046727,0.9703917143563949,0.884,0.8509999999999999,PROCAR,nurion
POSCAR_Fe2N2_1_x025,259,12,ok,4,0.9948801806946427,0.9823780050774903,0.9909938613416215,0.9943539526523424,0.9635980519037615,0.85,0.8150000000000001,PROCAR,nurion
POSCAR_Fe2N2_1_x050,271,12,ok,4,0.9965055975445548,0.9731325372470819,0.989792718006188,0.9948625925874294,0.9535573815375307,0.8460000000000001,0.8160000000000001,PROCAR,nurion
POSCAR_Fe2N2_1_x950,307,12,ok,4,0.9982213583160109,0.9847994413257454,0.9869784033105927,0.991489102971786,0.97574929899545,0.8330000000000001,0.8709999999999999,PROCAR,nurion
POSCAR_Fe2N2_1_x975,307,12,ok,4,0.9966390390134897,0.9871255594651881,0.990201474640773,0.992051537370267,0.973145658206428,0.8280000000000001,0.863,PROCAR,nurion
POSCAR_Fe2N2_1_y025,307,12,ok,4,0.9947707516522604,0.9815093744321781,0.9911887647485706,0.9935642622026774,0.9580226447600676,0.8180000000000001,0.849,PROCAR,nurion
POSCAR_Fe2N2_1_y050,295,12,ok,4,0.9964829484049648,0.9734152368770447,0.989781082632052,0.9956020344485471,0.9438598393674168,0.8130000000000001,0.8450000000000002,PROCAR,nurion
POSCAR_Fe2N2_1_y950,259,12,ok,4,0.9981508036919134,0.9847382959229908,0.9865332213010161,0.9934962403040944,0.9796935090256158,0.87,0.8310000000000001,PROCAR,nurion
POSCAR_Fe2N2_1_y975,259,12,ok,4,0.9972388203706309,0.988180100736122,0.9908772390407045,0.9944044956362881,0.979506339147201,0.865,0.829,PROCAR,nurion
POSCAR_Fe2N2_1_z025,316,12,ok,4,0.9969575475785637,0.9802445196087389,0.9916920118360036,0.9943387210760896,0.9709793872343726,0.848,0.8119999999999999,PROCAR,nurion
POSCAR_Fe2N2_1_z050,316,12,ok,4,0.9979468941190168,0.9705882114829992,0.9891347663275833,0.9944160508578972,0.9637207725827963,0.833,0.803,PROCAR,nurion
POSCAR_Fe2N2_1_z950,160,12,ok,4,0.9990462742716896,0.9630516114870178,0.9850419210328241,0.9917806861195931,0.946575774008257,0.8720000000000001,0.846,PROCAR,nurion
POSCAR_Fe2N2_1_z975,316,12,ok,4,0.9950166114029236,0.9856745603942333,0.9900269838302476,0.9943288594075974,0.9592276092151815,0.871,0.833,PROCAR,nurion
POSCAR_Fe2O2_8,514,14,ok,4,0.7591700922452206,0.7051341281853799,0.35800647163666266,0.2534925068609177,0.13568342015031287,0.867,0.97,PROCAR,nurion
POSCAR_Fe2O2_8_st025,347,12,ok,4,0.7872737969368084,0.4115401704396957,0.8176040289998047,0.1495859508642951,0.10325833816838446,0.889,0.839,PROCAR,nurion
POSCAR_Fe2O2_8_st050,347,12,ok,4,0.7759164598978929,0.7241932425784491,0.7369508503512797,0.09949584679861412,0.0675247754674702,0.8300000000000001,0.8150000000000001,PROCAR,nurion
POSCAR_Fe2O2_8_st950,513,14,ok,4,0.9724709620138078,0.4293494597444025,0.8879755339160289,0.7819349446408986,0.13026035203512212,0.9219999999999999,0.9770000000000001,PROCAR,nurion
POSCAR_Fe2O2_8_st975,513,14,ok,4,0.9806736180021509,0.265477399168982,0.9551338369767196,0.8491080173848848,0.101948333855108,0.917,0.973,PROCAR,nurion
POSCAR_Fe2O2_8_z025,514,14,ok,4,0.7381210949271289,0.6471613335608621,0.40005488978958975,0.27920088154740813,0.15250862181488878,0.861,0.9700000000000001,ToBeDelete_PROCAR,nurion
POSCAR_Fe2O2_8_z050,345,14,ok,4,0.8523541895616136,0.47644812521111696,0.729820044953873,0.5953289832627465,0.2752356196981323,0.8729999999999999,0.9730000000000001,ToBeDelete_PROCAR,nurion
POSCAR_Fe2O2_8_z950,258,13,ok,4,0.7798254538168622,0.831270216516281,0.37404804021555627,0.2573933593388905,0.28443033917601684,0.863,0.9480000000000001,ToBeDelete_PROCAR,nurion
POSCAR_Fe2O2_8_z975,513,14,ok,4,0.9883793182343356,0.20206352411660672,0.976210811302062,0.8882662080071246,0.08444939285311429,0.9159999999999999,0.971,ToBeDelete_PROCAR,nurion
POSCAR_Fe2P2_1,459,12,ok,4,0.9832222756933371,0.615248247206142,0.8287819060387013,0.9704571554741853,0.6823268550706673,0.689,0.773,ToBeDelete_PROCAR,nurion
POSCAR_Fe2P2_1_st025,463,12,ok,4,0.9491932765155899,0.7785523613068209,0.6699085887142072,0.8695454546008616,0.784222228887256,0.7460000000000001,0.652,PROCAR,nurion
POSCAR_Fe2P2_1_st050,419,12,ok,4,0.9477638321257694,0.9374146104102531,0.8433093067147852,0.29756188643619724,0.3058590763631917,0.6160000000000001,0.63,ToBeDelete_PROCAR,nurion
POSCAR_Fe2P2_1_st950,303,12,ok,4,0.9991697008025169,0.47042613120061155,0.9702065390386583,0.9864903352929839,0.4969323503712657,0.759,0.802,PROCAR,nurion
POSCAR_Fe2P2_1_x025,227,12,ok,4,0.9414882608872494,0.8253194297698555,0.91295842288198,0.19345994311313972,0.1973199327321078,0.7140000000000001,0.694,PROCAR,nurion
POSCAR_Fe2P2_1_x050,227,12,ok,4,0.9541384904014281,0.7759481844153285,0.9300334811570973,0.2848623397867862,0.26896426087590863,0.705,0.692,PROCAR,nurion
POSCAR_Fe2P2_1_x975,315,12,ok,4,0.9558023021740354,0.6348461453781088,0.7885699133492106,0.6493554508264702,0.462936966987174,0.7150000000000001,0.7990000000000002,PROCAR,nurion
POSCAR_Fe2P2_1_y025,267,12,ok,4,0.9425679161866648,0.8262640256411385,0.9150411745991637,0.0037664016932726745,0.002240269972128886,0.714,0.6930000000000001,PROCAR,nurion
POSCAR_Fe2P2_1_z025,459,12,ok,4,0.9798139323982912,0.7145793304838355,0.7662752159160416,0.9507128513654287,0.7608983650163827,0.678,0.752,PROCAR,nurion
POSCAR_Fe2P2_1_z050,459,12,ok,4,0.9803166420745189,0.8022497510566544,0.7255938111728992,0.929323496489109,0.8048395033916542,0.668,0.729,PROCAR,nurion
POSCAR_Fe2P2_3,167,13,ok,4,0.9930568637695598,0.529842224095403,0.9429972856311439,0.9270009683144967,0.30778948266795303,0.67,0.7570000000000001,PROCAR,nurion
POSCAR_Fe2P2_3_st025,167,13,ok,4,0.9940172542575593,0.38324617036977077,0.9721988720075649,0.9287525305764417,0.2744627412266518,0.664,0.751,PROCAR,nurion
POSCAR_Fe2P2_3_st050,167,13,ok,4,0.9941205389444543,0.2930034306207442,0.9877165797902853,0.9421350695800319,0.2545784431999771,0.6530000000000001,0.744,PROCAR,nurion
POSCAR_Fe2P2_3_st950,166,13,ok,4,0.9968518637484284,0.7320586511278828,0.9861094547728313,0.8625762788708828,0.47344500157963193,0.73,0.782,ToBeDelete_PROCAR,nurion
POSCAR_Fe2P2_3_st975,167,13,ok,4,0.9834186420157807,0.6588796307283256,0.9281369011102201,0.9104134861272466,0.35796639351116444,0.681,0.7550000000000001,ToBeDelete_PROCAR,nurion
POSCAR_Fe2P2_3_x025,167,13,ok,4,0.9946498278563592,0.4583378354563116,0.9563300014725187,0.9283512777278156,0.28073534422979635,0.675,0.7570000000000001,PROCAR,nurion
POSCAR_Fe2P2_3_x050,294,13,ok,4,0.9799524126039484,0.45460381003799627,0.9193220494487587,0.9532411657195995,0.2138088149862283,0.7280000000000001,0.653,PROCAR,nurion
POSCAR_Fe2P2_3_x950,167,13,ok,4,0.9857998396663438,0.6612935189367815,0.9148206675105198,0.9186450347433697,0.365362682474136,0.675,0.749,PROCAR,nurion
POSCAR_Fe2P2_3_x975,111,13,ok,4,0.9885583466247297,0.6327355126153769,0.9036399783143242,0.9389622404309079,0.3697051254471329,0.7470000000000001,0.664,PROCAR,nurion
POSCAR_Fe2P2_3_y025,167,13,ok,4,0.9943401766475781,0.4581741950506506,0.9567965469159506,0.9316002315416967,0.28317485352455823,0.674,0.7569999999999999,PROCAR,nurion
POSCAR_Fe2P2_3_y050,144,13,ok,4,0.979269205141436,0.4514762322934459,0.9190411468639569,0.9350659779364038,0.2118795342293323,0.728,0.652,PROCAR,nurion
POSCAR_Fe2P2_3_y950,167,13,ok,4,0.9855349436068923,0.658547727450074,0.9144397823045135,0.895691052664589,0.39221154965451027,0.6740000000000002,0.75,PROCAR,nurion
POSCAR_Fe2P2_3_y975,157,13,ok,4,0.9883750779587233,0.6330701706830378,0.9033149169581236,0.9288895716249432,0.3564281703158375,0.747,0.664,PROCAR,nurion
POSCAR_Fe2P2_3_z025,167,13,ok,4,0.9916117308743706,0.5063082319875778,0.9492082998437795,0.9231751779691048,0.32452743171423676,0.658,0.748,PROCAR,nurion
POSCAR_Fe2P2_3_z050,167,13,ok,4,0.9876534096902138,0.4845735708211048,0.9514757432389818,0.920432778845042,0.3508905066978291,0.642,0.7389999999999999,PROCAR,nurion
POSCAR_Fe2P2_3_z950,167,13,ok,4,0.9905622765803681,0.5651920801967133,0.9392354684090274,0.9295421134958916,0.29171135149795574,0.6930000000000002,0.7689999999999999,PROCAR,nurion
POSCAR_Fe2P2_3_z975,167,13,ok,4,0.992393885326859,0.5505520917593936,0.9414157055699904,0.9294056936388533,0.2966589949375285,0.683,0.762,PROCAR,nurion
POSCAR_Fe2P4_1,82,19,ok,6,0.993402713621518,0.8218616019391602,0.9663464201311819,0.9455445872970591,0.36406339384598346,0.696,0.736,PROCAR,nurion
POSCAR_Fe2P4_1_st025,271,17,ok,6,0.9947576445279193,0.10545110902000365,0.994320998107656,0.9453565635734915,0.031343026176673484,0.738,0.75,ToBeDelete_PROCAR,nurion
POSCAR_Fe2P4_1_y025,82,19,ok,6,0.9933841231936607,0.9307380952491211,0.9629303204334635,0.9558931111830918,0.35223385884733416,0.6880000000000001,0.724,PROCAR,nurion
POSCAR_Fe2P4_1_y975,82,19,ok,6,0.993775236742067,0.7285940388083652,0.9776049313830294,0.944850183641081,0.34145658042509414,0.711,0.75,PROCAR,nurion
POSCAR_Fe2P4_1_z025,177,19,ok,6,0.9959569320591455,0.849167351817013,0.9567552474508996,0.9303388223358903,0.4242284939150181,0.7319999999999999,0.678,PROCAR,nurion
POSCAR_Fe2P4_1_z050,287,15,ok,6,0.9846637856386821,0.4394091609357112,0.9353842180176437,0.8330590303819408,0.34660676641170224,0.8,0.739,PROCAR,nurion
POSCAR_Fe2P5_1,221,21,ok,7,0.9985394417422702,0.762743756344824,0.9758218790219846,0.6047057949487238,0.3578203651426437,0.6719999999999999,0.7100000000000001,PROCAR,nurion
POSCAR_Fe2P5_1_st025,221,21,ok,7,0.9995180088218756,0.6875843488471616,0.9784532070171986,0.5733408614721974,0.2840002550910173,0.6639999999999999,0.684,ToBeDelete_PROCAR,nurion
POSCAR_Fe2P5_1_st975,221,21,ok,7,0.9980349111426092,0.8032756817420508,0.9657348276966787,0.5646906310387646,0.35522839355305164,0.68,0.7290000000000001,PROCAR,nurion
POSCAR_Fe2P6_2,18,22,ok,8,0.8524597181818424,0.4652278806474163,0.8591479609728476,0.5306772966612594,0.263958961421637,0.7100000000000001,0.614,PROCAR,nurion
POSCAR_Fe2P6_2_st025,140,20,ok,8,0.9805546537774827,0.34964440851092377,0.9607546782337995,0.47557659982149986,0.1525025119366396,0.7170000000000001,0.682,ToBeDelete_PROCAR,nurion
POSCAR_Fe2P6_2_st950,103,21,ok,8,0.9785436044016264,0.9824880877371908,0.2772848460358153,0.9509017292028988,0.9247407553762713,0.7460000000000001,0.7170000000000001,PROCAR,nurion
POSCAR_Fe2P6_2_st975,26,21,ok,8,0.9947922896470508,0.41119532460011976,0.8875520377831513,0.8205121878042873,0.30499979972162333,0.638,0.6960000000000001,PROCAR,nurion
POSCAR_Fe2P6_2_z025,18,22,ok,8,0.9215798489397758,0.6022433108732729,0.6793214112811908,0.6411397373971971,0.3655934622370161,0.628,0.5630000000000002,ToBeDelete_PROCAR,nurion
POSCAR_Fe2P6_2_z975,18,22,ok,8,0.9795431235146324,0.3821071679727652,0.9694077169865498,0.7001408303910387,0.2748702906353421,0.708,0.685,ToBeDelete_PROCAR,nurion
POSCAR_Fe2P8_1,76,27,ok,10,0.8224492479220077,0.7587104027237049,0.5958742303152869,0.5861982253969268,0.13161015927834147,0.636,0.745,PROCAR,nurion
POSCAR_Fe2P8_1_st025,75,27,ok,10,0.972292054043004,0.7954722845584089,0.6917755475512319,0.8953640712709876,0.5541665961282222,0.5820000000000001,0.626,PROCAR,nurion
POSCAR_Fe2P8_1_st050,75,27,ok,10,0.9895760274200132,0.7650010074359923,0.6801062734226565,0.9364428582408862,0.441463747029953,0.5890000000000001,0.5820000000000001,ToBeDelete_PROCAR,nurion
POSCAR_Fe2P8_1_st975,31,27,ok,10,0.8507953409091333,0.8996933373858674,0.3956489499434699,0.6188678349056869,0.5185055390037178,0.611,0.771,PROCAR,nurion
POSCAR_Fe2P8_1_x025,31,27,ok,10,0.855338819312625,0.7850036963601348,0.5207712296685547,0.6922940140635591,0.30107014554080236,0.633,0.703,PROCAR,nurion
POSCAR_Fe2P8_1_x050,31,27,ok,10,0.9445033433012521,0.7907488868653613,0.6247855683662182,0.7903484450617947,0.28784991731641535,0.636,0.6479999999999999,PROCAR,nurion
POSCAR_Fe2P8_1_x950,26,27,ok,10,0.8870045626693526,0.916063212779084,0.3918440706490336,0.6746874043334699,0.5484179935044692,0.7180000000000001,0.5860000000000001,PROCAR,nurion
POSCAR_Fe2P8_1_x975,31,27,ok,10,0.8580774341918429,0.8683114895044689,0.4118326614956661,0.7158562207397341,0.486308870976456,0.6140000000000001,0.722,PROCAR,nurion
POSCAR_Fe2P8_1_y025,75,27,ok,10,0.9859645854284403,0.8113339463917537,0.7309218562159494,0.8153650216212956,0.5314999489469852,0.5690000000000001,0.6400000000000001,PROCAR,nurion
POSCAR_Fe2P8_1_y050,75,27,ok,10,0.9987242954460909,0.7965667304172164,0.7000161881301967,0.8449185695300788,0.45052785772388027,0.5750000000000001,0.6000000000000001,PROCAR,nurion
POSCAR_Fe2P8_1_y950,76,27,ok,10,0.815568068533537,0.804599468235882,0.5871433664184049,0.5506833734909942,0.5090443842019406,0.566,0.7570000000000001,PROCAR,nurion
POSCAR_Fe2P8_1_y975,76,27,ok,10,0.7964712617469156,0.7897331176743481,0.5416283142227061,0.5374652555084223,0.4817007657533677,0.552,0.7540000000000001,PROCAR,nurion
POSCAR_Fe2P8_1_z025,76,27,ok,10,0.867564878390384,0.8327908596119401,0.5683628414399388,0.6791137307464699,0.5593459990982007,0.537,0.693,PROCAR,nurion
POSCAR_Fe2P8_1_z050,103,27,ok,10,0.9444816829791046,0.8931532555342151,0.676657651095635,0.8008747737402189,0.6729148705350226,0.643,0.5459999999999999,PROCAR,nurion
POSCAR_Fe2P8_1_z950,31,27,ok,10,0.6949548135594024,0.7779943025428616,0.3363562380734008,0.3771128049560301,0.2151690696695026,0.6500000000000001,0.78,PROCAR,nurion
POSCAR_Fe2P8_1_z975,31,27,ok,10,0.7333904588553205,0.7768213776255917,0.396431321652405,0.4333537221716182,0.20181599886919327,0.6490000000000001,0.7679999999999999,PROCAR,nurion
POSCAR_Fe2Pb2_1,40,22,ok,4,0.9999981238304314,0.6443452757543325,0.9700486299145701,0.9999907526804016,0.6540022843583094,0.721,0.724,PROCAR,nurion
POSCAR_Fe2Pb2_1_st025,40,22,ok,4,0.9999993352080065,0.5373892645094727,0.9785035983433196,0.9999931603615154,0.5251363616150871,0.7300000000000001,0.7320000000000001,ToBeDelete_PROCAR,nurion
POSCAR_Fe2Pb2_1_st050,40,22,ok,4,0.9999998950997636,0.427877333782609,0.9853253848775143,0.9999886836837353,0.40546106670451515,0.74,0.741,PROCAR,nurion
POSCAR_Fe2Pb2_1_st950,41,22,ok,4,0.9999979865800467,0.6825735144170022,0.9598787087780514,0.9999863689630493,0.7280987170777201,0.7170000000000001,0.718,ToBeDelete_PROCAR,nurion
POSCAR_Fe2Pb2_1_x025,41,22,ok,4,0.9999971164142893,0.5140557019470767,0.9803491731258335,0.9999822041823638,0.5027671897409225,0.7340000000000001,0.7340000000000001,PROCAR,nurion
POSCAR_Fe2Pb2_1_x050,40,22,ok,4,0.9999832316594838,0.5518610271318327,0.9773742379026364,0.9999794975824466,0.5425107491060635,0.731,0.7340000000000001,PROCAR,nurion
POSCAR_Fe2Pb2_1_x950,41,22,ok,4,0.9999955617877115,0.6208804292269506,0.9736197660200985,0.9999865636856665,0.6390352693564468,0.7250000000000001,0.726,PROCAR,nurion
POSCAR_Fe2Pb2_1_x975,40,22,ok,4,0.9999985722491558,0.6976381678196366,0.9655840662421216,0.9999979314601375,0.7129077170695368,0.713,0.715,PROCAR,nurion
POSCAR_Fe2Pb2_1_y025,40,22,ok,4,0.9999981808003399,0.6368973779748461,0.9695372741260351,0.9999806169565819,0.6471974248426751,0.711,0.7150000000000001,PROCAR,nurion
POSCAR_Fe2Pb2_1_y050,40,22,ok,4,0.99998768716029,0.6297857446613471,0.96915784448411,0.9999880511307334,0.6383479243549438,0.7060000000000001,0.704,PROCAR,nurion
POSCAR_Fe2Pb2_1_y950,40,22,ok,4,0.9999922603247963,0.6518001888030295,0.968615900851352,0.9999862151833764,0.6635274581812534,0.7320000000000001,0.7320000000000001,PROCAR,nurion
POSCAR_Fe2Pb2_1_y975,40,22,ok,4,0.9999952553191243,0.6482041979323022,0.9702062684514365,0.9999827953341165,0.6596750944715797,0.726,0.7270000000000001,PROCAR,nurion
POSCAR_Fe2Pb2_1_z025,40,22,ok,4,0.9999950315770074,0.5981223923489108,0.9748253996888879,0.99999150993476,0.5917091969084645,0.732,0.7310000000000001,PROCAR,nurion
POSCAR_Fe2Pb2_1_z050,40,22,ok,4,0.9999956768891622,0.5479426610313626,0.9777671188804532,0.9999932896579937,0.5315734309405703,0.7350000000000001,0.7370000000000001,PROCAR,nurion
POSCAR_Fe2Pb2_1_z950,41,22,ok,4,0.9999933670435828,0.631686485249949,0.967198162896599,0.9999900666204034,0.6619246345464274,0.7030000000000001,0.7040000000000001,PROCAR,nurion
POSCAR_Fe2Pb2_1_z975,41,22,ok,4,0.9999987974890611,0.5946124171642888,0.9726373187051028,0.9999972725971994,0.6064972296411066,0.7160000000000001,0.7180000000000001,PROCAR,nurion
POSCAR_Fe2Pb4_2,13,33,ok,6,0.9999933347387844,0.8047089540883879,0.9021606989013916,0.9999215163000579,0.6217631662807981,0.551,0.548,PROCAR,nurion
POSCAR_Fe2Pb4_2_st025,13,33,ok,6,0.9999170964920369,0.837046307671799,0.9026383525558364,0.9998151716590166,0.6758363058534431,0.509,0.506,PROCAR,nurion
POSCAR_Fe2Pb4_2_st050,101,35,ok,6,0.9999076459085725,0.1236882371989146,0.9940606952271747,0.9996788155817573,0.11469610658786031,0.604,0.602,ToBeDelete_PROCAR,nurion
POSCAR_Fe2Pb4_2_st950,146,36,ok,6,0.9999724079623735,0.5194661067634725,0.9627445853191011,0.9998588852907575,0.4407763251644314,0.6060000000000001,0.6050000000000001,PROCAR,nurion
POSCAR_Fe2Pb4_2_st975,43,34,ok,6,0.9999885313656375,0.18370501046876603,0.98622915474269,0.9998565890638266,0.15629534906772605,0.7480000000000001,0.7430000000000001,PROCAR,nurion
POSCAR_Fe2Pb4_2_x025,13,33,ok,6,0.9999939630836835,0.8219622692494035,0.9145189989736747,0.9998811111303797,0.6474596211233518,0.5329999999999999,0.531,PROCAR,nurion
POSCAR_Fe2Pb4_2_x050,13,33,ok,6,0.9999914471935483,0.8411923761660861,0.9266385818321523,0.9999592742036244,0.6699446082946171,0.518,0.518,PROCAR,nurion
POSCAR_Fe2Pb4_2_x950,135,33,ok,6,0.9999537352884845,0.35216048509190867,0.973382247834392,0.9998162637279221,0.26583915134323527,0.5810000000000001,0.5790000000000001,PROCAR,nurion
POSCAR_Fe2Pb4_2_x975,43,34,ok,6,0.9999992847698431,0.19723749994055484,0.9834565924086981,0.9997437944385604,0.15557578012702628,0.7270000000000001,0.7250000000000001,PROCAR,nurion
POSCAR_Fe2Pb4_2_y025,13,33,ok,6,0.9999967097285262,0.8219027534436993,0.9094625611337507,0.9999286233259558,0.6348290208628222,0.535,0.533,PROCAR,nurion
POSCAR_Fe2Pb4_2_y050,13,33,ok,6,0.9999946839567867,0.836746962720659,0.9122750056500881,0.9999658215070747,0.6487677205797969,0.52,0.517,PROCAR,nurion
POSCAR_Fe2Pb4_2_y950,13,33,ok,6,0.9999877607639648,0.7522481746885313,0.906369257254019,0.9998745618287184,0.5563414267241871,0.5890000000000001,0.5870000000000001,PROCAR,nurion
POSCAR_Fe2Pb4_2_y975,13,33,ok,6,0.9999819027593614,0.7720291994616006,0.9012130595515214,0.9999007314882327,0.5887230015078257,0.5640000000000001,0.5650000000000001,PROCAR,nurion
POSCAR_Fe2Pb4_2_z025,145,36,ok,6,0.9999873049451815,0.5031919833295485,0.977534127001469,0.999894760594058,0.4178076556173589,0.522,0.521,PROCAR,nurion
POSCAR_Fe2Pb4_2_z050,145,36,ok,6,0.9999667132613286,0.5996489303259496,0.9757427325259623,0.999878337586712,0.5035119707996237,0.49200000000000005,0.495,PROCAR,nurion
POSCAR_Fe2Pb4_2_z950,43,34,ok,6,0.9999938873208887,0.21150887984362096,0.9889169201349904,0.9998702000111612,0.17455533151872893,0.762,0.759,PROCAR,nurion
POSCAR_Fe2Pb4_2_z975,13,33,ok,6,0.9999914128358571,0.8096094520772859,0.9232174830661044,0.9999316003982739,0.5913389529587628,0.557,0.557,PROCAR,nurion
POSCAR_Fe2S4_1,246,20,ok,6,0.9416882840813442,0.9250780334267361,0.9000812254654549,0.6199321617328137,0.15654558812906647,0.6830000000000002,0.733,ToBeDelete_PROCAR,nurion
POSCAR_Fe2S4_1_st025,246,20,ok,6,0.954114037655667,0.9287386708722252,0.9131421907631081,0.611896164950255,0.14626243777249598,0.6570000000000001,0.7030000000000001,PROCAR,nurion
POSCAR_Fe2S4_1_st050,246,20,ok,6,0.9751088841299158,0.942840091827328,0.9439713907086633,0.6104146415867686,0.1438034616526068,0.6350000000000001,0.663,PROCAR,nurion
POSCAR_Fe2S4_1_st950,236,20,ok,6,0.9943426449859206,0.8336754319071502,0.8580072146229994,0.9091038711167538,0.18282064553427396,0.7310000000000001,0.677,PROCAR,nurion
POSCAR_Fe2S4_1_st975,246,20,ok,6,0.9537063008123636,0.9424639654655892,0.9249648224641931,0.6474628743458621,0.16610414206012192,0.7080000000000003,0.756,PROCAR,nurion
POSCAR_Fe2S4_1_x025,246,20,ok,6,0.9540726586781741,0.9275391424110542,0.9212585153207908,0.6254353845713669,0.13939341999957233,0.6740000000000002,0.716,PROCAR,nurion
POSCAR_Fe2S4_1_x050,246,20,ok,6,0.9643673255761555,0.9247813354864008,0.9351652899637778,0.6239919180319587,0.1258473721753058,0.6600000000000001,0.6940000000000001,PROCAR,nurion
POSCAR_Fe2S4_1_x950,236,20,ok,6,0.9915611916382024,0.6071908601130128,0.6457883928768093,0.9808113958151502,0.10676719450726652,0.7050000000000001,0.6440000000000001,PROCAR,nurion
POSCAR_Fe2S4_1_x975,246,20,ok,6,0.9310211991394894,0.9215711493232858,0.8783314637995181,0.6185936570013066,0.17517611083353715,0.6970000000000002,0.75,PROCAR,nurion
POSCAR_Fe2S4_1_y025,246,20,ok,6,0.9490384646262267,0.9333586551608674,0.9119578294098287,0.6494581214314084,0.15877348118494458,0.6800000000000002,0.73,PROCAR,nurion
POSCAR_Fe2S4_1_y050,246,20,ok,6,0.9552158971498346,0.9394776603485346,0.9221092824718838,0.6762682694678762,0.1642084255541991,0.6750000000000002,0.7270000000000001,PROCAR,nurion
POSCAR_Fe2S4_1_y950,169,20,ok,6,0.9393951124623743,0.9108621003961853,0.8863954410277453,0.59049674965567,0.15044918295141452,0.729,0.6910000000000001,PROCAR,nurion
POSCAR_Fe2S4_1_y975,246,20,ok,6,0.9407887954694881,0.9220500794072389,0.8960597348748908,0.6039150500619516,0.15599652091667277,0.687,0.736,PROCAR,nurion
POSCAR_Fe2S4_1_z025,246,20,ok,6,0.9298697265568565,0.9086220122763354,0.8641213697323685,0.5904050354835207,0.16253670187719452,0.6750000000000002,0.724,PROCAR,nurion
POSCAR_Fe2S4_1_z050,169,20,ok,6,0.9294875442404007,0.889730014536539,0.8335342689402689,0.6118557711625394,0.16839638439569768,0.702,0.665,PROCAR,nurion
POSCAR_Fe2S4_1_z950,240,20,ok,6,0.9887814007063703,0.38790046715473775,0.4213456849631144,0.9753037564801614,0.04246776117535835,0.6960000000000002,0.652,PROCAR,nurion
POSCAR_Fe2S4_1_z975,246,20,ok,6,0.9589471553748636,0.9428872580954105,0.9371578044286223,0.6743099115477944,0.15633459995833257,0.6930000000000001,0.741,PROCAR,nurion
POSCAR_Fe2Se2_1,234,12,ok,4,0.8278579893783758,0.4605419402866071,0.7611805784153184,0.7877929709277703,0.4851886396759894,0.6960000000000001,0.872,PROCAR,nurion
POSCAR_Fe2Se2_1_st025,260,12,ok,4,0.28890933078710046,0.16143682205596938,0.2523553296240012,0.0,0.0,0.5700000000000001,0.8580000000000001,PROCAR,nurion
POSCAR_Fe2Se2_1_st050,282,13,ok,4,0.9996001700072067,0.9987902165571856,0.9899670710182227,0.0,0.0,0.5930000000000001,0.635,PROCAR,nurion
POSCAR_Fe2Se2_1_st950,187,12,ok,4,0.8010098472898526,0.8174999746378344,0.3443870606834136,0.7475649377322057,0.8237632676632213,0.7410000000000001,0.883,ToBeDelete_PROCAR,nurion
POSCAR_Fe2Se2_1_st975,234,12,ok,4,0.7942682704066769,0.6356528130909099,0.5819511173006692,0.7438564010110746,0.6729170360367218,0.7110000000000001,0.877,PROCAR,nurion
POSCAR_Fe2Se2_1_x025,234,12,ok,4,0.8124629598284766,0.43048858724208955,0.7614706450795725,0.7946043422143424,0.4571424654769076,0.682,0.8620000000000001,PROCAR,nurion
POSCAR_Fe2Se2_1_x950,237,12,ok,4,0.5925890807365126,0.39017500740608324,0.5117959057843792,0.18341311784628417,0.13357555558718645,0.885,0.6689999999999999,PROCAR,nurion
POSCAR_Fe2Se2_1_x975,234,12,ok,4,0.6032808587668064,0.4027407833205927,0.5280947617367735,0.6071116772528738,0.46626881600621417,0.6560000000000001,0.879,PROCAR,nurion
POSCAR_Fe2Se2_1_y025,234,12,ok,4,0.8158532470972418,0.43742506004589926,0.7636231419195115,0.7942213610940987,0.4552427295088743,0.685,0.8630000000000001,PROCAR,nurion
POSCAR_Fe2Se2_1_y050,192,13,ok,4,0.9547081314482788,0.9473964283016677,0.9205471713636083,0.8277859782486167,0.7584728167004882,0.661,0.668,PROCAR,nurion
POSCAR_Fe2Se2_1_y950,274,13,ok,4,0.9996407329751442,0.9939347898651255,0.9820254111157645,0.7937226924732717,0.603721610356882,0.728,0.6920000000000001,PROCAR,nurion
POSCAR_Fe2Se2_1_y975,234,12,ok,4,0.5641336908127693,0.3635552551876167,0.5067915445460587,0.49207474020386954,0.38121043617379374,0.65,0.875,PROCAR,nurion
POSCAR_Fe2Se2_1_z025,260,12,ok,4,0.272563871744854,0.140152301022941,0.25546506108269307,0.0,0.0,0.5870000000000001,0.872,PROCAR,nurion
POSCAR_Fe2Se2_1_z050,270,12,ok,4,0.5430286553462152,0.33967894944924665,0.4697200158783686,0.24400969722277685,0.09025572451139685,0.6120000000000001,0.854,PROCAR,nurion
POSCAR_Fe2Se2_1_z950,234,12,ok,4,0.8085551900101845,0.5882337957433202,0.6518503694360686,0.7583929740124328,0.621795710445386,0.6990000000000001,0.8650000000000001,PROCAR,nurion
POSCAR_Fe2Se2_1_z975,234,12,ok,4,0.8207200662416768,0.5295147244022298,0.7098741662405352,0.7740796043568888,0.5594629523826158,0.6980000000000001,0.8690000000000001,PROCAR,nurion
POSCAR_Fe2Se4_1,135,20,ok,6,0.9906151857082267,0.9048020717770404,0.9207734882811842,0.6869472142531237,0.13245238374264437,0.7000000000000001,0.6620000000000001,ToBeDelete_PROCAR,nurion
POSCAR_Fe2Se4_1_st025,141,20,ok,6,0.9976487097758525,0.4267013229296336,0.4482714782283211,0.996417750514568,0.06818300637776037,0.6100000000000001,0.6420000000000001,ToBeDelete_PROCAR,nurion
POSCAR_Fe2Se4_1_st050,141,20,ok,6,0.9961965576085943,0.23984919537095284,0.2536436472778742,0.9861290915178539,0.04374411235395483,0.5700000000000001,0.6220000000000001,PROCAR,nurion
POSCAR_Fe2Se4_1_st950,135,20,ok,6,0.9905723636207912,0.9251364649998952,0.9424627006407666,0.634828203810263,0.1362826677783506,0.756,0.7080000000000002,PROCAR,nurion
POSCAR_Fe2Se4_1_st975,135,20,ok,6,0.9871622132812888,0.9166993720399444,0.9320727726711023,0.6502675021174293,0.1338454055779477,0.7240000000000001,0.6880000000000002,PROCAR,nurion
POSCAR_Fe2Se4_1_x025,135,20,ok,6,0.9883236225667641,0.9189219793163558,0.9335637375360666,0.6363459433885147,0.13235954540868303,0.6880000000000001,0.6580000000000001,PROCAR,nurion
POSCAR_Fe2Se4_1_x050,135,20,ok,6,0.9901132178710952,0.8841735898661016,0.8986636627612725,0.7373642585038567,0.1325447251593017,0.658,0.6460000000000001,PROCAR,nurion
POSCAR_Fe2Se4_1_x950,135,20,ok,6,0.9935442457378134,0.8391598924285565,0.8588186031948384,0.8046522297690961,0.12779739331675258,0.7110000000000001,0.682,PROCAR,nurion
POSCAR_Fe2Se4_1_x975,135,20,ok,6,0.991134961116963,0.8813429620353532,0.8983107912631456,0.7452556843107454,0.1340586217253409,0.705,0.6700000000000002,PROCAR,nurion
POSCAR_Fe2Se4_1_y025,135,20,ok,6,0.9895688576572897,0.913912144079053,0.9242278052382715,0.6881423745784414,0.12641129656502254,0.6910000000000001,0.6620000000000001,PROCAR,nurion
POSCAR_Fe2Se4_1_y050,135,20,ok,6,0.9886386849831036,0.9101608591427441,0.9160228997657891,0.7043636309118769,0.12384323592207835,0.6900000000000001,0.6570000000000001,PROCAR,nurion
POSCAR_Fe2Se4_1_y950,141,20,ok,6,0.9968625319772202,0.40834074468575077,0.45711443165685045,0.9918558653500658,0.11108350444896274,0.641,0.672,PROCAR,nurion
POSCAR_Fe2Se4_1_y975,135,20,ok,6,0.995579736126086,0.8457039085221787,0.8753802778578071,0.8058829102300117,0.14249929013738472,0.6920000000000001,0.669,PROCAR,nurion
POSCAR_Fe2Se4_1_z025,141,20,ok,6,0.9972154935934338,0.3509391298999671,0.3835603582242657,0.9933070572186268,0.07589654343368918,0.616,0.654,PROCAR,nurion
POSCAR_Fe2Se4_1_z050,141,20,ok,6,0.9973837760250212,0.2557108206788283,0.2946483884863333,0.9915872778435926,0.0729512232318092,0.6060000000000001,0.6440000000000001,PROCAR,nurion
POSCAR_Fe2Se4_1_z950,135,20,ok,6,0.9875228384827313,0.9367390664067848,0.9423213627397053,0.6845145317903558,0.1427396962237168,0.7260000000000001,0.6900000000000002,PROCAR,nurion
POSCAR_Fe2Se4_1_z975,135,20,ok,6,0.9864922696743446,0.9247756358506465,0.9350403887897651,0.6607332449590578,0.1366717673568933,0.7140000000000001,0.6800000000000002,PROCAR,nurion
POSCAR_Fe2Se8_1,58,26,ok,10,0.9999824007959817,0.3654185085544321,0.8139297509017115,0.9999502724139284,0.2744969635619166,0.6570000000000001,0.6530000000000001,PROCAR,nurion
POSCAR_Fe2Se8_1_st950,61,29,ok,10,0.999999741792699,0.5268330602338739,0.5410939311130578,0.9999718765184437,0.3297953076003417,0.6440000000000001,0.6410000000000001,PROCAR,nurion
POSCAR_Fe2Se8_1_st975,58,26,ok,10,0.9999983416614848,0.31529359024653164,0.779192028763824,0.999972842954352,0.16102783815113944,0.665,0.664,PROCAR,nurion
POSCAR_Fe2Se8_1_x025,64,26,ok,10,0.9999832541413557,0.22154558243924583,0.6634477233480807,0.9999697504801985,0.11664364623657159,0.6260000000000001,0.6230000000000001,PROCAR,nurion
POSCAR_Fe2Se8_1_x050,64,29,ok,10,0.9999896154267341,0.569275715254617,0.6314339709131512,0.9999638480008619,0.33527007152009114,0.604,0.6040000000000001,PROCAR,nurion
POSCAR_Fe2Se8_1_x950,102,28,ok,10,0.9999943575525613,0.5228560028182263,0.771739116364938,0.9999178212288744,0.43716357242477316,0.6310000000000001,0.632,PROCAR,nurion
POSCAR_Fe2Se8_1_x975,58,26,ok,10,0.9999909967286554,0.2525439449923468,0.776171531644714,0.9999351163558948,0.12127278339648354,0.658,0.657,PROCAR,nurion
POSCAR_Fe2Se8_1_y025,58,26,ok,10,0.9999889650813287,0.33723325685068717,0.8311024679677372,0.9999396083683352,0.24642822571758194,0.6510000000000001,0.6500000000000001,PROCAR,nurion
POSCAR_Fe2Se8_1_y050,106,28,ok,10,0.9999824045720119,0.5255863951946113,0.8364849801985594,0.9990072964885004,0.5513918062614253,0.6150000000000001,0.618,PROCAR,nurion
POSCAR_Fe2Se8_1_y975,58,26,ok,10,0.9999815991079216,0.394416685019123,0.8009690314070441,0.9999566299463872,0.304126285413726,0.6530000000000001,0.6550000000000001,PROCAR,nurion
POSCAR_Fe2Se8_1_z025,58,26,ok,10,0.9999936021082938,0.3315667564137028,0.8112258318663081,0.9999675411846037,0.24935090552617253,0.6550000000000001,0.6500000000000001,PROCAR,nurion
POSCAR_Fe2Se8_1_z050,58,26,ok,10,0.9999887296069596,0.28718733826956455,0.7994838021136259,0.9999554948066516,0.21106736045211377,0.6470000000000001,0.6460000000000001,PROCAR,nurion
POSCAR_Fe2Se8_1_z975,61,29,ok,10,0.9999970667615107,0.5035744316816638,0.5478049417442945,0.9999917648975164,0.3802892384278127,0.6170000000000001,0.6170000000000001,PROCAR,nurion
POSCAR_Fe2Si2_3,389,12,ok,4,0.9875389150292558,0.4247948173693966,0.9344255889115732,0.9403983917847301,0.27006685748185266,0.6809999999999999,0.6859999999999999,ToBeDelete_PROCAR,nurion
POSCAR_Fe2Si2_3_st025,381,12,ok,4,0.9757830356541154,0.5054937714985046,0.879034478723732,0.930527614349858,0.29834447687283916,0.6539999999999999,0.65,PROCAR,nurion
POSCAR_Fe2Si2_3_st050,389,12,ok,4,0.960572192394076,0.6099467552480857,0.7940816247569417,0.8530948355749646,0.3398690020991808,0.618,0.6280000000000001,ToBeDelete_PROCAR,nurion
POSCAR_Fe2Si2_3_st950,307,12,ok,4,0.9941092373159166,0.7269031042283023,0.9738395655027632,0.9407243887205148,0.7083586546571035,0.7820000000000001,0.753,ToBeDelete_PROCAR,nurion
POSCAR_Fe2Si2_3_st975,415,12,ok,4,0.9942143827973956,0.44861999778510303,0.9582054040921144,0.9727740757455662,0.3338561147103126,0.731,0.7120000000000001,ToBeDelete_PROCAR,nurion
POSCAR_Fe2Si2_3_x025,488,12,ok,4,0.9875949409940006,0.5568763786449114,0.902136048266379,0.8678422378461643,0.34823149250605595,0.7110000000000001,0.6639999999999999,PROCAR,nurion
POSCAR_Fe2Si2_3_x050,316,12,ok,4,0.9844466364629612,0.5544536880184442,0.8928908539768804,0.8370683696048208,0.3350925091567512,0.6609999999999999,0.7090000000000001,PROCAR,nurion
POSCAR_Fe2Si2_3_x950,415,12,ok,4,0.9922474737508334,0.45615703241833666,0.9425194399759792,0.961167309045475,0.3043719208654536,0.7220000000000001,0.7040000000000001,PROCAR,nurion
POSCAR_Fe2Si2_3_x975,409,12,ok,4,0.9899651788677676,0.42929215627952505,0.9431556312111634,0.9686640673959201,0.26448458597441277,0.697,0.708,PROCAR,nurion
POSCAR_Fe2Si2_3_y025,436,12,ok,4,0.9883067361760532,0.5350363939832267,0.9096992522182886,0.9306197092560669,0.3393948538585953,0.6639999999999999,0.72,PROCAR,nurion
POSCAR_Fe2Si2_3_y050,368,12,ok,4,0.9856662865489203,0.5368535637799117,0.9022203124629176,0.9156840374553669,0.34057933735192725,0.7190000000000001,0.663,PROCAR,nurion
POSCAR_Fe2Si2_3_y950,303,12,ok,4,0.9909399061804802,0.4530150063924425,0.9414658115650649,0.9636977224725503,0.3254425136443352,0.711,0.731,PROCAR,nurion
POSCAR_Fe2Si2_3_y975,303,12,ok,4,0.9902737995152726,0.4334567817698456,0.943009216161864,0.9559552886464111,0.2860817415460393,0.696,0.7059999999999998,PROCAR,nurion
POSCAR_Fe2Si2_3_z025,381,12,ok,4,0.9822151427666955,0.4788108123535723,0.9028462478217396,0.9495592959206,0.27843740820535645,0.681,0.6619999999999999,PROCAR,nurion
POSCAR_Fe2Si2_3_z050,389,12,ok,4,0.9765113311942787,0.5378752955102255,0.8596297797323592,0.9102573839020938,0.2938691402486907,0.649,0.675,PROCAR,nurion
POSCAR_Fe2Si2_3_z950,415,12,ok,4,0.9947958696257381,0.3741188903235179,0.9704333940075113,0.9609519087348256,0.28545323134875006,0.708,0.7079999999999999,PROCAR,nurion
POSCAR_Fe2Si2_3_z975,415,12,ok,4,0.993225903065588,0.3837351201848366,0.9618107857630077,0.9581724073338717,0.2670927149082007,0.701,0.697,PROCAR,nurion
POSCAR_Fe2Si2_4,307,13,ok,4,0.999998504879395,0.09920673569324057,0.9999150742833415,0.9999912723172585,0.02953216496497184,0.852,0.857,ToBeDelete_PROCAR,nurion
POSCAR_Fe2Si2_4_st025,260,12,ok,4,0.9999998801375621,0.09017355549393134,0.9998362702320551,0.999995942618482,0.05216327608302117,0.7150000000000001,0.7100000000000001,PROCAR,nurion
POSCAR_Fe2Si2_4_x050,259,12,ok,4,0.999999978026313,0.20515361346466818,0.9996619229492099,0.9999979248845775,0.1787992170870677,0.768,0.769,PROCAR,nurion
POSCAR_Fe2Si2_4_x950,7,13,ok,4,0.9999998919639322,0.8059428717849264,0.986302750097315,0.999997155618554,0.13795418230978365,0.721,0.7220000000000001,PROCAR,nurion
POSCAR_Fe2Si2_4_y025,476,12,ok,4,0.9999999486912767,0.1105551289299429,0.9999834998277626,0.9999988336177381,0.013543352540377942,0.841,0.844,PROCAR,nurion
POSCAR_Fe2Si2_4_y050,1,9,ok,4,1.0000000000000002,0.22757131785806547,0.9710638324045714,1.0000000000000002,0.22757131785806547,0.778,0.778,PROCAR,nurion
POSCAR_Fe2Si2_4_y950,73,13,ok,4,1.0000000000000002,0.8053266645826821,0.9863332291341045,0.9999999999999999,0.13764514426460242,0.722,0.722,PROCAR,nurion
POSCAR_Fe2Si2_4_y975,1,12,ok,4,1.0000000000000002,0.1337472909444452,0.9999999999999999,1.0000000000000002,0.1337472909444452,0.7000000000000001,0.7000000000000001,PROCAR,nurion
POSCAR_Fe2Si2_4_z025,1,12,ok,4,1.0,0.11144347736553911,0.9999988347104632,1.0,0.11144347736553911,0.6900000000000001,0.6890000000000001,PROCAR,nurion
POSCAR_Fe2Si2_4_z050,5,12,ok,4,0.9999999986939391,0.041888853824852954,0.9998209173469865,0.9999999969001815,0.028891149808491664,0.874,0.875,PROCAR,nurion
POSCAR_Fe2Si2_4_z975,203,13,ok,4,0.9999991400357232,0.07307457481495472,0.9999298328072369,0.9999990143359866,0.04353732080522321,0.854,0.854,PROCAR,nurion
POSCAR_Fe2Sn10_2,20,77,ok,12,0.9984434845235036,0.0461550939187369,0.99654778313347,0.9620438630424042,0.033221929058606485,0.6890000000000001,0.686,ToBeDelete_PROCAR,nurion
POSCAR_Fe2Sn10_2_st025,21,77,ok,12,0.9986114387553351,0.0948312238764521,0.9974550939108372,0.9908463381888917,0.06878985670872119,0.6030000000000001,0.6110000000000001,PROCAR,nurion
POSCAR_Fe2Sn10_2_st975,81,77,ok,12,0.9999624695943111,0.07155205541439716,0.9934862266307277,0.9998312415068032,0.07122076252368141,0.7070000000000001,0.707,PROCAR,nurion
POSCAR_Fe2Sn10_2_x025,4,74,ok,12,0.9999969663809132,0.24233333384732106,0.9812260042411395,0.9999626913962196,0.3395520318945586,0.6050000000000001,0.6070000000000001,PROCAR,nurion
POSCAR_Fe2Sn10_2_x950,6,76,ok,12,0.9999966805252802,0.43668482980099915,0.9705151230301894,0.9999737692141358,0.45400140236134023,0.5930000000000001,0.5920000000000001,PROCAR,nurion
POSCAR_Fe2Sn10_2_x975,112,77,ok,12,0.9968857694845747,0.057709775296843374,0.9868011639531753,0.992297947670389,0.0365059583223838,0.676,0.683,PROCAR,nurion
POSCAR_Fe2Sn10_2_y025,51,78,ok,12,0.9999609545675211,0.0730425990282684,0.9989885076097353,0.9997627803276373,0.09823049714333434,0.705,0.706,PROCAR,nurion
POSCAR_Fe2Sn10_2_y050,17,74,ok,12,0.9995106784401844,0.17071784487392563,0.9799859103935448,0.9990770029143046,0.32571325427183145,0.6010000000000001,0.5960000000000001,PROCAR,nurion
POSCAR_Fe2Sn10_2_y950,112,77,ok,12,0.9999172634452552,0.05875068824658116,0.9868766123418764,0.9995132266997903,0.04496768491194251,0.6890000000000001,0.686,PROCAR,nurion
POSCAR_Fe2Sn10_2_y975,77,78,ok,12,0.9999458841397101,0.1441859491126378,0.9882024494776258,0.9996410573938698,0.12820852684836537,0.638,0.6370000000000001,PROCAR,nurion
POSCAR_Fe2Sn10_2_z025,96,77,ok,12,0.9999835803016593,0.32362622060074375,0.9352148236153044,0.9999010994499744,0.1662983623510347,0.5810000000000001,0.5810000000000001,PROCAR,nurion
POSCAR_Fe2Sn10_2_z050,96,77,ok,12,0.9999779586846905,0.30783590628482893,0.9254249711950125,0.9995920790107802,0.17338677037599703,0.5840000000000001,0.5850000000000001,PROCAR,nurion
POSCAR_Fe2Sn10_2_z950,92,76,ok,12,0.9999711730407655,0.02273386961538707,0.996596188704672,0.9999470251425057,0.01702683742884333,0.73,0.73,PROCAR,nurion
POSCAR_Fe2Sn2_1,161,21,ok,4,0.9681537302247606,0.7329075035630896,0.9270355888142907,0.7276293618074301,0.5894707484251458,0.7010000000000001,0.6140000000000001,PROCAR,nurion
POSCAR_Fe2Sn2_1_st050,126,19,ok,4,0.8494753451675945,0.40116969415018394,0.831505268635033,0.3620219671819109,0.20115549378746853,0.675,0.643,PROCAR,nurion
POSCAR_Fe2Sn2_1_st975,161,21,ok,4,0.9569321025679599,0.785898153256335,0.9201069206179064,0.7035193247178725,0.5635026374419643,0.729,0.6400000000000001,PROCAR,nurion
POSCAR_Fe2Sn2_1_z025,161,21,ok,4,0.9426629301164668,0.7887543922916233,0.8962706857802298,0.7388904213769526,0.6116371715417992,0.7,0.5910000000000001,PROCAR,nurion
POSCAR_Fe2Sn2_1_z950,233,21,ok,4,0.9806986758939398,0.8722872915167328,0.8267162144857293,0.8770947981306279,0.7844488468574868,0.6940000000000002,0.677,PROCAR,nurion
POSCAR_Fe2Sn3_1,5,29,ok,5,0.9999691409307003,0.07864810346832002,0.9861750496996354,0.9995738979549558,0.08264023382406396,0.784,0.7850000000000001,ToBeDelete_PROCAR,nurion
POSCAR_Fe2Sn3_1_st025,5,29,ok,5,0.9999842236988059,0.05518941297107882,0.9906688253161984,0.9992067890668892,0.05266026398622784,0.786,0.793,PROCAR,nurion
POSCAR_Fe2Sn3_1_st050,43,29,ok,5,0.9999711998576286,0.13687496143518996,0.9854326245112222,0.999932037218734,0.11245699818988154,0.715,0.7100000000000001,PROCAR,nurion
POSCAR_Fe2Sn3_1_st975,5,29,ok,5,0.9999803785572233,0.11223122714858211,0.9775681098249301,0.9997869191994093,0.11912730146111256,0.774,0.774,ToBeDelete_PROCAR,nurion
POSCAR_Fe2Sn3_1_x025,5,29,ok,5,0.9999997615295271,0.073928135805441,0.9886499623141142,0.9996123494595394,0.07236585625610051,0.787,0.789,PROCAR,nurion
POSCAR_Fe2Sn3_1_x050,1,25,ok,5,0.9999359931526105,0.5331361222071698,0.6836317199663626,0.9992920028469985,0.5315589749396811,0.501,0.506,PROCAR,nurion
POSCAR_Fe2Sn3_1_x975,5,29,ok,5,0.9999869448055997,0.08546196387775473,0.9838286720682635,0.9994289185456146,0.09135151215523055,0.782,0.7850000000000001,PROCAR,nurion
POSCAR_Fe2Sn3_1_y025,5,29,ok,5,0.9996327721264646,0.06220214493810907,0.9889446049126512,0.9932759024763492,0.06382939937638082,0.7810000000000001,0.794,PROCAR,nurion
POSCAR_Fe2Sn3_1_y050,5,29,ok,5,0.9995738452749896,0.0396601916662103,0.9925111368539568,0.9935617763555963,0.03616199872695845,0.8009999999999999,0.815,PROCAR,nurion
POSCAR_Fe2Sn3_1_y975,43,29,ok,5,0.9999951519483049,0.24337528904453126,0.9744039062129312,0.9999529406091745,0.22729060427144307,0.7370000000000001,0.7330000000000001,PROCAR,nurion
POSCAR_Fe2Sn3_1_z025,5,29,ok,5,0.9999594301059901,0.06808479972985165,0.9890869605580971,0.9992892400760526,0.06752444019185705,0.798,0.798,PROCAR,nurion
POSCAR_Fe2Sn3_1_z050,43,29,ok,5,0.9999679219042273,0.18150531486146307,0.9786864848161042,0.9998767361458003,0.18178162755199473,0.73,0.728,PROCAR,nurion
POSCAR_Fe2Sn3_1_z950,5,29,ok,5,0.9999816598765862,0.10824023900154854,0.9813024474913145,0.9998017656615308,0.10736315087194055,0.764,0.768,PROCAR,nurion
POSCAR_Fe2Sn3_1_z975,5,29,ok,5,0.999972652638593,0.08990930838267926,0.9843117025421615,0.999757612419727,0.09533464100698828,0.7750000000000001,0.774,PROCAR,nurion
POSCAR_Fe2Sn4_3,116,35,ok,6,0.9778148557508642,0.62028096340602,0.8866214622872081,0.8964686823013726,0.48746839409831105,0.7500000000000002,0.679,ToBeDelete_PROCAR,nurion
POSCAR_Fe2Sn4_3_st025,116,35,ok,6,0.9717532134198813,0.548799913866412,0.9064675846384656,0.9032584623007437,0.4387748350096647,0.75,0.665,PROCAR,nurion
POSCAR_Fe2Sn4_3_st050,116,35,ok,6,0.9709335627028925,0.455054889533044,0.9375518869262901,0.9107213892207284,0.3776968080852384,0.744,0.653,PROCAR,nurion
POSCAR_Fe2Sn4_3_st950,116,35,ok,6,0.9960752712210883,0.7081055884210189,0.8792265312391266,0.8608275617157144,0.5301435182758757,0.772,0.72,PROCAR,nurion
POSCAR_Fe2Sn4_3_st975,56,35,ok,6,0.98677037743196,0.684118261805282,0.8712968875608043,0.8897970275964993,0.5211674177726944,0.696,0.7570000000000001,ToBeDelete_PROCAR,nurion
POSCAR_Fe2Sn4_3_x025,56,35,ok,6,0.9724612118093537,0.635875889874363,0.8780741385723619,0.8928958792706048,0.4943972404937426,0.6700000000000002,0.748,PROCAR,nurion
POSCAR_Fe2Sn4_3_x050,116,35,ok,6,0.9664798524892727,0.6416736186380883,0.87463139098721,0.8880020403021319,0.5017424967649619,0.75,0.6639999999999999,PROCAR,nurion
POSCAR_Fe2Sn4_3_x950,116,35,ok,6,0.985980660312763,0.6072734083009985,0.8938876823966339,0.9087723137059945,0.4874045635602813,0.76,0.6930000000000001,PROCAR,nurion
POSCAR_Fe2Sn4_3_x975,116,35,ok,6,0.9825441006934649,0.6115614061137096,0.8915770131994588,0.902359294699348,0.4855610788766479,0.7510000000000001,0.685,PROCAR,nurion
POSCAR_Fe2Sn4_3_y025,116,35,ok,6,0.9710454682014323,0.5939717849251774,0.8850422717699971,0.893070653274976,0.4673437201308581,0.7470000000000001,0.6699999999999999,PROCAR,nurion
POSCAR_Fe2Sn4_3_y050,116,35,ok,6,0.9573677870471459,0.5831816487989908,0.8704899808959997,0.8812600428667167,0.4521093690521846,0.741,0.6559999999999999,PROCAR,nurion
POSCAR_Fe2Sn4_3_y950,116,35,ok,6,0.9884265095583812,0.6724903492092541,0.8900457395587252,0.8869173238243485,0.538762127607225,0.758,0.697,PROCAR,nurion
POSCAR_Fe2Sn4_3_y975,116,35,ok,6,0.9850583015897979,0.6403353294202916,0.8939068881934529,0.8992114991913519,0.5096216059927563,0.7590000000000001,0.688,PROCAR,nurion
POSCAR_Fe2Sn4_3_z025,116,35,ok,6,0.9810144076619234,0.5596107595558154,0.9150570754605826,0.9081934636135341,0.4576933047895883,0.753,0.684,PROCAR,nurion
POSCAR_Fe2Sn4_3_z050,116,35,ok,6,0.9824629253688503,0.510444808755241,0.9345903245293872,0.9185564948630447,0.4317834804544777,0.756,0.685,PROCAR,nurion
POSCAR_Fe2Sn4_3_z950,116,35,ok,6,0.9710438772734837,0.7065127391380635,0.839298509162234,0.8717931327465789,0.5152991485209623,0.7489999999999999,0.677,PROCAR,nurion
POSCAR_Fe2Sn4_3_z975,116,35,ok,6,0.97531306635771,0.6687830643614824,0.8597827998228347,0.8873219764451089,0.5042236603423206,0.75,0.6759999999999999,PROCAR,nurion
POSCAR_Fe2Sn8_2,64,63,ok,10,0.999981139036735,0.19007564773321495,0.9866815723047991,0.9997879642497361,0.17184815661928488,0.722,0.7200000000000001,ToBeDelete_PROCAR,nurion
POSCAR_Fe2Sn8_2_st025,23,63,ok,10,0.999961175004607,0.11370916688246606,0.9999703265005357,0.9987554271824279,0.10261662377756131,0.76,0.76,PROCAR,nurion
POSCAR_Fe2Sn8_2_x025,21,63,ok,10,0.9999992898434086,0.2123894370862959,0.9962275320335432,0.9995827878922882,0.153029000155197,0.6960000000000001,0.6920000000000001,PROCAR,nurion
POSCAR_Fe2Sn8_2_x950,126,63,ok,10,0.9999972199709628,0.155445959072041,0.9473652378962557,0.9985285032109982,0.1578084768628705,0.686,0.684,PROCAR,nurion
POSCAR_Fe2Sn8_2_x975,156,59,ok,10,0.9999937570825073,0.5323523580168604,0.7606388244534154,0.9997747419959087,0.5076510532501523,0.6010000000000001,0.6010000000000001,PROCAR,nurion
POSCAR_Fe2Sn8_2_y950,56,62,ok,10,0.9999843063902657,0.23081309054450425,0.9557304250109695,0.9991582861901586,0.17804758839056434,0.682,0.689,PROCAR,nurion
POSCAR_Fe2Sn8_2_y975,169,63,ok,10,0.9999474958360088,0.035524726421712206,0.9900095539832401,0.9998513213709335,0.0134460497618486,0.753,0.758,PROCAR,nurion
POSCAR_Fe2Sn8_2_z025,163,63,ok,10,0.9999995923507925,0.4633336345563148,0.9377972166276474,0.9999869447722578,0.23526873096386275,0.5880000000000001,0.5850000000000001,PROCAR,nurion
POSCAR_Fe2Sn8_2_z050,23,62,ok,10,0.9999980809733593,0.0775166872383361,0.9999685536532733,0.9998422358788263,0.06747153221990128,0.789,0.789,PROCAR,nurion
POSCAR_Fe2Sn8_2_z950,145,62,ok,10,0.999878846347576,0.01879938147793158,0.9974489564311357,0.999748736149588,0.008114063928193553,0.8180000000000001,0.824,PROCAR,nurion
POSCAR_Fe2Sn8_2_z975,127,63,ok,10,0.9999984760547901,0.02327965842456372,0.9985529287517311,0.9999933283187756,0.007380225834706534,0.8089999999999999,0.8109999999999999,PROCAR,nurion
POSCAR_Fe2Te2_1,186,14,ok,4,0.91486951646799,0.8559298069765136,0.7623455231998414,0.8440501491547323,0.7702409240935869,0.636,0.6160000000000001,ToBeDelete_PROCAR,nurion
POSCAR_Fe2Te2_1_st025,186,14,ok,4,0.9506920614752412,0.9041318686720778,0.8378411810572852,0.9260000935345561,0.8695061989966472,0.595,0.5920000000000001,PROCAR,nurion
POSCAR_Fe2Te2_1_st050,186,14,ok,4,0.9711398229025809,0.9349081921231784,0.8866326051088999,0.9539812383090303,0.9127007820396024,0.5670000000000001,0.5680000000000001,ToBeDelete_PROCAR,nurion
POSCAR_Fe2Te2_1_st950,186,14,ok,4,0.7889718332022653,0.7343193249800742,0.5629802454696551,0.4356834740702611,0.4032061261398994,0.7370000000000001,0.6770000000000002,PROCAR,nurion
POSCAR_Fe2Te2_1_st975,186,14,ok,4,0.8428301601177852,0.775752530772696,0.6388699501179554,0.6648576211981181,0.5919718928907545,0.6890000000000001,0.6460000000000001,PROCAR,nurion
POSCAR_Fe2Te2_1_x025,186,14,ok,4,0.9236904477068384,0.8650240220581391,0.7764679576913525,0.8921975656062809,0.8136070024732638,0.623,0.6070000000000001,PROCAR,nurion
POSCAR_Fe2Te2_1_x050,186,14,ok,4,0.9375622205734653,0.8778322475099356,0.795130685031701,0.9089332896292907,0.8309627040664026,0.611,0.5990000000000001,PROCAR,nurion
POSCAR_Fe2Te2_1_y025,160,14,ok,4,0.914400504525186,0.8441715213125982,0.7368713100283631,0.8853993195933537,0.7970082261998975,0.631,0.6040000000000001,PROCAR,nurion
POSCAR_Fe2Te2_1_y950,186,14,ok,4,0.894909504958097,0.84359416536292,0.7645192986142346,0.5563294566590491,0.5381359291319185,0.666,0.644,PROCAR,nurion
POSCAR_Fe2Te2_1_y975,186,14,ok,4,0.9030670381208193,0.8485178997644074,0.7624192751430293,0.7173402407784448,0.6671207995459651,0.651,0.6300000000000001,PROCAR,nurion
POSCAR_Fe2Te2_1_z025,160,14,ok,4,0.9416092125270636,0.9003076832816492,0.8438968475133353,0.761011242767113,0.7263965807179288,0.622,0.6110000000000001,PROCAR,nurion
POSCAR_Fe2Te2_1_z050,186,14,ok,4,0.9666604102699984,0.9367196833011723,0.9197289187505361,0.6094521941563205,0.6022314285787748,0.6080000000000001,0.6050000000000001,PROCAR,nurion
POSCAR_Fe2Te2_1_z950,186,14,ok,4,0.8333443580855077,0.7465438267419974,0.6063033393506426,0.782956487584827,0.6700302144334793,0.673,0.6290000000000001,PROCAR,nurion
POSCAR_Fe2Te2_1_z975,186,14,ok,4,0.8773283344485541,0.8023611465993329,0.6780711680074993,0.8262266564391593,0.7265156269769437,0.654,0.6240000000000001,PROCAR,nurion
POSCAR_Fe2Te4_1,93,20,ok,6,0.954800132991858,0.8662556532980512,0.885288378466229,0.012869826085506027,0.011298894265451073,0.627,0.6000000000000001,ToBeDelete_PROCAR,nurion
POSCAR_Fe2Te4_1_st025,143,17,ok,6,0.9860207195878582,0.9157463638023506,0.9219931312669761,0.9925580598279454,0.9438807627380286,0.542,0.524,ToBeDelete_PROCAR,nurion
POSCAR_Fe2Te4_1_st050,108,18,ok,6,0.9958492248078514,0.492003909470575,0.6160524115184578,0.48211027228327824,0.43020092827278733,0.522,0.508,ToBeDelete_PROCAR,nurion
POSCAR_Fe2Te4_1_st950,58,20,ok,6,0.9988333375648923,0.8831092521938843,0.9015638689063971,0.6387705601852807,0.0,0.601,0.6350000000000001,ToBeDelete_PROCAR,nurion
POSCAR_Fe2Te4_1_st975,58,20,ok,6,0.9993763426114526,0.8992069643703258,0.9177075136170787,0.677946821777565,0.0,0.573,0.614,PROCAR,nurion
POSCAR_Fe2Te4_1_x025,53,17,ok,6,0.9619137608999535,0.7377840826305112,0.7395790189132855,0.9750952127510645,0.7657851284078492,0.5740000000000001,0.534,PROCAR,nurion
POSCAR_Fe2Te4_1_x050,145,17,ok,6,0.5944085758978433,0.3277929879573685,0.4685639258655509,0.5092629870158092,0.23129011204488062,0.6890000000000001,0.521,PROCAR,nurion
POSCAR_Fe2Te4_1_x950,143,17,ok,6,0.9858582532782062,0.7424372829068666,0.8695825520943566,0.9905165738370971,0.7892381455998226,0.595,0.585,PROCAR,nurion
POSCAR_Fe2Te4_1_x975,143,17,ok,6,0.980599556611577,0.850460632312549,0.9011244032467451,0.9893229173578396,0.8916980695745775,0.583,0.5599999999999999,PROCAR,nurion
POSCAR_Fe2Te4_1_y025,143,17,ok,6,0.9838818116321194,0.8887181861167969,0.9174457964715603,0.991341680017773,0.9233002046509886,0.5609999999999999,0.543,PROCAR,nurion
POSCAR_Fe2Te4_1_y050,143,17,ok,6,0.9838730625022944,0.8766080481888714,0.9267529643512682,0.9912583533353586,0.9145218948785874,0.56,0.5409999999999999,PROCAR,nurion
POSCAR_Fe2Te4_1_y950,156,19,ok,6,0.9966680934288337,0.8612871232901215,0.8321924451541173,0.7937850819408526,0.631486367407125,0.589,0.6110000000000001,PROCAR,nurion
POSCAR_Fe2Te4_1_y975,156,19,ok,6,0.9973957046463812,0.8358452721200246,0.8022476315446082,0.7591911311960665,0.5020411351454165,0.5850000000000001,0.5990000000000001,PROCAR,nurion
POSCAR_Fe2Te4_1_z025,143,17,ok,6,0.7129974624136367,0.46752099733019337,0.48872454386167014,0.0,0.0,0.677,0.541,PROCAR,nurion
POSCAR_Fe2Te4_1_z050,156,19,ok,6,0.9981756653930672,0.9225689166151774,0.8904179714086885,0.7484932123544036,0.6652514073995335,0.5539999999999999,0.5710000000000001,PROCAR,nurion
POSCAR_Fe2Te4_1_z950,58,20,ok,6,0.9981345070205736,0.9224470685475094,0.9139331939547636,0.6932111527099025,0.0,0.569,0.6110000000000001,PROCAR,nurion
POSCAR_Fe2Te4_1_z975,53,17,ok,6,0.9683363049168136,0.2166985492731298,0.661408503117956,0.9605297938154632,0.22973650436776885,0.598,0.6520000000000001,PROCAR,nurion
POSCAR_Fe2Te6_1,43,25,ok,8,0.9964182563691708,0.9844167046168932,0.9875617242186563,0.949157947977579,0.7720681549185323,0.6130000000000001,0.5700000000000001,ToBeDelete_PROCAR,nurion
POSCAR_Fe2Te6_1_x025,118,26,ok,8,0.9946510366417991,0.692234192509266,0.8525246805952001,0.9131062363176936,0.49905900969608175,0.6020000000000001,0.61,PROCAR,nurion
POSCAR_Fe2Tl3_1,222,29,ok,5,0.9999989554948013,0.06554226377168824,0.9935678839552672,0.9999986483703439,0.026678230167760164,0.815,0.8160000000000001,PROCAR,nurion
POSCAR_Fe2Tl3_1_st050,40,29,ok,5,0.9999972340911899,0.23966485577172203,0.9866095037374871,0.9999736991904034,0.15129541592520548,0.6040000000000001,0.6060000000000001,ToBeDelete_PROCAR,nurion
POSCAR_Fe2Tl3_1_st950,319,28,ok,5,0.9999913237759602,0.7813943778363581,0.8981176572332715,0.999815237758027,0.22721345527723433,0.7200000000000001,0.7190000000000001,PROCAR,nurion
POSCAR_Fe2Tl3_1_st975,122,29,ok,5,0.9999983006248185,0.0855239644821005,0.9912962897000456,0.999997842529963,0.04666394464898965,0.8150000000000001,0.812,PROCAR,nurion
POSCAR_Fe2Tl3_1_x050,214,29,ok,5,0.999991456583294,0.26376114820822927,0.9881565504467353,0.9999490395234295,0.1551988207701587,0.645,0.649,PROCAR,nurion
POSCAR_Fe2Tl3_1_x975,254,29,ok,5,0.9999856010904876,0.3107298217222942,0.996232777992168,0.9998062752715525,0.37311325039257975,0.6970000000000001,0.7000000000000001,PROCAR,nurion
POSCAR_Fe2Tl3_1_y025,306,28,ok,5,0.9999596447507871,0.35100367849124764,0.9981310461594675,0.9995527761734616,0.3067629300008236,0.614,0.6170000000000001,PROCAR,nurion
POSCAR_Fe2Tl3_1_y950,300,27,ok,5,0.999984475079197,0.5376132244618612,0.9477148788955935,0.9999754221164678,0.43153725538234483,0.5830000000000001,0.5840000000000001,PROCAR,nurion
POSCAR_Fe2Tl3_1_y975,222,29,ok,5,0.9999991650595317,0.06980260655658958,0.9922090593731502,0.9999912237747698,0.030224939504953727,0.8109999999999999,0.8089999999999999,PROCAR,nurion
POSCAR_Fe2Tl3_1_z025,214,29,ok,5,0.9999991953677186,0.3619137794238034,0.9713483208244775,0.9999795475157084,0.24235119433952823,0.644,0.643,PROCAR,nurion
POSCAR_Fe2Tl3_1_z050,306,28,ok,5,0.9998263436748542,0.40293560785762017,0.993474628855122,0.9995234906563216,0.37561015208184406,0.6220000000000001,0.6300000000000001,PROCAR,nurion
POSCAR_Fe2Tl3_1_z950,92,28,ok,5,0.9999206218692495,0.7565449692896595,0.8679000518736494,0.9996978955130228,0.31721649643361005,0.5790000000000001,0.577,PROCAR,nurion
POSCAR_Fe2Tl3_1_z975,92,28,ok,5,0.9999876727995035,0.7773681058037256,0.9118204377008082,0.9997763500058355,0.37200452864930933,0.553,0.552,PROCAR,nurion
POSCAR_Ga2Ru2_4,207,24,ok,4,0.9959759589633433,0.6990312235079235,0.9045420982475881,0.9290472589564129,0.49485706452748673,0.707,0.761,PROCAR,local_backup
POSCAR_Ga2Ru2_4_st025,190,24,ok,4,0.9934639431248632,0.2306673893412518,0.9910741318359235,0.8629931713697119,0.17979358117097413,0.6960000000000001,0.674,PROCAR,tgm
POSCAR_Ga2Ru2_4_x025,91,24,ok,4,0.9986582419405746,0.41883968104545044,0.9620907001315567,0.8982365167035565,0.3065260233856905,0.7220000000000001,0.6950000000000001,PROCAR,nurion
POSCAR_Ga2Ru2_4_x050,173,24,ok,4,0.9976914645319842,0.9820135281203668,0.9426341361052809,0.5303653724879814,0.3180601994112097,0.796,0.769,PROCAR,nurion
POSCAR_Ga2Ru2_4_x950,247,24,ok,4,0.9942821758503142,0.7769710246880798,0.9326315959865685,0.8873765782899636,0.48317704623495084,0.7699999999999999,0.7460000000000001,PROCAR,nurion
POSCAR_Ga2Ru2_4_x975,91,24,ok,4,0.9994747937508124,0.461132414910775,0.9356978218217884,0.90854004353814,0.3030634538625132,0.7129999999999999,0.7170000000000001,PROCAR,nurion
POSCAR_Ga2Ru2_4_y025,190,24,ok,4,0.9984507927692999,0.4192392891969835,0.962144432691534,0.8946592337365673,0.30425626496149694,0.7190000000000001,0.698,PROCAR,nurion
POSCAR_Ga2Ru2_4_y050,209,24,ok,4,0.9975954699655724,0.981841232088787,0.9411517185155315,0.6837748204415628,0.5450097103114049,0.769,0.7910000000000001,PROCAR,nurion
POSCAR_Ga2Ru2_4_y950,191,24,ok,4,0.9939622559534109,0.7769392282655391,0.9325551906019949,0.8273693002413419,0.39596849819211494,0.775,0.7439999999999999,PROCAR,nurion
POSCAR_Ga2Ru2_4_y975,151,24,ok,4,0.9995257793641695,0.46528365054271326,0.9341988453933732,0.9036623293810084,0.34468672275836393,0.7160000000000001,0.7150000000000001,PROCAR,nurion
POSCAR_Ga2Ru2_4_z025,90,24,ok,4,0.9982102482655685,0.6424393400691296,0.9357588863593745,0.9429792222639811,0.4564508233745566,0.756,0.7050000000000001,PROCAR,nurion
POSCAR_Ga2Ru2_4_z975,159,24,ok,4,0.9997351595567596,0.448258035015348,0.9468394447428455,0.9283781227947994,0.3278248499047514,0.7150000000000001,0.7090000000000001,PROCAR,nurion
POSCAR_Ga4Ti2_1,1,38,ok,6,1.0000000000000002,0.9999947095825333,1.0000000000000002,1.0,0.9999838566470256,0.6970000000000001,0.6970000000000001,PROCAR,local_backup
POSCAR_Ge2Mn2_2,186,25,ok,4,0.8461204568199044,0.8536467768867354,0.7980331785234753,0.58516563410964,0.5878852046209657,0.5940000000000001,0.518,ToBeDelete_PROCAR,nurion
POSCAR_Ge2Mn2_2_st025,186,25,ok,4,0.8276598132598008,0.8357405068937929,0.819251840201336,0.6130147831712259,0.6138705137218881,0.556,0.48800000000000004,ToBeDelete_PROCAR,nurion
POSCAR_Ge2Mn2_2_st050,216,25,ok,4,0.9502953125631222,0.8788731688770672,0.9177544343647996,0.9354378081141332,0.8175397758468191,0.529,0.5240000000000001,ToBeDelete_PROCAR,nurion
POSCAR_Ge2Mn2_2_st950,186,26,ok,4,0.7233360301191419,0.7678249716961486,0.6897545738372685,0.44703886120011777,0.4226853043087122,0.5720000000000001,0.7010000000000001,ToBeDelete_PROCAR,nurion
POSCAR_Ge2Mn2_2_st975,186,26,ok,4,0.7062325002264951,0.7552335362891196,0.5937247194376801,0.4284630925327161,0.4226470488481954,0.519,0.679,PROCAR,nurion
POSCAR_Ge2Mn2_2_x025,186,25,ok,4,0.8186636473803998,0.8203846252001848,0.8191710064176935,0.6120356661690196,0.587794458381931,0.5780000000000001,0.51,PROCAR,nurion
POSCAR_Ge2Mn2_2_x050,224,25,ok,4,0.8404021252497015,0.8404251019838526,0.8269514863031121,0.6383880699612988,0.6024184058387199,0.5690000000000001,0.509,PROCAR,nurion
POSCAR_Ge2Mn2_2_x975,260,26,ok,4,0.92234334744519,0.9169776221242473,0.8135220660192443,0.832527008033741,0.8292495631379717,0.49300000000000005,0.5990000000000001,PROCAR,nurion
POSCAR_Ge2Mn2_2_y025,216,25,ok,4,0.8192733196096996,0.8212619425560492,0.82057375825308,0.6961350247776139,0.6501400794331922,0.509,0.584,PROCAR,nurion
POSCAR_Ge2Mn2_2_y050,224,25,ok,4,0.8413211318765277,0.8412793453632166,0.8276489967783704,0.6603235140671041,0.6451592408590688,0.5690000000000001,0.507,PROCAR,nurion
POSCAR_Ge2Mn2_2_y950,223,25,ok,4,0.9454118212749045,0.7959465447111239,0.8976477924865679,0.8504251505581633,0.561373168957474,0.622,0.5900000000000001,PROCAR,nurion
POSCAR_Ge2Mn2_2_y975,190,26,ok,4,0.9227918483396609,0.9166484842874325,0.8135257684708894,0.8642239736013481,0.8610363510437185,0.6,0.49400000000000005,PROCAR,nurion
POSCAR_Ge2Mn2_2_z025,186,25,ok,4,0.8465668198559144,0.853493996730289,0.8117905723541572,0.5811728907778384,0.6021842073720556,0.5820000000000001,0.504,PROCAR,nurion
POSCAR_Ge2Mn2_2_z950,186,25,ok,4,0.8543450822812213,0.8539022390684036,0.7890973242171722,0.5978944159236192,0.5620848385228226,0.6180000000000001,0.551,PROCAR,nurion
POSCAR_Ge2Mn2_2_z975,186,25,ok,4,0.8503934223291939,0.8541443398574612,0.7867452999335647,0.5938186012261695,0.5768209484422067,0.6060000000000001,0.532,PROCAR,nurion
POSCAR_Ge2Mn2_3,120,27,ok,4,0.9999376317173004,0.8737438724865257,0.9023486366505342,0.9988786530778128,0.6355560183406213,0.5890000000000001,0.5860000000000001,PROCAR,nurion
POSCAR_Ge2Mn2_3_st025,120,27,ok,4,0.9999970962606468,0.8651043159352259,0.8986588145886314,0.9996080443802273,0.6690946714579091,0.56,0.561,PROCAR,nurion
POSCAR_Ge2Mn2_3_st975,120,27,ok,4,0.9996025781699713,0.9108293326605882,0.9262286773981963,0.9957227768046976,0.6516902056029216,0.6180000000000001,0.607,PROCAR,nurion
POSCAR_Ge2Mn2_3_x950,425,26,ok,4,0.9988150895129004,0.327052947366331,0.7485118182834698,0.9943647579438157,0.3015813828253424,0.629,0.6240000000000001,PROCAR,nurion
POSCAR_Ge2Mn2_3_x975,120,27,ok,4,0.9998429464451816,0.9093332718964631,0.92432267452763,0.9974167098420106,0.6744243603193498,0.5920000000000001,0.5830000000000001,PROCAR,nurion
POSCAR_Ge2Mn2_3_y050,100,27,ok,4,0.9999802291088976,0.8545133446758281,0.8926118231875928,0.9994103243319725,0.6427820015453254,0.5710000000000001,0.5720000000000001,PROCAR,nurion
POSCAR_Ge2Mn2_3_y975,425,26,ok,4,0.9991775904288609,0.4270984242949417,0.8127613955244298,0.9955680395149955,0.4484061863697168,0.62,0.622,PROCAR,nurion
POSCAR_Ge2Mn2_3_z975,120,27,ok,4,0.999969376915739,0.8568837179407703,0.8891253628994679,0.9990825533665062,0.6190356305814461,0.603,0.5980000000000001,PROCAR,nurion
POSCAR_Ge2Mo2_2,258,27,ok,4,0.9945062157168912,0.7429227784685085,0.8747867720337019,0.5590258127388683,0.398579237963973,0.835,0.724,PROCAR,nurion
POSCAR_Ge2Mo2_2_st050,258,27,ok,4,0.9880192710747577,0.8934572382778013,0.9142752954412019,0.9122325523639271,0.44728838911502555,0.7909999999999999,0.845,PROCAR,nurion
POSCAR_Ge2Mo2_2_st950,386,28,ok,4,0.999691524901426,0.9718032960829678,0.9980330598173304,0.914771860834426,0.45641120888567954,0.8380000000000001,0.8760000000000001,PROCAR,nurion
POSCAR_Ge2Mo2_2_st975,246,28,ok,4,0.9917287440446151,0.9905905219472219,0.9912611949825423,0.9348705006340958,0.9342504546368661,0.856,0.911,PROCAR,nurion
POSCAR_Ge2Mo2_2_x025,294,27,ok,4,0.9997601976894307,0.996705788002378,0.9678929915619497,0.9185161950550106,0.8269481705778057,0.8400000000000001,0.815,PROCAR,nurion
POSCAR_Ge2Mo2_2_x050,294,27,ok,4,0.9999595267171163,0.9231570999520958,0.6928463956807912,0.9378645126274372,0.5576121199404758,0.7839999999999999,0.7989999999999999,PROCAR,nurion
POSCAR_Ge2Mo2_2_x950,102,28,ok,4,0.9910356930519733,0.9918628004449431,0.985454542095368,0.8324856115928887,0.7674927368321025,0.8240000000000001,0.904,PROCAR,nurion
POSCAR_Ge2Mo2_2_x975,258,27,ok,4,0.9999600076519889,0.9993928577140925,0.9922381055385935,0.9222753865866519,0.8884720359779468,0.8300000000000001,0.846,PROCAR,nurion
POSCAR_Ge2Mo2_2_y025,258,27,ok,4,0.9997418106382487,0.9971606485468685,0.9665713228596398,0.9145231850044675,0.8293726411434187,0.818,0.84,PROCAR,nurion
POSCAR_Ge2Mo2_2_y050,258,27,ok,4,0.9999658286404474,0.9248068325219022,0.6926760055191856,0.9425665962780606,0.5851492990077043,0.7989999999999999,0.786,PROCAR,nurion
POSCAR_Ge2Mo2_2_y950,228,28,ok,4,0.9905863640925349,0.9915153197039808,0.985210546919824,0.8908456318418592,0.8578353415564965,0.823,0.9000000000000001,PROCAR,nurion
POSCAR_Ge2Mo2_2_y975,385,27,ok,4,0.9999560067050455,0.9994422919327203,0.9926215883125392,0.9545090451480156,0.9155953696686717,0.8340000000000001,0.8390000000000001,PROCAR,nurion
POSCAR_Ge2Mo2_2_z025,258,27,ok,4,0.9946459621377972,0.6093468275439495,0.9452921468951284,0.555266541297924,0.32078610843620803,0.832,0.7200000000000001,PROCAR,nurion
POSCAR_Ge2Mo2_2_z050,388,27,ok,4,0.9952906463140149,0.4667974097643964,0.9836463486661277,0.5440232974902401,0.23727835793513163,0.717,0.8310000000000001,PROCAR,nurion
POSCAR_Ge2Mo2_2_z950,147,28,ok,4,0.9942125262875088,0.9907017131985832,0.9725207727218801,0.8971180931858235,0.8935271578191758,0.847,0.9090000000000001,PROCAR,nurion
POSCAR_Ge2Mo2_2_z975,294,27,ok,4,0.9999990420714991,0.9904849657860314,0.9971656037879068,0.969006926643582,0.9524638883043048,0.8580000000000001,0.8380000000000001,PROCAR,nurion
POSCAR_Ge2Ru2_2,367,28,ok,4,0.9980335177998999,0.8736588186889511,0.974745820580933,0.9967019663245344,0.8946278181497104,0.8099999999999999,0.8310000000000001,PROCAR,local_backup
POSCAR_Ge2Ru2_2_st025,354,28,ok,4,0.9965467796292811,0.9956878060134241,0.9811909372344165,0.9905060936248448,0.974379020687857,0.778,0.8130000000000001,PROCAR,tgm
POSCAR_Ge2Ru2_2_st050,354,28,ok,4,0.9916200411370382,0.9715058186771196,0.993257149562614,0.9786647522955619,0.9499711111435676,0.739,0.789,PROCAR,tgm
POSCAR_Ge2Ru2_2_st950,113,27,ok,4,0.9995971520556806,0.7572407859544239,0.9479315864458334,0.9669109168147397,0.2493687435850566,0.919,0.919,PROCAR,tgm
POSCAR_Ge2Ru2_2_st975,367,28,ok,4,0.9993137323138113,0.9448654457290694,0.9607101309969969,0.9987496279295907,0.9543589124391949,0.8370000000000001,0.8470000000000001,PROCAR,tgm
POSCAR_Ge2Ru2_2_x025,484,28,ok,4,0.997715598822065,0.9931761212497071,0.9598727324778553,0.9959464739776831,0.9784992075496662,0.834,0.806,PROCAR,nurion
POSCAR_Ge2Ru2_2_x050,484,28,ok,4,0.9959645585958603,0.9884849052027586,0.9714973908018031,0.9921248280805277,0.9570000099225944,0.824,0.791,PROCAR,nurion
POSCAR_Ge2Ru2_2_x950,296,25,ok,4,0.9992072889336506,0.9477978254941525,0.9600562730582043,0.8047253210614482,0.1645946249995839,0.869,0.882,PROCAR,nurion
POSCAR_Ge2Ru2_2_x975,367,28,ok,4,0.9986517725327215,0.8740392994038495,0.9766923306188925,0.9975350093522541,0.894372473825656,0.8180000000000001,0.84,PROCAR,nurion
POSCAR_Ge2Ru2_2_y025,380,28,ok,4,0.9978994057135441,0.9931507871518402,0.9597734669977366,0.9945797970302399,0.9716461360873034,0.804,0.8310000000000002,PROCAR,nurion
POSCAR_Ge2Ru2_2_y050,380,28,ok,4,0.995858359160046,0.9884638674535695,0.9722584184464107,0.9905031860370637,0.9447872313382268,0.7909999999999999,0.8230000000000002,PROCAR,nurion
POSCAR_Ge2Ru2_2_y950,103,25,ok,4,0.999448502123869,0.21060018794492136,0.9922714016202077,0.9746860467976833,0.05173054442892054,0.839,0.8330000000000001,PROCAR,nurion
POSCAR_Ge2Ru2_2_y975,302,28,ok,4,0.9985847498620648,0.8755820157063278,0.9771042847988863,0.9976008440498365,0.8944211015654416,0.84,0.822,PROCAR,nurion
POSCAR_Ge2Ru2_2_z025,367,28,ok,4,0.9976631948919478,0.8702665265693663,0.9810588168235498,0.9957987609509967,0.8900003946539772,0.799,0.8250000000000001,PROCAR,nurion
POSCAR_Ge2Ru2_2_z050,367,28,ok,4,0.9967495467696513,0.8597768979924889,0.9921831293323178,0.9946738854693146,0.8768604372731277,0.786,0.817,PROCAR,nurion
POSCAR_Ge2Ru2_2_z950,367,28,ok,4,0.9985473130456259,0.8993182989169715,0.952059798652,0.9976295359591856,0.9179560456587902,0.8320000000000001,0.8440000000000001,PROCAR,nurion
POSCAR_Ge2Ru2_2_z975,367,28,ok,4,0.9984323537507114,0.898269639667899,0.9589165424241486,0.997495487991579,0.9163887870611928,0.8230000000000001,0.8400000000000001,PROCAR,nurion
POSCAR_Ge2V2_2,425,26,ok,4,0.9999819519691486,0.6443126853794654,0.9999705311570164,0.9999819519691486,0.6443126853794654,0.5630000000000001,0.5630000000000001,PROCAR,nurion
POSCAR_Ge2V2_2_st950,425,26,ok,4,0.9999872880219095,0.4840938721604312,0.9999817292491355,0.9999872880219095,0.4840938721604312,0.6180000000000001,0.619,PROCAR,nurion
POSCAR_Ge2V2_2_x025,431,26,ok,4,0.999999459333641,0.8008860963141072,0.9999887146931836,0.9999920315494225,0.6567336087015244,0.5650000000000001,0.5680000000000001,PROCAR,nurion
POSCAR_Ge2V2_2_x950,426,26,ok,4,0.9999959150413462,0.6515850773291548,0.9999940836439105,0.9999947878883277,0.6370212662444783,0.5740000000000001,0.5760000000000001,PROCAR,nurion
POSCAR_Ge2V2_2_x975,426,26,ok,4,0.9999995976589632,0.7053166886795136,0.9999879795501574,0.999991104841408,0.6566702801759944,0.572,0.575,PROCAR,nurion
POSCAR_Ge2V2_2_y025,426,26,ok,4,0.9999978327314152,0.8017514823016505,0.9999923892770063,0.9999707042304085,0.6712763475288319,0.5670000000000002,0.5680000000000002,PROCAR,nurion
POSCAR_Ge2V2_2_y950,431,26,ok,4,0.9999989710718793,0.6540268335858074,0.9999949863874561,0.9999986659932325,0.6318692706930602,0.5750000000000001,0.5760000000000001,PROCAR,nurion
POSCAR_Ge2V2_2_y975,431,26,ok,4,1.0,0.705048689579988,1.0000000000000002,0.999973725314875,0.6507250512941044,0.5730000000000001,0.5730000000000001,PROCAR,nurion
POSCAR_Ge2V2_2_z025,441,26,ok,4,1.0000000000000002,0.7116200169635282,0.9999999999999998,1.0000000000000002,0.7110689437065149,0.546,0.546,PROCAR,nurion
POSCAR_Ge2V2_2_z050,441,26,ok,4,0.9999934324733131,0.7269321911990899,0.999983955141632,0.9999909519031246,0.741627500427593,0.533,0.533,PROCAR,nurion
POSCAR_Ge2V2_2_z950,461,24,ok,4,0.9999847299723165,0.19055078304650958,0.9999895737086981,0.9999817028084431,0.05972361563182429,0.747,0.745,PROCAR,nurion
POSCAR_Ge2V2_3,6,26,ok,4,0.9999994226647231,0.7261488569586263,0.9999948399306811,0.9999984122362225,0.7414060642611461,0.519,0.518,PROCAR,nurion
POSCAR_Ge2V2_3_st025,6,26,ok,4,0.9999810814841658,0.7617576729404613,0.9999753070665426,0.9999086885845906,0.7478899217224004,0.4860000000000001,0.4890000000000001,PROCAR,nurion
POSCAR_Ge2V2_3_st050,47,26,ok,4,0.9999954765119898,0.7940736317384204,0.9999895583420724,0.9999052735980404,0.7254527529725955,0.45600000000000007,0.45500000000000007,PROCAR,nurion
POSCAR_Ge2V2_3_st950,6,25,ok,4,1.0000000000000002,0.6515541304699055,0.9999999999999998,0.9999999999999999,0.724693358945115,0.5910000000000002,0.5910000000000002,ToBeDelete_PROCAR,nurion
POSCAR_Ge2V2_3_st975,6,25,ok,4,0.999990024510355,0.6881371984924453,0.9999815051490185,0.9999842207489706,0.7338891311217859,0.5510000000000002,0.5500000000000002,PROCAR,nurion
POSCAR_Ge2V2_3_x025,6,26,ok,4,0.9999963868660873,0.7267109535428273,0.9999843848497301,0.9999872616339349,0.7422606424384547,0.516,0.518,PROCAR,nurion
POSCAR_Ge2V2_3_x050,358,24,ok,4,0.9999877849590386,0.02898311630423065,0.9999929157253667,0.9999741746506908,0.04533165342993207,0.685,0.6850000000000002,PROCAR,nurion
POSCAR_Ge2V2_3_x950,6,25,ok,4,0.9999970336770836,0.7214733536341561,0.9999939082279985,0.9999541129917855,0.7390565594977614,0.529,0.53,PROCAR,nurion
POSCAR_Ge2V2_3_x975,6,25,ok,4,0.9999403024435506,0.7223927087210552,0.9999460300075379,0.9998933890040144,0.7400286297152597,0.525,0.528,PROCAR,nurion
POSCAR_Ge2V2_3_y025,6,26,ok,4,0.9999995073317807,0.7437228396027813,0.9999586401054088,0.9999888106885804,0.7548503074369035,0.503,0.499,PROCAR,nurion
POSCAR_Ge2V2_3_y050,358,28,ok,4,0.9999786432391528,0.8023520452072475,0.999952191500165,0.9999291804654677,0.8366388656919017,0.558,0.557,PROCAR,nurion
POSCAR_Ge2V2_3_y950,6,26,ok,4,0.9999862845855739,0.6767096678503779,0.9999747799226507,0.9999774564493671,0.6987358303742797,0.5580000000000002,0.5580000000000002,PROCAR,nurion
POSCAR_Ge2V2_3_y975,6,26,ok,4,1.0000000000000002,0.7024393142585493,0.9999999999999998,0.999970464856314,0.7226923544693614,0.54,0.54,PROCAR,nurion
POSCAR_Ge2V2_3_z025,6,26,ok,4,0.9999994173856094,0.7392399173272894,0.9999917824594741,0.9999981161667686,0.7297878341189915,0.509,0.508,PROCAR,nurion
POSCAR_Ge2V2_3_z050,6,26,ok,4,0.9999923171057558,0.7466175348529231,0.9999852613477659,0.9999812334566737,0.7167708957497329,0.502,0.501,PROCAR,nurion
POSCAR_Ge2V2_3_z950,358,28,ok,4,0.9999613149147916,0.712941993597018,0.9999643298436047,0.9999159519128096,0.7644047984228745,0.6000000000000002,0.5980000000000002,PROCAR,nurion
POSCAR_Ge2V2_3_z975,358,28,ok,4,0.9999964673882754,0.732054845028105,0.9999926175372542,0.9999936994567846,0.796083401132728,0.5870000000000002,0.5860000000000002,PROCAR,nurion
POSCAR_Ge4V2_1,29,40,ok,6,0.9747198292682878,0.07919584862893037,0.9925469298837103,0.9524760428513116,0.04489579825669926,0.705,0.819,PROCAR,nurion
POSCAR_Ge4V2_1_st025,76,40,ok,6,0.9278549811405261,0.20031775634511886,0.9636037457927237,0.65109204631161,0.13576788160062792,0.6040000000000001,0.7210000000000001,ToBeDelete_PROCAR,nurion
POSCAR_Ge4V2_1_st050,76,40,ok,6,0.9994197748320802,0.17350743910940966,0.9931694338651581,0.818262137723017,0.1517163382471048,0.64,0.6110000000000001,PROCAR,nurion
POSCAR_Ge4V2_1_st950,66,41,ok,6,0.9656921349983885,0.24272610485649315,0.9647859156227157,0.4886440879453705,0.07855652512330903,0.72,0.869,PROCAR,nurion
POSCAR_Ge4V2_1_st975,22,41,ok,6,0.9904621391145526,0.018313261611717833,0.9961262040425515,0.5329250948094414,0.007298185425390953,0.805,0.8530000000000001,PROCAR,nurion
POSCAR_I4Mn2_1,88,22,ok,6,0.9979263480460994,0.9897886398034119,0.9884719822682951,0.9965598667042228,0.9896290846751556,0.509,0.543,ToBeDelete_PROCAR,nurion
POSCAR_I4Mn2_1_st025,88,22,ok,6,0.9999535629877434,0.9988152547047847,0.9824012197062715,0.9998827352331908,0.9986199675625691,0.534,0.533,PROCAR,nurion
POSCAR_I4Mn2_1_st050,88,22,ok,6,0.9985701685488733,0.9970137321008034,0.9712264579924705,0.9985369631230245,0.9969449511871896,0.556,0.526,PROCAR,nurion
POSCAR_I4Mn2_1_st950,48,22,ok,6,0.9101686627687975,0.7912795527388761,0.7788889014893958,0.7670354380040452,0.6740381099850644,0.5810000000000001,0.505,PROCAR,nurion
POSCAR_I4Mn2_1_st975,48,22,ok,6,0.9617923306219082,0.8032749354037279,0.7990808096843152,0.8229226701828171,0.7130956321115397,0.5670000000000001,0.506,PROCAR,nurion
POSCAR_I4Mn2_1_x025,88,22,ok,6,0.9992840640894265,0.9944093936732908,0.9892551512477565,0.9985072975229274,0.9942549593541598,0.513,0.537,PROCAR,nurion
POSCAR_I4Mn2_1_x050,88,22,ok,6,0.9998851272900191,0.9969151045965159,0.9872876913267266,0.9995949798221454,0.9967635599040178,0.521,0.534,PROCAR,nurion
POSCAR_I4Mn2_1_x950,88,22,ok,6,0.9956571577488327,0.9817195064859161,0.9838258726341393,0.9938552489970521,0.9816017351073457,0.51,0.553,PROCAR,nurion
POSCAR_I4Mn2_1_x975,88,22,ok,6,0.9970782051205899,0.9853711103709354,0.9863309180326032,0.9955292863235814,0.9852226357267354,0.509,0.549,PROCAR,nurion
POSCAR_I4Mn2_1_y025,88,22,ok,6,0.9982651807964462,0.9915611578744535,0.9881059989604993,0.994041209663333,0.9878704998900724,0.512,0.54,PROCAR,nurion
POSCAR_I4Mn2_1_y050,88,22,ok,6,0.9989980623457898,0.9944907136641615,0.9860180703827554,0.9867146648085193,0.9809843358726983,0.518,0.539,PROCAR,nurion
POSCAR_I4Mn2_1_y950,48,22,ok,6,0.9981300148974411,0.9873112708450813,0.98790708176801,0.9696958246374711,0.9571748378106827,0.549,0.508,PROCAR,nurion
POSCAR_I4Mn2_1_y975,48,22,ok,6,0.9978276244471656,0.987914591207928,0.9876722495088854,0.9922692837339993,0.9828758885400157,0.546,0.508,PROCAR,nurion
POSCAR_I4Mn2_1_z025,88,22,ok,6,0.9982530294603199,0.9915272997698054,0.9880648925286701,0.9941823012960262,0.9879267686812444,0.512,0.539,PROCAR,nurion
POSCAR_I4Mn2_1_z050,88,22,ok,6,0.9989940164282526,0.9944846635460666,0.9859766898650871,0.987272965686699,0.9815223107581854,0.517,0.538,PROCAR,nurion
POSCAR_I4Mn2_1_z950,48,22,ok,6,0.9982533864700964,0.9871603436505357,0.9881853503971376,0.9732386571426758,0.9609281636217228,0.549,0.509,PROCAR,nurion
POSCAR_I4Mn2_1_z975,48,22,ok,6,0.997951975629104,0.9878504077716769,0.9876070691766669,0.993112522732799,0.9835899347025101,0.545,0.508,PROCAR,nurion
POSCAR_I4Nb2_1,45,27,ok,6,0.9936608240625258,0.03844255317120541,0.9902644743087626,0.809247767435239,0.02812320966258224,0.8010000000000002,0.7889999999999999,PROCAR,nurion
POSCAR_I4Nb2_1_st025,119,23,ok,6,0.9704732333116954,0.5505663045519872,0.6344872195105064,0.9644508369500568,0.536166528097241,0.5660000000000001,0.5630000000000001,ToBeDelete_PROCAR,nurion
POSCAR_I4Nb2_1_st050,119,23,ok,6,0.9775163325901319,0.5376339243597895,0.6416787894759662,0.9727096041147635,0.5231277174110347,0.562,0.5609999999999999,ToBeDelete_PROCAR,nurion
POSCAR_I4Nb2_1_st950,45,27,ok,6,0.9918361155616138,0.04698274231689884,0.9913947500789512,0.798292387435084,0.031484076946000965,0.802,0.7729999999999999,ToBeDelete_PROCAR,nurion
POSCAR_I4Nb2_1_st975,45,27,ok,6,0.9930507560393717,0.044025211680029895,0.9911871002558333,0.801853139867405,0.030983498417687876,0.8,0.7899999999999999,PROCAR,nurion
POSCAR_I4Nb2_1_x025,119,23,ok,6,0.9627810058821945,0.5754788388236733,0.6520740265065492,0.9540852658410103,0.5572962213649092,0.5760000000000001,0.5680000000000001,PROCAR,nurion
POSCAR_I4Nb2_1_x050,119,23,ok,6,0.9572365145938303,0.5730717198595797,0.6710574188057743,0.9482737790756236,0.5525959402803673,0.582,0.5720000000000001,PROCAR,nurion
POSCAR_I4Nb2_1_x950,45,27,ok,6,0.9945053363094682,0.038942895685757546,0.9887905024438343,0.8472390970551298,0.0262404048253553,0.8,0.7899999999999999,PROCAR,nurion
POSCAR_I4Nb2_1_x975,45,27,ok,6,0.9938207248113837,0.037169738794491695,0.9892611200620847,0.8300390489762077,0.026941571057774814,0.8019999999999999,0.7869999999999999,PROCAR,nurion
POSCAR_I4Nb2_1_y025,45,27,ok,6,0.9937755626128886,0.03744407923998494,0.9887942100759496,0.8477287083900285,0.027700072274133666,0.8020000000000002,0.7899999999999999,PROCAR,nurion
POSCAR_I4Nb2_1_y050,45,27,ok,6,0.9947521821865051,0.03607840786281274,0.9869917494330178,0.8988431259159824,0.02995706491695438,0.801,0.788,PROCAR,nurion
POSCAR_I4Nb2_1_y950,45,27,ok,6,0.993614520643177,0.042576216335432675,0.9927483035945845,0.7949173190609833,0.0351394330953755,0.8050000000000002,0.782,PROCAR,nurion
POSCAR_I4Nb2_1_y975,45,27,ok,6,0.9931873055567795,0.03978595549955325,0.9910699034441032,0.7935640022180649,0.030691882582345276,0.802,0.787,PROCAR,nurion
POSCAR_I4Nb2_1_z025,45,27,ok,6,0.9938302308219358,0.03660693393946699,0.9884684779305388,0.8255344987946244,0.027655223337592925,0.798,0.789,PROCAR,nurion
POSCAR_I4Nb2_1_z050,40,27,ok,6,0.994435113038255,0.03563096118895501,0.9870552572749971,0.8597901080397554,0.030874234475598065,0.7989999999999999,0.788,PROCAR,nurion
POSCAR_I4Nb2_1_z950,45,27,ok,6,0.9939744459687235,0.042883084704882085,0.9929942460850156,0.8241737464679797,0.0340724679123099,0.8030000000000002,0.781,PROCAR,nurion
POSCAR_I4Nb2_1_z975,45,27,ok,6,0.9934731074960775,0.03976111085196818,0.9912464960577405,0.8099082266424469,0.029525519979141848,0.802,0.786,PROCAR,nurion
POSCAR_I4Ni2_1,90,20,ok,6,0.9958943185450922,0.8831106505167712,0.9514218034606818,0.9486992982257582,0.7958764912317546,0.6030000000000001,0.6060000000000001,PROCAR,nurion
POSCAR_I4Ni2_1_st025,90,20,ok,6,0.9952103163719045,0.9263766203577414,0.9690315791033864,0.9323937830471724,0.8210621891162992,0.589,0.591,PROCAR,nurion
POSCAR_I4Ni2_1_st050,80,18,ok,6,0.9970898343149052,0.9313681952471932,0.9522834220703413,0.9880241824334175,0.8868210881803313,0.5539999999999999,0.5710000000000001,PROCAR,nurion
POSCAR_I4Ni2_1_st950,17,22,ok,6,0.997761388733079,0.6490559764499805,0.6642720405596216,0.9125108305980987,0.42692671326616927,0.6260000000000001,0.61,ToBeDelete_PROCAR,nurion
POSCAR_I4Ni2_1_st975,90,20,ok,6,0.9999090076287692,0.834472558734239,0.9648561342966968,0.9366637068052803,0.74406411383337,0.6230000000000001,0.619,PROCAR,nurion
POSCAR_I4Ni2_1_x025,80,20,ok,6,0.992485449698217,0.895486265406347,0.9500510570731,0.9127147957224112,0.8217735450140623,0.6090000000000001,0.5990000000000001,PROCAR,nurion
POSCAR_I4Ni2_1_x975,90,20,ok,6,0.9982864821969308,0.8714055317031839,0.9545501571092763,0.8443050707695323,0.6978756819724515,0.6030000000000001,0.6120000000000001,PROCAR,nurion
POSCAR_I4Ni2_1_y025,90,20,ok,6,0.9927738576474311,0.9000701461746099,0.9539002774062775,0.9113021161732242,0.8237156861985515,0.5960000000000001,0.6080000000000001,PROCAR,nurion
POSCAR_I4Ni2_1_y975,80,20,ok,6,0.9982791260101362,0.8684306349977392,0.9539637192726113,0.8632230901187764,0.6673208154507848,0.6150000000000001,0.6030000000000001,PROCAR,nurion
POSCAR_I4Ni2_1_z025,90,20,ok,6,0.9970136356000325,0.9052863225102601,0.9577932319365783,0.8381171092284717,0.7138296028165663,0.5950000000000001,0.596,PROCAR,nurion
POSCAR_I4Ni2_1_z050,96,22,ok,6,0.998634501450812,0.6897828301998887,0.6991146733198831,0.9540658422188446,0.5022597047419565,0.575,0.577,PROCAR,nurion
POSCAR_I4Ni2_1_z950,90,20,ok,6,0.9980728892372484,0.8498379159762637,0.9728643671977054,0.9918737970753195,0.7590386286320931,0.6100000000000001,0.6230000000000001,PROCAR,nurion
POSCAR_I4Ni2_1_z975,90,20,ok,6,0.9964999561241169,0.852543638880801,0.9475251098676079,0.9913127626968354,0.7965165540346946,0.6060000000000001,0.6150000000000001,PROCAR,nurion
POSCAR_I4Rh2_1,123,23,ok,6,0.9963587036552604,0.5881679736721365,0.9573187505450739,0.9881551455148789,0.5901192379921745,0.709,0.666,PROCAR,nurion
POSCAR_I4Rh2_1_x025,123,27,ok,6,0.951893192218097,0.7716088070650613,0.8042015630754894,0.9445919679405723,0.6531981252483793,0.7090000000000001,0.7430000000000001,PROCAR,nurion
POSCAR_I4Rh2_1_x050,145,27,ok,6,0.9517781044815763,0.7829819414533119,0.7955415306707231,0.9424173615402878,0.6536272964570096,0.7340000000000001,0.699,PROCAR,nurion
POSCAR_I4Rh2_1_x950,123,23,ok,6,0.9970932938240992,0.688044420261135,0.9279031972208592,0.9951961976755603,0.6737981656353934,0.712,0.6769999999999999,PROCAR,nurion
POSCAR_I4Rh2_1_x975,123,23,ok,6,0.9960712354369561,0.6352761651845373,0.9450256235857997,0.9920343373209717,0.6315314943503865,0.7110000000000001,0.674,PROCAR,nurion
POSCAR_I4Rh2_1_y025,123,23,ok,6,0.998556867758539,0.5880639673116802,0.9694039704749237,0.9880206325487594,0.581582022515,0.7010000000000001,0.668,PROCAR,nurion
POSCAR_I4Rh2_1_y050,123,23,ok,6,0.9996743190552504,0.5922381079067935,0.9785396669078709,0.9870420476153556,0.579535729875721,0.6910000000000001,0.6649999999999999,PROCAR,nurion
POSCAR_I4Rh2_1_y950,123,27,ok,6,0.9285402718844751,0.7921629423518135,0.8786619727641297,0.7946354309783332,0.5654186141295023,0.7130000000000001,0.769,PROCAR,nurion
POSCAR_I4Rh2_1_y975,123,27,ok,6,0.9425386675542712,0.7627203039278706,0.831176782887866,0.886676147700241,0.6447631113495013,0.7189999999999999,0.7620000000000001,PROCAR,nurion
POSCAR_I4Rh2_1_z025,123,23,ok,6,0.9983369615765642,0.5887216042294622,0.970209701584342,0.9852528320280193,0.5878767531044607,0.7030000000000001,0.665,PROCAR,nurion
POSCAR_I4Rh2_1_z050,123,23,ok,6,0.9996914493552422,0.5923202425317912,0.9789579642099795,0.978034484486967,0.5860160474142293,0.6930000000000001,0.6679999999999999,PROCAR,nurion
POSCAR_I4Rh2_1_z950,123,27,ok,6,0.9279516695250156,0.7797714537159086,0.8721902499988902,0.8774676419430795,0.5903755962321455,0.712,0.7690000000000001,PROCAR,nurion
POSCAR_I4Rh2_1_z975,123,27,ok,6,0.9418321824798463,0.7574214040975898,0.8276217625405431,0.9221609953154982,0.6173978830625901,0.7170000000000001,0.7610000000000001,PROCAR,nurion
POSCAR_I4Ti2_1,118,23,ok,6,0.9997492396243572,0.9508421136595215,0.9511026973902272,0.9106733658803489,0.908302747165835,0.546,0.531,PROCAR,local_backup
POSCAR_I4Ti2_1_st025,85,23,ok,6,0.9986140718658475,0.7903472283213966,0.7933781165512255,0.9496357423439626,0.7145570446759208,0.574,0.581,PROCAR,tgm
POSCAR_I4Ti2_1_st050,135,20,ok,6,0.9896702520008692,0.9375432243625451,0.9061881764449945,0.9517856449700332,0.8854341814311818,0.5720000000000001,0.5449999999999999,PROCAR,tgm
POSCAR_I4Ti2_1_st975,138,25,ok,6,0.9982409796441072,0.021501240977145404,0.9872426823824184,0.9984875411549706,0.0,0.791,0.778,PROCAR,tgm
POSCAR_I4Ti2_1_x025,118,23,ok,6,0.9999326409236425,0.7058161951247032,0.7059678313740139,0.943269343131431,0.3049316879283352,0.545,0.536,PROCAR,nurion
POSCAR_I4Ti2_1_x050,118,23,ok,6,0.9999038436977494,0.44743303021660286,0.4473804862339107,0.9486985798532409,0.0,0.544,0.538,PROCAR,nurion
POSCAR_I4Ti2_1_x950,51,25,ok,6,0.9982574369970055,0.008039213474116378,0.9967670970270203,0.8225918667145256,0.00726177131052629,0.8019999999999999,0.802,PROCAR,nurion
POSCAR_I4Ti2_1_x975,138,25,ok,6,0.9984570549780305,0.016986753557870025,0.9859055497926424,0.9987029312141414,0.0,0.788,0.785,PROCAR,nurion
POSCAR_I4Ti2_1_y025,118,23,ok,6,0.9997080791652787,0.9590724539711335,0.9593312730149594,0.9261016793917093,0.9236304951552766,0.546,0.532,PROCAR,nurion
POSCAR_I4Ti2_1_y050,138,25,ok,6,0.9989986285058104,0.010750405705036674,0.9845615183828198,0.9992067952333102,0.0,0.793,0.7879999999999999,PROCAR,nurion
POSCAR_I4Ti2_1_y950,83,26,ok,6,0.9993415754347091,0.03143880660291568,0.9987634510626038,0.9986933129712454,0.031207194322620237,0.821,0.823,PROCAR,nurion
POSCAR_I4Ti2_1_y975,138,25,ok,6,0.9985400928168257,0.01664206856647764,0.9880940314746737,0.9987317413755162,0.0,0.7929999999999999,0.789,PROCAR,nurion
POSCAR_I4Ti2_1_z025,118,23,ok,6,0.9998021839787317,0.9639132599719398,0.9639690081145598,0.9344120817088776,0.9322087747514876,0.544,0.532,PROCAR,nurion
POSCAR_I4Ti2_1_z050,58,22,ok,6,0.9999654828337944,0.22931942533400831,0.22972168718610503,0.9948604064086713,0.0,0.521,0.531,PROCAR,nurion
POSCAR_I4Ti2_1_z950,83,26,ok,6,0.9993415754347091,0.031438806602915675,0.9987634510626038,0.9986785964104617,0.03116254085631107,0.821,0.8230000000000001,PROCAR,nurion
POSCAR_I4Ti2_1_z975,138,25,ok,6,0.9983734245801803,0.016639272970384106,0.9881841555778689,0.9986232976918278,0.0,0.7929999999999999,0.788,PROCAR,nurion
POSCAR_I6Nb2_1,7,33,ok,8,0.9682119683714117,0.5927984250578663,0.789496119865398,0.6839396814503834,0.41368637484727167,0.671,0.6220000000000001,PROCAR,nurion
POSCAR_I6Nb2_1_st025,65,29,ok,8,0.8434702948166982,0.483268693568387,0.5865242479629857,0.6402712012092429,0.28976952251298776,0.5700000000000001,0.646,PROCAR,nurion
POSCAR_I6Nb2_1_st050,32,29,ok,8,0.9862145289050434,0.5585122332972079,0.940382438519967,0.8376685975628533,0.48736156011261006,0.614,0.6180000000000001,ToBeDelete_PROCAR,nurion
POSCAR_I6Nb2_1_st950,52,33,ok,8,0.9939411298130791,0.24081598232060564,0.9857113549275202,0.3329149679385474,0.07592451440305187,0.7070000000000001,0.72,PROCAR,nurion
POSCAR_I6Nb2_1_st975,52,33,ok,8,0.9993683274465176,0.34060315084827836,0.9889634386895063,0.32561169606535356,0.09626442217740969,0.6970000000000001,0.682,ToBeDelete_PROCAR,nurion
POSCAR_I6Nb2_1_x025,12,24,ok,8,0.9952313222508326,0.737810049568587,0.9585049756216378,0.9274438488644485,0.6599102684589163,0.556,0.546,ToBeDelete_PROCAR,nurion
POSCAR_I6Nb2_1_x975,65,33,ok,8,0.9996008597102931,0.4660486274017981,0.9395737010649048,0.7578794812706383,0.3864345141691814,0.657,0.6749999999999999,ToBeDelete_PROCAR,nurion
POSCAR_I6Nb2_1_y025,32,24,ok,8,0.9941464708987334,0.7619311520115432,0.9650168601655843,0.8899127351957593,0.5763232954265811,0.549,0.54,ToBeDelete_PROCAR,nurion
POSCAR_I6Nb2_1_y975,70,33,ok,8,0.9996279071653087,0.46434086349811066,0.9415944880375278,0.5193860072498641,0.25052982101141325,0.677,0.655,ToBeDelete_PROCAR,nurion
POSCAR_I6Nb2_1_z025,8,26,ok,8,0.9999006066683852,0.758687076223435,0.8026751251122691,0.9425690812786232,0.4949595435538278,0.544,0.558,ToBeDelete_PROCAR,nurion
POSCAR_I6Nb2_1_z050,7,24,ok,8,0.9989093474193139,0.7905616073352114,0.9981148089931821,0.9332783805313132,0.6950328017279793,0.5490000000000002,0.5470000000000002,ToBeDelete_PROCAR,nurion
POSCAR_I6Nb2_1_z950,52,33,ok,8,0.9835244447070968,0.4675915985781903,0.7960169956051385,0.5983631724493162,0.30004025395845874,0.684,0.639,ToBeDelete_PROCAR,nurion
POSCAR_I6Nb2_1_z975,52,33,ok,8,0.9750340873540507,0.5334593402910159,0.7758733222422198,0.38789034899623526,0.2255503811823739,0.678,0.626,ToBeDelete_PROCAR,nurion
POSCAR_In6Mo2_1,34,55,ok,8,0.9999454874644151,0.24073356324242143,0.5569030134181253,0.9999361118367426,0.0,0.552,0.553,PROCAR,nurion
POSCAR_In6Mo2_1_x950,34,55,ok,8,0.9999441743620752,0.2731956414920532,0.6724279425394857,0.9998850011440146,0.0,0.5950000000000002,0.5970000000000002,PROCAR,nurion
POSCAR_In6Mo2_1_y050,34,55,ok,8,0.9999812888418623,0.25193265691718114,0.5344884778645711,0.9999740095368181,0.0,0.533,0.535,PROCAR,nurion
POSCAR_In8Mn2_3,18,66,ok,10,0.8366064167733277,0.7983824931689528,0.7757308979857913,0.8027619191545842,0.7767346725083382,0.487,0.562,PROCAR,nurion
POSCAR_In8Mn2_3_st025,18,66,ok,10,0.9585253060975241,0.9169387095390836,0.8445805474535794,0.9485941675848245,0.9094309944823121,0.45200000000000007,0.49200000000000005,ToBeDelete_PROCAR,nurion
POSCAR_In8Mn2_3_st050,10,66,ok,10,0.9932955267501278,0.9464835234610389,0.8686447894556912,0.9919537165343065,0.9462128308192432,0.444,0.43600000000000005,PROCAR,nurion
POSCAR_In8Mn2_3_st950,136,62,ok,10,0.9794018726322777,0.8780771218684335,0.897449782843468,0.8888746799505552,0.7632194840689822,0.509,0.5519999999999999,PROCAR,nurion
POSCAR_In8Mn2_3_st975,136,62,ok,10,0.9887720220111513,0.9149740137392964,0.8881986610549624,0.9143457610300707,0.82757934796498,0.476,0.5109999999999999,PROCAR,nurion
POSCAR_In8Mn2_3_x025,18,66,ok,10,0.9197076486305102,0.8845766566662883,0.8179962933867124,0.8981726661704438,0.8714280502225373,0.46499999999999997,0.524,ToBeDelete_PROCAR,nurion
POSCAR_In8Mn2_3_x050,18,66,ok,10,0.9740884102272857,0.9402856322513033,0.8406051522475065,0.9660051282793074,0.9356058382718241,0.45200000000000007,0.487,ToBeDelete_PROCAR,nurion
POSCAR_In8Mn2_3_x950,109,65,ok,10,0.9946533441658174,0.9076856707828471,0.9169060274071525,0.9670442952933158,0.8154959284694134,0.508,0.5060000000000001,ToBeDelete_PROCAR,nurion
POSCAR_In8Mn2_3_x975,10,66,ok,10,0.7832206106657478,0.7508229009267678,0.7286763659831275,0.7505130971533053,0.7348824817004654,0.5800000000000001,0.494,ToBeDelete_PROCAR,nurion
POSCAR_In8Mn2_3_y025,7,66,ok,10,0.9200744284620751,0.8851456949857427,0.8183020203714895,0.8989621301017424,0.8721769928352794,0.465,0.524,ToBeDelete_PROCAR,nurion
POSCAR_In8Mn2_3_y050,7,66,ok,10,0.972485011769484,0.9385006784506095,0.8389525707720984,0.9639234209524233,0.9336080074623084,0.45200000000000007,0.48700000000000004,ToBeDelete_PROCAR,nurion
POSCAR_In8Mn2_3_y950,85,65,ok,10,0.9958832653952814,0.9123920273600348,0.9186279404047852,0.9712321690783124,0.8192484034541622,0.5040000000000001,0.509,ToBeDelete_PROCAR,nurion
POSCAR_In8Mn2_3_y975,18,66,ok,10,0.7863331766071551,0.7547562908446468,0.7325526785523868,0.7542546262927169,0.7392526281211682,0.492,0.5820000000000001,ToBeDelete_PROCAR,nurion
POSCAR_In8Mn2_3_z025,18,66,ok,10,0.8807308123885257,0.8464928061274936,0.8145882984296148,0.8545966200125251,0.8293995406548158,0.48,0.5449999999999999,ToBeDelete_PROCAR,nurion
POSCAR_In8Mn2_3_z050,10,66,ok,10,0.9174006742109823,0.8825182478298251,0.8461661020066702,0.8978201102157285,0.8682992918772834,0.5230000000000001,0.477,ToBeDelete_PROCAR,nurion
POSCAR_In8Mn2_3_z975,18,66,ok,10,0.7781935725338001,0.7431982123369999,0.7324651247458858,0.7405612171110578,0.7207825001312549,0.492,0.579,ToBeDelete_PROCAR,nurion
POSCAR_Mn2N2_2,263,17,ok,4,0.9726770973465132,0.2351660131089308,0.9773413952857828,0.8648706465995317,0.1679355249028038,0.8059999999999999,0.7829999999999999,PROCAR,nurion
POSCAR_Mn2N2_2_st025,359,17,ok,4,0.9703458637679583,0.28055689186165955,0.9708585588982933,0.9069384362205289,0.18843905286095472,0.749,0.764,PROCAR,nurion
POSCAR_Mn2N2_2_st050,263,17,ok,4,0.9772379617775709,0.35814586269540444,0.964766407138362,0.9197419137916613,0.2648172274526722,0.7140000000000001,0.7140000000000002,ToBeDelete_PROCAR,nurion
POSCAR_Mn2N2_2_st950,328,18,ok,4,0.9953319250497642,0.5608304599398711,0.9116710713822544,0.9685081279138826,0.5513633317668926,0.802,0.8400000000000001,PROCAR,nurion
POSCAR_Mn2N2_2_st975,315,18,ok,4,0.9901923365261358,0.5508891805478121,0.9162281068324175,0.9636397314238458,0.5897546381502544,0.8050000000000002,0.8240000000000001,PROCAR,nurion
POSCAR_Mn2N2_2_x025,359,17,ok,4,0.9725874363009818,0.26682346306141574,0.9763013815637223,0.893354051653327,0.18881326733633716,0.7689999999999999,0.784,PROCAR,nurion
POSCAR_Mn2N2_2_x050,359,17,ok,4,0.9762452067262957,0.2957111578206819,0.9762719087232642,0.9030200916462556,0.21286863592357508,0.7549999999999999,0.7649999999999999,PROCAR,nurion
POSCAR_Mn2N2_2_x950,384,18,ok,4,0.9928593485275189,0.5586171249816941,0.8911176115134299,0.9539925102944911,0.5675401962016055,0.7839999999999999,0.809,PROCAR,nurion
POSCAR_Mn2N2_2_x975,384,18,ok,4,0.9943179136317626,0.5840533755603662,0.9003622461279066,0.9581004077821027,0.600832502437525,0.783,0.804,PROCAR,nurion
POSCAR_Mn2N2_2_y025,263,17,ok,4,0.9730484308723396,0.2576346810138541,0.9753968314695528,0.8708525643338434,0.18335440938366018,0.7870000000000001,0.7710000000000001,PROCAR,nurion
POSCAR_Mn2N2_2_y050,263,17,ok,4,0.9757278519741927,0.28335841348849405,0.9748112247229773,0.8755779899796504,0.20285347697694386,0.7650000000000001,0.758,PROCAR,nurion
POSCAR_Mn2N2_2_y950,264,18,ok,4,0.987282901846506,0.5026819242291445,0.9101608163752793,0.9560505750161948,0.5541689350933944,0.8180000000000001,0.8140000000000002,PROCAR,nurion
POSCAR_Mn2N2_2_y975,264,18,ok,4,0.9901300202875098,0.5209580879509252,0.9146171785559971,0.9634266782237411,0.5823441741540425,0.8140000000000001,0.809,PROCAR,nurion
POSCAR_Mn2N2_2_z025,359,17,ok,4,0.9692229472449667,0.2587953131710952,0.9761007158057485,0.9059113778768543,0.170215791388697,0.7719999999999999,0.792,PROCAR,nurion
POSCAR_Mn2N2_2_z050,359,17,ok,4,0.9670848509010371,0.27752903375364346,0.9737781534920184,0.9223774629792871,0.16552449328781188,0.7639999999999999,0.78,PROCAR,nurion
POSCAR_Mn2N2_2_z950,315,18,ok,4,0.9956999878277119,0.6488179903041409,0.9552975737302203,0.9600155387365326,0.6512938243192113,0.7969999999999999,0.8160000000000001,PROCAR,nurion
POSCAR_Mn2N2_2_z975,315,18,ok,4,0.995364053583727,0.6353778689161432,0.9342506654789211,0.9614367735720604,0.6580463051895489,0.789,0.811,PROCAR,nurion
POSCAR_Mn2N2_3,158,17,ok,4,0.9108394968434789,0.8808024556983143,0.9047863457748397,0.800331997893525,0.7378977397002371,0.754,0.7250000000000001,PROCAR,nurion
POSCAR_Mn2N2_3_st025,158,17,ok,4,0.8923832909105536,0.8296846205694139,0.8778267447819296,0.8414023758413629,0.7304219046430682,0.745,0.7190000000000001,PROCAR,nurion
POSCAR_Mn2N2_3_st050,78,16,ok,4,0.995767268085053,0.972070957799593,0.9859197018149658,0.49984463538352414,0.4761619975657956,0.632,0.6539999999999999,ToBeDelete_PROCAR,nurion
POSCAR_Mn2N2_3_st950,282,16,ok,4,0.9206422553817409,0.915485021939662,0.9151974732693696,0.5571330786764216,0.5020224268904037,0.7370000000000001,0.804,PROCAR,nurion
POSCAR_Mn2N2_3_st975,171,18,ok,4,0.8486295159827159,0.6490832590933121,0.8332813606677926,0.08604666085910981,0.049722146740318766,0.7820000000000001,0.8360000000000001,ToBeDelete_PROCAR,nurion
POSCAR_Mn2N2_3_z025,158,17,ok,4,0.886447148915408,0.8526712623075302,0.8586389562033037,0.714741971130195,0.583323352372645,0.772,0.7450000000000001,PROCAR,nurion
POSCAR_Mn2N2_3_z050,65,18,ok,4,0.9822429743335238,0.9755624220027536,0.936510573966388,0.9475326128715763,0.9312288096793608,0.7380000000000001,0.7120000000000002,PROCAR,nurion
POSCAR_Mn2N2_3_z950,470,18,ok,4,0.9892265812122085,0.648755548253938,0.9869107998499289,0.6043125511564786,0.28847821652722333,0.8190000000000001,0.8300000000000001,PROCAR,nurion
POSCAR_Mn2N2_3_z975,368,17,ok,4,0.6722548488523423,0.5231635170644942,0.4590827567286131,0.15114565736890095,0.06768996755996712,0.8160000000000001,0.7430000000000001,PROCAR,nurion
POSCAR_Mn2N2_7,193,17,ok,4,0.9999962305180977,0.3295313316508608,0.8859032068246978,0.9998931916573668,0.3345477509425263,0.737,0.737,ToBeDelete_PROCAR,nurion
POSCAR_Mn2N2_7_st025,193,17,ok,4,0.9999821600513297,0.42922696783551734,0.904458373846188,0.999909177712542,0.45384956721361736,0.706,0.704,ToBeDelete_PROCAR,nurion
POSCAR_Mn2N2_7_st050,193,17,ok,4,0.9999887759242608,0.5393093383378187,0.9207629116084951,0.9999644528219668,0.558705540339455,0.669,0.67,PROCAR,nurion
POSCAR_Mn2N2_7_st950,362,17,ok,4,0.9999996920770184,0.27540703365874647,0.8934361497073904,0.9999261959609838,0.21769663112756887,0.7920000000000001,0.7940000000000002,ToBeDelete_PROCAR,nurion
POSCAR_Mn2N2_7_st975,193,17,ok,4,0.9999942687026635,0.2628108553197893,0.8826490836904177,0.9999400693822998,0.2345196616794183,0.7639999999999999,0.765,ToBeDelete_PROCAR,nurion
POSCAR_Mn2N2_7_x025,193,17,ok,4,0.9999879726216303,0.3416723975664741,0.9002632892012498,0.9999484237857622,0.36640432370535675,0.728,0.732,PROCAR,nurion
POSCAR_Mn2N2_7_x050,208,19,ok,4,0.9999999902590831,0.45511552427946933,0.997055846925265,0.9999509827706932,0.40295204937299967,0.749,0.751,PROCAR,nurion
POSCAR_Mn2N2_7_x950,302,17,ok,4,0.999996420734232,0.3242614581451932,0.8193770931390248,0.9998709936700029,0.2071691694222316,0.7510000000000001,0.7510000000000001,PROCAR,nurion
POSCAR_Mn2N2_7_x975,193,17,ok,4,0.9999796189931248,0.3168011616660133,0.8808313397412164,0.9998967921406099,0.30148648447739707,0.746,0.747,PROCAR,nurion
POSCAR_Mn2N2_7_y025,193,17,ok,4,0.9999904415069116,0.3857133873520986,0.9228832697473599,0.999893412726226,0.4318187752656705,0.732,0.731,PROCAR,nurion
POSCAR_Mn2N2_7_y050,315,17,ok,4,0.9999960217042695,0.3704564763995404,0.8507618568541901,0.9999483175900096,0.23605696558383346,0.7230000000000001,0.7230000000000001,PROCAR,nurion
POSCAR_Mn2N2_7_y950,193,17,ok,4,0.9999982003686182,0.2777361960920967,0.8260610782815726,0.9999156865370141,0.202615885574892,0.7510000000000001,0.7520000000000001,PROCAR,nurion
POSCAR_Mn2N2_7_y975,193,17,ok,4,0.9999994071523794,0.2970936177611735,0.8533600084354112,0.9999129448650297,0.2555189359186935,0.7470000000000001,0.748,PROCAR,nurion
POSCAR_Mn2N2_7_z025,193,17,ok,4,0.9999967025499419,0.35651051881768336,0.8482708754935857,0.9998946795958632,0.3212090400317789,0.717,0.719,PROCAR,nurion
POSCAR_Mn2N2_7_z050,193,17,ok,4,0.99999068330207,0.3851253953738935,0.7934100775548039,0.9998948732270626,0.30583797577035216,0.707,0.708,PROCAR,nurion
POSCAR_Mn2N2_7_z950,208,19,ok,4,0.9999949531653353,0.36225722575461095,0.9890223453679674,0.9997950293204497,0.38256438823552064,0.793,0.792,PROCAR,nurion
POSCAR_Mn2N2_7_z975,193,17,ok,4,0.9999998701728521,0.303155032059513,0.9176029289914769,0.9998781249884977,0.33713461485959856,0.752,0.755,PROCAR,nurion
POSCAR_Mn2O2_5,227,17,ok,4,0.9947828921797626,0.08097316473138831,0.9662101339212092,0.8955667425766672,0.07353614406166208,0.8650000000000001,0.863,ToBeDelete_PROCAR,nurion
POSCAR_Mn2O2_5_st025,227,17,ok,4,0.9952456388341588,0.11170224891129832,0.9435872098854896,0.9030160601306731,0.10372943233779791,0.841,0.835,PROCAR,nurion
POSCAR_Mn2O2_5_st050,227,17,ok,4,0.9975135447634781,0.17890767030107954,0.8986595520351505,0.9120254968303146,0.17189085441763316,0.807,0.7949999999999999,PROCAR,nurion
POSCAR_Mn2O2_5_st950,227,18,ok,4,0.9969707452451528,0.2655777563979755,0.9865595022311582,0.97051462072122,0.26279660408361766,0.8650000000000001,0.8830000000000002,PROCAR,nurion
POSCAR_Mn2O2_5_st975,227,17,ok,4,0.9951246078480933,0.0673087315861796,0.9780255212676998,0.8917682983580645,0.05933160226536086,0.883,0.879,ToBeDelete_PROCAR,nurion
POSCAR_Mn2O2_5_x025,123,17,ok,4,0.9958068407411005,0.09832516358783476,0.9798582638171156,0.9450742114397037,0.08908509509294181,0.8480000000000001,0.8450000000000001,ToBeDelete_PROCAR,nurion
POSCAR_Mn2O2_5_x050,146,17,ok,4,0.9917269600048682,0.11318161344294789,0.9881453166263257,0.9314522558565997,0.11635210389349211,0.843,0.836,ToBeDelete_PROCAR,nurion
POSCAR_Mn2O2_5_x950,263,18,ok,4,0.9978263588629128,0.3005387628278684,0.9820583766759841,0.9452918205601359,0.31244308347726085,0.871,0.8590000000000001,ToBeDelete_PROCAR,nurion
POSCAR_Mn2O2_5_x975,227,17,ok,4,0.9946730541664679,0.0796434686413514,0.9707202829540583,0.8745334672236958,0.06806632632500796,0.869,0.867,ToBeDelete_PROCAR,nurion
POSCAR_Mn2O2_5_y025,83,17,ok,4,0.9955009653550179,0.09704091751578457,0.97983947482542,0.9206665760597547,0.08300381245675109,0.8470000000000001,0.8460000000000001,ToBeDelete_PROCAR,nurion
POSCAR_Mn2O2_5_y050,94,17,ok,4,0.9917788836606001,0.1172349772421685,0.9882896939511108,0.9240156354871312,0.11089481398664174,0.8440000000000002,0.8400000000000001,ToBeDelete_PROCAR,nurion
POSCAR_Mn2O2_5_y950,276,18,ok,4,0.9980123022666167,0.30019959573340643,0.9820566513334593,0.9631530705025753,0.3176301181971263,0.8680000000000001,0.86,ToBeDelete_PROCAR,nurion
POSCAR_Mn2O2_5_y975,267,17,ok,4,0.9946850864172342,0.07750832400767833,0.971003505103125,0.9119624577463659,0.06387974583861442,0.869,0.863,ToBeDelete_PROCAR,nurion
POSCAR_Mn2O2_5_z025,227,17,ok,4,0.9936481071099205,0.0891937015160523,0.9635455555000484,0.8859840326660131,0.07741322745526204,0.856,0.852,ToBeDelete_PROCAR,nurion
POSCAR_Mn2O2_5_z050,227,17,ok,4,0.9925512123581557,0.09770852535028074,0.9615523876433061,0.8800384964180519,0.08157525425191252,0.845,0.844,ToBeDelete_PROCAR,nurion
POSCAR_Mn2O2_5_z950,83,17,ok,4,0.9950680829857292,0.07736425926610123,0.9851179164550652,0.9127591361748197,0.07596121390020812,0.8740000000000001,0.865,ToBeDelete_PROCAR,nurion
POSCAR_Mn2O2_5_z975,83,17,ok,4,0.9949993688967833,0.08058676050505797,0.9843168759052642,0.9155298438874107,0.07481308760754228,0.8660000000000001,0.861,ToBeDelete_PROCAR,nurion
POSCAR_Mn2O2_6,5,18,ok,4,0.8435532099595041,0.21189891031051558,0.8820434268781079,0.3367121453769764,0.10581696642363211,0.854,0.856,ToBeDelete_PROCAR,nurion
POSCAR_Mn2O2_6_st025,5,18,ok,4,0.8491580533338473,0.29856197601811696,0.870166637421252,0.3764583239984674,0.16868002105167582,0.8260000000000001,0.836,PROCAR,nurion
POSCAR_Mn2O2_6_st050,5,18,ok,4,0.9993898912166397,0.7448282770097675,0.9957327612081869,0.8605199342736961,0.6850464130177495,0.7680000000000001,0.813,PROCAR,nurion
POSCAR_Mn2O2_6_st950,89,18,ok,4,0.9054083860360775,0.12617816279695038,0.9420850829210787,0.5083002914664178,0.08808035324961797,0.888,0.88,PROCAR,nurion
POSCAR_Mn2O2_6_st975,5,18,ok,4,0.8577684141182614,0.16589843790273465,0.903183310910363,0.3419966509484996,0.07891202286257887,0.8710000000000001,0.877,ToBeDelete_PROCAR,nurion
POSCAR_Mn2O2_6_z025,5,18,ok,4,0.8323791733495839,0.22664363592186568,0.8698415758998655,0.3356426941780202,0.13011098064497262,0.8470000000000001,0.852,PROCAR,nurion
POSCAR_Mn2O2_6_z050,5,18,ok,4,0.8504192499217432,0.2404017467913083,0.8815860104701277,0.43879482230593153,0.1848673809095404,0.8380000000000001,0.843,PROCAR,nurion
POSCAR_Mn2O2_6_z950,428,19,ok,4,0.990753488366896,0.3444576530589036,0.9913716252220955,0.6399391363060651,0.32995125042785767,0.8820000000000001,0.883,PROCAR,nurion
POSCAR_Mn2O2_6_z975,5,18,ok,4,0.8561446563006377,0.19952354471491127,0.8953363683358274,0.35386032170281967,0.0897615785634459,0.8590000000000001,0.866,PROCAR,nurion
POSCAR_Mn2O2_7,36,18,ok,4,0.9999148093545048,0.19436749326023173,0.9474308044402066,0.9994167778545853,0.16710450283761474,0.802,0.798,ToBeDelete_PROCAR,nurion
POSCAR_Mn2O2_7_st025,36,18,ok,4,0.9999685009860744,0.231655733402493,0.8984985678574101,0.9995180403760399,0.17178295168486465,0.784,0.782,PROCAR,nurion
POSCAR_Mn2O2_7_st050,36,18,ok,4,0.9999663502507504,0.2774051175667461,0.8205861727463007,0.999644971834362,0.16508881362063366,0.756,0.759,ToBeDelete_PROCAR,nurion
POSCAR_Mn2O2_7_st950,393,18,ok,4,0.9999802241642609,0.1676826351462913,0.9923546530905597,0.9997059151261495,0.08543903920862557,0.8490000000000001,0.8480000000000001,ToBeDelete_PROCAR,nurion
POSCAR_Mn2O2_7_st975,36,18,ok,4,0.9999663052536731,0.17153005900232654,0.9733909205250152,0.999496226961975,0.15709094563729264,0.818,0.818,PROCAR,nurion
POSCAR_Mn2O2_7_x025,404,18,ok,4,0.9999635567095504,0.16811028811546677,0.975917551640357,0.9997278368265411,0.10202647091072727,0.8180000000000001,0.8200000000000001,PROCAR,nurion
POSCAR_Mn2O2_7_x050,404,18,ok,4,0.9999773045718473,0.19445571848395748,0.9757497468767307,0.9997979415103745,0.12981701599301293,0.812,0.8150000000000001,PROCAR,nurion
POSCAR_Mn2O2_7_x950,35,18,ok,4,0.9999954526619912,0.21940997289704547,0.9981291191622771,0.9998531673542113,0.27045326478830206,0.8290000000000001,0.8300000000000001,PROCAR,nurion
POSCAR_Mn2O2_7_x975,393,18,ok,4,0.9999926407831162,0.22066085460210783,0.9969196306229742,0.9998940256198112,0.1158311016494965,0.8250000000000001,0.82,PROCAR,nurion
POSCAR_Mn2O2_7_y025,249,18,ok,4,0.9999979297793191,0.22359308461162986,0.9965144507774963,0.9998369142125769,0.1334194051068669,0.8069999999999999,0.8069999999999999,PROCAR,nurion
POSCAR_Mn2O2_7_y050,249,18,ok,4,0.9999989989999759,0.23177977087092605,0.9952754384014242,0.9998588180972768,0.14089285290235062,0.8049999999999999,0.806,PROCAR,nurion
POSCAR_Mn2O2_7_y950,35,18,ok,4,0.9999954526619912,0.21979640035314574,0.9982137207195265,0.9998358458664421,0.29308892960696414,0.8290000000000002,0.83,PROCAR,nurion
POSCAR_Mn2O2_7_y975,47,18,ok,4,0.9999593872009006,0.18404282276728284,0.9639824586991161,0.9995769461278707,0.18318825327863417,0.8130000000000001,0.8099999999999999,PROCAR,nurion
POSCAR_Mn2O2_7_z025,36,18,ok,4,0.9999941450799668,0.21751019920752512,0.9532226292097274,0.9996540617572947,0.20574952701663907,0.8020000000000002,0.801,PROCAR,nurion
POSCAR_Mn2O2_7_z050,36,18,ok,4,0.9999864021206362,0.23634990164034173,0.9639029402486398,0.9995758933759146,0.24650893495479195,0.797,0.7979999999999999,PROCAR,nurion
POSCAR_Mn2O2_7_z975,249,18,ok,4,0.9999914167966103,0.19112500706059848,0.9947971853231833,0.9998696217431928,0.1089854946495463,0.8190000000000001,0.8170000000000001,PROCAR,nurion
POSCAR_Mn2O3_1,99,22,ok,5,0.9999929088603009,0.5812716688682017,0.9922443050780609,0.9999604132864904,0.497337825212852,0.8320000000000001,0.8330000000000001,PROCAR,nurion
POSCAR_Mn2O3_1_st025,99,22,ok,5,0.9999871303510426,0.6928868589117686,0.9984622508142603,0.9999393620230288,0.6012718381122264,0.8130000000000001,0.8109999999999999,PROCAR,nurion
POSCAR_Mn2O3_1_st050,99,22,ok,5,0.9999988079767105,0.7952630164866662,0.9992867207304508,0.9999423316629,0.7194578592879476,0.7929999999999999,0.792,PROCAR,nurion
POSCAR_Mn2O3_1_st950,1,22,ok,5,0.9999977354356074,0.40200013904784593,0.9698514602858312,0.999881764889984,0.22163172415045349,0.856,0.858,PROCAR,nurion
POSCAR_Mn2O3_1_st975,22,22,ok,5,0.9999894687162473,0.5023055607457237,0.9935250546070165,0.9999636747216966,0.41701020126530797,0.8500000000000002,0.8480000000000001,ToBeDelete_PROCAR,nurion
POSCAR_Mn2O3_1_x025,99,22,ok,5,0.999995798772151,0.6353178255993791,0.9971495876743083,0.9999216730512827,0.5938331350420613,0.821,0.822,ToBeDelete_PROCAR,nurion
POSCAR_Mn2O3_1_x050,99,22,ok,5,0.999998885180443,0.7037785473221329,0.9995424741613382,0.999900444659395,0.6922890863354618,0.812,0.811,ToBeDelete_PROCAR,nurion
POSCAR_Mn2O3_1_x950,22,22,ok,5,0.9999994454365791,0.5155369222302495,0.9833354434955831,0.9999205120930599,0.3386405965688213,0.8500000000000001,0.8490000000000001,ToBeDelete_PROCAR,nurion
POSCAR_Mn2O3_1_x975,22,22,ok,5,0.9999886923924953,0.5548763219282967,0.991618756993138,0.9999199166884113,0.4094043670772554,0.8410000000000001,0.8410000000000001,ToBeDelete_PROCAR,nurion
POSCAR_Mn2O3_1_y025,22,22,ok,5,0.9999957908727034,0.6132782156454477,0.9968104220106974,0.9999634231256452,0.41966530260592255,0.8270000000000001,0.8260000000000001,ToBeDelete_PROCAR,nurion
POSCAR_Mn2O3_1_y050,22,22,ok,5,0.9999958886866404,0.6231715287835538,0.997453160507044,0.9999249629272683,0.34399971247942956,0.8300000000000001,0.8290000000000001,ToBeDelete_PROCAR,nurion
POSCAR_Mn2O3_1_y950,1,21,ok,5,0.9999948678405239,0.6168901736263526,0.9936797121391678,0.9985228781951743,0.46929832541772715,0.827,0.8260000000000001,ToBeDelete_PROCAR,nurion
POSCAR_Mn2O3_1_y975,99,22,ok,5,0.9999980753750657,0.5836833986439651,0.9954493155293612,0.99995963493167,0.5859301348807425,0.8330000000000001,0.8310000000000001,ToBeDelete_PROCAR,nurion
POSCAR_Mn2O3_1_z025,99,22,ok,5,1.0,0.6443824334301429,0.9961180238884231,0.9999766451151696,0.6017911989313116,0.8250000000000001,0.8250000000000001,ToBeDelete_PROCAR,nurion
POSCAR_Mn2O3_1_z050,99,22,ok,5,0.9999953357760828,0.7196804377103766,0.9993960354568697,0.9999696904029536,0.7218516927147243,0.8150000000000001,0.8160000000000001,ToBeDelete_PROCAR,nurion
POSCAR_Mn2O3_1_z950,22,22,ok,5,0.9999934468335798,0.5148712489549744,0.9971856968848695,0.9998948512714114,0.38276727410809486,0.8430000000000001,0.8460000000000001,ToBeDelete_PROCAR,nurion
POSCAR_Mn2O3_1_z975,22,22,ok,5,0.9999956965858345,0.5608386476592792,0.99716942729592,0.9999495441657049,0.4337552972049982,0.8370000000000001,0.8380000000000001,ToBeDelete_PROCAR,nurion
POSCAR_Mn2O4_1,300,23,ok,6,0.9458548364142998,0.8227208401649794,0.830388086796179,0.7956525265970962,0.4724261914246795,0.783,0.8180000000000001,PROCAR,nurion
POSCAR_Mn2O4_1_st025,230,23,ok,6,0.956167988035035,0.8055119236954823,0.8073672164018565,0.8485017136128034,0.47811519067620917,0.7980000000000002,0.767,PROCAR,nurion
POSCAR_Mn2O4_1_st050,370,24,ok,6,0.9991777794236059,0.4790247675451513,0.4781120064945301,0.9846211859557877,0.339708531019961,0.7530000000000002,0.7410000000000002,PROCAR,nurion
POSCAR_Mn2O4_1_st950,300,23,ok,6,0.9083627467473575,0.7647859770826654,0.8653279155936353,0.690987356626053,0.4077431264483162,0.8190000000000002,0.8800000000000001,ToBeDelete_PROCAR,nurion
POSCAR_Mn2O4_1_st975,300,23,ok,6,0.9308801521159559,0.8194223509407024,0.8500854031983243,0.7370917108256921,0.4554265569650402,0.801,0.8470000000000001,PROCAR,nurion
POSCAR_Mn2O4_1_x025,230,23,ok,6,0.9372594643746978,0.7836951627840539,0.7896791061874425,0.8123167240944192,0.4655115611988372,0.807,0.777,PROCAR,nurion
POSCAR_Mn2O4_1_x050,404,24,ok,6,0.9989219135436422,0.5734796981259092,0.5723265115219963,0.9802585103091569,0.4080597627506043,0.7440000000000002,0.7650000000000001,PROCAR,nurion
POSCAR_Mn2O4_1_x950,300,23,ok,6,0.9653082148393789,0.8943567993762229,0.9023132079511763,0.7620861485164929,0.48298146807522857,0.796,0.85,PROCAR,nurion
POSCAR_Mn2O4_1_x975,300,23,ok,6,0.9549612167775479,0.8607923916528313,0.869007328478782,0.7759988308984563,0.477444857549205,0.785,0.8320000000000001,PROCAR,nurion
POSCAR_Mn2O4_1_y025,230,23,ok,6,0.9552846161768118,0.8413231409652769,0.8452904842430811,0.8048979484905449,0.4872552776768393,0.8150000000000001,0.778,PROCAR,nurion
POSCAR_Mn2O4_1_y050,300,23,ok,6,0.9640884970440399,0.8678235535913574,0.870125930292327,0.8176586697799001,0.5213157732851422,0.772,0.8070000000000002,PROCAR,nurion
POSCAR_Mn2O4_1_y950,300,23,ok,6,0.9249600876988587,0.8067422577576557,0.829607207209494,0.769978858444929,0.48125246528801735,0.791,0.8290000000000002,PROCAR,nurion
POSCAR_Mn2O4_1_y975,300,23,ok,6,0.9363829997739047,0.8142302058128041,0.8280622119289278,0.7846044760475693,0.4776071505231933,0.788,0.8240000000000001,PROCAR,nurion
POSCAR_Mn2O4_1_z025,300,23,ok,6,0.9568379978777306,0.8440238422951892,0.8466211269562869,0.8207482490441331,0.4960122054568216,0.777,0.8150000000000001,PROCAR,nurion
POSCAR_Mn2O4_1_z050,300,23,ok,6,0.9665298084908044,0.8688082416245966,0.8693209820544755,0.839721765263834,0.5295037100745419,0.765,0.8070000000000002,PROCAR,nurion
POSCAR_Mn2O4_1_z950,230,23,ok,6,0.9186637085840863,0.7930140666066169,0.8208820840169351,0.7469072817198928,0.46494314503630657,0.8270000000000001,0.795,PROCAR,nurion
POSCAR_Mn2O4_1_z975,230,23,ok,6,0.9328615393586323,0.8092692207631088,0.8241029072616609,0.7707245665760296,0.46814444140417927,0.8230000000000001,0.79,PROCAR,nurion
POSCAR_Mn2P2_4,32,17,ok,4,0.9999786544375018,0.7766018193429268,0.9998977520012331,0.9997795813001417,0.8712093152600036,0.618,0.6210000000000001,PROCAR,nurion
POSCAR_Mn2P2_4_st025,17,17,ok,4,0.9999865178143378,0.7074035690356337,0.9998481206386346,0.99970030391449,0.8274712036515142,0.5700000000000001,0.5750000000000001,PROCAR,nurion
POSCAR_Mn2P2_4_st050,17,17,ok,4,0.99999835342184,0.7821318028802697,0.9998577602565035,0.9998264229636094,0.8860129908136524,0.534,0.535,ToBeDelete_PROCAR,nurion
POSCAR_Mn2P2_4_st975,32,17,ok,4,0.9999770057725141,0.7112631216449699,0.9999200560887339,0.9993703744506995,0.823544221626999,0.655,0.661,PROCAR,nurion
POSCAR_Mn2P2_4_x025,32,17,ok,4,0.9999954917938859,0.7517329898285358,0.9999109678213235,0.9998745805494198,0.8510851729239464,0.612,0.6140000000000001,PROCAR,nurion
POSCAR_Mn2P2_4_x050,32,17,ok,4,0.9999981137835959,0.7364485662805114,0.9999270850078842,0.9998335658936117,0.8355372653156059,0.6090000000000001,0.61,PROCAR,nurion
POSCAR_Mn2P2_4_y025,32,17,ok,4,0.9999954989390856,0.8225082571985637,0.9998899296580239,0.9998590820214938,0.9007292596291617,0.607,0.6090000000000001,PROCAR,nurion
POSCAR_Mn2P2_4_y050,32,17,ok,4,0.9999999202860277,0.868717975594078,0.9998394091137551,0.9999205962958351,0.9276258259760581,0.594,0.5960000000000001,PROCAR,nurion
POSCAR_Mn2P2_4_y950,32,17,ok,4,0.9999869307423355,0.6652888610939541,0.9999460982205272,0.9996155121854294,0.7819467112927215,0.641,0.646,PROCAR,nurion
POSCAR_Mn2P2_4_y975,32,17,ok,4,0.9999965342776241,0.7252203924563431,0.9999001067969646,0.9996682597250057,0.8333459387921165,0.627,0.634,PROCAR,nurion
POSCAR_Mn2P2_4_z950,32,17,ok,4,0.9999836880791297,0.7009500518873866,0.9999179262437919,0.9996627533318285,0.810832726682532,0.66,0.666,PROCAR,nurion
POSCAR_Mn2P2_4_z975,32,17,ok,4,0.9999751599077228,0.7333599213886238,0.9999240828876939,0.9996736663435071,0.8398248141174375,0.641,0.643,PROCAR,nurion
POSCAR_Mn2Pb4_2,212,38,ok,6,0.9999901374267406,0.6596702274081959,0.7075521880801711,0.9999628869461389,0.5718614278728597,0.42700000000000005,0.43100000000000005,PROCAR,nurion
POSCAR_Mn2Pb4_2_st025,212,38,ok,6,0.999832505387702,0.6380810382666839,0.6790478124803746,0.9997348831081461,0.6163260176796315,0.41500000000000004,0.41200000000000003,ToBeDelete_PROCAR,nurion
POSCAR_Mn2Pb4_2_st050,179,43,ok,6,0.999994889735986,0.7029985005696204,0.7775004163527641,0.9999598177330965,0.6626900233598796,0.39400000000000013,0.3930000000000001,PROCAR,nurion
POSCAR_Mn2Pb4_2_st950,137,38,ok,6,0.9999937509888699,0.7080343933296058,0.7420583126969528,0.999915945634717,0.5212874442319947,0.4840000000000001,0.4840000000000001,PROCAR,nurion
POSCAR_Mn2Pb4_2_st975,212,38,ok,6,0.9999593039416909,0.7499311860884339,0.7921116553820529,0.9999033492548953,0.6575072644096954,0.45200000000000007,0.44900000000000007,PROCAR,nurion
POSCAR_Mn2Pb4_2_x025,212,38,ok,6,0.9999907045100089,0.652636899174441,0.7049677125564746,0.9999577072198751,0.5778623600628662,0.43100000000000005,0.43100000000000005,PROCAR,nurion
POSCAR_Mn2Pb4_2_x050,212,39,ok,6,0.9999605556899008,0.833015665621765,0.8572177700117732,0.9999037603167648,0.7440021619442932,0.42900000000000005,0.42400000000000004,PROCAR,nurion
POSCAR_Mn2Pb4_2_x950,137,38,ok,6,0.9998852232462744,0.6620240697181743,0.6844473964756774,0.9997869044063636,0.5847170373229839,0.44900000000000007,0.44700000000000006,PROCAR,nurion
POSCAR_Mn2Pb4_2_x975,212,38,ok,6,0.9999811477669497,0.6808638380048205,0.7260498534015174,0.9999438597296005,0.5915459970782213,0.4300000000000001,0.43200000000000005,PROCAR,nurion
POSCAR_Mn2Pb4_2_y025,212,38,ok,6,0.9999688872874196,0.6667164391115877,0.7123881098148653,0.9999378272352782,0.5683430937976975,0.41300000000000003,0.41100000000000003,PROCAR,nurion
POSCAR_Mn2Pb4_2_y050,212,39,ok,6,0.9999967547724941,0.7307122397675163,0.7631644454531314,0.999838443687182,0.5367983904268344,0.42500000000000004,0.41900000000000004,PROCAR,nurion
POSCAR_Mn2Pb4_2_y950,190,43,ok,6,0.9999607063329063,0.6012443203730733,0.6106147687333313,0.9998228358153984,0.4862062981404182,0.42800000000000005,0.42700000000000005,PROCAR,nurion
POSCAR_Mn2Pb4_2_y975,212,38,ok,6,0.9999684484865958,0.7302158788150394,0.770855732244175,0.9999584318816552,0.6660692795110154,0.44900000000000007,0.44700000000000006,PROCAR,nurion
POSCAR_Mn2Pb4_2_z025,212,38,ok,6,0.9998540133265218,0.7053526131461725,0.7365483758318737,0.9998043897653924,0.6741147648564088,0.43100000000000005,0.42700000000000005,PROCAR,nurion
POSCAR_Mn2Pb4_2_z050,190,43,ok,6,0.9999799593729674,0.6652656630669219,0.6792811402071787,0.9998814474849901,0.5849019807166626,0.39300000000000007,0.3910000000000001,PROCAR,nurion
POSCAR_Mn2Pb4_2_z950,137,39,ok,6,0.9999326304725749,0.9432465954488931,0.9545458269458033,0.9996858092635365,0.8125169220902496,0.44800000000000006,0.45200000000000007,PROCAR,nurion
POSCAR_Mn2Pb4_2_z975,212,39,ok,6,0.9999733087773649,0.7670694471294106,0.7901802518943557,0.9999093368616155,0.5937223083440034,0.45100000000000007,0.45300000000000007,PROCAR,nurion
POSCAR_Mn2Pb8_1,49,68,ok,10,0.9923972864382635,0.8454842211501639,0.849118187583726,0.9820664661629268,0.8599920887122261,0.4750000000000001,0.4810000000000001,PROCAR,nurion
POSCAR_Mn2Pb8_1_st050,49,68,ok,10,0.9944794880235633,0.9061666377692952,0.9075662773245433,0.9925910105314962,0.9270632690546637,0.41400000000000003,0.42500000000000004,PROCAR,nurion
POSCAR_Mn2Pb8_1_st975,49,68,ok,10,0.9873774718415005,0.7913435614350183,0.811888201934658,0.9731870880763275,0.7928449154391155,0.5010000000000001,0.52,PROCAR,nurion
POSCAR_Mn2Pb8_1_x025,65,68,ok,10,0.9912187950997814,0.8450541842628574,0.8450541842628574,0.9824583823610334,0.8632316322304009,0.4680000000000001,0.45600000000000007,ToBeDelete_PROCAR,nurion
POSCAR_Mn2Pb8_1_x050,8,68,ok,10,0.996998540142046,0.9606931615655137,0.912076340276903,0.9928705423509342,0.9556827548488861,0.43700000000000006,0.43300000000000005,ToBeDelete_PROCAR,nurion
POSCAR_Mn2Pb8_1_y025,49,68,ok,10,0.9907545762342669,0.8359625428816113,0.8360195196089067,0.9805718338353375,0.8507443125193868,0.4570000000000001,0.4680000000000001,ToBeDelete_PROCAR,nurion
POSCAR_Mn2Pb8_1_y050,20,68,ok,10,0.9959484092919554,0.9589107499909786,0.9089907653372137,0.9925468798463342,0.9545595092631596,0.43600000000000005,0.44100000000000006,ToBeDelete_PROCAR,nurion
POSCAR_Mn2Pb8_1_y975,65,68,ok,10,0.9894927961503894,0.8140788346074662,0.8307079654818783,0.9774011580006188,0.8251368083871157,0.496,0.4810000000000001,ToBeDelete_PROCAR,nurion
POSCAR_Mn2Pb8_1_z025,49,68,ok,10,0.9916373116107471,0.8514815926570561,0.8741784089493712,0.9838292556621094,0.8749315509774546,0.4640000000000001,0.4740000000000001,ToBeDelete_PROCAR,nurion
POSCAR_Mn2Pb8_1_z050,52,68,ok,10,0.9943029541944426,0.8708090575516846,0.8940452310627732,0.9847864683129406,0.8857942999263693,0.4630000000000001,0.454,ToBeDelete_PROCAR,nurion
POSCAR_Mn2Pb8_1_z975,49,68,ok,10,0.9904027378450544,0.810071144906861,0.8100178647736785,0.9804857628796915,0.8299323287345829,0.4840000000000001,0.4890000000000001,ToBeDelete_PROCAR,nurion
POSCAR_Mn2Pb8_2,107,70,ok,10,0.9999243159776765,0.23765691293799038,0.8060868262040096,0.9998646197933099,0.23743821118342756,0.43,0.431,PROCAR,nurion
POSCAR_Mn2Pb8_2_st025,107,63,ok,10,0.9999766633780307,0.8854652812650782,0.8956006799059897,0.9997733206598133,0.7597494614535805,0.398,0.397,PROCAR,nurion
POSCAR_Mn2Pb8_2_st050,107,63,ok,10,0.9999811202591249,0.9038641942740047,0.9105446853140905,0.9998221103863706,0.7859693857087591,0.372,0.376,ToBeDelete_PROCAR,nurion
POSCAR_Mn2Pb8_2_st950,107,70,ok,10,0.9999318764828492,0.18979001891288846,0.8349088956682855,0.9998901659141244,0.20157714482325703,0.4660000000000001,0.46799999999999997,ToBeDelete_PROCAR,nurion
POSCAR_Mn2Pb8_2_st975,107,70,ok,10,0.9999487936343552,0.2122765644787876,0.8157795617853749,0.9999142277855538,0.22238315648591037,0.44599999999999995,0.44700000000000006,ToBeDelete_PROCAR,nurion
POSCAR_Mn2Pb8_2_x025,107,63,ok,10,0.9999023415071218,0.8983884979313623,0.9097422863530653,0.9998107563131344,0.7909785530153334,0.42200000000000004,0.41800000000000004,PROCAR,nurion
POSCAR_Mn2Pb8_2_x050,107,63,ok,10,0.9999567747595283,0.9220198357586116,0.9312319533113269,0.9999132479217351,0.8318039653279482,0.41400000000000003,0.41600000000000004,PROCAR,nurion
POSCAR_Mn2Pb8_2_x950,107,70,ok,10,0.9999643848225873,0.22190660509212354,0.7781389444370097,0.99990700962893,0.19612816917348272,0.44000000000000006,0.43700000000000006,PROCAR,nurion
POSCAR_Mn2Pb8_2_x975,107,70,ok,10,0.9999775591886432,0.23007929436791555,0.7946349207003938,0.9998597031119927,0.2150743950579376,0.43400000000000005,0.43400000000000005,PROCAR,nurion
POSCAR_Mn2Pb8_2_y025,68,71,ok,10,0.9999998985225704,0.831123263583218,0.8363871985070817,0.9999701137172989,0.3293652515470073,0.42600000000000005,0.42700000000000005,PROCAR,nurion
POSCAR_Mn2Pb8_2_y050,107,64,ok,10,0.9999921969291882,0.7329419136468476,0.7390076398287525,0.9998203930051293,0.5360369646642463,0.39799999999999996,0.392,PROCAR,nurion
POSCAR_Mn2Pb8_2_y950,99,69,ok,10,0.9999347066133343,0.946048247763675,0.958987174618335,0.9996234298458695,0.7778620625297286,0.43100000000000005,0.43600000000000005,PROCAR,nurion
POSCAR_Mn2Pb8_2_y975,68,71,ok,10,0.9999850695875603,0.8435780792172033,0.8589136841227283,0.9997469909118921,0.44617068307048,0.44100000000000006,0.4360000000000001,PROCAR,nurion
POSCAR_Mn2Pb8_2_z025,107,70,ok,10,0.9999429105736057,0.2675157910581059,0.7940921657019697,0.9998768145564194,0.2712449089414895,0.42,0.423,PROCAR,nurion
POSCAR_Mn2Pb8_2_z050,66,69,ok,10,0.9999857705460357,0.6340147019496468,0.8514474280397434,0.9999149575418056,0.5263442792213476,0.43000000000000005,0.4290000000000001,PROCAR,nurion
POSCAR_Mn2Pb8_2_z950,68,71,ok,10,0.9999993866177092,0.7308573963355166,0.73929807652995,0.9999394078393462,0.33269320797284163,0.44700000000000006,0.44500000000000006,PROCAR,nurion
POSCAR_Mn2Pb8_2_z975,68,71,ok,10,0.9999787292957107,0.7814301693675398,0.7883767132776105,0.9999621460787801,0.35169196043900985,0.43800000000000006,0.43800000000000006,PROCAR,nurion
POSCAR_Mn2Pb8_3,12,68,ok,10,0.9922909757807085,0.9504931144026887,0.955227824810672,0.17351981398723,0.03640835126118725,0.469,0.43599999999999994,PROCAR,nurion
POSCAR_Mn2Pb8_3_st025,55,67,ok,10,0.9926854916900041,0.9699349503973463,0.9089289617331664,0.9546902492967086,0.915748900946746,0.41600000000000004,0.42400000000000004,ToBeDelete_PROCAR,nurion
POSCAR_Mn2Pb8_3_st050,55,67,ok,10,0.9941434768758923,0.9593117795177961,0.9158682355598948,0.9093096040787575,0.8458928191374121,0.39200000000000007,0.398,PROCAR,nurion
POSCAR_Mn2Pb8_3_st950,9,68,ok,10,0.9966841929917294,0.9733253855655309,0.7580267614703176,0.9880759570375898,0.9568269872559546,0.539,0.538,PROCAR,nurion
POSCAR_Mn2Pb8_3_st975,12,68,ok,10,0.9898508090223719,0.9373785870473372,0.9439149665869525,0.1794067250599349,0.04728593194070933,0.5029999999999999,0.46099999999999997,PROCAR,nurion
POSCAR_Mn2Pb8_3_x025,16,68,ok,10,0.9962842470328652,0.9739886971726889,0.8498432277120888,0.9824979826328208,0.9409349721681549,0.45,0.45500000000000007,ToBeDelete_PROCAR,nurion
POSCAR_Mn2Pb8_3_x050,12,68,ok,10,0.9963402925177499,0.9690986569097437,0.8619055171315758,0.9741579404673919,0.9285365611961297,0.44400000000000006,0.441,ToBeDelete_PROCAR,nurion
POSCAR_Mn2Pb8_3_x950,29,67,ok,10,0.999229771758098,0.9879153733810141,0.8651720444037833,0.9821505703791025,0.9644804588116372,0.47300000000000003,0.4800000000000001,ToBeDelete_PROCAR,nurion
POSCAR_Mn2Pb8_3_x975,29,67,ok,10,0.9970544518733873,0.9877011579272709,0.8673279118831521,0.9871946256673233,0.9717257265198935,0.458,0.4710000000000001,ToBeDelete_PROCAR,nurion
POSCAR_Mn2Pb8_3_y025,9,68,ok,10,0.996451586845657,0.975549334010151,0.8479708037997244,0.9833357609070673,0.944195169246095,0.45600000000000007,0.449,ToBeDelete_PROCAR,nurion
POSCAR_Mn2Pb8_3_y050,7,68,ok,10,0.9963604063698921,0.9693144555522202,0.8628360476624771,0.9740267373430536,0.9286849268500353,0.442,0.44500000000000006,ToBeDelete_PROCAR,nurion
POSCAR_Mn2Pb8_3_y950,50,67,ok,10,0.999193679212082,0.9890877632853541,0.864461648957888,0.9811454577914298,0.9656400879803636,0.4810000000000001,0.473,ToBeDelete_PROCAR,nurion
POSCAR_Mn2Pb8_3_y975,50,67,ok,10,0.9970933084429087,0.9878668647343237,0.8695052163873865,0.9874743175665497,0.9712687748860555,0.4710000000000001,0.45599999999999996,ToBeDelete_PROCAR,nurion
POSCAR_Mn2Pb8_3_z025,34,67,ok,10,0.9891688210810323,0.8740722129565598,0.8411944967083368,0.3777202883836902,0.20438585054578207,0.449,0.4100000000000001,ToBeDelete_PROCAR,nurion
POSCAR_Mn2Pb8_3_z050,9,67,ok,10,0.9985257274025076,0.9844872146473113,0.8789467468146382,0.9938830444241165,0.9703086288101435,0.45300000000000007,0.446,ToBeDelete_PROCAR,nurion
POSCAR_Mn2Pb8_3_z950,12,68,ok,10,0.9972973120352422,0.8427359287797468,0.9629789763180928,0.7983919967944688,0.5807778404560928,0.466,0.47000000000000003,ToBeDelete_PROCAR,nurion
POSCAR_Mn2Pb8_3_z975,12,68,ok,10,0.9955240418877608,0.9728962011190413,0.8191477978092403,0.9852708440654117,0.9429804856615566,0.472,0.46799999999999997,ToBeDelete_PROCAR,nurion
POSCAR_Mn2S2_1,271,18,ok,4,0.9963627792312238,0.8331419462514811,0.9723196553887917,0.961471582514685,0.8571878495464327,0.6739999999999999,0.619,ToBeDelete_PROCAR,nurion
POSCAR_Mn2S2_1_st025,227,18,ok,4,0.9982827082058021,0.9136558548639272,0.9910776634680342,0.0,0.0,0.604,0.648,PROCAR,nurion
POSCAR_Mn2S2_1_st050,234,18,ok,4,0.9993338289453982,0.9676360991763482,0.9844824837585265,0.06246295378294323,0.055051499634232566,0.6230000000000001,0.5750000000000001,PROCAR,nurion
POSCAR_Mn2S2_1_st950,224,18,ok,4,0.9946870393605808,0.6590699607779543,0.9765390662373179,0.11841715626213686,0.06106491828233405,0.7230000000000001,0.7050000000000001,PROCAR,nurion
POSCAR_Mn2S2_1_st975,271,18,ok,4,0.9998323804473005,0.707108497757566,0.9903497356339319,0.9428012513096852,0.754340190786367,0.706,0.661,PROCAR,nurion
POSCAR_Mn2S2_1_x025,187,18,ok,4,0.9954109102384322,0.8712665194032717,0.9897460582827047,0.26760342624832306,0.21633691753398573,0.669,0.625,PROCAR,nurion
POSCAR_Mn2S2_1_x050,190,18,ok,4,0.9993749895348149,0.9111714409976394,0.9726469054571302,0.798677219565357,0.7156065353284996,0.6060000000000001,0.663,PROCAR,nurion
POSCAR_Mn2S2_1_x950,260,18,ok,4,0.9990906540847946,0.7424476808208486,0.9799245958164635,0.8482199173014348,0.599551952159374,0.7100000000000001,0.648,PROCAR,nurion
POSCAR_Mn2S2_1_x975,227,18,ok,4,0.9718147636833212,0.7191839743257311,0.9733588503743102,0.3915209640067102,0.2967613709235854,0.661,0.6920000000000002,PROCAR,nurion
POSCAR_Mn2S2_1_y025,227,18,ok,4,0.9956111680154524,0.8714008604243239,0.9903424680188703,0.1546556846759543,0.13731676906616921,0.6240000000000001,0.671,PROCAR,nurion
POSCAR_Mn2S2_1_y050,227,18,ok,4,0.9993664732735251,0.9110138301508522,0.973564834510073,0.8424527550496409,0.778888907833175,0.603,0.666,PROCAR,nurion
POSCAR_Mn2S2_1_y950,190,18,ok,4,0.9964033641965137,0.7780826956206726,0.9664581538428664,0.835150932502318,0.6569872498047067,0.64,0.7120000000000001,PROCAR,nurion
POSCAR_Mn2S2_1_y975,190,18,ok,4,0.9723461382254379,0.726927626541941,0.9732716457325911,0.466215487491752,0.31640651198455344,0.664,0.689,PROCAR,nurion
POSCAR_Mn2S2_1_z025,234,18,ok,4,0.9836770293206,0.8197208401442109,0.9826427104994125,0.09221269866872782,0.054184470130780905,0.663,0.638,PROCAR,nurion
POSCAR_Mn2S2_1_z050,260,18,ok,4,0.9954844676749547,0.7548885430756266,0.9834408146416548,0.9783591011744669,0.7954398204710329,0.6789999999999999,0.628,PROCAR,nurion
POSCAR_Mn2S2_1_z950,224,18,ok,4,0.983479076282007,0.861277508210558,0.9729958431031356,0.09563129889116458,0.06984315514363065,0.695,0.6360000000000001,PROCAR,nurion
POSCAR_Mn2S2_1_z975,224,18,ok,4,0.9883885397985153,0.8740621005785494,0.9808403938468444,0.09824725957878637,0.07240343063320012,0.6840000000000002,0.6290000000000001,PROCAR,nurion
POSCAR_Mn2S2_2,156,18,ok,4,0.9999432925652422,0.8243508880402313,0.9992502469916279,0.9943535015229847,0.7930628832921224,0.641,0.666,PROCAR,nurion
POSCAR_Mn2S2_2_st025,156,18,ok,4,0.9998637920304083,0.8875952449230174,0.9985315616903121,0.9967931224715687,0.8486485230001286,0.617,0.638,ToBeDelete_PROCAR,nurion
POSCAR_Mn2S2_2_st050,156,18,ok,4,0.9998281727828469,0.9332433088643023,0.9973753529397921,0.9983034187961465,0.891126536622645,0.593,0.6120000000000001,PROCAR,nurion
POSCAR_Mn2S2_2_st950,156,18,ok,4,0.9998492170400015,0.6971887616491028,0.9979660855915367,0.9876932820499461,0.6770496961426338,0.696,0.718,ToBeDelete_PROCAR,nurion
POSCAR_Mn2S2_2_st975,156,18,ok,4,0.9999759792840073,0.761946474356833,0.9992631365362141,0.9916554541329903,0.7346241835749403,0.669,0.693,PROCAR,nurion
POSCAR_Mn2S2_2_x025,156,18,ok,4,0.9999498346763297,0.8422791087732079,0.9989643075737652,0.9960149830386991,0.7995230027358331,0.637,0.658,PROCAR,nurion
POSCAR_Mn2S2_2_x050,156,18,ok,4,0.9999917286347839,0.8630463330280526,0.9977481994037445,0.9971262278420671,0.806859819977264,0.629,0.646,PROCAR,nurion
POSCAR_Mn2S2_2_x950,232,18,ok,4,0.9981783215507984,0.7712585323210531,0.996398926560174,0.9924561634973182,0.699876896730199,0.6430000000000001,0.655,PROCAR,nurion
POSCAR_Mn2S2_2_x975,223,18,ok,4,0.9999660312663949,0.8013200979440402,0.999313548222895,0.9903951236241202,0.7720022573206571,0.648,0.6709999999999999,PROCAR,nurion
POSCAR_Mn2S2_2_y025,223,18,ok,4,0.9999731598869644,0.8443606562420447,0.9989616439359473,0.9944536144732684,0.7960903833274191,0.637,0.656,PROCAR,nurion
POSCAR_Mn2S2_2_y050,223,18,ok,4,0.999991678657826,0.8599088047247435,0.9980239495852068,0.9961868488719554,0.8031403306506354,0.629,0.643,PROCAR,nurion
POSCAR_Mn2S2_2_y950,166,18,ok,4,0.9981603017322022,0.7704197244396043,0.996369897326803,0.9847035356802518,0.6850922536539129,0.642,0.6570000000000001,PROCAR,nurion
POSCAR_Mn2S2_2_y975,156,18,ok,4,0.9999573452573034,0.8015401031814277,0.999447942459505,0.9931434525566792,0.7766069752426711,0.648,0.673,PROCAR,nurion
POSCAR_Mn2S2_2_z025,156,18,ok,4,0.9999176230341027,0.8484951859005152,0.9989873538858453,0.9948940344327262,0.8287881872274069,0.633,0.649,PROCAR,nurion
POSCAR_Mn2S2_2_z050,247,18,ok,4,0.9999322981761571,0.7601905170974275,0.9248930722607442,0.8315117716372603,0.5123543042510446,0.6020000000000001,0.6160000000000001,PROCAR,nurion
POSCAR_Mn2S2_2_z950,56,18,ok,4,0.9999460640704594,0.8561788449921492,0.9817426079750885,0.996040917287994,0.8780130601437881,0.666,0.687,PROCAR,nurion
POSCAR_Mn2S2_2_z975,156,18,ok,4,0.9998370532754138,0.6705984544595158,0.8761781169058716,0.07966070375683662,0.04076118510117187,0.652,0.655,PROCAR,nurion
POSCAR_Mn2S4_1,241,25,ok,6,0.9920387211501775,0.6576612232767486,0.9642498905664812,0.594331340875625,0.12826755940692755,0.65,0.639,PROCAR,nurion
POSCAR_Mn2S4_1_st025,241,25,ok,6,0.9951829184979452,0.6732432241182399,0.8976987036086121,0.7634048746786752,0.11663306433727476,0.626,0.6000000000000001,PROCAR,nurion
POSCAR_Mn2S4_1_st050,169,25,ok,6,0.998773453207822,0.41537005171100894,0.5350734666709954,0.9912488267241366,0.04880365610366064,0.557,0.6090000000000001,ToBeDelete_PROCAR,nurion
POSCAR_Mn2S4_1_st950,241,25,ok,6,0.99054476649291,0.5066246756562706,0.9782451725479425,0.5938196540879214,0.13160442874406023,0.6890000000000001,0.694,PROCAR,nurion
POSCAR_Mn2S4_1_st975,241,25,ok,6,0.9911004683837654,0.5710486116409272,0.9736379342574762,0.580289010443859,0.12875309779557653,0.669,0.6689999999999999,PROCAR,nurion
POSCAR_Mn2S4_1_x025,241,25,ok,6,0.9925215873412653,0.679095184597064,0.9549416667137026,0.6094594561426638,0.1277290982235981,0.642,0.632,PROCAR,nurion
POSCAR_Mn2S4_1_x050,241,25,ok,6,0.9928675250754863,0.6952338043045724,0.9325779269421991,0.6524192220795977,0.12505618830992793,0.631,0.6199999999999999,PROCAR,nurion
POSCAR_Mn2S4_1_x950,241,25,ok,6,0.9907217614673961,0.4720092301026092,0.871071474574372,0.9006330171816999,0.10586347430399728,0.667,0.632,PROCAR,nurion
POSCAR_Mn2S4_1_x975,241,25,ok,6,0.9926496849831551,0.6199319203807901,0.9654417610619991,0.6030139361646607,0.129379492409264,0.661,0.643,PROCAR,nurion
POSCAR_Mn2S4_1_y025,241,25,ok,6,0.9952708504360631,0.7172733694117848,0.977396823953887,0.5949888219097769,0.15907006777848334,0.6469999999999999,0.6459999999999999,PROCAR,nurion
POSCAR_Mn2S4_1_y050,241,25,ok,6,0.9976185056123736,0.7643718557938718,0.975740423132312,0.6738525571642626,0.20333339235488854,0.6399999999999999,0.644,PROCAR,nurion
POSCAR_Mn2S4_1_y950,241,25,ok,6,0.9928582253535115,0.32479930311387445,0.6521452835139253,0.9827109157630226,0.04361274589055866,0.657,0.6080000000000001,PROCAR,nurion
POSCAR_Mn2S4_1_y975,241,25,ok,6,0.9933861816934692,0.4465071419166425,0.7776893056691118,0.957961786782085,0.07558047793335913,0.6499999999999999,0.613,PROCAR,nurion
POSCAR_Mn2S4_1_z025,169,25,ok,6,0.996157652299767,0.3479112781286668,0.6063536959005296,0.9875837565616892,0.04130510968957662,0.5920000000000001,0.6390000000000001,PROCAR,nurion
POSCAR_Mn2S4_1_z050,169,25,ok,6,0.9971046214731328,0.2670866923155067,0.4949615050648837,0.9872499396133809,0.027003494302375555,0.5860000000000001,0.6320000000000001,PROCAR,nurion
POSCAR_Mn2S4_1_z950,241,25,ok,6,0.9930082200605256,0.6290361802058744,0.9762924563420249,0.6867076081951891,0.17243892804641056,0.668,0.673,PROCAR,nurion
POSCAR_Mn2S4_1_z975,241,25,ok,6,0.9927772269858054,0.6495560249147061,0.9769286168376078,0.6104681866027599,0.15139923916868026,0.661,0.663,PROCAR,nurion
POSCAR_Mn2Sb4_1,216,21,ok,6,0.9571171046771838,0.896827269218856,0.8254413828599171,0.9263407546404864,0.8104643136831323,0.496,0.47800000000000004,PROCAR,nurion
POSCAR_Mn2Sb4_1_st025,216,21,ok,6,0.9765392494807725,0.9509615577286803,0.8276435793745122,0.9612221954428148,0.8922439085902568,0.46900000000000003,0.456,ToBeDelete_PROCAR,nurion
POSCAR_Mn2Sb4_1_st050,216,21,ok,6,0.985662621507768,0.9697507549099774,0.8337591718762548,0.9771650819940078,0.9327708391505115,0.448,0.43600000000000005,PROCAR,nurion
POSCAR_Mn2Sb4_1_st950,216,21,ok,6,0.8971776739012378,0.7173261899682942,0.8587513282587755,0.8141245864388861,0.6155876005090349,0.544,0.5339999999999999,ToBeDelete_PROCAR,nurion
POSCAR_Mn2Sb4_1_st975,216,21,ok,6,0.9290057482422311,0.8070754051516661,0.8424742053633808,0.8759422054881667,0.7088823866220186,0.521,0.508,PROCAR,nurion
POSCAR_Mn2Sb4_1_x025,216,21,ok,6,0.9570341720647642,0.9082513156179118,0.8192396263000866,0.9278538282286429,0.8199787432259336,0.49,0.47200000000000003,PROCAR,nurion
POSCAR_Mn2Sb4_1_x050,216,21,ok,6,0.9547248011036227,0.9143941927647341,0.8097140833851441,0.9265775834780438,0.8216659518231778,0.48700000000000004,0.467,PROCAR,nurion
POSCAR_Mn2Sb4_1_x950,216,21,ok,6,0.9550580542395087,0.8435297342090748,0.8501399337376621,0.9143980326296738,0.7598282163001896,0.507,0.488,PROCAR,nurion
POSCAR_Mn2Sb4_1_x975,216,21,ok,6,0.9564276543407612,0.8760285567235111,0.8414346887077043,0.9220902501687439,0.7924310123236257,0.499,0.482,PROCAR,nurion
POSCAR_Mn2Sb4_1_y025,216,21,ok,6,0.9563634830181637,0.8899973947654417,0.8480926657700016,0.9113454842554572,0.7962995600064139,0.488,0.47000000000000003,PROCAR,nurion
POSCAR_Mn2Sb4_1_y050,216,21,ok,6,0.9598065233766165,0.8870276477524818,0.864161388482091,0.8963445943440946,0.7812062258246167,0.477,0.4590000000000001,PROCAR,nurion
POSCAR_Mn2Sb4_1_y950,216,21,ok,6,0.9726266883459365,0.9480120626693302,0.7687790685681385,0.9560336041367443,0.8767765664509153,0.51,0.496,PROCAR,nurion
POSCAR_Mn2Sb4_1_y975,216,21,ok,6,0.9621116510665667,0.9193098887224219,0.7994290291318096,0.9414216691491132,0.8393430930888863,0.5049999999999999,0.484,PROCAR,nurion
POSCAR_Mn2Sb4_1_z025,216,21,ok,6,0.9841216238893611,0.9624567808287189,0.8096612227662796,0.9696727839475063,0.9126509161152804,0.483,0.46900000000000003,PROCAR,nurion
POSCAR_Mn2Sb4_1_z050,216,21,ok,6,0.9963065928295041,0.9891317765667027,0.8112750781514138,0.9881056831192371,0.9650175708290922,0.4719999999999999,0.459,PROCAR,nurion
POSCAR_Mn2Sb4_1_z950,216,21,ok,6,0.9318533570953409,0.8053687523036311,0.875440550408526,0.8105489646623733,0.6721092274294688,0.523,0.499,PROCAR,nurion
POSCAR_Mn2Sb4_1_z975,216,21,ok,6,0.9378252922213717,0.8335405865398738,0.8483375328810754,0.8668148588808551,0.7189221613855019,0.507,0.4870000000000001,PROCAR,nurion
POSCAR_Mn2Sb6_1,42,28,ok,8,0.9862467074105674,0.8138087754472522,0.8085090814806577,0.8027392775871388,0.5916210510734098,0.5160000000000001,0.491,PROCAR,nurion
POSCAR_Mn2Sb6_1_z025,42,28,ok,8,0.9852392662144004,0.8398431092131424,0.8097640042746997,0.8411831021476998,0.695731262593269,0.503,0.4700000000000001,PROCAR,nurion
POSCAR_Mn2Sb6_1_z975,71,26,ok,8,0.9733094333646871,0.7163895061161034,0.7174646494498111,0.9693594503561652,0.6793644629240781,0.443,0.40900000000000003,PROCAR,nurion
POSCAR_Mn2Se2_1,223,18,ok,4,0.999928865808013,0.9216321983330377,0.9937361247788891,0.9980418613003312,0.8416492824287077,0.637,0.619,PROCAR,nurion
POSCAR_Mn2Se2_1_st025,223,18,ok,4,0.99993980651976,0.949597104363582,0.990924181284261,0.9989344867408535,0.8677265486618265,0.613,0.598,PROCAR,nurion
POSCAR_Mn2Se2_1_st050,223,18,ok,4,0.9999481100380352,0.9683136861361537,0.9889793914116662,0.9995296457056766,0.8908554054825616,0.588,0.578,ToBeDelete_PROCAR,nurion
POSCAR_Mn2Se2_1_st950,223,18,ok,4,0.9999768841442791,0.8342812515010528,0.9982167464957938,0.9937289273551133,0.762343911535211,0.6930000000000001,0.6719999999999999,PROCAR,nurion
POSCAR_Mn2Se2_1_st975,223,18,ok,4,0.9999511267109803,0.8800911286229939,0.9956767799396522,0.9961773770072117,0.8040217760237424,0.663,0.641,ToBeDelete_PROCAR,nurion
POSCAR_Mn2Se2_1_x025,160,18,ok,4,0.9999764692865858,0.9269305121493102,0.9907909222855431,0.9990068974309786,0.8406065004519891,0.6110000000000001,0.629,PROCAR,nurion
POSCAR_Mn2Se2_1_x050,147,18,ok,4,0.9998967430783662,0.9589689925029795,0.9772589471421845,0.9930034678198155,0.9476632401399895,0.606,0.593,PROCAR,nurion
POSCAR_Mn2Se2_1_x950,184,18,ok,4,0.9999033075865238,0.8002571911272371,0.9438667153255168,0.7588967000560445,0.49145491905131194,0.6160000000000001,0.6380000000000001,PROCAR,nurion
POSCAR_Mn2Se2_1_x975,223,18,ok,4,0.9999568823659324,0.9087741717882648,0.9949909661990523,0.9973248902535748,0.8421679099977536,0.642,0.624,PROCAR,nurion
POSCAR_Mn2Se2_1_y025,223,18,ok,4,0.9999796685163793,0.9275852791678121,0.9906183884557817,0.9986300403972076,0.8383329971870135,0.627,0.612,PROCAR,nurion
POSCAR_Mn2Se2_1_y050,114,18,ok,4,0.999861452957731,0.9577677978691085,0.9768105514635305,0.9861347603254474,0.9352334363783882,0.607,0.592,PROCAR,nurion
POSCAR_Mn2Se2_1_y950,250,18,ok,4,0.9998517214887792,0.7924234588552549,0.9392336010329791,0.804091022771975,0.51061931408473,0.6150000000000001,0.636,PROCAR,nurion
POSCAR_Mn2Se2_1_y975,160,18,ok,4,0.9999729542310529,0.9077902956479014,0.9949290870726598,0.9979653252237936,0.8435478570206906,0.624,0.6420000000000001,PROCAR,nurion
POSCAR_Mn2Se2_1_z025,223,18,ok,4,0.9999322947772699,0.9363206182069091,0.9943549535082947,0.9977959524498,0.8766677057982696,0.623,0.606,PROCAR,nurion
POSCAR_Mn2Se2_1_z050,223,18,ok,4,0.9998740134418035,0.9477713696026667,0.9956258561766683,0.9974821039652302,0.9081065209260734,0.611,0.591,PROCAR,nurion
POSCAR_Mn2Se2_1_z950,123,18,ok,4,0.9999263020177798,0.9612262730327569,0.9897396397561286,0.9979563240720697,0.9654719137866089,0.667,0.651,PROCAR,nurion
POSCAR_Mn2Se2_1_z975,123,18,ok,4,0.9998440323466954,0.9648801294734402,0.9896047073185462,0.9980381635919647,0.968841756787562,0.654,0.636,PROCAR,nurion
POSCAR_Mn2Se2_2,260,18,ok,4,0.9992243939769527,0.9774967429512518,0.9757359625968465,0.0,0.0,0.655,0.605,PROCAR,nurion
POSCAR_Mn2Se2_2_st025,260,18,ok,4,0.9988580735054579,0.9921603045608267,0.9731134319316225,0.0,0.0,0.632,0.578,PROCAR,nurion
POSCAR_Mn2Se2_2_st050,260,18,ok,4,0.9985665013123155,0.997065798245544,0.9766314418256405,0.0,0.0,0.611,0.556,PROCAR,nurion
POSCAR_Mn2Se2_2_st950,271,18,ok,4,0.9913943119143868,0.9131526321800064,0.98630867503125,0.0,0.0,0.712,0.66,PROCAR,nurion
POSCAR_Mn2Se2_2_st975,216,18,ok,4,0.9980135278064549,0.9173827406433218,0.9595042979449732,0.9792568471075956,0.9243607164520407,0.627,0.682,PROCAR,nurion
POSCAR_Mn2Se2_2_x025,187,18,ok,4,0.998494490120641,0.9878630744943366,0.9651587292424824,0.22206133720206098,0.21845551199051896,0.652,0.5900000000000002,PROCAR,nurion
POSCAR_Mn2Se2_2_x050,187,18,ok,4,0.999205936269187,0.9914597400308662,0.9532523479218635,0.7733361325702063,0.7536783558631985,0.644,0.5800000000000001,PROCAR,nurion
POSCAR_Mn2Se2_2_x950,227,18,ok,4,0.9595204775469881,0.9260880287243035,0.8636224266621504,0.11215798077638005,0.10848300537695589,0.591,0.6829999999999999,PROCAR,nurion
POSCAR_Mn2Se2_2_x975,260,18,ok,4,0.9996844971522012,0.955575843223372,0.9635244519801731,0.7665426514604146,0.7340127345869921,0.671,0.611,PROCAR,nurion
POSCAR_Mn2Se2_2_y025,260,18,ok,4,0.9986650093026109,0.9877951752985608,0.9657450558217393,0.16916416167892043,0.16552555338706804,0.655,0.592,PROCAR,nurion
POSCAR_Mn2Se2_2_y050,260,18,ok,4,0.9993051918220592,0.9907602689158899,0.9531607131460579,0.8168581296468044,0.8074305415247002,0.6420000000000001,0.5820000000000001,PROCAR,nurion
POSCAR_Mn2Se2_2_y950,187,18,ok,4,0.9598475280232058,0.9262569199727988,0.8633852552887216,0.25915274481473133,0.24774871674729054,0.6829999999999999,0.5930000000000001,PROCAR,nurion
POSCAR_Mn2Se2_2_y975,187,18,ok,4,0.9996935517013308,0.957188774029177,0.9636156485574313,0.7102864456025582,0.6592504085116994,0.677,0.6080000000000002,PROCAR,nurion
POSCAR_Mn2Se2_2_z025,260,18,ok,4,0.9994381501507371,0.9820125862144915,0.9812808119246994,0.0,0.0,0.6459999999999999,0.598,PROCAR,nurion
POSCAR_Mn2Se2_2_z050,234,18,ok,4,0.9995093121871537,0.9536733097218412,0.95339331442632,0.9921813995761702,0.9696621844602099,0.6500000000000001,0.5870000000000001,PROCAR,nurion
POSCAR_Mn2Se2_2_z950,261,18,ok,4,0.9916899439497658,0.9268013614674804,0.9544893043110526,0.7036436517142186,0.6456206714211985,0.65,0.6060000000000001,PROCAR,nurion
POSCAR_Mn2Se2_2_z975,260,18,ok,4,0.9984495547563087,0.9740771522939078,0.9689651419711266,0.0,0.0,0.6659999999999999,0.609,PROCAR,nurion
POSCAR_Mn2Se2_3,201,18,ok,4,0.9985102231607446,0.9873264388542792,0.9585358225068078,0.6191450064948537,0.5652925421938433,0.6320000000000001,0.5960000000000001,PROCAR,nurion
POSCAR_Mn2Se2_3_st025,201,18,ok,4,0.9990179461380655,0.9869676853818597,0.9662227734598098,0.6144008008440611,0.5637436615372451,0.6080000000000001,0.5740000000000001,ToBeDelete_PROCAR,nurion
POSCAR_Mn2Se2_3_st050,201,18,ok,4,0.9997477792197563,0.985470877503326,0.9687282099146216,0.6185847776988601,0.5716791726583469,0.5870000000000001,0.556,ToBeDelete_PROCAR,nurion
POSCAR_Mn2Se2_3_st950,201,18,ok,4,0.9969489949665236,0.9691729022526722,0.946550504844583,0.6781152465648285,0.5913197884704918,0.6910000000000001,0.651,PROCAR,nurion
POSCAR_Mn2Se2_3_st975,201,18,ok,4,0.9974421576411574,0.9810564473989335,0.9511909623634599,0.634880221346942,0.570400999409035,0.6610000000000001,0.6190000000000001,ToBeDelete_PROCAR,nurion
POSCAR_Mn2Se2_3_x025,233,18,ok,4,0.9899554996185198,0.9790807456856873,0.9400636992614548,0.012508751073544206,0.012940896620779152,0.5630000000000001,0.6160000000000001,PROCAR,nurion
POSCAR_Mn2Se2_3_x050,211,18,ok,4,0.9977512373127007,0.9922226768217018,0.9466711627299287,0.9951984688064095,0.9860312340269252,0.605,0.551,PROCAR,nurion
POSCAR_Mn2Se2_3_x950,218,19,ok,4,0.9998906569681422,0.7263323962107515,0.8757827352075759,0.8917579957673053,0.3312828119813692,0.623,0.6930000000000002,PROCAR,nurion
POSCAR_Mn2Se2_3_x975,218,19,ok,4,0.9998021962334339,0.7672441532352127,0.8866507258705554,0.8928733178711089,0.3701876675023782,0.6180000000000001,0.6750000000000002,PROCAR,nurion
POSCAR_Mn2Se2_3_y025,218,19,ok,4,0.999790874870529,0.8376465633920078,0.9150410139104214,0.9357427321853927,0.4456004798609,0.6010000000000001,0.658,PROCAR,nurion
POSCAR_Mn2Se2_3_y050,218,19,ok,4,0.9998690316507696,0.8583776275593751,0.9275699639837692,0.9577093829534069,0.4667408726052745,0.5950000000000001,0.649,PROCAR,nurion
POSCAR_Mn2Se2_3_y950,233,18,ok,4,0.9771984651651371,0.9554858656774627,0.8987201045292095,0.013727040166915774,0.014057833539385547,0.5800000000000001,0.6429999999999999,PROCAR,nurion
POSCAR_Mn2Se2_3_y975,201,18,ok,4,0.9968996488774662,0.9791115023204657,0.9525006009851109,0.8597120427902997,0.7820983050567001,0.6390000000000001,0.6020000000000001,PROCAR,nurion
POSCAR_Mn2Se2_3_z025,218,19,ok,4,0.999237423066136,0.7687510995090507,0.8525076518302701,0.8604057261448864,0.3566039756012358,0.6000000000000001,0.656,PROCAR,nurion
POSCAR_Mn2Se2_3_z050,218,19,ok,4,0.9991997252753136,0.7279982438895302,0.8005410779694111,0.8279544138209539,0.3135710808077345,0.595,0.647,PROCAR,nurion
POSCAR_Mn2Se2_3_z950,211,18,ok,4,0.9946513757322535,0.9837125551997106,0.9247118837969137,0.9928805285094765,0.9808654130205683,0.637,0.5730000000000001,PROCAR,nurion
POSCAR_Mn2Se2_3_z975,234,18,ok,4,0.9972347941182074,0.9842504474112181,0.9572635114733956,0.9433039029974406,0.8589512344293289,0.6030000000000001,0.643,PROCAR,nurion
POSCAR_Mn2Se4_1,195,25,ok,6,0.9985137128107775,0.22026589090200818,0.3394417497174341,0.9881340472256642,0.02282457305464742,0.6020000000000001,0.639,ToBeDelete_PROCAR,nurion
POSCAR_Mn2Se4_1_st025,195,25,ok,6,0.9985633805172696,0.1897786935222193,0.2665239048949608,0.988248731884555,0.015449957843847758,0.5740000000000001,0.618,PROCAR,nurion
POSCAR_Mn2Se4_1_st050,145,22,ok,6,0.9990828826335674,0.9427828034786324,0.9198321997996542,0.9531192046968953,0.7719948660176501,0.535,0.555,PROCAR,nurion
POSCAR_Mn2Se4_1_st950,195,25,ok,6,0.9986320545635714,0.3065857347500144,0.5545449371017998,0.9943709641746042,0.04170250219268369,0.654,0.6750000000000002,ToBeDelete_PROCAR,nurion
POSCAR_Mn2Se4_1_st975,195,25,ok,6,0.9984263840556276,0.25245187001747754,0.4285174812698611,0.9905618301007804,0.0304103845433044,0.626,0.656,PROCAR,nurion
POSCAR_Mn2Se4_1_x025,195,25,ok,6,0.9982928234049027,0.20640771591332907,0.30127913123988587,0.9841035065217126,0.02128098909352462,0.5840000000000001,0.628,PROCAR,nurion
POSCAR_Mn2Se4_1_x050,195,25,ok,6,0.9985728266313777,0.20320814617959926,0.27988545252789737,0.9817359425290471,0.024796292445898947,0.5710000000000001,0.621,PROCAR,nurion
POSCAR_Mn2Se4_1_x950,195,25,ok,6,0.9988322167589961,0.21828005565564854,0.3862483612513089,0.9937638935781574,0.020049127333734672,0.618,0.653,PROCAR,nurion
POSCAR_Mn2Se4_1_x975,195,25,ok,6,0.9987356671141,0.22041595794629118,0.3654393898338148,0.9920731625785547,0.01915619075185129,0.611,0.643,PROCAR,nurion
POSCAR_Mn2Se4_1_y025,195,25,ok,6,0.9987118141373647,0.2665962038043569,0.3702571228676952,0.9918874162194248,0.020778387104640163,0.599,0.636,PROCAR,nurion
POSCAR_Mn2Se4_1_y050,195,25,ok,6,0.9991880958693964,0.34762807885687896,0.4338406521323096,0.997174758325917,0.035352360440578316,0.601,0.628,PROCAR,nurion
POSCAR_Mn2Se4_1_y950,236,24,ok,6,0.997213618835095,0.8683775690188623,0.9752528152711375,0.8827998818385446,0.43398990324653114,0.6140000000000001,0.6400000000000001,PROCAR,nurion
POSCAR_Mn2Se4_1_y975,195,25,ok,6,0.9984620310729415,0.1992302521777477,0.336001711213053,0.9880256138222112,0.028369530761746992,0.6040000000000001,0.644,PROCAR,nurion
POSCAR_Mn2Se4_1_z025,236,24,ok,6,0.9983196359012765,0.8040615717346239,0.8801029016665088,0.8455867019618637,0.5310779769304304,0.5850000000000001,0.6160000000000001,PROCAR,nurion
POSCAR_Mn2Se4_1_z050,236,24,ok,6,0.9985431020438365,0.8776250268953162,0.9004966667250326,0.9854608287730411,0.45232380147527773,0.57,0.6110000000000001,PROCAR,nurion
POSCAR_Mn2Se4_1_z950,195,25,ok,6,0.999011767554841,0.5543269490221097,0.7275724666519255,0.9532821575189374,0.09067619844005548,0.651,0.6600000000000001,PROCAR,nurion
POSCAR_Mn2Se4_1_z975,195,25,ok,6,0.9989220239244246,0.3096337805855077,0.44506179697964043,0.993806179446331,0.029722530241385256,0.617,0.649,PROCAR,nurion
POSCAR_Mn2Sn3_1,27,33,ok,5,0.9999404685824541,0.44606959932449103,0.5711311339711108,0.9998793078726254,0.04608282227638146,0.5660000000000001,0.5680000000000001,PROCAR,nurion
POSCAR_Mn2Sn3_1_st025,27,33,ok,5,0.9997548835085891,0.555500417840939,0.6750626699364335,0.9994036714962837,0.025414003271683736,0.514,0.514,PROCAR,nurion
POSCAR_Mn2Sn3_1_st050,27,33,ok,5,0.9995861274074407,0.7247907428277328,0.8209375488829629,0.9988654731313189,0.008096427566705925,0.4630000000000001,0.4670000000000001,PROCAR,nurion
POSCAR_Mn2Sn3_1_st950,27,34,ok,5,0.9999641090344842,0.48779551626433015,0.5889825837517961,0.9999582179720898,0.06337232204656713,0.6719999999999999,0.6669999999999999,PROCAR,nurion
POSCAR_Mn2Sn3_1_x025,27,33,ok,5,0.9998163731411762,0.49821960110774904,0.6054268496023237,0.9996812206656036,0.05653737587696741,0.5490000000000002,0.5470000000000002,PROCAR,nurion
POSCAR_Mn2Sn3_1_x050,27,33,ok,5,0.9998760879673535,0.5863605891728617,0.6723723596042307,0.9997053235453308,0.09889579758193802,0.532,0.534,PROCAR,nurion
POSCAR_Mn2Sn3_1_x950,27,34,ok,5,0.9993013102430706,0.44543651119592276,0.5851709424419692,0.9953685618835865,0.08804853197154228,0.5860000000000001,0.5920000000000001,PROCAR,nurion
POSCAR_Mn2Sn3_1_y025,27,33,ok,5,0.9999086357347687,0.49639236673835524,0.6037174035780569,0.9997638660300753,0.05458519494377064,0.5460000000000002,0.5490000000000002,PROCAR,nurion
POSCAR_Mn2Sn3_1_y050,27,33,ok,5,0.9998737551630752,0.5892589547772967,0.6739718505147468,0.999796200436352,0.09932459601029674,0.53,0.5350000000000001,PROCAR,nurion
POSCAR_Mn2Sn3_1_y950,27,34,ok,5,0.999572242499513,0.444192641015578,0.5852737946889878,0.9993369628716827,0.09578821114137157,0.5880000000000001,0.5950000000000001,PROCAR,nurion
POSCAR_Mn2Sn3_1_z025,27,33,ok,5,0.9998795138358827,0.44378362574974506,0.5994897778101294,0.9998103526143292,0.03759130696225921,0.546,0.548,PROCAR,nurion
POSCAR_Mn2Sn3_1_z050,27,33,ok,5,0.9998728076624178,0.4659425474226979,0.6436669177454973,0.9997489607684282,0.027225868540991387,0.527,0.529,PROCAR,nurion
POSCAR_Mn2Sn3_1_z950,27,33,ok,5,0.9999431423551998,0.5061793015964609,0.5644266555427303,0.9999180773075311,0.05588834236385757,0.6000000000000001,0.6000000000000001,PROCAR,nurion
POSCAR_Mn2Sn3_1_z975,27,33,ok,5,0.9999402321060246,0.4725531047212798,0.5623646097668659,0.9999168514485197,0.0524007035997368,0.5840000000000001,0.5840000000000001,PROCAR,nurion
POSCAR_Mn2Te2_1,160,19,ok,4,0.9783105084524178,0.9628056104994122,0.9535266831286375,0.13285705375089416,0.13059109583335846,0.5800000000000001,0.5790000000000001,ToBeDelete_PROCAR,nurion
POSCAR_Mn2Te2_1_st025,160,19,ok,4,0.9830817011224723,0.9760505434194208,0.961857354575426,0.1211294584695618,0.11889557647670716,0.552,0.554,PROCAR,nurion
POSCAR_Mn2Te2_1_st050,160,19,ok,4,0.985674899684207,0.9830369155494889,0.9699214363380995,0.11602666166978691,0.1132611113989722,0.531,0.537,PROCAR,nurion
POSCAR_Mn2Te2_1_st950,160,19,ok,4,0.9644115436919918,0.9179462790178161,0.9306459331578052,0.15425410107924079,0.14779361019688644,0.6420000000000001,0.635,PROCAR,nurion
POSCAR_Mn2Te2_1_st975,160,19,ok,4,0.9712207201081218,0.9432193336712378,0.9424868803027506,0.1414550407702259,0.13720579731229907,0.6100000000000001,0.6090000000000001,PROCAR,nurion
POSCAR_Mn2Te2_1_x025,183,19,ok,4,0.9821546962709966,0.9702903810914718,0.9603384096014099,0.02545806767032408,0.02636492596937492,0.5720000000000001,0.568,PROCAR,nurion
POSCAR_Mn2Te2_1_x050,226,19,ok,4,0.9849979438012353,0.9804939032231385,0.9579131671895813,0.3560340444955461,0.35947593118186266,0.562,0.559,PROCAR,nurion
POSCAR_Mn2Te2_1_x950,183,18,ok,4,0.9998778769417683,0.9981140661486586,0.9294030830581997,0.940011841860245,0.932944519233538,0.5950000000000001,0.54,PROCAR,nurion
POSCAR_Mn2Te2_1_x975,183,18,ok,4,0.9966322784877175,0.993458031529549,0.9579263908658254,0.051407604482728644,0.05114052149015369,0.5910000000000001,0.532,PROCAR,nurion
POSCAR_Mn2Te2_1_y025,160,19,ok,4,0.9821642451964898,0.9697037290527669,0.9602899682345669,0.15330021339805022,0.1528471054023522,0.5690000000000001,0.5660000000000001,PROCAR,nurion
POSCAR_Mn2Te2_1_y050,226,19,ok,4,0.9845481194380946,0.9811014337200467,0.9578631695363884,0.3964986368818875,0.40213391464979165,0.5630000000000001,0.56,PROCAR,nurion
POSCAR_Mn2Te2_1_y950,160,18,ok,4,0.9997725778691632,0.9983432192868912,0.9272117841785674,0.9180983137908797,0.904992733450929,0.5980000000000002,0.536,PROCAR,nurion
POSCAR_Mn2Te2_1_y975,160,18,ok,4,0.9965698170484303,0.9937089481838307,0.9575108904621571,0.13815880759475213,0.13210017052741263,0.5930000000000001,0.531,PROCAR,nurion
POSCAR_Mn2Te2_1_z025,226,18,ok,4,0.9972206435724028,0.9950452166683742,0.9670262425172496,0.07577775004735385,0.06675851727818992,0.5740000000000001,0.521,PROCAR,nurion
POSCAR_Mn2Te2_1_z050,156,18,ok,4,0.9997969456573164,0.9978047177909692,0.9459759605159163,0.9871441751860207,0.9828212525366401,0.511,0.558,PROCAR,nurion
POSCAR_Mn2Te2_1_z950,160,19,ok,4,0.9668613745412431,0.9479576918287568,0.9447049312605055,0.1323893695433222,0.13067189791792164,0.5970000000000001,0.5970000000000001,PROCAR,nurion
POSCAR_Mn2Te2_1_z975,160,19,ok,4,0.9720594678681598,0.9539765028478588,0.9481134455101922,0.1270882920558577,0.12359091022923357,0.5870000000000001,0.5890000000000001,PROCAR,nurion
POSCAR_Mn2Te3_1,186,22,ok,5,0.9999969984920439,0.7897547358310346,0.7920061140432052,0.9118715336670649,0.6275257396086649,0.5070000000000001,0.502,ToBeDelete_PROCAR,nurion
POSCAR_Mn2Te3_1_st050,186,21,ok,5,0.9999635718257488,0.7603174733572624,0.7622282293705274,0.9917563983155281,0.6872143118921334,0.483,0.48300000000000004,PROCAR,nurion
POSCAR_Mn2Te3_1_x050,18,20,ok,5,0.9999944786981393,0.8716857652086927,0.8773462913988527,0.9998245660641271,0.801712314863337,0.531,0.529,PROCAR,nurion
POSCAR_Mn2Te3_1_x950,213,21,ok,5,0.9999975035811466,0.8744055630271248,0.8799749349481266,0.9999724844690848,0.6155987831479887,0.5980000000000001,0.5940000000000001,PROCAR,nurion
POSCAR_Mn2Te3_1_x975,213,21,ok,5,0.9999950445058421,0.8542428392793263,0.8643223175191043,0.9999689238387108,0.5538829419750905,0.5920000000000001,0.5920000000000001,PROCAR,nurion
POSCAR_Mn2Te3_1_y050,9,20,ok,5,0.999986866314471,0.8724356809471338,0.8788671034734543,0.9998337025068704,0.803211322078613,0.53,0.528,PROCAR,nurion
POSCAR_Mn2Te3_1_y950,159,21,ok,5,0.9999999602332345,0.8744080844978583,0.8799776530101381,0.9999812299731999,0.6135778250915901,0.5970000000000001,0.5940000000000001,PROCAR,nurion
POSCAR_Mn2Te3_1_y975,159,21,ok,5,0.9999949372115294,0.8546949192589313,0.8647034520848794,0.9999263294532945,0.5523309436403584,0.5940000000000001,0.5900000000000001,PROCAR,nurion
POSCAR_Mn2Te3_1_z025,186,22,ok,5,0.9999934321824391,0.7562286797464549,0.7595027685658534,0.9998442252312574,0.6536481329330083,0.502,0.503,PROCAR,nurion
POSCAR_Mn2Te3_1_z975,159,21,ok,5,0.9999921199443033,0.8494199012336189,0.874581892451343,0.9996820721344014,0.46754524881186144,0.6040000000000001,0.603,PROCAR,nurion
POSCAR_Mn2Te4_1,113,23,ok,6,0.9992338575282735,0.8296406046706138,0.7453046705290247,0.4351067475167082,0.2833527755974101,0.534,0.558,PROCAR,nurion
POSCAR_Mn2Te4_1_st025,106,23,ok,6,0.999931186947375,0.9094312114533856,0.89983441085977,0.7701708019099982,0.5743609692389668,0.517,0.555,ToBeDelete_PROCAR,nurion
POSCAR_Mn2Te4_1_st050,106,23,ok,6,0.9999680990248065,0.965196170199387,0.9659499025665708,0.9526157565211917,0.8595970494618371,0.498,0.5330000000000001,PROCAR,nurion
POSCAR_Mn2Te4_1_st950,134,24,ok,6,0.9998267619904331,0.8448877313596399,0.8267575147127313,0.9021671313862192,0.6272907383053463,0.6120000000000001,0.5750000000000001,ToBeDelete_PROCAR,nurion
POSCAR_Mn2Te4_1_st975,105,23,ok,6,0.9959902556349446,0.6200406288774513,0.9195105793699556,0.9345025938654706,0.4710382508086926,0.5720000000000001,0.5970000000000001,PROCAR,nurion
POSCAR_Mn2Te4_1_x025,152,23,ok,6,0.9999446621304856,0.9127501559930333,0.9593081997494858,0.6953017488514536,0.2755708708289821,0.518,0.5110000000000001,ToBeDelete_PROCAR,nurion
POSCAR_Mn2Te4_1_x050,112,23,ok,6,0.999931802642334,0.9220498268167658,0.9671570943190615,0.698025788663043,0.29740073588247834,0.505,0.522,ToBeDelete_PROCAR,nurion
POSCAR_Mn2Te4_1_x950,105,23,ok,6,0.993938836677239,0.6571348965286605,0.9005910237968467,0.9303257673629114,0.5102513412007276,0.555,0.5930000000000001,ToBeDelete_PROCAR,nurion
POSCAR_Mn2Te4_1_x975,106,23,ok,6,0.9980913613363106,0.8024181037609611,0.6992933224383305,0.3988096331483492,0.2489884112201257,0.544,0.5690000000000001,ToBeDelete_PROCAR,nurion
POSCAR_Mn2Te4_1_y025,106,23,ok,6,0.9995747084137252,0.8429510420898952,0.7817207417982581,0.48935547510345345,0.3283758972338762,0.528,0.557,ToBeDelete_PROCAR,nurion
POSCAR_Mn2Te4_1_y050,106,23,ok,6,0.9997331943977371,0.8420015399660911,0.7980698130530743,0.551967681836699,0.3679096633311722,0.5239999999999999,0.553,ToBeDelete_PROCAR,nurion
POSCAR_Mn2Te4_1_y950,105,23,ok,6,0.9949054354094254,0.6730093871819047,0.9252440187013075,0.9546013369024138,0.5040750832042101,0.559,0.5810000000000001,ToBeDelete_PROCAR,nurion
POSCAR_Mn2Te4_1_y975,113,23,ok,6,0.9985360634121943,0.8233156579137509,0.7189420018704181,0.3944369999403332,0.2436299176944699,0.544,0.5680000000000001,ToBeDelete_PROCAR,nurion
POSCAR_Mn2Te4_1_z025,106,23,ok,6,0.9999043474652463,0.8598686447441313,0.8254004540755152,0.6039666283554304,0.3786387027431044,0.522,0.559,ToBeDelete_PROCAR,nurion
POSCAR_Mn2Te4_1_z050,106,23,ok,6,0.9998521945251608,0.9004364541897317,0.8990615151114842,0.7906912340148783,0.5270007286126013,0.517,0.559,ToBeDelete_PROCAR,nurion
POSCAR_Mn2Te4_1_z950,79,22,ok,6,0.9965147509790161,0.7394636503622458,0.7595116543224959,0.8991451839909164,0.5410966016144273,0.55,0.54,ToBeDelete_PROCAR,nurion
POSCAR_Mn2Te4_1_z975,79,22,ok,6,0.9963171663456303,0.6763907825864808,0.7110018143015366,0.9542689393396927,0.5394966967193336,0.52,0.528,ToBeDelete_PROCAR,nurion
POSCAR_Mn2Te8_1,110,37,ok,10,0.9968699322406851,0.6925063456196681,0.6865835939794999,0.9771988044575068,0.42161451241639486,0.558,0.543,PROCAR,nurion
POSCAR_Mn2Te8_1_st025,110,37,ok,10,0.9992930974047878,0.7606729480083694,0.7114230166486313,0.9876238905697046,0.7319693599934965,0.534,0.548,PROCAR,nurion
POSCAR_Mn2Te8_1_st950,106,37,ok,10,0.9874911774960987,0.663400801280681,0.6768060616385296,0.8569733852338969,0.42837735242553193,0.561,0.5930000000000001,ToBeDelete_PROCAR,nurion
POSCAR_Mn2Te8_1_st975,110,37,ok,10,0.9925918096156311,0.6873590809169817,0.7030684162997705,0.8965164278728595,0.42914211195097357,0.5690000000000001,0.55,PROCAR,nurion
POSCAR_Mn2Te8_1_x025,110,37,ok,10,0.9957600104811589,0.7445209105030618,0.7460271173988807,0.9448665930689443,0.46687822601174034,0.5510000000000002,0.541,PROCAR,nurion
POSCAR_Mn2Te8_1_x050,106,37,ok,10,0.9952889411434473,0.8215265868364923,0.8207179123969978,0.9162404122603248,0.5744513048200965,0.54,0.547,PROCAR,nurion
POSCAR_Mn2Te8_1_x950,106,37,ok,10,0.9989883148919955,0.680028126634924,0.6221827800381197,0.9793263820308642,0.5734514690286523,0.556,0.554,PROCAR,nurion
POSCAR_Mn2Te8_1_y025,110,37,ok,10,0.9989158059056722,0.6485460577577481,0.6039756459600939,0.9711629826516939,0.5756277641662005,0.544,0.5460000000000002,PROCAR,nurion
POSCAR_Mn2Te8_1_y050,12,37,ok,10,0.9958317731933037,0.9207556853638245,0.894375183324148,0.8521571157981238,0.7078193545154982,0.5320000000000001,0.529,PROCAR,nurion
POSCAR_Mn2Te8_1_y950,106,37,ok,10,0.9924605321752744,0.7170509924434603,0.7164647787617803,0.88428120876007,0.35860263400812253,0.538,0.5650000000000001,PROCAR,nurion
POSCAR_Mn2Te8_1_y975,106,37,ok,10,0.9943149994482674,0.6873270056604637,0.6892756059762156,0.925956095107852,0.3428113024857561,0.537,0.563,PROCAR,nurion
POSCAR_Mn2Te8_1_z025,110,37,ok,10,0.9992915595945264,0.7268157487699585,0.6810973622262927,0.9962371205838323,0.5689077151640862,0.535,0.549,PROCAR,nurion
POSCAR_Mn2Te8_1_z050,110,37,ok,10,0.999087732412207,0.7803654714540849,0.7381164854577984,0.9942515545152142,0.6858904397383025,0.5270000000000001,0.54,PROCAR,nurion
POSCAR_Mn2Te8_1_z950,110,37,ok,10,0.993516706558789,0.751456120287814,0.7611139844141033,0.9347715977540852,0.5919232728491485,0.5680000000000001,0.556,PROCAR,nurion
POSCAR_Mn2Te8_1_z975,110,37,ok,10,0.994571389289083,0.720231675377187,0.7369251443094269,0.9479943068834401,0.5239198572361298,0.5670000000000001,0.549,PROCAR,nurion
POSCAR_Mn2Te8_2,92,35,ok,10,0.9999998260171137,0.8524205666820117,0.8530196468272677,0.9998601103022003,0.728800833988129,0.505,0.5030000000000001,ToBeDelete_PROCAR,nurion
POSCAR_Mn2Te8_2_st025,61,28,ok,10,0.9999851195484145,0.9863848990380528,0.9965027154401425,0.9989619142256846,0.9836553545096646,0.435,0.438,ToBeDelete_PROCAR,nurion
POSCAR_Mn2Te8_2_st050,61,28,ok,10,0.9999965217848055,0.9843988306993546,0.9938534261325778,0.999983689511763,0.9717009684932392,0.44499999999999995,0.44599999999999995,ToBeDelete_PROCAR,nurion
POSCAR_Mn2Te8_2_st950,127,32,ok,10,0.999992811593785,0.9546431875934251,0.9922702536958702,0.9995895410582871,0.6794727172271089,0.553,0.548,PROCAR,nurion
POSCAR_Mn2Te8_2_st975,113,35,ok,10,0.9999939835094525,0.8034518118157732,0.8050239239151192,0.9999758211794495,0.6528541984334443,0.513,0.511,ToBeDelete_PROCAR,nurion
POSCAR_Mn2Te8_2_x025,31,28,ok,10,0.9999663529721607,0.9835237630109954,0.9957955324588674,0.9992717186969218,0.9759140234808243,0.441,0.441,PROCAR,nurion
POSCAR_Mn2Te8_2_x050,19,30,ok,10,0.9999971957042836,0.9511450310544312,0.9989134477108269,0.999401892512895,0.950936242486696,0.49300000000000005,0.4940000000000001,PROCAR,nurion
POSCAR_Mn2Te8_2_x950,92,35,ok,10,0.9999985556463059,0.8893762310728076,0.8906046959334366,0.9993694926680525,0.7461334412426223,0.525,0.5290000000000001,PROCAR,nurion
POSCAR_Mn2Te8_2_x975,61,28,ok,10,0.9999890024603842,0.9848646747095507,0.9929946292397954,0.9987265605611066,0.9846902421896495,0.44600000000000006,0.44900000000000007,PROCAR,nurion
POSCAR_Mn2Te8_2_y025,61,28,ok,10,0.9999701318783443,0.9841918891156058,0.9965249925513826,0.998609644827383,0.9758745505647844,0.438,0.442,PROCAR,nurion
POSCAR_Mn2Te8_2_y050,61,28,ok,10,0.9999973682376333,0.9634871408861229,0.9732930112160076,0.9988089393829002,0.8966183627469488,0.46099999999999997,0.459,PROCAR,nurion
POSCAR_Mn2Te8_2_y950,31,30,ok,10,0.9999874753876447,0.9718628956933139,0.9933501542177552,0.9977744799478058,0.8720018215597545,0.492,0.49300000000000005,PROCAR,nurion
POSCAR_Mn2Te8_2_y975,31,28,ok,10,0.999988549474738,0.9838987185914027,0.992226760949492,0.9988356493673612,0.9844369482408086,0.449,0.447,PROCAR,nurion
POSCAR_Mn2Te8_2_z025,61,28,ok,10,0.9999757463008041,0.9847941246266881,0.9900659362804332,0.9989671317599367,0.9853721354477754,0.43999999999999995,0.44599999999999995,PROCAR,nurion
POSCAR_Mn2Te8_2_z050,61,30,ok,10,0.9999814407227252,0.9840698107071518,0.9970802905020917,0.9988502971475911,0.9410101015284702,0.4760000000000001,0.476,PROCAR,nurion
POSCAR_Mn2Te8_2_z950,92,35,ok,10,0.9999979768767648,0.8948826224070322,0.8957896527573452,0.9997559607964477,0.7651496070624095,0.518,0.52,PROCAR,nurion
POSCAR_Mn2Te8_2_z975,92,35,ok,10,0.9999973893879609,0.8824472197809391,0.8831877255152024,0.9998660118556674,0.7553194573950576,0.513,0.514,PROCAR,nurion
POSCAR_Mn2Te8_3,72,35,ok,10,0.9996549876098667,0.8325307633682463,0.9119126545017844,0.9952831807578674,0.39109870886130826,0.53,0.5350000000000001,PROCAR,nurion
POSCAR_Mn2Te8_3_st025,72,35,ok,10,0.9998321294364625,0.8806779093999795,0.9249330807266115,0.9957958563549505,0.43935998701999895,0.5120000000000001,0.5200000000000001,ToBeDelete_PROCAR,nurion
POSCAR_Mn2Te8_3_st050,72,35,ok,10,0.99989550992987,0.9108287904114755,0.9329270266435684,0.994433019879094,0.47024261096659,0.4970000000000001,0.5070000000000001,PROCAR,nurion
POSCAR_Mn2Te8_3_st950,72,35,ok,10,0.9992131582809131,0.6784299101404953,0.906980385094301,0.9817290586715499,0.2915373394696509,0.5650000000000002,0.5730000000000002,PROCAR,nurion
POSCAR_Mn2Te8_3_st975,72,35,ok,10,0.9992521087549693,0.7608592998272954,0.9052706443594095,0.9887729128018343,0.33503812776518715,0.545,0.5480000000000002,PROCAR,nurion
POSCAR_Mn2Te8_3_x025,43,35,ok,10,0.9996303663889013,0.8336480933489201,0.9039059505703705,0.9838995877401631,0.3907423778359017,0.5270000000000001,0.5150000000000001,PROCAR,nurion
POSCAR_Mn2Te8_3_y025,72,35,ok,10,0.9993447750156952,0.8774901769762605,0.9173471575410594,0.9171278850709369,0.6650934217747396,0.513,0.526,PROCAR,nurion
POSCAR_Mn2Tl13_1,51,97,ok,15,0.9999977341070282,0.8642932814883547,0.952022739116052,0.9997979993270592,0.6384793564521284,0.4210000000000001,0.41900000000000004,PROCAR,nurion
POSCAR_Mn2Tl13_1_st025,51,97,ok,15,0.9999928481947581,0.8984582954343944,0.964715510821338,0.9989031869884065,0.7053324527869069,0.385,0.391,ToBeDelete_PROCAR,nurion
POSCAR_Mn2Tl13_1_st050,53,96,ok,15,0.9999994977801481,0.8259269441268159,0.8410760076654589,0.9982794403865559,0.5982796020674553,0.349,0.35000000000000003,PROCAR,nurion
POSCAR_Mn2Tl13_1_st975,51,97,ok,15,0.9999540776954853,0.7999742595615165,0.9402483954479782,0.9996739922100814,0.5763355226123359,0.4540000000000001,0.4570000000000001,ToBeDelete_PROCAR,nurion
POSCAR_Mn2Tl13_1_x025,51,97,ok,15,0.9999558407065163,0.8496693194484984,0.9522135536081046,0.9992167216377802,0.6360101078812616,0.40800000000000003,0.4070000000000001,PROCAR,nurion
POSCAR_Mn2Tl13_1_x975,51,97,ok,15,0.9999390513685477,0.8698296275183782,0.9495797166069403,0.9992968091084518,0.6381888499878058,0.4250000000000001,0.4210000000000001,PROCAR,nurion
POSCAR_Mn2Tl13_1_y025,51,97,ok,15,0.9998925402740279,0.904396573953681,0.9590331828989994,0.9991440209715582,0.6889534566073247,0.4,0.4020000000000001,PROCAR,nurion
POSCAR_Mn2Tl13_1_y050,4,94,ok,15,0.999993453620457,0.7370754501971345,0.7398871055478771,0.9999450910724044,0.489678302727378,0.34700000000000003,0.34600000000000003,PROCAR,nurion
POSCAR_Mn2Tl13_1_y975,51,97,ok,15,0.9999591352652428,0.7812754278073963,0.9459286553781366,0.9997940523776112,0.5800275238136373,0.43800000000000006,0.43400000000000005,PROCAR,nurion
POSCAR_Mn2Tl13_1_z025,51,97,ok,15,0.999984070699833,0.8599455507228415,0.95840170614299,0.9997958651588496,0.6573055094040143,0.41300000000000003,0.41100000000000003,PROCAR,nurion
POSCAR_Mn2Tl13_1_z950,51,97,ok,15,0.9999024392823574,0.8652334764123883,0.9499915186227629,0.9989823927866301,0.650767883785993,0.43800000000000006,0.44000000000000006,PROCAR,nurion
POSCAR_Mn2Tl13_1_z975,51,97,ok,15,0.9999394097500757,0.8640323198517225,0.9458045159116736,0.9992377905502922,0.6319672934085195,0.42800000000000005,0.42700000000000005,PROCAR,nurion
POSCAR_Mo2N2_2,304,19,ok,4,0.9747321775415521,0.7454544660026263,0.9778257840056627,0.7994347325217116,0.6164660099107527,0.796,0.7859999999999998,ToBeDelete_PROCAR,nurion
POSCAR_Mo2N2_2_st050,372,19,ok,4,0.9523778917934839,0.38978561899505343,0.9688268906209584,0.85306943478025,0.3753129286616122,0.7980000000000002,0.797,ToBeDelete_PROCAR,nurion
POSCAR_Mo2N2_2_x025,398,18,ok,4,0.97876331797068,0.4716813880471059,0.965781049629811,0.7550570837949068,0.41744236659797757,0.817,0.825,PROCAR,nurion
POSCAR_Mo2N2_2_x050,398,18,ok,4,0.9805457463358153,0.5096114622998579,0.9651568504313913,0.7546405547128733,0.4542438541299196,0.808,0.8089999999999999,PROCAR,nurion
POSCAR_Mo2N2_2_x950,309,19,ok,4,0.9978380653070383,0.9707010093198806,0.7497441284493538,0.37967730041558273,0.16924290811880421,0.8940000000000001,0.821,PROCAR,nurion
POSCAR_Mo2N2_2_y025,266,18,ok,4,0.9785853503658691,0.4701319869504693,0.9667592187395188,0.7484667675756526,0.4211626882564517,0.8250000000000001,0.821,PROCAR,nurion
POSCAR_Mo2N2_2_y050,266,18,ok,4,0.9800151747883895,0.5119551008900772,0.9631454840399042,0.7397648859439644,0.4619934845158042,0.81,0.8059999999999999,PROCAR,nurion
POSCAR_Mo2N2_2_y950,285,19,ok,4,0.9978380653070386,0.9706430030475349,0.749635392550227,0.7449780617583251,0.5229268667948935,0.8210000000000001,0.8939999999999999,PROCAR,nurion
POSCAR_Mo2N2_2_z975,258,19,ok,4,0.9729828628069461,0.7284594548757184,0.9753627459762567,0.7938667735345175,0.5605412724017319,0.799,0.7989999999999999,PROCAR,nurion
POSCAR_Mo2N2_4,388,19,ok,4,0.9988678584333227,0.9516666734883484,0.9512372177336555,0.9520273322129885,0.8572180426324476,0.683,0.723,PROCAR,nurion
POSCAR_Mo2N2_4_st025,388,19,ok,4,0.9992721711643885,0.9149665667448087,0.9431998540603422,0.964917370245036,0.8344126994998263,0.677,0.713,ToBeDelete_PROCAR,nurion
POSCAR_Mo2N2_4_st050,388,19,ok,4,0.9994971061631857,0.8460332766737789,0.9255268657455824,0.9775496089807996,0.7835375464499063,0.673,0.7040000000000001,PROCAR,nurion
POSCAR_Mo2N2_4_st975,388,19,ok,4,0.9992974468403921,0.970692492065971,0.9585390633315899,0.9408499461547983,0.8602434883516239,0.6960000000000001,0.7360000000000001,PROCAR,nurion
POSCAR_Mo2N2_4_x025,258,19,ok,4,0.9991438766631446,0.9446779546657039,0.9504729929838815,0.95247879405083,0.8495342438719014,0.724,0.682,ToBeDelete_PROCAR,nurion
POSCAR_Mo2N2_4_x050,258,19,ok,4,0.9986091963441253,0.9380720279918934,0.9513159379876335,0.9525578660476449,0.847696448213798,0.724,0.679,ToBeDelete_PROCAR,nurion
POSCAR_Mo2N2_4_x950,385,19,ok,4,0.9991374599646812,0.9585352700498357,0.9489632294587687,0.9286256703055857,0.8343409717251231,0.7350000000000001,0.6890000000000001,ToBeDelete_PROCAR,nurion
POSCAR_Mo2N2_4_x975,385,19,ok,4,0.999321513745679,0.9574123538595698,0.9518878864688274,0.9331401919836461,0.8391646181372425,0.7320000000000001,0.686,ToBeDelete_PROCAR,nurion
POSCAR_Mo2N2_4_y025,385,19,ok,4,0.9989425530469948,0.9457200989190708,0.9525740300099818,0.9397685329184663,0.8425298366041871,0.7250000000000001,0.6819999999999999,ToBeDelete_PROCAR,nurion
POSCAR_Mo2N2_4_y050,385,19,ok,4,0.9987310730615512,0.938357734381747,0.9521312259844897,0.9395948982973564,0.839812145953033,0.724,0.6799999999999999,ToBeDelete_PROCAR,nurion
POSCAR_Mo2N2_4_y950,258,19,ok,4,0.9990378589445652,0.9591091291148249,0.949507212822879,0.939938712065914,0.8394145122071897,0.7360000000000001,0.6900000000000001,ToBeDelete_PROCAR,nurion
POSCAR_Mo2N2_4_y975,258,19,ok,4,0.9991414941526927,0.9579842603978628,0.9506914623112979,0.9456395721629564,0.8489863093536351,0.728,0.685,ToBeDelete_PROCAR,nurion
POSCAR_Mo2N2_4_z025,388,19,ok,4,0.9994535927038242,0.9336612945770313,0.9416444099072588,0.9587103317023618,0.8413545353690535,0.681,0.7170000000000001,ToBeDelete_PROCAR,nurion
POSCAR_Mo2N2_4_z050,388,19,ok,4,0.9994669336995212,0.909493043820041,0.9303332511785328,0.9670609890424142,0.8230807795938837,0.6770000000000002,0.718,ToBeDelete_PROCAR,nurion
POSCAR_Mo2N2_4_z950,541,19,ok,4,0.9997437593601648,0.9140342474489025,0.9737811502061593,0.9768405226151976,0.8357000050157372,0.6990000000000001,0.663,ToBeDelete_PROCAR,nurion
POSCAR_Mo2N2_4_z975,541,19,ok,4,0.9998976791808734,0.9588693787251344,0.9637864054351757,0.9664779813887023,0.8662579101383658,0.6940000000000001,0.651,ToBeDelete_PROCAR,nurion
POSCAR_Mo2O3_1,60,22,ok,5,0.49094382756176347,0.23625100350912578,0.13345677830640543,0.0,0.0,0.879,0.7230000000000001,ToBeDelete_PROCAR,nurion
POSCAR_Mo2O3_1_st025,64,20,ok,5,0.9862971295909774,0.12247155903432518,0.9698675330038509,0.25022671363615456,0.0011637871764529292,0.8610000000000001,0.791,ToBeDelete_PROCAR,nurion
POSCAR_Mo2O3_1_st050,65,20,ok,5,0.9522180415687083,0.05738359712724011,0.9830620543369233,0.287604661703755,0.002084114411283137,0.874,0.833,PROCAR,nurion
POSCAR_Mo2O3_1_st950,60,22,ok,5,0.9261563308469075,0.0,0.974611609229625,0.0,0.0,0.8870000000000001,0.92,PROCAR,nurion
POSCAR_Mo2O3_1_st975,60,22,ok,5,0.9230842664754365,0.0,0.9735400895267965,0.0,0.0,0.882,0.918,PROCAR,nurion
POSCAR_Mo2O3_1_x025,60,22,ok,5,0.5079496787149786,0.2543457128347683,0.14695098521338115,0.0,0.0,0.8720000000000001,0.7200000000000001,PROCAR,nurion
POSCAR_Mo2O3_1_x050,60,22,ok,5,0.528050797788649,0.2711874709081901,0.16074243762791351,0.0,0.0,0.8700000000000001,0.7160000000000001,PROCAR,nurion
POSCAR_Mo2O3_1_x950,60,22,ok,5,0.4599056368112351,0.2008242566903971,0.105464777116236,0.0,0.0,0.884,0.7360000000000001,PROCAR,nurion
POSCAR_Mo2O3_1_x975,60,22,ok,5,0.4717729638308426,0.21665782892052912,0.1183064641653091,0.0,0.0,0.879,0.7280000000000001,PROCAR,nurion
POSCAR_Mo2O4_2,194,26,ok,6,0.9481485267396801,0.2530852497383904,0.9732352003286654,0.8894777802859839,0.24519969542113534,0.8639999999999999,0.875,PROCAR,nurion
POSCAR_Mo2O4_2_st025,194,26,ok,6,0.9500963337387648,0.2722183973430613,0.9719159483768441,0.8998668886734194,0.28010928781192296,0.854,0.8610000000000001,ToBeDelete_PROCAR,nurion
POSCAR_Mo2O4_2_st050,194,26,ok,6,0.956633182825489,0.30981453788954744,0.9708297422533214,0.9150798660200617,0.3349116819917458,0.8360000000000001,0.8440000000000001,ToBeDelete_PROCAR,nurion
POSCAR_Mo2O4_2_st950,207,26,ok,6,0.9385875898612848,0.23863220755439468,0.970847286839733,0.8577446051733739,0.20307698625559004,0.876,0.8899999999999999,PROCAR,nurion
POSCAR_Mo2O4_2_st975,194,26,ok,6,0.9500825267926929,0.2536800640134501,0.9729355145546082,0.8898359107041163,0.22836804056478763,0.8759999999999999,0.8879999999999999,PROCAR,nurion
POSCAR_Mo2O4_2_x025,194,26,ok,6,0.9565916774495828,0.26551348419090054,0.9775710077456393,0.8892421303299323,0.26769427907455395,0.8600000000000001,0.8730000000000001,PROCAR,nurion
POSCAR_Mo2O4_2_x050,194,26,ok,6,0.9691821900005152,0.27797649454167284,0.9841851096294094,0.8952778205012053,0.28319894311890703,0.8559999999999999,0.8700000000000001,PROCAR,nurion
POSCAR_Mo2O4_2_x950,207,26,ok,6,0.9474790828947297,0.2098433618204234,0.9656015515091068,0.7353882349357918,0.1755190304935746,0.8760000000000001,0.8789999999999999,PROCAR,nurion
POSCAR_Mo2O4_2_x975,194,26,ok,6,0.9467747978339758,0.12224368445619427,0.9662183068940493,0.6571903202692109,0.06175337384894248,0.917,0.8779999999999999,PROCAR,nurion
POSCAR_Mo2O4_2_y025,194,26,ok,6,0.9491687790699909,0.246151148944186,0.9724491175919007,0.8820243264925435,0.25703027662171274,0.863,0.8680000000000001,PROCAR,nurion
POSCAR_Mo2O4_2_y050,194,26,ok,6,0.9528929494877072,0.2367816306173056,0.9712910030886514,0.7923610200805222,0.23637258296636357,0.8670000000000001,0.8620000000000001,PROCAR,nurion
POSCAR_Mo2O4_2_y950,194,26,ok,6,0.951281416539609,0.26228153661189063,0.9745950543134332,0.8713010481834379,0.23359262129406935,0.867,0.883,PROCAR,nurion
POSCAR_Mo2O4_2_y975,194,26,ok,6,0.9496344157597904,0.25761351096142243,0.9736352236898278,0.8821008159749301,0.23573043414641556,0.8679999999999999,0.879,PROCAR,nurion
POSCAR_Mo2O4_2_z025,194,26,ok,6,0.9422741244882035,0.24853477934783197,0.9695646399295677,0.8834843705961404,0.2172653325327889,0.8620000000000001,0.869,PROCAR,nurion
POSCAR_Mo2O4_2_z050,194,26,ok,6,0.9353903233003962,0.23241830301752858,0.9660977962089631,0.8578863935998849,0.17284393234552634,0.8630000000000001,0.863,PROCAR,nurion
POSCAR_Mo2O4_2_z950,194,26,ok,6,0.9586129079163964,0.246045597958261,0.9787941891724,0.8747453752147235,0.24614259252209436,0.874,0.881,PROCAR,nurion
POSCAR_Mo2O4_2_z975,194,26,ok,6,0.9540106245383922,0.25079531842734926,0.9760748496595145,0.8848328218553028,0.2518938377057574,0.872,0.8800000000000001,PROCAR,nurion
POSCAR_Mo2P4_4,296,23,ok,6,0.9336258626696079,0.774684070468332,0.896708464526885,0.633649102033664,0.2987035516108065,0.615,0.635,ToBeDelete_PROCAR,nurion
POSCAR_Mo2P4_4_st950,284,24,ok,6,0.9922011281668199,0.985630801862301,0.9223497859898729,0.9223398968120026,0.5079114064055311,0.6910000000000001,0.6880000000000001,ToBeDelete_PROCAR,nurion
POSCAR_Mo2P4_4_st975,280,23,ok,6,0.9799433684048311,0.9097358940767665,0.5958778152345423,0.29758306456804323,0.22520851506932513,0.645,0.7599999999999999,PROCAR,nurion
POSCAR_Mo2P4_4_x050,270,20,ok,6,0.9937687825253766,0.414805851819094,0.9900124054468272,0.9397450377303928,0.11721944620731312,0.742,0.6970000000000001,PROCAR,nurion
POSCAR_Mo2P4_4_x950,284,24,ok,6,0.9849142911793586,0.9770708325900114,0.9295253058242207,0.9105107907333598,0.32857997580833886,0.6769999999999999,0.664,PROCAR,nurion
POSCAR_Mo2P4_4_x975,280,23,ok,6,0.9382058697605146,0.7408568327443509,0.7498087193517285,0.34633968891190564,0.34229624434738243,0.646,0.761,PROCAR,nurion
POSCAR_Mo2P4_4_y025,296,23,ok,6,0.9425868563593691,0.8102008866192398,0.9134771856018619,0.8285819920177627,0.5349951413505513,0.615,0.641,PROCAR,nurion
POSCAR_Mo2P4_4_y050,280,23,ok,6,0.8638622026662109,0.6569788600351989,0.8534573260418025,0.5315967547796769,0.5511970577146389,0.644,0.758,PROCAR,nurion
POSCAR_Mo2P4_4_y950,279,23,ok,6,0.9093768683910419,0.44981588216809815,0.8955754669287163,0.8103660552894135,0.045071255276067146,0.644,0.682,PROCAR,nurion
POSCAR_Mo2P4_4_y975,219,23,ok,6,0.9186119672500658,0.4706876942260864,0.8947590734845592,0.8081368457758116,0.061177150968590714,0.681,0.649,PROCAR,nurion
POSCAR_Mo2P4_4_z025,279,23,ok,6,0.9736044445000349,0.7436054449299941,0.9429000459469524,0.8100731499833249,0.44010021744515965,0.638,0.6559999999999999,PROCAR,nurion
POSCAR_Mo2P4_4_z050,265,23,ok,6,0.76673127275459,0.5110109829378308,0.6685914016143035,0.657636120722231,0.023686236325385635,0.5880000000000002,0.747,PROCAR,nurion
POSCAR_Mo2P4_4_z975,280,23,ok,6,0.8854430677708779,0.538725902159825,0.8852464449433564,0.5875587729621631,0.45400052645248884,0.661,0.74,PROCAR,nurion
POSCAR_Mo2P8_1,105,31,ok,10,0.9966630271809708,0.09895466231202771,0.9994472473405168,0.98362736146291,0.053716793513413644,0.734,0.746,PROCAR,nurion
POSCAR_Mo2P8_1_st025,71,34,ok,10,0.9064577804173035,0.509773854154011,0.7508592284685341,0.7198846850981385,0.37737255667738956,0.5080000000000001,0.558,ToBeDelete_PROCAR,nurion
POSCAR_Mo2P8_1_st050,67,34,ok,10,0.9997806535624368,0.8553669566692182,0.8917267511639027,0.9842684374081728,0.557272821045948,0.5420000000000001,0.55,PROCAR,nurion
POSCAR_Mo2P8_1_st950,139,31,ok,10,0.9301044031315424,0.6916948844399164,0.9508878762035662,0.9175245976343586,0.35990269607208886,0.683,0.6220000000000001,PROCAR,nurion
POSCAR_Mo2P8_1_st975,108,33,ok,10,0.9848917375182253,0.9824807732517774,0.9742407638173051,0.9073465316715814,0.7959807962654584,0.6550000000000002,0.6070000000000001,ToBeDelete_PROCAR,nurion
POSCAR_Mo2P8_1_x025,105,31,ok,10,0.999289363172111,0.07207592928192166,0.9980891692484716,0.8194925944751087,0.026566059931706094,0.74,0.732,ToBeDelete_PROCAR,nurion
POSCAR_Mo2P8_1_x050,71,34,ok,10,0.9834469370726057,0.7163580901768005,0.8810328089102956,0.9670410366814975,0.6017689624767214,0.55,0.5680000000000001,ToBeDelete_PROCAR,nurion
POSCAR_Mo2P8_1_x950,212,31,ok,10,0.9882729652308972,0.8688431006016076,0.9662984009837537,0.46751915498632135,0.20507578914847868,0.645,0.683,ToBeDelete_PROCAR,nurion
POSCAR_Mo2P8_1_x975,212,31,ok,10,0.9792181012263763,0.45144184059856235,0.9935290979127427,0.7780473698457346,0.16725608716331913,0.6560000000000001,0.6990000000000001,ToBeDelete_PROCAR,nurion
POSCAR_Mo2P8_1_y975,108,33,ok,10,0.9745144043494672,0.9663350046138838,0.9185954282497379,0.8739459474510856,0.7060094410864735,0.629,0.5740000000000001,ToBeDelete_PROCAR,nurion
POSCAR_Mo2P8_1_z975,57,33,ok,10,0.9735692726164717,0.964417359333226,0.9183370721798322,0.8630595106105686,0.6774133114679266,0.575,0.629,ToBeDelete_PROCAR,nurion
POSCAR_Mo2Sb2_2,61,19,ok,4,0.8605666535002454,0.8680778922484781,0.8685685483034451,0.8156976362810172,0.8118838948053532,0.714,0.603,PROCAR,nurion
POSCAR_Mo2Sb2_2_st025,190,19,ok,4,0.9066585853679991,0.5817363405676613,0.8374676753700391,0.8336830289343207,0.5052645786710597,0.6890000000000001,0.561,PROCAR,nurion
POSCAR_Mo2Sb2_2_st050,226,19,ok,4,0.8791772965404983,0.6053166469967699,0.7820638375804851,0.7196983900270297,0.4769216443497115,0.533,0.667,PROCAR,nurion
POSCAR_Mo2Sb2_2_st950,190,19,ok,4,0.9787876816260693,0.6792985909083581,0.9429675175031648,0.9639293206138179,0.5900981844176971,0.7420000000000001,0.642,ToBeDelete_PROCAR,nurion
POSCAR_Mo2Sb2_2_st975,226,19,ok,4,0.9592556238913013,0.610575831102797,0.9287381783969506,0.9354240063080335,0.5452984039440952,0.6170000000000001,0.7230000000000002,ToBeDelete_PROCAR,nurion
POSCAR_Mo2Sb2_2_x025,183,19,ok,4,0.9335959318977478,0.6116192382922547,0.8762386162942278,0.9064951783410983,0.6022562439326978,0.5820000000000001,0.6920000000000001,ToBeDelete_PROCAR,nurion
POSCAR_Mo2Sb2_2_x050,190,19,ok,4,0.9231560044681532,0.6200069215657636,0.851997310112994,0.8213256735125612,0.513479284652293,0.6849999999999999,0.5680000000000001,ToBeDelete_PROCAR,nurion
POSCAR_Mo2Sb2_2_x950,190,19,ok,4,0.9465533303958561,0.5316961787337235,0.9330729447127922,0.9140756088980455,0.45370852401888384,0.7190000000000001,0.619,ToBeDelete_PROCAR,nurion
POSCAR_Mo2Sb2_2_x975,226,19,ok,4,0.9395895737638686,0.5575091671992263,0.9136659721015703,0.9105352623594937,0.49752223803721013,0.6010000000000001,0.707,ToBeDelete_PROCAR,nurion
POSCAR_Mo2Sb2_2_y025,73,19,ok,4,0.9942977955151066,0.903154382186066,0.9909523292956289,0.39823184438268266,0.3447085148728761,0.6299999999999999,0.595,ToBeDelete_PROCAR,nurion
POSCAR_Mo2Sb2_2_y050,135,19,ok,4,0.968742235303322,0.8168114187982617,0.952142396034539,0.7980386285179533,0.5695507900530156,0.622,0.597,ToBeDelete_PROCAR,nurion
POSCAR_Mo2Sb2_2_y950,183,19,ok,4,0.9451113425091799,0.5544234942013889,0.9307695328275164,0.9235764119427561,0.5257403321837064,0.6310000000000001,0.7170000000000001,ToBeDelete_PROCAR,nurion
POSCAR_Mo2Sb2_2_y975,183,19,ok,4,0.9391310312161504,0.5638244612062117,0.9138100858094382,0.9204448598206257,0.5471176766861231,0.6090000000000001,0.7080000000000001,ToBeDelete_PROCAR,nurion
POSCAR_Mo2Sb2_2_z025,226,19,ok,4,0.9242790191449745,0.5268981203003459,0.8947430010077465,0.8725939255644236,0.4544086071394145,0.5930000000000001,0.7000000000000001,ToBeDelete_PROCAR,nurion
POSCAR_Mo2Sb2_2_z050,226,19,ok,4,0.9108441113591332,0.4875618889701819,0.8958413695948554,0.8355845116172269,0.3900890124060483,0.5940000000000001,0.7000000000000001,ToBeDelete_PROCAR,nurion
POSCAR_Mo2Sb2_2_z950,61,19,ok,4,0.9549227240693451,0.8943132351923847,0.8557941611592491,0.6185313070177498,0.5967101875914348,0.726,0.623,ToBeDelete_PROCAR,nurion
POSCAR_Mo2Sb2_2_z975,61,19,ok,4,0.865332786433624,0.8711645843293887,0.8645578054879424,0.8252144828190956,0.8268358456023718,0.719,0.612,ToBeDelete_PROCAR,nurion
POSCAR_Mo2Se2_1,230,20,ok,4,0.991444884691257,0.34793746494479344,0.9909835562077942,0.8339940573234105,0.14711492875073703,0.778,0.751,PROCAR,nurion
POSCAR_Mo2Se2_1_st025,230,20,ok,4,0.9883219945517445,0.3566742873400025,0.9890237024612177,0.8208496136422796,0.16493568459228145,0.7599999999999999,0.7370000000000001,PROCAR,nurion
POSCAR_Mo2Se2_1_st050,230,20,ok,4,0.9869297352672445,0.37333377291742825,0.9869113750556691,0.8096999361688556,0.18615702741019421,0.745,0.723,PROCAR,nurion
POSCAR_Mo2Se2_1_st950,230,20,ok,4,0.9950680183747865,0.30744532714172906,0.9852309918711442,0.8337585603399988,0.123695102945226,0.809,0.774,PROCAR,nurion
POSCAR_Mo2Se2_1_st975,230,20,ok,4,0.9945635168199489,0.334934153633877,0.9913832595407369,0.8433885273244861,0.1326002164711915,0.7900000000000001,0.761,PROCAR,nurion
POSCAR_Mo2Se2_1_z025,230,20,ok,4,0.9935737380085896,0.33830198478243195,0.9925660211483176,0.8297615631086868,0.1501822860191195,0.7699999999999999,0.752,ToBeDelete_PROCAR,nurion
POSCAR_Mo2Se2_1_z050,230,20,ok,4,0.9958166508606565,0.330796122109592,0.9928631348852285,0.8294021202034606,0.15308713231245846,0.7610000000000001,0.753,ToBeDelete_PROCAR,nurion
POSCAR_Mo2Se2_1_z950,230,20,ok,4,0.9889460478925924,0.3909879630468627,0.9839394314207146,0.8578081878296155,0.15205689282218915,0.779,0.744,ToBeDelete_PROCAR,nurion
POSCAR_Mo2Se2_1_z975,230,20,ok,4,0.9899096769790722,0.36655553842536065,0.9882941070723215,0.8419764198503987,0.14968532619746874,0.78,0.746,ToBeDelete_PROCAR,nurion
POSCAR_Mo2Sn4_1,60,43,ok,6,0.9999728210612864,0.9700475236098639,0.9996981447112263,0.9998903097643319,0.9496355538965555,0.772,0.773,PROCAR,nurion
POSCAR_Mo2Sn4_1_x025,121,42,ok,6,0.9999813697210345,0.6117910046870105,0.9973128870110173,0.9999616176674122,0.35490069503203775,0.5850000000000001,0.5820000000000001,PROCAR,nurion
POSCAR_Mo2Sn4_1_x050,50,41,ok,6,0.9999925752209864,0.6471828562463421,0.9898672435747118,0.9999820158687478,0.20981423157394036,0.5710000000000001,0.5710000000000001,PROCAR,nurion
POSCAR_Mo2Sn4_1_y050,153,42,ok,6,0.999989583200874,0.7940253286048649,0.9972176145485849,0.9999690863954109,0.463572195879753,0.5840000000000001,0.5810000000000001,PROCAR,nurion
POSCAR_Mo2Sn4_1_y950,153,42,ok,6,0.9999879142533435,0.6852236062151559,0.9992109543367349,0.9999809064924794,0.5517537312014814,0.6340000000000001,0.6350000000000001,PROCAR,nurion
POSCAR_Mo2Sn4_1_z025,153,42,ok,6,0.9999845871370769,0.6056422433920744,0.9973886235568281,0.9999716374020666,0.42646836403771626,0.5820000000000001,0.5830000000000001,PROCAR,nurion
POSCAR_Mo2Sn4_1_z050,98,41,ok,6,0.9999678436364651,0.6443897376692652,0.9904933273375723,0.9999343448886795,0.24262766892950785,0.5710000000000001,0.5690000000000001,PROCAR,nurion
POSCAR_Mo2Sn4_1_z975,153,42,ok,6,0.9999984559720074,0.5137362163663112,0.9989667414223335,0.999992762259704,0.3189206933151965,0.6170000000000001,0.6180000000000001,PROCAR,nurion
POSCAR_Mo2Sn5_1,6,49,ok,7,0.9999818410896186,0.32020699045887735,0.901258351076407,0.9999002399855157,0.18300039889676192,0.654,0.654,ToBeDelete_PROCAR,nurion
POSCAR_Mo2Sn5_1_st025,6,49,ok,7,0.9999957472333036,0.2777300264198912,0.8488707289963003,0.9999836212219917,0.19043502519455022,0.613,0.6130000000000001,ToBeDelete_PROCAR,nurion
POSCAR_Mo2Sn5_1_st050,6,49,ok,7,0.9999901012277315,0.29924724083443544,0.7787497613411449,0.9999571112933381,0.23173328273412666,0.5810000000000001,0.5820000000000001,PROCAR,nurion
POSCAR_Mo2Sn5_1_st975,6,49,ok,7,0.999990245737669,0.6125432136761633,0.9476485382933613,0.9998197517674601,0.33476496444567055,0.702,0.7000000000000002,PROCAR,nurion
POSCAR_Mo2Sn5_1_x025,6,49,ok,7,0.9999998118673012,0.266639953169205,0.889201107935227,0.9999748240062616,0.17203656643106888,0.643,0.641,PROCAR,nurion
POSCAR_Mo2Sn5_1_x050,6,49,ok,7,0.9999982417145802,0.25689598629742316,0.8779122741333394,0.9999921445457918,0.18526029823523193,0.634,0.6330000000000001,PROCAR,nurion
POSCAR_Mo2Sn5_1_z050,6,49,ok,7,0.9999931807397088,0.2711474840024653,0.8664305291676934,0.999968313404715,0.1848765834415411,0.64,0.642,PROCAR,nurion
POSCAR_Mo2Te2_1,203,20,ok,4,0.9426206802118515,0.3367702233127174,0.9577348547540493,0.6071073922896769,0.18407846730588376,0.711,0.6930000000000001,PROCAR,nurion
POSCAR_Mo2Te2_1_st025,203,20,ok,4,0.9383004601607163,0.3433981678934872,0.9555716228498616,0.601184010275566,0.19160460319108097,0.6940000000000002,0.676,ToBeDelete_PROCAR,nurion
POSCAR_Mo2Te2_1_st050,203,20,ok,4,0.9361253138533461,0.3744068532205558,0.9539247958984789,0.610358627612012,0.21325762848043334,0.6770000000000002,0.659,PROCAR,nurion
POSCAR_Mo2Te2_1_st950,203,20,ok,4,0.9641955452510759,0.43433929243134384,0.966158244651931,0.6202154953763858,0.20534181859484854,0.7320000000000001,0.7229999999999999,PROCAR,nurion
POSCAR_Mo2Te2_1_st975,203,20,ok,4,0.9503629878752506,0.3571227426325294,0.9623312141218126,0.6126237840062901,0.1874027265311432,0.7220000000000001,0.7100000000000001,PROCAR,nurion
POSCAR_Mo2Te2_1_z025,203,20,ok,4,0.9516796398306299,0.31774313776451046,0.9668430867196026,0.619998477441232,0.18047769649064127,0.707,0.6950000000000001,PROCAR,nurion
POSCAR_Mo2Te2_1_z050,203,20,ok,4,0.9615994743873043,0.3038990968465318,0.9741307268835497,0.6378030331855038,0.174509313416069,0.7020000000000001,0.6970000000000001,PROCAR,nurion
POSCAR_Mo2Te2_1_z950,203,20,ok,4,0.9263223235129285,0.4174394345998836,0.9351459641647705,0.5775484380421205,0.19983670993471542,0.7220000000000001,0.686,PROCAR,nurion
POSCAR_Mo2Te2_1_z975,203,20,ok,4,0.9350416500162366,0.36934215097141476,0.9482962216458312,0.5936961507709791,0.1919976479297494,0.7180000000000001,0.6910000000000001,PROCAR,nurion
POSCAR_N2V2_1,569,17,ok,4,0.9831646384179917,0.7881079286633897,0.8249346023203183,0.8625979024087574,0.6542496146736718,0.765,0.8039999999999999,ToBeDelete_PROCAR,nurion
POSCAR_N2V2_1_st025,569,17,ok,4,0.9980988204555681,0.431788244170958,0.988355713071405,0.8196748990648706,0.3740503570349735,0.821,0.792,PROCAR,nurion
POSCAR_N2V2_1_st050,568,17,ok,4,0.9992568592656224,0.4241924195109576,0.9702202733867016,0.959263786474404,0.4587641136155769,0.8049999999999999,0.769,PROCAR,nurion
POSCAR_N2V2_1_st975,8,18,ok,4,0.999794514238428,0.9976901999008587,0.7587177940448222,0.7382436212284947,0.6200481431096843,0.851,0.8440000000000001,ToBeDelete_PROCAR,nurion
POSCAR_N2V2_1_z025,569,17,ok,4,0.9889934738310141,0.6808696765901071,0.9001235317855005,0.8551663267552269,0.5533458248211871,0.7669999999999999,0.8029999999999999,PROCAR,nurion
POSCAR_N2V2_1_z950,569,17,ok,4,0.9764576155739938,0.9168795463545638,0.6337979224651896,0.8839518406403089,0.8205486279174444,0.7720000000000001,0.813,PROCAR,nurion
POSCAR_N2V2_1_z975,569,17,ok,4,0.9786121634414788,0.8684778652551851,0.7274314748013239,0.8747802938946948,0.7512410743037815,0.765,0.8069999999999999,PROCAR,nurion
POSCAR_N2V2_7,327,17,ok,4,0.9997908996714215,0.2007050221329005,0.9937161539110301,0.9986566726496601,0.08366471133590198,0.8919999999999999,0.897,PROCAR,nurion
POSCAR_N2V2_7_st025,327,17,ok,4,0.999693643095348,0.22429888833939193,0.989507110191298,0.9984742582507433,0.09751948072003425,0.8780000000000001,0.884,PROCAR,nurion
POSCAR_N2V2_7_st050,327,17,ok,4,0.9996309527950714,0.2697206045585273,0.9800007523628532,0.9981657448857765,0.12514377996804282,0.857,0.863,ToBeDelete_PROCAR,nurion
POSCAR_N2V2_7_st975,411,18,ok,4,0.9997129803482835,0.23811430707055842,0.9882001961707271,0.9972318402275874,0.07341816052891997,0.873,0.8800000000000001,PROCAR,nurion
POSCAR_N2V2_7_x025,227,18,ok,4,0.9993554564423449,0.27719255772625273,0.9674348846567039,0.9884305696296585,0.0922598026537748,0.861,0.859,PROCAR,nurion
POSCAR_N2V2_7_x050,227,18,ok,4,0.9989375258049918,0.26402914870897437,0.9665801604418874,0.9856333591473037,0.08944986396173672,0.8620000000000001,0.861,PROCAR,nurion
POSCAR_N2V2_7_x950,267,18,ok,4,0.999325445878679,0.3129738456277427,0.9804661893054541,0.9943171192572872,0.09544837063170523,0.858,0.86,PROCAR,nurion
POSCAR_N2V2_7_x975,267,18,ok,4,0.9994968872192499,0.30170103211543275,0.9748474117208019,0.9941486530914384,0.08712969168380466,0.859,0.861,PROCAR,nurion
POSCAR_N2V2_7_y025,267,18,ok,4,0.9993233745749597,0.2800054500001119,0.9675041694870299,0.9919860224560408,0.07622192284327726,0.862,0.862,PROCAR,nurion
POSCAR_N2V2_7_y050,267,18,ok,4,0.9989608278698592,0.2611265628406362,0.9667424013562499,0.9897964731778733,0.0696599602357904,0.86,0.856,PROCAR,nurion
POSCAR_N2V2_7_y950,227,18,ok,4,0.9993072084333949,0.31098844314117297,0.9802932381487499,0.9919183204301961,0.11848366941606771,0.8570000000000001,0.863,PROCAR,nurion
POSCAR_N2V2_7_y975,227,18,ok,4,0.9995374716349132,0.29993819826131773,0.9748792525684427,0.991916410331953,0.10322773732332492,0.8590000000000001,0.86,PROCAR,nurion
POSCAR_N2V2_7_z025,327,17,ok,4,0.9998655467614213,0.1860283141631348,0.9941338796427234,0.9989349520826288,0.07428138888265157,0.897,0.8999999999999999,PROCAR,nurion
POSCAR_N2V2_7_z050,327,17,ok,4,0.9998525443654351,0.17162042959299986,0.9945934607523323,0.9989781258965506,0.06567127917633982,0.897,0.903,PROCAR,nurion
POSCAR_N2V2_7_z950,267,18,ok,4,0.9992192870237291,0.32389981226031417,0.9726870664168235,0.9923429996392166,0.1158319073542151,0.865,0.8659999999999999,PROCAR,nurion
POSCAR_N2V2_7_z975,267,18,ok,4,0.9993486597882814,0.31011747921056937,0.9711429367297587,0.9930016528056361,0.09812144266129548,0.862,0.864,PROCAR,nurion
POSCAR_N4Nb2_4,216,22,ok,6,0.997974674075806,0.12292437418826312,0.9946382948446181,0.9941136775157514,0.03758080333240515,0.7220000000000001,0.754,PROCAR,nurion
POSCAR_N4Nb2_4_st025,397,22,ok,6,0.995438767924901,0.12629254362817444,0.9975858910006555,0.9899598429829674,0.025818506076621135,0.738,0.7380000000000001,PROCAR,nurion
POSCAR_N4Nb2_4_st050,375,22,ok,6,0.9879937474623087,0.09470383533294759,0.9954967774749048,0.9785987875596038,0.022939792826384295,0.735,0.7470000000000001,ToBeDelete_PROCAR,nurion
POSCAR_N4Nb2_4_st950,216,22,ok,6,0.5765005954541523,0.5026941103139343,0.5415493813960093,0.014243368448456311,0.0008305902726216977,0.708,0.711,ToBeDelete_PROCAR,nurion
POSCAR_N4Nb2_4_st975,219,22,ok,6,0.997636581771514,0.13397885697900924,0.996127826798693,0.9955107656121824,0.03215581581459752,0.7530000000000001,0.7190000000000001,ToBeDelete_PROCAR,nurion
POSCAR_N4Nb2_4_x025,415,22,ok,6,0.9975294973113814,0.09862265322583989,0.9976302090437243,0.9765980957495707,0.011708223447965923,0.745,0.7530000000000001,PROCAR,nurion
POSCAR_N4Nb2_4_x050,415,22,ok,6,0.9999747380605661,0.12768427690076695,0.9928264877786909,0.9627340485007946,0.026997723811648375,0.7420000000000001,0.756,PROCAR,nurion
POSCAR_N4Nb2_4_x950,372,24,ok,6,0.998812370467897,0.34462927229647056,0.9868181999732945,0.9843899402782943,0.29227101271091926,0.669,0.6409999999999999,PROCAR,nurion
POSCAR_N4Nb2_4_x975,216,22,ok,6,0.997823072953768,0.14081197912297616,0.9941557290671089,0.992259361192008,0.05077507739168706,0.72,0.746,PROCAR,nurion
POSCAR_N4Nb2_4_y025,373,22,ok,6,0.997482413151046,0.09858102006884079,0.9976786615476766,0.9927731952573181,0.0164324046470722,0.744,0.755,PROCAR,nurion
POSCAR_N4Nb2_4_y050,373,22,ok,6,0.9997293493540567,0.1272120668461906,0.9935438659067247,0.9779952736057947,0.02812740131103947,0.7400000000000001,0.756,PROCAR,nurion
POSCAR_N4Nb2_4_y950,259,24,ok,6,0.9988987877065516,0.34549569862158847,0.9866453746420203,0.9882793090706846,0.2836496845041538,0.67,0.642,PROCAR,nurion
POSCAR_N4Nb2_4_y975,89,22,ok,6,0.9977087146137394,0.1442486510536668,0.9942184681282178,0.995204115562913,0.04943311827345928,0.7220000000000001,0.7480000000000001,PROCAR,nurion
POSCAR_N4Nb2_4_z025,388,22,ok,6,0.9994419793944137,0.0859225485666288,0.9987472374622883,0.9981336885785915,0.04130856403144604,0.7360000000000001,0.7199999999999999,PROCAR,nurion
POSCAR_N4Nb2_4_z050,203,22,ok,6,0.9990087375245387,0.2016524594369061,0.9994566801143233,0.9929438697751587,0.03352207597026869,0.671,0.6960000000000001,PROCAR,nurion
POSCAR_N4Nb2_4_z950,216,22,ok,6,0.9973778502288371,0.1436310596602697,0.9954518296611555,0.9936389121246542,0.010119343450874028,0.7380000000000001,0.763,PROCAR,nurion
POSCAR_N4Nb2_4_z975,219,22,ok,6,0.9975975396728768,0.11634913119014155,0.9952087260335256,0.9963608922642413,0.012619359398803872,0.77,0.7400000000000001,PROCAR,nurion
POSCAR_Nb2Se2_2,226,19,ok,4,0.9797159456088357,0.1490307126785043,0.9882873270190361,0.9675439799172288,0.18690236343778466,0.785,0.7610000000000001,PROCAR,nurion
POSCAR_Nb2Se2_2_st025,226,19,ok,4,0.9825869764542703,0.12518694574040257,0.9905069583411814,0.9719747641541412,0.15165313189565846,0.7850000000000001,0.764,PROCAR,nurion
POSCAR_Nb2Se2_2_st050,135,19,ok,4,0.9564127019940575,0.16282616029138552,0.9734380829950726,0.8716973438846624,0.19923724117458252,0.733,0.74,ToBeDelete_PROCAR,nurion
POSCAR_Nb2Se2_2_st950,226,19,ok,4,0.9660550880317196,0.22949055499132293,0.9788883724342161,0.9474833962031444,0.28903097779531955,0.788,0.7510000000000001,PROCAR,nurion
POSCAR_Nb2Se2_2_st975,226,19,ok,4,0.9739304404306003,0.1843203866817861,0.9846122543865337,0.9602655751634451,0.23398082675710005,0.784,0.7570000000000001,ToBeDelete_PROCAR,nurion
POSCAR_Nb2Se2_2_x025,183,19,ok,4,0.9794499290284437,0.14511775012926487,0.9883863172019843,0.9608858646205025,0.17374561006932956,0.7850000000000001,0.7669999999999999,PROCAR,nurion
POSCAR_Nb2Se2_2_x050,183,19,ok,4,0.9771187628644538,0.13926444308898653,0.987187250496857,0.9563431084292408,0.16723730005908377,0.7800000000000001,0.7679999999999999,PROCAR,nurion
POSCAR_Nb2Se2_2_x950,160,19,ok,4,0.9757857349924045,0.16245914307685816,0.9862637379289882,0.9563089989402784,0.21194835557837693,0.7899999999999999,0.751,PROCAR,nurion
POSCAR_Nb2Se2_2_x975,160,19,ok,4,0.9780939808547897,0.1558509482430582,0.9874758311889013,0.9618886113471269,0.19790654704159236,0.79,0.76,PROCAR,nurion
POSCAR_Nb2Se2_2_y025,160,19,ok,4,0.9793810296620253,0.14538477331108363,0.9883447112755347,0.9642683006256396,0.18318354822028612,0.7840000000000001,0.766,PROCAR,nurion
POSCAR_Nb2Se2_2_y050,160,19,ok,4,0.9767883076125818,0.1410307883207825,0.9869596413994164,0.9599259040190387,0.17891717932032952,0.7810000000000001,0.768,PROCAR,nurion
POSCAR_Nb2Se2_2_y950,183,19,ok,4,0.976606147530714,0.16436873798528556,0.9865180661872447,0.9524854404663807,0.19437295880051264,0.788,0.754,PROCAR,nurion
POSCAR_Nb2Se2_2_y975,183,19,ok,4,0.9780803882339465,0.1549241409233882,0.9873916756103707,0.9579980997228904,0.18307900502068677,0.788,0.759,PROCAR,nurion
POSCAR_Nb2Se2_2_z025,226,19,ok,4,0.9827259331992532,0.13279369026696852,0.9902737291142533,0.9714521202250568,0.16274636520735414,0.7970000000000002,0.76,PROCAR,nurion
POSCAR_Nb2Se2_2_z050,226,19,ok,4,0.9849650411279344,0.11609761464353888,0.9918570707188652,0.9750455288541644,0.13739215295770724,0.7970000000000002,0.7590000000000001,PROCAR,nurion
POSCAR_Nb2Se2_2_z950,226,19,ok,4,0.9730856094109072,0.1926921015491549,0.9845724119811662,0.9581409707664459,0.24602980765324522,0.7680000000000001,0.7650000000000001,PROCAR,nurion
POSCAR_Nb2Se2_2_z975,226,19,ok,4,0.9750831868912893,0.1700536089640182,0.9858659814636063,0.9624340259533404,0.21672382858307235,0.7780000000000001,0.7600000000000001,PROCAR,nurion
POSCAR_Nb2Te2_4,44,17,ok,4,0.7954723952643593,0.3896229317958577,0.8204317895685683,0.4318203781351381,0.20732237321666014,0.556,0.63,PROCAR,nurion
POSCAR_Nb2Te2_4_st025,105,17,ok,4,0.8326776866435013,0.3796871753744851,0.860519482510019,0.3449903373178799,0.14929924876185782,0.562,0.6100000000000001,PROCAR,nurion
POSCAR_Nb2Te2_4_st050,60,19,ok,4,0.9500516542223787,0.2802190483260904,0.9669734154272803,0.753238545631379,0.2641391918913721,0.65,0.66,ToBeDelete_PROCAR,nurion
POSCAR_Nb2Te2_4_st950,141,19,ok,4,0.9054367259072198,0.35650602411677984,0.9308249324756197,0.854961457735006,0.3369328677309112,0.686,0.6890000000000001,ToBeDelete_PROCAR,nurion
POSCAR_Nb2Te2_4_st975,141,19,ok,4,0.9268231636599678,0.31120084280341337,0.9509178951037138,0.8879903353194329,0.30207969340879215,0.6859999999999999,0.6799999999999999,ToBeDelete_PROCAR,nurion
POSCAR_Nb2Te2_4_x025,44,17,ok,4,0.8855020307822908,0.5681597992274495,0.8962365385165836,0.44338636048181435,0.2909270535193784,0.557,0.5910000000000001,PROCAR,nurion
POSCAR_Nb2Te2_4_x050,44,17,ok,4,0.9944608053325906,0.6383007385452868,0.9660274595209921,0.4744257388685644,0.358119395381309,0.595,0.578,PROCAR,nurion
POSCAR_Nb2Te2_4_x950,130,19,ok,4,0.9370998180426134,0.28297529005531186,0.9602200704338923,0.8889779298370857,0.27914618178242795,0.7010000000000001,0.687,PROCAR,nurion
POSCAR_Nb2Te2_4_x975,105,17,ok,4,0.8216829517795848,0.429022817662677,0.8405443045776363,0.47743856935464757,0.2282504621085279,0.5640000000000001,0.6170000000000001,PROCAR,nurion
POSCAR_Nb2Te2_4_y025,105,17,ok,4,0.8796342655777074,0.559482163154325,0.8895139361294876,0.434973453531126,0.2687504331896038,0.558,0.5930000000000001,PROCAR,nurion
POSCAR_Nb2Te2_4_y050,105,17,ok,4,0.9945793264052422,0.633848354256104,0.9653242191115371,0.4618051249777073,0.33970023993940435,0.5980000000000001,0.579,PROCAR,nurion
POSCAR_Nb2Te2_4_y950,141,19,ok,4,0.9391489924137346,0.28198224562559904,0.9607072563981021,0.8890201737488524,0.28100220343419424,0.697,0.6859999999999999,PROCAR,nurion
POSCAR_Nb2Te2_4_y975,44,17,ok,4,0.8278699392831699,0.4413698142482575,0.8435704959146944,0.4596488099940801,0.23949651686914988,0.5660000000000002,0.618,PROCAR,nurion
POSCAR_Nb2Te2_4_z025,60,19,ok,4,0.9154819575502261,0.17785529673327113,0.9443148356885513,0.8054089899956117,0.1833804634776062,0.6739999999999999,0.723,PROCAR,nurion
POSCAR_Nb2Te2_4_z050,60,19,ok,4,0.928062106261226,0.1613004332692495,0.954758148613777,0.8105994774732049,0.16965419665256237,0.6880000000000001,0.719,PROCAR,nurion
POSCAR_Nb2Te2_4_z950,67,17,ok,4,0.8994986309273628,0.5820921622473968,0.8851221296801849,0.766471102760142,0.5808568503852887,0.55,0.622,PROCAR,nurion
POSCAR_Nb2Te2_4_z975,44,17,ok,4,0.7571141165492415,0.3964176635241871,0.7707552202176492,0.4500730244693865,0.2336744988720724,0.555,0.637,PROCAR,nurion
POSCAR_Ni2O2_5,353,15,ok,4,0.9986539105494339,0.9975945313944042,0.9070297934411058,0.019813978067240837,0.0197361054154673,0.847,0.8340000000000001,PROCAR,nurion
POSCAR_Ni2O2_5_st025,372,15,ok,4,0.9842684059469831,0.9835835980856816,0.9334314929736233,0.9865434285359622,0.9617470843938503,0.837,0.8360000000000001,ToBeDelete_PROCAR,nurion
POSCAR_Ni2O2_5_st050,563,15,ok,4,0.998551976502582,0.9970360282708283,0.9215631412672153,0.14353017787606928,0.14396428670871897,0.804,0.788,ToBeDelete_PROCAR,nurion
POSCAR_Ni2O2_5_st950,357,15,ok,4,0.9498338312604442,0.9109679596091227,0.8489193087505251,0.9175957577717321,0.7950341443262794,0.9100000000000003,0.8970000000000001,PROCAR,nurion
POSCAR_Ni2O2_5_st975,357,15,ok,4,0.9779449822824599,0.9573983801650671,0.8967326365199899,0.9611419454308772,0.8864631178213107,0.8770000000000001,0.8710000000000001,PROCAR,nurion
POSCAR_Ni2O2_5_x025,353,15,ok,4,0.9950277466072412,0.9873045187863486,0.9506267164421373,0.9841109044806029,0.9430408330530325,0.841,0.8350000000000001,PROCAR,nurion
POSCAR_Ni2O2_5_x050,563,15,ok,4,0.9827774926285443,0.9793184141809338,0.9257648806485979,0.9406089961580556,0.9011759109626416,0.8440000000000001,0.8400000000000001,PROCAR,nurion
POSCAR_Ni2O2_5_x950,301,15,ok,4,0.9937347268533628,0.9766205033509675,0.9384212076902657,0.9145935509171271,0.8711421951124899,0.867,0.8620000000000001,PROCAR,nurion
POSCAR_Ni2O2_5_x975,301,15,ok,4,0.9947456253489876,0.9855630913124508,0.9253894584225822,0.8653863321105291,0.8369457900567728,0.8590000000000001,0.8510000000000002,PROCAR,nurion
POSCAR_Ni2O2_5_y025,301,15,ok,4,0.9950685810717849,0.9868516470147148,0.9496917541268974,0.9911047598203336,0.9625632231861861,0.8400000000000002,0.835,PROCAR,nurion
POSCAR_Ni2O2_5_y050,498,15,ok,4,0.9829308288137908,0.9791740905462422,0.9262273965935903,0.930285979440303,0.8866671695603737,0.8410000000000001,0.8420000000000001,PROCAR,nurion
POSCAR_Ni2O2_5_y950,353,15,ok,4,0.9940450101450896,0.9768341431809303,0.9388887244277188,0.8323505897871369,0.754499492272683,0.867,0.8600000000000001,PROCAR,nurion
POSCAR_Ni2O2_5_y975,353,15,ok,4,0.9947536741995032,0.9849560472553046,0.9272085087728165,0.7387296595810574,0.6906590651543912,0.8580000000000001,0.8480000000000002,PROCAR,nurion
POSCAR_Ni2O2_5_z025,568,15,ok,4,0.9716232065813862,0.9662325139086478,0.8818055778135432,0.9578498523276253,0.9109090708418509,0.85,0.8470000000000001,PROCAR,nurion
POSCAR_Ni2O2_5_z050,563,15,ok,4,0.9998089423674377,0.9991774977154679,0.8694290695895882,0.0,0.0,0.8390000000000001,0.8170000000000001,PROCAR,nurion
POSCAR_Ni2O2_5_z950,357,15,ok,4,0.9808839616140173,0.9719188852765833,0.9038081154492199,0.9730821669069363,0.9228286196355239,0.8650000000000001,0.8620000000000001,PROCAR,nurion
POSCAR_Ni2O2_5_z975,357,15,ok,4,0.9866619222369915,0.9775421535488422,0.9174137729364088,0.9781444716035915,0.9345140249521571,0.8560000000000001,0.8540000000000001,PROCAR,nurion
POSCAR_Ni2O4_1,532,22,ok,6,0.9996595512576326,0.9620293351709274,0.990070276724339,0.9313870109020603,0.39788994029126645,0.8450000000000002,0.8300000000000001,ToBeDelete_PROCAR,nurion
POSCAR_Ni2O4_1_st025,406,22,ok,6,0.9999961935831436,0.9739050122462666,0.9824061008165864,0.9637441949563152,0.598354201933134,0.8030000000000002,0.8190000000000001,ToBeDelete_PROCAR,nurion
POSCAR_Ni2O4_1_st050,406,20,ok,6,0.9986831953337522,0.9722436023889637,0.9723666448417103,0.9834396994436212,0.8271714426665602,0.7870000000000001,0.7600000000000001,ToBeDelete_PROCAR,nurion
POSCAR_Ni2O4_1_st950,536,22,ok,6,0.9973889783765484,0.9002606393450074,0.9891739818999938,0.9380439560406402,0.23521371415784637,0.891,0.8840000000000001,PROCAR,nurion
POSCAR_Ni2O4_1_st975,536,22,ok,6,0.9987524223704637,0.9357300466175205,0.9907522276312337,0.9300385895472495,0.295320418983767,0.8680000000000001,0.8580000000000001,ToBeDelete_PROCAR,nurion
POSCAR_Ni2O4_1_x025,532,22,ok,6,0.9998408391569101,0.9675651102467374,0.9906618784731052,0.9776485406741169,0.4822813075081517,0.8330000000000001,0.8150000000000002,PROCAR,nurion
POSCAR_Ni2O4_1_x050,532,22,ok,6,0.9999939301023084,0.9132360439607531,0.928645723963814,0.9935975367259611,0.48604787057245846,0.8290000000000001,0.7960000000000002,PROCAR,nurion
POSCAR_Ni2O4_1_x950,532,22,ok,6,0.9991917978860705,0.9487689551215588,0.9807681721174505,0.9086067354304129,0.33919348499940044,0.863,0.8530000000000001,PROCAR,nurion
POSCAR_Ni2O4_1_x975,532,22,ok,6,0.9994556861706623,0.9555216934618478,0.9861704567233887,0.9107527859750443,0.3600538754088112,0.8540000000000001,0.847,PROCAR,nurion
POSCAR_Ni2O4_1_y025,406,22,ok,6,0.9999707133387075,0.9127364592919144,0.9333420120646182,0.8067966982046031,0.3428427620779924,0.8320000000000001,0.8400000000000002,PROCAR,nurion
POSCAR_Ni2O4_1_y050,406,22,ok,6,0.9994145152150097,0.9589698211191712,0.9796861189535402,0.8410425039282264,0.19016786812713382,0.8310000000000001,0.8350000000000001,PROCAR,nurion
POSCAR_Ni2O4_1_y950,380,22,ok,6,0.9978924636872833,0.7644415709864694,0.8624988805616092,0.8774343205750188,0.0,0.858,0.8600000000000001,PROCAR,nurion
POSCAR_Ni2O4_1_y975,408,22,ok,6,0.9973069559045854,0.7967485985951568,0.862253613979284,0.7663791413743619,0.0,0.841,0.842,PROCAR,nurion
POSCAR_Ni2O4_1_z025,408,22,ok,6,0.9984686417004025,0.7916302983369221,0.8310847231238176,0.7527726222848923,0.0,0.827,0.8260000000000001,PROCAR,nurion
POSCAR_Ni2O4_1_z050,333,19,ok,6,0.9988904550449348,0.8756420673479302,0.8722978746792105,0.9855541481997097,0.7573236718381636,0.8110000000000002,0.825,PROCAR,nurion
POSCAR_Ni2O4_1_z950,406,22,ok,6,0.9992830657305837,0.9342423719341983,0.9850960342680358,0.8656495731934489,0.13953293499357952,0.868,0.866,PROCAR,nurion
POSCAR_Ni2O4_1_z975,406,22,ok,6,0.9998895285506378,0.8995929281162173,0.9384400739935017,0.7941323924715147,0.28968229352008146,0.846,0.8560000000000002,PROCAR,nurion
POSCAR_Ni2O4_2,536,22,ok,6,0.9997559564934082,0.9648491016085956,0.991064638431863,0.9386682958138429,0.4028877441608998,0.8420000000000002,0.8280000000000001,PROCAR,nurion
POSCAR_Ni2O4_2_st025,410,22,ok,6,0.9999983623617991,0.9788919416683672,0.9872361383188378,0.9720875954932139,0.607376740381569,0.8030000000000002,0.8200000000000001,PROCAR,nurion
POSCAR_Ni2O4_2_st050,410,20,ok,6,0.9988551331124749,0.9679146974780605,0.9687371593251938,0.979330925838313,0.8207729958282811,0.7860000000000001,0.7570000000000001,ToBeDelete_PROCAR,nurion
POSCAR_Ni2O4_2_st950,536,22,ok,6,0.9977410094890289,0.9024526565072211,0.9886442225452537,0.9429225613626016,0.23646413340914413,0.89,0.8810000000000001,PROCAR,nurion
POSCAR_Ni2O4_2_st975,536,22,ok,6,0.9987395617096784,0.9367292475689502,0.9899488275918439,0.9359963663425225,0.2948037786217238,0.8620000000000001,0.8550000000000001,PROCAR,nurion
POSCAR_Ni2O4_2_x025,536,22,ok,6,0.9998945354034394,0.9656662318910012,0.9877817871259338,0.9834009347001732,0.48078922591939455,0.8350000000000001,0.8160000000000001,ToBeDelete_PROCAR,nurion
POSCAR_Ni2O4_2_x050,536,22,ok,6,0.9999945991678223,0.9070230857174312,0.9201420726322527,0.993975944095814,0.48394521087136766,0.8250000000000001,0.795,ToBeDelete_PROCAR,nurion
POSCAR_Ni2O4_2_x950,536,22,ok,6,0.9992725314407145,0.9529700844359191,0.9832549574169401,0.9119221733141123,0.3399736878698151,0.8590000000000001,0.8500000000000001,ToBeDelete_PROCAR,nurion
POSCAR_Ni2O4_2_x975,536,22,ok,6,0.9994460546459754,0.9578685983763969,0.9879249265471742,0.9160366280436849,0.3588471059042642,0.852,0.8390000000000002,ToBeDelete_PROCAR,nurion
POSCAR_Ni2O4_2_y025,410,22,ok,6,0.9999956682043226,0.9159034868957393,0.934868874902809,0.8167394969502955,0.3675627946811651,0.829,0.8370000000000002,ToBeDelete_PROCAR,nurion
POSCAR_Ni2O4_2_y050,410,22,ok,6,0.999254647566261,0.9594754980896403,0.9788115631477065,0.8367374474113225,0.19691951570353444,0.8270000000000001,0.8320000000000001,ToBeDelete_PROCAR,nurion
POSCAR_Ni2O4_2_y950,254,22,ok,6,0.9979502049638415,0.7733621181743775,0.8665209532566402,0.878769886692596,0.0,0.8560000000000001,0.8570000000000001,ToBeDelete_PROCAR,nurion
POSCAR_Ni2O4_2_y975,408,22,ok,6,0.9973457055016316,0.8070914605487467,0.8691017614328198,0.7661025203259529,0.0,0.839,0.839,ToBeDelete_PROCAR,nurion
POSCAR_Ni2O4_2_z025,343,19,ok,6,0.9984504011689871,0.7773336787479751,0.7766311982671306,0.9839967112364967,0.6611105672700214,0.8230000000000001,0.828,ToBeDelete_PROCAR,nurion
POSCAR_Ni2O4_2_z050,343,19,ok,6,0.9989239869738443,0.9057082911382155,0.9003093147040891,0.9852342699526903,0.7812759995604497,0.8110000000000002,0.82,ToBeDelete_PROCAR,nurion
POSCAR_Ni2O4_2_z950,410,22,ok,6,0.9992123756682156,0.9371772665772318,0.985466964144436,0.8679508449722119,0.14305852046755768,0.8640000000000001,0.8660000000000001,ToBeDelete_PROCAR,nurion
POSCAR_Ni2O4_2_z975,410,22,ok,6,0.9999037797023551,0.9094280081207786,0.9456155341913731,0.8103938618315117,0.3150816580665573,0.845,0.8540000000000002,ToBeDelete_PROCAR,nurion
POSCAR_Ni2P4_1,405,21,ok,6,0.9999363742617138,0.9999271224739275,0.6371954221117262,0.9998510639150606,0.9998825412388306,0.858,0.8560000000000001,PROCAR,nurion
POSCAR_Ni2P4_1_st025,405,21,ok,6,0.9996843664421978,0.9996646382965431,0.6310856737858673,0.9993407993180832,0.999476971521596,0.86,0.8500000000000001,PROCAR,nurion
POSCAR_Ni2P4_1_x025,405,21,ok,6,0.9999954764322642,0.9999966902269792,0.5868904613634515,0.9999910867553977,0.9999921253990901,0.856,0.854,PROCAR,nurion
POSCAR_Ni2P4_1_y025,404,21,ok,6,0.9999883065191075,0.9999896888280242,0.6206434074144758,0.9999726384850667,0.999980958926365,0.8540000000000001,0.857,PROCAR,nurion
POSCAR_Ni2P4_1_z025,405,21,ok,6,0.9999923791520378,0.9999925714287737,0.6985704650769526,0.9999792750340388,0.9999852453641792,0.855,0.8510000000000001,PROCAR,nurion
POSCAR_Ni2P8_1,62,29,ok,10,0.9981732388588282,0.9333284054065099,0.7547944389964011,0.8554790123063826,0.7941100772094112,0.5730000000000001,0.5810000000000002,ToBeDelete_PROCAR,nurion
POSCAR_Ni2P8_1_st025,62,29,ok,10,0.9989390832044488,0.9167999564568596,0.8448683867552175,0.8550820767333533,0.7912685468461756,0.548,0.5710000000000001,ToBeDelete_PROCAR,nurion
POSCAR_Ni2P8_1_st050,62,29,ok,10,0.9947198170023949,0.8617321208487899,0.8923397926141385,0.842488083393887,0.7506540959565804,0.52,0.554,PROCAR,nurion
POSCAR_Ni2P8_1_st950,17,29,ok,10,0.6629486637511194,0.7098621655772988,0.37290306452397504,0.6400334296277391,0.7693753634781411,0.5920000000000001,0.71,PROCAR,nurion
POSCAR_Ni2P8_1_x025,67,29,ok,10,0.9977312836627273,0.9412000706217858,0.7923706160075137,0.8840734220102763,0.8225387629542763,0.5730000000000002,0.56,PROCAR,nurion
POSCAR_Ni2P8_1_x050,62,29,ok,10,0.9980009892978755,0.9521686791256021,0.8187693546609968,0.9062290696853198,0.8496864144328723,0.547,0.5690000000000002,PROCAR,nurion
POSCAR_Ni2P8_1_x975,62,29,ok,10,0.994500305339684,0.9093706736983108,0.6967980553158833,0.8332257333623716,0.7460674536460868,0.587,0.5800000000000001,PROCAR,nurion
POSCAR_Ni2P8_1_y025,62,29,ok,10,0.9980449364456959,0.9380334291254008,0.8370693248029043,0.8947448811585361,0.8299212902893977,0.5660000000000001,0.5860000000000001,PROCAR,nurion
POSCAR_Ni2P8_1_y050,62,29,ok,10,0.9975471423737241,0.9275529562383802,0.8832624433003631,0.9248395192846822,0.8341092230758893,0.558,0.5830000000000001,PROCAR,nurion
POSCAR_Ni2P8_1_z025,67,29,ok,10,0.9992030164804485,0.8446324875809343,0.6484894631740081,0.747354820188136,0.5563091146311081,0.546,0.5630000000000001,PROCAR,nurion
POSCAR_Ni2P8_1_z050,67,29,ok,10,0.9996469490346387,0.7898050067615352,0.6015063255007858,0.8114874643064244,0.5309435993220765,0.5310000000000001,0.552,PROCAR,nurion
POSCAR_Ni2P8_1_z950,71,29,ok,10,0.9069892785068938,0.8341763932650154,0.6382789147026539,0.783178592028509,0.7514143815739122,0.6160000000000001,0.7390000000000001,PROCAR,nurion
POSCAR_Ni2Pb1_1,332,17,ok,3,0.9999985698301539,0.10139711802827735,0.9999978705571843,0.9999732458213445,0.02088706805428185,0.9359999999999999,0.939,ToBeDelete_PROCAR,nurion
POSCAR_Ni2Pb2_1,413,23,ok,4,0.9999991471896899,0.9999160139642066,0.6270338852589832,0.9998884511559333,0.9996183786731317,0.913,0.913,PROCAR,nurion
POSCAR_Ni2S4_2,241,22,ok,6,0.9982705319689417,0.40707344335675477,0.43908604871609375,0.9671065829178879,0.08016380275346793,0.6130000000000001,0.662,PROCAR,nurion
POSCAR_Ni2S4_2_st025,241,22,ok,6,0.9984431689666274,0.3471615749613777,0.368689938396633,0.966678180115802,0.06615786565120037,0.5930000000000001,0.639,PROCAR,nurion
POSCAR_Ni2S4_2_st050,241,22,ok,6,0.999010144378112,0.3279942705112805,0.3425530811538445,0.9721371064708638,0.06751718199865998,0.576,0.6200000000000001,ToBeDelete_PROCAR,nurion
POSCAR_Ni2S4_2_st950,169,22,ok,6,0.9969916786417101,0.6161563795459893,0.6925270578087434,0.9821204154337363,0.1414690405270693,0.7180000000000001,0.675,PROCAR,nurion
POSCAR_Ni2S4_2_st975,241,22,ok,6,0.9978044656228877,0.5133182840651965,0.5611478513619464,0.9739896510943552,0.11326046445521143,0.641,0.6900000000000002,PROCAR,nurion
POSCAR_Ni2S4_2_x025,241,22,ok,6,0.9985889878265599,0.36530378655264034,0.39172206963758377,0.9641131120811912,0.06818486683346865,0.602,0.654,PROCAR,nurion
POSCAR_Ni2S4_2_x050,241,22,ok,6,0.9983882881690045,0.3387494600255894,0.35963120125036696,0.9666281104166735,0.0591994782668324,0.5970000000000001,0.6480000000000001,PROCAR,nurion
POSCAR_Ni2S4_2_x950,241,22,ok,6,0.9979309583863195,0.5236204181571145,0.5733556182718507,0.9805040761522603,0.11553702632984653,0.641,0.6780000000000002,PROCAR,nurion
POSCAR_Ni2S4_2_x975,241,22,ok,6,0.9982305004023106,0.46837203917417103,0.508185222863903,0.9728784397541191,0.10111928779322708,0.628,0.6730000000000002,PROCAR,nurion
POSCAR_Ni2S4_2_y025,241,22,ok,6,0.9987179789390404,0.4583666162634425,0.48171557739596504,0.9777739996092051,0.04978930016060226,0.62,0.6570000000000001,PROCAR,nurion
POSCAR_Ni2S4_2_y050,241,22,ok,6,0.9995674793844915,0.6946231269704917,0.7075809003747547,0.9895126273668674,0.08146267879772101,0.6350000000000001,0.6590000000000001,PROCAR,nurion
POSCAR_Ni2S4_2_y950,241,22,ok,6,0.9975055228094277,0.4350426341146445,0.4867685009628434,0.990610947287992,0.08533787803172883,0.632,0.6720000000000002,PROCAR,nurion
POSCAR_Ni2S4_2_y975,241,22,ok,6,0.9983284226372116,0.4482877037217418,0.49043808182550547,0.9855365740130225,0.08874878211232262,0.6230000000000001,0.666,PROCAR,nurion
POSCAR_Ni2S4_2_z025,241,22,ok,6,0.9985394746776035,0.42932546806060795,0.4648812927405973,0.9870457929584998,0.08983221539142791,0.6110000000000001,0.6480000000000001,PROCAR,nurion
POSCAR_Ni2S4_2_z050,241,22,ok,6,0.9987505148841632,0.4301623735212294,0.4650322286807991,0.9942578140411692,0.09286259672282357,0.6100000000000001,0.6400000000000001,PROCAR,nurion
POSCAR_Ni2S4_2_z950,241,22,ok,6,0.9985893087135801,0.7538442921527921,0.7841003525467471,0.9804671382754,0.08035998331765251,0.6650000000000001,0.6880000000000002,PROCAR,nurion
POSCAR_Ni2S4_2_z975,241,22,ok,6,0.9981941886861787,0.460586356067987,0.4892549261429872,0.9709693919998098,0.056533851214901974,0.635,0.6720000000000002,PROCAR,nurion
POSCAR_Ni2Sb4_1,238,21,ok,6,0.9998700338293596,0.9998645993562891,0.631126942423691,0.9998291977997962,0.9997986963983349,0.8330000000000002,0.8310000000000001,PROCAR,nurion
POSCAR_Ni2Se2_1,191,15,ok,4,0.9970116641790352,0.932794882239027,0.9949764146949749,0.9772162506282822,0.9348583441874896,0.7210000000000001,0.6940000000000001,PROCAR,nurion
POSCAR_Ni2Se2_1_st025,271,15,ok,4,0.9679535247880198,0.8567375926233581,0.9475351465090052,0.9545859764888253,0.8878042267250186,0.698,0.694,ToBeDelete_PROCAR,nurion
POSCAR_Ni2Se2_1_st050,271,15,ok,4,0.9501348390146117,0.8184152984244221,0.913736707168186,0.9498409961066955,0.8706595792112174,0.686,0.6689999999999999,PROCAR,nurion
POSCAR_Ni2Se2_1_st950,186,16,ok,4,0.9054324895570901,0.8551721377749616,0.7294992645426822,0.9435923135837415,0.8581908725977999,0.7830000000000001,0.7630000000000001,ToBeDelete_PROCAR,nurion
POSCAR_Ni2Se2_1_st975,186,16,ok,4,0.922113488657116,0.8666939013795302,0.7636343580352586,0.9548135959499301,0.8886880815853953,0.7530000000000001,0.7270000000000001,PROCAR,nurion
POSCAR_Ni2Se2_1_x025,224,15,ok,4,0.9819438520070262,0.889093855308988,0.973341850997043,0.9496307725939755,0.8779053317035229,0.7010000000000002,0.709,ToBeDelete_PROCAR,nurion
POSCAR_Ni2Se2_1_x050,191,15,ok,4,0.9941466849566256,0.9648938490066751,0.9867786770638876,0.9897223457576741,0.9654364889876255,0.7150000000000001,0.656,ToBeDelete_PROCAR,nurion
POSCAR_Ni2Se2_1_x950,186,16,ok,4,0.9476080441720398,0.8896793279432095,0.8311524211600959,0.9688433378875742,0.9102329641282146,0.7380000000000001,0.7240000000000001,ToBeDelete_PROCAR,nurion
POSCAR_Ni2Se2_1_x975,186,16,ok,4,0.9387296527019573,0.8781824616081645,0.8093554091522404,0.9675541894364239,0.9116621078212722,0.7310000000000001,0.7080000000000001,ToBeDelete_PROCAR,nurion
POSCAR_Ni2Se2_1_y025,224,15,ok,4,0.9818759456610586,0.8902095387262648,0.9725097733277233,0.9619550175715263,0.9138165334805911,0.7020000000000001,0.714,ToBeDelete_PROCAR,nurion
POSCAR_Ni2Se2_1_y050,271,15,ok,4,0.9944891321054669,0.96436737258746,0.9867135933004886,0.9924982498580974,0.971401019714861,0.655,0.712,ToBeDelete_PROCAR,nurion
POSCAR_Ni2Se2_1_y950,216,16,ok,4,0.9440308467898243,0.8870081088758758,0.8298889986749381,0.95165484620239,0.8615018209198083,0.7230000000000001,0.744,ToBeDelete_PROCAR,nurion
POSCAR_Ni2Se2_1_y975,216,16,ok,4,0.9384290250417966,0.8793430633531156,0.8083413266069241,0.9483536069594647,0.8654221013598228,0.705,0.731,ToBeDelete_PROCAR,nurion
POSCAR_Ni2Se2_1_z025,264,16,ok,4,0.9449925624303513,0.8922461373202335,0.8798375172209086,0.16654788635230272,0.15579924705799844,0.6940000000000001,0.7170000000000001,ToBeDelete_PROCAR,nurion
POSCAR_Ni2Se2_1_z050,191,15,ok,4,0.9997390943061707,0.9654276104849183,0.9983864565390762,0.9911036021034083,0.9679639712424328,0.7010000000000001,0.661,ToBeDelete_PROCAR,nurion
POSCAR_Ni2Se2_1_z950,186,16,ok,4,0.9043016069272707,0.8292129399344546,0.7378220910841896,0.9402382706000145,0.8598782858934488,0.7470000000000001,0.7180000000000001,ToBeDelete_PROCAR,nurion
POSCAR_Ni2Se2_1_z975,191,15,ok,4,0.9923272113843028,0.9166667358884566,0.990089014521238,0.9652085468428371,0.9164945016119125,0.733,0.7120000000000001,ToBeDelete_PROCAR,nurion
POSCAR_Ni2Se2_2,216,15,ok,4,0.9991540786708706,0.9432308472956117,0.9982894624423665,0.9817227002517623,0.9443395432798771,0.723,0.69,ToBeDelete_PROCAR,nurion
POSCAR_Ni2Se2_2_st025,216,15,ok,4,0.972524401390626,0.8664149350353572,0.9550608172765033,0.9590335837023397,0.8951769623523099,0.695,0.6960000000000001,ToBeDelete_PROCAR,nurion
POSCAR_Ni2Se2_2_st050,216,15,ok,4,0.9504711382508421,0.8187710956464622,0.9139835293517471,0.9502939843002925,0.8709160356052275,0.6699999999999999,0.685,PROCAR,nurion
POSCAR_Ni2Se2_2_st950,274,16,ok,4,0.9085609043348738,0.8573559040122,0.7370976322984328,0.9460535141098205,0.860842179332428,0.7630000000000002,0.7860000000000001,PROCAR,nurion
POSCAR_Ni2Se2_2_st975,274,16,ok,4,0.9222498039548565,0.8635785170117072,0.7664131205774626,0.9556888087122916,0.888524395233718,0.7270000000000001,0.7520000000000001,PROCAR,nurion
POSCAR_Ni2Se2_2_x025,224,15,ok,4,0.9792691884502761,0.8816378145985299,0.9687492894422703,0.9483025060153155,0.8743999703390873,0.7020000000000002,0.71,PROCAR,nurion
POSCAR_Ni2Se2_2_x050,191,15,ok,4,0.9953565280219755,0.9640896323957605,0.9884963473816105,0.9906289900947705,0.9648265229696641,0.714,0.659,PROCAR,nurion
POSCAR_Ni2Se2_2_x950,191,16,ok,4,0.9464161145930163,0.8890189139497066,0.8324365599352375,0.9665979504414159,0.9092661447545723,0.7230000000000001,0.7410000000000001,PROCAR,nurion
POSCAR_Ni2Se2_2_x975,191,16,ok,4,0.9395417462618105,0.8791080743512388,0.811815594437006,0.9682137932961256,0.9131765776112444,0.707,0.7310000000000001,PROCAR,nurion
POSCAR_Ni2Se2_2_y025,216,15,ok,4,0.9984676712318331,0.9605385231137962,0.9954096931159245,0.9909225817202382,0.9643930007124123,0.719,0.669,PROCAR,nurion
POSCAR_Ni2Se2_2_y050,216,15,ok,4,0.9913940037897414,0.9640669391736326,0.9812202328879905,0.9920033173408692,0.9725004927776972,0.713,0.653,PROCAR,nurion
POSCAR_Ni2Se2_2_y950,271,16,ok,4,0.9432226918799125,0.8877489429587359,0.8260512411477433,0.9509539808526029,0.8633391423563849,0.742,0.7210000000000001,PROCAR,nurion
POSCAR_Ni2Se2_2_y975,271,16,ok,4,0.9369860131799723,0.8778675462835298,0.8050899278505054,0.9477218578324649,0.8655382049305164,0.733,0.7050000000000001,PROCAR,nurion
POSCAR_Ni2Se2_2_z025,264,16,ok,4,0.9496305435393007,0.8870065934178625,0.8658158520411912,0.5908390483479069,0.5143274822611493,0.6920000000000001,0.7170000000000001,PROCAR,nurion
POSCAR_Ni2Se2_2_z050,224,15,ok,4,0.9999910694787627,0.961651562596209,0.99913693888187,0.9898128107849341,0.9655907398663476,0.662,0.6970000000000001,PROCAR,nurion
POSCAR_Ni2Se2_2_z950,274,16,ok,4,0.9067474221866058,0.8324347409450701,0.7436379192987186,0.9415611540370746,0.8597287440371844,0.7190000000000001,0.7470000000000001,PROCAR,nurion
POSCAR_Ni2Se2_2_z975,216,15,ok,4,0.9961158918741436,0.9275809870845573,0.9946794590537547,0.9718949822255456,0.9261870219896331,0.735,0.707,PROCAR,nurion
POSCAR_Ni2Se3_1,209,20,ok,5,0.999285561002242,0.6177000942724583,0.7221336650062874,0.9378253696842627,0.30161211170364655,0.6950000000000001,0.6900000000000002,PROCAR,nurion
POSCAR_Ni2Se3_1_st025,209,20,ok,5,0.9999931255467919,0.656508456623931,0.7326966660948799,0.9411842919477502,0.316781219943372,0.6680000000000001,0.6600000000000001,PROCAR,nurion
POSCAR_Ni2Se3_1_st050,209,20,ok,5,0.9998436518395801,0.6968708499228441,0.7449080493455998,0.9467724744282238,0.3351522553466945,0.6520000000000001,0.6360000000000001,PROCAR,nurion
POSCAR_Ni2Se3_1_st975,209,20,ok,5,0.9954414676514057,0.5720635331291877,0.7187403832024675,0.9435818030619684,0.28678529951223664,0.7120000000000001,0.7230000000000002,ToBeDelete_PROCAR,nurion
POSCAR_Ni2Se3_1_x025,209,20,ok,5,0.999594058978324,0.6256393765862756,0.7137994327298235,0.9456838905216626,0.3065863251771028,0.6810000000000002,0.6840000000000002,PROCAR,nurion
POSCAR_Ni2Se3_1_x050,199,20,ok,5,0.9967255905831293,0.6579165254616183,0.6891143061448788,0.987121594787097,0.36247166231267197,0.6890000000000001,0.672,PROCAR,nurion
POSCAR_Ni2Se3_1_x975,224,20,ok,5,0.9966393281525965,0.5869437006056348,0.7320621699597839,0.9360236267048399,0.29999410724588155,0.7040000000000001,0.71,PROCAR,nurion
POSCAR_Ni2Se4_1,214,22,ok,6,0.9999516198159459,0.9781968730163823,0.9908816332417297,0.7864902480704605,0.15308091437529708,0.6510000000000001,0.6590000000000001,ToBeDelete_PROCAR,nurion
POSCAR_Ni2Se4_1_st025,80,19,ok,6,0.9965322527140704,0.40551106683175864,0.5711372312184101,0.9451934471195959,0.34801636219218635,0.6440000000000001,0.663,PROCAR,nurion
POSCAR_Ni2Se4_1_st050,158,19,ok,6,0.986988833946602,0.8910885377636039,0.9315408314615344,0.7895362164679883,0.5592938368405448,0.61,0.5950000000000001,PROCAR,nurion
POSCAR_Ni2Se4_1_st950,258,21,ok,6,0.9924390667727535,0.4292485386321536,0.41928942970973104,0.853355531411529,0.30623211218624785,0.6970000000000001,0.7000000000000002,ToBeDelete_PROCAR,nurion
POSCAR_Ni2Se4_1_st975,214,22,ok,6,0.999979146276881,0.9643526955724501,0.9910491053396561,0.7958163899954911,0.16590914537793486,0.6720000000000002,0.6860000000000002,ToBeDelete_PROCAR,nurion
POSCAR_Ni2Se4_1_x025,214,22,ok,6,0.9998699017788537,0.975943257330327,0.9892451386279011,0.781804746398665,0.14387489605499076,0.6460000000000001,0.651,PROCAR,nurion
POSCAR_Ni2Se4_1_x050,150,21,ok,6,0.9972098863676234,0.7236774666693986,0.9867063920550072,0.9231495540092507,0.008668293849744468,0.653,0.647,PROCAR,nurion
POSCAR_Ni2Se4_1_x950,214,22,ok,6,0.9999306171654193,0.9761945420088071,0.9931166710310129,0.7997892136769355,0.19274160625412534,0.6660000000000001,0.6760000000000002,PROCAR,nurion
POSCAR_Ni2Se4_1_x975,214,22,ok,6,0.9999480061457757,0.9782876943711165,0.9929963383083085,0.7858663697737163,0.16610299195953754,0.6560000000000001,0.6650000000000001,PROCAR,nurion
POSCAR_Ni2Se4_1_y025,214,22,ok,6,0.9998379912046964,0.9841494226103555,0.991998216537598,0.8015826879671174,0.13234827554171047,0.6500000000000001,0.6550000000000001,PROCAR,nurion
POSCAR_Ni2Se4_1_y050,214,22,ok,6,0.9998989727500972,0.9885356630095385,0.9914527827382121,0.8291543960937294,0.11895967408802244,0.6420000000000001,0.6500000000000001,PROCAR,nurion
POSCAR_Ni2Se4_1_y950,258,21,ok,6,0.9996167962241354,0.9592715780230955,0.9747025861349791,0.9742082141779881,0.6849388325854654,0.666,0.679,PROCAR,nurion
POSCAR_Ni2Se4_1_y975,258,21,ok,6,0.9954383626489832,0.8304655560024911,0.8108066728607526,0.837315729829575,0.6804672222501537,0.653,0.6610000000000001,PROCAR,nurion
POSCAR_Ni2Se4_1_z025,214,22,ok,6,0.9998807192137404,0.9811819568538773,0.9919105251688713,0.7711866507419644,0.18717709068682792,0.6360000000000001,0.6490000000000001,PROCAR,nurion
POSCAR_Ni2Se4_1_z050,80,19,ok,6,0.9922411299957413,0.7812300410981554,0.8416426019663329,0.8798553373292847,0.6383603865917049,0.6380000000000001,0.6390000000000001,PROCAR,nurion
POSCAR_Ni2Se4_1_z950,214,22,ok,6,0.9994982351978868,0.9687064140758256,0.9865422488741039,0.8367904942131261,0.1286536375006589,0.68,0.6850000000000002,PROCAR,nurion
POSCAR_Ni2Se4_1_z975,214,22,ok,6,0.9997130066404916,0.9743655885784508,0.9894803105428338,0.8107172313009463,0.1361755132521076,0.6640000000000001,0.6700000000000002,PROCAR,nurion
POSCAR_Ni2Te2_1,274,16,ok,4,0.97184282454795,0.17263785029018422,0.9784933078972244,0.8807087747351731,0.12090543973702399,0.8920000000000001,0.8200000000000001,PROCAR,nurion
POSCAR_Ni2Te2_1_st025,224,16,ok,4,0.9625178726311585,0.42895276237418617,0.9464903371753196,0.9491571134787685,0.4222178330960219,0.776,0.7580000000000001,PROCAR,nurion
POSCAR_Ni2Te2_1_st050,274,16,ok,4,0.8495610129450651,0.5883747582707326,0.7430217192496601,0.864754720543097,0.6036452366426464,0.672,0.7410000000000001,PROCAR,nurion
POSCAR_Ni2Te2_1_x950,191,16,ok,4,0.9997661429132305,0.9976919521942005,0.2887764762667416,0.9980201276832446,0.9905062989204388,0.881,0.8709999999999999,PROCAR,nurion
POSCAR_Ni2Te2_1_x975,327,15,ok,4,0.9999373952412444,0.9999472414367856,0.3338408901188158,0.9995648744567314,0.9993424623238619,0.8760000000000001,0.871,PROCAR,nurion
POSCAR_Ni2Te2_1_y025,216,16,ok,4,0.9751218369339965,0.14743499810807278,0.9827544133757301,0.9224947463372941,0.09745366511874697,0.876,0.803,PROCAR,nurion
POSCAR_Ni2Te2_1_y975,186,16,ok,4,0.9999952067777496,0.9999880747577552,0.2680105905247177,0.9999630749299242,0.9999356747054294,0.885,0.884,PROCAR,nurion
POSCAR_Ni2Te2_1_z025,274,16,ok,4,0.9946171795747486,0.27468071912065956,0.9950304120484744,0.9539537273083556,0.2351400788438078,0.8350000000000001,0.799,PROCAR,nurion
POSCAR_Ni2Te2_1_z050,224,16,ok,4,0.9633249708726549,0.48285224737968724,0.9440621940464862,0.9588926757924306,0.4655892418444752,0.783,0.7710000000000001,PROCAR,nurion
POSCAR_O2Rh2_7,428,21,ok,4,0.9999999811063986,0.9998102196777816,0.9999973819049586,0.9999918854358022,0.7322874171155369,0.8819999999999999,0.8799999999999999,ToBeDelete_PROCAR,nurion
POSCAR_O2Rh2_7_x025,106,18,ok,4,0.9999991523481766,0.06523323595604533,0.9999979016049425,0.9999278650207766,0.04643232694658523,0.885,0.886,PROCAR,nurion
POSCAR_O2Rh2_7_x050,598,20,ok,4,0.999999826117382,0.9593837280044082,0.9999895002883165,0.9999187781535299,0.8370870246877202,0.879,0.877,PROCAR,nurion
POSCAR_O2Rh2_7_x975,265,19,ok,4,0.9999999999999999,0.9053683437118518,0.9999847942711187,0.9999463051986203,0.8664667914549082,0.888,0.888,PROCAR,nurion
POSCAR_O2Rh2_7_y025,599,19,ok,4,0.9999982249821878,0.9435064651358828,0.9999714457972635,0.9999681963213365,0.744735425289297,0.8980000000000001,0.8980000000000001,PROCAR,nurion
POSCAR_O2Rh2_7_y050,1,19,ok,4,0.9999920909296682,0.9962679255690181,0.9999735901610546,0.9999740822368272,0.8186932214370736,0.861,0.861,PROCAR,nurion
POSCAR_O2Rh2_7_z025,7,18,ok,4,0.9999957720925997,0.05437575365564756,0.9999976386038318,0.9999532512033444,0.06521908393938004,0.851,0.849,PROCAR,nurion
POSCAR_O2Rh2_7_z050,1,21,ok,4,0.9999977301256302,0.8905361917669706,0.9999916026977013,0.9989519237382424,0.4469111583549712,0.882,0.879,PROCAR,nurion
POSCAR_O2Rh2_7_z950,599,19,ok,4,0.9999942853395235,0.9698118744511782,0.9999602584050133,0.9999199701013964,0.6299960469462491,0.9179999999999998,0.9179999999999998,PROCAR,nurion
POSCAR_O2Rh2_7_z975,265,18,ok,4,0.999930672505813,0.9636835140019959,0.9998777123182924,0.9986414633427078,0.9432292939406662,0.875,0.873,PROCAR,nurion
POSCAR_O2Sc2_2,164,17,ok,4,0.9995917085035504,0.47318111928759116,0.9932855843065834,0.991422495739433,0.27861000705730193,0.554,0.56,PROCAR,local_backup
POSCAR_O2Sc2_2_st025,164,17,ok,4,0.999557454221591,0.4334715202038569,0.9949470275137411,0.9926528079778201,0.26083628784079843,0.551,0.5539999999999999,PROCAR,tgm
POSCAR_O2Sc2_2_st050,164,17,ok,4,0.9998612063447535,0.395807064430961,0.9962860986434772,0.9941592731062491,0.24484195172985249,0.547,0.556,PROCAR,tgm
POSCAR_O2Sc2_2_st950,164,17,ok,4,0.9993493117210587,0.5515776705384782,0.9903880804372229,0.988484582809823,0.30009626842127357,0.5790000000000001,0.5840000000000001,PROCAR,tgm
POSCAR_O2Sc2_2_st975,164,17,ok,4,0.9993888828856069,0.5108116972360445,0.991669584527427,0.9895197713201003,0.2885940818063894,0.5650000000000001,0.5680000000000001,PROCAR,tgm
POSCAR_O2Sc2_2_x025,135,17,ok,4,0.9994899168563792,0.46121599590978835,0.9933780769220679,0.9925575471479768,0.24444440199929604,0.556,0.561,PROCAR,nurion
POSCAR_O2Sc2_2_x050,135,17,ok,4,0.9994231804341108,0.45076749854974246,0.9940140802426991,0.9916695672161989,0.2130158449054597,0.554,0.5559999999999999,PROCAR,nurion
POSCAR_O2Sc2_2_x950,359,17,ok,4,0.9993150437894114,0.3296518414528002,0.9973003516545355,0.9885313888920773,0.22873239652547003,0.5660000000000001,0.566,PROCAR,nurion
POSCAR_O2Sc2_2_x975,226,17,ok,4,0.9993878114194465,0.317302872543109,0.9956932559446277,0.9900009681692903,0.19450377942976138,0.555,0.5590000000000002,PROCAR,nurion
POSCAR_O2Sc2_2_y025,82,17,ok,4,0.9995230308068426,0.4609277035074648,0.9933248471040543,0.9905263484103866,0.2360681973667112,0.5570000000000002,0.56,PROCAR,nurion
POSCAR_O2Sc2_2_y050,82,17,ok,4,0.9994433275557988,0.4580403846194005,0.9940379069639615,0.9896629041135412,0.21054011134596892,0.557,0.558,PROCAR,nurion
POSCAR_O2Sc2_2_y950,268,17,ok,4,0.9991279273329163,0.3350644388914475,0.9972476177344424,0.9902933694952588,0.2244436471399503,0.5680000000000001,0.567,PROCAR,nurion
POSCAR_O2Sc2_2_y975,279,17,ok,4,0.9993824193033827,0.3201323773726824,0.9955563444728874,0.9919731848596165,0.19627468070031454,0.558,0.558,PROCAR,nurion
POSCAR_O2Sc2_2_z025,308,17,ok,4,0.9995135572763055,0.30036092996726405,0.9963053722991619,0.9911783486739106,0.20270726728508393,0.5500000000000002,0.5520000000000002,PROCAR,nurion
POSCAR_O2Sc2_2_z050,308,17,ok,4,0.9996167686092651,0.2775249272544168,0.9967633829986517,0.9927960308149997,0.20120717397253973,0.5430000000000001,0.5510000000000002,PROCAR,nurion
POSCAR_O2Sc2_2_z950,164,17,ok,4,0.9995304586506601,0.5785371995017978,0.9910189813202374,0.9889884377579258,0.250590548231984,0.5660000000000001,0.5670000000000001,PROCAR,nurion
POSCAR_O2Sc2_2_z975,164,17,ok,4,0.9996040055052121,0.5228725541547794,0.9921588851222396,0.9904643567954794,0.26631140091324806,0.5600000000000002,0.5630000000000001,PROCAR,nurion
POSCAR_O2Ti2_7,394,18,ok,4,0.9989292943563786,0.9014337466328153,0.9706003249242566,0.9078938547826043,0.4102749180260688,0.812,0.779,PROCAR,local_backup
POSCAR_O2Ti2_7_st050,610,18,ok,4,0.9993233193572838,0.8816625422551511,0.7838374271694785,0.9101086737368094,0.5920282495962057,0.748,0.773,PROCAR,tgm
POSCAR_O2Ti2_7_x050,539,18,ok,4,0.9974856785288769,0.9739967139214167,0.9596386749260158,0.9511984291481619,0.7861960461015485,0.812,0.748,PROCAR,nurion
POSCAR_O2Ti2_7_x950,652,18,ok,4,0.9999989683856403,0.9988905534095195,0.3463336307929849,0.9954508768071068,0.9923578949619382,0.804,0.804,PROCAR,nurion
POSCAR_O2Ti2_7_y950,604,18,ok,4,0.9999895024520612,0.9985344951809654,0.3502357256694187,0.9923520908368427,0.9888370598941454,0.8050000000000002,0.804,PROCAR,nurion
POSCAR_O2Ti2_7_z050,286,18,ok,4,0.9999984370622416,0.9996872481524851,0.4027924803723417,0.99924325875095,0.998683216954751,0.7869999999999999,0.7880000000000001,PROCAR,nurion
POSCAR_O2Ti2_7_z950,462,18,ok,4,0.9995320497921207,0.8354708214214487,0.9442458247404409,0.830670265459813,0.31884672067306813,0.8029999999999999,0.777,PROCAR,nurion
POSCAR_O2V2_3,304,19,ok,4,0.9825826399500353,0.05246672423563419,0.9905125344168488,0.2800826587386118,0.010694102470429517,0.904,0.928,ToBeDelete_PROCAR,nurion
POSCAR_O2V2_3_st025,388,19,ok,4,0.9868742025380923,0.051106412474568895,0.9929216309784635,0.6827339274052379,0.03610198515567662,0.913,0.902,PROCAR,nurion
POSCAR_O2V2_3_st050,376,19,ok,4,0.9948780726813011,0.04295006484748861,0.9973898484835809,0.9729072197435318,0.054820458939714586,0.9020000000000001,0.915,PROCAR,nurion
POSCAR_O2V2_3_st950,294,18,ok,4,0.9972533788070261,0.06229764405872217,0.9972184475995757,0.0011694598171781993,0.00011322270050307648,0.898,0.9389999999999998,ToBeDelete_PROCAR,nurion
POSCAR_O2V2_3_st975,319,18,ok,4,0.9994378973453188,0.06205884737206973,0.9995975068533752,0.9216029296237152,0.05367341262000742,0.901,0.918,PROCAR,nurion
POSCAR_O2V2_3_x025,294,19,ok,4,0.994688879877258,0.07352550899719076,0.9970368585291224,0.9831664892749664,0.09533365652003373,0.893,0.904,PROCAR,nurion
POSCAR_O2V2_3_x050,294,19,ok,4,0.9943102116421502,0.07211953460450225,0.9968302796704487,0.9835324232028176,0.09278180079661733,0.889,0.9019999999999999,PROCAR,nurion
POSCAR_O2V2_3_x950,317,18,ok,4,0.999453656897949,0.053415343417028194,0.9996410548718158,0.9701985704311465,0.029325161738786156,0.916,0.891,PROCAR,nurion
POSCAR_O2V2_3_x975,265,19,ok,4,0.9827754056356661,0.055354604609635906,0.9907708725025158,0.32665654155615415,0.011883184129979674,0.925,0.904,PROCAR,nurion
POSCAR_O2V2_3_y025,265,19,ok,4,0.9941889376345183,0.07215072300388109,0.9967737791839766,0.9488057966247574,0.0883456334391818,0.893,0.9039999999999999,PROCAR,nurion
POSCAR_O2V2_3_y050,265,19,ok,4,0.9942128482809476,0.07071245960635404,0.9967918330559062,0.9752309098215081,0.09474093166897345,0.89,0.8999999999999999,PROCAR,nurion
POSCAR_O2V2_3_y950,389,18,ok,4,0.9994107071035495,0.057291392281030896,0.9996299837182983,0.9346626617769462,0.03741149893593445,0.893,0.918,PROCAR,nurion
POSCAR_O2V2_3_y975,389,18,ok,4,0.9995848745194941,0.05178785527276083,0.9997078485011063,0.9433005626365799,0.034323264853044884,0.8990000000000001,0.915,PROCAR,nurion
POSCAR_O2V2_3_z025,96,18,ok,4,0.9963662294697969,0.06859973285061681,0.9980991955224415,0.9865919106984921,0.09267359286143512,0.8839999999999999,0.898,PROCAR,nurion
POSCAR_O2V2_3_z050,219,18,ok,4,0.9966643992572416,0.060178245754370155,0.9982738333191393,0.9879391112608489,0.08017347172888041,0.8809999999999999,0.893,PROCAR,nurion
POSCAR_O2V2_3_z950,388,19,ok,4,0.995122252285293,0.1055896834607763,0.9972784134373361,0.9835300712503016,0.14384457756938773,0.9,0.91,PROCAR,nurion
POSCAR_O2V2_3_z975,388,19,ok,4,0.9879629851242563,0.07291907914623992,0.9934247447043064,0.7612679914517866,0.060019852662269564,0.913,0.909,PROCAR,nurion
POSCAR_O2Y2_1,260,17,ok,4,0.9999325225635518,0.5872151434200711,0.9946791293180436,0.9991259551622345,0.49621108811891534,0.517,0.521,PROCAR,nurion
POSCAR_O2Y2_4,370,17,ok,4,0.999973997044709,0.999966078147713,0.24998010353025177,0.9999263636349658,0.9999557137779669,0.55,0.547,ToBeDelete_PROCAR,nurion
POSCAR_O4Rh2_1,209,26,ok,6,0.9990297207566866,0.6977165027383344,0.8147786010644077,0.7841358145229659,0.27069775472441543,0.839,0.8400000000000001,PROCAR,nurion
POSCAR_O4Rh2_1_x025,209,26,ok,6,0.9993684143224275,0.6596540677279454,0.7638525087871916,0.8192517302328748,0.1977948932225305,0.836,0.8330000000000001,PROCAR,nurion
POSCAR_O4Rh2_1_x050,340,27,ok,6,0.998985811928869,0.23704536778675314,0.5004726548078077,0.9666482178549767,0.0034711205887713466,0.833,0.864,PROCAR,nurion
POSCAR_O4Rh2_1_x950,274,26,ok,6,0.9443449740779768,0.9070166185049814,0.5168385114615419,0.9289076018269512,0.8719202757628773,0.866,0.83,PROCAR,nurion
POSCAR_O4Rh2_1_x975,274,26,ok,6,0.9998619609987851,0.7079453098055799,0.9256114572362765,0.7363571805085242,0.42505981537759524,0.8470000000000001,0.8340000000000001,PROCAR,nurion
POSCAR_O4Rh2_1_y025,209,26,ok,6,0.9993134683951092,0.6985840386076072,0.7736656176504483,0.7921418378379992,0.2551654433703722,0.8320000000000001,0.8380000000000001,PROCAR,nurion
POSCAR_O4Rh2_1_y050,209,26,ok,6,0.9998295451681181,0.693943784065852,0.7255852494340157,0.8135022357280142,0.23205070747178239,0.8290000000000002,0.8350000000000001,PROCAR,nurion
POSCAR_O4Rh2_1_y950,211,27,ok,6,0.9986815095802103,0.36090461913917293,0.6304237599474116,0.974116154552269,0.06790766447067101,0.8550000000000001,0.884,PROCAR,nurion
POSCAR_O4Rh2_1_y975,209,26,ok,6,0.9991993315237355,0.7045733078330905,0.8517926304057065,0.7836985530872063,0.29299241465277887,0.843,0.8430000000000001,PROCAR,nurion
POSCAR_O4Rh2_1_z025,209,26,ok,6,0.9994719093559018,0.707152510248095,0.7751314313387814,0.8068494539921569,0.26890777189276494,0.8330000000000002,0.8340000000000001,PROCAR,nurion
POSCAR_O4Rh2_1_z050,209,26,ok,6,0.9999918383314224,0.721795319800223,0.7444129916839072,0.8462298120359075,0.2706901564413425,0.8280000000000002,0.8350000000000001,PROCAR,nurion
POSCAR_O4Rh2_1_z950,211,27,ok,6,0.9994940087301359,0.3066969900245456,0.6289147604440053,0.9733011043326004,0.032435661668327724,0.8530000000000002,0.885,PROCAR,nurion
POSCAR_O4Rh2_1_z975,209,26,ok,6,0.9992010743397655,0.6934546401539489,0.8503772845607191,0.7732317781874346,0.27603837336152953,0.843,0.8430000000000001,PROCAR,nurion
POSCAR_O4Ru2_1,204,25,ok,6,0.996014433235772,0.9110468234816033,0.6297086776521023,0.9267036386095063,0.8217326018469083,0.904,0.905,PROCAR,local_backup
POSCAR_O4Ru2_1_st025,268,23,ok,6,0.5327726315440346,0.38478879622784634,0.4468929103972192,0.0,0.0,0.888,0.844,PROCAR,tgm
POSCAR_O4Ru2_1_st050,268,23,ok,6,0.9902498192055332,0.2059469907576147,0.2773363143339073,0.0,0.0,0.689,0.8220000000000001,PROCAR,tgm
POSCAR_O4Ru2_1_st950,278,25,ok,6,0.992332776522893,0.15278561820358846,0.8992483749101162,0.7154379369212264,0.15456164107476825,0.933,0.882,PROCAR,tgm
POSCAR_O4Ru2_1_st975,278,25,ok,6,0.9992093142589702,0.12291166177590815,0.8436081328735422,0.5801183752595592,0.11077391244983574,0.918,0.846,PROCAR,tgm
POSCAR_O4Ru2_1_x025,203,23,ok,6,0.5219524226434223,0.47019133588613665,0.4589642421201104,0.0,0.0,0.8580000000000001,0.9109999999999999,PROCAR,nurion
POSCAR_O4Ru2_1_x050,203,23,ok,6,0.5687996257450696,0.4603226108593046,0.45875290571392546,0.0,0.0,0.8519999999999999,0.8979999999999999,PROCAR,nurion
POSCAR_O4Ru2_1_x950,278,25,ok,6,0.9335692792195686,0.4393687541682914,0.7537917368762688,0.5990761914895717,0.23647528874834237,0.9109999999999999,0.8000000000000002,PROCAR,nurion
POSCAR_O4Ru2_1_x975,204,25,ok,6,0.9965321830675337,0.9360852185232655,0.5911712352088263,0.9298858853707759,0.855085451671323,0.9099999999999999,0.906,PROCAR,nurion
POSCAR_O4Ru2_1_y025,203,23,ok,6,0.4731721518604837,0.45056882998557246,0.44525797377108406,0.0,0.0,0.8570000000000001,0.9209999999999999,PROCAR,nurion
POSCAR_O4Ru2_1_y050,203,23,ok,6,0.44203745752775825,0.4109961769304222,0.4302685207542205,0.0,0.0,0.8519999999999999,0.9169999999999999,PROCAR,nurion
POSCAR_O4Ru2_1_y950,381,26,ok,6,0.7634347809028021,0.7867597554277259,0.15317534600732186,0.4654540882207601,0.4186847225603092,0.8340000000000001,0.932,PROCAR,nurion
POSCAR_O4Ru2_1_y975,215,25,ok,6,0.8682298595408109,0.7870995659989135,0.87201292226583,0.6689535997245678,0.4765924296504707,0.841,0.908,PROCAR,nurion
POSCAR_O4Ru2_1_z025,203,23,ok,6,0.4731721518604837,0.45056882998557246,0.44525797377108406,0.0,0.0,0.8570000000000001,0.9209999999999999,PROCAR,nurion
POSCAR_O4Ru2_1_z050,203,23,ok,6,0.4408443940785587,0.41035036823769766,0.4305299567114933,0.0,0.0,0.8519999999999999,0.9169999999999999,PROCAR,nurion
POSCAR_O4Ru2_1_z950,381,26,ok,6,0.7629235130556056,0.7866934816695053,0.15346115500244945,0.48968585502822926,0.45400313283610316,0.8350000000000002,0.932,PROCAR,nurion
POSCAR_O4Ru2_1_z975,215,25,ok,6,0.8675709402527806,0.7840447386666213,0.8719615680232174,0.683138505472148,0.506546061265749,0.8400000000000001,0.908,PROCAR,nurion
POSCAR_O4Ru2_2,429,23,ok,6,0.9994952917450126,0.9782709231431137,0.9791633891059558,0.9992609949241642,0.959640688217911,0.863,0.862,PROCAR,local_backup
POSCAR_O4Ru2_2_st025,429,23,ok,6,0.9991373305759848,0.9529006122949997,0.9770433526011001,0.9989927014188502,0.9385187556449912,0.85,0.847,PROCAR,tgm
POSCAR_O4Ru2_2_st050,430,23,ok,6,0.9411943095236529,0.860028863092778,0.9080812877136378,0.9543162291883056,0.8142327085502418,0.805,0.831,PROCAR,tgm
POSCAR_O4Ru2_2_st950,192,26,ok,6,0.9983714498896903,0.4798759103901585,0.9728847842150219,0.9607565839624661,0.31731074789574726,0.885,0.883,PROCAR,tgm
POSCAR_O4Ru2_2_x025,430,23,ok,6,0.9992711646053757,0.9591860086303106,0.9772217659073434,0.9989802337759753,0.9341290220992702,0.867,0.8610000000000001,PROCAR,nurion
POSCAR_O4Ru2_2_x050,64,26,ok,6,0.9979776876501361,0.45163298743909763,0.8956258412637681,0.9783347781661837,0.4646697371118746,0.858,0.8610000000000001,PROCAR,nurion
POSCAR_O4Ru2_2_x950,193,26,ok,6,0.9986664805003472,0.42295082142441975,0.9810470036465357,0.9230211673707382,0.21861798325342155,0.8760000000000001,0.877,PROCAR,nurion
POSCAR_O4Ru2_2_x975,193,26,ok,6,0.9970250639867113,0.4565628663357516,0.978208883695401,0.873975615237713,0.2599790899897797,0.8740000000000001,0.873,PROCAR,nurion
POSCAR_O4Ru2_2_y025,86,23,ok,6,0.9358506468719818,0.7017681627770513,0.8304487118056864,0.7298394905943392,0.3811014554345769,0.8490000000000001,0.8230000000000001,PROCAR,nurion
POSCAR_O4Ru2_2_y050,86,23,ok,6,0.9540408394882333,0.7444651049460023,0.7416248370356495,0.7889882216597591,0.43058431419096704,0.837,0.8170000000000002,PROCAR,nurion
POSCAR_O4Ru2_2_y975,430,23,ok,6,0.9996170569952597,0.9560832620184929,0.9444406322867214,0.9390366648966474,0.8338411920600206,0.8700000000000001,0.8680000000000001,PROCAR,nurion
POSCAR_O4Ru2_2_z025,437,23,ok,6,0.9999299118239783,0.9074799598999891,0.9726762859461567,0.9958655602577989,0.9044713964858087,0.874,0.881,PROCAR,nurion
POSCAR_O4Ru2_2_z050,437,23,ok,6,0.99989165866379,0.7866504161706818,0.9570398343979719,0.99243398812662,0.7829515368195424,0.8710000000000001,0.8740000000000001,PROCAR,nurion
POSCAR_O4Ru2_2_z975,63,26,ok,6,0.9885583502346593,0.4969424052631827,0.9615438731280723,0.9358639597676714,0.40521736634681194,0.873,0.871,PROCAR,nurion
POSCAR_O4V2_1,401,24,ok,6,0.9856670112375899,0.11199263403669328,0.9738951190777376,0.9458920219582216,0.1409122591723528,0.9140000000000001,0.925,PROCAR,nurion
POSCAR_O4V2_1_st025,301,24,ok,6,0.9765692224282366,0.4865015437553016,0.7917428621178858,0.9083788000119832,0.43935837250083104,0.8580000000000001,0.8190000000000001,PROCAR,nurion
POSCAR_O4V2_1_st050,403,24,ok,6,0.987937392410545,0.44042782772076067,0.7331676837268701,0.9297965842830973,0.3745920472485197,0.8380000000000001,0.8010000000000002,ToBeDelete_PROCAR,nurion
POSCAR_O4V2_1_st950,301,25,ok,6,0.9837979054377345,0.1721184089663646,0.9247390506518803,0.9138221660024743,0.14948178656186972,0.9339999999999999,0.9339999999999999,PROCAR,nurion
POSCAR_O4V2_1_st975,300,25,ok,6,0.9598856296267715,0.1461644263073761,0.9123989636586534,0.9233342893017129,0.11788292659090649,0.919,0.929,ToBeDelete_PROCAR,nurion
POSCAR_O4V2_1_x025,289,23,ok,6,0.9937594626512627,0.08428301371703358,0.9733666215668847,0.9655022619739697,0.10853737766019975,0.9140000000000001,0.91,PROCAR,nurion
POSCAR_O4V2_1_x050,289,23,ok,6,0.9984599277746293,0.06638956729714428,0.9607117261206728,0.9736573054653777,0.08538045838138043,0.909,0.879,PROCAR,nurion
POSCAR_O4V2_1_x950,300,25,ok,6,0.9466436858633764,0.15596446069315073,0.892102861918869,0.9169371363108537,0.12059527160097494,0.9109999999999999,0.9220000000000002,PROCAR,nurion
POSCAR_O4V2_1_x975,292,25,ok,6,0.7331124594784554,0.42065944674028394,0.46775429046058103,0.5284451263081472,0.2940434270901812,0.9019999999999999,0.7650000000000001,PROCAR,nurion
POSCAR_O4V2_1_y025,401,24,ok,6,0.9861341133077542,0.1163564203047571,0.9720256950800765,0.9385391128458671,0.13988331021293113,0.905,0.9160000000000001,PROCAR,nurion
POSCAR_O4V2_1_y050,401,24,ok,6,0.9568181481733904,0.21394843940924357,0.9455440799334619,0.8827507230801934,0.194471013455796,0.8940000000000001,0.844,PROCAR,nurion
POSCAR_O4V2_1_y950,403,25,ok,6,0.9856541589833843,0.16923452861780403,0.9168308117408532,0.9472786432589079,0.15017611988965876,0.9150000000000001,0.92,PROCAR,nurion
POSCAR_O4V2_1_y975,403,25,ok,6,0.9820127494681614,0.16864326966160523,0.9031553239715518,0.93631007773533,0.14774408718106125,0.907,0.916,PROCAR,nurion
POSCAR_O4V2_1_z025,401,24,ok,6,0.9859954935225358,0.11794349782136092,0.9721004834731122,0.9481718398144913,0.1501563346606081,0.908,0.916,PROCAR,nurion
POSCAR_O4V2_1_z050,401,24,ok,6,0.9561589388140249,0.21186393199884515,0.9463720867292507,0.8438881001611139,0.23120625882016307,0.8960000000000001,0.8450000000000001,PROCAR,nurion
POSCAR_O4V2_1_z950,403,25,ok,6,0.9849779099114759,0.16655776079150714,0.9157341044649894,0.9343425339285751,0.15511648035338207,0.9159999999999999,0.9179999999999999,PROCAR,nurion
POSCAR_O4V2_1_z975,403,25,ok,6,0.9813809313633554,0.1710968112401375,0.9027808621153551,0.9271684100582953,0.1521712066527214,0.9059999999999999,0.9140000000000001,PROCAR,nurion
POSCAR_O4V2_3,48,24,ok,6,0.9997434038174777,0.9987998821700111,0.9978115314177819,0.9990608648466828,0.9974287236723907,0.7280000000000001,0.7300000000000001,PROCAR,nurion
POSCAR_O4V2_3_st025,214,24,ok,6,0.9998754927851167,0.9904650262935828,0.9885629461104072,0.9867194257710785,0.979697034796277,0.7230000000000001,0.715,ToBeDelete_PROCAR,nurion
POSCAR_O4V2_3_st050,214,24,ok,6,0.9999000529860932,0.9923691778474346,0.9904011458963027,0.9807983895629174,0.9755059319291876,0.7190000000000001,0.7110000000000001,PROCAR,nurion
POSCAR_O4V2_3_st950,10,25,ok,6,0.9999403148194973,0.6304407592612421,0.9989431683327438,0.725035003580958,0.4383719658901379,0.8939999999999999,0.8949999999999999,PROCAR,nurion
POSCAR_O4V2_3_st975,55,25,ok,6,0.9995647457027064,0.354667114119447,0.9991412341644581,0.6897120022571807,0.21586179428420843,0.896,0.8899999999999999,PROCAR,nurion
POSCAR_O4V2_3_x025,34,25,ok,6,0.998825312402052,0.3967954918163588,0.9972887878954944,0.7003403387210163,0.19656143575669532,0.883,0.8819999999999999,ToBeDelete_PROCAR,nurion
POSCAR_O4V2_3_x050,34,25,ok,6,0.9945951920904335,0.39604304173206467,0.995095216883718,0.6621965879853566,0.19173612199571094,0.8820000000000001,0.8739999999999999,ToBeDelete_PROCAR,nurion
POSCAR_O4V2_3_x950,34,25,ok,6,0.9976067735457697,0.377354521568164,0.9967883383080249,0.7356699502965377,0.2107021336913488,0.8860000000000001,0.893,ToBeDelete_PROCAR,nurion
POSCAR_O4V2_3_x975,200,25,ok,6,0.9989523437254805,0.3739510168772488,0.9979108318765046,0.5467487541060826,0.17960274794744607,0.8899999999999999,0.885,ToBeDelete_PROCAR,nurion
POSCAR_O4V2_3_y025,34,25,ok,6,0.9991427598068269,0.39869234546987514,0.9973871122304494,0.7469749426612083,0.21615442045621946,0.88,0.8840000000000001,ToBeDelete_PROCAR,nurion
POSCAR_O4V2_3_y050,34,25,ok,6,0.9956912414700048,0.3985643888291677,0.9954908220217534,0.7586715730742969,0.2285093080404211,0.8740000000000001,0.8810000000000001,ToBeDelete_PROCAR,nurion
POSCAR_O4V2_3_y950,34,25,ok,6,0.997136961989263,0.3745612294323785,0.9964293062133439,0.659737483588936,0.17703159204078148,0.8920000000000001,0.883,ToBeDelete_PROCAR,nurion
POSCAR_O4V2_3_y975,34,25,ok,6,0.998917033100468,0.3855069169402889,0.9973847840437088,0.692481428267125,0.18870425777748037,0.889,0.883,ToBeDelete_PROCAR,nurion
POSCAR_O4V2_3_z025,55,24,ok,6,0.9996089788161969,0.9918816430046166,0.9892236243143085,0.997861886099903,0.9848015134681527,0.7210000000000001,0.7270000000000001,ToBeDelete_PROCAR,nurion
POSCAR_O4V2_3_z050,193,24,ok,6,0.9994195984630392,0.9869042969973472,0.9844035266188061,0.9944268340582529,0.9701252418837976,0.7130000000000001,0.7210000000000001,ToBeDelete_PROCAR,nurion
POSCAR_O4V2_3_z950,184,25,ok,6,0.99950857736883,0.3346347369280087,0.9983590565720435,0.48871830877925954,0.21141042905762297,0.891,0.8939999999999999,ToBeDelete_PROCAR,nurion
POSCAR_O4V2_3_z975,215,25,ok,6,0.9996823212613324,0.3577696868506538,0.9991304298270034,0.5256831411390381,0.20109856103689144,0.889,0.893,ToBeDelete_PROCAR,nurion
POSCAR_O4Y2_5,69,22,ok,6,0.9999966426032979,0.9999799867174765,0.9349775273151597,0.9999932429895583,0.9999758381821297,0.8480000000000001,0.8460000000000001,ToBeDelete_PROCAR,nurion
POSCAR_O5Ru2_1,1,27,ok,7,0.9778669057774766,0.01731284484082797,0.9886719405288082,0.9677280662896501,0.0049726031069390365,0.8949999999999999,0.875,PROCAR,local_backup
POSCAR_O5Ru2_1_st025,1,27,ok,7,0.8981984848053278,0.0717073704478388,0.06395469129316808,0.9262879377304608,0.04073033744679244,0.7789999999999999,0.8160000000000001,PROCAR,tgm
POSCAR_O5Ru2_1_st975,406,29,ok,7,0.9999690051860463,0.24659773865251453,0.7000623260056517,0.9999187265305755,0.14089801610706035,0.8230000000000001,0.8240000000000001,PROCAR,tgm
POSCAR_O5Ru2_1_x025,1,26,ok,7,0.8952129745810886,0.1147596000108138,0.11190369394040785,0.8728470429453923,0.07099852831580385,0.7989999999999999,0.827,PROCAR,nurion
POSCAR_O5Ru2_1_x050,1,27,ok,7,0.8342574266312553,0.1542283093283993,0.3006453821783086,0.8709993904547936,0.1308876190393969,0.804,0.837,PROCAR,nurion
POSCAR_O5Ru2_1_x950,296,29,ok,7,0.9999985993093199,0.10987596397691157,0.5810954624325465,0.9999172298673934,0.03759196156485177,0.84,0.8410000000000001,PROCAR,nurion
POSCAR_O5Ru2_1_x975,406,29,ok,7,0.9999783423681226,0.21114193240809132,0.6533890435089298,0.9994593659568175,0.09818974336653147,0.8240000000000001,0.8210000000000001,PROCAR,nurion
POSCAR_O5Ru2_1_y025,73,27,ok,7,0.9999069880325272,0.30261794919009694,0.3364717640176859,0.9999404851997441,0.26405115617477243,0.812,0.808,PROCAR,nurion
POSCAR_O5Ru2_1_y050,194,26,ok,7,0.9999996218344324,0.4327834952161082,0.9490121219862586,0.9999877221713397,0.4980992961834967,0.797,0.8,PROCAR,nurion
POSCAR_O5Ru2_1_y950,62,27,ok,7,0.9794759811945314,0.024198599071099423,0.9890900098252301,0.9747618960897947,0.004801200380275641,0.891,0.878,PROCAR,nurion
POSCAR_O5Ru2_1_y975,62,27,ok,7,0.9388395659160661,0.04513936374291177,0.9703359168037543,0.9226437609138413,0.009173738592687218,0.891,0.867,PROCAR,nurion
POSCAR_O5Ru2_1_z025,62,28,ok,7,0.9586491480341283,0.21173468171485374,0.7082501641011013,0.9454188248331251,0.13145543706577292,0.828,0.847,PROCAR,nurion
POSCAR_O5Ru2_1_z050,62,27,ok,7,0.9910660432535344,0.23423628564813306,0.8230124140092309,0.9911214031243951,0.17644554313588914,0.8340000000000001,0.8380000000000001,PROCAR,nurion
POSCAR_O5Ru2_1_z975,73,27,ok,7,0.9999857150201552,0.4107529326056517,0.4905453619415299,0.9999529957825559,0.3563776818064374,0.825,0.827,PROCAR,nurion
POSCAR_O6Rh2_1,108,33,ok,8,0.9831900471435087,0.9345296329790376,0.6756049905097165,0.9633470817583781,0.8855206593398565,0.8630000000000001,0.8600000000000001,PROCAR,nurion
POSCAR_O6Rh2_1_x025,76,33,ok,8,0.9774433723533316,0.9214198125251095,0.6765484597096669,0.908248677152968,0.8449521698434266,0.8480000000000002,0.8620000000000001,ToBeDelete_PROCAR,nurion
POSCAR_O6Rh2_1_x050,13,32,ok,8,0.9894934262398664,0.9874983160982903,0.8187094860393724,0.8885124710176605,0.8834592094996168,0.8490000000000001,0.8290000000000001,ToBeDelete_PROCAR,nurion
POSCAR_O6Rh2_1_y025,108,33,ok,8,0.9787448952490918,0.9238551077814181,0.6788044246061836,0.9462986137289398,0.8873142094624159,0.8610000000000001,0.844,ToBeDelete_PROCAR,nurion
POSCAR_O6Rh2_1_y050,23,32,ok,8,0.9890498711179999,0.9870052816746614,0.8177671848229121,0.8958434103969639,0.8939796944704899,0.8290000000000002,0.849,ToBeDelete_PROCAR,nurion
POSCAR_O6Rh2_1_z025,165,33,ok,8,0.9970964596828177,0.983230738525159,0.9532809007489068,0.9143649071403946,0.7536431671614522,0.8410000000000001,0.8320000000000001,ToBeDelete_PROCAR,nurion
POSCAR_O6Rh2_1_z050,228,33,ok,8,0.9702062714055265,0.9366426220837182,0.8825746711689091,0.803061936150327,0.6881934379576694,0.8250000000000002,0.845,ToBeDelete_PROCAR,nurion
POSCAR_O6Rh2_1_z950,108,33,ok,8,0.9954707205637963,0.9887089365346317,0.5350871979537096,0.9880318367165655,0.9807190789967963,0.8670000000000001,0.8590000000000001,ToBeDelete_PROCAR,nurion
POSCAR_O6Rh2_1_z975,76,33,ok,8,0.9900224921707756,0.9656673878028,0.611961989823155,0.9522186319815324,0.9212756931992145,0.8610000000000001,0.8660000000000001,ToBeDelete_PROCAR,nurion
POSCAR_O6Ru2_2,94,30,ok,8,0.9976000766087124,0.5504683982953316,0.802910994854351,0.6737414440722078,0.2906125564429853,0.791,0.815,PROCAR,local_backup
POSCAR_O6Ru2_2_st025,94,30,ok,8,0.9962043243435276,0.7178232419766738,0.8398873864011729,0.6642659654893668,0.3345094312953465,0.769,0.8029999999999999,PROCAR,tgm
POSCAR_O6Ru2_2_st050,83,25,ok,8,0.9836193422799232,0.8358022757979182,0.8358409619895959,0.9331102595363734,0.7295550977159195,0.768,0.753,PROCAR,tgm
POSCAR_O6Ru2_2_st950,94,30,ok,8,0.8055236726710652,0.4435247889165841,0.4695402291287172,0.7843597471651313,0.36901074127294203,0.821,0.793,PROCAR,tgm
POSCAR_O6Ru2_2_st975,94,30,ok,8,0.9307107821172322,0.5102677090363991,0.7040369982395784,0.7277637324181938,0.30970255563582927,0.806,0.809,PROCAR,tgm
POSCAR_O6Ru2_2_z025,94,30,ok,8,0.9998587665951886,0.5622518760482264,0.8137074272322781,0.7182582293964739,0.4250746221464886,0.774,0.8110000000000002,PROCAR,nurion
POSCAR_O6Ru2_2_z050,94,30,ok,8,0.9915850766770626,0.6682559591511997,0.8349184573135855,0.7140378225965662,0.5464363605899578,0.766,0.8020000000000002,PROCAR,nurion
POSCAR_O6Ru2_2_z950,85,30,ok,8,0.9394908250796623,0.6019825836318984,0.6703973838873104,0.7875779099117172,0.49254817250231947,0.806,0.79,PROCAR,nurion
POSCAR_O6Ru2_2_z975,94,30,ok,8,0.9770103436701993,0.588559912971205,0.7615742280571216,0.693841058428684,0.28177560210404107,0.805,0.8070000000000002,PROCAR,nurion
POSCAR_P1Ru2_1,606,18,ok,3,0.9999987965754695,0.40397436021971644,0.9999520932307708,0.999989579160849,0.43396255652100985,0.771,0.769,PROCAR,local_backup
POSCAR_P1Ru2_1_st050,606,18,ok,3,0.9999975149161691,0.08167768500662337,0.9999906754381648,0.9990434520606581,0.10450859282782048,0.752,0.754,PROCAR,tgm
POSCAR_P2Ru2_2,372,19,ok,4,0.9737346195534947,0.5178483493348498,0.9416444178921174,0.9679017961332478,0.3965849804356855,0.802,0.776,PROCAR,local_backup
POSCAR_P2Ru2_2_st025,372,19,ok,4,0.970585074566342,0.5994494104281373,0.9138848800591978,0.9649709291709819,0.4536793593139179,0.7879999999999999,0.75,PROCAR,tgm
POSCAR_P2Ru2_2_st950,360,19,ok,4,0.9864093654467547,0.4413460259947005,0.9687585247232271,0.9846858385941798,0.22051868731946364,0.851,0.8330000000000001,PROCAR,tgm
POSCAR_P2Ru2_2_st975,372,19,ok,4,0.9744200634249409,0.43984198280571185,0.9610104787836823,0.9667090518598436,0.34685976635560706,0.8119999999999999,0.794,PROCAR,tgm
POSCAR_P2Ru2_2_x025,372,19,ok,4,0.9700690172440087,0.5413614671626483,0.9359391398528762,0.9632956831145395,0.40259024028138185,0.7909999999999999,0.7669999999999999,PROCAR,nurion
POSCAR_P2Ru2_2_x050,372,19,ok,4,0.9664030006448462,0.6086994562426422,0.9166723630551274,0.9576096968015988,0.41733454352474075,0.786,0.7549999999999999,PROCAR,nurion
POSCAR_P2Ru2_2_x950,259,19,ok,4,0.9730723336217224,0.49953400808433346,0.964387087212827,0.9625667734120391,0.38400491734448783,0.7940000000000002,0.7830000000000001,PROCAR,nurion
POSCAR_P2Ru2_2_x975,259,19,ok,4,0.9740582746511696,0.4936758015440968,0.9551264243121345,0.9655987345211084,0.35475233002215906,0.7990000000000002,0.7800000000000001,PROCAR,nurion
POSCAR_P2Ru2_2_y025,264,19,ok,4,0.9707081911197726,0.5380287916034427,0.9367774266016562,0.9616719033659048,0.34144004774300063,0.7650000000000001,0.7929999999999999,PROCAR,nurion
POSCAR_P2Ru2_2_y050,264,19,ok,4,0.9666007892969168,0.5973346316805197,0.9198670976589142,0.9489440469609919,0.3382966341406043,0.7590000000000001,0.7859999999999999,PROCAR,nurion
POSCAR_P2Ru2_2_y950,372,19,ok,4,0.9725321623076063,0.5030165634271959,0.9624198358362445,0.9651991852210227,0.4212854959940051,0.7950000000000002,0.7809999999999999,PROCAR,nurion
POSCAR_P2Ru2_2_y975,372,19,ok,4,0.9735404404369936,0.49603286027139226,0.9556020910089474,0.9670434263715536,0.40053476062994453,0.8,0.778,PROCAR,nurion
POSCAR_P2Ru2_2_z025,372,19,ok,4,0.9727741696614232,0.5497761688480673,0.9386842358951974,0.9683780654844543,0.4438243731621755,0.7929999999999999,0.7670000000000001,PROCAR,nurion
POSCAR_P2Ru2_2_z050,372,19,ok,4,0.9466485750218402,0.9233635010679488,0.5728387037426078,0.5104734676905212,0.23011222144679827,0.816,0.7610000000000001,PROCAR,nurion
POSCAR_P2Ru2_2_z950,372,19,ok,4,0.9737511765663492,0.46710572998478567,0.9533161426177956,0.96282860202566,0.32866894390339335,0.812,0.794,PROCAR,nurion
POSCAR_P2V2_1,376,17,ok,4,0.9968917915782931,0.7280717041741259,0.8846127946997407,0.9412092979942761,0.35769427842918766,0.713,0.6910000000000001,ToBeDelete_PROCAR,nurion
POSCAR_P2V2_1_st025,364,18,ok,4,0.9906211292434749,0.3773030650140471,0.9785224016570513,0.9521154903475898,0.10334193492688924,0.8,0.8560000000000001,PROCAR,nurion
POSCAR_P2V2_1_st050,263,18,ok,4,0.9981620931184992,0.6628544502160546,0.9082137597591314,0.8627636101809494,0.18794845099645402,0.749,0.759,ToBeDelete_PROCAR,nurion
POSCAR_P2V2_1_st950,192,18,ok,4,0.9980020924054824,0.8920311976881273,0.9985531342027829,0.3834559338271174,0.3634386307211846,0.849,0.8089999999999999,PROCAR,nurion
POSCAR_P2V2_1_st975,316,17,ok,4,0.9824220894302851,0.9714741613951453,0.9756934286512857,0.9800879213731745,0.7831581773943528,0.69,0.728,ToBeDelete_PROCAR,nurion
POSCAR_P2V2_1_x025,364,18,ok,4,0.9940613002856558,0.3193502138771654,0.99296557435206,0.9557651811145172,0.09797416567998907,0.8160000000000001,0.881,PROCAR,nurion
POSCAR_P2V2_1_x050,263,18,ok,4,0.996703497108537,0.6029196549947782,0.9613670865203758,0.8745542472364826,0.16808340862978105,0.793,0.8400000000000001,PROCAR,nurion
POSCAR_P2V2_1_x950,372,17,ok,4,0.9902495203294255,0.9333064868110419,0.9385952798103814,0.9787305122689584,0.5508157071842226,0.7210000000000001,0.758,PROCAR,nurion
POSCAR_P2V2_1_x975,372,17,ok,4,0.993569398136819,0.8048528866732011,0.8898482640328255,0.9452380570917965,0.4131579212939015,0.705,0.7350000000000001,PROCAR,nurion
POSCAR_P2V2_1_y025,328,18,ok,4,0.993935260859673,0.32257021961820354,0.993268760378037,0.9521001831429887,0.09423322287569788,0.881,0.8190000000000001,PROCAR,nurion
POSCAR_P2V2_1_y050,359,17,ok,4,0.9870011960294531,0.7979094304886102,0.9206367267348049,0.9629954594594853,0.3700965402032032,0.683,0.721,PROCAR,nurion
POSCAR_P2V2_1_y950,264,17,ok,4,0.9904526053036264,0.9366676857580719,0.9405800808791569,0.971068771473851,0.522329280177667,0.7610000000000001,0.72,PROCAR,nurion
POSCAR_P2V2_1_y975,264,17,ok,4,0.9938126254982428,0.8073416671837602,0.8916915577479658,0.9428195998791447,0.402188145418696,0.738,0.7050000000000001,PROCAR,nurion
POSCAR_P2V2_1_z025,259,17,ok,4,0.9999980062654542,0.6592697736192721,0.8654374007999235,0.9311016130768873,0.27789836605035956,0.708,0.713,PROCAR,nurion
POSCAR_P2V2_1_z050,328,17,ok,4,0.9576482864180299,0.9503486400051223,0.9589312605665784,0.9310405915128768,0.6129496981217359,0.6250000000000001,0.6880000000000001,PROCAR,nurion
POSCAR_P2V2_1_z950,316,17,ok,4,0.9810949993085908,0.8465372484406443,0.9530555486738091,0.9550592957277134,0.6095515212317862,0.672,0.7150000000000001,PROCAR,nurion
POSCAR_P2V2_1_z975,316,17,ok,4,0.9877241312559489,0.8045869603066506,0.9220286574584121,0.9528597731910304,0.48622078228644244,0.679,0.7150000000000001,PROCAR,nurion
POSCAR_P2V2_2,541,17,ok,4,0.9936371618665254,0.7598411167650303,0.6264871327020446,0.781533196989485,0.22392942255707435,0.7460000000000001,0.7210000000000001,ToBeDelete_PROCAR,nurion
POSCAR_P2V2_2_st025,434,17,ok,4,0.9172266767428502,0.5903586950886686,0.8610059938485065,0.24507796093602513,0.14549155042539125,0.6800000000000002,0.623,PROCAR,nurion
POSCAR_P2V2_2_st050,589,17,ok,4,0.9928935028275714,0.6930212076412527,0.6845537576908908,0.8804159410499826,0.2642033242374996,0.681,0.652,PROCAR,nurion
POSCAR_P2V2_2_st950,359,17,ok,4,0.9769521283466231,0.5838183149845454,0.9662172318587287,0.8723290418685998,0.36616294695576446,0.8320000000000002,0.7459999999999999,PROCAR,nurion
POSCAR_P2V2_2_st975,372,17,ok,4,0.9892042289434945,0.8773693517779093,0.7726616467654371,0.22879181092682066,0.147644766719794,0.7850000000000001,0.661,PROCAR,nurion
POSCAR_P2V2_2_z025,434,17,ok,4,0.9260038430595182,0.7296146286668371,0.8405840121425128,0.2642081487258588,0.2020200178860774,0.698,0.603,PROCAR,nurion
POSCAR_P2V2_2_z050,434,17,ok,4,0.9147495987740726,0.6663395703531151,0.8448342447391388,0.22747004107986327,0.15230533792280265,0.6910000000000001,0.615,PROCAR,nurion
POSCAR_P2V2_2_z950,372,17,ok,4,0.9947733857681654,0.9341085992836577,0.8805141876310261,0.2510357904310903,0.19821998529931822,0.7670000000000001,0.6429999999999999,PROCAR,nurion
POSCAR_P2V2_2_z975,372,17,ok,4,0.9878482005141422,0.9229527801125514,0.7888318118922791,0.2142239651439203,0.16383394366898132,0.7560000000000001,0.642,PROCAR,nurion
POSCAR_P2Zr2_2,369,17,ok,4,0.9999461589893311,0.9990182201709827,0.8193731009889813,0.9946204139035888,0.9869953914175311,0.526,0.517,PROCAR,local_backup
POSCAR_P2Zr2_2_x050,74,18,ok,4,1.0,0.9999999999999998,0.7536068031557992,1.0,1.0,0.363,0.363,PROCAR,nurion
POSCAR_P2Zr2_2_z025,7,17,ok,4,0.9999649899932039,0.9990242951730385,0.8126681513383143,0.9929735411286441,0.9938059986591192,0.516,0.505,PROCAR,nurion
POSCAR_P2Zr2_2_z050,7,17,ok,4,0.9998847098390783,0.9992291603119774,0.8088002176315389,0.9918511189336279,0.9934075883845527,0.507,0.496,PROCAR,nurion
POSCAR_P8V2_2,108,33,ok,10,0.9918865691153551,0.5592317844650196,0.9406480976217919,0.9030653918438598,0.5077306419412184,0.594,0.5830000000000001,PROCAR,nurion
POSCAR_P8V2_2_st025,108,33,ok,10,0.9958235242433786,0.6233846961747668,0.9521602452660335,0.921751507151413,0.6012144395728168,0.568,0.5630000000000001,ToBeDelete_PROCAR,nurion
POSCAR_P8V2_2_st050,72,31,ok,10,0.997860658664611,0.5169260761016715,0.9359565483822851,0.9559221114681594,0.2823902605144249,0.589,0.5810000000000001,PROCAR,nurion
POSCAR_P8V2_2_st950,108,33,ok,10,0.9804611355739382,0.6826227852031518,0.9338046547116511,0.8586805385841121,0.5202414660326405,0.6440000000000001,0.611,ToBeDelete_PROCAR,nurion
POSCAR_P8V2_2_st975,108,33,ok,10,0.9866787927828305,0.5714880523892202,0.9380555415975352,0.8770162577421691,0.4595075299952382,0.6220000000000001,0.5960000000000001,PROCAR,nurion
POSCAR_P8V2_2_x025,130,33,ok,10,0.9974560736193351,0.6785334679732258,0.8988288760568061,0.9847939019548617,0.4516067593255532,0.5660000000000001,0.5890000000000001,ToBeDelete_PROCAR,nurion
POSCAR_P8V2_2_x050,130,33,ok,10,0.9997320232273098,0.6579329011688133,0.9419902306009039,0.9701047665256816,0.4557361457443417,0.547,0.594,ToBeDelete_PROCAR,nurion
POSCAR_P8V2_2_x950,108,33,ok,10,0.9869499329362256,0.5501468027024767,0.9116526854380088,0.8862052402071863,0.45468181766191396,0.6030000000000001,0.5900000000000001,ToBeDelete_PROCAR,nurion
POSCAR_P8V2_2_x975,108,33,ok,10,0.9926644905336764,0.5402607167683143,0.9248134970391251,0.8917932107322628,0.45991644134778226,0.6000000000000001,0.5860000000000001,ToBeDelete_PROCAR,nurion
POSCAR_P8V2_2_y025,108,33,ok,10,0.9949447141459478,0.5694842761218767,0.945241108905149,0.9099248903718848,0.5343967486564521,0.586,0.5810000000000001,ToBeDelete_PROCAR,nurion
POSCAR_P8V2_2_y050,108,33,ok,10,0.9940882102386382,0.5932359314509287,0.948526135000092,0.9268736599050216,0.5813181327880733,0.578,0.5720000000000001,ToBeDelete_PROCAR,nurion
POSCAR_P8V2_2_y950,130,33,ok,10,0.9999068332050313,0.7979118293000586,0.9091695081280688,0.9880465102723784,0.5484606536556544,0.5700000000000001,0.6050000000000001,ToBeDelete_PROCAR,nurion
POSCAR_P8V2_2_y975,130,33,ok,10,0.9984471927310523,0.768350104290511,0.8867525561648131,0.9876620628504422,0.5187037478885174,0.5700000000000001,0.5980000000000001,ToBeDelete_PROCAR,nurion
POSCAR_P8V2_2_z025,108,33,ok,10,0.9953742472652217,0.5694724067803127,0.9316141841606095,0.9032848800233266,0.5135270438877805,0.5830000000000001,0.5720000000000001,ToBeDelete_PROCAR,nurion
POSCAR_P8V2_2_z050,108,33,ok,10,0.997445787625914,0.5894837628556856,0.9188257297097228,0.9088582903899594,0.5223531261251523,0.5690000000000001,0.5650000000000001,ToBeDelete_PROCAR,nurion
POSCAR_P8V2_2_z950,130,33,ok,10,0.9987714655517738,0.7599310348106209,0.8964707635961638,0.9473256793405529,0.4365335037978382,0.5830000000000001,0.6080000000000001,ToBeDelete_PROCAR,nurion
POSCAR_P8V2_2_z975,108,33,ok,10,0.9916830486234975,0.5612056459876998,0.9508132356835237,0.9057311400938048,0.5077575086848378,0.607,0.5880000000000001,ToBeDelete_PROCAR,nurion
POSCAR_P8Zr2_1,165,33,ok,10,0.9998497396662279,0.9997116224942877,0.39679308972528915,0.9985642316011398,0.9986067540468851,0.45,0.456,PROCAR,local_backup
POSCAR_P8Zr2_1_x025,172,33,ok,10,1.0000000000000002,0.999926383444701,0.35853847255089294,0.9998634059369039,0.9997085713593677,0.44700000000000006,0.44700000000000006,PROCAR,nurion
POSCAR_P8Zr2_1_x050,166,33,ok,10,0.9999857510412493,0.9999799841224197,0.39123860082886674,0.999920206620347,0.9999325566497473,0.493,0.491,PROCAR,nurion
POSCAR_P8Zr2_1_x975,165,33,ok,10,0.9999999999999999,1.0000000000000002,0.451797231869429,0.9999656652484528,0.9999496605205169,0.44899999999999995,0.44899999999999995,PROCAR,nurion
POSCAR_P8Zr2_1_y025,125,31,ok,10,0.9999990799729666,0.9999933642522643,0.32870773673556913,0.9999515966661114,0.9999285907575917,0.479,0.478,PROCAR,nurion
POSCAR_P8Zr2_1_y050,158,32,ok,10,0.9999986683774853,0.9999476408208807,0.8427610643919285,0.9999357687682725,0.9997930139995124,0.47700000000000004,0.47500000000000003,PROCAR,nurion
POSCAR_P8Zr2_1_y975,180,33,ok,10,0.9999551439064241,0.9999443562180768,0.6735565010151888,0.9998494297459911,0.9997705502653752,0.471,0.469,PROCAR,nurion
POSCAR_P8Zr2_1_z975,165,33,ok,10,0.9999988953063997,0.9999993985324241,0.359659524668252,0.9999891848638809,0.9999889029062207,0.45299999999999996,0.45399999999999996,PROCAR,nurion
POSCAR_Pb10Ru2_1,10,82,ok,12,0.9999917955823026,0.16036438576914383,0.9999670632716465,0.9996745661880446,0.16302597765089574,0.769,0.767,PROCAR,local_backup
POSCAR_Pb10Ru2_1_st025,4,81,ok,12,0.9999729948987924,0.021176159908350138,0.9904974246908655,0.9997737712004086,0.012063695422092003,0.676,0.677,PROCAR,tgm
POSCAR_Pb10Ru2_1_x025,10,82,ok,12,0.9999990936853445,0.1569862295790713,0.9997256750243064,0.9995791380773281,0.16624542159006872,0.763,0.7590000000000001,PROCAR,nurion
POSCAR_Pb10Ru2_1_x050,1,80,ok,12,0.9999229203355606,0.5475653097330581,0.9624275533711848,0.9992204604777986,0.4451046379813767,0.545,0.544,PROCAR,nurion
POSCAR_Pb10Ru2_1_x975,43,84,ok,12,0.9999193663316656,0.5087319684472882,0.9959619075787236,0.9983866949093027,0.3069527169625689,0.625,0.6290000000000001,PROCAR,nurion
POSCAR_Pb10Ru2_1_y025,10,84,ok,12,0.9997348564626246,0.010709382273574397,0.9997146804207712,0.9976504068358846,0.0114822366106758,0.6839999999999999,0.6759999999999999,PROCAR,nurion
POSCAR_Pb10Ru2_1_y050,38,83,ok,12,0.9999867540623139,0.29381546981366635,0.9803224257083459,0.999582994406089,0.1817953777318112,0.5400000000000001,0.547,PROCAR,nurion
POSCAR_Pb10Ru2_1_y975,11,84,ok,12,0.9994320899140143,0.060711023950640104,0.9871330478537272,0.9859893702469993,0.050543114039703595,0.658,0.653,PROCAR,nurion
POSCAR_Pb10Ru2_1_z025,16,80,ok,12,0.9986131473621553,0.1359400791687631,0.9924154296099784,0.9979500264778897,0.08009037133908131,0.6050000000000001,0.6090000000000001,PROCAR,nurion
POSCAR_Pb2Ru2_2,45,25,ok,4,0.9776640443286999,0.8857152771477471,0.5282976761053237,0.9134569622675138,0.7892458425709222,0.729,0.799,PROCAR,local_backup
POSCAR_Pb2Ru2_2_st975,45,25,ok,4,0.9935639286640854,0.9818681801871821,0.27050022162643894,0.9808892133976133,0.9760703334318319,0.774,0.803,PROCAR,tgm
POSCAR_Pb2Ru2_2_x975,126,26,ok,4,0.9948148109950445,0.903370583635635,0.6895887884252342,0.4333307461128106,0.31606337782750366,0.827,0.7870000000000001,PROCAR,nurion
POSCAR_Pb2Ru2_2_y025,48,25,ok,4,0.9745460819170427,0.9529435781459278,0.3273859224287953,0.9032605671870394,0.8887153147071147,0.79,0.7270000000000001,PROCAR,nurion
POSCAR_Pb2Ru2_2_y050,45,25,ok,4,0.9942636580291566,0.9971818068299204,0.11216853985763255,0.9772342235012581,0.9881122939135766,0.754,0.7800000000000001,PROCAR,nurion
POSCAR_Pb2Ru2_2_z025,130,27,ok,4,0.9963924208642241,0.9038550491502895,0.4806367892968433,0.972733070162074,0.8074044228340129,0.722,0.7150000000000001,PROCAR,nurion
POSCAR_Pb2Ru2_2_z950,285,25,ok,4,0.9999999934303032,0.002788543837485253,0.9999951645832366,0.9866456890044286,0.0031172282630314778,0.8320000000000001,0.835,PROCAR,nurion
POSCAR_Pb2Ru2_2_z975,48,25,ok,4,0.9955848033573232,0.9976816275309526,0.1292756589094981,0.9872716232722428,0.9936634122912262,0.802,0.777,PROCAR,nurion
POSCAR_Pb2Ru2_3,410,27,ok,4,0.9999985785799724,0.5392419350866222,0.9998567628900659,0.9999852763763737,0.2849051838891308,0.778,0.778,PROCAR,local_backup
POSCAR_Pb2Ru2_3_x025,437,28,ok,4,1.0,0.00989993744545021,0.9976115535533705,0.9999952805366973,0.0,0.755,0.755,PROCAR,nurion
POSCAR_Pb2Ru2_3_x050,437,28,ok,4,0.9999999703531484,0.009807551617835563,0.9977364259106493,0.9999889940978751,0.0,0.747,0.7460000000000001,PROCAR,nurion
POSCAR_Pb2Ru2_3_x950,92,28,ok,4,0.9999928970013469,0.4173421149380475,0.9896079929907997,0.999948735376932,0.30767226597950076,0.7860000000000001,0.7870000000000001,PROCAR,nurion
POSCAR_Pb2Ru2_3_x975,361,25,ok,4,0.9999977316138359,0.8464832134841924,0.968793237395329,0.9999812531860188,0.5659317649613949,0.758,0.758,PROCAR,nurion
POSCAR_Pb2Ru2_3_y025,190,28,ok,4,0.9999939361361825,0.3660124247595256,0.9957194406556352,0.999969632980915,0.2937056109503942,0.77,0.769,PROCAR,nurion
POSCAR_Pb2Ru2_3_y050,410,27,ok,4,0.9999981981997036,0.41761504626820756,0.9997145353981889,0.9999629736774819,0.2315359829171391,0.7360000000000001,0.7360000000000001,PROCAR,nurion
POSCAR_Pb2Ru2_3_y950,1,28,ok,4,0.9999999637778343,0.5359505192149606,0.9830110440212887,0.9999986529080438,0.5244691978874805,0.7979999999999999,0.7989999999999999,PROCAR,nurion
POSCAR_Pb2Ru2_3_y975,189,28,ok,4,0.9999985951304274,0.7408727219992569,0.9751582185974924,0.9999510411155645,0.5711327941423883,0.7220000000000001,0.7250000000000001,PROCAR,nurion
POSCAR_Pb2Ru2_3_z050,350,25,ok,4,0.9999976567806755,0.7510928291257433,0.9585344372682292,0.9999770480214674,0.5838017681253516,0.6550000000000001,0.6560000000000001,PROCAR,nurion
POSCAR_Pb2Ru2_3_z950,25,27,ok,4,0.9999987164715879,0.5372180905985025,0.9999812485404082,0.9999909255501891,0.2843591115886269,0.799,0.799,PROCAR,nurion
POSCAR_Pb2Ru2_3_z975,361,25,ok,4,0.9999985769105948,0.8310806884289288,0.9663077793732715,0.9999859737548131,0.6585084261448593,0.767,0.766,PROCAR,nurion
POSCAR_Pb2Sc2_3,159,26,ok,4,0.9999918652767082,0.910986309303419,0.7561434698955773,0.9567766737251914,0.7846448623291736,0.585,0.589,PROCAR,local_backup
POSCAR_Pb2Sc2_3_st025,159,26,ok,4,0.999996663400025,0.9999740954612396,0.4415973581180071,0.999251679688008,0.9990471281612077,0.58,0.585,PROCAR,tgm
POSCAR_Pb2Sc2_3_x025,286,26,ok,4,0.9999985860206653,0.9976274886322752,0.3947757136325762,0.999032910628213,0.9912916409353673,0.5710000000000001,0.574,PROCAR,nurion
POSCAR_Pb2Sc2_3_x050,303,25,ok,4,0.9999950189275535,0.9999728473726947,0.11473605788419011,0.9999037312914996,0.9996145560561706,0.541,0.536,PROCAR,nurion
POSCAR_Pb2Sc2_3_x950,142,26,ok,4,0.9999921456912083,0.9641350116431427,0.6486518628926983,0.9821087796434194,0.9150535461483978,0.596,0.6,PROCAR,nurion
POSCAR_Pb2Sc2_3_y025,286,26,ok,4,0.9999974961418917,0.9974733861985939,0.3927770801304829,0.9990083344819997,0.9906990213888801,0.5710000000000001,0.5730000000000001,PROCAR,nurion
POSCAR_Pb2Sc2_3_y050,159,26,ok,4,0.9999978968772,0.8896269381729001,0.8156176471243995,0.9503894990517413,0.7331359926117641,0.5870000000000001,0.5940000000000001,PROCAR,nurion
POSCAR_Pb2Sc2_3_y950,164,26,ok,4,0.9999943789969806,0.9701018282251029,0.6321328909884589,0.9852920670763426,0.9264880817305017,0.5980000000000001,0.5920000000000001,PROCAR,nurion
POSCAR_Pb2Sc2_3_y975,7,26,ok,4,0.9999999977369007,0.999985831632892,0.999985831632892,0.999996139614696,0.9999755718560632,0.611,0.612,PROCAR,nurion
POSCAR_Pb2Sc2_3_z025,142,26,ok,4,0.9999970121877858,0.9996309699070657,0.4370769670319653,0.9969170700062165,0.9959020851795191,0.58,0.587,PROCAR,nurion
POSCAR_Pb2Sc2_3_z050,226,26,ok,4,0.9999987599967786,0.9955907947729088,0.39914618924637774,0.9984949427103106,0.9813585573576582,0.5760000000000001,0.5690000000000001,PROCAR,nurion
POSCAR_Pb2Sc2_3_z950,159,26,ok,4,0.9999957429384588,0.9999217207120753,0.42096126295674663,0.9994661965446446,0.999309146679682,0.5960000000000001,0.5990000000000001,PROCAR,nurion
POSCAR_Pb2Sc2_3_z975,82,26,ok,4,0.9999938474970826,0.9993239728545704,0.47199703424755846,0.9979597769241804,0.9967450519964625,0.596,0.593,PROCAR,nurion
POSCAR_Pb3Ru2_1,182,34,ok,5,0.9999822405236889,0.1631062549248873,0.9327061002977203,0.9995421301904691,0.12041035974820173,0.604,0.601,PROCAR,local_backup
POSCAR_Pb3Ru2_1_st025,38,33,ok,5,0.999956199492768,0.8774403414572786,0.8990592888958833,0.9999577984752017,0.8310914557347117,0.637,0.637,PROCAR,tgm
POSCAR_Pb3Ru2_1_st050,38,33,ok,5,0.9999805027536215,0.8372749878124267,0.8709556101315462,0.9999655906366937,0.8019549162931037,0.568,0.5690000000000001,PROCAR,tgm
POSCAR_Pb3Ru2_1_x950,186,36,ok,5,0.9999739444487225,0.6412477295841694,0.9892154210867808,0.9997847821751165,0.4436688732338587,0.679,0.68,PROCAR,nurion
POSCAR_Pb3Ru2_1_y050,38,33,ok,5,0.9999778187305863,0.9052632850815012,0.9216619019972125,0.9999594344650968,0.8570611182497833,0.661,0.6610000000000001,PROCAR,nurion
POSCAR_Pb3Ru2_1_y950,182,34,ok,5,0.9999947028647732,0.17770965484140439,0.9644310093641788,0.9999518915870885,0.11485611412993987,0.6539999999999999,0.6549999999999999,PROCAR,nurion
POSCAR_Pb3Ru2_1_y975,182,34,ok,5,0.999998149436378,0.16698032995621317,0.9500941344401848,0.9999711777266799,0.11953044288676054,0.627,0.626,PROCAR,nurion
POSCAR_Pb3Ru2_1_z025,182,34,ok,5,0.9999920308243943,0.16618077987650726,0.9271130030886311,0.9998757000986472,0.11475404263683163,0.5950000000000001,0.593,PROCAR,nurion
POSCAR_Rh2S4_1,152,27,ok,6,0.9903567349779068,0.7427436909818508,0.907239902498339,0.9732974931304809,0.4302494175792958,0.764,0.807,PROCAR,nurion
POSCAR_Rh2S4_1_x025,246,27,ok,6,0.9962962243277769,0.4625298261684622,0.9013506586728205,0.947603339530741,0.12207884391073576,0.7629999999999999,0.7420000000000001,PROCAR,nurion
POSCAR_Rh2S4_1_x050,246,27,ok,6,0.9962067360299431,0.4805685736982121,0.8749722594118332,0.9431392050942213,0.12427217487904817,0.758,0.734,PROCAR,nurion
POSCAR_Rh2S4_1_x950,152,27,ok,6,0.9945970381632534,0.8192024917800051,0.9309806713787084,0.9818547864744511,0.557624244397228,0.7750000000000001,0.8230000000000002,PROCAR,nurion
POSCAR_Rh2S4_1_x975,152,27,ok,6,0.9929465149992364,0.7763804667139677,0.9207164528367554,0.9801155645688241,0.4887662762530946,0.768,0.8150000000000001,PROCAR,nurion
POSCAR_Rh2S4_1_y025,152,27,ok,6,0.9844531999713828,0.70025256703529,0.880571131034677,0.9563918616744708,0.3523127998516687,0.764,0.799,PROCAR,nurion
POSCAR_Rh2S4_1_y050,345,27,ok,6,0.9788749156389993,0.4285884957286954,0.8666322051247453,0.9329675966278829,0.09658400318023488,0.7530000000000001,0.7440000000000001,PROCAR,nurion
POSCAR_Rh2S4_1_y950,153,27,ok,6,0.9847980935898413,0.4441845264257806,0.8770570064968592,0.9217573907564097,0.1441428999781368,0.749,0.777,PROCAR,nurion
POSCAR_Rh2S4_1_y975,153,27,ok,6,0.9837770289374423,0.4558853368643491,0.8591137105984226,0.9209685042753378,0.13996227883320636,0.749,0.7780000000000001,PROCAR,nurion
POSCAR_Rh2S4_1_z025,152,27,ok,6,0.9907471641668861,0.7507220943600414,0.9333435662062797,0.9748546438403654,0.45135174881536705,0.7730000000000001,0.806,PROCAR,nurion
POSCAR_Rh2S4_1_z050,152,27,ok,6,0.9913450372923196,0.7682982174115014,0.958162061268535,0.9751860075038826,0.4736408852147296,0.7810000000000001,0.809,PROCAR,nurion
POSCAR_Rh2S4_1_z950,246,27,ok,6,0.9950070764390327,0.46346986975639465,0.871737789236799,0.9427235381317032,0.1340373454325121,0.7700000000000001,0.7490000000000001,PROCAR,nurion
POSCAR_Rh2S4_1_z975,246,27,ok,6,0.996561127648423,0.4407104189296289,0.8965714571349063,0.9490788438016615,0.12366075367792015,0.7680000000000001,0.7530000000000001,PROCAR,nurion
POSCAR_Rh2Tl2_1,147,27,ok,4,0.9981385216990937,0.9972235296806704,0.8935224843691202,0.36751020184898164,0.37019906853317475,0.8140000000000001,0.857,ToBeDelete_PROCAR,nurion
POSCAR_Rh2Tl2_1_z975,198,28,ok,4,0.9949685193960371,0.9109747951266017,0.8974270161694573,0.9014552989614,0.7769601546359632,0.9229999999999999,0.851,ToBeDelete_PROCAR,nurion
POSCAR_Ru2S2_1,259,20,ok,4,0.9990797350622522,0.7436748932581589,0.9151312725076065,0.9973090835414528,0.6987937818087805,0.7040000000000001,0.7090000000000001,PROCAR,local_backup
POSCAR_Ru2S2_1_st025,259,20,ok,4,0.9971203046328099,0.5568303990760946,0.9657809125028763,0.9921733662698576,0.48594619111641235,0.702,0.7060000000000001,PROCAR,tgm
POSCAR_Ru2S2_1_st050,90,20,ok,4,0.9974813971662837,0.8197390142004652,0.9535529308635264,0.9750186477370709,0.6569574457326935,0.713,0.724,PROCAR,tgm
POSCAR_Ru2S2_1_st950,263,17,ok,4,0.9997887814849018,0.9984759230167837,0.47094643966773103,0.9980978362193269,0.9818370208634959,0.72,0.708,PROCAR,tgm
POSCAR_Ru2S2_1_st975,263,17,ok,4,0.9994913878524385,0.9944690544550686,0.35159742455959786,0.9963787064844694,0.9687570098135754,0.716,0.694,PROCAR,tgm
POSCAR_Ru2S2_1_x025,372,20,ok,4,0.9984788943231567,0.7100699504306427,0.9409131509220893,0.9946979022466894,0.6793125625501709,0.7060000000000001,0.7100000000000002,PROCAR,nurion
POSCAR_Ru2S2_1_x050,372,20,ok,4,0.9975626600606897,0.6795717965461168,0.9592105797869858,0.9903004752841325,0.6470299719600959,0.706,0.7110000000000001,PROCAR,nurion
POSCAR_Ru2S2_1_x950,328,17,ok,4,0.9994738085113588,0.46556665004768283,0.992648542461133,0.9544126263023583,0.3486743599513813,0.783,0.722,PROCAR,nurion
POSCAR_Ru2S2_1_x975,259,20,ok,4,0.9900063909473508,0.5822354274249192,0.9832675917138332,0.7342243650908956,0.46677735867924874,0.7639999999999999,0.7090000000000001,PROCAR,nurion
POSCAR_Ru2S2_1_y025,259,20,ok,4,0.9985658318359024,0.7105951646498584,0.9407234751714179,0.9951010418559499,0.6829894925285382,0.7030000000000001,0.7110000000000001,PROCAR,nurion
POSCAR_Ru2S2_1_y050,259,20,ok,4,0.9977307420218708,0.681132916564936,0.9594930348594327,0.9908243377966841,0.6547617689092711,0.7060000000000001,0.7120000000000001,PROCAR,nurion
POSCAR_Ru2S2_1_y950,364,17,ok,4,0.999471659235894,0.46270899396222265,0.9928004252151522,0.9555713628719817,0.3187237330620531,0.722,0.78,PROCAR,nurion
POSCAR_Ru2S2_1_y975,307,20,ok,4,0.9877364970958965,0.5639516914269889,0.9846534131021571,0.736297159032562,0.4820277821773216,0.7070000000000001,0.7650000000000001,PROCAR,nurion
POSCAR_Ru2S2_1_z025,91,19,ok,4,0.9681043391221626,0.8733767921364284,0.5214413346410539,0.24843665728016573,0.14762930658121223,0.919,0.758,PROCAR,nurion
POSCAR_Ru2S2_1_z050,90,20,ok,4,0.9996758480411105,0.8535026417610685,0.9024699613421546,0.9828773257065486,0.8459165247176682,0.7030000000000001,0.717,PROCAR,nurion
POSCAR_Ru2S2_1_z950,263,20,ok,4,0.9553554284844502,0.35383195776184795,0.9392590969068161,0.22214494516720706,0.14228947748582457,0.7380000000000001,0.9139999999999999,PROCAR,nurion
POSCAR_Ru2S2_1_z975,328,17,ok,4,0.9831278255983726,0.23890588588060768,0.9793656982416199,0.3138401874580313,0.1399847806937012,0.9159999999999999,0.721,PROCAR,nurion
POSCAR_Ru2S2_2,255,20,ok,4,0.9989937273330717,0.8432860031169132,0.9619967498382425,0.9302296348885671,0.7855389600776977,0.805,0.7889999999999999,PROCAR,local_backup
POSCAR_Ru2S2_2_st025,255,20,ok,4,0.9964274328945715,0.7135280164586434,0.9729878836881396,0.8618865259510978,0.5915148942527693,0.778,0.775,PROCAR,tgm
POSCAR_Ru2S2_2_st050,255,20,ok,4,0.9822034597298208,0.7510144222157811,0.9633631733977065,0.8356361056154119,0.6328296878806566,0.757,0.774,PROCAR,tgm
POSCAR_Ru2S2_2_st950,221,19,ok,4,0.9996717904279658,0.995220789302226,0.7636038736780542,0.797343051931169,0.7921142541460502,0.8109999999999999,0.795,PROCAR,tgm
POSCAR_Ru2S2_2_st975,312,19,ok,4,0.9998384004549571,0.9876372543679038,0.8930669542995141,0.6746997097735956,0.626345991414463,0.81,0.8109999999999999,PROCAR,tgm
POSCAR_Ru2S2_2_x025,255,20,ok,4,0.9986265073324989,0.8063781291392556,0.9756736966586116,0.9314210133936996,0.7438045989148275,0.8009999999999999,0.7899999999999999,PROCAR,nurion
POSCAR_Ru2S2_2_x050,320,20,ok,4,0.9980052699370147,0.7760972023206207,0.9798574353750165,0.9317432556822787,0.7021786600510271,0.7909999999999999,0.7969999999999999,PROCAR,nurion
POSCAR_Ru2S2_2_x950,311,19,ok,4,0.9983692961975522,0.9840558660779287,0.9756570277351916,0.7425575085009027,0.6524914585143768,0.784,0.788,PROCAR,nurion
POSCAR_Ru2S2_2_x975,220,19,ok,4,0.9993682285548803,0.9517183528440912,0.9682425207922932,0.7739497794892944,0.6695060560054423,0.7979999999999999,0.795,PROCAR,nurion
POSCAR_Ru2S2_2_y025,255,20,ok,4,0.998483212650868,0.7557729872701912,0.9619492389899996,0.9051526075313153,0.6922541899310233,0.792,0.7799999999999999,PROCAR,nurion
POSCAR_Ru2S2_2_y050,297,20,ok,4,0.9994429657025239,0.8626268660289349,0.8202268704836393,0.5284935170793903,0.45196631458220043,0.836,0.833,PROCAR,nurion
POSCAR_Ru2S2_2_y950,221,19,ok,4,0.9990226720715917,0.9125201321624564,0.9417403978757817,0.6959562028559952,0.4278073414115057,0.819,0.8450000000000002,PROCAR,nurion
POSCAR_Ru2S2_2_y975,220,19,ok,4,0.9999126477633223,0.9513621103684461,0.9343772791658074,0.7658126407635203,0.6490227861068502,0.8069999999999999,0.808,PROCAR,nurion
POSCAR_Ru2S2_2_z025,320,20,ok,4,0.9987220536269477,0.81872131023607,0.9659963784437755,0.9022957761942676,0.7120123686535015,0.7889999999999999,0.8029999999999999,PROCAR,nurion
POSCAR_Ru2S2_2_z050,320,20,ok,4,0.9979634712886495,0.8064779250946098,0.9703738298262314,0.857285608897074,0.61877408194566,0.786,0.794,PROCAR,nurion
POSCAR_Ru2S2_2_z950,255,20,ok,4,0.9993862569548497,0.8957850439150976,0.9640489433831647,0.9762202587739182,0.8830579334252858,0.8019999999999999,0.791,PROCAR,nurion
POSCAR_Ru2S2_2_z975,255,20,ok,4,0.999198601807142,0.8693576995301197,0.9604661053369871,0.9573086801766545,0.8427509346329072,0.804,0.7909999999999999,PROCAR,nurion
POSCAR_Ru2S8_1,94,37,ok,10,0.9591955369584586,0.6566864071452096,0.6182503594829728,0.6284182468263131,0.24889877446162662,0.675,0.689,PROCAR,local_backup
POSCAR_Ru2S8_1_st025,94,37,ok,10,0.9740547050843669,0.5013876730668543,0.46362473733544796,0.4844579783611783,0.19542858331416607,0.651,0.665,PROCAR,tgm
POSCAR_Ru2S8_1_st050,41,36,ok,10,0.9604945155622795,0.6721851069338484,0.9264828261274163,0.9005759423792308,0.3456060396373795,0.661,0.6950000000000001,PROCAR,tgm
POSCAR_Ru2S8_1_x025,94,37,ok,10,0.9127269289483034,0.4814950253518453,0.48927553515080835,0.6188525417466585,0.2240082764923655,0.6420000000000001,0.682,PROCAR,nurion
POSCAR_Ru2S8_1_x050,153,34,ok,10,0.9999254340333072,0.99993837724434,0.14377472116944756,0.999621967617153,0.9995980660924043,0.7480000000000001,0.7410000000000001,PROCAR,nurion
POSCAR_Ru2S8_1_y025,114,33,ok,10,0.9203557329701342,0.6690370343189022,0.6021863682631141,0.8191433703668484,0.2247736509530124,0.6600000000000001,0.7060000000000001,PROCAR,nurion
POSCAR_Ru2S8_1_y050,44,34,ok,10,0.8241490911877692,0.5632011229711041,0.5978580379084898,0.758407416677659,0.3912822124377573,0.713,0.6610000000000001,PROCAR,nurion
POSCAR_Ru2S8_1_z025,50,34,ok,10,0.9998166788087668,0.9998270405264236,0.9791541002149168,0.9997570043702347,0.9997863178810887,0.7840000000000001,0.7830000000000001,PROCAR,nurion
POSCAR_Ru2S8_1_z050,114,33,ok,10,0.995118891743172,0.8420183921154588,0.6454121321299412,0.8719879671420444,0.4587309576920341,0.685,0.687,PROCAR,nurion
POSCAR_Ru2Si1_1,18,13,ok,3,0.9999999977579929,0.9998727436271936,0.999999997289209,0.9958152024776906,0.9956623637957683,0.915,0.9169999999999999,PROCAR,local_backup
POSCAR_Ru2Si1_1_x950,183,14,ok,3,0.9999993698145849,0.9999987396112024,0.9999987396112024,0.9996464281129398,0.9996404880814004,0.9189999999999999,0.92,PROCAR,nurion
POSCAR_Ru2Si1_1_x975,29,15,ok,3,1.0,0.9999579383481336,0.9999999999999999,1.0,0.9994570023426471,0.8939999999999999,0.8939999999999999,PROCAR,nurion
POSCAR_Ru2Si1_1_z950,211,17,ok,3,0.9999999977624217,0.99999999752195,0.9999972958342123,0.99998630864284,0.9999685744922037,0.894,0.896,PROCAR,nurion
POSCAR_Ru2Si1_1_z975,18,14,ok,3,0.9999993711468622,0.9999962249361276,0.9999987422204331,0.9986475988414993,0.9986445485921304,0.9200000000000002,0.919,PROCAR,nurion
POSCAR_Ru2Sn2_3,190,27,ok,4,0.9980631685648053,0.7701066598831152,0.7606308778131933,0.6195116420401169,0.4698899472795517,0.782,0.74,PROCAR,local_backup
POSCAR_Ru2Sn2_3_st050,326,27,ok,4,0.9965623424533139,0.8285516839177468,0.865040727651002,0.9860189672013949,0.7838689912778098,0.646,0.707,PROCAR,tgm
POSCAR_Ru2Sn2_3_st975,257,29,ok,4,0.9992370540033512,0.9988918037590558,0.6343455206738475,0.9969283403439795,0.9976861102374388,0.798,0.8130000000000001,PROCAR,tgm
POSCAR_Ru2Sn2_3_x025,123,27,ok,4,0.9994749625669997,0.9914629991217628,0.3677374015839953,0.9353832640362592,0.8330804776279715,0.7180000000000001,0.704,PROCAR,nurion
POSCAR_Ru2Sn2_3_x050,83,27,ok,4,0.99759080821864,0.9874695420989894,0.3761622958064951,0.8855630469203596,0.7398584999437557,0.7010000000000001,0.7010000000000001,PROCAR,nurion
POSCAR_Ru2Sn2_3_x950,56,27,ok,4,0.9972911208330487,0.9983739504794611,0.3848910948787973,0.9849009893060724,0.9790151372442082,0.779,0.7540000000000002,PROCAR,nurion
POSCAR_Ru2Sn2_3_x975,183,27,ok,4,0.9999347596577541,0.9891797318796608,0.38365345306516774,0.8876896567143155,0.8903649547527671,0.752,0.772,PROCAR,nurion
POSCAR_Ru2Sn2_3_y025,56,27,ok,4,0.9995906610407276,0.9919330913700332,0.36391984506101815,0.9422443724504309,0.8492403377885186,0.721,0.7060000000000001,PROCAR,nurion
POSCAR_Ru2Sn2_3_y050,56,27,ok,4,0.9981469769740193,0.9883422384725556,0.3756272577311406,0.8736166788482858,0.736051589731796,0.703,0.7010000000000001,PROCAR,nurion
POSCAR_Ru2Sn2_3_y950,123,27,ok,4,0.9973373730045522,0.9983230096566414,0.3883964254079945,0.9844838951969039,0.9831742674671635,0.778,0.754,PROCAR,nurion
POSCAR_Ru2Sn2_3_y975,160,27,ok,4,0.99985534089508,0.9887856387693311,0.3882554070310972,0.8813370858822942,0.8700664074267221,0.754,0.771,PROCAR,nurion
POSCAR_Ru2Sn2_3_z025,160,27,ok,4,0.9831403730438637,0.9896101962244382,0.7003632521606425,0.4145459391323098,0.14128209027865143,0.745,0.7789999999999999,PROCAR,nurion
POSCAR_Ru2Sn2_3_z050,223,27,ok,4,0.999059668790041,0.9922951273765677,0.45042467063350217,0.9864962633999317,0.9715952057220008,0.74,0.732,PROCAR,nurion
POSCAR_Ru2Sn2_3_z950,299,29,ok,4,0.9900180184611276,0.8980500960541297,0.8689050144764252,0.9381164325583995,0.38007461389203534,0.7470000000000001,0.793,PROCAR,nurion
POSCAR_Ru2Sn2_3_z975,90,27,ok,4,0.9992876782383183,0.9941932650719635,0.32826349346545236,0.974450450119958,0.9358098455902734,0.716,0.6990000000000001,PROCAR,nurion
POSCAR_S2Ti2_2,302,18,ok,4,0.9999776286140256,0.9903561497372794,0.7040664822284671,0.8788703511953243,0.9100906917215701,0.666,0.668,PROCAR,local_backup
POSCAR_S2Ti2_2_st025,397,18,ok,4,0.9991744305628264,0.936884349702939,0.9871929088611415,0.8445081899425342,0.7270754693185904,0.708,0.647,PROCAR,tgm
POSCAR_S2Ti2_2_st050,96,18,ok,4,0.9966936919235186,0.3112129196967923,0.9593376987699788,0.2570110007852849,0.05860435463292441,0.634,0.851,PROCAR,tgm
POSCAR_S2Ti2_2_st975,396,18,ok,4,0.9999941823836366,0.9995470444537838,0.6123793065169902,0.9989552070118916,0.9988247366414995,0.677,0.6769999999999999,PROCAR,tgm
POSCAR_S2Ti2_2_x050,408,18,ok,4,0.9995136070801155,0.9725149098703041,0.9185670981543008,0.7666396242646153,0.6713219705215795,0.6299999999999999,0.679,PROCAR,nurion
POSCAR_S2Ti2_2_x950,267,18,ok,4,0.9999666934362115,0.9904341447544955,0.5683061957042875,0.9886810982696407,0.9823170541841082,0.748,0.742,PROCAR,nurion
POSCAR_S2Ti2_2_x975,361,18,ok,4,0.998921180860316,0.9814422391882053,0.8140637192183638,0.8748027149673899,0.6948468431691147,0.673,0.6799999999999999,PROCAR,nurion
POSCAR_S2Ti2_2_y050,396,18,ok,4,0.999511205686876,0.9718034369630095,0.9157254038699945,0.8244971153390244,0.6757873322149903,0.6779999999999999,0.628,PROCAR,nurion
POSCAR_S2Ti2_2_y950,256,18,ok,4,0.9999965756059921,0.9993854895735926,0.533860076716598,0.9993389760230682,0.9979042221566239,0.739,0.7309999999999999,PROCAR,nurion
POSCAR_S2Ti2_2_y975,289,18,ok,4,0.9989514377401899,0.9829151090139882,0.807154694688923,0.8188431559738851,0.6243468823946112,0.6819999999999999,0.671,PROCAR,nurion
POSCAR_S2V2_2,81,19,ok,4,0.9983959991696293,0.008559971075042102,0.998711669275062,0.1907261403241412,0.001081724897065994,0.8840000000000001,0.904,PROCAR,nurion
POSCAR_S2V2_2_st025,81,19,ok,4,0.9984601168019184,0.010158509972329574,0.9981676650589019,0.19433765024372307,0.0011941491582535362,0.8819999999999999,0.892,PROCAR,nurion
POSCAR_S2V2_2_st050,369,19,ok,4,0.9988397730748856,0.029630476055499233,0.9934936571610112,0.1805202133725788,0.0021746980213304774,0.8420000000000001,0.879,ToBeDelete_PROCAR,nurion
POSCAR_S2V2_2_st950,82,19,ok,4,0.9988962211041738,0.06555372162777504,0.9975227423522528,0.19217756831753507,0.006692096675407086,0.8720000000000001,0.8880000000000001,ToBeDelete_PROCAR,nurion
POSCAR_S2V2_2_st975,369,19,ok,4,0.9989895338184218,0.007427018394773131,0.999052027652062,0.1720175477916958,0.00017165882027695732,0.8819999999999999,0.911,PROCAR,nurion
POSCAR_S2V2_2_z025,225,19,ok,4,0.9983758049964571,0.007112233339365165,0.998685272776802,0.21203995158510747,0.0006127043322475869,0.887,0.9039999999999999,PROCAR,nurion
POSCAR_S2V2_3,131,17,ok,4,0.9909379298514983,0.4175603118538019,0.945552988406818,0.7348299708369339,0.4657165865562638,0.674,0.7090000000000001,ToBeDelete_PROCAR,nurion
POSCAR_S2V2_3_st025,175,17,ok,4,0.971997798881931,0.34811497189470686,0.9286722710973732,0.6361546390913938,0.38366584942291704,0.7260000000000001,0.662,ToBeDelete_PROCAR,nurion
POSCAR_S2V2_3_st050,319,17,ok,4,0.9942110584667919,0.045326198800823315,0.982308002813569,0.9398477199211394,0.03596241321957765,0.76,0.776,PROCAR,nurion
POSCAR_S2V2_3_st950,120,18,ok,4,0.9995837635421607,0.09385483324512628,0.999682344560876,0.9946864844204367,0.09691438255397217,0.81,0.793,PROCAR,nurion
POSCAR_S2V2_3_st975,131,17,ok,4,0.9977664727478992,0.43305934990979456,0.9581571352685738,0.8256879408405833,0.5081284032907885,0.686,0.7090000000000001,PROCAR,nurion
POSCAR_S2V2_3_x975,171,17,ok,4,0.9997008576327251,0.38210709991261327,0.9560846462089526,0.7673436475175228,0.4110216397049549,0.685,0.7060000000000001,PROCAR,nurion
POSCAR_S2V2_3_y025,171,17,ok,4,0.9891521566301756,0.4025333352032446,0.9457009997011725,0.6718884547666276,0.4158702216905628,0.6739999999999999,0.7170000000000001,PROCAR,nurion
POSCAR_S2V2_3_y050,171,17,ok,4,0.9831482712640585,0.3356127700862467,0.9437592295674794,0.6115353683287285,0.3453442590601785,0.6819999999999999,0.735,PROCAR,nurion
POSCAR_S2V2_3_y950,79,17,ok,4,0.9988396075802345,0.34763415820777194,0.9537284884338857,0.8454154579466824,0.3987529443617914,0.696,0.7040000000000001,PROCAR,nurion
POSCAR_S2V2_3_y975,79,17,ok,4,0.9998410212984633,0.3828370424321897,0.9571715941701077,0.7934487191581785,0.4487063585813766,0.6840000000000002,0.7060000000000001,PROCAR,nurion
POSCAR_S2V2_3_z025,131,17,ok,4,0.9956385089768818,0.34724815928523234,0.9512297783625753,0.7406433945341839,0.391979581507423,0.6760000000000003,0.7090000000000001,PROCAR,nurion
POSCAR_S2V2_3_z050,131,17,ok,4,0.9999177150310878,0.26848469667033553,0.9581657104828051,0.776770347621483,0.30472151409217596,0.682,0.7100000000000001,PROCAR,nurion
POSCAR_S2V2_3_z950,131,17,ok,4,0.9853693929429931,0.4351157269695631,0.9525571930744249,0.7558680816975244,0.5056192346388263,0.6920000000000001,0.735,PROCAR,nurion
POSCAR_S2V2_3_z975,131,17,ok,4,0.98780351037102,0.4548583076631626,0.9491954134472703,0.7457239615473397,0.5099701068939072,0.6790000000000002,0.7200000000000001,PROCAR,nurion
POSCAR_S2V2_4,71,17,ok,4,0.9568682266742297,0.07406245655229168,0.9764954799123503,0.6416583925649394,0.06444372173905115,0.807,0.771,PROCAR,nurion
POSCAR_S2V2_4_st025,71,17,ok,4,0.9593667368026856,0.051966249422779116,0.9783612298006327,0.5520467818125652,0.036712210207727566,0.8160000000000001,0.771,ToBeDelete_PROCAR,nurion
POSCAR_S2V2_4_st050,71,17,ok,4,0.9636657445253697,0.03999060841976733,0.9809567389253611,0.5004780936871144,0.02304126048007785,0.8200000000000001,0.7749999999999999,PROCAR,nurion
POSCAR_S2V2_4_st950,71,17,ok,4,0.9555751565168589,0.1475556164828252,0.9735866241230018,0.767794890765247,0.15488378761830135,0.793,0.767,PROCAR,nurion
POSCAR_S2V2_4_st975,71,17,ok,4,0.9547074384162564,0.1035151641675519,0.9743563836944306,0.7143051263672378,0.1029393226953649,0.799,0.771,PROCAR,nurion
POSCAR_S2V2_4_x025,71,17,ok,4,0.9465200876330114,0.06599586443135244,0.9708926897293703,0.5143219482762936,0.04443985850646292,0.8089999999999999,0.763,PROCAR,nurion
POSCAR_S2V2_4_x050,71,17,ok,4,0.9459834001032015,0.06110308463732406,0.970775288262977,0.3813858947392186,0.0314390850708446,0.804,0.765,PROCAR,nurion
POSCAR_S2V2_4_x950,161,17,ok,4,0.956417685855793,0.08461650657675289,0.9759723336304841,0.738645336485585,0.07845379087818091,0.769,0.7969999999999999,PROCAR,nurion
POSCAR_S2V2_4_x975,161,17,ok,4,0.9554774721078041,0.07888624120347039,0.9756365813056819,0.7155601352974543,0.06930835279360606,0.771,0.8029999999999999,PROCAR,nurion
POSCAR_S2V2_4_y025,161,17,ok,4,0.9462160156735295,0.06578876939886542,0.970490214774445,0.584884779938358,0.042551900721395405,0.7650000000000001,0.8079999999999999,PROCAR,nurion
POSCAR_S2V2_4_y050,161,17,ok,4,0.9472535345878993,0.06321896269992726,0.9711920234205331,0.46144823190552775,0.029650167945365336,0.7670000000000001,0.8050000000000002,PROCAR,nurion
POSCAR_S2V2_4_y950,71,17,ok,4,0.9556516814531505,0.08414981938177926,0.9755493588093584,0.7064500010574994,0.08705773583187867,0.7949999999999999,0.769,PROCAR,nurion
POSCAR_S2V2_4_y975,71,17,ok,4,0.9551592723877301,0.07877168593812157,0.9754573362278947,0.6773017952620833,0.07568199663264485,0.804,0.773,PROCAR,nurion
POSCAR_S2V2_4_z025,71,17,ok,4,0.9670443329526456,0.0628043475112676,0.9823108239115799,0.7102870103476308,0.06118184752354358,0.8089999999999999,0.778,PROCAR,nurion
POSCAR_S2V2_4_z050,71,17,ok,4,0.9753880088718319,0.056957849428361504,0.9872332277834027,0.7728563486859332,0.059102262143028286,0.812,0.784,PROCAR,nurion
POSCAR_S2V2_4_z950,71,17,ok,4,0.9256948541375011,0.10688144948969984,0.9572140807824601,0.4922053348157474,0.0692635858617038,0.808,0.756,PROCAR,nurion
POSCAR_Sb2Ti2_1,160,15,ok,4,0.9875367810486169,0.9588890878900869,0.5489590339949447,0.9565005205111733,0.839975412032835,0.566,0.5900000000000001,PROCAR,local_backup
POSCAR_Sb2Ti2_1_st025,160,15,ok,4,0.8561645574180853,0.8366021031281915,0.49634615644328367,0.07899638139418703,0.05605585283773019,0.513,0.574,PROCAR,tgm
POSCAR_Sb2Ti2_1_st050,156,15,ok,4,0.9989057353224591,0.7300631633368688,0.8911257096651775,0.9913477782122415,0.5602353998009915,0.5519999999999999,0.562,PROCAR,tgm
POSCAR_Sb2Ti2_1_st950,260,16,ok,4,0.9971951630226639,0.998043355612745,0.3919239107887,0.9950539003470675,0.9958511725640931,0.579,0.591,PROCAR,tgm
POSCAR_Sb2Ti2_1_st975,323,16,ok,4,0.9977659671345362,0.9207797987069716,0.7851841793308237,0.9878257534027357,0.8722527402950734,0.532,0.536,PROCAR,tgm
POSCAR_Sb2Ti2_1_x025,193,16,ok,4,0.9648038161234932,0.9744079178347238,0.6258819960157007,0.16051781689412836,0.19049171588501337,0.541,0.486,PROCAR,nurion
POSCAR_Sb2Ti2_1_x050,193,16,ok,4,0.9994607502665325,0.9783104377632987,0.5631107211764067,0.4212593561728548,0.4240543526614647,0.538,0.513,PROCAR,nurion
POSCAR_Sb2Ti2_1_x950,223,15,ok,4,0.9923855294643901,0.9792136789336999,0.4847441142538439,0.9663908577054828,0.9000237514732876,0.599,0.5780000000000001,PROCAR,nurion
POSCAR_Sb2Ti2_1_x975,223,15,ok,4,0.990858094261374,0.9699138460315967,0.5346780546350954,0.9683089601190935,0.8793169603609062,0.5940000000000001,0.575,PROCAR,nurion
POSCAR_Sb2Ti2_1_y025,256,16,ok,4,0.9943141316418738,0.8124226551374865,0.9602961270506795,0.994846122359626,0.7593226196700752,0.4690000000000001,0.507,PROCAR,nurion
POSCAR_Sb2Ti2_1_y950,156,15,ok,4,0.991605114854376,0.9786719958922454,0.45793167520526357,0.964851927499346,0.897042366739601,0.5980000000000001,0.5780000000000001,PROCAR,nurion
POSCAR_Sb2Ti2_1_y975,157,15,ok,4,0.9687946966286359,0.9632943945052728,0.36184801777044245,0.8563659870997682,0.811108864864076,0.5810000000000002,0.551,PROCAR,nurion
POSCAR_Sb2Ti2_1_z025,183,15,ok,4,0.9624068178898866,0.8943703263467316,0.6617074236349317,0.7688029699742424,0.6237604542916073,0.549,0.5790000000000001,PROCAR,nurion
POSCAR_Sb2Ti2_1_z050,156,15,ok,4,0.9859196313712734,0.9197789157522241,0.6326343104986185,0.9644190841477288,0.7453327176758513,0.5750000000000001,0.552,PROCAR,nurion
POSCAR_Sb2Ti2_1_z950,160,16,ok,4,0.9997057821690845,0.9917262583247318,0.5304652815461335,0.8693358969326468,0.8534138950514428,0.586,0.5890000000000001,PROCAR,nurion
POSCAR_Sb2Ti2_1_z975,193,16,ok,4,0.9926280909591125,0.9833612984558324,0.42562034325852255,0.7849741940061729,0.7606701669319033,0.553,0.557,PROCAR,nurion
POSCAR_Sc2Te2_1,191,17,ok,4,0.9999847473361819,0.9920710280330698,0.9379501302508398,0.9996175267455347,0.9913145956120358,0.593,0.598,PROCAR,local_backup
POSCAR_Sc2Te2_1_x950,201,17,ok,4,0.9999999850020226,0.9998004799566854,0.9950555471412901,0.9999538769401369,0.9997590587224326,0.571,0.569,PROCAR,nurion
POSCAR_Sc2Te2_1_x975,179,17,ok,4,0.999998319124942,0.9994216683491615,0.9988002560309079,0.9990618442827974,0.9982812940255249,0.5850000000000001,0.5860000000000001,PROCAR,nurion
POSCAR_Sc2Te2_1_y050,241,17,ok,4,0.9999882791699735,0.9995229609716522,0.9889430843031798,0.9998725086972973,0.9992544006379349,0.606,0.607,PROCAR,nurion
POSCAR_Sc2Te2_1_y950,179,17,ok,4,0.999998392771943,0.9996675118502321,0.9952361038075103,0.9999319957077705,0.9996227782232345,0.5710000000000001,0.5730000000000001,PROCAR,nurion
POSCAR_Sc2Te2_1_y975,201,17,ok,4,0.9999984399762598,0.9992214069649951,0.9990593021046889,0.9996208308510445,0.9986179675350946,0.588,0.586,PROCAR,nurion
POSCAR_Sc2Te2_1_z025,192,17,ok,4,0.9999923296340424,0.9878228889460362,0.916823139841748,0.9987250527207019,0.986898262611188,0.5930000000000001,0.5910000000000001,PROCAR,nurion
POSCAR_Sc2Te2_1_z050,251,17,ok,4,1.0,0.9998980347834087,0.8893648822639394,0.9999919207215333,0.9998700266140644,0.5880000000000001,0.5880000000000001,PROCAR,nurion
POSCAR_Se2Ti2_1,102,18,ok,4,0.9997203887867463,0.5497296332306914,0.9909273508904992,0.9346866810242073,0.2489691379786183,0.781,0.6839999999999999,PROCAR,local_backup
POSCAR_Se2Ti2_1_st025,207,18,ok,4,0.9884944756776503,0.0738096867409338,0.9932495882276385,0.9325130876674266,0.07820709645155122,0.807,0.801,PROCAR,tgm
POSCAR_Se2Ti2_1_st050,382,18,ok,4,0.9999952419428987,0.8789603835009394,0.7542114835182225,0.9974010365220783,0.5640706485931077,0.733,0.73,PROCAR,tgm
POSCAR_Se2Ti2_1_st950,246,18,ok,4,0.999829433813215,0.9959793638094669,0.7536363007479705,0.9697507387073891,0.9401545541738788,0.707,0.719,PROCAR,tgm
POSCAR_Se2Ti2_1_st975,102,18,ok,4,0.9998448542604478,0.8432149189230798,0.8858830665677558,0.7927779774874634,0.5447668265680468,0.725,0.7240000000000001,PROCAR,tgm
POSCAR_Se2Ti2_1_x950,328,18,ok,4,0.9989053949817558,0.9310418897566527,0.9990088536508565,0.9206898136444946,0.6320908190898271,0.7350000000000001,0.674,PROCAR,nurion
POSCAR_Se2Ti2_4,7,18,ok,4,0.9905089509228089,0.9300492394941995,0.638206312983718,0.878106290226557,0.7302609110679777,0.68,0.669,PROCAR,local_backup
POSCAR_Se2V2_1,84,17,ok,4,0.9766072450467251,0.04855931556509302,0.9878054712183443,0.6662815649238206,0.030895106802957976,0.819,0.797,ToBeDelete_PROCAR,nurion
POSCAR_Se2V2_1_st025,153,17,ok,4,0.9952184636700124,0.14608959130879967,0.9961514413053032,0.27010577037547756,0.10481958112375915,0.7480000000000001,0.768,PROCAR,nurion
POSCAR_Se2V2_1_st050,153,17,ok,4,0.9714164185572147,0.1325138109264918,0.9771803804094178,0.5966789085197549,0.10261376981580503,0.7200000000000001,0.8220000000000001,ToBeDelete_PROCAR,nurion
POSCAR_Se2V2_1_st950,84,17,ok,4,0.9448421953360533,0.09609101207479624,0.967972043382726,0.5970699072625285,0.06495331811323883,0.817,0.789,PROCAR,nurion
POSCAR_Se2V2_1_st975,84,17,ok,4,0.9636305249991389,0.06359155728817961,0.9805951790500579,0.6365541586407445,0.04171497174088476,0.8170000000000001,0.792,PROCAR,nurion
POSCAR_Se2V2_1_x975,84,17,ok,4,0.9667016738976636,0.04740614246396278,0.9827229738893766,0.6348472835797229,0.02930508911299712,0.8140000000000001,0.792,PROCAR,nurion
POSCAR_Se2V2_1_y025,163,17,ok,4,0.9977169458245846,0.12756826291302945,0.9951088226988605,0.329423605918612,0.08040684232566986,0.7450000000000001,0.8009999999999999,PROCAR,nurion
POSCAR_Se2V2_1_y050,70,17,ok,4,0.938516440676215,0.13457902014178652,0.9627087791433818,0.27495540913484706,0.0854264893711656,0.775,0.7370000000000001,PROCAR,nurion
POSCAR_Se2V2_1_y950,71,17,ok,4,0.9535228109066222,0.051228694526549545,0.9753613564282714,0.4299015945520791,0.025094521407152997,0.8109999999999999,0.79,PROCAR,nurion
POSCAR_Se2V2_1_y975,71,17,ok,4,0.9675800923575456,0.049149394932412216,0.983033809063388,0.5549542217745785,0.030718350298250204,0.8170000000000002,0.794,PROCAR,nurion
POSCAR_Se2V2_1_z025,84,17,ok,4,0.9819357277629788,0.05416871815416941,0.9902777605225613,0.8374484200337741,0.052853197904495934,0.8130000000000001,0.791,PROCAR,nurion
POSCAR_Se2V2_1_z050,84,17,ok,4,0.9892167008197821,0.06917063802040886,0.9939960228221708,0.8818832259180414,0.07446087297457145,0.7989999999999999,0.787,PROCAR,nurion
POSCAR_Se2V2_1_z950,163,17,ok,4,0.9990619936301754,0.13421708375743666,0.9958035517176018,0.3971478105896614,0.0766290414228976,0.7710000000000001,0.8150000000000001,PROCAR,nurion
POSCAR_Se2V2_1_z975,163,17,ok,4,0.9871690945707413,0.07297124622561217,0.9926360410586758,0.4191578583319228,0.04092636670097021,0.794,0.806,PROCAR,nurion
POSCAR_Te2V2_1,162,18,ok,4,0.9738195192980525,0.8876819875991981,0.9489731474900125,0.943074482273877,0.888757915173499,0.632,0.573,PROCAR,nurion
POSCAR_Te2V2_1_st025,235,18,ok,4,0.9973152356262106,0.6560175149052277,0.9878029868443141,0.9406943114107512,0.6407932553401813,0.63,0.627,PROCAR,nurion
POSCAR_Te2V2_1_st050,193,17,ok,4,0.963212825595234,0.0322441448097995,0.9814187121563196,0.621171212659427,0.027476416547100892,0.716,0.839,ToBeDelete_PROCAR,nurion
POSCAR_Te2V2_1_st950,61,19,ok,4,0.9960630138330315,0.542459348340725,0.9974916817685209,0.9855949982571076,0.6162544832385605,0.7190000000000001,0.6829999999999999,ToBeDelete_PROCAR,nurion
POSCAR_Te2V2_1_st975,162,18,ok,4,0.9660686208777298,0.8368471502259849,0.928852342819339,0.9000612912690582,0.8169696854586519,0.669,0.602,PROCAR,nurion
POSCAR_Te2V2_1_x025,163,18,ok,4,0.9696956377880632,0.8726475793661178,0.9443749461753093,0.9436858165479035,0.8836089784300025,0.622,0.5579999999999999,ToBeDelete_PROCAR,nurion
POSCAR_Te2V2_1_x050,163,18,ok,4,0.970011660952722,0.8659474108932261,0.9466143319266749,0.948171905315404,0.8860519016989212,0.611,0.549,ToBeDelete_PROCAR,nurion
POSCAR_Te2V2_1_x950,60,19,ok,4,0.9931328880191139,0.27416785224289425,0.9923534363615587,0.889925703919562,0.3238957731360803,0.7540000000000001,0.69,ToBeDelete_PROCAR,nurion
POSCAR_Te2V2_1_x975,162,18,ok,4,0.9669892633869287,0.852766932963509,0.9368759768118069,0.9237106129593345,0.8495080369455594,0.6460000000000001,0.581,ToBeDelete_PROCAR,nurion
POSCAR_Te2V2_1_y025,162,18,ok,4,0.9704683798083628,0.8725808140332426,0.9441542709405223,0.9429558577591948,0.8818439827124382,0.6200000000000001,0.5589999999999999,ToBeDelete_PROCAR,nurion
POSCAR_Te2V2_1_y050,162,18,ok,4,0.968894399444523,0.8663699215698468,0.9465149394197353,0.9455714795547645,0.878052743879802,0.613,0.546,ToBeDelete_PROCAR,nurion
POSCAR_Te2V2_1_y950,83,19,ok,4,0.9915588548809909,0.2725306427261024,0.9918187009015184,0.8693260378005111,0.29402059771382605,0.7500000000000001,0.687,ToBeDelete_PROCAR,nurion
POSCAR_Te4Ti2_1,1,20,ok,6,0.9988533109448442,0.8273207065746937,0.9912562684007148,0.9990798772558689,0.8734702305665379,0.585,0.5810000000000001,PROCAR,local_backup
POSCAR_Te4Ti2_1_st025,1,20,ok,6,0.9986995303938981,0.8359511538335257,0.9942962003442828,0.9989910539939346,0.8790380139165611,0.579,0.567,PROCAR,tgm
POSCAR_Te4Ti2_1_st050,1,20,ok,6,0.9986538729523841,0.8463278161255502,0.9959605328267603,0.9992083671693822,0.8838351733661074,0.568,0.5559999999999999,PROCAR,tgm
POSCAR_Te4Ti2_1_st950,192,23,ok,6,0.9999892544284824,0.12709366409569095,0.999101067836726,0.9985270727678358,0.10991031349314861,0.7849999999999999,0.783,PROCAR,tgm
POSCAR_Te4V2_1,27,18,ok,6,0.840176978167164,0.12215072787026507,0.8823667371889181,0.5121872768480985,0.12865067251116358,0.5480000000000002,0.6880000000000001,PROCAR,nurion
POSCAR_Te4V2_1_st025,76,23,ok,6,0.9936129774571136,0.18037545485970494,0.9954512674113887,0.5322450901433392,0.11027732020121728,0.64,0.68,ToBeDelete_PROCAR,nurion
POSCAR_Te4V2_1_st050,28,17,ok,6,0.999745489382543,0.07161473602158748,0.9979056866927865,0.9127078022848063,0.07112644344820096,0.6520000000000001,0.648,PROCAR,nurion
POSCAR_Te4V2_1_st950,135,23,ok,6,0.9779602045890269,0.18541175606506455,0.9057139798332885,0.6724731702228477,0.13430136038079837,0.6670000000000001,0.7040000000000001,ToBeDelete_PROCAR,nurion
POSCAR_Te4V2_1_st975,179,18,ok,6,0.9903761413245072,0.4687624854008471,0.8526133494138457,0.9227924301160717,0.4948088189105614,0.556,0.549,PROCAR,nurion
POSCAR_Tl2Zr2_1,154,25,ok,4,0.9710659867079122,0.48796195127605424,0.9703507756632368,0.8075131468243318,0.3888989644391828,0.525,0.457,PROCAR,local_backup
POSCAR_Tl2Zr2_1_st050,92,25,ok,4,0.9840289320147088,0.26973086944511077,0.9925909823623844,0.8700390535732299,0.21746414463824382,0.512,0.431,PROCAR,tgm
