mag_atom_name,structure,fermi_level,gamma_avg_meV,band_number,max_split_eV,kx,ky,kz,ion1_tot,ion2_tot,overall_tot
Ag,POSCAR_Ag2F6_3_x950,-1.1074,0.115,32,0.003334,-0.125,0,0.375,-0.004,0.004,-0.001
Ag,POSCAR_Ag2F6_3_y025,-1.9779,1.63,32,0.030328,0.125,0.5,0.125,0.132,-0.127,0.008
Ag,POSCAR_Ag2F6_3_y950,-1.0884,0.179,32,0.005466,0.5,0.5,0.5,0.006,-0.006,0.001
Ag,POSCAR_Ag2F6_3_y975,-1.4069,0.347,31,0.00841,0.5,0.5,0.5,0.008,-0.007,0.003
Ag,POSCAR_Ag2F6_3_z025,-1.9603,2.191,32,0.077982,0.25,0.25,0.5,0.109,-0.108,0.002
Ag,POSCAR_Ag2F6_3_z950,-1.0932,0.156,31,0.015396,0.5,0,0,0.015,-0.015,0
Ag,POSCAR_Ag2F6_3_z975,-1.4055,1.319,31,0.064037,0,0.5,0,0.096,-0.096,0.001
Ag,POSCAR_Al10Fe2_1_x025,7.5201,3.728,21,0.021152,0.1,0.3,0,3.065,-3.068,-0.003
Ag,POSCAR_Al10Fe2_1_x050,7.2685,3.429,16,0.012359,0,0.5,0,3.09,-3.095,-0.006
Ag,POSCAR_Al10Fe2_1_x975,8.0252,3.407,17,0.047069,0,0.1,0.25,3.004,-3.007,-0.003
Ag,POSCAR_Al10Fe2_1_y050,7.278,3.386,17,0.012021,0,0.5,0,3.084,-3.09,-0.007
Ag,POSCAR_Al10Fe2_1_y950,8.294,4.243,17,0.023348,0,0.5,0.5,2.967,-2.972,-0.006
Ag,POSCAR_Al10Fe2_1_y975,8.0184,3.122,17,0.033551,-0.1,0,0.25,3.007,-3.011,-0.003
Ag,POSCAR_Al10Fe2_1_z025,7.5034,3.583,18,0.015864,0,0.5,0.5,3.057,-3.061,-0.006
Ag,POSCAR_Al10Fe2_1_z050,7.289,6.381,22,0.021833,-0.2,0,0.25,3.26,-3.264,-0.004
Ag,POSCAR_Al10Fe2_1_z950,8.308,84,23,0.602392,-0.4,0.3,0,2.932,-2.92,-0.007
Ag,POSCAR_Al10Fe2_1_z975,8.0408,4.17,18,0.04354,0.2,0,0.25,3.001,-3.005,-0.005
Ag,POSCAR_Al2Fe2_2_x025,6.7768,3.166,12,0.027716,-0.333333,0.363636,0.125,3.16,-3.16,0
Ag,POSCAR_Al2Fe2_2_x050,6.5782,1.63,11,0.007001,0.5,0.272727,0.375,3.175,-3.175,0
Ag,POSCAR_Al2Fe2_2_x950,7.4053,1.769,11,0.010943,0.333333,-0.454545,0.375,2.784,-2.785,-0.001
Ag,POSCAR_Al2Fe2_2_x975,7.1981,3.587,11,0.031944,0.5,0.272727,0.375,2.824,-2.826,-0.001
Ag,POSCAR_Al2Fe2_2_y025,6.7852,2.961,12,0.014834,-0.333333,-0.272727,0.125,3.138,-3.14,-0.002
Ag,POSCAR_Al2Fe2_2_y050,6.6232,9.856,12,0.072019,-0.25,-0.181818,0.375,3.179,-3.186,-0.008
Ag,POSCAR_Al2Fe2_2_y950,7.476,1.022,11,0.005462,-0.333333,0.272727,0.25,2.804,-2.805,-0.001
Ag,POSCAR_Al2Fe2_2_z025,6.7379,8.695,11,0.042408,-0.416667,0.272727,0.25,2.889,-2.883,0.006
Ag,POSCAR_Al2Fe2_2_z050,6.5364,2.822,11,0.017962,0.5,0.272727,0.375,2.914,-2.913,0
Ag,POSCAR_Al2Fe2_2_z950,7.369,1.616,12,0.00829,-0.416667,0.454545,0.5,2.938,-2.938,0
Ag,POSCAR_Al2Fe2_2_z975,7.185,1.228,12,0.006618,0.416667,0.363636,0,3.055,-3.055,0
Ag,POSCAR_Al2Mn2_2_x025,7.5053,2.01,16,0.00999,0.461539,-0.384615,0.428571,4.154,-4.153,0.001
Ag,POSCAR_Al2Mn2_2_x050,7.2666,1.957,16,0.010084,0.461539,-0.384615,0.428571,4.201,-4.2,0.001
Ag,POSCAR_Al2Mn2_2_x950,8.1732,3.293,16,0.011284,0.384615,-0.461539,0.428571,3.984,-3.979,0.005
Ag,POSCAR_Al2Mn2_2_x975,7.9533,5.516,16,0.011581,-0.076923,-0.076923,0.428571,4.044,-4.038,0.006
Ag,POSCAR_Al2Mn2_2_y025,7.5053,2.01,16,0.009996,0.384615,-0.461539,0.428571,4.154,-4.153,0.001
Ag,POSCAR_Al2Mn2_2_y050,7.2666,1.958,16,0.01009,0.384615,-0.461539,0.428571,4.201,-4.2,0.001
Ag,POSCAR_Al2Mn2_2_y950,8.1732,3.286,16,0.011279,0.461539,-0.384615,0.428571,3.984,-3.979,0.005
Ag,POSCAR_Al2Mn2_2_y975,7.9533,5.511,16,0.011576,0.076923,0.076923,0.428571,4.044,-4.038,0.006
Ag,POSCAR_Al2Mn2_2_z025,7.4805,2.201,16,0.010663,0.384615,-0.461539,0.428571,4.136,-4.133,0.003
Ag,POSCAR_Al2Mn2_2_z050,7.2594,2.11,16,0.009765,0.384615,-0.461539,0.428571,4.176,-4.174,0.001
Ag,POSCAR_Al2Mn2_2_z950,8.2479,2.614,16,0.010735,0.307692,-0.461539,0.428571,4.007,-4.005,0.002
Ag,POSCAR_Al2Mn2_2_z975,7.9802,2.233,16,0.010537,0.307692,-0.461539,0.428571,4.041,-4.04,0.001
Ag,POSCAR_Al3Fe2_2_x025,6.3629,1.356,10,0.008255,0.2,0.5,0.333333,2.859,-2.861,-0.001
Ag,POSCAR_Al3Fe2_2_x050,6.2294,1.385,10,0.007952,0.5,0.125,0,2.935,-2.936,-0.002
Ag,POSCAR_Al3Fe2_2_x950,7.1111,1.012,10,0.009013,0.2,0.375,0.444444,2.717,-2.717,0
Ag,POSCAR_Al3Fe2_2_x975,6.9073,1.182,10,0.008457,0.2,-0.375,0.333333,2.801,-2.801,0
Ag,POSCAR_Al3Fe2_2_y025,6.4849,1.063,13,0.011615,0.4,-0.25,0.333333,2.88,-2.882,-0.001
Ag,POSCAR_Al3Fe2_2_y050,6.2952,1.67,13,0.010364,0.4,-0.25,0.222222,2.917,-2.917,0.001
Ag,POSCAR_Al3Fe2_2_y950,6.947,8.465,12,0.036523,0,-0.125,0.444444,2.585,-2.575,0.009
Ag,POSCAR_Al3Fe2_2_y975,6.7663,2.031,13,0.010483,0.1,0.375,0,2.694,-2.693,0.002
Ag,POSCAR_Al3Fe2_2_z025,6.4475,1.295,10,0.007795,0.2,-0.375,0.333333,2.869,-2.869,0
Ag,POSCAR_Al3Fe2_2_z050,6.2325,1.616,14,0.013742,-0.3,-0.125,0.111111,2.892,-2.892,0
Ag,POSCAR_Al3Fe2_2_z950,7.2231,1.901,10,0.00858,0.4,0.125,0,2.731,-2.731,0
Ag,POSCAR_Al3Fe2_2_z975,6.9387,1.184,10,0.008667,0.2,-0.375,0.333333,2.807,-2.807,0
Ag,POSCAR_Al5Mn2_1_x025,7.369,3.898,20,0.015286,-0.444444,0.444444,0.5,4.251,-4.25,0.002
Ag,POSCAR_Al5Mn2_1_x050,7.124,3.857,20,0.015588,-0.444444,0.444444,0.5,4.283,-4.281,0.003
Ag,POSCAR_Al5Mn2_1_x950,8.1178,4.508,20,0.014834,-0.444444,0.444444,0.5,4.14,-4.14,0.001
Ag,POSCAR_Al5Mn2_1_x975,7.8463,3.873,20,0.014906,0.444444,0,0.5,4.18,-4.181,0
Ag,POSCAR_Al5Mn2_1_y025,7.3595,3.946,20,0.015101,-0.444444,0.444444,0.5,4.251,-4.251,0.001
Ag,POSCAR_Al5Mn2_1_y050,7.1141,4.542,20,0.015316,-0.444444,0.444444,0.5,4.283,-4.282,0.003
Ag,POSCAR_Al5Mn2_1_y950,8.113,3.848,18,0.014216,0.333333,0.111111,0.5,4.141,-4.141,0.001
Ag,POSCAR_Al5Mn2_1_y975,7.8577,5.05,18,0.01486,0.333333,0.111111,0.5,4.181,-4.179,0.003
Ag,POSCAR_Al5Mn2_1_z025,7.3657,4.49,21,0.01486,0,0,0,4.254,-4.254,0
Ag,POSCAR_Al5Mn2_1_z050,7.1226,4.448,21,0.014306,0,0,0,4.28,-4.281,-0.001
Ag,POSCAR_Al5Mn2_1_z950,8.1094,5.573,19,0.015269,-0.444444,0.444444,0.5,4.137,-4.134,0.005
Ag,POSCAR_Al5Mn2_1_z975,7.8513,4.882,20,0.015625,-0.444444,0.444444,0.5,4.18,-4.179,0.002
Ag,POSCAR_As1V2_1_x025,7.5387,0.84,16,0.006343,-0.416667,0.416667,0.375,2.581,-2.581,0
Ag,POSCAR_As1V2_1_x050,7.2952,0.775,16,0.005809,-0.333333,0.25,0.375,2.606,-2.606,0
Ag,POSCAR_As1V2_1_x950,8.3812,1.255,16,0.005735,-0.416667,0.416667,0.375,2.495,-2.495,0
Ag,POSCAR_As1V2_1_x975,8.0925,1.025,16,0.006191,-0.416667,0.416667,0.375,2.525,-2.524,0
Ag,POSCAR_As1V2_1_y025,7.5377,1.036,16,0.006241,-0.416667,0.416667,0.375,2.582,-2.582,0
Ag,POSCAR_As1V2_1_y050,7.2977,1.158,16,0.005902,-0.333333,0.333333,0.375,2.609,-2.609,0
Ag,POSCAR_As1V2_1_y950,8.3798,0.987,16,0.006592,-0.416667,0.416667,0.375,2.492,-2.492,0.001
Ag,POSCAR_As1V2_1_y975,8.0959,0.901,16,0.005919,-0.416667,0.416667,0.375,2.523,-2.523,0
Ag,POSCAR_As1V2_1_z025,7.487,0.912,16,0.005736,-0.416667,0.333333,0.375,2.581,-2.582,0
Ag,POSCAR_As1V2_1_z050,7.1769,1.196,16,0.006135,-0.416667,0.333333,0.375,2.607,-2.607,0
Ag,POSCAR_As1V2_1_z950,8.4773,1.029,16,0.006102,-0.333333,0.333333,0.375,2.48,-2.48,0
Ag,POSCAR_As1V2_1_z975,8.1416,1.07,16,0.006598,-0.416667,0.416667,0.375,2.519,-2.518,0
Ag,POSCAR_As2Cr2_1_x950,6.9444,107.485,16,0.77494,-0.307692,-0.461539,0.2,3.977,-3.973,0.008
Ag,POSCAR_As2Cr2_1_x975,6.6467,81.459,16,0.756644,-0.307692,-0.461539,0.4,3.986,-3.984,0.005
Ag,POSCAR_As2Cr2_1_y950,6.944,107.739,16,0.768301,0.461539,0.307692,0.4,3.974,-3.977,-0.009
Ag,POSCAR_As2Cr2_1_y975,6.6496,83.608,16,0.763845,-0.461539,-0.307692,0.4,3.985,-3.984,-0.003
Ag,POSCAR_As2Cr2_1_z025,6.0708,3.628,16,0.688894,-0.461539,-0.307692,0.4,4.022,-4.02,0.001
Ag,POSCAR_As2Cr2_1_z050,5.8054,2.739,16,0.670694,-0.461539,-0.307692,0.4,4.049,-4.049,-0.001
Ag,POSCAR_As2Cr2_1_z950,6.9333,3.609,17,0.868294,0.384615,-0.076923,0.2,3.928,-3.93,-0.002
Ag,POSCAR_As2Cr2_1_z975,6.6387,4.593,17,0.805968,0.384615,-0.076923,0.2,3.963,-3.965,-0.004
Ag,POSCAR_As2Cr2_4_x025,6.5945,1.773,17,0.016136,0,0.5,0.2,4.098,-4.097,0.001
Ag,POSCAR_As2Cr2_4_x050,6.3367,2.335,17,0.013975,0,0.428571,0.2,4.107,-4.107,-0.001
Ag,POSCAR_As2Cr2_4_x950,7.4223,2.741,17,0.017682,0,0.5,0,4.065,-4.064,0.002
Ag,POSCAR_As2Cr2_4_x975,7.1333,2.152,17,0.017416,0,0.5,0,4.076,-4.075,0.001
Ag,POSCAR_As2Cr2_4_y025,6.5823,1.603,17,0.014218,0,0.5,0.2,4.098,-4.097,0.001
Ag,POSCAR_As2Cr2_4_y050,6.3116,1.879,17,0.014009,0,0.5,0.2,4.107,-4.106,0.001
Ag,POSCAR_As2Cr2_4_y950,7.4203,2.824,17,0.017292,0,0.5,0.2,4.066,-4.064,0.003
Ag,POSCAR_As2Cr2_4_y975,7.1279,3.974,17,0.01333,0,0.5,0.2,4.076,-4.078,-0.004
Ag,POSCAR_As2Cr2_4_z025,6.5765,1.357,17,0.01425,0,0.5,0.2,4.109,-4.109,0.001
Ag,POSCAR_As2Cr2_4_z050,6.2981,1.94,17,0.015783,0,0.5,0,4.135,-4.133,0.002
Ag,POSCAR_As2Cr2_4_z950,7.4652,6.515,17,0.025485,0,0.5,0.2,4.029,-4.024,0.009
Ag,POSCAR_As2Cr2_4_z975,7.1219,2.562,17,0.01708,0,0.5,0.2,4.057,-4.056,0.002
Ag,POSCAR_As2Mo2_1_z025,8.3382,0.599,19,0.825663,-0.166667,-0.333333,0.285714,2.42,-2.42,0
Ag,POSCAR_As2Mo2_1_z050,8.0313,0.463,19,0.85641,0.166667,-0.333333,0.142857,2.493,-2.493,0
Ag,POSCAR_As2Mo2_1_z950,9.318,0.535,17,0.765184,0.25,0,0.428571,2.138,-2.138,0
Ag,POSCAR_As2Mo2_1_z975,8.9919,0.535,17,0.865291,0.25,0,0.428571,2.245,-2.245,0
Ag,POSCAR_As2Mo2_3_x950,9.8585,0.202,19,0.750309,0.416667,-0.333333,0.166667,0.894,-0.894,0
Ag,POSCAR_As2Mo2_3_x975,9.5406,0.053,19,0.77387,-0.416667,0.083333,0.166667,1.193,-1.193,0
Ag,POSCAR_As2Mo2_3_y025,8.8745,3.424,19,0.597553,0.416667,-0.083333,0.166667,1.417,-1.428,-0.01
Ag,POSCAR_As2Mo2_3_y975,9.5407,0.04,19,0.7735,0.083333,-0.416667,0.166667,1.193,-1.193,0
Ag,POSCAR_As2Mo2_4_x025,9.3616,3.789,19,0.014758,0.5,0,0,1.812,-1.814,-0.003
Ag,POSCAR_As2Mo2_4_x975,10.0982,5.157,19,0.019334,0.166667,0.166667,0,1.442,-1.432,0.008
Ag,POSCAR_As2Mo2_4_y025,9.3296,3.816,19,0.013445,0,0.5,0,1.862,-1.86,0.001
Ag,POSCAR_As2Mo2_4_z050,9.0551,4.161,18,0.013309,0,0.25,0,1.902,-1.901,0
Ag,POSCAR_As2Mo2_4_z950,10.4702,2.99,19,0.013513,0.5,0,0,1.157,-1.154,0.002
Ag,POSCAR_As2Mo2_4_z975,10.1426,3.623,19,0.013802,0,0.5,0,1.398,-1.393,0.004
Ag,POSCAR_As2Nb2_2_y025,9.2471,0.097,18,0.005726,-0.083333,0,0.166667,0.002,-0.002,0
Ag,POSCAR_As2Nb2_2_z950,10.1711,1.373,18,0.009705,0.083333,-0.083333,0.333333,0.003,0.002,0.005
Ag,POSCAR_As2Nb2_2_z975,9.8202,0.699,18,0.002291,-0.25,0.166667,0,0.001,0.001,0.001
Ag,POSCAR_As2Ni2_1_x025,7.4598,0.184,16,0.006353,-0.333333,0.333333,0.25,0.002,-0.003,0
Ag,POSCAR_As2Ni2_1_x050,7.1152,0.133,16,0.006627,-0.333333,0.333333,0.25,0.003,-0.003,0
Ag,POSCAR_As2Ni2_1_x950,8.5122,0.065,15,0.0015,0,-0.25,0.375,0,-0.001,0
Ag,POSCAR_As2Ni2_1_x975,8.1511,0.058,16,0.001912,0,-0.333333,0.25,0.001,-0.001,0
Ag,POSCAR_As2Ni2_1_y025,7.4598,0.504,16,0.00749,-0.333333,0.333333,0.25,0.002,-0.003,-0.001
Ag,POSCAR_As2Ni2_1_y050,7.1151,0.461,16,0.007334,-0.333333,0.333333,0.25,0.002,-0.004,-0.001
Ag,POSCAR_As2Ni2_1_y975,8.1511,0.027,16,0.001773,0.333333,0,0.25,0.001,-0.001,0
Ag,POSCAR_As2Ni2_1_z050,7.1991,0.27,15,0.015835,-0.25,0.25,0.375,0.006,-0.007,-0.001
Ag,POSCAR_As2Ni2_1_z950,8.4104,0.369,16,0.001475,0.333333,0.333333,0.5,0,-0.001,-0.001
Ag,POSCAR_As2Ni2_1_z975,8.1085,0.08,16,0.002006,0,-0.333333,0.25,0.001,-0.001,0
Ag,POSCAR_As2V2_1_x025,6.0482,0.158,18,0.671571,0.090909,0.181818,0.142857,2.211,-2.211,0
Ag,POSCAR_As2V2_1_x050,5.7963,0.206,18,0.641712,-0.090909,0.272727,0.142857,2.231,-2.231,0
Ag,POSCAR_As2V2_1_x950,6.9016,0.121,18,0.664676,0.090909,-0.272727,0.142857,2.154,-2.154,0
Ag,POSCAR_As2V2_1_x975,6.5919,0.132,18,0.658972,0.090909,-0.272727,0.142857,2.171,-2.171,0
Ag,POSCAR_As2V2_1_y025,6.0712,2.08,18,0.62144,-0.090909,0.272727,0.142857,2.22,-2.217,0.003
Ag,POSCAR_As2V2_1_y050,5.848,0.186,18,0.566872,0.090909,-0.272727,0.142857,2.24,-2.24,0
Ag,POSCAR_As2V2_1_y950,6.9437,6.844,18,0.569024,0.090909,-0.272727,0.142857,2.087,-2.083,0.004
Ag,POSCAR_As2V2_1_y975,6.5925,0.159,18,0.672284,-0.090909,-0.181818,0.142857,2.151,-2.151,0
Ag,POSCAR_As2V2_1_z025,6.1042,0.124,17,0.642444,0,-0.272727,0.142857,2.217,-2.217,0
Ag,POSCAR_As2V2_1_z050,5.9087,0.121,17,0.68471,0,0.272727,0.142857,2.243,-2.243,0
Ag,POSCAR_As2V2_1_z950,6.8146,0.288,18,0.602593,-0.090909,-0.181818,0.142857,2.144,-2.143,0
Ag,POSCAR_As2V2_1_z975,6.5495,0.191,18,0.661991,-0.090909,-0.181818,0.142857,2.167,-2.166,0
Ag,POSCAR_As2V2_2_x025,6.482,82.465,17,0.961151,0,-0.333333,0.142857,2.286,-2.288,-0.003
Ag,POSCAR_As2V2_2_x050,6.2096,135.224,17,0.977927,0,-0.333333,0.142857,2.338,-2.344,-0.01
Ag,POSCAR_As2V2_2_y025,6.4823,83.419,17,0.96004,-0.333333,0,0.142857,2.287,-2.288,0.001
Ag,POSCAR_As2V2_2_y050,6.2121,135.649,17,0.97769,-0.333333,0,0.142857,2.343,-2.338,0.01
Ag,POSCAR_As2V2_2_z025,6.486,1.33,18,0.73057,0,0.333333,0.428571,2.256,-2.258,-0.002
Ag,POSCAR_As2V2_2_z050,6.249,0.988,18,0.765801,0.25,0,0.285714,2.276,-2.277,0
Ag,POSCAR_As2V2_2_z950,7.2405,1.245,17,1.054532,-0.333333,0,0.142857,2.194,-2.195,-0.001
Ag,POSCAR_As2V2_2_z975,6.9798,1.236,17,0.95361,-0.333333,0,0.142857,2.215,-2.216,0
Ag,POSCAR_As4Cr2_1_x025,5.8008,0.334,21,0.328265,-0.214286,-0.142857,0.285714,3.666,-3.666,0
Ag,POSCAR_As4Cr2_1_x050,5.5264,0.329,22,0.339924,0.5,0.285714,0.142857,3.676,-3.677,0
Ag,POSCAR_As4Cr2_1_x950,6.7755,0.504,21,0.366618,-0.285714,0.285714,0.142857,3.67,-3.67,0
Ag,POSCAR_As4Cr2_1_x975,6.4332,0.531,21,0.351546,-0.285714,0.285714,0.142857,3.666,-3.667,0
Ag,POSCAR_As4Cr2_1_y025,5.8844,0.514,21,0.328938,-0.285714,0.285714,0.142857,3.717,-3.718,0
Ag,POSCAR_As4Cr2_1_y050,5.6381,0.389,21,0.329224,-0.285714,0.285714,0.142857,3.767,-3.767,0
Ag,POSCAR_As4Cr2_1_y950,6.5605,0.418,21,0.350698,-0.285714,0.285714,0.142857,3.559,-3.56,-0.001
Ag,POSCAR_As4Cr2_1_y975,6.3289,0.474,21,0.339696,-0.285714,0.285714,0.142857,3.604,-3.605,0
Ag,POSCAR_As4Cr2_1_z025,5.8576,0.535,21,0.321711,-0.285714,0.285714,0.142857,3.704,-3.704,0
Ag,POSCAR_As4Cr2_1_z050,5.6244,0.313,19,0.32385,-0.214286,0.285714,0.285714,3.758,-3.758,0
Ag,POSCAR_As4Cr2_1_z950,6.6597,0.344,23,0.405449,-0.285714,-0.285714,0.285714,3.564,-3.565,0
Ag,POSCAR_As4Cr2_1_z975,6.3543,0.45,21,0.337858,-0.285714,0.285714,0.142857,3.616,-3.616,0
Ag,POSCAR_As4Fe2_1_x025,5.5639,0.075,19,0.812578,0.5,0.125,0.142857,3.292,-3.292,0
Ag,POSCAR_As4Fe2_1_x050,5.4092,0.079,16,0.867575,0,-0.125,0.428571,3.357,-3.357,0
Ag,POSCAR_As4Fe2_1_x950,6.3737,0.088,15,0.814144,0,-0.125,0.428571,3.102,-3.102,0
Ag,POSCAR_As4Fe2_1_x975,6.1332,0.059,19,0.928886,0.5,0.125,0.285714,3.178,-3.178,0
Ag,POSCAR_As4Fe2_1_y025,5.556,0.098,19,0.805026,0.5,0.125,0.285714,3.28,-3.28,0
Ag,POSCAR_As4Fe2_1_y050,5.3651,0.158,19,0.785912,0.5,0.25,0.142857,3.324,-3.324,0
Ag,POSCAR_As4Fe2_1_y975,6.1079,0.073,19,0.936586,0.5,0.125,0.285714,3.177,-3.177,0
Ag,POSCAR_As4Fe2_1_z025,5.5857,0.179,19,0.901474,0.5,0.125,0.285714,3.265,-3.265,0
Ag,POSCAR_As4Fe2_1_z050,5.3388,0.07,19,0.857287,0.5,0.125,0.285714,3.294,-3.294,0
Ag,POSCAR_As4Fe2_1_z950,6.0858,0.122,19,0.659143,0.357143,-0.125,0.142857,2.778,-2.778,0
Ag,POSCAR_As4Fe2_1_z975,6.0578,0.074,19,0.85141,0.5,0.125,0.142857,3.189,-3.189,0
Ag,POSCAR_As8Co2_1_x025,6.1714,0.173,29,0.457247,-0.375,0.25,0.5,0.338,-0.337,0.001
Ag,POSCAR_As8Co2_1_x050,5.8802,0.043,29,0.000796,0.375,0.25,0.333333,0,-0.001,0
Ag,POSCAR_As8Co2_1_x950,7.1254,0.012,29,0.000745,-0.25,0.25,0,0.001,-0.001,0
Ag,POSCAR_As8Co2_1_x975,6.788,0.565,29,0.084025,0.25,0.25,0,0.052,-0.056,-0.003
Ag,POSCAR_As8Co2_1_y950,7.1155,0.022,29,0.019287,0.375,0.25,0.333333,0.01,-0.011,0
Ag,POSCAR_As8Co2_1_y975,6.7904,0.906,29,0.203653,0.375,0.25,0.5,0.124,-0.129,-0.004
Ag,POSCAR_As8Co2_1_z050,5.9537,4.147,29,0.136374,-0.25,0.25,0,0.076,-0.078,0.006
Ag,POSCAR_As8Co2_1_z950,7.0359,0.063,29,0.048214,0.25,-0.375,0.333333,0.034,-0.034,0
Ag,POSCAR_As8Cr2_1_x025,4.6976,3.006,32,0.390632,-0.285714,-0.285714,0.285714,3.849,-3.847,0.006
Ag,POSCAR_As8Cr2_1_x050,4.4434,2.408,30,0.387395,-0.285714,0.428571,0.142857,3.873,-3.872,0.001
Ag,POSCAR_As8Cr2_1_x950,5.4768,2.59,32,0.464979,-0.285714,-0.142857,0.428571,3.717,-3.716,0.004
Ag,POSCAR_As8Cr2_1_x975,5.222,2.325,32,0.433928,-0.285714,-0.142857,0.428571,3.774,-3.774,0.001
Ag,POSCAR_As8Cr2_1_y025,4.7154,3.449,32,0.408355,-0.285714,-0.285714,0.285714,3.841,-3.838,0.006
Ag,POSCAR_As8Cr2_1_y050,4.4588,2.57,32,0.4057,-0.285714,-0.285714,0.285714,3.859,-3.859,-0.001
Ag,POSCAR_As8Cr2_1_y950,5.4868,2.474,32,0.415237,-0.142857,0,0.428571,3.757,-3.756,0.003
Ag,POSCAR_As8Cr2_1_y975,5.2279,2.904,32,0.402502,-0.285714,-0.142857,0.428571,3.787,-3.786,0.005
Ag,POSCAR_As8Cr2_1_z025,4.6983,2.281,32,0.422807,-0.285714,-0.142857,0.428571,3.823,-3.822,0.001
Ag,POSCAR_As8Cr2_1_z050,4.4316,2.567,32,0.416637,-0.285714,-0.142857,0.428571,3.833,-3.833,0
Ag,POSCAR_As8Cr2_1_z950,5.5066,2.966,31,0.461758,0.285714,-0.285714,0.285714,3.764,-3.761,0.004
Ag,POSCAR_As8Cr2_1_z975,5.2384,2.646,31,0.415697,0.142857,-0.428571,0.285714,3.793,-3.791,0.004
Ag,POSCAR_As8Cr2_3_x025,4.4167,0.509,32,0.965734,-0.25,0.375,0.5,3.858,-3.858,0
Ag,POSCAR_As8Cr2_3_x050,4.1703,0.425,32,0.938739,-0.25,0.375,0.5,3.873,-3.873,0
Ag,POSCAR_As8Cr2_3_x950,5.2491,0.533,32,1.02621,-0.25,0.25,0,3.815,-3.815,0
Ag,POSCAR_As8Cr2_3_x975,4.9502,0.466,32,0.999812,-0.25,0.25,0,3.83,-3.829,0
Ag,POSCAR_As8Cr2_3_y025,4.4335,0.463,32,0.924351,-0.25,0.375,0.5,3.865,-3.864,0
Ag,POSCAR_As8Cr2_3_y050,4.1926,0.481,32,0.879228,-0.25,0.375,0.5,3.884,-3.884,0
Ag,POSCAR_As8Cr2_3_y950,5.2327,0.458,32,1.126958,-0.25,0.25,0,3.799,-3.799,0
Ag,POSCAR_As8Cr2_3_y975,4.9508,0.461,32,1.048945,-0.25,0.25,0,3.823,-3.823,0
Ag,POSCAR_As8Cr2_3_z025,4.4702,0.495,32,0.937085,-0.25,0.375,0.5,3.866,-3.866,0
Ag,POSCAR_As8Cr2_3_z050,4.2717,0.581,32,0.916316,-0.25,0.25,0.166667,3.888,-3.888,0
Ag,POSCAR_As8Cr2_3_z950,5.1247,0.459,32,1.006129,-0.25,0.375,0.5,3.799,-3.799,0
Ag,POSCAR_As8Cr2_3_z975,4.906,0.44,32,0.983862,-0.25,0.375,0.5,3.822,-3.822,0
Ag,POSCAR_B2Co2_5_x025,10.0409,0.961,12,0.32845,0.3125,-0.181818,0.272727,0.542,-0.543,-0.001
Ag,POSCAR_B2Co2_5_x950,11.1598,0.591,12,0.333602,-0.375,0,0.454545,0.315,-0.315,0
Ag,POSCAR_B2Co2_5_x975,10.7628,1.321,10,0.374887,0,0,0.272727,0.391,-0.393,-0.002
Ag,POSCAR_B2Co2_5_y025,10.0493,33.131,10,0.415882,0,0,0.272727,0.504,-0.513,-0.009
Ag,POSCAR_B2Fe2_3_x025,6.2237,1.212,10,0.616364,0.333333,0.466667,0.25,2.502,-2.502,0
Ag,POSCAR_B2Fe2_3_x050,6.0455,2.563,11,0.702007,-0.333333,-0.133333,0.25,2.572,-2.57,0.003
Ag,POSCAR_B2Fe2_3_x950,6.8068,1.227,10,0.554147,-0.466667,-0.333333,0.25,2.232,-2.232,0
Ag,POSCAR_B2Fe2_3_x975,6.6082,1.447,10,0.555054,-0.466667,-0.333333,0.25,2.338,-2.338,0
Ag,POSCAR_B2Fe2_3_y025,6.2236,1.224,10,0.61682,-0.466667,-0.333333,0.25,2.502,-2.502,0
Ag,POSCAR_B2Fe2_3_y050,6.0456,2.566,11,0.702066,0.133333,0.333333,0.25,2.572,-2.57,0.003
Ag,POSCAR_B2Fe2_3_y950,6.8069,1.227,10,0.553765,0.333333,0.466667,0.25,2.232,-2.232,0
Ag,POSCAR_B2Fe2_3_y975,6.6081,1.43,10,0.554783,0.333333,0.466667,0.25,2.338,-2.338,0
Ag,POSCAR_B2Fe2_3_z025,6.2201,1.746,10,0.588646,-0.2,-0.333333,0.25,2.491,-2.49,0
Ag,POSCAR_B2Fe2_3_z050,6.0337,2.352,10,0.604649,-0.2,-0.333333,0.25,2.551,-2.55,0.001
Ag,POSCAR_B2Fe2_3_z950,6.8301,4.866,11,0.516013,-0.4,0.466667,0.25,2.286,-2.292,-0.007
Ag,POSCAR_B2Fe2_3_z975,6.608,2.855,10,0.533515,0.2,0.333333,0.25,2.353,-2.356,-0.003
Ag,POSCAR_B2Fe2_4_x025,6.5691,5.789,11,0.081666,-0.416667,0.166667,0.416667,2.794,-2.792,0.003
Ag,POSCAR_B2Fe2_4_x050,6.3176,4.242,11,0.061493,-0.416667,0.166667,0.416667,2.83,-2.827,0.004
Ag,POSCAR_B2Fe2_4_x950,7.3339,4.337,11,0.128782,-0.416667,0.166667,0.416667,2.687,-2.686,0.001
Ag,POSCAR_B2Fe2_4_y025,6.5868,4.672,11,0.103526,0.416667,0.416667,0.416667,2.81,-2.807,0.003
Ag,POSCAR_B2Fe2_4_y050,6.3628,10.286,9,0.149594,0.25,-0.166667,0.083333,2.85,-2.846,0.005
Ag,POSCAR_B2Fe2_4_y950,7.2351,5.367,11,0.108194,-0.416667,0.166667,0.416667,2.628,-2.628,0
Ag,POSCAR_B2Fe2_4_y975,7.0253,4.918,11,0.113119,-0.416667,0.166667,0.416667,2.703,-2.7,0.003
Ag,POSCAR_B2Fe2_4_z025,6.5892,5.209,11,0.112678,-0.416667,0.166667,0.416667,2.81,-2.807,0.004
Ag,POSCAR_B2Fe2_4_z050,6.3727,5.687,10,0.155382,-0.416667,-0.166667,0.083333,2.849,-2.847,0.002
Ag,POSCAR_B2Fe2_4_z950,7.2339,5.466,11,0.124122,0.416667,0.416667,0.416667,2.63,-2.629,0.001
Ag,POSCAR_B2Fe2_4_z975,7.0174,7.223,11,0.112524,0.416667,0.416667,0.416667,2.705,-2.699,0.008
Ag,POSCAR_B2Fe2_5_x025,6.0914,1.241,12,0.00625,-0.357143,0,0.375,3.197,-3.197,0
Ag,POSCAR_B2Fe2_5_x050,5.9349,0.796,11,0.003004,0.5,0,0.5,3.23,-3.23,0
Ag,POSCAR_B2Fe2_5_x950,6.7085,13.971,12,0.065701,-0.357143,-0.071429,0.375,3.091,-3.097,-0.007
Ag,POSCAR_B2Fe2_5_y025,6.1103,2.614,11,0.015866,-0.285714,0.357143,0,3.193,-3.191,0.002
Ag,POSCAR_B2Fe2_5_y050,5.9566,13.268,11,0.072396,-0.071429,0.285714,0.125,3.204,-3.202,0.003
Ag,POSCAR_B2Fe2_5_y975,6.4991,1.114,10,0.003889,0,0.428571,0.125,3.131,-3.131,0
Ag,POSCAR_B2Fe2_5_z050,5.8863,2.309,11,0.02131,-0.214286,0.214286,0.25,3.236,-3.236,0
Ag,POSCAR_B2Fe2_5_z950,6.8133,2.238,11,0.011978,0.5,0,0.375,3.066,-3.067,-0.001
Ag,POSCAR_B2Fe2_5_z975,6.5757,0.828,10,0.003187,-0.071429,0.071429,0,3.121,-3.121,0
Ag,POSCAR_B2Mo2_4_x025,9.4228,0.112,17,1.118716,0.357143,-0.2,0.1,1.364,-1.364,0
Ag,POSCAR_B2Mo2_4_x050,9.1558,0.241,17,1.141652,0.285714,-0.3,0.1,1.482,-1.481,0.001
Ag,POSCAR_B2Mo2_4_x950,10.5812,0.16,17,0.769616,-0.071429,-0.4,0.1,0.709,-0.709,0
Ag,POSCAR_B2Mo2_4_x975,10.1857,0.245,17,0.97157,0,0.5,0,0.867,-0.866,0.001
Ag,POSCAR_B2Rh2_3_x025,10.0846,0.004,18,0.064898,-0.428571,-0.357143,0.25,0.039,-0.039,0
Ag,POSCAR_B2Rh2_3_x050,9.6893,0.002,18,0.002316,-0.428571,-0.357143,0.125,0.001,-0.001,0
Ag,POSCAR_B2Rh2_3_x950,11.4842,0.003,18,0.001727,-0.285714,-0.357143,0.125,0.001,-0.001,0
Ag,POSCAR_B2Rh2_3_x975,10.9993,0.01,18,0.047741,0.214286,0.428571,0.25,0.041,-0.041,0
Ag,POSCAR_B2Rh2_3_y025,10.0846,0.004,18,0.064933,-0.357143,-0.428571,0.25,0.039,-0.039,0
Ag,POSCAR_B2Rh2_3_y050,9.6892,0.009,18,0.002415,-0.357143,-0.428571,0.125,0.001,-0.001,0
Ag,POSCAR_B2Rh2_3_y950,11.4843,0.022,18,0.001664,0.357143,0.285714,0.125,0.001,-0.001,0
Ag,POSCAR_B2Rh2_3_y975,10.9993,0.01,18,0.047903,0.428571,0.214286,0.25,0.041,-0.041,0
Ag,POSCAR_B2Rh2_3_z025,10.2029,0.017,18,0.076491,0.5,-0.357143,0.25,0.187,-0.187,0
Ag,POSCAR_B2Rh2_3_z050,9.9226,0.081,18,0.054821,0.5,0.357143,0.25,0.138,-0.139,0
Ag,POSCAR_B2Rh2_3_z975,10.8386,0.036,18,0.033449,-0.357143,-0.214286,0.25,0.046,-0.046,0
Ag,POSCAR_B8Co2_1_x025,8.5807,0.017,21,0.881704,0.357143,0.333333,0.125,1.058,-1.058,0
Ag,POSCAR_B8Co2_1_x050,8.2939,0.028,21,0.962534,0.285714,0.333333,0.25,1.108,-1.108,0
Ag,POSCAR_B8Co2_1_x950,9.5519,0.025,20,1.012796,0,-0.222222,0.25,0.874,-0.874,0
Ag,POSCAR_B8Co2_1_x975,9.2257,0.03,20,1.004073,0,-0.222222,0.25,0.944,-0.944,0
Ag,POSCAR_B8Co2_1_y025,8.5703,0.019,21,0.923562,0.357143,0.333333,0.125,1.094,-1.094,0
Ag,POSCAR_B8Co2_1_y050,8.2497,0.033,22,0.915562,0.5,-0.222222,0.25,1.173,-1.173,0
Ag,POSCAR_B8Co2_1_y950,9.5642,0.021,20,0.894807,0.071429,0.222222,0.25,0.751,-0.751,0
Ag,POSCAR_B8Co2_1_y975,9.2308,0.032,21,0.860125,0.357143,-0.222222,0.125,0.897,-0.897,0
Ag,POSCAR_B8Co2_1_z025,8.6413,0.026,20,0.971693,0.071429,-0.222222,0.25,1.053,-1.053,0
Ag,POSCAR_B8Co2_1_z050,8.4009,0.03,20,1.091584,0,-0.222222,0.25,1.083,-1.083,0
Ag,POSCAR_B8Co2_1_z950,9.3864,0.024,21,0.935362,0.285714,0.333333,0.25,0.82,-0.82,0
Ag,POSCAR_B8Co2_1_z975,9.1231,0.016,21,0.863281,0.285714,0.333333,0.25,0.921,-0.921,0
Ag,POSCAR_B8Fe2_1_x025,7.155,1.232,20,1.106394,0.357143,-0.222222,0.25,2.368,-2.367,0.002
Ag,POSCAR_B8Fe2_1_x050,6.9121,1.471,20,1.110746,0.357143,-0.333333,0.375,2.482,-2.481,0.002
Ag,POSCAR_B8Fe2_1_x950,8.0262,1.838,20,1.21222,0.357143,-0.333333,0.25,2.014,-2.011,0.004
Ag,POSCAR_B8Fe2_1_x975,7.6938,2.548,20,1.066574,0.357143,-0.222222,0.25,2.132,-2.125,0.008
Ag,POSCAR_B8Fe2_1_y025,7.135,1.355,20,1.190714,0.428571,-0.222222,0.25,2.363,-2.362,0.001
Ag,POSCAR_B8Fe2_1_y050,6.9028,1.78,20,1.279622,0.5,-0.222222,0.25,2.487,-2.486,0.002
Ag,POSCAR_B8Fe2_1_y950,8.0484,1.483,20,0.968312,0.357143,-0.222222,0.25,2.018,-2.016,0.003
Ag,POSCAR_B8Fe2_1_y975,7.7062,1.568,20,1.049527,-0.357143,0.222222,0.25,2.135,-2.132,0.004
Ag,POSCAR_B8Fe2_1_z025,7.1894,1.909,20,1.111373,0.285714,0.222222,0.25,2.301,-2.297,0.005
Ag,POSCAR_B8Fe2_1_z050,7.0016,1.553,20,1.141833,0.285714,-0.222222,0.25,2.332,-2.331,0.002
Ag,POSCAR_B8Fe2_1_z950,7.8808,1.574,20,1.07354,0.5,-0.222222,0.125,2.117,-2.116,0.002
Ag,POSCAR_B8Fe2_1_z975,7.6486,1.125,20,1.043657,0.428571,-0.222222,0.125,2.197,-2.196,0
Ag,POSCAR_Bi2Co2_1_x025,8.1595,0.351,24,0.776941,0.4,0.5,0.25,1.818,-1.818,0
Ag,POSCAR_Bi2Co2_1_x050,7.8853,0.583,24,0.714455,0.4,0.5,0.25,1.856,-1.856,-0.001
Ag,POSCAR_Bi2Co2_1_y025,8.1596,0.457,24,0.776398,0.5,-0.4,0.25,1.819,-1.819,0
Ag,POSCAR_Bi2Co2_1_y050,7.885,0.639,24,0.713639,0.5,-0.4,0.25,1.856,-1.857,-0.001
Ag,POSCAR_Bi2Co2_1_y975,8.5531,1.191,23,0.792416,0,-0.3,0.25,1.538,-1.54,-0.002
Ag,POSCAR_Bi2Co2_1_z025,8.0326,0.456,24,0.577585,0,0.4,0.25,1.75,-1.75,0
Ag,POSCAR_Bi2Co2_1_z050,7.7508,0.178,23,0.554729,0.3,0,0.25,1.804,-1.805,-0.001
Ag,POSCAR_Bi2Co2_1_z975,8.5888,1.817,23,0.533839,0.2,-0.2,0.25,1.596,-1.597,-0.001
Ag,POSCAR_Bi2Mn2_1_x025,6.0236,0.785,27,0.534081,-0.222222,0,0.285714,4.458,-4.459,-0.001
Ag,POSCAR_Bi2Mn2_1_x050,5.7636,0.64,28,0.530032,0.222222,0.111111,0.285714,4.476,-4.476,-0.001
Ag,POSCAR_Bi2Mn2_1_x950,6.8102,0.91,28,0.658287,-0.111111,-0.222222,0.285714,4.389,-4.39,-0.002
Ag,POSCAR_Bi2Mn2_1_x975,6.533,0.818,27,0.589468,0,0.222222,0.285714,4.415,-4.416,-0.001
Ag,POSCAR_Bi2Mn2_1_y025,6.0236,0.91,27,0.533855,0,0.222222,0.285714,4.458,-4.459,-0.002
Ag,POSCAR_Bi2Mn2_1_y050,5.7639,0.672,28,0.529687,-0.111111,-0.222222,0.285714,4.476,-4.476,-0.001
Ag,POSCAR_Bi2Mn2_1_y950,6.8099,0.936,28,0.658924,0.222222,0.111111,0.285714,4.389,-4.39,-0.002
Ag,POSCAR_Bi2Mn2_1_y975,6.5335,0.882,27,0.590021,-0.222222,0,0.285714,4.415,-4.416,-0.001
Ag,POSCAR_Bi2Mn2_1_z025,6.0044,0.779,27,0.515439,-0.222222,0,0.285714,4.456,-4.456,-0.001
Ag,POSCAR_Bi2Mn2_1_z050,5.7712,1.291,27,0.493586,-0.222222,0,0.285714,4.474,-4.475,-0.002
Ag,POSCAR_Bi2Mn2_1_z950,6.8566,0.846,28,0.596335,-0.444444,0.444444,0.142857,4.393,-4.394,-0.002
Ag,POSCAR_Bi2Mn2_1_z975,6.5686,0.892,28,0.56597,-0.444444,0.444444,0.142857,4.416,-4.417,-0.002
Ag,POSCAR_Bi2Nb2_2_x025,9.6663,0.507,28,0.358313,0.363636,-0.272727,0.2,0.59,-0.59,0.001
Ag,POSCAR_Bi2Nb2_2_x050,9.3585,0.609,28,0.424535,0.363636,-0.090909,0.2,0.737,-0.736,0.001
Ag,POSCAR_Bi2Nb2_2_x950,10.7674,0.241,28,0.098641,0.181818,0,0.4,0.077,-0.077,-0.001
Ag,POSCAR_Bi2Nb2_2_x975,10.3772,0.295,28,0.182908,0,0.090909,0.2,0.147,-0.149,-0.001
Ag,POSCAR_Bi2Nb2_2_y050,9.3653,1.986,28,0.406798,-0.090909,0.363636,0.2,0.71,-0.718,-0.008
Ag,POSCAR_Bi2Nb2_2_y950,10.7954,0.286,27,0.095601,-0.090909,0,0.2,0.063,-0.063,0.001
Ag,POSCAR_Bi2Nb2_2_y975,10.3807,1.669,27,0.217696,0,0.090909,0.2,0.171,-0.175,-0.004
Ag,POSCAR_Bi2Nb2_2_z950,10.6575,1.401,28,0.189276,0.090909,0.181818,0.4,0.205,-0.208,-0.002
Ag,POSCAR_Bi2V2_1_x025,6.1346,0.988,27,0.475882,0.333333,0,0.285714,2.705,-2.704,0.002
Ag,POSCAR_Bi2V2_1_x050,5.9175,1.357,27,0.506242,0.333333,0,0.285714,2.718,-2.716,0.003
Ag,POSCAR_Bi2V2_1_x950,6.851,0.922,27,0.605668,0,-0.333333,0.285714,2.685,-2.684,0.002
Ag,POSCAR_Bi2V2_1_x975,6.595,1.619,27,0.525496,0,-0.333333,0.285714,2.694,-2.691,0.004
Ag,POSCAR_Bi2V2_1_y025,6.1331,1.331,27,0.479773,0,-0.333333,0.285714,2.705,-2.703,0.003
Ag,POSCAR_Bi2V2_1_y050,5.9173,1.267,27,0.507048,0,-0.333333,0.285714,2.717,-2.716,0.003
Ag,POSCAR_Bi2V2_1_y950,6.8527,1.033,27,0.60076,0.333333,0,0.285714,2.686,-2.685,0.003
Ag,POSCAR_Bi2V2_1_y975,6.5961,1.42,27,0.523657,0.333333,0,0.285714,2.694,-2.692,0.004
Ag,POSCAR_Bi2V2_1_z025,6.0787,1.583,27,0.421368,0,-0.333333,0.285714,2.719,-2.717,0.005
Ag,POSCAR_Bi2V2_1_z050,5.8039,1.133,27,0.4218,0,-0.333333,0.285714,2.738,-2.736,0.004
Ag,POSCAR_Bi2V2_1_z950,6.9652,0.708,28,0.508228,0.222222,0,0.285714,2.654,-2.653,0.002
Ag,POSCAR_Bi2V2_1_z975,6.6648,0.761,28,0.484407,0,-0.222222,0.285714,2.674,-2.673,0.001
Ag,POSCAR_Bi3Fe2_1_x025,5.8873,2.727,27,0.891948,0,0.142857,0.285714,3.347,-3.343,0.004
Ag,POSCAR_Bi3Fe2_1_x050,5.636,1.992,27,0.866459,0,0.142857,0.285714,3.347,-3.346,0.003
Ag,POSCAR_Bi3Fe2_1_x950,6.6551,3.009,30,0.824394,0.4,0,0.428571,3.299,-3.299,-0.004
Ag,POSCAR_Bi3Fe2_1_x975,6.3976,2.812,30,0.82343,0.4,0,0.428571,3.328,-3.326,0.002
Ag,POSCAR_Bi3Mn2_1_x025,6.4332,2.637,36,0.013256,-0.125,-0.375,0.142857,4.497,-4.497,0.001
Ag,POSCAR_Bi3Mn2_1_x050,6.1705,2.59,36,0.012893,-0.125,-0.375,0.142857,4.512,-4.512,0
Ag,POSCAR_Bi3Mn2_1_x950,7.2798,3.018,36,0.01258,0.375,0.125,0.142857,4.437,-4.438,-0.002
Ag,POSCAR_Bi3Mn2_1_x975,6.9827,2.803,36,0.012234,0.375,0.125,0.142857,4.46,-4.461,-0.001
Ag,POSCAR_Bi3Mn2_1_y025,6.4345,2.485,37,0.01241,0,0,0.428571,4.497,-4.497,0.002
Ag,POSCAR_Bi3Mn2_1_y050,6.1713,2.561,36,0.011767,0.375,0.125,0.142857,4.512,-4.512,-0.001
Ag,POSCAR_Bi3Mn2_1_y950,7.2795,3.033,36,0.013761,-0.125,-0.375,0.142857,4.436,-4.438,-0.002
Ag,POSCAR_Bi3Mn2_1_y975,6.982,2.82,36,0.01331,-0.125,-0.375,0.142857,4.46,-4.461,-0.001
Ag,POSCAR_Bi3Mn2_1_z025,6.4294,2.97,35,0.012121,0.375,0.5,0.428571,4.497,-4.498,-0.002
Ag,POSCAR_Bi3Mn2_1_z050,6.1809,3.268,35,0.013488,0.375,0.5,0.428571,4.513,-4.514,-0.003
Ag,POSCAR_Bi3Mn2_1_z950,7.2419,3.215,36,0.014484,-0.125,-0.375,0.142857,4.434,-4.434,-0.001
Ag,POSCAR_Bi3Mn2_1_z975,6.9551,3.272,36,0.013743,-0.125,-0.375,0.142857,4.458,-4.459,-0.001
Ag,POSCAR_Bi4Cr2_1_x025,6.3751,0.202,40,0.337625,0.083333,0.142857,0.333333,4.018,-4.018,0
Ag,POSCAR_Bi4Cr2_1_x050,6.1134,0.277,40,0.347104,0.083333,0.142857,0.333333,4.027,-4.027,-0.001
Ag,POSCAR_Bi4Cr2_1_x950,7.3628,0.294,43,0.448353,0.333333,-0.285714,0.166667,4.007,-4.007,0
Ag,POSCAR_Bi4Cr2_1_x975,7.0089,0.367,40,0.385774,0.166667,0.142857,0.333333,4.012,-4.012,-0.001
Ag,POSCAR_Bi4Cr2_1_y025,6.4381,0.278,43,0.377488,-0.333333,0.285714,0.166667,4.039,-4.039,0
Ag,POSCAR_Bi4Cr2_1_y050,6.1935,0.47,43,0.431534,-0.333333,0.285714,0.333333,4.063,-4.063,-0.001
Ag,POSCAR_Bi4Cr2_1_y950,7.2219,0.181,42,0.410331,-0.333333,0.428571,0.333333,3.965,-3.965,0
Ag,POSCAR_Bi4Cr2_1_y975,6.9313,0.244,42,0.373394,-0.333333,0.428571,0.333333,3.99,-3.99,0
Ag,POSCAR_Bi4Cr2_1_z025,6.4202,1.296,40,0.382227,0.166667,0.142857,0.333333,4.037,-4.038,-0.001
Ag,POSCAR_Bi4Cr2_1_z050,6.1667,0.452,40,0.39148,0.166667,0.142857,0.333333,4.056,-4.057,-0.001
Ag,POSCAR_Bi4Cr2_1_z950,7.2726,0.285,43,0.434399,-0.333333,0.285714,0.333333,3.965,-3.965,0
Ag,POSCAR_Bi4Cr2_1_z975,6.9581,0.266,43,0.379068,-0.333333,0.142857,0.166667,3.991,-3.991,0
Ag,POSCAR_Bi4Fe2_1_x025,6.2888,1.027,36,0.808639,0,0.142857,0.333333,3.249,-3.249,-0.001
Ag,POSCAR_Bi4Fe2_1_x050,6.025,0.92,36,0.762203,0,0.142857,0.333333,3.265,-3.264,0.001
Ag,POSCAR_Bi4Fe2_1_x975,6.847,1.54,36,0.866302,-0.083333,0.142857,0.333333,3.216,-3.213,0.007
Ag,POSCAR_Bi4Fe2_1_y950,7.1549,0.793,36,1.013633,0,0.142857,0.333333,3.198,-3.197,0.001
Ag,POSCAR_Bi4Fe2_1_y975,6.8342,0.873,36,0.932403,0,0.142857,0.333333,3.215,-3.215,0
Ag,POSCAR_Bi4Fe2_1_z025,6.2766,1.222,36,0.78712,-0.083333,0.142857,0.333333,3.244,-3.243,0
Ag,POSCAR_Bi4Fe2_1_z050,6.0206,1.448,39,0.703457,0.333333,0.142857,0.166667,3.249,-3.25,-0.003
Ag,POSCAR_Bi4Fe2_1_z950,7.1423,0.927,36,0.784679,0,0.142857,0.333333,3.201,-3.2,0
Ag,POSCAR_Bi4Fe2_1_z975,6.8428,1.005,36,0.826068,0,0.142857,0.333333,3.22,-3.22,0.001
Ag,POSCAR_Bi4V2_1_x050,7.4773,2.768,44,0.015351,0.285714,0.285714,0.285714,2.66,-2.664,-0.006
Ag,POSCAR_Bi4V2_1_x950,8.7223,2.714,43,0.022759,-0.428571,0.285714,0,2.63,-2.628,0.002
Ag,POSCAR_Bi4V2_1_y025,7.7708,1.958,40,0.014574,0.285714,0.428571,0.142857,2.649,-2.648,0
Ag,POSCAR_Bi4V2_1_y950,8.7322,2.512,43,0.017151,-0.285714,0.428571,0,2.63,-2.634,-0.006
Ag,POSCAR_Bi4V2_1_z025,7.7628,0.604,41,0.013703,0.285714,0.428571,0.142857,2.742,-2.742,0
Ag,POSCAR_Bi4V2_1_z050,7.4359,0.564,40,0.011354,-0.285714,-0.142857,0.428571,2.766,-2.765,0.001
Ag,POSCAR_Bi4V2_1_z975,8.3482,1.418,42,0.015103,0,0.428571,0.285714,2.646,-2.647,-0.002
Ag,POSCAR_Bi4V2_2_x025,6.1011,0.129,38,0.456287,-0.083333,-0.285714,0.166667,2.761,-2.761,0
Ag,POSCAR_Bi4V2_2_x050,5.8608,0.13,38,0.432845,-0.083333,-0.285714,0.166667,2.764,-2.764,0
Ag,POSCAR_Bi4V2_2_x950,7.0105,0.132,37,0.400616,0,-0.285714,0.166667,2.759,-2.76,0
Ag,POSCAR_Bi4V2_2_x975,6.6741,0.142,37,0.3117,0,0.285714,0.166667,2.759,-2.759,0
Ag,POSCAR_Bi4V2_2_y025,6.1684,0.134,38,0.350934,0.083333,0.285714,0.166667,2.777,-2.777,0
Ag,POSCAR_Bi4V2_2_y050,5.9355,0.13,38,0.307977,0.083333,0.285714,0.166667,2.795,-2.796,0
Ag,POSCAR_Bi4V2_2_y950,6.9011,0.139,43,0.303685,0.25,0.142857,0.333333,2.722,-2.722,0
Ag,POSCAR_Bi4V2_2_y975,6.6323,0.134,38,0.334222,0.083333,-0.285714,0.166667,2.741,-2.741,0
Ag,POSCAR_Bi4V2_2_z025,6.119,0.152,38,0.359195,0.083333,-0.285714,0.166667,2.773,-2.773,0
Ag,POSCAR_Bi4V2_2_z050,5.8787,0.15,38,0.34759,-0.083333,-0.285714,0.166667,2.785,-2.785,0
Ag,POSCAR_Bi4V2_2_z950,6.9472,0.14,44,0.343673,-0.333333,-0.285714,0.166667,2.726,-2.726,0
Ag,POSCAR_Bi4V2_2_z975,6.6582,0.148,40,0.34966,0.166667,-0.285714,0.333333,2.744,-2.744,0
Ag,POSCAR_Bi6Cr2_1_x025,6.0948,17.176,56,0.532447,0.333333,0.142857,0.333333,4.154,-4.151,0
Ag,POSCAR_Bi6Cr2_1_x975,6.6675,8.428,56,0.66508,0.333333,0.142857,0,4.122,-4.122,-0.002
Ag,POSCAR_Bi6Cr2_1_y025,6.0924,10.532,56,0.56278,0.333333,0.142857,0,4.146,-4.144,-0.009
Ag,POSCAR_Bi6Cr2_1_y950,6.9789,22.231,55,0.574602,0.5,0,0,4.126,-4.122,-0.007
Ag,POSCAR_Bi6Cr2_1_z050,5.8459,8.734,56,0.588757,0.333333,0.142857,0,4.158,-4.16,-0.004
Ag,POSCAR_Bi6Cr2_1_z975,6.6458,14.72,56,0.573314,-0.333333,0.142857,0.333333,4.127,-4.126,-0.009
Ag,POSCAR_Bi6Cr2_3_x025,5.9904,1.348,52,0.013331,-0.142857,-0.285714,0.166667,4.155,-4.156,-0.002
Ag,POSCAR_Bi6Cr2_3_x050,5.7337,1.244,52,0.013885,-0.142857,-0.285714,0.166667,4.163,-4.163,-0.003
Ag,POSCAR_Bi6Cr2_3_x950,6.8441,1.639,58,0.016277,0,0.428571,0.333333,4.123,-4.123,0.002
Ag,POSCAR_Bi6Cr2_3_x975,6.5441,2.156,58,0.014418,0,0.428571,0.333333,4.137,-4.137,0.007
Ag,POSCAR_Bi6Cr2_3_y025,5.9916,1.738,52,0.014562,0.285714,0.142857,0.166667,4.156,-4.155,0.002
Ag,POSCAR_Bi6Cr2_3_y050,5.7372,1.808,52,0.01553,0.285714,0.142857,0.166667,4.163,-4.163,0.002
Ag,POSCAR_Bi6Cr2_3_y950,6.8427,1.168,58,0.014142,-0.428571,0,0.333333,4.123,-4.123,-0.001
Ag,POSCAR_Bi6Cr2_3_y975,6.5439,1.481,58,0.01332,-0.428571,0,0.333333,4.137,-4.137,-0.005
Ag,POSCAR_Bi6Cr2_3_z025,5.9851,1.348,58,0.01368,-0.428571,0,0.333333,4.16,-4.16,0
Ag,POSCAR_Bi6Cr2_3_z050,5.7345,1.16,54,0.012119,-0.285714,-0.142857,0.333333,4.172,-4.172,0
Ag,POSCAR_Bi6Cr2_3_z950,6.8634,1.074,52,0.014829,0.285714,0.142857,0.166667,4.117,-4.117,-0.001
Ag,POSCAR_Bi6Cr2_3_z975,6.5457,1.027,52,0.013222,0.285714,0.142857,0.166667,4.133,-4.133,0
Ag,POSCAR_Bi6Cr2_4_x050,5.5446,12.552,55,0.263734,0.222222,-0.333333,0.25,4.153,-4.154,0.007
Ag,POSCAR_Bi6Cr2_4_x950,6.6281,8.123,55,0.251875,0.333333,-0.222222,0.25,4.115,-4.117,-0.003
Ag,POSCAR_Bi6Cr2_4_y025,5.7964,9.126,55,0.272601,0.333333,-0.222222,0.25,4.144,-4.147,-0.006
Ag,POSCAR_Bi6Cr2_4_y050,5.544,12.049,55,0.286111,0.333333,-0.222222,0.25,4.152,-4.155,-0.008
Ag,POSCAR_Bi6Cr2_4_y975,6.346,9.961,55,0.228663,0.333333,-0.222222,0.25,4.126,-4.128,-0.004
Ag,POSCAR_Bi6Cr2_4_z050,5.5192,7.466,55,0.218993,0.333333,-0.222222,0.25,4.161,-4.164,-0.009
Ag,POSCAR_Bi6Cr2_4_z950,6.6331,9.145,55,0.282383,0.333333,-0.222222,0.25,4.106,-4.107,0.004
Ag,POSCAR_Bi6Cr2_4_z975,6.3472,8.259,55,0.268985,0.333333,-0.222222,0.25,4.119,-4.123,-0.008
Ag,POSCAR_Bi6Fe2_1_x025,5.6522,1.241,52,0.010119,-0.25,0.4,0,3.121,-3.119,0.002
Ag,POSCAR_Bi6Fe2_1_x050,5.4242,1.006,52,0.009714,-0.25,0.4,0,3.142,-3.14,0.002
Ag,POSCAR_Bi6Fe2_1_x950,6.4887,1.539,49,0.012806,-0.25,0,0.4,3.034,-3.031,0.006
Ag,POSCAR_Bi6Fe2_1_x975,6.1935,1.302,50,0.012079,-0.083333,0.2,0.2,3.061,-3.06,0.001
Ag,POSCAR_Bi6Fe2_1_y025,5.6532,1.188,52,0.010575,-0.25,0.4,0,3.105,-3.104,0.002
Ag,POSCAR_Bi6Fe2_1_y050,5.4034,1.163,52,0.010339,-0.25,0.4,0,3.118,-3.117,0.001
Ag,POSCAR_Bi6Fe2_1_y950,6.4945,1.777,49,0.011384,0.166667,0,0.4,3.057,-3.056,0
Ag,POSCAR_Bi6Fe2_1_y975,6.2003,1.575,50,0.010868,-0.083333,0.2,0.2,3.075,-3.074,0
Ag,POSCAR_Bi6Fe2_1_z025,5.6537,1.497,52,0.010384,0.25,0,0.4,3.105,-3.105,-0.001
Ag,POSCAR_Bi6Fe2_1_z050,5.4059,1.448,52,0.0105,-0.25,0.4,0,3.12,-3.118,0.003
Ag,POSCAR_Bi6Fe2_1_z950,6.4775,1.231,47,0.009776,0.166667,0,0.2,3.057,-3.056,0.001
Ag,POSCAR_Bi6Fe2_1_z975,6.1961,1.296,49,0.011358,-0.083333,0.2,0.4,3.076,-3.074,0.002
Ag,POSCAR_Bi6Fe2_2_x050,6.2194,5.267,53,0.457675,-0.166667,0.5,0.428571,3.188,-3.188,-0.004
Ag,POSCAR_Bi6Fe2_2_x950,7.3342,8.424,53,0.430549,0.5,-0.166667,0.428571,3.124,-3.121,0
Ag,POSCAR_Bi6Fe2_2_x975,7.0523,4.554,53,0.41019,0.5,-0.166667,0.428571,3.142,-3.143,-0.008
Ag,POSCAR_Bi6Fe2_2_y050,6.2204,5.385,53,0.457061,0.5,-0.166667,0.428571,3.188,-3.188,0.004
Ag,POSCAR_Bi6Fe2_2_y950,7.3338,8.489,53,0.431323,-0.166667,0.5,0.428571,3.121,-3.124,-0.001
Ag,POSCAR_Bi6Fe2_2_y975,7.0513,4.469,53,0.411182,-0.166667,0.5,0.428571,3.143,-3.142,0.007
Ag,POSCAR_Bi6Fe2_2_z025,6.4812,0.369,49,0.390808,0.166667,-0.166667,0.285714,3.171,-3.17,0.001
Ag,POSCAR_Bi6Fe2_2_z050,6.1996,0.437,49,0.363301,0.166667,-0.166667,0.285714,3.179,-3.179,0
Ag,POSCAR_Bi6Fe2_2_z950,7.3527,0.638,53,0.465296,0.5,-0.166667,0.428571,3.135,-3.135,-0.002
Ag,POSCAR_Bi6Fe2_2_z975,7.0565,0.566,49,0.471911,-0.333333,-0.166667,0.142857,3.145,-3.145,0.002
Ag,POSCAR_Bi8Co2_1_y025,6.7984,1.989,68,0.399409,0.5,0,0.166667,1.428,-1.429,0.002
Ag,POSCAR_Bi8Co2_1_y050,6.5274,2.196,68,0.368957,0.5,0,0.166667,1.492,-1.493,0.004
Ag,POSCAR_Bi8Co2_1_y950,7.6412,2.794,68,0.461879,0.333333,0,0,1.126,-1.125,0.009
Ag,POSCAR_Bi8Cr2_1_x025,6.3661,0.314,71,0.216946,0.5,-0.166667,0.166667,4.108,-4.108,0.001
Ag,POSCAR_Bi8Cr2_1_x050,6.0959,0.327,71,0.244438,-0.166667,0.333333,0.333333,4.121,-4.122,0
Ag,POSCAR_Bi8Cr2_1_x950,7.242,0.604,71,0.267878,0,-0.166667,0.333333,4.064,-4.065,-0.003
Ag,POSCAR_Bi8Cr2_1_x975,6.9411,0.417,71,0.227455,-0.166667,-0.333333,0.166667,4.08,-4.08,-0.001
Ag,POSCAR_Bi8Cr2_1_y025,6.3664,0.419,71,0.216027,0.333333,0.5,0.166667,4.108,-4.108,-0.001
Ag,POSCAR_Bi8Cr2_1_y050,6.0955,0.455,71,0.24404,0,-0.166667,0.333333,4.121,-4.122,-0.001
Ag,POSCAR_Bi8Cr2_1_y950,7.2421,0.5,71,0.26792,-0.166667,0,0.333333,4.065,-4.065,-0.002
Ag,POSCAR_Bi8Cr2_1_y975,6.9407,0.421,71,0.2292,-0.333333,-0.166667,0.166667,4.08,-4.08,-0.001
Ag,POSCAR_Bi8Cr2_1_z025,6.3745,0.454,71,0.220196,-0.333333,-0.166667,0.166667,4.107,-4.108,0
Ag,POSCAR_Bi8Cr2_1_z050,6.1145,0.515,68,0.21199,0,0.333333,0.166667,4.119,-4.119,0
Ag,POSCAR_Bi8Cr2_1_z950,7.2033,0.53,72,0.264134,0.333333,0.5,0.166667,4.063,-4.064,-0.001
Ag,POSCAR_Bi8Cr2_1_z975,6.9128,0.506,71,0.233519,0.333333,0.5,0.166667,4.08,-4.08,0
Ag,POSCAR_Bi8Fe2_1_x025,6.3716,1.417,62,0.010884,-0.333333,-0.333333,0.166667,3.128,-3.128,-0.002
Ag,POSCAR_Bi8Fe2_1_x050,6.1144,1.404,69,0.011012,0.5,0.5,0,3.144,-3.146,-0.005
Ag,POSCAR_Bi8Fe2_1_x975,6.9545,1.486,68,0.013197,0.5,0.5,0.333333,3.087,-3.086,0
Ag,POSCAR_Bi8Fe2_1_y025,6.3985,1.432,68,0.012982,-0.333333,0.5,0.333333,3.123,-3.124,-0.004
Ag,POSCAR_Bi8Fe2_1_y050,6.1542,1.535,68,0.012754,-0.333333,0.5,0.333333,3.142,-3.142,0
Ag,POSCAR_Bi8Fe2_1_y950,7.2437,1.47,69,0.012697,0.5,0.5,0,3.065,-3.064,0.002
Ag,POSCAR_Bi8Fe2_1_y975,6.9355,1.434,68,0.011313,0.5,0.5,0.333333,3.087,-3.087,-0.001
Ag,POSCAR_Bi8Fe2_1_z025,6.3843,1.42,68,0.012259,0.5,0.5,0.333333,3.132,-3.133,-0.003
Ag,POSCAR_Bi8Fe2_1_z050,6.1278,1.639,68,0.013003,0.5,0.5,0.333333,3.157,-3.157,-0.001
Ag,POSCAR_Bi8Fe2_1_z950,7.2671,1.462,65,0.010492,0.333333,-0.333333,0.166667,3.049,-3.05,-0.003
Ag,POSCAR_Bi8Fe2_1_z975,6.9557,1.375,68,0.010725,0.5,0.5,0.333333,3.08,-3.08,-0.002
Ag,POSCAR_Br4Mn2_1_x025,0.6954,1.143,24,0.345816,0.1,-0.285714,0.285714,4.616,-4.616,0
Ag,POSCAR_Br4Mn2_1_x050,0.4638,1.165,24,0.33822,0.1,-0.285714,0.285714,4.626,-4.626,0
Ag,POSCAR_Br4Mn2_1_x950,1.6349,1.081,27,0.309725,0.2,-0.142857,0.285714,4.58,-4.58,0
Ag,POSCAR_Br4Mn2_1_x975,1.3293,1.115,22,0.30576,0.5,-0.142857,0.142857,4.594,-4.594,0
Ag,POSCAR_Br4Mn2_1_y025,0.8216,1.055,22,0.374995,0.5,-0.142857,0.142857,4.614,-4.614,0
Ag,POSCAR_Br4Mn2_1_y050,0.5684,1.043,22,0.446626,0.5,-0.142857,0.142857,4.622,-4.621,0
Ag,POSCAR_Br4Mn2_1_y950,1.4843,1.014,24,0.377984,0.1,-0.285714,0.285714,4.588,-4.588,0
Ag,POSCAR_Br4Mn2_1_y975,1.2042,1.054,24,0.356352,0.1,-0.285714,0.285714,4.597,-4.597,0
Ag,POSCAR_Br4Mn2_1_z025,0.8135,1.102,22,0.365554,0.5,-0.142857,0.142857,4.614,-4.614,0
Ag,POSCAR_Br4Mn2_1_z050,0.6034,1.108,22,0.427812,0.5,-0.142857,0.142857,4.621,-4.621,0
Ag,POSCAR_Br4Mn2_1_z950,1.4508,0.947,24,0.395241,0.1,-0.285714,0.285714,4.588,-4.588,0
Ag,POSCAR_Br4Mn2_1_z975,1.1627,1.006,24,0.361785,0.1,-0.285714,0.285714,4.597,-4.597,0
Ag,POSCAR_Br4Mo2_1_x025,1.1289,0.669,28,0.260876,0.090909,0.166667,0.166667,3.488,-3.488,0
Ag,POSCAR_Br4Mo2_1_x050,0.8164,0.675,28,0.277433,0,0.166667,0.166667,3.503,-3.503,0
Ag,POSCAR_Br4Mo2_1_x950,1.7037,0.659,27,0.295501,0,0.166667,0.166667,3.434,-3.434,0
Ag,POSCAR_Br4Mo2_1_x975,1.4841,0.681,28,0.219377,0.181818,0.166667,0.166667,3.454,-3.454,0
Ag,POSCAR_Br4Mo2_1_y025,1.0135,0.662,28,0.206503,0.181818,0.166667,0.166667,3.482,-3.482,0
Ag,POSCAR_Br4Mo2_1_y050,0.7663,0.666,28,0.191946,0.181818,0.166667,0.166667,3.492,-3.492,0
Ag,POSCAR_Br4Mo2_1_y950,1.8458,0.893,28,0.278704,0.090909,0.333333,0.166667,3.449,-3.449,0
Ag,POSCAR_Br4Mo2_1_y975,1.5475,0.786,28,0.247912,0.090909,0.333333,0.166667,3.461,-3.461,0
Ag,POSCAR_Br4Mo2_1_z025,0.9285,0.747,28,0.200175,0.181818,0.166667,0.166667,3.479,-3.479,0
Ag,POSCAR_Br4Mo2_1_z050,0.7099,0.689,27,0.204334,0,0.166667,0.166667,3.486,-3.486,0
Ag,POSCAR_Br4Mo2_1_z950,1.8107,0.649,28,0.332765,0,0.333333,0.166667,3.454,-3.454,0
Ag,POSCAR_Br4Mo2_1_z975,1.5047,0.654,28,0.284962,0.090909,0.333333,0.166667,3.463,-3.463,0
Ag,POSCAR_Br4V2_1_x025,1.6704,0.524,23,0.20883,0,-0.285714,0.285714,2.741,-2.741,0
Ag,POSCAR_Br4V2_1_x050,1.418,0.579,22,0.211519,0.5,-0.142857,0.142857,2.746,-2.746,0
Ag,POSCAR_Br4V2_1_x950,2.4798,0.59,22,0.193168,0,-0.285714,0.285714,2.721,-2.721,0
Ag,POSCAR_Br4V2_1_x975,2.2004,0.574,23,0.200438,0,-0.285714,0.285714,2.728,-2.728,0
Ag,POSCAR_Br4V2_1_y025,1.6607,0.521,23,0.161579,0,-0.285714,0.285714,2.74,-2.74,0
Ag,POSCAR_Br4V2_1_y050,1.4121,0.571,20,0.156447,0,0.428571,0.285714,2.745,-2.745,0
Ag,POSCAR_Br4V2_1_y950,2.4373,0.349,23,0.268834,0,-0.285714,0.285714,2.723,-2.723,0
Ag,POSCAR_Br4V2_1_y975,2.1474,0.429,23,0.241776,0,-0.285714,0.285714,2.729,-2.729,0
Ag,POSCAR_Br4V2_1_z025,1.6858,0.511,23,0.210644,0,-0.285714,0.285714,2.74,-2.74,0
Ag,POSCAR_Br4V2_1_z050,1.4503,0.433,23,0.210824,0,-0.285714,0.285714,2.745,-2.745,0
Ag,POSCAR_Br4V2_1_z950,2.4524,0.515,27,0.190324,0.3,-0.285714,0.285714,2.722,-2.722,0
Ag,POSCAR_Br4V2_1_z975,2.1862,0.484,23,0.197918,0,-0.285714,0.285714,2.729,-2.729,0
Ag,POSCAR_Br6Pd2_1_x025,0.6067,1.09,25,0.145872,0,0.5,0.5,0.362,-0.362,0
Ag,POSCAR_Br6Pd2_1_x050,0.3406,1.19,25,0.160922,0,0.5,0.5,0.372,-0.372,0
Ag,POSCAR_Br6Pd2_1_x950,1.3184,1.211,31,0.130234,-0.285714,0.166667,0,0.329,-0.329,0
Ag,POSCAR_Br6Pd2_1_x975,1.0941,1.085,31,0.12849,-0.285714,0.166667,0,0.341,-0.341,0
Ag,POSCAR_Br6Pd2_1_y025,0.5863,7.412,23,0.144064,0.428571,0.5,0.166667,0.374,-0.378,-0.001
Ag,POSCAR_Br6Pd2_1_y050,0.3229,13.485,23,0.148147,0.428571,0.333333,0.166667,0.391,-0.402,-0.003
Ag,POSCAR_Br6Pd2_1_y950,1.4757,17.286,31,0.213473,0.142857,0,0.333333,0.294,-0.286,0.001
Ag,POSCAR_Br6Pd2_1_y975,1.1257,9.321,25,0.162667,0,0.5,0.5,0.325,-0.321,0.001
Ag,POSCAR_Br6Pd2_1_z025,0.6137,8.497,25,0.165181,0,0.5,0.5,0.372,-0.366,0.001
Ag,POSCAR_Br6Pd2_1_z050,0.4406,15.46,25,0.194163,0,0.5,0.5,0.395,-0.379,0.004
Ag,POSCAR_Br6Pd2_1_z950,1.3353,14.341,31,0.165387,0.142857,-0.333333,0.166667,0.313,-0.317,-0.001
Ag,POSCAR_Br6Pd2_1_z975,1.0871,7.93,31,0.145692,0.142857,-0.333333,0.166667,0.333,-0.336,-0.001
Ag,POSCAR_C1Co2_1_x025,9.4386,0.505,8,0.484156,0.5,0,0.333333,1.115,-1.115,0
Ag,POSCAR_C1Co2_1_x050,9.1558,0.468,8,0.519205,0.5,0,0.333333,1.216,-1.216,0
Ag,POSCAR_C1Co2_1_x950,10.4461,0.375,8,0.47406,0.5,0.416667,0.166667,0.859,-0.859,0
Ag,POSCAR_C1Co2_1_x975,10.0791,0.377,8,0.456843,0.5,0.416667,0.166667,0.936,-0.936,0
Ag,POSCAR_C1Co2_1_y975,10.0965,83.147,11,0.507621,0,0.416667,0,0.952,-0.967,-0.01
Ag,POSCAR_C1Co2_1_z975,10.0964,82.571,11,0.505645,0,0,0.416667,0.967,-0.952,0.01
Ag,POSCAR_C2Cr2_3_x025,9.2285,78.119,15,1.30602,0.266667,0,0.375,2.097,-2.109,-0.003
Ag,POSCAR_C2Cr2_3_x975,9.8555,91.552,15,1.289265,0,0.333333,0.375,1.933,-1.91,0.009
Ag,POSCAR_C2Cr2_3_y025,9.2287,78.589,15,1.30594,0,0.266667,0.375,2.109,-2.097,0.003
Ag,POSCAR_C2Cr2_3_y975,9.8553,90.932,15,1.289837,0.333333,0,0.375,1.91,-1.933,-0.009
Ag,POSCAR_C2Cr2_3_z025,9.2383,0.335,15,1.278276,0.266667,0,0.375,2.121,-2.121,0
Ag,POSCAR_C2Cr2_3_z050,8.9767,0.27,15,1.174445,0.333333,0,0.25,2.236,-2.236,0
Ag,POSCAR_C2Cr2_3_z950,10.1831,0.311,15,1.351724,0,0.266667,0.375,1.777,-1.777,0
Ag,POSCAR_C2Cr2_3_z975,9.8433,0.294,15,1.334564,0,0.266667,0.375,1.894,-1.894,0
Ag,POSCAR_C2Cr2_5_x025,8.943,0.392,15,0.442196,0,0.428571,0.25,2.211,-2.211,-0.001
Ag,POSCAR_C2Cr2_5_x050,8.4747,0.799,16,0.523403,-0.285714,0,0.125,2.382,-2.384,-0.001
Ag,POSCAR_C2Cr2_5_x950,10.0192,0.485,15,0.573522,0.428571,-0.428571,0.25,1.985,-1.986,-0.001
Ag,POSCAR_C2Cr2_5_x975,9.6502,0.5,15,0.528646,0.428571,0,0.25,2.05,-2.051,-0.001
Ag,POSCAR_C2Cr2_5_y025,8.9415,2.767,15,0.457654,-0.428571,0,0.25,2.214,-2.219,-0.006
Ag,POSCAR_C2Cr2_5_y050,8.4785,1.769,16,0.539763,0,-0.285714,0.125,2.396,-2.394,0.002
Ag,POSCAR_C2Cr2_5_y950,10.0131,0.447,15,0.578519,0.428571,-0.428571,0.25,1.979,-1.98,-0.001
Ag,POSCAR_C2Cr2_5_y975,9.6477,0.498,15,0.539686,0,0.428571,0.25,2.043,-2.044,-0.001
Ag,POSCAR_C2Cr2_5_z025,9.0316,1.336,15,0.398282,-0.428571,0,0.25,2.2,-2.203,-0.003
Ag,POSCAR_C2Cr2_5_z050,8.7671,1.23,15,0.322922,-0.428571,0,0.375,2.305,-2.308,-0.002
Ag,POSCAR_C2Cr2_5_z950,9.8466,0.612,15,0.511611,0,0.428571,0.25,2.012,-2.013,-0.001
Ag,POSCAR_C2Cr2_5_z975,9.5538,0.494,15,0.51569,-0.428571,0,0.25,2.062,-2.063,-0.001
Ag,POSCAR_C2Fe2_3_x025,6.5526,8.232,12,0.956226,-0.4,0,0.25,2.848,-2.84,0.007
Ag,POSCAR_C2Fe2_3_x050,6.3724,6.897,12,1.065433,0.4,-0.066667,0.25,2.983,-2.983,0
Ag,POSCAR_C2Fe2_3_x950,7.305,4.929,11,0.760905,0.4,-0.066667,0.375,2.488,-2.487,0
Ag,POSCAR_C2Fe2_3_x975,6.9929,5.945,11,0.823501,0.333333,0,0.375,2.56,-2.561,-0.001
Ag,POSCAR_C2Fe2_3_y025,6.4908,7.793,11,0.967596,0.333333,0,0.375,2.749,-2.744,0.006
Ag,POSCAR_C2Fe2_3_y050,6.2776,4.021,12,0.956478,0.066667,-0.4,0.25,2.847,-2.846,0
Ag,POSCAR_C2Fe2_3_y950,7.2756,4.301,11,0.808979,-0.066667,-0.333333,0.375,2.476,-2.48,-0.005
Ag,POSCAR_C2Fe2_3_y975,7.0173,6.738,11,0.840108,0.333333,-0.333333,0.375,2.567,-2.567,-0.001
Ag,POSCAR_C2Fe2_3_z025,6.5694,7.069,12,1.032419,0,0.333333,0.375,2.821,-2.816,0.004
Ag,POSCAR_C2Fe2_3_z950,7.268,11.125,11,0.995589,0.333333,-0.333333,0.375,2.504,-2.508,-0.006
Ag,POSCAR_C2Fe2_3_z975,6.9953,9.364,11,0.919197,0.333333,-0.333333,0.375,2.579,-2.575,0.005
Ag,POSCAR_C2Mo2_4_x025,11.1932,0.776,18,0.005819,0,0.285714,0,-0.001,-0.001,-0.002
Ag,POSCAR_C2Mo2_4_y025,11.1935,0.755,18,0.005724,0.285714,0,0,-0.001,-0.001,-0.002
Ag,POSCAR_C2Mo2_4_z975,11.9254,0.276,18,0.002061,-0.071429,0.071429,0.285714,0.001,0,0.001
Ag,POSCAR_Cl4Co2_1_x025,-0.8228,0.854,20,0.17436,-0.428571,0.142857,0.142857,2.612,-2.612,0
Ag,POSCAR_Cl4Co2_1_x050,-1.0476,0.823,20,0.177316,-0.428571,0.142857,0.142857,2.625,-2.625,0
Ag,POSCAR_Cl4Co2_1_x950,-0.0846,0.939,20,0.261022,-0.142857,-0.428571,0.285714,2.565,-2.565,0
Ag,POSCAR_Cl4Co2_1_x975,-0.313,0.887,20,0.213541,-0.142857,-0.428571,0.285714,2.583,-2.582,0
Ag,POSCAR_Cl4Co2_1_y025,-0.823,0.875,20,0.17403,-0.142857,-0.428571,0.285714,2.612,-2.612,0
Ag,POSCAR_Cl4Co2_1_y050,-1.0481,0.855,20,0.177033,-0.142857,-0.428571,0.285714,2.625,-2.625,0
Ag,POSCAR_Cl4Co2_1_y950,-0.085,0.987,20,0.261246,-0.428571,0.142857,0.142857,2.565,-2.565,0
Ag,POSCAR_Cl4Co2_1_y975,-0.3132,0.943,20,0.213865,-0.428571,0.142857,0.142857,2.583,-2.582,0
Ag,POSCAR_Cl4Co2_1_z025,-0.8223,0.968,20,0.158919,-0.428571,0.142857,0.142857,2.61,-2.609,0
Ag,POSCAR_Cl4Co2_1_z050,-0.9771,1.011,20,0.162487,-0.142857,-0.285714,0.285714,2.62,-2.62,0
Ag,POSCAR_Cl4Co2_1_z950,-0.1919,0.848,20,0.199308,-0.428571,0.142857,0.142857,2.571,-2.571,0
Ag,POSCAR_Cl4Co2_1_z975,-0.354,0.884,20,0.183003,-0.428571,0.142857,0.142857,2.586,-2.585,0
Ag,POSCAR_Cl4Fe2_1_x025,-1.2534,1.338,21,0.11544,0.142857,-0.428571,0.166667,3.693,-3.693,0
Ag,POSCAR_Cl4Fe2_1_x050,-1.4731,1.261,20,0.122498,-0.285714,0.142857,0.166667,3.702,-3.702,0
Ag,POSCAR_Cl4Fe2_1_x950,-0.6554,1.444,20,0.163679,-0.142857,0.285714,0,3.66,-3.66,0
Ag,POSCAR_Cl4Fe2_1_x975,-0.8461,1.463,20,0.125528,-0.142857,0.285714,0,3.672,-3.672,0
Ag,POSCAR_Cl4Fe2_1_y025,-1.2552,1.495,15,0.115131,0.428571,-0.142857,0.333333,3.693,-3.693,0
Ag,POSCAR_Cl4Fe2_1_y050,-1.4746,1.601,20,0.123308,0.142857,-0.285714,0.166667,3.702,-3.702,0
Ag,POSCAR_Cl4Fe2_1_y950,-0.653,1.24,20,0.161029,-0.285714,0.142857,0,3.66,-3.66,0
Ag,POSCAR_Cl4Fe2_1_y975,-0.844,1.319,20,0.122935,-0.285714,0.142857,0,3.672,-3.672,0
Ag,POSCAR_Cl4Fe2_1_z025,-1.314,1.03,21,0.111928,0.142857,-0.428571,0.166667,3.692,-3.692,0
Ag,POSCAR_Cl4Fe2_1_z050,-1.4921,1.058,14,0.132348,-0.285714,0.428571,0.5,3.7,-3.7,0
Ag,POSCAR_Cl4Fe2_1_z950,-0.6351,0.897,20,0.130768,0.142857,-0.285714,0.166667,3.661,-3.661,0
Ag,POSCAR_Cl4Fe2_1_z975,-0.9017,0.932,21,0.117317,-0.428571,-0.142857,0.333333,3.673,-3.672,0
Ag,POSCAR_Cl4Fe2_2_x025,0.7719,1.379,17,0.303469,0.181818,-0.285714,0.285714,3.717,-3.717,0
Ag,POSCAR_Cl4Fe2_2_x050,0.4877,1.368,16,0.299685,-0.454545,-0.142857,0.142857,3.725,-3.725,0
Ag,POSCAR_Cl4Fe2_2_x950,1.7618,1.376,21,0.388366,-0.272727,-0.142857,0.285714,3.686,-3.686,0
Ag,POSCAR_Cl4Fe2_2_x975,1.4286,1.343,17,0.36253,0.181818,-0.285714,0.285714,3.699,-3.698,0
Ag,POSCAR_Cl4Fe2_2_y025,0.8295,1.256,16,0.342196,-0.454545,-0.142857,0.142857,3.716,-3.716,0
Ag,POSCAR_Cl4Fe2_2_y050,0.5828,1.231,16,0.406686,-0.454545,-0.142857,0.142857,3.723,-3.723,0
Ag,POSCAR_Cl4Fe2_2_y950,1.5616,1.323,21,0.379596,-0.181818,-0.142857,0.285714,3.692,-3.692,0
Ag,POSCAR_Cl4Fe2_2_y975,1.3294,1.335,21,0.367105,0.181818,-0.142857,0.285714,3.701,-3.7,0
Ag,POSCAR_Cl4Fe2_2_z025,0.8317,1.302,17,0.344812,0.181818,-0.285714,0.285714,3.716,-3.716,0
Ag,POSCAR_Cl4Fe2_2_z050,0.6594,1.335,16,0.392718,-0.454545,-0.142857,0.142857,3.723,-3.723,0
Ag,POSCAR_Cl4Fe2_2_z950,1.5883,1.218,18,0.412761,0,-0.285714,0.285714,3.691,-3.691,0
Ag,POSCAR_Cl4Fe2_2_z975,1.3382,1.32,21,0.362134,-0.181818,-0.142857,0.285714,3.7,-3.7,0
Ag,POSCAR_Cl4Mn2_1_x025,1.0371,0.269,22,0.324178,-0.272727,0.285714,0.285714,4.625,-4.626,0
Ag,POSCAR_Cl4Mn2_1_x050,0.7817,0.262,22,0.319282,-0.272727,0.285714,0.285714,4.635,-4.635,0
Ag,POSCAR_Cl4Mn2_1_x950,2.0445,0.309,26,0.310436,-0.181818,-0.285714,0.285714,4.591,-4.591,0
Ag,POSCAR_Cl4Mn2_1_x975,1.7663,0.279,26,0.293794,-0.272727,-0.285714,0.285714,4.604,-4.604,0
Ag,POSCAR_Cl4Mn2_1_y025,1.2137,0.356,22,0.303635,-0.272727,0.285714,0.285714,4.623,-4.623,0
Ag,POSCAR_Cl4Mn2_1_y050,0.9385,0.33,22,0.287445,-0.272727,0.285714,0.285714,4.63,-4.63,0
Ag,POSCAR_Cl4Mn2_1_y950,1.8946,0.231,26,0.458766,-0.272727,-0.285714,0.285714,4.598,-4.598,0
Ag,POSCAR_Cl4Mn2_1_y975,1.6413,0.392,26,0.374828,-0.272727,-0.285714,0.285714,4.607,-4.607,0
Ag,POSCAR_Cl4Mn2_1_z025,1.2095,0.417,22,0.305167,-0.272727,0.285714,0.285714,4.623,-4.623,0
Ag,POSCAR_Cl4Mn2_1_z050,0.9308,0.201,22,0.281173,-0.272727,0.285714,0.285714,4.63,-4.63,0
Ag,POSCAR_Cl4Mn2_1_z950,1.9021,0.314,26,0.363993,-0.181818,-0.285714,0.285714,4.598,-4.598,0
Ag,POSCAR_Cl4Mn2_1_z975,1.5955,0.3,27,0.329854,0.363636,-0.285714,0.285714,4.607,-4.607,0
Ag,POSCAR_Cl4Nb2_1_x025,3.6214,0.919,27,0.222597,0,0.428571,0,2.475,-2.476,0
Ag,POSCAR_Cl4Nb2_1_x050,3.3582,0.953,27,0.210891,0,0.428571,0,2.488,-2.488,0
Ag,POSCAR_Cl4Nb2_1_x950,4.5202,0.701,27,0.272087,0,0.428571,0,2.426,-2.426,0
Ag,POSCAR_Cl4Nb2_1_x975,4.3335,0.802,27,0.251996,0,0.428571,0,2.445,-2.445,0
Ag,POSCAR_Cl4Nb2_1_y025,3.7008,19.449,27,0.249803,0,0.428571,0.5,2.479,-2.476,0.001
Ag,POSCAR_Cl4Nb2_1_y050,3.4774,34.414,27,0.261475,0,0.428571,0.5,2.495,-2.489,0.002
Ag,POSCAR_Cl4Nb2_1_y950,4.6324,35.532,27,0.357274,0,0.428571,0,2.421,-2.427,-0.001
Ag,POSCAR_Cl4Nb2_1_y975,4.2463,17.507,27,0.294267,0,0.428571,0,2.442,-2.445,-0.001
Ag,POSCAR_Cl4Nb2_1_z025,3.602,16.592,27,0.257408,0,0.428571,0,2.506,-2.509,-0.001
Ag,POSCAR_Cl4Nb2_1_z050,3.3799,32.21,27,0.27725,0,0.428571,0,2.546,-2.553,-0.003
Ag,POSCAR_Cl4Nb2_1_z950,4.5425,37.472,27,0.338229,0,0.428571,0.5,2.358,-2.352,0.001
Ag,POSCAR_Cl4Nb2_1_z975,4.3826,19.503,27,0.285744,0,0.428571,0.5,2.412,-2.409,0
Ag,POSCAR_Cl4Nb2_2_x025,3.5568,0.043,25,0.135925,0,0.285714,0.285714,2.64,-2.64,0
Ag,POSCAR_Cl4Nb2_2_x050,3.3114,0.038,27,0.109074,0.3,0.285714,0.285714,2.66,-2.66,0
Ag,POSCAR_Cl4Nb2_2_x950,4.5604,0.038,25,0.180548,0.1,0.285714,0.285714,2.578,-2.578,0
Ag,POSCAR_Cl4Nb2_2_x975,4.1988,0.038,25,0.163502,0,0.285714,0.285714,2.6,-2.6,0
Ag,POSCAR_Cl4Nb2_2_y025,3.6057,0.026,25,0.137152,0,0.285714,0.285714,2.642,-2.642,0
Ag,POSCAR_Cl4Nb2_2_y050,3.3594,0.106,25,0.126348,0,0.285714,0.285714,2.663,-2.663,0
Ag,POSCAR_Cl4Nb2_2_y950,4.4981,0.045,25,0.174528,0,0.285714,0.285714,2.573,-2.573,0
Ag,POSCAR_Cl4Nb2_2_y975,4.1327,0.037,25,0.161192,0,0.285714,0.285714,2.597,-2.597,0
Ag,POSCAR_Cl4Nb2_2_z025,3.5955,0.037,25,0.13724,0,0.285714,0.285714,2.642,-2.642,0
Ag,POSCAR_Cl4Nb2_2_z050,3.2907,0.466,25,0.126539,0,0.285714,0.285714,2.663,-2.663,0
Ag,POSCAR_Cl4Nb2_2_z950,4.5064,0.019,25,0.174297,0,0.285714,0.285714,2.573,-2.573,0
Ag,POSCAR_Cl4Nb2_2_z975,4.1325,0.022,25,0.161077,0,0.285714,0.285714,2.597,-2.597,0
Ag,POSCAR_Cl6Mn2_1_x025,0.7066,30.623,26,0.39608,-0.285714,-0.428571,0.142857,4.178,-4.151,0.008
Ag,POSCAR_Cl6Mn2_1_x975,1.1009,29.176,26,0.323878,0.285714,0,0.428571,4.049,-4.08,-0.009
Ag,POSCAR_Cl6Mn2_1_y025,0.7124,19.381,26,0.31947,-0.285714,-0.285714,0.142857,4.131,-4.147,-0.005
Ag,POSCAR_Cl6Mn2_1_y050,0.4651,35.961,34,0.299064,0.428571,0.142857,0.428571,4.148,-4.18,-0.009
Ag,POSCAR_Cl6Mn2_1_y950,1.4041,36.21,27,0.393578,-0.428571,0.428571,0.142857,4.077,-4.048,0.009
Ag,POSCAR_Cl6Mn2_1_y975,1.0615,17.168,26,0.359175,-0.285714,-0.428571,0.142857,4.096,-4.081,0.004
Ag,POSCAR_Cl6Mn2_1_z025,0.5804,16.502,26,0.334313,0.285714,0,0.428571,4.144,-4.158,-0.004
Ag,POSCAR_Cl6Mn2_1_z050,0.4055,28.696,26,0.331611,0.285714,-0.142857,0.428571,4.176,-4.204,-0.008
Ag,POSCAR_Cl6Mn2_1_z950,1.5108,24.373,26,0.344276,0.285714,0.428571,0,4.059,-4.034,0.008
Ag,POSCAR_Cl6Mn2_1_z975,1.2184,13.883,26,0.34153,-0.285714,-0.428571,0.142857,4.086,-4.073,0.004
Ag,POSCAR_Cl6Nb2_1_x025,1.6907,11.672,33,0.179456,0.428571,0,0.166667,1.72,-1.719,0.002
Ag,POSCAR_Cl6Nb2_1_x050,1.3996,22.547,34,0.16663,0.428571,0.428571,0.5,1.729,-1.729,0.004
Ag,POSCAR_Cl6Nb2_1_x950,2.5687,14.729,33,0.202737,-0.428571,-0.428571,0.333333,1.683,-1.681,0.001
Ag,POSCAR_Cl6Nb2_1_x975,2.2519,7.752,33,0.193386,-0.428571,-0.428571,0.333333,1.696,-1.695,0
Ag,POSCAR_Cl6Nb2_1_y025,1.6786,11.165,33,0.17692,0.428571,0,0.166667,1.72,-1.72,-0.001
Ag,POSCAR_Cl6Nb2_1_y050,1.359,18.45,33,0.170907,-0.428571,-0.428571,0.333333,1.731,-1.731,-0.002
Ag,POSCAR_Cl6Nb2_1_y975,2.2681,9.799,33,0.187295,0.428571,-0.142857,0.166667,1.695,-1.695,0.002
Ag,POSCAR_Cl6Nb2_1_z025,1.726,9.238,33,0.172583,-0.428571,-0.428571,0.333333,1.746,-1.745,0.001
Ag,POSCAR_Cl6Nb2_1_z050,1.2851,9.614,33,0.170124,0.428571,0.428571,0.333333,1.779,-1.777,0.002
Ag,POSCAR_Cl6Nb2_1_z950,2.5747,9.069,33,0.216265,0.428571,0,0.166667,1.615,-1.615,-0.001
Ag,POSCAR_Cl6Nb2_1_z975,2.2234,6.857,33,0.20183,0.428571,0,0.166667,1.665,-1.664,0
Ag,POSCAR_Cl6Pd2_1_x025,0.5286,12.412,31,0.147138,-0.285714,0.142857,0.333333,0.497,-0.499,0
Ag,POSCAR_Cl6Pd2_1_x050,0.3284,22.001,23,0.160806,0.428571,0,0.166667,0.517,-0.519,0
Ag,POSCAR_Cl6Pd2_1_x950,1.4391,25.26,31,0.171942,0.142857,-0.285714,0.333333,0.436,-0.432,0
Ag,POSCAR_Cl6Pd2_1_x975,1.1323,13.804,31,0.152561,0.142857,-0.285714,0.333333,0.457,-0.455,0
Ag,POSCAR_Cl6Pd2_1_y025,0.5285,12.428,31,0.145737,0.142857,-0.285714,0.333333,0.499,-0.498,0
Ag,POSCAR_Cl6Pd2_1_y050,0.3283,22.12,23,0.159912,0,0.428571,0.166667,0.519,-0.517,0
Ag,POSCAR_Cl6Pd2_1_y950,1.4387,25.547,31,0.174377,-0.285714,0.142857,0.333333,0.431,-0.436,0
Ag,POSCAR_Cl6Pd2_1_y975,1.1331,14.004,31,0.154736,-0.285714,0.142857,0.333333,0.455,-0.457,0
Ag,POSCAR_Cl6Pd2_1_z025,0.6114,0.692,31,0.134424,-0.285714,0.142857,0.333333,0.48,-0.48,0
Ag,POSCAR_Cl6Pd2_1_z050,0.344,0.745,25,0.146978,0,0.428571,0.5,0.483,-0.483,0
Ag,POSCAR_Cl6Pd2_1_z950,1.3611,0.586,31,0.161832,-0.285714,0.142857,0.333333,0.474,-0.474,0
Ag,POSCAR_Cl6Pd2_1_z975,1.1255,0.656,31,0.149897,-0.285714,0.142857,0.333333,0.476,-0.476,0
Ag,POSCAR_Cl6Pd2_2_x025,1.7955,10.815,30,0.229865,0.428571,0,0.5,0.434,-0.437,-0.001
Ag,POSCAR_Cl6Pd2_2_x050,1.536,21.162,31,0.239267,-0.428571,0.285714,0.166667,0.438,-0.449,-0.003
Ag,POSCAR_Cl6Pd2_2_x950,2.5877,17.153,30,0.278752,-0.428571,0.428571,0.5,0.42,-0.416,0.001
Ag,POSCAR_Cl6Pd2_2_x975,2.3052,10.055,30,0.260079,-0.428571,0.428571,0.5,0.425,-0.424,0
Ag,POSCAR_Cl6Pd2_2_y025,1.7424,8.62,31,0.253626,0.285714,0,0.166667,0.44,-0.438,0.003
Ag,POSCAR_Cl6Pd2_2_y050,1.4959,20.69,31,0.261105,-0.428571,0.285714,0.166667,0.45,-0.452,0
Ag,POSCAR_Cl6Pd2_2_y950,2.7139,17.51,31,0.245221,-0.428571,0.428571,0,0.409,-0.417,-0.001
Ag,POSCAR_Cl6Pd2_2_y975,2.3794,11.13,30,0.248794,0.428571,0,0.5,0.42,-0.422,-0.001
Ag,POSCAR_Cl6Pd2_2_z025,1.7866,0.582,30,0.24689,0.428571,0,0.5,0.461,-0.461,0
Ag,POSCAR_Cl6Pd2_2_z050,1.5041,0.567,21,0.222453,-0.142857,0.142857,0.333333,0.486,-0.486,0
Ag,POSCAR_Cl6Pd2_2_z950,2.7544,0.522,31,0.402267,-0.428571,0.142857,0.333333,0.321,-0.32,0.001
Ag,POSCAR_Cl6Pd2_2_z975,2.3914,0.706,31,0.331124,-0.428571,0.285714,0.166667,0.386,-0.386,-0.001
Ag,POSCAR_Co2F4_1_x025,1.46,0.506,20,0.477174,-0.153846,-0.222222,0.222222,2.775,-2.775,0
Ag,POSCAR_Co2F4_1_x050,1.1198,0.486,20,0.46945,-0.230769,-0.333333,0.333333,2.78,-2.78,0
Ag,POSCAR_Co2F4_1_x950,2.525,0.477,21,0.31185,-0.230769,-0.222222,0.222222,2.748,-2.748,0
Ag,POSCAR_Co2F4_1_x975,2.1887,0.473,21,0.337486,-0.230769,-0.222222,0.222222,2.756,-2.756,0
Ag,POSCAR_Co2F4_1_y025,1.6127,0.508,21,0.341145,-0.230769,-0.222222,0.222222,2.767,-2.767,0
Ag,POSCAR_Co2F4_1_y050,1.2771,0.555,21,0.321763,-0.230769,-0.222222,0.222222,2.77,-2.77,0
Ag,POSCAR_Co2F4_1_y950,2.3252,0.326,20,0.479961,0.230769,-0.222222,0.222222,2.761,-2.761,0
Ag,POSCAR_Co2F4_1_y975,1.9992,0.446,20,0.507519,0.230769,-0.222222,0.222222,2.766,-2.766,0
Ag,POSCAR_Co2F4_1_z025,1.6187,0.428,21,0.340785,-0.230769,-0.222222,0.222222,2.767,-2.767,0
Ag,POSCAR_Co2F4_1_z050,1.2857,0.374,21,0.321023,-0.230769,-0.222222,0.222222,2.77,-2.77,0
Ag,POSCAR_Co2F4_1_z950,2.3295,0.572,20,0.485982,0.230769,-0.222222,0.222222,2.761,-2.761,0
Ag,POSCAR_Co2F6_1_x025,-1.3221,22.711,23,0.267317,0.375,0.125,0.5,3.188,-3.188,0
Ag,POSCAR_Co2F6_1_x050,-1.6539,37.084,23,0.251371,0.375,0.125,0.5,3.187,-3.189,0.001
Ag,POSCAR_Co2F6_1_x950,-0.6092,39.953,28,0.298063,0.25,-0.125,0.25,3.182,-3.18,0
Ag,POSCAR_Co2F6_1_x975,-0.921,23.605,28,0.317588,0.125,-0.125,0.25,3.185,-3.184,-0.001
Ag,POSCAR_Co2F6_1_y025,-1.431,23.609,23,0.267637,0.125,0.375,0.5,3.188,-3.188,-0.001
Ag,POSCAR_Co2F6_1_y050,-1.6502,38.392,21,0.251184,0.25,0,0.25,3.189,-3.188,-0.001
Ag,POSCAR_Co2F6_1_y950,-0.6121,39.573,28,0.305477,-0.125,0.25,0.25,3.18,-3.182,0
Ag,POSCAR_Co2F6_1_y975,-0.9296,22.644,28,0.317468,-0.125,0.125,0.25,3.184,-3.185,0
Ag,POSCAR_Co2F6_1_z025,-1.4674,4.441,23,0.259898,0.125,0.375,0.5,3.188,-3.188,0
Ag,POSCAR_Co2F6_1_z050,-1.6522,5.15,20,0.268445,0.375,0.125,0,3.188,-3.188,0
Ag,POSCAR_Co2F6_1_z950,-0.5297,2.475,27,0.321827,0.5,-0.125,0.25,3.181,-3.181,0
Ag,POSCAR_Co2F6_1_z975,-0.8323,2.961,27,0.283201,0.5,-0.125,0.125,3.185,-3.185,0
Ag,POSCAR_Co2Ge2_1_x025,8.0306,0.691,23,0.443204,0.25,0.083333,0.375,1.194,-1.194,0
Ag,POSCAR_Co2Ge2_1_x050,7.7444,0.711,23,0.468445,0.333333,-0.083333,0.375,1.263,-1.264,-0.001
Ag,POSCAR_Co2Ge2_1_x950,9.1091,0.926,23,0.432027,-0.083333,-0.25,0.375,1.082,-1.081,0.002
Ag,POSCAR_Co2Ge2_1_x975,8.7388,0.922,23,0.408616,-0.25,0.333333,0.375,1.114,-1.115,0
Ag,POSCAR_Co2Ge2_1_y025,8.0558,0.846,23,0.449002,-0.25,0.333333,0.375,1.177,-1.178,0
Ag,POSCAR_Co2Ge2_1_y050,7.7394,0.913,23,0.477012,-0.25,0.333333,0.375,1.208,-1.207,0.001
Ag,POSCAR_Co2Ge2_1_y975,8.7231,0.85,23,0.404701,0.25,0.083333,0.375,1.124,-1.124,0
Ag,POSCAR_Co2Ge2_1_z025,8.1182,0.794,23,0.405355,0.25,0.083333,0.375,1.191,-1.192,-0.001
Ag,POSCAR_Co2Ge2_1_z050,7.8398,0.715,23,0.380359,0.25,0.083333,0.375,1.232,-1.233,-0.001
Ag,POSCAR_Co2Ge2_1_z950,8.5698,0.987,23,0.079842,-0.333333,0.333333,0.25,0.109,-0.107,0.001
Ag,POSCAR_Co2Ge2_1_z975,8.6581,0.671,23,0.417956,-0.333333,0.25,0.375,1.102,-1.103,0
Ag,POSCAR_Co2N2_1_x025,7.0704,4.743,13,0.80015,0,-0.357143,0.25,1.409,-1.41,0
Ag,POSCAR_Co2N2_1_x050,6.7478,7.404,13,0.775497,0,-0.357143,0.25,1.555,-1.556,0.001
Ag,POSCAR_Co2N2_1_x950,8.1189,4.341,13,0.705061,-0.357143,0,0.25,0.908,-0.908,0
Ag,POSCAR_Co2N2_1_y025,7.079,2.735,13,0.811564,0,-0.357143,0.25,1.402,-1.405,-0.003
Ag,POSCAR_Co2N2_1_y050,6.7484,4.127,13,0.766978,0,-0.357143,0.25,1.539,-1.539,0
Ag,POSCAR_Co2N2_1_y950,8.0993,6.907,13,0.714822,0,0.357143,0.25,0.912,-0.911,0.003
Ag,POSCAR_Co2N2_1_y975,7.7637,5.201,13,0.768119,0,0.357143,0.25,1.076,-1.075,0.002
Ag,POSCAR_Co2N2_1_z025,7.1073,3.371,13,0.714222,0,0.357143,0.25,1.32,-1.322,-0.002
Ag,POSCAR_Co2N2_1_z050,6.8016,3.355,13,0.585749,0,0.357143,0.25,1.387,-1.387,0.001
Ag,POSCAR_Co2N2_1_z975,7.7468,3.778,13,0.769804,0,-0.357143,0.25,1.148,-1.158,-0.01
Ag,POSCAR_Co2N6_1_x025,6.1068,8.959,24,0.02847,-0.071429,0.5,0.4,2.097,-2.104,-0.007
Ag,POSCAR_Co2N6_1_x950,6.9318,5.191,24,0.068617,-0.428571,0.214286,0.2,2.21,-2.204,0.005
Ag,POSCAR_Co2N6_1_x975,6.7082,4.659,24,0.104351,0,0.357143,0,2.218,-2.216,0.004
Ag,POSCAR_Co2N6_1_y025,6.0978,1.986,24,0.011459,0.357143,0.5,0.4,2.107,-2.108,-0.001
Ag,POSCAR_Co2N6_1_y050,6.0088,3.285,24,0.033065,-0.428571,0.142857,0.2,2.254,-2.257,-0.002
Ag,POSCAR_Co2N6_1_y950,6.929,2.431,24,0.024477,-0.285714,-0.142857,0.4,2.206,-2.204,0.003
Ag,POSCAR_Co2N6_1_y975,6.71,2.248,24,0.017137,-0.357143,-0.071429,0.4,2.217,-2.216,0.001
Ag,POSCAR_Co2N6_1_z025,6.1084,0.826,24,0.005492,0.357143,0,0.4,2.285,-2.285,0.001
Ag,POSCAR_Co2N6_1_z050,5.7505,5.631,23,0.042675,0.5,0.5,0,2.344,-2.339,0.007
Ag,POSCAR_Co2N6_1_z950,7.1761,0.849,25,0.006442,0.357143,0.428571,0.4,2.003,-2.003,0
Ag,POSCAR_Co2N6_1_z975,6.8478,2.837,24,0.020679,0.142857,0.5,0.4,2.166,-2.162,0.005
Ag,POSCAR_Co2O2_1_x025,4.6252,0.85,12,0.414121,0.307692,0,0.25,2.631,-2.631,0
Ag,POSCAR_Co2O2_1_x050,4.3764,1.14,12,0.408983,0.307692,0.076923,0.25,2.637,-2.637,0
Ag,POSCAR_Co2O2_1_x950,5.6197,1.144,12,0.377742,0.307692,-0.307692,0.25,2.601,-2.601,0
Ag,POSCAR_Co2O2_1_x975,5.3173,0.929,12,0.413531,0.307692,-0.307692,0.25,2.613,-2.613,0
Ag,POSCAR_Co2O2_1_y025,4.6268,0.854,12,0.414639,0,0.307692,0.25,2.631,-2.631,0
Ag,POSCAR_Co2O2_1_y050,4.3778,1.097,12,0.408888,0.076923,0.307692,0.25,2.637,-2.637,0
Ag,POSCAR_Co2O2_1_y950,5.6178,1.193,12,0.377421,-0.307692,0.307692,0.25,2.601,-2.601,0
Ag,POSCAR_Co2O2_1_y975,5.3164,0.932,12,0.412977,0.307692,-0.307692,0.25,2.613,-2.613,0
Ag,POSCAR_Co2O2_1_z025,4.6039,0.917,12,0.430693,0,0.307692,0.25,2.636,-2.636,0
Ag,POSCAR_Co2O2_1_z050,4.2757,0.948,12,0.452675,-0.076923,0.384615,0.25,2.647,-2.647,0
Ag,POSCAR_Co2O2_1_z950,5.4837,0.922,12,0.373011,-0.076923,0.384615,0.25,2.587,-2.587,0
Ag,POSCAR_Co2O2_1_z975,5.2449,0.914,12,0.382229,-0.307692,0,0.25,2.606,-2.606,0
Ag,POSCAR_Co2P2_4_x025,9.3462,0.871,13,0.182046,0.266667,0.066667,0.166667,0.405,-0.405,0
Ag,POSCAR_Co2P2_4_x050,8.9966,0.683,13,0.22938,0.266667,-0.333333,0.333333,0.5,-0.5,0
Ag,POSCAR_Co2P2_4_x950,10.5234,1.767,13,0.184555,0.333333,-0.266667,0.166667,0.246,-0.24,0.006
Ag,POSCAR_Co2P2_4_x975,10.1033,0.945,13,0.178526,0.333333,-0.266667,0.166667,0.303,-0.303,0
Ag,POSCAR_Co2P2_4_y025,9.346,0.899,13,0.184049,-0.066667,-0.266667,0.166667,0.405,-0.405,0.001
Ag,POSCAR_Co2P2_4_y050,8.9969,0.746,13,0.230508,0.333333,-0.266667,0.333333,0.5,-0.5,0
Ag,POSCAR_Co2P2_4_y950,10.5234,0.925,13,0.1811,0.266667,-0.333333,0.166667,0.245,-0.244,0.001
Ag,POSCAR_Co2P2_4_y975,10.1028,1.071,13,0.176419,-0.266667,0.333333,0.166667,0.304,-0.303,0
Ag,POSCAR_Co2P2_4_z050,9.216,0.891,14,0.281652,0.466667,0,0.333333,1.027,-1.03,-0.002
Ag,POSCAR_Co2P2_4_z975,10.0054,0.796,12,0.151389,0,0.333333,0.333333,0.266,-0.265,0
Ag,POSCAR_Co2Pb2_4_x950,8.3526,1.395,23,0.019873,0.5,0.222222,0.375,1.901,-1.9,0.002
Ag,POSCAR_Co2Pb2_4_y025,7.467,10.206,22,0.163973,0.5,0,0.5,1.962,-1.967,-0.004
Ag,POSCAR_Co2Pb2_4_y950,8.3744,1.044,23,0.006202,0,0.444444,0,1.89,-1.89,0
Ag,POSCAR_Co2Pb2_4_y975,8.0827,1.016,23,0.00553,0,0.444444,0,1.92,-1.92,0
Ag,POSCAR_Co2Pb2_4_z025,7.504,8.429,21,0.041393,0,0,0,1.965,-1.966,-0.004
Ag,POSCAR_Co2Pb2_4_z950,8.4311,4.83,23,0.033744,0.125,0.444444,0.5,1.909,-1.908,0.002
Ag,POSCAR_Co2Pb3_1_x025,6.7888,1.857,31,0.01703,-0.272727,0.285714,0.142857,1.981,-1.981,-0.001
Ag,POSCAR_Co2Pb3_1_x050,6.5249,1.695,31,0.01707,-0.272727,0.285714,0.142857,1.994,-1.994,-0.001
Ag,POSCAR_Co2Pb3_1_x950,7.6328,2.308,31,0.018434,-0.272727,-0.285714,0.142857,1.927,-1.928,-0.003
Ag,POSCAR_Co2Pb3_1_x975,7.348,2.032,31,0.017512,-0.272727,-0.285714,0.142857,1.949,-1.948,0
Ag,POSCAR_Co2Pb3_1_y025,6.8018,2.492,26,0.015126,0.090909,0.142857,0.285714,1.982,-1.981,0.001
Ag,POSCAR_Co2Pb3_1_y050,6.5438,2.557,30,0.014692,0,0.285714,0.142857,1.995,-1.995,0
Ag,POSCAR_Co2Pb3_1_y950,7.6238,1.575,31,0.01557,-0.272727,0.285714,0.142857,1.924,-1.924,0
Ag,POSCAR_Co2Pb3_1_y975,7.3387,1.514,31,0.016964,-0.272727,0.285714,0.142857,1.947,-1.946,0.001
Ag,POSCAR_Co2Pb3_1_z025,6.7839,2.518,31,0.015694,-0.272727,-0.285714,0.142857,1.977,-1.976,0.003
Ag,POSCAR_Co2Pb3_1_z050,6.5293,2.994,30,0.015914,0.454545,0,0.285714,1.988,-1.986,0.003
Ag,POSCAR_Co2Pb3_1_z950,7.6676,2.313,31,0.016432,-0.272727,0.285714,0.142857,1.942,-1.94,0.003
Ag,POSCAR_Co2Pb3_1_z975,7.3627,2.12,31,0.017723,-0.272727,0.285714,0.142857,1.954,-1.956,-0.003
Ag,POSCAR_Co2S2_1_x025,8.2141,4.375,14,0.701414,0.25,0,0.375,1.479,-1.469,0.01
Ag,POSCAR_Co2S2_1_x050,8.355,22.947,15,1.044783,0,-0.333333,0.25,2.257,-2.263,-0.001
Ag,POSCAR_Co2S2_1_y025,8.2062,4.578,14,0.704477,0,-0.25,0.375,1.48,-1.477,0.006
Ag,POSCAR_Co2S2_1_y050,8.3603,5.428,15,1.030444,-0.333333,0,0.25,2.263,-2.263,0
Ag,POSCAR_Co2S2_1_z050,8.4409,1.176,14,1.11311,0.333333,0,0.25,2.293,-2.293,0
Ag,POSCAR_Co2S2_1_z975,8.9806,3.556,12,0.501541,0.25,0,0.125,1.221,-1.221,0.001
Ag,POSCAR_Co2Sb3_1_x025,7.7807,2.544,15,0.007706,-0.1,0.2,0.166667,1.615,-1.614,0.001
Ag,POSCAR_Co2Sb3_1_x050,7.5143,2.498,15,0.008392,-0.1,0.2,0.166667,1.66,-1.66,0
Ag,POSCAR_Co2Sb3_1_x950,8.7386,2.598,15,0.008238,-0.2,0.1,0,1.425,-1.426,-0.002
Ag,POSCAR_Co2Sb3_1_x975,8.3925,2.257,13,0.009078,0,0,0.166667,1.499,-1.499,0
Ag,POSCAR_Co2Sb3_1_y025,7.7801,2.294,14,0.008434,-0.2,0.1,0.333333,1.614,-1.613,0.001
Ag,POSCAR_Co2Sb3_1_y050,7.5137,2.643,15,0.008489,-0.2,0.1,0.166667,1.659,-1.659,0
Ag,POSCAR_Co2Sb3_1_y950,8.7389,2.353,13,0.007248,-0.1,0,0.166667,1.427,-1.427,-0.001
Ag,POSCAR_Co2Sb3_1_y975,8.3924,2.521,13,0.008295,0,0,0.166667,1.5,-1.499,0
Ag,POSCAR_Co2Sb3_1_z025,7.7298,3.191,13,0.00843,0,0,0.166667,1.595,-1.593,0.003
Ag,POSCAR_Co2Sb3_1_z050,7.4067,3.297,10,0.01023,0,0,0.333333,1.62,-1.619,0.001
Ag,POSCAR_Co2Sb3_1_z950,8.7977,3.408,15,0.008606,-0.2,0.1,0.166667,1.476,-1.475,0.002
Ag,POSCAR_Co2Sb3_1_z975,8.4273,3.603,13,0.00909,0,0,0,1.523,-1.523,0
Ag,POSCAR_Co2Se2_3_x025,3.1614,1.119,13,0.400636,0,-0.3,0.285714,2.502,-2.503,0
Ag,POSCAR_Co2Se2_3_x050,2.9259,1.129,13,0.36939,0,-0.3,0.285714,2.512,-2.513,0
Ag,POSCAR_Co2Se2_3_x950,4.1493,1.218,14,0.269651,0.2,0.2,0.285714,2.458,-2.458,0
Ag,POSCAR_Co2Se2_3_x975,3.735,1.115,13,0.249915,0.1,-0.2,0.285714,2.475,-2.476,0
Ag,POSCAR_Co2Se2_3_y025,3.1616,1.012,13,0.400185,-0.3,0,0.285714,2.502,-2.503,0
Ag,POSCAR_Co2Se2_3_y050,2.9264,1.047,13,0.368886,-0.3,0,0.285714,2.512,-2.513,0
Ag,POSCAR_Co2Se2_3_y950,4.1487,1.392,14,0.269626,0.2,0.2,0.285714,2.458,-2.458,0
Ag,POSCAR_Co2Se2_3_y975,3.7345,1.212,13,0.24916,-0.2,0.1,0.285714,2.475,-2.476,0
Ag,POSCAR_Co2Se2_3_z025,3.2119,1.235,13,0.229524,0,0.3,0.428571,2.515,-2.515,0
Ag,POSCAR_Co2Se2_3_z050,3.0089,1.175,13,0.239366,0.1,0.4,0.285714,2.536,-2.536,0
Ag,POSCAR_Co2Se2_3_z950,3.8974,1.324,13,0.239172,0.1,-0.2,0.285714,2.423,-2.424,0
Ag,POSCAR_Co2Se2_3_z975,3.583,1.321,13,0.450301,0,-0.3,0.285714,2.46,-2.46,0
Ag,POSCAR_Co2Se4_1_x025,5.8444,0.393,21,0.72024,-0.181818,-0.222222,0.285714,1.432,-1.433,-0.002
Ag,POSCAR_Co2Se4_1_x050,5.5528,0.299,21,0.725259,-0.181818,-0.222222,0.285714,1.47,-1.471,-0.001
Ag,POSCAR_Co2Se4_1_x950,6.8063,0.203,21,0.6371,-0.181818,-0.222222,0.285714,1.276,-1.277,0
Ag,POSCAR_Co2Se4_1_x975,6.4766,0.177,21,0.672355,-0.181818,-0.222222,0.285714,1.337,-1.337,0
Ag,POSCAR_Co2Se4_1_y025,5.8449,0.257,21,0.713265,-0.181818,-0.222222,0.285714,1.438,-1.438,-0.001
Ag,POSCAR_Co2Se4_1_y050,5.5426,0.215,21,0.68114,-0.181818,-0.222222,0.285714,1.492,-1.492,0
Ag,POSCAR_Co2Se4_1_y950,6.852,0.252,21,0.66554,-0.181818,-0.222222,0.285714,1.284,-1.285,-0.001
Ag,POSCAR_Co2Se4_1_y975,6.4971,0.37,21,0.682238,-0.181818,-0.222222,0.285714,1.335,-1.336,-0.001
Ag,POSCAR_Co2Se4_1_z025,5.7772,0.17,21,0.634598,-0.181818,-0.222222,0.285714,1.468,-1.468,0
Ag,POSCAR_Co2Se4_1_z050,5.4489,0.18,21,0.558679,0.272727,-0.111111,0.285714,1.537,-1.537,0
Ag,POSCAR_Co2Se4_1_z950,6.9182,0.618,21,0.774911,0.181818,-0.222222,0.285714,1.211,-1.214,-0.003
Ag,POSCAR_Co2Se4_1_z975,6.5262,0.21,21,0.742814,0.181818,-0.222222,0.285714,1.301,-1.301,0
Ag,POSCAR_Co2Sn4_2_x025,7.5725,0.138,32,0.271046,0.5,-0.285714,0.285714,0.347,-0.346,0.001
Ag,POSCAR_Co2Sn4_2_x050,7.2498,0.039,32,0.008153,0.5,-0.428571,0.428571,0.003,-0.003,0
Ag,POSCAR_Co2Sn4_2_x950,8.6234,0.117,32,0.188268,0.5,-0.285714,0.285714,0.232,-0.233,-0.001
Ag,POSCAR_Co2Sn4_2_x975,8.2485,0.885,29,0.196925,0,-0.142857,0.428571,0.27,-0.269,0.001
Ag,POSCAR_Co2Sn4_2_z950,8.4517,0.067,32,0.002431,0.5,-0.428571,0.428571,0.001,0,0.001
Ag,POSCAR_Co2Sn4_2_z975,8.1259,0.493,37,0.00659,0.5,0.428571,0.428571,0.002,0.002,0.003
Ag,POSCAR_Co2Tl3_1_x025,6.4954,1.343,28,0.012936,0.5,0,0.5,1.972,-1.971,0.002
Ag,POSCAR_Co2Tl3_1_x050,6.2666,1.317,28,0.012624,0.5,0,0.5,1.978,-1.978,0
Ag,POSCAR_Co2Tl3_1_x950,7.3344,1.457,28,0.013478,0.5,0,0.5,1.937,-1.935,0.003
Ag,POSCAR_Co2Tl3_1_x975,7.0324,1.35,28,0.01384,0.5,0,0.5,1.951,-1.951,0
Ag,POSCAR_Co2Tl3_1_y025,6.4896,1.243,28,0.012817,0.5,0,0.5,1.973,-1.973,0
Ag,POSCAR_Co2Tl3_1_y050,6.2346,1.265,28,0.012216,0.4,0,0,1.985,-1.984,0.001
Ag,POSCAR_Co2Tl3_1_y950,7.3162,1.245,28,0.014423,0.5,0,0.5,1.93,-1.93,0
Ag,POSCAR_Co2Tl3_1_y975,7.0346,1.544,28,0.013847,0.5,0,0.5,1.949,-1.947,0.003
Ag,POSCAR_Co2Tl3_1_z025,6.5067,1.352,28,0.013558,0.5,0,0.5,1.98,-1.978,0.003
Ag,POSCAR_Co2Tl3_1_z050,6.2843,1.223,28,0.013408,0.5,0,0.5,1.993,-1.992,0.001
Ag,POSCAR_Co2Tl3_1_z950,7.3083,1.216,28,0.012303,0.4,0,0,1.916,-1.916,0.001
Ag,POSCAR_Co2Tl3_1_z975,7.0215,1.282,28,0.012766,0.5,0,0.5,1.94,-1.939,0.002
Ag,POSCAR_Cr2Ga2_2_x025,7.0108,0.361,25,0.009524,0,0.5,0,4.016,-4.016,0
Ag,POSCAR_Cr2Ga2_2_x050,6.7233,0.552,25,0.009367,0.444444,0.5,0.444444,4.029,-4.029,0.001
Ag,POSCAR_Cr2Ga2_2_x950,7.8476,0.656,25,0.009823,0.444444,0.5,0.444444,3.957,-3.956,0.001
Ag,POSCAR_Cr2Ga2_2_x975,7.5745,1.129,25,0.01105,0,0.5,0,3.979,-3.979,-0.001
Ag,POSCAR_Cr2Ga2_2_y025,7.0021,1.253,25,0.010361,0.444444,0.5,0.444444,4.018,-4.017,0.003
Ag,POSCAR_Cr2Ga2_2_y050,6.7316,0.326,25,0.010332,0,0.5,0,4.034,-4.034,0
Ag,POSCAR_Cr2Ga2_2_y950,7.8604,0.943,25,0.010809,0,0.5,0,3.952,-3.952,-0.001
Ag,POSCAR_Cr2Ga2_2_y975,7.5681,0.762,25,0.009944,0,0.5,0,3.978,-3.978,0
Ag,POSCAR_Cr2Ga2_2_z025,7.0129,0.631,25,0.010152,0,0.5,0,4.015,-4.015,0
Ag,POSCAR_Cr2Ga2_2_z050,6.7275,0.673,25,0.010762,0,0.5,0,4.028,-4.028,-0.001
Ag,POSCAR_Cr2Ga2_2_z950,7.8444,0.979,25,0.0106,0.444444,0.5,0.444444,3.957,-3.956,0.002
Ag,POSCAR_Cr2Ga2_2_z975,7.5676,0.439,25,0.009642,0,0.5,0,3.979,-3.979,0
Ag,POSCAR_Cr2Ge2_3_x025,6.8892,0.318,25,0.363134,0,-0.307692,0.333333,3.921,-3.921,0
Ag,POSCAR_Cr2Ge2_3_x050,6.6286,0.352,25,0.379563,0.307692,-0.307692,0.333333,3.935,-3.936,0
Ag,POSCAR_Cr2Ge2_3_x950,7.7577,0.346,26,0.283957,0.153846,-0.461539,0.333333,3.876,-3.876,0
Ag,POSCAR_Cr2Ge2_3_x975,7.4486,1.753,26,0.290315,0.153846,-0.461539,0.333333,3.891,-3.891,-0.001
Ag,POSCAR_Cr2Ge2_3_y025,6.8893,0.326,25,0.363382,0.307692,0,0.333333,3.921,-3.921,0
Ag,POSCAR_Cr2Ge2_3_y050,6.6287,0.362,25,0.379737,0.307692,-0.307692,0.333333,3.935,-3.936,0
Ag,POSCAR_Cr2Ge2_3_y950,7.7576,0.347,26,0.284277,0.461539,-0.153846,0.333333,3.876,-3.876,0
Ag,POSCAR_Cr2Ge2_3_y975,7.4485,12.4,26,0.29066,0.461539,-0.153846,0.333333,3.891,-3.891,-0.001
Ag,POSCAR_Cr2Ge2_3_z025,6.9393,0.56,26,0.279053,0.461539,-0.153846,0.333333,3.944,-3.945,0
Ag,POSCAR_Cr2Ge2_3_z050,6.6727,31.19,26,0.260974,0.461539,-0.153846,0.333333,3.979,-3.979,0
Ag,POSCAR_Cr2Ge2_3_z950,7.6156,0.637,26,0.34879,0.461539,-0.153846,0.333333,3.823,-3.823,0
Ag,POSCAR_Cr2Ge2_3_z975,7.4029,0.754,26,0.323491,0.461539,-0.153846,0.333333,3.865,-3.866,-0.001
Ag,POSCAR_Cr2Ge3_1_x025,6.0462,2.832,32,0.015408,0,0.5,0.5,3.939,-3.938,0.003
Ag,POSCAR_Cr2Ge3_1_x050,5.8068,2.279,32,0.014322,0,0.5,0.5,3.955,-3.954,0
Ag,POSCAR_Cr2Ge3_1_x950,6.8414,2.633,32,0.015536,0.5,0,0.5,3.868,-3.867,0
Ag,POSCAR_Cr2Ge3_1_x975,6.5742,2.615,32,0.014697,0,-0.4,0.25,3.894,-3.894,-0.002
Ag,POSCAR_Cr2Ge3_1_y025,6.0463,2.806,32,0.015271,0.5,0,0.5,3.939,-3.938,0.003
Ag,POSCAR_Cr2Ge3_1_y050,5.809,2.281,32,0.014547,0.5,0,0.5,3.955,-3.954,0.001
Ag,POSCAR_Cr2Ge3_1_y950,6.8425,2.734,32,0.015622,0,0.5,0.5,3.868,-3.867,0.001
Ag,POSCAR_Cr2Ge3_1_y975,6.5745,2.58,32,0.014634,0.4,0,0.25,3.894,-3.895,-0.002
Ag,POSCAR_Cr2Ge3_1_z025,6.0451,3.127,32,0.014866,0.5,0,0.5,3.946,-3.944,0.004
Ag,POSCAR_Cr2Ge3_1_z050,5.7803,2.97,32,0.014262,0,0.5,0.5,3.968,-3.967,0.003
Ag,POSCAR_Cr2Ge3_1_z950,6.8758,2.553,32,0.014358,0.5,0,0.5,3.851,-3.852,-0.002
Ag,POSCAR_Cr2Ge3_1_z975,6.5802,2.63,32,0.01428,0,0.5,0.5,3.886,-3.887,-0.002
Ag,POSCAR_Cr2In2_5_x025,6.6202,5.608,26,0.270209,0.5,0,0,4.129,-4.13,-0.002
Ag,POSCAR_Cr2In2_5_x050,6.3598,8.23,26,0.269453,0.5,0,0,4.145,-4.143,0.001
Ag,POSCAR_Cr2In2_5_x975,7.1964,5.011,26,0.270263,0.5,0,0,4.101,-4.101,-0.001
Ag,POSCAR_Cr2In2_5_y025,6.6622,5.081,26,0.355204,0.5,0,0,4.122,-4.123,-0.002
Ag,POSCAR_Cr2In2_5_y050,6.4095,5.372,26,0.349798,0.5,0,0,4.129,-4.13,0
Ag,POSCAR_Cr2In2_5_y950,7.4523,5.276,25,0.328132,0.5,0,0,4.103,-4.104,-0.003
Ag,POSCAR_Cr2In2_5_y975,7.1759,5.086,23,0.243662,0.416667,0,0.4,4.108,-4.11,-0.004
Ag,POSCAR_Cr2In2_5_z025,6.6627,5.18,26,0.233024,0.5,0,0,4.134,-4.138,-0.006
Ag,POSCAR_Cr2In2_5_z050,6.4497,4.801,26,0.226988,0.5,0,0.4,4.154,-4.158,-0.008
Ag,POSCAR_Cr2In2_5_z950,7.4245,8.572,26,0.367198,0.5,0,0,4.072,-4.072,-0.001
Ag,POSCAR_Cr2In2_5_z975,7.152,7.062,26,0.316578,0.5,0,0,4.094,-4.094,-0.001
Ag,POSCAR_Cr2In5_1_x025,6.5009,2.831,44,0.020785,0.285714,0.285714,0,4.167,-4.169,-0.002
Ag,POSCAR_Cr2In5_1_x050,6.2657,3.706,46,0.022392,0.285714,0.142857,0.142857,4.178,-4.181,-0.005
Ag,POSCAR_Cr2In5_1_x950,7.2947,4.141,44,0.024226,-0.285714,-0.142857,0.285714,4.119,-4.121,-0.003
Ag,POSCAR_Cr2In5_1_x975,7.0118,3.889,44,0.021703,-0.285714,0,0.285714,4.138,-4.14,-0.002
Ag,POSCAR_Cr2In5_1_y025,6.4776,3.552,44,0.022397,-0.285714,-0.142857,0.285714,4.164,-4.167,-0.006
Ag,POSCAR_Cr2In5_1_y050,6.2351,3.893,44,0.025395,-0.285714,-0.142857,0.285714,4.176,-4.177,0
Ag,POSCAR_Cr2In5_1_y950,7.3131,3.856,44,0.019801,0.285714,0.428571,0,4.129,-4.131,-0.002
Ag,POSCAR_Cr2In5_1_y975,7.0287,3.278,44,0.018936,-0.285714,0,0.285714,4.141,-4.142,0.001
Ag,POSCAR_Cr2In5_1_z025,6.4899,3.161,44,0.022242,-0.285714,0,0.285714,4.167,-4.167,0.005
Ag,POSCAR_Cr2In5_1_z050,6.2561,3.456,44,0.019938,-0.285714,0,0.285714,4.178,-4.18,-0.002
Ag,POSCAR_Cr2In5_1_z950,7.2967,3.217,44,0.028166,-0.285714,-0.142857,0.285714,4.127,-4.128,0.001
Ag,POSCAR_Cr2In5_1_z975,7.0115,2.948,44,0.024369,-0.285714,-0.142857,0.285714,4.141,-4.141,0.004
Ag,POSCAR_Cr2In8_2_x025,6.3671,0.754,64,0.009672,-0.333333,0.428571,0.142857,4.161,-4.162,-0.003
Ag,POSCAR_Cr2In8_2_x050,6.1386,0.883,65,0.010291,0.166667,-0.285714,0.285714,4.174,-4.175,-0.003
Ag,POSCAR_Cr2In8_2_x950,7.1874,0.885,62,0.010797,0,-0.142857,0.428571,4.125,-4.126,-0.002
Ag,POSCAR_Cr2In8_2_x975,6.8926,0.708,62,0.011759,-0.166667,-0.142857,0.428571,4.137,-4.137,0
Ag,POSCAR_Cr2In8_2_y025,6.3584,0.898,62,0.011531,0.5,-0.285714,0.428571,4.165,-4.167,-0.004
Ag,POSCAR_Cr2In8_2_y050,6.1301,1.115,64,0.011928,0.166667,-0.285714,0.428571,4.182,-4.183,-0.005
Ag,POSCAR_Cr2In8_2_y950,7.2014,0.722,65,0.0115,0,0.285714,0.285714,4.113,-4.113,0.002
Ag,POSCAR_Cr2In8_2_y975,6.9075,0.749,63,0.009909,-0.333333,-0.142857,0.428571,4.132,-4.133,-0.002
Ag,POSCAR_Cr2In8_2_z025,6.3802,0.831,61,0.013678,0.5,-0.428571,0.285714,4.16,-4.161,-0.004
Ag,POSCAR_Cr2In8_2_z050,6.1422,0.581,63,0.012439,0,-0.142857,0.428571,4.171,-4.172,0
Ag,POSCAR_Cr2In8_2_z950,7.1405,0.993,64,0.012149,-0.333333,0.285714,0.285714,4.123,-4.125,-0.003
Ag,POSCAR_Cr2In8_2_z975,6.8789,0.712,61,0.011524,-0.333333,0.285714,0.142857,4.137,-4.137,0
Ag,POSCAR_Cr2N2_7_x025,8.2584,0.425,17,0.756821,0,-0.285714,0.25,2.948,-2.948,0
Ag,POSCAR_Cr2N2_7_x050,8.1,0.421,17,0.794084,0,-0.285714,0.25,2.973,-2.973,0
Ag,POSCAR_Cr2N2_7_x950,9.4074,0.512,17,0.750685,0.285714,0,0.25,2.867,-2.867,0
Ag,POSCAR_Cr2N2_7_x975,8.9703,0.444,17,0.745881,0.285714,0,0.25,2.895,-2.895,0
Ag,POSCAR_Cr2N2_7_y025,8.2585,0.428,17,0.75627,0.285714,0,0.25,2.948,-2.948,0
Ag,POSCAR_Cr2N2_7_y050,8.1002,0.427,17,0.793872,0.285714,0,0.25,2.973,-2.973,0
Ag,POSCAR_Cr2N2_7_y950,9.4084,0.499,17,0.750712,0,-0.285714,0.25,2.867,-2.867,0
Ag,POSCAR_Cr2N2_7_y975,8.9702,0.441,17,0.746285,0,-0.285714,0.25,2.895,-2.895,0
Ag,POSCAR_Cr2N2_7_z025,8.3926,0.42,16,0.53944,0.285714,0,0.125,2.955,-2.955,0
Ag,POSCAR_Cr2N2_7_z050,8.159,0.388,16,0.509981,0.285714,0,0.125,2.986,-2.986,0
Ag,POSCAR_Cr2N2_7_z950,9.3398,0.465,17,0.869943,0,-0.285714,0.25,2.851,-2.851,0
Ag,POSCAR_Cr2N2_7_z975,8.8406,0.437,17,0.812995,0,-0.285714,0.25,2.888,-2.888,0
Ag,POSCAR_Cr2O2_2_x025,5.205,129.977,18,1.279911,0.461539,0,0.5,3.681,-3.669,0.006
Ag,POSCAR_Cr2O2_2_x975,5.7338,133.787,18,1.368685,0,0.461539,0.5,3.656,-3.668,-0.007
Ag,POSCAR_Cr2O2_2_y025,5.2108,130.351,18,1.279356,0,0.461539,0.5,3.669,-3.681,-0.006
Ag,POSCAR_Cr2O2_2_y975,5.7402,133.887,18,1.369426,0.461539,0,0.5,3.668,-3.656,0.007
Ag,POSCAR_Cr2O2_2_z025,5.0515,4.445,18,1.117426,0.461539,0,0.5,3.685,-3.685,0
Ag,POSCAR_Cr2O2_2_z050,4.6779,0.305,18,1.041263,0.461539,0,0.5,3.699,-3.699,0
Ag,POSCAR_Cr2O2_2_z950,6.1081,0.201,18,1.367022,0.461539,0,0.5,3.629,-3.629,0
Ag,POSCAR_Cr2O2_2_z975,5.7493,3.908,18,1.279056,0.461539,0,0.5,3.651,-3.651,0
Ag,POSCAR_Cr2O4_2_x025,4.4597,0.196,22,0.745481,0.5,-0.333333,0.333333,2.184,-2.184,0
Ag,POSCAR_Cr2O4_2_x050,4.2507,0.188,22,0.670347,0.5,-0.333333,0.333333,2.238,-2.238,0
Ag,POSCAR_Cr2O4_2_x950,5.5508,0.264,23,0.743934,0,-0.222222,0.222222,2.047,-2.047,0
Ag,POSCAR_Cr2O4_2_x975,5.1694,0.222,23,0.68139,0,-0.333333,0.333333,2.089,-2.089,0
Ag,POSCAR_Cr2O4_2_y025,4.4982,0.152,22,0.724233,0.5,-0.333333,0.333333,2.167,-2.167,0
Ag,POSCAR_Cr2O4_2_y050,4.2245,0.143,22,0.697255,-0.285714,0.222222,0.222222,2.204,-2.204,0
Ag,POSCAR_Cr2O4_2_y950,5.5571,0.137,23,0.641504,0,0.333333,0.222222,2.077,-2.077,0
Ag,POSCAR_Cr2O4_2_y975,5.2733,0.17,23,0.673865,0,0.333333,0.222222,2.104,-2.105,0
Ag,POSCAR_Cr2O4_2_z025,4.4977,0.161,22,0.724086,0.5,-0.333333,0.333333,2.167,-2.167,0
Ag,POSCAR_Cr2O4_2_z050,4.2241,0.157,22,0.698544,-0.285714,0.222222,0.222222,2.204,-2.204,0
Ag,POSCAR_Cr2O4_2_z950,5.5578,0.13,23,0.640991,0,0.222222,0.333333,2.077,-2.077,0
Ag,POSCAR_Cr2O4_2_z975,5.2739,0.171,23,0.673633,0,0.222222,0.333333,2.105,-2.105,0
Ag,POSCAR_Cr2P18_1_x025,8.9272,1.952,58,0.009612,0.5,0,0,3.578,-3.581,-0.002
Ag,POSCAR_Cr2P18_1_x050,8.5865,1.956,56,0.009259,-0.375,0.285714,0.2,3.634,-3.636,-0.002
Ag,POSCAR_Cr2P18_1_x950,9.9711,1.708,56,0.009284,0.375,0.285714,0.4,3.341,-3.342,0.001
Ag,POSCAR_Cr2P18_1_x975,9.6158,1.63,57,0.009234,0.5,0.285714,0.2,3.415,-3.417,0.001
Ag,POSCAR_Cr2P18_1_y025,8.9198,1.952,57,0.008596,-0.375,0.285714,0.2,3.553,-3.556,-0.002
Ag,POSCAR_Cr2P18_1_y050,8.5776,1.988,56,0.009382,0,0,0.4,3.593,-3.595,-0.002
Ag,POSCAR_Cr2P18_1_y950,9.9777,1.58,55,0.009256,0.5,-0.142857,0.4,3.321,-3.323,-0.003
Ag,POSCAR_Cr2P18_1_y975,9.625,2.059,57,0.010915,-0.375,0.285714,0.2,3.421,-3.425,-0.005
Ag,POSCAR_Cr2P18_1_z025,8.927,1.398,57,0.009201,-0.375,0.285714,0.2,3.524,-3.525,0
Ag,POSCAR_Cr2P18_1_z050,8.6074,1.616,57,0.010014,-0.375,0.285714,0,3.554,-3.555,0.002
Ag,POSCAR_Cr2P18_1_z950,9.9902,2.236,55,0.00882,0.5,-0.142857,0.4,3.37,-3.372,-0.001
Ag,POSCAR_Cr2P18_1_z975,9.6205,2.313,56,0.009094,-0.25,-0.428571,0.2,3.459,-3.462,-0.005
Ag,POSCAR_Cr2P4_2_x025,7.5345,0.271,22,0.288408,-0.4,-0.25,0.142857,3.464,-3.464,0
Ag,POSCAR_Cr2P4_2_x050,7.2215,0.385,22,0.309122,0.466667,-0.25,0.142857,3.482,-3.482,0
Ag,POSCAR_Cr2P4_2_x950,8.6033,0.276,23,0.374571,-0.333333,-0.25,0.285714,3.442,-3.441,0
Ag,POSCAR_Cr2P4_2_x975,8.2258,4.556,23,0.34604,-0.333333,-0.25,0.285714,3.436,-3.436,0.001
Ag,POSCAR_Cr2P4_2_y025,7.5844,7.016,23,0.332749,-0.333333,-0.25,0.285714,3.501,-3.5,0
Ag,POSCAR_Cr2P4_2_y050,7.374,0.415,23,0.354754,0.333333,0.25,0.285714,3.563,-3.562,0
Ag,POSCAR_Cr2P4_2_y950,8.4316,0.714,23,0.359357,0.266667,-0.25,0.285714,3.337,-3.336,0
Ag,POSCAR_Cr2P4_2_y975,8.1293,1.428,23,0.321514,0.266667,-0.25,0.285714,3.393,-3.393,0
Ag,POSCAR_Cr2P4_2_z025,7.5636,2.378,21,0.304193,0.266667,-0.25,0.285714,3.492,-3.492,0
Ag,POSCAR_Cr2P4_2_z050,7.2802,0.37,21,0.324849,0.266667,-0.25,0.285714,3.557,-3.557,0.001
Ag,POSCAR_Cr2P4_2_z950,8.4424,13.069,23,0.423374,0.333333,0.25,0.285714,3.369,-3.368,0
Ag,POSCAR_Cr2P4_2_z975,8.1398,11.312,23,0.361993,-0.333333,-0.25,0.285714,3.408,-3.408,0
Ag,POSCAR_Cr2P8_1_x025,6.41,0.191,32,1.227193,-0.25,0.25,0,3.75,-3.75,0
Ag,POSCAR_Cr2P8_1_x050,6.1182,0.195,32,1.183394,-0.25,0.25,0,3.768,-3.768,0
Ag,POSCAR_Cr2P8_1_x950,7.3488,0.243,32,1.274724,-0.25,0.25,0,3.691,-3.691,0
Ag,POSCAR_Cr2P8_1_x975,7.0289,0.252,32,1.275212,-0.25,0.25,0,3.711,-3.711,0
Ag,POSCAR_Cr2P8_1_y025,6.4215,0.199,32,1.199041,-0.25,0.25,0,3.754,-3.754,0
Ag,POSCAR_Cr2P8_1_y050,6.1417,0.196,32,1.128046,-0.25,0.25,0,3.775,-3.775,0
Ag,POSCAR_Cr2P8_1_y950,7.299,0.456,32,1.172941,0.25,-0.25,0.166667,3.672,-3.672,0.001
Ag,POSCAR_Cr2P8_1_y975,7.0034,0.251,32,1.304026,-0.25,0.25,0,3.705,-3.705,0
Ag,POSCAR_Cr2P8_1_z025,6.463,0.186,32,1.218012,-0.25,0.25,0,3.755,-3.755,0
Ag,POSCAR_Cr2P8_1_z050,6.2045,0.221,32,1.177292,-0.25,0.25,0.166667,3.776,-3.776,0
Ag,POSCAR_Cr2P8_1_z950,7.2421,0.248,32,1.294144,-0.25,0.25,0,3.679,-3.679,0
Ag,POSCAR_Cr2P8_1_z975,6.972,0.37,32,1.285479,-0.25,0.25,0,3.706,-3.706,0
Ag,POSCAR_Cr2P8_2_x025,6.8048,1.549,31,0.3588,0.5,0.285714,0.285714,3.698,-3.698,-0.001
Ag,POSCAR_Cr2P8_2_x050,6.5574,1.577,31,0.333003,0.5,0.285714,0.285714,3.733,-3.734,-0.002
Ag,POSCAR_Cr2P8_2_x950,7.4949,1.624,31,0.369035,0.5,0.285714,0.285714,3.596,-3.597,0
Ag,POSCAR_Cr2P8_2_x975,7.2657,1.546,31,0.381908,0.5,0.285714,0.285714,3.631,-3.632,-0.001
Ag,POSCAR_Cr2P8_2_y025,6.7649,1.652,31,0.342493,0.5,0.285714,0.285714,3.687,-3.688,-0.001
Ag,POSCAR_Cr2P8_2_y050,6.4749,1.78,30,0.341045,0.25,-0.428571,0.428571,3.711,-3.712,-0.001
Ag,POSCAR_Cr2P8_2_y950,7.6085,1.673,30,0.414385,0.125,-0.428571,0.285714,3.622,-3.623,-0.001
Ag,POSCAR_Cr2P8_2_y975,7.3458,1.774,31,0.383121,0.5,0.285714,0.285714,3.644,-3.645,0
Ag,POSCAR_Cr2P8_2_z025,6.7334,1.771,31,0.346543,0.5,0.285714,0.285714,3.69,-3.691,-0.001
Ag,POSCAR_Cr2P8_2_z050,6.3926,1.858,32,0.345603,0.5,-0.285714,0.142857,3.712,-3.713,-0.001
Ag,POSCAR_Cr2P8_2_z950,7.6585,1.904,31,0.364473,0.125,-0.428571,0.285714,3.601,-3.602,-0.003
Ag,POSCAR_Cr2P8_2_z975,7.3409,1.622,31,0.380539,0.5,0.285714,0.285714,3.636,-3.637,-0.001
Ag,POSCAR_Cr2Pb13_1_x025,6.3774,1.712,103,0.019133,0.285714,0.333333,0.5,4.229,-4.23,-0.002
Ag,POSCAR_Cr2Pb13_1_x050,6.1349,1.578,103,0.018963,0.285714,0.333333,0.5,4.238,-4.238,0.003
Ag,POSCAR_Cr2Pb13_1_x950,7.1949,1.962,103,0.01767,0.285714,0.333333,0.5,4.197,-4.198,-0.005
Ag,POSCAR_Cr2Pb13_1_x975,6.9079,2.013,103,0.019137,0.285714,0.333333,0.5,4.209,-4.21,-0.004
Ag,POSCAR_Cr2Pb13_1_y025,6.3631,2.443,103,0.01845,0.285714,0.333333,0.5,4.227,-4.228,0.002
Ag,POSCAR_Cr2Pb13_1_y050,6.105,1.485,105,0.021467,0,0.5,0,4.233,-4.234,0.001
Ag,POSCAR_Cr2Pb13_1_y950,7.2212,1.696,103,0.019999,0.285714,0.333333,0.5,4.203,-4.204,0.001
Ag,POSCAR_Cr2Pb13_1_y975,6.9237,1.643,103,0.020962,0.285714,0.333333,0.5,4.212,-4.213,0.002
Ag,POSCAR_Cr2Pb13_1_z025,6.3772,1.642,103,0.018798,0.285714,0.333333,0.5,4.231,-4.232,0
Ag,POSCAR_Cr2Pb13_1_z050,6.1317,1.697,103,0.015753,0.285714,0.333333,0.5,4.24,-4.241,-0.004
Ag,POSCAR_Cr2Pb13_1_z950,7.1826,2.193,102,0.022564,0.285714,0,0.5,4.194,-4.195,-0.003
Ag,POSCAR_Cr2Pb13_1_z975,6.9061,2.021,103,0.01935,0.285714,0.333333,0.5,4.208,-4.208,0.002
Ag,POSCAR_Cr2Pb8_2_x025,6.1715,0.246,68,0.012092,-0.285714,-0.166667,0.333333,4.175,-4.175,-0.001
Ag,POSCAR_Cr2Pb8_2_x050,5.9213,0.22,68,0.010814,-0.285714,-0.166667,0.333333,4.184,-4.184,0.001
Ag,POSCAR_Cr2Pb8_2_x950,6.9458,0.185,68,0.014205,-0.285714,-0.166667,0.333333,4.139,-4.139,0
Ag,POSCAR_Cr2Pb8_2_x975,6.6692,0.242,68,0.014307,-0.285714,-0.166667,0.333333,4.152,-4.152,0
Ag,POSCAR_Cr2Pb8_2_y025,6.1432,0.469,68,0.012365,-0.285714,-0.166667,0.333333,4.175,-4.175,0
Ag,POSCAR_Cr2Pb8_2_y050,5.8802,0.544,68,0.011306,-0.285714,-0.166667,0.333333,4.186,-4.186,0
Ag,POSCAR_Cr2Pb8_2_y950,6.96,0.664,68,0.0151,-0.285714,-0.166667,0.333333,4.136,-4.136,0
Ag,POSCAR_Cr2Pb8_2_y975,6.671,0.509,68,0.014526,-0.285714,-0.166667,0.333333,4.151,-4.151,0
Ag,POSCAR_Cr2Pb8_2_z025,6.144,0.479,68,0.013568,-0.285714,-0.166667,0.333333,4.175,-4.175,0
Ag,POSCAR_Cr2Pb8_2_z050,5.8811,0.5,68,0.011942,-0.285714,-0.166667,0.333333,4.186,-4.186,0
Ag,POSCAR_Cr2Pb8_2_z950,6.9575,0.764,68,0.014027,0.285714,-0.333333,0.166667,4.136,-4.136,-0.002
Ag,POSCAR_Cr2Pb8_2_z975,6.6739,0.487,68,0.012793,0.285714,-0.333333,0.166667,4.151,-4.151,0
Ag,POSCAR_Cr2S2_1_x025,5.3168,1.571,18,0.719078,-0.363636,0.083333,0.285714,3.761,-3.761,0
Ag,POSCAR_Cr2S2_1_x050,5.0779,1.537,18,0.676615,-0.272727,-0.083333,0.285714,3.77,-3.77,0
Ag,POSCAR_Cr2S2_1_x950,6.4484,1.834,18,0.879047,-0.272727,0,0.285714,3.726,-3.726,0
Ag,POSCAR_Cr2S2_1_x975,6.1859,1.535,18,0.822587,-0.272727,0,0.285714,3.74,-3.739,0
Ag,POSCAR_Cr2S2_1_y025,5.5358,1.501,18,0.792498,-0.272727,-0.083333,0.285714,3.764,-3.764,0
Ag,POSCAR_Cr2S2_1_y050,5.1775,1.526,18,0.81904,-0.272727,-0.083333,0.285714,3.775,-3.775,0
Ag,POSCAR_Cr2S2_1_y950,6.2542,1.731,18,0.725002,-0.272727,0,0.285714,3.721,-3.721,0
Ag,POSCAR_Cr2S2_1_y975,6.0271,1.535,18,0.74726,-0.272727,0,0.285714,3.737,-3.737,0
Ag,POSCAR_Cr2S2_1_z025,5.4102,1.739,18,0.746748,-0.272727,0,0.285714,3.766,-3.766,0
Ag,POSCAR_Cr2S2_1_z050,5.231,1.798,18,0.726215,-0.272727,0,0.285714,3.78,-3.78,0
Ag,POSCAR_Cr2S2_1_z950,6.3646,1.889,18,0.819967,-0.272727,-0.083333,0.285714,3.716,-3.715,0
Ag,POSCAR_Cr2S2_1_z975,6.0721,1.455,18,0.793052,-0.272727,-0.083333,0.285714,3.734,-3.734,0
Ag,POSCAR_Cr2S2_2_x025,5.1978,32.729,18,0.589764,0.454545,0.3,0.142857,3.79,-3.793,-0.003
Ag,POSCAR_Cr2S2_2_x050,4.8965,60.059,18,0.594982,0.454545,0.3,0.142857,3.8,-3.807,-0.007
Ag,POSCAR_Cr2S2_2_x950,6.1385,79.762,18,0.630364,0.090909,-0.4,0.428571,3.756,-3.747,0.009
Ag,POSCAR_Cr2S2_2_x975,5.7734,39.124,18,0.590833,0.090909,-0.4,0.428571,3.768,-3.764,0.005
Ag,POSCAR_Cr2S2_2_y025,5.147,37.359,18,0.568882,0.090909,-0.4,0.428571,3.792,-3.787,0.004
Ag,POSCAR_Cr2S2_2_y050,4.7654,72.05,18,0.593348,0.090909,-0.4,0.428571,3.803,-3.794,0.008
Ag,POSCAR_Cr2S2_2_y950,6.085,73.363,18,0.614809,0.454545,0.3,0.142857,3.751,-3.758,-0.008
Ag,POSCAR_Cr2S2_2_y975,5.7037,35.059,18,0.604426,0.454545,0.3,0.142857,3.766,-3.769,-0.004
Ag,POSCAR_Cr2S2_2_z025,5.1452,2.292,18,0.569787,0.454545,0.3,0.142857,3.789,-3.788,0
Ag,POSCAR_Cr2S2_2_z050,4.8976,2.207,18,0.55592,0.454545,0.3,0.142857,3.798,-3.797,0
Ag,POSCAR_Cr2S2_2_z950,6.0344,2.333,18,0.681751,0,0.4,0.428571,3.759,-3.759,0
Ag,POSCAR_Cr2S2_2_z975,5.6708,2.332,18,0.615927,0.090909,-0.4,0.428571,3.77,-3.769,0
Ag,POSCAR_Cr2S2_3_x025,5.2541,5.857,18,0.021069,-0.416667,0,0.166667,3.77,-3.77,0
Ag,POSCAR_Cr2S2_3_x050,5.0268,7.249,18,0.021758,-0.416667,0,0.166667,3.78,-3.779,0
Ag,POSCAR_Cr2S2_3_x950,6.0159,1.664,18,0.018661,-0.416667,0,0.166667,3.746,-3.746,0
Ag,POSCAR_Cr2S2_3_x975,5.7531,2.186,18,0.019457,-0.416667,0,0.166667,3.752,-3.752,0
Ag,POSCAR_Cr2S2_3_y025,5.271,3.11,18,0.019378,-0.416667,0,0.166667,3.771,-3.77,0
Ag,POSCAR_Cr2S2_3_y050,5.0419,2.673,18,0.018317,-0.416667,0,0.166667,3.78,-3.78,0
Ag,POSCAR_Cr2S2_3_y950,6.0059,6.927,18,0.02336,0.333333,0,0,3.744,-3.744,0
Ag,POSCAR_Cr2S2_3_y975,5.7517,4.84,18,0.020997,-0.416667,0,0.166667,3.752,-3.752,0
Ag,POSCAR_Cr2S2_3_z025,5.1153,2.241,18,0.019308,-0.416667,0,0.166667,3.771,-3.771,0
Ag,POSCAR_Cr2S2_3_z050,4.7699,1.278,18,0.01779,-0.416667,0,0.166667,3.78,-3.78,0
Ag,POSCAR_Cr2S2_3_z950,6.308,3.871,18,0.022393,-0.25,0.083333,0,3.742,-3.741,0.001
Ag,POSCAR_Cr2S2_3_z975,5.8622,5.702,18,0.020954,0.333333,0,0,3.754,-3.753,0.002
Ag,POSCAR_Cr2S2_5_x025,5.0402,34.091,18,0.604233,0.454545,0.3,0.428571,3.791,-3.793,-0.001
Ag,POSCAR_Cr2S2_5_x050,4.8455,64.996,18,0.631912,0.454545,0.3,0.428571,3.801,-3.805,-0.003
Ag,POSCAR_Cr2S2_5_x950,6.1205,73.175,18,0.638067,0,-0.4,0.428571,3.754,-3.748,0.006
Ag,POSCAR_Cr2S2_5_x975,5.745,35.019,18,0.577813,0.363636,-0.4,0.142857,3.767,-3.765,0.003
Ag,POSCAR_Cr2S2_5_y025,5.1099,37.795,18,0.533686,0.363636,-0.4,0.142857,3.792,-3.788,0.005
Ag,POSCAR_Cr2S2_5_y050,4.743,71.61,18,0.548348,0,-0.4,0.428571,3.804,-3.795,0.009
Ag,POSCAR_Cr2S2_5_y950,6.0625,75.01,18,0.651562,0.363636,-0.4,0.142857,3.752,-3.758,-0.007
Ag,POSCAR_Cr2S2_5_y975,5.6716,36.694,18,0.61831,0.363636,-0.4,0.142857,3.766,-3.77,-0.003
Ag,POSCAR_Cr2S2_5_z025,5.1266,8.871,18,0.53061,0.454545,0.3,0.428571,3.788,-3.79,-0.001
Ag,POSCAR_Cr2S2_5_z050,4.9128,17.106,18,0.490526,0.454545,0.3,0.428571,3.796,-3.799,-0.003
Ag,POSCAR_Cr2S2_5_z950,6.0008,23.254,18,0.707423,0.363636,-0.4,0.142857,3.761,-3.757,0.006
Ag,POSCAR_Cr2S2_5_z975,5.6573,13.561,18,0.646402,0.363636,-0.4,0.142857,3.771,-3.769,0.003
Ag,POSCAR_Cr2Sb2_1_x025,6.8613,4.907,17,1.244596,0,-0.3,0.285714,3.894,-3.89,0.005
Ag,POSCAR_Cr2Sb2_1_x050,6.5904,3.602,17,1.172253,0,0.3,0.285714,3.915,-3.916,-0.003
Ag,POSCAR_Cr2Sb2_1_x950,7.7595,5.063,17,1.335552,-0.3,0,0.285714,3.818,-3.814,0.005
Ag,POSCAR_Cr2Sb2_1_x975,7.4361,4.218,17,1.286949,0.3,0,0.285714,3.842,-3.839,0.005
Ag,POSCAR_Cr2Sb2_1_y025,6.8613,4.917,17,1.244605,0.3,0,0.285714,3.894,-3.89,0.005
Ag,POSCAR_Cr2Sb2_1_y050,6.5903,3.593,17,1.172031,-0.3,0,0.285714,3.915,-3.916,-0.003
Ag,POSCAR_Cr2Sb2_1_y950,7.7595,5.041,17,1.335937,0,0.3,0.285714,3.818,-3.814,0.005
Ag,POSCAR_Cr2Sb2_1_y975,7.4359,4.247,17,1.287608,0,-0.3,0.285714,3.843,-3.839,0.005
Ag,POSCAR_Cr2Sb2_1_z025,6.8454,3.391,17,1.019118,0.3,0,0.285714,3.895,-3.895,0
Ag,POSCAR_Cr2Sb2_1_z050,6.575,4.641,16,0.924203,-0.3,0.3,0.285714,3.917,-3.915,0.002
Ag,POSCAR_Cr2Sb2_1_z950,7.7822,3.921,17,1.513067,0.3,-0.3,0.285714,3.819,-3.818,0.001
Ag,POSCAR_Cr2Sb2_1_z975,7.4588,4.396,17,1.362404,0.3,0,0.285714,3.843,-3.845,-0.002
Ag,POSCAR_Cr2Sb2_2_x025,7.851,2.243,18,0.010785,0.384615,0.461539,0,4.123,-4.122,0.002
Ag,POSCAR_Cr2Sb2_2_x050,7.5645,1.278,17,0.011607,0.384615,0,0.5,4.134,-4.134,0.001
Ag,POSCAR_Cr2Sb2_2_x950,8.8288,1.013,19,0.01248,-0.307692,-0.461539,0.25,4.087,-4.087,0
Ag,POSCAR_Cr2Sb2_2_x975,8.4895,3.013,19,0.011071,0.307692,0.307692,0.25,4.099,-4.098,0.003
Ag,POSCAR_Cr2Sb2_2_y025,7.8518,1.12,19,0.009855,0.307692,0.307692,0.25,4.124,-4.124,0
Ag,POSCAR_Cr2Sb2_2_y050,7.5576,1.595,19,0.009451,0.307692,0.307692,0.25,4.138,-4.137,0
Ag,POSCAR_Cr2Sb2_2_y950,8.8501,1.396,19,0.01449,0.307692,0.461539,0.5,4.087,-4.086,0.001
Ag,POSCAR_Cr2Sb2_2_y975,8.4936,3.771,18,0.01323,0.384615,0.461539,0,4.098,-4.095,0.004
Ag,POSCAR_Cr2Sb2_2_z025,7.8374,0.864,19,0.010561,-0.307692,-0.384615,0.25,4.13,-4.129,0.001
Ag,POSCAR_Cr2Sb2_2_z050,7.5487,1.975,18,0.008929,0.384615,0.461539,0,4.151,-4.15,0.002
Ag,POSCAR_Cr2Sb2_2_z950,8.853,1.271,18,0.015638,0.307692,0.461539,0.5,4.067,-4.067,0.001
Ag,POSCAR_Cr2Sb2_2_z975,8.5001,1.297,19,0.01126,0.307692,0.461539,0.5,4.09,-4.09,0.001
Ag,POSCAR_Cr2Sb3_3_x950,7.5777,16.203,19,0.730664,0.222222,-0.222222,0.333333,3.959,-3.959,0
Ag,POSCAR_Cr2Sb3_3_x975,7.2548,8.177,19,0.792306,0.222222,-0.222222,0.333333,3.981,-3.983,-0.003
Ag,POSCAR_Cr2Sb3_3_y025,6.6788,10.427,19,0.718334,0.222222,-0.222222,0.333333,4.022,-4.02,0.006
Ag,POSCAR_Cr2Sb3_3_y050,6.4222,22.737,19,0.643059,0.111111,-0.111111,0.333333,4.039,-4.039,0.005
Ag,POSCAR_Cr2Sb3_3_y950,7.5745,28.245,19,0.725774,0.444444,-0.333333,0.166667,3.957,-3.961,-0.003
Ag,POSCAR_Cr2Sb3_3_y975,7.2591,19.034,19,0.777057,-0.222222,0.222222,0.333333,3.981,-3.982,0.003
Ag,POSCAR_Cr2Sb3_3_z025,6.6591,7.036,19,0.767798,0.222222,-0.222222,0.333333,4.014,-4.015,0.001
Ag,POSCAR_Cr2Sb3_3_z050,6.3782,6.406,19,0.733647,0.222222,-0.222222,0.333333,4.025,-4.023,0.01
Ag,POSCAR_Cr2Sb3_3_z950,7.5902,9.288,19,0.836613,-0.111111,0.111111,0.166667,3.969,-3.974,-0.008
Ag,POSCAR_Cr2Sb3_3_z975,7.2704,8.109,19,0.782965,0.222222,-0.222222,0.333333,3.986,-3.989,-0.004
Ag,POSCAR_Cr2Sb4_1_x025,6.9544,0.131,21,0.341858,-0.230769,-0.142857,0.333333,3.858,-3.858,0
Ag,POSCAR_Cr2Sb4_1_x050,6.6485,0.066,23,0.30736,0.384615,0.142857,0.166667,3.86,-3.86,0
Ag,POSCAR_Cr2Sb4_1_x950,7.9981,0.136,23,0.389521,0.384615,-0.142857,0.166667,3.852,-3.852,0
Ag,POSCAR_Cr2Sb4_1_x975,7.6509,0.067,21,0.437039,-0.230769,-0.142857,0.333333,3.852,-3.853,0
Ag,POSCAR_Cr2Sb4_1_y025,7.0193,0.084,21,0.436757,-0.230769,-0.142857,0.333333,3.893,-3.893,0
Ag,POSCAR_Cr2Sb4_1_y050,6.7533,0.072,21,0.426546,-0.230769,-0.142857,0.333333,3.927,-3.927,0
Ag,POSCAR_Cr2Sb4_1_y950,7.8298,0.065,20,0.364227,-0.153846,-0.142857,0.333333,3.767,-3.767,0
Ag,POSCAR_Cr2Sb4_1_y975,7.5384,0.061,21,0.379417,-0.230769,-0.142857,0.333333,3.815,-3.815,0
Ag,POSCAR_Cr2Sb4_1_z025,7.0123,0.061,21,0.411847,-0.230769,-0.142857,0.333333,3.89,-3.89,0
Ag,POSCAR_Cr2Sb4_1_z050,6.7234,0.101,21,0.400375,-0.230769,-0.142857,0.333333,3.925,-3.925,0
Ag,POSCAR_Cr2Sb4_1_z950,7.8916,0.136,23,0.396021,0.384615,0.142857,0.166667,3.771,-3.771,0
Ag,POSCAR_Cr2Sb4_1_z975,7.5882,0.092,21,0.370469,-0.230769,-0.142857,0.333333,3.816,-3.816,0
Ag,POSCAR_Cr2Sb6_1_x025,6.0424,6.618,27,0.467272,0,0.5,0,3.881,-3.883,-0.006
Ag,POSCAR_Cr2Sb6_1_x050,5.7695,11.813,23,0.45156,0.333333,0.5,0.142857,3.907,-3.906,-0.008
Ag,POSCAR_Cr2Sb6_1_z025,6.0914,8.043,26,0.542872,-0.333333,0.125,0,3.893,-3.89,-0.002
Ag,POSCAR_Cr2Sb6_1_z050,5.8529,19.909,26,0.543535,-0.333333,0.125,0,3.925,-3.917,-0.003
Ag,POSCAR_Cr2Sb6_1_z975,6.6042,11.018,27,0.581948,0,0.5,0,3.823,-3.829,-0.003
Ag,POSCAR_Cr2Sb8_1_x025,6.711,2.774,32,0.01189,0,0.5,0.4,4.027,-4.027,0
Ag,POSCAR_Cr2Sb8_1_x050,6.4202,2.593,32,0.011517,0,0.5,0.4,4.037,-4.037,0.002
Ag,POSCAR_Cr2Sb8_1_x950,7.6577,2.67,26,0.012295,0,0,0,3.986,-3.986,0
Ag,POSCAR_Cr2Sb8_1_x975,7.3266,3.027,32,0.011689,0,0.5,0.4,4.002,-4.002,-0.001
Ag,POSCAR_Cr2Sb8_1_y025,6.7126,3.096,26,0.011011,0,0,0,4.035,-4.035,-0.001
Ag,POSCAR_Cr2Sb8_1_y050,6.4219,3.148,26,0.01063,0,0,0,4.049,-4.05,-0.003
Ag,POSCAR_Cr2Sb8_1_y950,7.6341,2.596,32,0.012603,0,0.5,0.4,3.967,-3.967,0.001
Ag,POSCAR_Cr2Sb8_1_y975,7.3026,2.857,32,0.012991,0,0.5,0.4,3.994,-3.993,0.003
Ag,POSCAR_Cr2Sb8_1_z025,6.6956,2.417,32,0.012414,0,0.5,0.4,4.033,-4.033,-0.003
Ag,POSCAR_Cr2Sb8_1_z050,6.42,2.444,32,0.012375,0,0.5,0.4,4.047,-4.047,-0.002
Ag,POSCAR_Cr2Sb8_1_z950,7.6463,2.752,27,0.009912,0.444444,0.166667,0.2,3.968,-3.969,-0.003
Ag,POSCAR_Cr2Sb8_1_z975,7.3338,2.808,26,0.010727,0,0,0,3.996,-3.996,0
Ag,POSCAR_Cr2Se2_1_x025,4.1905,33.539,18,0.588657,0,0.3,0.285714,3.821,-3.823,-0.002
Ag,POSCAR_Cr2Se2_1_x050,4.0584,59.026,18,0.610394,0,0.3,0.285714,3.831,-3.835,-0.003
Ag,POSCAR_Cr2Se2_1_x950,5.2048,73.511,18,0.701663,0,-0.3,0.285714,3.784,-3.78,0.004
Ag,POSCAR_Cr2Se2_1_x975,4.8026,35.277,18,0.615384,0,-0.3,0.285714,3.797,-3.795,0.002
Ag,POSCAR_Cr2Se2_1_y025,4.2284,32.86,15,0.57113,0,-0.2,0.285714,3.821,-3.819,0.002
Ag,POSCAR_Cr2Se2_1_y050,3.9836,64.157,15,0.594693,0,-0.2,0.285714,3.832,-3.828,0.004
Ag,POSCAR_Cr2Se2_1_y950,5.1465,74.666,18,0.702149,-0.181818,0.1,0.428571,3.783,-3.786,-0.003
Ag,POSCAR_Cr2Se2_1_y975,4.8194,36.148,18,0.654413,-0.181818,0.1,0.428571,3.797,-3.798,-0.002
Ag,POSCAR_Cr2Se2_1_z025,4.3499,1.615,18,0.604224,-0.181818,0.1,0.428571,3.821,-3.821,0
Ag,POSCAR_Cr2Se2_1_z050,4.0301,1.834,18,0.608072,-0.181818,0.1,0.428571,3.832,-3.832,0
Ag,POSCAR_Cr2Se2_1_z950,5.0515,1.477,18,0.725104,0,0.3,0.285714,3.783,-3.783,0
Ag,POSCAR_Cr2Se2_1_z975,4.7869,1.514,18,0.642033,0,0.3,0.285714,3.797,-3.797,0
Ag,POSCAR_Cr2Se2_2_x025,4.163,34.444,15,0.57682,0.2,0,0.285714,3.821,-3.823,-0.002
Ag,POSCAR_Cr2Se2_2_x050,3.9003,66.517,15,0.593026,0.2,0,0.285714,3.83,-3.834,-0.004
Ag,POSCAR_Cr2Se2_2_x950,5.0845,74.661,18,0.68052,-0.1,-0.181818,0.428571,3.788,-3.785,0.003
Ag,POSCAR_Cr2Se2_2_x975,4.7796,35.875,18,0.635145,-0.1,-0.181818,0.428571,3.801,-3.799,0.002
Ag,POSCAR_Cr2Se2_2_y025,4.1526,33.071,18,0.574669,-0.3,0,0.285714,3.825,-3.823,0.002
Ag,POSCAR_Cr2Se2_2_y050,4.0004,60.882,18,0.596159,-0.3,0,0.285714,3.837,-3.833,0.004
Ag,POSCAR_Cr2Se2_2_y950,5.1395,75.908,18,0.673162,0.3,0,0.285714,3.782,-3.786,-0.004
Ag,POSCAR_Cr2Se2_2_y975,4.7259,36.433,18,0.58796,-0.1,-0.181818,0.428571,3.798,-3.799,-0.002
Ag,POSCAR_Cr2Se2_2_z025,4.142,2.168,18,0.58801,-0.1,-0.181818,0.428571,3.823,-3.823,0
Ag,POSCAR_Cr2Se2_2_z050,4.0149,2.341,18,0.592666,-0.1,-0.181818,0.428571,3.834,-3.834,0
Ag,POSCAR_Cr2Se2_2_z950,5.0344,2.396,18,0.712002,-0.3,0,0.285714,3.786,-3.786,0
Ag,POSCAR_Cr2Se2_2_z975,4.7679,2.273,18,0.628272,-0.3,0,0.285714,3.799,-3.799,0
Ag,POSCAR_Cr2Se4_1_x025,5.0421,8.769,24,0.362271,-0.181818,0.375,0.285714,3.735,-3.739,-0.008
Ag,POSCAR_Cr2Se4_1_x050,4.8239,6.801,24,0.32822,-0.181818,0.375,0.285714,3.758,-3.758,0.002
Ag,POSCAR_Cr2Se4_1_x975,5.5096,8.934,24,0.489549,-0.181818,0.375,0.285714,3.683,-3.684,0
Ag,POSCAR_Cr2Se4_1_y025,4.9571,6.021,24,0.365456,-0.181818,0.375,0.285714,3.721,-3.723,0
Ag,POSCAR_Cr2Se4_1_y050,4.656,4.985,24,0.329719,-0.181818,0.375,0.285714,3.731,-3.733,-0.002
Ag,POSCAR_Cr2Se4_1_y950,5.9269,12.557,24,0.528265,-0.181818,0.375,0.285714,3.696,-3.699,-0.004
Ag,POSCAR_Cr2Se4_1_y975,5.5945,12.255,24,0.458999,-0.181818,0.375,0.285714,3.702,-3.706,-0.004
Ag,POSCAR_Cr2Se4_1_z025,4.9278,11.766,24,0.800801,0.181818,0.375,0.285714,3.778,-3.776,0.001
Ag,POSCAR_Cr2Se4_1_z050,4.6668,11.233,24,0.648438,-0.272727,0.25,0.285714,3.729,-3.73,-0.003
Ag,POSCAR_Cr2Se4_1_z950,5.8161,5.446,24,0.367936,-0.272727,-0.125,0.142857,3.667,-3.67,-0.005
Ag,POSCAR_Cr2Se4_1_z975,5.5472,5.939,24,0.361447,-0.272727,-0.125,0.142857,3.692,-3.695,-0.002
Ag,POSCAR_Cr2Si4_1_x025,8.4704,0.621,20,0.010787,0.222222,-0.222222,0.222222,3.514,-3.514,0
Ag,POSCAR_Cr2Si4_1_x050,8.1719,1.41,20,0.009754,-0.333333,0.222222,0.222222,3.582,-3.582,0.001
Ag,POSCAR_Cr2Si4_1_x950,9.3509,0.941,20,0.010875,-0.222222,0.222222,0.222222,3.295,-3.296,0
Ag,POSCAR_Cr2Si4_1_x975,9.0523,0.781,20,0.011318,-0.222222,0.222222,0.222222,3.367,-3.368,-0.001
Ag,POSCAR_Cr2Si4_1_y025,8.4715,0.669,20,0.010686,-0.222222,0.222222,0.222222,3.514,-3.515,0
Ag,POSCAR_Cr2Si4_1_y050,8.1709,1.395,20,0.010079,0.222222,-0.333333,0.222222,3.582,-3.583,-0.001
Ag,POSCAR_Cr2Si4_1_y950,9.3506,0.929,20,0.010991,0.222222,-0.222222,0.222222,3.295,-3.295,0
Ag,POSCAR_Cr2Si4_1_y975,9.0531,0.558,20,0.011407,0.222222,-0.222222,0.222222,3.367,-3.367,0
Ag,POSCAR_Cr2Si4_1_z025,8.4615,0.328,20,0.010729,-0.222222,0.222222,0.222222,3.506,-3.506,0
Ag,POSCAR_Cr2Si4_1_z050,8.1811,3.955,20,0.009669,0.111111,-0.222222,0.333333,3.564,-3.563,0
Ag,POSCAR_Cr2Si4_1_z950,9.3258,0.302,20,0.010757,0.222222,-0.333333,0.222222,3.315,-3.315,0
Ag,POSCAR_Cr2Si4_1_z975,9.0583,0.64,20,0.011208,-0.222222,0.222222,0.222222,3.384,-3.383,0.001
Ag,POSCAR_Cr2Sn2_2_x025,6.1782,0.67,25,0.857399,0,-0.3,0.285714,4.052,-4.052,0.001
Ag,POSCAR_Cr2Sn2_2_x050,5.9481,0.635,25,0.880422,0,-0.3,0.285714,4.067,-4.066,0
Ag,POSCAR_Cr2Sn2_2_x950,6.9468,0.702,26,0.921353,0,0.4,0.142857,4.004,-4.004,0
Ag,POSCAR_Cr2Sn2_2_x975,6.6517,0.64,25,0.810025,0.3,0,0.285714,4.022,-4.021,0
Ag,POSCAR_Cr2Sn2_2_y025,6.1782,0.671,25,0.857376,0.3,0,0.285714,4.052,-4.052,0.001
Ag,POSCAR_Cr2Sn2_2_y050,5.9481,0.635,25,0.880383,0.3,0,0.285714,4.067,-4.066,0
Ag,POSCAR_Cr2Sn2_2_y950,6.9468,0.703,26,0.92127,0.4,0,0.142857,4.004,-4.004,0
Ag,POSCAR_Cr2Sn2_2_y975,6.6517,0.64,25,0.810048,0,-0.3,0.285714,4.022,-4.021,0
Ag,POSCAR_Cr2Sn2_2_z025,6.1467,1.059,25,0.75889,0,-0.3,0.285714,4.056,-4.055,0.003
Ag,POSCAR_Cr2Sn2_2_z050,5.9127,0.929,25,0.713617,0,-0.3,0.285714,4.073,-4.073,0
Ag,POSCAR_Cr2Sn2_2_z950,6.9749,1.08,25,0.918595,0,-0.3,0.285714,3.999,-3.997,0.004
Ag,POSCAR_Cr2Sn2_2_z975,6.7054,1.813,25,0.863221,0,-0.3,0.285714,4.019,-4.015,0.007
Ag,POSCAR_Cr2Te2_1_x025,5.575,2.213,18,0.961023,-0.333333,0.333333,0.285714,3.902,-3.902,0
Ag,POSCAR_Cr2Te2_1_x050,5.3003,2.097,18,0.937814,0.333333,-0.333333,0.285714,3.912,-3.912,0
Ag,POSCAR_Cr2Te2_1_x950,6.5342,2.326,18,0.921873,-0.333333,0.333333,0.285714,3.865,-3.865,0
Ag,POSCAR_Cr2Te2_1_x975,6.2328,2.334,18,0.93762,-0.333333,0.333333,0.285714,3.878,-3.878,0
Ag,POSCAR_Cr2Te2_1_y025,5.575,2.206,18,0.961165,-0.333333,0.333333,0.285714,3.902,-3.902,0
Ag,POSCAR_Cr2Te2_1_y050,5.2986,2.081,18,0.938097,0.333333,-0.333333,0.285714,3.912,-3.912,0
Ag,POSCAR_Cr2Te2_1_y950,6.5368,2.326,18,0.921722,-0.333333,0.333333,0.285714,3.865,-3.865,0
Ag,POSCAR_Cr2Te2_1_y975,6.2327,2.35,18,0.937533,-0.333333,0.333333,0.285714,3.878,-3.878,0
Ag,POSCAR_Cr2Te2_1_z025,5.5106,2.212,18,0.785807,-0.333333,0.222222,0.285714,3.904,-3.904,0
Ag,POSCAR_Cr2Te2_1_z050,5.371,2.118,18,0.719824,-0.444444,0.222222,0.285714,3.917,-3.917,0
Ag,POSCAR_Cr2Te2_1_z950,6.4682,2.41,18,1.133254,0.333333,-0.333333,0.285714,3.86,-3.86,0
Ag,POSCAR_Cr2Te2_1_z975,6.1393,2.365,18,1.109346,0.333333,-0.333333,0.285714,3.876,-3.876,0
Ag,POSCAR_Cr2Te4_1_x025,5.7832,1.47,24,0.672607,0.3,-0.25,0.333333,3.868,-3.867,0.001
Ag,POSCAR_Cr2Te4_1_x050,5.5379,2.372,24,0.677415,0.3,-0.25,0.333333,3.889,-3.888,0.002
Ag,POSCAR_Cr2Te4_1_x950,6.5087,0.824,24,0.672717,0.2,-0.25,0.333333,3.803,-3.802,0.002
Ag,POSCAR_Cr2Te4_1_x975,6.2643,0.99,24,0.673765,0.2,-0.25,0.333333,3.826,-3.825,0.001
Ag,POSCAR_Cr2Te4_1_y025,5.7116,1.263,24,0.653562,0.2,-0.25,0.333333,3.854,-3.853,0.001
Ag,POSCAR_Cr2Te4_1_y050,5.4028,0.816,24,0.635,0.2,-0.25,0.333333,3.861,-3.86,0.001
Ag,POSCAR_Cr2Te4_1_y950,6.6861,0.768,24,0.736855,0.3,-0.25,0.333333,3.842,-3.841,0.001
Ag,POSCAR_Cr2Te4_1_y975,6.3481,1.029,24,0.699736,0.3,-0.25,0.333333,3.843,-3.842,0.001
Ag,POSCAR_Cr2Te4_1_z025,5.7448,0.597,24,0.68251,0.3,-0.25,0.333333,3.864,-3.864,0.001
Ag,POSCAR_Cr2Te4_1_z050,5.4528,0.58,24,0.697668,0.3,-0.25,0.333333,3.879,-3.878,0
Ag,POSCAR_Cr2Te4_1_z950,6.5872,0.969,24,0.699368,0.2,-0.25,0.333333,3.816,-3.815,0.001
Ag,POSCAR_Cr2Te4_1_z975,6.3032,2.139,24,0.686443,0.2,-0.25,0.333333,3.831,-3.83,0.002
Ag,POSCAR_Cr2Te8_2_y975,5.9541,6.739,34,0.361546,0.5,0.166667,0.166667,3.683,-3.687,-0.008
Ag,POSCAR_Cr2Te8_2_z050,5.095,6.188,30,0.362979,0.333333,0.333333,0.333333,3.784,-3.786,-0.006
Ag,POSCAR_Cr2Te8_2_z950,6.2637,11.213,35,0.377948,-0.333333,-0.166667,0.166667,3.637,-3.643,-0.009
Ag,POSCAR_F4Fe2_2_x025,0.0361,3.181,21,0.012988,0.454545,0.1,0.428571,3.81,-3.81,0
Ag,POSCAR_F4Fe2_2_x050,0.0534,3.23,21,0.013462,0.454545,0.2,0.428571,3.812,-3.812,0
Ag,POSCAR_F4Fe2_2_x950,0.7606,2.73,21,0.015067,0.454545,0,0.428571,3.804,-3.804,0
Ag,POSCAR_F4Fe2_2_x975,0.4328,2.852,21,0.013966,-0.454545,0,0.428571,3.807,-3.807,0
Ag,POSCAR_F4Fe2_2_y025,-0.054,2.953,21,0.012654,0.454545,0.1,0.428571,3.809,-3.809,0
Ag,POSCAR_F4Fe2_2_y050,-0.2613,2.918,21,0.012154,0.454545,0.1,0.428571,3.81,-3.81,0
Ag,POSCAR_F4Fe2_2_y950,1.1125,3.356,21,0.014573,-0.454545,0,0.428571,3.806,-3.806,0
Ag,POSCAR_F4Fe2_2_y975,0.4691,2.898,21,0.013155,-0.454545,0,0.428571,3.807,-3.807,0
Ag,POSCAR_F4Fe2_2_z025,-0.0546,2.848,21,0.01256,-0.454545,0,0.428571,3.81,-3.81,0
Ag,POSCAR_F4Fe2_2_z050,-0.1591,2.845,21,0.011973,0.454545,0,0.428571,3.811,-3.811,0
Ag,POSCAR_F4Fe2_2_z950,0.8763,3.194,21,0.013903,0.454545,0.1,0.428571,3.804,-3.804,0
Ag,POSCAR_F4Fe2_2_z975,0.5821,2.761,21,0.013303,0.454545,0.1,0.428571,3.807,-3.807,0
Ag,POSCAR_F4Mn2_1_x025,0.7338,0.171,26,0.280328,0.166667,-0.333333,0.333333,4.683,-4.683,0
Ag,POSCAR_F4Mn2_1_x050,0.4602,0.166,27,0.278836,-0.333333,-0.222222,0.222222,4.687,-4.687,0
Ag,POSCAR_F4Mn2_1_x950,1.7051,0.191,26,0.317868,0.25,-0.222222,0.222222,4.667,-4.667,0
Ag,POSCAR_F4Mn2_1_x975,1.3106,0.181,26,0.315856,0.166667,-0.222222,0.222222,4.673,-4.673,0
Ag,POSCAR_F4Mn2_1_y025,0.7008,0.16,26,0.317864,0.166667,-0.222222,0.222222,4.682,-4.682,0
Ag,POSCAR_F4Mn2_1_y050,0.4163,0.144,26,0.308016,0.166667,-0.222222,0.222222,4.685,-4.685,0
Ag,POSCAR_F4Mn2_1_y950,1.6679,0.198,26,0.288104,0.083333,-0.222222,0.222222,4.671,-4.671,0
Ag,POSCAR_F4Mn2_1_y975,1.3362,0.187,26,0.283456,0.166667,-0.333333,0.333333,4.675,-4.675,0
Ag,POSCAR_F4Mn2_1_z025,0.7009,0.19,26,0.317963,0.166667,-0.222222,0.222222,4.682,-4.682,0
Ag,POSCAR_F4Mn2_1_z050,0.4164,0.202,26,0.308161,0.166667,-0.222222,0.222222,4.685,-4.685,0
Ag,POSCAR_F4Mn2_1_z950,1.6676,0.137,26,0.28794,0.083333,-0.222222,0.222222,4.671,-4.671,0
Ag,POSCAR_F4Mn2_1_z975,1.3361,0.156,26,0.283335,0.166667,-0.333333,0.333333,4.675,-4.675,0
Ag,POSCAR_F4Ni2_1_x025,0.0559,0.573,18,0.305239,0.307692,-0.111111,0.111111,1.881,-1.881,0
Ag,POSCAR_F4Ni2_1_x050,-0.1934,0.57,21,0.351127,-0.153846,-0.222222,0.222222,1.883,-1.883,0
Ag,POSCAR_F4Ni2_1_x950,0.8684,0.699,18,0.347092,0.307692,-0.111111,0.111111,1.876,-1.876,0
Ag,POSCAR_F4Ni2_1_x975,0.6374,0.667,18,0.348669,0.307692,-0.111111,0.111111,1.878,-1.878,0
Ag,POSCAR_F4Ni2_1_y025,0.076,0.502,18,0.32208,0.307692,-0.111111,0.111111,1.88,-1.88,0
Ag,POSCAR_F4Ni2_1_y050,-0.2409,0.457,18,0.30777,0.307692,-0.111111,0.111111,1.881,-1.881,0
Ag,POSCAR_F4Ni2_1_y950,0.841,0.495,18,0.349959,0.307692,-0.111111,0.111111,1.878,-1.878,0
Ag,POSCAR_F4Ni2_1_y975,0.5888,0.518,18,0.342912,0.307692,-0.111111,0.111111,1.879,-1.879,0
Ag,POSCAR_F4Ni2_1_z025,0.0756,0.499,18,0.322083,0.307692,-0.111111,0.111111,1.88,-1.88,0
Ag,POSCAR_F4Ni2_1_z050,-0.2413,0.454,18,0.307723,0.307692,-0.111111,0.111111,1.881,-1.881,0
Ag,POSCAR_F4Ni2_1_z950,0.8421,0.498,18,0.349913,0.307692,-0.111111,0.111111,1.878,-1.878,0
Ag,POSCAR_F4Ni2_1_z975,0.5895,0.523,18,0.342896,0.307692,-0.111111,0.111111,1.879,-1.879,0
Ag,POSCAR_F4V2_1_x025,2.7822,1.172,25,0.05615,0,0.222222,0.222222,2.76,-2.76,0
Ag,POSCAR_F4V2_1_x050,2.4939,1.174,25,0.053974,0,0.222222,0.222222,2.761,-2.761,0
Ag,POSCAR_F4V2_1_x950,3.7534,1.261,25,0.067773,0,0.222222,0.222222,2.755,-2.755,0
Ag,POSCAR_F4V2_1_x975,3.552,1.236,25,0.062847,0,0.222222,0.222222,2.757,-2.757,0
Ag,POSCAR_F4V2_1_y025,2.9464,1.205,25,0.054711,0,0.222222,0.222222,2.76,-2.76,0
Ag,POSCAR_F4V2_1_y050,2.6801,1.212,25,0.050881,0,0.222222,0.222222,2.762,-2.762,0
Ag,POSCAR_F4V2_1_y950,3.8453,1.107,25,0.069595,0,0.222222,0.222222,2.754,-2.754,0
Ag,POSCAR_F4V2_1_y975,3.5123,1.149,25,0.064013,0,0.222222,0.222222,2.756,-2.756,0
Ag,POSCAR_F4V2_1_z025,2.9468,1.2,25,0.054715,0,0.222222,0.222222,2.76,-2.76,0
Ag,POSCAR_F4V2_1_z050,2.6808,1.2,25,0.050886,0,0.222222,0.222222,2.762,-2.762,0
Ag,POSCAR_F4V2_1_z950,3.8071,1.119,25,0.069566,0,0.222222,0.222222,2.754,-2.754,0
Ag,POSCAR_F4V2_1_z975,3.4996,1.156,25,0.064001,0,0.222222,0.222222,2.756,-2.756,0
Ag,POSCAR_F4Y2_1_x950,5.2428,2.177,25,0.017626,0,-0.142857,0.428571,-0.005,-0.004,-0.009
Ag,POSCAR_F4Y2_1_y025,4.638,2.612,25,0.003475,-0.153846,0.428571,0.428571,0,0.002,0.002
Ag,POSCAR_F4Y2_1_y975,5.0573,0.207,25,0.005028,0,0.428571,0.142857,0.001,-0.002,-0.001
Ag,POSCAR_F6Fe2_1_x025,-2.861,6.592,19,0.233515,0.375,0.25,0,4.368,-4.368,0
Ag,POSCAR_F6Fe2_1_x050,-2.9246,14.722,23,0.217203,0.375,0.125,0,4.368,-4.368,0
Ag,POSCAR_F6Fe2_1_x950,-2.0812,19.675,19,0.220256,-0.125,-0.25,0.125,4.366,-4.366,-0.001
Ag,POSCAR_F6Fe2_1_x975,-2.4842,8.188,19,0.283464,0.125,0.375,0.375,4.367,-4.367,0
Ag,POSCAR_F6Fe2_1_y025,-2.8614,6.298,19,0.233834,0.25,0.375,0,4.368,-4.368,0
Ag,POSCAR_F6Fe2_1_y050,-2.926,14.491,23,0.21731,0.125,0.375,0,4.368,-4.368,0
Ag,POSCAR_F6Fe2_1_y950,-2.0806,19.331,19,0.219874,-0.25,-0.125,0.125,4.366,-4.366,0
Ag,POSCAR_F6Fe2_1_y975,-2.4821,7.964,19,0.283898,0.375,0.125,0.375,4.367,-4.367,0
Ag,POSCAR_F6Fe2_1_z025,-2.8844,0.75,19,0.217344,0.375,0.125,0.375,4.368,-4.368,0
Ag,POSCAR_F6Fe2_1_z050,-3.0715,0.867,23,0.218743,0.25,0.125,0.375,4.367,-4.367,0
Ag,POSCAR_F6Fe2_1_z950,-2.129,0.554,23,0.22635,0.25,0.5,0.125,4.366,-4.366,0
Ag,POSCAR_F6Fe2_1_z975,-2.4088,0.649,19,0.253407,0.25,0.375,0,4.368,-4.368,0
Ag,POSCAR_F6Fe2_2_x025,-2.9893,9.675,21,0.143512,-0.125,0.25,0.428571,4.367,-4.367,0
Ag,POSCAR_F6Fe2_2_x050,-3.1739,18.637,20,0.179622,0.125,-0.375,0.142857,4.365,-4.365,0
Ag,POSCAR_F6Fe2_2_x950,-2.2339,21.118,24,0.126689,0.375,0.25,0,4.368,-4.368,0.001
Ag,POSCAR_F6Fe2_2_x975,-2.4648,9.6,23,0.106792,0.375,-0.375,0.285714,4.369,-4.368,0
Ag,POSCAR_F6Fe2_2_y025,-2.8885,10.043,21,0.143905,0.25,-0.125,0.428571,4.367,-4.367,0
Ag,POSCAR_F6Fe2_2_y050,-3.0729,18.675,20,0.178012,-0.375,0.125,0.142857,4.365,-4.365,0
Ag,POSCAR_F6Fe2_2_y950,-2.244,21.117,24,0.129514,0.25,0.375,0,4.368,-4.368,0
Ag,POSCAR_F6Fe2_2_y975,-2.4707,9.055,23,0.107303,-0.375,0.375,0.285714,4.368,-4.368,0
Ag,POSCAR_F6Fe2_2_z025,-2.8947,2.921,27,0.100927,0.5,-0.25,0.428571,4.366,-4.366,0
Ag,POSCAR_F6Fe2_2_z050,-2.9731,2.983,27,0.10608,0.5,-0.25,0.428571,4.364,-4.364,0
Ag,POSCAR_F6Fe2_2_z950,-2.344,3.164,22,0.107626,-0.125,0.375,0.285714,4.368,-4.368,0
Ag,POSCAR_F6Fe2_2_z975,-2.6035,2.931,21,0.126776,-0.25,-0.375,0.142857,4.369,-4.369,0
Ag,POSCAR_F6Mn2_1_x025,-1.5518,36.544,34,0.338928,0.125,-0.375,0.125,3.827,-3.834,-0.001
Ag,POSCAR_F6Mn2_1_x050,-1.7102,65.587,25,0.319336,0.125,-0.375,0.375,3.84,-3.855,-0.001
Ag,POSCAR_F6Mn2_1_x950,-0.6173,68.968,34,0.407204,-0.25,0,0.25,3.785,-3.777,0.001
Ag,POSCAR_F6Mn2_1_x975,-0.969,40.071,34,0.374935,-0.375,0.125,0.125,3.799,-3.794,0.001
Ag,POSCAR_F6Mn2_1_y025,-1.5372,45.568,34,0.349374,-0.375,0.125,0.125,3.838,-3.825,0.002
Ag,POSCAR_F6Mn2_1_y050,-1.6684,71.256,28,0.348246,-0.375,0.25,0.375,3.864,-3.836,0.005
Ag,POSCAR_F6Mn2_1_y950,-0.6298,86.754,34,0.490813,0.125,-0.375,0.125,3.765,-3.791,-0.006
Ag,POSCAR_F6Mn2_1_y975,-0.9626,54.188,34,0.421249,0.125,-0.375,0.125,3.789,-3.802,-0.003
Ag,POSCAR_F6Mn2_1_z025,-1.5664,31.411,34,0.361668,0.125,-0.375,0.125,3.826,-3.834,-0.002
Ag,POSCAR_F6Mn2_1_z050,-1.7166,56.62,34,0.360459,0.125,-0.375,0.125,3.839,-3.856,-0.004
Ag,POSCAR_F6Mn2_1_z950,-0.6008,55.267,34,0.435716,-0.375,0.125,0.125,3.789,-3.775,0.004
Ag,POSCAR_F6Mn2_1_z975,-0.8636,28.708,34,0.385124,-0.375,0.125,0.125,3.801,-3.794,0.002
Ag,POSCAR_F6Mn2_4_x025,-0.8722,1.694,34,0.284003,-0.222222,0.444444,0.333333,3.838,-3.838,0
Ag,POSCAR_F6Mn2_4_x050,-1.1352,1.616,34,0.25624,-0.222222,0.444444,0.333333,3.858,-3.858,0
Ag,POSCAR_F6Mn2_4_x950,0.1064,1.884,34,0.355257,-0.222222,0.444444,0.333333,3.784,-3.784,0
Ag,POSCAR_F6Mn2_4_x975,-0.2622,1.866,34,0.332731,-0.222222,0.444444,0.333333,3.801,-3.801,0
Ag,POSCAR_F6Mn2_4_y025,-0.7239,1.752,34,0.311035,-0.222222,0.444444,0.333333,3.836,-3.836,0
Ag,POSCAR_F6Mn2_4_y050,-1.0662,1.735,34,0.303624,-0.222222,0.444444,0.333333,3.853,-3.853,0
Ag,POSCAR_F6Mn2_4_y950,0.0022,1.695,34,0.296187,-0.222222,0.333333,0.444444,3.786,-3.786,0
Ag,POSCAR_F6Mn2_4_y975,-0.1718,1.753,34,0.30399,-0.222222,0.333333,0.444444,3.802,-3.802,0
Ag,POSCAR_F6Mn2_4_z025,-0.7238,1.712,34,0.310752,-0.222222,0.333333,0.444444,3.836,-3.836,0
Ag,POSCAR_F6Mn2_4_z050,-1.0661,1.662,34,0.303156,-0.222222,0.333333,0.444444,3.853,-3.853,0
Ag,POSCAR_F6Mn2_4_z950,0.0029,1.707,34,0.296662,-0.222222,0.444444,0.333333,3.786,-3.786,0
Ag,POSCAR_F6Mn2_4_z975,-0.1717,1.764,34,0.304265,-0.222222,0.444444,0.333333,3.802,-3.802,0
Ag,POSCAR_F6Mn2_5_x025,-1.8821,0.614,34,0.300625,-0.363636,0.25,0.25,3.839,-3.839,0
Ag,POSCAR_F6Mn2_5_x050,-2.1498,0.56,28,0.415782,-0.454545,0.25,0.25,3.853,-3.853,0
Ag,POSCAR_F6Mn2_5_x950,-0.9508,0.585,34,0.313031,-0.272727,0.25,0.25,3.79,-3.791,0
Ag,POSCAR_F6Mn2_5_x975,-1.2557,0.588,34,0.309391,-0.272727,0.25,0.25,3.808,-3.808,0
Ag,POSCAR_F6Mn2_5_y025,-1.9503,0.603,34,0.287407,-0.363636,0.25,0.25,3.838,-3.838,0
Ag,POSCAR_F6Mn2_5_y050,-2.2825,0.537,34,0.267272,-0.363636,0.25,0.25,3.852,-3.852,0
Ag,POSCAR_F6Mn2_5_y950,-0.8501,0.516,34,0.335127,-0.363636,0.25,0.25,3.797,-3.797,0
Ag,POSCAR_F6Mn2_5_y975,-1.1393,0.564,34,0.319909,-0.363636,0.25,0.25,3.811,-3.811,0
Ag,POSCAR_F6Mn2_5_z025,-1.7818,0.543,34,0.273843,-0.363636,0.25,0.25,3.842,-3.843,0
Ag,POSCAR_F6Mn2_5_z050,-2.0456,0.583,34,0.237265,-0.363636,0.25,0.25,3.862,-3.862,0
Ag,POSCAR_F6Mn2_5_z950,-1.0635,0.557,34,0.353117,-0.363636,0.25,0.25,3.789,-3.789,0
Ag,POSCAR_F6Mn2_5_z975,-1.2175,0.585,34,0.330305,-0.363636,0.25,0.25,3.807,-3.807,0
Ag,POSCAR_F6Mo2_2_x025,0.6198,6.944,33,0.082268,0.375,-0.125,0.142857,2.695,-2.695,0
Ag,POSCAR_F6Mo2_2_x050,0.3306,17.993,33,0.140357,0.375,-0.25,0.285714,2.701,-2.701,-0.001
Ag,POSCAR_F6Mo2_2_x950,1.6452,19.74,33,0.134812,0.125,-0.25,0.428571,2.674,-2.673,0
Ag,POSCAR_F6Mo2_2_x975,1.1484,8.824,34,0.080152,-0.25,0.5,0.428571,2.682,-2.681,0
Ag,POSCAR_F6Mo2_2_y025,0.6478,9.211,33,0.065224,0.125,-0.375,0.285714,2.695,-2.695,0
Ag,POSCAR_F6Mo2_2_y050,0.3574,21.66,35,0.119624,0.125,-0.125,0.428571,2.701,-2.7,-0.001
Ag,POSCAR_F6Mo2_2_y950,1.6178,21.628,35,0.150048,-0.125,0.125,0.285714,2.673,-2.672,-0.001
Ag,POSCAR_F6Mo2_2_y975,1.1847,9.306,34,0.087729,0.5,0.25,0.428571,2.682,-2.681,0
Ag,POSCAR_F6Mo2_2_z025,0.5943,0.51,34,0.054119,0.25,0.25,0.142857,2.695,-2.695,0
Ag,POSCAR_F6Mo2_2_z050,0.3018,0.622,33,0.061962,-0.125,-0.25,0.428571,2.702,-2.702,0
Ag,POSCAR_F6Mo2_2_z950,1.5563,0.465,33,0.067844,0.5,0.375,0.142857,2.674,-2.674,0
Ag,POSCAR_F6Mo2_2_z975,1.3018,0.483,34,0.058834,-0.25,0.375,0.142857,2.682,-2.682,0
Ag,POSCAR_F6Mo2_3_x025,1.1653,0.678,34,0.090114,-0.25,0.5,0.25,2.698,-2.698,0
Ag,POSCAR_F6Mo2_3_x050,0.8672,0.679,34,0.086409,-0.25,0.5,0.25,2.704,-2.704,0
Ag,POSCAR_F6Mo2_3_x950,2.3146,0.605,34,0.09104,0.5,-0.25,0.25,2.678,-2.678,0
Ag,POSCAR_F6Mo2_3_x975,1.9156,0.602,34,0.094378,-0.375,-0.25,0.25,2.685,-2.685,0
Ag,POSCAR_F6Mo2_3_y025,1.165,0.67,34,0.089819,0.5,-0.25,0.25,2.698,-2.698,0
Ag,POSCAR_F6Mo2_3_y050,0.8674,0.675,34,0.086355,0.5,-0.25,0.25,2.704,-2.704,0
Ag,POSCAR_F6Mo2_3_y950,2.3145,0.605,34,0.091117,-0.25,0.5,0.25,2.678,-2.678,0
Ag,POSCAR_F6Mo2_3_y975,1.9155,0.615,34,0.094457,-0.25,-0.375,0.25,2.685,-2.685,0
Ag,POSCAR_F6Mo2_3_z025,1.1205,0.625,33,0.089803,-0.25,-0.375,0.375,2.699,-2.699,0
Ag,POSCAR_F6Mo2_3_z050,0.9331,0.647,34,0.085206,-0.375,-0.375,0.25,2.707,-2.707,0
Ag,POSCAR_F6Mo2_3_z950,2.1681,0.598,33,0.105749,-0.25,-0.375,0.375,2.676,-2.676,0
Ag,POSCAR_F6Mo2_3_z975,1.7837,0.625,33,0.100282,-0.25,-0.375,0.375,2.684,-2.684,0
Ag,POSCAR_F6Nb2_1_x025,0.942,35.158,33,0.286104,0.5,0,0,2.091,-2.086,0.005
Ag,POSCAR_F6Nb2_1_x050,0.8517,53.257,33,0.301465,0.5,0,0,2.081,-2.072,0.008
Ag,POSCAR_F6Nb2_1_y025,0.9753,18.763,33,0.249333,0.5,0,0,2.092,-2.094,-0.001
Ag,POSCAR_F6Nb2_1_y050,0.8735,30.648,33,0.236097,0,0.5,0.428571,2.067,-2.078,-0.01
Ag,POSCAR_F6Nb2_1_z025,0.9695,19.158,33,0.239661,0.5,0,0,2.084,-2.083,0.001
Ag,POSCAR_F6Nb2_1_z050,0.8189,32.367,33,0.210736,0.5,0,0,2.069,-2.068,0.002
Ag,POSCAR_F6Pd2_1_x025,-0.3732,33.112,25,0.219245,0.25,-0.125,0.125,0.705,-0.706,0
Ag,POSCAR_F6Pd2_1_x050,-0.6033,50.011,23,0.246387,0,0,0,0.714,-0.715,0.001
Ag,POSCAR_F6Pd2_1_x950,0.6088,52.107,27,0.300783,0,0.5,0,0.69,-0.688,0
Ag,POSCAR_F6Pd2_1_x975,0.2858,25.407,26,0.253571,0.125,0.375,0.5,0.693,-0.692,0
Ag,POSCAR_F6Pd2_1_y025,-0.3896,37.568,26,0.263573,0.125,0.375,0.5,0.708,-0.711,-0.002
Ag,POSCAR_F6Pd2_1_y050,-0.5435,60.069,25,0.333847,-0.375,0.375,0.125,0.718,-0.727,-0.004
Ag,POSCAR_F6Pd2_1_y950,0.6843,71.731,31,0.367364,0,0.5,0.125,0.675,-0.677,0.001
Ag,POSCAR_F6Pd2_1_y975,0.2806,47.072,31,0.278441,0,0.5,0.25,0.686,-0.686,0.001
Ag,POSCAR_F6Pd2_1_z025,-0.3963,23.743,31,0.223618,0,0.5,0.25,0.703,-0.701,0.001
Ag,POSCAR_F6Pd2_1_z050,-0.6736,36.604,31,0.271502,0,0.5,0.25,0.711,-0.704,0.002
Ag,POSCAR_F6Pd2_1_z950,0.542,38.7,31,0.253468,0.375,0.125,0.25,0.689,-0.693,-0.002
Ag,POSCAR_F6Pd2_1_z975,0.206,23.442,26,0.23737,0.375,0.125,0.25,0.693,-0.695,-0.001
Ag,POSCAR_F6Pd2_2_x025,0.0433,1.015,31,0.439448,-0.222222,-0.222222,0.375,0.691,-0.691,0
Ag,POSCAR_F6Pd2_2_x050,-0.211,0.927,31,0.417334,-0.222222,-0.222222,0.375,0.697,-0.697,0
Ag,POSCAR_F6Pd2_2_x950,1.1025,1.191,31,0.481376,-0.222222,-0.222222,0.375,0.676,-0.676,0
Ag,POSCAR_F6Pd2_2_x975,0.7618,1.127,31,0.471052,-0.222222,-0.222222,0.375,0.681,-0.681,0
Ag,POSCAR_F6Pd2_2_y025,0.0606,1.147,31,0.414675,-0.222222,-0.222222,0.375,0.684,-0.684,0
Ag,POSCAR_F6Pd2_2_y050,-0.0872,1.302,31,0.369583,-0.222222,-0.222222,0.375,0.683,-0.683,0
Ag,POSCAR_F6Pd2_2_y950,1.0374,1.304,31,0.535068,-0.222222,-0.222222,0.375,0.689,-0.689,0
Ag,POSCAR_F6Pd2_2_y975,0.7478,1.036,31,0.497614,-0.222222,-0.222222,0.375,0.687,-0.687,0
Ag,POSCAR_F6Pd2_2_z025,0.035,0.898,31,0.425405,-0.222222,-0.222222,0.375,0.702,-0.702,0
Ag,POSCAR_F6Pd2_2_z050,-0.2611,0.974,31,0.392609,-0.222222,-0.222222,0.375,0.717,-0.717,0
Ag,POSCAR_F6Pd2_2_z950,1.1254,1.119,31,0.514248,-0.222222,-0.222222,0.375,0.646,-0.646,0
Ag,POSCAR_F6Pd2_2_z975,0.7987,1.061,31,0.48789,-0.222222,-0.222222,0.375,0.667,-0.667,0
Ag,POSCAR_F6V2_1_x050,-0.5216,43.86,33,0.348065,0.5,0.5,0.5,1.905,-1.909,0.002
Ag,POSCAR_F6V2_1_x950,0.8882,32.198,33,0.307558,0.5,0.5,0.5,1.892,-1.891,0
Ag,POSCAR_F6V2_1_y025,-0.1576,32.281,33,0.140838,0.5,0,0.5,1.898,-1.9,0
Ag,POSCAR_F6V2_1_y050,-0.4438,48.783,33,0.148477,0,0.5,0,1.903,-1.904,0
Ag,POSCAR_F6V2_1_y950,0.6542,38.821,33,0.222814,0,0.5,0,1.885,-1.887,0
Ag,POSCAR_F6V2_1_y975,0.339,16.868,33,0.103721,0.375,-0.25,0.375,1.891,-1.89,0
Ag,POSCAR_F6V2_1_z025,-0.2066,1.76,33,0.075403,-0.125,-0.125,0.375,1.899,-1.899,0
Ag,POSCAR_F6V2_1_z050,-0.4895,1.89,33,0.085086,0.25,0.125,0.5,1.904,-1.904,0
Ag,POSCAR_F6V2_1_z950,0.7162,1.234,33,0.058891,0.25,0.25,0,1.892,-1.892,0
Ag,POSCAR_F6V2_1_z975,0.4796,1.177,33,0.065114,0.5,0.125,0,1.895,-1.895,0
Ag,POSCAR_F6V2_2_x025,0.5734,0.797,33,0.083547,-0.333333,0.333333,0.333333,1.903,-1.903,0
Ag,POSCAR_F6V2_2_x050,0.0784,1.038,30,0.133017,0.333333,0.333333,0.333333,1.908,-1.908,0
Ag,POSCAR_F6V2_2_x950,1.439,0.513,34,0.088794,-0.222222,0.333333,0.333333,1.888,-1.888,0
Ag,POSCAR_F6V2_2_x975,1.0657,0.537,33,0.084662,-0.333333,0.333333,0.333333,1.893,-1.893,0
Ag,POSCAR_F6V2_2_y025,0.5296,0.573,33,0.07599,-0.333333,0.333333,0.333333,1.902,-1.902,0
Ag,POSCAR_F6V2_2_y950,1.4645,0.87,33,0.080503,-0.222222,0.333333,0.444444,1.895,-1.894,0
Ag,POSCAR_F6V2_2_y975,1.0746,0.565,33,0.076656,-0.333333,0.333333,0.333333,1.894,-1.894,0
Ag,POSCAR_F6V2_2_z025,0.5308,0.645,33,0.076383,-0.333333,0.333333,0.333333,1.902,-1.902,0
Ag,POSCAR_F6V2_2_z975,1.0721,0.527,33,0.076156,-0.333333,0.333333,0.333333,1.894,-1.894,0
Ag,POSCAR_F8Mn2_1_x025,-1.8342,23.386,33,0.221216,0.25,-0.375,0.375,3.014,-3.005,0.002
Ag,POSCAR_F8Mn2_1_x050,-1.9623,36.873,31,0.254121,0.5,0,0,3.063,-3.046,0.003
Ag,POSCAR_F8Mn2_1_x950,-1.0015,47.007,35,0.221102,0.5,0,0,2.893,-2.912,-0.004
Ag,POSCAR_F8Mn2_1_x975,-1.3009,25.675,33,0.215292,-0.375,0.125,0.375,2.93,-2.939,-0.002
Ag,POSCAR_F8Mn2_1_y025,-1.8327,23.527,33,0.223232,-0.375,0.25,0.375,3.006,-3.014,-0.001
Ag,POSCAR_F8Mn2_1_y050,-1.9615,36.931,33,0.251604,-0.375,0.25,0.375,3.046,-3.063,-0.003
Ag,POSCAR_F8Mn2_1_y950,-1.0041,46.967,35,0.224853,0,0.5,0,2.911,-2.893,0.004
Ag,POSCAR_F8Mn2_1_y975,-1.3018,25.535,33,0.215947,0.125,-0.375,0.375,2.939,-2.93,0.002
Ag,POSCAR_F8Mn2_1_z025,-1.9006,0.582,33,0.205075,-0.125,0.375,0.125,3.006,-3.006,0
Ag,POSCAR_F8Mn2_1_z050,-2.0661,0.731,33,0.188645,-0.125,0.375,0.125,3.045,-3.045,0
Ag,POSCAR_F8Mn2_1_z950,-1.0745,0.642,33,0.197822,0.25,-0.125,0.125,2.91,-2.91,0
Ag,POSCAR_F8Mn2_1_z975,-1.4442,0.491,33,0.214593,0.25,-0.25,0.25,2.938,-2.938,0
Ag,POSCAR_F8Nb2_3_x025,0.4883,24.57,41,0.062151,0.142857,-0.285714,0.285714,1.012,-1.014,-0.002
Ag,POSCAR_F8Nb2_3_x050,0.126,39.533,41,0.066306,0.142857,-0.285714,0.285714,1.01,-1.012,-0.003
Ag,POSCAR_F8Nb2_3_x950,1.2358,43.381,41,0.083135,-0.285714,0.142857,0.285714,1.023,-1.021,0.004
Ag,POSCAR_F8Nb2_3_x975,0.9862,25.572,41,0.066723,-0.285714,0.142857,0.285714,1.019,-1.018,0.002
Ag,POSCAR_F8Nb2_3_y025,0.4902,25.663,41,0.060951,-0.285714,0.142857,0.285714,1.014,-1.013,0.002
Ag,POSCAR_F8Nb2_3_y050,0.1147,40.583,41,0.064797,-0.285714,0.142857,0.285714,1.012,-1.01,0.003
Ag,POSCAR_F8Nb2_3_y950,1.2283,41.841,41,0.083133,0.142857,-0.285714,0.285714,1.021,-1.023,-0.004
Ag,POSCAR_F8Nb2_3_y975,0.9812,24.136,41,0.067747,0.142857,-0.285714,0.285714,1.018,-1.019,-0.002
Ag,POSCAR_F8Nb2_3_z025,0.3116,2.214,41,0.052194,0.285714,-0.285714,0.285714,1.013,-1.014,0
Ag,POSCAR_F8Nb2_3_z050,-0.0029,1.956,41,0.051058,-0.142857,0.285714,0.142857,1.011,-1.012,0
Ag,POSCAR_F8Nb2_3_z950,1.3728,2.604,41,0.0638,0.142857,-0.285714,0.285714,1.024,-1.024,0
Ag,POSCAR_F8Nb2_3_z975,0.9659,2.89,41,0.058388,0.142857,-0.285714,0.285714,1.019,-1.019,0
Ag,POSCAR_F8Ni2_1_x025,-2.3161,31.972,26,0.321034,-0.125,0.25,0.125,2.283,-2.286,-0.003
Ag,POSCAR_F8Ni2_1_x050,-2.4498,54.975,26,0.331523,-0.125,0.25,0.125,2.269,-2.275,-0.004
Ag,POSCAR_F8Ni2_1_x950,-1.7957,60.452,26,0.26283,0.25,-0.125,0.125,2.326,-2.315,0.009
Ag,POSCAR_F8Ni2_1_x975,-1.9326,32.907,26,0.282393,0.25,-0.125,0.125,2.31,-2.306,0.004
Ag,POSCAR_F8Ni2_1_y025,-2.3151,32.507,26,0.321715,0.25,-0.125,0.125,2.286,-2.283,0.002
Ag,POSCAR_F8Ni2_1_y050,-2.4497,55.354,26,0.332473,0.25,-0.125,0.125,2.275,-2.269,0.004
Ag,POSCAR_F8Ni2_1_y950,-1.7969,59.911,26,0.262153,-0.125,0.25,0.125,2.315,-2.326,-0.009
Ag,POSCAR_F8Ni2_1_y975,-1.9336,32.26,26,0.281588,-0.125,0.25,0.125,2.306,-2.31,-0.004
Ag,POSCAR_F8Ni2_1_z025,-2.3927,0.688,26,0.295774,0.25,-0.125,0.125,2.289,-2.289,0
Ag,POSCAR_F8Ni2_1_z050,-2.4918,0.609,26,0.282403,0.25,-0.125,0.125,2.282,-2.282,0
Ag,POSCAR_F8Ni2_1_z950,-1.8147,0.683,26,0.291805,0.125,-0.25,0.25,2.31,-2.31,0
Ag,POSCAR_F8Ni2_1_z975,-1.9422,0.706,26,0.297299,0.125,-0.25,0.25,2.303,-2.303,0
Ag,POSCAR_F8V2_1_x025,-1.4426,12.857,41,0.162562,0.5,0.5,0.5,1.016,-1.018,0
Ag,POSCAR_F8V2_1_x050,-1.7089,21.371,41,0.162583,0.5,0.5,0.5,1.025,-1.029,-0.001
Ag,POSCAR_F8V2_1_x950,-0.314,23.668,41,0.144988,0.5,0.5,0.5,0.991,-0.988,0.001
Ag,POSCAR_F8V2_1_x975,-0.6987,14.191,41,0.154034,0.5,0.5,0.5,0.999,-0.997,0
Ag,POSCAR_F8V2_1_y025,-1.3718,15.373,41,0.155675,0.5,0.5,0.5,1.015,-1.014,0
Ag,POSCAR_F8V2_1_y050,-1.4716,23.485,41,0.168331,0.5,0.5,0.5,1.023,-1.021,0.001
Ag,POSCAR_F8V2_1_y950,-0.5222,24.016,41,0.20876,0.5,0.5,0.5,0.991,-0.996,-0.001
Ag,POSCAR_F8V2_1_y975,-0.7226,13.092,41,0.178355,0.5,0.5,0.5,0.999,-1.001,0
Ag,POSCAR_F8V2_1_z025,-1.4101,2.15,41,0.160037,0.5,0.5,0.5,1.014,-1.014,0
Ag,POSCAR_F8V2_1_z050,-1.5346,1.951,41,0.160604,0.5,0.5,0.5,1.021,-1.021,0
Ag,POSCAR_F8V2_1_z950,-0.5416,2.64,41,0.160103,0.5,0.5,0.5,0.994,-0.994,0
Ag,POSCAR_F8V2_1_z975,-0.6701,2.71,41,0.159814,0.5,0.5,0.5,1,-1.001,0
Ag,POSCAR_Fe2Ga5_1_x025,4.904,2.056,41,0.030495,-0.4,0,0.4,2.971,-2.973,-0.004
Ag,POSCAR_Fe2Ga5_1_x050,4.6424,0.956,41,0.008414,-0.1,-0.4,0.4,2.945,-2.946,-0.001
Ag,POSCAR_Fe2Ga5_1_x950,5.5337,0.888,41,0.009929,-0.4,-0.4,0.2,2.895,-2.896,-0.002
Ag,POSCAR_Fe2Ga5_1_x975,5.3052,1.22,41,0.011001,-0.4,-0.4,0.2,2.923,-2.924,-0.001
Ag,POSCAR_Fe2Ga5_1_y025,4.8685,1.63,39,0.015222,-0.2,-0.1,0.4,2.95,-2.953,-0.004
Ag,POSCAR_Fe2Ga5_1_y050,4.6523,0.82,39,0.006595,-0.2,-0.1,0.4,2.96,-2.961,-0.001
Ag,POSCAR_Fe2Ga5_1_y950,5.5554,1.181,37,0.006837,0,0.1,0.4,2.922,-2.924,-0.003
Ag,POSCAR_Fe2Ga5_1_y975,5.3204,1.529,41,0.027718,-0.4,0,0.4,2.935,-2.936,-0.001
Ag,POSCAR_Fe2Ga5_1_z025,4.9153,0.831,41,0.006917,-0.3,-0.3,0.4,2.995,-2.996,-0.002
Ag,POSCAR_Fe2Ga5_1_z050,4.7364,0.793,40,0.004392,0,0.5,0,3.034,-3.034,-0.001
Ag,POSCAR_Fe2Ga5_1_z950,5.4924,0.976,38,0.006575,-0.2,-0.2,0.4,2.811,-2.812,-0.001
Ag,POSCAR_Fe2Ga5_1_z975,5.2764,1.024,40,0.011075,-0.3,-0.2,0.2,2.866,-2.868,-0.003
Ag,POSCAR_Fe2Ge1_1_x025,4.773,0.972,15,0.029778,0.5,0,0,2.965,-2.965,0.001
Ag,POSCAR_Fe2Ge1_1_x050,4.5758,1.165,15,0.029667,0.5,0,0,2.985,-2.985,0
Ag,POSCAR_Fe2Ge1_1_x950,5.5326,1.083,15,0.026226,0.5,0.083333,0.444444,2.894,-2.893,0.001
Ag,POSCAR_Fe2Ge1_1_x975,5.2609,0.673,15,0.03074,0.5,0,0,2.917,-2.917,0
Ag,POSCAR_Fe2Ge1_1_y025,4.792,0.147,15,0.030725,0.5,0,0,2.963,-2.963,0
Ag,POSCAR_Fe2Ge1_1_y050,4.5756,0.245,15,0.034187,0.5,0,0,2.985,-2.985,0
Ag,POSCAR_Fe2Ge1_1_y950,5.5152,0.103,15,0.024975,0.5,0,0,2.893,-2.893,0
Ag,POSCAR_Fe2Ge1_1_y975,5.2374,0.274,15,0.029755,0.5,0,0,2.917,-2.918,-0.001
Ag,POSCAR_Fe2Ge1_1_z025,4.7797,0.581,15,0.026456,0.5,0,0,2.958,-2.958,0
Ag,POSCAR_Fe2Ge1_1_z050,4.5891,1.468,15,0.021978,0.5,0.083333,0.444444,2.974,-2.974,0
Ag,POSCAR_Fe2Ge1_1_z950,5.4115,2.298,15,0.045156,0.5,0,0,2.914,-2.916,-0.002
Ag,POSCAR_Fe2Ge1_1_z975,5.201,0.993,15,0.03965,0.5,0,0,2.929,-2.929,0
Ag,POSCAR_Fe2Ge1_2_x025,6.0501,7.268,15,0.02402,-0.3,0.214286,0.4,3.05,-3.045,0.006
Ag,POSCAR_Fe2Ge1_2_x050,5.8388,6.781,14,0.018319,0.4,-0.428571,0.4,3.064,-3.061,0.003
Ag,POSCAR_Fe2Ge1_2_x950,6.7323,5.321,15,0.018879,0.3,0.5,0.4,2.985,-2.985,-0.001
Ag,POSCAR_Fe2Ge1_2_x975,6.5056,4.355,15,0.017839,0.1,0.285714,0.3,3.012,-3.01,0.002
Ag,POSCAR_Fe2Ge1_2_y025,6.0647,5.702,14,0.015398,0.3,0.428571,0.4,3.051,-3.05,0.001
Ag,POSCAR_Fe2Ge1_2_y050,5.8601,7.61,15,0.028537,-0.3,0.214286,0.4,3.071,-3.065,0.006
Ag,POSCAR_Fe2Ge1_2_y950,6.7325,4.383,14,0.017769,0.3,-0.428571,0.4,2.99,-2.988,0.001
Ag,POSCAR_Fe2Ge1_2_y975,6.4928,5.641,15,0.019666,-0.2,0.5,0.4,3.011,-3.011,0
Ag,POSCAR_Fe2Ge1_2_z025,5.9935,5.411,14,0.017105,0.4,-0.428571,0.4,3.049,-3.047,0.002
Ag,POSCAR_Fe2Ge1_2_z050,5.7564,6.506,16,0.018413,0.5,0.5,0,3.063,-3.062,0
Ag,POSCAR_Fe2Ge1_2_z975,6.5792,6.264,16,0.022849,0.3,0.214286,0.3,3.098,-3.094,0.005
Ag,POSCAR_Fe2Ge2_1_x025,5.4553,0.049,21,0.896476,-0.272727,0,0.25,3.128,-3.128,0
Ag,POSCAR_Fe2Ge2_1_x050,5.2257,0.035,21,0.861764,-0.181818,-0.090909,0.25,3.15,-3.15,0
Ag,POSCAR_Fe2Ge2_1_x950,6.1809,0.036,21,1.004804,-0.272727,0,0.25,3.041,-3.041,0
Ag,POSCAR_Fe2Ge2_1_x975,5.9211,0.028,21,0.854645,-0.272727,0,0.375,3.077,-3.077,0
Ag,POSCAR_Fe2Ge2_1_y025,5.4547,0.05,21,0.896932,0,0.272727,0.25,3.128,-3.128,0
Ag,POSCAR_Fe2Ge2_1_y050,5.2264,0.048,21,0.861249,0.090909,0.181818,0.25,3.15,-3.15,0
Ag,POSCAR_Fe2Ge2_1_y950,6.1818,0.023,21,1.004193,0,0.272727,0.25,3.041,-3.041,0
Ag,POSCAR_Fe2Ge2_1_y975,5.9214,0.023,21,0.853975,0,0.272727,0.375,3.077,-3.077,0
Ag,POSCAR_Fe2Ge2_1_z025,5.466,0.042,21,0.707259,0.272727,-0.272727,0.375,3.132,-3.132,0
Ag,POSCAR_Fe2Ge2_1_z050,5.3098,0.022,21,0.709558,0.272727,-0.272727,0.375,3.154,-3.154,0
Ag,POSCAR_Fe2Ge2_1_z950,6.1333,0.031,21,1.009287,0,0.272727,0.25,3.033,-3.033,0
Ag,POSCAR_Fe2Ge2_1_z975,5.8804,0.025,21,0.990163,0,0.272727,0.25,3.07,-3.07,0
Ag,POSCAR_Fe2Ge4_2_x950,7.1377,0.174,35,0.002911,0.5,-0.25,0.25,2.874,-2.874,0
Ag,POSCAR_Fe2Ge4_2_x975,6.9215,0.526,34,0.006958,-0.125,-0.375,0.125,3.018,-3.017,0.001
Ag,POSCAR_Fe2Ge4_2_y950,7.1391,2.303,35,0.020764,-0.25,0.5,0.375,2.877,-2.872,0.007
Ag,POSCAR_Fe2Ge4_2_y975,6.922,1.134,36,0.015987,0.125,0,0.5,3.018,-3.018,0.001
Ag,POSCAR_Fe2Ge4_2_z025,6.4681,0.292,33,0.013674,0,0.5,0,3.104,-3.104,0
Ag,POSCAR_Fe2Ge4_2_z050,6.1883,2.561,36,0.024333,0,0,0.5,3.174,-3.178,-0.006
Ag,POSCAR_Fe2Ge4_2_z950,7.2105,0.215,35,0.006149,-0.375,0.5,0.125,2.937,-2.937,0
Ag,POSCAR_Fe2I4_1_x025,0.0958,1.516,15,0.223218,0.142857,0.428571,0.166667,3.656,-3.656,0
Ag,POSCAR_Fe2I4_1_x050,-0.1341,1.704,15,0.217395,0.142857,0.428571,0.166667,3.667,-3.667,0
Ag,POSCAR_Fe2I4_1_x950,0.7143,2.054,15,0.235387,-0.428571,0.142857,0,3.614,-3.615,0
Ag,POSCAR_Fe2I4_1_x975,0.4649,1.783,15,0.233035,0.428571,0.142857,0.166667,3.629,-3.63,0
Ag,POSCAR_Fe2I4_1_y025,0.0955,1.749,15,0.223375,0.428571,0.142857,0.166667,3.656,-3.656,0
Ag,POSCAR_Fe2I4_1_y050,-0.1343,2.043,15,0.217546,0.428571,0.142857,0.166667,3.667,-3.668,0
Ag,POSCAR_Fe2I4_1_y950,0.7135,1.702,15,0.233503,-0.142857,0.428571,0,3.614,-3.614,0
Ag,POSCAR_Fe2I4_1_y975,0.4662,1.705,15,0.233494,0.142857,0.428571,0.166667,3.629,-3.63,0
Ag,POSCAR_Fe2I4_1_z025,0.0889,0.847,15,0.22132,0.428571,0.142857,0.166667,3.654,-3.654,0
Ag,POSCAR_Fe2I4_1_z050,-0.0848,0.848,14,0.20871,0.428571,-0.142857,0.333333,3.663,-3.663,0
Ag,POSCAR_Fe2I4_1_z950,0.7109,0.745,15,0.222561,-0.142857,0.428571,0.333333,3.619,-3.619,0
Ag,POSCAR_Fe2I4_1_z975,0.4405,0.763,15,0.225407,0.428571,0.142857,0.166667,3.632,-3.632,0
Ag,POSCAR_Fe2N2_1_x025,4.037,0.156,12,0.237276,0.307692,0,0.25,3.916,-3.916,0
Ag,POSCAR_Fe2N2_1_x050,3.7335,0.158,12,0.222323,0.230769,0.076923,0.25,3.921,-3.921,0
Ag,POSCAR_Fe2N2_1_x950,4.901,0.161,12,0.335378,0,0.307692,0.25,3.874,-3.874,0
Ag,POSCAR_Fe2N2_1_x975,4.5715,0.139,12,0.296746,0,0.307692,0.25,3.893,-3.893,0
Ag,POSCAR_Fe2N2_1_y025,4.038,0.149,12,0.235468,0,0.307692,0.25,3.916,-3.916,0
Ag,POSCAR_Fe2N2_1_y050,3.7361,0.174,12,0.220317,0.076923,0.230769,0.25,3.921,-3.921,0
Ag,POSCAR_Fe2N2_1_y950,4.9011,0.169,12,0.337073,0.307692,0,0.25,3.874,-3.874,0
Ag,POSCAR_Fe2N2_1_y975,4.5706,0.144,12,0.298456,0.307692,0,0.25,3.893,-3.893,0
Ag,POSCAR_Fe2N2_1_z025,4.0903,0.126,12,0.27759,-0.307692,0.307692,0.25,3.941,-3.942,0
Ag,POSCAR_Fe2N2_1_z050,3.9993,0.122,12,0.29129,-0.307692,0.307692,0.25,3.971,-3.971,0
Ag,POSCAR_Fe2N2_1_z950,4.5569,0.138,12,0.220171,-0.307692,0.384615,0.125,3.817,-3.817,0
Ag,POSCAR_Fe2N2_1_z975,4.36,0.146,12,0.23667,-0.307692,0.307692,0.25,3.865,-3.865,0
Ag,POSCAR_Fe2O2_8_x025,4.0084,111.557,14,0.894436,0,-0.461539,0.375,3.683,-3.678,0.001
Ag,POSCAR_Fe2O2_8_x050,3.7992,162.324,14,0.903183,0,0.461539,0.5,3.693,-3.682,0.002
Ag,POSCAR_Fe2O2_8_x950,4.9778,181.28,14,1.133587,-0.461539,0,0.375,3.646,-3.656,-0.003
Ag,POSCAR_Fe2O2_8_x975,4.6642,119.861,14,1.003229,-0.461539,0,0.375,3.659,-3.665,-0.001
Ag,POSCAR_Fe2O2_8_y025,4.0045,112.109,14,0.896412,-0.461539,0,0.375,3.678,-3.683,-0.001
Ag,POSCAR_Fe2O2_8_y050,3.7971,160.063,14,0.903344,0.461539,0,0.5,3.682,-3.693,-0.002
Ag,POSCAR_Fe2O2_8_y950,4.9806,180.553,14,1.127431,0,-0.461539,0.375,3.656,-3.646,0.003
Ag,POSCAR_Fe2O2_8_y975,4.6663,117.111,14,1.002631,0,-0.461539,0.375,3.665,-3.66,0.001
Ag,POSCAR_Fe2O2_8_z025,4.0435,5.203,14,0.880531,-0.076923,0.461539,0.375,3.678,-3.678,0
Ag,POSCAR_Fe2O2_8_z050,3.7752,6.152,14,0.846462,-0.076923,0.461539,0.25,3.683,-3.683,0
Ag,POSCAR_Fe2O2_8_z950,4.8947,4.101,13,0.896546,0.230769,0,0.25,3.658,-3.658,0
Ag,POSCAR_Fe2O2_8_z975,4.5925,4.221,14,0.872848,-0.153846,0.461539,0.375,3.666,-3.666,0
Ag,POSCAR_Fe2P2_1_x025,7.8592,2.049,12,1.205387,0.333333,0,0.375,3.088,-3.085,0.003
Ag,POSCAR_Fe2P2_1_x050,7.596,4.195,13,1.387792,-0.416667,0.333333,0.25,3.163,-3.16,0.004
Ag,POSCAR_Fe2P2_1_x975,8.4462,2.36,12,1.028874,-0.333333,0.333333,0.25,2.891,-2.888,0.004
Ag,POSCAR_Fe2P2_1_y025,7.8593,2.094,12,1.206184,0,-0.333333,0.375,3.088,-3.085,0.003
Ag,POSCAR_Fe2P2_1_y050,7.5961,4.171,13,1.386846,-0.333333,0.416667,0.25,3.163,-3.16,0.005
Ag,POSCAR_Fe2P2_1_y975,8.4517,6.764,12,1.022974,-0.333333,0.333333,0.25,2.889,-2.893,-0.005
Ag,POSCAR_Fe2P2_1_z025,7.872,2.732,13,1.129257,0.333333,-0.083333,0.25,3.091,-3.09,0.001
Ag,POSCAR_Fe2P2_1_z050,7.5796,3.211,13,1.23177,-0.083333,-0.25,0.25,3.171,-3.17,0.002
Ag,POSCAR_Fe2P2_1_z975,8.4328,4.375,12,1.028861,0,-0.333333,0.375,2.901,-2.893,0.01
Ag,POSCAR_Fe2P2_3_x025,6.5575,0.484,13,0.403457,-0.285714,0.285714,0.2,2.999,-2.999,0.001
Ag,POSCAR_Fe2P2_3_x050,6.2657,0.364,13,0.354218,-0.214286,-0.071429,0.2,3.035,-3.035,0
Ag,POSCAR_Fe2P2_3_x950,7.3967,0.804,13,0.555201,-0.285714,0.285714,0.2,2.881,-2.881,0
Ag,POSCAR_Fe2P2_3_x975,7.1357,0.678,13,0.519643,-0.285714,0,0.2,2.922,-2.922,0
Ag,POSCAR_Fe2P2_3_y025,6.5562,0.719,13,0.402897,-0.285714,0.285714,0.2,2.999,-2.999,0
Ag,POSCAR_Fe2P2_3_y050,6.2658,0.688,13,0.355292,0.071429,0.214286,0.2,3.035,-3.035,0
Ag,POSCAR_Fe2P2_3_y950,7.3973,0.638,13,0.555913,-0.285714,0.285714,0.2,2.882,-2.881,0
Ag,POSCAR_Fe2P2_3_y975,7.1372,0.739,13,0.520607,0,0.285714,0.2,2.922,-2.921,0.001
Ag,POSCAR_Fe2P2_3_z025,6.6505,0.432,13,0.4473,-0.285714,0.285714,0.2,3.004,-3.004,0
Ag,POSCAR_Fe2P2_3_z050,6.4216,0.363,13,0.4347,-0.285714,0.285714,0.2,3.042,-3.041,0
Ag,POSCAR_Fe2P2_3_z950,7.3536,0.516,13,0.508691,-0.285714,0.285714,0.2,2.852,-2.851,0
Ag,POSCAR_Fe2P2_3_z975,7.1252,0.471,13,0.48605,-0.285714,0.285714,0.2,2.91,-2.91,0
Ag,POSCAR_Fe2P4_1_x025,8.2748,1.98,19,0.659814,-0.333333,-0.125,0.142857,2.052,-2.056,-0.006
Ag,POSCAR_Fe2P4_1_x975,8.9753,2.803,19,0.694675,0.333333,0.125,0.142857,1.852,-1.859,-0.007
Ag,POSCAR_Fe2P4_1_y025,8.3365,1.586,19,0.721628,0.333333,0.125,0.142857,2.071,-2.074,-0.003
Ag,POSCAR_Fe2P4_1_y050,8.0349,2.765,19,0.718232,0.333333,0.125,0.142857,2.195,-2.201,-0.008
Ag,POSCAR_Fe2P4_1_y975,8.8953,4.261,19,0.686877,0.333333,0.125,0.142857,1.836,-1.839,-0.004
Ag,POSCAR_Fe2P4_1_z025,8.3273,1.118,19,0.643531,-0.333333,-0.125,0.142857,2.102,-2.102,-0.001
Ag,POSCAR_Fe2P4_1_z050,7.9937,1.483,15,0.589619,0,-0.25,0.285714,2.236,-2.233,0.004
Ag,POSCAR_Fe2P4_1_z950,9.1572,3.634,19,0.787139,0.333333,0.125,0.142857,1.721,-1.728,-0.006
Ag,POSCAR_Fe2P5_1_x025,8.4429,3.404,21,0.567032,-0.375,0.125,0.333333,2.162,-2.153,0.008
Ag,POSCAR_Fe2P5_1_y025,8.4633,13.531,21,0.572035,0.3125,0.25,0.5,2.174,-2.176,-0.009
Ag,POSCAR_Fe2P5_1_z025,8.3837,13.538,21,0.564923,-0.375,0.125,0.333333,2.138,-2.141,-0.006
Ag,POSCAR_Fe2P6_2_x025,7.1375,15.571,20,0.557978,0.333333,0,0,1.836,-1.826,0.006
Ag,POSCAR_Fe2P6_2_x975,7.9986,12.299,22,0.524764,0.333333,0.25,0,1.651,-1.665,-0.007
Ag,POSCAR_Fe2P6_2_y025,7.308,12.49,20,0.579875,0.333333,0.375,0.285714,1.827,-1.842,-0.008
Ag,POSCAR_Fe2P6_2_y950,8.1464,26.656,21,0.571308,0.222222,0.375,0,1.585,-1.572,0.007
Ag,POSCAR_Fe2P6_2_y975,7.8061,13.242,21,0.550905,0.222222,0.375,0,1.657,-1.649,0.004
Ag,POSCAR_Fe2P6_2_z025,7.2542,8.026,22,0.562025,0.333333,0.25,0,1.825,-1.828,-0.002
Ag,POSCAR_Fe2P6_2_z050,6.8849,12.773,22,0.539869,0.333333,0,0.285714,1.926,-1.926,0.003
Ag,POSCAR_Fe2P6_2_z950,8.1492,14.125,22,0.524054,0.222222,0.25,0.142857,1.591,-1.592,0
Ag,POSCAR_Fe2P6_2_z975,7.8088,9.099,22,0.509917,0.333333,0.25,0,1.661,-1.662,0
Ag,POSCAR_Fe2P8_1_x025,7.4314,1.97,27,1.00309,-0.222222,0.333333,0,3.327,-3.327,0
Ag,POSCAR_Fe2P8_1_x050,7.1604,1.998,27,1.000337,-0.222222,0.333333,0,3.363,-3.362,0.001
Ag,POSCAR_Fe2P8_1_x950,8.0999,2.226,27,0.9856,0.222222,0.333333,0,3.14,-3.14,0.001
Ag,POSCAR_Fe2P8_1_x975,7.8836,2.646,27,1.000008,-0.222222,0.333333,0,3.228,-3.23,-0.003
Ag,POSCAR_Fe2P8_1_y025,7.3919,2.06,27,0.939211,-0.333333,0.333333,0.166667,3.323,-3.322,0.003
Ag,POSCAR_Fe2P8_1_y050,7.1158,1.572,27,0.925572,-0.333333,0.333333,0.166667,3.356,-3.356,0.001
Ag,POSCAR_Fe2P8_1_y950,8.2385,2.917,27,1.023402,-0.222222,0.333333,0.166667,3.188,-3.191,-0.004
Ag,POSCAR_Fe2P8_1_y975,7.9555,2.666,27,1.047139,-0.222222,0.333333,0.166667,3.239,-3.24,-0.001
Ag,POSCAR_Fe2P8_1_z025,7.392,2.226,27,0.990514,-0.222222,0.333333,0.166667,3.339,-3.338,0.002
Ag,POSCAR_Fe2P8_1_z050,7.1079,2.302,27,0.906559,-0.222222,-0.333333,0.166667,3.38,-3.38,0.001
Ag,POSCAR_Fe2P8_1_z950,8.169,1.947,27,1.05317,-0.222222,0.333333,0,3.125,-3.126,-0.001
Ag,POSCAR_Fe2P8_1_z975,7.92,2.718,27,1.050953,-0.222222,0.333333,0,3.213,-3.211,0.004
Ag,POSCAR_Fe2Pb2_1_x025,5.913,2.587,22,0.015253,0.090909,0.363636,0,3.11,-3.111,0
Ag,POSCAR_Fe2Pb2_1_x050,5.6698,2.987,22,0.014857,0,0.363636,0,3.124,-3.126,-0.002
Ag,POSCAR_Fe2Pb2_1_x950,6.6708,3.04,22,0.017254,0.090909,0.363636,0,3.064,-3.064,0.001
Ag,POSCAR_Fe2Pb2_1_x975,6.4095,3.772,22,0.014572,0,0.363636,0,3.078,-3.081,-0.004
Ag,POSCAR_Fe2Pb2_1_y025,5.9037,2.928,22,0.01522,0,0.363636,0,3.113,-3.114,-0.001
Ag,POSCAR_Fe2Pb2_1_y050,5.666,3.316,22,0.015241,0,0.363636,0,3.128,-3.131,-0.002
Ag,POSCAR_Fe2Pb2_1_y950,6.6695,3.472,22,0.018215,0,0.363636,0,3.053,-3.054,-0.001
Ag,POSCAR_Fe2Pb2_1_y975,6.4109,2.49,22,0.014636,0,0.363636,0,3.074,-3.075,-0.001
Ag,POSCAR_Fe2Pb2_1_z025,5.9157,2.523,22,0.014705,0,0.363636,0,3.104,-3.105,0
Ag,POSCAR_Fe2Pb2_1_z050,5.6504,2.439,22,0.014618,0,0.363636,0,3.112,-3.112,0
Ag,POSCAR_Fe2Pb2_1_z950,6.6587,2.114,22,0.016248,0.090909,0.363636,0,3.077,-3.077,0
Ag,POSCAR_Fe2Pb2_1_z975,6.4062,2.146,22,0.014827,0.090909,0.363636,0,3.084,-3.085,0
Ag,POSCAR_Fe2Pb4_2_x025,6.0026,1.578,33,0.015081,-0.454545,0.142857,0,3.022,-3.022,0
Ag,POSCAR_Fe2Pb4_2_x050,5.7756,1.679,33,0.014015,-0.454545,0.142857,0,3.038,-3.038,-0.001
Ag,POSCAR_Fe2Pb4_2_x950,6.7943,1.649,33,0.015249,-0.363636,0.142857,0.4,2.972,-2.975,-0.004
Ag,POSCAR_Fe2Pb4_2_x975,6.5111,2.284,34,0.017851,0.272727,0,0.2,2.992,-2.991,0
Ag,POSCAR_Fe2Pb4_2_y025,6.0008,1.805,33,0.015573,-0.454545,0.142857,0,3.025,-3.025,0
Ag,POSCAR_Fe2Pb4_2_y050,5.768,2.041,33,0.014791,-0.454545,0.142857,0,3.042,-3.041,0.002
Ag,POSCAR_Fe2Pb4_2_y950,6.8162,1.851,33,0.016154,-0.454545,0.142857,0,2.967,-2.967,-0.001
Ag,POSCAR_Fe2Pb4_2_y975,6.5355,1.534,33,0.016779,-0.454545,0.142857,0,2.986,-2.987,-0.003
Ag,POSCAR_Fe2Pb4_2_z025,6.1304,1.081,36,0.01749,-0.454545,0.285714,0.4,3.375,-3.376,-0.001
Ag,POSCAR_Fe2Pb4_2_z050,5.9129,1.42,36,0.018749,-0.454545,0.285714,0.4,3.41,-3.411,-0.002
Ag,POSCAR_Fe2Pb4_2_z950,6.8039,2.266,34,0.01814,0.272727,0,0.2,2.987,-2.986,0.002
Ag,POSCAR_Fe2Pb4_2_z975,6.5254,1.682,33,0.016326,-0.454545,0.142857,0,2.998,-2.997,0.002
Ag,POSCAR_Fe2S4_1_x025,5.0924,0.033,20,0.453503,-0.272727,-0.111111,0.285714,3.591,-3.591,0
Ag,POSCAR_Fe2S4_1_x050,4.7769,0.033,20,0.46693,-0.272727,-0.111111,0.285714,3.604,-3.604,0
Ag,POSCAR_Fe2S4_1_x950,6.0785,0.035,20,0.419424,-0.181818,-0.222222,0.285714,3.538,-3.538,0
Ag,POSCAR_Fe2S4_1_x975,5.7935,0.035,20,0.426688,-0.272727,-0.111111,0.285714,3.559,-3.559,0
Ag,POSCAR_Fe2S4_1_y025,5.1615,0.069,20,0.427789,-0.272727,-0.111111,0.285714,3.591,-3.591,0
Ag,POSCAR_Fe2S4_1_y050,4.8007,0.039,20,0.418656,-0.272727,-0.111111,0.285714,3.604,-3.604,0
Ag,POSCAR_Fe2S4_1_y950,6.1844,0.035,20,0.478339,-0.272727,0.111111,0.285714,3.54,-3.54,0
Ag,POSCAR_Fe2S4_1_y975,5.8204,0.034,20,0.456598,-0.272727,-0.111111,0.285714,3.559,-3.559,0
Ag,POSCAR_Fe2S4_1_z025,5.1774,0.037,20,0.444037,-0.272727,-0.111111,0.285714,3.595,-3.595,0
Ag,POSCAR_Fe2S4_1_z050,5.0056,0.038,20,0.443206,-0.272727,0.111111,0.285714,3.611,-3.611,0
Ag,POSCAR_Fe2S4_1_z950,5.9292,0.041,20,0.46549,0.181818,-0.111111,0.285714,3.526,-3.526,0
Ag,POSCAR_Fe2S4_1_z975,5.682,0.039,20,0.433768,-0.272727,-0.111111,0.285714,3.553,-3.553,0
Ag,POSCAR_Fe2Se2_1_x025,3.9326,0.474,13,0.792916,0,0.181818,0.285714,3.584,-3.584,0
Ag,POSCAR_Fe2Se2_1_x950,4.5364,0.356,13,0.827462,0.272727,-0.272727,0.285714,3.529,-3.529,0
Ag,POSCAR_Fe2Se2_1_x975,4.26,0.418,12,0.810135,-0.363636,0.090909,0.285714,3.555,-3.555,0
Ag,POSCAR_Fe2Se2_1_y025,3.9326,0.371,13,0.793546,-0.181818,0,0.285714,3.584,-3.584,0
Ag,POSCAR_Fe2Se2_1_y050,3.7575,0.439,13,0.70893,-0.181818,0,0.285714,3.591,-3.591,0
Ag,POSCAR_Fe2Se2_1_y950,4.5322,0.431,13,0.820531,0.272727,-0.272727,0.285714,3.527,-3.527,0
Ag,POSCAR_Fe2Se2_1_y975,4.2608,0.474,13,0.809219,0,0.181818,0.285714,3.554,-3.555,0
Ag,POSCAR_Fe2Se2_1_z025,3.756,0.335,12,0.772098,0,-0.363636,0.285714,3.584,-3.584,0
Ag,POSCAR_Fe2Se2_1_z050,3.5242,0.349,12,0.632281,-0.090909,-0.363636,0.285714,3.597,-3.597,0
Ag,POSCAR_Fe2Se2_1_z950,4.8492,0.355,13,0.821582,-0.272727,0,0.285714,3.535,-3.535,0
Ag,POSCAR_Fe2Se2_1_z975,4.5189,0.333,13,0.86069,0,0.181818,0.285714,3.554,-3.554,0
Ag,POSCAR_Fe2Se4_1_x025,3.8944,0.307,20,0.465244,0.2,0.125,0.285714,3.582,-3.582,0
Ag,POSCAR_Fe2Se4_1_x050,3.6458,0.294,20,0.464712,0.2,0.125,0.285714,3.596,-3.595,0
Ag,POSCAR_Fe2Se4_1_x950,4.6003,0.334,20,0.464481,0.2,0.125,0.285714,3.526,-3.526,0
Ag,POSCAR_Fe2Se4_1_x975,4.3586,0.313,20,0.462569,0.2,0.125,0.285714,3.549,-3.549,0
Ag,POSCAR_Fe2Se4_1_y025,3.856,0.304,20,0.441982,0.2,0.125,0.285714,3.58,-3.58,0
Ag,POSCAR_Fe2Se4_1_y050,3.5922,0.324,20,0.425202,0.2,0.125,0.285714,3.592,-3.592,0
Ag,POSCAR_Fe2Se4_1_y950,4.7495,0.331,20,0.499109,-0.2,0.125,0.285714,3.534,-3.534,0
Ag,POSCAR_Fe2Se4_1_y975,4.434,0.315,20,0.487885,0.2,0.125,0.285714,3.552,-3.551,0
Ag,POSCAR_Fe2Se4_1_z025,3.9232,0.298,20,0.456044,-0.2,0.125,0.285714,3.584,-3.584,0
Ag,POSCAR_Fe2Se4_1_z050,3.7175,0.294,20,0.412051,-0.2,0.125,0.285714,3.598,-3.598,0
Ag,POSCAR_Fe2Se4_1_z950,4.5865,0.341,20,0.406915,0.2,0.125,0.285714,3.522,-3.522,0
Ag,POSCAR_Fe2Se4_1_z975,4.3573,0.323,20,0.435,0.2,0.125,0.285714,3.547,-3.546,0
Ag,POSCAR_Fe2Se8_1_x025,3.1426,0.896,26,0.011136,-0.166667,-0.142857,0.142857,3.755,-3.754,0.001
Ag,POSCAR_Fe2Se8_1_x050,2.9586,0.27,29,0.009204,-0.166667,-0.142857,0.142857,3.762,-3.762,0.001
Ag,POSCAR_Fe2Se8_1_x950,3.6683,0.252,28,0.012343,0.166667,-0.142857,0.285714,3.695,-3.695,0
Ag,POSCAR_Fe2Se8_1_x975,3.4898,0.327,26,0.011887,-0.166667,-0.285714,0.142857,3.72,-3.72,0.001
Ag,POSCAR_Fe2Se8_1_y025,3.0358,0.785,26,0.010178,-0.166667,-0.285714,0.142857,3.751,-3.751,0.001
Ag,POSCAR_Fe2Se8_1_y050,2.7689,0.538,28,0.010682,-0.166667,-0.142857,0.285714,3.761,-3.76,0.002
Ag,POSCAR_Fe2Se8_1_y950,3.857,1.057,26,0.010573,0.166667,-0.285714,0.142857,3.702,-3.704,-0.005
Ag,POSCAR_Fe2Se8_1_y975,3.5798,0.479,26,0.01063,-0.166667,-0.285714,0.142857,3.725,-3.725,0
Ag,POSCAR_Fe2Se8_1_z025,3.0332,0.492,26,0.010983,-0.166667,-0.285714,0.142857,3.751,-3.751,0
Ag,POSCAR_Fe2Se8_1_z050,2.7697,0.297,26,0.012213,-0.166667,-0.285714,0.142857,3.761,-3.761,0
Ag,POSCAR_Fe2Se8_1_z950,3.8587,1.624,27,0.011394,0.166667,-0.142857,0.285714,3.705,-3.703,0.007
Ag,POSCAR_Fe2Se8_1_z975,3.5792,1.12,29,0.010115,0.333333,-0.142857,0.142857,3.725,-3.725,0.002
Ag,POSCAR_Fe2Si2_3_x025,7.9622,1.558,12,0.75042,-0.357143,-0.071429,0.333333,2.715,-2.714,0.001
Ag,POSCAR_Fe2Si2_3_x050,7.7069,1.043,12,0.892828,0.357143,0.071429,0.333333,2.777,-2.777,0
Ag,POSCAR_Fe2Si2_3_x950,8.719,3.628,12,0.526684,0.428571,-0.428571,0.333333,2.474,-2.476,-0.003
Ag,POSCAR_Fe2Si2_3_x975,8.4779,0.917,12,0.596603,0,-0.428571,0.333333,2.545,-2.546,-0.001
Ag,POSCAR_Fe2Si2_3_y025,7.961,0.858,12,0.764984,-0.071429,-0.357143,0.333333,2.711,-2.71,0.001
Ag,POSCAR_Fe2Si2_3_y050,7.7098,1.304,12,0.91,0.071429,0.357143,0.333333,2.776,-2.775,0.002
Ag,POSCAR_Fe2Si2_3_y950,8.7447,1.507,12,0.556485,0.428571,0,0.333333,2.478,-2.48,-0.002
Ag,POSCAR_Fe2Si2_3_y975,8.475,1.335,12,0.586776,0.428571,0,0.333333,2.544,-2.545,-0.002
Ag,POSCAR_Fe2Si2_3_z025,7.9763,0.309,12,0.749432,0,0.428571,0.333333,2.713,-2.713,0
Ag,POSCAR_Fe2Si2_3_z050,7.7898,0.245,12,0.847995,-0.428571,0.428571,0.333333,2.784,-2.784,0
Ag,POSCAR_Fe2Si2_3_z950,8.6548,1.114,12,0.543913,0.428571,-0.428571,0.333333,2.476,-2.475,0.001
Ag,POSCAR_Fe2Si2_3_z975,8.3925,0.293,12,0.562156,0.428571,-0.428571,0.333333,2.538,-2.538,0
Ag,POSCAR_Fe2Si2_4_x050,8.1241,0.939,12,0.002876,0.307692,0,0.25,2.744,-2.745,-0.001
Ag,POSCAR_Fe2Si2_4_x950,9.2119,1.044,13,0.002862,0.461539,0,0,2.51,-2.511,-0.001
Ag,POSCAR_Fe2Si2_4_y025,8.4844,7.519,13,0.023373,0,0.307692,0.25,2.81,-2.81,0
Ag,POSCAR_Fe2Si2_4_y050,8.1243,0.94,9,0.00272,0,0,0,2.745,-2.745,-0.001
Ag,POSCAR_Fe2Si2_4_y950,9.2115,1.011,13,0.002885,0,0.461539,0,2.51,-2.511,-0.001
Ag,POSCAR_Fe2Si2_4_y975,8.887,5.29,12,0.00964,0,0,0,2.604,-2.607,-0.003
Ag,POSCAR_Fe2Si2_4_z025,8.4511,3.075,12,0.004747,0,0,0,2.731,-2.734,-0.003
Ag,POSCAR_Fe2Si2_4_z050,8.2408,2.991,12,0.007635,0.307692,0,0,2.79,-2.793,-0.003
Ag,POSCAR_Fe2Si2_4_z975,8.9038,2.336,13,0.010075,0,0.307692,0,2.647,-2.648,-0.001
Ag,POSCAR_Fe2Sn10_2_x025,7.2436,0.497,74,0.00447,0.5,0,0,3.364,-3.363,0
Ag,POSCAR_Fe2Sn10_2_x950,8.0978,0.438,76,0.004398,0.166667,0.166667,0,3.277,-3.277,0
Ag,POSCAR_Fe2Sn10_2_x975,7.8133,2.072,77,0.052604,0.5,0.5,0.5,3.314,-3.314,-0.004
Ag,POSCAR_Fe2Sn10_2_y025,7.2441,0.85,78,0.00932,0,-0.166667,0.166667,3.365,-3.364,0.001
Ag,POSCAR_Fe2Sn10_2_y050,6.9622,0.83,74,0.011328,0,0.5,0,3.39,-3.391,-0.004
Ag,POSCAR_Fe2Sn10_2_y950,8.0977,0.569,77,0.009996,0.5,0.5,0.5,3.277,-3.277,0.002
Ag,POSCAR_Fe2Sn10_2_y975,7.8153,0.596,78,0.016967,0.333333,0.5,0.333333,3.313,-3.313,0.001
Ag,POSCAR_Fe2Sn10_2_z025,7.2228,0.457,77,0.00716,0.5,0,0.5,3.382,-3.383,0.001
Ag,POSCAR_Fe2Sn10_2_z050,6.9359,0.708,77,0.006084,0.5,0,0.5,3.412,-3.412,0.003
Ag,POSCAR_Fe2Sn10_2_z950,8.0739,0.434,76,0.010409,-0.166667,-0.166667,0.333333,3.156,-3.155,0.002
Ag,POSCAR_Fe2Sn2_1_x950,7.2278,35.085,21,1.010577,0,-0.2,0.25,3.053,-3.057,-0.002
Ag,POSCAR_Fe2Sn2_1_x975,6.9529,25.667,21,0.960101,0,-0.2,0.25,3.077,-3.076,0.005
Ag,POSCAR_Fe2Sn2_1_y950,7.2314,37.675,21,1.016802,-0.2,0,0.25,3.057,-3.052,0.005
Ag,POSCAR_Fe2Sn2_1_y975,6.9522,27.052,21,0.963488,-0.2,0,0.25,3.076,-3.075,-0.002
Ag,POSCAR_Fe2Sn2_1_z025,6.4382,2.275,21,0.854956,-0.2,0,0.25,3.117,-3.117,0.002
Ag,POSCAR_Fe2Sn2_1_z050,6.2055,2.117,21,0.793869,0,-0.2,0.25,3.141,-3.138,0.006
Ag,POSCAR_Fe2Sn2_1_z950,7.1768,6.403,21,1.214414,0,-0.2,0.25,2.966,-2.965,0.002
Ag,POSCAR_Fe2Sn3_1_x025,6.6494,3.755,29,0.026797,0.5,0,0,3.119,-3.119,-0.001
Ag,POSCAR_Fe2Sn3_1_x050,6.4044,3.904,25,0.02625,0,0,0,3.127,-3.127,0
Ag,POSCAR_Fe2Sn3_1_x950,7.5352,4.493,30,0.046959,0.5,0,0,3.064,-3.059,0.007
Ag,POSCAR_Fe2Sn3_1_x975,7.2323,3.702,29,0.038668,0.5,0,0,3.094,-3.092,0.002
Ag,POSCAR_Fe2Sn3_1_y025,6.6681,4.501,29,0.077003,0.5,0,0,3.133,-3.135,-0.001
Ag,POSCAR_Fe2Sn3_1_y050,6.3989,3.179,29,0.038503,0.5,0,0,3.155,-3.154,0
Ag,POSCAR_Fe2Sn3_1_y950,7.5112,3.618,27,0.023003,0.5,0,0.5,3.039,-3.036,0.005
Ag,POSCAR_Fe2Sn3_1_y975,7.222,3.52,29,0.024814,-0.375,0,0.125,3.077,-3.076,0.001
Ag,POSCAR_Fe2Sn3_1_z025,6.6651,3.488,29,0.02949,0.5,0,0,3.13,-3.129,0.001
Ag,POSCAR_Fe2Sn3_1_z050,6.3932,3.309,29,0.031457,-0.375,0,0.125,3.116,-3.115,-0.001
Ag,POSCAR_Fe2Sn3_1_z950,7.4966,3.88,29,0.031952,0.5,0,0,3.058,-3.055,0.003
Ag,POSCAR_Fe2Sn3_1_z975,7.2165,3.626,29,0.02595,0.5,0,0,3.086,-3.084,0.003
Ag,POSCAR_Fe2Sn4_3_x025,6.3892,0.87,35,0.623912,0,0.142857,0.142857,3.088,-3.087,0.002
Ag,POSCAR_Fe2Sn4_3_x050,6.1378,0.805,35,0.593179,0,-0.142857,0.142857,3.105,-3.105,0
Ag,POSCAR_Fe2Sn4_3_x950,7.2305,0.616,35,0.723683,0,-0.142857,0.142857,3.024,-3.024,0.001
Ag,POSCAR_Fe2Sn4_3_x975,6.9502,0.625,35,0.692788,0,-0.142857,0.142857,3.051,-3.051,0
Ag,POSCAR_Fe2Sn4_3_y025,6.3896,0.584,35,0.620565,0,-0.142857,0.142857,3.082,-3.082,0.001
Ag,POSCAR_Fe2Sn4_3_y050,6.1198,0.572,35,0.580182,0,-0.142857,0.142857,3.093,-3.092,0.001
Ag,POSCAR_Fe2Sn4_3_y950,7.2706,0.728,35,0.744264,0,-0.142857,0.142857,3.035,-3.035,0
Ag,POSCAR_Fe2Sn4_3_y975,6.9559,0.752,35,0.702621,0,-0.142857,0.142857,3.053,-3.053,0
Ag,POSCAR_Fe2Sn4_3_z025,6.4599,0.6,35,0.688777,0,-0.142857,0.142857,3.086,-3.087,-0.001
Ag,POSCAR_Fe2Sn4_3_z050,6.2157,0.57,35,0.709362,0,-0.142857,0.142857,3.103,-3.103,0
Ag,POSCAR_Fe2Sn4_3_z950,7.1458,0.658,35,0.569504,0,-0.142857,0.142857,3.023,-3.023,0
Ag,POSCAR_Fe2Sn4_3_z975,6.8982,0.703,35,0.618607,0,-0.142857,0.142857,3.05,-3.05,0.001
Ag,POSCAR_Fe2Sn8_2_x025,6.8284,0.821,63,0.010574,0.285714,0.428571,0,3.152,-3.152,0
Ag,POSCAR_Fe2Sn8_2_x950,7.7366,0.561,63,0.008603,0.285714,0,0.428571,3.023,-3.024,-0.001
Ag,POSCAR_Fe2Sn8_2_x975,7.4054,0.354,59,0.007351,-0.428571,-0.428571,0.428571,3.069,-3.069,0
Ag,POSCAR_Fe2Sn8_2_y025,6.8348,1.144,62,0.017813,-0.428571,0.428571,0,3.154,-3.157,-0.005
Ag,POSCAR_Fe2Sn8_2_y950,7.736,0.768,62,0.011299,0.285714,-0.428571,0.142857,3.019,-3.019,0.001
Ag,POSCAR_Fe2Sn8_2_y975,7.4052,0.395,63,0.006448,0.428571,-0.142857,0.428571,3.068,-3.07,-0.003
Ag,POSCAR_Fe2Sn8_2_z025,6.8246,0.207,63,0.005729,-0.428571,-0.285714,0.428571,3.162,-3.163,-0.001
Ag,POSCAR_Fe2Sn8_2_z050,6.5767,0.454,62,0.008494,-0.428571,0.428571,0,3.209,-3.21,0
Ag,POSCAR_Fe2Sn8_2_z950,7.7029,1.242,62,0.099564,0,0.428571,0.428571,2.997,-2.996,0.003
Ag,POSCAR_Fe2Sn8_2_z975,7.4106,0.221,63,0.006726,0.428571,0,0.428571,3.055,-3.055,0
Ag,POSCAR_Fe2Te2_1_x025,5.9299,0.361,14,0.937695,0.3,0.3,0.285714,3.511,-3.51,0
Ag,POSCAR_Fe2Te2_1_x050,5.7211,0.322,14,0.950267,0.3,0.3,0.285714,3.524,-3.524,0
Ag,POSCAR_Fe2Te2_1_y025,6.0441,0.329,14,0.852307,-0.3,0,0.285714,3.516,-3.516,0
Ag,POSCAR_Fe2Te2_1_y950,6.6126,0.44,14,1.081198,0.3,0.3,0.285714,3.45,-3.45,0
Ag,POSCAR_Fe2Te2_1_y975,6.4339,0.432,14,1.012211,0.3,0.3,0.285714,3.474,-3.474,0
Ag,POSCAR_Fe2Te2_1_z025,5.8584,0.344,14,0.854222,-0.3,0,0.285714,3.515,-3.515,0
Ag,POSCAR_Fe2Te2_1_z050,5.4217,0.333,14,0.763478,0.3,0.3,0.285714,3.531,-3.531,0
Ag,POSCAR_Fe2Te2_1_z950,7.0253,0.415,14,1.033696,0.3,0.3,0.285714,3.452,-3.451,0
Ag,POSCAR_Fe2Te2_1_z975,6.6777,0.416,14,0.985148,0.3,0.3,0.285714,3.475,-3.475,0
Ag,POSCAR_Fe2Te4_1_x025,5.6879,0.16,17,0.344566,0,0.125,0.166667,3.529,-3.529,0
Ag,POSCAR_Fe2Te4_1_x050,5.4673,0.159,19,0.329021,0.5,-0.125,0.166667,3.547,-3.547,0
Ag,POSCAR_Fe2Te4_1_x950,6.4786,0.186,19,0.434914,0.2,-0.125,0.333333,3.458,-3.458,0
Ag,POSCAR_Fe2Te4_1_x975,6.1971,0.211,19,0.396656,0.2,0.125,0.333333,3.487,-3.487,0
Ag,POSCAR_Fe2Te4_1_y025,5.6782,0.214,20,0.342595,0,-0.375,0.166667,3.526,-3.526,0
Ag,POSCAR_Fe2Te4_1_y050,5.3807,0.271,17,0.381224,0,0.25,0.333333,3.54,-3.54,0
Ag,POSCAR_Fe2Te4_1_y950,6.5896,0.194,19,0.489238,0.3,0.375,0.333333,3.468,-3.468,0
Ag,POSCAR_Fe2Te4_1_y975,6.2768,0.176,19,0.396082,0.3,0.375,0.333333,3.49,-3.49,0
Ag,POSCAR_Fe2Te4_1_z025,5.7263,0.218,19,0.378912,-0.2,-0.125,0.333333,3.529,-3.529,0
Ag,POSCAR_Fe2Te4_1_z050,5.4649,0.23,19,0.431177,0.3,0.375,0.333333,3.545,-3.545,0
Ag,POSCAR_Fe2Te4_1_z950,6.498,0.169,20,0.37669,0.5,0.125,0.166667,3.459,-3.459,0
Ag,POSCAR_Fe2Te4_1_z975,6.2313,0.168,17,0.355334,0,0.125,0.166667,3.486,-3.486,0
Ag,POSCAR_Fe2Te6_1_x025,6.1038,6.58,26,0.524063,0.166667,-0.333333,0.428571,3.425,-3.427,0
Ag,POSCAR_Fe2Te6_1_x050,5.8178,11.494,26,0.502958,0.166667,-0.333333,0.428571,3.449,-3.44,0.01
Ag,POSCAR_Fe2Te6_1_x950,6.9945,14.911,25,0.566572,0.333333,0.166667,0.142857,3.329,-3.325,0.004
Ag,POSCAR_Fe2Tl3_1_x025,5.5554,2.459,29,0.014633,-0.3,0.363636,0.333333,3.122,-3.119,0.005
Ag,POSCAR_Fe2Tl3_1_x050,5.3247,1.517,29,0.014245,-0.3,0.363636,0.333333,3.143,-3.143,0
Ag,POSCAR_Fe2Tl3_1_x950,6.2676,2.828,29,0.015207,-0.3,-0.272727,0.333333,3.066,-3.07,-0.005
Ag,POSCAR_Fe2Tl3_1_x975,6.0172,1.707,29,0.013005,-0.3,-0.272727,0.333333,3.086,-3.086,0.001
Ag,POSCAR_Fe2Tl3_1_y025,5.5398,2.61,28,0.013808,0.3,0.272727,0.5,3.119,-3.123,-0.004
Ag,POSCAR_Fe2Tl3_1_y950,6.2859,2.01,27,0.012803,-0.3,0.181818,0.5,3.079,-3.081,-0.002
Ag,POSCAR_Fe2Tl3_1_y975,6.0348,2.977,29,0.016797,0.5,0.454545,0.333333,3.09,-3.093,-0.002
Ag,POSCAR_Fe2Tl3_1_z025,5.5608,2.201,29,0.01172,-0.3,-0.272727,0.333333,3.111,-3.113,-0.002
Ag,POSCAR_Fe2Tl3_1_z050,5.3507,2.742,28,0.013494,0.3,0.272727,0.5,3.126,-3.129,-0.003
Ag,POSCAR_Fe2Tl3_1_z950,6.2684,2.287,29,0.014759,-0.3,0.272727,0,3.081,-3.084,-0.003
Ag,POSCAR_Fe2Tl3_1_z975,6.0257,1.813,29,0.014278,-0.3,0.272727,0,3.089,-3.089,0.001
Ag,POSCAR_Ge2Mn2_2_x025,5.4069,1.63,26,0.845483,-0.363636,0,0.285714,4.27,-4.27,0
Ag,POSCAR_Ge2Mn2_2_x050,5.2039,1.57,26,0.818675,-0.363636,0,0.285714,4.299,-4.299,0
Ag,POSCAR_Ge2Mn2_2_x950,6.0929,4.108,26,1.061172,0,-0.363636,0.285714,4.153,-4.149,0.006
Ag,POSCAR_Ge2Mn2_2_x975,5.866,2.555,26,0.974748,0,-0.363636,0.285714,4.197,-4.194,0.004
Ag,POSCAR_Ge2Mn2_2_y025,5.406,2.341,26,0.848769,0,-0.363636,0.285714,4.27,-4.269,0.002
Ag,POSCAR_Ge2Mn2_2_y050,5.2042,2.182,26,0.821548,0,-0.363636,0.285714,4.3,-4.298,0.002
Ag,POSCAR_Ge2Mn2_2_y950,6.0931,2.105,26,1.057417,-0.363636,0,0.285714,4.151,-4.152,0
Ag,POSCAR_Ge2Mn2_2_y975,5.8653,1.996,26,0.970199,-0.363636,0,0.285714,4.196,-4.195,0.001
Ag,POSCAR_Ge2Mn2_2_z025,5.4267,1.225,26,0.8239,0,-0.363636,0.285714,4.275,-4.274,0.002
Ag,POSCAR_Ge2Mn2_2_z050,5.2279,2.89,25,0.840167,0,0.272727,0.285714,4.32,-4.316,0.006
Ag,POSCAR_Ge2Mn2_2_z950,6.0914,1.59,26,0.788916,0.272727,0,0.285714,4.16,-4.158,0.002
Ag,POSCAR_Ge2Mn2_2_z975,5.8666,4.118,26,0.754696,0.272727,0,0.285714,4.196,-4.195,0.001
Ag,POSCAR_Ge2Mn2_3_x025,6.719,6.817,27,0.098117,0.272727,0.454545,0.125,4.34,-4.336,0.007
Ag,POSCAR_Ge2Mn2_3_x050,6.5011,7.222,27,0.091783,0.272727,0.454545,0.125,4.372,-4.37,0.005
Ag,POSCAR_Ge2Mn2_3_x950,7.4295,6.259,26,0.10182,0,0,0.5,4.218,-4.215,0.003
Ag,POSCAR_Ge2Mn2_3_x975,7.1711,5.564,27,0.095609,0.272727,0.454545,0.125,4.264,-4.263,0.001
Ag,POSCAR_Ge2Mn2_3_y025,6.7283,7.378,27,0.095491,0.272727,0.454545,0.125,4.337,-4.336,0.002
Ag,POSCAR_Ge2Mn2_3_y050,6.4947,6.758,27,0.090781,0.454545,0.272727,0.125,4.369,-4.37,-0.002
Ag,POSCAR_Ge2Mn2_3_y950,7.4489,7.113,26,0.103968,0,0,0.5,4.217,-4.214,0.005
Ag,POSCAR_Ge2Mn2_3_y975,7.1856,4.856,26,0.109442,0,0,0.5,4.262,-4.263,-0.002
Ag,POSCAR_Ge2Mn2_3_z025,6.649,4.806,27,0.096671,0.272727,0.454545,0.125,4.313,-4.313,-0.001
Ag,POSCAR_Ge2Mn2_3_z050,6.3906,4.698,27,0.095691,0.272727,0.454545,0.125,4.321,-4.321,0
Ag,POSCAR_Ge2Mn2_3_z950,7.5349,5.886,27,0.094438,0.272727,0.454545,0.125,4.275,-4.272,0.005
Ag,POSCAR_Ge2Mn2_3_z975,7.2477,5.305,27,0.098331,0.272727,0.454545,0.125,4.29,-4.288,0.003
Ag,POSCAR_Ge2Mo2_2_x025,9.0555,0.045,27,0.635887,0,0.230769,0.333333,0.571,-0.571,0
Ag,POSCAR_Ge2Mo2_2_x050,8.7459,0.047,27,0.635864,0,0.230769,0.333333,0.629,-0.629,0
Ag,POSCAR_Ge2Mo2_2_x950,10.0155,0.722,28,0.462079,0.230769,0.076923,0.166667,0.378,-0.374,0.003
Ag,POSCAR_Ge2Mo2_2_x975,9.6621,0.169,27,0.550519,0.230769,0,0.333333,0.447,-0.446,0.001
Ag,POSCAR_Ge2Mo2_2_y025,9.0556,0.024,27,0.635646,0.230769,0,0.333333,0.571,-0.571,0
Ag,POSCAR_Ge2Mo2_2_y050,8.7458,0.03,27,0.635589,0.230769,0,0.333333,0.629,-0.629,0
Ag,POSCAR_Ge2Mo2_2_y950,10.0156,0.705,28,0.461577,-0.076923,-0.230769,0.166667,0.378,-0.374,0.003
Ag,POSCAR_Ge2Mo2_2_y975,9.6622,0.214,27,0.551103,0,-0.230769,0.333333,0.447,-0.446,0.001
Ag,POSCAR_Ge2Mo2_2_z025,9.1372,0.039,27,0.474775,0.230769,0,0.333333,0.516,-0.516,0
Ag,POSCAR_Ge2Mo2_2_z050,8.8843,0.654,27,0.365801,0.230769,-0.230769,0.333333,0.488,-0.492,-0.003
Ag,POSCAR_Ge2Mo2_2_z950,9.9411,0.347,28,0.564233,-0.307692,0.307692,0.166667,0.51,-0.508,0.001
Ag,POSCAR_Ge2Mo2_2_z975,9.6384,0.245,27,0.584401,0,0.230769,0.333333,0.52,-0.521,-0.001
Ag,POSCAR_Ge2V2_2_x025,6.3031,3.559,26,0.012924,0,0.090909,0.5,2.673,-2.676,-0.004
Ag,POSCAR_Ge2V2_2_x050,6.0692,3.692,28,0.010651,-0.454545,0.454545,0,2.694,-2.697,-0.005
Ag,POSCAR_Ge2V2_2_x950,7.1848,2.6,26,0.012688,0.090909,0,0.5,2.62,-2.622,-0.002
Ag,POSCAR_Ge2V2_2_x975,6.8411,3.805,26,0.013414,0.090909,0,0.5,2.639,-2.642,-0.004
Ag,POSCAR_Ge2V2_2_y025,6.3027,3.534,26,0.012934,0.090909,0,0.5,2.673,-2.676,-0.004
Ag,POSCAR_Ge2V2_2_y050,6.0689,3.641,24,0.011034,0.181818,0.090909,0.5,2.694,-2.697,-0.005
Ag,POSCAR_Ge2V2_2_y950,7.1851,2.664,26,0.012749,0,0.090909,0.5,2.62,-2.622,-0.002
Ag,POSCAR_Ge2V2_2_y975,6.8413,3.803,26,0.013488,0,0.090909,0.5,2.639,-2.642,-0.004
Ag,POSCAR_Ge2V2_2_z025,6.3063,2.495,26,0.012469,-0.090909,0.090909,0.5,2.675,-2.676,-0.002
Ag,POSCAR_Ge2V2_2_z050,6.0745,2.208,26,0.011599,-0.090909,0.090909,0.5,2.699,-2.7,-0.001
Ag,POSCAR_Ge2V2_2_z950,7.1037,2.772,24,0.021388,-0.272727,0.272727,0.5,2.622,-2.621,0.001
Ag,POSCAR_Ge2V2_2_z975,6.8242,6.592,25,0.016027,0,0,0,2.636,-2.643,-0.009
Ag,POSCAR_Ge2V2_3_x025,7.7377,0.937,26,0.012957,0.5,0,0,2.682,-2.682,0.001
Ag,POSCAR_Ge2V2_3_x050,7.4381,0.894,24,0.012554,0.5,0,0.5,2.7,-2.7,0
Ag,POSCAR_Ge2V2_3_x950,8.6706,0.693,25,0.01351,0.5,0,0,2.616,-2.616,0
Ag,POSCAR_Ge2V2_3_x975,8.3401,0.694,25,0.01319,0.5,0,0,2.641,-2.641,0
Ag,POSCAR_Ge2V2_3_y025,7.7248,0.671,26,0.012226,0.5,0,0,2.683,-2.683,0
Ag,POSCAR_Ge2V2_3_y050,7.4408,0.703,28,0.011857,0.5,0,0.5,2.7,-2.7,0
Ag,POSCAR_Ge2V2_3_y950,8.6837,0.822,26,0.013562,0.5,0,0,2.616,-2.616,0
Ag,POSCAR_Ge2V2_3_y975,8.343,0.745,26,0.01342,0.5,0,0,2.64,-2.64,0.001
Ag,POSCAR_Ge2V2_3_z025,7.8037,0.573,26,0.012888,0.5,0,0,2.663,-2.662,0.001
Ag,POSCAR_Ge2V2_3_z050,7.5887,0.496,26,0.012654,0.5,0,0,2.661,-2.66,0
Ag,POSCAR_Ge2V2_3_z950,8.5099,0.695,28,0.013975,0.5,0,0.5,2.672,-2.671,0.002
Ag,POSCAR_Ge2V2_3_z975,8.2719,0.913,28,0.013535,0.5,0,0.5,2.668,-2.667,0.002
Ag,POSCAR_I4Mn2_1_x025,2.5922,0.506,22,0.5629,0.5,-0.166667,0.166667,4.601,-4.601,0
Ag,POSCAR_I4Mn2_1_x050,2.3394,0.519,22,0.516476,0.5,-0.166667,0.166667,4.612,-4.612,0
Ag,POSCAR_I4Mn2_1_x950,3.1997,0.985,22,0.507082,0.5,-0.333333,0.333333,4.559,-4.56,0
Ag,POSCAR_I4Mn2_1_x975,2.9217,0.498,22,0.653102,0.5,-0.166667,0.166667,4.575,-4.575,0
Ag,POSCAR_I4Mn2_1_y025,2.5726,0.408,22,0.628649,0.5,-0.166667,0.166667,4.598,-4.598,0
Ag,POSCAR_I4Mn2_1_y050,2.3034,0.387,22,0.642855,0.5,-0.166667,0.166667,4.607,-4.607,0
Ag,POSCAR_I4Mn2_1_y950,3.2495,0.37,22,0.351711,0.5,0.333333,0.333333,4.568,-4.568,0
Ag,POSCAR_I4Mn2_1_y975,2.9451,0.396,22,0.580285,0.5,0.166667,0.166667,4.578,-4.578,0
Ag,POSCAR_I4Mn2_1_z025,2.5726,0.399,22,0.628588,0.5,-0.166667,0.166667,4.598,-4.598,0
Ag,POSCAR_I4Mn2_1_z050,2.3033,0.371,22,0.642721,0.5,-0.166667,0.166667,4.607,-4.607,0
Ag,POSCAR_I4Mn2_1_z950,3.2495,0.389,22,0.351158,0.5,0.333333,0.333333,4.568,-4.568,0
Ag,POSCAR_I4Mn2_1_z975,2.9451,0.406,22,0.580291,0.5,0.166667,0.166667,4.578,-4.578,0
Ag,POSCAR_I4Nb2_1_x025,3.9154,0.494,27,0.219754,-0.222222,0.166667,0.166667,2.53,-2.53,0
Ag,POSCAR_I4Nb2_1_x050,3.5316,0.487,23,0.253668,0,-0.333333,0.333333,2.553,-2.553,0
Ag,POSCAR_I4Nb2_1_x950,4.8117,0.439,27,0.220003,-0.222222,0.166667,0.166667,2.461,-2.461,0
Ag,POSCAR_I4Nb2_1_x975,4.4804,0.448,27,0.218603,-0.222222,0.166667,0.166667,2.484,-2.484,0
Ag,POSCAR_I4Nb2_1_y025,3.9491,0.433,27,0.19973,-0.222222,0.166667,0.166667,2.531,-2.531,0
Ag,POSCAR_I4Nb2_1_y050,3.5511,0.452,27,0.179192,-0.222222,0.166667,0.166667,2.554,-2.555,0
Ag,POSCAR_I4Nb2_1_y950,4.9208,0.305,27,0.250973,-0.222222,0.166667,0.166667,2.457,-2.457,0
Ag,POSCAR_I4Nb2_1_y975,4.444,0.359,27,0.235515,-0.222222,0.166667,0.166667,2.482,-2.483,0
Ag,POSCAR_I4Nb2_1_z025,3.9487,0.359,27,0.200269,-0.222222,0.166667,0.166667,2.531,-2.531,0
Ag,POSCAR_I4Nb2_1_z050,3.5504,0.327,27,0.180258,0.222222,0.166667,0.166667,2.554,-2.554,0
Ag,POSCAR_I4Nb2_1_z950,4.9225,0.383,27,0.249824,-0.222222,0.166667,0.166667,2.457,-2.457,0
Ag,POSCAR_I4Nb2_1_z975,4.445,0.464,27,0.234984,-0.222222,0.166667,0.166667,2.482,-2.483,0
Ag,POSCAR_I4Ni2_1_x025,0.6351,8.324,20,0.191067,-0.166667,0.5,0.333333,1.709,-1.711,-0.001
Ag,POSCAR_I4Ni2_1_x050,0.4755,13.68,20,0.183587,-0.333333,0.5,0.333333,1.718,-1.722,0
Ag,POSCAR_I4Ni2_1_x950,1.3666,15.771,20,0.249638,0.5,0.333333,0.5,1.664,-1.663,-0.001
Ag,POSCAR_I4Ni2_1_x975,1.0797,7.82,20,0.20446,0.5,-0.166667,0.333333,1.682,-1.683,-0.001
Ag,POSCAR_I4Ni2_1_y025,0.6325,6.664,20,0.193626,0.5,-0.166667,0.333333,1.71,-1.71,-0.001
Ag,POSCAR_I4Ni2_1_y050,0.4733,11.537,20,0.184811,0.5,-0.333333,0.333333,1.72,-1.72,-0.001
Ag,POSCAR_I4Ni2_1_y950,1.3085,17.921,20,0.247204,0.333333,0.5,0.5,1.662,-1.666,-0.001
Ag,POSCAR_I4Ni2_1_y975,1.0835,9.713,20,0.200746,-0.166667,0.5,0.333333,1.681,-1.684,-0.001
Ag,POSCAR_I4Ni2_1_z025,0.6618,3.223,20,0.173823,0.5,-0.166667,0.333333,1.708,-1.71,-0.001
Ag,POSCAR_I4Ni2_1_z050,0.4659,3.087,22,0.167596,0.5,0,0.5,1.717,-1.719,-0.001
Ag,POSCAR_I4Ni2_1_z950,1.3089,3.045,20,0.212358,0.5,-0.166667,0.333333,1.665,-1.667,-0.001
Ag,POSCAR_I4Ni2_1_z975,1.0585,3.04,20,0.205804,0.5,-0.166667,0.333333,1.683,-1.684,-0.001
Ag,POSCAR_I4Rh2_1_x025,3.3643,0.733,27,0.319593,0,0.333333,0.333333,0.842,-0.842,0
Ag,POSCAR_I4Rh2_1_x050,3.1313,0.736,27,0.328146,0,-0.333333,0.333333,0.851,-0.85,0
Ag,POSCAR_I4Rh2_1_x950,4.324,0.695,23,0.324707,0,-0.166667,0.333333,0.818,-0.818,0
Ag,POSCAR_I4Rh2_1_x975,4.1239,0.709,27,0.298322,0,0.333333,0.333333,0.826,-0.826,0
Ag,POSCAR_I4Rh2_1_y025,3.5189,0.602,23,0.321026,0,0.333333,0.333333,0.857,-0.857,0
Ag,POSCAR_I4Rh2_1_y050,3.2314,0.573,23,0.30681,0,0.333333,0.333333,0.879,-0.879,0
Ag,POSCAR_I4Rh2_1_y950,4.4213,0.493,27,0.312872,0,0.333333,0.333333,0.783,-0.783,0
Ag,POSCAR_I4Rh2_1_y975,4.0224,0.589,27,0.32213,0,0.333333,0.333333,0.809,-0.809,0
Ag,POSCAR_I4Rh2_1_z025,3.5205,0.58,23,0.321186,0,0.333333,0.333333,0.857,-0.857,0
Ag,POSCAR_I4Rh2_1_z050,3.233,0.509,23,0.307126,0,0.333333,0.333333,0.879,-0.879,0
Ag,POSCAR_I4Rh2_1_z950,4.4204,0.537,27,0.314737,0,0.333333,0.333333,0.783,-0.783,0
Ag,POSCAR_I4Rh2_1_z975,4.0216,0.613,27,0.322891,0,0.333333,0.333333,0.809,-0.809,0
Ag,POSCAR_I6Nb2_1_x025,3.2373,4.295,26,0.186125,0.333333,0.5,0.5,1.759,-1.758,0
Ag,POSCAR_I6Nb2_1_x050,3.0563,10.998,26,0.234717,0.333333,0.5,0.5,1.78,-1.78,0
Ag,POSCAR_I6Nb2_1_x950,4.2437,10.344,33,0.221732,0.333333,0.5,0,1.697,-1.697,0
Ag,POSCAR_I6Nb2_1_x975,3.8123,5.227,33,0.209331,0.333333,0.166667,0.333333,1.717,-1.717,0
Ag,POSCAR_I6Nb2_1_y025,3.2329,4.306,26,0.188243,0.5,0.333333,0.5,1.758,-1.759,0
Ag,POSCAR_I6Nb2_1_y050,3.0552,11.091,26,0.23695,0.5,0.333333,0.5,1.78,-1.78,0
Ag,POSCAR_I6Nb2_1_y950,4.2352,10.277,33,0.221044,0.5,0.333333,0,1.697,-1.697,0
Ag,POSCAR_I6Nb2_1_y975,3.8195,5.181,33,0.208717,0.166667,0.333333,0.333333,1.717,-1.717,0
Ag,POSCAR_I6Nb2_1_z025,3.3043,0.191,26,0.160022,0.5,0.166667,0,1.757,-1.757,0
Ag,POSCAR_I6Nb2_1_z050,2.9682,0.172,26,0.175856,0.5,0.166667,0,1.777,-1.777,0
Ag,POSCAR_I6Nb2_1_z950,4.1659,0.216,33,0.266269,0.166667,-0.166667,0.166667,1.697,-1.698,0
Ag,POSCAR_I6Nb2_1_z975,3.8106,0.214,33,0.223632,0.166667,-0.166667,0.166667,1.718,-1.718,0
Ag,POSCAR_In6Mo2_1_x950,8.5721,3.756,55,0.026475,0.5,0.5,0,3.464,-3.47,-0.003
Ag,POSCAR_In6Mo2_1_x975,8.2545,3.528,55,0.028703,0.5,0.5,0,3.511,-3.519,-0.007
Ag,POSCAR_In6Mo2_1_y025,7.6903,3.537,55,0.028192,0.5,0.5,0,3.594,-3.6,-0.006
Ag,POSCAR_In6Mo2_1_y050,7.4275,2.97,55,0.026808,0.5,0.5,0,3.633,-3.637,-0.001
Ag,POSCAR_In6Mo2_1_z025,7.6384,3.546,55,0.027888,0.5,0.5,0,3.593,-3.6,-0.006
Ag,POSCAR_In6Mo2_1_z050,7.3517,3.343,55,0.02714,0.5,0.5,0,3.63,-3.636,-0.005
Ag,POSCAR_In8Mn2_3_x025,5.9775,0.453,66,0.35849,-0.142857,0.285714,0,4.46,-4.461,-0.001
Ag,POSCAR_In8Mn2_3_x050,5.7518,0.367,66,0.388345,-0.142857,0.285714,0,4.479,-4.479,-0.001
Ag,POSCAR_In8Mn2_3_x950,6.7306,0.277,65,0.326536,-0.142857,-0.428571,0.333333,4.393,-4.393,0
Ag,POSCAR_In8Mn2_3_x975,6.4741,0.39,66,0.287352,-0.285714,0.142857,0,4.418,-4.418,-0.001
Ag,POSCAR_In8Mn2_3_y025,5.9776,0.427,66,0.358602,0.285714,0.142857,0,4.46,-4.461,-0.002
Ag,POSCAR_In8Mn2_3_y050,5.7519,0.506,66,0.389164,0.285714,0.142857,0,4.478,-4.479,-0.003
Ag,POSCAR_In8Mn2_3_y950,6.7311,0.321,65,0.326602,0.428571,0.142857,0.333333,4.393,-4.393,-0.001
Ag,POSCAR_In8Mn2_3_y975,6.4744,0.381,66,0.287483,-0.142857,0.285714,0,4.418,-4.418,-0.001
Ag,POSCAR_In8Mn2_3_z025,5.9983,0.368,66,0.290864,-0.142857,0.285714,0,4.469,-4.47,-0.001
Ag,POSCAR_In8Mn2_3_z050,5.789,0.261,66,0.277931,-0.285714,0.142857,0,4.491,-4.492,-0.001
Ag,POSCAR_In8Mn2_3_z950,6.713,1.472,62,0.325465,-0.285714,0.142857,0.5,4.376,-4.377,-0.005
Ag,POSCAR_In8Mn2_3_z975,6.4573,0.804,66,0.304418,-0.142857,0.285714,0,4.414,-4.415,-0.002
Ag,POSCAR_Mn2N2_2_x025,5.0042,3.506,17,0.46863,0,-0.384615,0.25,4.007,-4.007,0
Ag,POSCAR_Mn2N2_2_x050,4.7284,4.703,17,0.466563,0,-0.384615,0.25,4.04,-4.039,0
Ag,POSCAR_Mn2N2_2_x950,5.9701,3.616,18,0.513671,-0.076923,-0.307692,0.25,3.89,-3.889,0
Ag,POSCAR_Mn2N2_2_x975,5.6256,2.952,18,0.489043,-0.076923,-0.307692,0.25,3.933,-3.932,0
Ag,POSCAR_Mn2N2_2_y025,5.0112,2.75,17,0.470652,-0.384615,0,0.25,4.007,-4.007,0
Ag,POSCAR_Mn2N2_2_y050,4.7212,3.708,17,0.469483,-0.384615,0,0.25,4.04,-4.039,0.001
Ag,POSCAR_Mn2N2_2_y950,5.9751,4.245,18,0.506079,-0.307692,0,0.25,3.89,-3.889,0.002
Ag,POSCAR_Mn2N2_2_y975,5.6208,3.349,18,0.477805,-0.307692,0,0.25,3.932,-3.932,-0.001
Ag,POSCAR_Mn2N2_2_z025,5.0797,3.298,17,0.467926,0,-0.384615,0.25,4.005,-4.003,0.002
Ag,POSCAR_Mn2N2_2_z050,4.824,5.583,17,0.465246,0,-0.384615,0.25,4.035,-4.032,0.004
Ag,POSCAR_Mn2N2_2_z950,5.877,3.399,18,0.462139,-0.384615,0.307692,0.25,3.895,-3.895,0
Ag,POSCAR_Mn2N2_2_z975,5.5783,3.434,18,0.469589,-0.384615,0.307692,0.25,3.936,-3.934,0.002
Ag,POSCAR_Mn2N2_3_x025,7.0759,75.082,18,0.940083,-0.428571,0,0.125,3.801,-3.827,-0.01
Ag,POSCAR_Mn2N2_3_x975,7.6598,86.002,18,1.030614,0,0.357143,0.125,3.756,-3.733,0.01
Ag,POSCAR_Mn2N2_3_y025,7.0736,79.066,18,0.952754,0,0.428571,0.125,3.828,-3.8,0.01
Ag,POSCAR_Mn2N2_3_y975,7.6594,81.896,18,1.031453,-0.357143,0,0.125,3.734,-3.756,-0.009
Ag,POSCAR_Mn2N2_3_z025,7.1254,3.518,18,1.030581,0,0.428571,0.125,3.813,-3.812,0
Ag,POSCAR_Mn2N2_3_z050,6.7598,3.6,18,1.077095,0,0.357143,0,3.847,-3.846,0
Ag,POSCAR_Mn2N2_3_z950,7.9928,3.565,18,1.008152,0.357143,-0.142857,0.25,3.713,-3.712,0
Ag,POSCAR_Mn2N2_3_z975,7.5015,3.69,18,0.911785,0.357143,-0.142857,0.25,3.747,-3.746,0
Ag,POSCAR_Mn2N2_7_x025,5.1015,1.625,17,0.012438,0.230769,-0.384615,0.142857,3.953,-3.953,0.001
Ag,POSCAR_Mn2N2_7_x050,4.8176,1.549,19,0.013094,0.384615,-0.307692,0.142857,3.988,-3.989,0
Ag,POSCAR_Mn2N2_7_x950,6.0727,1.973,17,0.011777,-0.384615,0.230769,0.285714,3.828,-3.829,0
Ag,POSCAR_Mn2N2_7_x975,5.7232,1.66,17,0.012624,0.230769,-0.384615,0.142857,3.874,-3.874,0
Ag,POSCAR_Mn2N2_7_y025,5.0879,1.681,17,0.012409,0.230769,-0.384615,0.142857,3.952,-3.952,0
Ag,POSCAR_Mn2N2_7_y050,4.8036,1.643,17,0.012113,-0.384615,0.307692,0.285714,3.987,-3.987,0
Ag,POSCAR_Mn2N2_7_y950,6.0876,1.741,17,0.013083,0.230769,-0.384615,0.142857,3.831,-3.832,0
Ag,POSCAR_Mn2N2_7_y975,5.7345,1.597,17,0.012997,0.230769,-0.384615,0.142857,3.875,-3.875,0.001
Ag,POSCAR_Mn2N2_7_z025,5.1567,1.64,17,0.01224,0.230769,-0.384615,0.142857,3.957,-3.957,0.001
Ag,POSCAR_Mn2N2_7_z050,4.9289,1.624,17,0.011831,0.230769,-0.384615,0.142857,3.993,-3.993,0.001
Ag,POSCAR_Mn2N2_7_z950,5.9498,1.35,19,0.012938,0.384615,-0.307692,0.142857,3.812,-3.813,0
Ag,POSCAR_Mn2N2_7_z975,5.6522,1.616,17,0.012873,0.230769,-0.384615,0.142857,3.868,-3.868,0
Ag,POSCAR_Mn2O2_5_x025,3.7616,0.81,17,0.203283,0,0.333333,0.125,4.575,-4.575,0
Ag,POSCAR_Mn2O2_5_x050,3.4792,0.777,17,0.19388,0.333333,-0.333333,0.125,4.582,-4.582,0
Ag,POSCAR_Mn2O2_5_x950,4.92,0.911,18,0.234062,-0.333333,0.25,0.25,4.547,-4.547,0
Ag,POSCAR_Mn2O2_5_x975,4.4211,0.899,18,0.21409,0.333333,0,0.25,4.558,-4.558,0
Ag,POSCAR_Mn2O2_5_y025,3.7612,0.817,17,0.203245,-0.333333,0,0.125,4.575,-4.575,0
Ag,POSCAR_Mn2O2_5_y050,3.4785,0.798,17,0.193881,0.333333,-0.333333,0.125,4.582,-4.582,0
Ag,POSCAR_Mn2O2_5_y950,4.9213,0.921,18,0.234393,-0.25,0.333333,0.25,4.547,-4.547,0
Ag,POSCAR_Mn2O2_5_y975,4.422,0.897,18,0.213477,0,-0.333333,0.25,4.558,-4.558,0
Ag,POSCAR_Mn2O2_5_z025,3.7849,0.886,17,0.238307,-0.333333,0,0.25,4.579,-4.579,0
Ag,POSCAR_Mn2O2_5_z050,3.5962,0.91,18,0.221644,-0.333333,0,0.25,4.588,-4.588,0
Ag,POSCAR_Mn2O2_5_z950,4.4456,0.836,17,0.190221,-0.333333,0,0.125,4.538,-4.538,0
Ag,POSCAR_Mn2O2_5_z975,4.2063,0.779,17,0.200725,-0.333333,0,0.125,4.554,-4.554,0
Ag,POSCAR_Mn2O2_6_x025,5.7495,60.817,18,0.940626,0.307692,0,0,4.55,-4.553,-0.001
Ag,POSCAR_Mn2O2_6_x050,5.5849,109.708,19,0.884427,-0.230769,0,0.428571,4.555,-4.562,-0.003
Ag,POSCAR_Mn2O2_6_x950,6.7939,100.915,18,1.03082,0,0.307692,0,4.524,-4.518,0.003
Ag,POSCAR_Mn2O2_6_x975,6.3784,58.451,18,0.944377,0,0.307692,0,4.535,-4.531,0.001
Ag,POSCAR_Mn2O2_6_y025,5.7413,60.164,18,0.936799,0,0.307692,0,4.553,-4.55,0.001
Ag,POSCAR_Mn2O2_6_y050,5.5883,108.989,19,0.868903,0,-0.230769,0.428571,4.562,-4.555,0.003
Ag,POSCAR_Mn2O2_6_y950,6.8123,102.793,18,1.035842,0.307692,0,0,4.518,-4.524,-0.003
Ag,POSCAR_Mn2O2_6_y975,6.3831,60.667,18,0.950474,0.307692,0,0,4.531,-4.535,-0.001
Ag,POSCAR_Mn2O2_6_z025,5.5787,1.923,18,0.92597,0.307692,0,0,4.555,-4.555,0
Ag,POSCAR_Mn2O2_6_z050,5.2679,2.074,18,0.970816,0.307692,0,0,4.565,-4.565,0
Ag,POSCAR_Mn2O2_6_z950,6.8449,1.848,19,0.82362,0.307692,0,0.428571,4.51,-4.51,0
Ag,POSCAR_Mn2O2_6_z975,6.4249,1.901,18,0.808567,0.307692,0,0,4.528,-4.528,0
Ag,POSCAR_Mn2O2_7_x025,3.9415,7.998,18,0.034154,0.416667,0.25,0.375,4.548,-4.548,0
Ag,POSCAR_Mn2O2_7_x050,3.6856,7.463,18,0.034203,0.416667,0.25,0.375,4.556,-4.556,0
Ag,POSCAR_Mn2O2_7_x950,5.0117,7.785,18,0.030398,0.25,0.25,0,4.516,-4.516,0
Ag,POSCAR_Mn2O2_7_x975,4.6968,8.456,18,0.032,0.5,0.166667,0.375,4.528,-4.528,0
Ag,POSCAR_Mn2O2_7_y025,3.9432,8.502,18,0.03385,0.5,0.166667,0.25,4.548,-4.548,0
Ag,POSCAR_Mn2O2_7_y050,3.6873,8.238,18,0.035394,0.5,0.166667,0.25,4.556,-4.556,0
Ag,POSCAR_Mn2O2_7_y950,5.0176,6.965,18,0.031959,0.25,0.25,0,4.516,-4.516,0
Ag,POSCAR_Mn2O2_7_y975,4.6953,7.906,18,0.031225,0.25,0.25,0,4.528,-4.528,0
Ag,POSCAR_Mn2O2_7_z025,4.0463,7.779,18,0.034785,0.333333,0.25,0,4.554,-4.554,0
Ag,POSCAR_Mn2O2_7_z050,3.9147,7.104,18,0.034461,0.333333,0.25,0,4.567,-4.567,0
Ag,POSCAR_Mn2O2_7_z950,4.8566,11.422,18,0.040238,0.5,0.166667,0.25,4.499,-4.498,0
Ag,POSCAR_Mn2O2_7_z975,4.564,9.818,18,0.035895,0.5,0.166667,0.25,4.521,-4.52,0
Ag,POSCAR_Mn2O3_1_x025,3.4846,4.435,22,0.024683,0,0.181818,0.125,3.845,-3.844,0
Ag,POSCAR_Mn2O3_1_x050,3.1836,4.128,22,0.024455,0,0.181818,0.125,3.863,-3.862,0
Ag,POSCAR_Mn2O3_1_x950,4.5267,5.226,22,0.023374,0.076923,0.181818,0,3.785,-3.785,0
Ag,POSCAR_Mn2O3_1_x975,4.2715,5.018,22,0.024101,0.076923,0.181818,0,3.806,-3.806,0
Ag,POSCAR_Mn2O3_1_y025,3.6586,4.585,22,0.02246,0.076923,0.181818,0,3.855,-3.854,0
Ag,POSCAR_Mn2O3_1_y050,3.4297,4.609,22,0.020102,0.076923,0.181818,0,3.883,-3.883,0
Ag,POSCAR_Mn2O3_1_y950,4.3405,4.785,21,0.02892,0,0,0,3.767,-3.767,0
Ag,POSCAR_Mn2O3_1_y975,4.0821,4.778,22,0.026308,0,0.181818,0.125,3.797,-3.796,0
Ag,POSCAR_Mn2O3_1_z025,3.5671,4.919,22,0.024407,0,0.181818,0.125,3.849,-3.849,0
Ag,POSCAR_Mn2O3_1_z050,3.2789,5.185,22,0.024255,0,0.181818,0.125,3.873,-3.872,0
Ag,POSCAR_Mn2O3_1_z950,4.4606,4.339,22,0.025109,0.076923,0.181818,0,3.777,-3.776,0
Ag,POSCAR_Mn2O3_1_z975,4.0933,4.494,22,0.024819,0.076923,0.181818,0,3.802,-3.801,0
Ag,POSCAR_Mn2O4_1_x025,4.3865,0.109,23,0.4994,-0.214286,0.222222,0.2,3.102,-3.102,0
Ag,POSCAR_Mn2O4_1_x050,4.056,0.205,24,0.504164,0.214286,-0.333333,0.3,3.164,-3.164,0
Ag,POSCAR_Mn2O4_1_x950,5.2519,0.155,23,0.774428,-0.214286,-0.222222,0.2,2.933,-2.933,0
Ag,POSCAR_Mn2O4_1_x975,4.9726,0.147,23,0.663486,-0.214286,-0.222222,0.2,2.987,-2.987,0
Ag,POSCAR_Mn2O4_1_y025,4.3346,0.141,23,0.561157,-0.214286,0.222222,0.2,3.078,-3.078,0
Ag,POSCAR_Mn2O4_1_y050,4.0451,0.122,23,0.544665,-0.214286,-0.222222,0.2,3.117,-3.116,0
Ag,POSCAR_Mn2O4_1_y950,5.2726,0.181,23,0.573539,-0.214286,-0.222222,0.2,2.981,-2.981,0
Ag,POSCAR_Mn2O4_1_y975,5.0266,0.104,23,0.576471,-0.214286,-0.222222,0.2,3.011,-3.011,0
Ag,POSCAR_Mn2O4_1_z025,4.3349,0.143,23,0.562933,-0.214286,-0.222222,0.2,3.078,-3.078,0
Ag,POSCAR_Mn2O4_1_z050,4.0469,0.135,23,0.547244,-0.214286,-0.222222,0.2,3.116,-3.116,0
Ag,POSCAR_Mn2O4_1_z950,5.2723,0.091,23,0.56612,-0.214286,0.222222,0.2,2.981,-2.981,0
Ag,POSCAR_Mn2O4_1_z975,5.0265,0.097,23,0.573526,-0.214286,0.222222,0.2,3.011,-3.011,0
Ag,POSCAR_Mn2P2_4_x025,8.5564,4.768,17,0.056087,-0.466667,0.133333,0,4.105,-4.107,-0.001
Ag,POSCAR_Mn2P2_4_x050,8.2947,5.345,17,0.055626,-0.466667,0.133333,0,4.14,-4.14,-0.001
Ag,POSCAR_Mn2P2_4_x950,9.5397,5.551,17,0.056966,-0.466667,0.133333,0,3.99,-3.994,-0.005
Ag,POSCAR_Mn2P2_4_x975,9.1696,5.432,17,0.057913,-0.466667,0.133333,0,4.032,-4.036,-0.005
Ag,POSCAR_Mn2P2_4_y025,8.5509,6.827,17,0.059016,-0.466667,0.133333,0,4.105,-4.109,-0.004
Ag,POSCAR_Mn2P2_4_y050,8.3068,6.099,17,0.059056,-0.466667,0.133333,0,4.141,-4.143,-0.002
Ag,POSCAR_Mn2P2_4_y950,9.5396,4.772,17,0.052415,-0.466667,0.133333,0,3.991,-3.992,-0.001
Ag,POSCAR_Mn2P2_4_y975,9.1731,4.455,17,0.055611,-0.466667,0.133333,0,4.032,-4.035,-0.003
Ag,POSCAR_Mn2P2_4_z025,8.6352,4.432,17,0.054531,-0.466667,0.133333,0,4.102,-4.105,-0.005
Ag,POSCAR_Mn2P2_4_z050,8.3733,3.968,17,0.052049,-0.466667,0.066667,0,4.14,-4.145,-0.005
Ag,POSCAR_Mn2P2_4_z950,9.3787,6.886,17,0.062197,-0.466667,0.133333,0,3.993,-3.994,0.001
Ag,POSCAR_Mn2P2_4_z975,9.1132,4.673,17,0.061294,-0.466667,0.133333,0,4.031,-4.034,-0.003
Ag,POSCAR_Mn2Pb4_2_x025,6.4181,2.877,38,0.017978,0.090909,0.285714,0.5,4.533,-4.534,-0.002
Ag,POSCAR_Mn2Pb4_2_x050,6.1879,2.49,39,0.01663,0.090909,0.285714,0.5,4.549,-4.549,0.001
Ag,POSCAR_Mn2Pb4_2_x950,7.2045,3.123,38,0.016435,-0.181818,0.142857,0.333333,4.475,-4.477,-0.004
Ag,POSCAR_Mn2Pb4_2_x975,6.9396,2.55,38,0.017781,0.090909,0.285714,0.5,4.498,-4.499,0
Ag,POSCAR_Mn2Pb4_2_y025,6.4226,2.695,38,0.017416,0.090909,0.285714,0.5,4.532,-4.534,-0.002
Ag,POSCAR_Mn2Pb4_2_y050,6.1894,3.02,39,0.014851,0.090909,0.285714,0.5,4.545,-4.547,-0.003
Ag,POSCAR_Mn2Pb4_2_y950,7.1999,2.729,43,0.013563,-0.363636,-0.142857,0.333333,4.476,-4.477,-0.001
Ag,POSCAR_Mn2Pb4_2_y975,6.93,2.748,38,0.01586,0.090909,0.285714,0.5,4.497,-4.498,0
Ag,POSCAR_Mn2Pb4_2_z025,6.4247,2.358,38,0.014705,0.090909,0.285714,0.5,4.534,-4.535,0
Ag,POSCAR_Mn2Pb4_2_z050,6.1892,2.752,43,0.013993,-0.363636,-0.142857,0.333333,4.549,-4.55,-0.001
Ag,POSCAR_Mn2Pb4_2_z950,7.2076,2.357,39,0.018945,-0.181818,0.142857,0.333333,4.474,-4.474,0.001
Ag,POSCAR_Mn2Pb4_2_z975,6.9404,2.503,39,0.017125,0.090909,0.285714,0.5,4.496,-4.497,0
Ag,POSCAR_Mn2Pb8_1_x025,6.3165,1.242,68,0.264118,-0.428571,-0.285714,0.166667,4.503,-4.504,-0.004
Ag,POSCAR_Mn2Pb8_1_x050,6.0568,1.022,68,0.259227,0.428571,0.142857,0,4.52,-4.52,0.004
Ag,POSCAR_Mn2Pb8_1_x950,7.1119,1.918,68,0.271782,0.285714,0.428571,0.166667,4.444,-4.448,-0.01
Ag,POSCAR_Mn2Pb8_1_y025,6.3127,0.924,68,0.268265,0.285714,0.428571,0.166667,4.503,-4.504,0.002
Ag,POSCAR_Mn2Pb8_1_y050,6.0549,1.167,68,0.262315,0.142857,0.428571,0,4.519,-4.52,-0.004
Ag,POSCAR_Mn2Pb8_1_y950,7.1185,1.625,68,0.269914,-0.428571,-0.285714,0.166667,4.446,-4.445,0.007
Ag,POSCAR_Mn2Pb8_1_y975,6.8534,1.12,68,0.273848,-0.428571,-0.285714,0.166667,4.466,-4.467,-0.001
Ag,POSCAR_Mn2Pb8_1_z025,6.3383,1.048,68,0.242072,0.285714,0.428571,0.166667,4.507,-4.508,-0.004
Ag,POSCAR_Mn2Pb8_1_z050,6.1009,0.761,68,0.213507,-0.285714,0.428571,0.166667,4.526,-4.527,0.001
Ag,POSCAR_Mn2Pb8_1_z950,7.0832,1.279,68,0.341044,0.285714,0.428571,0.166667,4.435,-4.437,-0.007
Ag,POSCAR_Mn2Pb8_1_z975,6.8442,0.992,68,0.30763,0.285714,0.428571,0.166667,4.461,-4.462,-0.003
Ag,POSCAR_Mn2Pb8_2_x025,6.1664,0.942,63,0.011696,0,0,0.5,4.592,-4.592,0
Ag,POSCAR_Mn2Pb8_2_x050,5.9181,0.949,63,0.011436,0,0,0.5,4.608,-4.608,0
Ag,POSCAR_Mn2Pb8_2_x950,6.9714,1.134,70,0.016763,0,0,0.5,4.533,-4.533,0
Ag,POSCAR_Mn2Pb8_2_x975,6.6824,1.14,70,0.016405,0,0,0.5,4.554,-4.554,0.001
Ag,POSCAR_Mn2Pb8_2_y025,6.1586,1.218,71,0.008669,0.5,0,0.333333,4.584,-4.585,-0.002
Ag,POSCAR_Mn2Pb8_2_y050,5.9222,1.062,64,0.009947,0,0,0.5,4.595,-4.595,0
Ag,POSCAR_Mn2Pb8_2_y950,6.9696,1.26,69,0.008421,-0.333333,-0.285714,0.333333,4.548,-4.549,-0.002
Ag,POSCAR_Mn2Pb8_2_y975,6.682,0.965,70,0.016668,0,0,0.5,4.562,-4.562,0
Ag,POSCAR_Mn2Pb8_2_z025,6.1792,1.052,70,0.015754,0,0,0.5,4.588,-4.588,0.003
Ag,POSCAR_Mn2Pb8_2_z050,5.9448,1.085,70,0.016464,0,0,0.5,4.6,-4.601,-0.002
Ag,POSCAR_Mn2Pb8_2_z950,6.9431,1.221,71,0.008049,0.5,0,0.333333,4.543,-4.544,-0.001
Ag,POSCAR_Mn2Pb8_2_z975,6.6684,1.142,71,0.008124,0.5,0,0.333333,4.559,-4.56,-0.002
Ag,POSCAR_Mn2Pb8_3_x025,5.6794,0.703,68,0.420591,-0.166667,0.333333,0,4.489,-4.488,0.003
Ag,POSCAR_Mn2Pb8_3_x050,5.4441,0.519,68,0.393425,0.166667,0.333333,0,4.507,-4.507,-0.002
Ag,POSCAR_Mn2Pb8_3_x950,6.4641,0.537,67,0.427495,0.333333,0.166667,0.166667,4.427,-4.427,0.002
Ag,POSCAR_Mn2Pb8_3_x975,6.1812,0.457,67,0.416924,0.333333,0.166667,0.166667,4.45,-4.45,-0.001
Ag,POSCAR_Mn2Pb8_3_y025,5.6791,0.745,68,0.421091,-0.333333,0.166667,0,4.488,-4.489,-0.003
Ag,POSCAR_Mn2Pb8_3_y050,5.4439,0.465,68,0.39361,0.333333,0.166667,0,4.507,-4.507,0.001
Ag,POSCAR_Mn2Pb8_3_y950,6.4641,0.533,67,0.42692,-0.166667,-0.333333,0.166667,4.426,-4.427,-0.002
Ag,POSCAR_Mn2Pb8_3_y975,6.1824,0.437,67,0.416948,-0.166667,-0.333333,0.166667,4.45,-4.45,0.001
Ag,POSCAR_Mn2Pb8_3_z025,5.6686,0.103,67,0.327098,0.166667,0.333333,0.166667,4.488,-4.488,0
Ag,POSCAR_Mn2Pb8_3_z050,5.4318,0.102,67,0.374231,-0.333333,0.166667,0,4.51,-4.51,0
Ag,POSCAR_Mn2Pb8_3_z950,6.4632,0.179,68,0.413102,0.166667,0.333333,0,4.425,-4.425,-0.001
Ag,POSCAR_Mn2Pb8_3_z975,6.1669,0.137,68,0.485812,0.166667,0.333333,0,4.45,-4.45,0
Ag,POSCAR_Mn2S2_1_x025,5.2773,0.756,18,0.998846,0.363636,0,0.285714,4.525,-4.525,0
Ag,POSCAR_Mn2S2_1_x050,5.0453,0.759,18,0.976887,-0.363636,0,0.285714,4.536,-4.537,0
Ag,POSCAR_Mn2S2_1_x950,6.2158,1.162,18,1.181304,0,-0.363636,0.285714,4.477,-4.477,0
Ag,POSCAR_Mn2S2_1_x975,5.8241,0.795,18,1.116772,0,0.363636,0.285714,4.495,-4.495,0
Ag,POSCAR_Mn2S2_1_y025,5.2796,0.736,18,0.999573,0,0.363636,0.285714,4.525,-4.525,0
Ag,POSCAR_Mn2S2_1_y050,5.0198,0.809,18,0.977227,0,0.363636,0.285714,4.537,-4.536,0
Ag,POSCAR_Mn2S2_1_y950,6.2138,1.083,18,1.178263,-0.363636,0,0.285714,4.477,-4.477,0
Ag,POSCAR_Mn2S2_1_y975,5.8195,0.86,18,1.116306,-0.363636,0,0.285714,4.495,-4.495,0
Ag,POSCAR_Mn2S2_1_z025,5.2496,0.369,18,0.993036,-0.363636,0.363636,0.285714,4.527,-4.527,0
Ag,POSCAR_Mn2S2_1_z050,4.9559,0.361,18,0.996419,0,-0.363636,0.285714,4.54,-4.54,0
Ag,POSCAR_Mn2S2_1_z950,5.9601,0.322,18,0.938364,-0.272727,0.272727,0.285714,4.473,-4.473,0
Ag,POSCAR_Mn2S2_1_z975,5.8405,0.32,18,0.982941,-0.272727,0.272727,0.285714,4.493,-4.493,0
Ag,POSCAR_Mn2S2_2_x025,2.8142,0.829,18,0.186365,0.3,0,0.285714,4.559,-4.559,0
Ag,POSCAR_Mn2S2_2_x050,2.6823,0.841,18,0.172926,0.3,0,0.285714,4.567,-4.567,0
Ag,POSCAR_Mn2S2_2_x950,3.6758,0.796,18,0.25601,-0.1,-0.3,0.285714,4.524,-4.524,0
Ag,POSCAR_Mn2S2_2_x975,3.4568,0.86,18,0.220204,0,-0.3,0.285714,4.537,-4.537,0
Ag,POSCAR_Mn2S2_2_y025,2.7589,0.802,18,0.186263,0,-0.3,0.285714,4.559,-4.559,0
Ag,POSCAR_Mn2S2_2_y050,2.6829,0.816,18,0.172812,0,-0.3,0.285714,4.567,-4.567,0
Ag,POSCAR_Mn2S2_2_y950,3.6753,0.806,18,0.25597,0.3,0.1,0.285714,4.524,-4.524,0
Ag,POSCAR_Mn2S2_2_y975,3.4564,0.865,18,0.220301,0.3,0,0.285714,4.538,-4.537,0
Ag,POSCAR_Mn2S2_2_z025,2.8223,0.864,18,0.196748,0.3,0,0.285714,4.564,-4.564,0
Ag,POSCAR_Mn2S2_2_z050,2.6897,0.894,18,0.194354,0.4,-0.1,0.285714,4.577,-4.576,0
Ag,POSCAR_Mn2S2_2_z950,3.4428,0.789,18,0.176706,0.3,0,0.142857,4.51,-4.51,0
Ag,POSCAR_Mn2S2_2_z975,3.2202,0.819,18,0.176928,0.3,0,0.285714,4.531,-4.531,0
Ag,POSCAR_Mn2S4_1_x025,5.1225,0.169,25,0.515915,0.272727,-0.111111,0.285714,4.54,-4.54,0
Ag,POSCAR_Mn2S4_1_x050,4.8382,0.167,25,0.506976,0.272727,-0.111111,0.285714,4.554,-4.554,0
Ag,POSCAR_Mn2S4_1_x950,6.2403,0.195,25,0.562184,0.272727,-0.111111,0.285714,4.49,-4.49,0
Ag,POSCAR_Mn2S4_1_x975,5.8699,0.187,25,0.54359,0.272727,-0.111111,0.285714,4.509,-4.509,0
Ag,POSCAR_Mn2S4_1_y025,5.2632,0.25,25,0.506727,0.272727,-0.111111,0.285714,4.537,-4.537,0
Ag,POSCAR_Mn2S4_1_y050,4.9418,0.199,25,0.479184,0.272727,-0.111111,0.285714,4.548,-4.548,0
Ag,POSCAR_Mn2S4_1_y950,6.2706,0.181,25,0.489437,0.272727,-0.111111,0.285714,4.498,-4.498,0
Ag,POSCAR_Mn2S4_1_y975,5.9155,0.181,25,0.51783,0.272727,-0.111111,0.285714,4.512,-4.512,0
Ag,POSCAR_Mn2S4_1_z025,5.3108,0.186,25,0.47484,-0.272727,0.111111,0.285714,4.541,-4.541,0
Ag,POSCAR_Mn2S4_1_z050,4.9974,0.188,25,0.403985,-0.272727,0.111111,0.285714,4.554,-4.554,0
Ag,POSCAR_Mn2S4_1_z950,6.0475,0.173,25,0.528527,0.272727,-0.111111,0.285714,4.486,-4.486,0
Ag,POSCAR_Mn2S4_1_z975,5.7082,0.167,25,0.529742,0.272727,-0.111111,0.285714,4.507,-4.507,0
Ag,POSCAR_Mn2Sb4_1_x025,6.4589,0.419,21,0.808715,0,-0.142857,0.333333,4.413,-4.414,-0.001
Ag,POSCAR_Mn2Sb4_1_x050,6.1588,0.305,21,0.797272,0,-0.142857,0.333333,4.428,-4.428,0
Ag,POSCAR_Mn2Sb4_1_x950,7.4845,0.281,21,0.833113,0,-0.142857,0.333333,4.369,-4.369,0
Ag,POSCAR_Mn2Sb4_1_x975,7.1485,0.362,21,0.826735,0,-0.142857,0.333333,4.388,-4.388,-0.001
Ag,POSCAR_Mn2Sb4_1_y025,6.5459,0.302,21,0.757858,0,-0.142857,0.333333,4.426,-4.427,-0.001
Ag,POSCAR_Mn2Sb4_1_y050,6.3242,0.255,21,0.698403,0,-0.142857,0.333333,4.45,-4.45,0
Ag,POSCAR_Mn2Sb4_1_y950,7.3059,0.316,21,0.932454,0,-0.142857,0.333333,4.333,-4.333,-0.001
Ag,POSCAR_Mn2Sb4_1_y975,7.0462,0.337,21,0.877883,0,-0.142857,0.333333,4.369,-4.369,-0.001
Ag,POSCAR_Mn2Sb4_1_z025,6.5431,0.299,21,0.759887,0,-0.142857,0.333333,4.427,-4.427,-0.001
Ag,POSCAR_Mn2Sb4_1_z050,6.3308,0.278,21,0.685198,0,-0.142857,0.333333,4.446,-4.447,0
Ag,POSCAR_Mn2Sb4_1_z950,7.3454,0.491,21,0.878569,0,-0.142857,0.333333,4.34,-4.341,-0.001
Ag,POSCAR_Mn2Sb4_1_z975,7.0509,0.472,21,0.857894,0,-0.142857,0.333333,4.372,-4.373,-0.001
Ag,POSCAR_Mn2Sb6_1_x950,6.5342,30.938,25,0.493505,-0.285714,0.333333,0,4.329,-4.334,0.001
Ag,POSCAR_Mn2Sb6_1_y050,5.4468,23.639,26,0.502871,0.142857,0.166667,0.333333,4.438,-4.437,0.002
Ag,POSCAR_Mn2Sb6_1_z025,5.6972,9.002,28,0.47626,-0.285714,0.333333,0.166667,4.405,-4.409,-0.002
Ag,POSCAR_Mn2Sb6_1_z050,5.4526,16.335,28,0.451781,-0.285714,0.333333,0.166667,4.431,-4.431,0.01
Ag,POSCAR_Mn2Sb6_1_z975,6.2259,9.623,26,0.492984,-0.142857,0,0.333333,4.353,-4.353,-0.003
Ag,POSCAR_Mn2Se2_1_x025,1.9794,0.346,18,0.150117,-0.3,0,0.333333,4.577,-4.577,0
Ag,POSCAR_Mn2Se2_1_x050,1.869,0.33,18,0.1483,0.4,-0.1,0.166667,4.584,-4.584,0
Ag,POSCAR_Mn2Se2_1_x950,2.9284,0.461,18,0.24244,0.1,0.3,0.333333,4.546,-4.546,0
Ag,POSCAR_Mn2Se2_1_x975,2.4446,0.414,18,0.181692,0,-0.3,0.333333,4.558,-4.558,0
Ag,POSCAR_Mn2Se2_1_y025,1.9783,0.381,18,0.151874,0,-0.3,0.333333,4.577,-4.577,0
Ag,POSCAR_Mn2Se2_1_y050,1.8698,0.391,18,0.148647,0.1,-0.4,0.166667,4.584,-4.584,0
Ag,POSCAR_Mn2Se2_1_y950,2.7629,0.486,18,0.242018,-0.3,-0.1,0.333333,4.546,-4.546,0
Ag,POSCAR_Mn2Se2_1_y975,2.4463,0.352,18,0.179805,-0.3,0,0.333333,4.558,-4.558,0
Ag,POSCAR_Mn2Se2_1_z025,2.0527,0.322,18,0.160485,0,-0.3,0.333333,4.581,-4.581,0
Ag,POSCAR_Mn2Se2_1_z050,1.8613,0.347,18,0.158003,0,-0.3,0.333333,4.593,-4.593,0
Ag,POSCAR_Mn2Se2_1_z950,2.4963,0.25,18,0.161759,0,-0.3,0.166667,4.534,-4.534,0
Ag,POSCAR_Mn2Se2_1_z975,2.3594,0.268,18,0.152707,0,-0.3,0.166667,4.552,-4.552,0
Ag,POSCAR_Mn2Se2_2_x025,4.2589,1.47,18,0.891434,0.363636,0,0.285714,4.535,-4.535,0
Ag,POSCAR_Mn2Se2_2_x050,4.0299,1.393,18,0.855656,0.363636,0,0.285714,4.546,-4.546,0
Ag,POSCAR_Mn2Se2_2_x950,5.3866,1.64,18,0.888547,0.272727,-0.272727,0.285714,4.492,-4.492,0
Ag,POSCAR_Mn2Se2_2_x975,4.9789,1.464,18,1.052786,0,-0.363636,0.285714,4.508,-4.509,0
Ag,POSCAR_Mn2Se2_2_y025,4.2595,1.524,18,0.893912,0,-0.363636,0.285714,4.535,-4.535,0
Ag,POSCAR_Mn2Se2_2_y050,4.0306,1.512,18,0.856305,0,-0.363636,0.285714,4.546,-4.546,0
Ag,POSCAR_Mn2Se2_2_y950,5.3857,1.481,18,0.889027,-0.272727,0.272727,0.285714,4.492,-4.492,0
Ag,POSCAR_Mn2Se2_2_y975,4.9779,1.397,18,1.052282,0.363636,0,0.285714,4.508,-4.509,0
Ag,POSCAR_Mn2Se2_2_z025,4.3891,1.489,18,0.925731,0,-0.363636,0.285714,4.537,-4.537,0
Ag,POSCAR_Mn2Se2_2_z050,4.1009,1.62,18,0.900524,-0.363636,0.363636,0.285714,4.55,-4.55,0
Ag,POSCAR_Mn2Se2_2_z950,5.0564,1.43,18,0.838312,0.090909,-0.363636,0.285714,4.488,-4.488,0
Ag,POSCAR_Mn2Se2_2_z975,4.7874,1.786,18,0.84266,0,-0.363636,0.285714,4.506,-4.506,0
Ag,POSCAR_Mn2Se2_3_x025,3.6284,1.467,18,0.72059,0,-0.4,0.285714,4.545,-4.545,0
Ag,POSCAR_Mn2Se2_3_x050,3.3776,1.192,18,0.720459,0,0.4,0.285714,4.558,-4.558,0
Ag,POSCAR_Mn2Se2_3_x950,4.6738,1.652,19,0.696602,-0.363636,0.4,0.285714,4.496,-4.496,0
Ag,POSCAR_Mn2Se2_3_x975,4.3522,1.428,19,0.65806,-0.363636,0.4,0.285714,4.515,-4.515,0
Ag,POSCAR_Mn2Se2_3_y025,3.7175,1.421,19,0.619431,-0.363636,0.4,0.285714,4.541,-4.541,0
Ag,POSCAR_Mn2Se2_3_y050,3.5351,1.299,19,0.614925,-0.363636,0.4,0.285714,4.55,-4.55,0
Ag,POSCAR_Mn2Se2_3_y950,4.3372,1.292,18,0.795893,0,-0.4,0.285714,4.507,-4.508,0
Ag,POSCAR_Mn2Se2_3_y975,4.1106,1.404,18,0.734165,0.090909,0.3,0.285714,4.52,-4.52,0
Ag,POSCAR_Mn2Se2_3_z025,3.832,1.346,19,0.563233,-0.363636,0.4,0.285714,4.546,-4.546,0
Ag,POSCAR_Mn2Se2_3_z050,3.5476,1.238,19,0.503862,-0.363636,0.4,0.285714,4.559,-4.559,0
Ag,POSCAR_Mn2Se2_3_z950,4.4412,1.226,18,0.878258,0,0.4,0.285714,4.496,-4.496,0
Ag,POSCAR_Mn2Se2_3_z975,4.1835,1.236,18,0.750771,0.090909,-0.4,0.285714,4.515,-4.515,0
Ag,POSCAR_Mn2Se4_1_x025,4.0278,0.503,25,0.429056,0.2,-0.125,0.285714,4.541,-4.541,0
Ag,POSCAR_Mn2Se4_1_x050,3.7765,0.865,25,0.420021,0.2,-0.125,0.285714,4.555,-4.555,0
Ag,POSCAR_Mn2Se4_1_x950,4.7777,0.401,25,0.436283,0.2,-0.125,0.285714,4.489,-4.489,0
Ag,POSCAR_Mn2Se4_1_x975,4.5305,0.417,25,0.435457,0.2,-0.125,0.285714,4.509,-4.509,0
Ag,POSCAR_Mn2Se4_1_y025,3.951,0.492,25,0.434736,0.2,-0.125,0.285714,4.537,-4.537,0
Ag,POSCAR_Mn2Se4_1_y050,3.642,0.62,25,0.428954,0.2,-0.125,0.285714,4.546,-4.546,0
Ag,POSCAR_Mn2Se4_1_y950,4.9021,0.48,24,0.475777,0.3,0.375,0.428571,4.502,-4.502,0
Ag,POSCAR_Mn2Se4_1_y975,4.5723,0.487,25,0.428592,0.2,-0.125,0.285714,4.515,-4.515,0
Ag,POSCAR_Mn2Se4_1_z025,4.0508,0.502,24,0.393701,0.3,0.375,0.428571,4.541,-4.541,0
Ag,POSCAR_Mn2Se4_1_z050,3.835,0.514,24,0.417475,0.3,0.375,0.428571,4.554,-4.554,0
Ag,POSCAR_Mn2Se4_1_z950,4.7113,0.484,25,0.511353,0.2,-0.125,0.285714,4.49,-4.489,0
Ag,POSCAR_Mn2Se4_1_z975,4.4806,0.5,25,0.480513,0.2,-0.125,0.285714,4.509,-4.509,0
Ag,POSCAR_Mn2Sn3_1_x025,6.7101,3.566,33,0.020608,0.333333,0.333333,0,4.422,-4.42,0.002
Ag,POSCAR_Mn2Sn3_1_x050,6.4449,3.556,33,0.018867,0.333333,0.333333,0,4.439,-4.437,0.003
Ag,POSCAR_Mn2Sn3_1_x950,7.524,3.605,34,0.021188,0.333333,0.333333,0,4.349,-4.348,-0.001
Ag,POSCAR_Mn2Sn3_1_x975,7.2352,4.019,33,0.023818,0.333333,0.333333,0,4.376,-4.373,0.005
Ag,POSCAR_Mn2Sn3_1_y025,6.7101,3.635,33,0.020612,0.333333,0.333333,0,4.422,-4.42,0.002
Ag,POSCAR_Mn2Sn3_1_y050,6.4448,3.485,33,0.018813,0.333333,0.333333,0,4.439,-4.437,0.003
Ag,POSCAR_Mn2Sn3_1_y950,7.5237,3.688,34,0.021099,0.333333,0.333333,0,4.349,-4.348,-0.001
Ag,POSCAR_Mn2Sn3_1_y975,7.235,3.919,33,0.023708,0.333333,0.333333,0,4.376,-4.373,0.005
Ag,POSCAR_Mn2Sn3_1_z025,6.6873,4.182,33,0.021315,0.333333,0.333333,0,4.431,-4.428,0.002
Ag,POSCAR_Mn2Sn3_1_z050,6.4459,3.977,33,0.01986,0.333333,0.333333,0,4.455,-4.453,0.001
Ag,POSCAR_Mn2Sn3_1_z950,7.5292,3.874,33,0.020445,0.333333,0.333333,0,4.33,-4.331,-0.003
Ag,POSCAR_Mn2Sn3_1_z975,7.2533,3.775,33,0.022518,0.333333,0.333333,0,4.368,-4.366,0.003
Ag,POSCAR_Mn2Te2_1_x025,5.7033,2.904,19,0.720659,0,0.3,0.285714,4.528,-4.529,0
Ag,POSCAR_Mn2Te2_1_x050,5.4928,2.715,19,0.710735,0.3,-0.3,0.285714,4.54,-4.541,0
Ag,POSCAR_Mn2Te2_1_x950,6.6895,2.846,18,0.936933,0,0.3,0.285714,4.482,-4.483,-0.001
Ag,POSCAR_Mn2Te2_1_x975,6.3091,2.873,18,0.801303,0,0.3,0.285714,4.499,-4.5,-0.001
Ag,POSCAR_Mn2Te2_1_y025,5.7027,2.902,19,0.721698,-0.3,0,0.285714,4.528,-4.529,0
Ag,POSCAR_Mn2Te2_1_y050,5.492,2.711,19,0.710821,0.3,-0.3,0.285714,4.54,-4.541,0
Ag,POSCAR_Mn2Te2_1_y950,6.6906,2.848,18,0.93675,-0.3,0,0.285714,4.482,-4.483,-0.001
Ag,POSCAR_Mn2Te2_1_y975,6.3096,2.875,18,0.799947,-0.3,0,0.285714,4.499,-4.5,-0.001
Ag,POSCAR_Mn2Te2_1_z025,5.6513,3.119,18,0.67557,0.3,-0.3,0.285714,4.53,-4.531,-0.001
Ag,POSCAR_Mn2Te2_1_z050,5.2692,3.423,18,0.725824,0.3,0,0.285714,4.544,-4.545,0
Ag,POSCAR_Mn2Te2_1_z950,6.8445,2.596,19,0.955288,-0.3,0,0.285714,4.477,-4.478,-0.001
Ag,POSCAR_Mn2Te2_1_z975,6.3467,2.745,19,0.803063,-0.3,0,0.285714,4.497,-4.498,-0.001
Ag,POSCAR_Mn2Te3_1_x025,4.79,1.764,21,0.024903,-0.4,0,0.4,4.474,-4.477,-0.006
Ag,POSCAR_Mn2Te3_1_x050,4.5249,2.133,20,0.022641,0.1,0.2,0,4.489,-4.491,-0.001
Ag,POSCAR_Mn2Te3_1_x950,5.6408,1.768,21,0.024438,0,-0.4,0.4,4.42,-4.421,0.001
Ag,POSCAR_Mn2Te3_1_x975,5.3402,1.621,21,0.024909,0,-0.4,0.4,4.44,-4.442,-0.003
Ag,POSCAR_Mn2Te3_1_y025,4.7904,1.778,21,0.024508,0,-0.4,0.4,4.474,-4.477,-0.006
Ag,POSCAR_Mn2Te3_1_y050,4.5255,2.067,20,0.022783,0.2,0.1,0,4.489,-4.491,-0.001
Ag,POSCAR_Mn2Te3_1_y950,5.6401,1.794,21,0.024819,-0.4,0,0.4,4.42,-4.421,0.001
Ag,POSCAR_Mn2Te3_1_y975,5.3399,1.618,21,0.025373,-0.4,0,0.4,4.44,-4.442,-0.003
Ag,POSCAR_Mn2Te3_1_z025,4.7957,1.55,22,0.024754,0.3,0.3,0.4,4.479,-4.481,-0.004
Ag,POSCAR_Mn2Te3_1_z050,4.5419,2.226,22,0.024178,0.3,0.3,0.4,4.496,-4.498,-0.007
Ag,POSCAR_Mn2Te3_1_z975,5.3559,1.723,21,0.025602,-0.4,0,0.4,4.432,-4.433,-0.001
Ag,POSCAR_Mn2Te4_1_x025,5.4688,0.326,23,0.395198,0.222222,-0.142857,0.333333,4.53,-4.53,0
Ag,POSCAR_Mn2Te4_1_x050,5.1971,0.32,23,0.40939,-0.222222,0.142857,0.333333,4.545,-4.545,0
Ag,POSCAR_Mn2Te4_1_x950,6.256,0.251,23,0.458795,0,0.142857,0.333333,4.471,-4.471,0
Ag,POSCAR_Mn2Te4_1_x975,5.9828,0.292,23,0.422493,0.111111,0.142857,0.333333,4.495,-4.495,0
Ag,POSCAR_Mn2Te4_1_y025,5.4017,0.306,23,0.393297,0.111111,0.142857,0.333333,4.526,-4.526,0
Ag,POSCAR_Mn2Te4_1_y050,5.0858,0.305,23,0.386326,0.111111,0.142857,0.333333,4.536,-4.536,0
Ag,POSCAR_Mn2Te4_1_y950,6.3584,0.275,24,0.375161,0.222222,-0.428571,0.333333,4.486,-4.486,0
Ag,POSCAR_Mn2Te4_1_y975,6.0277,0.267,23,0.404514,-0.111111,0.142857,0.333333,4.5,-4.5,0
Ag,POSCAR_Mn2Te4_1_z025,5.4624,0.255,23,0.435286,0.111111,0.142857,0.333333,4.53,-4.53,0
Ag,POSCAR_Mn2Te4_1_z050,5.2123,0.234,23,0.449525,0.111111,0.142857,0.333333,4.544,-4.544,0
Ag,POSCAR_Mn2Te4_1_z950,6.2351,0.286,24,0.280623,-0.333333,0.142857,0.333333,4.474,-4.474,0
Ag,POSCAR_Mn2Te4_1_z975,5.9693,0.296,23,0.344643,-0.111111,0.142857,0.333333,4.495,-4.495,0
Ag,POSCAR_Mn2Te8_1_x025,5.4857,0.747,37,0.398912,-0.166667,0.333333,0.428571,4.497,-4.496,0
Ag,POSCAR_Mn2Te8_1_x050,5.2219,0.796,37,0.355818,0.166667,0.333333,0.428571,4.512,-4.512,-0.001
Ag,POSCAR_Mn2Te8_1_x950,6.3343,0.919,37,0.474472,0.166667,0.333333,0.428571,4.432,-4.432,0.003
Ag,POSCAR_Mn2Te8_1_x975,6.0425,1.085,37,0.457138,-0.166667,0.333333,0.428571,4.458,-4.458,0.005
Ag,POSCAR_Mn2Te8_1_y025,5.4644,0.801,37,0.401971,-0.166667,0.333333,0.428571,4.494,-4.494,0.003
Ag,POSCAR_Mn2Te8_1_y050,5.1969,0.804,37,0.409631,0.166667,0.333333,0,4.508,-4.508,-0.001
Ag,POSCAR_Mn2Te8_1_y950,6.3493,1.016,37,0.42839,0.166667,0.333333,0.428571,4.441,-4.441,0.001
Ag,POSCAR_Mn2Te8_1_y975,6.0447,0.943,37,0.442316,0.166667,0.333333,0.428571,4.461,-4.461,0.002
Ag,POSCAR_Mn2Te8_1_z025,5.4346,0.824,37,0.421302,-0.166667,0.333333,0.428571,4.498,-4.497,0.003
Ag,POSCAR_Mn2Te8_1_z050,5.1206,0.752,37,0.384184,-0.166667,0.333333,0.428571,4.516,-4.515,0.002
Ag,POSCAR_Mn2Te8_1_z950,6.4475,0.98,37,0.413174,-0.166667,0.333333,0.428571,4.436,-4.436,-0.002
Ag,POSCAR_Mn2Te8_1_z975,6.0898,1.103,37,0.419145,-0.166667,0.333333,0.428571,4.457,-4.457,-0.004
Ag,POSCAR_Mn2Te8_2_x025,4.9645,1.816,28,0.011947,-0.285714,0,0.166667,4.492,-4.493,0
Ag,POSCAR_Mn2Te8_2_x050,4.7093,1.655,30,0.011119,0,0.428571,0,4.505,-4.506,-0.002
Ag,POSCAR_Mn2Te8_2_x950,5.8185,1.887,35,0.013089,0.428571,0.285714,0.333333,4.448,-4.448,-0.002
Ag,POSCAR_Mn2Te8_2_x975,5.5169,1.613,28,0.012938,0,-0.285714,0.166667,4.463,-4.464,-0.002
Ag,POSCAR_Mn2Te8_2_y025,4.9647,1.893,28,0.012666,0,-0.285714,0.166667,4.492,-4.493,-0.002
Ag,POSCAR_Mn2Te8_2_y050,4.7091,1.818,28,0.012101,0,-0.285714,0.166667,4.506,-4.506,0
Ag,POSCAR_Mn2Te8_2_y950,5.8182,2.079,30,0.011969,-0.285714,0,0.166667,4.448,-4.448,0
Ag,POSCAR_Mn2Te8_2_y975,5.5167,1.699,28,0.012379,-0.285714,0,0.166667,4.464,-4.464,0
Ag,POSCAR_Mn2Te8_2_z025,4.9438,0.384,28,0.011019,0,-0.285714,0.166667,4.503,-4.503,-0.001
Ag,POSCAR_Mn2Te8_2_z050,4.6776,0.43,30,0.009484,0,-0.285714,0.166667,4.525,-4.525,-0.001
Ag,POSCAR_Mn2Te8_2_z950,5.8394,0.352,35,0.011532,0.428571,0.285714,0.333333,4.421,-4.422,0
Ag,POSCAR_Mn2Te8_2_z975,5.5418,0.353,35,0.01167,0.428571,0.285714,0.333333,4.451,-4.451,-0.002
Ag,POSCAR_Mn2Te8_3_x025,5.0943,6.325,35,0.271849,-0.333333,0.5,0.166667,4.454,-4.454,-0.004
Ag,POSCAR_Mn2Te8_3_x050,4.8307,10.619,34,0.274273,0.5,0.166667,0.333333,4.47,-4.469,-0.009
Ag,POSCAR_Mn2Te8_3_x975,5.6711,6.974,35,0.297484,0.5,0.333333,0.333333,4.416,-4.418,-0.008
Ag,POSCAR_Mn2Te8_3_y025,5.1069,6.69,35,0.279321,0.5,0.333333,0.333333,4.454,-4.454,0
Ag,POSCAR_Mn2Te8_3_z025,5.0885,5.75,35,0.244778,0.5,0.333333,0.333333,4.458,-4.46,-0.005
Ag,POSCAR_Mn2Te8_3_z950,6.0077,15.48,34,0.366584,0.166667,0.5,0,4.386,-4.382,0.002
Ag,POSCAR_Mn2Te8_3_z975,5.6812,5.02,34,0.297031,0.166667,0.5,0,4.413,-4.41,0.009
Ag,POSCAR_Mn2Tl13_1_x025,5.2888,3.591,97,0.01952,-0.428571,-0.2,0.2,4.544,-4.544,-0.003
Ag,POSCAR_Mn2Tl13_1_x950,5.982,3.788,94,0.023612,0,0.4,0.2,4.479,-4.476,0.01
Ag,POSCAR_Mn2Tl13_1_x975,5.743,3.707,97,0.020524,-0.428571,-0.2,0.2,4.502,-4.501,0.002
Ag,POSCAR_Mn2Tl13_1_y025,5.2851,3.591,97,0.018102,-0.428571,-0.2,0.2,4.54,-4.539,0.002
Ag,POSCAR_Mn2Tl13_1_y050,5.0693,2.672,94,0.016684,0.428571,0,0,4.553,-4.552,0.004
Ag,POSCAR_Mn2Tl13_1_y950,5.9727,3.99,97,0.02205,-0.428571,-0.2,0.2,4.489,-4.487,0.009
Ag,POSCAR_Mn2Tl13_1_y975,5.7446,3.897,97,0.020976,-0.428571,-0.2,0.2,4.507,-4.507,0
Ag,POSCAR_Mn2Tl13_1_z025,5.2812,3.3,97,0.019277,-0.428571,-0.2,0.2,4.541,-4.54,0.002
Ag,POSCAR_Mn2Tl13_1_z050,5.068,3.125,97,0.018998,-0.428571,-0.2,0.2,4.556,-4.554,0.009
Ag,POSCAR_Mn2Tl13_1_z950,5.994,3.461,97,0.021443,-0.428571,-0.2,0.2,4.488,-4.487,-0.001
Ag,POSCAR_Mn2Tl13_1_z975,5.7398,3.794,97,0.021036,-0.428571,-0.2,0.2,4.506,-4.505,-0.001
Ag,POSCAR_Mo2N2_2_x025,10.7993,0.356,19,0.756857,0.307692,0,0.375,2.155,-2.155,0
Ag,POSCAR_Mo2N2_2_x050,10.4635,0.505,19,0.759437,0,-0.307692,0.25,2.23,-2.23,0
Ag,POSCAR_Mo2N2_2_x950,12.2062,0.204,19,0.797902,0.153846,0.307692,0.25,1.338,-1.338,0
Ag,POSCAR_Mo2N2_2_y025,10.8012,0.369,19,0.756629,0,-0.307692,0.375,2.155,-2.155,0
Ag,POSCAR_Mo2N2_2_y050,10.4774,0.486,19,0.759736,0.307692,0,0.25,2.231,-2.231,0
Ag,POSCAR_Mo2N2_2_y950,12.2076,0.478,19,0.804037,0.307692,0.153846,0.25,1.335,-1.335,0
Ag,POSCAR_Mo2N2_2_z975,11.691,3.736,19,0.599695,0.230769,0,0.25,1.564,-1.568,-0.004
Ag,POSCAR_Mo2N2_4_x025,9.3423,0.779,19,0.299043,0.230769,0,0.285714,1.712,-1.712,0
Ag,POSCAR_Mo2N2_4_x050,9.0581,1.143,19,0.286123,0.230769,0,0.285714,1.764,-1.763,0.001
Ag,POSCAR_Mo2N2_4_x950,10.265,1.02,19,0.373207,0,-0.230769,0.285714,1.526,-1.527,-0.001
Ag,POSCAR_Mo2N2_4_x975,9.9523,0.872,19,0.342742,0,-0.230769,0.285714,1.581,-1.582,0
Ag,POSCAR_Mo2N2_4_y025,9.3421,0.705,19,0.29575,0,-0.230769,0.285714,1.712,-1.713,0
Ag,POSCAR_Mo2N2_4_y050,9.0585,1.086,19,0.284022,0,-0.230769,0.285714,1.764,-1.763,0
Ag,POSCAR_Mo2N2_4_y950,10.2652,1.089,19,0.375913,0.230769,0,0.285714,1.528,-1.527,0.001
Ag,POSCAR_Mo2N2_4_y975,9.9528,1.058,19,0.347447,0.230769,0,0.285714,1.582,-1.583,-0.002
Ag,POSCAR_Mo2N2_4_z025,9.3096,0.937,19,0.28572,0.230769,-0.230769,0.285714,1.752,-1.752,0
Ag,POSCAR_Mo2N2_4_z050,8.9871,0.926,19,0.257576,0.230769,-0.230769,0.285714,1.832,-1.832,0
Ag,POSCAR_Mo2N2_4_z950,10.3728,1.057,19,0.397349,0,-0.307692,0.428571,1.468,-1.467,0.001
Ag,POSCAR_Mo2N2_4_z975,9.9725,0.959,19,0.351974,0,-0.307692,0.428571,1.573,-1.572,0.001
Ag,POSCAR_Mo2O3_1_x025,6.9856,1.363,22,1.452999,0,0.5,0,2.409,-2.409,0
Ag,POSCAR_Mo2O3_1_x050,6.569,1.278,22,1.456187,0,0.5,0,2.415,-2.415,0
Ag,POSCAR_Mo2O3_1_x950,8.303,1.452,22,1.400024,0,0.5,0,2.381,-2.382,0
Ag,POSCAR_Mo2O3_1_x975,7.7684,1.491,22,1.426924,0,0.5,0,2.393,-2.393,0
Ag,POSCAR_Mo2O3_1_y025,7.2715,57.717,22,1.262532,0,0,0.5,2.436,-2.434,-0.001
Ag,POSCAR_Mo2O3_1_y050,6.8945,105.407,22,1.203178,0.076923,0,0.5,2.467,-2.462,-0.001
Ag,POSCAR_Mo2O3_1_y950,8.409,107.687,22,1.240291,0.153846,0.5,0,2.324,-2.329,0.001
Ag,POSCAR_Mo2O3_1_y975,7.9412,58.193,22,1.25284,0,0.5,0.1,2.365,-2.367,0.001
Ag,POSCAR_Mo2O3_1_z025,7.2728,60.575,22,1.267585,0,0.5,0,2.434,-2.436,0.001
Ag,POSCAR_Mo2O3_1_z050,6.8958,107.839,22,1.209549,0.076923,0.5,0,2.462,-2.467,0.002
Ag,POSCAR_Mo2O3_1_z950,8.4082,105.679,22,1.233017,0.153846,0,0.5,2.329,-2.325,-0.001
Ag,POSCAR_Mo2O3_1_z975,7.9254,55.518,22,1.245444,0,0.1,0.5,2.367,-2.365,-0.001
Ag,POSCAR_Mo2O4_2_x025,5.8967,0.405,26,0.681421,0.307692,0.111111,0.222222,1.778,-1.778,0
Ag,POSCAR_Mo2O4_2_x050,5.6525,0.388,26,0.613316,0.307692,0.111111,0.222222,1.79,-1.79,0
Ag,POSCAR_Mo2O4_2_x950,6.9743,0.427,26,0.746447,0.307692,0.222222,0.222222,1.736,-1.736,0
Ag,POSCAR_Mo2O4_2_x975,6.5011,0.423,26,0.749344,0.307692,0.111111,0.222222,1.752,-1.752,0
Ag,POSCAR_Mo2O4_2_y025,5.9642,0.366,26,0.705532,0.307692,0.111111,0.222222,1.779,-1.779,0
Ag,POSCAR_Mo2O4_2_y050,5.4036,0.329,26,0.671588,0.307692,0.111111,0.222222,1.792,-1.792,0
Ag,POSCAR_Mo2O4_2_y950,7.0368,0.412,26,0.773406,0.307692,0.111111,0.222222,1.738,-1.738,0
Ag,POSCAR_Mo2O4_2_y975,6.5925,0.422,26,0.753762,0.307692,0.111111,0.222222,1.752,-1.752,0
Ag,POSCAR_Mo2O4_2_z025,5.7949,0.407,26,0.722261,0.307692,0.111111,0.222222,1.779,-1.779,0
Ag,POSCAR_Mo2O4_2_z050,5.5609,0.421,26,0.699674,0.307692,0.111111,0.222222,1.792,-1.792,0
Ag,POSCAR_Mo2O4_2_z950,7.0569,0.362,26,0.722865,0.307692,0.111111,0.222222,1.739,-1.739,0
Ag,POSCAR_Mo2O4_2_z975,6.6008,0.387,26,0.731223,0.307692,0.111111,0.222222,1.753,-1.753,0
Ag,POSCAR_Mo2P4_4_x050,8.4042,0.886,23,0.349607,0.4,0.125,0.285714,1.775,-1.772,0.003
Ag,POSCAR_Mo2P4_4_x950,9.585,0.215,24,0.392774,-0.2,-0.25,0.285714,0.71,-0.71,0
Ag,POSCAR_Mo2P4_4_x975,9.1807,0.363,23,0.455044,-0.466667,-0.25,0.285714,1.121,-1.122,-0.001
Ag,POSCAR_Mo2P4_4_y025,8.6134,0.322,23,0.440591,-0.4,-0.125,0.285714,1.373,-1.373,0
Ag,POSCAR_Mo2P4_4_y050,8.3655,0.239,23,0.432413,-0.466667,-0.25,0.285714,1.001,-1.002,0
Ag,POSCAR_Mo2P4_4_y950,9.4375,0.728,23,0.507009,0.466667,-0.25,0.285714,1.141,-1.143,-0.002
Ag,POSCAR_Mo2P4_4_y975,9.1857,0.357,23,0.491332,0.466667,0.25,0.285714,1.199,-1.198,0.001
Ag,POSCAR_Mo2P4_4_z025,8.6469,0.309,23,0.473236,0.466667,-0.25,0.285714,1.357,-1.358,-0.001
Ag,POSCAR_Mo2P4_4_z050,8.3806,0.402,23,0.477571,-0.466667,-0.375,0.285714,1.412,-1.413,-0.001
Ag,POSCAR_Mo2P4_4_z975,9.1943,0.286,23,0.481543,-0.466667,-0.25,0.285714,1.227,-1.227,0
Ag,POSCAR_Mo2P8_1_x025,8.4327,0.118,31,0.190387,0,0.142857,0.285714,1.447,-1.447,0
Ag,POSCAR_Mo2P8_1_x050,8.2387,0.479,34,0.306738,0.222222,-0.428571,0.142857,1.612,-1.614,-0.002
Ag,POSCAR_Mo2P8_1_x950,9.4366,0.072,33,0.21123,0.333333,0.142857,0.285714,0.948,-0.949,0
Ag,POSCAR_Mo2P8_1_x975,9.0774,0.087,33,0.192415,0,0.285714,0.142857,1.101,-1.101,0
Ag,POSCAR_Mo2P8_1_y025,8.4038,2.882,34,0.202691,0.111111,0.285714,0.142857,1.335,-1.344,-0.008
Ag,POSCAR_Mo2P8_1_y975,9.0514,1.695,33,0.214951,0.333333,0.142857,0.285714,1.197,-1.199,0.002
Ag,POSCAR_Mo2P8_1_z025,8.4039,2.789,34,0.201631,0.111111,0.142857,0.285714,1.344,-1.335,0.007
Ag,POSCAR_Mo2P8_1_z975,9.0515,1.614,33,0.214249,-0.333333,0.285714,0.142857,1.198,-1.198,-0.002
Ag,POSCAR_Mo2Sb2_2_x025,8.461,0.192,19,1.208829,0,0.3,0.285714,2.78,-2.781,0
Ag,POSCAR_Mo2Sb2_2_x050,8.1653,0.177,19,1.197117,-0.3,0.3,0.285714,2.826,-2.826,0
Ag,POSCAR_Mo2Sb2_2_x950,9.4229,0.206,19,1.263536,-0.3,0.3,0.285714,2.626,-2.626,0
Ag,POSCAR_Mo2Sb2_2_x975,9.0854,0.329,19,1.236153,0.3,-0.3,0.285714,2.682,-2.683,-0.001
Ag,POSCAR_Mo2Sb2_2_y025,8.4392,0.204,19,1.261591,0,0.2,0.142857,2.781,-2.781,0
Ag,POSCAR_Mo2Sb2_2_y050,8.1506,0.207,19,1.210688,0.2,-0.2,0.142857,2.826,-2.826,0
Ag,POSCAR_Mo2Sb2_2_y950,9.4289,0.373,19,1.278745,0,0.3,0.285714,2.624,-2.625,-0.001
Ag,POSCAR_Mo2Sb2_2_y975,9.0909,0.204,19,1.245622,0,0.3,0.285714,2.681,-2.682,0
Ag,POSCAR_Mo2Sb2_2_z025,8.4992,0.281,19,1.198107,0.3,-0.3,0.285714,2.794,-2.795,-0.001
Ag,POSCAR_Mo2Sb2_2_z050,8.2216,0.58,19,1.169259,0.3,-0.3,0.285714,2.849,-2.851,-0.002
Ag,POSCAR_Mo2Sb2_2_z950,9.318,0.193,19,1.270415,-0.2,0,0.142857,2.587,-2.588,0
Ag,POSCAR_Mo2Sb2_2_z975,9.0326,0.191,19,1.255148,-0.2,0,0.142857,2.664,-2.664,0
Ag,POSCAR_Mo2Se2_1_x025,5.4104,29.95,20,0.846514,0.333333,0,0.5,3.292,-3.286,0.004
Ag,POSCAR_Mo2Se2_1_x050,5.0848,60.912,20,0.805014,0.333333,0,0.5,3.311,-3.299,0.008
Ag,POSCAR_Mo2Se2_1_x950,6.5209,60.271,20,1.040962,0.333333,0,0.5,3.224,-3.234,-0.006
Ag,POSCAR_Mo2Se2_1_x975,6.1405,29.815,20,0.96048,0.333333,0,0.5,3.249,-3.254,-0.003
Ag,POSCAR_Mo2Se2_1_y025,5.5801,28.888,20,0.869523,0.333333,0,0.5,3.29,-3.295,-0.003
Ag,POSCAR_Mo2Se2_1_y050,5.2051,56.069,20,0.835955,0.333333,0,0.5,3.306,-3.317,-0.007
Ag,POSCAR_Mo2Se2_1_y950,6.393,62.67,20,0.904862,0.333333,0,0.5,3.228,-3.217,0.007
Ag,POSCAR_Mo2Se2_1_y975,5.9394,30.444,20,0.911622,0.333333,0,0.5,3.251,-3.246,0.004
Ag,POSCAR_Mo2Se2_1_z025,5.3891,1.35,20,0.885288,0.333333,0,0.5,3.308,-3.308,0
Ag,POSCAR_Mo2Se2_1_z050,5.2635,1.382,20,0.859288,0.333333,0,0.5,3.34,-3.34,0
Ag,POSCAR_Mo2Se2_1_z950,6.2997,1.252,20,0.874903,0.333333,0,0.5,3.186,-3.186,0
Ag,POSCAR_Mo2Se2_1_z975,6.1313,1.31,20,0.8931,0.333333,0,0.5,3.231,-3.231,0
Ag,POSCAR_Mo2Sn4_1_x025,9.1735,0.389,42,0.005779,-0.25,0.25,0.25,1.932,-1.932,-0.001
Ag,POSCAR_Mo2Sn4_1_x050,8.8798,0.381,41,0.005198,-0.125,0.125,0.125,2.191,-2.19,0.001
Ag,POSCAR_Mo2Sn4_1_x950,10.1371,1.268,43,0.013418,0,0.125,0,0.702,-0.694,0.008
Ag,POSCAR_Mo2Sn4_1_y050,8.8999,0.169,42,0.005108,-0.25,-0.25,0.25,2.138,-2.137,0.001
Ag,POSCAR_Mo2Sn4_1_y950,10.1275,0.213,42,0.004465,-0.25,-0.25,0.25,0.887,-0.886,0.002
Ag,POSCAR_Mo2Sn4_1_z025,9.1741,0.313,42,0.005554,-0.25,-0.25,0.25,1.932,-1.932,0
Ag,POSCAR_Mo2Sn4_1_z050,8.8802,0.459,41,0.005669,-0.125,-0.125,0.125,2.189,-2.187,0.001
Ag,POSCAR_Mo2Sn4_1_z950,10.1479,4.078,43,0.056348,-0.25,0,0.25,0.749,-0.736,0.01
Ag,POSCAR_Mo2Sn4_1_z975,9.8202,0.342,42,0.005089,-0.25,-0.25,0.25,1.072,-1.071,0.001
Ag,POSCAR_Mo2Sn5_1_x025,8.3336,2.006,49,0.012221,0.5,0,0,2.625,-2.621,0.004
Ag,POSCAR_Mo2Sn5_1_x050,8.0843,1.819,49,0.011792,0.5,0,0,2.773,-2.771,0.001
Ag,POSCAR_Mo2Sn5_1_x975,8.876,2.09,49,0.012622,0.5,0,0,2.259,-2.254,0.005
Ag,POSCAR_Mo2Sn5_1_y025,8.3072,2.129,49,0.01221,0.5,0,0,2.59,-2.585,0.005
Ag,POSCAR_Mo2Sn5_1_y050,8.0435,2.304,49,0.012392,0.5,0,0,2.72,-2.713,0.008
Ag,POSCAR_Mo2Sn5_1_y975,8.9103,2.304,49,0.01409,0.5,0,0,2.318,-2.311,0.008
Ag,POSCAR_Mo2Sn5_1_z025,8.3325,2.601,49,0.015329,0.5,0,0,2.545,-2.536,0.01
Ag,POSCAR_Mo2Sn5_1_z050,8.0678,2.043,49,0.013093,0.5,0,0,2.648,-2.644,0.004
Ag,POSCAR_Mo2Sn5_1_z975,8.8853,2.597,49,0.015244,0.5,0,0,2.356,-2.346,0.01
Ag,POSCAR_Mo2Te2_1_x025,6.5391,24.398,20,0.887859,0.333333,-0.3,0.333333,3.313,-3.32,-0.004
Ag,POSCAR_Mo2Te2_1_x050,6.2867,49.532,20,0.856421,0.333333,-0.3,0.333333,3.33,-3.344,-0.008
Ag,POSCAR_Mo2Te2_1_x950,7.824,49.165,20,1.03535,0.333333,0,0.333333,3.244,-3.233,0.006
Ag,POSCAR_Mo2Te2_1_x975,7.5,28.366,20,0.93072,0.333333,0,0.333333,3.271,-3.265,0.003
Ag,POSCAR_Mo2Te2_1_y025,6.5982,27.492,20,0.882439,0.333333,-0.3,0.333333,3.321,-3.315,0.004
Ag,POSCAR_Mo2Te2_1_y050,6.5178,51.52,20,0.883991,0.333333,0,0.333333,3.348,-3.335,0.008
Ag,POSCAR_Mo2Te2_1_y950,7.6868,53.192,20,0.964784,0.333333,-0.3,0.333333,3.233,-3.245,-0.007
Ag,POSCAR_Mo2Te2_1_y975,7.2799,25.478,20,0.939419,0.333333,-0.3,0.333333,3.265,-3.271,-0.003
Ag,POSCAR_Mo2Te2_1_z025,6.7062,2.19,20,0.866522,0.333333,-0.3,0.333333,3.33,-3.33,0
Ag,POSCAR_Mo2Te2_1_z050,6.3523,2.167,20,0.813679,0.333333,-0.3,0.333333,3.363,-3.363,0
Ag,POSCAR_Mo2Te2_1_z950,7.6921,2.646,20,0.966295,0.333333,-0.3,0.333333,3.207,-3.207,0
Ag,POSCAR_Mo2Te2_1_z975,7.2776,2.468,20,0.946142,0.333333,-0.3,0.333333,3.253,-3.253,0
Ag,POSCAR_N2V2_1_x025,9.821,68.372,17,1.436214,0,0.333333,0.25,1.299,-1.317,0.003
Ag,POSCAR_N2V2_1_x050,9.4805,95.597,17,1.408954,0,0.333333,0.25,1.354,-1.391,0.007
Ag,POSCAR_N2V2_1_x950,11.0445,85.177,18,1.297197,0,0.466667,0,1.026,-0.997,0.002
Ag,POSCAR_N2V2_1_x975,10.6227,70.049,18,1.323023,0,-0.466667,0.375,1.151,-1.135,-0.001
Ag,POSCAR_N2V2_1_y025,9.777,68.863,17,1.469291,0.333333,0,0.375,1.318,-1.3,-0.003
Ag,POSCAR_N2V2_1_y050,9.4213,99.296,17,1.485277,0.266667,0,0.375,1.396,-1.356,-0.007
Ag,POSCAR_N2V2_1_y950,11.0431,84.972,18,1.335286,0.466667,0,0,0.997,-1.026,-0.002
Ag,POSCAR_N2V2_1_y975,10.6236,68.524,18,1.336495,0.466667,0,0,1.135,-1.151,0.001
Ag,POSCAR_N2V2_1_z025,9.9168,6.576,17,1.153033,0.066667,0.333333,0.25,1.32,-1.32,0
Ag,POSCAR_N2V2_1_z050,9.6307,13.387,17,1.11913,0.333333,-0.066667,0.375,1.395,-1.396,-0.001
Ag,POSCAR_N2V2_1_z950,10.9306,7.901,18,1.222391,-0.4,0,0.125,1.045,-1.044,0
Ag,POSCAR_N2V2_1_z975,10.5623,5.132,18,1.134111,-0.4,0,0.125,1.146,-1.145,0
Ag,POSCAR_N2V2_7_x025,6.7224,2.698,18,0.149414,-0.333333,0,0.222222,1.825,-1.825,0
Ag,POSCAR_N2V2_7_x050,6.5347,2.745,18,0.176155,-0.333333,0,0.222222,1.837,-1.837,0
Ag,POSCAR_N2V2_7_x950,7.8617,2.622,18,0.171011,0,0.333333,0.222222,1.778,-1.777,0.001
Ag,POSCAR_N2V2_7_x975,7.576,2.731,18,0.143762,0,0.333333,0.222222,1.795,-1.795,0
Ag,POSCAR_N2V2_7_y025,6.7226,2.733,18,0.150702,0,0.333333,0.222222,1.825,-1.825,0
Ag,POSCAR_N2V2_7_y050,6.5349,2.842,18,0.17773,0,0.333333,0.222222,1.837,-1.837,0
Ag,POSCAR_N2V2_7_y950,7.8615,2.343,18,0.169259,-0.333333,0,0.222222,1.778,-1.777,0.001
Ag,POSCAR_N2V2_7_y975,7.5751,2.63,18,0.142571,-0.333333,0,0.222222,1.795,-1.795,0
Ag,POSCAR_N2V2_7_z025,6.9527,2.772,17,0.09989,0,-0.25,0.222222,1.831,-1.831,0
Ag,POSCAR_N2V2_7_z050,6.6216,2.85,17,0.081571,0,-0.25,0.222222,1.849,-1.849,0
Ag,POSCAR_N2V2_7_z950,7.8121,2.669,18,0.18963,0,0.333333,0.222222,1.763,-1.763,0
Ag,POSCAR_N2V2_7_z975,7.4688,2.587,18,0.152506,0,0.333333,0.222222,1.788,-1.788,0
Ag,POSCAR_N4Nb2_4_x025,9.4864,0.17,22,0.298641,0.307692,-0.076923,0.333333,0.748,-0.748,0
Ag,POSCAR_N4Nb2_4_x050,9.2401,0.083,22,0.31756,0.307692,-0.076923,0.333333,0.77,-0.77,0
Ag,POSCAR_N4Nb2_4_x950,10.2606,0.102,24,0.330481,0,-0.307692,0.333333,0.456,-0.456,0
Ag,POSCAR_N4Nb2_4_x975,9.995,0.237,22,0.258821,0,-0.230769,0.166667,0.627,-0.627,0
Ag,POSCAR_N4Nb2_4_y025,9.4864,0.107,22,0.299383,0.076923,-0.307692,0.333333,0.748,-0.748,0
Ag,POSCAR_N4Nb2_4_y050,9.2402,0.097,22,0.318358,0.076923,-0.307692,0.333333,0.77,-0.77,0
Ag,POSCAR_N4Nb2_4_y950,10.2606,0.134,24,0.329706,0.307692,0,0.333333,0.456,-0.456,0
Ag,POSCAR_N4Nb2_4_y975,9.995,0.112,22,0.258611,0.230769,0,0.166667,0.627,-0.627,0
Ag,POSCAR_N4Nb2_4_z025,9.2506,0.842,22,0.214071,0.230769,-0.230769,0.333333,0.638,-0.638,0
Ag,POSCAR_N4Nb2_4_z050,8.7899,0.16,22,0.195665,0,-0.307692,0.166667,0.48,-0.48,0
Ag,POSCAR_N4Nb2_4_z950,10.7199,4.434,22,0.230358,0,-0.230769,0.166667,0.721,-0.721,0
Ag,POSCAR_N4Nb2_4_z975,10.2185,1.615,22,0.224973,0.230769,-0.230769,0.166667,0.729,-0.729,0
Ag,POSCAR_Nb2Se2_2_x025,6.8146,1.193,19,0.45016,0,0.3,0.285714,2.16,-2.161,-0.001
Ag,POSCAR_Nb2Se2_2_x050,6.6596,1.151,19,0.444516,0,0.3,0.285714,2.169,-2.17,-0.001
Ag,POSCAR_Nb2Se2_2_x950,7.9435,1.323,19,0.580014,-0.3,0,0.285714,2.111,-2.112,-0.001
Ag,POSCAR_Nb2Se2_2_x975,7.6519,1.259,19,0.52018,-0.3,0,0.285714,2.132,-2.133,-0.001
Ag,POSCAR_Nb2Se2_2_y025,6.9833,1.207,19,0.451367,-0.3,0,0.285714,2.16,-2.161,-0.001
Ag,POSCAR_Nb2Se2_2_y050,6.6474,1.174,19,0.44584,-0.3,0,0.285714,2.169,-2.17,-0.001
Ag,POSCAR_Nb2Se2_2_y950,7.9554,1.316,19,0.578925,0,0.3,0.285714,2.112,-2.112,-0.001
Ag,POSCAR_Nb2Se2_2_y975,7.6658,1.251,19,0.519049,0,0.3,0.285714,2.132,-2.133,-0.001
Ag,POSCAR_Nb2Se2_2_z025,7.0129,1.643,19,0.442399,0.3,-0.3,0.285714,2.209,-2.209,-0.001
Ag,POSCAR_Nb2Se2_2_z050,6.6276,1.584,19,0.420528,0.3,-0.3,0.285714,2.265,-2.265,-0.001
Ag,POSCAR_Nb2Se2_2_z950,7.8388,1.159,19,0.486074,0.3,-0.3,0.285714,2.007,-2.008,-0.001
Ag,POSCAR_Nb2Se2_2_z975,7.4678,1.147,19,0.47799,0.3,-0.3,0.285714,2.081,-2.081,-0.001
Ag,POSCAR_Nb2Te2_4_x025,7.8163,0.178,17,0.664511,0.222222,0,0.142857,2.069,-2.069,0
Ag,POSCAR_Nb2Te2_4_x050,7.4466,0.174,17,0.638597,0.222222,0,0.142857,2.082,-2.082,0
Ag,POSCAR_Nb2Te2_4_x950,8.954,0.191,19,0.68954,-0.222222,0,0.285714,2.02,-2.02,0
Ag,POSCAR_Nb2Te2_4_x975,8.5266,0.182,19,0.630268,-0.222222,0,0.142857,2.038,-2.038,0
Ag,POSCAR_Nb2Te2_4_y025,7.8204,0.178,17,0.665748,0,-0.222222,0.142857,2.069,-2.069,0
Ag,POSCAR_Nb2Te2_4_y050,7.4507,0.172,17,0.640583,0,-0.222222,0.142857,2.082,-2.082,0
Ag,POSCAR_Nb2Te2_4_y950,8.9482,0.196,19,0.690825,0,0.222222,0.285714,2.02,-2.02,0
Ag,POSCAR_Nb2Te2_4_y975,8.5093,0.183,19,0.630725,0,0.222222,0.142857,2.038,-2.038,0
Ag,POSCAR_Nb2Te2_4_z025,7.8098,0.194,19,0.591742,0,0.222222,0.142857,2.12,-2.12,0
Ag,POSCAR_Nb2Te2_4_z050,7.5152,0.236,19,0.565268,0,0.222222,0.142857,2.18,-2.18,0
Ag,POSCAR_Nb2Te2_4_z950,8.8236,0.163,19,0.627079,0.222222,-0.222222,0.142857,1.907,-1.907,0
Ag,POSCAR_Nb2Te2_4_z975,8.5307,0.206,19,0.621767,0,0.222222,0.142857,1.984,-1.984,0
Ag,POSCAR_Ni2O2_5_x025,6.016,0.494,15,0.670308,0,0.285714,0.222222,1.767,-1.767,0
Ag,POSCAR_Ni2O2_5_x050,5.8027,1.113,15,0.640898,0,0.357143,0.333333,1.771,-1.771,0
Ag,POSCAR_Ni2O2_5_x950,7.1035,0.742,15,0.718918,0.285714,0,0.222222,1.749,-1.749,0
Ag,POSCAR_Ni2O2_5_x975,6.7482,0.415,15,0.704648,0.285714,0,0.222222,1.756,-1.756,0
Ag,POSCAR_Ni2O2_5_y025,6.0156,0.437,15,0.670335,0.285714,0,0.222222,1.767,-1.767,0
Ag,POSCAR_Ni2O2_5_y050,5.8026,1.032,15,0.640825,0.357143,0,0.333333,1.771,-1.771,0
Ag,POSCAR_Ni2O2_5_y950,7.1036,0.762,15,0.71923,0,0.285714,0.222222,1.749,-1.749,0
Ag,POSCAR_Ni2O2_5_y975,6.7476,0.434,15,0.704988,0,0.285714,0.222222,1.756,-1.756,0
Ag,POSCAR_Ni2O2_5_z025,6.0982,0.389,15,0.647516,0.357143,0.357143,0.333333,1.766,-1.766,0
Ag,POSCAR_Ni2O2_5_z050,5.7756,0.373,15,0.504468,0,0.357143,0.333333,1.769,-1.769,0
Ag,POSCAR_Ni2O2_5_z950,6.8328,0.428,15,0.720425,0.285714,0.285714,0.222222,1.751,-1.751,0
Ag,POSCAR_Ni2O2_5_z975,6.5089,0.432,15,0.704549,0.285714,0.285714,0.222222,1.757,-1.757,0
Ag,POSCAR_Ni2O4_1_x025,5.3896,0.405,22,0.36699,0.357143,-0.090909,0.333333,1.785,-1.785,0
Ag,POSCAR_Ni2O4_1_x050,5.1228,0.417,22,0.377253,0.357143,-0.090909,0.333333,1.787,-1.788,0
Ag,POSCAR_Ni2O4_1_x950,6.4771,0.406,22,0.26499,-0.357143,-0.090909,0.222222,1.773,-1.773,0
Ag,POSCAR_Ni2O4_1_x975,6.065,0.399,22,0.320077,0.357143,-0.090909,0.333333,1.778,-1.778,0
Ag,POSCAR_Ni2O4_1_y025,5.386,0.413,22,0.399804,0.357143,0.090909,0.333333,1.786,-1.786,0
Ag,POSCAR_Ni2O4_1_y050,5.0322,0.443,22,0.414298,0.357143,0.090909,0.333333,1.789,-1.789,0
Ag,POSCAR_Ni2O4_1_y950,6.5686,0.383,22,0.206254,0.5,-0.090909,0.222222,1.772,-1.772,0
Ag,POSCAR_Ni2O4_1_y975,6.0827,0.387,22,0.27304,-0.357143,-0.090909,0.333333,1.777,-1.777,0
Ag,POSCAR_Ni2O4_1_z025,5.4928,0.426,22,0.243854,0.357143,-0.090909,0.333333,1.785,-1.785,0
Ag,POSCAR_Ni2O4_1_z050,5.1294,0.437,19,0.202171,0.142857,-0.363636,0.333333,1.788,-1.788,0
Ag,POSCAR_Ni2O4_1_z950,6.3438,0.407,22,0.507733,0.357143,0.090909,0.333333,1.774,-1.774,0
Ag,POSCAR_Ni2O4_1_z975,6.0879,0.395,22,0.446597,0.357143,0.090909,0.333333,1.778,-1.778,0
Ag,POSCAR_Ni2O4_2_x025,5.3384,0.577,22,0.356151,-0.357143,-0.090909,0.333333,1.786,-1.786,0
Ag,POSCAR_Ni2O4_2_x050,5.0729,0.596,22,0.36545,-0.357143,-0.090909,0.333333,1.788,-1.788,0
Ag,POSCAR_Ni2O4_2_x950,6.422,0.553,22,0.258231,-0.357143,-0.090909,0.222222,1.774,-1.774,0
Ag,POSCAR_Ni2O4_2_x975,6.0113,0.551,22,0.31081,-0.357143,-0.090909,0.333333,1.779,-1.779,0
Ag,POSCAR_Ni2O4_2_y025,5.3328,0.575,22,0.392305,-0.357143,0.090909,0.333333,1.786,-1.786,0
Ag,POSCAR_Ni2O4_2_y050,4.9786,0.616,22,0.409224,-0.357143,0.090909,0.333333,1.79,-1.79,0
Ag,POSCAR_Ni2O4_2_y950,6.5193,0.568,22,0.197409,0.5,0.090909,0.222222,1.772,-1.773,0
Ag,POSCAR_Ni2O4_2_y975,6.0318,0.556,22,0.262714,-0.357143,-0.090909,0.333333,1.778,-1.778,0
Ag,POSCAR_Ni2O4_2_z025,5.3258,0.624,22,0.25158,0.5,0.090909,0.333333,1.786,-1.786,0
Ag,POSCAR_Ni2O4_2_z050,5.0825,0.616,19,0.197509,-0.142857,-0.363636,0.333333,1.789,-1.789,0
Ag,POSCAR_Ni2O4_2_z950,6.2815,0.563,22,0.502922,-0.357143,0.090909,0.333333,1.775,-1.775,0
Ag,POSCAR_Ni2O4_2_z975,6.0321,0.546,22,0.438923,-0.357143,0.090909,0.333333,1.779,-1.779,0
Ag,POSCAR_Ni2P4_1_x025,8.8191,0.136,21,0.020287,-0.461539,-0.111111,0.375,0.004,-0.005,0
Ag,POSCAR_Ni2P4_1_x950,10.0411,0.308,21,0.002346,-0.461539,0.111111,0.375,0.001,0,0.001
Ag,POSCAR_Ni2P4_1_y025,8.831,0.37,21,0.030735,0.461539,-0.111111,0.375,0.007,-0.008,-0.001
Ag,POSCAR_Ni2P4_1_z025,8.8379,0.267,21,0.020887,-0.461539,-0.111111,0.375,0.004,-0.004,-0.001
Ag,POSCAR_Ni2P8_1_x025,7.2232,1.591,29,0.848588,-0.222222,0.222222,0.166667,1.269,-1.271,-0.004
Ag,POSCAR_Ni2P8_1_x050,6.918,0.707,29,0.750589,0.222222,0.222222,0.166667,1.27,-1.27,-0.001
Ag,POSCAR_Ni2P8_1_x975,7.8128,1.052,29,0.955907,0.333333,0.333333,0.333333,1.237,-1.238,-0.001
Ag,POSCAR_Ni2P8_1_y025,7.194,0.812,29,0.91561,0.222222,0.222222,0.166667,1.272,-1.272,-0.001
Ag,POSCAR_Ni2P8_1_y050,6.8796,0.733,29,0.858492,0.222222,0.222222,0.166667,1.281,-1.282,-0.001
Ag,POSCAR_Ni2P8_1_y950,8.0857,5.485,29,0.986786,0.333333,0.222222,0.166667,1.153,-1.145,0.01
Ag,POSCAR_Ni2P8_1_y975,7.8237,1.807,29,0.951553,-0.222222,0.222222,0.166667,1.22,-1.223,-0.006
Ag,POSCAR_Ni2P8_1_z025,7.2575,1.473,29,0.915946,-0.222222,0.222222,0.166667,1.331,-1.332,-0.002
Ag,POSCAR_Ni2P8_1_z050,7.0113,1.277,29,0.799391,-0.222222,0.222222,0.166667,1.367,-1.368,-0.002
Ag,POSCAR_Ni2P8_1_z950,7.7176,0.72,29,0.847307,0.222222,0.333333,0.166667,0.858,-0.858,0.001
Ag,POSCAR_Ni2Pb2_1_z025,8.0399,0.382,24,0.002044,-0.3,-0.3,0.444444,-0.001,-0.001,-0.001
Ag,POSCAR_Ni2Pb2_1_z950,9.0131,0.117,24,0.002186,0.4,0,0.444444,0.001,-0.001,0.001
Ag,POSCAR_Ni2S4_2_x025,6.3451,0.244,22,0.569878,0.272727,-0.111111,0.285714,1.604,-1.605,0
Ag,POSCAR_Ni2S4_2_x050,5.9817,0.248,22,0.560382,0.272727,-0.111111,0.285714,1.616,-1.617,0
Ag,POSCAR_Ni2S4_2_x950,7.5542,0.196,22,0.410274,-0.272727,0.111111,0.142857,1.554,-1.554,0
Ag,POSCAR_Ni2S4_2_x975,7.1423,0.199,22,0.570384,0.272727,-0.111111,0.285714,1.574,-1.574,0
Ag,POSCAR_Ni2S4_2_y025,6.3854,0.165,22,0.592972,0.272727,-0.111111,0.285714,1.606,-1.606,0
Ag,POSCAR_Ni2S4_2_y050,6.0831,0.166,22,0.57507,0.272727,-0.111111,0.285714,1.619,-1.619,0
Ag,POSCAR_Ni2S4_2_y950,7.4843,0.16,22,0.485096,0.272727,-0.111111,0.285714,1.549,-1.549,0
Ag,POSCAR_Ni2S4_2_y975,7.0556,0.151,22,0.531872,0.272727,-0.111111,0.285714,1.572,-1.572,0
Ag,POSCAR_Ni2S4_2_z025,6.46,0.14,22,0.490033,0.272727,-0.111111,0.285714,1.606,-1.606,0
Ag,POSCAR_Ni2S4_2_z050,6.1558,0.149,22,0.416932,0.272727,-0.111111,0.285714,1.618,-1.618,0
Ag,POSCAR_Ni2S4_2_z950,7.3305,0.196,22,0.702495,0.272727,-0.111111,0.285714,1.547,-1.547,0
Ag,POSCAR_Ni2S4_2_z975,7.02,0.181,22,0.653921,0.272727,-0.111111,0.285714,1.571,-1.571,0
Ag,POSCAR_Ni2Se2_1_x025,5.9835,0.411,15,0.81315,-0.272727,0.272727,0.25,1.517,-1.517,0
Ag,POSCAR_Ni2Se2_1_x050,5.7182,0.436,15,0.77751,-0.272727,0,0.25,1.53,-1.53,0
Ag,POSCAR_Ni2Se2_1_x950,6.6323,0.402,16,0.958008,0.272727,0,0.25,1.454,-1.454,0
Ag,POSCAR_Ni2Se2_1_x975,6.4289,0.383,16,0.892725,0.272727,0,0.25,1.48,-1.48,0
Ag,POSCAR_Ni2Se2_1_y025,5.9836,0.429,15,0.813093,-0.272727,0.272727,0.25,1.517,-1.517,0
Ag,POSCAR_Ni2Se2_1_y050,5.718,0.495,15,0.777199,0,-0.272727,0.25,1.53,-1.53,0
Ag,POSCAR_Ni2Se2_1_y950,6.6325,0.406,16,0.957887,0,0.272727,0.25,1.454,-1.454,0
Ag,POSCAR_Ni2Se2_1_y975,6.4286,0.39,16,0.892579,0,0.272727,0.25,1.48,-1.48,0
Ag,POSCAR_Ni2Se2_1_z025,5.7641,0.034,16,0.783518,0.363636,-0.363636,0.25,1.524,-1.524,0
Ag,POSCAR_Ni2Se2_1_z050,5.3507,0.036,15,0.71695,-0.272727,0,0.25,1.544,-1.544,0
Ag,POSCAR_Ni2Se2_1_z950,7.1359,0.038,16,0.970994,0.272727,0,0.25,1.444,-1.444,0
Ag,POSCAR_Ni2Se2_1_z975,6.6473,0.037,16,0.896083,0.272727,0,0.25,1.474,-1.474,0
Ag,POSCAR_Ni2Se2_2_x025,5.9823,1.906,15,0.816108,-0.272727,0.272727,0.25,1.518,-1.518,0
Ag,POSCAR_Ni2Se2_2_x050,5.7223,2.733,15,0.780337,-0.272727,0,0.25,1.531,-1.531,0
Ag,POSCAR_Ni2Se2_2_x950,6.6199,2.137,16,0.957378,-0.272727,0,0.25,1.454,-1.454,0
Ag,POSCAR_Ni2Se2_2_x975,6.4119,2.017,16,0.89206,-0.272727,0,0.25,1.48,-1.48,0
Ag,POSCAR_Ni2Se2_2_y025,5.9768,2.09,15,0.815769,0,0.272727,0.25,1.517,-1.518,0
Ag,POSCAR_Ni2Se2_2_y050,5.7062,2.182,15,0.778519,0,0.272727,0.25,1.53,-1.531,0
Ag,POSCAR_Ni2Se2_2_y950,6.6364,1.905,16,0.959926,0,-0.272727,0.25,1.455,-1.455,0
Ag,POSCAR_Ni2Se2_2_y975,6.4239,1.612,16,0.893733,0,-0.272727,0.25,1.48,-1.48,0
Ag,POSCAR_Ni2Se2_2_z025,5.769,1.583,16,0.780499,0.363636,-0.363636,0.25,1.524,-1.524,0
Ag,POSCAR_Ni2Se2_2_z050,5.3483,1.452,15,0.719796,-0.272727,0.272727,0.25,1.544,-1.544,0
Ag,POSCAR_Ni2Se2_2_z950,7.1323,2.245,16,0.973669,0.272727,-0.272727,0.25,1.444,-1.444,0
Ag,POSCAR_Ni2Se2_2_z975,6.646,1.996,16,0.898471,0.272727,-0.272727,0.25,1.474,-1.474,0
Ag,POSCAR_Ni2Se3_1_x025,4.2902,4.253,20,0.382784,0.333333,0.428571,0.333333,1.182,-1.182,-0.002
Ag,POSCAR_Ni2Se3_1_x050,3.9876,4.1,20,0.381181,-0.333333,0.285714,0.333333,1.212,-1.211,0.002
Ag,POSCAR_Ni2Se3_1_x975,4.9002,6.033,20,0.378029,0.333333,-0.428571,0.333333,1.085,-1.083,0.002
Ag,POSCAR_Ni2Se3_1_y025,4.3639,8.489,20,0.382753,0.333333,0.428571,0.333333,1.161,-1.159,0.006
Ag,POSCAR_Ni2Se3_1_y950,5.1389,28.569,20,0.442005,0.333333,0.142857,0.5,1.129,-1.131,-0.006
Ag,POSCAR_Ni2Se3_1_y975,4.8573,17.524,20,0.402549,0.333333,0.142857,0.5,1.143,-1.145,-0.008
Ag,POSCAR_Ni2Se3_1_z025,4.3292,14.734,20,0.369698,0.333333,-0.142857,0.166667,1.162,-1.165,-0.009
Ag,POSCAR_Ni2Se3_1_z050,4.0609,24.581,20,0.377311,0.333333,-0.142857,0.166667,1.15,-1.155,-0.006
Ag,POSCAR_Ni2Se3_1_z950,5.2033,25.362,20,0.427316,0.333333,0.428571,0.333333,1.122,-1.118,0.008
Ag,POSCAR_Ni2Se3_1_z975,4.8934,9.571,20,0.416039,0.333333,0.428571,0.333333,1.141,-1.138,0.006
Ag,POSCAR_Ni2Se4_1_x025,4.9655,0.042,22,0.409182,0.272727,-0.125,0.285714,1.561,-1.561,0
Ag,POSCAR_Ni2Se4_1_x050,4.639,0.038,22,0.428654,0.272727,-0.125,0.285714,1.574,-1.574,0
Ag,POSCAR_Ni2Se4_1_x950,6.1034,0.064,22,0.378078,0.272727,-0.125,0.285714,1.505,-1.505,0
Ag,POSCAR_Ni2Se4_1_x975,5.7296,0.041,22,0.383195,0.272727,-0.125,0.285714,1.528,-1.527,0
Ag,POSCAR_Ni2Se4_1_y025,5.0277,0.037,22,0.38905,0.272727,-0.125,0.285714,1.562,-1.562,0
Ag,POSCAR_Ni2Se4_1_y050,4.766,0.039,22,0.385454,0.272727,-0.125,0.285714,1.575,-1.574,0
Ag,POSCAR_Ni2Se4_1_y950,5.9767,0.045,21,0.446877,0.272727,0.375,0.428571,1.504,-1.504,0
Ag,POSCAR_Ni2Se4_1_y975,5.6253,0.036,21,0.407211,0.272727,0.375,0.428571,1.527,-1.527,0
Ag,POSCAR_Ni2Se4_1_z025,5.1072,0.046,22,0.362399,0.272727,-0.125,0.285714,1.563,-1.563,0
Ag,POSCAR_Ni2Se4_1_z050,4.8716,0.039,21,0.357915,0.363636,0.375,0.428571,1.576,-1.576,0
Ag,POSCAR_Ni2Se4_1_z950,5.8637,0.041,22,0.468986,0.272727,-0.125,0.285714,1.494,-1.494,0
Ag,POSCAR_Ni2Se4_1_z975,5.6085,0.043,22,0.429374,0.272727,-0.125,0.285714,1.523,-1.523,0
Ag,POSCAR_Ni2Te2_1_x950,10.4614,1.113,16,0.174927,-0.272727,0,0.25,0.056,-0.057,-0.001
Ag,POSCAR_Ni2Te2_1_x975,10.0595,0.46,15,0.02328,0.090909,0.181818,0.375,0.006,-0.007,-0.001
Ag,POSCAR_Ni2Te2_1_y025,9.9543,4.007,16,1.418214,0,0.272727,0.25,1.031,-1.035,-0.003
Ag,POSCAR_Ni2Te2_1_y050,8.9827,1.71,16,0.906679,0,-0.272727,0.25,0.917,-0.914,0.006
Ag,POSCAR_Ni2Te2_1_y975,10.0638,0.267,16,0.009559,0.272727,0,0.25,0.002,-0.002,0.001
Ag,POSCAR_Ni2Te2_1_z025,9.9711,0.653,16,1.425784,0.272727,-0.272727,0.25,1.044,-1.046,-0.002
Ag,POSCAR_Ni2Te2_1_z050,9.695,0.962,16,1.36277,-0.272727,0.272727,0.25,1.125,-1.126,0
Ag,POSCAR_Ni2Te2_1_z975,10.0629,0.331,15,0.010515,-0.272727,-0.272727,0.375,0,0.001,0.001
Ag,POSCAR_O2Rh2_7_x025,6.5291,1.35,18,0.015809,-0.461539,0.076923,0.125,2.381,-2.381,0
Ag,POSCAR_O2Rh2_7_x050,6.3434,2.649,20,0.012441,0.384615,0,0.5,2.393,-2.392,0
Ag,POSCAR_O2Rh2_7_x950,7.7629,3.746,19,0.013687,-0.230769,0,0.25,2.3,-2.298,0.005
Ag,POSCAR_O2Rh2_7_x975,7.4251,2.523,19,0.013436,-0.230769,0,0.25,2.323,-2.322,0.002
Ag,POSCAR_O2Rh2_7_y025,6.5743,1.738,19,0.011592,0.461539,0,0.5,2.38,-2.38,0
Ag,POSCAR_O2Rh2_7_y050,6.2923,1.569,19,0.011414,0,0,0,2.391,-2.391,0
Ag,POSCAR_O2Rh2_7_y950,7.7522,3.662,19,0.012345,0.153846,0.307692,0,2.297,-2.299,-0.005
Ag,POSCAR_O2Rh2_7_y975,7.417,4.122,19,0.012377,0.153846,0.307692,0,2.318,-2.321,-0.005
Ag,POSCAR_O2Rh2_7_z025,6.561,1.493,18,0.011422,0.461539,0,0,2.378,-2.378,0
Ag,POSCAR_O2Rh2_7_z050,6.3433,1.705,21,0.011578,0,0,0,2.389,-2.389,0
Ag,POSCAR_O2Rh2_7_z950,7.8172,1.899,19,0.014018,0.461539,0,0.5,2.33,-2.33,0
Ag,POSCAR_O2Rh2_7_z975,7.2757,0.658,18,0.009933,-0.230769,0,0.25,2.352,-2.352,0
Ag,POSCAR_O2V2_3_x025,7.5599,0.089,19,0.187283,0,0.230769,0.25,2.641,-2.641,0
Ag,POSCAR_O2V2_3_x050,7.1832,0.093,19,0.189096,0,0.230769,0.25,2.643,-2.643,0
Ag,POSCAR_O2V2_3_x950,8.9091,0.107,18,0.191131,-0.230769,0.307692,0.25,2.627,-2.627,0
Ag,POSCAR_O2V2_3_x975,8.2324,0.089,19,0.167874,-0.230769,0,0.25,2.633,-2.633,0
Ag,POSCAR_O2V2_3_y025,7.5592,0.086,19,0.187356,-0.230769,0,0.25,2.641,-2.641,0
Ag,POSCAR_O2V2_3_y050,7.1819,0.085,19,0.189299,-0.230769,0,0.25,2.643,-2.643,0
Ag,POSCAR_O2V2_3_y950,8.896,0.117,18,0.191456,0.307692,-0.230769,0.25,2.627,-2.627,0
Ag,POSCAR_O2V2_3_y975,8.2431,0.095,18,0.166228,0.307692,-0.230769,0.25,2.633,-2.633,0
Ag,POSCAR_O2V2_3_z025,7.4994,0.127,18,0.14565,-0.230769,0,0.125,2.653,-2.653,0
Ag,POSCAR_O2V2_3_z050,7.2228,0.132,18,0.149227,0.230769,-0.230769,0.125,2.666,-2.666,0
Ag,POSCAR_O2V2_3_z950,8.3939,0.109,19,0.177744,0.230769,-0.230769,0.25,2.594,-2.594,0
Ag,POSCAR_O2V2_3_z975,8.2728,0.115,19,0.182294,0.230769,-0.230769,0.25,2.618,-2.618,0
Ag,POSCAR_O2Y2_1_x025,4.7179,0.542,17,0.001822,0.090909,0.454545,0.285714,0.001,0.001,0.001
Ag,POSCAR_O2Y2_1_y025,4.7179,0.74,17,0.002411,-0.454545,-0.090909,0.285714,0.001,0.001,0.002
Ag,POSCAR_O2Y2_1_y050,4.5679,0.38,17,0.001418,0.363636,0.181818,0.428571,0,0.001,0.001
Ag,POSCAR_O2Y2_1_y950,5.191,0.07,17,0.000646,-0.272727,-0.181818,0.285714,0,-0.001,-0.001
Ag,POSCAR_O2Y2_1_y975,5.0254,0.275,18,0.001139,-0.363636,-0.272727,0.428571,0.001,0.001,0.001
Ag,POSCAR_O2Y2_1_z025,4.689,0.412,18,0.00153,-0.272727,0.363636,0,0.001,0.001,0.001
Ag,POSCAR_O2Y2_1_z975,5.0527,0.709,17,0.004244,0.363636,0.272727,0,0.001,0.001,0.002
Ag,POSCAR_O2Y2_4_y025,3.7983,0.14,17,0.001085,0,0.454545,0,0.001,0,0.001
Ag,POSCAR_O2Y2_4_z975,4.0862,0.35,17,0.00157,0.454545,-0.454545,0.285714,-0.001,-0.001,-0.002
Ag,POSCAR_O4Rh2_1_x025,5.5527,0.482,26,0.679234,0.461539,0.222222,0.222222,0.493,-0.493,0
Ag,POSCAR_O4Rh2_1_x050,5.2798,0.477,27,0.685899,-0.461539,0.333333,0.333333,0.515,-0.515,0
Ag,POSCAR_O4Rh2_1_x950,6.5659,0.527,26,0.920269,0.461539,-0.222222,0.222222,0.349,-0.349,0
Ag,POSCAR_O4Rh2_1_x975,6.1842,0.534,26,0.918702,0.461539,-0.222222,0.222222,0.401,-0.401,0
Ag,POSCAR_O4Rh2_1_y025,5.461,0.394,26,0.8219,0.461539,0.222222,0.222222,0.456,-0.456,0
Ag,POSCAR_O4Rh2_1_y050,5.1155,0.321,26,0.833896,0.461539,0.222222,0.222222,0.446,-0.446,0
Ag,POSCAR_O4Rh2_1_y950,6.6393,0.436,27,0.766671,-0.384615,0.222222,0.222222,0.458,-0.458,0
Ag,POSCAR_O4Rh2_1_y975,6.2267,0.46,26,0.778887,0.461539,0.222222,0.222222,0.458,-0.458,0
Ag,POSCAR_O4Rh2_1_z025,5.4674,0.457,26,0.824833,0.461539,0.222222,0.222222,0.454,-0.454,0
Ag,POSCAR_O4Rh2_1_z050,5.1166,0.391,26,0.83577,0.461539,0.222222,0.222222,0.443,-0.443,0
Ag,POSCAR_O4Rh2_1_z950,6.6359,0.382,27,0.782566,-0.384615,0.222222,0.222222,0.464,-0.464,0
Ag,POSCAR_O4Rh2_1_z975,6.2205,0.461,26,0.774288,0.461539,0.222222,0.222222,0.461,-0.461,0
Ag,POSCAR_O4V2_1_x025,4.6194,0.425,23,0.478558,0,-0.222222,0.222222,1.05,-1.05,0
Ag,POSCAR_O4V2_1_x050,4.2572,0.39,23,0.431568,0,-0.222222,0.222222,1.065,-1.066,0
Ag,POSCAR_O4V2_1_x950,5.5036,0.567,25,0.594741,-0.214286,-0.222222,0.222222,1.002,-1.002,0
Ag,POSCAR_O4V2_1_x975,5.2752,0.468,25,0.520441,0.214286,-0.222222,0.222222,1.019,-1.019,0
Ag,POSCAR_O4V2_1_y025,4.64,0.388,24,0.456344,0,-0.333333,0.333333,1.042,-1.042,0
Ag,POSCAR_O4V2_1_y050,4.4886,0.351,24,0.438834,0,-0.333333,0.333333,1.049,-1.049,0
Ag,POSCAR_O4V2_1_y950,5.4518,0.36,25,0.436874,0.142857,-0.333333,0.333333,1.022,-1.022,0
Ag,POSCAR_O4V2_1_y975,5.2513,0.385,25,0.435226,0.142857,-0.333333,0.333333,1.028,-1.028,0
Ag,POSCAR_O4V2_1_z025,4.6402,0.42,24,0.456199,0,-0.333333,0.333333,1.042,-1.042,0
Ag,POSCAR_O4V2_1_z050,4.489,0.416,24,0.438552,0,-0.333333,0.333333,1.049,-1.049,0
Ag,POSCAR_O4V2_1_z950,5.4515,0.3,25,0.437073,0.142857,-0.333333,0.333333,1.022,-1.022,0
Ag,POSCAR_O4V2_1_z975,5.2511,0.37,25,0.435425,0.142857,-0.333333,0.333333,1.028,-1.028,0
Ag,POSCAR_O4V2_3_x025,-0.3872,6.458,25,0.159159,0.5,0.5,0,0.892,-0.891,0
Ag,POSCAR_O4V2_3_x050,-0.6522,7.876,25,0.30224,0.5,0.5,0,0.903,-0.902,0
Ag,POSCAR_O4V2_3_x950,0.2241,5.808,25,0.282184,0.5,0.5,0,0.855,-0.855,0
Ag,POSCAR_O4V2_3_x975,-0.0659,5.572,25,0.139146,-0.375,0.5,0.428571,0.868,-0.868,0
Ag,POSCAR_O4V2_3_y025,-0.3863,6.251,25,0.138788,0.5,0.5,0,0.891,-0.892,0
Ag,POSCAR_O4V2_3_y050,-0.6496,8.094,25,0.281493,0.5,0.5,0,0.902,-0.903,0
Ag,POSCAR_O4V2_3_y950,0.2188,6.299,25,0.301316,0.5,0.5,0,0.855,-0.855,0
Ag,POSCAR_O4V2_3_y975,-0.0706,5.736,25,0.158877,0.5,0.5,0,0.868,-0.868,0
Ag,POSCAR_O4V2_3_z025,-0.5588,1.217,24,0.079703,0.5,0.25,0.142857,0.898,-0.898,0
Ag,POSCAR_O4V2_3_z050,-0.8118,6.652,24,0.10088,-0.25,0.375,0.428571,0.916,-0.915,0
Ag,POSCAR_O4V2_3_z950,0.2888,4.656,25,0.068956,-0.375,0.25,0.428571,0.843,-0.843,0
Ag,POSCAR_O4V2_3_z975,-0.0015,2.471,25,0.035874,0.5,-0.25,0.428571,0.862,-0.862,0
Ag,POSCAR_O6Rh2_1_x025,3.4054,5.168,33,0.211679,-0.222222,0.333333,0.125,0.439,-0.439,-0.003
Ag,POSCAR_O6Rh2_1_x050,3.1186,9.746,32,0.240807,-0.222222,0.111111,0,0.465,-0.46,0.002
Ag,POSCAR_O6Rh2_1_y025,3.4052,5.078,33,0.211985,0.333333,-0.222222,0.125,0.439,-0.439,0.003
Ag,POSCAR_O6Rh2_1_y050,3.1186,9.66,32,0.23939,-0.111111,0.222222,0,0.46,-0.465,-0.002
Ag,POSCAR_O6Rh2_1_z025,3.4035,0.228,33,0.19606,0.333333,-0.222222,0.125,0.473,-0.473,-0.001
Ag,POSCAR_O6Rh2_1_z050,3.1043,0.296,33,0.219455,-0.333333,0.222222,0.375,0.536,-0.537,-0.001
Ag,POSCAR_O6Rh2_1_z950,4.4135,0.241,33,0.123817,0.333333,-0.222222,0.125,0.188,-0.187,0
Ag,POSCAR_O6Rh2_1_z975,4.0554,0.314,33,0.168298,-0.222222,0.333333,0.125,0.295,-0.295,0
Ag,POSCAR_P2V2_1_x025,9.5252,0.303,18,0.462547,0.384615,-0.384615,0.285714,1.606,-1.607,0
Ag,POSCAR_P2V2_1_x050,9.2517,0.362,18,0.475496,-0.384615,0,0.285714,1.689,-1.69,0
Ag,POSCAR_P2V2_1_x950,10.4455,0.264,17,0.574952,0,-0.307692,0.285714,1.163,-1.163,0
Ag,POSCAR_P2V2_1_x975,10.1072,0.41,17,0.536927,0,-0.307692,0.285714,1.31,-1.311,-0.001
Ag,POSCAR_P2V2_1_y025,9.5241,0.344,18,0.462158,-0.384615,0.384615,0.285714,1.607,-1.607,0
Ag,POSCAR_P2V2_1_y050,9.2509,0.387,17,0.475035,0,-0.384615,0.285714,1.69,-1.69,0
Ag,POSCAR_P2V2_1_y950,10.4464,0.274,17,0.573452,-0.307692,0,0.285714,1.163,-1.163,0
Ag,POSCAR_P2V2_1_y975,10.1068,0.286,17,0.536883,-0.307692,0,0.285714,1.31,-1.31,0
Ag,POSCAR_P2V2_1_z025,9.5492,0.19,17,0.455718,0.307692,0,0.285714,1.557,-1.557,0
Ag,POSCAR_P2V2_1_z050,9.2759,0.246,17,0.420151,-0.384615,0.384615,0.285714,1.648,-1.649,0
Ag,POSCAR_P2V2_1_z950,10.3524,0.245,17,0.502257,-0.307692,0.307692,0.285714,1.269,-1.269,-0.001
Ag,POSCAR_P2V2_1_z975,10.0799,0.199,17,0.509197,-0.307692,0.307692,0.285714,1.356,-1.357,0
Ag,POSCAR_P2V2_2_x025,8.5327,94.287,17,1.123569,0,-0.230769,0.428571,1.867,-1.838,0.01
Ag,POSCAR_P2V2_2_x950,9.5157,169.838,17,0.927832,-0.230769,0,0.428571,1.671,-1.698,-0.003
Ag,POSCAR_P2V2_2_x975,9.1689,101.085,17,0.975166,-0.230769,0,0.428571,1.718,-1.745,-0.009
Ag,POSCAR_P2V2_2_y025,8.5333,94.657,17,1.122978,-0.230769,0,0.428571,1.838,-1.867,-0.01
Ag,POSCAR_P2V2_2_y950,9.5159,169.542,17,0.927636,0,-0.230769,0.428571,1.698,-1.671,0.003
Ag,POSCAR_P2V2_2_y975,9.1684,100.58,17,0.974656,0,-0.230769,0.428571,1.745,-1.718,0.009
Ag,POSCAR_P2V2_2_z025,8.5615,0.329,17,0.954763,-0.230769,0,0.428571,1.851,-1.851,0
Ag,POSCAR_P2V2_2_z050,8.3021,0.417,17,0.850392,-0.230769,0,0.428571,1.908,-1.909,0
Ag,POSCAR_P2V2_2_z950,9.4558,0.333,17,1.059441,0,-0.307692,0.285714,1.64,-1.64,0
Ag,POSCAR_P2V2_2_z975,9.1271,0.313,17,1.072633,0,-0.307692,0.285714,1.719,-1.719,0
Ag,POSCAR_P8V2_2_x025,7.4156,0.579,33,0.272046,0.5,-0.285714,0.285714,2.033,-2.034,0
Ag,POSCAR_P8V2_2_x050,7.0962,0.667,33,0.273072,0.5,-0.285714,0.285714,2.101,-2.102,-0.001
Ag,POSCAR_P8V2_2_x950,8.3171,0.68,33,0.399545,-0.25,0.285714,0.285714,1.798,-1.799,0
Ag,POSCAR_P8V2_2_x975,8.0481,0.712,33,0.348475,-0.25,0.285714,0.285714,1.885,-1.885,0
Ag,POSCAR_P8V2_2_y025,7.3992,0.64,33,0.285515,-0.25,0.285714,0.285714,2.011,-2.011,0
Ag,POSCAR_P8V2_2_y050,7.1004,0.572,33,0.258216,-0.25,0.285714,0.285714,2.061,-2.061,0
Ag,POSCAR_P8V2_2_y950,8.4342,0.778,33,0.338707,0.5,-0.285714,0.285714,1.861,-1.861,0
Ag,POSCAR_P8V2_2_y975,8.0753,0.716,33,0.29797,0.5,-0.285714,0.285714,1.911,-1.912,0
Ag,POSCAR_P8V2_2_z025,7.3964,0.66,33,0.318808,-0.25,0.285714,0.285714,2.009,-2.009,0
Ag,POSCAR_P8V2_2_z050,7.0753,0.738,33,0.333799,-0.25,0.285714,0.285714,2.054,-2.055,0
Ag,POSCAR_P8V2_2_z950,8.4054,0.619,33,0.263208,0.5,-0.285714,0.285714,1.864,-1.864,0
Ag,POSCAR_P8V2_2_z975,8.0526,0.664,33,0.2771,-0.25,0.285714,0.285714,1.913,-1.913,0
Ag,POSCAR_Rh2S4_1_x025,7.8009,0.127,27,0.595836,-0.272727,-0.111111,0.25,0.751,-0.751,0
Ag,POSCAR_Rh2S4_1_x050,7.4653,0.128,27,0.614293,-0.272727,-0.111111,0.25,0.782,-0.782,0
Ag,POSCAR_Rh2S4_1_x950,8.9053,0.11,27,0.568757,0.181818,0,0.25,0.645,-0.645,0
Ag,POSCAR_Rh2S4_1_x975,8.5036,0.155,27,0.577591,0.181818,0,0.25,0.683,-0.683,0
Ag,POSCAR_Rh2S4_1_y025,7.767,0.108,27,0.58132,0.181818,0,0.25,0.738,-0.738,0
Ag,POSCAR_Rh2S4_1_y050,7.3779,0.118,27,0.577724,-0.272727,-0.111111,0.375,0.757,-0.757,0
Ag,POSCAR_Rh2S4_1_y950,8.9454,0.121,27,0.586318,0.272727,0,0.25,0.675,-0.675,0
Ag,POSCAR_Rh2S4_1_y975,8.5334,0.12,27,0.575523,0.272727,0,0.25,0.697,-0.697,0
Ag,POSCAR_Rh2S4_1_z025,7.7179,0.134,27,0.51732,0.181818,0,0.25,0.727,-0.727,0
Ag,POSCAR_Rh2S4_1_z050,7.3019,0.102,27,0.460461,0.181818,0,0.25,0.738,-0.738,0
Ag,POSCAR_Rh2S4_1_z950,9.023,0.118,27,0.747066,-0.272727,-0.111111,0.25,0.695,-0.695,0
Ag,POSCAR_Rh2S4_1_z975,8.5772,0.107,27,0.657629,-0.272727,-0.111111,0.25,0.707,-0.707,0
Ag,POSCAR_Rh2Tl2_1_z950,7.6965,0.174,28,0.023134,-0.2,0.3,0.25,-0.001,-0.002,-0.003
Ag,POSCAR_Rh2Tl2_1_z975,7.3404,2.187,28,0.240681,0.5,0.4,0.25,0.13,-0.13,0
Ag,POSCAR_S2V2_2_x025,7.2369,82.987,19,0.669523,0,0.5,0.428571,2.592,-2.59,0.004
Ag,POSCAR_S2V2_2_x050,7.0644,125.956,19,0.644098,0,0.5,0,2.608,-2.604,0.007
Ag,POSCAR_S2V2_2_x950,8.3752,103.334,19,0.784172,-0.416667,0,0.142857,2.534,-2.539,-0.009
Ag,POSCAR_S2V2_2_x975,8.0318,85.68,19,0.7475,0.5,0,0.428571,2.555,-2.558,-0.004
Ag,POSCAR_S2V2_2_y025,7.24,88.901,19,0.672592,0.5,0,0.428571,2.59,-2.592,-0.004
Ag,POSCAR_S2V2_2_y050,7.0539,128.489,19,0.646479,0.5,0,0,2.604,-2.608,-0.007
Ag,POSCAR_S2V2_2_y950,8.3809,100.579,19,0.780187,0,-0.416667,0.142857,2.539,-2.534,0.008
Ag,POSCAR_S2V2_2_y975,7.8283,80.432,19,0.75198,0,0.5,0.428571,2.558,-2.556,0.004
Ag,POSCAR_S2V2_2_z025,7.2446,3.583,19,0.665911,0.5,0,0.285714,2.596,-2.596,0
Ag,POSCAR_S2V2_3_x975,6.75,0.711,17,0.299189,0,-0.333333,0.142857,2.667,-2.667,0
Ag,POSCAR_S2V2_3_y025,6.1686,0.702,17,0.297145,0,-0.333333,0.142857,2.688,-2.688,0
Ag,POSCAR_S2V2_3_y050,5.8415,0.722,17,0.313463,0,-0.333333,0.142857,2.697,-2.697,0
Ag,POSCAR_S2V2_3_y950,7.109,0.713,18,0.250747,0.25,0,0.142857,2.655,-2.655,0
Ag,POSCAR_S2V2_3_y975,6.75,0.702,17,0.298823,0.333333,0,0.142857,2.667,-2.667,0
Ag,POSCAR_S2V2_3_z025,5.9774,0.744,17,0.277154,-0.333333,0.333333,0.142857,2.686,-2.686,0
Ag,POSCAR_S2V2_3_z050,5.7033,0.726,17,0.26909,-0.333333,0.333333,0.142857,2.694,-2.694,0
Ag,POSCAR_S2V2_3_z950,7.2281,0.767,17,0.279729,-0.333333,0.333333,0.142857,2.659,-2.659,0
Ag,POSCAR_S2V2_3_z975,6.6879,0.774,17,0.281579,-0.333333,0.333333,0.142857,2.669,-2.669,0
Ag,POSCAR_S2V2_4_x025,6.1752,0.374,17,0.417616,-0.181818,0,0.142857,2.654,-2.654,0
Ag,POSCAR_S2V2_4_x050,5.913,0.443,17,0.442621,-0.181818,0,0.142857,2.661,-2.661,0
Ag,POSCAR_S2V2_4_x950,7.128,0.429,17,0.426573,0,-0.181818,0.142857,2.624,-2.624,0
Ag,POSCAR_S2V2_4_x975,6.7678,0.418,17,0.404962,0,-0.181818,0.142857,2.636,-2.636,0
Ag,POSCAR_S2V2_4_y025,6.1786,0.352,17,0.417019,0,-0.181818,0.142857,2.654,-2.654,0
Ag,POSCAR_S2V2_4_y050,5.9164,0.4,17,0.44223,0,-0.181818,0.142857,2.661,-2.661,0
Ag,POSCAR_S2V2_4_y950,7.124,0.538,17,0.427157,-0.181818,0,0.142857,2.624,-2.624,0
Ag,POSCAR_S2V2_4_y975,6.7642,0.464,17,0.405654,-0.181818,0,0.142857,2.636,-2.636,0
Ag,POSCAR_S2V2_4_z025,6.1642,0.172,17,0.341999,-0.181818,0,0.142857,2.661,-2.661,0
Ag,POSCAR_S2V2_4_z050,5.8754,0.185,17,0.306377,-0.181818,0,0.142857,2.674,-2.674,0
Ag,POSCAR_S2V2_4_z950,7.1646,0.228,17,0.485448,-0.181818,0,0.142857,2.607,-2.607,0
Ag,POSCAR_Se2V2_1_x975,5.4485,0.752,17,0.521842,0,0.181818,0.142857,2.68,-2.68,0
Ag,POSCAR_Se2V2_1_y025,4.8735,0.684,17,0.457764,0.181818,-0.181818,0.142857,2.694,-2.694,0
Ag,POSCAR_Se2V2_1_y050,4.8062,0.673,17,0.447925,-0.272727,0,0.142857,2.699,-2.699,0
Ag,POSCAR_Se2V2_1_y950,5.8256,0.703,17,0.555061,-0.181818,0,0.142857,2.672,-2.671,0
Ag,POSCAR_Se2V2_1_y975,5.4487,0.756,17,0.521777,-0.181818,0,0.142857,2.68,-2.68,0
Ag,POSCAR_Se2V2_1_z025,4.985,0.843,17,0.440108,0,0.181818,0.142857,2.701,-2.701,0
Ag,POSCAR_Se2V2_1_z050,4.5438,1.181,17,0.393787,0,0.181818,0.142857,2.712,-2.712,0
Ag,POSCAR_Se2V2_1_z950,5.9775,0.668,17,0.552343,0.181818,-0.181818,0.142857,2.655,-2.655,0
Ag,POSCAR_Se2V2_1_z975,5.4368,0.651,17,0.52079,0.181818,-0.181818,0.142857,2.673,-2.673,0
Ag,POSCAR_Te2V2_1_x025,6.9104,0.14,18,0.324768,0,0.1,0.285714,2.726,-2.726,0
Ag,POSCAR_Te2V2_1_x050,6.575,0.129,18,0.321039,0,0.1,0.285714,2.731,-2.731,0
Ag,POSCAR_Te2V2_1_x950,7.683,0.139,19,0.449707,-0.3,0,0.142857,2.706,-2.706,0
Ag,POSCAR_Te2V2_1_x975,7.4411,0.152,18,0.371775,-0.1,0,0.285714,2.713,-2.713,0
Ag,POSCAR_Te2V2_1_y025,6.911,0.138,18,0.325107,-0.1,0,0.285714,2.726,-2.726,0
Ag,POSCAR_Te2V2_1_y050,6.5756,0.125,18,0.321422,-0.1,0,0.285714,2.731,-2.731,0
Ag,POSCAR_Te2V2_1_y950,7.682,0.138,19,0.449801,0,0.3,0.142857,2.706,-2.706,0
Ag,POSCAR_Te4V2_1_y025,4.6272,14.494,18,0.298128,0,0.5,0.5,2.679,-2.679,0.001
Ag,POSCAR_Te4V2_1_y050,4.5401,26.19,23,0.282071,-0.2,0.166667,0.166667,2.693,-2.693,0.002
Ag,POSCAR_Te4V2_1_y950,5.3907,24.215,23,0.317043,0.2,-0.333333,0.333333,2.623,-2.626,-0.001
Ag,POSCAR_Te4V2_1_y975,5.0757,12.35,23,0.307548,0.2,-0.333333,0.333333,2.645,-2.646,-0.001
Ag,POSCAR_Te4V2_1_z025,4.5868,13.202,18,0.290249,0,0.5,0,2.672,-2.672,-0.001
Ag,POSCAR_As2Ru2_2_x025,8.4693,3.692,19,0.441115,0.083333,-0.333333,0.285714,1.145,-1.152,-0.006
Ag,POSCAR_As2Ru2_2_x050,8.1684,2.315,19,0.455701,0.083333,-0.333333,0.285714,1.246,-1.251,-0.005
Ag,POSCAR_As2Ru2_2_x950,9.567,1.756,19,0.512908,-0.333333,0.083333,0.285714,1.095,-1.091,0.004
Ag,POSCAR_As2Ru2_2_x975,9.1225,0.915,19,0.448862,-0.333333,0.083333,0.285714,1.04,-1.038,0.002
Ag,POSCAR_As2Ru2_2_y025,8.4171,3.062,19,0.418831,-0.416667,0,0.142857,1.085,-1.078,0.006
Ag,POSCAR_As2Ru2_2_y950,9.5839,1.341,19,0.531928,-0.083333,0.333333,0.285714,1.121,-1.122,0
Ag,POSCAR_As2Ru2_2_y975,9.1279,1.118,19,0.472193,0.083333,-0.333333,0.285714,1.044,-1.044,0
Ag,POSCAR_As2Ru2_2_z025,8.4402,1.292,19,0.414503,-0.083333,-0.25,0.285714,1.138,-1.138,0
Ag,POSCAR_As2Ru2_2_z050,8.2078,2.378,19,0.511582,0,0.25,0.285714,1.31,-1.303,0.007
Ag,POSCAR_As2Ru2_2_z950,9.4962,0.743,19,0.412548,0,-0.333333,0.285714,0.865,-0.865,0.001
Ag,POSCAR_As2Ru2_2_z975,9.1291,0.878,19,0.418625,0,-0.333333,0.285714,0.952,-0.952,0
Ag,POSCAR_Bi2Ru2_1_x025,8.8947,0.64,29,0.619216,0,-0.272727,0.285714,1.47,-1.472,-0.001
Ag,POSCAR_Bi2Ru2_1_x050,8.5584,2.394,29,0.596294,0,-0.272727,0.285714,1.537,-1.542,-0.006
Ag,POSCAR_Bi2Ru2_1_x950,9.9066,2.306,29,0.604778,-0.3,0,0.285714,1.152,-1.145,0.006
Ag,POSCAR_Bi2Ru2_1_x975,9.5126,0.523,29,0.579746,-0.3,0.272727,0.285714,1.142,-1.143,-0.001
Ag,POSCAR_Bi2Ru2_1_y025,8.8316,1.627,29,0.612411,-0.3,0.272727,0.285714,1.315,-1.312,0.002
Ag,POSCAR_Bi2Ru2_1_y050,8.5669,1.435,29,0.559903,-0.3,0.272727,0.285714,1.515,-1.511,0.004
Ag,POSCAR_Bi2Ru2_1_y950,9.9894,0.964,29,0.587023,-0.3,0.272727,0.285714,1.319,-1.322,-0.002
Ag,POSCAR_Bi2Ru2_1_y975,9.5988,0.524,29,0.583827,-0.3,0.272727,0.285714,1.35,-1.35,0
Ag,POSCAR_Bi2Ru2_1_z025,8.9176,1.212,28,0.578501,0,0.272727,0.285714,1.49,-1.485,0.005
Ag,POSCAR_Bi2Ru2_1_z050,8.6195,1.097,28,0.595172,0,-0.272727,0.285714,1.565,-1.565,0
Ag,POSCAR_Bi2Ru2_1_z975,9.4978,0.339,29,0.597237,0.3,-0.272727,0.285714,1.14,-1.139,0.001
Ag,POSCAR_Bi2Ti2_1_x050,6.955,0.832,27,0.492975,-0.2,-0.1,0.142857,1.007,-1.008,-0.001
Ag,POSCAR_Bi2Ti2_1_x975,7.8739,2.725,27,0.483644,0.2,0.2,0.285714,0.925,-0.925,0
Ag,POSCAR_Bi2Ti2_1_y025,7.3043,5.54,27,0.477952,0.1,0.2,0.285714,0.972,-0.981,-0.008
Ag,POSCAR_Bi2Ti2_1_y050,6.874,4.028,27,0.523568,0.1,0.2,0.142857,1.024,-1.021,0.003
Ag,POSCAR_Bi2Ti2_1_y950,8.1513,0.316,27,0.481416,0.2,0.2,0.285714,0.911,-0.91,0.001
Ag,POSCAR_Bi2Ti2_1_y975,7.9102,2.851,27,0.459104,0.2,0.2,0.285714,0.916,-0.909,0.007
Ag,POSCAR_Bi2Ti2_1_z025,7.5807,3.639,25,0.483184,-0.3,0.3,0.285714,0.961,-0.961,0
Ag,POSCAR_Bi2Ti2_1_z050,7.3296,0.559,25,0.423308,0,-0.3,0.285714,1.003,-1.003,0
Ag,POSCAR_Bi2Ti2_1_z950,8.4043,0.722,26,0.516323,0,-0.4,0.285714,0.801,-0.802,-0.001
Ag,POSCAR_Bi2Ti2_1_z975,8.1185,0.693,26,0.474665,-0.4,0,0.285714,0.859,-0.86,-0.001
Ag,POSCAR_Bi8Ru2_1_x025,6.9766,0.357,69,0.378504,0.333333,0,0.166667,1.404,-1.403,0.003
Ag,POSCAR_Bi8Ru2_1_x050,6.6927,0.348,69,0.359779,0.333333,0,0.166667,1.514,-1.513,0.002
Ag,POSCAR_Bi8Ru2_1_x975,7.5741,0.252,69,0.368747,-0.333333,0,0.166667,1.127,-1.128,0.001
Ag,POSCAR_Bi8Ru2_1_y050,6.7312,1.802,68,0.388722,0.166667,0,0.333333,1.573,-1.573,0
Ag,POSCAR_Bi8Ru2_1_y975,7.5994,0.201,69,0.297356,0.166667,-0.142857,0.333333,1.15,-1.151,0
Ag,POSCAR_Bi8Ru2_1_z025,6.9771,0.446,69,0.380624,0.166667,0,0.333333,1.402,-1.405,-0.004
Ag,POSCAR_Bi8Ru2_1_z050,6.6925,0.36,69,0.361625,0.166667,0,0.333333,1.513,-1.515,-0.003
Ag,POSCAR_Bi8Ru2_1_z975,7.5728,0.645,69,0.3705,-0.166667,0,0.333333,1.128,-1.124,0.005
Ag,POSCAR_Br4Cu2_1_x025,-0.9759,0.885,17,0.163033,-0.166667,0.5,0.428571,0.492,-0.492,0
Ag,POSCAR_Br4Cu2_1_x050,-1.1038,1.148,17,0.19291,-0.166667,0.5,0.428571,0.495,-0.495,0
Ag,POSCAR_Br4Cu2_1_x950,-0.3136,1.556,19,0.181216,0.166667,-0.333333,0.142857,0.453,-0.453,0
Ag,POSCAR_Br4Cu2_1_x975,-0.6165,1.335,19,0.157311,-0.166667,-0.333333,0.285714,0.472,-0.472,0
Ag,POSCAR_Br4Cu2_1_y025,-0.9768,0.876,19,0.161023,-0.166667,-0.333333,0.285714,0.492,-0.492,0
Ag,POSCAR_Br4Cu2_1_y050,-1.1065,0.993,17,0.189173,0.5,-0.166667,0.428571,0.495,-0.495,0
Ag,POSCAR_Br4Cu2_1_y950,-0.3227,1.53,19,0.179152,-0.333333,0.166667,0.142857,0.453,-0.453,0
Ag,POSCAR_Br4Cu2_1_y975,-0.6262,1.302,19,0.157652,-0.333333,-0.166667,0.285714,0.472,-0.471,0
Ag,POSCAR_Br4Cu2_1_z025,-1.0682,1.09,17,0.160296,0.5,0.166667,0.285714,0.493,-0.493,0
Ag,POSCAR_Br4Cu2_1_z050,-1.1694,1.004,17,0.20599,0.5,0.166667,0.285714,0.498,-0.498,0
Ag,POSCAR_Br4Cu2_1_z950,-0.3747,1.025,18,0.142029,0,0.5,0,0.458,-0.458,0
Ag,POSCAR_Br4Cu2_1_z975,-0.685,1.079,19,0.136771,-0.166667,-0.333333,0.285714,0.473,-0.472,0
Ag,POSCAR_Br4Ru2_1_x025,1.6261,1.166,24,0.473608,0,0.285714,0.285714,3.305,-3.304,0
Ag,POSCAR_Br4Ru2_1_x050,1.4074,1.247,24,0.467284,0,0.285714,0.285714,3.326,-3.325,0
Ag,POSCAR_Br4Ru2_1_x950,2.7554,1.026,26,0.416363,0.2,-0.285714,0.142857,3.223,-3.223,0
Ag,POSCAR_Br4Ru2_1_x975,2.3049,1.072,27,0.481224,-0.4,0.285714,0.285714,3.254,-3.253,0
Ag,POSCAR_Br4Ru2_1_y025,1.7598,1.134,24,0.487517,0,-0.285714,0.285714,3.3,-3.299,0
Ag,POSCAR_Br4Ru2_1_y050,1.4743,1.199,24,0.49405,0,-0.285714,0.285714,3.318,-3.317,0
Ag,POSCAR_Br4Ru2_1_y950,2.5003,0.947,27,0.502956,-0.3,0.142857,0.285714,3.238,-3.237,0
Ag,POSCAR_Br4Ru2_1_y975,2.2016,1.024,27,0.476405,-0.3,0.142857,0.285714,3.26,-3.26,0
Ag,POSCAR_Br4Ru2_1_z025,1.7733,1.142,24,0.485465,0,-0.285714,0.285714,3.301,-3.3,0
Ag,POSCAR_Br4Ru2_1_z050,1.5827,1.128,24,0.469932,0,-0.285714,0.285714,3.319,-3.319,0
Ag,POSCAR_Br4Ru2_1_z950,2.5615,1.05,27,0.499755,-0.3,0.142857,0.285714,3.234,-3.233,0
Ag,POSCAR_Br4Ru2_1_z975,2.2042,1.055,27,0.472305,-0.3,0.142857,0.285714,3.258,-3.258,0
Ag,POSCAR_Cl6Ti2_1_x025,0.9799,11.48,33,0.092967,-0.142857,0.285714,0.142857,0.908,-0.908,-0.001
Ag,POSCAR_Cl6Ti2_1_x050,0.7203,21.966,33,0.107557,-0.142857,0.285714,0.142857,0.914,-0.913,-0.001
Ag,POSCAR_Cl6Ti2_1_x950,1.8856,21.834,33,0.096067,0.285714,-0.142857,0.142857,0.889,-0.89,0.001
Ag,POSCAR_Cl6Ti2_1_x975,1.5964,11.401,33,0.089792,0.285714,-0.142857,0.142857,0.896,-0.897,0.001
Ag,POSCAR_Cl6Ti2_1_y025,0.9799,10.899,33,0.094968,0.285714,-0.142857,0.142857,0.908,-0.908,0.001
Ag,POSCAR_Cl6Ti2_1_y050,0.7205,21.4,33,0.108726,0.285714,-0.142857,0.142857,0.913,-0.914,0.001
Ag,POSCAR_Cl6Ti2_1_y950,1.8883,22.386,33,0.093888,-0.142857,0.285714,0.142857,0.89,-0.889,-0.001
Ag,POSCAR_Cl6Ti2_1_y975,1.5962,11.965,33,0.087789,-0.142857,0.285714,0.142857,0.897,-0.896,-0.001
Ag,POSCAR_Cl6Ti2_1_z025,0.9945,0.53,33,0.067208,0.285714,-0.142857,0.142857,0.909,-0.909,0
Ag,POSCAR_Cl6Ti2_1_z050,0.7302,0.55,29,0.063883,-0.285714,-0.142857,0.428571,0.915,-0.915,0
Ag,POSCAR_Cl6Ti2_1_z950,2.0061,0.452,33,0.124972,0.428571,0,0,0.889,-0.889,0
Ag,POSCAR_Cl6Ti2_1_z975,1.5428,0.454,33,0.100166,0.285714,-0.142857,0.142857,0.896,-0.896,0
Ag,POSCAR_Cl6Zr2_1_x025,2.7551,15.281,33,0.202226,-0.428571,0,0.428571,0.701,-0.701,0.002
Ag,POSCAR_Cl6Zr2_1_x050,2.4675,22.115,33,0.193235,-0.428571,0,0.428571,0.707,-0.707,0.004
Ag,POSCAR_Cl6Zr2_1_x950,3.614,30.903,33,0.277961,0,-0.428571,0.428571,0.671,-0.672,-0.004
Ag,POSCAR_Cl6Zr2_1_x975,3.328,18.23,33,0.25218,0,-0.428571,0.428571,0.683,-0.683,-0.002
Ag,POSCAR_Cl6Zr2_1_y025,2.7602,15.233,33,0.203126,0,-0.428571,0.428571,0.701,-0.701,-0.002
Ag,POSCAR_Cl6Zr2_1_y050,2.468,22.16,33,0.194358,0,-0.428571,0.428571,0.707,-0.707,-0.004
Ag,POSCAR_Cl6Zr2_1_y950,3.6158,31.115,33,0.274605,-0.428571,0,0.428571,0.672,-0.672,0.004
Ag,POSCAR_Cl6Zr2_1_y975,3.3311,18.407,33,0.250667,-0.428571,0,0.428571,0.683,-0.683,0.002
Ag,POSCAR_Cl6Zr2_1_z025,2.6395,0.328,33,0.196574,0,-0.428571,0.428571,0.709,-0.709,0
Ag,POSCAR_Cl6Zr2_1_z050,2.3565,0.256,33,0.177064,0,-0.428571,0.428571,0.723,-0.723,0
Ag,POSCAR_Cl6Zr2_1_z950,4.2415,3.878,33,0.256554,0.428571,0.142857,0.285714,0.054,-0.056,-0.003
Ag,POSCAR_Cl6Zr2_1_z975,3.9814,0.494,33,0.542894,0,-0.428571,0.428571,-0.03,0.03,0
Ag,POSCAR_Cu2F4_1_x025,-0.421,1.847,25,0.519037,-0.461539,-0.222222,0.222222,0.848,-0.848,0
Ag,POSCAR_Cu2F4_1_x050,-0.6871,1.939,25,0.460814,-0.461539,0.222222,0.222222,0.849,-0.849,0
Ag,POSCAR_Cu2F4_1_x950,0.3554,1.699,25,0.437823,0.230769,0.222222,0,0.844,-0.844,0
Ag,POSCAR_Cu2F4_1_x975,0.0494,1.596,25,0.455594,-0.461539,-0.222222,0.222222,0.846,-0.846,0
Ag,POSCAR_Cu2F4_1_y025,-0.5182,1.437,25,0.458266,-0.461539,-0.222222,0.222222,0.85,-0.85,0
Ag,POSCAR_Cu2F4_1_y050,-0.7698,1.406,21,0.435478,-0.153846,0.222222,0.333333,0.852,-0.852,0
Ag,POSCAR_Cu2F4_1_y950,0.4233,1.463,25,0.618937,-0.461539,-0.222222,0.222222,0.841,-0.841,0
Ag,POSCAR_Cu2F4_1_y975,0.1278,1.522,25,0.565551,-0.461539,-0.222222,0.222222,0.844,-0.844,0
Ag,POSCAR_Cu2F4_1_z025,-0.5129,1.399,25,0.459842,-0.461539,-0.222222,0.222222,0.85,-0.85,0
Ag,POSCAR_Cu2F4_1_z050,-0.6622,1.323,21,0.414444,-0.153846,0.222222,0.333333,0.852,-0.852,0
Ag,POSCAR_Cu2F4_1_z950,0.3808,1.634,25,0.619591,-0.461539,-0.222222,0.222222,0.841,-0.841,0
Ag,POSCAR_Cu2F4_1_z975,0.0027,1.572,25,0.565312,-0.461539,-0.222222,0.222222,0.844,-0.844,0
Ag,POSCAR_Cu2F6_1_x025,-1.1821,0.14,23,0.458007,-0.333333,0.222222,0.333333,1.094,-1.094,0
Ag,POSCAR_Cu2F6_1_x050,-1.4194,0.134,23,0.548878,-0.333333,0.333333,0.333333,1.084,-1.084,0
Ag,POSCAR_Cu2F6_1_x950,-0.4947,0.166,23,0.391016,-0.333333,0.444444,0.444444,1.117,-1.117,0
Ag,POSCAR_Cu2F6_1_x975,-0.8026,0.162,23,0.468907,-0.333333,0.222222,0.333333,1.111,-1.111,0
Ag,POSCAR_Cu2F6_1_y025,-1.1795,0.15,23,0.458993,0.333333,0.222222,0.444444,1.096,-1.096,0
Ag,POSCAR_Cu2F6_1_y050,-1.369,0.166,23,0.468621,0.333333,0.333333,0.333333,1.087,-1.087,0
Ag,POSCAR_Cu2F6_1_y950,-0.5848,0.229,23,0.438,0.333333,0.444444,0.111111,1.113,-1.113,0
Ag,POSCAR_Cu2F6_1_y975,-0.7888,0.176,23,0.516522,0.333333,0.444444,0.222222,1.109,-1.109,0
Ag,POSCAR_Cu2F6_1_z025,-1.1798,0.129,23,0.459182,0.333333,0.444444,0.222222,1.096,-1.096,0
Ag,POSCAR_Cu2F6_1_z050,-1.3694,0.16,23,0.468616,0.333333,0.333333,0.333333,1.087,-1.087,0
Ag,POSCAR_Cu2F6_1_z950,-0.5853,0.26,23,0.438065,0.333333,0.111111,0.444444,1.113,-1.113,0
Ag,POSCAR_Cu2F6_1_z975,-0.7893,0.178,23,0.516376,0.333333,0.222222,0.444444,1.109,-1.109,0
Ag,POSCAR_Cu2F6_2_x025,-1.929,5.255,24,0.266759,-0.222222,0.444444,0.5,1.103,-1.103,0
Ag,POSCAR_Cu2F6_2_x050,-2.0393,10.965,24,0.285289,-0.222222,0.444444,0.5,1.095,-1.095,0
Ag,POSCAR_Cu2F6_2_x950,-1.222,12.524,24,0.314263,-0.222222,0.222222,0.375,1.121,-1.12,0
Ag,POSCAR_Cu2F6_2_x975,-1.4849,5.488,24,0.281126,-0.444444,-0.222222,0.375,1.116,-1.116,0
Ag,POSCAR_Cu2F6_2_y025,-1.9289,5.256,24,0.266935,-0.444444,0.222222,0.5,1.103,-1.103,0
Ag,POSCAR_Cu2F6_2_y050,-2.0393,10.965,24,0.285474,-0.444444,0.222222,0.5,1.095,-1.095,0
Ag,POSCAR_Cu2F6_2_y950,-1.2215,12.471,24,0.314543,0.222222,-0.222222,0.375,1.12,-1.121,0
Ag,POSCAR_Cu2F6_2_y975,-1.4851,5.448,24,0.281804,-0.222222,-0.444444,0.375,1.116,-1.116,0
Ag,POSCAR_Cu2F6_2_z025,-1.8317,0.189,24,0.245857,-0.222222,-0.444444,0.375,1.103,-1.103,0
Ag,POSCAR_Cu2F6_2_z050,-2.0636,0.167,24,0.266588,-0.333333,0.111111,0.375,1.093,-1.094,0
Ag,POSCAR_Cu2F6_2_z950,-1.1428,0.268,24,0.315558,-0.222222,-0.444444,0.375,1.121,-1.121,0
Ag,POSCAR_Cu2F6_2_z975,-1.4743,0.241,24,0.301667,-0.222222,-0.444444,0.375,1.117,-1.117,0
Ag,POSCAR_Cu2O2_1_x025,4.1618,40.183,17,1.432194,0.357143,0,0.5,0.649,-0.649,0.001
Ag,POSCAR_Cu2O2_1_x050,4.0677,62.119,17,1.479152,0.428571,0,0.5,0.647,-0.65,0.002
Ag,POSCAR_Cu2O2_1_x950,5.2731,76.284,17,1.610464,0,0.428571,0.5,0.636,-0.641,-0.003
Ag,POSCAR_Cu2O2_1_x975,4.7806,44.886,17,1.500257,0,0.357143,0.5,0.643,-0.645,-0.001
Ag,POSCAR_Cu2O2_1_y025,4.194,39.26,17,1.433573,0,0.357143,0.5,0.649,-0.649,-0.001
Ag,POSCAR_Cu2O2_1_y050,4.0919,61.804,17,1.480667,0,0.428571,0.5,0.65,-0.648,-0.002
Ag,POSCAR_Cu2O2_1_y950,5.2643,75.281,17,1.609658,0.428571,0,0.5,0.641,-0.636,0.003
Ag,POSCAR_Cu2O2_1_y975,4.7527,46.633,17,1.499043,0.357143,0,0.5,0.645,-0.644,0.001
Ag,POSCAR_Cu2O2_1_z025,4.1903,3.234,17,1.346967,0,0.428571,0.5,0.651,-0.651,0
Ag,POSCAR_Cu2O2_1_z050,3.8186,2.44,17,1.235626,0,0.5,0.5,0.653,-0.653,0
Ag,POSCAR_Cu2O2_1_z950,5.1078,4.152,17,1.487449,-0.285714,0,0.375,0.634,-0.634,0
Ag,POSCAR_Cu2O2_1_z975,4.7954,4.379,17,1.514487,0,0.357143,0.5,0.642,-0.642,0
Ag,POSCAR_Cu2O2_4_x025,3.5224,15.206,16,0.435445,0,0.5,0.181818,0.752,-0.753,-0.001
Ag,POSCAR_Cu2O2_4_x050,3.2679,28.173,16,0.475326,0,0.5,0.181818,0.752,-0.754,-0.001
Ag,POSCAR_Cu2O2_4_x950,4.3513,27.663,17,0.329336,-0.363636,0.416667,0.272727,0.748,-0.746,0.002
Ag,POSCAR_Cu2O2_4_x975,4.1613,13.952,14,0.338072,0.181818,-0.166667,0.454545,0.75,-0.749,0.001
Ag,POSCAR_Cu2O2_4_y025,3.5215,13.341,15,0.412284,-0.272727,0.25,0,0.751,-0.75,0.001
Ag,POSCAR_Cu2O2_4_y050,3.3707,23.309,15,0.405674,-0.272727,0.25,0,0.75,-0.749,0.001
Ag,POSCAR_Cu2O2_4_y950,4.3977,31.269,17,0.395512,0,0.5,0.272727,0.75,-0.753,-0.002
Ag,POSCAR_Cu2O2_4_y975,4.0294,16.123,16,0.38675,0,0.5,0.181818,0.751,-0.753,-0.001
Ag,POSCAR_Cu2O2_4_z025,3.5707,0.856,14,0.358409,0.181818,-0.166667,0.454545,0.754,-0.754,0
Ag,POSCAR_Cu2O2_4_z050,3.2373,0.941,14,0.373594,0.181818,-0.166667,0.454545,0.756,-0.755,0
Ag,POSCAR_Cu2O2_4_z950,4.5555,1.173,17,0.493897,0,0.5,0.272727,0.742,-0.742,0
Ag,POSCAR_Cu2O2_4_z975,4.108,1.024,16,0.428455,0,0.5,0.181818,0.748,-0.748,0
Ag,POSCAR_Cu2O2_6_x025,3.1247,0.415,16,0.17821,-0.230769,-0.307692,0.25,0.458,-0.458,0
Ag,POSCAR_Cu2O2_6_x050,2.8922,1.064,14,0.222453,-0.153846,-0.307692,0.375,0.47,-0.469,0.001
Ag,POSCAR_Cu2O2_6_x950,4.1368,1.134,16,0.237783,-0.307692,-0.230769,0.25,0.576,-0.576,0
Ag,POSCAR_Cu2O2_6_x975,3.7054,0.807,16,0.225412,-0.307692,-0.230769,0.25,0.488,-0.488,-0.001
Ag,POSCAR_Cu2O2_6_y025,3.1252,0.798,16,0.184851,-0.307692,-0.230769,0.25,0.456,-0.456,-0.001
Ag,POSCAR_Cu2O2_6_y050,2.89,0.72,14,0.21776,-0.307692,-0.153846,0.375,0.466,-0.467,-0.001
Ag,POSCAR_Cu2O2_6_y950,4.1544,28.731,17,0.310592,0.384615,0.153846,0.25,0.582,-0.591,0.009
Ag,POSCAR_Cu2O2_6_y975,3.7067,0.448,16,0.215067,-0.230769,-0.307692,0.25,0.491,-0.491,0.001
Ag,POSCAR_Cu2O2_6_z025,3.1341,0.37,14,0.185877,-0.384615,0,0.375,0.477,-0.477,0
Ag,POSCAR_Cu2O2_6_z050,2.9146,0.207,14,0.165575,0.384615,-0.307692,0.375,0.49,-0.49,0
Ag,POSCAR_Cu2O2_6_z950,3.8559,1.706,14,0.256469,0,-0.307692,0.25,0.358,-0.358,0
Ag,POSCAR_Cu2O2_6_z975,3.6102,0.447,14,0.177062,0.384615,-0.384615,0.375,0.419,-0.419,-0.001
Ag,POSCAR_Cu2O4_1_x025,4.2265,0.08,23,0.482128,0.384615,-0.090909,0.333333,0.676,-0.676,0
Ag,POSCAR_Cu2O4_1_x050,3.9096,0.081,23,0.478825,0.384615,-0.090909,0.333333,0.672,-0.672,0
Ag,POSCAR_Cu2O4_1_x950,5.1937,0.092,23,0.450947,0.307692,-0.090909,0.333333,0.681,-0.681,0
Ag,POSCAR_Cu2O4_1_x975,4.8063,0.088,23,0.454108,0.384615,-0.090909,0.333333,0.681,-0.681,0
Ag,POSCAR_Cu2O4_1_y025,4.1809,0.091,23,0.498212,0.384615,-0.090909,0.333333,0.682,-0.682,0
Ag,POSCAR_Cu2O4_1_y050,3.8388,0.076,23,0.494777,0.384615,-0.090909,0.333333,0.683,-0.683,0
Ag,POSCAR_Cu2O4_1_y950,5.1767,0.097,23,0.366422,0.384615,-0.090909,0.333333,0.67,-0.67,0
Ag,POSCAR_Cu2O4_1_y975,4.857,0.085,23,0.425592,0.384615,-0.090909,0.333333,0.675,-0.675,0
Ag,POSCAR_Cu2O4_1_z025,4.2618,0.08,23,0.379969,0.384615,-0.090909,0.333333,0.683,-0.683,0
Ag,POSCAR_Cu2O4_1_z050,3.9689,0.079,21,0.328353,0.461539,-0.363636,0.333333,0.686,-0.686,0
Ag,POSCAR_Cu2O4_1_z950,5.1336,0.079,23,0.646015,0.384615,-0.090909,0.333333,0.667,-0.667,0
Ag,POSCAR_Cu2O4_1_z975,4.7887,0.078,23,0.565893,0.384615,-0.090909,0.333333,0.674,-0.674,0
Ag,POSCAR_F4Sc2_1_x050,4.9892,1.796,26,0.132357,-0.142857,-0.25,0.25,0.327,-0.325,0.002
Ag,POSCAR_F4Sc2_1_x975,5.2453,6.354,26,0.150989,-0.071429,-0.25,0.25,0.349,-0.34,0.009
Ag,POSCAR_F4Sc2_1_y025,5.0302,5.344,26,0.144852,-0.142857,0.25,0.25,0.217,-0.223,-0.006
Ag,POSCAR_F4Sc2_1_y050,4.7467,6.012,26,0.145164,0.142857,0.25,0.25,0.223,-0.229,-0.006
Ag,POSCAR_F4Sc2_1_y950,5.8999,0.315,26,0.133882,0.142857,-0.25,0.25,0.192,-0.192,0
Ag,POSCAR_F4Sc2_1_z025,5.029,5.635,26,0.145748,-0.142857,0.25,0.25,0.217,-0.223,-0.006
Ag,POSCAR_F4Sc2_1_z050,4.744,7.207,26,0.149111,0.142857,0.25,0.25,0.223,-0.23,-0.007
Ag,POSCAR_F4Sc2_1_z950,5.9045,0.991,26,0.136885,0.142857,-0.25,0.25,0.191,-0.189,0.002
Ag,POSCAR_F4Sc2_1_z975,5.6156,2.773,26,0.138307,-0.142857,0.25,0.25,0.182,-0.189,-0.007
Ag,POSCAR_F6Ru2_1_x025,-0.2418,9.165,34,0.161666,-0.125,0.25,0,4.125,-4.125,0
Ag,POSCAR_F6Ru2_1_x050,-0.3956,20.73,34,0.28894,-0.125,0.25,0,4.135,-4.134,0
Ag,POSCAR_F6Ru2_1_x950,0.8908,24.028,34,0.314652,0.25,0.25,0,4.081,-4.079,0.001
Ag,POSCAR_F6Ru2_1_x975,0.4086,10.892,34,0.175647,-0.25,0.25,0.142857,4.098,-4.097,0
Ag,POSCAR_F6Ru2_1_y025,-0.2235,9.21,34,0.162713,-0.25,0.125,0,4.125,-4.125,0
Ag,POSCAR_F6Ru2_1_y050,-0.4786,20.851,34,0.289872,-0.25,0.125,0,4.134,-4.135,0
Ag,POSCAR_F6Ru2_1_y950,0.8916,24.032,34,0.313369,0.25,0.25,0,4.079,-4.081,-0.001
Ag,POSCAR_F6Ru2_1_y975,0.408,10.864,34,0.17445,0.25,-0.25,0.142857,4.097,-4.098,0
Ag,POSCAR_F6Ru2_1_z025,-0.3238,0.235,33,0.15039,0.125,-0.25,0.142857,4.125,-4.125,0
Ag,POSCAR_F6Ru2_1_z050,-0.6353,0.225,31,0.205619,0.125,-0.375,0.285714,4.136,-4.136,0
Ag,POSCAR_F6Ru2_1_z950,0.8809,0.23,34,0.143853,-0.25,0,0.285714,4.081,-4.081,0
Ag,POSCAR_F6Ru2_1_z975,0.4217,0.205,33,0.115443,0.5,0.25,0,4.098,-4.098,0
Ag,POSCAR_F6Ru2_2_x025,0.046,1.07,35,0.275953,-0.25,0.25,0.375,4.129,-4.129,0
Ag,POSCAR_F6Ru2_2_x050,-0.3324,1.181,34,0.261758,-0.25,0.375,0.375,4.14,-4.14,0
Ag,POSCAR_F6Ru2_2_x950,1.1841,0.866,35,0.339299,-0.25,0.25,0.375,4.085,-4.085,0
Ag,POSCAR_F6Ru2_2_x975,0.7171,0.878,35,0.318618,-0.25,0.25,0.375,4.101,-4.101,0
Ag,POSCAR_F6Ru2_2_y025,0.0159,1.21,35,0.301374,-0.25,0.25,0.375,4.127,-4.127,0
Ag,POSCAR_F6Ru2_2_y050,-0.1952,1.099,35,0.303497,-0.25,0.25,0.375,4.136,-4.136,0
Ag,POSCAR_F6Ru2_2_y950,1.1722,1.242,35,0.341003,-0.25,0.375,0.25,4.086,-4.086,0
Ag,POSCAR_F6Ru2_2_y975,0.8278,1.005,35,0.318739,-0.25,0.375,0.25,4.102,-4.102,0
Ag,POSCAR_F6Ru2_2_z025,0.0151,0.961,35,0.299739,-0.25,0.375,0.25,4.127,-4.127,0
Ag,POSCAR_F6Ru2_2_z050,-0.2178,1.079,35,0.301442,-0.25,0.375,0.25,4.136,-4.136,0
Ag,POSCAR_F6Ru2_2_z950,1.2131,1.544,35,0.34322,-0.25,0.25,0.375,4.086,-4.086,0
Ag,POSCAR_F6Ru2_2_z975,0.7359,1.389,35,0.320465,-0.25,0.25,0.375,4.102,-4.102,0
Ag,POSCAR_F6Ti2_3_x025,1.9011,0.644,33,0.051925,-0.222222,-0.444444,0.25,0.906,-0.906,0
Ag,POSCAR_F6Ti2_3_x050,1.5146,0.634,33,0.0504,-0.222222,-0.444444,0.25,0.909,-0.909,0
Ag,POSCAR_F6Ti2_3_x950,2.9338,0.476,33,0.056445,0.222222,-0.444444,0.25,0.897,-0.897,0
Ag,POSCAR_F6Ti2_3_x975,2.6248,0.438,33,0.054842,0.222222,-0.444444,0.25,0.9,-0.9,0
Ag,POSCAR_F6Ti2_3_y025,1.9297,0.567,33,0.05038,0.222222,-0.444444,0.25,0.905,-0.905,0
Ag,POSCAR_F6Ti2_3_y050,1.615,0.856,33,0.047166,0.222222,-0.444444,0.25,0.908,-0.908,0
Ag,POSCAR_F6Ti2_3_y950,2.7285,0.711,33,0.061271,-0.222222,-0.444444,0.25,0.899,-0.899,0
Ag,POSCAR_F6Ti2_3_y975,2.4093,0.583,33,0.057201,-0.222222,-0.444444,0.25,0.901,-0.901,0
Ag,POSCAR_F6Ti2_3_z025,1.9148,0.485,33,0.048424,-0.222222,-0.444444,0.25,0.907,-0.907,0
Ag,POSCAR_F6Ti2_3_z050,1.5632,0.594,33,0.0438,-0.222222,-0.444444,0.25,0.91,-0.91,0
Ag,POSCAR_F6Ti2_3_z950,2.8459,0.721,33,0.062433,0.222222,-0.444444,0.25,0.895,-0.895,0
Ag,POSCAR_F6Ti2_3_z975,2.4775,0.651,33,0.058755,0.222222,-0.444444,0.25,0.899,-0.899,0
Ag,POSCAR_F6Ti2_4_x025,1.3211,21.87,33,0.058789,0.5,0,0.5,0.911,-0.912,-0.001
Ag,POSCAR_F6Ti2_4_x050,1.1565,32.955,33,0.072477,0.5,0,0.5,0.913,-0.915,-0.002
Ag,POSCAR_F6Ti2_4_x950,2.2929,43.88,33,0.082547,0,0.5,0,0.903,-0.902,0.002
Ag,POSCAR_F6Ti2_4_x975,1.9736,25.62,33,0.067032,0,0.5,0,0.906,-0.906,0.001
Ag,POSCAR_F6Ti2_4_y025,1.3119,22.324,33,0.055196,0,0.5,0.5,0.912,-0.911,0.001
Ag,POSCAR_F6Ti2_4_y050,1.1395,33.23,33,0.070415,0,0.5,0.5,0.915,-0.913,0.002
Ag,POSCAR_F6Ti2_4_y950,2.2923,43.018,33,0.088531,0.5,0,0,0.902,-0.903,-0.002
Ag,POSCAR_F6Ti2_4_y975,1.9777,24.931,33,0.072276,0.5,0,0,0.906,-0.906,-0.001
Ag,POSCAR_F6Ti2_4_z025,1.2187,1.762,33,0.060827,0.5,0,0,0.911,-0.911,0
Ag,POSCAR_F6Ti2_4_z050,1.0115,1.717,33,0.064973,0.5,0,0,0.913,-0.913,0
Ag,POSCAR_F6Ti2_4_z950,2.2105,1.641,33,0.045705,0.5,0,0.5,0.904,-0.904,0
Ag,POSCAR_F6Ti2_4_z975,2.0558,1.542,33,0.04504,0.5,0,0.5,0.907,-0.907,0
Ag,POSCAR_F6Ti2_6_x025,0.8733,17.142,33,0.020625,0.25,0.375,0,0.906,-0.906,-0.001
Ag,POSCAR_F6Ti2_6_x050,0.5375,28.805,33,0.027926,0.5,0.5,0,0.908,-0.908,-0.001
Ag,POSCAR_F6Ti2_6_x950,1.6261,25.455,33,0.055056,0.5,0.5,0,0.899,-0.899,0.001
Ag,POSCAR_F6Ti2_6_x975,1.3345,18.808,33,0.022046,0.5,0.125,0,0.901,-0.901,0
Ag,POSCAR_F6Ti2_6_y025,0.8852,14.3,33,0.030223,0.375,0.5,0.428571,0.905,-0.906,-0.001
Ag,POSCAR_F6Ti2_6_y050,0.5165,25.974,33,0.056834,0.375,0.5,0.428571,0.905,-0.908,-0.001
Ag,POSCAR_F6Ti2_6_y950,1.6746,17.186,33,0.03415,0.5,0.5,0,0.9,-0.9,0.001
Ag,POSCAR_F6Ti2_6_y975,1.385,11.155,33,0.017317,0.5,0.5,0,0.902,-0.902,0
Ag,POSCAR_F6Ti2_6_z025,0.7625,8.411,33,0.018539,0.375,-0.125,0.428571,0.908,-0.908,0.001
Ag,POSCAR_F6Ti2_6_z050,0.4926,12.716,33,0.029135,0.5,0.375,0.428571,0.911,-0.911,0.001
Ag,POSCAR_F6Ti2_6_z950,1.8248,21.357,33,0.068582,0.5,0.5,0.428571,0.887,-0.886,-0.001
Ag,POSCAR_F6Ti2_6_z975,1.5108,11.042,33,0.045138,0.5,0.5,0.428571,0.897,-0.897,-0.001
Ag,POSCAR_F6Zr2_2_x025,3.3168,24.066,33,0.153566,0,0.428571,0,0.761,-0.752,0.009
Ag,POSCAR_F6Zr2_2_x975,3.8346,23.7,33,0.167803,-0.142857,0.285714,0.285714,0.738,-0.747,-0.01
Ag,POSCAR_F6Zr2_2_y025,3.3191,23.075,33,0.152778,0.428571,0,0,0.752,-0.761,-0.009
Ag,POSCAR_F6Zr2_2_y975,3.8321,24.675,33,0.168763,0.285714,-0.142857,0.285714,0.748,-0.738,0.009
Ag,POSCAR_F6Zr2_2_z025,3.1658,1.061,33,0.048113,0.428571,0,0.428571,0.753,-0.753,0
Ag,POSCAR_F6Zr2_2_z050,2.8779,1.192,33,0.050048,0.428571,0,0.428571,0.756,-0.756,0
Ag,POSCAR_F6Zr2_2_z950,4.1827,0.941,33,0.067087,0.142857,-0.428571,0.142857,0.743,-0.743,0
Ag,POSCAR_F6Zr2_2_z975,3.8379,0.991,33,0.061152,0,0.428571,0,0.747,-0.747,0
Ag,POSCAR_F6Zr2_4_x025,6.4635,1.395,33,0.030445,-0.272727,-0.4,0.166667,0.805,-0.805,0
Ag,POSCAR_F6Zr2_4_x050,6.1819,1.387,33,0.029004,-0.272727,-0.4,0.166667,0.806,-0.806,0
Ag,POSCAR_F6Zr2_4_x950,7.7761,1.523,33,0.0327,-0.272727,0.5,0.166667,0.798,-0.798,0
Ag,POSCAR_F6Zr2_4_x975,7.3174,1.478,33,0.032291,-0.272727,0.5,0.166667,0.801,-0.801,0
Ag,POSCAR_F6Zr2_4_y025,6.5337,1.358,33,0.029376,-0.272727,0.5,0.166667,0.803,-0.803,0
Ag,POSCAR_F6Zr2_4_y050,6.2704,1.235,33,0.027122,-0.272727,0.5,0.166667,0.804,-0.804,0
Ag,POSCAR_F6Zr2_4_y950,7.6826,1.478,33,0.035112,-0.272727,-0.4,0.166667,0.802,-0.803,0
Ag,POSCAR_F6Zr2_4_y975,7.1656,1.53,33,0.033425,-0.272727,-0.4,0.166667,0.803,-0.803,0
Ag,POSCAR_F6Zr2_4_z025,6.4444,1.583,33,0.028325,-0.272727,-0.4,0.166667,0.805,-0.805,0
Ag,POSCAR_F6Zr2_4_z050,6.1314,1.66,33,0.025284,-0.272727,-0.4,0.166667,0.807,-0.807,0
Ag,POSCAR_F6Zr2_4_z950,7.5878,1.334,33,0.037187,-0.272727,0.5,0.166667,0.798,-0.798,0
Ag,POSCAR_F6Zr2_4_z975,7.1601,1.351,33,0.034464,-0.272727,0.5,0.166667,0.801,-0.801,0
Ag,POSCAR_Ga2Ru2_4_x025,8.3047,0.127,24,0.284841,-0.076923,-0.307692,0.166667,1.132,-1.133,0
Ag,POSCAR_Ga2Ru2_4_x050,8.0812,0.156,24,0.255782,-0.307692,0.461539,0.166667,1.255,-1.255,0
Ag,POSCAR_Ga2Ru2_4_x950,9.2699,0.352,24,0.340839,0.384615,-0.076923,0.166667,0.864,-0.863,0.001
Ag,POSCAR_Ga2Ru2_4_x975,8.8374,0.199,24,0.271386,0.384615,0,0.166667,0.736,-0.736,0
Ag,POSCAR_Ga2Ru2_4_y025,8.3046,0.095,24,0.285189,0.307692,0.076923,0.166667,1.133,-1.132,0
Ag,POSCAR_Ga2Ru2_4_y050,8.0813,0.096,24,0.25587,0.461539,-0.307692,0.166667,1.255,-1.255,0
Ag,POSCAR_Ga2Ru2_4_y950,9.2699,0.46,24,0.340509,0.076923,-0.384615,0.166667,0.864,-0.862,0.001
Ag,POSCAR_Ga2Ru2_4_y975,8.8374,0.35,24,0.271766,0,0.384615,0.166667,0.736,-0.737,-0.001
Ag,POSCAR_Ga2Ru2_4_z025,8.2619,0.77,24,0.315792,0.307692,0,0.166667,1.148,-1.147,0.001
Ag,POSCAR_Ga2Ru2_4_z975,8.937,0.149,25,0.184252,0.307692,-0.461539,0.166667,0.945,-0.945,0
Ag,POSCAR_Ga4Ti2_1_x050,4.9039,1.275,38,0.007385,0.375,0.375,0.5,-0.003,-0.003,-0.006
Ag,POSCAR_Ga4Ti2_1_y050,4.9038,1.008,38,0.005902,0.375,0.375,0.5,-0.002,-0.002,-0.005
Ag,POSCAR_Ga4Ti2_1_z025,5.0741,0.277,38,0.00215,0.375,0.375,0.5,-0.001,-0.001,-0.001
Ag,POSCAR_Ge2Ru2_2_x025,9.7154,0.089,28,0.243828,0.357143,-0.071429,0.333333,1.101,-1.101,0
Ag,POSCAR_Ge2Ru2_2_x050,9.3899,0.08,28,0.305911,0.357143,-0.071429,0.333333,1.262,-1.262,0
Ag,POSCAR_Ge2Ru2_2_x950,10.8054,0.949,25,0.208214,-0.071429,-0.071429,0.166667,0.782,-0.779,0.002
Ag,POSCAR_Ge2Ru2_2_x975,10.4225,0.276,28,0.179111,0,0.357143,0.333333,0.935,-0.936,-0.001
Ag,POSCAR_Ge2Ru2_2_y025,9.7154,0.079,28,0.244115,-0.071429,0.357143,0.333333,1.101,-1.101,0
Ag,POSCAR_Ge2Ru2_2_y050,9.39,0.087,28,0.3061,-0.071429,0.357143,0.333333,1.261,-1.261,0
Ag,POSCAR_Ge2Ru2_2_y950,10.8052,0.323,25,0.201745,0.071429,0.071429,0.166667,0.838,-0.838,0.001
Ag,POSCAR_Ge2Ru2_2_y975,10.4219,0.693,28,0.179407,0.357143,0,0.333333,0.93,-0.929,0.001
Ag,POSCAR_Ge2Ru2_2_z025,9.7028,0.077,28,0.21286,0,0.357143,0.333333,1.086,-1.086,0
Ag,POSCAR_Ge2Ru2_2_z050,9.3467,0.122,28,0.238089,0,0.357143,0.333333,1.247,-1.248,0
Ag,POSCAR_Ge2Ru2_2_z950,10.8101,0.064,28,0.169089,0,0.357143,0.333333,0.775,-0.775,0
Ag,POSCAR_Ge2Ru2_2_z975,10.3925,0.091,28,0.173135,0,0.357143,0.333333,0.838,-0.838,0
Ag,POSCAR_I4Ti2_1_x025,3.5131,1.187,23,0.095834,0.5,0.333333,0.333333,1.672,-1.672,0
Ag,POSCAR_I4Ti2_1_x050,3.2119,1.113,23,0.101853,0.5,0.333333,0.333333,1.68,-1.68,0
Ag,POSCAR_I4Ti2_1_x950,4.4826,1.197,25,0.069829,-0.2,0.166667,0.166667,1.643,-1.643,0
Ag,POSCAR_I4Ti2_1_x975,4.0655,1.185,25,0.059235,0.5,-0.333333,0.333333,1.654,-1.654,0
Ag,POSCAR_I4Ti2_1_y025,3.4806,1.349,23,0.054266,0.5,0.333333,0.333333,1.671,-1.671,0
Ag,POSCAR_I4Ti2_1_y050,3.2161,1.008,25,0.044192,0.5,-0.333333,0.333333,1.678,-1.679,0
Ag,POSCAR_I4Ti2_1_y950,4.4903,0.981,26,0.056076,0,-0.166667,0.166667,1.646,-1.646,0
Ag,POSCAR_I4Ti2_1_y975,4.1974,1.437,25,0.055313,0.5,-0.333333,0.333333,1.655,-1.655,0
Ag,POSCAR_I4Ti2_1_z025,3.4789,1.182,23,0.053516,0.5,0.333333,0.333333,1.671,-1.671,0
Ag,POSCAR_I4Ti2_1_z050,3.2169,1.217,22,0.046923,0.5,0.333333,0.166667,1.678,-1.679,0
Ag,POSCAR_I4Ti2_1_z950,4.488,0.776,26,0.055599,0,-0.166667,0.166667,1.646,-1.646,0
Ag,POSCAR_I4Ti2_1_z975,4.1988,0.933,25,0.055284,0.5,-0.333333,0.333333,1.655,-1.655,0
Ag,POSCAR_O2Sc2_2_x025,5.3234,1.584,17,0.038216,0,0.416667,0.142857,0.34,-0.34,0
Ag,POSCAR_O2Sc2_2_x050,5.2132,1.573,17,0.042143,0,0.416667,0.142857,0.334,-0.334,0
Ag,POSCAR_O2Sc2_2_x950,5.9824,1.577,17,0.061808,-0.333333,-0.083333,0.285714,0.356,-0.356,0
Ag,POSCAR_O2Sc2_2_x975,5.8199,1.581,17,0.045378,-0.416667,0,0.285714,0.351,-0.351,0
Ag,POSCAR_O2Sc2_2_y025,5.3248,1.583,17,0.03817,-0.416667,0,0.142857,0.34,-0.34,0
Ag,POSCAR_O2Sc2_2_y050,5.213,1.572,17,0.042109,-0.416667,0,0.142857,0.334,-0.334,0
Ag,POSCAR_O2Sc2_2_y950,5.9811,1.578,17,0.061831,0.083333,0.333333,0.285714,0.356,-0.356,0
Ag,POSCAR_O2Sc2_2_y975,5.8184,1.58,17,0.045415,0,0.416667,0.285714,0.351,-0.351,0
Ag,POSCAR_O2Sc2_2_z025,5.2813,1.707,17,0.031106,0.416667,-0.416667,0.285714,0.355,-0.355,0
Ag,POSCAR_O2Sc2_2_z050,5.0716,1.801,17,0.029945,0.416667,-0.416667,0.285714,0.364,-0.364,0
Ag,POSCAR_O2Sc2_2_z950,6.0223,1.455,17,0.038085,0.416667,-0.416667,0.142857,0.322,-0.322,0
Ag,POSCAR_O2Sc2_2_z975,5.7546,1.521,17,0.035475,0.416667,-0.416667,0.142857,0.335,-0.334,0
Ag,POSCAR_O2Ti2_7_x050,10.4021,5.704,18,0.442819,0.333333,-0.133333,0.285714,0.39,-0.393,-0.003
Ag,POSCAR_O2Ti2_7_x950,11.5705,0.925,18,0.127142,-0.133333,0.333333,0.428571,0.045,-0.043,0.002
Ag,POSCAR_O2Ti2_7_x975,11.294,0.261,18,0.002582,-0.266667,0.466667,0.285714,0,-0.001,0
Ag,POSCAR_O2Ti2_7_y050,10.4006,4.373,18,0.446511,0.133333,-0.333333,0.285714,0.394,-0.399,-0.005
Ag,POSCAR_O2Ti2_7_y950,11.5705,0.957,18,0.129463,-0.333333,0.133333,0.428571,0.046,-0.044,0.002
Ag,POSCAR_O2Ti2_7_y975,11.294,0.218,18,0.002042,-0.466667,0.266667,0.285714,0,-0.001,0
Ag,POSCAR_O2Ti2_7_z050,10.1317,1.556,18,0.017214,0.466667,-0.266667,0.142857,0.005,-0.003,0.002
Ag,POSCAR_O2Ti2_7_z950,11.8404,2.288,18,0.468335,0.2,-0.466667,0.285714,0.357,-0.357,0
Ag,POSCAR_O2Ti2_7_z975,11.4387,3.482,18,0.016067,0.133333,-0.333333,0.285714,-0.002,-0.006,-0.008
Ag,POSCAR_O3Zr2_1_y050,10.1585,0.526,21,0.005407,0,0.083333,0.285714,0.001,0.001,0.001
Ag,POSCAR_O3Zr2_1_y975,11.1725,0.533,22,0.002351,0,0,0.285714,-0.001,-0.001,-0.002
Ag,POSCAR_O3Zr2_1_z950,11.4877,1.328,21,0.010998,-0.166667,0.166667,0,-0.001,-0.001,-0.002
Ag,POSCAR_O4Ru2_1_x025,5.607,0.399,26,0.510883,-0.307692,-0.333333,0.333333,1.545,-1.545,0
Ag,POSCAR_O4Ru2_1_x050,5.385,0.414,26,0.527345,-0.307692,-0.333333,0.333333,1.559,-1.559,0
Ag,POSCAR_O4Ru2_1_x950,6.7924,0.509,25,0.562709,-0.230769,-0.222222,0.222222,1.5,-1.5,0
Ag,POSCAR_O4Ru2_1_x975,6.463,0.455,25,0.475318,0.076923,0.222222,0.222222,1.516,-1.516,0
Ag,POSCAR_O4Ru2_1_y025,5.5949,0.291,25,0.457431,-0.076923,0.222222,0.222222,1.554,-1.554,0
Ag,POSCAR_O4Ru2_1_y050,5.2639,0.243,23,0.423666,0,0.333333,0.222222,1.576,-1.576,0
Ag,POSCAR_O4Ru2_1_y950,6.754,0.269,26,0.4348,-0.307692,-0.333333,0.333333,1.485,-1.485,0
Ag,POSCAR_O4Ru2_1_y975,6.4312,0.301,25,0.41386,-0.076923,0.222222,0.222222,1.508,-1.508,0
Ag,POSCAR_O4Ru2_1_z025,5.5949,0.294,25,0.457426,-0.076923,-0.222222,0.222222,1.554,-1.554,0
Ag,POSCAR_O4Ru2_1_z050,5.2638,0.25,23,0.423708,0,0.222222,0.333333,1.576,-1.576,0
Ag,POSCAR_O4Ru2_1_z950,6.7539,0.266,26,0.43482,-0.307692,-0.333333,0.333333,1.485,-1.485,0
Ag,POSCAR_O4Ru2_1_z975,6.4311,0.301,25,0.414017,-0.076923,0.222222,0.222222,1.508,-1.508,0
Ag,POSCAR_O4Ru2_2_x025,4.4855,4.069,26,0.194143,-0.181818,0,0.25,1.584,-1.585,0
Ag,POSCAR_O4Ru2_2_x050,4.2571,8.429,26,0.233842,0.181818,0,0.125,1.602,-1.605,-0.001
Ag,POSCAR_O4Ru2_2_x950,5.4323,6.286,26,0.12712,-0.090909,0,0.25,1.505,-1.504,-0.001
Ag,POSCAR_O4Ru2_2_x975,5.0948,7.18,26,0.16295,-0.090909,0,0.25,1.549,-1.547,0.001
Ag,POSCAR_O4Ru2_2_y025,4.4173,1.81,26,0.150857,-0.090909,0,0.25,1.581,-1.581,0
Ag,POSCAR_O4Ru2_2_y050,4.1529,1.63,24,0.139239,0.272727,-0.090909,0.25,1.595,-1.594,0
Ag,POSCAR_O4Ru2_2_y950,5.5046,7.91,26,0.261243,-0.090909,0,0.125,1.531,-1.526,0.005
Ag,POSCAR_O4Ru2_2_y975,5.1316,2.489,26,0.206032,-0.090909,0,0.125,1.551,-1.551,0
Ag,POSCAR_O4Ru2_2_z025,4.4268,4.913,23,0.154323,0.363636,0,0.5,1.591,-1.589,0
Ag,POSCAR_O4Ru2_2_z050,4.195,5.237,23,0.11933,-0.454545,0.090909,0.5,1.613,-1.611,0.001
Ag,POSCAR_O4Ru2_2_z975,5.1134,4.343,26,0.228276,0.090909,0,0.125,1.54,-1.541,0
Ag,POSCAR_O5Ru2_1_x025,2.9397,1.92,26,0.027822,0,0,0,1.735,-1.736,-0.002
Ag,POSCAR_O5Ru2_1_x050,2.6354,1.936,27,0.033094,0,0,0,1.727,-1.727,0
Ag,POSCAR_O5Ru2_1_x950,4.1939,1.573,29,0.008402,0.272727,-0.090909,0.285714,1.36,-1.362,-0.002
Ag,POSCAR_O5Ru2_1_x975,3.783,1.454,29,0.019727,0.272727,-0.181818,0.428571,1.607,-1.607,0.002
Ag,POSCAR_O5Ru2_1_y025,3.0646,0.949,27,0.012375,0,0.090909,0.142857,1.744,-1.744,0
Ag,POSCAR_O5Ru2_1_y050,2.7918,1.669,26,0.015752,0,0.090909,0.285714,1.778,-1.775,0.001
Ag,POSCAR_O5Ru2_1_y950,3.8964,1.92,27,0.035731,0,0,0.142857,1.719,-1.719,0
Ag,POSCAR_O5Ru2_1_y975,3.6055,1.831,27,0.039154,0,0,0.142857,1.733,-1.733,-0.001
Ag,POSCAR_O5Ru2_1_z025,3.0063,2.508,28,0.042374,0,0,0.142857,1.774,-1.775,-0.001
Ag,POSCAR_O5Ru2_1_z050,2.7037,3.096,27,0.043244,0,0,0.142857,1.8,-1.801,-0.002
Ag,POSCAR_O5Ru2_1_z950,4.0112,3.155,27,0.01973,0,0.090909,0.142857,1.601,-1.605,-0.006
Ag,POSCAR_O5Ru2_1_z975,3.6709,0.994,27,0.013914,0,0.090909,0.142857,1.691,-1.691,0
Ag,POSCAR_O6Ru2_2_x025,1.4442,33.44,30,0.345283,-0.125,0.375,0.125,1.228,-1.243,-0.002
Ag,POSCAR_O6Ru2_2_x050,1.3364,57.976,30,0.295053,-0.125,0.375,0.125,1.246,-1.275,-0.004
Ag,POSCAR_O6Ru2_2_x950,2.2235,52.634,30,0.476997,0.375,-0.125,0.125,1.161,-1.143,0.001
Ag,POSCAR_O6Ru2_2_x975,2.0917,31.939,30,0.436128,0.375,-0.125,0.125,1.186,-1.177,0.001
Ag,POSCAR_O6Ru2_2_y025,1.445,33.011,30,0.357877,0.375,-0.125,0.125,1.241,-1.23,0.001
Ag,POSCAR_O6Ru2_2_y050,1.3382,57.56,30,0.306331,0.375,-0.125,0.125,1.273,-1.248,0.003
Ag,POSCAR_O6Ru2_2_y950,2.2204,52.943,30,0.467441,-0.125,0.375,0.125,1.141,-1.163,-0.001
Ag,POSCAR_O6Ru2_2_y975,1.8995,32.327,30,0.42575,-0.125,0.375,0.125,1.175,-1.188,-0.001
Ag,POSCAR_O6Ru2_2_z025,1.4536,2.325,30,0.393943,0.375,-0.125,0.125,1.267,-1.27,0
Ag,POSCAR_O6Ru2_2_z050,1.1126,2.566,30,0.354108,0.375,-0.125,0.125,1.341,-1.346,-0.001
Ag,POSCAR_O6Ru2_2_z950,2.4185,2.023,30,0.268789,0.25,-0.25,0.125,1.114,-1.115,0
Ag,POSCAR_O6Ru2_2_z975,2.1523,1.94,30,0.342504,0.375,-0.125,0.125,1.159,-1.16,0
Ag,POSCAR_P1Ru2_1_x025,10.4858,8.646,15,0.054636,0,-0.090909,0.090909,0.728,-0.719,0.009
Ag,POSCAR_P1Ru2_1_y025,10.487,10.808,17,0.061926,-0.272727,0,0.272727,0.723,-0.72,0.003
Ag,POSCAR_P1Ru2_1_y950,11.5235,0.349,17,0.004568,0.181818,-0.454545,0.454545,0,-0.001,-0.001
Ag,POSCAR_P1Ru2_1_z025,10.4869,11.544,15,0.066085,-0.090909,0.090909,0,0.723,-0.72,0.003
Ag,POSCAR_P1Ru2_1_z950,11.5241,0.357,17,0.005089,-0.181818,-0.454545,0.454545,0,-0.001,-0.001
Ag,POSCAR_P2Ru2_2_x025,10.3101,0.268,19,0.481789,0,-0.307692,0.285714,1.147,-1.147,0
Ag,POSCAR_P2Ru2_2_x050,9.912,0.207,19,0.492988,0,-0.307692,0.285714,1.178,-1.178,0
Ag,POSCAR_P2Ru2_2_x950,11.5507,0.227,19,0.587903,0.307692,0,0.285714,1.075,-1.075,0
Ag,POSCAR_P2Ru2_2_x975,11.1153,0.253,19,0.518551,0.307692,0,0.285714,1.088,-1.088,0
Ag,POSCAR_P2Ru2_2_y025,10.3075,0.266,19,0.47543,-0.307692,0,0.285714,1.143,-1.143,0
Ag,POSCAR_P2Ru2_2_y050,9.911,0.244,19,0.488761,-0.307692,0,0.285714,1.176,-1.176,0
Ag,POSCAR_P2Ru2_2_y950,11.5462,0.253,19,0.593917,0,-0.307692,0.285714,1.075,-1.074,0
Ag,POSCAR_P2Ru2_2_y975,11.1159,0.198,19,0.525025,0,-0.307692,0.285714,1.091,-1.09,0
Ag,POSCAR_P2Ru2_2_z025,10.3554,0.232,19,0.440628,0,-0.307692,0.285714,1.174,-1.174,0
Ag,POSCAR_P2Ru2_2_z050,10.0073,0.234,19,0.413021,0,-0.307692,0.285714,1.247,-1.246,0.001
Ag,POSCAR_P2Ru2_2_z950,11.4886,0.218,19,0.462929,0,-0.307692,0.285714,0.861,-0.861,0
Ag,POSCAR_P2Ru2_2_z975,11.044,1.583,19,0.463935,0,-0.307692,0.285714,0.95,-0.946,0.005
Ag,POSCAR_P2Zr2_2_x025,8.4449,1.225,17,0.004906,0.416667,0.333333,0.166667,0.001,0.001,0.002
Ag,POSCAR_P2Zr2_2_x050,8.1784,1.509,18,0.006065,0.5,0.5,0,-0.002,-0.002,-0.003
Ag,POSCAR_P2Zr2_2_z025,8.4065,5.821,17,0.286616,0.5,0,0,0.033,-0.03,0.003
Ag,POSCAR_P2Zr2_2_z050,8.175,5.352,17,0.274689,0.5,0,0,0.028,-0.026,0.003
Ag,POSCAR_P2Zr2_2_z950,9.2397,4.027,18,0.015729,0.5,0.5,0.5,0.005,0.005,0.008
Ag,POSCAR_P8Zr2_1_x025,7.2167,0.572,33,0.008054,-0.222222,-0.25,0.333333,0.007,-0.007,0
Ag,POSCAR_P8Zr2_1_x050,6.9679,0.177,33,0.005879,0.222222,-0.25,0.333333,0.005,-0.006,-0.001
Ag,POSCAR_P8Zr2_1_x975,7.7567,0.296,33,0.002156,0.111111,-0.25,0.333333,0.002,-0.002,0
Ag,POSCAR_P8Zr2_1_y025,7.2163,0.045,31,0.003667,-0.333333,0.125,0.333333,0.004,-0.004,0
Ag,POSCAR_P8Zr2_1_y050,6.963,0.169,32,0.005164,0.333333,-0.25,0.166667,0.005,-0.005,-0.001
Ag,POSCAR_P8Zr2_1_y950,8.0269,0.439,31,0.002509,-0.444444,0.375,0,0,-0.002,-0.002
Ag,POSCAR_P8Zr2_1_y975,7.7461,0.482,33,0.011545,-0.222222,-0.125,0.333333,0.011,-0.009,0.002
Ag,POSCAR_P8Zr2_1_z975,7.7475,0.157,33,0.002078,0.111111,-0.25,0.333333,0.002,-0.002,-0.001
Ag,POSCAR_Pb10Ru2_1_x025,6.7305,2.015,82,0.023198,-0.166667,0.166667,0,2.125,-2.127,-0.003
Ag,POSCAR_Pb10Ru2_1_x050,6.5114,1.426,80,0.015567,0,0,0,2.22,-2.22,0.002
Ag,POSCAR_Pb10Ru2_1_x950,7.5517,5.53,82,0.063094,-0.166667,0.166667,0,1.794,-1.787,-0.007
Ag,POSCAR_Pb10Ru2_1_x975,7.2677,2.146,84,0.02501,-0.333333,0.5,0.2,1.914,-1.915,-0.003
Ag,POSCAR_Pb10Ru2_1_y025,6.7307,2.565,84,0.033355,-0.166667,0.166667,0,2.125,-2.128,-0.004
Ag,POSCAR_Pb10Ru2_1_y050,6.5115,1.413,83,0.014851,-0.166667,0.333333,0.2,2.22,-2.22,0.001
Ag,POSCAR_Pb10Ru2_1_y975,7.2694,2.147,84,0.024356,0,0.333333,0,1.916,-1.915,0.001
Ag,POSCAR_Pb10Ru2_1_z025,6.7037,1.826,80,0.029342,-0.166667,0.333333,0,1.894,-1.891,0.002
Ag,POSCAR_Pb10Ru2_1_z050,6.444,1.902,80,0.017482,0.333333,-0.166667,0.4,1.95,-1.952,-0.006
Ag,POSCAR_Pb10Ru2_1_z975,7.2709,2.499,82,0.0231,-0.166667,0.166667,0,1.883,-1.889,-0.01
Ag,POSCAR_Pb2Ru2_2_x050,7.7216,1.798,25,0.613685,0,0.333333,0.125,1.133,-1.139,-0.006
Ag,POSCAR_Pb2Ru2_2_x975,8.5951,0.744,26,0.347314,0.333333,0,0.25,0.899,-0.897,0.002
Ag,POSCAR_Pb2Ru2_2_y025,7.9984,1.014,25,0.502266,-0.333333,0,0.125,1.043,-1.044,-0.002
Ag,POSCAR_Pb2Ru2_2_y050,7.719,1.14,25,0.608572,0.333333,0,0.125,1.135,-1.133,0.002
Ag,POSCAR_Pb2Ru2_2_y950,8.9329,2.897,26,0.34521,0,-0.333333,0.25,0.819,-0.811,0.01
Ag,POSCAR_Pb2Ru2_2_y975,8.5917,2.05,26,0.357836,0,-0.333333,0.25,0.902,-0.896,0.007
Ag,POSCAR_Pb2Ru2_2_z025,7.9884,1.25,27,0.598885,-0.222222,0,0.25,1.253,-1.253,0
Ag,POSCAR_Pb2Ru2_2_z950,8.9832,0.125,25,0.005118,0,0,0.5,-0.002,0.002,0
Ag,POSCAR_Pb2Ru2_2_z975,8.6152,0.884,25,0.406592,-0.333333,0,0.125,0.819,-0.817,0.003
Ag,POSCAR_Pb2Ru2_3_x025,8.394,0.579,28,0.005109,0,0.5,0.5,1.922,-1.923,-0.001
Ag,POSCAR_Pb2Ru2_3_x050,8.1132,0.51,28,0.005597,0,0.5,0.5,1.983,-1.984,-0.001
Ag,POSCAR_Pb2Ru2_3_x950,9.336,0.633,28,0.008969,0.181818,0.3,0,1.706,-1.706,0
Ag,POSCAR_Pb2Ru2_3_x975,8.9975,0.518,25,0.006693,-0.363636,-0.3,0.375,1.793,-1.793,0
Ag,POSCAR_Pb2Ru2_3_y025,8.3843,0.599,28,0.007665,0.090909,0.2,0.25,1.953,-1.954,0
Ag,POSCAR_Pb2Ru2_3_y050,8.1546,1.318,27,0.007335,-0.454545,0.2,0.5,2.092,-2.09,0.003
Ag,POSCAR_Pb2Ru2_3_y950,9.3838,1.212,28,0.008948,0,0,0,1.692,-1.69,0.003
Ag,POSCAR_Pb2Ru2_3_y975,9.0122,0.516,28,0.005712,0,0.2,0.25,1.778,-1.779,0
Ag,POSCAR_Pb2Ru2_3_z050,8.1885,0.84,25,0.005304,-0.363636,-0.4,0.375,2.074,-2.075,-0.001
Ag,POSCAR_Pb2Ru2_3_z950,9.4121,0.647,27,0.003965,-0.363636,0.2,0,1.618,-1.616,0.002
Ag,POSCAR_Pb2Ru2_3_z975,9.0241,0.415,25,0.005401,-0.363636,-0.3,0.375,1.76,-1.761,0
Ag,POSCAR_Pb2Sc2_3_x025,6.1572,0.88,26,0.014521,-0.416667,0.416667,0.4,0.006,-0.009,-0.003
Ag,POSCAR_Pb2Sc2_3_x050,5.9622,0.271,25,0.018017,0,-0.416667,0.4,0.009,-0.008,0
Ag,POSCAR_Pb2Sc2_3_x950,6.8808,0.269,26,0.02229,-0.416667,0.416667,0.2,0.015,-0.015,0
Ag,POSCAR_Pb2Sc2_3_x975,6.623,0.378,26,0.00246,0,0.5,0,-0.001,-0.001,-0.001
Ag,POSCAR_Pb2Sc2_3_y025,6.1577,0.936,26,0.014721,-0.416667,0.416667,0.4,0.006,-0.009,-0.003
Ag,POSCAR_Pb2Sc2_3_y050,5.9612,1.796,26,0.071596,0,-0.416667,0.2,0.054,-0.058,-0.004
Ag,POSCAR_Pb2Sc2_3_y950,6.8809,0.1,26,0.022476,0.416667,-0.416667,0.2,0.015,-0.014,0
Ag,POSCAR_Pb2Sc2_3_y975,6.6229,1.094,26,0.007063,0.5,0,0,-0.002,-0.002,-0.003
Ag,POSCAR_Pb2Sc2_3_z025,6.179,0.35,26,0.027458,-0.416667,0.416667,0.2,0.02,-0.02,-0.001
Ag,POSCAR_Pb2Sc2_3_z050,5.9919,0.37,26,0.023607,-0.416667,0,0.4,0.017,-0.015,0.002
Ag,POSCAR_Pb2Sc2_3_z950,6.8443,0.251,26,0.011254,0,-0.416667,0.2,0.007,-0.007,0
Ag,POSCAR_Pb2Sc2_3_z975,6.6134,0.213,26,0.014312,-0.416667,0,0.2,0.01,-0.01,0
Ag,POSCAR_Pb3Ru2_1_x025,7.7127,3.624,34,0.01912,0,0,0.428571,1.918,-1.914,0.005
Ag,POSCAR_Pb3Ru2_1_x950,8.6681,4.775,36,0.032608,0.5,0,0.428571,1.695,-1.692,0.004
Ag,POSCAR_Pb3Ru2_1_y025,7.7311,4.463,35,0.028783,0.125,0,0,1.908,-1.898,0.009
Ag,POSCAR_Pb3Ru2_1_y050,7.4653,4.14,33,0.018545,0,0,0.142857,2.008,-2.009,-0.002
Ag,POSCAR_Pb3Ru2_1_y950,8.5928,3.659,34,0.019069,0,0,0.428571,1.696,-1.693,0.003
Ag,POSCAR_Pb3Ru2_1_y975,8.3014,3.636,34,0.018102,0,0,0.428571,1.772,-1.77,0.001
Ag,POSCAR_Pb3Ru2_1_z025,7.7267,3.711,34,0.017102,0,0,0.428571,1.9,-1.898,0.002
Ag,POSCAR_Pb3Ru2_1_z050,7.4159,3.304,36,0.016549,0,-0.444444,0.428571,1.925,-1.921,0.005
Ag,POSCAR_Ru2S2_1_x025,8.4062,0.08,20,0.385328,0,-0.307692,0.333333,0.383,-0.383,0
Ag,POSCAR_Ru2S2_1_x050,8.1015,0.087,20,0.408007,0,-0.307692,0.333333,0.381,-0.381,0
Ag,POSCAR_Ru2S2_1_x950,9.5202,2.801,17,0.287407,-0.384615,0.384615,0.333333,0.294,-0.293,0
Ag,POSCAR_Ru2S2_1_x975,9.1115,0.135,20,0.347269,0.307692,0,0.333333,0.356,-0.355,0
Ag,POSCAR_Ru2S2_1_y025,8.4065,0.098,20,0.386419,0.307692,0,0.333333,0.383,-0.383,0
Ag,POSCAR_Ru2S2_1_y050,8.1015,0.107,20,0.40962,0.307692,0,0.333333,0.381,-0.381,0
Ag,POSCAR_Ru2S2_1_y950,9.5203,2.791,17,0.286791,0.384615,-0.384615,0.333333,0.293,-0.293,0
Ag,POSCAR_Ru2S2_1_y975,9.1113,0.07,20,0.345198,0,0.307692,0.333333,0.355,-0.355,0
Ag,POSCAR_Ru2S2_1_z025,8.4009,0.072,19,0.382235,0.384615,0,0.166667,0.4,-0.4,0
Ag,POSCAR_Ru2S2_1_z050,8.0912,0.076,20,0.340731,0.307692,0,0.166667,0.431,-0.431,0
Ag,POSCAR_Ru2S2_1_z950,9.5968,0.078,20,0.341094,-0.384615,0,0.333333,0.338,-0.338,0
Ag,POSCAR_Ru2S2_1_z975,9.1317,0.07,17,0.384746,-0.384615,0.384615,0.333333,0.365,-0.365,0
Ag,POSCAR_Ru2S2_2_x025,8.6979,1.688,20,0.436715,0,0.272727,0.25,1.005,-1.004,0
Ag,POSCAR_Ru2S2_2_x050,8.3572,1.85,20,0.532862,0,-0.272727,0.25,1.08,-1.078,0.002
Ag,POSCAR_Ru2S2_2_x950,9.8964,1.574,19,0.371944,0.307692,-0.363636,0.25,0.816,-0.815,0.001
Ag,POSCAR_Ru2S2_2_x975,9.4655,1.654,19,0.347329,0.307692,0,0.25,0.883,-0.882,0.001
Ag,POSCAR_Ru2S2_2_y025,8.7534,1.913,20,0.37715,0,0.272727,0.25,1.048,-1.047,0.001
Ag,POSCAR_Ru2S2_2_y050,8.4452,1.688,20,0.393543,0.230769,-0.454545,0.25,1.138,-1.138,0
Ag,POSCAR_Ru2S2_2_y950,9.788,1.909,19,0.416363,0.384615,0,0.25,0.644,-0.643,0.001
Ag,POSCAR_Ru2S2_2_y975,9.4012,1.673,19,0.381273,0.307692,0,0.25,0.81,-0.809,0
Ag,POSCAR_Ru2S2_2_z025,8.7245,1.68,20,0.375996,0,-0.272727,0.25,1.081,-1.08,0.001
Ag,POSCAR_Ru2S2_2_z050,8.4056,2.046,20,0.402052,0,-0.272727,0.25,1.23,-1.227,0.002
Ag,POSCAR_Ru2S2_2_z950,9.8438,1.589,20,0.293573,0,0.272727,0.25,0.665,-0.663,0.002
Ag,POSCAR_Ru2S2_2_z975,9.4445,1.689,20,0.326359,0,0.272727,0.25,0.804,-0.803,0.001
Ag,POSCAR_Ru2S8_1_x025,5.2361,0.298,37,0.425533,-0.285714,0.285714,0.285714,0.58,-0.581,0
Ag,POSCAR_Ru2S8_1_x050,4.8194,0.094,34,0.028072,0.142857,-0.428571,0.428571,0.013,-0.012,0
Ag,POSCAR_Ru2S8_1_y025,5.267,0.231,33,0.341291,-0.428571,-0.285714,0.285714,0.594,-0.594,0
Ag,POSCAR_Ru2S8_1_y050,5.0013,0.224,34,0.361069,-0.428571,0.285714,0.142857,0.642,-0.643,0
Ag,POSCAR_Ru2S8_1_y950,6.0539,0.136,34,0.001215,0.142857,-0.428571,0.428571,0.001,0,0.001
Ag,POSCAR_Ru2S8_1_z025,5.0767,2.308,34,0.021024,0.428571,0.428571,0.142857,0.003,-0.009,-0.004
Ag,POSCAR_Ru2S8_1_z050,5.0261,0.253,33,0.33792,-0.428571,-0.285714,0.285714,0.735,-0.735,0
Ag,POSCAR_Ru2Si1_1_x050,9.2018,1.149,13,0.005768,-0.090909,0.090909,0,0.001,0.003,0.003
Ag,POSCAR_Ru2Si1_1_x950,10.6515,0.142,14,0.002271,0,0,0.181818,0.002,-0.002,0
Ag,POSCAR_Ru2Si1_1_x975,10.2724,0.158,15,0.001481,0,0.272727,0,0.04,-0.039,0.001
Ag,POSCAR_Ru2Si1_1_y950,10.6523,0.033,14,0.000265,0,0,0.181818,0.002,-0.002,0
Ag,POSCAR_Ru2Si1_1_y975,10.273,0.067,14,0.000528,0.090909,0.181818,0,0.005,-0.004,0
Ag,POSCAR_Ru2Si1_1_z025,9.5544,3.45,17,0.024976,-0.272727,0.272727,0,0.32,-0.315,0.005
Ag,POSCAR_Ru2Si1_1_z050,9.2044,1.954,14,0.019307,0.181818,0.181818,0,0.001,0.005,0.005
Ag,POSCAR_Ru2Si1_1_z950,10.6511,0.246,14,0.005693,0.181818,0,0,0.002,-0.001,0.001
Ag,POSCAR_Ru2Si1_1_z975,10.2737,0.146,14,0.009538,0,0.181818,0,0.022,-0.022,0
Ag,POSCAR_Ru2Sn2_3_x025,8.774,0.041,27,0.484741,0,-0.3,0.125,0.904,-0.904,0
Ag,POSCAR_Ru2Sn2_3_x050,8.476,0.11,27,0.519583,0,0.3,0.125,1.015,-1.015,0
Ag,POSCAR_Ru2Sn2_3_x950,9.6948,0.718,27,0.213915,0.3,0,0.125,0.297,-0.294,0.003
Ag,POSCAR_Ru2Sn2_3_x975,9.3432,0.06,27,0.448273,0,0.3,0.25,0.646,-0.646,0
Ag,POSCAR_Ru2Sn2_3_y025,8.7713,0.159,27,0.478463,0.3,0,0.125,0.895,-0.894,0.001
Ag,POSCAR_Ru2Sn2_3_y050,8.4761,0.062,27,0.519533,0.3,0,0.125,1.015,-1.015,0
Ag,POSCAR_Ru2Sn2_3_y950,9.6964,0.653,27,0.21474,0,-0.3,0.125,0.305,-0.302,0.003
Ag,POSCAR_Ru2Sn2_3_y975,9.3434,0.037,27,0.447558,-0.3,0,0.25,0.646,-0.646,0
Ag,POSCAR_Ru2Sn2_3_z025,8.7826,0.055,27,0.731623,-0.3,0,0.25,1.026,-1.026,0
Ag,POSCAR_Ru2Sn2_3_z050,8.7123,0.262,27,1.112079,0,-0.3,0.25,1.517,-1.517,0
Ag,POSCAR_Ru2Sn2_3_z950,9.8593,0.034,29,0.102044,-0.4,0.4,0.375,0.194,-0.194,0
Ag,POSCAR_Ru2Sn2_3_z975,9.4399,0.025,27,0.23489,-0.3,0.3,0.125,0.488,-0.488,0
Ag,POSCAR_S2Ti2_2_x025,9.6913,3.73,18,0.515329,-0.230769,-0.153846,0.285714,0.36,-0.35,0.009
Ag,POSCAR_S2Ti2_2_x050,9.4239,0.597,18,0.528627,-0.230769,-0.153846,0.285714,0.474,-0.474,0
Ag,POSCAR_S2Ti2_2_x950,10.5679,0.215,18,0.138243,0.076923,0,0.285714,0.047,-0.047,0
Ag,POSCAR_S2Ti2_2_x975,10.2544,0.322,18,0.425437,0.153846,-0.384615,0.285714,0.221,-0.22,0
Ag,POSCAR_S2Ti2_2_y025,9.6921,2.022,18,0.511494,-0.153846,-0.230769,0.285714,0.351,-0.356,-0.005
Ag,POSCAR_S2Ti2_2_y050,9.4227,0.611,18,0.526371,-0.153846,-0.230769,0.285714,0.477,-0.478,-0.001
Ag,POSCAR_S2Ti2_2_y950,10.5677,0.247,18,0.13999,0,0.076923,0.285714,0.047,-0.047,0
Ag,POSCAR_S2Ti2_2_y975,10.2538,0.348,18,0.425363,-0.384615,0.153846,0.285714,0.22,-0.22,-0.001
Ag,POSCAR_Sb2Ti2_1_x025,7.8713,0.212,16,0.344457,0,0.4,0.285714,0.772,-0.772,0
Ag,POSCAR_Sb2Ti2_1_x050,7.5268,0.19,16,0.437036,0,0.4,0.285714,0.817,-0.816,0
Ag,POSCAR_Sb2Ti2_1_x950,8.8346,0.173,15,0.266054,0,-0.3,0.285714,0.607,-0.607,0
Ag,POSCAR_Sb2Ti2_1_x975,8.5694,1.274,15,0.293917,0,-0.3,0.285714,0.646,-0.643,0.003
Ag,POSCAR_Sb2Ti2_1_y025,7.9655,0.368,16,0.30148,0.3,0,0.428571,0.744,-0.744,0
Ag,POSCAR_Sb2Ti2_1_y050,7.5629,6.014,16,0.397914,0.4,0,0.285714,0.807,-0.797,0.01
Ag,POSCAR_Sb2Ti2_1_y950,8.8182,0.196,15,0.270183,0.3,0,0.285714,0.614,-0.614,0
Ag,POSCAR_Sb2Ti2_1_y975,8.5505,0.208,15,0.297011,0.3,0,0.285714,0.654,-0.654,0
Ag,POSCAR_Sb2Ti2_1_z025,7.9784,1.921,15,0.290419,0.3,0,0.285714,0.764,-0.767,-0.003
Ag,POSCAR_Sb2Ti2_1_z050,7.7564,4.9,15,0.222081,0.3,0,0.142857,0.822,-0.82,0.002
Ag,POSCAR_Sb2Ti2_1_z950,8.8469,0.108,16,0.307408,-0.3,0,0.285714,0.531,-0.531,0
Ag,POSCAR_Sb2Ti2_1_z975,8.5786,0.213,16,0.298994,0.3,0,0.428571,0.607,-0.607,0
Ag,POSCAR_Sc2Te2_1_x025,6.9301,2.814,17,0.020155,-0.4,0.2,0.333333,0.012,-0.004,0.008
Ag,POSCAR_Sc2Te2_1_x050,6.7346,2.168,17,0.019757,0.2,0.2,0.333333,0.011,-0.005,0.006
Ag,POSCAR_Sc2Te2_1_x950,7.5416,1.218,17,0.016334,-0.2,0.4,0.333333,0.006,-0.003,0.003
Ag,POSCAR_Sc2Te2_1_x975,7.335,1.611,17,0.039029,-0.4,0.2,0.333333,0.011,-0.007,0.003
Ag,POSCAR_Sc2Te2_1_y025,6.9294,1.932,17,0.016242,-0.2,0.4,0.333333,0.01,-0.005,0.005
Ag,POSCAR_Sc2Te2_1_y050,6.7344,0.116,17,0.014685,-0.2,-0.2,0.333333,0.008,-0.007,0
Ag,POSCAR_Sc2Te2_1_y950,7.5417,1.315,17,0.016774,-0.4,0.2,0.333333,0.006,-0.003,0.003
Ag,POSCAR_Sc2Te2_1_y975,7.3351,1.208,17,0.039192,-0.2,0.4,0.333333,0.01,-0.007,0.003
Ag,POSCAR_Sc2Te2_1_z025,6.8617,0.119,17,0.021933,-0.1,0.3,0.333333,0.052,-0.052,0
Ag,POSCAR_Sc2Te2_1_z050,6.6037,0.138,17,0.00218,-0.2,-0.1,0.333333,0.004,-0.004,0
Ag,POSCAR_Se2Ti2_1_x950,8.9523,0.181,18,0.375377,0.083333,-0.25,0.333333,0.318,-0.318,0
